"STATE","ST_CASE","VEH_NO","VE_FORMS","NUMOCCS","DAY","MONTH","HOUR","MINUTE","HARM_EV","MAN_COLL","UNITTYPE","HIT_RUN","REG_STAT","OWNER","MAKE","MODEL","MAK_MOD","BODY_TYP","MOD_YEAR","VIN","VIN_1","VIN_2","VIN_3","VIN_4","VIN_5","VIN_6","VIN_7","VIN_8","VIN_9","VIN_10","VIN_11","VIN_12","TOW_VEH","J_KNIFE","MCARR_I1","MCARR_I2","MCARR_ID","GVWR","V_CONFIG","CARGO_BT","HAZ_INV","HAZ_PLAC","HAZ_ID","HAZ_CNO","HAZ_REL","BUS_USE","SPEC_USE","EMER_USE","TRAV_SP","UNDERIDE","ROLLOVER","ROLINLOC","IMPACT1","DEFORMED","TOWED","M_HARM","VEH_SC1","VEH_SC2","FIRE_EXP","DR_PRES","L_STATE","DR_ZIP","L_STATUS","L_TYPE","CDL_STAT","L_ENDORS","L_COMPL","L_RESTRI","DR_HGT","DR_WGT","PREV_ACC","PREV_SUS","PREV_DWI","PREV_SPD","PREV_OTH","FIRST_MO","FIRST_YR","LAST_MO","LAST_YR","SPEEDREL","DR_SF1","DR_SF2","DR_SF3","DR_SF4","VTRAFWAY","VNUM_LAN","VSPD_LIM","VALIGN","VPROFILE","VPAVETYP","VSURCOND","VTRAFCON","VTCONT_F","P_CRASH1","P_CRASH2","P_CRASH3","PCRASH4","PCRASH5","ACC_TYPE","TRLR1VIN","TRLR2VIN","TRLR3VIN","DEATHS","DR_DRINK"
1,10001,1,1,1,1,1,9,25,42,0,1,0,1,2,20,401,20401,14,2002,"1GNDS13S9225","1","G","N","D","S","1","3","S","9","2","2","5",0,0,0,"000000000","00000000000",0,0,0,1,0,0,0,0,0,0,0,999,0,1,6,8,6,2,1,0,0,0,1,1,35040,6,1,0,0,3,0,68,140,0,0,0,1,0,11,2012,11,2012,0,58,0,0,0,2,3,60,3,6,1,1,0,0,15,12,8,4,4,8,"777777777777","777777777777","777777777777",1,1
1,10002,1,1,2,10,1,19,59,1,0,1,0,1,1,37,31,37031,4,2008,"1HGFA15938L0","1","H","G","F","A","1","5","9","3","8","L","0",0,0,0,"000000000","00000000000",0,0,0,1,0,0,0,0,0,0,0,999,0,1,5,0,6,2,52,0,0,0,1,1,35208,0,0,0,0,0,0,62,135,0,3,2,0,1,3,2013,12,2015,9,0,0,0,0,3,3,60,1,1,2,1,0,0,1,13,1,9,4,2,"777777777777","777777777777","777777777777",1,1
1,10003,1,1,1,1,1,2,20,14,0,1,0,1,1,20,481,20481,31,2008,"2GCEC13C8811","2","G","C","E","C","1","3","C","8","8","1","1",0,0,0,"000000000","00000000000",0,0,0,1,0,0,0,0,0,0,0,70,0,0,0,12,6,2,14,0,0,0,1,1,35128,6,1,0,0,3,0,71,148,2,0,0,3,0,4,2011,9,2013,0,0,0,0,0,2,2,70,1,1,2,1,0,0,1,13,1,1,4,1,"777777777777","777777777777","777777777777",1,0
1,10004,1,1,1,17,1,21,45,25,0,1,0,1,1,20,481,20481,31,2000,"2GCEC19TXY12","2","G","C","E","C","1","9","T","X","Y","1","2",0,0,0,"000000000","00000000000",0,0,0,1,0,0,0,0,0,0,0,80,0,0,0,12,6,2,25,0,0,0,1,1,35209,6,1,0,0,3,0,72,225,0,0,0,5,0,12,2011,1,2015,0,89,0,0,0,3,3,60,3,5,2,1,0,0,14,12,99,1,4,6,"777777777777","777777777777","777777777777",1,1
1,10005,1,1,1,26,1,20,7,42,0,1,0,1,3,20,481,20481,31,1995,"1GCEC14Z2SZ2","1","G","C","E","C","1","4","Z","2","S","Z","2",0,0,0,"000000000","00000000000",0,0,0,1,0,0,0,0,0,0,0,999,0,0,0,9,6,2,42,0,0,0,1,1,35127,6,1,6,0,3,1,70,210,0,0,0,0,0,0,0,0,0,4,0,0,0,0,3,3,60,2,5,2,2,0,0,15,6,99,2,4,2,"777777777777","777777777777","777777777777",1,0
1,10006,1,1,1,1,1,1,10,42,0,1,0,1,1,49,472,49472,30,2009,"3TMJU62N19M0","3","T","M","J","U","6","2","N","1","9","M","0",0,0,0,"000000000","00000000000",0,0,0,1,0,0,0,0,0,0,0,55,0,1,5,12,6,2,42,0,0,0,1,1,36081,6,1,6,0,3,0,72,225,2,0,0,0,0,4,2012,10,2014,0,58,0,0,0,1,2,55,3,5,2,1,0,0,14,13,6,2,4,7,"777777777777","777777777777","777777777777",1,0
1,10007,1,1,1,1,1,23,34,42,0,1,0,1,2,63,34,63034,4,2010,"KNAGG4A87A54","K","N","A","G","G","4","A","8","7","A","5","4",0,0,0,"000000000","00000000000",0,0,0,1,0,0,0,0,0,0,0,999,0,0,0,12,6,2,42,0,0,0,1,1,35115,6,1,0,0,3,0,76,230,0,0,0,0,0,0,0,0,0,9,99,99,99,99,1,2,45,3,5,2,1,0,0,14,13,99,1,4,1,"777777777777","777777777777","777777777777",1,0
1,10008,1,1,1,4,1,17,30,32,0,1,0,1,1,20,4,20004,2,2005,"1G1YY24U8551","1","G","1","Y","Y","2","4","U","8","5","5","1",0,0,0,"000000000","00000000000",0,0,0,1,0,0,0,0,0,0,0,130,0,1,5,10,6,2,30,0,0,0,1,1,35620,6,1,6,0,3,0,73,235,1,0,0,0,2,6,2011,7,2013,3,8,0,0,0,1,2,55,3,6,2,1,0,0,14,13,1,3,4,2,"777777777777","777777777777","777777777777",1,1
1,10009,1,2,1,4,1,5,37,12,2,1,0,1,1,35,472,35472,30,2015,"1N6AD0CU1FN7","1","N","6","A","D","0","C","U","1","F","N","7",0,0,0,"000000000","00000000000",0,0,0,1,0,0,0,0,0,0,0,999,0,0,0,12,6,2,12,0,0,0,1,1,35612,6,1,6,0,3,1,72,175,1,0,0,0,0,2,2012,2,2012,0,89,28,0,0,1,2,55,2,1,2,1,0,0,14,10,99,1,2,51,"777777777777","777777777777","777777777777",0,0
1,10009,2,2,3,4,1,5,37,12,2,1,0,54,2,48,46,48046,3,2015,"JF1ZCAC18F86","J","F","1","Z","C","A","C","1","8","F","8","6",0,0,0,"000000000","00000000000",0,0,0,1,0,0,0,0,0,0,0,999,0,0,0,12,6,2,12,0,0,0,1,1,35640,6,1,0,0,3,0,69,150,0,0,0,2,0,1,2015,9,2015,9,0,0,0,0,1,2,55,3,1,2,1,0,0,14,62,99,1,1,50,"777777777777","777777777777","777777777777",2,0
1,10010,1,1,2,5,1,15,18,1,0,1,0,1,2,12,3,12003,2,2006,"1ZVFT82H8652","1","Z","V","F","T","8","2","H","8","6","5","2",0,0,0,"000000000","00000000000",0,0,0,1,0,0,0,0,0,0,0,75,0,1,5,0,6,2,32,0,0,0,1,1,36376,6,1,0,0,3,0,76,230,0,0,0,0,0,0,0,0,0,0,28,0,0,0,1,2,55,2,6,2,1,0,0,14,12,1,1,4,6,"777777777777","777777777777","777777777777",2,1
1,10011,1,2,1,6,1,8,4,12,2,1,0,1,1,7,482,7482,40,2015,"1C6RR6KG0FS5","1","C","6","R","R","6","K","G","0","F","S","5",0,0,0,"000000000","00000000000",0,0,0,1,0,0,0,0,0,0,0,999,0,0,0,12,6,2,12,0,0,0,1,1,35242,6,1,0,0,3,0,70,200,0,0,0,0,0,0,0,0,0,0,0,0,0,0,1,4,35,1,1,2,1,0,0,11,15,99,1,1,68,"777777777777","777777777777","777777777777",0,0
1,10011,2,2,1,6,1,8,4,12,2,1,0,1,1,37,31,37031,2,1998,"1HGEJ7121WL0","1","H","G","E","J","7","1","2","1","W","L","0",0,0,0,"000000000","00000000000",0,0,0,1,0,0,0,0,0,0,0,999,0,0,0,12,6,2,12,0,0,0,1,1,35120,6,1,0,0,3,1,71,154,0,0,0,2,0,3,2015,10,2015,3,0,0,0,0,1,4,35,1,1,2,1,0,0,6,17,16,1,1,69,"777777777777","777777777777","777777777777",1,0
1,10012,1,1,2,6,1,14,20,42,0,1,0,1,2,49,471,49471,31,1986,"JT4RN50R1G01","J","T","4","R","N","5","0","R","1","G","0","1",0,0,0,"000000000","00000000000",0,0,0,1,0,0,0,0,0,0,0,999,0,0,0,11,6,2,42,0,0,0,1,1,35581,2,1,0,0,2,0,66,125,1,1,1,0,1,4,2012,2,2013,9,28,0,0,0,1,2,45,1,5,2,1,0,0,1,12,1,1,4,6,"777777777777","777777777777","777777777777",1,0
1,10013,1,1,1,7,1,16,55,8,0,1,0,1,1,55,37,55037,2,2004,"KMHHN65F94U1","K","M","H","H","N","6","5","F","9","4","U","1",0,0,0,"000000000","00000000000",0,0,0,1,0,0,0,0,0,0,0,70,0,0,0,12,6,2,8,0,0,0,1,1,35121,6,1,0,0,3,0,68,215,1,0,0,0,0,4,2015,4,2015,0,28,0,0,0,2,2,55,1,1,2,1,0,0,1,11,1,1,4,13,"777777777777","777777777777","777777777777",0,0
1,10014,1,2,4,8,1,0,35,12,2,1,0,1,2,35,47,35047,4,2009,"1N4AL21E99N5","1","N","4","A","L","2","1","E","9","9","N","5",0,0,0,"000000000","00000000000",0,0,0,1,0,0,0,0,0,0,0,60,0,0,0,12,6,2,12,0,0,0,1,1,36605,6,1,0,0,3,0,64,180,1,0,0,0,0,10,2011,10,2011,3,28,0,0,0,5,5,60,2,1,2,1,0,0,14,10,1,1,2,50,"777777777777","777777777777","777777777777",1,1
1,10014,2,2,1,8,1,0,35,12,2,1,0,1,2,20,481,20481,31,2004,"1GCEC19T54Z1","1","G","C","E","C","1","9","T","5","4","Z","1",0,0,0,"000000000","00000000000",0,0,0,1,0,0,0,0,0,0,0,999,0,0,0,12,6,2,12,0,0,0,1,1,36618,6,1,0,0,3,0,71,180,1,1,1,1,0,2,2012,7,2014,0,0,0,0,0,5,5,40,3,1,2,1,0,0,14,62,6,1,2,51,"777777777777","777777777777","777777777777",0,0
1,10015,1,2,1,8,1,7,25,12,2,1,0,1,1,20,2,20002,4,2004,"2G1WH52K0493","2","G","1","W","H","5","2","K","0","4","9","3",0,0,0,"000000000","00000000000",0,0,0,1,0,0,0,0,0,0,0,40,0,0,0,12,6,2,12,0,0,0,1,1,36201,6,1,0,0,3,0,66,190,0,0,0,0,0,0,0,0,0,0,28,0,0,0,1,2,40,1,1,2,2,0,0,1,10,1,1,2,50,"777777777777","777777777777","777777777777",1,1
1,10015,2,2,2,8,1,7,25,12,2,1,0,1,2,37,441,37441,20,2014,"5FNRL5H6XEB0","5","F","N","R","L","5","H","6","X","E","B","0",0,0,0,"000000000","00000000000",0,0,0,1,0,0,0,0,0,0,0,40,0,0,0,12,6,2,12,0,0,0,1,1,36201,6,1,0,0,3,0,65,140,0,0,0,0,0,0,0,0,0,0,0,0,0,0,1,2,40,1,1,2,2,0,0,1,62,1,1,1,51,"777777777777","777777777777","777777777777",0,0
1,10016,1,1,1,9,1,4,30,42,0,1,0,1,2,20,481,20481,31,1990,"2GCEC19K1L12","2","G","C","E","C","1","9","K","1","L","1","2",0,0,0,"000000000","00000000000",0,0,0,1,0,0,0,0,0,0,0,55,0,0,0,12,6,2,42,0,0,0,1,1,35150,6,1,0,0,3,0,68,182,1,0,0,0,0,3,2015,3,2015,3,58,0,0,0,1,2,45,3,1,2,2,0,0,14,13,6,4,4,7,"777777777777","777777777777","777777777777",1,0
1,10017,1,1,1,11,1,19,43,34,0,1,0,1,2,20,401,20401,14,2002,"1GNCS13W92K1","1","G","N","C","S","1","3","W","9","2","K","1",0,0,0,"000000000","00000000000",0,0,0,1,0,0,0,0,0,0,0,55,0,1,5,12,6,2,1,0,0,0,1,1,35963,1,1,0,0,2,0,70,165,1,1,1,0,0,7,2011,8,2011,3,0,0,0,0,1,2,45,2,1,2,1,0,0,14,13,1,1,4,1,"777777777777","777777777777","777777777777",1,1
1,10018,1,1,1,13,1,8,0,34,0,1,0,1,2,20,37,20037,4,2015,"1G11C5SL1FF3","1","G","1","1","C","5","S","L","1","F","F","3",0,0,0,"000000000","00000000000",0,0,0,1,0,0,0,0,0,0,0,60,0,1,5,12,6,2,42,0,0,0,1,1,35768,6,1,0,0,3,0,73,200,0,0,0,1,0,5,2015,5,2015,3,0,0,0,0,1,2,40,3,1,2,1,0,0,14,13,1,1,4,1,"777777777777","777777777777","777777777777",1,0
1,10019,1,1,7,13,1,16,35,34,0,1,0,1,2,20,401,20401,14,2002,"1GNDT13S9221","1","G","N","D","T","1","3","S","9","2","2","1",0,0,0,"000000000","00000000000",0,0,0,1,0,0,0,0,0,0,0,65,0,1,5,6,6,2,42,0,0,0,1,1,35175,0,0,0,0,0,0,999,999,0,0,0,0,0,0,0,0,0,0,58,0,0,0,2,2,65,1,6,2,1,0,0,1,10,7,3,4,2,"777777777777","777777777777","777777777777",1,0
1,10020,1,2,4,10,1,1,20,12,6,1,0,1,3,7,482,7482,40,2015,"1C6RR7GT4FS5","1","C","6","R","R","7","G","T","4","F","S","5",0,0,0,"000000000","00000000000",0,0,0,1,0,0,0,0,0,0,0,70,0,0,0,12,6,2,12,0,0,0,1,1,36850,6,2,0,0,3,0,75,170,0,0,0,0,0,0,0,0,0,0,39,0,0,0,1,2,35,1,3,2,2,20,3,1,17,1,1,1,88,"777777777777","777777777777","777777777777",0,1
1,10020,2,2,4,10,1,1,20,12,6,1,0,1,1,52,401,52401,14,1997,"JA4MR41RXVJ0","J","A","4","M","R","4","1","R","X","V","J","0",0,0,0,"000000000","00000000000",0,0,0,1,0,0,0,0,0,0,0,1,0,1,5,9,6,2,12,0,0,0,1,1,36850,6,1,0,0,3,0,65,175,0,0,0,0,0,0,0,0,0,0,0,0,0,0,1,2,35,1,3,2,2,20,3,1,66,99,1,1,89,"777777777777","777777777777","777777777777",4,0
1,10021,1,2,1,13,1,7,30,12,6,1,0,1,1,7,402,7402,14,1999,"1B4HS28Z2XF6","1","B","4","H","S","2","8","Z","2","X","F","6",0,0,0,"000000000","00000000000",0,0,0,1,0,0,0,0,0,0,0,15,0,1,5,3,6,2,12,0,0,0,1,1,35650,6,1,0,0,3,1,66,157,0,0,0,0,0,0,0,0,0,0,38,0,0,0,1,2,55,1,1,2,1,20,3,1,17,99,1,1,87,"777777777777","777777777777","777777777777",1,0
1,10021,2,2,2,13,1,7,30,12,6,1,0,1,3,12,881,12881,62,1999,"1FDWR82E8RVA","1","F","D","W","R","8","2","E","8","R","V","A",0,0,57,"2186426","572186426",2,1,3,1,0,0,0,0,0,0,0,65,0,0,0,12,6,2,12,0,0,0,1,1,35674,6,1,0,0,3,0,72,300,1,0,0,0,2,6,2013,10,2015,0,0,0,0,0,2,2,65,1,6,2,1,0,0,1,66,99,1,1,86,"777777777777","777777777777","777777777777",0,0
1,10022,1,2,1,14,1,10,35,12,6,1,0,1,1,12,401,12401,14,1999,"1FMZU34E5XZB","1","F","M","Z","U","3","4","E","5","X","Z","B",0,0,0,"000000000","00000000000",0,0,0,1,0,0,0,0,0,0,0,65,0,0,0,12,6,2,12,0,0,0,1,1,35117,1,1,0,0,2,0,72,160,0,1,0,1,2,1,2011,2,2014,0,39,37,0,0,1,3,25,1,1,2,1,3,3,1,17,1,1,1,86,"777777777777","777777777777","777777777777",1,0
1,10022,2,2,1,14,1,10,35,12,6,1,0,1,3,98,881,98881,63,2007,"2FZHAWDJ57AY","2","F","Z","H","A","W","D","J","5","7","A","Y",0,0,57,"433949","57433949",3,2,3,1,0,0,0,0,0,0,0,30,0,0,0,1,6,2,12,0,0,0,1,1,35173,6,1,6,0,3,0,72,250,1,0,0,0,0,4,2014,4,2014,0,89,0,0,0,1,2,35,1,1,2,1,3,3,1,66,99,1,1,87,"777777777777","777777777777","777777777777",0,0
1,10023,1,1,2,14,1,4,35,34,0,1,0,92,0,20,2,20002,4,2008,"2G1WB58K3811","2","G","1","W","B","5","8","K","3","8","1","1",0,0,0,"000000000","00000000000",0,0,0,1,0,0,0,0,0,0,0,70,0,0,0,1,6,2,2,0,0,1,1,1,35611,2,7,0,0,2,1,73,250,0,1,0,0,0,3,2013,3,2013,3,0,0,0,0,1,2,55,1,1,2,1,0,0,1,13,99,1,4,1,"777777777777","777777777777","777777777777",2,0
1,10024,1,1,3,14,1,13,45,8,0,1,0,1,1,37,32,37032,2,1998,"1HGCG2250WA0","1","H","G","C","G","2","2","5","0","W","A","0",0,0,0,"000000000","00000000000",0,0,0,1,0,0,0,0,0,0,0,999,0,0,0,12,6,2,8,0,0,0,1,1,36701,6,1,0,0,3,1,61,140,1,0,0,0,0,9,2013,9,2013,3,0,0,0,0,1,2,15,1,6,2,1,0,0,1,3,99,9,4,2,"777777777777","777777777777","777777777777",0,0
1,10025,1,2,1,15,1,21,45,12,6,1,0,1,1,49,471,49471,31,1983,"JT4RN44S0D11","J","T","4","R","N","4","4","S","0","D","1","1",0,0,0,"000000000","00000000000",0,0,0,1,0,0,0,0,0,0,0,5,0,0,0,10,6,2,12,0,0,0,1,1,36265,6,1,0,0,3,1,69,190,0,0,0,0,0,0,0,0,0,0,89,38,0,0,1,2,45,1,1,2,2,20,3,1,17,1,1,1,89,"777777777777","777777777777","777777777777",1,1
1,10025,2,2,3,15,1,21,45,12,6,1,0,1,1,12,481,12481,31,1994,"1FTEF14Y4RNA","1","F","T","E","F","1","4","Y","4","R","N","A",0,0,0,"000000000","00000000000",0,0,0,1,0,0,0,0,0,0,0,65,7,0,0,12,6,2,12,0,0,0,1,1,36277,6,1,0,0,3,0,63,90,0,0,0,0,1,9,2015,9,2015,0,0,0,0,0,2,3,65,1,1,2,2,0,0,1,66,99,1,1,88,"777777777777","777777777777","777777777777",0,0
1,10026,1,3,2,15,1,12,43,1,0,1,0,1,1,52,46,52046,4,2009,"JA3AU86W59U0","J","A","3","A","U","8","6","W","5","9","U","0",0,0,0,"000000000","00000000000",0,0,0,1,0,0,0,0,0,0,0,999,0,1,3,0,6,2,12,0,0,0,1,1,35758,6,1,0,0,3,1,69,162,0,0,0,0,0,0,0,0,0,0,89,85,0,0,2,2,65,1,1,2,2,0,0,1,61,6,1,4,8,"777777777777","777777777777","777777777777",1,0
1,10026,2,3,2,15,1,12,43,1,0,1,0,1,2,37,402,37402,14,2014,"2HKRM3H38EH5","2","H","K","R","M","3","H","3","8","E","H","5",0,0,0,"000000000","00000000000",0,0,0,1,0,0,0,0,0,0,0,999,0,0,0,12,6,2,12,0,0,0,1,1,35763,6,1,0,0,3,1,70,200,0,0,0,0,0,0,0,0,0,0,0,0,0,0,2,2,65,1,1,2,2,0,0,1,62,99,1,1,98,"777777777777","777777777777","777777777777",0,0
1,10026,3,3,1,15,1,12,43,1,0,1,0,1,2,63,37,63037,6,2012,"KNDJT2A52C73","K","N","D","J","T","2","A","5","2","C","7","3",0,0,0,"000000000","00000000000",0,0,0,1,0,0,0,0,0,0,0,999,0,0,0,12,6,2,12,0,0,0,1,1,35810,6,1,0,0,3,0,74,210,0,0,0,1,0,3,2015,3,2015,0,89,0,0,0,2,2,65,1,1,2,2,0,0,1,62,99,1,1,98,"777777777777","777777777777","777777777777",0,0
1,10027,1,1,1,15,1,20,9,42,0,1,0,1,2,58,33,58033,4,1999,"JNKCP11A5XT0","J","N","K","C","P","1","1","A","5","X","T","0",0,0,0,"000000000","00000000000",0,0,0,1,0,0,0,0,0,0,0,70,0,0,0,12,6,2,42,0,0,0,1,1,36605,0,0,0,0,0,0,71,170,0,0,0,0,0,0,0,0,0,0,8,28,0,0,1,2,35,1,1,2,1,0,0,1,9,99,4,4,7,"777777777777","777777777777","777777777777",1,1
1,10028,1,1,2,15,1,14,35,42,0,1,0,1,1,22,18,22018,4,2001,"1G2NF52TX1M6","1","G","2","N","F","5","2","T","X","1","M","6",0,0,0,"000000000","00000000000",0,0,0,1,0,0,0,0,0,0,0,90,0,0,0,12,6,2,2,0,0,1,1,1,35121,6,1,0,0,3,0,69,150,1,0,0,0,2,7,2013,7,2014,4,0,0,0,0,1,2,55,3,1,2,2,0,0,14,6,99,1,4,1,"777777777777","777777777777","777777777777",2,0
1,10029,1,2,1,14,1,11,54,12,2,1,0,1,2,35,47,35047,4,2012,"1N4AL2AP2CN4","1","N","4","A","L","2","A","P","2","C","N","4",0,0,0,"000000000","00000000000",0,0,0,1,0,0,0,0,0,0,0,65,0,0,0,12,6,2,12,0,0,0,1,1,35150,6,1,6,0,3,0,72,195,2,1,0,2,3,10,2011,2,2015,3,28,0,0,0,1,2,55,2,5,2,1,0,0,14,10,1,1,2,50,"777777777777","777777777777","777777777777",1,0
1,10029,2,2,1,14,1,11,54,12,2,1,0,1,2,87,881,87881,66,1989,"1XP5DB9X8KN2","1","X","P","5","D","B","9","X","8","K","N","2",1,1,57,"2119724","572119724",3,6,10,1,0,0,0,0,0,0,0,55,0,0,0,12,6,2,12,0,0,0,1,1,36266,6,1,6,0,3,1,68,253,0,0,0,1,3,5,2013,4,2015,0,0,0,0,0,1,2,55,3,6,2,1,0,0,14,62,1,1,1,51,"888888888888","777777777777","777777777777",0,0
1,10030,1,1,3,10,1,4,23,42,0,1,0,1,2,20,2,20002,4,2008,"2G1WB58K1812","2","G","1","W","B","5","8","K","1","8","1","2",0,0,0,"000000000","00000000000",0,0,0,1,0,0,0,0,0,0,0,100,0,0,0,4,6,2,42,0,0,0,1,1,35661,6,1,0,0,3,0,69,212,1,0,0,2,0,5,2013,7,2015,3,0,0,0,0,1,4,35,3,1,2,1,0,0,14,13,99,4,4,2,"777777777777","777777777777","777777777777",1,0
1,10031,1,3,2,21,1,14,24,12,8,1,0,1,1,20,499,20499,39,2003,"1GCEK14V03Z2","1","G","C","E","K","1","4","V","0","3","Z","2",0,0,0,"000000000","00000000000",0,0,0,1,0,0,0,0,0,0,0,999,0,0,0,10,6,2,12,0,0,0,1,1,36067,6,1,0,0,3,2,70,224,0,1,0,0,1,2,2011,6,2012,0,28,74,0,0,5,5,55,1,1,2,2,0,0,1,10,1,1,2,64,"777777777777","777777777777","777777777777",0,0
1,10031,2,3,1,21,1,14,24,12,8,1,0,1,2,7,482,7482,40,2013,"1C6RR6KT8DS7","1","C","6","R","R","6","K","T","8","D","S","7",0,0,0,"000000000","00000000000",0,0,0,1,0,0,0,0,0,0,0,50,0,0,0,10,2,5,12,0,0,0,1,1,36054,6,1,6,0,3,2,74,312,3,0,0,0,2,1,2012,5,2015,0,74,0,0,0,5,5,55,1,1,2,2,0,0,1,62,99,1,1,65,"777777777777","777777777777","777777777777",0,0
1,10031,3,3,1,21,1,14,24,12,8,1,0,1,2,63,34,63034,4,2015,"5XXGM4A79FG4","5","X","X","G","M","4","A","7","9","F","G","4",0,0,0,"000000000","00000000000",0,0,0,1,0,0,0,0,0,0,0,999,0,0,0,12,6,2,12,0,0,0,1,1,36022,6,1,0,0,3,0,66,210,0,0,0,0,0,0,0,0,0,0,0,0,0,0,5,5,55,1,1,2,2,0,0,1,62,99,1,1,98,"777777777777","777777777777","777777777777",1,0
1,10032,1,2,3,21,1,7,30,12,2,1,0,1,2,23,422,23422,15,2015,"1GKS1HKC8FR1","1","G","K","S","1","H","K","C","8","F","R","1",0,0,0,"000000000","00000000000",0,0,0,1,0,0,0,0,0,0,0,999,0,0,0,12,6,2,12,0,0,0,1,1,35243,6,1,0,0,3,1,63,115,0,0,0,1,1,5,2011,3,2012,9,89,51,0,0,1,2,45,1,5,2,2,0,0,1,54,99,1,1,52,"777777777777","777777777777","777777777777",0,0
1,10032,2,2,1,21,1,7,30,12,2,1,0,1,1,12,481,12481,31,2001,"1FTZX17201NB","1","F","T","Z","X","1","7","2","0","1","N","B",0,0,0,"000000000","00000000000",0,0,0,1,0,0,0,0,0,0,0,999,0,0,0,12,6,2,12,0,0,0,1,1,35151,6,1,6,0,3,1,68,200,0,0,0,0,0,0,0,0,0,0,0,0,0,0,1,2,45,1,1,2,2,0,0,1,54,16,1,1,52,"777777777777","777777777777","777777777777",1,0
1,10033,1,2,1,21,1,7,48,12,2,1,0,1,1,37,32,37032,4,2010,"1HGCP3F88AA0","1","H","G","C","P","3","F","8","8","A","A","0",0,0,0,"000000000","00000000000",0,0,0,1,0,0,0,0,0,0,0,999,0,0,0,12,4,3,12,0,0,0,1,1,36117,6,1,0,0,3,0,72,217,0,0,0,1,0,4,2014,4,2014,9,38,0,0,0,1,3,45,1,1,2,2,3,3,11,15,1,1,1,82,"777777777777","777777777777","777777777777",0,0
1,10033,2,2,2,21,1,7,48,12,2,1,0,1,1,24,1,24001,4,1992,"1G8ZK5476NZ1","1","G","8","Z","K","5","4","7","6","N","Z","1",0,0,0,"000000000","00000000000",0,0,0,1,0,0,0,0,0,0,0,999,0,0,0,12,4,3,12,0,0,0,1,1,36117,6,1,0,0,3,1,70,160,0,0,0,0,0,0,0,0,0,9,89,0,0,0,2,5,45,1,1,2,2,3,3,1,67,1,1,1,83,"777777777777","777777777777","777777777777",1,0
1,10034,1,2,1,22,1,16,40,12,6,1,0,47,1,20,2,20002,4,2005,"2G1WF52E9591","2","G","1","W","F","5","2","E","9","5","9","1",0,0,0,"000000000","00000000000",0,0,0,1,0,0,0,0,0,0,0,45,0,0,0,3,6,2,12,0,0,0,1,47,38478,6,1,0,0,3,0,69,240,0,0,0,2,0,3,2012,12,2013,4,28,0,0,0,1,2,55,1,1,2,4,0,0,1,5,99,4,2,64,"777777777777","777777777777","777777777777",1,0
1,10034,2,2,3,22,1,16,40,12,6,1,0,1,1,23,421,23421,15,2008,"3GTEK13388G2","3","G","T","E","K","1","3","3","8","8","G","2",0,0,0,"000000000","00000000000",0,0,0,1,0,0,0,0,0,0,0,40,0,0,0,12,6,2,12,0,0,0,1,1,35739,6,1,0,0,3,0,75,210,0,0,0,0,0,0,0,0,0,0,0,0,0,0,1,2,55,1,1,2,4,0,0,1,62,99,1,1,65,"777777777777","777777777777","777777777777",0,0
1,10035,1,2,2,22,1,14,44,12,6,1,0,12,1,18,421,18421,15,2015,"5GAKVBKD8FJ1","5","G","A","K","V","B","K","D","8","F","J","1",0,0,0,"000000000","00000000000",0,0,0,1,0,0,0,0,0,0,0,25,0,0,0,3,6,2,12,0,0,0,1,12,32507,6,1,0,0,3,0,72,999,0,0,0,0,0,0,0,0,0,0,38,0,0,0,5,5,45,1,1,2,1,0,0,11,15,1,1,1,68,"777777777777","777777777777","777777777777",0,0
1,10035,2,2,1,22,1,14,44,12,6,1,0,1,1,37,705,37705,80,2008,"JH2RC50038M4","J","H","2","R","C","5","0","0","3","8","M","4",0,0,0,"000000000","00000000000",0,0,0,1,0,0,0,0,0,0,0,999,0,0,0,12,6,2,12,0,0,0,1,1,36561,6,1,0,0,3,0,66,110,2,0,0,4,2,7,2012,2,2015,3,89,0,0,0,5,5,45,1,1,2,1,0,0,1,62,1,1,1,69,"777777777777","777777777777","777777777777",1,0
1,10036,1,1,1,23,1,18,54,8,0,1,0,1,1,49,40,49040,4,2003,"4T1BE32K43U6","4","T","1","B","E","3","2","K","4","3","U","6",0,0,0,"000000000","00000000000",0,0,0,1,0,0,0,0,0,0,0,50,0,0,0,12,2,3,8,0,0,0,1,1,35405,6,1,0,0,3,0,72,250,0,0,0,0,0,0,0,0,0,0,0,0,0,0,2,2,45,1,6,2,1,0,0,1,80,1,1,1,13,"777777777777","777777777777","777777777777",0,0
1,10037,1,1,1,25,1,13,30,1,0,1,0,1,3,84,884,84884,64,1999,"1HTSDAAN9XH6","1","H","T","S","D","A","A","N","9","X","H","6",0,0,57,"352499","57352499",3,1,2,2,2,1203,3,2,0,0,0,55,0,1,5,0,6,2,1,0,0,0,1,1,36037,6,1,6,1,3,1,71,300,2,0,0,0,0,6,2011,7,2015,9,28,0,0,0,1,2,55,1,1,2,1,0,0,1,12,1,1,4,6,"777777777777","777777777777","777777777777",1,0
1,10038,1,2,1,26,1,12,15,12,2,1,0,1,3,7,24,7024,4,2010,"2B3CA3CV3AH1","2","B","3","C","A","3","C","V","3","A","H","1",0,0,0,"000000000","00000000000",0,0,0,1,0,0,0,0,0,0,0,70,0,0,0,12,6,2,12,0,0,0,1,1,36701,6,1,0,0,3,0,76,190,0,0,0,0,1,1,2014,1,2014,0,8,28,0,0,1,2,55,2,6,2,1,0,0,14,10,1,1,2,50,"777777777777","777777777777","777777777777",1,0