"STATE","ST_CASE","VEH_NO","VE_FORMS","NUMOCCS","DAY","MONTH","HOUR","MINUTE","HARM_EV","MAN_COLL","UNITTYPE","HIT_RUN","REG_STAT","OWNER","MAKE","MODEL","MAK_MOD","BODY_TYP","MOD_YEAR","VIN","VIN_1","VIN_2","VIN_3","VIN_4","VIN_5","VIN_6","VIN_7","VIN_8","VIN_9","VIN_10","VIN_11","VIN_12","TOW_VEH","J_KNIFE","MCARR_I1","MCARR_I2","MCARR_ID","GVWR","V_CONFIG","CARGO_BT","HAZ_INV","HAZ_PLAC","HAZ_ID","HAZ_CNO","HAZ_REL","BUS_USE","SPEC_USE","EMER_USE","TRAV_SP","UNDERIDE","ROLLOVER","ROLINLOC","IMPACT1","DEFORMED","TOWED","M_HARM","VEH_SC1","VEH_SC2","FIRE_EXP","DR_PRES","L_STATE","DR_ZIP","L_STATUS","L_TYPE","CDL_STAT","L_ENDORS","L_COMPL","L_RESTRI","DR_HGT","DR_WGT","PREV_ACC","PREV_SUS","PREV_DWI","PREV_SPD","PREV_OTH","FIRST_MO","FIRST_YR","LAST_MO","LAST_YR","SPEEDREL","DR_SF1","DR_SF2","DR_SF3","DR_SF4","VTRAFWAY","VNUM_LAN","VSPD_LIM","VALIGN","VPROFILE","VPAVETYP","VSURCOND","VTRAFCON","VTCONT_F","P_CRASH1","P_CRASH2","P_CRASH3","PCRASH4","PCRASH5","ACC_TYPE","TRLR1VIN","TRLR2VIN","TRLR3VIN","DEATHS","DR_DRINK"
1,10071,1,1,1,20,2,2,10,25,0,1,0,1,1,20,481,20481,31,2003,"1GNEC13Z63J2","1","G","N","E","C","1","3","Z","6","3","J","2",0,0,0,"000000000","00000000000",0,0,0,1,0,0,0,0,0,0,0,100,0,1,5,11,6,2,1,0,0,0,1,1,36110,6,1,0,0,3,0,68,160,0,1,0,0,0,6,2011,6,2011,0,89,8,0,0,3,3,70,1,6,2,1,0,0,1,12,16,2,4,7,"777777777777","777777777777","777777777777",1,1
1,10072,1,1,5,3,3,10,10,1,0,1,0,1,2,49,40,49040,4,2007,"JTNBE46K5730","J","T","N","B","E","4","6","K","5","7","3","0",0,0,0,"000000000","00000000000",0,0,0,1,0,0,0,0,0,0,0,85,0,1,3,0,6,2,1,0,0,0,1,1,36107,6,7,0,0,3,1,69,150,0,0,0,0,0,0,0,0,0,3,58,0,0,0,2,2,70,1,6,2,2,0,0,1,12,7,4,4,7,"777777777777","777777777777","777777777777",1,0
1,10073,1,1,1,26,2,22,25,8,0,1,0,17,4,30,40,30040,4,2015,"3VWD17AJ8FM2","3","V","W","D","1","7","A","J","8","F","M","2",0,0,0,"000000000","00000000000",0,0,0,1,0,0,0,0,0,0,0,70,0,0,0,12,6,2,8,0,0,0,1,47,37130,6,1,0,0,3,0,71,210,0,0,0,1,0,7,2013,7,2013,0,0,0,0,0,2,2,70,1,1,2,1,0,0,1,80,1,1,1,13,"777777777777","777777777777","777777777777",0,0
1,10074,1,1,1,10,3,16,8,34,0,1,0,37,2,23,481,23481,31,1995,"1GKFK16K3SJ7","1","G","K","F","K","1","6","K","3","S","J","7",0,0,0,"000000000","00000000000",0,0,0,1,0,0,0,0,0,0,0,75,0,1,3,12,6,2,1,0,0,0,1,37,28025,6,1,0,0,3,0,74,999,1,0,0,0,0,2,2016,2,2016,0,0,0,0,0,2,2,55,1,5,2,1,0,0,1,12,99,4,4,7,"777777777777","777777777777","777777777777",1,0
1,10075,1,1,4,17,2,7,40,42,0,1,0,1,2,18,2,18002,4,1999,"1G4HP52K0XH4","1","G","4","H","P","5","2","K","0","X","H","4",0,0,0,"000000000","00000000000",0,0,0,1,0,0,0,0,0,0,0,60,0,0,0,9,6,2,42,0,0,0,1,1,35746,6,1,0,0,3,0,67,150,2,0,0,0,0,11,2012,10,2015,3,58,0,0,0,1,2,45,3,6,2,2,0,0,14,13,6,1,4,6,"777777777777","777777777777","777777777777",1,0
1,10076,1,3,1,11,3,23,55,12,1,1,0,1,2,54,421,54421,15,2002,"2HNYD18692H5","2","H","N","Y","D","1","8","6","9","2","H","5",0,0,0,"000000000","00000000000",0,0,0,1,0,0,0,0,0,0,0,999,0,0,0,12,6,2,12,0,0,0,1,1,35226,6,1,0,0,3,0,68,140,1,0,0,1,0,6,2014,8,2015,3,26,0,0,0,3,3,70,1,1,1,1,0,0,1,51,1,1,1,24,"777777777777","777777777777","777777777777",0,0
1,10076,2,3,1,11,3,23,55,12,1,1,0,1,1,35,32,35032,3,1993,"JN1MS36P5PW3","J","N","1","M","S","3","6","P","5","P","W","3",0,0,0,"000000000","00000000000",0,0,0,1,0,0,0,0,0,0,0,999,0,0,0,6,6,2,12,0,0,0,1,1,35125,6,1,0,0,3,0,78,205,1,0,0,1,1,5,2011,3,2012,9,0,0,0,0,3,3,70,1,1,1,1,0,0,1,53,1,1,1,25,"777777777777","777777777777","777777777777",1,0
1,10076,3,3,2,11,3,23,55,12,1,1,0,1,2,20,421,20421,15,2004,"1GNEK13Z24R2","1","G","N","E","K","1","3","Z","2","4","R","2",0,0,0,"000000000","00000000000",0,0,0,1,0,0,0,0,0,0,0,999,0,0,0,12,6,2,12,0,0,0,1,1,35242,6,1,0,0,3,0,77,210,0,0,0,0,0,0,0,0,0,0,0,0,0,0,3,3,70,1,1,1,1,0,0,1,50,1,1,1,98,"777777777777","777777777777","777777777777",0,0
1,10077,1,2,1,16,2,22,15,12,2,1,0,1,2,20,481,20481,31,2011,"1GCRKSE36BZ1","1","G","C","R","K","S","E","3","6","B","Z","1",0,0,0,"000000000","00000000000",0,0,0,1,0,0,0,0,0,0,0,999,0,0,0,12,6,2,12,0,0,0,1,1,36456,6,1,0,0,3,0,71,270,3,0,0,2,0,6,2013,11,2014,0,28,0,0,0,1,4,65,3,5,2,1,0,0,14,10,99,1,2,50,"777777777777","777777777777","777777777777",0,0
1,10077,2,2,2,16,2,22,15,12,2,1,0,12,1,42,48,42048,2,2014,"WDDKJ5KB1EF2","W","D","D","K","J","5","K","B","1","E","F","2",0,0,0,"000000000","00000000000",0,0,0,1,0,0,0,0,0,0,0,999,0,0,0,12,6,2,12,0,0,0,1,12,32578,6,1,0,0,3,0,69,999,0,0,0,0,0,0,0,0,0,0,0,0,0,0,1,4,65,1,1,2,1,0,0,1,62,99,1,1,51,"777777777777","777777777777","777777777777",2,0
1,10078,1,1,1,17,2,4,25,34,0,1,0,1,2,69,54,69054,3,2005,"WMWRC33505TK","W","M","W","R","C","3","3","5","0","5","T","K",0,0,0,"000000000","00000000000",0,0,0,1,0,0,0,0,0,0,0,999,0,1,3,12,6,2,1,0,0,0,1,1,36558,6,1,0,0,3,0,68,120,0,0,0,0,0,0,0,0,0,9,0,0,0,0,2,2,55,1,6,2,1,0,0,1,12,99,1,4,6,"777777777777","777777777777","777777777777",1,0
1,10079,1,1,1,17,2,23,0,53,0,1,0,13,2,73,705,73705,80,2006,"JKBZXJC126A0","J","K","B","Z","X","J","C","1","2","6","A","0",0,0,0,"000000000","00000000000",0,0,0,1,0,0,0,0,0,0,0,110,0,0,0,12,6,2,35,0,0,0,1,1,36330,1,1,0,0,2,0,71,200,3,0,0,3,0,12,2012,5,2015,3,0,0,0,0,1,2,45,3,1,2,1,0,0,14,13,1,1,4,1,"777777777777","777777777777","777777777777",1,1
1,10080,1,1,2,18,2,21,20,33,0,1,0,92,0,20,2,20002,4,2014,"2G1WA5E37E11","2","G","1","W","A","5","E","3","7","E","1","1",0,0,0,"000000000","00000000000",0,0,0,1,0,0,0,0,0,0,0,95,0,0,0,12,6,2,42,0,0,0,1,1,35221,1,1,0,0,2,0,65,233,0,0,0,0,3,3,2011,8,2011,3,0,0,0,0,1,4,40,3,1,2,1,0,0,14,13,1,1,4,1,"777777777777","777777777777","777777777777",2,0
1,10081,1,2,3,18,2,11,39,12,6,1,0,1,1,13,402,13402,14,2015,"5LMCJ1A99FUJ","5","L","M","C","J","1","A","9","9","F","U","J",0,0,0,"000000000","00000000000",0,0,0,1,0,0,0,0,0,0,0,5,0,0,0,9,6,2,12,0,0,0,1,1,35802,6,1,0,0,3,1,71,152,1,0,0,0,0,11,2014,11,2014,0,38,0,0,0,1,2,55,2,1,2,1,20,3,11,15,1,1,1,82,"777777777777","777777777777","777777777777",3,0
1,10081,2,2,1,18,2,11,39,12,6,1,0,1,3,87,884,87884,66,2000,"1XP5DB9X3YD5","1","X","P","5","D","B","9","X","3","Y","D","5",1,1,57,"1515797","571515797",3,6,4,1,0,0,0,0,0,0,0,55,0,1,1,12,6,2,12,0,0,0,1,1,35976,6,1,6,0,3,0,70,180,1,0,0,0,2,9,2013,4,2014,0,0,0,0,0,1,2,60,1,5,2,1,0,0,1,67,98,1,1,83,"888888888888","777777777777","777777777777",0,0
1,10082,1,2,2,20,2,3,45,12,2,1,0,1,2,55,33,55033,4,2011,"5NPEB4ACXBH2","5","N","P","E","B","4","A","C","X","B","H","2",0,0,0,"000000000","00000000000",0,0,0,1,0,0,0,0,0,0,0,70,0,0,0,12,6,2,12,0,0,0,1,1,36323,6,1,0,0,3,1,67,125,1,0,0,5,0,10,2013,11,2015,0,28,0,0,0,1,2,55,1,1,2,1,0,0,1,10,99,1,2,50,"777777777777","777777777777","777777777777",1,1
1,10082,2,2,5,20,2,3,45,12,2,1,0,1,1,59,31,59031,4,1998,"JT8BF28G3W50","J","T","8","B","F","2","8","G","3","W","5","0",0,0,0,"000000000","00000000000",0,0,0,1,0,0,0,0,0,0,0,50,0,0,0,12,6,2,12,0,0,0,1,1,36081,6,7,0,0,3,1,68,114,0,0,0,0,0,0,0,0,0,0,0,0,0,0,1,2,55,1,1,2,1,0,0,1,62,99,1,1,51,"777777777777","777777777777","777777777777",1,0
1,10083,1,1,1,20,2,20,48,8,0,1,0,1,1,7,472,7472,40,2007,"1D7HW22K57S1","1","D","7","H","W","2","2","K","5","7","S","1",0,0,0,"000000000","00000000000",0,0,0,1,0,0,0,0,0,0,0,998,0,0,0,98,0,5,8,0,0,0,1,1,36535,6,1,0,0,3,0,73,198,0,0,0,0,2,1,2012,3,2014,0,89,0,0,0,5,5,98,1,1,2,1,0,0,1,80,1,1,1,13,"777777777777","777777777777","777777777777",0,0
1,10084,1,1,1,20,2,16,40,34,0,1,0,1,1,73,709,73709,80,1976,"Z1F5095994","Z","1","F","5","0","9","5","9","9","4","","",0,0,0,"000000000","00000000000",0,0,0,1,0,0,0,0,0,0,0,65,0,0,0,12,6,2,1,0,0,0,1,1,35674,6,1,0,0,3,0,66,150,1,0,0,1,0,10,2012,6,2013,3,89,0,0,0,1,2,45,1,5,2,1,0,0,1,13,1,1,4,1,"777777777777","777777777777","777777777777",1,0
1,10085,1,1,1,21,2,18,33,8,0,1,0,1,1,12,481,12481,31,2011,"1FTFW1EF8BFD","1","F","T","F","W","1","E","F","8","B","F","D",0,0,0,"000000000","00000000000",0,0,0,1,0,0,0,0,0,0,0,999,0,0,0,12,4,3,8,0,0,0,1,1,35633,6,1,0,0,3,0,67,240,0,0,0,2,0,10,2012,10,2014,0,0,0,0,0,5,5,45,1,1,2,2,0,0,1,80,1,1,1,13,"777777777777","777777777777","777777777777",0,0
1,10086,1,3,2,22,2,19,42,12,6,1,0,1,2,34,34,34034,4,1992,"WBACB431XNFF","W","B","A","C","B","4","3","1","X","N","F","F",0,0,0,"000000000","00000000000",0,0,0,1,0,0,0,0,0,0,0,15,0,0,0,8,6,2,12,0,0,0,1,1,36105,0,0,0,0,0,0,65,140,0,0,0,0,0,0,0,0,0,0,39,0,0,0,1,3,55,1,1,2,2,20,3,1,17,1,1,1,89,"777777777777","777777777777","777777777777",2,0
1,10086,2,3,1,22,2,19,42,12,6,1,0,1,3,84,884,84884,64,1997,"1HTSCABM9VH4","1","H","T","S","C","A","B","M","9","V","H","4",5,1,57,"1768092","571768092",2,2,12,1,0,0,0,0,0,0,0,50,0,0,0,12,6,2,12,0,0,0,1,1,36078,6,1,6,0,3,0,67,180,0,0,0,0,0,0,0,0,0,0,0,0,0,0,1,3,55,1,6,2,2,0,0,1,66,15,1,1,88,"777777777777","777777777777","777777777777",0,0
1,10086,3,3,1,22,2,19,42,12,6,1,0,1,1,7,482,7482,40,2016,"3C6JR6AG6GG1","3","C","6","J","R","6","A","G","6","G","G","1",0,0,0,"000000000","00000000000",0,0,0,1,0,0,0,0,0,0,0,55,0,0,0,12,6,2,12,0,0,0,1,1,36866,6,1,0,0,3,0,69,227,2,0,0,0,0,3,2011,8,2015,4,0,0,0,0,1,3,55,1,6,2,2,0,0,1,66,1,1,1,98,"777777777777","777777777777","777777777777",0,0
1,10087,1,1,1,22,2,15,40,42,0,1,0,1,2,35,47,35047,4,2005,"AL05AN002000","A","L","0","5","A","N","0","0","2","0","0","0",0,0,0,"000000000","00000000000",0,0,0,1,0,0,0,0,0,0,0,999,0,0,0,2,6,2,42,0,0,0,1,1,35490,6,1,0,0,3,0,60,150,0,0,0,0,0,0,0,0,0,0,0,0,0,0,1,2,45,3,3,2,2,0,0,14,12,1,4,4,7,"777777777777","777777777777","777777777777",1,0
1,10088,1,2,1,23,2,11,47,12,6,1,0,1,1,37,31,37031,4,2002,"1HGEM22972L0","1","H","G","E","M","2","2","9","7","2","L","0",0,0,0,"000000000","00000000000",0,0,0,1,0,0,0,0,0,0,0,999,0,0,0,9,6,2,12,0,0,0,1,1,35210,0,0,0,0,0,0,64,190,0,0,0,0,0,0,0,0,0,0,38,0,0,0,1,2,55,1,6,2,1,20,3,1,17,1,1,1,89,"777777777777","777777777777","777777777777",1,0
1,10088,2,2,1,23,2,11,47,12,6,1,0,1,1,12,481,12481,31,2016,"1FT8W3BT8GEA","1","F","T","8","W","3","B","T","8","G","E","A",0,0,0,"000000000","00000000000",0,0,0,1,0,0,0,0,0,0,0,55,0,0,0,12,4,3,12,0,0,0,1,1,35452,6,1,0,0,3,0,74,270,1,0,0,0,0,7,2013,7,2013,0,0,0,0,0,2,4,55,1,6,2,1,0,0,1,66,1,1,1,88,"777777777777","777777777777","777777777777",0,0
1,10089,1,1,1,23,2,13,31,42,0,1,0,1,1,12,471,12471,30,2002,"1FTZR45E22PB","1","F","T","Z","R","4","5","E","2","2","P","B",0,0,0,"000000000","00000000000",0,0,0,1,0,0,0,0,0,0,0,60,0,0,0,9,6,2,42,0,0,0,1,1,35178,6,1,0,0,3,1,70,160,0,0,0,0,0,0,0,0,0,4,0,0,0,0,1,2,55,3,5,2,2,0,0,14,13,1,1,4,1,"777777777777","777777777777","777777777777",1,0
1,10090,1,1,1,24,2,20,12,30,0,1,0,1,2,6,441,6441,20,2001,"2C4GP74L71R3","2","C","4","G","P","7","4","L","7","1","R","3",0,0,0,"000000000","00000000000",0,0,0,1,0,0,0,0,0,0,0,95,0,1,5,3,6,2,30,0,0,0,1,1,35983,6,1,0,0,3,0,66,111,0,0,0,1,1,2,2015,5,2015,3,0,0,0,0,2,2,65,1,1,2,2,0,0,1,6,1,4,4,2,"777777777777","777777777777","777777777777",1,0
1,10091,1,1,1,25,2,0,30,8,0,1,0,1,1,20,404,20404,14,2012,"2GNALBEKXC12","2","G","N","A","L","B","E","K","X","C","1","2",0,0,0,"000000000","00000000000",0,0,0,1,0,0,0,0,0,0,0,55,0,0,0,12,6,2,8,0,0,0,1,1,36301,6,1,0,0,3,0,64,190,0,0,0,0,0,0,0,0,0,0,0,0,0,0,2,2,55,1,1,2,1,0,0,1,80,1,1,1,13,"777777777777","777777777777","777777777777",0,0
1,10092,1,1,1,25,2,3,55,53,0,1,0,1,1,38,402,38402,14,1993,"4S2CG58V8P43","4","S","2","C","G","5","8","V","8","P","4","3",0,0,0,"000000000","00000000000",0,0,0,1,0,0,0,0,0,0,0,999,0,0,0,12,6,2,42,0,0,0,1,1,36576,6,1,0,0,3,0,68,185,0,0,0,0,0,0,0,0,0,9,89,0,0,0,2,2,55,1,1,2,1,0,0,1,13,99,1,4,1,"777777777777","777777777777","777777777777",1,0
1,10093,1,2,2,25,2,6,40,12,2,1,0,1,2,37,31,37031,4,2004,"2HGES16514H5","2","H","G","E","S","1","6","5","1","4","H","5",0,0,0,"000000000","00000000000",0,0,0,1,0,0,0,0,0,0,0,999,0,0,0,12,6,2,12,0,0,0,1,13,31903,6,1,0,0,3,0,65,155,98,0,0,0,0,0,0,0,0,0,58,28,0,0,1,2,55,3,6,2,1,0,0,14,13,6,2,2,50,"777777777777","777777777777","777777777777",1,0
1,10093,2,2,1,25,2,6,40,12,2,1,0,1,2,20,482,20482,31,2005,"3GNEC12Z35G1","3","G","N","E","C","1","2","Z","3","5","G","1",0,0,0,"000000000","00000000000",0,0,0,1,0,0,0,0,0,0,0,55,0,0,0,12,6,2,12,0,0,0,1,13,36804,1,1,0,0,2,0,70,180,98,0,0,0,0,0,0,0,0,0,0,0,0,0,1,2,55,1,6,2,1,0,0,1,62,99,1,1,51,"777777777777","777777777777","777777777777",0,0
1,10094,1,1,1,26,2,23,0,30,0,1,0,1,1,20,481,20481,31,2008,"2GCEK19J3812","2","G","C","E","K","1","9","J","3","8","1","2",0,0,0,"000000000","00000000000",0,0,0,1,0,0,0,0,0,0,0,999,0,0,0,10,6,2,42,0,0,0,1,1,36530,6,1,0,0,3,1,73,195,1,0,0,0,1,5,2011,6,2014,0,0,0,0,0,1,2,55,1,1,2,1,0,0,1,12,98,1,4,6,"777777777777","777777777777","777777777777",1,0
1,10095,1,1,1,26,2,11,50,34,0,1,0,1,2,12,17,12017,4,2005,"1FAFP56U45A1","1","F","A","F","P","5","6","U","4","5","A","1",0,0,0,"000000000","00000000000",0,0,0,1,0,0,0,0,0,0,0,50,0,0,0,12,6,2,42,0,0,0,1,1,35456,0,0,0,0,0,0,999,999,0,0,0,0,0,0,0,0,0,3,0,0,0,0,1,2,35,3,5,2,1,0,0,14,13,99,1,4,1,"777777777777","777777777777","777777777777",1,0
1,10096,1,1,2,26,2,22,0,32,0,1,0,92,0,12,3,12003,1,1999,"1FAFP45X0XF2","1","F","A","F","P","4","5","X","0","X","F","2",0,0,0,"000000000","00000000000",0,0,0,1,0,0,0,0,0,0,0,90,0,0,0,12,6,2,42,0,0,0,1,1,35447,6,7,0,0,3,1,68,152,0,0,0,0,0,0,0,0,0,3,0,0,0,0,1,2,45,2,1,2,1,0,0,14,6,1,4,4,2,"777777777777","777777777777","777777777777",1,0
1,10097,1,1,1,27,2,3,0,34,0,1,0,1,2,20,481,20481,31,1993,"1GCDC14K8PZ1","1","G","C","D","C","1","4","K","8","P","Z","1",0,0,0,"000000000","00000000000",0,0,0,1,0,0,0,0,0,0,0,75,0,1,5,12,6,2,1,0,0,0,1,1,35501,2,1,0,0,2,0,68,145,0,0,0,0,0,0,0,0,0,3,89,39,0,0,1,2,55,1,1,2,1,20,3,1,14,1,1,4,14,"777777777777","777777777777","777777777777",1,1
1,10098,1,2,2,28,2,18,20,12,6,1,0,1,2,35,43,35043,4,1994,"JN1EB31P4RU3","J","N","1","E","B","3","1","P","4","R","U","3",0,0,0,"000000000","00000000000",0,0,0,1,0,0,0,0,0,0,0,40,0,0,0,12,6,2,12,0,0,0,1,1,36587,6,1,0,0,3,0,72,160,0,0,0,0,0,0,0,0,0,0,39,0,0,0,1,5,45,1,1,2,1,3,3,1,17,1,1,1,69,"777777777777","777777777777","777777777777",1,0
1,10098,2,2,1,28,2,18,20,12,6,1,0,1,1,20,421,20421,15,2007,"1GNFK13047R1","1","G","N","F","K","1","3","0","4","7","R","1",0,0,0,"000000000","00000000000",0,0,0,1,0,0,0,0,0,0,0,10,0,0,0,1,6,2,12,0,0,0,1,1,36582,6,1,0,0,3,1,62,225,0,0,0,1,1,8,2012,9,2014,0,0,0,0,0,1,5,45,1,1,2,1,3,3,11,15,1,1,1,68,"777777777777","777777777777","777777777777",0,0
1,10099,1,1,1,29,2,0,26,30,0,1,0,1,1,13,1,13001,4,2003,"1LNHM81W63Y6","1","L","N","H","M","8","1","W","6","3","Y","6",0,0,0,"000000000","00000000000",0,0,0,1,0,0,0,0,0,0,0,70,0,0,0,12,6,2,30,0,0,0,1,1,36610,6,1,0,0,3,1,73,165,4,0,0,1,1,4,2011,7,2015,3,0,0,0,0,1,6,45,1,6,2,1,0,0,1,13,1,1,4,1,"777777777777","777777777777","777777777777",1,0
1,10100,1,1,1,29,2,20,50,42,0,1,0,1,2,12,471,12471,30,1994,"1FTCR14X7RPC","1","F","T","C","R","1","4","X","7","R","P","C",0,0,0,"000000000","00000000000",0,0,0,1,0,0,0,0,0,0,0,65,0,0,0,12,6,2,42,0,0,0,1,1,35151,6,1,0,0,3,0,69,220,0,0,0,1,0,11,2013,11,2013,3,28,0,0,0,1,2,45,1,1,2,1,0,0,1,12,1,1,4,6,"777777777777","777777777777","777777777777",1,0
1,10101,1,1,1,1,3,14,0,30,0,1,0,92,0,12,3,12003,2,1987,"1FABP42E0HF1","1","F","A","B","P","4","2","E","0","H","F","1",0,0,0,"000000000","00000000000",0,0,0,1,0,0,0,0,0,0,0,90,0,1,5,3,6,2,30,0,0,0,1,1,36502,6,1,0,0,3,0,68,208,0,0,0,2,0,6,2015,12,2015,3,28,58,0,0,1,2,45,1,1,2,1,0,0,1,6,6,4,4,7,"777777777777","777777777777","777777777777",1,0
1,10102,1,1,1,1,3,9,20,43,0,1,0,1,2,20,23,20023,6,2007,"3GNDA13D27S5","3","G","N","D","A","1","3","D","2","7","S","5",0,0,0,"000000000","00000000000",0,0,0,1,0,0,0,0,0,0,0,65,0,0,0,12,6,2,8,0,0,0,1,1,35968,6,1,0,0,3,1,65,175,0,0,0,0,0,0,0,0,0,3,0,0,0,0,1,2,45,1,1,2,2,0,0,1,13,99,1,4,1,"777777777777","777777777777","777777777777",0,0
1,10103,1,1,1,1,3,17,20,35,0,1,0,1,2,49,471,49471,30,1989,"JT4VN01D7K60","J","T","4","V","N","0","1","D","7","K","6","0",0,0,0,"000000000","00000000000",0,0,0,1,0,0,0,0,0,0,0,40,0,1,5,12,6,2,1,0,0,0,1,1,36749,6,1,0,0,3,0,71,193,0,1,0,4,0,11,2011,12,2015,3,58,0,0,0,1,2,35,2,1,5,1,0,0,14,13,7,1,4,1,"777777777777","777777777777","777777777777",1,0
1,10104,1,1,2,1,3,23,20,38,0,1,0,1,2,52,35,52035,2,1995,"JA3AA31C3SU0","J","A","3","A","A","3","1","C","3","S","U","0",0,0,0,"000000000","00000000000",0,0,0,1,0,0,0,0,0,0,0,75,0,0,0,11,6,2,42,0,0,0,1,1,36301,6,7,0,0,3,2,65,170,0,0,0,0,0,0,0,0,0,3,28,73,0,0,1,2,45,1,1,2,1,0,0,1,6,1,3,4,2,"777777777777","777777777777","777777777777",1,1
1,10105,1,1,1,3,3,18,29,30,0,1,0,1,1,7,472,7472,31,1998,"1B7GL22X9WS5","1","B","7","G","L","2","2","X","9","W","S","5",0,0,0,"000000000","00000000000",0,0,0,1,0,0,0,0,0,0,0,999,0,0,0,9,6,2,30,0,0,0,1,1,35217,0,0,0,0,0,0,74,195,0,0,0,0,0,0,0,0,0,9,0,0,0,0,5,7,45,1,1,2,2,0,0,1,9,99,3,4,2,"777777777777","777777777777","777777777777",1,0
1,10106,1,1,1,5,3,4,52,35,0,1,0,1,2,59,35,59035,4,2004,"JTHBD1923400","J","T","H","B","D","1","9","2","3","4","0","0",0,0,0,"000000000","00000000000",0,0,0,1,0,0,0,0,0,0,0,75,0,1,5,2,6,2,42,0,0,0,1,1,35460,6,1,0,0,3,0,72,200,0,0,0,0,0,0,0,0,0,3,0,0,0,0,1,2,45,1,1,2,1,0,0,1,6,1,2,4,7,"777777777777","777777777777","777777777777",1,0
1,10107,1,1,2,5,3,22,0,1,0,1,0,1,2,49,33,49033,1,1995,"JT5ST07K5S00","J","T","5","S","T","0","7","K","5","S","0","0",0,0,0,"000000000","00000000000",0,0,0,1,0,0,0,0,0,0,0,999,0,1,5,0,6,2,1,0,0,0,1,1,35444,6,1,0,0,3,0,70,180,0,0,0,0,0,0,0,0,0,0,89,83,0,0,1,2,45,3,1,2,1,0,0,14,87,6,3,4,2,"777777777777","777777777777","777777777777",1,0
1,10108,1,2,1,5,3,14,20,12,6,1,0,1,1,54,37,54037,2,1997,"19UYA2256VL0","1","9","U","Y","A","2","2","5","6","V","L","0",0,0,0,"000000000","00000000000",0,0,0,1,0,0,0,0,0,0,0,55,0,0,0,12,6,2,12,0,0,0,1,1,35744,6,1,0,0,3,0,67,130,0,0,0,0,0,0,0,0,0,0,28,0,0,0,1,2,55,1,5,2,1,0,0,1,10,1,1,2,64,"777777777777","777777777777","777777777777",1,0
1,10108,2,2,2,5,3,14,20,12,6,1,0,1,3,82,881,82881,66,2015,"3AKJGLD51FSG","3","A","K","J","G","L","D","5","1","F","S","G",1,1,57,"196787","57196787",3,6,1,1,0,0,0,0,0,0,0,55,0,0,0,10,6,2,12,0,0,0,1,1,35961,6,1,6,0,3,0,71,170,0,0,0,0,0,0,0,0,0,0,89,0,0,0,1,2,55,1,6,2,1,0,0,1,62,7,1,1,65,"888888888888","777777777777","777777777777",0,0
1,10109,1,1,2,5,3,19,30,8,0,1,0,1,1,20,24,20024,6,2010,"1GNLRFEDXAS1","1","G","N","L","R","F","E","D","X","A","S","1",0,0,0,"000000000","00000000000",0,0,0,1,0,0,0,0,0,0,0,55,0,0,0,12,2,3,8,0,0,0,1,1,35085,6,1,0,0,3,0,65,119,0,0,0,0,1,9,2013,9,2013,0,0,0,0,0,1,2,55,1,6,2,1,0,0,1,80,1,1,1,13,"777777777777","777777777777","777777777777",0,0
1,10110,1,1,1,5,3,22,42,8,0,1,0,1,1,12,23,12023,4,2007,"3FAHP08107R2","3","F","A","H","P","0","8","1","0","7","R","2",0,0,0,"000000000","00000000000",0,0,0,1,0,0,0,0,0,0,0,999,0,0,0,12,4,5,8,0,0,0,1,1,35616,6,1,0,0,3,0,67,158,0,0,0,0,0,0,0,0,0,0,0,0,0,0,2,2,55,1,1,2,1,0,0,1,80,1,1,1,13,"777777777777","777777777777","777777777777",0,0
1,10111,1,2,2,7,3,16,30,12,8,1,0,1,2,52,34,52034,4,2004,"4A3AB36F74E0","4","A","3","A","B","3","6","F","7","4","E","0",0,0,0,"000000000","00000000000",0,0,0,1,0,0,0,0,0,0,0,55,0,0,0,11,6,2,12,0,0,0,1,1,35077,2,1,0,0,2,0,68,130,1,0,0,0,0,2,2015,2,2015,0,28,0,0,0,1,2,55,1,6,2,1,0,0,1,10,1,1,2,64,"777777777777","777777777777","777777777777",1,0
1,10111,2,2,1,7,3,16,30,12,8,1,0,48,3,87,884,87884,66,2014,"1XPBD49X3ED2","1","X","P","B","D","4","9","X","3","E","D","2",1,1,57,"184843","57184843",3,6,1,1,0,0,0,0,0,0,0,50,0,0,0,8,6,2,12,0,0,0,1,1,35740,6,1,6,0,3,0,69,180,1,0,0,0,0,10,2011,10,2011,0,0,0,0,0,1,2,55,1,5,2,1,0,0,1,62,16,1,1,65,"888888888888","777777777777","777777777777",0,0
1,10112,1,2,2,7,3,19,23,12,1,1,0,1,1,2,403,2403,14,2008,"1J8FA54168L6","1","J","8","F","A","5","4","1","6","8","L","6",0,0,0,"000000000","00000000000",0,0,0,1,0,0,0,0,0,0,0,50,0,0,0,12,6,2,12,0,0,0,1,1,35967,6,1,0,0,3,1,60,120,0,0,0,0,0,0,0,0,0,0,0,0,0,0,5,6,45,3,1,2,1,0,0,14,11,1,1,2,20,"777777777777","777777777777","777777777777",1,1
1,10112,2,2,1,7,3,19,23,12,1,1,0,13,2,82,883,82883,66,2001,"1FUJA3CGX1LG","1","F","U","J","A","3","C","G","X","1","L","G",1,1,57,"2349276","572349276",3,6,10,1,0,0,0,0,0,0,0,0,0,0,0,6,4,5,12,0,0,0,1,13,30125,6,1,6,0,3,0,71,150,98,0,0,1,2,6,2011,12,2015,0,54,0,0,0,5,6,45,3,1,2,1,0,0,7,60,1,1,1,23,"888888888888","777777777777","777777777777",0,0