"STATE","ST_CASE","VEH_NO","VE_FORMS","NUMOCCS","DAY","MONTH","HOUR","MINUTE","HARM_EV","MAN_COLL","UNITTYPE","HIT_RUN","REG_STAT","OWNER","MAKE","MODEL","MAK_MOD","BODY_TYP","MOD_YEAR","VIN","VIN_1","VIN_2","VIN_3","VIN_4","VIN_5","VIN_6","VIN_7","VIN_8","VIN_9","VIN_10","VIN_11","VIN_12","TOW_VEH","J_KNIFE","MCARR_I1","MCARR_I2","MCARR_ID","GVWR","V_CONFIG","CARGO_BT","HAZ_INV","HAZ_PLAC","HAZ_ID","HAZ_CNO","HAZ_REL","BUS_USE","SPEC_USE","EMER_USE","TRAV_SP","UNDERIDE","ROLLOVER","ROLINLOC","IMPACT1","DEFORMED","TOWED","M_HARM","VEH_SC1","VEH_SC2","FIRE_EXP","DR_PRES","L_STATE","DR_ZIP","L_STATUS","L_TYPE","CDL_STAT","L_ENDORS","L_COMPL","L_RESTRI","DR_HGT","DR_WGT","PREV_ACC","PREV_SUS","PREV_DWI","PREV_SPD","PREV_OTH","FIRST_MO","FIRST_YR","LAST_MO","LAST_YR","SPEEDREL","DR_SF1","DR_SF2","DR_SF3","DR_SF4","VTRAFWAY","VNUM_LAN","VSPD_LIM","VALIGN","VPROFILE","VPAVETYP","VSURCOND","VTRAFCON","VTCONT_F","P_CRASH1","P_CRASH2","P_CRASH3","PCRASH4","PCRASH5","ACC_TYPE","TRLR1VIN","TRLR2VIN","TRLR3VIN","DEATHS","DR_DRINK"
1,10154,1,1,1,24,3,7,43,42,0,1,0,1,2,49,40,49040,4,2004,"4T1BE32K24U2","4","T","1","B","E","3","2","K","2","4","U","2",0,0,0,"000000000","00000000000",0,0,0,1,0,0,0,0,0,0,0,999,0,0,0,3,6,2,42,0,0,0,1,1,35956,6,1,0,0,3,0,66,150,1,0,0,0,0,6,2015,6,2015,0,58,28,0,0,1,2,35,1,6,2,1,0,0,1,12,6,4,4,7,"777777777777","777777777777","777777777777",1,0
1,10155,1,2,1,24,3,8,10,12,2,1,0,1,2,7,482,7482,31,1999,"3B7HF13Z5XM5","3","B","7","H","F","1","3","Z","5","X","M","5",0,0,0,"000000000","00000000000",0,0,0,1,0,0,0,0,0,0,0,50,0,1,1,12,6,2,12,0,0,0,1,1,35744,6,1,0,0,3,0,70,130,1,2,0,0,1,9,2011,3,2013,0,28,0,0,0,1,2,55,2,6,2,1,0,0,1,10,1,1,2,50,"777777777777","777777777777","777777777777",0,0
1,10155,2,2,2,24,3,8,10,12,2,1,0,1,2,63,34,63034,4,2011,"KNAGN4A75B51","K","N","A","G","N","4","A","7","5","B","5","1",0,0,0,"000000000","00000000000",0,0,0,1,0,0,0,0,0,0,0,45,0,0,0,12,6,2,12,0,0,0,1,1,35824,6,1,0,0,3,1,63,118,1,0,0,1,0,10,2014,11,2015,0,0,0,0,0,1,2,55,3,5,2,1,0,0,14,62,9,1,1,51,"777777777777","777777777777","777777777777",1,0
1,10156,1,1,2,25,3,21,56,38,0,1,0,1,1,20,421,20421,15,1999,"1GNEC13R0XR1","1","G","N","E","C","1","3","R","0","X","R","1",0,0,0,"000000000","00000000000",0,0,0,1,0,0,0,0,0,0,0,70,0,0,0,12,6,2,38,0,0,0,1,1,36609,6,1,6,0,3,0,68,239,0,0,0,0,0,0,0,0,0,9,89,8,0,0,1,2,98,1,1,2,1,0,0,1,13,99,1,4,1,"777777777777","777777777777","777777777777",1,1
1,10157,1,1,1,25,3,17,2,52,0,1,0,1,1,20,39,20039,4,2007,"KL1TG56627B1","K","L","1","T","G","5","6","6","2","7","B","1",0,0,0,"000000000","00000000000",0,0,0,1,0,0,0,0,0,0,0,65,0,0,0,12,6,2,52,0,0,0,1,1,35055,6,1,0,0,3,0,63,175,0,0,0,0,0,0,0,0,0,3,28,0,0,0,1,2,55,2,6,2,1,0,0,14,12,99,1,4,6,"777777777777","777777777777","777777777777",1,0
1,10158,1,1,1,26,3,19,30,42,0,1,0,1,2,72,706,72706,80,2004,"1HD4CAM164K4","1","H","D","4","C","A","M","1","6","4","K","4",0,0,0,"000000000","00000000000",0,0,0,1,0,0,0,0,0,0,0,50,0,0,0,12,6,2,42,0,0,0,1,1,35954,6,1,0,0,3,0,72,165,1,1,0,0,0,7,2011,4,2012,0,0,0,0,0,1,2,45,3,1,2,1,0,0,14,13,1,1,4,1,"777777777777","777777777777","777777777777",1,1
1,10159,1,2,1,28,3,7,50,12,2,1,0,1,1,23,401,23401,14,2006,"1GKES16S2661","1","G","K","E","S","1","6","S","2","6","6","1",0,0,0,"000000000","00000000000",0,0,0,1,0,0,0,0,0,0,0,60,0,0,0,12,6,2,12,0,0,0,1,1,35546,6,1,0,0,3,0,67,190,1,0,0,0,0,10,2014,10,2014,0,28,0,0,0,1,2,55,1,3,2,1,0,0,1,10,1,1,2,50,"777777777777","777777777777","777777777777",0,0
1,10159,2,2,4,28,3,7,50,12,2,1,0,1,2,24,1,24001,4,1996,"1G8ZH5280TZ1","1","G","8","Z","H","5","2","8","0","T","Z","1",0,0,0,"000000000","00000000000",0,0,0,1,0,0,0,0,0,0,0,50,0,0,0,12,6,2,12,0,0,0,1,1,35579,6,1,0,0,3,0,70,210,0,0,0,0,0,0,0,0,0,0,89,0,0,0,1,2,55,1,3,2,1,0,0,1,62,99,1,1,51,"777777777777","777777777777","777777777777",4,0
1,10160,1,1,1,29,3,5,45,42,0,1,0,13,2,30,47,30047,3,2012,"3VWPL7AT4CM6","3","V","W","P","L","7","A","T","4","C","M","6",0,0,0,"000000000","00000000000",0,0,0,1,0,0,0,0,0,0,0,60,0,0,0,12,6,2,42,0,0,0,1,1,35747,6,1,0,0,3,0,68,260,0,0,0,0,0,0,0,0,0,0,28,0,0,0,1,2,35,2,6,2,1,0,0,14,12,1,1,4,6,"777777777777","777777777777","777777777777",1,0
1,10161,1,1,1,29,3,5,5,8,0,1,0,1,1,23,481,23481,31,2001,"2GTEK19T5113","2","G","T","E","K","1","9","T","5","1","1","3",0,0,0,"000000000","00000000000",0,0,0,1,0,0,0,0,0,0,0,40,0,0,0,12,4,5,8,0,0,0,1,1,36701,6,1,6,0,3,0,69,223,1,0,0,0,0,1,2016,1,2016,0,0,0,0,0,5,5,45,1,5,2,1,0,0,1,80,1,1,1,13,"777777777777","777777777777","777777777777",0,0
1,10162,1,1,3,29,3,13,0,34,0,1,0,1,2,20,403,20403,14,2003,"1GNDT13S3321","1","G","N","D","T","1","3","S","3","3","2","1",0,0,0,"000000000","00000000000",0,0,0,1,0,0,0,0,0,0,0,50,0,1,5,12,6,2,1,0,0,0,1,1,35045,0,0,0,0,0,0,999,999,0,0,0,0,0,0,0,0,0,3,58,85,0,0,1,2,35,1,3,5,1,0,0,1,54,7,4,4,7,"777777777777","777777777777","777777777777",1,0
1,10163,1,1,2,30,3,17,7,32,0,1,0,1,1,7,472,7472,31,2001,"1B7GG22N61S1","1","B","7","G","G","2","2","N","6","1","S","1",0,0,0,"000000000","00000000000",0,0,0,1,0,0,0,0,0,0,0,55,0,0,0,12,6,2,18,0,0,0,1,1,35575,6,1,0,0,3,0,72,185,0,0,0,0,0,0,0,0,0,0,0,0,0,0,2,2,55,1,1,2,1,0,0,1,12,1,1,4,6,"777777777777","777777777777","777777777777",1,0
1,10164,1,2,2,30,3,7,50,12,6,1,0,1,1,14,6,14006,4,2008,"2MEFM74V98X6","2","M","E","F","M","7","4","V","9","8","X","6",0,0,0,"000000000","00000000000",0,0,0,1,0,0,0,0,0,0,0,10,0,0,0,3,6,2,12,0,0,0,1,1,36092,6,1,0,0,3,0,69,145,1,0,0,0,0,9,2015,9,2015,0,38,0,0,0,1,2,35,1,1,2,1,20,3,1,17,1,1,1,87,"777777777777","777777777777","777777777777",2,0
1,10164,2,2,3,30,3,7,50,12,6,1,0,1,1,7,482,7482,31,1998,"3B7HC13Z0WG2","3","B","7","H","C","1","3","Z","0","W","G","2",0,0,0,"000000000","00000000000",0,0,0,1,0,0,0,0,0,0,0,45,0,0,0,12,6,2,12,0,0,0,1,1,36093,6,1,0,0,3,0,70,160,0,0,0,0,0,0,0,0,0,0,0,0,0,0,1,2,45,1,1,2,1,0,0,1,66,1,1,1,86,"777777777777","777777777777","777777777777",0,0
1,10165,1,1,1,31,3,5,1,1,0,1,0,1,2,20,421,20421,15,1998,"1GNCS13W2W22","1","G","N","C","S","1","3","W","2","W","2","2",0,0,0,"000000000","00000000000",0,0,0,1,0,0,0,0,0,0,0,999,0,1,1,0,6,2,1,0,0,0,1,1,36105,0,0,0,0,0,0,70,265,0,0,0,0,0,0,0,0,0,9,99,99,99,99,2,2,55,1,1,2,1,0,0,1,12,7,5,6,98,"777777777777","777777777777","777777777777",1,0
1,10166,1,1,1,31,3,18,32,10,0,1,0,1,1,63,34,63034,4,2006,"KNAGD1281654","K","N","A","G","D","1","2","8","1","6","5","4",0,0,0,"000000000","00000000000",0,0,0,1,0,0,0,0,0,0,0,5,0,0,0,3,6,2,10,0,0,0,1,1,36075,6,1,0,0,3,0,64,200,0,0,0,0,0,0,0,0,0,0,39,0,0,0,1,2,45,1,1,2,1,65,3,1,91,1,1,1,15,"777777777777","777777777777","777777777777",1,0
1,10167,1,2,1,1,4,8,35,12,6,1,0,1,1,20,421,20421,15,2004,"1GNEK13ZX4R3","1","G","N","E","K","1","3","Z","X","4","R","3",0,0,0,"000000000","00000000000",0,0,0,1,0,0,0,0,0,0,0,999,0,0,0,4,2,3,12,0,0,0,1,1,36582,6,1,0,0,3,0,76,250,1,0,0,0,0,12,2015,12,2015,0,38,0,0,0,1,2,55,1,1,2,2,0,0,12,98,10,1,7,98,"777777777777","777777777777","777777777777",0,0
1,10167,2,2,1,1,4,8,35,12,6,1,0,1,1,73,709,73709,80,1980,"KZT00B524185","K","Z","T","0","0","B","5","2","4","1","8","5",0,0,0,"000000000","00000000000",0,0,0,1,0,0,0,0,0,0,0,999,0,0,0,12,6,2,12,0,0,0,1,1,36541,6,1,0,0,3,1,74,200,1,0,0,0,0,5,2013,5,2013,0,0,0,0,0,1,2,55,1,1,2,2,0,0,1,64,16,1,1,98,"777777777777","777777777777","777777777777",1,0
1,10168,1,2,2,2,4,21,34,12,6,1,0,1,2,20,2,20002,4,2005,"2G1WF52E8593","2","G","1","W","F","5","2","E","8","5","9","3",0,0,0,"000000000","00000000000",0,0,0,1,0,0,0,0,0,0,0,20,0,0,0,3,6,2,12,0,0,0,1,1,35758,6,1,0,0,3,0,69,135,1,0,0,0,0,12,2015,12,2015,0,39,0,0,0,2,3,45,1,1,2,1,3,3,11,15,99,1,1,68,"777777777777","777777777777","777777777777",2,0
1,10168,2,2,2,2,4,21,34,12,6,1,0,1,1,35,49,35049,6,2006,"JN8AZ08T56W4","J","N","8","A","Z","0","8","T","5","6","W","4",0,0,0,"000000000","00000000000",0,0,0,1,0,0,0,0,0,0,0,45,0,0,0,12,6,2,12,0,0,0,1,1,35907,6,1,0,0,3,1,61,195,0,0,0,0,0,0,0,0,0,0,0,0,0,0,2,3,45,1,1,2,1,3,3,1,62,99,1,1,69,"777777777777","777777777777","777777777777",0,0
1,10169,1,1,1,2,4,22,35,42,0,1,0,1,1,53,705,53705,80,2003,"JS1GN7BA8321","J","S","1","G","N","7","B","A","8","3","2","1",0,0,0,"000000000","00000000000",0,0,0,1,0,0,0,0,0,0,0,120,0,0,0,12,6,2,42,0,0,0,1,1,35613,6,1,0,0,3,1,69,160,1,0,0,2,0,8,2011,2,2014,3,8,0,0,0,1,2,45,3,1,2,1,0,0,14,13,99,1,4,1,"777777777777","777777777777","777777777777",1,0
1,10170,1,1,1,3,4,3,30,1,0,1,0,1,1,12,37,12037,4,2014,"1FADP3F22EL1","1","F","A","D","P","3","F","2","2","E","L","1",0,0,0,"000000000","00000000000",0,0,0,1,0,0,0,0,0,0,0,60,0,1,5,0,6,2,42,0,0,0,1,1,35968,6,1,0,0,3,0,68,160,0,0,0,0,0,0,0,0,0,3,0,0,0,0,1,2,45,3,1,2,1,0,0,14,13,6,2,4,2,"777777777777","777777777777","777777777777",1,0
1,10171,1,2,1,14,4,4,55,12,1,1,0,1,2,63,37,63037,6,2014,"KNDJN2A26E77","K","N","D","J","N","2","A","2","6","E","7","7",0,0,0,"000000000","00000000000",0,0,0,1,0,0,0,0,0,0,0,50,0,0,0,12,6,2,8,0,0,0,1,1,35215,6,1,0,0,3,0,68,150,2,0,0,3,0,5,2012,3,2016,0,26,0,0,0,3,2,70,1,1,2,2,0,0,1,51,1,1,1,24,"777777777777","777777777777","777777777777",0,0
1,10171,2,2,1,14,4,4,55,12,1,1,0,1,1,20,401,20401,14,2000,"1GNCS18W5YK2","1","G","N","C","S","1","8","W","5","Y","K","2",0,0,0,"000000000","00000000000",0,0,0,1,0,0,0,0,0,0,0,40,0,0,0,6,6,2,12,0,0,0,1,1,35064,6,1,0,0,3,0,70,230,0,0,0,0,0,0,0,0,0,0,0,0,0,0,3,2,70,1,1,2,2,0,0,1,53,1,1,1,25,"777777777777","777777777777","777777777777",0,0
1,10172,1,2,2,18,4,5,40,12,6,1,0,1,1,59,32,59032,4,2001,"JTHBN30F5100","J","T","H","B","N","3","0","F","5","1","0","0",0,0,0,"000000000","00000000000",0,0,0,1,0,0,0,0,0,0,0,999,0,0,0,3,6,2,12,0,0,0,1,1,36088,1,1,0,0,2,1,68,250,1,0,0,0,0,12,2015,12,2015,0,58,0,0,0,3,3,70,1,1,2,1,0,0,1,61,6,3,6,48,"777777777777","777777777777","777777777777",1,0
1,10172,2,2,1,18,4,5,40,12,6,1,0,28,3,87,884,87884,66,2003,"1XP5DB9X53D8","1","X","P","5","D","B","9","X","5","3","D","8",1,1,57,"1753321","571753321",3,6,2,1,0,0,0,0,0,0,0,999,0,0,0,12,6,2,12,0,0,0,1,28,39667,6,1,6,0,3,0,71,220,98,0,0,0,0,0,0,0,0,0,0,0,0,0,3,3,70,1,1,2,1,0,0,1,60,16,1,1,48,"888888888888","777777777777","777777777777",0,0
1,10173,1,1,1,30,3,19,25,30,0,1,0,1,2,7,482,7482,31,1998,"3B7HC13Y5WG1","3","B","7","H","C","1","3","Y","5","W","G","1",0,0,0,"000000000","00000000000",0,0,0,1,0,0,0,0,0,0,0,75,0,0,0,12,6,2,42,0,0,0,1,1,35180,1,1,0,0,2,0,71,165,1,0,0,0,1,1,2014,3,2016,0,28,0,0,0,1,2,30,1,1,2,1,0,0,1,12,99,1,4,6,"777777777777","777777777777","777777777777",1,1
1,10174,1,2,3,19,3,18,43,12,2,1,0,13,2,12,24,12024,6,2007,"2FMDK39C67BA","2","F","M","D","K","3","9","C","6","7","B","A",0,0,0,"000000000","00000000000",0,0,0,1,0,0,0,0,0,0,0,999,0,0,0,12,6,2,2,0,0,1,1,99,99999,9,9,99,9,9,9,999,999,99,99,99,99,99,99,9999,99,9999,3,28,0,0,0,1,2,55,3,6,2,1,0,0,14,10,99,1,2,50,"777777777777","777777777777","777777777777",2,0
1,10174,2,2,3,19,3,18,43,12,2,1,0,92,0,41,402,41402,14,2002,"4F2YU09112KM","4","F","2","Y","U","0","9","1","1","2","K","M",0,0,0,"000000000","00000000000",0,0,0,1,0,0,0,0,0,0,0,999,0,1,5,12,6,2,12,0,0,0,1,1,36804,1,1,0,0,2,0,68,153,0,0,0,1,1,6,2012,8,2013,0,0,0,0,0,1,2,55,2,5,2,1,0,0,14,62,99,1,1,51,"777777777777","777777777777","777777777777",3,0
1,10175,1,1,1,11,4,17,25,42,0,1,0,1,1,20,22,20022,4,2006,"1G1AK55F3676","1","G","1","A","K","5","5","F","3","6","7","6",0,0,0,"000000000","00000000000",0,0,0,1,0,0,0,0,0,0,0,45,0,0,0,12,6,2,42,0,0,0,1,1,35504,6,1,0,0,3,1,69,135,0,0,0,0,0,0,0,0,0,4,89,28,0,0,1,2,30,2,6,2,2,0,0,14,12,1,2,4,7,"777777777777","777777777777","777777777777",1,0
1,10176,1,1,2,9,4,22,43,42,0,1,0,1,1,7,4,7004,1,2004,"1B3JZ65Z44V1","1","B","3","J","Z","6","5","Z","4","4","V","1",0,0,0,"000000000","00000000000",0,0,0,1,0,0,0,0,0,0,0,999,0,0,0,1,6,2,42,0,0,0,1,1,36526,6,1,6,0,3,0,72,185,0,0,0,0,0,0,0,0,0,9,89,8,0,0,1,2,55,2,6,2,1,0,0,14,12,99,4,4,7,"777777777777","777777777777","777777777777",1,0
1,10177,1,1,1,8,4,14,5,1,0,1,0,1,2,12,401,12401,14,2000,"1FMZU63X5YZC","1","F","M","Z","U","6","3","X","5","Y","Z","C",0,0,0,"000000000","00000000000",0,0,0,1,0,0,0,0,0,0,0,55,0,1,1,0,6,2,1,0,0,0,1,1,36867,6,2,0,0,3,1,68,135,0,0,0,0,0,0,0,0,0,0,58,0,0,0,1,2,40,1,1,2,1,0,0,1,9,99,4,6,98,"777777777777","777777777777","777777777777",1,0
1,10178,1,1,5,18,4,11,0,3,0,1,0,1,2,18,2,18002,4,1997,"1G4HP52K9VH5","1","G","4","H","P","5","2","K","9","V","H","5",0,0,0,"000000000","00000000000",0,0,0,1,0,0,0,0,0,0,0,999,0,0,0,0,6,2,3,0,0,0,1,1,36912,2,1,0,0,2,0,74,198,0,0,0,0,0,0,0,0,0,0,0,0,0,0,1,2,40,3,1,2,1,0,0,14,13,1,1,4,0,"777777777777","777777777777","777777777777",1,0
1,10179,1,1,1,18,4,16,55,34,0,1,0,1,2,85,881,85881,62,2006,"1NKDXBTX66J1","1","N","K","D","X","B","T","X","6","6","J","1",0,0,57,"1513110","571513110",2,2,4,1,0,0,0,0,0,0,0,55,0,0,0,12,6,2,34,0,0,0,1,1,35754,6,1,6,0,3,0,67,220,0,0,0,0,1,7,2013,7,2013,0,28,0,0,0,1,2,55,1,1,2,1,0,0,1,12,99,1,4,6,"777777777777","777777777777","777777777777",1,0
1,10180,1,1,1,17,4,18,57,32,0,1,0,1,2,76,709,76709,80,2002,"JYA5AHE062A0","J","Y","A","5","A","H","E","0","6","2","A","0",0,0,0,"000000000","00000000000",0,0,0,1,0,0,0,0,0,0,0,60,0,0,0,12,6,2,32,0,0,0,1,1,36801,0,0,0,0,0,0,69,150,0,0,0,0,0,0,0,0,0,0,0,0,0,0,1,2,30,1,1,2,1,0,0,1,13,1,1,4,1,"777777777777","777777777777","777777777777",1,0
1,10181,1,1,1,17,4,22,21,42,0,1,0,1,1,22,2,22002,4,2000,"1G2HZ5417Y41","1","G","2","H","Z","5","4","1","7","Y","4","1",0,0,0,"000000000","00000000000",0,0,0,1,0,0,0,0,0,0,0,70,0,1,5,12,6,2,1,0,0,0,1,1,36874,6,1,0,0,3,0,70,205,0,0,0,0,0,0,0,0,0,3,0,0,0,0,1,2,45,1,1,2,1,0,0,1,13,99,1,4,1,"777777777777","777777777777","777777777777",1,0
1,10182,1,1,1,17,4,20,3,35,0,1,0,45,2,20,421,20421,15,1986,"1G8EK18H9GF2","1","G","8","E","K","1","8","H","9","G","F","2",0,0,0,"000000000","00000000000",0,0,0,1,0,0,0,0,0,0,0,999,0,1,5,12,6,2,1,0,0,0,1,1,35957,6,1,0,0,3,0,75,200,0,0,0,0,0,0,0,0,0,0,0,0,0,0,1,2,55,1,6,2,1,0,0,1,13,99,1,4,1,"777777777777","777777777777","777777777777",1,0
1,10183,1,1,1,13,4,13,45,10,0,1,0,1,2,23,481,23481,31,1998,"1GTEC14W3WZ5","1","G","T","E","C","1","4","W","3","W","Z","5",0,0,0,"000000000","00000000000",0,0,0,1,0,0,0,0,0,0,0,0,0,0,0,3,6,2,10,0,0,0,1,1,35616,4,1,0,0,2,0,69,200,0,0,0,0,0,0,0,0,0,0,38,0,0,0,1,2,45,1,1,2,1,65,3,5,91,1,1,1,15,"777777777777","777777777777","777777777777",1,0
1,10184,1,1,2,3,4,23,20,8,0,1,0,1,1,49,49,49049,6,2009,"JTLKE50E3910","J","T","L","K","E","5","0","E","3","9","1","0",0,0,0,"000000000","00000000000",0,0,0,1,0,0,0,0,0,0,0,45,0,0,0,12,6,2,8,0,0,0,1,1,36049,6,1,0,0,3,0,61,160,0,0,0,1,0,6,2012,6,2012,0,0,0,0,0,5,5,45,1,1,2,1,0,0,1,80,1,1,1,13,"777777777777","777777777777","777777777777",0,0
1,10185,1,2,1,1,4,15,40,12,2,1,0,1,2,18,22,18022,4,2007,"2G4WD5822711","2","G","4","W","D","5","8","2","2","7","1","1",0,0,0,"000000000","00000000000",0,0,0,1,0,0,0,0,0,0,0,55,0,0,0,12,6,2,12,0,0,0,1,1,36083,6,1,0,0,3,1,64,210,0,0,0,0,0,0,0,0,0,4,28,0,0,0,1,2,55,2,1,2,2,0,0,14,10,1,1,2,50,"777777777777","777777777777","777777777777",1,0
1,10185,2,2,1,1,4,15,40,12,2,1,0,18,3,82,881,82881,66,2016,"3AKJGLD54GSG","3","A","K","J","G","L","D","5","4","G","S","G",1,1,57,"2018913","572018913",3,6,3,1,0,0,0,0,0,0,0,55,0,0,0,12,6,2,12,0,0,0,1,1,36768,6,1,6,0,3,0,74,147,0,0,0,0,2,4,2011,10,2011,0,0,0,0,0,1,2,55,1,6,2,2,0,0,1,62,9,1,1,51,"888888888888","777777777777","777777777777",0,0
1,10186,1,2,1,24,3,4,15,12,2,1,0,1,2,12,481,12481,31,1999,"1FTNX20F6XEC","1","F","T","N","X","2","0","F","6","X","E","C",0,0,0,"000000000","00000000000",0,0,0,1,0,0,0,0,0,0,0,999,0,0,0,12,6,2,12,0,0,0,1,1,36569,4,1,0,0,2,0,69,175,0,1,1,0,0,10,2012,12,2012,0,89,28,0,0,5,5,45,2,1,2,1,0,0,14,10,1,1,2,50,"777777777777","777777777777","777777777777",1,0
1,10186,2,2,1,24,3,4,15,12,2,1,0,28,3,87,884,87884,66,2003,"1XP5DB9X33D8","1","X","P","5","D","B","9","X","3","3","D","8",1,1,57,"01815886","5701815886",3,6,1,1,0,0,0,0,0,0,0,999,0,0,0,12,6,2,12,0,0,0,1,28,39482,6,1,6,0,3,0,76,290,98,0,0,0,0,0,0,0,0,0,0,0,0,0,5,5,45,3,1,2,1,0,0,14,62,7,1,1,51,"888888888888","777777777777","777777777777",0,0
1,10187,1,1,1,21,4,19,24,30,0,1,0,1,9,12,481,12481,31,1994,"1FTEX14N7RKA","1","F","T","E","X","1","4","N","7","R","K","A",0,0,0,"000000000","00000000000",0,0,0,1,0,0,0,0,0,0,0,75,0,1,5,3,6,2,2,0,0,1,1,1,35976,6,1,0,0,3,0,69,175,1,0,0,0,0,7,2013,7,2013,3,0,0,0,0,1,2,45,3,1,2,1,0,0,14,13,1,1,4,1,"777777777777","777777777777","777777777777",1,0
1,10188,1,2,1,21,4,20,7,12,1,1,0,92,0,20,481,20481,31,2003,"3GNGK26UX3G2","3","G","N","G","K","2","6","U","X","3","G","2",0,0,0,"000000000","00000000000",0,0,0,1,0,0,0,0,0,0,0,46,0,0,0,12,6,2,12,0,0,0,1,1,35901,6,1,0,0,3,1,61,270,0,0,0,0,0,0,0,0,0,0,0,0,0,0,2,3,45,1,1,2,1,3,3,1,50,1,1,1,20,"777777777777","777777777777","777777777777",0,1
1,10188,2,2,3,21,4,20,7,12,1,1,0,1,2,22,16,22016,2,2000,"1G2JB1244Y72","1","G","2","J","B","1","2","4","4","Y","7","2",0,0,0,"000000000","00000000000",0,0,0,1,0,0,0,0,0,0,0,0,0,0,0,6,6,2,12,0,0,0,1,1,35903,0,0,0,0,0,0,999,999,0,0,0,0,0,0,0,0,0,0,0,0,0,0,2,3,45,1,1,2,1,3,3,5,53,1,1,1,21,"777777777777","777777777777","777777777777",1,0
1,10189,1,1,1,20,4,21,15,34,0,1,0,1,1,12,3,12003,2,2003,"1FAFP40413F4","1","F","A","F","P","4","0","4","1","3","F","4",0,0,0,"000000000","00000000000",0,0,0,1,0,0,0,0,0,0,0,60,0,1,5,11,6,2,1,0,0,0,1,1,35650,6,1,0,0,3,0,72,225,2,0,0,1,0,10,2014,7,2015,3,58,0,0,0,1,2,40,3,1,2,1,0,0,14,13,7,3,4,2,"777777777777","777777777777","777777777777",1,1
1,10190,1,2,3,18,4,6,30,12,1,1,0,1,3,12,481,12481,31,2005,"1FDWW32P65EB","1","F","D","W","W","3","2","P","6","5","E","B",0,0,88,"888888888","88888888888",2,1,3,1,0,0,0,0,0,0,0,48,0,0,0,12,6,2,12,0,0,0,1,1,36053,6,1,0,0,3,0,73,180,0,0,0,0,0,0,0,0,0,0,0,0,0,0,1,2,55,1,5,2,1,0,0,1,50,1,1,1,20,"777777777777","777777777777","777777777777",2,0
1,10190,2,2,1,18,4,6,30,12,1,1,0,1,3,84,884,84884,64,2001,"1HTSHADT91H2","1","H","T","S","H","A","D","T","9","1","H","2",0,0,57,"275202","57275202",3,2,7,1,0,0,0,0,0,0,0,0,0,0,0,6,6,2,12,0,0,0,1,1,36079,6,1,6,0,3,0,72,150,0,0,0,2,3,4,2012,1,2016,0,0,0,0,0,1,2,55,1,5,2,1,0,0,5,53,1,1,1,21,"777777777777","777777777777","777777777777",0,0
1,10191,1,2,1,18,4,7,8,12,6,1,0,1,1,21,20,21020,4,1992,"1G3AL54N7N63","1","G","3","A","L","5","4","N","7","N","6","3",0,0,0,"000000000","00000000000",0,0,0,1,0,0,0,0,0,0,0,999,0,0,0,3,6,2,12,0,0,0,1,1,36401,6,1,0,0,3,0,69,195,0,0,0,0,0,0,0,0,0,0,38,0,0,0,1,2,25,1,5,2,1,20,3,1,17,1,1,1,87,"777777777777","777777777777","777777777777",1,0
1,10191,2,2,1,18,4,7,8,12,6,1,0,1,3,82,881,82881,66,2005,"1FUJA6CK35LV","1","F","U","J","A","6","C","K","3","5","L","V",1,1,57,"2326197","572326197",3,6,10,1,0,0,0,0,0,0,0,999,0,0,0,12,6,2,12,0,0,0,1,1,36426,6,1,6,0,3,0,67,160,1,0,0,0,2,10,2013,1,2016,0,0,0,0,0,1,4,40,1,6,2,1,0,0,1,66,7,1,2,86,"888888888888","777777777777","777777777777",0,0
1,10192,1,2,1,22,4,7,30,12,6,1,0,1,2,12,17,12017,4,2001,"1FAFP52261A2","1","F","A","F","P","5","2","2","6","1","A","2",0,0,0,"000000000","00000000000",0,0,0,1,0,0,0,0,0,0,0,55,0,0,0,3,6,2,12,0,0,0,1,1,36046,6,1,0,0,3,0,76,230,0,0,0,0,1,7,2013,7,2013,4,87,0,0,0,1,2,55,2,5,2,2,0,0,14,6,1,4,2,64,"777777777777","777777777777","777777777777",1,0
1,10192,2,2,1,22,4,7,30,12,6,1,0,1,3,51,881,51881,66,2015,"4V4MC9EG7FN9","4","V","4","M","C","9","E","G","7","F","N","9",1,1,57,"1353030","571353030",3,6,1,1,0,0,0,0,0,0,0,55,0,0,0,12,6,2,12,0,0,0,1,1,36116,6,1,6,0,3,0,73,365,0,0,0,0,0,0,0,0,0,0,89,0,0,0,1,2,55,1,1,2,2,0,0,1,62,16,1,1,65,"888888888888","777777777777","777777777777",0,0
1,10193,1,2,1,23,4,14,18,1,0,1,0,1,1,72,706,72706,80,2011,"1HD1KB411BB6","1","H","D","1","K","B","4","1","1","B","B","6",0,0,0,"000000000","00000000000",0,0,0,1,0,0,0,0,0,0,0,999,0,0,0,0,6,2,54,0,0,0,1,1,36067,6,1,0,0,3,0,71,260,1,0,0,0,0,4,2012,4,2012,0,89,28,0,0,1,4,55,1,1,2,1,0,0,1,10,99,1,2,98,"777777777777","777777777777","777777777777",1,0
1,10193,2,2,1,23,4,14,18,1,0,1,0,1,1,18,22,18022,4,2013,"1G4GC5E32DF2","1","G","4","G","C","5","E","3","2","D","F","2",0,0,0,"000000000","00000000000",0,0,0,1,0,0,0,0,0,0,0,999,0,0,0,12,4,3,54,0,0,0,1,1,36022,6,1,0,0,3,0,71,190,0,0,0,0,0,0,0,0,0,0,0,0,0,0,1,4,55,1,1,2,1,0,0,1,62,7,1,2,98,"777777777777","777777777777","777777777777",0,0
1,10194,1,1,1,24,4,14,0,42,0,1,0,1,1,12,401,12401,14,2004,"1FMZU63K24UB","1","F","M","Z","U","6","3","K","2","4","U","B",0,0,0,"000000000","00000000000",0,0,0,1,0,0,0,0,0,0,0,45,0,0,0,12,6,2,42,0,0,0,1,1,35143,6,1,0,0,3,0,62,105,0,0,0,0,0,0,0,0,0,0,28,0,0,0,1,2,45,1,3,2,1,0,0,1,12,99,1,4,6,"777777777777","777777777777","777777777777",1,0