"STATE","ST_CASE","VEH_NO","VE_FORMS","NUMOCCS","DAY","MONTH","HOUR","MINUTE","HARM_EV","MAN_COLL","UNITTYPE","HIT_RUN","REG_STAT","OWNER","MAKE","MODEL","MAK_MOD","BODY_TYP","MOD_YEAR","VIN","VIN_1","VIN_2","VIN_3","VIN_4","VIN_5","VIN_6","VIN_7","VIN_8","VIN_9","VIN_10","VIN_11","VIN_12","TOW_VEH","J_KNIFE","MCARR_I1","MCARR_I2","MCARR_ID","GVWR","V_CONFIG","CARGO_BT","HAZ_INV","HAZ_PLAC","HAZ_ID","HAZ_CNO","HAZ_REL","BUS_USE","SPEC_USE","EMER_USE","TRAV_SP","UNDERIDE","ROLLOVER","ROLINLOC","IMPACT1","DEFORMED","TOWED","M_HARM","VEH_SC1","VEH_SC2","FIRE_EXP","DR_PRES","L_STATE","DR_ZIP","L_STATUS","L_TYPE","CDL_STAT","L_ENDORS","L_COMPL","L_RESTRI","DR_HGT","DR_WGT","PREV_ACC","PREV_SUS","PREV_DWI","PREV_SPD","PREV_OTH","FIRST_MO","FIRST_YR","LAST_MO","LAST_YR","SPEEDREL","DR_SF1","DR_SF2","DR_SF3","DR_SF4","VTRAFWAY","VNUM_LAN","VSPD_LIM","VALIGN","VPROFILE","VPAVETYP","VSURCOND","VTRAFCON","VTCONT_F","P_CRASH1","P_CRASH2","P_CRASH3","PCRASH4","PCRASH5","ACC_TYPE","TRLR1VIN","TRLR2VIN","TRLR3VIN","DEATHS","DR_DRINK"
1,10195,1,2,1,25,4,23,0,12,8,1,0,1,2,63,34,63034,4,2015,"KNAGM4A70F56","K","N","A","G","M","4","A","7","0","F","5","6",0,0,0,"000000000","00000000000",0,0,0,1,0,0,0,0,0,0,0,999,0,0,0,11,6,2,12,0,0,0,1,1,35211,1,1,0,0,2,0,66,165,1,4,0,0,3,8,2011,10,2013,0,28,0,0,0,1,4,35,3,1,2,1,0,0,14,10,1,1,2,64,"777777777777","777777777777","777777777777",1,0
1,10195,2,2,1,25,4,23,0,12,8,1,0,1,2,20,2,20002,4,2006,"2G1WB55K2691","2","G","1","W","B","5","5","K","2","6","9","1",0,0,0,"000000000","00000000000",0,0,0,1,0,0,0,0,0,0,0,999,0,0,0,11,6,2,12,0,0,0,1,1,35228,6,1,0,0,3,0,64,115,0,0,0,0,0,0,0,0,0,0,0,0,0,0,1,4,35,2,1,2,1,0,0,14,62,1,1,1,65,"777777777777","777777777777","777777777777",0,0
1,10196,1,1,1,25,4,8,2,33,0,1,0,1,1,23,481,23481,31,2013,"3GTP1VE00DG1","3","G","T","P","1","V","E","0","0","D","G","1",0,0,0,"000000000","00000000000",0,0,0,1,0,0,0,0,0,0,0,25,0,0,0,12,2,3,32,0,0,0,1,1,35758,6,1,0,0,3,0,69,200,2,1,1,0,0,9,2011,2,2012,0,0,0,0,0,1,2,35,3,1,2,1,0,0,14,12,1,1,4,6,"777777777777","777777777777","777777777777",1,0
1,10197,1,1,4,27,4,15,30,42,0,1,0,1,1,20,481,20481,31,2003,"3GNEC13T83G2","3","G","N","E","C","1","3","T","8","3","G","2",0,0,0,"000000000","00000000000",0,0,0,1,0,0,0,0,0,0,0,65,0,0,0,5,6,2,42,0,0,0,1,1,35570,6,1,0,0,3,1,63,135,0,0,0,0,0,0,0,0,0,4,58,0,0,0,2,2,65,2,1,2,2,0,0,14,6,7,4,4,2,"777777777777","777777777777","777777777777",1,0
1,10198,1,1,1,28,4,99,99,42,0,1,0,1,1,12,481,12481,31,2004,"1FTPW14594KC","1","F","T","P","W","1","4","5","9","4","K","C",0,0,0,"000000000","00000000000",0,0,0,1,0,0,0,0,0,0,0,70,0,0,0,2,6,2,42,0,0,0,1,1,36726,6,1,0,0,3,0,73,180,1,0,0,1,0,2,2012,1,2016,3,58,0,0,0,1,2,45,1,1,2,99,0,0,1,13,6,1,4,6,"777777777777","777777777777","777777777777",1,0
1,10199,1,2,2,29,4,16,45,12,6,1,0,1,1,21,23,21023,4,2002,"1G3WH52H72F1","1","G","3","W","H","5","2","H","7","2","F","1",0,0,0,"000000000","00000000000",0,0,0,1,0,0,0,0,0,0,0,65,0,1,5,12,6,2,1,0,0,0,1,1,35971,6,1,0,0,3,0,72,155,0,0,0,0,0,0,0,0,0,3,89,28,0,0,1,2,30,2,5,2,1,0,0,14,10,99,1,2,64,"777777777777","777777777777","777777777777",1,1
1,10199,2,2,1,29,4,16,45,12,6,1,0,1,1,20,481,20481,31,2011,"1GC1KXC8XBF1","1","G","C","1","K","X","C","8","X","B","F","1",0,0,0,"000000000","00000000000",0,0,0,1,0,0,0,0,0,0,0,30,0,0,0,10,6,2,12,0,0,0,1,1,35975,6,1,0,0,3,1,71,200,0,0,0,0,0,0,0,0,0,0,0,0,0,0,1,2,30,3,6,2,1,0,0,14,62,99,1,1,65,"777777777777","777777777777","777777777777",0,0
1,10200,1,1,1,1,5,6,50,1,0,1,0,1,2,12,471,12471,30,1996,"1FTCR10A5TPA","1","F","T","C","R","1","0","A","5","T","P","A",0,0,0,"000000000","00000000000",0,0,0,1,0,0,0,0,0,0,0,999,0,1,1,0,6,2,1,0,0,0,1,1,35072,6,1,0,0,3,0,73,210,1,0,0,0,1,5,2012,6,2015,0,89,58,0,0,1,2,45,1,1,2,1,0,0,1,9,99,9,6,98,"777777777777","777777777777","777777777777",1,0
1,10201,1,2,1,2,2,4,50,12,6,1,0,1,1,49,472,49472,30,2009,"5TEUX42N09Z6","5","T","E","U","X","4","2","N","0","9","Z","6",0,0,0,"000000000","00000000000",0,0,0,1,0,0,0,0,0,0,0,30,0,0,0,4,6,2,12,0,0,0,1,1,35111,6,1,0,0,3,0,69,190,0,0,0,0,0,0,0,0,0,0,38,0,0,0,2,3,55,1,5,2,1,0,0,11,15,1,1,1,68,"777777777777","777777777777","777777777777",0,0
1,10201,2,2,2,2,2,4,50,12,6,1,0,1,1,37,31,37031,3,1998,"2HGEJ6328WH1","2","H","G","E","J","6","3","2","8","W","H","1",0,0,0,"000000000","00000000000",0,0,0,1,0,0,0,0,0,0,0,75,0,0,0,12,6,2,12,0,0,0,1,1,35184,6,1,0,0,3,0,69,151,0,0,0,0,0,0,0,0,0,0,89,0,0,0,2,2,55,1,5,2,1,0,0,1,62,99,1,1,69,"777777777777","777777777777","777777777777",1,1
1,10202,1,1,3,13,2,0,25,39,0,1,0,1,2,22,441,22441,20,2000,"1GMDX03E0YD1","1","G","M","D","X","0","3","E","0","Y","D","1",0,0,0,"000000000","00000000000",0,0,0,1,0,0,0,0,0,0,0,999,0,1,5,12,6,2,1,0,0,0,1,1,36786,6,1,0,0,3,0,65,248,0,0,0,1,0,4,2015,4,2015,0,0,0,0,0,1,2,40,1,6,2,1,0,0,1,13,1,1,4,1,"777777777777","777777777777","777777777777",1,0
1,10203,1,2,1,13,2,11,48,12,2,1,1,1,2,20,481,20481,31,2003,"1GNEC13Z23R1","1","G","N","E","C","1","3","Z","2","3","R","1",0,0,0,"000000000","00000000000",0,0,0,1,0,0,0,0,0,0,0,15,0,0,0,12,4,5,12,0,0,0,1,1,36067,6,1,0,0,3,0,71,160,0,0,0,0,0,0,0,0,0,0,38,28,0,0,1,2,45,1,6,2,1,0,0,98,15,1,1,7,68,"777777777777","777777777777","777777777777",0,1
1,10203,2,2,5,13,2,11,48,12,2,1,0,92,0,35,50,35050,4,2016,"3N1CN7AP3GL8","3","N","1","C","N","7","A","P","3","G","L","8",0,0,0,"000000000","00000000000",0,0,0,1,0,0,0,0,0,0,0,45,0,0,0,12,6,2,12,0,0,0,1,1,35404,6,1,0,0,3,0,73,157,1,0,0,5,1,4,2011,4,2015,0,0,0,0,0,1,2,45,1,5,2,1,0,0,1,62,99,1,1,69,"777777777777","777777777777","777777777777",1,0
1,10204,1,1,2,26,2,14,5,1,0,1,0,1,2,12,471,12471,30,1997,"1FTCR10A9VUC","1","F","T","C","R","1","0","A","9","V","U","C",0,0,0,"000000000","00000000000",0,0,0,1,0,0,0,0,0,0,0,65,0,1,1,0,6,2,1,0,0,0,1,1,35961,6,1,0,0,3,0,76,200,0,0,0,0,0,0,0,0,0,0,89,0,0,0,1,2,55,1,5,2,1,0,0,1,12,9,2,6,98,"777777777777","777777777777","777777777777",1,0
1,10205,1,2,3,16,2,10,55,12,6,1,0,1,2,12,473,12473,30,2002,"1FMZU67E82UB","1","F","M","Z","U","6","7","E","8","2","U","B",0,0,0,"000000000","00000000000",0,0,0,1,0,0,0,0,0,0,0,999,0,1,1,3,6,2,1,0,0,0,1,1,36532,6,1,0,0,3,1,72,165,2,1,0,0,1,6,2013,9,2015,9,58,0,0,0,1,2,55,1,1,2,1,0,0,1,13,6,4,6,66,"777777777777","777777777777","777777777777",1,0
1,10205,2,2,2,16,2,10,55,12,6,1,0,1,2,20,481,20481,31,2011,"1GC1KVCG8BF1","1","G","C","1","K","V","C","G","8","B","F","1",1,1,0,"000000000","00000000000",0,0,0,1,0,0,0,0,0,0,0,45,0,0,0,12,6,2,12,0,0,0,1,1,36542,6,1,6,0,3,0,73,235,0,0,0,0,0,0,0,0,0,0,0,0,0,0,1,2,55,1,1,2,1,0,0,1,62,99,1,1,66,"888888888888","777777777777","777777777777",0,0
1,10206,1,2,1,27,2,12,45,12,1,1,0,1,1,20,481,20481,31,2005,"1GCHK23275F8","1","G","C","H","K","2","3","2","7","5","F","8",0,0,0,"000000000","00000000000",0,0,0,1,0,0,0,0,0,0,0,55,0,0,0,12,6,2,12,0,0,0,1,1,35652,6,1,0,0,3,0,72,200,0,0,0,1,0,3,2011,3,2011,0,89,0,0,0,1,2,55,1,3,2,1,0,0,1,51,1,1,1,24,"777777777777","777777777777","777777777777",0,0
1,10206,2,2,1,27,2,12,45,12,1,1,0,92,0,98,739,98739,90,2003,"000000000000","0","0","0","0","0","0","0","0","0","0","0","0",0,0,0,"000000000","00000000000",0,0,0,1,0,0,0,0,0,0,0,15,0,0,0,6,6,2,12,0,0,0,1,1,35661,6,1,0,0,1,0,71,185,0,0,0,0,0,0,0,0,0,0,0,0,0,0,1,2,55,1,3,2,1,0,0,1,53,1,1,1,25,"777777777777","777777777777","777777777777",1,0
1,10207,1,1,1,20,2,2,36,42,0,1,0,1,1,2,404,2404,14,1998,"1J4FX58S7WC2","1","J","4","F","X","5","8","S","7","W","C","2",0,0,0,"000000000","00000000000",0,0,0,1,0,0,0,0,0,0,0,55,0,1,5,12,6,2,1,0,0,0,1,1,36801,6,1,0,0,3,0,73,160,1,0,0,1,0,9,2011,3,2012,0,0,0,0,0,1,2,55,3,6,2,1,0,0,14,13,1,1,4,1,"777777777777","777777777777","777777777777",1,0
1,10208,1,1,1,18,2,23,20,32,0,1,0,92,0,19,21,19021,4,2005,"1G6DW6778501","1","G","6","D","W","6","7","7","8","5","0","1",0,0,0,"000000000","00000000000",0,0,0,1,0,0,0,0,0,0,0,55,0,1,5,12,6,2,1,0,0,0,1,1,35619,6,1,0,0,3,0,71,170,0,0,0,0,0,0,0,0,0,0,58,0,0,0,1,2,70,1,1,2,1,0,0,1,13,6,1,4,6,"777777777777","777777777777","777777777777",1,0
1,10209,1,2,1,18,2,12,12,12,6,1,0,1,1,49,32,49032,4,2002,"1NXBR12EX2Z6","1","N","X","B","R","1","2","E","X","2","Z","6",0,0,0,"000000000","00000000000",0,0,0,1,0,0,0,0,0,0,0,10,0,0,0,11,6,2,12,0,0,0,1,1,35150,6,1,0,0,3,0,70,180,1,0,0,1,0,9,2012,4,2014,0,38,0,0,0,0,0,0,0,0,0,0,0,0,1,17,1,1,1,89,"777777777777","777777777777","777777777777",0,1
1,10209,2,2,1,18,2,12,12,12,6,1,0,1,1,72,706,72706,80,2002,"1HD1GEV132K4","1","H","D","1","G","E","V","1","3","2","K","4",0,0,0,"000000000","00000000000",0,0,0,1,0,0,0,0,0,0,0,60,0,0,0,12,6,2,12,0,0,0,1,1,35150,6,1,0,0,2,1,68,180,0,0,0,0,0,0,0,0,0,0,89,0,0,0,2,2,65,1,6,2,1,0,0,1,71,1,1,1,88,"777777777777","777777777777","777777777777",1,0
1,10210,1,2,1,13,2,21,45,12,2,1,0,1,2,20,39,20039,4,2006,"KL1TD56616B5","K","L","1","T","D","5","6","6","1","6","B","5",0,0,0,"000000000","00000000000",0,0,0,1,0,0,0,0,0,0,0,50,0,0,0,12,6,2,12,0,0,0,1,1,35055,6,1,0,0,3,0,66,195,0,0,0,1,1,6,2012,10,2012,3,28,0,0,0,1,2,40,1,5,2,1,0,0,1,10,1,1,2,50,"777777777777","777777777777","777777777777",1,0
1,10210,2,2,2,13,2,21,45,12,2,1,0,1,2,14,401,14401,14,2000,"4M2ZU86P8YUJ","4","M","2","Z","U","8","6","P","8","Y","U","J",0,0,0,"000000000","00000000000",0,0,0,1,0,0,0,0,0,0,0,40,0,1,5,12,6,2,12,0,0,0,1,1,35077,6,1,0,0,3,0,67,135,0,0,0,0,0,0,0,0,0,0,0,0,0,0,1,2,40,1,6,2,1,0,0,1,62,1,1,1,51,"777777777777","777777777777","777777777777",0,0
1,10211,1,2,2,9,2,16,20,12,2,1,0,1,1,12,23,12023,4,2015,"3FA6P0G78FR1","3","F","A","6","P","0","G","7","8","F","R","1",0,0,0,"000000000","00000000000",0,0,0,1,0,0,0,0,0,0,0,5,0,0,0,12,6,2,12,0,0,0,1,1,36301,6,1,0,0,3,0,67,150,0,0,0,0,0,0,0,0,0,0,38,0,0,0,1,2,40,1,1,2,1,0,0,11,15,1,1,1,68,"777777777777","777777777777","777777777777",1,0
1,10211,2,2,2,9,2,16,20,12,2,1,0,1,1,2,403,2403,14,2004,"1J4FA39S84P7","1","J","4","F","A","3","9","S","8","4","P","7",0,0,0,"000000000","00000000000",0,0,0,1,0,0,0,0,0,0,0,30,0,0,0,12,6,2,12,0,0,0,1,1,36301,6,1,0,0,3,1,65,145,0,0,0,0,0,0,0,0,0,0,0,0,0,0,1,2,40,1,1,2,1,0,0,1,62,16,1,1,69,"777777777777","777777777777","777777777777",0,0
1,10212,1,2,1,7,2,18,10,12,2,1,0,1,1,54,35,54035,4,2003,"19UUA56923A0","1","9","U","U","A","5","6","9","2","3","A","0",0,0,0,"000000000","00000000000",0,0,0,1,0,0,0,0,0,0,0,50,0,0,0,12,6,2,12,0,0,0,1,1,35160,6,1,0,0,3,0,69,190,3,0,0,2,1,3,2012,9,2015,0,28,0,0,0,1,2,55,1,1,2,1,0,0,1,10,1,1,2,50,"777777777777","777777777777","777777777777",1,0
1,10212,2,2,2,7,2,18,10,12,2,1,0,1,2,37,37,37037,5,2010,"JHMZE2H76AS0","J","H","M","Z","E","2","H","7","6","A","S","0",0,0,0,"000000000","00000000000",0,0,0,1,0,0,0,0,0,0,0,50,0,0,0,12,6,2,12,0,0,0,1,1,35072,6,1,0,0,3,0,74,175,1,0,0,1,0,6,2014,8,2014,0,0,0,0,0,1,2,55,1,1,2,1,0,0,1,62,7,1,1,51,"777777777777","777777777777","777777777777",0,0
1,10213,1,1,1,5,2,6,9,32,0,1,0,1,1,12,422,12422,15,1998,"1FMRU1761WLC","1","F","M","R","U","1","7","6","1","W","L","C",0,0,0,"000000000","00000000000",0,0,0,1,0,0,0,0,0,0,0,65,0,1,5,12,6,2,1,0,0,0,1,1,36860,6,1,0,0,3,0,63,170,0,0,0,0,0,0,0,0,0,0,0,0,0,0,1,2,55,2,5,2,1,0,0,14,13,1,1,4,1,"777777777777","777777777777","777777777777",1,0
1,10214,1,1,1,1,1,2,22,1,0,1,0,1,3,32,43,32043,4,2006,"WAUDF78E26A2","W","A","U","D","F","7","8","E","2","6","A","2",0,0,0,"000000000","00000000000",0,0,0,1,0,0,0,0,0,0,0,80,0,2,5,0,6,2,42,0,0,0,1,1,35978,6,1,6,0,3,1,67,185,0,0,0,0,0,0,0,0,0,3,89,8,37,0,1,2,45,3,1,2,1,0,0,14,13,1,1,4,1,"777777777777","777777777777","777777777777",1,1
1,10215,1,2,2,2,1,14,27,12,6,1,0,1,1,49,482,49482,31,2005,"5TBET34165S4","5","T","B","E","T","3","4","1","6","5","S","4",0,0,0,"000000000","00000000000",0,0,0,1,0,0,0,0,0,0,0,50,0,0,0,12,6,2,12,0,0,0,1,1,36106,6,1,0,0,3,0,66,165,7,0,0,1,0,7,2011,10,2015,0,39,0,0,0,2,4,55,1,1,2,1,3,3,1,17,1,1,1,69,"777777777777","777777777777","777777777777",0,0
1,10215,2,2,1,2,1,14,27,12,6,1,0,1,1,49,40,49040,4,2005,"4T1BE32K25U4","4","T","1","B","E","3","2","K","2","5","U","4",0,0,0,"000000000","00000000000",0,0,0,1,0,0,0,0,0,0,0,15,0,0,0,3,6,2,12,0,0,0,1,1,36110,6,1,0,0,3,1,65,125,0,0,0,0,0,0,0,0,0,0,0,0,0,0,2,4,55,1,1,2,1,3,3,11,15,99,1,1,68,"777777777777","777777777777","777777777777",1,0
1,10216,1,2,1,2,1,16,30,12,2,1,0,1,2,49,401,49401,14,1988,"JT4RN50R9J03","J","T","4","R","N","5","0","R","9","J","0","3",0,0,0,"000000000","00000000000",0,0,0,1,0,0,0,0,0,0,0,55,0,0,0,12,6,2,12,0,0,0,1,1,36092,1,1,0,0,2,1,71,175,0,0,0,0,0,0,0,0,0,0,28,0,0,0,1,2,55,1,1,2,1,0,0,1,10,1,1,2,50,"777777777777","777777777777","777777777777",1,0
1,10216,2,2,1,2,1,16,30,12,2,1,0,1,1,20,481,20481,31,2005,"1GNEK13T15R2","1","G","N","E","K","1","3","T","1","5","R","2",0,0,0,"000000000","00000000000",0,0,0,1,0,0,0,0,0,0,0,55,0,0,0,12,6,2,12,0,0,0,1,1,36024,6,1,0,0,3,0,65,115,0,0,0,0,0,0,0,0,0,0,0,0,0,0,1,2,55,1,1,2,1,0,0,1,62,99,1,1,51,"777777777777","777777777777","777777777777",0,0
1,10217,1,2,1,4,2,10,16,12,6,1,0,1,2,12,23,12023,4,2015,"3FA6P0G75FR2","3","F","A","6","P","0","G","7","5","F","R","2",0,0,0,"000000000","00000000000",0,0,0,1,0,0,0,0,0,0,0,50,3,0,0,12,6,2,12,0,0,0,1,1,35906,6,2,0,0,3,1,66,145,1,0,0,1,0,9,2013,1,2014,3,39,0,0,0,1,2,45,1,1,2,1,20,3,1,17,1,1,1,86,"777777777777","777777777777","777777777777",1,0
1,10217,2,2,1,4,2,10,16,12,6,1,0,1,2,84,884,84884,64,2006,"1HTMMAAL76H3","1","H","T","M","M","A","A","L","7","6","H","3",0,0,57,"2275002","572275002",2,1,1,1,0,0,0,0,0,0,0,35,0,0,0,3,6,2,12,0,0,0,1,1,35805,6,1,0,0,3,0,65,282,1,0,0,1,1,10,2011,3,2015,0,0,0,0,0,1,2,35,1,1,2,1,0,0,1,66,1,1,1,87,"777777777777","777777777777","777777777777",0,0
1,10218,1,1,1,2,1,17,20,59,0,1,0,1,2,20,404,20404,14,2008,"2CNDL33F2863","2","C","N","D","L","3","3","F","2","8","6","3",0,0,0,"000000000","00000000000",0,0,0,1,0,0,0,0,0,0,0,999,0,0,0,12,6,2,42,0,0,0,1,1,36701,1,1,0,0,2,0,68,165,0,1,1,0,0,5,2011,7,2011,0,89,0,0,0,1,2,45,3,1,2,1,0,0,14,13,99,1,4,1,"777777777777","777777777777","777777777777",1,0
1,10219,1,1,3,18,1,12,45,5,0,1,0,1,2,37,739,37739,90,2012,"1HFTE3804C40","1","H","F","T","E","3","8","0","4","C","4","0",0,0,0,"000000000","00000000000",0,0,0,1,0,0,0,0,0,0,0,10,0,0,0,0,0,3,5,0,0,0,1,1,35650,6,7,0,0,1,0,66,120,0,0,0,0,0,0,0,0,0,0,0,0,0,0,1,2,45,1,6,2,1,0,0,1,98,1,1,1,0,"777777777777","777777777777","777777777777",1,0
1,10220,1,1,1,27,1,7,0,52,0,1,0,1,1,20,401,20401,14,2002,"1GCCS19WX281","1","G","C","C","S","1","9","W","X","2","8","1",0,0,0,"000000000","00000000000",0,0,0,1,0,0,0,0,0,0,0,65,0,0,0,12,6,2,52,0,0,0,1,1,35670,6,1,0,0,3,0,72,150,0,0,0,2,0,1,2012,10,2012,3,28,0,0,0,1,2,45,2,6,2,1,0,0,14,12,1,1,4,6,"777777777777","777777777777","777777777777",1,0
1,10221,1,2,2,16,1,13,50,12,6,1,0,92,0,98,998,98998,97,9999,"888888888888","8","8","8","8","8","8","8","8","8","8","8","8",0,0,0,"000000000","00000000000",0,0,0,1,0,0,0,0,0,0,0,999,0,0,0,5,6,2,12,0,0,0,1,1,36608,0,0,0,0,1,0,999,999,0,0,0,0,0,0,0,0,0,0,48,0,0,0,1,2,40,1,1,2,1,0,0,10,16,1,1,2,70,"777777777777","777777777777","777777777777",1,0
1,10221,2,2,2,16,1,13,50,12,6,1,0,92,0,41,49,41049,4,2004,"JM1FE1733401","J","M","1","F","E","1","7","3","3","4","0","1",0,0,0,"000000000","00000000000",0,0,0,1,0,0,0,0,0,0,0,999,0,0,0,12,6,2,12,0,0,0,1,1,36608,6,1,0,0,3,0,72,180,0,1,0,1,2,6,2011,5,2015,0,0,0,0,0,1,2,40,1,1,2,1,0,0,1,60,9,1,6,71,"777777777777","777777777777","777777777777",0,0
1,10222,1,1,1,21,1,21,10,42,0,1,0,1,1,49,48,49048,5,2006,"JTKKT6242601","J","T","K","K","T","6","2","4","2","6","0","1",0,0,0,"000000000","00000000000",0,0,0,1,0,0,0,0,0,0,0,60,0,0,0,11,6,2,42,0,0,0,1,1,36025,6,1,0,0,3,0,71,240,0,0,0,1,0,8,2011,8,2011,0,0,0,0,0,1,2,55,1,1,2,2,0,0,1,13,99,1,4,1,"777777777777","777777777777","777777777777",1,0
1,10223,1,2,1,11,1,17,36,12,6,1,0,1,2,12,3,12003,2,1999,"1FAFP4042XF2","1","F","A","F","P","4","0","4","2","X","F","2",0,0,0,"000000000","00000000000",0,0,0,1,0,0,0,0,0,0,0,95,0,0,0,1,6,2,12,0,0,0,1,1,35121,6,1,0,0,3,0,70,210,1,0,0,1,0,12,2011,4,2014,3,8,0,0,0,2,2,65,1,1,2,1,0,0,1,10,1,1,6,64,"777777777777","777777777777","777777777777",1,0
1,10223,2,2,1,11,1,17,36,12,6,1,0,1,1,6,441,6441,20,2006,"2A4GP44RX6R7","2","A","4","G","P","4","4","R","X","6","R","7",0,0,0,"000000000","00000000000",0,0,0,1,0,0,0,0,0,0,0,65,0,0,0,12,6,2,12,0,0,0,1,1,35972,6,1,6,0,3,0,70,200,0,0,0,0,0,0,0,0,0,0,0,0,0,0,2,2,65,1,1,2,1,0,0,1,62,1,1,1,65,"777777777777","777777777777","777777777777",1,0
1,10224,1,2,1,9,1,5,38,12,8,1,0,1,3,98,805,98805,63,2006,"10TDAAC236S0","1","0","T","D","A","A","C","2","3","6","S","0",0,0,57,"669746","57669746",3,2,5,1,0,0,0,0,0,0,0,35,0,1,5,10,6,2,24,0,0,0,1,1,36075,6,1,6,0,3,0,73,185,0,0,0,0,5,6,2011,6,2015,0,28,0,0,0,1,2,35,1,1,1,1,0,0,1,10,1,1,2,64,"777777777777","777777777777","777777777777",1,0
1,10224,2,2,1,9,1,5,38,12,8,1,0,1,3,98,805,98805,63,2006,"10TDAAC226S0","1","0","T","D","A","A","C","2","2","6","S","0",0,0,57,"669746","57669746",3,2,5,1,0,0,0,0,0,0,0,30,0,0,0,11,6,2,12,0,0,0,1,1,36066,6,1,6,0,3,0,71,185,1,0,0,0,1,6,2011,7,2015,0,89,0,0,0,1,2,35,1,1,1,1,0,0,1,62,1,1,1,65,"777777777777","777777777777","777777777777",0,0
1,10225,1,3,2,17,1,18,5,12,1,1,0,1,2,12,17,12017,4,2003,"1FAHP56S53G2","1","F","A","H","P","5","6","S","5","3","G","2",0,0,0,"000000000","00000000000",0,0,0,1,0,0,0,0,0,0,0,55,0,0,0,12,6,2,12,0,0,0,1,1,35645,6,1,0,0,3,1,62,140,0,0,0,1,0,8,2011,8,2011,0,26,0,0,0,1,2,55,1,1,2,1,0,0,1,52,1,1,1,28,"777777777777","777777777777","777777777777",1,0
1,10225,2,3,1,17,1,18,5,12,1,1,0,1,1,12,422,12422,15,2003,"1FMRU15W03LB","1","F","M","R","U","1","5","W","0","3","L","B",0,0,0,"000000000","00000000000",0,0,0,1,0,0,0,0,0,0,0,10,0,0,0,6,4,5,12,0,0,0,1,1,35645,6,1,0,0,3,0,71,130,1,0,0,0,0,12,2015,12,2015,0,0,0,0,0,1,2,55,1,1,2,1,0,0,2,53,1,1,1,31,"777777777777","777777777777","777777777777",0,0
1,10225,3,3,1,17,1,18,5,12,1,1,0,1,1,12,481,12481,31,1997,"1FTEF18LXVKD","1","F","T","E","F","1","8","L","X","V","K","D",0,0,0,"000000000","00000000000",0,0,0,1,0,0,0,0,0,0,0,55,0,0,0,12,6,2,12,0,0,0,1,1,35645,6,1,0,0,3,0,72,178,1,0,0,1,1,11,2012,3,2014,0,0,0,0,0,1,2,55,1,1,2,1,0,0,1,62,1,1,1,98,"777777777777","777777777777","777777777777",0,0
1,10226,1,2,1,10,2,22,25,12,1,1,0,1,2,20,481,20481,31,2007,"2GCEC13J1715","2","G","C","E","C","1","3","J","1","7","1","5",0,0,0,"000000000","00000000000",0,0,0,1,0,0,0,0,0,0,0,999,0,0,0,12,6,2,12,0,0,0,1,1,36051,6,2,0,0,3,1,64,180,2,0,0,2,0,3,2014,2,2015,3,0,0,0,0,3,3,65,1,1,2,1,0,0,1,52,1,1,1,28,"777777777777","777777777777","777777777777",0,0
1,10226,2,2,2,10,2,22,25,12,1,1,0,1,1,19,18,19018,4,2007,"1G6DP5774701","1","G","6","D","P","5","7","7","4","7","0","1",0,0,0,"000000000","00000000000",0,0,0,1,0,0,0,0,0,0,0,45,0,0,0,6,6,2,12,0,0,1,1,1,36051,6,1,0,0,3,0,62,100,0,0,0,0,0,0,0,0,0,0,0,0,0,0,3,3,65,1,1,2,1,0,0,2,53,1,1,1,29,"777777777777","777777777777","777777777777",2,0
1,10227,1,3,1,2,1,18,5,12,1,1,0,1,2,12,23,12023,4,2011,"3FAHP0HAXBR1","3","F","A","H","P","0","H","A","X","B","R","1",0,0,0,"000000000","00000000000",0,0,0,1,0,0,0,0,0,0,0,90,0,0,0,12,6,2,12,0,0,0,1,21,36542,6,1,0,0,3,0,67,106,0,0,0,0,0,0,0,0,0,3,0,0,0,0,3,3,70,1,1,2,1,0,0,1,51,1,1,1,24,"777777777777","777777777777","777777777777",0,0
1,10227,2,3,3,2,1,18,5,12,1,1,0,1,1,20,9,20009,2,2012,"2G1FB1E30C91","2","G","1","F","B","1","E","3","0","C","9","1",0,0,0,"000000000","00000000000",0,0,0,1,0,0,0,0,0,0,0,55,0,0,0,6,6,2,12,0,0,0,1,1,36108,6,1,0,0,3,0,60,120,4,0,0,0,0,9,2011,12,2014,0,26,0,0,0,3,3,70,1,1,2,1,0,0,1,53,1,1,1,25,"777777777777","777777777777","777777777777",1,0
1,10227,3,3,2,2,1,18,5,12,1,1,0,1,1,2,403,2403,14,2008,"1J8GA59178L6","1","J","8","G","A","5","9","1","7","8","L","6",0,0,0,"000000000","00000000000",0,0,0,1,0,0,0,0,0,0,0,55,0,0,0,6,6,2,12,0,0,0,1,1,36067,6,1,0,0,3,1,73,195,0,0,0,0,0,0,0,0,0,0,0,0,0,0,3,3,70,1,1,2,1,0,0,1,53,1,1,1,98,"777777777777","777777777777","777777777777",0,0
1,10228,1,1,2,11,1,18,35,23,0,1,0,31,3,82,881,82881,66,2014,"3AKJGLD53ESF","3","A","K","J","G","L","D","5","3","E","S","F",1,1,99,"999999999","99999999999",3,6,1,1,0,0,0,0,0,0,0,998,0,0,0,1,6,2,23,0,0,1,1,32,89032,9,9,99,9,9,9,999,999,99,99,99,99,99,99,9999,99,9999,0,0,0,0,0,2,2,70,1,1,1,1,0,0,1,13,1,1,4,1,"888888888888","777777777777","777777777777",1,0