"STATE","ST_CASE","VEH_NO","VE_FORMS","NUMOCCS","DAY","MONTH","HOUR","MINUTE","HARM_EV","MAN_COLL","UNITTYPE","HIT_RUN","REG_STAT","OWNER","MAKE","MODEL","MAK_MOD","BODY_TYP","MOD_YEAR","VIN","VIN_1","VIN_2","VIN_3","VIN_4","VIN_5","VIN_6","VIN_7","VIN_8","VIN_9","VIN_10","VIN_11","VIN_12","TOW_VEH","J_KNIFE","MCARR_I1","MCARR_I2","MCARR_ID","GVWR","V_CONFIG","CARGO_BT","HAZ_INV","HAZ_PLAC","HAZ_ID","HAZ_CNO","HAZ_REL","BUS_USE","SPEC_USE","EMER_USE","TRAV_SP","UNDERIDE","ROLLOVER","ROLINLOC","IMPACT1","DEFORMED","TOWED","M_HARM","VEH_SC1","VEH_SC2","FIRE_EXP","DR_PRES","L_STATE","DR_ZIP","L_STATUS","L_TYPE","CDL_STAT","L_ENDORS","L_COMPL","L_RESTRI","DR_HGT","DR_WGT","PREV_ACC","PREV_SUS","PREV_DWI","PREV_SPD","PREV_OTH","FIRST_MO","FIRST_YR","LAST_MO","LAST_YR","SPEEDREL","DR_SF1","DR_SF2","DR_SF3","DR_SF4","VTRAFWAY","VNUM_LAN","VSPD_LIM","VALIGN","VPROFILE","VPAVETYP","VSURCOND","VTRAFCON","VTCONT_F","P_CRASH1","P_CRASH2","P_CRASH3","PCRASH4","PCRASH5","ACC_TYPE","TRLR1VIN","TRLR2VIN","TRLR3VIN","DEATHS","DR_DRINK"
1,10269,2,2,2,15,5,14,48,12,1,1,0,1,1,76,706,76706,80,2005,"JYAVP11E85A0","J","Y","A","V","P","1","1","E","8","5","A","0",0,0,0,"000000000","00000000000",0,0,0,1,0,0,0,0,0,0,0,45,0,0,0,6,6,2,12,0,0,0,1,1,35901,6,1,6,0,3,0,77,250,1,0,0,0,0,12,2012,12,2012,0,0,0,0,0,2,2,65,1,6,2,1,0,0,1,53,1,1,1,25,"777777777777","777777777777","777777777777",1,0
1,10271,1,2,1,18,5,16,25,12,2,1,0,1,2,12,37,12037,4,2011,"1FAHP3FN7BW1","1","F","A","H","P","3","F","N","7","B","W","1",0,0,0,"000000000","00000000000",0,0,0,1,0,0,0,0,0,0,0,999,0,0,0,12,6,2,12,0,0,0,1,1,36265,1,1,0,0,2,0,75,372,0,0,0,0,0,0,0,0,0,9,28,0,0,0,1,2,55,1,6,2,2,0,0,1,10,7,1,2,50,"777777777777","777777777777","777777777777",1,0
1,10271,2,2,1,18,5,16,25,12,2,1,0,1,2,7,482,7482,31,2012,"3C63D3DL1CG2","3","C","6","3","D","3","D","L","1","C","G","2",0,0,0,"000000000","00000000000",0,0,0,1,0,0,0,0,0,0,0,50,0,0,0,12,6,2,12,0,0,0,1,1,35971,6,1,0,0,3,0,70,220,0,0,0,2,0,5,2012,2,2014,0,89,0,0,0,1,2,55,1,5,2,2,0,0,1,62,6,1,2,51,"777777777777","777777777777","777777777777",0,0
1,10272,1,2,1,13,5,17,41,34,0,1,0,1,2,52,401,52401,14,2002,"JA4LS41R12P0","J","A","4","L","S","4","1","R","1","2","P","0",0,0,0,"000000000","00000000000",0,0,0,1,0,0,0,0,0,0,0,65,0,1,1,1,6,2,12,0,0,0,1,1,35903,6,1,0,0,3,0,70,232,0,0,0,0,0,0,0,0,0,0,0,0,0,0,2,2,65,1,1,2,1,0,0,1,12,1,4,4,7,"777777777777","777777777777","777777777777",1,0
1,10272,2,2,1,13,5,17,41,34,0,1,0,39,3,82,881,82881,66,2014,"3AKJGLD61ESF","3","A","K","J","G","L","D","6","1","E","S","F",1,1,57,"92321","5792321",3,6,3,1,0,0,0,0,0,0,0,65,0,0,0,12,6,2,12,0,0,0,1,1,35150,6,1,6,0,3,0,74,309,0,0,0,0,0,0,0,0,0,0,89,0,0,0,2,2,65,1,1,2,1,0,0,1,62,7,1,2,98,"888888888888","777777777777","777777777777",0,0
1,10273,1,2,2,5,4,13,18,12,6,1,0,1,2,12,443,12443,20,2005,"2FMZA51675BA","2","F","M","Z","A","5","1","6","7","5","B","A",0,0,0,"000000000","00000000000",0,0,0,1,0,0,0,0,0,0,0,999,0,0,0,12,6,2,12,0,0,0,1,1,36502,6,1,0,0,3,0,66,160,0,0,0,0,0,0,0,0,0,9,99,99,99,99,1,2,25,1,1,2,1,20,3,99,19,1,1,1,86,"777777777777","777777777777","777777777777",0,0
1,10273,2,2,1,5,4,13,18,12,6,1,0,1,2,2,405,2405,14,2010,"1J4PP2GK1AW1","1","J","4","P","P","2","G","K","1","A","W","1",0,0,0,"000000000","00000000000",0,0,0,1,0,0,0,0,0,0,0,999,0,0,0,4,6,2,12,0,0,0,1,1,36426,6,1,0,0,3,1,63,110,0,0,0,0,0,0,0,0,0,9,99,99,99,99,2,2,55,1,1,2,1,0,0,1,68,99,1,1,87,"777777777777","777777777777","777777777777",1,0
1,10274,1,1,1,5,5,16,30,8,0,1,0,1,1,7,472,7472,31,1991,"1B7FL23X4MS3","1","B","7","F","L","2","3","X","4","M","S","3",0,0,0,"000000000","00000000000",0,0,0,1,0,0,0,0,0,0,0,40,0,0,0,12,2,3,8,0,0,0,1,1,35180,6,1,0,0,3,1,72,220,1,0,0,0,0,4,2014,4,2014,3,0,0,0,0,1,2,30,2,6,2,1,0,0,14,80,8,1,1,13,"777777777777","777777777777","777777777777",0,0
1,10275,1,1,1,13,5,99,99,8,0,1,1,99,9,99,999,99999,99,9999,"999999999999","9","9","9","9","9","9","9","9","9","9","9","9",0,0,0,"000000000","00000000000",0,0,0,1,0,0,0,0,0,0,0,999,0,0,0,99,9,5,8,0,0,0,1,99,99999,9,9,99,9,9,9,999,999,99,99,99,99,99,99,9999,99,9999,9,99,99,99,99,1,2,30,1,5,2,1,0,0,1,80,99,1,1,13,"777777777777","777777777777","777777777777",0,0
1,10276,1,1,1,19,5,19,32,1,0,1,0,1,1,12,481,12481,31,2007,"1FTWW31PX7EA","1","F","T","W","W","3","1","P","X","7","E","A",0,0,0,"000000000","00000000000",0,0,0,1,0,0,0,0,0,0,0,999,0,1,5,0,6,2,1,0,0,0,1,1,35901,6,1,0,0,3,0,71,250,0,0,0,0,0,0,0,0,0,9,8,0,0,0,1,2,35,2,1,2,1,0,0,14,13,99,1,4,6,"777777777777","777777777777","777777777777",1,0
1,10277,1,1,3,21,5,21,1,8,0,1,0,1,2,55,33,55033,4,2014,"5NPEC4AC2EH9","5","N","P","E","C","4","A","C","2","E","H","9",0,0,0,"000000000","00000000000",0,0,0,1,0,0,0,0,0,0,0,50,0,0,0,12,4,3,8,0,0,0,1,1,35453,6,1,0,0,3,1,64,200,0,0,0,0,0,0,0,0,0,0,0,0,0,0,1,5,45,1,5,2,1,0,0,1,80,16,1,1,13,"777777777777","777777777777","777777777777",0,0
1,10278,1,1,1,21,5,10,30,35,0,1,0,1,1,49,401,49401,14,1994,"JT4RN01P5R70","J","T","4","R","N","0","1","P","5","R","7","0",0,0,0,"000000000","00000000000",0,0,0,1,0,0,0,0,0,0,0,65,0,1,5,11,6,2,1,0,0,0,1,1,35117,6,1,0,0,3,0,69,235,0,0,0,0,0,0,0,0,0,0,0,0,0,0,2,2,65,3,5,2,1,0,0,14,12,1,1,4,6,"777777777777","777777777777","777777777777",1,0
1,10279,1,1,1,22,5,8,35,32,0,1,0,1,1,12,17,12017,4,2014,"1FAHP2F82EG1","1","F","A","H","P","2","F","8","2","E","G","1",0,0,0,"000000000","00000000000",0,0,0,1,0,0,0,0,0,0,0,55,0,1,5,12,6,2,32,0,0,0,1,1,35131,6,1,0,0,3,0,72,245,0,0,0,0,0,0,0,0,0,0,28,0,0,0,1,2,55,1,6,2,1,0,0,1,12,1,1,4,6,"777777777777","777777777777","777777777777",1,0
1,10280,1,1,1,22,5,2,14,8,0,1,0,1,2,12,481,12481,31,2005,"1FTRF12255NA","1","F","T","R","F","1","2","2","5","5","N","A",0,0,0,"000000000","00000000000",0,0,0,1,0,0,0,0,0,0,0,55,0,0,0,12,2,3,8,0,0,0,1,13,36869,6,1,5,0,3,0,72,187,98,1,0,1,1,7,2014,5,2016,0,0,0,0,0,2,2,55,1,6,2,1,0,0,1,80,6,1,1,13,"777777777777","777777777777","777777777777",0,0
1,10281,1,2,2,22,5,16,25,12,6,1,0,1,1,20,471,20471,30,1992,"1GCCS19Z7N81","1","G","C","C","S","1","9","Z","7","N","8","1",0,0,0,"000000000","00000000000",0,0,0,1,0,0,0,0,0,0,0,35,0,0,0,9,6,2,12,0,0,0,1,1,35016,6,1,0,0,3,0,72,325,0,0,0,0,0,0,0,0,0,0,38,0,0,0,1,2,35,1,1,2,1,20,3,1,17,1,1,1,89,"777777777777","777777777777","777777777777",1,0
1,10281,2,2,1,22,5,16,25,12,6,1,0,1,1,12,481,12481,31,1997,"1FTDX172XVNA","1","F","T","D","X","1","7","2","X","V","N","A",0,0,0,"000000000","00000000000",0,0,0,1,0,0,0,0,0,0,0,35,0,0,0,12,6,2,12,0,0,0,1,1,35087,6,1,6,0,3,0,69,195,0,0,0,0,0,0,0,0,0,0,0,0,0,0,1,2,35,1,1,2,1,0,0,1,66,1,1,1,88,"777777777777","777777777777","777777777777",0,0
1,10282,1,2,2,22,5,13,53,1,0,1,0,1,1,37,706,37706,80,2005,"1HFSC55085A1","1","H","F","S","C","5","5","0","8","5","A","1",0,0,0,"000000000","00000000000",0,0,0,1,0,0,0,0,0,0,0,55,0,0,0,0,6,2,12,0,0,0,1,1,35978,6,1,0,0,3,0,70,220,0,0,0,0,0,0,0,0,0,0,89,0,0,0,1,2,55,1,1,2,1,0,0,1,52,7,1,2,98,"777777777777","777777777777","777777777777",1,0
1,10282,2,2,2,22,5,13,53,1,0,1,0,1,2,86,881,86881,66,2000,"1M1AA13Y6YW1","1","M","1","A","A","1","3","Y","6","Y","W","1",1,1,77,"777777777","77777777777",3,6,8,1,0,0,0,0,0,0,0,10,0,0,0,9,2,3,12,0,0,0,1,13,30145,6,1,6,0,3,1,72,230,98,0,0,0,1,1,2016,1,2016,0,0,0,0,0,1,2,55,1,1,2,1,0,0,11,15,1,1,1,98,"888888888888","777777777777","777777777777",0,0
1,10283,1,2,1,23,5,8,30,8,0,1,0,1,2,63,402,63402,14,2005,"KNDJD7336554","K","N","D","J","D","7","3","3","6","5","5","4",0,0,0,"000000000","00000000000",0,0,0,1,0,0,0,0,0,0,0,999,0,0,0,12,6,2,8,0,0,0,1,1,35570,6,1,0,0,3,0,62,140,0,0,0,0,0,0,0,0,0,0,0,0,0,0,5,5,45,1,6,2,1,0,0,1,80,1,1,1,13,"777777777777","777777777777","777777777777",0,0
1,10283,2,2,0,23,5,8,30,8,0,1,0,1,6,23,481,23481,31,2003,"2GTEK19T3311","2","G","T","E","K","1","9","T","3","3","1","1",0,0,0,"000000000","00000000000",0,0,0,1,0,0,0,0,0,0,0,0,0,0,0,6,6,2,12,0,0,0,0,0,99997,7,6,97,7,6,7,998,997,998,998,998,998,998,98,9998,98,9998,8,0,0,0,0,5,5,45,1,6,2,1,0,0,0,53,0,0,0,98,"777777777777","777777777777","777777777777",0,0
1,10284,1,1,1,25,5,19,15,8,0,1,0,1,1,72,706,72706,80,2009,"1HD1BX5139Y0","1","H","D","1","B","X","5","1","3","9","Y","0",0,0,0,"000000000","00000000000",0,0,0,1,0,0,0,0,0,0,0,55,0,0,0,12,6,2,8,0,0,0,1,1,36605,6,1,0,0,3,0,70,180,0,0,0,0,1,8,2015,8,2015,3,89,8,0,0,1,2,30,1,1,2,1,0,0,1,80,1,1,1,13,"777777777777","777777777777","777777777777",0,0
1,10285,1,1,1,25,5,12,40,32,0,1,0,47,1,37,402,37402,14,2010,"5J6RE3H36AL0","5","J","6","R","E","3","H","3","6","A","L","0",0,0,0,"000000000","00000000000",0,0,0,1,0,0,0,0,0,0,0,55,0,1,5,12,6,2,1,0,0,0,1,47,37091,6,1,0,0,3,1,71,240,0,0,0,1,0,3,2014,3,2014,0,0,0,0,0,1,2,55,3,6,2,1,0,0,14,13,1,1,4,1,"777777777777","777777777777","777777777777",1,0
1,10286,1,1,2,26,5,23,0,42,0,1,0,1,1,7,482,7482,31,1999,"1B7KC236XXJ5","1","B","7","K","C","2","3","6","X","X","J","5",0,0,0,"000000000","00000000000",0,0,0,1,0,0,0,0,0,0,0,999,0,1,5,12,6,2,1,0,0,0,1,1,35004,6,1,0,0,3,0,68,175,1,0,0,0,0,3,2013,3,2013,9,0,0,0,0,1,2,35,3,6,2,1,0,0,14,13,1,1,4,1,"777777777777","777777777777","777777777777",1,0
1,10287,1,3,1,26,5,16,10,12,1,1,0,1,2,22,401,22401,14,2002,"3G7DA03E22S5","3","G","7","D","A","0","3","E","2","2","S","5",0,0,0,"000000000","00000000000",0,0,0,1,0,0,0,0,0,0,0,999,0,0,0,12,6,2,12,0,0,0,1,1,35206,1,1,0,0,2,1,72,145,2,0,0,0,0,12,2011,3,2014,9,26,0,0,0,3,3,60,1,1,1,1,0,0,1,52,1,1,1,28,"777777777777","777777777777","777777777777",0,0
1,10287,2,3,1,26,5,16,10,12,1,1,0,1,1,76,709,76709,80,2003,"JYARN07E33A0","J","Y","A","R","N","0","7","E","3","3","A","0",0,0,0,"000000000","00000000000",0,0,0,1,0,0,0,0,0,0,0,999,0,0,0,6,6,2,12,0,0,0,1,1,35235,6,1,0,0,3,0,74,315,0,0,0,0,0,0,0,0,0,0,89,0,0,0,3,3,60,1,1,1,1,0,0,2,53,1,1,1,29,"777777777777","777777777777","777777777777",1,0
1,10287,3,3,1,26,5,16,10,12,1,1,0,1,1,35,43,35043,4,2003,"3N1CB51D63L7","3","N","1","C","B","5","1","D","6","3","L","7",0,0,0,"000000000","00000000000",0,0,0,1,0,0,0,0,0,0,0,999,0,0,0,6,6,2,12,0,0,0,1,1,35235,6,1,0,0,3,1,66,180,0,0,0,0,0,0,0,0,0,0,89,0,0,0,3,3,60,1,1,1,1,0,0,2,53,1,1,1,98,"777777777777","777777777777","777777777777",0,0
1,10288,1,1,1,26,5,12,50,1,0,1,0,1,2,87,884,87884,66,1999,"1XP5DR9X4XD4","1","X","P","5","D","R","9","X","4","X","D","4",1,1,57,"2571707","572571707",3,6,10,1,0,0,0,0,0,0,0,60,0,1,5,0,6,2,1,0,0,0,1,1,36792,6,1,6,0,3,0,71,325,0,0,0,0,1,2,2015,2,2015,0,89,0,0,0,1,2,45,1,1,2,1,0,0,1,12,1,1,4,6,"888888888888","777777777777","777777777777",1,0
1,10289,1,2,1,26,5,14,45,12,2,1,0,1,2,20,481,20481,31,2008,"3GCEK13M88G2","3","G","C","E","K","1","3","M","8","8","G","2",0,0,0,"000000000","00000000000",0,0,0,1,0,0,0,0,0,0,0,999,0,0,0,12,6,2,12,0,0,0,1,1,35952,6,2,0,0,3,1,69,240,0,0,0,0,0,0,0,0,0,0,28,0,0,0,1,2,55,1,1,2,1,0,0,1,10,1,1,2,50,"777777777777","777777777777","777777777777",1,0
1,10289,2,2,4,26,5,14,45,12,2,1,0,1,3,82,981,82981,50,2012,"4UZABRDT2CCB","4","U","Z","A","B","R","D","T","2","C","C","B",0,0,88,"888888888","88888888888",2,21,22,1,0,0,0,0,1,2,0,50,0,0,0,12,6,2,12,0,0,0,1,1,35987,6,1,6,1,3,0,64,170,0,0,0,0,0,0,0,0,0,0,0,0,0,0,1,2,55,1,1,2,1,0,0,1,62,99,1,1,51,"777777777777","777777777777","777777777777",0,0
1,10290,1,1,1,26,5,20,33,15,0,1,0,1,1,2,404,2404,14,2000,"1J4G248S8YC1","1","J","4","G","2","4","8","S","8","Y","C","1",0,0,0,"000000000","00000000000",0,0,0,1,0,0,0,0,0,0,0,45,0,0,0,12,4,3,15,0,0,0,1,1,35816,6,2,0,0,3,2,72,155,0,0,0,0,1,3,2012,3,2012,0,73,0,0,0,5,4,40,1,5,2,1,0,0,6,83,1,1,1,13,"777777777777","777777777777","777777777777",0,0
1,10291,1,2,1,26,5,12,50,12,2,1,0,1,2,49,472,49472,30,2012,"5TFJX4GN3CX0","5","T","F","J","X","4","G","N","3","C","X","0",0,0,0,"000000000","00000000000",0,0,0,1,0,0,0,0,0,0,0,55,0,0,0,12,6,2,12,0,0,0,1,1,35603,6,1,0,0,3,0,63,135,1,0,0,0,0,11,2013,11,2013,0,28,0,0,0,1,2,55,2,5,2,1,0,0,14,10,1,1,2,50,"777777777777","777777777777","777777777777",1,0
1,10291,2,2,1,26,5,12,50,12,2,1,0,1,3,38,882,38882,63,2014,"JALE5W169E73","J","A","L","E","5","W","1","6","9","E","7","3",0,0,57,"986870","57986870",3,1,3,1,0,0,0,0,0,0,0,55,7,0,0,12,6,2,12,0,0,0,1,1,35055,6,1,0,0,3,0,67,240,1,0,0,1,0,4,2012,12,2014,0,0,0,0,0,1,2,55,3,6,2,1,0,0,14,62,1,1,1,51,"777777777777","777777777777","777777777777",0,0
1,10292,1,1,1,27,5,20,9,8,0,1,0,1,2,20,421,20421,15,1999,"1GNEK13R0XJ3","1","G","N","E","K","1","3","R","0","X","J","3",0,0,0,"000000000","00000000000",0,0,0,1,0,0,0,0,0,0,0,999,0,0,0,12,4,5,8,0,0,0,1,55,35811,6,1,0,0,3,0,71,240,0,0,0,0,0,0,0,0,0,0,0,0,0,0,5,7,45,1,1,2,1,0,0,1,80,1,1,1,13,"777777777777","777777777777","777777777777",0,0
1,10293,1,1,2,27,5,20,25,34,0,1,0,1,2,37,441,37441,20,2004,"5FNRL18064B0","5","F","N","R","L","1","8","0","6","4","B","0",0,0,0,"000000000","00000000000",0,0,0,1,0,0,0,0,0,0,0,55,0,1,5,12,6,2,42,0,0,0,1,1,36522,6,1,0,0,3,0,63,150,1,0,0,2,0,9,2012,11,2014,0,58,0,0,0,1,2,55,1,1,2,1,0,0,1,13,99,1,4,1,"777777777777","777777777777","777777777777",1,0
1,10294,1,1,2,27,5,16,50,53,0,1,0,1,1,18,22,18022,4,2006,"2G4WC5827611","2","G","4","W","C","5","8","2","7","6","1","1",0,0,0,"000000000","00000000000",0,0,0,1,0,0,0,0,0,0,0,120,0,1,6,12,6,2,1,0,0,0,1,1,36321,6,1,0,0,3,0,73,210,0,1,0,0,1,9,2014,2,2015,3,8,0,0,0,1,2,45,3,6,2,1,0,0,14,13,1,1,4,1,"777777777777","777777777777","777777777777",1,1
1,10295,1,1,1,29,5,8,13,32,0,1,0,1,2,37,705,37705,80,1999,"JH2PC3507XM0","J","H","2","P","C","3","5","0","7","X","M","0",0,0,0,"000000000","00000000000",0,0,0,1,0,0,0,0,0,0,0,65,0,0,0,12,6,2,32,0,0,0,1,1,35959,2,1,0,0,2,0,72,160,1,0,0,1,0,8,2011,1,2012,0,28,0,0,0,1,2,30,2,5,2,1,0,0,14,12,1,1,4,6,"777777777777","777777777777","777777777777",1,0
1,10296,1,2,1,29,5,19,45,12,6,1,0,1,2,18,3,18003,4,1993,"1G4CW53L9P16","1","G","4","C","W","5","3","L","9","P","1","6",0,0,0,"000000000","00000000000",0,0,0,1,0,0,0,0,0,0,0,999,0,0,0,12,2,3,12,0,0,0,1,1,36109,6,1,0,0,3,0,71,175,0,0,0,1,0,12,2013,12,2013,0,39,0,0,0,1,4,35,1,1,2,1,3,3,1,17,1,1,1,88,"777777777777","777777777777","777777777777",0,0
1,10296,2,2,1,29,5,19,45,12,6,1,0,1,1,72,706,72706,80,2002,"1HD1CGP332K1","1","H","D","1","C","G","P","3","3","2","K","1",0,0,0,"000000000","00000000000",0,0,0,1,0,0,0,0,0,0,0,999,0,0,0,9,6,2,12,0,0,0,1,1,36024,6,1,0,0,3,0,66,185,0,0,0,0,0,0,0,0,0,0,0,0,0,0,2,3,35,1,1,2,1,3,3,1,66,1,1,1,89,"777777777777","777777777777","777777777777",1,0
1,10297,1,1,1,30,5,12,25,42,0,1,0,1,1,41,45,41045,1,1991,"JM1NA3514M12","J","M","1","N","A","3","5","1","4","M","1","2",0,0,0,"000000000","00000000000",0,0,0,1,0,0,0,0,0,0,0,65,0,0,0,12,6,2,2,0,0,1,1,1,35010,6,1,0,0,3,1,67,215,0,0,0,1,0,9,2011,9,2011,4,89,0,0,0,1,2,45,3,6,2,1,0,0,14,13,1,1,4,1,"777777777777","777777777777","777777777777",1,0
1,10298,1,1,1,31,5,7,30,42,0,1,0,1,1,12,3,12003,2,2000,"1FAFP42X9YF2","1","F","A","F","P","4","2","X","9","Y","F","2",0,0,0,"000000000","00000000000",0,0,0,1,0,0,0,0,0,0,0,70,0,0,0,9,6,2,42,0,0,0,1,1,36350,6,1,0,0,3,0,69,190,0,1,0,0,1,12,2013,1,2014,3,0,0,0,0,1,2,45,3,1,2,1,0,0,14,13,1,1,4,1,"777777777777","777777777777","777777777777",1,0
1,10299,1,1,2,31,5,20,51,25,0,1,0,1,2,12,401,12401,14,1999,"1FMDU32E3XUB","1","F","M","D","U","3","2","E","3","X","U","B",0,0,0,"000000000","00000000000",0,0,0,1,0,0,0,0,0,0,0,70,0,0,0,2,6,2,25,0,0,0,1,1,35205,2,1,0,0,2,0,72,170,0,1,0,2,1,1,2012,5,2016,0,89,0,0,0,3,3,70,2,6,2,1,0,0,14,3,1,4,4,7,"777777777777","777777777777","777777777777",1,0
1,10300,1,1,1,3,6,7,42,34,0,1,0,26,2,20,481,20481,31,2000,"1GCEK19T6YZ2","1","G","C","E","K","1","9","T","6","Y","Z","2",0,0,0,"000000000","00000000000",0,0,0,1,0,0,0,0,0,0,0,999,0,0,0,12,6,2,34,0,0,0,1,1,35810,0,0,0,0,0,0,68,224,0,0,0,0,0,0,0,0,0,9,99,99,99,99,5,4,40,1,1,2,1,0,0,1,12,99,9,4,6,"777777777777","777777777777","777777777777",1,0
1,10301,1,1,1,3,6,5,8,8,0,1,0,1,1,37,32,37032,4,2003,"JHMCM56643C0","J","H","M","C","M","5","6","6","4","3","C","0",0,0,0,"000000000","00000000000",0,0,0,1,0,0,0,0,0,0,0,999,0,0,0,12,4,3,8,0,0,0,1,1,35126,6,1,0,0,3,0,76,225,0,0,0,0,0,0,0,0,0,9,89,0,0,0,3,2,70,1,1,2,1,0,0,1,80,1,1,1,13,"777777777777","777777777777","777777777777",0,0
1,10302,1,1,1,4,6,10,20,42,0,1,0,1,2,20,481,20481,31,1998,"2GCEK19R2W12","2","G","C","E","K","1","9","R","2","W","1","2",0,0,0,"000000000","00000000000",0,0,0,1,0,0,0,0,0,0,0,55,0,0,0,12,6,2,42,0,0,0,1,1,35503,6,1,0,0,3,0,68,155,0,0,0,0,0,0,0,0,0,3,0,0,0,0,1,2,45,3,6,2,1,0,0,14,13,99,1,4,1,"777777777777","777777777777","777777777777",1,0
1,10303,1,1,1,5,6,20,20,39,0,1,0,1,2,35,47,35047,4,2013,"1N4AL3AP4DN4","1","N","4","A","L","3","A","P","4","D","N","4",0,0,0,"000000000","00000000000",0,0,0,1,0,0,0,0,0,0,0,999,0,0,0,12,6,2,39,0,0,0,1,1,35810,1,1,0,0,2,0,76,265,3,1,0,1,1,4,2013,1,2016,3,0,0,0,0,1,4,40,1,1,2,2,3,3,1,6,1,1,4,1,"777777777777","777777777777","777777777777",1,0
1,10304,1,1,1,5,6,18,15,42,0,1,0,1,1,12,481,12481,31,1985,"1FTCF15N0FLA","1","F","T","C","F","1","5","N","0","F","L","A",0,0,0,"000000000","00000000000",0,0,0,1,0,0,0,0,0,0,0,55,0,0,0,11,6,2,42,0,0,0,1,1,36034,6,1,0,0,3,0,68,132,0,0,0,0,0,0,0,0,0,0,28,0,0,0,1,2,45,1,5,2,1,0,0,1,12,1,1,4,6,"777777777777","777777777777","777777777777",1,0
1,10305,1,1,1,27,5,22,5,24,0,1,0,1,1,72,706,72706,80,1998,"1HD1BJL49WY0","1","H","D","1","B","J","L","4","9","W","Y","0",0,0,0,"000000000","00000000000",0,0,0,1,0,0,0,0,0,0,0,70,0,0,0,12,6,2,24,0,0,0,1,1,36877,6,1,0,0,3,1,70,148,1,1,1,1,0,11,2011,5,2013,0,0,0,0,0,3,2,70,2,6,2,1,0,0,14,12,1,1,4,6,"777777777777","777777777777","777777777777",1,0
1,10306,1,1,1,4,6,4,20,8,0,1,0,1,1,7,24,7024,4,2014,"2C3CDXBG8EH2","2","C","3","C","D","X","B","G","8","E","H","2",0,0,0,"000000000","00000000000",0,0,0,1,0,0,0,0,0,0,0,75,0,1,2,12,6,2,1,0,0,0,1,1,35214,6,1,0,0,3,0,74,211,0,0,0,3,2,6,2011,5,2013,0,0,0,0,0,3,2,70,1,1,2,1,0,0,1,13,1,1,4,13,"777777777777","777777777777","777777777777",0,0
1,10307,1,2,1,10,6,8,45,12,7,1,0,1,2,35,49,35049,6,2004,"JN8AZ08T14W2","J","N","8","A","Z","0","8","T","1","4","W","2",0,0,0,"000000000","00000000000",0,0,0,1,0,0,0,0,0,0,0,70,0,0,0,11,4,5,12,0,0,0,1,1,35215,2,1,0,0,2,0,71,160,2,1,0,0,1,1,2012,9,2015,0,58,0,0,0,2,2,70,1,6,2,1,0,0,15,10,6,1,2,47,"777777777777","777777777777","777777777777",0,0
1,10307,2,2,3,10,6,8,45,12,7,1,0,1,1,2,405,2405,14,2002,"1J4GL58K22W2","1","J","4","G","L","5","8","K","2","2","W","2",0,0,0,"000000000","00000000000",0,0,0,1,0,0,0,0,0,0,0,65,0,1,1,5,6,2,1,0,0,0,1,1,35120,6,1,0,0,3,0,63,180,1,0,0,0,0,5,2015,5,2015,0,0,0,0,0,2,2,70,1,6,2,1,0,0,1,61,1,1,1,45,"777777777777","777777777777","777777777777",1,0
1,10308,1,1,6,11,6,16,20,24,0,1,0,12,1,20,431,20431,16,1999,"1GNFK16R6XJ5","1","G","N","F","K","1","6","R","6","X","J","5",0,0,0,"000000000","00000000000",0,0,0,1,0,0,0,0,0,0,0,70,0,1,1,12,6,2,1,0,0,0,1,51,22551,6,1,0,0,3,0,64,165,1,0,0,0,0,2,2016,2,2016,0,58,0,0,0,2,2,70,1,1,2,2,0,0,1,12,7,2,4,2,"777777777777","777777777777","777777777777",1,0
1,10309,1,1,1,3,4,16,45,42,0,1,0,92,0,76,739,76739,90,9999,"999999999999","9","9","9","9","9","9","9","9","9","9","9","9",0,0,0,"000000000","00000000000",0,0,0,1,0,0,0,0,0,0,0,999,0,0,0,1,6,2,42,0,0,0,1,1,36862,6,1,0,0,3,1,66,200,0,0,0,1,0,1,2013,1,2013,0,0,0,0,0,1,2,25,1,1,2,1,0,0,1,13,7,1,4,1,"777777777777","777777777777","777777777777",1,0
1,10310,1,2,1,23,5,8,5,12,2,1,0,1,2,12,481,12481,31,2006,"1FTPW14V46KD","1","F","T","P","W","1","4","V","4","6","K","D",0,0,0,"000000000","00000000000",0,0,0,1,0,0,0,0,0,0,0,55,0,0,0,12,6,2,12,0,0,0,1,1,36022,6,1,0,0,3,1,70,170,2,0,0,2,0,7,2013,11,2015,0,28,0,0,0,1,2,55,2,5,2,1,0,0,14,10,1,1,2,50,"777777777777","777777777777","777777777777",0,0
1,10310,2,2,1,23,5,8,5,12,2,1,0,1,2,12,442,12442,20,2003,"2FMZA51483BB","2","F","M","Z","A","5","1","4","8","3","B","B",0,0,0,"000000000","00000000000",0,0,0,1,0,0,0,0,0,0,0,55,0,0,0,12,6,2,12,0,0,0,1,1,35010,6,1,0,0,3,1,73,200,1,0,0,0,0,12,2014,12,2014,0,0,0,0,0,1,2,55,3,6,2,1,0,0,14,62,99,1,1,51,"777777777777","777777777777","777777777777",1,0
1,10311,1,1,3,25,5,22,35,8,0,1,0,1,1,20,444,20444,20,2006,"1GNDV33L26D1","1","G","N","D","V","3","3","L","2","6","D","1",0,0,0,"000000000","00000000000",0,0,0,1,0,0,0,0,0,0,0,51,0,0,0,12,2,3,8,0,0,0,1,1,35124,6,7,0,0,3,1,62,135,0,0,0,0,0,0,0,0,0,0,0,0,0,0,5,5,45,1,1,2,1,0,0,1,80,1,1,1,13,"777777777777","777777777777","777777777777",0,0