"STATE","ST_CASE","VEH_NO","VE_FORMS","NUMOCCS","DAY","MONTH","HOUR","MINUTE","HARM_EV","MAN_COLL","UNITTYPE","HIT_RUN","REG_STAT","OWNER","MAKE","MODEL","MAK_MOD","BODY_TYP","MOD_YEAR","VIN","VIN_1","VIN_2","VIN_3","VIN_4","VIN_5","VIN_6","VIN_7","VIN_8","VIN_9","VIN_10","VIN_11","VIN_12","TOW_VEH","J_KNIFE","MCARR_I1","MCARR_I2","MCARR_ID","GVWR","V_CONFIG","CARGO_BT","HAZ_INV","HAZ_PLAC","HAZ_ID","HAZ_CNO","HAZ_REL","BUS_USE","SPEC_USE","EMER_USE","TRAV_SP","UNDERIDE","ROLLOVER","ROLINLOC","IMPACT1","DEFORMED","TOWED","M_HARM","VEH_SC1","VEH_SC2","FIRE_EXP","DR_PRES","L_STATE","DR_ZIP","L_STATUS","L_TYPE","CDL_STAT","L_ENDORS","L_COMPL","L_RESTRI","DR_HGT","DR_WGT","PREV_ACC","PREV_SUS","PREV_DWI","PREV_SPD","PREV_OTH","FIRST_MO","FIRST_YR","LAST_MO","LAST_YR","SPEEDREL","DR_SF1","DR_SF2","DR_SF3","DR_SF4","VTRAFWAY","VNUM_LAN","VSPD_LIM","VALIGN","VPROFILE","VPAVETYP","VSURCOND","VTRAFCON","VTCONT_F","P_CRASH1","P_CRASH2","P_CRASH3","PCRASH4","PCRASH5","ACC_TYPE","TRLR1VIN","TRLR2VIN","TRLR3VIN","DEATHS","DR_DRINK"
1,10430,2,2,1,26,7,14,47,12,1,1,0,1,3,84,884,84884,64,2006,"1HTMMAAL76H3","1","H","T","M","M","A","A","L","7","6","H","3",0,0,77,"777777777","77777777777",2,2,1,1,0,0,0,0,0,0,0,10,0,0,0,6,4,3,12,0,0,0,1,1,36535,6,1,7,1,3,0,71,205,1,0,0,1,0,7,2013,5,2016,0,89,0,0,0,3,2,65,1,1,2,1,0,0,1,53,1,1,1,25,"777777777777","777777777777","777777777777",0,0
1,10431,1,1,1,27,7,10,0,8,0,1,0,1,3,20,473,20473,30,2007,"1GCCS1492781","1","G","C","C","S","1","4","9","2","7","8","1",0,0,0,"000000000","00000000000",0,0,0,1,0,0,0,0,0,0,0,60,0,0,0,12,6,2,8,0,0,0,1,1,35051,6,1,0,0,3,0,71,200,3,0,0,2,0,10,2011,3,2016,0,0,0,0,0,3,4,70,1,6,2,1,0,0,1,13,1,1,4,13,"777777777777","777777777777","777777777777",0,0
1,10432,1,1,1,4,6,15,45,42,0,1,0,1,2,73,706,73706,80,2006,"JKAZXCD136A0","J","K","A","Z","X","C","D","1","3","6","A","0",0,0,0,"000000000","00000000000",0,0,0,1,0,0,0,0,0,0,0,90,0,0,0,12,6,2,42,0,0,0,1,1,35224,6,1,0,0,3,0,74,175,0,0,0,1,0,5,2015,5,2015,3,28,0,0,0,1,2,45,2,1,2,1,0,0,14,12,1,1,4,6,"777777777777","777777777777","777777777777",1,0
1,10433,1,2,1,4,8,11,55,12,1,1,0,30,4,82,881,82881,66,2015,"3ALACXCY0FDG","3","A","L","A","C","X","C","Y","0","F","D","G",1,1,57,"030176","57030176",3,6,6,1,0,0,0,0,0,0,0,70,0,1,1,12,6,2,12,0,0,0,1,5,30165,6,1,6,0,3,0,73,250,0,0,0,0,0,0,0,0,0,0,99,99,99,99,2,3,70,1,6,2,1,0,0,1,51,16,1,1,24,"888888888888","777777777777","777777777777",1,0
1,10433,2,2,1,4,8,11,55,12,1,1,0,47,2,51,881,51881,66,1999,"4VG7DARJ1XN7","4","V","G","7","D","A","R","J","1","X","N","7",1,1,57,"625450","57625450",3,6,1,1,0,0,0,0,0,0,0,55,0,0,0,6,6,2,12,0,0,0,1,47,38119,6,1,6,0,3,0,69,197,0,0,0,0,0,0,0,0,0,0,0,0,0,0,2,3,70,1,6,2,1,0,0,3,53,1,1,1,25,"888888888888","777777777777","777777777777",0,0
1,10434,1,2,1,20,6,19,18,12,1,1,0,1,2,20,443,20443,20,2001,"1GNDX03E11D2","1","G","N","D","X","0","3","E","1","1","D","2",0,0,0,"000000000","00000000000",0,0,0,1,0,0,0,0,0,0,0,999,0,0,0,12,6,2,12,0,0,0,1,1,35215,6,1,0,0,3,0,68,138,1,0,0,1,1,3,2012,4,2013,0,0,0,0,0,1,2,25,1,5,2,1,0,0,1,51,1,1,1,24,"777777777777","777777777777","777777777777",0,1
1,10434,2,2,1,20,6,19,18,12,1,1,0,1,1,37,706,37706,80,2015,"JH2SC5947FK7","J","H","2","S","C","5","9","4","7","F","K","7",0,0,0,"000000000","00000000000",0,0,0,1,0,0,0,0,0,0,0,999,0,0,0,6,6,2,12,0,0,0,1,1,35215,6,1,0,0,3,1,67,180,2,0,0,0,0,3,2012,9,2015,0,0,0,0,0,1,2,25,1,5,2,1,0,0,1,53,1,1,1,25,"777777777777","777777777777","777777777777",1,0
1,10435,1,2,1,8,7,20,30,12,6,1,0,51,1,20,482,20482,31,2002,"3GNEC13T32G1","3","G","N","E","C","1","3","T","3","2","G","1",0,0,0,"000000000","00000000000",0,0,0,1,0,0,0,0,0,0,0,999,0,0,0,9,6,2,12,0,0,0,1,51,23503,0,0,0,0,0,0,999,999,0,0,0,0,0,0,0,0,0,0,99,99,99,99,0,0,0,0,0,0,0,0,0,98,98,1,1,1,89,"777777777777","777777777777","777777777777",0,0
1,10435,2,2,1,8,7,20,30,12,6,1,0,1,1,73,706,73706,80,2005,"JKAZXCC155A0","J","K","A","Z","X","C","C","1","5","5","A","0",0,0,0,"000000000","00000000000",0,0,0,1,0,0,0,0,0,0,0,999,0,0,0,12,6,2,12,0,0,0,1,1,36606,6,1,0,0,3,0,71,197,0,2,2,0,0,9,2012,11,2014,9,89,0,0,0,1,2,45,1,1,2,1,0,0,1,73,99,1,1,88,"777777777777","777777777777","777777777777",1,0
1,10436,1,1,1,9,7,21,53,8,0,1,0,13,1,49,44,49044,2,2007,"4T1CA30P87U1","4","T","1","C","A","3","0","P","8","7","U","1",0,0,0,"000000000","00000000000",0,0,0,1,0,0,0,0,0,0,0,55,0,0,0,12,4,3,8,0,0,0,1,13,39851,6,1,0,0,3,0,60,175,98,0,0,1,0,10,2014,10,2014,0,0,0,0,0,2,4,55,1,1,2,1,0,0,1,80,99,1,1,13,"777777777777","777777777777","777777777777",0,0
1,10437,1,2,1,15,7,12,20,12,2,1,0,1,1,7,482,7482,31,2009,"1D3HB16P89J5","1","D","3","H","B","1","6","P","8","9","J","5",0,0,0,"000000000","00000000000",0,0,0,1,0,0,0,0,0,0,0,50,0,0,0,12,6,2,12,0,0,0,1,1,35490,6,1,0,0,3,1,64,115,0,0,0,0,0,0,0,0,0,0,28,0,0,0,1,2,55,2,1,2,1,0,0,14,10,1,1,2,50,"777777777777","777777777777","777777777777",1,0
1,10437,2,2,1,15,7,12,20,12,2,1,0,1,3,98,809,98809,63,2006,"2FZHAZCK56AW","2","F","Z","H","A","Z","C","K","5","6","A","W",0,0,57,"1492084","571492084",3,2,4,1,0,0,0,0,0,0,0,35,0,1,5,12,6,2,12,0,0,0,1,1,35405,6,1,6,0,3,1,71,210,1,0,0,0,0,2,2013,2,2013,0,0,0,0,0,1,2,55,3,1,2,1,0,0,14,62,9,1,1,51,"777777777777","777777777777","777777777777",0,0
1,10438,1,1,1,17,7,0,45,32,0,1,0,1,1,20,421,20421,15,2005,"1GNEC13T15R2","1","G","N","E","C","1","3","T","1","5","R","2",0,0,0,"000000000","00000000000",0,0,0,1,0,0,0,0,0,0,0,999,0,0,0,12,6,2,42,0,0,0,1,1,36695,6,1,0,0,3,0,71,170,2,0,0,2,1,9,2011,10,2015,9,0,0,0,0,1,2,35,1,6,2,1,0,0,1,13,1,1,4,1,"777777777777","777777777777","777777777777",1,1
1,10439,1,2,1,18,7,8,30,12,2,1,0,13,3,86,881,86881,63,2006,"1M2AG11C36M0","1","M","2","A","G","1","1","C","3","6","M","0",0,0,57,"745139","57745139",3,2,97,1,0,0,0,0,0,0,0,55,0,1,5,12,6,2,12,0,0,0,1,1,36869,6,1,6,0,3,0,76,300,1,0,0,0,0,9,2015,9,2015,0,89,28,0,0,1,2,55,3,6,2,1,0,0,14,10,1,1,2,50,"777777777777","777777777777","777777777777",0,0
1,10439,2,2,5,18,7,8,30,12,2,1,0,92,0,35,51,35051,6,2014,"JN8AS5MT3EW6","J","N","8","A","S","5","M","T","3","E","W","6",0,0,0,"000000000","00000000000",0,0,0,1,0,0,0,0,0,0,0,999,0,0,0,12,6,2,12,0,0,0,1,22,70711,6,1,0,0,3,0,67,150,0,0,0,0,0,0,0,0,0,0,0,0,0,0,1,2,55,2,5,2,1,0,0,14,62,99,1,1,51,"777777777777","777777777777","777777777777",5,0
1,10440,1,1,1,20,7,20,40,8,0,1,0,1,2,55,35,55035,4,2006,"KMHDN46D16U3","K","M","H","D","N","4","6","D","1","6","U","3",0,0,0,"000000000","00000000000",0,0,0,1,0,0,0,0,0,0,0,65,0,0,0,12,6,2,8,0,0,0,1,1,36206,6,1,0,0,3,1,67,130,2,0,0,2,0,6,2012,1,2016,3,8,0,0,0,1,2,35,1,1,2,1,0,0,1,80,1,1,1,13,"777777777777","777777777777","777777777777",1,1
1,10441,1,1,1,21,7,22,30,8,0,1,0,92,0,12,3,12003,2,2003,"1FAFP40483F4","1","F","A","F","P","4","0","4","8","3","F","4",0,0,0,"000000000","00000000000",0,0,0,1,0,0,0,0,0,0,0,65,0,0,0,12,4,5,8,0,0,0,1,47,35630,6,1,0,0,3,0,73,125,0,0,0,0,0,0,0,0,0,0,0,0,0,0,2,2,65,1,1,2,2,0,0,1,80,1,1,1,13,"777777777777","777777777777","777777777777",0,0
1,10442,1,1,1,22,7,21,0,1,0,1,0,1,2,20,421,20421,15,1996,"1GNDT13W8T21","1","G","N","D","T","1","3","W","8","T","2","1",0,0,0,"000000000","00000000000",0,0,0,1,0,0,0,0,0,0,0,45,0,1,1,0,6,2,1,0,0,0,1,1,35131,6,1,0,0,3,0,62,105,0,0,0,0,0,0,0,0,0,0,58,0,0,0,1,2,35,1,1,2,1,0,0,1,9,6,3,6,98,"777777777777","777777777777","777777777777",1,0
1,10443,1,1,1,22,7,10,45,42,0,1,0,1,1,20,481,20481,31,1994,"1GCDC14K2RZ1","1","G","C","D","C","1","4","K","2","R","Z","1",0,0,0,"000000000","00000000000",0,0,0,1,0,0,0,0,0,0,0,40,0,0,0,12,6,2,42,0,0,0,1,1,36862,6,1,0,0,3,0,74,200,0,0,0,0,0,0,0,0,0,0,0,0,0,0,1,2,40,3,1,2,1,0,0,14,12,1,1,4,6,"777777777777","777777777777","777777777777",1,0
1,10444,1,1,1,23,7,20,35,8,0,1,0,1,1,20,2,20002,4,2011,"2G1WF5NK4B11","2","G","1","W","F","5","N","K","4","B","1","1",0,0,0,"000000000","00000000000",0,0,0,1,0,0,0,0,0,0,0,999,0,0,0,12,2,5,8,0,0,0,1,1,36610,1,1,0,0,2,0,73,230,0,0,0,1,0,5,2014,5,2014,0,0,0,0,0,5,5,35,1,1,2,1,0,0,1,80,1,1,1,13,"777777777777","777777777777","777777777777",0,0
1,10445,1,2,1,23,7,18,25,12,2,1,0,1,1,37,703,37703,80,2005,"JH2MC24015K2","J","H","2","M","C","2","4","0","1","5","K","2",0,0,0,"000000000","00000000000",0,0,0,1,0,0,0,0,0,0,0,45,0,0,0,12,6,2,12,0,0,1,1,1,36360,6,1,0,0,3,1,75,200,0,0,0,0,4,9,2011,12,2015,0,28,0,0,0,1,2,45,2,5,2,1,0,0,14,10,1,1,2,50,"777777777777","777777777777","777777777777",1,1
1,10445,2,2,5,23,7,18,25,12,2,1,0,1,2,12,401,12401,14,1995,"1FMDU32X5SUB","1","F","M","D","U","3","2","X","5","S","U","B",0,0,0,"000000000","00000000000",0,0,0,1,0,0,0,0,0,0,0,45,0,0,0,12,6,2,12,0,0,0,1,1,36301,6,1,0,0,3,1,70,150,1,0,0,0,1,7,2015,12,2015,0,0,0,0,0,1,2,45,3,6,2,1,0,0,14,62,7,1,1,51,"777777777777","777777777777","777777777777",0,0
1,10446,1,1,3,23,7,21,57,3,0,1,0,1,1,49,40,49040,4,1998,"4T1BG22K2WU2","4","T","1","B","G","2","2","K","2","W","U","2",0,0,0,"000000000","00000000000",0,0,0,1,0,0,0,0,0,0,0,999,0,0,0,0,6,2,3,0,0,0,1,1,35151,6,1,0,0,3,0,67,110,1,0,0,0,1,10,2011,10,2012,9,53,0,0,0,1,2,40,3,6,2,2,0,0,14,14,1,1,4,0,"777777777777","777777777777","777777777777",1,0
1,10447,1,2,2,24,7,11,35,12,2,1,0,1,1,63,401,63401,14,2008,"KNDJF7235875","K","N","D","J","F","7","2","3","5","8","7","5",0,0,0,"000000000","00000000000",0,0,0,1,0,0,0,0,0,0,0,55,0,0,0,12,6,2,12,0,0,0,1,1,35058,6,1,0,0,3,0,71,205,1,0,1,1,2,5,2012,10,2014,3,28,0,0,0,1,2,65,2,5,2,1,0,0,14,10,1,1,2,50,"777777777777","777777777777","777777777777",1,0
1,10447,2,2,1,24,7,11,35,12,2,1,0,1,1,12,481,12481,31,2002,"1FTRW07LX2KB","1","F","T","R","W","0","7","L","X","2","K","B",0,0,0,"000000000","00000000000",0,0,0,1,0,0,0,0,0,0,0,55,0,0,0,12,6,2,12,0,0,0,1,1,35058,6,1,0,0,3,0,63,175,0,0,0,0,0,0,0,0,0,0,0,0,0,0,1,2,55,3,6,2,1,0,0,14,62,99,1,1,51,"777777777777","777777777777","777777777777",1,0
1,10448,1,1,1,24,7,23,50,10,0,1,0,17,1,59,35,59035,4,2009,"JTHCK2623950","J","T","H","C","K","2","6","2","3","9","5","0",0,0,0,"000000000","00000000000",0,0,0,1,0,0,0,0,0,0,0,20,0,0,0,3,6,2,10,0,0,0,1,17,35043,6,1,0,0,3,0,68,170,0,0,0,0,0,0,0,0,0,0,38,0,0,0,1,2,45,2,1,2,1,65,3,14,91,1,1,1,15,"777777777777","777777777777","777777777777",1,0
1,10449,1,1,1,25,7,22,15,34,0,1,0,1,3,87,884,87884,66,2013,"1XPHDP9X1DD1","1","X","P","H","D","P","9","X","1","D","D","1",1,1,57,"844464","57844464",3,6,2,2,2,9260,9,2,0,0,0,55,0,1,5,14,6,2,1,0,0,0,1,1,35956,6,1,6,1,3,0,71,215,0,0,0,1,1,2,2013,8,2014,0,58,0,0,0,1,2,55,1,1,2,1,0,0,1,13,6,1,4,1,"888888888888","777777777777","777777777777",1,0
1,10450,1,1,2,25,7,22,55,42,0,1,0,1,2,20,4,20004,2,1995,"1G1YY22P6S51","1","G","1","Y","Y","2","2","P","6","S","5","1",0,0,0,"000000000","00000000000",0,0,0,1,0,0,0,0,0,0,0,999,0,1,5,7,6,2,1,0,0,0,1,1,36575,6,1,0,0,3,0,70,235,0,0,0,0,0,0,0,0,0,3,28,0,0,0,1,2,55,3,6,2,1,0,0,14,12,99,1,4,6,"777777777777","777777777777","777777777777",2,0
1,10451,1,2,1,26,7,7,24,12,6,1,0,22,2,23,481,23481,31,2000,"1GTEC19V5YZ3","1","G","T","E","C","1","9","V","5","Y","Z","3",0,0,0,"000000000","00000000000",0,0,0,1,0,0,0,0,0,0,0,999,0,0,0,4,6,2,12,0,0,0,1,96,70508,9,9,99,9,9,9,999,999,99,99,99,99,99,99,9999,99,9999,9,38,0,0,0,2,2,40,1,5,2,1,3,3,11,15,1,1,1,68,"777777777777","777777777777","777777777777",0,0
1,10451,2,2,1,26,7,7,24,12,6,1,0,1,1,72,706,72706,80,2005,"1HD4CMM1X5K4","1","H","D","4","C","M","M","1","X","5","K","4",0,0,0,"000000000","00000000000",0,0,0,1,0,0,0,0,0,0,0,999,0,0,0,12,6,2,12,0,0,0,1,1,36608,6,1,0,0,3,0,80,225,0,0,0,0,0,0,0,0,0,9,0,0,0,0,2,2,40,1,6,2,1,3,3,1,62,99,1,1,69,"777777777777","777777777777","777777777777",1,0
1,10452,1,2,2,26,7,15,40,12,2,1,0,1,1,12,471,12471,30,2002,"1FTYR44VX2PB","1","F","T","Y","R","4","4","V","X","2","P","B",0,0,0,"000000000","00000000000",0,0,0,1,0,0,0,0,0,0,0,55,0,0,0,12,6,2,12,0,0,0,1,1,35816,6,1,0,0,3,0,59,100,3,1,1,0,1,9,2012,3,2016,3,89,28,0,0,1,2,45,2,1,2,1,0,0,14,10,1,1,2,50,"777777777777","777777777777","777777777777",0,0
1,10452,2,2,1,26,7,15,40,12,2,1,0,1,1,37,706,37706,80,2007,"1HFSC526X7A4","1","H","F","S","C","5","2","6","X","7","A","4",0,0,0,"000000000","00000000000",0,0,0,1,0,0,0,0,0,0,0,45,0,0,0,12,6,2,12,0,0,0,1,1,35773,6,1,0,0,3,0,68,220,0,0,0,0,0,0,0,0,0,0,0,0,0,0,1,2,45,3,1,2,1,0,0,14,62,99,1,1,51,"777777777777","777777777777","777777777777",1,0
1,10453,1,1,1,27,7,13,0,8,0,1,0,1,2,20,2,20002,4,2014,"2G1WB5E32E11","2","G","1","W","B","5","E","3","2","E","1","1",0,0,0,"000000000","00000000000",0,0,0,1,0,0,0,0,0,0,0,75,0,0,0,11,6,2,8,0,0,0,1,1,36310,6,2,0,0,3,0,72,256,1,1,0,1,1,10,2012,3,2015,0,0,0,0,0,1,2,45,1,1,2,1,0,0,1,12,1,1,4,6,"777777777777","777777777777","777777777777",0,0
1,10454,1,2,2,28,7,18,0,12,6,1,0,92,0,76,734,76734,90,2007,"JY4AM09Y0700","J","Y","4","A","M","0","9","Y","0","7","0","0",0,0,0,"000000000","00000000000",0,0,0,1,0,0,0,0,0,0,0,10,0,0,0,11,6,2,12,0,0,0,1,1,35452,6,1,0,0,1,0,69,170,0,0,0,3,1,10,2011,5,2015,0,38,0,0,0,0,0,0,0,0,0,0,20,3,1,17,1,1,1,89,"777777777777","777777777777","777777777777",2,0
1,10454,2,2,1,28,7,18,0,12,6,1,0,1,3,23,481,23481,31,2014,"1GTR1TEC6EZ3","1","G","T","R","1","T","E","C","6","E","Z","3",0,0,0,"000000000","00000000000",0,0,0,1,0,0,0,0,0,0,0,70,0,0,0,12,6,2,12,0,0,0,1,1,35466,6,1,0,0,3,1,73,245,0,0,0,0,0,0,0,0,0,0,0,0,0,0,2,2,65,1,6,2,1,0,0,1,66,99,1,1,88,"777777777777","777777777777","777777777777",0,0
1,10455,1,1,1,29,7,19,22,42,0,1,0,1,3,12,37,12037,4,2015,"1FADP3F2XFL2","1","F","A","D","P","3","F","2","X","F","L","2",0,0,0,"000000000","00000000000",0,0,0,1,0,0,0,0,0,0,0,80,0,1,5,12,6,2,2,0,0,1,1,1,35022,6,1,0,0,3,1,73,195,0,1,1,0,0,5,2014,7,2014,3,89,8,0,0,1,2,55,2,1,2,1,0,0,14,13,1,1,4,1,"777777777777","777777777777","777777777777",1,0
1,10456,1,1,1,31,7,8,15,42,0,1,0,1,2,20,2,20002,4,2008,"2G1WT55N3812","2","G","1","W","T","5","5","N","3","8","1","2",0,0,0,"000000000","00000000000",0,0,0,1,0,0,0,0,0,0,0,75,0,0,0,12,6,2,42,0,0,0,1,1,36732,6,1,0,0,3,0,70,168,0,0,0,0,0,0,0,0,0,3,28,0,0,0,1,2,45,2,6,2,1,0,0,14,12,1,1,4,6,"777777777777","777777777777","777777777777",1,0
1,10457,1,1,1,31,7,0,30,32,0,1,0,1,1,49,43,49043,4,2006,"4T1BK36B86U1","4","T","1","B","K","3","6","B","8","6","U","1",0,0,0,"000000000","00000000000",0,0,0,1,0,0,0,0,0,0,0,50,0,1,5,12,6,2,1,0,0,0,1,1,35603,6,1,0,0,3,0,73,220,1,0,1,0,0,3,2016,7,2016,0,0,0,0,0,1,2,40,3,1,2,1,0,0,14,13,1,1,4,1,"777777777777","777777777777","777777777777",1,1
1,10458,1,2,1,1,8,13,45,8,0,1,0,1,1,20,471,20471,30,2003,"1GCCS19H9381","1","G","C","C","S","1","9","H","9","3","8","1",0,0,0,"000000000","00000000000",0,0,0,1,0,0,0,0,0,0,0,73,0,0,0,12,6,2,8,0,0,0,1,1,36079,6,1,0,0,3,0,69,210,0,0,0,0,0,0,0,0,0,0,0,0,0,0,2,2,65,1,6,2,1,0,0,1,13,7,1,4,13,"777777777777","777777777777","777777777777",0,0
1,10458,2,2,1,1,8,13,45,8,0,1,0,1,1,12,481,12481,31,2016,"1FDRF3G6XGEB","1","F","D","R","F","3","G","6","X","G","E","B",0,0,99,"999999999","99999999999",2,1,1,1,0,0,0,0,0,0,0,50,0,0,0,1,2,5,12,0,0,0,1,1,36089,6,1,0,0,3,0,70,200,0,0,0,0,1,5,2012,5,2012,0,0,0,0,0,2,2,65,1,6,2,1,0,0,2,61,1,1,1,98,"777777777777","777777777777","777777777777",0,0
1,10459,1,2,2,1,8,9,0,12,6,1,0,1,2,20,16,20016,2,2003,"1G1JH12F8371","1","G","1","J","H","1","2","F","8","3","7","1",0,0,0,"000000000","00000000000",0,0,0,1,0,0,0,0,0,0,0,45,0,0,0,9,6,2,12,0,0,0,1,1,35802,0,0,0,0,0,0,999,999,0,0,0,0,0,0,0,0,0,0,39,0,0,0,1,2,35,1,1,2,1,20,3,1,17,1,1,1,89,"777777777777","777777777777","777777777777",1,0
1,10459,2,2,1,1,8,9,0,12,6,1,0,47,3,12,481,12481,40,2016,"1FDNF6DC6GDA","1","F","D","N","F","6","D","C","6","G","D","A",0,0,57,"1444777","571444777",2,1,1,1,0,0,0,0,0,0,0,40,0,0,0,12,6,2,12,0,0,0,1,47,37167,6,1,6,0,3,1,77,275,0,0,0,0,0,0,0,0,0,0,0,0,0,0,1,2,45,1,1,2,1,0,0,1,66,16,1,1,88,"777777777777","777777777777","777777777777",0,0
1,10460,1,3,1,1,8,7,0,12,2,1,0,1,1,12,3,12003,2,2001,"1FAFP42X61F2","1","F","A","F","P","4","2","X","6","1","F","2",0,0,0,"000000000","00000000000",0,0,0,1,0,0,0,0,0,0,0,65,0,0,0,12,6,2,12,0,0,1,1,1,36265,6,1,0,0,3,1,68,170,0,0,0,0,0,0,0,0,0,3,51,0,0,0,1,2,55,1,5,2,1,0,0,1,54,1,1,1,52,"777777777777","777777777777","777777777777",1,0
1,10460,2,3,1,1,8,7,0,12,2,1,0,1,3,85,881,85881,64,2016,"3BKDXPTX3GF1","3","B","K","D","X","P","T","X","3","G","F","1",0,0,57,"1535907","571535907",3,2,4,1,0,0,0,0,0,0,0,50,0,1,5,12,6,2,12,0,0,0,1,1,35125,6,1,6,0,3,0,73,360,2,1,3,0,3,9,2011,3,2015,0,0,0,0,0,1,2,55,1,6,2,1,0,0,1,54,99,1,1,52,"777777777777","777777777777","777777777777",0,0
1,10460,3,3,1,1,8,7,0,12,2,1,0,1,1,41,471,41471,30,2003,"4F4YR12D93TM","4","F","4","Y","R","1","2","D","9","3","T","M",0,0,0,"000000000","00000000000",0,0,0,1,0,0,0,0,0,0,0,55,0,1,5,0,6,2,1,0,0,0,1,1,36206,6,1,0,0,3,0,70,210,0,0,0,0,0,0,0,0,0,0,89,0,0,0,1,2,55,1,5,2,1,0,0,1,62,6,1,4,98,"777777777777","777777777777","777777777777",0,0
1,10461,1,2,1,2,8,12,15,12,2,1,0,92,0,37,739,37739,90,9999,"999999999999","9","9","9","9","9","9","9","9","9","9","9","9",0,0,0,"000000000","00000000000",0,0,0,1,0,0,0,0,0,0,0,15,0,0,0,12,6,2,12,0,0,0,1,1,36374,6,7,0,0,1,0,72,215,0,0,0,0,0,0,0,0,0,0,51,0,0,0,1,2,45,3,5,2,1,0,0,14,54,1,1,1,52,"777777777777","777777777777","777777777777",1,0
1,10461,2,2,1,2,8,12,15,12,2,1,0,1,2,87,881,87881,66,1995,"1XP5DB9X1SN3","1","X","P","5","D","B","9","X","1","S","N","3",1,1,57,"2384685","572384685",3,6,10,1,0,0,0,0,0,0,0,35,0,0,0,12,2,3,12,0,0,0,1,1,36343,6,1,6,0,3,0,71,250,0,0,0,1,4,8,2011,1,2016,0,89,0,0,0,1,2,45,2,6,2,1,0,0,14,54,6,1,1,52,"888888888888","777777777777","777777777777",0,0
1,10462,1,1,4,3,8,10,25,42,0,1,0,1,1,12,401,12401,14,2014,"1FM5K7B8XEGB","1","F","M","5","K","7","B","8","X","E","G","B",0,0,0,"000000000","00000000000",0,0,0,1,0,0,0,0,0,0,0,50,0,0,0,12,6,2,42,0,0,0,1,47,36856,6,1,0,0,3,0,65,140,0,0,0,0,1,3,2012,3,2012,0,39,0,0,0,1,2,45,1,6,2,1,20,3,1,14,6,1,4,14,"777777777777","777777777777","777777777777",1,0
1,10463,1,1,1,4,8,23,25,1,0,1,0,1,1,72,706,72706,80,2014,"1HD1KEL15EB6","1","H","D","1","K","E","L","1","5","E","B","6",0,0,0,"000000000","00000000000",0,0,0,1,0,0,0,0,0,0,0,999,0,0,0,0,6,2,1,0,0,0,1,1,35235,6,1,0,0,3,1,73,235,3,0,0,0,2,7,2014,4,2016,0,0,0,0,0,1,2,25,3,5,2,1,0,0,14,13,1,1,4,1,"777777777777","777777777777","777777777777",1,0
1,10464,1,1,1,9,8,6,23,24,0,1,0,25,1,34,34,34034,4,2005,"WBAEU33475PR","W","B","A","E","U","3","3","4","7","5","P","R",0,0,0,"000000000","00000000000",0,0,0,1,0,0,0,0,0,0,0,999,0,0,0,12,6,2,30,0,0,0,1,36,11205,6,1,0,0,3,1,69,999,0,0,0,2,2,6,2012,6,2016,9,0,0,0,0,1,3,30,3,1,2,1,0,0,14,13,99,1,4,1,"777777777777","777777777777","777777777777",1,0
1,10465,1,1,1,9,8,14,30,1,0,1,0,1,1,12,473,12473,30,2001,"1FMZU67E11UA","1","F","M","Z","U","6","7","E","1","1","U","A",0,0,0,"000000000","00000000000",0,0,0,1,0,0,0,0,0,0,0,50,0,1,1,0,6,2,1,0,0,0,1,1,35503,6,1,6,0,3,0,70,220,0,0,0,1,0,2,2012,2,2012,0,28,58,0,0,1,2,55,1,6,2,1,0,0,1,12,1,3,6,98,"777777777777","777777777777","777777777777",1,0
1,10466,1,1,1,12,8,15,5,42,0,1,0,12,3,12,481,12481,31,2006,"1FTSW21P46ED","1","F","T","S","W","2","1","P","4","6","E","D",0,0,0,"000000000","00000000000",0,0,0,1,0,0,0,0,0,0,0,80,0,0,0,10,6,2,42,0,0,0,1,12,32526,6,1,0,0,3,0,71,999,2,2,0,1,0,11,2011,6,2016,0,8,0,0,0,3,2,70,1,1,2,2,0,0,1,12,99,3,4,2,"777777777777","777777777777","777777777777",1,0
1,10467,1,1,2,12,8,20,58,8,0,1,0,28,1,37,403,37403,14,2004,"5J6YH18584L0","5","J","6","Y","H","1","8","5","8","4","L","0",0,0,0,"000000000","00000000000",0,0,0,1,0,0,0,0,0,0,0,999,0,0,0,12,6,2,8,0,0,0,1,28,39421,6,1,0,0,3,1,67,140,98,0,0,0,1,4,2015,4,2015,0,0,0,0,0,2,2,70,1,1,2,2,0,0,1,80,1,1,1,13,"777777777777","777777777777","777777777777",0,0
1,10468,1,3,1,14,8,3,41,12,2,1,1,1,2,20,25,20025,4,2013,"1G1PB5SH6D71","1","G","1","P","B","5","S","H","6","D","7","1",0,0,0,"000000000","00000000000",0,0,0,1,0,0,0,0,0,0,0,91,0,0,0,12,6,2,12,0,0,0,1,1,35124,0,0,0,0,0,0,999,999,0,0,0,0,0,0,0,0,0,0,50,0,0,0,2,3,70,1,5,1,1,0,0,1,54,1,1,1,52,"777777777777","777777777777","777777777777",0,1
1,10468,2,3,3,14,8,3,41,12,2,1,0,1,2,37,32,37032,4,2016,"1HGCR2F56GA0","1","H","G","C","R","2","F","5","6","G","A","0",0,0,0,"000000000","00000000000",0,0,0,1,0,0,0,0,0,0,0,999,0,0,0,12,6,2,12,0,0,0,1,1,35244,6,1,0,0,3,1,70,210,0,0,0,0,0,0,0,0,0,0,89,0,0,0,2,3,70,1,6,2,1,0,0,1,54,6,1,1,52,"777777777777","777777777777","777777777777",1,0