"STATE","ST_CASE","VEH_NO","VE_FORMS","NUMOCCS","DAY","MONTH","HOUR","MINUTE","HARM_EV","MAN_COLL","UNITTYPE","HIT_RUN","REG_STAT","OWNER","MAKE","MODEL","MAK_MOD","BODY_TYP","MOD_YEAR","VIN","VIN_1","VIN_2","VIN_3","VIN_4","VIN_5","VIN_6","VIN_7","VIN_8","VIN_9","VIN_10","VIN_11","VIN_12","TOW_VEH","J_KNIFE","MCARR_I1","MCARR_I2","MCARR_ID","GVWR","V_CONFIG","CARGO_BT","HAZ_INV","HAZ_PLAC","HAZ_ID","HAZ_CNO","HAZ_REL","BUS_USE","SPEC_USE","EMER_USE","TRAV_SP","UNDERIDE","ROLLOVER","ROLINLOC","IMPACT1","DEFORMED","TOWED","M_HARM","VEH_SC1","VEH_SC2","FIRE_EXP","DR_PRES","L_STATE","DR_ZIP","L_STATUS","L_TYPE","CDL_STAT","L_ENDORS","L_COMPL","L_RESTRI","DR_HGT","DR_WGT","PREV_ACC","PREV_SUS","PREV_DWI","PREV_SPD","PREV_OTH","FIRST_MO","FIRST_YR","LAST_MO","LAST_YR","SPEEDREL","DR_SF1","DR_SF2","DR_SF3","DR_SF4","VTRAFWAY","VNUM_LAN","VSPD_LIM","VALIGN","VPROFILE","VPAVETYP","VSURCOND","VTRAFCON","VTCONT_F","P_CRASH1","P_CRASH2","P_CRASH3","PCRASH4","PCRASH5","ACC_TYPE","TRLR1VIN","TRLR2VIN","TRLR3VIN","DEATHS","DR_DRINK"
1,10548,1,2,1,5,9,15,30,12,6,1,0,13,2,37,32,37032,4,2011,"1HGCP2F39BA1","1","H","G","C","P","2","F","3","9","B","A","1",0,0,0,"000000000","00000000000",0,0,0,1,0,0,0,0,0,0,0,5,0,0,0,10,6,2,12,0,0,1,1,13,30736,2,1,0,0,2,0,61,125,98,0,0,0,0,0,0,0,0,0,38,0,0,0,1,2,45,1,1,2,1,20,3,1,17,1,1,1,89,"777777777777","777777777777","777777777777",1,0
1,10548,2,2,1,5,9,15,30,12,6,1,0,39,3,84,884,84884,66,2014,"3HSDJSJR9EN0","3","H","S","D","J","S","J","R","9","E","N","0",1,1,57,"149350","57149350",3,6,1,1,0,0,0,0,0,0,0,55,0,0,0,12,6,2,12,0,0,1,1,13,30103,6,1,6,0,3,0,71,220,98,0,0,0,0,0,0,0,0,0,0,0,0,0,1,3,55,1,1,2,1,0,0,1,66,16,1,1,88,"888888888888","777777777777","777777777777",0,0
1,10550,1,2,2,6,9,12,0,12,6,1,0,18,4,82,881,82881,62,2014,"3ALACWDT1EDF","3","A","L","A","C","W","D","T","1","E","D","F",0,0,57,"446588","57446588",2,1,1,1,0,0,0,0,0,0,0,25,0,0,0,12,6,2,12,0,0,0,1,1,35128,6,1,6,0,3,0,72,240,1,0,0,0,0,9,2011,9,2011,0,38,0,0,0,1,2,40,1,1,2,1,0,0,1,17,1,1,1,88,"777777777777","777777777777","777777777777",0,0
1,10550,2,2,1,6,9,12,0,12,6,1,0,1,1,7,482,7482,31,2013,"3C6JR6AT2DG5","3","C","6","J","R","6","A","T","2","D","G","5",0,0,0,"000000000","00000000000",0,0,0,1,0,0,0,0,0,0,0,65,0,0,0,10,6,2,12,0,0,0,1,1,35150,6,1,0,0,3,0,72,178,0,0,0,0,0,0,0,0,0,0,0,0,0,0,2,3,65,1,5,2,1,0,0,1,66,99,1,1,89,"777777777777","777777777777","777777777777",1,0
1,10551,1,2,1,6,9,11,10,12,2,1,0,1,2,49,40,49040,4,2011,"4T1BF3EKXBU6","4","T","1","B","F","3","E","K","X","B","U","6",0,0,0,"000000000","00000000000",0,0,0,1,0,0,0,0,0,0,0,55,0,0,0,12,6,2,12,0,0,0,1,1,35117,1,1,0,0,2,0,61,130,2,0,0,0,0,1,2015,1,2015,0,28,0,0,0,1,2,55,1,6,2,1,0,0,1,10,1,1,2,50,"777777777777","777777777777","777777777777",0,0
1,10551,2,2,2,6,9,11,10,12,2,1,0,92,0,63,441,63441,20,2004,"KNDUP1316465","K","N","D","U","P","1","3","1","6","4","6","5",0,0,0,"000000000","00000000000",0,0,0,1,0,0,0,0,0,0,0,55,0,0,0,12,6,2,12,0,0,0,1,1,35503,6,1,0,0,3,0,64,165,0,0,0,0,0,0,0,0,0,0,0,0,0,0,1,2,55,1,5,2,1,0,0,1,62,98,1,1,51,"777777777777","777777777777","777777777777",1,0
1,10552,1,1,1,7,9,16,24,34,0,1,0,1,1,35,43,35043,4,2001,"3N1CB51D21L5","3","N","1","C","B","5","1","D","2","1","L","5",0,0,0,"000000000","00000000000",0,0,0,1,0,0,0,0,0,0,0,55,0,1,5,12,6,2,1,0,0,0,1,1,35096,6,1,0,0,3,1,68,200,0,0,0,0,0,0,0,0,0,0,0,0,0,0,1,4,55,1,6,2,1,0,0,1,13,99,1,4,1,"777777777777","777777777777","777777777777",1,0
1,10553,1,1,1,8,9,3,0,32,0,1,0,92,0,41,35,41035,4,1994,"JM1BG2241R07","J","M","1","B","G","2","2","4","1","R","0","7",0,0,0,"000000000","00000000000",0,0,0,1,0,0,0,0,0,0,0,50,0,0,0,12,6,2,32,0,0,0,1,1,35083,1,1,0,0,2,0,71,208,1,1,0,0,0,2,2015,3,2015,0,0,0,0,0,1,2,50,1,1,2,1,0,0,1,13,1,1,4,1,"777777777777","777777777777","777777777777",1,0
1,10554,1,1,1,9,9,21,13,8,0,1,0,1,2,41,50,41050,4,2008,"1YVHP80CX85M","1","Y","V","H","P","8","0","C","X","8","5","M",0,0,0,"000000000","00000000000",0,0,0,1,0,0,0,0,0,0,0,50,0,0,0,12,6,2,8,0,0,0,1,1,35058,6,1,0,0,3,1,71,150,0,0,0,3,2,3,2014,1,2016,0,0,0,0,0,5,5,55,1,6,2,1,0,0,1,80,1,1,1,13,"777777777777","777777777777","777777777777",0,0
1,10555,1,1,1,9,9,12,30,42,0,1,0,1,2,58,401,58401,14,2001,"JNRDR09Y11W2","J","N","R","D","R","0","9","Y","1","1","W","2",0,0,0,"000000000","00000000000",0,0,0,1,0,0,0,0,0,0,0,70,0,0,0,12,6,2,42,0,0,0,1,1,36701,2,1,0,0,2,0,68,185,0,0,0,0,1,4,2013,4,2013,0,89,28,0,0,1,2,55,2,1,2,1,0,0,14,12,1,1,4,6,"777777777777","777777777777","777777777777",1,0
1,10556,1,1,2,9,9,15,17,38,0,1,0,1,2,37,32,37032,4,1992,"1HGCB7678NA2","1","H","G","C","B","7","6","7","8","N","A","2",0,0,0,"000000000","00000000000",0,0,0,1,0,0,0,0,0,0,0,75,0,0,0,1,6,2,42,0,0,0,1,1,36264,6,2,0,0,3,1,63,165,0,0,0,0,0,0,0,0,0,3,58,0,0,0,1,2,40,1,1,2,1,0,0,1,6,7,4,4,7,"777777777777","777777777777","777777777777",2,0
1,10557,1,2,4,22,5,9,0,12,7,1,0,25,1,55,401,55401,14,2002,"KM8SC13D32U1","K","M","8","S","C","1","3","D","3","2","U","1",0,0,0,"000000000","00000000000",0,0,0,1,0,0,0,0,0,0,0,75,0,0,0,11,6,2,42,0,0,0,1,25,1108,6,1,0,0,3,0,65,999,0,0,0,0,1,1,2016,1,2016,0,0,0,0,0,2,2,70,1,5,2,1,0,0,15,10,1,1,2,47,"777777777777","777777777777","777777777777",1,0
1,10557,2,2,2,22,5,9,0,12,7,1,0,13,1,63,34,63034,4,2014,"5XXGN4A78EG2","5","X","X","G","N","4","A","7","8","E","G","2",0,0,0,"000000000","00000000000",0,0,0,1,0,0,0,0,0,0,0,75,0,0,0,4,4,5,12,0,0,0,1,13,30741,6,1,0,0,3,0,71,275,98,0,0,0,0,0,0,0,0,0,0,0,0,0,2,2,70,1,5,2,1,0,0,1,61,99,1,1,45,"777777777777","777777777777","777777777777",0,0
1,10558,1,1,1,9,5,23,15,1,0,1,0,28,2,23,401,23401,14,2003,"1GKDS13S8323","1","G","K","D","S","1","3","S","8","3","2","3",0,0,0,"000000000","00000000000",0,0,0,1,0,0,0,0,0,0,0,999,0,1,5,0,6,2,35,0,0,1,1,28,39564,1,1,0,0,2,1,65,160,98,0,0,1,0,8,2015,8,2015,3,0,0,0,0,2,2,70,1,1,2,1,0,0,1,13,1,1,4,1,"777777777777","777777777777","777777777777",1,1
1,10559,1,3,1,30,5,20,40,12,6,1,0,1,2,49,50,49050,3,2007,"JTKDE1771702","J","T","K","D","E","1","7","7","1","7","0","2",0,0,0,"000000000","00000000000",0,0,0,1,0,0,0,0,0,0,0,999,0,0,0,12,6,2,12,0,0,0,1,1,36609,6,1,0,0,3,1,67,150,0,0,0,2,1,8,2011,11,2014,0,38,0,0,0,5,5,50,1,1,2,1,0,0,11,15,1,1,1,68,"777777777777","777777777777","777777777777",0,0
1,10559,2,3,2,30,5,20,40,12,6,1,0,1,2,37,706,37706,80,2007,"1HFSC52657A4","1","H","F","S","C","5","2","6","5","7","A","4",0,0,0,"000000000","00000000000",0,0,0,1,0,0,0,0,0,0,0,999,0,0,0,11,6,2,12,0,0,0,1,1,36522,1,1,0,0,2,0,70,175,1,0,0,1,1,7,2011,1,2014,0,0,0,0,0,5,5,50,1,1,2,1,0,0,1,62,99,1,1,69,"777777777777","777777777777","777777777777",1,1
1,10559,3,3,2,30,5,20,40,12,6,1,0,1,1,7,422,7422,15,2006,"1D8HD58286F1","1","D","8","H","D","5","8","2","8","6","F","1",0,0,0,"000000000","00000000000",0,0,0,1,0,0,0,0,0,0,0,0,0,0,0,11,2,5,12,0,0,0,1,1,36604,6,1,0,0,3,1,70,155,1,0,0,1,1,8,2011,1,2014,0,0,0,0,0,1,2,25,1,1,2,1,20,3,5,66,1,1,1,98,"777777777777","777777777777","777777777777",0,0
1,10560,1,2,2,28,5,16,10,12,6,1,0,1,1,72,706,72706,80,2012,"1HD1FFM15CB6","1","H","D","1","F","F","M","1","5","C","B","6",0,0,0,"000000000","00000000000",0,0,0,1,0,0,0,0,0,0,0,45,0,0,0,12,6,2,12,0,0,0,1,1,35058,6,1,0,0,3,0,72,160,0,0,0,0,0,0,0,0,0,0,33,0,0,0,1,2,45,1,6,2,1,0,0,6,10,1,1,2,74,"777777777777","777777777777","777777777777",1,0
1,10560,2,2,1,28,5,16,10,12,6,1,0,1,1,2,403,2403,14,2009,"1J4GZ39189L7","1","J","4","G","Z","3","9","1","8","9","L","7",0,0,0,"000000000","00000000000",0,0,0,1,0,0,0,0,0,0,0,10,0,0,0,8,2,5,12,0,0,0,1,1,35031,6,1,0,0,3,1,66,185,0,0,0,0,0,0,0,0,0,0,89,0,0,0,1,2,45,1,6,2,1,0,0,11,60,1,1,1,74,"777777777777","777777777777","777777777777",0,0
1,10561,1,1,1,18,5,19,10,53,0,1,0,1,1,23,481,23481,31,2007,"1GTHK23667F5","1","G","T","H","K","2","3","6","6","7","F","5",0,0,0,"000000000","00000000000",0,0,0,1,0,0,0,0,0,0,0,80,0,0,0,12,6,2,42,0,0,0,1,1,35475,6,1,0,0,3,0,70,250,1,0,0,0,0,1,2016,1,2016,3,0,0,0,0,1,2,55,3,6,2,1,0,0,14,13,1,1,4,1,"777777777777","777777777777","777777777777",1,0
1,10562,1,2,2,21,5,21,10,12,2,1,0,1,2,18,2,18002,4,1992,"1G4HP53L9NH5","1","G","4","H","P","5","3","L","9","N","H","5",0,0,0,"000000000","00000000000",0,0,0,1,0,0,0,0,0,0,0,45,0,0,0,12,6,2,12,0,0,0,1,1,36582,0,0,0,0,0,0,999,999,0,0,0,0,0,0,0,0,0,0,28,0,0,0,1,2,45,1,1,2,1,0,0,1,10,99,1,2,50,"777777777777","777777777777","777777777777",2,0
1,10562,2,2,1,21,5,21,10,12,2,1,0,1,2,35,47,35047,4,2007,"1N4AL21E37N4","1","N","4","A","L","2","1","E","3","7","N","4",0,0,0,"000000000","00000000000",0,0,0,1,0,0,0,0,0,0,0,45,0,0,0,12,6,2,12,0,0,0,1,1,36619,2,1,0,0,2,1,71,200,0,0,0,0,0,0,0,0,0,0,0,0,0,0,1,2,45,1,1,2,1,0,0,1,62,99,1,1,51,"777777777777","777777777777","777777777777",0,1
1,10563,1,2,1,21,5,21,15,12,2,1,0,1,1,20,481,20481,31,2008,"1GCEC14X98Z3","1","G","C","E","C","1","4","X","9","8","Z","3",0,0,0,"000000000","00000000000",0,0,0,1,0,0,0,0,0,0,0,55,0,0,0,12,6,2,12,0,0,0,1,1,35044,6,1,0,0,3,0,71,190,0,1,1,0,1,5,2014,6,2015,4,28,0,0,0,1,2,35,1,5,2,1,0,0,1,10,1,1,2,50,"777777777777","777777777777","777777777777",0,0
1,10563,2,2,1,21,5,21,15,12,2,1,0,1,1,49,40,49040,4,2014,"4T1BF1FK8EU3","4","T","1","B","F","1","F","K","8","E","U","3",0,0,0,"000000000","00000000000",0,0,0,1,0,0,0,0,0,0,0,45,0,0,0,12,6,2,12,0,0,0,1,1,35044,6,1,0,0,3,0,67,255,0,0,0,0,0,0,0,0,0,3,0,0,0,0,1,2,35,1,6,2,1,0,0,1,62,99,1,1,51,"777777777777","777777777777","777777777777",1,0
1,10564,1,1,2,8,5,4,55,1,0,1,0,1,2,37,32,37032,4,2003,"1HGCM66563A1","1","H","G","C","M","6","6","5","6","3","A","1",0,0,0,"000000000","00000000000",0,0,0,1,0,0,0,0,0,0,0,70,0,1,5,0,6,2,1,0,0,0,1,1,35160,6,1,0,0,3,0,73,187,0,0,0,0,2,6,2011,4,2014,0,0,0,0,0,1,2,55,3,1,2,1,0,0,14,13,1,1,4,1,"777777777777","777777777777","777777777777",1,0
1,10565,1,2,1,18,5,13,15,12,2,1,0,1,1,2,404,2404,14,1993,"1J4FT68S7PL5","1","J","4","F","T","6","8","S","7","P","L","5",0,0,0,"000000000","00000000000",0,0,0,1,0,0,0,0,0,0,0,55,0,0,0,12,6,2,12,0,0,0,1,1,36091,6,1,0,0,3,0,69,130,1,0,0,0,0,10,2011,10,2011,0,28,0,0,0,1,2,55,1,1,2,1,0,0,1,10,1,1,2,50,"777777777777","777777777777","777777777777",1,0
1,10565,2,2,1,18,5,13,15,12,2,1,0,1,1,12,481,12481,31,2005,"1FTPX12595FB","1","F","T","P","X","1","2","5","9","5","F","B",1,1,0,"000000000","00000000000",0,0,0,1,0,0,0,0,0,0,0,55,0,0,0,12,6,2,12,0,0,0,1,1,35171,0,0,0,0,0,0,999,999,0,0,0,0,0,0,0,0,0,0,0,0,0,0,1,2,55,1,1,2,1,0,0,1,62,99,1,1,51,"888888888888","777777777777","777777777777",0,0
1,10566,1,1,1,7,5,20,30,34,0,1,0,1,1,37,705,37705,80,2003,"JH2PC21323M4","J","H","2","P","C","2","1","3","2","3","M","4",0,0,0,"000000000","00000000000",0,0,0,1,0,0,0,0,0,0,0,35,0,0,0,12,6,2,34,0,0,0,1,1,35959,6,1,0,0,3,1,69,160,1,0,0,0,0,10,2015,10,2015,0,89,0,0,0,1,2,35,1,1,2,1,0,0,1,87,7,1,4,3,"777777777777","777777777777","777777777777",1,0
1,10567,1,2,1,7,5,21,40,12,6,1,0,92,0,53,705,53705,80,2008,"JS1GN7EA6821","J","S","1","G","N","7","E","A","6","8","2","1",0,0,0,"000000000","00000000000",0,0,0,1,0,0,0,0,0,0,0,140,0,0,0,12,6,2,12,0,0,0,1,1,36701,1,1,0,0,2,0,66,165,0,0,0,0,0,0,0,0,0,3,8,33,0,0,2,2,65,1,1,2,1,0,0,6,51,1,1,1,48,"777777777777","777777777777","777777777777",1,0
1,10567,2,2,1,7,5,21,40,12,6,1,1,1,4,13,421,13421,15,2007,"5LMFL27507LJ","5","L","M","F","L","2","7","5","0","7","L","J",0,0,0,"000000000","00000000000",0,0,0,1,0,0,0,0,0,0,0,15,0,0,0,7,6,2,12,0,0,0,1,1,36703,2,1,5,0,2,0,67,185,0,0,0,0,0,0,0,0,0,0,0,0,0,0,2,2,65,1,1,2,1,0,0,1,53,1,1,1,48,"777777777777","777777777777","777777777777",0,0
1,10568,1,2,1,2,5,20,5,12,1,1,0,92,0,98,998,98998,92,1996,"999999999999","9","9","9","9","9","9","9","9","9","9","9","9",0,0,0,"000000000","00000000000",0,0,0,1,0,0,0,0,0,0,0,999,0,1,1,6,6,2,1,0,0,0,1,1,36608,1,1,0,0,1,0,72,165,0,0,0,1,0,12,2012,12,2012,0,23,0,0,0,1,2,55,1,1,2,1,0,0,1,53,1,1,1,25,"777777777777","777777777777","777777777777",1,1
1,10568,2,2,1,2,5,20,5,12,1,1,0,1,1,23,481,23481,31,2013,"1GTR2VE77DZ3","1","G","T","R","2","V","E","7","7","D","Z","3",1,1,0,"000000000","00000000000",0,0,0,1,0,0,0,0,0,0,0,48,0,0,0,12,6,2,12,0,0,0,1,1,36542,6,1,0,0,3,1,76,240,1,0,0,3,1,10,2011,7,2014,0,0,0,0,0,1,2,55,1,1,2,1,0,0,1,51,99,1,1,24,"888888888888","777777777777","777777777777",0,0
1,10569,1,2,1,2,5,13,40,1,0,1,0,1,3,86,881,86881,63,2006,"1M2K189C16M0","1","M","2","K","1","8","9","C","1","6","M","0",0,0,57,"962089","57962089",3,2,1,1,0,0,0,0,0,0,0,40,0,1,1,0,6,2,12,0,0,0,1,1,35976,6,1,6,0,3,0,72,205,1,0,0,0,2,5,2012,7,2014,4,0,0,0,0,1,2,45,2,6,2,1,0,0,14,6,1,2,2,98,"777777777777","777777777777","777777777777",0,0
1,10569,2,2,1,2,5,13,40,1,0,1,0,1,1,49,472,49472,30,2007,"5TETX22N17Z4","5","T","E","T","X","2","2","N","1","7","Z","4",0,0,0,"000000000","00000000000",0,0,0,1,0,0,0,0,0,0,0,10,0,0,0,13,6,2,12,0,0,0,1,1,35769,6,1,0,0,3,0,69,175,0,0,0,1,0,11,2011,11,2011,0,89,0,0,0,1,2,45,3,5,2,1,0,0,14,62,1,1,1,98,"777777777777","777777777777","777777777777",1,0
1,10570,1,3,3,3,5,5,52,12,2,1,0,28,2,20,37,20037,4,2011,"1G1ZA5EU4BF2","1","G","1","Z","A","5","E","U","4","B","F","2",0,0,0,"000000000","00000000000",0,0,0,1,0,0,0,0,0,0,0,55,0,0,0,12,6,2,12,0,0,0,1,28,39298,0,0,0,0,0,0,65,140,98,0,0,0,0,0,0,0,0,0,28,0,0,0,1,2,55,2,5,2,1,0,0,14,10,1,1,2,50,"777777777777","777777777777","777777777777",0,0
1,10570,2,3,3,3,5,5,52,12,2,1,0,48,3,20,2,20002,4,2016,"2G1WB5E37G11","2","G","1","W","B","5","E","3","7","G","1","1",0,0,0,"000000000","00000000000",0,0,0,1,0,0,0,0,0,0,0,50,0,1,5,12,6,2,12,0,0,0,1,48,75070,6,1,0,0,3,1,999,999,0,0,0,1,0,3,2016,3,2016,0,0,0,0,0,1,2,55,3,6,2,1,0,0,14,62,99,1,1,51,"777777777777","777777777777","777777777777",1,0
1,10570,3,3,3,3,5,5,52,12,2,1,0,1,1,23,423,23423,15,2013,"1GKKRRKDXDJ1","1","G","K","K","R","R","K","D","X","D","J","1",0,0,0,"000000000","00000000000",0,0,0,1,0,0,0,0,0,0,0,50,0,0,0,8,4,5,12,0,0,0,1,1,36587,6,1,0,0,3,0,63,132,1,0,0,0,0,1,2013,1,2013,0,0,0,0,0,1,2,55,3,6,2,1,0,0,14,62,99,1,1,98,"777777777777","777777777777","777777777777",0,0
1,10571,1,2,4,23,5,9,52,12,1,1,0,1,2,39,36,39036,4,2002,"SAJEA51C42WC","S","A","J","E","A","5","1","C","4","2","W","C",0,0,0,"000000000","00000000000",0,0,0,1,0,0,0,0,0,0,0,999,0,0,0,12,6,2,12,0,0,0,1,1,36116,0,0,0,0,0,0,999,999,0,0,0,0,0,0,0,0,0,0,37,0,0,0,2,2,65,1,1,2,1,0,0,1,51,1,1,1,24,"777777777777","777777777777","777777777777",1,0
1,10571,2,2,2,23,5,9,52,12,1,1,0,1,1,37,441,37441,20,2008,"5FNRL38608B0","5","F","N","R","L","3","8","6","0","8","B","0",0,0,0,"000000000","00000000000",0,0,0,1,0,0,0,0,0,0,0,55,0,0,0,6,2,5,12,0,0,0,1,1,36301,6,1,0,0,3,0,70,217,0,0,0,0,0,0,0,0,0,0,0,0,0,0,2,2,65,1,1,2,1,0,0,1,53,1,1,1,25,"777777777777","777777777777","777777777777",0,0
1,10572,1,3,2,27,5,15,30,12,7,1,0,1,1,20,481,20481,31,2003,"1GCEC14V23Z2","1","G","C","E","C","1","4","V","2","3","Z","2",1,1,0,"000000000","00000000000",0,0,0,1,0,0,0,0,0,0,0,65,0,0,0,8,6,2,12,0,0,0,1,1,36303,6,1,0,0,3,0,74,290,1,0,0,0,0,4,2016,4,2016,0,28,0,0,0,2,2,65,1,1,2,1,0,0,15,10,1,1,2,47,"888888888888","777777777777","777777777777",0,1
1,10572,2,3,5,27,5,15,30,12,7,1,0,1,2,20,422,20422,15,2015,"1GNSCJKC2FR2","1","G","N","S","C","J","K","C","2","F","R","2",0,0,0,"000000000","00000000000",0,0,0,1,0,0,0,0,0,0,0,65,0,0,0,2,6,2,12,0,0,0,1,1,36311,6,1,0,0,3,1,73,245,0,0,0,2,0,9,2014,9,2015,0,0,0,0,0,2,2,65,1,1,2,1,0,0,1,61,1,1,1,45,"777777777777","777777777777","777777777777",2,0
1,10572,3,3,2,27,5,15,30,12,7,1,0,48,1,82,850,82850,65,2002,"4UZAAHAK22CK","4","U","Z","A","A","H","A","K","2","2","C","K",5,1,0,"000000000","00000000000",0,0,0,1,0,0,0,0,0,0,0,65,0,0,0,12,6,2,12,0,0,0,1,48,78163,6,1,0,0,3,0,999,999,0,0,0,0,0,0,0,0,0,0,0,0,0,0,2,2,65,1,1,2,1,0,0,1,62,99,1,1,98,"777777777777","777777777777","777777777777",0,0
1,10573,1,1,2,27,5,15,10,32,0,1,0,1,2,2,403,2403,14,2014,"1C4BJWEG3EL3","1","C","4","B","J","W","E","G","3","E","L","3",0,0,0,"000000000","00000000000",0,0,0,1,0,0,0,0,0,0,0,75,0,0,0,12,6,2,42,0,0,0,1,1,36104,6,1,0,0,3,0,66,148,2,0,0,1,0,8,2012,12,2013,0,89,0,0,0,1,2,45,3,1,2,1,0,0,14,13,1,1,4,1,"777777777777","777777777777","777777777777",1,1
1,10574,1,1,1,10,9,12,9,42,0,1,0,1,1,20,16,20016,4,1991,"1G1JC54G5M72","1","G","1","J","C","5","4","G","5","M","7","2",0,0,0,"000000000","00000000000",0,0,0,1,0,0,0,0,0,0,0,50,0,0,0,12,6,2,42,0,0,0,1,1,36545,6,1,0,0,3,0,67,150,0,0,0,0,0,0,0,0,0,0,28,0,0,0,1,2,30,1,1,2,1,0,0,1,12,1,1,4,6,"777777777777","777777777777","777777777777",1,0
1,10575,1,1,1,10,9,15,9,42,0,1,0,1,2,7,482,7482,31,1998,"1B7KC2364WJ2","1","B","7","K","C","2","3","6","4","W","J","2",0,0,0,"000000000","00000000000",0,0,0,1,0,0,0,0,0,0,0,55,0,1,5,9,6,2,42,0,0,0,1,1,35210,1,1,0,0,2,1,69,165,1,1,1,0,0,3,2013,8,2014,3,28,0,0,0,1,2,35,2,1,2,1,0,0,14,6,16,2,4,7,"777777777777","777777777777","777777777777",1,0
1,10576,1,1,1,11,9,7,0,42,0,1,0,1,1,41,50,41050,4,2012,"1YVHZ8DH4C5M","1","Y","V","H","Z","8","D","H","4","C","5","M",0,0,0,"000000000","00000000000",0,0,0,1,0,0,0,0,0,0,0,80,0,0,0,12,6,2,42,0,0,0,1,1,35175,6,1,0,0,3,1,71,180,1,0,0,0,0,4,2015,4,2015,3,28,0,0,0,1,2,45,2,6,2,1,0,0,14,6,99,2,4,7,"777777777777","777777777777","777777777777",1,1
1,10577,1,1,1,11,9,11,50,58,0,1,0,1,1,72,706,72706,80,2001,"1HD1JBB111Y0","1","H","D","1","J","B","B","1","1","1","Y","0",0,0,0,"000000000","00000000000",0,0,0,1,0,0,0,0,0,0,0,999,0,0,0,19,6,2,58,0,0,0,1,1,35217,6,1,0,0,3,0,67,180,0,0,0,0,0,0,0,0,0,9,89,0,0,0,3,3,65,1,1,2,1,0,0,1,52,16,2,1,98,"777777777777","777777777777","777777777777",1,0
1,10578,1,1,2,11,9,15,50,1,0,1,0,1,2,20,481,20481,31,2006,"2GCEC13V8613","2","G","C","E","C","1","3","V","8","6","1","3",0,0,0,"000000000","00000000000",0,0,0,1,0,0,0,0,0,0,0,999,0,1,5,0,6,2,1,0,0,0,1,1,36575,6,1,0,0,3,0,66,200,0,0,0,0,1,5,2016,5,2016,0,58,87,0,0,2,2,65,1,5,2,2,0,0,1,5,7,3,4,2,"777777777777","777777777777","777777777777",1,0
1,10579,1,1,1,11,9,20,45,42,0,1,0,1,2,12,401,12401,14,1996,"1FMDU32X5TUB","1","F","M","D","U","3","2","X","5","T","U","B",0,0,0,"000000000","00000000000",0,0,0,1,0,0,0,0,0,0,0,55,0,0,0,9,6,2,42,0,0,0,1,1,35051,6,1,0,0,3,1,67,120,1,1,0,0,1,12,2011,5,2016,4,0,0,0,0,1,2,50,3,1,2,2,0,0,14,12,1,1,4,6,"777777777777","777777777777","777777777777",1,0
1,10580,1,2,1,11,9,2,30,12,2,1,0,1,2,12,471,12471,30,1996,"1FTCR10A4TUD","1","F","T","C","R","1","0","A","4","T","U","D",0,0,0,"000000000","00000000000",0,0,0,1,0,0,0,0,0,0,0,55,0,0,0,12,6,2,12,0,0,0,1,1,36116,6,1,0,0,3,0,69,220,0,0,0,0,0,0,0,0,0,0,0,0,0,0,1,2,55,2,3,2,1,0,0,14,10,1,1,2,50,"777777777777","777777777777","777777777777",0,0
1,10580,2,2,1,11,9,2,30,12,2,1,0,1,2,50,706,50706,80,2002,"SMT900HN12J1","S","M","T","9","0","0","H","N","1","2","J","1",0,0,0,"000000000","00000000000",0,0,0,1,0,0,0,0,0,0,0,55,0,0,0,12,6,2,12,0,0,0,1,1,36067,6,1,0,0,3,0,71,197,0,0,0,0,0,0,0,0,0,0,0,0,0,0,1,2,55,1,3,2,1,0,0,1,62,99,1,1,51,"777777777777","777777777777","777777777777",1,0
1,10581,1,2,1,12,9,16,0,12,1,1,0,1,3,12,481,12481,31,2008,"1FTRF12W28KD","1","F","T","R","F","1","2","W","2","8","K","D",0,0,0,"000000000","00000000000",0,0,0,1,0,0,0,0,0,0,0,65,0,0,0,12,6,2,12,0,0,0,1,1,35042,6,1,0,0,3,0,63,140,0,0,0,0,1,11,2011,11,2011,0,0,0,0,0,2,2,65,1,1,2,1,0,0,1,50,1,1,1,20,"777777777777","777777777777","777777777777",1,0
1,10581,2,2,1,12,9,16,0,12,1,1,0,55,3,85,881,85881,66,2015,"1XKADP9X9FJ4","1","X","K","A","D","P","9","X","9","F","J","4",1,1,57,"104249","57104249",3,6,8,1,0,0,0,0,0,0,0,0,0,0,0,6,6,2,12,0,0,0,1,1,35210,6,1,6,0,3,0,68,250,0,0,0,0,0,0,0,0,0,0,54,89,0,0,2,2,65,1,1,2,1,0,0,5,53,1,1,1,21,"888888888888","777777777777","777777777777",0,0
1,10582,1,1,3,12,9,20,26,8,0,1,0,1,1,12,422,12422,15,2005,"1FMPU15515LA","1","F","M","P","U","1","5","5","1","5","L","A",0,0,0,"000000000","00000000000",0,0,0,1,0,0,0,0,0,0,0,45,0,0,0,12,6,2,8,0,0,0,1,1,35601,6,1,0,0,3,0,66,140,0,0,0,0,0,0,0,0,0,0,0,0,0,0,2,2,50,1,1,2,1,0,0,1,80,1,1,1,13,"777777777777","777777777777","777777777777",0,0
1,10583,1,2,2,13,9,13,45,12,2,1,0,92,0,12,999,12999,99,9999,"999999999999","9","9","9","9","9","9","9","9","9","9","9","9",0,0,0,"000000000","00000000000",0,0,0,1,0,0,0,0,0,0,0,80,0,0,0,12,6,2,12,0,0,1,1,1,36853,6,1,0,0,3,0,71,175,0,0,0,2,0,11,2012,6,2014,3,8,51,33,0,1,2,55,3,6,2,1,0,0,14,54,1,1,1,52,"777777777777","777777777777","777777777777",2,0
1,10583,2,2,1,13,9,13,45,12,2,1,0,1,1,98,881,98881,66,1995,"4V1VDBCH6SN6","4","V","1","V","D","B","C","H","6","S","N","6",1,1,57,"1506225","571506225",3,6,2,1,0,0,0,0,0,0,0,45,0,1,5,12,6,2,12,0,0,0,1,1,36266,6,1,6,0,3,0,71,290,1,0,0,2,0,5,2012,2,2013,0,0,0,0,0,1,2,55,3,5,2,1,0,0,14,54,7,1,1,52,"888888888888","777777777777","777777777777",0,0