"STATE","ST_CASE","VEH_NO","VE_FORMS","NUMOCCS","DAY","MONTH","HOUR","MINUTE","HARM_EV","MAN_COLL","UNITTYPE","HIT_RUN","REG_STAT","OWNER","MAKE","MODEL","MAK_MOD","BODY_TYP","MOD_YEAR","VIN","VIN_1","VIN_2","VIN_3","VIN_4","VIN_5","VIN_6","VIN_7","VIN_8","VIN_9","VIN_10","VIN_11","VIN_12","TOW_VEH","J_KNIFE","MCARR_I1","MCARR_I2","MCARR_ID","GVWR","V_CONFIG","CARGO_BT","HAZ_INV","HAZ_PLAC","HAZ_ID","HAZ_CNO","HAZ_REL","BUS_USE","SPEC_USE","EMER_USE","TRAV_SP","UNDERIDE","ROLLOVER","ROLINLOC","IMPACT1","DEFORMED","TOWED","M_HARM","VEH_SC1","VEH_SC2","FIRE_EXP","DR_PRES","L_STATE","DR_ZIP","L_STATUS","L_TYPE","CDL_STAT","L_ENDORS","L_COMPL","L_RESTRI","DR_HGT","DR_WGT","PREV_ACC","PREV_SUS","PREV_DWI","PREV_SPD","PREV_OTH","FIRST_MO","FIRST_YR","LAST_MO","LAST_YR","SPEEDREL","DR_SF1","DR_SF2","DR_SF3","DR_SF4","VTRAFWAY","VNUM_LAN","VSPD_LIM","VALIGN","VPROFILE","VPAVETYP","VSURCOND","VTRAFCON","VTCONT_F","P_CRASH1","P_CRASH2","P_CRASH3","PCRASH4","PCRASH5","ACC_TYPE","TRLR1VIN","TRLR2VIN","TRLR3VIN","DEATHS","DR_DRINK"
1,10618,1,2,1,21,9,5,20,12,2,1,0,17,3,12,481,12481,31,2013,"1FT7W2BT0DEA","1","F","T","7","W","2","B","T","0","D","E","A",0,0,0,"000000000","00000000000",0,0,0,1,0,0,0,0,0,0,0,55,0,0,0,12,6,2,12,0,0,0,1,28,39440,6,1,0,0,3,1,72,225,98,0,0,0,0,0,0,0,0,0,28,0,0,0,1,2,55,2,6,2,1,0,0,14,10,1,1,2,50,"777777777777","777777777777","777777777777",1,0
1,10618,2,2,1,21,9,5,20,12,2,1,0,93,3,86,881,86881,66,2015,"1M1AW07Y5FM0","1","M","1","A","W","0","7","Y","5","F","M","0",1,1,57,"450770","57450770",3,6,1,1,0,0,0,0,0,0,0,55,0,0,0,12,6,2,12,0,0,0,1,13,31601,6,1,6,0,3,1,74,225,98,0,0,0,0,0,0,0,0,0,0,0,0,0,1,2,55,2,5,2,1,0,0,14,62,7,1,1,51,"888888888888","777777777777","777777777777",0,0
1,10619,1,1,1,23,9,5,45,8,0,1,0,1,2,49,44,49044,2,2000,"2T1CG22P1YC3","2","T","1","C","G","2","2","P","1","Y","C","3",0,0,0,"000000000","00000000000",0,0,0,1,0,0,0,0,0,0,0,45,0,0,0,12,4,5,8,0,0,0,1,1,36619,6,1,0,0,3,1,66,165,0,0,0,0,0,0,0,0,0,0,0,0,0,0,5,5,45,1,5,2,1,0,0,1,80,6,1,1,13,"777777777777","777777777777","777777777777",0,0
1,10620,1,1,7,24,9,3,35,34,0,1,0,92,0,12,481,12481,31,2002,"1FTRW08L62KB","1","F","T","R","W","0","8","L","6","2","K","B",0,0,0,"000000000","00000000000",0,0,0,1,0,0,0,0,0,0,0,50,0,0,0,3,6,2,42,0,0,0,1,1,35645,6,1,0,0,3,0,69,142,0,0,0,0,0,0,0,0,0,4,0,0,0,0,1,2,35,3,5,5,1,0,0,14,13,1,2,4,2,"777777777777","777777777777","777777777777",1,1
1,10621,1,1,1,24,9,1,30,34,0,1,0,1,2,7,20,7020,4,2000,"1B3ES46C2YD5","1","B","3","E","S","4","6","C","2","Y","D","5",0,0,0,"000000000","00000000000",0,0,0,1,0,0,0,0,0,0,0,60,0,1,5,12,6,2,42,0,0,0,1,1,35453,0,0,0,0,0,0,999,999,0,0,0,0,0,0,0,0,0,3,58,0,0,0,1,2,45,3,6,2,1,0,0,14,13,6,9,4,7,"777777777777","777777777777","777777777777",1,0
1,10622,1,1,1,24,9,10,55,58,0,1,0,1,1,76,709,76709,80,1979,"3H3007779","3","H","3","0","0","7","7","7","9","","","",0,0,0,"000000000","00000000000",0,0,0,1,0,0,0,0,0,0,0,45,0,0,0,98,6,2,34,0,0,0,1,1,35646,6,1,0,0,3,0,70,165,0,0,0,0,0,0,0,0,0,0,0,0,0,0,1,2,45,3,5,2,1,0,0,14,98,1,1,1,98,"777777777777","777777777777","777777777777",1,0
1,10623,1,1,1,24,9,0,0,38,0,1,0,0,0,53,706,53706,80,2001,"JS1GT74A6121","J","S","1","G","T","7","4","A","6","1","2","1",0,0,0,"000000000","00000000000",0,0,0,1,0,0,0,0,0,0,0,110,0,0,0,12,6,2,38,0,0,0,1,1,36345,2,1,0,0,2,1,69,150,0,0,0,0,0,0,0,0,0,3,8,0,0,0,1,2,55,2,5,2,1,0,0,14,12,1,1,4,6,"777777777777","777777777777","777777777777",1,0
1,10624,1,1,1,24,9,22,25,34,0,1,0,1,1,20,16,20016,6,1993,"1G1JC84T4P72","1","G","1","J","C","8","4","T","4","P","7","2",0,0,0,"000000000","00000000000",0,0,0,1,0,0,0,0,0,0,0,999,0,1,5,12,6,2,1,0,0,0,1,1,36610,6,1,0,0,3,0,71,143,1,0,0,0,0,11,2014,11,2014,3,58,0,0,0,1,2,45,1,1,2,1,0,0,1,13,6,1,4,6,"777777777777","777777777777","777777777777",1,0
1,10625,1,1,1,26,9,14,45,42,0,1,0,1,2,49,442,49442,20,2001,"4T3ZF13C71U3","4","T","3","Z","F","1","3","C","7","1","U","3",0,0,0,"000000000","00000000000",0,0,0,1,0,0,0,0,0,0,0,60,0,0,0,3,6,2,42,0,0,0,1,1,35952,6,1,0,0,3,0,63,153,0,0,0,0,1,7,2016,7,2016,4,0,0,0,0,1,2,45,3,5,2,2,0,0,14,12,1,4,4,7,"777777777777","777777777777","777777777777",1,0
1,10626,1,1,1,26,9,21,10,8,0,1,0,1,1,14,6,14006,4,1998,"2MEFM75W0WX6","2","M","E","F","M","7","5","W","0","W","X","6",0,0,0,"000000000","00000000000",0,0,0,1,0,0,0,0,0,0,0,999,0,0,0,12,4,3,8,0,0,0,1,1,35481,6,1,0,0,3,1,72,170,0,2,1,1,2,11,2011,6,2012,9,0,0,0,0,5,5,45,1,1,2,1,0,0,1,80,1,1,1,13,"777777777777","777777777777","777777777777",0,0
1,10627,1,1,2,27,9,15,3,35,0,1,0,1,2,12,37,12037,4,2001,"1FAFP343X1W3","1","F","A","F","P","3","4","3","X","1","W","3",0,0,0,"000000000","00000000000",0,0,0,1,0,0,0,0,0,0,0,999,0,1,5,12,6,2,1,0,0,0,1,1,35954,1,1,0,0,2,1,66,150,2,0,0,1,0,6,2012,12,2013,9,0,0,0,0,1,2,35,1,1,2,1,0,0,1,13,1,1,4,1,"777777777777","777777777777","777777777777",1,0
1,10628,1,2,1,27,9,14,30,12,2,1,0,1,2,12,471,12471,30,1990,"1FTCR10A9LUB","1","F","T","C","R","1","0","A","9","L","U","B",0,0,0,"000000000","00000000000",0,0,0,1,0,0,0,0,0,0,0,65,0,0,0,12,6,2,12,0,0,0,1,1,36271,1,1,0,0,2,0,71,175,0,0,0,1,0,4,2015,4,2015,0,8,37,0,0,1,2,35,2,6,2,1,0,0,14,10,1,1,2,50,"777777777777","777777777777","777777777777",0,0
1,10628,2,2,3,27,9,14,30,12,2,1,0,13,2,37,31,37031,2,2006,"2HGFG12626H5","2","H","G","F","G","1","2","6","2","6","H","5",0,0,0,"000000000","00000000000",0,0,0,1,0,0,0,0,0,0,0,35,0,0,0,12,6,2,12,0,0,0,1,1,36201,6,1,0,0,3,0,65,142,0,0,0,1,0,3,2016,3,2016,0,0,0,0,0,1,2,35,3,5,2,1,0,0,14,62,99,1,1,51,"777777777777","777777777777","777777777777",3,0
1,10629,1,1,2,27,9,20,25,8,0,1,0,1,1,6,441,6441,20,2014,"2C4RC1BG5ER2","2","C","4","R","C","1","B","G","5","E","R","2",0,0,0,"000000000","00000000000",0,0,0,1,0,0,0,0,0,0,0,55,0,0,0,11,4,5,8,0,0,0,1,1,35475,6,1,0,0,3,1,63,115,1,0,0,1,0,2,2013,2,2016,0,0,0,0,0,1,2,55,1,5,2,1,0,0,1,80,7,1,1,13,"777777777777","777777777777","777777777777",0,0
1,10630,1,2,1,29,9,17,17,12,6,1,0,1,1,35,43,35043,4,2013,"3N1AB7AP1DL6","3","N","1","A","B","7","A","P","1","D","L","6",0,0,0,"000000000","00000000000",0,0,0,1,0,0,0,0,0,0,0,20,0,0,0,1,6,2,12,0,0,0,1,1,36251,6,1,0,0,3,0,62,110,1,0,0,4,0,1,2012,2,2016,0,0,0,0,0,1,3,55,1,1,2,1,0,0,11,15,98,1,1,68,"777777777777","777777777777","777777777777",0,0
1,10630,2,2,2,29,9,17,17,12,6,1,0,1,2,37,31,37031,4,1991,"JHMED3641MS0","J","H","M","E","D","3","6","4","1","M","S","0",0,0,0,"000000000","00000000000",0,0,0,1,0,0,0,0,0,0,0,65,0,0,0,12,6,2,12,0,0,0,1,1,35072,6,1,0,0,3,0,69,205,0,0,0,0,0,0,0,0,0,3,0,0,0,0,1,3,55,1,1,2,1,0,0,1,62,99,1,1,69,"777777777777","777777777777","777777777777",2,0
1,10631,1,1,1,29,9,21,28,1,0,1,0,1,2,12,17,12017,4,2004,"1FAFP53284G1","1","F","A","F","P","5","3","2","8","4","G","1",0,0,0,"000000000","00000000000",0,0,0,1,0,0,0,0,0,0,0,90,0,1,5,0,6,2,42,0,0,0,1,1,35080,6,1,0,0,3,1,73,180,1,0,0,0,0,4,2015,4,2015,3,89,0,0,0,1,2,50,3,1,2,1,0,0,14,13,1,1,4,1,"777777777777","777777777777","777777777777",1,0
1,10632,1,1,1,29,9,19,30,8,0,1,0,1,2,12,481,12481,31,2006,"1FTRX02W36KB","1","F","T","R","X","0","2","W","3","6","K","B",0,0,0,"000000000","00000000000",0,0,0,1,0,0,0,0,0,0,0,55,0,0,0,12,2,5,8,0,0,0,1,1,36017,6,1,0,0,3,1,73,330,0,0,0,0,0,0,0,0,0,0,0,0,0,0,1,2,55,1,1,2,1,0,0,1,80,1,1,1,13,"777777777777","777777777777","777777777777",0,0
1,10633,1,2,1,29,9,7,30,12,1,1,0,1,2,12,481,12481,31,2006,"1FTPW14V36FB","1","F","T","P","W","1","4","V","3","6","F","B",0,0,0,"000000000","00000000000",0,0,0,1,0,0,0,0,0,0,0,80,0,1,5,12,6,2,12,0,0,0,1,1,36345,6,1,0,0,3,0,73,180,0,0,0,0,0,0,0,0,0,3,0,0,0,0,2,2,65,1,1,2,1,0,0,1,52,1,1,1,28,"777777777777","777777777777","777777777777",0,0
1,10633,2,2,1,29,9,7,30,12,1,1,0,1,2,35,39,35039,4,2006,"1N4BA41EX6C8","1","N","4","B","A","4","1","E","X","6","C","8",0,0,0,"000000000","00000000000",0,0,0,1,0,0,0,0,0,0,0,10,0,0,0,6,6,2,12,0,0,0,1,1,36310,6,1,0,0,3,0,64,130,0,0,0,1,0,6,2015,6,2015,0,0,0,0,0,2,2,65,1,1,2,1,0,0,2,53,1,1,1,31,"777777777777","777777777777","777777777777",1,0
1,10634,1,1,1,29,9,5,25,34,0,1,0,1,1,49,32,49032,4,2013,"5YFBU4EE1DP2","5","Y","F","B","U","4","E","E","1","D","P","2",0,0,0,"000000000","00000000000",0,0,0,1,0,0,0,0,0,0,0,999,0,1,6,12,6,2,34,0,0,0,1,1,35010,6,1,0,0,3,0,62,130,0,0,0,2,0,10,2013,3,2015,4,0,0,0,0,1,2,35,3,6,2,1,0,0,14,13,6,2,4,7,"777777777777","777777777777","777777777777",1,0
1,10635,1,1,1,29,9,3,45,53,0,1,0,1,1,37,32,37032,2,2000,"1HGCG2255YA0","1","H","G","C","G","2","2","5","5","Y","A","0",0,0,0,"000000000","00000000000",0,0,0,1,0,0,0,0,0,0,0,999,0,0,0,12,6,2,42,0,0,0,1,1,35962,6,1,0,0,3,1,71,155,0,0,0,0,0,0,0,0,0,0,0,0,0,0,1,2,40,1,1,2,1,0,0,1,13,1,1,4,1,"777777777777","777777777777","777777777777",1,0
1,10636,1,2,1,29,9,18,50,12,2,1,0,1,1,12,481,12481,31,1998,"1FTZX18W8WNC","1","F","T","Z","X","1","8","W","8","W","N","C",0,0,0,"000000000","00000000000",0,0,0,1,0,0,0,0,0,0,0,50,0,0,0,12,6,2,12,0,0,0,1,1,36314,6,1,0,0,3,1,77,335,0,0,0,0,0,0,0,0,0,0,28,0,0,0,1,2,45,3,6,2,1,0,0,14,10,6,1,2,50,"777777777777","777777777777","777777777777",0,0
1,10636,2,2,3,29,9,18,50,12,2,1,0,1,1,23,8,23008,6,2012,"1GKKRTED7CJ4","1","G","K","K","R","T","E","D","7","C","J","4",0,0,0,"000000000","00000000000",0,0,0,1,0,0,0,0,0,0,0,40,0,0,0,12,6,2,12,0,0,0,1,1,36314,6,1,0,0,3,0,65,105,0,0,0,2,0,4,2013,5,2014,0,0,0,0,0,1,2,45,2,5,2,1,0,0,14,62,99,1,1,51,"777777777777","777777777777","777777777777",1,0
1,10637,1,2,1,30,9,13,48,12,6,1,0,1,1,20,404,20404,14,2012,"2GNALFEK6C11","2","G","N","A","L","F","E","K","6","C","1","1",0,0,0,"000000000","00000000000",0,0,0,1,0,0,0,0,0,0,0,999,0,0,0,10,6,2,12,0,0,0,1,1,35215,6,1,0,0,3,1,78,298,1,0,0,0,0,8,2015,8,2015,0,0,0,0,0,0,0,0,0,0,0,0,0,0,10,16,1,1,1,78,"777777777777","777777777777","777777777777",0,0
1,10637,2,2,1,30,9,13,48,12,6,1,0,1,2,73,705,73705,80,2006,"JKBZXJD196A0","J","K","B","Z","X","J","D","1","9","6","A","0",0,0,0,"000000000","00000000000",0,0,0,1,0,0,0,0,0,0,0,100,0,0,0,12,6,2,12,0,0,0,1,1,35206,6,1,0,0,3,1,73,300,1,0,0,1,0,3,2012,5,2013,3,0,0,0,0,2,3,45,1,1,2,1,0,0,1,70,99,1,1,79,"777777777777","777777777777","777777777777",1,0
1,10638,1,1,1,30,9,12,30,38,0,1,0,13,1,53,706,53706,80,2001,"JS1GW71A5121","J","S","1","G","W","7","1","A","5","1","2","1",0,0,0,"000000000","00000000000",0,0,0,1,0,0,0,0,0,0,0,65,0,0,0,3,6,2,42,0,0,0,1,1,35010,6,1,6,0,3,1,72,210,0,0,0,0,0,0,0,0,0,3,8,0,0,0,1,2,35,2,1,2,1,0,0,14,6,1,1,4,6,"777777777777","777777777777","777777777777",1,0
1,10639,1,2,1,30,9,9,5,12,6,1,0,1,3,82,881,82881,66,2006,"1FUJA6CKX6LV","1","F","U","J","A","6","C","K","X","6","L","V",1,1,57,"1476744","571476744",3,6,10,1,0,0,0,0,0,0,0,10,0,0,0,4,2,5,12,0,0,0,1,1,36016,6,1,6,0,3,0,69,185,2,0,0,1,8,11,2011,5,2016,0,38,0,0,0,1,2,55,1,6,2,1,0,0,11,15,1,1,1,68,"888888888888","777777777777","777777777777",0,0
1,10639,2,2,1,30,9,9,5,12,6,1,0,47,1,72,706,72706,80,2006,"1HD1JFB106Y0","1","H","D","1","J","F","B","1","0","6","Y","0",0,0,0,"000000000","00000000000",0,0,0,1,0,0,0,0,0,0,0,55,0,0,0,12,6,2,12,0,0,0,1,47,36330,6,1,0,0,3,1,66,170,0,0,0,0,0,0,0,0,0,0,0,0,0,0,1,2,55,1,5,2,1,0,0,1,62,1,1,1,69,"777777777777","777777777777","777777777777",1,0
1,10640,1,1,1,30,9,6,20,38,0,1,0,1,1,20,4,20004,2,1985,"1G1YY0788F51","1","G","1","Y","Y","0","7","8","8","F","5","1",0,0,0,"000000000","00000000000",0,0,0,1,0,0,0,0,0,0,0,45,0,1,6,4,6,2,42,0,0,0,1,1,35614,6,1,0,0,3,0,68,195,1,0,0,1,0,8,2015,8,2015,0,0,0,0,0,1,2,45,1,1,2,1,0,0,1,13,1,1,4,1,"777777777777","777777777777","777777777777",1,1
1,10641,1,1,1,1,10,15,15,38,0,1,0,1,2,21,23,21023,4,2000,"1G3WH52H1YF3","1","G","3","W","H","5","2","H","1","Y","F","3",0,0,0,"000000000","00000000000",0,0,0,1,0,0,0,0,0,0,0,75,0,1,5,12,6,2,42,0,0,0,1,12,36024,2,1,0,0,2,0,72,999,0,4,1,1,1,2,2013,7,2016,3,58,0,0,0,1,2,45,3,3,2,2,0,0,14,6,6,4,4,7,"777777777777","777777777777","777777777777",1,0
1,10642,1,2,1,1,10,2,40,1,0,1,0,1,3,20,481,20481,31,2005,"1GCEK19B85E1","1","G","C","E","K","1","9","B","8","5","E","1",0,0,0,"000000000","00000000000",0,0,0,1,0,0,0,0,0,0,0,999,0,1,5,0,6,2,54,0,0,0,1,1,36036,6,1,0,0,3,0,73,225,0,0,0,1,0,7,2014,7,2014,0,58,0,0,0,2,2,65,1,6,2,1,0,0,1,13,6,1,4,1,"777777777777","777777777777","777777777777",1,0
1,10642,2,2,1,1,10,2,40,1,0,1,0,12,3,87,881,87881,66,2003,"1NP5LB9X83D5","1","N","P","5","L","B","9","X","8","3","D","5",1,1,57,"1338664","571338664",3,6,6,1,0,0,0,0,0,0,0,55,0,0,0,12,0,5,54,0,0,0,1,12,33157,6,1,6,0,3,0,71,999,0,0,0,0,0,0,0,0,0,0,0,0,0,0,2,2,65,1,6,2,1,0,0,1,90,1,1,1,98,"888888888888","777777777777","777777777777",0,0
1,10643,1,1,2,1,10,19,50,8,0,1,0,1,1,12,3,12003,2,2014,"1ZVBP8AM9E52","1","Z","V","B","P","8","A","M","9","E","5","2",0,0,0,"000000000","00000000000",0,0,0,1,0,0,0,0,0,0,0,70,0,0,0,12,4,3,8,0,0,0,1,1,35206,6,1,0,0,3,1,72,150,0,0,1,0,1,3,2012,9,2012,3,0,0,0,0,5,5,35,1,1,2,1,0,0,1,80,1,1,1,13,"777777777777","777777777777","777777777777",0,1
1,10644,1,1,2,1,10,6,25,43,0,1,0,1,1,55,33,55033,4,2013,"5NPEB4AC4DH5","5","N","P","E","B","4","A","C","4","D","H","5",0,0,0,"000000000","00000000000",0,0,0,1,0,0,0,0,0,0,0,999,0,0,0,12,6,2,34,0,0,0,1,1,36117,6,1,0,0,3,1,66,195,1,0,0,1,0,8,2014,12,2014,0,0,0,0,0,5,5,45,2,1,2,1,0,0,14,12,1,1,4,6,"777777777777","777777777777","777777777777",1,0
1,10645,1,1,1,2,10,21,3,42,0,1,0,1,2,20,481,20481,31,2010,"1GCSCPEX6AZ1","1","G","C","S","C","P","E","X","6","A","Z","1",0,0,0,"000000000","00000000000",0,0,0,1,0,0,0,0,0,0,0,55,0,0,0,12,6,2,42,0,0,1,1,1,35962,1,1,0,0,2,0,72,165,0,0,0,0,0,0,0,0,0,0,89,0,0,0,1,2,55,3,5,2,1,0,0,14,12,1,1,4,6,"777777777777","777777777777","777777777777",1,0
1,10646,1,2,1,3,10,18,51,12,6,1,0,13,2,53,705,53705,80,2007,"JS1GN7DA0721","J","S","1","G","N","7","D","A","0","7","2","1",0,0,0,"000000000","00000000000",0,0,0,1,0,0,0,0,0,0,0,100,0,0,0,3,6,2,12,0,0,1,1,13,30126,6,1,0,0,2,0,65,140,98,0,0,2,1,5,2012,1,2015,3,8,37,0,0,1,2,55,3,1,2,1,0,0,14,13,1,1,7,90,"777777777777","777777777777","777777777777",1,0
1,10646,2,2,2,3,10,18,51,12,6,1,0,1,1,35,51,35051,6,2014,"JN8AS5MT0EW6","J","N","8","A","S","5","M","T","0","E","W","6",0,0,0,"000000000","00000000000",0,0,0,1,0,0,0,0,0,0,0,10,0,0,0,12,6,2,12,0,0,0,1,1,36474,6,1,0,0,3,0,65,108,0,0,0,0,0,0,0,0,0,0,0,0,0,0,1,2,45,1,1,2,1,0,0,2,64,1,1,1,90,"777777777777","777777777777","777777777777",0,0
1,10647,1,1,1,4,10,14,30,1,0,1,0,92,0,12,401,12401,14,1996,"1FMDU34X2TUB","1","F","M","D","U","3","4","X","2","T","U","B",0,0,0,"000000000","00000000000",0,0,0,1,0,0,0,0,0,0,0,999,0,1,5,0,6,2,1,0,0,0,1,1,36915,0,0,0,0,0,0,68,164,0,0,0,0,0,0,0,0,0,0,58,0,0,0,1,2,45,1,6,2,1,0,0,1,13,6,3,4,2,"777777777777","777777777777","777777777777",1,0
1,10648,1,1,1,4,10,8,30,30,0,1,0,1,1,7,442,7442,20,2001,"2B4GP44351R2","2","B","4","G","P","4","4","3","5","1","R","2",0,0,0,"000000000","00000000000",0,0,0,1,0,0,0,0,0,0,0,45,0,0,0,12,6,2,30,0,0,0,1,1,35903,6,1,0,0,3,1,72,280,1,0,0,0,0,8,2013,8,2013,0,89,0,0,0,2,2,45,1,1,2,1,0,0,1,13,1,1,4,1,"777777777777","777777777777","777777777777",1,0
1,10649,1,2,1,4,10,11,55,12,6,1,0,1,2,12,17,12017,4,2002,"1FAFP55U02A1","1","F","A","F","P","5","5","U","0","2","A","1",0,0,0,"000000000","00000000000",0,0,0,1,0,0,0,0,0,0,0,5,0,1,5,3,6,2,12,0,0,0,1,1,35184,6,1,0,0,3,0,70,180,0,1,1,2,0,10,2011,11,2013,0,38,0,0,0,1,2,35,1,1,2,1,20,3,1,17,1,1,1,87,"777777777777","777777777777","777777777777",1,0
1,10649,2,2,1,4,10,11,55,12,6,1,0,1,1,87,881,87881,66,2000,"1XPFD69X4YN5","1","X","P","F","D","6","9","X","4","Y","N","5",1,1,57,"077890","57077890",3,6,2,1,0,0,0,0,0,0,0,50,0,0,0,12,6,2,12,0,0,0,1,12,32535,6,1,6,0,3,0,70,999,0,0,0,0,0,0,0,0,0,0,0,0,0,0,1,3,55,1,1,2,1,0,0,1,66,99,1,1,86,"888888888888","777777777777","777777777777",0,0
1,10650,1,1,3,6,10,14,45,1,0,1,0,1,1,23,481,23481,31,1993,"1GTDC14K5PZ5","1","G","T","D","C","1","4","K","5","P","Z","5",0,0,0,"000000000","00000000000",0,0,0,1,0,0,0,0,0,0,0,50,0,1,5,0,6,2,1,0,0,0,1,1,36732,6,1,0,0,3,0,71,220,0,0,0,0,0,0,0,0,0,0,0,0,0,0,1,2,55,1,6,2,1,0,0,1,1,98,3,4,2,"777777777777","777777777777","777777777777",1,0
1,10651,1,2,1,6,10,17,20,12,2,1,0,1,2,73,705,73705,80,2003,"JKAVNDA123B5","J","K","A","V","N","D","A","1","2","3","B","5",0,0,0,"000000000","00000000000",0,0,0,1,0,0,0,0,0,0,0,999,0,0,0,12,6,2,12,0,0,0,1,1,35022,6,1,0,0,3,0,75,225,1,0,0,0,1,11,2013,4,2014,9,8,28,0,0,1,2,30,2,1,2,1,0,0,14,10,1,1,2,50,"777777777777","777777777777","777777777777",1,0
1,10651,2,2,1,6,10,17,20,12,2,1,0,1,1,23,421,23421,15,2007,"1GKFK63807J1","1","G","K","F","K","6","3","8","0","7","J","1",0,0,0,"000000000","00000000000",0,0,0,1,0,0,0,0,0,0,0,3,0,0,0,12,6,2,12,0,0,0,1,1,35111,6,1,0,0,3,0,67,130,0,0,0,1,0,10,2012,10,2012,0,0,0,0,0,1,2,30,3,1,2,1,0,0,2,62,99,1,1,51,"777777777777","777777777777","777777777777",0,0
1,10652,1,1,1,6,10,13,20,42,0,1,0,1,1,20,481,20481,40,2006,"1GBJK34U46E1","1","G","B","J","K","3","4","U","4","6","E","1",0,0,0,"000000000","00000000000",0,0,0,1,0,0,0,0,0,0,0,55,0,0,0,12,6,2,42,0,0,0,1,1,36280,6,1,6,0,3,0,71,300,0,0,0,0,0,0,0,0,0,0,0,0,0,0,1,2,55,1,6,2,1,0,0,1,12,1,1,4,6,"777777777777","777777777777","777777777777",1,0
1,10653,1,3,2,7,10,19,0,12,2,1,0,1,1,22,16,22016,4,2002,"1G2JB5248273","1","G","2","J","B","5","2","4","8","2","7","3",0,0,0,"000000000","00000000000",0,0,0,1,0,0,0,0,0,0,0,55,0,0,0,12,6,2,12,0,0,0,1,1,35466,6,1,0,0,3,0,68,268,0,0,0,0,0,0,0,0,0,0,0,0,0,0,1,2,55,1,5,2,1,0,0,1,50,6,1,2,58,"777777777777","777777777777","777777777777",1,0
1,10653,2,3,1,7,10,19,0,12,2,1,0,47,3,85,881,85881,66,2017,"1XKYD49X7HJ1","1","X","K","Y","D","4","9","X","7","H","J","1",1,1,57,"580685","57580685",3,6,1,1,0,0,0,0,0,0,0,55,0,0,0,12,6,2,12,0,0,0,1,28,39038,6,1,6,0,3,1,76,419,98,0,0,0,0,0,0,0,0,0,0,0,0,0,1,2,55,1,6,2,1,0,0,1,62,1,1,1,59,"888888888888","777777777777","777777777777",0,0
1,10653,3,3,1,7,10,19,0,12,2,1,0,1,2,20,23,20023,6,2008,"3GNDA23D18S5","3","G","N","D","A","2","3","D","1","8","S","5",0,0,0,"000000000","00000000000",0,0,0,1,0,0,0,0,0,0,0,0,0,0,0,7,4,5,12,0,0,0,1,1,35466,6,1,0,0,3,1,72,205,0,0,0,0,0,0,0,0,0,0,0,0,0,0,1,2,55,1,5,2,1,0,0,5,62,1,1,1,98,"777777777777","777777777777","777777777777",0,0
1,10654,1,1,2,7,10,0,55,42,0,1,0,1,1,13,1,13001,4,2002,"1LNHM82W72Y6","1","L","N","H","M","8","2","W","7","2","Y","6",0,0,0,"000000000","00000000000",0,0,0,1,0,0,0,0,0,0,0,85,0,1,5,4,6,2,42,0,0,0,1,1,36301,6,1,0,0,3,1,76,230,0,0,0,0,0,0,0,0,0,3,58,0,0,0,1,2,45,3,6,2,1,0,0,14,13,6,4,4,7,"777777777777","777777777777","777777777777",1,0
1,10655,1,1,1,7,10,0,45,1,0,1,0,1,2,12,471,12471,30,1997,"1FTCR10A9VPB","1","F","T","C","R","1","0","A","9","V","P","B",0,0,0,"000000000","00000000000",0,0,0,1,0,0,0,0,0,0,0,55,0,9,5,0,6,2,1,0,0,0,1,1,36732,6,1,0,0,3,0,71,193,0,0,0,0,0,0,0,0,0,0,0,0,0,0,1,2,55,1,1,2,1,0,0,1,13,1,1,4,1,"777777777777","777777777777","777777777777",1,0
1,10656,1,1,1,8,10,23,30,30,0,1,0,1,1,20,2,20002,4,2007,"2G1WS55R4792","2","G","1","W","S","5","5","R","4","7","9","2",0,0,0,"000000000","00000000000",0,0,0,1,0,0,0,0,0,0,0,100,0,0,0,10,6,2,30,0,0,0,1,1,36460,6,1,0,0,3,0,62,135,0,0,0,0,0,0,0,0,0,3,0,0,0,0,1,2,45,2,1,2,1,0,0,14,6,1,2,4,7,"777777777777","777777777777","777777777777",1,1
1,10657,1,1,7,8,10,22,0,42,0,1,0,1,2,12,401,12401,14,2002,"1FMZU63E42ZB","1","F","M","Z","U","6","3","E","4","2","Z","B",0,0,0,"000000000","00000000000",0,0,0,1,0,0,0,0,0,0,0,75,0,0,0,11,6,2,2,0,0,1,1,1,36330,0,0,0,0,0,0,999,999,0,0,0,0,0,0,0,0,0,3,0,0,0,0,1,2,55,1,1,2,1,0,0,1,6,1,3,4,2,"777777777777","777777777777","777777777777",2,0
1,10658,1,1,2,8,10,22,25,34,0,1,0,1,2,20,431,20431,16,2001,"1GNEC16T01J2","1","G","N","E","C","1","6","T","0","1","J","2",0,0,0,"000000000","00000000000",0,0,0,1,0,0,0,0,0,0,0,65,0,1,5,3,6,2,1,0,0,0,1,1,36268,6,1,0,0,3,1,68,220,0,0,0,0,0,0,0,0,0,3,8,58,0,0,1,2,35,3,1,2,1,0,0,14,13,6,4,4,7,"777777777777","777777777777","777777777777",1,0
1,10659,1,1,1,8,10,22,13,30,0,1,0,1,3,37,32,37032,4,2004,"1HGCM56854A0","1","H","G","C","M","5","6","8","5","4","A","0",0,0,0,"000000000","00000000000",0,0,0,1,0,0,0,0,0,0,0,999,0,0,0,12,6,2,30,0,0,0,1,1,35810,6,1,6,0,3,0,70,180,1,0,0,2,2,12,2011,5,2016,9,89,0,0,0,1,2,40,3,6,2,1,0,0,14,13,1,1,4,1,"777777777777","777777777777","777777777777",1,0
1,10660,1,1,2,8,10,1,30,1,0,1,0,13,2,35,39,35039,4,1991,"JN1HJ01P6MT5","J","N","1","H","J","0","1","P","6","M","T","5",0,0,0,"000000000","00000000000",0,0,0,1,0,0,0,0,0,0,0,90,0,1,1,0,6,2,1,0,0,0,1,1,36010,6,1,0,0,3,0,66,180,0,0,0,2,1,9,2013,9,2014,3,58,0,0,0,1,2,45,1,5,2,1,0,0,1,13,6,4,6,98,"777777777777","777777777777","777777777777",1,0