"STATE","ST_CASE","VEH_NO","VE_FORMS","NUMOCCS","DAY","MONTH","HOUR","MINUTE","HARM_EV","MAN_COLL","UNITTYPE","HIT_RUN","REG_STAT","OWNER","MAKE","MODEL","MAK_MOD","BODY_TYP","MOD_YEAR","VIN","VIN_1","VIN_2","VIN_3","VIN_4","VIN_5","VIN_6","VIN_7","VIN_8","VIN_9","VIN_10","VIN_11","VIN_12","TOW_VEH","J_KNIFE","MCARR_I1","MCARR_I2","MCARR_ID","GVWR","V_CONFIG","CARGO_BT","HAZ_INV","HAZ_PLAC","HAZ_ID","HAZ_CNO","HAZ_REL","BUS_USE","SPEC_USE","EMER_USE","TRAV_SP","UNDERIDE","ROLLOVER","ROLINLOC","IMPACT1","DEFORMED","TOWED","M_HARM","VEH_SC1","VEH_SC2","FIRE_EXP","DR_PRES","L_STATE","DR_ZIP","L_STATUS","L_TYPE","CDL_STAT","L_ENDORS","L_COMPL","L_RESTRI","DR_HGT","DR_WGT","PREV_ACC","PREV_SUS","PREV_DWI","PREV_SPD","PREV_OTH","FIRST_MO","FIRST_YR","LAST_MO","LAST_YR","SPEEDREL","DR_SF1","DR_SF2","DR_SF3","DR_SF4","VTRAFWAY","VNUM_LAN","VSPD_LIM","VALIGN","VPROFILE","VPAVETYP","VSURCOND","VTRAFCON","VTCONT_F","P_CRASH1","P_CRASH2","P_CRASH3","PCRASH4","PCRASH5","ACC_TYPE","TRLR1VIN","TRLR2VIN","TRLR3VIN","DEATHS","DR_DRINK"
1,10661,1,1,1,9,10,8,30,34,0,1,0,1,1,49,472,49472,40,1999,"4TANL42N7XZ5","4","T","A","N","L","4","2","N","7","X","Z","5",0,0,0,"000000000","00000000000",0,0,0,1,0,0,0,0,0,0,0,50,0,1,5,12,6,2,1,0,0,0,1,1,35806,6,1,0,0,3,0,70,190,0,0,0,0,0,0,0,0,0,0,0,0,0,0,2,3,50,3,1,2,1,0,0,14,13,1,1,4,1,"777777777777","777777777777","777777777777",1,0
1,10662,1,1,2,9,10,21,0,8,0,1,0,1,1,12,481,12481,31,1998,"1FTZX1860WKC","1","F","T","Z","X","1","8","6","0","W","K","C",0,0,0,"000000000","00000000000",0,0,0,1,0,0,0,0,0,0,0,35,0,0,0,12,2,3,8,0,0,0,1,1,36027,6,1,0,0,3,0,76,170,0,0,0,0,0,0,0,0,0,0,0,0,0,0,2,3,45,1,1,2,1,0,0,1,80,1,1,1,13,"777777777777","777777777777","777777777777",0,1
1,10663,1,1,1,10,10,3,53,32,0,1,0,1,2,20,422,20422,15,2005,"3GNEC16Z05G2","3","G","N","E","C","1","6","Z","0","5","G","2",0,0,0,"000000000","00000000000",0,0,0,1,0,0,0,0,0,0,0,52,0,1,3,11,6,2,2,0,0,1,1,1,35209,6,1,0,0,3,0,64,198,0,0,0,0,0,0,0,0,0,0,89,0,0,0,2,2,55,1,6,2,1,0,0,1,12,99,1,4,6,"777777777777","777777777777","777777777777",1,0
1,10664,1,2,1,10,10,8,36,12,6,1,0,1,1,20,421,20421,15,1998,"1GNDT13W4W22","1","G","N","D","T","1","3","W","4","W","2","2",0,0,0,"000000000","00000000000",0,0,0,1,0,0,0,0,0,0,0,999,0,0,0,9,6,2,12,0,0,0,1,1,35150,6,1,0,0,3,1,66,250,0,0,0,0,0,0,0,0,0,0,38,0,0,0,1,2,35,1,1,2,1,20,3,1,17,1,1,1,89,"777777777777","777777777777","777777777777",1,0
1,10664,2,2,1,10,10,8,36,12,6,1,0,1,2,12,401,12401,14,2003,"1FMYU60E33UA","1","F","M","Y","U","6","0","E","3","3","U","A",0,0,0,"000000000","00000000000",0,0,0,1,0,0,0,0,0,0,0,55,0,0,0,12,6,2,12,0,0,0,1,1,36804,6,1,0,0,3,1,69,165,0,0,0,0,0,0,0,0,0,0,0,0,0,0,2,2,55,1,5,2,1,0,0,1,66,1,1,1,88,"777777777777","777777777777","777777777777",0,0
1,10665,1,2,2,10,10,18,0,12,1,1,0,1,3,20,481,20481,31,2009,"1GCHC73K59F1","1","G","C","H","C","7","3","K","5","9","F","1",1,1,0,"000000000","00000000000",0,0,0,1,0,0,0,0,0,0,0,60,0,0,0,12,6,2,12,0,0,0,1,1,35087,6,1,0,0,3,0,74,215,1,0,0,0,0,11,2015,11,2015,0,0,0,0,0,2,2,55,1,5,2,1,0,0,1,50,16,1,1,20,"888888888888","777777777777","777777777777",0,0
1,10665,2,2,2,10,10,18,0,12,1,1,0,1,1,20,473,20473,30,2005,"1GCCS1969581","1","G","C","C","S","1","9","6","9","5","8","1",0,0,0,"000000000","00000000000",0,0,0,1,0,0,0,0,0,0,0,0,0,0,0,6,6,2,12,0,0,0,1,1,35058,6,1,0,0,3,0,71,200,1,0,0,0,0,10,2016,10,2016,0,0,0,0,0,2,2,55,1,5,2,1,0,0,5,53,1,1,1,21,"777777777777","777777777777","777777777777",1,0
1,10666,1,1,1,10,10,8,12,42,0,1,0,1,1,20,37,20037,4,2005,"1G1ZS52F65F1","1","G","1","Z","S","5","2","F","6","5","F","1",0,0,0,"000000000","00000000000",0,0,0,1,0,0,0,0,0,0,0,999,0,0,0,12,6,2,42,0,0,0,1,1,36116,6,1,0,0,3,0,68,160,2,0,0,0,0,1,2013,8,2013,9,99,99,99,99,2,2,55,1,1,2,1,0,0,1,12,1,1,4,6,"777777777777","777777777777","777777777777",1,0
1,10667,1,1,1,12,10,11,15,34,0,1,0,1,1,35,39,35039,4,2006,"1N4BA41EX6C8","1","N","4","B","A","4","1","E","X","6","C","8",0,0,0,"000000000","00000000000",0,0,0,1,0,0,0,0,0,0,0,55,0,1,5,1,6,2,1,0,0,0,1,1,36860,1,1,0,0,2,0,61,190,1,0,0,2,0,10,2015,7,2016,0,0,0,0,0,1,2,55,1,1,2,1,0,0,1,13,1,1,4,1,"777777777777","777777777777","777777777777",1,0
1,10668,1,1,1,13,10,17,56,30,0,1,0,1,1,53,705,53705,80,2006,"JS1GN79A9621","J","S","1","G","N","7","9","A","9","6","2","1",0,0,0,"000000000","00000000000",0,0,0,1,0,0,0,0,0,0,0,999,0,0,0,19,6,5,30,0,0,0,1,1,35950,6,1,0,0,3,0,68,200,0,0,0,0,0,0,0,0,0,9,0,0,0,0,1,2,45,2,6,2,1,0,0,14,13,1,1,4,1,"777777777777","777777777777","777777777777",1,0
1,10669,1,1,3,13,10,22,30,1,0,1,0,28,2,49,43,49043,4,2003,"4T1BF28B23U2","4","T","1","B","F","2","8","B","2","3","U","2",0,0,0,"000000000","00000000000",0,0,0,1,0,0,0,0,0,0,0,120,0,1,5,0,6,2,2,0,0,1,1,1,35563,2,1,0,0,2,0,72,180,1,0,0,0,1,3,2012,9,2014,3,37,0,0,0,1,4,55,3,3,2,1,0,0,14,6,1,4,4,7,"777777777777","777777777777","777777777777",1,1
1,10670,1,1,1,14,10,99,99,3,0,1,0,1,1,59,403,59403,14,2004,"2T2GA31U64C0","2","T","2","G","A","3","1","U","6","4","C","0",0,0,0,"000000000","00000000000",0,0,0,1,0,0,0,0,0,0,0,55,0,0,0,0,6,2,35,0,0,0,1,1,36420,6,1,0,0,3,1,75,225,1,0,0,1,0,1,2013,5,2014,0,89,0,0,0,1,2,45,2,6,2,1,0,0,14,12,1,1,4,0,"777777777777","777777777777","777777777777",1,0
1,10671,1,1,1,14,10,23,27,1,0,1,0,1,1,12,481,12481,31,1998,"1FTRX07L2WKB","1","F","T","R","X","0","7","L","2","W","K","B",0,0,0,"000000000","00000000000",0,0,0,1,0,0,0,0,0,0,0,999,0,1,1,0,6,2,1,0,0,0,1,1,36274,6,1,0,0,3,0,71,225,0,0,0,0,0,0,0,0,0,0,58,0,0,0,1,2,30,3,1,2,1,0,0,14,6,6,3,6,98,"777777777777","777777777777","777777777777",1,1
1,10672,1,1,1,14,10,4,50,8,0,1,0,17,3,84,884,84884,64,2009,"1HTMMAAL19H0","1","H","T","M","M","A","A","L","1","9","H","0",0,0,57,"1062707","571062707",2,1,1,1,0,0,0,0,0,0,0,50,0,0,0,2,2,5,8,0,0,0,1,12,36320,6,1,6,0,3,0,64,999,0,0,0,0,0,0,0,0,0,0,0,0,0,0,2,2,50,1,1,2,1,0,0,1,80,1,1,1,13,"777777777777","777777777777","777777777777",0,0
1,10673,1,2,1,14,10,0,45,12,2,1,0,1,1,20,421,20421,15,2005,"1GNEC13T35R1","1","G","N","E","C","1","3","T","3","5","R","1",0,0,0,"000000000","00000000000",0,0,0,1,0,0,0,0,0,0,0,999,0,0,0,12,6,2,12,0,0,0,1,1,36264,6,1,0,0,3,1,69,150,0,0,0,0,0,0,0,0,0,0,28,0,0,0,1,2,55,3,6,2,1,0,0,14,10,1,1,2,50,"777777777777","777777777777","777777777777",1,0
1,10673,2,2,2,14,10,0,45,12,2,1,0,1,3,85,881,85881,66,2014,"1XKDD49X4EJ3","1","X","K","D","D","4","9","X","4","E","J","3",1,1,57,"0871396","570871396",3,6,2,1,0,0,0,0,0,0,0,50,0,0,0,12,6,2,12,0,0,0,1,1,36279,6,1,6,0,3,0,72,290,0,0,0,2,0,8,2013,10,2013,0,0,0,0,0,1,2,55,3,5,2,1,0,0,14,62,99,1,1,51,"888888888888","777777777777","777777777777",0,0
1,10674,1,1,1,15,10,0,45,42,0,1,0,1,1,20,481,20481,31,1999,"1GCEK19R3XR1","1","G","C","E","K","1","9","R","3","X","R","1",0,0,0,"000000000","00000000000",0,0,0,1,0,0,0,0,0,0,0,100,0,0,0,11,6,2,42,0,0,0,1,1,35133,6,1,0,0,3,0,71,185,0,0,0,2,0,6,2015,8,2015,3,8,0,0,0,1,2,55,2,6,2,1,0,0,14,12,1,1,4,6,"777777777777","777777777777","777777777777",1,0
1,10675,1,1,1,16,10,4,0,34,0,1,0,28,1,2,404,2404,14,2000,"1J4G248S3YC2","1","J","4","G","2","4","8","S","3","Y","C","2",0,0,0,"000000000","00000000000",0,0,0,1,0,0,0,0,0,0,0,80,0,1,6,12,6,2,1,0,0,0,1,1,36330,0,0,0,0,0,0,999,999,0,1,1,0,0,4,2014,7,2014,3,51,39,0,0,1,2,55,1,1,2,1,20,3,11,6,1,1,4,1,"777777777777","777777777777","777777777777",1,1
1,10676,1,1,3,16,10,19,48,34,0,1,0,92,0,98,734,98734,97,2009,"4XAHH50A0927","4","X","A","H","H","5","0","A","0","9","2","7",0,0,0,"000000000","00000000000",0,0,0,1,0,0,0,0,0,0,0,50,0,1,5,12,6,2,1,0,0,0,1,1,36853,6,1,0,0,2,0,70,156,0,0,0,0,0,0,0,0,0,3,0,0,0,0,1,2,35,1,6,5,2,0,0,1,90,6,9,4,9,"777777777777","777777777777","777777777777",1,0
1,10677,1,1,2,17,10,2,4,30,0,1,0,1,2,13,1,13001,4,2000,"1LNHM81W0YY9","1","L","N","H","M","8","1","W","0","Y","Y","9",0,0,0,"000000000","00000000000",0,0,0,1,0,0,0,0,0,0,0,105,0,0,0,3,6,2,30,0,0,1,1,47,35810,1,1,0,0,2,0,71,190,0,0,0,0,0,0,0,0,0,3,58,8,0,0,2,2,55,1,1,2,1,0,0,1,12,7,5,4,2,"777777777777","777777777777","777777777777",1,0
1,10678,1,1,1,17,10,4,21,52,0,1,0,1,1,35,47,35047,4,2016,"1N4AL3AP4GC1","1","N","4","A","L","3","A","P","4","G","C","1",0,0,0,"000000000","00000000000",0,0,0,1,0,0,0,0,0,0,0,75,0,1,3,12,6,2,52,0,0,0,1,1,36203,6,1,0,0,3,1,71,225,0,0,0,0,0,0,0,0,0,3,89,0,0,0,2,2,65,1,1,2,1,0,0,1,12,1,1,4,6,"777777777777","777777777777","777777777777",1,0
1,10680,1,1,1,18,10,21,38,8,0,1,0,1,2,12,17,12017,4,2001,"1FAFP55S61A1","1","F","A","F","P","5","5","S","6","1","A","1",0,0,0,"000000000","00000000000",0,0,0,1,0,0,0,0,0,0,0,999,0,0,0,12,2,3,8,0,0,0,1,1,35235,6,1,0,0,3,0,70,200,0,0,0,0,0,0,0,0,0,0,0,0,0,0,2,3,55,1,1,2,1,0,0,1,80,1,1,1,13,"777777777777","777777777777","777777777777",0,0
1,10681,1,1,1,18,10,1,0,11,0,1,0,92,0,53,706,53706,80,2004,"JS1VS52A4421","J","S","1","V","S","5","2","A","4","4","2","1",0,0,0,"000000000","00000000000",0,0,0,1,0,0,0,0,0,0,0,60,0,0,0,12,6,2,11,0,0,0,1,47,38449,6,1,3,0,2,0,71,195,0,0,0,0,1,6,2016,6,2016,3,0,0,0,0,1,2,45,1,1,2,1,0,0,1,87,99,1,1,13,"777777777777","777777777777","777777777777",1,0
1,10682,1,1,1,18,10,18,40,42,0,1,0,1,1,72,706,72706,80,2003,"1HD1GEV193K3","1","H","D","1","G","E","V","1","9","3","K","3",0,0,0,"000000000","00000000000",0,0,0,1,0,0,0,0,0,0,0,55,0,0,0,12,6,2,42,0,0,0,1,1,35446,1,1,1,0,2,0,74,160,5,0,0,1,0,5,2013,6,2015,0,0,0,0,0,1,2,45,3,6,2,1,0,0,14,13,1,1,4,1,"777777777777","777777777777","777777777777",1,0
1,10683,1,1,1,19,10,6,0,33,0,1,0,1,1,20,36,20036,2,2003,"2G1WX12K7393","2","G","1","W","X","1","2","K","7","3","9","3",0,0,0,"000000000","00000000000",0,0,0,1,0,0,0,0,0,0,0,999,0,0,0,14,2,5,34,0,0,0,1,1,35020,6,1,0,0,3,0,68,200,0,0,0,0,0,0,0,0,0,0,99,99,99,99,0,0,0,0,0,0,0,0,0,13,13,99,1,4,98,"777777777777","777777777777","777777777777",1,0
1,10684,1,2,1,18,10,19,57,12,6,1,0,1,1,35,47,35047,4,2005,"1N4AL11D65C2","1","N","4","A","L","1","1","D","6","5","C","2",0,0,0,"000000000","00000000000",0,0,0,1,0,0,0,0,0,0,0,999,0,0,0,1,6,2,12,0,0,0,1,1,36582,6,1,0,0,3,1,62,126,1,0,0,0,0,10,2015,10,2015,0,38,0,0,0,1,5,45,1,1,2,1,3,3,11,15,1,1,1,68,"777777777777","777777777777","777777777777",0,0
1,10684,2,2,2,18,10,19,57,12,6,1,0,1,1,53,706,53706,80,1995,"JS1VS52A4S21","J","S","1","V","S","5","2","A","4","S","2","1",0,0,0,"000000000","00000000000",0,0,0,1,0,0,0,0,0,0,0,999,0,0,0,12,6,2,12,0,0,0,1,1,36544,6,1,6,0,3,0,67,150,0,0,0,1,2,12,2014,6,2015,3,0,0,0,0,1,5,45,1,1,2,1,3,3,1,62,99,1,1,69,"777777777777","777777777777","777777777777",2,0
1,10685,1,2,1,20,10,22,15,12,6,1,0,1,1,20,481,20481,31,2003,"2GCEC19V9311","2","G","C","E","C","1","9","V","9","3","1","1",0,0,0,"000000000","00000000000",0,0,0,1,0,0,0,0,0,0,0,40,0,0,0,12,6,2,12,0,0,0,1,1,36456,6,1,0,0,3,1,68,165,1,0,0,0,0,10,2015,10,2015,0,39,0,0,0,1,2,30,1,6,2,1,20,3,1,17,1,1,1,88,"777777777777","777777777777","777777777777",0,0
1,10685,2,2,2,20,10,22,15,12,6,1,0,47,1,7,422,7422,15,2006,"1D4HB48NX6F1","1","D","4","H","B","4","8","N","X","6","F","1",0,0,0,"000000000","00000000000",0,0,0,1,0,0,0,0,0,0,0,65,0,1,5,11,6,2,12,0,0,0,1,47,38461,6,1,0,0,3,0,62,200,1,0,0,0,0,6,2012,6,2012,0,0,0,0,0,1,5,65,3,1,2,1,4,3,14,66,99,1,1,89,"777777777777","777777777777","777777777777",1,0
1,10686,1,2,1,21,10,19,22,12,6,1,0,13,2,12,37,12037,4,2006,"1FAFP34N26W1","1","F","A","F","P","3","4","N","2","6","W","1",0,0,0,"000000000","00000000000",0,0,0,1,0,0,0,0,0,0,0,999,0,1,5,3,6,2,12,0,0,0,1,13,31909,6,1,0,0,3,0,67,155,98,0,0,0,0,0,0,0,0,9,99,99,99,99,1,4,55,1,6,2,1,0,0,99,9,99,2,2,64,"777777777777","777777777777","777777777777",1,0
1,10686,2,2,2,21,10,19,22,12,6,1,0,13,1,7,482,7482,31,2007,"1D7HU18247J6","1","D","7","H","U","1","8","2","4","7","J","6",0,0,0,"000000000","00000000000",0,0,0,1,0,0,0,0,0,0,0,55,0,0,0,12,6,2,12,0,0,0,1,21,31906,6,1,0,0,3,0,66,147,0,0,0,0,0,0,0,0,0,0,0,0,0,0,1,4,55,1,5,2,1,0,0,1,62,99,1,1,65,"777777777777","777777777777","777777777777",0,0
1,10687,1,1,1,21,10,22,31,30,0,1,0,1,2,6,18,6018,4,2014,"1C3CCBAG3EN1","1","C","3","C","C","B","A","G","3","E","N","1",0,0,0,"000000000","00000000000",0,0,0,1,0,0,0,0,0,0,0,999,0,1,5,12,6,2,30,0,0,0,1,1,35206,6,1,0,0,3,0,69,137,0,0,0,0,0,0,0,0,0,4,99,99,99,99,5,5,45,1,1,2,1,0,0,1,9,99,2,4,2,"777777777777","777777777777","777777777777",1,0
1,10688,1,1,1,24,10,5,30,34,0,1,0,1,1,23,481,23481,31,2015,"1GTN1TEH6FZ4","1","G","T","N","1","T","E","H","6","F","Z","4",0,0,0,"000000000","00000000000",0,0,0,1,0,0,0,0,0,0,0,80,0,1,5,12,6,2,42,0,0,0,1,1,35633,6,1,0,0,3,0,74,210,0,0,0,0,0,0,0,0,0,3,0,0,0,0,1,2,55,1,1,2,1,0,0,1,12,1,1,4,6,"777777777777","777777777777","777777777777",1,0
1,10689,1,2,1,8,11,13,25,12,1,1,0,1,2,23,461,23461,21,2011,"1GD374CG6B19","1","G","D","3","7","4","C","G","6","B","1","9",0,0,57,"1935456","571935456",2,1,1,1,0,0,0,0,0,0,0,70,0,0,0,12,6,2,12,0,0,0,1,1,35215,6,1,0,0,3,0,72,240,1,0,0,2,0,1,2013,6,2016,0,89,26,0,0,3,3,70,1,1,2,1,0,0,1,51,1,1,1,24,"777777777777","777777777777","777777777777",1,0
1,10689,2,2,1,8,11,13,25,12,1,1,0,1,3,12,881,12881,63,1996,"1FDNF80CXTVA","1","F","D","N","F","8","0","C","X","T","V","A",0,0,57,"1502382","571502382",3,2,3,1,0,0,0,0,0,0,0,50,0,0,0,6,4,5,12,0,0,0,1,1,35096,6,1,6,0,3,0,67,160,2,0,0,0,0,5,2015,7,2015,0,0,0,0,0,3,3,70,1,1,2,1,0,0,1,53,1,1,1,25,"777777777777","777777777777","777777777777",0,0
1,10690,1,3,1,16,10,17,50,12,1,1,0,1,2,34,34,34034,4,2002,"WBAEV33422PD","W","B","A","E","V","3","3","4","2","2","P","D",0,0,0,"000000000","00000000000",0,0,0,1,0,0,0,0,0,0,0,90,0,0,0,12,6,2,12,0,0,0,1,1,36117,6,1,0,0,3,0,77,180,0,0,0,0,0,0,0,0,0,3,8,0,0,0,2,2,70,1,1,2,1,0,0,1,51,99,1,1,24,"777777777777","777777777777","777777777777",0,0
1,10690,2,3,1,16,10,17,50,12,1,1,0,1,1,35,39,35039,4,2001,"JN1CA31D51T6","J","N","1","C","A","3","1","D","5","1","T","6",0,0,0,"000000000","00000000000",0,0,0,1,0,0,0,0,0,0,0,70,0,0,0,6,6,2,12,0,0,0,1,1,36456,6,1,0,0,3,1,66,160,1,0,0,0,2,5,2012,2,2016,0,0,0,0,0,2,2,70,1,1,2,1,0,0,1,53,1,1,1,25,"777777777777","777777777777","777777777777",1,0
1,10690,3,3,1,16,10,17,50,12,1,1,0,48,3,85,881,85881,64,2017,"2NKHHM7X5HM1","2","N","K","H","H","M","7","X","5","H","M","1",0,0,57,"674507","57674507",3,1,96,1,0,0,0,0,0,0,0,70,0,1,5,12,6,2,12,0,0,0,1,48,77090,6,1,6,0,3,1,999,999,0,0,0,0,0,0,0,0,0,0,0,0,0,0,2,2,70,1,1,2,1,0,0,1,62,98,1,1,98,"777777777777","777777777777","777777777777",0,0
1,10691,1,2,0,23,10,13,13,8,0,1,0,1,6,12,481,12481,31,2008,"1FTRF12298KE","1","F","T","R","F","1","2","2","9","8","K","E",0,0,0,"000000000","00000000000",0,0,0,1,0,0,0,0,0,0,0,0,0,0,0,6,6,2,12,0,0,0,0,0,99997,7,6,97,7,6,7,998,997,998,998,998,998,998,98,9998,98,9998,8,0,0,0,0,3,3,65,1,1,2,1,0,0,0,53,0,0,0,98,"777777777777","777777777777","777777777777",0,0
1,10691,2,2,1,23,10,13,13,8,0,1,0,93,3,85,881,85881,66,2010,"1XKTD49X7AJ2","1","X","K","T","D","4","9","X","7","A","J","2",1,1,57,"058950","57058950",3,6,1,1,0,0,0,0,0,0,0,999,0,0,0,12,6,2,8,0,0,0,1,48,78583,6,1,6,0,3,0,999,999,0,0,0,0,1,7,2013,7,2013,9,0,0,0,0,3,3,65,1,1,2,1,0,0,1,50,8,1,2,13,"888888888888","777777777777","777777777777",0,0
1,10692,1,1,2,29,10,13,37,25,0,1,0,1,2,20,421,20421,15,2001,"1GNEC13T91R2","1","G","N","E","C","1","3","T","9","1","R","2",0,0,0,"000000000","00000000000",0,0,0,1,0,0,0,0,0,0,0,100,0,1,1,12,6,2,1,0,0,0,1,1,35077,1,1,0,0,2,0,71,195,1,1,0,0,2,11,2014,12,2015,4,8,0,0,0,3,3,70,1,6,2,1,0,0,1,12,1,1,4,6,"777777777777","777777777777","777777777777",1,0
1,10693,1,2,3,30,10,5,0,12,1,1,0,1,2,37,32,37032,4,2001,"1HGCG16591A0","1","H","G","C","G","1","6","5","9","1","A","0",0,0,0,"000000000","00000000000",0,0,0,1,0,0,0,0,0,0,0,80,0,0,0,12,6,2,12,0,0,0,1,1,36108,6,1,0,0,3,0,67,135,1,0,0,0,0,5,2015,5,2015,3,0,0,0,0,2,2,70,1,6,2,1,0,0,1,52,1,1,1,28,"777777777777","777777777777","777777777777",0,0
1,10693,2,2,2,30,10,5,0,12,1,1,0,1,1,49,402,49402,14,2007,"JTMZK31V2750","J","T","M","Z","K","3","1","V","2","7","5","0",0,0,0,"000000000","00000000000",0,0,0,1,0,0,0,0,0,0,0,45,0,1,5,6,6,2,1,0,0,0,1,1,36067,6,1,0,0,3,0,69,180,0,0,0,1,0,9,2013,9,2013,0,0,0,0,0,2,2,70,1,6,2,1,0,0,2,53,99,1,1,29,"777777777777","777777777777","777777777777",1,1
1,10694,1,1,8,20,11,15,12,1,0,1,0,1,2,23,431,23431,16,2000,"1GKFK16TXYJ1","1","G","K","F","K","1","6","T","X","Y","J","1",0,0,0,"000000000","00000000000",0,0,0,1,0,0,0,0,0,0,0,65,0,1,1,0,6,2,1,0,0,0,1,12,33852,0,0,0,0,0,0,999,999,0,0,0,0,0,0,0,0,0,0,58,0,0,0,3,2,70,1,1,2,1,0,0,1,1,6,4,6,98,"777777777777","777777777777","777777777777",2,0
1,10695,1,1,1,11,11,1,3,8,0,1,0,18,4,82,881,82881,62,2012,"1FVACWDT3CDB","1","F","V","A","C","W","D","T","3","C","D","B",0,0,88,"888888888","88888888888",2,1,1,1,0,0,0,0,0,0,0,35,0,0,0,12,2,5,8,0,0,0,1,1,35226,6,1,4,0,3,0,75,315,0,0,0,0,0,0,0,0,0,0,89,0,0,0,2,2,70,3,1,2,1,0,0,2,80,1,1,1,13,"777777777777","777777777777","777777777777",0,0
1,10696,1,1,1,22,11,16,5,24,0,1,0,1,4,49,40,49040,4,2016,"4T1BF1FK6GU1","4","T","1","B","F","1","F","K","6","G","U","1",0,0,0,"000000000","00000000000",0,0,0,1,0,0,0,0,0,0,0,70,0,0,0,12,6,2,21,0,0,0,1,1,35739,6,1,6,0,3,0,71,213,0,0,0,0,0,0,0,0,0,0,89,0,0,0,2,2,70,1,1,2,1,0,0,1,12,1,1,4,6,"777777777777","777777777777","777777777777",1,0
1,10697,1,2,1,23,11,4,14,12,1,1,0,1,3,87,884,87884,63,2015,"2NP3LJ9X3FM2","2","N","P","3","L","J","9","X","3","F","M","2",0,0,57,"638708","57638708",3,1,4,1,0,0,0,0,0,0,0,75,0,0,0,12,6,2,12,0,0,0,1,1,35228,6,1,6,0,3,1,73,240,3,0,0,2,0,11,2014,7,2016,0,89,0,0,0,3,2,70,1,1,2,1,0,0,1,50,1,1,1,20,"777777777777","777777777777","777777777777",1,0
1,10697,2,2,1,23,11,4,14,12,1,1,0,47,1,82,881,82881,66,2003,"1FUJAPCG03LK","1","F","U","J","A","P","C","G","0","3","L","K",1,1,57,"878741","57878741",3,6,3,1,0,0,0,0,0,0,0,0,0,0,0,6,6,2,12,0,0,0,1,47,38472,6,1,6,0,3,0,73,225,0,0,0,0,0,0,0,0,0,0,0,0,0,0,3,2,70,1,1,2,1,0,0,5,53,1,1,1,21,"888888888888","777777777777","777777777777",0,0
1,10698,1,2,1,25,11,4,10,12,2,1,0,1,1,42,48,42048,4,2005,"WDBUF65J65A6","W","D","B","U","F","6","5","J","6","5","A","6",0,0,0,"000000000","00000000000",0,0,0,1,0,0,0,0,0,0,0,70,0,0,0,12,6,2,12,0,0,1,1,1,35114,6,1,0,0,3,0,67,140,0,0,0,2,0,3,2013,8,2014,0,89,50,0,0,3,2,70,1,1,2,1,0,0,1,54,1,1,1,52,"777777777777","777777777777","777777777777",1,0
1,10698,2,2,1,25,11,4,10,12,2,1,0,1,1,63,441,63441,20,2008,"KNDMB2338862","K","N","D","M","B","2","3","3","8","8","6","2",0,0,0,"000000000","00000000000",0,0,0,1,0,0,0,0,0,0,0,70,0,0,0,12,6,2,12,0,0,0,1,1,35040,6,1,0,0,3,1,67,175,0,0,0,0,0,0,0,0,0,0,89,0,0,0,3,2,70,1,1,2,1,0,0,1,54,99,1,1,52,"777777777777","777777777777","777777777777",1,0
1,10699,1,1,1,17,9,0,43,33,0,1,0,1,1,73,706,73706,80,2006,"JKBZXNA176A0","J","K","B","Z","X","N","A","1","7","6","A","0",0,0,0,"000000000","00000000000",0,0,0,1,0,0,0,0,0,0,0,999,0,0,0,12,6,2,33,0,0,0,1,1,36054,6,1,0,0,3,0,74,260,0,0,0,1,0,6,2016,6,2016,9,28,0,0,0,1,5,40,1,6,2,1,0,0,1,12,99,1,4,6,"777777777777","777777777777","777777777777",1,0
1,10700,1,1,3,23,9,18,15,42,0,1,0,1,1,18,7,18007,4,1999,"2G4WY52M7X14","2","G","4","W","Y","5","2","M","7","X","1","4",0,0,0,"000000000","00000000000",0,0,0,1,0,0,0,0,0,0,0,999,0,1,5,8,6,2,42,0,0,0,1,1,35564,6,1,0,0,3,0,65,150,0,0,0,0,0,0,0,0,0,0,89,58,0,0,1,2,45,3,6,2,1,0,0,14,13,6,3,4,2,"777777777777","777777777777","777777777777",1,0
1,10701,1,1,4,23,9,21,37,1,0,1,0,1,1,7,482,7482,31,2004,"3D7MA48C44G1","3","D","7","M","A","4","8","C","4","4","G","1",0,0,0,"000000000","00000000000",0,0,0,1,0,0,0,0,0,0,0,999,0,1,1,0,6,2,1,0,0,0,1,1,35474,6,1,0,0,3,1,74,230,1,0,0,0,0,4,2013,4,2013,9,8,0,0,0,1,2,45,2,6,2,1,0,0,14,9,99,5,6,98,"777777777777","777777777777","777777777777",1,0
1,10702,1,1,5,24,9,20,1,8,0,1,0,1,1,12,481,12481,31,2007,"1FTPW12V17FB","1","F","T","P","W","1","2","V","1","7","F","B",0,0,0,"000000000","00000000000",0,0,0,1,0,0,0,0,0,0,0,30,0,0,0,11,2,5,8,0,0,0,1,1,35548,6,1,0,0,3,0,71,250,1,0,0,0,0,5,2015,5,2015,0,0,0,0,0,5,5,45,1,1,2,1,0,0,1,80,7,1,1,13,"777777777777","777777777777","777777777777",0,0
1,10703,1,1,1,3,10,23,15,42,0,1,0,1,1,7,482,7482,31,1999,"1B7HC16Z5XS2","1","B","7","H","C","1","6","Z","5","X","S","2",0,0,0,"000000000","00000000000",0,0,0,1,0,0,0,0,0,0,0,60,0,1,5,12,6,2,42,0,0,0,1,1,36360,6,1,0,0,3,0,70,180,2,0,0,0,0,8,2014,11,2014,3,89,28,0,0,1,2,35,1,6,2,1,0,0,1,6,1,9,4,7,"777777777777","777777777777","777777777777",1,0