"STATE","ST_CASE","VEH_NO","VE_FORMS","NUMOCCS","DAY","MONTH","HOUR","MINUTE","HARM_EV","MAN_COLL","UNITTYPE","HIT_RUN","REG_STAT","OWNER","MAKE","MODEL","MAK_MOD","BODY_TYP","MOD_YEAR","VIN","VIN_1","VIN_2","VIN_3","VIN_4","VIN_5","VIN_6","VIN_7","VIN_8","VIN_9","VIN_10","VIN_11","VIN_12","TOW_VEH","J_KNIFE","MCARR_I1","MCARR_I2","MCARR_ID","GVWR","V_CONFIG","CARGO_BT","HAZ_INV","HAZ_PLAC","HAZ_ID","HAZ_CNO","HAZ_REL","BUS_USE","SPEC_USE","EMER_USE","TRAV_SP","UNDERIDE","ROLLOVER","ROLINLOC","IMPACT1","DEFORMED","TOWED","M_HARM","VEH_SC1","VEH_SC2","FIRE_EXP","DR_PRES","L_STATE","DR_ZIP","L_STATUS","L_TYPE","CDL_STAT","L_ENDORS","L_COMPL","L_RESTRI","DR_HGT","DR_WGT","PREV_ACC","PREV_SUS","PREV_DWI","PREV_SPD","PREV_OTH","FIRST_MO","FIRST_YR","LAST_MO","LAST_YR","SPEEDREL","DR_SF1","DR_SF2","DR_SF3","DR_SF4","VTRAFWAY","VNUM_LAN","VSPD_LIM","VALIGN","VPROFILE","VPAVETYP","VSURCOND","VTRAFCON","VTCONT_F","P_CRASH1","P_CRASH2","P_CRASH3","PCRASH4","PCRASH5","ACC_TYPE","TRLR1VIN","TRLR2VIN","TRLR3VIN","DEATHS","DR_DRINK"
1,10742,1,1,1,2,11,5,10,34,0,1,0,1,2,35,32,35032,2,1993,"JN1MS36PXPW3","J","N","1","M","S","3","6","P","X","P","W","3",0,0,0,"000000000","00000000000",0,0,0,1,0,0,0,0,0,0,0,45,0,0,0,12,6,2,42,0,0,0,1,1,35761,6,1,0,0,3,0,65,165,1,0,0,0,0,1,2013,1,2013,0,39,0,0,0,1,2,45,1,1,2,1,20,3,1,14,1,1,4,14,"777777777777","777777777777","777777777777",1,0
1,10743,1,1,1,2,11,7,57,8,0,1,0,1,3,12,881,12881,61,1996,"1FDKF37F4TEA","1","F","D","K","F","3","7","F","4","T","E","A",1,1,99,"999999999","99999999999",2,4,3,1,0,0,0,0,0,0,0,999,0,0,0,9,0,3,8,0,0,0,1,1,35211,6,1,0,0,3,0,69,200,0,0,0,1,0,6,2013,6,2013,9,0,0,0,0,1,5,40,1,1,2,1,0,0,1,80,9,1,2,13,"888888888888","777777777777","777777777777",0,0
1,10744,1,1,1,2,11,13,10,35,0,1,0,1,3,51,881,51881,66,2002,"4V5KC9UF22N3","4","V","5","K","C","9","U","F","2","2","N","3",1,1,57,"962089","57962089",3,6,4,1,0,0,0,0,0,0,0,35,0,0,0,98,6,2,42,0,0,1,1,1,35613,6,1,6,0,3,1,77,185,1,0,0,1,1,4,2012,10,2014,0,99,99,99,99,1,2,35,3,6,2,1,0,0,14,9,99,2,4,2,"888888888888","777777777777","777777777777",1,0
1,10745,1,2,1,2,11,13,28,12,6,1,0,92,0,9,19,9019,4,1989,"1P3BA46K1KF4","1","P","3","B","A","4","6","K","1","K","F","4",0,0,0,"000000000","00000000000",0,0,0,1,0,0,0,0,0,0,0,999,0,0,0,12,6,2,12,0,0,0,1,1,35546,6,1,6,0,3,0,69,180,1,0,0,2,0,1,2014,6,2016,0,38,0,0,0,1,2,25,1,1,2,1,20,3,1,17,99,1,1,88,"777777777777","777777777777","777777777777",1,0
1,10745,2,2,2,2,11,13,28,12,6,1,0,1,2,12,481,12481,31,2007,"1FTPW12V57FB","1","F","T","P","W","1","2","V","5","7","F","B",1,1,0,"000000000","00000000000",0,0,0,1,0,0,0,0,0,0,0,999,0,0,0,11,6,2,12,0,0,0,1,1,35405,6,1,0,0,3,1,71,235,0,0,0,0,0,0,0,0,0,0,0,0,0,0,1,2,55,1,3,2,1,0,0,1,66,99,1,1,89,"888888888888","777777777777","777777777777",0,0
1,10746,1,1,1,3,11,6,0,8,0,1,0,1,3,12,17,12017,4,2008,"1FAHP24WX8G1","1","F","A","H","P","2","4","W","X","8","G","1",0,0,0,"000000000","00000000000",0,0,0,1,0,0,0,0,0,0,0,60,0,0,0,12,6,2,8,0,0,0,1,1,35951,6,1,0,0,3,0,70,193,1,0,0,0,0,12,2015,12,2015,0,89,0,0,0,5,5,65,1,1,2,1,0,0,1,80,1,1,1,13,"777777777777","777777777777","777777777777",0,0
1,10747,1,1,2,3,11,18,45,8,0,1,0,1,1,20,39,20039,4,2005,"KL1TD52605B4","K","L","1","T","D","5","2","6","0","5","B","4",0,0,0,"000000000","00000000000",0,0,0,1,0,0,0,0,0,0,0,55,0,0,0,12,6,2,8,0,0,0,1,1,36265,6,1,0,0,3,0,70,230,0,0,0,0,0,0,0,0,0,0,89,0,0,0,2,2,65,1,1,2,1,0,0,1,80,1,1,1,13,"777777777777","777777777777","777777777777",0,0
1,10748,1,1,1,4,11,19,24,8,0,1,0,1,2,53,402,53402,14,1991,"JS3TA01C7M41","J","S","3","T","A","0","1","C","7","M","4","1",0,0,0,"000000000","00000000000",0,0,0,1,0,0,0,0,0,0,0,998,0,0,0,12,2,5,8,0,0,0,1,1,35654,6,1,0,0,3,0,71,180,1,0,0,0,1,5,2012,10,2014,0,0,0,0,0,2,2,55,1,1,2,1,0,0,1,80,6,1,1,13,"777777777777","777777777777","777777777777",0,0
1,10749,1,2,2,4,11,12,40,12,1,1,0,1,3,82,881,82881,62,2016,"1FVACWDTXGHH","1","F","V","A","C","W","D","T","X","G","H","H",0,0,88,"888888888","88888888888",2,1,3,1,0,0,0,0,0,0,0,999,0,0,0,12,6,2,12,0,0,0,1,1,35758,6,1,0,0,3,0,74,200,2,0,0,1,0,8,2012,6,2016,9,89,0,0,0,2,2,60,1,1,2,1,0,0,1,52,99,1,1,28,"777777777777","777777777777","777777777777",2,0
1,10749,2,2,1,4,11,12,40,12,1,1,0,47,3,86,881,86881,63,2007,"1M2AG11C27M0","1","M","2","A","G","1","1","C","2","7","M","0",0,0,57,"613079","57613079",3,2,4,1,0,0,0,0,0,0,0,999,0,0,0,6,6,2,12,0,0,0,1,47,38464,6,1,6,0,3,0,72,220,0,0,0,0,0,0,0,0,0,0,0,0,0,0,2,2,60,1,1,2,1,0,0,2,53,99,1,1,29,"777777777777","777777777777","777777777777",0,0
1,10750,1,1,1,4,11,7,50,8,0,1,0,1,1,35,39,35039,4,2009,"1N4AA51E59C8","1","N","4","A","A","5","1","E","5","9","C","8",0,0,0,"000000000","00000000000",0,0,0,1,0,0,0,0,0,0,0,999,0,0,0,12,4,3,8,0,0,0,1,1,36572,6,1,0,0,3,0,67,180,2,0,0,0,0,5,2012,8,2012,9,99,99,99,99,2,2,55,1,1,2,1,0,0,1,11,99,1,4,13,"777777777777","777777777777","777777777777",0,0
1,10751,1,2,1,4,11,9,11,12,6,1,0,1,1,20,481,20481,31,1999,"1GCEK19T8XE2","1","G","C","E","K","1","9","T","8","X","E","2",0,0,0,"000000000","00000000000",0,0,0,1,0,0,0,0,0,0,0,45,0,0,0,12,6,2,12,0,0,0,1,1,35611,6,1,0,0,3,0,65,165,1,0,0,0,0,7,2012,7,2012,0,89,39,0,0,1,2,35,1,1,2,1,20,3,1,17,1,1,1,86,"777777777777","777777777777","777777777777",0,0
1,10751,2,2,2,4,11,9,11,12,6,1,0,1,1,63,34,63034,4,2007,"KNAGE1242751","K","N","A","G","E","1","2","4","2","7","5","1",0,0,0,"000000000","00000000000",0,0,0,1,0,0,0,0,0,0,0,45,0,0,0,2,6,2,12,0,0,0,1,1,35613,6,1,0,0,3,1,64,130,1,0,0,0,0,1,2016,1,2016,0,0,0,0,0,1,2,45,1,1,2,1,0,0,1,66,99,1,1,87,"777777777777","777777777777","777777777777",1,0
1,10752,1,1,1,5,11,20,0,42,0,1,0,1,2,37,441,37441,20,2001,"2HKRL18671H5","2","H","K","R","L","1","8","6","7","1","H","5",0,0,0,"000000000","00000000000",0,0,0,1,0,0,0,0,0,0,0,70,0,0,0,12,6,2,42,0,0,0,1,1,35085,0,0,0,0,0,0,999,999,0,0,0,0,0,0,0,0,0,3,0,0,0,0,1,2,55,1,6,2,1,0,0,1,13,99,1,4,1,"777777777777","777777777777","777777777777",1,1
1,10753,1,2,2,5,11,9,50,12,6,1,0,6,1,35,50,35050,4,2012,"3N1CN7AP7CL8","3","N","1","C","N","7","A","P","7","C","L","8",0,0,0,"000000000","00000000000",0,0,0,1,0,0,0,0,0,0,0,60,0,0,0,12,6,2,12,0,0,0,1,12,32539,6,1,0,0,3,0,64,999,0,0,0,0,0,0,0,0,0,0,39,0,0,0,1,2,45,1,1,2,1,20,3,1,17,99,1,1,88,"777777777777","777777777777","777777777777",0,0
1,10753,2,2,1,5,11,9,50,12,6,1,0,12,1,13,1,13001,4,2008,"2LNHM82V58X6","2","L","N","H","M","8","2","V","5","8","X","6",0,0,0,"000000000","00000000000",0,0,0,1,0,0,0,0,0,0,0,45,0,0,0,11,6,2,12,0,0,0,1,1,36483,6,1,0,0,3,0,64,235,0,0,0,0,0,0,0,0,0,0,89,0,0,0,1,2,45,1,1,2,1,0,0,1,66,99,1,1,89,"777777777777","777777777777","777777777777",1,0
1,10754,1,1,2,6,11,5,25,42,0,1,0,1,1,37,32,37032,4,1990,"JHMCB756XLC0","J","H","M","C","B","7","5","6","X","L","C","0",0,0,0,"000000000","00000000000",0,0,0,1,0,0,0,0,0,0,0,60,0,0,0,12,6,2,42,0,0,0,1,1,35014,6,1,0,0,3,0,72,120,0,0,0,1,0,3,2013,3,2013,0,28,0,0,0,1,4,55,1,1,2,1,0,0,1,12,1,1,4,6,"777777777777","777777777777","777777777777",1,0
1,10755,1,2,1,6,11,5,19,12,2,1,0,1,2,14,6,14006,4,2008,"2MEFM75V68X6","2","M","E","F","M","7","5","V","6","8","X","6",0,0,0,"000000000","00000000000",0,0,0,1,0,0,0,0,0,0,0,60,0,0,0,12,6,2,12,0,0,0,1,1,36784,1,1,0,0,2,0,72,190,0,0,0,1,0,12,2014,12,2014,0,28,0,0,0,1,2,55,1,5,2,1,0,0,1,10,99,1,2,50,"777777777777","777777777777","777777777777",0,0
1,10755,2,2,1,6,11,5,19,12,2,1,0,1,1,22,16,22016,2,1998,"1G2JB1243W75","1","G","2","J","B","1","2","4","3","W","7","5",0,0,0,"000000000","00000000000",0,0,0,1,0,0,0,0,0,0,0,55,0,0,0,12,6,2,12,0,0,0,1,1,36545,6,1,0,0,3,0,69,190,0,0,0,0,0,0,0,0,0,0,0,0,0,0,1,2,55,1,6,2,1,0,0,1,62,99,1,1,51,"777777777777","777777777777","777777777777",1,0
1,10756,1,1,2,6,11,1,0,32,0,1,0,1,2,49,471,49471,31,1991,"JT4VN13D8M50","J","T","4","V","N","1","3","D","8","M","5","0",0,0,0,"000000000","00000000000",0,0,0,1,0,0,0,0,0,0,0,60,0,1,5,12,6,2,1,0,0,0,1,1,35761,6,1,0,0,3,0,69,245,1,0,0,0,0,9,2016,9,2016,3,0,0,0,0,1,2,45,1,1,2,1,0,0,1,13,1,1,4,1,"777777777777","777777777777","777777777777",1,1
1,10757,1,2,1,7,11,17,14,12,6,1,0,92,0,53,705,53705,80,2015,"JS1GR7NA9F21","J","S","1","G","R","7","N","A","9","F","2","1",0,0,0,"000000000","00000000000",0,0,0,1,0,0,0,0,0,0,0,125,0,0,0,12,6,2,12,0,0,0,1,1,35023,6,1,0,0,2,0,71,185,0,0,0,0,0,0,0,0,0,3,89,8,37,0,2,2,55,1,6,2,1,0,0,1,62,99,1,1,69,"777777777777","777777777777","777777777777",1,0
1,10757,2,2,2,7,11,17,14,12,6,1,0,51,2,49,46,49046,5,2013,"JTDKN3DU7D16","J","T","D","K","N","3","D","U","7","D","1","6",0,0,0,"000000000","00000000000",0,0,0,1,0,0,0,0,0,0,0,20,0,0,0,2,6,2,12,0,0,0,1,1,35405,6,1,0,0,3,0,66,200,0,0,0,0,0,0,0,0,0,0,0,0,0,0,2,2,55,1,1,2,1,0,0,11,15,1,1,1,68,"777777777777","777777777777","777777777777",0,0
1,10758,1,1,1,7,11,1,25,32,0,1,0,47,1,73,702,73702,80,2004,"JKABNRA134DA","J","K","A","B","N","R","A","1","3","4","D","A",0,0,0,"000000000","00000000000",0,0,0,1,0,0,0,0,0,0,0,100,0,0,0,2,6,2,34,0,0,0,1,1,35672,6,1,0,0,3,0,73,190,1,0,0,0,0,5,2014,5,2014,3,8,28,37,0,1,2,55,2,1,2,1,0,0,14,12,99,1,4,6,"777777777777","777777777777","777777777777",1,0
1,10759,1,1,1,8,11,0,45,38,0,1,0,1,2,20,2,20002,4,1995,"1G1BL52P8SR1","1","G","1","B","L","5","2","P","8","S","R","1",0,0,0,"000000000","00000000000",0,0,0,1,0,0,0,0,0,0,0,60,0,2,5,7,6,2,1,0,0,0,1,1,35968,6,1,0,0,3,0,67,180,4,0,0,1,1,8,2012,9,2015,3,58,0,0,0,1,2,45,2,6,2,1,0,0,14,6,99,3,4,7,"777777777777","777777777777","777777777777",1,1
1,10760,1,2,2,10,11,13,35,12,6,1,0,1,2,20,481,20481,31,1999,"1GCGK29U8XE2","1","G","C","G","K","2","9","U","8","X","E","2",0,0,0,"000000000","00000000000",0,0,0,1,0,0,0,0,0,0,0,25,0,0,0,10,6,2,12,0,0,0,1,1,35765,6,1,0,0,3,0,69,195,0,0,0,0,0,0,0,0,0,0,38,0,0,0,1,2,40,1,1,2,1,20,3,1,17,99,1,1,89,"777777777777","777777777777","777777777777",0,0
1,10760,2,2,1,10,11,13,35,12,6,1,0,13,1,72,706,72706,80,2013,"1HD1GV417DC3","1","H","D","1","G","V","4","1","7","D","C","3",0,0,0,"000000000","00000000000",0,0,0,1,0,0,0,0,0,0,0,55,0,0,0,12,6,2,12,0,0,0,1,38,30752,6,1,6,0,3,1,68,300,0,0,0,1,0,12,2015,12,2015,0,0,0,0,0,1,2,55,1,6,2,1,0,0,1,66,99,1,1,88,"777777777777","777777777777","777777777777",1,0
1,10761,1,1,1,10,11,20,15,35,0,1,0,1,1,35,39,35039,4,1995,"JN1CA21D0ST6","J","N","1","C","A","2","1","D","0","S","T","6",0,0,0,"000000000","00000000000",0,0,0,1,0,0,0,0,0,0,0,45,0,0,0,12,6,2,35,0,0,0,1,11,20012,9,9,99,9,9,9,999,999,99,99,99,99,99,99,9999,99,9999,0,28,0,0,0,1,2,55,1,1,2,1,0,0,1,12,99,1,4,6,"777777777777","777777777777","777777777777",1,0
1,10762,1,6,1,10,11,7,26,12,1,1,0,18,4,84,884,84884,66,2017,"3HSDJAPR5HN4","3","H","S","D","J","A","P","R","5","H","N","4",1,1,57,"2789548","572789548",3,6,3,1,0,0,0,0,0,0,0,999,0,0,0,12,2,3,12,0,0,0,1,51,24382,6,1,6,0,3,1,75,320,0,0,0,0,1,5,2013,5,2013,9,0,0,0,0,3,5,50,1,5,2,1,0,0,1,50,99,1,1,20,"888888888888","777777777777","777777777777",0,0
1,10762,2,6,2,10,11,7,26,12,1,1,0,1,1,20,37,20037,4,2014,"1G11B5SL3EF2","1","G","1","1","B","5","S","L","3","E","F","2",0,0,0,"000000000","00000000000",0,0,0,1,0,0,0,0,0,0,0,0,0,0,0,6,6,2,12,0,0,0,1,1,35803,6,1,0,0,3,0,73,230,0,0,0,0,0,0,0,0,0,0,8,0,0,0,3,5,50,1,6,2,1,0,0,5,53,1,1,1,21,"777777777777","777777777777","777777777777",1,0
1,10762,3,6,1,10,11,7,26,12,1,1,0,1,1,41,50,41050,4,2016,"JM1GJ1V53G14","J","M","1","G","J","1","V","5","3","G","1","4",0,0,0,"000000000","00000000000",0,0,0,1,0,0,0,0,0,0,0,0,0,0,0,6,6,2,12,0,0,0,1,1,35803,6,1,0,0,3,0,68,140,0,0,0,0,0,0,0,0,0,0,0,0,0,0,3,5,50,1,6,2,1,0,0,5,53,1,1,1,98,"777777777777","777777777777","777777777777",0,0
1,10762,4,6,1,10,11,7,26,12,1,1,0,1,1,12,37,12037,4,2009,"1FAHP36N29W2","1","F","A","H","P","3","6","N","2","9","W","2",0,0,0,"000000000","00000000000",0,0,0,1,0,0,0,0,0,0,0,0,0,0,0,6,6,2,12,0,0,0,1,1,35802,6,1,0,0,3,0,72,220,0,0,0,0,0,0,0,0,0,0,0,0,0,0,3,5,50,1,6,2,1,0,0,5,53,1,1,1,98,"777777777777","777777777777","777777777777",0,0
1,10762,5,6,1,10,11,7,26,12,1,1,0,1,1,12,401,12401,14,2012,"1FMHK7F81CGA","1","F","M","H","K","7","F","8","1","C","G","A",0,0,0,"000000000","00000000000",0,0,0,1,0,0,0,0,0,0,0,0,0,0,0,6,6,2,12,0,0,0,1,1,35802,6,1,0,0,3,1,65,117,1,0,0,0,0,11,2016,11,2016,0,8,0,0,0,3,5,50,3,6,2,1,0,0,5,53,1,1,1,98,"777777777777","777777777777","777777777777",0,0
1,10762,6,6,1,10,11,7,26,12,1,1,0,1,2,49,401,49401,14,2016,"JTEZU5JR6G51","J","T","E","Z","U","5","J","R","6","G","5","1",0,0,0,"000000000","00000000000",0,0,0,1,0,0,0,0,0,0,0,0,0,0,0,6,2,5,12,0,0,0,1,1,35763,6,1,0,0,3,0,71,128,1,0,0,0,0,5,2016,5,2016,0,89,0,0,0,3,5,50,3,6,2,1,0,0,5,53,1,1,1,98,"777777777777","777777777777","777777777777",0,0
1,10763,1,1,1,11,11,15,26,53,0,1,0,1,2,49,38,49038,2,1996,"JT2AC52L3T01","J","T","2","A","C","5","2","L","3","T","0","1",0,0,0,"000000000","00000000000",0,0,0,1,0,0,0,0,0,0,0,60,0,1,5,11,6,2,30,0,0,0,1,1,35077,6,1,0,0,3,0,66,215,0,0,0,0,0,0,0,0,0,3,58,0,0,0,1,2,45,3,5,2,1,0,0,14,6,7,3,4,2,"777777777777","777777777777","777777777777",1,0
1,10764,1,2,1,11,11,5,27,12,6,1,0,1,2,35,47,35047,4,2009,"1N4AL21E49N5","1","N","4","A","L","2","1","E","4","9","N","5",0,0,0,"000000000","00000000000",0,0,0,1,0,0,0,0,0,0,0,999,0,0,0,12,6,2,12,0,0,0,1,1,36265,6,1,0,0,3,1,67,160,0,0,0,0,0,0,0,0,0,9,8,39,0,0,1,5,35,1,1,2,1,3,3,1,17,99,1,1,88,"777777777777","777777777777","777777777777",0,1
1,10764,2,2,1,11,11,5,27,12,6,1,0,1,1,37,32,37032,4,2016,"1HGCR2F37GA1","1","H","G","C","R","2","F","3","7","G","A","1",0,0,0,"000000000","00000000000",0,0,0,1,0,0,0,0,0,0,0,999,0,0,0,9,6,2,12,0,0,0,1,1,35204,6,1,0,0,3,0,66,210,1,0,0,0,0,10,2015,10,2015,0,0,0,0,0,1,5,35,1,1,2,1,3,3,1,66,99,1,1,89,"777777777777","777777777777","777777777777",1,0
1,10765,1,1,1,11,11,7,13,42,0,1,0,1,1,20,481,20481,31,1989,"1GCDC14Z9KE2","1","G","C","D","C","1","4","Z","9","K","E","2",0,0,0,"000000000","00000000000",0,0,0,1,0,0,0,0,0,0,0,65,0,0,0,12,6,2,42,0,0,0,1,1,36875,6,1,0,0,3,1,70,185,2,0,0,1,0,6,2012,8,2016,0,28,58,0,0,1,2,55,1,1,2,1,0,0,1,13,6,1,4,6,"777777777777","777777777777","777777777777",1,1
1,10766,1,1,1,12,11,0,13,8,0,1,0,1,2,63,402,63402,14,2005,"KNDJD7333554","K","N","D","J","D","7","3","3","3","5","5","4",0,0,0,"000000000","00000000000",0,0,0,1,0,0,0,0,0,0,0,50,0,0,0,12,6,2,8,0,0,0,1,1,35803,6,1,0,0,3,1,71,145,0,0,0,0,0,0,0,0,0,0,0,0,0,0,1,2,45,1,6,2,1,0,0,1,80,1,1,1,13,"777777777777","777777777777","777777777777",0,0
1,10767,1,1,1,13,11,5,18,34,0,1,0,1,2,49,401,49401,14,2000,"JT3GN86R8Y01","J","T","3","G","N","8","6","R","8","Y","0","1",0,0,0,"000000000","00000000000",0,0,0,1,0,0,0,0,0,0,0,60,0,1,5,99,6,2,1,0,0,0,1,1,35954,1,1,0,0,2,1,64,125,0,0,0,1,0,4,2012,4,2012,3,0,0,0,0,1,2,35,3,6,2,1,0,0,14,13,99,3,4,2,"777777777777","777777777777","777777777777",1,0
1,10768,1,1,1,13,11,1,5,8,0,1,1,99,9,99,999,99999,99,9999,"999999999999","9","9","9","9","9","9","9","9","9","9","9","9",0,0,0,"000000000","00000000000",0,0,0,1,0,0,0,0,0,0,0,999,0,0,0,12,9,5,8,0,0,0,1,99,99999,9,9,99,9,9,9,999,999,99,99,99,99,99,99,9999,99,9999,9,99,99,99,99,5,5,45,1,1,2,1,0,0,99,80,99,9,9,13,"777777777777","777777777777","777777777777",0,0
1,10769,1,1,1,14,11,13,45,1,0,1,0,1,1,12,401,12401,14,1997,"1FMDU32E8VUC","1","F","M","D","U","3","2","E","8","V","U","C",0,0,0,"000000000","00000000000",0,0,0,1,0,0,0,0,0,0,0,65,0,1,6,0,6,2,1,0,0,0,1,1,35772,6,1,0,0,3,0,72,220,0,0,0,0,0,0,0,0,0,3,58,0,0,0,1,2,55,3,1,2,1,0,0,14,13,6,2,4,2,"777777777777","777777777777","777777777777",1,0
1,10770,1,2,1,14,11,11,30,12,2,1,0,1,2,7,461,7461,21,1994,"2B6HB21Y4RK1","2","B","6","H","B","2","1","Y","4","R","K","1",0,0,0,"000000000","00000000000",0,0,0,1,0,0,0,0,0,0,0,15,0,0,0,12,6,2,12,0,0,0,1,1,35034,2,1,0,0,2,1,60,220,0,1,0,0,1,12,2014,2,2016,0,51,0,0,0,0,0,0,0,0,0,0,0,0,10,16,99,1,1,80,"777777777777","777777777777","777777777777",1,0
1,10770,2,2,1,14,11,11,30,12,2,1,0,1,3,85,884,85884,64,2005,"1NKWXBTX05J0","1","N","K","W","X","B","T","X","0","5","J","0",0,0,57,"1480763","571480763",3,2,4,1,0,0,0,0,0,0,0,53,0,0,0,12,6,2,12,0,0,0,1,1,36726,6,1,6,0,3,0,71,350,0,0,0,0,2,3,2012,10,2012,0,89,0,0,0,1,2,55,1,1,2,1,0,0,1,72,8,1,1,81,"777777777777","777777777777","777777777777",0,0
1,10771,1,1,1,14,11,12,49,43,0,1,0,1,1,37,32,37032,2,2009,"1HGCS12829A0","1","H","G","C","S","1","2","8","2","9","A","0",0,0,0,"000000000","00000000000",0,0,0,1,0,0,0,0,0,0,0,70,0,0,0,12,6,2,42,0,0,0,1,1,36301,6,1,0,0,3,0,71,150,2,0,0,0,0,3,2016,6,2016,3,8,58,0,0,1,2,40,1,1,2,1,0,0,1,13,6,1,4,6,"777777777777","777777777777","777777777777",1,0
1,10772,1,1,2,15,11,1,37,8,0,1,0,1,4,82,881,82881,66,2013,"3AKJGLBG3DSF","3","A","K","J","G","L","B","G","3","D","S","F",1,1,57,"301860","57301860",3,6,1,1,0,0,0,0,0,0,0,65,0,0,0,12,2,5,8,0,0,0,1,1,35645,6,1,6,0,3,1,68,170,0,0,0,0,0,0,0,0,0,0,0,0,0,0,2,2,65,1,1,2,1,0,0,1,80,1,1,1,13,"888888888888","777777777777","777777777777",0,0
1,10773,1,2,2,16,11,16,8,12,2,1,0,1,1,20,2,20002,4,2001,"2G1WF55E3193","2","G","1","W","F","5","5","E","3","1","9","3",0,0,0,"000000000","00000000000",0,0,0,1,0,0,0,0,0,0,0,55,0,0,0,12,6,2,12,0,0,0,1,1,35501,6,1,0,0,3,0,66,200,0,0,0,0,0,0,0,0,0,0,89,28,0,0,1,2,40,2,5,2,1,0,0,14,10,99,1,2,50,"777777777777","777777777777","777777777777",1,0
1,10773,2,2,1,16,11,16,8,12,2,1,0,1,1,20,404,20404,14,2013,"2GNALDEK2D63","2","G","N","A","L","D","E","K","2","D","6","3",0,0,0,"000000000","00000000000",0,0,0,1,0,0,0,0,0,0,0,40,0,0,0,12,6,2,12,0,0,0,1,1,35504,6,1,0,0,3,0,69,195,0,0,0,2,0,8,2012,3,2014,0,89,0,0,0,1,2,40,3,6,2,1,0,0,14,62,16,1,1,51,"777777777777","777777777777","777777777777",0,0
1,10774,1,2,1,16,11,17,25,12,6,1,0,1,2,12,17,12017,4,2002,"1FAFP55U52A1","1","F","A","F","P","5","5","U","5","2","A","1",0,0,0,"000000000","00000000000",0,0,0,1,0,0,0,0,0,0,0,40,0,0,0,9,6,2,12,0,0,0,1,1,35224,6,1,0,0,3,0,71,237,1,0,0,0,0,2,2015,2,2015,0,39,23,0,0,1,2,98,3,1,2,1,3,3,14,17,99,1,1,89,"777777777777","777777777777","777777777777",1,0
1,10774,2,2,3,16,11,17,25,12,6,1,0,1,1,12,402,12402,14,2013,"1FMCU0G96DUD","1","F","M","C","U","0","G","9","6","D","U","D",0,0,0,"000000000","00000000000",0,0,0,1,0,0,0,0,0,0,0,55,0,0,0,12,6,2,12,0,0,0,1,1,35115,6,1,0,0,3,1,63,115,0,0,0,1,0,10,2015,10,2015,0,0,0,0,0,2,4,55,1,5,2,1,3,3,1,66,99,1,1,88,"777777777777","777777777777","777777777777",0,0
1,10775,1,2,1,17,11,19,25,12,2,1,0,39,1,37,403,37403,14,2007,"5J6YH28707L0","5","J","6","Y","H","2","8","7","0","7","L","0",0,0,0,"000000000","00000000000",0,0,0,1,0,0,0,0,0,0,0,55,0,1,1,12,6,2,12,0,0,0,1,39,44303,6,1,0,0,3,0,65,175,0,0,0,0,0,0,0,0,0,0,28,0,0,0,1,2,55,3,1,2,1,0,0,14,10,99,1,2,50,"777777777777","777777777777","777777777777",0,0
1,10775,2,2,3,17,11,19,25,12,2,1,0,1,2,12,471,12471,30,1991,"1FTCR10A9MUE","1","F","T","C","R","1","0","A","9","M","U","E",0,0,0,"000000000","00000000000",0,0,0,1,0,0,0,0,0,0,0,55,0,0,0,12,6,2,12,0,0,0,1,1,36042,2,1,0,0,2,0,70,185,1,2,2,0,0,12,2011,10,2014,0,0,0,0,0,1,2,55,2,1,2,1,0,0,14,62,99,1,1,51,"777777777777","777777777777","777777777777",1,0
1,10776,1,1,1,18,11,3,0,34,0,1,0,1,1,12,481,12481,31,2014,"1FTFW1EF2EFD","1","F","T","F","W","1","E","F","2","E","F","D",0,0,0,"000000000","00000000000",0,0,0,1,0,0,0,0,0,0,0,45,0,1,5,1,6,2,1,0,0,0,1,1,36067,6,1,0,0,3,0,72,195,1,0,0,3,1,7,2012,7,2016,9,0,0,0,0,1,2,35,1,4,2,1,0,0,1,13,99,1,4,1,"777777777777","777777777777","777777777777",1,1
1,10777,1,1,1,19,11,3,0,8,0,1,1,99,9,99,999,99999,99,9999,"999999999999","9","9","9","9","9","9","9","9","9","9","9","9",9,0,99,"999999999","99999999999",9,99,99,1,0,0,0,0,0,0,0,999,0,0,0,12,9,5,8,0,0,0,1,99,99999,9,9,99,9,9,9,999,999,99,99,99,99,99,99,9999,99,9999,9,99,99,99,99,2,3,55,3,1,2,2,0,0,14,80,99,9,1,13,"777777777777","777777777777","777777777777",0,0
1,10778,1,1,1,20,11,20,30,42,0,1,0,1,2,20,16,20016,4,2002,"1G1JC5240272","1","G","1","J","C","5","2","4","0","2","7","2",0,0,0,"000000000","00000000000",0,0,0,1,0,0,0,0,0,0,0,60,0,1,5,11,6,2,42,0,0,0,1,1,36037,2,1,0,0,2,0,75,150,0,0,0,0,0,0,0,0,0,0,28,0,0,0,1,2,55,1,5,2,1,0,0,1,12,99,1,4,6,"777777777777","777777777777","777777777777",1,0
1,10779,1,1,1,20,11,6,19,42,0,1,0,1,1,13,1,13001,4,2006,"1LNHM81WX6Y6","1","L","N","H","M","8","1","W","X","6","Y","6",0,0,0,"000000000","00000000000",0,0,0,1,0,0,0,0,0,0,0,55,0,0,0,12,6,2,42,0,0,0,1,1,36274,6,1,0,0,3,0,69,225,0,0,0,0,0,0,0,0,0,0,89,0,0,0,1,2,55,3,6,2,1,0,0,14,13,99,1,4,1,"777777777777","777777777777","777777777777",1,0
1,10780,1,1,3,21,11,14,0,35,0,1,0,1,2,20,22,20022,4,2006,"1G1AL55FX678","1","G","1","A","L","5","5","F","X","6","7","8",0,0,0,"000000000","00000000000",0,0,0,1,0,0,0,0,0,0,0,60,0,1,5,10,6,2,1,0,0,0,1,1,35651,6,2,0,0,3,0,64,130,0,0,0,0,0,0,0,0,0,3,0,0,0,0,1,2,45,3,5,2,1,0,0,14,6,1,3,4,2,"777777777777","777777777777","777777777777",1,0