"STATE","ST_CASE","VEH_NO","VE_FORMS","NUMOCCS","DAY","MONTH","HOUR","MINUTE","HARM_EV","MAN_COLL","UNITTYPE","HIT_RUN","REG_STAT","OWNER","MAKE","MODEL","MAK_MOD","BODY_TYP","MOD_YEAR","VIN","VIN_1","VIN_2","VIN_3","VIN_4","VIN_5","VIN_6","VIN_7","VIN_8","VIN_9","VIN_10","VIN_11","VIN_12","TOW_VEH","J_KNIFE","MCARR_I1","MCARR_I2","MCARR_ID","GVWR","V_CONFIG","CARGO_BT","HAZ_INV","HAZ_PLAC","HAZ_ID","HAZ_CNO","HAZ_REL","BUS_USE","SPEC_USE","EMER_USE","TRAV_SP","UNDERIDE","ROLLOVER","ROLINLOC","IMPACT1","DEFORMED","TOWED","M_HARM","VEH_SC1","VEH_SC2","FIRE_EXP","DR_PRES","L_STATE","DR_ZIP","L_STATUS","L_TYPE","CDL_STAT","L_ENDORS","L_COMPL","L_RESTRI","DR_HGT","DR_WGT","PREV_ACC","PREV_SUS","PREV_DWI","PREV_SPD","PREV_OTH","FIRST_MO","FIRST_YR","LAST_MO","LAST_YR","SPEEDREL","DR_SF1","DR_SF2","DR_SF3","DR_SF4","VTRAFWAY","VNUM_LAN","VSPD_LIM","VALIGN","VPROFILE","VPAVETYP","VSURCOND","VTRAFCON","VTCONT_F","P_CRASH1","P_CRASH2","P_CRASH3","PCRASH4","PCRASH5","ACC_TYPE","TRLR1VIN","TRLR2VIN","TRLR3VIN","DEATHS","DR_DRINK"
1,10861,1,1,1,16,12,5,45,34,0,1,0,1,1,54,38,54038,3,2002,"JH4DC530X2C0","J","H","4","D","C","5","3","0","X","2","C","0",0,0,0,"000000000","00000000000",0,0,0,1,0,0,0,0,0,0,0,85,0,0,0,12,6,2,42,0,0,0,1,1,35160,6,1,6,0,3,0,68,195,2,0,0,0,2,7,2013,10,2015,3,8,58,0,0,2,2,65,1,5,2,1,0,0,1,12,7,2,4,2,"777777777777","777777777777","777777777777",1,0
1,10862,1,2,1,17,12,14,50,12,6,1,0,92,0,98,739,98739,90,2008,"4UF09MPV19T3","4","U","F","0","9","M","P","V","1","9","T","3",0,0,0,"000000000","00000000000",0,0,0,1,0,0,0,0,0,0,0,50,0,0,0,9,6,2,12,0,0,0,1,1,35180,6,1,0,0,3,0,74,205,1,0,0,0,0,12,2013,12,2013,0,28,0,0,0,1,2,45,3,5,2,2,0,0,14,10,99,1,2,64,"777777777777","777777777777","777777777777",1,0
1,10862,2,2,2,17,12,14,50,12,6,1,0,1,1,7,482,7482,31,2009,"1D3HV18T19S7","1","D","3","H","V","1","8","T","1","9","S","7",0,0,0,"000000000","00000000000",0,0,0,1,0,0,0,0,0,0,0,45,0,0,0,12,6,2,12,0,0,0,1,1,35180,6,1,0,0,3,0,70,240,0,0,0,0,0,0,0,0,0,0,0,0,0,0,1,2,45,2,6,2,2,0,0,14,62,16,1,1,65,"777777777777","777777777777","777777777777",0,0
1,10863,1,1,1,17,12,2,40,59,0,1,0,1,1,7,482,7482,31,2013,"1C6RR7FP9DS6","1","C","6","R","R","7","F","P","9","D","S","6",0,0,0,"000000000","00000000000",0,0,0,1,0,0,0,0,0,0,0,60,0,1,6,12,6,2,3,0,0,0,1,1,36507,6,1,0,0,3,0,66,160,0,0,0,1,0,8,2013,8,2013,3,0,0,0,0,1,2,98,3,9,2,99,0,0,14,13,99,1,4,1,"777777777777","777777777777","777777777777",1,1
1,10864,1,3,1,18,12,17,35,12,6,1,0,1,1,30,40,30040,4,2008,"3VWRM71K98M0","3","V","W","R","M","7","1","K","9","8","M","0",0,0,0,"000000000","00000000000",0,0,0,1,0,0,0,0,0,0,0,55,0,0,0,12,6,2,12,0,0,0,1,1,36530,6,1,0,0,3,0,61,145,0,0,0,1,0,12,2012,12,2012,0,99,99,99,99,1,5,55,1,1,2,2,3,3,1,17,99,1,1,88,"777777777777","777777777777","777777777777",0,0
1,10864,2,3,1,18,12,17,35,12,6,1,0,1,2,18,2,18002,4,2000,"1G4HR54K6YU2","1","G","4","H","R","5","4","K","6","Y","U","2",0,0,0,"000000000","00000000000",0,0,0,1,0,0,0,0,0,0,0,999,0,0,0,10,6,2,12,0,0,0,1,1,36567,6,1,0,0,3,0,68,175,1,0,0,1,0,4,2015,7,2015,9,99,99,99,99,1,3,55,1,1,2,2,3,3,1,66,99,1,1,89,"777777777777","777777777777","777777777777",1,0
1,10864,3,3,3,18,12,17,35,12,6,1,0,1,2,6,441,6441,20,2015,"2C4RC1CG3FR5","2","C","4","R","C","1","C","G","3","F","R","5",0,0,0,"000000000","00000000000",0,0,0,1,0,0,0,0,0,0,0,0,0,0,0,10,4,5,12,0,0,0,1,1,36532,6,1,0,0,3,0,62,150,0,0,0,0,0,0,0,0,0,0,0,0,0,0,1,3,55,1,1,2,2,3,3,5,62,1,1,1,98,"777777777777","777777777777","777777777777",0,0
1,10865,1,1,1,18,12,4,6,8,0,1,0,1,1,98,804,98804,66,2006,"5KJJABCK36PW","5","K","J","J","A","B","C","K","3","6","P","W",1,1,57,"2542977","572542977",3,6,2,1,0,0,0,0,0,0,0,50,0,0,0,11,4,3,8,0,0,0,1,1,35053,6,1,6,0,3,1,73,245,2,0,0,0,1,7,2013,5,2016,0,0,0,0,0,4,3,45,1,1,2,2,3,3,1,80,1,1,1,13,"888888888888","777777777777","777777777777",0,0
1,10866,1,2,1,20,12,12,15,12,6,1,0,1,1,12,481,12481,31,1993,"2FTDF15N7PCB","2","F","T","D","F","1","5","N","7","P","C","B",0,0,0,"000000000","00000000000",0,0,0,1,0,0,0,0,0,0,0,5,0,0,0,12,6,2,12,0,0,0,1,1,35501,6,1,0,0,3,0,68,170,0,0,0,0,0,0,0,0,0,0,38,0,0,0,1,2,45,1,1,2,1,20,3,1,15,1,1,1,88,"777777777777","777777777777","777777777777",0,0
1,10866,2,2,1,20,12,12,15,12,6,1,0,1,1,23,431,23431,16,2003,"1GKEC16Z23J1","1","G","K","E","C","1","6","Z","2","3","J","1",0,0,0,"000000000","00000000000",0,0,0,1,0,0,0,0,0,0,0,65,0,1,1,11,6,2,12,0,0,0,1,1,35148,6,1,0,0,3,0,65,220,0,0,0,0,0,0,0,0,0,0,0,0,0,0,2,4,65,1,1,2,1,0,0,1,65,7,1,2,89,"777777777777","777777777777","777777777777",1,0
1,10867,1,2,1,21,12,5,10,12,6,1,0,1,2,37,32,37032,4,1992,"1HGCB7577NA0","1","H","G","C","B","7","5","7","7","N","A","0",0,0,0,"000000000","00000000000",0,0,0,1,0,0,0,0,0,0,0,5,0,0,0,3,6,2,12,0,0,0,1,1,35951,6,1,0,0,3,0,73,220,0,0,0,1,0,3,2012,3,2012,0,38,0,0,0,1,2,55,1,1,2,1,0,0,1,17,99,1,1,87,"777777777777","777777777777","777777777777",1,0
1,10867,2,2,1,21,12,5,10,12,6,1,0,1,1,7,482,7482,31,2001,"3B7HC12Y71G2","3","B","7","H","C","1","2","Y","7","1","G","2",0,0,0,"000000000","00000000000",0,0,0,1,0,0,0,0,0,0,0,60,0,0,0,12,6,2,12,0,0,0,1,1,35950,6,1,0,0,3,1,69,200,0,0,0,1,0,12,2011,12,2011,0,0,0,0,0,2,2,60,1,5,2,1,0,0,1,66,16,1,1,86,"777777777777","777777777777","777777777777",0,0
1,10868,1,1,2,21,12,18,30,42,0,1,0,1,2,37,31,37031,3,1991,"2HGED6453MH5","2","H","G","E","D","6","4","5","3","M","H","5",0,0,0,"000000000","00000000000",0,0,0,1,0,0,0,0,0,0,0,55,0,0,0,1,6,2,42,0,0,0,1,1,35072,6,1,0,0,3,0,66,120,0,0,0,0,0,0,0,0,0,0,0,0,0,0,1,2,55,1,1,2,1,0,0,1,13,1,1,4,1,"777777777777","777777777777","777777777777",1,0
1,10869,1,1,1,21,12,0,2,33,0,1,0,1,2,2,403,2403,14,2014,"1C4HJWEG7EL1","1","C","4","H","J","W","E","G","7","E","L","1",0,0,0,"000000000","00000000000",0,0,0,1,0,0,0,0,0,0,0,999,0,0,0,12,6,2,42,0,0,0,1,1,35242,6,2,0,0,3,0,67,140,1,0,0,0,0,11,2016,11,2016,9,99,99,99,99,2,2,35,2,1,2,1,0,0,14,12,99,1,4,6,"777777777777","777777777777","777777777777",1,0
1,10870,1,2,4,21,12,13,31,12,1,1,0,48,1,6,441,6441,20,2008,"2A8HR54P98R6","2","A","8","H","R","5","4","P","9","8","R","6",0,0,0,"000000000","00000000000",0,0,0,1,0,0,0,0,0,0,0,999,0,0,0,12,6,2,12,0,0,0,1,48,77437,9,9,99,9,9,9,999,999,99,99,99,99,99,99,9999,99,9999,9,99,99,99,99,2,4,55,1,1,2,1,3,3,1,50,1,1,1,20,"777777777777","777777777777","777777777777",1,0
1,10870,2,2,1,21,12,13,31,12,1,1,0,13,3,82,881,82881,66,2017,"3AKJGLDV6HSH","3","A","K","J","G","L","D","V","6","H","S","H",1,1,57,"1281329","571281329",3,6,1,1,0,0,0,0,0,0,0,0,0,0,0,6,2,5,12,0,0,0,1,13,39841,6,1,6,0,3,0,69,202,98,0,0,0,0,0,0,0,0,0,0,0,0,0,2,4,55,1,1,2,1,3,3,5,53,1,1,1,21,"888888888888","777777777777","777777777777",0,0
1,10871,1,2,1,22,12,19,10,12,6,1,0,1,1,20,482,20482,31,2008,"3GNEC12J58G1","3","G","N","E","C","1","2","J","5","8","G","1",0,0,0,"000000000","00000000000",0,0,0,1,0,0,0,0,0,0,0,999,0,0,0,2,4,3,12,0,0,0,1,1,36606,6,1,0,0,3,0,61,175,1,0,0,1,0,7,2012,10,2016,0,38,0,0,0,1,2,45,1,1,2,1,20,3,1,17,1,1,1,87,"777777777777","777777777777","777777777777",0,0
1,10871,2,2,1,22,12,19,10,12,6,1,0,92,0,73,705,73705,80,2001,"JKAZX4J151A0","J","K","A","Z","X","4","J","1","5","1","A","0",0,0,0,"000000000","00000000000",0,0,0,1,0,0,0,0,0,0,0,999,0,0,0,12,6,2,12,0,0,0,1,1,36582,2,1,0,0,2,0,72,160,1,2,2,1,0,5,2012,12,2015,0,0,0,0,0,2,3,45,1,1,2,1,0,0,1,66,1,1,1,86,"777777777777","777777777777","777777777777",1,0
1,10872,1,2,1,22,12,15,55,12,2,1,0,92,0,73,705,73705,80,2004,"JKBZXJB134A0","J","K","B","Z","X","J","B","1","3","4","A","0",0,0,0,"000000000","00000000000",0,0,0,1,0,0,0,0,0,0,0,40,0,0,0,12,6,2,12,0,0,0,1,1,35016,6,1,0,0,3,1,66,150,0,0,0,1,1,5,2013,5,2015,0,28,0,0,0,1,2,40,1,1,2,1,0,0,1,10,1,1,2,50,"777777777777","777777777777","777777777777",1,0
1,10872,2,2,1,22,12,15,55,12,2,1,0,1,3,87,881,87881,63,1997,"999999999999","9","9","9","9","9","9","9","9","9","9","9","9",0,0,57,"1491524","571491524",3,2,4,1,0,0,0,0,0,0,0,40,0,0,0,12,2,5,12,0,0,0,1,1,35016,6,1,6,0,3,1,66,150,0,0,0,1,1,5,2013,5,2015,0,0,0,0,0,1,2,40,1,1,2,1,0,0,1,62,99,1,1,51,"777777777777","777777777777","777777777777",0,0
1,10873,1,2,1,22,12,16,25,12,8,1,0,1,2,20,481,20481,31,1994,"1GCEK19KXRE2","1","G","C","E","K","1","9","K","X","R","E","2",0,0,0,"000000000","00000000000",0,0,0,1,0,0,0,0,0,0,0,65,0,1,5,11,6,2,1,0,0,0,1,1,36330,0,0,0,0,0,0,999,999,0,2,0,2,1,6,2013,8,2015,0,58,28,0,0,1,2,55,3,1,2,1,0,0,14,13,6,1,6,64,"777777777777","777777777777","777777777777",1,1
1,10873,2,2,2,22,12,16,25,12,8,1,0,1,1,12,481,12481,31,2010,"1FTFW1CV2AFC","1","F","T","F","W","1","C","V","2","A","F","C",0,0,0,"000000000","00000000000",0,0,0,1,0,0,0,0,0,0,0,50,0,0,0,7,2,5,12,0,0,0,1,1,36330,6,1,0,0,3,1,75,280,0,0,0,1,0,6,2016,6,2016,0,89,0,0,0,1,2,55,2,1,2,1,0,0,14,62,99,1,1,65,"777777777777","777777777777","777777777777",0,0
1,10874,1,1,2,23,12,1,17,42,0,1,0,1,1,12,401,12401,14,1997,"1FMDU32E8VZB","1","F","M","D","U","3","2","E","8","V","Z","B",0,0,0,"000000000","00000000000",0,0,0,1,0,0,0,0,0,0,0,999,0,0,0,3,6,2,42,0,0,0,1,1,36695,6,1,0,0,3,0,67,130,0,0,0,0,0,0,0,0,0,3,28,58,0,0,5,5,35,3,6,2,1,0,0,14,13,6,4,4,7,"777777777777","777777777777","777777777777",1,0
1,10875,1,1,1,24,12,5,45,1,0,1,0,1,1,49,40,49040,4,2009,"4T1BE46KX9U9","4","T","1","B","E","4","6","K","X","9","U","9",0,0,0,"000000000","00000000000",0,0,0,1,0,0,0,0,0,0,0,80,0,1,5,0,6,2,1,0,0,0,1,1,36832,6,1,0,0,3,0,60,115,0,0,0,2,0,6,2013,7,2014,3,58,0,0,0,2,2,65,1,1,2,1,0,0,1,12,7,2,4,2,"777777777777","777777777777","777777777777",1,0
1,10876,1,2,1,23,12,5,45,12,1,1,0,1,1,18,23,18023,4,2007,"1G4HE57Y87U1","1","G","4","H","E","5","7","Y","8","7","U","1",0,0,0,"000000000","00000000000",0,0,0,1,0,0,0,0,0,0,0,70,0,0,0,12,6,2,12,0,0,0,1,1,36553,6,1,0,0,3,0,71,180,0,0,0,0,0,0,0,0,0,3,99,99,99,99,3,2,55,1,1,2,1,0,0,1,51,1,1,1,24,"777777777777","777777777777","777777777777",1,0
1,10876,2,2,1,23,12,5,45,12,1,1,0,1,3,82,881,82881,66,2006,"1FUJALCK86DW","1","F","U","J","A","L","C","K","8","6","D","W",1,1,57,"420035","57420035",3,6,10,1,0,0,0,0,0,0,0,40,0,0,0,6,6,2,12,0,0,0,1,1,36560,6,1,6,0,3,0,72,300,0,0,0,2,14,2,2012,10,2016,0,0,0,0,0,3,2,55,1,1,2,1,0,0,1,53,1,1,1,25,"888888888888","777777777777","777777777777",0,0
1,10877,1,1,1,23,12,18,50,8,0,1,0,1,1,63,34,63034,4,2016,"KNAGT4L35G50","K","N","A","G","T","4","L","3","5","G","5","0",0,0,0,"000000000","00000000000",0,0,0,1,0,0,0,0,0,0,0,35,0,0,0,12,2,5,8,0,0,0,1,1,36201,6,1,0,0,3,0,71,150,1,0,0,0,0,12,2013,12,2013,0,0,0,0,0,2,3,35,1,1,2,1,0,0,1,80,1,1,1,13,"777777777777","777777777777","777777777777",0,0
1,10878,1,5,2,23,12,19,28,12,6,1,0,29,3,82,881,82881,66,2015,"3AKJGLD57FSF","3","A","K","J","G","L","D","5","7","F","S","F",1,1,57,"003706","57003706",3,6,1,1,0,0,0,0,0,0,0,70,0,0,0,12,6,2,12,0,0,0,1,99,32907,9,9,99,9,9,9,999,999,99,99,99,99,99,99,9999,99,9999,0,0,0,0,0,1,7,50,1,6,2,1,3,3,1,17,16,1,1,83,"888888888888","777777777777","777777777777",0,0
1,10878,2,5,2,23,12,19,28,12,6,1,0,1,2,49,44,49044,2,1999,"2T1CF22P6XC2","2","T","1","C","F","2","2","P","6","X","C","2",0,0,0,"000000000","00000000000",0,0,0,1,0,0,0,0,0,0,0,20,0,0,0,9,6,2,12,0,0,0,1,1,36250,6,1,0,0,3,0,69,170,0,0,0,1,0,5,2012,5,2012,0,89,0,0,0,1,7,50,1,6,2,1,3,3,11,66,99,1,1,82,"777777777777","777777777777","777777777777",2,0
1,10878,3,5,4,23,12,19,28,12,6,1,0,1,1,7,24,7024,4,2014,"2C3CDXHG7EH1","2","C","3","C","D","X","H","G","7","E","H","1",0,0,0,"000000000","00000000000",0,0,0,1,0,0,0,0,0,0,0,0,0,0,0,12,6,2,12,0,0,0,1,1,36265,6,1,0,0,3,1,71,200,0,0,0,0,0,0,0,0,0,0,89,0,0,0,1,7,50,1,6,2,1,3,3,5,62,1,1,1,98,"777777777777","777777777777","777777777777",0,0
1,10878,4,5,3,23,12,19,28,12,6,1,0,1,1,49,32,49032,4,1997,"2T1BB02E4VC1","2","T","1","B","B","0","2","E","4","V","C","1",0,0,0,"000000000","00000000000",0,0,0,1,0,0,0,0,0,0,0,35,0,0,0,8,6,2,12,0,0,0,1,1,36264,6,1,0,0,3,0,63,132,0,0,0,0,0,0,0,0,0,0,0,0,0,0,1,7,50,1,6,2,1,3,3,1,62,1,1,1,98,"777777777777","777777777777","777777777777",0,0
1,10878,5,5,1,23,12,19,28,12,6,1,0,1,2,6,51,6051,4,2006,"2C3LA63H16H3","2","C","3","L","A","6","3","H","1","6","H","3",0,0,0,"000000000","00000000000",0,0,0,1,0,0,0,0,0,0,0,35,0,0,0,8,2,5,54,0,0,0,1,1,36203,6,1,0,0,3,0,70,170,1,0,0,0,0,7,2013,7,2013,0,0,0,0,0,1,7,50,1,6,2,1,3,3,1,90,1,1,1,98,"777777777777","777777777777","777777777777",0,0
1,10879,1,1,1,23,12,12,25,23,0,1,0,1,1,6,441,6441,20,2006,"2A8GP64L46R9","2","A","8","G","P","6","4","L","4","6","R","9",0,0,0,"000000000","00000000000",0,0,0,1,0,0,0,0,0,0,0,20,0,0,0,6,2,5,23,0,0,0,1,1,35744,6,1,0,0,3,0,71,268,0,0,0,0,0,0,0,0,0,0,31,0,0,0,1,2,45,1,1,1,1,0,0,13,12,1,1,4,98,"777777777777","777777777777","777777777777",1,0
1,10880,1,1,1,24,12,13,15,42,0,1,0,1,1,55,401,55401,14,2013,"KM8SRDHF6DU0","K","M","8","S","R","D","H","F","6","D","U","0",0,0,0,"000000000","00000000000",0,0,0,1,0,0,0,0,0,0,0,65,0,0,0,10,6,2,42,0,0,0,1,1,36264,6,1,0,0,3,1,66,110,3,0,0,0,0,10,2015,6,2016,0,28,58,0,0,1,2,55,2,6,2,1,0,0,14,13,6,1,4,6,"777777777777","777777777777","777777777777",1,0
1,10881,1,1,1,24,12,16,0,59,0,1,0,92,0,76,734,76734,90,1997,"JY43GGA08VA1","J","Y","4","3","G","G","A","0","8","V","A","1",0,0,0,"000000000","00000000000",0,0,0,1,0,0,0,0,0,0,0,999,0,0,0,99,6,2,99,0,0,0,1,1,36105,6,1,0,0,3,0,62,150,0,0,0,0,0,0,0,0,0,9,0,0,0,0,1,2,25,1,1,2,1,0,0,1,13,99,1,4,1,"777777777777","777777777777","777777777777",1,0
1,10882,1,1,2,25,12,23,15,59,0,1,0,1,1,14,6,14006,4,2006,"2MEFM74V86X6","2","M","E","F","M","7","4","V","8","6","X","6",0,0,0,"000000000","00000000000",0,0,0,1,0,0,0,0,0,0,0,75,0,0,0,9,6,2,34,0,0,0,1,1,35007,6,1,0,0,3,1,68,188,0,0,0,0,0,0,0,0,0,3,28,0,0,0,1,2,55,1,1,2,1,0,0,1,12,99,3,4,7,"777777777777","777777777777","777777777777",1,1
1,10883,1,1,3,24,12,18,30,8,0,1,0,13,2,20,2,20002,4,2006,"2G1WT58K7691","2","G","1","W","T","5","8","K","7","6","9","1",0,0,0,"000000000","00000000000",0,0,0,1,0,0,0,0,0,0,0,45,0,0,0,12,6,2,8,0,0,0,1,13,31907,6,1,0,0,3,0,70,135,98,0,0,0,1,1,2013,1,2013,0,0,0,0,0,5,5,45,1,1,2,1,0,0,1,80,1,1,1,13,"777777777777","777777777777","777777777777",0,1
1,10884,1,2,1,25,12,18,6,12,6,1,0,1,1,52,48,52048,4,2017,"ML32F3FJ5HHF","M","L","3","2","F","3","F","J","5","H","H","F",0,0,0,"000000000","00000000000",0,0,0,1,0,0,0,0,0,0,0,999,0,1,1,3,6,2,12,0,0,0,1,1,36051,6,1,0,0,3,1,70,220,2,0,0,0,0,5,2015,6,2016,0,89,38,0,0,2,4,55,1,1,2,1,3,3,11,15,99,1,1,68,"777777777777","777777777777","777777777777",1,0
1,10884,2,2,1,25,12,18,6,12,6,1,0,1,1,34,34,34034,2,2009,"WBAWB33569P1","W","B","A","W","B","3","3","5","6","9","P","1",0,0,0,"000000000","00000000000",0,0,0,1,0,0,0,0,0,0,0,999,0,0,0,12,6,2,12,0,0,0,1,1,36117,1,1,0,0,2,0,72,145,0,0,0,1,0,6,2013,6,2013,9,0,0,0,0,2,4,55,1,1,2,1,3,3,1,62,99,1,9,69,"777777777777","777777777777","777777777777",0,0
1,10885,1,2,2,25,12,19,12,12,6,1,0,1,1,49,32,49032,4,2013,"5YFBU4EE8DP1","5","Y","F","B","U","4","E","E","8","D","P","1",0,0,0,"000000000","00000000000",0,0,0,1,0,0,0,0,0,0,0,10,0,0,0,3,6,2,12,0,0,0,1,1,36879,6,1,0,0,3,0,66,135,2,0,0,0,0,11,2014,2,2015,0,38,0,0,0,2,4,65,1,6,2,1,0,0,12,21,1,1,1,98,"777777777777","777777777777","777777777777",1,0
1,10885,2,2,1,25,12,19,12,12,6,1,0,1,1,20,481,20481,31,2000,"1GCEK19T8YE1","1","G","C","E","K","1","9","T","8","Y","E","1",1,1,0,"000000000","00000000000",0,0,0,1,0,0,0,0,0,0,0,65,0,0,0,12,6,2,12,0,0,0,1,1,36804,6,1,6,0,3,0,69,175,1,0,0,0,3,10,2013,8,2016,0,0,0,0,0,2,4,65,1,6,2,1,0,0,1,62,16,1,1,98,"888888888888","777777777777","777777777777",0,0
1,10886,1,1,1,26,12,18,15,43,0,1,0,1,1,72,706,72706,80,2015,"1HD1BFV17FB0","1","H","D","1","B","F","V","1","7","F","B","0",0,0,0,"000000000","00000000000",0,0,0,1,0,0,0,0,0,0,0,40,0,0,0,12,6,2,43,0,0,0,1,1,35135,6,1,6,0,3,1,73,220,3,0,0,1,0,6,2015,12,2016,0,99,99,99,99,1,2,25,3,1,2,1,0,0,14,13,99,1,4,1,"777777777777","777777777777","777777777777",1,0
1,10887,1,1,1,26,12,0,20,42,0,1,0,1,1,12,401,12401,14,2006,"1FMEU62E26UA","1","F","M","E","U","6","2","E","2","6","U","A",0,0,0,"000000000","00000000000",0,0,0,1,0,0,0,0,0,0,0,999,0,0,0,12,6,2,42,0,0,0,1,1,36801,6,2,0,0,3,0,72,175,4,0,0,7,1,2,2012,9,2016,9,8,33,0,0,1,2,45,3,1,2,1,0,0,6,12,1,1,4,6,"777777777777","777777777777","777777777777",1,1
1,10888,1,2,1,26,12,12,10,12,2,1,0,1,2,20,482,20482,31,2002,"3GNEC13T52G1","3","G","N","E","C","1","3","T","5","2","G","1",0,0,0,"000000000","00000000000",0,0,0,1,0,0,0,0,0,0,0,10,0,0,0,12,4,3,12,0,0,0,1,1,36874,6,1,0,0,3,0,64,159,1,0,0,0,0,12,2013,12,2013,0,89,38,0,0,1,4,45,1,1,2,1,0,0,11,15,1,1,1,68,"777777777777","777777777777","777777777777",0,0
1,10888,2,2,1,26,12,12,10,12,2,1,0,1,1,72,706,72706,80,2016,"1HD1FBM10GB6","1","H","D","1","F","B","M","1","0","G","B","6",0,0,0,"000000000","00000000000",0,0,0,1,0,0,0,0,0,0,0,45,0,0,0,12,6,2,12,0,0,0,1,1,36867,6,1,0,0,3,0,67,145,1,0,0,0,0,5,2015,5,2015,0,0,0,0,0,1,4,45,1,1,2,1,0,0,1,62,99,1,1,69,"777777777777","777777777777","777777777777",1,0
1,10889,1,1,2,27,12,18,40,8,0,1,0,1,1,20,481,20481,31,2006,"2GCEC13T2612","2","G","C","E","C","1","3","T","2","6","1","2",0,0,0,"000000000","00000000000",0,0,0,1,0,0,0,0,0,0,0,999,0,0,0,11,2,3,8,0,0,0,1,1,36111,6,1,6,0,3,0,76,171,1,0,0,0,0,8,2012,8,2012,0,89,0,0,0,5,7,45,1,1,2,2,0,0,1,80,1,1,1,13,"777777777777","777777777777","777777777777",0,0
1,10890,1,3,2,27,12,13,20,12,6,1,0,48,1,19,22,19022,4,2010,"1G6KH5EY1AU1","1","G","6","K","H","5","E","Y","1","A","U","1",0,0,0,"000000000","00000000000",0,0,0,1,0,0,0,0,0,0,0,10,0,0,0,9,6,2,12,0,0,0,1,48,77433,6,1,0,0,3,1,999,999,0,0,0,0,0,0,0,0,0,0,38,0,0,0,1,2,35,1,1,2,1,20,3,11,15,1,1,1,82,"777777777777","777777777777","777777777777",1,0
1,10890,2,3,1,27,12,13,20,12,6,1,0,1,3,98,809,98809,63,2006,"2FZHAZCG06AW","2","F","Z","H","A","Z","C","G","0","6","A","W",0,0,88,"888888888","88888888888",3,2,4,1,0,0,0,0,0,0,0,35,0,0,0,12,6,2,12,0,0,0,1,1,36041,6,1,6,0,3,1,73,260,0,0,0,0,0,0,0,0,0,0,0,0,0,0,1,3,35,1,1,2,1,0,0,1,67,99,1,1,83,"777777777777","777777777777","777777777777",0,0
1,10890,3,3,3,27,12,13,20,12,6,1,0,1,2,20,421,20421,15,2013,"1GNSCBE05DR1","1","G","N","S","C","B","E","0","5","D","R","1",0,0,0,"000000000","00000000000",0,0,0,1,0,0,0,0,0,0,0,0,0,0,0,12,6,2,12,0,0,0,1,1,36064,6,1,0,0,3,1,68,145,0,0,0,0,0,0,0,0,0,0,0,0,0,0,1,3,35,1,1,2,1,0,0,5,62,1,1,1,98,"777777777777","777777777777","777777777777",0,0
1,10891,1,1,1,28,12,18,15,35,0,1,0,1,1,20,24,20024,6,2009,"1GNER23D29S1","1","G","N","E","R","2","3","D","2","9","S","1",0,0,0,"000000000","00000000000",0,0,0,1,0,0,0,0,0,0,0,40,0,1,5,12,6,2,1,0,0,0,1,1,35747,6,1,0,0,3,0,67,300,0,0,0,0,0,0,0,0,0,0,28,0,0,0,1,2,40,2,6,2,1,0,0,14,12,99,1,4,6,"777777777777","777777777777","777777777777",1,0
1,10892,1,1,2,28,12,22,40,35,0,1,0,1,2,20,2,20002,4,2006,"2G1WB58K7694","2","G","1","W","B","5","8","K","7","6","9","4",0,0,0,"000000000","00000000000",0,0,0,1,0,0,0,0,0,0,0,70,0,0,0,12,6,2,35,0,0,0,1,1,36201,2,1,0,0,2,0,66,138,0,1,0,2,1,9,2013,10,2016,4,8,37,0,0,1,2,30,3,1,2,1,0,0,14,6,99,2,4,2,"777777777777","777777777777","777777777777",1,0
1,10893,1,2,1,30,12,13,45,12,6,1,0,1,2,63,398,63398,4,2004,"KNAFE1213450","K","N","A","F","E","1","2","1","3","4","5","0",0,0,0,"000000000","00000000000",0,0,0,1,0,0,0,0,0,0,0,25,3,0,0,12,6,2,12,0,0,0,1,1,36763,6,1,0,0,3,0,68,248,0,0,0,0,0,0,0,0,0,0,38,0,0,0,1,2,30,1,1,2,1,0,0,1,17,1,1,1,88,"777777777777","777777777777","777777777777",1,0
1,10893,2,2,2,30,12,13,45,12,6,1,0,1,3,84,884,84884,66,2014,"3HSDJAPR9EN0","3","H","S","D","J","A","P","R","9","E","N","0",1,1,57,"2865464","572865464",3,6,1,1,0,0,0,0,0,0,0,30,0,0,0,8,6,2,12,0,0,0,1,1,36749,6,1,6,0,3,1,67,160,0,0,0,3,0,5,2012,1,2016,0,89,0,0,0,1,2,30,1,1,2,1,0,0,1,66,99,1,1,89,"888888888888","777777777777","777777777777",0,0
1,10894,1,1,4,31,12,20,40,42,0,1,0,92,0,98,739,98739,90,2016,"3NSRCA576GG5","3","N","S","R","C","A","5","7","6","G","G","5",0,0,0,"000000000","00000000000",0,0,0,1,0,0,0,0,0,0,0,45,0,1,5,12,6,2,1,0,0,0,1,1,35652,6,1,0,0,3,0,67,155,0,0,0,1,0,7,2014,7,2014,0,0,0,0,0,1,2,45,1,5,2,2,0,0,1,13,1,1,4,1,"777777777777","777777777777","777777777777",3,1
1,10895,1,1,2,31,12,7,20,42,0,1,0,1,1,37,33,37033,2,1993,"JHMBB2251PC0","J","H","M","B","B","2","2","5","1","P","C","0",0,0,0,"000000000","00000000000",0,0,0,1,0,0,0,0,0,0,0,100,0,0,0,6,6,2,42,0,0,0,1,1,35601,1,1,0,0,2,1,67,125,0,1,0,0,1,7,2014,8,2016,3,58,0,0,0,1,2,55,1,1,2,1,0,0,1,13,6,4,4,7,"777777777777","777777777777","777777777777",2,0