"STATE","ST_CASE","VEH_NO","VE_FORMS","NUMOCCS","DAY","MONTH","HOUR","MINUTE","HARM_EV","MAN_COLL","UNITTYPE","HIT_RUN","REG_STAT","OWNER","MAKE","MODEL","MAK_MOD","BODY_TYP","MOD_YEAR","VIN","VIN_1","VIN_2","VIN_3","VIN_4","VIN_5","VIN_6","VIN_7","VIN_8","VIN_9","VIN_10","VIN_11","VIN_12","TOW_VEH","J_KNIFE","MCARR_I1","MCARR_I2","MCARR_ID","GVWR","V_CONFIG","CARGO_BT","HAZ_INV","HAZ_PLAC","HAZ_ID","HAZ_CNO","HAZ_REL","BUS_USE","SPEC_USE","EMER_USE","TRAV_SP","UNDERIDE","ROLLOVER","ROLINLOC","IMPACT1","DEFORMED","TOWED","M_HARM","VEH_SC1","VEH_SC2","FIRE_EXP","DR_PRES","L_STATE","DR_ZIP","L_STATUS","L_TYPE","CDL_STAT","L_ENDORS","L_COMPL","L_RESTRI","DR_HGT","DR_WGT","PREV_ACC","PREV_SUS","PREV_DWI","PREV_SPD","PREV_OTH","FIRST_MO","FIRST_YR","LAST_MO","LAST_YR","SPEEDREL","DR_SF1","DR_SF2","DR_SF3","DR_SF4","VTRAFWAY","VNUM_LAN","VSPD_LIM","VALIGN","VPROFILE","VPAVETYP","VSURCOND","VTRAFCON","VTCONT_F","P_CRASH1","P_CRASH2","P_CRASH3","PCRASH4","PCRASH5","ACC_TYPE","TRLR1VIN","TRLR2VIN","TRLR3VIN","DEATHS","DR_DRINK"
2,20017,1,1,1,23,4,1,31,1,0,1,0,0,0,98,734,98734,90,1999,"4XACH33A2XA0","4","X","A","C","H","3","3","A","2","X","A","0",0,0,0,"000000000","00000000000",0,0,0,1,0,0,0,0,0,0,0,998,0,1,1,0,2,3,1,0,0,0,1,2,99712,6,1,0,0,3,0,72,225,0,1,0,0,0,6,2011,6,2011,4,58,0,0,0,1,2,99,1,1,5,1,0,0,1,6,7,5,2,98,"777777777777","777777777777","777777777777",1,1
2,20018,1,2,1,28,4,4,32,12,8,1,0,2,1,82,881,82881,64,2002,"1FVABPAL92HJ","1","F","V","A","B","P","A","L","9","2","H","J",0,0,88,"888888888","88888888888",2,1,1,1,0,0,0,0,0,0,0,998,0,0,0,11,6,2,2,0,0,1,1,2,99712,6,1,0,0,3,0,71,230,0,0,0,1,1,11,2011,12,2014,0,28,0,0,0,1,2,65,1,1,2,1,0,0,1,10,99,1,2,64,"777777777777","777777777777","777777777777",1,1
2,20018,2,2,1,28,4,4,32,12,8,1,0,2,3,85,881,85881,66,2013,"1XKADP9X7DJ3","1","X","K","A","D","P","9","X","7","D","J","3",2,1,57,"00021800","5700021800",3,7,1,1,0,0,0,0,0,0,0,998,0,0,0,63,6,2,12,0,0,0,1,2,99705,6,1,6,1,3,0,71,204,0,0,0,0,1,12,2013,12,2013,0,0,0,0,0,1,2,65,1,1,2,1,0,0,1,62,99,1,1,65,"1KKVA45256L2","1KKVA45286L2","777777777777",0,0
2,20019,1,1,1,13,5,13,7,8,0,1,0,2,1,12,401,12401,14,1991,"1FMDU34X4MUC","1","F","M","D","U","3","4","X","4","M","U","C",0,0,0,"000000000","00000000000",0,0,0,1,0,0,0,0,0,0,0,998,0,0,0,12,2,5,8,0,0,0,1,16,99801,6,1,0,0,3,0,68,133,0,0,0,1,0,7,2015,7,2015,0,6,36,38,0,1,2,20,1,1,2,1,8,3,11,80,99,1,1,13,"777777777777","777777777777","777777777777",0,0
2,20020,1,1,1,23,5,21,49,1,0,1,0,2,1,20,471,20471,30,2002,"1GCDT13WX2K1","1","G","C","D","T","1","3","W","X","2","K","1",0,0,0,"000000000","00000000000",0,0,0,1,0,0,0,0,0,0,0,998,0,1,5,0,6,2,1,0,0,0,1,2,99709,6,1,0,0,3,3,67,188,0,0,0,0,0,0,0,0,0,9,0,0,0,0,1,2,55,3,2,2,1,0,0,14,13,6,4,4,1,"777777777777","777777777777","777777777777",1,1
2,20021,1,1,1,24,5,99,99,42,0,1,0,2,1,35,471,35471,30,1995,"1N6SD16Y0SC3","1","N","6","S","D","1","6","Y","0","S","C","3",0,0,0,"000000000","00000000000",0,0,0,1,0,0,0,0,0,0,0,998,0,0,0,12,6,2,42,0,0,0,1,2,99921,6,1,0,0,3,0,67,130,0,0,0,0,0,0,0,0,0,9,0,0,0,0,1,2,50,2,5,2,99,0,0,14,12,99,1,4,6,"777777777777","777777777777","777777777777",1,1
2,20022,1,1,1,30,5,5,23,34,0,1,0,2,2,35,402,35402,14,2005,"5N1AN08WX5C6","5","N","1","A","N","0","8","W","X","5","C","6",0,0,0,"000000000","00000000000",0,0,0,1,0,0,0,0,0,0,0,998,0,1,5,12,6,2,1,0,0,0,1,41,99652,6,1,0,0,3,0,71,195,1,1,0,2,3,7,2012,7,2015,4,0,0,0,0,1,2,45,2,1,2,2,0,0,14,6,99,2,4,7,"777777777777","777777777777","777777777777",1,1
2,20023,1,1,1,31,5,22,26,8,0,1,0,2,1,87,884,87884,66,2012,"1XPXD49X1CD1","1","X","P","X","D","4","9","X","1","C","D","1",2,1,57,"593303","57593303",3,7,2,1,0,0,0,0,0,0,0,998,0,0,0,1,4,5,8,0,0,0,1,2,99712,6,1,6,1,3,0,70,250,0,0,0,0,0,0,0,0,0,0,0,0,0,0,1,4,55,1,1,2,1,0,0,1,80,15,2,1,13,"5HTNL4841E5G","5HTLL4249E5D","777777777777",0,0
2,20024,1,1,1,5,6,14,4,99,99,1,0,0,0,99,709,99709,88,9999,"000000000000","0","0","0","0","0","0","0","0","0","0","0","0",0,0,0,"000000000","00000000000",0,0,0,1,0,0,0,0,0,0,0,998,0,0,0,0,4,3,5,35,0,0,1,2,99603,6,1,0,0,1,0,68,160,0,0,0,0,0,0,0,0,0,4,52,82,87,0,1,2,25,1,1,5,2,0,0,99,99,99,9,9,99,"777777777777","777777777777","777777777777",1,0
2,20025,1,1,2,10,6,99,99,1,0,1,9,2,2,20,481,20481,31,2007,"1GCEK19B57Z1","1","G","C","E","K","1","9","B","5","7","Z","1",0,0,0,"000000000","00000000000",0,0,0,1,0,0,0,0,0,0,0,998,0,1,5,0,4,5,1,0,0,0,1,99,99999,9,9,99,9,9,9,999,999,99,99,99,99,99,99,9999,99,9999,9,99,99,99,99,1,2,20,2,1,5,1,0,0,14,6,99,9,9,7,"777777777777","777777777777","777777777777",1,0
2,20026,1,1,10,14,6,18,0,1,0,1,0,2,3,20,461,20461,21,2010,"1GAHG39R1212","1","G","A","H","G","3","9","R","1","2","1","2",0,0,0,"000000000","00000000000",0,0,0,1,0,0,0,0,0,0,0,998,0,2,1,0,6,2,1,0,0,0,1,2,99501,0,0,0,0,1,0,67,265,0,0,0,0,0,0,0,0,0,3,6,36,58,0,1,2,25,1,2,5,1,0,0,1,13,6,1,6,98,"777777777777","777777777777","777777777777",3,1
2,20027,1,1,2,24,6,5,23,1,0,1,0,2,1,12,401,12401,14,1991,"1FMDU34X3MUD","1","F","M","D","U","3","4","X","3","M","U","D",0,0,0,"000000000","00000000000",0,0,0,1,0,0,0,0,0,0,0,998,0,1,6,0,6,2,1,0,0,0,1,2,99801,6,1,0,0,3,0,69,145,0,0,0,0,0,0,0,0,0,4,6,0,0,0,1,2,0,3,1,5,11,0,0,14,6,99,1,4,1,"777777777777","777777777777","777777777777",1,1
2,20028,1,1,1,25,6,19,54,1,0,1,0,2,1,76,705,76705,80,2005,"JYARJ06EX5A0","J","Y","A","R","J","0","6","E","X","5","A","0",0,0,0,"000000000","00000000000",0,0,0,1,0,0,0,0,0,0,0,998,0,0,0,0,6,2,5,0,0,0,1,20,66441,1,1,0,0,2,0,71,160,0,1,0,0,0,1,2012,1,2012,5,36,0,0,0,2,3,45,1,1,2,1,2,3,3,6,99,2,4,2,"777777777777","777777777777","777777777777",1,0
2,20029,1,1,2,28,6,5,2,52,0,1,0,2,2,37,31,37031,4,2001,"2HGES16531H5","2","H","G","E","S","1","6","5","3","1","H","5",0,0,0,"000000000","00000000000",0,0,0,1,0,0,0,0,0,0,0,998,0,0,0,12,6,2,58,0,0,0,1,2,99712,6,2,0,0,3,2,67,170,0,0,0,0,0,0,0,0,0,3,52,58,73,0,1,2,55,3,1,2,1,0,0,14,6,99,9,4,7,"777777777777","777777777777","777777777777",1,0
2,20030,1,1,6,29,6,22,35,1,0,1,0,2,2,7,402,7402,14,2000,"1B4HS28N7YF1","1","B","4","H","S","2","8","N","7","Y","F","1",0,0,0,"000000000","00000000000",0,0,0,1,0,0,0,0,0,0,0,998,0,2,5,0,6,2,30,0,0,0,1,2,99901,6,1,0,0,3,0,64,296,0,0,0,0,0,0,0,0,0,3,0,0,0,0,1,2,45,3,1,2,1,0,0,14,6,99,2,4,2,"777777777777","777777777777","777777777777",1,1
2,20031,1,1,1,30,6,16,10,9,0,1,0,2,3,12,481,12481,31,2010,"1FDWF3H54AEA","1","F","D","W","F","3","H","5","4","A","E","A",1,1,88,"888888888","88888888888",2,4,3,1,0,0,0,0,0,0,0,998,0,0,0,3,2,5,9,0,0,0,1,2,99635,6,1,0,0,3,0,72,200,0,0,0,1,1,1,2013,3,2014,0,0,0,0,0,1,2,55,1,1,2,1,0,0,1,83,6,1,1,13,"888888888888","777777777777","777777777777",0,0
2,20032,1,1,1,3,7,17,45,17,0,1,0,0,0,76,734,76734,90,2016,"5Y4AMA7Y1GA1","5","Y","4","A","M","A","7","Y","1","G","A","1",0,0,0,"000000000","00000000000",0,0,0,1,0,0,0,0,0,0,0,998,0,0,0,1,9,2,17,0,0,0,1,2,99502,6,1,0,0,1,0,67,148,1,0,0,3,0,7,2011,12,2011,0,0,0,0,0,1,2,0,3,2,5,2,0,0,14,13,99,1,4,1,"777777777777","777777777777","777777777777",1,1
2,20033,1,1,4,4,7,7,27,33,0,1,0,2,3,12,461,12461,21,2004,"1FBSS31L44HA","1","F","B","S","S","3","1","L","4","4","H","A",0,0,0,"000000000","00000000000",0,0,0,1,0,0,0,0,0,0,0,998,0,1,5,12,6,2,35,0,0,0,1,2,99833,6,1,0,0,3,0,75,196,0,0,1,0,1,6,2012,12,2012,0,4,36,0,0,1,2,25,1,1,2,1,0,0,1,8,99,9,4,7,"777777777777","777777777777","777777777777",2,1
2,20034,1,2,1,3,5,15,9,12,2,1,0,2,2,14,401,14401,14,2000,"4M2ZU86P4YUJ","4","M","2","Z","U","8","6","P","4","Y","U","J",0,0,0,"000000000","00000000000",0,0,0,1,0,0,0,0,0,0,0,998,0,0,0,12,6,2,12,0,0,0,1,2,99508,0,0,0,0,0,0,999,999,99,99,99,99,99,99,9999,99,9999,0,36,0,0,0,5,5,50,1,1,2,1,0,0,1,10,99,1,2,50,"777777777777","777777777777","777777777777",0,0
2,20034,2,2,1,3,5,15,9,12,2,1,0,2,1,48,401,48401,14,2007,"JF1SG63617H7","J","F","1","S","G","6","3","6","1","7","H","7",0,0,0,"000000000","00000000000",0,0,0,1,0,0,0,0,0,0,0,998,0,0,0,12,6,2,12,0,0,0,1,2,99504,6,1,0,0,3,3,63,138,0,0,0,0,0,0,0,0,0,0,0,0,0,0,5,5,50,1,1,2,1,0,0,1,62,99,1,1,51,"777777777777","777777777777","777777777777",1,0
2,20035,1,1,1,31,3,16,2,34,0,1,0,2,1,37,706,37706,80,2010,"1HFSC47LXAA9","1","H","F","S","C","4","7","L","X","A","A","9",0,0,0,"000000000","00000000000",0,0,0,1,0,0,0,0,0,0,0,998,0,0,0,12,4,3,34,0,0,0,1,2,99623,6,1,0,0,3,0,70,300,0,0,0,0,0,0,0,0,0,0,0,0,0,0,1,2,45,3,1,2,1,0,0,14,13,99,1,4,1,"777777777777","777777777777","777777777777",1,0
2,20036,1,1,1,6,7,15,13,42,0,1,0,2,1,20,482,20482,31,2007,"3GNFK12387G1","3","G","N","F","K","1","2","3","8","7","G","1",0,0,0,"000000000","00000000000",0,0,0,1,0,0,0,0,0,0,0,998,0,0,0,12,6,2,42,0,0,0,1,2,99623,6,1,0,0,3,1,65,210,0,0,0,3,0,12,2011,3,2016,0,0,0,0,0,1,2,55,1,1,2,1,0,0,1,12,99,1,4,6,"777777777777","777777777777","777777777777",1,0
2,20037,1,1,1,11,7,8,40,34,0,1,0,2,1,20,2,20002,4,2006,"2G1WB55K3692","2","G","1","W","B","5","5","K","3","6","9","2",0,0,0,"000000000","00000000000",0,0,0,1,0,0,0,0,0,0,0,998,0,1,6,12,6,2,1,0,0,0,1,2,99503,2,1,0,0,2,2,61,140,1,2,1,0,0,6,2014,2,2015,4,74,0,0,0,1,2,65,2,6,2,2,0,0,14,12,99,1,4,6,"777777777777","777777777777","777777777777",1,1
2,20038,1,1,5,13,7,1,5,33,0,1,1,2,2,7,442,7442,20,1998,"1B4GP54L7WB5","1","B","4","G","P","5","4","L","7","W","B","5",0,0,0,"000000000","00000000000",0,0,0,1,0,0,0,0,0,0,0,998,0,1,5,1,6,2,1,0,0,0,1,2,99501,3,1,0,0,2,0,74,185,0,0,0,0,1,2,2013,2,2013,3,6,91,0,0,2,4,40,3,6,2,1,0,0,14,6,99,4,4,2,"777777777777","777777777777","777777777777",1,1
2,20039,1,1,1,16,7,1,50,34,0,1,0,2,2,20,431,20431,16,1995,"1GNGK26N9SJ3","1","G","N","G","K","2","6","N","9","S","J","3",0,0,0,"000000000","00000000000",0,0,0,1,0,0,0,0,0,0,0,998,0,1,5,12,6,2,1,0,0,0,1,2,99737,6,1,0,0,3,0,73,180,0,0,0,0,0,0,0,0,0,4,0,0,0,0,1,2,65,2,2,2,2,0,0,14,12,99,1,4,6,"777777777777","777777777777","777777777777",1,1
2,20040,1,2,2,18,7,15,50,12,6,1,0,2,2,23,421,23421,15,2003,"1GKEK13V73J2","1","G","K","E","K","1","3","V","7","3","J","2",0,0,0,"000000000","00000000000",0,0,0,1,0,0,0,0,0,0,0,998,0,1,5,82,6,2,3,0,0,0,1,2,99709,6,1,0,0,3,0,61,112,0,0,0,0,0,0,0,0,0,4,58,0,0,0,1,2,55,3,2,2,1,0,0,14,10,99,1,2,64,"777777777777","777777777777","777777777777",2,0
2,20040,2,2,1,18,7,15,50,12,6,1,0,2,1,12,481,12481,31,2011,"1FT8W3BT6BEC","1","F","T","8","W","3","B","T","6","B","E","C",0,0,0,"000000000","00000000000",0,0,0,1,0,0,0,0,0,0,0,998,0,0,0,12,6,2,12,0,0,0,1,2,99701,6,1,0,0,3,3,75,280,0,0,0,0,0,0,0,0,0,0,0,0,0,0,1,2,55,2,2,2,1,0,0,14,62,7,1,2,65,"777777777777","777777777777","777777777777",0,0
2,20041,1,1,1,29,7,7,58,1,0,1,0,2,3,87,884,87884,63,2000,"1NPAL00XXYD5","1","N","P","A","L","0","0","X","X","Y","D","5",0,0,57,"1067867","571067867",3,2,7,1,0,0,0,0,0,0,0,998,0,1,1,0,6,2,1,0,0,0,1,2,99683,6,1,6,0,3,0,72,300,0,0,0,0,0,0,0,0,0,0,0,0,0,0,1,3,55,1,5,2,2,0,0,1,13,6,3,6,98,"777777777777","777777777777","777777777777",1,0
2,20042,1,2,1,30,7,15,4,12,6,1,0,2,2,20,23,20023,6,2007,"3GNDA23D97S5","3","G","N","D","A","2","3","D","9","7","S","5",0,0,0,"000000000","00000000000",0,0,0,1,0,0,0,0,0,0,0,998,0,0,0,12,6,2,12,0,0,0,1,2,99611,2,1,0,0,2,0,69,170,0,0,0,0,0,0,0,0,0,9,33,0,0,0,5,3,55,1,1,2,1,0,0,6,10,6,1,2,58,"777777777777","777777777777","777777777777",1,0
2,20042,2,2,2,30,7,15,4,12,6,1,0,2,1,23,422,23422,15,2005,"1GKEC16Z35J1","1","G","K","E","C","1","6","Z","3","5","J","1",0,0,0,"000000000","00000000000",0,0,0,1,0,0,0,0,0,0,0,998,0,0,0,11,6,2,12,0,0,0,1,2,99669,6,1,0,0,3,1,74,250,0,0,0,0,0,0,0,0,0,0,0,0,0,0,5,3,55,1,1,2,1,0,0,1,62,7,1,1,59,"777777777777","777777777777","777777777777",1,1
2,20043,1,1,1,1,8,99,99,34,0,1,0,12,1,76,706,76706,80,2003,"JYARN07E33A0","J","Y","A","R","N","0","7","E","3","3","A","0",0,0,0,"000000000","00000000000",0,0,0,1,0,0,0,0,0,0,0,998,0,0,0,12,6,2,34,0,0,0,1,12,99686,6,1,0,0,3,0,73,165,1,0,0,1,3,6,2013,6,2015,3,36,89,0,0,1,2,65,3,1,2,99,0,0,14,13,99,1,4,1,"777777777777","777777777777","777777777777",1,1
2,20044,1,2,2,5,8,3,5,33,0,1,0,99,9,37,32,37032,4,9999,"888888888888","8","8","8","8","8","8","8","8","8","8","8","8",0,0,0,"000000000","00000000000",0,0,0,1,0,0,0,0,0,0,0,998,0,0,0,14,6,2,12,0,0,0,1,2,99508,0,0,0,0,0,0,75,189,0,0,0,0,2,8,2015,6,2016,5,91,0,0,0,2,3,55,1,1,2,98,0,0,1,10,99,1,4,6,"777777777777","777777777777","777777777777",1,1
2,20044,2,2,1,5,8,3,5,33,0,1,0,2,1,7,482,7482,31,2007,"1D7HU18247S1","1","D","7","H","U","1","8","2","4","7","S","1",0,0,0,"000000000","00000000000",0,0,0,1,0,0,0,0,0,0,0,998,0,0,0,11,6,2,12,0,0,0,1,2,99645,6,1,0,0,3,0,71,195,0,0,0,2,0,6,2013,2,2014,0,0,0,0,0,2,3,45,1,1,2,2,0,0,1,64,7,1,1,98,"777777777777","777777777777","777777777777",0,0
2,20045,1,1,1,6,8,3,39,8,0,1,1,99,9,99,999,99999,99,9999,"999999999999","9","9","9","9","9","9","9","9","9","9","9","9",0,0,0,"000000000","00000000000",0,0,0,1,0,0,0,0,0,0,0,998,0,0,0,99,9,5,8,99,99,0,1,99,99999,9,9,99,9,9,9,999,999,99,99,99,99,99,99,9999,99,9999,9,99,99,99,99,2,3,65,1,1,2,2,0,0,99,99,99,1,3,13,"777777777777","777777777777","777777777777",0,0
2,20046,1,1,2,9,8,19,10,1,0,1,0,2,2,12,401,12401,14,1997,"1FMDU32P2VZA","1","F","M","D","U","3","2","P","2","V","Z","A",0,0,0,"000000000","00000000000",0,0,0,1,0,0,0,0,0,0,0,998,0,2,1,0,6,2,1,0,0,0,1,2,99586,6,1,0,0,3,0,62,130,0,0,0,0,0,0,0,0,0,3,36,58,0,0,1,2,35,3,1,2,1,0,0,14,6,7,3,2,98,"777777777777","777777777777","777777777777",1,1
2,20047,1,1,2,9,8,23,25,30,0,1,0,2,2,35,472,35472,30,2002,"1N6ED29Y02C3","1","N","6","E","D","2","9","Y","0","2","C","3",0,0,0,"000000000","00000000000",0,0,0,1,0,0,0,0,0,0,0,998,0,0,0,3,6,2,30,0,0,0,1,2,99574,2,1,0,0,1,0,75,185,0,1,0,1,0,7,2015,8,2016,4,36,58,87,91,1,2,30,3,5,2,2,0,0,14,6,99,3,4,2,"777777777777","777777777777","777777777777",1,1
2,20048,1,1,2,10,8,0,35,35,0,1,0,2,2,2,404,2404,14,2001,"1J4FF48S01L5","1","J","4","F","F","4","8","S","0","1","L","5",0,0,0,"000000000","00000000000",0,0,0,1,0,0,0,0,0,0,0,998,0,1,6,99,6,2,1,0,0,0,1,2,99669,6,1,0,0,3,3,65,175,0,0,0,3,0,5,2013,2,2014,3,0,0,0,0,1,2,55,3,1,2,1,0,0,14,13,99,1,4,1,"777777777777","777777777777","777777777777",1,0
2,20049,1,1,2,11,8,18,10,5,0,1,0,0,0,37,733,37733,90,2001,"478TE2106141","4","7","8","T","E","2","1","0","6","1","4","1",0,0,0,"000000000","00000000000",0,0,0,1,0,0,0,0,0,0,0,10,0,0,0,0,0,5,5,0,0,0,1,2,99508,0,0,0,0,1,0,999,999,0,0,0,0,0,0,0,0,0,0,27,82,0,0,1,2,0,1,2,4,11,0,0,1,5,6,5,2,0,"777777777777","777777777777","777777777777",1,0
2,20050,1,2,1,22,8,16,8,12,2,1,0,2,1,6,18,6018,4,2015,"1C3CCCDG6FN6","1","C","3","C","C","C","D","G","6","F","N","6",0,0,0,"000000000","00000000000",0,0,0,1,0,0,0,0,0,0,0,998,0,0,0,12,6,2,12,0,0,0,1,2,99623,6,1,0,0,3,9,67,214,0,0,0,0,0,0,0,0,0,3,99,99,99,99,1,3,65,2,2,2,1,0,0,14,10,99,1,2,50,"777777777777","777777777777","777777777777",1,0
2,20050,2,2,3,22,8,16,8,12,2,1,0,4,4,23,881,23881,62,2006,"1GDG5C1G46F9","1","G","D","G","5","C","1","G","4","6","F","9",0,0,88,"888888888","88888888888",2,1,1,1,0,0,0,0,0,0,0,998,0,0,0,12,6,2,12,0,0,0,1,2,99737,6,1,0,0,3,3,62,155,0,0,0,0,0,0,0,0,0,0,0,0,0,0,1,3,65,3,2,2,1,0,0,14,62,99,1,1,51,"777777777777","777777777777","777777777777",0,0
2,20051,1,1,1,5,9,5,38,8,0,1,1,99,9,99,399,99399,8,9999,"999999999999","9","9","9","9","9","9","9","9","9","9","9","9",0,0,0,"000000000","00000000000",0,0,0,1,0,0,0,0,0,0,0,998,0,0,0,12,4,5,8,0,0,0,1,2,99508,6,1,0,0,3,3,70,168,1,0,0,0,3,12,2013,3,2015,9,91,0,0,0,4,6,40,1,1,2,2,2,3,99,80,99,1,3,13,"777777777777","777777777777","777777777777",0,0
2,20052,1,1,1,10,9,0,19,1,0,1,0,2,1,7,482,7482,31,2004,"3D7KU28C44G1","3","D","7","K","U","2","8","C","4","4","G","1",0,0,0,"000000000","00000000000",0,0,0,1,0,0,0,0,0,0,0,998,0,1,5,0,6,2,1,0,0,0,1,2,99603,6,1,0,0,3,0,74,185,1,2,1,2,0,5,2012,5,2016,3,36,58,89,0,1,2,45,1,1,2,1,0,0,1,13,6,3,4,1,"777777777777","777777777777","777777777777",1,1
2,20053,1,1,1,11,9,4,59,1,0,1,0,2,1,12,481,12481,31,1997,"1FTDX1729VKC","1","F","T","D","X","1","7","2","9","V","K","C",0,0,0,"000000000","00000000000",0,0,0,1,0,0,0,0,0,0,0,998,0,1,5,0,6,2,1,0,0,0,1,2,99515,1,1,0,0,1,0,63,120,1,2,0,1,1,6,2013,9,2016,3,58,89,0,0,1,2,55,3,1,2,1,28,3,14,6,99,5,4,2,"777777777777","777777777777","777777777777",1,1
2,20054,1,1,3,25,9,0,20,24,0,1,0,2,1,7,26,7026,4,2011,"1B3BD4FB8BN5","1","B","3","B","D","4","F","B","8","B","N","5",0,0,0,"000000000","00000000000",0,0,0,1,0,0,0,0,0,0,0,998,0,0,0,11,6,2,25,0,0,0,1,2,99504,6,1,0,0,3,0,62,175,1,0,0,1,1,1,2013,2,2014,9,91,0,0,0,3,3,65,3,1,2,2,0,0,15,12,99,1,4,6,"777777777777","777777777777","777777777777",1,0
2,20055,1,2,3,25,9,14,31,12,2,1,0,2,2,21,441,21441,20,1990,"1GHCU06D9LT3","1","G","H","C","U","0","6","D","9","L","T","3",0,0,0,"000000000","00000000000",0,0,0,1,0,0,0,0,0,0,0,998,0,0,0,12,6,2,12,0,0,0,1,2,99645,6,1,0,0,3,0,73,190,0,0,0,3,0,10,2015,1,2016,0,4,36,51,91,1,2,55,1,1,2,1,0,0,1,10,99,1,2,50,"777777777777","777777777777","777777777777",0,0
2,20055,2,2,3,25,9,14,31,12,2,1,0,2,4,12,17,12017,4,2015,"1FAHP2H88FG1","1","F","A","H","P","2","H","8","8","F","G","1",0,0,0,"000000000","00000000000",0,0,0,1,0,0,0,0,0,0,0,998,0,0,0,12,6,2,12,0,0,0,1,41,99645,6,1,0,0,3,3,66,163,0,0,0,0,0,0,0,0,0,0,0,0,0,0,1,2,55,1,1,2,1,0,0,1,62,99,1,1,51,"777777777777","777777777777","777777777777",1,0
2,20056,1,1,1,30,9,23,53,8,0,1,0,0,0,37,734,37734,90,2006,"1HFTE2507645","1","H","F","T","E","2","5","0","7","6","4","5",0,0,0,"000000000","00000000000",0,0,0,1,0,0,0,0,0,0,0,998,0,0,0,12,6,2,8,0,0,0,1,2,99551,0,0,0,0,1,0,61,150,0,0,0,0,0,0,0,0,0,4,6,36,91,0,1,2,25,1,1,4,1,0,0,1,11,99,1,4,13,"777777777777","777777777777","777777777777",0,1
2,20057,1,1,1,9,10,9,50,35,0,1,0,2,2,23,481,23481,31,2006,"1GTEK19Z06E1","1","G","T","E","K","1","9","Z","0","6","E","1",0,0,0,"000000000","00000000000",0,0,0,1,0,0,0,0,0,0,0,998,0,1,5,14,6,2,1,0,0,0,1,2,99573,6,1,0,0,3,3,68,220,0,0,0,0,0,0,0,0,0,9,58,0,0,0,1,2,55,2,2,2,1,0,0,14,12,7,3,4,7,"777777777777","777777777777","777777777777",1,1
2,20058,1,1,1,15,10,0,15,42,0,1,0,2,1,12,481,12481,31,2000,"2FTRX08L2YCA","2","F","T","R","X","0","8","L","2","Y","C","A",0,0,0,"000000000","00000000000",0,0,0,1,0,0,0,0,0,0,0,998,0,0,0,9,6,2,42,0,0,0,1,2,99623,6,1,0,0,3,0,71,170,0,0,0,0,0,0,0,0,0,4,28,58,89,0,1,2,25,1,2,4,11,0,0,1,9,99,5,4,7,"777777777777","777777777777","777777777777",1,1
2,20059,1,1,1,22,10,14,51,34,0,1,0,2,1,23,481,23481,31,2005,"2GTEK19B9513","2","G","T","E","K","1","9","B","9","5","1","3",0,0,0,"000000000","00000000000",0,0,0,1,0,0,0,0,0,0,0,998,0,1,5,1,6,2,1,0,0,0,1,2,99701,6,1,0,0,3,0,71,155,0,0,0,1,0,4,2012,4,2012,4,99,99,99,99,1,2,50,3,6,2,4,0,0,14,13,99,1,4,1,"777777777777","777777777777","777777777777",1,1
2,20060,1,1,1,22,10,23,40,35,0,1,0,2,1,23,481,23481,31,2008,"3GTEK13M78G1","3","G","T","E","K","1","3","M","7","8","G","1",0,0,0,"000000000","00000000000",0,0,0,1,0,0,0,0,0,0,0,998,0,1,5,11,6,2,1,0,0,0,1,2,99610,6,1,0,0,3,0,72,200,0,0,0,0,0,0,0,0,0,3,6,36,0,0,1,2,55,3,1,2,1,0,0,14,13,99,1,4,1,"777777777777","777777777777","777777777777",1,1
2,20061,1,2,1,27,10,23,5,12,8,1,0,2,2,20,481,20481,31,1991,"1GDCK14K7MZ1","1","G","D","C","K","1","4","K","7","M","Z","1",0,0,0,"000000000","00000000000",0,0,0,1,0,0,0,0,0,0,0,998,0,0,0,11,6,2,12,0,0,0,1,2,99674,6,1,0,0,3,0,76,260,0,1,0,0,1,2,2014,12,2014,3,99,99,99,99,1,2,55,2,1,2,1,0,0,14,10,99,1,2,64,"777777777777","777777777777","777777777777",1,0
2,20061,2,2,2,27,10,23,5,12,8,1,0,2,1,12,481,12481,31,1997,"1FTHW26F8VEB","1","F","T","H","W","2","6","F","8","V","E","B",0,0,0,"000000000","00000000000",0,0,0,1,0,0,0,0,0,0,0,998,0,0,0,11,6,2,12,0,0,0,1,2,99654,6,1,0,0,3,0,64,170,0,0,0,0,0,0,0,0,0,0,0,0,0,0,1,2,55,3,1,2,1,0,0,14,62,7,1,2,65,"777777777777","777777777777","777777777777",0,0
2,20062,1,2,2,29,10,12,54,12,2,1,0,2,1,12,481,12481,31,2005,"1FTPX14535FB","1","F","T","P","X","1","4","5","3","5","F","B",0,0,0,"000000000","00000000000",0,0,0,1,0,0,0,0,0,0,0,998,0,0,0,12,6,2,12,0,0,0,1,2,99703,3,7,0,0,2,0,70,140,0,0,0,0,0,0,0,0,0,4,28,58,87,91,1,2,55,1,5,2,4,0,0,1,6,7,5,2,50,"777777777777","777777777777","777777777777",0,0
2,20062,2,2,1,29,10,12,54,12,2,1,0,2,1,49,402,49402,14,2014,"JTMBFREV7E50","J","T","M","B","F","R","E","V","7","E","5","0",0,0,0,"000000000","00000000000",0,0,0,1,0,0,0,0,0,0,0,998,0,0,0,12,6,2,12,0,0,0,1,2,99712,6,1,0,0,3,1,72,170,0,0,0,0,0,0,0,0,0,0,0,0,0,0,1,2,55,1,6,2,4,0,0,1,62,7,1,1,51,"777777777777","777777777777","777777777777",1,0