"STATE","ST_CASE","VEH_NO","VE_FORMS","NUMOCCS","DAY","MONTH","HOUR","MINUTE","HARM_EV","MAN_COLL","UNITTYPE","HIT_RUN","REG_STAT","OWNER","MAKE","MODEL","MAK_MOD","BODY_TYP","MOD_YEAR","VIN","VIN_1","VIN_2","VIN_3","VIN_4","VIN_5","VIN_6","VIN_7","VIN_8","VIN_9","VIN_10","VIN_11","VIN_12","TOW_VEH","J_KNIFE","MCARR_I1","MCARR_I2","MCARR_ID","GVWR","V_CONFIG","CARGO_BT","HAZ_INV","HAZ_PLAC","HAZ_ID","HAZ_CNO","HAZ_REL","BUS_USE","SPEC_USE","EMER_USE","TRAV_SP","UNDERIDE","ROLLOVER","ROLINLOC","IMPACT1","DEFORMED","TOWED","M_HARM","VEH_SC1","VEH_SC2","FIRE_EXP","DR_PRES","L_STATE","DR_ZIP","L_STATUS","L_TYPE","CDL_STAT","L_ENDORS","L_COMPL","L_RESTRI","DR_HGT","DR_WGT","PREV_ACC","PREV_SUS","PREV_DWI","PREV_SPD","PREV_OTH","FIRST_MO","FIRST_YR","LAST_MO","LAST_YR","SPEEDREL","DR_SF1","DR_SF2","DR_SF3","DR_SF4","VTRAFWAY","VNUM_LAN","VSPD_LIM","VALIGN","VPROFILE","VPAVETYP","VSURCOND","VTRAFCON","VTCONT_F","P_CRASH1","P_CRASH2","P_CRASH3","PCRASH4","PCRASH5","ACC_TYPE","TRLR1VIN","TRLR2VIN","TRLR3VIN","DEATHS","DR_DRINK"
4,40178,1,2,1,9,4,22,18,12,6,1,0,4,4,35,47,35047,4,2016,"1N4AL3AP7GN3","1","N","4","A","L","3","A","P","7","G","N","3",0,0,0,"000000000","00000000000",0,0,0,1,0,0,0,0,0,0,0,115,0,0,0,12,6,2,12,0,0,1,1,4,85641,6,1,0,0,3,0,72,175,0,0,0,0,0,0,0,0,0,3,0,0,0,0,2,2,40,1,1,8,1,0,0,1,17,99,9,9,83,"777777777777","777777777777","777777777777",1,1
4,40178,2,2,1,9,4,22,18,12,6,1,0,4,1,12,3,12003,1,2012,"1ZVBP8EM1C52","1","Z","V","B","P","8","E","M","1","C","5","2",0,0,0,"000000000","00000000000",0,0,0,1,0,0,0,0,0,0,0,10,0,0,0,62,6,2,12,0,0,0,1,4,85710,6,1,0,0,3,0,64,115,0,0,0,3,0,10,2011,3,2014,0,0,0,0,0,1,2,25,1,1,8,1,20,3,11,66,99,9,9,82,"777777777777","777777777777","777777777777",1,0
4,40179,1,2,2,10,4,0,2,12,6,1,0,4,2,59,421,59421,15,2005,"JTJHT00W8535","J","T","J","H","T","0","0","W","8","5","3","5",0,0,0,"000000000","00000000000",0,0,0,1,0,0,0,0,0,0,0,998,0,0,0,81,6,2,12,0,0,0,1,6,92707,6,1,0,0,3,0,67,140,0,0,0,1,0,11,2015,11,2015,0,38,0,0,0,1,2,55,1,1,2,1,0,0,11,15,99,1,1,68,"777777777777","777777777777","777777777777",0,0
4,40179,2,2,1,10,4,0,2,12,6,1,0,4,1,37,706,37706,80,1984,"1HFSC1419EA0","1","H","F","S","C","1","4","1","9","E","A","0",0,0,0,"000000000","00000000000",0,0,0,1,0,0,0,0,0,0,0,998,0,0,0,12,6,2,12,0,0,0,1,4,86404,6,1,0,0,3,0,70,200,0,0,0,0,0,0,0,0,0,0,99,99,99,99,1,2,55,1,1,2,1,0,0,1,62,1,1,1,69,"777777777777","777777777777","777777777777",1,1
4,40180,1,1,1,10,4,17,13,33,0,1,0,4,1,52,402,52402,14,2006,"4A4MN41S06E0","4","A","4","M","N","4","1","S","0","6","E","0",0,0,0,"000000000","00000000000",0,0,0,1,0,0,0,0,0,0,0,50,0,1,6,12,6,2,17,0,0,0,1,4,86301,6,1,0,0,3,3,70,205,0,0,0,0,0,0,0,0,0,0,89,0,0,0,2,3,35,1,1,2,2,3,3,1,14,99,1,4,14,"777777777777","777777777777","777777777777",1,0
4,40181,1,1,1,11,4,14,26,15,0,1,0,4,1,20,481,20481,31,2014,"3GCUKSEC7EG1","3","G","C","U","K","S","E","C","7","E","G","1",0,0,0,"000000000","00000000000",0,0,0,1,0,0,0,0,0,0,0,40,0,0,0,12,2,5,15,0,0,0,1,4,85212,6,1,0,0,3,3,69,190,0,0,0,0,0,0,0,0,0,0,89,0,0,0,3,5,40,1,1,8,1,3,3,1,83,99,1,1,13,"777777777777","777777777777","777777777777",0,0
4,40182,1,1,1,11,4,16,52,33,0,1,0,4,1,73,705,73705,80,2008,"JKAEXEA168A0","J","K","A","E","X","E","A","1","6","8","A","0",0,0,0,"000000000","00000000000",0,0,0,1,0,0,0,0,0,0,0,62,0,0,0,12,6,2,42,0,0,0,1,4,85635,6,1,0,0,2,0,66,150,0,0,0,0,0,0,0,0,0,3,0,0,0,0,2,2,45,3,6,8,1,0,0,14,13,99,9,4,5,"777777777777","777777777777","777777777777",1,1
4,40183,1,1,1,17,4,11,6,33,0,1,0,4,1,49,46,49046,5,2005,"JTDKB20UX570","J","T","D","K","B","2","0","U","X","5","7","0",0,0,0,"000000000","00000000000",0,0,0,1,0,0,0,0,0,0,0,998,0,1,5,12,6,2,1,0,0,0,1,4,85258,6,1,0,0,3,0,67,135,0,0,0,0,0,0,0,0,0,3,0,0,0,0,1,2,25,1,1,8,1,20,3,1,14,99,9,4,14,"777777777777","777777777777","777777777777",1,0
4,40184,1,2,1,19,4,7,38,12,1,1,0,4,2,35,471,35471,30,1997,"1N6SD16SXVC3","1","N","6","S","D","1","6","S","X","V","C","3",0,0,0,"000000000","00000000000",0,0,0,1,0,0,0,0,0,0,0,50,0,0,0,12,6,2,12,0,0,0,1,4,85705,6,1,0,0,3,0,67,145,0,1,0,3,0,7,2014,12,2014,4,91,0,0,0,3,3,55,1,1,1,1,0,0,1,50,99,1,1,20,"777777777777","777777777777","777777777777",0,0
4,40184,2,2,1,19,4,7,38,12,1,1,0,4,1,63,33,63033,4,2008,"KNAFE1215855","K","N","A","F","E","1","2","1","5","8","5","5",0,0,0,"000000000","00000000000",0,0,0,1,0,0,0,0,0,0,0,0,0,0,0,6,6,2,12,0,0,0,1,4,85713,6,1,0,0,3,3,64,160,0,3,0,0,1,5,2014,5,2014,0,54,0,0,0,3,3,55,1,1,1,1,0,0,5,53,1,1,1,21,"777777777777","777777777777","777777777777",1,0
4,40185,1,1,1,20,4,2,47,42,0,1,0,4,2,35,48,35048,2,2005,"JN1AZ34D55M6","J","N","1","A","Z","3","4","D","5","5","M","6",0,0,0,"000000000","00000000000",0,0,0,1,0,0,0,0,0,0,0,65,0,0,0,98,6,2,42,0,0,0,1,4,85306,6,1,0,0,3,0,70,150,0,1,0,0,0,6,2013,6,2013,3,0,0,0,0,2,2,35,1,1,2,1,0,0,1,6,99,9,4,7,"777777777777","777777777777","777777777777",1,1
4,40186,1,2,2,22,4,19,13,1,0,1,0,6,3,85,881,85881,66,2005,"1XKADB8X45J0","1","X","K","A","D","B","8","X","4","5","J","0",1,1,57,"2559552","572559552",3,6,1,1,0,0,0,0,0,0,0,998,0,1,1,0,6,2,12,0,0,0,1,6,94928,6,1,6,0,3,0,72,225,0,0,0,0,0,0,0,0,0,0,80,0,0,0,2,2,75,1,1,2,1,0,0,1,1,99,9,4,98,"1UYVS25311U5","777777777777","777777777777",0,0
4,40186,2,2,6,22,4,19,13,1,0,1,0,4,2,3,431,3431,16,2005,"5GRGN23U55H1","5","G","R","G","N","2","3","U","5","5","H","1",0,0,0,"000000000","00000000000",0,0,0,1,0,0,0,0,0,0,0,998,0,0,0,98,6,2,12,0,0,0,1,4,86505,6,1,0,0,3,0,64,127,0,0,0,0,0,0,0,0,0,0,0,0,0,0,2,2,75,1,1,2,1,0,0,1,62,99,9,3,98,"777777777777","777777777777","777777777777",2,0
4,40187,1,1,5,25,4,21,51,42,0,1,0,4,1,12,422,12422,15,2001,"1FMRU15L31LA","1","F","M","R","U","1","5","L","3","1","L","A",0,0,0,"000000000","00000000000",0,0,0,1,0,0,0,0,0,0,0,998,0,0,0,12,6,2,42,0,0,0,1,4,85202,6,1,0,0,3,0,69,183,0,0,0,0,0,0,0,0,0,4,24,0,0,0,1,2,55,1,6,2,1,0,0,1,13,1,1,4,1,"777777777777","777777777777","777777777777",4,0
4,40188,1,1,1,26,4,22,55,1,0,1,0,4,2,72,706,72706,80,2008,"1HD1FC4158Y6","1","H","D","1","F","C","4","1","5","8","Y","6",0,0,0,"000000000","00000000000",0,0,0,1,0,0,0,0,0,0,0,55,0,0,0,0,6,2,1,0,0,0,1,4,85335,6,1,0,0,3,3,70,165,0,0,0,2,0,11,2011,7,2012,4,0,0,0,0,2,3,45,3,1,2,1,0,0,14,12,99,9,4,10,"777777777777","777777777777","777777777777",1,1
4,40189,1,1,2,27,4,18,47,1,0,1,0,6,1,23,401,23401,14,2003,"1GKES16S6361","1","G","K","E","S","1","6","S","6","3","6","1",0,0,0,"000000000","00000000000",0,0,0,1,0,0,0,0,0,0,0,998,0,1,5,0,6,2,1,0,0,0,1,6,93033,6,1,0,0,3,0,63,160,0,0,0,0,0,0,0,0,0,4,58,0,0,0,2,2,75,1,5,2,1,0,0,1,6,99,9,4,2,"777777777777","777777777777","777777777777",1,0
4,40190,1,1,1,29,4,19,14,17,0,1,0,4,1,37,706,37706,80,2003,"1HFSC46023A1","1","H","F","S","C","4","6","0","2","3","A","1",0,0,0,"000000000","00000000000",0,0,0,1,0,0,0,0,0,0,0,35,0,0,0,61,6,2,17,0,0,0,1,4,85743,6,1,0,0,3,0,70,190,0,0,0,0,0,0,0,0,0,0,0,0,0,0,1,2,35,2,6,2,1,0,0,14,12,99,9,4,7,"777777777777","777777777777","777777777777",1,0
4,40191,1,1,1,29,4,23,35,33,0,1,0,4,1,73,706,73706,80,2011,"JKBVNRJ12BA0","J","K","B","V","N","R","J","1","2","B","A","0",0,0,0,"000000000","00000000000",0,0,0,1,0,0,0,0,0,0,0,70,0,0,0,12,6,2,17,0,0,0,1,4,85367,6,1,0,0,2,0,69,165,0,0,0,0,0,0,0,0,0,4,0,0,0,0,5,5,35,1,5,2,1,0,0,1,12,99,1,4,6,"777777777777","777777777777","777777777777",1,1
4,40192,1,1,1,9,3,19,36,8,0,1,0,4,2,20,481,20481,31,1991,"1GCDC14K4MZ1","1","G","C","D","C","1","4","K","4","M","Z","1",0,0,0,"000000000","00000000000",0,0,0,1,0,0,0,0,0,0,0,24,0,0,0,62,2,5,8,0,0,0,1,4,85303,6,1,0,0,3,0,69,190,0,0,0,0,0,0,0,0,0,0,0,0,0,0,5,6,40,1,1,8,1,0,0,1,80,15,9,3,13,"777777777777","777777777777","777777777777",0,0
4,40193,1,1,1,13,3,22,21,8,0,1,1,4,2,49,46,49046,5,2004,"JTDKB20U5400","J","T","D","K","B","2","0","U","5","4","0","0",0,0,0,"000000000","00000000000",0,0,0,1,0,0,0,0,0,0,0,998,0,0,0,12,4,5,8,0,0,0,1,4,85254,6,1,0,0,3,0,71,150,0,7,1,4,1,2,2012,6,2015,9,99,99,99,99,2,3,45,1,1,8,1,0,0,1,80,99,9,3,13,"777777777777","777777777777","777777777777",0,0
4,40194,1,1,4,27,3,10,48,33,0,1,0,4,2,98,998,98998,97,2015,"3JBPNAP29FJ0","3","J","B","P","N","A","P","2","9","F","J","0",0,0,0,"000000000","00000000000",0,0,0,1,0,0,0,0,0,0,0,998,0,1,5,4,6,2,1,0,0,0,1,34,8087,0,0,0,0,0,0,65,105,0,0,0,0,0,0,0,0,0,0,48,24,52,0,1,2,25,1,1,2,1,0,0,11,8,99,2,4,2,"777777777777","777777777777","777777777777",1,0
4,40195,1,1,1,17,4,10,6,33,0,1,0,4,1,12,3,12003,2,2004,"1FAFP40684F1","1","F","A","F","P","4","0","6","8","4","F","1",0,0,0,"000000000","00000000000",0,0,0,1,0,0,0,0,0,0,0,57,0,0,0,12,6,2,42,0,0,0,1,4,85040,6,1,0,0,3,0,70,155,0,2,0,0,1,6,2012,4,2015,4,0,0,0,0,2,3,45,1,1,8,1,0,0,1,12,99,9,4,10,"777777777777","777777777777","777777777777",1,0
4,40196,1,2,3,21,4,12,2,12,6,1,0,6,3,49,32,49032,4,2016,"5YFBURHE2GP4","5","Y","F","B","U","R","H","E","2","G","P","4",0,0,0,"000000000","00000000000",0,0,0,1,0,0,0,0,0,0,0,998,0,0,0,81,6,2,12,0,0,0,1,6,91765,6,1,0,0,3,3,68,145,0,0,0,0,0,0,0,0,0,0,39,0,0,0,1,2,65,1,1,2,1,20,3,1,17,99,9,1,87,"777777777777","777777777777","777777777777",2,0
4,40196,2,2,1,21,4,12,2,12,6,1,0,49,1,49,472,49472,40,2003,"5TEGN92N43Z2","5","T","E","G","N","9","2","N","4","3","Z","2",0,0,0,"000000000","00000000000",0,0,0,1,0,0,0,0,0,0,0,998,0,1,5,12,6,2,1,0,0,0,1,25,84041,6,1,0,0,3,0,69,999,0,0,0,0,0,0,0,0,0,0,0,0,0,0,2,2,65,1,1,2,1,0,0,1,66,99,1,1,86,"777777777777","777777777777","777777777777",0,0
4,40198,1,1,1,1,3,10,6,1,0,1,0,99,9,14,6,14006,4,1988,"2MEBM75FXJX6","2","M","E","B","M","7","5","F","X","J","X","6",0,0,0,"000000000","00000000000",0,0,0,1,0,0,0,0,0,0,0,998,0,1,5,0,6,2,1,0,0,0,1,99,99999,9,9,99,0,9,9,999,999,99,99,99,99,99,99,9999,99,9999,9,99,99,99,99,1,2,25,2,6,2,99,0,0,14,99,99,9,9,10,"777777777777","777777777777","777777777777",1,0
4,40199,1,1,1,3,3,12,30,9,0,1,0,4,3,20,481,20481,31,2014,"1GCNCPEH8EZ3","1","G","C","N","C","P","E","H","8","E","Z","3",0,0,0,"000000000","00000000000",0,0,0,1,0,0,0,0,0,0,0,998,0,0,0,98,6,2,9,0,0,0,1,4,85715,6,1,0,0,3,0,69,175,1,1,0,1,0,5,2013,6,2013,0,91,0,0,0,2,4,98,1,1,2,1,3,3,1,83,99,9,4,13,"777777777777","777777777777","777777777777",0,0
4,40200,1,2,3,3,3,15,19,12,6,1,0,4,2,37,402,37402,14,2014,"5J6RM3H54EL0","5","J","6","R","M","3","H","5","4","E","L","0",0,0,0,"000000000","00000000000",0,0,0,1,0,0,0,0,0,0,0,10,0,0,0,1,6,2,12,0,0,0,1,4,85248,6,1,0,0,3,3,61,125,0,0,0,0,0,0,0,0,0,0,0,0,0,0,1,5,45,1,1,8,1,3,3,11,15,99,1,1,68,"777777777777","777777777777","777777777777",0,0
4,40200,2,2,2,3,3,15,19,12,6,1,0,4,1,30,46,30046,4,2012,"1VWAP7A33CC0","1","V","W","A","P","7","A","3","3","C","C","0",0,0,0,"000000000","00000000000",0,0,0,1,0,0,0,0,0,0,0,35,0,0,0,12,6,2,12,0,0,0,1,4,85138,6,1,0,0,3,0,69,250,0,0,0,0,0,0,0,0,0,0,39,0,0,0,1,5,45,1,1,8,1,3,3,1,17,99,1,1,69,"777777777777","777777777777","777777777777",1,0
4,40201,1,3,1,8,3,7,30,12,7,1,0,4,1,53,706,53706,80,2005,"JS1GR7JA3521","J","S","1","G","R","7","J","A","3","5","2","1",0,0,0,"000000000","00000000000",0,0,0,1,0,0,0,0,0,0,0,60,0,0,0,82,6,2,12,0,0,0,1,4,85044,6,1,0,0,3,3,71,184,0,0,0,0,0,0,0,0,0,3,27,0,0,0,2,3,40,1,1,2,1,3,3,1,65,8,1,3,79,"777777777777","777777777777","777777777777",1,1
4,40201,2,3,1,8,3,7,30,12,7,1,0,4,3,12,881,12881,61,2002,"1FDWF36S02ED","1","F","D","W","F","3","6","S","0","2","E","D",0,0,77,"777777777","77777777777",2,1,98,1,0,0,0,0,0,0,0,40,0,0,0,9,2,5,12,0,0,0,1,4,85044,6,1,0,0,3,3,68,165,0,1,0,0,0,10,2013,10,2013,0,48,91,0,0,1,4,40,1,1,2,1,3,3,10,16,1,1,1,78,"777777777777","777777777777","777777777777",0,0
4,40201,3,3,1,8,3,7,30,12,7,1,0,4,1,20,405,20405,14,2014,"3GNAL4EK7ES5","3","G","N","A","L","4","E","K","7","E","S","5",0,0,0,"000000000","00000000000",0,0,0,1,0,0,0,0,0,0,0,25,0,0,0,12,2,5,54,0,0,0,1,4,85306,6,1,0,0,3,0,61,96,0,0,0,0,0,0,0,0,0,0,0,0,0,0,2,4,40,1,1,2,1,3,3,1,62,16,1,1,98,"777777777777","777777777777","777777777777",0,0
4,40202,1,1,1,11,3,19,18,8,0,1,9,99,9,99,999,99999,99,9999,"999999999999","9","9","9","9","9","9","9","9","9","9","9","9",0,0,0,"000000000","00000000000",0,0,0,1,0,0,0,0,0,0,0,999,0,0,0,98,9,9,8,0,0,0,1,99,99999,9,9,99,0,9,9,999,999,99,99,99,99,99,99,9999,99,9999,9,99,99,99,99,5,5,99,1,9,2,99,0,0,99,82,99,9,9,13,"777777777777","777777777777","777777777777",0,0
4,40203,1,1,1,12,3,99,99,59,0,1,0,4,2,20,421,20421,15,2003,"1GNEK13TX3R1","1","G","N","E","K","1","3","T","X","3","R","1",0,0,0,"000000000","00000000000",0,0,0,1,0,0,0,0,0,0,0,998,0,1,5,98,6,2,1,0,0,0,1,4,85021,0,0,0,0,0,0,69,230,0,0,0,0,0,0,0,0,0,9,0,0,0,0,1,2,99,1,1,8,98,40,3,1,12,99,1,4,10,"777777777777","777777777777","777777777777",1,1
4,40204,1,2,1,14,3,5,21,12,2,1,0,4,1,12,481,12481,31,2007,"1FTRW12W27KD","1","F","T","R","W","1","2","W","2","7","K","D",0,0,0,"000000000","00000000000",0,0,0,1,0,0,0,0,0,0,0,55,0,0,0,12,6,2,12,0,0,0,1,4,85719,6,1,0,0,3,3,67,201,0,1,0,6,2,12,2011,4,2015,0,28,0,0,0,1,2,55,1,1,2,1,0,0,1,10,99,1,2,50,"777777777777","777777777777","777777777777",0,0
4,40204,2,2,1,14,3,5,21,12,2,1,0,4,1,72,706,72706,80,2015,"1HD1FCM18FB6","1","H","D","1","F","C","M","1","8","F","B","6",0,0,0,"000000000","00000000000",0,0,0,1,0,0,0,0,0,0,0,55,0,0,0,12,6,2,12,0,0,0,1,4,85326,6,1,0,0,3,3,73,230,0,0,0,0,0,0,0,0,0,0,0,0,0,0,1,2,55,1,1,2,1,0,0,1,62,99,9,1,51,"777777777777","777777777777","777777777777",1,0
4,40205,1,1,1,15,3,16,30,15,0,1,0,4,1,2,404,2404,14,2007,"1J8HR58247C5","1","J","8","H","R","5","8","2","4","7","C","5",0,0,0,"000000000","00000000000",0,0,0,1,0,0,0,0,0,0,0,998,0,0,0,12,6,2,15,0,0,0,1,4,85306,6,1,0,0,3,3,75,280,0,2,0,1,0,12,2011,8,2015,0,38,0,0,0,1,6,40,1,1,8,1,3,3,1,83,99,1,1,13,"777777777777","777777777777","777777777777",0,0
4,40207,1,3,1,25,3,20,14,1,0,1,0,4,1,35,50,35050,4,2008,"3N1BC11EX8L3","3","N","1","B","C","1","1","E","X","8","L","3",0,0,0,"000000000","00000000000",0,0,0,1,0,0,0,0,0,0,0,7,0,0,0,12,6,2,12,0,0,0,1,4,85042,6,1,0,0,3,3,69,155,0,0,0,0,0,0,0,0,0,0,0,0,0,0,1,3,45,1,1,2,1,20,3,11,15,1,1,1,98,"777777777777","777777777777","777777777777",0,0
4,40207,2,3,1,25,3,20,14,1,0,1,0,4,2,73,706,73706,80,2002,"JKAZX4J122A0","J","K","A","Z","X","4","J","1","2","2","A","0",0,0,0,"000000000","00000000000",0,0,0,1,0,0,0,0,0,0,0,67,0,0,0,0,6,2,12,35,0,0,1,4,85224,6,1,0,0,2,0,72,185,0,0,0,2,0,8,2011,6,2012,4,23,24,0,0,5,5,45,1,1,2,1,0,0,1,67,16,2,2,98,"777777777777","777777777777","777777777777",1,0
4,40207,3,3,1,25,3,20,14,1,0,1,0,4,2,12,481,12481,31,2001,"1FTNW20F31EB","1","F","T","N","W","2","0","F","3","1","E","B",0,0,0,"000000000","00000000000",0,0,0,1,0,0,0,0,0,0,0,45,0,0,0,12,6,2,12,0,0,0,1,22,70535,6,1,0,0,3,3,68,158,0,0,0,1,0,9,2015,9,2015,0,0,0,0,0,1,5,45,1,1,2,1,0,0,1,62,99,1,1,98,"777777777777","777777777777","777777777777",0,0
4,40208,1,2,1,28,3,6,58,12,6,1,0,4,2,22,19,22019,2,2007,"1G2AL15F1772","1","G","2","A","L","1","5","F","1","7","7","2",0,0,0,"000000000","00000000000",0,0,0,1,0,0,0,0,0,0,0,17,0,0,0,12,6,2,12,0,0,0,1,4,85032,0,0,0,0,0,0,64,145,0,2,0,0,1,6,2013,6,2013,0,39,0,0,0,1,2,25,1,1,2,1,20,3,1,17,99,9,1,88,"777777777777","777777777777","777777777777",1,0
4,40208,2,2,1,28,3,6,58,12,6,1,0,4,3,98,809,98809,66,2006,"2FWJA3CV86AU","2","F","W","J","A","3","C","V","8","6","A","U",1,1,57,"01435950","5701435950",3,6,2,1,0,0,0,0,0,0,0,998,0,0,0,63,6,2,12,0,0,0,1,4,85301,6,1,6,0,3,0,71,169,0,2,0,0,0,4,2013,5,2013,0,0,0,0,0,1,2,45,1,1,2,1,0,0,1,66,16,2,1,89,"10BAB6246XM0","777777777777","777777777777",0,0
4,40209,1,1,1,28,3,11,27,9,0,1,0,4,1,76,998,76998,95,2011,"JW8011002","J","W","8","0","1","1","0","0","2","","","",0,0,0,"000000000","00000000000",0,0,0,1,0,0,0,0,0,0,0,30,0,0,0,12,4,3,9,0,0,0,1,4,85351,6,1,0,0,3,0,67,165,0,0,0,0,0,0,0,0,0,0,48,0,0,0,1,2,25,1,1,2,1,20,3,11,83,99,9,3,13,"777777777777","777777777777","777777777777",0,0
4,40210,1,2,1,31,3,7,27,12,6,1,0,4,1,59,35,59035,4,2010,"JTHBE5C23A20","J","T","H","B","E","5","C","2","3","A","2","0",0,0,0,"000000000","00000000000",0,0,0,1,0,0,0,0,0,0,0,998,0,0,0,81,6,2,12,0,0,0,1,4,85345,6,1,0,0,3,0,61,110,0,0,0,1,0,8,2015,8,2015,0,38,0,0,0,2,4,45,1,1,2,1,3,3,11,15,99,1,1,68,"777777777777","777777777777","777777777777",0,0
4,40210,2,2,1,31,3,7,27,12,6,1,0,4,2,37,31,37031,3,1990,"2HGED7366LH5","2","H","G","E","D","7","3","6","6","L","H","5",0,0,0,"000000000","00000000000",0,0,0,1,0,0,0,0,0,0,0,998,0,0,0,12,6,2,12,0,0,0,1,4,85607,6,1,0,0,3,0,65,250,0,1,0,2,2,4,2011,4,2014,0,0,0,0,0,2,5,45,1,1,2,1,3,3,1,62,16,2,1,69,"777777777777","777777777777","777777777777",1,0
4,40211,1,1,1,9,4,22,38,33,0,1,0,4,2,37,706,37706,80,2001,"JH2SC44091M1","J","H","2","S","C","4","4","0","9","1","M","1",0,0,0,"000000000","00000000000",0,0,0,1,0,0,0,0,0,0,0,998,0,0,0,82,6,2,31,0,0,0,1,4,85037,6,1,0,0,2,0,66,140,0,0,0,0,0,0,0,0,0,4,0,0,0,0,1,5,40,1,1,2,1,0,0,1,9,99,9,4,2,"777777777777","777777777777","777777777777",1,0
4,40212,1,2,1,26,4,8,10,1,0,1,0,4,2,76,705,76705,80,2008,"JYARJ16E68A0","J","Y","A","R","J","1","6","E","6","8","A","0",0,0,0,"000000000","00000000000",0,0,0,1,0,0,0,0,0,0,0,998,0,0,0,0,6,2,12,0,0,0,1,4,85706,1,1,0,0,2,0,66,215,0,5,0,1,2,1,2015,11,2015,9,99,99,99,99,2,4,40,1,1,2,1,0,0,1,17,99,9,3,98,"777777777777","777777777777","777777777777",1,0
4,40212,2,2,1,26,4,8,10,1,0,1,0,4,3,87,884,87884,63,2002,"1NPZL00X92D7","1","N","P","Z","L","0","0","X","9","2","D","7",0,0,57,"1817724","571817724",3,2,7,1,0,0,0,0,0,0,0,5,0,0,0,63,0,5,12,0,0,0,1,4,85710,6,1,6,0,3,0,71,245,0,4,0,0,0,5,2011,2,2016,0,99,99,99,99,0,0,0,0,0,0,0,0,0,11,15,99,9,1,98,"777777777777","777777777777","777777777777",0,0
4,40213,1,2,1,30,4,12,40,12,2,1,0,4,2,76,705,76705,80,2008,"JYARJ16E48A0","J","Y","A","R","J","1","6","E","4","8","A","0",0,0,0,"000000000","00000000000",0,0,0,1,0,0,0,0,0,0,0,998,0,0,0,12,6,2,12,0,0,0,1,4,85027,6,1,0,0,3,0,71,175,0,0,0,1,2,11,2011,8,2014,4,28,0,0,0,1,2,35,2,6,2,1,40,3,14,10,99,1,2,50,"777777777777","777777777777","777777777777",1,0
4,40213,2,2,1,30,4,12,40,12,2,1,0,4,1,49,403,49403,14,2009,"JTEES41A5921","J","T","E","E","S","4","1","A","5","9","2","1",0,0,0,"000000000","00000000000",0,0,0,1,0,0,0,0,0,0,0,998,0,0,0,12,6,2,12,32,0,0,1,4,85901,6,1,0,0,3,3,63,110,0,0,0,0,0,0,0,0,0,0,0,0,0,0,1,2,35,3,5,2,1,40,3,14,62,99,1,1,51,"777777777777","777777777777","777777777777",0,0
4,40214,1,1,1,17,3,20,48,41,0,1,0,99,9,99,739,99739,90,9999,"999999999999","9","9","9","9","9","9","9","9","9","9","9","9",0,0,0,"000000000","00000000000",0,0,0,1,0,0,0,0,0,0,0,999,0,0,0,12,8,8,43,0,0,0,1,4,85901,6,1,0,0,3,0,69,172,0,0,0,0,0,0,0,0,0,9,99,99,99,99,1,2,98,3,8,8,99,0,0,14,13,99,9,9,5,"777777777777","777777777777","777777777777",1,0
4,40215,1,3,1,5,3,16,32,12,2,1,0,4,2,35,43,35043,4,2006,"3N1CB51D66L5","3","N","1","C","B","5","1","D","6","6","L","5",0,0,0,"000000000","00000000000",0,0,0,1,0,0,0,0,0,0,0,998,0,0,0,12,6,2,12,0,0,0,1,4,85501,6,1,0,0,3,0,75,240,0,0,0,0,0,0,0,0,0,0,28,0,0,0,1,2,55,2,6,2,1,0,0,14,10,99,1,2,50,"777777777777","777777777777","777777777777",0,0
4,40215,2,3,2,5,3,16,32,12,2,1,0,4,1,72,706,72706,80,1989,"1HD1BKL39KY0","1","H","D","1","B","K","L","3","9","K","Y","0",0,0,0,"000000000","00000000000",0,0,0,1,0,0,0,0,0,0,0,998,0,0,0,12,6,2,12,0,0,0,1,4,85120,6,1,0,0,2,0,76,185,0,0,0,0,0,0,0,0,0,0,89,0,0,0,1,2,55,3,5,2,1,0,0,14,62,99,1,1,51,"777777777777","777777777777","777777777777",2,1
4,40215,3,3,2,5,3,16,32,12,2,1,0,4,1,72,706,72706,80,2003,"1HD1BXB113Y0","1","H","D","1","B","X","B","1","1","3","Y","0",0,0,0,"000000000","00000000000",0,0,0,1,0,0,0,0,0,0,0,998,0,0,0,10,6,2,12,0,0,0,1,4,85119,6,1,6,0,3,3,72,200,0,2,0,0,0,6,2013,6,2013,0,0,0,0,0,1,2,55,3,5,2,1,0,0,14,62,99,1,3,98,"777777777777","777777777777","777777777777",0,0
4,40216,1,1,1,10,3,0,38,8,0,1,1,4,1,12,16,12016,4,2001,"2FAFP71W11X1","2","F","A","F","P","7","1","W","1","1","X","1",0,0,0,"000000000","00000000000",0,0,0,1,0,0,0,0,0,0,0,50,0,0,0,98,2,5,8,0,0,0,1,4,85120,6,1,0,0,3,0,67,145,0,0,0,1,3,6,2012,2,2015,0,99,99,99,99,2,2,45,1,1,2,1,0,0,1,80,99,9,1,13,"777777777777","777777777777","777777777777",0,0
4,40217,1,3,1,10,3,18,6,12,1,1,0,4,1,49,402,49402,14,1999,"JT3HP10V6X71","J","T","3","H","P","1","0","V","6","X","7","1",0,0,0,"000000000","00000000000",0,0,0,1,0,0,0,0,0,0,0,998,0,0,0,12,6,2,12,0,0,0,1,4,85118,6,1,0,0,3,0,62,141,0,0,0,0,0,0,0,0,0,4,0,0,0,0,3,4,65,1,1,2,1,0,0,1,50,99,9,1,20,"777777777777","777777777777","777777777777",1,0