"STATE","ST_CASE","VEH_NO","VE_FORMS","NUMOCCS","DAY","MONTH","HOUR","MINUTE","HARM_EV","MAN_COLL","UNITTYPE","HIT_RUN","REG_STAT","OWNER","MAKE","MODEL","MAK_MOD","BODY_TYP","MOD_YEAR","VIN","VIN_1","VIN_2","VIN_3","VIN_4","VIN_5","VIN_6","VIN_7","VIN_8","VIN_9","VIN_10","VIN_11","VIN_12","TOW_VEH","J_KNIFE","MCARR_I1","MCARR_I2","MCARR_ID","GVWR","V_CONFIG","CARGO_BT","HAZ_INV","HAZ_PLAC","HAZ_ID","HAZ_CNO","HAZ_REL","BUS_USE","SPEC_USE","EMER_USE","TRAV_SP","UNDERIDE","ROLLOVER","ROLINLOC","IMPACT1","DEFORMED","TOWED","M_HARM","VEH_SC1","VEH_SC2","FIRE_EXP","DR_PRES","L_STATE","DR_ZIP","L_STATUS","L_TYPE","CDL_STAT","L_ENDORS","L_COMPL","L_RESTRI","DR_HGT","DR_WGT","PREV_ACC","PREV_SUS","PREV_DWI","PREV_SPD","PREV_OTH","FIRST_MO","FIRST_YR","LAST_MO","LAST_YR","SPEEDREL","DR_SF1","DR_SF2","DR_SF3","DR_SF4","VTRAFWAY","VNUM_LAN","VSPD_LIM","VALIGN","VPROFILE","VPAVETYP","VSURCOND","VTRAFCON","VTCONT_F","P_CRASH1","P_CRASH2","P_CRASH3","PCRASH4","PCRASH5","ACC_TYPE","TRLR1VIN","TRLR2VIN","TRLR3VIN","DEATHS","DR_DRINK"
4,40259,1,1,4,12,4,0,30,1,0,1,0,4,1,22,20,22020,4,2000,"1G2WJ52J0YF1","1","G","2","W","J","5","2","J","0","Y","F","1",0,0,0,"000000000","00000000000",0,0,0,1,0,0,0,0,0,0,0,57,0,1,5,0,6,2,1,0,0,0,1,4,85128,6,1,0,0,3,0,72,270,0,2,0,2,0,11,2011,3,2012,4,91,0,0,0,1,2,45,1,1,5,1,0,0,1,6,99,3,4,2,"777777777777","777777777777","777777777777",1,1
4,40260,1,2,1,21,4,10,51,12,6,1,0,4,1,12,402,12402,14,2011,"1FMCU0DG8BKA","1","F","M","C","U","0","D","G","8","B","K","A",0,0,0,"000000000","00000000000",0,0,0,1,0,0,0,0,0,0,0,35,0,0,0,12,6,2,12,0,0,0,1,4,85383,6,1,0,0,3,3,61,107,0,0,0,0,0,0,0,0,0,0,39,91,0,0,2,4,40,1,1,8,1,3,3,1,17,99,1,1,86,"777777777777","777777777777","777777777777",1,0
4,40260,2,2,2,21,4,10,51,12,6,1,0,4,1,49,472,49472,30,2006,"5TETU62N36Z1","5","T","E","T","U","6","2","N","3","6","Z","1",0,0,0,"000000000","00000000000",0,0,0,1,0,0,0,0,0,0,0,20,0,0,0,82,6,2,12,0,0,0,1,4,85308,6,1,0,0,3,0,67,160,0,0,0,0,0,0,0,0,0,0,0,0,0,0,1,4,25,1,1,8,1,3,3,1,66,1,1,1,87,"777777777777","777777777777","777777777777",0,0
4,40261,1,2,99,22,4,20,32,1,0,1,1,99,9,99,399,99399,9,9999,"999999999999","9","9","9","9","9","9","9","9","9","9","9","9",0,0,0,"000000000","00000000000",0,0,0,1,0,0,0,0,0,0,0,999,0,0,0,98,9,5,12,0,0,0,1,99,99999,9,9,99,0,9,9,999,999,99,99,99,99,99,99,9999,99,9999,9,38,0,0,0,0,0,0,0,0,0,0,99,9,99,99,99,9,9,98,"777777777777","777777777777","777777777777",0,0
4,40261,2,2,1,22,4,20,32,1,0,1,0,99,9,99,709,99709,89,9999,"999999999999","9","9","9","9","9","9","9","9","9","9","9","9",0,0,0,"000000000","00000000000",0,0,0,1,0,0,0,0,0,0,0,999,0,0,0,0,9,9,12,0,0,0,1,4,85307,6,1,0,0,3,0,66,175,0,0,0,0,0,0,0,0,0,9,99,99,99,99,2,9,99,1,9,9,99,0,0,99,73,99,9,9,98,"777777777777","777777777777","777777777777",1,0
4,40262,1,2,5,24,4,4,11,12,2,1,0,4,2,35,39,35039,4,2013,"1N4AA5AP1DC8","1","N","4","A","A","5","A","P","1","D","C","8",0,0,0,"000000000","00000000000",0,0,0,1,0,0,0,0,0,0,0,999,0,0,0,12,6,2,12,0,0,0,1,4,85226,0,0,0,0,0,0,71,285,0,0,0,0,0,0,0,0,0,0,0,0,0,0,2,2,65,2,4,2,1,0,0,14,12,99,1,4,50,"777777777777","777777777777","777777777777",3,1
4,40262,2,2,1,24,4,4,11,12,2,1,0,4,3,87,884,87884,66,2013,"1XPVDP9X8DD2","1","X","P","V","D","P","9","X","8","D","D","2",1,1,57,"2276882","572276882",3,6,98,1,0,0,0,0,0,0,0,999,0,0,0,12,6,2,12,0,0,0,1,4,85013,6,1,6,0,3,3,67,205,0,0,0,0,0,0,0,0,0,0,99,99,99,99,2,2,65,3,4,2,1,0,0,14,62,99,1,1,51,"1JJV532W4WL5","777777777777","777777777777",0,0
4,40263,1,1,1,26,4,16,35,35,0,1,0,4,1,2,404,2404,14,1996,"1J4FJ68S7TL2","1","J","4","F","J","6","8","S","7","T","L","2",0,0,0,"000000000","00000000000",0,0,0,1,0,0,0,0,0,0,0,32,0,1,5,12,6,2,1,0,0,0,1,4,85053,6,1,0,0,3,0,71,160,1,0,0,1,0,9,2015,10,2015,0,35,24,0,0,1,2,55,1,1,8,1,0,0,6,12,6,1,4,8,"777777777777","777777777777","777777777777",1,1
4,40264,1,2,1,5,4,8,1,39,0,1,0,4,2,55,401,55401,14,2004,"KM8SB12B54U6","K","M","8","S","B","1","2","B","5","4","U","6",0,0,0,"000000000","00000000000",0,0,0,1,0,0,0,0,0,0,0,80,0,0,0,98,6,2,25,0,0,0,1,4,85208,6,1,0,0,3,0,73,200,0,0,0,0,0,0,0,0,0,0,0,0,0,0,3,7,65,1,1,2,1,0,0,99,13,99,9,4,5,"777777777777","777777777777","777777777777",1,0
4,40264,2,2,1,5,4,8,1,39,0,1,0,4,1,35,47,35047,4,2005,"1N4BL11D85C1","1","N","4","B","L","1","1","D","8","5","C","1",0,0,0,"000000000","00000000000",0,0,0,1,0,0,0,0,0,0,0,65,0,0,0,6,6,2,12,0,0,0,1,4,85210,6,1,0,0,3,3,73,215,0,0,0,0,0,0,0,0,0,0,0,0,0,0,3,7,65,1,1,2,1,0,0,1,61,99,9,1,98,"777777777777","777777777777","777777777777",0,0
4,40265,1,2,2,21,4,0,52,12,8,1,0,4,2,20,37,20037,4,2005,"1G1ND52F15M2","1","G","1","N","D","5","2","F","1","5","M","2",0,0,0,"000000000","00000000000",0,0,0,1,0,0,0,0,0,0,0,998,0,0,0,82,6,2,12,0,0,0,1,4,85139,6,1,0,0,3,0,65,180,0,0,0,0,1,6,2014,6,2014,0,0,0,0,0,2,2,65,1,1,2,1,0,0,1,12,99,9,4,66,"777777777777","777777777777","777777777777",1,0
4,40265,2,2,1,21,4,0,52,12,8,1,0,4,3,98,809,98809,61,2008,"3F6WJ66A88G3","3","F","6","W","J","6","6","A","8","8","G","3",0,0,77,"777777777","77777777777",2,1,97,1,0,0,0,0,0,0,0,998,0,0,0,62,6,2,12,0,0,0,1,4,85239,6,1,0,0,3,0,71,200,0,1,0,3,0,2,2012,11,2015,0,0,0,0,0,2,2,65,1,1,2,1,0,0,1,62,99,9,3,66,"777777777777","777777777777","777777777777",0,0
4,40266,1,1,3,1,4,21,1,8,0,1,0,4,1,47,35,47035,5,2006,"YS3FD59Y8611","Y","S","3","F","D","5","9","Y","8","6","1","1",0,0,0,"000000000","00000000000",0,0,0,1,0,0,0,0,0,0,0,28,0,0,0,62,6,2,8,0,0,0,1,4,85021,6,1,0,0,3,3,66,152,0,0,0,1,0,11,2014,11,2014,0,0,0,0,0,5,6,40,1,1,8,1,3,3,1,80,99,1,1,13,"777777777777","777777777777","777777777777",0,0
4,40267,1,1,99,2,4,3,21,9,0,1,1,99,9,99,499,99499,39,9999,"999999999999","9","9","9","9","9","9","9","9","9","9","9","9",0,0,0,"000000000","00000000000",0,0,0,1,0,0,0,0,0,0,0,999,0,0,0,12,9,5,9,0,0,0,1,99,99999,9,9,99,0,9,9,999,999,99,99,99,99,99,99,9999,99,9999,9,99,99,99,99,9,9,99,9,9,9,99,0,0,99,83,99,9,9,13,"777777777777","777777777777","777777777777",0,0
4,40268,1,3,2,2,4,17,40,12,1,1,0,4,4,35,50,35050,5,2016,"3N1CE2CP1GL3","3","N","1","C","E","2","C","P","1","G","L","3",0,0,0,"000000000","00000000000",0,0,0,1,0,0,0,0,0,0,0,114,0,0,0,12,6,2,42,0,0,0,1,4,85015,6,1,0,0,3,0,69,195,0,0,0,0,0,0,0,0,0,3,91,0,0,0,1,2,30,1,1,2,1,0,0,1,51,99,9,1,24,"777777777777","777777777777","777777777777",1,0
4,40268,2,3,1,2,4,17,40,12,1,1,0,4,1,20,9,20009,2,2012,"2G1FA1E33C91","2","G","1","F","A","1","E","3","3","C","9","1",0,0,0,"000000000","00000000000",0,0,0,1,0,0,0,0,0,0,0,4,0,0,0,6,6,2,12,0,0,0,1,4,85007,6,1,6,0,3,0,57,140,1,4,0,1,1,11,2012,6,2015,0,0,0,0,0,1,2,30,1,1,2,1,0,0,11,53,1,1,1,26,"777777777777","777777777777","777777777777",0,0
4,40268,3,3,2,2,4,17,40,12,1,1,0,4,1,12,481,12481,31,2006,"1FTRF12256NB","1","F","T","R","F","1","2","2","5","6","N","B",0,0,0,"000000000","00000000000",0,0,0,1,0,0,0,0,0,0,0,15,0,0,0,12,6,2,12,0,0,0,1,4,85020,6,1,0,0,3,0,73,260,0,1,1,0,0,7,2011,8,2011,0,0,0,0,0,1,2,30,1,1,2,1,0,0,99,62,99,1,1,98,"777777777777","777777777777","777777777777",0,0
4,40269,1,2,2,7,4,18,24,12,6,1,1,99,9,20,36,20036,2,2003,"999999999999","9","9","9","9","9","9","9","9","9","9","9","9",0,0,0,"000000000","00000000000",0,0,0,1,0,0,0,0,0,0,0,999,0,0,0,12,9,5,12,0,0,0,1,4,85021,0,0,0,0,0,0,72,175,0,0,0,0,0,0,0,0,0,9,38,91,0,0,5,7,99,1,9,9,99,0,0,11,15,99,9,3,68,"777777777777","777777777777","777777777777",0,0
4,40269,2,2,2,7,4,18,24,12,6,1,0,99,9,72,709,72709,80,2013,"999999999999","9","9","9","9","9","9","9","9","9","9","9","9",0,0,0,"000000000","00000000000",0,0,0,1,0,0,0,0,0,0,0,999,0,0,0,61,9,9,12,0,0,0,1,4,85027,6,1,0,0,3,0,73,300,0,0,0,0,0,0,0,0,0,9,89,0,0,0,5,7,99,1,9,9,99,0,0,1,62,99,9,3,69,"777777777777","777777777777","777777777777",1,1
4,40270,1,1,99,8,4,2,4,8,0,1,1,99,9,55,33,55033,4,2011,"999999999999","9","9","9","9","9","9","9","9","9","9","9","9",0,0,0,"000000000","00000000000",0,0,0,1,0,0,0,0,0,0,0,999,0,0,0,12,9,5,8,0,0,0,1,99,99999,9,9,99,0,9,9,999,999,99,99,99,99,99,99,9999,99,9999,9,99,99,99,99,9,9,99,1,9,9,99,0,0,99,80,99,9,3,13,"777777777777","777777777777","777777777777",0,0
4,40271,1,1,99,12,4,20,25,8,0,1,1,99,9,99,999,99999,99,9999,"999999999999","9","9","9","9","9","9","9","9","9","9","9","9",0,0,0,"000000000","00000000000",0,0,0,1,0,0,0,0,0,0,0,999,0,0,0,98,9,5,8,0,0,0,1,99,99999,9,9,99,0,9,9,999,999,99,99,99,99,99,99,9999,99,9999,9,99,99,99,99,9,9,99,1,9,9,99,0,0,99,80,99,9,3,13,"777777777777","777777777777","777777777777",0,0
4,40272,1,2,1,17,4,17,14,12,6,1,0,99,9,49,32,49032,4,2014,"999999999999","9","9","9","9","9","9","9","9","9","9","9","9",0,0,0,"000000000","00000000000",0,0,0,1,0,0,0,0,0,0,0,999,0,0,0,12,9,9,12,0,0,0,1,4,85027,6,1,0,0,3,0,65,104,1,0,0,3,0,5,2014,10,2015,0,99,99,99,99,1,7,99,1,9,9,99,0,0,11,15,99,9,3,68,"777777777777","777777777777","777777777777",0,0
4,40272,2,2,2,17,4,17,14,12,6,1,0,99,9,72,709,72709,82,2015,"999999999999","9","9","9","9","9","9","9","9","9","9","9","9",0,0,0,"000000000","00000000000",0,0,0,1,0,0,0,0,0,0,0,999,0,0,0,8,9,9,12,0,0,0,1,4,85053,6,1,0,0,2,0,72,275,0,0,0,0,0,0,0,0,0,9,99,99,99,99,1,7,99,1,9,9,99,0,0,1,62,16,2,3,69,"777777777777","777777777777","777777777777",1,0
4,40273,1,2,2,18,4,15,4,12,2,1,0,99,9,7,482,7482,31,2008,"999999999999","9","9","9","9","9","9","9","9","9","9","9","9",0,0,0,"000000000","00000000000",0,0,0,1,0,0,0,0,0,0,0,999,0,0,0,12,9,9,12,0,0,0,1,4,85023,6,1,0,0,3,0,68,180,0,0,0,0,0,0,0,0,0,9,28,85,0,0,5,5,99,1,9,2,99,0,0,1,10,6,1,2,52,"777777777777","777777777777","777777777777",0,0
4,40273,2,2,1,18,4,15,4,12,2,1,0,99,9,12,481,12481,31,2002,"999999999999","9","9","9","9","9","9","9","9","9","9","9","9",0,0,0,"000000000","00000000000",0,0,0,1,0,0,0,0,0,0,0,999,0,0,0,12,9,9,12,0,0,0,1,4,85306,6,1,0,0,3,0,70,230,0,0,0,0,0,0,0,0,0,9,99,99,99,99,5,5,99,1,9,2,99,0,0,1,62,99,9,3,52,"777777777777","777777777777","777777777777",1,0
4,40274,1,1,3,19,4,23,4,33,0,1,0,99,9,35,401,35401,14,2005,"999999999999","9","9","9","9","9","9","9","9","9","9","9","9",0,0,0,"000000000","00000000000",0,0,0,1,0,0,0,0,0,0,0,999,0,1,5,98,9,9,1,0,0,0,1,4,85020,6,1,0,0,3,0,71,235,0,0,0,0,0,0,0,0,0,9,99,99,99,99,4,3,99,1,9,2,99,0,0,1,9,99,9,9,2,"777777777777","777777777777","777777777777",1,1
4,40275,1,2,1,23,4,9,39,1,0,1,0,4,3,87,884,87884,63,2007,"1NPALUEX07D6","1","N","P","A","L","U","E","X","0","7","D","6",0,0,57,"287166","57287166",3,2,4,1,0,0,0,0,0,0,0,15,0,0,0,83,4,5,12,0,0,0,1,4,85132,6,1,6,0,3,0,75,260,0,2,0,0,0,6,2015,6,2015,0,99,99,99,99,2,4,45,1,1,2,1,0,0,10,16,1,1,1,98,"777777777777","777777777777","777777777777",0,0
4,40275,2,2,2,23,4,9,39,1,0,1,0,4,1,72,706,72706,80,2012,"1HD1KBM16CB6","1","H","D","1","K","B","M","1","6","C","B","6",0,0,0,"000000000","00000000000",0,0,0,1,0,0,0,0,0,0,0,39,0,0,0,0,6,2,12,0,0,0,1,4,85296,6,1,0,0,3,3,72,280,0,0,0,0,4,5,2012,8,2015,9,89,0,0,0,2,3,45,1,1,2,1,0,0,1,17,16,2,1,98,"777777777777","777777777777","777777777777",1,0
4,40276,1,1,99,24,4,1,25,9,0,1,1,99,9,20,481,20481,31,9999,"999999999999","9","9","9","9","9","9","9","9","9","9","9","9",0,0,0,"000000000","00000000000",0,0,0,1,0,0,0,0,0,0,0,999,0,0,0,98,9,5,9,0,0,0,1,99,99999,9,9,99,0,9,9,999,999,99,99,99,99,99,99,9999,99,9999,9,99,99,99,99,9,9,99,1,9,9,99,0,0,1,83,99,9,3,13,"777777777777","777777777777","777777777777",0,0
4,40277,1,1,3,24,4,15,32,42,0,1,0,4,2,54,37,54037,2,2003,"19UYA42473A0","1","9","U","Y","A","4","2","4","7","3","A","0",0,0,0,"000000000","00000000000",0,0,0,1,0,0,0,0,0,0,0,998,0,1,5,98,6,2,42,0,0,0,1,4,85022,6,1,0,0,3,0,63,115,0,0,0,0,0,0,0,0,0,0,58,0,0,0,2,2,75,2,1,2,1,0,0,14,12,7,5,4,2,"777777777777","777777777777","777777777777",1,0
4,40278,1,1,1,27,4,3,39,46,0,1,0,99,9,30,46,30046,4,2006,"999999999999","9","9","9","9","9","9","9","9","9","9","9","9",0,0,0,"000000000","00000000000",0,0,0,1,0,0,0,0,0,0,0,999,0,1,5,98,9,9,1,0,0,0,1,4,85546,6,1,0,0,3,0,65,145,0,1,0,1,0,10,2014,1,2015,9,99,99,99,99,5,7,99,1,9,2,99,3,3,1,13,99,9,4,5,"777777777777","777777777777","777777777777",1,1
4,40279,1,3,1,29,4,23,4,1,0,1,0,4,2,19,18,19018,4,2003,"1G6DM57N6301","1","G","6","D","M","5","7","N","6","3","0","1",0,0,0,"000000000","00000000000",0,0,0,1,0,0,0,0,0,0,0,60,0,1,1,0,6,2,12,0,0,0,1,4,85037,6,1,0,0,3,0,69,153,0,0,0,1,0,3,2016,3,2016,4,28,0,0,0,5,6,40,1,1,2,1,0,0,99,6,99,9,3,98,"777777777777","777777777777","777777777777",1,0
4,40279,2,3,3,29,4,23,4,1,0,1,0,4,2,63,34,63034,4,2011,"KNAGN4A64B51","K","N","A","G","N","4","A","6","4","B","5","1",0,0,0,"000000000","00000000000",0,0,0,1,0,0,0,0,0,0,0,43,0,0,0,98,6,2,12,0,0,0,1,4,85009,0,0,0,0,0,0,999,999,0,4,0,0,2,9,2013,9,2013,0,0,0,0,0,5,6,40,1,1,2,1,0,0,1,62,99,1,1,98,"777777777777","777777777777","777777777777",0,0
4,40279,3,3,2,29,4,23,4,1,0,1,0,4,2,12,422,12422,15,2006,"1FMPU15536LA","1","F","M","P","U","1","5","5","3","6","L","A",0,0,0,"000000000","00000000000",0,0,0,1,0,0,0,0,0,0,0,40,0,0,0,98,6,2,12,0,0,0,1,4,85353,0,0,0,0,0,0,72,135,0,0,0,0,0,0,0,0,0,0,0,0,0,0,5,6,40,1,1,2,1,0,0,1,60,99,1,1,98,"777777777777","777777777777","777777777777",0,0
4,40280,1,1,2,30,4,6,20,1,0,1,0,4,1,37,734,37734,90,2014,"JH2TE3208EK5","J","H","2","T","E","3","2","0","8","E","K","5",0,0,0,"000000000","00000000000",0,0,0,1,0,0,0,0,0,0,0,35,0,1,5,0,4,5,1,0,0,0,1,4,85331,0,0,0,0,0,0,71,150,0,3,1,0,0,8,2011,7,2012,4,0,0,0,0,1,2,35,3,1,2,1,40,3,14,14,99,9,4,98,"777777777777","777777777777","777777777777",2,1
4,40281,1,1,1,30,4,19,34,8,0,1,0,99,9,37,31,37031,4,2002,"999999999999","9","9","9","9","9","9","9","9","9","9","9","9",0,0,0,"000000000","00000000000",0,0,0,1,0,0,0,0,0,0,0,999,0,0,0,98,9,9,8,0,0,0,1,99,99999,9,9,99,0,9,9,999,999,99,99,99,99,99,99,9999,99,9999,0,99,99,99,99,9,9,99,1,9,9,99,0,0,1,80,99,9,3,13,"777777777777","777777777777","777777777777",0,0
4,40282,1,3,99,1,5,17,5,12,7,1,1,99,9,99,999,99999,99,9999,"999999999999","9","9","9","9","9","9","9","9","9","9","9","9",0,0,0,"000000000","00000000000",0,0,0,1,0,0,0,0,0,0,0,998,0,0,0,63,2,5,12,0,0,0,1,99,99999,9,9,99,9,9,9,999,999,99,99,99,99,99,99,9999,99,9999,9,27,0,0,0,2,2,75,1,1,2,1,0,0,15,10,99,1,2,47,"777777777777","777777777777","777777777777",0,0
4,40282,2,3,1,1,5,17,5,12,7,1,0,48,2,35,39,35039,4,2002,"JN1DA31D22T4","J","N","1","D","A","3","1","D","2","2","T","4",0,0,0,"000000000","00000000000",0,0,0,1,0,0,0,0,0,0,0,998,0,0,0,82,6,2,12,0,0,0,1,48,79907,6,1,0,0,3,0,999,999,0,0,0,0,0,0,0,0,0,0,0,0,0,0,2,2,75,1,1,2,1,0,0,1,61,99,1,1,45,"777777777777","777777777777","777777777777",0,0
4,40282,3,3,3,1,5,17,5,12,7,1,0,4,2,19,431,19431,16,2003,"1GYEK63N43R3","1","G","Y","E","K","6","3","N","4","3","R","3",0,0,0,"000000000","00000000000",0,0,0,1,0,0,0,0,0,0,0,998,0,1,1,98,6,2,1,0,0,0,1,4,85381,6,1,0,0,3,3,70,180,0,0,0,0,0,0,0,0,0,0,0,0,0,0,2,2,75,1,1,2,1,0,0,1,62,1,1,1,98,"777777777777","777777777777","777777777777",1,0
4,40283,1,1,1,2,5,21,25,8,0,1,0,4,1,55,401,55401,14,2005,"KM8SC13E35U9","K","M","8","S","C","1","3","E","3","5","U","9",0,0,0,"000000000","00000000000",0,0,0,1,0,0,0,0,0,0,0,45,0,0,0,12,2,5,8,0,0,0,1,4,85706,6,1,0,0,3,3,62,190,0,0,0,0,1,3,2012,3,2012,0,0,0,0,0,5,5,45,1,1,2,1,0,0,1,80,1,1,1,13,"777777777777","777777777777","777777777777",0,0
4,40284,1,1,1,5,5,6,38,1,0,1,0,4,1,12,471,12471,30,1998,"1FTZR15X0WPA","1","F","T","Z","R","1","5","X","0","W","P","A",0,0,0,"000000000","00000000000",0,0,0,1,0,0,0,0,0,0,0,65,0,1,5,0,6,2,1,0,0,0,1,4,86046,6,1,0,0,3,0,77,175,0,0,0,0,0,0,0,0,0,0,89,58,0,0,1,2,65,1,1,2,1,0,0,1,13,7,3,4,5,"777777777777","777777777777","777777777777",1,0
4,40285,1,1,1,5,5,22,25,8,0,1,0,4,1,41,402,41402,14,2003,"4F2CZ061X3KM","4","F","2","C","Z","0","6","1","X","3","K","M",0,0,0,"000000000","00000000000",0,0,0,1,0,0,0,0,0,0,0,998,0,0,0,12,6,2,8,0,0,0,1,4,85344,6,1,0,0,3,0,68,159,1,0,0,0,0,4,2012,4,2012,0,89,0,0,0,5,5,55,1,1,2,1,0,0,1,80,1,1,1,13,"777777777777","777777777777","777777777777",0,0
4,40286,1,1,1,7,5,19,28,33,0,1,0,4,1,12,16,12016,4,1989,"2FABP74F7KX1","2","F","A","B","P","7","4","F","7","K","X","1",0,0,0,"000000000","00000000000",0,0,0,1,0,0,0,0,0,0,0,45,0,0,0,12,4,3,42,0,0,0,1,4,85546,6,1,0,0,3,3,66,153,0,0,0,0,0,0,0,0,0,0,0,0,0,0,2,3,45,1,1,8,1,3,3,1,12,99,1,4,6,"777777777777","777777777777","777777777777",1,0
4,40287,1,1,3,8,5,5,29,1,0,1,0,32,2,37,402,37402,14,2002,"JHLRD78832C0","J","H","L","R","D","7","8","8","3","2","C","0",0,0,0,"000000000","00000000000",0,0,0,1,0,0,0,0,0,0,0,998,0,1,5,0,6,2,1,0,0,0,1,32,89030,1,1,0,0,2,0,72,175,0,4,0,0,1,3,2013,11,2013,4,0,0,0,0,2,2,75,1,1,2,1,0,0,1,12,99,9,4,5,"777777777777","777777777777","777777777777",1,0
4,40288,1,1,1,11,5,17,25,58,0,1,0,4,1,98,709,98709,80,2000,"19ZWS31A6YA0","1","9","Z","W","S","3","1","A","6","Y","A","0",0,0,0,"000000000","00000000000",0,0,0,1,0,0,0,0,0,0,0,35,0,0,0,3,6,2,1,0,0,0,1,4,86406,6,1,0,0,2,0,68,170,1,0,0,1,0,1,2014,6,2014,0,28,0,0,0,5,3,35,2,5,2,1,0,0,14,10,99,9,2,98,"777777777777","777777777777","777777777777",1,1
4,40289,1,3,2,14,5,7,3,12,2,1,0,4,2,2,1,2001,6,2012,"1C4NJCBB0CD6","1","C","4","N","J","C","B","B","0","C","D","6",0,0,0,"000000000","00000000000",0,0,0,1,0,0,0,0,0,0,0,998,0,0,0,12,6,2,12,0,0,0,1,4,85641,6,1,0,0,3,0,66,137,0,0,0,0,0,0,0,0,0,0,99,99,99,99,2,4,45,1,1,2,1,0,0,99,10,99,9,2,50,"777777777777","777777777777","777777777777",2,0
4,40289,2,3,1,14,5,7,3,12,2,1,0,4,3,12,880,12880,67,2013,"1FT8W3BT6DEB","1","F","T","8","W","3","B","T","6","D","E","B",0,0,88,"888888888","88888888888",2,1,97,1,0,0,0,0,0,0,0,45,0,1,1,12,6,2,12,0,0,0,1,4,85710,6,1,0,0,3,3,70,200,0,1,0,1,0,7,2011,1,2012,0,0,0,0,0,2,4,45,1,1,2,1,0,0,1,62,99,1,1,51,"777777777777","777777777777","777777777777",0,0
4,40289,3,3,1,14,5,7,3,12,2,1,0,4,1,20,481,20481,31,2014,"1GB0CVCG0EF1","1","G","B","0","C","V","C","G","0","E","F","1",0,0,0,"000000000","00000000000",0,0,0,1,0,0,0,0,0,0,0,45,0,0,0,62,2,5,12,0,0,0,1,4,85710,6,1,0,0,3,0,69,155,0,0,0,0,0,0,0,0,0,0,0,0,0,0,2,4,45,1,1,2,1,0,0,1,60,99,1,1,98,"777777777777","777777777777","777777777777",0,0
4,40290,1,1,1,16,5,5,59,52,0,1,0,4,3,12,481,12481,31,2014,"1FT7X2A64EEA","1","F","T","7","X","2","A","6","4","E","E","A",0,0,0,"000000000","00000000000",0,0,0,1,0,0,0,0,0,0,0,998,0,1,5,82,6,2,1,0,0,0,1,4,85643,6,1,1,0,3,3,74,330,0,0,0,0,0,0,0,0,0,4,0,0,0,0,1,2,65,1,1,2,1,0,0,1,13,99,1,4,1,"777777777777","777777777777","777777777777",1,0
4,40291,1,1,3,17,5,5,38,1,0,1,0,6,2,12,401,12401,14,2001,"1FMZU74EX1ZA","1","F","M","Z","U","7","4","E","X","1","Z","A",0,0,0,"000000000","00000000000",0,0,0,1,0,0,0,0,0,0,0,998,0,1,1,0,6,2,1,0,0,0,1,6,91042,6,1,0,0,3,3,68,200,2,0,0,0,0,11,2013,2,2016,0,58,0,0,0,2,2,75,2,1,2,1,0,0,14,12,99,1,6,98,"777777777777","777777777777","777777777777",1,0
4,40292,1,2,1,18,5,10,36,12,2,1,0,4,1,49,402,49402,14,2009,"JTMZF33V59D0","J","T","M","Z","F","3","3","V","5","9","D","0",0,0,0,"000000000","00000000000",0,0,0,1,0,0,0,0,0,0,0,10,0,0,0,12,6,2,12,0,0,0,1,4,85718,6,1,0,0,3,3,72,170,0,0,0,0,0,0,0,0,0,0,38,0,0,0,2,5,40,1,1,2,1,3,3,11,15,1,1,1,68,"777777777777","777777777777","777777777777",0,0
4,40292,2,2,1,18,5,10,36,12,2,1,0,4,1,72,706,72706,80,1999,"1HD1GEV11XY3","1","H","D","1","G","E","V","1","1","X","Y","3",0,0,0,"000000000","00000000000",0,0,0,1,0,0,0,0,0,0,0,45,0,0,0,12,6,2,12,0,0,0,1,4,85704,6,1,1,0,3,3,74,231,0,5,0,2,0,9,2011,3,2013,0,0,0,0,0,2,5,45,1,1,2,1,3,3,1,62,99,9,3,69,"777777777777","777777777777","777777777777",1,0
4,40293,1,1,1,19,5,2,43,8,0,1,0,4,3,82,881,82881,66,2012,"1FUJGEDR6CSB","1","F","U","J","G","E","D","R","6","C","S","B",1,1,57,"454597","57454597",3,6,2,1,0,0,0,0,0,0,0,998,0,0,0,12,2,5,8,0,0,0,1,4,85747,6,1,6,1,3,0,71,260,0,0,0,0,0,0,0,0,0,0,0,0,0,0,2,3,75,1,1,2,1,0,0,1,80,6,1,3,13,"1BN2T44286K0","777777777777","777777777777",0,0
4,40294,1,2,1,20,5,3,39,12,2,1,0,4,1,7,482,7482,31,2012,"1C6RD6FT1CS1","1","C","6","R","D","6","F","T","1","C","S","1",0,0,0,"000000000","00000000000",0,0,0,1,0,0,0,0,0,0,0,75,0,0,0,12,6,2,12,0,0,0,1,4,85323,6,1,0,0,3,0,67,155,0,0,0,0,0,0,0,0,0,4,99,99,99,99,2,2,75,1,1,2,1,0,0,1,12,99,9,4,52,"777777777777","777777777777","777777777777",1,1
4,40294,2,2,2,20,5,3,39,12,2,1,0,18,4,82,881,82881,66,2016,"3AKJGLD51GSH","3","A","K","J","G","L","D","5","1","G","S","H",1,1,57,"0272577","570272577",3,6,1,1,0,0,0,0,0,0,0,998,0,1,2,12,6,2,1,0,0,0,1,6,90020,6,1,6,0,3,3,63,150,0,0,0,1,0,10,2015,10,2015,0,0,0,0,0,2,2,75,1,1,2,1,0,0,1,62,1,1,1,52,"5V8VC5321EM4","777777777777","777777777777",0,0