"STATE","ST_CASE","VEH_NO","VE_FORMS","NUMOCCS","DAY","MONTH","HOUR","MINUTE","HARM_EV","MAN_COLL","UNITTYPE","HIT_RUN","REG_STAT","OWNER","MAKE","MODEL","MAK_MOD","BODY_TYP","MOD_YEAR","VIN","VIN_1","VIN_2","VIN_3","VIN_4","VIN_5","VIN_6","VIN_7","VIN_8","VIN_9","VIN_10","VIN_11","VIN_12","TOW_VEH","J_KNIFE","MCARR_I1","MCARR_I2","MCARR_ID","GVWR","V_CONFIG","CARGO_BT","HAZ_INV","HAZ_PLAC","HAZ_ID","HAZ_CNO","HAZ_REL","BUS_USE","SPEC_USE","EMER_USE","TRAV_SP","UNDERIDE","ROLLOVER","ROLINLOC","IMPACT1","DEFORMED","TOWED","M_HARM","VEH_SC1","VEH_SC2","FIRE_EXP","DR_PRES","L_STATE","DR_ZIP","L_STATUS","L_TYPE","CDL_STAT","L_ENDORS","L_COMPL","L_RESTRI","DR_HGT","DR_WGT","PREV_ACC","PREV_SUS","PREV_DWI","PREV_SPD","PREV_OTH","FIRST_MO","FIRST_YR","LAST_MO","LAST_YR","SPEEDREL","DR_SF1","DR_SF2","DR_SF3","DR_SF4","VTRAFWAY","VNUM_LAN","VSPD_LIM","VALIGN","VPROFILE","VPAVETYP","VSURCOND","VTRAFCON","VTCONT_F","P_CRASH1","P_CRASH2","P_CRASH3","PCRASH4","PCRASH5","ACC_TYPE","TRLR1VIN","TRLR2VIN","TRLR3VIN","DEATHS","DR_DRINK"
4,40541,1,1,4,9,7,20,27,31,0,1,0,49,1,20,481,20481,31,1999,"1GCEK19RXXR1","1","G","C","E","K","1","9","R","X","X","R","1",0,0,0,"000000000","00000000000",0,0,0,1,0,0,0,0,0,0,0,998,0,1,3,12,6,2,1,0,0,0,1,49,84097,1,1,0,0,2,3,999,999,98,0,1,0,0,3,2016,3,2016,0,0,0,0,0,2,2,75,2,6,2,1,0,0,14,12,99,1,4,6,"777777777777","777777777777","777777777777",1,1
4,40542,1,7,1,14,7,23,54,12,7,1,0,4,1,42,47,42047,2,2004,"WDBTJ65J54F0","W","D","B","T","J","6","5","J","5","4","F","0",0,0,0,"000000000","00000000000",0,0,0,1,0,0,0,0,0,0,0,60,0,0,0,62,6,2,12,0,0,0,1,4,85008,6,1,0,0,3,1,70,270,0,0,0,0,0,0,0,0,0,0,0,0,0,0,3,7,65,1,1,2,1,0,0,15,11,99,9,3,45,"777777777777","777777777777","777777777777",0,0
4,40542,2,7,1,14,7,23,54,12,7,1,0,4,1,53,706,53706,80,2016,"JS1GR7MA8G21","J","S","1","G","R","7","M","A","8","G","2","1",0,0,0,"000000000","00000000000",0,0,0,1,0,0,0,0,0,0,0,65,0,0,0,83,6,2,12,0,0,0,1,4,85281,6,1,0,0,3,3,70,150,0,0,0,1,0,1,2013,1,2013,0,89,0,0,0,3,7,65,1,1,2,1,0,0,15,11,99,9,2,46,"777777777777","777777777777","777777777777",1,1
4,40542,3,7,1,14,7,23,54,12,7,1,0,4,1,35,50,35050,5,2009,"3N1BC13E89L4","3","N","1","B","C","1","3","E","8","9","L","4",0,0,0,"000000000","00000000000",0,0,0,1,0,0,0,0,0,0,0,55,0,0,0,12,6,2,12,0,0,0,1,4,85204,6,1,0,0,3,0,63,140,0,0,0,1,0,3,2012,3,2012,0,0,0,0,0,3,7,65,1,1,2,1,0,0,1,50,16,1,1,98,"777777777777","777777777777","777777777777",0,0
4,40542,4,7,2,14,7,23,54,12,7,1,0,4,1,49,40,49040,4,2011,"4T4BF3EK2BR2","4","T","4","B","F","3","E","K","2","B","R","2",0,0,0,"000000000","00000000000",0,0,0,1,0,0,0,0,0,0,0,65,0,0,0,82,6,2,12,0,0,0,1,4,85260,6,1,0,0,3,3,69,160,0,0,0,0,0,0,0,0,0,0,0,0,0,0,3,7,65,1,1,2,1,0,0,1,61,99,9,1,98,"777777777777","777777777777","777777777777",0,0
4,40542,5,7,2,14,7,23,54,12,7,1,0,4,1,55,36,55036,3,2007,"KMHCM36C37U0","K","M","H","C","M","3","6","C","3","7","U","0",0,0,0,"000000000","00000000000",0,0,0,1,0,0,0,0,0,0,0,60,0,0,0,6,6,2,12,0,0,0,1,4,85281,6,1,0,0,3,0,71,230,1,0,0,1,0,3,2012,3,2013,0,89,0,0,0,3,7,65,1,1,2,1,0,0,1,60,99,9,1,98,"777777777777","777777777777","777777777777",0,0
4,40542,6,7,4,14,7,23,54,12,7,1,0,4,2,20,461,20461,21,1988,"1GBEG25HXJ71","1","G","B","E","G","2","5","H","X","J","7","1",0,0,0,"000000000","00000000000",0,0,0,1,0,0,0,0,0,0,0,55,0,0,0,14,0,5,73,0,0,0,1,4,85296,6,1,0,0,3,3,71,177,0,0,0,1,0,7,2014,7,2014,0,0,0,0,0,3,7,65,1,1,2,1,0,0,1,90,6,1,1,98,"777777777777","777777777777","777777777777",0,0
4,40542,7,7,1,14,7,23,54,12,7,1,0,4,1,20,2,20002,4,2013,"2G1WF5E31D12","2","G","1","W","F","5","E","3","1","D","1","2",0,0,0,"000000000","00000000000",0,0,0,1,0,0,0,0,0,0,0,65,0,0,0,14,0,5,73,0,0,0,1,4,85209,6,1,0,0,3,3,75,290,0,0,0,2,0,9,2012,10,2012,0,0,0,0,0,3,7,65,1,1,2,1,0,0,1,90,1,1,1,98,"777777777777","777777777777","777777777777",0,0
4,40543,1,1,99,18,7,20,5,8,0,1,1,99,9,99,499,99499,39,9999,"999999999999","9","9","9","9","9","9","9","9","9","9","9","9",0,0,0,"000000000","00000000000",0,0,0,1,0,0,0,0,0,0,0,998,0,0,0,98,9,5,8,0,0,0,1,99,99999,9,9,99,0,9,9,999,999,99,99,99,99,99,99,9999,99,9999,9,99,99,99,99,1,6,99,1,9,9,99,3,3,1,80,99,9,3,13,"777777777777","777777777777","777777777777",0,0
4,40544,1,2,1,21,7,6,33,12,1,1,0,99,9,49,442,49442,20,2006,"999999999999","9","9","9","9","9","9","9","9","9","9","9","9",0,0,0,"000000000","00000000000",0,0,0,1,0,0,0,0,0,0,0,999,0,0,0,12,6,2,12,0,0,0,1,4,85297,6,1,0,0,3,0,69,225,0,0,0,4,3,1,2013,7,2016,0,39,0,0,0,2,6,99,1,9,2,99,3,3,1,50,99,9,1,20,"777777777777","777777777777","777777777777",1,1
4,40544,2,2,1,21,7,6,33,12,1,1,0,99,9,85,881,85881,66,2006,"999999999999","9","9","9","9","9","9","9","9","9","9","9","9",1,1,99,"999999999","99999999999",3,6,4,1,0,0,0,0,0,0,0,0,0,0,0,6,9,5,12,0,0,0,1,4,85219,6,1,6,0,3,3,72,215,0,0,0,1,0,11,2011,11,2011,0,0,0,0,0,2,6,99,1,1,2,99,3,3,5,53,1,1,1,21,"888888888888","777777777777","777777777777",0,0
4,40545,1,1,3,22,7,6,46,35,0,1,0,13,2,35,39,35039,4,1997,"JN1CA21D3VT2","J","N","1","C","A","2","1","D","3","V","T","2",0,0,0,"000000000","00000000000",0,0,0,1,0,0,0,0,0,0,0,998,0,1,3,61,6,2,1,0,0,0,1,13,30060,6,1,6,0,3,0,66,120,98,0,0,0,0,0,0,0,0,4,0,0,0,0,2,2,75,2,1,2,1,0,0,14,12,99,1,4,6,"777777777777","777777777777","777777777777",1,0
4,40546,1,2,99,22,7,20,3,8,0,1,1,99,9,99,499,99499,39,9999,"999999999999","9","9","9","9","9","9","9","9","9","9","9","9",0,0,0,"000000000","00000000000",0,0,0,1,0,0,0,0,0,0,0,999,0,0,0,2,2,5,8,0,0,0,1,99,99999,9,9,99,0,9,9,999,999,99,99,99,99,99,99,9999,99,9999,9,99,99,99,99,9,9,99,9,9,9,99,0,0,1,80,99,9,9,13,"777777777777","777777777777","777777777777",0,0
4,40546,2,2,2,22,7,20,3,8,0,1,0,99,9,20,37,20037,4,2015,"999999999999","9","9","9","9","9","9","9","9","9","9","9","9",0,0,0,"000000000","00000000000",0,0,0,1,0,0,0,0,0,0,0,998,0,0,0,12,9,9,8,0,0,0,1,4,85381,0,0,0,0,0,0,60,102,0,0,0,0,0,0,0,0,0,0,0,0,0,0,9,9,99,9,9,9,99,0,0,1,80,99,9,3,98,"777777777777","777777777777","777777777777",0,0
4,40547,1,5,1,26,7,10,50,12,1,1,0,99,9,55,33,55033,4,2016,"999999999999","9","9","9","9","9","9","9","9","9","9","9","9",0,0,0,"000000000","00000000000",0,0,0,1,0,0,0,0,0,0,0,100,0,0,0,12,6,2,12,0,0,0,1,4,85373,6,1,0,0,3,0,67,180,0,0,0,2,1,5,2012,11,2014,5,99,99,99,99,2,3,99,9,9,2,1,0,0,99,51,99,9,2,32,"777777777777","777777777777","777777777777",0,0
4,40547,2,5,1,26,7,10,50,12,1,1,0,99,9,2,403,2403,14,2006,"999999999999","9","9","9","9","9","9","9","9","9","9","9","9",0,0,0,"000000000","00000000000",0,0,0,1,0,0,0,0,0,0,0,999,0,1,3,6,6,2,1,0,0,0,1,4,85022,6,1,0,0,3,0,74,175,0,0,0,0,0,0,0,0,0,0,0,0,0,0,2,3,99,9,9,2,1,0,0,99,53,99,9,1,32,"777777777777","777777777777","777777777777",1,0
4,40547,3,5,1,26,7,10,50,12,1,1,0,99,9,20,481,20481,31,2007,"999999999999","9","9","9","9","9","9","9","9","9","9","9","9",0,0,0,"000000000","00000000000",0,0,0,1,0,0,0,0,0,0,0,999,0,0,0,98,9,9,54,0,0,0,1,4,85022,6,1,0,0,3,0,66,130,0,0,0,0,0,0,0,0,0,0,0,0,0,0,2,3,99,9,9,2,1,0,0,99,99,99,9,3,98,"777777777777","777777777777","777777777777",0,0
4,40547,4,5,1,26,7,10,50,12,1,1,0,99,9,37,31,37031,2,1997,"999999999999","9","9","9","9","9","9","9","9","9","9","9","9",0,0,0,"000000000","00000000000",0,0,0,1,0,0,0,0,0,0,0,999,0,0,0,98,6,2,12,0,0,0,1,4,85301,6,1,0,0,3,0,71,230,1,0,0,1,1,11,2015,2,2016,0,0,0,0,0,2,3,99,9,9,2,1,0,0,99,62,99,9,3,98,"777777777777","777777777777","777777777777",0,0
4,40547,5,5,1,26,7,10,50,12,1,1,0,99,9,63,401,63401,14,2006,"999999999999","9","9","9","9","9","9","9","9","9","9","9","9",0,0,0,"000000000","00000000000",0,0,0,1,0,0,0,0,0,0,0,999,0,0,0,98,9,9,54,0,0,0,1,4,85022,6,1,0,0,3,3,63,130,0,0,0,0,0,0,0,0,0,0,0,0,0,0,2,3,99,9,9,2,1,0,0,99,99,99,9,3,98,"777777777777","777777777777","777777777777",0,0
4,40548,1,1,1,26,7,16,37,17,0,1,0,92,0,37,705,37705,83,2003,"JH2PE05393M1","J","H","2","P","E","0","5","3","9","3","M","1",0,0,0,"000000000","00000000000",0,0,0,1,0,0,0,0,0,0,0,55,0,0,0,12,2,5,1,0,0,0,1,48,78638,0,0,0,0,0,0,74,210,99,99,99,99,99,99,9999,99,9999,4,24,0,0,0,1,2,35,3,6,5,11,0,0,14,13,99,1,4,1,"777777777777","777777777777","777777777777",1,0
4,40549,1,1,1,28,7,22,8,14,0,1,0,99,9,49,499,49499,19,1999,"999999999999","9","9","9","9","9","9","9","9","9","9","9","9",0,0,0,"000000000","00000000000",0,0,0,1,0,0,0,0,0,0,0,998,0,0,0,12,9,9,19,0,0,0,1,4,85053,6,1,0,0,3,3,63,105,0,1,0,1,0,3,2015,3,2015,9,99,99,99,99,1,2,99,1,9,9,99,0,0,1,13,99,9,4,5,"777777777777","777777777777","777777777777",1,0
4,40550,1,1,1,14,8,2,9,1,0,1,0,92,0,12,422,12422,15,2000,"1FMPU18L4YLA","1","F","M","P","U","1","8","L","4","Y","L","A",0,0,0,"000000000","00000000000",0,0,0,1,0,0,0,0,0,0,0,75,0,1,1,0,6,2,1,0,0,0,1,4,85634,1,1,0,0,2,0,66,230,0,7,0,0,0,1,2012,11,2012,4,0,0,0,0,1,2,55,1,1,2,1,0,0,1,6,7,5,2,98,"777777777777","777777777777","777777777777",1,1
4,40551,1,2,2,28,7,3,56,12,6,1,0,4,1,49,40,49040,4,1990,"4T1SV21E6LU1","4","T","1","S","V","2","1","E","6","L","U","1",0,0,0,"000000000","00000000000",0,0,0,1,0,0,0,0,0,0,0,55,0,0,0,62,6,2,12,0,0,0,1,4,86334,6,1,0,0,3,0,65,200,0,0,0,1,0,10,2015,10,2015,0,39,0,0,0,1,2,55,1,1,2,1,20,3,1,17,99,1,1,89,"777777777777","777777777777","777777777777",1,0
4,40551,2,2,1,28,7,3,56,12,6,1,0,4,3,84,884,84884,66,2007,"2HSCNAPR67C3","2","H","S","C","N","A","P","R","6","7","C","3",1,1,57,"0168202","570168202",3,6,1,1,0,0,0,0,0,0,0,60,0,0,0,12,6,2,12,0,0,0,1,4,85119,6,1,6,0,3,0,72,210,0,0,0,0,0,0,0,0,0,0,0,0,0,0,1,3,55,1,1,2,1,0,0,1,66,16,1,1,88,"888888888888","777777777777","777777777777",0,0
4,40552,1,2,99,2,9,14,0,12,6,1,0,4,1,35,472,35472,30,1998,"1N6DD26S5WC3","1","N","6","D","D","2","6","S","5","W","C","3",0,0,0,"000000000","00000000000",0,0,0,1,0,0,0,0,0,0,0,15,0,0,0,9,6,2,12,0,0,0,1,4,85335,6,1,0,0,3,0,64,137,0,0,0,0,0,0,0,0,0,9,39,0,0,0,1,2,0,1,1,8,1,20,3,10,16,99,1,1,78,"777777777777","777777777777","777777777777",1,0
4,40552,2,2,1,2,9,14,0,12,6,1,0,4,1,12,402,12402,14,2011,"1FMCU9EG9BKB","1","F","M","C","U","9","E","G","9","B","K","B",0,0,0,"000000000","00000000000",0,0,0,1,0,0,0,0,0,0,0,35,0,0,0,12,6,2,12,0,0,0,1,4,85335,6,1,0,0,3,0,69,140,0,0,0,0,0,0,0,0,0,0,0,0,0,0,5,5,35,1,1,8,1,0,0,1,65,99,9,3,79,"777777777777","777777777777","777777777777",0,0
4,40553,1,1,2,3,9,20,29,8,0,1,0,4,2,12,481,12481,31,2001,"1FTRW08L61KA","1","F","T","R","W","0","8","L","6","1","K","A",0,0,0,"000000000","00000000000",0,0,0,1,0,0,0,0,0,0,0,35,0,0,0,12,2,5,8,0,0,0,1,4,86315,6,1,0,0,3,3,65,160,0,0,0,0,0,0,0,0,0,9,99,99,99,99,2,3,35,1,1,2,1,0,0,1,80,1,1,1,13,"777777777777","777777777777","777777777777",0,0
4,40554,1,1,1,4,9,0,7,33,0,1,0,4,1,72,706,72706,80,2007,"1HD1JA5127Y0","1","H","D","1","J","A","5","1","2","7","Y","0",0,0,0,"000000000","00000000000",0,0,0,1,0,0,0,0,0,0,0,998,0,0,0,12,6,2,33,0,0,0,1,4,85546,6,1,2,0,3,3,78,300,0,9,2,1,0,12,2011,3,2016,3,39,0,0,0,1,2,35,1,1,2,1,20,3,1,14,99,9,4,14,"777777777777","777777777777","777777777777",1,1
4,40555,1,1,1,4,9,14,38,31,0,1,0,4,1,72,706,72706,80,2008,"1HD1BW5138Y0","1","H","D","1","B","W","5","1","3","8","Y","0",0,0,0,"000000000","00000000000",0,0,0,1,0,0,0,0,0,0,0,998,0,0,0,81,6,2,31,0,0,0,1,4,86321,6,1,0,0,3,0,69,175,0,0,0,0,0,0,0,0,0,0,0,0,0,0,1,2,35,3,1,2,1,0,0,14,13,99,9,4,1,"777777777777","777777777777","777777777777",1,0
4,40556,1,1,1,7,9,4,48,8,0,1,0,4,3,20,880,20880,67,2001,"1GCJK39141E3","1","G","C","J","K","3","9","1","4","1","E","3",0,0,88,"888888888","88888888888",2,1,97,1,0,0,0,0,0,0,0,60,0,0,0,12,2,5,8,0,0,0,1,4,85606,6,1,0,0,3,0,72,186,0,0,0,1,0,10,2011,10,2011,0,0,0,0,0,1,2,65,1,1,2,2,0,0,1,80,98,1,3,13,"777777777777","777777777777","777777777777",0,0
4,40557,1,2,99,8,9,20,48,12,2,1,0,4,2,7,482,7482,31,2014,"3C6JR6AG4EG2","3","C","6","J","R","6","A","G","4","E","G","2",0,0,0,"000000000","00000000000",0,0,0,1,0,0,0,0,0,0,0,998,0,1,1,12,6,2,12,0,0,0,1,4,86044,6,7,0,0,2,2,68,130,0,0,0,0,0,0,0,0,0,4,28,33,73,0,1,2,65,1,3,2,1,0,0,6,10,99,9,2,50,"777777777777","777777777777","777777777777",0,1
4,40557,2,2,1,8,9,20,48,12,2,1,0,4,1,35,39,35039,4,1996,"JN1CA21D4TT1","J","N","1","C","A","2","1","D","4","T","T","1",0,0,0,"000000000","00000000000",0,0,0,1,0,0,0,0,0,0,0,998,0,0,0,12,6,2,12,0,0,0,1,4,86044,6,1,0,0,3,0,67,250,0,0,0,1,0,9,2014,9,2014,0,0,0,0,0,1,2,65,1,3,2,1,0,0,1,62,99,9,3,51,"777777777777","777777777777","777777777777",1,0
4,40558,1,1,1,10,9,2,30,38,0,1,0,4,1,72,706,72706,80,2003,"1HD1BXB413Y1","1","H","D","1","B","X","B","4","1","3","Y","1",0,0,0,"000000000","00000000000",0,0,0,1,0,0,0,0,0,0,0,998,0,0,0,98,6,2,38,0,0,0,1,4,86047,6,1,6,0,3,0,70,145,0,0,0,0,0,0,0,0,0,9,99,99,99,99,3,4,65,1,1,2,1,0,0,99,13,99,9,4,5,"777777777777","777777777777","777777777777",1,1
4,40559,1,1,4,11,9,1,44,1,0,1,0,35,1,41,51,41051,4,2008,"JM1BK12FX817","J","M","1","B","K","1","2","F","X","8","1","7",0,0,0,"000000000","00000000000",0,0,0,1,0,0,0,0,0,0,0,998,0,1,5,0,6,2,1,0,0,0,1,35,87327,0,0,0,0,0,0,61,162,98,0,0,0,0,0,0,0,0,4,58,0,0,0,1,2,65,1,1,2,1,0,0,1,13,99,9,4,5,"777777777777","777777777777","777777777777",1,1
4,40560,1,1,1,12,9,2,17,8,0,1,1,4,2,20,481,20481,31,2011,"1GCDC1MH3BF3","1","G","C","D","C","1","M","H","3","B","F","3",0,0,0,"000000000","00000000000",0,0,0,1,0,0,0,0,0,0,0,80,0,0,0,98,2,5,8,0,0,0,1,4,85029,0,0,0,0,0,0,999,999,99,99,99,99,99,99,9999,99,9999,4,99,99,99,99,3,4,55,1,1,2,1,0,0,1,80,99,9,1,13,"777777777777","777777777777","777777777777",0,0
4,40561,1,2,1,12,9,23,3,12,6,1,0,4,1,12,481,12481,31,2013,"1FTFW1EF9DFB","1","F","T","F","W","1","E","F","9","D","F","B",0,0,0,"000000000","00000000000",0,0,0,1,0,0,0,0,0,0,0,95,0,0,0,12,6,2,12,0,0,1,1,4,85388,6,1,0,0,3,0,70,220,0,0,0,0,0,0,0,0,0,3,39,91,37,0,2,4,45,1,1,2,1,3,3,1,17,1,1,1,88,"777777777777","777777777777","777777777777",0,1
4,40561,2,2,2,12,9,23,3,12,6,1,0,4,2,49,49,49049,6,2009,"JTLKE50EX910","J","T","L","K","E","5","0","E","X","9","1","0",0,0,0,"000000000","00000000000",0,0,0,1,0,0,0,0,0,0,0,35,0,0,0,62,6,2,12,0,0,0,1,4,85361,6,1,0,0,3,0,63,118,0,0,0,0,1,3,2016,3,2016,0,0,0,0,0,1,4,45,1,1,2,1,3,3,1,66,99,9,3,89,"777777777777","777777777777","777777777777",1,0
4,40562,1,4,1,14,9,8,0,12,6,1,0,4,2,20,471,20471,30,2000,"1GCCS19W9Y82","1","G","C","C","S","1","9","W","9","Y","8","2",0,0,0,"000000000","00000000000",0,0,0,1,0,0,0,0,0,0,0,76,0,0,0,12,6,2,12,0,0,0,1,4,85379,6,1,0,0,3,3,64,128,0,0,0,0,0,0,0,0,0,0,39,0,0,0,1,4,45,1,1,2,1,3,3,1,17,99,9,1,88,"777777777777","777777777777","777777777777",0,0
4,40562,2,4,1,14,9,8,0,12,6,1,0,4,1,30,46,30046,4,2013,"WVWBP7AN8DE5","W","V","W","B","P","7","A","N","8","D","E","5",0,0,0,"000000000","00000000000",0,0,0,1,0,0,0,0,0,0,0,40,0,0,0,63,6,2,12,0,0,0,1,4,85388,6,1,0,0,3,3,67,205,0,0,0,0,0,0,0,0,0,0,0,0,0,0,1,5,45,1,1,2,1,3,3,1,66,99,9,3,89,"777777777777","777777777777","777777777777",1,0
4,40562,3,4,1,14,9,8,0,12,6,1,0,4,1,20,24,20024,6,2011,"1GNKRGED2BJ1","1","G","N","K","R","G","E","D","2","B","J","1",0,0,0,"000000000","00000000000",0,0,0,1,0,0,0,0,0,0,0,0,0,0,0,98,6,2,12,0,0,0,1,4,85379,6,1,0,0,3,0,71,240,0,0,0,0,0,0,0,0,0,0,0,0,0,0,1,3,45,1,1,2,1,3,3,5,66,1,1,1,98,"777777777777","777777777777","777777777777",0,0
4,40562,4,4,1,14,9,8,0,12,6,1,0,4,1,48,34,48034,6,2001,"4S3BH6657176","4","S","3","B","H","6","6","5","7","1","7","6",0,0,0,"000000000","00000000000",0,0,0,1,0,0,0,0,0,0,0,0,0,0,0,98,6,2,12,0,0,0,1,4,85388,6,1,0,0,3,0,68,145,0,0,0,0,0,0,0,0,0,0,0,0,0,0,1,3,45,1,1,2,1,3,3,5,50,1,1,1,98,"777777777777","777777777777","777777777777",0,0
4,40563,1,3,1,16,9,7,20,12,7,1,0,4,2,12,24,12024,6,2008,"2FMDK36C48BA","2","F","M","D","K","3","6","C","4","8","B","A",0,0,0,"000000000","00000000000",0,0,0,1,0,0,0,0,0,0,0,998,0,0,0,82,6,2,12,0,0,0,1,4,85746,6,1,0,0,3,0,67,155,0,1,0,1,0,1,2013,1,2013,4,39,0,0,0,1,5,40,1,1,2,1,3,3,1,11,99,9,2,49,"777777777777","777777777777","777777777777",0,0
4,40563,2,3,1,16,9,7,20,12,7,1,0,4,1,35,47,35047,4,2015,"1N4AL3AP0FC4","1","N","4","A","L","3","A","P","0","F","C","4",0,0,0,"000000000","00000000000",0,0,0,1,0,0,0,0,0,0,0,998,0,0,0,9,6,2,12,0,0,0,1,4,85710,6,1,0,0,3,3,63,135,0,0,0,1,1,10,2011,10,2012,0,0,0,0,0,1,5,35,1,1,2,1,3,3,1,66,99,9,3,98,"777777777777","777777777777","777777777777",1,0
4,40563,3,3,1,16,9,7,20,12,7,1,0,4,1,48,401,48401,14,2016,"JF2SJABC4GH5","J","F","2","S","J","A","B","C","4","G","H","5",0,0,0,"000000000","00000000000",0,0,0,1,0,0,0,0,0,0,0,998,0,0,0,9,2,5,12,0,0,0,1,4,85718,6,1,0,0,3,0,71,160,0,0,0,0,0,0,0,0,0,0,89,0,0,0,1,5,40,1,1,2,1,3,3,2,60,1,1,1,49,"777777777777","777777777777","777777777777",0,0
4,40564,1,2,4,16,9,15,22,12,6,1,0,4,2,35,443,35443,20,2000,"4N2XN11T5YD8","4","N","2","X","N","1","1","T","5","Y","D","8",0,0,0,"000000000","00000000000",0,0,0,1,0,0,0,0,0,0,0,10,0,0,0,62,6,2,12,0,0,0,1,4,85202,6,1,0,0,3,0,62,115,0,2,1,0,0,11,2012,10,2013,0,39,0,0,0,2,5,45,1,1,8,1,3,3,11,15,99,9,3,82,"777777777777","777777777777","777777777777",1,0
4,40564,2,2,1,16,9,15,22,12,6,1,0,4,2,7,472,7472,31,2007,"1D7HE28K87S1","1","D","7","H","E","2","8","K","8","7","S","1",0,0,0,"000000000","00000000000",0,0,0,1,0,0,0,0,0,0,0,45,0,0,0,12,6,2,12,0,0,0,1,4,85202,6,1,0,0,3,0,69,165,0,1,0,0,0,3,2014,3,2014,0,0,0,0,0,2,6,45,1,1,8,1,3,3,1,67,6,1,3,83,"777777777777","777777777777","777777777777",0,0
4,40565,1,1,1,16,9,17,57,8,0,1,0,4,1,49,422,49422,15,2003,"5TDZT34A13S1","5","T","D","Z","T","3","4","A","1","3","S","1",0,0,0,"000000000","00000000000",0,0,0,1,0,0,0,0,0,0,0,45,0,0,0,12,6,2,8,0,0,0,1,4,85131,6,1,0,0,3,0,62,150,0,0,0,0,0,0,0,0,0,0,0,0,0,0,5,5,45,1,1,2,1,0,0,1,80,16,2,1,13,"777777777777","777777777777","777777777777",0,0
4,40566,1,1,7,17,9,15,23,5,0,1,0,4,2,98,998,98998,95,2016,"888888888888","8","8","8","8","8","8","8","8","8","8","8","8",0,0,0,"000000000","00000000000",0,0,0,1,0,0,0,0,0,0,0,15,0,0,0,0,0,5,5,0,0,0,1,4,85251,6,1,0,0,3,3,67,220,0,1,0,1,1,8,2012,7,2014,0,0,0,0,0,1,5,25,1,1,8,1,0,0,1,98,99,9,1,0,"777777777777","777777777777","777777777777",1,0
4,40567,1,2,2,17,9,19,33,12,6,1,0,4,1,18,7,18007,4,2003,"2G4WS52J9311","2","G","4","W","S","5","2","J","9","3","1","1",0,0,0,"000000000","00000000000",0,0,0,1,0,0,0,0,0,0,0,15,0,0,0,82,6,2,12,32,0,0,1,4,85635,6,1,0,0,3,0,71,270,0,0,0,0,0,0,0,0,0,0,38,89,0,0,2,4,45,1,1,2,1,3,3,11,15,99,1,1,68,"777777777777","777777777777","777777777777",1,0
4,40567,2,2,2,17,9,19,33,12,6,1,0,4,3,38,401,38401,14,1999,"JACDJ58X9X79","J","A","C","D","J","5","8","X","9","X","7","9",0,0,0,"000000000","00000000000",0,0,0,1,0,0,0,0,0,0,0,40,0,0,0,12,4,3,12,0,0,0,1,4,85635,6,1,0,0,3,0,69,169,0,1,0,1,0,4,2014,10,2014,0,0,0,0,0,2,4,45,1,1,2,1,3,3,1,62,99,1,1,69,"777777777777","777777777777","777777777777",0,0
4,40568,1,1,1,17,9,21,30,1,0,1,0,4,1,7,880,7880,67,1998,"1B7MF33D3WJ1","1","B","7","M","F","3","3","D","3","W","J","1",0,0,88,"888888888","88888888888",2,1,97,1,0,0,0,0,0,0,0,55,0,1,5,0,6,2,1,0,0,1,1,4,85606,6,1,0,0,3,0,68,279,0,3,0,7,0,10,2011,6,2016,4,0,0,0,0,6,1,55,1,1,2,1,0,0,1,9,99,9,4,2,"777777777777","777777777777","777777777777",1,1
4,40569,1,1,1,19,9,9,28,8,0,1,0,4,1,37,31,37031,2,2013,"2HGFG3A56DH5","2","H","G","F","G","3","A","5","6","D","H","5",0,0,0,"000000000","00000000000",0,0,0,1,0,0,0,0,0,0,0,998,0,0,0,12,4,5,8,0,0,0,1,4,85553,6,1,0,0,3,0,70,140,0,0,0,0,0,0,0,0,0,0,0,0,0,0,1,2,45,3,1,2,1,28,3,14,80,1,1,1,13,"777777777777","777777777777","777777777777",0,0
4,40570,1,1,2,19,9,13,3,35,0,1,0,4,2,37,402,37402,14,2016,"2HKRM3H76GH5","2","H","K","R","M","3","H","7","6","G","H","5",0,0,0,"000000000","00000000000",0,0,0,1,0,0,0,0,0,0,0,998,0,1,6,12,6,2,1,0,0,0,1,4,85390,6,1,0,0,3,0,70,150,0,0,0,0,0,0,0,0,0,9,99,99,99,99,2,2,65,1,1,2,1,0,0,1,13,99,9,4,5,"777777777777","777777777777","777777777777",1,0
4,40571,1,1,6,21,9,13,35,1,0,1,0,4,1,23,421,23421,15,2004,"1GKEK13Z14R2","1","G","K","E","K","1","3","Z","1","4","R","2",0,0,0,"000000000","00000000000",0,0,0,1,0,0,0,0,0,0,0,998,0,1,5,0,6,2,1,0,0,0,1,4,85629,1,1,0,0,2,0,67,200,0,1,0,1,2,7,2014,9,2016,3,58,0,0,0,1,2,55,3,1,8,1,0,0,14,6,6,4,4,7,"777777777777","777777777777","777777777777",2,0
4,40572,1,2,1,21,9,21,34,12,6,1,0,4,1,55,36,55036,4,2014,"KMHCT4AE0EU6","K","M","H","C","T","4","A","E","0","E","U","6",0,0,0,"000000000","00000000000",0,0,0,1,0,0,0,0,0,0,0,10,0,0,0,81,6,2,12,0,0,0,1,4,85143,6,1,0,0,3,3,59,96,0,0,0,0,0,0,0,0,0,0,38,0,0,0,1,7,45,1,1,8,1,3,3,11,15,99,9,1,68,"777777777777","777777777777","777777777777",1,0
4,40572,2,2,3,21,9,21,34,12,6,1,0,4,2,12,481,12481,31,2001,"1FTNX20F61EB","1","F","T","N","X","2","0","F","6","1","E","B",0,0,0,"000000000","00000000000",0,0,0,1,0,0,0,0,0,0,0,45,0,0,0,12,6,2,12,0,0,0,1,4,85208,6,1,0,0,3,0,71,200,0,0,0,0,0,0,0,0,0,0,0,0,0,0,1,6,45,1,1,8,1,3,3,1,62,99,9,3,69,"777777777777","777777777777","777777777777",0,0