"STATE","ST_CASE","VEH_NO","VE_FORMS","NUMOCCS","DAY","MONTH","HOUR","MINUTE","HARM_EV","MAN_COLL","UNITTYPE","HIT_RUN","REG_STAT","OWNER","MAKE","MODEL","MAK_MOD","BODY_TYP","MOD_YEAR","VIN","VIN_1","VIN_2","VIN_3","VIN_4","VIN_5","VIN_6","VIN_7","VIN_8","VIN_9","VIN_10","VIN_11","VIN_12","TOW_VEH","J_KNIFE","MCARR_I1","MCARR_I2","MCARR_ID","GVWR","V_CONFIG","CARGO_BT","HAZ_INV","HAZ_PLAC","HAZ_ID","HAZ_CNO","HAZ_REL","BUS_USE","SPEC_USE","EMER_USE","TRAV_SP","UNDERIDE","ROLLOVER","ROLINLOC","IMPACT1","DEFORMED","TOWED","M_HARM","VEH_SC1","VEH_SC2","FIRE_EXP","DR_PRES","L_STATE","DR_ZIP","L_STATUS","L_TYPE","CDL_STAT","L_ENDORS","L_COMPL","L_RESTRI","DR_HGT","DR_WGT","PREV_ACC","PREV_SUS","PREV_DWI","PREV_SPD","PREV_OTH","FIRST_MO","FIRST_YR","LAST_MO","LAST_YR","SPEEDREL","DR_SF1","DR_SF2","DR_SF3","DR_SF4","VTRAFWAY","VNUM_LAN","VSPD_LIM","VALIGN","VPROFILE","VPAVETYP","VSURCOND","VTRAFCON","VTCONT_F","P_CRASH1","P_CRASH2","P_CRASH3","PCRASH4","PCRASH5","ACC_TYPE","TRLR1VIN","TRLR2VIN","TRLR3VIN","DEATHS","DR_DRINK"
5,50056,2,2,1,25,2,8,27,12,8,1,0,40,1,22,16,22016,2,2004,"1G2JB12F5473","1","G","2","J","B","1","2","F","5","4","7","3",0,0,0,"000000000","00000000000",0,0,0,1,0,0,0,0,0,0,0,998,0,0,0,11,6,2,12,0,0,0,1,5,72927,6,1,0,0,3,3,69,243,0,0,0,0,0,0,0,0,0,0,6,0,0,0,1,2,55,1,1,2,1,0,0,1,10,1,1,2,64,"777777777777","777777777777","777777777777",1,0
5,50057,1,2,1,26,2,16,10,12,6,1,0,5,1,12,401,12401,14,2012,"1FMHK7D85CGA","1","F","M","H","K","7","D","8","5","C","G","A",0,0,0,"000000000","00000000000",0,0,0,1,0,0,0,0,0,0,0,998,0,0,0,2,6,2,12,0,0,0,1,5,72301,6,1,0,0,3,3,70,160,0,0,0,0,0,0,0,0,0,0,38,0,0,0,5,4,40,1,1,2,1,3,3,11,15,1,1,1,68,"777777777777","777777777777","777777777777",0,0
5,50057,2,2,2,26,2,16,10,12,6,1,0,5,2,12,401,12401,14,2003,"1FMZU63K53UC","1","F","M","Z","U","6","3","K","5","3","U","C",0,0,0,"000000000","00000000000",0,0,0,1,0,0,0,0,0,0,0,998,0,0,0,12,6,2,12,0,0,0,1,5,72401,1,1,0,0,2,0,64,210,0,0,0,0,0,0,0,0,0,0,0,0,0,0,5,4,40,1,1,2,1,3,3,1,66,1,1,1,69,"777777777777","777777777777","777777777777",1,0
5,50058,1,2,1,27,2,19,52,12,6,1,0,5,1,20,2,20002,4,2006,"2G1WT58K2692","2","G","1","W","T","5","8","K","2","6","9","2",0,0,0,"000000000","00000000000",0,0,0,1,0,0,0,0,0,0,0,998,0,0,0,10,6,2,12,0,0,0,1,5,72127,6,1,0,0,3,0,69,180,0,0,0,0,0,0,0,0,0,0,38,0,0,0,5,4,55,3,1,2,1,97,8,11,15,99,1,1,82,"777777777777","777777777777","777777777777",1,0
5,50058,2,2,3,27,2,19,52,12,6,1,0,5,1,7,482,7482,31,2012,"3C6TD5PT2CG1","3","C","6","T","D","5","P","T","2","C","G","1",0,0,0,"000000000","00000000000",0,0,0,1,0,0,0,0,0,0,0,998,0,0,0,12,6,2,12,0,0,0,1,5,72032,6,1,0,0,3,0,62,150,0,0,0,0,0,0,0,0,0,0,0,0,0,0,5,4,55,3,1,2,1,0,0,14,67,8,9,1,83,"777777777777","777777777777","777777777777",0,0
5,50059,1,1,1,28,2,8,42,35,0,1,0,5,1,7,403,7403,14,2007,"1D8GT28K27W5","1","D","8","G","T","2","8","K","2","7","W","5",0,0,0,"000000000","00000000000",0,0,0,1,0,0,0,0,0,0,0,998,0,0,0,12,6,2,42,0,0,0,1,5,71701,6,1,0,0,3,3,63,130,0,0,0,0,0,0,0,0,0,3,0,0,0,0,1,2,55,1,1,2,1,0,0,1,12,1,1,4,6,"777777777777","777777777777","777777777777",1,0
5,50060,1,2,3,28,2,13,45,12,2,1,0,5,2,12,35,12035,4,1998,"1FALP6532WK1","1","F","A","L","P","6","5","3","2","W","K","1",0,0,0,"000000000","00000000000",0,0,0,1,0,0,0,0,0,0,0,998,0,0,0,12,6,2,12,0,0,0,1,5,72672,6,1,0,0,3,0,71,165,0,0,0,1,0,7,2012,7,2012,0,28,0,0,0,1,2,55,1,5,2,1,0,0,1,10,7,1,2,50,"777777777777","777777777777","777777777777",0,0
5,50060,2,2,2,28,2,13,45,12,2,1,0,5,1,35,39,35039,4,2001,"JN1CA31D01T6","J","N","1","C","A","3","1","D","0","1","T","6",0,0,0,"000000000","00000000000",0,0,0,1,0,0,0,0,0,0,0,998,0,0,0,12,6,2,12,0,0,0,1,5,72687,6,1,0,0,3,0,65,150,0,0,0,0,0,0,0,0,0,0,0,0,0,0,1,2,55,1,5,2,1,0,0,1,62,6,1,1,51,"777777777777","777777777777","777777777777",1,0
5,50061,1,2,1,29,2,7,27,12,2,1,0,5,2,20,481,20481,31,2005,"1GCHC29225E2","1","G","C","H","C","2","9","2","2","5","E","2",0,0,0,"000000000","00000000000",0,0,0,1,0,0,0,0,0,0,0,998,0,0,0,12,6,2,12,0,0,0,1,5,72712,6,1,0,0,3,0,75,270,0,0,0,0,0,0,0,0,0,9,28,0,0,0,1,2,55,1,5,2,1,0,0,1,10,1,1,2,50,"777777777777","777777777777","777777777777",0,0
5,50061,2,2,5,29,2,7,27,12,2,1,0,5,1,9,442,9442,20,1998,"1P4GP44G6WB6","1","P","4","G","P","4","4","G","6","W","B","6",0,0,0,"000000000","00000000000",0,0,0,1,0,0,0,0,0,0,0,998,0,0,0,12,6,2,12,0,0,0,1,5,72756,6,1,0,0,3,1,60,145,0,0,0,0,0,0,0,0,0,9,0,0,0,0,1,2,55,1,5,2,1,0,0,1,62,1,1,1,51,"777777777777","777777777777","777777777777",2,0
5,50062,1,1,1,29,2,10,20,32,0,1,0,5,1,2,403,2403,14,1997,"1J4FY19S1VP5","1","J","4","F","Y","1","9","S","1","V","P","5",0,0,0,"000000000","00000000000",0,0,0,1,0,0,0,0,0,0,0,998,0,1,6,12,6,2,1,0,0,0,1,5,72150,6,1,0,0,3,0,69,195,0,0,0,0,1,1,2016,1,2016,0,0,0,0,0,1,2,55,1,1,2,1,0,0,1,13,1,1,4,1,"777777777777","777777777777","777777777777",1,0
5,50063,1,1,1,29,2,18,10,34,0,1,0,5,1,7,463,7463,21,2015,"3C6TRVDG2FE5","3","C","6","T","R","V","D","G","2","F","E","5",0,0,0,"000000000","00000000000",0,0,0,1,0,0,0,0,0,0,0,998,0,0,0,12,6,2,42,0,0,0,1,5,72073,6,1,0,0,3,0,66,170,0,0,0,0,0,0,0,0,0,9,99,99,99,99,1,2,55,1,1,2,1,0,0,1,12,1,1,4,6,"777777777777","777777777777","777777777777",1,1
5,50064,1,1,1,16,1,18,30,35,0,1,0,5,1,20,481,20481,31,2002,"2GCEC19V5212","2","G","C","E","C","1","9","V","5","2","1","2",0,0,0,"000000000","00000000000",0,0,0,1,0,0,0,0,0,0,0,998,0,0,0,11,6,2,35,0,0,0,1,5,71857,6,1,0,0,3,0,69,204,0,0,0,0,0,0,0,0,0,4,6,0,0,0,1,2,45,3,1,2,2,0,0,14,6,99,9,4,6,"777777777777","777777777777","777777777777",1,0
5,50065,1,2,2,1,3,17,47,12,6,1,0,5,2,41,37,41037,4,1998,"1YVGF22C7W57","1","Y","V","G","F","2","2","C","7","W","5","7",0,0,0,"000000000","00000000000",0,0,0,1,0,0,0,0,0,0,0,998,0,0,0,9,4,5,12,0,0,0,1,5,72204,1,1,0,0,2,0,69,158,0,1,1,0,1,3,2013,9,2015,0,99,99,99,99,1,4,35,1,2,2,1,20,3,11,15,1,1,1,82,"777777777777","777777777777","777777777777",0,1
5,50065,2,2,1,1,3,17,47,12,6,1,0,5,2,72,706,72706,80,2013,"1HD1KBM1XDB6","1","H","D","1","K","B","M","1","X","D","B","6",0,0,0,"000000000","00000000000",0,0,0,1,0,0,0,0,0,0,0,998,0,0,0,12,4,3,12,0,0,0,1,5,72201,1,1,0,0,2,0,70,166,0,3,3,1,0,10,2012,1,2016,0,99,99,99,99,1,4,35,1,2,2,1,0,0,1,67,16,2,1,83,"777777777777","777777777777","777777777777",1,0
5,50066,1,1,1,2,3,17,48,8,0,1,0,5,1,12,481,12481,31,2003,"1FDXW46P93EC","1","F","D","X","W","4","6","P","9","3","E","C",0,0,0,"000000000","00000000000",0,0,0,1,0,0,0,0,0,0,0,998,0,0,0,6,0,5,8,0,0,0,1,5,72764,6,1,0,0,3,0,66,145,0,0,0,3,2,5,2013,11,2013,0,0,0,0,0,1,2,25,1,1,2,1,0,0,9,81,1,1,2,13,"777777777777","777777777777","777777777777",0,0
5,50068,1,1,2,3,3,13,16,42,0,1,0,5,1,39,32,39032,4,2000,"SAJDA15B9YMF","S","A","J","D","A","1","5","B","9","Y","M","F",0,0,0,"000000000","00000000000",0,0,0,1,0,0,0,0,0,0,0,998,0,1,6,3,6,2,42,0,0,0,1,29,65605,6,1,0,0,3,3,75,280,0,0,0,0,1,12,2014,12,2014,9,6,0,0,0,2,2,55,1,1,2,1,0,0,1,9,99,2,4,6,"777777777777","777777777777","777777777777",2,0
5,50069,1,1,1,5,3,9,53,42,0,1,0,5,1,14,6,14006,4,2000,"2MEFM75W4YX6","2","M","E","F","M","7","5","W","4","Y","X","6",0,0,0,"000000000","00000000000",0,0,0,1,0,0,0,0,0,0,0,998,0,0,0,2,6,2,42,0,0,0,1,5,72367,6,1,0,0,3,0,62,145,0,0,0,0,0,0,0,0,0,9,6,58,0,0,1,2,55,1,1,2,1,0,0,1,12,6,1,4,6,"777777777777","777777777777","777777777777",1,0
5,50070,1,1,5,6,3,13,0,10,0,1,0,5,1,20,403,20403,14,2007,"1GNES13M3722","1","G","N","E","S","1","3","M","3","7","2","2",0,0,0,"000000000","00000000000",0,0,0,1,0,0,0,0,0,0,0,998,0,0,0,3,6,2,10,0,0,0,1,5,71901,6,1,0,0,3,0,66,113,0,0,0,1,1,7,2012,8,2015,0,39,0,0,0,1,2,30,1,1,4,11,65,3,1,17,1,1,1,15,"777777777777","777777777777","777777777777",1,0
5,50071,1,1,1,6,3,16,30,32,0,1,0,5,1,20,481,20481,31,2009,"1GCHC44KX9F1","1","G","C","H","C","4","4","K","X","9","F","1",0,0,0,"000000000","00000000000",0,0,0,1,0,0,0,0,0,0,0,998,0,1,5,11,6,2,1,0,0,0,1,5,72210,6,1,0,0,3,0,72,185,1,0,0,0,0,1,2013,1,2013,3,6,0,0,0,2,2,45,2,2,2,1,0,0,14,12,99,1,4,6,"777777777777","777777777777","777777777777",1,1
5,50072,1,1,2,6,3,17,37,52,0,1,0,5,2,20,421,20421,15,2001,"1GNDT13W8121","1","G","N","D","T","1","3","W","8","1","2","1",0,0,0,"000000000","00000000000",0,0,0,1,0,0,0,0,0,0,0,998,0,1,5,1,6,2,1,0,0,0,1,5,72501,6,1,0,0,3,0,62,160,0,0,0,0,0,0,0,0,0,4,0,0,0,0,1,2,25,3,2,2,1,0,0,14,13,99,1,4,1,"777777777777","777777777777","777777777777",1,0
5,50073,1,2,3,7,3,19,49,12,6,1,0,5,2,2,404,2404,14,1993,"1J4GZ78Y8PC5","1","J","4","G","Z","7","8","Y","8","P","C","5",0,0,0,"000000000","00000000000",0,0,0,1,0,0,0,0,0,0,0,998,0,1,1,12,6,2,1,0,0,0,1,5,71822,6,1,0,0,3,0,75,150,0,1,1,2,1,12,2013,12,2014,9,6,38,39,0,1,2,55,1,1,2,1,20,3,1,17,1,1,1,88,"777777777777","777777777777","777777777777",1,1
5,50073,2,2,1,7,3,19,49,12,6,1,0,5,1,7,482,7482,31,2012,"3C6UD5CL6CG2","3","C","6","U","D","5","C","L","6","C","G","2",1,1,0,"000000000","00000000000",0,0,0,1,0,0,0,0,0,0,0,998,0,1,1,8,4,3,12,0,0,0,1,5,71832,6,1,0,0,3,0,69,150,0,0,0,1,0,1,2015,1,2015,9,0,0,0,0,1,2,55,1,1,2,1,0,0,1,66,1,1,1,89,"888888888888","777777777777","777777777777",0,0
5,50074,1,1,1,9,3,13,50,1,0,1,0,5,2,37,705,37705,80,2008,"JH2PC40088M1","J","H","2","P","C","4","0","0","8","8","M","1",0,0,0,"000000000","00000000000",0,0,0,1,0,0,0,0,0,0,0,998,0,0,0,0,6,2,42,0,0,0,1,5,72949,6,1,5,0,3,0,70,160,2,1,1,1,2,4,2012,9,2014,3,6,0,0,0,1,2,55,1,4,2,1,0,0,1,12,99,1,4,6,"777777777777","777777777777","777777777777",1,0
5,50075,1,2,2,9,3,21,25,12,8,1,0,5,1,20,39,20039,4,2009,"KL1TD56E39B6","K","L","1","T","D","5","6","E","3","9","B","6",0,0,0,"000000000","00000000000",0,0,0,1,0,0,0,0,0,0,0,998,0,0,0,1,6,2,12,32,0,0,1,5,72635,6,1,0,0,3,0,65,165,0,0,0,0,0,0,0,0,0,9,6,51,0,0,5,4,55,1,1,2,2,0,0,1,10,99,9,2,66,"777777777777","777777777777","777777777777",1,0
5,50075,2,2,1,9,3,21,25,12,8,1,0,29,3,49,472,49472,30,2015,"5TFTX4GNXFX0","5","T","F","T","X","4","G","N","X","F","X","0",0,0,0,"000000000","00000000000",0,0,0,1,0,0,0,0,0,0,0,998,0,0,0,2,6,2,12,0,0,0,1,5,72653,6,1,0,0,3,3,67,160,0,0,0,0,0,0,0,0,0,9,0,0,0,0,5,4,55,1,3,2,2,0,0,1,62,6,9,2,66,"777777777777","777777777777","777777777777",0,0
5,50076,1,1,1,10,3,10,45,34,0,1,0,5,1,12,471,12471,30,2003,"1FTYR10U13PA","1","F","T","Y","R","1","0","U","1","3","P","A",0,0,0,"000000000","00000000000",0,0,0,1,0,0,0,0,0,0,0,998,0,1,5,12,6,2,1,0,0,0,1,5,72024,6,1,0,0,3,0,73,163,0,0,0,0,0,0,0,0,0,9,6,0,0,0,1,2,55,1,1,2,2,0,0,1,13,99,9,4,1,"777777777777","777777777777","777777777777",1,1
5,50077,1,1,1,10,3,11,16,42,0,1,0,5,3,20,481,20481,31,2015,"3GCPCREC7FG3","3","G","C","P","C","R","E","C","7","F","G","3",0,0,0,"000000000","00000000000",0,0,0,1,0,0,0,0,0,0,0,998,0,0,0,12,6,2,42,0,0,0,1,5,72355,6,1,0,0,3,0,65,140,0,0,0,0,0,0,0,0,0,9,99,99,99,99,1,2,55,1,1,2,2,0,0,1,12,99,1,4,6,"777777777777","777777777777","777777777777",1,0
5,50078,1,1,1,11,3,0,26,8,0,1,0,5,1,2,403,2403,14,2014,"1C4BJWDG2EL3","1","C","4","B","J","W","D","G","2","E","L","3",0,0,0,"000000000","00000000000",0,0,0,1,0,0,0,0,0,0,0,998,0,0,0,12,4,5,8,0,0,0,1,5,72404,6,1,0,0,3,0,72,215,0,0,0,0,0,0,0,0,0,0,0,0,0,0,5,2,35,1,1,2,1,0,0,1,80,7,1,1,13,"777777777777","777777777777","777777777777",0,0
5,50079,1,1,2,11,3,8,27,34,0,1,0,1,2,7,482,7482,31,2006,"3D7MX48C36G2","3","D","7","M","X","4","8","C","3","6","G","2",0,0,0,"000000000","00000000000",0,0,0,1,0,0,0,0,0,0,0,998,0,1,5,5,6,2,3,0,0,0,1,1,35640,6,1,0,0,3,9,74,275,0,0,0,1,0,3,2016,3,2016,0,6,0,0,0,1,2,55,3,1,2,1,0,0,14,13,99,2,4,1,"777777777777","777777777777","777777777777",1,1
5,50080,1,2,1,11,3,14,0,12,2,1,0,5,2,20,25,20025,4,2012,"1G1PF5SC8C73","1","G","1","P","F","5","S","C","8","C","7","3",0,0,0,"000000000","00000000000",0,0,0,1,0,0,0,0,0,0,0,998,0,0,0,12,6,2,12,0,0,0,1,5,72432,6,1,0,0,3,0,60,100,0,0,0,1,0,5,2015,5,2015,9,6,0,0,0,1,2,55,2,1,2,1,0,0,14,10,1,1,2,50,"777777777777","777777777777","777777777777",1,0
5,50080,2,2,1,11,3,14,0,12,2,1,0,5,1,23,481,23481,31,2015,"1GT12YEG1FF1","1","G","T","1","2","Y","E","G","1","F","F","1",1,1,0,"000000000","00000000000",0,0,0,1,0,0,0,0,0,0,0,998,0,1,5,12,6,2,12,0,0,0,1,5,72432,6,1,0,0,3,0,70,260,0,0,0,1,0,6,2013,6,2013,0,0,0,0,0,1,2,55,3,1,2,1,0,0,14,62,99,9,1,51,"888888888888","777777777777","777777777777",0,0
5,50081,1,1,3,13,3,4,30,33,0,1,0,5,1,20,481,20481,31,1997,"2GCEC19R6V12","2","G","C","E","C","1","9","R","6","V","1","2",0,0,0,"000000000","00000000000",0,0,0,1,0,0,0,0,0,0,0,998,0,0,0,12,6,2,42,0,0,0,1,5,72830,0,0,0,0,0,0,999,999,0,0,0,0,0,0,0,0,0,3,6,0,0,0,1,2,30,1,1,2,2,20,3,1,6,16,2,4,14,"777777777777","777777777777","777777777777",2,1
5,50082,1,1,2,13,3,8,43,42,0,1,0,5,1,20,461,20461,21,1999,"1GCFG25W7X11","1","G","C","F","G","2","5","W","7","X","1","1",0,0,0,"000000000","00000000000",0,0,0,1,0,0,0,0,0,0,0,45,0,0,0,11,6,2,42,0,0,0,1,5,72120,6,1,0,0,3,0,63,137,0,0,0,0,1,8,2011,8,2011,3,6,58,0,0,1,2,30,1,6,2,2,0,0,1,6,6,3,4,1,"777777777777","777777777777","777777777777",1,1
5,50083,1,3,3,13,3,14,56,12,2,1,0,5,1,67,32,67032,3,2015,"JTKJF5C75FJ0","J","T","K","J","F","5","C","7","5","F","J","0",0,0,0,"000000000","00000000000",0,0,0,1,0,0,0,0,0,0,0,998,0,0,0,6,6,2,12,0,0,0,1,5,72736,6,1,0,0,3,3,60,116,0,0,0,0,0,0,0,0,0,0,0,0,0,0,1,4,45,1,1,2,1,0,0,1,60,1,1,1,98,"777777777777","777777777777","777777777777",0,0
5,50083,2,3,2,13,3,14,56,12,2,1,0,5,2,19,3,19003,4,2003,"1G6KD54Y13U2","1","G","6","K","D","5","4","Y","1","3","U","2",0,0,0,"000000000","00000000000",0,0,0,1,0,0,0,0,0,0,0,998,0,0,0,12,6,2,12,0,0,0,1,5,72758,6,1,0,0,3,0,62,160,0,0,0,1,1,6,2012,5,2015,0,0,0,0,0,1,4,45,1,1,2,1,0,0,1,62,99,9,1,51,"777777777777","777777777777","777777777777",1,0
5,50083,3,3,1,13,3,14,56,12,2,1,0,5,1,14,6,14006,4,2000,"2MEFM75W0YX6","2","M","E","F","M","7","5","W","0","Y","X","6",0,0,0,"000000000","00000000000",0,0,0,1,0,0,0,0,0,0,0,998,0,0,0,12,6,2,12,0,0,0,1,5,72764,1,1,0,0,2,3,69,180,0,2,3,0,0,5,2014,8,2015,9,36,0,0,0,1,4,45,2,1,2,1,0,0,14,10,99,9,2,50,"777777777777","777777777777","777777777777",0,1
5,50084,1,2,1,14,3,5,42,12,6,1,0,5,1,22,22,22022,4,2006,"1G2ZH5586641","1","G","2","Z","H","5","5","8","6","6","4","1",0,0,0,"000000000","00000000000",0,0,0,1,0,0,0,0,0,0,0,998,0,0,0,9,6,2,12,0,0,0,1,5,72450,6,1,0,0,3,0,71,190,0,0,0,0,0,0,0,0,0,0,38,23,0,0,1,5,40,1,1,2,2,0,0,11,15,16,1,1,82,"777777777777","777777777777","777777777777",1,1
5,50084,2,2,1,14,3,5,42,12,6,1,0,5,3,82,881,82881,64,2016,"3ALACWDT2GDH","3","A","L","A","C","W","D","T","2","G","D","H",0,0,57,"1317686","571317686",2,1,1,1,0,0,0,0,0,0,0,998,0,0,0,12,6,2,12,0,0,0,1,5,72401,6,1,0,0,3,0,67,168,0,0,0,0,0,0,0,0,0,0,0,0,0,0,1,5,40,1,1,2,2,0,0,1,72,16,1,1,83,"777777777777","777777777777","777777777777",0,1
5,50085,1,1,1,15,3,14,10,42,0,1,0,5,5,35,39,35039,4,2008,"1N4BA41E98C8","1","N","4","B","A","4","1","E","9","8","C","8",0,0,0,"000000000","00000000000",0,0,0,1,0,0,0,0,0,0,0,998,0,0,0,12,6,2,42,0,0,0,1,5,72901,6,1,0,0,3,2,76,230,1,2,2,0,0,9,2015,10,2015,3,6,36,74,0,3,2,70,1,5,1,1,0,0,1,6,99,1,4,1,"777777777777","777777777777","777777777777",1,0
5,50086,1,2,1,15,3,20,41,8,0,1,0,5,1,23,401,23401,14,2004,"1GKES16S5461","1","G","K","E","S","1","6","S","5","4","6","1",0,0,0,"000000000","00000000000",0,0,0,1,0,0,0,0,0,0,0,998,0,0,0,1,2,5,8,0,0,0,1,5,72209,6,1,0,0,3,3,64,182,0,0,0,0,0,0,0,0,0,0,0,0,0,0,2,2,45,1,1,2,1,0,0,1,81,1,1,1,13,"777777777777","777777777777","777777777777",0,0
5,50086,2,2,1,15,3,20,41,8,0,1,1,99,9,52,399,52399,8,9999,"999999999999","9","9","9","9","9","9","9","9","9","9","9","9",0,0,0,"000000000","00000000000",0,0,0,1,0,0,0,0,0,0,0,998,0,0,0,12,9,5,8,0,0,0,1,99,99999,9,9,99,0,9,9,999,999,99,99,99,99,99,99,9999,99,9999,9,99,99,99,99,2,2,45,1,1,2,1,0,0,1,81,99,1,1,98,"777777777777","777777777777","777777777777",0,0
5,50087,1,1,1,18,3,7,0,1,0,1,0,5,3,86,884,86884,63,2011,"1M2AV02C4BM0","1","M","2","A","V","0","2","C","4","B","M","0",0,0,77,"777777777","77777777777",3,2,4,1,0,0,0,0,0,0,0,998,0,2,1,0,6,2,1,0,0,0,1,5,72394,6,1,6,1,3,0,72,320,0,0,0,0,0,0,0,0,0,9,58,0,0,0,1,2,55,3,1,2,1,0,0,14,13,6,1,1,98,"777777777777","777777777777","777777777777",1,0
5,50088,1,2,1,18,3,11,36,12,6,1,0,5,1,12,17,12017,4,2002,"1FAFP52U12A1","1","F","A","F","P","5","2","U","1","2","A","1",0,0,0,"000000000","00000000000",0,0,0,1,0,0,0,0,0,0,0,998,0,0,0,12,6,2,42,0,0,0,1,5,72930,6,1,0,0,3,0,72,176,0,0,0,0,1,1,2014,1,2014,4,6,28,0,0,5,2,45,1,5,2,2,0,0,6,10,99,1,4,66,"777777777777","777777777777","777777777777",1,0
5,50088,2,2,1,18,3,11,36,12,6,1,0,5,1,20,481,20481,31,2005,"2GCEK13T7511","2","G","C","E","K","1","3","T","7","5","1","1",0,0,0,"000000000","00000000000",0,0,0,1,0,0,0,0,0,0,0,998,0,0,0,7,4,5,12,0,0,0,1,5,72949,6,1,0,0,3,0,68,240,0,0,0,0,0,0,0,0,0,0,0,0,0,0,5,2,45,1,5,2,2,0,0,1,62,7,1,4,66,"777777777777","777777777777","777777777777",0,0
5,50089,1,2,1,19,3,0,0,2,0,1,0,93,3,82,881,82881,66,2005,"1FUJBBCG45LN","1","F","U","J","B","B","C","G","4","5","L","N",1,1,57,"831124","57831124",3,6,1,1,0,0,0,0,0,0,0,998,0,0,0,12,6,2,8,0,0,0,1,26,48127,6,1,6,3,3,2,68,239,0,0,0,0,1,12,2015,12,2015,0,74,0,0,0,3,2,65,1,1,2,2,0,0,1,98,98,1,1,98,"888888888888","777777777777","777777777777",0,0
5,50089,2,2,0,19,3,0,0,2,0,1,0,22,6,20,471,20471,30,2000,"1GCCS144XY81","1","G","C","C","S","1","4","4","X","Y","8","1",0,0,0,"000000000","00000000000",0,0,0,1,0,0,0,0,0,0,0,0,0,0,0,0,6,2,2,0,0,1,0,0,99997,7,6,97,7,6,7,998,997,998,998,998,998,998,98,9998,98,9998,8,0,0,0,0,3,2,65,1,1,2,2,0,0,0,98,0,0,0,0,"777777777777","777777777777","777777777777",0,0
5,50090,1,2,1,21,3,9,35,12,1,1,0,5,1,87,884,87884,66,2007,"1XP5DB9X67D6","1","X","P","5","D","B","9","X","6","7","D","6",1,1,57,"298642","57298642",3,6,8,1,0,0,0,0,0,0,0,998,0,0,0,12,4,5,12,0,0,0,1,5,72432,6,1,6,0,3,1,66,145,0,0,0,0,0,0,0,0,0,9,6,0,0,0,3,2,65,1,1,2,1,0,0,1,51,16,1,1,24,"888888888888","777777777777","777777777777",0,0
5,50090,2,2,2,21,3,9,35,12,1,1,0,5,2,9,442,9442,20,1993,"2P4GH25K9PR3","2","P","4","G","H","2","5","K","9","P","R","3",0,0,0,"000000000","00000000000",0,0,0,1,0,0,0,0,0,0,0,998,0,0,0,6,6,2,12,0,0,0,1,5,72455,6,1,0,0,3,1,73,200,0,0,0,0,0,0,0,0,0,9,0,0,0,0,3,2,65,1,1,2,1,0,0,1,53,1,1,1,25,"777777777777","777777777777","777777777777",1,0
5,50091,1,1,1,24,3,5,10,1,0,1,0,5,2,34,37,34037,4,1998,"WBAGJ8322WDM","W","B","A","G","J","8","3","2","2","W","D","M",0,0,0,"000000000","00000000000",0,0,0,1,0,0,0,0,0,0,0,998,0,1,5,0,6,2,42,0,0,0,1,5,71845,6,1,0,0,3,0,74,175,0,0,0,1,3,11,2014,10,2015,4,99,99,99,99,1,2,55,1,1,2,2,0,0,1,6,99,3,4,7,"777777777777","777777777777","777777777777",1,0
5,50092,1,1,2,24,3,5,45,1,0,1,0,5,3,23,481,23481,40,2001,"1GDJC39G81F1","1","G","D","J","C","3","9","G","8","1","F","1",0,0,0,"000000000","00000000000",0,0,0,1,0,0,0,0,0,0,0,998,0,1,5,0,6,2,42,0,0,0,1,5,71943,6,1,0,0,3,0,67,175,0,0,0,0,0,0,0,0,0,0,6,0,0,0,1,2,55,3,6,2,1,0,0,14,13,7,3,4,2,"777777777777","777777777777","777777777777",1,0
5,50093,1,1,4,24,3,8,38,31,0,1,0,5,1,12,402,12402,14,2014,"1FMCU0F70EUA","1","F","M","C","U","0","F","7","0","E","U","A",0,0,0,"000000000","00000000000",0,0,0,1,0,0,0,0,0,0,0,998,0,1,1,11,6,2,1,0,0,0,1,5,71953,6,1,0,0,3,0,70,230,0,0,0,1,0,9,2012,9,2012,9,58,0,0,0,1,2,55,1,1,2,1,0,0,1,9,8,1,4,1,"777777777777","777777777777","777777777777",1,0
5,50094,1,2,1,24,3,15,52,12,2,1,0,5,1,20,2,20002,4,2012,"2G1WB5E39C11","2","G","1","W","B","5","E","3","9","C","1","1",0,0,0,"000000000","00000000000",0,0,0,1,0,0,0,0,0,0,0,998,0,0,0,12,6,2,12,0,0,0,1,5,72512,6,1,0,0,3,0,62,127,0,0,0,0,0,0,0,0,0,0,6,51,0,0,1,2,55,1,5,2,1,0,0,1,9,1,1,4,50,"777777777777","777777777777","777777777777",1,0
5,50094,2,2,4,24,3,15,52,12,2,1,0,29,1,7,402,7402,14,2002,"1B4HS58NX2F1","1","B","4","H","S","5","8","N","X","2","F","1",0,0,0,"000000000","00000000000",0,0,0,1,0,0,0,0,0,0,0,998,0,0,0,12,6,2,12,0,0,0,1,29,65791,6,1,0,0,3,3,63,180,0,0,0,0,0,0,0,0,0,0,0,0,0,0,1,2,55,1,6,2,1,0,0,1,62,9,1,4,51,"777777777777","777777777777","777777777777",0,0
5,50095,1,1,1,25,3,5,53,33,0,1,0,5,1,49,40,49040,4,1996,"4T1BF12K5TU1","4","T","1","B","F","1","2","K","5","T","U","1",0,0,0,"000000000","00000000000",0,0,0,1,0,0,0,0,0,0,0,998,0,1,5,11,6,2,1,0,0,0,1,5,71822,1,1,0,0,2,3,66,130,0,1,1,0,1,10,2013,6,2015,9,0,0,0,0,2,2,65,1,1,2,1,0,0,1,12,99,9,4,6,"777777777777","777777777777","777777777777",1,1
5,50096,1,2,1,25,3,7,33,12,6,1,0,5,1,12,443,12443,20,2006,"2FMZA522X6BA","2","F","M","Z","A","5","2","2","X","6","B","A",0,0,0,"000000000","00000000000",0,0,0,1,0,0,0,0,0,0,0,998,0,0,0,11,6,2,12,0,0,0,1,5,71655,6,1,0,0,3,3,69,170,0,0,0,1,0,9,2012,9,2012,0,38,0,0,0,1,5,60,1,1,2,1,0,0,11,15,99,1,1,82,"777777777777","777777777777","777777777777",1,0