"STATE","ST_CASE","VEH_NO","VE_FORMS","NUMOCCS","DAY","MONTH","HOUR","MINUTE","HARM_EV","MAN_COLL","UNITTYPE","HIT_RUN","REG_STAT","OWNER","MAKE","MODEL","MAK_MOD","BODY_TYP","MOD_YEAR","VIN","VIN_1","VIN_2","VIN_3","VIN_4","VIN_5","VIN_6","VIN_7","VIN_8","VIN_9","VIN_10","VIN_11","VIN_12","TOW_VEH","J_KNIFE","MCARR_I1","MCARR_I2","MCARR_ID","GVWR","V_CONFIG","CARGO_BT","HAZ_INV","HAZ_PLAC","HAZ_ID","HAZ_CNO","HAZ_REL","BUS_USE","SPEC_USE","EMER_USE","TRAV_SP","UNDERIDE","ROLLOVER","ROLINLOC","IMPACT1","DEFORMED","TOWED","M_HARM","VEH_SC1","VEH_SC2","FIRE_EXP","DR_PRES","L_STATE","DR_ZIP","L_STATUS","L_TYPE","CDL_STAT","L_ENDORS","L_COMPL","L_RESTRI","DR_HGT","DR_WGT","PREV_ACC","PREV_SUS","PREV_DWI","PREV_SPD","PREV_OTH","FIRST_MO","FIRST_YR","LAST_MO","LAST_YR","SPEEDREL","DR_SF1","DR_SF2","DR_SF3","DR_SF4","VTRAFWAY","VNUM_LAN","VSPD_LIM","VALIGN","VPROFILE","VPAVETYP","VSURCOND","VTRAFCON","VTCONT_F","P_CRASH1","P_CRASH2","P_CRASH3","PCRASH4","PCRASH5","ACC_TYPE","TRLR1VIN","TRLR2VIN","TRLR3VIN","DEATHS","DR_DRINK"
5,50096,2,2,1,25,3,7,33,12,6,1,0,5,2,2,403,2403,14,2008,"1J4FA24118L5","1","J","4","F","A","2","4","1","1","8","L","5",0,0,0,"000000000","00000000000",0,0,0,1,0,0,0,0,0,0,0,998,0,0,0,12,6,2,12,0,0,0,1,5,71603,6,1,0,0,3,0,69,160,0,0,0,0,1,1,2013,1,2013,0,0,0,0,0,1,5,60,1,1,2,1,0,0,1,67,99,1,1,83,"777777777777","777777777777","777777777777",0,0
5,50097,1,2,1,25,3,23,3,12,6,1,0,5,1,20,481,20481,31,2011,"1GCRCREA1BZ4","1","G","C","R","C","R","E","A","1","B","Z","4",0,0,0,"000000000","00000000000",0,0,0,1,0,0,0,0,0,0,0,998,0,0,0,1,6,5,12,0,0,0,1,5,72042,6,1,0,0,3,3,72,325,0,0,0,1,0,11,2015,11,2015,3,0,0,0,0,1,2,35,1,1,2,1,0,0,6,51,6,1,1,73,"777777777777","777777777777","777777777777",0,0
5,50097,2,2,1,25,3,23,3,12,6,1,0,5,1,98,739,98739,90,2014,"999999999999","9","9","9","9","9","9","9","9","9","9","9","9",0,0,0,"000000000","00000000000",0,0,0,1,0,0,0,0,0,0,0,998,0,1,1,98,6,5,12,0,0,0,1,5,72042,6,1,0,0,3,0,73,250,0,0,0,0,0,0,0,0,0,0,48,0,0,0,1,2,35,1,1,2,1,0,0,11,15,99,1,1,72,"777777777777","777777777777","777777777777",1,1
5,50098,1,1,1,25,3,20,36,30,0,1,0,5,1,37,705,37705,80,2001,"JH2RC44681K5","J","H","2","R","C","4","4","6","8","1","K","5",0,0,0,"000000000","00000000000",0,0,0,1,0,0,0,0,0,0,0,998,0,0,0,12,6,2,30,0,0,0,1,5,72903,6,1,0,0,3,3,71,175,0,0,1,0,2,2,2012,8,2012,0,6,0,0,0,1,4,40,3,1,2,1,0,0,14,13,99,1,4,1,"777777777777","777777777777","777777777777",1,1
5,50099,1,1,2,27,3,2,31,30,0,1,0,5,2,23,481,23481,31,2002,"2GTFK69U8213","2","G","T","F","K","6","9","U","8","2","1","3",0,0,0,"000000000","00000000000",0,0,0,1,0,0,0,0,0,0,0,998,0,0,0,98,6,2,30,0,0,0,1,5,72204,6,1,0,0,3,0,67,150,0,0,0,0,1,5,2012,5,2012,3,6,0,0,0,1,2,30,1,2,2,1,0,0,1,6,99,1,4,6,"777777777777","777777777777","777777777777",1,1
5,50100,1,2,1,29,3,3,1,12,2,1,0,22,1,23,481,23481,31,2011,"1GT125C82BF1","1","G","T","1","2","5","C","8","2","B","F","1",0,0,0,"000000000","00000000000",0,0,0,1,0,0,0,0,0,0,0,998,0,1,1,12,6,2,12,0,0,0,1,22,70005,6,1,0,0,3,0,66,140,0,0,0,0,0,0,0,0,0,9,6,51,0,0,5,4,50,1,1,2,1,0,0,1,10,9,1,2,50,"777777777777","777777777777","777777777777",1,0
5,50100,2,2,1,29,3,3,1,12,2,1,0,55,3,87,884,87884,66,2007,"1XP5DB9X07N6","1","X","P","5","D","B","9","X","0","7","N","6",1,1,57,"1499262WI","571499262WI",3,6,1,1,0,0,0,0,0,0,0,998,0,0,0,12,6,2,12,0,0,0,1,55,53716,6,1,6,0,3,0,70,253,0,0,0,0,0,0,0,0,0,0,0,0,0,0,5,4,50,1,1,2,1,0,0,1,62,9,2,1,51,"888888888888","777777777777","777777777777",0,0
5,50101,1,1,2,30,3,19,30,34,0,1,0,5,2,20,36,20036,2,2006,"2G1WM15K0692","2","G","1","W","M","1","5","K","0","6","9","2",0,0,0,"000000000","00000000000",0,0,0,1,0,0,0,0,0,0,0,998,0,1,5,11,6,2,42,0,0,0,1,5,71832,1,1,0,0,2,0,69,155,0,1,1,0,1,2,2014,2,2014,4,6,0,0,0,1,2,55,3,1,2,2,0,0,14,6,99,3,4,2,"777777777777","777777777777","777777777777",1,1
5,50102,1,2,1,30,3,20,38,12,2,1,0,5,2,35,47,35047,4,2002,"1N4AL11D22C1","1","N","4","A","L","1","1","D","2","2","C","1",0,0,0,"000000000","00000000000",0,0,0,1,0,0,0,0,0,0,0,998,0,0,0,12,6,2,12,0,0,0,1,5,71913,1,1,0,0,2,0,69,120,0,1,1,0,0,7,2015,7,2015,9,51,0,0,0,1,2,55,1,4,2,2,0,0,1,10,99,1,2,50,"777777777777","777777777777","777777777777",0,1
5,50102,2,2,1,30,3,20,38,12,2,1,0,5,1,12,401,12401,14,1992,"1FMCU24X4NUC","1","F","M","C","U","2","4","X","4","N","U","C",0,0,0,"000000000","00000000000",0,0,0,1,0,0,0,0,0,0,0,998,0,0,0,12,6,2,12,32,0,0,1,5,71913,6,1,0,0,3,0,68,150,0,0,0,0,1,12,2013,12,2013,9,0,0,0,0,1,2,55,1,4,2,2,0,0,1,62,99,1,1,51,"777777777777","777777777777","777777777777",1,0
5,50103,1,3,1,31,3,6,24,12,8,1,0,5,2,23,481,23481,31,2013,"3GTP2WE75DG3","3","G","T","P","2","W","E","7","5","D","G","3",0,0,0,"000000000","00000000000",0,0,0,1,0,0,0,0,0,0,0,998,0,0,0,11,6,2,12,0,0,0,1,47,38016,6,1,0,0,3,0,66,135,1,0,0,0,0,1,2016,1,2016,9,6,51,0,0,5,4,60,1,1,2,2,0,0,1,10,1,1,2,64,"777777777777","777777777777","777777777777",1,0
5,50103,2,3,1,31,3,6,24,12,8,1,0,5,1,35,47,35047,4,2010,"1N4AL2AP4AN4","1","N","4","A","L","2","A","P","4","A","N","4",0,0,0,"000000000","00000000000",0,0,0,1,0,0,0,0,0,0,0,998,0,0,0,10,6,2,12,0,0,0,1,5,72416,6,1,0,0,3,0,63,175,0,0,0,0,0,0,0,0,0,0,0,0,0,0,5,4,60,1,1,2,2,0,0,1,62,99,9,1,65,"777777777777","777777777777","777777777777",0,0
5,50103,3,3,1,31,3,6,24,12,8,1,0,5,1,23,481,23481,31,2013,"3GTP2WE79DG2","3","G","T","P","2","W","E","7","9","D","G","2",0,0,0,"000000000","00000000000",0,0,0,1,0,0,0,0,0,0,0,998,0,0,0,12,6,2,12,0,0,0,1,5,72401,6,1,0,0,3,0,69,160,0,1,1,0,0,12,2012,12,2012,0,0,0,0,0,5,4,60,1,1,2,2,0,0,1,62,99,9,1,98,"777777777777","777777777777","777777777777",0,0
5,50104,1,1,2,31,3,7,35,42,0,1,0,5,1,20,481,20481,31,1956,"3A568017300","3","A","5","6","8","0","1","7","3","0","0","",0,0,0,"000000000","00000000000",0,0,0,1,0,0,0,0,0,0,0,998,0,0,0,98,6,2,42,0,0,0,1,5,72135,1,1,0,0,2,0,72,205,1,0,0,1,1,11,2014,11,2014,4,6,0,0,0,1,5,45,1,1,2,2,0,0,6,6,99,4,4,6,"777777777777","777777777777","777777777777",1,0
5,50105,1,1,1,31,3,23,34,43,0,1,0,40,2,7,482,7482,31,2003,"1D7HA16D43J5","1","D","7","H","A","1","6","D","4","3","J","5",0,0,0,"000000000","00000000000",0,0,0,1,0,0,0,0,0,0,0,998,0,0,0,7,6,2,14,0,0,0,1,5,72355,1,1,0,0,2,3,68,165,1,1,1,0,4,8,2012,7,2013,3,8,58,36,38,5,4,45,1,1,2,1,3,3,1,13,6,3,4,2,"777777777777","777777777777","777777777777",1,1
5,50106,1,1,1,2,4,8,45,35,0,1,0,5,2,35,39,35039,4,2002,"JN1DA31D02T4","J","N","1","D","A","3","1","D","0","2","T","4",0,0,0,"000000000","00000000000",0,0,0,1,0,0,0,0,0,0,0,998,0,1,5,14,6,2,3,0,0,0,1,5,72101,6,1,0,0,3,3,62,130,0,0,0,0,0,0,0,0,0,9,6,0,0,0,1,2,55,1,1,2,1,0,0,1,12,7,4,4,7,"777777777777","777777777777","777777777777",1,0
5,50107,1,1,1,2,4,20,15,1,0,1,0,48,1,72,706,72706,80,2004,"1HD1BWB114Y0","1","H","D","1","B","W","B","1","1","4","Y","0",0,0,0,"000000000","00000000000",0,0,0,1,0,0,0,0,0,0,0,998,0,0,0,0,6,2,1,0,0,0,1,48,78146,6,1,6,0,3,0,70,260,0,1,0,1,1,4,2013,5,2015,9,6,0,0,0,1,2,55,3,1,2,1,0,0,14,13,6,9,4,1,"777777777777","777777777777","777777777777",1,0
5,50108,1,2,1,3,4,13,23,1,0,1,0,5,1,72,706,72706,80,2014,"1HD1LL329EC4","1","H","D","1","L","L","3","2","9","E","C","4",0,0,0,"000000000","00000000000",0,0,0,1,0,0,0,0,0,0,0,998,0,0,0,0,6,2,12,0,0,0,1,5,72110,6,1,0,0,3,0,72,170,1,0,0,0,3,7,2014,7,2015,4,28,0,0,0,1,2,55,2,5,2,1,0,0,14,18,98,1,2,98,"777777777777","777777777777","777777777777",1,0
5,50108,2,2,1,3,4,13,23,1,0,1,0,5,1,22,22,22022,4,2010,"1G2ZA5EK5A41","1","G","2","Z","A","5","E","K","5","A","4","1",0,0,0,"000000000","00000000000",0,0,0,1,0,0,0,0,0,0,0,998,0,0,0,12,4,5,12,0,0,0,1,5,72150,6,1,0,0,3,3,68,145,0,0,0,0,0,0,0,0,0,0,0,0,0,0,1,2,55,2,5,2,1,0,0,14,62,1,1,1,98,"777777777777","777777777777","777777777777",0,0
5,50109,1,1,1,4,4,21,32,8,0,1,1,99,9,99,399,99399,9,9999,"999999999999","9","9","9","9","9","9","9","9","9","9","9","9",0,0,0,"000000000","00000000000",0,0,0,1,0,0,0,0,0,0,0,998,0,0,0,99,9,5,8,99,99,0,1,99,99999,9,9,99,9,9,9,999,999,99,99,99,99,99,99,9999,99,9999,9,99,99,99,99,3,3,60,1,1,2,1,0,0,99,82,99,9,9,13,"777777777777","777777777777","777777777777",0,0
5,50110,1,1,2,6,4,15,0,35,0,1,0,5,2,12,402,12402,14,2004,"1FMYU03154KA","1","F","M","Y","U","0","3","1","5","4","K","A",0,0,0,"000000000","00000000000",0,0,0,1,0,0,0,0,0,0,0,998,0,1,5,12,6,2,1,0,0,0,1,5,72422,6,1,0,0,3,0,60,85,0,0,0,0,0,0,0,0,0,9,6,0,0,0,1,2,55,3,1,2,2,0,0,14,13,99,9,4,1,"777777777777","777777777777","777777777777",1,0
5,50111,1,2,2,7,4,22,38,12,6,1,1,5,2,49,40,49040,4,2002,"4T1BF32K92U0","4","T","1","B","F","3","2","K","9","2","U","0",0,0,0,"000000000","00000000000",0,0,0,1,0,0,0,0,0,0,0,998,0,0,0,12,6,2,12,0,0,0,1,5,72032,1,1,0,0,2,0,67,160,0,0,0,0,0,0,0,0,0,4,6,39,0,0,1,2,98,1,1,2,1,3,3,1,17,99,9,1,86,"777777777777","777777777777","777777777777",0,0
5,50111,2,2,2,7,4,22,38,12,6,1,0,5,2,23,471,23471,30,1992,"1GTCS14R3N85","1","G","T","C","S","1","4","R","3","N","8","5",0,0,0,"000000000","00000000000",0,0,0,1,0,0,0,0,0,0,0,998,0,1,1,1,6,2,12,0,0,0,1,5,72058,6,1,0,0,3,0,66,155,0,0,0,2,2,7,2012,1,2016,0,0,0,0,0,5,4,35,1,1,2,1,3,3,1,66,99,9,1,87,"777777777777","777777777777","777777777777",1,0
5,50112,1,2,1,7,4,10,43,12,6,1,0,5,1,18,2,18002,4,2000,"1G4HP54K7YU1","1","G","4","H","P","5","4","K","7","Y","U","1",0,0,0,"000000000","00000000000",0,0,0,1,0,0,0,0,0,0,0,998,0,0,0,1,6,2,12,0,0,0,1,5,71836,6,1,0,0,3,3,69,172,0,0,0,0,0,0,0,0,0,0,38,0,0,0,5,4,45,1,3,2,1,0,0,11,15,1,1,1,68,"777777777777","777777777777","777777777777",0,0
5,50112,2,2,1,7,4,10,43,12,6,1,0,48,1,72,706,72706,80,2009,"1HD1FS4139Y6","1","H","D","1","F","S","4","1","3","9","Y","6",0,0,0,"000000000","00000000000",0,0,0,1,0,0,0,0,0,0,0,998,0,0,0,12,6,5,12,32,0,0,1,48,75501,6,1,0,0,3,9,74,235,0,0,0,0,0,0,0,0,0,0,0,0,0,0,5,4,45,1,3,2,1,0,0,1,67,1,1,1,69,"777777777777","777777777777","777777777777",1,0
5,50113,1,1,2,9,4,16,30,1,0,1,0,0,0,98,739,98739,90,1999,"888888888888","8","8","8","8","8","8","8","8","8","8","8","8",0,0,0,"000000000","00000000000",0,0,0,1,0,0,0,0,0,0,0,998,0,2,1,0,6,8,1,0,0,0,1,5,72335,1,1,0,0,2,0,72,160,0,0,0,0,1,9,2015,9,2015,0,0,0,0,0,1,2,98,1,1,4,1,0,0,1,3,1,1,1,98,"777777777777","777777777777","777777777777",1,0
5,50114,1,1,2,10,4,0,10,42,0,1,0,5,2,20,481,20481,31,2008,"1GCEC14C18Z3","1","G","C","E","C","1","4","C","1","8","Z","3",0,0,0,"000000000","00000000000",0,0,0,1,0,0,0,0,0,0,0,998,0,0,0,12,6,2,42,0,0,0,1,5,71913,6,1,0,0,3,0,76,190,0,0,0,0,0,0,0,0,0,3,58,6,0,0,1,2,55,2,1,2,2,0,0,14,6,6,4,4,7,"777777777777","777777777777","777777777777",1,1
5,50115,1,1,1,10,4,2,20,34,0,1,0,5,2,23,481,23481,31,1997,"2GTEK19R3V15","2","G","T","E","K","1","9","R","3","V","1","5",0,0,0,"000000000","00000000000",0,0,0,1,0,0,0,0,0,0,0,998,0,1,5,14,6,2,1,0,0,0,1,5,72315,6,1,0,0,3,3,70,170,0,0,0,0,0,0,0,0,0,9,58,6,0,0,1,2,55,3,1,2,1,40,3,14,12,6,4,4,7,"777777777777","777777777777","777777777777",1,1
5,50116,1,5,2,10,4,15,25,12,1,1,0,29,1,7,482,7482,31,2003,"1D7HA18N33S2","1","D","7","H","A","1","8","N","3","3","S","2",0,0,0,"000000000","00000000000",0,0,0,1,0,0,0,0,0,0,0,998,0,0,0,6,6,2,12,0,0,0,1,29,63876,6,1,0,0,3,9,70,320,0,0,0,0,0,0,0,0,0,0,77,0,0,0,1,2,45,1,1,2,1,0,0,2,53,16,1,1,25,"777777777777","777777777777","777777777777",0,0
5,50116,2,5,2,10,4,15,25,12,1,1,0,47,1,7,482,7482,31,2013,"1C6RR6FTXDS5","1","C","6","R","R","6","F","T","X","D","S","5",1,1,0,"000000000","00000000000",0,0,0,1,0,0,0,0,0,0,0,998,0,0,0,12,6,2,12,0,0,0,1,47,38375,6,1,0,0,3,0,69,217,1,0,0,1,0,11,2014,2,2016,0,77,0,0,0,1,2,45,1,1,2,1,0,0,1,52,16,9,1,24,"888888888888","777777777777","777777777777",0,0
5,50116,3,5,1,10,4,15,25,12,1,1,0,12,3,12,481,12481,31,2012,"1FT7W2B60CEC","1","F","T","7","W","2","B","6","0","C","E","C",0,0,0,"000000000","00000000000",0,0,0,1,0,0,0,0,0,0,0,998,0,0,0,12,6,2,12,0,0,0,1,12,34601,6,1,0,0,3,3,75,999,0,0,0,0,0,0,0,0,0,0,77,0,0,0,1,2,45,1,1,2,1,0,0,1,52,1,1,1,98,"777777777777","777777777777","777777777777",1,0
5,50116,4,5,4,10,4,15,25,12,1,1,0,5,2,63,402,63402,14,2015,"5XYKT3A60FG6","5","X","Y","K","T","3","A","6","0","F","G","6",0,0,0,"000000000","00000000000",0,0,0,1,0,0,0,0,0,0,0,998,0,0,0,6,6,2,12,32,0,0,1,5,72458,6,1,6,0,3,3,64,168,0,0,0,0,0,0,0,0,0,0,77,0,0,0,1,2,45,1,1,2,1,0,0,1,53,1,1,1,98,"777777777777","777777777777","777777777777",0,0
5,50116,5,5,1,10,4,15,25,12,1,1,0,18,3,51,881,51881,66,2013,"4V4NC9EH4DN1","4","V","4","N","C","9","E","H","4","D","N","1",1,1,57,"121058VA","57121058VA",3,6,3,1,0,0,0,0,0,0,0,998,0,0,0,12,6,2,12,0,0,0,1,47,38114,6,1,6,0,3,0,66,250,0,0,0,0,0,0,0,0,0,4,77,0,0,0,1,2,45,1,1,2,1,0,0,1,6,15,2,1,98,"888888888888","777777777777","777777777777",0,0
5,50117,1,1,1,11,4,5,11,42,0,1,0,5,1,14,17,14017,4,2002,"1MEFM50U02A6","1","M","E","F","M","5","0","U","0","2","A","6",0,0,0,"000000000","00000000000",0,0,0,1,0,0,0,0,0,0,0,998,0,0,0,12,6,2,42,0,0,0,1,5,72946,6,1,0,0,3,0,67,145,2,0,0,4,3,5,2012,12,2015,9,6,0,0,0,1,3,55,3,6,2,2,0,0,14,13,99,9,4,1,"777777777777","777777777777","777777777777",1,0
5,50118,1,1,1,11,4,10,30,34,0,1,0,20,1,13,13,13013,4,2012,"3LNHL2GC5CR8","3","L","N","H","L","2","G","C","5","C","R","8",0,0,0,"000000000","00000000000",0,0,0,1,0,0,0,0,0,0,0,998,0,1,5,12,6,2,1,0,0,0,1,20,67230,6,1,0,0,3,3,72,199,0,0,0,0,0,0,0,0,0,9,39,0,0,0,1,2,55,1,1,2,2,20,3,1,14,6,9,4,14,"777777777777","777777777777","777777777777",1,0
5,50119,1,1,2,13,4,4,39,42,0,1,0,48,1,7,482,7482,31,2008,"1D7HA18238J2","1","D","7","H","A","1","8","2","3","8","J","2",0,0,0,"000000000","00000000000",0,0,0,1,0,0,0,0,0,0,0,998,0,0,0,12,6,2,42,0,0,0,1,5,71923,6,1,0,0,3,0,73,180,0,0,0,1,0,2,2012,2,2012,3,0,0,0,0,1,2,40,3,1,1,1,0,0,1,13,99,9,4,1,"777777777777","777777777777","777777777777",1,1
5,50120,1,2,2,13,4,15,6,12,6,1,0,5,1,39,37,39037,4,2013,"SAJWA0ES8DPS","S","A","J","W","A","0","E","S","8","D","P","S",0,0,0,"000000000","00000000000",0,0,0,1,0,0,0,0,0,0,0,998,0,0,0,12,6,2,12,0,0,0,1,5,72762,6,1,0,0,3,3,66,165,0,0,0,0,0,0,0,0,0,0,38,0,0,0,1,2,98,1,5,2,1,0,0,1,17,99,9,1,86,"777777777777","777777777777","777777777777",2,0
5,50120,2,2,1,13,4,15,6,12,6,1,0,5,3,87,884,87884,66,2005,"1XP5DB0X55D8","1","X","P","5","D","B","0","X","5","5","D","8",1,1,57,"000182110","57000182110",3,6,97,1,0,0,0,0,0,0,0,998,0,0,0,1,6,2,12,0,0,0,1,5,72762,6,1,6,0,3,0,69,240,0,0,0,0,0,0,0,0,0,0,0,0,0,0,5,4,60,1,5,2,1,0,0,1,66,99,9,1,87,"888888888888","777777777777","777777777777",0,0
5,50121,1,1,1,16,4,15,46,1,0,1,0,92,0,53,706,53706,80,2008,"JS1GX72A7821","J","S","1","G","X","7","2","A","7","8","2","1",0,0,0,"000000000","00000000000",0,0,0,1,0,0,0,0,0,0,0,998,0,0,0,0,6,2,1,0,0,0,1,5,72536,6,1,0,0,3,0,68,165,0,0,0,0,0,0,0,0,0,3,6,0,0,0,1,2,55,3,1,1,1,28,3,14,6,1,1,1,98,"777777777777","777777777777","777777777777",1,0
5,50122,1,1,2,17,4,1,44,14,0,1,0,5,2,37,706,37706,80,2007,"1HFSC52617A4","1","H","F","S","C","5","2","6","1","7","A","4",0,0,0,"000000000","00000000000",0,0,0,1,0,0,0,0,0,0,0,998,0,0,0,12,6,2,14,0,0,0,1,5,72023,6,1,0,0,3,0,65,145,0,0,0,0,0,0,0,0,0,9,99,99,99,99,1,2,45,2,2,1,1,0,0,1,12,99,9,4,6,"777777777777","777777777777","777777777777",2,0
5,50123,1,2,1,18,4,13,22,12,2,1,0,5,1,20,421,20421,15,2001,"1GCDT13W51K2","1","G","C","D","T","1","3","W","5","1","K","2",0,0,0,"000000000","00000000000",0,0,0,1,0,0,0,0,0,0,0,998,0,0,0,12,6,2,12,0,0,0,1,5,72120,1,1,0,0,2,3,70,120,1,0,0,0,0,11,2013,11,2013,9,6,50,0,0,3,2,55,1,1,1,1,0,0,1,54,99,9,1,50,"777777777777","777777777777","777777777777",1,0
5,50123,2,2,2,18,4,13,22,12,2,1,0,5,1,20,482,20482,31,2012,"3GCPCSE0XCG1","3","G","C","P","C","S","E","0","X","C","G","1",0,0,0,"000000000","00000000000",0,0,0,1,0,0,0,0,0,0,0,998,0,0,0,12,6,2,12,32,0,0,1,5,72114,6,1,0,0,3,3,71,230,0,0,0,0,0,0,0,0,0,0,0,0,0,0,3,2,55,1,1,1,1,0,0,1,54,99,9,1,51,"777777777777","777777777777","777777777777",0,0
5,50124,1,2,1,18,4,16,20,12,6,1,0,5,1,20,481,20481,31,1996,"1GCEK19R2TE1","1","G","C","E","K","1","9","R","2","T","E","1",0,0,0,"000000000","00000000000",0,0,0,1,0,0,0,0,0,0,0,998,0,1,5,9,6,2,12,0,0,0,1,5,72027,6,1,0,0,3,0,72,170,0,0,0,0,0,0,0,0,0,9,38,0,0,0,1,2,98,1,1,2,1,20,3,11,15,99,9,1,82,"777777777777","777777777777","777777777777",1,0
5,50124,2,2,3,18,4,16,20,12,6,1,0,5,1,20,481,20481,31,2010,"1GC5KVBG2AZ2","1","G","C","5","K","V","B","G","2","A","Z","2",0,0,0,"000000000","00000000000",0,0,0,1,0,0,0,0,0,0,0,998,0,0,0,12,6,2,12,0,0,0,1,5,72047,6,1,0,0,3,0,76,181,0,0,1,0,0,11,2015,11,2015,0,0,0,0,0,1,2,55,1,1,2,1,0,0,1,67,99,9,1,83,"777777777777","777777777777","777777777777",0,0
5,50125,1,2,1,18,4,17,52,12,2,1,0,1,3,82,881,82881,66,2012,"1FUBGDDV8CLB","1","F","U","B","G","D","D","V","8","C","L","B",1,1,57,"978310AL","57978310AL",3,6,1,1,0,0,0,0,0,0,0,998,0,0,0,12,6,2,12,0,0,0,1,5,72501,6,1,6,0,3,0,65,142,0,0,0,0,0,0,0,0,0,0,0,0,0,0,1,2,55,1,1,2,1,29,3,1,62,9,2,1,51,"888888888888","777777777777","777777777777",0,0
5,50125,2,2,2,18,4,17,52,12,2,1,0,5,2,7,442,7442,20,2000,"1B4GP74L4YB7","1","B","4","G","P","7","4","L","4","Y","B","7",0,0,0,"000000000","00000000000",0,0,0,1,0,0,0,0,0,0,0,998,0,0,0,12,6,2,12,0,0,0,1,5,72521,6,1,0,0,3,0,66,170,0,0,0,2,0,3,2015,10,2015,0,51,0,0,0,1,2,55,1,1,2,1,29,3,1,10,99,9,2,50,"777777777777","777777777777","777777777777",1,0
5,50126,1,3,2,19,4,9,30,12,7,1,0,5,1,37,402,37402,14,1997,"JHLRD1854VC0","J","H","L","R","D","1","8","5","4","V","C","0",0,0,0,"000000000","00000000000",0,0,0,1,0,0,0,0,0,0,0,0,0,0,0,10,6,2,2,0,0,1,1,5,72029,6,1,0,0,3,0,62,105,0,0,0,0,0,0,0,0,0,0,54,0,0,0,3,2,70,1,1,2,2,0,0,7,2,1,1,1,48,"777777777777","777777777777","777777777777",2,0
5,50126,2,3,1,19,4,9,30,12,7,1,0,48,3,82,881,82881,66,2009,"1FUJA6CK39DA","1","F","U","J","A","6","C","K","3","9","D","A",1,1,57,"614733GA","57614733GA",3,6,1,1,0,0,0,0,0,0,0,998,0,0,0,1,2,3,12,0,0,0,1,47,38118,6,1,6,0,3,0,69,220,1,0,0,0,0,2,2013,2,2013,9,0,0,0,0,3,2,70,1,1,2,2,0,0,1,50,6,9,3,48,"888888888888","777777777777","777777777777",0,0
5,50126,3,3,2,19,4,9,30,12,7,1,0,6,3,82,881,82881,66,2015,"3AKJGLD58FSG","3","A","K","J","G","L","D","5","8","F","S","G",1,1,57,"1624573CA","571624573CA",3,6,1,1,0,0,0,0,0,0,0,998,0,0,0,12,6,2,12,0,0,0,1,6,93384,6,1,6,0,3,3,66,160,1,0,0,0,0,11,2015,11,2015,9,0,0,0,0,3,2,70,1,1,2,2,0,0,1,50,99,9,1,98,"888888888888","777777777777","777777777777",0,0
5,50127,1,2,1,19,4,13,45,12,8,1,0,5,2,23,481,23481,31,2010,"3GTRCUEA7AG1","3","G","T","R","C","U","E","A","7","A","G","1",0,0,0,"000000000","00000000000",0,0,0,1,0,0,0,0,0,0,0,998,0,0,0,11,6,2,12,0,0,0,1,5,71635,6,1,0,0,3,3,68,165,0,0,0,0,0,0,0,0,0,9,6,51,0,0,1,2,55,2,6,2,2,40,3,14,10,99,9,2,64,"777777777777","777777777777","777777777777",1,0
5,50127,2,2,3,19,4,13,45,12,8,1,0,5,3,84,884,84884,64,1992,"1HTSCPEN2NH4","1","H","T","S","C","P","E","N","2","N","H","4",0,0,77,"777777777","77777777777",3,1,4,1,0,0,0,0,0,0,0,998,0,0,0,11,6,2,12,0,0,0,1,5,71671,6,1,6,0,3,0,68,170,0,0,0,1,3,3,2012,9,2014,0,0,0,0,0,1,2,55,3,6,2,2,40,3,14,62,7,9,1,65,"777777777777","777777777777","777777777777",0,0
5,50128,1,2,2,20,4,8,9,12,7,1,0,5,2,20,401,20401,14,2003,"1GNDT13S7324","1","G","N","D","T","1","3","S","7","3","2","4",0,0,0,"000000000","00000000000",0,0,0,1,0,0,0,0,0,0,0,998,0,0,0,1,6,2,12,0,0,0,1,5,72127,6,1,0,0,3,0,65,142,0,0,0,0,0,0,0,0,0,0,51,0,0,0,1,3,35,3,2,2,1,0,0,14,11,99,9,2,44,"777777777777","777777777777","777777777777",1,0
5,50128,2,2,1,20,4,8,9,12,7,1,0,5,4,82,881,82881,64,2015,"3ALACWDT8FDG","3","A","L","A","C","W","D","T","8","F","D","G",0,0,57,"341855AR","57341855AR",3,1,1,1,0,0,0,0,0,0,0,998,0,0,0,11,6,2,12,0,0,0,1,5,71923,6,1,0,0,3,0,72,208,0,0,0,1,0,8,2012,8,2012,0,0,0,0,0,1,3,35,3,2,2,1,0,0,14,60,7,9,3,45,"777777777777","777777777777","777777777777",0,0
5,50129,1,2,1,20,4,9,7,12,2,1,0,5,1,35,51,35051,6,2015,"KNMAT2MTXFP5","K","N","M","A","T","2","M","T","X","F","P","5",0,0,0,"000000000","00000000000",0,0,0,1,0,0,0,0,0,0,0,998,0,0,0,12,6,2,12,0,0,0,1,5,71730,6,1,0,0,3,3,59,150,0,0,0,0,0,0,0,0,0,0,99,99,99,99,1,2,35,4,2,2,2,0,0,14,10,99,9,2,50,"777777777777","777777777777","777777777777",1,0
5,50129,2,2,2,20,4,9,7,12,2,1,0,5,1,49,442,49442,20,2015,"5TDYK3DC0FS5","5","T","D","Y","K","3","D","C","0","F","S","5",0,0,0,"000000000","00000000000",0,0,0,1,0,0,0,0,0,0,0,998,0,0,0,12,6,2,12,0,0,0,1,5,71730,6,1,0,0,3,3,71,275,0,0,0,0,0,0,0,0,0,0,0,0,0,0,1,2,35,4,2,2,2,0,0,14,62,99,9,1,51,"777777777777","777777777777","777777777777",0,0