"STATE","ST_CASE","VEH_NO","VE_FORMS","NUMOCCS","DAY","MONTH","HOUR","MINUTE","HARM_EV","MAN_COLL","UNITTYPE","HIT_RUN","REG_STAT","OWNER","MAKE","MODEL","MAK_MOD","BODY_TYP","MOD_YEAR","VIN","VIN_1","VIN_2","VIN_3","VIN_4","VIN_5","VIN_6","VIN_7","VIN_8","VIN_9","VIN_10","VIN_11","VIN_12","TOW_VEH","J_KNIFE","MCARR_I1","MCARR_I2","MCARR_ID","GVWR","V_CONFIG","CARGO_BT","HAZ_INV","HAZ_PLAC","HAZ_ID","HAZ_CNO","HAZ_REL","BUS_USE","SPEC_USE","EMER_USE","TRAV_SP","UNDERIDE","ROLLOVER","ROLINLOC","IMPACT1","DEFORMED","TOWED","M_HARM","VEH_SC1","VEH_SC2","FIRE_EXP","DR_PRES","L_STATE","DR_ZIP","L_STATUS","L_TYPE","CDL_STAT","L_ENDORS","L_COMPL","L_RESTRI","DR_HGT","DR_WGT","PREV_ACC","PREV_SUS","PREV_DWI","PREV_SPD","PREV_OTH","FIRST_MO","FIRST_YR","LAST_MO","LAST_YR","SPEEDREL","DR_SF1","DR_SF2","DR_SF3","DR_SF4","VTRAFWAY","VNUM_LAN","VSPD_LIM","VALIGN","VPROFILE","VPAVETYP","VSURCOND","VTRAFCON","VTCONT_F","P_CRASH1","P_CRASH2","P_CRASH3","PCRASH4","PCRASH5","ACC_TYPE","TRLR1VIN","TRLR2VIN","TRLR3VIN","DEATHS","DR_DRINK"
5,50130,1,1,1,20,4,23,30,24,0,1,0,5,1,20,481,20481,31,2002,"1GCEC14W12Z1","1","G","C","E","C","1","4","W","1","2","Z","1",0,0,0,"000000000","00000000000",0,0,0,1,0,0,0,0,0,0,0,998,0,1,5,12,6,2,3,0,0,0,1,5,71770,6,1,0,0,3,3,70,240,0,0,0,1,0,1,2016,1,2016,0,6,0,0,0,1,2,55,1,1,2,1,0,0,1,9,99,9,4,6,"777777777777","777777777777","777777777777",1,1
5,50131,1,2,1,21,4,6,45,12,6,1,0,28,1,20,37,20037,4,2005,"1G1ZS52F25F2","1","G","1","Z","S","5","2","F","2","5","F","2",0,0,0,"000000000","00000000000",0,0,0,1,0,0,0,0,0,0,0,998,0,0,0,9,6,2,12,0,0,0,1,28,38639,6,1,0,0,3,0,71,150,98,0,0,0,0,0,0,0,0,9,6,0,0,0,1,2,45,2,5,1,2,0,0,14,9,99,3,2,66,"777777777777","777777777777","777777777777",1,0
5,50131,2,2,1,21,4,6,45,12,6,1,0,5,1,35,51,35051,6,2013,"JN8AS5MT8DW5","J","N","8","A","S","5","M","T","8","D","W","5",0,0,0,"000000000","00000000000",0,0,0,1,0,0,0,0,0,0,0,998,0,0,0,12,6,2,12,0,0,0,1,5,72390,6,1,0,0,3,3,66,198,0,0,0,0,0,0,0,0,0,9,0,0,0,0,1,2,45,3,6,1,2,0,0,14,62,99,9,1,66,"777777777777","777777777777","777777777777",0,0
5,50132,1,1,1,21,4,10,32,42,0,1,0,5,1,20,481,20481,31,2008,"2GCEC19C7813","2","G","C","E","C","1","9","C","7","8","1","3",0,0,0,"000000000","00000000000",0,0,0,1,0,0,0,0,0,0,0,998,0,0,0,12,6,2,42,0,0,0,1,5,72087,6,1,0,0,3,3,64,130,0,0,0,0,0,0,0,0,0,0,6,0,0,0,1,1,35,1,1,2,1,0,0,1,13,99,1,4,1,"777777777777","777777777777","777777777777",1,0
5,50133,1,2,2,21,4,18,32,12,7,1,0,92,0,99,709,99709,81,2015,"L9NPEACB8F10","L","9","N","P","E","A","C","B","8","F","1","0",0,0,0,"000000000","00000000000",0,0,0,1,0,0,0,0,0,0,0,998,0,0,0,1,4,5,12,0,0,0,1,5,72901,6,1,0,0,3,3,68,190,0,0,0,0,0,0,0,0,0,9,0,0,0,0,1,4,40,1,1,2,1,3,1,1,98,99,1,1,44,"777777777777","777777777777","777777777777",1,0
5,50133,2,2,1,21,4,18,32,12,7,1,0,92,0,99,709,99709,81,2015,"L9NPEACB2F10","L","9","N","P","E","A","C","B","2","F","1","0",0,0,0,"000000000","00000000000",0,0,0,1,0,0,0,0,0,0,0,998,0,0,0,11,4,5,12,0,0,0,1,48,75090,6,1,0,0,3,0,73,165,0,0,0,0,0,0,0,0,0,9,6,0,0,0,1,4,40,1,1,2,1,3,1,1,98,99,1,1,45,"777777777777","777777777777","777777777777",0,0
5,50134,1,2,1,21,4,21,6,12,1,1,0,5,2,53,706,53706,80,2006,"JS1GT76A9621","J","S","1","G","T","7","6","A","9","6","2","1",0,0,0,"000000000","00000000000",0,0,0,1,0,0,0,0,0,0,0,998,0,0,0,12,6,2,12,0,0,1,1,5,72762,0,0,0,0,0,0,999,999,0,0,0,0,0,0,0,0,0,2,8,6,0,0,2,2,45,1,3,2,1,0,0,1,51,99,1,1,24,"777777777777","777777777777","777777777777",1,1
5,50134,2,2,2,21,4,21,6,12,1,1,0,29,2,20,402,20402,14,2002,"2CNBJ13C8269","2","C","N","B","J","1","3","C","8","2","6","9",0,0,0,"000000000","00000000000",0,0,0,1,0,0,0,0,0,0,0,998,0,0,0,6,6,2,12,0,0,0,1,4,85740,6,1,0,0,3,9,73,161,0,0,0,0,0,0,0,0,0,0,0,0,0,0,2,3,45,1,3,2,1,0,0,1,53,99,1,1,25,"777777777777","777777777777","777777777777",0,0
5,50135,1,1,2,23,4,1,44,1,0,1,0,48,1,72,706,72706,80,2007,"1HD1FF4187Y6","1","H","D","1","F","F","4","1","8","7","Y","6",0,0,0,"000000000","00000000000",0,0,0,1,0,0,0,0,0,0,0,998,0,0,0,0,6,2,1,0,0,0,1,48,75456,6,1,6,0,3,9,41,307,0,0,0,0,0,0,0,0,0,9,0,0,0,0,3,2,70,1,1,1,1,0,0,1,1,15,9,1,98,"777777777777","777777777777","777777777777",1,0
5,50136,1,1,1,23,4,12,31,30,0,1,0,5,1,49,402,49402,14,2008,"JTMZD33V3860","J","T","M","Z","D","3","3","V","3","8","6","0",0,0,0,"000000000","00000000000",0,0,0,1,0,0,0,0,0,0,0,998,0,1,5,12,6,2,30,0,0,0,1,5,72132,6,1,0,0,3,3,71,285,0,0,0,0,0,0,0,0,0,4,6,0,0,0,1,2,55,2,1,2,1,0,0,14,6,99,9,4,6,"777777777777","777777777777","777777777777",1,0
5,50137,1,1,2,25,4,18,56,42,0,1,0,5,2,2,404,2404,14,2001,"1J4FT48S31L6","1","J","4","F","T","4","8","S","3","1","L","6",0,0,0,"000000000","00000000000",0,0,0,1,0,0,0,0,0,0,0,998,0,0,0,12,6,2,42,0,0,0,1,5,72842,1,1,0,0,2,0,75,240,0,1,1,0,0,2,2016,2,2016,0,6,0,0,0,1,2,55,2,1,2,1,0,0,14,12,99,9,4,6,"777777777777","777777777777","777777777777",1,1
5,50138,1,1,1,25,4,22,31,42,0,1,0,5,1,37,32,37032,2,2003,"1HGCM71673A0","1","H","G","C","M","7","1","6","7","3","A","0",0,0,0,"000000000","00000000000",0,0,0,1,0,0,0,0,0,0,0,998,0,0,0,9,6,2,42,0,0,0,1,5,71913,6,1,0,0,3,0,68,185,0,0,0,1,2,6,2012,10,2012,0,6,35,0,0,1,2,45,2,1,2,1,0,0,17,13,7,3,4,3,"777777777777","777777777777","777777777777",1,0
5,50139,1,1,2,26,4,14,37,24,0,1,0,5,1,13,5,13005,4,2000,"1LNHM83W7YY9","1","L","N","H","M","8","3","W","7","Y","Y","9",0,0,0,"000000000","00000000000",0,0,0,1,0,0,0,0,0,0,0,998,0,1,5,12,6,2,2,32,0,1,1,5,72469,6,1,0,0,3,0,71,215,0,0,0,0,0,0,0,0,0,9,6,0,0,0,3,2,70,1,6,1,1,0,0,1,13,6,4,4,1,"777777777777","777777777777","777777777777",2,0
5,50140,1,2,1,28,4,17,5,12,1,1,0,5,1,77,706,77706,80,2004,"5VPLB16D5430","5","V","P","L","B","1","6","D","5","4","3","0",0,0,0,"000000000","00000000000",0,0,0,1,0,0,0,0,0,0,0,998,0,0,0,12,6,2,12,0,0,0,1,5,72501,6,1,6,0,3,0,75,220,0,0,0,0,0,0,0,0,0,0,6,0,0,0,3,3,65,1,1,1,1,0,0,1,50,16,2,1,20,"777777777777","777777777777","777777777777",1,0
5,50140,2,2,1,28,4,17,5,12,1,1,0,5,2,34,34,34034,4,2003,"WBAEV534X3KM","W","B","A","E","V","5","3","4","X","3","K","M",0,0,0,"000000000","00000000000",0,0,0,1,0,0,0,0,0,0,0,0,0,0,0,6,2,5,12,0,0,0,1,5,72106,6,1,0,0,3,0,62,125,0,0,0,0,0,0,0,0,0,0,0,0,0,0,3,3,65,1,1,1,1,0,0,5,53,1,1,1,21,"777777777777","777777777777","777777777777",0,0
5,50141,1,1,2,30,4,1,22,8,0,1,0,47,1,87,884,87884,66,2003,"1XP5DB9X63D5","1","X","P","5","D","B","9","X","6","3","D","5",1,1,57,"617062KS","57617062KS",3,6,2,2,2,1075,2,1,0,0,0,998,0,0,0,11,2,5,8,0,0,0,1,47,38002,6,1,6,1,3,0,70,190,1,0,0,0,0,11,2015,11,2015,0,0,0,0,0,3,2,65,1,1,1,2,0,0,1,80,1,1,1,13,"888888888888","777777777777","777777777777",0,0
5,50142,1,1,2,30,4,22,32,33,0,1,0,5,2,37,734,37734,90,2010,"1HFTE3448A43","1","H","F","T","E","3","4","4","8","A","4","3",0,0,0,"000000000","00000000000",0,0,0,1,0,0,0,0,0,0,0,998,0,0,0,2,6,5,33,0,0,0,1,5,72118,6,1,0,0,3,0,67,140,1,0,0,3,3,4,2012,4,2016,9,6,0,0,0,1,3,65,1,1,2,1,0,0,1,98,99,1,5,98,"777777777777","777777777777","777777777777",1,0
5,50143,1,2,1,19,3,16,23,12,6,1,0,40,1,12,37,12037,4,2004,"1FAFP34304W1","1","F","A","F","P","3","4","3","0","4","W","1",0,0,0,"000000000","00000000000",0,0,0,1,0,0,0,0,0,0,0,998,0,0,0,12,6,2,12,0,0,0,1,40,74048,6,1,0,0,3,0,66,180,0,0,0,0,0,0,0,0,0,9,99,99,99,99,1,2,50,1,1,2,1,20,3,11,15,99,1,1,68,"777777777777","777777777777","777777777777",1,0
5,50143,2,2,1,19,3,16,23,12,6,1,0,5,1,35,39,35039,4,1999,"JN1CA21DXXT2","J","N","1","C","A","2","1","D","X","X","T","2",0,0,0,"000000000","00000000000",0,0,0,1,0,0,0,0,0,0,0,998,0,0,0,11,6,2,12,0,0,0,1,5,72801,6,1,0,0,3,3,73,210,0,0,0,0,0,0,0,0,0,0,0,0,0,0,1,2,50,1,1,2,1,0,0,1,68,99,1,1,69,"777777777777","777777777777","777777777777",0,0
5,50144,1,2,1,2,5,14,44,12,6,1,0,92,0,98,709,98709,80,2004,"999999999999","9","9","9","9","9","9","9","9","9","9","9","9",0,0,0,"000000000","00000000000",0,0,0,1,0,0,0,0,0,0,0,998,0,0,0,12,6,2,12,0,0,0,1,5,72956,6,1,0,0,3,3,59,131,0,0,0,0,0,0,0,0,0,0,39,0,0,0,1,2,98,1,8,8,1,20,3,1,17,1,1,1,86,"777777777777","777777777777","777777777777",1,0
5,50144,2,2,2,2,5,14,44,12,6,1,0,5,1,12,422,12422,15,1999,"1FMPU18L3XLB","1","F","M","P","U","1","8","L","3","X","L","B",0,0,0,"000000000","00000000000",0,0,0,1,0,0,0,0,0,0,0,998,0,0,0,3,4,5,12,0,0,0,1,5,72956,6,1,0,0,3,0,62,220,0,0,0,0,2,2,2012,2,2012,0,0,0,0,0,1,2,30,1,2,2,1,20,3,1,66,1,1,1,87,"777777777777","777777777777","777777777777",0,0
5,50145,1,1,2,2,5,20,50,5,0,1,0,92,0,53,706,53706,80,2008,"JS1GX72A1821","J","S","1","G","X","7","2","A","1","8","2","1",0,0,0,"000000000","00000000000",0,0,0,1,0,0,0,0,0,0,0,998,0,0,0,0,0,5,5,0,0,0,1,5,72401,6,1,0,0,3,0,69,240,0,0,0,1,1,2,2015,10,2015,0,0,0,0,0,5,4,60,1,1,2,1,0,0,1,98,1,1,1,0,"777777777777","777777777777","777777777777",1,0
5,50146,1,3,1,2,5,21,39,12,2,1,0,5,1,20,473,20473,30,2004,"1GCDS1369481","1","G","C","D","S","1","3","6","9","4","8","1",0,0,0,"000000000","00000000000",0,0,0,1,0,0,0,0,0,0,0,998,0,1,1,12,6,2,12,0,0,0,1,5,72455,6,1,0,0,3,0,70,200,0,0,0,0,0,0,0,0,0,0,51,0,0,0,5,4,60,1,1,2,1,3,8,1,11,99,9,2,50,"777777777777","777777777777","777777777777",1,0
5,50146,2,3,1,2,5,21,39,12,2,1,0,12,1,49,32,49032,4,2010,"1NXBU4EE1AZ1","1","N","X","B","U","4","E","E","1","A","Z","1",0,0,0,"000000000","00000000000",0,0,0,1,0,0,0,0,0,0,0,998,0,0,0,12,6,2,12,0,0,0,1,12,34448,6,1,0,0,3,0,65,999,0,0,0,2,0,5,2013,4,2014,0,0,0,0,0,5,4,60,1,1,2,1,3,8,1,61,99,9,1,51,"777777777777","777777777777","777777777777",1,0
5,50146,3,3,2,2,5,21,39,12,2,1,0,5,1,7,482,7482,31,2005,"1D7HU18D65S2","1","D","7","H","U","1","8","D","6","5","S","2",0,0,0,"000000000","00000000000",0,0,0,1,0,0,0,0,0,0,0,998,0,0,0,12,6,2,12,32,0,0,1,5,72529,6,1,0,0,3,3,64,170,0,0,0,0,0,0,0,0,0,0,0,0,0,0,5,4,60,1,1,2,1,3,8,1,50,99,9,1,98,"777777777777","777777777777","777777777777",0,0
5,50147,1,3,1,4,5,14,23,12,8,1,0,5,1,51,46,51046,6,2005,"YV1MW6822520","Y","V","1","M","W","6","8","2","2","5","2","0",0,0,0,"000000000","00000000000",0,0,0,1,0,0,0,0,0,0,0,998,0,0,0,11,6,2,12,0,0,0,1,5,72370,6,1,0,0,3,3,63,100,0,0,0,0,0,0,0,0,0,9,51,0,0,0,1,2,55,1,1,2,1,0,0,1,10,99,9,2,64,"777777777777","777777777777","777777777777",1,0
5,50147,2,3,1,4,5,14,23,12,8,1,0,18,3,84,884,84884,66,2016,"1HSDJAPR0GH6","1","H","S","D","J","A","P","R","0","G","H","6",1,1,57,"63391IN","5763391IN",3,6,1,1,0,0,0,0,0,0,0,998,0,0,0,10,6,5,12,0,0,0,1,28,38654,6,1,6,0,3,3,72,240,98,0,0,0,0,0,0,0,0,0,0,0,0,0,1,2,55,1,1,2,1,0,0,1,62,7,1,3,65,"888888888888","777777777777","777777777777",0,0
5,50147,3,3,1,4,5,14,23,12,8,1,0,5,3,90,981,90981,50,2012,"1BAKFCPA4CF2","1","B","A","K","F","C","P","A","4","C","F","2",0,0,77,"777777777","77777777777",2,21,22,1,0,0,0,0,1,2,0,998,0,0,0,7,4,5,12,0,0,0,1,5,72315,6,1,6,0,3,0,75,240,0,0,0,0,1,6,2014,6,2014,0,0,0,0,0,1,2,55,1,1,2,1,0,0,1,62,99,9,1,98,"777777777777","777777777777","777777777777",0,0
5,50148,1,2,2,5,5,5,50,12,2,1,0,5,3,82,884,82884,66,2006,"999999999999","9","9","9","9","9","9","9","9","9","9","9","9",1,1,57,"109807TX","57109807TX",3,6,1,1,0,0,0,0,0,0,0,998,0,0,0,12,6,2,12,0,0,0,1,48,75482,6,1,6,0,3,3,76,205,0,0,0,1,0,3,2013,3,2013,0,0,0,0,0,1,2,55,1,6,2,1,0,0,1,62,99,9,1,51,"888888888888","777777777777","777777777777",0,0
5,50148,2,2,1,5,5,5,50,12,2,1,0,5,2,12,37,12037,4,2007,"1FAFP34N87W3","1","F","A","F","P","3","4","N","8","7","W","3",0,0,0,"000000000","00000000000",0,0,0,1,0,0,0,0,0,0,0,998,0,0,0,12,6,2,12,0,0,0,1,5,72029,6,1,0,0,3,0,74,200,0,0,0,0,0,0,0,0,0,9,6,0,0,0,1,2,55,1,5,2,1,0,0,1,10,16,2,2,50,"777777777777","777777777777","777777777777",1,0
5,50149,1,1,1,6,5,1,30,8,0,1,1,99,9,99,399,99399,9,9999,"999999999999","9","9","9","9","9","9","9","9","9","9","9","9",0,0,0,"000000000","00000000000",0,0,0,1,0,0,0,0,0,0,0,998,0,0,0,99,9,5,8,0,0,0,1,99,99999,9,9,99,9,9,9,999,999,99,99,99,99,99,99,9999,99,9999,9,99,99,99,99,1,2,40,1,1,2,1,0,0,1,80,16,2,1,13,"777777777777","777777777777","777777777777",0,0
5,50150,1,1,1,7,5,16,22,58,0,1,0,35,1,72,706,72706,80,2015,"1HD1KEL17FB6","1","H","D","1","K","E","L","1","7","F","B","6",0,0,0,"000000000","00000000000",0,0,0,1,0,0,0,0,0,0,0,998,0,0,0,99,6,2,58,0,0,0,1,35,88030,6,1,0,0,3,9,68,220,98,0,0,0,0,0,0,0,0,0,99,99,99,99,2,2,70,1,1,2,1,0,0,1,12,99,9,4,6,"777777777777","777777777777","777777777777",1,0
5,50151,1,1,1,10,5,9,26,1,0,1,0,5,1,23,401,23401,14,2003,"1GKDS13S2323","1","G","K","D","S","1","3","S","2","3","2","3",0,0,0,"000000000","00000000000",0,0,0,1,0,0,0,0,0,0,0,998,0,1,6,0,6,2,42,0,0,0,1,5,72830,6,1,0,0,3,0,72,155,0,0,0,0,0,0,0,0,0,3,58,6,0,0,1,2,55,1,1,2,1,0,0,1,9,7,3,4,2,"777777777777","777777777777","777777777777",1,0
5,50152,1,3,2,11,5,18,4,12,7,1,0,5,1,12,401,12401,14,2004,"1FMZU73W64ZB","1","F","M","Z","U","7","3","W","6","4","Z","B",0,0,0,"000000000","00000000000",0,0,0,1,0,0,0,0,0,0,0,35,0,0,0,10,2,5,12,0,0,0,1,5,72764,6,1,0,0,3,0,63,150,0,0,0,0,0,0,0,0,0,0,0,0,0,0,5,4,40,1,1,2,1,0,0,1,60,99,9,1,49,"777777777777","777777777777","777777777777",0,0
5,50152,2,3,1,11,5,18,4,12,7,1,0,5,1,19,421,19421,15,2010,"1GYUKHEFXAR1","1","G","Y","U","K","H","E","F","X","A","R","1",0,0,0,"000000000","00000000000",0,0,0,1,0,0,0,0,0,0,0,998,0,0,0,12,6,2,12,0,0,0,1,5,72762,6,1,0,0,3,3,74,240,0,0,0,0,0,0,0,0,0,0,0,0,0,0,5,4,40,1,1,2,1,0,0,1,62,99,9,1,98,"777777777777","777777777777","777777777777",0,0
5,50152,3,3,2,11,5,18,4,12,7,1,0,5,3,58,37,58037,4,2008,"JNKBV61F88M2","J","N","K","B","V","6","1","F","8","8","M","2",0,0,0,"000000000","00000000000",0,0,0,1,0,0,0,0,0,0,0,90,0,0,0,1,6,2,12,0,0,0,1,5,72764,6,1,0,0,3,3,74,201,0,1,1,0,0,6,2014,6,2014,3,8,6,0,0,5,4,40,1,1,2,1,0,0,1,10,99,9,2,49,"777777777777","777777777777","777777777777",2,1
5,50153,1,2,1,11,5,20,39,12,6,1,0,5,2,12,481,12481,31,1994,"1FTEF15Y0RLB","1","F","T","E","F","1","5","Y","0","R","L","B",0,0,0,"000000000","00000000000",0,0,0,1,0,0,0,0,0,0,0,998,0,0,0,12,6,2,12,0,0,0,1,5,72704,6,1,0,0,3,0,65,160,0,1,1,0,0,1,2012,1,2012,0,38,0,0,0,1,2,40,1,1,2,1,0,0,11,15,99,9,1,68,"777777777777","777777777777","777777777777",0,0
5,50153,2,2,2,11,5,20,39,12,6,1,0,5,9,37,705,37705,80,2002,"JH2RC44092M6","J","H","2","R","C","4","4","0","9","2","M","6",0,0,0,"000000000","00000000000",0,0,0,1,0,0,0,0,0,0,0,998,0,0,0,11,6,2,12,0,0,0,1,99,99999,9,9,99,0,9,9,999,999,99,99,99,99,99,99,9999,99,9999,0,0,0,0,0,1,2,40,1,1,2,1,0,0,1,66,1,1,1,69,"777777777777","777777777777","777777777777",1,0
5,50154,1,1,1,12,5,13,24,1,0,1,0,5,2,86,881,86881,66,2005,"1M2AA18Y95N1","1","M","2","A","A","1","8","Y","9","5","N","1",1,1,88,"888888888","88888888888",3,6,10,1,0,0,0,0,0,0,0,998,0,2,5,0,6,2,72,0,0,0,1,5,71940,6,1,6,0,3,0,72,231,1,0,0,0,2,2,2013,7,2015,9,6,0,0,0,1,2,55,3,3,2,1,0,0,14,13,16,2,4,2,"888888888888","777777777777","777777777777",1,0
5,50155,1,1,1,12,5,17,36,14,0,1,0,5,3,84,881,84881,64,2016,"1HTMMMMM3GH1","1","H","T","M","M","M","M","M","3","G","H","1",0,0,57,"021800AR","57021800AR",2,1,96,1,0,0,0,0,0,0,0,998,0,0,0,1,4,3,8,0,0,0,1,5,72211,6,1,0,0,3,0,65,195,0,0,0,0,0,0,0,0,0,0,6,0,0,0,2,2,70,1,1,2,1,0,0,1,13,1,1,4,98,"777777777777","777777777777","777777777777",0,0
5,50156,1,5,1,13,5,18,8,12,2,1,0,5,2,12,481,12481,31,2012,"1FDRF3GT1CEA","1","F","D","R","F","3","G","T","1","C","E","A",1,3,0,"000000000","00000000000",0,0,0,1,0,0,0,0,0,0,0,998,0,0,0,12,6,2,12,0,0,1,1,5,72118,6,1,0,0,3,3,71,200,0,0,0,0,0,0,0,0,0,9,6,0,0,0,2,4,70,1,1,2,1,0,0,1,12,99,9,6,50,"888888888888","777777777777","777777777777",0,0
5,50156,2,5,1,13,5,18,8,12,2,1,0,5,1,49,403,49403,14,2013,"5TDZA3EH4DS0","5","T","D","Z","A","3","E","H","4","D","S","0",0,0,0,"000000000","00000000000",0,0,0,1,0,0,0,0,0,0,0,998,0,1,1,12,6,2,12,0,0,0,1,5,72211,1,1,0,0,2,3,67,160,0,0,0,1,2,7,2013,4,2016,0,0,0,0,0,2,4,70,1,1,2,1,0,0,1,64,99,9,1,51,"777777777777","777777777777","777777777777",1,0
5,50156,3,5,1,13,5,18,8,12,2,1,0,5,1,20,421,20421,15,2007,"1GNFK13017J1","1","G","N","F","K","1","3","0","1","7","J","1",0,0,0,"000000000","00000000000",0,0,0,1,0,0,0,0,0,0,0,998,0,0,0,11,6,2,12,0,0,0,1,5,72034,6,1,0,0,3,0,71,155,0,0,0,0,0,0,0,0,0,0,0,0,0,0,2,4,70,1,1,2,1,0,0,1,54,6,9,4,98,"777777777777","777777777777","777777777777",0,0
5,50156,4,5,1,13,5,18,8,12,2,1,0,29,1,20,9,20009,2,2011,"2G1FC1ED8B91","2","G","1","F","C","1","E","D","8","B","9","1",0,0,0,"000000000","00000000000",0,0,0,1,0,0,0,0,0,0,0,998,0,0,0,13,6,2,12,0,0,0,1,29,64850,6,1,0,0,3,0,67,225,0,0,0,0,0,0,0,0,0,0,0,0,0,0,2,4,70,1,1,2,1,0,0,1,54,6,9,4,98,"777777777777","777777777777","777777777777",0,0
5,50156,5,5,2,13,5,18,8,12,2,1,0,5,1,20,421,20421,15,2007,"1GNFC13J17J1","1","G","N","F","C","1","3","J","1","7","J","1",0,0,0,"000000000","00000000000",0,0,0,1,0,0,0,0,0,0,0,998,0,0,0,12,6,2,12,0,0,0,1,5,71665,6,1,6,0,3,0,70,200,0,0,0,0,0,0,0,0,0,0,0,0,0,0,2,4,70,1,1,2,1,0,0,1,54,6,9,4,98,"777777777777","777777777777","777777777777",0,0
5,50157,1,2,1,14,5,10,43,12,6,1,0,5,2,12,471,12471,30,1993,"1FTDR15X6PPB","1","F","T","D","R","1","5","X","6","P","P","B",0,0,0,"000000000","00000000000",0,0,0,1,0,0,0,0,0,0,0,998,0,0,0,11,6,2,12,0,0,0,1,5,72751,6,2,0,0,3,3,67,170,0,0,0,0,0,0,0,0,0,0,38,0,0,0,1,2,35,1,1,2,1,0,0,11,15,99,9,1,68,"777777777777","777777777777","777777777777",0,0
5,50157,2,2,1,14,5,10,43,12,6,1,0,5,1,98,709,98709,80,2002,"5E8CB28502T0","5","E","8","C","B","2","8","5","0","2","T","0",0,0,0,"000000000","00000000000",0,0,0,1,0,0,0,0,0,0,0,998,0,0,0,10,6,2,12,0,0,0,1,5,72732,6,1,0,0,3,0,68,195,0,0,0,0,0,0,0,0,0,0,0,0,0,0,1,2,35,1,1,2,1,0,0,1,66,99,9,1,69,"777777777777","777777777777","777777777777",1,0
5,50158,1,2,1,14,5,11,45,12,1,1,0,5,1,37,706,37706,80,2006,"JH2SC57026M2","J","H","2","S","C","5","7","0","2","6","M","2",0,0,0,"000000000","00000000000",0,0,0,1,0,0,0,0,0,0,0,998,0,0,0,12,6,2,12,0,0,0,1,5,72476,6,1,0,0,3,0,69,130,0,0,0,1,1,6,2013,8,2015,0,26,0,0,0,1,2,55,1,1,2,1,0,0,1,52,99,9,1,24,"777777777777","777777777777","777777777777",1,0
5,50158,2,2,3,14,5,11,45,12,1,1,0,5,1,20,481,20481,31,1996,"1GCEK19R9TE1","1","G","C","E","K","1","9","R","9","T","E","1",0,0,0,"000000000","00000000000",0,0,0,1,0,0,0,0,0,0,0,998,0,0,0,6,6,2,12,0,0,0,1,5,72416,6,1,0,0,3,3,70,315,0,0,0,0,0,0,0,0,0,0,0,0,0,0,1,2,55,1,1,2,1,0,0,2,53,99,1,1,25,"777777777777","777777777777","777777777777",0,0
5,50159,1,1,1,14,5,13,0,59,0,1,0,5,1,21,401,21401,14,2000,"1GHDT13W9Y21","1","G","H","D","T","1","3","W","9","Y","2","1",0,0,0,"000000000","00000000000",0,0,0,1,0,0,0,0,0,0,0,998,0,0,0,12,2,3,59,0,0,0,1,5,72701,1,1,0,0,2,0,67,160,0,1,1,0,0,6,2012,6,2012,0,6,0,0,0,1,2,55,1,1,2,1,0,0,1,13,99,9,4,1,"777777777777","777777777777","777777777777",1,1
5,50160,1,2,1,14,5,19,32,12,1,1,1,5,1,59,31,59031,4,1994,"JT8GK13T2R00","J","T","8","G","K","1","3","T","2","R","0","0",0,0,0,"000000000","00000000000",0,0,0,1,0,0,0,0,0,0,0,998,0,0,0,12,6,2,12,0,0,0,1,5,71943,1,1,0,0,2,0,68,210,0,0,0,0,0,0,0,0,0,9,6,0,0,0,1,2,55,1,1,2,1,0,0,6,52,99,9,2,28,"777777777777","777777777777","777777777777",0,1
5,50160,2,2,2,14,5,19,32,12,1,1,0,5,1,72,706,72706,80,1999,"1HD1FDV14XY6","1","H","D","1","F","D","V","1","4","X","Y","6",0,0,0,"000000000","00000000000",0,0,0,1,0,0,0,0,0,0,0,998,0,0,0,6,6,2,12,0,0,0,1,5,71943,6,1,6,0,3,3,72,190,0,0,0,0,0,0,0,0,0,0,0,0,0,0,1,2,55,1,1,2,1,0,0,2,53,1,1,1,30,"777777777777","777777777777","777777777777",1,0
5,50161,1,1,1,15,5,12,33,42,0,1,0,5,1,49,482,49482,31,2006,"5TBDT48196S5","5","T","B","D","T","4","8","1","9","6","S","5",0,0,0,"000000000","00000000000",0,0,0,1,0,0,0,0,0,0,0,998,0,0,0,11,6,2,42,0,0,0,1,5,72135,3,1,0,0,2,0,72,205,0,0,0,0,0,0,0,0,0,4,6,0,0,0,1,2,55,3,1,2,1,40,3,14,6,99,9,4,1,"777777777777","777777777777","777777777777",1,1
5,50162,1,2,1,15,5,18,15,12,6,1,0,5,1,12,422,12422,15,2000,"1FMRU17L6YLC","1","F","M","R","U","1","7","L","6","Y","L","C",0,0,0,"000000000","00000000000",0,0,0,1,0,0,0,0,0,0,0,998,0,0,0,12,6,2,12,0,0,0,1,5,72007,6,1,0,0,3,3,65,130,0,0,0,0,0,0,0,0,0,9,0,0,0,0,1,2,55,1,1,2,2,0,0,1,70,1,1,1,79,"777777777777","777777777777","777777777777",0,1
5,50162,2,2,1,15,5,18,15,12,6,1,0,5,1,73,739,73739,90,9999,"999999999999","9","9","9","9","9","9","9","9","9","9","9","9",0,0,0,"000000000","00000000000",0,0,0,1,0,0,0,0,0,0,0,998,0,0,0,7,6,2,12,0,0,0,1,5,72007,1,1,0,0,2,3,68,180,0,1,0,0,1,4,2016,4,2016,0,38,0,0,0,1,2,0,1,1,2,2,0,0,10,16,1,1,1,78,"777777777777","777777777777","777777777777",1,0