"STATE","ST_CASE","VEH_NO","VE_FORMS","NUMOCCS","DAY","MONTH","HOUR","MINUTE","HARM_EV","MAN_COLL","UNITTYPE","HIT_RUN","REG_STAT","OWNER","MAKE","MODEL","MAK_MOD","BODY_TYP","MOD_YEAR","VIN","VIN_1","VIN_2","VIN_3","VIN_4","VIN_5","VIN_6","VIN_7","VIN_8","VIN_9","VIN_10","VIN_11","VIN_12","TOW_VEH","J_KNIFE","MCARR_I1","MCARR_I2","MCARR_ID","GVWR","V_CONFIG","CARGO_BT","HAZ_INV","HAZ_PLAC","HAZ_ID","HAZ_CNO","HAZ_REL","BUS_USE","SPEC_USE","EMER_USE","TRAV_SP","UNDERIDE","ROLLOVER","ROLINLOC","IMPACT1","DEFORMED","TOWED","M_HARM","VEH_SC1","VEH_SC2","FIRE_EXP","DR_PRES","L_STATE","DR_ZIP","L_STATUS","L_TYPE","CDL_STAT","L_ENDORS","L_COMPL","L_RESTRI","DR_HGT","DR_WGT","PREV_ACC","PREV_SUS","PREV_DWI","PREV_SPD","PREV_OTH","FIRST_MO","FIRST_YR","LAST_MO","LAST_YR","SPEEDREL","DR_SF1","DR_SF2","DR_SF3","DR_SF4","VTRAFWAY","VNUM_LAN","VSPD_LIM","VALIGN","VPROFILE","VPAVETYP","VSURCOND","VTRAFCON","VTCONT_F","P_CRASH1","P_CRASH2","P_CRASH3","PCRASH4","PCRASH5","ACC_TYPE","TRLR1VIN","TRLR2VIN","TRLR3VIN","DEATHS","DR_DRINK"
5,50203,1,1,1,5,6,12,15,34,0,1,0,29,3,72,706,72706,80,2007,"1HD1FR4157Y6","1","H","D","1","F","R","4","1","5","7","Y","6",0,0,0,"000000000","00000000000",0,0,0,1,0,0,0,0,0,0,0,998,0,0,0,14,6,2,59,0,0,0,1,29,65809,6,1,6,1,3,0,66,260,0,0,0,0,0,0,0,0,0,9,6,33,85,0,1,2,55,2,4,2,1,8,3,6,12,6,1,4,8,"777777777777","777777777777","777777777777",1,0
5,50204,1,1,2,5,6,12,36,33,0,1,0,29,1,76,706,76706,80,2001,"JYAVP02E51A0","J","Y","A","V","P","0","2","E","5","1","A","0",0,0,0,"000000000","00000000000",0,0,0,1,0,0,0,0,0,0,0,998,0,0,0,2,4,3,33,0,0,0,1,29,65712,6,1,6,0,3,0,81,250,0,0,0,0,0,0,0,0,0,9,6,0,0,0,5,4,60,1,1,2,1,0,0,1,13,16,9,4,1,"777777777777","777777777777","777777777777",1,0
5,50205,1,3,1,6,6,7,4,12,2,1,0,5,3,85,884,85884,66,2005,"1XKWDB0X15J0","1","X","K","W","D","B","0","X","1","5","J","0",1,1,77,"777777777","77777777777",3,6,10,1,0,0,0,0,0,0,0,998,0,0,0,12,6,2,12,0,0,1,1,5,71742,6,1,6,0,3,3,69,180,0,0,0,1,0,1,2013,1,2013,9,0,0,0,0,1,2,55,2,5,2,1,0,0,14,62,9,2,1,51,"5JYLT40296P0","777777777777","777777777777",0,0
5,50205,2,3,1,6,6,7,4,12,2,1,0,5,1,3,402,3402,14,2007,"5GTDN13E1781","5","G","T","D","N","1","3","E","1","7","8","1",0,0,0,"000000000","00000000000",0,0,0,1,0,0,0,0,0,0,0,998,0,0,0,12,6,2,12,0,0,0,1,5,72022,6,1,6,0,3,3,75,255,0,0,0,0,0,0,0,0,0,9,51,0,0,0,1,2,55,1,3,2,1,0,0,1,10,1,1,2,50,"777777777777","777777777777","777777777777",1,0
5,50205,3,3,1,6,6,7,4,12,2,1,1,5,1,49,40,49040,4,1994,"4T1SK11E3RU4","4","T","1","S","K","1","1","E","3","R","U","4",0,0,0,"000000000","00000000000",0,0,0,1,0,0,0,0,0,0,0,998,0,0,0,18,6,2,54,0,0,0,1,5,72150,6,1,0,0,3,0,69,205,0,0,0,0,0,0,0,0,0,9,6,0,0,0,1,2,55,2,3,2,1,0,0,6,52,9,9,1,98,"777777777777","777777777777","777777777777",0,0
5,50206,1,3,1,6,6,11,5,12,1,1,0,48,3,84,884,84884,66,2011,"3HSCUAPRXBN3","3","H","S","C","U","A","P","R","X","B","N","3",1,1,57,"260850TN","57260850TN",3,6,2,2,2,3257,3,1,0,0,0,998,0,0,0,12,6,2,2,0,0,1,1,5,72176,6,1,6,1,3,3,67,160,0,0,0,0,0,0,0,0,0,9,6,0,0,0,3,2,70,1,1,1,1,0,0,1,52,8,2,1,28,"1E9T466562E0","777777777777","777777777777",1,0
5,50206,2,3,1,6,6,11,5,12,1,1,0,18,3,85,884,85884,66,2015,"1XKYD49X8FJ4","1","X","K","Y","D","4","9","X","8","F","J","4",1,1,57,"261702IN","57261702IN",3,6,1,1,0,0,0,0,0,0,0,998,0,0,0,6,6,2,12,0,0,0,1,48,75668,6,1,6,0,3,3,67,175,0,0,0,0,0,0,0,0,0,9,0,0,0,0,3,2,70,1,1,1,1,0,0,2,53,99,1,1,29,"888888888888","777777777777","777777777777",0,0
5,50206,3,3,1,6,6,11,5,12,1,1,0,5,3,35,421,35421,15,2012,"5N1BA0NE2CN6","5","N","1","B","A","0","N","E","2","C","N","6",0,0,0,"000000000","00000000000",0,0,0,1,0,0,0,0,0,0,0,998,0,0,0,5,6,2,12,0,0,0,1,5,72751,6,1,0,0,3,0,70,220,0,0,0,0,0,0,0,0,0,9,0,0,0,0,3,2,70,1,1,1,1,0,0,2,52,99,1,1,98,"777777777777","777777777777","777777777777",0,0
5,50207,1,2,2,6,6,12,50,12,8,1,0,48,2,7,482,7482,31,1999,"1B7HC13ZXXJ6","1","B","7","H","C","1","3","Z","X","X","J","6",0,0,0,"000000000","00000000000",0,0,0,1,0,0,0,0,0,0,0,998,0,0,0,11,6,2,12,0,0,0,1,48,75503,6,1,0,0,3,0,74,197,0,0,0,0,0,0,0,0,0,0,28,0,0,0,1,2,55,1,3,2,1,0,0,1,10,99,9,2,64,"777777777777","777777777777","777777777777",1,0
5,50207,2,2,1,6,6,12,50,12,8,1,0,40,3,86,881,86881,66,2015,"1M1AN07Y6FM0","1","M","1","A","N","0","7","Y","6","F","M","0",1,1,57,"758390OK","57758390OK",3,6,10,1,0,0,0,0,0,0,0,998,0,0,0,11,6,2,12,0,0,0,1,40,74728,6,1,6,0,3,0,66,260,0,0,0,0,0,0,0,0,0,0,0,0,0,0,1,2,55,1,3,2,1,0,0,1,62,99,9,1,65,"888888888888","777777777777","777777777777",0,0
5,50208,1,2,2,6,6,13,0,12,6,1,0,5,1,14,6,14006,4,2006,"2MEFM75V86X6","2","M","E","F","M","7","5","V","8","6","X","6",0,0,0,"000000000","00000000000",0,0,0,1,0,0,0,0,0,0,0,998,0,0,0,12,6,2,12,0,0,0,1,5,72058,6,1,6,0,3,0,70,210,0,0,0,0,0,0,0,0,0,9,0,0,0,0,1,2,55,1,1,2,1,0,0,1,67,99,9,1,83,"777777777777","777777777777","777777777777",0,0
5,50208,2,2,2,6,6,13,0,12,6,1,0,5,1,30,34,30034,3,9999,"999999999999","9","9","9","9","9","9","9","9","9","9","9","9",0,0,0,"000000000","00000000000",0,0,0,1,0,0,0,0,0,0,0,998,0,0,0,9,6,2,12,0,0,0,1,5,72058,6,1,0,0,3,3,71,215,0,0,0,0,0,0,0,0,0,0,38,0,0,0,1,2,98,1,8,8,1,20,3,11,15,99,9,1,82,"777777777777","777777777777","777777777777",2,0
5,50209,1,2,2,7,6,8,50,12,6,1,0,5,1,55,36,55036,4,2013,"KMHCT4AE1DU2","K","M","H","C","T","4","A","E","1","D","U","2",0,0,0,"000000000","00000000000",0,0,0,1,0,0,0,0,0,0,0,998,0,0,0,11,6,2,12,0,0,0,1,5,72555,6,1,0,0,3,3,62,125,0,0,0,0,0,0,0,0,0,0,38,0,0,0,8,8,98,1,8,8,1,0,0,11,15,99,1,1,82,"777777777777","777777777777","777777777777",1,0
5,50209,2,2,2,7,6,8,50,12,6,1,0,5,1,35,39,35039,4,2000,"JN1CA31D8YT5","J","N","1","C","A","3","1","D","8","Y","T","5",0,0,0,"000000000","00000000000",0,0,0,1,0,0,0,0,0,0,0,998,0,0,0,12,6,2,12,0,0,0,1,5,72501,6,1,0,0,3,0,74,228,0,0,0,0,0,0,0,0,0,0,0,0,0,0,1,2,55,1,5,2,1,0,0,1,72,8,2,1,83,"777777777777","777777777777","777777777777",0,0
5,50210,1,1,1,8,6,17,15,9,0,1,0,5,1,20,481,20481,31,2000,"2GCEC19T2Y11","2","G","C","E","C","1","9","T","2","Y","1","1",0,0,0,"000000000","00000000000",0,0,0,1,0,0,0,0,0,0,0,998,0,0,0,12,4,5,9,0,0,0,1,5,72401,6,1,0,0,3,0,64,200,0,0,0,0,0,0,0,0,0,9,99,99,99,99,1,2,40,1,5,2,1,0,0,1,83,99,1,9,13,"777777777777","777777777777","777777777777",0,0
5,50211,1,1,1,10,6,17,2,24,0,1,0,22,1,7,442,7442,20,2015,"2C4RDGCG3FR6","2","C","4","R","D","G","C","G","3","F","R","6",0,0,0,"000000000","00000000000",0,0,0,1,0,0,0,0,0,0,0,998,0,0,0,12,6,2,3,0,0,0,1,22,71366,6,1,0,0,3,9,66,160,0,0,0,0,0,0,0,0,0,3,6,0,0,0,1,2,40,1,1,2,1,3,3,1,14,16,1,4,14,"777777777777","777777777777","777777777777",1,0
5,50212,1,1,1,11,6,12,48,42,0,1,0,5,1,73,705,73705,80,2011,"JKAZX4R18BA0","J","K","A","Z","X","4","R","1","8","B","A","0",0,0,0,"000000000","00000000000",0,0,0,1,0,0,0,0,0,0,0,998,0,0,0,12,6,2,42,0,0,0,1,5,72858,6,1,6,0,3,3,74,185,0,0,0,0,0,0,0,0,0,3,58,35,8,0,1,2,55,3,1,2,1,0,0,6,6,12,1,4,1,"777777777777","777777777777","777777777777",1,0
5,50213,1,1,1,11,6,23,29,1,0,1,0,5,2,98,705,98705,80,2001,"4MZKP13C9135","4","M","Z","K","P","1","3","C","9","1","3","5",0,0,0,"000000000","00000000000",0,0,0,1,0,0,0,0,0,0,0,998,0,0,0,0,6,2,14,0,0,0,1,5,72714,1,1,0,0,2,3,73,155,1,1,1,1,0,2,2015,5,2016,0,99,99,99,99,1,2,55,2,1,2,1,0,0,14,12,99,9,4,6,"777777777777","777777777777","777777777777",1,1
5,50214,1,2,2,12,6,15,5,12,6,1,0,5,1,37,31,37031,2,1995,"1HGEJ2225SL0","1","H","G","E","J","2","2","2","5","S","L","0",0,0,0,"000000000","00000000000",0,0,0,1,0,0,0,0,0,0,0,998,0,0,0,3,6,2,12,0,0,0,1,5,71953,6,1,0,0,3,0,68,240,0,0,0,0,0,0,0,0,0,3,6,0,0,0,5,4,55,2,6,2,2,0,0,14,6,99,4,2,66,"777777777777","777777777777","777777777777",2,0
5,50214,2,2,2,12,6,15,5,12,6,1,0,5,1,20,422,20422,15,2013,"1GNSCKE04DR2","1","G","N","S","C","K","E","0","4","D","R","2",0,0,0,"000000000","00000000000",0,0,0,1,0,0,0,0,0,0,0,998,0,0,0,12,6,2,12,0,0,0,1,5,71602,6,1,0,0,3,0,72,190,0,0,0,0,0,0,0,0,0,0,0,0,0,0,5,4,55,1,6,2,2,0,0,1,62,99,9,1,66,"777777777777","777777777777","777777777777",0,0
5,50215,1,2,1,16,6,5,0,12,6,1,0,5,2,55,35,55035,4,2002,"KMHDN45D42U3","K","M","H","D","N","4","5","D","4","2","U","3",0,0,0,"000000000","00000000000",0,0,0,1,0,0,0,0,0,0,0,998,0,0,0,3,6,2,12,0,0,0,1,20,66213,6,1,0,0,3,3,69,140,0,0,0,0,0,0,0,0,0,9,58,51,0,0,3,2,70,1,1,2,1,0,0,1,1,8,4,2,66,"777777777777","777777777777","777777777777",1,0
5,50215,2,2,1,16,6,5,0,12,6,1,0,5,3,82,881,82881,64,2005,"1FVHC5CV25HN","1","F","V","H","C","5","C","V","2","5","H","N",0,0,57,"464828AR","57464828AR",3,2,4,1,0,0,0,0,0,0,0,998,0,0,0,12,4,5,12,0,0,0,1,5,72704,6,1,6,0,3,0,72,208,0,0,0,0,0,0,0,0,0,0,0,0,0,0,3,2,70,1,1,2,1,0,0,1,62,8,2,1,66,"777777777777","777777777777","777777777777",0,0
5,50216,1,1,1,17,6,3,49,31,0,1,0,5,2,20,2,20002,4,2000,"2G1WH55KXY93","2","G","1","W","H","5","5","K","X","Y","9","3",0,0,0,"000000000","00000000000",0,0,0,1,0,0,0,0,0,0,0,998,0,1,6,3,6,2,2,0,0,1,1,5,72756,0,0,0,0,0,0,72,250,0,0,0,0,0,0,0,0,0,5,99,99,99,99,1,2,35,2,1,2,1,0,0,14,9,99,4,4,6,"777777777777","777777777777","777777777777",1,0
5,50217,1,1,2,17,6,7,44,1,0,1,0,5,1,72,706,72706,80,2007,"1HD1FR4197Y6","1","H","D","1","F","R","4","1","9","7","Y","6",0,0,0,"000000000","00000000000",0,0,0,1,0,0,0,0,0,0,0,998,0,0,0,0,6,2,1,0,0,0,1,5,72011,6,1,0,0,3,3,71,240,0,0,0,0,0,0,0,0,0,0,6,0,0,0,2,2,70,3,1,1,1,0,0,14,9,99,9,1,98,"777777777777","777777777777","777777777777",2,0
5,50218,1,2,1,17,6,18,0,12,2,1,0,5,1,20,421,20421,15,2003,"1GNDT13X33K1","1","G","N","D","T","1","3","X","3","3","K","1",0,0,0,"000000000","00000000000",0,0,0,1,0,0,0,0,0,0,0,998,0,0,0,12,6,2,12,0,0,0,1,5,72744,6,1,0,0,3,0,71,180,0,0,0,2,0,5,2015,3,2016,9,6,51,0,0,1,2,55,3,1,2,1,0,0,14,10,99,9,2,50,"777777777777","777777777777","777777777777",0,0
5,50218,2,2,1,17,6,18,0,12,2,1,0,5,1,72,706,72706,80,1999,"1HD1FCW14XY6","1","H","D","1","F","C","W","1","4","X","Y","6",0,0,0,"000000000","00000000000",0,0,0,1,0,0,0,0,0,0,0,998,0,0,0,12,6,2,12,0,0,0,1,5,72769,6,1,0,0,3,3,68,210,0,1,1,0,0,10,2013,1,2014,9,0,0,0,0,1,2,55,2,1,2,1,0,0,14,62,99,9,1,51,"777777777777","777777777777","777777777777",1,0
5,50219,1,2,1,17,6,18,13,12,1,1,0,55,2,12,461,12461,21,2007,"1FTSS34L17DB","1","F","T","S","S","3","4","L","1","7","D","B",0,0,0,"000000000","00000000000",0,0,0,1,0,0,0,0,0,0,0,998,0,0,0,12,6,2,12,0,0,0,1,55,53140,6,1,0,0,3,9,70,230,0,0,0,0,0,0,0,0,0,4,6,0,0,0,3,2,65,1,1,2,1,0,0,1,6,1,1,1,24,"777777777777","777777777777","777777777777",0,0
5,50219,2,2,2,17,6,18,13,12,1,1,0,48,1,18,421,18421,15,2016,"5GAKRBKD5GJ1","5","G","A","K","R","B","K","D","5","G","J","1",0,0,0,"000000000","00000000000",0,0,0,1,0,0,0,0,0,0,0,998,0,0,0,6,6,2,12,0,0,0,1,48,75009,6,1,0,0,3,3,71,195,0,0,0,0,0,0,0,0,0,0,99,99,99,99,3,2,65,1,1,2,1,0,0,2,53,1,1,1,25,"777777777777","777777777777","777777777777",1,0
5,50220,1,2,2,18,6,2,18,11,0,1,0,48,2,98,709,98709,80,2006,"999999999999","9","9","9","9","9","9","9","9","9","9","9","9",0,0,0,"000000000","00000000000",0,0,0,1,0,0,0,0,0,0,0,998,0,0,0,12,6,2,11,0,0,0,1,5,72076,6,1,6,0,3,3,71,165,0,0,0,0,0,0,0,0,0,9,99,99,99,99,1,2,55,1,1,2,1,0,0,1,87,99,9,1,13,"777777777777","777777777777","777777777777",1,1
5,50220,2,2,1,18,6,2,18,11,0,1,0,5,1,23,481,23481,31,2001,"1GTEK14T11E1","1","G","T","E","K","1","4","T","1","1","E","1",1,1,0,"000000000","00000000000",0,0,0,1,0,0,0,0,0,0,0,998,0,0,0,18,0,5,54,32,0,0,1,5,72136,6,1,6,0,3,3,61,184,1,0,0,1,0,8,2015,2,2016,9,0,0,0,0,1,2,55,1,1,2,1,0,0,1,98,1,1,1,98,"888888888888","777777777777","777777777777",0,0
5,50221,1,1,2,18,6,6,55,35,0,1,0,5,2,37,39,37039,5,2007,"JHMGD38497S0","J","H","M","G","D","3","8","4","9","7","S","0",0,0,0,"000000000","00000000000",0,0,0,1,0,0,0,0,0,0,0,998,0,1,6,12,6,2,1,0,0,0,1,5,72131,1,1,0,0,2,0,69,150,0,2,0,0,0,8,2014,7,2015,4,6,8,0,0,1,2,55,2,6,2,1,0,0,14,6,1,1,4,6,"777777777777","777777777777","777777777777",1,0
5,50222,1,3,1,18,6,19,0,12,8,1,1,36,1,12,481,12481,31,2006,"1FTRX14W56NA","1","F","T","R","X","1","4","W","5","6","N","A",0,0,0,"000000000","00000000000",0,0,0,1,0,0,0,0,0,0,0,998,0,0,0,11,6,2,39,0,0,0,1,36,14889,2,1,2,0,2,9,70,999,0,0,0,0,0,0,0,0,0,9,51,6,0,0,1,2,55,2,6,2,1,0,0,14,10,1,1,2,64,"777777777777","777777777777","777777777777",0,1
5,50222,2,3,2,18,6,19,0,12,8,1,0,40,1,72,706,72706,80,2014,"1HD1KRM1XEB6","1","H","D","1","K","R","M","1","X","E","B","6",0,0,0,"000000000","00000000000",0,0,0,1,0,0,0,0,0,0,0,998,0,0,0,11,6,2,12,0,0,0,1,40,74002,6,1,0,0,3,9,65,230,0,0,0,0,0,0,0,0,0,9,0,0,0,0,1,2,55,3,5,2,1,0,0,14,62,7,9,1,65,"777777777777","777777777777","777777777777",2,1
5,50222,3,3,2,18,6,19,0,12,8,1,0,40,2,72,706,72706,80,2014,"1HD1KRM14EB6","1","H","D","1","K","R","M","1","4","E","B","6",0,0,0,"000000000","00000000000",0,0,0,1,0,0,0,0,0,0,0,998,0,0,0,3,4,5,12,0,0,0,1,40,74001,6,1,0,0,3,9,70,180,0,0,0,0,0,0,0,0,0,0,0,0,0,0,1,2,55,3,5,2,1,0,0,14,62,6,9,1,98,"777777777777","777777777777","777777777777",0,0
5,50223,1,1,1,19,6,4,41,33,0,1,0,5,1,72,706,72706,80,2002,"1HD4CJM142K1","1","H","D","4","C","J","M","1","4","2","K","1",0,0,0,"000000000","00000000000",0,0,0,1,0,0,0,0,0,0,0,998,0,0,0,12,6,2,33,0,0,0,1,5,72704,6,1,6,0,3,3,74,215,0,0,0,1,1,8,2015,8,2015,0,99,99,99,99,5,5,35,3,1,2,1,0,0,14,13,16,2,4,2,"777777777777","777777777777","777777777777",1,0
5,50224,1,2,1,19,6,16,18,12,6,1,0,5,1,37,705,37705,80,1998,"JH2RC4430WM0","J","H","2","R","C","4","4","3","0","W","M","0",0,0,0,"000000000","00000000000",0,0,0,1,0,0,0,0,0,0,0,998,0,0,0,12,6,2,12,0,0,0,1,5,72532,6,1,8,0,3,0,73,230,0,0,0,0,0,0,0,0,0,9,28,0,0,0,1,3,55,1,6,2,1,40,3,1,10,99,9,2,74,"777777777777","777777777777","777777777777",1,0
5,50224,2,2,1,19,6,16,18,12,6,1,0,47,3,98,998,98998,92,9999,"1LV5100ETFY4","1","L","V","5","1","0","0","E","T","F","Y","4",1,1,0,"000000000","00000000000",0,0,0,1,0,0,0,0,0,0,0,998,0,0,0,7,2,5,12,0,0,0,1,47,38069,2,1,0,0,2,0,64,238,0,0,0,0,0,0,0,0,0,0,0,0,0,0,1,3,55,1,6,2,1,40,3,11,15,99,9,1,74,"888888888888","777777777777","777777777777",0,0
5,50225,1,1,1,19,6,17,57,42,0,1,0,5,2,7,12,7012,9,9999,"1B7FL23X8PS2","1","B","7","F","L","2","3","X","8","P","S","2",0,0,0,"000000000","00000000000",0,0,0,1,0,0,0,0,0,0,0,998,0,1,5,12,6,2,42,0,0,0,1,5,72949,1,1,0,0,2,0,69,200,0,0,0,0,1,3,2015,3,2015,4,6,0,0,0,1,2,55,3,3,2,1,0,0,14,6,99,9,4,6,"777777777777","777777777777","777777777777",1,0
5,50226,1,1,2,21,6,4,19,57,0,1,0,6,3,87,881,87881,66,2010,"1XP7D49X0AD7","1","X","P","7","D","4","9","X","0","A","D","7",1,1,57,"2377628CA","572377628CA",3,6,1,1,0,0,0,0,0,0,0,998,0,1,5,11,6,2,2,0,0,1,1,6,92843,6,1,6,0,3,0,66,134,0,0,0,0,0,0,0,0,0,9,6,0,0,0,3,2,70,1,1,2,1,0,0,1,9,99,9,4,6,"1UYVS2537FP2","777777777777","777777777777",1,0
5,50227,1,1,1,22,6,14,55,34,0,1,0,39,1,53,706,53706,80,2008,"JS1VS55A4821","J","S","1","V","S","5","5","A","4","8","2","1",0,0,0,"000000000","00000000000",0,0,0,1,0,0,0,0,0,0,0,998,0,0,0,98,6,2,34,0,0,0,1,39,44870,6,1,0,0,3,3,70,190,0,0,0,0,0,0,0,0,0,4,0,0,0,0,1,2,98,1,1,4,1,40,3,1,6,99,9,4,2,"777777777777","777777777777","777777777777",1,0
5,50228,1,2,1,23,6,0,59,12,6,1,0,5,3,12,401,12401,14,2002,"1FMZU62E92ZA","1","F","M","Z","U","6","2","E","9","2","Z","A",0,0,0,"000000000","00000000000",0,0,0,1,0,0,0,0,0,0,0,998,0,0,0,10,6,2,12,0,0,0,1,5,72204,1,1,0,0,2,0,63,155,0,0,0,1,0,7,2015,7,2015,9,0,0,0,0,5,2,35,1,1,2,1,3,3,1,66,99,1,1,89,"777777777777","777777777777","777777777777",0,0
5,50228,2,2,2,23,6,0,59,12,6,1,0,5,0,98,703,98703,88,2016,"L9NTELKE4G12","L","9","N","T","E","L","K","E","4","G","1","2",0,0,0,"000000000","00000000000",0,0,0,1,0,0,0,0,0,0,0,998,0,0,0,12,6,2,12,0,0,0,1,5,72209,1,1,0,0,2,3,66,130,0,0,0,0,0,0,0,0,0,9,38,0,0,0,5,2,98,1,1,2,1,3,3,1,17,99,9,1,88,"777777777777","777777777777","777777777777",2,0
5,50229,1,1,2,25,6,0,50,35,0,1,0,28,1,49,482,49482,31,2012,"5TFDW5F19CX2","5","T","F","D","W","5","F","1","9","C","X","2",0,0,0,"000000000","00000000000",0,0,0,1,0,0,0,0,0,0,0,998,0,0,0,12,6,2,35,0,0,0,1,28,39465,6,1,0,0,3,0,67,190,98,0,0,0,0,0,0,0,0,0,6,0,0,0,1,2,55,3,6,2,1,98,3,14,13,6,4,4,1,"777777777777","777777777777","777777777777",1,1
5,50230,1,1,1,25,6,19,45,1,0,1,0,47,1,23,481,23481,31,2004,"2GTEK13T3413","2","G","T","E","K","1","3","T","3","4","1","3",0,0,0,"000000000","00000000000",0,0,0,1,0,0,0,0,0,0,0,998,0,1,1,0,6,2,1,0,0,0,1,47,38119,6,1,0,0,3,3,74,256,0,0,0,0,0,0,0,0,0,9,6,0,0,0,6,1,98,3,4,2,1,0,0,14,13,6,9,6,98,"777777777777","777777777777","777777777777",1,1
5,50231,1,1,1,26,6,16,20,1,0,1,0,5,2,20,421,20421,15,1992,"1GNEK18K3NJ3","1","G","N","E","K","1","8","K","3","N","J","3",0,0,0,"000000000","00000000000",0,0,0,1,0,0,0,0,0,0,0,998,0,1,1,0,6,2,1,0,0,0,1,5,72583,6,1,0,0,3,0,69,150,0,0,0,0,0,0,0,0,0,3,6,58,0,0,1,2,55,1,5,2,1,0,0,1,6,6,4,6,98,"777777777777","777777777777","777777777777",1,0
5,50232,1,1,1,28,6,1,50,35,0,1,0,5,3,12,481,12481,31,2003,"1FTNW21F33EA","1","F","T","N","W","2","1","F","3","3","E","A",0,0,0,"000000000","00000000000",0,0,0,1,0,0,0,0,0,0,0,998,0,1,5,14,6,2,42,0,0,0,1,5,72031,1,1,0,0,2,0,72,160,0,1,1,0,0,10,2015,10,2015,4,6,58,0,0,1,2,55,3,6,2,1,40,3,14,6,6,9,4,6,"777777777777","777777777777","777777777777",1,1
5,50233,1,1,1,28,6,3,40,11,0,1,0,5,1,37,703,37703,80,2016,"MLHMD3818G53","M","L","H","M","D","3","8","1","8","G","5","3",0,0,0,"000000000","00000000000",0,0,0,1,0,0,0,0,0,0,0,998,0,0,0,12,4,3,11,0,0,0,1,5,72051,6,1,6,0,3,0,71,160,0,0,0,2,1,9,2013,2,2016,0,0,0,0,0,1,2,45,1,1,2,1,0,0,1,87,6,9,1,13,"777777777777","777777777777","777777777777",1,0
5,50234,1,2,1,28,6,19,18,12,6,1,0,5,1,12,481,12481,31,1997,"1FTDF18W1VLB","1","F","T","D","F","1","8","W","1","V","L","B",0,0,0,"000000000","00000000000",0,0,0,1,0,0,0,0,0,0,0,998,0,0,0,1,4,5,12,0,0,0,1,5,72450,6,1,0,0,3,0,62,180,0,1,1,0,2,5,2013,8,2015,0,38,0,0,0,5,2,45,1,1,2,1,0,0,11,15,6,1,1,68,"777777777777","777777777777","777777777777",0,0
5,50234,2,2,1,28,6,19,18,12,6,1,0,5,2,76,706,76706,80,2014,"JYAVN05EXEA0","J","Y","A","V","N","0","5","E","X","E","A","0",0,0,0,"000000000","00000000000",0,0,0,1,0,0,0,0,0,0,0,998,0,0,0,12,6,2,12,0,0,0,1,5,72762,6,1,6,0,3,0,71,215,0,0,0,1,0,1,2012,1,2012,0,0,0,0,0,5,2,45,1,1,2,1,0,0,1,62,16,2,1,69,"777777777777","777777777777","777777777777",1,0
5,50235,1,1,3,28,6,20,26,15,0,1,1,5,2,20,2,20002,4,2001,"999999999999","9","9","9","9","9","9","9","9","9","9","9","9",0,0,0,"000000000","00000000000",0,0,0,1,0,0,0,0,0,0,0,998,0,0,0,12,0,5,15,0,0,0,1,5,72204,6,1,0,0,3,0,68,170,0,0,0,0,2,7,2012,1,2015,0,86,0,0,0,1,2,25,1,1,2,1,0,0,1,84,99,9,1,13,"777777777777","777777777777","777777777777",0,0
5,50236,1,2,1,29,6,9,48,12,2,1,0,5,2,12,481,12481,31,1993,"1FTEF15Y8PNB","1","F","T","E","F","1","5","Y","8","P","N","B",0,0,0,"000000000","00000000000",0,0,0,1,0,0,0,0,0,0,0,998,0,1,1,12,6,2,12,0,0,0,1,5,71857,1,1,0,0,2,3,72,130,0,0,0,0,0,0,0,0,0,9,6,38,0,0,1,2,55,2,1,2,1,0,0,14,10,99,9,2,50,"777777777777","777777777777","777777777777",1,0
5,50236,2,2,4,29,6,9,48,12,2,1,0,5,2,20,481,20481,31,2014,"3GCPCREC7EG1","3","G","C","P","C","R","E","C","7","E","G","1",0,0,0,"000000000","00000000000",0,0,0,1,0,0,0,0,0,0,0,998,0,0,0,12,6,2,12,0,0,0,1,5,71801,6,1,0,0,3,0,60,147,0,0,0,0,0,0,0,0,0,9,0,0,0,0,1,2,55,3,1,2,1,0,0,14,62,15,9,1,51,"777777777777","777777777777","777777777777",0,0
5,50237,1,2,1,29,6,15,36,12,8,1,0,5,3,87,884,87884,66,2015,"1XPXDP9X2FD2","1","X","P","X","D","P","9","X","2","F","D","2",1,1,57,"665224AR","57665224AR",3,6,1,1,0,0,0,0,0,0,0,998,0,0,0,9,4,3,12,0,0,0,1,5,72949,6,1,6,0,3,0,67,140,1,0,0,0,0,6,2013,6,2013,0,0,0,0,0,1,2,40,3,1,2,1,0,0,14,60,7,9,1,65,"1GRAA06227B7","777777777777","777777777777",0,0
5,50237,2,2,1,29,6,15,36,12,8,1,0,5,1,73,705,73705,80,1997,"JKAVNDA15VB5","J","K","A","V","N","D","A","1","5","V","B","5",0,0,0,"000000000","00000000000",0,0,0,1,0,0,0,0,0,0,0,998,0,0,0,11,6,2,12,0,0,0,1,5,72863,6,1,0,0,3,0,71,230,0,0,0,0,0,0,0,0,0,0,6,51,0,0,1,2,40,2,1,2,1,0,0,14,10,99,9,2,64,"777777777777","777777777777","777777777777",1,0
5,50238,1,1,3,30,6,7,15,34,0,1,0,5,2,12,401,12401,14,2004,"1FMZU73K64UA","1","F","M","Z","U","7","3","K","6","4","U","A",0,0,0,"000000000","00000000000",0,0,0,1,0,0,0,0,0,0,0,998,0,1,5,5,6,2,32,0,0,0,1,5,72949,6,1,0,0,3,0,66,160,0,0,0,0,0,0,0,0,0,4,6,58,0,0,1,2,55,3,6,2,1,0,0,14,6,7,9,4,1,"777777777777","777777777777","777777777777",1,0