"STATE","ST_CASE","VEH_NO","VE_FORMS","NUMOCCS","DAY","MONTH","HOUR","MINUTE","HARM_EV","MAN_COLL","UNITTYPE","HIT_RUN","REG_STAT","OWNER","MAKE","MODEL","MAK_MOD","BODY_TYP","MOD_YEAR","VIN","VIN_1","VIN_2","VIN_3","VIN_4","VIN_5","VIN_6","VIN_7","VIN_8","VIN_9","VIN_10","VIN_11","VIN_12","TOW_VEH","J_KNIFE","MCARR_I1","MCARR_I2","MCARR_ID","GVWR","V_CONFIG","CARGO_BT","HAZ_INV","HAZ_PLAC","HAZ_ID","HAZ_CNO","HAZ_REL","BUS_USE","SPEC_USE","EMER_USE","TRAV_SP","UNDERIDE","ROLLOVER","ROLINLOC","IMPACT1","DEFORMED","TOWED","M_HARM","VEH_SC1","VEH_SC2","FIRE_EXP","DR_PRES","L_STATE","DR_ZIP","L_STATUS","L_TYPE","CDL_STAT","L_ENDORS","L_COMPL","L_RESTRI","DR_HGT","DR_WGT","PREV_ACC","PREV_SUS","PREV_DWI","PREV_SPD","PREV_OTH","FIRST_MO","FIRST_YR","LAST_MO","LAST_YR","SPEEDREL","DR_SF1","DR_SF2","DR_SF3","DR_SF4","VTRAFWAY","VNUM_LAN","VSPD_LIM","VALIGN","VPROFILE","VPAVETYP","VSURCOND","VTRAFCON","VTCONT_F","P_CRASH1","P_CRASH2","P_CRASH3","PCRASH4","PCRASH5","ACC_TYPE","TRLR1VIN","TRLR2VIN","TRLR3VIN","DEATHS","DR_DRINK"
5,50277,2,2,1,12,8,20,15,12,6,1,0,5,1,37,703,37703,80,1985,"JH2MC1314FK0","J","H","2","M","C","1","3","1","4","F","K","0",0,0,0,"000000000","00000000000",0,0,0,1,0,0,0,0,0,0,0,998,0,0,0,9,6,2,12,0,0,0,1,5,72335,6,1,0,0,3,0,70,145,0,0,0,0,0,0,0,0,0,9,38,87,0,0,1,2,30,1,1,2,2,20,1,1,17,99,9,1,89,"777777777777","777777777777","777777777777",1,0
5,50278,1,1,1,10,8,12,57,32,0,1,0,92,0,98,701,98701,81,2016,"RFVPAP5A3G11","R","F","V","P","A","P","5","A","3","G","1","1",0,0,0,"000000000","00000000000",0,0,0,1,0,0,0,0,0,0,0,998,0,0,0,12,4,3,32,0,0,0,1,5,72143,6,1,0,0,3,3,67,300,0,0,0,0,0,0,0,0,0,0,0,0,0,0,5,2,35,1,1,2,1,0,0,1,99,99,9,4,1,"777777777777","777777777777","777777777777",1,0
5,50279,1,3,1,10,8,9,36,1,0,1,0,5,1,21,401,21401,14,2002,"1GHDT13S5221","1","G","H","D","T","1","3","S","5","2","2","1",0,0,0,"000000000","00000000000",0,0,0,1,0,0,0,0,0,0,0,998,0,0,0,98,0,5,54,0,0,0,1,5,72395,6,1,0,0,3,0,64,200,0,0,0,0,0,0,0,0,0,0,84,0,0,0,1,2,55,1,1,2,1,0,0,1,62,6,1,2,98,"777777777777","777777777777","777777777777",0,0
5,50279,2,3,3,10,8,9,36,1,0,1,0,5,1,55,35,55035,4,2001,"KMHDN45D31U0","K","M","H","D","N","4","5","D","3","1","U","0",0,0,0,"000000000","00000000000",0,0,0,1,0,0,0,0,0,0,0,998,0,0,0,12,6,2,12,0,0,0,1,5,72315,6,1,0,0,3,0,70,206,0,0,0,0,0,0,0,0,0,0,84,0,0,0,1,2,55,1,1,2,1,0,0,1,62,6,9,1,98,"777777777777","777777777777","777777777777",3,0
5,50279,3,3,1,10,8,9,36,1,0,1,0,5,3,86,898,86898,78,2005,"1M2AG11C55M0","1","M","2","A","G","1","1","C","5","5","M","0",0,0,57,"602984","57602984",3,19,98,1,0,0,0,0,0,0,0,998,0,2,1,0,6,2,12,0,0,0,1,5,72315,6,1,6,0,3,0,73,275,0,0,0,0,2,10,2012,2,2015,0,84,58,0,0,1,2,55,1,1,2,1,0,0,17,10,8,4,2,98,"777777777777","777777777777","777777777777",0,0
5,50280,1,1,4,14,8,18,0,57,0,1,0,5,1,14,401,14401,14,2000,"4M2ZU66P6YUJ","4","M","2","Z","U","6","6","P","6","Y","U","J",0,0,0,"000000000","00000000000",0,0,0,1,0,0,0,0,0,0,0,998,0,1,5,12,6,2,1,0,0,0,1,5,72335,1,1,0,0,2,0,68,170,0,0,0,3,1,3,2014,10,2015,9,58,6,80,0,3,4,70,1,1,2,1,0,0,1,1,99,9,4,6,"777777777777","777777777777","777777777777",2,0
5,50281,1,2,1,18,8,6,50,12,2,1,0,5,1,20,481,20481,31,2015,"3GCUKREH7FG1","3","G","C","U","K","R","E","H","7","F","G","1",0,0,0,"000000000","00000000000",0,0,0,1,0,0,0,0,0,0,0,998,0,0,0,12,6,2,12,0,0,0,1,5,72472,6,1,0,0,3,0,68,160,2,0,0,0,1,9,2012,10,2013,0,0,0,0,0,1,2,45,1,1,2,2,0,0,1,62,99,9,1,51,"777777777777","777777777777","777777777777",0,0
5,50281,2,2,1,18,8,6,50,12,2,1,0,5,1,7,482,7482,31,2000,"1B7HC16X6YS5","1","B","7","H","C","1","6","X","6","Y","S","5",0,0,0,"000000000","00000000000",0,0,0,1,0,0,0,0,0,0,0,998,0,0,0,12,6,2,12,0,0,0,1,5,72472,6,1,0,0,3,0,70,175,0,0,0,0,0,0,0,0,0,0,6,0,0,0,1,2,45,1,1,2,2,0,0,1,10,99,9,2,50,"777777777777","777777777777","777777777777",1,0
5,50282,1,2,1,17,8,19,52,12,2,1,0,5,1,49,40,49040,4,2007,"4T1BK46K27U0","4","T","1","B","K","4","6","K","2","7","U","0",0,0,0,"000000000","00000000000",0,0,0,1,0,0,0,0,0,0,0,998,0,0,0,12,6,2,12,0,0,0,1,5,72023,6,1,0,0,3,0,72,195,0,0,0,0,1,3,2013,3,2013,9,51,0,0,0,1,2,55,3,1,2,1,40,3,14,10,99,9,2,50,"777777777777","777777777777","777777777777",1,1
5,50282,2,2,1,17,8,19,52,12,2,1,0,5,2,21,398,21398,4,2004,"1G3NL52E64C2","1","G","3","N","L","5","2","E","6","4","C","2",0,0,0,"000000000","00000000000",0,0,0,1,0,0,0,0,0,0,0,998,0,0,0,12,6,2,12,0,0,0,1,5,72143,6,1,0,0,3,0,70,130,0,0,0,0,0,0,0,0,0,0,0,0,0,0,1,2,55,2,1,2,1,40,3,14,62,7,9,1,51,"777777777777","777777777777","777777777777",0,0
5,50283,1,1,2,20,8,20,15,42,0,1,0,5,1,20,404,20404,14,2009,"2CNDL13F4962","2","C","N","D","L","1","3","F","4","9","6","2",0,0,0,"000000000","00000000000",0,0,0,1,0,0,0,0,0,0,0,998,0,0,0,12,6,2,42,0,0,0,1,5,72121,6,1,0,0,3,3,62,135,0,0,0,0,0,0,0,0,0,4,0,0,0,0,1,2,55,3,1,2,2,0,0,14,12,99,9,4,6,"777777777777","777777777777","777777777777",1,0
5,50284,1,1,1,20,8,20,15,8,0,1,1,99,9,23,481,23481,31,2016,"999999999999","9","9","9","9","9","9","9","9","9","9","9","9",0,0,0,"000000000","00000000000",0,0,0,1,0,0,0,0,0,0,0,998,0,0,0,99,9,5,8,0,0,0,1,99,99999,9,9,99,0,9,9,999,999,99,99,99,99,99,99,9999,99,9999,9,0,0,0,0,1,5,50,1,1,2,1,0,0,1,80,99,9,1,13,"777777777777","777777777777","777777777777",0,0
5,50285,1,1,1,23,8,2,26,24,0,1,0,5,1,37,706,37706,80,2005,"1HFSC47035A4","1","H","F","S","C","4","7","0","3","5","A","4",0,0,0,"000000000","00000000000",0,0,0,1,0,0,0,0,0,0,0,998,0,0,0,1,6,2,24,0,0,0,1,5,72327,6,1,0,0,3,0,73,254,0,0,0,0,0,0,0,0,0,0,0,0,0,0,2,4,65,1,1,1,1,0,0,1,9,99,9,4,2,"777777777777","777777777777","777777777777",1,0
5,50286,1,3,1,21,8,15,31,12,6,1,0,19,1,37,403,37403,14,2004,"5J6YH28604L0","5","J","6","Y","H","2","8","6","0","4","L","0",0,0,0,"000000000","00000000000",0,0,0,1,0,0,0,0,0,0,0,998,0,0,0,1,6,2,12,0,0,0,1,19,50166,6,1,0,0,3,9,70,330,0,0,0,0,0,0,0,0,0,0,6,47,38,0,1,2,55,1,1,2,1,0,0,11,15,99,9,1,68,"777777777777","777777777777","777777777777",1,0
5,50286,2,3,1,21,8,15,31,12,6,1,0,5,1,23,421,23421,15,2007,"1GKFK13097J1","1","G","K","F","K","1","3","0","9","7","J","1",0,0,0,"000000000","00000000000",0,0,0,1,0,0,0,0,0,0,0,998,0,0,0,12,6,2,12,0,0,0,1,5,71602,6,1,0,0,3,0,72,325,0,0,0,0,0,0,0,0,0,0,0,0,0,0,1,2,55,1,1,2,1,0,0,1,66,99,9,1,69,"777777777777","777777777777","777777777777",0,0
5,50286,3,3,2,21,8,15,31,12,6,1,0,5,1,37,441,37441,20,2002,"2HKRL18672H5","2","H","K","R","L","1","8","6","7","2","H","5",0,0,0,"000000000","00000000000",0,0,0,1,0,0,0,0,0,0,0,0,0,0,0,11,6,2,12,0,0,0,1,5,72150,1,1,0,0,2,3,76,200,0,0,0,0,0,0,0,0,0,0,0,0,0,0,1,2,55,1,1,2,1,20,3,5,98,99,1,1,98,"777777777777","777777777777","777777777777",0,0
5,50287,1,2,1,29,8,3,22,12,2,1,0,5,1,35,47,35047,4,2011,"1N4AL2AP7BN4","1","N","4","A","L","2","A","P","7","B","N","4",0,0,0,"000000000","00000000000",0,0,0,1,0,0,0,0,0,0,0,998,0,0,0,12,6,2,12,0,0,0,1,5,72764,6,1,0,0,3,0,72,180,0,0,0,0,0,0,0,0,0,9,0,0,0,0,5,5,50,1,1,2,1,0,0,1,62,99,9,1,51,"777777777777","777777777777","777777777777",0,0
5,50287,2,2,1,29,8,3,22,12,2,1,0,5,2,20,2,20002,4,2005,"2G1WH52K0593","2","G","1","W","H","5","2","K","0","5","9","3",0,0,0,"000000000","00000000000",0,0,0,1,0,0,0,0,0,0,0,998,0,1,1,12,6,2,1,0,0,0,1,5,72745,6,1,0,0,3,3,61,170,0,0,0,0,0,0,0,0,0,9,0,0,0,0,5,5,50,1,1,2,1,0,0,1,10,99,9,2,50,"777777777777","777777777777","777777777777",1,0
5,50288,1,3,1,25,8,7,6,12,1,1,0,5,2,20,481,20481,31,1999,"2GCEK19T1X11","2","G","C","E","K","1","9","T","1","X","1","1",0,0,0,"000000000","00000000000",0,0,0,1,0,0,0,0,0,0,0,998,0,0,0,12,6,5,12,0,0,0,1,5,72501,6,2,0,0,3,3,67,170,0,0,0,0,0,0,0,0,0,4,6,0,0,0,1,2,40,1,5,2,1,0,0,1,50,1,1,1,32,"777777777777","777777777777","777777777777",0,0
5,50288,2,3,0,25,8,7,6,12,1,1,0,5,6,20,481,20481,31,2008,"1GCHK39KX8E1","1","G","C","H","K","3","9","K","X","8","E","1",0,0,0,"000000000","00000000000",0,0,0,1,0,0,0,0,0,0,0,0,0,0,0,6,6,2,12,0,0,0,0,0,99997,7,6,97,7,6,7,998,997,998,998,998,998,998,98,9998,98,9998,8,0,0,0,0,1,2,40,1,5,2,1,0,0,0,53,0,0,0,32,"777777777777","777777777777","777777777777",0,0
5,50288,3,3,1,25,8,7,6,12,1,1,0,5,1,2,422,2422,15,2016,"1C4PJMDS7GW1","1","C","4","P","J","M","D","S","7","G","W","1",0,0,0,"000000000","00000000000",0,0,0,1,0,0,0,0,0,0,0,0,0,0,0,6,6,2,12,0,0,0,1,5,72501,6,1,0,0,3,0,63,140,0,0,0,0,0,0,0,0,0,0,0,0,0,0,1,2,40,1,5,2,1,0,0,7,53,1,1,1,98,"777777777777","777777777777","777777777777",0,0
5,50289,1,1,2,28,8,14,50,1,0,1,0,5,1,72,706,72706,80,2016,"1HD1KTM15GB6","1","H","D","1","K","T","M","1","5","G","B","6",0,0,0,"000000000","00000000000",0,0,0,1,0,0,0,0,0,0,0,998,0,0,0,0,4,3,1,0,0,0,1,5,72019,6,1,6,0,3,0,68,160,0,0,0,0,0,0,0,0,0,0,87,0,0,0,1,2,45,3,1,2,2,0,0,14,9,99,9,2,98,"777777777777","777777777777","777777777777",1,0
5,50290,1,1,1,31,8,17,30,42,0,1,0,5,1,20,481,20481,31,1999,"1GCEK14V7XZ1","1","G","C","E","K","1","4","V","7","X","Z","1",0,0,0,"000000000","00000000000",0,0,0,1,0,0,0,0,0,0,0,998,0,0,0,12,6,2,42,32,0,0,1,5,72661,6,1,0,0,3,0,67,150,0,0,0,0,0,0,0,0,0,0,6,26,0,0,1,2,55,3,1,2,1,0,0,14,12,1,1,4,6,"777777777777","777777777777","777777777777",1,0
5,50291,1,2,1,29,8,15,0,12,2,1,0,5,1,23,481,23481,31,2012,"3GTP2WE74CG2","3","G","T","P","2","W","E","7","4","C","G","2",0,0,0,"000000000","00000000000",0,0,0,1,0,0,0,0,0,0,0,998,0,0,0,12,6,2,12,0,0,0,1,5,72160,6,1,0,0,3,3,69,165,0,0,0,0,0,0,0,0,0,0,0,0,0,0,1,2,55,1,1,2,2,0,0,1,62,99,9,1,51,"777777777777","777777777777","777777777777",0,0
5,50291,2,2,3,29,8,15,0,12,2,1,0,5,1,19,3,19003,4,2003,"1G6KD54Y53U1","1","G","6","K","D","5","4","Y","5","3","U","1",0,0,0,"000000000","00000000000",0,0,0,1,0,0,0,0,0,0,0,998,0,0,0,12,6,2,12,0,0,0,1,5,72003,6,1,0,0,3,3,64,120,1,0,0,0,0,12,2015,12,2015,0,6,51,0,0,1,2,55,1,1,2,2,0,0,1,10,6,9,2,50,"777777777777","777777777777","777777777777",1,0
5,50293,1,1,2,2,9,17,10,1,0,1,0,5,1,12,401,12401,14,1998,"1FMZU32E8WZA","1","F","M","Z","U","3","2","E","8","W","Z","A",0,0,0,"000000000","00000000000",0,0,0,1,0,0,0,0,0,0,0,998,0,1,5,0,6,2,1,0,0,0,1,5,71671,6,1,0,0,3,0,72,215,0,0,0,0,0,0,0,0,0,4,6,28,0,0,1,2,45,2,1,4,1,0,0,14,6,99,3,4,7,"777777777777","777777777777","777777777777",1,0
5,50294,1,1,3,4,9,16,30,34,0,1,0,5,1,2,403,2403,14,1994,"1J4FY29S1RP4","1","J","4","F","Y","2","9","S","1","R","P","4",0,0,0,"000000000","00000000000",0,0,0,1,0,0,0,0,0,0,0,998,0,1,5,1,6,2,1,0,0,0,1,5,71921,6,1,0,0,3,0,65,113,0,0,0,0,0,0,0,0,0,4,6,82,0,0,1,2,45,1,1,5,11,0,0,1,6,99,4,4,2,"777777777777","777777777777","777777777777",1,0
5,50295,1,1,1,4,9,2,3,33,0,1,0,5,1,20,481,20481,31,2000,"1GCEC14W8YZ1","1","G","C","E","C","1","4","W","8","Y","Z","1",0,0,0,"000000000","00000000000",0,0,0,1,0,0,0,0,0,0,0,998,0,1,5,12,6,2,2,0,0,1,1,5,72526,6,1,0,0,3,0,72,158,0,0,0,0,1,9,2013,9,2013,4,6,0,0,0,1,2,45,3,1,2,1,0,0,14,6,99,2,4,1,"777777777777","777777777777","777777777777",1,1
5,50296,1,1,4,5,9,16,39,1,0,1,0,5,3,12,481,12481,31,2005,"1FTPW145X5FA","1","F","T","P","W","1","4","5","X","5","F","A",0,0,0,"000000000","00000000000",0,0,0,1,0,0,0,0,0,0,0,998,0,2,1,0,6,2,1,0,0,0,1,5,71671,3,1,0,0,2,0,66,190,0,0,0,3,3,3,2013,10,2014,9,6,0,0,0,1,2,55,3,5,2,1,0,0,14,9,6,1,6,98,"777777777777","777777777777","777777777777",2,0
5,50297,1,1,1,5,9,22,17,43,0,1,0,5,1,35,47,35047,4,2012,"1N4AL2AP9CN5","1","N","4","A","L","2","A","P","9","C","N","5",0,0,0,"000000000","00000000000",0,0,0,1,0,0,0,0,0,0,0,998,0,1,5,12,6,2,35,0,0,0,1,5,71822,6,1,0,0,3,0,71,140,0,0,0,0,0,0,0,0,0,9,0,0,0,0,1,2,55,3,1,2,1,0,0,14,13,1,1,4,1,"777777777777","777777777777","777777777777",1,1
5,50298,1,1,3,7,9,17,6,1,0,1,0,5,1,23,431,23431,16,2003,"1GKEC16Z13J3","1","G","K","E","C","1","6","Z","1","3","J","3",0,0,0,"000000000","00000000000",0,0,0,1,0,0,0,0,0,0,0,998,0,1,1,0,6,2,1,0,0,0,1,5,72014,6,1,0,0,3,0,68,200,0,0,0,0,0,0,0,0,0,0,6,0,0,0,1,2,55,1,1,2,1,0,0,1,13,7,4,6,98,"777777777777","777777777777","777777777777",2,1
5,50299,1,3,1,8,9,20,51,12,2,1,0,5,1,49,32,49032,4,1992,"1NXAE91A2NZ3","1","N","X","A","E","9","1","A","2","N","Z","3",0,0,0,"000000000","00000000000",0,0,0,1,0,0,0,0,0,0,0,998,0,0,0,12,6,2,12,0,0,0,1,5,72904,6,1,0,0,3,0,65,140,0,1,1,0,1,4,2014,4,2016,0,50,0,0,0,3,4,65,1,1,1,1,0,0,1,54,99,9,1,52,"777777777777","777777777777","777777777777",1,1
5,50299,2,3,1,8,9,20,51,12,2,1,0,5,1,20,481,20481,31,2014,"3GCPCREC1EG2","3","G","C","P","C","R","E","C","1","E","G","2",0,0,0,"000000000","00000000000",0,0,0,1,0,0,0,0,0,0,0,998,0,0,0,12,6,2,12,0,0,0,1,5,72956,6,1,0,0,3,0,67,140,0,0,0,0,1,12,2013,12,2013,0,0,0,0,0,3,4,65,1,1,1,1,0,0,1,54,99,9,1,52,"777777777777","777777777777","777777777777",0,0
5,50299,3,3,1,8,9,20,51,12,2,1,0,5,2,12,16,12016,4,1999,"2FAFP74W3XX1","2","F","A","F","P","7","4","W","3","X","X","1",0,0,0,"000000000","00000000000",0,0,0,1,0,0,0,0,0,0,0,998,0,0,0,12,6,2,12,0,0,0,1,5,72916,6,1,0,0,3,3,66,130,0,1,1,0,0,8,2015,8,2015,0,0,0,0,0,3,4,65,1,1,1,1,0,0,1,98,99,9,1,98,"777777777777","777777777777","777777777777",0,0
5,50300,1,1,1,12,9,20,25,8,0,1,0,5,2,41,51,41051,4,2004,"JM1BK12F7411","J","M","1","B","K","1","2","F","7","4","1","1",0,0,0,"000000000","00000000000",0,0,0,1,0,0,0,0,0,0,0,998,0,0,0,12,6,2,8,0,0,0,1,5,71701,1,1,0,0,2,0,69,150,0,0,0,0,1,4,2014,4,2014,9,0,0,0,0,1,2,45,1,5,2,1,0,0,1,80,99,9,9,13,"777777777777","777777777777","777777777777",0,0
5,50301,1,2,1,10,9,14,0,12,6,1,0,5,1,20,481,20481,31,1946,"000000000000","0","0","0","0","0","0","0","0","0","0","0","0",0,0,0,"000000000","00000000000",0,0,0,1,0,0,0,0,0,0,0,998,0,0,0,2,6,2,12,0,0,0,1,5,72653,6,1,0,0,3,0,71,195,0,0,0,0,0,0,0,0,0,3,84,0,0,0,1,2,45,1,1,2,1,0,0,1,71,16,4,2,84,"777777777777","777777777777","777777777777",1,0
5,50301,2,2,1,10,9,14,0,12,6,1,0,5,2,23,481,23481,31,2014,"3GTU2VEC4EG4","3","G","T","U","2","V","E","C","4","E","G","4",0,0,0,"000000000","00000000000",0,0,0,1,0,0,0,0,0,0,0,998,0,0,0,11,6,2,12,0,0,0,1,5,72626,6,1,0,0,3,0,77,215,1,0,0,0,0,11,2014,11,2014,0,38,0,0,0,1,2,45,1,1,2,1,0,0,11,15,99,9,1,84,"777777777777","777777777777","777777777777",1,0
5,50302,1,1,1,13,9,17,26,42,0,1,0,5,1,20,22,20022,2,2006,"1G1AM18B9676","1","G","1","A","M","1","8","B","9","6","7","6",0,0,0,"000000000","00000000000",0,0,0,1,0,0,0,0,0,0,0,998,0,1,5,12,6,2,3,0,0,0,1,5,72212,6,7,0,0,3,3,70,170,0,0,0,0,0,0,0,0,0,3,8,0,0,0,1,5,40,2,5,2,1,0,0,15,6,99,9,4,6,"777777777777","777777777777","777777777777",1,0
5,50303,1,1,1,17,9,2,0,42,0,1,0,5,1,13,5,13005,4,1998,"1LNFM81W9WY6","1","L","N","F","M","8","1","W","9","W","Y","6",0,0,0,"000000000","00000000000",0,0,0,1,0,0,0,0,0,0,0,998,0,0,0,8,6,2,42,0,0,0,1,5,71822,6,1,0,0,3,3,76,260,0,0,0,0,0,0,0,0,0,9,6,0,0,0,1,2,55,2,5,2,1,0,0,14,9,99,4,4,2,"777777777777","777777777777","777777777777",1,0
5,50305,1,1,1,15,7,21,55,34,0,1,0,5,1,19,421,19421,15,2007,"1GYFK63887R4","1","G","Y","F","K","6","3","8","8","7","R","4",0,0,0,"000000000","00000000000",0,0,0,1,0,0,0,0,0,0,0,998,0,1,5,12,6,2,1,0,0,0,1,5,72112,6,1,0,0,3,0,65,145,0,0,0,0,0,0,0,0,0,3,0,0,0,0,1,2,45,1,1,2,1,0,0,1,13,99,9,4,1,"777777777777","777777777777","777777777777",1,1
5,50306,1,3,2,14,7,13,36,12,6,1,0,47,4,41,51,41051,4,2016,"JM1BM1U72G13","J","M","1","B","M","1","U","7","2","G","1","3",0,0,0,"000000000","00000000000",0,0,0,1,0,0,0,0,0,0,0,998,0,0,0,11,6,2,12,0,0,0,1,29,63301,6,1,0,0,3,0,67,150,0,0,0,1,0,6,2014,6,2014,0,38,6,0,0,1,2,35,1,6,2,1,20,3,11,15,99,9,1,82,"777777777777","777777777777","777777777777",0,0
5,50306,2,3,1,14,7,13,36,12,6,1,0,5,3,7,881,7881,61,2012,"3C7WDNBL7CG1","3","C","7","W","D","N","B","L","7","C","G","1",0,0,57,"182110","57182110",2,19,97,1,0,0,0,0,0,0,0,998,0,1,1,12,6,2,12,0,0,0,1,5,72023,6,1,0,0,3,0,70,175,0,0,0,2,0,10,2013,4,2014,0,0,0,0,0,1,2,45,1,1,2,1,0,0,1,67,99,9,1,83,"777777777777","777777777777","777777777777",0,0
5,50306,3,3,1,14,7,13,36,12,6,1,0,5,1,63,31,63031,4,1999,"KNAFB1212X57","K","N","A","F","B","1","2","1","2","X","5","7",0,0,0,"000000000","00000000000",0,0,0,1,0,0,0,0,0,0,0,998,0,0,0,13,6,2,12,0,0,0,1,5,72112,6,1,0,0,3,0,72,175,0,0,0,0,1,12,2013,12,2013,0,0,0,0,0,1,2,45,1,1,2,1,0,0,1,62,99,9,1,98,"777777777777","777777777777","777777777777",1,0
5,50307,1,1,2,3,8,7,26,42,0,1,0,5,1,55,401,55401,14,2002,"KM8SB12BX2U2","K","M","8","S","B","1","2","B","X","2","U","2",0,0,0,"000000000","00000000000",0,0,0,1,0,0,0,0,0,0,0,998,0,1,5,12,6,2,42,0,0,0,1,5,72946,6,1,0,0,3,3,66,125,2,0,0,0,1,1,2013,11,2014,0,6,0,0,0,1,3,55,3,6,2,1,0,0,14,13,99,9,4,1,"777777777777","777777777777","777777777777",1,0
5,50308,1,1,3,3,8,5,55,32,0,1,0,5,3,20,470,20470,29,2015,"1GAZGZFFXF11","1","G","A","Z","G","Z","F","F","X","F","1","1",0,0,0,"000000000","00000000000",0,0,0,1,0,0,0,0,0,0,0,998,0,0,0,12,6,2,32,0,0,0,1,5,71639,6,1,0,0,3,0,70,235,0,0,0,0,0,0,0,0,0,0,6,0,0,0,5,4,60,1,1,2,1,0,0,1,13,1,1,4,1,"777777777777","777777777777","777777777777",1,0
5,50309,1,2,2,6,9,15,13,12,6,1,0,5,1,22,20,22020,4,2003,"1G2WP52K63F1","1","G","2","W","P","5","2","K","6","3","F","1",0,0,0,"000000000","00000000000",0,0,0,1,0,0,0,0,0,0,0,998,0,0,0,9,6,2,12,32,0,0,1,5,72756,6,1,0,0,3,0,63,150,0,0,0,0,0,0,0,0,0,0,38,0,0,0,5,4,55,1,1,2,1,0,0,11,15,1,1,1,82,"777777777777","777777777777","777777777777",2,0
5,50309,2,2,1,6,9,15,13,12,6,1,0,5,1,23,481,23481,31,2015,"3GTU2UEC0FG2","3","G","T","U","2","U","E","C","0","F","G","2",0,0,0,"000000000","00000000000",0,0,0,1,0,0,0,0,0,0,0,998,0,0,0,12,6,2,12,0,0,0,1,5,72756,6,1,0,0,3,0,71,200,0,0,0,0,0,0,0,0,0,9,0,0,0,0,5,4,55,1,1,2,1,0,0,1,67,6,9,1,83,"777777777777","777777777777","777777777777",0,0
5,50310,1,3,1,8,9,16,10,12,2,1,0,5,4,23,423,23423,15,2015,"1GKKRTKD5FJ2","1","G","K","K","R","T","K","D","5","F","J","2",0,0,0,"000000000","00000000000",0,0,0,1,0,0,0,0,0,0,0,998,0,0,0,12,6,2,12,0,0,0,1,5,72712,6,1,0,0,3,3,62,115,0,0,0,0,0,0,0,0,0,9,0,0,0,0,1,2,50,1,1,2,2,0,0,1,62,99,9,1,51,"777777777777","777777777777","777777777777",1,0
5,50310,2,3,1,8,9,16,10,12,2,1,0,5,4,23,481,23481,31,2015,"3GTU2VEC6FG2","3","G","T","U","2","V","E","C","6","F","G","2",0,0,0,"000000000","00000000000",0,0,0,1,0,0,0,0,0,0,0,998,0,0,0,7,2,5,12,0,0,0,1,5,72712,6,1,0,0,3,3,71,195,0,0,0,2,0,1,2014,11,2015,0,0,0,0,0,1,2,50,1,1,2,2,0,0,1,62,7,9,1,98,"777777777777","777777777777","777777777777",0,0
5,50310,3,3,1,8,9,16,10,12,2,1,0,5,3,82,884,82884,66,2004,"1FUJA6CG54LL","1","F","U","J","A","6","C","G","5","4","L","L",1,2,77,"777777777","77777777777",3,6,8,1,0,0,0,0,0,0,0,998,0,0,0,12,6,2,12,0,0,0,1,5,71640,6,1,6,0,3,0,75,180,0,0,0,0,1,3,2013,3,2013,4,28,51,6,87,1,2,50,1,1,2,2,0,0,1,10,99,9,2,50,"888888888888","888888888888","888888888888",0,0
5,50311,1,2,1,14,9,10,30,12,2,1,0,29,1,14,21,14021,4,2010,"3MEHM0JA6AR6","3","M","E","H","M","0","J","A","6","A","R","6",0,0,0,"000000000","00000000000",0,0,0,1,0,0,0,0,0,0,0,998,0,0,0,12,6,2,12,0,0,0,1,29,65686,6,1,0,0,3,0,70,140,0,0,0,1,1,6,2014,10,2015,9,6,51,0,0,1,2,55,1,6,2,1,0,0,1,10,99,9,2,50,"777777777777","777777777777","777777777777",1,0
5,50311,2,2,2,14,9,10,30,12,2,1,0,5,3,98,881,98881,61,2007,"4KAMUAAM37A3","4","K","A","M","U","A","A","M","3","7","A","3",0,0,57,"252201","57252201",2,1,1,1,0,0,0,0,0,0,0,998,0,0,0,12,6,2,12,0,0,0,1,5,72040,6,1,0,0,3,0,70,140,0,0,0,0,0,0,0,0,0,0,0,0,0,0,1,2,55,1,5,2,1,0,0,1,62,99,9,1,51,"777777777777","777777777777","777777777777",0,0
5,50312,1,3,1,12,9,13,5,12,2,1,0,5,2,12,471,12471,31,1998,"1FTYR10C2WPB","1","F","T","Y","R","1","0","C","2","W","P","B",0,0,0,"000000000","00000000000",0,0,0,1,0,0,0,0,0,0,0,998,0,0,0,12,6,2,12,0,0,0,1,5,72137,6,1,6,0,3,0,72,275,0,0,0,0,0,0,0,0,0,0,6,0,0,0,1,2,55,1,5,2,1,0,0,1,10,99,9,2,50,"777777777777","777777777777","777777777777",1,0
5,50312,2,3,2,12,9,13,5,12,2,1,0,5,1,7,482,7482,31,2007,"1D7HU18267S1","1","D","7","H","U","1","8","2","6","7","S","1",1,1,0,"000000000","00000000000",0,0,0,1,0,0,0,0,0,0,0,998,0,0,0,12,6,2,12,0,0,0,1,5,72143,6,1,6,0,3,3,68,180,1,0,0,0,0,5,2013,5,2013,0,0,0,0,0,1,2,55,2,6,2,1,0,0,14,62,6,9,2,51,"888888888888","888888888888","888888888888",0,0
5,50312,3,3,1,12,9,13,5,12,2,1,0,5,2,35,472,35472,30,2015,"1N6AD0CW3FN7","1","N","6","A","D","0","C","W","3","F","N","7",0,0,0,"000000000","00000000000",0,0,0,1,0,0,0,0,0,0,0,998,0,0,0,1,6,2,12,0,0,0,1,5,72111,6,1,0,0,3,0,62,170,1,0,0,0,0,11,2012,11,2012,0,0,0,0,0,1,2,55,1,5,2,1,0,0,13,62,98,9,1,98,"777777777777","777777777777","777777777777",0,0