"STATE","ST_CASE","VEH_NO","VE_FORMS","NUMOCCS","DAY","MONTH","HOUR","MINUTE","HARM_EV","MAN_COLL","UNITTYPE","HIT_RUN","REG_STAT","OWNER","MAKE","MODEL","MAK_MOD","BODY_TYP","MOD_YEAR","VIN","VIN_1","VIN_2","VIN_3","VIN_4","VIN_5","VIN_6","VIN_7","VIN_8","VIN_9","VIN_10","VIN_11","VIN_12","TOW_VEH","J_KNIFE","MCARR_I1","MCARR_I2","MCARR_ID","GVWR","V_CONFIG","CARGO_BT","HAZ_INV","HAZ_PLAC","HAZ_ID","HAZ_CNO","HAZ_REL","BUS_USE","SPEC_USE","EMER_USE","TRAV_SP","UNDERIDE","ROLLOVER","ROLINLOC","IMPACT1","DEFORMED","TOWED","M_HARM","VEH_SC1","VEH_SC2","FIRE_EXP","DR_PRES","L_STATE","DR_ZIP","L_STATUS","L_TYPE","CDL_STAT","L_ENDORS","L_COMPL","L_RESTRI","DR_HGT","DR_WGT","PREV_ACC","PREV_SUS","PREV_DWI","PREV_SPD","PREV_OTH","FIRST_MO","FIRST_YR","LAST_MO","LAST_YR","SPEEDREL","DR_SF1","DR_SF2","DR_SF3","DR_SF4","VTRAFWAY","VNUM_LAN","VSPD_LIM","VALIGN","VPROFILE","VPAVETYP","VSURCOND","VTRAFCON","VTCONT_F","P_CRASH1","P_CRASH2","P_CRASH3","PCRASH4","PCRASH5","ACC_TYPE","TRLR1VIN","TRLR2VIN","TRLR3VIN","DEATHS","DR_DRINK"
5,50464,3,3,1,12,10,10,40,12,8,1,0,5,2,20,482,20482,31,2007,"3GNFK12357G3","3","G","N","F","K","1","2","3","5","7","G","3",0,0,0,"000000000","00000000000",0,0,0,1,0,0,0,0,0,0,0,998,0,0,0,12,6,2,12,0,0,0,1,5,72764,6,1,0,0,3,0,68,199,0,0,0,0,0,0,0,0,0,0,0,0,0,0,1,4,30,1,2,2,2,0,0,1,62,7,9,1,98,"777777777777","777777777777","777777777777",0,0
5,50465,1,1,2,21,10,6,14,8,0,1,0,48,3,84,884,84884,66,2017,"3HSDJAPR0HN6","3","H","S","D","J","A","P","R","0","H","N","6",1,1,57,"225397TX","57225397TX",3,6,1,1,0,0,0,0,0,0,0,998,0,0,0,1,4,5,8,0,0,0,1,48,75116,6,1,6,0,3,0,69,165,0,0,0,0,0,0,0,0,0,0,0,0,0,0,3,2,65,1,1,1,1,0,0,1,80,8,9,1,13,"999999999999","777777777777","777777777777",0,0
5,50466,1,1,1,4,10,21,0,11,0,1,0,5,1,72,706,72706,80,1999,"1HD1FDV17XY6","1","H","D","1","F","D","V","1","7","X","Y","6",0,0,0,"000000000","00000000000",0,0,0,1,0,0,0,0,0,0,0,998,0,0,0,12,6,2,11,0,0,1,1,5,72401,6,1,0,0,3,0,80,220,0,0,0,0,0,0,0,0,0,0,0,0,0,0,1,2,30,1,1,2,1,0,0,1,87,99,9,1,13,"777777777777","777777777777","777777777777",1,0
5,50467,1,2,1,21,10,11,32,12,2,1,0,5,1,7,472,7472,31,2006,"1D7HE48K76S5","1","D","7","H","E","4","8","K","7","6","S","5",0,0,0,"000000000","00000000000",0,0,0,1,0,0,0,0,0,0,0,998,0,0,0,12,6,2,12,0,0,0,1,5,71953,6,1,0,0,3,0,68,210,0,0,0,0,0,0,0,0,0,5,6,0,0,0,5,5,45,1,1,2,1,0,0,1,10,99,9,2,50,"777777777777","777777777777","777777777777",1,0
5,50467,2,2,1,21,10,11,32,12,2,1,0,5,4,82,881,82881,62,2015,"3ALACWDT4FDG","3","A","L","A","C","W","D","T","4","F","D","G",0,0,88,"888888888","88888888888",2,2,96,1,0,0,0,0,0,0,0,998,0,0,0,12,6,2,12,0,0,0,1,5,72901,6,1,0,0,3,0,68,310,0,0,0,0,2,9,2012,2,2013,0,0,0,0,0,5,5,45,1,1,2,1,0,0,1,62,16,9,1,51,"777777777777","777777777777","777777777777",0,0
5,50468,1,1,1,6,10,20,20,11,0,1,0,0,0,76,734,76734,90,2009,"JY4AJ37Y49C0","J","Y","4","A","J","3","7","Y","4","9","C","0",0,0,0,"000000000","00000000000",0,0,0,1,0,0,0,0,0,0,0,998,0,1,1,12,4,3,11,0,0,0,1,5,72010,6,1,0,0,3,0,71,225,0,0,0,0,0,0,0,0,0,4,0,0,0,0,1,2,35,1,1,2,1,0,0,1,6,99,9,1,13,"777777777777","777777777777","777777777777",1,0
5,50469,1,1,2,29,9,22,27,32,0,1,0,5,2,73,706,73706,80,2009,"JKAVN2C129A0","J","K","A","V","N","2","C","1","2","9","A","0",0,0,0,"000000000","00000000000",0,0,0,1,0,0,0,0,0,0,0,998,0,0,0,12,6,2,32,0,0,0,1,99,99999,9,9,99,0,9,9,999,999,99,99,99,99,99,99,9999,99,9999,9,99,99,99,99,1,2,45,3,1,2,1,0,0,14,9,99,9,4,1,"777777777777","777777777777","777777777777",1,0
5,50470,1,1,1,18,10,1,18,8,0,1,0,5,1,7,25,7025,5,2009,"1B3HB48A19D2","1","B","3","H","B","4","8","A","1","9","D","2",0,0,0,"000000000","00000000000",0,0,0,1,0,0,0,0,0,0,0,998,0,0,0,12,4,5,8,0,0,0,1,5,72404,6,1,0,0,3,3,60,150,0,0,0,1,0,6,2015,6,2015,0,0,0,0,0,1,2,35,4,1,2,1,0,0,14,80,16,9,1,13,"777777777777","777777777777","777777777777",0,0
5,50471,1,1,1,4,11,20,20,8,0,1,0,5,1,7,482,7482,31,1996,"3B7HF13Z3TM1","3","B","7","H","F","1","3","Z","3","T","M","1",0,0,0,"000000000","00000000000",0,0,0,1,0,0,0,0,0,0,0,998,0,0,0,12,4,5,8,0,0,0,1,5,72903,6,1,0,0,3,0,73,245,1,0,0,0,0,9,2016,9,2016,0,0,0,0,0,5,5,35,1,1,1,1,0,0,1,80,16,9,1,13,"777777777777","777777777777","777777777777",0,1
5,50472,1,1,3,22,11,2,9,34,0,1,0,5,1,12,23,12023,4,2013,"3FA6P0H77DR1","3","F","A","6","P","0","H","7","7","D","R","1",0,0,0,"000000000","00000000000",0,0,0,1,0,0,0,0,0,0,0,998,0,0,0,12,6,2,2,0,0,1,1,5,72202,6,1,0,0,3,0,76,300,0,0,0,0,0,0,0,0,0,3,36,8,6,28,1,3,45,2,1,2,1,4,3,14,6,99,2,4,7,"777777777777","777777777777","777777777777",3,0
5,50473,1,2,2,26,11,15,5,12,1,1,0,0,0,98,734,98734,90,2007,"4UF07ATV47T2","4","U","F","0","7","A","T","V","4","7","T","2",0,0,0,"000000000","00000000000",0,0,0,1,0,0,0,0,0,0,0,998,0,0,0,6,6,2,12,0,0,0,1,5,72830,0,0,0,0,0,0,999,999,0,0,0,0,0,0,0,0,0,0,0,0,0,0,1,2,45,1,1,2,1,0,0,2,53,99,1,1,29,"777777777777","777777777777","777777777777",1,0
5,50473,2,2,1,26,11,15,5,12,1,1,0,5,1,7,402,7402,14,2003,"1D4HS38NX3F5","1","D","4","H","S","3","8","N","X","3","F","5",0,0,0,"000000000","00000000000",0,0,0,1,0,0,0,0,0,0,0,998,0,0,0,12,6,2,12,0,0,0,1,5,72830,6,1,0,0,3,0,73,260,1,0,0,0,0,12,2015,12,2015,0,0,0,0,0,1,2,45,1,1,2,1,0,0,1,52,1,1,1,28,"777777777777","777777777777","777777777777",0,0
5,50474,1,1,1,27,11,6,58,21,0,1,0,5,1,12,37,12037,4,2010,"1FAHP3FN0AW1","1","F","A","H","P","3","F","N","0","A","W","1",0,0,0,"000000000","00000000000",0,0,0,1,0,0,0,0,0,0,0,998,0,0,0,12,6,2,21,0,0,0,1,5,72034,6,1,0,0,3,3,70,140,0,0,0,0,1,8,2013,8,2013,0,0,0,0,0,3,6,70,1,1,1,1,0,0,1,13,99,1,4,1,"777777777777","777777777777","777777777777",1,0
5,50475,1,1,1,7,11,15,26,42,0,1,0,5,1,7,482,7482,31,2012,"1C6RD6KP6CS3","1","C","6","R","D","6","K","P","6","C","S","3",0,0,0,"000000000","00000000000",0,0,0,1,0,0,0,0,0,0,0,998,0,0,0,2,6,2,19,0,0,0,1,5,72206,6,1,0,0,3,3,71,205,1,0,0,0,0,12,2013,12,2013,9,6,0,0,0,1,2,50,2,1,2,1,0,0,14,9,99,2,4,6,"777777777777","777777777777","777777777777",0,0
5,50476,1,2,1,18,11,6,22,12,6,1,0,5,1,12,401,12401,14,1990,"1FMCU14T3LUA","1","F","M","C","U","1","4","T","3","L","U","A",0,0,0,"000000000","00000000000",0,0,0,1,0,0,0,0,0,0,0,998,0,1,1,12,6,2,12,0,0,0,1,5,72476,6,1,0,0,3,3,71,145,0,0,0,0,1,3,2012,3,2012,0,39,0,0,0,1,4,45,1,1,2,1,3,3,1,17,99,9,1,86,"777777777777","777777777777","777777777777",0,1
5,50476,2,2,3,18,11,6,22,12,6,1,0,5,2,23,401,23401,14,2005,"1GKES63M0523","1","G","K","E","S","6","3","M","0","5","2","3",0,0,0,"000000000","00000000000",0,0,0,1,0,0,0,0,0,0,0,998,0,0,0,3,6,2,12,0,0,0,1,5,72401,6,1,0,0,3,0,60,195,0,0,0,0,0,0,0,0,0,0,0,0,0,0,1,4,45,1,1,2,1,3,3,1,66,99,9,1,87,"777777777777","777777777777","777777777777",1,0
5,50477,1,2,1,9,9,14,1,12,6,1,0,5,1,13,1,13001,4,2008,"2LNHM82V78X6","2","L","N","H","M","8","2","V","7","8","X","6",0,0,0,"000000000","00000000000",0,0,0,1,0,0,0,0,0,0,0,998,0,0,0,3,6,2,12,0,0,0,1,5,71655,6,1,0,0,3,0,61,130,0,0,0,0,0,0,0,0,0,0,38,0,0,0,1,5,40,1,1,2,1,99,3,11,15,99,1,1,68,"777777777777","777777777777","777777777777",1,0
5,50477,2,2,1,9,9,14,1,12,6,1,0,29,2,51,881,51881,66,2007,"4V4NC9GHX7N4","4","V","4","N","C","9","G","H","X","7","N","4",1,1,57,"2169537","572169537",3,6,97,1,0,0,0,0,0,0,0,998,0,0,0,12,6,2,12,0,0,0,1,29,63010,6,1,6,0,3,0,72,170,0,0,0,0,0,0,0,0,0,0,0,0,0,0,1,5,40,1,1,2,1,99,3,1,66,16,1,1,69,"888888888888","777777777777","777777777777",0,0
5,50478,1,2,1,24,11,14,50,12,6,1,0,5,2,37,32,37032,2,2004,"1HGCM82684A0","1","H","G","C","M","8","2","6","8","4","A","0",0,0,0,"000000000","00000000000",0,0,0,1,0,0,0,0,0,0,0,998,0,0,0,3,6,2,12,0,0,0,1,5,72903,6,1,0,0,3,3,65,140,0,0,0,1,2,9,2012,6,2016,5,6,0,0,0,1,4,35,3,2,2,1,0,0,14,6,99,4,2,66,"777777777777","777777777777","777777777777",1,1
5,50478,2,2,3,24,11,14,50,12,6,1,0,5,2,37,441,37441,20,2001,"2HKRL18561H5","2","H","K","R","L","1","8","5","6","1","H","5",0,0,0,"000000000","00000000000",0,0,0,1,0,0,0,0,0,0,0,998,0,0,0,12,6,2,12,0,0,0,1,5,72901,0,0,0,0,0,0,999,999,0,0,0,0,0,0,0,0,0,0,0,0,0,0,1,4,35,2,2,2,1,0,0,14,62,99,9,1,66,"777777777777","777777777777","777777777777",0,0
5,50479,1,1,1,14,10,19,23,42,0,1,0,5,1,72,709,72709,80,2017,"1HD1FV4179Y6","1","H","D","1","F","V","4","1","7","9","Y","6",0,0,0,"000000000","00000000000",0,0,0,1,0,0,0,0,0,0,0,998,0,0,0,11,6,2,42,0,0,0,1,5,72901,6,1,0,0,3,0,69,200,0,0,0,0,1,12,2011,12,2011,4,0,0,0,0,1,2,30,1,1,2,1,20,3,1,6,16,2,4,6,"777777777777","777777777777","777777777777",1,1
5,50480,1,2,5,3,12,6,21,52,0,1,0,5,2,7,422,7422,15,2006,"1D4HD482X6F1","1","D","4","H","D","4","8","2","X","6","F","1",0,0,0,"000000000","00000000000",0,0,0,1,0,0,0,0,0,0,0,998,0,1,5,12,6,2,1,0,0,0,1,5,71601,6,1,0,0,3,0,70,331,0,0,0,0,0,0,0,0,0,9,0,0,0,0,2,4,65,1,5,2,2,0,0,1,12,1,1,4,6,"777777777777","777777777777","777777777777",1,0
5,50480,2,2,1,3,12,6,21,52,0,1,0,99,9,99,399,99399,9,9999,"999999999999","9","9","9","9","9","9","9","9","9","9","9","9",0,0,0,"000000000","00000000000",0,0,0,1,0,0,0,0,0,0,0,998,0,0,0,98,8,8,54,0,0,0,1,99,99999,9,9,99,9,9,9,999,999,99,99,99,99,99,99,9999,99,9999,9,0,0,0,0,2,4,65,1,5,2,2,0,0,1,98,99,1,1,98,"777777777777","777777777777","777777777777",0,0
5,50481,1,2,1,18,12,6,44,12,8,1,0,5,1,6,441,6441,20,2012,"2C4RC1BG0CR1","2","C","4","R","C","1","B","G","0","C","R","1",0,0,0,"000000000","00000000000",0,0,0,1,0,0,0,0,0,0,0,998,0,0,0,11,6,2,12,0,0,0,1,5,72401,6,1,0,0,3,0,70,420,0,0,0,0,0,0,0,0,0,0,51,0,0,0,5,4,45,2,2,2,1,0,0,14,10,1,1,2,64,"777777777777","777777777777","777777777777",1,0
5,50481,2,2,1,18,12,6,44,12,8,1,0,5,3,85,881,85881,66,2008,"1XKDD09X38J2","1","X","K","D","D","0","9","X","3","8","J","2",1,3,77,"777777777","77777777777",3,6,98,1,0,0,0,0,0,0,0,998,0,0,0,8,6,2,12,0,0,0,1,5,72401,6,1,6,0,3,3,67,155,0,0,0,0,0,0,0,0,0,0,0,0,0,0,5,4,45,3,2,2,1,0,0,14,62,1,1,2,65,"888888888888","777777777777","777777777777",0,0
5,50482,1,1,1,22,12,0,10,39,0,1,0,40,1,12,37,12037,4,2010,"1FAHP3FN0AW2","1","F","A","H","P","3","F","N","0","A","W","2",0,0,0,"000000000","00000000000",0,0,0,1,0,0,0,0,0,0,0,998,0,1,1,1,6,2,1,0,0,0,1,40,74948,6,1,0,0,3,3,64,150,0,0,0,0,0,0,0,0,0,9,99,99,99,99,1,4,30,3,2,2,1,0,0,14,9,99,9,4,1,"777777777777","777777777777","777777777777",1,0
5,50483,1,2,2,23,12,22,45,12,6,1,0,5,1,55,35,55035,4,2014,"5NPDH4AE5EH5","5","N","P","D","H","4","A","E","5","E","H","5",0,0,0,"000000000","00000000000",0,0,0,1,0,0,0,0,0,0,0,998,0,0,0,9,6,2,12,0,0,0,1,5,72715,6,1,0,0,3,3,64,140,0,0,0,3,2,5,2012,7,2016,0,38,0,0,0,5,4,45,1,1,2,2,0,0,11,15,99,9,1,82,"777777777777","777777777777","777777777777",1,1
5,50483,2,2,1,23,12,22,45,12,6,1,0,40,3,51,881,51881,66,2013,"4V4NC9EG4DN1","4","V","4","N","C","9","E","G","4","D","N","1",1,1,57,"681720AR","57681720AR",3,6,1,1,0,0,0,0,0,0,0,998,0,0,0,12,4,3,12,0,0,0,1,40,74365,6,1,6,0,3,9,71,240,0,0,0,0,0,0,0,0,0,0,0,0,0,0,5,4,45,1,1,2,2,0,0,1,72,8,2,2,83,"888888888888","777777777777","777777777777",0,0
5,50484,1,1,6,3,12,22,23,8,0,1,0,40,2,7,442,7442,20,2014,"2C4RDGCG4ER3","2","C","4","R","D","G","C","G","4","E","R","3",0,0,0,"000000000","00000000000",0,0,0,1,0,0,0,0,0,0,0,998,0,0,0,11,6,2,8,0,0,0,1,40,74960,6,1,0,0,3,9,67,150,0,0,0,0,0,0,0,0,0,0,0,0,0,0,3,3,45,1,1,2,2,3,3,1,80,1,1,1,13,"777777777777","777777777777","777777777777",0,0
5,50485,1,1,1,14,12,0,15,42,0,1,0,5,2,12,16,12016,4,2001,"2FAFP71W11X1","2","F","A","F","P","7","1","W","1","1","X","1",0,0,0,"000000000","00000000000",0,0,0,1,0,0,0,0,0,0,0,998,0,0,0,1,6,2,2,0,0,1,1,5,72703,1,1,0,0,2,0,68,125,1,4,3,0,6,1,2012,12,2013,5,6,0,0,0,1,2,30,1,1,2,1,0,0,1,9,9,2,4,2,"777777777777","777777777777","777777777777",1,0
5,50486,1,1,1,16,12,15,58,33,0,1,0,99,9,99,999,99999,99,9999,"999999999999","9","9","9","9","9","9","9","9","9","9","9","9",0,0,0,"000000000","00000000000",0,0,0,1,0,0,0,0,0,0,0,998,0,0,0,12,6,2,2,99,99,1,1,99,99999,9,9,99,0,9,9,999,999,99,99,99,99,99,99,9999,99,9999,9,99,99,99,99,5,4,45,1,1,2,1,0,0,1,9,99,1,4,1,"777777777777","777777777777","777777777777",1,0
5,50487,1,2,1,22,12,6,55,12,2,1,0,5,2,35,50,35050,4,2015,"3N1CN7AP5FL8","3","N","1","C","N","7","A","P","5","F","L","8",0,0,0,"000000000","00000000000",0,0,0,1,0,0,0,0,0,0,0,998,0,0,0,12,6,2,12,0,0,0,1,5,71801,1,9,0,0,2,0,65,165,1,0,0,0,1,2,2016,8,2016,9,28,0,0,0,1,2,45,1,1,2,1,0,0,1,10,99,9,2,50,"777777777777","777777777777","777777777777",1,0
5,50487,2,2,1,22,12,6,55,12,2,1,0,5,2,20,481,20481,31,1999,"2GCEK19T8X11","2","G","C","E","K","1","9","T","8","X","1","1",0,0,0,"000000000","00000000000",0,0,0,1,0,0,0,0,0,0,0,998,0,0,0,12,6,2,12,0,0,0,1,5,71858,6,1,0,0,3,3,72,148,0,0,0,0,0,0,0,0,0,9,0,0,0,0,1,2,45,1,1,2,1,0,0,1,62,99,9,1,51,"777777777777","777777777777","777777777777",0,0
5,50488,1,2,1,21,12,11,14,12,2,1,0,17,3,51,881,51881,66,2017,"4V4NC9EG4HN9","4","V","4","N","C","9","E","G","4","H","N","9",1,1,57,"1775733","571775733",3,6,1,1,0,0,0,0,0,0,0,998,0,1,5,12,6,2,12,0,0,0,1,53,98467,6,1,6,0,3,0,69,160,0,0,0,0,0,0,0,0,0,0,51,6,36,0,1,2,55,2,1,1,1,0,0,14,10,16,2,2,50,"888888888888","777777777777","777777777777",0,0
5,50488,2,2,3,21,12,11,14,12,2,1,0,5,1,12,481,12481,31,2006,"1FTPW14V56KD","1","F","T","P","W","1","4","V","5","6","K","D",0,0,0,"000000000","00000000000",0,0,0,1,0,0,0,0,0,0,0,998,0,1,5,12,6,2,12,0,0,0,1,5,72024,6,1,0,0,3,3,71,200,0,0,0,0,0,0,0,0,0,0,0,0,0,0,1,2,55,3,1,1,1,0,0,14,62,7,9,1,51,"777777777777","777777777777","777777777777",2,0
5,50490,1,2,2,24,12,16,3,12,2,1,0,5,1,18,2,18002,4,2003,"1G4HP52K73U1","1","G","4","H","P","5","2","K","7","3","U","1",0,0,0,"000000000","00000000000",0,0,0,1,0,0,0,0,0,0,0,998,0,0,0,12,6,2,12,0,0,0,1,5,72015,6,1,0,0,3,3,68,150,2,0,0,0,0,2,2012,5,2016,0,51,0,0,0,1,2,35,2,1,2,2,0,0,14,9,7,9,2,50,"777777777777","777777777777","777777777777",1,0
5,50490,2,2,5,24,12,16,3,12,2,1,0,5,1,35,443,35443,20,2006,"5N1BV28U16N1","5","N","1","B","V","2","8","U","1","6","N","1",0,0,0,"000000000","00000000000",0,0,0,1,0,0,0,0,0,0,0,998,0,0,0,12,6,2,12,0,0,0,1,5,72015,6,1,0,0,3,0,70,150,0,0,0,0,2,1,2012,8,2012,0,0,0,0,0,1,2,35,3,1,2,2,0,0,14,62,8,9,2,51,"777777777777","777777777777","777777777777",0,0
5,50491,1,2,1,26,12,17,49,12,6,1,0,5,1,12,401,12401,14,2003,"1FMZU64K43UB","1","F","M","Z","U","6","4","K","4","3","U","B",0,0,0,"000000000","00000000000",0,0,0,1,0,0,0,0,0,0,0,998,0,0,0,9,6,2,12,0,0,0,1,5,72761,6,1,0,0,3,3,75,250,0,0,0,0,0,0,0,0,0,0,38,0,0,0,1,2,45,1,1,2,1,20,3,11,15,99,9,1,82,"777777777777","777777777777","777777777777",1,0
5,50491,2,2,3,26,12,17,49,12,6,1,0,5,1,7,482,7482,31,2012,"3C6UD5DL6CG3","3","C","6","U","D","5","D","L","6","C","G","3",0,0,0,"000000000","00000000000",0,0,0,1,0,0,0,0,0,0,0,998,0,0,0,12,6,2,12,0,0,0,1,5,72761,6,1,0,0,3,0,70,211,0,0,0,1,0,2,2016,2,2016,0,0,0,0,0,1,2,45,1,1,2,1,0,0,1,67,16,9,1,83,"777777777777","777777777777","777777777777",0,0
5,50492,1,1,1,26,12,18,5,42,0,1,0,5,1,20,444,20444,20,2006,"1GNDV23L06D1","1","G","N","D","V","2","3","L","0","6","D","1",0,0,0,"000000000","00000000000",0,0,0,1,0,0,0,0,0,0,0,998,0,0,0,12,6,2,42,0,0,0,1,5,72143,6,1,0,0,3,3,68,150,0,0,0,0,0,0,0,0,0,0,6,0,0,0,1,2,45,1,1,2,2,0,0,1,12,99,9,4,6,"777777777777","777777777777","777777777777",1,0
5,50493,1,2,1,19,12,6,51,12,1,1,0,18,3,87,884,87884,66,2015,"1XPBA49X1FD2","1","X","P","B","A","4","9","X","1","F","D","2",1,1,57,"124260","57124260",3,6,3,1,0,0,0,0,0,0,0,998,0,0,0,12,6,2,12,0,0,0,1,5,72315,6,1,6,0,3,0,73,200,0,0,0,0,2,11,2015,3,2016,9,6,0,0,0,3,4,70,1,1,2,1,0,0,1,51,1,1,1,24,"888888888888","777777777777","777777777777",1,0
5,50493,2,2,1,19,12,6,51,12,1,1,0,27,3,82,881,82881,66,1996,"2FUPCSEBXTA6","2","F","U","P","C","S","E","B","X","T","A","6",1,1,57,"0124813","570124813",3,6,3,1,0,0,0,0,0,0,0,998,0,0,0,6,6,2,12,0,0,0,1,95,0,6,1,6,0,3,9,999,999,0,0,0,0,0,0,0,0,0,0,0,0,0,0,3,4,70,1,1,2,1,0,0,1,53,1,1,1,25,"888888888888","777777777777","777777777777",0,0
5,50494,1,1,1,13,12,0,15,8,0,1,0,5,1,20,22,20022,4,2007,"1G1AL55F2772","1","G","1","A","L","5","5","F","2","7","7","2",0,0,0,"000000000","00000000000",0,0,0,1,0,0,0,0,0,0,0,998,0,0,0,2,4,5,8,0,0,0,1,5,72011,6,1,0,0,3,0,76,200,0,0,0,0,0,0,0,0,0,9,0,0,0,0,3,6,65,1,1,2,1,0,0,1,80,6,9,1,13,"777777777777","777777777777","777777777777",0,1
5,50495,1,1,1,4,11,6,5,35,0,1,0,5,1,2,402,2402,14,1982,"1JCCM87EXCT0","1","J","C","C","M","8","7","E","X","C","T","0",0,0,0,"000000000","00000000000",0,0,0,1,0,0,0,0,0,0,0,998,0,1,6,98,6,2,1,0,0,0,1,5,72740,6,1,0,0,3,0,67,166,0,0,0,1,0,5,2016,5,2016,0,99,99,99,99,1,8,98,1,1,4,1,0,0,1,12,99,1,4,6,"777777777777","777777777777","777777777777",1,0
5,50496,1,2,4,8,10,17,53,12,2,1,0,5,2,6,51,6051,4,2010,"2C3CA6CT1AH1","2","C","3","C","A","6","C","T","1","A","H","1",0,0,0,"000000000","00000000000",0,0,0,1,0,0,0,0,0,0,0,998,0,0,0,12,6,2,12,0,0,0,1,5,72712,6,1,0,0,3,0,73,250,0,0,0,0,0,0,0,0,0,0,0,0,0,0,1,2,35,2,1,2,1,0,0,14,62,99,1,1,51,"777777777777","777777777777","777777777777",1,0
5,50496,2,2,2,8,10,17,53,12,2,1,0,5,2,18,23,18023,4,2006,"1G4HD57246U2","1","G","4","H","D","5","7","2","4","6","U","2",0,0,0,"000000000","00000000000",0,0,0,1,0,0,0,0,0,0,0,998,0,0,0,12,6,2,12,0,0,0,1,5,72712,6,2,0,0,3,0,72,180,0,0,0,0,0,0,0,0,0,0,51,0,0,0,1,2,35,3,1,2,1,0,0,14,6,99,1,2,50,"777777777777","777777777777","777777777777",0,0
5,50497,1,1,1,7,12,9,14,14,0,1,0,5,1,35,472,35472,30,2008,"1N6BD06T28C4","1","N","6","B","D","0","6","T","2","8","C","4",0,0,0,"000000000","00000000000",0,0,0,1,0,0,0,0,0,0,0,998,0,0,0,12,6,2,14,0,0,0,1,5,72143,6,1,0,0,3,3,71,170,0,0,0,0,0,0,0,0,0,0,99,99,99,99,1,2,30,2,2,2,1,0,0,1,14,99,1,4,14,"777777777777","777777777777","777777777777",1,0
5,50498,1,1,3,26,12,18,57,38,0,1,0,5,1,35,473,35473,31,2006,"1N6BA06A76N5","1","N","6","B","A","0","6","A","7","6","N","5",0,0,0,"000000000","00000000000",0,0,0,1,0,0,0,0,0,0,0,998,0,1,6,12,6,2,1,0,0,0,1,5,71602,6,2,0,0,3,3,67,180,0,0,0,0,0,0,0,0,0,0,6,0,0,0,1,4,45,1,1,2,6,0,0,1,5,99,9,4,7,"777777777777","777777777777","777777777777",1,1
5,50499,1,1,1,14,9,99,99,9,0,1,1,99,9,99,399,99399,9,9999,"999999999999","9","9","9","9","9","9","9","9","9","9","9","9",0,0,0,"000000000","00000000000",0,0,0,1,0,0,0,0,0,0,0,998,0,0,0,99,9,5,9,0,0,0,1,99,99999,9,9,99,9,9,9,999,999,99,99,99,99,99,99,9999,99,9999,9,0,0,0,0,5,4,45,1,1,2,1,0,0,99,85,99,9,9,13,"777777777777","777777777777","777777777777",0,0
5,50500,1,1,1,19,12,17,15,42,0,1,0,5,1,7,482,7482,31,2016,"3C63RRHL7GG1","3","C","6","3","R","R","H","L","7","G","G","1",0,0,0,"000000000","00000000000",0,0,0,1,0,0,0,0,0,0,0,998,0,0,0,12,6,2,42,0,0,0,1,5,72023,6,1,6,0,3,0,68,205,0,0,0,0,0,0,0,0,0,0,0,0,0,0,1,2,40,1,1,2,1,0,0,1,87,7,9,4,1,"777777777777","777777777777","777777777777",1,0
5,50501,1,5,1,5,12,6,43,12,8,1,0,5,2,12,37,12037,4,2003,"1FAFP33P33W2","1","F","A","F","P","3","3","P","3","3","W","2",0,0,0,"000000000","00000000000",0,0,0,1,0,0,0,0,0,0,0,998,0,0,0,10,2,5,12,0,0,0,1,5,72832,6,1,0,0,3,3,61,140,0,0,0,0,0,0,0,0,0,0,0,0,0,0,1,2,55,3,1,2,1,0,0,14,62,99,9,1,65,"777777777777","777777777777","777777777777",0,0
5,50501,2,5,1,5,12,6,43,12,8,1,0,5,1,23,481,23481,31,2011,"1GTN1TEXXBZ4","1","G","T","N","1","T","E","X","X","B","Z","4",0,0,0,"000000000","00000000000",0,0,0,1,0,0,0,0,0,0,0,998,0,0,0,11,6,2,12,0,0,0,1,5,72950,6,1,0,0,3,0,73,200,0,0,0,0,0,0,0,0,0,0,0,0,0,0,1,2,55,3,1,2,1,0,0,14,62,99,9,1,98,"777777777777","777777777777","777777777777",0,1
5,50501,3,5,1,5,12,6,43,12,8,1,0,5,3,12,481,12481,31,2015,"1FD7X2A62FEA","1","F","D","7","X","2","A","6","2","F","E","A",0,0,0,"000000000","00000000000",0,0,0,1,0,0,0,0,0,0,0,998,0,0,0,12,6,2,12,0,0,0,1,5,72857,6,1,6,0,3,3,68,205,0,0,0,0,0,0,0,0,0,0,0,0,0,0,1,2,55,3,1,2,1,0,0,14,62,99,9,1,98,"777777777777","777777777777","777777777777",1,0
5,50501,4,5,1,5,12,6,43,12,8,1,0,5,1,7,482,7482,31,2002,"1D7HA16K42J1","1","D","7","H","A","1","6","K","4","2","J","1",0,0,0,"000000000","00000000000",0,0,0,1,0,0,0,0,0,0,0,998,0,0,0,1,6,2,12,0,0,0,1,5,71965,6,1,6,0,3,1,68,165,0,0,0,0,0,0,0,0,0,0,0,0,0,0,1,2,55,3,1,2,1,0,0,14,62,99,9,1,98,"777777777777","777777777777","777777777777",0,1
5,50501,5,5,1,5,12,6,43,12,8,1,0,5,2,82,881,82881,66,1998,"1FUPFXYB0WP9","1","F","U","P","F","X","Y","B","0","W","P","9",1,1,77,"777777777","77777777777",3,6,10,1,0,0,0,0,0,0,0,998,0,1,1,9,6,2,1,0,0,0,1,5,72143,6,1,6,0,3,3,75,170,0,0,0,0,2,3,2013,3,2013,4,6,0,0,0,1,2,55,2,1,2,1,0,0,14,10,99,9,2,64,"888888888888","777777777777","777777777777",0,1