"STATE","ST_CASE","VEH_NO","VE_FORMS","NUMOCCS","DAY","MONTH","HOUR","MINUTE","HARM_EV","MAN_COLL","UNITTYPE","HIT_RUN","REG_STAT","OWNER","MAKE","MODEL","MAK_MOD","BODY_TYP","MOD_YEAR","VIN","VIN_1","VIN_2","VIN_3","VIN_4","VIN_5","VIN_6","VIN_7","VIN_8","VIN_9","VIN_10","VIN_11","VIN_12","TOW_VEH","J_KNIFE","MCARR_I1","MCARR_I2","MCARR_ID","GVWR","V_CONFIG","CARGO_BT","HAZ_INV","HAZ_PLAC","HAZ_ID","HAZ_CNO","HAZ_REL","BUS_USE","SPEC_USE","EMER_USE","TRAV_SP","UNDERIDE","ROLLOVER","ROLINLOC","IMPACT1","DEFORMED","TOWED","M_HARM","VEH_SC1","VEH_SC2","FIRE_EXP","DR_PRES","L_STATE","DR_ZIP","L_STATUS","L_TYPE","CDL_STAT","L_ENDORS","L_COMPL","L_RESTRI","DR_HGT","DR_WGT","PREV_ACC","PREV_SUS","PREV_DWI","PREV_SPD","PREV_OTH","FIRST_MO","FIRST_YR","LAST_MO","LAST_YR","SPEEDREL","DR_SF1","DR_SF2","DR_SF3","DR_SF4","VTRAFWAY","VNUM_LAN","VSPD_LIM","VALIGN","VPROFILE","VPAVETYP","VSURCOND","VTRAFCON","VTCONT_F","P_CRASH1","P_CRASH2","P_CRASH3","PCRASH4","PCRASH5","ACC_TYPE","TRLR1VIN","TRLR2VIN","TRLR3VIN","DEATHS","DR_DRINK"
5,50502,1,1,1,27,12,19,25,32,0,1,0,5,1,55,401,55401,14,2007,"5NMSH13E47H1","5","N","M","S","H","1","3","E","4","7","H","1",0,0,0,"000000000","00000000000",0,0,0,1,0,0,0,0,0,0,0,998,0,0,0,12,6,2,42,0,0,0,1,5,72081,6,1,0,0,3,3,69,195,0,2,2,1,1,9,2015,5,2016,0,51,0,0,0,1,2,55,1,1,2,1,0,0,1,13,7,9,4,1,"777777777777","777777777777","777777777777",1,0
5,50503,1,2,1,11,9,23,45,12,1,1,1,5,1,6,421,6421,15,2008,"1A8HX58N28F1","1","A","8","H","X","5","8","N","2","8","F","1",0,0,0,"000000000","00000000000",0,0,0,1,0,0,0,0,0,0,0,998,0,0,0,12,4,3,12,0,0,0,1,5,72106,3,1,0,0,2,0,71,175,0,1,1,0,0,1,2012,3,2012,0,36,26,0,0,1,2,55,1,1,2,1,0,0,1,51,99,1,1,24,"777777777777","777777777777","777777777777",0,1
5,50503,2,2,1,11,9,23,45,12,1,1,0,99,1,37,703,37703,88,2008,"999999999999","9","9","9","9","9","9","9","9","9","9","9","9",0,0,0,"000000000","00000000000",0,0,0,1,0,0,0,0,0,0,0,998,0,0,0,6,6,2,12,0,0,0,1,5,72110,3,1,0,0,2,0,74,230,0,2,3,0,2,10,2012,5,2015,0,0,0,0,0,1,2,55,1,1,2,1,0,0,1,53,99,1,1,25,"777777777777","777777777777","777777777777",1,1
8,80001,1,1,3,3,1,6,17,24,0,1,0,24,2,49,32,49032,4,2009,"1NXBU40E49Z0","1","N","X","B","U","4","0","E","4","9","Z","0",0,0,0,"000000000","00000000000",0,0,0,1,0,0,0,0,0,0,0,75,0,1,5,62,6,2,1,0,0,0,1,24,20639,6,1,0,0,3,0,70,180,0,0,0,0,0,0,0,0,0,0,6,0,0,0,3,2,75,2,5,1,1,28,3,1,12,7,1,4,6,"777777777777","777777777777","777777777777",2,0
8,80002,1,2,2,3,1,19,33,12,6,1,0,8,1,35,472,35472,30,2010,"1N6AD0EV5AC4","1","N","6","A","D","0","E","V","5","A","C","4",0,0,0,"000000000","00000000000",0,0,0,1,0,0,0,0,0,0,0,45,0,1,6,62,6,2,12,0,0,0,1,8,80526,6,1,0,0,3,0,65,180,0,0,0,1,0,10,2012,10,2012,0,6,39,0,0,1,2,55,1,1,2,1,20,3,1,17,1,1,1,89,"777777777777","777777777777","777777777777",0,0
8,80002,2,2,2,3,1,19,33,12,6,1,0,8,1,63,401,63401,14,2000,"KNDJA7231Y56","K","N","D","J","A","7","2","3","1","Y","5","6",0,0,0,"000000000","00000000000",0,0,0,1,0,0,0,0,0,0,0,35,0,0,0,12,6,2,12,0,0,0,1,8,80501,6,1,0,0,3,3,63,220,1,0,0,0,0,11,2011,11,2011,0,0,0,0,0,1,4,55,1,1,2,1,0,0,1,66,8,1,1,88,"777777777777","777777777777","777777777777",1,0
8,80003,1,4,1,3,1,14,20,12,1,1,0,8,1,20,422,20422,15,2011,"1GNSKJE35BR2","1","G","N","S","K","J","E","3","5","B","R","2",0,0,0,"000000000","00000000000",0,0,0,1,0,0,0,0,0,0,0,80,0,0,0,12,6,2,12,0,0,0,1,8,80222,6,1,0,0,3,0,68,160,0,0,0,0,2,4,2013,6,2013,3,36,0,0,0,2,7,35,1,1,2,1,2,3,1,50,1,1,1,20,"777777777777","777777777777","777777777777",0,1
8,80003,2,4,2,3,1,14,20,12,1,1,0,8,1,22,32,22032,6,2003,"5Y2SL62853Z4","5","Y","2","S","L","6","2","8","5","3","Z","4",0,0,0,"000000000","00000000000",0,0,0,1,0,0,0,0,0,0,0,0,0,0,0,6,6,2,12,0,0,0,1,8,80219,6,1,0,0,3,0,66,170,0,0,0,0,0,0,0,0,0,0,0,0,0,0,2,7,35,1,1,2,1,2,3,5,53,1,1,1,21,"777777777777","777777777777","777777777777",2,0
8,80003,3,4,5,3,1,14,20,12,1,1,0,8,1,12,402,12402,14,2003,"1FMYU93133KE","1","F","M","Y","U","9","3","1","3","3","K","E",0,0,0,"000000000","00000000000",0,0,0,1,0,0,0,0,0,0,0,0,0,1,1,6,6,2,12,0,0,0,1,8,80917,6,1,0,0,3,3,68,165,0,0,0,0,0,0,0,0,0,0,0,0,0,0,2,6,35,1,1,2,1,2,3,5,53,1,1,1,98,"777777777777","777777777777","777777777777",0,0
8,80003,4,4,1,3,1,14,20,12,1,1,0,8,1,12,471,12471,30,2000,"1FTZR15X5YPA","1","F","T","Z","R","1","5","X","5","Y","P","A",0,0,0,"000000000","00000000000",0,0,0,1,0,0,0,0,0,0,0,30,0,0,0,12,6,2,12,0,0,0,1,8,80401,6,1,0,0,3,0,79,243,0,0,0,0,0,0,0,0,0,0,0,0,0,0,1,4,30,1,1,2,1,2,3,1,66,1,1,1,98,"777777777777","777777777777","777777777777",0,0
8,80004,1,2,2,10,1,16,57,12,8,1,0,8,3,49,403,49403,14,2006,"JTEEP21A0601","J","T","E","E","P","2","1","A","0","6","0","1",0,0,0,"000000000","00000000000",0,0,0,1,0,0,0,0,0,0,0,63,0,0,0,61,6,2,12,0,0,0,1,8,81428,6,1,0,0,3,0,77,195,0,0,0,0,0,0,0,0,0,0,6,28,0,0,1,3,60,2,1,2,1,0,0,1,10,1,1,2,64,"777777777777","777777777777","777777777777",1,0
8,80004,2,2,1,10,1,16,57,12,8,1,0,8,1,20,481,20481,31,2001,"1GCHK29131E3","1","G","C","H","K","2","9","1","3","1","E","3",1,1,0,"000000000","00000000000",0,0,0,1,0,0,0,0,0,0,0,58,0,0,0,61,6,2,12,0,0,0,1,8,81401,6,1,0,0,3,1,68,180,0,0,0,0,0,0,0,0,0,0,0,0,0,0,1,3,60,3,1,2,1,0,0,14,62,7,1,1,65,"1DVSE1620KK0","777777777777","777777777777",0,0
8,80005,1,3,2,13,1,19,15,12,7,1,0,8,2,7,442,7442,20,1995,"2B4GH2538SR2","2","B","4","G","H","2","5","3","8","S","R","2",0,0,0,"000000000","00000000000",0,0,0,1,0,0,0,0,0,0,0,80,0,0,0,7,6,2,12,0,0,0,1,8,80751,2,1,0,0,2,0,72,187,0,0,0,0,0,0,0,0,0,0,6,27,0,0,2,2,75,1,5,1,1,0,0,15,10,1,1,2,47,"777777777777","777777777777","777777777777",1,1
8,80005,2,3,1,13,1,19,15,12,7,1,0,8,3,82,881,82881,66,2007,"1FUJA6DE27DY","1","F","U","J","A","6","D","E","2","7","D","Y",1,1,57,"514308","57514308",3,6,2,2,2,1987,3,1,0,0,0,78,0,0,0,11,4,5,12,0,0,0,1,8,80030,6,1,6,1,3,1,73,225,1,0,0,1,1,4,2014,7,2014,0,0,0,0,0,2,2,75,1,5,1,1,0,0,1,61,1,1,1,45,"5HTAM442537H","777777777777","777777777777",0,0
8,80005,3,3,2,13,1,19,15,12,7,1,0,8,3,84,881,84881,62,2004,"1HTMMAAM84H6","1","H","T","M","M","A","A","M","8","4","H","6",0,0,88,"888888888","88888888888",2,1,96,1,0,0,0,0,0,0,0,75,0,0,0,12,6,2,12,0,0,0,1,8,80654,6,1,0,0,3,0,71,290,0,0,0,1,0,11,2014,11,2014,0,0,0,0,0,2,2,75,1,5,1,1,0,0,1,50,15,1,1,98,"777777777777","777777777777","777777777777",0,0
8,80006,1,1,2,14,1,13,30,31,0,1,0,8,1,20,22,20022,2,2008,"1G1AL18F5873","1","G","1","A","L","1","8","F","5","8","7","3",0,0,0,"000000000","00000000000",0,0,0,1,0,0,0,0,0,0,0,70,0,0,0,7,6,2,42,0,0,0,1,8,81004,6,1,0,0,3,0,69,165,0,0,0,0,1,3,2012,3,2012,0,6,58,0,0,2,2,75,1,1,1,1,0,0,17,61,7,3,4,2,"777777777777","777777777777","777777777777",1,0
8,80007,1,1,2,14,1,17,1,1,0,1,0,8,2,12,401,12401,14,1997,"1FMDU35P6VUA","1","F","M","D","U","3","5","P","6","V","U","A",0,0,0,"000000000","00000000000",0,0,0,1,0,0,0,0,0,0,0,998,0,1,3,0,6,2,1,0,0,0,1,8,80003,2,1,0,0,2,0,61,120,0,0,0,0,0,0,0,0,0,9,6,58,0,0,2,2,65,1,1,2,1,0,0,15,8,7,3,4,7,"777777777777","777777777777","777777777777",1,0
8,80008,1,1,3,15,1,14,18,17,0,1,0,20,1,49,32,49032,4,1996,"1NXBA02E8TZ3","1","N","X","B","A","0","2","E","8","T","Z","3",0,0,0,"000000000","00000000000",0,0,0,1,0,0,0,0,0,0,0,50,0,1,5,2,6,2,1,0,0,0,1,20,67005,0,0,0,0,0,0,999,999,0,0,0,0,0,0,0,0,0,0,6,0,0,0,6,1,50,2,5,1,1,0,0,1,8,8,4,4,7,"777777777777","777777777777","777777777777",1,0
8,80009,1,1,1,18,1,23,0,33,0,1,0,8,2,72,706,72706,80,1983,"1HD1BEK13DY0","1","H","D","1","B","E","K","1","3","D","Y","0",0,0,0,"000000000","00000000000",0,0,0,1,0,0,0,0,0,0,0,25,0,0,0,12,6,2,1,0,0,0,1,8,80236,1,1,0,0,2,3,67,200,0,1,0,0,0,4,2015,4,2015,0,6,0,0,0,1,2,25,2,1,2,1,0,0,1,12,16,2,4,6,"777777777777","777777777777","777777777777",1,1
8,80010,1,3,4,18,1,17,28,12,6,1,0,8,2,63,441,63441,20,2008,"KNDMB233X862","K","N","D","M","B","2","3","3","X","8","6","2",0,0,0,"000000000","00000000000",0,0,0,1,0,0,0,0,0,0,0,28,0,1,1,3,6,2,12,0,0,0,1,8,80012,6,1,0,0,3,0,68,195,0,1,0,0,2,6,2012,10,2015,0,6,39,0,0,2,1,25,1,1,2,1,2,3,11,15,1,1,1,68,"777777777777","777777777777","777777777777",1,0
8,80010,2,3,1,18,1,17,28,12,6,1,0,8,1,6,441,6441,20,2006,"2A4GP44R96R7","2","A","4","G","P","4","4","R","9","6","R","7",0,0,0,"000000000","00000000000",0,0,0,1,0,0,0,0,0,0,0,25,0,0,0,12,6,2,12,0,0,0,1,35,80010,6,1,0,0,3,0,62,115,98,0,0,1,0,9,2014,9,2014,0,0,0,0,0,1,3,25,1,1,2,1,2,3,1,62,99,1,1,69,"777777777777","777777777777","777777777777",0,0
8,80010,3,3,2,18,1,17,28,12,6,1,0,8,1,37,32,37032,4,1991,"JHMCB7562MC0","J","H","M","C","B","7","5","6","2","M","C","0",0,0,0,"000000000","00000000000",0,0,0,1,0,0,0,0,0,0,0,5,0,0,0,12,4,5,12,0,0,0,1,8,80010,6,1,0,0,3,0,66,160,0,0,0,0,0,0,0,0,0,0,0,0,0,0,1,2,25,1,1,2,1,2,3,2,62,99,1,1,98,"777777777777","777777777777","777777777777",0,0
8,80011,1,1,1,29,1,19,51,8,0,1,0,8,1,12,16,12016,4,2003,"2FAFP71W93X1","2","F","A","F","P","7","1","W","9","3","X","1",0,0,0,"000000000","00000000000",0,0,0,1,0,0,0,0,0,0,0,20,0,0,0,12,2,5,8,0,0,0,1,8,80010,6,1,0,0,3,0,65,130,1,10,0,0,4,10,2011,5,2015,0,0,0,0,0,2,2,35,1,1,2,1,0,0,1,80,1,1,1,13,"777777777777","777777777777","777777777777",0,0
8,80012,1,2,1,24,1,11,50,12,2,1,0,8,1,12,481,12481,31,2002,"1FTRX18L22NB","1","F","T","R","X","1","8","L","2","2","N","B",0,0,0,"000000000","00000000000",0,0,0,1,0,0,0,0,0,0,0,65,0,0,0,12,6,2,12,0,0,0,1,8,81101,6,1,0,0,3,3,62,165,0,1,0,1,1,1,2012,4,2015,0,6,51,0,0,1,3,65,2,5,2,1,0,0,14,54,7,1,2,52,"777777777777","777777777777","777777777777",1,0
8,80012,2,2,1,24,1,11,50,12,2,1,0,8,1,7,481,7481,31,1992,"3B7KM23C9NM5","3","B","7","K","M","2","3","C","9","N","M","5",0,0,0,"000000000","00000000000",0,0,0,1,0,0,0,0,0,0,0,65,0,0,0,12,6,2,12,0,0,0,1,8,80011,6,1,0,0,3,0,71,210,0,0,0,2,1,3,2012,3,2013,0,0,0,0,0,1,3,65,3,6,2,1,0,0,14,54,8,4,2,52,"777777777777","777777777777","777777777777",0,0
8,80013,1,1,1,23,1,4,0,33,0,1,0,8,2,49,46,49046,5,2011,"JTDKN3DU4B03","J","T","D","K","N","3","D","U","4","B","0","3",0,0,0,"000000000","00000000000",0,0,0,1,0,0,0,0,0,0,0,55,0,0,0,12,6,2,46,0,0,0,1,8,80233,6,1,0,0,3,0,66,130,0,0,0,0,1,3,2015,3,2015,3,36,0,0,0,2,5,45,2,5,2,1,2,3,1,13,1,1,4,1,"777777777777","777777777777","777777777777",1,1
8,80014,1,2,1,23,1,11,26,12,6,1,0,8,2,35,47,35047,4,1997,"1N4BU31D3VC2","1","N","4","B","U","3","1","D","3","V","C","2",0,0,0,"000000000","00000000000",0,0,0,1,0,0,0,0,0,0,0,10,0,0,0,82,6,2,12,0,0,0,1,8,80226,6,1,0,0,3,0,62,146,1,0,0,0,0,5,2012,5,2012,0,6,38,0,0,2,3,40,1,1,2,1,2,3,11,15,99,1,1,68,"777777777777","777777777777","777777777777",0,0
8,80014,2,2,1,23,1,11,26,12,6,1,0,8,2,37,705,37705,80,2003,"JH2PC37013M0","J","H","2","P","C","3","7","0","1","3","M","0",0,0,0,"000000000","00000000000",0,0,0,1,0,0,0,0,0,0,0,40,0,0,0,12,6,2,12,0,0,0,1,8,80219,0,0,0,0,0,0,999,999,0,0,0,0,0,0,0,0,0,0,0,0,0,0,2,2,40,1,1,2,1,2,3,1,62,16,2,1,69,"777777777777","777777777777","777777777777",1,0
8,80015,1,1,1,28,1,2,4,35,0,1,0,8,1,7,26,7026,4,2010,"1B3CC4FB8AN2","1","B","3","C","C","4","F","B","8","A","N","2",0,0,0,"000000000","00000000000",0,0,0,1,0,0,0,0,0,0,0,65,0,1,5,81,6,2,1,0,0,0,1,8,80810,6,1,0,0,3,3,69,135,0,0,0,0,0,0,0,0,0,0,6,58,0,0,1,2,65,1,1,2,1,0,0,1,12,7,4,4,7,"777777777777","777777777777","777777777777",1,1
8,80016,1,1,2,30,1,13,0,59,0,1,0,8,2,42,403,42403,14,2010,"WDCGG8HBXAF2","W","D","C","G","G","8","H","B","X","A","F","2",0,0,0,"000000000","00000000000",0,0,0,1,0,0,0,0,0,0,0,40,0,0,0,12,4,3,59,0,0,0,1,8,80127,6,7,0,0,3,2,67,130,0,0,0,0,0,0,0,0,0,0,6,74,0,0,1,2,40,3,5,2,1,28,3,1,13,1,1,4,1,"777777777777","777777777777","777777777777",1,0
8,80017,1,1,1,27,1,6,48,8,0,1,0,8,1,12,402,12402,14,2007,"1FMCU93Z67KB","1","F","M","C","U","9","3","Z","6","7","K","B",0,0,0,"000000000","00000000000",0,0,0,1,0,0,0,0,0,0,0,998,0,0,0,12,0,5,8,0,0,0,1,8,80014,6,1,0,0,3,0,68,175,0,0,0,1,3,5,2011,7,2015,0,0,0,0,0,2,2,40,1,1,2,1,2,3,1,80,16,1,1,13,"777777777777","777777777777","777777777777",0,0
8,80018,1,1,1,26,1,14,8,33,0,1,0,8,1,18,2,18002,4,2001,"1G4HP54K7141","1","G","4","H","P","5","4","K","7","1","4","1",0,0,0,"000000000","00000000000",0,0,0,1,0,0,0,0,0,0,0,40,0,0,0,12,6,2,8,0,0,0,1,8,80226,6,1,0,0,3,1,74,182,0,0,0,0,0,0,0,0,0,3,36,0,0,0,1,2,30,1,2,2,1,20,3,1,14,1,1,4,14,"777777777777","777777777777","777777777777",0,0
8,80019,1,1,1,30,1,6,40,9,0,1,0,8,1,7,481,7481,31,1984,"1B7HW14T3ES2","1","B","7","H","W","1","4","T","3","E","S","2",0,0,0,"000000000","00000000000",0,0,0,1,0,0,0,0,0,0,0,998,0,0,0,12,2,3,9,0,0,0,1,8,80223,6,1,6,0,3,0,72,216,0,0,0,1,1,2,2012,5,2012,0,6,0,0,0,1,3,35,1,1,2,1,0,0,1,83,1,1,1,13,"777777777777","777777777777","777777777777",0,0
8,80020,1,1,1,30,1,12,20,38,0,1,0,40,1,73,706,73706,80,2013,"JKAZXCK12DA0","J","K","A","Z","X","C","K","1","2","D","A","0",0,0,0,"000000000","00000000000",0,0,0,1,0,0,0,0,0,0,0,95,0,0,0,12,6,2,1,0,0,0,1,8,80012,6,1,0,0,3,0,69,165,0,0,0,0,0,0,0,0,0,3,8,36,0,0,3,2,75,1,1,1,1,0,0,1,6,16,1,4,1,"777777777777","777777777777","777777777777",1,0
8,80021,1,2,1,14,1,13,28,12,2,1,0,8,1,18,7,18007,4,1992,"3G4AG54N3NS6","3","G","4","A","G","5","4","N","3","N","S","6",0,0,0,"000000000","00000000000",0,0,0,1,0,0,0,0,0,0,0,998,0,0,0,12,6,2,12,0,0,0,1,8,80910,6,1,0,0,3,1,63,116,0,0,0,0,0,0,0,0,0,0,6,0,0,0,5,5,35,1,1,2,1,0,0,1,10,1,1,2,50,"777777777777","777777777777","777777777777",1,0
8,80021,2,2,1,14,1,13,28,12,2,1,0,8,3,84,881,84881,61,1990,"1HTMGZPM4LH2","1","H","T","M","G","Z","P","M","4","L","H","2",0,0,57,"265752","57265752",2,1,1,1,0,0,0,0,0,0,0,998,0,0,0,12,6,2,12,0,0,0,1,8,80911,6,1,6,0,3,0,67,180,0,0,0,1,0,5,2014,5,2014,0,0,0,0,0,5,5,35,1,1,2,1,0,0,1,62,99,1,1,51,"777777777777","777777777777","777777777777",0,0
8,80022,1,1,1,23,1,19,32,8,0,1,1,8,2,12,401,12401,14,2006,"1FMEU64866ZA","1","F","M","E","U","6","4","8","6","6","Z","A",0,0,0,"000000000","00000000000",0,0,0,1,0,0,0,0,0,0,0,35,0,0,0,12,4,5,8,0,0,0,1,8,80910,2,1,0,0,2,0,70,180,0,3,1,0,0,5,2012,5,2014,0,6,0,0,0,5,7,35,1,1,2,1,0,0,1,80,99,1,1,13,"777777777777","777777777777","777777777777",0,0
8,80023,1,1,1,14,1,9,20,18,0,1,0,8,1,35,472,35472,30,2004,"1N6MD26Y04C4","1","N","6","M","D","2","6","Y","0","4","C","4",0,0,0,"000000000","00000000000",0,0,0,1,0,0,0,0,0,0,0,40,0,0,0,61,6,2,42,0,0,0,1,8,80021,6,1,0,0,3,0,70,210,0,0,0,5,2,1,2011,12,2015,0,6,0,0,0,1,2,40,3,5,2,1,0,0,14,13,1,1,4,1,"777777777777","777777777777","777777777777",1,0
8,80024,1,3,1,6,1,18,14,12,2,1,0,8,1,37,31,37031,2,2001,"1HGEM22571L0","1","H","G","E","M","2","2","5","7","1","L","0",0,0,0,"000000000","00000000000",0,0,0,1,0,0,0,0,0,0,0,45,0,0,0,12,6,2,12,0,0,0,1,8,80863,6,1,0,0,3,3,62,103,1,0,0,0,0,1,2015,1,2015,0,6,51,0,0,3,2,45,3,6,2,2,0,0,14,54,1,1,1,52,"777777777777","777777777777","777777777777",1,1
8,80024,2,3,1,6,1,18,14,12,2,1,0,8,3,20,421,20421,15,2007,"1GNEK13057R1","1","G","N","E","K","1","3","0","5","7","R","1",0,0,0,"000000000","00000000000",0,0,0,1,0,0,0,0,0,0,0,45,0,0,0,12,6,2,12,0,0,0,1,8,80863,6,1,0,0,3,1,66,160,0,0,0,0,0,0,0,0,0,0,0,0,0,0,3,2,45,2,5,2,2,0,0,14,54,16,1,1,52,"777777777777","777777777777","777777777777",0,0
8,80024,3,3,1,6,1,18,14,12,2,1,0,8,2,32,42,32042,6,1996,"WAUJA84A0TN0","W","A","U","J","A","8","4","A","0","T","N","0",0,0,0,"000000000","00000000000",0,0,0,1,0,0,0,0,0,0,0,45,0,0,0,12,6,2,12,0,0,0,1,8,80816,6,1,0,0,3,1,63,110,0,0,0,0,0,0,0,0,0,0,0,0,0,0,3,2,45,2,5,2,2,0,0,14,51,8,1,1,98,"777777777777","777777777777","777777777777",0,0
8,80025,1,1,2,13,1,2,1,38,0,1,0,8,2,54,31,54031,3,1990,"JH4DA9352LS0","J","H","4","D","A","9","3","5","2","L","S","0",0,0,0,"000000000","00000000000",0,0,0,1,0,0,0,0,0,0,0,998,0,1,5,12,6,2,1,0,0,0,1,99,99999,9,9,99,0,9,9,999,999,99,99,99,99,99,99,9999,99,9999,5,8,38,0,0,1,2,30,2,1,2,1,0,0,1,12,16,2,4,6,"777777777777","777777777777","777777777777",2,0
8,80026,1,3,1,13,1,8,22,12,8,1,0,8,1,12,13,12013,2,2000,"3FAKP1138YR2","3","F","A","K","P","1","1","3","8","Y","R","2",0,0,0,"000000000","00000000000",0,0,0,1,0,0,0,0,0,0,0,55,1,0,0,61,6,2,12,0,0,0,1,8,80501,6,1,0,0,3,0,70,167,0,0,0,0,0,0,0,0,0,0,6,28,0,0,1,2,55,1,6,2,1,0,0,1,10,1,1,2,64,"777777777777","777777777777","777777777777",1,1
8,80026,2,3,1,13,1,8,22,12,8,1,0,8,3,87,881,87881,66,2016,"1XPBDP9X2GD3","1","X","P","B","D","P","9","X","2","G","D","3",1,1,57,"270036","57270036",3,6,1,1,0,0,0,0,0,0,0,50,0,0,0,7,4,5,12,0,0,0,1,8,80017,6,1,6,1,3,0,75,315,0,0,0,0,1,12,2014,12,2014,0,0,0,0,0,1,2,55,1,5,2,1,0,0,1,62,9,1,1,65,"1JJV532V2YL6","777777777777","777777777777",0,0
8,80026,3,3,1,13,1,8,22,12,8,1,0,8,4,55,33,55033,4,2016,"5NPE24AF9GH3","5","N","P","E","2","4","A","F","9","G","H","3",0,0,0,"000000000","00000000000",0,0,0,1,0,0,0,0,0,0,0,55,0,0,0,11,2,5,12,0,0,0,1,21,40324,6,1,0,0,3,3,70,175,0,0,0,0,0,0,0,0,0,0,0,0,0,0,1,2,55,1,6,2,1,0,0,1,62,9,1,4,98,"777777777777","777777777777","777777777777",0,0
8,80027,1,2,2,22,1,19,29,12,6,1,0,8,1,49,482,49482,31,2008,"5TFBV54198X0","5","T","F","B","V","5","4","1","9","8","X","0",0,0,0,"000000000","00000000000",0,0,0,1,0,0,0,0,0,0,0,8,0,0,0,12,2,3,12,0,0,0,1,8,80031,6,1,0,0,3,0,68,190,2,0,0,0,2,10,2011,6,2012,0,6,38,0,0,1,2,25,1,1,2,1,20,3,11,15,1,1,1,82,"777777777777","777777777777","777777777777",0,0
8,80027,2,2,1,22,1,19,29,12,6,1,0,8,2,35,401,35401,14,1996,"JN8AR05Y8TW0","J","N","8","A","R","0","5","Y","8","T","W","0",0,0,0,"000000000","00000000000",0,0,0,1,0,0,0,0,0,0,0,40,0,1,1,83,6,2,1,0,0,0,1,8,80026,6,1,0,0,3,0,68,200,0,0,0,0,0,0,0,0,0,0,0,0,0,0,2,4,40,1,1,2,1,0,0,1,67,6,1,1,83,"777777777777","777777777777","777777777777",1,0
8,80028,1,2,1,1,2,9,50,12,6,1,0,8,1,22,20,22020,4,2004,"2G2WS522X412","2","G","2","W","S","5","2","2","X","4","1","2",0,0,0,"000000000","00000000000",0,0,0,1,0,0,0,0,0,0,0,60,0,0,0,81,6,2,12,0,0,0,1,8,80631,6,1,0,0,3,0,68,190,0,0,0,0,0,0,0,0,0,4,6,28,0,0,1,2,65,1,6,2,4,0,0,1,6,6,4,2,66,"777777777777","777777777777","777777777777",1,0
8,80028,2,2,1,1,2,9,50,12,6,1,0,6,3,85,881,85881,66,2014,"1XKDP4EX7EJ3","1","X","K","D","P","4","E","X","7","E","J","3",1,3,57,"193681","57193681",3,6,2,2,2,1267,3,1,0,0,0,45,0,0,0,12,6,2,12,0,0,0,1,56,82007,6,1,6,1,3,3,75,320,0,0,0,1,0,3,2011,3,2011,0,0,0,0,0,1,2,65,1,5,2,4,0,0,1,62,16,2,1,66,"5HTDL534XE5L","777777777777","777777777777",0,0
8,80029,1,2,2,2,2,7,15,12,6,1,0,8,1,30,40,30040,4,2002,"3VWSE69M22M0","3","V","W","S","E","6","9","M","2","2","M","0",0,0,0,"000000000","00000000000",0,0,0,1,0,0,0,0,0,0,0,65,0,0,0,81,6,2,12,0,0,0,1,8,80461,6,7,0,0,3,1,67,150,0,3,1,2,0,5,2012,8,2015,4,6,8,28,0,1,2,65,2,6,2,3,0,0,14,6,16,4,2,66,"777777777777","777777777777","777777777777",1,0
8,80029,2,2,1,2,2,7,15,12,6,1,0,8,1,12,481,12481,31,2015,"1FTEW1EG9FKF","1","F","T","E","W","1","E","G","9","F","K","F",0,0,0,"000000000","00000000000",0,0,0,1,0,0,0,0,0,0,0,40,0,0,0,12,6,2,12,0,0,0,1,8,80420,6,1,0,0,3,1,64,100,0,0,0,1,0,5,2011,5,2011,0,0,0,0,0,1,2,65,2,5,2,3,0,0,14,62,1,1,1,66,"777777777777","777777777777","777777777777",0,0
8,80030,1,2,1,2,2,9,10,12,6,1,0,8,1,12,481,12481,31,2001,"1FTRF17W51NB","1","F","T","R","F","1","7","W","5","1","N","B",0,0,0,"000000000","00000000000",0,0,0,1,0,0,0,0,0,0,0,50,0,0,0,61,6,2,12,0,0,0,1,8,81005,6,1,0,0,3,1,70,170,0,4,1,0,0,4,2014,6,2014,4,6,52,0,0,2,2,65,1,5,2,1,28,3,1,6,1,4,7,66,"777777777777","777777777777","777777777777",1,0
8,80030,2,2,1,2,2,9,10,12,6,1,0,8,3,85,881,85881,66,2011,"1XKDD49X8BJ2","1","X","K","D","D","4","9","X","8","B","J","2",1,1,57,"01188080","5701188080",3,6,2,2,2,1203,3,1,0,0,0,38,0,0,0,12,4,5,12,0,0,0,1,8,81212,6,1,6,1,3,1,69,222,0,0,0,0,1,10,2011,10,2011,0,0,0,0,0,2,2,65,1,6,2,4,28,3,1,64,7,1,1,66,"1Z9SA4223YD0","777777777777","777777777777",0,0
8,80031,1,2,1,7,2,9,44,12,6,1,0,8,1,37,32,37032,4,1997,"1HGCD5663VA1","1","H","G","C","D","5","6","6","3","V","A","1",0,0,0,"000000000","00000000000",0,0,0,1,0,0,0,0,0,0,0,30,0,0,0,62,6,2,12,0,0,0,1,8,80211,6,1,0,0,3,3,66,125,0,1,0,0,1,4,2012,6,2012,0,6,39,0,0,5,3,25,1,1,2,1,2,3,1,17,1,1,1,89,"777777777777","777777777777","777777777777",1,1
8,80031,2,2,1,7,2,9,44,12,6,1,0,8,1,23,401,23401,14,2002,"1GKDT13S5221","1","G","K","D","T","1","3","S","5","2","2","1",0,0,0,"000000000","00000000000",0,0,0,1,0,0,0,0,0,0,0,45,0,0,0,12,6,2,12,0,0,0,1,8,80012,6,1,0,0,3,0,70,160,0,4,0,0,0,1,2013,9,2013,0,0,0,0,0,1,7,45,1,1,2,1,2,3,1,66,1,1,1,88,"777777777777","777777777777","777777777777",0,0