"STATE","ST_CASE","VEH_NO","VE_FORMS","NUMOCCS","DAY","MONTH","HOUR","MINUTE","HARM_EV","MAN_COLL","UNITTYPE","HIT_RUN","REG_STAT","OWNER","MAKE","MODEL","MAK_MOD","BODY_TYP","MOD_YEAR","VIN","VIN_1","VIN_2","VIN_3","VIN_4","VIN_5","VIN_6","VIN_7","VIN_8","VIN_9","VIN_10","VIN_11","VIN_12","TOW_VEH","J_KNIFE","MCARR_I1","MCARR_I2","MCARR_ID","GVWR","V_CONFIG","CARGO_BT","HAZ_INV","HAZ_PLAC","HAZ_ID","HAZ_CNO","HAZ_REL","BUS_USE","SPEC_USE","EMER_USE","TRAV_SP","UNDERIDE","ROLLOVER","ROLINLOC","IMPACT1","DEFORMED","TOWED","M_HARM","VEH_SC1","VEH_SC2","FIRE_EXP","DR_PRES","L_STATE","DR_ZIP","L_STATUS","L_TYPE","CDL_STAT","L_ENDORS","L_COMPL","L_RESTRI","DR_HGT","DR_WGT","PREV_ACC","PREV_SUS","PREV_DWI","PREV_SPD","PREV_OTH","FIRST_MO","FIRST_YR","LAST_MO","LAST_YR","SPEEDREL","DR_SF1","DR_SF2","DR_SF3","DR_SF4","VTRAFWAY","VNUM_LAN","VSPD_LIM","VALIGN","VPROFILE","VPAVETYP","VSURCOND","VTRAFCON","VTCONT_F","P_CRASH1","P_CRASH2","P_CRASH3","PCRASH4","PCRASH5","ACC_TYPE","TRLR1VIN","TRLR2VIN","TRLR3VIN","DEATHS","DR_DRINK"
8,80096,2,2,2,1,4,15,39,12,6,1,0,8,1,14,21,14021,4,2010,"3MEHM0CG2AR6","3","M","E","H","M","0","C","G","2","A","R","6",0,0,0,"000000000","00000000000",0,0,0,1,0,0,0,0,0,0,0,998,0,0,0,61,6,2,12,0,0,0,1,8,80122,6,1,0,0,3,0,63,190,0,0,0,0,0,0,0,0,0,0,0,0,0,0,1,2,25,1,6,2,1,20,3,11,15,1,1,1,82,"777777777777","777777777777","777777777777",2,0
8,80097,1,1,2,5,4,23,34,8,0,1,0,8,3,38,882,38882,61,2014,"JALC4W166E70","J","A","L","C","4","W","1","6","6","E","7","0",0,0,57,"01041094","5701041094",2,1,3,1,0,0,0,0,0,0,0,35,0,0,0,12,2,3,8,0,0,0,1,8,80020,6,1,0,0,3,1,71,210,0,0,0,0,1,11,2013,11,2013,0,0,0,0,0,1,5,45,1,1,2,1,0,0,1,80,1,1,1,13,"777777777777","777777777777","777777777777",0,0
8,80098,1,2,1,8,4,10,58,12,6,1,0,8,1,20,421,20421,15,2002,"1GNDT13W62K1","1","G","N","D","T","1","3","W","6","2","K","1",0,0,0,"000000000","00000000000",0,0,0,1,0,0,0,0,0,0,0,75,0,1,5,5,6,2,1,0,0,0,1,8,81006,6,1,0,0,3,0,70,200,0,0,0,1,1,10,2013,1,2015,0,6,0,0,0,3,2,75,1,1,2,1,0,0,15,12,9,1,1,46,"777777777777","777777777777","777777777777",1,1
8,80098,2,2,3,8,4,10,58,12,6,1,0,8,2,7,482,7482,31,2001,"3B7HF13Z71M5","3","B","7","H","F","1","3","Z","7","1","M","5",0,0,0,"000000000","00000000000",0,0,0,1,0,0,0,0,0,0,0,75,0,0,0,12,6,2,12,0,0,0,1,8,81101,6,2,0,0,3,1,72,130,0,0,0,0,0,0,0,0,0,0,0,0,0,0,3,2,75,1,1,2,1,0,0,1,60,9,1,1,45,"777777777777","777777777777","777777777777",0,0
8,80099,1,3,2,8,4,15,19,12,8,1,0,8,3,38,882,38882,61,2011,"JALB4W178B74","J","A","L","B","4","W","1","7","8","B","7","4",0,0,57,"2820996","572820996",2,1,1,1,0,0,0,0,0,0,0,65,0,0,0,61,6,2,12,0,0,1,1,8,81067,6,1,0,0,3,0,74,250,0,0,0,1,1,10,2011,6,2014,0,6,28,0,0,1,3,65,1,1,2,1,0,0,1,10,1,1,2,64,"777777777777","777777777777","777777777777",2,0
8,80099,2,3,1,8,4,15,19,12,8,1,0,20,3,82,883,82883,66,2001,"1FUJA6CG91PH","1","F","U","J","A","6","C","G","9","1","P","H",1,1,57,"1525959","571525959",3,6,8,1,0,0,0,0,0,0,0,65,0,0,0,61,4,5,12,0,0,0,1,20,67860,6,1,6,1,3,0,63,115,0,0,0,0,0,0,0,0,0,0,0,0,0,0,1,3,65,1,1,2,1,0,0,1,62,1,1,1,65,"888888888888","777777777777","777777777777",0,0
8,80099,3,3,1,8,4,15,19,12,8,1,0,20,3,82,883,82883,66,2001,"1FUJA6CG61LH","1","F","U","J","A","6","C","G","6","1","L","H",1,1,57,"1525959","571525959",3,6,8,1,0,0,0,0,0,0,0,65,0,0,0,10,6,2,2,0,0,1,1,20,67846,6,1,6,1,3,3,66,200,0,0,0,0,0,0,0,0,0,0,0,0,0,0,1,2,65,1,1,2,1,0,0,1,62,9,1,1,98,"888888888888","777777777777","777777777777",0,0
8,80100,1,1,1,9,4,15,18,39,0,1,0,8,1,72,706,72706,80,2015,"1HD1BWV19FB0","1","H","D","1","B","W","V","1","9","F","B","0",0,0,0,"000000000","00000000000",0,0,0,1,0,0,0,0,0,0,0,40,0,0,0,12,6,2,39,0,0,0,1,8,80631,6,1,6,0,3,1,68,145,0,0,0,1,1,4,2011,5,2012,0,6,52,0,0,1,2,40,3,1,2,1,0,0,14,13,6,1,4,1,"777777777777","777777777777","777777777777",1,0
8,80101,1,2,1,10,4,5,50,12,2,1,0,8,2,12,16,12016,4,2007,"2FAHP71W97X1","2","F","A","H","P","7","1","W","9","7","X","1",0,0,0,"000000000","00000000000",0,0,0,1,0,0,0,0,0,0,0,60,0,1,1,12,6,2,12,0,0,1,1,8,80220,6,1,0,0,3,0,75,170,0,0,0,0,1,8,2015,8,2015,3,36,51,0,0,2,3,35,1,1,2,1,0,0,1,54,1,1,1,52,"777777777777","777777777777","777777777777",1,1
8,80101,2,2,1,10,4,5,50,12,2,1,0,8,1,55,36,55036,4,2005,"KMHCG45C45U6","K","M","H","C","G","4","5","C","4","5","U","6",0,0,0,"000000000","00000000000",0,0,0,1,0,0,0,0,0,0,0,35,0,0,0,12,6,2,12,0,0,0,1,8,80224,6,1,0,0,3,0,68,170,0,0,0,0,0,0,0,0,0,0,0,0,0,0,2,3,35,1,1,2,1,0,0,1,54,1,1,1,52,"777777777777","777777777777","777777777777",1,0
8,80102,1,1,5,12,4,15,45,1,0,1,0,8,1,12,880,12880,67,2010,"1FTWW3BR9AEA","1","F","T","W","W","3","B","R","9","A","E","A",1,3,88,"888888888","88888888888",2,4,3,1,0,0,0,0,0,0,0,55,0,2,5,0,6,2,1,0,0,0,1,8,81252,6,1,0,0,3,0,71,200,0,0,0,0,0,0,0,0,0,4,6,0,0,0,1,2,55,1,1,2,10,0,0,1,5,15,4,4,7,"13ZCH1826410","777777777777","777777777777",1,0
8,80103,1,1,1,12,4,12,47,33,0,1,0,8,1,59,34,59034,4,2013,"JTHCE1BL0D50","J","T","H","C","E","1","B","L","0","D","5","0",0,0,0,"000000000","00000000000",0,0,0,1,0,0,0,0,0,0,0,998,0,1,6,12,6,2,19,0,0,0,1,8,80927,6,1,0,0,3,0,68,175,0,0,0,0,2,5,2014,5,2014,5,36,0,0,0,2,3,40,3,6,2,1,0,0,14,13,99,1,4,1,"777777777777","777777777777","777777777777",1,1
8,80104,1,1,1,12,4,19,47,33,0,1,0,8,2,23,481,23481,31,2006,"2GTEC13ZX613","2","G","T","E","C","1","3","Z","X","6","1","3",0,0,0,"000000000","00000000000",0,0,0,1,0,0,0,0,0,0,0,998,0,1,4,12,6,2,1,0,0,0,1,8,80011,2,8,0,0,2,2,66,165,0,1,0,1,1,2,2013,3,2015,5,8,36,74,0,4,1,35,2,6,2,1,40,3,1,6,99,1,4,6,"777777777777","777777777777","777777777777",1,1
8,80105,1,2,1,6,4,9,0,12,6,1,0,8,1,55,33,55033,4,2008,"5NPET46C88H3","5","N","P","E","T","4","6","C","8","8","H","3",0,0,0,"000000000","00000000000",0,0,0,1,0,0,0,0,0,0,0,50,0,0,0,12,6,2,12,0,0,0,1,8,80918,6,1,0,0,3,0,65,147,0,0,0,0,1,7,2011,7,2011,0,6,39,0,0,1,5,55,1,1,2,1,1,3,1,17,1,1,1,88,"777777777777","777777777777","777777777777",1,0
8,80105,2,2,1,6,4,9,0,12,6,1,0,8,1,23,8,23008,6,2011,"1GKKVTED4BJ2","1","G","K","K","V","T","E","D","4","B","J","2",0,0,0,"000000000","00000000000",0,0,0,1,0,0,0,0,0,0,0,60,0,1,5,62,6,2,12,0,0,0,1,8,80922,6,1,0,0,3,3,65,118,0,0,0,0,0,0,0,0,0,0,0,0,0,0,2,3,60,1,1,2,1,1,3,1,66,1,1,1,89,"777777777777","777777777777","777777777777",0,0
8,80106,1,2,1,13,4,4,35,12,6,1,0,8,3,51,881,51881,66,2009,"4V4NC9TJ89N2","4","V","4","N","C","9","T","J","8","9","N","2",1,1,57,"2574018","572574018",3,6,3,1,0,0,0,0,0,0,0,998,0,0,0,9,6,2,12,0,0,0,1,8,80015,6,1,6,1,3,3,68,220,0,0,0,0,0,0,0,0,0,0,6,38,0,0,1,2,30,1,1,2,1,20,3,11,15,1,1,1,82,"5MC125315F31","777777777777","777777777777",0,0
8,80106,2,2,1,13,4,4,35,12,6,1,0,8,3,87,881,87881,63,2001,"1XP5DR9X31D5","1","X","P","5","D","R","9","X","3","1","D","5",0,0,57,"250217","57250217",3,2,2,2,2,1993,3,2,0,0,0,65,0,0,0,12,6,2,12,0,0,0,1,8,81647,6,1,6,1,3,3,68,220,0,0,0,0,0,0,0,0,0,0,0,0,0,0,2,4,65,1,1,2,1,0,0,1,67,16,2,1,83,"777777777777","777777777777","777777777777",1,0
8,80107,1,2,1,13,4,23,9,12,2,1,0,8,1,32,43,32043,4,2010,"WAUBFAFL1AN0","W","A","U","B","F","A","F","L","1","A","N","0",0,0,0,"000000000","00000000000",0,0,0,1,0,0,0,0,0,0,0,65,0,0,0,12,6,2,12,0,0,0,1,8,80401,6,1,0,0,3,0,71,140,0,1,0,2,3,1,2012,11,2013,0,36,51,91,0,2,2,65,1,6,2,1,28,3,1,54,1,1,1,52,"777777777777","777777777777","777777777777",0,1
8,80107,2,2,2,13,4,23,9,12,2,1,0,55,1,42,42,42042,4,2012,"WDDGF5HB9CR2","W","D","D","G","F","5","H","B","9","C","R","2",0,0,0,"000000000","00000000000",0,0,0,1,0,0,0,0,0,0,0,65,0,0,0,12,6,2,12,0,0,0,1,55,80218,6,1,0,0,3,0,65,150,0,0,0,0,0,0,0,0,0,0,0,0,0,0,2,2,65,3,5,2,1,28,3,14,54,1,1,1,52,"777777777777","777777777777","777777777777",1,0
8,80108,1,1,1,14,4,4,10,24,0,1,0,46,3,87,881,87881,66,2010,"1XPXD49X5AD1","1","X","P","X","D","4","9","X","5","A","D","1",1,1,57,"691379","57691379",3,6,2,1,0,0,0,0,0,0,0,75,0,0,0,1,6,2,19,0,0,0,1,46,57745,6,1,6,1,3,3,72,210,2,0,0,2,1,1,2012,8,2015,0,6,0,0,0,2,2,75,1,1,1,1,0,0,1,13,1,1,4,1,"4J8B051258T0","777777777777","777777777777",1,0
8,80109,1,2,2,14,4,11,10,12,1,1,0,8,2,20,481,20481,31,1999,"1GCHK39J9XF0","1","G","C","H","K","3","9","J","9","X","F","0",0,0,0,"000000000","00000000000",0,0,0,1,0,0,0,0,0,0,0,75,0,0,0,12,6,2,12,0,0,0,1,8,80536,6,1,6,0,3,0,72,190,0,0,0,1,1,7,2011,6,2013,0,6,0,0,0,3,3,75,1,1,2,1,0,0,1,9,1,1,2,32,"777777777777","777777777777","777777777777",0,0
8,80109,2,2,1,14,4,11,10,12,1,1,0,8,3,84,881,84881,63,1994,"1HTSDAAN5RH5","1","H","T","S","D","A","A","N","5","R","H","5",0,0,57,"0872564","570872564",3,1,4,1,0,0,0,0,0,0,0,55,0,1,1,6,6,2,1,0,0,0,1,8,80214,6,1,6,1,3,0,70,164,0,0,0,0,0,0,0,0,0,0,0,0,0,0,3,3,75,1,1,1,1,0,0,1,61,1,1,1,32,"777777777777","777777777777","777777777777",1,0
8,80110,1,1,1,14,4,1,9,33,0,1,0,8,1,53,404,53404,14,2005,"JS3TD62V6542","J","S","3","T","D","6","2","V","6","5","4","2",0,0,0,"000000000","00000000000",0,0,0,1,0,0,0,0,0,0,0,55,0,0,0,12,6,2,42,0,0,0,1,8,80521,6,1,0,0,3,0,63,95,0,0,0,0,1,6,2014,6,2014,3,36,0,0,0,1,4,35,3,1,2,1,0,0,1,13,1,1,4,1,"777777777777","777777777777","777777777777",1,1
8,80111,1,1,1,15,4,16,0,1,0,1,0,4,2,12,17,12017,4,2003,"1FAFP53U13A2","1","F","A","F","P","5","3","U","1","3","A","2",0,0,0,"000000000","00000000000",0,0,0,1,0,0,0,0,0,0,0,55,0,2,5,0,6,2,1,0,0,0,1,4,86514,0,0,0,0,0,0,67,225,0,0,0,0,0,0,0,0,0,4,6,0,0,0,1,2,55,3,1,2,10,0,0,14,6,7,4,4,7,"777777777777","777777777777","777777777777",1,1
8,80112,1,1,1,15,4,18,24,42,0,1,0,8,1,6,52,6052,6,2007,"3A4FY58B27T5","3","A","4","F","Y","5","8","B","2","7","T","5",0,0,0,"000000000","00000000000",0,0,0,1,0,0,0,0,0,0,0,65,0,0,0,12,6,2,42,0,0,0,1,8,80104,6,1,0,0,3,0,66,170,0,0,0,0,0,0,0,0,0,0,6,0,0,0,3,3,65,3,6,2,1,0,0,14,13,99,1,4,1,"777777777777","777777777777","777777777777",1,0
8,80113,1,1,2,15,4,21,35,8,0,1,0,8,1,58,35,58035,4,1998,"JNKCA21AXWT6","J","N","K","C","A","2","1","A","X","W","T","6",0,0,0,"000000000","00000000000",0,0,0,1,0,0,0,0,0,0,0,45,0,0,0,12,4,3,8,0,0,0,1,8,80205,6,1,0,0,3,1,66,171,0,0,0,1,2,3,2013,5,2015,0,0,0,0,0,5,7,45,1,1,2,2,0,0,1,80,1,1,1,13,"777777777777","777777777777","777777777777",0,0
8,80114,1,1,3,17,4,2,3,1,0,1,0,8,3,12,461,12461,21,2004,"1FDWE35P34HB","1","F","D","W","E","3","5","P","3","4","H","B",0,0,0,"000000000","00000000000",0,0,0,1,0,0,0,0,0,6,5,55,0,2,3,0,6,2,1,0,0,0,1,8,80737,6,1,0,0,3,0,68,150,0,0,0,0,0,0,0,0,0,4,6,52,0,0,2,2,75,1,1,2,10,28,3,1,6,7,4,4,7,"777777777777","777777777777","777777777777",1,0
8,80115,1,2,6,18,4,8,21,12,6,1,0,8,1,20,444,20444,20,2005,"1GNDV23L45D1","1","G","N","D","V","2","3","L","4","5","D","1",0,0,0,"000000000","00000000000",0,0,0,1,0,0,0,0,0,0,0,60,0,0,0,82,6,2,12,0,0,0,1,8,81301,6,1,0,0,3,0,63,110,0,0,0,0,0,0,0,0,0,4,6,0,0,0,1,2,65,3,5,2,10,0,0,14,6,7,4,2,66,"777777777777","777777777777","777777777777",1,0
8,80115,2,2,1,18,4,8,21,12,6,1,0,8,1,63,421,63421,15,2009,"KNDJH7411950","K","N","D","J","H","7","4","1","1","9","5","0",0,0,0,"000000000","00000000000",0,0,0,1,0,0,0,0,0,0,0,45,0,0,0,12,6,2,12,0,0,0,1,8,81326,2,8,0,0,2,0,65,125,0,5,1,1,0,11,2011,1,2016,0,0,0,0,0,1,2,65,2,6,2,10,0,0,14,62,9,1,1,66,"777777777777","777777777777","777777777777",0,0
8,80116,1,2,1,11,4,22,3,12,6,1,0,8,1,69,54,69054,6,2013,"WMWZB3C53DWM","W","M","W","Z","B","3","C","5","3","D","W","M",0,0,0,"000000000","00000000000",0,0,0,1,0,0,0,0,0,0,0,15,0,0,0,82,6,2,12,0,0,0,1,8,80207,6,1,0,0,3,0,65,125,0,0,0,0,0,0,0,0,0,0,6,8,38,0,2,5,35,1,1,2,1,2,3,11,15,1,1,1,68,"777777777777","777777777777","777777777777",0,0
8,80116,2,2,1,11,4,22,3,12,6,1,0,8,1,53,705,53705,80,2007,"JS1VP53A5721","J","S","1","V","P","5","3","A","5","7","2","1",0,0,0,"000000000","00000000000",0,0,0,1,0,0,0,0,0,0,0,999,0,0,0,12,6,2,12,0,0,0,1,8,80246,6,1,0,0,3,0,69,165,0,0,0,0,0,0,0,0,0,0,0,0,0,0,2,3,35,1,1,2,1,2,3,1,62,1,1,1,69,"777777777777","777777777777","777777777777",1,0
8,80117,1,2,1,21,4,20,40,12,6,1,0,8,1,76,706,76706,80,2005,"JYARN13E05A0","J","Y","A","R","N","1","3","E","0","5","A","0",0,0,0,"000000000","00000000000",0,0,0,1,0,0,0,0,0,0,0,60,0,0,0,12,6,2,12,0,0,0,1,8,80219,4,2,0,0,2,0,75,148,0,3,0,1,1,7,2015,12,2015,3,8,36,0,0,2,3,35,1,1,1,1,0,0,1,62,16,1,1,69,"777777777777","777777777777","777777777777",1,0
8,80117,2,2,3,21,4,20,40,12,6,1,0,8,1,35,421,35421,15,2006,"5N1AA08B36N7","5","N","1","A","A","0","8","B","3","6","N","7",0,0,0,"000000000","00000000000",0,0,0,1,0,0,0,0,0,0,0,15,0,0,0,5,6,2,12,0,0,0,1,8,80204,6,1,0,0,3,0,63,175,0,0,0,0,0,0,0,0,0,0,0,0,0,0,2,2,35,1,1,1,1,0,0,11,15,1,1,1,68,"777777777777","777777777777","777777777777",0,0
8,80118,1,2,1,21,4,21,13,12,2,1,0,8,2,7,482,7482,31,1999,"3B7HF13ZXXM5","3","B","7","H","F","1","3","Z","X","X","M","5",0,0,0,"000000000","00000000000",0,0,0,1,0,0,0,0,0,0,0,65,0,1,1,12,6,2,12,0,0,1,1,8,81089,0,0,0,0,0,0,999,999,0,0,0,0,0,0,0,0,0,0,6,0,0,0,1,2,65,1,1,2,1,0,0,1,9,1,1,2,50,"777777777777","777777777777","777777777777",0,1
8,80118,2,2,2,21,4,21,13,12,2,1,0,8,2,20,28,20028,5,2012,"1G1JC6SH0C41","1","G","1","J","C","6","S","H","0","C","4","1",0,0,0,"000000000","00000000000",0,0,0,1,0,0,0,0,0,0,0,65,0,0,0,12,6,2,12,0,0,0,1,8,81089,6,2,0,0,3,0,68,140,0,0,0,2,0,2,2014,1,2016,0,0,0,0,0,1,2,65,1,1,2,1,0,0,1,62,1,1,1,51,"777777777777","777777777777","777777777777",1,0
8,80119,1,1,1,22,4,8,55,31,0,1,0,8,3,12,462,12462,21,2015,"1FTYE1YM4FKB","1","F","T","Y","E","1","Y","M","4","F","K","B",0,0,0,"000000000","00000000000",0,0,0,1,0,0,0,0,0,0,0,75,0,1,3,12,6,2,21,0,0,0,1,8,80525,6,1,0,0,3,3,71,230,0,0,0,1,0,4,2013,4,2013,0,6,0,0,0,3,2,75,1,1,2,1,0,0,1,12,1,1,4,6,"777777777777","777777777777","777777777777",1,0
8,80120,1,1,4,26,4,19,0,35,0,1,0,8,1,20,481,20481,31,1997,"2GCEK19R3V12","2","G","C","E","K","1","9","R","3","V","1","2",0,0,0,"000000000","00000000000",0,0,0,1,0,0,0,0,0,0,0,40,0,1,5,12,6,2,1,0,0,0,1,8,80475,6,2,0,0,3,0,74,155,0,0,0,0,0,0,0,0,0,0,6,58,0,0,1,2,40,2,6,5,1,0,0,1,8,6,4,4,7,"777777777777","777777777777","777777777777",1,0
8,80121,1,2,1,27,4,8,5,12,2,1,0,8,1,20,34,20034,3,1994,"2C1MR2466R67","2","C","1","M","R","2","4","6","6","R","6","7",0,0,0,"000000000","00000000000",0,0,0,1,0,0,0,0,0,0,0,65,0,0,0,12,6,2,12,0,0,0,1,8,80501,6,1,0,0,3,1,71,136,0,0,0,1,0,12,2015,12,2015,0,6,0,0,0,2,2,65,1,1,2,1,0,0,1,12,1,1,7,50,"777777777777","777777777777","777777777777",1,0
8,80121,2,2,1,27,4,8,5,12,2,1,0,8,3,23,481,23481,31,2007,"1GTHK29K97E5","1","G","T","H","K","2","9","K","9","7","E","5",0,0,0,"000000000","00000000000",0,0,0,1,0,0,0,0,0,0,0,65,0,0,0,12,6,2,12,0,0,0,1,8,80249,6,1,6,0,3,0,68,185,0,0,0,0,2,9,2011,6,2015,0,0,0,0,0,2,2,65,1,1,2,1,0,0,1,64,7,1,2,51,"777777777777","777777777777","777777777777",0,0
8,80122,1,1,1,28,4,0,40,31,0,1,0,8,1,20,421,20421,15,2000,"1GNDT13W2Y23","1","G","N","D","T","1","3","W","2","Y","2","3",0,0,0,"000000000","00000000000",0,0,0,1,0,0,0,0,0,0,0,65,0,2,5,12,6,2,1,0,0,0,1,8,81650,1,1,0,0,2,3,60,98,1,1,1,0,0,1,2013,1,2013,0,6,0,0,0,1,2,65,3,1,2,1,0,0,1,13,1,1,4,1,"777777777777","777777777777","777777777777",1,1
8,80123,1,1,1,21,4,13,47,8,0,1,0,8,3,23,870,23870,61,2000,"1GDHG31R3Y11","1","G","D","H","G","3","1","R","3","Y","1","1",0,0,57,"1796823","571796823",2,1,1,1,0,0,0,0,0,0,0,15,0,0,0,12,2,5,8,0,0,0,1,8,80004,6,1,0,0,3,0,70,210,0,0,0,0,3,9,2013,1,2016,0,6,38,0,0,2,2,30,1,1,2,1,2,3,11,80,1,1,1,13,"777777777777","777777777777","777777777777",0,0
8,80124,1,2,1,29,4,7,15,12,2,1,0,37,3,82,461,82461,21,2004,"WD2PD6448456","W","D","2","P","D","6","4","4","8","4","5","6",0,0,0,"000000000","00000000000",0,0,0,1,0,0,0,0,0,0,0,64,0,1,1,12,6,2,12,0,0,0,1,8,80908,6,1,0,0,3,0,77,300,0,0,0,2,0,11,2011,9,2014,4,6,0,0,0,1,3,65,1,6,2,10,0,0,1,6,1,4,2,50,"777777777777","777777777777","777777777777",1,0
8,80124,2,2,1,29,4,7,15,12,2,1,0,8,1,12,402,12402,14,2013,"1FMCU9G93DUA","1","F","M","C","U","9","G","9","3","D","U","A",0,0,0,"000000000","00000000000",0,0,0,1,0,0,0,0,0,0,0,35,0,0,0,12,6,2,12,0,0,0,1,8,81223,6,1,0,0,3,1,66,169,0,0,0,0,0,0,0,0,0,0,0,0,0,0,1,3,65,1,5,2,10,0,0,1,62,9,1,1,51,"777777777777","777777777777","777777777777",0,0
8,80125,1,2,1,13,4,15,42,12,1,1,0,8,1,37,31,37031,2,1995,"JHMEH6164SS0","J","H","M","E","H","6","1","6","4","S","S","0",0,0,0,"000000000","00000000000",0,0,0,1,0,0,0,0,0,0,0,40,0,0,0,12,6,2,12,0,0,0,1,8,80466,6,1,0,0,3,0,68,150,0,0,0,0,2,3,2012,7,2013,0,6,0,0,0,2,3,45,1,1,2,1,2,3,2,50,16,2,1,20,"777777777777","777777777777","777777777777",1,0
8,80125,2,2,1,13,4,15,42,12,1,1,0,8,1,37,403,37403,14,2005,"5J6YH273X5L0","5","J","6","Y","H","2","7","3","X","5","L","0",0,0,0,"000000000","00000000000",0,0,0,1,0,0,0,0,0,0,0,0,0,0,0,6,4,5,12,0,0,0,1,8,80232,6,1,0,0,3,1,70,200,0,0,0,0,1,5,2014,5,2014,0,0,0,0,0,2,3,40,1,1,2,1,2,3,5,53,1,1,1,21,"777777777777","777777777777","777777777777",0,0
8,80126,1,1,1,27,4,17,45,33,0,1,0,8,1,37,705,37705,80,2014,"MLHPC4465E51","M","L","H","P","C","4","4","6","5","E","5","1",0,0,0,"000000000","00000000000",0,0,0,1,0,0,0,0,0,0,0,35,0,0,0,81,2,3,33,0,0,0,1,8,80233,6,1,0,0,3,2,66,160,0,0,0,0,0,0,0,0,0,0,6,52,74,0,1,3,35,3,5,2,1,0,0,14,13,1,1,4,1,"777777777777","777777777777","777777777777",1,1
8,80127,1,1,1,28,4,8,48,31,0,1,0,8,0,2,1,2001,6,2010,"1J4NF4FB7AD5","1","J","4","N","F","4","F","B","7","A","D","5",0,0,0,"000000000","00000000000",0,0,0,1,0,0,0,0,0,0,0,28,0,2,1,12,6,2,1,0,0,0,1,8,80011,6,1,0,0,3,0,72,170,0,0,0,0,0,0,0,0,0,0,6,0,0,0,2,2,75,3,6,1,1,0,0,1,12,1,1,4,1,"777777777777","777777777777","777777777777",1,0
8,80128,1,2,1,12,4,20,40,12,1,1,0,8,1,7,880,7880,67,1997,"3B7MF33D5VM5","3","B","7","M","F","3","3","D","5","V","M","5",0,0,88,"888888888","88888888888",2,1,97,1,0,0,0,0,0,0,0,45,0,0,0,12,4,3,12,0,0,0,1,8,80132,6,2,0,0,3,2,68,145,0,0,0,1,0,4,2015,4,2015,3,36,74,0,0,1,2,35,1,1,2,1,0,0,1,51,7,1,1,24,"777777777777","777777777777","777777777777",0,0
8,80128,2,2,1,12,4,20,40,12,1,1,0,92,0,98,998,98998,97,9999,"000000000000","0","0","0","0","0","0","0","0","0","0","0","0",0,0,0,"000000000","00000000000",0,0,0,1,0,0,0,0,0,0,0,5,0,0,0,6,6,2,12,0,0,0,1,8,80211,6,2,0,0,1,0,65,121,0,0,0,0,1,11,2014,11,2014,0,52,0,0,0,1,2,35,1,1,2,1,0,0,1,53,1,1,1,25,"777777777777","777777777777","777777777777",1,0
8,80129,1,2,2,7,1,10,29,12,6,1,0,39,4,49,402,49402,14,2015,"2T3BFREV9FW2","2","T","3","B","F","R","E","V","9","F","W","2",0,0,0,"000000000","00000000000",0,0,0,1,0,0,0,0,0,0,0,15,0,0,0,83,6,2,12,0,0,0,1,42,17569,6,1,6,0,3,0,73,999,0,0,0,0,0,0,0,0,0,0,6,38,53,0,1,2,30,1,6,2,1,20,3,4,17,1,1,1,87,"777777777777","777777777777","777777777777",1,0
8,80129,2,2,1,7,1,10,29,12,6,1,0,8,2,7,482,7482,31,2004,"1D7HU18D84S7","1","D","7","H","U","1","8","D","8","4","S","7",0,0,0,"000000000","00000000000",0,0,0,1,0,0,0,0,0,0,0,45,0,0,0,12,6,2,12,0,0,0,1,6,90278,6,1,0,0,3,1,67,112,0,0,0,0,0,0,0,0,0,0,0,0,0,0,1,3,40,1,6,2,1,0,0,1,66,7,1,1,86,"777777777777","777777777777","777777777777",0,0
8,80130,1,1,1,2,5,21,46,1,0,1,0,8,2,20,421,20421,15,1999,"1GNEK13R8XR1","1","G","N","E","K","1","3","R","8","X","R","1",0,0,0,"000000000","00000000000",0,0,0,1,0,0,0,0,0,0,0,75,0,2,5,0,6,2,1,0,0,0,1,8,80720,6,1,0,0,3,0,72,185,0,0,0,0,0,0,0,0,0,3,36,0,0,0,1,2,65,1,1,2,1,0,0,1,13,6,3,4,2,"777777777777","777777777777","777777777777",1,1
8,80131,1,2,1,2,5,17,58,12,8,1,0,8,1,49,472,49472,30,2010,"5TEUU4EN5AZ6","5","T","E","U","U","4","E","N","5","A","Z","6",0,0,0,"000000000","00000000000",0,0,0,1,0,0,0,0,0,0,0,55,0,0,0,61,6,2,12,0,0,0,1,8,81212,6,1,0,0,3,0,72,200,0,0,0,0,0,0,0,0,0,0,6,28,0,0,1,2,55,2,5,2,1,0,0,1,10,1,1,2,64,"777777777777","777777777777","777777777777",1,0
8,80131,2,2,1,2,5,17,58,12,8,1,0,20,3,87,881,87881,66,2009,"1XPXD49XX9D7","1","X","P","X","D","4","9","X","X","9","D","7",1,1,57,"72332","5772332",3,6,1,1,0,0,0,0,0,0,0,55,0,0,0,11,6,2,12,0,0,0,1,20,67410,6,1,6,1,3,0,72,230,0,0,0,0,0,0,0,0,0,0,0,0,0,0,1,2,55,3,6,2,1,0,0,14,62,7,1,1,65,"3TKB04820WP0","777777777777","777777777777",0,0
8,80132,1,2,2,3,5,12,25,12,2,1,0,35,1,49,40,49040,4,1999,"4T1BG22K3XU8","4","T","1","B","G","2","2","K","3","X","U","8",0,0,0,"000000000","00000000000",0,0,0,1,0,0,0,0,0,0,0,65,0,0,0,12,6,2,12,0,0,1,1,35,87511,0,0,0,0,0,0,66,190,98,2,0,1,0,9,2013,6,2015,0,6,28,0,0,1,2,65,1,1,2,1,0,0,1,10,9,1,2,50,"777777777777","777777777777","777777777777",1,0