"STATE","ST_CASE","VEH_NO","VE_FORMS","NUMOCCS","DAY","MONTH","HOUR","MINUTE","HARM_EV","MAN_COLL","UNITTYPE","HIT_RUN","REG_STAT","OWNER","MAKE","MODEL","MAK_MOD","BODY_TYP","MOD_YEAR","VIN","VIN_1","VIN_2","VIN_3","VIN_4","VIN_5","VIN_6","VIN_7","VIN_8","VIN_9","VIN_10","VIN_11","VIN_12","TOW_VEH","J_KNIFE","MCARR_I1","MCARR_I2","MCARR_ID","GVWR","V_CONFIG","CARGO_BT","HAZ_INV","HAZ_PLAC","HAZ_ID","HAZ_CNO","HAZ_REL","BUS_USE","SPEC_USE","EMER_USE","TRAV_SP","UNDERIDE","ROLLOVER","ROLINLOC","IMPACT1","DEFORMED","TOWED","M_HARM","VEH_SC1","VEH_SC2","FIRE_EXP","DR_PRES","L_STATE","DR_ZIP","L_STATUS","L_TYPE","CDL_STAT","L_ENDORS","L_COMPL","L_RESTRI","DR_HGT","DR_WGT","PREV_ACC","PREV_SUS","PREV_DWI","PREV_SPD","PREV_OTH","FIRST_MO","FIRST_YR","LAST_MO","LAST_YR","SPEEDREL","DR_SF1","DR_SF2","DR_SF3","DR_SF4","VTRAFWAY","VNUM_LAN","VSPD_LIM","VALIGN","VPROFILE","VPAVETYP","VSURCOND","VTRAFCON","VTCONT_F","P_CRASH1","P_CRASH2","P_CRASH3","PCRASH4","PCRASH5","ACC_TYPE","TRLR1VIN","TRLR2VIN","TRLR3VIN","DEATHS","DR_DRINK"
8,80197,1,1,1,14,6,23,20,8,0,1,0,8,2,37,471,37471,30,2006,"2HJYK16516H5","2","H","J","Y","K","1","6","5","1","6","H","5",0,0,0,"000000000","00000000000",0,0,0,1,0,0,0,0,0,0,0,50,0,0,0,12,6,2,8,0,0,0,1,8,80634,6,1,0,0,3,3,72,245,0,0,0,0,0,0,0,0,0,0,0,0,0,0,2,2,50,1,1,2,1,2,3,1,80,1,1,1,13,"777777777777","777777777777","777777777777",0,0
8,80198,1,1,1,3,6,21,4,1,0,1,0,8,1,73,705,73705,80,2012,"JKAZX4R15CA0","J","K","A","Z","X","4","R","1","5","C","A","0",0,0,0,"000000000","00000000000",0,0,0,1,0,0,0,0,0,0,0,60,0,0,0,0,4,3,33,0,0,0,1,8,80030,6,1,0,0,3,3,73,205,0,0,0,1,0,9,2015,9,2015,3,36,52,0,0,1,2,25,1,1,2,1,0,0,1,6,16,2,1,98,"777777777777","777777777777","777777777777",1,0
8,80199,1,1,4,15,6,22,52,42,0,1,1,8,1,48,38,48038,5,2011,"JF1GR7E69BG8","J","F","1","G","R","7","E","6","9","B","G","8",0,0,0,"000000000","00000000000",0,0,0,1,0,0,0,0,0,0,0,998,0,0,0,81,6,2,42,0,0,0,1,8,80909,6,1,0,0,3,0,70,185,0,0,0,2,0,9,2011,3,2013,5,36,0,0,0,1,2,30,3,1,2,1,0,0,14,6,1,4,4,2,"777777777777","777777777777","777777777777",1,1
8,80200,1,1,3,16,6,15,35,31,0,1,0,20,1,37,32,37032,4,1998,"1HGCG5653WA2","1","H","G","C","G","5","6","5","3","W","A","2",0,0,0,"000000000","00000000000",0,0,0,1,0,0,0,0,0,0,0,75,0,2,3,12,6,2,1,0,0,0,1,20,67214,6,1,0,0,3,0,65,160,0,0,0,2,1,12,2011,3,2013,0,6,58,0,0,2,2,75,2,1,1,1,0,0,1,12,9,1,4,6,"777777777777","777777777777","777777777777",1,0
8,80201,1,1,1,19,6,0,57,8,0,1,0,8,1,19,480,19480,31,2004,"3GYEK62N94G1","3","G","Y","E","K","6","2","N","9","4","G","1",0,0,0,"000000000","00000000000",0,0,0,1,0,0,0,0,0,0,0,35,0,0,0,12,2,5,8,0,0,0,1,8,80220,6,1,0,0,3,0,71,160,0,0,0,0,6,3,2012,7,2015,0,0,0,0,0,2,3,35,1,1,2,1,0,0,1,80,1,1,1,13,"777777777777","777777777777","777777777777",0,0
8,80202,1,1,1,19,6,12,30,1,0,1,0,8,1,71,706,71706,80,2010,"ZDM11BEW9AB0","Z","D","M","1","1","B","E","W","9","A","B","0",0,0,0,"000000000","00000000000",0,0,0,1,0,0,0,0,0,0,0,75,0,0,0,0,6,2,24,0,0,0,1,8,80911,1,1,0,0,2,0,69,185,0,1,0,3,2,10,2013,7,2015,3,36,0,0,0,6,1,35,3,6,2,1,0,0,1,6,16,2,1,98,"777777777777","777777777777","777777777777",1,1
8,80203,1,1,2,18,6,14,26,59,0,1,0,8,2,12,481,12481,31,1999,"1FTNX21F3XED","1","F","T","N","X","2","1","F","3","X","E","D",0,0,0,"000000000","00000000000",0,0,0,1,0,0,0,0,0,0,0,65,0,2,1,4,6,2,1,0,0,0,1,8,81089,6,1,0,0,3,0,73,146,0,0,0,0,0,0,0,0,0,0,0,0,0,0,2,2,65,1,1,2,1,0,0,1,1,1,4,4,7,"777777777777","777777777777","777777777777",1,0
8,80204,1,1,1,20,6,10,15,17,0,1,0,53,2,12,481,12481,31,2002,"2FTRX18L22CA","2","F","T","R","X","1","8","L","2","2","C","A",0,0,0,"000000000","00000000000",0,0,0,1,0,0,0,0,0,0,0,998,0,0,0,12,6,2,17,0,0,0,1,8,80521,6,1,0,0,3,0,72,180,0,0,0,0,0,0,0,0,0,0,6,0,0,0,2,2,75,1,1,1,1,28,3,1,13,1,1,4,1,"777777777777","777777777777","777777777777",1,0
8,80205,1,2,1,20,6,13,10,12,6,1,0,8,3,82,881,82881,66,2007,"1FUJA6CKX7LZ","1","F","U","J","A","6","C","K","X","7","L","Z",1,1,57,"02458066","5702458066",3,6,8,1,0,0,0,0,0,0,0,50,0,1,1,3,6,2,12,0,0,0,1,8,80759,6,1,0,2,2,0,73,220,0,0,0,0,1,4,2014,4,2014,0,6,38,0,0,1,2,55,1,1,5,1,0,0,1,17,8,2,2,87,"999999999999","777777777777","777777777777",0,0
8,80205,2,2,1,20,6,13,10,12,6,1,0,8,3,23,481,23481,31,2012,"1GT02ZCG1CF1","1","G","T","0","2","Z","C","G","1","C","F","1",0,0,0,"000000000","00000000000",0,0,0,1,0,0,0,0,0,0,0,55,1,0,0,12,6,2,12,0,0,0,1,8,80720,6,1,0,0,3,0,66,175,0,0,0,0,0,0,0,0,0,0,0,0,0,0,1,2,55,1,1,5,1,0,0,1,66,9,2,1,86,"777777777777","777777777777","777777777777",1,0
8,80206,1,1,3,20,6,16,24,1,0,1,0,8,2,7,481,7481,31,1986,"1B7HW04TXGS0","1","B","7","H","W","0","4","T","X","G","S","0",0,0,0,"000000000","00000000000",0,0,0,1,0,0,0,0,0,0,0,70,0,2,5,0,6,2,1,0,0,0,1,8,80701,2,1,0,0,2,0,67,180,0,3,0,0,0,11,2012,4,2016,0,80,0,0,0,2,2,75,1,1,1,1,0,0,1,1,1,3,4,2,"777777777777","777777777777","777777777777",1,0
8,80207,1,1,1,20,6,19,59,1,0,1,0,8,3,12,471,12471,30,1999,"1FTZR15X6XPA","1","F","T","Z","R","1","5","X","6","X","P","A",0,0,0,"000000000","00000000000",0,0,0,1,0,0,0,0,0,0,0,75,0,2,3,0,6,2,1,0,0,0,1,8,81601,6,2,0,0,3,3,68,135,0,0,0,0,0,0,0,0,0,0,6,0,0,0,2,2,75,1,1,2,1,0,0,1,9,6,4,4,7,"777777777777","777777777777","777777777777",1,0
8,80208,1,2,2,20,6,22,7,12,2,1,0,8,1,41,50,41050,4,2004,"1YVFP80C645N","1","Y","V","F","P","8","0","C","6","4","5","N",0,0,0,"000000000","00000000000",0,0,0,1,0,0,0,0,0,0,0,998,0,0,0,12,6,2,12,0,0,0,1,8,80831,6,1,0,0,3,0,68,240,1,0,0,1,0,1,2015,4,2016,0,6,38,0,0,2,4,45,1,5,2,2,0,0,11,15,1,1,1,68,"777777777777","777777777777","777777777777",1,1
8,80208,2,2,2,20,6,22,7,12,2,1,0,8,2,2,404,2404,14,1999,"1J4GW58N8XC6","1","J","4","G","W","5","8","N","8","X","C","6",0,0,0,"000000000","00000000000",0,0,0,1,0,0,0,0,0,0,0,998,0,0,0,12,6,2,12,0,0,0,1,8,80916,6,1,0,0,3,0,66,130,0,0,0,0,0,0,0,0,0,0,0,0,0,0,2,4,45,1,6,2,2,0,0,1,62,99,1,1,69,"777777777777","777777777777","777777777777",0,0
8,80209,1,1,1,21,6,0,49,9,0,1,0,8,1,32,42,32042,6,2006,"WAUDL74F86N0","W","A","U","D","L","7","4","F","8","6","N","0",0,0,0,"000000000","00000000000",0,0,0,1,0,0,0,0,0,0,0,35,0,0,0,12,6,2,9,0,0,0,1,8,80207,6,1,0,0,3,0,71,200,0,5,0,2,2,6,2011,6,2016,0,0,0,0,0,2,2,35,1,1,2,1,0,0,1,83,7,1,1,13,"777777777777","777777777777","777777777777",0,0
8,80210,1,2,2,21,6,18,35,12,2,1,0,8,1,35,51,35051,6,2008,"JN8AS58V98W4","J","N","8","A","S","5","8","V","9","8","W","4",0,0,0,"000000000","00000000000",0,0,0,1,0,0,0,0,0,0,0,65,0,0,0,12,6,2,12,0,0,0,1,8,80747,6,1,0,0,3,3,68,160,0,0,0,0,0,0,0,0,0,0,6,28,0,0,1,2,65,1,5,2,1,0,0,1,10,1,1,2,50,"777777777777","777777777777","777777777777",1,1
8,80210,2,2,3,21,6,18,35,12,2,1,0,31,1,12,481,12481,31,2009,"1FTPW14V19FB","1","F","T","P","W","1","4","V","1","9","F","B",0,0,0,"000000000","00000000000",0,0,0,1,0,0,0,0,0,0,0,65,0,0,0,12,6,2,12,0,0,0,1,31,69162,6,1,0,0,3,0,69,155,0,0,0,0,0,0,0,0,0,0,0,0,0,0,1,2,65,1,6,2,1,0,0,1,62,8,1,1,51,"777777777777","777777777777","777777777777",0,0
8,80211,1,1,5,13,6,16,39,5,0,1,0,8,2,37,32,37032,4,1997,"1HGCD5607VA2","1","H","G","C","D","5","6","0","7","V","A","2",0,0,0,"000000000","00000000000",0,0,0,1,0,0,0,0,0,0,0,35,0,0,0,0,0,3,5,0,0,0,1,8,81525,6,2,0,0,3,0,60,170,1,0,0,0,0,5,2016,5,2016,3,36,0,0,0,1,2,25,1,1,2,1,0,0,1,98,1,1,1,0,"777777777777","777777777777","777777777777",1,0
8,80212,1,2,1,15,6,18,13,12,6,1,0,4,1,72,706,72706,80,2016,"1HD1GXM16GC3","1","H","D","1","G","X","M","1","6","G","C","3",0,0,0,"000000000","00000000000",0,0,0,1,0,0,0,0,0,0,0,10,0,0,0,81,6,2,12,0,0,0,1,8,80634,6,1,0,0,3,3,69,145,2,0,0,0,5,9,2011,5,2016,0,6,8,38,0,1,3,65,1,1,2,1,1,3,11,15,1,1,1,68,"777777777777","777777777777","777777777777",1,0
8,80212,2,2,2,15,6,18,13,12,6,1,0,8,2,13,14,13014,6,2008,"2LMDU88C08BJ","2","L","M","D","U","8","8","C","0","8","B","J",0,0,0,"000000000","00000000000",0,0,0,1,0,0,0,0,0,0,0,60,0,0,0,12,6,2,12,0,0,0,1,8,80543,6,1,0,0,3,0,62,154,0,0,0,0,0,0,0,0,0,0,0,0,0,0,1,3,65,1,1,2,1,1,3,1,62,1,1,1,69,"777777777777","777777777777","777777777777",0,0
8,80213,1,2,1,22,6,8,30,12,6,1,0,8,1,19,3,19003,4,1999,"1G6KF5498XU7","1","G","6","K","F","5","4","9","8","X","U","7",0,0,0,"000000000","00000000000",0,0,0,1,0,0,0,0,0,0,0,40,0,0,0,82,6,2,12,0,0,0,1,8,80020,6,1,0,0,3,0,70,350,0,0,0,0,0,0,0,0,0,0,6,39,0,0,1,2,45,1,1,2,1,20,3,1,17,1,1,1,87,"777777777777","777777777777","777777777777",1,0
8,80213,2,2,3,22,6,8,30,12,6,1,0,8,1,6,43,6043,4,2005,"1C3EL56R65N6","1","C","3","E","L","5","6","R","6","5","N","6",0,0,0,"000000000","00000000000",0,0,0,1,0,0,0,0,0,0,0,55,0,0,0,12,6,2,12,0,0,0,1,8,80504,6,1,0,0,3,3,63,120,0,0,0,0,0,0,0,0,0,0,0,0,0,0,1,2,55,1,1,2,1,0,0,1,66,1,1,1,86,"777777777777","777777777777","777777777777",0,0
8,80214,1,3,2,21,6,15,6,12,1,1,0,8,2,49,32,49032,4,2007,"1NXBR32E67Z9","1","N","X","B","R","3","2","E","6","7","Z","9",0,0,0,"000000000","00000000000",0,0,0,1,0,0,0,0,0,0,0,44,0,0,0,12,6,2,12,0,0,0,1,8,80516,6,1,0,0,3,1,70,205,0,0,0,0,0,0,0,0,0,0,6,0,0,0,1,7,45,1,1,2,1,0,0,1,50,99,1,1,20,"777777777777","777777777777","777777777777",1,0
8,80214,2,3,1,21,6,15,6,12,1,1,0,8,1,12,37,12037,5,2004,"3FAFP37Z74R1","3","F","A","F","P","3","7","Z","7","4","R","1",0,0,0,"000000000","00000000000",0,0,0,1,0,0,0,0,0,0,0,0,0,0,0,6,6,2,12,0,0,0,1,8,80005,6,1,0,0,3,0,66,220,0,0,0,0,1,6,2014,6,2014,0,0,0,0,0,1,7,45,1,1,2,1,0,0,5,53,1,1,1,22,"777777777777","777777777777","777777777777",1,0
8,80214,3,3,1,21,6,15,6,12,1,1,0,8,1,7,28,7028,2,2014,"2C3CDYBT7EH2","2","C","3","C","D","Y","B","T","7","E","H","2",0,0,0,"000000000","00000000000",0,0,0,1,0,0,0,0,0,0,0,998,0,0,0,9,4,5,12,0,0,0,1,8,80005,6,1,0,0,3,0,68,190,1,0,0,0,3,4,2013,4,2016,0,0,0,0,0,2,4,45,1,1,2,1,0,0,1,62,99,1,1,98,"777777777777","777777777777","777777777777",0,0
8,80215,1,2,1,22,6,23,4,1,0,1,0,92,0,73,703,73703,83,2012,"JKAKXMYC9CA0","J","K","A","K","X","M","Y","C","9","C","A","0",0,0,0,"000000000","00000000000",0,0,0,1,0,0,0,0,0,0,0,35,0,0,0,0,2,3,12,0,0,0,1,8,81601,1,1,0,0,2,0,74,175,1,3,0,0,0,8,2013,10,2014,0,6,0,0,0,1,5,35,1,1,2,1,0,0,1,8,16,2,1,98,"777777777777","777777777777","777777777777",1,1
8,80215,2,2,1,22,6,23,4,1,0,1,0,12,1,37,32,37032,4,2015,"1HGCR2F57FA1","1","H","G","C","R","2","F","5","7","F","A","1",0,0,0,"000000000","00000000000",0,0,0,1,0,0,0,0,0,0,0,10,0,0,0,63,6,2,12,0,0,0,1,8,81520,6,1,0,0,3,0,62,175,0,0,0,0,0,0,0,0,0,0,0,0,0,0,0,0,0,0,0,0,0,20,3,11,15,1,1,1,98,"777777777777","777777777777","777777777777",0,0
8,80216,1,1,1,10,6,21,6,1,0,1,0,8,1,37,705,37705,80,2005,"JH2RC44515M8","J","H","2","R","C","4","4","5","1","5","M","8",0,0,0,"000000000","00000000000",0,0,0,1,0,0,0,0,0,0,0,46,0,0,0,0,6,2,1,0,0,0,1,8,81004,6,1,0,0,2,1,67,190,0,0,0,0,0,0,0,0,0,4,6,52,0,0,6,1,55,2,5,2,1,0,0,14,6,16,2,1,98,"777777777777","777777777777","777777777777",1,0
8,80217,1,2,1,13,6,14,9,12,6,1,0,8,3,85,881,85881,66,2003,"1XKDDB9X73J7","1","X","K","D","D","B","9","X","7","3","J","7",1,1,57,"1389869","571389869",3,6,8,1,0,0,0,0,0,0,0,50,0,0,0,1,6,2,12,0,0,0,1,8,80726,6,1,0,2,2,3,67,150,0,0,0,0,0,0,0,0,0,0,6,39,0,0,1,2,50,1,1,5,1,20,3,1,17,99,1,1,87,"1DTL023076AA","777777777777","777777777777",1,0
8,80217,2,2,1,13,6,14,9,12,6,1,0,8,3,84,881,84881,63,1989,"2HSFEZCR0KC0","2","H","S","F","E","Z","C","R","0","K","C","0",0,0,57,"011634","57011634",3,2,4,1,0,0,0,0,0,0,0,42,0,0,0,12,6,2,12,0,0,0,1,8,80751,6,7,0,2,2,2,69,238,0,0,0,0,0,0,0,0,0,0,74,0,0,0,1,2,50,1,1,2,1,0,0,1,66,16,2,1,86,"777777777777","777777777777","777777777777",0,0
8,80218,1,1,1,12,6,21,11,8,0,1,0,8,1,30,46,30046,4,2006,"WVWAK73C16E0","W","V","W","A","K","7","3","C","1","6","E","0",0,0,0,"000000000","00000000000",0,0,0,1,0,0,0,0,0,0,0,30,0,0,0,12,2,5,8,0,0,0,1,8,80219,6,1,0,0,3,0,73,160,0,0,0,0,0,0,0,0,0,0,0,0,0,0,1,5,30,1,1,2,1,2,3,1,80,8,1,1,13,"777777777777","777777777777","777777777777",0,0
8,80219,1,1,2,24,6,20,18,23,0,1,0,17,2,20,25,20025,4,2012,"1G1PG5SC4C72","1","G","1","P","G","5","S","C","4","C","7","2",0,0,0,"000000000","00000000000",0,0,0,1,0,0,0,0,0,0,0,43,0,2,6,12,6,2,1,0,0,0,1,8,81503,0,0,0,0,0,0,66,135,0,0,0,0,1,4,2016,4,2016,3,36,0,0,0,1,2,45,3,1,2,1,0,0,14,13,1,1,4,1,"777777777777","777777777777","777777777777",2,1
8,80220,1,2,2,25,6,7,55,12,6,1,0,20,2,12,16,12016,4,1999,"2FAFP74W7XX2","2","F","A","F","P","7","4","W","7","X","X","2",0,0,0,"000000000","00000000000",0,0,0,1,0,0,0,0,0,0,0,65,0,0,0,12,6,2,12,0,0,0,1,20,67654,6,1,0,0,3,3,64,250,0,0,0,0,0,0,0,0,0,0,6,39,0,0,1,3,65,1,1,2,1,20,3,1,17,16,2,1,86,"777777777777","777777777777","777777777777",0,0
8,80220,2,2,7,25,6,7,55,12,6,1,0,20,1,12,422,12422,15,2003,"1FMRU17L83LA","1","F","M","R","U","1","7","L","8","3","L","A",0,0,0,"000000000","00000000000",0,0,0,1,0,0,0,0,0,0,0,65,0,1,5,83,6,2,12,0,0,0,1,20,67741,6,1,0,0,3,3,63,250,0,0,0,0,0,0,0,0,0,0,0,0,0,0,1,3,65,1,1,2,1,0,0,1,66,1,1,1,87,"777777777777","777777777777","777777777777",1,0
8,80221,1,2,3,25,6,13,17,1,0,1,0,8,2,52,402,52402,14,2004,"4A4MN31S04E0","4","A","4","M","N","3","1","S","0","4","E","0",0,0,0,"000000000","00000000000",0,0,0,1,0,0,0,0,0,0,0,0,0,0,0,12,2,3,54,0,0,0,1,8,80233,6,2,0,0,3,2,67,147,0,0,0,0,0,0,0,0,0,0,6,38,74,0,1,2,45,1,1,2,1,20,3,5,17,16,1,1,98,"777777777777","777777777777","777777777777",0,0
8,80221,2,2,2,25,6,13,17,1,0,1,0,8,1,72,706,72706,80,2007,"1HD1FC4127Y6","1","H","D","1","F","C","4","1","2","7","Y","6",0,0,0,"000000000","00000000000",0,0,0,1,0,0,0,0,0,0,0,77,0,0,0,0,6,2,54,0,0,0,1,8,80819,6,1,0,0,3,0,71,160,0,0,0,0,0,0,0,0,0,0,36,0,0,0,1,4,60,1,1,2,1,0,0,1,66,16,2,1,98,"777777777777","777777777777","777777777777",1,0
8,80222,1,1,2,25,6,17,14,9,0,1,1,8,1,7,422,7422,15,2015,"1C4RDJDG8FC7","1","C","4","R","D","J","D","G","8","F","C","7",0,0,0,"000000000","00000000000",0,0,0,1,0,0,0,0,0,0,0,35,0,0,0,12,4,3,9,0,0,0,1,8,80304,6,1,0,0,3,0,62,107,1,0,1,0,0,4,2015,5,2016,3,6,91,0,0,1,3,35,1,1,2,1,0,0,1,83,1,1,1,13,"777777777777","777777777777","777777777777",0,1
8,80223,1,1,6,26,6,9,45,10,0,1,0,8,1,6,441,6441,20,2005,"2C4GP44R95R1","2","C","4","G","P","4","4","R","9","5","R","1",0,0,0,"000000000","00000000000",0,0,0,1,0,0,0,0,0,0,0,30,0,0,0,81,6,2,10,0,0,0,1,8,81082,6,1,0,0,3,0,72,190,0,0,0,0,0,0,0,0,0,0,6,38,0,0,1,2,55,1,1,5,1,65,3,1,91,16,1,1,15,"777777777777","777777777777","777777777777",5,1
8,80224,1,1,1,26,6,16,20,1,0,1,0,8,1,72,706,72706,80,2004,"1HD1FKW164Y6","1","H","D","1","F","K","W","1","6","4","Y","6",0,0,0,"000000000","00000000000",0,0,0,1,0,0,0,0,0,0,0,60,0,0,0,0,2,3,1,0,0,0,1,8,81301,6,1,0,0,3,1,80,185,0,0,0,0,0,0,0,0,0,3,36,0,0,0,1,2,45,3,6,2,1,0,0,2,6,16,2,1,98,"777777777777","777777777777","777777777777",1,0
8,80225,1,1,2,21,6,12,13,9,0,1,0,8,2,12,481,12481,31,1999,"1FTNW21SXXEE","1","F","T","N","W","2","1","S","X","X","E","E",0,0,0,"000000000","00000000000",0,0,0,1,0,0,0,0,0,0,0,35,0,0,0,11,4,3,9,0,0,0,1,96,0,9,9,99,0,9,9,999,999,99,99,99,99,99,99,9999,99,9999,0,6,39,0,0,5,5,35,1,1,2,1,2,3,1,83,16,1,1,13,"777777777777","777777777777","777777777777",0,0
8,80226,1,2,1,18,6,10,21,12,1,1,0,8,1,20,29,20029,5,2015,"KL8CB6S93FC7","K","L","8","C","B","6","S","9","3","F","C","7",0,0,0,"000000000","00000000000",0,0,0,1,0,0,0,0,0,0,0,998,0,1,3,12,6,2,12,0,0,0,1,8,80621,6,1,0,0,3,3,68,210,1,0,0,0,0,12,2011,12,2011,9,6,26,0,0,3,2,75,1,1,2,1,0,0,15,52,1,1,1,28,"777777777777","777777777777","777777777777",1,1
8,80226,2,2,2,18,6,10,21,12,1,1,0,8,1,49,51,49051,4,2008,"JTDBT9231812","J","T","D","B","T","9","2","3","1","8","1","2",0,0,0,"000000000","00000000000",0,0,0,1,0,0,0,0,0,0,0,998,0,0,0,6,6,2,12,0,0,0,1,8,80915,6,1,0,0,3,3,61,113,0,0,0,0,0,0,0,0,0,0,0,0,0,0,3,2,75,1,1,2,1,0,0,2,53,16,1,1,29,"777777777777","777777777777","777777777777",0,0
8,80227,1,1,3,28,6,9,58,8,0,1,0,8,2,23,481,23481,31,2014,"3GTU2VEC6EG3","3","G","T","U","2","V","E","C","6","E","G","3",0,0,0,"000000000","00000000000",0,0,0,1,0,0,0,0,0,0,0,16,0,0,0,12,2,3,8,0,0,0,1,8,80517,6,1,0,0,3,0,64,125,0,0,0,0,0,0,0,0,0,0,6,38,0,0,1,2,25,1,1,2,1,20,3,11,80,1,1,1,13,"777777777777","777777777777","777777777777",0,0
8,80228,1,1,1,28,6,22,58,33,0,1,0,8,2,12,401,12401,14,1998,"1FMZU34X2WZC","1","F","M","Z","U","3","4","X","2","W","Z","C",0,0,0,"000000000","00000000000",0,0,0,1,0,0,0,0,0,0,0,998,0,0,0,12,6,2,42,0,0,0,1,8,80920,6,1,0,0,3,3,64,115,0,0,0,0,0,0,0,0,0,5,36,0,0,0,5,5,35,3,1,2,2,0,0,1,13,1,1,4,1,"777777777777","777777777777","777777777777",1,1
8,80229,1,1,2,29,6,12,0,8,0,1,0,8,2,49,401,49401,14,2004,"JTEBU14R4480","J","T","E","B","U","1","4","R","4","4","8","0",0,0,0,"000000000","00000000000",0,0,0,1,0,0,0,0,0,0,0,45,0,0,0,12,4,5,8,0,0,0,1,8,80487,6,2,0,0,3,3,72,140,0,0,0,1,0,11,2014,11,2014,0,0,0,0,0,1,2,45,1,6,4,1,0,0,1,80,8,1,2,13,"777777777777","777777777777","777777777777",0,0
8,80230,1,1,1,20,6,19,22,24,0,1,0,8,1,41,35,41035,3,1992,"JM1BG232XN04","J","M","1","B","G","2","3","2","X","N","0","4",0,0,0,"000000000","00000000000",0,0,0,1,0,0,0,0,0,0,0,50,0,1,6,98,6,2,1,0,0,0,1,8,80521,6,1,0,0,3,1,70,180,0,0,0,0,1,10,2015,10,2015,3,36,0,0,0,1,2,30,3,1,2,1,0,0,1,13,1,1,4,1,"777777777777","777777777777","777777777777",1,1
8,80231,1,2,2,25,6,10,45,12,1,1,0,8,2,37,31,37031,4,2001,"1HGES16511L0","1","H","G","E","S","1","6","5","1","1","L","0",0,0,0,"000000000","00000000000",0,0,0,1,0,0,0,0,0,0,0,998,0,0,0,12,6,2,12,0,0,0,1,8,80030,6,1,0,0,3,0,63,178,0,0,0,0,2,11,2012,2,2016,0,0,0,0,0,1,7,45,1,1,2,1,2,3,2,50,16,1,1,20,"777777777777","777777777777","777777777777",1,0
8,80231,2,2,1,25,6,10,45,12,1,1,0,48,2,20,481,20481,31,2008,"3GCEC13JX8G2","3","G","C","E","C","1","3","J","X","8","G","2",0,0,0,"000000000","00000000000",0,0,0,1,0,0,0,0,0,0,0,0,0,0,0,6,4,5,12,0,0,0,1,48,80021,6,1,0,0,3,0,999,999,1,0,0,1,3,6,2012,10,2014,0,0,0,0,0,1,7,45,1,1,2,1,2,3,5,53,1,1,1,21,"777777777777","777777777777","777777777777",0,0
8,80232,1,1,1,25,6,12,59,1,0,1,0,8,1,72,706,72706,80,2004,"1HD4CAM384K4","1","H","D","4","C","A","M","3","8","4","K","4",0,0,0,"000000000","00000000000",0,0,0,1,0,0,0,0,0,0,0,998,0,0,0,0,8,3,1,0,0,0,1,8,80911,6,1,0,0,3,0,72,167,0,0,0,1,1,8,2013,1,2016,0,0,0,0,0,3,2,30,1,1,2,1,0,0,1,62,16,2,1,98,"777777777777","777777777777","777777777777",1,0
8,80233,1,2,2,19,6,21,29,12,2,1,0,8,2,6,51,6051,4,2002,"2C3HE66G12H1","2","C","3","H","E","6","6","G","1","2","H","1",0,0,0,"000000000","00000000000",0,0,0,1,0,0,0,0,0,0,0,60,0,0,0,12,6,2,12,0,0,0,1,8,80631,6,1,0,0,3,0,69,200,0,0,0,0,0,0,0,0,0,3,36,0,0,0,1,2,35,1,1,2,1,0,0,1,10,1,1,2,50,"777777777777","777777777777","777777777777",1,1
8,80233,2,2,1,19,6,21,29,12,2,1,0,56,1,20,37,20037,4,2012,"1G1ZG5E78CF2","1","G","1","Z","G","5","E","7","8","C","F","2",0,0,0,"000000000","00000000000",0,0,0,1,0,0,0,0,0,0,0,40,0,0,0,12,6,2,12,0,0,0,1,56,80543,6,1,0,0,3,3,66,135,0,0,0,1,0,8,2011,8,2011,0,0,0,0,0,1,2,35,1,1,2,1,0,0,1,62,1,1,1,51,"777777777777","777777777777","777777777777",0,0
8,80234,1,2,1,27,6,9,55,12,1,1,0,92,0,98,702,98702,88,2007,"L4STGGDJ0700","L","4","S","T","G","G","D","J","0","7","0","0",0,0,0,"000000000","00000000000",0,0,0,1,0,0,0,0,0,0,0,35,0,0,0,12,4,3,12,0,0,0,1,8,80003,2,1,0,0,2,0,72,170,0,1,0,0,0,7,2011,7,2011,0,6,8,26,0,5,3,30,1,1,2,1,0,0,1,51,16,2,1,24,"777777777777","777777777777","777777777777",1,1
8,80234,2,2,1,27,6,9,55,12,1,1,0,8,1,55,33,55033,4,2008,"5NPEU46F78H3","5","N","P","E","U","4","6","F","7","8","H","3",0,0,0,"000000000","00000000000",0,0,0,1,0,0,0,0,0,0,0,25,0,0,0,6,2,5,12,0,0,0,1,8,80227,6,1,0,0,3,3,62,134,0,0,0,0,0,0,0,0,0,0,0,0,0,0,5,3,30,1,1,2,1,0,0,1,53,1,1,1,25,"777777777777","777777777777","777777777777",0,0
8,80235,1,2,1,1,7,5,6,12,6,1,0,8,2,7,402,7402,14,2000,"1B4HS28Z8YF1","1","B","4","H","S","2","8","Z","8","Y","F","1",0,0,0,"000000000","00000000000",0,0,0,1,0,0,0,0,0,0,0,15,0,1,1,11,6,2,12,0,0,1,1,8,80634,6,1,0,0,3,0,69,185,0,1,0,1,1,3,2013,2,2014,0,6,39,0,0,1,2,35,1,1,2,2,20,3,1,17,1,1,1,89,"777777777777","777777777777","777777777777",1,0
8,80235,2,2,1,1,7,5,6,12,6,1,0,8,1,12,17,12017,4,1996,"1FALP52U5TA2","1","F","A","L","P","5","2","U","5","T","A","2",0,0,0,"000000000","00000000000",0,0,0,1,0,0,0,0,0,0,0,50,0,0,0,12,6,2,12,0,0,0,1,8,80621,6,1,0,0,3,1,67,238,0,0,0,0,0,0,0,0,0,0,0,0,0,0,1,2,50,1,1,2,2,0,0,1,66,6,1,1,88,"777777777777","777777777777","777777777777",0,0
8,80236,1,1,5,1,7,20,5,24,0,1,1,8,2,20,404,20404,14,2006,"2CNDL13F8661","2","C","N","D","L","1","3","F","8","6","6","1",0,0,0,"000000000","00000000000",0,0,0,1,0,0,0,0,0,0,0,998,0,0,0,12,6,2,24,0,0,0,1,8,80022,0,0,0,0,0,0,999,999,0,1,0,0,0,3,2016,3,2016,5,36,91,0,0,3,2,45,1,1,2,1,0,0,1,6,99,4,4,7,"777777777777","777777777777","777777777777",1,1