"STATE","ST_CASE","VEH_NO","VE_FORMS","NUMOCCS","DAY","MONTH","HOUR","MINUTE","HARM_EV","MAN_COLL","UNITTYPE","HIT_RUN","REG_STAT","OWNER","MAKE","MODEL","MAK_MOD","BODY_TYP","MOD_YEAR","VIN","VIN_1","VIN_2","VIN_3","VIN_4","VIN_5","VIN_6","VIN_7","VIN_8","VIN_9","VIN_10","VIN_11","VIN_12","TOW_VEH","J_KNIFE","MCARR_I1","MCARR_I2","MCARR_ID","GVWR","V_CONFIG","CARGO_BT","HAZ_INV","HAZ_PLAC","HAZ_ID","HAZ_CNO","HAZ_REL","BUS_USE","SPEC_USE","EMER_USE","TRAV_SP","UNDERIDE","ROLLOVER","ROLINLOC","IMPACT1","DEFORMED","TOWED","M_HARM","VEH_SC1","VEH_SC2","FIRE_EXP","DR_PRES","L_STATE","DR_ZIP","L_STATUS","L_TYPE","CDL_STAT","L_ENDORS","L_COMPL","L_RESTRI","DR_HGT","DR_WGT","PREV_ACC","PREV_SUS","PREV_DWI","PREV_SPD","PREV_OTH","FIRST_MO","FIRST_YR","LAST_MO","LAST_YR","SPEEDREL","DR_SF1","DR_SF2","DR_SF3","DR_SF4","VTRAFWAY","VNUM_LAN","VSPD_LIM","VALIGN","VPROFILE","VPAVETYP","VSURCOND","VTRAFCON","VTCONT_F","P_CRASH1","P_CRASH2","P_CRASH3","PCRASH4","PCRASH5","ACC_TYPE","TRLR1VIN","TRLR2VIN","TRLR3VIN","DEATHS","DR_DRINK"
8,80305,5,5,1,2,8,11,15,12,7,1,0,8,1,37,31,37031,4,2013,"2HGFB2F86DH5","2","H","G","F","B","2","F","8","6","D","H","5",0,0,0,"000000000","00000000000",0,0,0,1,0,0,0,0,0,0,0,50,0,0,0,12,6,2,12,0,0,0,1,8,80516,6,1,0,0,3,0,68,120,0,0,0,0,1,4,2013,4,2013,0,0,0,0,0,3,3,65,1,1,2,1,0,0,2,50,16,1,1,98,"777777777777","777777777777","777777777777",0,0
8,80306,1,1,1,2,8,22,0,42,0,1,0,8,1,20,403,20403,14,2005,"1GNDT13S5522","1","G","N","D","T","1","3","S","5","5","2","2",0,0,0,"000000000","00000000000",0,0,0,1,0,0,0,0,0,0,0,60,0,2,6,11,6,2,1,0,0,0,1,8,81019,6,1,0,0,3,0,73,185,0,0,0,0,0,0,0,0,0,0,6,0,0,0,1,2,50,2,6,2,2,0,0,14,6,6,3,4,2,"777777777777","777777777777","777777777777",1,1
8,80307,1,1,1,3,8,13,0,15,0,1,0,38,1,20,481,20481,31,2011,"1GC2KXCG4BZ2","1","G","C","2","K","X","C","G","4","B","Z","2",0,0,0,"000000000","00000000000",0,0,0,1,0,0,0,0,0,0,0,35,0,0,0,12,2,5,15,0,0,0,1,8,80204,3,2,0,0,2,0,64,134,0,0,0,0,0,0,0,0,0,0,0,0,0,0,1,7,40,1,1,2,1,2,3,1,83,1,1,1,13,"777777777777","777777777777","777777777777",0,0
8,80308,1,1,2,5,8,1,9,33,0,1,0,8,1,72,706,72706,80,2016,"1HD1BFV19GB0","1","H","D","1","B","F","V","1","9","G","B","0",0,0,0,"000000000","00000000000",0,0,0,1,0,0,0,0,0,0,0,30,0,0,0,12,6,2,25,0,0,0,1,8,80022,6,1,0,0,2,0,66,160,0,0,0,0,1,1,2016,1,2016,4,6,0,0,0,6,2,55,2,6,2,1,21,3,10,12,1,1,4,6,"777777777777","777777777777","777777777777",2,1
8,80309,1,1,1,7,8,9,45,9,0,1,0,8,1,49,472,49472,30,2013,"5TFUU4EN6DX0","5","T","F","U","U","4","E","N","6","D","X","0",0,0,0,"000000000","00000000000",0,0,0,1,0,0,0,0,0,0,0,30,0,0,0,82,2,5,9,0,0,0,1,8,80301,6,1,0,0,3,1,71,155,0,0,0,0,0,0,0,0,0,0,0,0,0,0,1,2,60,2,5,2,1,98,3,14,83,1,1,1,13,"777777777777","777777777777","777777777777",0,0
8,80310,1,1,1,7,8,9,54,1,0,1,0,48,1,72,706,72706,80,2012,"1HD1KBM12CB6","1","H","D","1","K","B","M","1","2","C","B","6",0,0,0,"000000000","00000000000",0,0,0,1,0,0,0,0,0,0,0,80,0,0,0,0,6,2,1,0,0,0,1,48,76033,6,1,0,0,3,0,999,999,0,1,0,0,1,11,2011,9,2012,3,36,53,0,0,3,2,65,2,6,2,1,0,0,1,12,1,1,4,6,"777777777777","777777777777","777777777777",1,1
8,80312,1,1,5,8,8,8,25,1,0,1,0,8,1,20,2,20002,4,2002,"2G1WH55K1293","2","G","1","W","H","5","5","K","1","2","9","3",0,0,0,"000000000","00000000000",0,0,0,1,0,0,0,0,0,0,0,55,0,2,5,0,6,2,42,0,0,0,1,8,80631,6,2,0,0,3,1,70,140,0,0,0,0,0,0,0,0,0,3,36,52,58,0,1,2,45,3,1,7,1,40,3,14,13,6,4,4,7,"777777777777","777777777777","777777777777",1,0
8,80313,1,1,1,8,8,13,5,14,0,1,0,8,2,35,47,35047,4,2006,"1N4AL11D36N4","1","N","4","A","L","1","1","D","3","6","N","4",0,0,0,"000000000","00000000000",0,0,0,1,0,0,0,0,0,0,0,50,0,0,0,61,6,2,14,0,0,0,1,8,81501,6,1,0,0,3,0,62,115,0,0,0,1,1,11,2011,11,2013,4,6,0,0,0,2,2,65,1,5,2,2,0,0,1,6,6,3,4,11,"777777777777","777777777777","777777777777",1,0
8,80314,1,1,1,10,8,19,50,42,0,1,0,8,1,2,404,2404,14,2000,"1J4FF48S6YL1","1","J","4","F","F","4","8","S","6","Y","L","1",0,0,0,"000000000","00000000000",0,0,0,1,0,0,0,0,0,0,0,35,0,1,6,11,4,3,1,0,0,0,1,8,80220,6,1,0,0,3,1,65,160,0,1,1,0,3,11,2012,5,2016,0,6,0,0,0,1,2,35,2,6,2,1,0,0,1,12,16,2,4,6,"777777777777","777777777777","777777777777",1,0
8,80315,1,2,1,6,8,18,25,12,6,1,0,35,1,12,880,12880,67,2002,"1FTWW33F82EA","1","F","T","W","W","3","3","F","8","2","E","A",0,0,88,"888888888","88888888888",2,1,97,1,0,0,0,0,0,0,0,55,0,0,0,61,6,2,12,0,0,0,1,35,87111,6,1,0,0,3,3,73,175,98,0,0,0,0,0,0,0,0,0,6,39,53,0,1,2,55,1,1,2,1,20,3,1,17,1,1,1,89,"777777777777","777777777777","777777777777",0,0
8,80315,2,2,4,6,8,18,25,12,6,1,0,2,1,2,403,2403,14,2005,"1J4FA39S55P3","1","J","4","F","A","3","9","S","5","5","P","3",0,0,0,"000000000","00000000000",0,0,0,1,0,0,0,0,0,0,0,55,0,1,5,12,6,2,12,0,0,0,1,2,99577,6,1,0,0,3,0,68,145,0,0,0,0,0,0,0,0,0,0,0,0,0,0,1,2,65,1,1,2,1,0,0,1,66,16,2,1,88,"777777777777","777777777777","777777777777",1,0
8,80316,1,1,1,12,8,5,19,8,0,1,0,8,1,2,403,2403,14,2001,"1J4FA49S21P3","1","J","4","F","A","4","9","S","2","1","P","3",0,0,0,"000000000","00000000000",0,0,0,1,0,0,0,0,0,0,0,55,0,0,0,12,4,3,8,0,0,0,1,8,80233,6,1,0,0,3,0,65,190,0,0,0,0,2,8,2012,9,2014,0,0,0,0,0,1,2,55,1,1,2,1,0,0,1,80,7,1,1,13,"777777777777","777777777777","777777777777",0,0
8,80317,1,1,2,13,8,3,45,1,0,1,0,8,1,49,472,49472,30,1995,"4TAUN61C8SZ0","4","T","A","U","N","6","1","C","8","S","Z","0",0,0,0,"000000000","00000000000",0,0,0,1,0,0,0,0,0,0,0,70,0,2,5,0,6,2,1,0,0,0,1,8,81601,6,7,0,0,3,0,67,150,0,0,0,1,0,8,2012,8,2012,3,36,0,0,0,1,2,55,3,6,2,1,28,3,1,13,7,4,4,7,"777777777777","777777777777","777777777777",2,1
8,80318,1,1,1,14,8,6,34,1,0,1,0,8,2,54,31,54031,3,1996,"JH4DC2386TS0","J","H","4","D","C","2","3","8","6","T","S","0",0,0,0,"000000000","00000000000",0,0,0,1,0,0,0,0,0,0,0,75,0,2,5,0,6,2,1,0,0,0,1,8,80305,2,1,0,0,2,0,67,140,0,2,0,0,0,7,2012,9,2012,3,36,0,0,0,1,2,65,3,1,2,1,28,3,1,13,6,3,4,1,"777777777777","777777777777","777777777777",1,1
8,80319,1,2,2,14,8,15,5,1,0,1,0,8,1,72,706,72706,80,2006,"1HD1CGP166K4","1","H","D","1","C","G","P","1","6","6","K","4",0,0,0,"000000000","00000000000",0,0,0,1,0,0,0,0,0,0,0,65,0,0,0,0,6,2,1,0,0,0,1,8,81321,2,1,0,0,2,0,72,180,0,0,0,0,0,0,0,0,0,0,6,52,0,0,1,2,65,1,1,2,1,0,0,1,50,16,2,1,98,"777777777777","777777777777","777777777777",1,0
8,80319,2,2,1,14,8,15,5,1,0,1,0,8,1,72,706,72706,80,1992,"1HD1FAL32NY5","1","H","D","1","F","A","L","3","2","N","Y","5",0,0,0,"000000000","00000000000",0,0,0,1,0,0,0,0,0,0,0,0,0,0,0,9,2,3,1,0,0,0,1,8,81321,6,1,0,0,3,0,73,245,0,0,0,0,0,0,0,0,0,0,0,0,0,0,1,2,65,1,1,2,1,0,0,17,53,1,1,1,98,"777777777777","777777777777","777777777777",0,0
8,80320,1,1,3,14,8,22,18,1,0,1,0,8,2,12,3,12003,2,1996,"1FALP47V7TF1","1","F","A","L","P","4","7","V","7","T","F","1",0,0,0,"000000000","00000000000",0,0,0,1,0,0,0,0,0,0,0,55,0,2,6,0,6,2,1,0,0,0,1,8,80928,0,0,0,0,0,0,72,150,0,10,0,1,0,1,2013,8,2015,3,36,58,0,0,1,2,40,3,6,2,1,0,0,1,13,6,4,4,1,"777777777777","777777777777","777777777777",1,1
8,80321,1,1,1,13,8,5,16,39,0,1,0,8,1,2,404,2404,14,2000,"1J4FF58S0YL2","1","J","4","F","F","5","8","S","0","Y","L","2",0,0,0,"000000000","00000000000",0,0,0,1,0,0,0,0,0,0,0,65,0,1,5,12,6,2,39,0,0,1,1,8,80524,6,1,0,0,3,3,67,150,0,0,0,1,0,10,2015,10,2015,3,36,0,0,0,1,2,45,1,1,2,1,28,3,1,12,1,1,4,6,"777777777777","777777777777","777777777777",1,1
8,80322,1,1,4,17,8,17,31,1,0,1,0,8,2,20,37,20037,4,2005,"1G1ZS54855F2","1","G","1","Z","S","5","4","8","5","5","F","2",0,0,0,"000000000","00000000000",0,0,0,1,0,0,0,0,0,0,0,998,0,2,5,0,6,2,1,0,0,0,1,8,80205,0,0,0,0,0,0,62,140,0,2,0,0,0,3,2016,7,2016,9,6,52,0,0,3,3,65,2,1,1,1,0,0,15,8,7,4,4,2,"777777777777","777777777777","777777777777",1,0
8,80323,1,1,1,19,8,6,19,8,0,1,1,99,9,99,999,99999,99,9999,"999999999999","9","9","9","9","9","9","9","9","9","9","9","9",0,0,0,"000000000","00000000000",0,0,0,1,0,0,0,0,0,0,0,75,0,0,0,12,2,5,8,0,0,0,1,99,99999,9,9,99,0,9,9,999,999,99,99,99,99,99,99,9999,99,9999,0,0,0,0,0,3,2,75,1,1,1,1,0,0,1,80,1,1,1,13,"777777777777","777777777777","777777777777",0,0
8,80324,1,1,2,20,8,16,40,1,0,1,0,8,2,6,43,6043,4,2007,"1C3LC56K97N5","1","C","3","L","C","5","6","K","9","7","N","5",0,0,0,"000000000","00000000000",0,0,0,1,0,0,0,0,0,0,0,65,0,2,5,0,6,2,1,0,0,0,1,8,80645,6,2,0,0,3,0,72,145,0,0,0,0,0,0,0,0,0,3,8,36,0,0,1,2,45,1,6,2,1,0,0,1,9,6,4,4,7,"777777777777","777777777777","777777777777",1,0
8,80325,1,1,1,21,8,7,37,38,0,1,0,8,2,12,422,12422,15,1998,"1FMRU18W7WLB","1","F","M","R","U","1","8","W","7","W","L","B",0,0,0,"000000000","00000000000",0,0,0,1,0,0,0,0,0,0,0,60,0,1,6,61,6,2,1,0,0,0,1,26,49840,6,1,0,0,3,0,70,135,0,0,0,0,0,0,0,0,0,3,36,0,0,0,1,2,45,2,1,4,1,0,0,1,6,9,3,4,7,"777777777777","777777777777","777777777777",1,1
8,80326,1,2,2,21,8,16,40,12,2,1,0,45,2,20,37,20037,4,2004,"1G1ZT54884F1","1","G","1","Z","T","5","4","8","8","4","F","1",0,0,0,"000000000","00000000000",0,0,0,1,0,0,0,0,0,0,0,40,0,0,0,12,6,2,12,0,0,0,1,45,29432,1,1,5,0,2,0,63,152,0,0,0,0,0,0,0,0,0,0,6,28,0,0,1,2,45,2,1,2,1,0,0,1,10,1,1,2,50,"777777777777","777777777777","777777777777",0,0
8,80326,2,2,2,21,8,16,40,12,2,1,0,8,1,73,706,73706,80,2009,"JKBVNRG129A0","J","K","B","V","N","R","G","1","2","9","A","0",0,0,0,"000000000","00000000000",0,0,0,1,0,0,0,0,0,0,0,40,0,0,0,12,6,2,12,0,0,0,1,8,80521,6,1,0,0,3,1,66,170,0,0,0,0,1,6,2012,6,2012,0,0,0,0,0,1,2,45,3,1,2,1,0,0,14,62,1,1,1,51,"777777777777","777777777777","777777777777",2,0
8,80327,1,1,5,21,8,18,25,42,0,1,0,8,2,12,401,12401,14,2005,"1FMZU72K15ZA","1","F","M","Z","U","7","2","K","1","5","Z","A",0,0,0,"000000000","00000000000",0,0,0,1,0,0,0,0,0,0,0,55,0,0,0,82,6,2,42,0,0,0,1,8,81432,6,1,0,0,3,0,63,110,0,0,0,0,0,0,0,0,0,0,6,0,0,0,1,2,55,3,6,2,1,0,0,1,13,1,1,4,1,"777777777777","777777777777","777777777777",1,0
8,80328,1,3,1,19,8,18,47,12,6,1,0,8,2,41,44,41044,2,1996,"1YVGE31D0T55","1","Y","V","G","E","3","1","D","0","T","5","5",0,0,0,"000000000","00000000000",0,0,0,1,0,0,0,0,0,0,0,998,0,0,0,83,6,2,12,0,0,0,1,8,80817,2,8,0,0,2,3,69,170,0,0,0,0,0,0,0,0,0,4,6,0,0,0,5,5,35,3,5,2,2,0,0,14,6,1,4,2,66,"777777777777","777777777777","777777777777",1,1
8,80328,2,3,3,19,8,18,47,12,6,1,0,8,1,55,421,55421,15,2011,"KM8NUDCC4BU1","K","M","8","N","U","D","C","C","4","B","U","1",0,0,0,"000000000","00000000000",0,0,0,1,0,0,0,0,0,0,0,998,0,0,0,12,6,2,12,0,0,0,1,8,80904,6,1,0,0,3,0,62,185,0,2,1,2,0,11,2011,2,2016,0,0,0,0,0,5,5,35,2,6,2,2,0,0,14,62,16,1,1,66,"777777777777","777777777777","777777777777",1,0
8,80328,3,3,3,19,8,18,47,12,6,1,0,27,4,12,401,12401,14,2016,"1FM5K8F85GGC","1","F","M","5","K","8","F","8","5","G","G","C",0,0,0,"000000000","00000000000",0,0,0,1,0,0,0,0,0,0,0,998,0,0,0,13,4,5,54,0,0,0,1,4,85730,6,1,0,0,3,0,71,190,0,2,0,1,0,9,2011,1,2012,0,0,0,0,0,5,5,35,2,6,2,2,0,0,14,91,16,1,1,98,"777777777777","777777777777","777777777777",0,0
8,80329,1,1,2,21,8,23,56,8,0,1,1,8,1,49,401,49401,14,1998,"JT3HN86R7W01","J","T","3","H","N","8","6","R","7","W","0","1",0,0,0,"000000000","00000000000",0,0,0,1,0,0,0,0,0,0,0,68,0,2,1,12,6,2,8,0,0,0,1,8,80017,6,1,0,0,3,0,70,165,1,0,0,0,0,3,2013,3,2013,3,36,39,0,0,1,8,40,1,1,2,1,2,3,11,80,6,1,2,13,"777777777777","777777777777","777777777777",0,1
8,80330,1,2,1,9,8,12,19,12,2,1,0,8,2,48,45,48045,6,2003,"4S3BH6659376","4","S","3","B","H","6","6","5","9","3","7","6",0,0,0,"000000000","00000000000",0,0,0,1,0,0,0,0,0,0,0,998,0,0,0,12,6,2,12,0,0,0,1,8,80525,6,1,0,0,3,1,68,175,0,0,0,0,0,0,0,0,0,9,6,28,0,0,1,2,30,2,1,2,1,0,0,1,10,1,1,2,50,"777777777777","777777777777","777777777777",1,0
8,80330,2,2,2,9,8,12,19,12,2,1,0,8,1,2,404,2404,14,2004,"1J4GW48NX4C4","1","J","4","G","W","4","8","N","X","4","C","4",0,0,0,"000000000","00000000000",0,0,0,1,0,0,0,0,0,0,0,998,0,0,0,12,6,2,12,0,0,0,1,8,80528,3,1,0,0,2,3,62,125,0,5,1,1,0,11,2011,3,2016,0,0,0,0,0,1,2,30,3,1,2,1,0,0,14,62,1,1,1,51,"777777777777","777777777777","777777777777",0,0
8,80331,1,1,1,18,8,22,41,8,0,1,0,8,1,20,431,20431,16,2001,"3GNGK26GX1G1","3","G","N","G","K","2","6","G","X","1","G","1",0,0,0,"000000000","00000000000",0,0,0,1,0,0,0,0,0,0,0,25,0,0,0,12,2,3,8,0,0,0,1,8,81601,6,1,0,0,3,3,66,178,0,0,0,0,0,0,0,0,0,0,0,0,0,0,2,2,65,2,5,2,1,0,0,2,80,8,1,4,13,"777777777777","777777777777","777777777777",0,0
8,80332,1,2,2,20,8,16,55,12,6,1,0,8,1,20,25,20025,4,2012,"1G1PF5SC9C72","1","G","1","P","F","5","S","C","9","C","7","2",0,0,0,"000000000","00000000000",0,0,0,1,0,0,0,0,0,0,0,70,0,0,0,12,6,2,12,0,0,0,1,8,80233,6,1,0,0,3,0,67,175,0,2,0,1,1,4,2013,1,2014,3,8,36,0,0,2,3,45,1,1,2,1,2,3,1,17,1,1,1,69,"777777777777","777777777777","777777777777",0,0
8,80332,2,2,1,20,8,16,55,12,6,1,0,8,2,55,35,55035,4,2008,"KMHDU46DX8U3","K","M","H","D","U","4","6","D","X","8","U","3",0,0,0,"000000000","00000000000",0,0,0,1,0,0,0,0,0,0,0,15,0,0,0,81,6,2,46,0,0,0,1,8,80003,6,1,3,0,3,0,70,210,0,0,0,0,0,0,0,0,0,0,0,0,0,0,2,3,45,1,1,2,1,2,3,11,61,1,1,1,68,"777777777777","777777777777","777777777777",1,0
8,80333,1,2,2,22,8,0,53,12,6,1,0,8,1,72,706,72706,80,2011,"1HD1GP412BC3","1","H","D","1","G","P","4","1","2","B","C","3",0,0,0,"000000000","00000000000",0,0,0,1,0,0,0,0,0,0,0,998,0,0,0,81,6,2,12,0,0,0,1,8,80015,6,1,0,0,3,0,71,225,0,0,0,0,0,0,0,0,0,9,6,38,0,0,1,5,40,1,6,2,1,0,0,11,15,1,1,1,68,"777777777777","777777777777","777777777777",1,1
8,80333,2,2,1,22,8,0,53,12,6,1,0,8,2,48,401,48401,14,2016,"JF2SJABC1GH4","J","F","2","S","J","A","B","C","1","G","H","4",0,0,0,"000000000","00000000000",0,0,0,1,0,0,0,0,0,0,0,40,0,0,0,12,6,2,12,0,0,0,1,8,80130,6,1,0,0,3,0,60,125,1,0,0,0,1,9,2012,9,2012,0,0,0,0,0,1,5,40,1,5,2,1,0,0,1,62,1,1,1,69,"777777777777","777777777777","777777777777",0,0
8,80334,1,1,2,24,8,15,15,1,0,1,0,31,1,72,706,72706,80,2010,"1HD1FL417AB6","1","H","D","1","F","L","4","1","7","A","B","6",1,1,0,"000000000","00000000000",0,0,0,1,0,0,0,0,0,0,0,55,0,0,0,0,6,2,25,0,0,0,1,31,68510,6,1,0,0,3,0,67,175,0,0,0,0,0,0,0,0,0,0,6,0,0,0,3,3,65,2,6,1,2,0,0,14,52,8,1,4,8,"103889644","777777777777","777777777777",1,0
8,80335,1,1,1,25,8,10,20,34,0,1,0,8,3,84,881,84881,62,1996,"2HSFMALRXTC0","2","H","S","F","M","A","L","R","X","T","C","0",0,0,57,"2439899","572439899",2,2,4,1,0,0,0,0,0,0,0,45,0,1,5,12,6,2,1,0,0,0,1,8,80601,6,1,6,1,3,0,66,160,0,0,0,0,2,9,2011,2,2012,3,36,52,0,0,1,2,35,2,6,2,1,40,3,14,12,1,1,4,6,"777777777777","777777777777","777777777777",1,0
8,80336,1,2,1,26,8,15,16,12,7,1,0,8,1,37,705,37705,80,2014,"JH2RC6304EK0","J","H","2","R","C","6","3","0","4","E","K","0",0,0,0,"000000000","00000000000",0,0,0,1,0,0,0,0,0,0,0,30,0,0,0,81,2,3,1,0,0,0,1,8,80634,6,1,0,0,3,3,70,200,0,0,0,0,0,0,0,0,0,0,6,28,0,0,4,2,35,1,1,2,1,0,0,1,11,1,1,2,44,"777777777777","777777777777","777777777777",1,0
8,80336,2,2,2,26,8,15,16,12,7,1,0,8,1,7,482,7482,31,2010,"1D7RV1GP0AS2","1","D","7","R","V","1","G","P","0","A","S","2",0,0,0,"000000000","00000000000",0,0,0,1,0,0,0,0,0,0,0,30,0,0,0,9,0,5,12,0,0,0,1,8,80620,6,1,0,0,3,3,60,90,0,0,0,0,0,0,0,0,0,0,0,0,0,0,4,2,35,1,1,2,1,0,0,1,60,7,1,1,45,"777777777777","777777777777","777777777777",0,0
8,80337,1,2,1,31,8,20,14,12,6,1,0,8,1,76,706,76706,80,2000,"JYARN05Y5YA0","J","Y","A","R","N","0","5","Y","5","Y","A","0",0,0,0,"000000000","00000000000",0,0,0,1,0,0,0,0,0,0,0,80,0,0,0,12,6,2,12,0,0,1,1,8,80015,6,1,0,0,2,0,70,180,0,1,0,3,2,3,2012,3,2015,3,8,36,0,0,2,1,40,1,1,2,1,0,0,1,17,16,2,1,83,"777777777777","777777777777","777777777777",1,0
8,80337,2,2,1,31,8,20,14,12,6,1,0,8,2,55,39,55039,4,2006,"KMHFC46F86A0","K","M","H","F","C","4","6","F","8","6","A","0",0,0,0,"000000000","00000000000",0,0,0,1,0,0,0,0,0,0,0,15,0,0,0,11,6,2,12,0,0,0,1,8,80014,6,2,0,0,3,3,63,130,0,0,0,0,0,0,0,0,0,0,0,0,0,0,1,2,25,1,1,2,1,20,3,11,67,99,1,1,82,"777777777777","777777777777","777777777777",0,0
8,80338,1,1,2,27,8,8,1,1,0,1,0,8,1,49,472,49472,30,2007,"5TEUU42N87Z4","5","T","E","U","U","4","2","N","8","7","Z","4",0,0,0,"000000000","00000000000",0,0,0,1,0,0,0,0,0,0,0,75,0,2,3,0,6,2,1,0,0,0,1,8,81650,6,1,0,0,3,3,72,170,0,2,1,0,1,5,2012,11,2012,0,6,58,0,0,2,2,75,2,1,1,1,28,3,14,13,6,4,4,7,"777777777777","777777777777","777777777777",1,1
8,80339,1,1,1,27,8,8,46,33,0,1,0,8,1,53,705,53705,80,1994,"JS1GN72A1R21","J","S","1","G","N","7","2","A","1","R","2","1",0,0,0,"000000000","00000000000",0,0,0,1,0,0,0,0,0,0,0,50,0,0,0,12,6,2,21,0,0,0,1,8,80027,1,1,0,0,2,3,67,140,0,10,2,0,2,1,2012,1,2016,3,36,52,0,0,2,1,35,3,1,2,1,0,0,1,13,1,1,4,1,"777777777777","777777777777","777777777777",1,0
8,80340,1,2,1,28,8,2,31,12,6,1,0,8,1,76,706,76706,80,2005,"JYARN13E85A0","J","Y","A","R","N","1","3","E","8","5","A","0",0,0,0,"000000000","00000000000",0,0,0,1,0,0,0,0,0,0,0,998,0,0,0,12,6,2,12,0,0,0,1,8,80526,6,1,0,0,2,0,69,175,0,0,0,1,0,7,2016,7,2016,5,36,0,0,0,5,5,30,3,1,2,1,28,3,14,17,16,2,1,83,"777777777777","777777777777","777777777777",1,1
8,80340,2,2,3,28,8,2,31,12,6,1,0,17,1,2,404,2404,14,1998,"1J4FJ68S0WL1","1","J","4","F","J","6","8","S","0","W","L","1",0,0,0,"000000000","00000000000",0,0,0,1,0,0,0,0,0,0,0,998,0,0,0,61,6,2,12,0,0,0,1,17,61554,6,1,0,0,3,0,70,225,0,0,0,0,0,0,0,0,0,0,0,0,0,0,0,0,0,0,0,0,0,0,0,11,66,99,1,1,82,"777777777777","777777777777","777777777777",0,0
8,80341,1,3,1,29,8,7,58,1,0,1,0,22,1,37,706,37706,80,2015,"JH2SC68Y4FK1","J","H","2","S","C","6","8","Y","4","F","K","1",0,0,0,"000000000","00000000000",0,0,0,1,0,0,0,0,0,0,0,45,0,0,0,0,6,2,12,0,0,0,1,22,71360,6,1,0,0,3,1,71,235,0,0,0,0,0,0,0,0,0,4,6,28,0,0,1,2,40,2,5,2,1,40,3,14,8,1,1,1,98,"777777777777","777777777777","777777777777",1,0
8,80341,2,3,1,29,8,7,58,1,0,1,0,18,3,82,881,82881,66,2015,"3AKJGLD5XFSG","3","A","K","J","G","L","D","5","X","F","S","G",1,1,57,"00076209","5700076209",3,6,1,1,0,0,0,0,0,0,0,45,0,0,0,7,6,2,12,0,0,0,1,8,80905,6,1,6,0,3,0,68,190,0,0,0,0,0,0,0,0,0,0,0,0,0,0,1,2,40,3,6,2,1,40,3,2,62,16,2,1,98,"1GRAA06267B7","777777777777","777777777777",0,0
8,80341,3,3,1,29,8,7,58,1,0,1,0,22,1,37,706,37706,80,2015,"JH2SC68ZXFK1","J","H","2","S","C","6","8","Z","X","F","K","1",0,0,0,"000000000","00000000000",0,0,0,1,0,0,0,0,0,0,0,40,0,0,0,2,4,5,73,0,0,0,1,22,70508,6,1,4,0,3,0,70,200,0,0,0,0,0,0,0,0,0,0,0,0,0,0,1,2,40,2,6,2,1,40,3,14,90,1,1,1,98,"777777777777","777777777777","777777777777",0,0
8,80342,1,2,1,28,8,16,30,31,0,1,0,8,1,23,481,23481,31,2005,"1GTEC14VX5Z2","1","G","T","E","C","1","4","V","X","5","Z","2",0,0,0,"000000000","00000000000",0,0,0,1,0,0,0,0,0,0,0,75,0,1,3,12,6,2,1,0,0,0,1,8,80102,6,1,0,0,3,0,65,135,0,0,0,0,0,0,0,0,0,0,6,58,0,0,3,2,75,2,1,1,1,0,0,1,12,7,1,4,6,"777777777777","777777777777","777777777777",1,1
8,80342,2,2,1,28,8,16,30,31,0,1,0,8,2,49,401,49401,14,2004,"JTEBT14R5400","J","T","E","B","T","1","4","R","5","4","0","0",0,0,0,"000000000","00000000000",0,0,0,1,0,0,0,0,0,0,0,75,0,0,0,12,2,5,54,0,0,0,1,8,80136,6,1,0,0,3,0,63,150,0,0,0,0,0,0,0,0,0,0,0,0,0,0,3,2,75,3,1,1,1,0,0,14,91,1,1,1,98,"777777777777","777777777777","777777777777",0,0
8,80343,1,2,1,29,8,5,40,12,2,1,0,53,2,2,405,2405,14,2006,"1J4GL48K06W2","1","J","4","G","L","4","8","K","0","6","W","2",0,0,0,"000000000","00000000000",0,0,0,1,0,0,0,0,0,0,0,65,0,0,0,12,6,2,12,0,0,0,1,53,98225,6,1,0,0,3,0,70,150,1,0,0,0,4,1,2014,5,2015,0,6,28,0,0,1,2,65,2,1,2,1,0,0,1,10,1,1,1,50,"777777777777","777777777777","777777777777",1,0
8,80343,2,2,1,29,8,5,40,12,2,1,0,8,3,87,881,87881,66,1996,"1XPFDB8X6TD3","1","X","P","F","D","B","8","X","6","T","D","3",1,1,57,"197315","57197315",3,6,4,1,0,0,0,0,0,0,0,65,0,0,0,12,6,2,12,0,0,0,1,8,81120,6,1,6,1,3,1,68,215,0,0,0,1,2,10,2012,10,2015,0,0,0,0,0,1,2,65,3,1,2,1,0,0,14,62,16,2,1,51,"1W91038261W1","777777777777","777777777777",0,0
8,80344,1,1,2,29,8,2,19,35,0,1,0,8,4,49,442,49442,20,2015,"5TDJK3DC9FS1","5","T","D","J","K","3","D","C","9","F","S","1",0,0,0,"000000000","00000000000",0,0,0,1,0,0,0,0,0,0,0,40,0,1,5,12,6,2,35,0,0,0,1,17,60628,6,1,0,0,3,1,69,130,0,0,0,2,2,5,2012,9,2015,0,6,53,0,0,6,1,65,2,6,2,1,40,3,1,13,6,1,4,6,"777777777777","777777777777","777777777777",1,0
8,80345,1,1,3,29,8,4,30,31,0,1,0,40,2,12,35,12035,4,1997,"1FALP6533VK1","1","F","A","L","P","6","5","3","3","V","K","1",0,0,0,"000000000","00000000000",0,0,0,1,0,0,0,0,0,0,0,80,0,2,5,12,6,2,1,0,0,0,1,8,81122,6,1,0,0,3,0,71,210,0,2,1,0,1,2,2015,6,2015,3,36,0,0,0,1,2,60,3,6,2,1,0,0,14,6,7,4,4,7,"777777777777","777777777777","777777777777",1,1