"STATE","ST_CASE","VEH_NO","VE_FORMS","NUMOCCS","DAY","MONTH","HOUR","MINUTE","HARM_EV","MAN_COLL","UNITTYPE","HIT_RUN","REG_STAT","OWNER","MAKE","MODEL","MAK_MOD","BODY_TYP","MOD_YEAR","VIN","VIN_1","VIN_2","VIN_3","VIN_4","VIN_5","VIN_6","VIN_7","VIN_8","VIN_9","VIN_10","VIN_11","VIN_12","TOW_VEH","J_KNIFE","MCARR_I1","MCARR_I2","MCARR_ID","GVWR","V_CONFIG","CARGO_BT","HAZ_INV","HAZ_PLAC","HAZ_ID","HAZ_CNO","HAZ_REL","BUS_USE","SPEC_USE","EMER_USE","TRAV_SP","UNDERIDE","ROLLOVER","ROLINLOC","IMPACT1","DEFORMED","TOWED","M_HARM","VEH_SC1","VEH_SC2","FIRE_EXP","DR_PRES","L_STATE","DR_ZIP","L_STATUS","L_TYPE","CDL_STAT","L_ENDORS","L_COMPL","L_RESTRI","DR_HGT","DR_WGT","PREV_ACC","PREV_SUS","PREV_DWI","PREV_SPD","PREV_OTH","FIRST_MO","FIRST_YR","LAST_MO","LAST_YR","SPEEDREL","DR_SF1","DR_SF2","DR_SF3","DR_SF4","VTRAFWAY","VNUM_LAN","VSPD_LIM","VALIGN","VPROFILE","VPAVETYP","VSURCOND","VTRAFCON","VTCONT_F","P_CRASH1","P_CRASH2","P_CRASH3","PCRASH4","PCRASH5","ACC_TYPE","TRLR1VIN","TRLR2VIN","TRLR3VIN","DEATHS","DR_DRINK"
8,80346,1,1,1,30,8,12,39,31,0,1,0,8,1,12,481,12481,31,2000,"1FTSW31F1YEE","1","F","T","S","W","3","1","F","1","Y","E","E",1,1,0,"000000000","00000000000",0,0,0,1,0,0,0,0,0,0,0,75,0,2,3,98,6,2,1,0,0,0,1,8,80631,6,1,6,0,3,3,79,240,1,0,0,0,3,3,2012,5,2016,4,87,0,0,0,2,2,75,3,1,1,2,0,0,14,5,7,4,4,7,"14HU12200NLR","777777777777","777777777777",1,0
8,80347,1,1,1,31,8,19,35,8,0,1,0,8,1,48,47,48047,4,2015,"JF1VA1A61F98","J","F","1","V","A","1","A","6","1","F","9","8",0,0,0,"000000000","00000000000",0,0,0,1,0,0,0,0,0,0,0,45,0,0,0,12,6,2,8,0,0,0,1,8,80220,6,1,0,0,3,0,71,150,0,0,0,0,0,0,0,0,0,3,36,0,0,0,4,3,30,3,1,2,1,2,3,14,80,99,1,1,13,"777777777777","777777777777","777777777777",0,1
8,80348,1,2,1,26,8,22,55,12,6,1,0,8,2,20,404,20404,14,2016,"2GNALBEK9G11","2","G","N","A","L","B","E","K","9","G","1","1",0,0,0,"000000000","00000000000",0,0,0,1,0,0,0,0,0,0,0,55,0,0,0,12,6,2,12,0,0,0,1,8,80249,6,1,0,0,3,1,63,161,0,0,0,0,0,0,0,0,0,0,6,39,0,0,2,5,55,1,1,2,1,2,3,1,17,1,1,1,88,"777777777777","777777777777","777777777777",0,0
8,80348,2,2,2,26,8,22,55,12,6,1,0,8,1,98,706,98706,80,2016,"57XAASFAXG51","5","7","X","A","A","S","F","A","X","G","5","1",0,0,0,"000000000","00000000000",0,0,0,1,0,0,0,0,0,0,0,20,0,0,0,61,6,2,12,30,0,0,1,8,80602,6,1,0,0,3,1,70,145,0,0,0,0,1,3,2012,3,2012,0,0,0,0,0,2,5,45,1,1,2,1,2,3,1,66,6,1,1,89,"777777777777","777777777777","777777777777",2,0
8,80349,1,2,1,4,8,13,2,12,6,1,0,8,2,67,36,67036,4,2016,"3MYDLBZV5GY1","3","M","Y","D","L","B","Z","V","5","G","Y","1",0,0,0,"000000000","00000000000",0,0,0,1,0,0,0,0,0,0,0,25,1,0,0,12,6,2,12,0,0,0,1,8,80241,6,1,0,0,3,0,70,175,0,0,0,0,1,12,2013,12,2013,0,6,39,0,0,1,4,30,1,1,2,1,20,3,1,17,1,1,1,88,"777777777777","777777777777","777777777777",1,0
8,80349,2,2,1,4,8,13,2,12,6,1,0,8,3,85,881,85881,66,2015,"1XKZDP0X4FJ4","1","X","K","Z","D","P","0","X","4","F","J","4",1,1,57,"000594","57000594",3,6,3,1,0,0,0,0,0,0,0,35,0,0,0,8,6,2,12,0,0,0,1,8,80401,6,1,6,1,3,0,72,200,0,0,0,0,1,11,2014,11,2014,0,0,0,0,0,1,5,30,1,1,2,1,0,0,1,66,16,2,1,89,"1E1H5Z2835RA","777777777777","777777777777",0,0
8,80350,1,1,1,28,8,20,50,8,0,1,1,8,2,7,25,7025,5,2008,"1B3HB68F08D6","1","B","3","H","B","6","8","F","0","8","D","6",0,0,0,"000000000","00000000000",0,0,0,1,0,0,0,0,0,0,0,83,0,0,0,12,6,2,8,0,0,0,1,8,80219,6,2,0,0,3,2,67,180,0,0,0,0,0,0,0,0,0,3,8,36,74,91,2,2,35,1,1,1,1,0,0,1,80,1,1,1,13,"777777777777","777777777777","777777777777",0,0
8,80351,1,1,1,5,8,9,57,8,0,1,0,8,1,20,16,20016,4,2000,"1G1JC5245Y71","1","G","1","J","C","5","2","4","5","Y","7","1",0,0,0,"000000000","00000000000",0,0,0,1,0,0,0,0,0,0,0,998,0,0,0,12,0,5,8,0,0,0,1,8,80538,6,1,0,0,3,1,67,155,0,0,0,0,0,0,0,0,0,0,6,0,0,0,1,5,35,1,1,2,1,2,3,10,80,1,1,1,13,"777777777777","777777777777","777777777777",0,0
8,80352,1,6,1,27,8,18,33,12,8,1,0,8,1,49,472,49472,30,2005,"5TETU62N55Z1","5","T","E","T","U","6","2","N","5","5","Z","1",0,0,0,"000000000","00000000000",0,0,0,1,0,0,0,0,0,0,0,998,0,1,2,11,6,2,12,0,0,1,1,8,80134,4,1,0,0,2,0,69,140,0,2,0,0,0,1,2015,8,2016,5,8,36,51,0,2,3,55,1,1,2,1,0,0,3,54,1,1,1,66,"777777777777","777777777777","777777777777",1,1
8,80352,2,6,2,27,8,18,33,12,8,1,0,8,2,12,24,12024,6,2016,"2FMPK4AP6GBB","2","F","M","P","K","4","A","P","6","G","B","B",0,0,0,"000000000","00000000000",0,0,0,1,0,0,0,0,0,0,0,60,0,0,0,7,2,3,12,0,0,0,1,8,80116,6,1,0,0,3,0,65,185,0,0,0,0,0,0,0,0,0,0,0,0,0,0,2,3,55,1,1,2,1,0,0,1,54,7,1,1,66,"777777777777","777777777777","777777777777",0,0
8,80352,3,6,2,27,8,18,33,12,8,1,0,8,2,32,402,32402,14,2015,"WA1LFAFP0FA0","W","A","1","L","F","A","F","P","0","F","A","0",0,0,0,"000000000","00000000000",0,0,0,1,0,0,0,0,0,0,0,55,0,0,0,12,6,2,12,0,0,0,1,8,80116,6,1,0,0,3,0,66,158,0,0,0,1,0,8,2012,8,2012,0,0,0,0,0,2,3,55,1,1,2,1,0,0,1,54,1,1,1,98,"777777777777","777777777777","777777777777",0,0
8,80352,4,6,2,27,8,18,33,12,8,1,0,8,1,72,706,72706,80,2008,"1HD1FB4148Y6","1","H","D","1","F","B","4","1","4","8","Y","6",0,0,0,"000000000","00000000000",0,0,0,1,0,0,0,0,0,0,0,55,0,0,0,0,6,2,12,0,0,0,1,8,81007,6,1,0,0,3,0,77,240,1,0,0,0,1,2,2012,2,2012,0,0,0,0,0,2,3,55,1,1,2,1,0,0,1,54,16,2,1,98,"777777777777","777777777777","777777777777",0,0
8,80352,5,6,2,27,8,18,33,12,8,1,0,8,2,30,51,30051,1,2012,"WVWBW7AH1CV0","W","V","W","B","W","7","A","H","1","C","V","0",0,0,0,"000000000","00000000000",0,0,0,1,0,0,0,0,0,0,0,55,0,0,0,13,6,2,39,0,0,0,1,8,80016,6,1,0,0,3,0,74,170,0,0,0,0,1,11,2012,11,2012,0,0,0,0,0,2,3,55,1,1,2,1,0,0,1,54,1,1,1,98,"777777777777","777777777777","777777777777",0,0
8,80352,6,6,2,27,8,18,33,12,8,1,0,8,1,12,24,12024,6,2012,"2FMDK4KCXCBA","2","F","M","D","K","4","K","C","X","C","B","A",0,0,0,"000000000","00000000000",0,0,0,1,0,0,0,0,0,0,0,55,0,0,0,12,2,3,54,0,0,0,1,8,80108,6,1,0,0,3,3,64,200,0,0,0,1,0,9,2013,9,2013,0,0,0,0,0,2,3,55,1,1,2,1,0,0,1,91,6,1,1,98,"777777777777","777777777777","777777777777",0,0
8,80353,1,1,1,3,8,20,35,8,0,1,0,8,1,12,481,12481,31,2005,"1FTPW12575KE","1","F","T","P","W","1","2","5","7","5","K","E",0,0,0,"000000000","00000000000",0,0,0,1,0,0,0,0,0,0,0,998,0,0,0,12,2,5,8,0,0,0,1,8,81401,6,1,0,0,3,0,73,340,0,0,0,0,0,0,0,0,0,0,0,0,0,0,1,5,35,1,1,2,1,0,0,1,80,16,1,1,13,"777777777777","777777777777","777777777777",0,0
8,80354,1,1,1,26,8,17,0,8,0,1,0,8,3,85,881,85881,66,2014,"1XKDD49X3EJ3","1","X","K","D","D","4","9","X","3","E","J","3",1,1,57,"00868634","5700868634",3,6,4,1,0,0,0,0,0,0,0,5,0,0,0,4,0,5,8,0,0,0,1,8,80016,6,1,6,1,3,0,70,210,0,0,0,0,0,0,0,0,0,0,0,0,0,0,2,3,35,1,1,2,1,40,3,11,80,1,1,1,13,"5C2BB34B0CM0","777777777777","777777777777",0,0
8,80355,1,1,1,23,3,1,34,8,0,1,1,99,9,99,999,99999,99,9999,"999999999999","9","9","9","9","9","9","9","9","9","9","9","9",0,0,0,"000000000","00000000000",0,0,0,1,0,0,0,0,0,0,0,40,0,0,0,12,9,5,8,0,0,0,1,99,99999,9,9,99,0,9,9,999,999,99,99,99,99,99,99,9999,99,9999,0,0,0,0,0,2,2,45,1,5,2,2,0,0,1,80,1,1,1,13,"777777777777","777777777777","777777777777",0,0
8,80356,1,4,1,7,6,16,16,12,1,1,0,6,3,84,881,84881,66,2011,"3HSCUAPR5BN3","3","H","S","C","U","A","P","R","5","B","N","3",1,1,57,"2496431","572496431",3,6,1,1,0,0,0,0,0,0,0,65,0,0,0,12,6,2,12,0,0,0,1,6,90680,6,1,6,1,3,3,73,275,2,0,0,0,0,2,2012,4,2015,0,6,0,0,0,2,3,65,1,5,2,2,0,0,1,52,16,2,1,28,"3H3V532C4ET1","777777777777","777777777777",0,0
8,80356,2,4,1,7,6,16,16,12,1,1,0,8,1,49,40,49040,4,2004,"4T1BE32K84U8","4","T","1","B","E","3","2","K","8","4","U","8",0,0,0,"000000000","00000000000",0,0,0,1,0,0,0,0,0,0,0,25,0,0,0,6,6,2,12,0,0,0,1,8,80226,6,1,0,0,3,0,75,200,0,0,0,0,0,0,0,0,0,0,0,0,0,0,2,3,65,1,5,2,1,0,0,2,53,16,1,1,29,"777777777777","777777777777","777777777777",0,0
8,80356,3,4,1,7,6,16,16,12,1,1,0,8,1,49,401,49401,14,2003,"JTEBU14R2300","J","T","E","B","U","1","4","R","2","3","0","0",0,0,0,"000000000","00000000000",0,0,0,1,0,0,0,0,0,0,0,25,0,0,0,6,6,2,12,0,0,0,1,8,80401,6,1,0,0,3,3,69,200,0,0,0,0,0,0,0,0,0,0,0,0,0,0,2,3,65,1,5,2,1,0,0,2,53,16,1,1,98,"777777777777","777777777777","777777777777",1,0
8,80356,4,4,3,7,6,16,16,12,1,1,0,8,1,14,36,14036,4,1997,"1MELM13PXVW6","1","M","E","L","M","1","3","P","X","V","W","6",0,0,0,"000000000","00000000000",0,0,0,1,0,0,0,0,0,0,0,25,0,0,0,6,4,5,12,0,0,0,1,8,80003,6,1,0,0,3,3,75,205,0,0,0,0,0,0,0,0,0,0,0,0,0,0,2,3,65,1,5,2,1,0,0,2,53,16,1,1,98,"777777777777","777777777777","777777777777",0,0
8,80357,1,2,1,22,8,22,8,12,2,1,0,8,3,49,472,49472,30,2014,"5TFUX4ENXEX0","5","T","F","U","X","4","E","N","X","E","X","0",0,0,0,"000000000","00000000000",0,0,0,1,0,0,0,0,0,0,0,70,0,0,0,12,6,2,12,0,0,0,1,8,80631,6,1,0,0,3,0,70,342,0,0,0,0,0,0,0,0,0,0,6,51,0,0,2,2,65,1,1,2,1,0,0,1,54,1,1,1,52,"777777777777","777777777777","777777777777",1,1
8,80357,2,2,1,22,8,22,8,12,2,1,0,8,2,63,32,63032,4,2006,"KNADE1231661","K","N","A","D","E","1","2","3","1","6","6","1",0,0,0,"000000000","00000000000",0,0,0,1,0,0,0,0,0,0,0,60,0,0,0,12,6,2,12,0,0,0,1,8,80023,6,1,0,0,3,0,63,120,0,0,0,0,1,2,2013,2,2013,0,0,0,0,0,2,2,65,1,1,2,1,0,0,1,54,16,2,1,52,"777777777777","777777777777","777777777777",1,1
8,80358,1,2,3,1,9,20,41,8,0,1,0,8,1,23,421,23421,15,2005,"1GKEK13TX5J2","1","G","K","E","K","1","3","T","X","5","J","2",0,0,0,"000000000","00000000000",0,0,0,1,0,0,0,0,0,0,0,37,0,0,0,2,2,5,8,0,0,0,1,8,81007,6,1,0,0,3,1,64,165,0,0,0,0,0,0,0,0,0,0,0,0,0,0,2,5,65,1,1,2,1,0,0,1,80,1,1,1,13,"777777777777","777777777777","777777777777",0,0
8,80358,2,2,1,1,9,20,41,8,0,1,0,8,1,20,431,20431,16,2002,"3GNFK16Z42G2","3","G","N","F","K","1","6","Z","4","2","G","2",0,0,0,"000000000","00000000000",0,0,0,1,0,0,0,0,0,0,0,28,0,0,0,12,4,5,18,0,0,0,1,8,81008,6,1,0,0,3,0,69,195,0,1,0,0,0,3,2012,3,2012,0,0,0,0,0,2,5,65,1,1,2,1,0,0,1,90,16,2,1,98,"777777777777","777777777777","777777777777",0,0
8,80359,1,2,1,2,9,19,11,12,6,1,0,8,1,37,32,37032,4,1997,"1HGCD5600VA0","1","H","G","C","D","5","6","0","0","V","A","0",0,0,0,"000000000","00000000000",0,0,0,1,0,0,0,0,0,0,0,25,0,0,0,62,6,2,12,0,0,0,1,8,80012,6,1,0,0,3,0,75,180,0,0,0,0,0,0,0,0,0,0,6,39,0,0,1,2,25,1,1,2,1,20,3,1,17,1,1,1,89,"777777777777","777777777777","777777777777",1,1
8,80359,2,2,1,2,9,19,11,12,6,1,0,8,1,12,23,12023,4,2010,"3FAHP0HA5AR1","3","F","A","H","P","0","H","A","5","A","R","1",0,0,0,"000000000","00000000000",0,0,0,1,0,0,0,0,0,0,0,35,0,0,0,12,6,2,12,0,0,0,1,8,80015,6,1,0,0,3,0,62,137,0,1,0,0,0,9,2011,9,2011,0,0,0,0,0,1,5,35,1,5,2,1,0,0,1,66,99,1,1,88,"777777777777","777777777777","777777777777",0,0
8,80360,1,2,3,3,9,19,20,12,2,1,0,8,1,48,34,48034,4,2010,"4S3BMBC69A32","4","S","3","B","M","B","C","6","9","A","3","2",0,0,0,"000000000","00000000000",0,0,0,1,0,0,0,0,0,0,0,65,0,0,0,12,6,2,12,0,0,0,1,8,80132,6,1,0,0,3,0,67,155,0,0,0,0,0,0,0,0,0,0,6,0,0,0,1,3,65,3,5,2,1,0,0,1,10,7,1,2,50,"777777777777","777777777777","777777777777",1,1
8,80360,2,2,4,3,9,19,20,12,2,1,0,8,1,23,422,23422,15,2013,"1GKS2MEF0DR3","1","G","K","S","2","M","E","F","0","D","R","3",0,0,0,"000000000","00000000000",0,0,0,1,0,0,0,0,0,0,0,65,0,0,0,12,6,2,12,0,0,0,1,56,82223,6,1,6,0,3,3,71,165,0,0,0,0,0,0,0,0,0,0,0,0,0,0,1,3,65,2,6,2,1,0,0,14,62,16,1,1,51,"777777777777","777777777777","777777777777",0,0
8,80361,1,1,1,4,9,17,12,1,0,1,0,35,1,72,706,72706,80,1997,"1HD1BKL14VY0","1","H","D","1","B","K","L","1","4","V","Y","0",0,0,0,"000000000","00000000000",0,0,0,1,0,0,0,0,0,0,0,75,0,0,0,0,6,2,1,0,0,0,1,35,87412,6,1,0,0,2,0,62,178,98,0,0,0,0,0,0,0,0,3,36,0,0,0,1,2,55,3,6,2,1,0,0,14,13,8,1,6,98,"777777777777","777777777777","777777777777",1,1
8,80362,1,3,1,4,9,21,13,12,7,1,0,8,1,76,706,76706,80,2015,"MH3RH06Y5FK0","M","H","3","R","H","0","6","Y","5","F","K","0",0,0,0,"000000000","00000000000",0,0,0,1,0,0,0,0,0,0,0,40,0,0,0,62,4,3,1,0,0,0,1,8,80236,6,1,6,0,3,0,72,245,0,3,0,0,4,12,2011,12,2015,0,6,0,0,0,3,4,40,1,1,2,1,0,0,1,10,1,1,1,45,"777777777777","777777777777","777777777777",1,1
8,80362,2,3,1,4,9,21,13,12,7,1,1,99,9,99,999,99999,99,9999,"999999999999","9","9","9","9","9","9","9","9","9","9","9","9",0,0,0,"000000000","00000000000",0,0,0,1,0,0,0,0,0,0,0,40,0,0,0,81,9,5,12,0,0,0,1,99,99999,9,9,99,0,9,9,999,999,99,99,99,99,99,99,9999,99,9999,0,0,0,0,0,3,4,40,1,1,2,1,0,0,1,61,1,1,1,44,"777777777777","777777777777","777777777777",0,0
8,80362,3,3,1,4,9,21,13,12,7,1,1,99,9,99,999,99999,99,9999,"999999999999","9","9","9","9","9","9","9","9","9","9","9","9",0,0,0,"000000000","00000000000",0,0,0,1,0,0,0,0,0,0,0,40,0,0,0,12,9,5,12,0,0,0,1,99,99999,9,9,99,0,9,9,999,999,99,99,99,99,99,99,9999,99,9999,0,0,0,0,0,3,4,40,1,1,2,1,0,0,1,50,1,1,1,98,"777777777777","777777777777","777777777777",0,0
8,80363,1,1,1,4,9,22,43,8,0,1,1,8,1,12,481,12481,31,2006,"1FTPW14V26FB","1","F","T","P","W","1","4","V","2","6","F","B",0,0,0,"000000000","00000000000",0,0,0,1,0,0,0,0,0,0,0,35,0,0,0,12,4,5,8,0,0,0,1,8,80011,6,1,0,0,3,0,67,179,0,0,0,1,1,2,2013,9,2015,0,91,0,0,0,2,3,35,1,1,2,1,2,3,1,80,1,1,1,13,"777777777777","777777777777","777777777777",0,1
8,80364,1,2,1,5,9,1,28,31,0,1,0,8,1,7,481,7481,31,1992,"3B7KM23C4NM5","3","B","7","K","M","2","3","C","4","N","M","5",0,0,0,"000000000","00000000000",0,0,0,1,0,0,0,0,0,0,0,60,0,2,5,12,6,2,1,0,0,0,1,8,81625,6,2,0,0,3,0,69,145,1,0,0,0,0,12,2014,12,2014,0,6,0,0,0,1,2,65,1,1,2,1,0,0,1,12,7,1,4,6,"777777777777","777777777777","777777777777",1,1
8,80364,2,2,1,5,9,1,28,31,0,1,0,8,1,20,481,20481,31,1981,"1GCCC14H7BS1","1","G","C","C","C","1","4","H","7","B","S","1",0,0,0,"000000000","00000000000",0,0,0,1,0,0,0,0,0,0,0,65,0,0,0,12,4,5,54,0,0,0,1,8,81639,6,1,0,0,3,0,73,200,0,0,0,0,0,0,0,0,0,0,0,0,0,0,1,2,65,1,1,2,1,0,0,1,91,16,2,1,98,"777777777777","777777777777","777777777777",0,0
8,80365,1,3,1,5,9,14,33,12,1,1,0,8,1,12,473,12473,30,2007,"1FMEU53847UA","1","F","M","E","U","5","3","8","4","7","U","A",0,0,0,"000000000","00000000000",0,0,0,1,0,0,0,0,0,0,0,60,0,0,0,12,6,2,12,0,0,0,1,8,80917,6,1,0,0,3,3,65,239,0,0,0,1,0,9,2011,9,2011,0,6,0,0,0,1,2,65,1,1,2,1,0,0,1,50,8,1,1,20,"777777777777","777777777777","777777777777",0,0
8,80365,2,3,1,5,9,14,33,12,1,1,0,8,1,35,47,35047,4,2009,"1N4AL21E39N4","1","N","4","A","L","2","1","E","3","9","N","4",0,0,0,"000000000","00000000000",0,0,0,1,0,0,0,0,0,0,0,0,0,0,0,6,6,2,12,0,0,0,1,8,80134,6,1,0,0,3,0,63,150,0,0,0,0,0,0,0,0,0,0,0,0,0,0,1,2,65,1,1,2,1,0,0,5,53,1,1,1,21,"777777777777","777777777777","777777777777",0,0
8,80365,3,3,1,5,9,14,33,12,1,1,0,32,1,53,705,53705,88,2005,"JS1CP51A3521","J","S","1","C","P","5","1","A","3","5","2","1",0,0,0,"000000000","00000000000",0,0,0,1,0,0,0,0,0,0,0,0,0,0,0,6,6,2,12,0,0,0,1,8,80132,6,1,0,0,3,0,71,248,0,0,0,0,0,0,0,0,0,0,0,0,0,0,1,2,65,1,1,2,1,0,0,5,53,1,1,1,98,"777777777777","777777777777","777777777777",1,0
8,80366,1,1,2,5,9,15,59,31,0,1,0,8,1,12,461,12461,21,1997,"1FTHE24L3VHA","1","F","T","H","E","2","4","L","3","V","H","A",0,0,0,"000000000","00000000000",0,0,0,1,0,0,0,0,0,0,0,60,0,2,5,12,6,2,1,0,0,0,1,8,80816,2,1,0,0,2,0,70,210,0,3,1,2,2,6,2013,11,2015,0,6,0,0,0,2,2,60,1,1,2,1,0,0,1,9,7,1,4,6,"777777777777","777777777777","777777777777",1,1
8,80367,1,1,1,5,9,15,56,8,0,1,0,8,1,48,401,48401,14,2015,"JF2SJADC6FH4","J","F","2","S","J","A","D","C","6","F","H","4",0,0,0,"000000000","00000000000",0,0,0,1,0,0,0,0,0,0,0,50,0,0,0,12,2,5,8,0,0,0,1,8,80227,6,1,0,0,3,1,68,250,0,0,0,0,0,0,0,0,0,0,0,0,0,0,1,2,50,1,1,2,1,0,0,1,80,1,1,1,13,"777777777777","777777777777","777777777777",0,0
8,80368,1,1,4,5,9,16,49,1,0,1,0,8,1,63,401,63401,14,2001,"KNDJA7231156","K","N","D","J","A","7","2","3","1","1","5","6",0,0,0,"000000000","00000000000",0,0,0,1,0,0,0,0,0,0,0,75,0,2,3,0,6,2,1,0,0,0,1,8,80206,6,1,0,0,3,1,61,135,0,0,0,0,3,2,2012,7,2014,0,80,0,0,0,2,2,75,1,1,1,1,28,3,1,1,7,4,4,7,"777777777777","777777777777","777777777777",1,0
8,80369,1,2,2,5,9,23,7,12,6,1,0,8,1,6,441,6441,20,2005,"1C8GP45R95B1","1","C","8","G","P","4","5","R","9","5","B","1",0,0,0,"000000000","00000000000",0,0,0,1,0,0,0,0,0,0,0,25,0,0,0,82,6,2,12,0,0,0,1,8,80122,4,1,0,0,2,0,74,195,0,6,0,0,1,9,2012,8,2016,0,6,38,0,0,2,4,55,1,6,1,1,2,3,11,15,1,1,1,68,"777777777777","777777777777","777777777777",0,1
8,80369,2,2,2,5,9,23,7,12,6,1,0,8,2,37,706,37706,80,1990,"1HFSC1802LA5","1","H","F","S","C","1","8","0","2","L","A","5",0,0,0,"000000000","00000000000",0,0,0,1,0,0,0,0,0,0,0,55,0,0,0,12,6,2,12,0,0,0,1,8,80014,6,1,0,0,3,0,69,155,1,0,0,1,3,8,2012,6,2016,0,0,0,0,0,2,4,55,1,1,1,1,2,3,1,62,16,2,1,69,"777777777777","777777777777","777777777777",2,0
8,80370,1,2,1,6,9,9,42,12,2,1,0,8,1,49,472,49472,30,2003,"5TEWM72N73Z1","5","T","E","W","M","7","2","N","7","3","Z","1",0,0,0,"000000000","00000000000",0,0,0,1,0,0,0,0,0,0,0,20,0,0,0,12,6,2,12,0,0,0,1,8,80011,6,1,0,0,3,1,67,135,0,0,0,0,0,0,0,0,0,0,6,38,0,0,1,4,45,1,1,1,1,0,0,11,15,1,1,1,68,"777777777777","777777777777","777777777777",0,0
8,80370,2,2,1,6,9,9,42,12,2,1,0,8,1,37,706,37706,80,2002,"1HFSC47052A1","1","H","F","S","C","4","7","0","5","2","A","1",0,0,0,"000000000","00000000000",0,0,0,1,0,0,0,0,0,0,0,45,0,0,0,12,6,2,12,0,0,0,1,8,80909,6,1,0,0,3,1,70,175,0,0,0,0,0,0,0,0,0,0,0,0,0,0,1,4,45,1,1,1,1,0,0,1,62,1,1,1,69,"777777777777","777777777777","777777777777",1,0
8,80371,1,1,1,1,9,0,21,1,0,1,0,8,1,76,706,76706,80,2008,"JYARN20E68A0","J","Y","A","R","N","2","0","E","6","8","A","0",0,0,0,"000000000","00000000000",0,0,0,1,0,0,0,0,0,0,0,998,0,0,0,0,6,2,59,0,0,0,1,8,80504,6,1,0,0,3,0,68,210,0,0,0,0,0,0,0,0,0,5,36,39,53,0,1,2,45,1,1,2,1,20,3,1,17,16,2,1,98,"777777777777","777777777777","777777777777",1,0
8,80372,1,2,1,6,9,5,59,12,1,1,0,8,1,7,482,7482,31,2008,"3D7KS19D48G1","3","D","7","K","S","1","9","D","4","8","G","1",0,0,0,"000000000","00000000000",0,0,0,1,0,0,0,0,0,0,0,100,0,1,2,12,6,2,25,0,0,0,1,8,80229,6,1,0,0,3,1,73,180,1,3,1,0,1,4,2014,3,2016,3,36,0,0,0,3,4,65,1,5,2,1,0,0,1,50,1,1,1,24,"777777777777","777777777777","777777777777",1,0
8,80372,2,2,2,6,9,5,59,12,1,1,0,8,3,20,481,20481,31,2005,"1GCEC14V35Z3","1","G","C","E","C","1","4","V","3","5","Z","3",0,0,0,"000000000","00000000000",0,0,0,1,0,0,0,0,0,0,0,65,0,0,0,6,6,2,25,0,0,0,1,8,80246,6,1,0,0,3,0,66,155,0,0,0,1,1,3,2014,1,2015,0,0,0,0,0,3,4,65,1,5,2,1,0,0,1,53,1,1,1,25,"777777777777","777777777777","777777777777",0,0
8,80373,1,1,1,8,9,21,0,32,0,1,0,8,1,48,45,48045,6,2003,"4S3BH6759376","4","S","3","B","H","6","7","5","9","3","7","6",0,0,0,"000000000","00000000000",0,0,0,1,0,0,0,0,0,0,0,65,0,1,5,12,6,2,42,0,0,0,1,8,80132,6,1,0,0,3,0,74,180,0,2,0,0,1,2,2014,9,2016,3,36,0,0,0,2,2,50,3,1,2,1,0,0,1,13,16,2,4,1,"777777777777","777777777777","777777777777",1,1
8,80374,1,1,1,8,9,5,20,8,0,1,0,8,1,35,47,35047,4,2002,"1N4AL11D72C1","1","N","4","A","L","1","1","D","7","2","C","1",0,0,0,"000000000","00000000000",0,0,0,1,0,0,0,0,0,0,0,35,0,0,0,12,2,5,8,0,0,0,1,8,80019,6,1,0,0,3,0,75,222,0,0,0,0,2,3,2015,7,2016,0,0,0,0,0,1,1,45,1,1,2,1,1,3,1,80,1,1,1,13,"777777777777","777777777777","777777777777",0,0
8,80375,1,1,1,8,9,0,51,32,0,1,0,8,1,12,443,12443,20,2006,"2FTZA54686BA","2","F","T","Z","A","5","4","6","8","6","B","A",0,0,0,"000000000","00000000000",0,0,0,1,0,0,0,0,0,0,0,15,0,0,0,12,6,2,2,0,0,1,1,8,81050,6,1,0,0,3,3,63,249,0,0,0,1,0,5,2013,5,2013,0,6,0,0,0,1,2,30,1,1,2,1,0,0,1,12,1,1,4,6,"777777777777","777777777777","777777777777",1,1
8,80376,1,1,1,9,9,7,46,15,0,1,0,8,2,12,401,12401,14,1996,"1FMDU35P3TZB","1","F","M","D","U","3","5","P","3","T","Z","B",0,0,0,"000000000","00000000000",0,0,0,1,0,0,0,0,0,0,0,30,0,0,0,12,6,2,15,0,0,0,1,8,80214,6,2,0,0,3,0,64,160,0,0,0,0,0,0,0,0,0,0,0,0,0,0,1,2,30,1,1,2,1,0,0,1,83,16,1,1,13,"777777777777","777777777777","777777777777",0,0
8,80377,1,1,1,10,9,4,49,24,0,1,0,8,3,85,881,85881,66,2015,"1XKYDP9XXFJ4","1","X","K","Y","D","P","9","X","X","F","J","4",1,1,57,"954120","57954120",3,6,1,1,0,0,0,0,0,0,0,55,0,2,5,1,6,2,1,0,0,0,1,8,80452,6,1,6,1,3,1,68,190,0,0,0,0,0,0,0,0,0,0,6,0,0,0,1,2,55,3,6,2,1,28,3,1,13,1,1,4,1,"1JJV533W87L0","777777777777","777777777777",1,0
8,80378,1,2,4,10,9,9,15,12,6,1,0,8,4,2,407,2407,14,2016,"1C4NJRBB1GD6","1","C","4","N","J","R","B","B","1","G","D","6",0,0,0,"000000000","00000000000",0,0,0,1,0,0,0,0,0,0,0,45,0,1,5,81,6,2,12,0,0,0,1,48,76107,6,1,0,0,3,0,999,999,0,0,0,1,0,10,2012,10,2012,0,6,39,0,0,1,5,45,1,5,2,1,20,3,1,17,1,1,1,87,"777777777777","777777777777","777777777777",1,0
8,80378,2,2,1,10,9,9,15,12,6,1,0,8,1,7,482,7482,31,2008,"3D3KS28D48G1","3","D","3","K","S","2","8","D","4","8","G","1",0,0,0,"000000000","00000000000",0,0,0,1,0,0,0,0,0,0,0,60,0,0,0,12,6,2,12,0,0,0,1,8,80602,6,1,0,0,3,0,73,300,0,1,0,0,0,1,2012,1,2012,0,0,0,0,0,1,5,60,1,6,2,1,0,0,1,66,16,1,1,86,"777777777777","777777777777","777777777777",0,0