"STATE","ST_CASE","VEH_NO","VE_FORMS","NUMOCCS","DAY","MONTH","HOUR","MINUTE","HARM_EV","MAN_COLL","UNITTYPE","HIT_RUN","REG_STAT","OWNER","MAKE","MODEL","MAK_MOD","BODY_TYP","MOD_YEAR","VIN","VIN_1","VIN_2","VIN_3","VIN_4","VIN_5","VIN_6","VIN_7","VIN_8","VIN_9","VIN_10","VIN_11","VIN_12","TOW_VEH","J_KNIFE","MCARR_I1","MCARR_I2","MCARR_ID","GVWR","V_CONFIG","CARGO_BT","HAZ_INV","HAZ_PLAC","HAZ_ID","HAZ_CNO","HAZ_REL","BUS_USE","SPEC_USE","EMER_USE","TRAV_SP","UNDERIDE","ROLLOVER","ROLINLOC","IMPACT1","DEFORMED","TOWED","M_HARM","VEH_SC1","VEH_SC2","FIRE_EXP","DR_PRES","L_STATE","DR_ZIP","L_STATUS","L_TYPE","CDL_STAT","L_ENDORS","L_COMPL","L_RESTRI","DR_HGT","DR_WGT","PREV_ACC","PREV_SUS","PREV_DWI","PREV_SPD","PREV_OTH","FIRST_MO","FIRST_YR","LAST_MO","LAST_YR","SPEEDREL","DR_SF1","DR_SF2","DR_SF3","DR_SF4","VTRAFWAY","VNUM_LAN","VSPD_LIM","VALIGN","VPROFILE","VPAVETYP","VSURCOND","VTRAFCON","VTCONT_F","P_CRASH1","P_CRASH2","P_CRASH3","PCRASH4","PCRASH5","ACC_TYPE","TRLR1VIN","TRLR2VIN","TRLR3VIN","DEATHS","DR_DRINK"
8,80488,1,3,1,12,8,12,55,12,6,1,0,8,1,48,401,48401,14,2002,"JF1SF63562H7","J","F","1","S","F","6","3","5","6","2","H","7",0,0,0,"000000000","00000000000",0,0,0,1,0,0,0,0,0,0,0,15,0,0,0,81,6,2,12,0,0,0,1,8,80907,6,1,0,0,3,2,64,122,0,0,0,0,0,0,0,0,0,0,6,38,74,0,1,8,40,1,1,2,1,2,3,11,15,99,1,1,68,"777777777777","777777777777","777777777777",1,0
8,80488,2,3,1,12,8,12,55,12,6,1,0,8,2,48,45,48045,6,2008,"4S4BP60C0873","4","S","4","B","P","6","0","C","0","8","7","3",0,0,0,"000000000","00000000000",0,0,0,1,0,0,0,0,0,0,0,40,0,0,0,12,6,2,12,0,0,0,1,8,80909,6,1,0,0,3,0,68,135,0,0,0,1,1,11,2014,3,2015,0,0,0,0,0,2,4,40,1,1,2,1,2,3,1,62,99,1,1,69,"777777777777","777777777777","777777777777",0,0
8,80488,3,3,1,12,8,12,55,12,6,1,0,8,1,49,403,49403,14,2004,"JTEEP21A9400","J","T","E","E","P","2","1","A","9","4","0","0",0,0,0,"000000000","00000000000",0,0,0,1,0,0,0,0,0,0,0,0,0,0,0,12,6,2,12,0,0,0,1,8,80919,6,1,0,0,3,0,64,124,0,0,0,0,0,0,0,0,0,0,0,0,0,0,1,4,35,1,1,2,1,2,3,5,66,1,1,1,98,"777777777777","777777777777","777777777777",0,0
8,80489,1,1,6,16,8,7,0,38,0,1,0,8,1,6,54,6054,6,2005,"2C8GF48485R3","2","C","8","G","F","4","8","4","8","5","R","3",0,0,0,"000000000","00000000000",0,0,0,1,0,0,0,0,0,0,0,70,0,1,6,12,6,2,1,0,0,0,1,8,80631,6,1,0,0,3,0,67,130,0,0,0,0,0,0,0,0,0,0,6,0,0,0,2,2,65,1,1,2,1,0,0,1,9,99,3,4,2,"777777777777","777777777777","777777777777",1,0
8,80490,1,1,1,17,8,19,15,15,0,1,0,8,1,49,32,49032,4,2004,"1NXBR32E04Z2","1","N","X","B","R","3","2","E","0","4","Z","2",0,0,0,"000000000","00000000000",0,0,0,1,0,0,0,0,0,0,0,35,0,0,0,12,4,3,15,0,0,0,1,8,80113,6,1,0,0,3,3,68,135,0,0,0,0,0,0,0,0,0,0,6,0,0,0,2,3,35,1,1,2,1,2,3,1,83,16,2,1,13,"777777777777","777777777777","777777777777",0,0
8,80491,1,3,1,20,9,10,2,12,2,1,0,8,1,37,402,37402,14,2003,"JHLRD788X3C0","J","H","L","R","D","7","8","8","X","3","C","0",0,0,0,"000000000","00000000000",0,0,0,1,0,0,0,0,0,0,0,50,0,0,0,12,6,2,12,0,0,0,1,8,80109,6,2,0,0,3,0,65,105,0,0,0,0,0,0,0,0,0,3,8,33,36,0,1,2,35,2,1,1,1,0,0,6,51,6,1,2,58,"777777777777","777777777777","777777777777",1,1
8,80491,2,3,2,20,9,10,2,12,2,1,0,8,2,20,481,20481,31,1999,"1GCEK19T8XE2","1","G","C","E","K","1","9","T","8","X","E","2",0,0,0,"000000000","00000000000",0,0,0,1,0,0,0,0,0,0,0,32,0,0,0,61,6,2,12,0,0,0,1,8,80109,6,2,0,0,3,0,75,155,0,0,0,0,0,0,0,0,0,0,0,0,0,0,1,2,35,2,1,1,1,0,0,14,53,99,1,1,98,"777777777777","777777777777","777777777777",0,0
8,80491,3,3,1,20,9,10,2,12,2,1,0,8,3,84,881,84881,63,1994,"1HTSDPNN3RH5","1","H","T","S","D","P","N","N","3","R","H","5",0,0,57,"1378849","571378849",3,1,1,1,0,0,0,0,0,0,0,35,0,0,0,12,6,2,12,0,0,0,1,8,80118,6,1,6,1,3,3,67,167,0,0,0,0,0,0,0,0,0,0,0,0,0,0,1,2,35,3,1,1,1,0,0,14,62,99,1,1,59,"777777777777","777777777777","777777777777",0,0
8,80492,1,1,1,1,11,18,55,57,0,1,0,8,1,2,403,2403,14,1997,"1J4FY29P9VP4","1","J","4","F","Y","2","9","P","9","V","P","4",0,0,0,"000000000","00000000000",0,0,0,1,0,0,0,0,0,0,0,70,0,1,3,62,6,2,1,0,0,0,1,8,80134,6,1,0,0,3,0,73,130,0,0,0,0,1,2,2012,2,2012,0,6,0,0,0,3,2,65,3,5,1,1,0,0,14,12,7,1,4,6,"777777777777","777777777777","777777777777",1,0
8,80493,1,1,2,4,11,13,9,1,0,1,0,8,1,12,471,12471,30,2000,"1FTYR10C2YPA","1","F","T","Y","R","1","0","C","2","Y","P","A",0,0,0,"000000000","00000000000",0,0,0,1,0,0,0,0,0,0,0,65,0,2,5,0,6,2,1,0,0,0,1,8,81226,6,1,0,0,3,3,68,160,0,0,0,0,0,0,0,0,0,0,6,0,0,0,2,2,65,1,1,2,1,0,0,1,9,1,3,4,2,"777777777777","777777777777","777777777777",1,0
8,80494,1,1,1,5,11,18,44,8,0,1,0,8,1,35,402,35402,14,2002,"5N1ED28Y22C5","5","N","1","E","D","2","8","Y","2","2","C","5",0,0,0,"000000000","00000000000",0,0,0,1,0,0,0,0,0,0,0,50,0,0,0,12,6,2,8,0,0,0,1,8,81005,6,1,0,0,3,3,69,220,0,0,0,0,0,0,0,0,0,0,0,0,0,0,1,2,45,1,1,2,1,0,0,1,80,1,1,1,13,"777777777777","777777777777","777777777777",0,0
8,80495,1,1,1,6,11,20,15,8,0,1,0,8,1,35,402,35402,14,2010,"5N1AN0NU1AC5","5","N","1","A","N","0","N","U","1","A","C","5",0,0,0,"000000000","00000000000",0,0,0,1,0,0,0,0,0,0,0,50,0,0,0,12,4,5,8,0,0,0,1,8,80249,6,1,0,0,3,0,67,160,0,0,0,0,2,3,2012,12,2012,0,0,0,0,0,2,2,65,1,5,1,1,0,0,1,80,1,1,1,13,"777777777777","777777777777","777777777777",0,0
8,80496,1,1,2,6,11,21,32,8,0,1,0,8,1,37,421,37421,15,2009,"5FNYF48239B0","5","F","N","Y","F","4","8","2","3","9","B","0",0,0,0,"000000000","00000000000",0,0,0,1,0,0,0,0,0,0,0,45,0,0,0,12,6,2,8,0,0,0,1,8,80125,6,1,0,0,3,3,69,165,0,0,0,0,1,12,2012,12,2012,0,6,0,0,0,2,4,45,1,1,2,1,2,3,1,80,1,1,1,13,"777777777777","777777777777","777777777777",0,1
8,80497,1,1,1,4,11,20,50,8,0,1,0,8,1,12,23,12023,4,2006,"3FAHP08156R2","3","F","A","H","P","0","8","1","5","6","R","2",0,0,0,"000000000","00000000000",0,0,0,1,0,0,0,0,0,0,0,40,0,0,0,12,4,3,8,0,0,0,1,8,80501,6,1,0,0,3,0,67,180,0,0,0,0,1,7,2012,7,2012,0,6,38,0,0,2,2,35,1,1,2,1,21,3,1,80,99,1,1,13,"777777777777","777777777777","777777777777",0,0
8,80498,1,1,2,4,11,14,20,31,0,1,0,8,1,20,481,20481,31,2004,"1GCHK23214F2","1","G","C","H","K","2","3","2","1","4","F","2",0,0,0,"000000000","00000000000",0,0,0,1,0,0,0,0,0,0,0,85,0,2,5,8,6,2,1,0,0,0,1,8,81050,6,1,0,0,3,3,70,160,0,0,0,2,0,5,2015,4,2016,3,36,0,0,0,2,2,75,1,1,1,1,0,0,1,12,7,1,4,6,"777777777777","777777777777","777777777777",1,0
8,80499,1,2,1,3,11,12,14,12,6,1,0,8,1,37,41,37041,3,2011,"JHMZF1D65BS0","J","H","M","Z","F","1","D","6","5","B","S","0",0,0,0,"000000000","00000000000",0,0,0,1,0,0,0,0,0,0,0,10,0,0,0,82,6,2,12,0,0,0,1,8,80229,6,1,0,0,3,0,70,140,0,0,0,0,0,0,0,0,0,0,6,38,0,0,1,5,45,1,1,2,1,2,3,11,15,1,1,1,68,"777777777777","777777777777","777777777777",1,0
8,80499,2,2,1,3,11,12,14,12,6,1,0,8,3,84,881,84881,66,2009,"2HSCUAPR79C0","2","H","S","C","U","A","P","R","7","9","C","0",1,1,57,"466144","57466144",3,6,11,1,0,0,0,0,0,0,0,35,0,0,0,12,6,2,12,0,0,0,1,8,80123,6,1,6,1,3,0,70,220,0,0,0,1,0,4,2014,4,2014,0,0,0,0,0,1,6,35,1,1,2,1,2,3,1,62,1,1,1,69,"2HSCUAPR79C0","777777777777","777777777777",0,0
8,80500,1,2,1,5,11,15,56,12,6,1,0,48,2,72,706,72706,80,2014,"1HD1HHH16EC8","1","H","D","1","H","H","H","1","6","E","C","8",0,0,0,"000000000","00000000000",0,0,0,1,0,0,0,0,0,0,0,998,0,0,0,12,6,2,12,0,0,0,1,8,80911,6,1,0,0,3,0,72,215,0,0,0,0,0,0,0,0,0,5,36,0,0,0,1,7,40,1,5,2,1,2,3,1,62,9,1,1,69,"777777777777","777777777777","777777777777",1,0
8,80500,2,2,2,5,11,15,56,12,6,1,0,8,1,30,40,30040,4,2000,"3VWSC29M3YM1","3","V","W","S","C","2","9","M","3","Y","M","1",0,0,0,"000000000","00000000000",0,0,0,1,0,0,0,0,0,0,0,998,0,0,0,4,6,2,12,0,0,0,1,8,80910,6,1,0,0,3,0,70,185,0,0,0,0,0,0,0,0,0,0,0,0,0,0,1,7,40,1,6,2,1,2,3,11,15,1,1,1,68,"777777777777","777777777777","777777777777",0,0
8,80501,1,1,2,3,11,7,10,8,0,1,0,8,1,34,34,34034,2,2007,"WBAWC33547PD","W","B","A","W","C","3","3","5","4","7","P","D",0,0,0,"000000000","00000000000",0,0,0,1,0,0,0,0,0,0,0,35,0,0,0,12,4,3,8,0,0,0,1,8,80247,6,1,0,0,3,0,66,135,0,0,0,2,1,5,2013,7,2014,0,0,0,0,0,2,2,35,1,1,2,1,2,3,1,80,1,1,1,13,"777777777777","777777777777","777777777777",0,0
8,80502,1,1,1,9,11,16,24,8,0,1,0,8,1,2,404,2404,14,2004,"1J4GW48S74C3","1","J","4","G","W","4","8","S","7","4","C","3",0,0,0,"000000000","00000000000",0,0,0,1,0,0,0,0,0,0,0,998,0,0,0,12,6,2,8,0,0,0,1,8,80922,6,2,0,0,3,2,74,195,0,0,0,0,0,0,0,0,0,9,6,74,0,0,1,2,25,3,1,2,1,0,0,14,80,1,1,1,13,"777777777777","777777777777","777777777777",0,0
8,80503,1,1,1,8,11,18,5,8,0,1,0,8,2,23,481,23481,31,1990,"2GTEC19K4L15","2","G","T","E","C","1","9","K","4","L","1","5",0,0,0,"000000000","00000000000",0,0,0,1,0,0,0,0,0,0,0,35,0,0,0,12,4,3,8,0,0,0,1,8,80030,6,1,0,0,3,0,62,125,0,0,0,0,0,0,0,0,0,0,0,0,0,0,5,4,30,1,1,2,1,0,0,1,80,16,2,1,13,"777777777777","777777777777","777777777777",0,0
8,80504,1,1,1,11,11,1,48,33,0,1,0,8,2,73,706,73706,80,1983,"JKAKZDF15DA0","J","K","A","K","Z","D","F","1","5","D","A","0",0,0,0,"000000000","00000000000",0,0,0,1,0,0,0,0,0,0,0,30,0,0,0,12,6,2,33,0,0,0,1,8,80205,2,8,0,0,2,0,75,200,0,8,1,0,0,1,2012,6,2015,4,6,8,0,0,6,1,30,2,1,1,1,2,3,10,12,7,1,4,6,"777777777777","777777777777","777777777777",1,1
8,80505,1,1,1,12,11,19,1,1,0,1,0,8,1,35,401,35401,14,2004,"JN8DR09Y24W9","J","N","8","D","R","0","9","Y","2","4","W","9",0,0,0,"000000000","00000000000",0,0,0,1,0,0,0,0,0,0,0,65,0,2,5,0,6,2,1,0,0,0,1,8,80440,6,1,0,0,3,0,69,145,0,0,0,1,0,6,2016,6,2016,0,6,58,0,0,1,2,65,1,6,2,1,0,0,1,13,8,4,4,7,"777777777777","777777777777","777777777777",1,0
8,80506,1,1,1,13,11,13,23,9,0,1,0,8,1,35,51,35051,6,2016,"KNMAT2MV5GP6","K","N","M","A","T","2","M","V","5","G","P","6",0,0,0,"000000000","00000000000",0,0,0,1,0,0,0,0,0,0,0,46,0,0,0,12,6,2,9,0,0,0,1,8,80016,6,1,0,0,3,3,69,168,0,1,1,1,3,3,2012,3,2016,0,6,39,0,0,2,3,40,1,1,2,1,2,3,1,83,1,1,1,13,"777777777777","777777777777","777777777777",0,0
8,80507,1,1,1,14,11,19,10,8,0,1,0,8,1,63,402,63402,14,2009,"KNDJC7351958","K","N","D","J","C","7","3","5","1","9","5","8",0,0,0,"000000000","00000000000",0,0,0,1,0,0,0,0,0,0,0,30,0,0,0,12,2,5,8,0,0,0,1,8,80209,6,1,0,0,3,0,69,185,0,0,0,0,2,4,2013,1,2015,0,0,0,0,0,4,3,30,1,1,2,1,2,3,1,80,15,1,1,13,"777777777777","777777777777","777777777777",0,0
8,80508,1,2,1,14,11,11,39,12,1,1,0,8,1,20,34,20034,3,1996,"2C1MR2264T67","2","C","1","M","R","2","2","6","4","T","6","7",0,0,0,"000000000","00000000000",0,0,0,1,0,0,0,0,0,0,0,50,1,0,0,12,6,2,12,0,0,0,1,8,80542,6,1,0,0,3,1,69,195,0,0,0,0,0,0,0,0,0,0,6,26,0,0,3,2,65,1,1,2,1,40,3,1,50,9,2,1,20,"777777777777","777777777777","777777777777",1,0
8,80508,2,2,2,14,11,11,39,12,1,1,0,8,3,84,881,84881,62,2011,"1HTMMAAL0BH3","1","H","T","M","M","A","A","L","0","B","H","3",0,0,57,"1429624","571429624",2,1,1,1,0,0,0,0,0,0,0,0,0,0,0,6,4,5,12,0,0,0,1,8,80220,6,1,0,0,3,0,74,220,0,0,0,1,5,10,2012,3,2016,0,0,0,0,0,3,2,65,1,1,2,1,0,0,5,53,1,1,1,21,"777777777777","777777777777","777777777777",0,0
8,80509,1,1,1,14,11,17,55,46,0,1,0,8,2,37,402,37402,14,2000,"JHLRD1863YC0","J","H","L","R","D","1","8","6","3","Y","C","0",0,0,0,"000000000","00000000000",0,0,0,1,0,0,0,0,0,0,0,55,0,0,0,12,6,2,46,0,0,0,1,12,81301,6,1,0,0,3,3,68,999,0,0,0,0,0,0,0,0,0,0,6,0,0,0,2,4,50,2,1,2,1,2,3,1,13,1,1,4,1,"777777777777","777777777777","777777777777",1,1
8,80510,1,1,4,10,11,5,24,1,0,1,0,8,2,63,441,63441,20,2002,"KNDUP1319263","K","N","D","U","P","1","3","1","9","2","6","3",0,0,0,"000000000","00000000000",0,0,0,1,0,0,0,0,0,0,0,60,0,2,5,0,6,2,1,0,0,0,1,56,82001,6,1,0,0,3,0,62,140,0,0,0,0,0,0,0,0,0,0,6,0,0,0,1,2,65,1,1,2,1,0,0,1,13,1,1,4,1,"777777777777","777777777777","777777777777",1,0
8,80511,1,2,1,17,11,11,30,12,6,1,0,8,1,48,401,48401,14,2013,"JF2SHABC7DH4","J","F","2","S","H","A","B","C","7","D","H","4",0,0,0,"000000000","00000000000",0,0,0,1,0,0,0,0,0,0,0,5,0,1,5,62,6,2,12,0,0,0,1,8,80224,6,1,0,0,3,0,65,148,0,0,0,0,2,6,2014,4,2016,0,6,48,53,0,6,2,55,2,5,1,2,0,0,12,21,1,1,2,98,"777777777777","777777777777","777777777777",1,0
8,80511,2,2,1,17,11,11,30,12,6,1,0,8,3,85,881,85881,66,2005,"1XKDDB9X05J1","1","X","K","D","D","B","9","X","0","5","J","1",1,1,57,"2390679","572390679",3,6,4,1,0,0,0,0,0,0,0,55,0,0,0,12,4,5,12,0,0,0,1,35,80022,6,1,0,2,2,2,66,195,98,0,0,1,1,9,2012,4,2013,0,74,0,0,0,6,2,55,2,5,1,2,0,0,14,61,16,2,1,98,"4EPBB32232MS","777777777777","777777777777",0,0
8,80512,1,1,1,5,11,16,33,8,0,1,0,8,3,12,481,12481,31,2008,"1FTSW21558ED","1","F","T","S","W","2","1","5","5","8","E","D",1,1,0,"000000000","00000000000",0,0,0,1,0,0,0,0,0,0,0,15,0,0,0,12,0,5,8,0,0,0,1,8,80010,6,1,4,0,3,0,61,180,0,0,0,1,1,1,2013,3,2014,0,0,0,0,0,2,5,40,1,1,2,1,0,0,1,80,1,1,1,13,"888888888888","777777777777","777777777777",0,0
8,80513,1,3,1,16,11,15,20,12,1,1,0,8,1,6,441,6441,20,2006,"2A4GP54L96R8","2","A","4","G","P","5","4","L","9","6","R","8",0,0,0,"000000000","00000000000",0,0,0,1,0,0,0,0,0,0,0,40,0,0,0,12,6,2,12,0,0,0,1,8,80610,6,1,0,0,3,0,68,190,0,0,0,0,0,0,0,0,0,0,6,0,0,0,2,2,65,1,1,2,1,0,0,1,50,16,1,1,20,"777777777777","777777777777","777777777777",0,0
8,80513,2,3,1,16,11,15,20,12,1,1,0,8,2,22,18,22018,2,2000,"1G2NF12T6YM7","1","G","2","N","F","1","2","T","6","Y","M","7",0,0,0,"000000000","00000000000",0,0,0,1,0,0,0,0,0,0,0,0,0,0,0,6,6,2,12,0,0,0,1,8,80513,6,1,0,0,3,0,66,140,0,0,0,1,1,6,2013,9,2015,0,0,0,0,0,2,2,65,1,1,2,1,0,0,5,53,1,1,1,21,"777777777777","777777777777","777777777777",1,0
8,80513,3,3,1,16,11,15,20,12,1,1,0,8,3,20,481,20481,31,2014,"3GCUKREHXEG4","3","G","C","U","K","R","E","H","X","E","G","4",0,0,0,"000000000","00000000000",0,0,0,1,0,0,0,0,0,0,0,998,0,0,0,12,6,2,12,0,0,0,1,8,80033,6,1,0,0,3,3,67,165,1,0,0,0,1,6,2014,12,2014,0,0,0,0,0,2,1,65,1,1,2,1,0,0,1,62,1,1,1,98,"777777777777","777777777777","777777777777",0,0
8,80514,1,1,1,19,11,3,2,42,0,1,0,8,1,12,3,12003,2,2014,"1ZVBP8AM4E52","1","Z","V","B","P","8","A","M","4","E","5","2",0,0,0,"000000000","00000000000",0,0,0,1,0,0,0,0,0,0,0,51,0,0,0,12,6,2,42,0,0,0,1,8,81416,6,1,0,0,3,0,70,150,0,0,0,0,0,0,0,0,0,3,36,0,0,0,1,2,30,3,6,2,4,0,0,1,6,8,4,4,1,"777777777777","777777777777","777777777777",1,0
8,80515,1,1,2,19,11,1,40,1,0,1,0,8,1,2,403,2403,14,1999,"1J4FY19S1XP4","1","J","4","F","Y","1","9","S","1","X","P","4",1,1,0,"000000000","00000000000",0,0,0,1,0,0,0,0,0,0,0,65,0,2,5,0,6,2,1,0,0,0,1,8,80543,6,1,0,0,3,0,75,275,0,0,0,0,0,0,0,0,0,0,6,0,0,0,1,2,65,1,6,2,1,0,0,1,12,6,1,4,6,"16HPB14217K0","777777777777","777777777777",2,1
8,80516,1,1,1,15,11,22,52,8,0,1,0,8,1,37,441,37441,20,2001,"2HKRL185X1H5","2","H","K","R","L","1","8","5","X","1","H","5",0,0,0,"000000000","00000000000",0,0,0,1,0,0,0,0,0,0,0,40,0,0,0,12,2,5,8,0,0,0,1,8,80204,6,1,0,0,3,0,65,230,0,0,0,0,1,12,2014,12,2014,0,0,0,0,0,2,3,30,1,1,2,1,0,0,1,80,16,1,1,13,"777777777777","777777777777","777777777777",0,0
8,80517,1,3,1,17,11,21,15,12,2,1,0,8,1,48,34,48034,6,1999,"4S3BG6855X76","4","S","3","B","G","6","8","5","5","X","7","6",0,0,0,"000000000","00000000000",0,0,0,1,0,0,0,0,0,0,0,45,0,0,0,12,6,2,12,0,0,0,1,8,80538,6,1,0,0,3,3,71,235,0,0,0,0,1,11,2014,11,2014,4,87,0,0,0,2,2,65,2,1,1,4,0,0,14,6,7,2,7,50,"777777777777","777777777777","777777777777",0,0
8,80517,2,3,3,17,11,21,15,12,2,1,0,8,1,35,47,35047,4,2009,"1N4AL21E19N4","1","N","4","A","L","2","1","E","1","9","N","4",0,0,0,"000000000","00000000000",0,0,0,1,0,0,0,0,0,0,0,45,0,0,0,12,6,2,12,0,0,0,1,8,80634,6,1,0,0,3,0,65,160,0,0,0,0,0,0,0,0,0,0,0,0,0,0,2,2,65,3,1,1,4,0,0,14,64,99,1,1,51,"777777777777","777777777777","777777777777",1,0
8,80517,3,3,1,17,11,21,15,12,2,1,0,8,1,49,32,49032,4,2004,"JTDBR32E5420","J","T","D","B","R","3","2","E","5","4","2","0",0,0,0,"000000000","00000000000",0,0,0,1,0,0,0,0,0,0,0,40,0,0,0,1,6,2,12,0,0,0,1,8,80013,6,2,0,0,3,0,66,124,0,0,0,0,0,0,0,0,0,0,0,0,0,0,2,2,65,3,1,1,4,0,0,14,61,6,1,1,98,"777777777777","777777777777","777777777777",0,0
8,80518,1,2,1,17,11,23,32,12,6,1,1,8,1,12,481,12481,31,2008,"1FTRX12WX8KD","1","F","T","R","X","1","2","W","X","8","K","D",0,0,0,"000000000","00000000000",0,0,0,1,0,0,0,0,0,0,0,998,0,0,0,12,4,3,12,0,0,0,1,8,80910,6,1,6,0,3,0,68,168,1,0,0,0,2,5,2013,10,2016,0,6,38,91,0,2,4,50,1,1,2,1,2,3,11,15,1,1,1,68,"777777777777","777777777777","777777777777",0,1
8,80518,2,2,2,17,11,23,32,12,6,1,0,8,2,12,422,12422,15,2001,"1FMPU18L61LB","1","F","M","P","U","1","8","L","6","1","L","B",0,0,0,"000000000","00000000000",0,0,0,1,0,0,0,0,0,0,0,998,0,1,1,61,6,2,12,0,0,0,1,8,80906,0,0,0,0,0,0,999,999,0,0,0,0,0,0,0,0,0,0,0,0,0,0,2,4,50,1,1,2,1,2,3,1,62,1,1,1,69,"777777777777","777777777777","777777777777",1,0
8,80519,1,2,1,24,11,3,4,12,2,1,0,8,1,2,405,2405,14,2004,"1J4GL48K94W1","1","J","4","G","L","4","8","K","9","4","W","1",0,0,0,"000000000","00000000000",0,0,0,1,0,0,0,0,0,0,0,53,0,0,0,12,6,2,12,0,0,0,1,8,80621,6,1,0,0,3,3,71,195,0,4,1,0,1,5,2012,5,2015,0,36,51,91,0,3,3,75,1,1,1,1,0,0,1,54,1,1,1,52,"777777777777","777777777777","777777777777",0,1
8,80519,2,2,2,24,11,3,4,12,2,1,0,8,2,48,46,48046,3,2013,"JF1ZCAC19D16","J","F","1","Z","C","A","C","1","9","D","1","6",0,0,0,"000000000","00000000000",0,0,0,1,0,0,0,0,0,0,0,72,0,0,0,12,6,2,12,0,0,0,1,8,80550,6,2,0,0,3,3,69,145,0,0,0,0,0,0,0,0,0,0,0,0,0,0,3,3,75,1,1,1,1,0,0,1,54,1,1,1,52,"777777777777","777777777777","777777777777",1,0
8,80520,1,1,1,25,11,1,50,1,0,1,0,8,1,2,404,2404,14,2004,"1J4GW48S14C2","1","J","4","G","W","4","8","S","1","4","C","2",0,0,0,"000000000","00000000000",0,0,0,1,0,0,0,0,0,0,0,70,0,2,5,0,6,2,1,0,0,0,1,8,81007,6,1,0,0,3,0,69,145,0,1,1,3,0,1,2012,1,2016,0,6,58,0,0,1,2,65,1,1,2,1,0,0,1,9,6,4,4,2,"777777777777","777777777777","777777777777",1,1
8,80521,1,1,1,25,11,13,50,8,0,1,0,8,3,82,881,82881,66,2012,"1FUJGBDV6CSB","1","F","U","J","G","B","D","V","6","C","S","B",1,1,57,"358597","57358597",3,6,1,1,0,0,0,0,0,0,0,55,0,0,0,12,2,3,8,0,0,0,1,8,80204,6,1,6,1,3,0,66,160,0,0,0,0,0,0,0,0,0,0,6,0,0,0,3,3,75,1,1,1,1,0,0,1,80,1,1,4,13,"1UYVS12888U3","777777777777","777777777777",0,0
8,80522,1,1,2,25,11,14,23,42,0,1,0,8,1,12,401,12401,14,1996,"1FMEU15N6TLB","1","F","M","E","U","1","5","N","6","T","L","B",0,0,0,"000000000","00000000000",0,0,0,1,0,0,0,0,0,0,0,40,0,0,0,61,6,2,42,0,0,0,1,8,80433,6,1,0,0,3,1,74,220,0,0,0,0,0,0,0,0,0,0,6,0,0,0,1,2,40,1,5,2,4,40,3,1,5,1,3,4,7,"777777777777","777777777777","777777777777",1,1
8,80523,1,2,1,29,11,5,25,12,6,1,0,8,1,34,34,34034,4,1995,"4USCC7322SLA","4","U","S","C","C","7","3","2","2","S","L","A",0,0,0,"000000000","00000000000",0,0,0,1,0,0,0,0,0,0,0,998,0,0,0,83,6,2,12,0,0,0,1,8,80011,6,1,0,0,3,0,69,147,0,1,0,1,2,1,2013,11,2014,5,6,8,0,0,2,4,45,3,1,1,1,0,0,14,6,99,4,7,66,"777777777777","777777777777","777777777777",1,0
8,80523,2,2,1,29,11,5,25,12,6,1,0,8,1,63,38,63038,5,2010,"KNAFU4A28A58","K","N","A","F","U","4","A","2","8","A","5","8",0,0,0,"000000000","00000000000",0,0,0,1,0,0,0,0,0,0,0,998,0,0,0,12,6,2,12,0,0,0,1,8,80601,6,1,0,0,3,3,68,175,0,0,0,0,0,0,0,0,0,0,0,0,0,0,2,3,45,2,1,1,1,0,0,14,64,99,1,1,66,"777777777777","777777777777","777777777777",0,0
8,80524,1,3,1,11,11,22,11,8,0,1,0,8,1,37,32,37032,4,2002,"1HGCG16562A0","1","H","G","C","G","1","6","5","6","2","A","0",0,0,0,"000000000","00000000000",0,0,0,1,0,0,0,0,0,0,0,60,0,0,0,12,4,5,8,0,0,0,1,8,80239,6,1,0,0,3,1,72,180,0,0,0,0,0,0,0,0,0,0,0,0,0,0,3,4,65,1,1,1,1,28,3,1,80,16,1,1,13,"777777777777","777777777777","777777777777",0,0
8,80524,2,3,1,11,11,22,11,8,0,1,0,18,3,51,881,51881,66,2017,"4V4MC9EG0HN9","4","V","4","M","C","9","E","G","0","H","N","9",1,1,57,"179522","57179522",3,6,1,1,0,0,0,0,0,0,0,60,0,0,0,14,0,5,18,0,0,0,1,8,80020,6,1,6,1,3,1,68,195,0,0,0,0,1,6,2012,6,2012,0,0,0,0,0,3,4,65,1,1,1,1,28,3,1,90,6,1,1,98,"1UYVS2484GU7","777777777777","777777777777",0,0
8,80524,3,3,1,11,11,22,11,8,0,1,0,8,0,20,404,20404,14,2011,"2CNFLGE53B63","2","C","N","F","L","G","E","5","3","B","6","3",0,0,0,"000000000","00000000000",0,0,0,1,0,0,0,0,0,0,0,60,0,0,0,14,2,5,18,0,0,0,1,8,80214,6,1,0,0,3,1,72,250,0,0,0,1,0,5,2014,5,2014,0,0,0,0,0,3,4,65,1,1,1,1,28,3,1,90,1,1,1,98,"777777777777","777777777777","777777777777",0,0
8,80525,1,1,3,25,11,18,43,1,0,1,0,8,2,20,421,20421,15,1999,"1GNEC13R4XJ4","1","G","N","E","C","1","3","R","4","X","J","4",0,0,0,"000000000","00000000000",0,0,0,1,0,0,0,0,0,0,0,45,0,2,1,0,6,2,1,0,0,0,1,8,80011,0,0,0,0,0,0,999,999,0,0,0,0,0,0,0,0,0,0,6,58,0,0,1,2,45,1,1,2,1,0,0,1,11,6,4,6,98,"777777777777","777777777777","777777777777",2,1
8,80526,1,1,1,30,11,17,20,9,0,1,0,48,3,82,881,82881,66,2007,"1FUJBBCK77LY","1","F","U","J","B","B","C","K","7","7","L","Y",1,1,57,"02368410","5702368410",3,6,1,1,0,0,0,0,0,0,0,10,0,0,0,3,0,5,9,0,0,0,1,8,80017,6,1,6,1,3,0,68,197,0,0,0,0,2,2,2014,5,2016,0,0,0,0,0,2,5,35,1,1,2,1,2,3,10,83,1,1,1,13,"1JJV532W86L9","777777777777","777777777777",0,0