"STATE","ST_CASE","VEH_NO","VE_FORMS","NUMOCCS","DAY","MONTH","HOUR","MINUTE","HARM_EV","MAN_COLL","UNITTYPE","HIT_RUN","REG_STAT","OWNER","MAKE","MODEL","MAK_MOD","BODY_TYP","MOD_YEAR","VIN","VIN_1","VIN_2","VIN_3","VIN_4","VIN_5","VIN_6","VIN_7","VIN_8","VIN_9","VIN_10","VIN_11","VIN_12","TOW_VEH","J_KNIFE","MCARR_I1","MCARR_I2","MCARR_ID","GVWR","V_CONFIG","CARGO_BT","HAZ_INV","HAZ_PLAC","HAZ_ID","HAZ_CNO","HAZ_REL","BUS_USE","SPEC_USE","EMER_USE","TRAV_SP","UNDERIDE","ROLLOVER","ROLINLOC","IMPACT1","DEFORMED","TOWED","M_HARM","VEH_SC1","VEH_SC2","FIRE_EXP","DR_PRES","L_STATE","DR_ZIP","L_STATUS","L_TYPE","CDL_STAT","L_ENDORS","L_COMPL","L_RESTRI","DR_HGT","DR_WGT","PREV_ACC","PREV_SUS","PREV_DWI","PREV_SPD","PREV_OTH","FIRST_MO","FIRST_YR","LAST_MO","LAST_YR","SPEEDREL","DR_SF1","DR_SF2","DR_SF3","DR_SF4","VTRAFWAY","VNUM_LAN","VSPD_LIM","VALIGN","VPROFILE","VPAVETYP","VSURCOND","VTRAFCON","VTCONT_F","P_CRASH1","P_CRASH2","P_CRASH3","PCRASH4","PCRASH5","ACC_TYPE","TRLR1VIN","TRLR2VIN","TRLR3VIN","DEATHS","DR_DRINK"
8,80527,1,2,1,11,11,13,32,12,6,1,0,8,1,53,706,53706,80,2001,"JS1VS53A1121","J","S","1","V","S","5","3","A","1","1","2","1",0,0,0,"000000000","00000000000",0,0,0,1,0,0,0,0,0,0,0,65,0,0,0,12,6,2,12,0,0,0,1,8,81005,6,1,0,0,2,0,67,225,0,2,0,1,1,3,2012,6,2015,3,36,0,0,0,2,2,35,1,1,2,1,2,3,1,62,16,2,1,69,"777777777777","777777777777","777777777777",1,1
8,80527,2,2,1,11,11,13,32,12,6,1,0,8,1,55,33,55033,4,2011,"5NPEB4AC9BH1","5","N","P","E","B","4","A","C","9","B","H","1",0,0,0,"000000000","00000000000",0,0,0,1,0,0,0,0,0,0,0,10,0,0,0,3,6,2,12,0,0,0,1,8,81004,6,1,0,0,3,3,68,180,0,0,0,0,0,0,0,0,0,0,0,0,0,0,2,3,35,1,1,2,1,2,3,11,15,1,1,1,68,"777777777777","777777777777","777777777777",0,0
8,80528,1,2,2,16,11,17,19,12,1,1,0,8,1,20,37,20037,4,2010,"1G1ZC5EB9AF2","1","G","1","Z","C","5","E","B","9","A","F","2",0,0,0,"000000000","00000000000",0,0,0,1,0,0,0,0,0,0,0,55,0,0,0,12,6,2,12,0,0,0,1,8,80917,6,1,0,0,3,1,71,170,0,0,0,0,0,0,0,0,0,0,6,26,0,0,2,3,55,1,6,2,1,0,0,1,50,99,1,1,20,"777777777777","777777777777","777777777777",1,0
8,80528,2,2,1,16,11,17,19,12,1,1,0,8,1,20,404,20404,14,2013,"2GNFLNEK0D63","2","G","N","F","L","N","E","K","0","D","6","3",0,0,0,"000000000","00000000000",0,0,0,1,0,0,0,0,0,0,0,0,0,0,0,6,6,2,12,0,0,0,1,8,80917,6,1,0,0,3,2,64,217,0,0,0,0,0,0,0,0,0,0,74,0,0,0,2,3,55,1,6,2,1,0,0,5,53,1,1,1,21,"777777777777","777777777777","777777777777",0,0
8,80529,1,1,1,11,8,18,10,38,0,1,0,8,1,22,2,22002,4,1995,"1G2HX52K4S42","1","G","2","H","X","5","2","K","4","S","4","2",0,0,0,"000000000","00000000000",0,0,0,1,0,0,0,0,0,0,0,40,0,1,6,12,6,2,1,0,0,0,1,8,80537,6,1,0,0,3,3,60,120,0,0,0,2,0,12,2013,9,2015,0,6,0,0,0,1,2,40,1,5,5,1,0,0,1,13,99,1,4,1,"777777777777","777777777777","777777777777",1,0
8,80530,1,1,1,27,9,21,20,59,0,1,0,8,1,23,481,23481,31,1982,"1GTGK24MXCJ5","1","G","T","G","K","2","4","M","X","C","J","5",0,0,0,"000000000","00000000000",0,0,0,1,0,0,0,0,0,0,0,998,0,0,0,12,6,2,39,0,0,0,1,8,80525,6,1,0,0,3,1,66,165,0,0,0,0,0,0,0,0,0,9,6,0,0,0,5,5,55,1,1,1,1,0,0,1,12,1,1,4,6,"777777777777","777777777777","777777777777",1,0
8,80531,1,1,1,2,12,0,57,35,0,1,0,8,2,63,31,63031,4,2000,"KNAFB1216Y58","K","N","A","F","B","1","2","1","6","Y","5","8",0,0,0,"000000000","00000000000",0,0,0,1,0,0,0,0,0,0,0,55,0,1,5,6,6,2,1,0,0,0,1,8,80022,0,0,0,0,0,0,65,130,0,10,2,0,2,5,2014,8,2016,0,6,0,0,0,6,1,55,1,1,1,1,0,0,1,9,1,4,4,7,"777777777777","777777777777","777777777777",1,1
8,80532,1,1,2,5,12,17,56,30,0,1,0,8,1,12,402,12402,14,2011,"1FMCU9EG1BKB","1","F","M","C","U","9","E","G","1","B","K","B",0,0,0,"000000000","00000000000",0,0,0,1,0,0,0,0,0,0,0,70,0,1,5,12,6,2,2,0,0,1,1,8,80516,6,1,0,0,3,3,71,185,0,0,0,0,0,0,0,0,0,3,8,36,0,0,1,2,45,3,1,2,1,0,0,1,13,16,2,4,1,"777777777777","777777777777","777777777777",1,1
8,80533,1,1,3,4,12,19,57,8,0,1,1,8,2,12,402,12402,14,2008,"1FMCU93Z48KA","1","F","M","C","U","9","3","Z","4","8","K","A",0,0,0,"000000000","00000000000",0,0,0,1,0,0,0,0,0,0,0,998,0,0,0,12,4,5,8,0,0,0,1,8,80903,0,0,0,0,0,0,72,180,0,3,0,0,1,1,2015,6,2016,0,0,0,0,0,2,3,40,1,6,2,1,0,0,17,80,9,1,2,13,"777777777777","777777777777","777777777777",0,0
8,80534,1,1,1,3,12,11,42,33,0,1,0,8,1,2,405,2405,14,2004,"1J4GL48K94W2","1","J","4","G","L","4","8","K","9","4","W","2",0,0,0,"000000000","00000000000",0,0,0,1,0,0,0,0,0,0,0,45,0,0,0,12,6,2,8,0,0,0,1,8,80229,6,1,0,0,3,0,63,175,1,0,0,0,0,8,2012,8,2012,0,6,29,0,0,2,5,55,1,1,2,1,2,3,1,13,1,1,4,1,"777777777777","777777777777","777777777777",0,0
8,80535,1,4,2,8,12,14,48,12,1,1,0,8,1,7,26,7026,4,2012,"1C3CDZCB6CN2","1","C","3","C","D","Z","C","B","6","C","N","2",0,0,0,"000000000","00000000000",0,0,0,1,0,0,0,0,0,0,0,40,0,0,0,12,6,2,12,0,0,0,1,8,80537,6,1,0,0,3,0,73,175,1,0,0,0,0,7,2015,7,2015,0,6,0,0,0,2,5,55,1,1,1,2,2,3,1,50,1,1,1,20,"777777777777","777777777777","777777777777",2,0
8,80535,2,4,1,8,12,14,48,12,1,1,0,8,1,55,401,55401,14,2011,"5XYZHDAG5BG0","5","X","Y","Z","H","D","A","G","5","B","G","0",0,0,0,"000000000","00000000000",0,0,0,1,0,0,0,0,0,0,0,0,0,0,0,6,6,2,12,0,0,0,1,8,80023,6,1,0,0,3,3,67,185,0,0,0,0,0,0,0,0,0,0,0,0,0,0,2,5,55,1,1,1,2,2,3,5,53,1,1,1,21,"777777777777","777777777777","777777777777",0,0
8,80535,3,4,1,8,12,14,48,12,1,1,0,8,1,12,481,12481,31,1986,"2FTJW36H6GCB","2","F","T","J","W","3","6","H","6","G","C","B",0,0,0,"000000000","00000000000",0,0,0,1,0,0,0,0,0,0,0,0,0,0,0,6,4,5,12,0,0,0,1,8,80303,6,1,0,0,3,0,76,210,0,2,0,1,1,5,2012,9,2016,0,0,0,0,0,2,5,55,1,1,1,2,2,3,5,53,1,1,1,98,"777777777777","777777777777","777777777777",0,0
8,80535,4,4,1,8,12,14,48,12,1,1,0,8,1,12,37,12037,4,2006,"1FAFP34N56W1","1","F","A","F","P","3","4","N","5","6","W","1",0,0,0,"000000000","00000000000",0,0,0,1,0,0,0,0,0,0,0,0,0,0,0,6,4,5,12,0,0,0,1,8,80503,6,1,0,0,3,3,64,140,0,0,0,0,1,6,2015,6,2015,0,0,0,0,0,2,5,55,1,1,1,2,2,3,5,53,1,1,1,98,"777777777777","777777777777","777777777777",0,0
8,80536,1,1,1,9,12,21,50,8,0,1,0,8,1,20,9,20009,1,2011,"2G1FC3DD5B91","2","G","1","F","C","3","D","D","5","B","9","1",0,0,0,"000000000","00000000000",0,0,0,1,0,0,0,0,0,0,0,998,0,0,0,12,4,5,8,0,0,0,1,8,80525,6,1,0,0,3,1,73,195,1,0,0,0,0,2,2014,2,2014,0,0,0,0,0,5,5,55,1,6,2,1,0,0,1,80,1,1,1,13,"777777777777","777777777777","777777777777",0,0
8,80537,1,2,1,10,12,17,29,12,6,1,0,8,1,3,402,3402,14,2007,"5GTDN13E3782","5","G","T","D","N","1","3","E","3","7","8","2",0,0,0,"000000000","00000000000",0,0,0,1,0,0,0,0,0,0,0,10,0,0,0,3,6,2,12,0,0,0,1,8,80227,6,1,0,0,3,0,63,120,0,0,0,1,0,8,2016,8,2016,0,6,38,0,0,5,6,35,1,1,2,1,0,0,11,15,1,1,1,68,"777777777777","777777777777","777777777777",0,0
8,80537,2,2,1,10,12,17,29,12,6,1,0,8,2,73,706,73706,80,2003,"JKAZX2F143A0","J","K","A","Z","X","2","F","1","4","3","A","0",0,0,0,"000000000","00000000000",0,0,0,1,0,0,0,0,0,0,0,55,0,0,0,12,6,2,12,0,0,0,1,8,80228,6,1,0,0,2,0,68,165,0,0,0,0,0,0,0,0,0,3,36,0,0,0,5,6,35,1,1,2,1,0,0,1,62,99,1,1,69,"777777777777","777777777777","777777777777",1,0
8,80538,1,1,1,13,12,0,45,59,0,1,0,8,3,87,881,87881,66,2012,"1XPHD49X1CD1","1","X","P","H","D","4","9","X","1","C","D","1",1,1,57,"185185","57185185",3,6,1,1,0,0,0,0,0,0,0,55,0,1,6,12,6,2,1,0,0,0,1,8,80204,6,1,6,1,3,1,74,180,0,1,0,3,0,6,2013,8,2016,0,6,0,0,0,1,2,55,3,1,2,1,0,0,1,13,1,1,4,1,"1JJV532W67L0","777777777777","777777777777",1,0
8,80539,1,1,1,20,12,18,5,9,0,1,0,8,2,7,442,7442,20,2005,"1D4GP24RX5B2","1","D","4","G","P","2","4","R","X","5","B","2",0,0,0,"000000000","00000000000",0,0,0,1,0,0,0,0,0,0,0,45,0,0,0,12,6,2,9,0,0,0,1,8,81144,6,1,0,0,3,3,68,140,0,0,0,0,0,0,0,0,0,0,0,0,0,0,2,3,55,1,1,2,1,0,0,1,83,1,1,1,13,"777777777777","777777777777","777777777777",0,0
8,80540,1,1,3,15,12,3,31,11,0,1,0,8,2,20,37,20037,4,2001,"1G1ND52J4161","1","G","1","N","D","5","2","J","4","1","6","1",0,0,0,"000000000","00000000000",0,0,0,1,0,0,0,0,0,0,0,75,0,0,0,12,6,2,11,0,0,0,1,8,80026,6,2,0,0,3,0,73,193,0,0,0,0,1,5,2016,5,2016,0,83,0,0,0,2,2,75,1,5,2,1,0,0,1,87,1,1,1,13,"777777777777","777777777777","777777777777",1,0
8,80541,1,1,1,15,12,21,25,59,0,1,0,4,2,49,472,49472,30,2007,"5TELU42N07Z4","5","T","E","L","U","4","2","N","0","7","Z","4",0,0,0,"000000000","00000000000",0,0,0,1,0,0,0,0,0,0,0,55,0,1,5,12,6,2,1,0,0,0,1,8,80624,2,1,0,0,2,2,75,240,0,3,1,0,0,2,2016,9,2016,0,6,74,0,0,1,2,55,3,1,2,1,0,0,1,13,1,1,4,1,"777777777777","777777777777","777777777777",1,1
8,80542,1,1,1,21,12,18,45,15,0,1,0,8,1,48,45,48045,6,2008,"4S4BP61C7873","4","S","4","B","P","6","1","C","7","8","7","3",0,0,0,"000000000","00000000000",0,0,0,1,0,0,0,0,0,0,0,30,0,0,0,12,2,3,15,0,0,0,1,8,80237,6,1,0,0,3,0,70,165,0,0,0,0,0,0,0,0,0,0,6,91,0,0,1,3,30,1,1,2,1,0,0,1,83,1,1,1,13,"777777777777","777777777777","777777777777",0,1
8,80543,1,3,2,22,12,13,22,12,7,1,0,8,1,63,441,63441,20,2005,"KNDUP1322567","K","N","D","U","P","1","3","2","2","5","6","7",0,0,0,"000000000","00000000000",0,0,0,1,0,0,0,0,0,0,0,75,0,1,1,1,6,2,1,0,0,0,1,8,81089,6,1,0,0,3,1,61,170,0,0,0,0,0,0,0,0,0,0,6,26,58,0,3,3,75,1,5,2,1,0,0,1,51,6,1,1,48,"777777777777","777777777777","777777777777",2,0
8,80543,2,3,1,22,12,13,22,12,7,1,0,8,2,36,38,36038,3,2013,"3C3CFFAR7DT5","3","C","3","C","F","F","A","R","7","D","T","5",0,0,0,"000000000","00000000000",0,0,0,1,0,0,0,0,0,0,0,60,0,0,0,63,6,2,12,0,0,0,1,8,80906,6,1,0,0,3,1,72,200,0,0,0,0,0,0,0,0,0,0,0,0,0,0,3,3,75,1,5,2,1,0,0,1,51,1,1,1,48,"777777777777","777777777777","777777777777",0,0
8,80543,3,3,1,22,12,13,22,12,7,1,0,28,3,82,881,82881,66,2004,"1FUJA6CG94LM","1","F","U","J","A","6","C","G","9","4","L","M",1,1,57,"169877","57169877",3,6,1,1,0,0,0,0,0,0,0,60,0,0,0,12,6,2,12,0,0,0,1,28,39337,6,1,6,1,3,1,76,265,98,0,0,1,0,9,2015,9,2015,0,0,0,0,0,3,3,75,1,5,2,1,0,0,1,60,1,1,1,98,"3H3V532C7VT0","777777777777","777777777777",0,0
8,80544,1,2,1,22,12,14,22,12,6,1,0,92,0,98,701,98701,88,2016,"L9NTEACX2G15","L","9","N","T","E","A","C","X","2","G","1","5",0,0,0,"000000000","00000000000",0,0,0,1,0,0,0,0,0,0,0,25,0,0,0,12,4,3,12,0,0,0,1,8,80302,6,1,0,0,2,0,70,250,1,0,0,0,0,8,2014,8,2014,0,6,8,33,39,1,4,40,1,1,2,1,2,3,6,17,7,1,2,69,"777777777777","777777777777","777777777777",1,0
8,80544,2,2,2,22,12,14,22,12,6,1,0,8,1,49,402,49402,14,2009,"JTMBK31VX9D0","J","T","M","B","K","3","1","V","X","9","D","0",0,0,0,"000000000","00000000000",0,0,0,1,0,0,0,0,0,0,0,10,0,0,0,83,4,5,12,0,0,0,1,8,80303,6,1,0,0,3,0,73,210,0,0,0,0,0,0,0,0,0,0,0,0,0,0,2,3,35,1,1,2,1,2,3,11,63,99,1,1,68,"777777777777","777777777777","777777777777",0,0
8,80545,1,2,1,22,12,22,35,12,2,1,0,53,1,12,481,12481,31,2009,"1FTPW14V09FA","1","F","T","P","W","1","4","V","0","9","F","A",1,3,0,"000000000","00000000000",0,0,0,1,0,0,0,0,0,0,0,45,0,1,2,12,6,2,12,0,0,0,1,53,99004,6,1,6,0,3,0,72,210,0,0,0,0,1,12,2014,12,2014,0,6,51,0,0,2,2,75,1,1,2,1,0,0,1,54,1,1,1,52,"14HU122081WR","777777777777","777777777777",1,0
8,80545,2,2,2,22,12,22,35,12,2,1,0,8,1,23,401,23401,14,1999,"1GKDT13W8X25","1","G","K","D","T","1","3","W","8","X","2","5",0,0,0,"000000000","00000000000",0,0,0,1,0,0,0,0,0,0,0,75,0,1,1,12,6,2,12,0,0,0,1,8,80925,6,1,0,0,3,0,65,140,0,0,0,0,0,0,0,0,0,0,0,0,0,0,2,2,75,1,1,2,1,0,0,1,54,7,1,1,52,"777777777777","777777777777","777777777777",2,0
8,80546,1,1,1,22,12,23,25,1,0,1,0,8,2,12,481,12481,31,2004,"1FTPW14534KD","1","F","T","P","W","1","4","5","3","4","K","D",0,0,0,"000000000","00000000000",0,0,0,1,0,0,0,0,0,0,0,75,0,2,5,0,6,2,35,0,0,0,1,8,80643,6,2,0,0,3,3,67,125,0,0,0,0,0,0,0,0,0,0,6,52,58,0,1,2,65,1,1,2,1,0,0,1,11,7,3,4,2,"777777777777","777777777777","777777777777",1,1
8,80547,1,1,4,23,12,8,0,1,0,1,0,31,1,20,2,20002,4,2004,"2G1WH52K3494","2","G","1","W","H","5","2","K","3","4","9","4",0,0,0,"000000000","00000000000",0,0,0,1,0,0,0,0,0,0,0,80,0,2,3,0,6,2,1,0,0,0,1,31,69101,3,1,0,0,2,2,62,115,1,0,0,0,0,3,2014,3,2014,0,6,74,0,0,2,2,75,1,1,1,1,0,0,1,12,7,4,4,7,"777777777777","777777777777","777777777777",1,0
8,80548,1,2,2,23,12,20,10,12,7,1,0,8,1,20,4,20004,2,2004,"1G1YY22G7451","1","G","1","Y","Y","2","2","G","7","4","5","1",0,0,0,"000000000","00000000000",0,0,0,1,0,0,0,0,0,0,0,60,0,0,0,11,6,2,12,0,0,0,1,8,80603,6,1,0,0,3,1,67,150,0,1,0,2,8,3,2013,11,2016,2,8,36,58,0,1,2,45,1,1,2,1,0,0,3,6,11,4,2,45,"777777777777","777777777777","777777777777",0,0
8,80548,2,2,1,23,12,20,10,12,7,1,0,8,2,12,481,12481,31,2005,"1FTPW145X5FB","1","F","T","P","W","1","4","5","X","5","F","B",0,0,0,"000000000","00000000000",0,0,0,1,0,0,0,0,0,0,0,60,0,1,6,83,6,2,1,0,0,0,1,8,80234,6,1,0,0,3,0,69,190,0,0,0,0,0,0,0,0,0,0,0,0,0,0,1,2,45,1,1,2,1,0,0,6,61,11,1,2,44,"777777777777","777777777777","777777777777",1,0
8,80549,1,2,1,24,12,20,18,12,1,1,0,56,2,12,471,12471,30,1987,"1FTBR10T0HUA","1","F","T","B","R","1","0","T","0","H","U","A",0,0,0,"000000000","00000000000",0,0,0,1,0,0,0,0,0,0,0,75,0,0,0,12,6,2,12,0,0,0,1,8,80538,0,0,0,0,0,0,999,999,0,7,1,0,1,2,2012,10,2016,3,36,0,0,0,2,3,50,1,6,2,1,2,3,3,51,1,1,1,24,"777777777777","777777777777","777777777777",1,1
8,80549,2,2,1,24,12,20,18,12,1,1,0,8,3,98,988,98988,52,2014,"1N9351035EA1","1","N","9","3","5","1","0","3","5","E","A","1",0,0,57,"0412431","570412431",3,21,22,1,0,0,0,0,6,3,0,35,0,0,0,6,4,5,12,0,0,0,1,8,80538,6,1,6,1,3,3,68,240,0,0,0,1,0,2,2014,2,2014,0,0,0,0,0,2,3,50,1,6,2,1,2,3,2,53,1,1,1,25,"777777777777","777777777777","777777777777",0,0
8,80550,1,1,3,26,12,5,53,1,0,1,0,8,2,7,482,7482,31,1997,"3B7HF13Z0VG8","3","B","7","H","F","1","3","Z","0","V","G","8",0,0,0,"000000000","00000000000",0,0,0,1,0,0,0,0,0,0,0,65,0,2,3,0,6,2,1,0,0,0,1,8,81505,6,1,0,0,3,3,71,240,0,0,0,0,0,0,0,0,0,4,6,0,0,0,2,2,75,3,5,2,4,0,0,14,6,9,4,4,7,"777777777777","777777777777","777777777777",1,0
8,80551,1,1,4,27,12,7,20,24,0,1,0,8,2,35,472,35472,30,2013,"1N6AD0EV5DN7","1","N","6","A","D","0","E","V","5","D","N","7",0,0,0,"000000000","00000000000",0,0,0,1,0,0,0,0,0,0,0,90,0,1,5,12,6,2,1,0,0,0,1,8,80022,6,1,0,0,3,3,72,220,1,1,0,0,3,4,2014,8,2015,3,8,33,36,0,3,2,65,1,1,2,1,0,0,17,6,9,3,4,2,"777777777777","777777777777","777777777777",1,0
8,80552,1,5,2,28,12,12,15,12,8,1,0,8,1,19,431,19431,16,2003,"1GYEK63N93R1","1","G","Y","E","K","6","3","N","9","3","R","1",0,0,0,"000000000","00000000000",0,0,0,1,0,0,0,0,0,0,0,87,0,0,0,61,6,2,12,0,0,0,1,8,80026,6,1,0,0,3,0,74,210,0,0,0,1,0,7,2013,7,2013,3,8,35,36,0,1,3,65,3,6,2,1,0,0,6,51,11,1,2,64,"777777777777","777777777777","777777777777",0,0
8,80552,2,5,1,28,12,12,15,12,8,1,0,8,1,49,40,49040,4,2010,"4T1BK3EK1AU5","4","T","1","B","K","3","E","K","1","A","U","5",0,0,0,"000000000","00000000000",0,0,0,1,0,0,0,0,0,0,0,67,1,0,0,61,6,2,12,0,0,0,1,8,81144,6,1,0,0,3,3,64,135,0,0,0,0,0,0,0,0,0,0,0,0,0,0,1,3,65,2,5,2,1,0,0,14,62,9,1,1,65,"777777777777","777777777777","777777777777",1,0
8,80552,3,5,1,28,12,12,15,12,8,1,0,1,3,82,881,82881,66,2015,"3AKJGLD51FSG","3","A","K","J","G","L","D","5","1","F","S","G",1,1,57,"196787","57196787",3,6,1,1,0,0,0,0,0,0,0,55,0,0,0,8,2,5,12,0,0,0,1,1,35967,6,1,6,1,3,0,76,300,0,0,0,0,0,0,0,0,0,0,0,0,0,0,1,3,65,2,5,2,1,0,0,14,60,7,1,1,98,"1GRAA06217S7","777777777777","777777777777",0,0
8,80552,4,5,4,28,12,12,15,12,8,1,0,48,1,34,401,34401,14,2015,"5UXKR2C51F0H","5","U","X","K","R","2","C","5","1","F","0","H",0,0,0,"000000000","00000000000",0,0,0,1,0,0,0,0,0,0,0,65,0,1,5,12,6,2,12,0,0,0,1,48,76258,6,1,6,0,3,0,999,999,0,0,0,1,0,4,2012,4,2012,0,0,0,0,0,1,3,65,2,5,2,1,0,0,14,62,7,1,1,98,"777777777777","777777777777","777777777777",0,0
8,80552,5,5,1,28,12,12,15,12,8,1,0,8,1,63,33,63033,4,2006,"KNAFE1213653","K","N","A","F","E","1","2","1","3","6","5","3",0,0,0,"000000000","00000000000",0,0,0,1,0,0,0,0,0,0,0,10,0,0,0,12,6,2,12,0,0,0,1,8,81005,6,1,0,0,3,0,68,168,0,0,0,0,0,0,0,0,0,0,0,0,0,0,1,3,65,3,6,2,1,0,0,2,62,16,2,1,98,"777777777777","777777777777","777777777777",0,0
8,80553,1,2,1,29,12,8,11,12,6,1,0,12,1,20,481,20481,31,2001,"1GCHC23151F2","1","G","C","H","C","2","3","1","5","1","F","2",0,0,0,"000000000","00000000000",0,0,0,1,0,0,0,0,0,0,0,55,0,1,5,12,6,2,12,0,0,0,1,8,80904,6,1,0,0,3,0,71,190,0,0,0,0,0,0,0,0,0,3,6,38,0,0,1,2,45,1,1,5,1,21,3,1,17,1,1,1,86,"777777777777","777777777777","777777777777",0,1
8,80553,2,2,1,29,12,8,11,12,6,1,0,8,1,30,47,30047,3,2001,"3VWCP21C21M4","3","V","W","C","P","2","1","C","2","1","M","4",0,0,0,"000000000","00000000000",0,0,0,1,0,0,0,0,0,0,0,45,0,0,0,81,6,2,12,0,0,0,1,8,80808,6,1,0,0,3,3,70,177,0,0,0,0,0,0,0,0,0,0,0,0,0,0,1,2,45,1,1,5,1,0,0,1,66,1,1,1,87,"777777777777","777777777777","777777777777",1,0
8,80554,1,1,1,26,12,13,15,43,0,1,0,8,1,35,472,35472,30,2016,"1N6AD0EV6GN7","1","N","6","A","D","0","E","V","6","G","N","7",0,0,0,"000000000","00000000000",0,0,0,1,0,0,0,0,0,0,0,55,0,0,0,12,6,2,43,0,0,0,1,8,80644,6,1,0,0,3,3,69,161,0,0,0,1,0,8,2012,8,2012,0,6,0,0,0,1,2,55,1,1,2,2,0,0,1,12,1,1,4,6,"777777777777","777777777777","777777777777",1,0
8,80555,1,1,1,30,12,18,38,1,0,1,0,8,1,72,706,72706,80,1991,"1HD1DPL1XMY5","1","H","D","1","D","P","L","1","X","M","Y","5",0,0,0,"000000000","00000000000",0,0,0,1,0,0,0,0,0,0,0,40,0,0,0,0,6,2,53,0,0,0,1,8,80401,6,1,0,0,2,0,69,165,0,0,0,0,1,10,2016,10,2016,3,36,0,0,0,1,2,25,2,1,2,1,0,0,1,12,1,1,4,6,"777777777777","777777777777","777777777777",1,0
8,80556,1,1,2,30,12,21,32,8,0,1,1,8,1,62,401,62401,14,1999,"SALTY1242XA9","S","A","L","T","Y","1","2","4","2","X","A","9",0,0,0,"000000000","00000000000",0,0,0,1,0,0,0,0,0,0,0,40,0,0,0,12,4,5,8,0,0,0,1,8,80018,6,1,0,0,3,0,60,130,1,0,0,0,3,11,2012,12,2015,0,6,0,0,0,2,2,35,1,1,2,1,0,0,1,80,7,1,1,13,"777777777777","777777777777","777777777777",0,1
8,80557,1,2,2,23,12,18,40,12,7,1,0,6,2,72,706,72706,80,2000,"1HD1BMY36YY0","1","H","D","1","B","M","Y","3","6","Y","Y","0",0,0,0,"000000000","00000000000",0,0,0,1,0,0,0,0,0,0,0,45,0,0,0,81,4,3,1,0,0,0,1,8,80909,1,1,0,0,2,0,75,240,0,0,0,0,0,0,0,0,0,3,6,27,0,0,1,6,35,1,1,2,1,0,0,15,51,16,1,2,48,"777777777777","777777777777","777777777777",1,0
8,80557,2,2,1,23,12,18,40,12,7,1,0,8,1,54,36,54036,4,1999,"JH4KA9650XC0","J","H","4","K","A","9","6","5","0","X","C","0",0,0,0,"000000000","00000000000",0,0,0,1,0,0,0,0,0,0,0,35,0,0,0,7,4,3,12,0,0,0,1,8,80127,6,1,0,0,3,0,61,105,0,0,0,0,0,0,0,0,0,0,0,0,0,0,1,6,35,1,1,2,1,0,0,15,53,99,1,2,48,"777777777777","777777777777","777777777777",0,0
8,80558,1,3,1,26,12,19,22,12,8,1,0,8,1,12,37,12037,4,2001,"1FAHP38341W1","1","F","A","H","P","3","8","3","4","1","W","1",0,0,0,"000000000","00000000000",0,0,0,1,0,0,0,0,0,0,0,75,0,0,0,1,6,2,12,0,0,0,1,8,81141,6,1,0,0,3,0,70,155,0,0,0,1,2,11,2013,7,2015,0,6,51,0,0,2,2,75,1,1,2,1,0,0,1,54,6,1,1,66,"777777777777","777777777777","777777777777",1,1
8,80558,2,3,4,26,12,19,22,12,8,1,0,8,2,35,49,35049,6,2010,"JN8AZ1MW0AW1","J","N","8","A","Z","1","M","W","0","A","W","1",0,0,0,"000000000","00000000000",0,0,0,1,0,0,0,0,0,0,0,75,0,1,3,83,6,2,1,0,0,0,1,8,80013,6,1,6,0,3,1,68,145,0,2,1,0,1,1,2012,6,2014,0,0,0,0,0,2,2,75,1,1,2,1,0,0,1,54,6,1,1,66,"777777777777","777777777777","777777777777",0,0
8,80558,3,3,1,26,12,19,22,12,8,1,0,2,1,12,481,12481,31,2012,"1FTFW1R68CFC","1","F","T","F","W","1","R","6","8","C","F","C",0,0,0,"000000000","00000000000",0,0,0,1,0,0,0,0,0,0,0,75,0,0,0,12,6,2,12,0,0,0,1,2,99516,6,1,0,0,3,0,72,200,0,0,0,0,0,0,0,0,0,0,0,0,0,0,2,2,75,1,1,2,1,0,0,1,54,7,1,1,98,"777777777777","777777777777","777777777777",0,0
8,80559,1,2,1,7,8,14,44,52,0,1,0,8,1,2,403,2403,14,2007,"1J4GA59167L1","1","J","4","G","A","5","9","1","6","7","L","1",0,0,0,"000000000","00000000000",0,0,0,1,0,0,0,0,0,0,0,65,0,1,6,3,6,2,1,0,0,0,1,8,81504,6,1,0,0,3,0,70,130,0,1,1,0,0,8,2014,9,2014,3,36,58,0,0,1,2,45,3,1,2,1,0,0,14,13,99,4,4,7,"777777777777","777777777777","777777777777",1,1
8,80559,2,2,1,7,8,14,44,52,0,1,0,8,1,35,401,35401,14,2003,"JN8DR09Y03W8","J","N","8","D","R","0","9","Y","0","3","W","8",0,0,0,"000000000","00000000000",0,0,0,1,0,0,0,0,0,0,0,45,0,0,0,12,2,5,54,0,0,0,1,8,81507,6,1,0,0,3,0,67,170,0,0,0,0,0,0,0,0,0,0,0,0,0,0,1,2,45,2,1,2,1,0,0,14,91,99,1,1,98,"777777777777","777777777777","777777777777",0,0
9,90001,1,5,1,6,1,21,28,12,1,1,0,18,3,51,881,51881,63,2016,"4V4NC9EJ3GN9","4","V","4","N","C","9","E","J","3","G","N","9",1,1,57,"02126724","5702126724",3,4,1,1,0,0,0,0,0,0,0,998,0,0,0,12,6,2,12,0,0,1,1,18,46239,6,1,6,0,3,3,71,188,0,0,0,0,0,0,0,0,0,0,36,0,0,0,3,3,45,2,5,2,1,0,0,14,50,99,1,1,20,"1JJV532D9GL8","777777777777","777777777777",0,0