"STATE","ST_CASE","VEH_NO","VE_FORMS","NUMOCCS","DAY","MONTH","HOUR","MINUTE","HARM_EV","MAN_COLL","UNITTYPE","HIT_RUN","REG_STAT","OWNER","MAKE","MODEL","MAK_MOD","BODY_TYP","MOD_YEAR","VIN","VIN_1","VIN_2","VIN_3","VIN_4","VIN_5","VIN_6","VIN_7","VIN_8","VIN_9","VIN_10","VIN_11","VIN_12","TOW_VEH","J_KNIFE","MCARR_I1","MCARR_I2","MCARR_ID","GVWR","V_CONFIG","CARGO_BT","HAZ_INV","HAZ_PLAC","HAZ_ID","HAZ_CNO","HAZ_REL","BUS_USE","SPEC_USE","EMER_USE","TRAV_SP","UNDERIDE","ROLLOVER","ROLINLOC","IMPACT1","DEFORMED","TOWED","M_HARM","VEH_SC1","VEH_SC2","FIRE_EXP","DR_PRES","L_STATE","DR_ZIP","L_STATUS","L_TYPE","CDL_STAT","L_ENDORS","L_COMPL","L_RESTRI","DR_HGT","DR_WGT","PREV_ACC","PREV_SUS","PREV_DWI","PREV_SPD","PREV_OTH","FIRST_MO","FIRST_YR","LAST_MO","LAST_YR","SPEEDREL","DR_SF1","DR_SF2","DR_SF3","DR_SF4","VTRAFWAY","VNUM_LAN","VSPD_LIM","VALIGN","VPROFILE","VPAVETYP","VSURCOND","VTRAFCON","VTCONT_F","P_CRASH1","P_CRASH2","P_CRASH3","PCRASH4","PCRASH5","ACC_TYPE","TRLR1VIN","TRLR2VIN","TRLR3VIN","DEATHS","DR_DRINK"
9,90043,1,1,1,6,4,19,53,8,0,1,1,25,1,49,46,49046,5,2009,"JTDKB20U9934","J","T","D","K","B","2","0","U","9","9","3","4",0,0,0,"000000000","00000000000",0,0,0,1,0,0,0,0,0,0,0,35,0,0,0,12,4,5,8,0,0,0,1,25,1013,6,1,0,0,3,3,71,999,0,0,0,0,0,0,0,0,0,0,0,0,0,0,5,4,35,1,1,2,1,0,0,1,80,1,1,3,13,"777777777777","777777777777","777777777777",0,0
9,90044,1,2,2,18,4,15,31,12,6,1,0,23,1,49,32,49032,4,2009,"2T1BU40E59C0","2","T","1","B","U","4","0","E","5","9","C","0",0,0,0,"000000000","00000000000",0,0,0,1,0,0,0,0,0,0,0,998,0,0,0,9,6,2,12,0,0,0,1,23,4444,6,1,0,0,3,3,64,150,0,0,0,0,0,0,0,0,0,0,0,0,0,0,1,2,45,1,6,2,1,0,0,11,61,1,1,2,72,"777777777777","777777777777","777777777777",0,0
9,90044,2,2,1,18,4,15,31,12,6,1,0,9,1,37,706,37706,80,2004,"1HFSC47094A3","1","H","F","S","C","4","7","0","9","4","A","3",0,0,0,"000000000","00000000000",0,0,0,1,0,0,0,0,0,0,0,998,0,0,0,12,6,2,12,0,0,0,1,9,6424,6,1,0,0,3,0,71,999,98,0,0,0,0,0,0,0,0,3,28,0,0,0,1,2,45,1,6,2,1,0,0,6,60,6,1,2,73,"777777777777","777777777777","777777777777",1,0
9,90045,1,1,1,20,4,22,15,8,0,1,0,9,1,37,31,37031,4,2003,"1HGEM22973L0","1","H","G","E","M","2","2","9","7","3","L","0",0,0,0,"000000000","00000000000",0,0,0,1,0,0,0,0,0,0,0,999,0,0,0,1,4,3,8,0,0,0,1,9,6251,6,1,0,0,3,0,69,999,98,0,0,0,0,0,0,0,0,0,0,0,0,0,1,2,45,1,5,2,1,0,0,1,80,6,1,9,13,"777777777777","777777777777","777777777777",0,0
9,90046,1,1,2,17,3,6,53,33,0,1,9,9,2,49,40,49040,4,1993,"4T1SK12E0PU2","4","T","1","S","K","1","2","E","0","P","U","2",0,0,0,"000000000","00000000000",0,0,0,1,0,0,0,0,0,0,0,998,0,0,0,12,6,2,42,0,0,0,1,9,6002,6,1,0,0,3,3,69,999,98,0,0,0,0,0,0,0,0,9,0,0,0,0,2,2,40,1,1,2,2,0,0,15,13,99,1,4,1,"777777777777","777777777777","777777777777",1,0
9,90047,1,3,1,17,3,9,27,25,0,1,9,9,2,55,33,55033,4,2007,"5NPEU46F57H2","5","N","P","E","U","4","6","F","5","7","H","2",0,0,0,"000000000","00000000000",0,0,0,1,0,0,0,0,0,0,0,999,0,0,0,1,6,2,25,0,0,0,1,9,6810,6,1,0,0,3,3,73,999,98,0,0,0,0,0,0,0,0,9,0,0,0,0,6,2,25,1,5,2,1,20,3,1,13,1,1,4,1,"777777777777","777777777777","777777777777",1,0
9,90047,2,3,2,17,3,9,27,25,0,1,9,8,1,37,421,37421,15,2004,"2HKYF18444H5","2","H","K","Y","F","1","8","4","4","4","H","5",0,0,0,"000000000","00000000000",0,0,0,1,0,0,0,0,0,0,0,0,0,0,0,6,6,2,12,0,0,0,1,9,6811,6,1,0,0,3,0,62,999,98,0,0,0,0,0,0,0,0,0,0,0,0,0,4,2,25,1,3,2,1,20,3,5,64,1,1,1,98,"777777777777","777777777777","777777777777",0,0
9,90047,3,3,1,17,3,9,27,25,0,1,9,36,1,48,38,48038,5,2009,"JF1GH63649H8","J","F","1","G","H","6","3","6","4","9","H","8",0,0,0,"000000000","00000000000",0,0,0,1,0,0,0,0,0,0,0,998,0,0,0,5,2,5,12,0,0,0,1,36,10520,6,1,0,0,3,0,70,999,0,0,0,0,1,4,2012,4,2012,0,0,0,0,0,2,2,25,1,6,2,1,20,3,1,68,1,1,1,98,"777777777777","777777777777","777777777777",0,0
9,90048,1,2,1,17,3,3,43,12,6,1,0,9,1,20,16,20016,4,2004,"1G1JH52F6472","1","G","1","J","H","5","2","F","6","4","7","2",0,0,0,"000000000","00000000000",0,0,0,1,0,0,0,0,0,0,0,55,1,0,0,12,6,2,12,0,0,0,1,9,6790,6,1,0,0,3,3,73,999,98,0,0,0,0,0,0,0,0,4,99,99,99,99,2,2,45,1,1,2,1,4,3,1,73,8,1,1,93,"777777777777","777777777777","777777777777",1,0
9,90048,2,2,1,17,3,3,43,12,6,1,0,26,3,85,881,85881,66,2005,"1XKADB9XX5J0","1","X","K","A","D","B","9","X","X","5","J","0",1,1,99,"999999999","99999999999",3,6,1,1,0,0,0,0,0,0,0,998,0,0,0,5,2,5,12,0,0,0,1,27,55404,6,1,6,0,3,3,71,163,0,0,0,0,0,0,0,0,0,0,0,0,0,0,2,2,45,1,1,2,2,4,3,13,20,1,1,1,92,"3H3V532C3ET0","777777777777","777777777777",0,0
9,90049,1,1,1,23,3,11,11,8,0,1,0,9,1,49,40,49040,4,2007,"JTNBE46K7731","J","T","N","B","E","4","6","K","7","7","3","1",0,0,0,"000000000","00000000000",0,0,0,1,0,0,0,0,0,0,0,998,0,0,0,99,4,3,8,0,0,0,1,9,6082,6,1,0,0,3,0,65,999,98,0,0,0,0,0,0,0,0,9,0,0,0,0,1,2,40,1,1,2,1,50,3,1,80,1,1,1,13,"777777777777","777777777777","777777777777",0,0
9,90050,1,1,1,25,4,22,32,42,0,1,0,9,1,35,50,35050,5,2012,"3N1BC1CP8CK8","3","N","1","B","C","1","C","P","8","C","K","8",0,0,0,"000000000","00000000000",0,0,0,1,0,0,0,0,0,0,0,998,0,0,0,12,6,2,42,0,0,0,1,9,6519,6,1,0,0,3,0,65,999,98,0,0,1,0,7,2014,7,2014,9,99,99,99,99,1,2,25,1,1,2,1,0,0,1,12,99,1,4,6,"777777777777","777777777777","777777777777",1,0
9,90051,1,1,1,20,4,0,57,26,0,1,0,9,2,59,31,59031,4,2003,"JTHBF30G0360","J","T","H","B","F","3","0","G","0","3","6","0",0,0,0,"000000000","00000000000",0,0,0,1,0,0,0,0,0,0,0,998,0,0,0,10,6,2,26,0,0,0,1,9,6512,6,1,0,0,3,0,70,999,98,0,0,0,0,0,0,0,0,9,99,99,99,99,3,2,65,1,1,2,1,0,0,1,13,8,1,4,1,"777777777777","777777777777","777777777777",1,1
9,90052,1,1,2,17,4,22,56,8,0,1,1,13,2,42,401,42401,14,2006,"4JGBB75E66A0","4","J","G","B","B","7","5","E","6","6","A","0",0,0,0,"000000000","00000000000",0,0,0,1,0,0,0,0,0,0,0,998,0,0,0,12,4,3,8,0,0,0,1,9,6831,6,1,0,0,3,0,72,999,98,0,0,0,0,0,0,0,0,9,36,6,0,0,1,4,30,1,1,2,1,3,3,1,80,1,1,1,13,"777777777777","777777777777","777777777777",0,0
9,90053,1,1,1,22,4,12,45,42,0,1,0,9,1,49,32,49032,6,2007,"2T1KR32E57C6","2","T","1","K","R","3","2","E","5","7","C","6",0,0,0,"000000000","00000000000",0,0,0,1,0,0,0,0,0,0,0,998,0,0,0,12,6,2,42,0,0,1,1,9,6492,6,1,0,0,3,0,69,999,98,0,0,0,0,0,0,0,0,3,28,0,0,0,1,2,25,2,6,2,1,0,0,14,12,1,1,4,6,"777777777777","777777777777","777777777777",1,0
9,90054,1,3,1,30,4,9,25,12,1,1,0,9,2,53,402,53402,14,2000,"JS3TD62V7Y41","J","S","3","T","D","6","2","V","7","Y","4","1",0,0,0,"000000000","00000000000",0,0,0,1,0,0,0,0,0,0,0,998,0,0,0,6,6,2,12,0,0,0,1,9,6492,6,1,0,0,3,3,72,999,98,3,0,0,4,11,2013,11,2014,0,0,0,0,0,2,2,55,1,1,2,1,0,0,2,53,1,1,1,98,"777777777777","777777777777","777777777777",0,0
9,90054,2,3,1,30,4,9,25,12,1,1,0,9,1,2,404,2404,14,2007,"1J8HR48N37C6","1","J","8","H","R","4","8","N","3","7","C","6",0,0,0,"000000000","00000000000",0,0,0,1,0,0,0,0,0,0,0,998,0,0,0,6,6,2,12,0,0,0,1,9,6066,6,1,0,0,3,0,69,999,98,0,0,0,0,0,0,0,0,0,0,0,0,0,2,2,55,1,1,2,1,0,0,2,53,1,1,1,29,"777777777777","777777777777","777777777777",0,0
9,90054,3,3,1,30,4,9,25,12,1,1,0,9,1,35,39,35039,4,1999,"JN1CA21D5XM4","J","N","1","C","A","2","1","D","5","X","M","4",0,0,0,"000000000","00000000000",0,0,0,1,0,0,0,0,0,0,0,998,0,0,0,12,6,2,12,0,0,0,1,9,6614,6,1,0,0,3,3,67,999,98,0,0,0,4,9,2014,12,2015,9,26,0,0,0,2,2,55,1,1,2,1,0,0,1,51,1,1,1,28,"777777777777","777777777777","777777777777",1,0
9,90055,1,1,1,30,4,15,40,1,0,1,0,9,1,72,706,72706,80,2007,"1HD1GM4107K3","1","H","D","1","G","M","4","1","0","7","K","3",0,0,0,"000000000","00000000000",0,0,0,1,0,0,0,0,0,0,0,998,0,0,0,0,6,2,1,0,0,0,1,9,6260,6,1,0,0,3,0,71,999,98,0,0,0,1,10,2014,10,2014,9,99,99,99,99,1,2,30,1,1,2,1,0,0,1,9,99,1,9,98,"777777777777","777777777777","777777777777",1,0
9,90056,1,1,1,8,5,5,6,8,0,1,1,99,9,99,399,99399,9,9999,"999999999999","9","9","9","9","9","9","9","9","9","9","9","9",0,0,0,"000000000","00000000000",0,0,0,1,0,0,0,0,0,0,0,999,0,0,0,12,9,5,8,0,0,0,1,99,99999,9,9,99,9,9,9,999,999,99,99,99,99,99,99,9999,99,9999,0,99,99,99,99,1,2,25,1,1,2,1,0,0,1,80,1,1,3,13,"777777777777","777777777777","777777777777",0,0
9,90057,1,1,0,18,2,20,0,8,0,1,0,9,6,35,401,35401,14,2005,"5N1AR18W15C7","5","N","1","A","R","1","8","W","1","5","C","7",0,0,0,"000000000","00000000000",0,0,0,1,0,0,0,0,0,0,0,998,0,0,0,6,2,5,8,0,0,0,0,0,99997,7,6,97,7,6,7,998,997,998,998,998,998,998,98,9998,98,9998,8,0,0,0,0,0,0,0,0,0,0,0,0,0,0,20,0,0,0,98,"777777777777","777777777777","777777777777",0,0
9,90058,1,1,1,12,5,13,48,8,0,1,0,9,3,82,881,82881,63,2000,"1FVNFXYB8YLF","1","F","V","N","F","X","Y","B","8","Y","L","F",0,0,57,"628001","57628001",3,2,4,1,0,0,0,0,0,0,0,998,0,0,0,12,2,5,8,0,0,0,1,9,6241,6,1,6,0,3,3,71,999,98,0,0,0,0,0,0,0,0,0,0,0,0,0,2,2,45,1,1,2,1,0,0,1,80,8,1,3,13,"777777777777","777777777777","777777777777",0,0
9,90059,1,2,3,14,5,14,54,12,7,1,0,9,1,20,2,20002,4,2016,"2G1115S31G91","2","G","1","1","1","5","S","3","1","G","9","1",0,0,0,"000000000","00000000000",0,0,0,1,0,0,0,0,0,0,0,998,0,0,0,1,4,3,12,0,0,0,1,9,6605,6,1,1,0,3,0,71,999,98,1,0,1,0,1,2016,4,2016,3,0,0,0,0,3,2,25,1,6,2,1,0,0,1,50,99,1,1,48,"777777777777","777777777777","777777777777",1,1
9,90059,2,2,0,14,5,14,54,12,7,1,0,92,0,12,481,12481,39,9999,"3FTH26H8VMA5","3","F","T","H","2","6","H","8","V","M","A","5",0,0,0,"000000000","00000000000",0,0,0,1,0,0,0,0,0,0,0,0,0,0,0,10,4,3,12,0,0,0,0,0,99997,7,6,97,7,6,7,998,997,998,998,998,998,998,98,9998,98,9998,8,20,0,0,0,1,2,25,1,1,2,1,0,0,0,53,0,0,0,48,"777777777777","777777777777","777777777777",0,0
9,90060,1,2,1,4,3,14,30,12,2,1,0,92,0,54,34,54034,4,1993,"JH4CC2661PC0","J","H","4","C","C","2","6","6","1","P","C","0",0,0,0,"000000000","00000000000",0,0,0,1,0,0,0,0,0,0,0,999,0,0,0,12,6,2,12,0,0,0,1,9,6512,0,0,0,0,0,0,999,999,98,0,0,0,0,0,0,0,0,9,28,0,0,0,1,2,25,1,1,2,1,0,0,1,10,7,1,2,50,"777777777777","777777777777","777777777777",1,0
9,90060,2,2,1,4,3,14,30,12,2,1,0,9,1,37,403,37403,14,2008,"5J6YH27728L0","5","J","6","Y","H","2","7","7","2","8","L","0",0,0,0,"000000000","00000000000",0,0,0,1,0,0,0,0,0,0,0,999,0,0,0,12,6,2,12,35,0,0,1,9,6512,6,1,0,0,3,3,62,999,98,0,0,0,0,0,0,0,0,0,0,0,0,0,1,2,25,1,1,2,1,0,0,1,62,7,1,3,51,"777777777777","777777777777","777777777777",0,0
9,90061,1,2,1,15,5,19,2,12,6,1,0,9,1,37,421,37421,15,2005,"2HKYF18535H5","2","H","K","Y","F","1","8","5","3","5","H","5",0,0,0,"000000000","00000000000",0,0,0,1,0,0,0,0,0,0,0,998,0,0,0,12,6,2,12,0,0,0,1,9,6469,6,1,0,0,3,0,63,999,98,0,0,0,1,7,2015,7,2015,0,0,0,0,0,1,2,30,1,1,2,1,0,0,1,15,99,1,3,67,"777777777777","777777777777","777777777777",0,0
9,90061,2,2,1,15,5,19,2,12,6,1,0,9,1,50,706,50706,80,2002,"SMT502FP92J1","S","M","T","5","0","2","F","P","9","2","J","1",0,0,0,"000000000","00000000000",0,0,0,1,0,0,0,0,0,0,0,998,0,0,0,9,6,2,12,0,0,0,1,9,6469,6,1,0,0,3,3,68,999,98,1,1,0,1,8,2012,12,2015,9,0,0,0,0,1,2,30,1,1,2,1,0,0,1,62,99,1,1,67,"777777777777","777777777777","777777777777",1,1
9,90062,1,2,1,19,5,1,11,12,2,1,9,9,1,20,421,20421,15,2015,"1GNSKCKC0FR2","1","G","N","S","K","C","K","C","0","F","R","2",0,0,0,"000000000","00000000000",0,0,0,1,0,0,0,0,0,0,0,998,0,0,0,12,6,2,12,0,0,0,1,9,6615,6,1,0,0,3,0,67,999,98,0,0,0,0,0,0,0,0,9,0,0,0,0,3,2,55,1,5,2,1,0,0,1,54,1,1,1,50,"777777777777","777777777777","777777777777",1,0
9,90062,2,2,1,19,5,1,11,12,2,1,9,9,2,6,441,6441,20,2000,"1C4GP64L8YB6","1","C","4","G","P","6","4","L","8","Y","B","6",0,0,0,"000000000","00000000000",0,0,0,1,0,0,0,0,0,0,0,998,0,0,0,12,6,2,12,0,0,0,1,9,6483,6,1,0,0,3,0,69,999,98,0,0,0,0,0,0,0,0,9,51,0,0,0,3,2,55,1,5,2,1,0,0,1,54,1,1,1,51,"777777777777","777777777777","777777777777",1,0
9,90063,1,1,1,19,5,23,30,8,0,1,1,99,9,99,999,99999,99,9999,"999999999999","9","9","9","9","9","9","9","9","9","9","9","9",0,0,0,"000000000","00000000000",0,0,0,1,0,0,0,0,0,0,0,998,0,0,0,12,9,5,8,0,0,0,1,99,99999,9,9,99,9,9,9,999,999,99,99,99,99,99,99,9999,99,9999,9,99,99,99,99,1,2,25,1,1,2,1,0,0,1,80,99,1,3,13,"777777777777","777777777777","777777777777",0,0
9,90064,1,1,1,11,5,20,40,8,0,1,1,9,2,12,17,12017,4,2001,"1FAHP56S91A2","1","F","A","H","P","5","6","S","9","1","A","2",0,0,0,"000000000","00000000000",0,0,0,1,0,0,0,0,0,0,0,998,0,0,0,11,4,5,8,0,0,0,1,9,6484,6,1,0,0,3,0,73,999,98,0,0,1,1,1,2014,1,2015,9,36,0,0,0,1,2,25,1,1,2,1,0,0,1,80,99,1,1,13,"777777777777","777777777777","777777777777",0,0
9,90065,1,2,1,17,4,20,1,12,2,1,0,9,0,41,471,41471,30,1999,"4F4ZR17V4XTM","4","F","4","Z","R","1","7","V","4","X","T","M",0,0,0,"000000000","00000000000",0,0,0,1,0,0,0,0,0,0,0,998,0,0,0,12,6,2,12,0,0,0,1,9,6484,0,0,0,0,0,0,999,999,98,0,0,0,0,0,0,0,0,9,28,36,0,0,1,2,40,1,1,2,1,0,0,1,10,1,1,2,50,"777777777777","777777777777","777777777777",0,1
9,90065,2,2,1,17,4,20,1,12,2,1,0,9,1,37,31,37031,4,2013,"19XFB2F59DE2","1","9","X","F","B","2","F","5","9","D","E","2",0,0,0,"000000000","00000000000",0,0,0,1,0,0,0,0,0,0,0,47,0,0,0,12,6,2,12,0,0,0,1,9,6804,6,1,0,0,3,0,68,999,98,0,0,0,0,0,0,0,0,0,0,0,0,0,1,2,40,1,1,2,1,0,0,1,62,6,1,3,51,"777777777777","777777777777","777777777777",1,1
9,90066,1,1,1,25,2,19,19,8,0,1,0,9,2,37,32,37032,2,2002,"1HGCG32732A0","1","H","G","C","G","3","2","7","3","2","A","0",0,0,0,"000000000","00000000000",0,0,0,1,0,0,0,0,0,0,0,998,0,0,0,12,6,2,8,0,0,0,1,9,6111,6,1,0,0,3,0,63,999,98,0,0,0,2,1,2015,1,2015,0,36,39,91,0,1,4,30,1,1,2,1,3,3,1,80,1,1,1,13,"777777777777","777777777777","777777777777",0,0
9,90067,1,1,1,18,1,9,35,14,0,1,1,9,0,20,37,20037,4,2001,"1G1ND52J3161","1","G","1","N","D","5","2","J","3","1","6","1",0,0,0,"000000000","00000000000",0,0,0,1,0,0,0,0,0,0,0,998,0,0,0,12,6,2,8,0,0,0,1,9,6710,0,0,0,0,0,0,999,999,98,0,0,0,0,0,0,0,0,9,91,0,0,0,1,2,25,1,6,2,1,0,0,1,9,9,9,4,11,"777777777777","777777777777","777777777777",0,0
9,90068,1,1,1,5,4,20,57,42,0,1,0,9,2,20,403,20403,14,2004,"1GNET16S4462","1","G","N","E","T","1","6","S","4","4","6","2",0,0,0,"000000000","00000000000",0,0,0,1,0,0,0,0,0,0,0,59,0,0,0,10,6,2,42,0,0,0,1,9,6320,6,1,0,0,3,0,62,999,98,0,0,0,0,0,0,0,0,3,0,0,0,0,1,2,30,1,1,2,1,0,0,1,12,1,1,4,6,"777777777777","777777777777","777777777777",1,0
9,90069,1,1,3,11,1,15,18,8,0,1,0,25,9,23,481,23481,31,1994,"1GTEK14Z2RZ5","1","G","T","E","K","1","4","Z","2","R","Z","5",0,0,0,"000000000","00000000000",0,0,0,1,0,0,0,0,0,0,0,998,0,0,0,12,2,3,8,0,0,0,1,25,2481,6,1,0,0,3,0,67,999,1,0,0,0,0,6,2014,6,2014,9,38,0,0,0,1,2,25,1,1,2,1,0,0,1,80,1,1,1,13,"777777777777","777777777777","777777777777",0,0
9,90070,1,1,1,24,5,9,14,42,0,1,0,9,1,63,34,63034,4,2011,"KNAGM4A75B50","K","N","A","G","M","4","A","7","5","B","5","0",0,0,0,"000000000","00000000000",0,0,0,1,0,0,0,0,0,0,0,998,0,0,0,12,6,2,42,0,0,0,1,9,6477,6,1,0,0,3,0,72,999,98,0,0,0,0,0,0,0,0,4,0,0,0,0,1,2,25,3,1,2,2,0,0,14,13,1,1,4,1,"777777777777","777777777777","777777777777",1,0
9,90071,2,1,1,19,5,12,10,24,0,1,0,36,3,84,884,84884,61,2016,"JALE5W164G79","J","A","L","E","5","W","1","6","4","G","7","9",0,0,57,"1718528","571718528",2,1,1,1,0,0,0,0,0,0,0,998,0,0,0,1,6,2,45,0,0,0,1,36,11385,6,1,6,0,3,0,68,999,1,0,0,0,1,4,2014,8,2015,9,41,0,0,0,3,2,55,2,1,2,1,40,3,14,13,1,1,4,1,"777777777777","777777777777","777777777777",1,0
9,90072,1,1,1,6,4,12,20,8,0,1,0,9,1,20,421,20421,15,2007,"1GCHK23U07F1","1","G","C","H","K","2","3","U","0","7","F","1",0,0,0,"000000000","00000000000",0,0,0,1,0,0,0,0,0,0,0,998,0,0,0,11,0,3,8,0,0,0,1,9,6118,6,1,0,0,3,0,71,999,98,0,0,0,1,9,2013,9,2013,0,0,0,0,0,1,2,99,1,1,2,1,20,3,1,80,1,1,1,13,"777777777777","777777777777","777777777777",0,0
9,90073,1,1,1,6,2,6,32,8,0,1,0,9,1,7,442,7442,20,2005,"1D4GP24R15B1","1","D","4","G","P","2","4","R","1","5","B","1",0,0,0,"000000000","00000000000",0,0,0,1,0,0,0,0,0,0,0,998,0,0,0,12,4,3,8,0,0,0,1,9,6604,6,1,0,0,3,0,64,999,98,0,0,0,0,0,0,0,0,0,0,0,0,0,1,2,25,1,1,2,1,0,0,1,80,1,1,1,13,"777777777777","777777777777","777777777777",0,0
9,90074,1,1,2,20,4,16,37,35,0,1,0,9,1,20,4,20004,2,2000,"1G1YY22G8Y51","1","G","1","Y","Y","2","2","G","8","Y","5","1",0,0,0,"000000000","00000000000",0,0,0,1,0,0,0,0,0,0,0,999,0,1,5,99,6,2,1,0,0,0,1,9,6790,6,1,0,0,3,0,72,999,98,0,0,0,0,0,0,0,0,3,0,0,0,0,1,2,25,3,5,2,1,0,0,14,12,1,5,4,7,"777777777777","777777777777","777777777777",1,1
9,90075,1,1,1,10,2,17,49,8,0,1,0,9,3,20,17,20017,4,1988,"1G1AW51W1J61","1","G","1","A","W","5","1","W","1","J","6","1",0,0,0,"000000000","00000000000",0,0,0,1,0,0,0,0,0,0,0,998,0,0,0,12,2,5,8,0,0,0,1,9,6614,6,1,0,0,3,3,67,999,98,0,0,1,2,5,2014,4,2015,0,39,0,0,0,1,2,25,1,1,2,1,2,3,1,80,6,1,1,13,"777777777777","777777777777","777777777777",0,0
9,90076,1,2,1,20,4,21,1,12,6,1,0,9,1,72,706,72706,80,2015,"1HD1CA31A3YT","1","H","D","1","C","A","3","1","A","3","Y","T",0,0,0,"000000000","00000000000",0,0,0,1,0,0,0,0,0,0,0,998,0,0,0,11,6,2,12,0,0,0,1,9,6512,6,1,0,0,3,3,69,999,98,0,0,0,0,0,0,0,0,3,8,0,0,0,4,2,45,1,3,2,1,0,0,1,66,99,1,1,86,"777777777777","777777777777","777777777777",1,0
9,90076,2,2,1,20,4,21,1,12,6,1,0,9,1,35,39,35039,4,2000,"JN1CA31A3YT0","J","N","1","C","A","3","1","A","3","Y","T","0",0,0,0,"000000000","00000000000",0,0,0,1,0,0,0,0,0,0,0,998,0,0,0,1,4,3,12,0,0,0,1,9,6516,6,1,6,0,3,3,67,999,98,0,0,0,1,8,2015,8,2015,0,0,0,0,0,4,1,45,1,3,2,1,20,3,1,17,99,1,1,87,"777777777777","777777777777","777777777777",0,0
9,90077,1,2,1,6,5,13,33,12,2,1,0,9,1,34,34,34034,4,2007,"WBAVB73587VF","W","B","A","V","B","7","3","5","8","7","V","F",0,0,0,"000000000","00000000000",0,0,0,1,0,0,0,0,0,0,0,998,0,0,0,12,6,2,12,0,0,0,1,9,6484,6,1,0,0,3,0,64,999,98,0,0,0,3,4,2015,9,2015,0,28,0,0,0,1,2,45,1,1,2,2,0,0,1,10,1,1,2,50,"777777777777","777777777777","777777777777",0,0
9,90077,2,2,1,6,5,13,33,12,2,1,0,9,1,37,32,37032,4,2008,"1HGCP26858A1","1","H","G","C","P","2","6","8","5","8","A","1",0,0,0,"000000000","00000000000",0,0,0,1,0,0,0,0,0,0,0,998,0,0,0,12,6,2,12,0,0,0,1,9,6484,6,1,0,0,3,0,66,999,98,0,0,0,0,0,0,0,0,0,0,0,0,0,1,2,45,1,1,2,2,0,0,1,62,99,1,1,51,"777777777777","777777777777","777777777777",1,0
9,90078,1,2,2,29,5,17,17,12,2,1,0,36,1,6,441,6441,20,2003,"2C4GP443X3R1","2","C","4","G","P","4","4","3","X","3","R","1",0,0,0,"000000000","00000000000",0,0,0,1,0,0,0,0,0,0,0,998,0,0,0,12,6,2,12,0,0,0,1,36,12481,6,1,0,0,3,0,66,999,0,0,0,0,0,0,0,0,0,0,0,0,0,0,2,2,50,1,1,2,1,0,0,1,62,9,1,1,51,"777777777777","777777777777","777777777777",1,0
9,90078,2,2,2,29,5,17,17,12,2,1,0,9,1,49,422,49422,15,2008,"5TDBY67A78S0","5","T","D","B","Y","6","7","A","7","8","S","0",0,0,0,"000000000","00000000000",0,0,0,1,0,0,0,0,0,0,0,998,0,0,0,12,6,2,12,0,0,0,1,9,6371,6,1,0,0,3,0,71,999,98,0,0,0,0,0,0,0,0,9,28,0,0,0,2,2,50,1,1,2,1,0,0,1,10,1,1,2,50,"777777777777","777777777777","777777777777",0,0
9,90079,1,3,1,8,6,10,51,12,6,1,0,9,1,72,706,72706,80,2014,"1HD1KRM10EB6","1","H","D","1","K","R","M","1","0","E","B","6",0,0,0,"000000000","00000000000",0,0,0,1,0,0,0,0,0,0,0,998,0,0,0,12,6,2,12,0,0,0,1,9,6330,6,1,6,0,3,0,70,999,98,1,0,1,3,9,2012,3,2016,9,0,0,0,0,1,2,25,1,1,2,1,0,0,1,62,99,1,1,69,"777777777777","777777777777","777777777777",1,0
9,90079,2,3,1,8,6,10,51,12,6,1,0,9,1,49,442,49442,20,2009,"5TDZK23C09S2","5","T","D","Z","K","2","3","C","0","9","S","2",0,0,0,"000000000","00000000000",0,0,0,1,0,0,0,0,0,0,0,998,0,0,0,2,6,2,12,0,0,0,1,9,6250,6,1,0,0,3,3,68,999,98,0,0,0,0,0,0,0,0,9,99,99,99,99,1,2,25,1,1,2,1,0,0,11,15,1,1,1,68,"777777777777","777777777777","777777777777",0,0
9,90079,3,3,1,8,6,10,51,12,6,1,0,9,1,51,45,51045,4,2001,"YV1TS90D8111","Y","V","1","T","S","9","0","D","8","1","1","1",0,0,0,"000000000","00000000000",0,0,0,1,0,0,0,0,0,0,0,998,0,0,0,12,6,2,12,0,0,0,1,9,6280,6,1,0,0,3,3,60,999,98,0,0,0,0,0,0,0,0,9,0,0,0,0,1,2,25,1,1,2,1,0,0,1,62,1,1,1,98,"777777777777","777777777777","777777777777",0,0
9,90080,1,3,1,18,4,16,34,12,6,1,0,51,1,24,2,24002,2,1996,"1G8ZE1282TZ1","1","G","8","Z","E","1","2","8","2","T","Z","1",0,0,0,"000000000","00000000000",0,0,0,1,0,0,0,0,0,0,0,998,0,0,0,12,6,2,12,0,0,0,1,9,6606,0,0,0,0,0,0,999,999,98,0,0,0,0,0,0,0,0,4,6,36,39,91,1,2,25,1,1,2,1,20,3,1,17,16,1,1,86,"777777777777","777777777777","777777777777",0,1
9,90080,2,3,1,18,4,16,34,12,6,1,0,9,2,20,403,20403,14,2006,"1GNDT13S2623","1","G","N","D","T","1","3","S","2","6","2","3",0,0,0,"000000000","00000000000",0,0,0,1,0,0,0,0,0,0,0,998,0,1,1,5,6,2,12,0,0,0,1,9,6610,6,1,0,0,3,0,68,999,98,0,0,0,0,0,0,0,0,0,0,0,0,0,1,2,25,1,1,2,1,0,0,1,66,16,1,1,87,"777777777777","777777777777","777777777777",1,0
9,90080,3,3,1,18,4,16,34,12,6,1,0,9,1,37,31,37031,4,2015,"19XFB2F89FE2","1","9","X","F","B","2","F","8","9","F","E","2",0,0,0,"000000000","00000000000",0,0,0,1,0,0,0,0,0,0,0,998,0,0,0,99,2,5,12,0,0,0,1,9,6902,6,1,0,0,3,0,72,999,98,0,0,0,0,0,0,0,0,0,0,0,0,0,1,2,25,1,1,2,1,0,0,1,62,1,1,1,98,"777777777777","777777777777","777777777777",0,0