"STATE","ST_CASE","VEH_NO","VE_FORMS","NUMOCCS","DAY","MONTH","HOUR","MINUTE","HARM_EV","MAN_COLL","UNITTYPE","HIT_RUN","REG_STAT","OWNER","MAKE","MODEL","MAK_MOD","BODY_TYP","MOD_YEAR","VIN","VIN_1","VIN_2","VIN_3","VIN_4","VIN_5","VIN_6","VIN_7","VIN_8","VIN_9","VIN_10","VIN_11","VIN_12","TOW_VEH","J_KNIFE","MCARR_I1","MCARR_I2","MCARR_ID","GVWR","V_CONFIG","CARGO_BT","HAZ_INV","HAZ_PLAC","HAZ_ID","HAZ_CNO","HAZ_REL","BUS_USE","SPEC_USE","EMER_USE","TRAV_SP","UNDERIDE","ROLLOVER","ROLINLOC","IMPACT1","DEFORMED","TOWED","M_HARM","VEH_SC1","VEH_SC2","FIRE_EXP","DR_PRES","L_STATE","DR_ZIP","L_STATUS","L_TYPE","CDL_STAT","L_ENDORS","L_COMPL","L_RESTRI","DR_HGT","DR_WGT","PREV_ACC","PREV_SUS","PREV_DWI","PREV_SPD","PREV_OTH","FIRST_MO","FIRST_YR","LAST_MO","LAST_YR","SPEEDREL","DR_SF1","DR_SF2","DR_SF3","DR_SF4","VTRAFWAY","VNUM_LAN","VSPD_LIM","VALIGN","VPROFILE","VPAVETYP","VSURCOND","VTRAFCON","VTCONT_F","P_CRASH1","P_CRASH2","P_CRASH3","PCRASH4","PCRASH5","ACC_TYPE","TRLR1VIN","TRLR2VIN","TRLR3VIN","DEATHS","DR_DRINK"
9,90115,2,2,2,15,7,13,41,12,6,1,0,9,2,72,706,72706,80,1984,"1HD1BEK28EY0","1","H","D","1","B","E","K","2","8","E","Y","0",0,0,0,"000000000","00000000000",0,0,0,1,0,0,0,0,0,0,0,999,0,0,0,10,6,2,12,0,0,0,1,9,6492,6,1,0,0,3,0,70,999,98,0,0,0,0,0,0,0,0,9,0,0,0,0,1,2,30,1,1,2,1,0,0,1,62,7,1,1,69,"777777777777","777777777777","777777777777",1,0
9,90116,1,1,1,24,7,0,23,17,0,1,0,9,1,37,31,37031,2,1995,"1HGE12127SL0","1","H","G","E","1","2","1","2","7","S","L","0",0,0,0,"000000000","00000000000",0,0,0,1,0,0,0,0,0,0,0,999,0,0,0,9,6,2,17,0,0,0,1,9,6516,6,1,0,0,3,3,73,999,98,0,0,0,0,0,0,0,0,2,8,58,0,0,3,4,45,2,5,2,1,0,0,14,13,15,1,4,1,"777777777777","777777777777","777777777777",1,1
9,90117,1,1,1,7,7,22,5,31,0,1,9,9,2,20,2,20002,4,2007,"2G1WB55K4793","2","G","1","W","B","5","5","K","4","7","9","3",0,0,0,"000000000","00000000000",0,0,0,1,0,0,0,0,0,0,0,998,0,9,5,1,6,2,42,0,0,0,1,9,6450,6,1,0,0,3,0,65,999,98,0,0,1,3,1,2014,5,2016,9,28,0,0,0,3,3,40,1,1,2,1,0,0,1,13,16,1,4,1,"777777777777","777777777777","777777777777",1,1
9,90118,1,1,1,14,7,22,40,57,0,1,9,9,1,12,481,12481,31,2001,"1FTNX21F51ED","1","F","T","N","X","2","1","F","5","1","E","D",0,0,0,"000000000","00000000000",0,0,0,1,0,0,0,0,0,0,0,999,0,9,5,10,6,2,1,0,0,0,1,9,6026,6,1,0,0,3,3,72,999,98,0,0,0,0,0,0,0,0,9,28,0,0,0,3,2,65,1,1,2,1,0,0,1,11,9,5,4,2,"777777777777","777777777777","777777777777",1,1
9,90119,1,1,1,24,7,16,29,53,0,1,0,9,2,37,31,37031,4,1996,"1HGEJ6573TL0","1","H","G","E","J","6","5","7","3","T","L","0",0,0,0,"000000000","00000000000",0,0,0,1,0,0,0,0,0,0,0,998,0,0,0,2,6,2,42,0,0,0,1,9,6280,6,1,0,0,3,0,65,999,98,2,0,0,1,4,2013,6,2015,9,99,99,99,99,1,3,50,1,1,2,1,0,0,99,13,99,1,4,1,"777777777777","777777777777","777777777777",1,1
9,90120,1,2,2,25,7,3,47,12,2,1,0,9,2,94,983,94983,58,2017,"1T7Y32D22H11","1","T","7","Y","3","2","D","2","2","H","1","1",0,0,57,"972770","57972770",9,21,22,1,0,0,0,0,7,3,0,999,0,0,0,12,6,2,12,0,0,0,1,9,6320,6,1,6,1,3,3,66,999,98,1,0,1,0,7,2013,9,2013,0,0,0,0,0,3,3,50,3,3,2,1,0,0,14,54,9,1,1,51,"777777777777","777777777777","777777777777",0,0
9,90120,2,2,1,25,7,3,47,12,2,1,0,9,1,49,402,49402,14,2002,"JTEHH20V8260","J","T","E","H","H","2","0","V","8","2","6","0",0,0,0,"000000000","00000000000",0,0,0,1,0,0,0,0,0,0,0,999,0,0,0,12,6,2,12,0,0,0,1,9,6010,6,1,0,0,3,0,68,999,98,0,0,0,3,9,2013,6,2015,0,51,0,0,0,3,3,50,2,3,2,1,0,0,14,54,1,1,1,50,"777777777777","777777777777","777777777777",1,1
9,90121,1,2,1,18,7,5,16,12,2,1,0,9,2,18,22,18022,4,2011,"1G4GE5GD5BF2","1","G","4","G","E","5","G","D","5","B","F","2",0,0,0,"000000000","00000000000",0,0,0,1,0,0,0,0,0,0,0,998,0,0,0,12,6,2,12,0,0,0,1,9,6471,6,1,1,0,3,0,71,999,98,1,0,1,0,2,2015,5,2016,9,28,0,0,0,1,2,45,1,1,2,1,0,0,1,10,99,1,2,50,"777777777777","777777777777","777777777777",1,0
9,90121,2,2,1,18,7,5,16,12,2,1,0,9,2,14,6,14006,4,2000,"2MEFM75W3YX6","2","M","E","F","M","7","5","W","3","Y","X","6",0,0,0,"000000000","00000000000",0,0,0,1,0,0,0,0,0,0,0,998,0,0,0,12,6,2,12,0,0,0,1,9,6419,6,1,0,0,3,0,72,999,98,0,0,0,0,0,0,0,0,9,99,99,99,99,1,2,45,1,1,2,1,0,0,1,62,99,1,1,51,"777777777777","777777777777","777777777777",1,0
9,90122,1,1,1,26,7,7,59,42,0,1,0,9,1,7,442,7442,20,2014,"2C7WDGEG9ER4","2","C","7","W","D","G","E","G","9","E","R","4",0,0,0,"000000000","00000000000",0,0,0,1,0,0,0,0,0,0,0,998,0,0,0,12,6,2,42,0,0,0,1,9,6371,6,1,0,0,3,3,71,999,98,0,0,0,2,1,2014,8,2014,9,99,99,99,99,1,2,40,1,1,2,1,0,0,1,13,1,1,4,1,"777777777777","777777777777","777777777777",1,0
9,90123,1,1,1,4,8,0,37,42,0,1,0,9,2,37,31,37031,3,1995,"2HGEH246XSH5","2","H","G","E","H","2","4","6","X","S","H","5",0,0,0,"000000000","00000000000",0,0,0,1,0,0,0,0,0,0,0,998,0,0,0,11,6,2,42,0,0,0,1,9,6069,3,1,0,0,2,0,72,999,98,0,0,0,0,0,0,0,0,9,0,0,0,0,1,2,35,2,1,2,1,0,0,14,12,1,1,4,6,"777777777777","777777777777","777777777777",1,0
9,90124,1,1,1,4,8,13,46,26,0,1,0,9,1,37,703,37703,80,1990,"JH2JE010XLM1","J","H","2","J","E","0","1","0","X","L","M","1",0,0,0,"000000000","00000000000",0,0,0,1,0,0,0,0,0,0,0,998,0,0,0,12,6,2,26,0,0,0,1,9,6471,0,0,0,0,0,0,999,999,98,0,0,0,0,0,0,0,0,4,0,0,0,0,4,1,0,1,6,2,11,0,0,1,13,1,1,4,1,"777777777777","777777777777","777777777777",1,0
9,90125,1,2,1,16,4,2,17,12,2,1,0,9,1,6,51,6051,4,2014,"2C3CCAAG7EH3","2","C","3","C","C","A","A","G","7","E","H","3",0,0,0,"000000000","00000000000",0,0,0,1,0,0,0,0,0,0,0,998,0,0,0,12,6,2,12,0,0,0,1,9,6360,1,1,0,0,2,0,69,999,98,1,0,0,0,2,2015,2,2015,0,0,0,0,0,3,3,55,1,1,2,1,0,0,1,54,99,1,1,51,"777777777777","777777777777","777777777777",1,0
9,90125,2,2,1,16,4,2,17,12,2,1,9,9,2,32,43,32043,4,2012,"WAUBFAFL5CN0","W","A","U","B","F","A","F","L","5","C","N","0",0,0,0,"000000000","00000000000",0,0,0,1,0,0,0,0,0,0,0,998,0,0,0,12,6,2,12,0,0,0,1,9,6516,6,1,0,0,3,0,72,999,98,0,0,1,1,7,2014,12,2015,4,8,36,51,0,3,3,55,1,1,2,1,0,0,1,54,1,1,3,50,"777777777777","777777777777","777777777777",0,1
9,90126,1,1,1,28,5,16,38,30,0,1,9,9,1,20,37,20037,4,2001,"1G1NE52J3161","1","G","1","N","E","5","2","J","3","1","6","1",0,0,0,"000000000","00000000000",0,0,0,1,0,0,0,0,0,0,0,999,0,0,0,12,6,2,30,0,0,0,1,9,6249,6,1,0,0,3,3,70,999,98,0,0,0,0,0,0,0,0,0,0,0,0,0,1,2,45,1,5,2,1,0,0,1,13,1,1,4,1,"777777777777","777777777777","777777777777",1,0
9,90127,1,2,1,13,8,21,20,12,6,1,0,9,2,35,421,35421,15,2015,"5N1AA0NC0FN6","5","N","1","A","A","0","N","C","0","F","N","6",0,0,0,"000000000","00000000000",0,0,0,1,0,0,0,0,0,0,0,999,0,0,0,83,4,5,12,0,0,0,1,9,6513,6,1,0,0,3,3,73,999,98,0,0,0,0,0,0,0,0,0,0,0,0,0,1,4,25,1,1,2,1,3,3,11,15,1,1,1,68,"777777777777","777777777777","777777777777",0,0
9,90127,2,2,1,13,8,21,20,12,6,1,0,9,1,53,705,53705,80,2005,"JS1GR7JA3521","J","S","1","G","R","7","J","A","3","5","2","1",0,0,0,"000000000","00000000000",0,0,0,1,0,0,0,0,0,0,0,998,0,0,0,12,6,2,12,0,0,0,1,9,6516,6,1,0,0,3,0,69,999,98,0,0,2,0,10,2014,7,2016,3,0,0,0,0,1,4,25,1,1,2,1,3,3,6,54,1,1,1,69,"777777777777","777777777777","777777777777",1,0
9,90128,1,2,3,31,7,16,44,12,7,1,0,9,2,49,40,49040,4,2014,"4T4BF1FK3ER3","4","T","4","B","F","1","F","K","3","E","R","3",0,0,0,"000000000","00000000000",0,0,0,1,0,0,0,0,0,0,0,998,0,0,0,9,6,2,12,0,0,0,1,9,6516,0,0,0,0,0,0,999,999,98,0,0,0,0,0,0,0,0,0,0,0,0,0,3,4,45,1,1,2,1,0,0,1,60,99,1,3,45,"777777777777","777777777777","777777777777",0,0
9,90128,2,2,4,31,7,16,44,12,7,1,0,9,1,6,441,6441,20,2010,"2A4RR5D12AR4","2","A","4","R","R","5","D","1","2","A","R","4",0,0,0,"000000000","00000000000",0,0,0,1,0,0,0,0,0,0,0,998,0,0,0,3,6,2,12,0,0,0,1,9,6484,6,1,0,0,3,0,62,999,98,0,0,0,0,0,0,0,0,0,28,0,0,0,3,4,45,1,1,2,1,0,0,1,11,99,1,2,44,"777777777777","777777777777","777777777777",1,0
9,90129,1,1,1,11,8,13,14,24,0,1,0,9,3,98,998,98998,93,1993,"1A9S24DR3PR0","1","A","9","S","2","4","D","R","3","P","R","0",0,0,57,"1750307","571750307",2,1,96,1,0,0,0,0,0,0,0,998,0,9,2,3,6,2,1,39,0,0,1,9,6606,1,1,1,0,2,0,66,999,98,1,0,0,1,2,2015,4,2015,9,0,0,0,0,6,1,20,3,6,2,1,0,0,14,13,8,1,4,1,"777777777777","777777777777","777777777777",1,0
9,90130,1,1,1,11,5,21,37,8,0,1,1,9,9,34,999,34999,99,9999,"999999999999","9","9","9","9","9","9","9","9","9","9","9","9",0,0,0,"000000000","00000000000",0,0,0,1,0,0,0,0,0,0,0,999,0,0,0,12,4,5,8,0,0,0,1,99,99999,9,9,99,9,9,9,999,999,99,99,99,99,99,99,9999,99,9999,9,38,0,0,0,1,4,30,1,6,2,1,2,3,1,83,1,1,1,13,"777777777777","777777777777","777777777777",0,0
9,90131,1,1,1,2,6,3,47,42,0,1,0,25,2,12,401,12401,14,2002,"1FMZU72E72ZB","1","F","M","Z","U","7","2","E","7","2","Z","B",0,0,0,"000000000","00000000000",0,0,0,1,0,0,0,0,0,0,0,998,0,0,0,12,6,2,42,0,0,0,1,25,1604,6,1,0,0,3,3,66,999,1,0,0,0,1,1,2014,7,2015,9,0,0,0,0,1,2,45,1,1,2,1,0,0,1,13,1,1,4,1,"777777777777","777777777777","777777777777",1,0
9,90132,1,3,1,21,8,22,37,12,7,1,0,9,2,6,441,6441,20,2001,"2C4GP54L81R1","2","C","4","G","P","5","4","L","8","1","R","1",0,0,0,"000000000","00000000000",0,0,0,1,0,0,0,0,0,0,0,999,0,0,0,61,6,2,12,0,0,0,1,9,6002,6,1,0,0,3,0,68,999,98,0,0,0,0,0,0,0,0,0,0,0,0,0,1,2,25,1,1,2,2,0,0,1,53,1,1,1,45,"777777777777","777777777777","777777777777",0,0
9,90132,2,3,2,21,8,22,37,12,7,1,0,9,2,37,402,37402,14,2012,"5J6RM4H59CL0","5","J","6","R","M","4","H","5","9","C","L","0",0,0,0,"000000000","00000000000",0,0,0,1,0,0,0,0,0,0,0,999,0,0,0,12,6,2,12,0,0,0,1,9,6112,6,1,0,0,3,0,70,999,98,0,0,0,0,0,0,0,0,0,0,0,0,0,1,2,25,1,1,2,2,0,0,1,54,15,2,1,98,"777777777777","777777777777","777777777777",0,0
9,90132,3,3,1,21,8,22,37,12,7,1,0,9,2,32,43,32043,4,1998,"WAUDD68D8WA0","W","A","U","D","D","6","8","D","8","W","A","0",0,0,0,"000000000","00000000000",0,0,0,1,0,0,0,0,0,0,0,999,0,0,0,82,6,2,12,0,0,0,1,9,6112,6,1,0,0,3,0,67,999,98,0,0,0,1,12,2014,12,2014,0,28,0,0,0,1,2,25,1,1,2,2,0,0,6,10,1,1,2,44,"777777777777","777777777777","777777777777",1,1
9,90133,1,2,1,18,6,10,20,12,6,1,0,9,2,23,481,23481,40,2003,"1GDJK34143E1","1","G","D","J","K","3","4","1","4","3","E","1",2,1,77,"777777777","77777777777",2,4,4,1,0,0,0,0,0,0,0,998,0,0,0,12,4,3,12,0,0,0,1,9,6606,6,1,0,0,2,0,69,999,98,0,0,0,0,0,0,0,0,0,21,39,0,0,1,2,25,1,5,2,1,20,3,1,17,16,1,1,88,"888888888888","888888888888","777777777777",0,0
9,90133,2,2,1,18,6,10,20,12,6,1,0,9,1,72,706,72706,80,2011,"1HD1BW512BB0","1","H","D","1","B","W","5","1","2","B","B","0",0,0,0,"000000000","00000000000",0,0,0,1,0,0,0,0,0,0,0,999,0,0,0,61,6,2,12,0,0,0,1,9,6516,6,1,0,0,3,0,67,999,98,0,0,0,0,0,0,0,0,0,0,0,0,0,1,2,45,1,1,2,1,0,0,1,71,1,1,1,89,"777777777777","777777777777","777777777777",1,0
9,90134,1,2,1,5,8,2,9,12,7,1,0,9,1,20,481,20481,31,2016,"3GCUKREC3FG1","3","G","C","U","K","R","E","C","3","F","G","1",0,0,0,"000000000","00000000000",0,0,0,1,0,0,0,0,0,0,0,998,0,0,0,4,6,2,12,0,0,0,1,9,6010,6,1,0,0,3,3,69,999,98,0,0,0,2,2,2016,3,2016,0,0,0,0,0,3,4,50,1,1,2,1,0,0,1,60,1,1,1,44,"777777777777","777777777777","777777777777",0,0
9,90134,2,2,1,5,8,2,9,12,7,1,0,9,2,52,401,52401,14,2000,"JA4MT31H8YP8","J","A","4","M","T","3","1","H","8","Y","P","8",0,0,0,"000000000","00000000000",0,0,0,1,0,0,0,0,0,0,0,998,0,1,1,10,6,2,12,0,0,0,1,9,6706,6,1,0,0,3,0,67,999,98,0,0,0,0,0,0,0,0,9,28,0,0,0,4,4,50,1,1,2,1,0,0,1,10,1,1,2,45,"777777777777","777777777777","777777777777",1,1
9,90135,1,1,4,7,8,17,40,30,0,1,0,23,4,12,402,12402,14,2016,"1FMCU9G91GUC","1","F","M","C","U","9","G","9","1","G","U","C",0,0,0,"000000000","00000000000",0,0,0,1,0,0,0,0,0,0,0,999,0,0,0,82,6,2,30,0,0,0,1,97,0,9,9,99,0,9,9,999,999,99,99,99,99,99,99,9999,99,9999,0,28,0,0,0,1,2,45,3,1,2,1,0,0,14,13,1,1,4,1,"777777777777","777777777777","777777777777",1,0
9,90136,1,1,1,8,8,1,57,42,0,1,0,25,3,82,881,82881,66,2012,"1FUJGEDV3CSB","1","F","U","J","G","E","D","V","3","C","S","B",1,1,57,"001682697","57001682697",3,6,1,1,0,0,0,0,0,0,0,998,0,0,0,12,6,2,42,0,0,1,1,34,7032,6,1,6,0,3,0,69,999,0,0,0,0,0,0,0,0,0,9,28,23,0,0,2,3,65,1,1,2,1,0,0,1,13,1,1,4,1,"888888888888","777777777777","777777777777",1,0
9,90137,1,1,1,15,8,0,27,32,0,1,0,9,2,49,403,49403,14,2006,"JTEEP21A9601","J","T","E","E","P","2","1","A","9","6","0","1",0,0,0,"000000000","00000000000",0,0,0,1,0,0,0,0,0,0,0,998,0,0,0,12,6,2,32,0,0,0,1,9,6877,6,1,0,0,3,0,65,999,98,0,0,0,0,0,0,0,0,0,28,36,0,0,2,2,30,1,1,2,1,0,0,1,11,1,1,4,1,"777777777777","777777777777","777777777777",1,1
9,90138,1,1,1,6,8,0,50,33,0,1,0,9,1,72,706,72706,80,1996,"1HD1BKL18TY0","1","H","D","1","B","K","L","1","8","T","Y","0",0,0,0,"000000000","00000000000",0,0,0,1,0,0,0,0,0,0,0,998,0,0,0,9,6,2,30,0,0,0,1,9,6489,6,1,0,0,3,0,71,999,98,0,0,0,0,0,0,0,0,4,36,0,0,0,1,2,30,3,5,2,1,0,0,14,12,99,1,4,1,"777777777777","777777777777","777777777777",1,1
9,90139,1,1,1,29,8,23,39,35,0,1,0,9,2,35,39,35039,4,2001,"JN1CA31D91T8","J","N","1","C","A","3","1","D","9","1","T","8",0,0,0,"000000000","00000000000",0,0,0,1,0,0,0,0,0,0,0,998,0,1,5,6,6,2,30,0,0,0,1,9,6066,6,1,0,0,3,3,70,999,98,0,0,0,0,0,0,0,0,3,28,0,0,0,1,2,40,2,1,2,1,0,0,14,12,99,1,4,6,"777777777777","777777777777","777777777777",1,1
9,90140,1,1,1,28,2,4,46,43,0,1,0,9,3,20,421,20421,15,2006,"1GNEK13Z66J1","1","G","N","E","K","1","3","Z","6","6","J","1",0,0,0,"000000000","00000000000",0,0,0,1,0,0,0,0,0,0,0,40,0,9,5,1,6,2,43,0,0,0,1,9,6484,6,1,0,0,3,3,78,999,98,0,0,0,0,0,0,0,0,9,99,99,99,99,1,2,35,1,1,2,1,0,0,99,13,1,1,4,1,"777777777777","777777777777","777777777777",1,1
9,90141,1,1,1,4,8,13,34,24,0,1,0,9,1,72,706,72706,80,2001,"1HD1JBB181Y0","1","H","D","1","J","B","B","1","8","1","Y","0",0,0,0,"000000000","00000000000",0,0,0,1,0,0,0,0,0,0,0,999,0,0,0,12,6,2,24,0,0,0,1,9,6770,6,1,0,0,3,0,72,999,98,0,0,0,0,0,0,0,0,9,28,0,0,0,3,2,65,1,1,2,1,0,0,1,13,9,1,4,1,"777777777777","777777777777","777777777777",1,1
9,90142,1,1,1,9,5,9,39,9,0,1,0,9,2,49,442,49442,20,2004,"5TD2A22C4451","5","T","D","2","A","2","2","C","4","4","5","1",0,0,0,"000000000","00000000000",0,0,0,1,0,0,0,0,0,0,0,30,0,0,0,1,2,5,9,0,0,0,1,9,6906,6,1,0,0,3,0,70,230,98,0,0,0,0,0,0,0,0,0,0,0,0,0,3,2,30,1,1,2,1,2,3,1,83,1,1,1,13,"777777777777","777777777777","777777777777",0,0
9,90143,1,2,1,13,6,19,3,12,2,1,0,9,1,72,706,72706,80,2006,"1HD1GX1186K3","1","H","D","1","G","X","1","1","8","6","K","3",0,0,0,"000000000","00000000000",0,0,0,1,0,0,0,0,0,0,0,998,0,0,0,12,6,2,12,0,0,0,1,9,6468,6,1,6,0,3,3,70,999,98,0,0,1,1,9,2013,11,2014,9,28,0,0,0,1,2,40,2,5,2,1,0,0,14,10,16,1,2,50,"777777777777","777777777777","777777777777",1,1
9,90143,2,2,2,13,6,19,3,12,2,1,0,9,1,62,404,62404,14,2013,"SALVT2BG8DH8","S","A","L","V","T","2","B","G","8","D","H","8",0,0,0,"000000000","00000000000",0,0,0,1,0,0,0,0,0,0,0,998,0,0,0,12,4,3,12,0,0,0,1,9,6611,6,1,0,0,3,0,72,999,98,0,0,0,0,0,0,0,0,0,0,0,0,0,1,2,40,3,6,2,1,0,0,14,62,16,1,1,51,"777777777777","777777777777","777777777777",0,0
9,90144,1,1,2,19,8,2,40,42,0,1,1,9,5,55,33,55033,4,2009,"5NPET46C79H5","5","N","P","E","T","4","6","C","7","9","H","5",0,0,0,"000000000","00000000000",0,0,0,1,0,0,0,0,0,0,0,998,0,0,0,9,6,2,42,0,0,0,1,9,6450,0,0,0,0,0,0,999,999,98,0,0,0,0,0,0,0,0,3,36,91,0,0,1,2,25,2,6,2,1,0,0,14,12,9,3,4,7,"777777777777","777777777777","777777777777",1,0
9,90145,1,1,5,3,9,4,23,46,0,1,0,9,2,35,39,35039,4,2006,"1N4BA41E66C8","1","N","4","B","A","4","1","E","6","6","C","8",0,0,0,"000000000","00000000000",0,0,0,1,0,0,0,0,0,0,0,998,0,0,0,9,6,2,46,0,0,0,1,9,6704,0,0,0,0,0,0,999,999,98,0,0,0,0,0,0,0,0,3,8,0,0,0,1,5,40,1,1,2,1,3,3,1,6,7,3,4,2,"777777777777","777777777777","777777777777",3,1
9,90146,1,1,2,25,8,3,21,33,0,1,0,9,5,48,38,48038,4,2006,"JF1GD67656H5","J","F","1","G","D","6","7","6","5","6","H","5",0,0,0,"000000000","00000000000",0,0,0,1,0,0,0,0,0,0,0,999,0,1,6,1,6,2,2,0,0,1,1,9,6120,0,0,0,0,0,0,999,999,98,0,0,0,0,0,0,0,0,3,36,0,0,0,1,2,25,1,1,2,1,0,0,1,13,7,1,4,1,"777777777777","777777777777","777777777777",1,0
9,90147,1,1,1,16,8,20,11,8,0,1,0,9,1,49,404,49404,14,2007,"JTEBU11F5700","J","T","E","B","U","1","1","F","5","7","0","0",0,0,0,"000000000","00000000000",0,0,0,1,0,0,0,0,0,0,0,35,0,0,0,12,2,3,8,0,0,0,1,9,6475,6,1,0,0,3,0,72,999,98,0,0,0,0,0,0,0,0,0,0,0,0,0,1,2,35,1,1,2,1,0,0,1,80,99,1,1,13,"777777777777","777777777777","777777777777",0,0
9,90148,1,2,2,23,6,15,46,12,6,1,0,9,1,12,37,12037,4,2012,"1FAHP3J21CL1","1","F","A","H","P","3","J","2","1","C","L","1",0,0,0,"000000000","00000000000",0,0,0,1,0,0,0,0,0,0,0,999,0,0,0,9,6,2,12,0,0,0,1,9,6331,6,1,0,0,3,3,70,999,98,0,0,0,0,0,0,0,0,9,0,0,0,0,1,3,50,1,5,2,1,20,3,1,66,1,1,1,89,"777777777777","777777777777","777777777777",1,0
9,90148,2,2,1,23,6,15,46,12,6,1,0,9,1,30,46,30046,4,2005,"WVWAE63B15P0","W","V","W","A","E","6","3","B","1","5","P","0",0,0,0,"000000000","00000000000",0,0,0,1,0,0,0,0,0,0,0,999,0,0,0,12,6,2,12,0,0,0,1,9,6250,6,1,6,0,3,0,69,999,98,0,0,0,1,4,2014,4,2014,9,0,0,0,0,1,3,50,1,5,2,1,0,0,1,55,8,1,3,88,"777777777777","777777777777","777777777777",0,0
9,90149,1,1,2,9,9,14,27,57,0,1,0,9,1,35,39,35039,4,2004,"1N4BA41E44C8","1","N","4","B","A","4","1","E","4","4","C","8",0,0,0,"000000000","00000000000",0,0,0,1,0,0,0,0,0,0,0,998,0,1,3,11,4,3,1,0,0,0,1,9,6255,6,1,0,0,3,0,64,999,98,0,0,1,1,8,2015,8,2015,9,99,99,99,99,3,2,65,1,1,2,1,0,0,1,61,6,1,4,6,"777777777777","777777777777","777777777777",1,0
9,90150,1,2,2,10,9,14,18,12,1,1,0,9,1,21,17,21017,4,1989,"1G3AJ51W0KG3","1","G","3","A","J","5","1","W","0","K","G","3",0,0,0,"000000000","00000000000",0,0,0,1,0,0,0,0,0,0,0,998,0,0,0,6,6,2,12,0,0,0,1,9,6354,6,1,0,0,3,0,66,999,98,0,0,0,0,0,0,0,0,0,0,0,0,0,2,2,65,1,3,2,1,0,0,1,53,1,1,1,25,"777777777777","777777777777","777777777777",1,0
9,90150,2,2,1,10,9,14,18,12,1,1,0,9,3,82,881,82881,66,2015,"1FUBGDD5XFLG","1","F","U","B","G","D","D","5","X","F","L","G",1,1,57,"247538","57247538",3,6,1,1,0,0,0,0,0,0,0,999,0,0,0,12,6,2,12,0,0,0,1,9,6073,6,1,6,0,3,0,78,999,98,0,0,0,0,0,0,0,0,9,26,0,0,0,2,2,65,1,3,2,1,0,0,1,51,9,1,1,24,"888888888888","777777777777","777777777777",0,0
9,90151,1,2,2,9,6,99,99,30,0,1,0,9,2,53,40,53040,5,2010,"JS2YB5A37A63","J","S","2","Y","B","5","A","3","7","A","6","3",0,0,0,"000000000","00000000000",0,0,0,1,0,0,0,0,0,0,0,998,0,0,0,1,6,2,30,0,0,0,1,9,6259,6,1,0,0,3,0,69,999,98,0,0,0,0,0,0,0,0,4,26,0,0,0,2,2,45,1,5,2,1,0,0,1,13,9,3,4,1,"777777777777","777777777777","777777777777",1,0
9,90151,2,2,1,9,6,99,99,30,0,1,0,9,2,12,402,12402,14,2013,"1FMCU9GX8DUC","1","F","M","C","U","9","G","X","8","D","U","C",0,0,0,"000000000","00000000000",0,0,0,1,0,0,0,0,0,0,0,0,0,0,0,5,4,5,12,0,0,0,1,9,6239,6,1,0,0,3,0,65,999,98,0,0,0,0,0,0,0,0,0,0,0,0,0,2,2,45,1,5,2,1,0,0,5,53,1,1,1,98,"777777777777","777777777777","777777777777",0,0
9,90152,1,1,1,23,5,18,33,14,0,1,0,9,1,37,706,37706,80,1997,"JH2SC3308VM1","J","H","2","S","C","3","3","0","8","V","M","1",0,0,0,"000000000","00000000000",0,0,0,1,0,0,0,0,0,0,0,998,0,0,0,12,6,2,14,0,0,0,1,9,6606,6,1,0,0,3,3,70,999,98,0,0,0,0,0,0,0,0,3,8,0,0,0,2,8,30,1,1,2,1,0,0,1,12,1,1,4,6,"777777777777","777777777777","777777777777",1,1
9,90153,1,2,1,15,7,99,99,31,0,1,0,9,1,35,49,35049,6,2003,"JN8AZ08W13W2","J","N","8","A","Z","0","8","W","1","3","W","2",0,0,0,"000000000","00000000000",0,0,0,1,0,0,0,0,0,0,0,0,0,0,0,6,6,2,12,0,0,0,1,9,6040,6,1,0,0,3,0,67,999,98,0,0,0,0,0,0,0,0,0,0,0,0,0,2,2,40,1,1,2,1,1,3,5,53,1,1,3,98,"777777777777","777777777777","777777777777",1,1
9,90153,2,2,1,15,7,99,99,31,0,1,0,9,1,30,46,30046,4,2000,"WVWUH23B3YE3","W","V","W","U","H","2","3","B","3","Y","E","3",0,0,0,"000000000","00000000000",0,0,0,1,0,0,0,0,0,0,0,81,0,0,0,12,6,2,12,0,0,0,1,9,6040,6,1,0,0,3,0,72,999,98,0,0,0,0,0,0,0,0,3,8,58,26,0,3,2,40,2,1,2,1,3,3,14,6,16,9,4,6,"777777777777","777777777777","777777777777",0,1
9,90154,1,1,1,20,7,99,99,32,0,1,0,9,1,72,706,72706,80,2005,"1HD1CGP105K4","1","H","D","1","C","G","P","1","0","5","K","4",0,0,0,"000000000","00000000000",0,0,0,1,0,0,0,0,0,0,0,999,0,0,0,5,2,3,32,0,0,0,1,9,6902,6,1,0,0,3,3,66,999,98,0,0,0,0,0,0,0,0,0,58,0,0,0,1,4,35,1,5,2,1,0,0,1,13,1,1,4,1,"777777777777","777777777777","777777777777",1,0
9,90155,1,5,4,25,8,3,50,12,7,1,0,9,2,20,421,20421,15,2014,"1GNSKBE05ER1","1","G","N","S","K","B","E","0","5","E","R","1",0,0,0,"000000000","00000000000",0,0,0,1,0,0,0,0,0,0,0,0,0,0,0,11,4,5,12,0,0,0,1,9,6457,6,1,6,0,3,0,69,999,98,0,0,0,0,0,0,0,0,0,0,0,0,0,3,4,50,1,1,2,1,0,0,5,61,1,1,1,98,"777777777777","777777777777","777777777777",0,0