"STATE","ST_CASE","VEH_NO","VE_FORMS","NUMOCCS","DAY","MONTH","HOUR","MINUTE","HARM_EV","MAN_COLL","UNITTYPE","HIT_RUN","REG_STAT","OWNER","MAKE","MODEL","MAK_MOD","BODY_TYP","MOD_YEAR","VIN","VIN_1","VIN_2","VIN_3","VIN_4","VIN_5","VIN_6","VIN_7","VIN_8","VIN_9","VIN_10","VIN_11","VIN_12","TOW_VEH","J_KNIFE","MCARR_I1","MCARR_I2","MCARR_ID","GVWR","V_CONFIG","CARGO_BT","HAZ_INV","HAZ_PLAC","HAZ_ID","HAZ_CNO","HAZ_REL","BUS_USE","SPEC_USE","EMER_USE","TRAV_SP","UNDERIDE","ROLLOVER","ROLINLOC","IMPACT1","DEFORMED","TOWED","M_HARM","VEH_SC1","VEH_SC2","FIRE_EXP","DR_PRES","L_STATE","DR_ZIP","L_STATUS","L_TYPE","CDL_STAT","L_ENDORS","L_COMPL","L_RESTRI","DR_HGT","DR_WGT","PREV_ACC","PREV_SUS","PREV_DWI","PREV_SPD","PREV_OTH","FIRST_MO","FIRST_YR","LAST_MO","LAST_YR","SPEEDREL","DR_SF1","DR_SF2","DR_SF3","DR_SF4","VTRAFWAY","VNUM_LAN","VSPD_LIM","VALIGN","VPROFILE","VPAVETYP","VSURCOND","VTRAFCON","VTCONT_F","P_CRASH1","P_CRASH2","P_CRASH3","PCRASH4","PCRASH5","ACC_TYPE","TRLR1VIN","TRLR2VIN","TRLR3VIN","DEATHS","DR_DRINK"
9,90188,2,3,1,7,10,18,35,24,0,1,0,9,1,30,46,30046,6,2002,"WVWXH63B22E1","W","V","W","X","H","6","3","B","2","2","E","1",0,0,0,"000000000","00000000000",0,0,0,1,0,0,0,0,0,0,0,999,0,0,0,12,6,2,12,0,0,0,1,9,6098,6,1,0,0,3,0,64,999,98,0,0,0,1,7,2016,7,2016,0,0,0,0,0,1,2,40,1,1,2,1,0,0,1,62,9,2,1,98,"777777777777","777777777777","777777777777",0,0
9,90188,3,3,3,7,10,18,35,24,0,1,0,9,2,49,32,49032,4,2007,"2T1BR32E97C7","2","T","1","B","R","3","2","E","9","7","C","7",0,0,0,"000000000","00000000000",0,0,0,1,0,0,0,0,0,0,0,999,0,0,0,12,2,3,12,0,0,0,1,9,6790,6,1,0,0,3,0,60,999,98,0,0,1,1,3,2014,10,2015,9,0,0,0,0,1,2,40,1,1,2,1,0,0,1,62,8,2,1,98,"777777777777","777777777777","777777777777",0,0
9,90189,1,4,1,20,10,18,8,12,2,1,9,9,1,51,43,51043,6,2001,"YV1SW61R4120","Y","V","1","S","W","6","1","R","4","1","2","0",0,0,0,"000000000","00000000000",0,0,0,1,0,0,0,0,0,0,0,999,0,0,0,12,6,2,12,0,0,0,1,9,6107,6,1,0,0,3,0,71,999,98,0,0,0,0,0,0,0,0,3,51,0,0,0,1,4,40,1,5,2,1,0,0,1,10,1,9,2,50,"777777777777","777777777777","777777777777",0,0
9,90189,2,4,1,20,10,18,8,12,2,1,9,9,1,37,32,37032,4,2011,"1HGCP2F81BA0","1","H","G","C","P","2","F","8","1","B","A","0",0,0,0,"000000000","00000000000",0,0,0,1,0,0,0,0,0,0,0,999,0,0,0,12,6,2,12,0,0,0,1,9,6001,6,1,0,0,3,3,63,999,98,0,0,0,0,0,0,0,0,0,0,0,0,0,1,4,40,1,6,2,1,0,0,1,62,99,9,9,51,"777777777777","777777777777","777777777777",1,0
9,90189,3,4,1,20,10,18,8,12,2,1,9,9,3,51,50,51050,6,2016,"YV4612RM3G28","Y","V","4","6","1","2","R","M","3","G","2","8",0,0,0,"000000000","00000000000",0,0,0,1,0,0,0,0,0,0,0,999,0,0,0,12,4,3,12,0,0,0,1,9,6117,6,1,0,0,3,3,65,999,98,0,0,0,0,0,0,0,0,0,0,0,0,0,1,4,40,1,6,2,1,0,0,1,62,99,9,1,98,"777777777777","777777777777","777777777777",0,0
9,90189,4,4,1,20,10,18,8,12,2,1,9,9,1,37,31,37031,4,2002,"2HGES16592H5","2","H","G","E","S","1","6","5","9","2","H","5",0,0,0,"000000000","00000000000",0,0,0,1,0,0,0,0,0,0,0,999,0,0,0,11,4,3,12,0,0,0,1,9,6107,6,1,0,0,3,3,69,999,98,0,0,0,0,0,0,0,0,0,0,0,0,0,1,4,40,1,6,2,1,0,0,1,62,99,9,1,98,"777777777777","777777777777","777777777777",0,0
9,90190,1,1,1,16,10,12,19,9,0,1,0,9,1,12,402,12402,14,2015,"1FMCU9G98FUA","1","F","M","C","U","9","G","9","8","F","U","A",0,0,0,"000000000","00000000000",0,0,0,1,0,0,0,0,0,0,0,998,0,0,0,6,4,3,9,0,0,0,1,9,6365,6,1,0,0,3,0,65,999,98,0,0,0,0,0,0,0,0,0,0,0,0,0,0,0,0,0,0,0,0,0,0,13,83,1,1,5,92,"777777777777","777777777777","777777777777",0,0
9,90191,1,2,1,15,10,13,55,12,1,1,9,9,1,12,880,12880,67,2003,"1FTWX33P93EC","1","F","T","W","X","3","3","P","9","3","E","C",0,0,77,"777777777","77777777777",2,1,97,1,0,0,0,0,0,0,0,999,0,1,5,6,6,2,1,0,0,0,1,9,6415,6,1,0,0,3,0,68,999,98,0,0,0,0,0,0,0,0,9,99,99,99,99,3,4,65,2,1,2,1,0,0,14,53,1,1,1,25,"777777777777","777777777777","777777777777",1,0
9,90191,2,2,1,15,10,13,55,12,1,1,9,25,3,30,402,30402,14,2016,"WVGBV7AX2GW6","W","V","G","B","V","7","A","X","2","G","W","6",0,0,0,"000000000","00000000000",0,0,0,1,0,0,0,0,0,0,0,999,0,0,0,12,6,2,12,0,0,0,1,9,6111,1,1,0,0,2,0,63,999,98,2,0,0,0,11,2011,8,2016,9,36,0,0,0,3,4,65,2,1,2,1,0,0,14,51,1,1,1,24,"777777777777","777777777777","777777777777",0,0
9,90192,1,1,1,17,10,1,2,17,0,1,0,9,2,37,421,37421,15,2005,"2HKYF18135H5","2","H","K","Y","F","1","8","1","3","5","H","5",0,0,0,"000000000","00000000000",0,0,0,1,0,0,0,0,0,0,0,65,0,0,0,11,6,2,17,0,0,0,1,9,6498,6,1,0,0,3,0,70,999,98,0,0,0,0,0,0,0,0,0,28,0,0,0,3,2,65,1,1,2,1,0,0,1,12,1,1,4,6,"777777777777","777777777777","777777777777",1,1
9,90193,1,2,1,25,10,16,31,12,6,1,0,9,1,48,38,48038,4,2002,"JF1GG685X2G8","J","F","1","G","G","6","8","5","X","2","G","8",0,0,0,"000000000","00000000000",0,0,0,1,0,0,0,0,0,0,0,998,0,0,0,11,6,2,12,0,0,0,1,9,6791,6,1,0,0,3,0,70,999,98,0,0,0,0,0,0,0,0,0,0,0,0,0,1,4,45,1,1,2,1,0,0,11,15,99,1,1,82,"777777777777","777777777777","777777777777",0,0
9,90193,2,2,1,25,10,16,31,12,6,1,0,9,1,76,705,76705,80,2009,"JYARJ16EX9A0","J","Y","A","R","J","1","6","E","X","9","A","0",0,0,0,"000000000","00000000000",0,0,0,1,0,0,0,0,0,0,0,998,0,0,0,12,6,2,12,0,0,0,1,9,6095,6,1,6,0,2,0,67,999,98,0,0,0,0,0,0,0,0,3,8,0,0,0,2,4,45,1,1,2,1,0,0,1,71,99,1,1,83,"777777777777","777777777777","777777777777",1,0
9,90194,1,1,1,29,5,21,56,1,0,1,0,9,2,72,706,72706,80,1997,"1HD1CGP11VY2","1","H","D","1","C","G","P","1","1","V","Y","2",0,0,0,"000000000","00000000000",0,0,0,1,0,0,0,0,0,0,0,999,0,0,0,0,2,3,99,0,0,0,1,9,6512,6,1,0,0,3,0,67,999,98,0,0,0,0,0,0,0,0,9,99,99,99,99,1,2,25,1,1,2,1,0,0,1,9,16,1,3,98,"777777777777","777777777777","777777777777",1,0
9,90195,1,1,1,30,7,2,16,14,0,1,9,9,0,76,706,76706,80,2007,"JYARN20E97A0","J","Y","A","R","N","2","0","E","9","7","A","0",0,0,0,"000000000","00000000000",0,0,0,1,0,0,0,0,0,0,0,998,0,0,0,12,6,2,14,0,0,0,1,9,6360,1,1,0,0,2,0,72,999,98,3,0,0,0,8,2015,2,2016,3,36,0,0,0,1,2,25,3,6,2,1,0,0,14,13,1,1,4,1,"777777777777","777777777777","777777777777",1,1
9,90196,1,2,2,7,10,11,37,12,2,1,9,9,1,35,51,35051,6,2011,"JN8AS5MV8BW2","J","N","8","A","S","5","M","V","8","B","W","2",0,0,0,"000000000","00000000000",0,0,0,1,0,0,0,0,0,0,0,998,0,0,0,12,6,2,12,0,0,0,1,9,6475,6,1,0,0,3,0,69,999,98,0,0,0,0,0,0,0,0,0,0,0,0,0,2,2,55,1,1,2,1,0,0,1,62,1,1,1,51,"777777777777","777777777777","777777777777",0,0
9,90196,2,2,1,7,10,11,37,12,2,1,9,9,1,49,402,49402,14,1998,"JT3XP10VXW00","J","T","3","X","P","1","0","V","X","W","0","0",0,0,0,"000000000","00000000000",0,0,0,1,0,0,0,0,0,0,0,998,0,0,0,12,6,2,12,0,0,0,1,9,6484,6,1,0,0,3,0,72,999,98,0,0,0,2,4,2014,8,2014,0,28,0,0,0,2,2,55,1,1,2,1,0,0,1,12,99,9,2,50,"777777777777","777777777777","777777777777",1,0
9,90197,1,2,1,7,10,17,50,12,6,1,9,9,2,20,421,20421,15,2007,"1GNFK13027R1","1","G","N","F","K","1","3","0","2","7","R","1",0,0,0,"000000000","00000000000",0,0,0,1,0,0,0,0,0,0,0,999,0,0,0,12,6,2,12,0,0,0,1,9,6469,6,2,0,0,3,3,63,999,98,0,0,0,0,0,0,0,0,9,38,0,0,0,1,2,40,1,1,2,1,3,3,11,15,1,1,2,68,"777777777777","777777777777","777777777777",0,0
9,90197,2,2,1,7,10,17,50,12,6,1,9,9,1,58,35,58035,4,2001,"JNKCA31A31T0","J","N","K","C","A","3","1","A","3","1","T","0",0,0,0,"000000000","00000000000",0,0,0,1,0,0,0,0,0,0,0,999,0,0,0,11,6,2,12,0,0,0,1,9,6492,6,1,0,0,3,3,69,999,98,0,0,0,0,0,0,0,0,9,0,0,0,0,1,2,40,1,1,2,1,3,3,1,62,1,1,1,69,"777777777777","777777777777","777777777777",1,0
9,90198,1,1,1,28,10,21,54,8,0,1,0,9,1,37,32,37032,4,1990,"1HGCB7659LA1","1","H","G","C","B","7","6","5","9","L","A","1",0,0,0,"000000000","00000000000",0,0,0,1,0,0,0,0,0,0,0,999,0,0,0,12,4,3,8,0,0,0,1,9,6512,6,1,0,0,3,3,68,999,98,0,0,0,0,0,0,0,0,9,0,0,0,0,1,4,35,1,1,2,1,0,0,1,80,1,1,1,13,"777777777777","777777777777","777777777777",0,0
9,90199,1,2,1,19,6,19,47,12,6,1,0,9,1,51,43,51043,4,1998,"YV1LS5672W25","Y","V","1","L","S","5","6","7","2","W","2","5",0,0,0,"000000000","00000000000",0,0,0,1,0,0,0,0,0,0,0,998,0,0,0,1,4,3,12,0,0,0,1,9,6051,6,1,0,0,3,3,60,999,98,0,0,0,0,0,0,0,0,0,0,0,0,0,1,2,0,1,5,2,1,0,0,11,17,6,1,1,82,"777777777777","777777777777","777777777777",0,1
9,90199,2,2,1,19,6,19,47,12,6,1,0,9,5,37,705,37705,80,9999,"999999999999","9","9","9","9","9","9","9","9","9","9","9","9",0,0,0,"000000000","00000000000",0,0,0,1,0,0,0,0,0,0,0,998,0,0,0,12,4,3,12,0,0,0,1,9,6051,0,0,0,0,0,0,66,999,98,0,0,0,0,0,0,0,0,9,8,0,0,0,1,2,0,1,6,2,1,0,0,1,55,16,1,3,83,"777777777777","777777777777","777777777777",1,1
9,90200,1,2,1,28,7,18,36,12,6,1,0,9,1,37,403,37403,14,2003,"5J6YH28563L0","5","J","6","Y","H","2","8","5","6","3","L","0",0,0,0,"000000000","00000000000",0,0,0,1,0,0,0,0,0,0,0,998,0,0,0,11,4,3,12,0,0,0,1,9,6051,6,1,0,0,3,0,69,999,98,0,0,0,1,2,2015,2,2015,0,0,0,0,0,1,2,25,1,1,2,1,3,3,11,53,99,1,1,72,"777777777777","777777777777","777777777777",0,0
9,90200,2,2,1,28,7,18,36,12,6,1,0,9,0,98,701,98701,81,2014,"L5YACBPA3E11","L","5","Y","A","C","B","P","A","3","E","1","1",0,0,0,"000000000","00000000000",0,0,0,1,0,0,0,0,0,0,0,998,0,0,0,12,6,2,30,0,0,0,1,9,6051,3,1,0,0,2,0,69,999,98,0,0,0,0,0,0,0,0,0,0,0,0,0,2,2,25,1,1,2,1,3,3,6,17,6,1,2,73,"777777777777","777777777777","777777777777",1,1
9,90201,1,1,1,16,5,23,41,42,0,1,0,9,1,49,40,49040,4,2001,"4T1BG22K01U0","4","T","1","B","G","2","2","K","0","1","U","0",0,0,0,"000000000","00000000000",0,0,0,1,0,0,0,0,0,0,0,999,0,0,0,12,6,2,42,0,0,1,1,9,6877,6,1,0,0,3,0,71,999,98,0,0,0,0,0,0,0,0,0,0,0,0,0,1,2,45,3,1,2,1,0,0,14,13,1,1,4,1,"777777777777","777777777777","777777777777",1,0
9,90202,1,2,2,30,10,2,18,12,2,1,0,9,1,49,32,49032,4,2010,"2T1BU4EE8AC3","2","T","1","B","U","4","E","E","8","A","C","3",0,0,0,"000000000","00000000000",0,0,0,1,0,0,0,0,0,0,0,0,0,0,0,12,6,2,12,0,0,0,1,9,6776,6,1,0,0,3,3,63,999,98,0,0,0,0,0,0,0,0,0,0,0,0,0,1,4,25,1,1,2,1,0,0,5,62,1,1,1,51,"777777777777","777777777777","777777777777",1,0
9,90202,2,2,2,30,10,2,18,12,2,1,0,9,2,48,45,48045,6,2004,"4S3BH6259473","4","S","3","B","H","6","2","5","9","4","7","3",0,0,0,"000000000","00000000000",0,0,0,1,0,0,0,0,0,0,0,998,0,0,0,12,6,2,12,0,0,0,1,9,6106,1,1,0,0,2,0,999,999,98,0,0,0,0,0,0,0,0,3,28,8,37,0,1,4,25,1,1,2,1,0,0,1,6,1,1,2,50,"777777777777","777777777777","777777777777",0,1
9,90203,1,1,1,3,11,5,25,30,0,1,0,9,2,35,43,35043,4,1994,"1N4EB31F9RC8","1","N","4","E","B","3","1","F","9","R","C","8",0,0,0,"000000000","00000000000",0,0,0,1,0,0,0,0,0,0,0,998,0,0,0,9,6,2,30,0,0,0,1,9,6076,6,1,0,0,3,3,76,999,98,1,0,0,1,11,2014,12,2014,9,58,0,0,0,1,2,35,1,1,2,1,0,0,1,9,9,3,4,2,"777777777777","777777777777","777777777777",1,0
9,90204,1,3,2,21,10,15,57,12,7,1,0,9,3,20,461,20461,28,2014,"1GCWGFCA6E11","1","G","C","W","G","F","C","A","6","E","1","1",0,0,0,"000000000","00000000000",0,0,0,1,0,0,0,0,0,0,0,60,0,0,0,1,2,5,12,0,0,0,1,9,6606,1,1,0,0,2,3,64,999,98,1,0,2,5,3,2013,9,2014,0,0,0,0,0,2,3,55,1,1,2,1,0,0,1,60,1,1,1,44,"777777777777","777777777777","777777777777",0,0
9,90204,2,3,1,21,10,15,57,12,7,1,0,9,1,52,34,52034,4,2002,"4A3AA46H42E0","4","A","3","A","A","4","6","H","4","2","E","0",0,0,0,"000000000","00000000000",0,0,0,1,0,0,0,0,0,0,0,999,0,0,0,7,6,2,12,0,0,0,1,9,6511,1,1,0,0,2,0,67,999,98,1,1,0,0,8,2016,8,2016,9,28,0,0,0,2,3,55,1,1,2,1,0,0,15,10,15,1,2,45,"777777777777","777777777777","777777777777",1,0
9,90204,3,3,3,21,10,15,57,12,7,1,0,9,3,12,481,12481,39,2008,"1FTWW30548EC","1","F","T","W","W","3","0","5","4","8","E","C",0,0,0,"000000000","00000000000",0,0,0,1,0,0,0,0,0,0,0,65,0,0,0,12,6,2,12,0,0,0,1,9,6108,6,1,0,0,3,0,66,999,98,0,0,0,1,0,0,0,0,0,0,0,0,0,2,3,55,1,1,2,1,0,0,1,54,1,1,1,98,"777777777777","777777777777","777777777777",0,0
9,90205,1,1,1,27,9,19,47,8,0,1,0,9,1,59,403,59403,14,2007,"2T2HK31U67C0","2","T","2","H","K","3","1","U","6","7","C","0",0,0,0,"000000000","00000000000",0,0,0,1,0,0,0,0,0,0,0,998,0,0,0,12,4,5,8,0,0,0,1,9,6824,6,1,0,0,3,0,65,999,98,0,0,0,0,0,0,0,0,0,0,0,0,0,1,4,30,1,1,2,1,0,0,1,80,1,1,1,13,"777777777777","777777777777","777777777777",0,0
9,90206,1,2,2,27,8,14,6,12,6,1,0,9,1,37,41,37041,3,2011,"JHMZF1C65BS0","J","H","M","Z","F","1","C","6","5","B","S","0",0,0,0,"000000000","00000000000",0,0,0,1,0,0,0,0,0,0,0,999,0,0,0,11,6,2,12,0,0,0,1,9,6515,6,1,0,0,3,0,71,999,98,0,0,0,0,0,0,0,0,0,38,0,0,0,1,2,25,1,1,2,1,0,0,11,15,1,1,2,68,"777777777777","777777777777","777777777777",0,0
9,90206,2,2,1,27,8,14,6,12,6,1,0,9,1,37,706,37706,80,2009,"JH2RC53429K2","J","H","2","R","C","5","3","4","2","9","K","2",0,0,0,"000000000","00000000000",0,0,0,1,0,0,0,0,0,0,0,999,0,0,0,9,6,2,12,0,0,0,1,9,6457,6,1,0,0,3,0,69,999,98,0,0,0,0,0,0,0,0,0,0,0,0,0,1,2,25,1,1,2,1,0,0,1,62,99,1,1,69,"777777777777","777777777777","777777777777",1,0
9,90207,1,1,1,4,11,8,17,24,0,1,0,9,2,30,40,30040,4,2011,"3VWDZ7AJ9BM3","3","V","W","D","Z","7","A","J","9","B","M","3",0,0,0,"000000000","00000000000",0,0,0,1,0,0,0,0,0,0,0,999,0,1,5,11,6,2,1,0,0,0,1,9,6423,6,1,0,0,3,3,74,999,98,0,0,0,2,4,2015,11,2015,9,28,0,0,0,1,2,20,3,1,2,1,0,0,14,13,1,9,4,1,"777777777777","777777777777","777777777777",1,0
9,90208,1,1,1,9,11,18,6,30,0,1,0,9,2,20,431,20431,16,2002,"1GNFK16Z12J2","1","G","N","F","K","1","6","Z","1","2","J","2",0,0,0,"000000000","00000000000",0,0,0,1,0,0,0,0,0,0,0,55,0,0,0,12,6,2,30,0,0,0,1,9,6277,6,1,0,0,3,3,66,999,98,0,0,0,0,0,0,0,0,9,99,99,99,99,1,2,45,1,1,2,1,0,0,1,12,1,1,4,6,"777777777777","777777777777","777777777777",1,0
9,90209,1,1,1,8,11,3,51,42,0,1,0,34,2,34,401,34401,14,2015,"5UXKR6C57F0J","5","U","X","K","R","6","C","5","7","F","0","J",0,0,0,"000000000","00000000000",0,0,0,1,0,0,0,0,0,0,0,998,0,0,0,10,6,2,42,0,0,0,1,36,11570,6,1,0,0,3,0,71,999,0,0,0,0,0,0,0,0,0,3,0,0,0,0,2,2,55,2,1,2,1,0,0,14,13,1,1,4,1,"777777777777","777777777777","777777777777",1,1
9,90210,1,1,1,4,11,18,20,15,0,1,0,9,1,37,402,37402,14,2006,"SHSRD77816U4","S","H","S","R","D","7","7","8","1","6","U","4",0,0,0,"000000000","00000000000",0,0,0,1,0,0,0,0,0,0,0,998,0,0,0,12,4,5,15,0,0,0,1,9,6108,6,1,0,0,3,3,65,999,98,0,0,0,0,0,0,0,0,0,0,0,0,0,1,2,35,1,1,2,1,0,0,1,80,1,1,1,13,"777777777777","777777777777","777777777777",0,0
9,90211,1,1,1,8,8,0,5,33,0,1,0,9,1,14,6,14006,4,1999,"2MEFM75W9XX6","2","M","E","F","M","7","5","W","9","X","X","6",0,0,0,"000000000","00000000000",0,0,0,1,0,0,0,0,0,0,0,999,0,0,0,12,6,2,42,0,0,0,1,9,6483,6,1,0,0,3,0,62,999,98,0,0,0,0,0,0,0,0,3,36,0,0,0,1,2,30,1,1,2,1,0,0,1,12,1,1,4,6,"777777777777","777777777777","777777777777",1,0
9,90212,1,2,1,7,7,15,34,12,6,1,0,9,1,51,43,51043,6,2009,"YV4BZ982X910","Y","V","4","B","Z","9","8","2","X","9","1","0",0,0,0,"000000000","00000000000",0,0,0,1,0,0,0,0,0,0,0,998,0,0,0,2,6,2,12,0,0,0,1,9,6457,6,1,0,0,3,0,64,999,98,0,0,0,0,0,0,0,0,0,38,0,0,0,1,2,45,1,1,2,2,0,0,11,15,99,1,1,68,"777777777777","777777777777","777777777777",1,0
9,90212,2,2,1,7,7,15,34,12,6,1,0,9,3,12,481,12481,31,2013,"1FT7W2B65DEB","1","F","T","7","W","2","B","6","5","D","E","B",0,0,0,"000000000","00000000000",0,0,0,1,0,0,0,0,0,0,0,998,0,0,0,12,6,2,12,0,0,0,1,9,6489,6,1,0,0,3,3,72,999,98,0,0,0,0,0,0,0,0,0,0,0,0,0,1,2,45,1,1,2,2,0,0,1,17,99,1,1,69,"777777777777","777777777777","777777777777",0,0
9,90213,1,1,1,15,8,9,55,8,0,1,0,45,2,20,403,20403,14,2004,"1GNDT13S1423","1","G","N","D","T","1","3","S","1","4","2","3",0,0,0,"000000000","00000000000",0,0,0,1,0,0,0,0,0,0,0,51,0,0,0,1,2,3,8,0,0,0,1,9,6492,6,1,0,0,3,0,76,999,98,0,0,0,1,10,2015,10,2015,3,36,91,0,0,1,2,25,1,6,2,1,0,0,1,83,1,1,1,13,"777777777777","777777777777","777777777777",0,0
9,90214,1,5,1,23,10,13,31,12,8,1,0,9,1,12,402,12402,14,2014,"1FMCU9GX3EUA","1","F","M","C","U","9","G","X","3","E","U","A",0,0,0,"000000000","00000000000",0,0,0,1,0,0,0,0,0,0,0,35,0,0,0,11,6,2,12,0,0,0,1,9,6759,6,1,0,0,3,0,68,999,98,0,0,0,1,7,2016,7,2016,0,28,0,0,0,1,2,35,3,1,2,1,0,0,14,10,1,1,2,64,"777777777777","777777777777","777777777777",0,1
9,90214,2,5,1,23,10,13,31,12,8,1,0,9,1,72,706,72706,80,2005,"1HD1FSW115Y6","1","H","D","1","F","S","W","1","1","5","Y","6",0,0,0,"000000000","00000000000",0,0,0,1,0,0,0,0,0,0,0,45,0,0,0,11,6,2,12,0,0,0,1,9,6791,6,1,0,0,3,3,72,999,98,0,0,0,0,0,0,0,0,0,0,0,0,0,1,2,45,2,1,2,1,0,0,14,62,9,1,1,65,"777777777777","777777777777","777777777777",0,0
9,90214,3,5,2,23,10,13,31,12,8,1,0,9,1,72,706,72706,80,2015,"1HD1TAN18FB9","1","H","D","1","T","A","N","1","8","F","B","9",0,0,0,"000000000","00000000000",0,0,0,1,0,0,0,0,0,0,0,45,0,0,0,12,6,2,12,0,0,0,1,9,6791,6,1,6,0,3,3,74,999,98,0,0,0,0,0,0,0,0,0,0,0,0,0,1,2,45,2,1,2,1,0,0,14,62,16,1,1,98,"777777777777","777777777777","777777777777",1,0
9,90214,4,5,2,23,10,13,31,12,8,1,0,9,2,72,706,72706,80,2006,"1HD1KAV116Y6","1","H","D","1","K","A","V","1","1","6","Y","6",0,0,0,"000000000","00000000000",0,0,0,1,0,0,0,0,0,0,0,45,0,0,0,2,4,3,12,0,0,0,1,9,6489,6,1,6,0,2,0,72,999,98,0,0,0,0,0,0,0,0,0,0,0,0,0,1,2,45,2,1,2,1,0,0,14,62,8,1,1,98,"777777777777","777777777777","777777777777",0,0
9,90214,5,5,1,23,10,13,31,12,8,1,0,9,1,72,706,72706,80,2006,"1HD1FFW166Y6","1","H","D","1","F","F","W","1","6","6","Y","6",0,0,0,"000000000","00000000000",0,0,0,1,0,0,0,0,0,0,0,45,0,0,0,8,4,3,12,0,0,0,1,9,6010,6,1,0,0,3,0,73,999,98,0,0,0,0,0,0,0,0,0,0,0,0,0,1,2,45,2,1,2,1,0,0,14,62,9,1,1,98,"777777777777","777777777777","777777777777",0,0
9,90215,1,1,1,31,10,22,48,30,0,1,0,9,3,2,404,2404,14,1997,"1J4GZ78Y9VC5","1","J","4","G","Z","7","8","Y","9","V","C","5",0,0,0,"000000000","00000000000",0,0,0,1,0,0,0,0,0,0,0,999,0,0,0,12,6,2,30,0,0,0,1,36,6053,6,1,0,0,3,0,66,999,0,0,0,0,2,4,2012,8,2012,3,0,0,0,0,1,2,25,1,5,2,1,0,0,1,12,1,1,4,6,"777777777777","777777777777","777777777777",1,0
9,90216,1,3,1,9,11,21,20,24,0,1,0,9,1,22,19,22019,2,2007,"1G2AL15F6773","1","G","2","A","L","1","5","F","6","7","7","3",0,0,0,"000000000","00000000000",0,0,0,1,0,0,0,0,0,0,0,999,0,0,0,12,6,2,12,0,0,0,1,9,6708,6,1,0,0,3,0,70,999,98,0,0,0,0,0,0,0,0,4,28,0,0,0,1,2,40,3,1,2,2,0,0,14,12,6,9,4,6,"777777777777","777777777777","777777777777",1,0
9,90216,2,3,1,9,11,21,20,24,0,1,0,9,2,37,32,37032,4,2012,"1HGCP2F6XCA1","1","H","G","C","P","2","F","6","X","C","A","1",0,0,0,"000000000","00000000000",0,0,0,1,0,0,0,0,0,0,0,999,0,0,0,12,6,2,12,0,0,0,1,9,6483,6,1,0,0,3,0,70,999,98,0,0,0,0,0,0,0,0,0,0,0,0,0,1,2,40,2,1,2,2,0,0,14,62,1,1,1,98,"777777777777","777777777777","777777777777",0,0
9,90216,3,3,2,9,11,21,20,24,0,1,0,9,1,7,24,7024,4,2010,"2B3CA3CV3AH1","2","B","3","C","A","3","C","V","3","A","H","1",0,0,0,"000000000","00000000000",0,0,0,1,0,0,0,0,0,0,0,999,0,0,0,12,4,3,12,0,0,0,1,9,6483,6,1,0,0,3,3,65,999,98,0,0,0,0,0,0,0,0,0,0,0,0,0,2,2,40,2,1,2,2,0,0,14,62,1,1,1,98,"777777777777","777777777777","777777777777",0,0
9,90217,1,1,0,10,9,14,23,8,0,1,0,9,6,12,3,12003,2,2004,"1FAFP42X54F1","1","F","A","F","P","4","2","X","5","4","F","1",0,0,0,"000000000","00000000000",0,0,0,1,0,0,0,0,0,0,0,998,0,0,0,6,2,3,8,0,0,0,0,0,99997,7,6,97,7,6,7,998,997,998,998,998,998,998,98,9998,98,9998,8,0,0,0,0,0,0,0,0,0,0,0,0,0,0,20,0,0,0,98,"777777777777","777777777777","777777777777",0,0
9,90218,1,2,2,30,11,17,50,12,1,1,0,9,3,20,461,20461,21,2009,"1GCGG29C2911","1","G","C","G","G","2","9","C","2","9","1","1",0,0,0,"000000000","00000000000",0,0,0,1,0,0,0,0,0,0,0,998,0,0,0,6,6,2,12,0,0,0,1,9,6524,6,1,0,0,3,3,66,999,98,0,0,0,0,0,0,0,0,0,0,0,0,0,1,2,25,1,1,2,2,0,0,1,53,1,1,1,25,"777777777777","777777777777","777777777777",0,0
9,90218,3,2,1,30,11,17,50,12,1,1,0,9,2,37,31,37031,4,1997,"JHMEJ6577VS0","J","H","M","E","J","6","5","7","7","V","S","0",0,0,0,"000000000","00000000000",0,0,0,1,0,0,0,0,0,0,0,998,0,0,0,12,6,2,12,0,0,0,1,9,6511,6,1,0,0,3,0,68,999,98,0,0,0,0,0,0,0,0,4,26,28,0,0,1,2,25,1,1,2,2,0,0,1,51,1,1,1,24,"777777777777","777777777777","777777777777",1,1
9,90219,1,2,1,27,11,6,31,12,6,1,0,9,1,52,47,52047,6,2007,"JA4MT41X37Z0","J","A","4","M","T","4","1","X","3","7","Z","0",0,0,0,"000000000","00000000000",0,0,0,1,0,0,0,0,0,0,0,999,0,0,0,1,6,2,12,0,0,0,1,9,6489,6,1,0,0,3,3,62,999,98,0,0,0,0,0,0,0,0,0,0,0,0,0,1,4,35,1,1,2,1,3,3,11,10,1,1,2,82,"777777777777","777777777777","777777777777",0,0
9,90219,2,2,1,27,11,6,31,12,6,1,0,9,1,73,705,73705,80,2004,"JKAVNDA154B5","J","K","A","V","N","D","A","1","5","4","B","5",0,0,0,"000000000","00000000000",0,0,0,1,0,0,0,0,0,0,0,999,0,0,0,12,6,2,12,0,0,0,1,9,6010,6,1,0,0,3,0,67,999,98,0,0,0,0,0,0,0,0,0,0,0,0,0,1,4,35,1,1,2,1,3,3,1,62,99,9,1,83,"777777777777","777777777777","777777777777",1,0