"STATE","ST_CASE","VEH_NO","VE_FORMS","NUMOCCS","DAY","MONTH","HOUR","MINUTE","HARM_EV","MAN_COLL","UNITTYPE","HIT_RUN","REG_STAT","OWNER","MAKE","MODEL","MAK_MOD","BODY_TYP","MOD_YEAR","VIN","VIN_1","VIN_2","VIN_3","VIN_4","VIN_5","VIN_6","VIN_7","VIN_8","VIN_9","VIN_10","VIN_11","VIN_12","TOW_VEH","J_KNIFE","MCARR_I1","MCARR_I2","MCARR_ID","GVWR","V_CONFIG","CARGO_BT","HAZ_INV","HAZ_PLAC","HAZ_ID","HAZ_CNO","HAZ_REL","BUS_USE","SPEC_USE","EMER_USE","TRAV_SP","UNDERIDE","ROLLOVER","ROLINLOC","IMPACT1","DEFORMED","TOWED","M_HARM","VEH_SC1","VEH_SC2","FIRE_EXP","DR_PRES","L_STATE","DR_ZIP","L_STATUS","L_TYPE","CDL_STAT","L_ENDORS","L_COMPL","L_RESTRI","DR_HGT","DR_WGT","PREV_ACC","PREV_SUS","PREV_DWI","PREV_SPD","PREV_OTH","FIRST_MO","FIRST_YR","LAST_MO","LAST_YR","SPEEDREL","DR_SF1","DR_SF2","DR_SF3","DR_SF4","VTRAFWAY","VNUM_LAN","VSPD_LIM","VALIGN","VPROFILE","VPAVETYP","VSURCOND","VTRAFCON","VTCONT_F","P_CRASH1","P_CRASH2","P_CRASH3","PCRASH4","PCRASH5","ACC_TYPE","TRLR1VIN","TRLR2VIN","TRLR3VIN","DEATHS","DR_DRINK"
9,90220,1,2,1,8,10,2,0,12,2,1,1,99,9,99,999,99999,99,9999,"999999999999","9","9","9","9","9","9","9","9","9","9","9","9",0,0,0,"000000000","00000000000",0,0,0,1,0,0,0,0,0,0,0,999,0,0,0,12,4,5,12,0,0,0,1,99,99999,9,9,99,9,9,9,999,999,99,99,99,99,99,99,9999,99,9999,9,51,48,0,0,1,4,25,1,1,2,1,3,3,10,16,1,1,1,80,"777777777777","777777777777","777777777777",0,0
9,90220,2,2,1,8,10,2,0,12,2,1,0,9,1,53,705,53705,80,2006,"JS1VP53A7621","J","S","1","V","P","5","3","A","7","6","2","1",0,0,0,"000000000","00000000000",0,0,0,1,0,0,0,0,0,0,0,999,0,0,0,12,6,2,12,0,0,0,1,9,6779,6,1,0,0,3,0,69,999,98,0,0,0,1,10,2014,10,2014,0,0,0,0,0,2,4,25,1,1,2,1,3,3,1,67,1,1,1,81,"777777777777","777777777777","777777777777",1,1
9,90221,1,1,1,16,7,1,59,33,0,1,0,9,2,72,706,72706,80,2000,"1HD1GHV16YY3","1","H","D","1","G","H","V","1","6","Y","Y","3",0,0,0,"000000000","00000000000",0,0,0,1,0,0,0,0,0,0,0,999,0,0,0,99,6,2,33,0,0,0,1,9,6614,6,1,0,0,3,0,72,999,98,0,0,0,0,0,0,0,0,3,0,0,0,0,1,4,30,2,1,2,1,0,0,14,12,1,1,4,6,"777777777777","777777777777","777777777777",1,1
9,90222,1,2,1,19,7,9,31,12,6,1,0,9,1,20,22,20022,4,2007,"1G1AK55F8771","1","G","1","A","K","5","5","F","8","7","7","1",0,0,0,"000000000","00000000000",0,0,0,1,0,0,0,0,0,0,0,999,0,0,0,9,6,2,12,0,0,0,1,9,6067,6,1,0,0,3,0,59,999,98,0,0,0,0,0,0,0,0,0,0,0,0,0,1,2,35,1,1,2,1,0,0,11,15,1,1,7,82,"777777777777","777777777777","777777777777",1,0
9,90222,2,2,1,19,7,9,31,12,6,1,0,9,3,38,882,38882,61,2009,"JALE5W169973","J","A","L","E","5","W","1","6","9","9","7","3",0,0,57,"545907","57545907",2,1,1,1,0,0,0,0,0,0,0,999,0,1,1,12,6,2,12,0,0,0,1,9,6040,6,1,0,0,3,0,71,999,98,1,1,0,0,2,2012,2,2012,0,0,0,0,0,1,2,35,1,1,2,1,0,0,1,72,8,1,1,83,"777777777777","777777777777","777777777777",0,0
9,90223,1,2,0,19,11,16,8,8,0,1,0,36,6,12,471,12471,30,1999,"1FTZR15V1XTA","1","F","T","Z","R","1","5","V","1","X","T","A",0,0,0,"000000000","00000000000",0,0,0,1,0,0,0,0,0,0,0,998,0,0,0,10,4,3,12,0,0,0,0,0,99997,7,6,97,7,6,7,998,997,998,998,998,998,998,98,9998,98,9998,8,0,0,0,0,3,3,55,3,1,2,1,0,0,0,61,0,0,0,98,"777777777777","777777777777","777777777777",0,0
9,90223,2,2,1,19,11,16,8,8,0,1,0,38,3,85,881,85881,66,2009,"1XKAD49X49J2","1","X","K","A","D","4","9","X","4","9","J","2",1,1,57,"1993043","571993043",3,6,6,1,0,0,0,0,0,0,0,998,0,0,0,12,2,3,8,0,0,0,1,34,8030,6,1,6,0,3,0,71,999,0,0,0,1,2,2,2013,6,2015,0,28,0,0,0,3,3,55,3,1,2,1,0,0,14,13,1,1,4,13,"1W9H85320DH1","777777777777","777777777777",0,0
9,90224,1,1,1,4,12,5,35,31,0,1,0,9,1,49,40,49040,4,2002,"4T1BE32K32U6","4","T","1","B","E","3","2","K","3","2","U","6",0,0,0,"000000000","00000000000",0,0,0,1,0,0,0,0,0,0,0,999,0,9,5,11,6,2,1,0,0,0,1,9,6360,6,1,6,0,3,0,68,999,98,0,0,0,0,0,0,0,0,0,28,0,0,0,1,2,45,2,6,2,1,0,0,14,11,1,1,4,6,"777777777777","777777777777","777777777777",1,1
9,90225,1,2,1,5,12,22,42,31,0,1,0,9,2,49,32,49032,4,2001,"2T1BR12E31C4","2","T","1","B","R","1","2","E","3","1","C","4",0,0,0,"000000000","00000000000",0,0,0,1,0,0,0,0,0,0,0,999,0,0,0,5,6,2,12,0,0,0,1,9,6114,1,1,0,0,2,0,71,999,98,2,0,0,0,6,2016,11,2016,0,0,0,0,0,3,3,50,1,1,2,1,0,0,1,13,1,1,4,1,"777777777777","777777777777","777777777777",1,0
9,90225,2,2,1,5,12,22,42,31,0,1,0,17,3,51,881,51881,66,2007,"4V4NC9TG47N4","4","V","4","N","C","9","T","G","4","7","N","4",1,1,57,"2304403","572304403",3,6,1,1,0,0,0,0,0,0,0,999,0,0,0,12,6,2,12,0,0,0,1,17,60659,6,1,6,1,3,0,72,999,0,0,0,0,0,0,0,0,0,0,0,0,0,0,3,3,50,1,1,2,1,0,0,1,60,15,1,1,98,"5V8VA5324DM3","888888888888","777777777777",0,0
9,90226,1,1,1,9,12,17,14,8,0,1,0,9,1,12,473,12473,30,2003,"1FMZU77E83UC","1","F","M","Z","U","7","7","E","8","3","U","C",0,0,0,"000000000","00000000000",0,0,0,1,0,0,0,0,0,0,0,998,0,0,0,12,4,3,8,0,0,0,1,9,6484,6,1,0,0,3,0,70,999,98,0,0,0,0,0,0,0,0,9,38,0,0,0,1,2,25,1,6,2,1,0,0,1,80,1,1,1,13,"777777777777","777777777777","777777777777",0,0
9,90227,1,3,2,1,12,17,24,12,8,1,0,9,1,23,471,23471,30,1999,"1GTCS1440X85","1","G","T","C","S","1","4","4","0","X","8","5",0,0,0,"000000000","00000000000",0,0,0,1,0,0,0,0,0,0,0,999,0,0,0,10,6,2,12,0,0,0,1,9,6339,6,1,0,0,3,3,75,999,98,0,0,0,0,0,0,0,0,9,0,0,0,0,1,2,35,3,1,2,1,0,0,14,62,9,9,1,65,"777777777777","777777777777","777777777777",0,0
9,90227,2,3,3,1,12,17,24,12,8,1,0,9,1,2,422,2422,15,2015,"1C4RJFCG7FC8","1","C","4","R","J","F","C","G","7","F","C","8",0,0,0,"000000000","00000000000",0,0,0,1,0,0,0,0,0,0,0,999,0,0,0,12,6,2,12,0,0,0,1,9,6339,6,1,0,0,3,0,64,999,98,0,0,0,0,0,0,0,0,9,0,0,0,0,2,2,35,3,1,2,1,0,0,14,62,16,9,1,98,"777777777777","777777777777","777777777777",0,0
9,90227,3,3,1,1,12,17,24,12,8,1,0,9,1,12,15,12015,4,1992,"1FAPP36X8NK1","1","F","A","P","P","3","6","X","8","N","K","1",0,0,0,"000000000","00000000000",0,0,0,1,0,0,0,0,0,0,0,999,0,0,0,11,6,2,12,0,0,0,1,9,6351,6,1,0,0,3,3,60,999,98,0,0,0,1,1,2015,1,2015,9,28,0,0,0,2,2,35,2,1,2,1,0,0,14,10,1,1,2,64,"777777777777","777777777777","777777777777",1,0
9,90228,1,2,1,28,10,5,55,12,7,1,9,9,1,2,404,2404,14,1987,"1JCML7747HT1","1","J","C","M","L","7","7","4","7","H","T","1",0,0,0,"000000000","00000000000",0,0,0,1,0,0,0,0,0,0,0,999,0,1,5,11,6,2,1,0,0,0,1,9,6437,6,1,0,0,3,3,66,999,98,0,0,0,0,0,0,0,0,0,0,0,0,0,3,3,55,3,1,2,2,0,0,14,60,1,1,1,45,"777777777777","777777777777","777777777777",1,0
9,90228,2,2,1,28,10,5,55,12,7,1,9,9,2,54,39,54039,4,2004,"JH4CL96864C0","J","H","4","C","L","9","6","8","6","4","C","0",0,0,0,"000000000","00000000000",0,0,0,1,0,0,0,0,0,0,0,70,0,0,0,1,6,2,12,0,0,0,1,9,6062,6,1,0,0,3,0,70,999,98,0,0,0,0,0,0,0,0,4,28,0,0,0,3,3,55,1,1,2,2,0,0,15,11,1,1,2,46,"777777777777","777777777777","777777777777",0,0
9,90229,1,1,1,8,11,8,16,42,0,1,0,9,1,49,472,49472,30,2005,"5TENX22N15Z0","5","T","E","N","X","2","2","N","1","5","Z","0",0,0,0,"000000000","00000000000",0,0,0,1,0,0,0,0,0,0,0,998,0,0,0,62,6,2,42,0,0,0,1,9,6238,6,1,0,0,3,0,67,999,98,0,0,0,0,0,0,0,0,0,0,0,0,0,1,2,40,1,1,2,1,0,0,1,13,99,1,4,1,"777777777777","777777777777","777777777777",1,0
9,90230,1,2,1,27,11,18,25,12,6,1,0,9,1,37,403,37403,14,2004,"5J6YH276X4L0","5","J","6","Y","H","2","7","6","X","4","L","0",0,0,0,"000000000","00000000000",0,0,0,1,0,0,0,0,0,0,0,999,0,0,0,12,6,2,12,0,0,0,1,9,6405,6,1,0,0,3,3,73,999,98,0,0,0,0,0,0,0,0,0,0,0,0,0,1,3,40,1,1,2,1,3,3,1,62,99,1,1,69,"777777777777","777777777777","777777777777",0,0
9,90230,2,2,6,27,11,18,25,12,6,1,1,9,2,49,32,49032,4,2016,"2T1BURHE4GC6","2","T","1","B","U","R","H","E","4","G","C","6",0,0,0,"000000000","00000000000",0,0,0,1,0,0,0,0,0,0,0,999,0,0,0,1,6,2,12,0,0,0,1,9,6610,0,0,0,0,0,0,999,999,98,1,0,0,0,6,2015,6,2015,9,8,38,0,0,1,3,40,1,1,2,1,3,3,11,15,1,1,2,68,"777777777777","777777777777","777777777777",1,0
9,90231,1,1,2,1,12,11,50,31,0,1,0,9,2,12,401,12401,14,1997,"1FMDU35P3VUC","1","F","M","D","U","3","5","P","3","V","U","C",0,0,0,"000000000","00000000000",0,0,0,1,0,0,0,0,0,0,0,999,0,1,6,1,6,2,1,0,0,0,1,9,6801,1,1,5,0,2,0,73,999,98,2,0,0,0,2,2013,3,2013,3,36,0,0,0,1,2,25,3,1,2,1,0,0,14,13,6,1,4,1,"777777777777","777777777777","777777777777",1,0
9,90232,1,1,1,1,12,19,50,8,0,1,9,9,1,48,45,48045,6,2008,"4S4BP61C2873","4","S","4","B","P","6","1","C","2","8","7","3",0,0,0,"000000000","00000000000",0,0,0,1,0,0,0,0,0,0,0,999,0,0,0,12,6,2,8,0,0,0,1,9,6013,6,1,0,0,3,0,65,999,98,0,0,1,0,2,2015,2,2015,0,0,0,0,0,3,4,50,1,1,2,1,0,0,1,80,99,9,1,13,"777777777777","777777777777","777777777777",0,0
9,90233,1,2,1,13,12,19,0,12,1,1,0,9,3,98,884,98884,63,1996,"4P1CT02S9TA0","4","P","1","C","T","0","2","S","9","T","A","0",0,0,77,"777777777","77777777777",3,2,97,1,0,0,0,0,0,7,5,0,0,0,0,6,6,2,12,41,0,0,1,9,6426,6,1,6,0,3,3,72,999,98,0,0,0,0,0,0,0,0,0,54,0,0,0,3,2,65,1,1,2,1,98,3,5,53,1,1,1,21,"777777777777","777777777777","777777777777",0,0
9,90233,2,2,1,13,12,19,0,12,1,1,0,9,1,49,32,49032,4,2001,"2T1BR12E81C4","2","T","1","B","R","1","2","E","8","1","C","4",0,0,0,"000000000","00000000000",0,0,0,1,0,0,0,0,0,0,0,998,0,0,0,12,6,2,12,0,0,0,1,9,6417,6,1,0,0,3,0,66,999,98,0,0,0,0,0,0,0,0,9,41,0,0,0,3,2,65,1,1,2,1,0,0,1,50,1,1,1,20,"777777777777","777777777777","777777777777",1,0
9,90234,1,1,2,19,12,13,59,23,0,1,0,25,2,2,403,2403,14,2000,"1J4FA29P9YP7","1","J","4","F","A","2","9","P","9","Y","P","7",0,0,0,"000000000","00000000000",0,0,0,1,0,0,0,0,0,0,0,998,0,1,5,12,6,2,1,0,0,0,1,9,6095,6,1,0,0,3,0,69,999,98,0,0,0,1,11,2016,11,2016,3,28,36,0,0,3,3,65,1,1,2,1,0,0,1,6,7,3,4,2,"777777777777","777777777777","777777777777",1,0
9,90235,1,1,2,22,12,17,33,8,0,1,1,9,1,20,481,20481,31,2005,"1GCEC14X55Z2","1","G","C","E","C","1","4","X","5","5","Z","2",0,0,0,"000000000","00000000000",0,0,0,1,0,0,0,0,0,0,0,998,0,0,0,12,4,5,8,0,0,0,1,9,6708,6,1,0,0,3,3,70,999,98,0,0,1,0,3,2016,3,2016,9,36,91,0,0,3,2,65,1,5,2,1,0,0,1,80,1,1,1,13,"777777777777","777777777777","777777777777",0,1
9,90236,1,1,1,7,12,17,44,8,0,1,1,99,9,99,999,99999,99,9999,"999999999999","9","9","9","9","9","9","9","9","9","9","9","9",0,0,0,"000000000","00000000000",0,0,0,1,0,0,0,0,0,99,0,998,0,0,0,12,9,5,8,0,0,0,1,99,99999,9,9,99,9,9,9,999,999,99,99,99,99,99,99,9999,99,9999,9,0,0,0,0,1,2,25,3,1,2,1,3,3,14,80,99,9,9,13,"777777777777","777777777777","777777777777",0,0
9,90237,1,2,1,16,6,22,34,12,6,1,0,9,2,76,705,76705,80,2000,"JYARJ04N9YA0","J","Y","A","R","J","0","4","N","9","Y","A","0",0,0,0,"000000000","00000000000",0,0,0,1,0,0,0,0,0,0,0,998,0,0,0,12,6,2,12,0,0,0,1,9,6704,6,1,0,0,3,0,68,999,98,0,0,0,0,0,0,0,0,3,8,0,0,0,1,4,25,1,1,2,1,3,3,1,17,1,1,1,69,"777777777777","777777777777","777777777777",1,1
9,90237,2,2,1,16,6,22,34,12,6,1,0,9,1,2,404,2404,14,2005,"1J4GR48K95C6","1","J","4","G","R","4","8","K","9","5","C","6",0,0,0,"000000000","00000000000",0,0,0,1,0,0,0,0,0,0,0,998,0,0,0,2,6,2,12,0,0,0,1,9,6704,6,1,0,0,3,0,72,999,98,0,0,0,0,0,0,0,0,0,0,0,0,0,1,4,25,1,1,2,1,3,3,11,15,1,1,1,68,"777777777777","777777777777","777777777777",0,0
9,90238,1,2,1,12,12,6,37,12,6,1,0,9,2,37,31,37031,2,2008,"2HGFG12658H5","2","H","G","F","G","1","2","6","5","8","H","5",0,0,0,"000000000","00000000000",0,0,0,1,0,0,0,0,0,0,0,998,0,0,0,81,6,2,12,0,0,0,1,9,6478,6,1,0,0,3,3,67,999,98,0,0,0,0,0,0,0,0,9,28,0,0,0,1,2,40,3,6,2,10,0,0,14,5,6,4,2,64,"777777777777","777777777777","777777777777",1,0
9,90238,2,2,1,12,12,6,37,12,6,1,0,9,3,86,881,86881,63,2003,"1M2P324C13M0","1","M","2","P","3","2","4","C","1","3","M","0",0,0,57,"597862","57597862",3,2,7,1,0,0,0,0,0,0,0,998,0,0,0,12,6,2,12,0,0,0,1,9,6770,6,1,6,0,3,0,71,999,98,0,0,0,0,0,0,0,0,9,0,0,0,0,1,2,40,2,5,2,10,0,0,14,62,16,1,1,65,"777777777777","777777777777","777777777777",0,0
9,90239,1,1,1,26,12,18,44,42,0,1,0,9,2,12,481,12481,31,2004,"1FTNX21L84EE","1","F","T","N","X","2","1","L","8","4","E","E",0,0,0,"000000000","00000000000",0,0,0,1,0,0,0,0,0,0,0,998,0,0,0,11,6,2,42,0,0,0,1,9,6027,1,1,0,0,2,0,70,999,98,0,0,0,0,0,0,0,0,9,28,0,0,0,1,2,25,1,1,2,4,0,0,1,13,1,1,4,1,"777777777777","777777777777","777777777777",1,1
9,90240,1,1,2,24,12,21,53,25,0,1,0,9,0,35,401,35401,14,2011,"5N1AR1NB8BC6","5","N","1","A","R","1","N","B","8","B","C","6",0,0,0,"000000000","00000000000",0,0,0,1,0,0,0,0,0,0,0,998,0,0,0,12,6,2,25,0,0,1,1,9,6606,0,0,0,0,0,0,999,999,98,0,0,0,0,0,0,0,0,4,36,0,0,0,2,2,25,1,1,2,4,40,3,1,14,1,1,4,14,"777777777777","777777777777","777777777777",2,1
9,90241,1,1,1,1,12,17,6,15,0,1,0,9,1,20,22,20022,4,2008,"1G1AL58F5871","1","G","1","A","L","5","8","F","5","8","7","1",0,0,0,"000000000","00000000000",0,0,0,1,0,0,0,0,0,0,0,999,0,0,0,12,4,3,15,0,0,0,1,9,6053,6,1,0,0,3,0,63,999,98,0,0,0,0,0,0,0,0,0,0,0,0,0,3,2,25,1,1,2,1,0,0,1,83,1,1,1,13,"777777777777","777777777777","777777777777",0,0
9,90242,1,2,3,31,10,17,19,12,6,1,0,9,1,49,40,49040,4,2001,"4T1BF22K11U1","4","T","1","B","F","2","2","K","1","1","U","1",0,0,0,"000000000","00000000000",0,0,0,1,0,0,0,0,0,0,0,999,0,0,0,2,6,2,12,0,0,0,1,9,6351,6,1,0,0,3,0,72,999,98,0,0,1,0,1,2014,1,2014,0,38,91,0,0,1,2,45,1,1,2,1,0,0,11,15,1,1,2,68,"777777777777","777777777777","777777777777",1,1
9,90242,2,2,1,31,10,17,19,12,6,1,0,9,2,34,34,34034,4,2001,"WBAAV33401FV","W","B","A","A","V","3","3","4","0","1","F","V",0,0,0,"000000000","00000000000",0,0,0,1,0,0,0,0,0,0,0,999,0,1,1,1,6,2,1,0,0,0,1,9,6359,6,1,0,0,3,0,65,999,98,0,0,0,1,5,2014,5,2014,0,0,0,0,0,1,2,45,1,1,2,1,0,0,1,62,99,9,1,69,"777777777777","777777777777","777777777777",0,0
9,90243,2,1,1,1,12,11,28,14,0,1,0,33,3,85,884,85884,66,2001,"1XKTDB9X31J8","1","X","K","T","D","B","9","X","3","1","J","8",0,0,57,"1550894","571550894",3,5,96,1,0,0,0,0,0,0,0,998,0,0,0,12,6,2,8,0,0,0,1,33,3110,6,1,6,9,9,9,999,999,99,99,99,99,99,99,9999,99,9999,9,99,99,99,99,3,2,65,1,6,2,1,0,0,1,13,1,1,4,11,"777777777777","777777777777","777777777777",0,0
9,90244,1,1,1,28,12,12,54,42,0,1,0,44,1,12,481,12481,31,1993,"2FTDF15Y0PCB","2","F","T","D","F","1","5","Y","0","P","C","B",0,0,0,"000000000","00000000000",0,0,0,1,0,0,0,0,0,0,0,999,0,0,0,12,6,2,42,0,0,0,1,44,2825,6,1,0,0,3,0,64,999,1,0,0,0,0,12,2016,12,2016,9,0,0,0,0,1,2,35,1,1,2,1,0,0,1,13,1,1,4,1,"777777777777","777777777777","777777777777",1,1
9,90245,1,1,1,11,12,2,5,8,0,1,0,9,1,18,2,18002,4,2004,"1G4HP52K94U1","1","G","4","H","P","5","2","K","9","4","U","1",0,0,0,"000000000","00000000000",0,0,0,1,0,0,0,0,0,0,0,998,0,0,0,12,6,2,8,0,0,0,1,9,6610,0,0,0,0,0,0,999,999,98,0,0,0,0,0,0,0,0,0,0,0,0,0,2,4,35,1,1,2,1,0,0,1,80,1,1,1,13,"777777777777","777777777777","777777777777",0,0
9,90246,1,2,1,19,10,14,30,12,2,1,0,9,1,48,38,48038,4,2006,"JF1GD676X6G5","J","F","1","G","D","6","7","6","X","6","G","5",0,0,0,"000000000","00000000000",0,0,0,1,0,0,0,0,0,0,0,999,0,0,0,12,6,2,12,0,0,0,1,9,6067,6,1,0,0,3,0,67,999,98,0,0,0,0,0,0,0,0,9,28,0,0,0,1,2,25,1,1,2,1,0,0,1,10,1,1,2,50,"777777777777","777777777777","777777777777",0,1
9,90246,2,2,1,19,10,14,30,12,2,1,0,9,1,37,31,37031,4,2010,"2HGFA1F56AH5","2","H","G","F","A","1","F","5","6","A","H","5",0,0,0,"000000000","00000000000",0,0,0,1,0,0,0,0,0,0,0,999,0,0,0,12,6,2,12,0,0,0,1,9,6111,6,1,0,0,3,0,64,999,98,0,0,0,0,0,0,0,0,9,0,0,0,0,1,2,25,1,1,2,1,0,0,1,62,99,9,9,51,"777777777777","777777777777","777777777777",1,1
9,90247,1,1,2,14,12,1,28,31,0,1,0,9,2,37,32,37032,4,2010,"1HGCP2F34AA1","1","H","G","C","P","2","F","3","4","A","A","1",0,0,0,"000000000","00000000000",0,0,0,1,0,0,0,0,0,0,0,998,0,0,0,12,6,2,42,0,0,0,1,9,6606,6,1,6,0,3,0,72,999,98,0,0,0,0,0,0,0,0,3,28,0,0,0,6,1,25,1,1,2,1,20,3,1,6,99,9,4,1,"777777777777","777777777777","777777777777",2,0
9,90248,1,2,1,18,9,99,99,12,6,1,9,9,1,53,705,53705,80,2015,"JS1GN7FA5F21","J","S","1","G","N","7","F","A","5","F","2","1",0,0,0,"000000000","00000000000",0,0,0,1,0,0,0,0,0,0,0,998,0,0,0,12,6,2,12,0,0,0,1,9,6424,6,1,0,0,3,3,68,999,98,0,0,1,1,1,2016,4,2016,0,0,0,0,0,3,4,45,1,5,2,1,0,0,1,70,16,1,1,79,"777777777777","777777777777","777777777777",1,0
9,90248,2,2,3,18,9,99,99,12,6,1,0,9,2,20,32,20032,5,1991,"1Y1SK5461MZ0","1","Y","1","S","K","5","4","6","1","M","Z","0",0,0,0,"000000000","00000000000",0,0,0,1,0,0,0,0,0,0,0,998,0,0,0,8,6,2,12,0,0,0,1,9,6480,6,1,0,0,3,0,69,999,98,0,0,0,0,0,0,0,0,0,38,0,0,0,3,4,45,1,5,2,1,0,0,10,16,1,1,1,78,"777777777777","777777777777","777777777777",0,0
9,90249,1,6,2,2,7,11,8,12,1,1,9,9,1,12,481,12481,31,2007,"1FTPX14V17NA","1","F","T","P","X","1","4","V","1","7","N","A",0,0,0,"000000000","00000000000",0,0,0,1,0,0,0,0,0,0,0,998,0,0,0,5,6,2,12,0,0,0,1,9,6477,6,1,0,0,3,0,72,999,98,0,0,0,0,0,0,0,0,0,0,0,0,0,3,4,65,1,5,2,1,0,0,2,53,1,1,1,98,"777777777777","777777777777","777777777777",0,0
9,90249,2,6,3,2,7,11,8,12,1,1,9,25,1,55,401,55401,14,2014,"5XYZUDLA2EG2","5","X","Y","Z","U","D","L","A","2","E","G","2",0,0,0,"000000000","00000000000",0,0,0,1,0,0,0,0,0,0,0,998,0,0,0,99,6,2,12,0,0,0,1,25,2703,6,1,0,0,3,0,73,999,0,0,0,0,0,0,0,0,0,0,0,0,0,0,3,4,65,1,5,2,1,0,0,2,53,1,1,1,98,"777777777777","777777777777","777777777777",0,0
9,90249,3,6,1,2,7,11,8,12,1,1,9,25,2,37,31,37031,4,2007,"1HGFA16597L0","1","H","G","F","A","1","6","5","9","7","L","0",0,0,0,"000000000","00000000000",0,0,0,1,0,0,0,0,0,0,0,998,0,0,0,5,6,2,12,0,0,0,1,36,11206,6,1,0,0,3,0,71,999,0,0,0,0,0,0,0,0,0,0,0,0,0,0,3,4,65,1,5,2,1,0,0,2,53,1,1,1,98,"777777777777","777777777777","777777777777",0,0
9,90249,4,6,5,2,7,11,8,12,1,1,9,36,1,62,421,62421,15,2015,"SALWR2VF1FA6","S","A","L","W","R","2","V","F","1","F","A","6",0,0,0,"000000000","00000000000",0,0,0,1,0,0,0,0,0,0,0,998,0,0,0,11,6,2,12,0,0,0,1,36,11024,6,1,0,0,3,0,72,999,0,0,0,0,0,0,0,0,0,0,0,0,0,0,3,4,65,1,5,2,1,0,0,2,53,1,1,1,98,"777777777777","777777777777","777777777777",0,0
9,90249,5,6,5,2,7,11,8,12,1,1,9,9,2,49,53,49053,5,2014,"4T3BA3BB0EU0","4","T","3","B","A","3","B","B","0","E","U","0",0,0,0,"000000000","00000000000",0,0,0,1,0,0,0,0,0,0,0,998,0,0,0,6,6,2,12,0,0,0,1,9,6611,6,1,0,0,3,0,68,999,98,0,0,0,0,0,0,0,0,0,0,0,0,0,3,4,65,1,5,2,1,0,0,2,53,1,1,1,29,"777777777777","777777777777","777777777777",1,0
9,90249,6,6,1,2,7,11,8,12,1,1,9,25,3,85,881,85881,66,2008,"1XKWD49X48J2","1","X","K","W","D","4","9","X","4","8","J","2",1,1,57,"436103","57436103",3,6,1,1,0,0,0,0,0,0,0,998,0,0,0,12,6,2,12,0,0,0,1,25,2135,6,1,6,0,3,0,73,999,1,0,0,1,0,3,2013,6,2015,4,26,0,0,0,3,4,65,1,5,2,1,0,0,1,52,99,9,1,28,"888888888888","777777777777","777777777777",0,0
9,90250,1,2,3,31,12,5,14,12,1,1,0,9,2,20,441,20441,20,2003,"1GNEL19X63B1","1","G","N","E","L","1","9","X","6","3","B","1",0,0,0,"000000000","00000000000",0,0,0,1,0,0,0,0,0,0,0,998,0,1,5,6,6,2,1,0,0,0,1,36,10454,6,1,0,0,3,0,66,999,0,0,0,0,0,0,0,0,0,9,0,0,0,0,3,3,55,1,1,2,1,0,0,1,53,1,1,1,25,"777777777777","777777777777","777777777777",1,0
9,90250,2,2,1,31,12,5,14,12,1,1,0,36,1,30,40,30040,4,2014,"3VWD17AJ0EM2","3","V","W","D","1","7","A","J","0","E","M","2",0,0,0,"000000000","00000000000",0,0,0,1,0,0,0,0,0,0,0,998,0,0,0,12,6,2,12,0,0,0,1,36,6610,9,1,99,9,9,9,999,999,99,99,99,99,99,99,9999,99,9999,9,26,0,0,0,3,3,55,1,1,2,1,0,0,1,51,99,1,1,24,"777777777777","777777777777","777777777777",0,0
9,90251,1,1,2,4,3,22,28,43,0,1,9,9,1,2,404,2404,14,2006,"1J4HR58286C1","1","J","4","H","R","5","8","2","8","6","C","1",0,0,0,"000000000","00000000000",0,0,0,1,0,0,0,0,0,0,0,998,0,0,0,6,6,2,42,0,0,0,1,9,6611,6,1,0,0,3,0,62,999,98,0,0,0,0,0,0,0,0,0,36,0,0,0,1,2,25,1,6,2,1,0,0,13,20,11,1,4,92,"777777777777","777777777777","777777777777",1,1
9,90252,1,1,1,29,10,23,13,30,0,1,9,9,1,30,42,30042,3,1998,"3VWHD81H3WM1","3","V","W","H","D","8","1","H","3","W","M","1",0,0,0,"000000000","00000000000",0,0,0,1,0,0,0,0,0,0,0,999,0,1,5,1,6,2,1,0,0,0,1,9,6360,6,1,0,0,3,0,69,999,98,1,1,1,0,2,2012,2,2014,9,0,0,0,0,3,2,65,2,6,2,1,0,0,14,13,8,9,4,1,"777777777777","777777777777","777777777777",1,0
9,90253,1,1,1,30,9,19,31,8,0,1,9,9,1,20,22,20022,4,2007,"1G1AK55F5772","1","G","1","A","K","5","5","F","5","7","7","2",0,0,0,"000000000","00000000000",0,0,0,1,0,0,0,0,0,0,0,999,0,0,0,12,4,3,8,0,0,0,1,9,6779,6,1,0,0,3,3,69,999,98,0,0,0,0,0,0,0,0,9,99,99,99,99,1,2,30,1,5,2,2,0,0,1,80,1,1,9,13,"777777777777","777777777777","777777777777",0,0
9,90254,1,1,2,25,11,9,48,42,0,1,0,25,2,48,45,48045,4,2011,"4S3BMBK60B32","4","S","3","B","M","B","K","6","0","B","3","2",0,0,0,"000000000","00000000000",0,0,0,1,0,0,0,0,0,0,0,999,0,0,0,12,6,2,42,0,0,1,1,25,2148,6,1,0,0,3,3,70,999,1,0,0,0,0,10,2015,10,2015,9,99,99,99,99,3,2,65,1,1,2,1,0,0,1,13,1,1,4,1,"777777777777","777777777777","777777777777",2,0
9,90255,1,2,1,7,8,23,56,12,2,1,0,9,1,12,17,12017,4,2003,"1FAFP55U23A2","1","F","A","F","P","5","5","U","2","3","A","2",0,0,0,"000000000","00000000000",0,0,0,1,0,0,0,0,0,0,0,998,0,0,0,12,6,2,12,0,0,0,1,9,6705,6,1,0,0,3,0,69,999,98,0,0,0,0,0,0,0,0,0,36,28,51,0,1,2,25,3,5,2,1,0,0,14,54,1,1,2,50,"777777777777","777777777777","777777777777",1,1