"STATE","ST_CASE","VEH_NO","VE_FORMS","NUMOCCS","DAY","MONTH","HOUR","MINUTE","HARM_EV","MAN_COLL","UNITTYPE","HIT_RUN","REG_STAT","OWNER","MAKE","MODEL","MAK_MOD","BODY_TYP","MOD_YEAR","VIN","VIN_1","VIN_2","VIN_3","VIN_4","VIN_5","VIN_6","VIN_7","VIN_8","VIN_9","VIN_10","VIN_11","VIN_12","TOW_VEH","J_KNIFE","MCARR_I1","MCARR_I2","MCARR_ID","GVWR","V_CONFIG","CARGO_BT","HAZ_INV","HAZ_PLAC","HAZ_ID","HAZ_CNO","HAZ_REL","BUS_USE","SPEC_USE","EMER_USE","TRAV_SP","UNDERIDE","ROLLOVER","ROLINLOC","IMPACT1","DEFORMED","TOWED","M_HARM","VEH_SC1","VEH_SC2","FIRE_EXP","DR_PRES","L_STATE","DR_ZIP","L_STATUS","L_TYPE","CDL_STAT","L_ENDORS","L_COMPL","L_RESTRI","DR_HGT","DR_WGT","PREV_ACC","PREV_SUS","PREV_DWI","PREV_SPD","PREV_OTH","FIRST_MO","FIRST_YR","LAST_MO","LAST_YR","SPEEDREL","DR_SF1","DR_SF2","DR_SF3","DR_SF4","VTRAFWAY","VNUM_LAN","VSPD_LIM","VALIGN","VPROFILE","VPAVETYP","VSURCOND","VTRAFCON","VTCONT_F","P_CRASH1","P_CRASH2","P_CRASH3","PCRASH4","PCRASH5","ACC_TYPE","TRLR1VIN","TRLR2VIN","TRLR3VIN","DEATHS","DR_DRINK"
10,100082,2,3,1,1,7,15,30,12,6,1,0,42,1,2,404,2404,14,2004,"1J4GW48S74C3","1","J","4","G","W","4","8","S","7","4","C","3",0,0,0,"000000000","00000000000",0,0,0,1,0,0,0,0,0,0,0,998,0,0,0,12,6,2,12,0,0,0,1,42,19522,6,1,0,0,3,0,68,999,0,0,0,0,0,0,0,0,0,0,39,0,0,0,2,2,55,1,1,2,1,3,3,1,17,99,1,1,83,"777777777777","777777777777","777777777777",0,0
10,100082,3,3,1,1,7,15,30,12,6,1,0,10,1,6,18,6018,4,2013,"1C3CCBCG5DN7","1","C","3","C","C","B","C","G","5","D","N","7",0,0,0,"000000000","00000000000",0,0,0,1,0,0,0,0,0,0,0,0,0,0,0,6,2,8,12,0,0,0,1,34,8021,6,1,0,0,3,3,73,999,0,0,0,0,0,0,0,0,0,0,0,0,0,0,2,3,55,1,1,2,1,3,3,5,64,99,9,1,98,"777777777777","777777777777","777777777777",0,0
10,100083,1,1,2,10,11,19,47,30,0,1,0,34,3,7,29,7029,4,2016,"1C3CDFBB7GD7","1","C","3","C","D","F","B","B","7","G","D","7",0,0,0,"000000000","00000000000",0,0,0,1,0,0,0,0,0,0,0,74,0,0,0,12,6,2,30,0,0,0,1,36,10304,6,1,0,0,3,3,74,999,1,2,0,0,1,10,2012,9,2015,3,28,6,53,0,1,2,50,3,8,2,1,0,0,14,13,6,4,4,1,"777777777777","777777777777","777777777777",1,0
10,100084,1,1,1,29,11,22,33,42,0,1,0,10,1,37,32,37032,4,1999,"1HGCG5552XA0","1","H","G","C","G","5","5","5","2","X","A","0",0,0,0,"000000000","00000000000",0,0,0,1,0,0,0,0,0,0,0,998,0,0,0,61,6,2,42,0,0,0,1,10,19901,6,1,0,0,3,0,71,145,0,0,0,1,0,3,2016,3,2016,0,99,99,99,99,3,2,55,1,2,2,2,0,0,1,13,99,3,4,1,"777777777777","777777777777","777777777777",1,1
10,100085,1,1,1,18,8,21,6,14,0,1,0,10,1,99,709,99709,80,2002,"5CDM5B5172G0","5","C","D","M","5","B","5","1","7","2","G","0",0,0,0,"000000000","00000000000",0,0,0,1,0,0,0,0,0,0,0,998,0,0,0,12,6,2,14,0,0,0,1,10,19701,6,8,0,0,2,3,69,180,0,0,0,0,0,0,0,0,0,0,28,0,0,0,1,2,40,1,1,2,1,0,0,1,11,99,1,4,11,"777777777777","777777777777","777777777777",1,1
10,100086,1,1,1,13,10,20,1,30,0,1,0,24,1,20,9,20009,2,1994,"2G1FP22P8R21","2","G","1","F","P","2","2","P","8","R","2","1",0,0,0,"000000000","00000000000",0,0,0,1,0,0,0,0,0,0,0,68,0,0,0,12,6,2,30,0,0,0,1,24,21640,6,1,0,0,3,0,71,175,0,1,0,1,1,8,2015,10,2015,3,0,0,0,0,1,2,50,2,8,2,1,0,0,14,12,99,3,4,2,"777777777777","777777777777","777777777777",1,0
10,100087,1,1,1,30,10,4,56,26,0,1,0,10,1,49,32,49032,4,2013,"2T1BU4EE3DC9","2","T","1","B","U","4","E","E","3","D","C","9",0,0,0,"000000000","00000000000",0,0,0,1,0,0,0,0,0,0,0,72,0,0,0,12,6,2,42,0,0,0,1,10,19805,6,1,0,0,3,0,68,221,1,0,0,2,0,2,2014,5,2016,0,28,0,0,0,2,2,55,2,6,2,1,0,0,14,10,99,1,4,6,"777777777777","777777777777","777777777777",1,0
10,100088,1,1,1,14,11,20,17,8,0,1,0,10,1,32,42,32042,4,2014,"WAUFGAFC9EN1","W","A","U","F","G","A","F","C","9","E","N","1",0,0,0,"000000000","00000000000",0,0,0,1,0,0,0,0,0,0,0,45,0,0,0,12,6,2,8,0,0,0,1,10,19806,6,1,0,0,3,3,70,210,0,0,0,0,0,0,0,0,0,0,0,0,0,0,2,3,50,1,1,2,1,0,0,1,80,99,1,1,13,"777777777777","777777777777","777777777777",0,0
10,100089,1,1,1,27,12,8,35,35,0,1,0,10,1,49,40,49040,4,2009,"4T1BE46K29U8","4","T","1","B","E","4","6","K","2","9","U","8",0,0,0,"000000000","00000000000",0,0,0,1,0,0,0,0,0,0,0,62,0,0,0,12,6,2,52,0,0,0,1,10,19946,6,1,0,0,3,0,72,195,0,0,0,0,0,0,0,0,0,4,0,0,0,0,1,2,50,3,8,2,2,0,0,14,6,99,9,4,7,"777777777777","777777777777","777777777777",1,0
10,100090,1,1,1,3,12,1,39,8,0,1,0,10,3,20,421,20421,15,2015,"1GNLC2EC2FR6","1","G","N","L","C","2","E","C","2","F","R","6",0,0,0,"000000000","00000000000",0,0,0,1,0,0,0,0,0,0,0,47,0,0,0,12,6,2,8,0,0,0,1,10,19952,6,1,0,0,3,0,71,210,0,0,0,0,0,0,0,0,0,0,0,0,0,0,1,2,50,8,8,2,1,0,0,1,80,99,1,1,13,"777777777777","777777777777","777777777777",0,0
10,100091,1,2,1,31,10,6,41,24,0,1,0,10,1,13,13,13013,4,2013,"3LN6L2JK4DR8","3","L","N","6","L","2","J","K","4","D","R","8",0,0,0,"000000000","00000000000",0,0,0,1,0,0,0,0,0,0,0,998,0,0,0,7,4,5,12,0,0,0,1,10,19801,6,1,0,0,3,0,71,190,0,0,0,1,0,6,2015,6,2015,0,0,0,0,0,3,2,45,8,8,2,1,0,0,1,64,99,1,1,98,"777777777777","777777777777","777777777777",0,0
10,100091,2,2,1,31,10,6,41,24,0,1,0,34,1,73,706,73706,80,2013,"JKAZXCJ15DA0","J","K","A","Z","X","C","J","1","5","D","A","0",0,0,0,"000000000","00000000000",0,0,0,1,0,0,0,0,0,0,0,998,0,0,0,12,4,3,24,0,0,0,1,10,19805,6,1,6,1,3,0,73,230,0,0,0,0,0,0,0,0,0,3,36,0,0,0,3,2,45,8,8,2,1,0,0,6,51,6,1,4,8,"777777777777","777777777777","777777777777",1,0
10,100092,1,1,1,23,9,16,9,42,0,1,0,10,1,20,471,20471,30,1987,"1GCBS14E0H22","1","G","C","B","S","1","4","E","0","H","2","2",0,0,0,"000000000","00000000000",0,0,0,1,0,0,0,0,0,0,0,998,0,0,0,12,6,2,42,0,0,0,1,10,19962,6,1,0,0,3,3,74,205,0,0,0,2,0,11,2012,8,2013,0,0,0,0,0,1,2,50,1,8,8,1,0,0,1,13,99,2,4,1,"777777777777","777777777777","777777777777",1,0
10,100093,1,1,2,5,6,21,21,35,0,1,0,24,1,35,47,35047,4,2009,"1N4AL21E69N4","1","N","4","A","L","2","1","E","6","9","N","4",0,0,0,"000000000","00000000000",0,0,0,1,0,0,0,0,0,0,0,998,0,0,0,98,6,2,30,0,0,0,1,24,21853,6,1,0,0,3,0,66,164,0,0,0,0,0,0,0,0,0,3,36,0,0,0,1,2,50,3,8,2,1,0,0,14,6,99,2,4,2,"777777777777","777777777777","777777777777",1,1
10,100094,1,2,1,15,9,17,55,12,2,1,0,10,1,20,39,20039,4,2010,"KL1TD6DE0AB1","K","L","1","T","D","6","D","E","0","A","B","1",0,0,0,"000000000","00000000000",0,0,0,1,0,0,0,0,0,0,0,39,0,1,3,12,6,2,12,0,0,0,1,10,19966,6,1,0,0,3,3,70,171,0,0,0,0,0,0,0,0,0,0,51,0,0,0,3,2,65,8,8,1,1,0,0,1,54,99,9,2,50,"777777777777","777777777777","777777777777",1,0
10,100094,2,2,1,15,9,17,55,12,2,1,0,10,3,20,27,20027,4,2012,"6G1MK5U26CL6","6","G","1","M","K","5","U","2","6","C","L","6",0,0,0,"000000000","00000000000",0,0,0,1,0,0,0,0,0,0,0,73,0,0,0,12,6,2,12,0,0,0,1,10,19934,6,1,0,0,3,0,72,180,0,0,0,0,0,0,0,0,0,0,0,0,0,0,3,2,65,8,8,1,1,0,0,1,54,99,1,1,51,"777777777777","777777777777","777777777777",0,0
10,100095,1,2,1,6,7,20,51,12,6,1,0,10,2,12,402,12402,14,2009,"1FMCU03GX9KC","1","F","M","C","U","0","3","G","X","9","K","C",0,0,0,"000000000","00000000000",0,0,0,1,0,0,0,0,0,0,0,998,0,0,0,62,6,2,12,0,0,0,1,10,19966,6,1,0,0,3,0,64,120,0,0,0,0,0,0,0,0,0,0,39,6,0,0,1,2,50,8,8,2,1,20,3,11,17,99,1,2,82,"777777777777","777777777777","777777777777",0,0
10,100095,2,2,1,6,7,20,51,12,6,1,0,10,3,6,441,6441,20,2007,"2A4GP64LX7R3","2","A","4","G","P","6","4","L","X","7","R","3",0,0,0,"000000000","00000000000",0,0,0,1,0,0,0,0,0,0,0,54,0,0,0,12,6,2,12,0,0,0,1,10,19966,6,1,6,0,3,0,71,245,0,0,0,1,0,1,2016,1,2016,0,0,0,0,0,1,2,50,8,8,2,1,0,0,1,68,99,1,1,83,"777777777777","777777777777","777777777777",1,0
10,100096,1,1,1,27,12,3,40,42,0,1,0,24,1,49,472,49472,40,2001,"5TEWM72N41Z7","5","T","E","W","M","7","2","N","4","1","Z","7",0,0,0,"000000000","00000000000",0,0,0,1,0,0,0,0,0,0,0,998,0,0,0,12,6,2,42,0,0,0,1,24,21649,6,1,0,9,3,9,65,150,0,0,0,0,0,0,0,0,0,0,0,0,0,0,1,2,50,1,8,2,2,0,0,1,13,99,1,4,1,"777777777777","777777777777","777777777777",1,1
10,100097,1,2,2,12,11,16,22,12,6,1,0,10,1,35,47,35047,4,2011,"1N4AL2APXBC1","1","N","4","A","L","2","A","P","X","B","C","1",0,0,0,"000000000","00000000000",0,0,0,1,0,0,0,0,0,0,0,998,0,0,0,11,4,3,12,0,0,0,1,10,19711,6,1,6,0,3,3,76,267,0,0,0,0,1,7,2013,7,2013,0,0,0,0,0,3,2,45,8,8,2,1,2,3,11,66,99,1,1,82,"777777777777","777777777777","777777777777",0,0
10,100097,2,2,2,12,11,16,22,12,6,1,0,10,1,20,2,20002,4,2006,"2G1WT58K7692","2","G","1","W","T","5","8","K","7","6","9","2",0,0,0,"000000000","00000000000",0,0,0,1,0,0,0,0,0,0,0,998,0,0,0,12,4,3,12,0,0,0,1,10,19805,6,1,0,0,3,3,64,165,1,0,0,0,1,11,2016,11,2016,0,39,0,0,0,3,2,45,8,8,2,1,1,3,1,17,6,1,2,83,"777777777777","777777777777","777777777777",1,0
10,100098,1,2,1,25,8,18,16,12,6,1,0,10,2,20,37,20037,4,2002,"1G1NE52J72M6","1","G","1","N","E","5","2","J","7","2","M","6",0,0,0,"000000000","00000000000",0,0,0,1,0,0,0,0,0,0,0,53,0,0,0,9,6,2,12,0,0,0,1,10,19901,6,1,0,0,3,3,68,170,0,0,0,0,0,0,0,0,0,0,85,0,0,0,1,2,45,2,8,8,1,0,0,14,64,7,4,2,64,"777777777777","777777777777","777777777777",1,0
10,100098,2,2,1,25,8,18,16,12,6,1,0,51,2,18,2,18002,4,1999,"1G4HR52K3XH4","1","G","4","H","R","5","2","K","3","X","H","4",0,0,0,"000000000","00000000000",0,0,0,1,0,0,0,0,0,0,0,998,0,0,0,12,6,2,12,0,0,0,1,51,19901,6,1,0,9,3,9,70,225,0,0,0,0,0,0,0,0,0,0,0,0,0,0,1,2,45,3,8,8,1,0,0,14,62,99,1,1,65,"777777777777","777777777777","777777777777",0,0
10,100099,1,1,2,17,9,20,2,1,0,1,0,10,1,59,401,59401,14,2002,"JTJHF10U6202","J","T","J","H","F","1","0","U","6","2","0","2",0,0,0,"000000000","00000000000",0,0,0,1,0,0,0,0,0,0,0,64,0,2,1,0,6,2,1,0,0,0,1,10,19934,6,1,0,0,3,0,71,196,0,0,0,4,0,6,2012,11,2015,4,36,0,0,0,1,2,50,3,8,2,1,0,0,14,6,99,4,2,98,"777777777777","777777777777","777777777777",1,0
10,100100,2,1,1,17,10,12,31,8,0,1,0,42,3,85,884,85884,72,2016,"2NKHHJ7X4GM4","2","N","K","H","H","J","7","X","4","G","M","4",0,0,42,"1624212","421624212",3,19,3,1,0,0,0,0,0,0,0,998,0,0,0,12,2,3,8,0,0,0,1,42,19050,6,1,6,0,3,3,72,999,1,0,0,0,0,3,2012,3,2012,0,28,0,0,0,3,2,65,1,1,1,1,0,0,1,13,99,1,4,13,"777777777777","777777777777","777777777777",0,0
10,100101,1,2,1,24,11,9,46,12,1,1,0,54,1,30,46,30046,6,2002,"WVWVD63BX2E3","W","V","W","V","D","6","3","B","X","2","E","3",0,0,0,"000000000","00000000000",0,0,0,1,0,0,0,0,0,0,0,55,0,1,1,6,6,2,12,0,0,0,1,54,25411,6,1,0,0,3,3,72,225,0,0,0,0,0,0,0,0,0,0,0,0,0,0,2,2,55,1,1,2,1,0,0,1,53,99,3,2,25,"777777777777","777777777777","777777777777",1,0
10,100101,2,2,1,24,11,9,46,12,1,1,0,34,1,34,34,34034,4,2001,"WBAAV33491EE","W","B","A","A","V","3","3","4","9","1","E","E",0,0,0,"000000000","00000000000",0,0,0,1,0,0,0,0,0,0,0,89,0,0,0,12,6,2,12,0,0,0,1,34,7079,6,1,0,0,3,0,73,999,0,0,0,0,0,0,0,0,0,3,35,27,0,0,2,2,55,1,1,2,1,0,0,15,51,99,3,2,24,"777777777777","777777777777","777777777777",0,1
10,100102,1,2,2,20,2,15,58,12,6,1,0,10,2,55,33,55033,4,2013,"5NPEB4AC3DH7","5","N","P","E","B","4","A","C","3","D","H","7",0,0,0,"000000000","00000000000",0,0,0,1,0,0,0,0,0,0,0,998,0,0,0,3,6,2,12,0,0,0,1,10,19964,6,1,0,0,3,0,68,185,0,0,0,0,1,12,2015,12,2015,0,39,0,0,0,1,2,50,1,1,2,1,20,3,1,17,99,1,1,87,"777777777777","777777777777","777777777777",1,0
10,100102,2,2,2,20,2,15,58,12,6,1,0,10,3,12,461,12461,21,1995,"1FDKE37F2SHB","1","F","D","K","E","3","7","F","2","S","H","B",0,0,0,"000000000","00000000000",0,0,0,1,0,0,0,0,0,0,0,998,0,0,0,12,6,2,12,0,0,1,1,24,21601,6,1,0,9,3,9,69,230,0,0,0,1,0,1,2016,1,2016,0,0,0,0,0,1,2,50,1,1,2,1,0,0,1,66,99,1,1,86,"777777777777","777777777777","777777777777",0,0
10,100103,1,1,1,24,12,19,57,8,0,1,1,10,2,20,2,20002,4,2014,"2G1125S34E91","2","G","1","1","2","5","S","3","4","E","9","1",0,0,0,"000000000","00000000000",0,0,0,1,0,0,0,0,0,0,0,998,0,0,0,12,4,3,8,0,0,0,1,10,19720,6,1,0,0,2,0,999,999,99,99,99,99,99,99,9999,99,9999,0,0,0,0,0,2,4,45,1,1,2,2,2,3,1,80,99,1,1,13,"777777777777","777777777777","777777777777",0,0
10,100104,1,1,2,17,11,18,48,8,0,1,0,10,1,49,482,49482,31,2010,"5TFUM5F18AX0","5","T","F","U","M","5","F","1","8","A","X","0",0,0,0,"000000000","00000000000",0,0,0,1,0,0,0,0,0,0,0,65,0,0,0,12,6,2,8,0,0,0,1,10,19809,6,1,0,0,3,0,71,212,2,0,1,1,3,1,2012,9,2016,0,0,0,0,0,2,4,45,1,1,2,1,2,3,1,80,99,2,1,13,"777777777777","777777777777","777777777777",0,0
10,100105,1,1,2,24,6,23,0,34,0,1,0,10,2,19,18,19018,4,2003,"1G6DM57N5301","1","G","6","D","M","5","7","N","5","3","0","1",0,0,0,"000000000","00000000000",0,0,0,1,0,0,0,0,0,0,0,53,0,1,6,12,6,2,1,0,0,0,1,99,99999,9,9,99,9,9,9,999,999,99,99,99,99,99,99,9999,99,9999,4,36,0,0,0,1,2,50,3,8,2,1,0,0,14,8,99,4,4,6,"777777777777","777777777777","777777777777",1,0
10,100106,1,3,1,12,6,13,55,12,1,1,0,10,1,63,38,63038,5,2012,"KNAFU5A25C55","K","N","A","F","U","5","A","2","5","C","5","5",0,0,0,"000000000","00000000000",0,0,0,1,0,0,0,0,0,0,0,0,0,0,0,6,6,2,12,0,0,0,1,10,19939,6,1,0,0,3,0,65,168,0,0,0,0,0,0,0,0,0,0,54,0,0,0,2,2,50,2,8,2,1,0,0,5,53,99,1,1,21,"777777777777","777777777777","777777777777",1,0
10,100106,2,3,1,12,6,13,55,12,1,1,0,10,1,14,17,14017,4,2008,"1MEHM40W08G6","1","M","E","H","M","4","0","W","0","8","G","6",0,0,0,"000000000","00000000000",0,0,0,1,0,0,0,0,0,0,0,27,0,0,0,12,6,2,12,0,0,0,1,10,19939,6,1,0,0,3,1,64,150,0,0,0,0,0,0,0,0,0,0,36,0,0,0,2,2,50,2,8,2,1,0,0,14,50,99,1,1,20,"777777777777","777777777777","777777777777",0,0
10,100106,3,3,1,12,6,13,55,12,1,1,0,10,0,20,481,20481,31,2016,"3GCUKREC1GG2","3","G","C","U","K","R","E","C","1","G","G","2",0,0,0,"000000000","00000000000",0,0,0,1,0,0,0,0,0,0,0,998,0,0,0,11,2,5,54,0,0,0,1,10,19970,6,1,0,0,3,0,65,170,0,0,0,0,0,0,0,0,0,0,0,0,0,0,2,2,50,3,8,2,1,0,0,14,90,99,1,1,98,"777777777777","777777777777","777777777777",0,0
10,100107,1,1,2,29,10,20,6,8,0,1,0,10,1,49,43,49043,4,2006,"4T1BK36B46U1","4","T","1","B","K","3","6","B","4","6","U","1",0,0,0,"000000000","00000000000",0,0,0,1,0,0,0,0,0,0,0,998,0,0,0,12,6,2,8,0,0,0,1,10,19973,6,1,0,0,3,1,72,190,0,0,0,0,0,0,0,0,0,0,0,0,0,0,1,2,50,1,1,2,1,0,0,1,80,6,1,1,13,"777777777777","777777777777","777777777777",0,0
10,100108,1,2,1,10,9,1,15,12,2,1,0,10,1,42,42,42042,4,2010,"WDDGF8BB9AR1","W","D","D","G","F","8","B","B","9","A","R","1",0,0,0,"000000000","00000000000",0,0,0,1,0,0,0,0,0,0,0,70,0,0,0,12,6,2,12,0,0,0,1,10,19963,2,1,0,0,2,0,65,158,1,5,0,0,0,11,2012,5,2016,3,50,0,0,0,2,2,55,1,8,2,1,0,0,1,54,99,4,6,50,"777777777777","777777777777","777777777777",0,1
10,100108,2,2,1,10,9,1,15,12,2,1,0,10,1,30,46,30046,4,1999,"WVWMA63B7XE2","W","V","W","M","A","6","3","B","7","X","E","2",0,0,0,"000000000","00000000000",0,0,0,1,0,0,0,0,0,0,0,75,0,1,1,12,6,2,12,0,0,0,1,10,19901,6,1,0,0,3,0,70,175,3,0,0,0,3,2,2013,5,2014,3,0,0,0,0,2,2,55,1,8,2,1,0,0,1,64,99,1,6,51,"777777777777","777777777777","777777777777",1,1
10,100109,1,1,1,22,12,17,46,53,0,1,0,10,2,7,482,7482,31,1997,"3B7HF13Y2VG7","3","B","7","H","F","1","3","Y","2","V","G","7",0,0,0,"000000000","00000000000",0,0,0,1,0,0,0,0,0,0,0,998,0,0,0,12,6,2,42,0,0,0,1,10,19952,6,1,0,0,3,0,70,170,0,0,0,0,0,0,0,0,0,3,36,8,0,0,1,2,50,2,8,2,1,0,0,14,12,99,2,4,6,"777777777777","777777777777","777777777777",1,1
10,100110,1,1,1,13,11,18,22,8,0,1,0,48,2,49,403,49403,14,2008,"JTEDS41A9820","J","T","E","D","S","4","1","A","9","8","2","0",0,0,0,"000000000","00000000000",0,0,0,1,0,0,0,0,0,0,0,998,0,0,0,12,6,2,8,0,0,0,1,48,19801,6,1,0,0,3,3,999,999,0,0,0,0,0,0,0,0,0,0,0,0,0,0,3,3,45,1,1,2,1,0,0,1,80,7,1,1,13,"777777777777","777777777777","777777777777",0,0
10,100111,1,1,1,29,6,23,9,9,0,1,1,10,1,12,402,12402,14,2011,"1FMCU0DG3BKC","1","F","M","C","U","0","D","G","3","B","K","C",0,0,0,"000000000","00000000000",0,0,0,1,0,0,0,0,0,0,0,998,0,0,0,12,4,3,9,0,0,0,1,10,19945,6,1,0,0,3,0,69,140,0,0,0,1,1,8,2014,8,2014,0,0,0,0,0,1,2,35,1,1,2,1,0,0,1,85,99,1,3,13,"777777777777","777777777777","777777777777",0,0
10,100112,1,2,1,21,10,13,58,12,6,1,0,10,1,12,471,12471,30,2010,"1FTKR4EE7APA","1","F","T","K","R","4","E","E","7","A","P","A",0,0,0,"000000000","00000000000",0,0,0,1,0,0,0,0,0,0,0,36,0,0,0,12,6,2,12,0,0,0,1,10,19956,6,1,0,9,3,0,67,182,0,0,0,0,0,0,0,0,0,0,39,0,0,0,1,2,50,1,8,2,1,20,3,1,17,99,3,2,86,"777777777777","777777777777","777777777777",1,0
10,100112,2,2,1,21,10,13,58,12,6,1,0,10,3,82,881,82881,66,2003,"1FUJA6CK03LL","1","F","U","J","A","6","C","K","0","3","L","L",1,1,10,"311729","10311729",3,6,8,1,0,0,0,0,0,0,0,998,0,0,0,83,6,2,12,0,0,0,1,10,19956,6,1,6,1,3,3,73,294,0,0,0,1,0,6,2013,6,2013,0,0,0,0,0,1,2,50,1,8,2,1,0,0,1,66,6,1,1,87,"1W9AA3627611","777777777777","777777777777",0,0
10,100113,1,2,1,14,7,17,50,12,6,1,0,10,1,37,32,37032,4,1996,"1HGCD5693TA2","1","H","G","C","D","5","6","9","3","T","A","2",0,0,0,"000000000","00000000000",0,0,0,1,0,0,0,0,0,0,0,998,0,0,0,8,6,2,12,0,0,0,1,10,19947,6,1,0,0,3,0,71,159,1,0,0,0,0,4,2016,4,2016,0,38,39,0,0,1,2,50,1,8,8,1,20,3,1,17,99,1,1,89,"777777777777","777777777777","777777777777",1,1
10,100113,2,2,2,14,7,17,50,12,6,1,0,10,1,20,403,20403,14,2003,"1GNES16S0361","1","G","N","E","S","1","6","S","0","3","6","1",0,0,0,"000000000","00000000000",0,0,0,1,0,0,0,0,0,0,0,998,0,0,0,12,6,2,12,0,0,0,1,10,19933,6,1,0,0,3,0,62,145,0,0,0,1,1,5,2014,1,2015,0,0,0,0,0,1,2,50,1,8,8,1,0,0,1,66,99,1,1,88,"777777777777","777777777777","777777777777",0,0
10,100114,1,2,2,12,12,7,51,12,6,1,0,24,2,20,481,20481,31,2005,"1GCEC19X45Z2","1","G","C","E","C","1","9","X","4","5","Z","2",0,0,0,"000000000","00000000000",0,0,0,1,0,0,0,0,0,0,0,56,0,0,0,81,6,2,12,0,0,0,1,24,21874,6,1,0,9,3,0,68,130,0,0,0,0,2,2,2016,2,2016,0,87,6,36,0,1,2,50,3,8,2,2,0,0,14,6,99,4,2,64,"777777777777","777777777777","777777777777",1,0
10,100114,2,2,1,12,12,7,51,12,6,1,0,10,2,12,401,12401,14,2005,"1FMZU74W85UA","1","F","M","Z","U","7","4","W","8","5","U","A",0,0,0,"000000000","00000000000",0,0,0,1,0,0,0,0,0,0,0,998,0,0,0,12,6,2,12,0,0,0,1,10,19940,6,1,0,0,3,0,63,174,0,0,0,0,0,0,0,0,0,0,0,0,0,0,1,2,50,2,8,2,2,0,0,14,62,7,2,1,65,"777777777777","777777777777","777777777777",0,0
10,100115,1,2,1,28,10,5,43,12,6,1,0,10,1,2,1,2001,6,2015,"1C4NJDEB8FD1","1","C","4","N","J","D","E","B","8","F","D","1",0,0,0,"000000000","00000000000",0,0,0,1,0,0,0,0,0,0,0,998,0,2,5,83,6,2,12,0,0,0,1,10,19968,6,1,0,0,3,0,63,150,0,0,0,0,0,0,0,0,0,0,48,0,0,0,1,2,50,1,1,2,1,0,0,12,54,99,9,2,98,"777777777777","777777777777","777777777777",1,0
10,100115,2,2,7,28,10,5,43,12,6,1,0,10,3,92,988,92988,52,2009,"15GGE2714910","1","5","G","G","E","2","7","1","4","9","1","0",0,0,88,"888888888","88888888888",3,21,22,1,0,0,0,0,6,3,0,45,0,0,0,12,6,2,12,0,0,0,1,10,19947,6,1,6,1,3,0,65,172,1,0,0,0,0,9,2014,9,2014,0,0,0,0,0,1,2,50,1,1,2,1,0,0,1,62,99,1,1,98,"777777777777","777777777777","777777777777",0,0
10,100116,1,1,1,5,9,1,0,59,0,1,0,10,1,37,32,37032,4,2000,"1HGCG6655YA0","1","H","G","C","G","6","6","5","5","Y","A","0",0,0,0,"000000000","00000000000",0,0,0,1,0,0,0,0,0,0,0,998,0,0,0,12,6,2,30,0,0,0,1,10,19975,6,1,0,0,3,3,64,157,1,0,0,0,0,6,2016,6,2016,0,0,0,0,0,2,2,55,1,8,2,1,0,0,1,12,99,4,4,6,"777777777777","777777777777","777777777777",1,1
11,110001,1,1,1,1,1,4,8,8,0,1,1,11,1,20,404,20404,14,2006,"2CNDL63F1661","2","C","N","D","L","6","3","F","1","6","6","1",0,0,0,"000000000","00000000000",0,0,0,1,0,0,0,0,0,0,0,998,0,0,0,12,2,5,8,0,0,0,1,11,20045,6,1,0,0,3,0,66,175,99,99,99,99,99,99,9999,99,9999,4,91,0,0,0,1,4,25,1,1,2,1,2,9,1,99,99,9,3,13,"777777777777","777777777777","777777777777",0,0
11,110002,1,1,1,22,2,18,44,8,0,1,0,11,1,49,46,49046,5,2008,"JTDKB20U6877","J","T","D","K","B","2","0","U","6","8","7","7",0,0,0,"000000000","00000000000",0,0,0,1,0,0,0,0,0,0,0,999,0,0,0,12,6,2,8,0,0,0,1,11,20015,6,1,0,0,3,0,999,999,99,99,99,99,99,99,9999,99,9999,0,0,0,0,0,1,4,25,1,5,2,1,0,0,1,80,1,9,1,13,"777777777777","777777777777","777777777777",0,1
11,110003,1,2,1,25,3,15,47,12,6,1,0,24,1,53,706,53706,80,2007,"JS1GR7KA7721","J","S","1","G","R","7","K","A","7","7","2","1",0,0,0,"000000000","00000000000",0,0,0,1,0,0,0,0,0,0,0,999,0,0,0,12,6,2,12,0,0,0,1,11,20020,6,1,0,0,3,0,68,130,1,0,0,2,7,6,2011,11,2015,3,99,99,99,99,1,2,25,1,1,2,1,2,3,2,18,16,9,3,69,"777777777777","777777777777","777777777777",1,0
11,110003,2,2,1,25,3,15,47,12,6,1,0,11,3,98,983,98983,52,2012,"1VHFD3G5XC67","1","V","H","F","D","3","G","5","X","C","6","7",0,0,57,"413333","57413333",3,21,22,1,0,0,0,0,6,3,0,999,0,0,0,3,2,3,12,42,0,0,1,11,20032,6,1,6,1,3,0,64,120,0,0,0,0,0,0,0,0,0,0,0,0,0,0,1,2,25,1,1,2,1,2,3,11,15,1,9,1,68,"777777777777","777777777777","777777777777",0,0
11,110004,1,1,1,5,4,23,56,42,0,1,0,24,2,20,421,20421,15,2005,"1GNEK13T35J1","1","G","N","E","K","1","3","T","3","5","J","1",0,0,0,"000000000","00000000000",0,0,0,1,0,0,0,0,0,0,0,94,0,1,6,12,6,2,1,0,0,0,1,24,20782,6,1,0,0,3,0,75,205,99,99,99,99,99,99,9999,99,9999,3,36,0,0,0,1,2,25,1,1,2,1,0,0,1,14,1,1,4,14,"777777777777","777777777777","777777777777",1,1