"STATE","ST_CASE","VEH_NO","VE_FORMS","NUMOCCS","DAY","MONTH","HOUR","MINUTE","HARM_EV","MAN_COLL","UNITTYPE","HIT_RUN","REG_STAT","OWNER","MAKE","MODEL","MAK_MOD","BODY_TYP","MOD_YEAR","VIN","VIN_1","VIN_2","VIN_3","VIN_4","VIN_5","VIN_6","VIN_7","VIN_8","VIN_9","VIN_10","VIN_11","VIN_12","TOW_VEH","J_KNIFE","MCARR_I1","MCARR_I2","MCARR_ID","GVWR","V_CONFIG","CARGO_BT","HAZ_INV","HAZ_PLAC","HAZ_ID","HAZ_CNO","HAZ_REL","BUS_USE","SPEC_USE","EMER_USE","TRAV_SP","UNDERIDE","ROLLOVER","ROLINLOC","IMPACT1","DEFORMED","TOWED","M_HARM","VEH_SC1","VEH_SC2","FIRE_EXP","DR_PRES","L_STATE","DR_ZIP","L_STATUS","L_TYPE","CDL_STAT","L_ENDORS","L_COMPL","L_RESTRI","DR_HGT","DR_WGT","PREV_ACC","PREV_SUS","PREV_DWI","PREV_SPD","PREV_OTH","FIRST_MO","FIRST_YR","LAST_MO","LAST_YR","SPEEDREL","DR_SF1","DR_SF2","DR_SF3","DR_SF4","VTRAFWAY","VNUM_LAN","VSPD_LIM","VALIGN","VPROFILE","VPAVETYP","VSURCOND","VTRAFCON","VTCONT_F","P_CRASH1","P_CRASH2","P_CRASH3","PCRASH4","PCRASH5","ACC_TYPE","TRLR1VIN","TRLR2VIN","TRLR3VIN","DEATHS","DR_DRINK"
11,110005,1,2,1,20,4,20,15,12,2,1,0,51,1,73,706,73706,80,2005,"JKAZXCC165A0","J","K","A","Z","X","C","C","1","6","5","A","0",0,0,0,"000000000","00000000000",0,0,0,1,0,0,0,0,0,0,0,89,0,0,0,12,6,2,5,0,0,0,1,11,20032,0,0,0,0,0,0,69,160,99,99,99,99,99,99,9999,99,9999,3,99,99,99,99,1,2,30,1,1,2,1,0,0,1,55,1,1,1,69,"777777777777","777777777777","777777777777",1,1
11,110005,2,2,9,20,4,20,15,12,2,1,0,11,2,98,983,98983,52,2014,"1N9420824EA1","1","N","9","4","2","0","8","2","4","E","A","1",0,0,36,"845","36845",2,21,22,1,0,0,0,0,6,3,0,999,0,0,0,12,2,3,12,0,0,0,1,11,20032,6,1,6,1,3,1,68,195,99,99,99,99,99,99,9999,99,9999,0,0,0,0,0,1,2,30,1,1,2,1,0,0,11,15,1,1,2,68,"777777777777","777777777777","777777777777",0,0
11,110006,1,1,1,18,6,2,0,35,0,1,0,48,1,72,706,72706,80,2013,"1HD1FBM17DB6","1","H","D","1","F","B","M","1","7","D","B","6",0,0,0,"000000000","00000000000",0,0,0,1,0,0,0,0,0,0,0,999,0,0,0,12,6,2,5,0,0,0,1,11,20020,6,1,0,0,2,0,65,325,0,0,0,5,1,9,2011,9,2014,3,6,0,0,0,4,2,50,3,5,2,1,0,0,14,6,16,2,5,1,"777777777777","777777777777","777777777777",1,1
11,110007,1,1,1,23,6,1,10,9,0,1,1,99,9,99,399,99399,9,9999,"999999999999","9","9","9","9","9","9","9","9","9","9","9","9",0,0,0,"000000000","00000000000",0,0,0,1,0,0,0,0,0,99,9,999,0,0,0,12,9,5,9,99,99,0,1,99,99999,9,9,99,9,9,9,999,999,99,99,99,99,99,99,9999,99,9999,9,38,0,0,0,1,4,25,1,1,2,1,0,0,1,83,99,9,3,13,"777777777777","777777777777","777777777777",0,0
11,110008,1,2,1,26,6,22,42,34,0,1,0,24,1,20,421,20421,15,1999,"1GNEK13R5XJ3","1","G","N","E","K","1","3","R","5","X","J","3",0,0,0,"000000000","00000000000",0,0,0,1,0,0,0,0,0,0,0,998,0,0,0,12,6,2,5,0,0,0,1,24,20613,6,1,0,0,3,0,68,140,0,1,0,2,2,8,2011,9,2015,3,99,99,99,99,2,2,50,1,1,2,1,0,0,15,12,99,9,4,6,"777777777777","777777777777","777777777777",1,1
11,110008,2,2,1,26,6,22,42,34,0,1,0,24,1,12,471,12471,30,1997,"1FTCR14A4VPB","1","F","T","C","R","1","4","A","4","V","P","B",0,0,0,"000000000","00000000000",0,0,0,1,0,0,0,0,0,0,0,999,0,0,0,13,6,2,12,0,0,0,1,24,20613,6,1,0,0,3,0,78,230,0,0,0,1,1,5,2012,8,2013,0,0,0,0,0,2,4,50,1,1,2,1,0,0,1,54,99,1,1,98,"777777777777","777777777777","777777777777",0,0
11,110009,1,2,1,2,7,20,46,12,1,1,0,24,1,42,401,42401,14,2005,"4JGAB57E15A5","4","J","G","A","B","5","7","E","1","5","A","5",0,0,0,"000000000","00000000000",0,0,0,1,0,0,0,0,0,0,0,999,0,1,1,12,6,2,1,99,99,0,1,24,20902,6,1,0,0,1,0,72,200,99,99,99,99,99,99,9999,99,9999,3,99,99,99,99,1,4,30,1,6,2,1,0,0,1,6,1,2,2,32,"777777777777","777777777777","777777777777",1,0
11,110009,2,2,1,2,7,20,46,12,1,1,0,24,2,12,481,12481,31,2010,"1FTFW1EV8AFA","1","F","T","F","W","1","E","V","8","A","F","A",0,0,0,"000000000","00000000000",0,0,0,1,0,0,0,0,0,0,0,999,0,1,1,6,6,2,1,0,0,0,1,24,20743,6,1,0,0,3,0,65,134,99,99,99,99,99,99,9999,99,9999,0,0,0,0,0,1,4,30,1,6,2,1,0,0,1,99,1,2,2,32,"777777777777","777777777777","777777777777",0,0
11,110010,1,1,1,23,7,4,54,33,0,1,0,24,2,23,421,23421,15,2008,"1GKFK63848J2","1","G","K","F","K","6","3","8","4","8","J","2",0,0,0,"000000000","00000000000",0,0,0,1,0,0,0,0,0,0,0,999,0,0,0,1,6,2,42,99,99,1,1,24,20722,1,1,0,0,1,0,74,380,99,99,99,99,99,99,9999,99,9999,3,36,37,0,0,1,2,25,3,1,2,1,0,0,14,13,1,1,5,1,"777777777777","777777777777","777777777777",1,1
11,110011,1,2,2,10,8,14,35,12,1,1,0,24,1,35,47,35047,4,2010,"1N4AL2AP3AN4","1","N","4","A","L","2","A","P","3","A","N","4",0,0,0,"000000000","00000000000",0,0,0,1,0,0,0,0,0,0,0,999,0,0,0,12,6,2,12,0,0,0,1,11,20032,6,1,6,0,3,0,999,999,99,99,99,99,99,99,9999,99,9999,3,36,0,0,0,1,2,25,1,5,2,1,0,0,1,99,1,9,1,20,"777777777777","777777777777","777777777777",1,0
11,110011,2,2,9,10,8,14,35,12,1,1,0,11,3,94,983,94983,52,2005,"1VHGH3T27567","1","V","H","G","H","3","T","2","7","5","6","7",0,0,36,"845","36845",3,21,22,1,0,0,0,0,6,3,0,0,0,0,0,6,6,2,12,0,0,0,1,11,20001,6,1,6,1,3,0,71,160,99,99,99,99,99,99,9999,99,9999,0,0,0,0,0,1,2,25,1,5,2,1,0,0,5,53,98,9,1,21,"777777777777","777777777777","777777777777",0,0
11,110012,1,1,1,15,8,4,38,33,0,1,0,51,1,73,706,73706,80,2003,"JKBVNAE113A1","J","K","B","V","N","A","E","1","1","3","A","1",0,0,0,"000000000","00000000000",0,0,0,1,0,0,0,0,0,0,0,998,0,0,0,1,6,2,5,0,0,0,1,51,20119,6,1,6,0,3,0,65,195,99,99,99,99,99,99,9999,99,9999,0,99,99,99,99,3,3,45,1,1,1,1,0,0,1,9,1,9,4,15,"777777777777","777777777777","777777777777",1,0
11,110013,1,1,1,18,8,2,20,8,0,1,0,51,2,42,47,42047,1,2000,"WDBLK65G9YT0","W","D","B","L","K","6","5","G","9","Y","T","0",0,0,0,"000000000","00000000000",0,0,0,1,0,0,0,0,0,0,0,999,0,0,0,12,4,3,8,0,0,0,1,51,20191,6,1,0,0,3,1,61,120,0,0,0,2,0,9,2011,3,2015,0,0,0,0,0,1,2,25,1,1,2,2,2,3,1,80,99,1,3,13,"777777777777","777777777777","777777777777",0,1
11,110014,1,1,1,19,8,2,44,8,0,1,1,99,9,99,399,99399,4,9999,"999999999999","9","9","9","9","9","9","9","9","9","9","9","9",0,0,0,"000000000","00000000000",0,0,0,1,0,0,0,0,0,99,0,999,0,0,0,12,9,5,8,99,99,0,1,99,99999,9,9,99,9,9,9,999,999,99,99,99,99,99,99,9999,99,9999,9,99,99,99,99,1,2,25,1,1,2,1,2,3,1,80,99,1,9,13,"777777777777","777777777777","777777777777",0,0
11,110015,1,1,1,11,9,3,50,33,0,1,0,51,1,35,39,35039,4,2010,"1N4AA5AP6AC8","1","N","4","A","A","5","A","P","6","A","C","8",0,0,0,"000000000","00000000000",0,0,0,1,0,0,0,0,0,0,0,999,0,0,0,12,6,2,30,99,99,0,1,11,20032,6,1,0,0,3,1,70,180,2,2,0,1,3,8,2014,11,2014,3,51,0,0,0,1,4,30,1,6,2,1,0,0,1,10,99,1,4,6,"777777777777","777777777777","777777777777",1,1
11,110016,1,1,1,6,9,2,27,33,0,1,0,92,0,37,705,37705,80,2012,"JH2PC4045CB5","J","H","2","P","C","4","0","4","5","C","B","5",0,0,0,"000000000","00000000000",0,0,0,1,0,0,0,0,0,0,0,999,0,0,0,12,6,2,5,99,99,0,1,11,20032,2,1,0,0,2,0,71,165,99,99,99,99,99,99,9999,99,9999,4,51,36,0,0,1,4,25,3,1,2,1,0,0,14,6,9,2,4,1,"777777777777","777777777777","777777777777",1,0
11,110017,1,2,1,15,9,18,59,33,0,1,0,24,5,76,705,76705,80,2001,"JYARJ04EX1A0","J","Y","A","R","J","0","4","E","X","1","A","0",0,0,0,"000000000","00000000000",0,0,0,1,0,0,0,0,0,0,0,999,0,0,0,12,6,2,5,99,99,0,1,11,20020,6,1,0,0,2,0,69,184,99,99,99,99,99,99,9999,99,9999,3,36,0,0,0,1,2,25,3,1,2,1,0,0,14,99,99,9,4,1,"777777777777","777777777777","777777777777",1,0
11,110017,2,2,1,15,9,18,59,33,0,1,0,11,3,98,907,98907,51,2012,"1VHHD3V51C67","1","V","H","H","D","3","V","5","1","C","6","7",0,0,36,"845","36845",3,21,22,1,0,0,0,0,4,3,0,998,0,0,0,10,2,5,54,0,0,0,1,24,20748,6,1,6,1,3,0,999,999,99,99,99,99,99,99,9999,99,9999,0,0,0,0,0,1,2,25,2,1,2,1,0,0,14,98,99,1,1,98,"777777777777","777777777777","777777777777",0,0
11,110018,1,1,1,27,9,1,50,33,0,1,0,11,2,55,33,55033,4,2012,"5NPEB4ACXCH3","5","N","P","E","B","4","A","C","X","C","H","3",0,0,0,"000000000","00000000000",0,0,0,1,0,0,0,0,0,0,0,998,0,0,0,12,6,2,39,0,0,1,1,24,20782,6,1,0,0,3,1,68,265,0,0,0,0,0,0,0,0,0,4,99,99,99,99,1,2,30,1,1,2,2,0,0,1,13,1,9,4,1,"777777777777","777777777777","777777777777",1,0
11,110019,1,1,1,8,4,1,28,8,0,1,0,11,1,35,47,35047,4,2009,"1N4AL21E29N5","1","N","4","A","L","2","1","E","2","9","N","5",0,0,0,"000000000","00000000000",0,0,0,1,0,0,0,0,0,0,0,998,0,0,0,12,2,3,8,0,0,0,1,11,20006,6,1,0,0,3,0,64,120,0,0,0,0,0,0,0,0,0,0,0,0,0,0,4,1,25,1,1,2,1,0,0,1,80,1,1,1,13,"777777777777","777777777777","777777777777",0,1
11,110020,1,1,2,2,10,3,5,8,0,1,0,11,1,7,24,7024,4,2008,"2B3KA43G18H2","2","B","3","K","A","4","3","G","1","8","H","2",0,0,0,"000000000","00000000000",0,0,0,1,0,0,0,0,0,0,0,998,0,0,0,12,2,3,8,0,0,0,1,11,20010,6,1,6,0,3,0,999,190,0,0,0,0,0,0,0,0,0,0,0,0,0,0,1,4,25,1,6,2,1,0,0,1,80,16,1,1,13,"777777777777","777777777777","777777777777",0,1
11,110021,1,2,2,12,10,22,8,12,6,1,0,0,0,18,7,18007,4,1995,"1G4AG55M3S64","1","G","4","A","G","5","5","M","3","S","6","4",0,0,0,"000000000","00000000000",0,0,0,1,0,0,0,0,0,0,0,58,0,0,0,12,6,2,12,0,0,1,1,11,20019,6,1,0,0,3,0,67,156,0,0,0,0,0,0,0,0,0,3,39,27,8,0,2,2,35,1,1,2,1,2,3,1,17,16,1,2,88,"777777777777","777777777777","777777777777",1,0
11,110021,2,2,1,12,10,22,8,12,6,1,0,11,3,98,983,98983,52,2014,"1N9420829EA1","1","N","9","4","2","0","8","2","9","E","A","1",0,0,36,"845","36845",3,21,22,1,0,0,0,0,6,3,0,998,0,0,0,8,4,3,12,0,0,0,1,24,20774,6,1,6,9,3,0,75,210,0,0,0,0,0,0,0,0,0,0,0,0,0,0,1,2,25,1,1,2,1,2,3,1,55,1,1,1,89,"777777777777","777777777777","777777777777",0,0
11,110022,1,1,1,26,10,0,14,8,0,1,0,4,4,23,999,23999,49,2012,"1GDY72BAXC19","1","G","D","Y","7","2","B","A","X","C","1","9",0,0,0,"000000000","00000000000",0,0,0,1,0,0,0,0,0,0,0,998,0,0,0,12,0,3,8,0,0,0,1,24,21234,6,1,0,0,3,0,999,999,99,99,99,99,99,99,9999,99,9999,0,0,0,0,0,1,6,30,1,1,2,1,1,3,1,80,1,1,1,13,"777777777777","777777777777","777777777777",0,0
11,110023,1,3,2,29,10,15,19,12,1,1,1,51,2,6,51,6051,4,2017,"2C3LA43R38H2","2","C","3","L","A","4","3","R","3","8","H","2",0,0,0,"000000000","00000000000",0,0,0,1,0,0,0,0,0,0,0,98,0,1,1,12,6,2,1,99,99,0,1,11,20002,6,1,0,0,3,9,72,190,99,99,99,99,99,99,9999,99,9999,3,8,0,0,0,1,2,25,1,1,2,1,0,0,3,6,1,1,1,24,"777777777777","777777777777","777777777777",0,0
11,110023,2,3,3,29,10,15,19,12,1,1,0,24,1,37,31,37031,4,1998,"2HGEJ6675WH6","2","H","G","E","J","6","6","7","5","W","H","6",0,0,0,"000000000","00000000000",0,0,0,1,0,0,0,0,0,0,0,998,0,0,0,6,6,2,12,0,0,0,1,24,20710,6,1,0,0,3,0,63,230,99,99,99,99,99,99,9999,99,9999,0,0,0,0,0,1,2,25,1,1,2,1,0,0,1,53,1,1,1,27,"777777777777","777777777777","777777777777",1,0
11,110023,3,3,1,29,10,15,19,12,1,1,0,24,1,12,473,12473,30,2003,"1FMZU63K53UB","1","F","M","Z","U","6","3","K","5","3","U","B",0,0,0,"000000000","00000000000",0,0,0,1,0,0,0,0,0,0,0,998,0,0,0,12,6,2,12,0,0,0,1,24,20742,6,1,0,0,3,0,69,163,99,99,99,99,99,99,9999,99,9999,0,0,0,0,0,1,2,25,1,1,2,1,0,0,1,54,1,1,1,98,"777777777777","777777777777","777777777777",0,0
11,110024,1,1,3,9,7,22,46,3,0,1,0,11,4,55,33,55033,4,2008,"5NPET46C68H4","5","N","P","E","T","4","6","C","6","8","H","4",0,0,0,"000000000","00000000000",0,0,0,1,0,0,0,0,0,99,0,999,0,0,0,0,6,2,3,99,99,0,1,11,20019,6,1,0,0,3,9,999,999,99,99,99,99,99,99,9999,99,9999,9,99,99,99,99,1,2,99,1,1,2,1,0,0,99,99,99,9,9,0,"777777777777","777777777777","777777777777",2,0
11,110025,1,4,1,23,12,19,22,12,1,1,1,51,5,59,35,59035,4,2008,"JTHCK2626820","J","T","H","C","K","2","6","2","6","8","2","0",0,0,0,"000000000","00000000000",0,0,0,1,0,0,0,0,0,0,0,998,0,0,0,12,4,3,12,0,0,0,1,11,20019,0,0,0,0,0,0,72,187,0,0,0,0,0,0,0,0,0,3,37,0,0,0,2,3,35,1,6,2,1,0,0,1,6,1,1,3,24,"777777777777","777777777777","777777777777",0,0
11,110025,2,4,1,23,12,19,22,12,1,1,0,11,1,35,47,35047,4,2006,"1N4AL11D76C1","1","N","4","A","L","1","1","D","7","6","C","1",0,0,0,"000000000","00000000000",0,0,0,1,0,0,0,0,0,0,0,998,0,0,0,6,6,2,42,0,0,0,1,11,20019,6,1,0,0,3,0,999,999,99,99,99,99,99,99,9999,99,9999,0,0,0,0,0,2,3,35,1,6,2,1,0,0,1,98,99,1,1,27,"777777777777","777777777777","777777777777",1,0
11,110025,3,4,1,23,12,19,22,12,1,1,0,11,1,37,39,37039,5,2012,"JHMGE8H53CC0","J","H","M","G","E","8","H","5","3","C","C","0",0,0,0,"000000000","00000000000",0,0,0,1,0,0,0,0,0,0,0,998,0,0,0,6,6,2,12,0,0,0,1,11,20012,6,1,0,0,3,0,62,170,0,0,0,0,0,0,0,0,0,0,0,0,0,0,2,3,35,1,6,2,1,0,0,1,53,99,1,1,98,"777777777777","777777777777","777777777777",0,0
11,110025,4,4,3,23,12,19,22,12,1,1,0,51,1,12,422,12422,15,2005,"1FMPU16545LA","1","F","M","P","U","1","6","5","4","5","L","A",0,0,0,"000000000","00000000000",0,0,0,1,0,0,0,0,0,0,0,998,0,0,0,6,6,2,12,0,0,0,1,51,22406,6,1,0,0,3,0,999,999,99,99,99,99,99,99,9999,99,9999,0,0,0,0,0,2,3,35,1,6,2,1,0,0,1,53,1,1,1,98,"777777777777","777777777777","777777777777",0,0
11,110026,1,1,1,27,12,6,22,8,0,1,1,99,9,99,499,99499,15,9999,"999999999999","9","9","9","9","9","9","9","9","9","9","9","9",0,0,0,"000000000","00000000000",0,0,0,1,0,0,0,0,0,0,0,999,0,0,0,12,9,5,8,0,0,0,1,99,99999,9,9,99,9,9,9,999,999,99,99,99,99,99,99,9999,99,9999,9,99,99,99,99,1,2,25,1,1,2,2,0,0,1,80,1,1,9,13,"777777777777","777777777777","777777777777",0,0
12,120001,1,2,1,5,1,7,58,12,2,1,0,12,2,49,40,49040,4,2003,"4T1BE32K53U6","4","T","1","B","E","3","2","K","5","3","U","6",0,0,0,"000000000","00000000000",0,0,0,1,0,0,0,0,0,0,0,45,0,0,0,12,6,2,12,0,0,0,1,12,32526,6,1,0,0,3,3,65,999,0,0,0,0,0,0,0,0,0,0,28,0,0,0,1,2,45,1,1,8,1,0,0,1,10,99,1,2,50,"777777777777","777777777777","777777777777",1,0
12,120001,2,2,1,5,1,7,58,12,2,1,0,1,2,14,6,14006,4,2011,"2MEBM7FV8BX6","2","M","E","B","M","7","F","V","8","B","X","6",0,0,0,"000000000","00000000000",0,0,0,1,0,0,0,0,0,0,0,45,0,0,0,12,6,2,12,0,0,0,1,1,36049,6,1,0,0,3,0,73,184,0,0,0,0,0,0,0,0,0,0,0,0,0,0,1,2,45,1,1,8,1,0,0,1,62,7,1,1,51,"777777777777","777777777777","777777777777",0,0
12,120002,1,2,1,28,1,2,14,12,6,1,0,12,1,58,37,58037,4,2012,"JN1DV6AR2CM8","J","N","1","D","V","6","A","R","2","C","M","8",0,0,0,"000000000","00000000000",0,0,0,1,0,0,0,0,0,0,0,35,0,0,0,3,6,2,12,0,0,0,1,12,33014,6,1,0,0,3,0,65,999,1,0,0,0,1,3,2012,8,2015,0,39,0,0,0,3,3,45,1,1,8,2,3,3,11,15,99,1,1,68,"777777777777","777777777777","777777777777",1,1
12,120002,2,2,1,28,1,2,14,12,6,1,0,12,3,20,421,20421,15,2015,"1GNLC2EC8FR3","1","G","N","L","C","2","E","C","8","F","R","3",0,0,0,"000000000","00000000000",0,0,0,1,0,0,0,0,0,5,0,66,0,0,0,12,6,2,12,0,0,0,1,12,33028,6,1,0,0,3,3,71,999,0,0,0,0,0,0,0,0,0,0,0,0,0,0,3,3,45,1,1,8,2,3,3,1,65,99,1,1,69,"777777777777","777777777777","777777777777",0,0
12,120003,1,1,1,9,1,15,10,34,0,1,0,38,3,82,881,82881,66,2000,"1FUPDSZB4YLB","1","F","U","P","D","S","Z","B","4","Y","L","B",1,3,35,"841832","35841832",3,6,1,1,0,0,0,0,0,0,0,60,0,0,0,12,6,2,42,0,0,0,1,12,33592,6,1,6,0,3,3,72,999,0,0,0,0,0,0,0,0,0,0,0,0,0,0,1,2,60,1,1,8,1,0,0,1,12,99,1,4,6,"1GRA060205W7","777777777777","777777777777",1,0
12,120004,1,1,1,25,1,10,17,25,0,1,0,12,2,12,401,12401,14,1998,"1FMZU32X9WZB","1","F","M","Z","U","3","2","X","9","W","Z","B",0,0,0,"000000000","00000000000",0,0,0,1,0,0,0,0,0,0,0,55,0,1,5,12,6,2,1,0,0,0,1,12,33176,6,1,0,0,3,0,69,999,0,7,1,0,0,6,2011,6,2015,0,0,0,0,0,3,6,55,1,1,8,1,0,0,1,1,1,1,4,6,"777777777777","777777777777","777777777777",1,0
12,120005,1,1,1,9,1,14,4,3,0,1,0,12,1,20,481,20481,31,1997,"2GCEK19R8V12","2","G","C","E","K","1","9","R","8","V","1","2",0,0,0,"000000000","00000000000",0,0,0,1,0,0,0,0,0,0,0,35,0,9,5,0,6,2,1,0,0,0,1,12,32060,6,1,0,0,3,0,65,999,0,2,0,0,0,7,2011,6,2012,0,6,0,0,0,1,2,35,1,6,4,2,0,0,1,98,99,4,4,0,"777777777777","777777777777","777777777777",1,0
12,120006,1,2,1,30,1,6,35,12,2,1,0,12,2,49,442,49442,20,2006,"5TDZA23C06S4","5","T","D","Z","A","2","3","C","0","6","S","4",0,0,0,"000000000","00000000000",0,0,0,1,0,0,0,0,0,0,0,60,0,0,0,12,6,2,12,0,0,0,1,12,33930,6,1,0,0,3,0,68,999,0,0,0,0,0,0,0,0,0,0,28,0,0,0,1,2,60,1,1,8,1,0,0,1,10,99,1,2,50,"777777777777","777777777777","777777777777",1,0
12,120006,2,2,45,30,1,6,35,12,2,1,0,12,2,84,981,84981,59,1995,"1HVBBACN1SH6","1","H","V","B","B","A","C","N","1","S","H","6",0,0,12,"2255146","122255146",3,21,22,1,0,0,0,0,98,0,0,60,0,0,0,12,6,2,12,0,0,0,1,12,34143,6,1,6,3,3,0,64,999,0,0,0,0,0,0,0,0,0,0,0,0,0,0,1,2,60,1,1,8,1,0,0,1,62,7,1,1,51,"777777777777","777777777777","777777777777",0,0
12,120007,1,2,1,1,1,15,36,12,6,1,0,12,1,98,709,98709,80,2012,"L8YTCAPF8CM4","L","8","Y","T","C","A","P","F","8","C","M","4",0,0,0,"000000000","00000000000",0,0,0,1,0,0,0,0,0,0,0,998,0,0,0,3,6,2,12,0,0,0,1,12,33126,6,1,0,0,2,3,72,999,0,0,0,0,1,5,2014,5,2014,0,38,0,0,0,3,4,40,1,1,8,1,3,3,11,15,99,1,1,68,"777777777777","777777777777","777777777777",1,0
12,120007,2,2,1,1,1,15,36,12,6,1,0,12,1,2,404,2404,14,2000,"1J4GW48S3YC1","1","J","4","G","W","4","8","S","3","Y","C","1",0,0,0,"000000000","00000000000",0,0,0,1,0,0,0,0,0,0,0,0,0,0,0,12,4,5,12,0,0,0,1,12,33125,6,1,0,0,3,0,71,999,1,2,0,0,0,10,2013,9,2014,0,0,0,0,0,3,5,40,1,1,8,1,3,3,1,62,99,1,1,69,"777777777777","777777777777","777777777777",0,0
12,120008,1,1,2,24,1,2,7,33,0,1,0,12,2,12,401,12401,14,2002,"1FMYU60E82UB","1","F","M","Y","U","6","0","E","8","2","U","B",0,0,0,"000000000","00000000000",0,0,0,1,0,0,0,0,0,0,0,1,0,1,6,12,6,2,1,0,0,0,1,12,34983,6,1,0,0,3,0,62,999,0,3,0,0,2,7,2012,7,2014,0,6,0,0,0,1,2,25,1,1,8,1,0,0,1,12,99,1,4,6,"777777777777","777777777777","777777777777",1,1
12,120009,1,1,1,3,1,8,23,3,0,1,0,12,2,7,27,7027,6,2014,"3C4PDCBB7ET3","3","C","4","P","D","C","B","B","7","E","T","3",0,0,0,"000000000","00000000000",0,0,0,1,0,0,0,0,0,0,0,30,0,0,0,0,6,2,3,0,0,0,1,12,33430,0,0,0,0,0,0,999,999,0,0,0,0,0,0,0,0,0,0,0,0,0,0,1,2,30,1,1,8,99,0,0,1,12,99,1,4,0,"777777777777","777777777777","777777777777",1,0
12,120010,1,1,2,4,1,3,30,33,0,1,0,12,2,45,31,45031,1,1992,"WP0CB2968NS4","W","P","0","C","B","2","9","6","8","N","S","4",0,0,0,"000000000","00000000000",0,0,0,1,0,0,0,0,0,0,0,50,0,0,0,3,6,2,38,0,0,0,1,12,33414,6,1,0,0,3,0,73,999,0,0,0,0,0,0,0,0,0,3,6,0,0,0,2,2,30,3,1,8,99,0,0,14,13,99,1,4,1,"777777777777","777777777777","777777777777",2,1
12,120011,1,1,1,17,1,23,47,33,0,1,0,12,2,49,402,49402,14,2004,"JTEGD20V5400","J","T","E","G","D","2","0","V","5","4","0","0",0,0,0,"000000000","00000000000",0,0,0,1,0,0,0,0,0,0,0,998,0,0,0,12,6,2,42,0,0,0,1,12,32257,6,1,0,0,3,0,69,999,0,0,0,0,0,0,0,0,0,0,0,0,0,0,5,3,35,1,1,8,1,0,0,99,12,99,1,4,6,"777777777777","777777777777","777777777777",1,1
12,120012,1,1,1,30,1,1,12,42,0,1,0,12,1,54,35,54035,4,2000,"19UUA5667YA0","1","9","U","U","A","5","6","6","7","Y","A","0",0,0,0,"000000000","00000000000",0,0,0,1,0,0,0,0,0,0,0,998,0,1,5,98,6,2,42,0,0,0,1,12,32246,6,1,0,0,3,0,71,999,1,0,0,1,1,10,2014,4,2015,4,0,0,0,0,1,2,45,1,1,8,1,0,0,1,12,99,1,4,6,"777777777777","777777777777","777777777777",1,1
12,120013,1,1,3,1,1,7,13,42,0,1,0,12,2,45,31,45031,1,2008,"WP0CD29928S7","W","P","0","C","D","2","9","9","2","8","S","7",0,0,0,"000000000","00000000000",0,0,0,1,0,0,0,0,0,0,0,998,0,0,0,12,6,2,30,0,0,0,1,95,0,9,9,99,9,9,9,999,999,99,99,99,99,99,99,9999,99,9999,0,6,0,0,0,1,2,30,3,1,8,1,0,0,14,13,99,1,4,1,"777777777777","777777777777","777777777777",1,0
12,120014,1,2,4,4,1,14,48,12,6,1,0,18,2,19,3,19003,4,2000,"1G6KE57Y3YU3","1","G","6","K","E","5","7","Y","3","Y","U","3",0,0,0,"000000000","00000000000",0,0,0,1,0,0,0,0,0,0,0,10,0,0,0,9,6,2,12,0,0,0,1,18,47396,6,1,0,0,3,0,69,160,0,0,0,0,2,7,2011,11,2014,0,38,0,0,0,3,2,15,1,1,8,1,20,3,11,15,99,1,1,82,"777777777777","777777777777","777777777777",1,0
12,120014,2,2,1,4,1,14,48,12,6,1,0,12,1,7,482,7482,31,2002,"3D7HU18N02G2","3","D","7","H","U","1","8","N","0","2","G","2",0,0,0,"000000000","00000000000",0,0,0,1,0,0,0,0,0,0,0,55,0,0,0,12,6,2,12,0,0,0,1,12,33905,6,1,0,0,3,3,65,999,0,0,0,0,0,0,0,0,0,0,0,0,0,0,3,4,55,3,1,8,1,0,0,14,67,99,1,1,83,"777777777777","777777777777","777777777777",0,0
12,120015,1,3,2,21,1,14,0,12,6,1,0,95,1,20,25,20025,4,2012,"1G1PG5SC1C71","1","G","1","P","G","5","S","C","1","C","7","1",0,0,0,"000000000","00000000000",0,0,0,1,0,0,0,0,0,0,0,20,0,0,0,3,6,2,12,0,0,0,1,95,0,9,9,99,9,9,9,999,999,99,99,99,99,99,99,9999,99,9999,0,38,0,0,0,3,4,55,1,1,8,1,3,3,11,15,99,1,1,68,"777777777777","777777777777","777777777777",1,0
12,120015,2,3,1,21,1,14,0,12,6,1,0,12,3,84,884,84884,64,1996,"2HTFMALT7TC0","2","H","T","F","M","A","L","T","7","T","C","0",0,0,57,"2209764","572209764",3,2,4,1,0,0,0,0,0,0,0,55,0,0,0,12,6,2,12,0,0,0,1,12,33616,6,1,6,0,3,0,66,999,0,0,0,0,0,0,0,0,0,0,0,0,0,0,3,4,55,1,1,8,1,3,3,1,62,99,1,1,69,"777777777777","777777777777","777777777777",0,0