"STATE","ST_CASE","VEH_NO","VE_FORMS","NUMOCCS","DAY","MONTH","HOUR","MINUTE","HARM_EV","MAN_COLL","UNITTYPE","HIT_RUN","REG_STAT","OWNER","MAKE","MODEL","MAK_MOD","BODY_TYP","MOD_YEAR","VIN","VIN_1","VIN_2","VIN_3","VIN_4","VIN_5","VIN_6","VIN_7","VIN_8","VIN_9","VIN_10","VIN_11","VIN_12","TOW_VEH","J_KNIFE","MCARR_I1","MCARR_I2","MCARR_ID","GVWR","V_CONFIG","CARGO_BT","HAZ_INV","HAZ_PLAC","HAZ_ID","HAZ_CNO","HAZ_REL","BUS_USE","SPEC_USE","EMER_USE","TRAV_SP","UNDERIDE","ROLLOVER","ROLINLOC","IMPACT1","DEFORMED","TOWED","M_HARM","VEH_SC1","VEH_SC2","FIRE_EXP","DR_PRES","L_STATE","DR_ZIP","L_STATUS","L_TYPE","CDL_STAT","L_ENDORS","L_COMPL","L_RESTRI","DR_HGT","DR_WGT","PREV_ACC","PREV_SUS","PREV_DWI","PREV_SPD","PREV_OTH","FIRST_MO","FIRST_YR","LAST_MO","LAST_YR","SPEEDREL","DR_SF1","DR_SF2","DR_SF3","DR_SF4","VTRAFWAY","VNUM_LAN","VSPD_LIM","VALIGN","VPROFILE","VPAVETYP","VSURCOND","VTRAFCON","VTCONT_F","P_CRASH1","P_CRASH2","P_CRASH3","PCRASH4","PCRASH5","ACC_TYPE","TRLR1VIN","TRLR2VIN","TRLR3VIN","DEATHS","DR_DRINK"
12,120361,2,3,1,18,3,8,54,12,6,1,0,12,3,84,884,84884,64,1995,"1HTHCAHR7SH6","1","H","T","H","C","A","H","R","7","S","H","6",0,0,12,"15877","1215877",3,1,2,1,0,0,0,0,0,0,0,55,0,0,0,7,6,2,12,0,0,0,1,12,33827,6,1,6,0,3,0,70,999,0,0,0,0,0,0,0,0,0,0,0,0,0,0,1,2,55,1,1,8,1,0,0,1,62,9,1,1,65,"777777777777","777777777777","777777777777",0,0
12,120361,3,3,1,18,3,8,54,12,6,1,0,12,1,37,404,37404,14,2016,"3CZRU5H57GM7","3","C","Z","R","U","5","H","5","7","G","M","7",0,0,0,"000000000","00000000000",0,0,0,1,0,0,0,0,0,0,0,55,0,0,0,12,6,2,12,0,0,0,1,12,33598,6,1,0,0,3,0,63,999,0,0,0,0,0,0,0,0,0,0,0,0,0,0,1,2,55,1,1,8,1,0,0,1,62,99,1,1,98,"777777777777","777777777777","777777777777",1,0
12,120362,1,2,1,15,3,3,10,12,2,1,0,12,2,37,441,37441,20,2000,"2HKRL1854YH5","2","H","K","R","L","1","8","5","4","Y","H","5",0,0,0,"000000000","00000000000",0,0,0,1,0,0,0,0,0,0,0,55,0,0,0,12,6,2,12,0,0,0,1,12,32839,0,0,0,0,0,0,999,999,0,0,0,0,0,0,0,0,0,0,0,0,0,0,3,3,55,1,1,8,1,0,0,1,54,99,1,1,52,"777777777777","777777777777","777777777777",1,1
12,120362,2,2,1,15,3,3,10,12,2,1,0,12,3,49,40,49040,4,2007,"4T1BE46K27U5","4","T","1","B","E","4","6","K","2","7","U","5",0,0,0,"000000000","00000000000",0,0,0,1,0,0,0,0,0,0,0,55,0,0,0,12,6,2,12,0,0,0,1,12,32818,6,1,0,0,3,0,68,999,0,0,0,0,0,0,0,0,0,0,0,0,0,0,3,3,55,1,1,8,1,0,0,1,54,99,1,1,52,"777777777777","777777777777","777777777777",1,1
12,120363,1,1,2,19,3,2,57,42,0,1,0,12,2,19,480,19480,31,2002,"1GYEK63N52R1","1","G","Y","E","K","6","3","N","5","2","R","1",0,0,0,"000000000","00000000000",0,0,0,1,0,0,0,0,0,0,0,60,0,1,5,12,6,2,1,0,0,0,1,12,32043,2,1,0,0,2,0,66,999,0,8,0,0,0,10,2014,1,2015,0,6,0,0,0,1,2,55,3,1,8,2,0,0,14,13,99,1,4,1,"777777777777","777777777777","777777777777",1,1
12,120364,1,1,1,13,3,11,50,1,0,1,0,12,1,37,706,37706,80,2002,"1HFSC18002A6","1","H","F","S","C","1","8","0","0","2","A","6",0,0,0,"000000000","00000000000",0,0,0,1,0,0,0,0,0,0,0,60,0,0,0,0,4,3,32,0,0,0,1,12,32951,6,1,0,0,3,0,71,999,0,0,0,0,0,0,0,0,0,0,6,0,0,0,3,2,60,3,1,8,1,0,0,14,13,99,1,4,1,"777777777777","777777777777","777777777777",1,0
12,120365,1,2,2,14,3,23,35,12,6,1,0,12,3,12,462,12462,21,2015,"1FTSW3XG6FKA","1","F","T","S","W","3","X","G","6","F","K","A",0,0,0,"000000000","00000000000",0,0,0,1,0,0,0,0,0,0,0,45,0,0,0,12,6,2,12,0,0,0,1,12,33952,6,1,0,0,3,0,73,999,0,0,0,1,0,12,2012,12,2012,0,0,0,0,0,4,3,45,1,1,8,1,3,3,1,66,99,1,1,86,"777777777777","777777777777","777777777777",0,0
12,120365,2,2,4,14,3,23,35,12,6,1,0,12,1,55,33,55033,4,2008,"5NPET46C18H3","5","N","P","E","T","4","6","C","1","8","H","3",0,0,0,"000000000","00000000000",0,0,0,1,0,0,0,0,0,0,0,45,0,0,0,4,6,2,12,0,0,0,1,12,32725,6,1,0,0,3,0,65,999,0,0,0,0,0,0,0,0,0,0,39,0,0,0,1,2,45,1,1,8,1,3,3,1,17,99,1,1,87,"777777777777","777777777777","777777777777",1,0
12,120366,1,2,2,20,3,1,10,12,2,1,0,5,1,37,31,37031,4,2015,"19XFB2F85FE0","1","9","X","F","B","2","F","8","5","F","E","0",0,0,0,"000000000","00000000000",0,0,0,1,0,0,0,0,0,0,0,45,0,0,0,12,6,2,12,0,0,0,1,5,72901,6,1,0,0,3,3,70,999,0,0,0,1,1,5,2015,6,2015,0,28,0,0,0,1,2,45,1,5,8,1,0,0,1,10,99,1,2,50,"777777777777","777777777777","777777777777",0,1
12,120366,2,2,1,20,3,1,10,12,2,1,0,12,2,20,16,20016,2,1998,"1G1JC1243W71","1","G","1","J","C","1","2","4","3","W","7","1",0,0,0,"000000000","00000000000",0,0,0,1,0,0,0,0,0,0,0,45,0,0,0,12,6,2,12,0,0,0,1,12,32504,6,1,0,0,3,3,69,999,0,0,0,0,0,0,0,0,0,0,0,0,0,0,1,2,45,1,6,8,1,0,0,1,62,99,1,1,51,"777777777777","777777777777","777777777777",1,0
12,120367,1,1,1,28,2,3,25,42,0,1,0,12,1,19,18,19018,4,2007,"1G6DP5777701","1","G","6","D","P","5","7","7","7","7","0","1",0,0,0,"000000000","00000000000",0,0,0,1,0,0,0,0,0,0,0,60,0,0,0,13,6,2,42,0,0,0,1,12,32040,6,1,0,0,3,0,62,999,0,2,0,1,0,3,2013,4,2014,0,0,0,0,0,1,2,60,3,1,8,1,0,0,14,9,1,2,4,2,"777777777777","777777777777","777777777777",1,1
12,120368,1,1,2,5,3,19,15,1,0,1,0,12,1,72,706,72706,80,2008,"1HD1JM5438Y0","1","H","D","1","J","M","5","4","3","8","Y","0",0,0,0,"000000000","00000000000",0,0,0,1,0,0,0,0,0,0,0,55,0,0,0,0,6,2,1,0,0,0,1,12,33024,2,1,0,0,2,3,69,999,0,1,0,0,0,11,2015,11,2015,0,0,0,0,0,1,2,45,2,1,8,1,40,3,14,12,16,2,4,7,"777777777777","777777777777","777777777777",1,0
12,120369,1,1,2,23,3,18,2,1,0,1,0,12,1,12,16,12016,4,2004,"2FAFP74WX4X1","2","F","A","F","P","7","4","W","X","4","X","1",0,0,0,"000000000","00000000000",0,0,0,1,0,0,0,0,0,0,0,70,0,2,3,0,6,2,1,0,0,0,1,12,33909,6,1,0,0,3,0,74,999,0,0,0,2,0,2,2012,4,2013,0,80,0,0,0,3,2,70,1,1,8,1,0,0,1,1,99,4,4,7,"777777777777","777777777777","777777777777",1,0
12,120370,1,3,1,16,3,14,45,12,7,1,0,12,3,82,881,82881,66,2006,"1FUJA6CK86LN","1","F","U","J","A","6","C","K","8","6","L","N",1,1,12,"653410","12653410",3,6,1,1,0,0,0,0,0,0,0,70,0,0,0,63,0,5,12,0,0,0,1,12,32130,6,1,6,0,3,3,68,999,0,0,0,1,0,9,2012,9,2012,0,35,0,0,0,2,2,70,1,6,8,1,0,0,15,10,1,1,2,47,"5v8va53238m8","777777777777","777777777777",0,0
12,120370,2,3,1,16,3,14,45,12,7,1,0,12,1,12,422,12422,15,2002,"1FMPU16LX2LA","1","F","M","P","U","1","6","L","X","2","L","A",0,0,0,"000000000","00000000000",0,0,0,1,0,0,0,0,0,0,0,70,0,0,0,4,6,2,12,0,0,1,1,12,32304,6,1,0,0,3,0,66,999,0,0,0,1,1,3,2014,1,2016,0,0,0,0,0,2,2,70,1,6,8,1,0,0,1,61,99,1,1,45,"777777777777","777777777777","777777777777",1,0
12,120370,3,3,1,16,3,14,45,12,7,1,0,13,3,82,884,82884,66,1997,"1FUYSSEB5VL7","1","F","U","Y","S","S","E","B","5","V","L","7",1,1,13,"159308","13159308",3,6,1,1,0,0,0,0,0,0,0,70,0,0,0,12,6,2,12,0,0,0,1,13,30315,6,1,6,3,3,0,73,285,98,0,0,0,1,10,2011,6,2013,0,0,0,0,0,2,2,70,1,5,8,1,0,0,1,62,99,1,1,98,"3H3V532C8GT1","777777777777","777777777777",0,0
12,120371,1,2,1,18,3,4,15,12,7,1,0,12,1,49,32,49032,4,2002,"1NXBR12E82Z6","1","N","X","B","R","1","2","E","8","2","Z","6",0,0,0,"000000000","00000000000",0,0,0,1,0,0,0,0,0,0,0,70,0,0,0,83,6,2,21,0,0,0,1,12,33068,6,1,0,0,3,3,71,999,0,0,0,0,0,0,0,0,0,0,6,0,0,0,3,4,70,1,1,8,1,0,0,1,1,99,1,2,48,"777777777777","777777777777","777777777777",1,0
12,120371,2,2,1,18,3,4,15,12,7,1,0,12,1,20,2,20002,4,2013,"2G1WC5E32D11","2","G","1","W","C","5","E","3","2","D","1","1",0,0,0,"000000000","00000000000",0,0,0,1,0,0,0,0,0,0,0,70,0,0,0,11,4,3,12,0,0,0,1,12,33063,6,1,0,0,3,0,72,999,0,0,0,1,0,11,2015,11,2015,0,6,80,0,0,3,4,70,1,1,8,1,0,0,1,60,99,1,1,48,"777777777777","777777777777","777777777777",0,0
12,120372,1,1,1,28,2,9,50,33,0,1,0,12,1,49,472,49472,40,2003,"5TEGN92N33Z1","5","T","E","G","N","9","2","N","3","3","Z","1",0,0,0,"000000000","00000000000",0,0,0,1,0,0,0,0,0,0,0,998,0,0,0,11,6,2,42,0,0,0,1,12,32312,6,1,0,0,3,0,70,999,0,0,0,1,0,4,2013,4,2013,0,0,0,0,0,2,2,30,2,6,8,1,0,0,14,13,99,1,4,1,"777777777777","777777777777","777777777777",1,0
12,120373,1,2,1,22,3,14,55,12,6,1,0,12,1,76,706,76706,80,2004,"JYAVP17E94A0","J","Y","A","V","P","1","7","E","9","4","A","0",0,0,0,"000000000","00000000000",0,0,0,1,0,0,0,0,0,0,0,45,0,0,0,9,6,2,12,0,0,0,1,12,32767,6,1,0,0,3,0,67,999,1,1,0,0,1,9,2015,2,2016,0,38,0,0,0,5,4,45,1,1,8,1,0,0,15,10,99,1,2,47,"777777777777","777777777777","777777777777",1,0
12,120373,2,2,1,22,3,14,55,12,6,1,0,12,2,49,40,49040,4,2001,"4T1BG22K91U8","4","T","1","B","G","2","2","K","9","1","U","8",0,0,0,"000000000","00000000000",0,0,0,1,0,0,0,0,0,0,0,50,0,0,0,12,4,5,12,0,0,0,1,12,34484,6,1,0,0,3,0,74,999,0,0,0,0,0,0,0,0,0,0,0,0,0,0,5,4,45,1,1,8,1,0,0,1,61,6,1,2,45,"777777777777","777777777777","777777777777",0,0
12,120374,1,2,1,28,3,16,53,12,1,1,0,12,1,35,401,35401,14,1991,"JN8HD17S2MW0","J","N","8","H","D","1","7","S","2","M","W","0",0,0,0,"000000000","00000000000",0,0,0,1,0,0,0,0,0,0,0,35,0,0,0,12,6,2,12,0,0,0,1,12,33060,6,1,0,0,3,0,67,999,0,1,0,1,0,8,2012,3,2016,0,6,0,0,0,3,5,65,1,1,8,1,0,0,1,50,99,1,1,20,"777777777777","777777777777","777777777777",1,0
12,120374,2,2,1,28,3,16,53,12,1,1,0,12,4,12,402,12402,14,2016,"1FMCU0G94GUC","1","F","M","C","U","0","G","9","4","G","U","C",0,0,0,"000000000","00000000000",0,0,0,1,0,0,0,0,0,0,0,0,0,0,0,6,6,2,12,0,0,0,1,12,33060,6,1,0,0,3,0,69,999,0,2,0,1,0,1,2012,3,2015,0,0,0,0,0,3,5,65,1,1,8,1,0,0,5,53,99,1,1,21,"777777777777","777777777777","777777777777",0,0
12,120375,1,1,4,19,3,22,12,20,0,1,0,12,2,18,22,18022,4,2006,"2G4WD5829611","2","G","4","W","D","5","8","2","9","6","1","1",0,0,0,"000000000","00000000000",0,0,0,1,0,0,0,0,0,0,0,45,0,0,0,12,6,2,21,0,0,0,1,12,33147,0,0,0,0,0,0,67,999,1,14,0,0,0,4,2011,8,2015,0,36,0,0,0,3,2,45,2,1,8,1,0,0,15,13,99,1,4,1,"777777777777","777777777777","777777777777",1,1
12,120376,1,1,1,18,3,21,40,1,0,1,0,12,1,72,706,72706,80,2007,"1HD1BW5117Y0","1","H","D","1","B","W","5","1","1","7","Y","0",0,0,0,"000000000","00000000000",0,0,0,1,0,0,0,0,0,0,0,998,0,0,0,0,6,2,1,0,0,0,1,12,33844,6,1,0,0,3,0,74,999,0,2,0,2,0,1,2014,9,2015,0,6,0,0,0,1,2,45,2,1,8,1,0,0,14,98,99,1,2,98,"777777777777","777777777777","777777777777",1,1
12,120377,1,3,1,26,2,16,28,12,2,1,0,12,1,49,44,49044,2,2000,"2T1CF22P4YC3","2","T","1","C","F","2","2","P","4","Y","C","3",0,0,0,"000000000","00000000000",0,0,0,1,0,0,0,0,0,0,0,998,0,0,0,12,6,2,12,0,0,0,1,12,33880,6,1,0,0,3,0,68,999,0,0,0,0,1,12,2015,12,2015,0,35,6,0,0,1,2,55,1,1,8,1,28,3,6,10,99,1,2,50,"777777777777","777777777777","777777777777",1,0
12,120377,2,3,1,26,2,16,28,12,2,1,0,12,2,49,404,49404,14,2007,"JTEBU11F4700","J","T","E","B","U","1","1","F","4","7","0","0",0,0,0,"000000000","00000000000",0,0,0,1,0,0,0,0,0,0,0,0,0,0,0,12,6,2,12,0,0,0,1,12,33880,6,1,0,0,3,0,65,999,0,0,0,0,1,7,2013,7,2013,0,0,0,0,0,1,2,55,1,1,8,1,0,0,5,54,99,1,1,51,"777777777777","777777777777","777777777777",0,0
12,120377,3,3,1,26,2,16,28,12,2,1,0,12,2,20,16,20016,4,1998,"1G1JC5244W72","1","G","1","J","C","5","2","4","4","W","7","2",0,0,0,"000000000","00000000000",0,0,0,1,0,0,0,0,0,0,0,0,0,0,0,13,6,2,12,0,0,0,1,12,33823,6,1,0,0,3,0,67,999,0,0,0,0,0,0,0,0,0,0,0,0,0,0,1,2,55,1,1,8,1,0,0,5,60,99,1,1,98,"777777777777","777777777777","777777777777",0,0
12,120378,1,1,1,23,3,0,24,33,0,1,0,12,1,19,18,19018,4,2010,"1G6DA5EGXA01","1","G","6","D","A","5","E","G","X","A","0","1",0,0,0,"000000000","00000000000",0,0,0,1,0,0,0,0,0,0,0,86,0,0,0,12,6,2,42,0,0,0,1,12,32124,6,1,0,0,3,0,63,999,0,0,0,0,0,0,0,0,0,3,0,0,0,0,1,2,30,3,1,8,1,0,0,14,6,99,1,4,1,"777777777777","777777777777","777777777777",1,1
12,120380,1,1,1,28,3,0,22,14,0,1,0,92,0,76,705,76705,80,2014,"JYACJ18C5EA0","J","Y","A","C","J","1","8","C","5","E","A","0",0,0,0,"000000000","00000000000",0,0,0,1,0,0,0,0,0,0,0,60,0,0,0,1,6,2,14,0,0,0,1,12,33054,0,0,0,0,0,0,66,999,0,0,0,0,0,0,0,0,0,3,6,0,0,0,1,2,30,1,1,8,1,0,0,1,13,99,1,4,1,"777777777777","777777777777","777777777777",1,0
12,120381,1,1,1,7,3,0,0,34,0,1,0,12,1,38,402,38402,14,1999,"4S2CK58W9X43","4","S","2","C","K","5","8","W","9","X","4","3",0,0,0,"000000000","00000000000",0,0,0,1,0,0,0,0,0,0,0,55,0,0,0,98,6,2,3,0,0,0,1,12,32043,6,1,0,0,3,0,73,999,0,0,0,0,0,0,0,0,0,0,6,0,0,0,1,2,55,1,1,8,1,0,0,1,13,99,1,4,1,"777777777777","777777777777","777777777777",1,1
12,120382,1,1,1,28,3,22,57,59,0,1,0,12,2,63,33,63033,5,2008,"KNAFE1616850","K","N","A","F","E","1","6","1","6","8","5","0",0,0,0,"000000000","00000000000",0,0,0,1,0,0,0,0,0,0,0,50,0,0,0,12,6,2,59,0,0,0,1,12,32757,6,1,0,0,3,0,67,999,0,0,0,0,1,9,2011,9,2011,0,0,0,0,0,3,3,45,1,1,8,1,0,0,1,13,99,1,4,1,"777777777777","777777777777","777777777777",1,1
12,120383,1,1,2,12,3,22,0,34,0,1,0,12,2,12,471,12471,30,1999,"1FTYR14V4XPB","1","F","T","Y","R","1","4","V","4","X","P","B",0,0,0,"000000000","00000000000",0,0,0,1,0,0,0,0,0,0,0,90,0,1,5,12,6,2,1,0,0,0,1,12,33177,6,1,0,0,3,0,68,999,0,0,0,0,0,0,0,0,0,0,6,0,0,0,1,2,40,2,1,8,1,0,0,14,19,99,1,4,99,"777777777777","777777777777","777777777777",1,0
12,120384,1,2,1,19,3,1,3,12,6,1,0,12,2,49,32,49032,4,2014,"2T1BURHE3EC0","2","T","1","B","U","R","H","E","3","E","C","0",0,0,0,"000000000","00000000000",0,0,0,1,0,0,0,0,0,0,0,1,0,0,0,5,6,2,12,0,0,0,1,12,33549,6,1,0,0,3,0,66,999,0,0,0,0,0,0,0,0,0,0,48,0,0,0,3,3,35,1,1,8,1,0,0,12,98,99,1,2,98,"777777777777","777777777777","777777777777",0,0
12,120384,2,2,1,19,3,1,3,12,6,1,0,12,1,72,706,72706,80,1999,"1HD1FDV14XY6","1","H","D","1","F","D","V","1","4","X","Y","6",0,0,0,"000000000","00000000000",0,0,0,1,0,0,0,0,0,0,0,998,0,0,0,12,6,2,12,0,0,0,1,12,33614,6,1,0,0,3,0,67,999,0,0,0,0,3,12,2014,6,2015,0,0,0,0,0,3,2,35,1,1,8,1,0,0,1,62,99,1,1,98,"777777777777","777777777777","777777777777",1,1
12,120385,1,1,1,6,3,2,30,43,0,1,0,12,1,53,706,53706,80,2007,"JS1GR7KA1721","J","S","1","G","R","7","K","A","1","7","2","1",0,0,0,"000000000","00000000000",0,0,0,1,0,0,0,0,0,0,0,50,0,0,0,12,6,2,43,0,0,0,1,12,33313,6,1,0,0,2,0,68,999,0,0,0,0,0,0,0,0,0,0,0,0,0,0,1,2,15,1,1,8,1,0,0,1,14,99,1,4,14,"777777777777","777777777777","777777777777",1,0
12,120386,1,1,1,17,3,19,34,1,0,1,0,12,2,76,709,76709,80,2007,"JYARJ12E37A0","J","Y","A","R","J","1","2","E","3","7","A","0",0,0,0,"000000000","00000000000",0,0,0,1,0,0,0,0,0,0,0,65,0,0,0,0,6,2,1,0,0,0,1,12,32725,6,1,0,0,2,0,66,999,0,0,0,0,0,0,0,0,0,4,6,0,0,0,2,2,35,3,1,8,1,0,0,14,13,99,1,4,1,"777777777777","777777777777","777777777777",1,0
12,120387,1,1,3,3,4,1,29,59,0,1,0,12,2,12,17,12017,4,2004,"1FAFP53U94A1","1","F","A","F","P","5","3","U","9","4","A","1",0,0,0,"000000000","00000000000",0,0,0,1,0,0,0,0,0,0,0,50,0,0,0,1,6,2,42,0,0,0,1,12,33637,6,1,0,0,3,3,70,999,0,0,0,0,0,0,0,0,0,0,0,0,0,0,1,2,45,3,6,8,2,40,3,14,13,99,4,4,1,"777777777777","777777777777","777777777777",1,0
12,120388,1,2,2,31,3,21,37,12,6,1,0,12,1,20,2,20002,4,2001,"2G1WH55K1193","2","G","1","W","H","5","5","K","1","1","9","3",0,0,0,"000000000","00000000000",0,0,0,1,0,0,0,0,0,0,0,60,0,1,5,3,6,2,12,0,0,0,1,12,33511,6,1,0,0,3,0,68,999,1,0,0,0,0,7,2011,7,2011,0,36,0,0,0,2,2,45,1,1,8,1,0,0,1,10,99,4,2,64,"777777777777","777777777777","777777777777",2,1
12,120388,2,2,1,31,3,21,37,12,6,1,0,12,1,35,51,35051,6,2013,"JN8AS5MT2DW5","J","N","8","A","S","5","M","T","2","D","W","5",0,0,0,"000000000","00000000000",0,0,0,1,0,0,0,0,0,0,0,45,0,1,5,12,6,2,12,0,0,0,1,12,33594,6,1,0,0,3,0,59,999,0,0,0,0,0,0,0,0,0,0,0,0,0,0,2,2,45,1,1,8,1,0,0,1,62,99,1,1,65,"777777777777","777777777777","777777777777",0,0
12,120389,1,1,1,25,3,1,5,30,0,1,0,12,1,20,482,20482,31,2007,"3GNFK12327G2","3","G","N","F","K","1","2","3","2","7","G","2",0,0,0,"000000000","00000000000",0,0,0,1,0,0,0,0,0,0,0,998,0,0,0,12,6,2,30,0,0,0,1,12,33880,1,1,0,0,2,3,75,999,0,0,1,0,0,4,2011,4,2011,0,0,0,0,0,3,6,45,1,1,8,2,3,3,1,13,99,1,4,1,"777777777777","777777777777","777777777777",1,1
12,120390,1,1,2,14,3,2,53,19,0,1,0,12,1,19,21,19021,4,2006,"1G6DW6776602","1","G","6","D","W","6","7","7","6","6","0","2",0,0,0,"000000000","00000000000",0,0,0,1,0,0,0,0,0,0,0,90,0,0,0,12,6,2,19,0,0,0,1,12,33023,6,1,0,0,3,0,66,999,0,1,0,0,1,11,2014,8,2015,0,6,0,0,0,3,4,25,2,1,8,1,98,3,98,13,99,1,4,1,"777777777777","777777777777","777777777777",1,1
12,120392,1,2,1,12,3,7,29,33,0,1,0,12,2,20,22,20022,4,2008,"1G1AK58F1872","1","G","1","A","K","5","8","F","1","8","7","2",0,0,0,"000000000","00000000000",0,0,0,1,0,0,0,0,0,0,0,75,0,1,5,12,6,2,1,0,0,0,1,12,34953,6,1,0,0,3,3,73,999,0,0,0,0,0,0,0,0,0,0,0,0,0,0,3,6,45,1,1,8,1,0,0,1,12,7,1,4,98,"777777777777","777777777777","777777777777",1,0
12,120392,2,2,1,12,3,7,29,33,0,1,0,12,1,49,32,49032,4,2015,"5YFBURHE2FP3","5","Y","F","B","U","R","H","E","2","F","P","3",0,0,0,"000000000","00000000000",0,0,0,1,0,0,0,0,0,0,0,45,0,0,0,6,6,2,12,0,0,0,1,12,34953,6,1,0,0,3,3,61,999,0,0,0,0,0,0,0,0,0,0,0,0,0,0,3,6,45,1,1,8,1,0,0,1,53,99,1,1,98,"777777777777","777777777777","777777777777",0,0
12,120393,1,2,1,2,4,1,40,12,1,1,0,12,2,14,6,14006,4,2005,"2MEFM75W15X6","2","M","E","F","M","7","5","W","1","5","X","6",0,0,0,"000000000","00000000000",0,0,0,1,0,0,0,0,0,0,0,60,0,0,0,12,6,2,12,0,0,0,1,12,34711,6,1,0,0,3,0,72,999,0,0,0,1,1,2,2014,1,2016,0,8,0,0,0,3,4,50,1,1,8,1,0,0,1,52,99,1,1,28,"777777777777","777777777777","777777777777",1,1
12,120393,2,2,1,2,4,1,40,12,1,1,0,12,3,82,881,82881,66,2004,"1FUJBBCG74LM","1","F","U","J","B","B","C","G","7","4","L","M",1,1,77,"777777777","77777777777",3,6,1,1,0,0,0,0,0,0,0,10,0,0,0,6,6,2,12,0,0,0,1,12,32825,6,1,6,0,3,0,68,999,0,0,0,0,0,0,0,0,0,0,0,0,0,0,3,6,50,1,1,8,1,0,0,2,53,1,1,1,29,"1GRAA062XYB0","777777777777","777777777777",0,0
12,120394,1,1,1,19,2,16,15,1,0,1,0,12,2,53,706,53706,80,2002,"JS1GR7GA9221","J","S","1","G","R","7","G","A","9","2","2","1",0,0,0,"000000000","00000000000",0,0,0,1,0,0,0,0,0,0,0,998,0,0,0,0,6,2,1,0,0,0,1,12,33825,0,0,0,0,0,0,999,999,0,0,0,0,0,0,0,0,0,0,6,28,0,0,3,2,45,3,1,8,1,0,0,14,98,99,1,1,98,"777777777777","777777777777","777777777777",1,0
12,120395,1,1,2,3,3,14,7,33,0,1,0,12,1,35,47,35047,4,2009,"1N4AL21E69N5","1","N","4","A","L","2","1","E","6","9","N","5",0,0,0,"000000000","00000000000",0,0,0,1,0,0,0,0,0,0,0,998,0,0,0,12,6,2,42,0,0,0,1,12,33143,2,1,0,0,2,3,70,999,0,1,0,0,0,6,2013,6,2013,0,6,0,0,0,3,4,40,1,1,8,1,0,0,1,12,99,1,4,6,"777777777777","777777777777","777777777777",1,0
12,120396,1,1,1,17,2,0,0,18,0,1,0,12,1,53,709,53709,80,2007,"JS1GW7KA9721","J","S","1","G","W","7","K","A","9","7","2","1",0,0,0,"000000000","00000000000",0,0,0,1,0,0,0,0,0,0,0,60,0,0,0,12,6,2,38,0,0,0,1,12,32696,6,1,0,0,3,0,72,999,0,0,0,0,1,2,2015,2,2015,0,6,0,0,0,1,2,45,3,6,2,1,0,0,14,13,99,3,4,2,"777777777777","777777777777","777777777777",1,0
12,120397,1,2,1,23,3,18,48,12,6,1,0,12,1,12,481,12481,31,2008,"1FTWX30R38EA","1","F","T","W","X","3","0","R","3","8","E","A",0,0,0,"000000000","00000000000",0,0,0,1,0,0,0,0,0,0,0,998,0,0,0,3,4,3,12,0,0,0,1,12,33175,6,1,0,0,3,0,68,999,0,1,0,0,0,6,2015,6,2015,0,38,0,0,0,2,6,40,1,1,8,1,0,0,11,15,99,1,1,68,"777777777777","777777777777","777777777777",0,0
12,120397,2,2,1,23,3,18,48,12,6,1,0,12,1,73,706,73706,80,2016,"JKAZXCR17GA0","J","K","A","Z","X","C","R","1","7","G","A","0",0,0,0,"000000000","00000000000",0,0,0,1,0,0,0,0,0,0,0,998,0,0,0,12,6,2,12,0,0,0,1,12,33155,6,1,0,0,3,0,76,999,0,0,0,0,0,0,0,0,0,0,0,0,0,0,2,6,40,1,1,8,1,0,0,1,62,99,1,1,69,"777777777777","777777777777","777777777777",1,0
12,120398,1,1,3,4,1,18,0,1,0,1,0,12,1,49,472,49472,40,2003,"5TEWN72N23Z2","5","T","E","W","N","7","2","N","2","3","Z","2",0,0,0,"000000000","00000000000",0,0,0,1,0,0,0,0,0,0,0,65,0,9,3,0,6,2,1,0,0,0,1,12,32344,6,1,6,0,3,0,64,999,0,0,0,0,0,0,0,0,0,0,0,0,0,0,2,4,65,1,1,8,1,0,0,1,12,99,1,4,6,"777777777777","777777777777","777777777777",1,1
12,120399,1,2,1,17,3,10,50,12,6,1,0,12,2,37,402,37402,14,2004,"SHSRD78874U2","S","H","S","R","D","7","8","8","7","4","U","2",0,0,0,"000000000","00000000000",0,0,0,1,0,0,0,0,0,0,0,70,0,1,1,9,6,2,1,0,0,0,1,20,66205,6,1,0,0,3,3,62,999,0,0,0,1,0,5,2014,5,2014,0,6,0,0,0,3,3,70,1,1,8,1,0,0,15,10,99,1,1,47,"777777777777","777777777777","777777777777",1,0
12,120399,2,2,1,17,3,10,50,12,6,1,0,12,1,37,31,37031,3,1996,"2HGEJ6445TH1","2","H","G","E","J","6","4","4","5","T","H","1",0,0,0,"000000000","00000000000",0,0,0,1,0,0,0,0,0,0,0,70,0,0,0,12,6,2,12,0,0,0,1,12,33161,6,1,0,0,3,0,71,999,1,0,0,0,0,1,2014,1,2014,0,0,0,0,0,3,3,70,1,1,8,1,0,0,1,61,99,1,1,45,"777777777777","777777777777","777777777777",0,0