"STATE","ST_CASE","VEH_NO","VE_FORMS","NUMOCCS","DAY","MONTH","HOUR","MINUTE","HARM_EV","MAN_COLL","UNITTYPE","HIT_RUN","REG_STAT","OWNER","MAKE","MODEL","MAK_MOD","BODY_TYP","MOD_YEAR","VIN","VIN_1","VIN_2","VIN_3","VIN_4","VIN_5","VIN_6","VIN_7","VIN_8","VIN_9","VIN_10","VIN_11","VIN_12","TOW_VEH","J_KNIFE","MCARR_I1","MCARR_I2","MCARR_ID","GVWR","V_CONFIG","CARGO_BT","HAZ_INV","HAZ_PLAC","HAZ_ID","HAZ_CNO","HAZ_REL","BUS_USE","SPEC_USE","EMER_USE","TRAV_SP","UNDERIDE","ROLLOVER","ROLINLOC","IMPACT1","DEFORMED","TOWED","M_HARM","VEH_SC1","VEH_SC2","FIRE_EXP","DR_PRES","L_STATE","DR_ZIP","L_STATUS","L_TYPE","CDL_STAT","L_ENDORS","L_COMPL","L_RESTRI","DR_HGT","DR_WGT","PREV_ACC","PREV_SUS","PREV_DWI","PREV_SPD","PREV_OTH","FIRST_MO","FIRST_YR","LAST_MO","LAST_YR","SPEEDREL","DR_SF1","DR_SF2","DR_SF3","DR_SF4","VTRAFWAY","VNUM_LAN","VSPD_LIM","VALIGN","VPROFILE","VPAVETYP","VSURCOND","VTRAFCON","VTCONT_F","P_CRASH1","P_CRASH2","P_CRASH3","PCRASH4","PCRASH5","ACC_TYPE","TRLR1VIN","TRLR2VIN","TRLR3VIN","DEATHS","DR_DRINK"
12,120543,1,2,2,29,1,18,25,9,0,1,0,12,2,52,37,52037,3,1995,"4A3AK44Y1SE1","4","A","3","A","K","4","4","Y","1","S","E","1",0,0,0,"000000000","00000000000",0,0,0,1,0,0,0,0,0,0,0,998,0,0,0,12,0,3,9,0,0,0,1,12,33810,6,1,0,0,3,0,70,999,0,0,0,0,1,4,2013,4,2013,0,0,0,0,0,2,4,50,1,1,8,1,0,0,1,83,99,1,1,13,"777777777777","777777777777","777777777777",0,0
12,120543,2,2,1,29,1,18,25,9,0,1,0,12,1,12,481,12481,31,1997,"1FTEX08L4VKD","1","F","T","E","X","0","8","L","4","V","K","D",0,0,0,"000000000","00000000000",0,0,0,1,0,0,0,0,0,0,0,998,0,0,0,12,0,3,9,0,0,0,1,12,33523,6,1,0,0,3,3,66,999,0,1,0,1,0,7,2014,3,2015,0,0,0,0,0,2,5,50,1,1,8,1,0,0,1,83,99,1,1,98,"777777777777","777777777777","777777777777",0,0
12,120544,1,1,1,29,2,11,10,59,0,1,0,36,2,37,32,37032,4,2001,"1HGCG66501A1","1","H","G","C","G","6","6","5","0","1","A","1",0,0,0,"000000000","00000000000",0,0,0,1,0,0,0,0,0,0,0,50,0,0,0,12,6,2,8,0,0,0,1,12,33014,6,1,0,0,3,0,66,999,1,0,0,0,0,2,2016,2,2016,0,6,0,0,0,1,5,40,1,1,8,1,0,0,1,13,99,1,4,1,"777777777777","777777777777","777777777777",0,0
12,120545,1,1,1,27,1,6,24,8,0,1,0,12,1,35,472,35472,30,2004,"5N1ED28T94C6","5","N","1","E","D","2","8","T","9","4","C","6",0,0,0,"000000000","00000000000",0,0,0,1,0,0,0,0,0,0,0,20,0,0,0,12,0,5,8,0,0,0,1,12,32812,6,1,0,0,3,3,67,999,0,0,0,0,0,0,0,0,0,0,38,0,0,0,1,2,25,1,1,2,2,3,3,1,80,99,1,1,13,"777777777777","777777777777","777777777777",0,0
12,120546,1,1,1,3,2,18,35,8,0,1,0,12,1,20,23,20023,6,2011,"3GNBACFU0BS6","3","G","N","B","A","C","F","U","0","B","S","6",0,0,0,"000000000","00000000000",0,0,0,1,0,0,0,0,0,0,0,30,0,0,0,12,2,5,8,0,0,0,1,12,33707,6,1,0,0,3,3,59,999,0,0,0,0,0,0,0,0,0,0,0,0,0,0,1,4,35,1,1,8,1,0,0,1,80,99,1,1,13,"777777777777","777777777777","777777777777",0,0
12,120547,1,1,1,1,2,22,30,8,0,1,0,12,1,6,51,6051,4,2006,"2C3KA43R66H2","2","C","3","K","A","4","3","R","6","6","H","2",0,0,0,"000000000","00000000000",0,0,0,1,0,0,0,0,0,0,0,35,0,0,0,12,0,5,8,0,0,0,1,12,33610,6,1,0,0,3,0,71,999,0,0,0,0,0,0,0,0,0,0,0,0,0,0,1,4,35,1,1,8,1,0,0,17,80,99,1,1,13,"777777777777","777777777777","777777777777",0,0
12,120548,1,1,1,12,3,20,34,8,0,1,1,99,9,99,999,99999,99,9999,"999999999999","9","9","9","9","9","9","9","9","9","9","9","9",0,0,0,"000000000","00000000000",0,0,0,1,0,0,0,0,0,0,0,999,0,0,0,98,9,5,8,0,0,0,1,99,99999,9,9,99,9,9,9,999,999,99,99,99,99,99,99,9999,99,9999,0,0,0,0,0,8,2,98,8,8,8,98,97,8,99,80,99,1,1,13,"777777777777","777777777777","777777777777",0,0
12,120549,1,1,1,19,3,20,45,9,0,1,1,99,9,99,999,99999,99,9999,"999999999999","9","9","9","9","9","9","9","9","9","9","9","9",0,0,0,"000000000","00000000000",0,0,0,1,0,0,0,0,0,0,0,45,0,0,0,12,9,5,9,0,0,0,1,99,99999,9,9,99,9,9,9,999,999,99,99,99,99,99,99,9999,99,9999,0,0,0,0,0,1,2,35,1,1,8,1,0,0,1,83,99,1,1,13,"777777777777","777777777777","777777777777",0,0
12,120550,1,1,1,12,3,3,36,9,0,1,1,12,1,49,472,49472,30,1998,"4TANL42N4WZ1","4","T","A","N","L","4","2","N","4","W","Z","1",0,0,0,"000000000","00000000000",0,0,0,1,0,0,0,0,0,0,0,999,0,0,0,12,4,5,9,0,0,0,1,12,33603,6,1,0,0,3,0,71,999,0,8,0,0,0,3,2015,8,2015,0,0,0,0,0,2,2,45,1,1,8,1,0,0,1,83,99,1,1,13,"777777777777","777777777777","777777777777",0,0
12,120552,1,1,1,15,1,16,30,9,0,1,1,99,9,99,999,99999,99,9999,"999999999999","9","9","9","9","9","9","9","9","9","9","9","9",0,0,0,"000000000","00000000000",0,0,0,1,0,0,0,0,0,0,0,999,0,0,0,98,9,5,9,0,0,0,1,99,99999,9,9,99,9,9,9,999,999,99,99,99,99,99,99,9999,99,9999,0,0,0,0,0,2,5,45,8,8,8,1,0,0,99,83,99,1,1,13,"777777777777","777777777777","777777777777",0,0
12,120553,1,1,3,16,3,20,33,8,0,1,0,12,2,20,28,20028,5,2015,"1G1JC6SH4F41","1","G","1","J","C","6","S","H","4","F","4","1",0,0,0,"000000000","00000000000",0,0,0,1,0,0,0,0,0,0,0,35,0,0,0,12,4,5,8,0,0,0,1,12,32210,6,1,0,0,3,3,67,999,0,0,0,0,0,0,0,0,0,0,0,0,0,0,1,2,30,1,1,8,1,0,0,1,80,99,1,1,13,"777777777777","777777777777","777777777777",0,0
12,120554,1,1,1,1,3,5,59,9,0,1,0,12,1,20,403,20403,14,2003,"1GNDS13S7321","1","G","N","D","S","1","3","S","7","3","2","1",0,0,0,"000000000","00000000000",0,0,0,1,0,0,0,0,0,0,0,998,0,0,0,12,6,2,9,0,0,0,1,12,32220,6,1,0,0,3,0,70,999,1,0,0,0,2,8,2012,12,2014,0,0,0,0,0,1,2,45,1,1,8,1,0,0,1,83,99,1,1,13,"777777777777","777777777777","777777777777",0,0
12,120555,1,1,1,20,3,21,15,8,0,1,0,12,2,37,32,37032,4,2010,"1HGCP2F41AA1","1","H","G","C","P","2","F","4","1","A","A","1",0,0,0,"000000000","00000000000",0,0,0,1,0,0,0,0,0,0,0,998,0,0,0,1,4,5,8,0,0,0,1,12,32211,6,1,0,0,3,0,64,999,1,0,0,2,2,3,2012,2,2014,0,0,0,0,0,5,5,40,1,5,8,1,0,0,1,80,99,1,1,13,"777777777777","777777777777","777777777777",0,1
12,120557,1,1,1,2,2,16,0,8,0,1,0,12,3,84,988,84988,50,2007,"4DRBUAFN27A3","4","D","R","B","U","A","F","N","2","7","A","3",0,0,88,"888888888","88888888888",3,21,22,1,0,0,0,0,1,2,0,30,0,0,0,5,0,3,8,0,0,0,1,12,33647,6,1,6,3,3,3,68,999,0,0,0,0,0,0,0,0,0,0,0,0,0,0,1,2,40,1,1,8,1,0,0,1,80,99,1,1,13,"777777777777","777777777777","777777777777",0,0
12,120558,1,1,1,28,1,8,18,8,0,1,0,12,1,12,422,12422,15,2007,"1FMFU15587LA","1","F","M","F","U","1","5","5","8","7","L","A",0,0,0,"000000000","00000000000",0,0,0,1,0,0,0,0,0,0,0,10,0,0,0,12,2,5,8,0,0,0,1,12,33635,1,1,0,0,2,2,58,999,0,0,0,0,0,0,0,0,0,0,74,0,0,0,1,2,10,1,1,8,1,0,0,1,80,99,1,1,13,"777777777777","777777777777","777777777777",0,0
12,120559,1,2,2,28,1,20,53,8,0,1,0,12,1,35,47,35047,4,2003,"1N4BL11E73C3","1","N","4","B","L","1","1","E","7","3","C","3",0,0,0,"000000000","00000000000",0,0,0,1,0,0,0,0,0,0,0,45,0,0,0,9,2,5,8,0,0,0,1,12,33618,6,1,0,0,3,0,66,999,1,0,0,0,1,11,2012,1,2013,0,0,0,0,0,3,2,45,1,1,8,2,3,3,1,80,99,1,1,13,"777777777777","777777777777","777777777777",0,0
12,120559,2,2,1,28,1,20,53,8,0,1,0,12,1,59,31,59031,4,2005,"JTHBA30GX551","J","T","H","B","A","3","0","G","X","5","5","1",0,0,0,"000000000","00000000000",0,0,0,1,0,0,0,0,0,0,0,45,0,0,0,12,4,5,8,0,0,0,1,12,33624,6,1,0,0,3,0,63,999,0,0,1,0,1,6,2013,7,2013,0,0,0,0,0,3,2,45,1,1,8,2,3,3,1,80,99,1,1,98,"777777777777","777777777777","777777777777",0,0
12,120560,1,1,2,12,3,23,33,8,0,1,0,12,1,2,404,2404,14,2002,"1J8GW58J12C1","1","J","8","G","W","5","8","J","1","2","C","1",0,0,0,"000000000","00000000000",0,0,0,1,0,0,0,0,0,0,0,45,0,0,0,12,2,5,8,0,0,0,1,12,33613,6,1,0,0,3,0,65,999,0,1,0,0,2,2,2013,8,2015,0,0,0,0,0,5,4,45,1,1,8,1,0,0,1,80,99,1,1,13,"777777777777","777777777777","777777777777",0,0
12,120561,1,1,1,15,2,6,33,8,0,1,0,12,2,20,461,20461,21,2004,"1GCGG25VX412","1","G","C","G","G","2","5","V","X","4","1","2",0,0,0,"000000000","00000000000",0,0,0,1,0,0,0,0,0,0,0,40,0,0,0,12,4,5,8,0,0,0,1,12,33613,0,0,0,0,0,0,999,999,0,0,0,0,0,0,0,0,0,0,0,0,0,0,3,3,45,1,1,8,1,0,0,1,80,99,1,1,13,"777777777777","777777777777","777777777777",0,0
12,120562,1,1,1,13,3,14,19,14,0,1,0,12,1,49,40,49040,4,1998,"JT2BF22K4W01","J","T","2","B","F","2","2","K","4","W","0","1",0,0,0,"000000000","00000000000",0,0,0,1,0,0,0,0,0,0,0,10,0,0,0,9,4,5,42,0,0,0,1,12,33556,6,1,0,0,3,3,67,999,0,0,0,0,0,0,0,0,0,0,0,0,0,0,1,2,5,1,1,8,1,0,0,13,20,99,1,5,92,"777777777777","777777777777","777777777777",0,0
12,120563,1,1,1,1,1,19,20,8,0,1,0,12,1,49,402,49402,14,2001,"JTEGH20V4100","J","T","E","G","H","2","0","V","4","1","0","0",0,0,0,"000000000","00000000000",0,0,0,1,0,0,0,0,0,0,0,40,0,0,0,12,4,5,8,0,0,0,1,12,32174,6,1,0,0,3,3,62,999,0,0,0,0,0,0,0,0,0,0,0,0,0,0,1,2,40,1,1,8,2,0,0,1,80,99,1,1,13,"777777777777","777777777777","777777777777",0,0
12,120564,1,1,1,17,1,22,8,8,0,1,0,12,2,35,47,35047,4,2015,"1N4AL3AP5FC1","1","N","4","A","L","3","A","P","5","F","C","1",0,0,0,"000000000","00000000000",0,0,0,1,0,0,0,0,0,0,0,40,0,0,0,12,4,5,8,0,0,0,1,36,11412,6,1,0,0,3,0,74,999,0,0,0,0,0,0,0,0,0,0,0,0,0,0,1,4,40,1,1,8,1,0,0,1,80,99,1,1,13,"777777777777","777777777777","777777777777",0,0
12,120565,1,2,3,31,1,13,33,12,6,1,0,1,1,55,36,55036,4,2010,"KMHCN4AC9AU4","K","M","H","C","N","4","A","C","9","A","U","4",0,0,0,"000000000","00000000000",0,0,0,1,0,0,0,0,0,0,0,10,0,0,0,3,6,2,12,0,0,0,1,1,36854,6,1,0,0,3,3,67,999,0,0,0,0,0,0,0,0,0,0,38,0,0,0,2,4,35,1,5,8,1,0,0,11,15,99,1,1,68,"777777777777","777777777777","777777777777",1,0
12,120565,2,2,3,31,1,13,33,12,6,1,0,12,1,37,32,37032,4,2005,"3HGCM56445G7","3","H","G","C","M","5","6","4","4","5","G","7",0,0,0,"000000000","00000000000",0,0,0,1,0,0,0,0,0,0,0,35,0,0,0,12,6,2,12,0,0,0,1,12,32309,6,1,0,0,3,0,69,999,0,1,0,0,0,7,2015,7,2015,0,0,0,0,0,2,4,35,1,6,8,1,0,0,1,62,99,1,1,69,"777777777777","777777777777","777777777777",0,0
12,120566,1,1,1,25,2,20,0,9,0,1,0,12,1,6,52,6052,6,2009,"3A8FY48939T5","3","A","8","F","Y","4","8","9","3","9","T","5",0,0,0,"000000000","00000000000",0,0,0,1,0,0,0,0,0,0,0,998,0,0,0,12,6,2,9,0,0,0,1,12,33901,6,1,0,0,3,0,68,999,0,0,0,0,0,0,0,0,0,0,0,0,0,0,3,2,98,1,1,8,1,0,0,1,83,99,1,1,13,"777777777777","777777777777","777777777777",0,0
12,120567,1,1,1,9,3,19,49,8,0,1,0,12,3,20,461,20461,21,2007,"1GCGG25V1711","1","G","C","G","G","2","5","V","1","7","1","1",0,0,0,"000000000","00000000000",0,0,0,1,0,0,0,0,0,0,0,40,0,0,0,12,2,5,8,0,0,0,1,12,32955,6,1,0,0,3,0,75,999,0,0,0,0,0,0,0,0,0,0,0,0,0,0,2,2,40,1,1,8,1,0,0,1,80,1,1,1,13,"777777777777","777777777777","777777777777",0,0
12,120568,1,2,1,4,1,17,46,12,7,1,0,12,1,98,709,98709,88,2009,"RFCKC10439Y6","R","F","C","K","C","1","0","4","3","9","Y","6",0,0,0,"000000000","00000000000",0,0,0,1,0,0,0,0,0,0,0,30,0,0,0,5,6,2,12,0,0,0,1,12,33142,6,1,0,0,3,3,70,999,0,0,0,0,2,8,2012,7,2014,0,38,0,0,0,2,4,30,1,1,8,1,0,0,1,52,99,1,1,74,"777777777777","777777777777","777777777777",1,0
12,120568,2,2,1,4,1,17,46,12,7,1,0,12,2,18,25,18025,4,2013,"1G4PP5SK7D41","1","G","4","P","P","5","S","K","7","D","4","1",0,0,0,"000000000","00000000000",0,0,0,1,0,0,0,0,0,0,0,30,0,0,0,11,2,5,12,0,0,0,1,12,33071,6,1,0,0,3,3,68,999,0,0,0,0,1,3,2015,3,2015,0,0,0,0,0,2,4,30,1,1,8,1,0,0,11,15,99,1,1,74,"777777777777","777777777777","777777777777",0,0
12,120569,1,1,1,10,1,2,19,8,0,1,1,99,9,99,999,99999,99,9999,"999999999999","9","9","9","9","9","9","9","9","9","9","9","9",0,0,0,"000000000","00000000000",0,0,0,1,0,0,0,0,99,99,0,999,0,0,0,98,9,5,8,0,0,0,1,99,99999,9,9,99,9,9,9,999,999,99,99,99,99,99,99,9999,99,9999,0,0,0,0,0,2,3,98,9,9,8,2,97,8,99,80,99,1,1,13,"777777777777","777777777777","777777777777",0,0
12,120571,1,1,1,9,3,11,43,8,0,1,0,12,3,12,481,12481,31,2006,"1FDWF365X6EA","1","F","D","W","F","3","6","5","X","6","E","A",0,0,0,"000000000","00000000000",0,0,0,1,0,0,0,0,0,0,0,40,0,0,0,12,4,5,8,0,0,0,1,12,33635,6,1,0,0,3,3,69,999,0,0,0,0,1,9,2011,9,2011,0,0,0,0,0,3,6,45,1,1,8,1,0,0,1,80,8,1,2,13,"777777777777","777777777777","777777777777",0,0
12,120572,1,1,1,13,1,22,33,1,0,1,0,12,1,12,16,12016,4,2006,"2FAHP71W26X1","2","F","A","H","P","7","1","W","2","6","X","1",0,0,0,"000000000","00000000000",0,0,0,1,0,0,0,0,0,0,0,60,0,1,5,0,6,2,1,0,0,0,1,12,33319,6,1,0,0,3,0,70,999,0,0,0,0,0,0,0,0,0,0,0,0,0,0,2,2,40,1,1,8,1,0,0,1,12,99,1,4,6,"777777777777","777777777777","777777777777",1,1
12,120573,1,3,1,15,1,17,20,12,1,1,0,12,1,49,43,49043,4,2003,"4T1BF28B83U3","4","T","1","B","F","2","8","B","8","3","U","3",0,0,0,"000000000","00000000000",0,0,0,1,0,0,0,0,0,0,0,35,0,0,0,12,6,2,12,0,0,0,1,12,33060,6,1,0,0,3,0,73,999,0,0,0,0,0,0,0,0,0,0,26,0,0,0,3,3,45,1,1,8,2,0,0,1,52,99,1,1,28,"777777777777","777777777777","777777777777",1,0
12,120573,2,3,1,15,1,17,20,12,1,1,0,12,1,41,54,41054,6,2012,"JM3TB2CA5C03","J","M","3","T","B","2","C","A","5","C","0","3",0,0,0,"000000000","00000000000",0,0,0,1,0,0,0,0,0,0,0,10,0,0,0,6,6,2,12,0,0,0,1,12,33483,6,1,6,0,3,0,72,999,0,0,0,0,0,0,0,0,0,0,0,0,0,0,3,3,45,1,1,8,2,0,0,2,53,6,1,1,31,"777777777777","777777777777","777777777777",0,0
12,120573,3,3,1,15,1,17,20,12,1,1,0,12,1,55,33,55033,4,2013,"5NPEB4AC2DH7","5","N","P","E","B","4","A","C","2","D","H","7",0,0,0,"000000000","00000000000",0,0,0,1,0,0,0,0,0,0,0,10,0,0,0,6,4,5,12,0,0,0,1,12,33309,6,1,0,0,3,0,64,999,0,0,0,0,0,0,0,0,0,0,0,0,0,0,3,3,45,1,1,8,2,0,0,2,53,99,1,1,98,"777777777777","777777777777","777777777777",0,0
12,120574,1,1,2,15,1,23,55,8,0,1,0,12,1,55,401,55401,14,2009,"5NMSG13D49H3","5","N","M","S","G","1","3","D","4","9","H","3",0,0,0,"000000000","00000000000",0,0,0,1,0,0,0,0,0,0,0,40,0,0,0,12,4,5,8,0,0,0,1,12,33062,6,1,0,0,3,3,68,999,0,0,0,0,1,5,2011,5,2011,0,0,0,0,0,3,3,45,1,1,8,1,3,3,1,80,99,1,1,13,"777777777777","777777777777","777777777777",0,0
12,120575,1,1,1,19,1,5,50,8,0,1,0,12,1,13,399,13399,4,2000,"ILNHM97V2YY8","I","L","N","H","M","9","7","V","2","Y","Y","8",0,0,0,"000000000","00000000000",0,0,0,1,0,0,0,0,0,0,0,30,0,0,0,12,0,5,8,0,0,0,1,12,33062,6,1,0,0,3,3,74,999,0,2,0,0,0,4,2013,6,2015,0,0,0,0,0,3,6,35,1,1,8,1,0,0,1,80,6,1,2,13,"777777777777","777777777777","777777777777",0,0
12,120576,1,1,1,31,1,20,12,8,0,1,0,12,1,53,402,53402,14,2002,"2S3TE52V0261","2","S","3","T","E","5","2","V","0","2","6","1",0,0,0,"000000000","00000000000",0,0,0,1,0,0,0,0,0,0,0,30,0,0,0,12,4,5,8,0,0,0,1,12,33064,6,1,0,0,3,0,63,999,0,0,0,0,0,0,0,0,0,0,0,0,0,0,1,2,30,1,1,8,1,0,0,1,80,99,1,1,13,"777777777777","777777777777","777777777777",0,0
12,120577,1,1,1,2,2,6,40,8,0,1,0,12,1,49,32,49032,4,2009,"1NXBU40E89Z0","1","N","X","B","U","4","0","E","8","9","Z","0",0,0,0,"000000000","00000000000",0,0,0,1,0,0,0,0,0,0,0,20,0,0,0,12,6,2,8,0,0,0,1,12,33068,1,1,2,2,2,3,63,999,0,0,0,0,0,0,0,0,0,0,0,0,0,0,3,4,45,1,1,8,1,0,0,1,80,99,1,1,13,"777777777777","777777777777","777777777777",0,0
12,120578,1,1,1,7,2,14,53,8,0,1,0,12,1,35,47,35047,4,1999,"1N4DL01D5XC2","1","N","4","D","L","0","1","D","5","X","C","2",0,0,0,"000000000","00000000000",0,0,0,1,0,0,0,0,0,0,0,1,0,0,0,12,4,5,8,0,0,0,1,12,33326,6,1,0,0,3,0,63,999,0,0,0,0,0,0,0,0,0,0,0,0,0,0,3,6,40,1,1,8,1,3,3,1,80,99,1,1,13,"777777777777","777777777777","777777777777",0,0
12,120579,1,1,1,17,2,5,30,8,0,1,0,12,1,63,402,63402,14,2016,"5XYPH4A54GG1","5","X","Y","P","H","4","A","5","4","G","G","1",0,0,0,"000000000","00000000000",0,0,0,1,0,0,0,0,0,0,0,35,0,0,0,12,4,5,8,0,0,0,1,12,33319,6,1,0,0,3,0,76,999,0,0,0,0,0,0,0,0,0,0,0,0,0,0,3,3,40,1,1,8,1,0,0,1,80,7,1,1,13,"777777777777","777777777777","777777777777",0,0
12,120580,1,1,1,17,2,22,40,9,0,1,0,12,1,34,37,34037,4,2014,"WBAYA8C5XEDS","W","B","A","Y","A","8","C","5","X","E","D","S",0,0,0,"000000000","00000000000",0,0,0,1,0,0,0,0,0,0,0,35,0,0,0,12,4,3,9,0,0,0,1,12,33305,6,1,0,0,3,3,72,999,0,0,0,0,0,0,0,0,0,0,0,0,0,0,3,6,35,1,1,8,1,3,3,1,80,99,1,1,13,"777777777777","777777777777","777777777777",0,0
12,120581,1,1,1,3,3,18,35,9,0,1,0,12,2,12,37,12037,4,2008,"1FAHP35N98W2","1","F","A","H","P","3","5","N","9","8","W","2",0,0,0,"000000000","00000000000",0,0,0,1,0,0,0,0,0,0,0,40,0,0,0,12,4,5,9,0,0,0,1,12,32224,6,1,0,0,3,3,62,999,0,0,0,2,0,2,2012,4,2014,0,0,0,0,0,1,2,40,1,6,8,1,0,0,1,83,99,1,1,13,"777777777777","777777777777","777777777777",0,0
12,120582,1,1,1,7,3,9,36,8,0,1,0,26,2,18,24,18024,6,2008,"5GAER23768J2","5","G","A","E","R","2","3","7","6","8","J","2",0,0,0,"000000000","00000000000",0,0,0,1,0,0,0,0,0,0,0,65,0,0,0,12,6,2,14,0,0,0,1,26,48076,3,1,0,0,2,0,71,999,0,6,0,3,4,6,2013,9,2013,0,0,0,0,0,5,4,45,1,1,8,1,3,3,1,13,99,1,4,1,"777777777777","777777777777","777777777777",0,0
12,120583,1,1,3,10,3,19,21,9,0,1,0,12,1,35,47,35047,4,2005,"1N4AL11D75C3","1","N","4","A","L","1","1","D","7","5","C","3",0,0,0,"000000000","00000000000",0,0,0,1,0,0,0,0,0,0,0,45,0,0,0,12,6,2,9,0,0,0,1,12,33060,6,1,0,0,3,0,70,999,0,0,0,0,0,0,0,0,0,0,0,0,0,0,3,6,45,1,1,8,1,3,3,1,83,99,1,1,13,"777777777777","777777777777","777777777777",0,0
12,120584,1,1,1,20,3,19,59,8,0,1,0,12,2,37,705,37705,80,2013,"MLHPC4412D50","M","L","H","P","C","4","4","1","2","D","5","0",0,0,0,"000000000","00000000000",0,0,0,1,0,0,0,0,0,0,0,1,0,0,0,12,6,2,8,0,0,0,1,12,33065,6,1,0,0,3,0,68,999,1,0,0,0,1,11,2013,7,2015,3,0,0,0,0,3,3,45,1,1,8,2,0,0,1,80,99,1,1,13,"777777777777","777777777777","777777777777",0,0
12,120585,1,1,1,28,1,20,2,8,0,1,0,12,1,37,32,37032,4,1995,"1HGCD5639SA1","1","H","G","C","D","5","6","3","9","S","A","1",0,0,0,"000000000","00000000000",0,0,0,1,0,0,0,0,0,0,0,35,0,0,0,12,6,2,8,0,0,0,1,12,33405,6,1,0,0,3,3,71,999,0,0,0,0,0,0,0,0,0,0,0,0,0,0,1,4,35,1,1,8,2,0,0,1,80,99,1,1,13,"777777777777","777777777777","777777777777",0,0
12,120587,1,2,2,4,1,17,40,12,6,1,0,42,1,23,8,23008,6,2012,"1GKKVPED1CJ1","1","G","K","K","V","P","E","D","1","C","J","1",0,0,0,"000000000","00000000000",0,0,0,1,0,0,0,0,0,0,0,998,0,0,0,12,6,2,12,0,0,0,1,12,33805,6,1,0,0,3,3,63,999,0,0,0,0,0,0,0,0,0,0,39,0,0,0,2,4,55,1,1,8,1,3,3,1,17,99,1,1,83,"777777777777","777777777777","777777777777",0,0
12,120587,2,2,1,4,1,17,40,12,6,1,0,12,1,72,706,72706,80,2002,"1HD1DJV122Y6","1","H","D","1","D","J","V","1","2","2","Y","6",0,0,0,"000000000","00000000000",0,0,0,1,0,0,0,0,0,0,0,998,0,0,0,61,6,2,12,0,0,0,1,12,33850,6,1,6,0,3,3,68,999,0,0,0,0,0,0,0,0,0,0,0,0,0,0,1,2,55,1,1,8,1,3,3,11,66,99,1,1,82,"777777777777","777777777777","777777777777",1,1
12,120588,1,1,1,15,2,15,48,38,0,1,0,12,1,18,2,18002,4,2001,"1G4HP54K31U1","1","G","4","H","P","5","4","K","3","1","U","1",0,0,0,"000000000","00000000000",0,0,0,1,0,0,0,0,0,0,0,998,0,0,0,5,6,2,30,0,0,0,1,12,33898,6,1,0,0,3,0,64,999,0,0,0,0,0,0,0,0,0,0,6,0,0,0,1,2,45,3,1,8,1,0,0,14,12,99,4,4,7,"777777777777","777777777777","777777777777",1,1
12,120589,1,1,1,7,3,16,13,34,0,1,0,12,2,49,43,49043,4,2008,"4T1BK36B48U2","4","T","1","B","K","3","6","B","4","8","U","2",0,0,0,"000000000","00000000000",0,0,0,1,0,0,0,0,0,0,0,998,0,1,5,12,6,2,1,0,0,0,1,12,33510,6,1,0,0,3,3,62,999,0,0,0,0,1,8,2013,8,2013,0,0,0,0,0,3,4,60,2,1,8,1,0,0,14,13,99,4,4,2,"777777777777","777777777777","777777777777",1,0
12,120590,1,1,1,6,2,23,20,8,0,1,1,99,9,99,999,99999,99,9999,"999999999999","9","9","9","9","9","9","9","9","9","9","9","9",0,0,0,"000000000","00000000000",0,0,0,1,0,0,0,0,0,0,0,30,0,0,0,12,9,5,8,0,0,0,1,99,99999,9,9,99,9,9,9,999,999,99,99,99,99,99,99,9999,99,9999,9,0,0,0,0,1,2,30,1,1,8,2,0,0,1,80,99,1,1,13,"777777777777","777777777777","777777777777",0,0
12,120591,1,1,1,3,2,0,56,59,0,1,0,12,2,2,404,2404,14,1999,"1J4G268S6XC7","1","J","4","G","2","6","8","S","6","X","C","7",0,0,0,"000000000","00000000000",0,0,0,1,0,0,0,0,0,0,0,50,0,1,6,12,6,2,1,0,0,0,1,12,32720,6,1,0,0,3,0,61,999,0,0,0,1,0,4,2014,4,2014,0,6,0,0,0,1,2,35,1,1,8,1,0,0,1,12,99,2,4,7,"777777777777","777777777777","777777777777",1,1
12,120592,1,1,1,26,1,21,22,15,0,1,0,12,1,59,31,59031,4,2002,"JTHBF30G2250","J","T","H","B","F","3","0","G","2","2","5","0",0,0,0,"000000000","00000000000",0,0,0,1,0,0,0,0,0,0,0,40,0,0,0,12,4,5,15,0,0,0,1,12,33712,6,1,0,0,3,3,66,999,0,0,0,0,0,0,0,0,0,0,6,0,0,0,1,4,35,1,1,8,1,3,3,1,83,99,1,1,13,"777777777777","777777777777","777777777777",0,0
12,120593,1,1,1,28,2,15,53,8,0,1,0,12,1,49,53,49053,5,2010,"4T3ZK3BB8AU0","4","T","3","Z","K","3","B","B","8","A","U","0",0,0,0,"000000000","00000000000",0,0,0,1,0,0,0,0,0,0,0,998,0,0,0,12,4,5,8,0,0,0,1,17,60172,6,1,0,0,3,0,70,999,0,0,0,0,0,0,0,0,0,0,0,0,0,0,3,3,40,1,1,8,1,0,0,1,80,7,1,1,13,"777777777777","777777777777","777777777777",0,0
12,120594,1,1,3,3,3,3,53,8,0,1,0,12,1,49,40,49040,4,2007,"4T1BE46K57U0","4","T","1","B","E","4","6","K","5","7","U","0",0,0,0,"000000000","00000000000",0,0,0,1,0,0,0,0,0,0,0,35,0,0,0,12,4,5,8,0,0,0,1,12,33712,1,1,0,0,2,0,74,999,0,1,0,0,0,1,2016,1,2016,0,0,0,0,0,1,4,35,1,1,8,1,0,0,1,80,99,1,1,13,"777777777777","777777777777","777777777777",0,0