"STATE","ST_CASE","VEH_NO","VE_FORMS","NUMOCCS","DAY","MONTH","HOUR","MINUTE","HARM_EV","MAN_COLL","UNITTYPE","HIT_RUN","REG_STAT","OWNER","MAKE","MODEL","MAK_MOD","BODY_TYP","MOD_YEAR","VIN","VIN_1","VIN_2","VIN_3","VIN_4","VIN_5","VIN_6","VIN_7","VIN_8","VIN_9","VIN_10","VIN_11","VIN_12","TOW_VEH","J_KNIFE","MCARR_I1","MCARR_I2","MCARR_ID","GVWR","V_CONFIG","CARGO_BT","HAZ_INV","HAZ_PLAC","HAZ_ID","HAZ_CNO","HAZ_REL","BUS_USE","SPEC_USE","EMER_USE","TRAV_SP","UNDERIDE","ROLLOVER","ROLINLOC","IMPACT1","DEFORMED","TOWED","M_HARM","VEH_SC1","VEH_SC2","FIRE_EXP","DR_PRES","L_STATE","DR_ZIP","L_STATUS","L_TYPE","CDL_STAT","L_ENDORS","L_COMPL","L_RESTRI","DR_HGT","DR_WGT","PREV_ACC","PREV_SUS","PREV_DWI","PREV_SPD","PREV_OTH","FIRST_MO","FIRST_YR","LAST_MO","LAST_YR","SPEEDREL","DR_SF1","DR_SF2","DR_SF3","DR_SF4","VTRAFWAY","VNUM_LAN","VSPD_LIM","VALIGN","VPROFILE","VPAVETYP","VSURCOND","VTRAFCON","VTCONT_F","P_CRASH1","P_CRASH2","P_CRASH3","PCRASH4","PCRASH5","ACC_TYPE","TRLR1VIN","TRLR2VIN","TRLR3VIN","DEATHS","DR_DRINK"
12,120595,1,1,1,20,2,22,14,8,0,1,0,12,1,7,27,7027,6,2009,"3D4GG57V99T1","3","D","4","G","G","5","7","V","9","9","T","1",0,0,0,"000000000","00000000000",0,0,0,1,0,0,0,0,0,0,0,40,0,0,0,12,4,3,8,0,0,0,1,12,34741,6,1,0,0,3,0,59,999,0,2,0,0,0,5,2015,7,2015,0,0,0,0,0,3,6,40,1,1,8,1,0,0,1,80,99,1,1,13,"777777777777","777777777777","777777777777",0,0
12,120596,1,3,1,16,3,7,34,59,0,1,0,12,1,20,471,20471,30,1997,"1GCCS19X3VK1","1","G","C","C","S","1","9","X","3","V","K","1",0,0,0,"000000000","00000000000",0,0,0,1,0,0,0,0,0,0,0,35,0,0,0,12,6,2,12,0,0,0,1,12,34741,6,1,0,0,3,0,67,999,0,0,0,0,0,0,0,0,0,0,28,0,0,0,1,3,30,1,1,8,1,0,0,1,13,99,1,4,1,"777777777777","777777777777","777777777777",1,0
12,120596,2,3,1,16,3,7,34,59,0,1,0,12,3,98,809,98809,66,1999,"2FWYJSEB4XAB","2","F","W","Y","J","S","E","B","4","X","A","B",1,1,12,"1347049","121347049",3,6,3,1,0,0,0,0,0,0,0,20,0,0,0,63,4,5,12,0,0,0,1,12,32808,6,1,6,0,3,0,74,999,0,0,0,0,1,9,2014,9,2014,0,0,0,0,0,5,3,30,1,1,8,1,0,0,1,62,99,1,1,98,"1cd2l48271a0","777777777777","777777777777",0,0
12,120596,3,3,1,16,3,7,34,59,0,1,0,12,1,55,401,55401,14,2006,"KM8SC73E56U0","K","M","8","S","C","7","3","E","5","6","U","0",0,0,0,"000000000","00000000000",0,0,0,1,0,0,0,0,0,0,0,15,0,0,0,12,6,2,12,0,0,0,1,12,34769,6,1,0,0,3,0,66,999,0,0,0,0,0,0,0,0,0,0,0,0,0,0,5,3,30,1,1,8,1,0,0,1,62,99,1,1,98,"777777777777","777777777777","777777777777",0,0
12,120597,1,1,1,29,2,15,13,8,0,1,0,12,2,49,40,49040,4,1998,"4T1BF28K1WU0","4","T","1","B","F","2","8","K","1","W","U","0",0,0,0,"000000000","00000000000",0,0,0,1,0,0,0,0,0,0,0,20,0,0,0,1,2,3,8,0,0,0,1,36,11557,6,1,0,0,3,3,73,999,0,0,0,0,0,0,0,0,0,0,0,0,0,0,3,2,25,3,1,8,1,0,0,14,80,99,1,1,13,"777777777777","777777777777","777777777777",0,0
12,120598,1,4,3,4,3,16,32,12,6,1,0,12,2,37,441,37441,20,2007,"5FNRL38687B0","5","F","N","R","L","3","8","6","8","7","B","0",0,0,0,"000000000","00000000000",0,0,0,1,0,0,0,0,0,0,0,998,0,0,0,81,6,2,12,0,0,0,1,12,32730,6,1,0,0,3,0,69,999,0,0,0,0,0,0,0,0,0,0,38,0,0,0,1,3,98,1,1,8,1,20,3,1,17,99,1,1,87,"777777777777","777777777777","777777777777",1,0
12,120598,2,4,1,4,3,16,32,12,6,1,0,1,1,20,481,20481,31,2011,"1GCPKSE3XBF1","1","G","C","P","K","S","E","3","X","B","F","1",0,0,0,"000000000","00000000000",0,0,0,1,0,0,0,0,0,0,0,998,0,0,0,12,6,2,12,0,0,0,1,1,36093,6,1,0,0,3,0,71,240,1,0,0,0,0,8,2012,8,2012,0,0,0,0,0,4,3,98,1,1,8,1,3,3,1,66,99,1,1,86,"777777777777","777777777777","777777777777",0,0
12,120598,3,4,1,4,3,16,32,12,6,1,0,12,1,55,35,55035,4,2010,"KMHDU4AD3AU9","K","M","H","D","U","4","A","D","3","A","U","9",0,0,0,"000000000","00000000000",0,0,0,1,0,0,0,0,0,0,0,998,0,0,0,12,6,2,12,0,0,0,1,12,32822,6,1,0,0,3,3,64,999,0,0,0,0,0,0,0,0,0,0,0,0,0,0,4,3,98,1,1,8,1,3,3,1,66,99,1,1,98,"777777777777","777777777777","777777777777",0,0
12,120598,4,4,1,4,3,16,32,12,6,1,0,12,1,23,481,23481,31,2013,"3GTP2VE75DG2","3","G","T","P","2","V","E","7","5","D","G","2",0,0,0,"000000000","00000000000",0,0,0,1,0,0,0,0,0,0,0,998,0,0,0,12,6,2,12,0,0,0,1,12,34480,6,1,0,0,3,0,75,999,0,0,0,0,0,0,0,0,0,0,0,0,0,0,1,3,98,1,1,8,1,20,3,1,62,99,1,1,98,"777777777777","777777777777","777777777777",0,0
12,120599,1,2,1,4,3,0,26,15,0,1,0,12,1,38,499,38499,30,1990,"4S1CL11L7L42","4","S","1","C","L","1","1","L","7","L","4","2",0,0,0,"000000000","00000000000",0,0,0,1,0,0,0,0,0,0,0,45,0,0,0,12,4,5,15,0,0,0,1,12,32811,6,1,0,0,3,0,68,999,0,0,0,0,0,0,0,0,0,0,0,0,0,0,3,3,45,1,1,8,1,0,0,1,83,99,1,1,13,"777777777777","777777777777","777777777777",0,0
12,120599,2,2,1,4,3,0,26,15,0,1,0,12,2,49,402,49402,14,2006,"JTMZD33V1660","J","T","M","Z","D","3","3","V","1","6","6","0",0,0,0,"000000000","00000000000",0,0,0,1,0,0,0,0,0,0,0,45,0,0,0,7,2,5,15,0,0,0,1,12,33176,6,1,0,0,3,0,74,999,0,0,0,1,0,7,2014,7,2014,0,0,0,0,0,3,3,45,1,1,8,1,0,0,1,83,99,1,1,98,"777777777777","777777777777","777777777777",0,0
12,120600,1,1,1,9,3,13,56,8,0,1,1,99,9,99,999,99999,99,9999,"999999999999","9","9","9","9","9","9","9","9","9","9","9","9",0,0,0,"000000000","00000000000",0,0,0,1,0,0,0,0,99,99,0,999,0,0,0,6,4,5,8,0,0,0,1,99,99999,9,9,99,9,9,9,999,999,99,99,99,99,99,99,9999,99,9999,0,0,0,0,0,0,0,0,0,0,0,0,0,0,13,80,99,1,5,98,"777777777777","777777777777","777777777777",0,0
12,120602,1,1,3,6,3,19,11,8,0,1,0,12,1,14,401,14401,14,1999,"4M2ZU52P8XUJ","4","M","2","Z","U","5","2","P","8","X","U","J",0,0,0,"000000000","00000000000",0,0,0,1,0,0,0,0,0,0,0,998,0,0,0,12,4,5,8,0,0,0,1,12,32117,6,1,0,0,3,3,65,999,0,0,0,0,0,0,0,0,0,0,0,0,0,0,3,4,98,1,1,8,1,0,0,1,80,99,1,1,13,"777777777777","777777777777","777777777777",0,0
12,120603,1,1,2,12,3,20,39,8,0,1,0,12,1,20,25,20025,4,2014,"1G1PC5SB8E71","1","G","1","P","C","5","S","B","8","E","7","1",0,0,0,"000000000","00000000000",0,0,0,1,0,0,0,0,0,0,0,30,0,0,0,12,6,2,8,0,0,0,1,12,33167,6,1,0,0,3,3,68,999,0,1,0,0,0,10,2015,10,2015,0,0,0,0,0,2,4,98,1,1,8,1,0,0,1,80,99,1,1,13,"777777777777","777777777777","777777777777",0,0
12,120604,1,1,1,25,3,14,0,9,0,1,0,12,2,7,482,7482,31,2007,"1D7HA18237S1","1","D","7","H","A","1","8","2","3","7","S","1",0,0,0,"000000000","00000000000",0,0,0,1,0,0,0,0,0,0,0,5,0,0,0,6,0,3,9,0,0,0,1,12,34956,6,1,0,0,3,3,63,999,0,0,0,1,1,2,2015,2,2015,0,31,0,0,0,1,2,10,1,1,8,1,0,0,13,83,99,1,1,92,"777777777777","777777777777","777777777777",0,0
12,120605,1,1,1,26,3,0,49,8,0,1,1,99,9,99,999,99999,99,9999,"999999999999","9","9","9","9","9","9","9","9","9","9","9","9",0,0,0,"000000000","00000000000",0,0,0,1,0,0,0,0,0,0,0,45,0,0,0,12,9,5,8,0,0,0,1,99,99999,9,9,99,9,9,9,999,999,99,99,99,99,99,99,9999,99,9999,0,0,0,0,0,3,6,45,1,1,8,2,0,0,99,80,99,9,9,13,"777777777777","777777777777","777777777777",0,0
12,120606,1,1,1,27,3,20,17,8,0,1,0,12,4,13,421,13421,15,2016,"5LMJJ3HT5GEL","5","L","M","J","J","3","H","T","5","G","E","L",0,0,0,"000000000","00000000000",0,0,0,1,0,0,0,0,0,0,0,30,0,0,0,12,4,3,8,0,0,0,1,12,33312,6,1,0,0,3,3,67,999,0,1,0,3,0,10,2013,2,2016,0,0,0,0,0,1,2,30,1,1,8,1,0,0,1,80,99,1,1,13,"777777777777","777777777777","777777777777",0,0
12,120607,1,1,1,31,3,7,58,15,0,1,0,12,1,34,401,34401,14,2005,"5UXFA13595LY","5","U","X","F","A","1","3","5","9","5","L","Y",0,0,0,"000000000","00000000000",0,0,0,1,0,0,0,0,0,0,0,40,0,0,0,12,6,2,15,0,0,0,1,12,32080,6,1,0,0,3,0,68,999,0,0,0,0,0,0,0,0,0,0,0,0,0,0,2,4,40,1,1,8,1,0,0,1,83,99,1,1,13,"777777777777","777777777777","777777777777",0,0
12,120608,1,1,5,14,3,20,49,8,0,1,0,12,1,20,22,20022,4,2010,"1G1AD5F50A71","1","G","1","A","D","5","F","5","0","A","7","1",0,0,0,"000000000","00000000000",0,0,0,1,0,0,0,0,0,0,0,25,0,0,0,12,4,5,8,0,0,0,1,12,33069,6,1,0,0,3,3,69,999,0,1,0,0,0,10,2015,10,2015,0,0,0,0,0,3,3,35,1,1,8,1,0,0,1,80,99,1,1,13,"777777777777","777777777777","777777777777",0,0
12,120609,1,1,0,9,3,16,0,8,0,1,0,12,6,35,472,35472,30,2003,"1N6ED27T63C4","1","N","6","E","D","2","7","T","6","3","C","4",0,0,0,"000000000","00000000000",0,0,0,1,0,0,0,0,0,0,0,5,0,0,0,14,0,5,8,0,0,0,0,0,99997,7,6,97,7,6,7,998,997,998,998,998,998,998,98,9998,98,9998,8,0,0,0,0,1,2,25,1,4,8,1,0,0,0,80,0,0,0,98,"777777777777","777777777777","777777777777",0,0
12,120610,1,1,3,18,3,22,48,8,0,1,0,12,1,37,421,37421,15,2009,"5FNYF38659B0","5","F","N","Y","F","3","8","6","5","9","B","0",0,0,0,"000000000","00000000000",0,0,0,1,0,0,0,0,0,0,0,998,0,0,0,12,4,5,8,0,0,0,1,12,33614,6,1,0,0,3,3,73,999,0,0,0,1,0,4,2012,4,2012,0,0,0,0,0,3,3,40,1,1,8,1,0,0,1,80,99,1,1,13,"777777777777","777777777777","777777777777",0,0
12,120611,1,1,1,22,3,21,27,8,0,1,1,99,9,99,999,99999,99,9999,"999999999999","9","9","9","9","9","9","9","9","9","9","9","9",0,0,0,"000000000","00000000000",0,0,0,1,0,0,0,0,99,99,0,998,0,0,0,14,9,5,8,0,0,0,1,99,99999,9,9,99,9,9,9,999,999,99,99,99,99,99,99,9999,99,9999,0,0,0,0,0,2,2,98,1,1,8,1,0,0,1,80,99,1,1,13,"777777777777","777777777777","777777777777",0,0
12,120612,1,1,1,26,3,23,25,8,0,1,0,12,2,54,36,54036,4,2002,"JH4KA96572C0","J","H","4","K","A","9","6","5","7","2","C","0",0,0,0,"000000000","00000000000",0,0,0,1,0,0,0,0,0,0,0,50,0,0,0,12,6,2,8,0,0,0,1,13,31419,6,1,0,0,3,0,69,180,98,0,0,4,1,9,2012,1,2016,0,0,0,0,0,3,6,50,1,1,8,2,0,0,1,80,99,1,1,13,"777777777777","777777777777","777777777777",0,0
12,120614,1,1,1,27,1,0,56,8,0,1,0,12,1,35,39,35039,4,2009,"1N4AA51E89C8","1","N","4","A","A","5","1","E","8","9","C","8",0,0,0,"000000000","00000000000",0,0,0,1,0,0,0,0,0,0,0,998,0,0,0,12,4,3,8,0,0,0,1,12,33702,6,1,0,0,3,0,70,999,0,0,0,0,1,11,2014,11,2014,0,0,0,0,0,2,3,45,1,1,8,2,0,0,1,80,1,1,1,13,"777777777777","777777777777","777777777777",0,0
12,120615,1,1,1,2,4,5,40,15,0,1,1,99,9,99,999,99999,99,9999,"999999999999","9","9","9","9","9","9","9","9","9","9","9","9",0,0,0,"000000000","00000000000",0,0,0,1,0,0,0,0,0,0,0,999,0,0,0,99,4,5,15,0,0,0,1,99,99999,9,9,99,9,9,9,999,999,99,99,99,99,99,99,9999,99,9999,0,0,0,0,0,2,4,99,8,8,8,1,97,8,1,80,99,9,9,13,"777777777777","777777777777","777777777777",0,0
12,120616,1,1,1,31,1,18,49,9,0,1,1,99,9,49,32,49032,4,9999,"999999999999","9","9","9","9","9","9","9","9","9","9","9","9",0,0,0,"000000000","00000000000",0,0,0,1,0,0,0,0,0,0,0,40,0,0,0,12,4,5,9,0,0,0,1,99,99999,9,9,99,9,9,9,999,999,99,99,99,99,99,99,9999,99,9999,0,0,0,0,0,2,4,40,1,1,8,1,0,0,6,11,99,1,4,13,"777777777777","777777777777","777777777777",0,0
12,120617,1,1,1,31,3,21,35,8,0,1,0,12,2,23,481,23481,31,1995,"1GTEC14K9SZ5","1","G","T","E","C","1","4","K","9","S","Z","5",0,0,0,"000000000","00000000000",0,0,0,1,0,0,0,0,0,0,0,40,0,0,0,12,4,3,8,0,0,0,1,12,32818,6,1,0,0,3,0,69,999,0,0,0,0,1,10,2014,10,2014,0,0,0,0,0,3,4,40,1,1,8,1,0,0,15,80,99,1,1,13,"777777777777","777777777777","777777777777",0,0
12,120618,1,1,1,7,4,6,25,8,0,1,0,12,2,55,401,55401,14,2007,"5NMSH13E67H0","5","N","M","S","H","1","3","E","6","7","H","0",0,0,0,"000000000","00000000000",0,0,0,1,0,0,0,0,0,0,0,998,0,0,0,12,4,5,8,0,0,0,1,12,32225,6,1,6,0,3,0,72,999,0,0,0,0,1,9,2013,9,2013,0,0,0,0,0,1,2,35,1,1,8,1,0,0,1,80,99,1,1,13,"777777777777","777777777777","777777777777",0,0
12,120619,1,1,2,3,4,21,35,8,0,1,0,12,1,22,20,22020,4,2004,"2G2WP522X411","2","G","2","W","P","5","2","2","X","4","1","1",0,0,0,"000000000","00000000000",0,0,0,1,0,0,0,0,0,0,0,40,0,0,0,12,4,3,8,0,0,0,1,12,32303,6,1,0,0,3,0,73,999,0,0,0,0,0,0,0,0,0,0,0,0,0,0,1,2,35,1,1,8,1,0,0,1,80,1,1,1,13,"777777777777","777777777777","777777777777",0,0
12,120620,1,2,1,7,4,9,51,12,6,1,0,12,1,53,706,53706,80,2002,"JS1GT74A2221","J","S","1","G","T","7","4","A","2","2","2","1",0,0,0,"000000000","00000000000",0,0,0,1,0,0,0,0,0,0,0,65,0,0,0,12,6,2,12,0,0,0,1,12,33165,1,1,0,0,2,0,72,999,2,2,0,0,0,12,2011,12,2015,4,0,0,0,0,1,7,40,1,1,8,1,3,3,1,17,99,1,1,69,"777777777777","777777777777","777777777777",1,0
12,120620,2,2,2,7,4,9,51,12,6,1,0,12,1,12,423,12423,16,2003,"1FMNU40L23EC","1","F","M","N","U","4","0","L","2","3","E","C",0,0,0,"000000000","00000000000",0,0,0,1,0,0,0,0,0,0,0,10,0,0,0,5,6,2,12,0,0,0,1,12,33135,6,1,0,0,3,0,68,999,1,0,0,0,0,8,2014,8,2014,0,0,0,0,0,5,7,40,1,1,8,1,3,3,11,63,1,1,1,68,"777777777777","777777777777","777777777777",0,0
12,120621,1,3,1,23,3,10,50,12,6,1,0,12,1,49,40,49040,4,1998,"4T1BG22K0WU2","4","T","1","B","G","2","2","K","0","W","U","2",0,0,0,"000000000","00000000000",0,0,0,1,0,0,0,0,0,0,0,10,0,0,0,1,6,2,12,0,0,1,1,12,32967,6,1,0,0,3,3,62,999,0,0,0,0,0,0,0,0,0,0,38,0,0,0,1,2,45,1,1,8,1,20,3,11,15,99,1,1,82,"777777777777","777777777777","777777777777",1,0
12,120621,2,3,1,23,3,10,50,12,6,1,0,12,3,86,881,86881,63,2004,"1M2P264C64M0","1","M","2","P","2","6","4","C","6","4","M","0",0,0,12,"1069127","121069127",3,2,7,1,0,0,0,0,0,0,0,55,0,0,0,12,6,2,12,0,0,1,1,12,34983,6,1,6,0,3,0,70,999,0,0,0,1,0,5,2012,5,2012,0,0,0,0,0,1,2,55,1,1,8,1,0,0,1,67,99,1,1,83,"777777777777","777777777777","777777777777",0,0
12,120621,3,3,1,23,3,10,50,12,6,1,0,12,3,86,881,86881,63,2009,"1M2AX13C09M0","1","M","2","A","X","1","3","C","0","9","M","0",0,0,12,"463595","12463595",3,1,96,1,0,0,0,0,0,0,0,0,0,0,0,12,6,2,12,0,0,0,1,12,32962,6,1,6,0,3,0,70,999,0,0,0,0,0,0,0,0,0,0,0,0,0,0,1,2,55,1,1,8,1,0,0,5,62,99,1,1,98,"777777777777","777777777777","777777777777",0,0
12,120622,1,2,1,4,4,16,19,12,99,1,0,12,1,34,706,34706,80,2011,"WB1051701BZV","W","B","1","0","5","1","7","0","1","B","Z","V",0,0,0,"000000000","00000000000",0,0,0,1,0,0,0,0,0,0,0,70,0,0,0,98,6,2,12,0,0,0,1,12,33950,6,1,0,0,3,0,68,999,0,0,0,0,0,0,0,0,0,3,6,0,0,0,3,2,35,3,1,8,1,0,0,14,99,99,1,4,99,"777777777777","777777777777","777777777777",1,0
12,120622,2,2,1,4,4,16,19,12,99,1,0,12,2,76,705,76705,80,2014,"JYARJ16E9EA0","J","Y","A","R","J","1","6","E","9","E","A","0",0,0,0,"000000000","00000000000",0,0,0,1,0,0,0,0,0,0,0,80,0,0,0,98,6,2,12,0,0,0,1,12,34224,6,1,0,0,3,0,71,999,0,0,0,1,0,7,2014,7,2014,3,6,0,0,0,3,2,35,3,1,8,1,0,0,14,99,99,1,4,99,"777777777777","777777777777","777777777777",0,0
12,120623,1,2,2,1,4,20,20,12,6,1,0,12,2,19,20,19020,6,2006,"1GYEE6375601","1","G","Y","E","E","6","3","7","5","6","0","1",0,0,0,"000000000","00000000000",0,0,0,1,0,0,0,0,0,0,0,998,0,0,0,5,6,2,12,0,0,0,1,12,33064,6,1,0,0,3,3,62,999,0,0,0,0,0,0,0,0,0,0,0,0,0,0,3,4,45,1,1,8,1,0,0,11,15,99,1,1,68,"777777777777","777777777777","777777777777",0,0
12,120623,2,2,1,1,4,20,20,12,6,1,0,12,1,72,706,72706,80,2003,"1HD4CAM143K4","1","H","D","4","C","A","M","1","4","3","K","4",0,0,0,"000000000","00000000000",0,0,0,1,0,0,0,0,0,0,0,998,0,0,0,12,6,2,12,0,0,0,1,12,33062,6,1,0,0,2,0,75,999,0,0,0,1,0,7,2011,7,2011,0,0,0,0,0,3,3,45,1,1,8,1,0,0,1,62,99,1,1,69,"777777777777","777777777777","777777777777",1,0
12,120624,1,2,1,31,3,13,15,12,6,1,0,12,1,73,706,73706,80,2011,"JKAZXCJ12BA0","J","K","A","Z","X","C","J","1","2","B","A","0",0,0,0,"000000000","00000000000",0,0,0,1,0,0,0,0,0,0,0,75,0,0,0,12,6,2,12,0,0,0,1,12,33903,6,1,6,0,3,0,73,999,0,0,0,3,0,2,2012,7,2013,3,36,0,0,0,3,3,40,1,1,8,1,0,0,1,17,16,1,1,88,"777777777777","777777777777","777777777777",1,0
12,120624,2,2,1,31,3,13,15,12,6,1,0,12,1,12,481,12481,31,2001,"1FTRX18L71NA","1","F","T","R","X","1","8","L","7","1","N","A",0,0,0,"000000000","00000000000",0,0,0,1,0,0,0,0,0,0,0,5,0,0,0,9,4,3,12,0,0,0,1,12,33909,6,1,0,0,3,0,71,999,0,0,0,0,0,0,0,0,0,0,0,0,0,0,1,2,25,1,1,8,1,20,3,1,66,99,1,1,89,"777777777777","777777777777","777777777777",0,0
12,120625,1,1,1,25,3,5,34,18,0,1,0,12,2,18,7,18007,4,2002,"2G4WS52J5213","2","G","4","W","S","5","2","J","5","2","1","3",0,0,0,"000000000","00000000000",0,0,0,1,0,0,0,0,0,0,0,40,0,1,5,3,6,2,1,0,0,0,1,12,33417,6,1,0,0,3,0,69,999,0,0,0,0,0,0,0,0,0,0,6,0,0,0,6,1,65,3,6,8,2,0,0,14,13,6,4,4,2,"777777777777","777777777777","777777777777",1,1
12,120626,1,1,1,28,3,4,35,21,0,1,0,12,1,22,22,22022,2,2007,"1G2ZH3616741","1","G","2","Z","H","3","6","1","6","7","4","1",0,0,0,"000000000","00000000000",0,0,0,1,0,0,0,0,0,0,0,70,0,0,0,12,6,2,21,0,0,0,1,12,33544,6,1,0,0,3,3,72,999,0,0,0,0,0,0,0,0,0,0,6,0,0,0,3,3,70,3,6,1,1,0,0,14,13,99,1,4,1,"777777777777","777777777777","777777777777",1,0
12,120627,1,1,1,21,3,0,10,25,0,1,0,12,3,55,41,55041,4,2014,"KMHGC4DH5EU2","K","M","H","G","C","4","D","H","5","E","U","2",0,0,0,"000000000","00000000000",0,0,0,1,0,0,0,0,0,0,0,55,0,0,0,12,6,2,25,0,0,1,1,12,33186,6,1,0,0,3,0,62,999,0,0,0,0,0,0,0,0,0,0,0,0,0,0,3,2,55,1,3,8,2,3,3,1,12,99,1,4,6,"777777777777","777777777777","777777777777",1,1
12,120628,1,1,1,3,4,12,58,34,0,1,0,12,1,37,706,37706,80,1999,"1HFSC3906XA1","1","H","F","S","C","3","9","0","6","X","A","1",0,0,0,"000000000","00000000000",0,0,0,1,0,0,0,0,0,0,0,55,0,0,0,12,6,2,34,0,0,0,1,12,34744,6,1,0,0,3,3,69,999,0,0,0,0,0,0,0,0,0,0,0,0,0,0,1,2,55,3,1,8,1,0,0,14,13,99,1,4,1,"777777777777","777777777777","777777777777",1,1
12,120629,1,2,2,28,3,7,0,12,1,1,0,12,1,35,446,35446,20,2015,"3N6CM0KN4FK6","3","N","6","C","M","0","K","N","4","F","K","6",0,0,0,"000000000","00000000000",0,0,0,1,0,0,0,0,0,0,0,65,0,0,0,12,6,2,12,0,0,0,1,12,34446,6,1,0,0,3,3,63,999,0,0,0,0,0,0,0,0,0,0,6,0,0,0,3,2,65,1,1,8,2,0,0,1,51,99,1,1,24,"777777777777","777777777777","777777777777",2,0
12,120629,2,2,1,28,3,7,0,12,1,1,0,98,3,98,998,98998,92,2012,"1P0614ODKCH0","1","P","0","6","1","4","O","D","K","C","H","0",0,0,88,"888888888","88888888888",3,1,97,1,0,0,0,0,0,0,0,20,0,0,0,6,6,2,12,0,0,0,1,12,32641,6,1,0,0,3,0,68,999,0,0,0,0,0,0,0,0,0,0,0,0,0,0,3,2,65,1,1,8,2,0,0,1,53,99,1,1,25,"777777777777","777777777777","777777777777",0,0
12,120630,1,1,1,27,3,14,30,1,0,1,0,12,1,77,706,77706,80,2012,"5VPTW36N5C30","5","V","P","T","W","3","6","N","5","C","3","0",0,0,0,"000000000","00000000000",0,0,0,1,0,0,0,0,0,0,0,65,0,0,0,0,6,2,1,0,0,0,1,12,33955,6,1,6,0,3,3,73,999,0,0,0,0,0,0,0,0,0,0,0,0,0,0,3,3,70,1,1,8,1,0,0,1,11,99,1,4,1,"777777777777","777777777777","777777777777",1,1
12,120631,1,1,1,30,3,13,40,30,0,1,0,12,2,72,706,72706,80,2003,"1HD1GDV113K3","1","H","D","1","G","D","V","1","1","3","K","3",0,0,0,"000000000","00000000000",0,0,0,1,0,0,0,0,0,0,0,50,0,0,0,11,6,2,30,0,0,0,1,12,32168,0,0,0,0,0,0,999,999,0,0,0,0,0,0,0,0,0,3,0,0,0,0,1,2,35,2,1,8,1,40,3,14,12,99,1,4,6,"777777777777","777777777777","777777777777",1,1
12,120632,1,2,1,1,4,21,30,12,2,1,0,12,2,20,481,20481,31,1995,"2GCEK19K8S11","2","G","C","E","K","1","9","K","8","S","1","1",0,0,0,"000000000","00000000000",0,0,0,1,0,0,0,0,0,0,0,35,0,0,0,12,6,2,12,0,0,0,1,12,32040,6,1,0,0,3,0,71,999,0,0,0,0,0,0,0,0,0,0,48,0,0,0,1,2,55,1,1,8,1,0,0,11,15,99,1,1,68,"777777777777","777777777777","777777777777",0,0
12,120632,2,2,2,1,4,21,30,12,2,1,0,12,1,12,471,12471,30,1997,"1FTCR10A7VPB","1","F","T","C","R","1","0","A","7","V","P","B",0,0,0,"000000000","00000000000",0,0,0,1,0,0,0,0,0,0,0,55,0,0,0,12,6,2,12,0,0,0,1,12,32040,6,1,0,0,3,0,64,999,0,0,0,0,0,0,0,0,0,0,0,0,0,0,1,2,55,1,1,8,1,0,0,1,54,99,1,1,69,"777777777777","777777777777","777777777777",1,0
12,120633,1,2,1,15,3,23,15,12,6,1,0,12,1,7,28,7028,2,2013,"2C3CDYAG4DH6","2","C","3","C","D","Y","A","G","4","D","H","6",0,0,0,"000000000","00000000000",0,0,0,1,0,0,0,0,0,0,0,25,0,0,0,1,6,2,12,0,0,0,1,12,33908,6,1,0,0,3,3,70,999,0,1,0,0,0,7,2015,7,2015,0,39,0,0,0,3,3,55,1,1,8,1,3,3,11,15,99,1,1,68,"777777777777","777777777777","777777777777",1,1
12,120633,2,2,1,15,3,23,15,12,6,1,0,12,1,42,44,42044,1,2003,"WDBSK75F63F0","W","D","B","S","K","7","5","F","6","3","F","0",0,0,0,"000000000","00000000000",0,0,0,1,0,0,0,0,0,0,0,50,0,0,0,12,6,2,12,0,0,0,1,12,33957,6,1,0,0,3,3,68,999,0,0,0,0,0,0,0,0,0,0,0,0,0,0,3,3,55,1,1,8,1,3,3,1,17,99,1,1,69,"777777777777","777777777777","777777777777",0,0
12,120634,1,2,1,3,4,1,20,12,1,1,1,12,1,35,402,35402,14,2000,"5N1ED28Y5YC5","5","N","1","E","D","2","8","Y","5","Y","C","5",0,0,0,"000000000","00000000000",0,0,0,1,0,0,0,0,0,0,0,55,0,0,0,12,4,3,12,0,0,0,1,12,32127,6,1,0,0,3,0,74,999,0,2,1,1,0,3,2013,11,2014,0,6,0,0,0,2,2,55,1,1,8,1,0,0,1,51,99,1,1,24,"777777777777","777777777777","777777777777",0,1
12,120634,2,2,1,3,4,1,20,12,1,1,0,12,2,37,701,37701,81,2013,"LALAF7004D30","L","A","L","A","F","7","0","0","4","D","3","0",0,0,0,"000000000","00000000000",0,0,0,1,0,0,0,0,0,0,0,35,0,0,0,6,6,2,12,0,0,0,1,29,65807,6,1,0,0,3,0,67,165,0,0,0,0,0,0,0,0,0,0,0,0,0,0,2,2,55,1,1,8,1,0,0,1,53,99,1,1,25,"777777777777","777777777777","777777777777",1,0