"STATE","ST_CASE","VEH_NO","VE_FORMS","NUMOCCS","DAY","MONTH","HOUR","MINUTE","HARM_EV","MAN_COLL","UNITTYPE","HIT_RUN","REG_STAT","OWNER","MAKE","MODEL","MAK_MOD","BODY_TYP","MOD_YEAR","VIN","VIN_1","VIN_2","VIN_3","VIN_4","VIN_5","VIN_6","VIN_7","VIN_8","VIN_9","VIN_10","VIN_11","VIN_12","TOW_VEH","J_KNIFE","MCARR_I1","MCARR_I2","MCARR_ID","GVWR","V_CONFIG","CARGO_BT","HAZ_INV","HAZ_PLAC","HAZ_ID","HAZ_CNO","HAZ_REL","BUS_USE","SPEC_USE","EMER_USE","TRAV_SP","UNDERIDE","ROLLOVER","ROLINLOC","IMPACT1","DEFORMED","TOWED","M_HARM","VEH_SC1","VEH_SC2","FIRE_EXP","DR_PRES","L_STATE","DR_ZIP","L_STATUS","L_TYPE","CDL_STAT","L_ENDORS","L_COMPL","L_RESTRI","DR_HGT","DR_WGT","PREV_ACC","PREV_SUS","PREV_DWI","PREV_SPD","PREV_OTH","FIRST_MO","FIRST_YR","LAST_MO","LAST_YR","SPEEDREL","DR_SF1","DR_SF2","DR_SF3","DR_SF4","VTRAFWAY","VNUM_LAN","VSPD_LIM","VALIGN","VPROFILE","VPAVETYP","VSURCOND","VTRAFCON","VTCONT_F","P_CRASH1","P_CRASH2","P_CRASH3","PCRASH4","PCRASH5","ACC_TYPE","TRLR1VIN","TRLR2VIN","TRLR3VIN","DEATHS","DR_DRINK"
12,120635,1,2,1,7,4,7,29,12,6,1,0,12,2,12,3,12003,1,2002,"1FAFP44412F1","1","F","A","F","P","4","4","4","1","2","F","1",0,0,0,"000000000","00000000000",0,0,0,1,0,0,0,0,0,0,0,20,0,0,0,9,6,2,12,0,0,0,1,12,32091,6,1,0,0,3,0,69,999,0,0,0,5,1,11,2011,3,2016,0,38,0,0,0,2,2,65,1,1,8,2,0,0,12,98,99,4,7,98,"777777777777","777777777777","777777777777",1,0
12,120635,2,2,1,7,4,7,29,12,6,1,0,12,2,82,884,82884,66,1996,"1FUYDDYB9TP7","1","F","U","Y","D","D","Y","B","9","T","P","7",1,1,12,"1005285","121005285",3,6,1,1,0,0,0,0,0,0,0,65,0,0,0,12,6,2,12,0,0,0,1,13,31782,6,1,0,0,2,0,66,195,98,0,0,0,1,3,2016,3,2016,0,0,0,0,0,2,2,65,1,1,8,2,0,0,1,64,99,1,1,98,"1JJV532W8XL6","777777777777","777777777777",0,0
12,120636,1,3,1,5,4,12,21,12,6,1,0,12,2,12,401,12401,14,2001,"1FMZU63E01ZA","1","F","M","Z","U","6","3","E","0","1","Z","A",0,0,0,"000000000","00000000000",0,0,0,1,0,0,0,0,0,0,0,15,0,0,0,5,6,2,12,0,0,0,1,12,32720,6,1,0,0,3,3,72,999,0,0,0,0,0,0,0,0,0,0,38,0,0,0,1,2,35,1,1,8,1,20,3,1,66,99,1,1,87,"777777777777","777777777777","777777777777",0,0
12,120636,2,3,4,5,4,12,21,12,6,1,0,12,2,2,403,2403,14,1998,"1J4FY19S4WP7","1","J","4","F","Y","1","9","S","4","W","P","7",0,0,0,"000000000","00000000000",0,0,0,1,0,0,0,0,0,0,0,55,0,1,1,12,6,2,2,0,0,1,1,12,32130,6,1,0,0,3,0,68,999,0,0,0,1,0,11,2013,11,2013,0,0,0,0,0,1,2,55,1,1,8,1,0,0,1,17,99,1,1,86,"777777777777","777777777777","777777777777",4,0
12,120636,3,3,1,5,4,12,21,12,6,1,0,12,1,7,472,7472,31,1998,"1B7GL22X1WS5","1","B","7","G","L","2","2","X","1","W","S","5",0,0,0,"000000000","00000000000",0,0,0,1,0,0,0,0,0,0,0,0,0,0,0,12,2,5,12,0,0,0,1,12,32767,6,1,0,0,3,3,66,999,0,0,0,0,1,10,2015,10,2015,0,0,0,0,0,1,2,35,1,1,8,1,20,3,5,62,99,1,1,98,"777777777777","777777777777","777777777777",0,0
12,120637,1,2,1,8,4,14,29,12,2,1,0,12,3,20,481,20481,31,2007,"1GCEK19J87Z6","1","G","C","E","K","1","9","J","8","7","Z","6",0,0,0,"000000000","00000000000",0,0,0,1,0,0,0,0,0,0,0,45,0,0,0,12,6,2,12,0,0,0,1,28,38668,6,1,0,0,3,0,72,190,98,0,0,1,0,9,2014,9,2014,0,51,28,0,0,1,2,60,3,5,8,1,0,0,14,10,99,1,6,50,"777777777777","777777777777","777777777777",1,1
12,120637,2,2,1,8,4,14,29,12,2,1,0,12,3,82,881,82881,64,2014,"1FVACXDT9EHF","1","F","V","A","C","X","D","T","9","E","H","F",0,0,12,"420647","12420647",3,1,1,1,0,0,0,0,0,0,0,45,0,0,0,12,6,2,12,0,0,0,1,12,32536,6,1,6,0,3,0,75,999,0,0,0,0,0,0,0,0,0,0,0,0,0,0,1,2,60,2,6,8,1,0,0,14,62,6,1,2,51,"777777777777","777777777777","777777777777",0,0
12,120638,1,1,1,31,3,21,33,8,0,1,0,12,3,86,881,86881,63,2004,"1M2AG11C94M0","1","M","2","A","G","1","1","C","9","4","M","0",0,0,12,"2814898","122814898",3,1,4,1,0,0,0,0,0,0,0,30,0,0,0,12,4,3,8,0,0,0,1,12,34120,6,1,6,0,3,0,66,999,0,0,0,2,3,9,2011,3,2015,0,0,0,0,0,3,2,70,1,1,8,1,0,0,1,80,99,1,1,13,"777777777777","777777777777","777777777777",0,0
12,120639,1,2,1,9,4,10,55,12,6,1,0,12,1,18,22,18022,4,2008,"2G4WD5825812","2","G","4","W","D","5","8","2","5","8","1","2",0,0,0,"000000000","00000000000",0,0,0,1,0,0,0,0,0,0,0,10,0,0,0,1,6,2,12,0,0,0,1,39,44847,6,1,0,0,3,3,72,150,0,0,0,1,0,6,2014,6,2014,0,38,0,0,0,1,7,45,1,1,8,1,3,3,11,15,99,1,1,68,"777777777777","777777777777","777777777777",1,0
12,120639,2,2,1,9,4,10,55,12,6,1,0,12,1,2,404,2404,14,1999,"1J4FF68S4XL5","1","J","4","F","F","6","8","S","4","X","L","5",0,0,0,"000000000","00000000000",0,0,0,1,0,0,0,0,0,0,0,45,0,0,0,12,6,2,12,0,0,0,1,12,34208,6,1,0,0,3,0,71,999,0,0,0,0,4,8,2012,1,2016,0,0,0,0,0,1,7,45,1,1,8,1,3,3,1,62,99,1,1,69,"777777777777","777777777777","777777777777",0,0
12,120640,1,2,1,3,4,2,12,1,0,1,0,12,1,72,706,72706,80,1993,"1HD1CAP13PY2","1","H","D","1","C","A","P","1","3","P","Y","2",0,0,0,"000000000","00000000000",0,0,0,1,0,0,0,0,0,0,0,80,0,0,0,0,6,2,1,0,0,0,1,12,34286,6,1,0,0,3,0,71,999,0,0,0,0,2,9,2013,12,2014,0,6,0,0,0,5,7,45,2,1,8,1,0,0,14,98,99,1,1,98,"777777777777","777777777777","777777777777",1,1
12,120640,2,2,2,3,4,2,12,1,0,1,0,12,1,14,401,14401,14,2002,"4M2ZU66E32UJ","4","M","2","Z","U","6","6","E","3","2","U","J",0,0,0,"000000000","00000000000",0,0,0,1,0,0,0,0,0,0,0,45,0,0,0,7,4,5,12,0,0,0,1,12,34203,6,1,0,0,3,0,63,999,0,0,0,0,0,0,0,0,0,0,0,0,0,0,5,7,45,1,1,8,1,0,0,1,62,99,1,1,98,"777777777777","777777777777","777777777777",0,0
12,120641,1,2,1,29,3,20,31,8,0,1,0,12,1,49,40,49040,4,2000,"4T1BG28K6YU6","4","T","1","B","G","2","8","K","6","Y","U","6",0,0,0,"000000000","00000000000",0,0,0,1,0,0,0,0,0,0,0,40,0,0,0,12,4,3,8,0,0,0,1,12,32808,6,1,0,0,3,3,74,999,0,0,0,0,0,0,0,0,0,0,0,0,0,0,3,4,45,1,1,8,2,0,0,1,80,99,1,1,13,"777777777777","777777777777","777777777777",0,0
12,120641,2,2,1,29,3,20,31,8,0,1,1,99,9,99,999,99999,99,9999,"999999999999","9","9","9","9","9","9","9","9","9","9","9","9",0,0,0,"000000000","00000000000",0,0,0,1,0,0,0,0,0,0,0,999,0,0,0,14,9,5,8,0,0,0,1,99,99999,9,9,99,9,9,9,999,999,99,99,99,99,99,99,9999,99,9999,0,0,0,0,0,3,4,45,1,1,8,2,0,0,1,80,99,1,1,98,"777777777777","777777777777","777777777777",0,0
12,120642,1,1,1,6,4,6,23,8,0,1,0,12,1,12,481,12481,31,1998,"1FTZX17W9WNB","1","F","T","Z","X","1","7","W","9","W","N","B",0,0,0,"000000000","00000000000",0,0,0,1,0,0,0,0,0,0,0,45,0,0,0,12,4,5,8,0,0,0,1,12,34771,6,1,6,3,3,3,74,999,0,0,0,0,0,0,0,0,0,0,0,0,0,0,3,5,45,1,1,8,1,3,3,1,80,99,1,1,13,"777777777777","777777777777","777777777777",0,0
12,120643,1,2,1,10,4,15,15,12,6,1,0,12,2,49,482,49482,31,2006,"5TBET34116S5","5","T","B","E","T","3","4","1","1","6","S","5",0,0,0,"000000000","00000000000",0,0,0,1,0,0,0,0,0,0,0,50,0,1,5,1,6,2,1,0,0,0,1,12,32577,6,1,0,0,3,0,65,999,0,0,0,1,0,6,2011,6,2011,0,35,0,0,0,1,2,50,1,5,8,1,0,0,6,10,99,1,2,73,"777777777777","777777777777","777777777777",1,0
12,120643,2,2,1,10,4,15,15,12,6,1,0,1,1,13,1,13001,4,2006,"1LNHM81W46Y6","1","L","N","H","M","8","1","W","4","6","Y","6",0,0,0,"000000000","00000000000",0,0,0,1,0,0,0,0,0,0,0,5,0,0,0,11,6,2,12,0,0,0,1,1,36535,6,1,0,0,3,0,61,999,0,0,0,0,0,0,0,0,0,0,0,0,0,0,1,2,50,1,5,8,1,0,0,11,61,99,1,1,72,"777777777777","777777777777","777777777777",0,0
12,120644,1,2,1,5,4,9,45,12,7,1,0,12,3,12,481,12481,31,2011,"3FRNF6FC3BV6","3","F","R","N","F","6","F","C","3","B","V","6",0,0,88,"888888888","88888888888",2,1,98,1,0,0,0,0,0,0,0,15,0,0,0,4,4,3,12,0,0,0,1,12,34743,6,1,0,0,3,0,72,999,0,0,0,0,1,3,2013,3,2013,0,38,0,0,0,3,6,45,1,1,8,1,3,3,10,66,99,1,1,70,"777777777777","777777777777","777777777777",0,0
12,120644,2,2,1,5,4,9,45,12,7,1,0,98,1,98,709,98709,88,2009,"999999999999","9","9","9","9","9","9","9","9","9","9","9","9",0,0,0,"000000000","00000000000",0,0,0,1,0,0,0,0,0,0,0,15,0,0,0,8,6,2,12,0,0,0,1,12,34747,6,1,0,0,3,3,65,999,0,0,0,0,0,0,0,0,0,0,0,0,0,0,3,6,45,1,1,8,1,3,3,1,17,99,1,1,71,"777777777777","777777777777","777777777777",1,0
12,120645,1,2,1,4,4,20,35,12,6,1,0,12,3,51,881,51881,63,2004,"4V4NC9THX4N3","4","V","4","N","C","9","T","H","X","4","N","3",1,1,12,"2804100","122804100",3,4,3,1,0,0,0,0,0,0,0,0,0,0,0,8,4,3,12,0,0,0,1,12,33619,6,1,6,3,3,0,66,999,0,1,0,0,1,7,2013,10,2014,0,38,0,0,0,1,2,25,1,1,8,1,20,3,11,15,99,1,1,82,"1ttf532c6g39","777777777777","777777777777",0,0
12,120645,2,2,1,4,4,20,35,12,6,1,0,12,1,58,43,58043,4,2015,"JN1BY1AP9FM5","J","N","1","B","Y","1","A","P","9","F","M","5",0,0,0,"000000000","00000000000",0,0,0,1,0,0,0,0,0,0,0,50,0,0,0,12,6,2,12,0,0,0,1,12,33572,6,1,0,0,3,3,70,999,0,0,0,1,0,11,2015,11,2015,0,0,0,0,0,3,6,50,1,1,8,1,0,0,1,66,99,1,1,83,"777777777777","777777777777","777777777777",1,1
12,120646,1,1,1,4,4,21,0,1,0,1,0,12,1,72,706,72706,80,2007,"1HD1GN4157K3","1","H","D","1","G","N","4","1","5","7","K","3",0,0,0,"000000000","00000000000",0,0,0,1,0,0,0,0,0,0,0,40,0,0,0,0,6,2,1,0,0,0,1,12,32539,6,1,0,0,3,0,67,999,1,0,0,0,1,11,2014,12,2014,0,6,0,0,0,1,2,35,1,1,2,1,0,0,1,13,16,1,4,1,"777777777777","777777777777","777777777777",1,1
12,120647,1,1,1,13,4,21,29,8,0,1,0,12,1,20,2,20002,4,2006,"2G1WD58CX692","2","G","1","W","D","5","8","C","X","6","9","2",0,0,0,"000000000","00000000000",0,0,0,1,0,0,0,0,0,0,0,998,0,0,0,12,2,5,8,0,0,0,1,12,32206,6,1,0,0,3,0,67,999,0,0,0,1,1,11,2014,7,2015,0,0,0,0,0,1,4,30,1,1,8,1,0,0,1,80,99,1,1,13,"777777777777","777777777777","777777777777",0,0
12,120648,1,2,1,10,4,20,24,12,1,1,0,12,1,72,706,72706,80,2010,"1HD1GV418AC3","1","H","D","1","G","V","4","1","8","A","C","3",0,0,0,"000000000","00000000000",0,0,0,1,0,0,0,0,0,0,0,20,0,0,0,12,2,3,12,0,0,0,1,12,34207,6,1,0,0,3,3,70,999,0,0,0,0,0,0,0,0,0,0,26,0,0,0,3,4,45,1,1,8,1,0,0,1,50,99,1,1,20,"777777777777","777777777777","777777777777",1,0
12,120648,2,2,2,10,4,20,24,12,1,1,0,12,1,55,35,55035,4,2017,"5NPD84LF4HH0","5","N","P","D","8","4","L","F","4","H","H","0",0,0,0,"000000000","00000000000",0,0,0,1,0,0,0,0,0,0,0,0,0,0,0,6,4,3,12,0,0,0,1,12,34219,6,1,0,0,3,3,70,999,0,0,0,0,0,0,0,0,0,0,0,0,0,0,3,4,45,1,1,8,1,0,0,5,53,99,1,1,21,"777777777777","777777777777","777777777777",0,0
12,120649,1,3,2,9,4,1,25,12,6,1,0,12,1,21,20,21020,4,1998,"1G3NB52M9W63","1","G","3","N","B","5","2","M","9","W","6","3",0,0,0,"000000000","00000000000",0,0,0,1,0,0,0,0,0,0,0,35,0,0,0,3,6,2,12,0,0,0,1,12,33351,6,1,0,0,3,0,68,999,0,0,0,0,0,0,0,0,0,0,39,0,0,0,3,4,35,1,1,8,1,4,3,1,17,99,1,1,87,"777777777777","777777777777","777777777777",1,0
12,120649,2,3,1,9,4,1,25,12,6,1,0,12,2,12,481,12481,31,1992,"1FTEX15Y5NKA","1","F","T","E","X","1","5","Y","5","N","K","A",0,0,0,"000000000","00000000000",0,0,0,1,0,0,0,0,0,0,0,40,0,0,0,12,6,2,12,0,0,0,1,12,33309,6,1,0,0,3,0,67,999,0,0,0,0,0,0,0,0,0,0,0,0,0,0,3,4,40,1,1,8,1,4,3,1,66,99,1,1,86,"777777777777","777777777777","777777777777",0,0
12,120649,3,3,1,9,4,1,25,12,6,1,0,12,3,2,422,2422,15,2014,"1C4RJEBG0EC4","1","C","4","R","J","E","B","G","0","E","C","4",0,0,0,"000000000","00000000000",0,0,0,1,0,0,0,0,0,5,3,0,0,0,0,12,2,5,12,0,0,0,1,12,33351,6,1,0,0,3,3,72,999,0,0,0,0,0,0,0,0,0,0,0,0,0,0,3,4,40,1,1,8,1,4,3,7,61,99,1,1,98,"777777777777","777777777777","777777777777",0,0
12,120650,1,1,1,24,3,16,48,9,0,1,0,12,1,12,481,12481,31,2003,"1FTRX17W43NB","1","F","T","R","X","1","7","W","4","3","N","B",0,0,0,"000000000","00000000000",0,0,0,1,0,0,0,0,0,0,0,35,0,0,0,12,2,5,9,0,0,0,1,12,32448,6,1,0,0,3,3,72,999,0,0,0,0,0,0,0,0,0,0,0,0,0,0,5,4,35,3,1,8,1,0,0,14,80,99,1,1,13,"777777777777","777777777777","777777777777",0,0
12,120651,1,3,2,5,4,22,35,12,1,1,0,12,2,35,43,35043,4,2013,"3N1AB7AP5DL7","3","N","1","A","B","7","A","P","5","D","L","7",0,0,0,"000000000","00000000000",0,0,0,1,0,0,0,0,0,0,0,45,0,0,0,12,6,2,12,0,0,0,1,12,32824,6,1,0,0,3,3,65,999,0,0,0,1,1,8,2012,3,2015,0,0,0,0,0,3,4,45,1,1,8,1,0,0,1,52,99,1,1,28,"777777777777","777777777777","777777777777",1,1
12,120651,2,3,1,5,4,22,35,12,1,1,0,12,3,98,908,98908,52,1998,"YE2TC62B2W20","Y","E","2","T","C","6","2","B","2","W","2","0",0,0,57,"1426891","571426891",3,21,22,1,0,0,0,0,6,3,0,15,0,0,0,6,6,2,12,0,0,0,1,12,33025,6,1,6,0,3,3,74,999,1,0,0,0,1,11,2012,3,2015,0,0,0,0,0,3,4,45,1,1,8,1,0,0,2,53,99,1,1,29,"777777777777","777777777777","777777777777",0,0
12,120651,3,3,2,5,4,22,35,12,1,1,0,12,1,32,43,32043,4,2006,"WAUDF78E86A0","W","A","U","D","F","7","8","E","8","6","A","0",0,0,0,"000000000","00000000000",0,0,0,1,0,0,0,0,0,0,0,25,0,0,0,8,6,2,12,0,0,0,1,12,32837,6,1,0,0,3,3,66,999,0,0,0,0,0,0,0,0,0,0,0,0,0,0,3,4,45,1,1,8,1,0,0,2,61,99,1,1,98,"777777777777","777777777777","777777777777",0,0
12,120652,1,1,2,27,3,8,21,8,0,1,0,12,4,49,46,49046,5,2016,"JTDKDTB35G11","J","T","D","K","D","T","B","3","5","G","1","1",0,0,0,"000000000","00000000000",0,0,0,1,0,0,0,0,0,0,0,45,0,0,0,1,4,5,8,0,0,0,1,12,99999,6,1,0,0,3,3,62,999,0,0,0,0,0,0,0,0,0,0,38,0,0,0,3,3,45,1,1,8,1,0,0,1,80,99,1,1,13,"777777777777","777777777777","777777777777",0,0
12,120654,1,2,1,1,4,21,55,12,6,1,0,12,1,49,44,49044,2,2006,"4T1CE38P26U7","4","T","1","C","E","3","8","P","2","6","U","7",0,0,0,"000000000","00000000000",0,0,0,1,0,0,0,0,0,0,0,15,0,0,0,1,6,2,12,0,0,0,1,12,33610,6,1,0,0,3,0,68,999,0,0,0,0,0,0,0,0,0,0,38,0,0,0,3,4,45,1,1,8,1,0,0,11,15,99,1,1,68,"777777777777","777777777777","777777777777",0,0
12,120654,2,2,1,1,4,21,55,12,6,1,0,12,1,72,706,72706,80,1990,"1HD1DML14LY5","1","H","D","1","D","M","L","1","4","L","Y","5",0,0,0,"000000000","00000000000",0,0,0,1,0,0,0,0,0,0,0,998,0,0,0,12,6,2,12,0,0,0,1,12,33634,6,1,0,0,3,0,71,999,0,3,0,1,1,1,2012,5,2014,0,0,0,0,0,3,4,45,1,1,8,1,0,0,1,62,99,1,1,69,"777777777777","777777777777","777777777777",1,1
12,120655,1,2,1,18,3,20,19,12,1,1,0,12,2,98,709,98709,80,2002,"1A9TX0223213","1","A","9","T","X","0","2","2","3","2","1","3",0,0,0,"000000000","00000000000",0,0,0,1,0,0,0,0,0,0,0,998,0,0,0,12,6,2,12,0,0,0,1,12,33801,6,1,0,0,2,0,78,999,0,2,0,1,3,5,2012,2,2016,0,6,0,0,0,3,2,45,1,1,8,1,0,0,1,52,99,1,1,28,"777777777777","777777777777","777777777777",1,1
12,120655,2,2,1,18,3,20,19,12,1,1,0,12,3,84,884,84884,64,2000,"1HTSCAAL4YH2","1","H","T","S","C","A","A","L","4","Y","H","2",0,0,12,"1978375","121978375",2,2,6,1,0,0,0,0,0,0,0,998,0,0,0,6,2,5,12,0,0,0,1,12,33815,6,1,6,0,3,0,71,999,0,0,0,0,0,0,0,0,0,0,0,0,0,0,3,2,45,1,1,8,1,0,0,2,53,99,1,1,29,"777777777777","777777777777","777777777777",0,0
12,120656,1,1,1,4,4,20,36,8,0,1,0,12,1,49,40,49040,4,2009,"4T4BE46K09R0","4","T","4","B","E","4","6","K","0","9","R","0",0,0,0,"000000000","00000000000",0,0,0,1,0,0,0,0,0,0,0,45,0,0,0,12,4,5,8,0,0,0,1,12,33579,6,1,0,0,3,0,66,999,0,0,0,1,0,1,2013,1,2013,0,0,0,0,0,3,3,45,1,1,8,1,0,0,1,80,1,1,1,13,"777777777777","777777777777","777777777777",0,0
12,120658,1,2,2,21,3,19,0,12,6,1,0,12,1,20,481,20481,31,2010,"3GNVKFE02AG2","3","G","N","V","K","F","E","0","2","A","G","2",0,0,0,"000000000","00000000000",0,0,0,1,0,0,0,0,0,0,0,15,0,0,0,12,4,5,12,0,0,0,1,12,33972,1,1,0,0,2,0,65,999,0,27,0,0,0,10,2015,3,2016,0,38,0,0,0,3,6,40,1,1,8,1,0,0,12,21,99,1,1,98,"777777777777","777777777777","777777777777",0,1
12,120658,2,2,1,21,3,19,0,12,6,1,0,12,1,73,706,73706,80,2015,"JKAZXCJ10FA0","J","K","A","Z","X","C","J","1","0","F","A","0",0,0,0,"000000000","00000000000",0,0,0,1,0,0,0,0,0,0,0,60,0,0,0,9,6,2,12,0,0,0,1,12,33020,6,1,0,0,3,0,73,999,0,3,0,0,0,1,2014,10,2015,0,0,0,0,0,3,6,40,1,1,8,1,0,0,1,62,99,1,1,98,"777777777777","777777777777","777777777777",1,0
12,120659,1,1,3,4,4,19,32,1,0,1,0,12,1,23,481,23481,31,1996,"1GTEK14R3TZ5","1","G","T","E","K","1","4","R","3","T","Z","5",0,0,0,"000000000","00000000000",0,0,0,1,0,0,0,0,0,0,0,45,0,2,5,0,6,2,1,0,0,0,1,12,32034,6,1,0,0,3,0,68,999,0,0,0,0,0,0,0,0,0,0,6,0,0,0,1,2,30,1,1,8,11,0,0,1,12,99,4,4,7,"777777777777","777777777777","777777777777",1,1
12,120660,1,1,1,24,3,1,40,32,0,1,0,12,2,20,23,20023,6,2006,"3GNDA23P66S5","3","G","N","D","A","2","3","P","6","6","S","5",0,0,0,"000000000","00000000000",0,0,0,1,0,0,0,0,0,0,0,63,0,1,5,14,6,2,1,0,0,0,1,12,32007,6,1,0,0,3,3,69,999,3,0,0,0,0,3,2011,8,2015,0,0,0,0,0,1,2,55,3,1,8,1,0,0,14,13,99,1,4,1,"777777777777","777777777777","777777777777",1,0
12,120661,1,2,1,26,3,21,10,12,2,1,0,12,1,55,35,55035,4,2010,"KMHDU4AD8AU1","K","M","H","D","U","4","A","D","8","A","U","1",0,0,0,"000000000","00000000000",0,0,0,1,0,0,0,0,0,0,0,10,0,0,0,12,6,2,12,0,0,0,1,12,34481,6,1,0,0,3,0,63,999,0,0,0,0,0,0,0,0,0,0,51,0,0,0,1,2,55,1,6,8,1,0,0,1,54,99,1,1,52,"777777777777","777777777777","777777777777",1,0
12,120661,2,2,2,26,3,21,10,12,2,1,0,12,2,37,441,37441,20,2015,"5FNRL5H46FB0","5","F","N","R","L","5","H","4","6","F","B","0",0,0,0,"000000000","00000000000",0,0,0,1,0,0,0,0,0,0,0,35,0,0,0,12,6,2,12,0,0,0,1,12,34473,6,1,0,0,3,3,67,999,0,0,0,0,0,0,0,0,0,0,0,0,0,0,1,2,55,1,5,8,1,0,0,2,54,16,1,1,52,"777777777777","777777777777","777777777777",0,0
12,120662,1,2,1,27,3,15,24,12,1,1,0,12,2,37,32,37032,4,1996,"1HGCD5668TA2","1","H","G","C","D","5","6","6","8","T","A","2",0,0,0,"000000000","00000000000",0,0,0,1,0,0,0,0,0,0,0,65,0,0,0,12,6,2,12,0,0,0,1,12,32310,6,1,0,0,3,0,65,999,0,0,0,0,0,0,0,0,0,0,6,0,0,0,3,2,70,1,6,8,2,0,0,1,50,7,1,1,20,"777777777777","777777777777","777777777777",1,0
12,120662,2,2,1,27,3,15,24,12,1,1,0,17,3,51,881,51881,66,2005,"4V4NC9TG95N3","4","V","4","N","C","9","T","G","9","5","N","3",1,1,12,"241572","12241572",3,6,1,1,0,0,0,0,0,0,0,0,0,0,0,6,4,3,12,0,0,0,1,1,36482,6,1,6,3,3,3,71,999,0,0,0,0,0,0,0,0,0,0,0,0,0,0,3,2,70,1,6,8,2,0,0,5,53,99,1,1,21,"5v8va5327gm6","777777777777","777777777777",0,0
12,120663,1,1,1,7,3,21,30,8,0,1,1,99,9,99,999,99999,99,9999,"999999999999","9","9","9","9","9","9","9","9","9","9","9","9",0,0,0,"000000000","00000000000",0,0,0,1,0,0,0,0,0,0,0,70,0,0,0,12,9,5,8,0,0,0,1,99,99999,9,9,99,9,9,9,999,999,99,99,99,99,99,99,9999,99,9999,0,0,0,0,0,3,2,70,1,1,8,1,0,0,1,80,99,1,1,13,"777777777777","777777777777","777777777777",0,0
12,120665,1,1,1,1,4,16,48,8,0,1,0,12,2,39,36,39036,4,2002,"SAJEA51D02XC","S","A","J","E","A","5","1","D","0","2","X","C",0,0,0,"000000000","00000000000",0,0,0,1,0,0,0,0,0,0,0,30,0,0,0,12,4,5,8,0,0,0,1,12,33523,1,1,0,0,2,3,67,999,3,3,0,0,2,7,2012,4,2016,0,6,0,0,0,1,2,30,1,1,8,1,0,0,1,12,99,1,4,13,"777777777777","777777777777","777777777777",0,0
12,120666,1,2,1,4,4,5,55,12,2,1,0,12,2,12,13,12013,4,1999,"1FAFP10P0XW2","1","F","A","F","P","1","0","P","0","X","W","2",0,0,0,"000000000","00000000000",0,0,0,1,0,0,0,0,0,0,0,30,0,0,0,12,6,2,12,0,0,0,1,12,34265,6,1,0,0,3,0,70,999,0,0,0,1,0,1,2014,1,2014,0,38,0,0,0,1,2,60,1,1,8,1,0,0,11,15,99,1,1,68,"777777777777","777777777777","777777777777",1,0
12,120666,2,2,1,4,4,5,55,12,2,1,0,12,2,7,442,7442,20,2007,"1D4GP25B77B1","1","D","4","G","P","2","5","B","7","7","B","1",0,0,0,"000000000","00000000000",0,0,0,1,0,0,0,0,0,0,0,80,0,0,0,12,6,2,12,0,0,0,1,12,33841,6,1,0,0,3,0,67,999,0,0,0,0,0,0,0,0,0,3,0,0,0,0,1,2,60,1,1,8,1,0,0,1,62,99,1,1,69,"777777777777","777777777777","777777777777",0,0
12,120667,1,2,2,7,4,7,0,12,2,1,0,12,2,49,46,49046,5,2013,"JTDKN3DU2D56","J","T","D","K","N","3","D","U","2","D","5","6",0,0,0,"000000000","00000000000",0,0,0,1,0,0,0,0,0,0,0,10,0,0,0,12,6,2,12,0,0,0,1,12,32738,6,1,0,0,3,0,68,999,0,0,0,0,0,0,0,0,0,0,38,0,0,0,6,1,70,1,1,8,1,20,3,11,15,99,1,1,82,"777777777777","777777777777","777777777777",0,0
12,120667,2,2,1,7,4,7,0,12,2,1,0,12,1,20,471,20471,30,1994,"1GCCS1445R81","1","G","C","C","S","1","4","4","5","R","8","1",0,0,0,"000000000","00000000000",0,0,0,1,0,0,0,0,0,0,0,49,0,1,3,12,6,2,1,0,0,0,1,12,32060,6,1,0,0,3,0,72,999,0,0,0,1,0,7,2013,7,2013,0,0,0,0,0,2,2,45,1,1,8,1,0,0,1,67,99,1,1,83,"777777777777","777777777777","777777777777",1,0
12,120668,1,1,2,31,3,19,34,1,0,1,0,12,1,49,401,49401,14,1998,"JT3GN86R1W00","J","T","3","G","N","8","6","R","1","W","0","0",0,0,0,"000000000","00000000000",0,0,0,1,0,0,0,0,0,0,0,70,0,1,5,0,6,2,1,0,0,0,1,12,32725,6,1,0,0,3,3,70,999,0,0,0,0,0,0,0,0,0,0,0,0,0,0,3,3,65,1,1,8,1,0,0,1,13,99,1,4,1,"777777777777","777777777777","777777777777",1,0
12,120669,1,1,7,26,3,15,27,24,0,1,0,12,2,12,401,12401,14,2004,"1FMZU63K64UB","1","F","M","Z","U","6","3","K","6","4","U","B",0,0,0,"000000000","00000000000",0,0,0,1,0,0,0,0,0,0,0,78,0,1,1,11,6,2,1,0,0,0,1,12,32805,6,1,0,0,3,0,68,999,0,0,0,0,2,8,2015,10,2015,0,6,0,0,0,3,6,60,1,1,8,1,0,0,1,12,99,1,4,6,"777777777777","777777777777","777777777777",2,0
12,120670,1,2,2,27,3,19,33,12,7,1,0,12,2,58,37,58037,2,2005,"JNKCV54E35M4","J","N","K","C","V","5","4","E","3","5","M","4",0,0,0,"000000000","00000000000",0,0,0,1,0,0,0,0,0,0,0,80,0,1,5,1,6,2,1,0,0,0,1,12,34761,6,1,0,0,3,0,73,999,0,0,0,0,0,0,0,0,0,0,6,0,0,0,3,4,65,1,5,8,1,0,0,15,11,99,1,7,46,"777777777777","777777777777","777777777777",2,1