"STATE","ST_CASE","VEH_NO","VE_FORMS","NUMOCCS","DAY","MONTH","HOUR","MINUTE","HARM_EV","MAN_COLL","UNITTYPE","HIT_RUN","REG_STAT","OWNER","MAKE","MODEL","MAK_MOD","BODY_TYP","MOD_YEAR","VIN","VIN_1","VIN_2","VIN_3","VIN_4","VIN_5","VIN_6","VIN_7","VIN_8","VIN_9","VIN_10","VIN_11","VIN_12","TOW_VEH","J_KNIFE","MCARR_I1","MCARR_I2","MCARR_ID","GVWR","V_CONFIG","CARGO_BT","HAZ_INV","HAZ_PLAC","HAZ_ID","HAZ_CNO","HAZ_REL","BUS_USE","SPEC_USE","EMER_USE","TRAV_SP","UNDERIDE","ROLLOVER","ROLINLOC","IMPACT1","DEFORMED","TOWED","M_HARM","VEH_SC1","VEH_SC2","FIRE_EXP","DR_PRES","L_STATE","DR_ZIP","L_STATUS","L_TYPE","CDL_STAT","L_ENDORS","L_COMPL","L_RESTRI","DR_HGT","DR_WGT","PREV_ACC","PREV_SUS","PREV_DWI","PREV_SPD","PREV_OTH","FIRST_MO","FIRST_YR","LAST_MO","LAST_YR","SPEEDREL","DR_SF1","DR_SF2","DR_SF3","DR_SF4","VTRAFWAY","VNUM_LAN","VSPD_LIM","VALIGN","VPROFILE","VPAVETYP","VSURCOND","VTRAFCON","VTCONT_F","P_CRASH1","P_CRASH2","P_CRASH3","PCRASH4","PCRASH5","ACC_TYPE","TRLR1VIN","TRLR2VIN","TRLR3VIN","DEATHS","DR_DRINK"
12,120701,1,1,2,1,4,2,50,42,0,1,0,12,1,18,2,18002,4,2002,"1G4HP54K22U1","1","G","4","H","P","5","4","K","2","2","U","1",0,0,0,"000000000","00000000000",0,0,0,1,0,0,0,0,0,0,0,55,0,1,5,9,6,2,42,0,0,0,1,12,32609,6,1,0,0,3,0,71,999,0,1,0,0,2,4,2013,11,2013,0,6,0,0,0,1,2,55,1,1,8,2,0,0,1,12,99,1,4,6,"777777777777","777777777777","777777777777",1,1
12,120702,1,3,1,7,4,17,25,12,6,1,0,12,1,12,3,12003,2,2007,"1ZVFT80NX752","1","Z","V","F","T","8","0","N","X","7","5","2",0,0,0,"000000000","00000000000",0,0,0,1,0,0,0,0,0,0,0,5,0,0,0,9,6,2,12,0,0,0,1,12,34241,6,1,0,0,3,0,61,999,0,0,0,1,0,11,2012,11,2012,0,38,0,0,0,1,2,15,1,1,8,1,20,3,11,15,99,1,1,82,"777777777777","777777777777","777777777777",1,0
12,120702,2,3,2,7,4,17,25,12,6,1,0,12,1,7,482,7482,31,2004,"1D7HA18N44S5","1","D","7","H","A","1","8","N","4","4","S","5",0,0,0,"000000000","00000000000",0,0,0,1,0,0,0,0,0,0,0,45,0,0,0,12,6,2,12,0,0,0,1,12,34207,6,1,0,0,3,0,70,999,0,0,0,4,1,10,2011,12,2015,0,0,0,0,0,5,5,45,1,1,8,1,0,0,1,72,99,1,1,83,"777777777777","777777777777","777777777777",0,0
12,120702,3,3,1,7,4,17,25,12,6,1,0,12,1,24,401,24401,14,2007,"5GZCZ33D97S8","5","G","Z","C","Z","3","3","D","9","7","S","8",0,0,0,"000000000","00000000000",0,0,0,1,0,0,0,0,0,0,0,45,0,0,0,7,2,5,12,0,0,0,1,12,34233,6,1,0,0,3,3,67,999,0,0,0,0,0,0,0,0,0,0,0,0,0,0,5,5,45,1,1,8,1,0,0,1,62,99,1,1,98,"777777777777","777777777777","777777777777",0,0
12,120703,1,1,1,7,4,21,47,8,0,1,0,12,1,20,481,20481,31,2006,"2GCEK13T1611","2","G","C","E","K","1","3","T","1","6","1","1",0,0,0,"000000000","00000000000",0,0,0,1,0,0,0,0,0,0,0,45,0,0,0,12,4,5,8,0,0,0,1,12,32218,6,1,0,0,3,3,71,999,0,2,1,2,1,9,2011,5,2013,0,0,0,0,0,2,2,45,1,1,8,1,0,0,1,80,99,1,1,13,"777777777777","777777777777","777777777777",0,0
12,120704,1,2,3,6,4,0,0,12,1,1,0,12,2,30,42,30042,3,2004,"9BWBL61J2440","9","B","W","B","L","6","1","J","2","4","4","0",0,0,0,"000000000","00000000000",0,0,0,1,0,0,0,0,0,0,0,5,0,0,0,6,6,2,12,0,0,0,1,12,33196,6,1,0,0,3,0,71,999,2,0,0,0,0,10,2015,2,2016,0,0,0,0,0,3,6,60,1,5,8,1,0,0,2,53,99,1,2,29,"777777777777","777777777777","777777777777",1,0
12,120704,2,2,3,6,4,0,0,12,1,1,0,12,2,12,401,12401,14,2005,"1FMZU63K05UA","1","F","M","Z","U","6","3","K","0","5","U","A",0,0,0,"000000000","00000000000",0,0,0,1,0,0,0,0,0,0,0,55,0,0,0,12,6,2,12,0,0,0,1,12,33186,6,1,0,0,3,0,67,999,0,0,0,0,0,0,0,0,0,0,0,0,0,0,3,6,60,1,5,8,1,0,0,1,52,99,1,1,28,"777777777777","777777777777","777777777777",0,0
12,120706,1,1,1,2,4,1,45,41,0,1,0,12,2,54,41,54041,4,2014,"19VDE2E56EE0","1","9","V","D","E","2","E","5","6","E","E","0",0,0,0,"000000000","00000000000",0,0,0,1,0,0,0,0,0,0,0,45,0,0,0,12,6,2,42,0,0,0,1,12,33909,6,1,0,0,3,0,74,999,1,0,0,0,0,1,2016,1,2016,0,0,0,0,0,3,6,55,1,1,8,1,0,0,1,12,7,1,4,6,"777777777777","777777777777","777777777777",1,0
12,120707,1,2,1,31,3,15,27,12,6,1,0,12,2,23,401,23401,14,2005,"1GKES16S1561","1","G","K","E","S","1","6","S","1","5","6","1",0,0,0,"000000000","00000000000",0,0,0,1,0,0,0,0,0,0,0,35,0,0,0,12,6,2,12,0,0,0,1,12,32501,6,1,0,0,3,3,69,999,0,0,0,0,0,0,0,0,0,0,39,0,0,0,3,6,35,1,1,8,1,3,3,1,17,99,1,1,88,"777777777777","777777777777","777777777777",0,0
12,120707,2,2,1,31,3,15,27,12,6,1,0,12,3,20,461,20461,21,2000,"1GCFG25W1Y11","1","G","C","F","G","2","5","W","1","Y","1","1",0,0,0,"000000000","00000000000",0,0,0,1,0,0,0,0,0,0,0,15,0,0,0,11,6,2,12,0,0,0,1,12,32533,6,1,0,0,3,3,70,999,0,0,0,0,0,0,0,0,0,0,0,0,0,0,2,4,40,1,1,8,1,3,3,1,66,99,1,1,89,"777777777777","777777777777","777777777777",1,0
12,120709,1,2,1,5,4,21,40,12,6,1,0,12,1,49,402,49402,14,2010,"JTMKF4DV5A50","J","T","M","K","F","4","D","V","5","A","5","0",0,0,0,"000000000","00000000000",0,0,0,1,0,0,0,0,0,0,0,15,0,1,1,3,6,2,12,0,0,0,1,12,33174,6,1,0,0,3,3,65,999,0,0,0,0,0,0,0,0,0,0,38,0,0,0,3,4,45,1,1,8,1,0,0,11,15,99,1,1,68,"777777777777","777777777777","777777777777",0,0
12,120709,2,2,1,5,4,21,40,12,6,1,0,12,1,37,705,37705,80,2005,"JH2PC37085M2","J","H","2","P","C","3","7","0","8","5","M","2",0,0,0,"000000000","00000000000",0,0,0,1,0,0,0,0,0,0,0,65,0,0,0,12,6,2,12,0,0,0,1,12,33184,6,1,0,0,3,0,71,999,1,3,0,0,0,1,2015,1,2016,3,0,0,0,0,3,4,45,1,1,8,1,0,0,1,62,99,1,1,69,"777777777777","777777777777","777777777777",1,0
12,120710,1,2,3,9,4,20,55,12,2,1,0,12,2,58,421,58421,15,2010,"5N3ZA0NE9AN9","5","N","3","Z","A","0","N","E","9","A","N","9",0,0,0,"000000000","00000000000",0,0,0,1,0,0,0,0,0,0,0,50,0,0,0,12,6,2,12,0,0,0,1,12,33511,6,1,0,0,3,3,63,999,1,1,0,0,1,10,2015,3,2016,0,0,0,0,0,3,6,50,1,1,8,1,3,3,11,10,99,1,1,68,"777777777777","777777777777","777777777777",0,0
12,120710,2,2,3,9,4,20,55,12,2,1,0,12,2,12,471,12471,30,1999,"1FTYR10C6XUA","1","F","T","Y","R","1","0","C","6","X","U","A",0,0,0,"000000000","00000000000",0,0,0,1,0,0,0,0,0,0,0,50,0,0,0,12,6,2,12,0,0,0,1,12,33534,1,1,0,0,2,0,67,999,0,2,0,0,0,3,2016,3,2016,0,0,0,0,0,3,6,50,1,1,8,1,3,3,1,62,99,1,1,69,"777777777777","777777777777","777777777777",1,0
12,120711,1,1,1,4,4,21,55,9,0,1,0,12,1,12,422,12422,15,1999,"1FMRU17L4XLA","1","F","M","R","U","1","7","L","4","X","L","A",0,0,0,"000000000","00000000000",0,0,0,1,0,0,0,0,0,0,0,50,0,0,0,12,6,2,9,0,0,0,1,12,32937,6,1,0,0,3,3,76,999,0,4,0,0,0,9,2013,9,2015,0,0,0,0,0,3,2,50,1,6,8,1,0,0,1,83,99,1,1,13,"777777777777","777777777777","777777777777",0,0
12,120712,1,2,3,16,3,0,31,12,6,1,0,12,1,12,3,12003,2,2003,"1FAFP40413F3","1","F","A","F","P","4","0","4","1","3","F","3",0,0,0,"000000000","00000000000",0,0,0,1,0,0,0,0,0,0,0,90,0,0,0,12,6,2,12,0,0,0,1,12,32210,6,1,0,0,3,0,72,999,0,0,0,0,0,0,0,0,0,0,39,0,0,0,3,6,45,1,1,8,1,3,3,1,62,99,1,1,69,"777777777777","777777777777","777777777777",0,1
12,120712,2,2,1,16,3,0,31,12,6,1,0,12,1,63,32,63032,4,2009,"KNADE2235965","K","N","A","D","E","2","2","3","5","9","6","5",0,0,0,"000000000","00000000000",0,0,0,1,0,0,0,0,0,0,0,10,0,0,0,1,6,2,12,0,0,0,1,12,32250,6,1,0,0,3,0,74,999,0,1,0,0,1,5,2013,1,2016,0,0,0,0,0,3,6,45,1,1,8,1,3,3,11,15,99,1,1,68,"777777777777","777777777777","777777777777",1,0
12,120713,1,2,1,17,3,11,18,12,2,1,0,12,1,22,16,22016,2,2005,"3G2JB12F95S1","3","G","2","J","B","1","2","F","9","5","S","1",0,0,0,"000000000","00000000000",0,0,0,1,0,0,0,0,0,0,0,60,0,0,0,12,6,2,12,0,0,0,1,12,33974,6,1,0,0,3,0,61,999,0,2,0,0,0,3,2013,3,2015,0,35,0,0,0,1,2,60,1,1,8,1,0,0,6,54,99,1,1,52,"777777777777","777777777777","777777777777",1,0
12,120713,2,2,2,17,3,11,18,12,2,1,0,12,3,23,461,23461,21,2007,"1GTGG29V8711","1","G","T","G","G","2","9","V","8","7","1","1",0,0,0,"000000000","00000000000",0,0,0,1,0,0,0,0,0,0,0,60,0,0,0,12,6,2,12,0,0,0,1,12,34114,6,1,0,0,3,0,65,999,0,2,0,1,0,2,2013,7,2014,0,0,0,0,0,1,2,60,1,1,8,1,0,0,1,54,99,1,1,52,"777777777777","777777777777","777777777777",2,0
12,120714,1,1,1,26,3,20,18,9,0,1,0,12,1,12,481,12481,31,1999,"1FTRX17L2XNB","1","F","T","R","X","1","7","L","2","X","N","B",0,0,0,"000000000","00000000000",0,0,0,1,0,0,0,0,0,0,0,40,0,0,0,12,2,3,9,0,0,0,1,12,33161,6,1,0,0,3,0,71,999,0,2,0,0,0,9,2011,1,2012,0,0,0,0,0,3,3,40,1,1,8,1,0,0,1,83,6,1,1,13,"777777777777","777777777777","777777777777",0,0
12,120715,1,5,1,8,4,8,50,12,1,1,0,12,1,13,5,13005,4,1996,"1LNLM81W8TY6","1","L","N","L","M","8","1","W","8","T","Y","6",0,0,0,"000000000","00000000000",0,0,0,1,0,0,0,0,0,0,0,45,0,0,0,12,6,2,12,0,0,0,1,12,34609,6,1,0,0,3,0,68,999,0,0,0,0,0,0,0,0,0,0,6,0,0,0,1,5,45,1,1,8,1,3,3,1,50,99,1,1,20,"777777777777","777777777777","777777777777",1,0
12,120715,2,5,1,8,4,8,50,12,1,1,0,12,2,41,50,41050,4,2016,"JM1GJ1W50G14","J","M","1","G","J","1","W","5","0","G","1","4",0,0,0,"000000000","00000000000",0,0,0,1,0,0,0,0,0,0,0,0,0,0,0,6,6,2,12,0,0,0,1,12,34609,6,1,0,0,3,0,65,999,0,0,0,0,0,0,0,0,0,0,0,0,0,0,1,5,45,1,1,8,1,3,3,5,53,99,1,1,21,"777777777777","777777777777","777777777777",0,0
12,120715,3,5,2,8,4,8,50,12,1,1,0,12,1,20,421,20421,15,1998,"1GNEK13RXWJ3","1","G","N","E","K","1","3","R","X","W","J","3",0,0,0,"000000000","00000000000",0,0,0,1,0,0,0,0,0,0,0,0,0,0,0,6,6,2,12,0,0,0,1,12,34606,6,1,0,0,3,0,72,999,0,0,0,0,0,0,0,0,0,0,0,0,0,0,1,5,45,1,1,8,1,3,3,5,53,99,1,1,98,"777777777777","777777777777","777777777777",0,0
12,120715,4,5,2,8,4,8,50,12,1,1,0,12,1,37,32,37032,4,2011,"1HGCP2F32BA0","1","H","G","C","P","2","F","3","2","B","A","0",0,0,0,"000000000","00000000000",0,0,0,1,0,0,0,0,0,0,0,0,0,0,0,6,6,2,12,0,0,0,1,12,34609,6,1,0,0,3,0,70,999,0,0,0,0,0,0,0,0,0,0,0,0,0,0,1,5,45,1,1,8,1,3,3,5,53,99,1,1,98,"777777777777","777777777777","777777777777",0,0
12,120715,5,5,1,8,4,8,50,12,1,1,0,12,2,20,481,20481,31,2005,"3GNEC12Z35G1","3","G","N","E","C","1","2","Z","3","5","G","1",0,0,0,"000000000","00000000000",0,0,0,1,0,0,0,0,0,0,0,0,0,0,0,6,4,5,12,0,0,0,1,12,34608,6,1,0,0,3,0,75,999,0,0,0,0,0,0,0,0,0,0,0,0,0,0,1,5,45,1,1,8,1,3,3,5,53,99,1,1,98,"777777777777","777777777777","777777777777",0,0
12,120716,1,1,2,2,4,23,54,8,0,1,0,12,1,12,17,12017,4,2005,"1FAHP56U45A1","1","F","A","H","P","5","6","U","4","5","A","1",0,0,0,"000000000","00000000000",0,0,0,1,0,0,0,0,0,0,0,35,0,0,0,12,4,5,8,0,0,0,1,12,34234,6,1,0,0,3,3,69,999,0,0,0,0,0,0,0,0,0,0,6,0,0,0,1,2,35,1,1,8,1,0,0,1,80,99,1,1,13,"777777777777","777777777777","777777777777",0,1
12,120717,1,1,2,9,4,19,1,9,0,1,0,12,3,36,402,36402,14,2016,"ZFBCFXBTXGP3","Z","F","B","C","F","X","B","T","X","G","P","3",0,0,0,"000000000","00000000000",0,0,0,1,0,0,0,0,0,0,0,45,0,0,0,12,6,2,9,0,0,0,1,12,33407,6,1,0,0,3,3,63,999,0,1,0,1,0,5,2015,11,2015,0,0,0,0,0,1,4,35,1,5,8,1,0,0,1,80,99,1,1,13,"777777777777","777777777777","777777777777",0,0
12,120718,1,1,1,11,4,1,5,21,0,1,0,12,1,37,705,37705,80,2015,"JH2PC4000FK8","J","H","2","P","C","4","0","0","0","F","K","8",0,0,0,"000000000","00000000000",0,0,0,1,0,0,0,0,0,0,0,45,0,0,0,1,4,5,21,0,0,0,1,12,33884,6,1,0,0,3,0,73,999,0,0,0,0,0,0,0,0,0,0,6,0,0,0,9,2,45,3,1,8,1,98,3,14,13,99,1,4,1,"777777777777","777777777777","777777777777",1,0
12,120719,1,1,1,12,4,3,12,34,0,1,0,12,2,55,35,55035,4,2008,"KMHDU46DX8U5","K","M","H","D","U","4","6","D","X","8","U","5",0,0,0,"000000000","00000000000",0,0,0,1,0,0,0,0,0,0,0,70,0,1,5,99,6,2,1,0,0,0,1,12,32750,2,1,0,0,2,0,70,999,0,3,0,0,0,12,2015,1,2016,0,6,0,0,0,2,4,50,1,1,8,1,0,0,99,12,99,1,4,6,"777777777777","777777777777","777777777777",1,1
12,120720,1,3,2,15,4,22,0,12,2,1,0,12,2,59,35,59035,4,2015,"JTHBF1D27F50","J","T","H","B","F","1","D","2","7","F","5","0",0,0,0,"000000000","00000000000",0,0,0,1,0,0,0,0,0,0,0,55,0,0,0,12,6,2,12,0,0,0,1,12,33015,6,1,0,0,3,3,70,999,0,0,0,0,0,0,0,0,0,0,28,0,0,0,1,2,55,1,1,8,1,0,0,1,10,99,1,2,50,"777777777777","777777777777","777777777777",1,1
12,120720,2,3,2,15,4,22,0,12,2,1,0,12,2,23,422,23422,15,2014,"1GKS2KE73ER2","1","G","K","S","2","K","E","7","3","E","R","2",0,0,0,"000000000","00000000000",0,0,0,1,0,0,0,0,0,0,0,55,0,0,0,12,6,2,12,0,0,0,1,12,33036,6,1,0,0,3,3,73,999,0,0,0,0,0,0,0,0,0,0,0,0,0,0,1,2,55,1,1,8,1,0,0,1,62,99,1,1,51,"777777777777","777777777777","777777777777",1,1
12,120720,3,3,2,15,4,22,0,12,2,1,0,12,1,19,421,19421,15,2007,"1GYFK66867R4","1","G","Y","F","K","6","6","8","6","7","R","4",0,0,0,"000000000","00000000000",0,0,0,1,0,0,0,0,0,0,0,40,0,0,0,11,6,2,12,0,0,0,1,12,33145,6,1,6,0,3,3,64,999,0,0,0,0,0,0,0,0,0,0,0,0,0,0,1,2,55,1,1,8,1,0,0,1,62,99,1,1,98,"777777777777","777777777777","777777777777",0,0
12,120721,1,2,1,29,3,2,58,12,1,1,0,9,3,84,884,84884,64,2013,"3HSDJAPR2DN3","3","H","S","D","J","A","P","R","2","D","N","3",1,1,9,"987657","09987657",3,4,2,2,2,1203,3,2,0,0,0,69,0,1,5,12,6,2,12,0,0,1,1,9,6512,6,1,6,3,3,3,74,999,98,0,0,0,0,0,0,0,0,0,0,0,0,0,3,6,60,1,1,8,1,0,0,1,52,99,1,1,28,"5htab4423y7h","777777777777","777777777777",1,0
12,120721,2,2,2,29,3,2,58,12,1,1,1,12,2,51,45,51045,4,2008,"YV1AS9826810","Y","V","1","A","S","9","8","2","6","8","1","0",0,0,0,"000000000","00000000000",0,0,0,1,0,0,0,0,0,0,0,60,0,0,0,6,6,2,12,0,0,0,1,12,34202,6,1,0,0,3,0,65,999,0,0,0,0,0,0,0,0,0,0,0,0,0,0,3,6,60,1,1,8,1,0,0,2,53,99,1,1,29,"777777777777","777777777777","777777777777",0,0
12,120722,1,2,1,31,3,17,40,12,2,1,0,12,1,7,472,7472,31,2003,"1D7HL48N43S1","1","D","7","H","L","4","8","N","4","3","S","1",0,0,0,"000000000","00000000000",0,0,0,1,0,0,0,0,0,0,0,40,0,0,0,12,6,2,12,0,0,0,1,12,32535,3,1,0,0,2,0,68,999,0,1,0,0,0,12,2015,12,2015,0,28,0,0,0,1,2,55,1,5,8,1,0,0,1,10,99,1,2,50,"777777777777","777777777777","777777777777",1,0
12,120722,2,2,1,31,3,17,40,12,2,1,0,12,1,49,472,49472,30,2014,"5TFJX4GN8EX0","5","T","F","J","X","4","G","N","8","E","X","0",0,0,0,"000000000","00000000000",0,0,0,1,0,0,0,0,0,0,0,30,0,0,0,12,6,2,12,0,0,0,1,12,32535,6,1,0,0,3,3,66,999,0,0,0,0,0,0,0,0,0,0,0,0,0,0,1,2,55,1,6,8,1,0,0,1,62,99,1,1,51,"777777777777","777777777777","777777777777",0,0
12,120723,1,1,1,20,3,0,40,33,0,1,0,12,1,72,706,72706,80,2011,"1HD1FF417BB6","1","H","D","1","F","F","4","1","7","B","B","6",0,0,0,"000000000","00000000000",0,0,0,1,0,0,0,0,0,0,0,998,0,0,0,12,6,2,1,0,0,0,1,12,32176,6,1,0,0,3,0,72,999,1,0,0,0,0,6,2014,6,2014,0,36,0,0,0,2,4,35,3,6,8,2,0,0,14,12,99,1,4,6,"777777777777","777777777777","777777777777",1,1
12,120724,1,1,1,25,3,17,34,25,0,1,0,12,2,53,706,53706,80,2003,"JS1GW71A8321","J","S","1","G","W","7","1","A","8","3","2","1",0,0,0,"000000000","00000000000",0,0,0,1,0,0,0,0,0,0,0,77,0,0,0,61,2,3,25,0,0,0,1,12,33186,1,1,0,0,2,0,76,999,2,15,0,0,0,9,2014,2,2016,0,6,0,0,0,6,1,60,2,6,8,1,0,0,14,12,99,1,4,6,"777777777777","777777777777","777777777777",1,0
12,120725,1,1,1,8,4,8,12,34,0,1,0,12,1,47,35,47035,4,2003,"YS3FB49S3310","Y","S","3","F","B","4","9","S","3","3","1","0",0,0,0,"000000000","00000000000",0,0,0,1,0,0,0,0,0,0,0,92,0,0,0,5,6,2,30,0,0,0,1,12,34432,6,1,0,0,3,0,70,999,0,0,0,0,0,0,0,0,0,3,27,0,0,0,1,2,55,1,5,8,1,0,0,6,13,99,1,4,1,"777777777777","777777777777","777777777777",1,0
12,120726,1,1,1,17,4,9,15,25,0,1,0,12,1,76,706,76706,80,2014,"JYARP24E6EA0","J","Y","A","R","P","2","4","E","6","E","A","0",0,0,0,"000000000","00000000000",0,0,0,1,0,0,0,0,0,0,0,85,0,0,0,12,6,2,25,0,0,0,1,12,32927,6,1,0,0,3,0,70,999,0,0,0,0,0,0,0,0,0,0,6,0,0,0,3,4,70,3,4,8,1,0,0,3,12,99,1,4,6,"777777777777","777777777777","777777777777",1,0
12,120727,1,1,1,10,4,0,10,1,0,1,0,12,1,20,481,20481,31,1998,"2GCEK19R3W11","2","G","C","E","K","1","9","R","3","W","1","1",0,0,0,"000000000","00000000000",0,0,0,1,0,0,0,0,0,0,0,35,0,1,5,0,6,2,1,0,0,0,1,12,33440,6,1,0,0,3,0,68,999,0,0,0,0,0,0,0,0,0,0,0,0,0,0,4,1,35,2,1,8,11,0,0,14,12,99,1,4,6,"777777777777","777777777777","777777777777",1,1
12,120728,1,1,1,13,4,4,45,8,0,1,0,12,1,98,898,98898,63,2015,"FLA67047","F","L","A","6","7","0","4","7","","","","",0,0,12,"1243759","121243759",3,2,4,1,0,0,0,0,0,0,0,45,0,0,0,12,0,5,8,0,0,0,1,12,34120,6,1,6,0,3,0,70,999,0,0,0,0,0,0,0,0,0,0,0,0,0,0,3,6,45,1,1,8,1,0,0,1,80,99,1,1,13,"777777777777","777777777777","777777777777",0,0
12,120729,1,2,1,12,4,16,51,12,6,1,0,12,1,22,16,22016,2,2002,"1G2JB12F7274","1","G","2","J","B","1","2","F","7","2","7","4",0,0,0,"000000000","00000000000",0,0,0,1,0,0,0,0,0,0,0,20,0,0,0,3,6,2,12,0,0,0,1,12,34715,6,1,0,0,3,0,62,999,0,0,0,0,0,0,0,0,0,0,38,0,0,0,2,2,55,1,5,8,1,0,0,11,15,99,1,1,68,"777777777777","777777777777","777777777777",1,0
12,120729,2,2,1,12,4,16,51,12,6,1,0,12,3,23,401,23401,14,2000,"1GKCS13WXY21","1","G","K","C","S","1","3","W","X","Y","2","1",0,0,0,"000000000","00000000000",0,0,0,1,0,0,0,0,0,0,0,55,0,1,1,12,6,2,12,0,0,0,1,12,34744,6,1,0,0,3,0,67,999,0,0,0,0,0,0,0,0,0,0,0,0,0,0,2,2,55,1,5,8,1,0,0,1,62,99,1,1,69,"777777777777","777777777777","777777777777",0,0
12,120730,1,2,1,12,4,6,55,12,98,1,0,12,2,55,33,55033,4,2013,"5NPEB4AC8DH7","5","N","P","E","B","4","A","C","8","D","H","7",0,0,0,"000000000","00000000000",0,0,0,1,0,0,0,0,0,0,0,998,0,0,0,98,6,2,12,0,0,0,1,12,33055,6,1,0,0,3,0,60,999,1,0,0,0,0,3,2014,3,2014,0,0,0,0,0,2,3,45,1,1,8,1,0,0,1,10,6,1,2,48,"777777777777","777777777777","777777777777",0,0
12,120730,2,2,2,12,4,6,55,12,98,1,0,12,1,49,401,49401,14,1997,"JT3GM84R5V00","J","T","3","G","M","8","4","R","5","V","0","0",0,0,0,"000000000","00000000000",0,0,0,1,0,0,0,0,0,0,0,998,0,1,3,98,6,2,12,0,0,0,1,12,33313,1,1,0,0,2,0,66,999,0,1,0,0,0,2,2016,2,2016,0,0,0,0,0,2,3,45,1,1,8,1,0,0,1,61,99,1,1,48,"777777777777","777777777777","777777777777",1,0
12,120731,1,3,2,16,4,16,30,12,6,1,0,12,1,72,706,72706,80,2011,"1HD1FC416BB6","1","H","D","1","F","C","4","1","6","B","B","6",0,0,0,"000000000","00000000000",0,0,0,1,0,0,0,0,0,0,0,45,0,0,0,11,6,2,12,0,0,0,1,12,33903,6,1,0,0,3,3,72,999,0,0,0,1,0,2,2015,2,2015,0,39,0,0,0,3,3,45,1,1,8,1,3,3,1,17,99,1,1,69,"777777777777","777777777777","777777777777",1,0
12,120731,2,3,1,16,4,16,30,12,6,1,0,12,3,12,17,12017,4,2013,"1FAHP2H8XDG1","1","F","A","H","P","2","H","8","X","D","G","1",0,0,0,"000000000","00000000000",0,0,0,1,0,0,0,0,0,0,0,998,0,0,0,12,6,2,12,0,0,0,1,12,33919,6,1,0,0,3,0,73,999,0,0,0,0,0,0,0,0,0,0,0,0,0,0,3,4,45,1,1,8,1,3,3,11,63,99,1,1,68,"777777777777","777777777777","777777777777",0,0
12,120731,3,3,2,16,4,16,30,12,6,1,0,95,1,19,24,19024,2,2014,"1G6AG5RX6E01","1","G","6","A","G","5","R","X","6","E","0","1",0,0,0,"000000000","00000000000",0,0,0,1,0,0,0,0,0,0,0,0,0,0,0,12,2,5,12,0,0,0,1,95,0,9,9,99,9,9,9,999,999,99,99,99,99,99,99,9999,99,9999,0,0,0,0,0,3,4,45,1,1,8,1,3,3,5,67,99,1,1,98,"777777777777","777777777777","777777777777",0,0
12,120732,1,2,1,23,3,16,44,12,2,1,0,12,1,52,34,52034,4,2000,"4A3AA46GXYE0","4","A","3","A","A","4","6","G","X","Y","E","0",0,0,0,"000000000","00000000000",0,0,0,1,0,0,0,0,0,0,0,10,0,0,0,12,6,2,12,0,0,0,1,12,32771,6,1,0,0,3,3,68,999,0,2,0,0,0,5,2013,1,2015,0,38,0,0,0,3,3,45,1,1,8,1,0,0,11,15,99,1,1,68,"777777777777","777777777777","777777777777",0,0
12,120732,2,2,1,23,3,16,44,12,2,1,0,12,1,53,705,53705,80,2008,"JS1GN7EAX821","J","S","1","G","N","7","E","A","X","8","2","1",0,0,0,"000000000","00000000000",0,0,0,1,0,0,0,0,0,0,0,60,0,0,0,12,6,2,12,0,0,0,1,12,32738,6,1,0,0,2,0,69,999,1,3,0,0,2,10,2014,5,2015,3,0,0,0,0,3,3,45,1,1,8,1,0,0,1,62,99,1,1,69,"777777777777","777777777777","777777777777",1,1
12,120733,1,1,2,14,4,16,54,30,0,1,0,12,2,37,31,37031,2,1997,"JHMEG217XVS0","J","H","M","E","G","2","1","7","X","V","S","0",0,0,0,"000000000","00000000000",0,0,0,1,0,0,0,0,0,0,0,80,0,0,0,3,6,2,30,0,0,0,1,12,34473,6,1,0,0,3,3,72,999,0,0,0,0,0,0,0,0,0,0,0,0,0,0,3,2,45,1,1,8,1,0,0,1,12,99,4,4,7,"777777777777","777777777777","777777777777",1,0
12,120734,1,1,1,3,4,14,5,38,0,1,0,12,2,72,706,72706,80,2013,"1HD4LE21XDC4","1","H","D","4","L","E","2","1","X","D","C","4",0,0,0,"000000000","00000000000",0,0,0,1,0,0,0,0,0,0,0,35,0,0,0,12,4,3,42,0,0,0,1,12,33544,6,1,0,0,3,0,62,999,0,0,0,0,0,0,0,0,0,0,6,0,0,0,1,2,30,3,1,8,1,0,0,14,13,99,1,4,1,"777777777777","777777777777","777777777777",1,0
12,120735,1,2,2,8,4,13,48,12,6,1,0,12,4,20,2,20002,4,2016,"2G1145S35G91","2","G","1","1","4","5","S","3","5","G","9","1",0,0,0,"000000000","00000000000",0,0,0,1,0,0,0,0,0,0,0,20,0,0,0,3,6,2,12,0,0,0,1,8,80401,6,1,0,0,3,0,73,215,0,0,0,0,0,0,0,0,0,0,38,0,0,0,3,4,45,1,1,8,1,3,3,11,15,99,1,1,68,"777777777777","777777777777","777777777777",1,0
12,120735,2,2,1,8,4,13,48,12,6,1,0,22,4,38,882,38882,62,2015,"JALE5W169F79","J","A","L","E","5","W","1","6","9","F","7","9",0,0,77,"777777777","77777777777",2,1,98,1,0,0,0,0,0,0,0,45,0,0,0,12,6,2,12,0,0,0,1,12,32588,6,1,6,0,3,3,69,999,0,0,0,0,0,0,0,0,0,0,0,0,0,0,3,5,45,1,1,8,1,3,3,1,62,99,1,1,69,"777777777777","777777777777","777777777777",0,0