"STATE","ST_CASE","VEH_NO","VE_FORMS","NUMOCCS","DAY","MONTH","HOUR","MINUTE","HARM_EV","MAN_COLL","UNITTYPE","HIT_RUN","REG_STAT","OWNER","MAKE","MODEL","MAK_MOD","BODY_TYP","MOD_YEAR","VIN","VIN_1","VIN_2","VIN_3","VIN_4","VIN_5","VIN_6","VIN_7","VIN_8","VIN_9","VIN_10","VIN_11","VIN_12","TOW_VEH","J_KNIFE","MCARR_I1","MCARR_I2","MCARR_ID","GVWR","V_CONFIG","CARGO_BT","HAZ_INV","HAZ_PLAC","HAZ_ID","HAZ_CNO","HAZ_REL","BUS_USE","SPEC_USE","EMER_USE","TRAV_SP","UNDERIDE","ROLLOVER","ROLINLOC","IMPACT1","DEFORMED","TOWED","M_HARM","VEH_SC1","VEH_SC2","FIRE_EXP","DR_PRES","L_STATE","DR_ZIP","L_STATUS","L_TYPE","CDL_STAT","L_ENDORS","L_COMPL","L_RESTRI","DR_HGT","DR_WGT","PREV_ACC","PREV_SUS","PREV_DWI","PREV_SPD","PREV_OTH","FIRST_MO","FIRST_YR","LAST_MO","LAST_YR","SPEEDREL","DR_SF1","DR_SF2","DR_SF3","DR_SF4","VTRAFWAY","VNUM_LAN","VSPD_LIM","VALIGN","VPROFILE","VPAVETYP","VSURCOND","VTRAFCON","VTCONT_F","P_CRASH1","P_CRASH2","P_CRASH3","PCRASH4","PCRASH5","ACC_TYPE","TRLR1VIN","TRLR2VIN","TRLR3VIN","DEATHS","DR_DRINK"
12,120736,1,2,1,16,4,15,18,12,6,1,0,12,2,71,706,71706,80,2009,"ZDM1RADN99B0","Z","D","M","1","R","A","D","N","9","9","B","0",0,0,0,"000000000","00000000000",0,0,0,1,0,0,0,0,0,0,0,100,0,0,0,12,4,3,12,0,0,0,1,12,33139,3,1,0,0,2,0,999,999,0,0,0,0,0,0,0,0,0,3,39,36,0,0,3,4,45,1,1,8,1,3,3,1,17,99,1,1,83,"777777777777","777777777777","777777777777",1,0
12,120736,2,2,1,16,4,15,18,12,6,1,0,12,1,49,40,49040,4,2015,"4T1BF1FK5FU0","4","T","1","B","F","1","F","K","5","F","U","0",0,0,0,"000000000","00000000000",0,0,0,1,0,0,0,0,0,0,0,15,0,0,0,11,4,3,12,0,0,0,1,12,33160,6,1,0,0,3,3,63,999,0,0,0,0,1,2,2013,2,2013,0,0,0,0,0,1,3,30,1,1,8,1,3,3,11,66,99,1,1,82,"777777777777","777777777777","777777777777",0,0
12,120737,1,1,4,13,4,14,35,1,0,1,0,12,2,12,499,12499,30,1994,"1FTEX15N9RKB","1","F","T","E","X","1","5","N","9","R","K","B",0,0,0,"000000000","00000000000",0,0,0,1,0,0,0,0,0,0,0,70,0,2,5,0,6,2,1,0,0,0,1,12,33068,6,1,0,0,3,0,66,999,0,0,0,0,0,0,0,0,0,0,0,0,0,0,2,2,65,1,1,8,1,0,0,1,13,9,1,4,1,"777777777777","777777777777","777777777777",1,0
12,120738,1,2,2,6,4,15,29,12,2,1,0,12,2,59,35,59035,4,2002,"JTHBD1927200","J","T","H","B","D","1","9","2","7","2","0","0",0,0,0,"000000000","00000000000",0,0,0,1,0,0,0,0,0,0,0,80,0,0,0,12,6,2,12,0,0,0,1,12,33311,6,1,0,0,3,3,71,999,0,0,0,0,0,0,0,0,0,3,85,0,0,0,1,2,45,1,1,8,1,0,0,6,12,99,3,6,50,"777777777777","777777777777","777777777777",0,0
12,120738,2,2,2,6,4,15,29,12,2,1,0,95,1,37,709,37709,80,1999,"1HFSC2253XA1","1","H","F","S","C","2","2","5","3","X","A","1",0,0,0,"000000000","00000000000",0,0,0,1,0,0,0,0,0,0,0,40,0,0,0,12,6,2,12,0,0,0,1,95,0,9,9,99,9,9,9,999,999,99,99,99,99,99,99,9999,99,9999,0,0,0,0,0,1,2,45,1,1,8,1,0,0,1,64,99,1,1,51,"777777777777","777777777777","777777777777",2,0
12,120739,1,1,1,8,4,3,33,8,0,1,0,12,2,55,35,55035,4,2013,"5NPDH4AE4DH2","5","N","P","D","H","4","A","E","4","D","H","2",0,0,0,"000000000","00000000000",0,0,0,1,0,0,0,0,0,0,0,40,0,0,0,12,6,2,8,0,0,0,1,12,33850,6,1,0,0,3,0,70,999,0,0,0,0,0,0,0,0,0,0,0,0,0,0,3,3,35,1,1,8,1,0,0,1,80,1,1,1,13,"777777777777","777777777777","777777777777",0,0
12,120740,1,1,2,16,4,19,20,8,0,1,0,48,1,12,481,12481,31,2002,"1FTNW20F72EA","1","F","T","N","W","2","0","F","7","2","E","A",0,0,0,"000000000","00000000000",0,0,0,1,0,0,0,0,0,0,0,10,0,0,0,9,0,5,8,0,0,0,1,48,32926,1,1,0,0,2,3,999,999,0,28,0,1,1,10,2011,12,2015,0,6,0,0,0,0,0,0,0,0,0,0,0,0,13,80,99,1,1,92,"777777777777","777777777777","777777777777",0,0
12,120742,1,1,1,12,4,1,0,8,0,1,0,12,2,20,423,20423,15,2015,"1GNKRFED1FJ2","1","G","N","K","R","F","E","D","1","F","J","2",0,0,0,"000000000","00000000000",0,0,0,1,0,0,0,0,0,0,0,40,0,0,0,12,2,5,8,0,0,0,1,12,33023,6,1,0,0,3,0,71,999,0,1,0,1,3,8,2011,1,2016,0,0,0,0,0,3,3,40,1,1,8,1,4,3,1,80,99,1,1,13,"777777777777","777777777777","777777777777",0,0
12,120743,1,1,1,18,4,11,11,42,0,1,0,12,1,14,6,14006,4,2000,"2MEFM75W9YX6","2","M","E","F","M","7","5","W","9","Y","X","6",0,0,0,"000000000","00000000000",0,0,0,1,0,0,0,0,0,0,0,80,0,0,0,11,6,2,42,0,0,1,1,12,34117,6,1,0,0,3,0,74,999,1,0,0,4,4,2,2013,10,2014,3,36,0,0,0,1,2,55,1,1,8,1,0,0,1,13,99,1,4,1,"777777777777","777777777777","777777777777",1,0
12,120744,1,2,1,15,4,16,35,12,2,1,0,12,2,55,33,55033,4,2002,"KMHWF25H62A6","K","M","H","W","F","2","5","H","6","2","A","6",0,0,0,"000000000","00000000000",0,0,0,1,0,0,0,0,0,0,0,65,0,0,0,12,6,2,12,0,0,0,1,12,32763,6,1,0,0,3,0,73,999,0,1,0,0,2,5,2012,6,2015,0,28,0,0,0,2,4,65,1,1,8,1,0,0,1,10,99,1,4,98,"777777777777","777777777777","777777777777",0,0
12,120744,2,2,3,15,4,16,35,12,2,1,0,12,1,49,32,49032,4,2015,"2T1BURHE7FC4","2","T","1","B","U","R","H","E","7","F","C","4",0,0,0,"000000000","00000000000",0,0,0,1,0,0,0,0,0,0,0,65,0,0,0,12,6,2,12,0,0,0,1,12,32720,6,1,0,0,3,0,71,999,0,0,0,2,0,5,2011,6,2011,0,0,0,0,0,2,4,65,1,1,8,1,0,0,1,54,6,1,4,98,"777777777777","777777777777","777777777777",2,0
12,120745,1,4,1,18,4,7,44,12,1,1,0,12,1,7,880,7880,67,2004,"3D7MA48C34G1","3","D","7","M","A","4","8","C","3","4","G","1",0,0,88,"888888888","88888888888",2,1,97,1,0,0,0,0,0,0,0,35,0,0,0,12,6,2,12,0,0,0,1,12,34471,6,1,0,0,3,0,73,999,0,0,0,2,0,11,2012,1,2014,0,6,0,0,0,5,4,45,1,1,8,1,0,0,1,51,99,1,1,28,"777777777777","777777777777","777777777777",0,0
12,120745,2,4,2,18,4,7,44,12,1,1,0,12,1,23,472,23472,30,2016,"1GTG5CE38G11","1","G","T","G","5","C","E","3","8","G","1","1",0,0,0,"000000000","00000000000",0,0,0,1,0,0,0,0,0,0,0,1,0,0,0,6,6,2,12,0,0,0,1,12,32111,6,1,0,0,3,3,70,999,0,0,0,0,0,0,0,0,0,0,0,0,0,0,5,4,45,1,1,8,1,0,0,2,53,99,1,1,29,"777777777777","777777777777","777777777777",1,0
12,120745,3,4,2,18,4,7,44,12,1,1,0,12,1,54,421,54421,15,2014,"5FRYD3H22EB0","5","F","R","Y","D","3","H","2","2","E","B","0",0,0,0,"000000000","00000000000",0,0,0,1,0,0,0,0,0,0,0,45,0,0,0,12,6,2,12,0,0,0,1,12,34480,6,1,0,0,3,3,64,999,0,0,0,0,0,0,0,0,0,0,0,0,0,0,5,4,45,1,1,8,1,0,0,1,62,99,1,1,98,"777777777777","777777777777","777777777777",0,0
12,120745,4,4,3,18,4,7,44,12,1,1,0,12,2,41,403,41403,14,2014,"JM3KE2BE0E03","J","M","3","K","E","2","B","E","0","E","0","3",0,0,0,"000000000","00000000000",0,0,0,1,0,0,0,0,0,0,0,35,0,0,0,12,4,3,12,0,0,0,1,12,34477,6,1,0,0,3,0,70,999,0,0,0,0,1,7,2015,7,2015,0,0,0,0,0,5,4,45,1,1,8,1,0,0,1,61,99,1,1,98,"777777777777","777777777777","777777777777",0,0
12,120746,1,2,1,19,4,3,6,12,7,1,0,12,1,73,706,73706,80,2012,"JKAZXCJ15CA0","J","K","A","Z","X","C","J","1","5","C","A","0",0,0,0,"000000000","00000000000",0,0,0,1,0,0,0,0,0,0,0,88,0,0,0,3,6,2,12,0,0,0,1,12,33612,6,1,0,0,2,0,75,999,0,0,0,2,0,12,2013,10,2014,3,0,0,0,0,3,6,45,1,5,8,1,0,0,2,62,16,1,1,98,"777777777777","777777777777","777777777777",1,0
12,120746,2,2,1,19,4,3,6,12,7,1,9,12,1,37,32,37032,4,2003,"1HGCM56353A0","1","H","G","C","M","5","6","3","5","3","A","0",0,0,0,"000000000","00000000000",0,0,0,1,0,0,0,0,0,0,0,10,0,0,0,5,4,3,12,0,0,0,1,12,33604,6,1,0,0,3,0,64,999,0,1,0,0,0,12,2015,12,2015,0,38,0,0,0,3,6,45,1,3,8,1,0,0,12,21,99,1,1,98,"777777777777","777777777777","777777777777",0,0
12,120747,1,1,1,11,2,19,49,9,0,1,1,99,9,99,999,99999,99,9999,"999999999999","9","9","9","9","9","9","9","9","9","9","9","9",0,0,0,"000000000","00000000000",0,0,0,1,0,0,0,0,99,99,0,999,0,0,0,12,9,5,9,0,0,0,1,99,99999,9,9,99,9,9,9,999,999,99,99,99,99,99,99,9999,99,9999,0,0,0,0,0,1,2,35,1,1,8,1,0,0,1,83,99,9,9,13,"777777777777","777777777777","777777777777",0,0
12,120748,1,2,1,17,3,19,52,12,6,1,0,12,1,12,402,12402,14,2014,"1FMCU0GX3EUB","1","F","M","C","U","0","G","X","3","E","U","B",0,0,0,"000000000","00000000000",0,0,0,1,0,0,0,0,0,0,0,998,0,0,0,11,4,5,12,0,0,0,1,12,33127,6,1,0,0,3,0,66,999,0,0,0,0,0,0,0,0,0,0,0,0,0,0,1,2,98,1,1,8,1,20,3,1,17,99,1,1,89,"777777777777","777777777777","777777777777",0,0
12,120748,2,2,1,17,3,19,52,12,6,1,0,95,1,37,709,37709,80,2010,"JH2PE0538AK8","J","H","2","P","E","0","5","3","8","A","K","8",0,0,0,"000000000","00000000000",0,0,0,1,0,0,0,0,0,0,0,0,0,0,0,12,6,2,12,0,0,0,1,12,33167,6,1,0,0,2,0,75,999,0,0,0,0,0,0,0,0,0,0,0,0,0,0,1,2,98,1,1,8,1,0,0,1,66,99,1,1,88,"777777777777","777777777777","777777777777",1,0
12,120749,1,1,1,26,3,1,7,8,0,1,0,12,1,51,45,51045,4,2000,"YV1TS94D0Y10","Y","V","1","T","S","9","4","D","0","Y","1","0",0,0,0,"000000000","00000000000",0,0,0,1,0,0,0,0,0,0,0,25,0,0,0,12,4,5,8,0,0,0,1,12,33034,6,1,0,0,3,0,70,999,0,0,0,0,0,0,0,0,0,0,0,0,0,0,3,2,30,1,1,8,1,3,3,1,80,99,1,1,13,"777777777777","777777777777","777777777777",0,0
12,120750,1,1,1,28,3,11,0,8,0,1,0,12,3,20,461,20461,21,2008,"1GCGG25C0811","1","G","C","G","G","2","5","C","0","8","1","1",0,0,0,"000000000","00000000000",0,0,0,1,0,0,0,0,0,0,0,30,0,0,0,12,4,5,8,0,0,0,1,12,33315,6,1,0,0,3,0,70,999,0,0,0,0,0,0,0,0,0,0,39,0,0,0,3,6,35,1,1,8,1,3,3,1,80,99,1,1,13,"777777777777","777777777777","777777777777",0,0
12,120751,1,1,1,29,3,10,53,15,0,1,0,12,1,20,473,20473,30,2015,"1GCHTCE31F11","1","G","C","H","T","C","E","3","1","F","1","1",0,0,0,"000000000","00000000000",0,0,0,1,0,0,0,0,0,0,0,15,0,0,0,12,4,5,15,0,0,0,1,12,32940,6,1,0,0,3,0,63,999,0,0,0,0,1,11,2015,11,2015,0,38,0,0,0,1,7,25,1,1,8,1,20,3,11,83,99,1,1,13,"777777777777","777777777777","777777777777",0,0
12,120753,1,2,1,16,4,5,35,12,6,1,0,29,3,82,881,82881,66,2015,"3AKJGLD58FSF","3","A","K","J","G","L","D","5","8","F","S","F",1,1,29,"370","29370",3,6,1,1,0,0,0,0,0,0,0,5,0,0,0,81,4,5,12,0,0,0,1,29,65803,6,1,6,3,3,0,70,206,0,0,0,0,1,12,2015,12,2015,0,48,0,0,0,2,3,60,1,1,8,1,0,0,12,98,99,1,1,98,"1UYVS2531GU4","777777777777","777777777777",0,0
12,120753,2,2,3,16,4,5,35,12,6,1,0,39,1,20,37,20037,4,2012,"1G1ZC5E07CF1","1","G","1","Z","C","5","E","0","7","C","F","1",0,0,0,"000000000","00000000000",0,0,0,1,0,0,0,0,0,0,0,55,0,0,0,12,6,2,12,0,0,0,1,12,34785,6,1,0,0,3,3,69,999,0,0,0,0,0,0,0,0,0,0,0,0,0,0,2,2,60,1,1,8,1,0,0,1,62,99,1,1,98,"777777777777","777777777777","777777777777",1,0
12,120754,1,1,1,14,4,20,48,1,0,1,0,12,1,23,421,23421,15,2002,"1GKEC13Z82R1","1","G","K","E","C","1","3","Z","8","2","R","1",0,0,0,"000000000","00000000000",0,0,0,1,0,0,0,0,0,0,0,60,0,2,5,0,6,2,1,0,0,0,1,12,32134,6,1,0,0,3,0,75,999,0,0,0,0,1,3,2015,3,2015,0,6,0,0,0,1,2,60,2,1,2,1,0,0,14,13,99,1,4,1,"777777777777","777777777777","777777777777",1,0
12,120755,1,3,1,12,4,21,41,12,6,1,1,12,9,18,23,18023,4,2007,"1G4HD57217U2","1","G","4","H","D","5","7","2","1","7","U","2",0,0,0,"000000000","00000000000",0,0,0,1,0,0,0,0,0,0,0,30,0,0,0,5,6,2,12,0,0,0,1,99,99999,9,9,99,9,9,9,999,999,99,99,99,99,99,99,9999,99,9999,0,0,0,0,0,5,5,40,1,1,8,1,0,0,11,15,99,1,1,68,"777777777777","777777777777","777777777777",0,0
12,120755,2,3,1,12,4,21,41,12,6,1,0,12,1,37,705,37705,80,2008,"JH2PC400X8M1","J","H","2","P","C","4","0","0","X","8","M","1",0,0,0,"000000000","00000000000",0,0,0,1,0,0,0,0,0,0,0,50,0,0,0,12,6,2,12,0,0,0,1,12,33435,6,1,0,0,3,3,75,999,1,2,0,0,1,7,2015,2,2016,0,0,0,0,0,5,4,40,1,1,8,1,0,0,1,62,99,1,1,69,"777777777777","777777777777","777777777777",1,0
12,120755,3,3,1,12,4,21,41,12,6,1,0,12,1,59,403,59403,14,2007,"2T2GK31UX7C0","2","T","2","G","K","3","1","U","X","7","C","0",0,0,0,"000000000","00000000000",0,0,0,1,0,0,0,0,0,0,0,40,0,0,0,12,4,3,12,0,0,0,1,12,33483,6,1,0,0,3,0,63,999,0,0,0,0,0,0,0,0,0,0,0,0,0,0,5,4,40,1,1,8,1,0,0,1,50,99,1,1,98,"777777777777","777777777777","777777777777",0,0
12,120756,1,2,1,17,4,17,24,1,0,1,0,12,2,73,703,73703,80,2014,"JKAEX8B13EA0","J","K","A","E","X","8","B","1","3","E","A","0",0,0,0,"000000000","00000000000",0,0,0,1,0,0,0,0,0,0,0,80,0,0,0,0,6,2,12,0,0,0,1,12,34953,6,1,0,0,2,0,68,999,1,0,0,1,1,2,2012,12,2015,3,36,0,0,0,1,2,35,1,1,8,1,0,0,1,98,99,1,1,98,"777777777777","777777777777","777777777777",1,0
12,120756,2,2,4,17,4,17,24,1,0,1,0,12,1,12,401,12401,14,2016,"1FM5K8HT7GGB","1","F","M","5","K","8","H","T","7","G","G","B",0,0,0,"000000000","00000000000",0,0,0,1,0,0,0,0,0,0,0,35,0,0,0,12,6,2,12,0,0,0,1,12,34957,6,1,0,0,3,3,70,999,0,0,0,0,0,0,0,0,0,0,0,0,0,0,1,2,35,1,1,8,1,0,0,1,62,7,1,1,98,"777777777777","777777777777","777777777777",0,0
12,120757,1,1,1,17,4,8,20,9,0,1,0,12,1,35,47,35047,4,2012,"1N4AL2AP8CN5","1","N","4","A","L","2","A","P","8","C","N","5",0,0,0,"000000000","00000000000",0,0,0,1,0,0,0,0,0,0,0,40,0,0,0,1,2,5,9,0,0,0,1,12,32583,6,1,0,0,3,0,70,999,0,0,0,0,0,0,0,0,0,0,0,0,0,0,1,2,45,1,1,8,1,0,0,1,83,99,1,1,13,"777777777777","777777777777","777777777777",0,0
12,120758,1,2,1,12,4,17,24,12,6,1,0,12,1,49,401,49401,14,2015,"JTEZU5JR2F51","J","T","E","Z","U","5","J","R","2","F","5","1",0,0,0,"000000000","00000000000",0,0,0,1,0,0,0,0,0,0,0,10,0,0,0,5,6,2,12,0,0,0,1,12,34638,6,1,0,0,3,0,66,999,0,0,0,1,0,2,2016,2,2016,0,38,0,0,0,3,4,50,1,1,8,1,0,0,11,15,99,1,1,68,"777777777777","777777777777","777777777777",0,0
12,120758,2,2,1,12,4,17,24,12,6,1,0,12,1,53,706,53706,80,2013,"JS1VS56A3D21","J","S","1","V","S","5","6","A","3","D","2","1",0,0,0,"000000000","00000000000",0,0,0,1,0,0,0,0,0,0,0,50,0,0,0,12,6,2,12,0,0,0,1,12,33549,6,1,0,0,3,3,70,999,0,0,0,0,0,0,0,0,0,0,0,0,0,0,3,3,50,1,1,8,1,0,0,1,62,99,1,1,69,"777777777777","777777777777","777777777777",1,1
12,120759,1,1,3,5,3,13,3,8,0,1,0,12,2,49,482,49482,31,2014,"5TFHW5F13EX3","5","T","F","H","W","5","F","1","3","E","X","3",0,0,0,"000000000","00000000000",0,0,0,1,0,0,0,0,0,0,0,35,0,0,0,12,4,5,8,0,0,0,1,12,33711,6,1,0,0,3,0,73,999,0,0,0,2,3,5,2012,11,2015,0,0,0,0,0,1,4,35,1,1,8,1,0,0,1,80,99,1,1,13,"777777777777","777777777777","777777777777",0,0
12,120760,1,1,1,15,4,15,1,33,0,1,0,12,1,37,705,37705,80,2007,"JH2RC50077M3","J","H","2","R","C","5","0","0","7","7","M","3",0,0,0,"000000000","00000000000",0,0,0,1,0,0,0,0,0,0,0,55,0,0,0,12,4,5,33,0,0,0,1,12,33920,6,1,6,0,3,0,62,999,0,0,0,0,1,8,2013,8,2013,4,0,0,0,0,2,2,45,2,1,8,1,0,0,14,12,99,1,4,6,"777777777777","777777777777","777777777777",1,0
12,120761,1,3,1,12,4,11,0,12,2,1,0,12,1,49,43,49043,4,2002,"4T1BF28B12U2","4","T","1","B","F","2","8","B","1","2","U","2",0,0,0,"000000000","00000000000",0,0,0,1,0,0,0,0,0,0,0,55,0,0,0,12,6,2,12,0,0,0,1,12,32102,6,1,0,0,3,3,69,999,0,0,0,0,0,0,0,0,0,0,6,28,0,0,1,2,55,1,5,8,1,0,0,6,10,99,1,2,50,"777777777777","777777777777","777777777777",1,0
12,120761,2,3,2,12,4,11,0,12,2,1,0,12,1,7,482,7482,31,2015,"1C6RR6KT8FS6","1","C","6","R","R","6","K","T","8","F","S","6",0,0,0,"000000000","00000000000",0,0,0,1,0,0,0,0,0,0,0,55,0,1,5,12,6,2,12,0,0,0,1,12,32712,6,1,0,0,3,3,67,999,0,0,0,0,0,0,0,0,0,0,0,0,0,0,1,2,55,1,6,8,1,0,0,1,62,99,1,1,51,"777777777777","777777777777","777777777777",0,0
12,120761,3,3,1,12,4,11,0,12,2,1,0,42,1,20,481,20481,31,2014,"3GCUKRECXEG3","3","G","C","U","K","R","E","C","X","E","G","3",0,0,0,"000000000","00000000000",0,0,0,1,0,0,0,0,0,0,0,45,0,0,0,7,2,5,12,0,0,0,1,42,16125,6,1,6,0,3,0,71,999,1,0,0,1,1,9,2011,9,2015,0,0,0,0,0,1,2,45,1,5,8,1,0,0,1,61,99,1,1,98,"777777777777","777777777777","777777777777",0,0
12,120762,1,1,1,15,4,3,35,14,0,1,0,12,2,59,31,59031,4,1998,"JT8BF28G0W01","J","T","8","B","F","2","8","G","0","W","0","1",0,0,0,"000000000","00000000000",0,0,0,1,0,0,0,0,0,0,0,50,0,1,5,3,6,2,1,0,0,0,1,12,33579,6,1,0,0,3,0,64,999,0,1,0,0,2,4,2014,12,2015,0,6,0,0,0,1,2,25,3,1,8,1,0,0,14,13,99,1,4,1,"777777777777","777777777777","777777777777",1,1
12,120763,1,1,2,22,4,2,32,8,0,1,1,12,2,20,37,20037,4,2010,"1G1ZC5E02AF3","1","G","1","Z","C","5","E","0","2","A","F","3",0,0,0,"000000000","00000000000",0,0,0,1,0,0,0,0,0,0,0,999,0,0,0,12,4,5,8,0,0,0,1,12,32304,0,0,0,0,0,0,999,999,0,0,0,0,0,0,0,0,0,0,91,0,0,0,8,6,45,1,1,8,1,3,3,1,80,99,9,9,13,"777777777777","777777777777","777777777777",0,0
12,120764,1,1,1,7,4,12,0,42,0,1,0,12,1,73,703,73703,80,2014,"JKAEX8B1XEA0","J","K","A","E","X","8","B","1","X","E","A","0",0,0,0,"000000000","00000000000",0,0,0,1,0,0,0,0,0,0,0,72,0,0,0,9,6,2,42,0,0,0,1,12,34771,1,1,0,0,2,0,70,999,0,1,0,1,1,7,2012,2,2016,0,0,0,0,0,1,2,55,1,1,8,1,20,3,1,13,99,1,4,1,"777777777777","777777777777","777777777777",1,1
12,120765,1,2,4,13,3,4,50,12,6,1,0,12,2,20,481,20481,31,1997,"2GCEC19R6V11","2","G","C","E","C","1","9","R","6","V","1","1",0,0,0,"000000000","00000000000",0,0,0,1,0,0,0,0,0,0,0,45,0,1,5,12,6,2,12,0,0,0,1,12,32744,6,1,0,0,3,0,72,999,0,0,0,1,0,8,2015,8,2015,0,39,0,0,0,1,2,45,1,1,8,1,3,3,1,17,99,1,1,86,"777777777777","777777777777","777777777777",0,1
12,120765,2,2,1,13,3,4,50,12,6,1,0,12,1,63,32,63032,5,2011,"KNADH4A35B67","K","N","A","D","H","4","A","3","5","B","6","7",0,0,0,"000000000","00000000000",0,0,0,1,0,0,0,0,0,0,0,36,0,0,0,1,6,2,12,0,0,0,1,12,32130,6,1,0,0,3,0,68,999,0,0,0,0,0,0,0,0,0,0,0,0,0,0,3,4,55,1,1,8,1,3,3,1,66,99,1,1,87,"777777777777","777777777777","777777777777",1,0
12,120766,1,1,1,8,4,1,56,42,0,1,0,12,1,18,22,18022,4,2006,"2G4WD5827612","2","G","4","W","D","5","8","2","7","6","1","2",0,0,0,"000000000","00000000000",0,0,0,1,0,0,0,0,0,0,0,65,0,0,0,12,6,2,42,0,0,0,1,12,32908,6,1,0,0,3,0,66,999,0,0,0,0,0,0,0,0,0,0,0,0,0,0,3,5,65,1,1,8,1,0,0,1,13,99,1,4,1,"777777777777","777777777777","777777777777",1,0
12,120767,1,1,2,8,4,14,30,32,0,1,0,12,1,35,50,35050,4,2013,"3N1CN7APXDL8","3","N","1","C","N","7","A","P","X","D","L","8",0,0,0,"000000000","00000000000",0,0,0,1,0,0,0,0,0,0,0,65,0,1,5,12,6,2,30,0,0,0,1,12,32409,6,1,0,0,3,0,69,999,0,1,0,0,0,2,2015,2,2015,0,36,0,0,0,1,2,35,1,1,8,1,0,0,1,12,99,1,4,6,"777777777777","777777777777","777777777777",1,0
12,120768,1,1,1,11,4,23,6,8,0,1,1,99,9,99,999,99999,99,9999,"999999999999","9","9","9","9","9","9","9","9","9","9","9","9",0,0,0,"000000000","00000000000",0,0,0,1,0,0,0,0,0,0,0,999,0,0,0,12,9,5,8,0,0,0,1,99,99999,9,9,99,9,9,9,999,999,99,99,99,99,99,99,9999,99,9999,0,0,0,0,0,3,3,45,1,1,8,1,3,3,1,80,99,1,1,13,"777777777777","777777777777","777777777777",0,0
12,120769,1,1,2,16,4,17,53,20,0,1,0,12,1,48,34,48034,6,2003,"4S3BH6759376","4","S","3","B","H","6","7","5","9","3","7","6",0,0,0,"000000000","00000000000",0,0,0,1,0,0,0,0,0,0,0,70,0,1,3,3,6,2,20,0,0,0,1,12,32168,6,1,0,0,3,3,73,999,0,0,0,0,0,0,0,0,0,0,0,0,0,0,3,2,70,1,1,8,2,0,0,15,5,99,4,4,7,"777777777777","777777777777","777777777777",1,0
12,120770,1,1,1,17,4,11,56,25,0,1,0,12,1,76,705,76705,80,2013,"JYAVM01EXDA1","J","Y","A","V","M","0","1","E","X","D","A","1",0,0,0,"000000000","00000000000",0,0,0,1,0,0,0,0,0,0,0,45,0,0,0,9,4,3,25,0,0,0,1,12,34234,6,1,6,0,3,3,67,999,0,0,0,0,0,0,0,0,0,0,28,0,0,0,3,2,45,2,5,8,1,0,0,14,12,99,1,4,6,"777777777777","777777777777","777777777777",1,1
12,120771,1,2,3,14,4,1,2,12,6,1,0,12,1,20,481,20481,31,1996,"1GCHC39JXTE1","1","G","C","H","C","3","9","J","X","T","E","1",0,0,0,"000000000","00000000000",0,0,0,1,0,0,0,0,0,0,0,30,0,0,0,9,6,2,12,0,0,0,1,12,34769,6,1,0,0,3,0,68,999,0,6,0,0,1,12,2014,11,2015,0,38,48,0,0,1,2,35,1,1,8,2,20,3,11,15,99,1,1,82,"777777777777","777777777777","777777777777",2,1
12,120771,2,2,1,14,4,1,2,12,6,1,0,12,3,84,884,84884,66,2010,"3HSCUSJRXAN2","3","H","S","C","U","S","J","R","X","A","N","2",1,1,12,"860860","12860860",3,6,1,1,0,0,0,0,0,0,0,60,0,0,0,12,6,2,12,0,0,0,1,12,33801,6,1,6,3,3,3,75,999,0,0,0,0,0,0,0,0,0,0,0,0,0,0,3,2,60,1,1,8,2,0,0,1,67,99,1,1,83,"1UYVS253X7G0","777777777777","777777777777",0,0
12,120772,1,3,1,16,4,23,35,8,0,1,1,99,9,99,999,99999,99,9999,"999999999999","9","9","9","9","9","9","9","9","9","9","9","9",0,0,0,"000000000","00000000000",0,0,0,1,0,0,0,0,0,0,0,999,0,0,0,99,9,5,8,0,0,0,1,99,99999,9,9,99,9,9,9,999,999,99,99,99,99,99,99,9999,99,9999,0,0,0,0,0,3,2,25,1,1,8,1,20,3,11,80,99,1,1,13,"777777777777","777777777777","777777777777",0,0
12,120772,2,3,1,16,4,23,35,8,0,1,1,99,9,99,999,99999,99,9999,"999999999999","9","9","9","9","9","9","9","9","9","9","9","9",0,0,0,"000000000","00000000000",0,0,0,1,0,0,0,0,0,0,0,999,0,0,0,99,9,5,8,0,0,0,1,99,99999,9,9,99,9,9,9,999,999,99,99,99,99,99,99,9999,99,9999,0,0,0,0,0,3,6,45,1,1,8,1,0,0,1,80,99,1,1,98,"777777777777","777777777777","777777777777",0,0
12,120772,3,3,3,16,4,23,35,8,0,1,0,12,3,12,16,12016,4,2003,"2FAFP71W73X2","2","F","A","F","P","7","1","W","7","3","X","2",0,0,0,"000000000","00000000000",0,0,0,1,0,0,0,0,0,0,0,45,0,0,0,14,4,5,8,0,0,0,1,12,32809,6,1,0,0,3,0,64,999,0,0,0,1,2,10,2013,9,2015,0,0,0,0,0,3,6,45,1,1,8,1,0,0,1,80,99,1,1,98,"777777777777","777777777777","777777777777",0,0
12,120773,1,2,2,25,4,7,44,12,6,1,0,12,2,20,443,20443,20,2003,"1GNDU03E53D2","1","G","N","D","U","0","3","E","5","3","D","2",0,0,0,"000000000","00000000000",0,0,0,1,0,0,0,0,0,0,0,55,0,0,0,12,6,2,12,0,0,0,1,12,33777,6,1,0,0,3,0,71,999,0,0,0,2,1,2,2014,1,2015,0,6,0,0,0,3,5,55,1,1,8,1,0,0,1,13,99,1,4,88,"777777777777","777777777777","777777777777",0,0