"STATE","ST_CASE","VEH_NO","VE_FORMS","NUMOCCS","DAY","MONTH","HOUR","MINUTE","HARM_EV","MAN_COLL","UNITTYPE","HIT_RUN","REG_STAT","OWNER","MAKE","MODEL","MAK_MOD","BODY_TYP","MOD_YEAR","VIN","VIN_1","VIN_2","VIN_3","VIN_4","VIN_5","VIN_6","VIN_7","VIN_8","VIN_9","VIN_10","VIN_11","VIN_12","TOW_VEH","J_KNIFE","MCARR_I1","MCARR_I2","MCARR_ID","GVWR","V_CONFIG","CARGO_BT","HAZ_INV","HAZ_PLAC","HAZ_ID","HAZ_CNO","HAZ_REL","BUS_USE","SPEC_USE","EMER_USE","TRAV_SP","UNDERIDE","ROLLOVER","ROLINLOC","IMPACT1","DEFORMED","TOWED","M_HARM","VEH_SC1","VEH_SC2","FIRE_EXP","DR_PRES","L_STATE","DR_ZIP","L_STATUS","L_TYPE","CDL_STAT","L_ENDORS","L_COMPL","L_RESTRI","DR_HGT","DR_WGT","PREV_ACC","PREV_SUS","PREV_DWI","PREV_SPD","PREV_OTH","FIRST_MO","FIRST_YR","LAST_MO","LAST_YR","SPEEDREL","DR_SF1","DR_SF2","DR_SF3","DR_SF4","VTRAFWAY","VNUM_LAN","VSPD_LIM","VALIGN","VPROFILE","VPAVETYP","VSURCOND","VTRAFCON","VTCONT_F","P_CRASH1","P_CRASH2","P_CRASH3","PCRASH4","PCRASH5","ACC_TYPE","TRLR1VIN","TRLR2VIN","TRLR3VIN","DEATHS","DR_DRINK"
12,120809,1,1,2,17,4,3,0,30,0,1,0,12,2,37,32,37032,4,1994,"JHMCD5633RC0","J","H","M","C","D","5","6","3","3","R","C","0",0,0,0,"000000000","00000000000",0,0,0,1,0,0,0,0,0,0,0,84,0,0,0,12,6,2,19,0,0,0,1,12,33973,1,1,0,0,2,0,68,999,0,2,1,1,2,4,2013,8,2013,3,58,0,0,0,3,2,45,1,1,8,1,0,0,1,13,99,1,4,1,"777777777777","777777777777","777777777777",1,1
12,120810,1,4,1,19,4,13,18,12,1,1,0,12,2,7,442,7442,20,2003,"2D4GP54L33R2","2","D","4","G","P","5","4","L","3","3","R","2",0,0,0,"000000000","00000000000",0,0,0,1,0,0,0,0,0,0,0,25,0,0,0,6,6,2,12,0,0,0,1,12,34108,2,1,0,0,2,3,67,999,0,2,1,2,2,7,2011,4,2016,0,8,6,0,0,3,6,70,1,1,8,1,0,0,1,53,99,1,1,98,"777777777777","777777777777","777777777777",0,0
12,120810,2,4,1,19,4,13,18,12,1,1,0,12,1,87,884,87884,63,2000,"1XP5DB9XXYN4","1","X","P","5","D","B","9","X","X","Y","N","4",1,1,57,"1052171","571052171",3,4,3,1,0,0,0,0,0,0,0,60,0,0,0,12,6,2,12,0,0,0,1,12,33175,6,1,6,0,3,0,68,999,0,0,0,0,0,0,0,0,0,0,6,0,0,0,3,6,70,1,1,8,1,0,0,1,51,99,1,1,24,"5DMFABTB91M0","777777777777","777777777777",0,0
12,120810,3,4,2,19,4,13,18,12,1,1,0,8,3,6,441,6441,20,2015,"2C4RC1BG8FR7","2","C","4","R","C","1","B","G","8","F","R","7",0,0,0,"000000000","00000000000",0,0,0,1,0,0,0,0,0,0,0,17,0,0,0,6,6,2,12,0,0,0,1,12,34235,6,1,6,0,3,0,68,999,0,0,0,0,0,0,0,0,0,0,6,0,0,0,3,6,70,1,1,8,1,0,0,1,53,99,1,1,25,"777777777777","777777777777","777777777777",1,0
12,120810,4,4,2,19,4,13,18,12,1,1,0,12,1,12,481,12481,31,2006,"1FTSW21P06ED","1","F","T","S","W","2","1","P","0","6","E","D",0,0,0,"000000000","00000000000",0,0,0,1,0,0,0,0,0,0,0,60,0,0,0,5,4,5,12,0,0,0,1,12,32757,6,1,0,0,3,0,70,999,0,0,0,2,1,4,2014,11,2015,0,0,0,0,0,3,6,70,1,1,8,1,0,0,1,61,99,1,1,98,"777777777777","777777777777","777777777777",0,0
12,120811,1,1,1,23,4,7,37,9,0,1,0,12,1,35,403,35403,14,2013,"JN8AF5MR4DT2","J","N","8","A","F","5","M","R","4","D","T","2",0,0,0,"000000000","00000000000",0,0,0,1,0,0,0,0,0,0,0,55,0,0,0,12,4,3,9,0,0,0,1,12,34639,6,1,0,0,3,0,73,999,0,0,0,0,1,4,2015,4,2015,0,0,0,0,0,3,6,55,1,5,8,1,0,0,6,11,99,1,4,13,"777777777777","777777777777","777777777777",0,0
12,120812,1,2,1,2,4,2,25,12,6,1,0,12,1,37,31,37031,2,2015,"2HGFG3B8XFH5","2","H","G","F","G","3","B","8","X","F","H","5",0,0,0,"000000000","00000000000",0,0,0,1,0,0,0,0,0,0,0,70,0,1,1,12,6,2,1,0,0,0,1,12,33015,6,1,0,0,3,0,63,999,0,0,0,0,1,10,2013,10,2013,0,0,0,0,0,3,5,70,3,1,8,1,0,0,14,11,99,1,2,44,"777777777777","777777777777","777777777777",1,1
12,120812,2,2,1,2,4,2,25,12,6,1,0,12,1,12,3,12003,2,2013,"1ZVBP8CF0D52","1","Z","V","B","P","8","C","F","0","D","5","2",0,0,0,"000000000","00000000000",0,0,0,1,0,0,0,0,0,0,0,70,0,0,0,11,4,3,12,0,0,0,1,12,33193,1,1,0,0,2,0,66,999,0,5,0,1,4,1,2012,2,2016,0,0,0,0,0,3,5,70,3,1,8,1,0,0,14,60,99,1,1,45,"777777777777","777777777777","777777777777",0,1
12,120813,1,2,3,24,4,9,2,12,6,1,0,12,1,30,40,30040,4,2004,"3VWRK69M24M0","3","V","W","R","K","6","9","M","2","4","M","0",0,0,0,"000000000","00000000000",0,0,0,1,0,0,0,0,0,0,0,30,0,0,0,3,6,2,12,0,0,0,1,12,33607,6,1,0,0,3,0,66,999,0,0,0,1,0,9,2013,9,2013,0,38,0,0,0,1,2,30,1,1,8,1,20,3,1,17,99,1,1,87,"777777777777","777777777777","777777777777",1,0
12,120813,2,2,1,24,4,9,2,12,6,1,0,12,2,12,481,12481,31,2000,"1FTZF1729YNA","1","F","T","Z","F","1","7","2","9","Y","N","A",0,0,0,"000000000","00000000000",0,0,0,1,0,0,0,0,0,0,0,40,0,0,0,12,6,2,12,0,0,0,1,12,33971,6,1,0,0,3,0,74,999,0,0,0,0,0,0,0,0,0,0,0,0,0,0,1,2,45,1,1,8,1,0,0,1,66,99,1,1,86,"777777777777","777777777777","777777777777",0,0
12,120814,1,1,1,21,4,1,52,33,0,1,0,12,1,34,37,34037,4,1996,"WBAGK2325TDH","W","B","A","G","K","2","3","2","5","T","D","H",0,0,0,"000000000","00000000000",0,0,0,1,0,0,0,0,0,0,0,999,0,0,0,98,6,2,3,0,0,0,1,12,32822,6,1,0,0,3,3,76,999,0,0,0,1,0,2,2013,2,2013,0,0,0,0,0,3,2,45,2,1,8,1,0,0,14,13,99,1,4,1,"777777777777","777777777777","777777777777",1,1
12,120815,1,10,1,8,4,11,57,12,1,1,0,12,3,84,884,84884,64,2003,"1HTWHADR13J0","1","H","T","W","H","A","D","R","1","3","J","0",0,0,88,"888888888","88888888888",3,1,96,1,0,0,0,0,0,0,0,65,0,0,0,12,6,2,12,0,0,0,1,12,33161,6,1,6,3,3,3,73,999,0,0,0,0,0,0,0,0,0,3,6,39,0,0,1,4,30,1,1,8,1,3,3,1,50,99,1,1,20,"777777777777","777777777777","777777777777",0,0
12,120815,2,10,2,8,4,11,57,12,1,1,0,12,2,12,16,12016,4,2010,"2FABP7BVXAX1","2","F","A","B","P","7","B","V","X","A","X","1",0,0,0,"000000000","00000000000",0,0,0,1,0,0,0,0,0,1,0,0,0,0,0,6,6,2,12,0,0,0,1,12,33470,6,1,6,0,3,0,66,999,0,0,0,2,1,8,2013,2,2016,0,0,0,0,0,1,4,30,1,1,8,1,3,3,5,53,99,1,1,21,"777777777777","777777777777","777777777777",1,0
12,120815,3,10,3,8,4,11,57,12,1,1,0,12,2,55,33,55033,4,2015,"5NPE34AF9FH0","5","N","P","E","3","4","A","F","9","F","H","0",0,0,0,"000000000","00000000000",0,0,0,1,0,0,0,0,0,0,0,0,0,0,0,6,6,2,12,0,0,0,1,12,33125,6,1,0,0,3,3,73,999,0,0,0,0,0,0,0,0,0,0,0,0,0,0,1,4,30,1,1,8,1,3,3,5,53,99,1,1,98,"777777777777","777777777777","777777777777",0,0
12,120815,4,10,1,8,4,11,57,12,1,1,0,12,1,35,51,35051,6,2015,"5N1AT2MT9FC8","5","N","1","A","T","2","M","T","9","F","C","8",0,0,0,"000000000","00000000000",0,0,0,1,0,0,0,0,0,0,0,0,0,0,0,4,6,2,12,0,0,0,1,12,33015,6,1,0,0,3,0,62,999,0,0,0,0,2,7,2013,4,2016,0,0,0,0,0,1,4,30,1,1,8,1,3,3,5,60,99,1,1,98,"777777777777","777777777777","777777777777",0,0
12,120815,5,10,1,8,4,11,57,12,1,1,0,12,2,35,43,35043,4,2010,"3N1AB6AP5AL6","3","N","1","A","B","6","A","P","5","A","L","6",0,0,0,"000000000","00000000000",0,0,0,1,0,0,0,0,0,0,0,1,0,0,0,5,6,2,12,0,0,0,1,12,33137,6,1,0,0,3,3,71,999,0,2,0,0,0,6,2015,6,2015,0,0,0,0,0,1,4,30,1,1,8,1,3,3,1,60,99,1,1,98,"777777777777","777777777777","777777777777",0,0
12,120815,6,10,1,8,4,11,57,12,1,1,0,12,3,12,461,12461,21,2014,"1FDEE3FL9EDA","1","F","D","E","E","3","F","L","9","E","D","A",0,0,88,"888888888","88888888888",2,20,22,1,0,0,0,0,7,3,0,30,0,0,0,4,6,2,12,0,0,0,1,12,33193,6,1,0,0,3,0,71,999,0,0,0,0,1,8,2013,8,2013,0,0,0,0,0,3,6,30,1,1,8,1,3,3,1,60,99,1,1,98,"777777777777","777777777777","777777777777",0,0
12,120815,7,10,1,8,4,11,57,12,1,1,0,12,2,98,703,98703,88,2014,"L8YTCKPXXES6","L","8","Y","T","C","K","P","X","X","E","S","6",0,0,0,"000000000","00000000000",0,0,0,1,0,0,0,0,0,0,0,0,0,0,0,99,6,2,12,0,0,0,1,12,33187,1,1,0,0,2,0,69,999,0,4,0,0,2,12,2011,12,2015,0,0,0,0,0,3,6,30,1,1,8,1,3,3,1,78,99,1,1,98,"777777777777","777777777777","777777777777",0,0
12,120815,8,10,1,8,4,11,57,12,1,1,0,12,1,55,33,55033,4,2015,"5NPE34AF8FH0","5","N","P","E","3","4","A","F","8","F","H","0",0,0,0,"000000000","00000000000",0,0,0,1,0,0,0,0,0,0,0,15,0,0,0,1,4,3,12,0,0,0,1,12,33178,6,1,0,0,3,3,66,999,0,0,0,0,0,0,0,0,0,0,0,0,0,0,3,6,30,1,1,8,1,3,3,1,78,99,1,1,98,"777777777777","777777777777","777777777777",0,0
12,120815,9,10,3,8,4,11,57,12,1,1,0,12,2,42,401,42401,14,2014,"4JGDA5JB6EA3","4","J","G","D","A","5","J","B","6","E","A","3",0,0,0,"000000000","00000000000",0,0,0,1,0,0,0,0,0,0,0,30,0,0,0,13,2,5,54,0,0,0,1,12,33027,6,1,0,0,3,3,64,999,0,0,0,1,0,3,2013,3,2013,0,0,0,0,0,3,6,30,1,1,8,1,3,3,1,98,99,1,1,98,"777777777777","777777777777","777777777777",0,0
12,120815,11,10,1,8,4,11,57,12,1,1,0,12,1,63,402,63402,14,2016,"5XYPK4A59GG1","5","X","Y","P","K","4","A","5","9","G","G","1",0,0,0,"000000000","00000000000",0,0,0,1,0,0,0,0,0,0,0,0,0,0,0,7,2,3,12,0,0,0,1,12,33177,6,1,0,0,3,0,71,999,0,0,0,0,0,0,0,0,0,0,0,0,0,0,1,6,30,1,1,8,1,3,3,11,98,99,1,1,98,"777777777777","777777777777","777777777777",0,0
12,120816,1,1,1,1,5,5,25,42,0,1,0,12,1,54,39,54039,4,2010,"JH4CU2F65AC0","J","H","4","C","U","2","F","6","5","A","C","0",0,0,0,"000000000","00000000000",0,0,0,1,0,0,0,0,0,0,0,80,0,0,0,81,6,2,42,0,0,0,1,12,33405,6,1,0,0,3,0,64,999,0,0,0,0,0,0,0,0,0,0,6,0,0,0,2,3,70,1,1,8,1,0,0,1,13,6,4,4,1,"777777777777","777777777777","777777777777",1,1
12,120817,1,1,1,27,4,19,27,53,0,1,0,12,1,12,471,12471,30,1998,"1FTYR14XXWPB","1","F","T","Y","R","1","4","X","X","W","P","B",0,0,0,"000000000","00000000000",0,0,0,1,0,0,0,0,0,0,0,60,0,1,5,12,6,2,42,0,0,0,1,12,32514,6,1,6,0,3,0,72,999,1,0,0,0,1,5,2012,6,2012,0,6,0,0,0,1,2,25,1,1,2,1,0,0,1,13,99,1,4,1,"777777777777","777777777777","777777777777",1,1
12,120818,1,1,2,23,4,2,3,59,0,1,0,12,1,49,403,49403,14,2008,"JTEDS41A0820","J","T","E","D","S","4","1","A","0","8","2","0",0,0,0,"000000000","00000000000",0,0,0,1,0,0,0,0,0,0,0,60,0,0,0,98,6,2,59,0,0,0,1,12,33064,6,1,0,0,3,0,71,999,0,0,0,0,0,0,0,0,0,0,0,0,0,0,4,3,35,3,1,8,1,0,0,14,19,99,9,4,99,"777777777777","777777777777","777777777777",1,0
12,120819,1,1,2,1,5,2,12,33,0,1,0,12,1,13,1,13001,4,2002,"1LNHM81W82Y6","1","L","N","H","M","8","1","W","8","2","Y","6",0,0,0,"000000000","00000000000",0,0,0,1,0,0,0,0,0,0,0,40,0,0,0,1,6,2,30,0,0,0,1,12,34953,6,1,0,0,3,0,68,999,0,0,0,0,0,0,0,0,0,4,0,0,0,0,3,6,40,1,1,8,1,0,0,1,13,99,1,4,1,"777777777777","777777777777","777777777777",1,1
12,120820,1,1,2,31,1,3,45,24,0,1,0,12,3,49,32,49032,4,2015,"2T1BURHE4FC3","2","T","1","B","U","R","H","E","4","F","C","3",0,0,0,"000000000","00000000000",0,0,0,1,0,0,0,0,0,0,0,998,0,0,0,99,9,2,24,0,0,0,1,12,33173,6,1,0,0,3,3,69,999,1,0,0,0,0,12,2013,12,2013,0,0,0,0,0,1,4,40,1,1,8,1,20,3,99,14,99,9,4,14,"777777777777","777777777777","777777777777",2,0
12,120821,1,3,1,10,4,23,12,12,7,1,0,12,2,63,34,63034,4,2013,"5XXGN4A70DG1","5","X","X","G","N","4","A","7","0","D","G","1",0,0,0,"000000000","00000000000",0,0,0,1,0,0,0,0,0,0,0,45,0,0,0,11,6,2,12,0,0,0,1,12,33898,6,1,0,0,3,0,68,999,0,0,0,0,1,6,2013,6,2013,0,6,0,0,0,3,4,50,1,1,8,1,0,0,15,10,99,1,2,45,"777777777777","777777777777","777777777777",1,1
12,120821,2,3,1,10,4,23,12,12,7,1,0,12,3,20,461,20461,21,2005,"1GCGG25V6511","1","G","C","G","G","2","5","V","6","5","1","1",0,0,0,"000000000","00000000000",0,0,0,1,0,0,0,0,0,0,0,45,0,1,1,4,6,2,1,0,0,1,1,12,33903,6,1,0,0,3,0,70,999,0,0,0,0,0,0,0,0,0,0,0,0,0,0,3,4,50,1,1,8,1,0,0,1,61,99,1,1,44,"777777777777","777777777777","777777777777",0,1
12,120821,3,3,1,10,4,23,12,12,7,1,0,12,1,76,709,76709,80,1982,"JYA4X700XCA2","J","Y","A","4","X","7","0","0","X","C","A","2",0,0,0,"000000000","00000000000",0,0,0,1,0,0,0,0,0,0,0,50,0,0,0,12,4,5,54,0,0,0,1,12,33903,6,1,0,0,3,0,75,999,0,0,0,0,0,0,0,0,0,0,0,0,0,0,3,4,50,1,1,8,1,0,0,1,98,99,1,1,98,"777777777777","777777777777","777777777777",0,0
12,120822,1,1,1,30,4,8,20,59,0,1,0,12,1,20,4,20004,2,2003,"1G1YY22G1351","1","G","1","Y","Y","2","2","G","1","3","5","1",0,0,0,"000000000","00000000000",0,0,0,1,0,0,0,0,0,0,0,100,0,0,0,12,6,2,59,0,0,0,1,12,32940,6,1,0,0,3,3,72,999,0,0,0,0,0,0,0,0,0,0,0,0,0,0,3,6,70,1,1,8,1,0,0,1,13,99,1,4,1,"777777777777","777777777777","777777777777",1,0
12,120823,1,2,1,23,4,17,37,12,7,1,0,12,3,20,422,20422,15,2005,"3GNFK16Z55G1","3","G","N","F","K","1","6","Z","5","5","G","1",0,0,0,"000000000","00000000000",0,0,0,1,0,0,0,0,0,0,0,60,0,1,5,7,6,2,1,0,0,0,1,12,34744,6,1,0,0,3,0,68,999,1,0,0,0,1,9,2013,10,2013,0,6,58,0,0,3,6,60,1,1,8,1,0,0,15,11,6,1,2,45,"777777777777","777777777777","777777777777",1,0
12,120823,2,2,1,23,4,17,37,12,7,1,0,37,3,82,881,82881,66,2016,"1FUGGEDV9GLG","1","F","U","G","G","E","D","V","9","G","L","G",1,1,37,"90792","3790792",3,6,2,2,2,1203,3,2,0,0,0,60,0,0,0,5,6,2,12,0,0,0,1,12,34711,6,1,6,3,3,3,72,999,0,0,0,0,0,0,0,0,0,0,0,0,0,0,3,6,60,1,1,8,1,0,0,1,61,99,1,1,44,"5HTAB4423D7H","777777777777","777777777777",0,0
12,120824,1,1,2,2,5,13,50,42,0,1,0,12,1,12,481,12481,31,1996,"1FTEF14N1TNA","1","F","T","E","F","1","4","N","1","T","N","A",0,0,0,"000000000","00000000000",0,0,0,1,0,0,0,0,0,0,0,60,0,0,0,12,6,2,42,0,0,0,1,12,32328,6,1,0,0,3,0,72,999,1,0,0,0,1,4,2015,4,2015,0,0,0,0,0,1,2,60,1,1,8,1,0,0,1,12,99,1,4,6,"777777777777","777777777777","777777777777",1,0
12,120825,1,2,1,29,4,10,26,12,6,1,0,12,2,55,33,55033,4,2009,"5NPET46C29H4","5","N","P","E","T","4","6","C","2","9","H","4",0,0,0,"000000000","00000000000",0,0,0,1,0,0,0,0,0,0,0,17,0,0,0,9,6,2,12,0,0,0,1,12,32606,6,1,0,0,3,3,64,999,0,0,0,0,0,0,0,0,0,0,48,0,0,0,1,2,60,1,1,8,1,0,0,12,98,99,1,2,98,"777777777777","777777777777","777777777777",1,0
12,120825,2,2,1,29,4,10,26,12,6,1,0,13,2,84,884,84884,66,2003,"1HSXRASR43J0","1","H","S","X","R","A","S","R","4","3","J","0",0,0,13,"1816210","131816210",3,5,96,1,0,0,0,0,0,0,0,57,0,0,0,12,6,2,12,0,0,0,1,13,31516,6,1,6,0,3,0,75,999,98,0,0,0,0,0,0,0,0,0,0,0,0,0,1,2,60,1,1,8,1,0,0,6,61,99,1,1,98,"777777777777","777777777777","777777777777",0,0
12,120826,1,2,1,27,4,19,25,12,6,1,0,12,1,12,16,12016,4,2011,"2FABP7EV5BX1","2","F","A","B","P","7","E","V","5","B","X","1",0,0,0,"000000000","00000000000",0,0,0,1,0,0,0,0,0,0,0,15,0,0,0,1,6,2,12,0,0,0,1,12,34478,6,1,0,0,3,3,67,999,0,0,0,0,0,0,0,0,0,0,38,0,0,0,3,3,65,1,5,8,1,0,0,11,15,99,1,1,68,"777777777777","777777777777","777777777777",1,0
12,120826,2,2,1,27,4,19,25,12,6,1,0,12,2,37,441,37441,20,2005,"5FNRL38475B1","5","F","N","R","L","3","8","4","7","5","B","1",0,0,0,"000000000","00000000000",0,0,0,1,0,0,0,0,0,0,0,65,0,0,0,12,6,2,12,0,0,0,1,53,98030,6,1,0,0,3,0,66,999,0,0,0,0,0,0,0,0,0,0,0,0,0,0,3,3,65,1,5,8,1,0,0,1,62,99,1,1,69,"777777777777","777777777777","777777777777",0,0
12,120827,1,2,1,4,4,2,30,12,2,1,0,12,3,12,481,12481,31,2002,"1FTRF17W92NB","1","F","T","R","F","1","7","W","9","2","N","B",0,0,0,"000000000","00000000000",0,0,0,1,0,0,0,0,0,0,0,50,0,0,0,12,6,2,12,0,0,0,1,12,32218,6,1,0,0,3,0,68,999,3,1,0,0,0,11,2013,9,2015,0,51,0,0,0,2,4,50,1,1,8,1,0,0,1,54,99,1,1,52,"777777777777","777777777777","777777777777",0,1
12,120827,2,2,1,4,4,2,30,12,2,1,0,12,2,49,45,49045,4,2001,"JTDBT1234101","J","T","D","B","T","1","2","3","4","1","0","1",0,0,0,"000000000","00000000000",0,0,0,1,0,0,0,0,0,0,0,45,0,0,0,12,6,2,12,0,0,0,1,12,32218,1,1,0,0,2,0,70,999,0,3,1,0,0,8,2013,12,2013,0,0,0,0,0,2,4,45,1,1,8,1,0,0,1,54,99,1,1,52,"777777777777","777777777777","777777777777",1,1
12,120828,1,2,1,17,4,21,54,8,0,1,0,12,1,22,16,22016,4,1999,"1G2JB5249X75","1","G","2","J","B","5","2","4","9","X","7","5",0,0,0,"000000000","00000000000",0,0,0,1,0,0,0,0,0,0,0,45,0,0,0,1,4,3,8,0,0,0,1,12,33772,6,1,0,0,3,3,72,999,0,0,0,0,0,0,0,0,0,0,0,0,0,0,3,3,45,1,1,8,1,0,0,1,80,99,1,1,13,"777777777777","777777777777","777777777777",0,0
12,120828,2,2,1,17,4,21,54,8,0,1,1,99,9,99,999,99999,99,9999,"999999999999","9","9","9","9","9","9","9","9","9","9","9","9",0,0,0,"000000000","00000000000",0,0,0,1,0,0,0,0,0,0,0,45,0,0,0,12,4,5,8,0,0,0,1,99,99999,9,9,99,9,9,9,999,999,99,99,99,99,99,99,9999,99,9999,0,0,0,0,0,3,3,45,1,1,8,1,0,0,1,80,99,1,1,98,"777777777777","777777777777","777777777777",0,0
12,120829,1,2,1,2,5,16,23,9,0,1,0,12,1,55,33,55033,4,2011,"5NPEB4AC8BH1","5","N","P","E","B","4","A","C","8","B","H","1",0,0,0,"000000000","00000000000",0,0,0,1,0,0,0,0,0,0,0,35,0,0,0,12,6,2,9,0,0,0,1,12,33012,6,1,0,0,3,0,67,999,0,0,0,0,0,0,0,0,0,0,0,0,0,0,1,2,40,1,1,8,1,0,0,1,83,1,1,1,13,"777777777777","777777777777","777777777777",0,0
12,120829,2,2,1,2,5,16,23,9,0,1,0,12,1,20,421,20421,15,2004,"1GNEC13V04R2","1","G","N","E","C","1","3","V","0","4","R","2",0,0,0,"000000000","00000000000",0,0,0,1,0,0,0,0,0,0,0,0,0,0,0,9,2,5,9,0,0,0,1,12,33010,6,1,0,0,3,0,67,999,0,4,0,0,1,3,2014,9,2015,0,0,0,0,0,1,2,40,1,1,8,1,0,0,5,98,1,1,1,98,"777777777777","777777777777","777777777777",0,0
12,120830,1,1,1,23,4,22,20,43,0,1,0,12,1,39,32,39032,4,1995,"SAJKX1748SC7","S","A","J","K","X","1","7","4","8","S","C","7",0,0,0,"000000000","00000000000",0,0,0,1,0,0,0,0,0,0,0,40,0,0,0,12,6,2,43,0,0,0,1,12,32806,6,1,0,0,3,3,67,999,0,0,0,0,0,0,0,0,0,0,6,0,0,0,1,2,25,1,1,8,11,0,0,1,12,99,1,4,6,"777777777777","777777777777","777777777777",1,1
12,120831,1,1,1,18,4,14,15,42,0,1,0,12,1,20,20,20020,4,1999,"2G1WN52K3X92","2","G","1","W","N","5","2","K","3","X","9","2",0,0,0,"000000000","00000000000",0,0,0,1,0,0,0,0,0,0,0,55,0,0,0,9,6,2,42,0,0,0,1,12,34436,6,1,0,0,3,3,68,999,0,0,0,0,0,0,0,0,0,0,6,0,0,0,1,2,55,3,4,8,1,0,0,14,13,99,1,4,1,"777777777777","777777777777","777777777777",1,0
12,120832,1,1,1,18,4,23,25,53,0,1,0,12,2,20,25,20025,4,2012,"1G1PC5SH5C73","1","G","1","P","C","5","S","H","5","C","7","3",0,0,0,"000000000","00000000000",0,0,0,1,0,0,0,0,0,0,0,35,0,0,0,12,6,2,42,0,0,0,1,12,32162,6,1,0,0,3,0,64,999,1,1,0,0,0,2,2016,2,2016,0,6,0,0,0,1,2,35,1,1,8,1,0,0,1,12,99,1,4,6,"777777777777","777777777777","777777777777",1,0
12,120833,1,2,2,23,4,21,49,1,0,1,0,12,1,2,404,2404,14,2006,"1J4HS58236C2","1","J","4","H","S","5","8","2","3","6","C","2",0,0,0,"000000000","00000000000",0,0,0,1,0,0,0,0,0,0,0,80,0,2,1,0,6,2,1,0,0,0,1,12,34434,6,1,0,0,3,0,74,999,0,0,0,1,0,11,2014,11,2014,3,6,0,0,0,2,2,55,1,6,8,1,0,0,1,12,1,1,4,98,"777777777777","777777777777","777777777777",1,1
12,120833,2,2,2,23,4,21,49,1,0,1,0,12,1,50,706,50706,80,2013,"SMTC05LR0DJ5","S","M","T","C","0","5","L","R","0","D","J","5",0,0,0,"000000000","00000000000",0,0,0,1,0,0,0,0,0,0,0,50,0,0,0,0,6,2,1,0,0,0,1,12,34428,6,1,6,0,3,0,71,999,0,0,0,1,0,1,2012,1,2012,0,0,0,0,0,2,2,50,1,5,8,1,0,0,1,98,98,1,1,98,"777777777777","777777777777","777777777777",1,0
12,120834,1,1,3,27,4,6,24,42,0,1,0,12,4,2,408,2408,14,2016,"ZACCJADT3GPC","Z","A","C","C","J","A","D","T","3","G","P","C",0,0,0,"000000000","00000000000",0,0,0,1,0,0,0,0,0,0,0,77,0,1,5,12,6,2,42,0,0,0,1,12,34677,6,1,0,0,3,0,72,999,0,0,0,1,0,11,2011,11,2011,0,6,0,0,0,3,3,70,1,1,8,1,0,0,1,13,16,1,4,1,"777777777777","777777777777","777777777777",1,0
12,120835,1,1,2,27,4,7,45,24,0,1,0,12,1,12,401,12401,14,2000,"1FMZU73X7YUB","1","F","M","Z","U","7","3","X","7","Y","U","B",0,0,0,"000000000","00000000000",0,0,0,1,0,0,0,0,0,0,0,80,0,1,3,12,6,2,24,0,0,0,1,12,33714,6,1,0,0,3,0,68,999,0,0,0,0,0,0,0,0,0,0,0,0,0,0,3,3,70,1,1,8,1,0,0,1,13,6,1,4,6,"777777777777","777777777777","777777777777",1,0
12,120836,1,1,1,27,4,1,25,8,0,1,1,99,9,99,999,99999,99,9999,"999999999999","9","9","9","9","9","9","9","9","9","9","9","9",0,0,0,"000000000","00000000000",0,0,0,1,0,0,0,0,0,0,0,60,0,0,0,98,9,5,8,0,0,0,1,99,99999,9,9,99,9,9,9,999,999,99,99,99,99,99,99,9999,99,9999,0,0,0,0,0,2,2,60,1,1,8,1,0,0,1,80,99,1,1,13,"777777777777","777777777777","777777777777",0,0
12,120837,1,2,1,19,4,20,29,12,1,1,1,12,2,13,421,13421,15,2014,"5LMJJ2H51EEL","5","L","M","J","J","2","H","5","1","E","E","L",0,0,0,"000000000","00000000000",0,0,0,1,0,0,0,0,0,0,0,55,0,0,0,12,9,5,12,0,0,0,1,12,32709,4,1,0,0,2,0,73,999,0,4,0,0,0,10,2012,12,2014,0,0,0,0,0,3,2,55,2,1,8,1,0,0,14,51,99,1,1,24,"777777777777","777777777777","777777777777",0,0
12,120837,2,2,1,19,4,20,29,12,1,1,0,12,2,98,701,98701,88,2014,"LHJTLBBN5EB2","L","H","J","T","L","B","B","N","5","E","B","2",0,0,0,"000000000","00000000000",0,0,0,1,0,0,0,0,0,0,0,55,0,0,0,6,6,2,12,0,0,0,1,12,32833,6,1,0,0,3,0,67,999,5,3,0,0,4,12,2013,3,2016,0,0,0,0,0,3,2,55,1,1,8,1,0,0,1,53,99,1,1,25,"777777777777","777777777777","777777777777",1,1
12,120838,1,2,1,12,4,3,9,12,6,1,0,12,4,12,3,12003,1,2016,"1FATP8UHXG52","1","F","A","T","P","8","U","H","X","G","5","2",0,0,0,"000000000","00000000000",0,0,0,1,0,0,0,0,0,0,0,60,0,0,0,12,6,2,12,0,0,0,1,12,33880,6,1,0,0,3,0,70,999,0,0,0,1,1,10,2012,2,2013,0,39,0,0,0,4,4,55,1,1,8,1,3,3,1,17,99,1,1,88,"777777777777","777777777777","777777777777",0,0
12,120838,2,2,2,12,4,3,9,12,6,1,0,12,1,55,35,55035,4,2004,"KMHDN46DX4U7","K","M","H","D","N","4","6","D","X","4","U","7",0,0,0,"000000000","00000000000",0,0,0,1,0,0,0,0,0,0,0,40,0,0,0,9,6,2,12,0,0,0,1,12,33615,6,1,0,0,3,0,67,999,0,0,0,0,0,0,0,0,0,0,0,0,0,0,4,4,40,1,1,8,1,3,3,1,66,99,1,1,89,"777777777777","777777777777","777777777777",1,0