"STATE","ST_CASE","VEH_NO","VE_FORMS","NUMOCCS","DAY","MONTH","HOUR","MINUTE","HARM_EV","MAN_COLL","UNITTYPE","HIT_RUN","REG_STAT","OWNER","MAKE","MODEL","MAK_MOD","BODY_TYP","MOD_YEAR","VIN","VIN_1","VIN_2","VIN_3","VIN_4","VIN_5","VIN_6","VIN_7","VIN_8","VIN_9","VIN_10","VIN_11","VIN_12","TOW_VEH","J_KNIFE","MCARR_I1","MCARR_I2","MCARR_ID","GVWR","V_CONFIG","CARGO_BT","HAZ_INV","HAZ_PLAC","HAZ_ID","HAZ_CNO","HAZ_REL","BUS_USE","SPEC_USE","EMER_USE","TRAV_SP","UNDERIDE","ROLLOVER","ROLINLOC","IMPACT1","DEFORMED","TOWED","M_HARM","VEH_SC1","VEH_SC2","FIRE_EXP","DR_PRES","L_STATE","DR_ZIP","L_STATUS","L_TYPE","CDL_STAT","L_ENDORS","L_COMPL","L_RESTRI","DR_HGT","DR_WGT","PREV_ACC","PREV_SUS","PREV_DWI","PREV_SPD","PREV_OTH","FIRST_MO","FIRST_YR","LAST_MO","LAST_YR","SPEEDREL","DR_SF1","DR_SF2","DR_SF3","DR_SF4","VTRAFWAY","VNUM_LAN","VSPD_LIM","VALIGN","VPROFILE","VPAVETYP","VSURCOND","VTRAFCON","VTCONT_F","P_CRASH1","P_CRASH2","P_CRASH3","PCRASH4","PCRASH5","ACC_TYPE","TRLR1VIN","TRLR2VIN","TRLR3VIN","DEATHS","DR_DRINK"
12,120913,1,1,1,7,5,17,50,38,0,1,0,12,2,35,43,35043,4,2010,"3N1AB6AP6AL6","3","N","1","A","B","6","A","P","6","A","L","6",0,0,0,"000000000","00000000000",0,0,0,1,0,0,0,0,0,0,0,59,0,0,0,12,6,2,42,0,0,0,1,12,32179,6,1,0,0,3,0,67,999,0,0,0,0,0,0,0,0,0,3,6,0,0,0,1,2,45,3,1,8,1,0,0,14,12,99,4,4,7,"777777777777","777777777777","777777777777",1,1
12,120914,1,1,1,7,5,21,10,8,0,1,0,12,2,54,402,54402,14,2010,"5J8TB2H23AA0","5","J","8","T","B","2","H","2","3","A","A","0",0,0,0,"000000000","00000000000",0,0,0,1,0,0,0,0,0,0,0,40,0,0,0,12,6,2,8,0,0,0,1,12,33870,6,1,0,0,3,3,60,999,0,0,0,2,0,9,2012,2,2013,0,0,0,0,0,1,2,40,1,1,8,1,0,0,1,80,1,1,1,13,"777777777777","777777777777","777777777777",0,0
12,120915,1,2,2,25,4,22,9,12,6,1,0,12,3,86,881,86881,66,2007,"1M1AJ06Y57N0","1","M","1","A","J","0","6","Y","5","7","N","0",1,1,12,"2162844","122162844",3,6,3,1,0,0,0,0,0,0,0,15,0,0,0,3,0,3,12,0,0,0,1,12,34769,6,1,6,3,3,3,73,999,1,0,0,1,1,11,2012,12,2015,0,38,0,0,0,3,2,45,1,1,8,1,0,0,11,21,99,1,1,68,"888888888888","777777777777","777777777777",0,0
12,120915,2,2,1,25,4,22,9,12,6,1,0,12,2,6,18,6018,4,2014,"1C3CCBABXEN2","1","C","3","C","C","B","A","B","X","E","N","2",0,0,0,"000000000","00000000000",0,0,0,1,0,0,0,0,0,0,0,45,1,0,0,12,6,2,12,0,0,0,1,12,32808,6,1,0,0,3,0,67,999,0,1,0,0,1,3,2015,10,2015,0,0,0,0,0,3,4,45,1,1,8,1,0,0,1,62,99,1,1,69,"777777777777","777777777777","777777777777",1,0
12,120916,1,1,2,30,4,21,20,38,0,1,0,12,2,6,51,6051,4,2007,"2C3KA43R37H6","2","C","3","K","A","4","3","R","3","7","H","6",0,0,0,"000000000","00000000000",0,0,0,1,0,0,0,0,0,0,0,35,0,0,0,12,6,2,38,0,0,0,1,12,32805,6,1,0,0,3,0,65,999,0,0,0,0,0,0,0,0,0,0,6,0,0,0,5,3,35,1,1,8,1,0,0,1,12,99,1,4,6,"777777777777","777777777777","777777777777",1,0
12,120917,1,1,1,12,5,12,0,30,0,1,0,12,1,49,472,49472,30,2005,"5TETX22N45Z1","5","T","E","T","X","2","2","N","4","5","Z","1",0,0,0,"000000000","00000000000",0,0,0,1,0,0,0,0,0,0,0,55,0,1,6,12,6,2,30,0,0,0,1,12,32669,6,1,0,0,3,3,73,999,0,0,0,1,0,8,2013,8,2013,0,6,0,0,0,1,2,55,1,1,8,1,0,0,1,12,99,1,4,6,"777777777777","777777777777","777777777777",1,0
12,120918,1,2,1,7,5,16,40,12,6,1,0,12,3,82,881,82881,66,2014,"3AKJGHDV4ESF","3","A","K","J","G","H","D","V","4","E","S","F",1,1,12,"1065141","121065141",3,6,11,1,0,0,0,0,0,0,0,35,0,0,0,9,4,5,12,0,0,0,1,12,34684,6,1,6,0,3,0,70,999,0,1,0,0,2,6,2013,4,2015,0,38,0,0,0,3,2,35,1,5,8,1,0,0,11,15,99,1,1,68,"1UYVS25303U0","777777777777","777777777777",0,0
12,120918,2,2,1,7,5,16,40,12,6,1,0,39,1,29,5,29005,5,2015,"5YJSA1S26FF0","5","Y","J","S","A","1","S","2","6","F","F","0",0,0,0,"000000000","00000000000",0,0,0,1,0,0,0,0,0,0,0,65,0,0,0,12,6,2,12,0,0,0,1,39,44705,6,1,0,0,3,0,69,999,0,0,0,6,1,11,2012,12,2014,0,0,0,0,0,3,4,65,1,6,8,1,0,0,1,62,99,1,1,69,"777777777777","777777777777","777777777777",1,0
12,120919,1,2,1,7,5,22,24,12,6,1,0,12,2,98,709,98709,88,2014,"L9NTEACB4E11","L","9","N","T","E","A","C","B","4","E","1","1",0,0,0,"000000000","00000000000",0,0,0,1,0,0,0,0,0,0,0,10,0,0,0,3,6,2,12,0,0,0,1,12,33014,6,1,0,0,3,0,69,999,0,0,0,0,0,0,0,0,0,0,38,0,0,0,1,2,30,1,1,8,1,0,0,11,15,99,1,1,68,"777777777777","777777777777","777777777777",1,1
12,120919,2,2,1,7,5,22,24,12,6,1,0,12,3,59,40,59040,2,2015,"JTHHE5BC0F50","J","T","H","H","E","5","B","C","0","F","5","0",0,0,0,"000000000","00000000000",0,0,0,1,0,0,0,0,0,0,0,998,0,0,0,12,6,2,12,0,0,0,1,12,33018,6,1,0,0,3,0,65,999,1,0,0,0,0,7,2013,7,2013,3,0,0,0,0,1,2,40,1,1,8,1,0,0,1,62,99,1,1,69,"777777777777","777777777777","777777777777",0,0
12,120921,1,1,1,13,5,15,41,8,0,1,0,12,2,52,35,52035,4,1998,"JA3AY26A4WU0","J","A","3","A","Y","2","6","A","4","W","U","0",0,0,0,"000000000","00000000000",0,0,0,1,0,0,0,0,0,0,0,40,0,0,0,12,4,3,8,0,0,0,1,12,33024,6,7,0,0,3,2,63,999,0,0,0,0,0,0,0,0,0,0,73,0,0,0,3,3,45,1,1,8,1,0,0,1,80,99,1,1,13,"777777777777","777777777777","777777777777",0,0
12,120922,1,2,1,13,5,5,55,12,2,1,0,12,1,53,40,53040,4,2008,"JS2YA4136851","J","S","2","Y","A","4","1","3","6","8","5","1",0,0,0,"000000000","00000000000",0,0,0,1,0,0,0,0,0,0,0,60,0,0,0,12,6,2,12,0,0,0,1,12,33875,6,1,0,0,3,3,64,999,0,0,0,0,0,0,0,0,0,0,28,0,0,0,1,2,60,1,1,8,1,0,0,1,10,99,1,2,50,"777777777777","777777777777","777777777777",1,0
12,120922,2,2,1,13,5,5,55,12,2,1,0,12,3,82,881,82881,66,2013,"1FUJC5DX2DHF","1","F","U","J","C","5","D","X","2","D","H","F",1,3,12,"1196553","121196553",3,6,1,1,0,0,0,0,0,0,0,60,0,0,0,12,6,2,12,0,0,0,1,12,34758,6,1,6,0,3,0,67,999,0,0,0,0,0,0,0,0,0,0,0,0,0,0,1,2,60,1,1,8,1,0,0,1,62,7,1,1,51,"1FUJC5DX2DHF","777777777777","777777777777",0,0
12,120923,1,1,1,8,5,18,7,8,0,1,0,12,2,35,49,35049,6,2006,"JN8AZ08T46W4","J","N","8","A","Z","0","8","T","4","6","W","4",0,0,0,"000000000","00000000000",0,0,0,1,0,0,0,0,0,0,0,7,0,0,0,6,2,3,8,0,0,0,1,12,33172,6,1,0,0,3,0,70,999,0,0,0,0,0,0,0,0,0,0,31,0,0,0,3,2,30,1,1,8,1,0,0,13,80,1,1,7,92,"777777777777","777777777777","777777777777",0,0
12,120924,1,5,1,29,4,20,58,12,1,1,1,12,9,63,38,63038,4,2016,"KNAFX4A65G54","K","N","A","F","X","4","A","6","5","G","5","4",0,0,0,"000000000","00000000000",0,0,0,1,0,0,0,0,0,0,0,25,0,0,0,12,6,2,12,0,0,0,1,99,99999,9,9,99,9,9,9,999,999,99,99,99,99,99,99,9999,99,9999,0,0,0,0,0,3,4,30,1,1,8,1,0,0,1,51,99,1,1,24,"777777777777","777777777777","777777777777",0,0
12,120924,2,5,1,29,4,20,58,12,1,1,0,12,1,35,32,35032,2,1996,"JN1AS44D2TW0","J","N","1","A","S","4","4","D","2","T","W","0",0,0,0,"000000000","00000000000",0,0,0,1,0,0,0,0,0,0,0,10,0,0,0,6,6,2,12,0,0,0,1,12,33351,6,1,0,0,3,0,67,999,0,2,0,0,0,6,2015,1,2016,0,0,0,0,0,3,4,30,1,1,8,1,0,0,1,53,99,1,1,26,"777777777777","777777777777","777777777777",1,0
12,120924,3,5,2,29,4,20,58,12,1,1,0,12,1,37,421,37421,15,2016,"5FNYF5H71GB0","5","F","N","Y","F","5","H","7","1","G","B","0",0,0,0,"000000000","00000000000",0,0,0,1,0,0,0,0,0,0,0,5,0,0,0,6,4,3,12,0,0,0,1,12,33334,6,1,0,0,3,0,75,999,0,0,0,0,1,9,2012,9,2012,0,0,0,0,0,3,4,30,1,1,8,1,3,3,1,53,99,1,1,98,"777777777777","777777777777","777777777777",1,0
12,120924,4,5,1,29,4,20,58,12,1,1,0,12,3,63,34,63034,4,2016,"5XXGW4L22GG0","5","X","X","G","W","4","L","2","2","G","G","0",0,0,0,"000000000","00000000000",0,0,0,1,0,0,0,0,0,0,0,10,0,0,0,6,4,3,12,0,0,0,1,12,33444,6,1,0,0,3,0,60,999,0,0,0,0,0,0,0,0,0,0,0,0,0,0,3,4,30,1,1,8,1,0,0,11,53,99,1,1,98,"777777777777","777777777777","777777777777",0,0
12,120924,5,5,3,29,4,20,58,12,1,1,0,12,1,6,441,6441,20,2015,"2C4RC1CG2FR6","2","C","4","R","C","1","C","G","2","F","R","6",0,0,0,"000000000","00000000000",0,0,0,1,0,0,0,0,0,0,0,10,0,0,0,2,4,3,12,0,0,0,1,12,33468,6,1,0,0,3,3,69,999,0,0,0,0,0,0,0,0,0,0,0,0,0,0,3,4,30,1,1,8,1,0,0,1,63,99,1,1,98,"777777777777","777777777777","777777777777",0,0
12,120925,1,1,1,6,5,2,0,33,0,1,0,12,1,34,35,34035,4,2006,"WBANE73546CM","W","B","A","N","E","7","3","5","4","6","C","M",0,0,0,"000000000","00000000000",0,0,0,1,0,0,0,0,0,0,0,60,0,0,0,14,6,2,42,0,0,0,1,12,33870,1,1,0,0,2,3,64,999,0,23,1,1,2,5,2012,12,2014,0,0,0,0,0,1,2,35,2,5,8,1,0,0,14,12,99,1,4,6,"777777777777","777777777777","777777777777",1,1
12,120927,1,1,1,15,5,5,10,42,0,1,0,12,2,35,47,35047,4,2004,"1N4AL11D24C1","1","N","4","A","L","1","1","D","2","4","C","1",0,0,0,"000000000","00000000000",0,0,0,1,0,0,0,0,0,0,0,80,0,1,5,3,6,2,42,0,0,0,1,12,34205,6,1,0,0,3,0,68,999,1,1,0,0,2,2,2013,3,2016,0,58,0,0,0,3,3,70,2,1,8,1,0,0,14,12,7,3,4,2,"777777777777","777777777777","777777777777",1,1
12,120928,1,2,1,15,5,1,28,12,2,1,0,12,1,63,38,63038,4,2012,"KNAFU4A2XC54","K","N","A","F","U","4","A","2","X","C","5","4",0,0,0,"000000000","00000000000",0,0,0,1,0,0,0,0,0,0,0,1,0,0,0,12,6,2,12,0,0,0,1,12,32209,6,1,0,0,3,0,63,999,1,2,0,0,0,8,2015,10,2015,0,0,0,0,0,1,2,30,1,1,8,1,0,0,11,15,99,1,1,68,"777777777777","777777777777","777777777777",0,0
12,120928,2,2,1,15,5,1,28,12,2,1,0,12,1,72,706,72706,80,2000,"1HD4CEM14YK1","1","H","D","4","C","E","M","1","4","Y","K","1",0,0,0,"000000000","00000000000",0,0,0,1,0,0,0,0,0,0,0,1,0,0,0,12,6,2,12,0,0,0,1,12,32043,6,1,0,0,3,3,72,999,0,0,0,1,0,2,2014,2,2014,0,0,0,0,0,1,2,30,1,1,8,1,0,0,1,62,99,1,1,69,"777777777777","777777777777","777777777777",1,0
12,120929,1,1,1,11,5,11,15,23,0,1,0,12,1,6,43,6043,1,2010,"1C3BC6EV6AN2","1","C","3","B","C","6","E","V","6","A","N","2",0,0,0,"000000000","00000000000",0,0,0,1,0,0,0,0,0,0,0,45,0,1,5,12,6,2,1,0,0,0,1,12,32541,6,1,0,0,3,0,70,999,0,0,0,0,0,0,0,0,0,0,6,0,0,0,1,2,45,1,6,2,1,0,0,1,13,99,1,4,1,"777777777777","777777777777","777777777777",1,0
12,120930,1,2,2,1,5,11,19,5,0,1,0,12,2,72,706,72706,80,2005,"1HD1BWB105Y0","1","H","D","1","B","W","B","1","0","5","Y","0",0,0,0,"000000000","00000000000",0,0,0,1,0,0,0,0,0,0,0,25,0,0,0,0,4,3,5,0,0,0,1,12,34689,6,1,0,0,3,3,70,999,0,0,0,0,0,0,0,0,0,0,0,0,0,0,3,4,55,1,1,8,1,0,0,1,98,99,1,1,0,"777777777777","777777777777","777777777777",0,0
12,120930,2,2,1,1,5,11,19,5,0,1,0,12,1,73,706,73706,80,2004,"JKBVNKA184A0","J","K","B","V","N","K","A","1","8","4","A","0",0,0,0,"000000000","00000000000",0,0,0,1,0,0,0,0,0,0,0,25,0,0,0,0,4,3,1,0,0,0,1,12,34695,6,1,0,0,3,0,75,999,0,0,0,1,0,6,2015,6,2015,0,0,0,0,0,3,4,55,1,1,8,1,0,0,1,98,99,1,1,98,"777777777777","777777777777","777777777777",1,0
12,120932,1,2,2,13,5,15,18,12,2,1,0,12,2,12,16,12016,4,2003,"2FAFP71W23X1","2","F","A","F","P","7","1","W","2","3","X","1",0,0,0,"000000000","00000000000",0,0,0,1,0,0,0,0,0,0,0,5,0,0,0,12,6,2,12,0,0,0,1,12,33511,6,1,0,0,3,0,60,999,0,0,0,0,0,0,0,0,0,0,38,0,0,0,5,5,45,1,6,8,1,0,0,11,15,99,1,1,68,"777777777777","777777777777","777777777777",0,0
12,120932,2,2,1,13,5,15,18,12,2,1,0,12,1,72,706,72706,80,2006,"1HD1JAB126Y0","1","H","D","1","J","A","B","1","2","6","Y","0",0,0,0,"000000000","00000000000",0,0,0,1,0,0,0,0,0,0,0,45,0,0,0,12,6,2,12,0,0,0,1,12,33596,6,1,6,0,2,0,74,999,0,0,0,0,0,0,0,0,0,0,0,0,0,0,5,5,45,1,5,8,1,0,0,1,62,99,1,1,69,"777777777777","777777777777","777777777777",1,0
12,120933,1,1,2,15,5,18,0,42,0,1,0,13,2,20,421,20421,15,2003,"1GNEC13ZX3R3","1","G","N","E","C","1","3","Z","X","3","R","3",0,0,0,"000000000","00000000000",0,0,0,1,0,0,0,0,0,0,0,60,0,0,0,12,6,2,42,0,0,0,1,13,39828,0,0,0,0,0,0,999,999,98,0,0,0,0,0,0,0,0,0,0,0,0,0,1,2,45,3,1,8,1,0,0,14,13,99,1,4,1,"777777777777","777777777777","777777777777",1,1
12,120934,1,1,4,15,5,1,12,3,0,1,0,12,1,67,32,67032,3,2013,"JTKJF5C75D30","J","T","K","J","F","5","C","7","5","D","3","0",0,0,0,"000000000","00000000000",0,0,0,1,0,0,0,0,0,0,0,998,0,0,0,0,6,2,3,0,0,0,1,12,32344,1,1,0,0,2,0,72,999,0,1,0,1,1,11,2011,2,2016,0,53,0,0,0,1,2,20,1,6,8,1,0,0,1,14,99,1,4,0,"777777777777","777777777777","777777777777",3,0
12,120935,1,1,1,14,5,6,13,33,0,1,0,12,1,72,706,72706,80,2007,"1HD1JL5127Y0","1","H","D","1","J","L","5","1","2","7","Y","0",0,0,0,"000000000","00000000000",0,0,0,1,0,0,0,0,0,0,0,45,0,0,0,9,6,2,43,0,0,0,1,47,37660,6,1,4,0,2,3,72,240,0,0,0,0,0,0,0,0,0,0,6,0,0,0,1,2,40,1,6,8,99,21,3,1,12,99,1,4,6,"777777777777","777777777777","777777777777",1,0
12,120936,1,1,1,8,5,10,50,42,0,1,0,12,2,37,441,37441,20,2008,"5FNRL38708B0","5","F","N","R","L","3","8","7","0","8","B","0",0,0,0,"000000000","00000000000",0,0,0,1,0,0,0,0,0,0,0,50,0,0,0,12,6,2,42,0,0,1,1,12,34990,6,1,0,0,3,3,74,999,0,0,0,1,0,1,2015,1,2015,0,0,0,0,0,1,2,50,1,1,8,1,0,0,1,13,99,1,4,1,"777777777777","777777777777","777777777777",1,0
12,120937,1,1,1,11,5,22,15,30,0,1,0,12,1,35,47,35047,4,2008,"1N4AL21EX8C1","1","N","4","A","L","2","1","E","X","8","C","1",0,0,0,"000000000","00000000000",0,0,0,1,0,0,0,0,0,0,0,50,0,0,0,9,6,2,30,0,0,0,1,12,34990,6,1,0,0,3,0,68,999,1,4,0,0,0,9,2015,2,2016,3,0,0,0,0,1,2,35,2,1,8,1,0,0,14,12,99,3,4,7,"777777777777","777777777777","777777777777",1,1
12,120939,1,2,2,6,5,23,0,12,6,1,0,12,1,20,36,20036,2,2003,"2G1WX12K2394","2","G","1","W","X","1","2","K","2","3","9","4",0,0,0,"000000000","00000000000",0,0,0,1,0,0,0,0,0,0,0,15,0,0,0,9,6,2,12,0,0,0,1,12,32567,6,1,0,0,3,0,61,999,0,0,0,0,0,0,0,0,0,0,48,0,0,0,1,2,35,1,1,8,1,0,0,12,98,99,1,1,98,"777777777777","777777777777","777777777777",1,0
12,120939,2,2,2,6,5,23,0,12,6,1,0,12,2,12,471,12471,30,1994,"1FTCR14U6RPA","1","F","T","C","R","1","4","U","6","R","P","A",0,0,0,"000000000","00000000000",0,0,0,1,0,0,0,0,0,0,0,38,0,0,0,12,6,2,12,0,0,0,1,12,32536,6,1,0,0,3,0,68,999,0,0,0,0,0,0,0,0,0,3,0,0,0,0,1,2,35,1,1,8,1,0,0,1,62,16,1,1,98,"777777777777","777777777777","777777777777",0,0
12,120940,1,2,2,5,5,21,14,9,0,1,0,12,2,35,48,35048,2,2008,"JN1BZ34D88M7","J","N","1","B","Z","3","4","D","8","8","M","7",0,0,0,"000000000","00000000000",0,0,0,1,0,0,0,0,0,0,0,45,0,0,0,12,4,3,9,0,0,0,1,12,32820,6,1,0,0,3,3,66,999,0,2,0,0,0,10,2015,4,2016,0,0,0,0,0,1,2,45,1,1,8,1,0,0,1,83,99,1,1,13,"777777777777","777777777777","777777777777",0,0
12,120940,2,2,1,5,5,21,14,9,0,1,1,99,9,99,999,99999,99,9999,"999999999999","9","9","9","9","9","9","9","9","9","9","9","9",0,0,0,"000000000","00000000000",0,0,0,1,0,0,0,0,99,99,9,45,0,0,0,98,9,5,18,0,0,0,1,99,99999,9,9,99,9,9,9,999,999,99,99,99,99,99,99,9999,99,9999,0,0,0,0,0,1,2,45,1,1,8,1,0,0,1,90,99,1,1,98,"777777777777","777777777777","777777777777",0,0
12,120941,1,1,3,14,4,19,1,35,0,1,0,12,2,12,481,12481,31,2006,"1FTSW21P96EA","1","F","T","S","W","2","1","P","9","6","E","A",0,0,0,"000000000","00000000000",0,0,0,1,0,0,0,0,0,0,0,55,0,0,0,12,6,2,35,0,0,0,1,12,33440,2,1,2,0,2,0,71,999,0,2,0,0,0,8,2011,1,2013,0,6,0,0,0,1,2,55,1,1,8,1,0,0,1,12,7,1,4,6,"777777777777","777777777777","777777777777",2,1
12,120942,1,2,1,6,5,20,20,12,6,1,0,12,1,35,43,35043,4,1996,"1N4AB41D7TC7","1","N","4","A","B","4","1","D","7","T","C","7",0,0,0,"000000000","00000000000",0,0,0,1,0,0,0,0,0,0,0,15,0,0,0,3,6,2,12,0,0,0,1,12,32820,6,1,0,0,3,0,70,999,0,0,0,0,1,12,2012,12,2012,0,38,0,0,0,3,2,45,1,1,8,1,0,0,11,15,99,1,1,68,"777777777777","777777777777","777777777777",1,1
12,120942,2,2,2,6,5,20,20,12,6,1,0,12,1,63,34,63034,4,2015,"5XXGM4A76FG4","5","X","X","G","M","4","A","7","6","F","G","4",0,0,0,"000000000","00000000000",0,0,0,1,0,0,0,0,0,0,0,45,0,0,0,12,6,2,12,0,0,0,1,12,32780,6,1,0,0,3,0,60,999,0,0,0,0,0,0,0,0,0,0,0,0,0,0,3,2,45,1,1,8,1,0,0,1,62,98,1,1,69,"777777777777","777777777777","777777777777",0,0
12,120943,1,1,1,9,1,8,19,3,0,1,0,12,1,20,481,20481,31,2003,"2GCEC19VX313","2","G","C","E","C","1","9","V","X","3","1","3",0,0,0,"000000000","00000000000",0,0,0,1,0,0,0,0,0,0,0,40,0,0,0,0,6,2,3,0,0,0,1,12,34224,6,1,0,0,3,0,66,999,0,0,0,0,0,0,0,0,0,0,0,0,0,0,3,4,40,1,1,8,1,0,0,1,98,99,1,4,0,"777777777777","777777777777","777777777777",1,0
12,120944,1,1,1,24,1,12,53,8,0,1,0,12,1,49,401,49401,14,2001,"JT3GN86R0101","J","T","3","G","N","8","6","R","0","1","0","1",0,0,0,"000000000","00000000000",0,0,0,1,0,0,0,0,0,0,0,35,0,0,0,12,2,5,8,0,0,0,1,12,32548,6,1,0,0,3,0,63,999,0,0,0,0,0,0,0,0,0,0,0,0,0,0,5,4,35,1,1,8,1,0,0,1,80,99,1,1,13,"777777777777","777777777777","777777777777",0,0
12,120945,1,2,1,12,1,6,19,12,6,1,0,12,1,14,6,14006,4,2006,"2MEFM74V46X6","2","M","E","F","M","7","4","V","4","6","X","6",0,0,0,"000000000","00000000000",0,0,0,1,0,0,0,0,0,0,0,15,0,0,0,4,2,3,12,0,0,0,1,12,33881,6,1,0,0,3,3,59,999,0,0,0,0,0,0,0,0,0,0,38,0,0,0,1,5,40,1,1,8,1,3,3,11,15,99,1,1,68,"777777777777","777777777777","777777777777",0,0
12,120945,2,2,1,12,1,6,19,12,6,1,0,12,1,37,706,37706,80,2006,"JH2SC57036M2","J","H","2","S","C","5","7","0","3","6","M","2",0,0,0,"000000000","00000000000",0,0,0,1,0,0,0,0,0,0,0,40,0,0,0,98,6,2,12,0,0,0,1,12,33850,1,1,0,0,2,0,72,999,0,2,0,0,3,10,2014,12,2015,0,0,0,0,0,1,5,40,1,1,8,1,3,3,1,62,99,1,1,69,"777777777777","777777777777","777777777777",1,0
12,120947,1,1,1,28,2,4,29,20,0,1,0,12,2,37,32,37032,4,1995,"1HGCE6663SA0","1","H","G","C","E","6","6","6","3","S","A","0",0,0,0,"000000000","00000000000",0,0,0,1,0,0,0,0,0,0,0,65,0,1,5,12,6,2,20,0,0,0,1,12,33027,6,1,0,0,3,0,74,999,0,0,0,2,1,2,2013,11,2014,0,0,0,0,0,3,4,65,2,1,2,1,0,0,14,12,99,1,4,6,"777777777777","777777777777","777777777777",1,1
12,120948,1,2,1,22,2,15,30,12,1,1,0,12,1,72,706,72706,80,2003,"1HD1JBB193Y0","1","H","D","1","J","B","B","1","9","3","Y","0",0,0,0,"000000000","00000000000",0,0,0,1,0,0,0,0,0,0,0,35,0,0,0,6,6,2,12,0,0,0,1,12,33315,6,1,0,0,3,0,71,999,0,0,0,0,0,0,0,0,0,0,0,0,0,0,3,3,45,1,1,8,1,0,0,2,53,1,1,1,29,"777777777777","777777777777","777777777777",1,0
12,120948,2,2,1,22,2,15,30,12,1,1,0,12,1,49,32,49032,4,2015,"2T1BURHE3FC2","2","T","1","B","U","R","H","E","3","F","C","2",0,0,0,"000000000","00000000000",0,0,0,1,0,0,0,0,0,0,0,35,0,0,0,12,6,2,12,0,0,0,1,12,33334,6,1,0,0,3,3,63,999,0,0,0,0,0,0,0,0,0,0,0,0,0,0,3,3,45,1,1,8,1,0,0,1,52,99,1,1,28,"777777777777","777777777777","777777777777",0,0
12,120949,1,2,2,2,3,14,10,12,6,1,0,12,3,49,46,49046,5,2014,"JTDKN3DU3E18","J","T","D","K","N","3","D","U","3","E","1","8",0,0,0,"000000000","00000000000",0,0,0,1,0,0,0,0,0,1,0,20,0,0,0,63,6,2,12,0,0,0,1,12,33334,6,1,0,0,3,0,68,999,0,0,0,0,0,0,0,0,0,0,39,0,0,0,1,2,30,1,1,8,1,20,3,11,15,99,1,1,82,"777777777777","777777777777","777777777777",1,0
12,120949,2,2,1,2,3,14,10,12,6,1,0,12,1,35,47,35047,4,2007,"1N4AL21E77N4","1","N","4","A","L","2","1","E","7","7","N","4",0,0,0,"000000000","00000000000",0,0,0,1,0,0,0,0,0,0,0,35,0,0,0,12,6,2,12,0,0,0,1,12,33060,6,1,0,0,3,0,70,999,1,0,0,0,0,10,2013,10,2013,0,0,0,0,0,5,5,35,1,1,8,1,0,0,1,67,99,1,1,83,"777777777777","777777777777","777777777777",0,0
12,120950,1,1,1,12,2,21,11,1,0,1,0,12,1,72,706,72706,80,2002,"1HD1BWB172Y0","1","H","D","1","B","W","B","1","7","2","Y","0",0,0,0,"000000000","00000000000",0,0,0,1,0,0,0,0,0,0,0,45,0,0,0,0,2,3,1,0,0,0,1,12,33917,6,1,0,0,3,0,72,999,0,0,0,0,0,0,0,0,0,0,6,0,0,0,1,2,45,1,1,8,1,0,0,1,9,99,2,4,2,"777777777777","777777777777","777777777777",1,1
12,120951,1,3,1,15,2,11,20,12,6,1,0,12,1,35,43,35043,4,2013,"3N1AB7AP0DL7","3","N","1","A","B","7","A","P","0","D","L","7",0,0,0,"000000000","00000000000",0,0,0,1,0,0,0,0,0,0,0,20,0,0,0,2,6,2,12,0,0,0,1,12,34112,6,1,0,0,3,0,63,999,0,0,0,0,0,0,0,0,0,0,38,0,0,0,3,6,45,1,1,8,1,3,3,11,15,99,1,1,68,"777777777777","777777777777","777777777777",1,0
12,120951,2,3,3,15,2,11,20,12,6,1,0,12,1,20,37,20037,4,2010,"1G1ZE5EB9AF2","1","G","1","Z","E","5","E","B","9","A","F","2",0,0,0,"000000000","00000000000",0,0,0,1,0,0,0,0,0,0,0,30,0,0,0,12,6,2,12,0,0,0,1,12,34113,6,1,0,0,3,0,70,999,0,0,0,0,0,0,0,0,0,0,0,0,0,0,3,5,45,1,1,8,1,3,3,1,62,99,1,1,69,"777777777777","777777777777","777777777777",0,0
12,120951,3,3,1,15,2,11,20,12,6,1,0,12,1,23,461,23461,21,2005,"1GTFG15X7511","1","G","T","F","G","1","5","X","7","5","1","1",0,0,0,"000000000","00000000000",0,0,0,1,0,0,0,0,0,0,0,0,0,0,0,7,2,5,12,0,0,0,1,12,34102,6,1,0,0,3,3,61,999,0,0,0,0,0,0,0,0,0,0,0,0,0,0,2,2,30,1,1,8,1,3,3,5,67,1,1,1,98,"777777777777","777777777777","777777777777",0,0
12,120952,1,2,1,25,3,13,9,12,2,1,0,12,2,35,47,35047,2,2010,"1N4AL2EP4AC1","1","N","4","A","L","2","E","P","4","A","C","1",0,0,0,"000000000","00000000000",0,0,0,1,0,0,0,0,0,0,0,60,0,0,0,12,6,2,12,0,0,0,1,12,33860,6,1,0,0,3,0,68,999,0,0,0,1,0,4,2013,4,2013,0,28,0,0,0,1,2,45,1,1,8,1,0,0,1,10,99,1,2,50,"777777777777","777777777777","777777777777",1,1
12,120952,2,2,1,25,3,13,9,12,2,1,0,12,3,20,481,20481,31,2011,"1GCRCSE02BZ3","1","G","C","R","C","S","E","0","2","B","Z","3",0,0,0,"000000000","00000000000",0,0,0,1,0,0,0,0,0,0,0,45,0,0,0,12,6,2,12,0,0,0,1,12,33810,6,1,0,0,3,0,69,999,1,1,0,0,2,6,2015,7,2015,0,0,0,0,0,1,2,45,1,1,8,1,0,0,1,62,99,1,1,51,"777777777777","777777777777","777777777777",0,0