"STATE","ST_CASE","VEH_NO","VE_FORMS","NUMOCCS","DAY","MONTH","HOUR","MINUTE","HARM_EV","MAN_COLL","UNITTYPE","HIT_RUN","REG_STAT","OWNER","MAKE","MODEL","MAK_MOD","BODY_TYP","MOD_YEAR","VIN","VIN_1","VIN_2","VIN_3","VIN_4","VIN_5","VIN_6","VIN_7","VIN_8","VIN_9","VIN_10","VIN_11","VIN_12","TOW_VEH","J_KNIFE","MCARR_I1","MCARR_I2","MCARR_ID","GVWR","V_CONFIG","CARGO_BT","HAZ_INV","HAZ_PLAC","HAZ_ID","HAZ_CNO","HAZ_REL","BUS_USE","SPEC_USE","EMER_USE","TRAV_SP","UNDERIDE","ROLLOVER","ROLINLOC","IMPACT1","DEFORMED","TOWED","M_HARM","VEH_SC1","VEH_SC2","FIRE_EXP","DR_PRES","L_STATE","DR_ZIP","L_STATUS","L_TYPE","CDL_STAT","L_ENDORS","L_COMPL","L_RESTRI","DR_HGT","DR_WGT","PREV_ACC","PREV_SUS","PREV_DWI","PREV_SPD","PREV_OTH","FIRST_MO","FIRST_YR","LAST_MO","LAST_YR","SPEEDREL","DR_SF1","DR_SF2","DR_SF3","DR_SF4","VTRAFWAY","VNUM_LAN","VSPD_LIM","VALIGN","VPROFILE","VPAVETYP","VSURCOND","VTRAFCON","VTCONT_F","P_CRASH1","P_CRASH2","P_CRASH3","PCRASH4","PCRASH5","ACC_TYPE","TRLR1VIN","TRLR2VIN","TRLR3VIN","DEATHS","DR_DRINK"
12,120953,1,2,1,13,4,15,11,12,6,1,0,99,9,53,703,53703,80,2001,"JS1RF16C0121","J","S","1","R","F","1","6","C","0","1","2","1",0,0,0,"000000000","00000000000",0,0,0,1,0,0,0,0,0,0,0,30,0,0,0,4,6,2,12,0,0,0,1,12,33196,0,0,0,0,0,0,999,999,0,0,0,0,0,0,0,0,0,0,38,0,0,0,2,4,35,1,1,8,1,3,3,1,17,99,1,1,87,"777777777777","777777777777","777777777777",1,0
12,120953,2,2,1,13,4,15,11,12,6,1,0,12,1,37,31,37031,4,2010,"2HGFA1F57AH3","2","H","G","F","A","1","F","5","7","A","H","3",0,0,0,"000000000","00000000000",0,0,0,1,0,0,0,0,0,0,0,30,0,0,0,12,6,2,12,0,0,0,1,12,33190,6,1,0,0,3,3,71,999,2,1,0,0,1,6,2013,10,2015,0,0,0,0,0,2,5,35,1,1,8,1,3,3,1,66,99,1,1,86,"777777777777","777777777777","777777777777",0,0
12,120954,1,1,2,17,4,5,48,33,0,1,0,12,2,20,37,20037,4,2004,"1G1ZT52834F1","1","G","1","Z","T","5","2","8","3","4","F","1",0,0,0,"000000000","00000000000",0,0,0,1,0,0,0,0,0,0,0,998,0,0,0,98,6,2,33,0,0,0,1,12,33023,6,1,0,0,3,0,67,999,0,0,0,0,0,0,0,0,0,0,6,0,0,0,2,2,98,1,1,8,1,0,0,1,12,99,1,4,6,"777777777777","777777777777","777777777777",1,0
12,120955,1,2,1,28,4,18,44,12,6,1,0,12,1,49,32,49032,4,1998,"1NXBR12E4WZ1","1","N","X","B","R","1","2","E","4","W","Z","1",0,0,0,"000000000","00000000000",0,0,0,1,0,0,0,0,0,0,0,5,0,0,0,11,6,2,12,0,0,0,1,12,34753,6,1,0,0,3,0,65,999,0,0,0,0,0,0,0,0,0,0,39,0,0,0,2,2,35,1,1,8,1,20,3,11,15,99,1,1,82,"777777777777","777777777777","777777777777",1,0
12,120955,2,2,3,28,4,18,44,12,6,1,0,12,2,6,51,6051,4,2007,"2C3KA53G27H8","2","C","3","K","A","5","3","G","2","7","H","8",0,0,0,"000000000","00000000000",0,0,0,1,0,0,0,0,0,0,0,60,0,0,0,12,6,2,12,0,0,0,1,29,63388,6,1,0,0,3,3,76,260,0,0,0,0,0,0,0,0,0,0,0,0,0,0,2,2,55,1,1,8,1,0,0,1,67,99,1,1,83,"777777777777","777777777777","777777777777",0,0
12,120956,1,3,2,25,4,11,37,12,6,1,0,12,1,63,34,63034,4,2011,"KNAGM4A75B51","K","N","A","G","M","4","A","7","5","B","5","1",0,0,0,"000000000","00000000000",0,0,0,1,0,0,0,0,0,0,0,35,0,0,0,81,6,2,12,0,0,0,1,12,33166,6,1,0,0,3,0,71,999,0,0,0,0,0,0,0,0,0,0,39,0,0,0,2,2,35,1,1,8,1,3,3,1,17,99,1,1,87,"777777777777","777777777777","777777777777",1,0
12,120956,2,3,1,25,4,11,37,12,6,1,0,12,1,35,421,35421,15,2006,"5N1AA08A66N7","5","N","1","A","A","0","8","A","6","6","N","7",0,0,0,"000000000","00000000000",0,0,0,1,0,0,0,0,0,0,0,25,0,0,0,12,6,2,12,0,0,0,1,12,33056,6,1,6,0,3,0,72,999,0,0,0,0,0,0,0,0,0,0,0,0,0,0,3,2,35,1,1,8,1,3,3,1,66,99,1,1,86,"777777777777","777777777777","777777777777",0,0
12,120956,3,3,1,25,4,11,37,12,6,1,0,12,3,35,47,35047,4,2015,"1N4AL3AP9FN3","1","N","4","A","L","3","A","P","9","F","N","3",0,0,0,"000000000","00000000000",0,0,0,1,0,0,0,0,0,0,0,5,0,0,0,12,4,5,12,0,0,0,1,12,33185,6,1,6,0,3,0,70,999,0,0,0,0,0,0,0,0,0,0,0,0,0,0,2,2,35,1,1,8,1,3,3,1,62,99,1,1,98,"777777777777","777777777777","777777777777",0,0
12,120957,1,2,5,11,5,12,20,12,6,1,0,12,2,14,4,14004,2,1996,"1MELM6243TH6","1","M","E","L","M","6","2","4","3","T","H","6",0,0,0,"000000000","00000000000",0,0,0,1,0,0,0,0,0,0,0,25,0,0,0,3,6,2,12,0,0,0,1,12,33069,1,1,0,0,2,0,62,999,0,1,0,0,0,7,2011,7,2011,0,0,0,0,0,3,3,30,1,1,8,1,3,3,11,15,99,1,1,68,"777777777777","777777777777","777777777777",1,0
12,120957,2,2,1,11,5,12,20,12,6,1,0,12,4,30,42,30042,5,2015,"3VW4T7AU5FM0","3","V","W","4","T","7","A","U","5","F","M","0",0,0,0,"000000000","00000000000",0,0,0,1,0,0,0,0,0,0,0,30,0,0,0,12,6,2,12,0,0,0,1,12,33351,6,1,0,0,3,0,70,999,0,1,0,0,1,9,2012,3,2014,0,0,0,0,0,3,4,30,1,1,8,1,3,3,1,62,99,1,1,69,"777777777777","777777777777","777777777777",0,0
12,120958,1,1,1,14,5,0,8,9,0,1,0,12,2,20,421,20421,15,2000,"1GNCS18W3YK1","1","G","N","C","S","1","8","W","3","Y","K","1",0,0,0,"000000000","00000000000",0,0,0,1,0,0,0,0,0,0,0,998,0,0,0,12,4,3,9,0,0,0,1,12,32771,6,1,0,0,3,0,72,999,0,0,0,0,0,0,0,0,0,3,0,0,0,0,5,5,35,1,1,8,1,0,0,1,83,99,1,1,13,"777777777777","777777777777","777777777777",0,0
12,120959,1,1,1,16,5,13,43,59,0,1,0,12,2,12,21,12021,4,2007,"1FAHP25177G1","1","F","A","H","P","2","5","1","7","7","G","1",0,0,0,"000000000","00000000000",0,0,0,1,0,0,0,0,0,0,0,999,0,0,0,12,6,2,59,0,0,0,1,12,32259,6,1,6,0,3,0,74,999,0,0,0,1,0,7,2015,7,2015,0,0,0,0,0,5,5,40,1,1,8,1,0,0,1,12,99,1,4,6,"777777777777","777777777777","777777777777",1,0
12,120960,1,1,1,17,5,23,45,33,0,1,0,12,2,37,31,37031,4,2010,"2HGFA1F56AH5","2","H","G","F","A","1","F","5","6","A","H","5",0,0,0,"000000000","00000000000",0,0,0,1,0,0,0,0,0,0,0,80,0,0,0,11,6,2,43,0,0,0,1,12,33174,6,1,0,0,3,0,67,999,0,0,0,0,0,0,0,0,0,3,6,0,0,0,3,6,40,1,1,8,1,3,3,1,13,99,1,4,1,"777777777777","777777777777","777777777777",1,0
12,120961,1,1,1,13,5,11,0,52,0,1,0,12,1,2,404,2404,14,1995,"1J4FX58S6SC6","1","J","4","F","X","5","8","S","6","S","C","6",0,0,0,"000000000","00000000000",0,0,0,1,0,0,0,0,0,0,0,50,0,1,6,12,6,2,1,0,0,0,1,12,33609,6,1,0,0,3,3,70,999,0,0,0,1,0,8,2013,8,2013,0,0,0,0,0,1,2,45,1,1,8,1,0,0,1,13,99,1,4,1,"777777777777","777777777777","777777777777",1,1
12,120962,1,1,1,9,5,22,30,8,0,1,0,12,3,12,16,12016,4,2007,"2FAHP71W97X1","2","F","A","H","P","7","1","W","9","7","X","1",0,0,0,"000000000","00000000000",0,0,0,1,0,0,0,0,0,0,0,40,0,0,0,14,0,5,8,0,0,0,1,12,34984,6,1,6,0,3,0,73,999,0,0,0,0,0,0,0,0,0,0,0,0,0,0,3,2,40,1,1,8,1,0,0,1,80,99,1,1,13,"777777777777","777777777777","777777777777",0,0
12,120963,1,2,1,10,5,16,11,12,1,1,0,12,3,63,36,63036,6,2008,"KNAFG5260871","K","N","A","F","G","5","2","6","0","8","7","1",0,0,0,"000000000","00000000000",0,0,0,1,0,0,0,0,0,0,0,20,0,0,0,6,6,2,12,0,0,0,1,12,32174,6,1,0,0,3,0,65,999,0,0,0,0,2,8,2011,10,2015,0,38,0,0,0,3,2,55,3,1,8,1,0,0,10,16,99,1,1,78,"777777777777","777777777777","777777777777",0,1
12,120963,2,2,1,10,5,16,11,12,1,1,0,12,2,72,706,72706,80,2015,"1HD1GZM16FC3","1","H","D","1","G","Z","M","1","6","F","C","3",0,0,0,"000000000","00000000000",0,0,0,1,0,0,0,0,0,0,0,55,0,0,0,12,6,2,12,0,0,0,1,12,32164,6,1,0,0,3,0,69,999,0,0,0,0,0,0,0,0,0,0,0,0,0,0,3,2,55,3,1,8,1,0,0,14,70,99,1,1,79,"777777777777","777777777777","777777777777",1,0
12,120964,1,3,1,16,5,18,10,12,2,1,0,12,1,37,31,37031,4,2008,"1HGFA15588L0","1","H","G","F","A","1","5","5","8","8","L","0",0,0,0,"000000000","00000000000",0,0,0,1,0,0,0,0,0,0,0,55,0,0,0,12,6,2,12,0,0,0,1,48,77380,6,1,0,0,3,0,999,999,0,0,0,1,0,11,2014,11,2014,0,28,0,0,0,1,2,55,3,1,8,1,0,0,14,10,99,1,2,50,"777777777777","777777777777","777777777777",1,0
12,120964,2,3,1,16,5,18,10,12,2,1,0,12,1,20,404,20404,14,2011,"2CNALDEC1B64","2","C","N","A","L","D","E","C","1","B","6","4",0,0,0,"000000000","00000000000",0,0,0,1,0,0,0,0,0,0,0,55,0,0,0,12,6,2,12,0,0,0,1,12,32506,0,0,0,0,0,0,999,999,0,0,0,0,0,0,0,0,0,0,91,0,0,0,1,2,55,2,1,8,1,0,0,14,62,99,1,1,51,"777777777777","777777777777","777777777777",0,0
12,120964,3,3,1,16,5,18,10,12,2,1,0,12,1,30,40,30040,4,2008,"3VWRM71K18M0","3","V","W","R","M","7","1","K","1","8","M","0",0,0,0,"000000000","00000000000",0,0,0,1,0,0,0,0,0,0,0,55,0,0,0,81,4,5,12,0,0,0,1,12,32503,6,1,0,0,3,0,61,999,0,0,0,0,0,0,0,0,0,0,0,0,0,0,1,2,55,2,1,8,1,0,0,14,62,15,1,1,98,"777777777777","777777777777","777777777777",0,0
12,120965,1,2,1,10,5,11,50,1,0,1,0,12,1,72,706,72706,80,2007,"1HD1CX3157K4","1","H","D","1","C","X","3","1","5","7","K","4",0,0,0,"000000000","00000000000",0,0,0,1,0,0,0,0,0,0,0,50,0,0,0,0,6,2,12,0,0,0,1,12,32724,6,1,0,0,3,0,64,999,0,2,1,0,0,11,2011,12,2011,0,6,0,0,0,3,2,50,1,1,8,1,0,0,1,98,98,1,1,98,"777777777777","777777777777","777777777777",1,0
12,120965,2,2,2,10,5,11,50,1,0,1,0,12,2,42,48,42048,4,1996,"WDBJF20F3TJ0","W","D","B","J","F","2","0","F","3","T","J","0",0,0,0,"000000000","00000000000",0,0,0,1,0,0,0,0,0,0,0,10,0,0,0,6,4,3,12,0,0,0,1,12,32720,6,1,0,0,3,0,70,999,0,0,0,0,2,1,2012,2,2012,0,0,0,0,0,3,2,50,1,1,8,1,0,0,2,53,99,1,1,98,"777777777777","777777777777","777777777777",0,0
12,120966,1,3,1,30,4,21,12,9,0,1,0,12,1,12,444,12444,20,2010,"NM0LS6BNXAT0","N","M","0","L","S","6","B","N","X","A","T","0",0,0,0,"000000000","00000000000",0,0,0,1,0,0,0,0,0,0,0,45,0,0,0,2,4,5,9,0,0,0,1,12,33032,6,1,6,0,3,0,66,999,0,0,0,0,0,0,0,0,0,0,0,0,0,0,1,2,45,1,1,8,1,0,0,1,83,99,1,1,13,"777777777777","777777777777","777777777777",0,0
12,120966,2,3,1,30,4,21,12,9,0,1,0,12,1,7,402,7402,14,2002,"1B4HR48N42F1","1","B","4","H","R","4","8","N","4","2","F","1",0,0,0,"000000000","00000000000",0,0,0,1,0,0,0,0,0,0,0,45,0,0,0,14,0,5,9,0,0,0,1,12,33031,6,1,0,0,3,3,60,999,0,0,0,0,0,0,0,0,0,0,0,0,0,0,1,2,45,1,1,8,1,0,0,1,83,99,1,1,98,"777777777777","777777777777","777777777777",0,0
12,120966,3,3,3,30,4,21,12,9,0,1,0,12,1,35,50,35050,4,2012,"3N1CN7AP0CL9","3","N","1","C","N","7","A","P","0","C","L","9",0,0,0,"000000000","00000000000",0,0,0,1,0,0,0,0,0,0,0,45,0,0,0,14,4,5,9,0,0,0,1,12,33031,6,1,0,0,3,3,62,999,0,0,0,0,1,1,2014,1,2014,0,0,0,0,0,1,2,45,1,1,8,1,0,0,1,83,99,1,1,98,"777777777777","777777777777","777777777777",0,0
12,120967,1,1,3,29,4,22,0,8,0,1,1,12,1,20,421,20421,15,2015,"1GNSCCKC2FR7","1","G","N","S","C","C","K","C","2","F","R","7",0,0,0,"000000000","00000000000",0,0,0,1,0,0,0,0,0,0,0,45,0,0,0,12,4,5,8,0,0,0,1,48,75243,6,1,0,0,3,0,999,999,0,0,0,0,0,0,0,0,0,0,0,0,0,0,3,3,45,1,1,8,1,0,0,1,80,99,1,1,13,"777777777777","777777777777","777777777777",0,0
12,120968,1,2,1,12,5,18,55,12,2,1,0,12,2,63,34,63034,4,2009,"KNAGE2288953","K","N","A","G","E","2","2","8","8","9","5","3",0,0,0,"000000000","00000000000",0,0,0,1,0,0,0,0,0,0,0,70,0,0,0,12,6,2,12,0,0,0,1,12,34748,0,0,0,0,0,0,999,999,0,0,0,0,0,0,0,0,0,0,28,36,0,0,1,2,45,3,6,8,1,0,0,14,10,99,1,2,50,"777777777777","777777777777","777777777777",1,1
12,120968,2,2,1,12,5,18,55,12,2,1,0,12,1,19,421,19421,15,2009,"1GYFK23219R2","1","G","Y","F","K","2","3","2","1","9","R","2",0,0,0,"000000000","00000000000",0,0,0,1,0,0,0,0,0,0,0,40,0,1,5,12,6,2,12,0,0,0,1,12,34736,6,1,0,0,3,0,61,999,0,0,0,0,0,0,0,0,0,0,0,0,0,0,1,2,45,2,5,8,1,0,0,14,62,99,1,1,51,"777777777777","777777777777","777777777777",1,0
12,120969,1,1,7,7,5,13,56,1,0,1,0,12,1,12,401,12401,14,2002,"1FMDU73E52ZB","1","F","M","D","U","7","3","E","5","2","Z","B",0,0,0,"000000000","00000000000",0,0,0,1,0,0,0,0,0,0,0,70,0,1,1,0,6,2,1,0,0,0,1,12,34142,0,0,0,0,0,0,999,999,0,0,0,0,0,0,0,0,0,0,58,0,0,0,3,3,70,1,1,8,1,0,0,15,98,99,1,1,98,"777777777777","777777777777","777777777777",4,0
12,120970,1,3,1,10,5,2,40,12,2,1,0,12,1,13,1,13001,4,1997,"1LNLM81W9VY6","1","L","N","L","M","8","1","W","9","V","Y","6",0,0,0,"000000000","00000000000",0,0,0,1,0,0,0,0,0,0,0,60,0,0,0,12,6,2,12,0,0,0,1,12,34266,6,1,0,0,3,3,67,999,0,1,0,0,0,6,2014,6,2014,0,6,0,0,0,1,2,60,1,1,8,1,0,0,1,10,99,1,2,50,"777777777777","777777777777","777777777777",1,1
12,120970,2,3,1,10,5,2,40,12,2,1,0,12,3,84,884,84884,66,2003,"2HSCEAMR33C0","2","H","S","C","E","A","M","R","3","3","C","0",1,1,57,"2292540","572292540",3,6,98,1,0,0,0,0,0,0,0,60,0,0,0,12,6,2,41,0,0,0,1,12,33898,6,1,6,0,3,0,72,999,0,1,0,0,1,7,2013,9,2013,0,0,0,0,0,1,2,60,1,1,8,1,0,0,1,62,99,1,1,51,"5WSAA432X7N0","777777777777","777777777777",0,0
12,120970,3,3,1,10,5,2,40,12,2,1,0,12,3,82,881,82881,64,2003,"1FVABSAK43HL","1","F","V","A","B","S","A","K","4","3","H","L",0,0,57,"1071266","571071266",3,1,1,1,0,0,0,0,0,0,0,60,0,0,0,12,6,2,12,0,0,0,1,12,33993,6,1,0,0,3,0,69,999,0,0,0,1,0,1,2016,1,2016,0,0,0,0,0,1,2,60,1,1,8,1,0,0,1,62,99,1,1,98,"777777777777","777777777777","777777777777",0,0
12,120971,1,2,2,14,5,0,40,5,0,1,0,12,1,72,706,72706,80,2014,"1HD1GXM19EC3","1","H","D","1","G","X","M","1","9","E","C","3",0,0,0,"000000000","00000000000",0,0,0,1,0,0,0,0,0,0,0,40,0,0,0,0,6,2,5,0,0,0,1,12,34606,6,1,0,0,3,0,72,999,1,0,0,0,1,10,2013,12,2013,0,38,0,0,0,6,1,40,1,1,8,1,21,3,1,98,99,1,1,0,"777777777777","777777777777","777777777777",1,1
12,120971,2,2,5,14,5,0,40,5,0,1,0,1,3,7,27,7027,6,2012,"3C4PDCAB8CT2","3","C","4","P","D","C","A","B","8","C","T","2",0,0,0,"000000000","00000000000",0,0,0,1,0,0,0,0,0,0,0,40,0,0,0,12,4,5,54,0,0,0,1,12,32145,6,1,0,0,3,3,62,999,0,0,0,0,0,0,0,0,0,0,0,0,0,0,1,2,40,1,1,8,1,0,0,1,65,6,1,1,98,"777777777777","777777777777","777777777777",0,1
12,120972,1,4,1,7,5,3,20,12,1,1,0,12,1,72,706,72706,80,2013,"1HD1KGM14DB6","1","H","D","1","K","G","M","1","4","D","B","6",0,0,0,"000000000","00000000000",0,0,0,1,0,0,0,0,0,0,0,55,0,0,0,12,6,2,12,0,0,0,1,12,34691,6,1,0,0,3,0,72,999,0,0,0,0,0,0,0,0,0,0,6,0,0,0,3,4,55,1,1,8,1,0,0,1,51,99,1,1,24,"777777777777","777777777777","777777777777",1,1
12,120972,2,4,2,7,5,3,20,12,1,1,0,12,2,12,481,12481,31,2006,"1FTPX12V26NB","1","F","T","P","X","1","2","V","2","6","N","B",0,0,0,"000000000","00000000000",0,0,0,1,0,0,0,0,0,0,0,55,0,0,0,6,4,5,12,0,0,0,1,12,34689,6,1,0,0,3,0,64,999,0,0,0,0,0,0,0,0,0,0,0,0,0,0,3,4,55,1,1,8,1,0,0,1,53,99,1,1,25,"777777777777","777777777777","777777777777",0,0
12,120972,3,4,1,7,5,3,20,12,1,1,0,12,2,2,407,2407,14,2014,"1C4NJRFB3ED6","1","C","4","N","J","R","F","B","3","E","D","6",0,0,0,"000000000","00000000000",0,0,0,1,0,0,0,0,0,0,0,55,0,0,0,12,4,5,12,0,0,0,1,12,34684,6,1,0,0,3,0,65,999,0,0,0,0,0,0,0,0,0,0,0,0,0,0,3,4,55,1,1,8,1,0,0,1,50,99,1,1,98,"777777777777","777777777777","777777777777",0,0
12,120972,4,4,3,7,5,3,20,12,1,1,0,12,1,6,51,6051,4,2006,"2C3KA43R66H3","2","C","3","K","A","4","3","R","6","6","H","3",0,0,0,"000000000","00000000000",0,0,0,1,0,0,0,0,0,0,0,55,0,0,0,12,6,2,12,0,0,0,1,12,33713,6,1,0,0,3,3,72,999,0,0,0,0,0,0,0,0,0,0,0,0,0,0,3,4,55,1,1,8,1,0,0,1,50,99,1,1,98,"777777777777","777777777777","777777777777",0,0
12,120973,1,1,8,24,4,22,18,1,0,1,0,12,1,18,2,18002,4,2001,"1G4HR54K51U2","1","G","4","H","R","5","4","K","5","1","U","2",0,0,0,"000000000","00000000000",0,0,0,1,0,0,0,0,0,0,0,65,0,1,3,0,6,2,1,0,0,0,1,12,33325,6,1,0,0,3,0,67,999,0,0,0,0,1,4,2015,4,2015,0,0,0,0,0,3,4,70,1,1,8,1,0,0,1,12,99,1,4,6,"777777777777","777777777777","777777777777",3,1
12,120974,1,2,1,25,4,23,11,12,2,1,0,12,1,73,709,73709,80,1994,"JKAZX4C11RB5","J","K","A","Z","X","4","C","1","1","R","B","5",0,0,0,"000000000","00000000000",0,0,0,1,0,0,0,0,0,0,0,55,0,0,0,12,6,2,12,0,0,0,1,12,33598,6,1,0,0,3,3,69,999,0,0,0,1,0,2,2016,2,2016,0,28,0,0,0,1,2,55,1,1,8,2,0,0,15,10,99,1,2,50,"777777777777","777777777777","777777777777",1,1
12,120974,2,2,2,25,4,23,11,12,2,1,0,12,2,37,31,37031,4,2009,"2HGFA16579H5","2","H","G","F","A","1","6","5","7","9","H","5",0,0,0,"000000000","00000000000",0,0,0,1,0,0,0,0,0,0,0,55,0,0,0,12,6,2,12,0,0,0,1,12,33534,6,1,0,0,3,3,67,999,0,0,0,0,0,0,0,0,0,0,0,0,0,0,1,2,55,1,1,8,2,0,0,1,62,99,1,1,51,"777777777777","777777777777","777777777777",0,0
12,120975,1,1,1,16,5,12,45,25,0,1,0,12,1,30,40,30040,4,2012,"3VWLL7AJ3CM0","3","V","W","L","L","7","A","J","3","C","M","0",0,0,0,"000000000","00000000000",0,0,0,1,0,0,0,0,0,0,0,60,0,0,0,1,4,3,25,0,0,0,1,12,33852,6,1,0,0,3,0,72,999,0,0,0,0,0,0,0,0,0,0,6,0,0,0,3,6,60,1,1,8,1,0,0,15,13,99,1,4,1,"777777777777","777777777777","777777777777",1,0
12,120976,1,4,1,7,5,8,40,12,1,1,0,12,1,49,32,49032,4,2015,"5YFBURHE8FP2","5","Y","F","B","U","R","H","E","8","F","P","2",0,0,0,"000000000","00000000000",0,0,0,1,0,0,0,0,0,0,0,57,0,0,0,12,6,2,12,0,0,0,1,12,34746,6,1,0,0,3,0,65,999,0,4,0,2,1,6,2012,1,2016,0,6,0,0,0,3,4,45,1,1,8,1,3,3,1,50,99,1,1,20,"777777777777","777777777777","777777777777",0,1
12,120976,2,4,4,7,5,8,40,12,1,1,0,12,2,49,32,49032,4,2016,"2T1BURHE5GC5","2","T","1","B","U","R","H","E","5","G","C","5",0,0,0,"000000000","00000000000",0,0,0,1,0,0,0,0,0,0,0,0,0,0,0,6,6,2,12,0,0,0,1,12,33013,6,1,0,0,3,0,74,999,0,0,0,0,0,0,0,0,0,0,0,0,0,0,3,4,45,1,1,8,1,3,3,5,53,99,1,1,21,"777777777777","777777777777","777777777777",1,0
12,120976,3,4,4,7,5,8,40,12,1,1,0,12,4,35,443,35443,20,2016,"JN8AE2KPXG91","J","N","8","A","E","2","K","P","X","G","9","1",0,0,0,"000000000","00000000000",0,0,0,1,0,0,0,0,0,0,0,0,0,0,0,4,4,3,12,0,0,0,1,39,43311,6,1,0,0,3,0,69,205,0,0,0,1,0,9,2012,9,2012,0,0,0,0,0,3,6,45,1,1,8,1,0,0,5,53,99,1,1,98,"777777777777","777777777777","777777777777",0,0
12,120976,4,4,1,7,5,8,40,12,1,1,0,12,2,30,40,30040,4,2011,"3VWLZ7AJ8BM3","3","V","W","L","Z","7","A","J","8","B","M","3",0,0,0,"000000000","00000000000",0,0,0,1,0,0,0,0,0,0,0,0,0,0,0,6,4,3,12,0,0,0,1,34,8330,6,1,0,0,3,0,68,999,0,0,0,0,0,0,0,0,0,0,0,0,0,0,3,4,45,1,1,8,1,3,3,5,53,99,1,1,98,"777777777777","777777777777","777777777777",0,0
12,120977,1,2,1,10,5,19,20,12,1,1,0,12,1,53,706,53706,80,2007,"JS1GR7KA0721","J","S","1","G","R","7","K","A","0","7","2","1",0,0,0,"000000000","00000000000",0,0,0,1,0,0,0,0,0,0,0,70,0,0,0,12,4,5,12,0,0,0,1,12,32003,6,1,0,0,3,0,68,999,0,0,0,3,1,10,2012,12,2015,0,6,0,0,0,3,4,65,1,5,8,1,0,0,1,51,99,1,1,24,"777777777777","777777777777","777777777777",1,0
12,120977,2,2,1,10,5,19,20,12,1,1,0,12,1,73,706,73706,80,2006,"JKBZXNA136A0","J","K","B","Z","X","N","A","1","3","6","A","0",0,0,0,"000000000","00000000000",0,0,0,1,0,0,0,0,0,0,0,70,0,0,0,6,2,5,12,0,0,0,1,12,32003,6,1,0,0,3,0,71,999,0,0,0,0,0,0,0,0,0,0,0,0,0,0,3,3,65,1,5,8,1,0,0,1,53,1,1,1,25,"777777777777","777777777777","777777777777",0,0
12,120978,1,1,2,19,5,3,20,24,0,1,0,12,2,38,890,38890,61,2006,"JALB4B168670","J","A","L","B","4","B","1","6","8","6","7","0",0,0,77,"777777777","77777777777",2,2,98,1,0,0,0,0,0,0,0,70,0,0,0,12,6,2,24,0,0,0,1,12,33713,6,1,0,0,3,0,67,999,2,1,0,0,0,2,2012,11,2012,0,6,0,0,0,3,3,70,1,1,8,2,0,0,1,9,99,2,4,7,"777777777777","777777777777","777777777777",1,0
12,120979,1,1,1,14,5,21,0,8,0,1,0,12,1,12,481,12481,31,2001,"1FTRX17LX1NB","1","F","T","R","X","1","7","L","X","1","N","B",0,0,0,"000000000","00000000000",0,0,0,1,0,0,0,0,0,0,0,40,0,0,0,12,2,5,8,0,0,0,1,12,34610,6,1,0,0,3,0,67,999,0,0,0,0,0,0,0,0,0,0,0,0,0,0,3,4,45,1,1,8,1,0,0,1,80,1,1,1,13,"777777777777","777777777777","777777777777",0,0
12,120980,1,1,1,15,5,2,18,33,0,1,0,12,1,37,705,37705,80,2006,"JH2PC370X6M3","J","H","2","P","C","3","7","0","X","6","M","3",0,0,0,"000000000","00000000000",0,0,0,1,0,0,0,0,0,0,0,998,0,0,0,12,6,2,33,0,0,0,1,12,33705,6,1,0,0,3,3,73,999,0,0,0,0,1,3,2016,3,2016,0,0,0,0,0,1,4,35,1,1,8,1,0,0,1,12,99,1,4,6,"777777777777","777777777777","777777777777",1,0
12,120981,1,2,2,27,4,22,37,12,6,1,0,26,1,20,481,20481,31,1998,"2GCEK19R2W11","2","G","C","E","K","1","9","R","2","W","1","1",0,0,0,"000000000","00000000000",0,0,0,1,0,0,0,0,0,0,0,5,0,0,0,3,4,5,12,0,0,0,1,12,32822,6,1,0,0,3,0,62,999,0,0,0,0,0,0,0,0,0,0,38,0,0,0,6,2,25,3,1,8,1,0,0,11,15,99,1,1,82,"777777777777","777777777777","777777777777",0,0
12,120981,2,2,2,27,4,22,37,12,6,1,0,12,1,18,25,18025,4,2013,"1G4PR5SKXD41","1","G","4","P","R","5","S","K","X","D","4","1",0,0,0,"000000000","00000000000",0,0,0,1,0,0,0,0,0,0,0,45,0,0,0,12,6,2,30,0,0,0,1,12,32926,6,1,0,0,3,0,63,999,0,0,0,0,0,0,0,0,0,0,0,0,0,0,2,2,45,1,1,8,1,21,3,1,67,99,1,1,83,"777777777777","777777777777","777777777777",1,0
12,120982,1,1,1,12,5,21,50,8,0,1,0,12,1,12,481,12481,31,1992,"1FTDF15YXNNA","1","F","T","D","F","1","5","Y","X","N","N","A",0,0,0,"000000000","00000000000",0,0,0,1,0,0,0,0,0,0,0,45,0,0,0,12,4,5,8,0,0,0,1,12,34690,6,1,0,0,3,0,72,999,0,0,0,0,0,0,0,0,0,0,0,0,0,0,3,3,45,1,1,8,1,0,0,1,80,99,1,1,13,"777777777777","777777777777","777777777777",0,0
12,120983,1,2,1,11,5,5,50,12,2,1,0,12,1,12,461,12461,21,2005,"1FTRE14L95HB","1","F","T","R","E","1","4","L","9","5","H","B",0,0,0,"000000000","00000000000",0,0,0,1,0,0,0,0,0,0,0,60,0,1,1,12,6,2,12,0,0,0,1,12,34652,6,1,0,0,3,0,73,999,2,1,0,1,2,11,2011,1,2016,0,28,0,0,0,1,2,45,2,1,8,1,0,0,14,10,99,1,2,50,"777777777777","777777777777","777777777777",0,0