"STATE","ST_CASE","VEH_NO","VE_FORMS","NUMOCCS","DAY","MONTH","HOUR","MINUTE","HARM_EV","MAN_COLL","UNITTYPE","HIT_RUN","REG_STAT","OWNER","MAKE","MODEL","MAK_MOD","BODY_TYP","MOD_YEAR","VIN","VIN_1","VIN_2","VIN_3","VIN_4","VIN_5","VIN_6","VIN_7","VIN_8","VIN_9","VIN_10","VIN_11","VIN_12","TOW_VEH","J_KNIFE","MCARR_I1","MCARR_I2","MCARR_ID","GVWR","V_CONFIG","CARGO_BT","HAZ_INV","HAZ_PLAC","HAZ_ID","HAZ_CNO","HAZ_REL","BUS_USE","SPEC_USE","EMER_USE","TRAV_SP","UNDERIDE","ROLLOVER","ROLINLOC","IMPACT1","DEFORMED","TOWED","M_HARM","VEH_SC1","VEH_SC2","FIRE_EXP","DR_PRES","L_STATE","DR_ZIP","L_STATUS","L_TYPE","CDL_STAT","L_ENDORS","L_COMPL","L_RESTRI","DR_HGT","DR_WGT","PREV_ACC","PREV_SUS","PREV_DWI","PREV_SPD","PREV_OTH","FIRST_MO","FIRST_YR","LAST_MO","LAST_YR","SPEEDREL","DR_SF1","DR_SF2","DR_SF3","DR_SF4","VTRAFWAY","VNUM_LAN","VSPD_LIM","VALIGN","VPROFILE","VPAVETYP","VSURCOND","VTRAFCON","VTCONT_F","P_CRASH1","P_CRASH2","P_CRASH3","PCRASH4","PCRASH5","ACC_TYPE","TRLR1VIN","TRLR2VIN","TRLR3VIN","DEATHS","DR_DRINK"
12,121019,1,2,2,26,5,6,25,12,1,1,0,12,1,49,40,49040,4,2013,"4T1BF1FK0DU7","4","T","1","B","F","1","F","K","0","D","U","7",0,0,0,"000000000","00000000000",0,0,0,1,0,0,0,0,0,0,0,45,0,0,0,12,6,2,12,0,0,0,1,12,33321,6,1,0,0,3,0,70,999,2,2,0,2,1,9,2011,12,2015,0,6,0,0,0,3,4,45,1,1,8,1,0,0,1,50,99,1,1,20,"777777777777","777777777777","777777777777",1,0
12,121019,2,2,1,26,5,6,25,12,1,1,0,12,3,84,989,84989,50,2001,"1HVBRAANX1A9","1","H","V","B","R","A","A","N","X","1","A","9",0,0,88,"888888888","88888888888",3,21,22,1,0,0,0,0,1,2,0,0,0,0,0,6,4,5,12,0,0,0,1,12,33162,6,1,6,3,3,0,74,999,0,0,0,0,0,0,0,0,0,0,0,0,0,0,3,4,45,1,1,8,1,0,0,5,53,99,1,1,21,"777777777777","777777777777","777777777777",0,0
12,121020,1,1,1,20,5,3,17,59,0,1,0,12,1,18,2,18002,4,2003,"1G4HR54K33U2","1","G","4","H","R","5","4","K","3","3","U","2",0,0,0,"000000000","00000000000",0,0,0,1,0,0,0,0,0,0,0,30,0,0,0,12,6,2,42,0,0,1,1,12,32567,6,1,0,0,3,3,69,999,0,0,0,0,0,0,0,0,0,0,6,39,0,0,1,2,55,1,1,8,1,20,3,1,14,99,1,4,14,"777777777777","777777777777","777777777777",1,0
12,121021,1,1,1,16,5,2,30,1,0,1,0,12,2,7,472,7472,31,1998,"1B7GL22Y4WS6","1","B","7","G","L","2","2","Y","4","W","S","6",0,0,0,"000000000","00000000000",0,0,0,1,0,0,0,0,0,0,0,60,0,1,5,0,6,2,1,0,0,0,1,12,32024,6,1,0,0,3,3,66,999,0,0,0,0,0,0,0,0,0,3,0,0,0,0,1,2,45,2,3,8,1,0,0,14,12,7,3,4,2,"777777777777","777777777777","777777777777",1,0
12,121022,1,1,1,21,5,21,0,8,0,1,0,12,2,20,481,20481,31,2007,"1GCEC19X97Z6","1","G","C","E","C","1","9","X","9","7","Z","6",0,0,0,"000000000","00000000000",0,0,0,1,0,0,0,0,0,0,0,50,0,0,0,12,4,5,8,0,0,0,1,12,33592,6,1,0,0,3,0,68,999,0,0,0,1,0,7,2013,7,2013,0,0,0,0,0,2,3,55,1,1,8,1,0,0,1,80,99,1,1,13,"777777777777","777777777777","777777777777",0,0
12,121023,1,1,2,14,5,15,20,8,0,1,0,12,1,7,482,7482,31,1998,"1B7HC16Y6WS5","1","B","7","H","C","1","6","Y","6","W","S","5",0,0,0,"000000000","00000000000",0,0,0,1,0,0,0,0,0,0,0,10,0,0,0,12,2,5,8,0,0,0,1,12,32506,6,1,0,0,3,0,70,999,1,0,0,0,0,9,2012,9,2012,0,38,0,0,0,1,2,45,1,1,8,1,0,0,11,80,99,1,1,13,"777777777777","777777777777","777777777777",0,0
12,121024,1,2,1,23,5,22,15,12,7,1,0,12,1,37,734,37734,90,2007,"1HFTE3404740","1","H","F","T","E","3","4","0","4","7","4","0",0,0,0,"000000000","00000000000",0,0,0,1,0,0,0,0,0,0,0,30,0,1,1,1,0,5,12,0,0,0,1,12,32061,6,1,0,0,3,0,75,999,0,0,0,0,0,0,0,0,0,0,6,85,0,0,1,2,10,1,1,8,1,0,0,6,10,99,1,2,98,"777777777777","777777777777","777777777777",1,0
12,121024,2,2,2,23,5,22,15,12,7,1,0,12,1,37,733,37733,90,1989,"JH3TE1402KK1","J","H","3","T","E","1","4","0","2","K","K","1",0,0,0,"000000000","00000000000",0,0,0,1,0,0,0,0,0,0,0,10,0,0,0,11,4,5,12,0,0,0,1,12,32061,6,1,0,0,2,0,68,999,0,0,0,0,0,0,0,0,0,0,0,0,0,0,1,2,10,1,1,8,1,0,0,1,60,99,1,1,98,"777777777777","777777777777","777777777777",0,0
12,121025,1,1,1,16,2,17,10,9,0,1,1,99,9,99,999,99999,99,9999,"999999999999","9","9","9","9","9","9","9","9","9","9","9","9",0,0,0,"000000000","00000000000",0,0,0,1,0,0,0,0,0,0,0,999,0,0,0,12,9,5,9,0,0,0,1,99,99999,9,9,99,9,9,9,999,999,99,99,99,99,99,99,9999,99,9999,0,0,0,0,0,3,4,55,1,1,8,1,0,0,99,13,99,1,4,1,"777777777777","777777777777","777777777777",0,0
12,121026,1,1,2,20,5,20,15,1,0,1,0,12,2,20,481,20481,31,2000,"1GBGC24R6YF4","1","G","B","G","C","2","4","R","6","Y","F","4",0,0,0,"000000000","00000000000",0,0,0,1,0,0,0,0,0,0,0,45,0,1,5,0,6,2,42,0,0,0,1,12,32539,6,1,0,0,3,3,68,999,0,0,0,0,1,11,2015,11,2015,3,6,0,0,0,1,2,25,3,3,8,1,0,0,14,13,6,4,4,1,"777777777777","777777777777","777777777777",1,1
12,121027,1,1,2,14,5,5,21,8,0,1,0,12,1,32,43,32043,4,2005,"WAUDF68E45A4","W","A","U","D","F","6","8","E","4","5","A","4",0,0,0,"000000000","00000000000",0,0,0,1,0,0,0,0,0,0,0,50,0,0,0,12,4,3,8,0,0,0,1,12,34448,6,1,0,0,3,0,67,999,0,0,0,0,0,0,0,0,0,0,0,0,0,0,1,2,50,1,1,8,1,0,0,1,80,99,1,1,13,"777777777777","777777777777","777777777777",0,0
12,121028,1,1,1,16,5,8,55,1,0,1,0,12,1,37,706,37706,80,2006,"1HFSC49P26A4","1","H","F","S","C","4","9","P","2","6","A","4",0,0,0,"000000000","00000000000",0,0,0,1,0,0,0,0,0,0,0,45,0,0,0,0,6,2,1,0,0,0,1,12,34446,6,1,0,0,3,0,74,999,0,0,0,0,0,0,0,0,0,0,0,0,0,0,1,2,45,3,1,8,1,0,0,14,13,99,1,4,1,"777777777777","777777777777","777777777777",1,0
12,121029,1,2,1,12,5,3,31,12,1,1,0,12,2,37,32,37032,2,2014,"1HGCT2B85EA0","1","H","G","C","T","2","B","8","5","E","A","0",0,0,0,"000000000","00000000000",0,0,0,1,0,0,0,0,0,0,0,65,0,0,0,12,6,2,12,0,0,0,1,12,32073,6,1,0,0,3,0,75,999,1,2,0,0,0,1,2015,10,2015,0,6,0,0,0,3,6,65,1,1,8,1,0,0,1,51,99,1,1,24,"777777777777","777777777777","777777777777",0,0
12,121029,2,2,1,12,5,3,31,12,1,1,0,12,2,12,37,12037,5,2007,"1FAHP37N37W1","1","F","A","H","P","3","7","N","3","7","W","1",0,0,0,"000000000","00000000000",0,0,0,1,0,0,0,0,0,0,0,40,0,1,1,6,6,2,12,0,0,0,1,12,32222,6,1,0,0,3,3,62,999,0,0,0,0,0,0,0,0,0,0,0,0,0,0,3,6,65,1,1,8,1,0,0,1,53,99,1,1,25,"777777777777","777777777777","777777777777",1,0
12,121030,1,1,1,21,5,4,45,8,0,1,0,12,1,20,481,20481,31,1994,"2GBEK19K1R12","2","G","B","E","K","1","9","K","1","R","1","2",0,0,0,"000000000","00000000000",0,0,0,1,0,0,0,0,0,0,0,60,0,0,0,12,4,3,8,0,0,0,1,12,32433,6,1,0,0,3,0,68,999,0,0,0,0,0,0,0,0,0,0,85,0,0,0,1,2,55,1,1,8,1,0,0,6,12,99,1,4,13,"777777777777","777777777777","777777777777",0,0
12,121031,1,2,2,19,5,13,40,12,2,1,0,12,3,98,806,98806,62,2010,"5PVNJ8JT5A4S","5","P","V","N","J","8","J","T","5","A","4","S",0,0,1,"153003","01153003",2,2,1,1,0,0,0,0,0,0,0,45,0,0,0,12,6,2,12,0,0,0,1,12,32507,6,1,0,0,3,0,73,999,0,0,0,1,0,2,2013,2,2013,0,28,0,0,0,1,2,45,2,1,8,1,0,0,14,10,99,1,2,50,"777777777777","777777777777","777777777777",0,0
12,121031,2,2,1,19,5,13,40,12,2,1,0,12,3,51,884,51884,63,1985,"1WBMCCJD1FN1","1","W","B","M","C","C","J","D","1","F","N","1",0,0,12,"1159613","121159613",3,1,4,1,0,0,0,0,0,0,0,45,0,0,0,12,6,2,12,0,0,0,1,12,32583,6,1,6,0,3,0,72,999,1,0,0,0,2,4,2014,6,2014,0,0,0,0,0,1,2,45,3,1,8,1,0,0,14,62,99,1,1,51,"777777777777","777777777777","777777777777",1,0
12,121032,1,1,3,24,5,13,40,42,0,1,0,12,1,34,34,34034,4,2012,"WBA3A5G56CNP","W","B","A","3","A","5","G","5","6","C","N","P",0,0,0,"000000000","00000000000",0,0,0,1,0,0,0,0,0,0,0,70,0,0,0,12,6,2,42,0,0,0,1,12,32909,6,1,0,0,3,0,65,999,0,2,0,3,0,11,2011,7,2013,0,6,0,0,0,3,2,70,1,1,8,2,0,0,1,13,99,1,4,1,"777777777777","777777777777","777777777777",1,0
12,121033,1,4,3,9,5,15,58,12,1,1,0,12,2,41,54,41054,6,2012,"JM3TB2CA3C03","J","M","3","T","B","2","C","A","3","C","0","3",0,0,0,"000000000","00000000000",0,0,0,1,0,0,0,0,0,0,0,60,0,0,0,12,6,2,12,0,0,0,1,12,33884,6,1,0,0,3,0,64,999,0,0,0,0,0,0,0,0,0,0,28,0,0,0,2,3,55,1,1,8,1,0,0,1,12,99,1,4,64,"777777777777","777777777777","777777777777",1,0
12,121033,2,4,2,9,5,15,58,12,1,1,0,12,1,59,35,59035,4,2008,"JTHBK2629850","J","T","H","B","K","2","6","2","9","8","5","0",0,0,0,"000000000","00000000000",0,0,0,1,0,0,0,0,0,0,0,50,0,0,0,6,4,5,12,0,0,0,1,12,33837,6,1,0,0,3,0,68,999,0,0,0,0,1,12,2011,12,2011,0,0,0,0,0,2,3,55,1,1,8,1,0,0,1,62,99,1,1,65,"777777777777","777777777777","777777777777",0,0
12,121033,3,4,2,9,5,15,58,12,1,1,0,12,2,55,33,55033,4,2007,"5NPEU46F47H2","5","N","P","E","U","4","6","F","4","7","H","2",0,0,0,"000000000","00000000000",0,0,0,1,0,0,0,0,0,0,0,55,0,0,0,12,6,2,12,0,0,0,1,12,33881,3,1,0,0,2,3,72,999,0,0,0,0,0,0,0,0,0,0,0,0,0,0,2,3,55,1,1,8,1,0,0,1,62,99,1,1,98,"777777777777","777777777777","777777777777",1,0
12,121033,4,4,3,9,5,15,58,12,1,1,0,12,1,49,40,49040,4,2015,"4T1BF1FK8FU9","4","T","1","B","F","1","F","K","8","F","U","9",0,0,0,"000000000","00000000000",0,0,0,1,0,0,0,0,0,0,0,55,0,0,0,6,6,2,12,0,0,0,1,12,33844,6,1,0,0,3,3,67,999,1,1,0,0,1,11,2011,6,2012,0,0,0,0,0,2,3,55,1,1,8,1,0,0,1,60,99,1,1,98,"777777777777","777777777777","777777777777",0,0
12,121034,1,2,1,12,5,18,52,12,2,1,0,12,1,22,18,22018,4,2003,"1G2NF52F23C1","1","G","2","N","F","5","2","F","2","3","C","1",0,0,0,"000000000","00000000000",0,0,0,1,0,0,0,0,0,0,0,10,0,0,0,12,6,2,12,0,0,0,1,12,33771,6,1,0,0,3,0,60,999,0,0,0,0,0,0,0,0,0,0,6,0,0,0,3,4,45,1,1,8,1,3,3,11,15,99,1,1,68,"777777777777","777777777777","777777777777",0,0
12,121034,2,2,1,12,5,18,52,12,2,1,0,12,1,35,47,35047,4,2005,"1N4AL11E75C3","1","N","4","A","L","1","1","E","7","5","C","3",0,0,0,"000000000","00000000000",0,0,0,1,0,0,0,0,0,0,0,35,0,0,0,12,6,2,12,0,0,0,1,12,33771,6,1,0,0,3,3,66,999,0,0,0,0,0,0,0,0,0,0,0,0,0,0,3,4,40,1,1,8,1,3,3,1,62,99,1,1,69,"777777777777","777777777777","777777777777",1,0
12,121035,1,1,1,26,5,7,59,15,0,1,0,12,1,49,401,49401,14,1999,"JT3GN86R7X01","J","T","3","G","N","8","6","R","7","X","0","1",0,0,0,"000000000","00000000000",0,0,0,1,0,0,0,0,0,0,0,30,0,0,0,12,4,3,15,0,0,0,1,12,32905,6,1,0,0,3,0,62,999,0,0,0,0,0,0,0,0,0,0,0,0,0,0,2,3,45,1,1,8,1,0,0,1,83,99,1,1,13,"777777777777","777777777777","777777777777",0,0
12,121036,1,1,3,6,5,1,30,32,0,1,0,12,1,12,481,12481,31,1999,"1FTSW31F8XED","1","F","T","S","W","3","1","F","8","X","E","D",0,0,0,"000000000","00000000000",0,0,0,1,0,0,0,0,0,0,0,25,0,1,5,11,6,2,1,0,0,0,1,12,34223,6,1,0,0,3,0,73,999,0,1,0,0,0,11,2015,11,2015,0,6,0,0,0,1,2,45,1,1,8,1,0,0,1,13,6,3,4,2,"777777777777","777777777777","777777777777",1,1
12,121037,1,1,1,20,5,21,50,3,0,1,0,12,2,54,421,54421,15,2003,"2HNYD18293H5","2","H","N","Y","D","1","8","2","9","3","H","5",0,0,0,"000000000","00000000000",0,0,0,1,0,0,0,0,0,0,0,45,0,0,0,0,6,2,3,0,0,0,1,12,33020,6,1,0,0,3,3,65,999,0,1,0,0,0,2,2014,2,2014,0,58,0,0,0,1,2,45,1,1,8,1,0,0,1,13,6,3,4,0,"777777777777","777777777777","777777777777",1,0
12,121038,1,2,1,17,5,22,17,12,2,1,0,12,1,49,52,49052,5,2008,"JTKKU10468J0","J","T","K","K","U","1","0","4","6","8","J","0",0,0,0,"000000000","00000000000",0,0,0,1,0,0,0,0,0,0,0,55,0,0,0,12,6,2,12,0,0,0,1,12,32344,6,1,0,0,3,3,68,999,0,0,0,1,0,9,2012,9,2012,0,28,0,0,0,1,2,55,1,1,8,2,0,0,1,10,99,1,2,50,"777777777777","777777777777","777777777777",1,1
12,121038,2,2,1,17,5,22,17,12,2,1,0,12,1,37,402,37402,14,2005,"JHLRD685X5C0","J","H","L","R","D","6","8","5","X","5","C","0",0,0,0,"000000000","00000000000",0,0,0,1,0,0,0,0,0,0,0,55,0,0,0,12,6,2,12,0,0,0,1,12,32309,6,1,0,0,3,3,75,999,0,0,0,0,0,0,0,0,0,0,0,0,0,0,1,2,55,1,1,8,2,0,0,1,62,99,1,1,51,"777777777777","777777777777","777777777777",0,1
12,121039,1,2,2,19,5,20,48,12,1,1,0,12,2,20,422,20422,15,2010,"1GNUKKE36AR1","1","G","N","U","K","K","E","3","6","A","R","1",0,0,0,"000000000","00000000000",0,0,0,1,0,0,0,0,0,0,0,55,0,0,0,12,2,3,12,0,0,0,1,12,34266,6,1,0,0,3,3,67,999,0,1,0,0,0,4,2014,4,2014,0,6,0,0,0,3,2,55,1,1,8,1,0,0,1,52,99,1,1,28,"777777777777","777777777777","777777777777",0,0
12,121039,2,2,2,19,5,20,48,12,1,1,0,12,1,72,706,72706,80,2016,"1HD1BFV18GB0","1","H","D","1","B","F","V","1","8","G","B","0",0,0,0,"000000000","00000000000",0,0,0,1,0,0,0,0,0,0,0,25,0,0,0,6,6,2,12,0,0,0,1,12,33954,6,1,6,0,3,0,71,999,0,0,0,0,0,0,0,0,0,0,0,0,0,0,3,2,55,1,1,8,1,0,0,2,53,1,1,1,29,"777777777777","777777777777","777777777777",1,1
12,121040,1,1,1,13,5,4,40,33,0,1,0,55,2,76,709,76709,80,1982,"4X7227960","4","X","7","2","2","7","9","6","0","","","",0,0,0,"000000000","00000000000",0,0,0,1,0,0,0,0,0,0,0,60,0,0,0,12,6,2,41,0,0,0,1,55,53566,6,1,0,0,3,3,73,999,0,2,0,0,3,1,2012,1,2012,0,0,0,0,0,3,3,45,1,1,8,1,3,3,1,13,99,1,4,1,"777777777777","777777777777","777777777777",1,1
12,121041,1,1,2,19,5,13,40,9,0,1,0,12,2,20,37,20037,4,2003,"1G1NE52J13M6","1","G","1","N","E","5","2","J","1","3","M","6",0,0,0,"000000000","00000000000",0,0,0,1,0,0,0,0,0,0,0,69,0,0,0,12,4,3,9,0,0,0,1,12,33917,6,1,0,0,3,3,69,999,0,0,0,0,0,0,0,0,0,3,0,0,0,0,5,7,45,2,1,8,1,0,0,14,83,9,1,1,13,"777777777777","777777777777","777777777777",0,0
12,121042,1,1,1,26,5,23,30,42,0,1,0,12,2,20,421,20421,15,2003,"1GNEC13V23J2","1","G","N","E","C","1","3","V","2","3","J","2",0,0,0,"000000000","00000000000",0,0,0,1,0,0,0,0,0,0,0,60,0,0,0,12,6,2,42,0,0,0,1,12,32438,6,1,0,0,3,0,69,999,0,0,0,0,0,0,0,0,0,0,0,0,0,0,1,2,60,1,1,8,1,0,0,1,13,99,1,4,1,"777777777777","777777777777","777777777777",1,0
12,121043,1,3,1,5,5,16,50,1,0,1,0,12,2,73,705,73705,80,2009,"JKAZX4R179A0","J","K","A","Z","X","4","R","1","7","9","A","0",0,0,0,"000000000","00000000000",0,0,0,1,0,0,0,0,0,0,0,85,0,0,0,0,6,2,12,0,0,0,1,12,33020,6,1,0,0,3,0,72,999,0,0,0,0,0,0,0,0,0,4,0,0,0,0,3,6,65,1,1,8,1,0,0,1,98,99,1,1,98,"777777777777","777777777777","777777777777",1,0
12,121043,2,3,1,5,5,16,50,1,0,1,0,12,2,6,51,6051,4,2008,"2C3LA53G38H2","2","C","3","L","A","5","3","G","3","8","H","2",0,0,0,"000000000","00000000000",0,0,0,1,0,0,0,0,0,0,0,45,0,0,0,6,4,5,12,0,0,0,1,12,33179,6,1,0,0,3,3,62,999,0,0,0,0,0,0,0,0,0,0,0,0,0,0,3,6,65,1,1,8,1,0,0,1,53,1,1,1,98,"777777777777","777777777777","777777777777",0,0
12,121043,3,3,1,5,5,16,50,1,0,1,0,12,3,82,883,82883,66,2001,"1FUJAPCG11PH","1","F","U","J","A","P","C","G","1","1","P","H",1,1,12,"1443226","121443226",3,6,1,1,0,0,0,0,0,0,0,50,0,0,0,13,0,5,12,0,0,0,1,12,33056,6,1,6,0,3,0,73,999,0,1,0,1,0,10,2012,11,2014,0,0,0,0,0,3,6,65,1,1,8,1,0,0,1,53,1,1,1,98,"1UYVS25302U5","777777777777","777777777777",0,0
12,121044,1,2,2,24,5,9,1,12,2,1,0,12,2,49,40,49040,4,2011,"4T1BF3EK6BU7","4","T","1","B","F","3","E","K","6","B","U","7",0,0,0,"000000000","00000000000",0,0,0,1,0,0,0,0,0,0,0,50,0,0,0,12,6,2,12,0,0,0,1,12,34772,6,1,0,0,3,0,70,999,1,1,0,1,1,5,2013,10,2015,0,28,0,0,0,1,2,50,1,1,8,1,0,0,1,10,99,1,2,50,"777777777777","777777777777","777777777777",1,0
12,121044,2,2,1,24,5,9,1,12,2,1,0,12,3,35,446,35446,20,2015,"3N6CM0KN4FK7","3","N","6","C","M","0","K","N","4","F","K","7",0,0,0,"000000000","00000000000",0,0,0,1,0,0,0,0,0,0,0,50,0,0,0,12,6,2,12,0,0,0,1,12,34744,6,1,0,0,3,0,68,999,0,0,0,0,0,0,0,0,0,0,0,0,0,0,1,2,50,1,1,8,1,0,0,1,62,99,1,1,51,"777777777777","777777777777","777777777777",0,0
12,121045,1,1,1,17,5,22,10,8,0,1,0,12,2,49,442,49442,20,2007,"5TDZK23C47S0","5","T","D","Z","K","2","3","C","4","7","S","0",0,0,0,"000000000","00000000000",0,0,0,1,0,0,0,0,0,0,0,45,0,0,0,12,6,2,8,0,0,0,1,12,33974,6,1,6,3,3,3,68,999,0,0,0,1,0,12,2014,12,2014,0,0,0,0,0,1,2,40,1,1,8,2,0,0,6,10,99,1,2,13,"777777777777","777777777777","777777777777",0,0
12,121046,1,1,3,15,5,12,50,42,0,1,0,12,1,23,481,23481,31,1995,"2GTEC19Z4S15","2","G","T","E","C","1","9","Z","4","S","1","5",0,0,0,"000000000","00000000000",0,0,0,1,0,0,0,0,0,0,0,35,0,0,0,12,6,2,42,0,0,0,1,12,32621,6,1,0,0,3,0,74,999,0,0,0,1,0,3,2012,3,2012,0,58,0,0,0,4,1,35,1,1,5,1,0,0,1,13,6,1,4,6,"777777777777","777777777777","777777777777",1,1
12,121047,1,1,2,24,4,14,34,5,0,1,0,12,1,49,472,49472,30,2011,"3TMJU4GN0BM1","3","T","M","J","U","4","G","N","0","B","M","1",6,0,0,"000000000","00000000000",0,0,0,1,0,0,0,0,0,0,0,35,0,0,0,0,0,5,5,0,0,0,1,12,32907,6,1,0,0,3,3,61,999,0,0,0,0,0,0,0,0,0,0,0,0,0,0,3,3,45,1,1,2,1,0,0,1,98,7,1,2,0,"777777777777","777777777777","777777777777",1,0
12,121049,1,1,2,17,5,6,23,3,0,1,0,12,1,12,17,12017,4,2006,"1FAFP53U56A1","1","F","A","F","P","5","3","U","5","6","A","1",0,0,0,"000000000","00000000000",0,0,0,1,0,0,0,0,0,0,0,25,0,0,0,0,6,2,3,0,0,0,1,12,33440,6,1,0,0,3,3,75,999,0,0,0,0,0,0,0,0,0,0,0,0,0,0,1,2,30,2,1,8,1,0,0,14,12,99,1,4,0,"777777777777","777777777777","777777777777",2,0
12,121050,1,1,1,23,5,23,9,11,0,1,0,12,1,98,703,98703,80,2013,"LHJTLKBR4DB9","L","H","J","T","L","K","B","R","4","D","B","9",0,0,0,"000000000","00000000000",0,0,0,1,0,0,0,0,0,0,0,30,0,0,0,12,6,2,11,0,0,0,1,12,33549,6,1,0,0,3,0,73,999,0,0,0,0,0,0,0,0,0,0,0,0,0,0,1,2,30,1,1,8,1,0,0,1,87,99,1,1,13,"777777777777","777777777777","777777777777",1,0
12,121051,1,1,1,29,4,0,31,33,0,1,0,12,2,53,705,53705,80,2003,"JS1VP53A7321","J","S","1","V","P","5","3","A","7","3","2","1",0,0,0,"000000000","00000000000",0,0,0,1,0,0,0,0,0,0,0,55,0,0,0,12,6,2,33,0,0,0,1,12,33825,6,1,6,0,3,0,71,999,0,0,0,0,1,1,2014,1,2014,0,0,0,0,0,5,5,45,1,1,8,2,0,0,1,13,99,1,4,1,"777777777777","777777777777","777777777777",1,1
12,121052,1,1,1,24,4,22,4,9,0,1,1,99,9,99,999,99999,99,9999,"999999999999","9","9","9","9","9","9","9","9","9","9","9","9",0,0,0,"000000000","00000000000",0,0,0,1,0,0,0,0,0,0,0,998,0,0,0,12,9,5,9,0,0,0,1,99,99999,9,9,99,9,9,9,999,999,99,99,99,99,99,99,9999,99,9999,0,0,0,0,0,1,2,45,1,1,8,1,0,0,1,83,99,1,1,13,"777777777777","777777777777","777777777777",0,0
12,121053,1,1,3,6,5,7,41,9,0,1,0,12,3,38,898,38898,61,2006,"JALE5B169679","J","A","L","E","5","B","1","6","9","6","7","9",1,1,57,"2576292","572576292",2,4,97,1,0,0,0,0,0,0,0,40,0,0,0,1,4,5,9,0,0,0,1,12,33971,6,1,0,0,2,0,69,999,0,0,0,0,0,0,0,0,0,0,0,0,0,0,3,4,45,1,1,8,1,3,3,1,83,99,1,1,13,"53KH71622BF0","777777777777","777777777777",0,0
12,121054,1,1,1,16,5,16,2,8,0,1,0,12,1,30,40,30040,4,2007,"3VWEF71K57M0","3","V","W","E","F","7","1","K","5","7","M","0",0,0,0,"000000000","00000000000",0,0,0,1,0,0,0,0,0,0,0,5,0,0,0,6,4,5,8,0,0,0,1,12,34119,6,1,0,0,3,0,70,999,0,1,0,0,0,1,2016,1,2016,0,31,0,0,0,1,2,15,1,1,8,1,0,0,13,80,99,1,1,98,"777777777777","777777777777","777777777777",0,0
12,121055,1,1,1,12,5,8,49,8,0,1,0,12,2,14,6,14006,4,1999,"2MEFM75W9XX6","2","M","E","F","M","7","5","W","9","X","X","6",0,0,0,"000000000","00000000000",0,0,0,1,0,0,0,0,0,0,0,43,0,0,0,12,6,2,8,0,0,0,1,12,34473,6,1,0,0,3,0,75,999,0,0,0,0,0,0,0,0,0,0,0,0,0,0,3,2,45,1,1,8,1,0,0,1,13,99,1,4,1,"777777777777","777777777777","777777777777",0,0
12,121056,1,2,1,23,5,18,29,12,1,1,0,12,1,14,6,14006,4,2003,"2MEFM74WX3X7","2","M","E","F","M","7","4","W","X","3","X","7",0,0,0,"000000000","00000000000",0,0,0,1,0,0,0,0,0,0,0,65,0,0,0,12,6,2,12,0,0,0,1,12,32128,6,1,0,0,3,0,79,999,0,0,0,0,0,0,0,0,0,0,6,0,0,0,3,4,45,1,1,8,1,0,0,1,51,99,1,1,24,"777777777777","777777777777","777777777777",0,0
12,121056,2,2,1,23,5,18,29,12,1,1,0,12,1,20,421,20421,15,2002,"1GNEC13Z92R2","1","G","N","E","C","1","3","Z","9","2","R","2",0,0,0,"000000000","00000000000",0,0,0,1,0,0,0,0,0,0,0,45,0,1,1,6,6,2,12,0,0,0,1,12,32164,6,1,0,0,3,0,61,999,0,0,0,0,0,0,0,0,0,0,0,0,0,0,3,4,45,1,1,8,1,0,0,1,53,1,1,1,25,"777777777777","777777777777","777777777777",0,0
12,121057,1,2,1,29,5,6,36,12,6,1,0,12,2,35,39,35039,4,2002,"JN1DA31D52T4","J","N","1","D","A","3","1","D","5","2","T","4",0,0,0,"000000000","00000000000",0,0,0,1,0,0,0,0,0,0,0,65,0,0,0,12,6,2,12,0,0,0,1,97,0,9,9,99,9,9,9,999,999,99,99,99,99,99,99,9999,99,9999,0,6,0,0,0,3,3,45,1,1,8,1,0,0,1,10,99,1,2,48,"777777777777","777777777777","777777777777",1,0
12,121057,2,2,1,29,5,6,36,12,6,1,0,12,1,59,34,59034,4,1998,"JT8BD68S6W00","J","T","8","B","D","6","8","S","6","W","0","0",0,0,0,"000000000","00000000000",0,0,0,1,0,0,0,0,0,0,0,60,0,0,0,81,6,2,12,0,0,0,1,12,33309,6,1,0,0,3,0,68,999,0,2,0,0,0,2,2013,6,2013,0,0,0,0,0,3,3,45,1,1,8,1,0,0,1,61,99,1,1,48,"777777777777","777777777777","777777777777",0,0
12,121059,1,1,1,22,5,12,14,1,0,1,0,12,1,37,705,37705,80,2006,"JH2PC37046M3","J","H","2","P","C","3","7","0","4","6","M","3",0,0,0,"000000000","00000000000",0,0,0,1,0,0,0,0,0,0,0,86,0,0,0,0,6,2,24,0,0,0,1,12,32837,6,1,0,0,2,0,67,999,0,0,0,0,0,0,0,0,0,3,6,0,0,0,3,3,65,1,1,8,1,0,0,1,98,99,1,1,98,"777777777777","777777777777","777777777777",1,0
12,121060,1,2,1,16,5,9,55,12,6,1,0,12,2,12,401,12401,14,1997,"1FMDU32E7VUB","1","F","M","D","U","3","2","E","7","V","U","B",0,0,0,"000000000","00000000000",0,0,0,1,0,0,0,0,0,0,0,40,0,1,5,9,6,2,1,0,0,0,1,12,32259,6,1,0,0,3,3,73,999,0,0,0,0,0,0,0,0,0,0,28,0,0,0,1,2,45,1,1,8,1,0,0,98,10,7,1,2,64,"777777777777","777777777777","777777777777",1,0