"STATE","ST_CASE","VEH_NO","VE_FORMS","NUMOCCS","DAY","MONTH","HOUR","MINUTE","HARM_EV","MAN_COLL","UNITTYPE","HIT_RUN","REG_STAT","OWNER","MAKE","MODEL","MAK_MOD","BODY_TYP","MOD_YEAR","VIN","VIN_1","VIN_2","VIN_3","VIN_4","VIN_5","VIN_6","VIN_7","VIN_8","VIN_9","VIN_10","VIN_11","VIN_12","TOW_VEH","J_KNIFE","MCARR_I1","MCARR_I2","MCARR_ID","GVWR","V_CONFIG","CARGO_BT","HAZ_INV","HAZ_PLAC","HAZ_ID","HAZ_CNO","HAZ_REL","BUS_USE","SPEC_USE","EMER_USE","TRAV_SP","UNDERIDE","ROLLOVER","ROLINLOC","IMPACT1","DEFORMED","TOWED","M_HARM","VEH_SC1","VEH_SC2","FIRE_EXP","DR_PRES","L_STATE","DR_ZIP","L_STATUS","L_TYPE","CDL_STAT","L_ENDORS","L_COMPL","L_RESTRI","DR_HGT","DR_WGT","PREV_ACC","PREV_SUS","PREV_DWI","PREV_SPD","PREV_OTH","FIRST_MO","FIRST_YR","LAST_MO","LAST_YR","SPEEDREL","DR_SF1","DR_SF2","DR_SF3","DR_SF4","VTRAFWAY","VNUM_LAN","VSPD_LIM","VALIGN","VPROFILE","VPAVETYP","VSURCOND","VTRAFCON","VTCONT_F","P_CRASH1","P_CRASH2","P_CRASH3","PCRASH4","PCRASH5","ACC_TYPE","TRLR1VIN","TRLR2VIN","TRLR3VIN","DEATHS","DR_DRINK"
12,121060,2,2,4,16,5,9,55,12,6,1,0,12,2,12,481,12481,31,2008,"1FTWW33R98EA","1","F","T","W","W","3","3","R","9","8","E","A",1,1,0,"000000000","00000000000",0,0,0,1,0,0,0,0,0,0,0,45,0,0,0,12,6,2,12,0,0,0,1,12,32277,6,1,0,0,3,0,73,999,1,0,0,0,0,2,2012,2,2012,0,0,0,0,0,1,2,45,1,1,8,1,0,0,1,62,99,1,1,65,"1a9uu165xg18","777777777777","777777777777",0,0
12,121061,1,1,2,21,5,1,50,8,0,1,1,12,4,20,37,20037,4,2016,"1G1ZE5ST0GF2","1","G","1","Z","E","5","S","T","0","G","F","2",0,0,0,"000000000","00000000000",0,0,0,1,0,0,0,0,0,0,0,45,0,0,0,12,4,3,8,0,0,0,1,12,32550,1,1,0,0,2,0,71,999,0,6,0,7,0,5,2012,10,2015,0,6,0,0,0,2,2,45,1,1,8,1,0,0,1,80,99,1,1,13,"777777777777","777777777777","777777777777",0,0
12,121062,1,2,1,19,5,19,35,12,6,1,0,12,1,49,32,49032,4,2015,"5YFBURHE7FP2","5","Y","F","B","U","R","H","E","7","F","P","2",0,0,0,"000000000","00000000000",0,0,0,1,0,0,0,0,0,0,0,15,0,0,0,3,6,2,12,0,0,0,1,12,33689,6,1,0,0,3,3,60,999,0,0,0,0,0,0,0,0,0,0,0,0,0,0,3,2,45,1,1,8,1,0,0,11,63,99,1,1,68,"777777777777","777777777777","777777777777",0,0
12,121062,2,2,1,19,5,19,35,12,6,1,0,12,1,53,706,53706,80,2006,"JS1GT76A4621","J","S","1","G","T","7","6","A","4","6","2","1",0,0,0,"000000000","00000000000",0,0,0,1,0,0,0,0,0,0,0,83,0,0,0,12,6,2,12,0,0,0,1,12,33619,6,1,0,0,3,0,67,999,0,2,0,0,0,8,2014,9,2015,4,6,0,0,0,3,2,45,1,1,8,1,0,0,1,17,99,1,1,69,"777777777777","777777777777","777777777777",1,0
12,121063,1,2,1,19,5,18,20,12,1,1,0,12,1,37,706,37706,80,2006,"JH2SC57096M2","J","H","2","S","C","5","7","0","9","6","M","2",0,0,0,"000000000","00000000000",0,0,0,1,0,0,0,0,0,0,0,70,0,0,0,12,6,2,12,0,0,0,1,12,33617,6,1,0,0,3,3,70,999,0,0,0,1,0,6,2013,6,2013,0,6,0,0,0,6,1,70,1,1,8,1,0,0,1,52,99,1,1,28,"777777777777","777777777777","777777777777",1,0
12,121063,2,2,1,19,5,18,20,12,1,1,0,12,2,55,401,55401,14,2014,"5XYZT3LB7EG1","5","X","Y","Z","T","3","L","B","7","E","G","1",0,0,0,"000000000","00000000000",0,0,0,1,0,0,0,0,0,0,0,5,0,0,0,6,6,2,12,0,0,0,1,12,33584,6,1,0,0,3,3,67,999,0,0,0,0,0,0,0,0,0,0,0,0,0,0,6,1,70,1,1,8,1,0,0,2,53,99,1,1,29,"777777777777","777777777777","777777777777",0,0
12,121064,1,2,6,24,5,11,38,24,0,1,0,12,1,20,401,20401,14,2005,"1GNDT13SX521","1","G","N","D","T","1","3","S","X","5","2","1",0,0,0,"000000000","00000000000",0,0,0,1,0,0,0,0,0,0,0,70,0,1,1,12,6,2,12,0,0,0,1,12,33150,6,1,0,0,3,0,63,999,0,0,0,0,0,0,0,0,0,0,0,0,0,0,3,2,70,1,1,8,1,0,0,1,1,99,1,4,1,"777777777777","777777777777","777777777777",2,0
12,121064,2,2,1,24,5,11,38,24,0,1,0,12,3,82,881,82881,64,1999,"1FV6HLCA3XHB","1","F","V","6","H","L","C","A","3","X","H","B",5,0,12,"2432385","122432385",3,1,3,1,0,0,0,0,0,0,0,62,0,0,0,12,6,2,12,0,0,0,1,12,34953,6,1,6,0,3,0,68,999,0,0,0,0,0,0,0,0,0,0,0,0,0,0,3,2,70,1,1,8,1,0,0,1,61,6,1,2,98,"777777777777","777777777777","777777777777",0,0
12,121065,1,1,1,29,5,23,33,33,0,1,0,12,1,72,706,72706,80,2007,"1HD1GX4177K3","1","H","D","1","G","X","4","1","7","7","K","3",0,0,0,"000000000","00000000000",0,0,0,1,0,0,0,0,0,0,0,50,0,0,0,12,6,2,33,0,0,0,1,12,33406,6,1,0,0,3,3,70,999,0,0,0,0,0,0,0,0,0,0,6,0,0,0,3,3,45,1,1,8,1,0,0,1,12,99,1,4,6,"777777777777","777777777777","777777777777",1,0
12,121066,1,5,2,22,3,7,52,33,0,1,0,12,2,49,401,49401,14,2004,"JTEZU14R7400","J","T","E","Z","U","1","4","R","7","4","0","0",0,0,0,"000000000","00000000000",0,0,0,1,0,0,0,0,0,0,0,45,0,0,0,12,6,2,12,0,0,0,1,12,34234,0,0,0,0,0,0,999,999,0,0,0,0,0,0,0,0,0,0,0,0,0,0,2,3,45,1,1,8,1,0,0,1,12,99,1,4,6,"777777777777","777777777777","777777777777",0,0
12,121066,2,5,1,22,3,7,52,33,0,1,0,12,1,54,44,54044,4,2016,"19UUB1F50GA0","1","9","U","U","B","1","F","5","0","G","A","0",0,0,0,"000000000","00000000000",0,0,0,1,0,0,0,0,0,0,0,45,0,0,0,9,6,2,12,0,0,0,1,12,34291,6,1,0,0,3,0,67,999,0,0,0,0,0,0,0,0,0,0,0,0,0,0,2,3,45,1,1,8,1,0,0,1,62,99,1,1,98,"777777777777","777777777777","777777777777",1,0
12,121066,3,5,1,22,3,7,52,33,0,1,0,12,1,42,42,42042,2,2002,"WDBRN47J62A2","W","D","B","R","N","4","7","J","6","2","A","2",0,0,0,"000000000","00000000000",0,0,0,1,0,0,0,0,0,0,0,45,0,0,0,13,6,2,12,0,0,0,1,12,33954,6,1,0,0,3,0,70,999,0,0,0,2,0,3,2014,5,2015,0,0,0,0,0,2,3,45,1,1,8,1,0,0,1,62,99,1,1,98,"777777777777","777777777777","777777777777",0,0
12,121066,4,5,1,22,3,7,52,33,0,1,0,12,2,14,401,14401,14,2004,"4M2ZU66K74UJ","4","M","2","Z","U","6","6","K","7","4","U","J",0,0,0,"000000000","00000000000",0,0,0,1,0,0,0,0,0,0,0,45,0,0,0,12,6,2,12,0,0,0,1,12,34266,6,1,0,0,3,0,71,999,0,0,0,0,0,0,0,0,0,0,0,0,0,0,2,3,45,1,1,8,1,0,0,1,62,99,1,1,98,"777777777777","777777777777","777777777777",0,0
12,121066,5,5,1,22,3,7,52,33,0,1,0,12,1,12,23,12023,4,2016,"3FA6P0HD3GR1","3","F","A","6","P","0","H","D","3","G","R","1",0,0,0,"000000000","00000000000",0,0,0,1,0,0,0,0,0,0,0,45,0,0,0,12,2,5,54,0,0,0,1,12,33981,6,1,0,0,3,0,68,999,1,0,0,0,1,9,2015,11,2015,0,0,0,0,0,2,3,45,1,1,8,1,0,0,1,98,99,1,1,98,"777777777777","777777777777","777777777777",0,0
12,121067,1,3,2,6,5,9,0,12,6,1,0,12,1,12,461,12461,21,2003,"1FTNE24L63HA","1","F","T","N","E","2","4","L","6","3","H","A",0,0,0,"000000000","00000000000",0,0,0,1,0,0,0,0,0,0,0,55,0,0,0,12,6,2,12,0,0,0,1,12,32068,6,1,0,0,3,0,69,999,0,0,0,2,0,2,2016,2,2016,0,28,0,0,0,1,2,55,1,1,8,1,0,0,1,10,99,1,2,64,"777777777777","777777777777","777777777777",0,0
12,121067,2,3,1,6,5,9,0,12,6,1,0,12,1,12,481,12481,31,2000,"1FTNF21F7YEC","1","F","T","N","F","2","1","F","7","Y","E","C",1,1,0,"000000000","00000000000",0,0,0,1,0,0,0,0,0,0,0,55,0,0,0,9,6,2,12,0,0,0,1,12,32234,6,1,0,0,3,0,76,999,0,0,0,0,0,0,0,0,0,0,0,0,0,0,1,2,55,1,1,8,1,0,0,1,62,7,1,1,65,"1B9BE2225XJ5","777777777777","777777777777",0,0
12,121067,3,3,1,6,5,9,0,12,6,1,0,12,1,52,46,52046,4,2003,"JA3AJ26E73U0","J","A","3","A","J","2","6","E","7","3","U","0",0,0,0,"000000000","00000000000",0,0,0,1,0,0,0,0,0,0,0,55,0,0,0,12,6,2,12,0,0,0,1,12,32073,6,1,0,0,3,0,64,999,1,0,0,0,2,4,2014,1,2015,0,0,0,0,0,1,2,55,1,1,8,1,0,0,1,62,7,1,4,98,"777777777777","777777777777","777777777777",1,0
12,121068,1,1,2,22,5,20,25,1,0,1,0,12,9,7,482,7482,31,1999,"1B7HC13Z6XJ5","1","B","7","H","C","1","3","Z","6","X","J","5",0,0,0,"000000000","00000000000",0,0,0,1,0,0,0,0,0,0,0,60,0,1,5,0,6,2,1,0,0,0,1,99,99999,9,9,99,9,9,9,999,999,99,99,99,99,99,99,9999,99,9999,9,0,0,0,0,1,2,60,1,1,8,1,0,0,1,13,6,3,4,2,"777777777777","777777777777","777777777777",1,0
12,121069,1,1,1,18,5,1,15,8,0,1,1,12,1,55,33,55033,4,2006,"5NPEU46F86H1","5","N","P","E","U","4","6","F","8","6","H","1",0,0,0,"000000000","00000000000",0,0,0,1,0,0,0,0,0,0,0,55,0,0,0,12,4,5,8,0,0,0,1,12,34472,1,1,0,0,2,0,63,999,0,1,0,1,2,3,2015,2,2016,0,6,0,0,0,2,4,55,1,1,8,2,0,0,1,80,99,1,1,13,"777777777777","777777777777","777777777777",0,0
12,121070,1,3,1,28,5,16,5,12,6,1,0,12,1,20,461,20461,21,2003,"1GCGG29U2312","1","G","C","G","G","2","9","U","2","3","1","2",0,0,0,"000000000","00000000000",0,0,0,1,0,0,0,0,0,0,0,15,0,0,0,11,6,2,12,0,0,0,1,12,33613,6,1,0,0,3,3,70,999,0,0,0,0,0,0,0,0,0,0,0,0,0,0,5,4,45,1,1,8,1,0,0,11,15,99,1,1,82,"777777777777","777777777777","777777777777",0,0
12,121070,2,3,1,28,5,16,5,12,6,1,0,12,1,73,705,73705,80,2009,"JKAZX4R109A0","J","K","A","Z","X","4","R","1","0","9","A","0",0,0,0,"000000000","00000000000",0,0,0,1,0,0,0,0,0,0,0,114,0,0,0,12,6,2,12,0,0,0,1,12,34744,6,1,0,0,3,0,65,999,1,0,0,0,1,6,2015,4,2016,3,0,0,0,0,5,4,45,1,1,8,1,0,0,1,67,6,1,1,83,"777777777777","777777777777","777777777777",1,0
12,121070,3,3,1,28,5,16,5,12,6,1,0,12,1,73,705,73705,80,2007,"JKAZX4P157A0","J","K","A","Z","X","4","P","1","5","7","A","0",0,0,0,"000000000","00000000000",0,0,0,1,0,0,0,0,0,0,0,114,0,0,0,12,6,2,12,0,0,0,1,12,34746,6,1,0,0,3,0,65,999,0,0,0,3,0,12,2013,1,2015,3,0,0,0,0,5,4,45,1,1,8,1,0,0,1,67,7,1,1,98,"777777777777","777777777777","777777777777",0,0
12,121071,1,2,1,27,5,18,15,12,6,1,0,12,1,53,40,53040,9,2008,"JS2YB4132851","J","S","2","Y","B","4","1","3","2","8","5","1",0,0,0,"000000000","00000000000",0,0,0,1,0,0,0,0,0,0,0,5,0,0,0,9,6,2,12,0,0,0,1,12,33870,6,1,0,0,3,3,64,999,0,0,0,0,0,0,0,0,0,0,38,0,0,0,1,2,25,1,1,8,1,3,3,1,17,99,1,1,89,"777777777777","777777777777","777777777777",1,0
12,121071,2,2,2,27,5,18,15,12,6,1,0,12,1,49,401,49401,14,1998,"JT3GN86R1W00","J","T","3","G","N","8","6","R","1","W","0","0",0,0,0,"000000000","00000000000",0,0,0,1,0,0,0,0,0,0,0,45,0,0,0,12,6,2,12,0,0,0,1,12,33870,6,1,0,0,3,0,62,999,0,0,0,0,0,0,0,0,0,0,0,0,0,0,3,6,55,1,1,8,1,3,3,1,66,16,1,1,88,"777777777777","777777777777","777777777777",0,0
12,121072,1,1,3,29,5,23,50,8,0,1,0,12,3,19,22,19022,4,2010,"1G6KH5EY2AU1","1","G","6","K","H","5","E","Y","2","A","U","1",0,0,0,"000000000","00000000000",0,0,0,1,0,0,0,0,0,0,0,45,0,0,0,12,4,3,8,0,0,0,1,37,28110,6,1,0,0,3,0,64,999,0,0,0,0,0,0,0,0,0,0,0,0,0,0,5,2,45,1,1,8,1,0,0,1,80,99,1,1,13,"777777777777","777777777777","777777777777",0,0
12,121073,1,1,1,16,5,6,33,42,0,1,0,12,2,12,16,12016,4,2002,"2FAFP74W92X1","2","F","A","F","P","7","4","W","9","2","X","1",0,0,0,"000000000","00000000000",0,0,0,1,0,0,0,0,0,0,0,60,0,0,0,3,6,2,42,0,0,0,1,12,32962,0,0,0,0,0,0,71,999,0,0,0,0,0,0,0,0,0,0,6,0,0,0,1,2,30,1,1,8,1,0,0,1,12,99,1,4,6,"777777777777","777777777777","777777777777",1,1
12,121074,1,2,1,12,5,12,32,12,6,1,0,37,1,98,706,98706,82,2015,"2BXNBDD15FV0","2","B","X","N","B","D","D","1","5","F","V","0",0,0,0,"000000000","00000000000",0,0,0,1,0,0,0,0,0,0,0,45,0,0,0,12,4,3,12,0,0,0,1,37,28655,6,1,0,0,3,3,74,999,0,0,0,2,0,8,2011,5,2014,0,0,0,0,0,1,2,60,1,1,8,1,0,0,1,52,99,1,1,74,"777777777777","777777777777","777777777777",0,0
12,121074,2,2,1,12,5,12,32,12,6,1,0,12,1,98,706,98706,82,2014,"2BXNBDD13EV0","2","B","X","N","B","D","D","1","3","E","V","0",0,0,0,"000000000","00000000000",0,0,0,1,0,0,0,0,0,0,0,25,0,0,0,1,4,3,12,0,0,0,1,12,32086,6,1,0,0,3,3,68,999,0,0,0,0,0,0,0,0,0,0,0,0,0,0,1,2,60,1,1,8,1,0,0,10,53,1,1,1,74,"777777777777","777777777777","777777777777",1,0
12,121075,1,1,1,25,5,8,1,32,0,1,0,12,1,35,43,35043,4,1993,"JN1EB31P9PU2","J","N","1","E","B","3","1","P","9","P","U","2",0,0,0,"000000000","00000000000",0,0,0,1,0,0,0,0,0,0,0,46,0,0,0,12,6,2,32,0,0,0,1,12,32780,6,1,6,0,3,0,72,999,0,0,0,0,0,0,0,0,0,0,0,0,0,0,2,4,65,1,1,8,1,0,0,1,16,99,1,4,1,"777777777777","777777777777","777777777777",1,1
12,121076,1,1,1,18,5,21,55,14,0,1,0,12,1,18,2,18002,4,2005,"1G4HR54K55U1","1","G","4","H","R","5","4","K","5","5","U","1",0,0,0,"000000000","00000000000",0,0,0,1,0,0,0,0,0,0,0,70,0,0,0,12,6,2,14,0,0,0,1,12,32808,6,1,0,0,3,3,64,999,0,4,1,0,0,3,2012,4,2014,0,6,0,0,0,3,4,70,1,1,8,1,0,0,1,13,99,1,4,1,"777777777777","777777777777","777777777777",1,1
12,121077,1,3,1,12,5,0,23,12,1,1,0,12,1,42,43,42043,4,2013,"WDDNG7DB2DA5","W","D","D","N","G","7","D","B","2","D","A","5",0,0,0,"000000000","00000000000",0,0,0,1,0,0,0,0,0,0,0,60,0,0,0,12,6,2,12,0,0,0,1,12,33152,6,1,0,0,3,0,74,999,0,0,0,0,0,0,0,0,0,0,6,0,0,0,3,3,65,1,1,8,1,0,0,1,52,15,1,1,28,"777777777777","777777777777","777777777777",0,0
12,121077,2,3,1,12,5,0,23,12,1,1,0,12,1,49,40,49040,4,2010,"4T1BF3EK6AU0","4","T","1","B","F","3","E","K","6","A","U","0",0,0,0,"000000000","00000000000",0,0,0,1,0,0,0,0,0,0,0,10,0,0,0,6,6,2,12,0,0,0,1,12,33157,6,1,0,0,3,3,73,999,0,0,0,0,0,0,0,0,0,0,0,0,0,0,3,3,65,1,1,8,1,0,0,2,53,1,1,1,29,"777777777777","777777777777","777777777777",1,0
12,121077,3,3,3,12,5,0,23,12,1,1,0,12,3,20,422,20422,15,2014,"1GNSCHE02ER1","1","G","N","S","C","H","E","0","2","E","R","1",0,0,0,"000000000","00000000000",0,0,0,1,0,0,0,0,0,0,0,35,0,0,0,6,6,2,12,0,0,0,1,12,33162,6,1,0,0,3,0,69,999,0,0,0,1,0,6,2013,6,2013,0,0,0,0,0,3,3,65,1,1,8,1,0,0,1,60,1,1,1,98,"777777777777","777777777777","777777777777",0,0
12,121078,1,2,2,23,5,16,50,12,2,1,0,12,1,23,481,23481,31,2003,"2GTEC19X6313","2","G","T","E","C","1","9","X","6","3","1","3",0,0,0,"000000000","00000000000",0,0,0,1,0,0,0,0,0,0,0,45,0,0,0,12,6,2,12,0,0,0,1,12,32043,6,1,0,0,3,0,67,999,0,0,0,0,0,0,0,0,0,0,6,0,0,0,1,2,45,3,1,8,1,0,0,14,10,99,1,2,50,"777777777777","777777777777","777777777777",1,0
12,121078,2,2,1,23,5,16,50,12,2,1,0,12,3,87,884,87884,63,2006,"1NPFLU0X76N6","1","N","P","F","L","U","0","X","7","6","N","6",0,0,12,"1123270","121123270",3,2,4,1,0,0,0,0,0,0,0,30,0,0,0,12,6,2,12,0,0,0,1,12,32068,6,1,6,0,3,0,74,999,0,0,0,0,0,0,0,0,0,0,0,0,0,0,1,2,45,1,1,8,1,0,0,1,62,9,1,1,51,"777777777777","777777777777","777777777777",0,0
12,121079,1,1,1,28,5,22,4,8,0,1,0,12,2,55,33,55033,4,2006,"5NPEU46F06H0","5","N","P","E","U","4","6","F","0","6","H","0",0,0,0,"000000000","00000000000",0,0,0,1,0,0,0,0,0,0,0,45,0,0,0,12,4,3,8,0,0,0,1,12,32526,6,1,0,0,3,3,63,999,1,0,0,0,1,11,2015,1,2016,0,0,0,0,0,5,7,40,1,1,8,1,0,0,1,80,99,1,1,13,"777777777777","777777777777","777777777777",0,0
12,121080,1,2,1,21,5,6,10,8,0,1,0,12,1,34,34,34034,4,2006,"WBAVB13576KR","W","B","A","V","B","1","3","5","7","6","K","R",0,0,0,"000000000","00000000000",0,0,0,1,0,0,0,0,0,0,0,65,0,0,0,12,6,2,8,0,0,0,1,12,33334,6,1,0,0,3,3,69,999,0,0,0,0,0,0,0,0,0,0,0,0,0,0,6,2,65,1,1,8,1,0,0,1,80,99,1,1,13,"777777777777","777777777777","777777777777",0,0
12,121080,2,2,1,21,5,6,10,8,0,1,0,12,1,55,42,55042,3,2015,"KMHTC6AD6FU2","K","M","H","T","C","6","A","D","6","F","U","2",0,0,0,"000000000","00000000000",0,0,0,1,0,0,0,0,0,0,0,55,0,0,0,11,0,5,8,0,0,0,1,12,33305,6,1,0,0,3,3,66,999,0,0,0,0,0,0,0,0,0,0,0,0,0,0,6,2,65,1,1,8,1,0,0,1,80,6,1,1,98,"777777777777","777777777777","777777777777",0,0
12,121081,1,2,1,21,5,0,0,34,0,1,0,12,2,20,37,20037,4,1998,"1G1ND52M1W62","1","G","1","N","D","5","2","M","1","W","6","2",0,0,0,"000000000","00000000000",0,0,0,1,0,0,0,0,0,0,0,62,0,1,1,12,6,2,12,0,0,0,1,12,34420,6,1,0,0,3,0,61,999,0,0,0,0,0,0,0,0,0,0,0,0,0,0,2,2,55,1,1,8,2,0,0,1,12,99,1,4,6,"777777777777","777777777777","777777777777",0,0
12,121081,2,2,1,21,5,0,0,34,0,1,0,12,2,20,441,20441,20,1994,"1GNDM15Z8RB2","1","G","N","D","M","1","5","Z","8","R","B","2",0,0,0,"000000000","00000000000",0,0,0,1,0,0,0,0,0,0,0,55,0,0,0,12,6,2,12,0,0,0,1,12,32724,0,0,0,0,0,0,65,999,0,7,0,0,0,6,2012,9,2015,0,0,0,0,0,2,2,55,1,1,8,2,0,0,1,62,99,1,1,98,"777777777777","777777777777","777777777777",1,0
12,121083,1,2,1,7,5,16,30,12,6,1,0,12,1,37,706,37706,80,2004,"1HFSC18034A8","1","H","F","S","C","1","8","0","3","4","A","8",0,0,0,"000000000","00000000000",0,0,0,1,0,0,0,0,0,0,0,45,0,0,0,12,6,2,12,0,0,0,1,12,32054,6,1,0,0,3,3,65,999,0,0,0,3,0,1,2013,12,2013,0,39,0,0,0,2,6,45,1,1,8,1,3,3,1,17,99,1,1,69,"777777777777","777777777777","777777777777",1,0
12,121083,2,2,1,7,5,16,30,12,6,1,0,12,2,63,34,63034,4,2013,"5XXGM4A78DG1","5","X","X","G","M","4","A","7","8","D","G","1",0,0,0,"000000000","00000000000",0,0,0,1,0,0,0,0,0,0,0,15,0,0,0,3,6,2,12,0,0,0,1,12,32244,6,1,0,0,3,3,69,999,0,0,0,0,0,0,0,0,0,0,0,0,0,0,3,5,45,1,1,8,1,3,3,11,63,99,1,1,68,"777777777777","777777777777","777777777777",0,0
12,121084,1,3,1,8,5,19,2,1,0,1,0,12,1,72,706,72706,80,2008,"1HD1FC4118Y6","1","H","D","1","F","C","4","1","1","8","Y","6",0,0,0,"000000000","00000000000",0,0,0,1,0,0,0,0,0,0,0,70,0,0,0,0,6,2,12,0,0,0,1,12,32258,6,1,0,0,3,0,74,999,1,0,0,6,3,7,2011,11,2015,0,6,0,0,0,3,4,70,1,1,8,1,0,0,1,13,99,1,4,1,"777777777777","777777777777","777777777777",1,0
12,121084,2,3,1,8,5,19,2,1,0,1,1,99,9,99,884,99884,66,9999,"999999999999","9","9","9","9","9","9","9","9","9","9","9","9",1,1,99,"999999999","99999999999",3,6,98,1,0,0,0,0,0,0,0,999,0,0,0,98,9,5,12,0,0,0,1,99,99999,9,9,99,9,9,9,999,999,99,99,99,99,99,99,9999,99,9999,0,0,0,0,0,3,4,70,1,1,8,1,0,0,1,62,99,1,1,98,"999999999999","777777777777","777777777777",0,0
12,121084,3,3,1,8,5,19,2,1,0,1,0,12,3,82,881,82881,66,2012,"1FUJGLDR5CSB","1","F","U","J","G","L","D","R","5","C","S","B",1,1,12,"489182","12489182",3,6,11,1,0,0,0,0,0,0,0,65,0,0,0,14,0,5,12,0,0,0,1,13,31548,6,1,6,3,3,0,67,205,98,0,0,2,0,7,2014,11,2014,0,0,0,0,0,3,4,70,1,1,8,1,0,0,1,62,1,1,1,98,"1DW1C5323YS3","777777777777","777777777777",0,0
12,121085,1,1,1,28,5,8,35,9,0,1,0,12,2,55,36,55036,4,2011,"KMHCN4AC2BU5","K","M","H","C","N","4","A","C","2","B","U","5",0,0,0,"000000000","00000000000",0,0,0,1,0,0,0,0,0,0,0,45,0,0,0,12,6,2,9,0,0,0,1,12,33523,6,1,0,0,3,0,68,999,0,0,0,2,0,11,2013,2,2015,0,6,0,0,0,1,2,45,1,6,8,1,0,0,1,83,99,1,1,13,"777777777777","777777777777","777777777777",0,0
12,121086,1,2,1,26,5,13,41,12,2,1,0,12,2,42,47,42047,2,2001,"WDBLJ70G01F1","W","D","B","L","J","7","0","G","0","1","F","1",0,0,0,"000000000","00000000000",0,0,0,1,0,0,0,0,0,0,0,55,0,0,0,12,6,2,12,0,0,0,1,12,32784,6,1,0,0,3,3,63,999,0,0,0,0,0,0,0,0,0,0,28,0,0,0,1,2,55,3,1,8,1,0,0,14,10,99,1,2,50,"777777777777","777777777777","777777777777",1,0
12,121086,2,2,1,26,5,13,41,12,2,1,0,12,4,7,463,7463,21,2016,"3C6TRVDGXGE1","3","C","6","T","R","V","D","G","X","G","E","1",0,0,0,"000000000","00000000000",0,0,0,1,0,0,0,0,0,0,0,55,0,0,0,12,6,2,12,0,0,0,1,12,32746,6,1,0,0,3,0,75,999,0,0,0,2,0,2,2014,1,2015,0,0,0,0,0,1,2,55,1,1,8,1,0,0,1,62,99,1,1,51,"777777777777","777777777777","777777777777",0,0
12,121087,1,1,5,21,5,0,30,1,0,1,0,12,2,20,421,20421,15,2004,"1GNEC13Z14R2","1","G","N","E","C","1","3","Z","1","4","R","2",0,0,0,"000000000","00000000000",0,0,0,1,0,0,0,0,0,0,0,55,0,1,5,0,6,2,1,0,0,0,1,12,32046,2,1,0,0,2,0,74,999,0,6,0,0,0,10,2011,8,2014,0,6,0,0,0,1,2,30,1,1,5,11,0,0,1,13,99,1,4,1,"777777777777","777777777777","777777777777",1,1
12,121088,1,1,1,19,5,11,40,8,0,1,0,12,2,20,481,20481,31,2004,"1GCEC19T64E3","1","G","C","E","C","1","9","T","6","4","E","3",0,0,0,"000000000","00000000000",0,0,0,1,0,0,0,0,0,0,0,45,0,0,0,12,2,3,8,0,0,0,1,12,33982,6,1,0,0,3,0,74,999,0,0,0,1,0,8,2011,8,2011,0,6,0,0,0,3,3,55,2,5,8,1,0,0,14,13,99,1,4,1,"777777777777","777777777777","777777777777",0,0
12,121089,1,2,1,28,5,15,45,12,2,1,0,12,1,20,481,20481,31,1999,"1GCEC19T7XE2","1","G","C","E","C","1","9","T","7","X","E","2",0,0,0,"000000000","00000000000",0,0,0,1,0,0,0,0,0,0,0,55,0,0,0,12,6,2,12,0,0,0,1,12,34475,6,1,0,0,3,0,76,999,0,0,0,0,0,0,0,0,0,0,38,0,0,0,1,2,55,1,5,8,1,0,0,1,10,99,1,2,50,"777777777777","777777777777","777777777777",0,0
12,121089,2,2,1,28,5,15,45,12,2,1,0,12,1,49,40,49040,4,2015,"4T1BF1FK7FU8","4","T","1","B","F","1","F","K","7","F","U","8",0,0,0,"000000000","00000000000",0,0,0,1,0,0,0,0,0,0,0,55,0,0,0,12,6,2,12,0,0,0,1,12,34491,6,1,0,0,3,0,65,999,0,0,0,0,0,0,0,0,0,0,0,0,0,0,1,2,55,1,6,8,1,0,0,1,62,99,1,1,51,"777777777777","777777777777","777777777777",1,0
12,121090,1,2,2,21,5,17,45,12,7,1,0,12,2,49,32,49032,4,2003,"1NXBR32E33Z1","1","N","X","B","R","3","2","E","3","3","Z","1",0,0,0,"000000000","00000000000",0,0,0,1,0,0,0,0,0,0,0,76,0,0,0,1,6,2,12,0,0,0,1,12,32092,6,1,0,0,3,0,63,999,0,0,0,0,0,0,0,0,0,0,0,0,0,0,3,6,70,1,1,8,1,0,0,1,11,99,1,2,44,"777777777777","777777777777","777777777777",0,0
12,121090,2,2,8,21,5,17,45,12,7,1,0,12,1,20,431,20431,16,1997,"3GNEC16RXVG1","3","G","N","E","C","1","6","R","X","V","G","1",0,0,0,"000000000","00000000000",0,0,0,1,0,0,0,0,0,0,0,70,0,1,5,7,6,2,1,0,0,0,1,12,32134,6,1,0,0,3,0,72,999,0,0,0,1,0,8,2013,8,2013,0,0,0,0,0,3,6,70,1,1,8,1,0,0,1,60,99,1,1,45,"777777777777","777777777777","777777777777",1,0
12,121091,1,2,2,24,5,8,11,12,6,1,0,12,1,23,401,23401,14,2004,"1GKDS13S9424","1","G","K","D","S","1","3","S","9","4","2","4",0,0,0,"000000000","00000000000",0,0,0,1,0,0,0,0,0,0,0,50,0,0,0,11,4,3,12,0,0,0,1,12,34116,6,1,0,0,3,3,71,999,0,0,0,0,0,0,0,0,0,0,39,0,0,0,3,6,50,1,1,8,1,3,3,1,17,99,1,1,69,"777777777777","777777777777","777777777777",1,0