"STATE","ST_CASE","VEH_NO","VE_FORMS","NUMOCCS","DAY","MONTH","HOUR","MINUTE","HARM_EV","MAN_COLL","UNITTYPE","HIT_RUN","REG_STAT","OWNER","MAKE","MODEL","MAK_MOD","BODY_TYP","MOD_YEAR","VIN","VIN_1","VIN_2","VIN_3","VIN_4","VIN_5","VIN_6","VIN_7","VIN_8","VIN_9","VIN_10","VIN_11","VIN_12","TOW_VEH","J_KNIFE","MCARR_I1","MCARR_I2","MCARR_ID","GVWR","V_CONFIG","CARGO_BT","HAZ_INV","HAZ_PLAC","HAZ_ID","HAZ_CNO","HAZ_REL","BUS_USE","SPEC_USE","EMER_USE","TRAV_SP","UNDERIDE","ROLLOVER","ROLINLOC","IMPACT1","DEFORMED","TOWED","M_HARM","VEH_SC1","VEH_SC2","FIRE_EXP","DR_PRES","L_STATE","DR_ZIP","L_STATUS","L_TYPE","CDL_STAT","L_ENDORS","L_COMPL","L_RESTRI","DR_HGT","DR_WGT","PREV_ACC","PREV_SUS","PREV_DWI","PREV_SPD","PREV_OTH","FIRST_MO","FIRST_YR","LAST_MO","LAST_YR","SPEEDREL","DR_SF1","DR_SF2","DR_SF3","DR_SF4","VTRAFWAY","VNUM_LAN","VSPD_LIM","VALIGN","VPROFILE","VPAVETYP","VSURCOND","VTRAFCON","VTCONT_F","P_CRASH1","P_CRASH2","P_CRASH3","PCRASH4","PCRASH5","ACC_TYPE","TRLR1VIN","TRLR2VIN","TRLR3VIN","DEATHS","DR_DRINK"
12,121234,2,2,2,6,6,5,25,8,0,1,0,12,3,7,482,7482,31,2015,"3C63R3CL6FG5","3","C","6","3","R","3","C","L","6","F","G","5",0,0,0,"000000000","00000000000",0,0,0,1,0,0,0,0,0,0,0,998,0,0,0,98,0,5,8,0,0,0,1,12,33825,6,1,6,0,3,0,73,999,0,0,0,0,0,0,0,0,0,0,0,0,0,0,2,4,98,1,1,8,2,0,0,1,80,99,1,1,98,"777777777777","777777777777","777777777777",0,0
12,121235,1,1,1,6,6,14,30,10,0,1,0,12,3,86,881,86881,66,2007,"1M1AJ06Y87N0","1","M","1","A","J","0","6","Y","8","7","N","0",1,1,12,"1064753","121064753",3,6,8,1,0,0,0,0,0,0,0,0,0,0,0,1,6,2,10,0,0,0,1,12,33870,6,1,6,3,3,3,73,999,0,0,0,1,0,3,2013,3,2013,0,39,0,0,0,1,2,30,1,5,8,2,65,3,10,98,99,1,1,98,"48x1g3030510","777777777777","777777777777",1,0
12,121236,1,1,1,8,6,10,45,33,0,1,0,12,9,23,401,23401,14,2003,"1GKDT13S8323","1","G","K","D","T","1","3","S","8","3","2","3",0,0,0,"000000000","00000000000",0,0,0,1,0,0,0,0,0,0,0,998,0,0,0,12,6,2,42,0,0,0,1,12,33126,1,1,1,0,2,3,68,999,0,6,0,0,1,10,2013,3,2016,0,6,0,0,0,3,3,35,1,1,8,2,0,0,98,13,99,1,4,1,"777777777777","777777777777","777777777777",1,0
12,121237,1,1,1,16,6,21,25,1,0,1,0,12,2,37,402,37402,14,2013,"5J6RM3H53DL0","5","J","6","R","M","3","H","5","3","D","L","0",0,0,0,"000000000","00000000000",0,0,0,1,0,0,0,0,0,0,0,15,0,2,5,0,6,2,1,0,0,0,1,12,32948,6,1,0,0,3,3,63,999,0,0,0,0,0,0,0,0,0,0,0,0,0,0,1,2,30,1,1,8,5,0,0,11,13,99,1,4,1,"777777777777","777777777777","777777777777",1,0
12,121238,1,1,1,10,6,10,56,8,0,1,0,12,1,12,481,12481,31,2005,"1FTSX20585EA","1","F","T","S","X","2","0","5","8","5","E","A",0,0,0,"000000000","00000000000",0,0,0,1,0,0,0,0,0,0,0,25,0,0,0,12,4,3,8,0,0,0,1,12,33483,6,1,0,0,3,0,74,999,0,1,0,2,0,1,2012,2,2016,0,38,0,0,0,1,2,35,1,1,8,1,3,3,11,80,99,1,1,13,"777777777777","777777777777","777777777777",0,0
12,121239,1,1,1,30,5,20,40,9,0,1,0,12,1,12,37,12037,5,2016,"1FADP3K28GL2","1","F","A","D","P","3","K","2","8","G","L","2",0,0,0,"000000000","00000000000",0,0,0,1,0,0,0,0,0,0,0,45,0,0,0,12,4,3,9,0,0,0,1,12,33566,6,1,0,0,3,0,66,999,0,0,0,1,2,1,2013,10,2015,0,0,0,0,0,2,4,45,1,1,8,1,0,0,1,83,15,1,1,13,"777777777777","777777777777","777777777777",0,0
12,121240,1,2,1,5,6,4,38,12,1,1,1,12,1,39,37,39037,4,2015,"SAJWA0FS9FPU","S","A","J","W","A","0","F","S","9","F","P","U",0,0,0,"000000000","00000000000",0,0,0,1,0,0,0,0,0,0,0,100,0,0,0,12,6,2,12,0,0,0,1,12,33422,6,1,0,0,3,0,74,999,0,1,0,0,1,10,2012,1,2014,0,6,0,0,0,2,3,70,1,1,8,1,0,0,1,51,6,1,1,24,"777777777777","777777777777","777777777777",0,0
12,121240,2,2,1,5,6,4,38,12,1,1,0,12,1,12,471,12471,30,1996,"1FTCR10A4TUD","1","F","T","C","R","1","0","A","4","T","U","D",0,0,0,"000000000","00000000000",0,0,0,1,0,0,0,0,0,0,0,65,0,1,2,6,6,2,12,0,0,0,1,12,33403,6,1,0,0,3,3,73,999,0,0,0,0,0,0,0,0,0,0,0,0,0,0,2,3,70,1,1,8,1,0,0,1,53,99,1,1,25,"777777777777","777777777777","777777777777",1,0
12,121241,1,2,2,8,6,21,17,12,6,1,0,12,1,49,401,49401,14,1993,"JT3VN39W5P01","J","T","3","V","N","3","9","W","5","P","0","1",0,0,0,"000000000","00000000000",0,0,0,1,0,0,0,0,0,0,0,45,0,0,0,12,6,2,12,0,0,0,1,12,34434,1,1,0,0,2,0,67,999,0,4,0,0,0,3,2012,7,2013,0,39,0,0,0,1,2,35,1,1,8,1,20,3,1,17,99,1,1,88,"777777777777","777777777777","777777777777",1,1
12,121241,2,2,1,8,6,21,17,12,6,1,0,12,1,2,404,2404,14,2011,"1J4RS4GG2BC6","1","J","4","R","S","4","G","G","2","B","C","6",0,0,0,"000000000","00000000000",0,0,0,1,0,0,0,0,0,0,0,55,0,0,0,11,6,2,12,0,0,0,1,12,34451,6,1,0,0,3,0,63,999,0,0,0,0,0,0,0,0,0,0,0,0,0,0,1,2,55,1,1,8,1,0,0,1,66,99,1,1,89,"777777777777","777777777777","777777777777",0,0
12,121242,1,1,1,30,5,2,55,8,0,1,0,12,1,49,49,49049,6,2004,"JTLKT3245401","J","T","L","K","T","3","2","4","5","4","0","1",0,0,0,"000000000","00000000000",0,0,0,1,0,0,0,0,0,0,0,35,0,0,0,12,4,5,8,0,0,0,1,12,32210,6,1,0,0,3,3,68,999,1,0,0,0,1,10,2014,11,2014,0,0,0,0,0,3,4,45,1,1,8,1,3,3,1,80,99,1,1,13,"777777777777","777777777777","777777777777",0,0
12,121243,1,1,2,16,6,16,54,9,0,1,0,12,1,41,471,41471,30,2000,"4F4YR16C0YTM","4","F","4","Y","R","1","6","C","0","Y","T","M",0,0,0,"000000000","00000000000",0,0,0,1,0,0,0,0,0,0,0,45,0,0,0,12,4,3,9,0,0,0,1,12,32055,6,1,0,0,3,0,62,999,0,0,0,0,0,0,0,0,0,0,0,0,0,0,3,2,45,1,1,8,1,0,0,1,83,16,1,1,13,"777777777777","777777777777","777777777777",0,0
12,121244,1,2,1,14,6,15,15,12,1,1,0,1,3,20,461,20461,21,2015,"1GB0G2CG5F11","1","G","B","0","G","2","C","G","5","F","1","1",0,0,0,"000000000","00000000000",0,0,0,1,0,0,0,0,0,0,0,71,0,0,0,12,6,2,12,0,0,0,1,1,35126,6,1,0,0,3,0,74,999,2,0,0,1,0,3,2014,5,2016,0,6,0,0,0,2,4,55,1,6,8,1,3,3,1,51,99,1,1,20,"777777777777","777777777777","777777777777",0,0
12,121244,2,2,1,14,6,15,15,12,1,1,0,12,2,35,471,35471,30,1986,"JN6ND02S4GW1","J","N","6","N","D","0","2","S","4","G","W","1",0,0,0,"000000000","00000000000",0,0,0,1,0,0,0,0,0,0,0,0,0,0,0,6,6,2,12,0,0,0,1,12,32431,6,1,0,0,3,3,73,999,0,0,0,0,0,0,0,0,0,0,0,0,0,0,2,4,55,1,6,8,1,3,3,5,53,99,1,1,21,"777777777777","777777777777","777777777777",1,0
12,121245,1,2,1,18,6,21,25,12,6,1,0,12,1,53,705,53705,80,2007,"JS1GN7DA8721","J","S","1","G","N","7","D","A","8","7","2","1",0,0,0,"000000000","00000000000",0,0,0,1,0,0,0,0,0,0,0,80,0,0,0,12,6,2,12,0,0,0,1,12,34231,6,1,0,0,3,0,69,999,0,0,0,1,1,6,2011,3,2016,3,0,0,0,0,5,5,45,1,1,8,1,0,0,1,17,99,1,1,86,"777777777777","777777777777","777777777777",1,0
12,121245,2,2,2,18,6,21,25,12,6,1,0,12,1,63,402,63402,14,2012,"5XYKT3A67CG2","5","X","Y","K","T","3","A","6","7","C","G","2",0,0,0,"000000000","00000000000",0,0,0,1,0,0,0,0,0,0,0,10,0,0,0,5,6,2,12,0,0,0,1,12,34233,6,1,6,0,3,0,67,999,0,0,0,0,1,12,2013,12,2013,0,0,0,0,0,5,5,45,1,1,8,1,0,0,1,66,99,1,1,87,"777777777777","777777777777","777777777777",0,0
12,121246,1,5,1,8,6,17,25,12,1,1,0,12,1,12,422,12422,15,2004,"1FMRU15W44LB","1","F","M","R","U","1","5","W","4","4","L","B",0,0,0,"000000000","00000000000",0,0,0,1,0,0,0,0,0,0,0,77,0,0,0,12,6,2,12,0,0,0,1,12,33544,6,1,0,0,3,0,66,999,0,0,0,1,0,11,2013,11,2013,0,6,0,0,0,3,6,70,1,1,8,1,0,0,1,50,99,1,1,20,"777777777777","777777777777","777777777777",0,0
12,121246,2,5,1,8,6,17,25,12,1,1,0,12,1,36,38,36038,3,2014,"3C3CFFAR9ET1","3","C","3","C","F","F","A","R","9","E","T","1",0,0,0,"000000000","00000000000",0,0,0,1,0,0,0,0,0,0,0,0,0,0,0,6,6,2,12,0,0,0,1,12,33545,6,1,0,0,3,0,63,999,0,0,0,0,0,0,0,0,0,0,0,0,0,0,3,6,70,1,1,8,1,0,0,5,53,99,1,1,21,"777777777777","777777777777","777777777777",1,0
12,121246,3,5,1,8,6,17,25,12,1,1,0,12,1,41,51,41051,5,2007,"JM1BK1434717","J","M","1","B","K","1","4","3","4","7","1","7",0,0,0,"000000000","00000000000",0,0,0,1,0,0,0,0,0,0,0,0,0,0,0,6,6,2,12,0,0,0,1,12,33559,6,1,0,0,3,3,64,999,0,0,0,0,0,0,0,0,0,0,0,0,0,0,3,6,70,1,1,8,1,0,0,5,53,99,1,1,98,"777777777777","777777777777","777777777777",0,0
12,121246,4,5,1,8,6,17,25,12,1,1,0,12,1,37,402,37402,14,2014,"2HKRM3H74EH5","2","H","K","R","M","3","H","7","4","E","H","5",0,0,0,"000000000","00000000000",0,0,0,1,0,0,0,0,0,0,0,0,0,0,0,6,6,2,12,0,0,0,1,12,33543,6,1,0,0,3,0,65,999,0,0,0,0,0,0,0,0,0,0,0,0,0,0,3,6,70,1,1,8,1,0,0,5,53,99,1,1,98,"777777777777","777777777777","777777777777",0,0
12,121246,5,5,1,8,6,17,25,12,1,1,0,12,1,35,473,35473,31,2006,"1N6BA06A06N5","1","N","6","B","A","0","6","A","0","6","N","5",0,0,0,"000000000","00000000000",0,0,0,1,0,0,0,0,0,0,0,0,0,0,0,6,4,5,12,0,0,0,1,12,33543,6,1,0,0,3,0,64,999,0,0,0,0,0,0,0,0,0,0,0,0,0,0,3,6,70,1,1,8,1,0,0,5,53,99,1,1,98,"777777777777","777777777777","777777777777",0,0
12,121247,1,2,1,12,6,4,40,8,0,1,0,12,2,37,32,37032,4,2008,"JHMCP26458C0","J","H","M","C","P","2","6","4","5","8","C","0",0,0,0,"000000000","00000000000",0,0,0,1,0,0,0,0,0,0,0,40,0,0,0,12,6,2,8,0,0,0,1,12,33461,6,1,0,0,3,0,70,999,0,0,0,0,0,0,0,0,0,0,0,0,0,0,1,4,40,1,1,8,1,3,3,1,80,99,1,1,13,"777777777777","777777777777","777777777777",0,0
12,121247,2,2,1,12,6,4,40,8,0,1,1,99,9,99,999,99999,99,9999,"999999999999","9","9","9","9","9","9","9","9","9","9","9","9",0,0,0,"000000000","00000000000",0,0,0,1,0,0,0,0,0,0,0,999,0,0,0,99,9,5,8,0,0,0,1,99,99999,9,9,99,9,9,9,999,999,99,99,99,99,99,99,9999,99,9999,0,0,0,0,0,1,4,40,1,1,8,1,3,3,1,80,99,9,9,98,"777777777777","777777777777","777777777777",0,0
12,121248,1,2,1,5,6,11,15,12,6,1,0,12,2,49,482,49482,31,2001,"5TBBT48181S1","5","T","B","B","T","4","8","1","8","1","S","1",0,0,0,"000000000","00000000000",0,0,0,1,0,0,0,0,0,0,0,53,0,1,5,5,6,2,12,0,0,0,1,12,34609,6,1,6,0,3,0,72,999,0,0,0,0,0,0,0,0,0,3,28,58,0,0,1,2,35,3,3,8,1,97,8,14,10,99,1,7,64,"777777777777","777777777777","777777777777",1,1
12,121248,2,2,2,5,6,11,15,12,6,1,0,12,2,12,481,12481,31,1996,"1FTHX25G9TEA","1","F","T","H","X","2","5","G","9","T","E","A",0,0,0,"000000000","00000000000",0,0,0,1,0,0,0,0,0,0,0,998,0,0,0,12,6,2,12,0,0,0,1,12,34711,6,1,0,0,3,0,67,999,0,0,0,0,0,0,0,0,0,3,0,0,0,0,1,2,35,2,4,8,1,97,8,14,62,99,1,1,65,"777777777777","777777777777","777777777777",0,0
12,121249,1,2,1,20,5,22,8,12,1,1,0,12,2,20,421,20421,15,2003,"1GNDT13X53K1","1","G","N","D","T","1","3","X","5","3","K","1",0,0,0,"000000000","00000000000",0,0,0,1,0,0,0,0,0,0,0,998,0,0,0,6,4,3,9,0,0,0,1,12,33881,6,1,0,0,3,0,72,999,0,0,0,0,1,4,2015,4,2015,0,0,0,0,0,2,4,98,1,1,8,2,0,0,1,53,99,1,1,25,"777777777777","777777777777","777777777777",0,0
12,121249,2,2,2,20,5,22,8,12,1,1,0,12,1,34,34,34034,2,2008,"WBAWB73518P0","W","B","A","W","B","7","3","5","1","8","P","0",0,0,0,"000000000","00000000000",0,0,0,1,0,0,0,0,0,0,0,998,0,0,0,12,2,5,9,0,0,0,1,12,33881,6,1,0,0,3,0,63,999,0,0,0,0,0,0,0,0,0,0,0,0,0,0,2,4,98,1,1,8,2,0,0,1,51,99,1,1,24,"777777777777","777777777777","777777777777",0,0
12,121250,1,1,2,15,6,16,59,8,0,1,0,28,3,82,881,82881,66,2016,"1FUGGLD5XGLG","1","F","U","G","G","L","D","5","X","G","L","G",0,0,28,"109745","28109745",3,5,96,1,0,0,0,0,0,0,0,5,0,0,0,12,0,5,8,0,0,0,1,48,78238,6,1,6,3,3,0,999,999,0,0,0,0,0,0,0,0,0,0,0,0,0,0,3,2,10,1,1,8,1,20,3,10,80,99,1,1,13,"777777777777","777777777777","777777777777",0,0
12,121251,1,2,1,9,6,18,26,12,6,1,0,12,2,98,709,98709,80,2008,"LHJLC79K58B0","L","H","J","L","C","7","9","K","5","8","B","0",0,0,0,"000000000","00000000000",0,0,0,1,0,0,0,0,0,0,0,25,0,0,0,12,6,2,12,0,0,0,1,12,33712,6,7,0,0,3,0,75,999,0,1,0,0,0,11,2012,11,2012,0,39,0,0,0,1,2,25,1,1,8,2,20,3,1,17,99,1,1,86,"777777777777","777777777777","777777777777",1,0
12,121251,2,2,2,9,6,18,26,12,6,1,0,12,1,12,481,12481,31,2011,"1FTFX1CF8BFB","1","F","T","F","X","1","C","F","8","B","F","B",1,1,0,"000000000","00000000000",0,0,0,1,0,0,0,0,0,0,0,35,0,0,0,3,2,5,12,0,0,0,1,12,33709,6,1,0,0,3,0,67,999,0,0,0,0,0,0,0,0,0,0,0,0,0,0,1,4,35,1,1,8,2,0,0,1,66,99,1,1,87,"888888888888","777777777777","777777777777",0,0
12,121252,1,1,2,14,6,9,56,8,0,1,0,12,2,37,32,37032,4,2005,"1HGCM66565A0","1","H","G","C","M","6","6","5","6","5","A","0",0,0,0,"000000000","00000000000",0,0,0,1,0,0,0,0,0,0,0,40,0,0,0,12,6,2,8,0,0,0,1,12,33147,6,1,0,0,3,0,69,999,0,0,0,0,0,0,0,0,0,0,0,0,0,0,1,4,40,1,1,8,1,0,0,1,80,99,1,1,13,"777777777777","777777777777","777777777777",0,0
12,121253,1,1,1,14,6,21,3,8,0,1,0,12,1,12,24,12024,6,2008,"2FMDK39C48BB","2","F","M","D","K","3","9","C","4","8","B","B",0,0,0,"000000000","00000000000",0,0,0,1,0,0,0,0,0,0,0,40,0,0,0,12,4,5,8,0,0,0,1,12,33162,6,1,0,0,3,3,60,999,0,1,0,0,0,10,2012,10,2012,0,0,0,0,0,1,6,40,1,1,8,1,0,0,1,80,99,1,1,13,"777777777777","777777777777","777777777777",0,0
12,121254,1,4,1,18,6,8,49,12,7,1,0,12,1,52,401,52401,14,2002,"JA4LS21HX2J0","J","A","4","L","S","2","1","H","X","2","J","0",0,0,0,"000000000","00000000000",0,0,0,1,0,0,0,0,0,0,0,40,0,1,5,11,6,2,12,0,0,0,1,12,34207,0,0,0,0,0,0,999,999,0,0,0,0,0,0,0,0,0,0,6,0,0,0,1,4,40,1,1,8,2,0,0,1,50,7,1,1,44,"777777777777","777777777777","777777777777",0,0
12,121254,2,4,2,18,6,8,49,12,7,1,0,12,1,7,442,7442,20,2005,"2D4GP44L35R3","2","D","4","G","P","4","4","L","3","5","R","3",0,0,0,"000000000","00000000000",0,0,0,1,0,0,0,0,0,0,0,0,0,0,0,3,4,5,12,0,0,0,1,12,34212,6,1,0,0,3,0,75,999,0,2,0,0,0,5,2014,12,2014,0,0,0,0,0,1,4,40,1,1,8,2,0,0,5,53,99,1,1,45,"777777777777","777777777777","777777777777",0,0
12,121254,3,4,1,18,6,8,49,12,7,1,0,12,1,49,50,49050,3,2009,"JTKDE1673902","J","T","K","D","E","1","6","7","3","9","0","2",0,0,0,"000000000","00000000000",0,0,0,1,0,0,0,0,0,0,0,0,0,0,0,6,6,2,12,0,0,0,1,12,34203,6,1,0,0,3,0,71,999,0,0,0,0,0,0,0,0,0,0,0,0,0,0,1,4,40,1,1,8,2,0,0,5,53,99,1,1,98,"777777777777","777777777777","777777777777",0,0
12,121254,4,4,2,18,6,8,49,12,7,1,0,12,1,49,40,49040,4,1995,"4T1SK12E4SU8","4","T","1","S","K","1","2","E","4","S","U","8",0,0,0,"000000000","00000000000",0,0,0,1,0,0,0,0,0,0,0,40,0,0,0,12,6,2,12,0,0,0,1,12,34207,6,1,0,0,3,0,63,999,0,0,0,0,0,0,0,0,0,0,0,0,0,0,1,4,40,1,1,8,2,0,0,1,62,99,1,1,98,"777777777777","777777777777","777777777777",1,0
12,121255,1,1,4,20,6,9,2,10,0,1,0,12,1,49,32,49032,4,2015,"2T1BURHE0FC3","2","T","1","B","U","R","H","E","0","F","C","3",0,0,0,"000000000","00000000000",0,0,0,1,0,0,0,0,0,0,0,35,0,0,0,1,6,2,10,0,0,0,1,12,33064,6,1,0,0,3,3,58,999,0,0,0,0,0,0,0,0,0,0,0,0,0,0,3,4,35,1,1,8,1,65,3,11,98,99,1,1,98,"777777777777","777777777777","777777777777",1,0
12,121256,1,2,1,12,6,4,57,12,6,1,0,12,1,37,32,37032,2,2012,"1HGCS1B33CA0","1","H","G","C","S","1","B","3","3","C","A","0",0,0,0,"000000000","00000000000",0,0,0,1,0,0,0,0,0,0,0,40,0,0,0,12,6,2,12,0,0,0,1,12,33326,6,1,0,0,3,0,63,999,0,1,0,2,2,8,2011,10,2015,0,0,0,0,0,1,2,40,1,1,8,1,3,3,1,17,99,1,1,86,"777777777777","777777777777","777777777777",0,0
12,121256,2,2,2,12,6,4,57,12,6,1,0,12,2,63,441,63441,20,2005,"KNDUP1328567","K","N","D","U","P","1","3","2","8","5","6","7",0,0,0,"000000000","00000000000",0,0,0,1,0,0,0,0,0,0,0,40,0,0,0,1,6,2,12,0,0,0,1,12,33027,1,1,0,0,2,0,74,999,1,3,0,0,2,12,2011,1,2016,0,0,0,0,0,1,2,40,1,1,8,1,3,3,1,66,99,1,1,87,"777777777777","777777777777","777777777777",1,0
12,121257,1,2,3,20,6,23,29,12,6,1,0,12,1,49,401,49401,14,2002,"JT3GN86R7202","J","T","3","G","N","8","6","R","7","2","0","2",0,0,0,"000000000","00000000000",0,0,0,1,0,0,0,0,0,0,0,50,0,1,5,12,6,2,12,0,0,0,1,12,33125,6,1,0,0,3,0,67,999,0,0,0,0,0,0,0,0,0,3,39,0,0,0,1,2,30,1,1,8,1,20,3,1,17,99,1,1,86,"777777777777","777777777777","777777777777",1,0
12,121257,2,2,1,20,6,23,29,12,6,1,0,12,2,49,40,49040,4,2000,"4T1BG22K1YU7","4","T","1","B","G","2","2","K","1","Y","U","7",0,0,0,"000000000","00000000000",0,0,0,1,0,0,0,0,0,0,0,30,0,0,0,1,6,2,12,0,0,0,1,12,33135,6,7,0,0,3,2,65,999,0,0,0,0,0,0,0,0,0,0,73,0,0,0,1,2,30,1,1,8,1,0,0,1,66,99,1,1,87,"777777777777","777777777777","777777777777",0,0
12,121258,1,2,1,19,6,23,1,12,7,1,1,12,9,49,482,49482,31,2015,"5TFRY5F14FX1","5","T","F","R","Y","5","F","1","4","F","X","1",0,0,0,"000000000","00000000000",0,0,0,1,0,0,0,0,0,0,0,45,0,0,0,61,6,2,12,0,0,0,1,12,33901,6,1,0,0,3,3,69,999,0,1,0,0,0,4,2014,4,2014,0,28,0,0,0,3,3,45,1,1,8,1,0,0,1,10,99,1,2,45,"777777777777","777777777777","777777777777",0,0
12,121258,2,2,1,19,6,23,1,12,7,1,0,12,1,76,705,76705,80,2008,"JYARJ16E88A0","J","Y","A","R","J","1","6","E","8","8","A","0",0,0,0,"000000000","00000000000",0,0,0,1,0,0,0,0,0,0,0,45,0,0,0,81,6,2,12,0,0,0,1,12,33919,6,1,0,0,3,0,74,999,0,0,0,2,2,7,2014,4,2016,0,0,0,0,0,3,3,45,1,1,8,1,0,0,1,61,99,1,1,44,"777777777777","777777777777","777777777777",1,0
12,121259,1,3,2,15,6,18,27,12,1,1,0,12,2,2,1,2001,6,2008,"1J8FT47W78D7","1","J","8","F","T","4","7","W","7","8","D","7",0,0,0,"000000000","00000000000",0,0,0,1,0,0,0,0,0,0,0,40,0,0,0,12,6,2,12,0,0,0,1,12,34491,6,1,0,0,3,0,62,999,0,0,0,0,0,0,0,0,0,0,6,0,0,0,3,2,40,1,1,8,1,3,3,1,50,99,1,1,20,"777777777777","777777777777","777777777777",0,0
12,121259,2,3,2,15,6,18,27,12,1,1,0,12,2,49,43,49043,4,2005,"4T1BK36B25U0","4","T","1","B","K","3","6","B","2","5","U","0",0,0,0,"000000000","00000000000",0,0,0,1,0,0,0,0,0,0,0,0,0,0,0,6,6,2,12,0,0,0,1,12,32162,6,1,0,0,3,0,72,999,0,0,0,0,0,0,0,0,0,0,0,0,0,0,3,2,40,1,1,8,1,3,3,5,53,99,1,1,21,"777777777777","777777777777","777777777777",1,0
12,121259,3,3,2,15,6,18,27,12,1,1,0,12,1,7,482,7482,31,2014,"1C6RR6FGXES3","1","C","6","R","R","6","F","G","X","E","S","3",0,0,0,"000000000","00000000000",0,0,0,1,0,0,0,0,0,0,0,0,0,0,0,6,4,5,12,0,0,0,1,12,32159,6,1,0,0,3,0,71,999,0,0,0,0,0,0,0,0,0,0,0,0,0,0,3,2,40,1,1,8,1,0,0,5,50,99,1,1,98,"777777777777","777777777777","777777777777",0,0
12,121260,1,1,2,29,5,20,12,1,0,1,0,12,2,12,35,12035,4,1998,"1FALP6532WK1","1","F","A","L","P","6","5","3","2","W","K","1",0,0,0,"000000000","00000000000",0,0,0,1,0,0,0,0,0,0,0,55,0,1,5,0,6,2,3,0,0,0,1,97,0,9,9,99,9,9,9,999,999,99,99,99,99,99,99,9999,99,9999,0,6,0,0,0,1,2,55,1,1,8,2,0,0,1,12,99,1,4,6,"777777777777","777777777777","777777777777",2,0
12,121262,1,2,1,15,6,23,34,12,6,1,0,12,2,12,13,12013,6,1998,"3FAFP15P0WR2","3","F","A","F","P","1","5","P","0","W","R","2",0,0,0,"000000000","00000000000",0,0,0,1,0,0,0,0,0,0,0,15,0,0,0,1,6,2,12,0,0,0,1,12,33511,6,1,0,0,3,3,62,999,0,0,0,0,0,0,0,0,0,0,0,0,0,0,3,4,45,1,1,8,1,0,0,11,15,99,1,1,68,"777777777777","777777777777","777777777777",0,0
12,121262,2,2,1,15,6,23,34,12,6,1,0,12,1,34,709,34709,80,2011,"WB1050704BZ0","W","B","1","0","5","0","7","0","4","B","Z","0",0,0,0,"000000000","00000000000",0,0,0,1,0,0,0,0,0,0,0,45,0,0,0,12,6,2,12,0,0,0,1,12,33625,6,1,0,0,3,3,68,999,0,0,0,0,0,0,0,0,0,3,0,0,0,0,3,4,45,1,1,8,1,0,0,1,62,99,1,1,69,"777777777777","777777777777","777777777777",1,1
12,121263,1,1,1,3,3,15,7,8,0,1,0,36,1,55,35,55035,4,2013,"5NPDH4AE3DH4","5","N","P","D","H","4","A","E","3","D","H","4",0,0,0,"000000000","00000000000",0,0,0,1,0,0,0,0,0,0,0,998,0,0,0,12,6,2,8,0,0,0,1,36,13476,6,1,0,0,3,0,67,999,0,0,0,0,0,0,0,0,0,0,0,0,0,0,2,4,55,1,1,8,1,0,0,1,80,99,1,1,13,"777777777777","777777777777","777777777777",0,0
12,121264,1,2,1,16,6,10,37,12,2,1,0,12,1,53,705,53705,80,2015,"JS1GR7NA4F21","J","S","1","G","R","7","N","A","4","F","2","1",0,0,0,"000000000","00000000000",0,0,0,1,0,0,0,0,0,0,0,998,0,0,0,12,6,2,12,0,0,0,1,12,33714,6,1,0,0,3,3,70,999,0,0,0,0,0,0,0,0,0,0,0,0,0,0,1,4,98,1,1,8,1,3,3,1,62,99,1,1,69,"777777777777","777777777777","777777777777",1,0
12,121264,2,2,1,16,6,10,37,12,2,1,0,12,1,49,32,49032,4,2000,"1NXBR12E7YZ3","1","N","X","B","R","1","2","E","7","Y","Z","3",0,0,0,"000000000","00000000000",0,0,0,1,0,0,0,0,0,0,0,998,0,0,0,12,6,2,12,0,0,0,1,12,33705,6,1,0,0,3,3,69,999,0,0,0,0,0,0,0,0,0,0,0,0,0,0,1,4,98,1,1,8,1,0,0,11,15,99,1,1,68,"777777777777","777777777777","777777777777",0,0
12,121265,1,3,2,28,5,14,3,12,1,1,0,12,1,49,402,49402,14,2006,"JTMZD33V2650","J","T","M","Z","D","3","3","V","2","6","5","0",0,0,0,"000000000","00000000000",0,0,0,1,0,0,0,0,0,0,0,50,0,0,0,12,6,2,12,0,0,0,1,12,33446,6,1,0,0,3,3,62,999,0,0,0,0,0,0,0,0,0,0,6,0,0,0,3,6,45,1,1,8,1,3,3,1,50,99,1,1,20,"777777777777","777777777777","777777777777",1,0
12,121265,2,3,1,28,5,14,3,12,1,1,0,12,1,34,34,34034,4,2014,"WBA3A5C52EF6","W","B","A","3","A","5","C","5","2","E","F","6",0,0,0,"000000000","00000000000",0,0,0,1,0,0,0,0,0,0,0,0,0,0,0,6,6,2,12,0,0,0,1,12,33496,6,1,0,0,3,3,68,999,0,0,0,0,0,0,0,0,0,0,0,0,0,0,3,6,45,1,1,8,1,3,3,5,53,99,1,1,21,"777777777777","777777777777","777777777777",0,0
12,121265,3,3,2,28,5,14,3,12,1,1,0,28,4,6,51,6051,4,2015,"2C3CCAAG8FH9","2","C","3","C","C","A","A","G","8","F","H","9",0,0,0,"000000000","00000000000",0,0,0,1,0,0,0,0,0,0,0,30,0,0,0,4,6,2,12,0,0,0,1,36,10006,6,1,0,0,3,3,65,999,1,0,0,0,0,10,2015,10,2015,0,0,0,0,0,3,4,40,1,1,8,1,3,3,1,66,99,1,1,98,"777777777777","777777777777","777777777777",0,0