"STATE","ST_CASE","VEH_NO","VE_FORMS","NUMOCCS","DAY","MONTH","HOUR","MINUTE","HARM_EV","MAN_COLL","UNITTYPE","HIT_RUN","REG_STAT","OWNER","MAKE","MODEL","MAK_MOD","BODY_TYP","MOD_YEAR","VIN","VIN_1","VIN_2","VIN_3","VIN_4","VIN_5","VIN_6","VIN_7","VIN_8","VIN_9","VIN_10","VIN_11","VIN_12","TOW_VEH","J_KNIFE","MCARR_I1","MCARR_I2","MCARR_ID","GVWR","V_CONFIG","CARGO_BT","HAZ_INV","HAZ_PLAC","HAZ_ID","HAZ_CNO","HAZ_REL","BUS_USE","SPEC_USE","EMER_USE","TRAV_SP","UNDERIDE","ROLLOVER","ROLINLOC","IMPACT1","DEFORMED","TOWED","M_HARM","VEH_SC1","VEH_SC2","FIRE_EXP","DR_PRES","L_STATE","DR_ZIP","L_STATUS","L_TYPE","CDL_STAT","L_ENDORS","L_COMPL","L_RESTRI","DR_HGT","DR_WGT","PREV_ACC","PREV_SUS","PREV_DWI","PREV_SPD","PREV_OTH","FIRST_MO","FIRST_YR","LAST_MO","LAST_YR","SPEEDREL","DR_SF1","DR_SF2","DR_SF3","DR_SF4","VTRAFWAY","VNUM_LAN","VSPD_LIM","VALIGN","VPROFILE","VPAVETYP","VSURCOND","VTRAFCON","VTCONT_F","P_CRASH1","P_CRASH2","P_CRASH3","PCRASH4","PCRASH5","ACC_TYPE","TRLR1VIN","TRLR2VIN","TRLR3VIN","DEATHS","DR_DRINK"
12,121311,2,2,4,24,6,21,58,12,9,1,0,12,1,42,42,42042,4,2016,"55SWF4JB6GU1","5","5","S","W","F","4","J","B","6","G","U","1",0,0,0,"000000000","00000000000",0,0,0,1,0,0,0,0,0,0,0,40,0,0,0,6,6,2,12,0,0,0,1,12,33418,6,1,0,0,3,3,66,999,0,0,0,0,0,0,0,0,0,0,0,0,0,0,3,2,40,1,1,8,2,3,3,1,66,99,1,1,98,"777777777777","777777777777","777777777777",1,0
12,121312,1,2,3,25,6,17,15,12,6,1,0,12,1,49,40,49040,4,1993,"JT2AE00E3P00","J","T","2","A","E","0","0","E","3","P","0","0",0,0,0,"000000000","00000000000",0,0,0,1,0,0,0,0,0,0,0,10,0,0,0,9,6,2,12,0,0,0,1,12,33013,6,1,0,0,3,3,62,999,0,0,0,0,0,0,0,0,0,0,0,0,0,0,2,4,30,1,1,8,1,0,0,1,17,99,1,1,89,"777777777777","777777777777","777777777777",1,0
12,121312,2,2,1,25,6,17,15,12,6,1,0,12,1,30,46,30046,4,2012,"1VWBH7A33CC0","1","V","W","B","H","7","A","3","3","C","C","0",0,0,0,"000000000","00000000000",0,0,0,1,0,0,0,0,0,0,0,30,0,0,0,12,6,2,12,0,0,0,1,12,33010,6,1,0,0,3,0,67,999,0,0,0,0,0,0,0,0,0,0,0,0,0,0,2,4,30,1,1,8,1,0,0,1,71,99,1,1,88,"777777777777","777777777777","777777777777",0,0
12,121313,1,1,1,15,5,16,23,38,0,1,0,12,1,49,482,49482,31,2000,"5TBRT3414YS0","5","T","B","R","T","3","4","1","4","Y","S","0",0,0,0,"000000000","00000000000",0,0,0,1,0,0,0,0,0,0,0,45,0,0,0,12,6,2,42,0,0,0,1,12,33032,6,1,0,0,3,3,71,999,1,2,0,0,0,3,2014,2,2016,0,0,0,0,0,1,2,35,1,1,8,1,0,0,1,12,99,1,4,6,"777777777777","777777777777","777777777777",1,0
12,121314,1,1,1,19,6,22,16,59,0,1,0,12,1,98,709,98709,88,2015,"L9NTELKD5E10","L","9","N","T","E","L","K","D","5","E","1","0",0,0,0,"000000000","00000000000",0,0,0,1,0,0,0,0,0,0,0,998,0,0,0,12,6,2,59,0,0,0,1,12,33186,2,1,0,0,2,0,62,999,0,1,0,0,0,6,2013,6,2013,0,0,0,0,0,1,2,98,1,1,8,1,21,3,1,12,99,1,4,6,"777777777777","777777777777","777777777777",1,0
12,121315,1,2,1,24,6,19,37,12,2,1,0,12,1,55,33,55033,4,2005,"KMHWF25H45A2","K","M","H","W","F","2","5","H","4","5","A","2",0,0,0,"000000000","00000000000",0,0,0,1,0,0,0,0,0,0,0,45,0,0,0,12,6,2,12,0,0,0,1,12,34638,6,1,0,0,3,0,64,999,0,0,0,0,0,0,0,0,0,0,58,51,0,0,1,2,45,1,1,8,1,0,0,15,90,6,1,2,52,"777777777777","777777777777","777777777777",1,0
12,121315,2,2,1,24,6,19,37,12,2,1,0,12,1,55,35,55035,5,2014,"KMHD35LH6EU1","K","M","H","D","3","5","L","H","6","E","U","1",0,0,0,"000000000","00000000000",0,0,0,1,0,0,0,0,0,0,0,45,0,0,0,12,6,2,12,0,0,0,1,12,34688,6,1,0,0,3,0,64,999,0,0,0,0,0,0,0,0,0,0,0,0,0,0,1,2,45,1,1,8,1,0,0,1,54,99,1,1,52,"777777777777","777777777777","777777777777",0,0
12,121316,1,1,1,6,6,2,57,42,0,1,0,12,1,37,31,37031,2,1994,"2HGEH2352RH5","2","H","G","E","H","2","3","5","2","R","H","5",0,0,0,"000000000","00000000000",0,0,0,1,0,0,0,0,0,0,0,40,0,0,0,3,6,2,42,0,0,0,1,12,33411,6,1,0,0,3,3,69,999,0,0,0,1,0,4,2016,4,2016,4,6,58,0,0,2,3,40,3,1,8,2,0,0,14,12,99,4,4,7,"777777777777","777777777777","777777777777",1,1
12,121317,1,2,2,11,6,1,59,12,2,1,0,12,1,63,34,63034,4,2013,"5XXGN4A71DG2","5","X","X","G","N","4","A","7","1","D","G","2",0,0,0,"000000000","00000000000",0,0,0,1,0,0,0,0,0,0,0,40,0,0,0,12,6,2,12,0,0,0,1,12,33417,6,1,0,0,3,0,63,999,0,0,0,0,0,0,0,0,0,0,51,0,0,0,5,4,40,1,1,8,1,0,0,1,54,99,1,1,52,"777777777777","777777777777","777777777777",0,1
12,121317,2,2,1,11,6,1,59,12,2,1,0,12,2,49,472,49472,30,2009,"5TENX22N19Z6","5","T","E","N","X","2","2","N","1","9","Z","6",0,0,0,"000000000","00000000000",0,0,0,1,0,0,0,0,0,0,0,40,0,0,0,12,6,2,12,0,0,0,1,12,33411,6,1,0,0,3,0,71,999,0,0,0,1,0,11,2012,11,2012,0,0,0,0,0,5,4,40,1,1,8,1,0,0,1,54,99,1,1,52,"777777777777","777777777777","777777777777",1,0
12,121318,1,1,1,8,6,6,45,33,0,1,9,12,2,24,1,24001,4,1997,"1G8ZK5275VZ1","1","G","8","Z","K","5","2","7","5","V","Z","1",0,0,0,"000000000","00000000000",0,0,0,1,0,0,0,0,0,0,0,45,0,0,0,12,6,2,42,0,0,0,1,12,33484,6,1,0,0,3,3,68,999,0,0,0,0,2,9,2012,6,2014,0,0,0,0,0,2,3,45,1,1,8,1,0,0,1,12,99,1,4,6,"777777777777","777777777777","777777777777",1,0
12,121319,1,2,1,1,6,21,55,12,6,1,0,12,1,37,706,37706,80,2001,"JH2SC44051M1","J","H","2","S","C","4","4","0","5","1","M","1",0,0,0,"000000000","00000000000",0,0,0,1,0,0,0,0,0,0,0,45,0,0,0,12,6,2,12,0,0,0,1,12,33470,1,1,0,0,2,0,69,999,0,1,0,1,1,11,2013,1,2016,3,6,0,0,0,3,4,45,1,1,8,1,0,0,1,17,99,1,1,69,"777777777777","777777777777","777777777777",1,1
12,121319,2,2,1,1,6,21,55,12,6,1,0,12,1,35,47,35047,4,2014,"1N4AL3AP5EN3","1","N","4","A","L","3","A","P","5","E","N","3",0,0,0,"000000000","00000000000",0,0,0,1,0,0,0,0,0,0,0,10,0,1,1,3,6,2,12,0,0,0,1,12,33409,6,1,0,0,3,3,72,999,0,0,0,0,0,0,0,0,0,0,0,0,0,0,3,4,45,1,1,8,1,0,0,11,63,99,1,1,68,"777777777777","777777777777","777777777777",0,0
12,121320,1,2,2,12,3,18,28,12,2,1,1,12,4,20,481,20481,31,2016,"3GCPCREC5GG1","3","G","C","P","C","R","E","C","5","G","G","1",0,0,0,"000000000","00000000000",0,0,0,1,0,0,0,0,0,0,0,999,0,0,0,12,6,2,12,0,0,0,1,99,99999,9,9,99,9,9,9,999,999,99,99,99,99,99,99,9999,99,9999,3,38,35,0,0,1,2,45,3,1,8,1,0,0,6,54,6,1,4,52,"777777777777","777777777777","777777777777",0,0
12,121320,2,2,6,12,3,18,28,12,2,1,0,12,1,12,422,12422,15,1999,"1FMRU1764XLB","1","F","M","R","U","1","7","6","4","X","L","B",0,0,0,"000000000","00000000000",0,0,0,1,0,0,0,0,0,0,0,45,0,1,5,12,6,2,12,0,0,0,1,12,33407,1,1,0,0,2,0,65,999,0,5,0,0,0,5,2013,3,2016,0,0,0,0,0,1,2,45,2,1,8,1,0,0,14,54,7,1,4,52,"777777777777","777777777777","777777777777",1,0
12,121321,1,2,1,13,6,20,53,12,1,1,0,92,0,98,709,98709,88,9999,"999999999999","9","9","9","9","9","9","9","9","9","9","9","9",0,0,0,"000000000","00000000000",0,0,0,1,0,0,0,0,0,0,0,998,0,0,0,6,6,2,12,0,0,0,1,12,33478,6,1,0,0,3,0,69,999,1,0,0,0,1,10,2014,10,2014,0,0,0,0,0,1,2,55,1,1,8,1,0,0,1,53,6,1,2,25,"777777777777","777777777777","777777777777",1,0
12,121321,2,2,2,13,6,20,53,12,1,1,0,12,1,23,481,23481,31,2013,"3GTP1VE00DG3","3","G","T","P","1","V","E","0","0","D","G","3",0,0,0,"000000000","00000000000",0,0,0,1,0,0,0,0,0,0,0,55,0,0,0,12,4,5,12,0,0,0,1,12,33478,6,1,0,0,3,0,73,999,0,0,0,0,0,0,0,0,0,0,0,0,0,0,1,2,55,1,1,8,1,0,0,1,51,6,1,2,24,"777777777777","777777777777","777777777777",0,0
12,121322,1,2,1,21,5,9,52,12,6,1,0,12,1,49,40,49040,4,2006,"4T1BE32K76U6","4","T","1","B","E","3","2","K","7","6","U","6",0,0,0,"000000000","00000000000",0,0,0,1,0,0,0,0,0,0,0,35,0,0,0,8,6,2,12,0,0,0,1,12,33437,6,1,0,0,3,0,61,999,0,0,0,0,0,0,0,0,0,0,38,0,0,0,1,2,35,1,1,8,1,3,3,11,15,99,1,1,82,"777777777777","777777777777","777777777777",1,0
12,121322,2,2,1,21,5,9,52,12,6,1,0,12,1,51,401,51401,14,2008,"YV4CY9821814","Y","V","4","C","Y","9","8","2","1","8","1","4",0,0,0,"000000000","00000000000",0,0,0,1,0,0,0,0,0,0,0,45,0,0,0,12,6,2,12,0,0,0,1,12,33472,6,1,0,0,3,0,64,999,0,0,0,1,0,12,2011,12,2011,0,0,0,0,0,3,4,45,1,1,8,1,3,3,1,67,99,1,1,83,"777777777777","777777777777","777777777777",0,0
12,121323,1,1,1,25,6,19,26,42,0,1,0,12,2,49,472,49472,30,2014,"5TFTX4GN2EX0","5","T","F","T","X","4","G","N","2","E","X","0",0,0,0,"000000000","00000000000",0,0,0,1,0,0,0,0,0,0,0,80,0,1,5,12,6,2,42,0,0,0,1,12,32233,6,1,0,0,3,0,75,999,0,0,0,0,2,6,2012,9,2014,0,6,0,0,0,1,2,60,2,1,8,1,0,0,14,12,99,1,4,6,"777777777777","777777777777","777777777777",1,1
12,121324,1,1,1,16,6,2,0,1,0,1,0,12,1,12,481,12481,31,2004,"1FTNX21P54ED","1","F","T","N","X","2","1","P","5","4","E","D",0,0,0,"000000000","00000000000",0,0,0,1,0,0,0,0,0,0,0,100,0,1,5,0,6,2,1,0,0,0,1,12,32309,6,1,0,0,3,0,65,999,0,0,0,0,0,0,0,0,0,0,58,0,0,0,1,2,55,3,5,8,1,0,0,14,13,6,1,4,6,"777777777777","777777777777","777777777777",1,1
12,121325,1,1,1,19,6,12,0,18,0,1,0,13,3,7,482,7482,31,2002,"3B7KC23652M2","3","B","7","K","C","2","3","6","5","2","M","2",0,0,0,"000000000","00000000000",0,0,0,1,0,0,0,0,0,0,0,60,0,0,0,12,6,2,42,0,0,0,1,12,32344,6,1,0,0,3,0,73,999,0,0,0,0,0,0,0,0,0,0,0,0,0,0,2,2,60,2,1,8,1,0,0,14,12,99,1,4,6,"777777777777","777777777777","777777777777",1,1
12,121326,1,2,1,24,6,18,33,12,1,1,0,12,1,7,472,7472,31,2002,"1B7GL12X52S7","1","B","7","G","L","1","2","X","5","2","S","7",0,0,0,"000000000","00000000000",0,0,0,1,0,0,0,0,0,0,0,55,0,0,0,12,6,2,12,0,0,0,1,12,32666,6,1,0,0,3,3,64,999,0,0,0,0,0,0,0,0,0,0,0,0,0,0,1,2,55,1,1,8,1,0,0,1,51,99,1,1,24,"777777777777","777777777777","777777777777",1,0
12,121326,2,2,1,24,6,18,33,12,1,1,0,12,1,37,32,37032,2,2007,"1HGCM66587A0","1","H","G","C","M","6","6","5","8","7","A","0",0,0,0,"000000000","00000000000",0,0,0,1,0,0,0,0,0,0,0,35,0,0,0,6,6,2,12,0,0,0,1,12,32607,6,1,0,0,3,0,64,999,0,0,0,0,0,0,0,0,0,0,0,0,0,0,1,2,55,1,1,8,1,0,0,1,53,99,1,1,25,"777777777777","777777777777","777777777777",0,0
12,121327,1,2,2,20,6,8,24,12,6,1,0,12,1,20,421,20421,15,1997,"1GNEK13R8VJ3","1","G","N","E","K","1","3","R","8","V","J","3",0,0,0,"000000000","00000000000",0,0,0,1,0,0,0,0,0,0,0,55,0,0,0,12,6,2,12,0,0,0,1,12,33812,6,1,0,0,3,0,74,999,0,0,0,0,0,0,0,0,0,0,28,58,0,0,1,2,55,3,1,8,1,0,0,14,13,6,1,6,64,"777777777777","777777777777","777777777777",1,0
12,121327,2,2,1,20,6,8,24,12,6,1,0,12,3,7,880,7880,67,2013,"3C63RRAL2DG5","3","C","6","3","R","R","A","L","2","D","G","5",1,1,88,"888888888","88888888888",2,4,1,1,0,0,0,0,0,0,0,45,0,0,0,9,6,2,12,0,0,0,1,12,34232,6,1,6,0,3,3,70,999,0,0,0,0,1,4,2016,4,2016,0,0,0,0,0,1,2,55,2,1,8,1,0,0,14,62,7,1,1,65,"1P9BU3423CG4","777777777777","777777777777",0,0
12,121328,1,1,2,5,6,7,47,9,0,1,0,12,1,37,32,37032,4,2016,"1HGCR2F34GA1","1","H","G","C","R","2","F","3","4","G","A","1",0,0,0,"000000000","00000000000",0,0,0,1,0,0,0,0,0,0,0,40,0,0,0,12,6,2,9,0,0,0,1,12,33155,6,1,0,0,3,0,67,999,0,0,0,0,0,0,0,0,0,0,0,0,0,0,3,3,40,1,1,8,1,0,0,1,13,99,1,4,1,"777777777777","777777777777","777777777777",0,1
12,121329,1,3,1,20,6,12,35,12,1,1,0,12,1,55,33,55033,4,2014,"5NPEB4ACXEH8","5","N","P","E","B","4","A","C","X","E","H","8",0,0,0,"000000000","00000000000",0,0,0,1,0,0,0,0,0,0,0,35,0,0,0,12,6,2,12,0,0,0,1,12,34243,6,1,0,0,3,0,68,999,0,0,0,0,1,12,2011,12,2011,0,0,0,0,0,3,4,35,1,1,8,1,3,3,1,50,99,1,1,20,"777777777777","777777777777","777777777777",1,0
12,121329,2,3,1,20,6,12,35,12,1,1,0,12,1,12,402,12402,14,2008,"1FMCU031X8KA","1","F","M","C","U","0","3","1","X","8","K","A",0,0,0,"000000000","00000000000",0,0,0,1,0,0,0,0,0,0,0,0,0,0,0,6,4,5,12,0,0,0,1,12,34235,6,1,0,0,3,3,66,999,0,0,0,0,0,0,0,0,0,0,0,0,0,0,3,4,35,1,1,8,1,3,3,5,53,99,1,1,21,"777777777777","777777777777","777777777777",0,0
12,121329,3,3,1,20,6,12,35,12,1,1,0,12,3,12,461,12461,21,2005,"1FTRE14W45HA","1","F","T","R","E","1","4","W","4","5","H","A",0,0,0,"000000000","00000000000",0,0,0,1,0,0,0,0,0,0,0,0,0,0,0,6,2,5,12,0,0,0,1,12,34286,6,1,0,0,3,0,74,999,0,0,0,1,0,8,2013,8,2013,0,0,0,0,0,3,4,35,1,1,8,1,3,3,5,53,99,1,1,98,"777777777777","777777777777","777777777777",0,0
12,121330,1,1,2,6,6,0,1,8,0,1,0,12,2,7,24,7024,4,2010,"2B3CA5CT6AH1","2","B","3","C","A","5","C","T","6","A","H","1",0,0,0,"000000000","00000000000",0,0,0,1,0,0,0,0,0,0,0,50,0,0,0,12,4,3,8,0,0,0,1,12,34772,6,1,0,0,3,0,70,999,0,0,0,0,0,0,0,0,0,0,0,0,0,0,1,2,50,1,1,8,2,0,0,1,80,99,1,1,13,"777777777777","777777777777","777777777777",0,0
12,121331,1,2,1,25,6,21,10,12,1,1,0,12,2,63,402,63402,14,2007,"KNDJD736X757","K","N","D","J","D","7","3","6","X","7","5","7",0,0,0,"000000000","00000000000",0,0,0,1,0,0,0,0,0,0,0,65,0,0,0,12,6,2,12,0,0,0,1,12,32407,6,1,0,0,3,0,68,999,0,0,0,2,1,6,2015,4,2016,0,6,0,0,0,2,4,65,1,1,8,1,0,0,1,51,99,1,1,24,"777777777777","777777777777","777777777777",0,0
12,121331,2,2,1,25,6,21,10,12,1,1,0,1,1,53,706,53706,80,2006,"JS1VS55A4621","J","S","1","V","S","5","5","A","4","6","2","1",0,0,0,"000000000","00000000000",0,0,0,1,0,0,0,0,0,0,0,10,0,0,0,6,6,2,12,0,0,0,1,1,36362,6,1,0,0,3,0,70,999,0,0,0,0,0,0,0,0,0,0,0,0,0,0,2,4,65,1,1,8,1,0,0,1,53,99,1,1,25,"777777777777","777777777777","777777777777",1,1
12,121332,1,1,1,24,6,11,50,1,0,1,0,12,1,37,705,37705,80,2009,"JH2PC40089K2","J","H","2","P","C","4","0","0","8","9","K","2",0,0,0,"000000000","00000000000",0,0,0,1,0,0,0,0,0,0,0,73,0,0,0,0,6,2,1,0,0,0,1,12,32068,6,1,0,0,3,0,67,999,0,0,0,1,1,5,2015,8,2015,3,0,0,0,0,3,4,45,2,6,8,1,0,0,14,12,99,1,4,6,"777777777777","777777777777","777777777777",1,0
12,121333,1,1,3,21,6,1,50,8,0,1,0,12,2,20,37,20037,4,2013,"1G11B5SA4DF1","1","G","1","1","B","5","S","A","4","D","F","1",0,0,0,"000000000","00000000000",0,0,0,1,0,0,0,0,0,0,0,35,0,0,0,12,6,2,8,0,0,0,1,12,32068,6,1,0,0,3,3,62,999,0,1,0,2,2,5,2013,8,2015,0,0,0,0,0,3,6,45,1,1,8,1,0,0,15,80,6,1,1,13,"777777777777","777777777777","777777777777",0,0
12,121334,1,1,2,23,6,20,0,8,0,1,0,12,2,7,482,7482,31,2003,"3D7KA28603G7","3","D","7","K","A","2","8","6","0","3","G","7",0,0,0,"000000000","00000000000",0,0,0,1,0,0,0,0,0,0,0,5,0,0,0,6,0,5,8,0,0,0,1,12,32807,0,0,0,0,0,0,999,999,0,0,0,0,0,0,0,0,0,0,0,0,0,0,0,0,0,0,0,0,0,0,0,13,80,1,1,1,92,"777777777777","777777777777","777777777777",0,0
12,121335,1,4,1,27,6,18,43,12,2,1,0,12,1,55,41,55041,4,2013,"KMHGC4DD9DU2","K","M","H","G","C","4","D","D","9","D","U","2",0,0,0,"000000000","00000000000",0,0,0,1,0,0,0,0,0,0,0,55,0,0,0,12,6,2,12,0,0,0,1,12,33993,6,1,0,0,3,0,70,999,0,0,0,0,0,0,0,0,0,0,0,0,0,0,2,6,55,1,1,8,1,0,0,15,54,99,1,1,50,"777777777777","777777777777","777777777777",0,0
12,121335,2,4,1,27,6,18,43,12,2,1,0,12,1,7,24,7024,4,2009,"2B3KA33V19H5","2","B","3","K","A","3","3","V","1","9","H","5",0,0,0,"000000000","00000000000",0,0,0,1,0,0,0,0,0,0,0,40,0,0,0,12,6,2,12,0,0,0,1,12,33993,6,1,0,0,3,3,71,999,0,0,0,1,0,12,2012,12,2012,0,0,0,0,0,2,6,55,1,1,8,1,0,0,1,62,99,1,1,51,"777777777777","777777777777","777777777777",1,0
12,121335,3,4,1,27,6,18,43,12,2,1,0,12,1,12,23,12023,4,2015,"3FA6P0LU7FR2","3","F","A","6","P","0","L","U","7","F","R","2",0,0,0,"000000000","00000000000",0,0,0,1,0,0,0,0,0,0,0,0,0,0,0,61,4,5,12,0,0,0,1,12,33904,6,1,0,0,3,0,72,999,0,0,0,0,0,0,0,0,0,0,0,0,0,0,2,6,55,1,1,8,1,0,0,5,53,1,1,1,98,"777777777777","777777777777","777777777777",0,0
12,121335,4,4,3,27,6,18,43,12,2,1,0,12,1,49,40,49040,4,2008,"4T1BE46K18U2","4","T","1","B","E","4","6","K","1","8","U","2",0,0,0,"000000000","00000000000",0,0,0,1,0,0,0,0,0,0,0,15,0,0,0,12,2,5,12,0,0,0,1,12,33976,6,1,0,0,3,0,62,999,0,0,0,0,0,0,0,0,0,0,0,0,0,0,2,6,55,1,1,8,1,0,0,11,62,1,1,1,98,"777777777777","777777777777","777777777777",0,0
12,121336,1,1,1,24,6,11,45,24,0,1,0,12,3,49,482,49482,31,2007,"5TFBV54157X0","5","T","F","B","V","5","4","1","5","7","X","0",0,0,0,"000000000","00000000000",0,0,0,1,0,0,0,0,0,0,0,60,0,0,0,12,6,2,24,0,0,0,1,12,33626,6,1,0,0,3,3,73,999,0,0,0,0,0,0,0,0,0,0,0,0,0,0,3,3,70,1,5,8,1,0,0,1,13,99,1,4,1,"777777777777","777777777777","777777777777",1,0
12,121337,1,7,1,21,6,7,55,12,7,1,0,12,1,12,481,12481,31,1999,"1FTNX21F2XEC","1","F","T","N","X","2","1","F","2","X","E","C",0,0,0,"000000000","00000000000",0,0,0,1,0,0,0,0,0,0,0,70,0,0,0,7,6,2,12,0,0,0,1,12,33844,6,1,0,0,3,0,67,999,0,0,0,0,1,7,2014,7,2014,0,0,0,0,0,3,3,70,1,1,8,1,0,0,15,10,99,1,2,47,"777777777777","777777777777","777777777777",1,0
12,121337,2,7,2,21,6,7,55,12,7,1,0,12,3,12,481,12481,31,2008,"1FTSW21R68EB","1","F","T","S","W","2","1","R","6","8","E","B",0,0,0,"000000000","00000000000",0,0,0,1,0,0,0,0,0,0,0,65,0,0,0,1,4,5,12,0,0,0,1,12,33544,6,1,0,0,3,0,70,999,0,1,0,1,0,2,2012,6,2013,0,0,0,0,0,3,3,70,1,1,8,1,0,0,1,61,99,1,1,45,"777777777777","777777777777","777777777777",0,0
12,121337,3,7,2,21,6,7,55,12,7,1,0,12,2,20,461,20461,21,2007,"1GCFG15XX711","1","G","C","F","G","1","5","X","X","7","1","1",0,0,0,"000000000","00000000000",0,0,0,1,0,0,0,0,0,0,0,70,0,0,0,12,6,2,12,0,0,0,1,12,34741,0,0,0,0,0,0,999,999,0,0,0,0,0,0,0,0,0,0,0,0,0,0,3,3,70,1,1,8,1,0,0,1,62,99,1,1,98,"777777777777","777777777777","777777777777",2,0
12,121337,4,7,3,21,6,7,55,12,7,1,0,12,1,35,47,35047,4,2010,"1N4AL2AP5AN5","1","N","4","A","L","2","A","P","5","A","N","5",0,0,0,"000000000","00000000000",0,0,0,1,0,0,0,0,0,0,0,70,0,0,0,12,6,2,12,0,0,0,1,12,34714,6,1,0,0,3,0,68,999,0,0,0,0,0,0,0,0,0,0,0,0,0,0,3,3,70,1,1,8,1,0,0,1,62,99,1,1,98,"777777777777","777777777777","777777777777",1,0
12,121337,5,7,1,21,6,7,55,12,7,1,0,12,3,87,884,87884,78,2007,"1NPALF0X47D6","1","N","P","A","L","F","0","X","4","7","D","6",0,0,88,"888888888","88888888888",3,19,98,1,0,0,0,0,0,0,0,70,0,0,0,12,4,3,12,0,0,0,1,12,33619,6,1,6,0,3,0,70,999,0,2,0,0,0,3,2014,4,2015,0,0,0,0,0,3,3,70,1,1,8,1,0,0,1,62,99,1,1,98,"777777777777","777777777777","777777777777",0,0
12,121337,6,7,1,21,6,7,55,12,7,1,0,42,3,12,461,12461,21,2015,"1FDWS9PV7FKA","1","F","D","W","S","9","P","V","7","F","K","A",0,0,0,"000000000","00000000000",0,0,0,1,0,0,0,0,0,0,0,60,0,0,0,12,4,5,54,0,0,0,1,12,33811,6,1,0,0,3,0,72,999,0,1,0,0,0,8,2015,8,2015,0,0,0,0,0,3,3,70,1,1,8,1,0,0,1,62,99,1,1,98,"777777777777","777777777777","777777777777",0,0
12,121337,7,7,1,21,6,7,55,12,7,1,0,12,3,12,481,12481,31,2011,"1FTMF1CM0BKD","1","F","T","M","F","1","C","M","0","B","K","D",0,0,0,"000000000","00000000000",0,0,0,1,0,0,0,0,0,0,0,70,0,0,0,12,2,5,54,0,0,0,1,12,33543,6,1,0,0,3,0,63,999,0,1,0,0,0,8,2014,8,2014,0,0,0,0,0,3,3,70,1,1,8,1,0,0,1,62,99,1,1,98,"777777777777","777777777777","777777777777",0,0
12,121338,1,1,1,24,6,1,20,25,0,1,0,12,1,35,51,35051,6,2016,"KNMAT2MT7GX6","K","N","M","A","T","2","M","T","7","G","X","6",0,0,0,"000000000","00000000000",0,0,0,1,0,0,0,0,0,0,0,70,0,0,0,12,6,2,25,0,0,0,1,13,30188,6,1,0,0,3,0,64,289,98,0,0,0,1,2,2016,2,2016,0,6,0,0,0,3,3,70,1,1,8,1,0,0,1,13,99,1,4,1,"777777777777","777777777777","777777777777",1,0
12,121339,1,1,1,21,6,21,52,8,0,1,0,12,1,35,52,35052,6,2013,"JN8AZ2KR9DT3","J","N","8","A","Z","2","K","R","9","D","T","3",0,0,0,"000000000","00000000000",0,0,0,1,0,0,0,0,0,0,0,50,0,0,0,12,6,2,8,0,0,0,1,12,32139,6,1,0,0,3,3,73,999,0,0,0,0,1,4,2015,4,2015,0,0,0,0,0,3,2,55,1,1,8,1,0,0,1,80,99,1,1,13,"777777777777","777777777777","777777777777",0,0
12,121340,1,1,3,22,6,0,10,39,0,1,0,12,3,42,51,42051,4,2013,"WDDLJ7DB9DA0","W","D","D","L","J","7","D","B","9","D","A","0",0,0,0,"000000000","00000000000",0,0,0,1,0,0,0,0,0,0,0,90,0,0,0,9,6,2,39,0,0,0,1,12,33076,6,1,0,0,3,0,72,999,0,0,0,0,0,0,0,0,0,4,0,0,0,0,3,3,65,3,5,8,2,0,0,14,12,7,3,4,7,"777777777777","777777777777","777777777777",3,1
12,121341,1,1,3,26,6,3,9,8,0,1,1,12,2,23,481,23481,31,1995,"2GTEC19K7S15","2","G","T","E","C","1","9","K","7","S","1","5",0,0,0,"000000000","00000000000",0,0,0,1,0,0,0,0,0,0,0,55,0,0,0,14,0,5,8,0,0,0,1,12,32433,6,1,0,0,3,0,72,999,0,1,0,0,1,7,2015,8,2015,0,0,0,0,0,1,2,55,1,1,8,1,0,0,1,80,99,1,1,13,"777777777777","777777777777","777777777777",0,0
12,121342,1,1,2,23,6,16,35,8,0,1,0,24,1,12,24,12024,6,2012,"2FMDK4KC9CBA","2","F","M","D","K","4","K","C","9","C","B","A",0,0,0,"000000000","00000000000",0,0,0,1,0,0,0,0,0,0,0,35,0,0,0,12,4,5,8,0,0,0,1,24,21619,6,1,0,0,3,3,76,200,0,0,0,0,0,0,0,0,0,0,0,0,0,0,4,2,45,1,1,8,1,0,0,1,80,99,1,1,13,"777777777777","777777777777","777777777777",0,0
12,121343,1,1,4,27,6,0,13,53,0,1,0,42,2,12,401,12401,14,1999,"1FMYU24E1XUA","1","F","M","Y","U","2","4","E","1","X","U","A",0,0,0,"000000000","00000000000",0,0,0,1,0,0,0,0,0,0,0,40,0,1,5,12,6,2,1,0,0,0,1,12,32068,0,0,0,0,0,0,74,999,0,0,0,0,0,0,0,0,0,0,36,28,0,0,1,2,25,1,1,8,11,0,0,1,12,7,3,4,7,"777777777777","777777777777","777777777777",1,1
12,121344,1,1,1,20,6,20,55,8,0,1,0,12,2,35,47,35047,4,2009,"1N4AL21E09N5","1","N","4","A","L","2","1","E","0","9","N","5",0,0,0,"000000000","00000000000",0,0,0,1,0,0,0,0,0,0,0,50,0,0,0,12,6,2,8,0,0,0,1,12,34606,6,1,0,0,3,0,60,999,0,0,0,0,0,0,0,0,0,0,0,0,0,0,1,2,50,1,1,8,1,0,0,1,80,1,1,1,13,"777777777777","777777777777","777777777777",0,0