"STATE","ST_CASE","VEH_NO","VE_FORMS","NUMOCCS","DAY","MONTH","HOUR","MINUTE","HARM_EV","MAN_COLL","UNITTYPE","HIT_RUN","REG_STAT","OWNER","MAKE","MODEL","MAK_MOD","BODY_TYP","MOD_YEAR","VIN","VIN_1","VIN_2","VIN_3","VIN_4","VIN_5","VIN_6","VIN_7","VIN_8","VIN_9","VIN_10","VIN_11","VIN_12","TOW_VEH","J_KNIFE","MCARR_I1","MCARR_I2","MCARR_ID","GVWR","V_CONFIG","CARGO_BT","HAZ_INV","HAZ_PLAC","HAZ_ID","HAZ_CNO","HAZ_REL","BUS_USE","SPEC_USE","EMER_USE","TRAV_SP","UNDERIDE","ROLLOVER","ROLINLOC","IMPACT1","DEFORMED","TOWED","M_HARM","VEH_SC1","VEH_SC2","FIRE_EXP","DR_PRES","L_STATE","DR_ZIP","L_STATUS","L_TYPE","CDL_STAT","L_ENDORS","L_COMPL","L_RESTRI","DR_HGT","DR_WGT","PREV_ACC","PREV_SUS","PREV_DWI","PREV_SPD","PREV_OTH","FIRST_MO","FIRST_YR","LAST_MO","LAST_YR","SPEEDREL","DR_SF1","DR_SF2","DR_SF3","DR_SF4","VTRAFWAY","VNUM_LAN","VSPD_LIM","VALIGN","VPROFILE","VPAVETYP","VSURCOND","VTRAFCON","VTCONT_F","P_CRASH1","P_CRASH2","P_CRASH3","PCRASH4","PCRASH5","ACC_TYPE","TRLR1VIN","TRLR2VIN","TRLR3VIN","DEATHS","DR_DRINK"
12,121345,1,1,2,25,6,19,12,42,0,1,0,12,2,7,482,7482,31,2004,"1D7HA18D04S6","1","D","7","H","A","1","8","D","0","4","S","6",0,0,0,"000000000","00000000000",0,0,0,1,0,0,0,0,0,0,0,75,0,1,6,12,6,2,1,0,0,0,1,12,32680,6,1,0,0,3,0,72,999,0,6,0,2,0,2,2013,5,2016,0,6,0,0,0,1,2,60,1,1,8,1,0,0,1,12,99,1,4,6,"777777777777","777777777777","777777777777",1,0
12,121346,1,1,2,18,6,2,7,8,0,1,0,12,2,49,51,49051,4,2007,"JTDBT9239710","J","T","D","B","T","9","2","3","9","7","1","0",0,0,0,"000000000","00000000000",0,0,0,1,0,0,0,0,0,0,0,45,0,0,0,12,6,2,8,0,0,0,1,12,32822,6,1,0,0,3,0,69,999,0,0,0,1,3,5,2016,5,2016,0,0,0,0,0,3,2,45,1,1,8,1,0,0,1,80,99,1,1,13,"777777777777","777777777777","777777777777",0,0
12,121347,1,1,4,21,3,2,37,42,0,1,0,12,2,14,6,14006,4,2005,"2MEHM75W55X6","2","M","E","H","M","7","5","W","5","5","X","6",0,0,0,"000000000","00000000000",0,0,0,1,0,0,0,0,0,0,0,90,0,0,0,4,6,2,42,0,0,0,1,12,34232,6,1,0,0,3,0,74,999,0,0,0,2,1,7,2013,10,2013,3,0,0,0,0,2,2,45,2,1,8,1,0,0,14,12,99,1,4,6,"777777777777","777777777777","777777777777",3,1
12,121348,1,1,1,12,6,16,30,1,0,1,0,12,1,72,706,72706,80,2012,"1HD1KHM17CB6","1","H","D","1","K","H","M","1","7","C","B","6",0,0,0,"000000000","00000000000",0,0,0,1,0,0,0,0,0,0,0,50,0,0,0,0,6,2,1,0,0,0,1,12,32312,6,1,0,0,3,0,74,999,0,0,0,0,0,0,0,0,0,0,6,0,0,0,1,2,50,2,1,8,1,98,3,14,12,99,1,4,6,"777777777777","777777777777","777777777777",1,1
12,121349,1,2,1,17,6,7,35,12,2,1,0,12,1,63,402,63402,14,2014,"5XYKT3A69EG4","5","X","Y","K","T","3","A","6","9","E","G","4",0,0,0,"000000000","00000000000",0,0,0,1,0,0,0,0,0,0,0,15,0,0,0,12,6,2,12,0,0,0,1,12,33844,6,1,0,0,3,0,66,999,0,3,0,1,2,2,2012,2,2014,0,38,0,0,0,2,3,55,1,1,8,1,20,3,11,15,99,1,1,82,"777777777777","777777777777","777777777777",0,0
12,121349,2,2,1,17,6,7,35,12,2,1,0,12,1,37,706,37706,80,2007,"JH2SC57067M3","J","H","2","S","C","5","7","0","6","7","M","3",0,0,0,"000000000","00000000000",0,0,0,1,0,0,0,0,0,0,0,100,0,0,0,12,6,2,12,0,0,0,1,12,33853,6,1,0,0,3,0,71,999,0,1,0,2,0,10,2013,10,2015,0,0,0,0,0,2,3,55,1,1,8,1,0,0,1,67,99,1,1,83,"777777777777","777777777777","777777777777",1,0
12,121350,1,1,1,24,6,0,2,8,0,1,0,12,2,12,443,12443,20,2007,"2FMZA51647BA","2","F","M","Z","A","5","1","6","4","7","B","A",0,0,0,"000000000","00000000000",0,0,0,1,0,0,0,0,0,0,0,25,0,0,0,12,0,5,8,0,0,0,1,12,32174,6,1,0,0,3,3,71,999,0,0,0,0,0,0,0,0,0,0,0,0,0,0,2,2,35,1,1,8,1,0,0,1,80,1,1,1,13,"777777777777","777777777777","777777777777",0,0
12,121351,1,2,1,29,6,10,26,12,6,1,0,12,2,7,422,7422,15,2006,"1D4HD38N26F1","1","D","4","H","D","3","8","N","2","6","F","1",0,0,0,"000000000","00000000000",0,0,0,1,0,0,0,0,0,0,0,998,0,0,0,12,2,3,12,0,0,0,1,12,32065,2,1,0,0,2,0,70,999,0,3,0,0,0,9,2012,10,2015,0,0,0,0,0,1,2,45,1,1,8,1,20,3,1,17,99,1,1,86,"777777777777","777777777777","777777777777",1,0
12,121351,2,2,1,29,6,10,26,12,6,1,0,12,1,12,25,12025,6,2013,"2FMGK5C86DBD","2","F","M","G","K","5","C","8","6","D","B","D",0,0,0,"000000000","00000000000",0,0,0,1,0,0,0,0,0,0,0,998,0,0,0,5,4,5,12,0,0,0,1,12,32065,6,1,0,0,3,0,68,999,0,0,0,1,0,7,2015,7,2015,0,0,0,0,0,3,3,45,1,1,8,1,0,0,1,66,99,1,1,87,"777777777777","777777777777","777777777777",0,0
12,121352,1,2,2,16,6,15,13,12,6,1,0,12,2,20,22,20022,4,2008,"1G1AL58FX872","1","G","1","A","L","5","8","F","X","8","7","2",0,0,0,"000000000","00000000000",0,0,0,1,0,0,0,0,0,0,0,20,0,0,0,1,6,2,12,0,0,0,1,12,33066,6,1,0,0,3,3,64,999,0,0,0,0,0,0,0,0,0,0,38,0,0,0,3,2,40,1,1,8,2,3,3,11,15,99,1,1,68,"777777777777","777777777777","777777777777",1,0
12,121352,2,2,1,16,6,15,13,12,6,1,0,12,1,49,40,49040,4,2016,"4T1BF1FK8GU5","4","T","1","B","F","1","F","K","8","G","U","5",0,0,0,"000000000","00000000000",0,0,0,1,0,0,0,0,0,0,0,40,0,0,0,12,6,2,12,0,0,0,1,12,33026,6,1,0,0,3,0,72,999,1,0,0,3,1,5,2012,10,2014,0,0,0,0,0,3,2,40,1,1,8,2,3,3,1,62,99,1,1,69,"777777777777","777777777777","777777777777",0,0
12,121353,1,2,1,27,6,3,51,12,2,1,0,12,2,20,481,20481,31,2003,"1GCHK23103F1","1","G","C","H","K","2","3","1","0","3","F","1",0,0,0,"000000000","00000000000",0,0,0,1,0,0,0,0,0,0,0,52,0,0,0,12,6,2,12,0,0,0,1,12,32025,6,1,0,0,3,0,66,999,1,0,0,2,0,7,2015,10,2015,0,51,0,0,0,1,2,60,1,1,8,1,0,0,1,10,99,1,2,50,"777777777777","777777777777","777777777777",1,0
12,121353,2,2,1,27,6,3,51,12,2,1,0,12,1,51,881,51881,66,2000,"4V4ND4JJ3YN2","4","V","4","N","D","4","J","J","3","Y","N","2",1,3,12,"2639145","122639145",3,6,1,1,0,0,0,0,0,0,0,61,0,1,5,12,6,2,12,0,0,0,1,12,32060,6,1,6,0,3,0,67,999,0,0,0,0,0,0,0,0,0,0,0,0,0,0,1,2,60,1,1,8,1,0,0,1,62,99,1,1,51,"FLT2354GG","777777777777","777777777777",0,0
12,121355,1,1,1,27,5,13,21,42,0,1,0,12,2,22,18,22018,4,2003,"1G2NW52E13C1","1","G","2","N","W","5","2","E","1","3","C","1",0,0,0,"000000000","00000000000",0,0,0,1,0,0,0,0,0,0,0,998,0,1,5,12,6,2,42,0,0,0,1,12,33873,6,1,0,0,3,0,67,999,0,0,0,0,0,0,0,0,0,0,6,35,36,0,1,2,55,1,1,8,1,0,0,6,12,99,1,4,6,"777777777777","777777777777","777777777777",1,1
12,121356,1,1,99,2,7,21,28,8,0,1,1,12,9,12,24,12024,6,2007,"2FMDK38C97BB","2","F","M","D","K","3","8","C","9","7","B","B",0,0,0,"000000000","00000000000",0,0,0,1,0,0,0,0,0,0,0,999,0,0,0,12,4,5,8,0,0,0,1,99,99999,9,9,99,9,9,9,999,999,99,99,99,99,99,99,9999,99,9999,0,0,0,0,0,5,5,35,1,1,2,1,0,0,1,80,99,1,1,13,"777777777777","777777777777","777777777777",0,0
12,121357,1,1,1,23,6,0,55,38,0,1,0,12,1,7,482,7482,31,2003,"3D7KA28C23G7","3","D","7","K","A","2","8","C","2","3","G","7",0,0,0,"000000000","00000000000",0,0,0,1,0,0,0,0,0,0,0,55,0,0,0,98,6,2,38,0,0,0,1,12,33196,6,1,0,0,3,0,65,999,0,2,0,0,0,3,2013,8,2013,0,0,0,0,0,1,2,35,1,1,8,1,0,0,6,13,99,1,4,1,"777777777777","777777777777","777777777777",1,0
12,121358,1,2,1,30,6,20,39,12,6,1,0,12,1,76,706,76706,80,2009,"JYARN23Y89A0","J","Y","A","R","N","2","3","Y","8","9","A","0",0,0,0,"000000000","00000000000",0,0,0,1,0,0,0,0,0,0,0,100,0,0,0,12,6,2,12,0,0,0,1,12,32615,6,1,0,0,3,0,65,999,0,0,0,0,0,0,0,0,0,3,6,0,0,0,3,2,45,1,1,8,1,0,0,1,17,99,1,1,83,"777777777777","777777777777","777777777777",1,0
12,121358,2,2,1,30,6,20,39,12,6,1,0,12,1,35,43,35043,4,2015,"3N1AB7AP6FY3","3","N","1","A","B","7","A","P","6","F","Y","3",0,0,0,"000000000","00000000000",0,0,0,1,0,0,0,0,0,0,0,20,0,0,0,83,6,2,12,0,0,0,1,12,32641,6,1,0,0,3,3,67,999,0,0,0,1,0,10,2011,10,2011,0,0,0,0,0,3,4,45,1,1,8,1,0,0,11,66,99,1,1,82,"777777777777","777777777777","777777777777",0,0
12,121359,1,2,1,2,7,15,13,12,2,1,0,12,2,49,46,49046,5,2012,"JTDKN3DU9C54","J","T","D","K","N","3","D","U","9","C","5","4",0,0,0,"000000000","00000000000",0,0,0,1,0,0,0,0,0,0,0,55,0,0,0,12,6,2,12,0,0,0,1,12,32927,6,1,0,0,3,0,73,999,0,0,0,2,0,4,2013,4,2015,0,39,0,0,0,2,4,55,1,1,8,1,3,3,1,62,99,1,1,69,"777777777777","777777777777","777777777777",0,0
12,121359,2,2,2,2,7,15,13,12,2,1,0,12,1,55,36,55036,4,2013,"KMHCT4AE4DU3","K","M","H","C","T","4","A","E","4","D","U","3",0,0,0,"000000000","00000000000",0,0,0,1,0,0,0,0,0,0,0,35,0,0,0,12,6,2,12,0,0,0,1,12,32926,6,1,0,0,3,0,64,999,0,0,0,0,0,0,0,0,0,0,0,0,0,0,2,4,55,1,1,8,1,3,3,11,15,99,1,1,68,"777777777777","777777777777","777777777777",1,0
12,121360,1,1,1,24,4,3,0,39,0,1,0,12,1,30,42,30042,5,2016,"3VW547AUXGM0","3","V","W","5","4","7","A","U","X","G","M","0",0,0,0,"000000000","00000000000",0,0,0,1,0,0,0,0,0,0,0,80,0,0,0,1,6,2,39,0,0,0,1,12,32780,6,1,0,0,3,0,71,999,0,0,0,1,0,9,2015,9,2015,3,6,0,0,0,4,3,35,3,4,8,1,0,0,14,6,99,1,4,1,"777777777777","777777777777","777777777777",1,1
12,121361,1,2,1,28,6,12,1,54,11,1,0,12,3,82,881,82881,66,2000,"1FUPCSEB9YDB","1","F","U","P","C","S","E","B","9","Y","D","B",1,1,12,"1707167","121707167",3,6,3,1,0,0,0,0,0,0,0,40,0,0,0,18,4,5,54,0,0,0,1,12,32221,6,1,6,0,3,0,74,999,0,0,0,0,0,0,0,0,0,0,0,0,0,0,1,2,45,1,1,8,1,0,0,2,98,6,1,2,98,"2M513161X811","777777777777","777777777777",0,0
12,121361,2,2,1,28,6,12,1,54,11,1,0,12,1,7,482,7482,31,2001,"3B7KC23601G1","3","B","7","K","C","2","3","6","0","1","G","1",1,1,0,"000000000","00000000000",0,0,0,1,0,0,0,0,0,0,0,45,0,0,0,13,6,2,54,0,0,0,1,12,33547,6,1,0,0,3,0,67,999,2,0,0,0,1,4,2013,8,2014,0,0,0,0,0,1,2,45,1,1,8,1,0,0,1,98,99,1,1,98,"5YCBE2022EH0","777777777777","777777777777",1,0
12,121362,1,2,1,11,6,22,45,12,1,1,0,12,1,23,481,23481,31,2008,"3GTEC13CX8G1","3","G","T","E","C","1","3","C","X","8","G","1",0,0,0,"000000000","00000000000",0,0,0,1,0,0,0,0,0,0,0,60,0,0,0,12,6,2,12,0,0,0,1,12,33647,6,1,6,0,3,0,72,999,0,0,0,0,0,0,0,0,0,0,6,28,0,0,1,2,30,1,1,8,1,0,0,6,10,99,1,2,73,"777777777777","777777777777","777777777777",0,1
12,121362,2,2,2,11,6,22,45,12,1,1,0,12,2,49,32,49032,4,1999,"1NXBR12E1XZ2","1","N","X","B","R","1","2","E","1","X","Z","2",0,0,0,"000000000","00000000000",0,0,0,1,0,0,0,0,0,0,0,15,0,0,0,6,6,2,12,0,0,0,1,12,33771,6,1,0,0,3,3,68,999,0,0,0,0,1,12,2015,12,2015,0,0,0,0,0,1,2,30,1,1,8,1,0,0,11,60,99,1,1,72,"777777777777","777777777777","777777777777",1,0
12,121363,1,1,3,27,6,4,35,24,0,1,0,45,2,23,401,23401,14,2003,"1GKDS13S0322","1","G","K","D","S","1","3","S","0","3","2","2",0,0,0,"000000000","00000000000",0,0,0,1,0,0,0,0,0,0,0,75,0,0,0,2,6,2,24,0,0,0,1,45,29927,6,1,0,0,3,3,71,999,0,1,0,0,0,12,2011,12,2011,0,28,0,0,0,3,3,55,2,1,8,1,0,0,14,13,99,1,4,1,"777777777777","777777777777","777777777777",1,1
12,121364,1,3,1,11,6,16,0,12,6,1,0,12,1,12,17,12017,6,2008,"1FMDK07W58GA","1","F","M","D","K","0","7","W","5","8","G","A",0,0,0,"000000000","00000000000",0,0,0,1,0,0,0,0,0,0,0,45,0,0,0,12,6,2,12,0,0,0,1,42,16601,6,1,0,0,3,0,63,999,0,0,0,0,0,0,0,0,0,0,39,0,0,0,2,2,45,1,1,8,1,3,3,1,17,99,1,1,86,"777777777777","777777777777","777777777777",0,0
12,121364,2,3,1,11,6,16,0,12,6,1,0,12,1,20,481,20481,31,2001,"1GCEC14W91Z1","1","G","C","E","C","1","4","W","9","1","Z","1",0,0,0,"000000000","00000000000",0,0,0,1,0,0,0,0,0,0,0,45,0,0,0,3,6,2,12,0,0,0,1,12,34667,6,1,0,0,3,3,66,999,0,0,0,0,0,0,0,0,0,0,0,0,0,0,2,2,45,1,1,8,1,3,3,1,66,99,1,1,87,"777777777777","777777777777","777777777777",1,0
12,121364,3,3,1,11,6,16,0,12,6,1,0,12,1,20,481,20481,31,2003,"1GCEC14V33E1","1","G","C","E","C","1","4","V","3","3","E","1",0,0,0,"000000000","00000000000",0,0,0,1,0,0,0,0,0,0,0,0,0,0,0,1,4,5,54,0,0,0,1,12,34654,6,1,0,0,3,0,70,999,0,1,0,0,0,12,2014,12,2014,0,0,0,0,0,2,2,45,1,4,8,1,3,3,5,98,1,1,1,98,"777777777777","777777777777","777777777777",0,0
12,121365,1,1,1,2,5,6,11,11,0,1,0,12,1,72,706,72706,80,2005,"1HD1FCW175Y6","1","H","D","1","F","C","W","1","7","5","Y","6",0,0,0,"000000000","00000000000",0,0,0,1,0,0,0,0,0,0,0,998,0,0,0,12,6,2,11,0,0,0,1,12,33843,6,1,0,0,3,3,71,999,0,0,0,1,0,9,2011,9,2011,3,0,0,0,0,1,2,35,1,6,8,1,0,0,1,87,99,1,1,13,"777777777777","777777777777","777777777777",1,0
12,121366,1,2,1,15,5,18,41,12,2,1,0,12,5,35,39,35039,4,2003,"JNKDA31A83T1","J","N","K","D","A","3","1","A","8","3","T","1",0,0,0,"000000000","00000000000",0,0,0,1,0,0,0,0,0,0,0,998,0,1,6,12,6,2,19,0,0,0,1,12,32607,2,1,0,0,2,0,71,999,0,2,0,0,0,10,2014,8,2015,0,8,0,0,0,1,2,45,1,1,8,1,0,0,1,10,99,1,2,50,"777777777777","777777777777","777777777777",1,1
12,121366,2,2,2,15,5,18,41,12,2,1,0,12,1,37,32,37032,4,2004,"JHMCM56764C0","J","H","M","C","M","5","6","7","6","4","C","0",0,0,0,"000000000","00000000000",0,0,0,1,0,0,0,0,0,0,0,998,0,0,0,12,4,3,12,0,0,0,1,12,33810,6,1,0,0,3,3,73,999,0,0,0,0,0,0,0,0,0,0,0,0,0,0,1,2,45,1,1,8,1,0,0,1,62,99,1,1,51,"777777777777","777777777777","777777777777",0,0
12,121367,1,1,3,2,7,22,0,5,0,1,0,12,2,99,998,99998,95,2012,"999999999999","9","9","9","9","9","9","9","9","9","9","9","9",0,0,0,"000000000","00000000000",0,0,0,1,0,0,0,0,0,0,0,5,0,0,0,0,0,3,5,0,0,0,1,12,32309,6,1,0,0,3,0,62,999,0,0,0,0,1,3,2013,3,2013,0,0,0,0,0,1,2,30,3,6,8,1,0,0,14,98,1,1,1,0,"777777777777","777777777777","777777777777",1,1
12,121368,1,1,1,7,6,12,30,38,0,1,0,12,2,63,34,63034,4,2012,"5XXGM4A75CG0","5","X","X","G","M","4","A","7","5","C","G","0",0,0,0,"000000000","00000000000",0,0,0,1,0,0,0,0,0,0,0,998,0,0,0,12,6,2,38,0,0,0,1,12,33848,6,1,0,0,3,0,71,999,0,0,0,1,0,1,2013,1,2013,0,0,0,0,0,1,2,55,1,1,8,2,0,0,1,13,99,1,4,1,"777777777777","777777777777","777777777777",1,0
12,121369,1,2,1,3,7,16,10,12,2,1,0,12,1,55,33,55033,4,2000,"KMHWF25S9YA1","K","M","H","W","F","2","5","S","9","Y","A","1",0,0,0,"000000000","00000000000",0,0,0,1,0,0,0,0,0,0,0,80,0,0,0,12,6,2,12,0,0,0,1,12,32305,6,1,0,0,3,0,61,999,0,2,0,1,2,12,2012,10,2014,0,28,0,0,0,1,2,55,1,1,8,2,0,0,1,54,99,1,1,52,"777777777777","777777777777","777777777777",1,0
12,121369,2,2,1,3,7,16,10,12,2,1,0,12,1,49,40,49040,4,2002,"4T1BE32K12U5","4","T","1","B","E","3","2","K","1","2","U","5",0,0,0,"000000000","00000000000",0,0,0,1,0,0,0,0,0,0,0,55,0,0,0,12,6,2,12,0,0,0,1,12,32304,6,1,0,0,3,0,77,999,0,2,0,1,1,4,2012,1,2014,0,0,0,0,0,1,2,55,1,1,8,2,0,0,1,54,99,1,1,52,"777777777777","777777777777","777777777777",1,0
12,121370,1,2,1,23,6,15,9,12,6,1,0,12,1,76,706,76706,80,2016,"JYARN33E3GA0","J","Y","A","R","N","3","3","E","3","G","A","0",0,0,0,"000000000","00000000000",0,0,0,1,0,0,0,0,0,0,0,15,0,0,0,12,4,3,12,0,0,0,1,12,33186,6,1,0,0,3,0,70,999,1,0,0,0,0,3,2015,3,2015,3,0,0,0,0,1,2,30,1,1,8,1,20,3,1,17,99,1,1,88,"777777777777","777777777777","777777777777",1,0
12,121370,2,2,1,23,6,15,9,12,6,1,0,12,3,49,422,49422,15,2014,"5TDYY5G14ES0","5","T","D","Y","Y","5","G","1","4","E","S","0",0,0,0,"000000000","00000000000",0,0,0,1,0,0,0,0,0,0,0,70,0,0,0,9,6,2,12,0,0,0,1,12,33176,6,1,0,0,3,0,70,999,0,0,0,0,0,0,0,0,0,0,0,0,0,0,1,2,30,1,1,8,1,0,0,1,66,99,1,1,89,"777777777777","777777777777","777777777777",0,0
12,121371,1,1,1,21,6,14,55,42,0,1,0,12,1,7,482,7482,31,2005,"1D7HA18NX5S3","1","D","7","H","A","1","8","N","X","5","S","3",0,0,0,"000000000","00000000000",0,0,0,1,0,0,0,0,0,0,0,55,0,0,0,1,6,2,42,0,0,0,1,12,34736,6,1,0,0,3,3,74,999,0,1,0,1,0,7,2013,3,2015,0,0,0,0,0,1,2,55,1,6,8,1,0,0,1,12,99,1,4,6,"777777777777","777777777777","777777777777",1,0
12,121372,1,1,1,19,6,4,56,25,0,1,0,12,1,55,36,55036,4,2011,"KMHCN4AC6BU6","K","M","H","C","N","4","A","C","6","B","U","6",0,0,0,"000000000","00000000000",0,0,0,1,0,0,0,0,0,0,0,75,0,0,0,12,6,2,25,0,0,0,1,12,33130,6,1,0,0,3,0,61,999,0,0,0,0,1,4,2016,4,2016,0,0,0,0,0,3,6,60,1,1,8,2,0,0,1,12,99,1,4,6,"777777777777","777777777777","777777777777",1,1
12,121373,1,2,1,28,6,6,9,12,6,1,0,12,2,2,404,2404,14,2004,"1J4GW48S94C1","1","J","4","G","W","4","8","S","9","4","C","1",0,0,0,"000000000","00000000000",0,0,0,1,0,0,0,0,0,0,0,45,0,0,0,12,6,2,12,0,0,0,1,12,34972,6,1,0,0,3,3,66,999,0,3,0,0,0,9,2014,4,2015,0,39,0,0,0,1,2,55,1,1,8,1,20,3,1,17,99,1,1,88,"777777777777","777777777777","777777777777",1,1
12,121373,2,2,1,28,6,6,9,12,6,1,0,12,3,12,481,12481,31,2014,"1FTFW1ET8EFA","1","F","T","F","W","1","E","T","8","E","F","A",0,0,0,"000000000","00000000000",0,0,0,1,0,0,0,0,0,0,0,65,0,0,0,7,6,2,12,0,0,0,1,12,32966,6,1,0,0,3,3,71,999,0,0,0,1,0,2,2015,2,2015,0,0,0,0,0,1,2,60,1,1,8,1,0,0,1,66,99,1,1,89,"777777777777","777777777777","777777777777",0,0
12,121374,1,1,4,26,6,9,11,1,0,1,0,13,2,23,421,23421,15,2003,"1GKEK13Z03J1","1","G","K","E","K","1","3","Z","0","3","J","1",0,0,0,"000000000","00000000000",0,0,0,1,0,0,0,0,0,0,0,70,0,2,1,0,6,2,1,0,0,0,1,13,31907,0,0,0,0,0,0,999,999,98,0,0,0,0,0,0,0,0,0,0,0,0,0,3,2,70,1,1,8,1,0,0,1,12,7,3,6,98,"777777777777","777777777777","777777777777",1,0
12,121375,1,1,1,25,6,4,40,8,0,1,0,13,2,20,481,20481,31,2000,"1GCEC14V3YZ3","1","G","C","E","C","1","4","V","3","Y","Z","3",0,0,0,"000000000","00000000000",0,0,0,1,0,0,0,0,0,0,0,55,0,0,0,12,6,2,8,0,0,0,1,13,31778,6,2,0,0,3,0,75,180,98,0,0,1,0,3,2016,3,2016,0,28,0,0,0,1,2,55,1,1,8,1,0,0,1,87,6,1,2,13,"777777777777","777777777777","777777777777",0,0
12,121376,1,2,1,16,6,23,0,12,2,1,0,12,1,35,43,35043,4,2008,"3N1AB61E78L7","3","N","1","A","B","6","1","E","7","8","L","7",0,0,0,"000000000","00000000000",0,0,0,1,0,0,0,0,0,0,0,60,0,0,0,12,6,2,12,0,0,0,1,12,32404,6,1,0,0,3,3,65,999,0,0,0,1,0,10,2015,10,2015,0,28,0,0,0,1,2,60,1,1,8,1,0,0,1,10,99,1,2,50,"777777777777","777777777777","777777777777",1,0
12,121376,2,2,2,16,6,23,0,12,2,1,0,13,2,12,481,12481,31,2006,"1FTWW33PX6EA","1","F","T","W","W","3","3","P","X","6","E","A",0,0,0,"000000000","00000000000",0,0,0,1,0,0,0,0,0,0,0,65,0,0,0,12,6,2,12,0,0,0,1,13,30606,6,1,0,0,3,3,72,200,98,2,0,1,3,1,2012,4,2016,0,0,0,0,0,1,2,60,1,1,8,1,0,0,1,62,99,1,1,51,"777777777777","777777777777","777777777777",0,0
12,121377,1,1,1,24,6,4,26,30,0,1,0,12,1,12,401,12401,14,1996,"1FMDU32X9TUB","1","F","M","D","U","3","2","X","9","T","U","B",0,0,0,"000000000","00000000000",0,0,0,1,0,0,0,0,0,0,0,50,0,0,0,11,6,2,30,0,0,0,1,12,33176,6,1,0,0,3,0,69,999,1,2,0,1,0,4,2014,1,2016,0,6,0,0,0,3,3,45,1,1,8,2,0,0,1,13,99,3,4,2,"777777777777","777777777777","777777777777",1,1
12,121378,1,1,2,26,6,21,30,9,0,1,0,12,1,34,37,34037,4,2004,"WBAGN83414DK","W","B","A","G","N","8","3","4","1","4","D","K",0,0,0,"000000000","00000000000",0,0,0,1,0,0,0,0,0,0,0,70,0,0,0,12,6,2,9,0,0,0,1,12,32179,6,1,0,0,3,0,76,999,0,0,0,0,0,0,0,0,0,0,0,0,0,0,1,2,45,1,6,8,1,0,0,1,83,99,1,1,13,"777777777777","777777777777","777777777777",0,1
12,121379,1,2,1,3,7,1,4,12,1,1,0,12,2,37,706,37706,80,2007,"JH2SC570X7M3","J","H","2","S","C","5","7","0","X","7","M","3",0,0,0,"000000000","00000000000",0,0,0,1,0,0,0,0,0,0,0,999,0,0,0,12,6,2,12,0,0,0,1,12,33624,6,1,0,0,3,0,65,999,0,1,0,0,0,2,2015,2,2015,4,0,0,0,0,3,3,60,1,1,8,1,0,0,1,51,99,1,1,24,"777777777777","777777777777","777777777777",1,0
12,121379,2,2,3,3,7,1,4,12,1,1,0,12,2,24,7,24007,4,2003,"1G8AJ52F43Z1","1","G","8","A","J","5","2","F","4","3","Z","1",0,0,0,"000000000","00000000000",0,0,0,1,0,0,0,0,0,0,0,20,0,0,0,6,6,2,12,0,0,0,1,12,33614,6,1,0,0,3,0,72,999,0,0,0,0,0,0,0,0,0,0,0,0,0,0,3,3,60,1,1,8,1,0,0,1,53,99,1,1,25,"777777777777","777777777777","777777777777",0,0
12,121380,1,1,1,28,6,21,35,8,0,1,0,12,4,20,421,20421,15,2016,"1GNSCBKC2GR2","1","G","N","S","C","B","K","C","2","G","R","2",0,0,0,"000000000","00000000000",0,0,0,1,0,0,0,0,0,0,0,32,0,0,0,12,6,2,8,0,0,0,1,12,33860,6,1,0,0,3,0,65,999,1,5,0,4,3,9,2011,5,2016,0,0,0,0,0,3,6,40,1,1,8,1,0,0,1,80,99,1,1,13,"777777777777","777777777777","777777777777",0,0
12,121381,1,1,1,1,7,0,0,59,0,1,0,12,2,35,403,35403,14,2012,"JN8AF5MR4CT1","J","N","8","A","F","5","M","R","4","C","T","1",0,0,0,"000000000","00000000000",0,0,0,1,0,0,0,0,0,0,0,45,0,1,5,99,6,2,42,0,0,0,1,12,33713,6,1,0,0,3,0,69,999,1,0,0,0,1,10,2011,11,2011,0,6,0,0,0,1,2,45,1,1,8,99,0,0,1,13,99,1,4,1,"777777777777","777777777777","777777777777",1,1
12,121382,1,1,1,26,6,3,57,24,0,1,0,47,2,35,47,35047,4,2005,"1N4AL11D25N4","1","N","4","A","L","1","1","D","2","5","N","4",0,0,0,"000000000","00000000000",0,0,0,1,0,0,0,0,0,0,0,45,0,1,6,61,6,2,1,0,0,0,1,12,32832,6,1,0,0,3,0,67,999,0,2,0,1,0,7,2011,6,2016,0,6,0,0,0,3,2,45,1,1,8,1,0,0,1,13,99,3,4,2,"777777777777","777777777777","777777777777",1,1
12,121383,1,1,1,22,6,20,58,3,0,1,0,12,1,37,31,37031,4,2016,"19XFC2F57GE0","1","9","X","F","C","2","F","5","7","G","E","0",0,0,0,"000000000","00000000000",0,0,0,1,0,0,0,0,0,0,0,55,0,0,0,0,6,2,3,0,0,0,1,12,33064,6,1,0,0,3,0,65,999,0,0,0,0,0,0,0,0,0,0,0,0,0,0,3,5,55,1,1,8,1,0,0,1,13,99,1,4,0,"777777777777","777777777777","777777777777",1,0