"STATE","ST_CASE","VEH_NO","VE_FORMS","NUMOCCS","DAY","MONTH","HOUR","MINUTE","HARM_EV","MAN_COLL","UNITTYPE","HIT_RUN","REG_STAT","OWNER","MAKE","MODEL","MAK_MOD","BODY_TYP","MOD_YEAR","VIN","VIN_1","VIN_2","VIN_3","VIN_4","VIN_5","VIN_6","VIN_7","VIN_8","VIN_9","VIN_10","VIN_11","VIN_12","TOW_VEH","J_KNIFE","MCARR_I1","MCARR_I2","MCARR_ID","GVWR","V_CONFIG","CARGO_BT","HAZ_INV","HAZ_PLAC","HAZ_ID","HAZ_CNO","HAZ_REL","BUS_USE","SPEC_USE","EMER_USE","TRAV_SP","UNDERIDE","ROLLOVER","ROLINLOC","IMPACT1","DEFORMED","TOWED","M_HARM","VEH_SC1","VEH_SC2","FIRE_EXP","DR_PRES","L_STATE","DR_ZIP","L_STATUS","L_TYPE","CDL_STAT","L_ENDORS","L_COMPL","L_RESTRI","DR_HGT","DR_WGT","PREV_ACC","PREV_SUS","PREV_DWI","PREV_SPD","PREV_OTH","FIRST_MO","FIRST_YR","LAST_MO","LAST_YR","SPEEDREL","DR_SF1","DR_SF2","DR_SF3","DR_SF4","VTRAFWAY","VNUM_LAN","VSPD_LIM","VALIGN","VPROFILE","VPAVETYP","VSURCOND","VTRAFCON","VTCONT_F","P_CRASH1","P_CRASH2","P_CRASH3","PCRASH4","PCRASH5","ACC_TYPE","TRLR1VIN","TRLR2VIN","TRLR3VIN","DEATHS","DR_DRINK"
12,121384,1,1,2,3,7,4,25,8,0,1,0,12,2,49,51,49051,4,2007,"JTDBT9235710","J","T","D","B","T","9","2","3","5","7","1","0",0,0,0,"000000000","00000000000",0,0,0,1,0,0,0,0,0,0,0,55,0,0,0,12,6,2,8,0,0,0,1,12,33578,6,1,0,0,3,3,77,999,0,0,0,0,0,0,0,0,0,0,0,0,0,0,2,2,45,1,1,8,1,0,0,1,80,1,1,1,13,"777777777777","777777777777","777777777777",0,0
12,121385,1,2,1,23,6,22,19,12,6,1,0,12,1,12,481,12481,31,2003,"1FTSW31P63ED","1","F","T","S","W","3","1","P","6","3","E","D",0,0,0,"000000000","00000000000",0,0,0,1,0,0,0,0,0,0,0,45,0,1,5,12,6,2,1,0,0,0,1,12,33406,6,1,0,0,3,0,75,999,0,0,0,0,0,0,0,0,0,0,0,0,0,0,2,6,45,1,1,8,1,3,3,1,66,99,1,1,86,"777777777777","777777777777","777777777777",1,0
12,121385,2,2,1,23,6,22,19,12,6,1,0,12,1,99,999,99999,99,9999,"888888888888","8","8","8","8","8","8","8","8","8","8","8","8",0,0,0,"000000000","00000000000",0,0,0,1,0,0,0,0,0,0,0,30,0,1,5,3,6,2,1,0,0,0,1,12,33406,6,1,0,0,3,0,75,999,0,0,0,0,0,0,0,0,0,0,0,0,0,0,1,4,30,1,1,8,1,3,3,1,66,99,1,1,87,"777777777777","777777777777","777777777777",0,0
12,121386,1,1,1,5,7,4,35,1,0,1,0,12,1,20,421,20421,15,2003,"1GNEK13Z73R2","1","G","N","E","K","1","3","Z","7","3","R","2",0,0,0,"000000000","00000000000",0,0,0,1,0,0,0,0,0,0,0,67,0,1,5,0,6,2,1,0,0,0,1,12,32073,6,1,0,0,3,0,73,999,0,3,1,0,0,4,2015,5,2015,0,6,0,0,0,6,1,70,2,6,8,1,0,0,14,12,99,1,4,6,"777777777777","777777777777","777777777777",1,0
12,121387,1,1,1,28,6,23,30,33,0,1,0,12,1,53,706,53706,80,2006,"JS1GR7KA3621","J","S","1","G","R","7","K","A","3","6","2","1",0,0,0,"000000000","00000000000",0,0,0,1,0,0,0,0,0,0,0,80,0,0,0,12,6,2,42,0,0,0,1,12,33760,6,1,0,0,3,3,71,999,0,0,0,0,0,0,0,0,0,0,6,0,0,0,2,2,40,2,6,8,1,0,0,14,12,99,1,4,6,"777777777777","777777777777","777777777777",1,1
12,121388,1,2,1,12,6,21,48,12,1,1,0,12,2,48,45,48045,4,2009,"4S3BL6165972","4","S","3","B","L","6","1","6","5","9","7","2",0,0,0,"000000000","00000000000",0,0,0,1,0,0,0,0,0,0,0,70,0,0,0,12,6,2,12,0,0,0,1,12,34293,6,1,0,0,3,0,70,999,1,0,0,0,0,5,2012,5,2012,0,6,0,0,0,3,4,70,2,1,8,1,0,0,14,10,99,1,4,32,"777777777777","777777777777","777777777777",1,0
12,121388,2,2,1,12,6,21,48,12,1,1,0,12,1,84,881,84881,61,1997,"1HTSCABK4VH4","1","H","T","S","C","A","B","K","4","V","H","4",0,0,77,"777777777","77777777777",2,1,98,1,0,0,0,0,0,0,0,5,0,0,0,6,4,5,12,0,0,0,1,12,33625,6,1,0,0,3,3,71,999,0,0,0,0,0,0,0,0,0,0,0,0,0,0,3,4,70,2,1,8,1,0,0,98,61,99,1,5,32,"777777777777","777777777777","777777777777",0,0
12,121389,1,2,2,3,7,11,38,12,7,1,0,12,2,49,43,49043,4,1998,"4T1BF18BXWU2","4","T","1","B","F","1","8","B","X","W","U","2",0,0,0,"000000000","00000000000",0,0,0,1,0,0,0,0,0,0,0,70,0,0,0,7,6,2,42,0,0,0,1,12,32433,6,1,0,0,3,3,64,999,0,0,0,0,0,0,0,0,0,0,0,0,0,0,3,3,70,1,1,8,1,0,0,15,10,99,1,2,47,"777777777777","777777777777","777777777777",1,0
12,121389,2,2,1,3,7,11,38,12,7,1,0,12,1,35,47,35047,4,2005,"1N4BL11E75C3","1","N","4","B","L","1","1","E","7","5","C","3",0,0,0,"000000000","00000000000",0,0,0,1,0,0,0,0,0,0,0,70,0,0,0,1,4,3,12,0,0,0,1,12,32425,6,1,0,0,3,0,62,999,0,2,0,0,0,4,2014,9,2014,0,0,0,0,0,3,3,70,1,1,8,1,0,0,1,61,99,1,1,45,"777777777777","777777777777","777777777777",0,0
12,121390,1,2,34,2,7,5,16,12,6,1,0,12,3,90,981,90981,58,1979,"F14833","F","1","4","8","3","3","","","","","","",0,0,12,"1310998","121310998",3,21,22,1,0,0,0,0,8,0,0,45,0,0,0,11,6,2,12,0,0,1,1,12,33430,6,1,6,0,3,0,72,999,1,1,0,1,0,11,2011,7,2013,0,39,0,0,0,1,2,45,1,1,8,1,4,3,1,17,99,1,1,89,"777777777777","777777777777","777777777777",3,0
12,121390,2,2,2,2,7,5,16,12,6,1,0,36,3,82,881,82881,66,2005,"1FUJA6CK55PU","1","F","U","J","A","6","C","K","5","5","P","U",1,1,36,"24880","3624880",3,6,1,1,0,0,0,0,0,0,0,45,0,0,0,12,6,2,12,0,0,1,1,36,11726,6,1,6,0,3,0,69,999,0,0,0,0,0,0,0,0,0,0,0,0,0,0,1,2,45,1,1,8,1,4,3,1,66,16,1,1,88,"1kkve5320gl2","777777777777","777777777777",1,0
12,121391,1,4,1,27,6,19,52,12,2,1,0,9,2,32,43,32043,4,2011,"WAUBFAFL8BN0","W","A","U","B","F","A","F","L","8","B","N","0",0,0,0,"000000000","00000000000",0,0,0,1,0,0,0,0,0,0,0,45,0,0,0,12,6,2,12,0,0,0,1,12,33036,1,1,0,0,2,3,67,999,0,1,0,0,0,5,2016,5,2016,0,28,0,0,0,1,2,45,1,1,8,1,0,0,1,10,99,1,2,50,"777777777777","777777777777","777777777777",1,1
12,121391,2,4,1,27,6,19,52,12,2,1,0,12,1,84,884,84884,64,2006,"3HAJFAVK96L3","3","H","A","J","F","A","V","K","9","6","L","3",0,0,77,"777777777","77777777777",2,1,98,1,0,0,0,0,0,0,0,40,0,0,0,12,6,2,12,0,0,0,1,12,33034,6,1,0,0,2,0,64,999,0,0,0,0,1,9,2015,9,2015,0,0,0,0,0,1,2,45,1,1,8,1,0,0,1,62,99,1,1,51,"777777777777","777777777777","777777777777",0,0
12,121391,3,4,5,27,6,19,52,12,2,1,0,12,1,49,403,49403,14,2008,"JTEES41A4820","J","T","E","E","S","4","1","A","4","8","2","0",0,0,0,"000000000","00000000000",0,0,0,1,0,0,0,0,0,0,0,40,0,0,0,12,6,2,12,0,0,0,1,12,34223,6,1,0,0,3,3,63,999,0,0,0,0,0,0,0,0,0,0,0,0,0,0,1,2,45,1,1,8,1,0,0,1,62,7,1,1,98,"777777777777","777777777777","777777777777",0,0
12,121391,4,4,1,27,6,19,52,12,2,1,0,12,1,12,37,12037,4,2012,"1FAHP3J21CL3","1","F","A","H","P","3","J","2","1","C","L","3",0,0,0,"000000000","00000000000",0,0,0,1,0,0,0,0,0,0,0,30,0,0,0,14,6,2,54,0,0,0,1,12,33155,6,1,0,0,3,0,67,999,1,1,0,0,0,4,2012,10,2013,0,0,0,0,0,1,2,45,1,1,8,1,0,0,1,98,99,1,1,98,"777777777777","777777777777","777777777777",0,0
12,121392,1,1,2,2,7,9,50,45,0,1,0,26,1,20,481,20481,31,2003,"1GCHK23215F9","1","G","C","H","K","2","3","2","1","5","F","9",1,1,0,"000000000","00000000000",0,0,0,1,0,0,0,0,0,0,0,70,0,0,0,12,6,2,45,0,0,0,1,26,49117,6,1,0,0,3,3,71,254,0,0,0,0,0,0,0,0,0,0,6,0,0,0,3,2,70,1,1,8,1,0,0,1,11,99,1,4,15,"53bltea10eu0","777777777777","777777777777",1,0
12,121393,1,1,2,3,7,1,47,32,0,1,0,12,1,12,23,12023,4,2006,"3FAFP06Z46R1","3","F","A","F","P","0","6","Z","4","6","R","1",0,0,0,"000000000","00000000000",0,0,0,1,0,0,0,0,0,0,0,45,0,1,5,12,6,2,1,0,0,0,1,12,32097,1,1,0,0,2,0,64,999,0,0,0,0,0,0,0,0,0,0,6,0,0,0,1,2,45,1,1,8,1,0,0,1,13,99,1,4,1,"777777777777","777777777777","777777777777",1,0
12,121394,1,1,1,26,5,13,0,1,0,1,0,12,3,98,884,98884,72,1980,"DH1S22005AV","D","H","1","S","2","2","0","0","5","A","V","",0,0,88,"888888888","88888888888",3,19,98,1,0,0,0,0,0,0,0,65,0,1,5,0,6,2,1,0,0,0,1,12,33604,6,1,6,0,3,3,76,999,0,0,0,0,0,0,0,0,0,0,0,0,0,0,3,3,70,1,6,8,1,0,0,1,1,99,1,4,1,"777777777777","777777777777","777777777777",1,0
12,121395,1,2,1,26,6,22,34,12,2,1,0,12,1,12,3,12003,2,2002,"1FAFP40422F1","1","F","A","F","P","4","0","4","2","2","F","1",0,0,0,"000000000","00000000000",0,0,0,1,0,0,0,0,0,0,0,35,0,0,0,12,6,2,12,0,0,0,1,12,32826,6,1,0,0,3,0,67,999,0,0,0,0,2,8,2013,3,2014,0,38,0,0,0,1,2,35,1,1,8,1,0,0,11,15,99,1,1,68,"777777777777","777777777777","777777777777",0,0
12,121395,2,2,1,26,6,22,34,12,2,1,0,12,1,53,705,53705,80,2001,"JS1GN79A0121","J","S","1","G","N","7","9","A","0","1","2","1",0,0,0,"000000000","00000000000",0,0,0,1,0,0,0,0,0,0,0,35,0,0,0,12,6,2,12,0,0,0,1,12,32826,6,1,0,0,3,0,70,999,1,1,0,0,2,3,2014,3,2016,0,0,0,0,0,1,2,35,1,1,8,1,0,0,1,62,99,1,1,69,"777777777777","777777777777","777777777777",1,0
12,121396,1,2,1,2,7,15,56,12,6,1,0,12,1,12,422,12422,15,1998,"1FMPU18L4WLA","1","F","M","P","U","1","8","L","4","W","L","A",0,0,0,"000000000","00000000000",0,0,0,1,0,0,0,0,0,0,0,15,0,0,0,8,6,2,12,0,0,0,1,12,32617,6,1,0,0,3,3,64,999,0,0,0,0,1,3,2013,3,2013,0,38,0,0,0,1,2,25,1,1,8,1,0,0,11,15,99,1,1,82,"777777777777","777777777777","777777777777",0,0
12,121396,2,2,1,2,7,15,56,12,6,1,0,12,2,54,31,54031,4,1995,"JH4DB7651SS0","J","H","4","D","B","7","6","5","1","S","S","0",0,0,0,"000000000","00000000000",0,0,0,1,0,0,0,0,0,0,0,65,0,0,0,12,6,2,12,0,0,0,1,12,34472,6,1,0,0,3,0,63,999,0,0,0,0,0,0,0,0,0,0,0,0,0,0,2,2,55,1,1,8,1,0,0,1,72,16,1,1,83,"777777777777","777777777777","777777777777",1,0
12,121397,1,2,1,27,5,9,2,12,6,1,0,42,1,49,46,49046,5,2009,"JTDKB20U2935","J","T","D","K","B","2","0","U","2","9","3","5",0,0,0,"000000000","00000000000",0,0,0,1,0,0,0,0,0,0,0,20,0,0,0,9,6,2,12,0,0,0,1,42,16066,6,1,0,0,3,0,72,999,0,0,0,0,0,0,0,0,0,0,0,0,0,0,6,1,70,3,1,8,1,20,3,11,15,99,1,1,82,"777777777777","777777777777","777777777777",0,0
12,121397,2,2,1,27,5,9,2,12,6,1,0,12,1,37,706,37706,80,2002,"1HFSC49012A0","1","H","F","S","C","4","9","0","1","2","A","0",0,0,0,"000000000","00000000000",0,0,0,1,0,0,0,0,0,0,0,45,0,0,0,12,6,2,12,0,0,0,1,12,33860,6,1,0,0,3,3,75,999,0,0,0,0,0,0,0,0,0,0,0,0,0,0,2,2,45,1,1,8,1,0,0,1,67,99,1,1,83,"777777777777","777777777777","777777777777",1,0
12,121398,1,1,1,28,6,23,49,9,0,1,0,12,2,7,422,7422,15,2011,"1D4SE4GT6BC6","1","D","4","S","E","4","G","T","6","B","C","6",0,0,0,"000000000","00000000000",0,0,0,1,0,0,0,0,0,0,0,50,0,0,0,12,6,2,9,0,0,0,1,12,34772,6,1,0,0,3,0,67,999,0,0,0,1,0,5,2013,5,2013,0,38,0,0,0,1,2,55,1,1,8,2,0,0,1,83,99,1,1,13,"777777777777","777777777777","777777777777",0,1
12,121399,1,4,1,2,7,5,40,12,2,1,0,12,1,30,47,30047,3,2005,"3VWCR31CX5M4","3","V","W","C","R","3","1","C","X","5","M","4",0,0,0,"000000000","00000000000",0,0,0,1,0,0,0,0,0,0,0,60,0,0,0,12,6,2,12,0,0,0,1,12,33540,6,1,0,0,3,3,71,999,0,0,0,0,1,11,2011,11,2011,0,0,0,0,0,1,2,60,1,4,8,1,98,3,1,54,99,1,1,53,"777777777777","777777777777","777777777777",1,0
12,121399,2,4,2,2,7,5,40,12,2,1,0,12,1,12,401,12401,14,1999,"1FMZU32E6XUA","1","F","M","Z","U","3","2","E","6","X","U","A",0,0,0,"000000000","00000000000",0,0,0,1,0,0,0,0,0,0,0,60,0,0,0,12,6,2,12,0,0,0,1,12,33568,6,1,0,0,3,0,68,999,0,0,0,0,0,0,0,0,0,0,0,0,0,0,1,2,60,1,4,8,1,98,3,1,54,99,1,1,53,"777777777777","777777777777","777777777777",2,1
12,121399,3,4,3,2,7,5,40,12,2,1,0,12,3,12,481,12481,31,2013,"1FTEW1CM4DFD","1","F","T","E","W","1","C","M","4","D","F","D",0,0,0,"000000000","00000000000",0,0,0,1,0,0,0,0,0,0,0,50,0,0,0,12,6,2,12,0,0,0,1,12,33626,6,1,6,0,3,0,72,999,0,0,0,0,0,0,0,0,0,0,0,0,0,0,1,2,60,1,4,8,1,98,3,1,51,99,1,1,98,"777777777777","777777777777","777777777777",0,0
12,121399,4,4,1,2,7,5,40,12,2,1,0,12,1,20,471,20471,30,1994,"1GCCS1447R81","1","G","C","C","S","1","4","4","7","R","8","1",0,0,0,"000000000","00000000000",0,0,0,1,0,0,0,0,0,0,0,50,0,0,0,12,6,2,12,0,0,0,1,12,33610,6,1,0,0,3,0,71,999,0,0,0,0,0,0,0,0,0,0,0,0,0,0,3,2,60,1,4,8,1,98,3,1,51,99,1,1,98,"777777777777","777777777777","777777777777",0,0
12,121400,1,2,2,4,7,1,11,12,6,1,0,12,2,49,46,49046,5,2005,"JTDKB20U0530","J","T","D","K","B","2","0","U","0","5","3","0",0,0,0,"000000000","00000000000",0,0,0,1,0,0,0,0,0,0,0,25,0,0,0,3,6,2,12,0,0,0,1,12,32818,6,1,0,0,3,0,72,999,0,0,0,0,0,0,0,0,0,0,39,0,0,0,3,4,35,1,1,8,1,4,3,1,17,99,1,1,87,"777777777777","777777777777","777777777777",2,0
12,121400,2,2,1,4,7,1,11,12,6,1,0,12,1,20,481,20481,31,1996,"1GCGK29F7TE1","1","G","C","G","K","2","9","F","7","T","E","1",0,0,0,"000000000","00000000000",0,0,0,1,0,0,0,0,0,0,0,46,0,0,0,12,6,2,12,0,0,0,1,12,32832,6,1,6,0,3,3,68,999,0,1,0,0,1,2,2014,7,2015,0,0,0,0,0,4,2,45,1,1,8,1,4,3,1,66,99,1,1,86,"777777777777","777777777777","777777777777",0,0
12,121401,1,1,1,29,6,0,44,8,0,1,0,12,3,20,461,20461,21,2006,"1GCFG15X5611","1","G","C","F","G","1","5","X","5","6","1","1",0,0,0,"000000000","00000000000",0,0,0,1,0,0,0,0,0,0,0,3,0,0,0,12,0,5,8,0,0,0,1,12,33040,6,1,0,0,3,3,67,999,1,0,0,0,0,4,2013,4,2013,0,0,0,0,0,1,2,30,1,1,8,1,0,0,11,80,99,1,1,13,"777777777777","777777777777","777777777777",0,0
12,121402,1,2,1,7,7,15,4,12,6,1,0,12,1,53,40,53040,9,2008,"JS2YB4131851","J","S","2","Y","B","4","1","3","1","8","5","1",0,0,0,"000000000","00000000000",0,0,0,1,0,0,0,0,0,0,0,10,0,0,0,12,6,2,12,0,0,0,1,12,34986,6,1,0,0,3,0,64,999,0,0,0,0,0,0,0,0,0,0,0,0,0,0,3,4,40,1,1,8,1,0,0,99,17,99,1,1,88,"777777777777","777777777777","777777777777",0,0
12,121402,2,2,1,7,7,15,4,12,6,1,0,12,1,72,706,72706,80,2013,"1HD1KEM1XDB6","1","H","D","1","K","E","M","1","X","D","B","6",0,0,0,"000000000","00000000000",0,0,0,1,0,0,0,0,0,0,0,40,0,0,0,9,6,2,12,0,0,0,1,12,34953,6,1,0,0,3,0,68,999,0,0,0,0,0,0,0,0,0,0,0,0,0,0,3,4,40,1,1,8,1,0,0,1,17,99,1,1,89,"777777777777","777777777777","777777777777",1,0
12,121403,1,1,1,29,6,19,15,9,0,1,1,12,4,49,40,49040,4,2016,"4T1BF1FK4GU1","4","T","1","B","F","1","F","K","4","G","U","1",0,0,0,"000000000","00000000000",0,0,0,1,0,0,0,0,0,0,0,65,0,0,0,12,4,5,9,0,0,0,1,12,33154,6,1,0,0,3,3,68,999,1,0,0,1,0,4,2012,4,2016,0,6,0,0,0,3,4,65,1,1,8,1,0,0,1,13,99,1,4,13,"777777777777","777777777777","777777777777",0,1
12,121404,1,2,2,1,7,21,40,12,7,1,0,12,2,37,31,37031,4,2014,"19XFB2F85EE0","1","9","X","F","B","2","F","8","5","E","E","0",0,0,0,"000000000","00000000000",0,0,0,1,0,0,0,0,0,0,0,65,0,0,0,11,4,5,12,0,0,0,1,12,33543,6,1,0,0,3,0,75,999,0,0,0,0,0,0,0,0,0,0,6,0,0,0,3,4,65,1,1,8,1,0,0,1,10,99,1,2,45,"777777777777","777777777777","777777777777",0,1
12,121404,2,2,3,1,7,21,40,12,7,1,0,12,1,23,481,23481,31,2012,"1GTR1TEXXCZ2","1","G","T","R","1","T","E","X","X","C","Z","2",0,0,0,"000000000","00000000000",0,0,0,1,0,0,0,0,0,0,0,65,0,1,1,5,6,2,1,0,0,0,1,12,34748,6,1,0,0,3,0,69,999,0,0,0,1,0,6,2015,6,2015,0,0,0,0,0,3,4,65,1,1,8,1,0,0,1,60,99,1,1,44,"777777777777","777777777777","777777777777",3,0
12,121405,1,2,6,2,7,4,30,12,1,1,1,28,2,35,421,35421,15,2005,"5N1AA08A25N7","5","N","1","A","A","0","8","A","2","5","N","7",0,0,0,"000000000","00000000000",0,0,0,1,0,0,0,0,0,0,0,70,0,0,0,12,4,5,12,0,0,0,1,28,39117,3,7,0,0,2,3,61,999,98,0,0,1,0,8,2015,8,2015,0,6,0,0,0,2,2,70,1,1,8,1,0,0,1,51,99,1,1,24,"777777777777","777777777777","777777777777",0,0
12,121405,2,2,2,2,7,4,30,12,1,1,0,12,1,6,441,6441,20,2010,"2A4RR4DE6AR3","2","A","4","R","R","4","D","E","6","A","R","3",0,0,0,"000000000","00000000000",0,0,0,1,0,0,0,0,0,0,0,55,0,0,0,6,6,2,12,0,0,0,1,12,32547,6,1,0,0,3,3,71,999,0,0,0,0,0,0,0,0,0,0,0,0,0,0,2,2,70,1,1,8,1,0,0,1,53,99,1,1,25,"777777777777","777777777777","777777777777",2,0
12,121406,1,4,1,30,6,9,20,24,0,1,0,12,3,85,881,85881,66,1996,"1XKWDB9X9TS7","1","X","K","W","D","B","9","X","9","T","S","7",1,3,12,"1690843","121690843",3,6,3,1,0,0,0,0,0,0,0,65,0,0,0,12,6,2,24,0,0,0,1,12,32904,6,1,6,3,3,3,72,999,0,0,0,0,0,0,0,0,0,0,80,0,0,0,3,3,70,1,1,8,1,0,0,1,1,99,4,4,7,"112SE25197L0","777777777777","777777777777",0,0
12,121406,2,4,1,30,6,9,20,24,0,1,0,12,2,37,441,37441,20,2015,"5FNRL5H91FB0","5","F","N","R","L","5","H","9","1","F","B","0",0,0,0,"000000000","00000000000",0,0,0,1,0,0,0,0,0,0,0,70,0,0,0,11,4,5,54,0,0,0,1,12,32908,6,1,0,0,3,0,62,999,0,0,0,1,0,3,2015,3,2015,0,0,0,0,0,3,3,70,1,1,8,1,0,0,1,98,99,1,1,98,"777777777777","777777777777","777777777777",0,0
12,121406,3,4,1,30,6,9,20,24,0,1,0,12,3,84,884,84884,66,1995,"1HSHEAEN9SH6","1","H","S","H","E","A","E","N","9","S","H","6",1,1,12,"177304","12177304",3,6,1,1,0,0,0,0,0,0,0,70,0,0,0,12,6,2,54,0,0,0,1,12,32174,6,1,6,0,3,0,70,999,0,0,0,0,0,0,0,0,0,0,0,0,0,0,3,3,70,1,1,8,1,0,0,1,98,99,1,1,98,"1JJV572Y6KL1","777777777777","777777777777",1,0
12,121406,4,4,1,30,6,9,20,24,0,1,0,12,1,20,461,20461,21,2001,"1GCFG29M7112","1","G","C","F","G","2","9","M","7","1","1","2",0,0,0,"000000000","00000000000",0,0,0,1,0,0,0,0,0,0,0,70,0,0,0,3,4,5,54,0,0,0,1,12,32909,6,1,0,0,3,0,71,999,0,0,0,0,0,0,0,0,0,0,0,0,0,0,3,3,70,1,1,8,1,0,0,1,98,99,1,1,98,"777777777777","777777777777","777777777777",0,0
12,121407,1,3,1,1,7,4,45,8,0,1,0,12,1,12,481,12481,31,2006,"1FTPW14536FA","1","F","T","P","W","1","4","5","3","6","F","A",0,0,0,"000000000","00000000000",0,0,0,1,0,0,0,0,0,0,0,35,0,0,0,12,0,5,8,0,0,0,1,12,32926,6,1,0,0,3,0,69,999,0,0,0,1,0,5,2013,5,2013,0,0,0,0,0,1,2,35,1,1,8,1,0,0,1,80,99,1,1,13,"777777777777","777777777777","777777777777",0,0
12,121407,2,3,1,1,7,4,45,8,0,1,0,12,1,20,481,20481,31,2016,"3GCPCSEC6GG1","3","G","C","P","C","S","E","C","6","G","G","1",0,0,0,"000000000","00000000000",0,0,0,1,0,0,0,0,0,0,0,35,0,0,0,12,0,5,8,0,0,0,1,12,32927,6,1,0,0,3,0,73,999,0,0,0,0,0,0,0,0,0,0,0,0,0,0,1,2,35,1,1,8,1,0,0,1,80,99,1,1,98,"777777777777","777777777777","777777777777",0,0
12,121407,3,3,1,1,7,4,45,8,0,1,0,12,2,19,20,19020,6,2012,"3GYFNAE38CS5","3","G","Y","F","N","A","E","3","8","C","S","5",0,0,0,"000000000","00000000000",0,0,0,1,0,0,0,0,0,0,0,35,0,0,0,12,0,5,8,0,0,0,1,12,32927,6,1,0,0,3,3,66,999,0,0,0,0,0,0,0,0,0,0,0,0,0,0,1,2,35,1,1,8,1,0,0,1,80,99,1,1,98,"777777777777","777777777777","777777777777",0,0
12,121408,1,1,1,4,7,17,45,1,0,1,0,12,1,72,706,72706,80,2003,"1HD1BXB133Y1","1","H","D","1","B","X","B","1","3","3","Y","1",0,0,0,"000000000","00000000000",0,0,0,1,0,0,0,0,0,0,0,25,0,0,0,0,4,3,1,0,0,0,1,12,32119,6,1,0,0,3,3,71,999,0,0,0,1,0,3,2014,3,2014,0,0,0,0,0,1,2,25,3,1,8,1,0,0,14,13,99,1,4,1,"777777777777","777777777777","777777777777",1,1
12,121409,1,1,1,6,3,23,8,30,0,1,0,12,2,20,37,20037,4,2013,"1G11B5SAXDF3","1","G","1","1","B","5","S","A","X","D","F","3",0,0,0,"000000000","00000000000",0,0,0,1,0,0,0,0,0,0,0,15,0,0,0,12,6,2,30,0,0,0,1,12,33176,6,1,0,0,3,0,67,999,0,1,0,0,2,8,2012,10,2015,0,6,0,0,0,1,2,30,1,1,8,1,0,0,1,13,99,1,4,1,"777777777777","777777777777","777777777777",1,0
12,121412,1,4,1,29,6,6,40,12,1,1,0,12,2,14,402,14402,14,2008,"4M2CU81148KJ","4","M","2","C","U","8","1","1","4","8","K","J",0,0,0,"000000000","00000000000",0,0,0,1,0,0,0,0,0,0,0,50,0,0,0,12,6,2,12,0,0,0,1,12,32208,6,1,0,0,3,0,66,999,0,0,0,1,0,1,2016,1,2016,0,6,0,0,0,3,4,55,1,1,8,1,0,0,1,50,99,1,1,20,"777777777777","777777777777","777777777777",0,0
12,121412,2,4,1,29,6,6,40,12,1,1,0,12,1,49,472,49472,30,1997,"4TAVL52N4VZ3","4","T","A","V","L","5","2","N","4","V","Z","3",0,0,0,"000000000","00000000000",0,0,0,1,0,0,0,0,0,0,0,0,0,0,0,6,6,2,12,0,0,0,1,12,32073,6,1,0,0,3,0,71,999,0,0,0,0,0,0,0,0,0,0,0,0,0,0,3,4,55,1,1,8,1,0,0,5,53,99,1,1,21,"777777777777","777777777777","777777777777",1,0
12,121412,3,4,1,29,6,6,40,12,1,1,0,12,2,20,405,20405,14,2014,"3GNAL4EK4ES5","3","G","N","A","L","4","E","K","4","E","S","5",0,0,0,"000000000","00000000000",0,0,0,1,0,0,0,0,0,0,0,0,0,0,0,6,6,2,12,0,0,0,1,12,33146,6,1,0,0,3,3,65,999,0,0,0,0,0,0,0,0,0,0,0,0,0,0,3,4,55,1,1,8,1,0,0,5,53,99,1,1,98,"777777777777","777777777777","777777777777",0,0
12,121412,4,4,1,29,6,6,40,12,1,1,0,12,1,32,43,32043,4,2006,"WAUAF78E76A1","W","A","U","A","F","7","8","E","7","6","A","1",0,0,0,"000000000","00000000000",0,0,0,1,0,0,0,0,0,0,0,0,0,0,0,6,4,5,12,0,0,0,1,12,32216,6,1,0,0,3,0,62,999,0,0,0,0,0,0,0,0,0,0,0,0,0,0,3,4,55,1,1,8,1,0,0,5,53,99,1,1,98,"777777777777","777777777777","777777777777",0,0
12,121413,1,1,1,21,5,23,16,38,0,1,0,12,1,24,7,24007,4,2004,"1G8AL54F34Z1","1","G","8","A","L","5","4","F","3","4","Z","1",0,0,0,"000000000","00000000000",0,0,0,1,0,0,0,0,0,0,0,80,0,1,6,12,6,2,38,0,0,0,1,12,33030,0,0,0,0,0,0,999,999,0,2,0,0,0,1,2015,6,2015,0,6,0,0,0,1,2,40,1,1,8,1,0,0,1,12,99,1,4,6,"777777777777","777777777777","777777777777",1,0
12,121414,1,1,2,25,6,1,54,42,0,1,0,12,2,37,32,37032,4,2014,"1HGCR2F58EA1","1","H","G","C","R","2","F","5","8","E","A","1",0,0,0,"000000000","00000000000",0,0,0,1,0,0,0,0,0,0,0,45,0,1,3,12,6,2,42,0,0,0,1,12,33144,6,1,0,0,3,0,61,999,0,0,0,0,0,0,0,0,0,0,6,0,0,0,3,2,45,1,1,8,1,0,0,1,12,99,1,4,6,"777777777777","777777777777","777777777777",1,0
12,121415,1,1,1,10,7,1,36,33,0,1,0,12,1,72,706,72706,80,2005,"1HD1FFW145Y6","1","H","D","1","F","F","W","1","4","5","Y","6",0,0,0,"000000000","00000000000",0,0,0,1,0,0,0,0,0,0,0,40,0,0,0,12,6,2,33,0,0,0,1,12,32091,6,1,0,0,3,0,67,999,0,1,0,1,1,9,2013,6,2016,0,6,0,0,0,2,3,35,1,1,8,1,0,0,1,12,99,1,4,6,"777777777777","777777777777","777777777777",1,0