"STATE","ST_CASE","VEH_NO","VE_FORMS","NUMOCCS","DAY","MONTH","HOUR","MINUTE","HARM_EV","MAN_COLL","UNITTYPE","HIT_RUN","REG_STAT","OWNER","MAKE","MODEL","MAK_MOD","BODY_TYP","MOD_YEAR","VIN","VIN_1","VIN_2","VIN_3","VIN_4","VIN_5","VIN_6","VIN_7","VIN_8","VIN_9","VIN_10","VIN_11","VIN_12","TOW_VEH","J_KNIFE","MCARR_I1","MCARR_I2","MCARR_ID","GVWR","V_CONFIG","CARGO_BT","HAZ_INV","HAZ_PLAC","HAZ_ID","HAZ_CNO","HAZ_REL","BUS_USE","SPEC_USE","EMER_USE","TRAV_SP","UNDERIDE","ROLLOVER","ROLINLOC","IMPACT1","DEFORMED","TOWED","M_HARM","VEH_SC1","VEH_SC2","FIRE_EXP","DR_PRES","L_STATE","DR_ZIP","L_STATUS","L_TYPE","CDL_STAT","L_ENDORS","L_COMPL","L_RESTRI","DR_HGT","DR_WGT","PREV_ACC","PREV_SUS","PREV_DWI","PREV_SPD","PREV_OTH","FIRST_MO","FIRST_YR","LAST_MO","LAST_YR","SPEEDREL","DR_SF1","DR_SF2","DR_SF3","DR_SF4","VTRAFWAY","VNUM_LAN","VSPD_LIM","VALIGN","VPROFILE","VPAVETYP","VSURCOND","VTRAFCON","VTCONT_F","P_CRASH1","P_CRASH2","P_CRASH3","PCRASH4","PCRASH5","ACC_TYPE","TRLR1VIN","TRLR2VIN","TRLR3VIN","DEATHS","DR_DRINK"
12,121416,1,2,1,11,6,22,52,12,99,1,1,12,9,34,35,34035,4,2006,"WBANE73586CM","W","B","A","N","E","7","3","5","8","6","C","M",0,0,0,"000000000","00000000000",0,0,0,1,0,0,0,0,0,0,0,70,0,0,0,98,6,2,12,0,0,0,1,99,99999,9,9,99,9,9,9,999,999,99,99,99,99,99,99,9999,99,9999,0,0,0,0,0,1,2,25,1,1,8,1,21,3,99,99,99,9,9,99,"777777777777","777777777777","777777777777",0,0
12,121416,2,2,1,11,6,22,52,12,99,1,0,12,1,37,31,37031,4,2008,"1HGFA16548L0","1","H","G","F","A","1","6","5","4","8","L","0",0,0,0,"000000000","00000000000",0,0,0,1,0,0,0,0,0,0,0,15,0,0,0,98,6,2,12,0,0,0,1,12,32820,6,1,0,0,3,3,65,999,0,0,0,0,0,0,0,0,0,0,0,0,0,0,1,2,25,3,1,8,1,21,3,99,99,99,9,9,99,"777777777777","777777777777","777777777777",1,0
12,121417,1,2,1,5,7,6,15,12,2,1,0,12,1,41,54,41054,6,2008,"JM3TB28A2801","J","M","3","T","B","2","8","A","2","8","0","1",0,0,0,"000000000","00000000000",0,0,0,1,0,0,0,0,0,0,0,70,0,0,0,12,6,2,12,0,0,0,1,12,34974,6,1,0,0,3,0,72,999,0,0,0,0,0,0,0,0,0,0,33,0,0,0,1,2,60,3,1,8,1,0,0,6,12,7,1,4,50,"777777777777","777777777777","777777777777",0,0
12,121417,2,2,2,5,7,6,15,12,2,1,0,12,2,12,401,12401,14,2005,"1FMZU63K45UC","1","F","M","Z","U","6","3","K","4","5","U","C",0,0,0,"000000000","00000000000",0,0,0,1,0,0,0,0,0,0,0,60,0,1,5,12,6,2,12,0,0,0,1,12,33013,6,1,0,0,3,0,72,999,0,0,0,0,0,0,0,0,0,0,0,0,0,0,1,2,60,2,1,8,1,0,0,14,13,7,1,4,51,"777777777777","777777777777","777777777777",1,0
12,121418,1,1,2,18,6,11,58,1,0,1,0,12,1,35,401,35401,14,1996,"JN8AR05Y4TW0","J","N","8","A","R","0","5","Y","4","T","W","0",1,1,0,"000000000","00000000000",0,0,0,1,0,0,0,0,0,0,0,50,0,1,5,0,6,2,1,0,0,0,1,12,33444,6,1,0,0,3,0,68,999,0,0,0,0,0,0,0,0,0,0,88,0,0,0,3,6,65,1,1,8,1,0,0,1,98,16,4,4,2,"5RTBE1216CD0","777777777777","777777777777",1,0
12,121419,1,2,5,9,7,10,30,12,6,1,0,29,1,37,32,37032,4,2005,"1HGCM554X5A1","1","H","G","C","M","5","5","4","X","5","A","1",0,0,0,"000000000","00000000000",0,0,0,1,0,0,0,0,0,0,0,15,0,0,0,9,6,2,12,0,0,0,1,29,63828,2,1,0,0,2,0,68,190,1,1,0,4,0,2,2015,6,2016,0,28,0,0,0,3,3,70,1,1,8,1,0,0,16,10,99,1,7,47,"777777777777","777777777777","777777777777",1,0
12,121419,2,2,4,9,7,10,30,12,6,1,0,12,1,12,481,12481,31,2011,"1FTFW1ET6BFB","1","F","T","F","W","1","E","T","6","B","F","B",0,0,0,"000000000","00000000000",0,0,0,1,0,0,0,0,0,0,0,65,0,0,0,12,6,2,12,0,0,0,1,12,32177,6,1,0,0,3,0,74,999,0,0,0,0,0,0,0,0,0,0,0,0,0,0,3,6,70,1,1,8,1,0,0,1,64,6,1,2,45,"777777777777","777777777777","777777777777",0,0
12,121420,1,1,1,16,6,22,46,8,0,1,0,12,1,12,471,12471,30,1998,"1FTYR10C6WPA","1","F","T","Y","R","1","0","C","6","W","P","A",0,0,0,"000000000","00000000000",0,0,0,1,0,0,0,0,0,0,0,40,0,0,0,12,4,3,8,0,0,0,1,12,33503,6,1,0,0,3,0,72,999,0,0,0,0,0,0,0,0,0,0,0,0,0,0,5,5,50,1,1,8,1,0,0,1,80,15,1,1,13,"777777777777","777777777777","777777777777",0,0
12,121421,1,1,1,23,6,18,16,38,0,1,0,12,1,72,706,72706,80,2004,"1HD1FDV144Y7","1","H","D","1","F","D","V","1","4","4","Y","7",0,0,0,"000000000","00000000000",0,0,0,1,0,0,0,0,0,0,0,45,0,0,0,12,6,2,38,0,0,0,1,12,32780,0,0,0,0,0,0,74,999,0,1,0,0,0,5,2013,5,2013,0,0,0,0,0,2,2,45,1,1,8,1,0,0,1,13,99,1,4,1,"777777777777","777777777777","777777777777",1,1
12,121422,1,1,3,3,7,0,25,8,0,1,0,51,1,37,31,37031,4,2015,"19XFB2F57FE0","1","9","X","F","B","2","F","5","7","F","E","0",0,0,0,"000000000","00000000000",0,0,0,1,0,0,0,0,0,0,0,45,0,0,0,12,4,5,8,0,0,0,1,51,22401,6,1,0,0,3,0,63,999,0,0,0,2,0,8,2012,1,2015,0,0,0,0,0,3,6,45,1,1,8,1,0,0,1,80,99,1,1,13,"777777777777","777777777777","777777777777",0,0
12,121423,1,1,1,8,7,22,33,8,0,1,0,12,1,13,1,13001,4,1992,"1LNLM81W0NY7","1","L","N","L","M","8","1","W","0","N","Y","7",0,0,0,"000000000","00000000000",0,0,0,1,0,0,0,0,0,0,0,45,0,0,0,12,4,5,8,0,0,0,1,12,34743,6,1,6,3,3,3,68,999,1,0,0,0,0,9,2014,9,2014,0,0,0,0,0,2,4,45,1,1,8,1,0,0,1,80,99,1,1,13,"777777777777","777777777777","777777777777",0,0
12,121424,1,1,2,10,7,22,0,41,0,1,0,12,3,7,28,7028,2,2016,"2C3CDZAG1GH1","2","C","3","C","D","Z","A","G","1","G","H","1",0,0,0,"000000000","00000000000",0,0,0,1,0,0,0,0,0,0,0,60,0,0,0,12,6,2,30,0,0,0,1,12,33024,6,1,0,0,3,0,71,999,0,0,0,0,0,0,0,0,0,0,6,0,0,0,3,4,45,1,1,8,1,0,0,1,13,99,1,4,1,"777777777777","777777777777","777777777777",1,0
12,121425,1,2,2,10,7,21,0,5,0,1,0,12,2,21,21,21021,2,2000,"1G3NL12E4YC4","1","G","3","N","L","1","2","E","4","Y","C","4",0,0,0,"000000000","00000000000",0,0,0,1,0,0,0,0,0,0,0,45,0,0,0,0,0,3,12,0,0,0,1,12,33409,1,1,0,0,2,0,67,999,0,3,0,0,0,1,2014,3,2015,0,0,0,0,0,3,4,35,1,1,8,1,0,0,15,98,99,1,2,0,"777777777777","777777777777","777777777777",1,0
12,121425,2,2,1,10,7,21,0,5,0,1,0,12,1,12,471,12471,30,2002,"1FTYR44V62PB","1","F","T","Y","R","4","4","V","6","2","P","B",0,0,0,"000000000","00000000000",0,0,0,1,0,0,0,0,0,0,0,35,0,0,0,12,0,5,12,0,0,0,1,12,33401,6,1,0,0,3,3,74,999,0,0,0,1,0,7,2014,7,2014,0,0,0,0,0,3,4,35,1,1,8,1,0,0,1,98,99,1,1,98,"777777777777","777777777777","777777777777",0,0
12,121426,1,1,8,2,7,19,46,5,0,1,1,12,2,12,481,12481,31,1997,"1FTDX18W9VNC","1","F","T","D","X","1","8","W","9","V","N","C",1,1,0,"000000000","00000000000",0,0,0,1,0,0,0,0,0,0,0,15,0,0,0,0,0,5,5,0,0,0,1,12,34209,6,1,6,0,3,0,68,999,0,0,0,0,0,0,0,0,0,0,6,0,0,0,1,2,25,1,1,8,1,0,0,11,98,99,1,1,0,"N0V1N0200387","777777777777","777777777777",1,0
12,121427,1,3,1,14,5,18,2,12,2,1,0,12,1,13,1,13001,4,2003,"1LNHM81W93Y6","1","L","N","H","M","8","1","W","9","3","Y","6",0,0,0,"000000000","00000000000",0,0,0,1,0,0,0,0,0,0,0,30,0,0,0,12,6,2,12,0,0,0,1,12,33026,6,1,0,0,3,3,64,999,0,0,0,0,0,0,0,0,0,0,28,0,0,0,1,5,45,1,1,8,1,0,0,98,10,99,1,2,50,"777777777777","777777777777","777777777777",1,0
12,121427,2,3,1,14,5,18,2,12,2,1,0,12,1,49,40,49040,4,2001,"4T1BG22K91U0","4","T","1","B","G","2","2","K","9","1","U","0",0,0,0,"000000000","00000000000",0,0,0,1,0,0,0,0,0,0,0,30,0,0,0,12,6,2,12,0,0,0,1,12,33317,6,1,0,0,3,0,66,999,0,0,0,0,0,0,0,0,0,0,0,0,0,0,1,5,45,1,1,8,1,0,0,1,62,99,1,1,51,"777777777777","777777777777","777777777777",0,0
12,121427,3,3,1,14,5,18,2,12,2,1,0,12,1,12,401,12401,14,2008,"1FMEU63EX8UA","1","F","M","E","U","6","3","E","X","8","U","A",0,0,0,"000000000","00000000000",0,0,0,1,0,0,0,0,0,0,0,30,0,0,0,12,4,5,12,0,0,0,1,12,33024,6,1,0,0,3,3,66,999,0,0,0,0,0,0,0,0,0,0,0,0,0,0,1,5,45,1,1,8,1,0,0,1,62,99,1,1,98,"777777777777","777777777777","777777777777",0,0
12,121428,1,1,1,10,6,3,2,8,0,1,1,99,9,99,999,99999,99,9999,"999999999999","9","9","9","9","9","9","9","9","9","9","9","9",0,0,0,"000000000","00000000000",0,0,0,1,0,0,0,0,0,0,0,45,0,0,0,99,9,5,8,0,0,0,1,99,99999,9,9,99,9,9,9,999,999,99,99,99,99,99,99,9999,99,9999,0,0,0,0,0,1,2,30,1,1,8,2,0,0,1,80,99,1,9,13,"777777777777","777777777777","777777777777",0,0
12,121430,1,1,1,9,7,4,30,18,0,1,0,12,1,35,47,35047,2,2008,"1N4AL24EX8C1","1","N","4","A","L","2","4","E","X","8","C","1",0,0,0,"000000000","00000000000",0,0,0,1,0,0,0,0,0,0,0,72,0,0,0,12,6,2,42,0,0,0,1,12,32303,6,1,0,0,3,0,69,999,0,1,0,0,0,2,2014,2,2014,3,6,0,0,0,1,2,55,2,1,8,1,0,0,14,12,99,1,4,6,"777777777777","777777777777","777777777777",1,1
12,121431,1,1,4,2,7,13,45,8,0,1,0,12,1,42,421,42421,15,2007,"4JGBF71E27A1","4","J","G","B","F","7","1","E","2","7","A","1",0,0,0,"000000000","00000000000",0,0,0,1,0,0,0,0,0,0,0,25,0,0,0,12,4,5,8,0,0,0,1,12,33578,6,1,0,0,3,0,67,999,1,0,0,0,1,6,2015,7,2015,0,0,0,0,0,1,4,35,1,1,8,1,0,0,1,80,99,1,1,13,"777777777777","777777777777","777777777777",0,0
12,121432,1,1,2,4,7,12,50,9,0,1,0,12,1,35,39,35039,4,2003,"JN1DA31A63T4","J","N","1","D","A","3","1","A","6","3","T","4",0,0,0,"000000000","00000000000",0,0,0,1,0,0,0,0,0,0,0,55,0,0,0,12,6,2,9,0,0,0,1,12,32618,6,1,0,0,3,0,66,999,0,5,0,1,0,2,2012,9,2015,0,28,0,0,0,1,2,55,1,1,8,1,0,0,1,13,99,1,4,1,"777777777777","777777777777","777777777777",0,0
12,121433,1,3,1,4,7,17,12,12,6,1,0,12,1,20,481,20481,31,1993,"2GCEK19K4P12","2","G","C","E","K","1","9","K","4","P","1","2",0,0,0,"000000000","00000000000",0,0,0,1,0,0,0,0,0,0,0,20,0,0,0,12,6,2,12,0,0,0,1,12,32327,6,1,0,0,3,0,71,999,0,1,0,0,0,12,2013,12,2013,0,38,0,0,0,1,2,55,1,1,8,1,0,0,11,15,1,1,1,68,"777777777777","777777777777","777777777777",0,0
12,121433,2,3,1,4,7,17,12,12,6,1,0,12,1,72,706,72706,80,2008,"1HD1CZ3108K4","1","H","D","1","C","Z","3","1","0","8","K","4",0,0,0,"000000000","00000000000",0,0,0,1,0,0,0,0,0,0,0,50,0,0,0,9,6,2,12,0,0,0,1,12,32351,6,1,0,0,3,0,71,999,0,0,0,0,0,0,0,0,0,0,0,0,0,0,1,2,55,1,1,8,1,0,0,1,62,99,1,1,69,"777777777777","777777777777","777777777777",1,0
12,121433,3,3,2,4,7,17,12,12,6,1,0,12,2,35,472,35472,30,2004,"1N6ED26Y64C4","1","N","6","E","D","2","6","Y","6","4","C","4",0,0,0,"000000000","00000000000",0,0,0,1,0,0,0,0,0,0,0,0,0,0,0,12,2,3,54,0,0,0,1,12,32327,6,1,0,0,3,0,63,999,0,0,0,1,0,10,2014,10,2014,0,0,0,0,0,1,2,25,1,1,8,1,20,3,5,98,1,1,1,98,"777777777777","777777777777","777777777777",0,0
12,121434,1,1,1,6,7,17,20,9,0,1,0,12,1,49,32,49032,4,2012,"5YFBU4EE9CP0","5","Y","F","B","U","4","E","E","9","C","P","0",0,0,0,"000000000","00000000000",0,0,0,1,0,0,0,0,0,0,0,40,0,0,0,12,4,3,9,0,0,0,1,12,32082,6,1,0,0,3,0,76,999,0,1,0,0,0,1,2012,1,2012,0,0,0,0,0,2,2,40,3,6,8,1,28,3,14,83,99,1,1,13,"777777777777","777777777777","777777777777",0,0
12,121435,1,1,2,21,6,23,23,30,0,1,0,12,1,37,32,37032,4,2009,"1HGCP36879A0","1","H","G","C","P","3","6","8","7","9","A","0",0,0,0,"000000000","00000000000",0,0,0,1,0,0,0,0,0,0,0,65,0,0,0,11,6,2,42,0,0,0,1,12,33311,6,1,0,0,3,3,67,999,0,2,0,0,0,9,2015,12,2015,4,0,0,0,0,3,6,65,1,1,8,2,0,0,15,13,99,3,4,2,"777777777777","777777777777","777777777777",1,0
12,121436,1,3,5,11,7,7,58,12,6,1,0,12,1,35,47,35047,4,2000,"1N4DL01D9YC2","1","N","4","D","L","0","1","D","9","Y","C","2",0,0,0,"000000000","00000000000",0,0,0,1,0,0,0,0,0,0,0,60,0,0,0,7,6,2,12,0,0,0,1,12,33167,6,1,0,0,3,0,68,999,0,0,0,0,0,0,0,0,0,0,38,0,0,0,3,6,60,1,1,8,1,0,0,15,10,99,1,2,47,"777777777777","777777777777","777777777777",2,0
12,121436,2,3,1,11,7,7,58,12,6,1,0,12,3,86,881,86881,63,2016,"1M2AX33C4GM0","1","M","2","A","X","3","3","C","4","G","M","0",0,0,12,"820300","12820300",3,1,5,1,0,0,0,0,0,0,0,35,0,0,0,12,2,5,12,0,0,0,1,12,33126,6,1,6,0,3,0,69,999,0,0,0,0,0,0,0,0,0,0,0,0,0,0,3,6,60,1,1,8,1,0,0,1,61,99,1,1,45,"777777777777","777777777777","777777777777",0,0
12,121436,3,3,1,11,7,7,58,12,6,1,0,12,1,82,884,82884,66,1997,"1FUYDZYB5VL5","1","F","U","Y","D","Z","Y","B","5","V","L","5",1,1,12,"1524010","121524010",3,6,98,1,0,0,0,0,0,0,0,35,0,0,0,12,6,2,12,0,0,0,1,12,33126,6,1,6,0,3,0,68,999,0,0,0,0,0,0,0,0,0,0,0,0,0,0,3,6,60,1,1,8,1,0,0,1,61,99,1,1,98,"1s12gc487kb6","777777777777","777777777777",0,0
12,121437,1,1,1,9,7,7,10,8,0,1,0,12,1,49,44,49044,2,2003,"2T1CF22P23C6","2","T","1","C","F","2","2","P","2","3","C","6",0,0,0,"000000000","00000000000",0,0,0,1,0,0,0,0,0,0,0,55,0,0,0,12,6,2,8,0,0,0,1,12,32068,6,1,0,0,3,0,72,999,0,0,0,0,0,0,0,0,0,0,0,0,0,0,1,2,55,1,1,8,1,0,0,1,80,99,1,1,13,"777777777777","777777777777","777777777777",0,0
12,121438,1,1,1,11,7,22,41,8,0,1,0,12,1,37,32,37032,4,2014,"1HGCR2F51EA0","1","H","G","C","R","2","F","5","1","E","A","0",0,0,0,"000000000","00000000000",0,0,0,1,0,0,0,0,0,0,0,45,0,0,0,12,6,2,8,0,0,0,1,12,33027,6,1,0,0,3,0,72,999,0,0,0,0,0,0,0,0,0,0,0,0,0,0,3,3,45,1,1,8,1,0,0,1,80,99,1,1,13,"777777777777","777777777777","777777777777",0,0
12,121439,1,1,1,3,7,19,45,1,0,1,0,0,0,98,701,98701,89,2015,"000000000000","0","0","0","0","0","0","0","0","0","0","0","0",0,0,0,"000000000","00000000000",0,0,0,1,0,0,0,0,0,0,0,20,0,0,0,0,0,5,1,0,0,0,1,12,32024,4,1,0,0,2,3,72,999,0,0,0,0,0,0,0,0,0,0,6,0,0,0,1,2,35,1,1,8,1,0,0,1,98,99,1,1,98,"777777777777","777777777777","777777777777",1,0
12,121440,1,1,2,11,7,20,30,1,0,1,1,12,2,12,471,12471,30,1994,"1FTCR15XXRTA","1","F","T","C","R","1","5","X","X","R","T","A",0,0,0,"000000000","00000000000",0,0,0,1,0,0,0,0,0,0,0,60,0,1,1,0,6,2,1,0,0,0,1,12,33859,1,1,0,0,2,0,74,999,0,6,0,1,0,7,2012,4,2016,0,37,6,0,0,1,2,30,3,5,8,11,0,0,14,98,99,1,1,98,"777777777777","777777777777","777777777777",1,0
12,121441,1,1,1,12,7,4,30,42,0,1,0,12,1,7,482,7482,31,2004,"3D7KA28C04G2","3","D","7","K","A","2","8","C","0","4","G","2",0,0,0,"000000000","00000000000",0,0,0,1,0,0,0,0,0,0,0,60,0,0,0,12,6,2,42,0,0,0,1,12,32531,6,1,0,0,3,3,65,999,0,0,0,1,0,12,2015,12,2015,0,6,0,0,0,1,2,60,1,6,8,1,0,0,1,12,99,1,4,6,"777777777777","777777777777","777777777777",1,0
12,121443,1,1,1,11,7,7,45,1,0,1,0,12,1,53,705,53705,80,2015,"JS1GN7FA5F21","J","S","1","G","N","7","F","A","5","F","2","1",0,0,0,"000000000","00000000000",0,0,0,1,0,0,0,0,0,0,0,40,0,0,0,0,6,2,43,0,0,0,1,12,33040,6,1,0,0,3,0,67,999,1,0,0,1,1,12,2011,12,2012,0,6,0,0,0,1,2,10,1,1,8,1,98,3,1,98,99,1,1,98,"777777777777","777777777777","777777777777",1,0
12,121444,1,2,1,14,7,7,29,12,6,1,0,12,1,37,31,37031,2,2012,"2HGFG3A82CH5","2","H","G","F","G","3","A","8","2","C","H","5",0,0,0,"000000000","00000000000",0,0,0,1,0,0,0,0,0,0,0,15,0,0,0,11,6,2,12,0,0,0,1,12,34113,6,1,0,0,3,0,70,999,0,0,0,0,0,0,0,0,0,0,38,0,0,0,3,2,45,1,1,8,1,20,3,11,15,99,1,1,82,"777777777777","777777777777","777777777777",1,0
12,121444,2,2,1,14,7,7,29,12,6,1,0,12,1,2,406,2406,14,2007,"1J8HG58P57C5","1","J","8","H","G","5","8","P","5","7","C","5",0,0,0,"000000000","00000000000",0,0,0,1,0,0,0,0,0,0,0,45,0,0,0,12,6,2,12,0,0,0,1,12,34116,6,1,0,0,3,0,60,999,0,0,0,1,0,2,2014,2,2014,0,0,0,0,0,3,4,45,1,1,8,1,0,0,1,67,8,1,1,83,"777777777777","777777777777","777777777777",0,0
12,121445,1,3,1,5,7,7,27,12,7,1,0,12,1,35,43,35043,4,2001,"3N1CB51D11L4","3","N","1","C","B","5","1","D","1","1","L","4",0,0,0,"000000000","00000000000",0,0,0,1,0,0,0,0,0,0,0,45,0,0,0,7,6,2,12,0,0,0,1,12,33544,6,1,0,0,3,0,72,999,0,0,0,0,0,0,0,0,0,0,6,28,0,0,2,3,45,1,1,8,1,0,0,1,10,99,1,2,45,"777777777777","777777777777","777777777777",1,0
12,121445,2,3,1,5,7,7,27,12,7,1,0,12,1,20,481,20481,31,2011,"3GCPKTE37BG3","3","G","C","P","K","T","E","3","7","B","G","3",0,0,0,"000000000","00000000000",0,0,0,1,0,0,0,0,0,0,0,45,0,0,0,1,2,5,12,0,0,0,1,12,33809,6,1,0,0,3,0,67,999,0,0,0,2,0,5,2012,7,2014,0,0,0,0,0,2,3,45,1,1,8,1,0,0,1,61,1,1,1,44,"777777777777","777777777777","777777777777",0,0
12,121445,3,3,1,5,7,7,27,12,7,1,0,12,1,23,481,23481,31,2012,"1GTR1VE05CZ1","1","G","T","R","1","V","E","0","5","C","Z","1",0,0,0,"000000000","00000000000",0,0,0,1,0,0,0,0,0,0,0,45,0,0,0,12,6,2,12,0,0,0,1,12,33594,6,1,0,0,3,0,73,999,0,0,0,0,0,0,0,0,0,0,0,0,0,0,2,3,45,1,1,8,1,0,0,1,62,99,1,1,98,"777777777777","777777777777","777777777777",0,0
12,121446,1,1,1,13,7,20,36,8,0,1,0,12,2,30,40,30040,4,2005,"3VWDF71K45M6","3","V","W","D","F","7","1","K","4","5","M","6",0,0,0,"000000000","00000000000",0,0,0,1,0,0,0,0,0,0,0,35,0,0,0,12,4,5,8,0,0,0,1,12,33613,6,1,0,0,3,0,70,999,0,0,0,0,0,0,0,0,0,0,0,0,0,0,1,2,40,1,1,8,2,0,0,1,80,6,1,1,13,"777777777777","777777777777","777777777777",0,0
12,121447,1,3,1,8,7,17,1,12,1,1,0,12,2,20,37,20037,4,2015,"1G11B5SL6FF2","1","G","1","1","B","5","S","L","6","F","F","2",0,0,0,"000000000","00000000000",0,0,0,1,0,0,0,0,0,0,0,70,0,0,0,6,6,2,42,0,0,0,1,12,33534,6,1,0,0,3,3,62,999,0,0,0,0,0,0,0,0,0,0,28,0,0,0,3,6,70,1,1,8,1,0,0,15,53,99,1,2,25,"777777777777","777777777777","777777777777",1,0
12,121447,2,3,1,8,7,17,1,12,1,1,0,12,1,49,482,49482,31,2001,"5TBBT44121S2","5","T","B","B","T","4","4","1","2","1","S","2",0,0,0,"000000000","00000000000",0,0,0,1,0,0,0,0,0,0,0,70,0,1,1,12,6,2,1,0,0,0,1,12,34211,6,1,0,0,3,0,64,999,0,0,0,1,2,3,2013,9,2015,0,0,0,0,0,3,6,70,1,1,8,1,0,0,1,61,6,1,1,24,"777777777777","777777777777","777777777777",0,0
12,121447,3,3,1,8,7,17,1,12,1,1,0,12,2,30,52,30052,4,2013,"1VWBH7A33DC0","1","V","W","B","H","7","A","3","3","D","C","0",0,0,0,"000000000","00000000000",0,0,0,1,0,0,0,0,0,0,0,70,0,0,0,6,2,5,12,0,0,0,1,12,33619,6,1,0,0,3,0,66,999,0,0,0,0,2,3,2013,2,2014,0,0,0,0,0,3,6,70,1,1,8,1,0,0,1,53,99,1,1,98,"777777777777","777777777777","777777777777",0,0
12,121448,1,3,1,2,7,16,20,12,1,1,0,12,2,49,32,49032,4,1994,"1NXAE09B7RZ1","1","N","X","A","E","0","9","B","7","R","Z","1",0,0,0,"000000000","00000000000",0,0,0,1,0,0,0,0,0,0,0,55,0,1,1,12,6,2,12,0,0,0,1,12,32608,6,1,0,0,3,0,60,999,0,2,0,1,0,3,2016,5,2016,0,6,0,0,0,1,2,55,1,5,8,1,0,0,1,52,6,1,1,28,"777777777777","777777777777","777777777777",1,0
12,121448,2,3,3,2,7,16,20,12,1,1,0,12,1,12,24,12024,6,2011,"2FMDK4AK1BBA","2","F","M","D","K","4","A","K","1","B","B","A",0,0,0,"000000000","00000000000",0,0,0,1,0,0,0,0,0,0,0,15,0,0,0,6,6,2,12,0,0,0,1,12,32621,6,1,6,0,3,3,71,999,0,0,0,0,0,0,0,0,0,0,0,0,0,0,1,2,55,1,5,8,1,0,0,2,53,99,1,1,29,"777777777777","777777777777","777777777777",0,0
12,121448,3,3,4,2,7,16,20,12,1,1,0,12,1,63,441,63441,20,2007,"KNDMB2339761","K","N","D","M","B","2","3","3","9","7","6","1",0,0,0,"000000000","00000000000",0,0,0,1,0,0,0,0,0,0,0,55,0,0,0,12,6,2,12,0,0,0,1,12,32626,6,1,0,0,3,0,66,999,0,0,0,0,0,0,0,0,0,0,0,0,0,0,1,2,55,1,6,8,1,0,0,1,62,99,1,1,98,"777777777777","777777777777","777777777777",1,0
12,121449,1,1,1,8,7,1,36,9,0,1,0,12,3,12,421,12421,15,1996,"1FMEU15H6TLA","1","F","M","E","U","1","5","H","6","T","L","A",0,0,0,"000000000","00000000000",0,0,0,1,0,0,0,0,0,0,0,30,0,0,0,12,2,5,9,0,0,0,1,12,33905,6,1,0,0,3,3,62,999,0,0,0,0,0,0,0,0,0,0,0,0,0,0,3,6,70,2,1,8,1,3,3,10,83,99,1,1,13,"777777777777","777777777777","777777777777",0,0
12,121450,1,1,1,10,7,20,2,9,0,1,0,12,1,2,404,2404,14,2006,"1J4HS58216C2","1","J","4","H","S","5","8","2","1","6","C","2",0,0,0,"000000000","00000000000",0,0,0,1,0,0,0,0,0,0,0,35,0,0,0,12,4,3,9,0,0,0,1,12,34210,6,1,0,0,3,0,66,999,0,0,0,3,0,11,2011,5,2015,0,0,0,0,0,5,4,45,1,1,8,1,0,0,1,83,99,1,1,13,"777777777777","777777777777","777777777777",0,1
12,121451,1,1,2,8,6,11,35,25,0,1,0,12,2,14,6,14006,4,2005,"2MEFM74WX5X6","2","M","E","F","M","7","4","W","X","5","X","6",0,0,0,"000000000","00000000000",0,0,0,1,0,0,0,0,0,0,0,60,0,0,0,12,6,2,25,0,0,0,1,12,33157,6,1,0,0,3,3,60,999,0,0,0,0,0,0,0,0,0,0,0,0,0,0,3,5,60,1,1,8,1,0,0,1,12,99,1,4,6,"777777777777","777777777777","777777777777",1,0
12,121452,1,1,1,13,7,17,45,42,0,1,0,12,3,59,35,59035,4,2016,"JTHBE1D24G50","J","T","H","B","E","1","D","2","4","G","5","0",0,0,0,"000000000","00000000000",0,0,0,1,0,0,0,0,0,0,0,60,0,0,0,12,6,2,42,0,0,1,1,12,33629,6,1,0,0,3,0,71,999,0,1,0,0,0,1,2015,1,2015,0,0,0,0,0,3,4,45,1,1,8,1,23,3,1,12,99,1,4,6,"777777777777","777777777777","777777777777",1,1
12,121453,1,1,1,8,7,12,30,42,0,1,0,12,2,55,33,55033,4,2004,"KMHWF35H64A0","K","M","H","W","F","3","5","H","6","4","A","0",0,0,0,"000000000","00000000000",0,0,0,1,0,0,0,0,0,0,0,55,0,0,0,9,6,2,42,0,0,0,1,12,33543,6,1,0,0,3,3,66,999,0,0,0,0,0,0,0,0,0,0,6,58,0,0,3,2,30,2,1,8,1,0,0,14,13,99,3,4,2,"777777777777","777777777777","777777777777",1,0
12,121454,1,1,1,6,7,21,39,9,0,1,0,12,2,13,12,13012,4,2000,"1LNHM86S7YY7","1","L","N","H","M","8","6","S","7","Y","Y","7",0,0,0,"000000000","00000000000",0,0,0,1,0,0,0,0,0,0,0,998,0,0,0,12,4,3,9,0,0,0,1,12,34769,6,1,0,0,3,0,63,999,0,0,0,0,0,0,0,0,0,0,0,0,0,0,1,2,55,1,1,8,1,0,0,1,83,1,1,1,13,"777777777777","777777777777","777777777777",0,0
12,121455,1,1,3,11,7,21,24,8,0,1,0,21,3,23,402,23402,14,2016,"2GKFLUE31G61","2","G","K","F","L","U","E","3","1","G","6","1",0,0,0,"000000000","00000000000",0,0,0,1,0,0,0,0,0,0,0,35,0,0,0,12,4,5,8,0,0,0,1,21,42301,6,1,0,0,3,3,71,999,1,0,0,0,0,9,2015,9,2015,0,0,0,0,0,3,2,35,1,1,8,1,0,0,1,80,1,1,1,13,"777777777777","777777777777","777777777777",0,0
12,121458,1,2,1,6,7,11,4,12,2,1,0,12,1,12,13,12013,6,1997,"3FALP15P3VR1","3","F","A","L","P","1","5","P","3","V","R","1",0,0,0,"000000000","00000000000",0,0,0,1,0,0,0,0,0,0,0,20,0,0,0,12,6,2,12,0,0,0,1,12,34434,6,1,0,0,3,3,70,999,0,0,0,0,0,0,0,0,0,0,38,0,0,0,5,5,55,1,1,8,1,3,3,11,15,99,1,1,68,"777777777777","777777777777","777777777777",1,0