"STATE","ST_CASE","VEH_NO","VE_FORMS","NUMOCCS","DAY","MONTH","HOUR","MINUTE","HARM_EV","MAN_COLL","UNITTYPE","HIT_RUN","REG_STAT","OWNER","MAKE","MODEL","MAK_MOD","BODY_TYP","MOD_YEAR","VIN","VIN_1","VIN_2","VIN_3","VIN_4","VIN_5","VIN_6","VIN_7","VIN_8","VIN_9","VIN_10","VIN_11","VIN_12","TOW_VEH","J_KNIFE","MCARR_I1","MCARR_I2","MCARR_ID","GVWR","V_CONFIG","CARGO_BT","HAZ_INV","HAZ_PLAC","HAZ_ID","HAZ_CNO","HAZ_REL","BUS_USE","SPEC_USE","EMER_USE","TRAV_SP","UNDERIDE","ROLLOVER","ROLINLOC","IMPACT1","DEFORMED","TOWED","M_HARM","VEH_SC1","VEH_SC2","FIRE_EXP","DR_PRES","L_STATE","DR_ZIP","L_STATUS","L_TYPE","CDL_STAT","L_ENDORS","L_COMPL","L_RESTRI","DR_HGT","DR_WGT","PREV_ACC","PREV_SUS","PREV_DWI","PREV_SPD","PREV_OTH","FIRST_MO","FIRST_YR","LAST_MO","LAST_YR","SPEEDREL","DR_SF1","DR_SF2","DR_SF3","DR_SF4","VTRAFWAY","VNUM_LAN","VSPD_LIM","VALIGN","VPROFILE","VPAVETYP","VSURCOND","VTRAFCON","VTCONT_F","P_CRASH1","P_CRASH2","P_CRASH3","PCRASH4","PCRASH5","ACC_TYPE","TRLR1VIN","TRLR2VIN","TRLR3VIN","DEATHS","DR_DRINK"
12,121458,2,2,2,6,7,11,4,12,2,1,0,12,1,63,34,63034,4,2011,"KNAGM4A74B51","K","N","A","G","M","4","A","7","4","B","5","1",0,0,0,"000000000","00000000000",0,0,0,1,0,0,0,0,0,0,0,30,0,0,0,12,6,2,12,0,0,0,1,12,34465,6,1,0,0,3,3,60,999,0,0,0,0,0,0,0,0,0,0,0,0,0,0,5,2,55,1,1,8,1,3,3,1,62,99,1,1,69,"777777777777","777777777777","777777777777",0,0
12,121459,1,1,1,7,7,7,50,8,0,1,0,12,3,84,884,84884,62,2008,"1HTMMAAL28H5","1","H","T","M","M","A","A","L","2","8","H","5",0,0,12,"227637","12227637",2,1,1,1,0,0,0,0,0,0,0,55,0,0,0,12,6,2,8,0,0,0,1,12,32811,6,1,6,3,3,3,66,999,0,0,1,1,0,8,2013,8,2013,0,0,0,0,0,3,2,55,2,4,8,1,0,0,14,80,99,1,1,13,"777777777777","777777777777","777777777777",0,0
12,121460,1,2,1,9,7,23,36,59,0,1,0,12,2,30,42,30042,3,2007,"WVWFV71KX7W1","W","V","W","F","V","7","1","K","X","7","W","1",0,0,0,"000000000","00000000000",0,0,0,1,0,0,0,0,0,0,0,998,0,0,0,12,6,2,12,0,0,0,1,12,33810,6,1,0,0,3,3,71,999,1,1,0,1,2,3,2012,6,2016,0,0,0,0,0,2,4,45,1,1,8,1,0,0,1,12,99,1,4,6,"777777777777","777777777777","777777777777",0,0
12,121460,2,2,3,9,7,23,36,59,0,1,0,12,2,35,43,35043,4,1999,"3N1AB41D5XL1","3","N","1","A","B","4","1","D","5","X","L","1",0,0,0,"000000000","00000000000",0,0,0,1,0,0,0,0,0,0,0,50,0,1,5,12,6,2,12,0,0,0,1,12,33805,6,1,0,0,3,3,73,999,0,0,0,0,0,0,0,0,0,0,0,0,0,0,2,3,45,1,1,8,1,0,0,1,62,99,1,1,98,"777777777777","777777777777","777777777777",3,1
12,121461,1,1,1,4,7,23,5,42,0,1,0,12,1,20,36,20036,2,1997,"2G1WW12M9V93","2","G","1","W","W","1","2","M","9","V","9","3",0,0,0,"000000000","00000000000",0,0,0,1,0,0,0,0,0,0,0,998,0,0,0,81,6,2,42,0,0,0,1,12,33868,6,1,0,0,3,0,69,999,0,0,0,0,0,0,0,0,0,4,0,0,0,0,1,2,45,1,1,8,1,0,0,1,12,99,4,4,7,"777777777777","777777777777","777777777777",1,1
12,121462,1,2,1,22,6,19,54,12,6,1,0,12,4,55,35,55035,4,2016,"KMHDH4AE1GU6","K","M","H","D","H","4","A","E","1","G","U","6",0,0,0,"000000000","00000000000",0,0,0,1,0,0,0,0,0,0,0,998,0,0,0,9,6,2,12,0,0,0,1,12,33547,6,1,0,0,3,0,71,999,1,1,0,1,0,9,2014,11,2015,0,38,0,0,0,1,2,45,1,1,8,1,20,3,11,15,99,1,1,82,"777777777777","777777777777","777777777777",1,0
12,121462,2,2,1,22,6,19,54,12,6,1,0,37,1,14,38,14038,2,2000,"1ZWHT61L4Y56","1","Z","W","H","T","6","1","L","4","Y","5","6",0,0,0,"000000000","00000000000",0,0,0,1,0,0,0,0,0,0,0,998,0,0,0,12,6,2,12,0,0,0,1,37,28590,6,1,0,0,3,3,73,999,1,0,0,0,1,12,2015,12,2015,0,0,0,0,0,2,3,60,1,1,8,1,0,0,1,67,99,1,1,83,"777777777777","777777777777","777777777777",0,0
12,121463,1,1,2,20,6,17,0,1,0,1,0,12,9,12,481,12481,31,1997,"1FTFX27L6VNB","1","F","T","F","X","2","7","L","6","V","N","B",1,2,0,"000000000","00000000000",0,0,0,1,0,0,0,0,0,0,0,998,0,2,5,0,6,2,1,0,0,0,1,99,99999,9,9,99,9,9,9,999,999,99,99,99,99,99,99,9999,99,9999,0,0,0,0,0,1,2,45,3,1,8,1,0,0,14,13,6,1,4,6,"404eh7414x10","777777777777","777777777777",2,0
12,121465,1,1,1,9,7,6,5,33,0,1,0,12,3,84,881,84881,66,2003,"1HSHBAHN03H5","1","H","S","H","B","A","H","N","0","3","H","5",1,1,57,"610514","57610514",3,6,1,1,0,0,0,0,0,0,0,25,0,1,5,98,6,2,1,0,0,0,1,12,34219,6,1,6,0,3,0,69,999,0,0,0,0,0,0,0,0,0,0,6,0,0,0,6,3,70,2,6,2,1,3,3,10,12,99,1,4,6,"1GRAA72252S0","777777777777","777777777777",1,0
12,121467,1,1,1,6,7,14,30,31,0,1,0,12,1,49,422,49422,15,2010,"5TDZY5G16AS0","5","T","D","Z","Y","5","G","1","6","A","S","0",0,0,0,"000000000","00000000000",0,0,0,1,0,0,0,0,0,0,0,30,0,0,0,12,6,2,2,0,0,1,1,12,33523,6,1,0,0,3,0,73,999,0,0,0,0,0,0,0,0,0,0,6,0,0,0,1,2,30,1,1,8,1,0,0,1,98,99,1,5,98,"777777777777","777777777777","777777777777",1,0
12,121468,1,1,1,13,7,21,24,59,0,1,0,12,3,12,481,12481,31,2015,"1FT7X2B68FEC","1","F","T","7","X","2","B","6","8","F","E","C",0,0,0,"000000000","00000000000",0,0,0,1,0,0,0,0,0,0,0,50,0,0,0,12,6,2,42,0,0,1,1,12,34689,6,1,0,0,3,0,75,999,0,0,0,0,0,0,0,0,0,0,6,0,0,0,1,2,50,3,1,8,1,0,0,14,13,99,1,4,1,"777777777777","777777777777","777777777777",1,0
12,121469,1,1,1,5,7,13,25,9,0,1,0,12,1,19,3,19003,4,2003,"1G6KD54Y63U1","1","G","6","K","D","5","4","Y","6","3","U","1",0,0,0,"000000000","00000000000",0,0,0,1,0,0,0,0,0,0,0,30,0,0,0,12,6,2,9,0,0,0,1,12,32112,6,1,0,0,3,0,73,999,0,0,0,0,0,0,0,0,0,0,0,0,0,0,1,2,40,1,1,8,1,0,0,1,83,6,1,1,13,"777777777777","777777777777","777777777777",0,0
12,121470,1,1,1,8,7,15,40,42,0,1,0,0,0,53,703,53703,83,2006,"JS1RJ18C8621","J","S","1","R","J","1","8","C","8","6","2","1",0,0,0,"000000000","00000000000",0,0,0,1,0,0,0,0,0,0,0,30,0,0,0,3,2,5,42,0,0,0,1,12,32812,6,7,0,0,2,2,68,999,0,4,0,0,0,9,2011,9,2013,0,6,73,0,0,1,2,30,1,1,8,1,0,0,1,12,99,1,4,6,"777777777777","777777777777","777777777777",1,0
12,121471,1,2,1,6,7,12,45,12,1,1,0,21,3,82,881,82881,64,2007,"1FUJA6CK27LX","1","F","U","J","A","6","C","K","2","7","L","X",1,3,21,"216204","21216204",3,4,1,1,0,0,0,0,0,0,0,70,0,1,5,12,6,2,42,0,0,0,1,21,41095,6,1,6,0,3,0,73,999,3,0,0,1,3,8,2011,7,2016,0,6,0,0,0,3,6,70,1,5,8,1,0,0,1,51,6,1,1,24,"1JJV532D6FL8","777777777777","777777777777",1,0
12,121471,2,2,2,6,7,12,45,12,1,1,0,95,2,23,421,23421,15,2001,"1GKEK13TX1J1","1","G","K","E","K","1","3","T","X","1","J","1",1,1,0,"000000000","00000000000",0,0,0,1,0,0,0,0,0,0,0,60,0,1,5,6,6,2,12,0,0,0,1,95,0,0,0,0,0,0,0,999,999,0,0,0,0,0,0,0,0,0,0,0,0,0,0,3,6,70,1,5,8,1,0,0,1,53,99,1,1,25,"5HCKU08166E0","777777777777","777777777777",0,0
12,121472,1,1,1,10,7,1,8,43,0,1,0,12,1,53,705,53705,80,2004,"JS1GN7CA1421","J","S","1","G","N","7","C","A","1","4","2","1",0,0,0,"000000000","00000000000",0,0,0,1,0,0,0,0,0,0,0,35,0,0,0,12,6,2,43,0,0,0,1,12,34205,6,1,0,0,3,3,69,999,0,0,0,0,0,0,0,0,0,0,0,0,0,0,1,2,35,2,1,8,1,0,0,14,12,99,1,4,6,"777777777777","777777777777","777777777777",1,1
12,121473,1,1,3,14,7,3,25,1,0,1,0,12,2,12,401,12401,14,1999,"1FMZU32E8XZB","1","F","M","Z","U","3","2","E","8","X","Z","B",0,0,0,"000000000","00000000000",0,0,0,1,0,0,0,0,0,0,0,76,0,1,5,0,6,2,42,0,0,0,1,12,32803,6,1,0,0,3,0,78,999,0,0,0,0,0,0,0,0,0,0,0,0,0,0,1,2,40,3,1,8,1,0,0,98,13,6,1,4,6,"777777777777","777777777777","777777777777",2,1
12,121474,1,1,1,3,7,3,50,32,0,1,0,12,2,35,47,35047,4,2008,"1N4AL21E38C2","1","N","4","A","L","2","1","E","3","8","C","2",0,0,0,"000000000","00000000000",0,0,0,1,0,0,0,0,0,0,0,55,0,1,5,12,6,2,1,0,0,0,1,12,33870,6,1,0,0,3,3,71,999,0,0,0,2,0,2,2015,6,2015,0,6,0,0,0,2,3,55,1,1,8,1,0,0,1,13,99,1,4,1,"777777777777","777777777777","777777777777",1,1
12,121475,1,2,1,1,7,15,35,12,6,1,0,12,1,20,2,20002,4,2009,"2G1WT57K3911","2","G","1","W","T","5","7","K","3","9","1","1",0,0,0,"000000000","00000000000",0,0,0,1,0,0,0,0,0,0,0,15,0,0,0,12,6,2,12,0,0,0,1,12,34667,6,1,0,0,3,3,72,999,0,0,0,0,0,0,0,0,0,0,38,0,0,0,3,6,45,1,1,8,1,20,3,1,17,99,1,1,88,"777777777777","777777777777","777777777777",1,0
12,121475,2,2,2,1,7,15,35,12,6,1,0,12,2,20,37,20037,4,2005,"1G1ZT62865F1","1","G","1","Z","T","6","2","8","6","5","F","1",0,0,0,"000000000","00000000000",0,0,0,1,0,0,0,0,0,0,0,45,0,0,0,11,6,2,12,0,0,0,1,12,34667,6,1,0,0,3,3,71,999,0,0,0,0,0,0,0,0,0,0,0,0,0,0,3,6,45,1,1,8,1,0,0,1,66,99,1,1,89,"777777777777","777777777777","777777777777",0,0
12,121476,1,1,1,17,7,2,30,42,0,1,0,12,2,52,34,52034,4,2007,"4A3AB36F97E0","4","A","3","A","B","3","6","F","9","7","E","0",0,0,0,"000000000","00000000000",0,0,0,1,0,0,0,0,0,0,0,75,0,0,0,9,6,2,42,0,0,0,1,12,33071,6,1,0,0,3,3,64,999,0,0,0,0,0,0,0,0,0,3,0,0,0,0,2,3,35,1,1,8,1,0,0,1,13,99,1,4,1,"777777777777","777777777777","777777777777",1,0
12,121477,1,2,2,30,6,21,32,12,6,1,0,18,4,12,461,12461,21,2015,"1FDWE3EL76DC","1","F","D","W","E","3","E","L","7","6","D","C",0,0,0,"000000000","00000000000",0,0,0,1,0,0,0,0,0,0,0,15,0,0,0,11,6,2,12,0,0,0,1,18,46227,0,0,0,0,0,0,999,999,0,0,0,0,0,0,0,0,0,0,0,0,0,0,1,4,45,1,1,8,1,3,3,1,17,99,1,1,89,"777777777777","777777777777","777777777777",1,0
12,121477,2,2,1,30,6,21,32,12,6,1,0,12,4,55,401,55401,14,2015,"KM8SM4HF6HU1","K","M","8","S","M","4","H","F","6","H","U","1",0,0,0,"000000000","00000000000",0,0,0,1,0,0,0,0,0,0,0,60,0,0,0,12,6,2,12,0,0,0,1,12,34974,6,1,0,0,3,0,66,999,0,2,0,1,0,12,2012,12,2014,0,0,0,0,0,2,4,60,1,1,8,1,3,3,1,66,99,1,1,88,"777777777777","777777777777","777777777777",0,0
12,121478,1,1,4,10,7,6,0,8,0,1,0,12,2,2,404,2404,14,2001,"1J4GX48S21C5","1","J","4","G","X","4","8","S","2","1","C","5",0,0,0,"000000000","00000000000",0,0,0,1,0,0,0,0,0,0,0,25,0,0,0,14,0,5,8,0,0,0,1,12,32174,6,1,0,0,3,3,64,999,0,0,0,0,0,0,0,0,0,0,0,0,0,0,1,2,25,1,1,8,1,0,0,1,80,99,1,1,13,"777777777777","777777777777","777777777777",0,0
12,121479,1,1,1,18,6,3,32,33,0,1,0,12,1,12,471,12471,30,1986,"1FTCR10E1GUA","1","F","T","C","R","1","0","E","1","G","U","A",0,0,0,"000000000","00000000000",0,0,0,1,0,0,0,0,0,0,0,45,0,1,5,14,6,2,1,0,0,1,1,12,32766,6,1,0,0,3,0,71,999,0,0,0,0,0,0,0,0,0,0,6,0,0,0,1,2,45,2,1,2,1,0,0,14,12,99,1,4,6,"777777777777","777777777777","777777777777",1,1
12,121480,1,2,1,6,7,16,50,12,1,1,0,12,3,49,442,49442,20,2015,"5TDKK3DC2FS5","5","T","D","K","K","3","D","C","2","F","S","5",0,0,0,"000000000","00000000000",0,0,0,1,0,0,0,0,0,0,0,70,0,0,0,12,6,2,12,0,0,0,1,12,33018,6,1,0,0,3,0,67,999,1,0,0,0,1,10,2013,12,2013,0,26,0,0,0,3,3,70,3,1,8,1,0,0,14,51,99,1,1,24,"777777777777","777777777777","777777777777",0,0
12,121480,2,2,2,6,7,16,50,12,1,1,0,42,2,20,422,20422,15,2010,"1GNZKMEG8AR1","1","G","N","Z","K","M","E","G","8","A","R","1",1,3,0,"000000000","00000000000",0,0,0,1,0,0,0,0,0,0,0,70,0,1,5,6,6,2,12,0,0,1,1,12,32301,6,1,0,0,3,3,68,999,0,0,0,0,0,0,0,0,0,0,0,0,0,0,3,3,70,3,1,8,1,0,0,14,53,99,1,1,25,"1wc200127380","777777777777","777777777777",1,0
12,121481,1,1,1,2,7,7,21,42,0,1,0,12,2,12,401,12401,14,2006,"1FMEU65E46UB","1","F","M","E","U","6","5","E","4","6","U","B",0,0,0,"000000000","00000000000",0,0,0,1,0,0,0,0,0,0,0,998,0,0,0,98,6,2,42,0,0,0,1,98,99999,9,9,99,9,9,9,999,999,99,99,99,99,99,99,9999,99,9999,0,0,0,0,0,3,3,45,1,1,8,1,0,0,1,13,99,1,4,1,"777777777777","777777777777","777777777777",1,0
12,121482,1,2,2,7,4,13,42,12,6,1,0,9,2,51,43,51043,6,2003,"YV1SW61TX323","Y","V","1","S","W","6","1","T","X","3","2","3",0,0,0,"000000000","00000000000",0,0,0,1,0,0,0,0,0,0,0,10,0,0,0,8,6,2,12,0,0,0,1,12,34224,6,1,0,0,3,3,75,999,0,0,0,0,0,0,0,0,0,0,38,0,0,0,1,2,30,1,1,8,1,0,0,1,17,99,1,1,89,"777777777777","777777777777","777777777777",1,0
12,121482,2,2,1,7,4,13,42,12,6,1,0,6,1,49,472,49472,30,2006,"5TEJU62N26Z1","5","T","E","J","U","6","2","N","2","6","Z","1",0,0,0,"000000000","00000000000",0,0,0,1,0,0,0,0,0,0,0,45,0,0,0,12,6,2,12,0,0,0,1,6,90804,6,1,0,0,3,3,66,178,0,0,0,0,0,0,0,0,0,0,0,0,0,0,3,2,45,1,1,8,1,0,0,1,66,99,1,1,88,"777777777777","777777777777","777777777777",0,0
12,121483,1,2,2,12,4,20,28,12,6,1,0,12,3,2,1,2001,6,2016,"1C4NJCEA3GD7","1","C","4","N","J","C","E","A","3","G","D","7",0,0,0,"000000000","00000000000",0,0,0,1,0,0,0,0,0,0,0,5,0,0,0,12,6,2,12,0,0,0,1,12,33909,0,0,0,0,0,0,999,999,0,0,0,0,0,0,0,0,0,0,38,0,0,0,3,4,40,1,1,8,1,3,3,11,15,99,1,1,68,"777777777777","777777777777","777777777777",0,0
12,121483,2,2,1,12,4,20,28,12,6,1,0,12,1,72,706,72706,80,2013,"1HD1CT321DC4","1","H","D","1","C","T","3","2","1","D","C","4",0,0,0,"000000000","00000000000",0,0,0,1,0,0,0,0,0,0,0,5,0,0,0,11,6,2,12,0,0,0,1,12,33909,6,1,0,0,3,3,68,999,0,0,0,0,1,12,2014,12,2014,0,0,0,0,0,3,4,40,1,1,8,1,3,3,1,62,99,1,1,69,"777777777777","777777777777","777777777777",1,0
12,121485,1,2,1,9,4,19,10,12,6,1,0,1,3,49,32,49032,4,2012,"2T1BU4EE8CC8","2","T","1","B","U","4","E","E","8","C","C","8",0,0,0,"000000000","00000000000",0,0,0,1,0,0,0,0,0,0,0,998,0,0,0,12,6,2,12,0,0,0,1,12,33018,6,1,6,0,3,0,61,999,0,0,0,0,0,0,0,0,0,0,0,0,0,0,1,6,98,1,1,8,1,3,3,1,62,99,1,1,69,"777777777777","777777777777","777777777777",0,0
12,121485,2,2,1,9,4,19,10,12,6,1,0,12,1,12,471,12471,30,2008,"1FTYR10D88PA","1","F","T","Y","R","1","0","D","8","8","P","A",0,0,0,"000000000","00000000000",0,0,0,1,0,0,0,0,0,0,0,998,0,0,0,3,6,2,12,0,0,0,1,12,33168,6,1,0,0,3,0,69,999,0,0,0,0,0,0,0,0,0,0,0,0,0,0,1,6,98,1,1,8,1,3,3,11,15,99,1,1,68,"777777777777","777777777777","777777777777",1,0
12,121486,1,1,1,9,4,19,31,1,0,1,0,98,1,37,739,37739,90,2000,"999999999999","9","9","9","9","9","9","9","9","9","9","9","9",0,0,0,"000000000","00000000000",0,0,0,1,0,0,0,0,0,0,0,40,0,1,1,0,6,2,1,0,0,0,1,12,33157,6,1,6,0,2,0,69,999,0,0,0,0,0,0,0,0,0,0,0,0,0,0,1,2,30,1,1,8,1,0,0,1,98,99,1,1,98,"777777777777","777777777777","777777777777",1,0
12,121487,1,1,1,7,6,23,15,1,0,1,0,98,1,98,739,98739,90,2003,"2BVEMSF194V0","2","B","V","E","M","S","F","1","9","4","V","0",0,0,0,"000000000","00000000000",0,0,0,1,0,0,0,0,0,0,0,30,0,2,1,0,6,2,1,0,0,0,1,12,34982,1,1,2,0,2,3,70,999,1,0,0,0,0,6,2016,6,2016,0,6,0,0,0,1,2,25,2,1,8,1,0,0,14,98,99,1,1,98,"777777777777","777777777777","777777777777",1,1
12,121488,1,1,1,11,6,10,40,46,0,1,0,12,1,20,482,20482,31,2013,"3GNMCFE00DG1","3","G","N","M","C","F","E","0","0","D","G","1",0,0,0,"000000000","00000000000",0,0,0,1,0,0,0,0,0,0,0,50,0,0,0,12,6,2,46,0,0,0,1,12,34235,6,1,0,0,3,0,70,999,0,0,0,0,0,0,0,0,0,0,0,0,0,0,3,2,45,1,1,8,1,3,3,1,13,99,1,4,1,"777777777777","777777777777","777777777777",1,0
12,121490,1,3,1,1,6,12,0,12,1,1,0,5,3,12,461,12461,21,2007,"1FDXE45S27DA","1","F","D","X","E","4","5","S","2","7","D","A",0,0,0,"000000000","00000000000",0,0,0,1,0,0,0,0,0,0,0,55,7,0,0,12,6,2,12,0,0,0,1,12,33708,6,1,0,0,3,3,69,999,0,0,0,0,0,0,0,0,0,0,6,0,0,0,2,3,55,1,6,8,1,3,3,1,50,99,1,1,20,"777777777777","777777777777","777777777777",0,0
12,121490,2,3,1,1,6,12,0,12,1,1,0,12,2,49,40,49040,4,2016,"4T1BF1FK3GU6","4","T","1","B","F","1","F","K","3","G","U","6",0,0,0,"000000000","00000000000",0,0,0,1,0,0,0,0,0,0,0,0,0,0,0,6,6,2,12,0,0,0,1,12,34606,6,1,0,0,3,0,66,999,0,0,0,0,0,0,0,0,0,0,0,0,0,0,2,6,55,1,6,8,1,3,3,5,53,1,1,1,21,"777777777777","777777777777","777777777777",1,0
12,121490,3,3,1,1,6,12,0,12,1,1,0,12,1,12,471,12471,30,2006,"1FTYR14U86PA","1","F","T","Y","R","1","4","U","8","6","P","A",0,0,0,"000000000","00000000000",0,0,0,1,0,0,0,0,0,0,0,0,0,0,0,6,6,2,12,0,0,0,1,12,34613,6,1,0,0,3,3,76,999,0,0,0,0,0,0,0,0,0,0,0,0,0,0,2,3,55,1,6,8,1,3,3,5,53,1,1,1,98,"777777777777","777777777777","777777777777",0,0
12,121491,1,1,1,11,6,14,33,8,0,1,0,12,2,49,40,49040,4,2005,"4T1BE32KX5U6","4","T","1","B","E","3","2","K","X","5","U","6",0,0,0,"000000000","00000000000",0,0,0,1,0,0,0,0,0,0,0,45,0,0,0,12,4,5,8,0,0,0,1,12,33873,6,1,0,0,3,0,69,999,0,0,0,0,0,0,0,0,0,0,28,0,0,0,3,3,45,1,1,8,1,0,0,1,80,99,1,1,13,"777777777777","777777777777","777777777777",0,0
12,121492,1,5,1,14,6,13,13,12,1,1,0,12,3,12,461,12461,21,2015,"1FDWE3FL7FDA","1","F","D","W","E","3","F","L","7","F","D","A",0,0,0,"000000000","00000000000",0,0,0,1,0,0,0,0,0,0,0,50,0,0,0,12,6,2,12,0,0,0,1,12,33417,6,1,0,0,3,0,72,999,0,1,0,0,1,6,2014,12,2014,0,6,0,0,0,3,3,50,1,1,8,1,3,3,1,50,99,1,1,20,"777777777777","777777777777","777777777777",0,0
12,121492,2,5,1,14,6,13,13,12,1,1,0,12,1,13,13,13013,4,2016,"3LN6L2LU5GR6","3","L","N","6","L","2","L","U","5","G","R","6",0,0,0,"000000000","00000000000",0,0,0,1,0,0,0,0,0,0,0,0,0,0,0,6,6,2,12,0,0,0,1,12,33467,6,1,0,0,3,0,72,999,0,0,0,0,0,0,0,0,0,0,0,0,0,0,3,3,50,1,1,8,1,3,3,5,53,1,1,1,21,"777777777777","777777777777","777777777777",1,0
12,121492,3,5,2,14,6,13,13,12,1,1,0,12,2,18,421,18421,15,2016,"5GAKRBKD8GJ1","5","G","A","K","R","B","K","D","8","G","J","1",0,0,0,"000000000","00000000000",0,0,0,1,0,0,0,0,0,0,0,0,0,0,0,6,6,2,12,0,0,0,1,12,33414,6,1,0,0,3,3,72,999,0,0,0,0,0,0,0,0,0,0,0,0,0,0,3,3,50,1,1,8,1,3,3,5,53,1,1,1,98,"777777777777","777777777777","777777777777",0,0
12,121492,4,5,2,14,6,13,13,12,1,1,0,12,2,42,48,42048,4,2016,"WDDHF5KB4GS2","W","D","D","H","F","5","K","B","4","G","S","2",0,0,0,"000000000","00000000000",0,0,0,1,0,0,0,0,0,0,0,0,0,0,0,6,6,2,12,0,0,0,1,12,33449,6,1,0,0,3,0,67,999,0,0,0,0,0,0,0,0,0,0,0,0,0,0,3,3,50,1,1,8,1,3,3,5,53,1,1,1,98,"777777777777","777777777777","777777777777",0,0
12,121492,5,5,1,14,6,13,13,12,1,1,0,12,1,49,472,49472,30,2016,"3TMAZ5CN1GM0","3","T","M","A","Z","5","C","N","1","G","M","0",0,0,0,"000000000","00000000000",0,0,0,1,0,0,0,0,0,0,0,0,0,0,0,6,4,5,12,0,0,0,1,12,33415,6,1,0,0,3,0,65,999,0,0,0,0,0,0,0,0,0,0,0,0,0,0,3,3,50,1,1,8,1,3,3,5,53,1,1,1,98,"777777777777","777777777777","777777777777",0,0
12,121493,1,2,1,3,7,21,51,12,6,1,0,12,1,49,32,49032,4,1996,"2T1BB02EXTC1","2","T","1","B","B","0","2","E","X","T","C","1",0,0,0,"000000000","00000000000",0,0,0,1,0,0,0,0,0,0,0,15,0,0,0,3,6,2,12,0,0,0,1,12,33313,6,1,0,0,3,0,58,999,0,3,0,0,0,4,2014,6,2016,0,48,0,0,0,3,3,45,1,1,8,1,3,3,11,15,99,1,1,68,"777777777777","777777777777","777777777777",0,0
12,121493,2,2,2,3,7,21,51,12,6,1,0,12,1,41,53,41053,5,2011,"JM3ER2C56B04","J","M","3","E","R","2","C","5","6","B","0","4",0,0,0,"000000000","00000000000",0,0,0,1,0,0,0,0,0,0,0,45,0,0,0,12,6,2,12,0,0,0,1,12,33068,6,1,0,0,3,0,70,999,0,2,0,0,0,9,2012,11,2014,0,0,0,0,0,3,3,45,1,1,8,1,0,0,1,62,99,1,1,69,"777777777777","777777777777","777777777777",1,0
12,121494,1,1,1,28,6,23,8,9,0,1,1,99,9,99,999,99999,99,9999,"999999999999","9","9","9","9","9","9","9","9","9","9","9","9",0,0,0,"000000000","00000000000",0,0,0,1,0,0,0,0,0,0,0,50,0,0,0,2,4,5,9,0,0,0,1,99,99999,9,9,99,9,9,9,999,999,99,99,99,99,99,99,9999,99,9999,9,0,0,0,0,1,2,50,1,1,8,1,0,0,1,13,99,1,4,1,"777777777777","777777777777","777777777777",0,0
12,121495,1,3,1,5,7,3,40,12,1,1,1,99,9,99,999,99999,99,9999,"999999999999","9","9","9","9","9","9","9","9","9","9","9","9",0,0,0,"000000000","00000000000",0,0,0,1,0,0,0,0,0,0,0,999,0,0,0,12,9,5,12,0,0,0,1,99,99999,9,9,99,9,9,9,999,999,99,99,99,99,99,99,9999,99,9999,0,0,0,0,0,2,2,45,1,1,8,1,0,0,1,51,99,1,1,24,"777777777777","777777777777","777777777777",0,0
12,121495,2,3,1,5,7,3,40,12,1,1,0,12,1,37,705,37705,80,2002,"JH2PC213X2M3","J","H","2","P","C","2","1","3","X","2","M","3",0,0,0,"000000000","00000000000",0,0,0,1,0,0,0,0,0,0,0,998,0,0,0,6,6,2,12,0,0,0,1,12,34743,6,1,0,0,3,0,72,999,0,0,0,0,0,0,0,0,0,0,0,0,0,0,2,2,45,1,1,8,1,0,0,1,53,99,1,1,25,"777777777777","777777777777","777777777777",1,0
12,121495,3,3,1,5,7,3,40,12,1,1,0,12,1,55,33,55033,4,2002,"KMHWF35H02A5","K","M","H","W","F","3","5","H","0","2","A","5",0,0,0,"000000000","00000000000",0,0,0,1,0,0,0,0,0,0,0,45,0,0,0,12,2,3,12,0,0,0,1,12,34743,6,1,0,0,3,0,73,999,0,0,0,1,0,7,2013,7,2013,0,0,0,0,0,2,2,45,1,1,8,1,0,0,1,50,1,1,1,98,"777777777777","777777777777","777777777777",0,0
12,121496,1,2,1,19,6,18,46,1,0,1,0,12,2,35,43,35043,4,2003,"3N1CB51D13L7","3","N","1","C","B","5","1","D","1","3","L","7",0,0,0,"000000000","00000000000",0,0,0,1,0,0,0,0,0,0,0,20,0,0,0,83,4,3,12,0,0,0,1,12,33020,0,0,0,0,0,0,999,999,0,0,0,0,0,0,0,0,0,0,38,0,0,0,1,2,30,1,1,8,1,0,0,11,15,99,1,1,98,"777777777777","777777777777","777777777777",0,0
12,121496,2,2,1,19,6,18,46,1,0,1,0,12,2,73,703,73703,80,2007,"JKAEXMF117DA","J","K","A","E","X","M","F","1","1","7","D","A",0,0,0,"000000000","00000000000",0,0,0,1,0,0,0,0,0,0,0,25,0,0,0,0,6,2,12,0,0,0,1,12,33020,2,1,0,0,2,0,68,999,0,2,0,0,0,11,2012,4,2015,0,0,0,0,0,1,2,30,1,1,8,1,0,0,1,98,98,1,1,98,"777777777777","777777777777","777777777777",1,0
12,121497,1,2,1,17,7,5,42,12,2,1,0,12,2,49,40,49040,4,2011,"4T1BF3EK5BU6","4","T","1","B","F","3","E","K","5","B","U","6",0,0,0,"000000000","00000000000",0,0,0,1,0,0,0,0,0,0,0,75,0,0,0,12,6,2,12,0,0,0,1,12,33510,6,1,0,0,3,0,67,999,0,0,0,0,0,0,0,0,0,3,28,0,0,0,1,2,45,2,1,8,1,0,0,14,10,99,1,2,50,"777777777777","777777777777","777777777777",0,0