"STATE","ST_CASE","VEH_NO","VE_FORMS","NUMOCCS","DAY","MONTH","HOUR","MINUTE","HARM_EV","MAN_COLL","UNITTYPE","HIT_RUN","REG_STAT","OWNER","MAKE","MODEL","MAK_MOD","BODY_TYP","MOD_YEAR","VIN","VIN_1","VIN_2","VIN_3","VIN_4","VIN_5","VIN_6","VIN_7","VIN_8","VIN_9","VIN_10","VIN_11","VIN_12","TOW_VEH","J_KNIFE","MCARR_I1","MCARR_I2","MCARR_ID","GVWR","V_CONFIG","CARGO_BT","HAZ_INV","HAZ_PLAC","HAZ_ID","HAZ_CNO","HAZ_REL","BUS_USE","SPEC_USE","EMER_USE","TRAV_SP","UNDERIDE","ROLLOVER","ROLINLOC","IMPACT1","DEFORMED","TOWED","M_HARM","VEH_SC1","VEH_SC2","FIRE_EXP","DR_PRES","L_STATE","DR_ZIP","L_STATUS","L_TYPE","CDL_STAT","L_ENDORS","L_COMPL","L_RESTRI","DR_HGT","DR_WGT","PREV_ACC","PREV_SUS","PREV_DWI","PREV_SPD","PREV_OTH","FIRST_MO","FIRST_YR","LAST_MO","LAST_YR","SPEEDREL","DR_SF1","DR_SF2","DR_SF3","DR_SF4","VTRAFWAY","VNUM_LAN","VSPD_LIM","VALIGN","VPROFILE","VPAVETYP","VSURCOND","VTRAFCON","VTCONT_F","P_CRASH1","P_CRASH2","P_CRASH3","PCRASH4","PCRASH5","ACC_TYPE","TRLR1VIN","TRLR2VIN","TRLR3VIN","DEATHS","DR_DRINK"
12,121612,1,1,1,30,7,2,37,42,0,1,0,12,1,37,31,37031,4,2011,"2HGFA1F34BH5","2","H","G","F","A","1","F","3","4","B","H","5",0,0,0,"000000000","00000000000",0,0,0,1,0,0,0,0,0,0,0,40,0,0,0,81,6,2,42,0,0,0,1,12,33018,1,1,0,0,2,0,69,999,1,0,0,0,2,2,2015,11,2015,0,6,0,0,0,2,2,40,1,1,8,1,0,0,1,12,99,1,4,6,"777777777777","777777777777","777777777777",1,0
12,121613,1,1,1,30,7,23,57,33,0,1,0,12,2,53,33,53033,6,2003,"JS2RC41HX352","J","S","2","R","C","4","1","H","X","3","5","2",0,0,0,"000000000","00000000000",0,0,0,1,0,0,0,0,0,0,0,60,0,0,0,98,6,2,42,0,0,0,1,12,33308,6,1,0,0,3,3,65,999,0,0,0,0,0,0,0,0,0,0,0,0,0,0,2,1,25,1,1,8,1,3,3,1,12,99,1,4,6,"777777777777","777777777777","777777777777",1,1
12,121614,1,2,1,16,7,13,15,12,1,1,0,12,2,12,481,12481,31,1999,"1FTZX1729XKA","1","F","T","Z","X","1","7","2","9","X","K","A",0,0,0,"000000000","00000000000",0,0,0,1,0,0,0,0,0,0,0,998,0,0,0,12,6,2,12,0,0,0,1,12,33810,6,1,0,0,3,0,74,999,0,0,0,0,0,0,0,0,0,0,6,0,0,0,1,2,55,1,1,8,1,0,0,1,50,99,1,1,20,"777777777777","777777777777","777777777777",0,0
12,121614,2,2,5,16,7,13,15,12,1,1,0,12,2,21,20,21020,4,1997,"1G3WH52M7VF3","1","G","3","W","H","5","2","M","7","V","F","3",0,0,0,"000000000","00000000000",0,0,0,1,0,0,0,0,0,0,0,0,0,0,0,6,6,2,12,0,0,0,1,12,33811,6,1,0,0,3,0,72,999,0,0,0,0,0,0,0,0,0,0,0,0,0,0,1,2,55,1,1,8,1,0,0,5,53,99,1,1,21,"777777777777","777777777777","777777777777",1,0
12,121615,1,1,1,29,7,17,17,8,0,1,0,12,1,29,5,29005,4,2016,"5YJSA1E25GF1","5","Y","J","S","A","1","E","2","5","G","F","1",0,0,0,"000000000","00000000000",0,0,0,1,0,0,0,0,0,0,0,30,0,0,0,12,4,3,8,0,0,0,1,12,33138,6,1,0,0,3,0,70,999,0,0,0,0,0,0,0,0,0,0,0,0,0,0,3,4,40,1,1,8,1,0,0,1,80,99,1,1,13,"777777777777","777777777777","777777777777",0,0
12,121616,1,2,1,7,8,9,1,12,2,1,0,12,1,14,401,14401,14,1998,"4M2ZU55P0WUJ","4","M","2","Z","U","5","5","P","0","W","U","J",0,0,0,"000000000","00000000000",0,0,0,1,0,0,0,0,0,0,0,75,0,0,0,12,6,2,12,0,0,0,1,12,33967,6,1,0,0,3,0,71,999,0,0,0,0,0,0,0,0,0,0,51,0,0,0,3,3,70,1,1,8,2,0,0,1,54,99,1,1,52,"777777777777","777777777777","777777777777",0,0
12,121616,2,2,1,7,8,9,1,12,2,1,0,12,1,37,31,37031,2,2008,"2HGFG12878H5","2","H","G","F","G","1","2","8","7","8","H","5",0,0,0,"000000000","00000000000",0,0,0,1,0,0,0,0,0,0,0,70,0,0,0,12,6,2,12,0,0,0,1,12,33708,6,1,0,0,3,3,65,999,0,0,0,0,0,0,0,0,0,0,0,0,0,0,3,3,70,1,1,8,2,0,0,1,54,99,1,1,52,"777777777777","777777777777","777777777777",1,0
12,121617,1,2,1,5,8,19,40,12,1,1,0,12,1,35,47,35047,4,2003,"1N4AL11D63C1","1","N","4","A","L","1","1","D","6","3","C","1",0,0,0,"000000000","00000000000",0,0,0,1,0,0,0,0,0,0,0,0,0,0,0,6,6,2,12,0,0,0,1,12,34116,6,1,0,0,3,0,64,999,0,1,0,0,0,1,2016,1,2016,0,0,0,0,0,3,3,70,1,5,8,1,0,0,5,53,99,1,1,21,"777777777777","777777777777","777777777777",1,0
12,121617,2,2,2,5,8,19,40,12,1,1,0,4,1,59,35,59035,4,2016,"JTHCE1D27G50","J","T","H","C","E","1","D","2","7","G","5","0",0,0,0,"000000000","00000000000",0,0,0,1,0,0,0,0,0,0,0,70,0,0,0,12,6,2,12,0,0,0,1,4,85013,6,1,0,0,3,0,65,145,0,0,0,0,0,0,0,0,0,0,0,0,0,0,3,3,70,1,5,8,1,0,0,1,54,99,1,1,20,"777777777777","777777777777","777777777777",0,0
12,121618,1,1,2,10,7,1,34,8,0,1,0,12,2,49,32,49032,4,2006,"1NXBR32E26Z6","1","N","X","B","R","3","2","E","2","6","Z","6",0,0,0,"000000000","00000000000",0,0,0,1,0,0,0,0,0,0,0,55,0,0,0,12,4,3,8,0,0,0,1,12,32920,6,1,0,0,3,3,63,999,0,0,0,2,0,11,2013,3,2014,0,0,0,0,0,3,2,55,1,1,8,2,0,0,1,80,16,2,2,13,"777777777777","777777777777","777777777777",0,0
12,121619,1,1,10,5,8,7,46,5,0,1,0,12,3,90,988,90988,51,2002,"1BAGBCPA62F2","1","B","A","G","B","C","P","A","6","2","F","2",0,0,88,"888888888","88888888888",3,21,22,1,0,0,0,0,4,3,0,5,0,0,0,0,0,3,5,0,0,0,1,12,33012,6,1,6,3,3,3,71,999,0,0,0,0,0,0,0,0,0,0,6,0,0,0,1,2,30,1,1,8,1,0,0,1,98,99,1,1,0,"777777777777","777777777777","777777777777",1,0
12,121620,1,1,1,25,7,13,25,59,0,1,0,12,2,55,33,55033,4,2015,"5NPE24AF9FH1","5","N","P","E","2","4","A","F","9","F","H","1",0,0,0,"000000000","00000000000",0,0,0,1,0,0,0,0,0,0,0,70,0,0,0,12,6,2,59,0,0,0,1,12,33647,6,1,0,0,3,0,67,999,0,0,0,0,0,0,0,0,0,0,6,0,0,0,3,3,70,1,1,8,1,0,0,1,13,99,1,4,1,"777777777777","777777777777","777777777777",1,0
12,121621,1,1,1,31,7,5,1,8,0,1,0,12,3,7,24,7024,4,2015,"2C3CDXAG4FH8","2","C","3","C","D","X","A","G","4","F","H","8",0,0,0,"000000000","00000000000",0,0,0,1,0,0,0,0,0,5,0,90,0,0,0,12,6,2,8,0,0,0,1,12,33458,6,1,0,0,3,0,75,999,0,0,0,0,0,0,0,0,0,0,0,0,0,0,3,6,70,1,1,8,1,0,0,1,80,99,1,1,13,"777777777777","777777777777","777777777777",0,0
12,121622,1,1,1,2,8,15,40,1,0,1,0,12,1,49,472,49472,40,2003,"5TENL42N73Z2","5","T","E","N","L","4","2","N","7","3","Z","2",0,0,0,"000000000","00000000000",0,0,0,1,0,0,0,0,0,0,0,55,0,1,5,0,6,2,1,0,0,0,1,12,32539,6,1,0,0,3,0,66,999,0,0,0,0,0,0,0,0,0,0,6,0,0,0,1,2,45,1,1,8,1,0,0,1,13,6,3,4,1,"777777777777","777777777777","777777777777",1,1
12,121623,1,1,2,20,7,21,45,8,0,1,0,12,1,19,20,19020,6,2012,"3GYFNGE39CS6","3","G","Y","F","N","G","E","3","9","C","S","6",0,0,0,"000000000","00000000000",0,0,0,1,0,0,0,0,0,0,0,45,0,0,0,12,4,3,8,0,0,0,1,12,34652,6,1,0,0,3,0,67,999,0,0,0,0,0,0,0,0,0,0,0,0,0,0,3,4,45,1,1,8,1,0,0,1,80,99,1,1,13,"777777777777","777777777777","777777777777",0,0
12,121624,1,1,2,8,8,11,45,42,0,1,0,12,1,35,473,35473,31,2005,"1N6AA07B85N5","1","N","6","A","A","0","7","B","8","5","N","5",0,0,0,"000000000","00000000000",0,0,0,1,0,0,0,0,0,0,0,65,0,0,0,12,6,2,42,0,0,0,1,12,32347,6,1,0,0,3,0,73,999,0,0,0,0,0,0,0,0,0,0,0,0,0,0,2,4,65,1,1,8,2,0,0,6,12,99,1,4,6,"777777777777","777777777777","777777777777",2,0
12,121625,1,2,1,3,8,16,15,12,1,1,0,12,2,76,705,76705,80,2004,"JYARJ06E04A0","J","Y","A","R","J","0","6","E","0","4","A","0",0,0,0,"000000000","00000000000",0,0,0,1,0,0,0,0,0,0,0,998,0,0,0,12,6,2,12,0,0,0,1,12,32707,6,1,0,0,3,0,73,999,0,0,1,1,2,8,2011,3,2015,4,0,0,0,0,6,1,25,1,5,8,1,0,0,1,50,99,1,1,20,"777777777777","777777777777","777777777777",1,0
12,121625,2,2,1,3,8,16,15,12,1,1,0,12,1,7,472,7472,31,1996,"1B7FL26P0TS5","1","B","7","F","L","2","6","P","0","T","S","5",0,0,0,"000000000","00000000000",0,0,0,1,0,0,0,0,0,0,0,0,0,0,0,6,2,3,12,0,0,0,1,12,32757,6,1,0,0,3,0,74,999,0,0,0,0,0,0,0,0,0,0,0,0,0,0,6,1,25,1,5,8,1,0,0,5,53,99,1,1,21,"777777777777","777777777777","777777777777",0,0
12,121626,1,1,1,23,7,5,20,8,0,1,0,12,3,86,884,86884,66,2007,"1M2AP02Y47N0","1","M","2","A","P","0","2","Y","4","7","N","0",1,1,12,"1045828","121045828",3,6,2,1,0,0,0,0,0,0,0,65,0,0,0,12,4,3,8,0,0,0,1,12,33809,6,1,6,0,3,0,70,999,0,0,0,0,0,0,0,0,0,0,0,0,0,0,2,2,65,1,1,8,1,0,0,1,80,1,1,1,13,"5HTSN432767T","777777777777","777777777777",0,0
12,121627,1,1,1,4,7,0,0,32,0,1,0,12,1,49,32,49032,4,2015,"2T1BURHE1FC3","2","T","1","B","U","R","H","E","1","F","C","3",0,0,0,"000000000","00000000000",0,0,0,1,0,0,0,0,0,0,0,33,0,1,5,12,6,2,42,0,0,0,1,12,32091,6,1,0,0,3,0,73,999,0,1,0,0,1,6,2012,9,2013,0,6,0,0,0,1,2,30,2,1,8,1,0,0,14,12,99,1,4,6,"777777777777","777777777777","777777777777",1,1
12,121628,1,3,1,22,7,17,17,12,6,1,1,12,2,30,40,30040,4,2012,"3VWBP7AJ9CM3","3","V","W","B","P","7","A","J","9","C","M","3",0,0,0,"000000000","00000000000",0,0,0,1,0,0,0,0,0,0,0,20,0,0,0,12,6,2,12,0,0,0,1,12,33037,6,1,0,0,3,3,64,999,0,0,0,0,0,0,0,0,0,0,38,0,0,0,1,2,30,1,1,8,1,20,3,11,15,99,1,1,98,"777777777777","777777777777","777777777777",0,1
12,121628,2,3,2,22,7,17,17,12,6,1,0,12,1,59,403,59403,14,2004,"JTJGA31U7400","J","T","J","G","A","3","1","U","7","4","0","0",0,0,0,"000000000","00000000000",0,0,0,1,0,0,0,0,0,0,0,20,0,0,0,9,4,3,12,0,0,0,1,12,33070,6,1,0,0,3,3,64,999,0,0,0,0,0,0,0,0,0,0,0,0,0,0,2,2,45,1,1,8,1,0,0,11,65,99,1,1,98,"777777777777","777777777777","777777777777",0,0
12,121628,3,3,2,22,7,17,17,12,6,1,0,12,1,19,26,19026,4,2016,"1G6KA5RX1GU1","1","G","6","K","A","5","R","X","1","G","U","1",0,0,0,"000000000","00000000000",0,0,0,1,0,0,0,0,0,0,0,20,0,0,0,9,6,2,12,0,0,0,1,12,33165,6,1,0,0,3,3,68,999,0,0,0,0,0,0,0,0,0,0,0,0,0,0,2,2,45,1,1,8,1,0,0,1,53,99,1,1,98,"777777777777","777777777777","777777777777",1,0
12,121629,1,2,4,26,7,18,30,12,1,1,0,51,4,63,402,63402,14,2017,"5XYPGDA5XHG1","5","X","Y","P","G","D","A","5","X","H","G","1",0,0,0,"000000000","00000000000",0,0,0,1,0,0,0,0,0,0,0,20,0,0,0,6,4,3,12,0,0,0,1,24,21921,6,1,0,0,3,0,66,999,0,0,0,0,0,0,0,0,0,0,38,0,0,0,3,2,50,1,1,8,1,0,0,1,53,99,1,1,25,"777777777777","777777777777","777777777777",0,0
12,121629,2,2,1,26,7,18,30,12,1,1,0,12,1,73,706,73706,80,2008,"JKAZXCE178A0","J","K","A","Z","X","C","E","1","7","8","A","0",0,0,0,"000000000","00000000000",0,0,0,1,0,0,0,0,0,0,0,50,0,0,0,12,6,2,12,0,0,0,1,12,33070,1,1,0,0,2,0,66,999,0,1,0,0,1,9,2014,7,2016,0,0,0,0,0,3,2,50,1,1,8,1,0,0,1,51,99,1,1,24,"777777777777","777777777777","777777777777",1,0
12,121630,1,1,1,7,8,10,48,42,0,1,0,12,1,35,43,35043,4,2007,"3N1AB61EX7L6","3","N","1","A","B","6","1","E","X","7","L","6",0,0,0,"000000000","00000000000",0,0,0,1,0,0,0,0,0,0,0,70,0,1,5,12,6,2,1,0,0,0,1,12,33777,6,1,0,0,3,3,70,999,0,0,0,0,0,0,0,0,0,3,0,0,0,0,2,4,35,3,1,8,2,0,0,14,12,99,3,4,7,"777777777777","777777777777","777777777777",1,0
12,121631,1,1,1,6,8,14,3,8,0,1,0,12,2,20,471,20471,30,2000,"1GCEC14V4YE1","1","G","C","E","C","1","4","V","4","Y","E","1",0,0,0,"000000000","00000000000",0,0,0,1,0,0,0,0,0,0,0,5,0,0,0,12,0,5,8,0,0,0,1,12,33311,6,1,0,0,3,0,72,999,0,0,0,0,0,0,0,0,0,0,0,0,0,0,0,0,0,0,0,0,0,0,0,1,80,99,1,5,13,"777777777777","777777777777","777777777777",0,0
12,121632,1,1,1,2,8,3,36,33,0,1,0,12,2,7,26,7026,4,2008,"1B3LC56K38N2","1","B","3","L","C","5","6","K","3","8","N","2",0,0,0,"000000000","00000000000",0,0,0,1,0,0,0,0,0,0,0,70,0,0,0,12,6,2,31,0,0,0,1,12,33166,4,7,0,0,2,0,77,999,0,12,0,0,0,11,2013,3,2016,3,0,0,0,0,3,2,35,1,1,8,2,0,0,1,12,99,1,4,6,"777777777777","777777777777","777777777777",1,0
12,121633,1,1,1,5,8,11,37,42,0,1,0,12,1,7,43,7043,4,1998,"1B3EJ46X5WN2","1","B","3","E","J","4","6","X","5","W","N","2",0,0,0,"000000000","00000000000",0,0,0,1,0,0,0,0,0,0,0,10,0,0,0,12,2,5,42,0,0,0,1,12,34698,6,1,0,0,3,3,71,999,0,0,0,0,0,0,0,0,0,0,0,0,0,0,4,1,15,1,1,8,1,0,0,1,12,99,1,4,6,"777777777777","777777777777","777777777777",1,0
12,121634,1,1,1,28,7,12,20,1,0,1,0,12,1,2,404,2404,14,1996,"1J4FT68S6TL2","1","J","4","F","T","6","8","S","6","T","L","2",0,0,0,"000000000","00000000000",0,0,0,1,0,0,0,0,0,0,0,65,0,2,3,0,6,2,1,0,0,0,1,12,32008,6,1,0,0,3,3,68,999,0,0,0,0,0,0,0,0,0,0,6,0,0,0,2,2,65,1,1,8,1,0,0,1,12,7,4,4,7,"777777777777","777777777777","777777777777",1,0
12,121635,1,1,1,24,7,2,9,53,0,1,0,12,2,13,12,13012,4,2002,"1LNHM86S32Y7","1","L","N","H","M","8","6","S","3","2","Y","7",0,0,0,"000000000","00000000000",0,0,0,1,0,0,0,0,0,0,0,105,0,1,6,8,6,2,30,0,0,0,1,12,34972,6,1,0,0,3,0,65,999,0,0,0,0,0,0,0,0,0,0,36,0,0,0,1,2,25,1,1,8,1,0,0,1,10,7,3,4,2,"777777777777","777777777777","777777777777",1,1
12,121636,1,2,1,8,8,5,50,12,6,1,0,12,3,85,884,85884,64,2014,"2NKHLJ9XXEM3","2","N","K","H","L","J","9","X","X","E","M","3",0,0,12,"656240","12656240",3,2,2,2,2,1203,3,2,0,0,0,45,0,1,1,1,4,3,1,0,0,0,1,12,33830,6,1,6,2,3,0,75,999,1,0,0,0,0,10,2013,10,2013,0,39,0,0,0,3,4,45,1,1,8,1,3,3,1,17,99,1,1,65,"777777777777","777777777777","777777777777",0,0
12,121636,2,2,1,8,8,5,50,12,6,1,0,12,1,35,51,35051,6,2014,"JN8AS5MTXEW6","J","N","8","A","S","5","M","T","X","E","W","6",0,0,0,"000000000","00000000000",0,0,0,1,0,0,0,0,0,0,0,15,0,0,0,11,6,2,12,0,0,0,1,12,33625,6,1,0,0,3,3,73,999,0,0,0,0,0,0,0,0,0,0,0,0,0,0,3,4,45,1,1,8,1,3,3,1,66,99,1,1,64,"777777777777","777777777777","777777777777",1,0
12,121638,1,1,1,18,7,4,32,42,0,1,0,12,1,42,45,42045,1,2012,"WDDPK5HA7CF0","W","D","D","P","K","5","H","A","7","C","F","0",0,0,0,"000000000","00000000000",0,0,0,1,0,0,0,0,0,0,0,103,0,0,0,11,6,2,42,0,0,1,1,1,35401,6,1,0,0,3,3,67,999,1,0,0,0,0,11,2013,11,2013,3,36,0,0,0,3,3,45,1,1,8,1,0,0,1,13,99,1,4,1,"777777777777","777777777777","777777777777",1,1
12,121639,1,2,1,5,8,13,20,12,2,1,0,12,1,13,1,13001,4,1998,"1LNFM83W3WY7","1","L","N","F","M","8","3","W","3","W","Y","7",0,0,0,"000000000","00000000000",0,0,0,1,0,0,0,0,0,0,0,55,0,0,0,12,6,2,12,0,0,0,1,12,34473,6,1,0,0,3,3,66,999,0,0,0,2,3,10,2011,1,2013,0,6,28,0,0,1,2,55,1,1,8,1,0,0,1,10,99,1,2,50,"777777777777","777777777777","777777777777",1,0
12,121639,2,2,1,5,8,13,20,12,2,1,0,12,2,20,422,20422,15,2004,"1GNFK16Z24R1","1","G","N","F","K","1","6","Z","2","4","R","1",0,0,0,"000000000","00000000000",0,0,0,1,0,0,0,0,0,0,0,55,0,0,0,12,6,2,12,0,0,0,1,12,32668,6,1,0,0,3,0,73,999,0,0,0,0,0,0,0,0,0,0,0,0,0,0,1,2,55,1,1,8,1,0,0,1,62,99,1,1,51,"777777777777","777777777777","777777777777",0,0
12,121640,1,1,1,26,7,22,43,8,0,1,0,12,1,6,441,6441,20,1999,"1C4GP54L4XB5","1","C","4","G","P","5","4","L","4","X","B","5",0,0,0,"000000000","00000000000",0,0,0,1,0,0,0,0,0,0,0,45,0,0,0,12,4,3,8,0,0,0,1,12,34610,6,1,0,0,3,0,76,999,0,0,0,1,1,6,2012,3,2014,0,0,0,0,0,3,6,45,1,1,8,1,0,0,1,80,99,1,1,13,"777777777777","777777777777","777777777777",0,0
12,121641,1,2,3,2,8,19,35,12,2,1,0,12,1,58,37,58037,4,2005,"JNKCV51E25M2","J","N","K","C","V","5","1","E","2","5","M","2",0,0,0,"000000000","00000000000",0,0,0,1,0,0,0,0,0,0,0,55,0,0,0,12,6,2,12,0,0,0,1,12,33523,6,1,0,0,3,0,63,999,0,0,0,0,0,0,0,0,0,0,28,0,0,0,1,2,55,1,1,8,2,0,0,1,10,99,2,2,50,"777777777777","777777777777","777777777777",1,0
12,121641,2,2,1,2,8,19,35,12,2,1,0,12,3,7,881,7881,64,2012,"3C7WDNEL3CG1","3","C","7","W","D","N","E","L","3","C","G","1",0,0,12,"844747","12844747",2,1,97,1,0,0,0,0,0,0,0,55,0,1,5,12,6,2,12,0,0,0,1,12,33823,6,1,6,0,3,3,70,999,0,1,0,0,0,7,2014,7,2014,0,0,0,0,0,1,2,55,1,1,8,2,0,0,1,62,99,1,1,51,"777777777777","777777777777","777777777777",0,0
12,121642,1,1,1,23,7,17,29,31,0,1,0,12,3,49,422,49422,15,2006,"5TDZT38A16S2","5","T","D","Z","T","3","8","A","1","6","S","2",0,0,0,"000000000","00000000000",0,0,0,1,0,0,0,0,0,0,0,55,0,0,0,12,6,2,42,0,0,0,1,12,33542,6,1,0,0,3,3,70,999,0,0,0,0,0,0,0,0,0,0,0,0,0,0,1,2,55,1,6,8,1,0,0,1,12,99,1,4,6,"777777777777","777777777777","777777777777",1,0
12,121643,1,1,2,6,8,1,28,42,0,1,0,12,1,49,32,49032,4,2012,"2T1BU4EE6CC8","2","T","1","B","U","4","E","E","6","C","C","8",0,0,0,"000000000","00000000000",0,0,0,1,0,0,0,0,0,0,0,55,0,0,0,3,6,2,42,0,0,0,1,12,34743,6,1,0,0,3,0,68,999,1,0,0,1,0,12,2013,1,2014,0,6,0,0,0,1,2,55,3,1,8,1,0,0,14,13,99,1,4,1,"777777777777","777777777777","777777777777",1,1
12,121644,1,2,1,5,8,16,44,12,6,1,0,12,2,12,481,12481,31,1995,"1FTDF15Y2SNA","1","F","T","D","F","1","5","Y","2","S","N","A",0,0,0,"000000000","00000000000",0,0,0,1,0,0,0,0,0,0,0,35,0,0,0,12,6,2,12,0,0,0,1,12,32350,6,1,0,0,3,3,70,999,0,0,0,0,0,0,0,0,0,0,28,0,0,0,1,2,40,1,1,8,1,0,0,1,10,99,1,2,64,"777777777777","777777777777","777777777777",1,1
12,121644,2,2,1,5,8,16,44,12,6,1,0,12,3,12,481,12481,31,2002,"1FTWW33F02EA","1","F","T","W","W","3","3","F","0","2","E","A",0,0,0,"000000000","00000000000",0,0,0,1,0,0,0,0,0,0,0,40,0,0,0,11,4,3,12,0,0,0,1,12,32350,6,1,0,0,3,0,64,999,0,0,0,0,0,0,0,0,0,0,0,0,0,0,1,2,40,1,1,8,1,0,0,1,62,7,1,1,65,"777777777777","777777777777","777777777777",0,0
12,121645,1,1,2,3,8,23,50,9,0,1,0,12,2,37,31,37031,4,2008,"1HGFA16578L0","1","H","G","F","A","1","6","5","7","8","L","0",0,0,0,"000000000","00000000000",0,0,0,1,0,0,0,0,0,0,0,45,0,0,0,12,4,3,9,0,0,0,1,12,34655,6,1,0,0,3,3,64,999,0,0,0,0,0,0,0,0,0,0,0,0,0,0,3,3,45,1,1,8,1,0,0,1,83,99,1,1,13,"777777777777","777777777777","777777777777",0,0
12,121646,1,1,5,1,8,20,55,9,0,1,0,1,2,24,401,24401,14,2007,"5GZCZ63417S8","5","G","Z","C","Z","6","3","4","1","7","S","8",0,0,0,"000000000","00000000000",0,0,0,1,0,0,0,0,0,0,0,45,0,0,0,12,4,5,9,0,0,0,1,1,36530,6,1,0,0,3,3,67,280,0,0,0,0,0,0,0,0,0,0,0,0,0,0,2,1,45,1,1,8,1,0,0,1,83,6,1,1,13,"777777777777","777777777777","777777777777",0,0
12,121647,1,2,1,30,7,21,17,12,99,1,0,12,2,73,705,73705,80,2007,"JKAZX4P117A0","J","K","A","Z","X","4","P","1","1","7","A","0",0,0,0,"000000000","00000000000",0,0,0,1,0,0,0,0,0,0,0,120,0,0,0,98,6,2,12,0,0,1,1,12,34691,6,1,0,0,3,0,66,999,0,0,0,3,1,10,2012,9,2015,3,36,0,0,0,3,2,60,1,1,8,1,0,0,1,9,99,9,3,98,"777777777777","777777777777","777777777777",0,0
12,121647,2,2,1,30,7,21,17,12,99,1,0,12,1,73,703,73703,80,2011,"JKAEXMJ10BDA","J","K","A","E","X","M","J","1","0","B","D","A",0,0,0,"000000000","00000000000",0,0,0,1,0,0,0,0,0,0,0,100,0,0,0,98,6,2,12,0,0,0,1,12,34689,6,1,0,0,3,0,59,999,0,0,0,0,0,0,0,0,0,3,0,0,0,0,3,2,60,1,1,8,1,0,0,1,78,99,1,1,98,"777777777777","777777777777","777777777777",1,0
12,121648,1,1,1,2,8,21,8,8,0,1,0,12,1,22,32,22032,6,2005,"5Y2SL63825Z4","5","Y","2","S","L","6","3","8","2","5","Z","4",0,0,0,"000000000","00000000000",0,0,0,1,0,0,0,0,0,0,0,40,0,0,0,12,6,2,8,0,0,0,1,12,33543,6,1,0,0,3,0,66,999,0,1,0,0,0,2,2016,2,2016,0,0,0,0,0,2,4,45,1,1,8,2,0,0,2,80,16,1,1,13,"777777777777","777777777777","777777777777",0,0
12,121649,1,2,1,8,8,4,51,12,6,1,1,12,2,12,461,12461,21,2001,"1FTRE14291HA","1","F","T","R","E","1","4","2","9","1","H","A",0,0,0,"000000000","00000000000",0,0,0,1,0,0,0,0,0,0,0,45,0,0,0,12,6,2,12,0,0,0,1,12,33615,1,1,0,0,2,0,67,999,1,2,0,1,0,11,2015,8,2016,0,39,0,0,0,3,2,45,2,1,8,1,3,3,14,17,99,1,1,83,"777777777777","777777777777","777777777777",0,1
12,121649,2,2,2,8,8,4,51,12,6,1,0,17,4,49,32,49032,4,2015,"2T1BURHE7FC2","2","T","1","B","U","R","H","E","7","F","C","2",0,0,0,"000000000","00000000000",0,0,0,1,0,0,0,0,0,0,0,10,0,0,0,9,6,2,12,0,0,0,1,17,60061,6,1,0,0,3,3,67,165,0,0,0,0,0,0,0,0,0,0,0,0,0,0,3,2,35,2,1,8,1,3,3,11,66,99,1,1,82,"777777777777","777777777777","777777777777",1,0
12,121650,1,2,2,15,7,11,59,12,7,1,0,95,1,55,35,55035,4,2013,"5NPDH4AE5DH3","5","N","P","D","H","4","A","E","5","D","H","3",0,0,0,"000000000","00000000000",0,0,0,1,0,0,0,0,0,0,0,20,0,0,0,62,4,5,12,0,0,0,1,12,33322,6,1,0,0,3,3,70,999,0,0,0,0,0,0,0,0,0,0,38,0,0,0,0,0,0,0,0,0,0,20,3,10,16,1,1,1,78,"777777777777","777777777777","777777777777",0,0
12,121650,2,2,1,15,7,11,59,12,7,1,0,12,1,37,705,37705,80,2003,"JH2PC37043M0","J","H","2","P","C","3","7","0","4","3","M","0",0,0,0,"000000000","00000000000",0,0,0,1,0,0,0,0,0,0,0,45,0,0,0,1,6,2,12,0,0,0,1,12,33351,6,1,0,0,3,0,67,999,0,0,0,0,0,0,0,0,0,0,0,0,0,0,3,4,45,1,1,8,1,0,0,15,70,99,1,2,79,"777777777777","777777777777","777777777777",1,0
12,121651,1,2,1,3,8,22,57,12,6,1,0,12,1,12,3,12003,1,1996,"1FALP4442TF2","1","F","A","L","P","4","4","4","2","T","F","2",0,0,0,"000000000","00000000000",0,0,0,1,0,0,0,0,0,0,0,10,0,0,0,4,6,2,12,0,0,0,1,12,32119,6,1,0,0,3,0,65,999,0,0,0,0,1,10,2011,10,2011,0,38,0,0,0,3,4,35,1,1,8,1,3,3,11,15,99,1,1,68,"777777777777","777777777777","777777777777",0,0
12,121651,2,2,1,3,8,22,57,12,6,1,0,12,2,73,705,73705,80,2004,"JKAEXVD104A0","J","K","A","E","X","V","D","1","0","4","A","0",0,0,0,"000000000","00000000000",0,0,0,1,0,0,0,0,0,0,0,65,0,0,0,12,6,2,12,0,0,0,1,12,32117,6,1,0,0,2,0,71,999,1,1,0,0,0,4,2016,6,2016,3,0,0,0,0,3,4,35,1,1,8,1,3,3,1,62,99,1,1,69,"777777777777","777777777777","777777777777",1,0
12,121652,1,1,1,3,8,12,47,42,0,1,0,12,3,82,881,82881,66,2007,"1FUJBBAV57PY","1","F","U","J","B","B","A","V","5","7","P","Y",1,1,12,"1435692","121435692",3,6,1,1,0,0,0,0,0,0,0,70,0,1,3,12,6,2,42,0,0,1,1,12,33603,6,1,6,0,3,0,72,999,0,0,0,0,0,0,0,0,0,0,0,0,0,0,3,4,70,2,1,8,1,0,0,14,12,99,1,4,6,"1JJV532W4WL4","777777777777","777777777777",1,0