"STATE","ST_CASE","VEH_NO","VE_FORMS","NUMOCCS","DAY","MONTH","HOUR","MINUTE","HARM_EV","MAN_COLL","UNITTYPE","HIT_RUN","REG_STAT","OWNER","MAKE","MODEL","MAK_MOD","BODY_TYP","MOD_YEAR","VIN","VIN_1","VIN_2","VIN_3","VIN_4","VIN_5","VIN_6","VIN_7","VIN_8","VIN_9","VIN_10","VIN_11","VIN_12","TOW_VEH","J_KNIFE","MCARR_I1","MCARR_I2","MCARR_ID","GVWR","V_CONFIG","CARGO_BT","HAZ_INV","HAZ_PLAC","HAZ_ID","HAZ_CNO","HAZ_REL","BUS_USE","SPEC_USE","EMER_USE","TRAV_SP","UNDERIDE","ROLLOVER","ROLINLOC","IMPACT1","DEFORMED","TOWED","M_HARM","VEH_SC1","VEH_SC2","FIRE_EXP","DR_PRES","L_STATE","DR_ZIP","L_STATUS","L_TYPE","CDL_STAT","L_ENDORS","L_COMPL","L_RESTRI","DR_HGT","DR_WGT","PREV_ACC","PREV_SUS","PREV_DWI","PREV_SPD","PREV_OTH","FIRST_MO","FIRST_YR","LAST_MO","LAST_YR","SPEEDREL","DR_SF1","DR_SF2","DR_SF3","DR_SF4","VTRAFWAY","VNUM_LAN","VSPD_LIM","VALIGN","VPROFILE","VPAVETYP","VSURCOND","VTRAFCON","VTCONT_F","P_CRASH1","P_CRASH2","P_CRASH3","PCRASH4","PCRASH5","ACC_TYPE","TRLR1VIN","TRLR2VIN","TRLR3VIN","DEATHS","DR_DRINK"
12,121653,1,1,2,29,7,15,50,24,0,1,0,12,1,72,706,72706,80,2006,"1HD1FYW136Y6","1","H","D","1","F","Y","W","1","3","6","Y","6",0,0,0,"000000000","00000000000",0,0,0,1,0,0,0,0,0,0,0,35,0,0,0,12,6,2,24,0,0,0,1,12,33063,6,1,0,0,3,3,70,999,1,0,0,0,2,5,2012,4,2014,0,6,0,0,0,4,1,35,3,6,8,2,0,0,11,13,99,1,4,1,"777777777777","777777777777","777777777777",1,0
12,121654,1,2,2,7,8,12,18,12,6,1,0,12,1,20,16,20016,2,2000,"1G1JC1240Y71","1","G","1","J","C","1","2","4","0","Y","7","1",0,0,0,"000000000","00000000000",0,0,0,1,0,0,0,0,0,0,0,50,0,0,0,3,6,2,12,0,0,0,1,12,33830,6,1,0,0,3,0,61,999,0,0,0,1,0,4,2016,4,2016,0,0,0,0,0,3,4,45,1,5,8,2,0,0,1,10,99,1,2,64,"777777777777","777777777777","777777777777",1,0
12,121654,2,2,3,7,8,12,18,12,6,1,0,12,2,2,404,2404,14,2011,"1J4RS5GG6BC5","1","J","4","R","S","5","G","G","6","B","C","5",0,0,0,"000000000","00000000000",0,0,0,1,0,0,0,0,0,0,0,50,0,0,0,12,6,2,12,0,0,0,1,12,33810,6,1,0,0,3,3,72,999,0,0,0,0,0,0,0,0,0,0,0,0,0,0,3,4,45,1,1,8,2,0,0,1,62,99,1,1,65,"777777777777","777777777777","777777777777",1,0
12,121655,1,2,4,3,8,22,40,8,0,1,0,12,3,2,408,2408,14,2016,"ZACCJBCT6GPC","Z","A","C","C","J","B","C","T","6","G","P","C",0,0,0,"000000000","00000000000",0,0,0,1,0,0,0,0,0,0,0,70,0,0,0,12,6,2,8,0,0,0,1,12,32221,6,1,0,0,3,0,69,999,1,0,0,0,1,10,2014,5,2015,0,0,0,0,0,3,6,70,1,1,8,1,0,0,1,80,99,1,1,13,"777777777777","777777777777","777777777777",0,0
12,121655,2,2,3,3,8,22,40,8,0,1,0,12,1,7,442,7442,20,2006,"1D4GP21R06B5","1","D","4","G","P","2","1","R","0","6","B","5",0,0,0,"000000000","00000000000",0,0,0,1,0,0,0,0,0,0,0,70,0,0,0,14,6,2,8,0,0,0,1,12,33549,6,1,0,0,3,0,71,999,2,0,0,1,1,12,2012,1,2016,0,0,0,0,0,3,6,70,1,1,8,1,0,0,1,80,99,1,1,98,"777777777777","777777777777","777777777777",0,0
12,121656,1,2,2,23,3,17,7,12,6,1,1,12,2,49,40,49040,4,2002,"4T1BE32K72U0","4","T","1","B","E","3","2","K","7","2","U","0",0,0,0,"000000000","00000000000",0,0,0,1,0,0,0,0,0,0,0,25,0,0,0,12,6,2,12,0,0,0,1,12,33463,0,0,0,0,0,0,68,999,0,0,0,0,0,0,0,0,0,0,6,39,0,0,1,2,25,1,1,8,1,20,3,1,17,99,1,1,86,"777777777777","777777777777","777777777777",0,1
12,121656,2,2,3,23,3,17,7,12,6,1,0,12,2,37,402,37402,14,2010,"5J6RE3H72AL0","5","J","6","R","E","3","H","7","2","A","L","0",0,0,0,"000000000","00000000000",0,0,0,1,0,0,0,0,0,0,0,25,0,1,1,83,6,2,12,0,0,0,1,12,33463,6,1,0,0,3,0,63,999,0,1,0,0,0,12,2014,12,2014,0,0,0,0,0,1,2,25,1,1,8,1,0,0,1,66,99,1,1,87,"777777777777","777777777777","777777777777",1,0
12,121657,1,3,1,30,3,22,8,33,0,1,0,12,1,49,401,49401,14,1998,"JT3GM84R9W00","J","T","3","G","M","8","4","R","9","W","0","0",0,0,0,"000000000","00000000000",0,0,0,1,0,0,0,0,0,0,0,50,0,1,3,12,6,2,1,0,0,0,1,12,33463,6,1,0,0,3,3,64,999,0,4,0,0,0,2,2012,2,2015,4,0,0,0,0,2,3,45,1,1,8,2,0,0,1,12,99,4,4,7,"777777777777","777777777777","777777777777",0,0
12,121657,2,3,1,30,3,22,8,33,0,1,0,12,2,24,1,24001,4,2002,"1G8ZK52722Z1","1","G","8","Z","K","5","2","7","2","2","Z","1",0,0,0,"000000000","00000000000",0,0,0,1,0,0,0,0,0,0,0,40,0,0,0,61,6,2,12,0,0,0,1,12,33463,6,1,0,0,3,0,69,999,0,0,0,0,0,0,0,0,0,0,0,0,0,0,2,3,45,1,1,8,2,0,0,1,62,99,1,1,98,"777777777777","777777777777","777777777777",1,0
12,121657,3,3,1,30,3,22,8,33,0,1,0,12,2,6,18,6018,4,2012,"1C3CCBBB4CN1","1","C","3","C","C","B","B","B","4","C","N","1",0,0,0,"000000000","00000000000",0,0,0,1,0,0,0,0,0,0,0,40,0,0,0,12,6,2,12,0,0,0,1,12,33435,6,1,0,0,3,0,59,999,0,0,0,0,0,0,0,0,0,0,0,0,0,0,2,3,45,1,1,8,2,0,0,1,50,99,1,1,98,"777777777777","777777777777","777777777777",0,0
12,121658,1,1,1,30,7,7,43,30,0,1,0,34,1,12,481,12481,31,2002,"1FTRW08L72KA","1","F","T","R","W","0","8","L","7","2","K","A",0,0,0,"000000000","00000000000",0,0,0,1,0,0,0,0,0,0,0,35,0,0,0,12,6,2,30,0,0,0,1,34,8816,6,1,0,0,3,0,70,999,0,0,0,0,1,5,2015,5,2015,0,0,0,0,0,4,1,98,1,1,8,1,0,0,1,12,99,1,4,98,"777777777777","777777777777","777777777777",1,0
12,121659,1,1,1,3,8,7,0,8,0,1,0,12,1,49,32,49032,4,2011,"JTDBU4EE2BJ0","J","T","D","B","U","4","E","E","2","B","J","0",0,0,0,"000000000","00000000000",0,0,0,1,0,0,0,0,0,0,0,35,0,0,0,12,6,2,8,0,0,0,1,12,33026,6,1,0,0,3,0,65,999,0,0,0,1,0,6,2013,6,2013,0,0,0,0,0,1,2,30,1,1,8,2,0,0,1,80,99,1,1,13,"777777777777","777777777777","777777777777",0,0
12,121660,1,1,1,5,8,9,10,8,0,1,0,12,1,18,25,18025,4,2015,"1G4PR5SK7F41","1","G","4","P","R","5","S","K","7","F","4","1",0,0,0,"000000000","00000000000",0,0,0,1,0,0,0,0,0,0,0,20,0,0,0,12,4,3,8,0,0,0,1,12,33160,6,1,0,0,3,3,62,999,0,0,0,0,0,0,0,0,0,0,0,0,0,0,2,2,15,2,1,8,1,0,0,14,80,99,1,1,13,"777777777777","777777777777","777777777777",0,0
12,121661,1,1,1,8,8,15,26,9,0,1,0,12,1,20,471,20471,30,2001,"1GCCS14W4182","1","G","C","C","S","1","4","W","4","1","8","2",0,0,0,"000000000","00000000000",0,0,0,1,0,0,0,0,0,0,0,40,0,0,0,12,4,3,9,0,0,0,1,12,33948,6,1,0,0,3,0,68,999,0,0,0,1,2,4,2013,12,2015,0,0,0,0,0,1,2,45,2,1,8,2,0,0,14,83,7,1,1,13,"777777777777","777777777777","777777777777",0,0
12,121662,1,2,1,8,8,22,23,12,6,1,0,12,1,34,34,34034,4,2013,"WBA3A9G5XDNN","W","B","A","3","A","9","G","5","X","D","N","N",0,0,0,"000000000","00000000000",0,0,0,1,0,0,0,0,0,0,0,15,0,0,0,3,6,2,2,0,0,1,1,12,33626,6,1,0,0,3,0,71,999,0,0,0,1,0,5,2015,5,2015,0,38,0,0,0,3,4,45,1,1,8,2,0,0,12,98,99,1,1,98,"777777777777","777777777777","777777777777",1,0
12,121662,2,2,1,8,8,22,23,12,6,1,0,12,1,35,39,35039,4,2016,"1N4AA6AP9GC4","1","N","4","A","A","6","A","P","9","G","C","4",0,0,0,"000000000","00000000000",0,0,0,1,0,0,0,0,0,0,0,67,0,0,0,12,6,2,12,0,0,0,1,12,33615,6,1,0,0,3,0,68,999,0,0,0,0,0,0,0,0,0,0,0,0,0,0,3,3,45,1,1,8,2,0,0,1,62,99,1,1,98,"777777777777","777777777777","777777777777",0,0
12,121663,1,3,2,24,7,9,37,12,2,1,0,12,2,19,18,19018,4,2012,"1G6DH5E59C01","1","G","6","D","H","5","E","5","9","C","0","1",0,0,0,"000000000","00000000000",0,0,0,1,0,0,0,0,0,0,0,45,0,0,0,12,6,2,12,0,0,0,1,12,33884,6,1,0,0,3,0,61,999,0,0,0,1,1,5,2012,8,2015,0,28,0,0,0,1,2,45,1,1,8,1,0,0,1,10,99,1,2,50,"777777777777","777777777777","777777777777",0,0
12,121663,2,3,1,24,7,9,37,12,2,1,0,12,1,20,37,20037,4,2016,"1G1ZE5ST9GF2","1","G","1","Z","E","5","S","T","9","G","F","2",0,0,0,"000000000","00000000000",0,0,0,1,0,0,0,0,0,0,0,45,0,0,0,12,6,2,12,0,0,0,1,12,33898,6,1,0,0,3,3,68,999,0,0,0,0,0,0,0,0,0,0,0,0,0,0,1,2,45,1,1,8,1,0,0,1,62,99,1,1,51,"777777777777","777777777777","777777777777",1,0
12,121663,3,3,1,24,7,9,37,12,2,1,0,12,1,20,404,20404,14,2011,"2GNALDEC1B11","2","G","N","A","L","D","E","C","1","B","1","1",0,0,0,"000000000","00000000000",0,0,0,1,0,0,0,0,0,0,0,45,0,0,0,13,2,5,54,0,0,0,1,12,33853,6,1,0,0,3,0,65,999,0,0,0,0,0,0,0,0,0,0,0,0,0,0,1,2,45,1,1,8,1,0,0,1,98,99,1,1,98,"777777777777","777777777777","777777777777",0,0
12,121664,1,2,2,7,8,5,38,12,6,1,0,12,1,35,43,35043,4,2001,"3N1CB51D91L4","3","N","1","C","B","5","1","D","9","1","L","4",0,0,0,"000000000","00000000000",0,0,0,1,0,0,0,0,0,0,0,30,0,0,0,9,6,2,12,0,0,0,1,12,33014,6,1,0,0,3,0,69,999,0,0,0,0,0,0,0,0,0,0,39,0,0,0,1,5,40,1,1,8,1,3,3,1,17,99,1,1,89,"777777777777","777777777777","777777777777",1,1
12,121664,2,2,1,7,8,5,38,12,6,1,0,12,1,35,50,35050,4,2012,"3N1BC1CP6CK2","3","N","1","B","C","1","C","P","6","C","K","2",0,0,0,"000000000","00000000000",0,0,0,1,0,0,0,0,0,0,0,40,0,0,0,12,6,2,12,0,0,0,1,12,33179,6,1,0,0,3,3,67,999,0,0,0,0,0,0,0,0,0,0,0,0,0,0,1,5,40,1,1,8,1,3,3,1,66,99,1,1,88,"777777777777","777777777777","777777777777",0,0
12,121665,1,1,1,26,7,19,45,33,0,1,0,12,1,73,706,73706,80,2010,"JKBZXNC19AA0","J","K","B","Z","X","N","C","1","9","A","A","0",0,0,0,"000000000","00000000000",0,0,0,1,0,0,0,0,0,0,0,80,0,0,0,12,6,2,33,0,0,0,1,12,33024,6,1,0,0,3,0,66,999,0,0,0,0,0,0,0,0,0,3,6,0,0,0,3,3,45,2,1,8,1,0,0,14,12,99,1,4,6,"777777777777","777777777777","777777777777",1,0
12,121666,1,1,1,7,8,21,56,8,0,1,0,12,2,54,421,54421,15,2003,"2HNYD187X3H5","2","H","N","Y","D","1","8","7","X","3","H","5",0,0,0,"000000000","00000000000",0,0,0,1,0,0,0,0,0,0,0,998,0,0,0,12,2,5,8,0,0,0,1,12,33161,6,1,6,0,3,0,69,999,0,2,0,0,0,11,2015,12,2015,0,0,0,0,0,3,6,40,1,1,8,2,0,0,1,80,99,1,1,13,"777777777777","777777777777","777777777777",0,0
12,121667,1,1,1,30,7,21,35,8,0,1,1,99,9,99,999,99999,99,9999,"999999999999","9","9","9","9","9","9","9","9","9","9","9","9",0,0,0,"000000000","00000000000",0,0,0,1,0,0,0,0,99,99,0,998,0,0,0,12,9,5,8,0,0,0,1,99,99999,9,9,99,9,9,9,999,999,99,99,99,99,99,99,9999,99,9999,0,0,0,0,0,2,2,99,9,9,9,99,99,9,1,80,99,1,1,13,"777777777777","777777777777","777777777777",0,0
12,121670,1,2,1,11,8,18,10,12,6,1,0,12,1,20,35,20035,2,1993,"J81RF2363P75","J","8","1","R","F","2","3","6","3","P","7","5",0,0,0,"000000000","00000000000",0,0,0,1,0,0,0,0,0,0,0,5,0,0,0,1,6,2,12,0,0,0,1,12,32250,1,1,0,0,2,0,61,999,0,1,0,0,1,7,2016,8,2016,0,38,0,0,0,1,2,45,1,1,8,1,0,0,11,15,99,1,1,68,"777777777777","777777777777","777777777777",0,0
12,121670,2,2,1,11,8,18,10,12,6,1,0,12,1,72,706,72706,80,2011,"1HD4CR212BC4","1","H","D","4","C","R","2","1","2","B","C","4",0,0,0,"000000000","00000000000",0,0,0,1,0,0,0,0,0,0,0,45,0,0,0,12,6,2,12,0,0,0,1,12,32034,6,1,0,0,3,3,67,999,0,0,0,0,0,0,0,0,0,0,0,0,0,0,1,2,45,1,1,8,1,0,0,1,62,99,1,1,69,"777777777777","777777777777","777777777777",1,0
12,121671,1,2,1,7,8,2,25,12,6,1,0,2,1,38,402,38402,14,1995,"4S2CK58V2S43","4","S","2","C","K","5","8","V","2","S","4","3",0,0,0,"000000000","00000000000",0,0,0,1,0,0,0,0,0,0,0,1,0,0,0,12,6,2,12,0,0,0,1,12,33321,1,1,0,0,2,0,68,999,0,1,0,0,0,8,2016,8,2016,0,0,0,0,0,3,4,45,1,1,8,1,0,0,1,17,99,1,1,83,"777777777777","777777777777","777777777777",0,1
12,121671,2,2,1,7,8,2,25,12,6,1,0,12,2,37,31,37031,4,2011,"19XFA1F63BE0","1","9","X","F","A","1","F","6","3","B","E","0",0,0,0,"000000000","00000000000",0,0,0,1,0,0,0,0,0,0,0,1,0,0,0,61,6,2,12,0,0,0,1,12,33321,6,1,0,0,3,0,69,999,0,0,0,0,0,0,0,0,0,0,0,0,0,0,3,2,25,1,1,8,1,0,0,11,66,99,1,1,82,"777777777777","777777777777","777777777777",1,0
12,121672,1,1,3,4,8,16,39,9,0,1,0,25,1,12,423,12423,16,2003,"1FMSU41P03ED","1","F","M","S","U","4","1","P","0","3","E","D",0,0,0,"000000000","00000000000",0,0,0,1,0,0,0,0,0,0,0,5,0,0,0,9,2,5,9,0,0,0,1,12,32137,6,1,0,0,3,0,74,999,0,0,0,0,0,0,0,0,0,0,0,0,0,0,3,2,35,1,1,8,2,0,0,1,83,1,1,1,13,"777777777777","777777777777","777777777777",0,0
12,121673,1,1,1,13,3,3,30,8,0,1,1,99,9,99,999,99999,99,9999,"999999999999","9","9","9","9","9","9","9","9","9","9","9","9",0,0,0,"000000000","00000000000",0,0,0,1,0,0,0,0,0,0,0,999,0,0,0,98,9,5,8,0,0,0,1,99,99999,9,9,99,9,9,9,999,999,99,99,99,99,99,99,9999,99,9999,0,0,0,0,0,3,1,45,8,8,8,1,0,0,99,80,99,1,1,13,"777777777777","777777777777","777777777777",0,0
12,121674,1,2,1,30,4,23,5,12,6,1,0,12,2,42,42,42042,4,2002,"WDBRH64JX2F2","W","D","B","R","H","6","4","J","X","2","F","2",0,0,0,"000000000","00000000000",0,0,0,1,0,0,0,0,0,0,0,15,0,0,0,12,6,2,12,0,0,0,1,12,33065,6,1,0,0,3,3,62,999,1,0,0,0,0,12,2012,12,2012,0,38,0,0,0,3,1,25,1,1,8,1,20,3,11,15,1,1,1,82,"777777777777","777777777777","777777777777",0,0
12,121674,2,2,1,30,4,23,5,12,6,1,0,12,1,73,703,73703,80,2013,"JKAEX8A14DDA","J","K","A","E","X","8","A","1","4","D","D","A",0,0,0,"000000000","00000000000",0,0,0,1,0,0,0,0,0,0,0,55,0,0,0,3,6,2,12,0,0,0,1,12,33071,6,1,0,0,2,3,64,999,0,0,0,0,0,0,0,0,0,0,0,0,0,0,3,4,40,1,1,8,1,0,0,1,67,99,1,1,83,"777777777777","777777777777","777777777777",1,0
12,121675,1,1,2,15,5,4,29,8,0,1,0,12,1,49,50,49050,3,2005,"JTKDE1770500","J","T","K","D","E","1","7","7","0","5","0","0",0,0,0,"000000000","00000000000",0,0,0,1,0,0,0,0,0,0,0,998,0,0,0,98,2,3,8,0,0,0,1,12,33189,1,1,0,0,2,0,66,999,1,4,0,0,1,1,2015,1,2016,0,0,0,0,0,1,2,30,1,1,8,1,0,0,1,80,99,1,1,13,"777777777777","777777777777","777777777777",0,0
12,121676,1,2,1,28,6,13,45,12,6,1,1,99,9,99,999,99999,99,9999,"999999999999","9","9","9","9","9","9","9","9","9","9","9","9",0,0,0,"000000000","00000000000",0,0,0,1,0,0,0,0,0,0,0,999,0,0,0,99,9,9,12,0,0,0,1,99,99999,9,9,99,9,9,9,999,999,99,99,99,99,99,99,9999,99,9999,0,0,0,0,0,3,6,98,8,8,8,2,99,3,99,19,99,9,9,98,"777777777777","777777777777","777777777777",0,0
12,121676,2,2,1,28,6,13,45,12,6,1,0,12,1,35,401,35401,14,2001,"JN8DR09X51W5","J","N","8","D","R","0","9","X","5","1","W","5",0,0,0,"000000000","00000000000",0,0,0,1,0,0,0,0,0,0,0,40,0,0,0,99,6,2,31,0,0,0,1,12,33166,6,1,0,0,3,0,71,999,0,0,0,0,0,0,0,0,0,0,0,0,0,0,3,6,40,1,1,8,2,0,0,1,99,99,1,1,98,"777777777777","777777777777","777777777777",1,0
12,121677,1,2,1,3,7,18,48,12,6,1,0,12,2,49,43,49043,4,2002,"4T1BF28BX2U2","4","T","1","B","F","2","8","B","X","2","U","2",0,0,0,"000000000","00000000000",0,0,0,1,0,0,0,0,0,0,0,35,0,0,0,12,6,2,12,0,0,0,1,12,33063,6,1,0,0,3,0,60,999,0,0,0,0,0,0,0,0,0,0,0,0,0,0,2,6,35,1,1,8,1,3,3,1,67,99,1,1,83,"777777777777","777777777777","777777777777",0,0
12,121677,2,2,2,3,7,18,48,12,6,1,0,12,2,32,45,32045,2,2016,"TRUC1AFV5G10","T","R","U","C","1","A","F","V","5","G","1","0",0,0,0,"000000000","00000000000",0,0,0,1,0,0,0,0,0,0,0,10,0,0,0,9,6,2,12,0,0,0,1,12,33063,6,1,0,0,3,3,74,999,0,0,0,0,0,0,0,0,0,0,0,0,0,0,2,2,10,1,1,8,1,3,3,11,15,99,1,1,82,"777777777777","777777777777","777777777777",1,0
12,121678,1,1,2,20,7,10,20,30,0,1,0,12,2,49,40,49040,4,2005,"4T1BE32K55U5","4","T","1","B","E","3","2","K","5","5","U","5",0,0,0,"000000000","00000000000",0,0,0,1,0,0,0,0,0,0,0,35,0,0,0,12,6,2,30,0,0,0,1,12,33024,6,1,0,0,3,0,67,999,0,0,0,0,1,8,2015,8,2015,0,0,0,0,0,3,3,40,1,1,8,1,0,0,1,13,7,1,4,1,"777777777777","777777777777","777777777777",1,0
12,121679,1,1,2,15,7,21,31,8,0,1,0,12,2,49,32,49032,4,2014,"2T1BURHE1EC1","2","T","1","B","U","R","H","E","1","E","C","1",0,0,0,"000000000","00000000000",0,0,0,1,0,0,0,0,0,0,0,40,0,0,0,12,4,3,8,0,0,0,1,12,32578,6,1,0,0,3,0,71,999,1,0,0,0,0,7,2013,7,2013,0,0,0,0,0,3,5,45,1,1,8,1,0,0,1,80,6,1,1,13,"777777777777","777777777777","777777777777",0,0
12,121680,1,1,2,30,7,5,25,42,0,1,0,47,2,37,32,37032,2,1999,"1HGCG3259XA0","1","H","G","C","G","3","2","5","9","X","A","0",0,0,0,"000000000","00000000000",0,0,0,1,0,0,0,0,0,0,0,45,0,0,0,12,6,2,42,0,0,0,1,47,37167,6,1,0,0,3,3,66,999,1,0,0,0,0,2,2016,2,2016,0,0,0,0,0,1,2,45,2,1,8,1,40,3,14,12,99,1,4,6,"777777777777","777777777777","777777777777",1,0
12,121682,1,1,1,22,5,16,44,31,0,1,0,99,9,69,54,69054,6,2003,"888888888888","8","8","8","8","8","8","8","8","8","8","8","8",0,0,0,"000000000","00000000000",0,0,0,1,0,0,0,0,0,0,0,45,0,0,0,12,6,2,42,0,0,0,1,12,33404,6,1,0,0,3,3,59,999,0,0,0,0,0,0,0,0,0,0,6,0,0,0,3,4,45,1,1,8,1,0,0,1,12,99,1,4,6,"777777777777","777777777777","777777777777",1,0
12,121683,1,1,1,16,4,16,29,1,0,1,0,12,1,98,703,98703,88,2009,"ZAPM448F0956","Z","A","P","M","4","4","8","F","0","9","5","6",0,0,0,"000000000","00000000000",0,0,0,1,0,0,0,0,0,0,0,999,0,0,0,0,4,3,1,0,0,0,1,12,33458,6,1,0,0,3,0,66,999,0,0,0,0,0,0,0,0,0,0,0,0,0,0,1,2,30,1,1,5,11,0,0,1,98,99,1,1,98,"777777777777","777777777777","777777777777",1,1
12,121684,1,1,1,30,3,5,17,33,0,1,0,37,1,12,481,12481,31,2001,"1FTRX17W41NB","1","F","T","R","X","1","7","W","4","1","N","B",0,0,0,"000000000","00000000000",0,0,0,1,0,0,0,0,0,0,0,60,0,1,1,11,6,2,1,0,0,0,1,37,27603,6,1,0,0,3,0,71,999,0,0,0,0,0,0,0,0,0,0,6,0,0,0,3,3,45,2,1,8,2,0,0,14,12,99,3,4,7,"777777777777","777777777777","777777777777",1,1
12,121685,1,1,1,25,3,19,3,1,0,1,0,12,1,72,706,72706,80,1997,"1HD1GHL14VY3","1","H","D","1","G","H","L","1","4","V","Y","3",0,0,0,"000000000","00000000000",0,0,0,1,0,0,0,0,0,0,0,40,0,0,0,0,6,2,1,0,0,0,1,12,33470,6,1,0,0,3,0,72,999,0,0,0,0,0,0,0,0,0,0,6,0,0,0,1,2,98,1,1,8,1,20,3,2,98,99,1,1,98,"777777777777","777777777777","777777777777",1,0
12,121686,1,1,1,15,8,4,1,30,0,1,0,12,1,53,705,53705,80,2008,"JS1GN7EA9821","J","S","1","G","N","7","E","A","9","8","2","1",0,0,0,"000000000","00000000000",0,0,0,1,0,0,0,0,0,0,0,100,0,0,0,12,6,2,30,0,0,0,1,12,34203,6,1,0,0,3,3,71,999,0,3,0,3,0,3,2012,6,2016,3,6,58,0,0,3,4,45,3,1,8,1,0,0,14,13,99,1,4,1,"777777777777","777777777777","777777777777",1,1
12,121687,1,1,1,10,8,22,13,8,0,1,0,5,1,7,26,7026,4,2010,"1B3CC5FB5AN1","1","B","3","C","C","5","F","B","5","A","N","1",0,0,0,"000000000","00000000000",0,0,0,1,0,0,0,0,0,0,0,5,0,0,0,12,2,5,8,0,0,0,1,5,71913,6,1,0,0,3,0,69,999,0,0,0,1,0,8,2015,8,2015,0,0,0,0,0,1,2,25,1,1,8,2,0,0,1,80,1,1,1,13,"777777777777","777777777777","777777777777",0,1
12,121688,1,1,1,12,8,23,24,8,0,1,0,12,1,23,481,23481,31,2014,"3GTU2WEJXEG4","3","G","T","U","2","W","E","J","X","E","G","4",0,0,0,"000000000","00000000000",0,0,0,1,0,0,0,0,0,0,0,45,0,0,0,12,4,3,8,0,0,0,1,12,32225,6,1,0,0,3,0,69,999,0,0,0,1,1,8,2014,7,2016,0,0,0,0,0,3,3,45,1,1,8,1,0,0,1,80,99,1,1,13,"777777777777","777777777777","777777777777",0,0
12,121689,1,2,1,10,8,6,48,12,6,1,0,12,1,12,37,12037,4,2001,"1FAFP33P41W3","1","F","A","F","P","3","3","P","4","1","W","3",0,0,0,"000000000","00000000000",0,0,0,1,0,0,0,0,0,0,0,10,0,0,0,9,6,2,12,0,0,0,1,12,32608,6,1,0,0,3,0,71,999,0,0,0,0,0,0,0,0,0,0,38,0,0,0,2,1,25,1,1,8,1,20,3,11,15,1,1,1,82,"777777777777","777777777777","777777777777",1,0
12,121689,2,2,2,10,8,6,48,12,6,1,0,12,2,35,49,35049,6,2013,"JN8AZ1MU1DW2","J","N","8","A","Z","1","M","U","1","D","W","2",0,0,0,"000000000","00000000000",0,0,0,1,0,0,0,0,0,0,0,45,0,0,0,12,6,2,12,0,0,0,1,12,32696,6,1,0,0,3,0,63,999,0,0,0,1,0,6,2015,6,2015,0,0,0,0,0,2,2,45,1,1,8,1,0,0,1,67,99,1,1,83,"777777777777","777777777777","777777777777",0,0
12,121690,1,2,1,8,4,19,6,12,1,1,0,12,1,53,706,53706,80,2002,"JS1GT74A6221","J","S","1","G","T","7","4","A","6","2","2","1",0,0,0,"000000000","00000000000",0,0,0,1,0,0,0,0,0,0,0,100,0,0,0,12,6,2,12,0,0,1,1,12,34953,6,1,0,0,3,0,73,999,1,1,0,4,1,12,2012,5,2015,3,6,0,0,0,3,2,30,1,1,8,1,0,0,1,51,99,1,1,24,"777777777777","777777777777","777777777777",1,0
12,121690,2,2,1,8,4,19,6,12,1,1,0,12,2,12,481,12481,31,2006,"1FDXX46P36ED","1","F","D","X","X","4","6","P","3","6","E","D",0,0,0,"000000000","00000000000",0,0,0,1,0,0,0,0,0,0,0,30,0,0,0,6,6,2,12,0,0,0,1,12,33496,6,1,0,0,3,0,70,999,0,0,0,0,0,0,0,0,0,0,0,0,0,0,3,2,30,1,1,8,1,0,0,1,53,1,1,1,25,"777777777777","777777777777","777777777777",0,0
12,121691,1,1,1,11,8,8,21,9,0,1,1,99,9,99,999,99999,99,9999,"999999999999","9","9","9","9","9","9","9","9","9","9","9","9",0,0,0,"000000000","00000000000",0,0,0,1,0,0,0,0,0,0,0,999,0,0,0,98,9,5,9,0,0,0,1,99,99999,9,9,99,9,9,9,999,999,99,99,99,99,99,99,9999,99,9999,0,0,0,0,0,8,8,98,8,8,8,1,97,8,99,83,99,1,1,13,"777777777777","777777777777","777777777777",0,0
12,121692,1,1,1,30,4,8,18,33,0,1,0,12,1,12,481,12481,31,2002,"1FTNW21F12EB","1","F","T","N","W","2","1","F","1","2","E","B",0,0,0,"000000000","00000000000",0,0,0,1,0,0,0,0,0,0,0,30,0,0,0,12,6,2,30,0,0,0,1,12,33433,6,1,0,0,3,0,76,999,0,1,0,0,0,3,2014,3,2014,3,6,0,0,0,2,3,30,3,1,8,1,3,3,14,12,99,1,4,6,"777777777777","777777777777","777777777777",1,1
12,121693,1,1,1,3,8,6,30,8,0,1,0,12,1,7,482,7482,31,2006,"1D7HA18N96J1","1","D","7","H","A","1","8","N","9","6","J","1",0,0,0,"000000000","00000000000",0,0,0,1,0,0,0,0,0,0,0,45,0,0,0,12,4,5,8,0,0,0,1,12,33024,6,1,6,0,3,3,71,999,0,0,0,0,0,0,0,0,0,0,0,0,0,0,3,3,45,1,1,8,2,0,0,1,80,99,1,1,13,"777777777777","777777777777","777777777777",0,0
12,121694,1,1,1,16,7,20,50,8,0,1,0,12,2,58,37,58037,2,2010,"JN1CV6EK4AM1","J","N","1","C","V","6","E","K","4","A","M","1",0,0,0,"000000000","00000000000",0,0,0,1,0,0,0,0,0,0,0,42,0,0,0,12,4,3,8,0,0,0,1,12,33064,6,1,0,0,3,0,71,999,0,0,0,0,0,0,0,0,0,0,0,0,0,0,3,6,45,1,1,8,1,0,0,1,80,99,1,1,13,"777777777777","777777777777","777777777777",0,0