"STATE","ST_CASE","VEH_NO","VE_FORMS","NUMOCCS","DAY","MONTH","HOUR","MINUTE","HARM_EV","MAN_COLL","UNITTYPE","HIT_RUN","REG_STAT","OWNER","MAKE","MODEL","MAK_MOD","BODY_TYP","MOD_YEAR","VIN","VIN_1","VIN_2","VIN_3","VIN_4","VIN_5","VIN_6","VIN_7","VIN_8","VIN_9","VIN_10","VIN_11","VIN_12","TOW_VEH","J_KNIFE","MCARR_I1","MCARR_I2","MCARR_ID","GVWR","V_CONFIG","CARGO_BT","HAZ_INV","HAZ_PLAC","HAZ_ID","HAZ_CNO","HAZ_REL","BUS_USE","SPEC_USE","EMER_USE","TRAV_SP","UNDERIDE","ROLLOVER","ROLINLOC","IMPACT1","DEFORMED","TOWED","M_HARM","VEH_SC1","VEH_SC2","FIRE_EXP","DR_PRES","L_STATE","DR_ZIP","L_STATUS","L_TYPE","CDL_STAT","L_ENDORS","L_COMPL","L_RESTRI","DR_HGT","DR_WGT","PREV_ACC","PREV_SUS","PREV_DWI","PREV_SPD","PREV_OTH","FIRST_MO","FIRST_YR","LAST_MO","LAST_YR","SPEEDREL","DR_SF1","DR_SF2","DR_SF3","DR_SF4","VTRAFWAY","VNUM_LAN","VSPD_LIM","VALIGN","VPROFILE","VPAVETYP","VSURCOND","VTRAFCON","VTCONT_F","P_CRASH1","P_CRASH2","P_CRASH3","PCRASH4","PCRASH5","ACC_TYPE","TRLR1VIN","TRLR2VIN","TRLR3VIN","DEATHS","DR_DRINK"
12,121695,1,2,2,30,6,17,50,12,6,1,0,12,1,35,47,35047,4,2015,"1N4AL3AP9FC1","1","N","4","A","L","3","A","P","9","F","C","1",0,0,0,"000000000","00000000000",0,0,0,1,0,0,0,0,0,0,0,10,0,0,0,9,6,2,12,0,0,0,1,12,33868,6,1,0,0,3,0,60,999,1,0,0,0,0,6,2016,6,2016,0,39,0,0,0,1,2,60,1,1,8,1,20,3,11,15,99,1,1,82,"777777777777","777777777777","777777777777",1,0
12,121695,2,2,2,30,6,17,50,12,6,1,0,12,1,7,402,7402,14,1999,"1B4HS28Y9XF5","1","B","4","H","S","2","8","Y","9","X","F","5",0,0,0,"000000000","00000000000",0,0,0,1,0,0,0,0,0,0,0,60,0,0,0,12,6,2,12,0,0,0,1,12,33850,6,1,0,0,3,0,76,999,0,0,0,0,0,0,0,0,0,0,0,0,0,0,1,2,60,1,1,8,1,0,0,1,67,99,1,1,83,"777777777777","777777777777","777777777777",0,0
12,121696,1,1,1,30,7,21,15,42,0,1,0,12,1,35,401,35401,14,1998,"JN8AR05Y9WW2","J","N","8","A","R","0","5","Y","9","W","W","2",0,0,0,"000000000","00000000000",0,0,0,1,0,0,0,0,0,0,0,25,0,0,0,12,6,2,19,0,0,0,1,12,34685,6,1,0,0,3,3,73,999,0,0,0,0,0,0,0,0,0,0,39,0,0,0,3,2,25,1,1,8,1,20,3,11,13,99,1,4,1,"777777777777","777777777777","777777777777",1,0
12,121697,1,1,1,21,4,15,50,30,0,1,0,12,2,12,3,12003,1,2000,"1FAFP4445YF2","1","F","A","F","P","4","4","4","5","Y","F","2",0,0,0,"000000000","00000000000",0,0,0,1,0,0,0,0,0,0,0,998,0,1,5,12,6,2,3,0,0,0,1,12,33484,6,1,0,0,3,3,68,999,0,0,0,0,0,0,0,0,0,0,6,0,0,0,1,2,98,1,1,8,1,0,0,1,13,99,1,4,1,"777777777777","777777777777","777777777777",1,0
12,121698,1,2,1,23,5,17,47,12,6,1,0,12,3,30,402,30402,14,2016,"WVGAV7AX4GW0","W","V","G","A","V","7","A","X","4","G","W","0",0,0,0,"000000000","00000000000",0,0,0,1,0,0,0,0,0,0,0,10,0,0,0,3,6,2,12,0,0,0,1,12,33446,6,1,0,0,3,0,65,999,0,0,0,0,0,0,0,0,0,0,38,48,0,0,3,4,45,1,1,8,1,0,0,10,16,99,1,1,70,"777777777777","777777777777","777777777777",0,0
12,121698,2,2,1,23,5,17,47,12,6,1,0,12,2,73,705,73705,80,2003,"JKAZRDH173A0","J","K","A","Z","R","D","H","1","7","3","A","0",0,0,0,"000000000","00000000000",0,0,0,1,0,0,0,0,0,0,0,60,0,0,0,12,6,2,12,0,0,0,1,12,33446,6,1,0,0,3,3,77,999,0,2,0,1,0,6,2015,1,2016,0,0,0,0,0,3,4,45,1,1,8,1,0,0,1,61,99,1,1,71,"777777777777","777777777777","777777777777",1,0
12,121699,1,1,1,7,8,5,58,42,0,1,0,12,2,6,441,6441,20,2005,"2C4GP44R35R2","2","C","4","G","P","4","4","R","3","5","R","2",0,0,0,"000000000","00000000000",0,0,0,1,0,0,0,0,0,0,0,87,0,0,0,9,6,2,42,0,0,0,1,98,33612,0,0,0,0,0,0,999,999,0,0,0,0,0,0,0,0,0,3,58,0,0,0,6,2,55,2,1,8,1,0,0,14,12,99,3,4,6,"777777777777","777777777777","777777777777",1,1
12,121700,1,1,1,11,2,22,9,8,0,1,0,12,1,20,404,20404,14,2014,"2GNFLCE37E63","2","G","N","F","L","C","E","3","7","E","6","3",0,0,0,"000000000","00000000000",0,0,0,1,0,0,0,0,0,0,0,998,0,0,0,12,4,3,8,0,0,0,1,12,34771,6,1,0,0,3,0,61,999,0,0,0,0,0,0,0,0,0,0,0,0,0,0,2,3,50,1,1,8,1,0,0,1,80,99,1,1,13,"777777777777","777777777777","777777777777",0,0
12,121701,1,1,1,7,8,5,10,38,0,1,0,12,1,12,401,12401,14,1994,"1FMCU22X6RUD","1","F","M","C","U","2","2","X","6","R","U","D",0,0,0,"000000000","00000000000",0,0,0,1,0,0,0,0,0,0,0,55,0,0,0,12,6,2,42,0,0,1,1,12,33155,1,1,0,0,2,0,72,999,0,2,0,0,0,5,2015,2,2016,0,6,0,0,0,6,2,55,2,1,8,2,0,0,14,13,99,1,4,1,"777777777777","777777777777","777777777777",1,1
12,121702,1,1,1,17,7,17,17,1,0,1,0,12,1,49,401,49401,14,2007,"JTEZU14RX780","J","T","E","Z","U","1","4","R","X","7","8","0",0,0,0,"000000000","00000000000",0,0,0,1,0,0,0,0,0,0,0,75,0,1,5,0,6,2,1,0,0,0,1,12,34606,6,1,0,0,3,0,71,999,0,2,0,0,0,11,2013,2,2015,0,6,0,0,0,3,2,70,1,1,8,1,0,0,1,13,99,4,4,2,"777777777777","777777777777","777777777777",1,0
12,121703,1,2,2,6,8,23,19,12,6,1,0,12,1,20,471,20471,30,2002,"1GCCS1451281","1","G","C","C","S","1","4","5","1","2","8","1",0,0,0,"000000000","00000000000",0,0,0,1,0,0,0,0,0,0,0,15,0,0,0,3,6,2,2,0,0,1,1,12,32736,6,1,0,0,3,0,64,999,0,0,0,0,0,0,0,0,0,0,38,0,0,0,1,2,55,1,1,8,1,0,0,11,15,1,1,1,68,"777777777777","777777777777","777777777777",1,1
12,121703,2,2,3,6,8,23,19,12,6,1,0,12,2,20,481,20481,31,2005,"1GCJK33295F8","1","G","C","J","K","3","3","2","9","5","F","8",0,0,0,"000000000","00000000000",0,0,0,1,0,0,0,0,0,0,0,55,0,0,0,12,6,2,2,0,0,1,1,12,32736,6,1,0,0,3,0,76,999,0,0,0,0,0,0,0,0,0,0,0,0,0,0,1,2,55,1,1,8,1,0,0,1,62,99,1,1,69,"777777777777","777777777777","777777777777",0,0
12,121704,1,3,2,4,8,20,38,12,6,1,0,12,2,20,481,20481,31,2005,"2GCEC19V3513","2","G","C","E","C","1","9","V","3","5","1","3",0,0,0,"000000000","00000000000",0,0,0,1,0,0,0,0,0,0,0,65,0,0,0,12,6,2,12,0,0,0,1,12,34207,0,0,0,0,0,0,999,999,0,0,0,0,0,0,0,0,0,3,0,0,0,0,5,7,45,1,1,8,1,3,3,1,62,99,1,1,69,"777777777777","777777777777","777777777777",0,0
12,121704,2,3,4,4,8,20,38,12,6,1,0,12,2,7,24,7024,4,2009,"2B3KA33V89H5","2","B","3","K","A","3","3","V","8","9","H","5",0,0,0,"000000000","00000000000",0,0,0,1,0,0,0,0,0,0,0,20,0,0,0,4,6,2,12,0,0,0,1,12,34207,6,1,0,0,3,0,59,999,0,0,0,0,0,0,0,0,0,0,38,0,0,0,5,7,45,1,1,8,1,3,3,11,15,99,1,1,68,"777777777777","777777777777","777777777777",1,0
12,121704,3,3,2,4,8,20,38,12,6,1,0,12,2,35,472,35472,30,2015,"1N6AD0ERXFN7","1","N","6","A","D","0","E","R","X","F","N","7",0,0,0,"000000000","00000000000",0,0,0,1,0,0,0,0,0,0,0,0,0,0,0,12,2,5,54,0,0,0,1,12,34208,6,1,0,0,3,0,68,999,1,0,0,0,0,9,2015,9,2015,0,0,0,0,0,5,7,45,1,1,8,1,3,3,5,98,99,1,1,98,"777777777777","777777777777","777777777777",0,0
12,121705,1,1,2,24,6,2,35,25,0,1,0,12,2,76,706,76706,80,2003,"JYARN10E93A0","J","Y","A","R","N","1","0","E","9","3","A","0",0,0,0,"000000000","00000000000",0,0,0,1,0,0,0,0,0,0,0,60,0,0,0,12,4,3,25,0,0,0,1,12,32174,1,1,0,0,2,0,73,999,0,3,0,0,0,8,2015,11,2015,0,6,0,0,0,6,1,35,3,5,8,1,0,0,14,13,99,1,4,1,"777777777777","777777777777","777777777777",2,1
12,121706,1,1,2,9,8,13,20,8,0,1,0,12,2,35,47,35047,4,2005,"1N4AL11D55C2","1","N","4","A","L","1","1","D","5","5","C","2",0,0,0,"000000000","00000000000",0,0,0,1,0,0,0,0,0,0,0,45,0,0,0,12,2,5,8,0,0,0,1,12,34233,6,1,0,0,3,0,67,999,0,0,0,0,0,0,0,0,0,0,0,0,0,0,3,4,45,1,1,8,2,0,0,1,80,99,1,1,13,"777777777777","777777777777","777777777777",0,0
12,121707,1,3,1,9,8,11,30,12,1,1,0,12,1,7,482,7482,31,2013,"1C6RR6KT7DS5","1","C","6","R","R","6","K","T","7","D","S","5",0,0,0,"000000000","00000000000",0,0,0,1,0,0,0,0,0,0,0,75,0,1,5,12,6,2,1,0,0,0,1,12,32060,6,1,0,0,3,0,68,999,1,0,0,0,1,3,2015,4,2015,0,6,0,0,0,3,4,70,1,1,8,2,0,0,1,51,99,1,2,24,"777777777777","777777777777","777777777777",1,0
12,121707,2,3,6,9,8,11,30,12,1,1,0,45,2,35,401,35401,14,2007,"5N1AR18UX7C6","5","N","1","A","R","1","8","U","X","7","C","6",1,1,0,"000000000","00000000000",0,0,0,1,0,0,0,0,0,0,0,65,0,0,0,6,6,2,12,0,0,0,1,48,78550,6,1,0,0,3,0,999,999,0,0,0,0,0,0,0,0,0,0,0,0,0,0,3,4,70,1,1,8,2,0,0,1,53,99,1,1,25,"1W4200D1X680","777777777777","777777777777",0,0
12,121707,3,3,1,9,8,11,30,12,1,1,0,19,3,87,884,87884,66,2000,"1XP5DB9X3YN5","1","X","P","5","D","B","9","X","3","Y","N","5",1,1,19,"160903","19160903",3,6,2,1,0,0,0,0,0,0,0,70,0,0,0,12,2,5,54,0,0,0,1,12,32034,6,1,6,3,3,3,63,999,0,0,0,0,0,0,0,0,0,0,0,0,0,0,3,4,70,1,1,8,2,0,0,1,98,99,1,1,98,"888888888888","777777777777","777777777777",0,0
12,121708,1,1,1,13,8,2,53,8,0,1,0,12,1,58,35,58035,4,1996,"JNKCA21DXTT0","J","N","K","C","A","2","1","D","X","T","T","0",0,0,0,"000000000","00000000000",0,0,0,1,0,0,0,0,0,0,0,40,0,0,0,12,4,3,8,0,0,0,1,12,33619,6,1,0,0,3,0,66,999,0,0,0,1,0,8,2016,8,2016,0,0,0,0,0,3,6,40,1,3,8,1,0,0,1,80,99,1,1,13,"777777777777","777777777777","777777777777",0,0
12,121710,1,2,1,28,7,21,48,12,8,1,0,12,1,37,706,37706,80,2007,"JH2SC57067M3","J","H","2","S","C","5","7","0","6","7","M","3",0,0,0,"000000000","00000000000",0,0,0,1,0,0,0,0,0,0,0,60,0,0,0,11,6,2,12,0,0,0,1,12,33935,6,1,0,0,3,0,71,999,0,0,0,0,0,0,0,0,0,0,28,0,0,0,1,2,60,1,1,8,1,0,0,1,10,99,1,2,64,"777777777777","777777777777","777777777777",1,0
12,121710,2,2,1,28,7,21,48,12,8,1,0,12,1,87,881,87881,66,1995,"1XPFDR8X2SN3","1","X","P","F","D","R","8","X","2","S","N","3",1,1,12,"2787704","122787704",3,6,3,1,0,0,0,0,0,0,0,55,0,0,0,11,6,2,12,0,0,0,1,12,33935,6,1,6,0,3,0,73,999,0,0,0,0,0,0,0,0,0,0,0,0,0,0,1,2,60,1,1,8,1,0,0,1,62,99,1,1,65,"1H5P04522LM0","777777777777","777777777777",0,0
12,121711,1,3,1,1,8,20,43,12,1,1,0,12,1,49,402,49402,14,2004,"JTEHD20V8460","J","T","E","H","D","2","0","V","8","4","6","0",0,0,0,"000000000","00000000000",0,0,0,1,0,0,0,0,0,0,0,75,0,0,0,12,6,2,12,0,0,0,1,12,33040,6,1,0,0,3,0,65,999,0,0,0,0,0,0,0,0,0,0,6,0,0,0,1,2,55,1,1,8,1,0,0,1,51,99,1,1,24,"777777777777","777777777777","777777777777",0,1
12,121711,2,3,2,1,8,20,43,12,1,1,0,12,1,72,705,72705,80,2015,"JH2RC1300FM2","J","H","2","R","C","1","3","0","0","F","M","2",0,0,0,"000000000","00000000000",0,0,0,1,0,0,0,0,0,0,0,50,0,0,0,6,6,2,12,0,0,0,1,12,33040,6,1,0,0,2,3,70,999,0,0,0,0,0,0,0,0,0,0,0,0,0,0,1,2,55,1,1,8,1,0,0,1,53,99,1,1,25,"777777777777","777777777777","777777777777",1,0
12,121711,3,3,1,1,8,20,43,12,1,1,0,12,1,7,482,7482,31,2016,"1C6RR6FT2GS2","1","C","6","R","R","6","F","T","2","G","S","2",0,0,0,"000000000","00000000000",0,0,0,1,0,0,0,0,0,0,0,50,0,0,0,6,2,5,12,0,0,0,1,12,33043,6,1,6,3,3,0,64,999,1,0,0,0,0,2,2015,2,2015,0,0,0,0,0,1,2,55,1,1,8,1,0,0,1,53,99,1,1,98,"777777777777","777777777777","777777777777",0,0
12,121712,1,1,1,7,8,23,10,8,0,1,0,12,2,12,422,12422,15,1998,"1FMRU1763WLA","1","F","M","R","U","1","7","6","3","W","L","A",0,0,0,"000000000","00000000000",0,0,0,1,0,0,0,0,0,0,0,40,0,0,0,12,4,5,8,0,0,0,1,12,33033,6,1,0,0,3,0,68,999,0,0,0,0,1,7,2016,7,2016,0,0,0,0,0,1,2,55,1,1,8,1,0,0,1,80,99,1,1,13,"777777777777","777777777777","777777777777",0,0
12,121713,1,1,1,15,7,7,0,32,0,1,0,12,1,63,32,63032,5,2013,"KNADM4A3XD62","K","N","A","D","M","4","A","3","X","D","6","2",0,0,0,"000000000","00000000000",0,0,0,1,0,0,0,0,0,0,0,70,0,0,0,12,6,2,32,0,0,0,1,12,33922,6,1,0,0,3,0,62,999,0,2,0,0,0,9,2014,3,2015,3,6,0,0,0,1,2,50,1,1,8,1,0,0,1,13,99,1,4,1,"777777777777","777777777777","777777777777",0,0
12,121714,1,2,1,7,8,16,5,12,6,1,0,13,1,48,45,48045,6,2013,"4S4BRCKC9D32","4","S","4","B","R","C","K","C","9","D","3","2",0,0,0,"000000000","00000000000",0,0,0,1,0,0,0,0,0,0,0,70,0,0,0,11,6,2,12,0,0,0,1,13,30306,6,1,0,0,3,3,72,999,98,0,0,0,1,5,2013,5,2013,0,6,0,0,0,3,3,70,1,1,8,2,0,0,1,98,99,1,2,48,"777777777777","777777777777","777777777777",1,0
12,121714,2,2,1,7,8,16,5,12,6,1,0,12,1,82,881,82881,66,2007,"1FUJBBCK67PW","1","F","U","J","B","B","C","K","6","7","P","W",1,1,12,"1716701","121716701",3,6,1,1,0,0,0,0,0,0,0,65,0,0,0,12,4,3,12,0,0,0,1,12,33194,6,1,6,0,3,0,73,999,0,0,0,0,1,12,2012,12,2012,0,0,0,0,0,3,3,65,1,1,8,2,0,0,1,61,99,1,1,48,"1M9CSFC22YT4","777777777777","777777777777",0,0
12,121715,1,2,1,3,8,2,26,12,1,1,0,12,1,41,51,41051,4,2015,"3MZBM1U75FM1","3","M","Z","B","M","1","U","7","5","F","M","1",0,0,0,"000000000","00000000000",0,0,0,1,0,0,0,0,0,0,0,115,0,0,0,12,6,2,12,0,0,0,1,12,32092,6,1,0,0,3,0,73,999,1,0,0,0,1,5,2016,6,2016,0,6,0,0,0,3,3,70,1,1,8,1,0,0,1,51,99,1,1,24,"777777777777","777777777777","777777777777",1,1
12,121715,2,2,1,3,8,2,26,12,1,1,0,12,3,87,884,87884,66,2014,"1XP4D49X5ED2","1","X","P","4","D","4","9","X","5","E","D","2",1,1,12,"949564","12949564",3,6,1,1,0,0,0,0,0,0,0,65,0,0,0,6,4,3,12,0,0,0,1,12,33771,6,1,6,0,3,0,74,999,0,0,0,0,0,0,0,0,0,0,0,0,0,0,3,3,70,1,1,8,1,0,0,1,53,99,1,1,25,"1UYVS2535DM5","777777777777","777777777777",0,0
12,121716,1,2,1,16,8,20,5,12,6,1,0,22,4,12,32,12032,4,2015,"3FADP4BJ7FM1","3","F","A","D","P","4","B","J","7","F","M","1",0,0,0,"000000000","00000000000",0,0,0,1,0,0,0,0,0,0,0,15,0,0,0,3,6,2,12,0,0,0,1,12,33604,6,1,0,0,3,0,64,999,0,2,0,1,0,12,2015,8,2016,0,38,0,0,0,3,3,40,1,1,8,1,0,0,11,15,99,1,1,68,"777777777777","777777777777","777777777777",0,0
12,121716,2,2,1,16,8,20,5,12,6,1,0,12,1,72,706,72706,80,2007,"1HD4CR2127K4","1","H","D","4","C","R","2","1","2","7","K","4",0,0,0,"000000000","00000000000",0,0,0,1,0,0,0,0,0,0,0,40,0,0,0,12,6,2,12,0,0,0,1,12,33612,6,1,0,0,3,0,62,999,0,0,0,0,1,12,2015,12,2015,0,0,0,0,0,3,3,40,1,1,8,1,0,0,1,62,99,1,1,69,"777777777777","777777777777","777777777777",1,0
12,121717,1,2,1,8,8,18,25,12,6,1,0,12,1,37,32,37032,4,1994,"1HGCD5639RA0","1","H","G","C","D","5","6","3","9","R","A","0",0,0,0,"000000000","00000000000",0,0,0,1,0,0,0,0,0,0,0,45,0,0,0,9,6,2,12,0,0,0,1,12,32736,3,1,0,0,2,3,60,999,0,0,0,0,0,0,0,0,0,0,38,0,0,0,1,2,45,1,1,8,1,20,3,1,17,99,1,1,89,"777777777777","777777777777","777777777777",1,0
12,121717,2,2,1,8,8,18,25,12,6,1,0,12,2,7,24,7024,4,2014,"2C3CDXBG1EH3","2","C","3","C","D","X","B","G","1","E","H","3",0,0,0,"000000000","00000000000",0,0,0,1,0,0,0,0,0,0,0,45,0,0,0,12,6,2,12,0,0,0,1,12,34788,6,1,0,0,3,0,66,999,1,3,1,0,2,6,2012,11,2015,0,0,0,0,0,1,2,45,1,6,8,1,0,0,1,66,99,1,1,88,"777777777777","777777777777","777777777777",0,0
12,121718,1,2,1,9,8,8,49,12,6,1,0,12,3,82,881,82881,66,2003,"1FUJAPCG63DK","1","F","U","J","A","P","C","G","6","3","D","K",1,1,12,"547591","12547591",3,6,1,1,0,0,0,0,0,0,0,15,0,0,0,11,4,3,12,0,0,0,1,12,33134,6,1,6,0,3,0,69,999,0,0,0,0,0,0,0,0,0,0,38,0,0,0,1,2,30,1,1,8,1,20,3,11,15,99,1,1,82,"1JJV53WXXL57","777777777777","777777777777",0,0
12,121718,2,2,1,9,8,8,49,12,6,1,0,12,1,30,40,30040,4,2007,"3VWEF71K37M1","3","V","W","E","F","7","1","K","3","7","M","1",0,0,0,"000000000","00000000000",0,0,0,1,0,0,0,0,0,0,0,45,0,0,0,12,6,2,12,0,0,0,1,12,32837,6,1,0,0,3,3,69,999,0,0,0,0,0,0,0,0,0,0,0,0,0,0,5,4,45,1,1,8,1,0,0,1,66,99,1,1,83,"777777777777","777777777777","777777777777",1,1
12,121719,1,1,1,20,7,1,50,8,0,1,1,99,9,99,999,99999,99,9999,"999999999999","9","9","9","9","9","9","9","9","9","9","9","9",0,0,0,"000000000","00000000000",0,0,0,1,0,0,0,0,0,0,0,25,0,0,0,99,9,5,8,0,0,0,1,99,99999,9,9,99,9,9,9,999,999,99,99,99,99,99,99,9999,99,9999,0,0,0,0,0,1,2,25,1,1,8,1,0,0,99,80,99,9,9,13,"777777777777","777777777777","777777777777",0,0
12,121720,1,2,1,9,8,10,47,12,2,1,0,12,2,20,16,20016,6,1993,"1G1JC8442P72","1","G","1","J","C","8","4","4","2","P","7","2",0,0,0,"000000000","00000000000",0,0,0,1,0,0,0,0,0,0,0,45,0,0,0,12,6,2,12,0,0,0,1,12,34448,6,1,0,0,3,0,74,999,0,1,0,0,0,2,2016,2,2016,0,51,0,0,0,1,2,45,2,4,8,2,0,0,14,10,99,1,2,50,"777777777777","777777777777","777777777777",1,0
12,121720,2,2,1,9,8,10,47,12,2,1,0,12,1,20,481,20481,31,2010,"1GCSCREAXAZ2","1","G","C","S","C","R","E","A","X","A","Z","2",0,0,0,"000000000","00000000000",0,0,0,1,0,0,0,0,0,0,0,45,0,0,0,12,6,2,12,0,0,0,1,12,34429,6,1,0,0,3,0,69,999,0,0,0,0,0,0,0,0,0,0,0,0,0,0,1,2,45,3,4,8,2,0,0,14,62,7,1,1,51,"777777777777","777777777777","777777777777",0,0
12,121721,1,3,1,3,8,11,5,12,6,1,0,12,1,50,706,50706,80,2015,"SMTE02BFXFT6","S","M","T","E","0","2","B","F","X","F","T","6",0,0,0,"000000000","00000000000",0,0,0,1,0,0,0,0,0,0,0,35,0,0,0,12,4,3,12,0,0,0,1,12,34637,6,1,0,0,3,3,72,999,0,0,0,0,0,0,0,0,0,0,38,0,0,0,1,2,45,1,1,8,1,20,3,1,17,99,1,1,86,"777777777777","777777777777","777777777777",0,0
12,121721,2,3,1,3,8,11,5,12,6,1,0,12,2,22,32,22032,6,2005,"5Y2SL63815Z4","5","Y","2","S","L","6","3","8","1","5","Z","4",0,0,0,"000000000","00000000000",0,0,0,1,0,0,0,0,0,0,0,55,0,0,0,3,6,2,12,0,0,0,1,12,34601,6,1,0,0,3,3,65,999,0,0,0,1,0,5,2012,5,2012,0,0,0,0,0,3,4,55,1,1,8,1,0,0,1,66,99,1,1,87,"777777777777","777777777777","777777777777",0,0
12,121721,3,3,4,3,8,11,5,12,6,1,0,12,2,7,27,7027,6,2013,"3C4PDCAB2DT5","3","C","4","P","D","C","A","B","2","D","T","5",0,0,0,"000000000","00000000000",0,0,0,1,0,0,0,0,0,0,0,55,0,0,0,12,6,2,12,0,0,0,1,12,34601,6,1,0,0,3,3,67,999,0,0,0,0,0,0,0,0,0,0,0,0,0,0,3,4,55,1,1,8,1,0,0,1,62,99,1,1,98,"777777777777","777777777777","777777777777",1,0
12,121722,1,1,2,27,7,3,34,8,0,1,0,12,1,12,37,12037,5,2014,"1FADP3L97EL1","1","F","A","D","P","3","L","9","7","E","L","1",0,0,0,"000000000","00000000000",0,0,0,1,0,0,0,0,0,0,0,45,0,0,0,12,4,5,8,0,0,0,1,12,32726,6,1,0,0,3,0,66,999,0,0,0,0,0,0,0,0,0,0,0,0,0,0,3,6,45,1,1,8,1,0,0,1,80,99,1,1,13,"777777777777","777777777777","777777777777",0,0
12,121723,1,1,2,6,8,19,0,1,0,1,0,48,2,7,482,7482,31,1998,"1B7HC16X2WS6","1","B","7","H","C","1","6","X","2","W","S","6",0,0,0,"000000000","00000000000",0,0,0,1,0,0,0,0,0,0,0,998,0,1,5,0,6,2,3,0,0,0,1,12,33853,0,0,0,0,0,0,64,999,4,0,0,0,0,8,2012,4,2015,0,51,0,0,0,1,2,98,1,1,8,2,0,0,1,13,6,1,4,6,"777777777777","777777777777","777777777777",1,1
12,121724,1,1,2,15,8,1,10,42,0,1,0,12,2,18,23,18023,4,2007,"1G4HD57277U1","1","G","4","H","D","5","7","2","7","7","U","1",0,0,0,"000000000","00000000000",0,0,0,1,0,0,0,0,0,0,0,60,0,1,3,12,6,2,1,0,0,0,1,12,34684,6,1,0,0,3,0,69,999,0,0,0,0,0,0,0,0,0,0,0,0,0,0,2,4,60,1,1,8,2,0,0,1,12,99,1,4,6,"777777777777","777777777777","777777777777",1,0
12,121725,1,1,2,29,7,3,53,33,0,1,0,12,2,59,31,59031,4,2004,"JTHBA30G7450","J","T","H","B","A","3","0","G","7","4","5","0",0,0,0,"000000000","00000000000",0,0,0,1,0,0,0,0,0,0,0,35,0,0,0,12,6,2,42,0,0,0,1,12,32746,6,1,0,0,3,0,72,999,1,0,0,1,1,10,2012,9,2015,0,6,0,0,0,3,4,35,3,1,8,2,0,0,14,12,7,1,4,1,"777777777777","777777777777","777777777777",1,1
12,121726,1,1,1,14,8,3,0,1,0,1,0,12,1,53,706,53706,80,2011,"JS1GR7MA7B21","J","S","1","G","R","7","M","A","7","B","2","1",0,0,0,"000000000","00000000000",0,0,0,1,0,0,0,0,0,0,0,80,0,0,0,0,6,2,31,0,0,0,1,12,32136,6,1,0,0,3,3,68,999,0,0,0,0,0,0,0,0,0,3,0,0,0,0,1,2,50,3,1,8,1,40,3,14,13,99,1,4,1,"777777777777","777777777777","777777777777",1,1
12,121727,1,2,1,31,7,10,23,12,2,1,0,12,2,20,29,20029,5,2014,"KL8CD6S94EC4","K","L","8","C","D","6","S","9","4","E","C","4",0,0,0,"000000000","00000000000",0,0,0,1,0,0,0,0,0,0,0,50,0,0,0,12,6,2,12,0,0,0,1,12,32063,1,1,0,0,2,3,64,999,0,1,0,0,0,5,2016,5,2016,4,6,28,0,0,1,2,45,2,1,8,1,0,0,14,10,99,1,2,50,"777777777777","777777777777","777777777777",1,1
12,121727,2,2,4,31,7,10,23,12,2,1,0,12,1,49,43,49043,4,2006,"4T1BK36B06U1","4","T","1","B","K","3","6","B","0","6","U","1",0,0,0,"000000000","00000000000",0,0,0,1,0,0,0,0,0,0,0,45,0,0,0,12,6,2,12,0,0,0,1,12,32063,6,1,0,0,3,3,71,999,0,1,0,0,1,2,2012,2,2013,0,0,0,0,0,1,2,45,3,1,8,1,0,0,14,62,99,1,1,51,"777777777777","777777777777","777777777777",0,0
12,121728,1,2,2,7,8,0,30,12,6,1,0,12,2,35,47,35047,4,2007,"1N4AL21E67N4","1","N","4","A","L","2","1","E","6","7","N","4",0,0,0,"000000000","00000000000",0,0,0,1,0,0,0,0,0,0,0,45,0,0,0,9,6,2,12,0,0,0,1,12,33967,6,1,0,0,3,0,63,999,0,0,0,0,0,0,0,0,0,0,39,0,0,0,1,2,45,2,1,8,2,20,3,14,17,99,1,2,89,"777777777777","777777777777","777777777777",1,1
12,121728,2,2,4,7,8,0,30,12,6,1,0,12,1,23,421,23421,15,2007,"1GKFK63847J1","1","G","K","F","K","6","3","8","4","7","J","1",0,0,0,"000000000","00000000000",0,0,0,1,0,0,0,0,0,0,0,50,0,0,0,12,6,2,12,0,0,0,1,12,33430,6,1,0,0,3,0,62,999,0,0,0,0,0,0,0,0,0,0,0,0,0,0,1,2,60,1,1,8,2,0,0,1,67,99,1,1,88,"777777777777","777777777777","777777777777",0,0
12,121729,1,1,1,5,8,6,20,42,0,1,0,12,1,12,481,12481,31,1992,"1FTDF15Y6NNA","1","F","T","D","F","1","5","Y","6","N","N","A",0,0,0,"000000000","00000000000",0,0,0,1,0,0,0,0,0,0,0,76,0,0,0,12,6,2,2,0,0,1,1,12,33857,6,1,0,0,3,0,74,999,0,0,0,0,0,0,0,0,0,0,0,0,0,0,1,2,55,1,1,8,1,0,0,1,12,99,1,4,6,"777777777777","777777777777","777777777777",1,0
12,121730,1,1,1,18,8,6,23,42,0,1,0,12,1,20,481,20481,31,2004,"2GCEC19V7412","2","G","C","E","C","1","9","V","7","4","1","2",0,0,0,"000000000","00000000000",0,0,0,1,0,0,0,0,0,0,0,75,0,0,0,12,6,2,42,0,0,0,1,12,33514,6,1,6,0,3,0,72,999,0,0,0,2,0,1,2012,2,2016,0,0,0,0,0,1,2,60,1,1,8,1,0,0,1,12,99,3,4,7,"777777777777","777777777777","777777777777",1,0