"STATE","ST_CASE","VEH_NO","VE_FORMS","NUMOCCS","DAY","MONTH","HOUR","MINUTE","HARM_EV","MAN_COLL","UNITTYPE","HIT_RUN","REG_STAT","OWNER","MAKE","MODEL","MAK_MOD","BODY_TYP","MOD_YEAR","VIN","VIN_1","VIN_2","VIN_3","VIN_4","VIN_5","VIN_6","VIN_7","VIN_8","VIN_9","VIN_10","VIN_11","VIN_12","TOW_VEH","J_KNIFE","MCARR_I1","MCARR_I2","MCARR_ID","GVWR","V_CONFIG","CARGO_BT","HAZ_INV","HAZ_PLAC","HAZ_ID","HAZ_CNO","HAZ_REL","BUS_USE","SPEC_USE","EMER_USE","TRAV_SP","UNDERIDE","ROLLOVER","ROLINLOC","IMPACT1","DEFORMED","TOWED","M_HARM","VEH_SC1","VEH_SC2","FIRE_EXP","DR_PRES","L_STATE","DR_ZIP","L_STATUS","L_TYPE","CDL_STAT","L_ENDORS","L_COMPL","L_RESTRI","DR_HGT","DR_WGT","PREV_ACC","PREV_SUS","PREV_DWI","PREV_SPD","PREV_OTH","FIRST_MO","FIRST_YR","LAST_MO","LAST_YR","SPEEDREL","DR_SF1","DR_SF2","DR_SF3","DR_SF4","VTRAFWAY","VNUM_LAN","VSPD_LIM","VALIGN","VPROFILE","VPAVETYP","VSURCOND","VTRAFCON","VTCONT_F","P_CRASH1","P_CRASH2","P_CRASH3","PCRASH4","PCRASH5","ACC_TYPE","TRLR1VIN","TRLR2VIN","TRLR3VIN","DEATHS","DR_DRINK"
12,121814,1,1,1,27,8,1,30,1,0,1,0,12,1,49,401,49401,14,1986,"JT4RN50R3G01","J","T","4","R","N","5","0","R","3","G","0","1",0,0,0,"000000000","00000000000",0,0,0,1,0,0,0,0,0,0,0,65,0,1,5,0,6,2,1,0,0,0,1,12,32744,6,1,6,0,3,0,71,999,0,1,0,0,1,1,2012,1,2016,0,0,0,0,0,3,2,65,1,1,8,1,0,0,1,11,99,2,4,2,"777777777777","777777777777","777777777777",1,1
12,121815,1,1,1,23,7,17,34,25,0,1,0,12,1,12,16,12016,4,1996,"2FALP73W2TX1","2","F","A","L","P","7","3","W","2","T","X","1",0,0,0,"000000000","00000000000",0,0,0,1,0,0,0,0,0,0,0,65,0,1,3,12,6,2,25,0,0,0,1,12,32206,6,1,0,0,3,0,70,999,0,0,0,1,0,10,2011,10,2011,0,0,0,0,0,3,4,50,3,1,8,1,0,0,14,12,99,1,4,6,"777777777777","777777777777","777777777777",1,0
12,121816,1,1,1,25,8,22,0,1,0,1,0,12,2,37,31,37031,4,2008,"1HGFA16928L0","1","H","G","F","A","1","6","9","2","8","L","0",0,0,0,"000000000","00000000000",0,0,0,1,0,0,0,0,0,0,0,60,0,1,5,0,6,2,1,0,0,0,1,12,32405,0,0,0,0,0,0,999,999,0,0,0,0,0,0,0,0,0,0,28,0,0,0,1,2,60,1,1,8,1,0,0,1,13,6,1,4,1,"777777777777","777777777777","777777777777",1,1
12,121817,1,2,2,18,8,12,50,12,6,1,0,13,2,49,50,49050,3,2006,"JTKDE1778600","J","T","K","D","E","1","7","7","8","6","0","0",0,0,0,"000000000","00000000000",0,0,0,1,0,0,0,0,0,0,0,65,0,0,0,9,6,2,12,0,0,0,1,13,30060,0,0,0,0,0,0,999,999,98,0,0,0,0,0,0,0,0,0,0,0,0,0,2,4,65,1,1,8,1,0,0,1,12,99,1,2,64,"777777777777","777777777777","777777777777",2,0
12,121817,2,2,2,18,8,12,50,12,6,1,0,13,2,7,442,7442,20,2006,"2D4GP44L46R7","2","D","4","G","P","4","4","L","4","6","R","7",0,0,0,"000000000","00000000000",0,0,0,1,0,0,0,0,0,0,0,65,0,0,0,12,6,2,12,0,0,0,1,13,31730,6,1,0,0,3,0,73,999,98,0,0,0,0,0,0,0,0,0,0,0,0,0,2,4,65,1,1,8,1,0,0,1,62,99,1,1,65,"777777777777","777777777777","777777777777",0,0
12,121818,1,1,2,16,8,20,49,8,0,1,0,12,4,6,441,6441,20,2016,"2C4RC1BG2GR1","2","C","4","R","C","1","B","G","2","G","R","1",0,0,0,"000000000","00000000000",0,0,0,1,0,0,0,0,0,0,0,40,0,0,0,12,4,5,8,0,0,0,1,12,33461,6,1,0,0,3,0,66,999,0,0,0,0,0,0,0,0,0,0,0,0,0,0,3,6,45,1,1,8,1,0,0,1,80,99,1,1,13,"777777777777","777777777777","777777777777",0,0
12,121819,1,1,1,14,8,22,31,8,0,1,0,12,1,41,403,41403,14,2014,"JM3KE2CY9E03","J","M","3","K","E","2","C","Y","9","E","0","3",0,0,0,"000000000","00000000000",0,0,0,1,0,0,0,0,0,0,0,45,0,0,0,12,6,2,8,0,0,0,1,12,33426,6,1,0,0,3,0,66,999,0,0,0,0,0,0,0,0,0,0,0,0,0,0,2,6,45,1,1,8,1,98,3,1,80,99,1,1,13,"777777777777","777777777777","777777777777",0,0
12,121820,1,1,1,25,8,7,10,43,0,1,0,12,1,35,47,35047,4,2008,"1N4AL21E28C2","1","N","4","A","L","2","1","E","2","8","C","2",0,0,0,"000000000","00000000000",0,0,0,1,0,0,0,0,0,0,0,70,0,0,0,14,6,2,43,0,0,0,1,12,34608,6,1,0,0,3,0,66,999,1,1,0,1,2,7,2013,5,2016,3,6,39,0,0,1,2,30,1,5,8,1,20,3,1,12,7,3,4,6,"777777777777","777777777777","777777777777",1,1
12,121821,1,1,1,22,8,18,45,42,0,1,0,12,1,49,482,49482,31,2012,"5TFUW5F19CX2","5","T","F","U","W","5","F","1","9","C","X","2",0,0,0,"000000000","00000000000",0,0,0,1,0,0,0,0,0,0,0,70,0,1,5,12,6,2,42,0,0,1,1,12,33131,6,1,0,0,3,0,67,999,0,0,0,0,0,0,0,0,0,3,0,0,0,0,1,2,50,1,1,8,1,0,0,6,13,99,1,4,1,"777777777777","777777777777","777777777777",1,0
12,121822,1,1,1,3,7,2,57,1,0,1,0,12,1,37,31,37031,2,1999,"1HGEJ8141XL0","1","H","G","E","J","8","1","4","1","X","L","0",0,0,0,"000000000","00000000000",0,0,0,1,0,0,0,0,0,0,0,75,0,1,5,0,6,2,1,0,0,0,1,12,32177,6,1,0,0,3,0,72,999,0,0,0,1,0,9,2015,9,2015,0,6,51,0,0,2,4,60,1,1,8,2,0,0,1,12,99,1,4,6,"777777777777","777777777777","777777777777",1,1
12,121823,1,2,1,22,7,20,10,12,6,1,0,12,1,12,422,12422,15,2001,"1FMRU17L61LA","1","F","M","R","U","1","7","L","6","1","L","A",0,0,0,"000000000","00000000000",0,0,0,1,0,0,0,0,0,0,0,20,0,0,0,9,6,2,12,0,0,0,1,12,32668,6,1,0,0,3,3,65,999,0,1,0,0,0,3,2016,3,2016,0,38,0,0,0,1,2,35,1,1,8,1,20,3,11,15,99,1,1,82,"777777777777","777777777777","777777777777",1,0
12,121823,2,2,1,22,7,20,10,12,6,1,0,12,1,7,482,7482,31,2005,"3D7MS48C45G8","3","D","7","M","S","4","8","C","4","5","G","8",1,1,0,"000000000","00000000000",0,0,0,1,0,0,0,0,0,0,0,55,0,0,0,12,6,2,12,0,0,0,1,12,32134,6,1,0,0,3,0,68,999,0,0,0,0,0,0,0,0,0,0,0,0,0,0,3,2,65,1,6,8,1,0,0,1,67,6,1,2,83,"tex082788as2","777777777777","777777777777",0,0
12,121824,1,1,2,28,8,18,16,42,0,1,0,12,1,63,402,63402,14,2004,"KNDJC7338451","K","N","D","J","C","7","3","3","8","4","5","1",0,0,0,"000000000","00000000000",0,0,0,1,0,0,0,0,0,0,0,65,0,1,6,9,6,2,42,0,0,0,1,12,32117,6,1,0,0,3,0,71,999,0,3,0,1,3,10,2013,6,2016,0,28,0,0,0,3,3,65,1,1,8,2,0,0,1,13,99,2,4,2,"777777777777","777777777777","777777777777",2,0
12,121825,1,2,1,23,8,5,45,12,6,1,0,12,1,49,40,49040,4,2009,"4T1BE46K99U9","4","T","1","B","E","4","6","K","9","9","U","9",0,0,0,"000000000","00000000000",0,0,0,1,0,0,0,0,0,0,0,40,0,0,0,1,6,2,12,0,0,0,1,12,34203,6,1,0,0,3,3,72,999,0,0,0,0,0,0,0,0,0,0,38,0,0,0,3,3,40,1,1,8,1,3,3,11,15,99,1,1,68,"777777777777","777777777777","777777777777",0,0
12,121825,2,2,1,23,8,5,45,12,6,1,0,12,1,53,706,53706,80,2002,"JS1GW71A2221","J","S","1","G","W","7","1","A","2","2","2","1",0,0,0,"000000000","00000000000",0,0,0,1,0,0,0,0,0,0,0,50,0,0,0,12,6,2,12,0,0,0,1,12,34207,6,1,0,0,3,0,72,999,0,0,0,1,1,2,2013,7,2016,0,0,0,0,0,3,3,40,1,1,8,1,3,3,1,62,99,1,1,69,"777777777777","777777777777","777777777777",1,0
12,121826,1,3,1,26,8,13,5,12,6,1,0,12,1,49,40,49040,4,2011,"4T1BK3EK2BU1","4","T","1","B","K","3","E","K","2","B","U","1",0,0,0,"000000000","00000000000",0,0,0,1,0,0,0,0,0,0,0,45,0,0,0,12,6,2,12,0,0,0,1,12,32246,6,1,0,0,3,3,68,999,0,0,0,0,0,0,0,0,0,0,39,0,0,0,1,2,45,1,1,8,1,20,3,1,17,99,1,1,86,"777777777777","777777777777","777777777777",0,0
12,121826,2,3,1,26,8,13,5,12,6,1,0,12,1,7,461,7461,21,1995,"2B7HB21Y4SK5","2","B","7","H","B","2","1","Y","4","S","K","5",0,0,0,"000000000","00000000000",0,0,0,1,0,0,0,0,0,0,0,45,0,0,0,1,6,2,12,0,0,1,1,12,32038,6,1,0,0,3,3,68,999,0,0,0,1,0,12,2013,12,2013,0,0,0,0,0,1,2,45,1,5,8,1,4,3,1,66,99,1,1,87,"777777777777","777777777777","777777777777",1,0
12,121826,3,3,2,26,8,13,5,12,6,1,0,12,2,12,481,12481,31,2005,"1FTPX12585NB","1","F","T","P","X","1","2","5","8","5","N","B",0,0,0,"000000000","00000000000",0,0,0,1,0,0,0,0,0,0,0,45,0,0,0,12,6,2,12,0,0,0,1,12,32038,6,1,0,0,3,0,69,999,0,0,0,0,0,0,0,0,0,0,0,0,0,0,1,2,45,1,6,8,1,4,3,1,62,99,1,1,98,"777777777777","777777777777","777777777777",0,0
12,121827,1,2,1,12,8,15,10,12,2,1,0,12,1,49,40,49040,4,1994,"4T1SK12E6RU3","4","T","1","S","K","1","2","E","6","R","U","3",0,0,0,"000000000","00000000000",0,0,0,1,0,0,0,0,0,0,0,40,0,0,0,12,6,2,12,0,0,0,1,12,33772,6,1,0,0,3,3,68,999,0,0,0,0,0,0,0,0,0,0,39,0,0,0,3,3,35,1,1,8,1,3,3,1,17,99,1,1,83,"777777777777","777777777777","777777777777",1,0
12,121827,2,2,1,12,8,15,10,12,2,1,0,12,2,51,47,51047,4,2003,"YV1RS61T3322","Y","V","1","R","S","6","1","T","3","3","2","2",0,0,0,"000000000","00000000000",0,0,0,1,0,0,0,0,0,0,0,10,0,0,0,12,6,2,12,0,0,0,1,12,33761,6,1,0,0,3,0,70,999,0,1,0,0,0,12,2013,12,2013,0,0,0,0,0,1,2,35,1,1,8,1,0,0,11,15,99,1,1,82,"777777777777","777777777777","777777777777",0,0
12,121829,1,1,1,31,7,5,10,8,0,1,1,99,9,99,999,99999,99,9999,"999999999999","9","9","9","9","9","9","9","9","9","9","9","9",0,0,0,"000000000","00000000000",0,0,0,1,0,0,0,0,0,0,0,999,0,0,0,12,9,5,8,0,0,0,1,99,99999,9,9,99,9,9,9,999,999,99,99,99,99,99,99,9999,99,9999,9,0,0,0,0,3,5,45,1,1,8,1,0,0,1,80,99,1,1,13,"777777777777","777777777777","777777777777",0,0
12,121830,1,2,1,27,8,1,12,12,2,1,0,53,1,12,471,12471,30,2000,"1FTYR14V0YPA","1","F","T","Y","R","1","4","V","0","Y","P","A",0,0,0,"000000000","00000000000",0,0,0,1,0,0,0,0,0,0,0,45,0,0,0,12,6,2,12,0,0,0,1,53,98662,1,1,0,0,2,0,76,999,1,1,0,1,1,5,2013,6,2016,0,51,0,0,0,3,5,45,2,1,8,1,0,0,14,54,99,1,1,52,"777777777777","777777777777","777777777777",1,1
12,121830,2,2,1,27,8,1,12,12,2,1,0,12,1,12,461,12461,21,1996,"1FDEE14N1THA","1","F","D","E","E","1","4","N","1","T","H","A",0,0,0,"000000000","00000000000",0,0,0,1,0,0,0,0,0,0,0,45,0,1,5,12,6,2,12,0,0,0,1,12,32226,6,1,0,0,3,0,71,999,0,0,0,1,1,2,2012,5,2014,0,0,0,0,0,3,5,45,2,1,8,1,0,0,14,54,99,1,1,52,"777777777777","777777777777","777777777777",1,0
12,121831,1,1,2,25,8,0,25,1,0,1,0,12,2,7,442,7442,20,2003,"1D4GP253X3B3","1","D","4","G","P","2","5","3","X","3","B","3",0,0,0,"000000000","00000000000",0,0,0,1,0,0,0,0,0,0,0,55,0,1,5,0,6,2,42,0,0,0,1,12,32140,6,1,0,0,3,0,72,999,0,0,0,0,0,0,0,0,0,0,0,0,0,0,1,2,55,3,6,8,1,0,0,14,13,6,4,4,6,"777777777777","777777777777","777777777777",1,1
12,121832,1,1,1,5,8,20,46,8,0,1,0,12,1,37,32,37032,4,2016,"1HGCR2F37GA1","1","H","G","C","R","2","F","3","7","G","A","1",0,0,0,"000000000","00000000000",0,0,0,1,0,0,0,0,0,0,0,40,0,0,0,12,6,2,8,0,0,0,1,12,32773,6,1,0,0,3,0,78,999,0,0,0,0,0,0,0,0,0,0,0,0,0,0,3,4,55,1,1,8,1,3,3,1,80,99,1,1,13,"777777777777","777777777777","777777777777",0,0
12,121833,1,1,1,28,8,2,0,35,0,1,0,12,1,7,472,7472,31,1998,"1B7FL26P5WS6","1","B","7","F","L","2","6","P","5","W","S","6",0,0,0,"000000000","00000000000",0,0,0,1,0,0,0,0,0,0,0,35,0,1,5,99,6,2,3,0,0,0,1,12,32455,6,1,0,0,3,3,70,999,0,0,0,0,0,0,0,0,0,0,0,0,0,0,1,2,35,3,1,8,1,0,0,14,13,99,1,4,1,"777777777777","777777777777","777777777777",1,0
12,121835,1,1,1,22,8,21,42,8,0,1,0,12,3,20,2,20002,4,2016,"2G1115S38G91","2","G","1","1","1","5","S","3","8","G","9","1",0,0,0,"000000000","00000000000",0,0,0,1,0,0,0,0,0,0,0,55,0,0,0,12,6,2,8,0,0,0,1,12,34222,6,1,0,0,3,3,63,999,0,0,0,0,0,0,0,0,0,0,0,0,0,0,3,4,55,1,6,8,1,0,0,1,80,99,1,1,13,"777777777777","777777777777","777777777777",0,0
12,121836,1,2,2,26,8,17,30,12,6,1,0,1,1,12,481,12481,31,1997,"1FTDX17W1VNC","1","F","T","D","X","1","7","W","1","V","N","C",0,0,0,"000000000","00000000000",0,0,0,1,0,0,0,0,0,0,0,15,0,0,0,9,6,2,12,0,0,0,1,1,36567,6,1,0,0,3,0,64,999,0,0,0,0,0,0,0,0,0,0,38,0,0,0,3,4,45,1,1,8,1,0,0,1,17,99,1,7,89,"777777777777","777777777777","777777777777",0,0
12,121836,2,2,1,26,8,17,30,12,6,1,0,12,1,37,706,37706,80,2005,"JH2SC57085M1","J","H","2","S","C","5","7","0","8","5","M","1",0,0,0,"000000000","00000000000",0,0,0,1,0,0,0,0,0,0,0,45,0,0,0,12,6,2,12,0,0,0,1,12,32506,6,1,0,0,3,0,70,999,0,0,0,1,1,12,2011,2,2015,0,0,0,0,0,3,4,45,1,1,8,1,0,0,1,71,99,1,1,88,"777777777777","777777777777","777777777777",1,0
12,121837,1,2,1,10,8,8,40,12,2,1,0,12,1,20,22,20022,4,2008,"1G1AL58F2872","1","G","1","A","L","5","8","F","2","8","7","2",0,0,0,"000000000","00000000000",0,0,0,1,0,0,0,0,0,0,0,60,0,0,0,12,6,2,12,0,0,0,1,12,33440,1,1,0,0,2,0,70,999,0,2,0,1,0,7,2014,6,2016,0,6,28,58,0,1,2,60,1,1,8,1,0,0,1,13,6,1,2,50,"777777777777","777777777777","777777777777",1,0
12,121837,2,2,2,10,8,8,40,12,2,1,0,12,2,20,2,20002,4,2008,"2G1WB58K7892","2","G","1","W","B","5","8","K","7","8","9","2",0,0,0,"000000000","00000000000",0,0,0,1,0,0,0,0,0,0,0,60,0,0,0,12,6,2,12,0,0,0,1,12,33471,6,1,0,0,3,3,67,999,0,0,0,0,0,0,0,0,0,0,0,0,0,0,1,2,60,1,1,8,1,0,0,1,62,99,1,1,51,"777777777777","777777777777","777777777777",0,0
12,121838,1,2,1,25,8,15,53,12,6,1,0,12,1,54,35,54035,4,2004,"19UUA662X4A0","1","9","U","U","A","6","6","2","X","4","A","0",0,0,0,"000000000","00000000000",0,0,0,1,0,0,0,0,0,0,0,13,0,0,0,3,6,2,12,0,0,0,1,12,34233,6,1,0,0,3,3,64,999,0,0,0,0,0,0,0,0,0,0,38,0,0,0,3,6,45,3,1,8,1,3,3,11,15,99,1,1,68,"777777777777","777777777777","777777777777",1,0
12,121838,2,2,1,25,8,15,53,12,6,1,0,12,1,7,482,7482,31,2000,"3B7HF13Z7YM2","3","B","7","H","F","1","3","Z","7","Y","M","2",0,0,0,"000000000","00000000000",0,0,0,1,0,0,0,0,0,0,0,63,0,0,0,12,6,2,12,0,0,0,1,12,34233,6,1,0,0,3,3,63,999,0,0,0,1,0,11,2014,11,2014,3,0,0,0,0,3,6,45,2,1,8,1,3,3,14,62,99,1,1,69,"777777777777","777777777777","777777777777",0,0
12,121839,1,1,1,20,8,9,48,30,0,1,0,12,1,55,401,55401,14,2002,"KM8SC13D52U1","K","M","8","S","C","1","3","D","5","2","U","1",0,0,0,"000000000","00000000000",0,0,0,1,0,0,0,0,0,0,0,50,0,1,1,12,6,2,1,0,0,0,1,12,34112,6,1,0,0,3,0,72,999,1,3,0,0,3,10,2012,12,2015,0,0,0,0,0,3,2,50,1,1,8,1,0,0,1,12,99,1,4,6,"777777777777","777777777777","777777777777",1,0
12,121840,1,2,3,30,8,22,46,12,1,1,0,12,2,20,461,20461,21,1999,"1GBFG15R1X10","1","G","B","F","G","1","5","R","1","X","1","0",0,0,0,"000000000","00000000000",0,0,0,1,0,0,0,0,0,0,0,45,0,0,0,12,6,2,12,0,0,0,1,12,33801,6,1,0,0,3,0,71,999,1,3,0,2,3,11,2012,6,2015,0,0,0,0,0,3,2,45,1,1,8,2,0,0,1,51,99,1,1,28,"777777777777","777777777777","777777777777",1,0
12,121840,2,2,1,30,8,22,46,12,1,1,0,12,3,87,881,87881,66,2006,"1XP7D49X86D8","1","X","P","7","D","4","9","X","8","6","D","8",1,1,12,"479244","12479244",3,6,1,1,0,0,0,0,0,0,0,20,0,0,0,6,4,5,12,0,0,0,1,12,33976,6,1,6,0,3,3,65,999,2,0,0,0,0,5,2012,10,2012,0,0,0,0,0,1,2,45,1,1,8,2,0,0,2,53,1,1,1,29,"1JJV532W19L2","777777777777","777777777777",0,0
12,121841,1,1,1,22,2,19,32,8,0,1,0,12,2,6,441,6441,20,2013,"2C4RC1BG7DR8","2","C","4","R","C","1","B","G","7","D","R","8",0,0,0,"000000000","00000000000",0,0,0,1,0,0,0,0,0,0,0,45,0,0,0,12,6,2,8,0,0,0,1,12,33825,6,1,0,0,3,0,64,999,0,0,0,0,0,0,0,0,0,0,0,0,0,0,1,2,45,1,1,8,1,0,0,1,80,99,1,1,13,"777777777777","777777777777","777777777777",0,0
12,121842,1,2,3,19,3,23,5,12,2,1,0,12,1,35,47,35047,4,2013,"1N4AL3APXDC1","1","N","4","A","L","3","A","P","X","D","C","1",0,0,0,"000000000","00000000000",0,0,0,1,0,0,0,0,0,0,0,35,0,0,0,12,6,2,12,0,0,0,1,12,33919,6,1,0,0,3,0,69,999,0,0,0,0,1,9,2013,9,2013,0,28,0,0,0,1,2,35,1,1,8,2,0,0,1,10,99,1,2,50,"777777777777","777777777777","777777777777",1,1
12,121842,2,2,4,19,3,23,5,12,2,1,0,12,1,7,26,7026,4,2008,"1B3LC46KX8N5","1","B","3","L","C","4","6","K","X","8","N","5",0,0,0,"000000000","00000000000",0,0,0,1,0,0,0,0,0,0,0,35,0,0,0,12,6,2,12,0,0,0,1,12,33990,4,1,4,0,2,0,66,999,0,0,0,0,0,0,0,0,0,0,0,0,0,0,1,2,35,1,1,8,2,0,0,1,62,1,1,1,51,"777777777777","777777777777","777777777777",0,0
12,121843,1,3,2,19,4,20,34,12,2,1,0,12,2,2,404,2404,14,1997,"1J4FJ67S1VL5","1","J","4","F","J","6","7","S","1","V","L","5",0,0,0,"000000000","00000000000",0,0,0,1,0,0,0,0,0,0,0,998,0,0,0,12,6,2,12,0,0,0,1,12,32776,6,1,0,0,3,0,72,999,0,1,0,0,0,2,2012,2,2012,0,6,28,0,0,1,2,98,3,1,8,1,0,0,14,10,99,1,2,50,"777777777777","777777777777","777777777777",0,0
12,121843,2,3,2,19,4,20,34,12,2,1,0,12,1,20,471,20471,30,1995,"1GCCS19Z6S81","1","G","C","C","S","1","9","Z","6","S","8","1",0,0,0,"000000000","00000000000",0,0,0,1,0,0,0,0,0,0,0,0,0,0,0,12,6,2,12,0,0,0,1,12,32713,6,1,0,0,3,3,70,999,0,0,0,1,0,10,2015,10,2015,0,0,0,0,0,1,2,98,3,1,8,1,0,0,14,54,1,1,1,51,"777777777777","777777777777","777777777777",1,1
12,121843,3,3,1,19,4,20,34,12,2,1,0,12,1,55,33,55033,4,2002,"KMHWF25H52A6","K","M","H","W","F","2","5","H","5","2","A","6",0,0,0,"000000000","00000000000",0,0,0,1,0,0,0,0,0,0,0,998,0,0,0,12,6,2,12,0,0,0,1,12,32725,6,1,0,0,3,0,63,999,0,0,0,2,1,10,2012,2,2016,0,0,0,0,0,1,2,98,3,1,8,1,0,0,14,54,1,1,1,98,"777777777777","777777777777","777777777777",0,0
12,121844,1,2,2,17,8,13,20,12,6,1,0,12,2,63,441,63441,20,2002,"KNDUP1312262","K","N","D","U","P","1","3","1","2","2","6","2",0,0,0,"000000000","00000000000",0,0,0,1,0,0,0,0,0,0,0,55,0,0,0,12,6,2,12,0,0,0,1,12,33928,6,1,0,0,3,0,64,999,0,0,0,0,0,0,0,0,0,0,39,0,0,0,3,3,55,1,1,8,1,3,3,1,17,99,1,1,69,"777777777777","777777777777","777777777777",1,0
12,121844,2,2,1,17,8,13,20,12,6,1,0,12,2,35,481,35481,31,2015,"1N6BA0ED9FN5","1","N","6","B","A","0","E","D","9","F","N","5",0,0,0,"000000000","00000000000",0,0,0,1,0,0,0,0,0,0,0,20,0,0,0,9,6,2,12,0,0,0,1,12,34134,6,1,0,0,3,0,72,999,0,0,0,0,0,0,0,0,0,0,0,0,0,0,3,2,30,1,1,8,1,3,3,11,15,99,1,1,68,"777777777777","777777777777","777777777777",0,0
12,121846,1,1,6,7,8,2,15,1,0,1,0,12,2,12,481,12481,31,1999,"1FTNX21F4XED","1","F","T","N","X","2","1","F","4","X","E","D",0,0,0,"000000000","00000000000",0,0,0,1,0,0,0,0,0,0,0,998,0,1,6,0,6,2,1,0,0,0,1,12,33868,0,0,0,0,0,0,999,999,0,1,0,0,0,8,2013,8,2013,0,6,0,0,0,1,2,45,3,1,8,1,0,0,14,13,99,2,4,2,"777777777777","777777777777","777777777777",2,1
12,121847,1,1,1,31,8,2,12,30,0,1,0,12,1,77,709,77709,80,2017,"5VPFTB002H30","5","V","P","F","T","B","0","0","2","H","3","0",0,0,0,"000000000","00000000000",0,0,0,1,0,0,0,0,0,0,0,100,0,0,0,12,6,2,30,0,0,0,1,12,32935,6,1,0,0,3,0,66,999,1,2,1,0,1,3,2013,5,2016,4,0,0,0,0,3,4,45,3,1,8,2,0,0,14,13,99,1,4,1,"777777777777","777777777777","777777777777",1,0
12,121848,1,2,1,13,8,22,20,12,6,1,0,98,9,53,703,53703,80,2005,"JS1RJ18C5521","J","S","1","R","J","1","8","C","5","5","2","1",0,0,0,"000000000","00000000000",0,0,0,1,0,0,0,0,0,0,0,40,0,0,0,9,6,2,12,0,0,0,1,12,33928,6,1,0,0,2,0,71,999,0,0,0,1,1,6,2012,11,2012,3,51,0,0,0,1,2,20,1,1,8,1,0,0,1,50,99,1,1,64,"777777777777","777777777777","777777777777",1,1
12,121848,2,2,5,13,8,22,20,12,6,1,0,98,9,99,998,99998,97,2000,"000000000000","0","0","0","0","0","0","0","0","0","0","0","0",0,0,0,"000000000","00000000000",0,0,0,1,0,0,0,0,0,0,0,0,0,0,0,12,6,2,12,0,0,0,1,12,34135,6,1,0,0,3,0,70,999,1,1,0,2,2,2,2014,6,2016,0,0,0,0,0,1,2,20,1,1,8,1,0,0,5,54,99,1,1,65,"777777777777","777777777777","777777777777",0,0
12,121849,1,2,1,22,8,21,13,12,6,1,0,12,2,76,705,76705,80,2001,"JYA5AHE061A0","J","Y","A","5","A","H","E","0","6","1","A","0",0,0,0,"000000000","00000000000",0,0,0,1,0,0,0,0,0,0,0,100,0,0,0,12,6,2,12,0,0,0,1,12,32174,1,1,0,0,2,0,66,999,0,2,0,0,0,8,2016,8,2016,3,39,0,0,0,3,4,45,1,1,8,1,3,3,1,62,99,1,1,69,"777777777777","777777777777","777777777777",1,0
12,121849,2,2,2,22,8,21,13,12,6,1,0,12,1,30,40,30040,4,2000,"3VWRC29M0YM0","3","V","W","R","C","2","9","M","0","Y","M","0",0,0,0,"000000000","00000000000",0,0,0,1,0,0,0,0,0,0,0,25,0,0,0,3,6,2,12,0,0,0,1,12,32174,6,1,0,0,3,0,71,999,0,1,0,0,0,5,2016,5,2016,0,0,0,0,0,3,4,45,1,1,8,1,3,3,11,15,99,1,1,68,"777777777777","777777777777","777777777777",1,0
12,121851,1,2,3,19,8,21,20,12,2,1,1,13,9,34,34,34034,4,2003,"WBAEV53473KM","W","B","A","E","V","5","3","4","7","3","K","M",0,0,0,"000000000","00000000000",0,0,0,1,0,0,0,0,0,0,0,60,0,0,0,12,6,2,12,0,0,0,1,99,99999,9,9,99,9,9,9,999,999,99,99,99,99,99,99,9999,99,9999,3,8,0,0,0,1,4,35,1,1,8,1,0,0,11,15,99,1,1,68,"777777777777","777777777777","777777777777",0,0
12,121851,2,2,1,19,8,21,20,12,2,1,0,12,1,53,705,53705,80,2007,"JS1GN7DA4721","J","S","1","G","N","7","D","A","4","7","2","1",0,0,0,"000000000","00000000000",0,0,0,1,0,0,0,0,0,0,0,80,0,0,0,12,6,2,12,0,0,0,1,12,32114,6,1,0,0,3,0,70,999,1,0,0,0,0,3,2014,3,2014,3,0,0,0,0,1,4,35,1,1,8,1,0,0,1,62,99,1,1,69,"777777777777","777777777777","777777777777",1,0
12,121852,1,1,1,12,8,9,0,8,0,1,0,12,3,87,884,87884,63,2008,"3BPZL00X08F7","3","B","P","Z","L","0","0","X","0","8","F","7",0,0,77,"777777777","77777777777",3,2,7,1,0,0,0,0,0,0,0,5,0,0,0,6,0,3,8,0,0,0,1,12,33705,6,1,6,3,3,3,75,999,0,1,0,0,1,2,2015,3,2015,0,31,0,0,0,1,2,15,1,1,8,1,0,0,13,98,99,1,1,92,"777777777777","777777777777","777777777777",0,0
12,121853,1,1,2,30,8,18,1,1,0,1,0,12,1,6,43,6043,4,2007,"1C3LC66KX7N5","1","C","3","L","C","6","6","K","X","7","N","5",0,0,0,"000000000","00000000000",0,0,0,1,0,0,0,0,0,0,0,55,0,1,5,0,6,2,1,0,0,0,1,12,32818,6,7,0,0,3,0,64,999,0,0,0,0,0,0,0,0,0,0,6,0,0,0,6,1,55,2,5,8,2,0,0,14,12,99,1,4,6,"777777777777","777777777777","777777777777",1,0