"STATE","ST_CASE","VEH_NO","VE_FORMS","NUMOCCS","DAY","MONTH","HOUR","MINUTE","HARM_EV","MAN_COLL","UNITTYPE","HIT_RUN","REG_STAT","OWNER","MAKE","MODEL","MAK_MOD","BODY_TYP","MOD_YEAR","VIN","VIN_1","VIN_2","VIN_3","VIN_4","VIN_5","VIN_6","VIN_7","VIN_8","VIN_9","VIN_10","VIN_11","VIN_12","TOW_VEH","J_KNIFE","MCARR_I1","MCARR_I2","MCARR_ID","GVWR","V_CONFIG","CARGO_BT","HAZ_INV","HAZ_PLAC","HAZ_ID","HAZ_CNO","HAZ_REL","BUS_USE","SPEC_USE","EMER_USE","TRAV_SP","UNDERIDE","ROLLOVER","ROLINLOC","IMPACT1","DEFORMED","TOWED","M_HARM","VEH_SC1","VEH_SC2","FIRE_EXP","DR_PRES","L_STATE","DR_ZIP","L_STATUS","L_TYPE","CDL_STAT","L_ENDORS","L_COMPL","L_RESTRI","DR_HGT","DR_WGT","PREV_ACC","PREV_SUS","PREV_DWI","PREV_SPD","PREV_OTH","FIRST_MO","FIRST_YR","LAST_MO","LAST_YR","SPEEDREL","DR_SF1","DR_SF2","DR_SF3","DR_SF4","VTRAFWAY","VNUM_LAN","VSPD_LIM","VALIGN","VPROFILE","VPAVETYP","VSURCOND","VTRAFCON","VTCONT_F","P_CRASH1","P_CRASH2","P_CRASH3","PCRASH4","PCRASH5","ACC_TYPE","TRLR1VIN","TRLR2VIN","TRLR3VIN","DEATHS","DR_DRINK"
12,122085,2,2,1,29,8,17,37,12,1,1,0,12,3,12,881,12881,61,2008,"1FDAF57R68EA","1","F","D","A","F","5","7","R","6","8","E","A",0,0,77,"777777777","77777777777",2,1,96,1,0,0,0,0,0,0,0,0,0,0,0,6,6,2,12,0,0,0,1,12,33470,6,1,6,0,3,3,69,999,0,0,0,0,0,0,0,0,0,0,0,0,0,0,3,3,50,1,1,8,1,0,0,5,53,1,1,1,21,"777777777777","777777777777","777777777777",0,0
12,122086,1,1,2,15,9,22,44,42,0,1,1,12,2,20,471,20471,30,1998,"1GCCS1446WK1","1","G","C","C","S","1","4","4","6","W","K","1",0,0,0,"000000000","00000000000",0,0,0,1,0,0,0,0,0,0,0,45,0,1,6,12,6,2,1,0,0,0,1,12,32566,0,0,0,0,0,0,69,999,0,0,0,0,0,0,0,0,0,0,8,0,0,0,1,2,45,1,1,8,1,0,0,1,12,99,1,4,1,"777777777777","777777777777","777777777777",1,0
12,122087,1,2,1,26,9,17,25,12,1,1,0,12,3,20,481,20481,31,2009,"1GCHC43K69F1","1","G","C","H","C","4","3","K","6","9","F","1",0,0,0,"000000000","00000000000",0,0,0,1,0,0,0,0,0,0,0,75,0,1,3,6,6,2,1,0,0,0,1,12,32822,6,1,0,0,3,0,75,999,0,1,0,1,0,8,2015,12,2015,0,27,0,0,0,3,2,70,2,1,8,2,0,0,15,10,99,1,2,32,"777777777777","777777777777","777777777777",1,0
12,122087,2,2,1,26,9,17,25,12,1,1,0,12,3,87,884,87884,66,2002,"1XP5DB9X22D5","1","X","P","5","D","B","9","X","2","2","D","5",1,1,12,"2155149","122155149",3,6,3,1,0,0,0,0,0,0,0,70,0,0,0,12,2,5,12,0,0,0,1,12,32837,6,1,6,0,3,0,71,999,0,0,0,0,0,0,0,0,0,0,0,0,0,0,3,2,70,2,1,8,2,0,0,14,61,1,1,1,32,"1W9FH45236E2","777777777777","777777777777",0,0
12,122088,1,2,1,3,9,12,4,12,6,1,0,12,1,49,32,49032,4,2010,"1NXBU4EE1AZ2","1","N","X","B","U","4","E","E","1","A","Z","2",0,0,0,"000000000","00000000000",0,0,0,1,0,0,0,0,0,0,0,10,0,0,0,11,6,2,12,0,0,0,1,12,33472,6,1,0,0,3,3,69,999,0,0,0,0,0,0,0,0,0,0,38,0,0,0,1,2,45,1,1,8,1,20,3,11,15,99,1,1,82,"777777777777","777777777777","777777777777",0,0
12,122088,2,2,1,3,9,12,4,12,6,1,0,12,1,53,706,53706,80,2001,"JS1GT74A7121","J","S","1","G","T","7","4","A","7","1","2","1",0,0,0,"000000000","00000000000",0,0,0,1,0,0,0,0,0,0,0,45,0,0,0,12,6,2,12,0,0,0,1,12,33467,6,1,0,0,3,0,68,999,0,0,0,0,0,0,0,0,0,0,0,0,0,0,2,3,45,1,1,8,1,0,0,1,66,99,1,1,83,"777777777777","777777777777","777777777777",1,0
12,122089,1,1,1,2,9,23,53,8,0,1,1,99,9,99,999,99999,99,9999,"999999999999","9","9","9","9","9","9","9","9","9","9","9","9",0,0,0,"000000000","00000000000",0,0,0,1,0,0,0,0,99,99,0,999,0,0,0,12,4,5,8,0,0,0,1,99,99999,9,9,99,9,9,9,999,999,99,99,99,99,99,99,9999,99,9999,0,0,0,0,0,2,3,45,1,1,8,1,3,3,1,80,99,1,1,13,"777777777777","777777777777","777777777777",0,0
12,122090,1,1,2,4,9,2,42,33,0,1,0,12,1,58,41,58041,4,2016,"JN1FV7AP5GM4","J","N","1","F","V","7","A","P","5","G","M","4",0,0,0,"000000000","00000000000",0,0,0,1,0,0,0,0,0,0,0,40,0,0,0,12,6,2,42,0,0,0,1,12,33411,6,1,0,0,3,0,75,999,0,0,0,1,0,6,2016,6,2016,3,0,0,0,0,3,6,40,3,1,8,1,0,0,14,13,99,1,4,1,"777777777777","777777777777","777777777777",2,0
12,122091,1,1,99,9,9,22,2,8,0,1,1,99,9,99,999,99999,99,9999,"999999999999","9","9","9","9","9","9","9","9","9","9","9","9",0,0,0,"000000000","00000000000",0,0,0,1,0,0,0,0,0,0,0,35,0,0,0,12,9,5,8,0,0,0,1,99,99999,9,9,99,9,9,9,999,999,99,99,99,99,99,99,9999,99,9999,0,0,0,0,0,2,4,35,1,1,8,1,0,0,1,80,99,1,1,13,"777777777777","777777777777","777777777777",0,0
12,122092,1,1,1,10,9,20,10,9,0,1,0,12,1,35,43,35043,4,2015,"3N1AB7APXFY2","3","N","1","A","B","7","A","P","X","F","Y","2",0,0,0,"000000000","00000000000",0,0,0,1,0,0,0,0,0,0,0,45,0,0,0,12,6,2,9,0,0,0,1,12,33463,6,1,0,0,3,0,62,999,0,0,0,0,0,0,0,0,0,0,28,0,0,0,3,4,45,1,1,8,1,0,0,1,13,99,1,4,13,"777777777777","777777777777","777777777777",0,0
12,122093,1,1,1,27,9,18,25,34,0,1,0,12,1,98,709,98709,80,1977,"2A43027H7","2","A","4","3","0","2","7","H","7","","","",0,0,0,"000000000","00000000000",0,0,0,1,0,0,0,0,0,0,0,55,0,0,0,12,6,2,34,0,0,0,1,12,32145,6,1,0,0,3,0,71,999,0,0,0,0,0,0,0,0,0,0,6,0,0,0,1,2,55,2,1,8,2,0,0,14,12,99,1,4,6,"777777777777","777777777777","777777777777",1,0
12,122094,1,2,1,19,9,13,25,12,2,1,0,12,1,32,43,32043,4,2004,"WAULC68E74A1","W","A","U","L","C","6","8","E","7","4","A","1",0,0,0,"000000000","00000000000",0,0,0,1,0,0,0,0,0,0,0,55,0,0,0,12,6,2,12,0,0,0,1,12,32953,6,1,0,0,3,0,62,999,0,0,0,0,0,0,0,0,0,0,51,0,0,0,1,2,55,1,1,8,1,0,0,1,10,99,1,2,50,"777777777777","777777777777","777777777777",0,0
12,122094,2,2,1,19,9,13,25,12,2,1,0,12,1,72,706,72706,80,2004,"1HD1JBB134Y0","1","H","D","1","J","B","B","1","3","4","Y","0",0,0,0,"000000000","00000000000",0,0,0,1,0,0,0,0,0,0,0,55,0,0,0,12,6,2,12,0,0,0,1,12,32920,6,1,0,0,3,0,74,999,0,0,0,0,0,0,0,0,0,0,0,0,0,0,1,2,55,1,1,8,1,0,0,1,62,99,1,1,51,"777777777777","777777777777","777777777777",1,0
12,122095,1,1,1,17,9,4,30,30,0,1,0,12,1,98,709,98709,80,1984,"JH2PC1301EM0","J","H","2","P","C","1","3","0","1","E","M","0",0,0,0,"000000000","00000000000",0,0,0,1,0,0,0,0,0,0,0,56,0,0,0,11,6,2,30,0,0,0,1,12,32043,6,1,0,0,3,0,67,999,0,0,0,2,0,5,2014,9,2015,0,0,0,0,0,1,2,55,1,1,8,1,0,0,1,13,99,1,4,1,"777777777777","777777777777","777777777777",1,1
12,122096,1,1,2,18,9,19,20,35,0,1,0,12,1,22,9,22009,2,1995,"2G2FS22S2S22","2","G","2","F","S","2","2","S","2","S","2","2",0,0,0,"000000000","00000000000",0,0,0,1,0,0,0,0,0,0,0,55,0,1,5,11,6,2,1,0,0,0,1,12,32137,6,1,0,0,3,0,66,999,0,2,0,0,0,8,2015,7,2016,0,8,0,0,0,1,2,30,1,5,8,11,0,0,1,12,99,1,4,6,"777777777777","777777777777","777777777777",1,0
12,122097,1,1,1,24,9,21,16,8,0,1,0,12,1,41,50,41050,4,2008,"1YVHP80C285M","1","Y","V","H","P","8","0","C","2","8","5","M",0,0,0,"000000000","00000000000",0,0,0,1,0,0,0,0,0,0,0,40,0,0,0,12,4,5,8,0,0,0,1,12,33712,6,1,0,0,3,0,69,999,0,1,0,1,0,1,2015,9,2016,0,0,0,0,0,2,3,40,1,1,8,1,0,0,1,80,99,1,1,13,"777777777777","777777777777","777777777777",0,0
12,122098,1,1,1,16,9,4,43,30,0,1,0,12,1,53,706,53706,80,2003,"JS1GW71A0321","J","S","1","G","W","7","1","A","0","3","2","1",0,0,0,"000000000","00000000000",0,0,0,1,0,0,0,0,0,0,0,70,0,0,0,12,6,2,30,0,0,0,1,12,34982,6,1,6,0,3,0,72,999,0,0,0,0,0,0,0,0,0,0,6,0,0,0,1,2,45,3,1,8,1,0,0,14,13,99,1,4,1,"777777777777","777777777777","777777777777",1,1
12,122099,1,1,99,25,9,20,55,8,0,1,1,99,9,99,999,99999,99,9999,"999999999999","9","9","9","9","9","9","9","9","9","9","9","9",0,0,0,"000000000","00000000000",0,0,0,1,0,0,0,0,0,0,0,999,0,0,0,12,9,5,8,0,0,0,1,99,99999,9,9,99,9,9,9,999,999,99,99,99,99,99,99,9999,99,9999,0,0,0,0,0,5,5,35,1,1,8,1,0,0,1,80,99,1,1,13,"777777777777","777777777777","777777777777",0,0
12,122100,1,2,1,20,9,12,7,12,1,1,0,12,3,86,881,86881,63,2005,"1M2AG11C75M0","1","M","2","A","G","1","1","C","7","5","M","0",0,0,12,"825071","12825071",3,2,4,1,0,0,0,0,0,0,0,50,0,0,0,12,6,2,12,0,0,0,1,12,33909,6,1,6,0,3,3,72,999,1,0,0,0,1,1,2016,2,2016,0,6,0,0,0,3,3,55,1,1,8,1,3,3,1,50,1,1,1,20,"777777777777","777777777777","777777777777",0,0
12,122100,2,2,1,20,9,12,7,12,1,1,0,12,1,35,47,35047,4,2009,"1N4CL21E49C1","1","N","4","C","L","2","1","E","4","9","C","1",0,0,0,"000000000","00000000000",0,0,0,1,0,0,0,0,0,0,0,0,0,0,0,6,6,2,12,0,0,0,1,12,32607,6,1,0,0,3,0,72,999,0,0,0,0,0,0,0,0,0,0,0,0,0,0,3,3,55,1,1,8,1,3,3,5,53,1,1,1,21,"777777777777","777777777777","777777777777",1,0
12,122101,1,1,4,17,6,23,2,24,0,1,0,12,2,52,37,52037,1,2003,"4A3AE75H83E0","4","A","3","A","E","7","5","H","8","3","E","0",0,0,0,"000000000","00000000000",0,0,0,1,0,0,0,0,0,0,0,85,0,0,0,12,6,2,24,0,0,0,1,12,32754,6,1,0,0,3,0,62,999,1,0,0,0,0,6,2016,6,2016,0,28,0,0,0,3,6,70,1,1,8,1,0,0,1,12,99,1,4,6,"777777777777","777777777777","777777777777",1,0
12,122102,1,1,2,1,7,9,37,5,0,1,0,12,3,12,481,12481,31,2014,"1FTBF2A62EEA","1","F","T","B","F","2","A","6","2","E","E","A",1,1,0,"000000000","00000000000",0,0,0,1,0,0,0,0,0,0,0,5,0,0,0,0,0,5,5,0,0,0,1,12,33311,0,0,0,0,0,0,999,999,0,0,0,0,0,0,0,0,0,0,0,0,0,0,3,3,35,1,1,8,1,4,3,1,98,1,1,1,0,"5f11s1013e10","777777777777","777777777777",1,0
12,122103,1,2,1,11,9,20,20,12,1,1,0,12,2,41,51,41051,4,2012,"JM1BL1UF4C15","J","M","1","B","L","1","U","F","4","C","1","5",0,0,0,"000000000","00000000000",0,0,0,1,0,0,0,0,0,0,0,15,0,0,0,12,6,2,12,0,0,0,1,12,33584,6,1,0,0,3,3,68,999,0,2,0,2,2,10,2011,7,2015,0,6,0,0,0,1,2,35,1,1,8,1,3,3,1,50,99,1,1,20,"777777777777","777777777777","777777777777",0,0
12,122103,2,2,1,11,9,20,20,12,1,1,0,12,2,30,40,30040,4,2006,"3VWPF71K96M7","3","V","W","P","F","7","1","K","9","6","M","7",0,0,0,"000000000","00000000000",0,0,0,1,0,0,0,0,0,0,0,0,0,0,0,6,2,3,12,0,0,0,1,12,33578,6,1,0,0,3,0,69,999,1,3,2,1,3,7,2012,8,2016,0,0,0,0,0,1,2,35,1,1,8,1,3,3,5,53,99,1,1,21,"777777777777","777777777777","777777777777",1,0
12,122104,1,2,1,9,9,15,23,12,6,1,0,12,1,12,481,12481,31,2002,"1FTRF172X2NB","1","F","T","R","F","1","7","2","X","2","N","B",0,0,0,"000000000","00000000000",0,0,0,1,0,0,0,0,0,0,0,998,0,0,0,4,6,2,12,0,0,0,1,12,33805,6,1,0,0,3,3,65,999,0,0,0,0,0,0,0,0,0,0,38,0,0,0,1,2,45,1,1,8,1,0,0,1,17,99,1,1,64,"777777777777","777777777777","777777777777",0,0
12,122104,2,2,1,9,9,15,23,12,6,1,0,12,1,37,706,37706,80,2006,"JH2SC570X6M2","J","H","2","S","C","5","7","0","X","6","M","2",0,0,0,"000000000","00000000000",0,0,0,1,0,0,0,0,0,0,0,0,0,0,0,12,6,2,12,0,0,0,1,12,33830,6,1,0,0,3,0,65,999,0,0,0,0,0,0,0,0,0,3,0,0,0,0,1,2,45,1,1,8,1,0,0,1,66,99,1,1,65,"777777777777","777777777777","777777777777",1,0
12,122105,1,1,2,11,9,21,56,9,0,1,0,12,1,30,46,30046,4,2009,"WVWJK73C39P0","W","V","W","J","K","7","3","C","3","9","P","0",0,0,0,"000000000","00000000000",0,0,0,1,0,0,0,0,0,0,0,45,0,0,0,12,4,3,9,0,0,0,1,12,33414,6,1,0,0,3,0,65,999,0,0,0,0,0,0,0,0,0,0,0,0,0,0,1,4,40,1,1,8,1,0,0,1,80,99,1,1,13,"777777777777","777777777777","777777777777",0,0
12,122106,1,2,1,17,9,13,39,12,6,1,0,12,1,35,47,35047,4,1994,"1N4BU31D1RC2","1","N","4","B","U","3","1","D","1","R","C","2",0,0,0,"000000000","00000000000",0,0,0,1,0,0,0,0,0,0,0,10,0,0,0,5,6,2,12,0,0,0,1,12,33612,6,1,0,0,3,0,63,999,0,1,0,0,3,12,2011,11,2013,0,38,0,0,0,2,3,40,1,1,8,1,0,0,11,15,99,1,1,68,"777777777777","777777777777","777777777777",0,0
12,122106,2,2,1,17,9,13,39,12,6,1,0,12,2,53,705,53705,80,2004,"JS1GN7CA3421","J","S","1","G","N","7","C","A","3","4","2","1",0,0,0,"000000000","00000000000",0,0,0,1,0,0,0,0,0,0,0,0,0,0,0,12,6,2,12,0,0,0,1,12,33610,0,0,0,0,0,0,69,999,0,0,0,0,0,0,0,0,0,3,0,0,0,0,2,3,40,1,1,8,1,0,0,1,62,99,1,1,69,"777777777777","777777777777","777777777777",1,0
12,122107,1,2,1,18,9,0,25,12,1,1,0,12,1,35,472,35472,30,2003,"1N6ED29X53C4","1","N","6","E","D","2","9","X","5","3","C","4",0,0,0,"000000000","00000000000",0,0,0,1,0,0,0,0,0,0,0,0,0,0,0,6,6,2,12,0,0,0,1,12,32210,6,1,0,0,3,3,71,999,0,1,0,0,0,3,2014,3,2014,0,0,0,0,0,3,2,65,1,5,8,1,0,0,5,53,1,1,1,21,"777777777777","777777777777","777777777777",1,1
12,122107,2,2,1,18,9,0,25,12,1,1,0,12,1,12,481,12481,31,2014,"1FTCF15F7ENA","1","F","T","C","F","1","5","F","7","E","N","A",0,0,0,"000000000","00000000000",0,0,0,1,0,0,0,0,0,0,0,65,0,0,0,12,6,2,12,0,0,0,1,12,32233,6,1,0,0,3,3,72,999,0,0,0,0,0,0,0,0,0,0,0,0,0,0,3,2,65,1,5,8,1,0,0,1,50,99,1,1,20,"777777777777","777777777777","777777777777",0,0
12,122108,1,1,1,29,9,2,50,8,0,1,0,12,1,20,2,20002,4,2012,"2G1WG5E39C12","2","G","1","W","G","5","E","3","9","C","1","2",0,0,0,"000000000","00000000000",0,0,0,1,0,0,0,0,0,0,0,45,0,0,0,12,6,2,8,0,0,0,1,12,32609,6,1,6,0,3,0,70,999,0,2,0,0,0,5,2014,10,2014,0,0,0,0,0,3,2,55,1,1,8,1,0,0,1,80,99,1,1,13,"777777777777","777777777777","777777777777",0,0
12,122109,1,2,1,28,9,10,40,12,2,1,0,13,4,63,37,63037,6,2016,"KNDJP3A52G72","K","N","D","J","P","3","A","5","2","G","7","2",0,0,0,"000000000","00000000000",0,0,0,1,0,0,0,0,0,0,0,55,0,0,0,12,6,2,12,0,0,0,1,12,32503,6,1,0,0,3,0,68,999,1,0,0,2,2,8,2012,9,2016,0,35,0,0,0,1,2,55,1,1,8,1,0,0,6,10,99,1,2,50,"777777777777","777777777777","777777777777",0,0
12,122109,2,2,4,28,9,10,40,12,2,1,0,12,2,41,403,41403,14,2014,"JM3KE2CY1E03","J","M","3","K","E","2","C","Y","1","E","0","3",0,0,0,"000000000","00000000000",0,0,0,1,0,0,0,0,0,0,0,55,0,1,5,12,6,2,12,0,0,0,1,12,32526,6,1,0,0,3,3,66,999,0,0,0,0,0,0,0,0,0,0,0,0,0,0,1,2,55,1,1,8,1,0,0,1,62,99,1,1,51,"777777777777","777777777777","777777777777",1,0
12,122110,1,1,1,18,9,21,20,8,0,1,0,12,1,37,32,37032,2,2011,"1HGCS1B81BA0","1","H","G","C","S","1","B","8","1","B","A","0",0,0,0,"000000000","00000000000",0,0,0,1,0,0,0,0,0,0,0,40,0,0,0,12,4,5,8,0,0,0,1,12,32837,6,1,0,0,3,0,71,999,0,0,0,0,0,0,0,0,0,0,0,0,0,0,2,3,40,1,1,8,1,0,0,1,80,1,1,1,13,"777777777777","777777777777","777777777777",0,0
12,122111,1,1,1,30,9,2,29,33,0,1,0,12,2,49,40,49040,4,1994,"4T1SK12E5RU4","4","T","1","S","K","1","2","E","5","R","U","4",0,0,0,"000000000","00000000000",0,0,0,1,0,0,0,0,0,0,0,30,0,0,0,12,6,2,42,0,0,0,1,12,32606,4,1,0,0,2,0,72,999,0,0,0,0,0,0,0,0,0,0,51,0,0,0,2,2,45,1,1,8,1,0,0,1,12,99,1,4,6,"777777777777","777777777777","777777777777",1,1
12,122112,1,1,1,1,10,5,15,8,0,1,0,12,1,35,472,35472,30,2012,"1N6AD0FR5CC4","1","N","6","A","D","0","F","R","5","C","C","4",0,0,0,"000000000","00000000000",0,0,0,1,0,0,0,0,0,0,0,40,0,0,0,12,2,5,8,0,0,0,1,12,32211,6,1,0,0,3,0,75,999,2,2,0,2,2,7,2015,5,2016,0,0,0,0,0,1,2,45,1,1,8,1,0,0,1,80,99,1,1,13,"777777777777","777777777777","777777777777",0,0
12,122113,1,1,1,30,9,19,42,8,0,1,0,12,1,37,402,37402,14,2002,"JHLRD68432C0","J","H","L","R","D","6","8","4","3","2","C","0",0,0,0,"000000000","00000000000",0,0,0,1,0,0,0,0,0,0,0,49,0,0,0,12,6,2,8,0,0,0,1,12,32547,6,1,0,0,3,3,63,999,1,0,0,0,2,4,2012,11,2015,0,0,0,0,0,2,2,40,1,1,8,1,0,0,1,80,16,1,1,13,"777777777777","777777777777","777777777777",0,0
12,122114,1,1,2,21,9,3,30,30,0,1,0,12,2,58,37,58037,4,2008,"JNKBV61E48M2","J","N","K","B","V","6","1","E","4","8","M","2",0,0,0,"000000000","00000000000",0,0,0,1,0,0,0,0,0,0,0,80,0,0,0,7,6,2,42,0,0,1,1,12,33040,0,0,0,0,0,0,999,999,0,0,0,0,0,0,0,0,0,4,6,0,0,0,2,2,35,2,1,8,1,0,0,14,12,99,1,4,6,"777777777777","777777777777","777777777777",1,0
12,122115,1,1,1,29,9,13,28,14,0,1,0,12,2,76,701,76701,81,2005,"LPRSA20A75A6","L","P","R","S","A","2","0","A","7","5","A","6",0,0,0,"000000000","00000000000",0,0,0,1,0,0,0,0,0,0,0,15,0,0,0,12,4,3,14,0,0,0,1,12,33040,6,1,0,0,3,3,66,999,0,1,0,0,0,9,2015,9,2015,0,0,0,0,0,3,2,30,1,1,8,1,0,0,1,13,99,1,4,1,"777777777777","777777777777","777777777777",1,0
12,122116,1,1,1,4,10,6,50,8,0,1,0,12,1,12,473,12473,30,2005,"1FMZU67K95UB","1","F","M","Z","U","6","7","K","9","5","U","B",0,0,0,"000000000","00000000000",0,0,0,1,0,0,0,0,0,0,0,45,0,0,0,12,4,3,8,0,0,0,1,12,34208,6,1,0,0,3,0,64,999,0,0,0,0,0,0,0,0,0,0,0,0,0,0,3,3,50,1,1,8,1,3,3,1,80,99,1,1,13,"777777777777","777777777777","777777777777",0,0
12,122117,1,2,1,1,10,11,38,12,6,1,0,12,1,49,49,49049,6,2008,"JTLKE50E2810","J","T","L","K","E","5","0","E","2","8","1","0",0,0,0,"000000000","00000000000",0,0,0,1,0,0,0,0,0,0,0,5,0,0,0,3,6,2,12,0,0,0,1,12,32086,6,1,0,0,3,0,64,999,0,0,0,0,0,0,0,0,0,0,38,0,0,0,3,2,55,1,1,8,1,3,3,11,15,99,1,2,68,"777777777777","777777777777","777777777777",0,0
12,122117,2,2,1,1,10,11,38,12,6,1,0,12,1,72,706,72706,80,2003,"1HD1GHV123K3","1","H","D","1","G","H","V","1","2","3","K","3",0,0,0,"000000000","00000000000",0,0,0,1,0,0,0,0,0,0,0,50,0,0,0,12,6,2,12,0,0,0,1,12,32086,6,1,6,0,3,0,66,999,0,0,0,0,0,0,0,0,0,0,0,0,0,0,3,2,55,1,1,8,1,3,3,1,62,99,1,1,69,"777777777777","777777777777","777777777777",1,0
12,122118,1,1,1,18,9,22,29,8,0,1,0,12,1,7,472,7472,31,2004,"1D7HL48N04S7","1","D","7","H","L","4","8","N","0","4","S","7",0,0,0,"000000000","00000000000",0,0,0,1,0,0,0,0,0,0,0,45,0,0,0,12,4,3,8,0,0,0,1,12,34667,6,1,0,0,3,3,61,999,0,0,0,0,0,0,0,0,0,0,0,0,0,0,3,4,45,1,1,8,1,0,0,1,80,99,1,1,13,"777777777777","777777777777","777777777777",0,0
12,122119,1,2,2,29,9,17,30,12,6,1,0,12,1,20,473,20473,30,2007,"1GCDT14E0781","1","G","C","D","T","1","4","E","0","7","8","1",0,0,0,"000000000","00000000000",0,0,0,1,0,0,0,0,0,0,0,15,0,1,5,8,6,2,12,0,0,0,1,12,32565,6,1,0,0,3,0,67,999,0,0,0,0,0,0,0,0,0,0,38,0,0,0,1,2,55,1,1,8,1,0,0,11,15,99,1,1,72,"777777777777","777777777777","777777777777",1,0
12,122119,2,2,1,29,9,17,30,12,6,1,0,12,1,7,482,7482,31,2007,"3D7KS29A87G7","3","D","7","K","S","2","9","A","8","7","G","7",0,0,0,"000000000","00000000000",0,0,0,1,0,0,0,0,0,0,0,70,0,0,0,12,6,2,12,0,0,0,1,12,32565,6,1,0,0,3,3,67,999,0,0,0,0,0,0,0,0,0,0,0,0,0,0,1,2,55,1,1,8,1,0,0,6,60,99,1,2,73,"777777777777","777777777777","777777777777",0,0
12,122120,1,1,1,14,8,1,36,38,0,1,0,12,2,12,481,12481,31,2004,"1FTPW125X4FA","1","F","T","P","W","1","2","5","X","4","F","A",0,0,0,"000000000","00000000000",0,0,0,1,0,0,0,0,0,0,0,83,0,0,0,12,6,2,38,0,0,0,1,12,34431,0,0,0,0,0,0,999,999,0,0,0,0,0,0,0,0,0,0,6,0,0,0,1,2,45,3,6,8,1,0,0,14,13,6,1,4,1,"777777777777","777777777777","777777777777",1,1
12,122121,1,1,1,24,9,9,0,59,0,1,0,12,1,52,40,52040,4,2002,"6MMAP67P52T0","6","M","M","A","P","6","7","P","5","2","T","0",0,0,0,"000000000","00000000000",0,0,0,1,0,0,0,0,0,0,0,41,0,1,5,12,6,2,1,0,0,0,1,12,32092,6,1,0,0,3,0,67,999,1,0,0,0,0,8,2016,8,2016,0,6,0,0,0,1,2,35,2,1,8,1,20,3,14,14,99,1,4,14,"777777777777","777777777777","777777777777",1,1
12,122122,1,1,1,2,10,4,24,8,0,1,0,12,2,34,35,34035,4,2005,"WBANA73505B0","W","B","A","N","A","7","3","5","0","5","B","0",0,0,0,"000000000","00000000000",0,0,0,1,0,0,0,0,0,0,0,40,0,0,0,3,2,3,8,0,0,0,1,12,33756,6,1,0,0,3,0,77,999,0,0,0,0,1,9,2016,9,2016,0,0,0,0,0,2,6,45,1,1,8,1,0,0,1,80,99,1,1,13,"777777777777","777777777777","777777777777",0,0
12,122123,1,1,1,30,9,5,56,8,0,1,0,12,1,20,25,20025,4,2016,"1G1PC5SH5G71","1","G","1","P","C","5","S","H","5","G","7","1",0,0,0,"000000000","00000000000",0,0,0,1,0,0,0,0,0,0,0,70,0,0,0,12,6,2,8,0,0,0,1,12,34986,6,1,0,0,3,0,76,999,0,0,0,0,0,0,0,0,0,0,0,0,0,0,3,3,70,1,1,8,1,0,0,1,80,99,1,1,13,"777777777777","777777777777","777777777777",0,0
12,122124,1,1,2,4,10,11,0,1,0,1,0,24,1,72,706,72706,80,2001,"1HD1FSW161Y6","1","H","D","1","F","S","W","1","6","1","Y","6",0,0,0,"000000000","00000000000",0,0,0,1,0,0,0,0,0,0,0,45,0,0,0,0,4,3,1,0,0,0,1,24,20732,6,1,0,0,3,0,70,999,0,0,0,1,0,10,2015,10,2015,0,0,0,0,0,2,2,45,1,1,8,7,0,0,1,98,99,1,1,98,"777777777777","777777777777","777777777777",1,0
12,122125,1,2,2,3,10,13,48,12,2,1,0,37,2,24,1,24001,4,2000,"1G8ZH5288YZ1","1","G","8","Z","H","5","2","8","8","Y","Z","1",0,0,0,"000000000","00000000000",0,0,0,1,0,0,0,0,0,0,0,998,0,0,0,12,6,2,12,0,0,0,1,12,32209,0,0,0,0,0,0,999,999,0,0,0,0,0,0,0,0,0,0,28,0,0,0,5,5,40,1,1,2,1,0,0,1,10,99,1,2,50,"777777777777","777777777777","777777777777",1,0
12,122125,2,2,1,3,10,13,48,12,2,1,0,12,1,41,402,41402,14,2004,"4F2CZ06164KM","4","F","2","C","Z","0","6","1","6","4","K","M",0,0,0,"000000000","00000000000",0,0,0,1,0,0,0,0,0,0,0,998,0,0,0,12,6,2,12,0,0,0,1,12,32208,6,1,0,0,3,3,62,999,0,1,0,0,0,1,2014,1,2014,0,0,0,0,0,5,5,40,1,1,2,1,0,0,1,62,16,1,1,51,"777777777777","777777777777","777777777777",0,0
12,122126,1,1,1,24,9,6,28,8,0,1,0,12,2,30,40,30040,4,2008,"3VWJM71K18M0","3","V","W","J","M","7","1","K","1","8","M","0",0,0,0,"000000000","00000000000",0,0,0,1,0,0,0,0,0,0,0,45,0,0,0,12,4,3,8,0,0,0,1,12,33325,6,1,0,0,3,0,67,999,0,0,0,0,0,0,0,0,0,0,6,0,0,0,3,4,45,1,1,8,1,0,0,1,80,99,1,1,13,"777777777777","777777777777","777777777777",0,0
12,122127,1,1,1,23,9,22,45,1,0,1,0,12,3,82,881,82881,66,2013,"3AKJGBDV0DSF","3","A","K","J","G","B","D","V","0","D","S","F",1,1,12,"834091","12834091",3,6,97,2,2,1203,3,2,0,0,0,70,0,2,1,0,6,2,1,0,0,0,1,12,33594,6,1,6,3,3,3,67,999,0,0,0,0,1,7,2016,7,2016,0,58,0,0,0,3,2,70,1,6,8,1,0,0,1,98,7,1,2,98,"5htab442867h","777777777777","777777777777",1,0