"STATE","ST_CASE","VEH_NO","VE_FORMS","NUMOCCS","DAY","MONTH","HOUR","MINUTE","HARM_EV","MAN_COLL","UNITTYPE","HIT_RUN","REG_STAT","OWNER","MAKE","MODEL","MAK_MOD","BODY_TYP","MOD_YEAR","VIN","VIN_1","VIN_2","VIN_3","VIN_4","VIN_5","VIN_6","VIN_7","VIN_8","VIN_9","VIN_10","VIN_11","VIN_12","TOW_VEH","J_KNIFE","MCARR_I1","MCARR_I2","MCARR_ID","GVWR","V_CONFIG","CARGO_BT","HAZ_INV","HAZ_PLAC","HAZ_ID","HAZ_CNO","HAZ_REL","BUS_USE","SPEC_USE","EMER_USE","TRAV_SP","UNDERIDE","ROLLOVER","ROLINLOC","IMPACT1","DEFORMED","TOWED","M_HARM","VEH_SC1","VEH_SC2","FIRE_EXP","DR_PRES","L_STATE","DR_ZIP","L_STATUS","L_TYPE","CDL_STAT","L_ENDORS","L_COMPL","L_RESTRI","DR_HGT","DR_WGT","PREV_ACC","PREV_SUS","PREV_DWI","PREV_SPD","PREV_OTH","FIRST_MO","FIRST_YR","LAST_MO","LAST_YR","SPEEDREL","DR_SF1","DR_SF2","DR_SF3","DR_SF4","VTRAFWAY","VNUM_LAN","VSPD_LIM","VALIGN","VPROFILE","VPAVETYP","VSURCOND","VTRAFCON","VTCONT_F","P_CRASH1","P_CRASH2","P_CRASH3","PCRASH4","PCRASH5","ACC_TYPE","TRLR1VIN","TRLR2VIN","TRLR3VIN","DEATHS","DR_DRINK"
12,122277,1,2,4,17,10,17,30,12,6,1,0,12,1,12,481,12481,31,2006,"1FTRX14W96KB","1","F","T","R","X","1","4","W","9","6","K","B",0,0,0,"000000000","00000000000",0,0,0,1,0,0,0,0,0,0,0,5,0,0,0,5,4,5,12,0,0,0,1,12,33513,6,1,0,0,3,0,67,999,0,0,0,0,3,1,2014,9,2016,0,38,0,0,0,3,4,50,3,6,8,1,3,3,14,98,99,1,1,98,"777777777777","777777777777","777777777777",0,0
12,122277,2,2,2,17,10,17,30,12,6,1,0,12,1,76,706,76706,80,2008,"JYAVP11E28A1","J","Y","A","V","P","1","1","E","2","8","A","1",0,0,0,"000000000","00000000000",0,0,0,1,0,0,0,0,0,0,0,50,0,0,0,12,6,2,12,0,0,0,1,12,34461,6,1,0,0,3,3,72,999,0,0,0,0,0,0,0,0,0,0,0,0,0,0,3,4,50,2,5,8,1,3,3,14,61,99,1,1,98,"777777777777","777777777777","777777777777",1,0
12,122278,1,2,1,14,10,14,44,33,0,1,0,12,2,7,482,7482,31,2007,"1D7KS28A27J6","1","D","7","K","S","2","8","A","2","7","J","6",0,0,0,"000000000","00000000000",0,0,0,1,0,0,0,0,0,0,0,20,0,0,0,7,0,5,54,0,0,0,1,12,34221,6,1,0,0,3,0,66,999,0,1,0,0,0,5,2014,5,2014,0,28,0,0,0,3,4,40,1,1,8,1,0,0,15,10,99,1,2,98,"777777777777","777777777777","777777777777",0,0
12,122278,2,2,1,14,10,14,44,33,0,1,0,12,1,73,705,73705,80,2000,"JKAENVC14YA1","J","K","A","E","N","V","C","1","4","Y","A","1",0,0,0,"000000000","00000000000",0,0,0,1,0,0,0,0,0,0,0,25,0,0,0,12,6,2,54,0,0,0,1,12,34210,6,1,0,0,2,0,72,999,0,0,0,1,0,9,2014,9,2014,0,0,0,0,0,3,4,40,1,1,8,1,0,0,1,61,6,1,4,98,"777777777777","777777777777","777777777777",1,0
12,122279,1,2,1,23,10,19,47,8,0,1,0,12,2,12,37,12037,4,2014,"1FADP3F26EL2","1","F","A","D","P","3","F","2","6","E","L","2",0,0,0,"000000000","00000000000",0,0,0,1,0,0,0,0,0,0,0,30,0,0,0,12,4,3,8,0,0,0,1,12,34972,6,1,0,0,3,3,67,999,0,0,0,0,0,0,0,0,0,0,0,0,0,0,3,6,45,1,1,8,1,0,0,1,80,99,1,1,13,"777777777777","777777777777","777777777777",0,0
12,122279,2,2,3,23,10,19,47,8,0,1,0,12,2,55,41,55041,4,2015,"KMHGN4JE5FU0","K","M","H","G","N","4","J","E","5","F","U","0",0,0,0,"000000000","00000000000",0,0,0,1,0,0,0,0,0,0,0,40,0,0,0,12,4,3,8,0,0,0,1,12,32789,6,1,0,0,3,3,68,999,0,0,0,0,0,0,0,0,0,0,0,0,0,0,3,6,45,1,1,8,1,0,0,1,80,99,1,1,98,"777777777777","777777777777","777777777777",0,0
12,122280,1,1,1,18,10,21,50,8,0,1,0,12,2,12,471,12471,30,1994,"1FTCR10UXRUC","1","F","T","C","R","1","0","U","X","R","U","C",0,0,0,"000000000","00000000000",0,0,0,1,0,0,0,0,0,0,0,30,0,0,0,12,4,3,8,0,0,0,1,12,34472,6,1,0,0,3,0,65,999,0,0,0,0,0,0,0,0,0,0,0,0,0,0,1,2,30,3,1,8,1,0,0,14,80,1,1,1,13,"777777777777","777777777777","777777777777",0,0
12,122281,1,1,2,20,10,0,42,1,0,1,0,48,9,12,471,12471,30,1996,"1FTCR10A1TPA","1","F","T","C","R","1","0","A","1","T","P","A",0,0,0,"000000000","00000000000",0,0,0,1,0,0,0,0,0,0,0,70,0,1,6,0,6,2,1,0,0,0,1,99,99999,9,9,99,9,9,9,999,999,99,99,99,99,99,99,9999,99,9999,0,0,0,0,0,3,2,70,1,1,8,1,0,0,1,13,99,1,4,1,"777777777777","777777777777","777777777777",1,0
12,122282,1,2,1,21,10,5,35,12,6,1,0,12,1,35,47,35047,4,2002,"1N4BL11D12C1","1","N","4","B","L","1","1","D","1","2","C","1",0,0,0,"000000000","00000000000",0,0,0,1,0,0,0,0,0,0,0,0,0,0,0,9,6,2,12,0,0,0,1,12,34956,6,1,0,0,3,0,68,999,0,1,0,1,0,3,2016,3,2016,0,0,0,0,0,1,2,55,1,1,8,1,0,0,5,53,1,1,1,48,"777777777777","777777777777","777777777777",0,0
12,122282,2,2,2,21,10,5,35,12,6,1,0,12,1,49,442,49442,20,2011,"5TDYK3DCXBS1","5","T","D","Y","K","3","D","C","X","B","S","1",0,0,0,"000000000","00000000000",0,0,0,1,0,0,0,0,0,0,0,55,0,0,0,12,6,2,12,0,0,0,1,12,34956,6,1,0,0,3,3,65,999,0,0,0,0,0,0,0,0,0,0,0,0,0,0,1,2,55,1,1,8,1,0,0,1,50,99,1,1,48,"777777777777","777777777777","777777777777",1,0
12,122283,1,4,1,11,9,18,49,12,1,1,0,12,2,37,402,37402,14,2003,"SHSRD78853U1","S","H","S","R","D","7","8","8","5","3","U","1",0,0,0,"000000000","00000000000",0,0,0,1,0,0,0,0,0,0,0,50,0,0,0,12,6,2,12,0,0,0,1,12,33763,6,1,0,0,3,3,65,999,1,0,0,0,0,12,2015,12,2015,0,6,0,0,0,3,2,45,1,1,8,1,3,3,1,50,1,1,1,20,"777777777777","777777777777","777777777777",0,0
12,122283,2,4,7,11,9,18,49,12,1,1,0,12,2,37,441,37441,20,2007,"5FNRL38607B4","5","F","N","R","L","3","8","6","0","7","B","4",0,0,0,"000000000","00000000000",0,0,0,1,0,0,0,0,0,0,0,0,0,0,0,6,6,2,12,0,0,0,1,12,33596,6,1,0,0,3,0,73,999,0,0,0,0,0,0,0,0,0,0,0,0,0,0,3,2,45,1,1,8,1,3,3,5,53,1,1,1,21,"777777777777","777777777777","777777777777",1,0
12,122283,3,4,1,11,9,18,49,12,1,1,0,12,1,35,47,35047,4,2013,"1N4AL3AP3DC2","1","N","4","A","L","3","A","P","3","D","C","2",0,0,0,"000000000","00000000000",0,0,0,1,0,0,0,0,0,0,0,0,0,0,0,6,6,2,12,0,0,0,1,12,33619,6,1,0,0,3,3,69,999,0,0,0,0,0,0,0,0,0,0,0,0,0,0,3,2,45,1,1,8,1,3,3,5,53,1,1,1,98,"777777777777","777777777777","777777777777",0,0
12,122283,4,4,2,11,9,18,49,12,1,1,0,12,2,18,2,18002,1,1975,"4P67T5X13545","4","P","6","7","T","5","X","1","3","5","4","5",0,0,0,"000000000","00000000000",0,0,0,1,0,0,0,0,0,0,0,0,0,0,0,6,4,5,12,0,0,0,1,12,33612,6,1,6,0,3,0,66,999,0,0,0,0,0,0,0,0,0,0,0,0,0,0,3,2,45,1,1,8,1,3,3,5,53,1,1,1,98,"777777777777","777777777777","777777777777",0,0
12,122284,1,1,1,5,10,6,50,8,0,1,0,12,2,12,37,12037,4,2001,"1FAFP34311W2","1","F","A","F","P","3","4","3","1","1","W","2",0,0,0,"000000000","00000000000",0,0,0,1,0,0,0,0,0,0,0,55,0,0,0,12,6,2,8,0,0,0,1,12,32112,6,1,0,0,3,0,66,999,0,0,0,0,0,0,0,0,0,0,0,0,0,0,2,2,55,1,1,8,1,0,0,1,80,1,1,1,13,"777777777777","777777777777","777777777777",0,0
12,122285,1,2,1,18,10,13,0,12,6,1,0,12,2,85,881,85881,63,1990,"1XKDDB9X5LS5","1","X","K","D","D","B","9","X","5","L","S","5",0,0,12,"2821058","122821058",3,2,4,1,0,0,0,0,0,0,0,50,0,0,0,12,6,2,12,0,0,1,1,12,34116,6,1,6,0,3,0,72,999,0,0,0,0,0,0,0,0,0,0,39,0,0,0,2,3,50,1,1,8,1,3,3,1,17,99,1,1,83,"777777777777","777777777777","777777777777",0,0
12,122285,2,2,1,18,10,13,0,12,6,1,0,12,2,55,33,55033,4,2011,"5NPEC4AC8BH0","5","N","P","E","C","4","A","C","8","B","H","0",0,0,0,"000000000","00000000000",0,0,0,1,0,0,0,0,0,0,0,20,0,0,0,9,6,2,12,0,0,1,1,12,34114,6,1,0,0,3,0,66,999,0,0,0,0,0,0,0,0,0,0,0,0,0,0,2,2,25,1,1,8,1,3,3,11,15,99,1,1,82,"777777777777","777777777777","777777777777",1,0
12,122286,1,2,1,14,10,7,23,12,6,1,0,12,3,90,981,90981,50,2009,"1BAKGCPA39F2","1","B","A","K","G","C","P","A","3","9","F","2",0,0,77,"777777777","77777777777",3,21,22,1,0,0,0,0,1,2,0,10,0,0,0,3,4,5,12,0,0,0,1,12,32773,6,1,6,3,3,3,67,999,1,0,0,0,1,7,2014,12,2014,0,38,0,0,0,1,3,25,1,1,8,1,20,3,1,17,1,1,1,87,"777777777777","777777777777","777777777777",0,0
12,122286,2,2,1,14,10,7,23,12,6,1,0,12,1,72,706,72706,80,2001,"1HD1CAP171K1","1","H","D","1","C","A","P","1","7","1","K","1",0,0,0,"000000000","00000000000",0,0,0,1,0,0,0,0,0,0,0,45,0,0,0,12,6,2,12,0,0,0,1,12,32771,6,1,0,0,3,3,67,999,0,0,0,0,0,0,0,0,0,0,0,0,0,0,3,3,45,1,1,8,1,0,0,1,66,99,1,1,86,"777777777777","777777777777","777777777777",1,0
12,122287,1,1,1,9,10,4,31,33,0,1,0,12,1,72,706,72706,80,2012,"1HD1MAM16CB8","1","H","D","1","M","A","M","1","6","C","B","8",0,0,0,"000000000","00000000000",0,0,0,1,0,0,0,0,0,0,0,40,0,0,0,98,4,3,33,0,0,0,1,12,34684,6,1,0,0,3,0,69,999,0,0,0,0,0,0,0,0,0,4,6,0,0,0,2,6,55,1,1,8,1,3,3,10,12,99,1,4,6,"777777777777","777777777777","777777777777",1,1
12,122288,1,2,1,11,10,11,39,12,2,1,0,12,1,2,403,2403,14,2006,"1J4FA39SX6P7","1","J","4","F","A","3","9","S","X","6","P","7",0,0,0,"000000000","00000000000",0,0,0,1,0,0,0,0,0,0,0,50,0,0,0,12,6,2,12,0,0,0,1,12,33042,6,1,0,0,3,0,68,999,0,0,0,0,0,0,0,0,0,0,6,0,0,0,1,2,25,1,1,8,1,0,0,1,50,99,1,1,52,"777777777777","777777777777","777777777777",1,0
12,122288,2,2,1,11,10,11,39,12,2,1,0,12,1,19,421,19421,15,2015,"1GYS4TKJ7FR5","1","G","Y","S","4","T","K","J","7","F","R","5",0,0,0,"000000000","00000000000",0,0,0,1,0,0,0,0,0,0,0,0,0,0,0,12,6,2,12,0,0,0,1,12,33040,6,1,0,0,3,3,70,999,0,0,0,0,0,0,0,0,0,0,0,0,0,0,1,2,25,1,1,8,1,0,0,5,54,7,1,1,52,"777777777777","777777777777","777777777777",0,0
12,122289,1,1,2,22,10,19,36,8,0,1,0,12,1,20,461,20461,21,1999,"1GCFG15M8X11","1","G","C","F","G","1","5","M","8","X","1","1",0,0,0,"000000000","00000000000",0,0,0,1,0,0,0,0,0,0,0,1,0,0,0,12,6,2,8,0,0,0,1,12,33306,6,1,0,0,3,0,69,999,0,0,0,1,0,3,2016,3,2016,0,0,0,0,0,5,3,98,1,1,8,1,0,0,1,80,1,1,1,13,"777777777777","777777777777","777777777777",0,0
12,122290,1,1,2,22,10,19,6,8,0,1,0,12,2,34,35,34035,4,2008,"WBANU53528CT","W","B","A","N","U","5","3","5","2","8","C","T",0,0,0,"000000000","00000000000",0,0,0,1,0,0,0,0,0,0,0,30,0,0,0,12,4,5,8,0,0,0,1,12,32927,6,1,0,0,3,0,72,999,0,0,0,0,0,0,0,0,0,0,0,0,0,0,1,2,35,1,1,8,1,0,0,1,80,99,1,1,13,"777777777777","777777777777","777777777777",0,0
12,122291,1,2,1,23,8,6,2,12,6,1,0,13,3,12,481,12481,31,2007,"1FTPX14V97KC","1","F","T","P","X","1","4","V","9","7","K","C",0,0,0,"000000000","00000000000",0,0,0,1,0,0,0,0,0,0,0,45,0,0,0,12,6,2,12,0,0,0,1,12,32310,6,1,6,0,3,0,67,999,0,0,0,0,1,7,2014,7,2014,0,6,38,0,0,1,2,45,1,1,8,1,0,0,11,15,99,1,1,68,"777777777777","777777777777","777777777777",0,0
12,122291,2,2,1,23,8,6,2,12,6,1,0,12,2,59,31,59031,4,2003,"JTHBF30G8360","J","T","H","B","F","3","0","G","8","3","6","0",0,0,0,"000000000","00000000000",0,0,0,1,0,0,0,0,0,0,0,45,0,0,0,11,6,2,12,0,0,0,1,12,32444,1,1,1,0,2,0,69,999,0,3,0,1,0,7,2015,8,2016,0,0,0,0,0,1,2,45,1,1,8,1,0,0,1,62,99,1,1,69,"777777777777","777777777777","777777777777",1,0
12,122292,1,2,5,13,10,19,50,12,6,1,0,12,1,20,37,20037,4,2004,"1G1ZU54894F1","1","G","1","Z","U","5","4","8","9","4","F","1",0,0,0,"000000000","00000000000",0,0,0,1,0,0,0,0,0,0,0,20,0,0,0,1,6,2,12,0,0,0,1,12,33311,6,1,6,0,3,0,69,999,0,0,0,2,0,12,2013,1,2016,0,0,0,0,0,5,4,35,1,1,8,1,0,0,11,15,99,1,1,68,"777777777777","777777777777","777777777777",0,0
12,122292,2,2,1,13,10,19,50,12,6,1,0,98,1,76,703,76703,83,1997,"JYA4XLW09VA0","J","Y","A","4","X","L","W","0","9","V","A","0",0,0,0,"000000000","00000000000",0,0,0,1,0,0,0,0,0,0,0,30,0,0,0,12,6,2,12,0,0,0,1,12,33068,6,1,0,0,2,0,68,999,0,5,0,0,0,7,2015,10,2015,0,0,0,0,0,5,4,35,1,1,8,1,0,0,1,62,99,1,1,69,"777777777777","777777777777","777777777777",1,0
12,122293,1,1,2,25,10,3,24,8,0,1,0,12,2,41,51,41051,4,2014,"3MZBM1W77EM1","3","M","Z","B","M","1","W","7","7","E","M","1",0,0,0,"000000000","00000000000",0,0,0,1,0,0,0,0,0,0,0,30,0,0,0,12,4,5,8,0,0,0,1,12,32601,6,1,0,0,3,3,75,999,0,0,0,2,1,7,2012,12,2015,0,0,0,0,0,1,5,30,1,1,8,1,3,3,1,80,99,1,1,13,"777777777777","777777777777","777777777777",0,0
12,122294,1,2,2,22,10,1,12,12,6,1,0,12,1,20,25,20025,4,2012,"1G1PF5SC9C73","1","G","1","P","F","5","S","C","9","C","7","3",0,0,0,"000000000","00000000000",0,0,0,1,0,0,0,0,0,1,0,20,0,0,0,9,6,2,12,0,0,0,1,12,33712,6,1,0,0,3,3,72,999,1,0,0,0,1,7,2015,8,2015,0,0,0,0,0,5,4,35,1,1,8,1,0,0,12,98,99,1,1,98,"777777777777","777777777777","777777777777",1,0
12,122294,2,2,2,22,10,1,12,12,6,1,0,12,1,12,3,12003,2,2015,"1FA6P8CF7F54","1","F","A","6","P","8","C","F","7","F","5","4",0,0,0,"000000000","00000000000",0,0,0,1,0,0,0,0,0,0,0,71,0,0,0,12,6,2,12,0,0,0,1,24,21201,6,1,0,0,3,0,77,999,0,0,0,0,0,0,0,0,0,0,0,0,0,0,1,4,35,1,1,8,1,0,0,1,71,99,1,1,98,"777777777777","777777777777","777777777777",0,0
12,122295,1,3,1,25,10,17,20,12,1,1,0,12,1,20,481,20481,31,2002,"2GCEC19V4212","2","G","C","E","C","1","9","V","4","2","1","2",0,0,0,"000000000","00000000000",0,0,0,1,0,0,0,0,0,0,0,60,0,0,0,12,4,3,12,0,0,0,1,12,32060,6,1,0,0,3,3,69,999,0,0,0,0,0,0,0,0,0,0,6,0,0,0,1,2,60,1,3,8,1,0,0,1,51,99,1,1,24,"777777777777","777777777777","777777777777",0,0
12,122295,2,3,1,25,10,17,20,12,1,1,0,12,1,37,39,37039,5,2008,"JHMGD38448S0","J","H","M","G","D","3","8","4","4","8","S","0",0,0,0,"000000000","00000000000",0,0,0,1,0,0,0,0,0,0,0,5,0,0,0,6,6,2,12,0,0,0,1,12,32060,6,1,0,0,3,3,71,999,0,0,0,0,0,0,0,0,0,0,0,0,0,0,1,2,60,1,3,8,1,0,0,11,53,99,1,1,26,"777777777777","777777777777","777777777777",1,0
12,122295,3,3,4,25,10,17,20,12,1,1,0,12,2,63,38,63038,4,2016,"KNAFK4A67G55","K","N","A","F","K","4","A","6","7","G","5","5",0,0,0,"000000000","00000000000",0,0,0,1,0,0,0,0,0,0,0,60,0,0,0,12,6,2,12,0,0,0,1,12,32038,6,1,0,0,3,0,58,999,0,0,0,0,1,6,2014,6,2014,0,0,0,0,0,1,2,60,1,3,8,1,0,0,1,62,99,1,1,98,"777777777777","777777777777","777777777777",0,0
12,122296,1,3,1,10,10,15,45,12,6,1,0,12,3,85,881,85881,64,1990,"1XKAD29X2LS5","1","X","K","A","D","2","9","X","2","L","S","5",0,0,12,"2367603","122367603",3,2,4,1,0,0,0,0,0,0,0,50,0,0,0,1,6,2,12,0,0,1,1,12,34116,6,1,6,0,3,0,71,999,0,2,0,0,1,7,2012,7,2016,0,6,0,0,0,1,2,55,1,1,8,1,0,0,1,10,16,1,2,64,"777777777777","777777777777","777777777777",1,0
12,122296,2,3,1,10,10,15,45,12,6,1,0,12,3,86,881,86881,63,2011,"1M2AX04C5BM0","1","M","2","A","X","0","4","C","5","B","M","0",0,0,77,"777777777","77777777777",3,2,4,1,0,0,0,0,0,0,0,55,0,1,5,12,6,2,12,0,0,1,1,12,33870,6,1,6,0,3,3,74,999,0,0,0,0,0,0,0,0,0,0,0,0,0,0,1,2,55,1,1,8,1,0,0,1,62,99,1,1,65,"777777777777","777777777777","777777777777",1,0
12,122296,3,3,3,10,10,15,45,12,6,1,0,12,3,20,481,20481,32,2015,"1GB3KYC8XFF6","1","G","B","3","K","Y","C","8","X","F","F","6",1,1,0,"000000000","00000000000",0,0,0,1,0,0,0,0,0,0,0,55,0,0,0,12,6,2,2,0,0,1,1,12,34266,6,1,0,0,3,0,68,999,0,0,0,0,0,0,0,0,0,0,0,0,0,0,1,2,55,1,1,8,1,0,0,1,51,16,1,1,98,"5L3EY3529BL0","777777777777","777777777777",0,0
12,122297,1,1,1,23,10,21,32,33,0,1,0,12,1,72,706,72706,80,2006,"1HD1GX1136K3","1","H","D","1","G","X","1","1","3","6","K","3",0,0,0,"000000000","00000000000",0,0,0,1,0,0,0,0,0,0,0,40,0,0,0,12,6,2,30,0,0,0,1,12,32141,6,1,0,0,3,0,67,999,0,0,0,0,1,8,2014,8,2014,0,6,0,0,0,2,3,30,2,5,8,1,3,3,14,12,99,1,4,6,"777777777777","777777777777","777777777777",1,1
12,122298,1,1,1,27,9,18,57,1,0,1,0,92,0,98,709,98709,80,2016,"L0FGAL1G4DAG","L","0","F","G","A","L","1","G","4","D","A","G",0,0,0,"000000000","00000000000",0,0,0,1,0,0,0,0,0,0,0,998,0,0,0,0,4,3,1,0,0,0,1,12,33809,6,1,0,0,3,0,71,999,0,0,0,0,0,0,0,0,0,0,0,0,0,0,3,2,55,1,1,8,1,0,0,1,98,99,1,1,98,"777777777777","777777777777","777777777777",1,0
12,122299,1,3,3,14,10,16,59,12,7,1,0,12,2,19,18,19018,4,2016,"1G6AR5SS3G01","1","G","6","A","R","5","S","S","3","G","0","1",0,0,0,"000000000","00000000000",0,0,0,1,0,0,0,0,0,0,0,70,0,0,0,11,6,2,12,0,0,0,1,12,32164,6,1,0,0,3,3,74,999,0,0,0,0,0,0,0,0,0,0,58,0,0,0,3,3,70,1,1,8,1,0,0,1,10,99,1,2,48,"777777777777","777777777777","777777777777",1,0
12,122299,2,3,1,14,10,16,59,12,7,1,0,12,1,55,33,55033,4,2015,"KMHEC4A46FA1","K","M","H","E","C","4","A","4","6","F","A","1",0,0,0,"000000000","00000000000",0,0,0,1,0,0,0,0,0,0,0,70,0,0,0,1,6,2,12,0,0,0,1,12,33177,1,1,0,0,2,3,65,999,1,1,0,0,0,5,2014,6,2016,0,0,0,0,0,3,3,70,1,1,8,1,0,0,1,61,99,1,1,48,"777777777777","777777777777","777777777777",0,0
12,122299,3,3,1,14,10,16,59,12,7,1,0,12,3,82,881,82881,66,1999,"1FV6JJBA7XHA","1","F","V","6","J","J","B","A","7","X","H","A",1,1,12,"2563520","122563520",3,6,1,1,0,0,0,0,0,0,0,65,0,0,0,9,4,5,12,0,0,0,1,12,33428,6,1,6,0,3,0,72,999,0,1,0,0,0,12,2012,12,2012,0,0,0,0,0,3,3,70,1,1,8,1,0,0,1,60,99,1,1,98,"888888888888","777777777777","777777777777",0,0
12,122300,1,1,1,19,10,6,5,30,0,1,0,37,1,18,20,18020,4,2002,"2G4WB55K2212","2","G","4","W","B","5","5","K","2","2","1","2",0,0,0,"000000000","00000000000",0,0,0,1,0,0,0,0,0,0,0,45,0,0,0,12,6,2,42,0,0,1,1,37,28262,6,1,0,0,3,0,71,999,0,0,0,0,0,0,0,0,0,0,0,0,0,0,3,2,45,1,1,8,1,0,0,1,13,99,1,4,1,"777777777777","777777777777","777777777777",1,0
12,122301,1,3,1,25,10,18,51,12,6,1,0,12,1,35,51,35051,6,2013,"JN8AS5MT0DW0","J","N","8","A","S","5","M","T","0","D","W","0",0,0,0,"000000000","00000000000",0,0,0,1,0,0,0,0,0,0,0,10,0,0,0,1,6,2,12,0,0,0,1,12,33569,6,1,0,0,3,3,66,999,0,0,0,0,0,0,0,0,0,0,38,0,0,0,3,5,45,1,1,8,1,3,3,11,15,99,1,1,68,"777777777777","777777777777","777777777777",0,1
12,122301,2,3,1,25,10,18,51,12,6,1,0,12,1,37,706,37706,80,2006,"JH2SC57016M2","J","H","2","S","C","5","7","0","1","6","M","2",0,0,0,"000000000","00000000000",0,0,0,1,0,0,0,0,0,0,0,45,0,0,0,12,6,2,12,0,0,0,1,12,33604,6,1,0,0,3,0,66,999,1,3,0,0,1,9,2013,9,2016,3,0,0,0,0,3,5,45,1,1,8,1,3,3,1,62,99,1,1,69,"777777777777","777777777777","777777777777",1,0
12,122301,3,3,2,25,10,18,51,12,6,1,0,12,2,35,443,35443,20,2013,"JN8AE2KPXD90","J","N","8","A","E","2","K","P","X","D","9","0",0,0,0,"000000000","00000000000",0,0,0,1,0,0,0,0,0,0,0,0,0,0,0,12,4,3,12,0,0,0,1,12,33569,6,1,0,0,3,0,64,999,0,0,0,0,0,0,0,0,0,0,0,0,0,0,3,4,35,1,1,8,1,3,3,5,67,99,1,1,98,"777777777777","777777777777","777777777777",0,0
12,122302,1,2,1,26,10,5,58,12,6,1,0,12,1,49,40,49040,4,2016,"4T4BF1FKXGR5","4","T","4","B","F","1","F","K","X","G","R","5",0,0,0,"000000000","00000000000",0,0,0,1,0,0,0,0,0,0,0,20,0,0,0,12,9,2,12,0,0,0,1,12,33907,6,1,0,0,3,0,65,999,1,0,0,0,1,3,2016,9,2016,0,0,0,0,0,1,2,25,1,1,8,1,20,3,11,15,99,1,1,82,"777777777777","777777777777","777777777777",0,0
12,122302,2,2,1,26,10,5,58,12,6,1,0,12,1,72,706,72706,80,1995,"1HD1DPL14SY5","1","H","D","1","D","P","L","1","4","S","Y","5",0,0,0,"000000000","00000000000",0,0,0,1,0,0,0,0,0,0,0,45,0,0,0,3,6,2,12,0,0,0,1,12,33903,6,1,0,0,3,3,71,999,0,0,0,0,0,0,0,0,0,0,0,0,0,0,1,4,45,1,1,8,1,0,0,1,67,99,1,1,83,"777777777777","777777777777","777777777777",1,0
12,122304,1,3,2,30,10,2,20,12,1,1,0,12,2,2,404,2404,14,1997,"1J4FX58S3VC6","1","J","4","F","X","5","8","S","3","V","C","6",0,0,0,"000000000","00000000000",0,0,0,1,0,0,0,0,0,0,0,45,0,0,0,12,6,2,12,0,0,0,1,1,35079,6,1,0,0,3,0,67,999,0,0,0,0,0,0,0,0,0,0,36,0,0,0,2,2,45,1,1,8,1,0,0,1,50,99,1,1,32,"777777777777","777777777777","777777777777",0,1
12,122304,2,3,0,30,10,2,20,12,1,1,0,12,6,20,421,20421,15,2007,"1GNFC13027R1","1","G","N","F","C","1","3","0","2","7","R","1",0,0,0,"000000000","00000000000",0,0,0,1,0,0,0,0,0,0,0,0,0,0,0,6,4,5,12,0,0,0,0,0,99997,7,6,97,7,6,7,998,997,998,998,998,998,998,98,9998,98,9998,8,0,0,0,0,2,2,45,1,1,8,1,0,0,0,53,0,0,0,32,"777777777777","777777777777","777777777777",0,0
12,122304,3,3,1,30,10,2,20,12,1,1,0,1,2,35,47,35047,4,2012,"1N4AL2AP0CC1","1","N","4","A","L","2","A","P","0","C","C","1",0,0,0,"000000000","00000000000",0,0,0,1,0,0,0,0,0,0,0,998,0,0,0,9,2,3,8,0,0,0,1,12,32218,6,1,0,0,3,0,64,999,0,4,0,1,0,5,2014,2,2015,0,0,0,0,0,2,2,30,1,1,8,1,99,9,99,80,99,9,9,98,"777777777777","777777777777","777777777777",0,0
12,122305,1,1,1,15,10,2,33,33,0,1,0,12,2,53,705,53705,80,2015,"JS1GN7FA6F21","J","S","1","G","N","7","F","A","6","F","2","1",0,0,0,"000000000","00000000000",0,0,0,1,0,0,0,0,0,0,0,100,0,0,0,98,6,2,33,0,0,0,1,12,33322,6,1,0,0,3,0,72,999,0,0,0,0,1,11,2014,11,2014,4,0,0,0,0,3,2,45,3,1,8,1,0,0,14,13,99,1,4,1,"777777777777","777777777777","777777777777",1,0
12,122306,1,1,99,28,10,20,30,8,0,1,1,12,9,35,421,35421,15,2012,"5N1AA0NC7CN6","5","N","1","A","A","0","N","C","7","C","N","6",0,0,0,"000000000","00000000000",0,0,0,1,0,0,0,0,0,0,0,20,0,0,0,12,4,3,8,0,0,0,1,99,99999,9,9,99,9,9,9,999,999,99,99,99,99,99,99,9999,99,9999,0,0,0,0,0,1,2,30,1,1,8,1,20,3,11,80,99,1,1,13,"777777777777","777777777777","777777777777",0,0
12,122307,1,2,1,28,10,6,27,12,6,1,0,12,1,20,25,20025,4,2011,"1G1PC5SH1B72","1","G","1","P","C","5","S","H","1","B","7","2",0,0,0,"000000000","00000000000",0,0,0,1,0,0,0,0,0,0,0,20,0,0,0,9,6,2,12,0,0,0,1,12,32011,6,1,0,0,3,3,64,999,2,0,0,0,2,8,2013,3,2015,0,39,0,0,0,1,2,25,1,1,8,1,20,3,1,17,99,1,1,89,"777777777777","777777777777","777777777777",1,0
12,122307,2,2,1,28,10,6,27,12,6,1,0,12,2,63,38,63038,5,2015,"KNAFX4A89F53","K","N","A","F","X","4","A","8","9","F","5","3",0,0,0,"000000000","00000000000",0,0,0,1,0,0,0,0,0,0,0,65,0,0,0,12,6,2,12,0,0,0,1,12,32011,6,1,0,0,3,0,65,999,0,0,0,0,0,0,0,0,0,0,0,0,0,0,1,2,65,1,1,8,1,0,0,1,66,99,1,1,88,"777777777777","777777777777","777777777777",0,0