"STATE","ST_CASE","VEH_NO","VE_FORMS","NUMOCCS","DAY","MONTH","HOUR","MINUTE","HARM_EV","MAN_COLL","UNITTYPE","HIT_RUN","REG_STAT","OWNER","MAKE","MODEL","MAK_MOD","BODY_TYP","MOD_YEAR","VIN","VIN_1","VIN_2","VIN_3","VIN_4","VIN_5","VIN_6","VIN_7","VIN_8","VIN_9","VIN_10","VIN_11","VIN_12","TOW_VEH","J_KNIFE","MCARR_I1","MCARR_I2","MCARR_ID","GVWR","V_CONFIG","CARGO_BT","HAZ_INV","HAZ_PLAC","HAZ_ID","HAZ_CNO","HAZ_REL","BUS_USE","SPEC_USE","EMER_USE","TRAV_SP","UNDERIDE","ROLLOVER","ROLINLOC","IMPACT1","DEFORMED","TOWED","M_HARM","VEH_SC1","VEH_SC2","FIRE_EXP","DR_PRES","L_STATE","DR_ZIP","L_STATUS","L_TYPE","CDL_STAT","L_ENDORS","L_COMPL","L_RESTRI","DR_HGT","DR_WGT","PREV_ACC","PREV_SUS","PREV_DWI","PREV_SPD","PREV_OTH","FIRST_MO","FIRST_YR","LAST_MO","LAST_YR","SPEEDREL","DR_SF1","DR_SF2","DR_SF3","DR_SF4","VTRAFWAY","VNUM_LAN","VSPD_LIM","VALIGN","VPROFILE","VPAVETYP","VSURCOND","VTRAFCON","VTCONT_F","P_CRASH1","P_CRASH2","P_CRASH3","PCRASH4","PCRASH5","ACC_TYPE","TRLR1VIN","TRLR2VIN","TRLR3VIN","DEATHS","DR_DRINK"
12,122496,3,3,1,19,11,20,55,12,6,1,0,12,2,49,47,49047,6,2010,"2T1KU4EEXAC3","2","T","1","K","U","4","E","E","X","A","C","3",0,0,0,"000000000","00000000000",0,0,0,1,0,0,0,0,0,0,0,40,0,0,0,12,6,2,12,0,0,0,1,12,33615,6,1,0,0,3,0,70,999,0,0,0,0,0,0,0,0,0,0,0,0,0,0,2,2,45,1,1,8,1,0,0,1,50,99,1,1,98,"777777777777","777777777777","777777777777",0,0
12,122497,1,2,1,23,11,9,45,12,6,1,0,1,2,37,32,37032,4,2011,"1HGCP2F31BA0","1","H","G","C","P","2","F","3","1","B","A","0",0,0,0,"000000000","00000000000",0,0,0,1,0,0,0,0,0,0,0,5,0,0,0,11,6,2,12,0,0,0,1,1,36442,6,1,0,0,3,0,63,999,0,0,0,0,1,1,2012,1,2012,0,38,0,0,0,1,2,15,1,1,8,1,0,0,12,98,99,1,1,98,"777777777777","777777777777","777777777777",1,0
12,122497,2,2,4,23,11,9,45,12,6,1,0,1,1,37,32,37032,4,2004,"1HGCM56864A0","1","H","G","C","M","5","6","8","6","4","A","0",0,0,0,"000000000","00000000000",0,0,0,1,0,0,0,0,0,0,0,55,0,0,0,12,6,2,12,0,0,0,1,1,36049,6,1,0,0,3,0,66,999,1,0,0,0,0,4,2012,4,2012,0,0,0,0,0,1,2,55,1,5,8,1,0,0,1,71,99,1,1,98,"777777777777","777777777777","777777777777",0,0
12,122500,1,1,1,11,10,21,29,8,0,1,0,12,1,48,47,48047,4,2017,"JF1VA1B60H98","J","F","1","V","A","1","B","6","0","H","9","8",0,0,0,"000000000","00000000000",0,0,0,1,0,0,0,0,0,0,0,999,0,0,0,12,6,2,8,0,0,0,1,12,33496,6,1,0,0,3,3,70,999,0,0,0,3,1,6,2015,9,2016,0,0,0,0,0,3,6,45,1,1,8,1,0,0,15,80,99,1,1,13,"777777777777","777777777777","777777777777",0,0
12,122501,1,1,1,2,10,12,0,8,0,1,0,12,1,49,482,49482,31,2006,"5TBET34136S5","5","T","B","E","T","3","4","1","3","6","S","5",0,0,0,"000000000","00000000000",0,0,0,1,0,0,0,0,0,0,0,5,0,0,0,12,2,5,8,0,0,0,1,12,34953,6,1,0,0,3,0,74,999,0,0,0,0,1,8,2013,8,2013,0,38,0,0,0,9,2,30,1,1,8,1,20,3,10,80,99,1,1,13,"777777777777","777777777777","777777777777",0,0
12,122502,1,1,1,4,10,17,30,33,0,1,0,12,2,12,21,12021,4,2006,"1FAFP24176G1","1","F","A","F","P","2","4","1","7","6","G","1",0,0,0,"000000000","00000000000",0,0,0,1,0,0,0,0,0,0,0,80,0,1,5,12,6,2,30,0,0,1,1,12,33435,6,1,0,0,3,0,67,999,0,0,0,1,0,2,2015,2,2015,3,36,0,0,0,3,4,35,1,6,8,1,0,0,1,1,99,1,4,1,"777777777777","777777777777","777777777777",1,0
12,122503,1,3,1,5,10,13,5,12,6,1,0,12,1,49,32,49032,4,2011,"JTDBU4EE3BJ0","J","T","D","B","U","4","E","E","3","B","J","0",0,0,0,"000000000","00000000000",0,0,0,1,0,0,0,0,0,0,0,0,0,0,0,11,6,2,12,0,0,0,1,12,33410,6,1,0,0,3,3,66,999,0,0,0,0,0,0,0,0,0,0,0,0,0,0,2,4,60,1,1,8,1,0,0,1,10,99,1,2,64,"777777777777","777777777777","777777777777",1,0
12,122503,2,3,1,5,10,13,5,12,6,1,0,12,3,87,884,87884,64,2017,"1XPBDK9X4HD3","1","X","P","B","D","K","9","X","4","H","D","3",1,1,88,"888888888","88888888888",3,4,1,1,0,0,0,0,0,0,0,998,0,0,0,7,6,2,12,0,0,0,1,12,34953,6,1,6,0,3,0,71,999,0,0,0,0,1,10,2014,10,2014,0,0,0,0,0,2,4,60,1,1,8,1,0,0,1,62,99,1,1,65,"5HTSP4223A5W","777777777777","777777777777",0,0
12,122503,3,3,1,5,10,13,5,12,6,1,0,12,3,49,482,49482,31,2014,"5TFHW5F18EX4","5","T","F","H","W","5","F","1","8","E","X","4",0,0,0,"000000000","00000000000",0,0,0,1,0,0,0,0,0,0,0,998,0,0,0,12,4,5,54,0,0,0,1,12,33470,6,1,0,0,3,0,68,999,0,0,0,0,0,0,0,0,0,0,0,0,0,0,2,4,60,1,1,8,1,0,0,1,98,99,1,1,98,"777777777777","777777777777","777777777777",0,0
12,122504,1,1,1,28,11,10,10,34,0,1,0,12,1,37,31,37031,4,2013,"19XFB2F8XDE0","1","9","X","F","B","2","F","8","X","D","E","0",0,0,0,"000000000","00000000000",0,0,0,1,0,0,0,0,0,0,0,45,0,0,0,12,6,2,42,0,0,0,1,12,34446,6,1,0,0,3,0,69,999,0,0,0,0,0,0,0,0,0,0,0,0,0,0,3,4,45,1,1,8,1,0,0,1,12,99,1,4,6,"777777777777","777777777777","777777777777",1,0
12,122506,1,2,2,18,11,15,19,12,6,1,0,12,1,22,32,22032,6,2003,"5Y2SL64823Z4","5","Y","2","S","L","6","4","8","2","3","Z","4",0,0,0,"000000000","00000000000",0,0,0,1,0,0,0,0,0,0,0,45,0,0,0,3,6,2,12,0,0,0,1,12,32068,6,1,0,0,3,0,67,999,0,0,0,0,0,0,0,0,0,0,6,0,0,0,2,2,45,1,5,8,1,0,0,1,10,99,1,2,64,"777777777777","777777777777","777777777777",1,0
12,122506,2,2,1,18,11,15,19,12,6,1,0,12,2,12,471,12471,30,1994,"1FTCR10A2RTA","1","F","T","C","R","1","0","A","2","R","T","A",0,0,0,"000000000","00000000000",0,0,0,1,0,0,0,0,0,0,0,45,0,0,0,12,6,2,12,0,0,0,1,12,32068,6,1,6,0,3,0,74,999,0,0,0,0,0,0,0,0,0,0,0,0,0,0,2,2,45,1,6,8,1,0,0,1,62,99,1,1,65,"777777777777","777777777777","777777777777",0,0
12,122507,1,2,1,23,11,20,0,12,2,1,0,12,1,12,481,12481,31,1997,"1FTDF0762VKA","1","F","T","D","F","0","7","6","2","V","K","A",0,0,0,"000000000","00000000000",0,0,0,1,0,0,0,0,0,0,0,60,0,1,5,12,6,2,12,0,0,0,1,12,34668,6,1,0,0,3,3,69,999,0,0,0,0,0,0,0,0,0,0,51,0,0,0,2,2,60,1,1,8,1,0,0,1,54,99,1,1,52,"777777777777","777777777777","777777777777",1,0
12,122507,2,2,2,23,11,20,0,12,2,1,0,26,2,39,34,39034,4,2004,"SAJEA01T34FN","S","A","J","E","A","0","1","T","3","4","F","N",0,0,0,"000000000","00000000000",0,0,0,1,0,0,0,0,0,0,0,60,0,0,0,12,6,2,12,0,0,0,1,12,34613,6,1,0,0,3,3,60,999,0,0,0,0,0,0,0,0,0,0,0,0,0,0,2,2,60,1,1,8,1,0,0,1,54,99,1,1,52,"777777777777","777777777777","777777777777",0,0
12,122508,1,2,1,17,11,14,11,12,2,1,0,12,1,2,405,2405,14,2010,"1J4PP2GKXAW1","1","J","4","P","P","2","G","K","X","A","W","1",0,0,0,"000000000","00000000000",0,0,0,1,0,0,0,0,0,0,0,50,0,0,0,12,6,2,12,0,0,0,1,12,33907,6,1,0,0,3,3,73,999,0,0,0,0,0,0,0,0,0,0,6,0,0,0,2,2,50,1,1,8,1,0,0,1,12,99,1,2,50,"777777777777","777777777777","777777777777",0,1
12,122508,2,2,1,17,11,14,11,12,2,1,0,12,2,18,22,18022,4,2007,"2G4WD5828711","2","G","4","W","D","5","8","2","8","7","1","1",0,0,0,"000000000","00000000000",0,0,0,1,0,0,0,0,0,0,0,50,0,0,0,12,6,2,12,0,0,0,1,12,33912,6,1,0,0,3,3,67,999,0,0,0,0,0,0,0,0,0,0,0,0,0,0,2,2,50,1,1,8,1,0,0,1,62,99,1,1,51,"777777777777","777777777777","777777777777",1,0
12,122509,1,4,2,26,10,21,47,12,2,1,0,12,2,30,42,30042,3,2012,"WVWRF7AJ7CW3","W","V","W","R","F","7","A","J","7","C","W","3",0,0,0,"000000000","00000000000",0,0,0,1,0,0,0,0,0,0,0,90,0,0,0,12,6,2,12,0,0,0,1,12,33510,6,1,0,0,3,3,73,999,0,0,0,0,0,0,0,0,0,0,6,0,0,0,3,3,50,1,1,8,1,0,0,1,10,99,1,2,50,"777777777777","777777777777","777777777777",2,0
12,122509,2,4,5,26,10,21,47,12,2,1,0,12,1,49,442,49442,20,2015,"5TDKK3DC5FS5","5","T","D","K","K","3","D","C","5","F","S","5",0,0,0,"000000000","00000000000",0,0,0,1,0,0,0,0,0,0,0,50,0,0,0,12,6,2,12,0,0,1,1,12,33610,6,1,0,0,3,0,63,999,0,0,0,0,1,8,2015,8,2015,0,0,0,0,0,3,3,50,1,1,8,1,0,0,1,62,99,1,1,51,"777777777777","777777777777","777777777777",3,0
12,122509,3,4,1,26,10,21,47,12,2,1,0,12,1,67,31,67031,6,2013,"JTLZE4FE5DJ0","J","T","L","Z","E","4","F","E","5","D","J","0",0,0,0,"000000000","00000000000",0,0,0,1,0,0,0,0,0,0,0,50,0,0,0,63,6,2,12,0,0,0,1,12,33584,6,1,0,0,3,3,61,999,0,0,0,0,0,0,0,0,0,0,0,0,0,0,3,3,50,1,1,8,1,0,0,1,62,99,1,1,98,"777777777777","777777777777","777777777777",0,0
12,122509,4,4,2,26,10,21,47,12,2,1,0,12,1,34,34,34034,4,2006,"WBAVB17546NK","W","B","A","V","B","1","7","5","4","6","N","K",0,0,0,"000000000","00000000000",0,0,0,1,0,0,0,0,0,0,0,50,0,0,0,12,4,5,54,0,0,0,1,12,33619,6,1,0,0,3,0,65,999,0,0,0,1,0,11,2013,11,2013,0,0,0,0,0,3,3,50,1,1,8,1,0,0,1,98,99,1,1,98,"777777777777","777777777777","777777777777",0,0
12,122510,1,3,1,18,11,18,20,12,2,1,0,12,1,34,402,34402,14,2006,"WBXPA93486WG","W","B","X","P","A","9","3","4","8","6","W","G",0,0,0,"000000000","00000000000",0,0,0,1,0,0,0,0,0,0,0,25,0,0,0,12,6,2,12,0,0,0,1,12,32131,6,1,0,0,3,0,69,999,0,0,0,0,0,0,0,0,0,0,38,0,0,0,1,2,45,1,1,8,1,28,3,11,15,99,1,1,68,"777777777777","777777777777","777777777777",0,0
12,122510,2,3,2,18,11,18,20,12,2,1,0,12,1,72,706,72706,80,2000,"1HD1FFW13YY6","1","H","D","1","F","F","W","1","3","Y","Y","6",0,0,0,"000000000","00000000000",0,0,0,1,0,0,0,0,0,0,0,45,0,0,0,12,6,2,12,0,0,0,1,12,32189,6,1,0,0,3,3,65,999,0,0,0,0,0,0,0,0,0,0,0,0,0,0,1,2,45,1,1,8,1,28,3,1,62,99,1,1,69,"777777777777","777777777777","777777777777",1,0
12,122510,3,3,1,18,11,18,20,12,2,1,0,13,1,12,17,12017,4,2004,"1FAFP55U74A1","1","F","A","F","P","5","5","U","7","4","A","1",0,0,0,"000000000","00000000000",0,0,0,1,0,0,0,0,0,0,0,45,0,0,0,12,6,2,12,0,0,0,1,13,39828,6,1,0,0,3,0,68,999,98,1,0,1,1,4,2012,3,2014,0,0,0,0,0,1,2,45,1,1,8,1,28,3,1,50,99,1,1,98,"777777777777","777777777777","777777777777",0,0
12,122511,1,4,5,25,11,15,2,12,1,1,0,12,1,12,422,12422,15,2002,"1FMRU15W92LA","1","F","M","R","U","1","5","W","9","2","L","A",0,0,0,"000000000","00000000000",0,0,0,1,0,0,0,0,0,0,0,87,0,1,1,12,6,2,12,0,0,0,1,12,32210,6,1,0,0,3,0,65,999,0,0,0,0,0,0,0,0,0,0,6,0,0,0,3,2,55,1,1,8,1,0,0,1,52,99,1,1,28,"777777777777","777777777777","777777777777",0,0
12,122511,2,4,1,25,11,15,2,12,1,1,0,12,1,49,32,49032,4,2005,"JTDBR32EX520","J","T","D","B","R","3","2","E","X","5","2","0",0,0,0,"000000000","00000000000",0,0,0,1,0,0,0,0,0,0,0,7,0,0,0,6,6,2,12,0,0,0,1,12,32221,6,1,0,0,3,3,63,999,0,0,0,0,0,0,0,0,0,0,0,0,0,0,3,2,55,1,1,8,1,0,0,2,53,1,1,1,29,"777777777777","777777777777","777777777777",1,0
12,122511,3,4,2,25,11,15,2,12,1,1,0,12,1,2,407,2407,14,2012,"1C4NJPBB1CD6","1","C","4","N","J","P","B","B","1","C","D","6",0,0,0,"000000000","00000000000",0,0,0,1,0,0,0,0,0,0,0,17,0,0,0,6,6,2,12,0,0,0,1,12,32233,6,1,0,0,3,0,67,999,0,1,0,1,0,9,2012,11,2014,0,0,0,0,0,3,2,55,1,1,8,1,0,0,2,53,1,1,1,98,"777777777777","777777777777","777777777777",0,0
12,122511,4,4,4,25,11,15,2,12,1,1,0,12,1,20,37,20037,4,2012,"1G1ZA5EUXCF2","1","G","1","Z","A","5","E","U","X","C","F","2",0,0,0,"000000000","00000000000",0,0,0,1,0,0,0,0,0,0,0,0,0,0,0,13,6,2,12,0,0,0,1,12,32304,6,1,0,0,3,3,68,999,0,0,0,2,0,8,2014,7,2016,0,0,0,0,0,3,2,55,1,1,8,1,0,0,5,53,1,1,1,98,"777777777777","777777777777","777777777777",0,0
12,122512,1,2,1,16,11,18,6,12,6,1,0,12,1,21,21,21021,4,2004,"1G3NK52F44C1","1","G","3","N","K","5","2","F","4","4","C","1",0,0,0,"000000000","00000000000",0,0,0,1,0,0,0,0,0,0,0,10,0,0,0,3,6,2,12,0,0,0,1,12,32955,6,1,0,0,3,3,70,999,0,0,0,0,0,0,0,0,0,0,6,38,0,0,2,3,40,1,1,8,1,3,3,11,15,99,1,1,68,"777777777777","777777777777","777777777777",0,0
12,122512,2,2,1,16,11,18,6,12,6,1,0,12,1,73,705,73705,80,2000,"JKAZX4J14YA0","J","K","A","Z","X","4","J","1","4","Y","A","0",0,0,0,"000000000","00000000000",0,0,0,1,0,0,0,0,0,0,0,40,0,0,0,12,9,2,12,0,0,0,1,12,32955,6,1,0,0,3,0,66,999,0,0,0,0,0,0,0,0,0,0,0,0,0,0,2,4,40,1,1,8,1,3,3,1,62,99,1,1,69,"777777777777","777777777777","777777777777",1,0
12,122513,1,2,1,29,10,4,49,12,1,1,0,12,1,35,47,35047,4,2009,"1N4AL21E89N4","1","N","4","A","L","2","1","E","8","9","N","4",0,0,0,"000000000","00000000000",0,0,0,1,0,0,0,0,0,0,0,40,0,0,0,12,6,2,12,0,0,0,1,12,33405,6,1,0,0,3,3,70,999,0,0,0,0,0,0,0,0,0,0,6,0,0,0,3,5,40,1,1,8,1,3,3,1,17,99,1,1,77,"777777777777","777777777777","777777777777",1,1
12,122513,2,2,1,29,10,4,49,12,1,1,0,12,3,82,881,82881,66,2016,"1FUJGBDV6GLG","1","F","U","J","G","B","D","V","6","G","L","G",1,1,77,"777777777","77777777777",3,6,1,1,0,0,0,0,0,0,0,10,0,0,0,6,6,2,12,0,0,0,1,12,33311,6,1,6,0,3,0,66,999,0,0,0,0,0,0,0,0,0,0,0,0,0,0,3,4,45,1,1,8,1,3,3,11,15,99,1,1,76,"1GRAA0629EE7","777777777777","777777777777",0,0
12,122514,1,1,1,14,10,4,38,8,0,1,1,12,1,13,1,13001,4,2002,"1LNHM82W82Y6","1","L","N","H","M","8","2","W","8","2","Y","6",0,0,0,"000000000","00000000000",0,0,0,1,0,0,0,0,0,0,0,40,0,0,0,12,4,5,8,0,0,0,1,12,33461,0,0,0,0,0,0,64,999,0,1,0,0,0,7,2016,7,2016,0,0,0,0,0,2,4,40,1,1,8,1,3,3,1,80,99,1,1,13,"777777777777","777777777777","777777777777",0,1
12,122515,1,2,1,26,10,8,28,12,1,1,0,12,2,49,40,49040,4,2004,"4T1BF32K34U5","4","T","1","B","F","3","2","K","3","4","U","5",0,0,0,"000000000","00000000000",0,0,0,1,0,0,0,0,0,0,0,50,0,0,0,12,6,2,12,0,0,0,1,12,33068,6,1,0,0,3,3,67,999,0,0,0,0,0,0,0,0,0,0,6,0,0,0,2,3,50,1,1,8,1,0,0,15,51,99,1,1,24,"777777777777","777777777777","777777777777",1,0
12,122515,2,2,1,26,10,8,28,12,1,1,0,12,2,55,36,55036,4,2015,"KMHCU4AE0FU9","K","M","H","C","U","4","A","E","0","F","U","9",0,0,0,"000000000","00000000000",0,0,0,1,0,0,0,0,0,0,0,50,0,0,0,6,4,5,12,0,0,0,1,12,33433,6,1,0,0,3,0,66,999,0,0,0,0,0,0,0,0,0,0,0,0,0,0,2,3,50,1,1,8,1,0,0,1,53,99,1,1,25,"777777777777","777777777777","777777777777",0,0
12,122516,1,2,1,1,10,21,44,12,2,1,0,12,2,55,33,55033,4,2013,"5NPEB4AC0DH7","5","N","P","E","B","4","A","C","0","D","H","7",0,0,0,"000000000","00000000000",0,0,0,1,0,0,0,0,0,0,0,55,0,0,0,12,6,2,12,0,0,0,1,17,60415,6,1,0,0,3,0,66,180,0,0,0,0,0,0,0,0,0,0,51,0,0,0,2,2,55,1,1,8,1,0,0,1,54,99,1,1,52,"777777777777","777777777777","777777777777",1,1
12,122516,2,2,1,1,10,21,44,12,2,1,0,12,2,42,48,42048,4,2010,"WDDHF5GB2AA1","W","D","D","H","F","5","G","B","2","A","A","1",0,0,0,"000000000","00000000000",0,0,0,1,0,0,0,0,0,0,0,55,0,0,0,12,6,2,12,0,0,0,1,12,33414,6,1,0,0,3,0,69,999,0,0,0,1,0,5,2015,5,2015,0,0,0,0,0,2,2,55,1,1,8,1,0,0,1,54,99,1,1,52,"777777777777","777777777777","777777777777",0,0
12,122517,1,1,1,24,11,19,55,9,0,1,0,12,1,59,401,59401,14,2000,"JT6GF10U1Y00","J","T","6","G","F","1","0","U","1","Y","0","0",0,0,0,"000000000","00000000000",0,0,0,1,0,0,0,0,0,0,0,40,0,0,0,12,4,5,9,0,0,0,1,12,33050,6,1,0,0,3,3,64,999,0,0,0,0,0,0,0,0,0,0,0,0,0,0,2,2,45,1,1,8,2,0,0,1,83,99,1,1,13,"777777777777","777777777777","777777777777",0,0
12,122518,1,1,1,18,11,23,35,1,0,1,0,12,1,37,706,37706,80,2008,"JH2SC59008M0","J","H","2","S","C","5","9","0","0","8","M","0",0,0,0,"000000000","00000000000",0,0,0,1,0,0,0,0,0,0,0,50,0,0,0,0,4,3,59,0,0,0,1,12,33190,6,1,0,0,2,0,69,999,0,0,0,0,2,1,2012,2,2015,0,6,0,0,0,6,1,50,2,1,8,1,0,0,14,98,99,1,1,98,"777777777777","777777777777","777777777777",1,0
12,122519,1,3,2,24,11,21,5,9,0,1,0,12,1,59,402,59402,14,2009,"JTJBT20X0901","J","T","J","B","T","2","0","X","0","9","0","1",0,0,0,"000000000","00000000000",0,0,0,1,0,0,0,0,0,0,0,60,0,0,0,12,2,5,9,0,0,0,1,12,33950,6,1,0,0,3,3,74,999,0,0,0,0,0,0,0,0,0,0,0,0,0,0,2,4,60,1,1,8,1,0,0,1,83,1,1,1,13,"777777777777","777777777777","777777777777",0,0
12,122519,2,3,2,24,11,21,5,9,0,1,0,12,2,35,43,35043,4,2002,"3N1CB51D62L6","3","N","1","C","B","5","1","D","6","2","L","6",0,0,0,"000000000","00000000000",0,0,0,1,0,0,0,0,0,0,0,60,0,0,0,14,0,5,9,0,0,0,1,12,33955,6,1,0,0,3,0,62,999,0,0,0,0,0,0,0,0,0,0,0,0,0,0,2,4,60,1,1,8,1,0,0,1,83,99,1,1,98,"777777777777","777777777777","777777777777",0,0
12,122519,3,3,1,24,11,21,5,9,0,1,0,12,1,2,406,2406,14,2010,"1J4RG5GTXAC1","1","J","4","R","G","5","G","T","X","A","C","1",0,0,0,"000000000","00000000000",0,0,0,1,0,0,0,0,0,0,0,60,0,0,0,14,0,5,9,0,0,0,1,12,33950,6,1,0,0,3,3,64,999,0,0,0,0,0,0,0,0,0,0,0,0,0,0,2,4,60,1,1,8,1,0,0,1,83,99,1,1,98,"777777777777","777777777777","777777777777",0,0
12,122520,1,3,1,21,11,22,40,12,2,1,0,12,1,12,481,12481,31,2001,"1FTRX18L41NB","1","F","T","R","X","1","8","L","4","1","N","B",0,0,0,"000000000","00000000000",0,0,0,1,0,0,0,0,0,0,0,60,0,0,0,12,6,2,12,0,0,0,1,12,32054,6,1,0,0,3,0,70,999,0,0,0,0,0,0,0,0,0,0,28,0,0,0,1,2,60,1,1,8,1,0,0,1,10,99,1,2,50,"777777777777","777777777777","777777777777",0,0
12,122520,2,3,2,21,11,22,40,12,2,1,0,12,2,37,31,37031,4,2013,"2HGFB2F50DH5","2","H","G","F","B","2","F","5","0","D","H","5",0,0,0,"000000000","00000000000",0,0,0,1,0,0,0,0,0,0,0,60,0,0,0,12,6,2,12,0,0,0,1,12,32656,6,1,0,0,3,3,69,999,0,0,0,1,0,5,2012,5,2012,0,0,0,0,0,1,2,60,1,1,8,1,0,0,1,62,99,1,1,51,"777777777777","777777777777","777777777777",2,0
12,122520,3,3,1,21,11,22,40,12,2,1,0,12,1,63,38,63038,2,2010,"KNAFW6A36A51","K","N","A","F","W","6","A","3","6","A","5","1",0,0,0,"000000000","00000000000",0,0,0,1,0,0,0,0,0,0,0,60,0,0,0,12,6,2,12,0,0,0,1,12,32697,6,1,0,0,3,0,61,999,0,0,0,0,0,0,0,0,0,0,0,0,0,0,1,2,60,1,1,8,1,0,0,1,50,99,1,1,98,"777777777777","777777777777","777777777777",0,0
12,122521,1,2,2,23,11,15,20,12,6,1,0,27,1,82,850,82850,73,2016,"4UZACWDT7GCH","4","U","Z","A","C","W","D","T","7","G","C","H",1,1,0,"000000000","00000000000",0,0,0,1,0,0,0,0,0,0,0,5,0,0,0,7,6,2,12,0,0,0,1,12,33880,6,1,0,0,3,3,72,999,0,0,0,1,0,10,2013,10,2013,0,38,0,0,0,1,2,35,1,1,8,1,20,3,1,17,10,1,1,89,"888888888888","777777777777","777777777777",0,0
12,122521,2,2,3,23,11,15,20,12,6,1,0,12,2,23,441,23441,20,2001,"1GKDM19W91B5","1","G","K","D","M","1","9","W","9","1","B","5",0,0,0,"000000000","00000000000",0,0,0,1,0,0,0,0,0,0,0,40,0,0,0,12,6,2,12,0,0,0,1,12,33556,6,1,0,0,3,3,67,999,0,0,0,0,0,0,0,0,0,0,0,0,0,0,2,4,40,1,1,8,1,4,3,1,66,99,1,1,88,"777777777777","777777777777","777777777777",1,0
12,122522,1,3,2,8,11,14,3,12,6,1,0,12,2,62,421,62421,15,2009,"SALSH23449A1","S","A","L","S","H","2","3","4","4","9","A","1",0,0,0,"000000000","00000000000",0,0,0,1,0,0,0,0,0,0,0,70,0,0,0,12,6,2,12,0,0,0,1,12,33617,6,1,0,0,3,3,66,999,0,0,0,0,0,0,0,0,0,0,0,0,0,0,3,5,70,1,1,8,1,0,0,1,1,99,4,2,48,"777777777777","777777777777","777777777777",0,0
12,122522,2,3,3,8,11,14,3,12,6,1,0,12,2,20,461,20461,21,2006,"1GCGG25V9611","1","G","C","G","G","2","5","V","9","6","1","1",0,0,0,"000000000","00000000000",0,0,0,1,0,0,0,0,0,0,0,70,0,1,1,4,6,2,1,0,0,0,1,12,34208,0,0,0,0,0,0,999,999,0,0,0,0,0,0,0,0,0,0,0,0,0,0,3,5,70,1,1,8,1,0,0,1,61,99,1,1,48,"777777777777","777777777777","777777777777",2,0
12,122522,3,3,2,8,11,14,3,12,6,1,0,12,1,54,421,54421,15,2015,"5FRYD3H44FB0","5","F","R","Y","D","3","H","4","4","F","B","0",0,0,0,"000000000","00000000000",0,0,0,1,0,0,0,0,0,0,0,70,0,0,0,12,6,2,12,0,0,0,1,12,34655,6,1,0,0,3,0,66,999,0,0,0,0,0,0,0,0,0,0,0,0,0,0,3,5,70,1,1,8,1,0,0,1,61,99,1,1,98,"777777777777","777777777777","777777777777",0,0
12,122523,1,2,1,8,11,13,55,12,6,1,0,12,1,37,32,37032,4,1999,"1HGCG5647XA1","1","H","G","C","G","5","6","4","7","X","A","1",0,0,0,"000000000","00000000000",0,0,0,1,0,0,0,0,0,0,0,30,0,0,0,7,6,2,12,0,0,0,1,12,33467,6,1,0,0,3,3,68,999,0,0,0,0,0,0,0,0,0,0,0,0,0,0,2,4,45,1,1,8,1,0,0,12,98,99,1,2,98,"777777777777","777777777777","777777777777",0,0
12,122523,2,2,1,8,11,13,55,12,6,1,0,12,1,37,706,37706,80,2005,"JH2SC57055M1","J","H","2","S","C","5","7","0","5","5","M","1",0,0,0,"000000000","00000000000",0,0,0,1,0,0,0,0,0,0,0,45,0,0,0,12,6,2,12,0,0,0,1,12,33467,6,1,0,0,3,3,67,999,0,0,0,0,0,0,0,0,0,0,0,0,0,0,2,4,45,1,1,8,1,0,0,2,61,16,1,1,98,"777777777777","777777777777","777777777777",1,0
12,122524,1,1,1,2,11,22,0,19,0,1,0,92,0,98,709,98709,80,2008,"LUAHYD102810","L","U","A","H","Y","D","1","0","2","8","1","0",0,0,0,"000000000","00000000000",0,0,0,1,0,0,0,0,0,0,0,20,0,0,0,12,6,2,19,0,0,0,1,12,33463,0,0,0,0,0,0,63,999,1,2,0,0,1,6,2014,10,2014,0,0,0,0,0,1,2,15,1,1,8,1,0,0,1,14,99,1,4,14,"777777777777","777777777777","777777777777",1,1
12,122525,1,2,1,4,11,20,22,12,1,1,0,12,2,72,706,72706,80,2016,"1HD1KRM18GB6","1","H","D","1","K","R","M","1","8","G","B","6",0,0,0,"000000000","00000000000",0,0,0,1,0,0,0,0,0,0,0,45,0,0,0,12,6,2,12,0,0,0,1,12,33428,6,1,0,0,2,3,67,999,0,0,0,0,0,0,0,0,0,3,26,36,0,0,2,3,45,1,1,8,1,0,0,1,52,99,1,1,28,"777777777777","777777777777","777777777777",1,1
12,122525,2,2,1,4,11,20,22,12,1,1,0,12,1,67,35,67035,2,2013,"JF1ZNAA17D17","J","F","1","Z","N","A","A","1","7","D","1","7",0,0,0,"000000000","00000000000",0,0,0,1,0,0,0,0,0,0,0,45,0,0,0,6,2,3,12,0,0,0,1,12,33434,6,1,0,0,3,0,64,999,0,0,0,0,0,0,0,0,0,4,6,0,0,0,2,3,45,1,1,8,1,0,0,2,53,99,1,1,29,"777777777777","777777777777","777777777777",0,0
12,122527,1,2,1,30,10,15,40,59,0,1,0,12,9,99,999,99999,99,9999,"999999999999","9","9","9","9","9","9","9","9","9","9","9","9",0,0,0,"000000000","00000000000",0,0,0,1,0,0,0,0,0,0,0,55,0,0,0,6,6,2,12,0,0,0,1,12,32773,0,0,0,0,0,0,999,999,0,0,0,0,0,0,0,0,0,0,6,0,0,0,1,2,55,2,1,8,1,0,0,14,12,99,3,4,7,"777777777777","777777777777","777777777777",1,1