"STATE","ST_CASE","VEH_NO","VE_FORMS","NUMOCCS","DAY","MONTH","HOUR","MINUTE","HARM_EV","MAN_COLL","UNITTYPE","HIT_RUN","REG_STAT","OWNER","MAKE","MODEL","MAK_MOD","BODY_TYP","MOD_YEAR","VIN","VIN_1","VIN_2","VIN_3","VIN_4","VIN_5","VIN_6","VIN_7","VIN_8","VIN_9","VIN_10","VIN_11","VIN_12","TOW_VEH","J_KNIFE","MCARR_I1","MCARR_I2","MCARR_ID","GVWR","V_CONFIG","CARGO_BT","HAZ_INV","HAZ_PLAC","HAZ_ID","HAZ_CNO","HAZ_REL","BUS_USE","SPEC_USE","EMER_USE","TRAV_SP","UNDERIDE","ROLLOVER","ROLINLOC","IMPACT1","DEFORMED","TOWED","M_HARM","VEH_SC1","VEH_SC2","FIRE_EXP","DR_PRES","L_STATE","DR_ZIP","L_STATUS","L_TYPE","CDL_STAT","L_ENDORS","L_COMPL","L_RESTRI","DR_HGT","DR_WGT","PREV_ACC","PREV_SUS","PREV_DWI","PREV_SPD","PREV_OTH","FIRST_MO","FIRST_YR","LAST_MO","LAST_YR","SPEEDREL","DR_SF1","DR_SF2","DR_SF3","DR_SF4","VTRAFWAY","VNUM_LAN","VSPD_LIM","VALIGN","VPROFILE","VPAVETYP","VSURCOND","VTRAFCON","VTCONT_F","P_CRASH1","P_CRASH2","P_CRASH3","PCRASH4","PCRASH5","ACC_TYPE","TRLR1VIN","TRLR2VIN","TRLR3VIN","DEATHS","DR_DRINK"
12,122605,2,2,1,27,11,17,58,12,7,1,0,12,1,42,42,42042,2,2013,"WDDGJ4HB1DF9","W","D","D","G","J","4","H","B","1","D","F","9",0,0,0,"000000000","00000000000",0,0,0,1,0,0,0,0,0,0,0,45,0,0,0,11,4,5,12,0,0,0,1,12,32804,6,1,0,0,3,3,68,999,0,0,0,0,0,0,0,0,0,0,0,0,0,0,3,6,45,1,1,8,1,0,0,1,60,99,1,1,45,"777777777777","777777777777","777777777777",0,0
12,122606,1,2,1,5,12,22,25,12,2,1,0,12,1,2,403,2403,14,2013,"1C4BJWDGXDL6","1","C","4","B","J","W","D","G","X","D","L","6",0,0,0,"000000000","00000000000",0,0,0,1,0,0,0,0,0,0,0,15,0,0,0,12,6,2,12,0,0,0,1,12,33710,6,1,0,0,3,3,66,999,0,0,0,1,0,12,2013,12,2013,0,38,0,0,0,3,6,45,1,1,8,1,3,3,11,15,99,1,1,82,"777777777777","777777777777","777777777777",0,0
12,122606,2,2,1,5,12,22,25,12,2,1,0,12,1,37,705,37705,80,2002,"JH2PC35032M3","J","H","2","P","C","3","5","0","3","2","M","3",0,0,0,"000000000","00000000000",0,0,0,1,0,0,0,0,0,0,0,55,0,0,0,12,6,2,12,0,0,0,1,12,33710,6,1,0,0,2,0,76,999,0,0,0,1,2,7,2015,5,2016,3,0,0,0,0,3,6,45,1,1,8,1,3,3,1,62,99,1,1,83,"777777777777","777777777777","777777777777",1,0
12,122607,1,1,1,2,12,18,12,8,0,1,1,12,3,41,51,41051,4,2016,"JM1BM1U74G12","J","M","1","B","M","1","U","7","4","G","1","2",0,0,0,"000000000","00000000000",0,0,0,1,0,0,0,0,0,0,0,998,0,0,0,12,4,3,8,0,0,0,1,99,99999,9,9,99,9,9,9,999,999,99,99,99,99,99,99,9999,99,9999,0,0,0,0,0,3,6,35,1,1,8,1,3,3,1,80,99,1,1,13,"777777777777","777777777777","777777777777",0,0
12,122608,1,2,1,2,11,13,3,12,6,1,0,12,1,2,404,2404,14,2000,"1J4FT48S9YL1","1","J","4","F","T","4","8","S","9","Y","L","1",0,0,0,"000000000","00000000000",0,0,0,1,0,0,0,0,0,0,0,50,0,0,0,12,6,2,12,0,0,0,1,12,32738,6,1,0,0,3,3,68,999,0,0,0,0,0,0,0,0,0,0,6,51,0,0,3,4,50,3,1,8,1,0,0,14,10,99,1,2,64,"777777777777","777777777777","777777777777",1,0
12,122608,2,2,1,2,11,13,3,12,6,1,0,12,1,63,32,63032,4,2008,"KNADE1238863","K","N","A","D","E","1","2","3","8","8","6","3",0,0,0,"000000000","00000000000",0,0,0,1,0,0,0,0,0,0,0,50,0,0,0,9,6,2,12,0,0,0,1,12,32763,6,1,0,0,3,0,72,999,0,0,0,0,0,0,0,0,0,0,0,0,0,0,3,4,50,2,1,8,1,0,0,14,62,99,1,1,65,"777777777777","777777777777","777777777777",1,0
12,122610,1,1,4,26,11,3,13,1,0,1,0,12,1,20,481,20481,31,2004,"1GCHC23164F1","1","G","C","H","C","2","3","1","6","4","F","1",0,0,0,"000000000","00000000000",0,0,0,1,0,0,0,0,0,0,0,30,0,1,5,0,6,2,1,0,0,0,1,12,34232,6,1,0,0,3,0,74,999,0,0,0,2,1,2,2013,12,2014,0,6,0,0,0,1,2,30,1,1,8,1,0,0,1,12,99,1,4,6,"777777777777","777777777777","777777777777",1,1
12,122611,1,1,1,28,11,0,29,34,0,1,0,12,1,12,481,12481,31,2012,"1FTFX1CF3CFC","1","F","T","F","X","1","C","F","3","C","F","C",0,0,0,"000000000","00000000000",0,0,0,1,0,0,0,0,0,0,0,30,0,0,0,12,6,2,30,0,0,0,1,12,34293,6,1,0,0,3,0,68,999,0,0,0,0,0,0,0,0,0,0,6,0,0,0,1,2,30,3,1,8,1,0,0,14,13,99,1,4,1,"777777777777","777777777777","777777777777",1,0
12,122612,1,1,3,21,11,17,0,24,0,1,0,12,2,12,481,12481,31,2006,"1FTNF20556EB","1","F","T","N","F","2","0","5","5","6","E","B",1,1,0,"000000000","00000000000",0,0,0,1,0,0,0,0,0,0,0,88,0,0,0,12,6,2,24,0,0,0,1,12,33413,6,1,0,0,3,3,68,999,0,1,0,1,0,5,2016,6,2016,0,0,0,0,0,3,5,70,1,1,8,1,0,0,1,12,99,1,4,6,"888888888888","777777777777","777777777777",1,0
12,122613,1,2,1,1,11,22,35,12,6,1,0,12,1,98,703,98703,80,2015,"RFGBB1ME3FSP","R","F","G","B","B","1","M","E","3","F","S","P",0,0,0,"000000000","00000000000",0,0,0,1,0,0,0,0,0,0,0,50,0,0,0,12,6,2,12,0,0,0,1,12,33432,0,0,0,0,0,0,999,999,0,0,0,0,0,0,0,0,0,0,0,0,0,0,3,4,40,1,1,8,1,3,3,1,62,99,1,1,69,"777777777777","777777777777","777777777777",1,1
12,122613,2,2,2,1,11,22,35,12,6,1,0,34,1,34,34,34034,4,2014,"WBA3B5G51ENS","W","B","A","3","B","5","G","5","1","E","N","S",0,0,0,"000000000","00000000000",0,0,0,1,0,0,0,0,0,0,0,15,0,0,0,1,6,2,12,0,0,0,1,34,7430,6,1,0,0,3,0,73,999,0,0,0,1,0,9,2015,9,2015,0,0,0,0,0,3,4,40,1,1,8,1,3,3,11,15,99,1,1,68,"777777777777","777777777777","777777777777",0,0
12,122614,1,1,2,25,11,21,15,42,0,1,0,12,1,2,482,2482,31,1991,"1J7FT26S2ML5","1","J","7","F","T","2","6","S","2","M","L","5",0,0,0,"000000000","00000000000",0,0,0,1,0,0,0,0,0,0,0,45,0,0,0,8,6,2,43,0,0,0,1,12,34785,6,1,0,0,3,0,74,999,0,5,0,4,1,2,2012,7,2016,0,0,0,0,0,2,2,45,1,1,2,1,0,0,1,12,99,1,4,6,"777777777777","777777777777","777777777777",1,0
12,122615,1,2,1,5,12,5,9,12,1,1,0,12,1,20,37,20037,4,2007,"1G1ZT58N57F1","1","G","1","Z","T","5","8","N","5","7","F","1",0,0,0,"000000000","00000000000",0,0,0,1,0,0,0,0,0,0,0,0,0,0,0,6,6,2,12,0,0,0,1,12,32209,6,1,0,0,3,0,64,999,1,0,0,0,0,3,2016,3,2016,0,0,0,0,0,3,3,70,1,1,8,1,0,0,5,53,99,1,1,21,"777777777777","777777777777","777777777777",1,1
12,122615,2,2,1,5,12,5,9,12,1,1,0,12,3,82,881,82881,63,2014,"3ALACXCY6EDF","3","A","L","A","C","X","C","Y","6","E","D","F",0,0,12,"578807","12578807",3,1,2,2,2,2187,2,1,0,0,0,70,7,0,0,12,4,3,12,0,0,0,1,12,32097,6,1,6,3,3,0,70,999,0,0,0,0,0,0,0,0,0,0,0,0,0,0,3,3,70,1,1,8,1,0,0,1,50,99,1,1,20,"777777777777","777777777777","777777777777",0,0
12,122616,1,2,1,14,6,9,36,12,6,1,0,51,2,59,401,59401,14,2000,"JT6GF10U5Y00","J","T","6","G","F","1","0","U","5","Y","0","0",0,0,0,"000000000","00000000000",0,0,0,1,0,0,0,0,0,0,0,25,0,1,1,3,6,2,12,0,0,0,1,12,33054,6,1,0,0,3,0,64,999,0,0,0,0,0,0,0,0,0,0,38,0,0,0,2,5,45,1,1,8,1,0,0,11,15,99,1,1,68,"777777777777","777777777777","777777777777",0,0
12,122616,2,2,1,14,6,9,36,12,6,1,0,12,1,37,706,37706,80,2008,"JH2SC59088M0","J","H","2","S","C","5","9","0","8","8","M","0",0,0,0,"000000000","00000000000",0,0,0,1,0,0,0,0,0,0,0,70,0,0,0,12,6,2,12,0,0,0,1,12,33054,6,1,0,0,3,0,67,999,0,0,0,0,1,1,2014,1,2014,0,0,0,0,0,2,4,45,1,1,8,1,0,0,1,62,99,1,1,69,"777777777777","777777777777","777777777777",1,0
12,122617,1,1,1,7,11,21,6,8,0,1,0,12,2,30,46,30046,4,2012,"1VWBP7A34CC0","1","V","W","B","P","7","A","3","4","C","C","0",0,0,0,"000000000","00000000000",0,0,0,1,0,0,0,0,0,0,0,50,0,0,0,12,6,2,8,0,0,0,1,12,33055,6,1,0,0,3,0,66,999,0,0,0,0,0,0,0,0,0,0,0,0,0,0,2,3,40,1,1,8,1,0,0,1,80,1,1,1,13,"777777777777","777777777777","777777777777",0,0
12,122618,1,1,1,5,12,19,25,33,0,1,0,12,1,37,703,37703,88,2011,"MLHJF2806B50","M","L","H","J","F","2","8","0","6","B","5","0",0,0,0,"000000000","00000000000",0,0,0,1,0,0,0,0,0,0,0,27,0,0,0,12,4,5,33,0,0,0,1,12,33578,6,1,0,0,3,3,71,999,0,0,0,0,0,0,0,0,0,0,0,0,0,0,2,2,35,1,1,8,1,0,0,1,12,99,1,4,6,"777777777777","777777777777","777777777777",1,0
12,122620,1,3,1,30,11,14,16,12,1,1,0,12,1,49,40,49040,4,1998,"JT2BG22K6W01","J","T","2","B","G","2","2","K","6","W","0","1",0,0,0,"000000000","00000000000",0,0,0,1,0,0,0,0,0,0,0,998,0,0,0,12,6,2,12,0,0,0,1,12,33142,6,1,0,0,3,0,65,999,0,0,0,0,0,0,0,0,0,0,26,0,0,0,1,3,98,1,1,8,1,3,3,1,50,99,1,1,20,"777777777777","777777777777","777777777777",0,0
12,122620,2,3,2,30,11,14,16,12,1,1,0,12,1,35,47,35047,4,2006,"1N4AL11D36C1","1","N","4","A","L","1","1","D","3","6","C","1",0,0,0,"000000000","00000000000",0,0,0,1,0,0,0,0,0,0,0,0,0,0,0,12,6,2,12,0,0,0,1,12,33142,6,1,0,0,3,3,70,999,0,0,0,0,0,0,0,0,0,0,0,0,0,0,1,3,98,1,1,8,1,3,3,5,56,99,1,1,98,"777777777777","777777777777","777777777777",0,0
12,122620,3,3,2,30,11,14,16,12,1,1,0,12,1,55,401,55401,14,2007,"5NMSG13D37H0","5","N","M","S","G","1","3","D","3","7","H","0",0,0,0,"000000000","00000000000",0,0,0,1,0,0,0,0,0,0,0,0,0,0,0,6,2,5,12,0,0,0,1,12,33127,6,1,0,0,3,0,65,999,1,1,0,0,0,4,2012,9,2014,0,0,0,0,0,1,3,98,1,1,8,1,3,3,5,53,99,1,1,21,"777777777777","777777777777","777777777777",0,0
12,122621,1,1,1,13,9,3,36,30,0,1,0,12,1,7,422,7422,15,2004,"1D4HB48N34F1","1","D","4","H","B","4","8","N","3","4","F","1",0,0,0,"000000000","00000000000",0,0,0,1,0,0,0,0,0,0,0,998,0,0,0,3,6,2,30,0,0,0,1,12,34759,6,1,0,0,3,0,66,999,0,0,0,0,0,0,0,0,0,0,0,0,0,0,1,2,55,3,6,8,1,0,0,14,13,6,4,4,7,"777777777777","777777777777","777777777777",1,1
12,122622,1,1,3,21,11,16,50,33,0,1,0,12,2,69,54,69054,3,2004,"WMWRC33464TJ","W","M","W","R","C","3","3","4","6","4","T","J",0,0,0,"000000000","00000000000",0,0,0,1,0,0,0,0,0,0,0,60,0,0,0,98,6,2,33,0,0,0,1,12,33033,6,7,0,0,3,0,67,999,0,0,0,0,0,0,0,0,0,0,6,0,0,0,2,2,40,1,1,8,1,0,0,15,12,99,2,4,7,"777777777777","777777777777","777777777777",2,0
12,122623,1,2,1,7,12,12,4,12,6,1,0,12,1,37,31,37031,3,2002,"SHHEP33542U3","S","H","H","E","P","3","3","5","4","2","U","3",0,0,0,"000000000","00000000000",0,0,0,1,0,0,0,0,0,0,0,10,0,0,0,9,6,2,12,0,0,0,1,12,32907,6,1,0,0,3,0,71,999,0,1,0,0,0,8,2014,8,2014,0,38,0,0,0,3,2,40,1,1,8,1,20,3,11,15,99,1,1,82,"777777777777","777777777777","777777777777",1,0
12,122623,2,2,3,7,12,12,4,12,6,1,0,12,3,37,421,37421,15,2005,"5FNYF18555B0","5","F","N","Y","F","1","8","5","5","5","B","0",0,0,0,"000000000","00000000000",0,0,0,1,0,0,0,0,0,0,0,40,0,0,0,12,6,2,12,0,0,0,1,12,32226,6,1,0,0,3,3,71,999,0,0,0,1,0,2,2013,2,2013,0,0,0,0,0,3,3,40,1,1,2,1,3,3,1,67,99,1,1,83,"777777777777","777777777777","777777777777",0,0
12,122624,1,1,1,7,12,17,55,8,0,1,0,12,1,12,481,12481,31,2008,"1FTRF12238KE","1","F","T","R","F","1","2","2","3","8","K","E",0,0,0,"000000000","00000000000",0,0,0,1,0,0,0,0,0,0,0,998,0,0,0,12,4,5,8,0,0,0,1,12,32210,6,1,0,0,3,3,70,999,0,0,0,0,0,0,0,0,0,0,0,0,0,0,3,3,40,1,1,8,1,3,3,1,80,99,1,1,13,"777777777777","777777777777","777777777777",0,0
12,122626,1,1,1,27,11,2,14,33,0,1,0,12,2,30,40,30040,4,2001,"3VWSB69M51M0","3","V","W","S","B","6","9","M","5","1","M","0",0,0,0,"000000000","00000000000",0,0,0,1,0,0,0,0,0,0,0,998,0,0,0,12,6,2,42,0,0,0,1,12,33128,6,1,0,0,3,3,68,999,1,0,0,0,0,9,2014,9,2014,0,0,0,0,0,1,4,45,1,1,8,1,0,0,1,13,99,1,4,1,"777777777777","777777777777","777777777777",1,0
12,122627,1,2,1,7,12,19,38,8,0,1,0,12,1,59,31,59031,4,2013,"JTHBK1GG5D20","J","T","H","B","K","1","G","G","5","D","2","0",0,0,0,"000000000","00000000000",0,0,0,1,0,0,0,0,0,0,0,40,0,0,0,11,4,5,8,0,0,0,1,12,32903,6,1,0,0,3,0,63,999,0,0,0,0,0,0,0,0,0,0,0,0,0,0,3,2,40,1,1,8,1,0,0,1,80,1,1,1,13,"777777777777","777777777777","777777777777",0,0
12,122627,2,2,1,7,12,19,38,8,0,1,0,12,1,35,50,35050,5,2007,"3N1BC13E57L3","3","N","1","B","C","1","3","E","5","7","L","3",0,0,0,"000000000","00000000000",0,0,0,1,0,0,0,0,0,0,0,40,0,0,0,12,2,5,8,0,0,0,1,12,32935,6,1,0,0,3,0,61,999,1,0,0,1,0,3,2014,1,2015,0,0,0,0,0,3,2,40,1,1,8,1,0,0,1,80,15,1,1,98,"777777777777","777777777777","777777777777",0,0
12,122628,1,1,1,11,12,19,6,8,0,1,0,12,1,37,31,37031,4,2003,"2HGES16603H5","2","H","G","E","S","1","6","6","0","3","H","5",0,0,0,"000000000","00000000000",0,0,0,1,0,0,0,0,0,0,0,45,0,0,0,12,6,2,8,0,0,0,1,12,33873,6,1,0,0,3,3,66,999,0,0,0,0,0,0,0,0,0,0,0,0,0,0,3,4,45,1,1,8,1,0,0,1,80,1,1,1,13,"777777777777","777777777777","777777777777",0,0
12,122629,1,1,1,8,12,21,22,8,0,1,0,12,1,49,32,49032,4,2001,"1NXBR12E11Z4","1","N","X","B","R","1","2","E","1","1","Z","4",0,0,0,"000000000","00000000000",0,0,0,1,0,0,0,0,0,0,0,35,0,0,0,12,4,5,8,0,0,0,1,12,33174,6,1,0,0,3,3,74,999,0,1,0,0,0,11,2013,11,2013,0,0,0,0,0,3,3,35,1,1,8,1,0,0,1,80,1,1,1,13,"777777777777","777777777777","777777777777",0,0
12,122631,1,2,1,11,12,11,31,12,6,1,0,12,3,86,881,86881,66,2002,"1M1AA13Y52W1","1","M","1","A","A","1","3","Y","5","2","W","1",1,1,12,"1196553","121196553",3,6,1,1,0,0,0,0,0,0,0,15,0,0,0,12,6,2,12,0,0,0,1,12,33881,6,1,6,0,3,0,64,999,0,0,0,0,1,4,2014,4,2014,0,0,0,0,0,1,2,50,1,1,8,1,0,0,11,15,16,1,1,68,"1UYVS25374G1","777777777777","777777777777",0,0
12,122631,2,2,1,11,12,11,31,12,6,1,0,12,1,72,706,72706,80,2012,"1HD1GZM11CC3","1","H","D","1","G","Z","M","1","1","C","C","3",0,0,0,"000000000","00000000000",0,0,0,1,0,0,0,0,0,0,0,45,0,0,0,9,6,2,12,0,0,0,1,12,33813,6,1,0,0,3,0,72,999,0,0,0,0,0,0,0,0,0,0,0,0,0,0,1,2,50,1,1,8,1,0,0,1,62,99,1,1,69,"777777777777","777777777777","777777777777",1,0
12,122632,1,2,1,9,12,14,9,12,6,1,0,12,2,63,38,63038,5,2015,"KNAFK4A63F53","K","N","A","F","K","4","A","6","3","F","5","3",0,0,0,"000000000","00000000000",0,0,0,1,0,0,0,0,0,0,0,15,0,0,0,11,6,2,12,0,0,0,1,12,32091,6,1,0,0,3,0,63,999,0,0,0,0,0,0,0,0,0,0,38,0,0,0,1,2,45,1,1,8,1,0,0,11,15,99,1,1,82,"777777777777","777777777777","777777777777",1,0
12,122632,2,2,1,9,12,14,9,12,6,1,0,12,3,12,481,12481,31,2011,"1FD0W5HT4BEB","1","F","D","0","W","5","H","T","4","B","E","B",1,1,0,"000000000","00000000000",0,0,0,1,0,0,0,0,0,0,0,40,0,0,0,12,6,2,12,0,0,0,1,12,32656,6,1,1,0,3,3,62,999,0,0,0,1,1,12,2014,9,2015,0,0,0,0,0,1,2,45,1,1,8,1,0,0,1,67,99,1,1,83,"5SLBG14218L0","777777777777","777777777777",0,0
12,122633,1,3,1,10,12,11,10,12,1,1,0,12,2,24,7,24007,4,2004,"1G8AJ52F44Z2","1","G","8","A","J","5","2","F","4","4","Z","2",0,0,0,"000000000","00000000000",0,0,0,1,0,0,0,0,0,0,0,50,0,0,0,12,6,2,12,0,0,0,1,12,32780,6,1,0,0,3,0,74,999,0,0,0,0,0,0,0,0,0,0,6,0,0,0,2,2,50,1,5,8,1,0,0,1,50,1,1,1,20,"777777777777","777777777777","777777777777",0,0
12,122633,2,3,1,10,12,11,10,12,1,1,0,12,1,73,706,73706,80,2006,"JKBVNAN186A0","J","K","B","V","N","A","N","1","8","6","A","0",0,0,0,"000000000","00000000000",0,0,0,1,0,0,0,0,0,0,0,0,0,0,0,6,6,2,12,0,0,0,1,12,32922,6,1,0,0,3,0,70,999,0,0,0,0,0,0,0,0,0,0,0,0,0,0,2,2,50,1,5,8,1,0,0,5,53,1,1,1,21,"777777777777","777777777777","777777777777",1,0
12,122633,3,3,1,10,12,11,10,12,1,1,0,12,3,51,881,51881,63,2000,"4V5JC2RFXYN8","4","V","5","J","C","2","R","F","X","Y","N","8",0,0,12,"8948590","128948590",3,2,4,1,0,0,0,0,0,0,0,0,0,0,0,6,2,3,12,0,0,0,1,12,32927,6,1,6,3,3,0,69,999,0,1,0,0,0,6,2012,6,2012,0,0,0,0,0,2,2,50,1,5,8,1,0,0,5,53,1,1,1,98,"777777777777","777777777777","777777777777",0,0
12,122634,1,1,1,13,12,6,1,38,0,1,0,12,2,20,461,20461,21,2002,"1GBFG15R7211","1","G","B","F","G","1","5","R","7","2","1","1",0,0,0,"000000000","00000000000",0,0,0,1,0,0,0,0,0,0,0,35,0,0,0,12,6,2,42,0,0,0,1,12,32514,6,1,0,0,3,3,71,999,0,0,0,0,0,0,0,0,0,0,6,0,0,0,1,2,35,1,5,2,2,0,0,1,13,99,1,4,1,"777777777777","777777777777","777777777777",1,0
12,122635,1,1,1,4,12,16,19,1,0,1,0,12,1,72,709,72709,80,1994,"1HD1BJL40RY0","1","H","D","1","B","J","L","4","0","R","Y","0",0,0,0,"000000000","00000000000",0,0,0,1,0,0,0,0,0,0,0,35,0,0,0,0,4,3,1,0,0,0,1,12,33584,6,1,0,0,3,0,69,999,0,0,0,0,0,0,0,0,0,0,6,0,0,0,2,3,50,1,1,8,1,0,0,1,98,99,1,1,98,"777777777777","777777777777","777777777777",1,1
12,122636,1,2,1,9,12,6,30,12,2,1,0,12,1,49,32,49032,4,2010,"1NXBU4EE1AZ2","1","N","X","B","U","4","E","E","1","A","Z","2",0,0,0,"000000000","00000000000",0,0,0,1,0,0,0,0,0,0,0,45,0,0,0,12,6,2,12,0,0,0,1,12,34690,6,1,0,0,3,0,74,999,0,0,0,0,2,6,2012,10,2015,0,51,0,0,0,1,2,45,1,1,8,2,0,0,1,54,99,1,1,52,"777777777777","777777777777","777777777777",1,0
12,122636,2,2,9,9,12,6,30,12,2,1,0,12,1,20,461,20461,21,2003,"1GAHG39U4311","1","G","A","H","G","3","9","U","4","3","1","1",1,1,0,"000000000","00000000000",0,0,0,1,0,0,0,0,0,0,0,45,0,0,0,12,6,2,12,0,0,0,1,12,33548,6,1,0,0,3,0,65,999,1,0,0,0,1,1,2013,3,2013,0,0,0,0,0,1,2,45,1,1,8,2,0,0,1,54,99,1,1,52,"55YBE1016GN0","777777777777","777777777777",0,0
12,122637,1,2,1,7,12,21,49,12,6,1,0,12,2,7,482,7482,31,2003,"1D7HA18N33S3","1","D","7","H","A","1","8","N","3","3","S","3",0,0,0,"000000000","00000000000",0,0,0,1,0,0,0,0,0,0,0,65,0,0,0,12,6,2,12,0,0,0,1,12,32763,6,1,0,0,3,0,69,999,0,0,0,0,0,0,0,0,0,0,39,0,0,0,2,3,50,1,6,8,1,3,3,1,17,99,1,1,83,"777777777777","777777777777","777777777777",0,1
12,122637,2,2,3,7,12,21,49,12,6,1,0,12,1,63,34,63034,4,2016,"5XXGT4L37GG0","5","X","X","G","T","4","L","3","7","G","G","0",0,0,0,"000000000","00000000000",0,0,0,1,0,0,0,0,0,0,0,20,0,0,0,8,6,2,12,0,0,0,1,12,32763,6,1,0,0,3,0,66,999,0,0,0,0,0,0,0,0,0,0,0,0,0,0,1,2,25,1,5,8,1,3,3,11,15,99,1,1,82,"777777777777","777777777777","777777777777",1,0
12,122638,1,1,2,12,12,21,9,24,0,1,0,12,1,19,14,19014,4,2000,"1G6KS54Y2YU2","1","G","6","K","S","5","4","Y","2","Y","U","2",0,0,0,"000000000","00000000000",0,0,0,1,0,0,0,0,0,0,0,70,0,1,3,3,6,2,24,0,0,0,1,12,34608,1,1,0,0,2,3,68,999,1,0,2,0,2,12,2012,12,2016,0,6,58,0,0,3,3,65,1,6,8,1,0,0,1,12,99,4,4,7,"777777777777","777777777777","777777777777",1,1
12,122639,1,2,3,12,12,17,20,12,2,1,0,12,1,49,442,49442,20,2000,"4T3ZF13C5YU2","4","T","3","Z","F","1","3","C","5","Y","U","2",0,0,0,"000000000","00000000000",0,0,0,1,0,0,0,0,0,0,0,65,0,0,0,12,6,2,12,0,0,0,1,12,34950,6,1,0,0,3,0,73,999,0,0,0,0,0,0,0,0,0,0,35,0,0,0,1,2,60,1,1,8,1,0,0,6,10,99,1,2,50,"777777777777","777777777777","777777777777",1,0
12,122639,2,2,1,12,12,17,20,12,2,1,0,17,3,82,881,82881,66,2005,"1FUJA6CK55LU","1","F","U","J","A","6","C","K","5","5","L","U",1,1,17,"192955","17192955",3,6,1,1,0,0,0,0,0,0,0,55,0,0,0,12,6,2,12,0,0,0,1,12,33809,6,1,6,3,3,3,74,999,0,0,0,0,0,0,0,0,0,0,0,0,0,0,1,2,60,1,1,8,1,0,0,1,62,99,1,1,51,"888888888888","777777777777","777777777777",0,0
12,122640,1,2,1,9,12,5,21,12,6,1,0,12,1,30,40,30040,4,2002,"3VWSE69M12M1","3","V","W","S","E","6","9","M","1","2","M","1",0,0,0,"000000000","00000000000",0,0,0,1,0,0,0,0,0,0,0,45,0,0,0,1,6,2,12,0,0,0,1,47,37087,3,1,0,0,2,3,66,999,0,0,0,0,0,0,0,0,0,0,28,0,0,0,1,2,45,3,1,8,2,0,0,14,10,99,1,2,64,"777777777777","777777777777","777777777777",1,0
12,122640,2,2,1,9,12,5,21,12,6,1,0,12,3,84,983,84983,50,2006,"4DRBWAAN66A1","4","D","R","B","W","A","A","N","6","6","A","1",0,0,88,"888888888","88888888888",3,21,22,1,0,0,0,0,1,2,0,30,0,0,0,12,6,2,12,0,0,0,1,12,33905,6,1,6,0,3,3,60,999,1,1,0,1,0,5,2013,6,2016,0,0,0,0,0,1,2,45,2,1,8,2,0,0,14,62,99,1,1,65,"777777777777","777777777777","777777777777",0,0
12,122641,1,2,1,10,12,1,3,12,1,1,0,12,1,73,706,73706,80,2011,"JKAZXCJ12BA0","J","K","A","Z","X","C","J","1","2","B","A","0",0,0,0,"000000000","00000000000",0,0,0,1,0,0,0,0,0,0,0,75,0,0,0,12,6,2,24,0,0,0,1,12,32713,6,1,0,0,3,0,75,999,0,1,0,0,1,8,2015,11,2015,0,6,0,0,0,3,3,70,1,1,8,1,0,0,6,51,99,1,1,24,"777777777777","777777777777","777777777777",1,1
12,122641,2,2,1,10,12,1,3,12,1,1,0,12,3,35,461,35461,21,2016,"1N6BF0KY9GN8","1","N","6","B","F","0","K","Y","9","G","N","8",0,0,0,"000000000","00000000000",0,0,0,1,0,0,0,0,0,0,0,70,0,0,0,6,4,5,12,0,0,0,1,12,32812,6,1,0,0,3,3,68,999,0,0,0,0,0,0,0,0,0,0,0,0,0,0,3,3,70,1,1,8,1,0,0,1,53,99,1,1,25,"777777777777","777777777777","777777777777",0,0
12,122642,1,2,2,10,12,18,10,8,0,1,0,12,1,12,17,12017,4,2014,"1FAHP2E81EG1","1","F","A","H","P","2","E","8","1","E","G","1",0,0,0,"000000000","00000000000",0,0,0,1,0,0,0,0,0,0,0,55,0,0,0,12,6,2,8,0,0,0,1,12,32566,6,1,0,0,3,3,72,999,0,0,0,0,0,0,0,0,0,0,0,0,0,0,2,3,55,1,1,8,1,3,3,1,80,99,1,1,13,"777777777777","777777777777","777777777777",0,0
12,122642,2,2,4,10,12,18,10,8,0,1,0,12,2,20,404,20404,14,2010,"2CNALDEW8A63","2","C","N","A","L","D","E","W","8","A","6","3",0,0,0,"000000000","00000000000",0,0,0,1,0,0,0,0,0,0,0,55,0,0,0,14,4,3,8,0,0,0,1,18,46992,6,1,0,0,3,0,63,180,0,0,0,0,0,0,0,0,0,0,0,0,0,0,2,3,55,1,1,8,1,3,3,1,80,99,1,1,98,"777777777777","777777777777","777777777777",0,0
12,122643,1,2,2,11,12,20,30,12,6,1,0,12,1,6,52,6052,6,2002,"3C8FY68BX2T2","3","C","8","F","Y","6","8","B","X","2","T","2",0,0,0,"000000000","00000000000",0,0,0,1,0,0,0,0,0,0,0,15,0,0,0,3,6,2,12,0,0,0,1,12,32401,6,1,0,0,3,0,69,999,0,0,0,0,0,0,0,0,0,0,38,0,0,0,2,4,45,1,5,8,2,3,3,11,15,99,1,1,68,"777777777777","777777777777","777777777777",1,0
12,122643,2,2,3,11,12,20,30,12,6,1,0,12,1,23,481,23481,31,2007,"1GTHK23677F5","1","G","T","H","K","2","3","6","7","7","F","5",0,0,0,"000000000","00000000000",0,0,0,1,0,0,0,0,0,0,0,45,0,1,5,12,6,2,12,0,0,0,1,12,32425,6,1,0,0,3,3,71,999,0,0,0,0,0,0,0,0,0,0,0,0,0,0,2,4,45,1,6,8,2,3,3,1,62,16,1,1,69,"777777777777","777777777777","777777777777",0,0