"STATE","ST_CASE","VEH_NO","VE_FORMS","NUMOCCS","DAY","MONTH","HOUR","MINUTE","HARM_EV","MAN_COLL","UNITTYPE","HIT_RUN","REG_STAT","OWNER","MAKE","MODEL","MAK_MOD","BODY_TYP","MOD_YEAR","VIN","VIN_1","VIN_2","VIN_3","VIN_4","VIN_5","VIN_6","VIN_7","VIN_8","VIN_9","VIN_10","VIN_11","VIN_12","TOW_VEH","J_KNIFE","MCARR_I1","MCARR_I2","MCARR_ID","GVWR","V_CONFIG","CARGO_BT","HAZ_INV","HAZ_PLAC","HAZ_ID","HAZ_CNO","HAZ_REL","BUS_USE","SPEC_USE","EMER_USE","TRAV_SP","UNDERIDE","ROLLOVER","ROLINLOC","IMPACT1","DEFORMED","TOWED","M_HARM","VEH_SC1","VEH_SC2","FIRE_EXP","DR_PRES","L_STATE","DR_ZIP","L_STATUS","L_TYPE","CDL_STAT","L_ENDORS","L_COMPL","L_RESTRI","DR_HGT","DR_WGT","PREV_ACC","PREV_SUS","PREV_DWI","PREV_SPD","PREV_OTH","FIRST_MO","FIRST_YR","LAST_MO","LAST_YR","SPEEDREL","DR_SF1","DR_SF2","DR_SF3","DR_SF4","VTRAFWAY","VNUM_LAN","VSPD_LIM","VALIGN","VPROFILE","VPAVETYP","VSURCOND","VTRAFCON","VTCONT_F","P_CRASH1","P_CRASH2","P_CRASH3","PCRASH4","PCRASH5","ACC_TYPE","TRLR1VIN","TRLR2VIN","TRLR3VIN","DEATHS","DR_DRINK"
12,122644,1,5,1,7,12,15,24,12,1,1,0,12,2,37,403,37403,14,2005,"5J6YH28685L0","5","J","6","Y","H","2","8","6","8","5","L","0",0,0,0,"000000000","00000000000",0,0,0,1,0,0,0,0,0,0,0,55,0,0,0,12,6,2,12,0,0,0,1,12,33136,2,1,0,0,2,0,66,999,0,4,0,1,0,10,2013,3,2016,0,6,0,0,0,2,3,55,1,1,8,1,3,3,1,50,99,1,1,20,"777777777777","777777777777","777777777777",1,0
12,122644,2,5,1,7,12,15,24,12,1,1,0,12,1,12,481,12481,31,2014,"1FTFW1EF5EKD","1","F","T","F","W","1","E","F","5","E","K","D",0,0,0,"000000000","00000000000",0,0,0,1,0,0,0,0,0,0,0,0,0,0,0,6,6,2,12,0,0,0,1,12,32720,6,1,6,0,3,0,76,999,0,0,0,0,0,0,0,0,0,0,0,0,0,0,2,3,55,1,1,8,1,3,3,5,53,99,1,1,21,"777777777777","777777777777","777777777777",0,0
12,122644,3,5,2,7,12,15,24,12,1,1,0,12,1,35,50,35050,4,2011,"3N1BC1CP2BL4","3","N","1","B","C","1","C","P","2","B","L","4",0,0,0,"000000000","00000000000",0,0,0,1,0,0,0,0,0,0,0,0,0,0,0,6,6,2,12,0,0,0,1,12,32114,6,1,0,0,3,0,62,999,0,0,0,1,1,10,2014,11,2015,0,0,0,0,0,2,3,55,1,1,8,1,3,3,5,53,99,1,1,98,"777777777777","777777777777","777777777777",0,0
12,122644,4,5,1,7,12,15,24,12,1,1,0,12,1,37,31,37031,4,2013,"19XFB2F55DE0","1","9","X","F","B","2","F","5","5","D","E","0",0,0,0,"000000000","00000000000",0,0,0,1,0,0,0,0,0,0,0,0,0,0,0,6,4,5,12,0,0,0,1,12,32724,6,1,0,0,3,3,66,999,0,0,0,0,0,0,0,0,0,0,0,0,0,0,2,3,55,1,1,8,1,3,3,5,53,99,1,1,98,"777777777777","777777777777","777777777777",0,0
12,122644,5,5,1,7,12,15,24,12,1,1,0,12,3,12,481,12481,31,2008,"1FDAF57R58EB","1","F","D","A","F","5","7","R","5","8","E","B",0,0,0,"000000000","00000000000",0,0,0,1,0,0,0,0,0,0,0,0,0,0,0,6,2,5,54,0,0,0,1,12,32720,6,1,6,0,3,3,70,999,0,0,0,0,0,0,0,0,0,0,0,0,0,0,2,3,55,1,1,8,1,3,3,5,60,7,1,2,98,"777777777777","777777777777","777777777777",0,0
12,122645,1,2,1,10,12,9,38,12,6,1,0,12,1,14,17,14017,4,2000,"1MEFM55S4YA6","1","M","E","F","M","5","5","S","4","Y","A","6",0,0,0,"000000000","00000000000",0,0,0,1,0,0,0,0,0,0,0,5,0,0,0,9,6,2,12,0,0,0,1,12,34205,6,1,0,0,3,3,66,999,0,0,0,0,0,0,0,0,0,0,38,0,0,0,1,2,30,1,1,8,1,20,3,1,17,99,1,1,89,"777777777777","777777777777","777777777777",1,0
12,122645,2,2,1,10,12,9,38,12,6,1,0,12,2,63,34,63034,4,2009,"KNAGE2288953","K","N","A","G","E","2","2","8","8","9","5","3",0,0,0,"000000000","00000000000",0,0,0,1,0,0,0,0,0,0,0,35,0,0,0,12,6,2,12,0,0,0,1,12,34221,1,1,0,0,2,0,69,999,0,1,0,0,0,6,2015,6,2015,3,0,0,0,0,1,2,35,1,1,8,1,0,0,1,66,99,1,1,88,"777777777777","777777777777","777777777777",0,0
12,122646,1,2,1,10,12,1,30,12,1,1,0,12,2,82,881,82881,66,1997,"1FUPCSZB2VL7","1","F","U","P","C","S","Z","B","2","V","L","7",0,0,12,"2026299","122026299",3,5,96,1,0,0,0,0,0,0,0,70,0,0,0,12,6,2,12,0,0,0,1,12,33905,6,1,6,0,3,0,70,999,0,0,0,0,0,0,0,0,0,0,0,0,0,0,3,3,70,1,1,8,1,0,0,1,50,99,1,1,20,"777777777777","777777777777","777777777777",0,0
12,122646,2,2,1,10,12,1,30,12,1,1,0,12,1,49,40,49040,4,2000,"4T1BG22K2YU9","4","T","1","B","G","2","2","K","2","Y","U","9",0,0,0,"000000000","00000000000",0,0,0,1,0,0,0,0,0,0,0,0,0,0,0,6,6,2,12,0,0,0,1,12,32780,6,1,6,0,3,0,63,999,0,1,0,0,0,12,2013,12,2013,0,0,0,0,0,3,6,70,1,1,8,1,0,0,7,53,1,1,1,21,"777777777777","777777777777","777777777777",1,0
12,122647,1,1,4,8,12,6,42,33,0,1,0,12,1,7,482,7482,31,2011,"1D7RB1GT9BS5","1","D","7","R","B","1","G","T","9","B","S","5",0,0,0,"000000000","00000000000",0,0,0,1,0,0,0,0,0,0,0,60,0,1,3,12,6,2,1,0,0,0,1,12,32771,6,1,0,0,3,0,72,999,0,0,0,0,0,0,0,0,0,0,0,0,0,0,2,2,45,3,1,8,1,0,0,14,12,99,1,4,6,"777777777777","777777777777","777777777777",0,0
12,122648,1,1,3,13,12,1,39,42,0,1,0,48,2,6,43,6043,2,2001,"4C3AU52H01E0","4","C","3","A","U","5","2","H","0","1","E","0",0,0,0,"000000000","00000000000",0,0,0,1,0,0,0,0,0,0,0,998,0,1,3,11,6,2,42,0,0,1,1,12,33710,1,1,0,0,2,0,71,999,0,0,0,0,0,0,0,0,0,0,0,0,0,0,2,5,45,2,1,8,1,0,0,14,12,99,3,4,7,"777777777777","777777777777","777777777777",1,1
12,122649,1,2,3,12,12,7,32,12,2,1,0,12,2,12,423,12423,16,2000,"1FMSU43F3YEC","1","F","M","S","U","4","3","F","3","Y","E","C",0,0,0,"000000000","00000000000",0,0,0,1,0,0,0,0,0,0,0,55,0,1,5,12,6,2,12,0,0,0,1,12,33982,6,1,0,0,3,0,69,999,0,0,0,0,0,0,0,0,0,0,35,0,0,0,1,2,55,1,1,8,2,0,0,6,10,99,1,2,50,"777777777777","777777777777","777777777777",0,0
12,122649,2,2,1,12,12,7,32,12,2,1,0,12,3,6,441,6441,20,2006,"2A4GP44R16R7","2","A","4","G","P","4","4","R","1","6","R","7",0,0,0,"000000000","00000000000",0,0,0,1,0,0,0,0,0,0,0,55,0,0,0,12,6,2,12,0,0,0,1,12,33976,6,1,6,0,3,0,73,999,0,0,0,0,4,6,2012,11,2016,0,0,0,0,0,1,2,55,1,1,8,2,0,0,1,62,7,1,2,51,"777777777777","777777777777","777777777777",1,0
12,122650,1,1,1,10,12,10,48,53,0,1,0,12,1,12,17,12017,4,1999,"1FAFP52U0XA3","1","F","A","F","P","5","2","U","0","X","A","3",0,0,0,"000000000","00000000000",0,0,0,1,0,0,0,0,0,0,0,45,0,0,0,13,6,2,8,0,0,0,1,12,32708,6,1,0,0,3,0,66,999,0,0,0,0,1,3,2012,3,2012,0,6,0,0,0,3,4,45,1,1,8,1,0,0,1,13,99,1,4,1,"777777777777","777777777777","777777777777",0,0
12,122652,1,2,99,9,12,22,57,12,6,1,1,12,9,12,481,12481,31,1999,"1FTRX17L4XNB","1","F","T","R","X","1","7","L","4","X","N","B",0,0,0,"000000000","00000000000",0,0,0,1,0,0,0,0,0,0,0,45,0,0,0,1,6,2,12,0,0,0,1,99,99999,9,9,99,9,9,9,999,999,99,99,99,99,99,99,9999,99,9999,9,0,0,0,0,5,4,45,1,1,8,1,3,3,11,15,99,1,1,68,"777777777777","777777777777","777777777777",0,0
12,122652,2,2,2,9,12,22,57,12,6,1,0,12,2,35,47,35047,4,2005,"1N4AL11D55C3","1","N","4","A","L","1","1","D","5","5","C","3",0,0,0,"000000000","00000000000",0,0,0,1,0,0,0,0,0,0,0,45,0,0,0,12,6,2,12,0,0,0,1,12,32818,1,1,0,0,2,0,70,999,0,1,0,1,0,7,2013,3,2014,0,0,0,0,0,5,4,45,1,1,8,1,3,3,1,62,99,1,1,69,"777777777777","777777777777","777777777777",1,0
12,122653,1,1,1,13,12,3,52,3,0,1,0,12,1,3,431,3431,16,2005,"5GRGN23U05H1","5","G","R","G","N","2","3","U","0","5","H","1",0,0,0,"000000000","00000000000",0,0,0,1,0,0,0,0,0,0,0,20,0,0,0,0,6,2,3,0,0,0,1,12,34209,6,1,0,0,3,3,69,999,0,1,0,0,0,1,2012,1,2012,0,39,0,0,0,3,2,20,1,1,8,1,20,3,1,14,99,1,4,0,"777777777777","777777777777","777777777777",1,0
12,122654,1,2,1,13,12,6,30,12,6,1,0,12,1,20,481,20481,31,2005,"2GCEK13T4511","2","G","C","E","K","1","3","T","4","5","1","1",0,0,0,"000000000","00000000000",0,0,0,1,0,0,0,0,0,0,0,10,0,0,0,9,4,5,12,0,0,0,1,12,32024,6,1,0,0,3,3,66,999,0,0,0,0,0,0,0,0,0,0,38,0,0,0,1,2,30,1,1,8,1,20,3,11,15,99,1,1,82,"777777777777","777777777777","777777777777",0,0
12,122654,2,2,1,13,12,6,30,12,6,1,0,12,1,72,706,72706,80,2006,"1HD1FCW136Y6","1","H","D","1","F","C","W","1","3","6","Y","6",0,0,0,"000000000","00000000000",0,0,0,1,0,0,0,0,0,0,0,55,0,0,0,12,6,2,12,0,0,0,1,12,32619,6,1,0,0,3,3,70,999,1,0,0,0,1,12,2015,1,2016,0,0,0,0,0,1,2,55,1,1,8,1,0,0,1,67,99,1,1,83,"777777777777","777777777777","777777777777",1,0
12,122655,1,2,1,19,11,0,48,12,2,1,0,12,2,24,1,24001,4,2002,"1G8ZK52742Z2","1","G","8","Z","K","5","2","7","4","2","Z","2",0,0,0,"000000000","00000000000",0,0,0,1,0,0,0,0,0,0,0,50,0,0,0,12,6,2,12,0,0,0,1,12,32404,6,1,0,0,3,0,72,999,0,1,0,1,0,1,2013,8,2013,0,51,0,0,0,3,4,60,3,1,8,1,0,0,14,54,6,1,1,53,"777777777777","777777777777","777777777777",1,1
12,122655,2,2,2,19,11,0,48,12,2,1,0,12,2,18,2,18002,4,2004,"1G4HP52K9441","1","G","4","H","P","5","2","K","9","4","4","1",0,0,0,"000000000","00000000000",0,0,0,1,0,0,0,0,0,0,0,60,0,0,0,12,6,2,12,0,0,0,1,12,32401,0,0,0,0,0,0,999,999,0,0,0,0,0,0,0,0,0,0,0,0,0,0,3,4,65,2,1,8,1,0,0,14,54,7,1,1,53,"777777777777","777777777777","777777777777",0,0
12,122656,1,1,2,9,12,18,30,8,0,1,0,12,1,23,421,23421,15,2004,"1GKEC13VX4R2","1","G","K","E","C","1","3","V","X","4","R","2",0,0,0,"000000000","00000000000",0,0,0,1,0,0,0,0,0,0,0,35,0,0,0,12,2,3,8,0,0,0,1,12,33043,6,1,0,0,3,3,59,999,0,1,0,0,0,10,2014,10,2014,0,0,0,0,0,5,4,35,1,1,8,1,0,0,1,80,99,1,1,13,"777777777777","777777777777","777777777777",0,0
12,122657,1,3,3,24,11,16,16,12,6,1,0,12,1,37,32,37032,4,1998,"1HGCG5644WA1","1","H","G","C","G","5","6","4","4","W","A","1",0,0,0,"000000000","00000000000",0,0,0,1,0,0,0,0,0,0,0,15,0,0,0,3,6,2,12,0,0,0,1,12,32824,6,1,0,0,3,3,67,999,0,0,0,0,0,0,0,0,0,0,38,0,0,0,3,4,45,1,1,8,1,3,3,11,15,99,1,1,68,"777777777777","777777777777","777777777777",1,0
12,122657,2,3,2,24,11,16,16,12,6,1,0,12,1,55,35,55035,4,2006,"KMHDN46D76U2","K","M","H","D","N","4","6","D","7","6","U","2",0,0,0,"000000000","00000000000",0,0,0,1,0,0,0,0,0,0,0,45,0,0,0,12,6,2,12,0,0,0,1,12,34741,6,1,0,0,3,0,61,999,0,0,0,0,0,0,0,0,0,0,0,0,0,0,3,4,45,1,1,8,1,3,3,1,62,99,1,1,69,"777777777777","777777777777","777777777777",0,0
12,122657,3,3,2,24,11,16,16,12,6,1,0,12,3,55,33,55033,4,2016,"5NPE24AF7GH3","5","N","P","E","2","4","A","F","7","G","H","3",0,0,0,"000000000","00000000000",0,0,0,1,0,0,0,0,0,0,0,0,0,0,0,12,4,5,12,0,0,0,1,99,99999,9,9,99,9,9,9,999,999,99,99,99,99,99,99,9999,99,9999,0,0,0,0,0,3,4,25,1,1,8,1,3,3,5,62,99,1,1,98,"777777777777","777777777777","777777777777",0,0
12,122658,1,2,1,10,12,17,50,12,2,1,0,12,1,19,21,19021,4,2005,"1G6DC67A0502","1","G","6","D","C","6","7","A","0","5","0","2",0,0,0,"000000000","00000000000",0,0,0,1,0,0,0,0,0,0,0,50,0,0,0,12,6,2,12,0,0,0,1,12,34684,6,1,0,0,3,3,68,999,0,0,0,0,0,0,0,0,0,0,6,0,0,0,2,4,55,1,1,8,1,0,0,1,10,99,1,2,50,"777777777777","777777777777","777777777777",0,0
12,122658,2,2,1,10,12,17,50,12,2,1,0,12,1,6,52,6052,6,2001,"3C8FY4BB81T5","3","C","8","F","Y","4","B","B","8","1","T","5",0,0,0,"000000000","00000000000",0,0,0,1,0,0,0,0,0,0,0,55,0,0,0,12,6,2,12,0,0,0,1,12,33707,6,1,0,0,3,0,68,999,0,0,0,0,1,1,2016,1,2016,0,0,0,0,0,2,4,55,1,1,8,1,0,0,1,62,99,1,1,51,"777777777777","777777777777","777777777777",1,0
12,122659,1,2,1,28,11,17,55,12,6,1,0,51,1,20,481,20481,31,2001,"1GCEK14V61Z2","1","G","C","E","K","1","4","V","6","1","Z","2",0,0,0,"000000000","00000000000",0,0,0,1,0,0,0,0,0,0,0,20,0,0,0,1,6,2,12,0,0,0,1,12,34266,6,1,0,0,3,0,71,999,0,1,0,0,0,8,2013,8,2013,0,0,0,0,0,2,2,45,1,1,8,2,0,0,11,15,99,1,1,82,"777777777777","777777777777","777777777777",1,0
12,122659,2,2,3,28,11,17,55,12,6,1,0,12,2,6,441,6441,20,2001,"2C8GP64LX1R2","2","C","8","G","P","6","4","L","X","1","R","2",0,0,0,"000000000","00000000000",0,0,0,1,0,0,0,0,0,0,0,45,0,0,0,12,6,2,12,0,0,0,1,12,34219,6,1,0,0,3,0,68,999,0,0,0,0,0,0,0,0,0,0,0,0,0,0,2,2,45,1,1,8,2,0,0,1,67,99,1,1,83,"777777777777","777777777777","777777777777",0,0
12,122660,1,2,1,4,12,21,40,8,0,1,0,12,2,55,33,55033,4,2008,"5NPEU46F48H3","5","N","P","E","U","4","6","F","4","8","H","3",0,0,0,"000000000","00000000000",0,0,0,1,0,0,0,0,0,0,0,55,0,0,0,12,6,2,8,0,0,0,1,12,32207,6,1,0,0,3,0,69,999,0,0,0,2,0,8,2015,12,2015,0,0,0,0,0,1,2,60,1,1,8,1,0,0,1,80,99,1,1,13,"777777777777","777777777777","777777777777",0,0
12,122660,2,2,1,4,12,21,40,8,0,1,0,12,1,13,12,13012,4,2002,"1LNHM87A72Y6","1","L","N","H","M","8","7","A","7","2","Y","6",0,0,0,"000000000","00000000000",0,0,0,1,0,0,0,0,0,0,0,55,0,0,0,12,4,3,8,0,0,0,1,12,32210,6,1,0,0,3,0,73,999,0,0,0,0,0,0,0,0,0,0,0,0,0,0,1,2,60,1,1,8,1,0,0,1,80,99,1,1,98,"777777777777","777777777777","777777777777",0,0
12,122661,1,3,1,1,12,17,5,12,2,1,0,12,1,12,37,12037,4,2002,"1FAFP34322W2","1","F","A","F","P","3","4","3","2","2","W","2",0,0,0,"000000000","00000000000",0,0,0,1,0,0,0,0,0,0,0,998,0,0,0,12,6,2,12,0,0,0,1,12,32117,6,1,0,0,3,0,61,999,0,0,0,0,0,0,0,0,0,0,6,28,0,0,1,2,25,1,1,8,1,0,0,6,54,99,1,2,50,"777777777777","777777777777","777777777777",1,0
12,122661,2,3,2,1,12,17,5,12,2,1,0,12,1,7,402,7402,14,2003,"1D4HR38N93F5","1","D","4","H","R","3","8","N","9","3","F","5",0,0,0,"000000000","00000000000",0,0,0,1,0,0,0,0,0,0,0,998,0,0,0,12,6,2,12,0,0,0,1,12,32117,6,1,0,0,3,0,64,999,0,0,0,1,0,9,2015,9,2015,0,0,0,0,0,1,2,25,1,1,8,1,0,0,1,62,99,1,1,51,"777777777777","777777777777","777777777777",0,0
12,122661,3,3,1,1,12,17,5,12,2,1,0,12,2,37,402,37402,14,2006,"JHLRD68846C0","J","H","L","R","D","6","8","8","4","6","C","0",0,0,0,"000000000","00000000000",0,0,0,1,0,0,0,0,0,0,0,998,0,0,0,7,4,3,12,0,0,0,1,12,32119,6,1,0,0,3,0,73,999,0,0,0,0,0,0,0,0,0,0,0,0,0,0,1,2,25,1,1,8,1,0,0,1,62,99,1,1,98,"777777777777","777777777777","777777777777",0,0
12,122662,1,2,1,29,11,14,51,12,6,1,0,12,1,55,33,55033,4,2000,"KMHWF35V8YA2","K","M","H","W","F","3","5","V","8","Y","A","2",0,0,0,"000000000","00000000000",0,0,0,1,0,0,0,0,0,0,0,998,0,0,0,61,6,2,12,0,0,0,1,12,33579,6,1,0,0,3,3,75,999,0,1,0,0,0,10,2012,10,2012,0,38,0,0,0,1,2,98,1,1,8,1,20,3,11,15,99,1,1,82,"777777777777","777777777777","777777777777",1,0
12,122662,2,2,1,29,11,14,51,12,6,1,0,12,3,82,881,82881,66,2007,"1FUJA6CV17PW","1","F","U","J","A","6","C","V","1","7","P","W",1,1,77,"777777777","77777777777",3,6,1,1,0,0,0,0,0,0,0,998,0,0,0,12,6,2,12,0,0,0,1,12,33547,6,1,6,0,3,3,75,999,0,0,0,0,0,0,0,0,0,0,0,0,0,0,1,2,60,1,1,8,1,0,0,1,66,99,1,1,83,"1M9SD30336S5","777777777777","777777777777",0,0
12,122663,1,1,1,2,12,20,0,8,0,1,0,12,1,20,473,20473,30,2005,"1GCCS1488582","1","G","C","C","S","1","4","8","8","5","8","2",0,0,0,"000000000","00000000000",0,0,0,1,0,0,0,0,0,0,0,30,0,0,0,12,2,5,8,0,0,0,1,12,33166,6,1,0,0,3,3,72,999,0,0,0,0,0,0,0,0,0,0,0,0,0,0,2,2,35,1,1,8,1,0,0,1,80,99,1,1,13,"777777777777","777777777777","777777777777",0,0
12,122664,1,2,1,1,12,19,21,12,1,1,0,12,1,76,706,76706,80,2015,"JYAVN01E9FA0","J","Y","A","V","N","0","1","E","9","F","A","0",0,0,0,"000000000","00000000000",0,0,0,1,0,0,0,0,0,0,0,45,0,0,0,12,6,2,12,0,0,0,1,12,33974,6,1,0,0,3,0,61,999,0,0,0,0,1,10,2016,10,2016,0,0,0,0,0,2,3,45,1,1,8,1,3,3,1,50,99,1,1,20,"777777777777","777777777777","777777777777",1,1
12,122664,2,2,1,1,12,19,21,12,1,1,0,12,1,42,42,42042,4,2008,"WDDGF54XX8R0","W","D","D","G","F","5","4","X","X","8","R","0",0,0,0,"000000000","00000000000",0,0,0,1,0,0,0,0,0,0,0,0,0,0,0,6,6,2,12,0,0,0,1,12,34112,6,1,0,0,3,0,61,999,0,0,0,0,0,0,0,0,0,0,0,0,0,0,2,3,45,1,1,8,1,3,3,5,53,1,1,1,21,"777777777777","777777777777","777777777777",0,0
12,122665,1,2,3,2,12,13,23,12,2,1,0,12,1,7,24,7024,4,2010,"2B3CA3CV2AH2","2","B","3","C","A","3","C","V","2","A","H","2",0,0,0,"000000000","00000000000",0,0,0,1,0,0,0,0,0,0,0,25,0,0,0,12,6,2,12,0,0,0,1,12,33056,6,1,0,0,3,0,68,999,0,3,0,0,3,8,2014,3,2016,0,0,0,0,0,1,2,30,1,1,8,1,20,3,1,17,99,1,1,90,"777777777777","777777777777","777777777777",0,0
12,122665,2,2,1,2,12,13,23,12,2,1,0,12,1,22,441,22441,20,1999,"1GMDX03E1XD1","1","G","M","D","X","0","3","E","1","X","D","1",0,0,0,"000000000","00000000000",0,0,0,1,0,0,0,0,0,0,0,25,0,0,0,12,6,2,12,0,0,0,1,12,33024,1,1,0,0,2,0,65,999,0,2,0,0,0,7,2015,4,2016,0,0,0,0,0,1,2,30,1,1,8,1,0,0,1,66,99,1,1,90,"777777777777","777777777777","777777777777",1,0
12,122666,1,1,1,9,12,10,48,5,0,1,0,12,1,98,705,98705,80,2005,"KM4MP5784516","K","M","4","M","P","5","7","8","4","5","1","6",0,0,0,"000000000","00000000000",0,0,0,1,0,0,0,0,0,0,0,20,0,0,0,0,6,2,5,0,0,0,1,12,34652,1,1,0,0,2,3,73,999,0,3,0,1,0,6,2016,11,2016,0,0,0,0,0,1,2,25,1,1,8,1,0,0,1,98,99,1,4,0,"777777777777","777777777777","777777777777",1,0
12,122667,1,2,1,5,12,13,50,12,1,1,0,12,3,82,881,82881,63,2016,"1FUJGBDV2GLH","1","F","U","J","G","B","D","V","2","G","L","H",1,1,12,"855033","12855033",3,4,3,1,0,0,0,0,0,0,0,60,0,0,0,12,6,2,42,0,0,0,1,12,33850,6,1,6,0,3,0,69,999,0,0,0,0,0,0,0,0,0,0,6,0,0,0,1,2,60,1,1,8,1,0,0,1,51,99,1,1,24,"888888888888","777777777777","777777777777",0,0
12,122667,2,2,1,5,12,13,50,12,1,1,0,98,1,98,998,98998,93,2011,"999999999999","9","9","9","9","9","9","9","9","9","9","9","9",0,0,0,"000000000","00000000000",0,0,0,1,0,0,0,0,0,0,0,15,0,0,0,6,6,2,12,0,0,0,1,12,33594,6,1,0,0,3,3,64,999,0,0,0,1,0,3,2015,3,2015,0,0,0,0,0,1,2,60,1,1,8,1,0,0,1,53,99,1,1,25,"777777777777","777777777777","777777777777",1,0
12,122668,1,2,1,7,12,12,20,12,2,1,0,98,2,98,734,98734,90,2012,"4XARH45A0CE6","4","X","A","R","H","4","5","A","0","C","E","6",0,0,0,"000000000","00000000000",0,0,0,1,0,0,0,0,0,0,0,15,0,1,1,12,6,2,12,0,0,0,1,12,33834,0,0,0,0,0,0,999,999,0,0,0,0,0,0,0,0,0,0,38,0,0,0,1,2,60,1,5,8,1,0,0,1,10,99,1,2,50,"777777777777","777777777777","777777777777",1,0
12,122668,2,2,2,7,12,12,20,12,2,1,0,12,1,7,442,7442,20,2009,"2D8HN44E49R5","2","D","8","H","N","4","4","E","4","9","R","5",0,0,0,"000000000","00000000000",0,0,0,1,0,0,0,0,0,0,0,60,0,0,0,12,6,2,12,0,0,0,1,12,33825,6,1,6,0,3,0,71,999,0,0,0,0,0,0,0,0,0,0,0,0,0,0,1,2,60,1,5,8,1,0,0,1,62,6,1,1,51,"777777777777","777777777777","777777777777",0,0
12,122669,1,1,3,11,12,3,11,30,0,1,0,44,2,63,38,63038,5,2015,"KNAFK4A68F52","K","N","A","F","K","4","A","6","8","F","5","2",0,0,0,"000000000","00000000000",0,0,0,1,0,0,0,0,0,0,0,70,0,0,0,12,6,2,30,0,0,0,1,12,34741,0,0,0,0,0,0,999,999,0,0,0,0,0,0,0,0,0,0,36,0,0,0,3,3,70,1,1,8,1,0,0,1,13,99,1,4,1,"777777777777","777777777777","777777777777",1,0
12,122670,1,2,1,27,11,17,9,12,6,1,0,12,1,42,48,42048,4,2013,"WDDHF5KB9DA7","W","D","D","H","F","5","K","B","9","D","A","7",0,0,0,"000000000","00000000000",0,0,0,1,0,0,0,0,0,0,0,20,0,0,0,5,6,2,12,0,0,0,1,12,33619,6,1,0,0,3,0,73,999,0,0,0,2,0,7,2012,4,2016,0,38,0,0,0,3,6,50,1,1,8,1,3,3,11,15,99,1,1,68,"777777777777","777777777777","777777777777",0,0
12,122670,2,2,1,27,11,17,9,12,6,1,0,12,1,30,40,30040,4,2011,"3VWDX7AJ4BM3","3","V","W","D","X","7","A","J","4","B","M","3",0,0,0,"000000000","00000000000",0,0,0,1,0,0,0,0,0,0,0,50,0,0,0,12,6,2,12,0,0,0,1,8,80424,6,1,0,0,3,0,73,999,0,0,0,0,0,0,0,0,0,0,24,0,0,0,3,6,50,1,1,8,1,3,3,1,62,99,1,1,69,"777777777777","777777777777","777777777777",1,0
12,122671,1,2,1,13,12,10,51,12,6,1,0,12,1,49,38,49038,2,1988,"JT2EL31D0J02","J","T","2","E","L","3","1","D","0","J","0","2",0,0,0,"000000000","00000000000",0,0,0,1,0,0,0,0,0,0,0,35,0,0,0,9,6,2,12,0,0,0,1,12,32955,6,1,0,0,3,0,66,999,0,0,0,0,0,0,0,0,0,0,39,0,0,0,3,3,35,1,1,8,1,3,3,1,17,99,1,1,89,"777777777777","777777777777","777777777777",1,0
12,122671,2,2,1,13,12,10,51,12,6,1,0,12,1,49,44,49044,2,2000,"2T1CG22P2YC4","2","T","1","C","G","2","2","P","2","Y","C","4",0,0,0,"000000000","00000000000",0,0,0,1,0,0,0,0,0,0,0,45,0,0,0,12,6,2,12,0,0,0,1,12,32953,6,1,0,0,3,0,66,999,0,0,0,0,0,0,0,0,0,0,0,0,0,0,2,4,45,1,1,8,1,3,3,1,66,99,1,1,88,"777777777777","777777777777","777777777777",0,0
12,122672,1,2,99,12,12,23,0,12,1,1,1,99,9,99,999,99999,99,9999,"999999999999","9","9","9","9","9","9","9","9","9","9","9","9",0,0,0,"000000000","00000000000",0,0,0,1,0,0,0,0,99,99,0,999,0,0,0,6,9,5,12,0,0,0,1,99,99999,9,9,99,9,9,9,999,999,99,99,99,99,99,99,9999,99,9999,0,0,0,0,0,2,4,60,1,1,8,1,0,0,1,53,99,1,1,25,"777777777777","777777777777","777777777777",0,0
12,122672,2,2,1,12,12,23,0,12,1,1,0,12,1,55,33,55033,4,2014,"5NPEB4AC3EH8","5","N","P","E","B","4","A","C","3","E","H","8",0,0,0,"000000000","00000000000",0,0,0,1,0,0,0,0,0,0,0,60,0,0,0,12,6,2,12,0,0,0,1,12,32605,6,1,0,0,3,0,68,999,0,0,0,0,1,11,2014,11,2014,0,0,0,0,0,3,2,60,1,1,8,1,0,0,1,51,99,1,1,24,"777777777777","777777777777","777777777777",1,0
12,122673,1,2,1,9,12,5,30,12,6,1,0,12,1,73,706,73706,80,1999,"JKAZX2C19XA0","J","K","A","Z","X","2","C","1","9","X","A","0",0,0,0,"000000000","00000000000",0,0,0,1,0,0,0,0,0,0,0,80,0,0,0,12,6,2,12,0,0,0,1,12,33009,6,1,6,0,2,3,70,999,0,0,0,0,1,1,2016,1,2016,3,0,0,0,0,2,5,45,1,1,8,1,0,0,1,71,99,1,1,83,"777777777777","777777777777","777777777777",1,0
12,122673,2,2,1,9,12,5,30,12,6,1,0,12,2,20,2,20002,4,2000,"2G1WH55K2Y93","2","G","1","W","H","5","5","K","2","Y","9","3",0,0,0,"000000000","00000000000",0,0,0,1,0,0,0,0,0,0,0,30,0,0,0,7,4,3,12,0,0,0,1,12,33025,6,1,0,0,3,0,64,999,0,0,0,0,0,0,0,0,0,0,0,0,0,0,0,0,0,0,0,0,0,0,0,11,15,99,1,1,82,"777777777777","777777777777","777777777777",0,0