"STATE","ST_CASE","VEH_NO","VE_FORMS","NUMOCCS","DAY","MONTH","HOUR","MINUTE","HARM_EV","MAN_COLL","UNITTYPE","HIT_RUN","REG_STAT","OWNER","MAKE","MODEL","MAK_MOD","BODY_TYP","MOD_YEAR","VIN","VIN_1","VIN_2","VIN_3","VIN_4","VIN_5","VIN_6","VIN_7","VIN_8","VIN_9","VIN_10","VIN_11","VIN_12","TOW_VEH","J_KNIFE","MCARR_I1","MCARR_I2","MCARR_ID","GVWR","V_CONFIG","CARGO_BT","HAZ_INV","HAZ_PLAC","HAZ_ID","HAZ_CNO","HAZ_REL","BUS_USE","SPEC_USE","EMER_USE","TRAV_SP","UNDERIDE","ROLLOVER","ROLINLOC","IMPACT1","DEFORMED","TOWED","M_HARM","VEH_SC1","VEH_SC2","FIRE_EXP","DR_PRES","L_STATE","DR_ZIP","L_STATUS","L_TYPE","CDL_STAT","L_ENDORS","L_COMPL","L_RESTRI","DR_HGT","DR_WGT","PREV_ACC","PREV_SUS","PREV_DWI","PREV_SPD","PREV_OTH","FIRST_MO","FIRST_YR","LAST_MO","LAST_YR","SPEEDREL","DR_SF1","DR_SF2","DR_SF3","DR_SF4","VTRAFWAY","VNUM_LAN","VSPD_LIM","VALIGN","VPROFILE","VPAVETYP","VSURCOND","VTRAFCON","VTCONT_F","P_CRASH1","P_CRASH2","P_CRASH3","PCRASH4","PCRASH5","ACC_TYPE","TRLR1VIN","TRLR2VIN","TRLR3VIN","DEATHS","DR_DRINK"
12,122675,1,2,1,14,12,0,2,8,0,1,0,12,1,52,37,52037,3,2008,"4A3AK24F88E0","4","A","3","A","K","2","4","F","8","8","E","0",0,0,0,"000000000","00000000000",0,0,0,1,0,0,0,0,0,0,0,60,0,0,0,12,4,3,8,0,0,0,1,4,85001,6,1,0,0,3,0,65,999,0,2,0,0,0,11,2014,12,2014,0,0,0,0,0,3,4,65,1,1,8,2,0,0,1,80,99,1,1,13,"777777777777","777777777777","777777777777",0,0
12,122675,2,2,1,14,12,0,2,8,0,1,0,12,2,55,33,55033,4,2009,"5NPET46CX9H4","5","N","P","E","T","4","6","C","X","9","H","4",0,0,0,"000000000","00000000000",0,0,0,1,0,0,0,0,0,0,0,65,0,0,0,14,2,3,8,0,0,0,1,12,32904,6,1,0,0,3,3,73,999,0,0,0,0,1,5,2012,5,2012,0,0,0,0,0,3,4,65,1,1,8,2,0,0,1,80,1,1,1,98,"777777777777","777777777777","777777777777",0,0
12,122678,1,1,1,29,11,0,20,8,0,1,0,12,1,59,34,59034,4,2013,"JTHBE1BL5D50","J","T","H","B","E","1","B","L","5","D","5","0",0,0,0,"000000000","00000000000",0,0,0,1,0,0,0,0,0,0,0,25,0,0,0,12,4,5,8,0,0,0,1,12,33138,6,1,0,0,3,3,69,999,0,2,0,1,0,9,2014,5,2016,0,0,0,0,0,1,6,40,1,1,8,1,0,0,11,80,1,1,1,13,"777777777777","777777777777","777777777777",0,0
12,122679,1,1,1,15,12,20,0,9,0,1,1,99,9,99,999,99999,99,9999,"999999999999","9","9","9","9","9","9","9","9","9","9","9","9",0,0,0,"000000000","00000000000",0,0,0,1,0,0,0,0,0,0,0,45,0,0,0,98,9,5,9,0,0,0,1,99,99999,9,9,99,9,9,9,999,999,99,99,99,99,99,99,9999,99,9999,0,0,0,0,0,1,2,45,1,1,8,1,0,0,1,83,99,1,1,13,"777777777777","777777777777","777777777777",0,0
12,122680,1,3,4,15,12,15,0,12,2,1,0,1,1,6,52,6052,6,2008,"3A8FY48B7877","3","A","8","F","Y","4","8","B","7","8","7","7",0,0,0,"000000000","00000000000",0,0,0,1,0,0,0,0,0,0,0,45,0,0,0,12,6,2,12,0,0,0,1,1,36081,6,1,0,0,3,3,63,999,0,0,0,0,0,0,0,0,0,0,39,0,0,0,3,4,45,1,1,8,1,3,3,1,17,99,1,1,90,"777777777777","777777777777","777777777777",1,0
12,122680,2,3,1,15,12,15,0,12,2,1,0,12,3,84,884,84884,64,2010,"1HTMNAAL3AH2","1","H","T","M","N","A","A","L","3","A","H","2",0,0,12,"88111","1288111",2,1,1,1,0,0,0,0,0,0,0,45,0,0,0,12,6,2,12,0,0,0,1,12,32514,6,1,0,0,3,0,66,999,0,0,0,0,0,0,0,0,0,0,0,0,0,0,3,2,45,1,1,8,1,3,3,1,66,99,1,1,90,"777777777777","777777777777","777777777777",0,0
12,122680,3,3,1,15,12,15,0,12,2,1,0,45,3,86,881,86881,66,2013,"1M1AW07Y3DM0","1","M","1","A","W","0","7","Y","3","D","M","0",1,1,45,"1338655","451338655",3,6,1,1,0,0,0,0,0,0,0,45,0,0,0,9,6,2,12,0,0,0,1,12,32221,6,1,6,0,3,3,65,999,0,0,0,0,0,0,0,0,0,0,0,0,0,0,3,2,45,1,1,8,1,3,3,1,62,99,1,1,98,"1GRAA0628250","777777777777","777777777777",0,0
12,122681,1,1,1,15,12,18,0,8,0,1,0,12,1,20,481,20481,31,2005,"1GCEK19Z45Z2","1","G","C","E","K","1","9","Z","4","5","Z","2",0,0,0,"000000000","00000000000",0,0,0,1,0,0,0,0,0,0,0,55,0,0,0,12,2,5,8,0,0,0,1,12,32024,6,1,0,0,3,0,75,999,0,0,0,0,0,0,0,0,0,0,0,0,0,0,1,2,55,1,1,8,1,0,0,6,80,99,1,1,13,"777777777777","777777777777","777777777777",0,0
12,122683,1,2,2,27,11,18,15,12,6,1,0,12,2,14,402,14402,14,2005,"4M2YU561X5DJ","4","M","2","Y","U","5","6","1","X","5","D","J",0,0,0,"000000000","00000000000",0,0,0,1,0,0,0,0,0,0,0,15,0,1,1,3,6,2,12,0,0,0,1,12,34287,6,1,0,0,3,3,60,999,0,0,0,0,0,0,0,0,0,0,38,0,0,0,3,3,45,1,1,8,1,3,3,11,15,99,1,1,68,"777777777777","777777777777","777777777777",0,0
12,122683,2,2,2,27,11,18,15,12,6,1,0,12,1,37,402,37402,14,2014,"3CZRM3H57EG7","3","C","Z","R","M","3","H","5","7","E","G","7",0,0,0,"000000000","00000000000",0,0,0,1,0,0,0,0,0,0,0,40,0,0,0,12,6,2,12,0,0,0,1,12,33953,6,1,0,0,3,0,70,999,0,0,0,0,0,0,0,0,0,0,0,0,0,0,3,3,45,1,1,8,1,3,3,1,62,99,1,1,69,"777777777777","777777777777","777777777777",1,0
12,122685,1,1,1,11,12,2,30,35,0,1,0,12,1,23,422,23422,15,2009,"2GTEK29J3911","2","G","T","E","K","2","9","J","3","9","1","1",0,0,0,"000000000","00000000000",0,0,0,1,0,0,0,0,0,0,0,60,0,0,0,12,6,2,3,0,0,0,1,12,33604,6,1,0,0,2,0,67,999,1,0,0,0,0,1,2015,1,2015,0,0,0,0,0,1,2,40,2,1,8,1,0,0,14,12,99,1,4,6,"777777777777","777777777777","777777777777",1,0
12,122686,1,1,1,13,12,11,0,8,0,1,0,12,1,49,401,49401,14,2007,"JTEZU14R0780","J","T","E","Z","U","1","4","R","0","7","8","0",0,0,0,"000000000","00000000000",0,0,0,1,0,0,0,0,0,0,0,35,0,0,0,12,4,5,8,0,0,0,1,12,33179,6,1,0,0,3,0,62,999,0,0,0,0,0,0,0,0,0,0,0,0,0,0,2,3,40,2,1,8,1,0,0,14,80,99,1,1,13,"777777777777","777777777777","777777777777",0,0
12,122687,1,2,1,5,12,21,56,12,6,1,0,12,1,76,706,76706,80,2007,"JYARN20EX7A0","J","Y","A","R","N","2","0","E","X","7","A","0",0,0,0,"000000000","00000000000",0,0,0,1,0,0,0,0,0,0,0,70,0,0,0,61,6,2,12,0,0,0,1,12,34744,6,1,0,0,2,0,73,999,0,2,0,1,1,1,2013,2,2016,3,0,0,0,0,2,4,45,1,1,8,1,0,0,1,62,99,1,1,98,"777777777777","777777777777","777777777777",1,1
12,122687,2,2,1,5,12,21,56,12,6,1,0,12,1,49,442,49442,20,2000,"4T3ZF13C3YU2","4","T","3","Z","F","1","3","C","3","Y","U","2",0,0,0,"000000000","00000000000",0,0,0,1,0,0,0,0,0,0,0,15,0,0,0,12,6,2,12,0,0,0,1,12,32824,6,1,0,0,3,0,65,999,0,0,0,0,0,0,0,0,0,0,0,0,0,0,2,4,45,1,1,8,1,0,0,12,98,99,1,1,98,"777777777777","777777777777","777777777777",0,0
12,122688,1,3,2,19,12,20,12,8,0,1,0,12,3,12,481,12481,31,2013,"1FTMF1CM8DKG","1","F","T","M","F","1","C","M","8","D","K","G",0,0,0,"000000000","00000000000",0,0,0,1,0,0,0,0,0,0,0,45,0,0,0,12,6,2,8,0,0,0,1,12,32818,6,1,0,0,3,0,71,999,0,0,0,2,0,5,2012,10,2015,0,0,0,0,0,5,5,45,1,1,8,2,0,0,1,80,99,1,1,13,"777777777777","777777777777","777777777777",0,0
12,122688,2,3,99,19,12,20,12,8,0,1,1,99,9,99,999,99999,99,9999,"999999999999","9","9","9","9","9","9","9","9","9","9","9","9",0,0,0,"000000000","00000000000",0,0,0,1,0,0,0,0,0,0,0,45,0,0,0,14,9,5,8,0,0,0,1,99,99999,9,9,99,9,9,9,999,999,99,99,99,99,99,99,9999,99,9999,0,0,0,0,0,5,5,45,1,1,8,2,0,0,1,80,99,1,1,98,"777777777777","777777777777","777777777777",0,0
12,122688,3,3,5,19,12,20,12,8,0,1,0,12,1,35,47,35047,4,2006,"1N4AL11DX6C1","1","N","4","A","L","1","1","D","X","6","C","1",0,0,0,"000000000","00000000000",0,0,0,1,0,0,0,0,0,0,0,45,0,0,0,14,0,5,8,0,0,0,1,12,32818,6,1,0,0,3,0,63,999,0,1,0,3,0,8,2012,5,2016,0,0,0,0,0,5,5,45,1,1,8,2,0,0,1,80,99,1,1,98,"777777777777","777777777777","777777777777",0,0
12,122689,1,1,1,19,12,23,35,8,0,1,0,12,1,37,32,37032,4,2007,"1HGCM56387A1","1","H","G","C","M","5","6","3","8","7","A","1",0,0,0,"000000000","00000000000",0,0,0,1,0,0,0,0,0,0,0,50,0,0,0,12,6,2,8,0,0,0,1,12,32607,6,1,0,0,3,0,59,999,0,0,0,3,0,6,2014,3,2016,0,0,0,0,0,3,2,50,2,1,8,2,0,0,14,80,99,1,1,13,"777777777777","777777777777","777777777777",0,1
12,122690,1,2,1,14,11,1,5,12,1,1,0,42,1,12,37,12037,4,2014,"1FADP3J23EL1","1","F","A","D","P","3","J","2","3","E","L","1",0,0,0,"000000000","00000000000",0,0,0,1,0,0,0,0,0,0,0,60,0,0,0,12,6,2,12,0,0,0,1,42,19380,6,1,0,0,3,3,69,999,0,0,0,0,0,0,0,0,0,0,6,0,0,0,2,5,45,1,1,8,1,4,3,1,51,99,1,1,24,"777777777777","777777777777","777777777777",1,0
12,122690,2,2,2,14,11,1,5,12,1,1,0,18,4,82,881,82881,63,2012,"1FVACXDT4CHB","1","F","V","A","C","X","D","T","4","C","H","B",0,0,77,"777777777","77777777777",3,1,96,1,0,0,0,0,0,0,0,40,0,0,0,6,6,2,12,0,0,0,1,12,33319,6,1,0,0,3,0,66,999,0,0,0,1,0,6,2012,6,2012,0,0,0,0,0,2,5,45,1,1,8,1,4,3,1,53,99,1,1,25,"777777777777","777777777777","777777777777",0,0
12,122691,1,2,3,10,12,23,40,12,6,1,0,12,1,49,50,49050,3,2007,"JTKDE1673701","J","T","K","D","E","1","6","7","3","7","0","1",0,0,0,"000000000","00000000000",0,0,0,1,0,0,0,0,0,0,0,45,0,0,0,5,6,2,12,0,0,0,1,12,34950,6,1,0,0,3,0,71,999,0,1,0,1,3,3,2012,7,2015,0,6,0,0,0,1,2,45,3,1,8,1,0,0,14,13,6,1,6,64,"777777777777","777777777777","777777777777",1,1
12,122691,2,2,2,10,12,23,40,12,6,1,0,12,1,12,481,12481,31,2006,"1FTWW33P56EB","1","F","T","W","W","3","3","P","5","6","E","B",1,1,0,"000000000","00000000000",0,0,0,1,0,0,0,0,0,0,0,15,0,0,0,12,6,2,12,0,0,0,1,12,32210,6,1,6,0,3,0,69,999,0,0,0,1,0,12,2013,12,2013,0,0,0,0,0,1,2,45,2,1,8,1,0,0,14,62,99,1,1,65,"888888888888","777777777777","777777777777",0,0
12,122692,1,2,1,12,12,6,33,12,2,1,0,12,2,49,40,49040,4,2010,"4T1BF3EK4AU1","4","T","1","B","F","3","E","K","4","A","U","1",0,0,0,"000000000","00000000000",0,0,0,1,0,0,0,0,0,0,0,55,0,0,0,12,6,2,12,0,0,0,1,12,34986,6,1,0,0,3,0,72,999,0,0,0,1,0,3,2015,3,2015,0,51,0,0,0,1,2,55,1,1,8,1,0,0,6,54,99,1,1,52,"777777777777","777777777777","777777777777",1,0
12,122692,2,2,10,12,12,6,33,12,2,1,0,12,1,12,461,12461,21,2012,"1FBSS3BL0CDA","1","F","B","S","S","3","B","L","0","C","D","A",0,0,0,"000000000","00000000000",0,0,0,1,0,0,0,0,0,0,0,55,0,0,0,12,6,2,12,0,0,0,1,12,34982,6,1,6,0,3,0,73,999,0,1,0,0,0,10,2016,10,2016,0,0,0,0,0,1,2,55,1,1,8,1,0,0,1,54,99,1,1,52,"777777777777","777777777777","777777777777",0,0
12,122693,1,1,2,3,12,5,3,34,0,1,0,12,2,12,3,12003,2,2007,"1ZVFT80N6752","1","Z","V","F","T","8","0","N","6","7","5","2",0,0,0,"000000000","00000000000",0,0,0,1,0,0,0,0,0,0,0,55,0,1,5,12,6,2,1,0,0,0,1,12,32464,6,1,0,0,3,3,73,999,0,0,0,0,0,0,0,0,0,0,6,0,0,0,1,2,55,1,6,8,1,0,0,1,13,6,1,4,6,"777777777777","777777777777","777777777777",1,0
12,122694,1,2,1,13,12,8,30,12,6,1,0,12,1,12,37,12037,4,2013,"1FADP3F28DL2","1","F","A","D","P","3","F","2","8","D","L","2",0,0,0,"000000000","00000000000",0,0,0,1,0,0,0,0,0,0,0,5,0,0,0,9,6,2,12,0,0,0,1,12,32327,6,1,0,0,3,3,66,999,0,0,0,0,0,0,0,0,0,0,38,0,0,0,1,2,15,1,1,8,2,20,3,11,15,99,1,1,82,"777777777777","777777777777","777777777777",1,0
12,122694,2,2,1,13,12,8,30,12,6,1,0,12,2,2,404,2404,14,1998,"999999999999","9","9","9","9","9","9","9","9","9","9","9","9",0,0,0,"000000000","00000000000",0,0,0,1,0,0,0,0,0,0,0,45,0,0,0,12,6,2,12,0,0,0,1,12,32327,6,1,0,0,3,0,67,999,0,0,0,0,0,0,0,0,0,0,0,0,0,0,1,2,45,1,1,8,2,0,0,1,67,99,1,1,83,"777777777777","777777777777","777777777777",0,0
12,122695,1,2,2,12,12,7,17,12,6,1,0,55,3,51,881,51881,66,2016,"4V4NC9EH0GN9","4","V","4","N","C","9","E","H","0","G","N","9",1,1,55,"242009","55242009",3,6,1,1,0,0,0,0,0,0,0,10,0,0,0,62,4,3,12,0,0,0,1,42,16509,6,1,6,3,3,0,70,999,0,0,0,0,1,7,2014,7,2014,0,6,0,0,0,2,3,65,1,1,8,1,21,3,12,98,99,1,1,98,"888888888888","777777777777","777777777777",0,0
12,122695,2,2,1,12,12,7,17,12,6,1,0,12,1,76,706,76706,80,2004,"JYAVP11E94A0","J","Y","A","V","P","1","1","E","9","4","A","0",0,0,0,"000000000","00000000000",0,0,0,1,0,0,0,0,0,0,0,65,0,0,0,12,6,2,12,0,0,0,1,12,32189,6,1,6,0,3,0,73,999,0,1,0,0,0,7,2013,7,2013,0,0,0,0,0,2,3,65,1,1,8,1,0,0,1,61,8,1,2,98,"777777777777","777777777777","777777777777",1,0
12,122696,1,1,1,3,12,18,55,8,0,1,0,12,2,12,481,12481,31,2014,"1FT7X2AT6EEB","1","F","T","7","X","2","A","T","6","E","E","B",0,0,0,"000000000","00000000000",0,0,0,1,0,0,0,0,0,0,0,45,0,0,0,12,6,2,8,0,0,0,1,12,33710,6,1,0,0,3,3,65,999,0,0,0,0,0,0,0,0,0,0,0,0,0,0,3,4,45,1,1,8,1,0,0,1,80,99,1,1,13,"777777777777","777777777777","777777777777",0,0
12,122697,1,2,4,17,12,19,45,12,7,1,0,26,1,12,24,12024,6,2013,"2FMDK4KC9DBE","2","F","M","D","K","4","K","C","9","D","B","E",0,0,0,"000000000","00000000000",0,0,0,1,0,0,0,0,0,0,0,15,0,0,0,3,2,5,12,0,0,0,1,26,49437,6,1,0,0,3,3,70,200,0,0,0,0,0,0,0,0,0,0,48,0,0,0,2,2,45,1,1,8,1,4,3,12,98,99,1,1,98,"777777777777","777777777777","777777777777",0,0
12,122697,2,2,1,17,12,19,45,12,7,1,0,12,1,73,705,73705,80,2006,"JKBZXJC106A0","J","K","B","Z","X","J","C","1","0","6","A","0",0,0,0,"000000000","00000000000",0,0,0,1,0,0,0,0,0,0,0,55,0,0,0,11,6,2,12,0,0,0,1,12,34293,1,1,0,0,2,0,76,999,1,3,0,5,4,3,2015,11,2016,3,0,0,0,0,2,2,45,1,1,8,1,0,0,1,62,7,1,2,98,"777777777777","777777777777","777777777777",1,0
12,122698,1,2,2,7,12,12,49,12,6,1,0,12,1,20,2,20002,4,2008,"2G1WT58K1813","2","G","1","W","T","5","8","K","1","8","1","3",0,0,0,"000000000","00000000000",0,0,0,1,0,0,0,0,0,0,0,998,0,0,0,81,6,2,12,0,0,0,1,12,33839,6,1,0,0,3,3,68,999,0,0,0,0,1,4,2015,4,2015,0,38,0,0,0,2,4,45,1,1,8,1,3,3,11,15,99,1,1,68,"777777777777","777777777777","777777777777",2,0
12,122698,2,2,1,7,12,12,49,12,6,1,0,1,4,82,881,82881,66,2013,"3AKJGEBG3DSF","3","A","K","J","G","E","B","G","3","D","S","F",1,1,47,"86820","4786820",3,6,1,1,0,0,0,0,0,0,0,998,0,0,0,12,6,2,12,0,0,0,1,13,30014,6,1,6,3,3,3,71,206,98,0,0,0,0,0,0,0,0,0,0,0,0,0,2,3,45,1,1,8,1,3,3,1,62,99,1,1,69,"888888888888","777777777777","777777777777",0,0
12,122699,1,1,2,17,9,2,28,32,0,1,0,12,2,20,431,20431,16,2001,"3GNEC16T61G1","3","G","N","E","C","1","6","T","6","1","G","1",0,0,0,"000000000","00000000000",0,0,0,1,0,0,0,0,0,0,0,998,0,0,0,8,6,2,42,0,0,0,1,12,33801,6,1,0,0,3,0,64,999,0,0,0,1,0,9,2015,9,2015,0,6,0,0,0,2,2,65,1,1,8,1,0,0,1,13,99,1,4,1,"777777777777","777777777777","777777777777",1,0
12,122700,1,1,1,13,12,2,59,35,0,1,0,12,1,24,1,24001,4,2001,"1G8ZF52881Z2","1","G","8","Z","F","5","2","8","8","1","Z","2",0,0,0,"000000000","00000000000",0,0,0,1,0,0,0,0,0,0,0,998,0,0,0,12,6,2,35,0,0,0,1,12,32305,6,1,6,0,3,0,70,999,0,0,0,0,0,0,0,0,0,0,39,0,0,0,1,2,98,1,5,8,2,20,3,1,13,99,1,4,1,"777777777777","777777777777","777777777777",1,1
12,122701,1,2,1,15,12,16,44,12,1,1,0,12,2,37,703,37703,88,2013,"MLHKF1210D50","M","L","H","K","F","1","2","1","0","D","5","0",0,0,0,"000000000","00000000000",0,0,0,1,0,0,0,0,0,0,0,50,0,0,0,12,6,2,12,0,0,0,1,12,32835,6,1,0,0,3,0,69,999,0,0,0,0,1,9,2016,9,2016,0,0,0,0,0,3,3,50,1,1,8,1,0,0,1,50,99,1,1,20,"777777777777","777777777777","777777777777",1,0
12,122701,2,2,1,15,12,16,44,12,1,1,0,12,3,41,51,41051,5,2016,"JM1BM1K72G12","J","M","1","B","M","1","K","7","2","G","1","2",0,0,0,"000000000","00000000000",0,0,0,1,0,0,0,0,0,0,0,0,0,0,0,6,6,2,12,0,0,0,1,12,34786,6,1,0,0,3,0,61,999,0,0,0,0,1,4,2016,4,2016,0,0,0,0,0,3,3,50,1,1,8,1,0,0,5,53,1,1,1,21,"777777777777","777777777777","777777777777",0,0
12,122702,1,1,1,17,12,10,40,30,0,1,0,12,2,12,401,12401,14,1998,"1FMYU22E2WUA","1","F","M","Y","U","2","2","E","2","W","U","A",0,0,0,"000000000","00000000000",0,0,0,1,0,0,0,0,0,0,0,40,0,1,4,61,6,2,42,0,0,0,1,12,33950,6,1,0,0,3,0,66,999,0,2,0,0,0,11,2012,2,2014,0,0,0,0,0,1,2,40,1,1,8,1,0,0,1,12,99,1,4,6,"777777777777","777777777777","777777777777",1,0
12,122703,1,2,1,10,12,22,50,12,1,1,0,12,2,76,705,76705,80,2002,"JYARJ04E92A0","J","Y","A","R","J","0","4","E","9","2","A","0",0,0,0,"000000000","00000000000",0,0,0,1,0,0,0,0,0,0,0,55,0,0,0,12,6,2,12,0,0,0,1,12,34743,6,1,0,0,3,3,70,999,0,0,0,2,1,3,2014,11,2015,0,6,0,0,0,5,4,45,1,1,8,1,0,0,1,51,99,1,1,24,"777777777777","777777777777","777777777777",1,0
12,122703,2,2,1,10,12,22,50,12,1,1,0,12,1,63,38,63038,4,2017,"3KPFK4A75HE0","3","K","P","F","K","4","A","7","5","H","E","0",0,0,0,"000000000","00000000000",0,0,0,1,0,0,0,0,0,0,0,40,0,0,0,6,6,2,12,0,0,0,1,12,34769,6,1,0,0,3,3,72,999,0,0,0,0,0,0,0,0,0,0,0,0,0,0,5,5,45,1,1,8,1,0,0,1,53,1,1,1,25,"777777777777","777777777777","777777777777",0,0
12,122704,1,1,1,5,12,3,30,8,0,1,1,99,9,99,999,99999,99,9999,"999999999999","9","9","9","9","9","9","9","9","9","9","9","9",0,0,0,"000000000","00000000000",0,0,0,1,0,0,0,0,0,0,0,999,0,0,0,12,2,5,8,0,0,0,1,99,99999,9,9,99,9,9,9,999,999,99,99,99,99,99,99,9999,99,9999,0,0,0,0,0,1,2,35,1,1,8,99,0,0,1,80,99,1,1,13,"777777777777","777777777777","777777777777",0,0
12,122705,1,1,1,9,12,23,10,8,0,1,0,12,2,49,404,49404,14,2008,"JTEZU11F68K0","J","T","E","Z","U","1","1","F","6","8","K","0",0,0,0,"000000000","00000000000",0,0,0,1,0,0,0,0,0,0,0,45,0,0,0,12,6,2,8,0,0,0,1,12,32803,6,1,0,0,3,0,73,999,0,0,0,1,0,11,2015,11,2015,0,0,0,0,0,5,8,50,1,1,8,1,0,0,1,80,99,1,1,13,"777777777777","777777777777","777777777777",0,0
12,122706,1,1,2,15,11,18,50,8,0,1,0,12,2,18,401,18401,14,2005,"3G5DA03E95S5","3","G","5","D","A","0","3","E","9","5","S","5",0,0,0,"000000000","00000000000",0,0,0,1,0,0,0,0,0,0,0,998,0,0,0,12,4,3,8,0,0,0,1,12,33801,6,1,0,0,3,3,64,999,0,3,0,0,0,10,2015,10,2016,0,0,0,0,0,5,5,45,1,1,8,1,0,0,1,80,99,1,1,13,"777777777777","777777777777","777777777777",0,0
12,122707,1,2,1,15,12,19,3,12,6,1,0,12,1,37,703,37703,83,1998,"JH2ME0337WM0","J","H","2","M","E","0","3","3","7","W","M","0",0,0,0,"000000000","00000000000",0,0,0,1,0,0,0,0,0,0,0,40,0,0,0,9,6,2,12,0,0,0,1,12,33179,6,1,0,0,3,0,72,999,1,6,1,2,3,7,2013,10,2015,0,6,0,0,0,1,2,30,1,1,8,1,0,0,1,62,99,1,1,69,"777777777777","777777777777","777777777777",1,0
12,122707,2,2,1,15,12,19,3,12,6,1,0,12,1,20,481,20481,31,2004,"2GCEC19T7412","2","G","C","E","C","1","9","T","7","4","1","2",0,0,0,"000000000","00000000000",0,0,0,1,0,0,0,0,0,0,0,20,0,0,0,1,4,5,12,0,0,0,1,12,33179,6,1,0,0,3,0,68,999,0,0,0,0,0,0,0,0,0,0,0,0,0,0,1,2,30,1,1,8,1,0,0,11,15,99,1,1,68,"777777777777","777777777777","777777777777",0,0
12,122708,1,1,1,18,12,18,42,25,0,1,0,12,2,19,18,19018,4,2004,"1G6DM5772401","1","G","6","D","M","5","7","7","2","4","0","1",0,0,0,"000000000","00000000000",0,0,0,1,0,0,0,0,0,0,0,78,0,0,0,12,6,2,25,0,0,0,1,12,32256,6,1,0,0,3,0,67,999,0,0,0,1,1,1,2016,8,2016,4,0,0,0,0,3,3,45,2,1,8,1,0,0,14,12,99,1,4,6,"777777777777","777777777777","777777777777",1,1
12,122709,1,1,1,18,12,21,15,42,0,1,0,12,2,20,22,20022,4,2006,"1G1AK55F4678","1","G","1","A","K","5","5","F","4","6","7","8",0,0,0,"000000000","00000000000",0,0,0,1,0,0,0,0,0,0,0,60,0,0,0,12,6,2,42,0,0,0,1,12,32063,6,1,0,0,3,0,69,999,0,0,0,0,0,0,0,0,0,0,0,0,0,0,1,2,60,2,1,8,2,0,0,14,12,7,1,4,1,"777777777777","777777777777","777777777777",1,0
12,122711,1,2,1,18,12,4,52,12,1,1,0,12,1,63,34,63034,4,2016,"5XXGW4L28GG0","5","X","X","G","W","4","L","2","8","G","G","0",0,0,0,"000000000","00000000000",0,0,0,1,0,0,0,0,0,0,0,85,0,1,5,12,6,2,31,0,0,0,1,12,33027,6,1,0,0,3,0,69,999,0,0,0,2,0,10,2014,9,2015,0,28,0,0,0,3,4,70,1,1,8,2,0,0,15,11,99,1,2,24,"777777777777","777777777777","777777777777",1,1
12,122711,2,2,1,18,12,4,52,12,1,1,0,12,1,55,402,55402,14,2009,"KM8JM12B09U0","K","M","8","J","M","1","2","B","0","9","U","0",0,0,0,"000000000","00000000000",0,0,0,1,0,0,0,0,0,0,0,55,0,0,0,6,6,2,12,0,0,0,1,12,33156,6,1,0,0,3,0,63,999,0,0,0,0,1,5,2012,5,2012,0,0,0,0,0,3,4,70,1,1,8,2,0,0,1,53,99,1,1,25,"777777777777","777777777777","777777777777",0,0
12,122712,1,1,1,18,12,21,8,8,0,1,0,12,1,20,471,20471,30,1994,"1GCCS1446RK1","1","G","C","C","S","1","4","4","6","R","K","1",0,0,0,"000000000","00000000000",0,0,0,1,0,0,0,0,0,0,0,40,0,0,0,12,4,3,8,0,0,0,1,12,33170,6,1,0,0,3,0,69,999,0,0,0,1,0,10,2016,10,2016,0,0,0,0,0,1,2,40,1,1,8,1,0,0,1,80,99,1,1,13,"777777777777","777777777777","777777777777",0,1
12,122713,1,1,1,31,8,20,34,8,0,1,0,12,4,12,3,12003,1,2016,"1FATP8EM9G53","1","F","A","T","P","8","E","M","9","G","5","3",0,0,0,"000000000","00000000000",0,0,0,1,0,0,0,0,0,0,0,45,0,0,0,12,6,2,8,0,0,0,1,12,33021,6,1,0,0,3,0,67,999,0,1,0,1,0,7,2012,10,2012,0,0,0,0,0,3,6,45,1,1,8,1,0,0,1,80,99,1,1,13,"777777777777","777777777777","777777777777",0,0
12,122714,1,1,1,12,11,1,23,8,0,1,0,12,2,13,5,13005,4,2002,"1LNHM82W12Y6","1","L","N","H","M","8","2","W","1","2","Y","6",0,0,0,"000000000","00000000000",0,0,0,1,0,0,0,0,0,0,0,35,0,0,0,12,4,3,8,0,0,0,1,12,33411,6,1,0,0,3,0,71,999,0,0,0,3,0,4,2014,6,2015,0,0,0,0,0,3,6,40,1,1,8,1,0,0,1,80,99,1,1,13,"777777777777","777777777777","777777777777",0,0
12,122715,1,2,3,14,11,7,25,12,6,1,0,12,2,98,999,98999,79,1997,"JNAU4T1J9VA4","J","N","A","U","4","T","1","J","9","V","A","4",1,1,99,"999999999","99999999999",2,99,99,1,0,0,0,0,0,0,0,30,0,0,0,4,6,2,12,0,0,0,1,12,33461,6,1,0,0,3,0,65,999,0,1,0,1,0,4,2012,11,2016,0,38,0,0,0,2,3,40,1,1,8,1,3,3,11,15,99,1,1,68,"1XNU616T5D10","777777777777","777777777777",0,0