"STATE","ST_CASE","VEH_NO","VE_FORMS","NUMOCCS","DAY","MONTH","HOUR","MINUTE","HARM_EV","MAN_COLL","UNITTYPE","HIT_RUN","REG_STAT","OWNER","MAKE","MODEL","MAK_MOD","BODY_TYP","MOD_YEAR","VIN","VIN_1","VIN_2","VIN_3","VIN_4","VIN_5","VIN_6","VIN_7","VIN_8","VIN_9","VIN_10","VIN_11","VIN_12","TOW_VEH","J_KNIFE","MCARR_I1","MCARR_I2","MCARR_ID","GVWR","V_CONFIG","CARGO_BT","HAZ_INV","HAZ_PLAC","HAZ_ID","HAZ_CNO","HAZ_REL","BUS_USE","SPEC_USE","EMER_USE","TRAV_SP","UNDERIDE","ROLLOVER","ROLINLOC","IMPACT1","DEFORMED","TOWED","M_HARM","VEH_SC1","VEH_SC2","FIRE_EXP","DR_PRES","L_STATE","DR_ZIP","L_STATUS","L_TYPE","CDL_STAT","L_ENDORS","L_COMPL","L_RESTRI","DR_HGT","DR_WGT","PREV_ACC","PREV_SUS","PREV_DWI","PREV_SPD","PREV_OTH","FIRST_MO","FIRST_YR","LAST_MO","LAST_YR","SPEEDREL","DR_SF1","DR_SF2","DR_SF3","DR_SF4","VTRAFWAY","VNUM_LAN","VSPD_LIM","VALIGN","VPROFILE","VPAVETYP","VSURCOND","VTRAFCON","VTCONT_F","P_CRASH1","P_CRASH2","P_CRASH3","PCRASH4","PCRASH5","ACC_TYPE","TRLR1VIN","TRLR2VIN","TRLR3VIN","DEATHS","DR_DRINK"
12,122790,2,2,1,7,12,23,21,12,2,1,0,12,2,20,481,20481,31,2004,"2GCEC19V4412","2","G","C","E","C","1","9","V","4","4","1","2",0,0,0,"000000000","00000000000",0,0,0,1,0,0,0,0,0,0,0,55,0,0,0,12,6,2,12,0,0,0,1,12,32466,6,1,0,0,3,0,71,999,0,0,0,0,0,0,0,0,0,0,0,0,0,0,3,2,55,1,1,8,1,0,0,1,54,99,1,1,52,"777777777777","777777777777","777777777777",0,0
12,122791,1,2,1,19,11,4,18,12,1,1,0,12,2,35,39,35039,4,2013,"1N4AA5AP3DC8","1","N","4","A","A","5","A","P","3","D","C","8",0,0,0,"000000000","00000000000",0,0,0,1,0,0,0,0,0,0,0,110,0,0,0,12,6,2,12,0,0,0,1,12,33015,6,1,0,0,3,0,71,999,0,2,0,1,1,8,2012,2,2016,0,6,0,0,0,3,3,65,1,1,8,1,0,0,1,51,99,1,1,24,"777777777777","777777777777","777777777777",1,0
12,122791,2,2,1,19,11,4,18,12,1,1,0,12,1,89,881,89881,66,1994,"4V1WDBPF5RN6","4","V","1","W","D","B","P","F","5","R","N","6",1,1,12,"622717","12622717",3,6,2,1,0,0,0,0,0,0,0,55,0,0,0,6,6,2,12,0,0,1,1,12,33125,6,1,6,0,3,0,68,999,1,0,0,0,0,9,2016,9,2016,0,0,0,0,0,3,3,65,1,1,8,1,0,0,1,53,99,1,1,25,"888888888888","777777777777","777777777777",0,0
12,122792,1,1,1,12,12,18,20,33,0,1,0,12,1,55,35,55035,4,2010,"KMHDU4AD3AU8","K","M","H","D","U","4","A","D","3","A","U","8",0,0,0,"000000000","00000000000",0,0,0,1,0,0,0,0,0,0,0,998,0,0,0,12,6,2,42,0,0,0,1,12,33176,6,1,0,0,3,3,70,999,1,0,0,0,1,4,2014,4,2015,0,0,0,0,0,3,2,98,2,1,8,1,0,0,14,13,99,1,4,1,"777777777777","777777777777","777777777777",1,0
12,122793,1,1,1,23,12,13,21,33,0,1,0,12,2,12,471,12471,30,2002,"1FTYR44V22TA","1","F","T","Y","R","4","4","V","2","2","T","A",0,0,0,"000000000","00000000000",0,0,0,1,0,0,0,0,0,0,0,45,0,0,0,12,6,2,3,0,0,0,1,12,32169,6,1,0,0,3,3,69,999,2,0,0,0,1,2,2013,10,2014,0,0,0,0,0,2,4,45,1,1,8,1,0,0,1,13,99,1,4,1,"777777777777","777777777777","777777777777",1,0
12,122794,1,1,2,13,11,1,52,8,0,1,0,12,1,55,402,55402,14,2010,"KM8JU3ACXAU0","K","M","8","J","U","3","A","C","X","A","U","0",0,0,0,"000000000","00000000000",0,0,0,1,0,0,0,0,0,0,0,45,0,0,0,12,4,3,8,0,0,0,1,12,33810,6,1,0,0,3,0,75,999,0,0,0,0,0,0,0,0,0,0,0,0,0,0,1,2,45,1,1,8,1,0,0,1,80,99,1,1,13,"777777777777","777777777777","777777777777",0,0
12,122795,1,2,2,29,12,3,25,12,1,1,0,12,2,37,31,37031,4,2009,"2HGFA165X9H3","2","H","G","F","A","1","6","5","X","9","H","3",0,0,0,"000000000","00000000000",0,0,0,1,0,0,0,0,0,0,0,25,0,0,0,6,6,2,12,0,0,0,1,12,33060,6,1,0,0,3,3,70,999,1,0,0,1,5,3,2012,10,2014,0,0,0,0,0,3,4,70,1,1,8,2,0,0,1,53,99,1,1,25,"777777777777","777777777777","777777777777",1,0
12,122795,2,2,1,29,12,3,25,12,1,1,0,18,3,82,881,82881,66,2012,"1FUJGLDR5CSB","1","F","U","J","G","L","D","R","5","C","S","B",1,1,18,"121058","18121058",3,6,1,1,0,0,0,0,0,0,0,70,0,0,0,12,6,2,12,0,0,0,1,12,33647,6,1,6,3,3,3,75,999,0,0,0,0,0,0,0,0,0,0,0,0,0,0,3,4,70,1,1,8,2,0,0,1,51,99,1,1,24,"888888888888","777777777777","777777777777",0,0
12,122796,1,1,2,11,12,20,19,8,0,1,0,12,1,12,481,12481,31,2006,"1FTPW125X6FA","1","F","T","P","W","1","2","5","X","6","F","A",0,0,0,"000000000","00000000000",0,0,0,1,0,0,0,0,0,0,0,45,0,0,0,12,4,3,8,0,0,0,1,12,33919,6,1,0,0,3,0,73,999,0,0,0,0,0,0,0,0,0,0,0,0,0,0,3,6,50,1,1,8,1,0,0,1,80,99,1,1,13,"777777777777","777777777777","777777777777",0,0
12,122797,1,2,1,27,12,14,38,12,2,1,0,12,1,21,23,21023,4,1998,"1G3WS52K7WF3","1","G","3","W","S","5","2","K","7","W","F","3",0,0,0,"000000000","00000000000",0,0,0,1,0,0,0,0,0,0,0,45,0,0,0,12,6,2,12,0,0,0,1,12,34266,6,1,0,0,3,0,63,999,0,0,0,0,1,10,2014,10,2014,0,38,0,0,0,1,2,55,1,1,8,1,0,0,11,10,99,1,1,68,"777777777777","777777777777","777777777777",1,1
12,122797,2,2,1,27,12,14,38,12,2,1,0,12,3,12,881,12881,61,2015,"1FDUF4GT6FEA","1","F","D","U","F","4","G","T","6","F","E","A",0,0,88,"888888888","88888888888",2,1,96,1,0,0,0,0,0,0,0,55,0,0,0,12,6,2,12,0,0,0,1,12,33455,6,1,0,0,3,0,73,999,0,0,0,0,0,0,0,0,0,0,0,0,0,0,1,2,55,1,1,8,1,0,0,1,62,99,1,1,69,"777777777777","777777777777","777777777777",0,0
12,122798,1,1,3,20,11,4,41,30,0,1,0,12,2,58,41,58041,4,2014,"JN1BV7AP0EM6","J","N","1","B","V","7","A","P","0","E","M","6",0,0,0,"000000000","00000000000",0,0,0,1,0,0,0,0,0,0,0,50,0,0,0,8,6,2,30,0,0,0,1,12,33168,0,0,0,0,0,0,999,999,0,0,0,0,0,0,0,0,0,3,36,0,0,0,3,2,35,1,1,8,1,0,0,1,12,99,1,4,6,"777777777777","777777777777","777777777777",1,0
12,122799,1,1,3,23,12,21,29,1,0,1,0,12,1,12,481,12481,31,2002,"1FTSW31F92EB","1","F","T","S","W","3","1","F","9","2","E","B",0,0,0,"000000000","00000000000",0,0,0,1,0,0,0,0,0,0,0,55,0,1,5,0,6,2,1,0,0,0,1,12,34275,6,1,0,0,3,0,64,999,0,0,0,0,0,0,0,0,0,0,58,0,0,0,1,2,55,1,1,8,1,0,0,1,12,99,4,4,7,"777777777777","777777777777","777777777777",1,0
12,122800,1,1,1,21,12,22,22,8,0,1,0,12,2,63,401,63401,14,2007,"KNDJF7240773","K","N","D","J","F","7","2","4","0","7","7","3",0,0,0,"000000000","00000000000",0,0,0,1,0,0,0,0,0,0,0,40,0,0,0,12,4,5,8,0,0,0,1,12,34744,6,1,0,0,3,3,68,999,0,0,0,0,0,0,0,0,0,0,0,0,0,0,5,5,40,1,1,8,1,0,0,1,80,99,1,1,13,"777777777777","777777777777","777777777777",0,0
12,122801,1,2,1,29,12,18,44,12,6,1,0,12,1,12,481,12481,31,2000,"3FTZF1723YMA","3","F","T","Z","F","1","7","2","3","Y","M","A",0,0,0,"000000000","00000000000",0,0,0,1,0,0,0,0,0,0,0,15,0,0,0,9,6,2,12,0,0,0,1,12,33905,6,1,6,0,3,3,71,999,0,0,0,0,0,0,0,0,0,0,38,0,0,0,1,2,15,1,1,8,1,20,3,1,17,99,1,1,89,"777777777777","777777777777","777777777777",1,0
12,122801,2,2,2,29,12,18,44,12,6,1,0,12,2,7,482,7482,31,2013,"3C6UR5PL1DG5","3","C","6","U","R","5","P","L","1","D","G","5",0,0,0,"000000000","00000000000",0,0,0,1,0,0,0,0,0,0,0,50,0,0,0,12,6,2,12,0,0,0,1,12,33920,6,1,0,0,3,0,65,999,0,0,0,0,0,0,0,0,0,0,0,0,0,0,3,5,55,1,1,8,1,0,0,1,66,16,1,1,88,"777777777777","777777777777","777777777777",0,0
12,122802,1,2,1,28,12,1,25,12,6,1,0,13,2,12,17,12017,4,2000,"1FAFP53U1YA1","1","F","A","F","P","5","3","U","1","Y","A","1",0,0,0,"000000000","00000000000",0,0,0,1,0,0,0,0,0,0,0,84,0,1,1,4,6,2,12,0,0,0,1,12,32801,0,0,0,0,0,0,999,999,0,0,0,0,0,0,0,0,0,0,38,0,0,0,2,3,70,2,1,8,2,0,0,14,12,99,1,2,66,"777777777777","777777777777","777777777777",1,1
12,122802,2,2,5,28,12,1,25,12,6,1,0,21,3,35,47,35047,4,2014,"1N4AL3AP6EN3","1","N","4","A","L","3","A","P","6","E","N","3",0,0,0,"000000000","00000000000",0,0,0,1,0,0,0,0,0,0,0,83,0,0,0,12,6,2,12,0,0,0,1,21,40330,6,1,0,0,3,3,68,150,0,0,0,0,0,0,0,0,0,0,0,0,0,0,2,3,70,1,1,8,2,0,0,1,62,99,1,1,66,"777777777777","777777777777","777777777777",0,0
12,122803,1,1,1,28,12,9,23,1,0,1,0,12,1,76,706,76706,80,2009,"JYAVP22E19A0","J","Y","A","V","P","2","2","E","1","9","A","0",0,0,0,"000000000","00000000000",0,0,0,1,0,0,0,0,0,0,0,65,0,0,0,0,6,2,1,0,0,0,1,12,32225,6,1,0,0,3,3,73,999,0,0,0,0,0,0,0,0,0,0,0,0,0,0,3,2,65,2,5,8,1,0,0,14,12,99,1,4,6,"777777777777","777777777777","777777777777",1,0
12,122804,1,2,1,29,12,6,42,12,6,1,0,12,2,20,481,20481,31,1999,"1GCEK19T5XE2","1","G","C","E","K","1","9","T","5","X","E","2",0,0,0,"000000000","00000000000",0,0,0,1,0,0,0,0,0,0,0,998,0,1,5,81,6,2,12,0,0,0,1,12,33898,6,1,0,0,3,0,67,999,0,0,0,0,0,0,0,0,0,0,38,0,0,0,1,2,40,1,1,8,1,20,3,1,17,99,1,1,87,"777777777777","777777777777","777777777777",1,0
12,122804,2,2,4,29,12,6,42,12,6,1,0,12,2,20,481,20481,31,2011,"1GC4KZC80BF1","1","G","C","4","K","Z","C","8","0","B","F","1",0,0,0,"000000000","00000000000",0,0,0,1,0,0,0,0,0,0,0,998,0,0,0,12,6,2,12,0,0,0,1,12,33825,6,1,0,0,3,0,69,999,0,0,0,0,0,0,0,0,0,0,0,0,0,0,1,2,50,1,1,8,1,0,0,1,66,99,1,1,86,"777777777777","777777777777","777777777777",0,0
12,122805,1,1,1,27,12,6,40,8,0,1,0,12,2,7,442,7442,20,2013,"2C4RDGCG8DR6","2","C","4","R","D","G","C","G","8","D","R","6",0,0,0,"000000000","00000000000",0,0,0,1,0,0,0,0,0,0,0,55,0,0,0,12,4,5,8,0,0,0,1,12,33570,6,1,0,0,3,3,67,999,0,1,0,0,1,4,2013,7,2014,0,0,0,0,0,2,2,55,3,1,8,1,0,0,14,80,99,1,1,13,"777777777777","777777777777","777777777777",0,0
12,122806,1,2,1,28,12,2,15,12,1,1,1,12,2,12,481,12481,31,2000,"2FTZX1722YCA","2","F","T","Z","X","1","7","2","2","Y","C","A",0,0,0,"000000000","00000000000",0,0,0,1,0,0,0,0,0,0,0,55,0,0,0,12,4,3,12,0,0,0,1,12,32066,1,1,0,0,2,0,75,999,0,1,0,0,0,5,2014,5,2014,0,6,0,0,0,1,2,60,1,1,8,2,0,0,1,52,99,1,1,28,"777777777777","777777777777","777777777777",0,1
12,122806,2,2,1,28,12,2,15,12,1,1,0,12,2,37,706,37706,80,2003,"1HFSC520X3A0","1","H","F","S","C","5","2","0","X","3","A","0",0,0,0,"000000000","00000000000",0,0,0,1,0,0,0,0,0,0,0,15,0,0,0,6,6,2,12,0,0,0,1,47,37857,1,1,0,0,2,3,68,999,0,2,0,0,0,12,2012,12,2012,0,0,0,0,0,1,2,60,1,1,8,2,0,0,2,53,1,1,1,29,"777777777777","777777777777","777777777777",1,0
12,122807,1,1,5,19,12,4,55,25,0,1,0,99,9,12,481,12481,31,2002,"1FTRX072X2KB","1","F","T","R","X","0","7","2","X","2","K","B",0,0,0,"000000000","00000000000",0,0,0,1,0,0,0,0,0,0,0,65,0,1,3,12,6,2,1,0,0,0,1,99,99999,9,9,99,9,9,9,999,999,99,99,99,99,99,99,9999,99,9999,9,0,0,0,0,3,5,65,1,1,8,1,0,0,1,12,99,1,4,6,"777777777777","777777777777","777777777777",1,0
12,122808,1,4,1,26,12,17,52,12,1,1,0,12,1,49,46,49046,5,2008,"JTDKB20UX834","J","T","D","K","B","2","0","U","X","8","3","4",0,0,0,"000000000","00000000000",0,0,0,1,0,0,0,0,0,0,0,50,0,0,0,12,6,2,12,0,0,0,1,31,68420,6,1,0,0,3,0,71,230,0,0,0,0,0,0,0,0,0,0,6,0,0,0,2,5,50,1,1,8,1,3,3,1,52,99,1,1,28,"777777777777","777777777777","777777777777",1,0
12,122808,2,4,1,26,12,17,52,12,1,1,0,12,3,7,24,7024,4,2013,"2C3CDXAG0DH7","2","C","3","C","D","X","A","G","0","D","H","7",0,0,0,"000000000","00000000000",0,0,0,1,0,0,0,0,0,5,0,5,0,0,0,6,6,2,12,0,0,0,1,12,34749,6,1,0,0,3,3,72,999,0,0,0,0,0,0,0,0,0,0,0,0,0,0,2,5,50,1,1,8,1,3,3,2,53,99,1,1,29,"777777777777","777777777777","777777777777",0,0
12,122808,3,4,2,26,12,17,52,12,1,1,0,12,2,21,22,21022,4,2001,"1G3GS64C8141","1","G","3","G","S","6","4","C","8","1","4","1",0,0,0,"000000000","00000000000",0,0,0,1,0,0,0,0,0,0,0,5,0,0,0,6,6,2,12,0,0,0,1,12,34748,6,1,0,0,3,0,64,999,0,1,0,0,2,1,2016,7,2016,0,0,0,0,0,2,5,50,1,1,8,1,3,3,2,53,99,1,1,98,"777777777777","777777777777","777777777777",0,0
12,122808,4,4,1,26,12,17,52,12,1,1,0,12,2,54,35,54035,4,2003,"19UUA56893A0","1","9","U","U","A","5","6","8","9","3","A","0",0,0,0,"000000000","00000000000",0,0,0,1,0,0,0,0,0,0,0,0,0,0,0,6,4,3,12,0,0,0,1,12,34748,6,1,0,0,3,0,60,999,0,0,0,0,0,0,0,0,0,0,0,0,0,0,2,5,50,1,1,8,1,3,3,5,53,10,1,1,98,"777777777777","777777777777","777777777777",0,0
12,122809,1,1,1,24,12,19,45,1,0,1,0,12,1,37,706,37706,80,2007,"JH2SC57087M3","J","H","2","S","C","5","7","0","8","7","M","3",0,0,0,"000000000","00000000000",0,0,0,1,0,0,0,0,0,0,0,35,0,0,0,0,6,2,1,0,0,0,1,12,32351,6,1,6,0,3,0,67,999,0,3,0,1,3,11,2012,9,2015,0,6,0,0,0,1,2,35,3,1,8,1,0,0,14,13,7,1,4,1,"777777777777","777777777777","777777777777",1,1
12,122810,1,1,11,30,5,18,28,24,0,1,0,12,1,7,422,7422,15,2006,"1D4HD48N06F1","1","D","4","H","D","4","8","N","0","6","F","1",0,0,0,"000000000","00000000000",0,0,0,1,0,0,0,0,0,0,0,70,0,1,5,11,6,2,1,0,0,0,1,12,34748,6,1,0,0,3,0,71,999,0,2,0,0,0,9,2013,8,2015,0,58,0,0,0,3,3,70,1,1,8,2,0,0,1,1,99,3,4,7,"777777777777","777777777777","777777777777",4,0
12,122811,1,1,1,30,12,15,12,42,0,1,0,12,1,20,403,20403,14,2003,"1GNDT13SX322","1","G","N","D","T","1","3","S","X","3","2","2",0,0,0,"000000000","00000000000",0,0,0,1,0,0,0,0,0,0,0,49,0,0,0,12,6,2,42,0,0,0,1,12,32246,1,1,0,0,2,0,67,999,0,2,0,4,0,7,2015,8,2016,0,28,0,0,0,1,2,55,1,1,8,1,0,0,1,12,99,4,4,7,"777777777777","777777777777","777777777777",1,0
12,122812,1,2,4,3,12,21,27,12,6,1,0,12,1,55,35,55035,4,2005,"KMHDN46D55U0","K","M","H","D","N","4","6","D","5","5","U","0",0,0,0,"000000000","00000000000",0,0,0,1,0,0,0,0,0,0,0,15,0,0,0,4,6,2,12,0,0,0,1,12,33971,6,1,0,0,3,0,73,999,0,0,0,0,0,0,0,0,0,0,38,0,0,0,3,3,45,1,1,8,1,0,0,11,15,99,1,1,68,"777777777777","777777777777","777777777777",1,0
12,122812,2,2,1,3,12,21,27,12,6,1,0,12,2,42,48,42048,4,2003,"WDBUF65J93A1","W","D","B","U","F","6","5","J","9","3","A","1",0,0,0,"000000000","00000000000",0,0,0,1,0,0,0,0,0,0,0,45,0,0,0,12,6,2,12,0,0,0,1,12,33936,6,1,0,0,3,3,67,999,0,0,0,0,0,0,0,0,0,0,0,0,0,0,3,3,45,1,1,8,1,0,0,1,62,99,1,1,69,"777777777777","777777777777","777777777777",0,0
12,122813,1,3,1,20,12,21,52,12,2,1,0,12,2,37,31,37031,4,2002,"1HGES26742L0","1","H","G","E","S","2","6","7","4","2","L","0",0,0,0,"000000000","00000000000",0,0,0,1,0,0,0,0,0,0,0,70,0,0,0,12,6,2,12,0,0,0,1,12,32258,6,1,0,0,3,0,60,999,0,0,0,0,0,0,0,0,0,0,6,0,0,0,2,2,70,1,1,8,2,0,0,1,12,99,1,6,50,"777777777777","777777777777","777777777777",1,1
12,122813,2,3,1,20,12,21,52,12,2,1,0,12,1,12,481,12481,31,2012,"1FT8W3BT7CEB","1","F","T","8","W","3","B","T","7","C","E","B",1,1,0,"000000000","00000000000",0,0,0,1,0,0,0,0,0,0,0,55,0,0,0,12,6,2,12,0,0,0,1,12,32207,6,1,6,0,3,0,72,999,0,0,0,1,0,4,2014,4,2014,0,0,0,0,0,2,2,55,1,1,8,2,0,0,1,62,99,1,1,51,"888888888888","777777777777","777777777777",0,0
12,122813,3,3,1,20,12,21,52,12,2,1,0,13,3,84,884,84884,66,2005,"3HSCNAPR55N0","3","H","S","C","N","A","P","R","5","5","N","0",1,1,13,"3873","133873",3,6,1,1,0,0,0,0,0,0,0,70,0,0,0,4,0,5,12,0,0,0,1,13,30909,6,1,6,0,3,0,73,220,98,4,2,0,1,2,2012,8,2013,0,0,0,0,0,2,2,70,1,1,8,2,0,0,1,62,99,1,1,98,"888888888888","777777777777","777777777777",0,0
12,122814,1,1,1,17,12,11,59,8,0,1,0,12,2,7,482,7482,31,2000,"3B7KF2367YG1","3","B","7","K","F","2","3","6","7","Y","G","1",0,0,0,"000000000","00000000000",0,0,0,1,0,0,0,0,0,0,0,5,0,0,0,12,0,5,8,0,0,0,1,12,34705,6,1,0,0,3,0,62,999,0,0,0,0,0,0,0,0,0,0,0,0,0,0,1,2,15,1,1,8,1,0,0,1,80,99,1,1,13,"777777777777","777777777777","777777777777",0,0
12,122815,1,1,3,8,7,0,57,33,0,1,0,12,1,20,481,20481,31,2011,"1GC4K1C83BF2","1","G","C","4","K","1","C","8","3","B","F","2",0,0,0,"000000000","00000000000",0,0,0,1,0,0,0,0,0,0,0,998,0,0,0,12,6,2,59,0,0,0,1,12,32951,6,1,0,0,3,0,70,999,0,0,0,1,2,6,2014,7,2016,0,8,0,0,0,2,2,98,1,1,8,1,3,3,1,12,99,1,4,6,"777777777777","777777777777","777777777777",1,1
12,122816,1,1,1,18,12,23,10,8,0,1,1,12,2,49,403,49403,14,2009,"JTEDS41A0920","J","T","E","D","S","4","1","A","0","9","2","0",0,0,0,"000000000","00000000000",0,0,0,1,0,0,0,0,0,0,0,998,0,0,0,12,4,3,8,0,0,0,1,12,33801,6,1,0,0,3,0,64,999,0,1,0,1,1,4,2014,8,2016,0,0,0,0,0,1,2,98,1,1,8,1,0,0,1,80,99,1,1,13,"777777777777","777777777777","777777777777",0,1
12,122817,1,1,1,27,12,7,1,8,0,1,0,12,1,52,34,52034,4,2011,"4A32B2FF9BE0","4","A","3","2","B","2","F","F","9","B","E","0",0,0,0,"000000000","00000000000",0,0,0,1,0,0,0,0,0,0,0,35,0,0,0,12,4,5,8,0,0,0,1,12,34471,6,1,0,0,3,0,67,999,1,2,0,0,0,7,2013,1,2016,0,0,0,0,0,5,5,35,1,5,8,1,0,0,1,80,99,1,1,13,"777777777777","777777777777","777777777777",0,0
12,122818,1,2,1,18,12,16,14,12,1,1,0,12,1,72,706,72706,80,1999,"1HD4CAM1XXK1","1","H","D","4","C","A","M","1","X","X","K","1",0,0,0,"000000000","00000000000",0,0,0,1,0,0,0,0,0,0,0,998,0,0,0,12,6,2,12,0,0,0,1,12,33023,6,1,6,0,3,3,70,999,0,0,0,0,0,0,0,0,0,0,0,0,0,0,3,4,45,1,1,8,1,3,3,1,50,99,1,1,20,"777777777777","777777777777","777777777777",1,0
12,122818,2,2,3,18,12,16,14,12,1,1,0,12,1,37,441,37441,20,2016,"5FNRL5H48GB1","5","F","N","R","L","5","H","4","8","G","B","1",0,0,0,"000000000","00000000000",0,0,0,1,0,0,0,0,0,0,0,0,0,0,0,6,4,5,12,0,0,0,1,12,33312,6,1,0,0,3,3,72,999,0,0,0,0,0,0,0,0,0,0,0,0,0,0,3,4,45,1,1,8,1,0,0,5,53,1,1,1,21,"777777777777","777777777777","777777777777",0,0
12,122819,1,2,4,29,12,17,14,12,1,1,1,12,2,20,421,20421,15,2001,"1GNCS13W2121","1","G","N","C","S","1","3","W","2","1","2","1",0,0,0,"000000000","00000000000",0,0,0,1,0,0,0,0,0,0,0,45,0,0,0,12,4,5,12,0,0,0,1,12,34994,0,0,0,0,0,0,999,999,0,0,0,0,0,0,0,0,0,0,6,0,0,0,3,2,35,1,5,8,1,0,0,15,10,99,1,2,32,"777777777777","777777777777","777777777777",0,0
12,122819,2,2,1,29,12,17,14,12,1,1,0,12,1,37,706,37706,80,2009,"JH2RC50479K5","J","H","2","R","C","5","0","4","7","9","K","5",0,0,0,"000000000","00000000000",0,0,0,1,0,0,0,0,0,0,0,35,0,0,0,6,6,2,12,0,0,0,1,12,34990,6,1,0,0,3,0,67,999,0,0,0,0,0,0,0,0,0,0,0,0,0,0,3,2,35,1,5,8,1,0,0,1,61,99,1,1,32,"777777777777","777777777777","777777777777",1,0
12,122820,1,1,5,31,12,19,0,8,0,1,0,12,1,34,35,34035,4,2010,"WBANU5C55AC3","W","B","A","N","U","5","C","5","5","A","C","3",0,0,0,"000000000","00000000000",0,0,0,1,0,0,0,0,0,0,0,45,0,0,0,12,6,2,8,0,0,0,1,12,34759,6,1,0,0,3,3,74,999,1,1,0,0,1,8,2014,8,2015,0,0,0,0,0,5,5,45,1,1,8,1,0,0,1,80,99,1,1,13,"777777777777","777777777777","777777777777",0,0
12,122821,1,2,2,24,12,14,24,12,6,1,0,12,1,24,7,24007,17,2003,"1G8AN12FX3Z2","1","G","8","A","N","1","2","F","X","3","Z","2",0,0,0,"000000000","00000000000",0,0,0,1,0,0,0,0,0,0,0,10,0,0,0,3,6,2,12,0,0,0,1,12,33592,6,1,0,0,3,0,64,999,0,4,0,2,0,6,2014,10,2016,0,38,0,0,0,1,2,35,1,1,8,1,20,3,1,17,99,1,1,87,"777777777777","777777777777","777777777777",1,0
12,122821,2,2,2,24,12,14,24,12,6,1,0,12,1,30,42,30042,1,2000,"3VWCC21V6YM8","3","V","W","C","C","2","1","V","6","Y","M","8",0,0,0,"000000000","00000000000",0,0,0,1,0,0,0,0,0,0,0,50,0,0,0,12,6,2,12,0,0,0,1,12,33578,6,1,0,0,3,3,67,999,0,0,0,0,0,0,0,0,0,0,0,0,0,0,2,3,50,1,1,8,1,0,0,1,66,16,1,1,86,"777777777777","777777777777","777777777777",0,0
12,122822,1,2,1,29,12,19,40,12,2,1,0,12,1,7,442,7442,20,2000,"2B4GP2534YR8","2","B","4","G","P","2","5","3","4","Y","R","8",0,0,0,"000000000","00000000000",0,0,0,1,0,0,0,0,0,0,0,45,0,0,0,12,6,2,12,0,0,0,1,12,33947,6,1,0,0,3,0,67,999,0,0,0,0,0,0,0,0,0,0,28,0,0,0,5,5,45,2,1,8,1,0,0,14,54,99,1,1,52,"777777777777","777777777777","777777777777",0,0
12,122822,2,2,1,29,12,19,40,12,2,1,0,12,1,53,706,53706,80,2006,"JS1GT76A9621","J","S","1","G","T","7","6","A","9","6","2","1",0,0,0,"000000000","00000000000",0,0,0,1,0,0,0,0,0,0,0,45,0,0,0,12,6,2,12,0,0,0,1,12,34223,6,1,0,0,3,0,73,999,0,0,0,1,1,2,2014,2,2015,0,0,0,0,0,5,5,45,3,1,8,1,0,0,14,54,99,1,1,52,"777777777777","777777777777","777777777777",1,1
12,122823,1,1,2,19,12,10,55,1,0,1,0,12,1,12,401,12401,14,2002,"1FMZU67EX2UC","1","F","M","Z","U","6","7","E","X","2","U","C",0,0,0,"000000000","00000000000",0,0,0,1,0,0,0,0,0,0,0,70,0,2,1,0,6,2,1,0,0,0,1,12,33897,1,1,0,0,2,3,68,999,0,1,0,0,0,12,2016,12,2016,0,0,0,0,0,3,6,70,1,6,8,1,0,0,1,98,6,1,6,98,"777777777777","777777777777","777777777777",1,0
12,122824,1,1,1,14,12,11,59,9,0,1,0,12,2,37,31,37031,4,2012,"19XFB2F54CE0","1","9","X","F","B","2","F","5","4","C","E","0",0,0,0,"000000000","00000000000",0,0,0,1,0,0,0,0,0,0,0,55,0,0,0,12,6,2,9,0,0,0,1,12,32935,6,1,0,0,3,3,68,999,0,0,0,0,0,0,0,0,0,0,0,0,0,0,2,2,55,1,1,8,1,40,3,1,83,99,1,1,13,"777777777777","777777777777","777777777777",0,0
12,122825,1,1,1,20,12,18,43,8,0,1,0,12,1,63,33,63033,4,2006,"KNAFE1218653","K","N","A","F","E","1","2","1","8","6","5","3",0,0,0,"000000000","00000000000",0,0,0,1,0,0,0,0,0,0,0,35,0,0,0,12,4,3,8,0,0,0,1,12,33308,6,1,0,0,3,0,69,999,0,0,0,0,0,0,0,0,0,0,0,0,0,0,1,4,35,1,1,8,1,0,0,1,80,99,1,1,13,"777777777777","777777777777","777777777777",0,0
12,122826,1,2,1,20,12,17,0,12,6,1,0,12,2,18,24,18024,6,2008,"5GAER23798J2","5","G","A","E","R","2","3","7","9","8","J","2",0,0,0,"000000000","00000000000",0,0,0,1,0,0,0,0,0,0,0,65,0,0,0,7,6,2,24,0,0,0,1,12,33813,6,1,0,0,3,3,69,999,0,0,0,0,0,0,0,0,0,0,6,0,0,0,3,2,65,1,1,8,1,0,0,15,10,99,1,2,47,"777777777777","777777777777","777777777777",1,0
12,122826,2,2,1,20,12,17,0,12,6,1,0,12,2,35,401,35401,14,2014,"5N1AR2MN6EC6","5","N","1","A","R","2","M","N","6","E","C","6",0,0,0,"000000000","00000000000",0,0,0,1,0,0,0,0,0,0,0,65,0,0,0,12,4,5,12,0,0,0,1,12,33880,6,1,0,0,3,3,62,999,0,0,0,0,0,0,0,0,0,0,0,0,0,0,3,2,65,1,1,8,1,0,0,1,61,99,1,1,45,"777777777777","777777777777","777777777777",0,0