"STATE","ST_CASE","VEH_NO","VE_FORMS","NUMOCCS","DAY","MONTH","HOUR","MINUTE","HARM_EV","MAN_COLL","UNITTYPE","HIT_RUN","REG_STAT","OWNER","MAKE","MODEL","MAK_MOD","BODY_TYP","MOD_YEAR","VIN","VIN_1","VIN_2","VIN_3","VIN_4","VIN_5","VIN_6","VIN_7","VIN_8","VIN_9","VIN_10","VIN_11","VIN_12","TOW_VEH","J_KNIFE","MCARR_I1","MCARR_I2","MCARR_ID","GVWR","V_CONFIG","CARGO_BT","HAZ_INV","HAZ_PLAC","HAZ_ID","HAZ_CNO","HAZ_REL","BUS_USE","SPEC_USE","EMER_USE","TRAV_SP","UNDERIDE","ROLLOVER","ROLINLOC","IMPACT1","DEFORMED","TOWED","M_HARM","VEH_SC1","VEH_SC2","FIRE_EXP","DR_PRES","L_STATE","DR_ZIP","L_STATUS","L_TYPE","CDL_STAT","L_ENDORS","L_COMPL","L_RESTRI","DR_HGT","DR_WGT","PREV_ACC","PREV_SUS","PREV_DWI","PREV_SPD","PREV_OTH","FIRST_MO","FIRST_YR","LAST_MO","LAST_YR","SPEEDREL","DR_SF1","DR_SF2","DR_SF3","DR_SF4","VTRAFWAY","VNUM_LAN","VSPD_LIM","VALIGN","VPROFILE","VPAVETYP","VSURCOND","VTRAFCON","VTCONT_F","P_CRASH1","P_CRASH2","P_CRASH3","PCRASH4","PCRASH5","ACC_TYPE","TRLR1VIN","TRLR2VIN","TRLR3VIN","DEATHS","DR_DRINK"
12,122828,1,2,1,24,12,19,15,12,6,1,0,12,1,49,472,49472,30,2014,"5TFNX4CN4EX0","5","T","F","N","X","4","C","N","4","E","X","0",0,0,0,"000000000","00000000000",0,0,0,1,0,0,0,0,0,0,0,0,0,0,0,3,6,2,12,0,0,0,1,12,34731,6,1,0,0,3,3,69,999,0,0,0,0,0,0,0,0,0,0,0,0,0,0,1,2,45,1,1,8,1,0,0,5,19,99,1,1,98,"777777777777","777777777777","777777777777",1,0
12,122828,2,2,1,24,12,19,15,12,6,1,0,12,1,23,461,23461,21,2002,"1GTGG25RX219","1","G","T","G","G","2","5","R","X","2","1","9",0,0,0,"000000000","00000000000",0,0,0,1,0,0,0,0,0,0,0,45,0,0,0,12,4,5,12,0,0,0,1,12,34788,6,1,0,0,3,3,73,999,0,0,0,0,0,0,0,0,0,0,0,0,0,0,1,2,45,1,6,8,1,98,3,1,50,99,1,1,98,"777777777777","777777777777","777777777777",0,0
12,122829,1,1,2,27,12,0,27,1,0,1,0,12,2,35,43,35043,4,2003,"3N1CB51D43L7","3","N","1","C","B","5","1","D","4","3","L","7",0,0,0,"000000000","00000000000",0,0,0,1,0,0,0,0,0,0,0,90,0,1,3,0,6,2,1,0,0,0,1,12,34747,1,1,0,0,2,3,73,999,0,7,0,0,0,9,2015,9,2016,0,6,0,0,0,2,6,55,1,1,8,1,0,0,15,13,6,1,4,6,"777777777777","777777777777","777777777777",1,0
12,122830,1,1,1,27,12,7,50,8,0,1,0,37,2,63,401,63401,14,2011,"KNDPB3A27B71","K","N","D","P","B","3","A","2","7","B","7","1",0,0,0,"000000000","00000000000",0,0,0,1,0,0,0,0,0,0,0,998,0,0,0,12,6,2,8,0,0,0,1,12,33616,6,1,0,0,3,0,70,999,0,4,0,0,0,12,2012,6,2014,0,0,0,0,0,3,4,30,1,1,8,1,0,0,1,13,99,1,4,1,"777777777777","777777777777","777777777777",0,0
12,122831,1,2,1,5,12,0,27,25,0,1,0,12,1,12,21,12021,4,2007,"1FAHP251X7G1","1","F","A","H","P","2","5","1","X","7","G","1",0,0,0,"000000000","00000000000",0,0,0,1,0,0,0,0,0,0,0,65,0,0,0,12,6,2,12,0,0,0,1,12,32233,6,1,0,0,3,0,74,999,0,0,0,0,0,0,0,0,0,0,6,0,0,0,3,3,65,1,1,8,1,0,0,1,12,7,1,4,6,"777777777777","777777777777","777777777777",0,0
12,122831,2,2,6,5,12,0,27,25,0,1,0,29,2,49,422,49422,15,2002,"5TDZT38AX2S1","5","T","D","Z","T","3","8","A","X","2","S","1",1,3,0,"000000000","00000000000",0,0,0,1,0,0,0,0,0,0,0,65,0,1,5,6,6,2,1,0,0,0,1,37,27863,6,1,0,0,3,0,64,999,0,0,0,0,0,0,0,0,0,0,0,0,0,0,3,3,65,1,1,8,1,0,0,1,53,99,1,1,98,"888888888888","777777777777","777777777777",2,0
12,122832,1,2,1,17,12,4,33,12,6,1,0,12,1,34,34,34034,4,2010,"WBAPK5C56AA6","W","B","A","P","K","5","C","5","6","A","A","6",0,0,0,"000000000","00000000000",0,0,0,1,0,0,0,0,0,0,0,10,0,0,0,9,6,2,12,0,0,0,1,12,32303,6,1,0,0,3,3,69,999,0,0,0,1,0,4,2012,4,2012,0,38,0,0,0,2,4,45,1,1,8,1,20,3,11,15,99,1,1,82,"777777777777","777777777777","777777777777",1,1
12,122832,2,2,1,17,12,4,33,12,6,1,0,47,3,82,881,82881,66,2006,"1FUJA6CK46LW","1","F","U","J","A","6","C","K","4","6","L","W",1,1,47,"926194","47926194",3,6,1,1,0,0,0,0,0,0,0,45,0,0,0,12,6,2,12,0,0,0,1,47,38066,6,1,6,3,3,0,74,999,0,0,0,2,0,8,2012,10,2012,0,0,0,0,0,2,4,45,1,1,8,1,0,0,1,66,99,1,1,83,"888888888888","777777777777","777777777777",0,0
12,122833,1,2,1,31,12,14,20,12,2,1,0,12,1,19,17,19017,4,1997,"W06VR52R8VR0","W","0","6","V","R","5","2","R","8","V","R","0",0,0,0,"000000000","00000000000",0,0,0,1,0,0,0,0,0,0,0,55,0,0,0,12,6,2,12,0,0,0,1,12,33175,6,1,0,0,3,0,71,999,2,4,0,0,2,2,2012,8,2016,3,36,51,0,0,1,2,35,1,1,8,1,0,0,1,10,99,1,2,50,"777777777777","777777777777","777777777777",1,0
12,122833,2,2,1,31,12,14,20,12,2,1,0,12,3,35,472,35472,30,2014,"1N6BD0CT4EN7","1","N","6","B","D","0","C","T","4","E","N","7",0,0,0,"000000000","00000000000",0,0,0,1,0,0,0,0,0,0,0,35,0,0,0,12,6,2,12,0,0,0,1,12,33013,6,1,6,0,3,0,67,999,0,0,0,1,0,8,2015,8,2015,0,0,0,0,0,1,2,35,1,1,8,1,0,0,1,62,99,1,1,51,"777777777777","777777777777","777777777777",0,0
12,122834,1,3,1,30,12,9,0,12,6,1,0,12,2,12,481,12481,31,2006,"1FTSX21526EB","1","F","T","S","X","2","1","5","2","6","E","B",0,0,0,"000000000","00000000000",0,0,0,1,0,0,0,0,0,0,0,45,0,0,0,12,6,2,12,0,0,0,1,12,33040,6,1,0,0,3,0,67,999,1,0,0,0,2,10,2014,5,2015,0,28,0,0,0,1,2,45,1,1,8,1,0,0,1,10,99,1,2,64,"777777777777","777777777777","777777777777",0,0
12,122834,2,3,2,30,12,9,0,12,6,1,0,12,3,84,881,84881,64,2016,"3HAMMMML9GL1","3","H","A","M","M","M","M","L","9","G","L","1",0,0,12,"5820500","125820500",2,1,1,1,0,0,0,0,0,0,0,45,0,0,0,7,4,5,12,0,0,0,1,12,33186,6,1,0,0,3,0,71,999,0,0,0,0,0,0,0,0,0,0,0,0,0,0,1,2,45,1,1,8,1,0,0,1,62,7,1,1,65,"777777777777","777777777777","777777777777",0,0
12,122834,3,3,6,30,12,9,0,12,6,1,0,12,3,12,401,12401,14,2016,"1FM5K7F8XGGB","1","F","M","5","K","7","F","8","X","G","G","B",0,0,0,"000000000","00000000000",0,0,0,1,0,0,0,0,0,0,0,45,0,0,0,12,6,2,12,0,0,0,1,51,22031,6,1,0,0,3,0,66,999,0,0,0,0,1,9,2014,9,2014,0,0,0,0,0,1,2,45,1,1,8,1,0,0,1,54,99,1,1,98,"777777777777","777777777777","777777777777",1,0
12,122835,1,2,99,3,12,0,44,8,0,1,1,99,9,99,999,99999,99,9999,"999999999999","9","9","9","9","9","9","9","9","9","9","9","9",0,0,0,"000000000","00000000000",0,0,0,1,0,0,0,0,0,0,0,50,0,0,0,12,9,5,8,0,0,0,1,99,99999,9,9,99,9,9,9,999,999,99,99,99,99,99,99,9999,99,9999,0,0,0,0,0,1,2,50,1,1,8,1,0,0,1,80,99,1,1,13,"777777777777","777777777777","777777777777",0,0
12,122835,2,2,1,3,12,0,44,8,0,1,0,12,1,52,35,52035,2,1999,"JA3AY11A0XU0","J","A","3","A","Y","1","1","A","0","X","U","0",0,0,0,"000000000","00000000000",0,0,0,1,0,0,0,0,0,0,0,50,0,0,0,14,2,5,8,0,0,0,1,12,33510,6,1,0,0,3,0,70,999,0,0,0,0,0,0,0,0,0,0,0,0,0,0,3,2,50,1,1,8,1,0,0,1,80,99,1,1,98,"777777777777","777777777777","777777777777",0,0
12,122836,1,1,3,23,12,10,58,38,0,1,0,12,2,55,35,55035,4,2013,"5NPDH4AE6DH3","5","N","P","D","H","4","A","E","6","D","H","3",0,0,0,"000000000","00000000000",0,0,0,1,0,0,0,0,0,0,0,65,0,0,0,12,6,2,3,0,0,0,1,12,33442,6,1,0,0,3,0,64,999,1,1,0,0,3,1,2014,9,2016,0,0,0,0,0,3,4,65,1,1,8,1,0,0,1,13,99,1,4,1,"777777777777","777777777777","777777777777",1,0
12,122837,1,2,1,11,11,15,7,12,6,1,0,12,3,87,884,87884,66,2000,"1XP5DB9X5YN5","1","X","P","5","D","B","9","X","5","Y","N","5",1,1,12,"1489220","121489220",3,6,3,1,0,0,0,0,0,0,0,998,0,0,0,8,4,5,12,0,0,0,1,12,33018,6,1,6,0,3,0,72,999,0,0,0,0,0,0,0,0,0,0,38,0,0,0,2,2,55,1,1,8,1,3,3,11,15,99,1,1,82,"888888888888","777777777777","777777777777",0,0
12,122837,2,2,2,11,11,15,7,12,6,1,0,12,1,20,481,20481,31,1988,"1GCDC14HXJE1","1","G","C","D","C","1","4","H","X","J","E","1",0,0,0,"000000000","00000000000",0,0,0,1,0,0,0,0,0,0,0,998,0,0,0,12,6,2,12,0,0,1,1,12,34787,6,1,0,0,3,3,65,999,0,0,0,1,1,4,2012,11,2015,0,0,0,0,0,2,6,55,1,1,8,1,0,0,1,66,99,1,1,83,"777777777777","777777777777","777777777777",2,0
12,122838,1,2,3,14,12,23,37,8,0,1,0,12,1,12,401,12401,14,2002,"1FMDU73W72UA","1","F","M","D","U","7","3","W","7","2","U","A",0,0,0,"000000000","00000000000",0,0,0,1,0,0,0,0,0,0,0,998,0,0,0,12,2,3,8,0,0,0,1,12,33610,6,1,0,0,3,3,60,999,0,3,0,0,1,9,2013,8,2015,0,0,0,0,0,1,4,45,1,1,8,1,0,0,1,80,99,1,1,13,"777777777777","777777777777","777777777777",0,0
12,122838,2,2,1,14,12,23,37,8,0,1,1,99,9,99,999,99999,99,9999,"999999999999","9","9","9","9","9","9","9","9","9","9","9","9",0,0,0,"000000000","00000000000",0,0,0,1,0,0,0,0,0,0,0,998,0,0,0,12,9,5,8,0,0,0,1,99,99999,9,9,99,9,9,9,999,999,99,99,99,99,99,99,9999,99,9999,0,0,0,0,0,1,4,45,1,1,8,1,0,0,1,80,99,1,1,98,"777777777777","777777777777","777777777777",0,0
12,122839,1,2,2,24,12,19,5,12,6,1,0,12,1,72,706,72706,80,2011,"1HD1FC415BB6","1","H","D","1","F","C","4","1","5","B","B","6",0,0,0,"000000000","00000000000",0,0,0,1,0,0,0,0,0,0,0,35,0,0,0,9,6,2,12,0,0,0,1,12,34473,6,1,6,0,3,3,72,999,0,0,0,0,1,5,2013,5,2013,0,0,0,0,0,3,2,45,1,1,8,1,0,0,6,62,99,1,1,69,"777777777777","777777777777","777777777777",1,0
12,122839,2,2,2,24,12,19,5,12,6,1,0,12,2,49,482,49482,31,2002,"5TBRN34102S2","5","T","B","R","N","3","4","1","0","2","S","2",0,0,0,"000000000","00000000000",0,0,0,1,0,0,0,0,0,0,0,5,0,0,0,12,4,5,12,0,0,0,1,12,34473,6,1,0,0,3,3,70,999,0,0,0,0,0,0,0,0,0,0,0,0,0,0,1,2,45,1,1,8,1,0,0,11,15,99,1,1,68,"777777777777","777777777777","777777777777",0,0
12,122840,1,1,2,23,12,21,50,8,0,1,0,12,1,20,37,20037,4,2006,"1G1ZT51896F1","1","G","1","Z","T","5","1","8","9","6","F","1",0,0,0,"000000000","00000000000",0,0,0,1,0,0,0,0,0,0,0,45,0,0,0,12,4,5,8,0,0,0,1,12,33617,6,1,0,0,3,0,70,999,0,0,0,0,0,0,0,0,0,0,0,0,0,0,3,2,45,1,1,8,1,0,0,1,80,99,1,1,13,"777777777777","777777777777","777777777777",0,0
12,122841,1,2,3,31,12,2,15,12,6,1,0,12,2,12,3,12003,2,2002,"1FAFP40472F1","1","F","A","F","P","4","0","4","7","2","F","1",0,0,0,"000000000","00000000000",0,0,0,1,0,0,0,0,0,0,0,65,0,0,0,11,6,2,12,0,0,0,1,12,32043,6,1,0,0,3,3,62,999,1,0,0,0,2,7,2014,1,2016,0,6,0,0,0,3,3,65,1,1,8,1,0,0,15,10,99,1,2,47,"777777777777","777777777777","777777777777",2,0
12,122841,2,2,2,31,12,2,15,12,6,1,0,18,3,82,881,82881,66,2016,"3AKJGLDR9GSH","3","A","K","J","G","L","D","R","9","G","S","H",1,1,18,"53773","1853773",3,6,97,1,0,0,0,0,0,0,0,65,0,0,0,1,6,2,25,0,0,0,1,12,33161,6,1,6,0,3,0,67,999,1,1,0,0,1,7,2013,11,2015,0,0,0,0,0,3,3,65,1,1,8,1,0,0,1,61,99,1,1,45,"888888888888","777777777777","777777777777",0,0
12,122842,1,2,2,24,12,18,0,1,0,1,0,12,1,63,34,63034,4,2013,"5XXGN4A78DG1","5","X","X","G","N","4","A","7","8","D","G","1",0,0,0,"000000000","00000000000",0,0,0,1,0,0,0,0,0,0,0,15,0,0,0,5,6,2,12,0,0,0,1,12,32223,6,1,0,0,3,3,63,999,0,0,0,0,0,0,0,0,0,0,48,0,0,0,2,5,45,1,1,8,1,3,3,10,16,99,1,2,98,"777777777777","777777777777","777777777777",0,0
12,122842,2,2,1,24,12,18,0,1,0,1,0,12,1,37,706,37706,80,2002,"JH2SC50002M0","J","H","2","S","C","5","0","0","0","2","M","0",0,0,0,"000000000","00000000000",0,0,0,1,0,0,0,0,0,0,0,45,0,0,0,0,6,2,12,0,0,0,1,34,7842,6,1,0,0,3,0,69,999,0,0,0,2,1,5,2013,11,2016,0,0,0,0,0,2,5,45,1,1,8,1,3,3,1,98,16,1,1,98,"777777777777","777777777777","777777777777",1,0
12,122843,1,3,1,22,12,18,57,12,1,1,0,12,1,13,14,13014,6,2007,"2LMDU88C47BJ","2","L","M","D","U","8","8","C","4","7","B","J",0,0,0,"000000000","00000000000",0,0,0,1,0,0,0,0,0,0,0,60,0,0,0,12,6,2,12,0,0,0,1,12,32619,6,1,0,0,3,0,66,999,0,0,0,0,0,0,0,0,0,0,6,0,0,0,1,2,60,1,1,8,1,0,0,1,50,1,1,1,20,"777777777777","777777777777","777777777777",0,0
12,122843,2,3,1,22,12,18,57,12,1,1,0,12,1,7,472,7472,30,2000,"1B7GL22X6YS7","1","B","7","G","L","2","2","X","6","Y","S","7",0,0,0,"000000000","00000000000",0,0,0,1,0,0,0,0,0,0,0,0,0,1,1,6,6,2,12,0,0,0,1,12,32669,6,1,0,0,3,0,68,999,0,0,0,0,0,0,0,0,0,0,0,0,0,0,1,2,60,1,1,8,1,0,0,5,53,99,1,1,21,"777777777777","777777777777","777777777777",1,0
12,122843,3,3,1,22,12,18,57,12,1,1,0,12,1,20,481,20481,31,1990,"1GCDK14K0LZ1","1","G","C","D","K","1","4","K","0","L","Z","1",0,0,0,"000000000","00000000000",0,0,0,1,0,0,0,0,0,0,0,998,0,1,1,7,6,2,12,0,0,0,1,12,32669,6,1,0,0,3,0,72,999,0,0,0,0,0,0,0,0,0,0,0,0,0,0,1,2,60,1,1,8,1,0,0,11,60,99,1,1,98,"777777777777","777777777777","777777777777",0,0
12,122844,1,3,1,25,12,21,50,12,2,1,0,12,2,35,401,35401,14,2003,"JN8DR09X23W7","J","N","8","D","R","0","9","X","2","3","W","7",0,0,0,"000000000","00000000000",0,0,0,1,0,0,0,0,0,0,0,70,0,0,0,12,6,2,12,0,0,0,1,12,34787,6,1,6,0,3,0,68,999,0,1,0,1,1,7,2015,5,2016,0,51,0,0,0,3,2,70,1,1,8,1,0,0,1,54,99,1,1,52,"777777777777","777777777777","777777777777",0,1
12,122844,2,3,5,25,12,21,50,12,2,1,0,12,1,37,31,37031,4,2013,"19XFB2F99DE0","1","9","X","F","B","2","F","9","9","D","E","0",0,0,0,"000000000","00000000000",0,0,0,1,0,0,0,0,0,0,0,70,0,1,3,12,6,2,12,0,0,0,1,12,33063,6,1,0,0,3,0,74,999,0,0,0,0,0,0,0,0,0,0,0,0,0,0,3,2,70,1,1,8,1,0,0,1,54,99,1,1,52,"777777777777","777777777777","777777777777",1,0
12,122844,3,3,2,25,12,21,50,12,2,1,0,55,1,2,405,2405,14,2008,"1J8GN58K08W1","1","J","8","G","N","5","8","K","0","8","W","1",0,0,0,"000000000","00000000000",0,0,0,1,0,0,0,0,0,0,0,50,0,0,0,12,6,2,12,0,0,0,1,55,53150,6,1,0,0,3,0,73,999,0,0,0,1,1,10,2013,3,2015,0,0,0,0,0,3,2,70,1,1,8,1,0,0,1,54,99,1,1,98,"777777777777","777777777777","777777777777",0,0
12,122845,1,2,1,30,12,16,33,12,6,1,0,12,1,37,402,37402,14,2012,"JHLRM3H78CC0","J","H","L","R","M","3","H","7","8","C","C","0",0,0,0,"000000000","00000000000",0,0,0,1,0,0,0,0,0,0,0,10,0,0,0,9,6,2,12,0,0,0,1,12,32112,6,1,6,0,3,3,64,999,0,0,0,0,0,0,0,0,0,0,38,0,0,0,1,2,55,1,1,8,1,20,3,11,15,99,1,1,82,"777777777777","777777777777","777777777777",1,0
12,122845,2,2,12,30,12,16,33,12,6,1,0,12,3,12,461,12461,21,2002,"1FBSS31L92HA","1","F","B","S","S","3","1","L","9","2","H","A",0,0,0,"000000000","00000000000",0,0,0,1,0,0,0,0,0,0,0,55,0,0,0,12,6,2,12,0,0,0,1,12,33873,6,1,6,0,3,0,66,999,0,0,0,0,0,0,0,0,0,0,0,0,0,0,1,2,55,1,1,8,1,0,0,1,67,99,1,1,83,"777777777777","777777777777","777777777777",0,0
12,122846,1,2,1,18,12,2,37,8,0,1,0,12,2,35,401,35401,14,1994,"JN8HD17S5RW2","J","N","8","H","D","1","7","S","5","R","W","2",0,0,0,"000000000","00000000000",0,0,0,1,0,0,0,0,0,0,0,45,0,0,0,12,4,3,8,0,0,0,1,12,32922,1,1,1,0,2,0,74,999,0,4,0,0,2,3,2013,5,2016,0,0,0,0,0,5,5,45,1,1,8,1,0,0,1,80,99,1,1,13,"777777777777","777777777777","777777777777",0,0
12,122846,2,2,2,18,12,2,37,8,0,1,0,12,1,34,34,34034,4,2008,"WBAVA375X8NL","W","B","A","V","A","3","7","5","X","8","N","L",0,0,0,"000000000","00000000000",0,0,0,1,0,0,0,0,0,0,0,45,0,0,0,12,6,2,8,0,0,0,1,12,34744,6,1,0,0,3,0,69,999,0,4,0,0,2,8,2014,9,2014,0,0,0,0,0,5,5,45,1,1,8,1,0,0,1,10,6,1,2,98,"777777777777","777777777777","777777777777",0,0
12,122847,1,2,1,27,12,15,48,12,6,1,0,12,2,59,404,59404,14,2016,"JTJBM7FX7G51","J","T","J","B","M","7","F","X","7","G","5","1",0,0,0,"000000000","00000000000",0,0,0,1,0,0,0,0,0,0,0,50,0,0,0,12,6,2,12,0,0,0,1,12,33126,6,1,0,0,3,0,66,999,0,0,0,1,0,11,2016,11,2016,0,0,0,0,0,3,6,40,1,1,8,1,3,3,1,67,99,1,1,83,"777777777777","777777777777","777777777777",0,0
12,122847,2,2,6,27,12,15,48,12,6,1,0,12,2,20,406,20406,14,2016,"KL7CJLSB2GB5","K","L","7","C","J","L","S","B","2","G","B","5",0,0,0,"000000000","00000000000",0,0,0,1,0,0,0,0,0,0,0,10,0,0,0,9,6,2,12,0,0,0,1,12,33126,6,1,0,0,3,3,65,999,0,0,0,0,0,0,0,0,0,0,0,0,0,0,3,4,30,1,1,8,1,3,3,11,15,99,1,1,82,"777777777777","777777777777","777777777777",1,0
12,122848,1,1,99,31,12,19,20,9,0,1,1,99,9,99,999,99999,99,9999,"999999999999","9","9","9","9","9","9","9","9","9","9","9","9",0,0,0,"000000000","00000000000",0,0,0,1,0,0,0,0,0,0,0,50,0,0,0,12,2,5,9,0,0,0,1,99,99999,9,9,99,9,9,9,999,999,99,99,99,99,99,99,9999,99,9999,0,0,0,0,0,1,2,50,1,1,8,1,0,0,1,83,99,1,1,13,"777777777777","777777777777","777777777777",0,0
12,122849,1,3,1,25,12,4,40,8,0,1,0,12,1,63,402,63402,14,2013,"5XYKT4A11DG3","5","X","Y","K","T","4","A","1","1","D","G","3",0,0,0,"000000000","00000000000",0,0,0,1,0,0,0,0,0,0,0,70,0,0,0,12,6,2,8,0,0,0,1,12,32534,6,1,0,0,3,3,66,999,0,0,0,0,0,0,0,0,0,0,0,0,0,0,3,4,70,1,6,8,2,0,0,1,80,99,1,1,13,"777777777777","777777777777","777777777777",0,0
12,122849,2,3,2,25,12,4,40,8,0,1,0,16,3,51,47,51047,4,2016,"YV126MFK1G23","Y","V","1","2","6","M","F","K","1","G","2","3",0,0,0,"000000000","00000000000",0,0,0,1,0,0,0,0,0,0,0,70,0,0,0,14,6,2,8,0,0,0,1,12,33311,6,1,0,0,3,3,60,999,0,0,0,0,0,0,0,0,0,0,0,0,0,0,3,4,70,1,6,8,2,0,0,1,80,99,1,1,98,"777777777777","777777777777","777777777777",0,0
12,122849,3,3,1,25,12,4,40,8,0,1,0,12,1,55,401,55401,14,2012,"5XYZH4AGXCG1","5","X","Y","Z","H","4","A","G","X","C","G","1",0,0,0,"000000000","00000000000",0,0,0,1,0,0,0,0,0,0,0,70,0,0,0,14,4,5,8,0,0,0,1,12,32052,6,1,6,0,3,0,64,999,0,0,0,1,1,8,2013,6,2014,0,0,0,0,0,3,4,70,1,6,8,2,0,0,1,80,99,1,1,98,"777777777777","777777777777","777777777777",0,0
12,122850,1,1,2,25,12,4,55,42,0,1,0,12,2,35,39,35039,4,2005,"1N4BA41E95C8","1","N","4","B","A","4","1","E","9","5","C","8",0,0,0,"000000000","00000000000",0,0,0,1,0,0,0,0,0,0,0,50,0,0,0,1,6,2,42,0,0,0,1,12,34997,1,1,0,0,2,0,60,999,0,3,0,1,0,9,2014,11,2016,0,0,0,0,0,1,2,25,1,1,8,1,0,0,1,13,99,4,4,2,"777777777777","777777777777","777777777777",1,1
12,122851,1,2,1,30,12,3,40,12,2,1,0,12,1,12,37,12037,4,2005,"1FAFP34N15W2","1","F","A","F","P","3","4","N","1","5","W","2",0,0,0,"000000000","00000000000",0,0,0,1,0,0,0,0,0,0,0,65,0,0,0,12,6,2,12,0,0,0,1,12,34653,6,1,0,0,3,0,60,999,0,0,0,0,0,0,0,0,0,0,51,0,0,0,3,2,65,1,1,8,1,0,0,1,54,6,1,1,52,"777777777777","777777777777","777777777777",1,1
12,122851,2,2,1,30,12,3,40,12,2,1,0,12,1,23,481,23481,31,2000,"1GTEC14T7YE2","1","G","T","E","C","1","4","T","7","Y","E","2",0,0,0,"000000000","00000000000",0,0,0,1,0,0,0,0,0,0,0,65,0,0,0,12,6,2,12,0,0,0,1,12,34221,6,1,0,0,3,0,70,999,1,3,0,0,0,6,2015,7,2016,0,0,0,0,0,3,2,65,1,1,8,1,0,0,1,54,7,1,1,52,"777777777777","777777777777","777777777777",0,0
12,122852,1,2,1,7,10,23,40,9,0,1,0,12,2,12,23,12023,4,2012,"3FAHP0HA0CR1","3","F","A","H","P","0","H","A","0","C","R","1",0,0,0,"000000000","00000000000",0,0,0,1,0,0,0,0,0,0,0,35,0,0,0,12,6,2,9,0,0,0,1,12,32514,6,1,0,0,3,0,69,999,0,0,0,1,0,8,2013,8,2013,0,0,0,0,0,1,2,35,1,1,8,1,0,0,1,83,6,1,1,13,"777777777777","777777777777","777777777777",0,0
12,122852,2,2,2,7,10,23,40,9,0,1,0,12,2,12,401,12401,14,2002,"1FMZU62E52ZC","1","F","M","Z","U","6","2","E","5","2","Z","C",0,0,0,"000000000","00000000000",0,0,0,1,0,0,0,0,0,0,0,35,0,0,0,12,2,5,9,0,0,0,1,12,32501,6,1,0,0,3,0,67,999,0,1,0,0,0,6,2016,6,2016,0,0,0,0,0,1,4,35,1,1,8,1,0,0,1,83,7,1,1,98,"777777777777","777777777777","777777777777",0,0
12,122853,1,1,1,2,12,18,55,8,0,1,0,12,1,35,47,35047,4,2000,"1N4DL01D2YC2","1","N","4","D","L","0","1","D","2","Y","C","2",0,0,0,"000000000","00000000000",0,0,0,1,0,0,0,0,0,0,0,30,0,0,0,12,2,3,8,0,0,0,1,12,34689,6,1,0,0,3,3,61,999,1,0,0,0,0,6,2012,6,2012,0,0,0,0,0,1,4,30,1,1,8,1,0,0,15,80,1,1,2,13,"777777777777","777777777777","777777777777",0,0
12,122854,1,2,1,23,12,10,35,12,2,1,0,12,1,12,471,12471,30,1997,"1FTCR14A9VPB","1","F","T","C","R","1","4","A","9","V","P","B",0,0,0,"000000000","00000000000",0,0,0,1,0,0,0,0,0,0,0,10,0,0,0,12,6,2,12,0,0,0,1,12,32462,6,1,0,0,3,0,69,999,0,0,0,0,0,0,0,0,0,0,38,0,0,0,1,2,10,1,1,8,1,20,3,11,15,99,1,1,82,"777777777777","777777777777","777777777777",1,0
12,122854,2,2,1,23,12,10,35,12,2,1,0,12,3,86,881,86881,63,2015,"1M2AX13C2FM0","1","M","2","A","X","1","3","C","2","F","M","0",0,0,12,"545147","12545147",3,1,4,1,0,0,0,0,0,0,0,55,0,1,1,12,6,2,12,0,0,0,1,12,32448,6,1,6,0,3,0,69,999,0,0,0,0,0,0,0,0,0,0,0,0,0,0,1,2,55,3,5,8,1,0,0,14,67,6,1,1,83,"777777777777","777777777777","777777777777",0,0
12,122855,1,1,1,29,12,18,39,8,0,1,0,12,2,35,47,35047,4,2013,"1N4AL3AP3DC1","1","N","4","A","L","3","A","P","3","D","C","1",0,0,0,"000000000","00000000000",0,0,0,1,0,0,0,0,0,0,0,40,0,0,0,12,4,5,8,0,0,0,1,12,33172,6,1,0,0,3,0,67,999,0,0,0,0,0,0,0,0,0,0,0,0,0,0,2,4,40,1,1,8,1,3,3,1,80,9,1,1,13,"777777777777","777777777777","777777777777",0,0
12,122856,1,1,1,27,12,6,10,42,0,1,0,12,1,72,706,72706,82,2016,"1HD1MAL18GB8","1","H","D","1","M","A","L","1","8","G","B","8",0,0,0,"000000000","00000000000",0,0,0,1,0,0,0,0,0,0,0,45,0,0,0,12,6,2,42,0,0,0,1,12,34982,6,1,0,0,3,3,69,999,0,0,0,0,0,0,0,0,0,0,6,0,0,0,1,2,45,3,1,8,1,0,0,14,13,99,1,4,1,"777777777777","777777777777","777777777777",1,1
12,122857,1,3,1,29,12,7,31,12,6,1,0,12,2,7,472,7472,30,2003,"1D7HL38X13S1","1","D","7","H","L","3","8","X","1","3","S","1",0,0,0,"000000000","00000000000",0,0,0,1,0,0,0,0,0,0,0,10,0,0,0,5,4,5,12,0,0,0,1,12,34972,6,1,0,0,3,0,71,999,0,0,0,1,0,6,2014,6,2014,0,38,0,0,0,1,2,30,1,1,8,1,20,3,1,17,99,1,1,87,"777777777777","777777777777","777777777777",0,0