"STATE","ST_CASE","VEH_NO","VE_FORMS","NUMOCCS","DAY","MONTH","HOUR","MINUTE","HARM_EV","MAN_COLL","UNITTYPE","HIT_RUN","REG_STAT","OWNER","MAKE","MODEL","MAK_MOD","BODY_TYP","MOD_YEAR","VIN","VIN_1","VIN_2","VIN_3","VIN_4","VIN_5","VIN_6","VIN_7","VIN_8","VIN_9","VIN_10","VIN_11","VIN_12","TOW_VEH","J_KNIFE","MCARR_I1","MCARR_I2","MCARR_ID","GVWR","V_CONFIG","CARGO_BT","HAZ_INV","HAZ_PLAC","HAZ_ID","HAZ_CNO","HAZ_REL","BUS_USE","SPEC_USE","EMER_USE","TRAV_SP","UNDERIDE","ROLLOVER","ROLINLOC","IMPACT1","DEFORMED","TOWED","M_HARM","VEH_SC1","VEH_SC2","FIRE_EXP","DR_PRES","L_STATE","DR_ZIP","L_STATUS","L_TYPE","CDL_STAT","L_ENDORS","L_COMPL","L_RESTRI","DR_HGT","DR_WGT","PREV_ACC","PREV_SUS","PREV_DWI","PREV_SPD","PREV_OTH","FIRST_MO","FIRST_YR","LAST_MO","LAST_YR","SPEEDREL","DR_SF1","DR_SF2","DR_SF3","DR_SF4","VTRAFWAY","VNUM_LAN","VSPD_LIM","VALIGN","VPROFILE","VPAVETYP","VSURCOND","VTRAFCON","VTCONT_F","P_CRASH1","P_CRASH2","P_CRASH3","PCRASH4","PCRASH5","ACC_TYPE","TRLR1VIN","TRLR2VIN","TRLR3VIN","DEATHS","DR_DRINK"
12,122857,2,3,1,29,12,7,31,12,6,1,0,26,1,37,706,37706,80,2008,"1HFSC47H58A7","1","H","F","S","C","4","7","H","5","8","A","7",0,0,0,"000000000","00000000000",0,0,0,1,0,0,0,0,0,0,0,60,0,0,0,12,6,2,12,0,0,0,1,26,49227,6,1,0,0,3,0,66,999,0,0,0,0,1,10,2014,10,2014,0,0,0,0,0,1,2,60,1,1,8,1,0,0,1,66,99,1,1,86,"777777777777","777777777777","777777777777",1,0
12,122857,3,3,1,29,12,7,31,12,6,1,0,47,1,12,481,12481,31,2016,"1FT7W2BT5GEA","1","F","T","7","W","2","B","T","5","G","E","A",0,0,0,"000000000","00000000000",0,0,0,1,0,0,0,0,0,0,0,55,0,0,0,1,6,2,12,0,0,0,1,47,37066,6,1,0,0,3,0,72,999,0,0,0,0,0,0,0,0,0,0,0,0,0,0,1,2,60,1,1,8,1,0,0,15,63,6,1,1,98,"777777777777","777777777777","777777777777",0,0
12,122858,1,2,3,28,12,15,15,12,6,1,0,12,1,22,22,22022,4,2006,"1G2ZG5587642","1","G","2","Z","G","5","5","8","7","6","4","2",0,0,0,"000000000","00000000000",0,0,0,1,0,0,0,0,0,0,0,45,0,0,0,3,6,2,12,0,0,0,1,12,32808,6,1,0,0,3,0,69,999,0,4,0,0,3,9,2014,7,2016,4,38,0,0,0,3,4,45,1,1,8,1,0,0,1,10,99,1,2,64,"777777777777","777777777777","777777777777",2,0
12,122858,2,2,1,28,12,15,15,12,6,1,0,12,2,19,421,19421,15,2004,"3GYFK66NX4G3","3","G","Y","F","K","6","6","N","X","4","G","3",0,0,0,"000000000","00000000000",0,0,0,1,0,0,0,0,0,0,0,45,0,0,0,12,6,2,12,0,0,0,1,12,32712,6,1,0,0,3,3,70,999,0,0,0,0,0,0,0,0,0,0,0,0,0,0,3,4,45,1,1,8,1,0,0,1,62,99,1,1,65,"777777777777","777777777777","777777777777",0,0
12,122859,1,2,1,30,12,17,16,12,6,1,0,12,1,42,43,42043,4,2008,"WDDNG71X58A2","W","D","D","N","G","7","1","X","5","8","A","2",0,0,0,"000000000","00000000000",0,0,0,1,0,0,0,0,0,0,0,10,0,0,0,3,6,2,12,0,0,0,1,12,32804,6,1,0,0,3,3,72,999,0,0,0,0,1,8,2013,8,2013,0,38,0,0,0,3,5,45,1,1,8,1,0,0,11,15,99,1,2,68,"777777777777","777777777777","777777777777",0,0
12,122859,2,2,1,30,12,17,16,12,6,1,0,12,1,53,705,53705,80,2007,"JS1GN7DA7721","J","S","1","G","N","7","D","A","7","7","2","1",0,0,0,"000000000","00000000000",0,0,0,1,0,0,0,0,0,0,0,45,0,0,0,12,6,2,12,0,0,0,1,12,32805,6,1,0,0,3,0,68,999,0,0,0,0,0,0,0,0,0,0,0,0,0,0,3,5,45,1,1,8,1,0,0,1,62,99,1,1,69,"777777777777","777777777777","777777777777",1,0
12,122860,1,3,2,31,12,5,28,12,1,1,0,12,4,55,35,55035,4,2017,"5NPD74LF3HH1","5","N","P","D","7","4","L","F","3","H","H","1",0,0,0,"000000000","00000000000",0,0,0,1,0,0,0,0,0,0,0,80,0,0,0,12,6,2,12,0,0,0,1,12,33469,6,1,0,0,3,3,72,999,0,0,0,0,1,8,2013,8,2013,0,6,0,0,0,3,2,60,1,1,8,1,0,0,1,51,16,1,1,24,"777777777777","777777777777","777777777777",2,0
12,122860,2,3,4,31,12,5,28,12,1,1,0,12,1,49,40,49040,4,2012,"4T1BF1FK6CU5","4","T","1","B","F","1","F","K","6","C","U","5",0,0,0,"000000000","00000000000",0,0,0,1,0,0,0,0,0,0,0,0,0,0,0,6,6,2,12,0,0,0,1,12,33410,6,1,0,0,3,0,68,999,0,0,0,0,1,10,2016,10,2016,0,0,0,0,0,3,2,60,1,1,8,1,0,0,1,53,1,1,1,25,"777777777777","777777777777","777777777777",0,0
12,122860,3,3,1,31,12,5,28,12,1,1,0,12,3,84,884,84884,66,2007,"1HSHWAHN47J4","1","H","S","H","W","A","H","N","4","7","J","4",1,1,12,"804401","12804401",3,6,1,1,0,0,0,0,0,0,0,60,0,1,5,12,6,2,12,0,0,0,1,12,34951,6,1,6,0,3,0,69,999,0,0,0,0,0,0,0,0,0,0,0,0,0,0,3,2,60,1,1,8,1,0,0,1,50,16,1,1,98,"888888888888","777777777777","777777777777",0,0
12,122861,1,1,2,24,12,6,42,8,0,1,0,12,2,7,461,7461,21,1999,"2B6HB11Y9XK5","2","B","6","H","B","1","1","Y","9","X","K","5",0,0,0,"000000000","00000000000",0,0,0,1,0,0,0,0,0,0,0,40,0,0,0,12,4,3,8,0,0,0,1,12,33971,6,1,0,0,3,0,67,999,0,1,0,0,0,8,2016,8,2016,0,0,0,0,0,1,2,35,1,1,8,1,0,0,1,80,99,1,1,13,"777777777777","777777777777","777777777777",0,0
12,122862,1,1,6,25,12,21,14,1,0,1,0,12,2,12,422,12422,15,2003,"1FMPU15L03LA","1","F","M","P","U","1","5","L","0","3","L","A",0,0,0,"000000000","00000000000",0,0,0,1,0,0,0,0,0,0,0,55,0,2,1,0,6,2,1,0,0,0,1,12,32724,6,1,0,0,3,0,69,999,0,0,0,0,0,0,0,0,0,0,0,0,0,0,3,2,55,1,1,8,1,0,0,1,98,7,1,6,98,"777777777777","777777777777","777777777777",1,0
12,122863,1,1,1,30,9,1,18,30,0,1,0,12,1,37,705,37705,80,2005,"JH2PC37035M2","J","H","2","P","C","3","7","0","3","5","M","2",0,0,0,"000000000","00000000000",0,0,0,1,0,0,0,0,0,0,0,80,0,0,0,12,6,2,30,0,0,1,1,12,33133,6,1,0,0,3,3,71,999,0,0,0,0,0,0,0,0,0,0,0,0,0,0,2,3,40,1,1,8,1,0,0,1,13,99,1,4,1,"777777777777","777777777777","777777777777",1,0
12,122864,1,1,1,26,12,23,56,8,0,1,0,12,1,20,481,20481,31,2004,"1GCEC14X94Z2","1","G","C","E","C","1","4","X","9","4","Z","2",0,0,0,"000000000","00000000000",0,0,0,1,0,0,0,0,0,0,0,55,0,0,0,12,4,3,8,0,0,0,1,12,33702,6,1,0,0,3,0,63,999,0,0,0,0,0,0,0,0,0,0,0,0,0,0,3,3,55,1,5,8,1,0,0,1,80,7,1,1,13,"777777777777","777777777777","777777777777",0,0
12,122865,1,2,1,19,8,8,40,12,6,1,0,12,3,82,881,82881,66,1996,"2FUYDSEB5TA6","2","F","U","Y","D","S","E","B","5","T","A","6",1,1,12,"1052171","121052171",3,6,3,1,0,0,0,0,0,0,0,5,0,0,0,83,0,5,12,0,0,0,1,12,33993,6,1,6,0,3,0,71,999,0,0,0,0,0,0,0,0,0,0,38,0,0,0,2,4,45,1,1,8,1,0,0,11,15,99,1,1,68,"888888888888","777777777777","777777777777",0,0
12,122865,2,2,1,19,8,8,40,12,6,1,0,12,1,37,705,37705,80,2007,"JH2PC40037M0","J","H","2","P","C","4","0","0","3","7","M","0",0,0,0,"000000000","00000000000",0,0,0,1,0,0,0,0,0,0,0,45,0,0,0,12,6,2,12,0,0,0,1,12,33604,6,1,0,0,3,3,72,999,0,0,0,0,0,0,0,0,0,0,0,0,0,0,2,3,45,1,6,8,1,0,0,1,62,16,1,1,69,"777777777777","777777777777","777777777777",1,0
12,122866,1,1,1,31,10,2,7,25,0,1,0,12,1,37,31,37031,2,2008,"2HGFG12638H5","2","H","G","F","G","1","2","6","3","8","H","5",0,0,0,"000000000","00000000000",0,0,0,1,0,0,0,0,0,0,0,75,0,1,3,12,6,2,1,0,0,0,1,12,33015,6,1,0,0,3,0,66,999,0,0,0,0,0,0,0,0,0,0,0,0,0,0,3,7,60,1,5,8,1,0,0,1,12,99,1,4,6,"777777777777","777777777777","777777777777",1,1
12,122867,1,2,1,24,12,1,59,12,1,1,0,34,1,2,404,2404,14,1999,"1J4FF68S6XL6","1","J","4","F","F","6","8","S","6","X","L","6",0,0,0,"000000000","00000000000",0,0,0,1,0,0,0,0,0,0,0,40,0,1,1,12,6,2,12,0,0,0,1,12,34610,1,1,0,0,2,0,69,999,0,1,0,1,2,12,2012,6,2016,0,6,0,0,0,1,2,30,1,6,8,1,0,0,1,1,99,1,1,24,"777777777777","777777777777","777777777777",0,1
12,122867,2,2,4,24,12,1,59,12,1,1,0,12,2,98,998,98998,95,1995,"999999999999","9","9","9","9","9","9","9","9","9","9","9","9",0,0,0,"000000000","00000000000",0,0,0,1,0,0,0,0,0,0,0,15,0,0,0,6,6,2,12,0,0,0,1,12,34654,1,1,0,0,2,0,67,999,1,2,0,0,0,6,2015,7,2015,0,6,0,0,0,1,2,30,1,4,8,1,0,0,1,53,99,1,1,25,"777777777777","777777777777","777777777777",3,0
12,122869,1,1,1,21,12,19,35,8,0,1,0,12,2,19,421,19421,15,2007,"1GYFK638X7R2","1","G","Y","F","K","6","3","8","X","7","R","2",0,0,0,"000000000","00000000000",0,0,0,1,0,0,0,0,0,0,0,40,0,0,0,12,4,3,8,0,0,0,1,12,32073,6,1,0,0,3,0,67,999,0,0,0,0,0,0,0,0,0,0,0,0,0,0,2,6,40,1,1,8,1,0,0,1,80,99,1,1,13,"777777777777","777777777777","777777777777",0,0
12,122870,1,2,3,9,12,14,57,12,6,1,0,37,2,35,401,35401,14,1997,"JN8AR05SXVW1","J","N","8","A","R","0","5","S","X","V","W","1",0,0,0,"000000000","00000000000",0,0,0,1,0,0,0,0,0,0,0,998,0,0,0,3,6,2,12,0,0,0,1,12,33436,0,0,0,0,0,0,999,999,0,0,0,0,0,0,0,0,0,0,6,38,48,0,3,5,45,1,1,8,1,3,3,11,15,99,1,1,68,"777777777777","777777777777","777777777777",1,0
12,122870,2,2,1,9,12,14,57,12,6,1,0,12,3,37,441,37441,20,2004,"5FNRL18584B0","5","F","N","R","L","1","8","5","8","4","B","0",0,0,0,"000000000","00000000000",0,0,0,1,0,0,0,0,0,0,0,0,0,0,0,12,6,2,12,0,0,0,1,12,33441,6,1,0,0,3,0,72,999,0,0,0,0,1,10,2016,10,2016,0,0,0,0,0,3,5,45,1,1,8,1,3,3,1,62,99,1,1,69,"777777777777","777777777777","777777777777",0,0
12,122871,1,1,1,27,12,12,50,8,0,1,0,12,1,55,35,55035,4,2016,"5NPDH4AE1GH7","5","N","P","D","H","4","A","E","1","G","H","7",0,0,0,"000000000","00000000000",0,0,0,1,0,0,0,0,0,0,0,35,0,0,0,12,6,2,8,0,0,0,1,12,34997,6,1,0,0,3,3,66,999,0,0,0,0,0,0,0,0,0,0,0,0,0,0,1,2,30,1,1,8,1,0,0,1,80,99,1,1,13,"777777777777","777777777777","777777777777",0,0
12,122872,1,2,2,21,12,18,0,12,6,1,0,12,1,63,402,63402,14,2016,"5XYPG4A34GG1","5","X","Y","P","G","4","A","3","4","G","G","1",0,0,0,"000000000","00000000000",0,0,0,1,0,0,0,0,0,0,0,10,0,0,0,3,4,5,12,0,0,0,1,12,34731,6,1,0,0,3,0,63,999,0,0,0,0,0,0,0,0,0,0,38,0,0,0,3,2,45,1,1,8,1,20,3,11,15,99,1,1,82,"777777777777","777777777777","777777777777",0,0
12,122872,2,2,1,21,12,18,0,12,6,1,0,12,1,98,709,98709,80,1964,"175TV3539774","1","7","5","T","V","3","5","3","9","7","7","4",0,0,0,"000000000","00000000000",0,0,0,1,0,0,0,0,0,0,0,45,0,0,0,12,6,2,12,0,0,0,1,12,34275,6,1,0,0,3,0,70,999,0,0,0,0,0,0,0,0,0,0,0,0,0,0,3,3,45,1,1,8,1,0,0,1,67,99,1,1,83,"777777777777","777777777777","777777777777",1,0
12,122873,1,3,1,22,12,21,25,12,6,1,0,12,4,20,406,20406,14,2016,"3GNCJMSB2GL1","3","G","N","C","J","M","S","B","2","G","L","1",0,0,0,"000000000","00000000000",0,0,0,1,0,0,0,0,0,0,0,15,0,1,5,1,6,2,12,0,0,0,1,97,0,9,9,99,9,9,9,999,999,99,99,99,99,99,99,9999,99,9999,0,38,0,0,0,1,2,55,1,1,8,1,0,0,11,15,99,1,1,68,"777777777777","777777777777","777777777777",0,0
12,122873,2,3,2,22,12,21,25,12,6,1,0,12,4,55,36,55036,4,2017,"KMHCT4AE1HU2","K","M","H","C","T","4","A","E","1","H","U","2",0,0,0,"000000000","00000000000",0,0,0,1,0,0,0,0,0,0,0,55,0,0,0,12,6,2,12,0,0,0,1,26,48626,6,1,0,0,3,3,67,164,0,0,0,0,0,0,0,0,0,0,0,0,0,0,1,2,55,1,1,8,1,0,0,1,62,99,1,1,69,"777777777777","777777777777","777777777777",1,0
12,122873,3,3,2,22,12,21,25,12,6,1,0,12,2,41,50,41050,4,2005,"1YVHP80C155M","1","Y","V","H","P","8","0","C","1","5","5","M",0,0,0,"000000000","00000000000",0,0,0,1,0,0,0,0,0,0,0,55,0,0,0,12,6,2,12,0,0,0,1,12,34741,6,1,0,0,3,0,62,999,0,0,0,0,0,0,0,0,0,0,0,0,0,0,1,2,55,1,1,8,1,0,0,1,62,99,1,1,98,"777777777777","777777777777","777777777777",0,0
12,122874,1,3,4,31,12,7,40,12,1,1,0,13,1,35,47,35047,4,2013,"1N4AL3AP9DC9","1","N","4","A","L","3","A","P","9","D","C","9",0,0,0,"000000000","00000000000",0,0,0,1,0,0,0,0,0,0,0,35,0,0,0,6,4,5,12,0,0,0,1,13,31419,6,1,0,0,3,0,69,999,98,0,0,0,0,0,0,0,0,0,6,0,0,0,3,3,55,1,5,2,1,0,0,15,10,99,1,1,32,"777777777777","777777777777","777777777777",0,0
12,122874,2,3,1,31,12,7,40,12,1,1,0,12,3,98,809,98809,66,2007,"2FWJAZDE67AY","2","F","W","J","A","Z","D","E","6","7","A","Y",1,1,77,"777777777","77777777777",3,6,1,1,0,0,0,0,0,0,0,69,0,0,0,12,2,3,12,0,0,0,1,12,33169,6,1,6,0,3,3,66,999,0,0,0,0,0,0,0,0,0,0,0,0,0,0,3,3,55,1,5,2,1,0,0,1,61,99,1,1,32,"1W9AAXB25EP3","777777777777","777777777777",0,0
12,122874,3,3,1,31,12,7,40,12,1,1,0,12,1,34,34,34034,4,2009,"WBAPH77529NL","W","B","A","P","H","7","7","5","2","9","N","L",0,0,0,"000000000","00000000000",0,0,0,1,0,0,0,0,0,0,0,65,0,0,0,12,6,2,12,0,0,0,1,12,33015,6,1,0,0,3,0,69,999,0,0,0,1,0,8,2012,8,2012,0,6,0,0,0,3,3,55,1,1,2,1,0,0,1,51,99,1,1,98,"777777777777","777777777777","777777777777",1,0
12,122875,1,2,2,24,12,12,20,12,7,1,0,12,2,49,401,49401,14,2002,"JT3GN86R1202","J","T","3","G","N","8","6","R","1","2","0","2",0,0,0,"000000000","00000000000",0,0,0,1,0,0,0,0,0,0,0,65,0,0,0,11,6,2,12,0,0,0,1,12,32233,6,1,0,0,3,3,72,999,0,0,0,0,0,0,0,0,0,0,28,0,0,0,3,2,65,1,1,8,1,0,0,1,11,99,1,2,44,"777777777777","777777777777","777777777777",0,0
12,122875,2,2,1,24,12,12,20,12,7,1,0,12,1,35,43,35043,4,2014,"3N1AB7AP2EY2","3","N","1","A","B","7","A","P","2","E","Y","2",0,0,0,"000000000","00000000000",0,0,0,1,0,0,0,0,0,0,0,65,0,1,5,1,6,2,12,0,0,0,1,12,32225,6,1,6,0,3,0,71,999,0,0,0,0,0,0,0,0,0,0,0,0,0,0,3,2,65,1,1,8,1,0,0,1,60,99,1,1,45,"777777777777","777777777777","777777777777",1,0
12,122876,1,1,4,9,12,23,46,8,0,1,0,12,1,30,52,30052,4,2013,"1VWBP7A34DC0","1","V","W","B","P","7","A","3","4","D","C","0",0,0,0,"000000000","00000000000",0,0,0,1,0,0,0,0,0,0,0,30,0,0,0,12,6,2,8,0,0,0,1,12,33445,6,1,0,0,3,0,68,999,0,0,0,1,0,9,2014,9,2014,0,0,0,0,0,3,3,30,1,1,8,2,0,0,1,80,1,1,1,13,"777777777777","777777777777","777777777777",0,1
12,122877,1,1,1,26,12,14,51,33,0,1,0,12,1,37,706,37706,80,2006,"JH2SC57006M2","J","H","2","S","C","5","7","0","0","6","M","2",0,0,0,"000000000","00000000000",0,0,0,1,0,0,0,0,0,0,0,25,0,0,0,12,6,2,30,0,0,0,1,12,32707,6,1,0,0,3,0,71,999,0,0,0,0,1,8,2014,8,2014,0,0,0,0,0,1,2,25,3,1,8,1,0,0,14,13,99,1,4,1,"777777777777","777777777777","777777777777",1,0
12,122880,1,1,1,1,7,21,18,8,0,1,9,12,1,20,421,20421,15,1996,"1GNCS18W3TK1","1","G","N","C","S","1","8","W","3","T","K","1",0,0,0,"000000000","00000000000",0,0,0,1,0,0,0,0,0,0,0,40,0,0,0,12,2,3,8,0,0,0,1,12,32922,6,1,0,0,3,3,66,999,0,0,0,0,0,0,0,0,0,0,0,0,0,0,5,5,40,1,1,8,1,0,0,1,80,99,1,1,13,"777777777777","777777777777","777777777777",0,0
12,122882,1,2,1,27,7,12,45,12,6,1,0,12,1,55,35,55035,4,2003,"KMHDN45D13U6","K","M","H","D","N","4","5","D","1","3","U","6",0,0,0,"000000000","00000000000",0,0,0,1,0,0,0,0,0,0,0,15,0,0,0,11,6,2,12,0,0,0,1,12,32324,6,1,0,0,3,0,69,999,0,0,0,1,0,10,2012,10,2012,0,38,0,0,0,1,2,60,1,1,8,1,20,3,10,16,99,1,1,78,"777777777777","777777777777","777777777777",1,0
12,122882,2,2,1,27,7,12,45,12,6,1,0,12,3,86,881,86881,66,2001,"1M1AA12Y11W1","1","M","1","A","A","1","2","Y","1","1","W","1",1,1,12,"1401431","121401431",3,6,9,1,0,0,0,0,0,0,0,60,0,1,5,12,6,2,12,0,0,0,1,12,32351,6,1,6,3,3,3,73,999,1,2,0,0,0,10,2015,10,2015,0,0,0,0,0,1,2,60,1,1,8,1,0,0,1,65,6,1,1,79,"888888888888","777777777777","777777777777",0,0
12,122883,1,2,1,12,8,18,15,12,6,1,0,12,1,18,22,18022,4,2005,"2G4WD5326512","2","G","4","W","D","5","3","2","6","5","1","2",0,0,0,"000000000","00000000000",0,0,0,1,0,0,0,0,0,0,0,5,0,0,0,7,6,2,12,0,0,0,1,12,32174,6,1,0,0,3,3,64,999,0,0,0,0,0,0,0,0,0,0,6,38,0,0,1,2,25,1,1,8,1,20,3,1,17,1,1,1,89,"777777777777","777777777777","777777777777",0,0
12,122883,2,2,1,12,8,18,15,12,6,1,0,12,1,37,706,37706,80,2014,"JH2SC5984EK5","J","H","2","S","C","5","9","8","4","E","K","5",0,0,0,"000000000","00000000000",0,0,0,1,0,0,0,0,0,0,0,30,0,0,0,12,6,2,12,0,0,0,1,12,32763,6,1,0,0,3,0,71,999,1,5,1,0,1,8,2012,10,2015,0,0,0,0,0,1,2,25,1,1,8,1,0,0,1,66,99,1,1,88,"777777777777","777777777777","777777777777",1,0
12,122884,1,2,1,17,8,18,15,12,6,1,0,12,1,53,706,53706,80,2005,"JS1GR7JA4521","J","S","1","G","R","7","J","A","4","5","2","1",0,0,0,"000000000","00000000000",0,0,0,1,0,0,0,0,0,0,0,75,0,0,0,12,6,2,12,0,0,0,1,12,34221,6,1,6,3,3,3,73,999,0,0,0,0,0,0,0,0,0,3,0,0,0,0,2,4,40,1,1,8,1,0,0,1,67,99,1,1,83,"777777777777","777777777777","777777777777",1,1
12,122884,2,2,1,17,8,18,15,12,6,1,0,12,1,7,442,7442,20,2002,"1B4GP243X2B6","1","B","4","G","P","2","4","3","X","2","B","6",0,0,0,"000000000","00000000000",0,0,0,1,0,0,0,0,0,0,0,10,0,0,0,7,6,2,12,0,0,0,1,12,34205,6,1,0,0,3,0,70,999,0,0,0,0,1,3,2014,3,2014,0,39,0,0,0,1,2,40,1,1,8,1,20,3,11,15,99,1,2,82,"777777777777","777777777777","777777777777",0,0
12,122885,1,1,2,9,9,11,12,33,0,1,0,12,1,20,28,20028,4,2012,"1G1JC5SH9C41","1","G","1","J","C","5","S","H","9","C","4","1",0,0,0,"000000000","00000000000",0,0,0,1,0,0,0,0,0,0,0,35,0,0,0,98,6,2,14,0,0,0,1,12,33830,6,1,0,0,3,3,62,999,0,0,0,0,0,0,0,0,0,0,0,0,0,0,2,4,35,1,1,8,1,0,0,1,10,99,1,5,6,"777777777777","777777777777","777777777777",1,0
12,122886,1,1,1,19,9,9,32,8,0,1,0,12,1,12,32,12032,5,2015,"3FADP4GXXFM2","3","F","A","D","P","4","G","X","X","F","M","2",0,0,0,"000000000","00000000000",0,0,0,1,0,0,0,0,0,0,0,5,0,0,0,12,0,5,8,0,0,0,1,12,32802,6,1,6,3,3,0,72,999,0,0,0,0,0,0,0,0,0,0,0,0,0,0,1,2,30,1,1,8,1,2,3,10,80,99,1,1,13,"777777777777","777777777777","777777777777",0,0
12,122887,1,2,3,25,9,1,22,12,6,1,1,99,9,34,35,34035,4,2011,"WBAFR7C50BC6","W","B","A","F","R","7","C","5","0","B","C","6",0,0,0,"000000000","00000000000",0,0,0,1,0,0,0,0,0,0,0,65,0,1,6,12,6,2,1,0,0,0,1,99,99999,9,9,99,9,9,9,999,999,99,99,99,99,99,99,9999,99,9999,0,0,0,0,0,6,2,45,2,1,8,1,21,3,14,16,99,1,4,66,"777777777777","777777777777","777777777777",0,0
12,122887,2,2,1,25,9,1,22,12,6,1,0,12,1,52,47,52047,6,2014,"4A4AP3AU6EE0","4","A","4","A","P","3","A","U","6","E","E","0",0,0,0,"000000000","00000000000",0,0,0,1,0,0,0,0,0,0,0,45,0,0,0,5,6,2,12,0,0,0,1,12,33065,6,1,0,0,3,3,74,999,0,0,0,0,0,0,0,0,0,0,0,0,0,0,2,6,45,1,1,8,1,0,0,1,74,99,1,2,66,"777777777777","777777777777","777777777777",1,0
12,122888,1,1,2,17,9,3,15,30,0,1,0,12,2,20,481,20481,31,1990,"2GCDK14KXL11","2","G","C","D","K","1","4","K","X","L","1","1",0,0,0,"000000000","00000000000",0,0,0,1,0,0,0,0,0,0,0,80,0,9,6,98,6,2,1,0,0,0,1,12,32321,6,1,0,0,3,0,67,999,0,2,0,0,4,5,2012,10,2015,3,0,0,0,0,1,2,25,2,1,8,1,0,0,14,12,99,1,5,6,"777777777777","777777777777","777777777777",1,1
12,122889,1,2,1,15,9,12,51,12,6,1,0,12,1,23,402,23402,14,2013,"2GKFLXE33D63","2","G","K","F","L","X","E","3","3","D","6","3",0,0,0,"000000000","00000000000",0,0,0,1,0,0,0,0,0,0,0,40,0,0,0,12,6,2,12,0,0,0,1,12,34946,6,1,0,0,3,3,63,999,0,0,0,0,0,0,0,0,0,0,0,0,0,0,2,4,40,1,1,8,1,3,3,1,17,99,4,2,88,"777777777777","777777777777","777777777777",0,0
12,122889,2,2,1,15,9,12,51,12,6,1,0,12,1,34,36,34036,2,2007,"WBAEH13597CR","W","B","A","E","H","1","3","5","9","7","C","R",0,0,0,"000000000","00000000000",0,0,0,1,0,0,0,0,0,0,0,10,0,0,0,9,6,2,12,0,0,0,1,12,34946,6,1,0,0,3,0,65,999,0,0,0,0,1,2,2012,2,2012,0,0,0,0,0,1,2,25,1,1,8,1,3,3,1,66,99,1,2,89,"777777777777","777777777777","777777777777",1,0
12,122890,1,2,1,16,9,20,26,12,6,1,0,12,1,37,31,37031,2,2004,"1HGEM22924L0","1","H","G","E","M","2","2","9","2","4","L","0",0,0,0,"000000000","00000000000",0,0,0,1,0,0,0,0,0,0,0,55,0,0,0,5,6,2,12,0,0,0,1,12,32210,6,1,0,0,3,0,70,999,0,0,0,0,0,0,0,0,0,0,6,0,0,0,2,2,55,1,1,8,2,0,0,1,12,7,1,6,44,"777777777777","777777777777","777777777777",0,0
12,122890,2,2,1,16,9,20,26,12,6,1,0,12,1,35,47,35047,4,2015,"1N4AL3AP0FC2","1","N","4","A","L","3","A","P","0","F","C","2",0,0,0,"000000000","00000000000",0,0,0,1,0,0,0,0,0,0,0,50,0,0,0,12,6,2,12,0,0,0,1,12,32221,6,1,0,0,3,3,69,999,1,0,0,0,0,6,2014,6,2014,0,0,0,0,0,2,2,55,1,1,8,2,0,0,1,60,99,1,1,45,"777777777777","777777777777","777777777777",1,1
12,122891,1,2,1,15,10,23,40,12,1,1,0,12,1,20,481,20481,31,2007,"1GCEC19V77Z1","1","G","C","E","C","1","9","V","7","7","Z","1",0,0,0,"000000000","00000000000",0,0,0,1,0,0,0,0,0,0,0,55,0,0,0,12,6,2,8,0,0,0,1,12,34952,6,1,0,0,3,3,67,999,0,0,0,0,0,0,0,0,0,3,36,0,0,0,2,3,40,1,1,8,1,0,0,1,50,99,1,1,32,"777777777777","777777777777","777777777777",0,0
12,122891,2,2,0,15,10,23,40,12,1,1,0,12,6,30,42,30042,5,2002,"9BWGB61J8240","9","B","W","G","B","6","1","J","8","2","4","0",0,0,0,"000000000","00000000000",0,0,0,1,0,0,0,0,0,0,0,0,0,0,0,6,6,2,12,0,0,0,0,0,99997,7,6,97,7,6,7,998,997,998,998,998,998,998,98,9998,98,9998,8,20,0,0,0,2,3,40,1,1,8,1,0,0,0,53,0,0,0,32,"777777777777","777777777777","777777777777",0,0
12,122892,1,2,2,15,3,20,59,12,98,1,0,12,2,20,481,20481,31,2010,"3GCRCSE04AG1","3","G","C","R","C","S","E","0","4","A","G","1",0,0,0,"000000000","00000000000",0,0,0,1,0,0,0,0,0,0,0,40,0,0,0,98,0,3,12,0,0,0,1,12,32548,6,1,0,0,3,0,73,999,0,0,0,1,1,3,2012,7,2013,0,0,0,0,0,2,2,40,1,1,8,1,0,0,1,53,99,1,1,98,"777777777777","777777777777","777777777777",1,0
12,122892,2,2,1,15,3,20,59,12,98,1,0,22,1,51,881,51881,66,2008,"4V4NC9GH08N4","4","V","4","N","C","9","G","H","0","8","N","4",2,1,12,"84221","1284221",3,7,1,1,0,0,0,0,0,0,0,35,0,0,0,14,2,5,12,0,0,0,1,22,70003,6,1,6,3,3,0,999,999,0,0,0,2,0,8,2012,1,2014,0,0,0,0,0,2,2,40,1,1,8,1,0,0,1,51,6,1,1,98,"888888888888","888888888888","777777777777",0,0
12,122893,1,1,1,28,10,9,38,9,0,1,0,12,3,89,890,89890,63,2014,"5VCACDLE1EH2","5","V","C","A","C","D","L","E","1","E","H","2",0,0,12,"1793162","121793162",3,1,7,1,0,0,0,0,0,0,0,15,0,0,0,12,0,5,9,0,0,0,1,12,32608,6,1,6,0,3,3,65,999,0,0,0,0,0,0,0,0,0,0,0,0,0,0,1,3,30,1,1,8,1,3,3,10,83,1,1,1,13,"777777777777","777777777777","777777777777",0,0