"STATE","ST_CASE","VEH_NO","VE_FORMS","NUMOCCS","DAY","MONTH","HOUR","MINUTE","HARM_EV","MAN_COLL","UNITTYPE","HIT_RUN","REG_STAT","OWNER","MAKE","MODEL","MAK_MOD","BODY_TYP","MOD_YEAR","VIN","VIN_1","VIN_2","VIN_3","VIN_4","VIN_5","VIN_6","VIN_7","VIN_8","VIN_9","VIN_10","VIN_11","VIN_12","TOW_VEH","J_KNIFE","MCARR_I1","MCARR_I2","MCARR_ID","GVWR","V_CONFIG","CARGO_BT","HAZ_INV","HAZ_PLAC","HAZ_ID","HAZ_CNO","HAZ_REL","BUS_USE","SPEC_USE","EMER_USE","TRAV_SP","UNDERIDE","ROLLOVER","ROLINLOC","IMPACT1","DEFORMED","TOWED","M_HARM","VEH_SC1","VEH_SC2","FIRE_EXP","DR_PRES","L_STATE","DR_ZIP","L_STATUS","L_TYPE","CDL_STAT","L_ENDORS","L_COMPL","L_RESTRI","DR_HGT","DR_WGT","PREV_ACC","PREV_SUS","PREV_DWI","PREV_SPD","PREV_OTH","FIRST_MO","FIRST_YR","LAST_MO","LAST_YR","SPEEDREL","DR_SF1","DR_SF2","DR_SF3","DR_SF4","VTRAFWAY","VNUM_LAN","VSPD_LIM","VALIGN","VPROFILE","VPAVETYP","VSURCOND","VTRAFCON","VTCONT_F","P_CRASH1","P_CRASH2","P_CRASH3","PCRASH4","PCRASH5","ACC_TYPE","TRLR1VIN","TRLR2VIN","TRLR3VIN","DEATHS","DR_DRINK"
12,122894,1,1,1,27,10,2,26,30,0,1,0,12,1,7,24,7024,4,2008,"2B3KA43G38H3","2","B","3","K","A","4","3","G","3","8","H","3",0,0,0,"000000000","00000000000",0,0,0,1,0,0,0,0,0,0,0,70,0,1,6,12,6,2,43,0,0,1,1,12,33558,6,1,0,0,3,3,74,999,0,0,0,0,1,11,2013,11,2013,3,0,0,0,0,1,2,50,3,1,8,1,0,0,14,13,99,1,4,1,"777777777777","777777777777","777777777777",1,1
12,122895,1,2,1,25,10,22,23,12,6,1,0,12,1,20,9,20009,2,2011,"2G1FB1ED6B91","2","G","1","F","B","1","E","D","6","B","9","1",0,0,0,"000000000","00000000000",0,0,0,1,0,0,0,0,0,0,0,1,0,0,0,81,4,3,12,0,0,0,1,12,33068,6,1,0,0,3,3,66,999,0,0,0,0,0,0,0,0,0,0,0,0,0,0,1,2,40,1,1,8,1,3,3,11,15,99,1,1,68,"777777777777","777777777777","777777777777",0,0
12,122895,2,2,1,25,10,22,23,12,6,1,0,12,1,37,705,37705,80,1996,"JH2RC4317TM2","J","H","2","R","C","4","3","1","7","T","M","2",0,0,0,"000000000","00000000000",0,0,0,1,0,0,0,0,0,0,0,1,0,0,0,12,6,2,12,0,0,0,1,12,33065,6,1,0,0,3,0,66,999,0,0,0,1,0,4,2014,4,2014,0,0,0,0,0,1,2,40,1,1,8,1,3,3,1,62,99,1,1,69,"777777777777","777777777777","777777777777",1,0
12,122896,1,1,1,3,10,6,32,8,0,1,0,12,1,20,421,20421,15,2004,"1GNCS13X64K1","1","G","N","C","S","1","3","X","6","4","K","1",0,0,0,"000000000","00000000000",0,0,0,1,0,0,0,0,0,0,0,50,0,0,0,12,4,3,8,0,0,0,1,12,34953,6,1,0,0,3,0,70,999,0,0,0,0,0,0,0,0,0,0,0,0,0,0,3,4,45,1,1,8,2,3,3,1,80,99,1,1,13,"777777777777","777777777777","777777777777",0,0
12,122897,1,2,3,20,10,19,3,12,6,1,0,47,4,12,402,12402,14,2017,"1FMCU0G97HUB","1","F","M","C","U","0","G","9","7","H","U","B",0,0,0,"000000000","00000000000",0,0,0,1,0,0,0,0,0,0,0,25,0,0,0,1,6,2,12,0,0,0,1,12,34952,6,1,0,0,3,0,59,999,0,0,0,0,0,0,0,0,0,0,6,38,0,0,3,3,45,1,1,8,1,3,3,11,15,99,1,1,68,"777777777777","777777777777","777777777777",1,0
12,122897,2,2,1,20,10,19,3,12,6,1,0,12,2,63,38,63038,5,2015,"KNAFK4A65F54","K","N","A","F","K","4","A","6","5","F","5","4",0,0,0,"000000000","00000000000",0,0,0,1,0,0,0,0,0,0,0,55,0,0,0,12,6,2,12,0,0,0,1,12,34982,6,1,0,0,3,0,68,999,0,0,0,2,2,5,2012,10,2014,3,0,0,0,0,3,3,45,1,1,8,1,3,3,1,62,99,1,1,69,"777777777777","777777777777","777777777777",0,0
12,122898,1,1,1,31,10,1,30,42,0,1,0,12,1,49,40,49040,4,2012,"4T4BF1FK3CR1","4","T","4","B","F","1","F","K","3","C","R","1",0,0,0,"000000000","00000000000",0,0,0,1,0,0,0,0,0,0,0,60,0,1,1,12,6,2,1,0,0,0,1,12,33313,6,1,0,0,3,0,61,999,0,0,0,0,0,0,0,0,0,0,6,0,0,0,3,6,40,1,1,8,1,0,0,1,12,99,1,4,6,"777777777777","777777777777","777777777777",1,1
12,122899,1,2,1,25,11,0,19,12,2,1,1,12,1,12,481,12481,31,2004,"1FTRW14WX4KB","1","F","T","R","W","1","4","W","X","4","K","B",0,0,0,"000000000","00000000000",0,0,0,1,0,0,0,0,0,0,0,45,0,0,0,12,6,2,12,0,0,0,1,12,32901,6,1,0,0,3,3,69,999,1,0,2,0,3,9,2012,11,2016,0,6,51,0,0,1,2,45,1,5,8,1,0,0,1,10,99,1,2,50,"777777777777","777777777777","777777777777",0,1
12,122899,2,2,1,25,11,0,19,12,2,1,0,12,1,6,441,6441,20,2001,"2C4GP44321R3","2","C","4","G","P","4","4","3","2","1","R","3",0,0,0,"000000000","00000000000",0,0,0,1,0,0,0,0,0,0,0,45,0,0,0,12,6,2,12,0,0,0,1,12,32909,6,1,0,0,3,3,69,999,0,0,0,0,0,0,0,0,0,0,0,0,0,0,1,2,45,1,5,8,1,0,0,1,62,99,1,1,51,"777777777777","777777777777","777777777777",1,1
12,122900,1,2,1,24,11,21,5,12,6,1,0,12,1,53,706,53706,80,2009,"JS1GT78A1921","J","S","1","G","T","7","8","A","1","9","2","1",0,0,0,"000000000","00000000000",0,0,0,1,0,0,0,0,0,0,0,60,0,0,0,12,6,2,12,0,0,0,1,12,33809,6,1,6,0,3,0,68,999,0,0,0,2,3,12,2012,3,2016,0,0,0,0,0,5,4,40,1,1,8,1,0,0,1,62,99,1,1,69,"777777777777","777777777777","777777777777",1,0
12,122900,2,2,2,24,11,21,5,12,6,1,0,12,1,20,423,20423,15,2013,"1GNKVLKD6DJ1","1","G","N","K","V","L","K","D","6","D","J","1",0,0,0,"000000000","00000000000",0,0,0,1,0,0,0,0,0,0,0,15,0,0,0,4,6,2,12,0,0,0,1,42,18655,6,1,0,0,3,3,61,999,0,0,0,0,0,0,0,0,0,0,0,0,0,0,5,4,40,1,1,8,1,0,0,11,15,99,1,1,68,"777777777777","777777777777","777777777777",0,0
12,122901,1,2,2,14,12,15,53,12,6,1,0,12,2,49,32,49032,4,2010,"JTDBU4EE6AJ0","J","T","D","B","U","4","E","E","6","A","J","0",0,0,0,"000000000","00000000000",0,0,0,1,0,0,0,0,0,0,0,15,0,0,0,11,6,2,12,0,0,0,1,12,32907,6,1,0,0,3,0,67,999,0,0,0,1,0,9,2012,9,2012,0,38,0,0,0,3,6,50,1,1,8,1,20,3,10,15,99,1,1,78,"777777777777","777777777777","777777777777",0,0
12,122901,2,2,1,14,12,15,53,12,6,1,0,12,1,72,706,72706,80,2007,"1HD1FS4117Y6","1","H","D","1","F","S","4","1","1","7","Y","6",0,0,0,"000000000","00000000000",0,0,0,1,0,0,0,0,0,0,0,50,0,0,0,12,6,2,12,0,0,0,1,12,32901,6,1,0,0,3,0,62,999,0,0,0,0,0,0,0,0,0,0,0,0,0,0,3,6,50,1,1,8,1,0,0,15,70,99,1,1,79,"777777777777","777777777777","777777777777",1,0
12,122902,1,1,2,30,10,10,13,9,0,1,0,12,2,35,401,35401,14,1997,"JN8AR05Y9VW1","J","N","8","A","R","0","5","Y","9","V","W","1",0,0,0,"000000000","00000000000",0,0,0,1,0,0,0,0,0,0,0,35,0,0,0,12,2,3,9,0,0,0,1,12,33127,0,0,0,0,0,0,65,999,0,0,0,0,0,0,0,0,0,0,0,0,0,0,1,2,35,1,1,8,2,0,0,1,83,15,1,1,13,"777777777777","777777777777","777777777777",0,0
12,122903,1,2,1,22,12,12,20,12,6,1,0,12,1,35,43,35043,4,2013,"3N1AB7AP1DL7","3","N","1","A","B","7","A","P","1","D","L","7",0,0,0,"000000000","00000000000",0,0,0,1,0,0,0,0,0,0,0,15,0,0,0,3,6,2,12,0,0,0,1,12,33870,6,1,0,0,3,0,68,999,0,0,0,0,0,0,0,0,0,0,48,0,0,0,3,4,45,1,1,8,1,3,3,12,98,99,1,2,98,"777777777777","777777777777","777777777777",1,0
12,122903,2,2,1,22,12,12,20,12,6,1,0,12,1,7,482,7482,31,2016,"3C6UR5NL8GG1","3","C","6","U","R","5","N","L","8","G","G","1",0,0,0,"000000000","00000000000",0,0,0,1,0,0,0,0,0,0,0,45,0,0,0,12,6,2,12,0,0,0,1,12,33870,6,1,0,0,3,3,64,999,0,0,0,0,0,0,0,0,0,0,0,0,0,0,3,4,45,1,1,8,1,3,3,1,62,99,1,1,98,"777777777777","777777777777","777777777777",0,0
12,122904,1,2,1,28,12,15,40,12,1,1,0,12,3,98,806,98806,62,2017,"5PVNJ8JV6H4S","5","P","V","N","J","8","J","V","6","H","4","S",0,0,77,"777777777","77777777777",2,2,96,1,0,0,0,0,0,0,0,70,0,0,0,12,6,2,12,0,0,0,1,12,33145,6,1,0,0,3,0,68,999,2,0,0,1,0,12,2014,3,2016,0,28,0,0,0,3,3,70,1,1,8,1,0,0,1,11,99,1,4,20,"777777777777","777777777777","777777777777",0,0
12,122904,2,2,2,28,12,15,40,12,1,1,0,12,4,34,47,34047,1,2016,"WBA3V7C50G5A","W","B","A","3","V","7","C","5","0","G","5","A",0,0,0,"000000000","00000000000",0,0,0,1,0,0,0,0,0,0,0,0,0,1,5,6,6,2,12,0,0,0,1,97,0,0,0,0,0,0,0,999,999,99,99,99,99,99,99,9999,99,9999,0,80,0,0,0,3,3,70,1,1,8,1,0,0,5,60,1,1,4,21,"777777777777","777777777777","777777777777",1,0
12,122905,1,2,2,14,12,6,55,12,2,1,0,12,1,55,33,55033,4,2014,"5NPEC4AC2EH8","5","N","P","E","C","4","A","C","2","E","H","8",0,0,0,"000000000","00000000000",0,0,0,1,0,0,0,0,0,0,0,10,0,0,0,12,6,2,12,0,0,0,1,12,32081,6,1,0,0,3,0,64,140,0,0,0,4,1,7,2012,7,2016,0,38,0,0,0,3,3,50,1,1,8,1,3,3,11,15,99,1,1,68,"777777777777","777777777777","777777777777",1,0
12,122905,2,2,5,14,12,6,55,12,2,1,0,12,1,12,481,12481,31,2007,"1FTRW12W47KD","1","F","T","R","W","1","2","W","4","7","K","D",0,0,0,"000000000","00000000000",0,0,0,1,0,0,0,0,0,0,0,50,0,0,0,12,6,2,12,0,0,0,1,53,99301,6,1,0,0,3,0,66,999,0,0,0,1,0,6,2016,6,2016,0,0,0,0,0,3,3,50,1,1,8,1,3,3,1,62,99,1,1,69,"777777777777","777777777777","777777777777",0,0
12,122906,1,2,2,2,7,23,40,12,8,1,0,12,2,72,706,72706,80,1984,"1HD1BHL23EB0","1","H","D","1","B","H","L","2","3","E","B","0",0,0,0,"000000000","00000000000",0,0,0,1,0,0,0,0,0,0,0,45,0,0,0,3,6,2,12,0,0,0,1,12,32164,6,1,0,0,3,3,62,999,0,0,0,0,0,0,0,0,0,0,28,0,0,0,1,2,45,1,1,8,1,0,0,1,10,99,1,2,64,"777777777777","777777777777","777777777777",1,0
12,122906,2,2,1,2,7,23,40,12,8,1,0,99,9,35,43,35043,4,2014,"3N1AB7AP1EY2","3","N","1","A","B","7","A","P","1","E","Y","2",0,0,0,"000000000","00000000000",0,0,0,1,0,0,0,0,0,0,0,30,0,0,0,63,4,5,12,0,0,0,1,99,99999,9,9,99,9,9,9,999,999,99,99,99,99,99,99,9999,99,9999,9,0,0,0,0,1,2,45,1,1,8,1,0,0,1,62,99,1,1,65,"777777777777","777777777777","777777777777",0,0
12,122907,1,1,1,3,8,17,40,1,0,1,0,12,1,12,471,12471,30,2001,"1FTYR14E71PA","1","F","T","Y","R","1","4","E","7","1","P","A",0,0,0,"000000000","00000000000",0,0,0,1,0,0,0,0,0,0,0,75,0,2,5,0,6,2,30,0,0,0,1,12,34436,6,1,0,0,3,0,70,999,0,0,0,0,0,0,0,0,0,3,6,0,0,0,2,2,55,2,1,2,1,0,0,14,12,7,3,4,2,"777777777777","777777777777","777777777777",1,0
12,122908,1,1,1,2,8,18,15,8,0,1,0,12,1,37,39,37039,5,2012,"JHMGE8H51CC0","J","H","M","G","E","8","H","5","1","C","C","0",0,0,0,"000000000","00000000000",0,0,0,1,0,0,0,0,0,0,0,998,0,0,0,12,4,5,8,0,0,0,1,12,33133,6,1,0,0,3,0,62,999,0,0,0,0,0,0,0,0,0,0,0,0,0,0,1,2,98,1,1,8,2,0,0,1,80,99,1,1,13,"777777777777","777777777777","777777777777",0,0
12,122909,1,1,1,30,7,17,43,15,0,1,0,12,2,49,32,49032,4,2011,"2T1BU4EE1BC6","2","T","1","B","U","4","E","E","1","B","C","6",0,0,0,"000000000","00000000000",0,0,0,1,0,0,0,0,0,0,0,5,0,0,0,12,2,5,15,0,0,0,1,12,33411,6,1,0,0,3,3,60,999,0,0,0,0,0,0,0,0,0,0,6,0,0,0,2,2,98,1,1,8,1,20,3,10,80,99,1,1,13,"777777777777","777777777777","777777777777",0,0
12,122910,1,1,1,19,8,12,41,9,0,1,0,12,2,22,32,22032,6,2006,"5Y2SL65896Z4","5","Y","2","S","L","6","5","8","9","6","Z","4",0,0,0,"000000000","00000000000",0,0,0,1,0,0,0,0,0,0,0,45,0,0,0,12,6,2,9,0,0,0,1,12,34607,6,1,0,0,3,3,71,999,0,0,0,0,0,0,0,0,0,0,0,0,0,0,2,5,45,1,1,8,1,3,3,1,83,99,1,1,13,"777777777777","777777777777","777777777777",0,0
12,122911,1,1,1,19,8,0,54,38,0,1,0,12,2,7,482,7482,31,2004,"1D7HA18D44J1","1","D","7","H","A","1","8","D","4","4","J","1",0,0,0,"000000000","00000000000",0,0,0,1,0,0,0,0,0,0,0,70,0,0,0,12,6,2,38,0,0,0,1,12,33185,6,1,0,0,3,0,74,999,0,0,0,3,1,6,2012,12,2013,0,6,0,0,0,2,2,40,1,1,8,1,0,0,1,13,99,1,4,1,"777777777777","777777777777","777777777777",1,0
12,122912,1,2,1,14,9,6,5,12,1,1,0,12,2,98,998,98998,92,1999,"L06420V34696","L","0","6","4","2","0","V","3","4","6","9","6",1,1,0,"000000000","00000000000",0,0,0,1,0,0,0,0,0,0,0,15,0,0,0,6,6,2,12,0,0,0,1,12,34947,0,0,0,0,0,0,999,999,0,0,0,0,0,0,0,0,0,0,41,0,0,0,2,2,55,1,1,8,1,0,0,1,53,99,1,1,25,"888888888888","777777777777","777777777777",0,0
12,122912,2,2,1,14,9,6,5,12,1,1,0,12,1,49,482,49482,31,2004,"5TBET34134S4","5","T","B","E","T","3","4","1","3","4","S","4",0,0,0,"000000000","00000000000",0,0,0,1,0,0,0,0,0,0,0,65,0,1,1,12,6,2,12,0,0,0,1,12,34974,6,1,0,0,3,0,64,999,0,0,0,0,0,0,0,0,0,0,6,0,0,0,2,2,55,1,1,8,1,0,0,1,51,99,1,1,24,"777777777777","777777777777","777777777777",1,0
12,122913,1,2,1,29,9,14,5,12,6,1,0,12,3,20,2,20002,4,2012,"2G1WG5E30C12","2","G","1","W","G","5","E","3","0","C","1","2",0,0,0,"000000000","00000000000",0,0,0,1,0,0,0,0,0,1,0,10,0,0,0,4,6,2,12,0,0,0,1,12,34698,6,1,0,0,3,0,62,999,0,0,0,1,0,12,2013,12,2013,0,0,0,0,0,2,4,45,2,1,8,1,4,3,11,15,99,1,2,68,"777777777777","777777777777","777777777777",0,0
12,122913,2,2,1,29,9,14,5,12,6,1,0,12,1,53,706,53706,80,2001,"JS1GT74AX121","J","S","1","G","T","7","4","A","X","1","2","1",0,0,0,"000000000","00000000000",0,0,0,1,0,0,0,0,0,0,0,998,0,0,0,12,6,2,12,0,0,0,1,12,34219,6,1,0,0,3,3,73,999,0,1,0,1,2,9,2013,11,2015,0,0,0,0,0,2,4,45,2,1,8,1,4,3,14,66,99,1,2,69,"777777777777","777777777777","777777777777",1,0
12,122914,1,2,1,2,10,14,47,12,6,1,0,12,2,67,35,67035,2,2014,"JF1ZNAA1XE87","J","F","1","Z","N","A","A","1","X","E","8","7",0,0,0,"000000000","00000000000",0,0,0,1,0,0,0,0,0,0,0,20,0,0,0,12,6,2,12,0,0,0,1,12,33032,6,1,0,0,3,0,64,999,0,0,0,0,1,9,2014,9,2014,0,0,0,0,0,2,4,30,1,1,8,1,0,0,1,66,99,1,1,86,"777777777777","777777777777","777777777777",0,0
12,122914,2,2,1,2,10,14,47,12,6,1,0,12,1,20,22,20022,4,2008,"1G1AL58F2871","1","G","1","A","L","5","8","F","2","8","7","1",0,0,0,"000000000","00000000000",0,0,0,1,0,0,0,0,0,0,0,30,0,0,0,83,6,2,12,0,0,0,1,12,33030,6,1,0,0,3,0,68,999,0,0,0,0,0,0,0,0,0,0,38,0,0,0,2,4,30,1,1,8,1,0,0,1,15,99,1,1,87,"777777777777","777777777777","777777777777",1,0
12,122915,1,3,1,3,10,13,58,12,6,1,0,12,1,13,15,13015,4,2009,"1LNHM93R59G6","1","L","N","H","M","9","3","R","5","9","G","6",0,0,0,"000000000","00000000000",0,0,0,1,0,0,0,0,0,0,0,40,0,0,0,12,6,2,12,0,0,0,1,12,33446,6,1,0,0,3,3,64,999,0,0,0,0,0,0,0,0,0,0,39,0,0,0,2,6,45,1,1,8,1,3,3,1,17,99,1,1,86,"777777777777","777777777777","777777777777",1,0
12,122915,2,3,2,3,10,13,58,12,6,1,0,12,1,12,37,12037,5,2013,"1FADP3K2XDL3","1","F","A","D","P","3","K","2","X","D","L","3",0,0,0,"000000000","00000000000",0,0,0,1,0,0,0,0,0,0,0,25,0,0,0,82,6,2,12,0,0,0,1,12,33065,6,1,0,0,3,3,65,999,0,0,0,0,1,7,2014,7,2014,0,0,0,0,0,1,2,25,1,1,8,1,3,3,1,66,99,1,1,87,"777777777777","777777777777","777777777777",0,0
12,122915,3,3,1,3,10,13,58,12,6,1,0,12,1,37,31,37031,4,2010,"2HGFA1F3XAH5","2","H","G","F","A","1","F","3","X","A","H","5",0,0,0,"000000000","00000000000",0,0,0,1,0,0,0,0,0,0,0,0,0,0,0,12,4,5,12,0,0,0,1,12,33068,6,1,0,0,3,0,65,999,0,0,0,0,0,0,0,0,0,0,0,0,0,0,1,2,98,1,1,8,1,3,3,5,66,99,1,1,98,"777777777777","777777777777","777777777777",0,0
12,122916,1,1,1,6,10,6,50,8,0,1,0,12,1,67,35,67035,2,2013,"JF1ZNAA13D27","J","F","1","Z","N","A","A","1","3","D","2","7",0,0,0,"000000000","00000000000",0,0,0,1,0,0,0,0,0,0,0,998,0,0,0,12,4,3,8,0,0,0,1,12,33603,6,1,0,0,3,0,66,999,0,0,0,0,0,0,0,0,0,0,0,0,0,0,1,4,35,1,6,8,1,0,0,1,80,99,1,1,13,"777777777777","777777777777","777777777777",0,0
12,122917,1,4,1,6,10,16,10,12,6,1,0,12,1,35,50,35050,4,2016,"3N1CN7AP9GL8","3","N","1","C","N","7","A","P","9","G","L","8",0,0,0,"000000000","00000000000",0,0,0,1,0,0,0,0,0,0,0,25,0,0,0,1,6,2,12,0,0,0,1,12,33876,6,1,0,0,3,3,68,999,2,0,0,0,1,3,2016,10,2016,0,39,0,0,0,3,6,55,1,1,8,2,3,3,11,15,99,1,1,68,"777777777777","777777777777","777777777777",1,0
12,122917,2,4,1,6,10,16,10,12,6,1,0,12,2,6,441,6441,20,1999,"1C4GP54L6XB8","1","C","4","G","P","5","4","L","6","X","B","8",0,0,0,"000000000","00000000000",0,0,0,1,0,0,0,0,0,0,0,55,0,0,0,12,6,2,12,0,0,0,1,12,33852,6,1,0,0,3,0,60,999,0,0,0,0,0,0,0,0,0,0,0,0,0,0,3,6,55,1,1,8,2,0,0,1,62,99,1,1,69,"777777777777","777777777777","777777777777",0,0
12,122917,3,4,1,6,10,16,10,12,6,1,0,12,2,24,401,24401,14,2003,"5GZCZ63B33S8","5","G","Z","C","Z","6","3","B","3","3","S","8",0,0,0,"000000000","00000000000",0,0,0,1,0,0,0,0,0,0,0,55,0,0,0,12,6,2,12,0,0,0,1,12,33852,6,1,0,0,3,3,64,999,0,0,0,1,0,6,2016,6,2016,0,0,0,0,0,3,6,55,1,1,8,2,3,3,1,62,99,1,1,98,"777777777777","777777777777","777777777777",0,0
12,122917,4,4,1,6,10,16,10,12,6,1,0,12,1,7,482,7482,31,2003,"1D7HA18N73S2","1","D","7","H","A","1","8","N","7","3","S","2",0,0,0,"000000000","00000000000",0,0,0,1,0,0,0,0,0,0,0,0,0,0,0,12,4,5,12,0,0,0,1,12,33875,6,1,0,0,3,0,70,999,2,0,0,0,3,4,2013,4,2015,0,0,0,0,0,1,2,45,1,1,8,2,3,3,5,66,99,1,1,98,"777777777777","777777777777","777777777777",0,0
12,122918,1,1,1,8,10,22,8,8,0,1,0,12,1,37,31,37031,2,1998,"1HGEJ8241WL1","1","H","G","E","J","8","2","4","1","W","L","1",0,0,0,"000000000","00000000000",0,0,0,1,0,0,0,0,0,0,0,30,0,0,0,12,2,3,8,0,0,0,1,12,33135,6,1,0,0,3,3,69,999,1,0,0,0,1,10,2013,10,2013,0,0,0,0,0,1,4,35,1,1,8,1,0,0,1,80,1,1,1,13,"777777777777","777777777777","777777777777",0,0
12,122919,1,1,3,6,10,14,53,52,0,1,0,12,1,52,47,52047,6,2006,"JA4LX41F66U0","J","A","4","L","X","4","1","F","6","6","U","0",0,0,0,"000000000","00000000000",0,0,0,1,0,0,0,0,0,0,0,50,0,0,0,81,6,2,42,0,0,1,1,12,33025,6,1,0,0,3,0,71,999,0,0,0,0,1,6,2012,6,2012,3,6,0,0,0,3,2,25,3,1,8,2,0,0,14,13,99,1,4,1,"777777777777","777777777777","777777777777",1,0
12,122920,1,2,1,7,10,14,48,12,6,1,0,12,1,49,46,49046,5,2014,"JTDKDTB3XE15","J","T","D","K","D","T","B","3","X","E","1","5",0,0,0,"000000000","00000000000",0,0,0,1,0,0,0,0,0,0,0,40,0,0,0,9,6,2,12,0,0,0,1,12,33496,6,1,0,0,3,3,73,999,1,0,0,1,1,1,2014,8,2015,0,39,0,0,0,3,3,25,1,1,8,1,20,3,1,17,99,1,1,89,"777777777777","777777777777","777777777777",1,0
12,122920,2,2,1,7,10,14,48,12,6,1,0,12,3,59,31,59031,4,2017,"58ABK1GG7HU0","5","8","A","B","K","1","G","G","7","H","U","0",0,0,0,"000000000","00000000000",0,0,0,1,0,0,0,0,0,0,0,40,0,0,0,12,6,2,12,0,0,0,1,12,33060,6,1,0,0,3,0,72,999,0,0,0,1,0,4,2014,4,2014,0,0,0,0,0,3,6,45,1,1,8,1,0,0,1,66,99,1,1,88,"777777777777","777777777777","777777777777",0,0
12,122921,1,1,1,18,10,21,3,8,0,1,0,12,2,41,50,41050,4,2005,"1YVHP80D855M","1","Y","V","H","P","8","0","D","8","5","5","M",0,0,0,"000000000","00000000000",0,0,0,1,0,0,0,0,0,0,0,50,0,0,0,12,6,2,8,0,0,0,1,12,32404,6,1,0,0,3,0,68,999,0,0,0,0,0,0,0,0,0,0,0,0,0,0,2,4,45,2,1,8,1,0,0,14,80,99,1,1,13,"777777777777","777777777777","777777777777",0,0
12,122923,1,2,2,13,10,3,4,12,2,1,0,12,1,6,51,6051,4,2013,"2C3CCAAG4DH6","2","C","3","C","C","A","A","G","4","D","H","6",0,0,0,"000000000","00000000000",0,0,0,1,0,0,0,0,0,0,0,60,0,0,0,12,6,2,12,0,0,0,1,95,0,0,0,0,0,0,0,999,999,0,0,0,0,0,0,0,0,0,0,6,51,39,0,3,3,55,1,1,8,1,98,3,1,54,99,1,1,53,"777777777777","777777777777","777777777777",0,0
12,122923,2,2,3,13,10,3,4,12,2,1,0,40,4,7,29,7029,4,2016,"1C3CDFBB3GD7","1","C","3","C","D","F","B","B","3","G","D","7",0,0,0,"000000000","00000000000",0,0,0,1,0,0,0,0,0,0,0,55,0,0,0,12,6,2,12,0,0,0,1,47,37915,6,1,0,0,3,0,67,999,0,0,0,0,1,8,2013,8,2013,0,0,0,0,0,3,3,55,1,1,8,1,0,0,1,54,99,1,1,53,"777777777777","777777777777","777777777777",1,0
12,122924,1,1,2,22,10,0,22,8,0,1,0,42,4,7,442,7442,20,2017,"2C4RDGCG0HR5","2","C","4","R","D","G","C","G","0","H","R","5",0,0,0,"000000000","00000000000",0,0,0,1,0,0,0,0,0,0,0,30,0,0,0,12,4,5,8,0,0,0,1,42,18951,6,1,0,0,3,3,64,999,0,0,0,0,0,0,0,0,0,0,0,0,0,0,3,4,30,1,1,8,1,3,3,1,80,99,1,1,13,"777777777777","777777777777","777777777777",0,0
12,122925,1,1,1,20,10,22,42,33,0,1,0,12,2,72,706,72706,80,1998,"1HD4CAM15WY2","1","H","D","4","C","A","M","1","5","W","Y","2",0,0,0,"000000000","00000000000",0,0,0,1,0,0,0,0,0,0,0,30,0,0,0,12,6,2,1,0,0,0,1,12,33917,6,1,0,0,3,3,76,999,0,1,0,0,0,2,2013,2,2013,0,0,0,0,0,3,4,30,2,1,8,1,0,0,14,12,99,1,4,6,"777777777777","777777777777","777777777777",1,0
12,122926,1,4,4,26,10,10,30,12,9,1,0,12,2,20,16,20016,4,2004,"1G1JC52F3472","1","G","1","J","C","5","2","F","3","4","7","2",0,0,0,"000000000","00000000000",0,0,0,1,0,0,0,0,0,0,0,50,0,0,0,7,6,2,12,0,0,0,1,12,32258,6,1,0,0,3,3,70,999,0,2,0,0,1,7,2015,12,2015,0,6,0,0,0,2,3,45,1,1,8,1,0,0,15,11,99,1,2,45,"777777777777","777777777777","777777777777",1,0
12,122926,2,4,1,26,10,10,30,12,9,1,0,12,3,20,2,20002,4,2016,"2G1WD5E35G11","2","G","1","W","D","5","E","3","5","G","1","1",0,0,0,"000000000","00000000000",0,0,0,1,0,0,0,0,0,0,0,45,0,0,0,6,2,5,12,0,0,0,1,12,32202,6,1,0,0,3,0,71,999,0,0,0,0,0,0,0,0,0,0,0,0,0,0,2,3,45,1,1,8,1,0,0,1,61,99,1,1,44,"777777777777","777777777777","777777777777",0,0
12,122926,3,4,1,26,10,10,30,12,9,1,0,12,1,20,2,20002,4,2008,"2G1WT55N7892","2","G","1","W","T","5","5","N","7","8","9","2",0,0,0,"000000000","00000000000",0,0,0,1,0,0,0,0,0,0,0,0,0,0,0,6,6,2,12,0,0,0,1,12,32257,6,1,0,0,3,3,69,999,0,0,0,0,0,0,0,0,0,0,0,0,0,0,2,3,45,1,1,8,1,3,3,5,53,99,1,1,98,"777777777777","777777777777","777777777777",0,0
12,122926,4,4,1,26,10,10,30,12,9,1,0,12,1,20,28,20028,5,2013,"1G1JH6SB5D42","1","G","1","J","H","6","S","B","5","D","4","2",0,0,0,"000000000","00000000000",0,0,0,1,0,0,0,0,0,0,0,0,0,0,0,6,6,2,12,0,0,0,1,12,32258,6,1,0,0,3,3,72,999,0,0,0,0,1,12,2013,12,2013,0,0,0,0,0,3,3,45,1,1,8,1,3,3,5,53,99,1,1,98,"777777777777","777777777777","777777777777",0,0
12,122927,1,2,2,28,10,21,35,12,6,1,0,12,1,12,37,12037,4,2009,"1FAHP35N49W1","1","F","A","H","P","3","5","N","4","9","W","1",0,0,0,"000000000","00000000000",0,0,0,1,0,0,0,0,0,0,0,10,0,0,0,9,6,2,12,0,0,0,1,12,34448,6,1,0,0,3,3,66,999,0,0,0,0,0,0,0,0,0,0,38,0,0,0,1,2,15,1,1,8,1,4,3,11,15,99,1,1,82,"777777777777","777777777777","777777777777",0,0