"STATE","ST_CASE","VEH_NO","VE_FORMS","NUMOCCS","DAY","MONTH","HOUR","MINUTE","HARM_EV","MAN_COLL","UNITTYPE","HIT_RUN","REG_STAT","OWNER","MAKE","MODEL","MAK_MOD","BODY_TYP","MOD_YEAR","VIN","VIN_1","VIN_2","VIN_3","VIN_4","VIN_5","VIN_6","VIN_7","VIN_8","VIN_9","VIN_10","VIN_11","VIN_12","TOW_VEH","J_KNIFE","MCARR_I1","MCARR_I2","MCARR_ID","GVWR","V_CONFIG","CARGO_BT","HAZ_INV","HAZ_PLAC","HAZ_ID","HAZ_CNO","HAZ_REL","BUS_USE","SPEC_USE","EMER_USE","TRAV_SP","UNDERIDE","ROLLOVER","ROLINLOC","IMPACT1","DEFORMED","TOWED","M_HARM","VEH_SC1","VEH_SC2","FIRE_EXP","DR_PRES","L_STATE","DR_ZIP","L_STATUS","L_TYPE","CDL_STAT","L_ENDORS","L_COMPL","L_RESTRI","DR_HGT","DR_WGT","PREV_ACC","PREV_SUS","PREV_DWI","PREV_SPD","PREV_OTH","FIRST_MO","FIRST_YR","LAST_MO","LAST_YR","SPEEDREL","DR_SF1","DR_SF2","DR_SF3","DR_SF4","VTRAFWAY","VNUM_LAN","VSPD_LIM","VALIGN","VPROFILE","VPAVETYP","VSURCOND","VTRAFCON","VTCONT_F","P_CRASH1","P_CRASH2","P_CRASH3","PCRASH4","PCRASH5","ACC_TYPE","TRLR1VIN","TRLR2VIN","TRLR3VIN","DEATHS","DR_DRINK"
12,122927,2,2,2,28,10,21,35,12,6,1,0,12,1,72,706,72706,80,2017,"1HD1KED16HB6","1","H","D","1","K","E","D","1","6","H","B","6",0,0,0,"000000000","00000000000",0,0,0,1,0,0,0,0,0,0,0,65,0,0,0,12,6,2,12,0,0,0,1,12,34613,2,1,0,0,2,0,69,999,0,6,1,0,0,11,2011,4,2015,0,0,0,0,0,3,4,60,1,1,8,1,4,3,1,67,99,1,1,83,"777777777777","777777777777","777777777777",1,0
12,122928,1,2,1,28,10,16,59,12,6,1,0,12,1,37,32,37032,4,2005,"3HGCM56435G7","3","H","G","C","M","5","6","4","3","5","G","7",0,0,0,"000000000","00000000000",0,0,0,1,0,0,0,0,0,0,0,10,0,0,0,9,6,2,12,0,0,0,1,12,33914,6,1,0,0,3,3,67,999,1,0,0,0,0,10,2016,10,2016,0,38,0,0,0,1,2,30,1,1,8,1,20,3,1,17,99,1,1,89,"777777777777","777777777777","777777777777",1,0
12,122928,2,2,1,28,10,16,59,12,6,1,0,12,1,37,31,37031,4,2006,"1HGFA16506L1","1","H","G","F","A","1","6","5","0","6","L","1",0,0,0,"000000000","00000000000",0,0,0,1,0,0,0,0,0,0,0,45,0,0,0,12,6,2,12,0,0,0,1,12,33904,6,1,0,0,3,0,65,999,0,0,0,1,0,5,2015,5,2015,0,0,0,0,0,3,4,45,1,1,8,1,0,0,1,66,99,1,1,88,"777777777777","777777777777","777777777777",0,0
12,122929,1,1,1,13,11,16,27,9,0,1,0,12,1,58,40,58040,6,2008,"JNKAJ09E98M3","J","N","K","A","J","0","9","E","9","8","M","3",0,0,0,"000000000","00000000000",0,0,0,1,0,0,0,0,0,0,0,55,0,0,0,12,6,2,9,0,0,0,1,12,33312,6,1,0,0,3,0,72,999,2,0,0,5,1,1,2014,11,2016,0,0,0,0,0,3,6,45,1,1,8,1,3,3,1,83,6,1,1,13,"777777777777","777777777777","777777777777",0,0
12,122930,1,1,1,24,11,18,15,8,0,1,0,12,1,55,41,55041,2,2013,"KMHHU6KJ0DU1","K","M","H","H","U","6","K","J","0","D","U","1",0,0,0,"000000000","00000000000",0,0,0,1,0,0,0,0,0,0,0,55,0,0,0,12,6,2,8,0,0,0,1,12,33065,6,1,0,0,3,3,62,999,0,0,0,1,0,4,2015,4,2015,0,0,0,0,0,3,6,45,1,1,8,1,0,0,1,80,99,1,1,13,"777777777777","777777777777","777777777777",0,0
12,122932,1,1,1,2,12,22,35,8,0,1,0,12,1,52,34,52034,4,2007,"4A3AB26F37E0","4","A","3","A","B","2","6","F","3","7","E","0",0,0,0,"000000000","00000000000",0,0,0,1,0,0,0,0,0,0,0,30,0,0,0,12,4,5,8,0,0,0,1,12,33315,6,1,0,0,3,0,67,999,0,0,0,0,0,0,0,0,0,0,0,0,0,0,3,4,40,1,1,8,1,0,0,1,80,99,1,1,13,"777777777777","777777777777","777777777777",0,0
12,122933,1,1,1,20,11,3,35,8,0,1,0,12,1,20,36,20036,2,2007,"2G1WK15K9792","2","G","1","W","K","1","5","K","9","7","9","2",0,0,0,"000000000","00000000000",0,0,0,1,0,0,0,0,0,0,0,45,0,0,0,12,4,5,8,0,0,0,1,12,33428,6,1,0,0,3,3,68,999,0,0,0,0,0,0,0,0,0,0,0,0,0,0,2,2,45,1,1,8,1,0,0,1,80,99,1,1,13,"777777777777","777777777777","777777777777",0,0
12,122934,1,1,2,23,12,20,10,8,0,1,0,12,2,49,51,49051,9,2007,"JTDJT9237751","J","T","D","J","T","9","2","3","7","7","5","1",0,0,0,"000000000","00000000000",0,0,0,1,0,0,0,0,0,0,0,40,0,0,0,12,4,5,8,0,0,0,1,12,32220,6,1,0,0,3,3,68,999,0,0,0,1,0,8,2012,8,2012,0,0,0,0,0,1,5,40,1,1,8,1,0,0,1,80,99,1,1,13,"777777777777","777777777777","777777777777",0,0
12,122935,1,2,2,19,10,21,55,12,1,1,0,12,2,12,23,12023,4,2010,"3FADP0L37AR2","3","F","A","D","P","0","L","3","7","A","R","2",0,0,0,"000000000","00000000000",0,0,0,1,0,0,0,0,0,0,0,92,0,0,0,12,6,2,12,0,0,0,1,12,32937,6,1,0,0,3,0,70,999,0,0,0,0,0,0,0,0,0,4,0,0,0,0,2,2,55,1,1,8,1,98,3,1,51,8,1,1,24,"777777777777","777777777777","777777777777",1,0
12,122935,2,2,1,19,10,21,55,12,1,1,0,12,2,82,881,82881,63,1995,"1FVNFXYBXSH7","1","F","V","N","F","X","Y","B","X","S","H","7",0,0,12,"1682913","121682913",3,1,4,1,0,0,0,0,0,0,0,8,0,0,0,6,6,2,12,0,0,0,1,12,32824,6,1,6,0,3,0,64,999,0,0,0,0,0,0,0,0,0,0,0,0,0,0,2,2,55,1,1,8,1,98,3,1,53,99,1,1,25,"777777777777","777777777777","777777777777",0,0
12,122936,1,2,2,12,12,9,50,12,6,1,0,12,2,37,32,37032,4,2007,"1HGCM66517A0","1","H","G","C","M","6","6","5","1","7","A","0",0,0,0,"000000000","00000000000",0,0,0,1,0,0,0,0,0,0,0,20,0,0,0,1,6,2,12,0,0,0,1,12,32955,6,1,0,0,3,3,65,999,0,0,0,0,0,0,0,0,0,0,38,0,0,0,2,4,45,1,1,8,1,3,3,99,19,99,1,1,99,"777777777777","777777777777","777777777777",2,0
12,122936,2,2,1,12,12,9,50,12,6,1,0,12,1,55,33,55033,4,2011,"5NPEB4AC4BH0","5","N","P","E","B","4","A","C","4","B","H","0",0,0,0,"000000000","00000000000",0,0,0,1,0,0,0,0,0,0,0,60,0,0,0,12,6,2,12,0,0,0,1,12,32653,6,1,0,0,3,0,69,999,1,1,0,0,0,4,2012,5,2016,0,0,0,0,0,2,4,45,1,1,8,1,3,3,1,62,99,1,1,99,"777777777777","777777777777","777777777777",0,0
12,122937,1,1,1,8,6,17,0,1,0,1,0,98,1,98,709,98709,81,2000,"SNHEJ10D0514","S","N","H","E","J","1","0","D","0","5","1","4",0,0,0,"000000000","00000000000",0,0,0,1,0,0,0,0,0,0,0,30,0,0,0,0,4,3,1,0,0,0,1,12,33714,6,1,0,0,3,0,72,999,0,0,0,0,1,3,2016,3,2016,0,0,0,0,0,1,2,30,1,1,8,2,0,0,1,98,99,1,1,98,"777777777777","777777777777","777777777777",1,0
12,122938,1,2,1,14,7,20,11,12,6,1,0,12,1,63,441,63441,20,2004,"KNDUP1317465","K","N","D","U","P","1","3","1","7","4","6","5",0,0,0,"000000000","00000000000",0,0,0,1,0,0,0,0,0,0,0,30,0,0,0,4,6,2,12,0,0,0,1,12,34608,6,1,0,0,3,3,62,999,2,0,0,0,0,7,2016,7,2016,0,39,0,0,0,3,6,55,1,1,8,1,3,3,11,10,99,1,1,68,"777777777777","777777777777","777777777777",0,0
12,122938,2,2,2,14,7,20,11,12,6,1,0,51,1,72,706,72706,80,2000,"1HD1BMY30YY0","1","H","D","1","B","M","Y","3","0","Y","Y","0",0,0,0,"000000000","00000000000",0,0,0,1,0,0,0,0,0,0,0,45,0,0,0,12,6,2,12,0,0,0,1,51,22508,6,1,6,3,3,3,75,999,0,0,0,0,0,0,0,0,0,0,0,0,0,0,3,6,55,1,1,8,1,3,3,1,62,99,1,1,69,"777777777777","777777777777","777777777777",1,0
12,122940,1,1,1,25,12,22,49,8,0,1,0,12,1,30,46,30046,4,2012,"1VWCN7A35CC0","1","V","W","C","N","7","A","3","5","C","C","0",0,0,0,"000000000","00000000000",0,0,0,1,0,0,0,0,0,0,0,55,0,0,0,12,4,3,8,0,0,0,1,12,32780,6,1,0,0,3,0,72,999,0,0,0,0,0,0,0,0,0,0,0,0,0,0,2,2,55,2,1,8,2,0,0,14,80,99,1,1,13,"777777777777","777777777777","777777777777",0,0
12,122941,1,1,1,29,12,18,43,8,0,1,1,99,9,99,999,99999,99,9999,"999999999999","9","9","9","9","9","9","9","9","9","9","9","9",0,0,0,"000000000","00000000000",0,0,0,1,0,0,0,0,0,0,0,999,0,0,0,12,4,5,8,0,0,0,1,99,99999,9,9,99,9,9,9,999,999,99,99,99,99,99,99,9999,99,9999,0,0,0,0,0,2,4,45,1,1,8,1,0,0,1,80,99,1,1,13,"777777777777","777777777777","777777777777",0,0
12,122942,1,1,3,2,9,16,10,14,0,1,0,12,1,35,473,35473,31,2004,"1N6AA06A64N5","1","N","6","A","A","0","6","A","6","4","N","5",0,0,0,"000000000","00000000000",0,0,0,1,0,0,0,0,0,0,0,45,0,0,0,12,6,2,19,0,0,0,1,12,33871,6,1,0,0,3,0,75,999,0,1,0,0,0,10,2014,10,2014,0,0,0,0,0,2,2,45,1,1,8,1,0,0,1,8,99,1,4,6,"777777777777","777777777777","777777777777",1,0
12,122943,1,2,1,18,9,12,54,12,1,1,0,12,1,49,32,49032,4,2010,"1NXBU4EE5AZ1","1","N","X","B","U","4","E","E","5","A","Z","1",0,0,0,"000000000","00000000000",0,0,0,1,0,0,0,0,0,0,0,10,0,0,0,12,4,5,12,0,0,0,1,12,32641,6,1,6,0,3,0,62,999,2,0,0,2,2,6,2015,8,2016,0,26,0,0,0,2,3,45,1,1,8,1,3,3,1,51,99,1,1,24,"777777777777","777777777777","777777777777",1,0
12,122943,2,2,2,18,9,12,54,12,1,1,0,12,1,19,5,19005,2,1997,"1G6EL12Y8VU6","1","G","6","E","L","1","2","Y","8","V","U","6",0,0,0,"000000000","00000000000",0,0,0,1,0,0,0,0,0,0,0,10,0,0,0,6,4,5,12,0,0,0,1,12,32641,6,1,0,0,3,0,75,999,0,0,0,2,0,8,2013,1,2016,0,0,0,0,0,2,3,45,1,1,8,1,3,3,1,53,99,1,1,25,"777777777777","777777777777","777777777777",0,0
12,122944,1,2,2,11,9,8,13,12,1,1,0,12,2,58,32,58032,4,1999,"JNKBY31A5XM6","J","N","K","B","Y","3","1","A","5","X","M","6",0,0,0,"000000000","00000000000",0,0,0,1,0,0,0,0,0,0,0,35,0,0,0,12,6,2,12,0,0,0,1,12,33404,0,0,0,0,0,0,72,999,0,0,0,0,0,0,0,0,0,0,6,0,0,0,2,4,35,1,1,8,1,0,0,1,52,99,1,1,28,"777777777777","777777777777","777777777777",0,0
12,122944,2,2,2,11,9,8,13,12,1,1,0,12,1,37,706,37706,80,2005,"1HFSC46D75A3","1","H","F","S","C","4","6","D","7","5","A","3",0,0,0,"000000000","00000000000",0,0,0,1,0,0,0,0,0,0,0,5,0,0,0,6,6,2,12,0,0,0,1,12,33409,6,1,0,0,3,3,69,999,0,1,0,0,0,3,2015,3,2015,0,0,0,0,0,2,4,35,1,1,8,1,0,0,2,53,99,1,1,29,"777777777777","777777777777","777777777777",1,0
12,122945,1,1,3,13,10,22,20,5,0,1,0,12,3,85,881,85881,66,1996,"1XKWDB9X5TJ6","1","X","K","W","D","B","9","X","5","T","J","6",1,1,12,"1084238","121084238",3,6,1,1,0,0,0,0,0,0,0,40,0,0,0,0,0,3,5,0,0,0,1,12,32060,6,1,6,0,3,0,73,999,0,0,0,0,0,0,0,0,0,0,0,0,0,0,3,3,40,1,1,8,1,3,3,1,98,99,1,1,0,"888888888888","777777777777","777777777777",1,0
12,122946,1,1,1,16,11,10,15,9,0,1,0,12,2,35,51,35051,6,2012,"JN8AS5MTXCW2","J","N","8","A","S","5","M","T","X","C","W","2",0,0,0,"000000000","00000000000",0,0,0,1,0,0,0,0,0,0,0,20,0,0,0,3,4,5,9,0,0,0,1,12,32952,6,1,0,0,3,0,68,999,0,0,0,1,0,11,2013,11,2013,0,6,0,0,0,1,2,45,1,1,8,1,0,0,6,83,99,1,1,13,"777777777777","777777777777","777777777777",0,0
12,122948,1,1,1,21,11,21,35,9,0,1,0,12,1,23,481,23481,31,2015,"1GTR1UEC6FZ4","1","G","T","R","1","U","E","C","6","F","Z","4",0,0,0,"000000000","00000000000",0,0,0,1,0,0,0,0,0,0,0,30,0,0,0,12,4,5,9,0,0,0,1,12,33157,6,1,0,0,3,3,69,999,1,0,0,0,0,3,2013,3,2013,0,38,0,0,0,2,3,40,1,1,8,1,0,0,1,83,99,1,1,13,"777777777777","777777777777","777777777777",0,0
12,122949,1,1,1,30,12,20,56,1,0,1,0,12,1,49,401,49401,14,2002,"JT3GN86R9202","J","T","3","G","N","8","6","R","9","2","0","2",0,0,0,"000000000","00000000000",0,0,0,1,0,0,0,0,0,0,0,60,0,1,3,0,6,2,1,0,0,0,1,12,33875,6,1,0,0,3,0,66,999,1,1,0,0,0,5,2013,8,2015,0,0,0,0,0,2,2,55,1,1,8,1,0,0,1,12,99,4,4,7,"777777777777","777777777777","777777777777",1,0
12,122950,1,3,1,29,12,5,24,24,0,1,0,12,1,37,31,37031,4,2010,"2HGFA1F61AH5","2","H","G","F","A","1","F","6","1","A","H","5",0,0,0,"000000000","00000000000",0,0,0,1,0,0,0,0,0,0,0,50,0,0,0,12,6,2,12,0,0,0,1,12,33162,6,1,0,0,3,0,59,999,0,7,0,1,0,1,2015,9,2016,0,6,0,0,0,2,4,50,1,1,8,1,0,0,1,13,99,1,4,1,"777777777777","777777777777","777777777777",1,1
12,122950,2,3,2,29,12,5,24,24,0,1,0,12,3,86,884,86884,63,2011,"1M2AV02CXBM0","1","M","2","A","V","0","2","C","X","B","M","0",0,0,88,"888888888","88888888888",3,2,7,1,0,0,0,0,0,0,0,30,0,0,0,12,6,2,12,0,0,0,1,12,33463,6,1,6,0,3,0,64,999,0,0,0,0,0,0,0,0,0,0,0,0,0,0,3,4,50,1,1,8,1,0,0,1,62,99,1,1,98,"777777777777","777777777777","777777777777",0,0
12,122950,3,3,1,29,12,5,24,24,0,1,0,12,2,41,421,41421,15,2014,"JM3TB2BA1E04","J","M","3","T","B","2","B","A","1","E","0","4",0,0,0,"000000000","00000000000",0,0,0,1,0,0,0,0,0,0,0,50,0,0,0,12,6,2,12,0,0,0,1,12,33411,6,1,0,0,3,0,70,999,0,0,0,0,0,0,0,0,0,0,0,0,0,0,3,4,50,1,1,8,1,0,0,1,62,7,1,1,98,"777777777777","777777777777","777777777777",0,0
12,122951,1,2,2,20,8,21,30,12,1,1,1,12,9,24,3,24003,6,1997,"1G8ZK8279VZ3","1","G","8","Z","K","8","2","7","9","V","Z","3",0,0,0,"000000000","00000000000",0,0,0,1,0,0,0,0,0,0,0,35,0,0,0,12,4,3,12,0,0,0,1,99,99999,9,9,99,9,9,9,999,999,99,99,99,99,99,99,9999,99,9999,9,0,0,0,0,5,6,45,1,1,8,1,3,3,1,51,99,1,1,24,"777777777777","777777777777","777777777777",0,0
12,122951,2,2,1,20,8,21,30,12,1,1,0,12,1,72,706,72706,80,2011,"1HD4CR213BC4","1","H","D","4","C","R","2","1","3","B","C","4",0,0,0,"000000000","00000000000",0,0,0,1,0,0,0,0,0,0,0,15,0,0,0,6,6,2,12,0,0,0,1,12,32117,6,1,0,0,3,3,59,999,0,2,0,4,1,9,2011,6,2013,0,0,0,0,0,5,6,45,1,1,8,1,3,3,2,53,99,1,1,25,"777777777777","777777777777","777777777777",1,0
12,122952,1,2,1,30,4,21,5,12,6,1,0,12,1,76,705,76705,80,2008,"JYARJ16EX8A0","J","Y","A","R","J","1","6","E","X","8","A","0",0,0,0,"000000000","00000000000",0,0,0,1,0,0,0,0,0,0,0,998,0,0,0,12,6,2,12,0,0,0,1,12,33413,1,1,0,0,2,0,69,999,0,6,0,3,0,3,2013,4,2016,0,38,0,0,0,2,3,35,1,1,8,1,3,3,1,17,99,1,1,88,"777777777777","777777777777","777777777777",1,1
12,122952,2,2,1,30,4,21,5,12,6,1,0,12,1,20,36,20036,2,2002,"2G1WX15K4292","2","G","1","W","X","1","5","K","4","2","9","2",0,0,0,"000000000","00000000000",0,0,0,1,0,0,0,0,0,0,0,35,0,0,0,9,6,2,12,0,0,0,1,12,33413,6,1,0,0,3,0,69,999,0,0,0,0,0,0,0,0,0,0,0,0,0,0,1,2,35,1,1,8,1,3,3,1,66,99,1,1,89,"777777777777","777777777777","777777777777",0,0
12,122953,1,2,2,22,11,17,30,12,6,1,0,12,1,55,401,55401,14,2013,"5XYZU3LB3DG0","5","X","Y","Z","U","3","L","B","3","D","G","0",0,0,0,"000000000","00000000000",0,0,0,1,0,0,0,0,0,0,0,10,0,0,0,9,6,2,12,0,0,0,1,12,34219,6,1,0,0,3,3,71,999,0,0,0,0,0,0,0,0,0,0,38,0,0,0,1,3,50,1,6,8,1,20,3,11,15,1,1,1,82,"777777777777","777777777777","777777777777",1,0
12,122953,2,2,1,22,11,17,30,12,6,1,0,12,1,42,403,42403,14,2011,"WDCGG5GB0BF6","W","D","C","G","G","5","G","B","0","B","F","6",0,0,0,"000000000","00000000000",0,0,0,1,0,0,0,0,0,0,0,50,0,0,0,12,6,2,12,0,0,0,1,12,34203,6,1,0,0,3,3,64,999,0,0,0,1,1,1,2015,2,2015,0,0,0,0,0,2,3,50,1,1,8,1,0,0,1,67,99,1,1,83,"777777777777","777777777777","777777777777",0,0
12,122954,1,1,1,27,11,5,24,33,0,1,9,12,1,37,31,37031,4,2013,"19XFB2F54DE0","1","9","X","F","B","2","F","5","4","D","E","0",0,0,0,"000000000","00000000000",0,0,0,1,0,0,0,0,0,0,0,55,0,0,0,12,6,2,3,0,0,0,1,12,33309,6,1,0,0,3,0,64,999,0,1,0,3,3,4,2012,6,2016,0,0,0,0,0,2,3,45,3,1,8,1,0,0,14,13,99,1,4,1,"777777777777","777777777777","777777777777",1,0
12,122955,1,2,1,26,11,10,8,12,2,1,0,12,2,12,32,12032,4,2014,"3FADP4AJ3EM2","3","F","A","D","P","4","A","J","3","E","M","2",0,0,0,"000000000","00000000000",0,0,0,1,0,0,0,0,0,0,0,55,0,0,0,12,6,2,12,0,0,0,1,12,32043,6,1,0,0,3,3,60,999,0,0,0,0,0,0,0,0,0,0,28,0,0,0,1,2,55,1,6,8,1,0,0,1,10,99,1,2,50,"777777777777","777777777777","777777777777",0,0
12,122955,2,2,1,26,11,10,8,12,2,1,0,12,1,49,40,49040,4,2013,"4T1BF1FK9DU2","4","T","1","B","F","1","F","K","9","D","U","2",0,0,0,"000000000","00000000000",0,0,0,1,0,0,0,0,0,0,0,55,0,0,0,12,6,2,12,0,0,0,1,12,32068,6,1,0,0,3,3,70,999,0,0,0,0,0,0,0,0,0,0,0,0,0,0,1,2,55,1,6,8,1,0,0,1,62,7,1,1,51,"777777777777","777777777777","777777777777",1,0
12,122956,1,1,1,5,12,18,37,25,0,1,0,12,1,72,706,72706,80,2005,"1HD1FHW135Y7","1","H","D","1","F","H","W","1","3","5","Y","7",0,0,0,"000000000","00000000000",0,0,0,1,0,0,0,0,0,0,0,35,0,0,0,12,6,2,25,0,0,0,1,12,34984,6,1,0,0,3,0,71,999,0,0,0,1,1,1,2014,2,2014,0,0,0,0,0,3,5,35,1,1,8,1,98,3,98,19,99,9,4,6,"777777777777","777777777777","777777777777",1,0
12,122957,1,1,1,7,12,16,6,8,0,1,0,12,1,59,403,59403,14,2008,"JTJGK31U0800","J","T","J","G","K","3","1","U","0","8","0","0",0,0,0,"000000000","00000000000",0,0,0,1,0,0,0,0,0,0,0,5,0,0,0,6,4,5,8,0,0,0,1,12,33328,6,1,0,0,3,0,69,999,0,0,0,0,0,0,0,0,0,0,31,0,0,0,9,1,98,1,1,8,1,0,0,13,80,99,1,5,92,"777777777777","777777777777","777777777777",0,0
12,122958,1,1,99,8,12,10,17,9,0,1,1,99,9,99,999,99999,99,9999,"999999999999","9","9","9","9","9","9","9","9","9","9","9","9",0,0,0,"000000000","00000000000",0,0,0,1,0,0,0,0,0,0,0,10,0,0,0,7,9,5,9,0,0,0,1,99,99999,9,9,99,9,9,9,999,999,99,99,99,99,99,99,9999,99,9999,0,0,0,0,0,1,2,25,1,1,8,1,0,0,1,80,99,1,1,13,"777777777777","777777777777","777777777777",0,0
12,122959,1,1,1,28,11,12,5,8,0,1,0,12,1,35,49,35049,6,2016,"5N1AZ2MG3GN1","5","N","1","A","Z","2","M","G","3","G","N","1",0,0,0,"000000000","00000000000",0,0,0,1,0,0,0,0,0,0,0,10,0,0,0,12,2,5,8,0,0,0,1,12,32563,6,1,0,0,3,3,60,999,0,0,0,0,0,0,0,0,0,0,6,0,0,0,1,2,98,1,1,8,1,0,0,1,80,99,1,1,13,"777777777777","777777777777","777777777777",0,0
12,122960,1,1,1,19,12,5,40,8,0,1,0,12,1,20,482,20482,31,2007,"3GNEC12J07G3","3","G","N","E","C","1","2","J","0","7","G","3",0,0,0,"000000000","00000000000",0,0,0,1,0,0,0,0,0,0,0,35,0,0,0,12,4,5,8,0,0,0,1,12,32444,6,1,0,0,3,0,67,999,0,0,0,0,0,0,0,0,0,0,0,0,0,0,5,6,35,1,1,8,2,3,3,1,80,99,1,1,13,"777777777777","777777777777","777777777777",0,0
12,122961,1,1,1,15,12,22,28,8,0,1,0,12,1,2,406,2406,14,2007,"1J8HG58P07C7","1","J","8","H","G","5","8","P","0","7","C","7",0,0,0,"000000000","00000000000",0,0,0,1,0,0,0,0,0,0,0,25,0,0,0,12,4,3,8,0,0,0,1,12,32084,6,1,0,0,3,0,63,999,0,1,0,0,1,9,2013,11,2014,0,0,0,0,0,1,2,25,1,1,8,1,0,0,1,80,1,1,1,13,"777777777777","777777777777","777777777777",0,0
12,122962,1,1,1,15,12,20,6,8,0,1,0,12,1,37,441,37441,20,2001,"2HKRL18641H5","2","H","K","R","L","1","8","6","4","1","H","5",0,0,0,"000000000","00000000000",0,0,0,1,0,0,0,0,0,0,0,35,0,0,0,12,4,5,8,0,0,0,1,12,33141,6,1,0,0,3,3,68,999,0,0,0,1,0,7,2015,7,2015,0,0,0,0,0,4,4,40,1,1,8,1,0,0,1,80,99,1,1,13,"777777777777","777777777777","777777777777",0,0
12,122963,1,1,2,24,12,19,52,33,0,1,0,12,1,55,33,55033,4,2015,"5NPE34AF0FH0","5","N","P","E","3","4","A","F","0","F","H","0",0,0,0,"000000000","00000000000",0,0,0,1,0,0,0,0,0,0,0,45,0,0,0,12,6,2,42,0,0,0,1,12,33321,6,1,0,0,3,3,71,999,0,0,0,0,0,0,0,0,0,0,0,0,0,0,2,4,45,1,1,8,2,0,0,1,12,1,1,4,6,"777777777777","777777777777","777777777777",1,0
12,122964,1,1,1,24,12,9,51,42,0,1,0,12,2,12,402,12402,14,2001,"1FMYU03141KF","1","F","M","Y","U","0","3","1","4","1","K","F",0,0,0,"000000000","00000000000",0,0,0,1,0,0,0,0,0,0,0,30,0,0,0,12,6,2,42,0,0,0,1,12,33063,6,1,0,0,3,0,67,999,0,2,0,0,1,5,2012,10,2016,0,6,0,0,0,2,2,30,1,1,8,1,0,0,1,12,99,1,4,6,"777777777777","777777777777","777777777777",1,0
12,122965,1,1,99,29,12,5,59,8,0,1,1,12,9,49,32,49032,4,2003,"JTDBR32E6300","J","T","D","B","R","3","2","E","6","3","0","0",0,0,0,"000000000","00000000000",0,0,0,1,0,0,0,0,0,0,0,20,0,0,0,12,4,3,8,0,0,0,1,99,99999,9,9,99,9,9,9,999,999,99,99,99,99,99,99,9999,99,9999,0,0,0,0,0,1,3,20,1,1,8,1,0,0,1,80,99,1,1,13,"777777777777","777777777777","777777777777",0,0
12,122966,1,1,99,10,12,21,40,9,0,1,1,99,9,99,999,99999,99,9999,"999999999999","9","9","9","9","9","9","9","9","9","9","9","9",0,0,0,"000000000","00000000000",0,0,0,1,0,0,0,0,0,0,0,15,0,0,0,12,9,5,9,0,0,0,1,99,99999,9,9,99,9,9,9,999,999,99,99,99,99,99,99,9999,99,9999,0,0,0,0,0,1,2,30,1,8,8,1,0,0,99,83,99,1,1,13,"777777777777","777777777777","777777777777",0,0
12,122967,1,1,1,11,12,22,1,8,0,1,0,12,1,37,32,37032,4,2014,"1HGCR2F35EA1","1","H","G","C","R","2","F","3","5","E","A","1",0,0,0,"000000000","00000000000",0,0,0,1,0,0,0,0,0,0,0,45,0,0,0,12,2,3,8,0,0,0,1,12,33446,6,1,0,0,3,3,71,999,0,0,0,0,0,0,0,0,0,0,0,0,0,0,2,3,45,1,1,8,2,0,0,1,80,1,1,1,13,"777777777777","777777777777","777777777777",0,0
12,122968,1,1,1,30,12,18,10,8,0,1,0,12,1,37,471,37471,30,2011,"5FPYK1F5XBB0","5","F","P","Y","K","1","F","5","X","B","B","0",0,0,0,"000000000","00000000000",0,0,0,1,0,0,0,0,0,0,0,45,0,0,0,12,2,3,8,0,0,0,1,12,34788,6,1,0,0,3,3,66,999,0,0,0,0,0,0,0,0,0,0,0,0,0,0,3,6,45,1,1,8,1,0,0,1,80,6,1,1,13,"777777777777","777777777777","777777777777",0,0
12,122969,1,1,1,1,12,1,55,30,0,1,0,12,2,73,706,73706,80,1997,"JKAZXBD17VB5","J","K","A","Z","X","B","D","1","7","V","B","5",0,0,0,"000000000","00000000000",0,0,0,1,0,0,0,0,0,0,0,30,0,0,0,11,6,2,30,0,0,0,1,12,33755,6,1,0,0,3,3,67,999,0,0,0,0,1,10,2015,10,2015,0,0,0,0,0,1,2,30,3,5,8,1,0,0,14,13,99,1,4,1,"777777777777","777777777777","777777777777",1,0
12,122970,1,1,1,1,12,14,5,8,0,1,0,12,3,49,472,49472,30,2014,"5TFNX4CN3EX0","5","T","F","N","X","4","C","N","3","E","X","0",0,0,0,"000000000","00000000000",0,0,0,1,0,0,0,0,0,0,0,40,0,0,0,12,4,3,8,0,0,0,1,12,34684,6,1,0,0,3,3,69,999,0,0,0,0,0,0,0,0,0,0,0,0,0,0,5,8,40,1,1,8,1,3,3,1,80,99,1,1,13,"777777777777","777777777777","777777777777",0,0
12,122971,1,1,1,21,12,2,27,1,0,1,0,12,1,53,706,53706,80,2007,"JS1GT77A5721","J","S","1","G","T","7","7","A","5","7","2","1",0,0,0,"000000000","00000000000",0,0,0,1,0,0,0,0,0,0,0,100,0,0,0,0,6,2,24,0,0,0,1,12,33706,6,1,0,0,3,0,67,999,0,0,0,0,0,0,0,0,0,3,36,0,0,0,3,2,40,3,1,8,1,0,0,14,13,99,5,4,2,"777777777777","777777777777","777777777777",1,1
12,122972,1,2,1,7,12,4,20,12,6,1,0,12,2,35,43,35043,4,2001,"3N1BB51D01L1","3","N","1","B","B","5","1","D","0","1","L","1",0,0,0,"000000000","00000000000",0,0,0,1,0,0,0,0,0,0,0,25,0,0,0,11,6,2,12,0,0,0,1,12,33020,1,1,0,0,2,0,68,999,0,3,0,0,0,7,2013,4,2014,0,0,0,0,0,3,5,65,1,1,8,1,0,0,15,10,99,1,2,47,"777777777777","777777777777","777777777777",1,0