"STATE","ST_CASE","VEH_NO","VE_FORMS","NUMOCCS","DAY","MONTH","HOUR","MINUTE","HARM_EV","MAN_COLL","UNITTYPE","HIT_RUN","REG_STAT","OWNER","MAKE","MODEL","MAK_MOD","BODY_TYP","MOD_YEAR","VIN","VIN_1","VIN_2","VIN_3","VIN_4","VIN_5","VIN_6","VIN_7","VIN_8","VIN_9","VIN_10","VIN_11","VIN_12","TOW_VEH","J_KNIFE","MCARR_I1","MCARR_I2","MCARR_ID","GVWR","V_CONFIG","CARGO_BT","HAZ_INV","HAZ_PLAC","HAZ_ID","HAZ_CNO","HAZ_REL","BUS_USE","SPEC_USE","EMER_USE","TRAV_SP","UNDERIDE","ROLLOVER","ROLINLOC","IMPACT1","DEFORMED","TOWED","M_HARM","VEH_SC1","VEH_SC2","FIRE_EXP","DR_PRES","L_STATE","DR_ZIP","L_STATUS","L_TYPE","CDL_STAT","L_ENDORS","L_COMPL","L_RESTRI","DR_HGT","DR_WGT","PREV_ACC","PREV_SUS","PREV_DWI","PREV_SPD","PREV_OTH","FIRST_MO","FIRST_YR","LAST_MO","LAST_YR","SPEEDREL","DR_SF1","DR_SF2","DR_SF3","DR_SF4","VTRAFWAY","VNUM_LAN","VSPD_LIM","VALIGN","VPROFILE","VPAVETYP","VSURCOND","VTRAFCON","VTCONT_F","P_CRASH1","P_CRASH2","P_CRASH3","PCRASH4","PCRASH5","ACC_TYPE","TRLR1VIN","TRLR2VIN","TRLR3VIN","DEATHS","DR_DRINK"
12,123076,1,2,1,23,2,18,36,12,1,1,0,12,1,20,28,20028,5,2012,"1G1JE6SH4C41","1","G","1","J","E","6","S","H","4","C","4","1",0,0,0,"000000000","00000000000",0,0,0,1,0,0,0,0,0,0,0,30,0,0,0,12,6,2,12,0,0,0,1,12,32763,6,1,0,0,3,0,63,999,0,1,0,0,0,8,2014,8,2014,0,0,0,0,0,2,2,40,1,1,8,1,98,3,1,50,99,1,1,20,"777777777777","777777777777","777777777777",0,0
12,123076,2,2,1,23,2,18,36,12,1,1,0,12,2,98,709,98709,80,2006,"LZSPCML09610","L","Z","S","P","C","M","L","0","9","6","1","0",0,0,0,"000000000","00000000000",0,0,0,1,0,0,0,0,0,0,0,0,0,0,0,6,6,2,12,0,0,0,1,12,33168,6,1,0,0,3,3,63,999,0,0,0,0,0,0,0,0,0,0,0,0,0,0,2,2,40,1,1,8,1,98,3,5,53,1,1,1,21,"777777777777","777777777777","777777777777",1,0
12,123077,1,1,1,6,12,9,54,15,0,1,0,12,1,41,47,41047,4,1999,"JM1TA2211X15","J","M","1","T","A","2","2","1","1","X","1","5",0,0,0,"000000000","00000000000",0,0,0,1,0,0,0,0,0,0,0,25,0,0,0,12,4,5,15,0,0,0,1,12,34769,6,1,0,0,3,0,64,999,0,0,0,0,0,0,0,0,0,0,0,0,0,0,1,2,25,1,1,8,1,0,0,1,83,99,1,1,13,"777777777777","777777777777","777777777777",0,0
12,123078,1,1,1,11,11,20,46,8,0,1,0,12,2,12,481,12481,31,2004,"1FTWW33P74ED","1","F","T","W","W","3","3","P","7","4","E","D",0,0,0,"000000000","00000000000",0,0,0,1,0,0,0,0,0,0,0,45,0,0,0,12,4,3,8,0,0,0,1,12,34953,6,1,0,0,3,0,70,999,0,0,0,5,1,7,2012,4,2016,0,0,0,0,0,2,3,45,1,1,8,1,0,0,1,80,1,1,1,13,"777777777777","777777777777","777777777777",0,0
12,123079,1,1,1,26,8,22,56,1,0,1,0,12,1,73,706,73706,80,2001,"JKBVNAR181A0","J","K","B","V","N","A","R","1","8","1","A","0",0,0,0,"000000000","00000000000",0,0,0,1,0,0,0,0,0,0,0,45,0,0,0,0,6,2,1,0,0,0,1,12,32763,6,1,0,0,3,3,70,999,0,0,0,0,0,0,0,0,0,0,0,0,0,0,3,2,55,1,1,8,1,0,0,1,98,99,1,1,98,"777777777777","777777777777","777777777777",1,0
12,123080,1,1,1,19,10,19,59,8,0,1,0,12,1,20,401,20401,14,2002,"1GNCS13W72K2","1","G","N","C","S","1","3","W","7","2","K","2",0,0,0,"000000000","00000000000",0,0,0,1,0,0,0,0,0,0,0,46,0,0,0,12,4,3,8,0,0,0,1,12,32712,6,1,0,0,3,3,71,999,1,1,0,0,3,7,2014,12,2015,0,0,0,0,0,5,4,45,1,1,8,1,0,0,1,80,99,1,1,13,"777777777777","777777777777","777777777777",0,0
12,123081,1,1,1,5,11,8,30,33,0,1,0,12,1,72,706,72706,80,2003,"1HD1BJY113Y0","1","H","D","1","B","J","Y","1","1","3","Y","0",0,0,0,"000000000","00000000000",0,0,0,1,0,0,0,0,0,0,0,998,0,0,0,12,6,2,59,0,0,0,1,12,32808,6,1,0,0,3,0,62,999,0,0,0,0,0,0,0,0,0,0,0,0,0,0,1,2,98,1,1,8,1,21,3,1,13,99,1,4,1,"777777777777","777777777777","777777777777",1,0
12,123082,1,1,1,24,11,1,30,30,0,1,0,12,1,73,705,73705,80,2015,"JKAEXEF15FDA","J","K","A","E","X","E","F","1","5","F","D","A",0,0,0,"000000000","00000000000",0,0,0,1,0,0,0,0,0,0,0,90,0,0,0,12,6,2,30,0,0,0,1,12,32818,6,1,0,0,3,0,70,999,1,1,0,1,1,2,2014,12,2015,0,0,0,0,0,3,2,55,2,4,8,1,0,0,14,13,99,1,4,1,"777777777777","777777777777","777777777777",1,1
12,123083,1,3,2,29,11,15,19,12,6,1,0,12,1,20,37,20037,4,2009,"1G1ZG57B0942","1","G","1","Z","G","5","7","B","0","9","4","2",0,0,0,"000000000","00000000000",0,0,0,1,0,0,0,0,0,0,0,998,0,0,0,3,6,2,12,0,0,0,1,12,33884,6,1,0,0,3,3,63,999,0,0,0,0,0,0,0,0,0,0,38,0,0,0,3,2,98,1,1,8,1,0,0,11,15,99,1,1,68,"777777777777","777777777777","777777777777",1,0
12,123083,2,3,1,29,11,15,19,12,6,1,0,12,1,87,884,87884,66,1998,"1XP5DR9X0WN4","1","X","P","5","D","R","9","X","0","W","N","4",1,1,12,"842989","12842989",3,6,1,1,0,0,0,0,0,0,0,998,0,0,0,12,6,2,12,0,0,0,1,12,33870,6,1,6,0,3,3,66,999,0,2,0,0,0,11,2011,12,2014,0,0,0,0,0,3,2,98,1,1,8,1,0,0,1,62,99,1,1,69,"888888888888","777777777777","777777777777",0,0
12,123083,3,3,2,29,11,15,19,12,6,1,0,12,1,12,461,12461,21,2004,"1FBSS31L14HA","1","F","B","S","S","3","1","L","1","4","H","A",0,0,0,"000000000","00000000000",0,0,0,1,0,0,0,0,0,0,0,998,0,0,0,6,4,5,54,0,0,0,1,12,33827,6,1,0,0,3,0,67,999,0,2,0,0,2,11,2011,9,2016,0,0,0,0,0,3,2,65,1,1,8,1,0,0,1,98,99,1,1,98,"777777777777","777777777777","777777777777",0,0
12,123084,1,1,2,7,5,21,54,33,0,1,0,12,1,72,706,72706,80,2004,"1HD1FRW134Y7","1","H","D","1","F","R","W","1","3","4","Y","7",0,0,0,"000000000","00000000000",0,0,0,1,0,0,0,0,0,0,0,998,0,0,0,12,6,2,33,0,0,0,1,12,32751,6,1,0,0,3,3,66,999,0,0,0,0,1,11,2015,11,2015,0,0,0,0,0,5,4,35,1,1,8,1,0,0,1,12,99,1,4,6,"777777777777","777777777777","777777777777",2,0
12,123085,1,2,1,23,10,21,33,12,1,1,0,12,2,54,35,54035,4,2004,"19UUA66204A0","1","9","U","U","A","6","6","2","0","4","A","0",0,0,0,"000000000","00000000000",0,0,0,1,0,0,0,0,0,0,0,998,0,0,0,12,6,2,12,0,0,0,1,12,33616,1,1,0,0,2,0,69,999,0,3,0,0,1,4,2012,6,2016,3,0,0,0,0,3,2,55,1,6,8,1,0,0,1,51,1,1,1,24,"777777777777","777777777777","777777777777",0,0
12,123085,2,2,1,23,10,21,33,12,1,1,0,12,1,98,709,98709,80,2009,"RFCRD11119Y1","R","F","C","R","D","1","1","1","1","9","Y","1",0,0,0,"000000000","00000000000",0,0,0,1,0,0,0,0,0,0,0,998,0,0,0,6,6,2,12,0,0,0,1,12,33776,6,1,0,0,3,3,70,999,1,0,0,0,0,11,2011,11,2011,0,0,0,0,0,3,2,55,1,6,8,1,0,0,1,53,99,1,1,25,"777777777777","777777777777","777777777777",1,0
12,123086,1,2,5,6,2,20,40,12,2,1,0,12,1,13,1,13001,4,2001,"1LNHM82W91Y6","1","L","N","H","M","8","2","W","9","1","Y","6",0,0,0,"000000000","00000000000",0,0,0,1,0,0,0,0,0,0,0,998,0,0,0,12,6,2,12,0,0,0,1,12,33881,6,1,0,0,2,0,66,999,0,0,0,0,0,0,0,0,0,0,28,0,0,0,1,2,55,1,1,8,2,0,0,1,10,99,4,2,50,"777777777777","777777777777","777777777777",1,0
12,123086,2,2,5,6,2,20,40,12,2,1,0,12,4,2,407,2407,14,2014,"1C4NJPCBXED8","1","C","4","N","J","P","C","B","X","E","D","8",0,0,0,"000000000","00000000000",0,0,0,1,0,0,0,0,0,0,0,52,0,0,0,12,6,2,12,0,0,0,1,12,34758,6,1,0,0,3,0,68,999,0,0,0,0,0,0,0,0,0,0,0,0,0,0,1,2,55,1,1,8,2,0,0,1,62,99,1,1,51,"777777777777","777777777777","777777777777",2,0
12,123087,1,1,1,7,12,19,0,8,0,1,0,12,2,20,2,20002,4,2015,"2G1115SL1F92","2","G","1","1","1","5","S","L","1","F","9","2",0,0,0,"000000000","00000000000",0,0,0,1,0,0,0,0,0,0,0,35,0,0,0,12,4,3,8,0,0,0,1,12,33712,1,1,0,0,2,3,75,999,0,2,0,1,1,3,2012,10,2016,0,0,0,0,0,2,2,35,1,1,8,1,0,0,1,80,99,1,1,13,"777777777777","777777777777","777777777777",0,0
12,123088,1,1,1,20,5,1,15,5,0,1,0,99,9,99,709,99709,81,9999,"999999999999","9","9","9","9","9","9","9","9","9","9","9","9",0,0,0,"000000000","00000000000",0,0,0,1,0,0,0,0,0,0,0,998,0,0,0,0,9,9,5,0,0,0,1,12,33155,1,1,0,0,2,0,66,999,0,5,0,0,0,12,2014,1,2015,0,0,0,0,0,5,5,99,9,9,8,1,0,0,1,98,99,1,4,0,"777777777777","777777777777","777777777777",1,0
12,123089,1,2,1,17,5,7,52,12,6,1,0,12,1,35,47,35047,4,2013,"1N4AL3AP6DC2","1","N","4","A","L","3","A","P","6","D","C","2",0,0,0,"000000000","00000000000",0,0,0,1,0,0,0,0,0,0,0,80,0,0,0,12,6,2,12,0,0,0,1,12,33596,6,1,0,0,3,0,69,999,0,0,0,1,0,5,2016,5,2016,0,6,28,0,0,1,2,55,1,1,8,1,0,0,1,10,99,1,2,64,"777777777777","777777777777","777777777777",0,0
12,123089,2,2,2,17,5,7,52,12,6,1,0,95,3,20,870,20870,55,2015,"1GB6G5BL8F11","1","G","B","6","G","5","B","L","8","F","1","1",0,0,77,"777777777","77777777777",2,21,22,1,0,0,0,0,7,3,0,60,0,0,0,9,6,2,12,0,0,0,1,12,33407,6,1,6,3,3,3,72,999,0,0,0,0,0,0,0,0,0,0,0,0,0,0,1,2,55,1,1,8,1,0,0,1,62,99,1,1,65,"777777777777","777777777777","777777777777",1,0
12,123090,1,1,1,7,12,3,14,33,0,1,0,12,2,20,37,20037,4,2007,"1G1ZS58F67F2","1","G","1","Z","S","5","8","F","6","7","F","2",0,0,0,"000000000","00000000000",0,0,0,1,0,0,0,0,0,0,0,100,0,0,0,12,6,2,42,0,0,0,1,12,33071,6,1,0,0,3,0,69,999,0,0,0,0,0,0,0,0,0,3,36,0,0,0,2,2,40,2,1,8,1,0,0,14,12,99,1,4,6,"777777777777","777777777777","777777777777",1,0
12,123091,1,1,2,15,7,21,23,8,0,1,0,12,1,39,32,39032,4,1996,"SAJKX6248TC7","S","A","J","K","X","6","2","4","8","T","C","7",0,0,0,"000000000","00000000000",0,0,0,1,0,0,0,0,0,0,0,40,0,0,0,12,6,2,8,0,0,0,1,12,33025,6,1,0,0,3,0,73,999,0,0,0,0,0,0,0,0,0,0,0,0,0,0,3,3,40,1,1,8,1,0,0,1,80,99,1,1,13,"777777777777","777777777777","777777777777",0,1
12,123092,1,2,1,31,10,17,11,12,2,1,0,98,2,37,734,37734,90,2015,"1HFTE3922F41","1","H","F","T","E","3","9","2","2","F","4","1",0,0,0,"000000000","00000000000",0,0,0,1,0,0,0,0,0,0,0,50,0,0,0,12,6,2,12,0,0,0,1,12,33024,6,1,0,0,3,0,70,999,1,0,0,1,2,11,2014,3,2016,0,0,0,0,0,1,2,30,1,1,8,1,0,0,1,17,99,1,1,83,"777777777777","777777777777","777777777777",1,0
12,123092,2,2,1,31,10,17,11,12,2,1,0,12,2,41,51,41051,4,2006,"JM1BK1238614","J","M","1","B","K","1","2","3","8","6","1","4",0,0,0,"000000000","00000000000",0,0,0,1,0,0,0,0,0,0,0,10,0,0,0,12,6,2,12,0,0,0,1,12,33317,6,1,0,0,3,0,64,999,1,0,0,0,0,7,2015,7,2015,0,0,0,0,0,1,2,30,1,1,8,1,20,3,11,15,16,1,1,82,"777777777777","777777777777","777777777777",0,0
12,123093,1,1,1,22,10,20,0,8,0,1,1,99,9,99,999,99999,99,9999,"999999999999","9","9","9","9","9","9","9","9","9","9","9","9",0,0,0,"000000000","00000000000",0,0,0,1,0,0,0,0,0,0,0,999,0,0,0,12,9,5,8,0,0,0,1,99,99999,9,9,99,9,9,9,999,999,99,99,99,99,99,99,9999,99,9999,9,0,0,0,0,1,2,35,1,1,8,1,0,0,1,13,99,1,4,1,"777777777777","777777777777","777777777777",0,0
12,123094,1,1,1,23,10,13,50,1,0,1,0,99,9,98,739,98739,90,9999,"999999999999","9","9","9","9","9","9","9","9","9","9","9","9",0,0,0,"000000000","00000000000",0,0,0,1,0,0,0,0,0,0,0,40,0,2,5,0,6,2,1,0,0,0,1,12,33177,6,1,0,0,3,0,71,999,2,0,0,3,1,11,2012,4,2016,0,0,0,0,0,1,2,40,1,1,8,1,0,0,1,12,99,1,4,6,"777777777777","777777777777","777777777777",1,0
12,123095,1,2,2,29,11,4,49,12,11,1,0,12,1,34,35,34035,4,2015,"WBA5B1C54FD9","W","B","A","5","B","1","C","5","4","F","D","9",0,0,0,"000000000","00000000000",0,0,0,1,0,0,0,0,0,0,0,80,3,0,0,13,6,2,12,0,0,0,1,12,33035,6,1,0,0,3,0,73,999,0,0,0,0,0,0,0,0,0,3,0,0,0,0,2,3,45,1,1,8,2,4,3,1,17,99,1,1,83,"777777777777","777777777777","777777777777",1,0
12,123095,2,2,1,29,11,4,49,12,11,1,0,39,3,82,881,82881,66,2016,"1FUJGBDV4GLG","1","F","U","J","G","B","D","V","4","G","L","G",1,1,77,"777777777","77777777777",3,6,9,1,0,0,0,0,0,0,0,15,0,0,0,14,0,5,12,0,0,0,1,12,33314,6,1,6,3,3,0,69,999,0,0,0,0,0,0,0,0,0,0,0,0,0,0,3,2,45,1,1,8,2,4,3,11,66,99,1,1,82,"1graa0620eb7","777777777777","777777777777",0,0
12,123096,1,1,1,9,11,18,13,8,0,1,0,12,1,54,421,54421,15,2007,"2HNYD28867H5","2","H","N","Y","D","2","8","8","6","7","H","5",0,0,0,"000000000","00000000000",0,0,0,1,0,0,0,0,0,0,0,20,0,0,0,12,2,5,8,0,0,0,1,12,33033,6,1,0,0,3,3,68,999,0,0,0,0,0,0,0,0,0,0,0,0,0,0,1,2,30,1,1,8,1,0,0,1,80,1,1,1,13,"777777777777","777777777777","777777777777",0,0
12,123097,1,1,1,25,10,19,5,8,0,1,0,12,1,35,51,35051,6,2014,"JN8AS5MT6EW6","J","N","8","A","S","5","M","T","6","E","W","6",0,0,0,"000000000","00000000000",0,0,0,1,0,0,0,0,0,0,0,35,0,0,0,12,4,5,8,0,0,0,1,12,33018,6,1,0,0,3,3,70,999,0,0,0,0,0,0,0,0,0,0,0,0,0,0,1,4,35,1,1,8,1,0,0,1,80,1,1,1,13,"777777777777","777777777777","777777777777",0,0
12,123098,1,2,2,11,11,22,2,1,0,1,0,12,2,72,706,72706,80,2012,"1HD4LE217CC4","1","H","D","4","L","E","2","1","7","C","C","4",0,0,0,"000000000","00000000000",0,0,0,1,0,0,0,0,0,0,0,60,0,0,0,0,6,2,1,0,0,0,1,12,33032,1,1,0,0,2,3,75,999,0,2,0,0,0,2,2012,4,2016,0,6,0,0,0,1,2,40,1,1,8,1,0,0,1,98,16,1,1,98,"777777777777","777777777777","777777777777",2,0
12,123098,2,2,2,11,11,22,2,1,0,1,0,39,3,34,34,34034,4,2016,"WBA8E9G51GNT","W","B","A","8","E","9","G","5","1","G","N","T",0,0,0,"000000000","00000000000",0,0,0,1,0,0,0,0,0,0,0,15,0,0,0,6,6,2,12,0,0,0,1,12,33158,6,1,0,0,3,3,63,999,0,0,0,0,0,0,0,0,0,0,0,0,0,0,1,2,40,1,1,8,1,0,0,1,53,99,1,1,98,"777777777777","777777777777","777777777777",0,0
12,123099,1,1,1,13,11,20,50,8,0,1,0,12,1,49,40,49040,4,2002,"4T1BF32K72U5","4","T","1","B","F","3","2","K","7","2","U","5",0,0,0,"000000000","00000000000",0,0,0,1,0,0,0,0,0,0,0,30,0,0,0,12,4,5,8,0,0,0,1,12,33162,6,1,0,0,3,0,71,999,0,3,0,0,2,11,2011,3,2015,0,0,0,0,0,1,2,30,1,1,8,1,0,0,1,80,1,1,1,13,"777777777777","777777777777","777777777777",0,0
12,123100,1,1,5,19,11,5,4,39,0,1,0,12,2,35,47,35047,4,2005,"1N4BL11D95C1","1","N","4","B","L","1","1","D","9","5","C","1",0,0,0,"000000000","00000000000",0,0,0,1,0,0,0,0,0,0,0,50,0,0,0,12,6,2,39,0,0,0,1,12,33183,6,1,0,0,3,0,69,999,0,0,0,0,0,0,0,0,0,0,0,0,0,0,2,2,30,2,1,8,1,0,0,14,13,99,1,4,1,"777777777777","777777777777","777777777777",1,0
12,123101,1,2,2,31,12,20,30,12,6,1,0,95,1,63,399,63399,6,2014,"KNAHT8A34E70","K","N","A","H","T","8","A","3","4","E","7","0",0,0,0,"000000000","00000000000",0,0,0,1,0,0,0,0,0,0,0,10,0,0,0,3,6,2,12,0,0,0,1,95,0,9,9,99,9,9,9,999,999,99,99,99,99,99,99,9999,99,9999,0,38,0,0,0,2,4,50,1,1,8,1,0,0,11,15,99,1,1,68,"777777777777","777777777777","777777777777",1,0
12,123101,2,2,1,31,12,20,30,12,6,1,0,12,1,7,28,7028,2,2016,"2C3CDZAG3GH1","2","C","3","C","D","Z","A","G","3","G","H","1",0,0,0,"000000000","00000000000",0,0,0,1,0,0,0,0,0,0,0,50,0,0,0,12,6,2,12,0,0,0,1,12,32724,6,1,0,0,3,0,64,999,0,0,0,1,1,12,2014,12,2016,0,0,0,0,0,2,4,50,1,1,8,1,0,0,1,62,99,1,1,69,"777777777777","777777777777","777777777777",0,0
12,123102,1,3,1,29,12,7,3,12,1,1,0,12,1,35,43,35043,4,2015,"3N1AB7AP3FY3","3","N","1","A","B","7","A","P","3","F","Y","3",0,0,0,"000000000","00000000000",0,0,0,1,0,0,0,0,0,0,0,35,0,0,0,12,6,2,12,0,0,0,1,12,33175,6,1,0,0,3,0,69,999,0,0,0,3,0,9,2013,6,2014,0,6,0,0,0,2,2,35,1,1,8,1,0,0,1,50,99,1,1,32,"777777777777","777777777777","777777777777",1,0
12,123102,2,3,0,29,12,7,3,12,1,1,0,12,6,35,47,35047,4,2013,"1N4AL3AP4DC2","1","N","4","A","L","3","A","P","4","D","C","2",0,0,0,"000000000","00000000000",0,0,0,1,0,0,0,0,0,0,0,0,0,0,0,6,6,2,12,0,0,0,0,0,99997,7,6,97,7,6,7,998,997,998,998,998,998,998,98,9998,98,9998,8,0,0,0,0,2,2,35,1,1,8,1,0,0,0,53,0,0,0,32,"777777777777","777777777777","777777777777",0,0
12,123102,3,3,1,29,12,7,3,12,1,1,0,12,1,20,423,20423,15,2015,"1GNKRFED1FJ2","1","G","N","K","R","F","E","D","1","F","J","2",0,0,0,"000000000","00000000000",0,0,0,1,0,0,0,0,0,0,0,0,0,0,0,3,6,2,12,0,0,0,1,12,33012,6,1,0,0,3,0,66,999,0,0,0,0,1,5,2013,5,2013,0,0,0,0,0,2,2,35,1,1,8,1,0,0,12,98,99,1,1,98,"777777777777","777777777777","777777777777",0,0
12,123103,1,3,1,2,12,17,0,12,6,1,0,12,1,49,32,49032,4,1995,"1NXAE09B2SZ2","1","N","X","A","E","0","9","B","2","S","Z","2",0,0,0,"000000000","00000000000",0,0,0,1,0,0,0,0,0,0,0,20,0,0,0,12,6,2,12,0,0,0,1,12,33167,6,1,0,0,3,3,67,999,0,0,0,0,0,0,0,0,0,0,38,0,0,0,3,3,40,1,1,8,1,3,3,11,15,99,1,1,68,"777777777777","777777777777","777777777777",1,0
12,123103,2,3,1,2,12,17,0,12,6,1,0,12,4,12,401,12401,14,2016,"1FM5K7D89GGB","1","F","M","5","K","7","D","8","9","G","G","B",0,0,0,"000000000","00000000000",0,0,0,1,0,0,0,0,0,0,0,40,0,0,0,9,6,2,12,0,0,0,1,12,33160,6,1,0,0,3,3,69,999,0,0,0,0,0,0,0,0,0,0,0,0,0,0,3,3,40,1,1,8,1,3,3,1,62,99,1,1,69,"777777777777","777777777777","777777777777",0,0
12,123103,3,3,1,2,12,17,0,12,6,1,0,12,3,12,17,12017,4,2016,"1FAHP2L85GG1","1","F","A","H","P","2","L","8","5","G","G","1",0,0,0,"000000000","00000000000",0,0,0,1,0,0,0,0,0,0,0,0,0,0,0,12,6,2,12,0,0,0,1,12,33128,6,1,0,0,3,0,63,999,0,0,0,0,1,4,2013,4,2013,0,0,0,0,0,1,4,40,1,1,8,1,3,3,5,67,99,1,1,98,"777777777777","777777777777","777777777777",0,0
12,123104,1,3,3,10,11,16,12,12,6,1,0,12,2,49,40,49040,4,2011,"4T1BF3EK6BU6","4","T","1","B","F","3","E","K","6","B","U","6",0,0,0,"000000000","00000000000",0,0,0,1,0,0,0,0,0,0,0,15,0,0,0,3,6,2,12,0,0,0,1,12,33137,6,1,0,0,3,0,75,999,1,0,0,0,0,11,2011,11,2011,0,39,0,0,0,3,2,35,1,1,8,1,3,3,11,15,99,1,1,68,"777777777777","777777777777","777777777777",1,0
12,123104,2,3,1,10,11,16,12,12,6,1,0,12,2,20,37,20037,4,2013,"1G11C5SA4DU1","1","G","1","1","C","5","S","A","4","D","U","1",0,0,0,"000000000","00000000000",0,0,0,1,0,0,0,0,0,0,0,70,0,0,0,12,6,2,12,0,0,0,1,12,33142,1,1,0,0,2,0,72,999,2,5,0,3,2,8,2012,11,2016,0,0,0,0,0,1,2,35,1,1,8,1,3,3,1,62,99,1,1,69,"777777777777","777777777777","777777777777",0,0
12,123104,3,3,1,10,11,16,12,12,6,1,0,12,1,49,402,49402,14,2012,"2T3YF4DVXCW1","2","T","3","Y","F","4","D","V","X","C","W","1",0,0,0,"000000000","00000000000",0,0,0,1,0,0,0,0,0,0,0,0,0,0,0,12,6,2,12,0,0,0,1,12,33305,6,1,0,0,3,3,69,999,0,0,0,0,0,0,0,0,0,0,0,0,0,0,3,2,30,1,1,8,1,3,3,1,62,99,1,1,98,"777777777777","777777777777","777777777777",0,0
12,123105,1,1,1,12,10,7,55,8,0,1,0,12,2,30,40,30040,4,2016,"3VW167AJ9GM3","3","V","W","1","6","7","A","J","9","G","M","3",0,0,0,"000000000","00000000000",0,0,0,1,0,0,0,0,0,0,0,30,0,0,0,12,4,5,8,0,0,0,1,12,33196,6,1,0,0,3,3,68,999,0,0,0,0,0,0,0,0,0,0,38,0,0,0,2,2,40,1,1,8,1,3,3,10,80,99,1,1,13,"777777777777","777777777777","777777777777",0,0
12,123106,1,1,1,17,12,19,13,8,0,1,0,12,1,2,422,2422,15,2015,"1C4RJEBGXFC6","1","C","4","R","J","E","B","G","X","F","C","6",0,0,0,"000000000","00000000000",0,0,0,1,0,0,0,0,0,0,0,40,0,0,0,12,4,5,8,0,0,0,1,12,33183,6,1,0,0,3,0,66,999,0,0,0,1,0,7,2013,7,2013,0,0,0,0,0,3,2,40,1,1,8,1,0,0,1,80,99,1,1,13,"777777777777","777777777777","777777777777",0,0
12,123107,1,2,2,14,6,18,23,12,2,1,0,12,1,18,421,18421,15,2014,"5GAKRBKD8EJ1","5","G","A","K","R","B","K","D","8","E","J","1",0,0,0,"000000000","00000000000",0,0,0,1,0,0,0,0,0,0,0,10,0,0,0,12,6,2,12,0,0,0,1,12,34608,6,1,0,0,3,0,69,999,0,0,0,0,0,0,0,0,0,0,38,0,0,0,2,4,45,1,1,8,1,3,3,11,15,99,1,1,68,"777777777777","777777777777","777777777777",1,0
12,123107,2,2,1,14,6,18,23,12,2,1,0,12,1,6,51,6051,4,2010,"2C3CA4CD5AH2","2","C","3","C","A","4","C","D","5","A","H","2",0,0,0,"000000000","00000000000",0,0,0,1,0,0,0,0,0,0,0,40,0,0,0,12,6,2,12,0,0,0,1,12,33625,6,1,0,0,3,0,73,999,0,0,0,0,0,0,0,0,0,0,0,0,0,0,2,5,45,1,1,8,1,3,3,1,62,99,1,1,69,"777777777777","777777777777","777777777777",0,0
12,123108,1,1,1,30,10,6,30,33,0,1,0,12,2,6,51,6051,4,2008,"2C3KA43R48H1","2","C","3","K","A","4","3","R","4","8","H","1",0,0,0,"000000000","00000000000",0,0,0,1,0,0,0,0,0,0,0,40,0,0,0,12,6,2,42,0,0,0,1,12,33010,6,1,0,0,3,0,69,999,0,0,0,0,0,0,0,0,0,0,0,0,0,0,3,4,40,1,1,8,2,0,0,1,12,99,1,4,6,"777777777777","777777777777","777777777777",1,0
12,123109,1,3,1,5,12,20,0,12,6,1,0,12,1,7,482,7482,31,2002,"1D7HU16N92J2","1","D","7","H","U","1","6","N","9","2","J","2",0,0,0,"000000000","00000000000",0,0,0,1,0,0,0,0,0,0,0,45,0,0,0,12,6,2,12,0,0,0,1,12,32208,6,1,0,0,3,0,69,999,0,2,1,0,0,8,2012,9,2012,0,6,0,0,0,2,2,35,1,6,8,1,0,0,1,10,99,1,2,64,"777777777777","777777777777","777777777777",1,1
12,123109,2,3,6,5,12,20,0,12,6,1,0,12,2,49,51,49051,3,2009,"JTDJT9033952","J","T","D","J","T","9","0","3","3","9","5","2",0,0,0,"000000000","00000000000",0,0,0,1,0,0,0,0,0,0,0,45,0,0,0,3,6,2,12,0,0,0,1,12,32254,6,1,0,0,3,0,61,999,1,0,0,1,1,1,2013,5,2016,0,0,0,0,0,2,2,35,1,6,8,1,0,0,1,62,1,1,1,65,"777777777777","777777777777","777777777777",0,0
12,123109,3,3,1,5,12,20,0,12,6,1,0,12,1,12,24,12024,6,2008,"2FMDK36C88BA","2","F","M","D","K","3","6","C","8","8","B","A",0,0,0,"000000000","00000000000",0,0,0,1,0,0,0,0,0,0,0,40,0,0,0,12,2,5,12,0,0,0,1,12,32218,6,1,0,0,3,3,73,999,0,0,0,0,0,0,0,0,0,0,0,0,0,0,2,2,35,1,6,8,1,0,0,1,50,16,1,1,98,"777777777777","777777777777","777777777777",0,0
12,123110,1,1,1,2,10,20,34,8,0,1,1,99,9,99,999,99999,99,9999,"999999999999","9","9","9","9","9","9","9","9","9","9","9","9",0,0,0,"000000000","00000000000",0,0,0,1,0,0,0,0,0,0,0,999,0,0,0,12,9,5,8,0,0,0,1,99,99999,9,9,99,9,9,9,999,999,99,99,99,99,99,99,9999,99,9999,0,0,0,0,0,2,2,35,1,1,8,1,0,0,1,80,99,1,1,13,"777777777777","777777777777","777777777777",0,0
12,123111,1,2,2,3,9,18,57,12,6,1,0,26,4,35,50,35050,4,2016,"3N1CN7AP2GL8","3","N","1","C","N","7","A","P","2","G","L","8",0,0,0,"000000000","00000000000",0,0,0,1,0,0,0,0,0,0,0,20,0,0,0,3,6,2,12,0,0,0,1,95,0,0,0,0,0,0,0,999,999,0,0,0,0,0,0,0,0,0,0,38,0,0,0,3,4,45,1,1,8,1,0,0,11,15,99,1,1,68,"777777777777","777777777777","777777777777",1,0