"STATE","ST_CASE","VEH_NO","VE_FORMS","NUMOCCS","DAY","MONTH","HOUR","MINUTE","HARM_EV","MAN_COLL","UNITTYPE","HIT_RUN","REG_STAT","OWNER","MAKE","MODEL","MAK_MOD","BODY_TYP","MOD_YEAR","VIN","VIN_1","VIN_2","VIN_3","VIN_4","VIN_5","VIN_6","VIN_7","VIN_8","VIN_9","VIN_10","VIN_11","VIN_12","TOW_VEH","J_KNIFE","MCARR_I1","MCARR_I2","MCARR_ID","GVWR","V_CONFIG","CARGO_BT","HAZ_INV","HAZ_PLAC","HAZ_ID","HAZ_CNO","HAZ_REL","BUS_USE","SPEC_USE","EMER_USE","TRAV_SP","UNDERIDE","ROLLOVER","ROLINLOC","IMPACT1","DEFORMED","TOWED","M_HARM","VEH_SC1","VEH_SC2","FIRE_EXP","DR_PRES","L_STATE","DR_ZIP","L_STATUS","L_TYPE","CDL_STAT","L_ENDORS","L_COMPL","L_RESTRI","DR_HGT","DR_WGT","PREV_ACC","PREV_SUS","PREV_DWI","PREV_SPD","PREV_OTH","FIRST_MO","FIRST_YR","LAST_MO","LAST_YR","SPEEDREL","DR_SF1","DR_SF2","DR_SF3","DR_SF4","VTRAFWAY","VNUM_LAN","VSPD_LIM","VALIGN","VPROFILE","VPAVETYP","VSURCOND","VTRAFCON","VTCONT_F","P_CRASH1","P_CRASH2","P_CRASH3","PCRASH4","PCRASH5","ACC_TYPE","TRLR1VIN","TRLR2VIN","TRLR3VIN","DEATHS","DR_DRINK"
13,130106,1,2,1,4,2,16,20,12,1,1,0,13,1,20,23,20023,6,2006,"3GNDA23P16S6","3","G","N","D","A","2","3","P","1","6","S","6",0,0,0,"000000000","00000000000",0,0,0,1,0,0,0,0,0,0,0,998,3,0,0,12,6,2,12,0,0,0,1,13,30458,6,7,0,0,3,2,65,190,98,1,0,1,0,10,2012,12,2015,0,73,26,0,0,3,2,70,1,1,1,2,0,0,1,52,16,1,1,28,"777777777777","777777777777","777777777777",1,0
13,130106,2,2,1,4,2,16,20,12,1,1,0,93,3,82,881,82881,66,2016,"3AKJGLD5XGSH","3","A","K","J","G","L","D","5","X","G","S","H",1,1,57,"696116","57696116",3,6,1,1,0,0,0,0,0,0,0,998,0,0,0,6,6,2,12,0,0,0,1,13,31093,6,1,6,0,3,3,67,180,98,0,0,0,0,0,0,0,0,0,0,0,0,0,3,2,70,1,1,1,2,0,0,2,53,1,1,1,29,"3H3V532C78T0","777777777777","777777777777",0,0
13,130107,1,1,1,4,2,22,20,10,0,1,0,13,2,63,32,63032,4,2007,"KNADE1231762","K","N","A","D","E","1","2","3","1","7","6","2",0,0,0,"000000000","00000000000",0,0,0,1,0,0,0,0,0,0,0,998,0,0,0,10,6,2,10,0,0,0,1,13,30214,3,1,0,0,2,0,67,130,98,0,0,0,0,0,0,0,0,0,38,0,0,0,1,2,25,1,3,2,1,65,3,1,91,99,9,1,15,"777777777777","777777777777","777777777777",1,1
13,130108,1,1,1,5,2,11,45,34,0,1,0,13,2,18,3,18003,4,2002,"1G4CW54K8242","1","G","4","C","W","5","4","K","8","2","4","2",0,0,0,"000000000","00000000000",0,0,0,1,0,0,0,0,0,0,0,998,0,0,0,12,6,2,42,0,0,0,1,13,31906,6,1,6,0,3,0,70,240,98,0,0,0,1,1,2013,1,2013,0,99,99,99,99,2,2,65,1,1,2,1,0,0,1,13,1,1,4,5,"777777777777","777777777777","777777777777",1,0
13,130109,1,1,1,5,2,21,52,8,0,1,0,13,1,35,473,35473,31,2006,"1N6BA06A66N5","1","N","6","B","A","0","6","A","6","6","N","5",0,0,0,"000000000","00000000000",0,0,0,1,0,0,0,0,0,0,0,998,0,0,0,12,4,3,8,0,0,0,1,13,30214,6,1,0,0,3,0,72,200,98,2,0,2,0,7,2012,8,2014,0,0,0,0,0,5,5,45,1,1,2,1,0,0,1,80,1,1,1,13,"777777777777","777777777777","777777777777",0,0
13,130110,1,1,3,5,2,19,5,1,0,1,0,0,0,98,739,98739,90,2015,"000000000000","0","0","0","0","0","0","0","0","0","0","0","0",0,0,0,"000000000","00000000000",0,0,0,1,0,0,0,0,0,0,0,998,0,2,1,0,2,3,1,0,0,0,1,13,31510,0,0,0,0,0,0,999,999,98,0,0,0,0,0,0,0,0,4,58,36,0,0,1,2,35,3,1,2,2,0,0,14,6,15,2,2,98,"777777777777","777777777777","777777777777",1,1
13,130111,1,2,1,6,2,21,46,12,1,1,0,92,0,37,706,37706,80,2004,"JH2DE02054K7","J","H","2","D","E","0","2","0","5","4","K","7",0,0,0,"000000000","00000000000",0,0,0,1,0,0,0,0,0,0,0,998,0,0,0,6,4,3,12,0,0,0,1,13,30450,2,1,0,0,2,0,67,165,98,5,1,0,0,11,2012,5,2013,0,24,0,0,0,1,2,55,2,1,2,2,0,0,14,53,1,1,1,25,"777777777777","777777777777","777777777777",1,1
13,130111,2,2,1,6,2,21,46,12,1,1,0,92,0,6,441,6441,20,2001,"2C8GP64L21R1","2","C","8","G","P","6","4","L","2","1","R","1",0,0,0,"000000000","00000000000",0,0,0,1,0,0,0,0,0,0,0,998,0,0,0,12,4,5,12,0,0,0,1,13,31405,6,1,0,0,3,0,64,180,98,0,0,0,0,0,0,0,0,0,26,0,0,0,1,2,55,2,1,2,2,0,0,14,51,1,1,1,24,"777777777777","777777777777","777777777777",0,0
13,130112,1,1,1,6,2,19,7,8,0,1,0,13,2,20,421,20421,15,2002,"1GNEK13Z22R2","1","G","N","E","K","1","3","Z","2","2","R","2",0,0,0,"000000000","00000000000",0,0,0,1,0,0,0,0,0,0,0,998,0,0,0,12,4,3,8,0,0,0,1,13,30032,6,1,0,0,3,0,67,180,98,0,0,0,0,0,0,0,0,0,0,0,0,0,1,4,45,1,1,2,1,0,0,1,80,1,1,1,13,"777777777777","777777777777","777777777777",0,0
13,130113,1,2,1,6,2,16,30,12,6,1,0,13,1,37,31,37031,4,2000,"1HGEJ6671YL0","1","H","G","E","J","6","6","7","1","Y","L","0",0,0,0,"000000000","00000000000",0,0,0,1,0,0,0,0,0,0,0,998,0,0,0,9,6,2,12,32,0,0,1,13,30134,6,1,0,0,3,3,69,225,98,0,0,0,0,0,0,0,0,0,38,0,0,0,1,2,45,1,1,2,1,20,3,11,15,99,9,1,82,"777777777777","777777777777","777777777777",1,0
13,130113,2,2,4,6,2,16,30,12,6,1,0,13,2,6,441,6441,20,2006,"2A4GP44R06R7","2","A","4","G","P","4","4","R","0","6","R","7",0,0,0,"000000000","00000000000",0,0,0,1,0,0,0,0,0,0,0,998,0,0,0,12,6,2,12,0,0,0,1,13,30217,6,1,0,0,3,0,63,148,98,0,0,0,0,0,0,0,0,0,0,0,0,0,1,2,45,1,1,2,1,0,0,1,67,99,1,1,83,"777777777777","777777777777","777777777777",0,0
13,130114,1,1,1,6,2,2,25,33,0,1,0,13,2,49,43,49043,4,2002,"4T1BF28B0242","4","T","1","B","F","2","8","B","0","2","4","2",0,0,0,"000000000","00000000000",0,0,0,1,0,0,0,0,0,0,0,998,0,0,0,14,6,2,43,0,0,0,1,13,30068,6,1,0,0,3,0,71,145,98,0,0,0,2,12,2013,5,2015,0,0,0,0,0,3,3,45,4,2,2,1,0,0,14,12,99,9,4,7,"777777777777","777777777777","777777777777",1,1
13,130115,1,1,1,6,2,19,5,35,0,1,0,21,1,14,6,14006,4,2001,"2MEFM74W51X6","2","M","E","F","M","7","4","W","5","1","X","6",0,0,0,"000000000","00000000000",0,0,0,1,0,0,0,0,0,0,0,998,0,1,6,12,6,2,1,0,0,0,1,21,40219,1,1,0,0,2,0,70,150,0,1,1,0,0,1,2016,1,2016,0,39,0,0,0,6,1,70,1,1,2,1,20,3,1,14,16,2,4,14,"777777777777","777777777777","777777777777",1,1
13,130116,1,1,2,7,2,5,45,8,0,1,0,13,2,39,34,39034,4,2000,"SAJDA01C9YFL","S","A","J","D","A","0","1","C","9","Y","F","L",0,0,0,"000000000","00000000000",0,0,0,1,0,0,0,0,0,0,0,998,0,0,0,12,4,8,8,0,0,0,1,13,30034,6,1,0,0,3,0,72,160,98,4,0,1,2,5,2012,9,2012,0,0,0,0,0,2,2,45,1,1,2,1,0,0,1,80,15,2,1,13,"777777777777","777777777777","777777777777",0,0
13,130117,1,1,1,7,2,7,23,1,0,1,0,13,2,19,481,19481,31,2009,"1GYFC26299R1","1","G","Y","F","C","2","6","2","9","9","R","1",0,0,0,"000000000","00000000000",0,0,0,1,0,0,0,0,0,0,0,998,0,2,5,0,6,2,59,0,0,0,1,13,30236,6,2,0,0,3,0,68,138,98,1,0,0,0,2,2012,2,2012,0,0,0,0,0,3,4,65,3,1,2,1,0,0,14,6,1,4,4,2,"777777777777","777777777777","777777777777",1,0
13,130118,1,1,1,7,2,5,35,42,0,1,0,13,1,14,6,14006,4,2004,"2MEHM75W54X6","2","M","E","H","M","7","5","W","5","4","X","6",0,0,0,"000000000","00000000000",0,0,0,1,0,0,0,0,0,0,0,998,0,0,0,11,6,2,42,0,0,0,1,13,31779,1,1,0,0,2,0,72,260,98,2,0,1,2,10,2011,1,2016,0,0,0,0,0,1,2,55,2,1,2,1,0,0,14,6,99,9,4,7,"777777777777","777777777777","777777777777",1,0
13,130119,1,1,1,8,2,0,41,8,0,1,0,13,1,49,421,49421,15,1999,"JT3HT05JXX00","J","T","3","H","T","0","5","J","X","X","0","0",0,0,0,"000000000","00000000000",0,0,0,1,0,0,0,0,0,0,0,998,0,0,0,12,6,2,8,0,0,0,1,13,30215,6,1,0,0,3,3,72,225,98,0,0,0,0,0,0,0,0,0,0,0,0,0,1,2,40,1,2,2,1,0,0,1,80,1,1,1,13,"777777777777","777777777777","777777777777",0,0
13,130121,1,1,1,8,2,7,19,59,0,1,0,13,1,49,402,49402,14,2002,"JTEHH20V3260","J","T","E","H","H","2","0","V","3","2","6","0",0,0,0,"000000000","00000000000",0,0,0,1,0,0,0,0,0,0,0,998,0,1,5,10,6,2,1,0,0,0,1,13,30141,0,0,0,0,0,0,72,180,98,1,0,0,0,3,2014,3,2014,0,58,0,0,0,1,2,55,1,5,2,1,0,0,1,9,7,3,4,7,"777777777777","777777777777","777777777777",1,0
13,130122,1,2,1,10,2,12,54,12,2,1,0,13,1,20,471,20471,30,2003,"1GCCS19XX382","1","G","C","C","S","1","9","X","X","3","8","2",0,0,0,"000000000","00000000000",0,0,0,1,0,0,0,0,0,0,0,998,0,0,0,12,6,2,12,0,0,0,1,13,30344,6,1,0,0,3,0,69,150,98,0,0,0,0,0,0,0,0,0,28,0,0,0,1,2,35,3,1,2,1,0,0,14,10,99,1,2,50,"777777777777","777777777777","777777777777",1,0
13,130122,2,2,8,10,2,12,54,12,2,1,0,13,3,98,981,98981,52,2009,"5FYC5FB199C0","5","F","Y","C","5","F","B","1","9","9","C","0",0,0,88,"888888888","88888888888",3,21,22,1,0,0,0,0,6,3,0,998,0,0,0,12,6,2,12,0,0,0,1,13,30337,6,1,6,1,3,3,67,210,98,1,0,1,1,2,2012,1,2015,0,0,0,0,0,1,2,35,2,1,2,1,0,0,14,62,99,1,1,51,"777777777777","777777777777","777777777777",0,0
13,130123,1,2,2,10,2,21,44,12,2,1,0,13,2,37,32,37032,4,2002,"3HGCG56482G7","3","H","G","C","G","5","6","4","8","2","G","7",0,0,0,"000000000","00000000000",0,0,0,1,0,0,0,0,0,0,0,998,0,0,0,12,6,2,12,0,0,0,1,13,30518,6,1,0,0,3,0,73,155,98,1,0,1,0,3,2012,7,2012,5,28,0,0,0,1,2,40,1,2,2,1,0,0,1,10,16,2,2,50,"777777777777","777777777777","777777777777",0,1
13,130123,2,2,3,10,2,21,44,12,2,1,0,13,1,49,40,49040,4,2011,"4T4BF3EKXBR1","4","T","4","B","F","3","E","K","X","B","R","1",0,0,0,"000000000","00000000000",0,0,0,1,0,0,0,0,0,0,0,998,0,0,0,12,6,2,12,0,0,0,1,13,30043,6,1,0,0,3,3,60,108,98,1,0,2,0,8,2011,12,2012,0,0,0,0,0,1,2,40,1,2,2,1,0,0,1,62,1,1,1,51,"777777777777","777777777777","777777777777",2,0
13,130124,1,1,1,11,2,23,17,34,0,1,0,92,0,41,49,41049,4,2004,"JM1FE1732401","J","M","1","F","E","1","7","3","2","4","0","1",0,0,0,"000000000","00000000000",0,0,0,1,0,0,0,0,0,0,0,998,0,1,6,14,6,2,42,0,0,0,1,13,31406,0,0,0,0,0,0,999,999,98,0,0,0,0,0,0,0,0,0,0,0,0,0,1,2,40,3,2,2,1,0,0,14,13,99,1,4,1,"777777777777","777777777777","777777777777",1,1
13,130125,1,3,1,11,2,19,30,12,2,1,0,92,0,37,705,37705,80,2003,"JH2PC37003M0","J","H","2","P","C","3","7","0","0","3","M","0",0,0,0,"000000000","00000000000",0,0,0,1,0,0,0,0,0,0,0,998,0,0,0,12,6,2,12,0,0,0,1,13,30058,6,1,0,0,3,0,70,170,98,1,0,0,1,5,2011,5,2012,0,27,0,0,0,5,4,45,1,1,2,1,0,0,6,10,6,1,2,84,"777777777777","777777777777","777777777777",1,0
13,130125,2,3,3,11,2,19,30,12,2,1,0,13,2,7,28,7028,2,2010,"2B3CJ5DT2AH2","2","B","3","C","J","5","D","T","2","A","H","2",0,0,0,"000000000","00000000000",0,0,0,1,0,0,0,0,0,0,0,998,0,0,0,12,6,2,12,0,0,0,1,13,30318,6,1,0,0,3,0,64,152,98,0,0,1,0,2,2015,2,2015,0,0,0,0,0,1,2,45,1,1,2,1,0,0,11,15,99,1,1,84,"777777777777","777777777777","777777777777",0,0
13,130125,3,3,2,11,2,19,30,12,2,1,0,13,2,37,32,37032,4,1988,"1HGCA5630JA1","1","H","G","C","A","5","6","3","0","J","A","1",0,0,0,"000000000","00000000000",0,0,0,1,0,0,0,0,0,0,0,998,0,0,0,12,2,5,12,0,0,0,1,13,30058,6,1,0,0,3,0,68,160,98,0,0,0,0,0,0,0,0,0,0,0,0,0,5,4,45,1,1,2,1,0,0,1,50,99,1,1,98,"777777777777","777777777777","777777777777",0,0
13,130126,1,1,1,11,2,19,15,9,0,1,0,13,2,2,405,2405,14,2007,"1J4GK48KX7W5","1","J","4","G","K","4","8","K","X","7","W","5",0,0,0,"000000000","00000000000",0,0,0,1,0,0,0,0,0,0,0,998,0,0,0,12,2,5,9,0,0,0,1,13,30003,6,1,0,0,3,0,69,160,98,2,0,0,0,4,2013,11,2015,0,0,0,0,0,1,4,35,1,1,2,1,3,3,1,83,1,1,1,13,"777777777777","777777777777","777777777777",0,0
13,130127,1,1,2,12,2,8,30,34,0,1,0,13,2,59,34,59034,4,2000,"JT8BD68S7Y00","J","T","8","B","D","6","8","S","7","Y","0","0",0,0,0,"000000000","00000000000",0,0,0,1,0,0,0,0,0,0,0,998,0,1,1,3,6,2,1,0,0,0,1,13,30179,6,1,0,0,3,0,66,160,98,0,0,0,0,0,0,0,0,0,0,0,0,0,1,2,40,3,5,2,1,0,0,14,6,6,4,4,2,"777777777777","777777777777","777777777777",1,0
13,130128,1,3,1,12,2,15,6,12,1,1,0,13,1,34,35,34035,4,2013,"WBSFV9C59DD0","W","B","S","F","V","9","C","5","9","D","D","0",0,0,0,"000000000","00000000000",0,0,0,1,0,0,0,0,0,0,0,998,2,0,0,12,6,2,12,0,0,0,1,13,30354,6,1,0,0,3,0,76,320,98,0,0,0,1,8,2015,8,2015,0,26,0,0,0,3,3,65,1,1,2,1,0,0,1,50,1,1,1,20,"777777777777","777777777777","777777777777",1,0
13,130128,2,3,2,12,2,15,6,12,1,1,0,45,3,82,881,82881,66,2010,"1FUJGLDR5ALA","1","F","U","J","G","L","D","R","5","A","L","A",1,1,57,"0051475","570051475",3,6,1,1,0,0,0,0,0,0,0,0,0,0,0,6,2,3,12,0,0,0,1,13,30475,6,1,6,0,3,0,74,285,98,0,0,0,3,6,2011,5,2013,0,0,0,0,0,3,3,65,1,1,2,1,0,0,5,53,1,1,1,21,"888888888888","777777777777","777777777777",0,0
13,130128,3,3,1,12,2,15,6,12,1,1,0,13,1,51,47,51047,4,2001,"YV1RS53D3120","Y","V","1","R","S","5","3","D","3","1","2","0",0,0,0,"000000000","00000000000",0,0,0,1,0,0,0,0,0,0,0,0,0,0,0,6,2,5,12,0,0,0,1,13,30032,6,1,0,0,3,3,62,120,98,1,0,0,2,9,2012,1,2013,0,0,0,0,0,3,3,65,1,1,2,1,0,0,5,53,1,1,1,98,"777777777777","777777777777","777777777777",0,0
13,130129,1,2,1,12,2,10,18,12,6,1,0,13,1,12,13,12013,4,1998,"1FAFP13P1WW2","1","F","A","F","P","1","3","P","1","W","W","2",0,0,0,"000000000","00000000000",0,0,0,1,0,0,0,0,0,0,0,998,0,0,0,9,6,2,12,0,0,0,1,13,30540,6,1,0,0,3,0,67,175,98,1,0,0,0,9,2011,9,2011,0,38,0,0,0,1,2,35,1,6,2,1,20,3,11,15,99,9,1,82,"777777777777","777777777777","777777777777",1,0
13,130129,2,2,1,12,2,10,18,12,6,1,0,13,1,20,481,20481,31,2004,"3GNFK16Z84G1","3","G","N","F","K","1","6","Z","8","4","G","1",0,0,0,"000000000","00000000000",0,0,0,1,0,0,0,0,0,0,0,998,0,0,0,12,6,2,12,0,0,0,1,13,30701,6,1,0,0,3,3,69,152,98,0,0,0,0,0,0,0,0,0,0,0,0,0,1,4,35,1,1,2,1,0,0,1,67,99,9,1,83,"777777777777","777777777777","777777777777",0,0
13,130130,1,2,1,12,2,22,12,12,6,1,0,13,1,54,31,54031,3,1991,"JH4DA9440MS0","J","H","4","D","A","9","4","4","0","M","S","0",0,0,0,"000000000","00000000000",0,0,0,1,0,0,0,0,0,0,0,998,0,0,0,1,6,2,12,0,0,0,1,13,31520,6,1,0,0,3,3,67,240,98,0,0,0,0,0,0,0,0,0,38,0,0,0,2,2,50,1,1,2,1,98,3,11,15,99,9,1,68,"777777777777","777777777777","777777777777",1,0
13,130130,2,2,5,12,2,22,12,12,6,1,0,13,1,49,40,49040,4,2012,"4T1BF1FK1CU1","4","T","1","B","F","1","F","K","1","C","U","1",0,0,0,"000000000","00000000000",0,0,0,1,0,0,0,0,0,0,0,998,0,0,0,12,6,2,12,0,0,0,1,13,31523,6,1,0,0,3,0,61,145,98,0,0,0,0,0,0,0,0,0,0,0,0,0,2,2,50,1,1,2,1,98,3,1,62,99,1,1,69,"777777777777","777777777777","777777777777",0,0
13,130131,1,1,1,13,2,14,16,8,0,1,0,13,2,20,481,20481,31,1999,"2GCEC19T0X11","2","G","C","E","C","1","9","T","0","X","1","1",0,0,0,"000000000","00000000000",0,0,0,1,0,0,0,0,0,0,0,998,0,0,0,12,4,3,8,0,0,0,1,13,31022,6,1,0,0,3,0,62,125,98,0,0,0,0,0,0,0,0,0,36,0,0,0,1,2,55,1,1,2,1,0,0,1,13,99,9,4,13,"777777777777","777777777777","777777777777",0,0
13,130132,1,1,1,13,2,6,19,42,0,1,0,13,2,12,401,12401,14,2002,"1FMZU63E22UC","1","F","M","Z","U","6","3","E","2","2","U","C",0,0,0,"000000000","00000000000",0,0,0,1,0,0,0,0,0,0,0,998,0,0,0,12,6,2,42,0,0,0,1,13,30143,2,1,0,0,2,0,71,143,98,2,1,0,0,2,2011,2,2011,0,0,0,0,0,1,2,15,3,6,2,1,0,0,14,6,99,9,4,7,"777777777777","777777777777","777777777777",1,1
13,130133,1,1,1,14,2,11,25,1,0,1,0,13,1,73,706,73706,80,2008,"JKBZXNC188A0","J","K","B","Z","X","N","C","1","8","8","A","0",0,0,0,"000000000","00000000000",0,0,0,1,0,0,0,0,0,0,0,998,0,0,0,0,2,3,1,0,0,0,1,13,31778,6,1,6,0,3,3,71,215,98,0,0,0,0,0,0,0,0,0,0,0,0,0,3,2,55,3,1,2,1,0,0,14,9,99,9,1,98,"777777777777","777777777777","777777777777",1,0
13,130134,1,3,1,15,2,7,45,12,6,1,0,13,2,35,47,35047,4,2003,"1N4AL11D73C3","1","N","4","A","L","1","1","D","7","3","C","3",0,0,0,"000000000","00000000000",0,0,0,1,0,0,0,0,0,0,0,998,0,0,0,11,6,2,12,0,0,0,1,13,30103,6,1,0,0,3,0,64,200,98,0,0,0,0,0,0,0,0,0,38,0,0,0,1,2,35,1,1,2,1,20,3,11,15,99,9,1,82,"777777777777","777777777777","777777777777",1,0
13,130134,2,3,3,15,2,7,45,12,6,1,0,26,2,14,443,14443,20,1993,"4M2DV11W9DK0","4","M","2","D","V","1","1","W","9","D","K","0",0,0,0,"000000000","00000000000",0,0,0,1,0,0,0,0,0,0,0,998,0,0,0,12,6,2,12,0,0,0,1,13,30120,0,0,0,0,0,0,71,200,98,1,0,0,0,3,2015,3,2015,0,0,0,0,0,1,3,55,1,1,2,1,0,0,1,67,6,9,1,83,"777777777777","777777777777","777777777777",0,0
13,130134,3,3,1,15,2,7,45,12,6,1,0,13,3,98,981,98981,50,2009,"4DRBUAAN79B0","4","D","R","B","U","A","A","N","7","9","B","0",0,0,88,"888888888","88888888888",3,21,22,1,0,0,0,0,1,2,0,0,0,0,0,12,2,5,12,0,0,0,1,13,30184,6,1,6,1,3,0,61,159,98,0,0,0,0,0,0,0,0,0,0,0,0,0,1,2,35,1,1,2,1,20,3,5,62,1,1,1,98,"777777777777","777777777777","777777777777",0,0
13,130135,1,3,3,15,2,15,52,12,6,1,0,13,2,20,481,20481,31,1991,"1GCDC14Z0MZ1","1","G","C","D","C","1","4","Z","0","M","Z","1",0,0,0,"000000000","00000000000",0,0,0,1,0,0,0,0,0,0,0,998,0,1,1,11,6,2,12,0,0,0,1,13,31750,6,1,0,0,3,3,72,250,98,0,0,0,0,0,0,0,0,0,38,39,0,0,1,2,55,1,1,2,1,20,3,1,17,99,9,1,89,"777777777777","777777777777","777777777777",1,0
13,130135,2,3,2,15,2,15,52,12,6,1,0,1,3,20,481,20481,31,2014,"1GB4CZCG7EF1","1","G","B","4","C","Z","C","G","7","E","F","1",0,0,0,"000000000","00000000000",0,0,0,1,0,0,0,0,0,0,0,998,0,0,0,12,6,2,12,0,0,0,1,48,75104,6,1,6,0,3,0,999,999,0,0,0,0,0,0,0,0,0,0,0,0,0,0,5,3,55,1,1,2,1,0,0,1,66,99,9,1,88,"777777777777","777777777777","777777777777",0,0
13,130135,3,3,2,15,2,15,52,12,6,1,0,13,1,49,472,49472,30,2011,"5TFTU4GN7BX0","5","T","F","T","U","4","G","N","7","B","X","0",0,0,0,"000000000","00000000000",0,0,0,1,0,0,0,0,0,0,0,0,0,0,0,12,6,2,12,0,0,0,1,13,31750,6,1,0,0,3,3,68,160,98,0,0,0,0,0,0,0,0,0,0,0,0,0,5,3,55,1,1,2,1,0,0,5,62,1,1,1,98,"777777777777","777777777777","777777777777",0,0
13,130136,1,2,1,15,2,10,58,12,6,1,0,18,3,82,881,82881,66,2014,"3AKJGLD53ESF","3","A","K","J","G","L","D","5","3","E","S","F",1,1,58,"058264","58058264",3,6,1,1,0,0,0,0,0,0,0,998,0,0,0,8,6,2,12,0,0,0,1,36,11901,6,1,6,0,3,0,71,999,0,0,0,0,0,0,0,0,0,0,31,28,0,0,1,2,55,1,3,2,1,0,0,13,20,99,1,2,92,"1UYVS25331P6","777777777777","777777777777",0,0
13,130136,2,2,1,15,2,10,58,12,6,1,0,13,1,12,471,12471,30,1996,"1FTCR10AXTUA","1","F","T","C","R","1","0","A","X","T","U","A",0,0,0,"000000000","00000000000",0,0,0,1,0,0,0,0,0,0,0,998,3,0,0,12,6,2,12,0,0,0,1,13,30647,6,1,0,0,3,0,70,145,98,0,0,0,0,0,0,0,0,0,0,0,0,0,1,2,55,1,3,2,1,0,0,1,62,99,9,1,93,"777777777777","777777777777","777777777777",1,0
13,130137,1,1,1,15,2,15,20,32,0,1,0,13,3,84,881,84881,63,2000,"1HTSDAAN9YH2","1","H","T","S","D","A","A","N","9","Y","H","2",0,0,57,"0069294","570069294",3,2,1,1,0,0,0,0,0,0,0,998,0,1,5,12,6,2,32,0,0,0,1,13,31510,6,1,6,0,3,0,70,220,98,0,0,0,0,0,0,0,0,0,0,0,0,0,1,4,55,1,1,2,1,0,0,1,13,99,9,4,1,"777777777777","777777777777","777777777777",1,0
13,130138,1,1,1,16,2,7,35,42,0,1,0,13,2,12,401,12401,14,2003,"1FMZU70E63UB","1","F","M","Z","U","7","0","E","6","3","U","B",0,0,0,"000000000","00000000000",0,0,0,1,0,0,0,0,0,0,0,998,0,1,5,12,6,2,1,0,0,0,1,13,30189,1,1,0,0,2,3,60,165,98,3,0,1,6,3,2012,1,2016,0,27,36,0,0,3,2,65,1,1,2,2,0,0,1,6,99,9,4,2,"777777777777","777777777777","777777777777",1,0
13,130139,1,1,1,16,2,23,50,43,0,1,0,13,2,49,40,49040,4,2007,"4T1BK46K57U0","4","T","1","B","K","4","6","K","5","7","U","0",0,0,0,"000000000","00000000000",0,0,0,1,0,0,0,0,0,0,0,998,0,0,0,12,6,2,43,0,0,0,1,13,30115,6,1,0,0,3,3,75,240,98,0,0,0,0,0,0,0,0,0,0,0,0,0,1,2,45,2,1,2,2,0,0,14,8,99,9,4,7,"777777777777","777777777777","777777777777",1,0
13,130140,1,1,1,16,2,19,40,8,0,1,0,13,3,12,461,12461,21,1996,"1FBJS31H8THB","1","F","B","J","S","3","1","H","8","T","H","B",0,0,0,"000000000","00000000000",0,0,0,1,0,0,0,0,0,0,0,998,0,0,0,12,4,3,8,0,0,0,1,13,30417,6,1,0,0,3,0,67,160,98,0,0,0,0,0,0,0,0,0,0,0,0,0,1,4,45,1,3,2,1,0,0,1,80,16,2,1,13,"777777777777","777777777777","777777777777",0,0
13,130141,1,2,2,17,2,8,47,12,6,1,0,13,2,20,461,20461,21,2008,"1GCGG29C4812","1","G","C","G","G","2","9","C","4","8","1","2",0,0,0,"000000000","00000000000",0,0,0,1,0,0,0,0,0,0,0,998,0,0,0,10,6,2,12,0,0,0,1,13,30096,0,0,0,0,0,0,999,999,98,0,0,0,0,0,0,0,0,0,39,0,0,0,1,2,35,1,2,2,1,20,3,11,15,16,2,1,68,"777777777777","777777777777","777777777777",1,0
13,130141,2,2,2,17,2,8,47,12,6,1,0,13,3,98,907,98907,52,2002,"1VHGH3C20267","1","V","H","G","H","3","C","2","0","2","6","7",0,0,57,"1031025","571031025",3,21,22,1,0,0,0,0,6,3,0,998,0,0,0,12,6,2,12,0,0,0,1,13,30039,6,1,6,1,3,0,72,190,98,0,0,0,2,8,2011,11,2015,0,0,0,0,0,1,2,35,3,2,2,1,0,0,14,67,1,1,1,69,"777777777777","777777777777","777777777777",0,0
13,130142,1,2,1,17,2,18,57,12,6,1,0,13,2,13,13,13013,4,2007,"3LNHM26T67R6","3","L","N","H","M","2","6","T","6","7","R","6",0,0,0,"000000000","00000000000",0,0,0,1,0,0,0,0,0,0,0,998,0,0,0,9,6,2,12,0,0,0,1,13,30241,6,1,0,0,3,3,70,185,98,1,0,0,0,6,2012,6,2012,0,38,0,0,0,1,2,55,1,1,2,1,20,3,11,15,99,9,1,68,"777777777777","777777777777","777777777777",1,1
13,130142,2,2,1,17,2,18,57,12,6,1,0,13,3,12,481,12481,31,2008,"3FRWF75D78V6","3","F","R","W","F","7","5","D","7","8","V","6",0,0,0,"000000000","00000000000",0,0,0,1,0,0,0,0,0,0,0,998,0,0,0,12,6,2,12,0,0,0,1,13,30241,6,1,0,0,3,0,71,190,98,0,0,0,1,9,2011,9,2011,0,0,0,0,0,1,2,55,1,1,2,1,0,0,1,67,99,9,1,69,"777777777777","777777777777","777777777777",0,0
13,130143,1,2,2,18,2,13,13,12,6,1,0,13,2,49,32,49032,4,2006,"1NXBR32E56Z6","1","N","X","B","R","3","2","E","5","6","Z","6",0,0,0,"000000000","00000000000",0,0,0,1,0,0,0,0,0,0,0,998,0,0,0,9,6,2,12,0,0,0,1,13,30525,6,1,0,0,3,0,71,195,98,0,0,2,1,7,2013,10,2015,0,38,39,0,0,1,2,55,1,1,2,1,20,3,11,15,1,9,1,68,"777777777777","777777777777","777777777777",1,0