"STATE","ST_CASE","VEH_NO","VE_FORMS","NUMOCCS","DAY","MONTH","HOUR","MINUTE","HARM_EV","MAN_COLL","UNITTYPE","HIT_RUN","REG_STAT","OWNER","MAKE","MODEL","MAK_MOD","BODY_TYP","MOD_YEAR","VIN","VIN_1","VIN_2","VIN_3","VIN_4","VIN_5","VIN_6","VIN_7","VIN_8","VIN_9","VIN_10","VIN_11","VIN_12","TOW_VEH","J_KNIFE","MCARR_I1","MCARR_I2","MCARR_ID","GVWR","V_CONFIG","CARGO_BT","HAZ_INV","HAZ_PLAC","HAZ_ID","HAZ_CNO","HAZ_REL","BUS_USE","SPEC_USE","EMER_USE","TRAV_SP","UNDERIDE","ROLLOVER","ROLINLOC","IMPACT1","DEFORMED","TOWED","M_HARM","VEH_SC1","VEH_SC2","FIRE_EXP","DR_PRES","L_STATE","DR_ZIP","L_STATUS","L_TYPE","CDL_STAT","L_ENDORS","L_COMPL","L_RESTRI","DR_HGT","DR_WGT","PREV_ACC","PREV_SUS","PREV_DWI","PREV_SPD","PREV_OTH","FIRST_MO","FIRST_YR","LAST_MO","LAST_YR","SPEEDREL","DR_SF1","DR_SF2","DR_SF3","DR_SF4","VTRAFWAY","VNUM_LAN","VSPD_LIM","VALIGN","VPROFILE","VPAVETYP","VSURCOND","VTRAFCON","VTCONT_F","P_CRASH1","P_CRASH2","P_CRASH3","PCRASH4","PCRASH5","ACC_TYPE","TRLR1VIN","TRLR2VIN","TRLR3VIN","DEATHS","DR_DRINK"
13,130143,2,2,1,18,2,13,13,12,6,1,0,13,3,12,881,12881,63,1994,"1FDYU82E4RVA","1","F","D","Y","U","8","2","E","4","R","V","A",0,0,57,"800752","57800752",3,2,4,1,0,0,0,0,0,0,0,998,0,0,0,12,4,3,12,0,0,0,1,13,30521,6,1,6,0,3,0,69,210,98,0,0,0,1,8,2011,8,2011,0,0,0,0,0,1,2,55,1,1,2,1,0,0,1,67,8,2,2,69,"777777777777","777777777777","777777777777",0,0
13,130144,1,1,2,18,2,23,25,42,0,1,0,13,1,2,404,2404,14,1995,"1J4FT68S0SL5","1","J","4","F","T","6","8","S","0","S","L","5",0,0,0,"000000000","00000000000",0,0,0,1,0,0,0,0,0,0,0,998,0,0,0,1,4,3,42,0,0,0,1,13,30747,6,1,0,0,3,3,66,270,98,0,0,0,0,0,0,0,0,0,0,0,0,0,5,5,55,1,1,2,1,0,0,1,13,1,1,4,1,"777777777777","777777777777","777777777777",2,0
13,130145,1,2,1,18,2,17,28,12,2,1,0,13,2,12,422,12422,15,2003,"1FMRU15W83LA","1","F","M","R","U","1","5","W","8","3","L","A",0,0,0,"000000000","00000000000",0,0,0,1,0,0,0,0,0,0,0,998,0,0,0,12,4,3,12,0,0,0,1,13,30534,6,1,0,0,3,3,63,155,98,0,0,0,2,9,2012,8,2014,0,28,0,0,0,1,2,35,4,2,2,1,0,0,14,10,1,1,2,50,"777777777777","777777777777","777777777777",0,0
13,130145,2,2,1,18,2,17,28,12,2,1,0,0,0,99,998,99998,97,9999,"000000000000","0","0","0","0","0","0","0","0","0","0","0","0",0,0,0,"000000000","00000000000",0,0,0,1,0,0,0,0,0,0,0,998,0,0,0,12,6,2,12,0,0,0,1,13,30557,6,1,0,0,1,0,75,160,98,0,0,0,0,0,0,0,0,0,0,0,0,0,1,2,35,4,2,2,1,0,0,14,62,16,2,1,51,"777777777777","777777777777","777777777777",1,0
13,130146,1,2,1,19,2,11,28,12,2,1,0,13,1,49,32,49032,4,2002,"1NXBR12E12Z5","1","N","X","B","R","1","2","E","1","2","Z","5",0,0,0,"000000000","00000000000",0,0,0,1,0,0,0,0,0,0,0,998,0,0,0,12,6,2,12,0,0,0,1,13,30263,6,1,6,0,3,0,71,185,98,0,0,1,0,4,2014,4,2014,0,28,0,0,0,1,2,55,1,1,2,1,0,0,1,10,7,9,2,50,"777777777777","777777777777","777777777777",1,0
13,130146,2,2,1,19,2,11,28,12,2,1,0,13,2,12,481,12481,31,1998,"1FTZX0763WKA","1","F","T","Z","X","0","7","6","3","W","K","A",0,0,0,"000000000","00000000000",0,0,0,1,0,0,0,0,0,0,0,998,0,0,0,12,6,2,12,0,0,0,1,13,30276,6,2,0,0,3,3,71,145,98,0,0,0,0,0,0,0,0,0,84,0,0,0,1,2,55,1,1,2,1,0,0,1,62,6,9,2,51,"777777777777","777777777777","777777777777",0,0
13,130147,1,2,2,19,2,18,42,12,2,1,0,13,1,2,404,2404,14,2004,"1J4GX48S34C4","1","J","4","G","X","4","8","S","3","4","C","4",0,0,0,"000000000","00000000000",0,0,0,1,0,0,0,0,0,0,0,998,0,0,0,12,6,2,12,0,0,0,1,13,31601,6,1,0,0,3,0,71,140,98,0,0,0,1,3,2013,3,2013,0,38,0,0,0,1,2,55,1,1,2,1,0,0,11,15,99,9,1,84,"777777777777","777777777777","777777777777",0,0
13,130147,2,2,1,19,2,18,42,12,2,1,0,13,1,37,706,37706,80,2003,"JH2RC44543M7","J","H","2","R","C","4","4","5","4","3","M","7",0,0,0,"000000000","00000000000",0,0,0,1,0,0,0,0,0,0,0,998,0,0,0,12,6,2,12,0,0,0,1,13,31705,6,1,0,0,3,0,63,147,98,2,0,2,0,9,2011,2,2014,0,0,0,0,0,1,2,55,1,1,2,1,0,0,1,62,99,9,1,84,"777777777777","777777777777","777777777777",1,0
13,130148,1,3,1,9,2,6,49,12,2,1,0,13,2,12,481,12481,31,1995,"1FTEX15N3SKC","1","F","T","E","X","1","5","N","3","S","K","C",0,0,0,"000000000","00000000000",0,0,0,1,0,0,0,0,0,0,0,998,0,0,0,12,6,2,12,0,0,0,1,13,31008,6,1,0,0,3,0,74,160,98,0,0,1,0,1,2015,1,2015,0,28,0,0,0,1,4,55,1,1,2,1,0,0,1,10,99,1,2,50,"777777777777","777777777777","777777777777",1,0
13,130148,2,3,1,9,2,6,49,12,2,1,0,92,0,49,472,49472,30,2003,"5TEGN92N53Z2","5","T","E","G","N","9","2","N","5","3","Z","2",0,0,0,"000000000","00000000000",0,0,0,1,0,0,0,0,0,0,0,998,0,0,0,12,6,2,12,0,0,0,1,13,31005,6,1,0,0,3,0,66,165,98,7,0,5,0,3,2013,9,2015,0,0,0,0,0,1,4,55,1,1,2,1,0,0,1,62,99,9,1,51,"777777777777","777777777777","777777777777",1,0
13,130148,3,3,1,9,2,6,49,12,2,1,0,13,1,12,422,12422,15,2001,"1FMRU15W11LA","1","F","M","R","U","1","5","W","1","1","L","A",0,0,0,"000000000","00000000000",0,0,0,1,0,0,0,0,0,0,0,998,0,0,0,99,4,3,12,0,0,0,1,13,31005,6,1,0,0,3,3,70,268,98,0,0,0,0,0,0,0,0,0,0,0,0,0,1,4,55,1,1,2,1,0,0,1,99,99,1,9,98,"777777777777","777777777777","777777777777",0,0
13,130149,1,2,1,19,2,20,24,12,6,1,0,13,1,37,703,37703,80,2007,"JH2MC13077K3","J","H","2","M","C","1","3","0","7","7","K","3",0,0,0,"000000000","00000000000",0,0,0,1,0,0,0,0,0,0,0,998,0,0,0,11,6,2,12,0,0,0,1,13,30601,6,1,0,0,3,2,70,150,98,0,0,0,1,7,2014,7,2014,0,35,74,0,0,1,2,55,2,3,2,1,0,0,6,10,99,1,2,66,"777777777777","777777777777","777777777777",1,0
13,130149,2,2,1,19,2,20,24,12,6,1,0,13,3,12,481,12481,31,2015,"1FTEW1CF1FFA","1","F","T","E","W","1","C","F","1","F","F","A",0,0,0,"000000000","00000000000",0,0,0,1,0,0,0,0,0,0,0,998,0,0,0,12,6,2,12,0,0,0,1,13,30606,6,1,0,0,3,3,73,175,98,0,0,0,0,0,0,0,0,0,0,0,0,0,1,2,55,3,3,2,1,0,0,14,62,99,1,1,66,"777777777777","777777777777","777777777777",0,0
13,130150,1,3,1,19,2,19,8,8,0,1,0,13,1,14,37,14037,4,1999,"1MEFM6533XK6","1","M","E","F","M","6","5","3","3","X","K","6",0,0,0,"000000000","00000000000",0,0,0,1,0,0,0,0,0,0,0,998,0,0,0,12,6,2,8,0,0,0,1,13,31794,6,1,0,0,3,0,62,280,98,0,0,0,0,0,0,0,0,0,0,0,0,0,5,4,45,1,1,2,1,28,3,1,80,99,1,1,13,"777777777777","777777777777","777777777777",0,0
13,130150,2,3,3,19,2,19,8,8,0,1,0,13,1,49,32,49032,4,2009,"JTDBL40EX9J0","J","T","D","B","L","4","0","E","X","9","J","0",0,0,0,"000000000","00000000000",0,0,0,1,0,0,0,0,0,0,0,998,0,0,0,14,4,5,18,0,0,0,1,13,31793,6,1,0,0,3,0,61,113,98,0,0,1,0,4,2014,4,2014,0,0,0,0,0,5,4,45,1,1,2,1,28,3,1,90,99,1,1,98,"777777777777","777777777777","777777777777",0,0
13,130150,3,3,1,19,2,19,8,8,0,1,0,13,1,20,471,20471,30,1999,"1GCCS14XXX81","1","G","C","C","S","1","4","X","X","X","8","1",0,0,0,"000000000","00000000000",0,0,0,1,0,0,0,0,0,0,0,998,0,0,0,14,4,5,18,0,0,0,1,13,31637,6,1,0,0,3,0,71,190,98,0,0,0,0,0,0,0,0,0,0,0,0,0,5,4,45,1,1,2,1,28,3,1,90,99,1,1,98,"777777777777","777777777777","777777777777",0,0
13,130151,1,1,1,20,2,13,34,34,0,1,0,13,1,53,706,53706,80,2006,"JS1GW71A3621","J","S","1","G","W","7","1","A","3","6","2","1",0,0,0,"000000000","00000000000",0,0,0,1,0,0,0,0,0,0,0,998,0,0,0,12,6,2,1,0,0,0,1,13,31601,6,1,6,0,3,0,68,210,98,0,0,0,0,0,0,0,0,0,0,0,0,0,1,2,55,2,1,2,1,0,0,14,12,99,1,4,6,"777777777777","777777777777","777777777777",1,0
13,130152,1,2,1,20,2,13,5,12,6,1,0,13,1,7,482,7482,31,1997,"1B7HF16Z2VS2","1","B","7","H","F","1","6","Z","2","V","S","2",0,0,0,"000000000","00000000000",0,0,0,1,0,0,0,0,0,0,0,998,0,1,5,9,6,2,12,32,0,0,1,13,31647,6,1,0,0,3,3,68,180,98,0,0,0,0,0,0,0,0,0,38,0,0,0,1,2,55,1,1,2,1,20,3,1,17,99,1,1,89,"777777777777","777777777777","777777777777",1,0
13,130152,2,2,1,20,2,13,5,12,6,1,0,13,1,20,2,20002,4,2007,"2G1WB58KX792","2","G","1","W","B","5","8","K","X","7","9","2",0,0,0,"000000000","00000000000",0,0,0,1,0,0,0,0,0,0,0,998,0,0,0,12,6,2,12,0,0,0,1,13,31620,6,1,0,0,3,0,66,125,98,0,0,0,0,0,0,0,0,0,0,0,0,0,1,2,55,1,1,2,1,0,0,1,66,16,2,1,88,"777777777777","777777777777","777777777777",0,0
13,130153,1,1,1,20,2,15,34,33,0,1,0,92,0,37,706,37706,80,2006,"1HFSC43046A6","1","H","F","S","C","4","3","0","4","6","A","6",0,0,0,"000000000","00000000000",0,0,0,1,0,0,0,0,0,0,0,998,0,0,0,98,4,3,33,0,0,0,1,1,36877,6,1,6,0,3,3,72,180,0,0,0,2,2,6,2012,3,2015,0,0,0,0,0,1,3,45,1,1,2,1,0,0,1,12,99,1,4,6,"777777777777","777777777777","777777777777",1,0
13,130154,1,1,1,20,2,3,5,8,0,1,1,99,9,99,999,99999,99,9999,"999999999999","9","9","9","9","9","9","9","9","9","9","9","9",0,0,99,"999999999","99999999999",9,99,99,1,0,0,0,0,99,99,9,999,0,0,0,99,9,5,8,0,0,0,1,99,99999,9,9,99,9,9,9,999,999,99,99,99,99,99,99,9999,99,9999,9,99,99,99,99,3,4,65,1,1,2,2,0,0,99,80,99,9,9,13,"777777777777","777777777777","777777777777",0,0
13,130155,1,4,1,20,2,4,42,12,1,1,0,13,2,49,40,49040,4,2003,"4T1BE32K23U6","4","T","1","B","E","3","2","K","2","3","U","6",0,0,0,"000000000","00000000000",0,0,0,1,0,0,0,0,0,0,0,998,0,0,0,12,6,2,12,0,0,0,1,13,30310,6,1,0,0,3,0,73,185,98,0,0,0,3,9,2011,8,2012,4,26,0,0,0,3,4,65,1,1,2,1,0,0,1,50,99,1,1,20,"777777777777","777777777777","777777777777",0,0
13,130155,2,4,1,20,2,4,42,12,1,1,0,13,2,20,2,20002,4,2005,"2G1WF52E8591","2","G","1","W","F","5","2","E","8","5","9","1",0,0,0,"000000000","00000000000",0,0,0,1,0,0,0,0,0,0,0,0,0,0,0,6,6,2,12,0,0,0,1,13,30168,6,1,0,0,3,0,65,179,98,0,0,0,0,0,0,0,0,0,0,0,0,0,3,4,65,1,1,2,1,0,0,5,53,1,1,1,21,"777777777777","777777777777","777777777777",1,0
13,130155,3,4,2,20,2,4,42,12,1,1,0,13,2,37,31,37031,4,2000,"1HGEJ6671YL0","1","H","G","E","J","6","6","7","1","Y","L","0",0,0,0,"000000000","00000000000",0,0,0,1,0,0,0,0,0,0,0,0,0,0,0,6,6,2,12,0,0,0,1,13,30274,6,1,0,0,3,0,70,200,98,2,0,3,5,4,2011,2,2016,0,0,0,0,0,3,4,65,1,1,2,1,0,0,5,53,1,1,1,98,"777777777777","777777777777","777777777777",0,0
13,130155,4,4,1,20,2,4,42,12,1,1,0,47,3,84,884,84884,66,2012,"1HSDHSJR4CJ6","1","H","S","D","H","S","J","R","4","C","J","6",1,1,57,"4774","574774",3,6,1,1,0,0,0,0,0,0,0,0,0,0,0,6,2,5,12,0,0,0,1,45,29609,6,1,6,0,3,3,71,230,0,0,0,0,0,0,0,0,0,0,0,0,0,0,3,4,65,1,1,2,1,0,0,5,53,1,1,1,98,"888888888888","777777777777","777777777777",0,0
13,130156,1,1,1,20,2,5,12,32,0,1,0,13,1,20,9,20009,2,2010,"2G1FK1EJ7A91","2","G","1","F","K","1","E","J","7","A","9","1",0,0,0,"000000000","00000000000",0,0,0,1,0,0,0,0,0,0,0,998,0,1,5,12,6,2,1,0,0,0,1,13,30116,6,1,0,0,3,0,70,160,98,0,0,0,0,0,0,0,0,0,0,0,0,0,1,2,55,3,4,2,1,0,0,14,13,99,1,4,1,"777777777777","777777777777","777777777777",1,0
13,130157,1,1,1,20,2,1,5,34,0,1,0,13,1,37,31,37031,4,2002,"1HGES26722L0","1","H","G","E","S","2","6","7","2","2","L","0",0,0,0,"000000000","00000000000",0,0,0,1,0,0,0,0,0,0,0,998,0,1,5,12,6,2,34,0,0,0,1,13,30292,6,1,0,0,3,1,62,140,98,0,0,1,1,12,2011,6,2014,0,0,0,0,0,1,2,35,3,6,2,1,0,0,14,12,99,1,4,6,"777777777777","777777777777","777777777777",1,1
13,130158,1,1,1,20,2,21,49,42,0,1,0,13,1,21,1,21001,2,1984,"1G3AR47A2EM3","1","G","3","A","R","4","7","A","2","E","M","3",0,0,0,"000000000","00000000000",0,0,0,1,0,0,0,0,0,0,0,998,0,1,5,3,6,2,1,0,0,0,1,13,31029,6,1,0,0,3,0,71,215,98,0,0,0,0,0,0,0,0,0,0,0,0,0,1,2,40,4,2,2,1,0,0,14,9,99,5,4,7,"777777777777","777777777777","777777777777",1,1
13,130159,1,1,2,21,2,4,33,34,0,1,0,13,1,37,32,37032,4,2000,"1HGCG2258YA0","1","H","G","C","G","2","2","5","8","Y","A","0",0,0,0,"000000000","00000000000",0,0,0,1,0,0,0,0,0,0,0,998,0,1,5,1,6,2,42,0,0,0,1,13,31024,6,1,0,0,3,0,73,165,98,0,0,0,0,0,0,0,0,0,0,0,0,0,1,2,55,3,6,2,1,0,0,14,9,99,1,4,1,"777777777777","777777777777","777777777777",1,1
13,130160,1,2,1,21,2,9,2,12,2,1,0,13,1,76,706,76706,80,2002,"JYAVP11E52A0","J","Y","A","V","P","1","1","E","5","2","A","0",0,0,0,"000000000","00000000000",0,0,0,1,0,0,0,0,0,0,0,998,0,0,0,12,4,3,12,0,0,0,1,13,30157,6,1,0,0,3,3,69,180,98,0,0,0,0,0,0,0,0,0,0,0,0,0,1,2,35,2,1,2,2,0,0,14,10,98,1,2,50,"777777777777","777777777777","777777777777",1,0
13,130160,2,2,1,21,2,9,2,12,2,1,0,13,1,49,403,49403,14,2003,"JTEHF21A3301","J","T","E","H","F","2","1","A","3","3","0","1",0,0,0,"000000000","00000000000",0,0,0,1,0,0,0,0,0,0,0,998,0,0,0,12,4,3,12,0,0,0,1,13,30008,6,1,0,0,3,0,69,190,98,0,0,0,0,0,0,0,0,0,0,0,0,0,1,2,35,3,1,2,2,0,0,14,62,98,1,1,51,"777777777777","777777777777","777777777777",0,0
13,130161,1,1,1,21,2,0,51,35,0,1,0,13,1,12,3,12003,2,2000,"1FAFP42X5YF2","1","F","A","F","P","4","2","X","5","Y","F","2",0,0,0,"000000000","00000000000",0,0,0,1,0,0,0,0,0,0,0,998,0,1,5,12,6,2,35,0,0,0,1,13,31329,6,1,6,0,3,0,73,235,98,0,0,0,0,0,0,0,0,0,0,0,0,0,1,2,55,3,1,2,1,28,3,14,13,99,1,4,1,"777777777777","777777777777","777777777777",1,0
13,130162,1,1,1,21,2,4,0,8,0,1,0,13,2,20,2,20002,4,2001,"2G1WH55KX191","2","G","1","W","H","5","5","K","X","1","9","1",0,0,0,"000000000","00000000000",0,0,0,1,0,0,0,0,0,0,0,998,0,0,0,12,4,3,8,0,0,0,1,13,30223,6,1,0,0,3,0,72,162,98,5,2,1,2,2,2011,5,2014,0,0,0,0,0,1,2,45,1,1,2,1,0,0,1,80,99,1,1,13,"777777777777","777777777777","777777777777",0,0
13,130163,1,2,1,22,2,5,15,12,6,1,0,13,1,12,401,12401,14,2001,"1FMEU6DE7AUA","1","F","M","E","U","6","D","E","7","A","U","A",0,0,0,"000000000","00000000000",0,0,0,1,0,0,0,0,0,0,0,998,0,1,5,12,6,2,12,32,0,0,1,13,30276,6,1,0,0,3,3,65,116,98,0,0,0,0,0,0,0,0,0,39,0,0,0,1,2,55,1,1,2,2,20,3,1,19,1,1,1,84,"777777777777","777777777777","777777777777",1,0
13,130163,2,2,1,22,2,5,15,12,6,1,0,93,3,85,883,85883,66,2003,"1XKUDB9X33JB","1","X","K","U","D","B","9","X","3","3","J","B",1,3,57,"2553176","572553176",3,6,1,1,0,0,0,0,0,0,0,998,0,0,0,4,6,2,12,0,0,0,1,13,30265,6,1,6,0,3,0,73,190,98,0,0,1,1,10,2011,10,2011,0,0,0,0,0,1,2,55,1,1,2,2,0,0,1,68,99,1,1,84,"5JNRS5324FH0","777777777777","777777777777",0,0
13,130164,1,2,1,22,2,13,50,12,6,1,0,13,1,63,34,63034,4,2014,"5XXGM4A73EG3","5","X","X","G","M","4","A","7","3","E","G","3",0,0,0,"000000000","00000000000",0,0,0,1,0,0,0,0,0,0,0,998,0,0,0,1,6,2,12,0,0,0,1,13,30213,6,1,0,0,3,3,65,185,98,0,0,0,0,0,0,0,0,0,38,0,0,0,2,4,55,1,1,2,1,3,3,11,15,99,1,1,68,"777777777777","777777777777","777777777777",1,0
13,130164,2,2,1,22,2,13,50,12,6,1,0,13,3,82,881,82881,66,2006,"1FUJA6CV56LW","1","F","U","J","A","6","C","V","5","6","L","W",1,1,57,"907316","57907316",3,6,1,1,0,0,0,0,0,0,0,998,0,0,0,12,6,2,12,0,0,0,1,13,30260,6,1,6,0,3,0,72,220,98,0,0,0,0,0,0,0,0,0,84,0,0,0,2,4,55,1,1,2,1,3,3,1,62,98,1,1,69,"888888888888","777777777777","777777777777",0,0
13,130165,1,2,2,22,2,9,46,12,6,1,0,13,1,13,421,13421,15,2002,"5LMPU28L0WLJ","5","L","M","P","U","2","8","L","0","W","L","J",0,0,0,"000000000","00000000000",0,0,0,1,0,0,0,0,0,0,0,998,0,0,0,9,6,2,12,0,0,0,1,13,30663,6,1,0,0,3,1,68,165,98,0,0,0,0,0,0,0,0,0,38,0,0,0,0,0,0,0,0,0,0,0,0,11,98,99,1,1,82,"777777777777","777777777777","777777777777",1,0
13,130165,2,2,1,22,2,9,46,12,6,1,0,13,1,14,401,14401,14,2002,"1FMZU63E32UA","1","F","M","Z","U","6","3","E","3","2","U","A",0,0,0,"000000000","00000000000",0,0,0,1,0,0,0,0,0,0,0,998,0,0,0,12,6,2,12,0,0,0,1,13,30055,6,2,0,0,3,0,65,190,98,0,0,0,0,0,0,0,0,0,0,0,0,0,1,2,55,1,5,2,2,0,0,1,72,99,1,1,83,"777777777777","777777777777","777777777777",0,0
13,130166,1,1,2,22,2,18,50,8,0,1,0,13,1,12,481,12481,31,1992,"1FTEX15N5NKA","1","F","T","E","X","1","5","N","5","N","K","A",0,0,0,"000000000","00000000000",0,0,0,1,0,0,0,0,0,0,0,35,0,0,0,12,2,5,8,0,0,0,1,13,30152,6,1,0,0,3,0,71,220,98,0,0,0,0,0,0,0,0,0,0,0,0,0,1,2,45,1,6,2,2,0,0,1,80,1,1,1,13,"777777777777","777777777777","777777777777",0,0
13,130167,1,2,1,22,2,11,46,12,6,1,0,94,3,12,461,12461,21,2009,"1FDEE35S49DA","1","F","D","E","E","3","5","S","4","9","D","A",0,0,0,"000000000","00000000000",0,0,0,1,0,0,0,0,0,0,0,998,0,0,0,12,6,2,12,0,0,0,1,13,31792,6,1,0,0,3,1,73,239,98,0,0,0,0,0,0,0,0,0,38,0,0,0,1,2,55,1,1,2,1,20,3,1,17,99,1,1,88,"777777777777","777777777777","777777777777",0,0
13,130167,2,2,5,22,2,11,46,12,6,1,0,1,1,20,431,20431,16,2000,"3GNEC16T9YG1","3","G","N","E","C","1","6","T","9","Y","G","1",0,0,0,"000000000","00000000000",0,0,0,1,0,0,0,0,0,0,0,998,0,9,5,9,6,2,42,0,0,0,1,1,36079,6,1,0,0,3,0,68,145,0,0,0,0,2,7,2011,7,2011,3,0,0,0,0,2,3,65,1,1,2,1,0,0,1,66,7,1,1,89,"777777777777","777777777777","777777777777",2,0
13,130168,1,1,1,23,2,4,7,21,0,1,0,13,2,49,482,49482,31,2010,"5TFEY5F10AX0","5","T","F","E","Y","5","F","1","0","A","X","0",0,0,0,"000000000","00000000000",0,0,0,1,0,0,0,0,0,0,0,998,0,0,0,12,6,2,21,0,0,1,1,13,30907,2,1,5,0,2,0,74,165,98,8,4,0,1,3,2012,2,2015,0,0,0,0,0,3,2,65,1,1,1,1,0,0,1,12,99,1,4,6,"777777777777","777777777777","777777777777",1,1
13,130169,1,1,2,23,2,15,45,42,0,1,0,13,1,49,40,49040,4,2011,"4T1BF3EK0BU6","4","T","1","B","F","3","E","K","0","B","U","6",0,0,0,"000000000","00000000000",0,0,0,1,0,0,0,0,0,0,0,998,0,0,0,12,6,2,42,0,0,0,1,13,30205,6,1,0,0,3,0,64,180,98,0,0,0,0,0,0,0,0,0,0,0,0,0,1,2,55,2,5,2,2,0,0,14,12,99,1,4,6,"777777777777","777777777777","777777777777",1,0
13,130170,1,1,2,23,2,18,50,8,0,1,0,31,3,82,881,82881,66,2012,"1FUJGLDR2CSB","1","F","U","J","G","L","D","R","2","C","S","B",0,0,57,"53467","5753467",3,5,96,1,0,0,0,0,0,0,0,998,0,0,0,12,2,3,8,0,0,0,1,1,35020,6,1,6,0,3,0,74,280,0,0,0,0,0,0,0,0,0,0,0,0,0,0,2,3,45,1,1,2,2,0,0,1,80,16,1,1,13,"777777777777","777777777777","777777777777",0,0
13,130171,1,1,2,23,2,20,45,8,0,1,0,13,1,37,32,37032,4,1996,"1HGCD5651TA1","1","H","G","C","D","5","6","5","1","T","A","1",0,0,0,"000000000","00000000000",0,0,0,1,0,0,0,0,0,0,0,998,0,0,0,12,4,5,8,0,0,0,1,13,30721,6,1,0,0,3,0,68,180,98,0,0,0,0,4,2013,4,2013,0,0,0,0,0,5,4,45,1,1,2,2,28,3,1,80,98,1,1,13,"777777777777","777777777777","777777777777",0,0
13,130172,1,1,1,24,2,0,14,18,0,1,0,13,1,67,35,67035,2,2015,"JF1ZNAA17F87","J","F","1","Z","N","A","A","1","7","F","8","7",0,0,0,"000000000","00000000000",0,0,0,1,0,0,0,0,0,0,0,998,0,0,0,12,6,2,18,0,0,0,1,13,30555,6,1,0,0,3,3,70,200,98,1,0,1,0,5,2011,5,2011,4,0,0,0,0,1,2,45,1,2,2,1,0,0,1,13,99,3,4,2,"777777777777","777777777777","777777777777",1,1
13,130173,1,2,1,24,2,8,26,12,2,1,0,13,1,22,32,22032,6,2009,"5Y2SR67019Z4","5","Y","2","S","R","6","7","0","1","9","Z","4",0,0,0,"000000000","00000000000",0,0,0,1,0,0,0,0,0,0,0,998,0,0,0,12,6,2,12,0,0,1,1,13,39817,6,1,0,0,3,3,67,360,98,0,0,1,2,7,2012,9,2015,0,28,0,0,0,2,2,65,1,1,2,2,0,0,1,12,99,1,2,50,"777777777777","777777777777","777777777777",1,0
13,130173,2,2,2,24,2,8,26,12,2,1,0,13,1,23,481,23481,31,1998,"1GTEC19R0WR5","1","G","T","E","C","1","9","R","0","W","R","5",0,0,0,"000000000","00000000000",0,0,0,1,0,0,0,0,0,0,0,998,0,0,0,12,6,2,12,0,0,1,1,13,39819,6,1,0,0,3,3,74,250,98,3,0,2,0,4,2012,10,2014,0,0,0,0,0,2,2,65,1,1,2,2,0,0,1,62,99,1,1,51,"777777777777","777777777777","777777777777",0,1
13,130174,1,3,1,24,2,20,28,12,2,1,0,47,1,7,19,7019,4,1993,"1B3XA46K0PF6","1","B","3","X","A","4","6","K","0","P","F","6",0,0,0,"000000000","00000000000",0,0,0,1,0,0,0,0,0,0,0,998,0,0,0,12,6,2,12,0,0,1,1,47,37381,6,1,0,0,3,0,63,152,0,0,0,0,0,0,0,0,0,0,0,0,0,0,1,2,55,1,2,2,1,0,0,1,10,99,1,2,50,"777777777777","777777777777","777777777777",1,1
13,130174,2,3,5,24,2,20,28,12,2,1,0,13,2,12,481,12481,31,1995,"1FTEX15N5SKC","1","F","T","E","X","1","5","N","5","S","K","C",0,0,0,"000000000","00000000000",0,0,0,1,0,0,0,0,0,0,0,998,0,0,0,12,6,2,12,0,0,0,1,13,30297,0,0,0,0,0,0,999,999,98,0,0,0,0,0,0,0,0,0,0,0,0,0,1,2,55,1,2,2,1,0,0,1,62,99,1,1,51,"777777777777","777777777777","777777777777",1,0
13,130174,3,3,1,24,2,20,28,12,2,1,0,13,2,35,39,35039,4,2003,"JN1DA31D63T5","J","N","1","D","A","3","1","D","6","3","T","5",0,0,0,"000000000","00000000000",0,0,0,1,0,0,0,0,0,0,0,998,0,0,0,12,6,2,12,0,0,0,1,13,30252,6,1,0,0,3,0,67,135,98,0,0,0,0,0,0,0,0,0,0,0,0,0,1,2,55,1,2,2,1,0,0,1,51,1,1,1,98,"777777777777","777777777777","777777777777",0,0
13,130175,1,1,1,24,2,22,5,34,0,1,0,13,1,7,472,7472,31,2001,"1B7GL2AX01S1","1","B","7","G","L","2","A","X","0","1","S","1",0,0,0,"000000000","00000000000",0,0,0,1,0,0,0,0,0,0,0,998,0,0,0,12,4,3,34,0,0,0,1,13,31533,6,1,0,0,3,3,67,140,98,0,0,0,0,0,0,0,0,0,39,0,0,0,1,2,55,1,1,2,1,20,3,1,14,16,1,4,14,"777777777777","777777777777","777777777777",1,0
13,130176,1,1,1,24,2,15,9,43,0,1,0,13,1,34,34,34034,4,2011,"WBAPH7C52BE6","W","B","A","P","H","7","C","5","2","B","E","6",0,0,0,"000000000","00000000000",0,0,0,1,0,0,0,0,0,0,0,998,0,0,0,12,6,2,30,0,0,0,1,13,31533,0,0,0,0,0,0,71,200,98,0,0,0,0,0,0,0,0,0,0,0,0,0,1,2,35,1,1,2,1,28,3,1,13,99,1,4,1,"777777777777","777777777777","777777777777",1,0