"STATE","ST_CASE","VEH_NO","VE_FORMS","NUMOCCS","DAY","MONTH","HOUR","MINUTE","HARM_EV","MAN_COLL","UNITTYPE","HIT_RUN","REG_STAT","OWNER","MAKE","MODEL","MAK_MOD","BODY_TYP","MOD_YEAR","VIN","VIN_1","VIN_2","VIN_3","VIN_4","VIN_5","VIN_6","VIN_7","VIN_8","VIN_9","VIN_10","VIN_11","VIN_12","TOW_VEH","J_KNIFE","MCARR_I1","MCARR_I2","MCARR_ID","GVWR","V_CONFIG","CARGO_BT","HAZ_INV","HAZ_PLAC","HAZ_ID","HAZ_CNO","HAZ_REL","BUS_USE","SPEC_USE","EMER_USE","TRAV_SP","UNDERIDE","ROLLOVER","ROLINLOC","IMPACT1","DEFORMED","TOWED","M_HARM","VEH_SC1","VEH_SC2","FIRE_EXP","DR_PRES","L_STATE","DR_ZIP","L_STATUS","L_TYPE","CDL_STAT","L_ENDORS","L_COMPL","L_RESTRI","DR_HGT","DR_WGT","PREV_ACC","PREV_SUS","PREV_DWI","PREV_SPD","PREV_OTH","FIRST_MO","FIRST_YR","LAST_MO","LAST_YR","SPEEDREL","DR_SF1","DR_SF2","DR_SF3","DR_SF4","VTRAFWAY","VNUM_LAN","VSPD_LIM","VALIGN","VPROFILE","VPAVETYP","VSURCOND","VTRAFCON","VTCONT_F","P_CRASH1","P_CRASH2","P_CRASH3","PCRASH4","PCRASH5","ACC_TYPE","TRLR1VIN","TRLR2VIN","TRLR3VIN","DEATHS","DR_DRINK"
13,130177,1,2,3,25,2,22,10,12,2,1,0,45,2,24,1,24001,4,2002,"1G8ZF52802Z1","1","G","8","Z","F","5","2","8","0","2","Z","1",0,0,0,"000000000","00000000000",0,0,0,1,0,0,0,0,0,0,0,998,0,0,0,12,6,2,12,0,0,0,1,13,30032,6,1,0,0,3,0,73,195,98,0,0,0,0,0,0,0,0,0,51,36,0,0,3,6,65,3,1,2,1,0,0,14,54,99,1,1,52,"777777777777","777777777777","777777777777",2,1
13,130177,2,2,1,25,2,22,10,12,2,1,0,13,1,58,37,58037,4,2012,"JN1CV6ARXCM6","J","N","1","C","V","6","A","R","X","C","M","6",0,0,0,"000000000","00000000000",0,0,0,1,0,0,0,0,0,0,0,998,0,0,0,12,6,2,12,0,0,0,1,13,30005,6,1,0,0,3,0,62,115,98,2,0,1,0,4,2012,8,2012,0,0,0,0,0,1,2,65,2,1,2,1,0,0,14,54,99,1,1,52,"777777777777","777777777777","777777777777",0,0
13,130178,1,3,1,25,2,16,3,12,8,1,0,13,2,20,481,20481,31,1985,"1GCEK14H1FF4","1","G","C","E","K","1","4","H","1","F","F","4",0,0,0,"000000000","00000000000",0,0,0,1,0,0,0,0,0,0,0,998,0,0,0,11,6,2,12,0,0,0,1,13,31093,1,1,0,0,2,0,69,140,98,0,0,0,0,0,0,0,0,0,51,80,0,0,1,2,55,1,1,2,1,0,0,1,1,99,1,2,66,"777777777777","777777777777","777777777777",1,0
13,130178,2,3,1,25,2,16,3,12,8,1,0,47,3,84,884,84884,66,2015,"3HSDJAPRXFN6","3","H","S","D","J","A","P","R","X","F","N","6",1,1,57,"272134","57272134",3,6,1,1,0,0,0,0,0,0,0,998,0,0,0,11,6,2,12,0,0,0,1,47,38474,6,1,6,0,3,3,71,185,1,0,0,0,0,11,2012,11,2012,0,0,0,0,0,1,2,55,1,1,2,1,0,0,1,62,99,1,1,66,"888888888888","777777777777","777777777777",0,0
13,130178,3,3,1,25,2,16,3,12,8,1,0,13,1,23,421,23421,15,2006,"2GTEK13N5611","2","G","T","E","K","1","3","N","5","6","1","1",0,0,0,"000000000","00000000000",0,0,0,1,0,0,0,0,0,0,0,998,0,0,0,12,2,3,12,0,0,0,1,13,31031,6,1,0,0,3,0,72,145,98,0,0,0,0,0,0,0,0,0,0,0,0,0,1,2,55,1,1,2,1,0,0,1,62,99,1,1,98,"777777777777","777777777777","777777777777",0,0
13,130179,1,2,1,25,2,4,47,12,6,1,0,13,1,12,481,12481,31,2006,"1FTRX12W76NA","1","F","T","R","X","1","2","W","7","6","N","A",0,0,0,"000000000","00000000000",0,0,0,1,0,0,0,0,0,0,0,998,0,1,1,10,6,2,12,0,0,0,1,13,30016,6,1,0,0,3,1,72,195,98,0,0,0,0,0,0,0,0,0,38,0,0,0,1,2,55,1,1,2,1,20,3,11,15,99,1,1,82,"777777777777","777777777777","777777777777",1,0
13,130179,2,2,1,25,2,4,47,12,6,1,0,13,1,34,34,34034,2,1994,"WBABF4328REK","W","B","A","B","F","4","3","2","8","R","E","K",0,0,0,"000000000","00000000000",0,0,0,1,0,0,0,0,0,0,0,998,0,1,1,12,6,2,12,0,0,0,1,13,30252,1,2,0,0,2,0,68,140,98,0,0,2,2,1,2015,2,2016,0,0,0,0,0,5,4,45,3,1,2,1,28,3,14,67,1,1,1,83,"777777777777","777777777777","777777777777",0,0
13,130180,1,3,2,25,2,11,31,12,7,1,0,12,1,48,401,48401,14,2015,"JF2SJAAC1FG5","J","F","2","S","J","A","A","C","1","F","G","5",0,0,0,"000000000","00000000000",0,0,0,1,0,0,0,0,0,0,0,998,0,0,0,10,6,2,12,0,0,0,1,12,32301,6,1,0,0,3,0,73,999,0,0,0,0,0,0,0,0,0,0,35,0,0,0,2,3,70,1,1,2,1,28,3,15,10,99,1,2,47,"777777777777","777777777777","777777777777",2,0
13,130180,2,3,2,25,2,11,31,12,7,1,0,12,1,98,850,98850,73,2003,"4UZAAHAK23CL","4","U","Z","A","A","H","A","K","2","3","C","L",0,0,0,"000000000","00000000000",0,0,0,1,0,0,0,0,0,0,0,998,0,0,0,1,4,5,12,0,0,0,1,12,32526,6,1,0,0,3,0,999,999,0,0,0,0,0,0,0,0,0,0,0,0,0,0,2,3,70,1,1,2,1,28,3,1,61,99,1,1,45,"777777777777","777777777777","777777777777",0,0
13,130180,3,3,1,25,2,11,31,12,7,1,0,37,1,23,401,23401,14,2003,"1GKES16S3361","1","G","K","E","S","1","6","S","3","3","6","1",0,0,0,"000000000","00000000000",0,0,0,1,0,0,0,0,0,0,0,998,0,0,0,12,6,2,12,0,0,0,1,37,28215,0,0,0,0,0,0,999,999,99,99,99,99,99,99,9999,99,9999,0,0,0,0,0,2,2,70,1,1,2,1,28,3,1,62,99,1,1,98,"777777777777","777777777777","777777777777",0,0
13,130181,1,1,1,26,2,20,16,17,0,1,0,13,1,12,481,12481,31,2000,"1FTRX18W9YNA","1","F","T","R","X","1","8","W","9","Y","N","A",0,0,0,"000000000","00000000000",0,0,0,1,0,0,0,0,0,0,0,998,0,0,0,10,6,2,17,0,0,0,1,13,30185,6,2,0,0,3,0,72,170,98,0,0,0,1,5,2015,5,2015,0,0,0,0,0,1,2,35,1,6,2,1,0,0,1,13,99,2,4,1,"777777777777","777777777777","777777777777",1,0
13,130182,1,1,1,26,2,18,50,8,0,1,1,13,1,35,51,35051,6,2010,"JN8AS5MT0AW0","J","N","8","A","S","5","M","T","0","A","W","0",0,0,0,"000000000","00000000000",0,0,0,1,0,0,0,0,0,0,0,998,0,0,0,12,4,5,8,0,0,0,1,13,30094,6,1,0,0,3,3,70,210,98,0,0,1,1,9,2012,7,2015,9,91,0,0,0,2,3,45,1,3,2,1,0,0,1,80,99,1,1,13,"777777777777","777777777777","777777777777",0,0
13,130183,1,1,1,26,2,19,11,8,0,1,0,13,1,37,32,37032,4,1984,"JHMAD7433EC0","J","H","M","A","D","7","4","3","3","E","C","0",0,0,0,"000000000","00000000000",0,0,0,1,0,0,0,0,0,0,0,998,0,0,0,12,2,5,8,0,0,0,1,13,31701,6,1,0,0,3,0,67,160,98,0,0,0,0,0,0,0,0,0,0,0,0,0,1,2,30,1,1,2,1,0,0,1,80,99,1,1,13,"777777777777","777777777777","777777777777",0,0
13,130184,1,2,1,26,2,15,48,12,6,1,0,13,1,63,33,63033,4,2008,"KNAFE1213855","K","N","A","F","E","1","2","1","3","8","5","5",0,0,0,"000000000","00000000000",0,0,0,1,0,0,0,0,0,0,0,998,0,0,0,3,6,2,12,32,0,0,1,13,30175,6,1,0,0,3,3,63,204,98,0,0,0,0,0,0,0,0,0,38,0,0,0,1,3,65,3,5,2,1,0,0,11,15,99,1,1,68,"777777777777","777777777777","777777777777",1,0
13,130184,2,2,1,26,2,15,48,12,6,1,0,13,1,2,404,2404,14,1989,"1J4FJ58L7KL5","1","J","4","F","J","5","8","L","7","K","L","5",0,0,0,"000000000","00000000000",0,0,0,1,0,0,0,0,0,0,0,998,0,0,0,12,6,2,12,0,0,0,1,13,30540,6,1,6,0,3,3,74,165,98,2,1,0,2,8,2013,8,2015,0,0,0,0,0,1,3,65,2,6,2,1,0,0,14,62,99,1,1,69,"777777777777","777777777777","777777777777",0,0
13,130185,1,1,1,27,2,1,58,33,0,1,0,13,1,12,3,12003,2,2005,"1ZVFT80N9551","1","Z","V","F","T","8","0","N","9","5","5","1",0,0,0,"000000000","00000000000",0,0,0,1,0,0,0,0,0,0,0,998,0,1,5,98,6,2,1,0,0,0,1,13,31419,6,1,0,0,3,0,60,135,98,2,1,0,1,10,2014,2,2015,3,0,0,0,0,3,2,55,1,1,2,1,0,0,1,13,99,1,4,1,"777777777777","777777777777","777777777777",1,1
13,130186,1,1,2,27,2,1,59,34,0,1,0,13,1,20,37,20037,4,2004,"1G1ND52FX4M6","1","G","1","N","D","5","2","F","X","4","M","6",0,0,0,"000000000","00000000000",0,0,0,1,0,0,0,0,0,0,0,998,0,1,5,3,6,2,1,0,0,0,1,13,31768,6,1,0,0,3,0,66,160,98,0,0,0,0,0,0,0,0,4,0,0,0,0,1,2,55,2,1,2,1,0,0,14,6,99,4,4,2,"777777777777","777777777777","777777777777",1,1
13,130187,1,1,1,27,2,12,0,32,0,1,0,13,1,12,481,12481,31,1995,"2FTEF14N6SCA","2","F","T","E","F","1","4","N","6","S","C","A",0,0,0,"000000000","00000000000",0,0,0,1,0,0,0,0,0,0,0,998,0,0,0,12,6,2,42,0,0,0,1,13,30752,6,1,0,0,3,0,76,220,98,0,0,0,0,0,0,0,0,0,0,0,0,0,1,2,45,3,5,2,1,0,0,14,8,1,1,4,1,"777777777777","777777777777","777777777777",1,0
13,130188,1,1,5,27,2,17,25,42,0,1,0,13,1,12,401,12401,14,1999,"1FMZU32E2XUB","1","F","M","Z","U","3","2","E","2","X","U","B",0,0,0,"000000000","00000000000",0,0,0,1,0,0,0,0,0,0,0,998,0,0,0,12,6,2,42,0,0,0,1,13,30425,6,2,0,0,3,0,62,105,98,0,0,0,0,0,0,0,0,0,0,0,0,0,1,2,35,1,1,2,1,0,0,1,6,99,4,4,2,"777777777777","777777777777","777777777777",1,0
13,130189,1,1,1,27,2,11,35,42,0,1,0,13,1,55,33,55033,4,2002,"KMHWF25H92A6","K","M","H","W","F","2","5","H","9","2","A","6",0,0,0,"000000000","00000000000",0,0,0,1,0,0,0,0,0,0,0,998,0,1,5,12,6,2,42,0,0,0,1,13,30533,6,1,0,0,3,3,61,95,98,0,0,0,1,9,2014,9,2014,0,35,51,0,0,1,2,55,3,6,2,1,28,3,6,8,7,1,4,1,"777777777777","777777777777","777777777777",1,0
13,130190,1,1,2,28,2,3,10,8,0,1,0,13,1,20,9,20009,2,1989,"1G1FP21E2KL1","1","G","1","F","P","2","1","E","2","K","L","1",0,0,0,"000000000","00000000000",0,0,0,1,0,0,0,0,0,0,0,998,0,0,0,12,2,5,8,0,0,0,1,13,31406,6,1,0,0,3,0,69,189,98,0,0,0,0,0,0,0,0,0,0,0,0,0,1,3,45,1,1,2,1,0,0,1,80,98,1,1,13,"777777777777","777777777777","777777777777",0,0
13,130191,1,3,1,28,2,13,0,12,6,1,0,27,2,49,442,49442,20,2010,"5TDKK4CC7AS2","5","T","D","K","K","4","C","C","7","A","S","2",0,0,0,"000000000","00000000000",0,0,0,1,0,0,0,0,0,0,0,998,0,0,0,1,6,2,12,0,0,0,1,27,55445,6,1,0,0,3,0,65,130,0,0,0,0,0,0,0,0,0,0,38,0,0,0,1,2,55,1,1,2,1,20,3,1,17,99,1,1,87,"777777777777","777777777777","777777777777",0,0
13,130191,2,3,3,28,2,13,0,12,6,1,0,13,1,21,401,21401,14,2002,"1GHDT13SX221","1","G","H","D","T","1","3","S","X","2","2","1",0,0,0,"000000000","00000000000",0,0,0,1,0,0,0,0,0,0,0,998,0,0,0,12,6,2,12,0,0,0,1,13,30643,6,1,0,0,3,0,69,193,98,0,0,0,0,0,0,0,0,0,0,0,0,0,1,3,55,1,1,2,1,28,3,1,66,99,1,1,86,"777777777777","777777777777","777777777777",0,0
13,130191,3,3,4,28,2,13,0,12,6,1,0,13,1,20,34,20034,4,1996,"2C1MR5295T67","2","C","1","M","R","5","2","9","5","T","6","7",0,0,0,"000000000","00000000000",0,0,0,1,0,0,0,0,0,0,0,0,0,0,0,9,6,2,12,0,0,0,1,13,30643,6,1,0,0,3,0,66,230,98,0,0,0,0,0,0,0,0,0,0,0,0,0,1,2,55,1,1,2,1,20,3,5,62,99,1,1,98,"777777777777","777777777777","777777777777",1,0
13,130192,1,2,1,28,2,2,26,12,2,1,0,13,1,2,404,2404,14,2004,"1J8GX68J64C3","1","J","8","G","X","6","8","J","6","4","C","3",0,0,0,"000000000","00000000000",0,0,0,1,0,0,0,0,0,0,0,998,0,0,0,12,6,2,12,0,0,0,1,13,30214,6,1,6,0,3,3,70,190,98,0,0,0,0,0,0,0,0,0,51,0,0,0,2,4,55,1,2,2,1,0,0,1,54,99,1,1,52,"777777777777","777777777777","777777777777",0,0
13,130192,2,2,1,28,2,2,26,12,2,1,0,13,2,35,43,35043,4,2012,"3N1AB6AP8CL7","3","N","1","A","B","6","A","P","8","C","L","7",0,0,0,"000000000","00000000000",0,0,0,1,0,0,0,0,0,0,0,998,0,0,0,12,6,2,12,0,0,0,1,13,30269,6,1,0,0,3,3,63,115,98,0,0,1,0,1,2012,1,2012,0,0,0,0,0,2,4,55,1,2,2,1,0,0,1,54,99,1,1,52,"777777777777","777777777777","777777777777",1,0
13,130193,1,2,1,28,2,3,50,8,0,1,0,13,1,37,32,37032,4,2005,"3HGCM56455G7","3","H","G","C","M","5","6","4","5","5","G","7",0,0,0,"000000000","00000000000",0,0,0,1,0,0,0,0,0,0,0,998,0,0,0,12,6,2,8,0,0,0,1,13,30337,6,1,0,0,3,0,61,160,98,0,0,1,0,12,2015,12,2015,0,0,0,0,0,3,4,55,1,2,2,1,0,0,1,80,99,1,1,13,"777777777777","777777777777","777777777777",0,0
13,130193,2,2,2,28,2,3,50,8,0,1,0,13,1,58,41,58041,4,2014,"JN1BV7AP1EM6","J","N","1","B","V","7","A","P","1","E","M","6",0,0,0,"000000000","00000000000",0,0,0,1,0,0,0,0,0,0,0,998,0,0,0,12,2,5,18,0,0,0,1,13,31139,6,1,0,0,3,0,68,165,98,2,0,2,2,4,2011,6,2013,0,0,0,0,0,3,4,55,1,2,2,1,0,0,1,90,99,1,1,98,"777777777777","777777777777","777777777777",0,0
13,130194,1,2,1,28,2,19,50,12,6,1,0,13,2,12,13,12013,3,1993,"1FAPP11J1PW1","1","F","A","P","P","1","1","J","1","P","W","1",0,0,0,"000000000","00000000000",0,0,0,1,0,0,0,0,0,0,0,998,0,0,0,1,6,2,12,0,0,0,1,13,30281,6,1,0,0,3,0,69,150,98,0,0,0,2,9,2011,3,2012,4,58,0,0,0,1,2,45,3,1,2,1,0,0,14,6,99,1,2,66,"777777777777","777777777777","777777777777",1,1
13,130194,2,2,2,28,2,19,50,12,6,1,0,13,1,72,706,72706,80,2013,"1HD1KGM15DB6","1","H","D","1","K","G","M","1","5","D","B","6",0,0,0,"000000000","00000000000",0,0,0,1,0,0,0,0,0,0,0,998,0,0,0,12,6,2,12,0,0,0,1,13,30236,6,1,0,0,3,1,71,290,98,0,0,0,0,0,0,0,0,0,0,0,0,0,1,2,45,1,1,2,1,0,0,1,62,99,1,1,66,"777777777777","777777777777","777777777777",1,0
13,130195,1,1,1,28,2,6,50,42,0,1,0,13,1,41,35,41035,4,2003,"JM1BJ2253301","J","M","1","B","J","2","2","5","3","3","0","1",0,0,0,"000000000","00000000000",0,0,0,1,0,0,0,0,0,0,0,998,0,1,5,9,6,2,42,0,0,0,1,13,30824,6,1,0,0,3,0,65,196,98,0,0,0,0,0,0,0,0,0,0,0,0,0,1,2,55,1,1,2,1,0,0,1,13,99,3,4,2,"777777777777","777777777777","777777777777",1,0
13,130196,1,1,2,29,2,19,14,8,0,1,0,13,1,13,421,13421,15,2003,"5LMFU27RX3LJ","5","L","M","F","U","2","7","R","X","3","L","J",0,0,0,"000000000","00000000000",0,0,0,1,0,0,0,0,0,0,0,998,0,0,0,12,4,3,8,0,0,0,1,13,30543,6,1,0,0,3,0,68,178,98,6,0,5,1,8,2012,6,2015,0,86,0,0,0,1,2,50,1,1,2,1,28,3,1,80,7,1,1,13,"777777777777","777777777777","777777777777",0,0
13,130197,1,1,1,29,2,12,5,42,0,1,0,1,1,20,404,20404,14,2006,"2CNDL63F1661","2","C","N","D","L","6","3","F","1","6","6","1",0,0,0,"000000000","00000000000",0,0,0,1,0,0,0,0,0,0,0,73,0,0,0,12,6,2,42,0,0,0,1,1,36863,6,1,0,0,3,0,73,225,0,0,0,0,0,0,0,0,0,0,0,0,0,0,1,2,55,1,6,2,1,0,0,1,12,1,1,4,6,"777777777777","777777777777","777777777777",1,0
13,130198,1,1,1,29,2,0,45,8,0,1,1,99,9,99,999,99999,99,9999,"999999999999","9","9","9","9","9","9","9","9","9","9","9","9",1,1,99,"999999999","99999999999",9,99,99,1,0,0,0,0,0,0,0,999,0,0,0,5,9,5,8,0,0,0,1,99,99999,9,9,99,9,9,9,999,999,99,99,99,99,99,99,9999,99,9999,9,99,99,99,99,3,3,70,1,1,2,1,0,0,1,80,99,1,4,13,"999999999999","777777777777","777777777777",0,0
13,130199,1,2,2,12,1,15,40,12,6,1,0,13,1,12,17,12017,4,1996,"1FALP52U5TA2","1","F","A","L","P","5","2","U","5","T","A","2",0,0,0,"000000000","00000000000",0,0,0,1,0,0,0,0,0,0,0,998,0,0,0,11,6,2,12,0,0,0,1,13,31825,6,1,0,0,3,0,66,128,98,0,0,0,0,0,0,0,0,0,39,0,0,0,1,3,55,1,1,2,1,20,3,11,19,99,1,1,82,"777777777777","777777777777","777777777777",1,0
13,130199,2,2,1,12,1,15,40,12,6,1,0,13,3,84,884,84884,66,2009,"3HSCHSBR49N1","3","H","S","C","H","S","B","R","4","9","N","1",1,1,57,"669167","57669167",3,6,1,1,0,0,0,0,0,0,0,998,0,0,0,12,2,5,12,0,0,0,1,13,31805,6,1,6,9,3,0,73,210,98,0,0,0,0,0,0,0,0,0,0,0,0,0,2,3,55,1,1,2,1,0,0,1,67,6,1,1,83,"888888888888","777777777777","777777777777",0,0
13,130200,1,1,1,30,1,19,48,1,0,1,0,92,0,99,998,99998,97,9999,"000000000000","0","0","0","0","0","0","0","0","0","0","0","0",0,0,0,"000000000","00000000000",0,0,0,1,0,0,0,0,0,0,0,998,0,9,5,0,9,9,1,0,0,0,1,13,30259,1,1,0,0,1,0,66,150,98,0,0,0,0,0,0,0,0,0,0,0,0,0,1,2,20,3,1,2,1,0,0,99,13,99,1,4,1,"777777777777","777777777777","777777777777",1,0
13,130201,1,1,1,22,1,14,51,30,0,1,0,13,1,12,17,12017,4,2000,"1FAFP55S8YG1","1","F","A","F","P","5","5","S","8","Y","G","1",0,0,0,"000000000","00000000000",0,0,0,1,0,0,0,0,0,0,0,998,0,1,5,3,6,2,30,0,0,0,1,13,30047,6,1,0,0,3,0,71,150,98,0,0,0,0,0,0,0,0,0,0,0,0,0,1,2,45,1,2,2,2,0,0,1,9,99,4,4,7,"777777777777","777777777777","777777777777",1,0
13,130202,1,1,2,3,2,1,36,30,0,1,0,92,0,13,12,13012,4,2000,"1LNHM86S7YY8","1","L","N","H","M","8","6","S","7","Y","Y","8",0,0,0,"000000000","00000000000",0,0,0,1,0,0,0,0,0,0,0,998,0,0,0,2,6,2,30,0,0,0,1,13,31211,0,0,0,0,0,0,66,204,98,1,0,0,0,11,2014,11,2014,3,37,0,0,0,5,5,45,2,1,2,2,0,0,14,6,99,4,4,2,"777777777777","777777777777","777777777777",1,1
13,130203,1,2,1,6,2,15,56,12,6,1,0,13,1,20,481,20481,31,1994,"1GNEK18KXRJ3","1","G","N","E","K","1","8","K","X","R","J","3",0,0,0,"000000000","00000000000",0,0,0,1,0,0,0,0,0,0,0,998,0,0,0,1,6,2,12,0,0,0,1,13,30153,6,1,0,0,3,0,73,185,98,0,0,0,1,12,2015,12,2015,0,38,47,0,0,1,4,55,1,1,2,1,3,3,11,15,99,1,2,68,"777777777777","777777777777","777777777777",0,1
13,130203,2,2,1,6,2,15,56,12,6,1,0,13,1,37,706,37706,80,1997,"1HFSC3433VA0","1","H","F","S","C","3","4","3","3","V","A","0",0,0,0,"000000000","00000000000",0,0,0,1,0,0,0,0,0,0,0,998,0,0,0,12,6,2,12,0,0,0,1,13,30153,6,1,0,0,3,3,68,200,98,0,0,0,0,0,0,0,0,0,0,0,0,0,1,4,55,1,1,2,1,3,3,1,62,99,1,1,69,"777777777777","777777777777","777777777777",1,0
13,130204,1,1,1,13,2,2,0,53,0,1,0,13,2,35,473,35473,31,2004,"1N6AA06B14N5","1","N","6","A","A","0","6","B","1","4","N","5",0,0,0,"000000000","00000000000",0,0,0,1,0,0,0,0,0,0,0,998,0,1,5,7,6,2,1,0,0,0,1,13,31024,0,0,0,0,0,0,999,999,98,0,0,0,0,0,0,0,0,0,0,0,0,0,1,2,55,3,2,2,1,0,0,14,6,99,3,4,2,"777777777777","777777777777","777777777777",1,1
13,130205,1,2,1,1,3,8,6,12,6,1,0,13,2,35,49,35049,6,2004,"JN8AZ08T34W2","J","N","8","A","Z","0","8","T","3","4","W","2",0,0,0,"000000000","00000000000",0,0,0,1,0,0,0,0,0,0,0,998,0,0,0,10,6,2,12,0,0,0,1,13,31302,6,1,0,0,3,3,63,135,98,0,0,0,0,0,0,0,0,0,39,0,0,0,1,2,55,1,1,2,1,20,3,1,17,1,1,1,89,"777777777777","777777777777","777777777777",1,0
13,130205,2,2,1,1,3,8,6,12,6,1,0,13,1,84,881,84881,66,1989,"2HSFBJUR7KC0","2","H","S","F","B","J","U","R","7","K","C","0",1,1,57,"1045459","571045459",3,6,4,1,0,0,0,0,0,0,0,998,0,0,0,12,6,2,12,0,0,0,1,13,30461,6,1,6,0,3,0,74,245,98,0,0,0,1,6,2011,6,2011,0,0,0,0,0,1,2,55,1,1,2,1,0,0,1,66,8,2,2,88,"888888888888","777777777777","777777777777",0,0
13,130206,1,2,1,1,3,12,11,12,6,1,0,92,0,82,881,82881,66,1992,"1FUYDZYB9NH4","1","F","U","Y","D","Z","Y","B","9","N","H","4",1,1,57,"2835607","572835607",3,6,97,1,0,0,0,0,0,0,0,998,0,0,0,12,6,2,12,0,0,0,1,13,30113,6,1,6,0,3,3,72,295,98,1,0,0,1,6,2013,6,2013,0,0,0,0,0,2,2,55,1,1,2,1,0,0,1,66,16,2,1,86,"888888888888","777777777777","777777777777",0,0
13,130206,2,2,1,1,3,12,11,12,6,1,0,13,1,55,35,55035,4,2011,"5NPDH4AE5BH0","5","N","P","D","H","4","A","E","5","B","H","0",0,0,0,"000000000","00000000000",0,0,0,1,0,0,0,0,0,0,0,998,0,0,0,3,6,2,12,32,0,0,1,13,30161,6,1,0,0,3,3,70,190,98,0,0,0,0,0,0,0,0,0,38,0,0,0,1,2,55,1,1,2,1,20,3,1,17,1,1,1,87,"777777777777","777777777777","777777777777",1,0
13,130207,1,1,1,1,3,23,52,8,0,1,0,13,1,12,401,12401,14,1999,"1FMYU22X6XUA","1","F","M","Y","U","2","2","X","6","X","U","A",0,0,0,"000000000","00000000000",0,0,0,1,0,0,0,0,0,0,0,998,0,0,0,12,4,3,8,0,0,0,1,13,31088,2,1,0,0,2,3,68,205,98,1,0,0,0,3,2015,3,2015,0,0,0,0,0,5,5,40,1,1,2,2,0,0,1,80,99,1,1,13,"777777777777","777777777777","777777777777",0,0
13,130208,1,2,1,1,3,11,30,12,2,1,0,13,1,49,472,49472,30,2007,"3TMJU62N37M0","3","T","M","J","U","6","2","N","3","7","M","0",0,0,0,"000000000","00000000000",0,0,0,1,0,0,0,0,0,0,0,998,0,0,0,12,6,2,12,0,0,0,1,13,30517,6,1,6,0,3,0,69,143,98,0,0,0,0,0,0,0,0,0,28,0,0,0,1,2,35,1,1,2,1,0,0,1,10,99,9,2,50,"777777777777","777777777777","777777777777",1,1
13,130208,2,2,1,1,3,11,30,12,2,1,0,13,3,82,881,82881,63,1985,"1FUPYCYBXFH2","1","F","U","P","Y","C","Y","B","X","F","H","2",0,0,57,"884370","57884370",3,2,1,1,0,0,0,0,0,0,0,998,0,0,0,12,6,2,12,0,0,0,1,13,30549,6,1,6,0,3,0,72,220,98,0,0,0,0,0,0,0,0,0,0,0,0,0,1,2,35,1,1,2,1,0,0,1,62,7,9,1,51,"777777777777","777777777777","777777777777",0,0
13,130209,1,4,2,2,3,20,46,12,1,1,0,13,2,30,47,30047,1,2007,"3VWRF31Y37M4","3","V","W","R","F","3","1","Y","3","7","M","4",0,0,0,"000000000","00000000000",0,0,0,1,0,0,0,0,0,0,0,998,0,0,0,6,6,2,12,0,0,0,1,13,31076,6,2,0,0,3,3,63,147,98,0,0,0,0,0,0,0,0,0,0,0,0,0,1,2,55,1,2,2,1,0,0,1,53,1,1,1,25,"777777777777","777777777777","777777777777",1,0
13,130209,2,4,1,2,3,20,46,12,1,1,0,13,2,20,481,20481,31,1995,"1GCEC19K7SE1","1","G","C","E","C","1","9","K","7","S","E","1",0,0,0,"000000000","00000000000",0,0,0,1,0,0,0,0,0,0,0,998,0,0,0,12,6,2,12,0,0,0,1,13,31032,6,1,0,0,3,0,74,245,98,0,0,0,0,0,0,0,0,0,26,0,0,0,1,2,55,1,2,2,1,0,0,1,51,16,2,1,24,"777777777777","777777777777","777777777777",0,0
13,130209,3,4,1,2,3,20,46,12,1,1,0,13,1,49,32,49032,4,2015,"5YFBURHE5FP2","5","Y","F","B","U","R","H","E","5","F","P","2",0,0,0,"000000000","00000000000",0,0,0,1,0,0,0,0,0,0,0,998,0,0,0,12,6,2,12,0,0,0,1,13,31033,6,1,0,0,3,3,67,185,98,0,0,0,0,0,0,0,0,0,0,0,0,0,1,2,55,1,2,2,1,0,0,1,62,99,1,1,98,"777777777777","777777777777","777777777777",0,0
13,130209,4,4,1,2,3,20,46,12,1,1,0,13,1,23,481,23481,31,2000,"2GTEK19T6Y13","2","G","T","E","K","1","9","T","6","Y","1","3",0,0,0,"000000000","00000000000",0,0,0,1,0,0,0,0,0,0,0,998,0,0,0,10,6,2,12,0,0,0,1,13,31033,6,1,0,0,3,0,73,250,98,0,0,0,0,0,0,0,0,0,0,0,0,0,1,2,55,1,2,2,1,0,0,1,62,99,1,1,98,"777777777777","777777777777","777777777777",0,0
13,130210,1,2,2,3,3,15,11,12,1,1,0,13,1,18,7,18007,4,1998,"2G4WS52M2W14","2","G","4","W","S","5","2","M","2","W","1","4",0,0,0,"000000000","00000000000",0,0,0,1,0,0,0,0,0,0,0,998,0,0,0,12,6,2,12,0,0,0,1,13,30461,6,1,0,0,3,3,72,185,98,0,0,0,0,0,0,0,0,0,26,0,0,0,3,2,65,1,1,2,1,0,0,1,50,99,9,1,20,"777777777777","777777777777","777777777777",1,0
13,130210,2,2,1,3,3,15,11,12,1,1,0,13,3,84,981,84981,50,2010,"4DRBUAAN6AB1","4","D","R","B","U","A","A","N","6","A","B","1",0,0,88,"888888888","88888888888",3,21,22,1,0,0,0,0,1,2,0,0,0,0,0,6,6,2,12,0,0,0,1,13,30450,6,1,6,0,3,3,60,175,98,0,0,0,0,0,0,0,0,0,0,0,0,0,3,2,65,1,1,2,1,98,3,5,53,1,1,1,21,"777777777777","777777777777","777777777777",0,0