"STATE","ST_CASE","VEH_NO","VE_FORMS","NUMOCCS","DAY","MONTH","HOUR","MINUTE","HARM_EV","MAN_COLL","UNITTYPE","HIT_RUN","REG_STAT","OWNER","MAKE","MODEL","MAK_MOD","BODY_TYP","MOD_YEAR","VIN","VIN_1","VIN_2","VIN_3","VIN_4","VIN_5","VIN_6","VIN_7","VIN_8","VIN_9","VIN_10","VIN_11","VIN_12","TOW_VEH","J_KNIFE","MCARR_I1","MCARR_I2","MCARR_ID","GVWR","V_CONFIG","CARGO_BT","HAZ_INV","HAZ_PLAC","HAZ_ID","HAZ_CNO","HAZ_REL","BUS_USE","SPEC_USE","EMER_USE","TRAV_SP","UNDERIDE","ROLLOVER","ROLINLOC","IMPACT1","DEFORMED","TOWED","M_HARM","VEH_SC1","VEH_SC2","FIRE_EXP","DR_PRES","L_STATE","DR_ZIP","L_STATUS","L_TYPE","CDL_STAT","L_ENDORS","L_COMPL","L_RESTRI","DR_HGT","DR_WGT","PREV_ACC","PREV_SUS","PREV_DWI","PREV_SPD","PREV_OTH","FIRST_MO","FIRST_YR","LAST_MO","LAST_YR","SPEEDREL","DR_SF1","DR_SF2","DR_SF3","DR_SF4","VTRAFWAY","VNUM_LAN","VSPD_LIM","VALIGN","VPROFILE","VPAVETYP","VSURCOND","VTRAFCON","VTCONT_F","P_CRASH1","P_CRASH2","P_CRASH3","PCRASH4","PCRASH5","ACC_TYPE","TRLR1VIN","TRLR2VIN","TRLR3VIN","DEATHS","DR_DRINK"
13,130245,2,2,1,11,3,5,10,12,2,1,0,13,3,87,881,87881,62,2009,"2NPLHM6X89M7","2","N","P","L","H","M","6","X","8","9","M","7",0,0,88,"888888888","88888888888",2,1,1,1,0,0,0,0,0,0,0,998,0,0,0,12,6,2,12,0,0,0,1,13,30240,6,1,0,0,3,3,69,175,98,0,0,0,0,0,0,0,0,0,0,0,0,0,1,2,55,1,1,2,2,0,0,1,54,6,9,2,52,"777777777777","777777777777","777777777777",0,0
13,130246,1,2,1,12,3,18,45,12,6,1,0,13,1,35,51,35051,6,2016,"KNMAT2MT6GP6","K","N","M","A","T","2","M","T","6","G","P","6",0,0,0,"000000000","00000000000",0,0,0,1,0,0,0,0,0,0,0,998,0,0,0,10,6,2,12,0,0,0,1,13,30274,6,1,0,0,3,0,72,175,98,0,0,0,0,0,0,0,0,0,38,0,0,0,1,2,25,3,1,2,1,0,0,11,15,99,9,1,82,"777777777777","777777777777","777777777777",0,0
13,130246,2,2,2,12,3,18,45,12,6,1,0,92,0,37,706,37706,80,2005,"1HFSC52385A2","1","H","F","S","C","5","2","3","8","5","A","2",0,0,0,"000000000","00000000000",0,0,0,1,0,0,0,0,0,0,0,998,0,0,0,12,6,2,12,0,0,0,1,13,30238,6,1,0,0,3,3,73,165,98,1,0,0,0,1,2012,1,2012,0,0,0,0,0,5,5,45,3,1,2,1,0,0,14,71,99,9,1,83,"777777777777","777777777777","777777777777",1,0
13,130247,1,1,1,12,3,3,24,1,0,1,0,13,1,48,401,48401,14,2006,"JF1SG65626G7","J","F","1","S","G","6","5","6","2","6","G","7",0,0,0,"000000000","00000000000",0,0,0,1,0,0,0,0,0,0,0,998,0,2,1,0,6,2,1,0,0,0,1,13,30082,6,1,0,0,3,0,71,155,98,3,0,0,5,11,2013,7,2014,5,27,0,0,0,3,5,55,1,1,2,1,0,0,15,9,6,4,2,98,"777777777777","777777777777","777777777777",1,0
13,130248,1,2,1,12,3,19,30,12,2,1,0,13,2,35,47,35047,4,2002,"1N4BL11D22C1","1","N","4","B","L","1","1","D","2","2","C","1",0,0,0,"000000000","00000000000",0,0,0,1,0,0,0,0,0,0,0,998,0,0,0,12,6,2,12,0,0,0,1,13,31537,6,1,0,0,3,0,68,265,98,0,0,0,0,0,0,0,0,0,51,0,0,0,3,2,65,1,1,2,1,0,0,1,54,99,9,1,52,"777777777777","777777777777","777777777777",1,1
13,130248,2,2,2,12,3,19,30,12,2,1,0,12,1,23,422,23422,15,2010,"1GKUKMEF6AR2","1","G","K","U","K","M","E","F","6","A","R","2",0,0,0,"000000000","00000000000",0,0,0,1,0,0,0,0,0,0,0,998,0,0,0,12,6,2,12,0,0,0,1,12,32259,6,1,0,0,3,3,71,999,0,0,0,0,0,0,0,0,0,0,0,0,0,0,3,2,65,1,1,2,1,0,0,1,54,99,9,1,52,"777777777777","777777777777","777777777777",0,0
13,130249,1,2,1,12,3,22,15,12,2,1,0,13,1,20,481,20481,31,2001,"2GCEC19V0111","2","G","C","E","C","1","9","V","0","1","1","1",0,0,0,"000000000","00000000000",0,0,0,1,0,0,0,0,0,0,0,998,0,1,5,12,6,2,12,0,0,0,1,13,31503,6,1,0,0,3,3,69,160,98,0,0,0,0,0,0,0,0,0,28,58,0,0,1,2,45,2,5,2,1,0,0,14,6,7,9,6,50,"777777777777","777777777777","777777777777",1,1
13,130249,2,2,1,12,3,22,15,12,2,1,0,13,1,20,471,20471,30,1993,"1GCCS19Z5P82","1","G","C","C","S","1","9","Z","5","P","8","2",0,0,0,"000000000","00000000000",0,0,0,1,0,0,0,0,0,0,0,998,0,0,0,12,6,2,12,0,0,0,1,13,31503,1,1,0,0,2,3,68,170,98,3,1,0,4,5,2014,9,2015,0,0,0,0,0,1,2,45,1,6,2,1,0,0,1,64,99,1,1,51,"777777777777","777777777777","777777777777",1,1
13,130250,1,1,1,13,3,16,15,38,0,1,0,36,3,98,881,98881,66,2007,"13N148302715","1","3","N","1","4","8","3","0","2","7","1","5",1,1,57,"626164","57626164",3,6,1,1,0,0,0,0,0,0,0,998,0,0,0,12,6,2,42,0,0,0,1,47,37066,6,1,6,0,3,0,71,170,0,0,0,0,0,0,0,0,0,0,0,0,0,0,3,3,70,1,1,2,2,0,0,1,13,1,1,4,1,"888888888888","777777777777","777777777777",1,0
13,130251,1,1,1,13,3,11,50,14,0,1,0,13,1,41,403,41403,14,2014,"JM3KE2DY9E03","J","M","3","K","E","2","D","Y","9","E","0","3",0,0,0,"000000000","00000000000",0,0,0,1,0,0,0,0,0,0,0,998,0,0,0,12,6,2,14,0,0,0,1,13,30096,6,1,0,0,3,0,65,140,98,0,0,1,1,5,2011,9,2012,0,91,0,0,0,2,2,65,1,1,2,1,0,0,1,13,99,9,4,1,"777777777777","777777777777","777777777777",0,1
13,130252,1,1,3,13,3,4,5,42,0,1,0,92,0,7,24,7024,4,2013,"2C3CDXBG8DH6","2","C","3","C","D","X","B","G","8","D","H","6",0,0,0,"000000000","00000000000",0,0,0,1,0,0,0,0,0,0,0,998,0,0,0,12,6,2,42,0,0,0,1,13,31833,6,1,0,0,3,0,74,230,98,0,0,1,2,2,2013,6,2015,0,0,0,0,0,1,2,55,3,1,2,2,0,0,14,13,99,9,4,1,"777777777777","777777777777","777777777777",1,1
13,130253,1,1,1,13,3,0,28,24,0,1,0,92,0,2,403,2403,14,2007,"1J4FA24147L1","1","J","4","F","A","2","4","1","4","7","L","1",0,0,0,"000000000","00000000000",0,0,0,1,0,0,0,0,0,0,0,998,0,1,1,1,6,2,1,0,0,0,1,13,30673,6,2,0,0,3,0,68,232,98,0,0,0,1,10,2015,10,2015,0,58,0,0,0,1,2,55,3,1,2,1,0,0,14,13,6,4,4,7,"777777777777","777777777777","777777777777",1,0
13,130254,1,1,1,14,3,7,10,8,0,1,0,13,1,37,31,37031,4,2013,"19XFB2F56DE0","1","9","X","F","B","2","F","5","6","D","E","0",0,0,0,"000000000","00000000000",0,0,0,1,0,0,0,0,0,0,0,998,0,0,0,12,6,2,8,0,0,0,1,13,31406,6,1,0,0,3,0,64,150,98,0,0,0,0,0,0,0,0,0,0,0,0,0,5,5,45,1,1,2,1,0,0,1,81,99,1,1,13,"777777777777","777777777777","777777777777",0,0
13,130255,1,1,1,14,3,12,6,59,0,1,0,13,2,34,401,34401,14,2006,"5UXFA135X6LY","5","U","X","F","A","1","3","5","X","6","L","Y",0,0,0,"000000000","00000000000",0,0,0,1,0,0,0,0,0,0,0,998,0,0,0,12,6,2,43,0,0,0,1,13,30068,6,1,0,0,3,3,72,185,98,1,0,0,1,12,2014,7,2015,0,0,0,0,0,2,2,45,1,2,2,1,3,3,1,98,99,2,4,7,"777777777777","777777777777","777777777777",1,0
13,130256,1,2,1,14,3,22,56,12,2,1,0,13,1,19,18,19018,2,2013,"1G6DJ1E35D01","1","G","6","D","J","1","E","3","5","D","0","1",0,0,0,"000000000","00000000000",0,0,0,1,0,0,0,0,0,0,0,998,0,0,0,12,6,2,12,32,0,0,1,13,30519,6,1,6,0,3,0,68,190,98,0,0,0,0,0,0,0,0,0,28,0,0,0,1,3,45,1,1,2,1,0,0,1,10,99,1,2,50,"777777777777","777777777777","777777777777",1,0
13,130256,2,2,1,14,3,22,56,12,2,1,0,13,1,2,404,2404,14,2000,"1J4G248S2YC2","1","J","4","G","2","4","8","S","2","Y","C","2",0,0,0,"000000000","00000000000",0,0,0,1,0,0,0,0,0,0,0,998,0,0,0,12,6,2,12,0,0,0,1,13,30004,6,1,0,0,3,3,59,102,98,0,0,0,0,0,0,0,0,0,0,0,0,0,1,3,45,1,1,2,1,0,0,1,62,99,1,1,51,"777777777777","777777777777","777777777777",0,0
13,130257,1,1,1,14,3,19,20,30,0,1,0,13,2,7,482,7482,31,2000,"3B7HC13ZXYG1","3","B","7","H","C","1","3","Z","X","Y","G","1",0,0,0,"000000000","00000000000",0,0,0,1,0,0,0,0,0,0,0,998,0,0,0,12,6,2,42,0,0,0,1,13,31907,6,1,0,0,3,0,70,165,98,0,0,0,1,9,2015,9,2015,0,0,0,0,0,1,2,55,1,6,2,1,0,0,1,12,99,9,4,6,"777777777777","777777777777","777777777777",1,0
13,130258,1,1,0,15,3,18,42,8,0,1,0,13,6,20,481,20481,31,2012,"1GCPKSE78CF1","1","G","C","P","K","S","E","7","8","C","F","1",0,0,0,"000000000","00000000000",0,0,0,1,0,0,0,0,0,0,0,998,0,0,0,7,0,3,8,0,0,0,0,0,99997,7,6,97,7,6,7,998,997,998,998,998,998,998,98,9998,98,9998,8,0,0,0,0,1,2,55,1,2,5,1,0,0,0,98,0,0,0,98,"777777777777","777777777777","777777777777",0,0
13,130259,1,1,1,16,3,19,10,42,0,1,0,13,2,37,32,37032,4,2002,"1HGCG668X2A1","1","H","G","C","G","6","6","8","X","2","A","1",0,0,0,"000000000","00000000000",0,0,0,1,0,0,0,0,0,0,0,998,0,0,0,9,6,2,42,0,0,0,1,13,30606,2,1,0,0,2,0,65,156,98,4,0,2,3,7,2011,8,2014,3,0,0,0,0,1,2,45,3,1,1,1,0,0,14,13,99,1,4,1,"777777777777","777777777777","777777777777",1,0
13,130260,1,3,1,16,3,1,10,12,1,1,0,13,1,2,422,2422,15,2016,"1C4PJLAB2GW1","1","C","4","P","J","L","A","B","2","G","W","1",0,0,0,"000000000","00000000000",0,0,0,1,0,0,0,0,0,0,0,79,0,0,0,12,6,2,12,0,0,0,1,13,30083,6,1,0,0,3,0,67,155,98,2,0,0,7,6,2011,1,2016,3,26,0,0,0,3,4,65,1,1,2,1,0,0,1,50,99,1,1,20,"777777777777","777777777777","777777777777",0,1
13,130260,2,3,1,16,3,1,10,12,1,1,0,13,1,20,2,20002,4,2010,"2G1WA5EK2A12","2","G","1","W","A","5","E","K","2","A","1","2",0,0,0,"000000000","00000000000",0,0,0,1,0,0,0,0,0,0,0,0,0,0,0,6,6,2,12,0,0,1,1,13,30252,6,1,0,0,3,0,70,175,98,0,0,0,1,3,2015,3,2015,0,54,0,0,0,3,4,65,1,1,2,1,0,0,5,53,1,1,1,21,"777777777777","777777777777","777777777777",1,1
13,130260,3,3,2,16,3,1,10,12,1,1,0,13,1,20,481,20481,31,2001,"3GNEC16T21G1","3","G","N","E","C","1","6","T","2","1","G","1",0,0,0,"000000000","00000000000",0,0,0,1,0,0,0,0,0,0,0,998,0,0,0,9,6,2,12,0,0,0,1,13,30291,6,1,0,0,3,0,69,160,98,1,0,0,0,10,2011,10,2011,0,0,0,0,0,3,4,65,1,1,2,1,0,0,1,60,99,1,1,98,"777777777777","777777777777","777777777777",0,0
13,130261,1,1,1,16,3,17,30,34,0,1,0,13,1,20,421,20421,15,2003,"1GNCS18X23K1","1","G","N","C","S","1","8","X","2","3","K","1",0,0,0,"000000000","00000000000",0,0,0,1,0,0,0,0,0,0,0,998,0,1,5,13,6,2,1,0,0,0,1,13,30176,6,1,0,0,3,0,64,150,98,2,0,0,1,12,2012,12,2015,0,0,0,0,0,1,2,55,3,4,2,1,0,0,14,13,99,9,4,1,"777777777777","777777777777","777777777777",1,0
13,130262,1,2,1,11,2,14,16,12,6,1,0,13,1,12,4,12004,2,1995,"1FALP62W7SH1","1","F","A","L","P","6","2","W","7","S","H","1",0,0,0,"000000000","00000000000",0,0,0,1,0,0,0,0,0,0,0,998,0,0,0,12,4,3,12,0,0,0,1,13,30307,6,1,0,0,3,0,67,142,98,0,0,0,1,11,2011,11,2011,0,38,0,0,0,0,0,0,0,0,0,0,0,0,10,98,99,1,2,80,"777777777777","777777777777","777777777777",1,0
13,130262,2,2,1,11,2,14,16,12,6,1,0,13,1,55,35,55035,4,2002,"KMHDN45D92U3","K","M","H","D","N","4","5","D","9","2","U","3",0,0,0,"000000000","00000000000",0,0,0,1,0,0,0,0,0,0,0,998,0,0,0,11,4,3,12,0,0,0,1,13,30329,6,1,0,0,3,3,66,150,98,0,0,0,0,0,0,0,0,0,0,0,0,0,1,2,25,1,2,2,1,0,0,1,72,99,1,1,81,"777777777777","777777777777","777777777777",0,0
13,130263,1,2,1,12,2,15,39,12,1,1,0,12,1,72,706,72706,80,2009,"1HD1FV4179Y6","1","H","D","1","F","V","4","1","7","9","Y","6",0,0,0,"000000000","00000000000",0,0,0,1,0,0,0,0,0,0,0,998,0,0,0,12,2,3,12,0,0,0,1,12,32822,6,1,0,0,3,0,72,999,0,0,0,0,0,0,0,0,0,0,26,0,0,0,5,4,55,1,1,2,1,0,0,1,50,8,1,1,20,"777777777777","777777777777","777777777777",1,0
13,130263,2,2,1,12,2,15,39,12,1,1,0,13,1,20,404,20404,14,2014,"2GNALCEK6E62","2","G","N","A","L","C","E","K","6","E","6","2",0,0,0,"000000000","00000000000",0,0,0,1,0,0,0,0,0,0,0,0,0,0,0,6,4,3,12,0,0,0,1,13,30233,6,1,0,0,3,0,66,160,98,0,0,0,0,0,0,0,0,0,0,0,0,0,5,4,55,1,1,2,1,0,0,17,53,1,1,1,21,"777777777777","777777777777","777777777777",0,0
13,130264,1,2,2,19,2,16,6,12,2,1,0,13,1,18,25,18025,4,2013,"1G4PS5SKXD42","1","G","4","P","S","5","S","K","X","D","4","2",0,0,0,"000000000","00000000000",0,0,0,1,0,0,0,0,0,0,0,998,0,0,0,12,6,2,12,0,0,0,1,13,31907,6,1,0,0,3,3,65,180,98,0,0,1,0,6,2015,6,2015,0,38,0,0,0,1,4,35,1,1,2,1,21,3,11,15,99,1,1,82,"777777777777","777777777777","777777777777",1,0
13,130264,2,2,1,19,2,16,6,12,2,1,0,13,2,35,47,35047,4,2002,"1N4AL11D82C7","1","N","4","A","L","1","1","D","8","2","C","7",0,0,0,"000000000","00000000000",0,0,0,1,0,0,0,0,0,0,0,998,0,0,0,12,6,2,12,0,0,0,1,13,31909,6,1,0,0,3,0,68,180,98,0,0,0,2,7,2011,7,2011,0,0,0,0,0,2,3,40,3,1,2,1,0,0,14,67,1,1,1,83,"777777777777","777777777777","777777777777",0,0
13,130265,1,2,2,19,2,18,23,12,6,1,0,13,2,12,17,12017,4,2002,"1FAFP53U32A1","1","F","A","F","P","5","3","U","3","2","A","1",0,0,0,"000000000","00000000000",0,0,0,1,0,0,0,0,0,0,0,998,0,0,0,9,6,2,12,0,0,0,1,13,31217,6,1,0,0,3,0,72,250,98,0,0,1,1,4,2011,3,2014,0,38,0,0,0,1,2,45,1,2,2,1,20,3,1,17,99,1,1,89,"777777777777","777777777777","777777777777",1,0
13,130265,2,2,2,19,2,18,23,12,6,1,0,13,1,12,481,12481,31,2010,"1FTFW1EV0AKB","1","F","T","F","W","1","E","V","0","A","K","B",0,0,0,"000000000","00000000000",0,0,0,1,0,0,0,0,0,0,0,998,0,0,0,12,4,3,12,0,0,0,1,13,31031,6,1,0,0,3,3,70,168,98,0,0,1,0,4,2014,4,2014,0,0,0,0,0,3,2,65,1,2,2,1,0,0,1,66,1,1,1,88,"777777777777","777777777777","777777777777",0,0
13,130266,1,1,2,16,3,20,56,35,0,1,0,13,2,35,50,35050,5,2007,"3N1BC13E57L3","3","N","1","B","C","1","3","E","5","7","L","3",0,0,0,"000000000","00000000000",0,0,0,1,0,0,0,0,0,0,0,998,0,1,5,12,6,2,42,0,0,0,1,13,30650,6,1,0,0,3,0,66,155,98,0,0,1,0,3,2012,3,2012,0,58,0,0,0,1,2,55,1,6,2,1,28,3,1,13,99,3,4,2,"777777777777","777777777777","777777777777",1,1
13,130267,1,2,1,17,3,16,48,12,6,1,0,13,2,49,50,49050,3,2005,"JTKDE1775500","J","T","K","D","E","1","7","7","5","5","0","0",0,0,0,"000000000","00000000000",0,0,0,1,0,0,0,0,0,0,0,998,0,0,0,10,6,2,12,0,0,0,1,13,30504,6,1,0,0,3,0,60,103,98,2,0,2,0,1,2013,5,2013,0,38,0,0,0,1,3,35,1,1,2,1,20,3,11,15,99,1,1,68,"777777777777","777777777777","777777777777",1,0
13,130267,2,2,1,17,3,16,48,12,6,1,0,13,1,20,481,20481,31,2003,"1GBJC34U43E2","1","G","B","J","C","3","4","U","4","3","E","2",0,0,0,"000000000","00000000000",0,0,0,1,0,0,0,0,0,0,0,998,0,0,0,12,6,2,12,32,0,0,1,13,31008,6,1,0,0,3,0,72,185,98,0,0,0,0,0,0,0,0,0,0,0,0,0,1,2,45,1,5,2,1,0,0,1,67,6,1,1,69,"777777777777","777777777777","777777777777",0,0
13,130268,1,2,1,17,3,16,12,12,6,1,0,13,1,37,31,37031,4,1999,"1HGEJ6678XL0","1","H","G","E","J","6","6","7","8","X","L","0",0,0,0,"000000000","00000000000",0,0,0,1,0,0,0,0,0,0,0,998,0,0,0,11,6,2,12,0,0,0,1,13,30125,6,1,0,0,3,0,68,130,98,0,0,0,0,0,0,0,0,0,38,0,0,0,1,2,35,1,1,2,1,20,3,11,15,1,1,1,68,"777777777777","777777777777","777777777777",1,0
13,130268,2,2,1,17,3,16,12,12,6,1,0,13,1,20,431,20431,16,2003,"1GNEC16ZX3R1","1","G","N","E","C","1","6","Z","X","3","R","1",0,0,0,"000000000","00000000000",0,0,0,1,0,0,0,0,0,0,0,998,0,0,0,12,6,2,12,0,0,0,1,13,30153,6,1,0,0,3,0,61,158,98,0,0,0,0,0,0,0,0,0,0,0,0,0,1,2,55,1,3,2,1,0,0,1,67,1,1,1,69,"777777777777","777777777777","777777777777",0,0
13,130269,1,1,1,17,3,16,29,8,0,1,0,13,2,13,1,13001,4,2000,"1LNHM82W7YY9","1","L","N","H","M","8","2","W","7","Y","Y","9",0,0,0,"000000000","00000000000",0,0,0,1,0,0,0,0,0,0,0,998,0,0,0,12,6,2,8,0,0,0,1,13,30068,6,1,0,0,3,0,66,200,98,0,0,0,0,0,0,0,0,0,91,0,0,0,5,4,40,1,1,2,1,0,0,15,13,1,1,4,1,"777777777777","777777777777","777777777777",0,0
13,130270,1,1,1,17,3,15,41,42,0,1,0,13,3,23,481,23481,31,2003,"2GTEK19T3311","2","G","T","E","K","1","9","T","3","3","1","1",0,0,0,"000000000","00000000000",0,0,0,1,0,0,0,0,0,0,0,998,0,0,0,12,6,2,42,0,0,0,1,13,31004,6,1,0,0,3,0,75,210,98,0,0,0,0,0,0,0,0,0,0,0,0,0,3,2,65,1,1,2,1,0,0,1,9,99,2,4,2,"777777777777","777777777777","777777777777",1,1
13,130271,1,2,2,17,3,12,10,12,6,1,0,13,1,41,441,41441,20,2001,"JM3LW28G3101","J","M","3","L","W","2","8","G","3","1","0","1",0,0,0,"000000000","00000000000",0,0,0,1,0,0,0,0,0,0,0,998,0,0,0,2,6,2,12,0,0,0,1,13,31701,0,0,0,0,0,0,999,999,98,0,0,0,0,0,0,0,0,0,38,0,0,0,1,2,25,1,1,2,1,20,3,1,17,99,1,1,87,"777777777777","777777777777","777777777777",1,0
13,130271,2,2,1,17,3,12,10,12,6,1,0,13,3,51,881,51881,63,1997,"4VHJCAME0VN8","4","V","H","J","C","A","M","E","0","V","N","8",0,0,57,"950736","57950736",3,2,1,1,0,0,0,0,0,0,0,998,0,0,0,12,6,2,12,0,0,0,1,13,31703,6,1,6,9,3,0,69,170,98,1,0,0,1,7,2011,7,2011,0,0,0,0,0,1,2,55,1,1,2,1,28,3,1,66,99,1,1,86,"777777777777","777777777777","777777777777",0,0
13,130272,1,1,1,17,3,12,45,1,0,1,0,13,1,12,401,12401,14,2002,"1FMZU62E12UA","1","F","M","Z","U","6","2","E","1","2","U","A",0,0,0,"000000000","00000000000",0,0,0,1,0,0,0,0,0,0,0,998,0,2,1,0,6,2,1,0,0,0,1,13,31096,6,1,0,0,3,0,64,250,98,2,0,2,1,12,2011,6,2014,0,58,0,0,0,1,2,55,3,1,2,1,0,0,14,98,7,3,2,98,"777777777777","777777777777","777777777777",1,0
13,130273,1,2,1,18,3,3,22,1,0,1,0,37,2,49,401,49401,14,1996,"JT3HN86R3T00","J","T","3","H","N","8","6","R","3","T","0","0",0,0,0,"000000000","00000000000",0,0,0,1,0,0,0,0,0,0,0,998,0,9,5,0,6,2,1,0,0,0,1,13,30742,6,1,0,0,3,0,74,150,98,0,0,0,0,0,0,0,0,4,0,0,0,0,5,2,30,4,2,2,1,0,0,14,6,15,4,4,99,"777777777777","777777777777","777777777777",1,0
13,130273,2,2,1,18,3,3,22,1,0,1,0,13,3,85,881,85881,66,2006,"1XKADU9X26J1","1","X","K","A","D","U","9","X","2","6","J","1",1,1,58,"978362","58978362",3,6,2,1,0,0,0,0,0,0,0,998,0,0,0,8,2,5,12,0,0,0,1,13,30506,6,1,6,0,3,0,68,169,98,0,0,0,0,0,0,0,0,0,0,0,0,0,5,2,30,1,2,2,1,0,0,1,78,99,1,1,98,"888888888888","777777777777","777777777777",0,0
13,130274,1,2,1,18,3,10,38,12,6,1,0,92,5,98,709,98709,80,2015,"VBKMXN436FM2","V","B","K","M","X","N","4","3","6","F","M","2",0,0,0,"000000000","00000000000",0,0,0,1,0,0,0,0,0,0,0,998,0,0,0,12,6,2,12,0,0,0,1,13,30315,0,0,0,0,0,0,66,178,98,0,0,0,0,0,0,0,0,0,51,38,36,0,1,2,45,1,1,2,1,3,3,1,17,99,1,1,88,"777777777777","777777777777","777777777777",1,0
13,130274,2,2,2,18,3,10,38,12,6,1,0,13,2,55,33,55033,4,2008,"5NPET46C18H4","5","N","P","E","T","4","6","C","1","8","H","4",0,0,0,"000000000","00000000000",0,0,0,1,0,0,0,0,0,0,0,998,0,0,0,10,6,2,30,0,0,0,1,13,30058,6,1,0,0,3,3,63,140,98,0,0,0,0,0,0,0,0,0,0,0,0,0,1,2,35,1,1,2,1,3,3,1,66,99,1,1,89,"777777777777","777777777777","777777777777",0,0
13,130275,1,1,1,18,3,23,4,1,0,1,0,13,2,2,404,2404,14,1996,"1J4FT78S8TL1","1","J","4","F","T","7","8","S","8","T","L","1",0,0,0,"000000000","00000000000",0,0,0,1,0,0,0,0,0,0,0,998,0,1,5,0,6,2,1,0,0,0,1,13,30656,6,2,0,0,3,0,72,155,98,0,0,0,0,0,0,0,0,0,51,0,0,0,1,2,55,3,6,2,1,28,3,14,9,99,4,4,2,"777777777777","777777777777","777777777777",1,0
13,130276,1,2,1,19,3,4,6,12,6,1,0,13,1,63,402,63402,14,2012,"5XYKT4A1XCG2","5","X","Y","K","T","4","A","1","X","C","G","2",0,0,0,"000000000","00000000000",0,0,0,1,0,0,0,0,0,0,0,998,0,0,0,12,6,2,12,0,0,0,1,13,30680,6,1,0,0,3,0,65,125,98,0,0,0,0,0,0,0,0,0,39,0,0,0,2,4,65,1,2,1,1,3,3,1,17,99,1,1,88,"777777777777","777777777777","777777777777",0,1
13,130276,2,2,3,19,3,4,6,12,6,1,0,13,1,12,3,12003,1,2004,"1FAFP45X54F2","1","F","A","F","P","4","5","X","5","4","F","2",0,0,0,"000000000","00000000000",0,0,0,1,0,0,0,0,0,0,0,998,0,0,0,9,6,2,12,0,0,0,1,13,30542,6,1,0,0,3,0,62,170,98,0,0,0,0,0,0,0,0,0,0,0,0,0,1,4,50,1,2,1,1,3,3,1,66,99,1,1,89,"777777777777","777777777777","777777777777",2,0
13,130277,1,4,1,19,3,2,11,12,1,1,0,13,2,76,705,76705,80,2003,"JYARJ06E33A0","J","Y","A","R","J","0","6","E","3","3","A","0",0,0,0,"000000000","00000000000",0,0,0,1,0,0,0,0,0,0,0,998,0,0,0,12,6,2,12,0,0,0,1,13,30236,1,1,0,0,2,0,71,230,98,1,0,0,1,4,2011,4,2011,4,26,0,0,0,3,5,65,3,1,2,1,0,0,14,51,99,1,1,24,"777777777777","777777777777","777777777777",1,0
13,130277,2,4,1,19,3,2,11,12,1,1,1,99,9,99,999,99999,99,9999,"999999999999","9","9","9","9","9","9","9","9","9","9","9","9",9,0,99,"999999999","99999999999",9,99,99,1,0,0,0,0,0,0,0,998,0,0,0,6,9,5,12,0,0,0,1,99,99999,9,9,99,9,9,9,999,999,99,99,99,99,99,99,9999,99,9999,9,99,99,99,99,3,5,65,3,1,2,1,0,0,14,53,99,1,1,25,"777777777777","777777777777","777777777777",0,0
13,130277,3,4,1,19,3,2,11,12,1,1,0,13,1,35,43,35043,4,2012,"3N1AB6AP0CL7","3","N","1","A","B","6","A","P","0","C","L","7",0,0,0,"000000000","00000000000",0,0,0,1,0,0,0,0,0,0,0,998,0,0,0,14,0,5,18,0,0,0,1,13,30344,6,1,0,0,3,3,63,120,98,0,0,0,0,0,0,0,0,0,0,0,0,0,3,5,65,3,1,2,1,0,0,14,90,1,1,1,98,"777777777777","777777777777","777777777777",0,0
13,130277,4,4,2,19,3,2,11,12,1,1,0,19,3,51,881,51881,63,2016,"4V4NC9TH9GN9","4","V","4","N","C","9","T","H","9","G","N","9",1,1,57,"179179","57179179",3,4,1,1,0,0,0,0,0,0,0,998,0,0,0,14,2,5,18,0,0,0,1,13,30052,6,1,6,9,3,1,71,238,98,0,0,0,0,0,0,0,0,0,0,0,0,0,3,5,65,3,1,2,1,0,0,14,90,99,1,1,98,"888888888888","777777777777","777777777777",0,0
13,130278,1,1,2,19,3,11,15,1,0,1,0,1,2,12,471,12471,30,1995,"1FTCR14U5STA","1","F","T","C","R","1","4","U","5","S","T","A",0,0,0,"000000000","00000000000",0,0,0,1,0,0,0,0,0,0,0,998,0,9,1,0,6,2,1,0,0,0,1,13,39823,6,2,0,0,3,0,74,150,98,0,0,0,0,0,0,0,0,0,36,0,0,0,1,2,35,2,1,2,1,0,0,17,98,99,3,2,98,"777777777777","777777777777","777777777777",1,0
13,130279,1,1,1,19,3,23,30,53,0,1,0,13,2,63,402,63402,14,2013,"5XYKT4A20DG4","5","X","Y","K","T","4","A","2","0","D","G","4",0,0,0,"000000000","00000000000",0,0,0,1,0,0,0,0,0,0,0,998,0,0,0,12,6,2,42,0,0,0,1,13,30506,2,1,0,0,2,0,66,155,98,10,3,0,6,7,2011,4,2013,0,0,0,0,0,1,2,45,3,6,2,1,28,3,14,13,99,1,4,1,"777777777777","777777777777","777777777777",1,1