"STATE","ST_CASE","VEH_NO","VE_FORMS","NUMOCCS","DAY","MONTH","HOUR","MINUTE","HARM_EV","MAN_COLL","UNITTYPE","HIT_RUN","REG_STAT","OWNER","MAKE","MODEL","MAK_MOD","BODY_TYP","MOD_YEAR","VIN","VIN_1","VIN_2","VIN_3","VIN_4","VIN_5","VIN_6","VIN_7","VIN_8","VIN_9","VIN_10","VIN_11","VIN_12","TOW_VEH","J_KNIFE","MCARR_I1","MCARR_I2","MCARR_ID","GVWR","V_CONFIG","CARGO_BT","HAZ_INV","HAZ_PLAC","HAZ_ID","HAZ_CNO","HAZ_REL","BUS_USE","SPEC_USE","EMER_USE","TRAV_SP","UNDERIDE","ROLLOVER","ROLINLOC","IMPACT1","DEFORMED","TOWED","M_HARM","VEH_SC1","VEH_SC2","FIRE_EXP","DR_PRES","L_STATE","DR_ZIP","L_STATUS","L_TYPE","CDL_STAT","L_ENDORS","L_COMPL","L_RESTRI","DR_HGT","DR_WGT","PREV_ACC","PREV_SUS","PREV_DWI","PREV_SPD","PREV_OTH","FIRST_MO","FIRST_YR","LAST_MO","LAST_YR","SPEEDREL","DR_SF1","DR_SF2","DR_SF3","DR_SF4","VTRAFWAY","VNUM_LAN","VSPD_LIM","VALIGN","VPROFILE","VPAVETYP","VSURCOND","VTRAFCON","VTCONT_F","P_CRASH1","P_CRASH2","P_CRASH3","PCRASH4","PCRASH5","ACC_TYPE","TRLR1VIN","TRLR2VIN","TRLR3VIN","DEATHS","DR_DRINK"
13,130280,1,1,2,19,3,4,35,59,0,1,0,13,2,12,401,12401,14,2002,"1FMZU73E72UC","1","F","M","Z","U","7","3","E","7","2","U","C",0,0,0,"000000000","00000000000",0,0,0,1,0,0,0,0,0,0,0,998,0,0,0,12,6,2,42,0,0,0,1,13,30241,1,1,0,0,2,0,69,240,98,0,0,0,0,0,0,0,0,0,0,0,0,0,1,5,45,1,1,2,2,0,0,1,13,99,1,4,1,"777777777777","777777777777","777777777777",1,0
13,130281,1,2,2,20,3,14,8,12,2,1,0,24,1,49,402,49402,14,2010,"JTMZF4DV4AD0","J","T","M","Z","F","4","D","V","4","A","D","0",0,0,0,"000000000","00000000000",0,0,0,1,0,0,0,0,0,0,0,998,0,0,0,12,6,2,12,0,0,0,1,24,20866,6,1,0,0,3,0,66,130,0,0,0,0,0,0,0,0,0,0,38,0,0,0,2,3,45,1,2,2,1,3,3,11,15,99,1,1,74,"777777777777","777777777777","777777777777",0,0
13,130281,2,2,1,20,3,14,8,12,2,1,0,13,1,76,706,76706,80,2016,"JYARN23E3CA0","J","Y","A","R","N","2","3","E","3","C","A","0",0,0,0,"000000000","00000000000",0,0,0,1,0,0,0,0,0,0,0,998,0,0,0,12,6,2,12,0,0,0,1,13,30144,6,1,0,0,3,0,71,165,98,2,0,2,3,12,2011,7,2015,0,0,0,0,0,2,3,45,1,2,2,1,3,3,1,62,99,1,1,74,"777777777777","777777777777","777777777777",1,0
13,130282,1,1,2,20,3,0,15,59,0,1,0,13,2,20,37,20037,4,2012,"1G1ZC5EU7CF3","1","G","1","Z","C","5","E","U","7","C","F","3",0,0,0,"000000000","00000000000",0,0,0,1,0,0,0,0,0,0,0,998,0,1,5,12,6,2,32,0,0,0,1,13,30701,6,1,0,0,3,0,68,125,98,2,0,2,2,9,2011,10,2015,0,0,0,0,0,1,2,55,2,1,2,1,28,3,14,12,99,1,4,6,"777777777777","777777777777","777777777777",1,1
13,130283,1,1,3,21,3,22,58,34,0,1,0,13,1,49,32,49032,4,1999,"1NXBR12EXXZ2","1","N","X","B","R","1","2","E","X","X","Z","2",0,0,0,"000000000","00000000000",0,0,0,1,0,0,0,0,0,0,0,998,0,1,5,3,6,2,1,0,0,0,1,13,30153,6,1,0,0,3,0,67,140,98,1,0,0,2,11,2011,3,2014,0,51,0,0,0,1,2,45,1,3,2,1,0,0,17,88,7,4,4,7,"777777777777","777777777777","777777777777",1,0
13,130284,1,1,2,21,3,20,55,8,0,1,0,13,1,12,37,12037,5,2015,"1FADP3K21FL2","1","F","A","D","P","3","K","2","1","F","L","2",0,0,0,"000000000","00000000000",0,0,0,1,0,0,0,0,0,0,0,998,0,0,0,12,6,2,8,0,0,0,1,13,30725,6,1,0,0,3,0,74,225,98,0,0,0,0,0,0,0,0,0,0,0,0,0,5,4,55,3,1,2,1,3,3,14,80,99,1,1,13,"777777777777","777777777777","777777777777",0,0
13,130285,1,1,1,23,3,2,57,8,0,1,1,99,9,99,999,99999,99,9999,"999999999999","9","9","9","9","9","9","9","9","9","9","9","9",9,0,99,"999999999","99999999999",9,99,99,1,0,0,0,0,99,99,9,999,0,0,0,12,9,5,8,0,0,0,1,99,99999,9,9,99,9,9,9,999,999,99,99,99,99,99,99,9999,99,9999,9,99,99,99,99,3,3,65,1,1,2,1,0,0,99,80,99,1,1,13,"777777777777","777777777777","777777777777",0,0
13,130286,1,2,1,23,3,13,12,12,2,1,0,13,1,34,42,34042,1,2004,"4USBT53574LU","4","U","S","B","T","5","3","5","7","4","L","U",0,0,0,"000000000","00000000000",0,0,0,1,0,0,0,0,0,0,0,998,0,0,0,12,6,2,12,0,0,0,1,13,30519,6,1,0,0,3,3,68,190,98,0,0,1,0,9,2015,9,2015,0,0,0,0,0,2,4,50,1,3,2,1,3,3,11,15,99,1,1,74,"777777777777","777777777777","777777777777",0,0
13,130286,2,2,1,23,3,13,12,12,2,1,0,13,1,76,705,76705,80,2005,"JYARJ06E85A0","J","Y","A","R","J","0","6","E","8","5","A","0",0,0,0,"000000000","00000000000",0,0,0,1,0,0,0,0,0,0,0,998,0,0,0,12,6,2,12,0,0,0,1,13,30518,6,1,0,0,3,1,77,200,98,2,0,2,5,4,2011,1,2016,3,0,0,0,0,2,4,50,1,3,2,1,3,3,1,62,99,1,1,74,"777777777777","777777777777","777777777777",1,0
13,130287,1,2,1,24,3,20,49,12,2,1,0,0,0,99,709,99709,89,9999,"999999999999","9","9","9","9","9","9","9","9","9","9","9","9",0,0,0,"000000000","00000000000",0,0,0,1,0,0,0,0,0,0,0,998,0,0,0,12,6,2,12,0,0,0,1,13,30102,6,1,0,0,3,0,79,280,98,0,0,1,0,1,2016,1,2016,0,51,0,0,0,1,2,30,1,3,2,2,0,0,6,54,99,1,1,52,"777777777777","777777777777","777777777777",1,0
13,130287,2,2,2,24,3,20,49,12,2,1,0,13,1,20,481,20481,31,2003,"1GCHK29UX3E2","1","G","C","H","K","2","9","U","X","3","E","2",0,0,0,"000000000","00000000000",0,0,0,1,0,0,0,0,0,0,0,998,0,0,0,12,6,2,12,0,0,0,1,13,30096,6,1,0,0,3,0,73,195,98,2,0,2,1,5,2013,4,2014,0,0,0,0,0,1,2,30,1,3,2,2,0,0,1,54,99,1,1,52,"777777777777","777777777777","777777777777",0,0
13,130288,1,1,2,24,3,1,18,8,0,1,0,13,1,59,32,59032,4,2001,"JTHBN30F7100","J","T","H","B","N","3","0","F","7","1","0","0",0,0,0,"000000000","00000000000",0,0,0,1,0,0,0,0,0,0,0,998,0,0,0,11,4,3,8,0,0,0,1,13,31520,6,1,0,0,3,0,67,243,98,0,0,1,0,9,2014,9,2014,0,0,0,0,0,3,5,55,1,2,2,1,98,3,1,80,99,1,1,13,"777777777777","777777777777","777777777777",0,0
13,130289,1,1,1,24,3,17,47,42,0,1,0,13,2,20,36,20036,2,2002,"2G1WW12E3291","2","G","1","W","W","1","2","E","3","2","9","1",0,0,0,"000000000","00000000000",0,0,0,1,0,0,0,0,0,0,0,998,0,0,0,9,6,2,42,0,0,1,1,13,30083,6,2,0,0,3,3,74,163,98,0,0,0,0,0,0,0,0,4,0,0,0,0,1,2,35,2,1,2,2,0,0,14,12,99,1,4,6,"777777777777","777777777777","777777777777",1,0
13,130290,1,2,1,24,3,15,46,12,6,1,0,13,1,37,705,37705,80,2014,"MLHPC4408E51","M","L","H","P","C","4","4","0","8","E","5","1",0,0,0,"000000000","00000000000",0,0,0,1,0,0,0,0,0,0,0,998,0,0,0,12,6,2,12,0,0,0,1,13,30096,6,1,0,0,3,0,71,190,98,0,0,0,0,0,0,0,0,0,0,0,0,0,2,3,45,1,3,2,1,3,3,1,17,99,1,1,69,"777777777777","777777777777","777777777777",1,0
13,130290,2,2,1,24,3,15,46,12,6,1,0,13,1,35,47,35047,4,2009,"1N4AL21E29N4","1","N","4","A","L","2","1","E","2","9","N","4",0,0,0,"000000000","00000000000",0,0,0,1,0,0,0,0,0,0,0,998,0,0,0,3,6,2,12,0,0,0,1,13,30096,6,1,0,0,3,0,69,215,98,3,0,2,1,4,2013,5,2015,0,0,0,0,0,2,3,45,1,3,2,1,3,3,11,62,99,1,1,68,"777777777777","777777777777","777777777777",0,0
13,130291,1,2,1,24,3,5,55,59,0,1,0,13,1,86,881,86881,63,2001,"1M2P267C51M0","1","M","2","P","2","6","7","C","5","1","M","0",0,0,57,"1115657","571115657",3,2,1,1,0,0,0,0,0,0,0,998,0,0,0,2,4,3,12,0,0,0,1,13,31061,6,1,6,9,3,3,70,170,98,0,0,0,0,0,0,0,0,0,0,0,0,0,1,2,40,3,1,2,1,0,0,14,13,99,1,4,1,"777777777777","777777777777","777777777777",0,0
13,130291,2,2,2,24,3,5,55,59,0,1,0,13,1,12,481,12481,31,1983,"1FTDF15G8DNA","1","F","T","D","F","1","5","G","8","D","N","A",0,0,0,"000000000","00000000000",0,0,0,1,0,0,0,0,0,0,0,0,0,0,0,12,6,2,12,0,0,0,1,13,31087,6,1,0,0,3,3,60,189,98,0,0,0,0,0,0,0,0,0,0,0,0,0,1,2,35,1,6,2,1,20,3,5,66,99,1,1,98,"777777777777","777777777777","777777777777",1,0
13,130292,1,2,1,24,3,20,5,12,6,1,0,13,1,35,47,35047,4,2008,"1N4AL21E18C2","1","N","4","A","L","2","1","E","1","8","C","2",0,0,0,"000000000","00000000000",0,0,0,1,0,0,0,0,0,0,0,998,0,0,0,3,6,2,12,0,0,0,1,13,30633,6,1,0,0,3,0,62,113,98,0,0,0,0,0,0,0,0,0,51,0,0,0,1,2,55,1,6,2,2,28,3,1,10,99,4,2,66,"777777777777","777777777777","777777777777",1,0
13,130292,2,2,1,24,3,20,5,12,6,1,0,13,1,55,33,55033,4,2011,"5NPEC4AC9BH1","5","N","P","E","C","4","A","C","9","B","H","1",0,0,0,"000000000","00000000000",0,0,0,1,0,0,0,0,0,0,0,998,0,0,0,12,6,2,12,0,0,0,1,13,30549,6,1,0,0,3,0,67,185,98,0,0,0,0,0,0,0,0,0,0,0,0,0,1,2,55,1,5,2,2,28,3,1,62,99,1,1,66,"777777777777","777777777777","777777777777",0,0
13,130293,1,2,1,25,3,16,10,12,6,1,0,92,0,53,705,53705,80,2008,"JS1GN7EA0821","J","S","1","G","N","7","E","A","0","8","2","1",0,0,0,"000000000","00000000000",0,0,0,1,0,0,0,0,0,0,0,998,0,0,0,12,6,2,12,0,0,0,1,13,30301,1,1,0,0,2,0,73,160,98,0,0,0,0,0,0,0,0,0,36,35,37,0,5,4,55,1,1,2,1,28,3,6,17,99,1,1,69,"777777777777","777777777777","777777777777",1,0
13,130293,2,2,1,25,3,16,10,12,6,1,0,13,4,6,18,6018,4,2015,"1C3CCCAB3FN6","1","C","3","C","C","C","A","B","3","F","N","6",0,0,0,"000000000","00000000000",0,0,0,1,0,0,0,0,0,0,0,998,0,0,0,3,6,2,12,0,0,0,1,13,30213,1,1,0,0,2,0,70,190,98,1,0,1,1,3,2013,11,2013,0,0,0,0,0,5,4,55,1,1,2,1,28,3,11,62,99,1,1,68,"777777777777","777777777777","777777777777",0,0
13,130294,1,1,1,25,3,14,50,10,0,1,0,13,3,98,806,98806,62,2016,"JHHRDM2H0GK0","J","H","H","R","D","M","2","H","0","G","K","0",0,0,57,"1131319","571131319",2,1,1,1,0,0,0,0,0,0,0,998,0,0,0,2,6,2,10,0,0,0,1,13,30236,6,1,6,0,3,1,70,210,98,0,0,0,0,0,0,0,0,0,38,0,0,0,1,2,55,1,5,2,1,65,3,1,90,99,1,1,15,"777777777777","777777777777","777777777777",1,0
13,130295,1,3,1,25,3,14,5,12,6,1,0,13,1,59,32,59032,4,2005,"JTHBN36F4550","J","T","H","B","N","3","6","F","4","5","5","0",0,0,0,"000000000","00000000000",0,0,0,1,0,0,0,0,0,0,0,62,0,0,0,3,6,2,12,0,0,0,1,13,30349,6,1,0,0,3,0,71,221,98,0,0,1,1,5,2012,2,2016,0,38,0,0,0,5,4,45,1,2,2,1,0,0,11,15,99,1,1,68,"777777777777","777777777777","777777777777",1,0
13,130295,2,3,2,25,3,14,5,12,6,1,0,13,1,7,442,7442,20,2015,"2C4RDGBG7FR5","2","C","4","R","D","G","B","G","7","F","R","5",0,0,0,"000000000","00000000000",0,0,0,1,0,0,0,0,0,0,0,998,0,0,0,12,6,2,12,0,0,0,1,13,30038,6,1,0,0,3,0,66,145,98,0,0,0,0,0,0,0,0,0,0,0,0,0,5,4,45,1,2,2,1,0,0,1,62,99,1,1,69,"777777777777","777777777777","777777777777",0,0
13,130295,3,3,1,25,3,14,5,12,6,1,0,13,1,42,48,42048,4,1998,"WDBJF65F5WA6","W","D","B","J","F","6","5","F","5","W","A","6",0,0,0,"000000000","00000000000",0,0,0,1,0,0,0,0,0,0,0,998,0,0,0,13,2,5,18,0,0,0,1,13,30058,6,1,0,0,3,3,63,170,98,0,0,0,0,0,0,0,0,0,0,0,0,0,5,4,45,1,2,3,1,28,3,1,90,99,1,1,98,"777777777777","777777777777","777777777777",0,0
13,130296,1,2,5,26,3,12,16,12,6,1,0,13,2,35,43,35043,4,2010,"3N1AB6APXAL6","3","N","1","A","B","6","A","P","X","A","L","6",0,0,0,"000000000","00000000000",0,0,0,1,0,0,0,0,0,0,0,998,0,0,0,9,6,2,12,0,0,0,1,13,30025,6,1,0,0,3,0,65,116,98,1,0,1,2,4,2012,10,2013,4,51,0,0,0,2,4,65,2,1,2,2,0,0,14,12,99,4,2,66,"777777777777","777777777777","777777777777",2,0
13,130296,2,2,1,26,3,12,16,12,6,1,0,13,1,19,3,19003,4,2002,"1G6KD54Y02U1","1","G","6","K","D","5","4","Y","0","2","U","1",0,0,0,"000000000","00000000000",0,0,0,1,0,0,0,0,0,0,0,998,0,0,0,12,6,2,12,0,0,0,1,13,30677,6,1,0,0,3,3,69,190,98,0,0,0,0,0,0,0,0,0,0,0,0,0,2,4,65,3,1,2,2,0,0,14,62,99,1,1,66,"777777777777","777777777777","777777777777",0,0
13,130297,1,1,1,26,3,2,57,24,0,1,0,13,1,12,422,12422,15,2002,"1FMRU17W42LA","1","F","M","R","U","1","7","W","4","2","L","A",0,0,0,"000000000","00000000000",0,0,0,1,0,0,0,0,0,0,0,998,0,1,1,5,6,2,24,0,0,0,1,13,30909,6,1,0,0,3,0,64,130,98,1,0,1,0,7,2015,11,2015,0,27,0,0,0,3,5,65,1,2,2,1,0,0,15,8,99,4,4,7,"777777777777","777777777777","777777777777",1,1
13,130298,1,1,1,26,3,22,39,38,0,1,0,13,1,23,472,23472,30,2006,"1GTCS1485682","1","G","T","C","S","1","4","8","5","6","8","2",0,0,0,"000000000","00000000000",0,0,0,1,0,0,0,0,0,0,0,998,0,1,5,1,6,2,1,0,0,0,1,13,31721,6,1,0,0,3,0,66,155,98,0,0,0,1,7,2015,7,2015,0,0,0,0,0,1,2,55,1,1,2,2,0,0,1,13,99,1,4,1,"777777777777","777777777777","777777777777",1,1
13,130299,1,1,1,26,3,11,38,35,0,1,0,13,1,49,472,49472,40,1997,"4TAVL52N6VZ2","4","T","A","V","L","5","2","N","6","V","Z","2",0,0,0,"000000000","00000000000",0,0,0,1,0,0,0,0,0,0,0,998,0,0,0,12,6,2,35,0,0,0,1,13,30213,6,1,0,0,3,0,66,208,98,0,0,0,0,0,0,0,0,0,0,0,0,0,1,2,35,3,6,2,1,0,0,14,13,99,1,4,1,"777777777777","777777777777","777777777777",1,0
13,130300,1,2,1,26,3,9,45,12,2,1,0,13,2,6,52,6052,6,2007,"3A4FY58B67T5","3","A","4","F","Y","5","8","B","6","7","T","5",0,0,0,"000000000","00000000000",0,0,0,1,0,0,0,0,0,0,0,998,0,0,0,12,6,2,12,0,0,1,1,13,30224,6,1,0,0,3,0,70,155,98,0,0,0,0,0,0,0,0,0,0,0,0,0,1,2,35,2,1,2,2,0,0,14,10,99,1,1,50,"777777777777","777777777777","777777777777",1,0
13,130300,2,2,1,26,3,9,45,12,2,1,0,13,3,98,809,98809,63,2002,"49HAADBV42DK","4","9","H","A","A","D","B","V","4","2","D","K",0,0,57,"638708","57638708",3,1,1,1,0,0,0,0,0,0,0,998,0,0,0,12,6,2,12,0,0,0,1,13,30253,6,1,6,0,3,1,69,165,98,0,0,0,2,4,2013,6,2015,0,0,0,0,0,1,2,35,2,1,2,2,0,0,14,62,99,1,1,51,"777777777777","777777777777","777777777777",0,0
13,130301,1,2,1,26,3,15,21,12,6,1,0,13,2,67,35,67035,2,2015,"JF1ZNAA14F97","J","F","1","Z","N","A","A","1","4","F","9","7",0,0,0,"000000000","00000000000",0,0,0,1,0,0,0,0,0,0,0,998,0,0,0,12,6,2,12,0,0,0,1,13,30045,6,2,0,0,3,3,69,117,98,0,0,0,0,0,0,0,0,3,28,39,0,0,1,2,35,1,1,2,2,20,3,6,17,99,1,1,88,"777777777777","777777777777","777777777777",0,0
13,130301,2,2,2,26,3,15,21,12,6,1,0,13,1,20,2,20002,4,2002,"2G1WF52EX293","2","G","1","W","F","5","2","E","X","2","9","3",0,0,0,"000000000","00000000000",0,0,0,1,0,0,0,0,0,0,0,998,0,0,0,9,6,2,12,0,0,0,1,13,30071,6,1,0,0,3,3,63,178,98,0,0,0,0,0,0,0,0,0,0,0,0,0,2,2,45,1,1,2,2,0,0,1,66,99,1,1,89,"777777777777","777777777777","777777777777",2,0
13,130302,1,1,1,27,3,18,5,34,0,1,0,13,2,58,35,58035,4,2000,"JNKCA31A5YT1","J","N","K","C","A","3","1","A","5","Y","T","1",0,0,0,"000000000","00000000000",0,0,0,1,0,0,0,0,0,0,0,998,0,1,5,12,6,2,42,0,0,0,1,13,30439,6,1,0,0,3,0,66,165,98,0,0,1,0,6,2012,6,2012,0,0,0,0,0,1,2,55,1,1,2,2,0,0,1,13,99,1,4,1,"777777777777","777777777777","777777777777",1,1
13,130303,1,2,1,27,3,15,34,12,6,1,0,13,2,2,404,2404,14,1991,"1J4FJ78S7ML6","1","J","4","F","J","7","8","S","7","M","L","6",0,0,0,"000000000","00000000000",0,0,0,1,0,0,0,0,0,0,0,998,0,0,0,11,6,2,12,0,0,0,1,13,30506,6,1,0,0,3,3,71,180,98,0,0,0,1,6,2011,6,2011,0,38,0,0,0,1,2,55,1,1,2,2,28,3,11,15,99,1,1,68,"777777777777","777777777777","777777777777",1,0
13,130303,2,2,3,27,3,15,34,12,6,1,0,13,2,12,481,12481,31,2004,"1FTPW12584KB","1","F","T","P","W","1","2","5","8","4","K","B",0,0,0,"000000000","00000000000",0,0,0,1,0,0,0,0,0,0,0,998,0,0,0,12,6,2,12,0,0,0,1,13,30680,6,1,0,0,3,3,70,190,98,0,0,0,0,0,0,0,0,0,0,0,0,0,1,2,55,1,6,2,2,28,3,1,67,99,1,1,69,"777777777777","777777777777","777777777777",0,0
13,130304,1,1,2,27,3,17,50,32,0,1,0,1,2,37,421,37421,15,2005,"5FNYF18625B0","5","F","N","Y","F","1","8","6","2","5","B","0",0,0,0,"000000000","00000000000",0,0,0,1,0,0,0,0,0,0,0,998,0,1,5,12,6,2,32,0,0,0,1,1,36274,6,1,0,0,3,0,70,200,0,0,0,4,0,5,2011,4,2015,0,0,0,0,0,1,2,55,3,1,2,2,28,3,14,13,99,1,4,1,"777777777777","777777777777","777777777777",1,0
13,130305,1,2,4,28,3,13,51,12,6,1,0,13,1,9,461,9461,21,1977,"BA2AE7X11995","B","A","2","A","E","7","X","1","1","9","9","5",0,0,0,"000000000","00000000000",0,0,0,1,0,0,0,0,0,0,0,60,0,0,0,12,4,3,12,0,0,0,1,13,30725,6,1,0,0,3,0,66,175,98,0,0,0,1,4,2015,4,2015,3,39,0,0,0,1,3,40,1,1,2,1,3,3,1,17,99,1,1,69,"777777777777","777777777777","777777777777",0,0
13,130305,2,2,1,28,3,13,51,12,6,1,0,13,1,73,706,73706,80,1995,"JKAVNDA14SB5","J","K","A","V","N","D","A","1","4","S","B","5",0,0,0,"000000000","00000000000",0,0,0,1,0,0,0,0,0,0,0,998,0,0,0,11,6,2,12,0,0,0,1,13,30736,6,1,0,0,3,0,72,185,98,0,0,0,0,0,0,0,0,0,0,0,0,0,1,2,30,1,1,2,1,3,3,11,66,99,1,1,68,"777777777777","777777777777","777777777777",1,0
13,130306,1,4,1,28,3,20,57,12,6,1,0,13,2,7,21,7021,6,2005,"2D8GV58225H5","2","D","8","G","V","5","8","2","2","5","H","5",0,0,0,"000000000","00000000000",0,0,0,1,0,0,0,0,0,0,0,998,0,0,0,12,6,2,12,0,0,0,1,48,75061,0,0,0,0,0,0,67,150,0,3,0,0,1,8,2012,2,2015,3,39,0,0,0,2,3,45,1,1,2,1,3,3,1,17,99,1,1,88,"777777777777","777777777777","777777777777",0,1
13,130306,2,4,3,28,3,20,57,12,6,1,0,13,2,49,422,49422,15,2005,"5TDZT38A85S2","5","T","D","Z","T","3","8","A","8","5","S","2",0,0,0,"000000000","00000000000",0,0,0,1,0,0,0,0,0,0,0,998,0,1,1,10,6,2,12,0,0,0,1,13,30135,6,1,0,0,3,0,66,150,98,0,0,0,0,0,0,0,0,0,0,0,0,0,1,2,45,1,1,2,1,3,3,1,66,99,1,1,89,"777777777777","777777777777","777777777777",1,0
13,130306,3,4,1,28,3,20,57,12,6,1,0,13,1,12,3,12003,1,2006,"1ZVFT85H4651","1","Z","V","F","T","8","5","H","4","6","5","1",0,0,0,"000000000","00000000000",0,0,0,1,0,0,0,0,0,0,0,998,0,0,0,11,6,2,12,0,0,0,1,13,30331,6,1,0,0,3,0,75,235,98,0,0,0,0,0,0,0,0,0,0,0,0,0,2,3,45,1,1,2,1,3,3,1,78,99,1,1,98,"777777777777","777777777777","777777777777",0,0
13,130306,4,4,1,28,3,20,57,12,6,1,0,13,1,42,421,42421,15,2007,"4JGBF71EX7A1","4","J","G","B","F","7","1","E","X","7","A","1",0,0,0,"000000000","00000000000",0,0,0,1,0,0,0,0,0,0,0,0,0,0,0,11,6,2,12,0,0,0,1,13,30134,6,1,0,0,3,0,66,145,98,0,0,0,5,11,2011,6,2015,0,0,0,0,0,2,3,45,1,1,2,1,3,3,5,78,99,1,1,98,"777777777777","777777777777","777777777777",0,0
13,130308,1,2,1,28,3,8,26,12,2,1,0,13,1,35,47,35047,2,2012,"1N4AL2EP0CC2","1","N","4","A","L","2","E","P","0","C","C","2",0,0,0,"000000000","00000000000",0,0,0,1,0,0,0,0,0,0,0,998,0,0,0,12,6,2,12,0,0,0,1,13,31553,6,1,6,0,3,1,68,286,98,0,0,1,1,2,2014,6,2015,0,0,0,0,0,1,2,55,2,1,2,1,0,0,14,10,7,1,2,50,"777777777777","777777777777","777777777777",1,0
13,130308,2,2,1,28,3,8,26,12,2,1,0,12,3,86,881,86881,66,2016,"1M1AW02Y3HM0","1","M","1","A","W","0","2","Y","3","H","M","0",1,1,57,"698768","57698768",3,6,1,1,0,0,0,0,0,0,0,998,0,0,0,12,6,2,12,0,0,0,1,12,32097,6,1,6,0,3,0,67,999,0,0,0,0,0,0,0,0,0,0,0,0,0,0,1,2,55,3,1,2,1,0,0,14,62,16,1,1,51,"1PLE04521GPB","777777777777","777777777777",0,0
13,130309,1,1,1,29,3,5,12,8,0,1,0,13,1,58,32,58032,4,2002,"JNKBF01A42M0","J","N","K","B","F","0","1","A","4","2","M","0",0,0,0,"000000000","00000000000",0,0,0,1,0,0,0,0,0,0,0,998,0,0,0,11,4,5,8,0,0,0,1,13,30315,6,1,0,0,3,0,72,160,98,0,0,0,0,0,0,0,0,0,0,0,0,0,1,5,40,1,1,2,1,0,0,1,80,99,1,1,13,"777777777777","777777777777","777777777777",0,0
13,130310,1,2,1,29,3,13,16,12,6,1,0,13,3,49,482,49482,31,2011,"5TFLU5F15BX0","5","T","F","L","U","5","F","1","5","B","X","0",0,0,0,"000000000","00000000000",0,0,0,1,0,0,0,0,0,0,0,998,0,0,0,1,6,2,12,0,0,0,1,13,30176,6,1,6,0,3,0,72,261,98,0,0,0,1,9,2015,9,2015,0,38,0,0,0,1,2,55,1,1,2,1,20,3,1,17,99,1,1,87,"777777777777","777777777777","777777777777",1,0
13,130310,2,2,2,29,3,13,16,12,6,1,0,1,1,2,403,2403,14,2010,"1J4BA3H14AL1","1","J","4","B","A","3","H","1","4","A","L","1",0,0,0,"000000000","00000000000",0,0,0,1,0,0,0,0,0,0,0,998,0,1,5,12,6,2,12,0,0,0,1,1,35242,6,1,0,0,3,0,72,210,0,0,0,0,0,0,0,0,0,0,0,0,0,0,1,2,55,1,1,2,1,0,0,1,66,99,1,1,86,"777777777777","777777777777","777777777777",0,0
13,130311,1,2,1,29,3,10,33,12,7,1,0,13,1,2,403,2403,14,2014,"1C4AJWAG9EL2","1","C","4","A","J","W","A","G","9","E","L","2",0,0,0,"000000000","00000000000",0,0,0,1,0,0,0,0,0,0,0,998,0,0,0,1,2,3,12,0,0,0,1,55,54911,6,1,0,0,3,0,70,155,0,0,0,0,2,5,2012,5,2012,0,27,0,0,0,2,2,40,1,1,1,1,0,0,15,11,99,1,1,46,"777777777777","777777777777","777777777777",0,0
13,130311,2,2,1,29,3,10,33,12,7,1,0,13,2,2,402,2402,14,1978,"J8F9E3A12252","J","8","F","9","E","3","A","1","2","2","5","2",0,0,0,"000000000","00000000000",0,0,0,1,0,0,0,0,0,0,0,998,0,0,0,7,6,2,12,0,0,0,1,1,36043,6,1,0,0,3,0,72,195,0,0,0,0,0,0,0,0,0,0,0,0,0,0,2,2,40,1,1,1,1,0,0,1,60,99,1,1,45,"777777777777","777777777777","777777777777",1,0
13,130312,1,2,1,29,3,15,13,12,6,1,0,13,3,49,46,49046,5,2015,"JTDKDTB39F11","J","T","D","K","D","T","B","3","9","F","1","1",0,0,0,"000000000","00000000000",0,0,0,1,0,0,0,0,0,0,0,998,0,0,0,12,6,2,12,0,0,0,1,13,30157,6,1,0,0,3,0,70,200,98,0,0,0,0,0,0,0,0,0,39,0,0,0,2,4,55,1,1,2,1,3,3,1,17,99,1,1,86,"777777777777","777777777777","777777777777",0,0
13,130312,2,2,1,29,3,15,13,12,6,1,0,13,1,12,23,12023,4,2012,"3FAHP0JG8CR3","3","F","A","H","P","0","J","G","8","C","R","3",0,0,0,"000000000","00000000000",0,0,0,1,0,0,0,0,0,0,0,998,0,0,0,2,6,2,12,0,0,0,1,13,30132,6,1,0,0,3,0,64,118,98,0,0,1,1,10,2014,8,2015,0,0,0,0,0,1,2,35,1,1,2,1,3,3,1,66,99,1,1,87,"777777777777","777777777777","777777777777",1,0
13,130314,1,2,1,30,3,20,5,12,2,1,0,13,1,23,402,23402,14,2012,"2GKALSEK6C63","2","G","K","A","L","S","E","K","6","C","6","3",0,0,0,"000000000","00000000000",0,0,0,1,0,0,0,0,0,0,0,998,0,0,0,12,6,2,12,0,0,0,1,13,31033,6,1,0,0,3,0,66,175,98,0,0,0,0,0,0,0,0,0,0,0,0,0,1,2,55,1,1,2,1,0,0,1,62,99,1,1,51,"777777777777","777777777777","777777777777",0,0
13,130314,2,2,1,30,3,20,5,12,2,1,0,13,1,20,481,20481,31,2003,"2GCEC19T2313","2","G","C","E","C","1","9","T","2","3","1","3",0,0,0,"000000000","00000000000",0,0,0,1,0,0,0,0,0,0,0,998,0,0,0,12,6,2,12,0,0,0,1,13,31032,6,1,6,0,3,0,65,112,98,0,0,0,0,0,0,0,0,0,0,0,0,0,1,2,55,1,1,2,1,0,0,1,10,99,1,1,50,"777777777777","777777777777","777777777777",1,0