"STATE","ST_CASE","VEH_NO","VE_FORMS","NUMOCCS","DAY","MONTH","HOUR","MINUTE","HARM_EV","MAN_COLL","UNITTYPE","HIT_RUN","REG_STAT","OWNER","MAKE","MODEL","MAK_MOD","BODY_TYP","MOD_YEAR","VIN","VIN_1","VIN_2","VIN_3","VIN_4","VIN_5","VIN_6","VIN_7","VIN_8","VIN_9","VIN_10","VIN_11","VIN_12","TOW_VEH","J_KNIFE","MCARR_I1","MCARR_I2","MCARR_ID","GVWR","V_CONFIG","CARGO_BT","HAZ_INV","HAZ_PLAC","HAZ_ID","HAZ_CNO","HAZ_REL","BUS_USE","SPEC_USE","EMER_USE","TRAV_SP","UNDERIDE","ROLLOVER","ROLINLOC","IMPACT1","DEFORMED","TOWED","M_HARM","VEH_SC1","VEH_SC2","FIRE_EXP","DR_PRES","L_STATE","DR_ZIP","L_STATUS","L_TYPE","CDL_STAT","L_ENDORS","L_COMPL","L_RESTRI","DR_HGT","DR_WGT","PREV_ACC","PREV_SUS","PREV_DWI","PREV_SPD","PREV_OTH","FIRST_MO","FIRST_YR","LAST_MO","LAST_YR","SPEEDREL","DR_SF1","DR_SF2","DR_SF3","DR_SF4","VTRAFWAY","VNUM_LAN","VSPD_LIM","VALIGN","VPROFILE","VPAVETYP","VSURCOND","VTRAFCON","VTCONT_F","P_CRASH1","P_CRASH2","P_CRASH3","PCRASH4","PCRASH5","ACC_TYPE","TRLR1VIN","TRLR2VIN","TRLR3VIN","DEATHS","DR_DRINK"
13,130315,1,3,1,30,3,19,0,12,6,1,0,18,3,84,884,84884,66,2016,"1HSDJAPR3GH7","1","H","S","D","J","A","P","R","3","G","H","7",1,1,57,"63391","5763391",3,6,1,1,0,0,0,0,0,0,0,998,0,0,0,4,6,2,12,0,0,0,1,13,31709,6,1,6,9,3,1,68,230,98,0,0,0,1,6,2013,6,2013,0,0,0,0,0,1,2,55,1,5,2,1,0,0,11,15,99,1,1,68,"1GRAA96232T0","777777777777","777777777777",0,0
13,130315,2,3,1,30,3,19,0,12,6,1,0,13,1,12,471,12471,30,1995,"1FTCR14A2SPA","1","F","T","C","R","1","4","A","2","S","P","A",0,0,0,"000000000","00000000000",0,0,0,1,0,0,0,0,0,0,0,998,0,0,0,12,6,2,12,0,0,0,1,13,31709,1,1,5,0,2,0,73,160,98,2,1,1,0,6,2013,12,2014,0,0,0,0,0,1,2,55,1,6,2,1,0,0,1,62,7,1,2,69,"777777777777","777777777777","777777777777",1,1
13,130315,3,3,2,30,3,19,0,12,6,1,0,13,1,12,37,12037,4,2014,"1FADP3F20EL4","1","F","A","D","P","3","F","2","0","E","L","4",0,0,0,"000000000","00000000000",0,0,0,1,0,0,0,0,0,0,0,998,0,0,0,12,2,5,18,0,0,0,1,13,31709,6,1,0,0,3,0,63,125,98,0,0,0,0,0,0,0,0,0,0,0,0,0,1,2,55,1,5,2,1,0,0,2,90,99,1,1,98,"777777777777","777777777777","777777777777",0,0
13,130316,1,4,1,31,3,13,54,12,1,1,0,45,4,55,401,55401,14,2016,"KM8SM4HF6GU1","K","M","8","S","M","4","H","F","6","G","U","1",0,0,0,"000000000","00000000000",0,0,0,1,0,0,0,0,0,0,0,998,0,0,0,12,6,2,12,0,0,0,1,13,31406,6,1,0,0,3,0,69,175,98,0,0,0,0,0,0,0,0,4,26,0,0,0,2,3,35,1,1,2,1,3,3,1,50,99,1,1,20,"777777777777","777777777777","777777777777",0,0
13,130316,2,4,2,31,3,13,54,12,1,1,0,36,2,55,33,55033,4,2009,"5NPET46C39H5","5","N","P","E","T","4","6","C","3","9","H","5",0,0,0,"000000000","00000000000",0,0,0,1,0,0,0,0,0,0,0,0,0,0,0,6,6,2,12,0,0,0,1,36,13209,6,1,0,0,3,3,69,999,0,0,0,0,0,0,0,0,0,0,0,0,0,0,2,3,35,1,1,2,1,3,3,5,53,1,1,1,21,"777777777777","777777777777","777777777777",1,0
13,130316,3,4,1,31,3,13,54,12,1,1,0,13,1,12,401,12401,14,1992,"1FMDU34X6NUD","1","F","M","D","U","3","4","X","6","N","U","D",0,0,0,"000000000","00000000000",0,0,0,1,0,0,0,0,0,0,0,0,0,0,0,6,9,5,12,0,0,0,1,13,31419,6,1,0,0,3,3,70,165,98,0,0,0,0,0,0,0,0,0,0,0,0,0,2,3,35,1,1,2,1,3,3,5,53,1,1,1,98,"777777777777","777777777777","777777777777",0,0
13,130316,4,4,1,31,3,13,54,12,1,1,0,13,2,37,32,37032,4,2010,"1HGCP3F82AA0","1","H","G","C","P","3","F","8","2","A","A","0",0,0,0,"000000000","00000000000",0,0,0,1,0,0,0,0,0,0,0,0,0,0,0,6,9,5,12,0,0,0,1,13,31323,6,1,0,0,3,3,68,220,98,0,0,0,0,0,0,0,0,0,0,0,0,0,2,3,35,1,1,2,1,3,3,5,53,1,1,1,98,"777777777777","777777777777","777777777777",0,0
13,130317,1,1,1,31,3,15,46,42,0,1,0,0,0,37,739,37739,90,2003,"000000000000","0","0","0","0","0","0","0","0","0","0","0","0",0,0,0,"000000000","00000000000",0,0,0,1,0,0,0,0,0,0,0,998,0,0,0,12,6,2,42,0,0,0,1,13,30814,0,0,0,0,1,0,999,999,98,0,0,0,0,0,0,0,0,4,0,0,0,0,1,2,35,3,1,2,1,0,0,14,13,99,1,4,1,"777777777777","777777777777","777777777777",1,0
13,130318,1,1,1,31,3,22,45,1,0,1,0,13,2,63,34,63034,4,2008,"KNAGE1234852","K","N","A","G","E","1","2","3","4","8","5","2",0,0,0,"000000000","00000000000",0,0,0,1,0,0,0,0,0,0,0,998,0,1,5,0,6,2,1,0,0,1,1,13,31304,6,1,0,0,3,0,67,175,98,0,0,0,2,1,2012,1,2012,0,58,0,0,0,1,2,55,1,1,2,1,0,0,1,12,99,1,4,6,"777777777777","777777777777","777777777777",1,1
13,130319,1,1,1,31,3,15,10,9,0,1,1,13,1,20,443,20443,20,2000,"1GNDX03E6YD2","1","G","N","D","X","0","3","E","6","Y","D","2",0,0,0,"000000000","00000000000",0,0,0,1,0,0,0,0,0,0,0,998,0,0,0,12,4,3,9,0,0,0,1,13,30224,6,1,0,0,3,0,59,160,98,0,0,0,0,0,0,0,0,0,0,0,0,0,5,2,45,1,6,2,1,0,0,1,83,99,1,1,13,"777777777777","777777777777","777777777777",0,0
13,130320,1,2,1,1,4,23,18,12,6,1,0,13,2,6,43,6043,4,2006,"1C3EL46X26N1","1","C","3","E","L","4","6","X","2","6","N","1",0,0,0,"000000000","00000000000",0,0,0,1,0,0,0,0,0,0,0,998,0,0,0,3,6,2,12,0,0,0,1,13,30269,6,2,0,0,3,0,62,165,98,0,0,0,0,0,0,0,0,0,38,0,0,0,2,2,45,1,1,2,2,0,0,11,15,99,1,1,68,"777777777777","777777777777","777777777777",1,0
13,130320,2,2,1,1,4,23,18,12,6,1,0,13,1,7,472,7472,30,1998,"1B7FL26X7WS7","1","B","7","F","L","2","6","X","7","W","S","7",0,0,0,"000000000","00000000000",0,0,0,1,0,0,0,0,0,0,0,998,0,0,0,12,6,2,12,0,0,0,1,13,30236,6,1,0,0,3,3,68,127,98,0,0,0,0,0,0,0,0,0,0,0,0,0,2,2,45,1,1,2,2,0,0,1,62,99,1,1,69,"777777777777","777777777777","777777777777",0,0
13,130321,1,1,7,1,4,20,7,1,0,1,0,13,1,12,422,12422,15,2002,"1FMRU17W02LA","1","F","M","R","U","1","7","W","0","2","L","A",0,0,0,"000000000","00000000000",0,0,0,1,0,0,0,0,0,0,0,998,0,2,1,0,6,2,1,0,0,0,1,13,31907,6,1,0,0,3,0,62,132,98,0,0,0,0,0,0,0,0,0,6,87,0,0,3,4,70,1,1,2,2,0,0,1,6,6,4,2,98,"777777777777","777777777777","777777777777",3,1
13,130322,1,2,1,1,4,5,15,12,2,1,0,4,3,23,481,23481,31,2015,"1GTN1TEC5FZ9","1","G","T","N","1","T","E","C","5","F","Z","9",0,0,0,"000000000","00000000000",0,0,0,1,0,0,0,0,0,0,0,998,0,0,0,12,6,2,12,0,0,0,1,13,30083,6,1,0,0,3,3,71,165,98,1,0,0,0,2,2016,2,2016,4,28,87,0,0,1,2,45,1,2,2,2,0,0,1,10,99,1,2,50,"777777777777","777777777777","777777777777",0,0
13,130322,2,2,1,1,4,5,15,12,2,1,0,13,1,12,481,12481,31,1994,"1FTEX15N4RKA","1","F","T","E","X","1","5","N","4","R","K","A",0,0,0,"000000000","00000000000",0,0,0,1,0,0,0,0,0,0,0,998,0,0,0,12,6,2,12,0,0,0,1,13,30083,6,1,0,0,3,0,71,250,98,0,0,0,0,0,0,0,0,0,0,0,0,0,1,2,45,1,2,2,2,0,0,1,62,99,1,1,51,"777777777777","777777777777","777777777777",1,0
13,130323,1,1,1,1,4,1,30,43,0,1,0,13,2,35,50,35050,4,2007,"3N1BC13E97L3","3","N","1","B","C","1","3","E","9","7","L","3",0,0,0,"000000000","00000000000",0,0,0,1,0,0,0,0,0,0,0,998,0,0,0,12,6,2,42,0,0,0,1,13,30135,6,2,0,0,3,0,63,128,98,0,0,0,0,0,0,0,0,4,0,0,0,0,1,2,45,3,1,2,2,0,0,14,6,7,3,4,7,"777777777777","777777777777","777777777777",1,0
13,130324,1,2,1,1,4,12,40,12,6,1,0,13,2,14,6,14006,4,2005,"2MEFM74W05X6","2","M","E","F","M","7","4","W","0","5","X","6",0,0,0,"000000000","00000000000",0,0,0,1,0,0,0,0,0,0,0,998,0,0,0,9,6,2,12,0,0,0,1,13,30110,6,1,0,0,3,0,62,165,98,0,0,0,0,0,0,0,0,0,38,0,0,0,5,3,35,1,5,2,1,0,0,11,15,99,9,1,82,"777777777777","777777777777","777777777777",1,0
13,130324,2,2,2,1,4,12,40,12,6,1,0,13,2,12,481,12481,31,2001,"1FTRW08L01KF","1","F","T","R","W","0","8","L","0","1","K","F",0,0,0,"000000000","00000000000",0,0,0,1,0,0,0,0,0,0,0,998,0,0,0,12,6,2,12,0,0,0,1,13,30185,6,2,0,0,3,0,71,135,98,0,0,0,0,0,0,0,0,0,0,0,0,0,5,3,35,1,6,2,1,0,0,1,72,6,9,1,83,"777777777777","777777777777","777777777777",0,0
13,130325,1,1,1,2,4,22,15,53,0,1,0,12,1,12,481,12481,31,2007,"1FTSW21PX7EA","1","F","T","S","W","2","1","P","X","7","E","A",0,0,0,"000000000","00000000000",0,0,0,1,0,0,0,0,0,0,0,998,0,1,6,2,6,2,1,0,0,0,1,12,32312,6,1,0,0,3,0,64,999,0,0,0,0,1,3,2015,3,2015,4,58,0,0,0,1,2,55,3,1,2,1,0,0,14,6,6,2,4,2,"777777777777","777777777777","777777777777",1,1
13,130326,1,2,1,2,4,15,30,12,2,1,0,13,1,63,402,63402,14,2008,"KNDJD7354857","K","N","D","J","D","7","3","5","4","8","5","7",0,0,0,"000000000","00000000000",0,0,0,1,0,0,0,0,0,0,0,998,0,0,0,12,6,2,12,0,0,0,1,13,30054,6,1,0,0,3,3,62,148,98,1,0,2,1,5,2011,5,2015,0,28,0,0,0,1,2,55,3,1,2,1,0,0,14,13,6,4,6,50,"777777777777","777777777777","777777777777",0,0
13,130326,2,2,2,2,4,15,30,12,2,1,0,13,1,37,402,37402,14,2009,"3CZRE48599G7","3","C","Z","R","E","4","8","5","9","9","G","7",0,0,0,"000000000","00000000000",0,0,0,1,0,0,0,0,0,0,0,998,0,0,0,12,6,2,12,0,0,0,1,13,30248,6,1,0,0,3,0,74,240,98,0,0,0,1,5,2012,5,2012,0,0,0,0,0,1,2,55,2,1,2,1,0,0,14,62,99,9,1,51,"777777777777","777777777777","777777777777",1,0
13,130327,1,2,2,2,4,14,8,12,6,1,0,13,1,59,35,59035,4,2012,"JTHBF5C24C51","J","T","H","B","F","5","C","2","4","C","5","1",0,0,0,"000000000","00000000000",0,0,0,1,0,0,0,0,0,0,0,998,0,0,0,12,6,2,12,0,0,0,1,13,31008,6,1,0,0,3,0,65,185,98,3,0,2,2,9,2013,1,2015,0,38,0,0,0,1,2,30,1,1,2,1,20,3,1,17,99,9,1,86,"777777777777","777777777777","777777777777",0,0
13,130327,2,2,3,2,4,14,8,12,6,1,0,21,1,51,401,51401,14,2005,"YV1CZ911X512","Y","V","1","C","Z","9","1","1","X","5","1","2",0,0,0,"000000000","00000000000",0,0,0,1,0,0,0,0,0,0,0,998,0,1,1,1,6,2,1,0,0,0,1,21,40014,6,1,0,0,3,0,73,205,0,0,0,0,0,0,0,0,0,0,0,0,0,0,1,2,45,1,1,2,1,0,0,1,17,99,9,1,87,"777777777777","777777777777","777777777777",1,0
13,130328,1,1,1,2,4,6,20,42,0,1,0,13,1,23,401,23401,14,2002,"1GKDS13S4222","1","G","K","D","S","1","3","S","4","2","2","2",0,0,0,"000000000","00000000000",0,0,0,1,0,0,0,0,0,0,0,998,0,0,0,11,6,2,42,0,0,0,1,13,30058,6,1,0,0,3,0,75,238,98,2,0,1,3,12,2011,4,2015,0,87,0,0,0,1,2,40,2,1,2,2,0,0,14,6,9,3,4,2,"777777777777","777777777777","777777777777",1,1
13,130329,1,2,1,2,4,11,7,12,6,1,0,13,1,49,40,49040,4,2003,"4T1BE32K83U1","4","T","1","B","E","3","2","K","8","3","U","1",0,0,0,"000000000","00000000000",0,0,0,1,0,0,0,0,0,0,0,998,0,0,0,4,6,2,12,0,0,0,1,13,30092,6,1,0,0,3,3,74,184,98,0,0,0,0,0,0,0,0,0,38,0,0,0,2,3,55,1,1,2,1,3,3,11,15,99,1,1,68,"777777777777","777777777777","777777777777",1,0
13,130329,2,2,1,2,4,11,7,12,6,1,0,13,2,12,35,12035,4,1999,"1FAFP6633XK2","1","F","A","F","P","6","6","3","3","X","K","2",0,0,0,"000000000","00000000000",0,0,0,1,0,0,0,0,0,0,0,998,0,0,0,12,6,2,12,0,0,0,1,13,30085,6,2,0,0,3,0,72,210,98,0,0,0,0,0,0,0,0,0,0,0,0,0,2,3,55,1,1,2,1,3,3,1,62,99,1,1,69,"777777777777","777777777777","777777777777",0,0
13,130330,1,1,1,2,4,15,37,8,0,1,0,13,2,12,401,12401,14,2007,"1FMFK17517LA","1","F","M","F","K","1","7","5","1","7","L","A",0,0,0,"000000000","00000000000",0,0,0,1,0,0,0,0,0,0,0,998,0,0,0,12,0,5,8,0,0,0,1,13,30019,6,1,0,0,3,0,73,196,98,0,0,0,1,4,2012,4,2012,0,0,0,0,0,1,2,25,1,1,2,1,0,0,1,80,1,1,1,13,"777777777777","777777777777","777777777777",0,0
13,130331,1,1,4,2,4,19,20,1,0,1,0,13,2,13,421,13421,15,2003,"5LMFU27R13LJ","5","L","M","F","U","2","7","R","1","3","L","J",0,0,0,"000000000","00000000000",0,0,0,1,0,0,0,0,0,0,0,998,0,2,5,0,6,2,1,0,0,0,1,13,31220,6,1,0,0,3,3,68,190,98,2,0,1,2,9,2012,10,2015,4,87,0,0,0,1,2,55,1,1,2,6,40,3,1,98,99,9,4,98,"777777777777","777777777777","777777777777",3,0
13,130332,1,2,1,2,4,18,15,12,6,1,0,13,1,35,472,35472,30,1998,"1N6DD26S1WC3","1","N","6","D","D","2","6","S","1","W","C","3",0,0,0,"000000000","00000000000",0,0,0,1,0,0,0,0,0,0,0,998,0,0,0,1,6,2,12,32,0,0,1,13,31545,6,1,0,0,3,3,71,195,98,0,0,0,0,0,0,0,0,0,38,0,0,0,1,2,45,1,1,2,1,20,3,1,17,99,9,1,87,"777777777777","777777777777","777777777777",1,0
13,130332,2,2,1,2,4,18,15,12,6,1,0,92,0,20,481,20481,31,2002,"2GCEK19T3211","2","G","C","E","K","1","9","T","3","2","1","1",0,0,0,"000000000","00000000000",0,0,0,1,0,0,0,0,0,0,0,998,0,0,0,12,6,2,12,0,0,0,1,13,31555,6,1,0,0,3,0,70,190,98,0,0,0,0,0,0,0,0,0,0,0,0,0,1,2,55,1,1,2,1,0,0,1,66,1,1,1,86,"777777777777","777777777777","777777777777",0,0
13,130333,1,1,1,3,4,0,20,52,0,1,0,92,0,37,706,37706,80,2005,"JH2PC370X5M2","J","H","2","P","C","3","7","0","X","5","M","2",0,0,0,"000000000","00000000000",0,0,0,1,0,0,0,0,0,0,0,998,0,0,0,12,6,2,52,0,0,0,1,13,30288,0,0,0,0,0,0,999,999,98,0,0,0,0,0,0,0,0,4,0,0,0,0,1,2,40,3,1,2,1,0,0,14,6,99,2,4,2,"777777777777","777777777777","777777777777",1,0
13,130334,1,1,1,3,4,3,20,25,0,1,0,13,1,63,34,63034,4,2006,"KNAGE1237650","K","N","A","G","E","1","2","3","7","6","5","0",0,0,0,"000000000","00000000000",0,0,0,1,0,0,0,0,0,0,0,998,0,0,0,12,6,2,25,0,0,0,1,13,31907,1,1,0,0,2,3,66,151,98,7,0,6,0,2,2012,1,2016,0,0,0,0,0,3,5,55,2,1,1,1,0,0,14,9,9,2,4,7,"777777777777","777777777777","777777777777",1,1
13,130335,1,1,2,3,4,16,59,34,0,1,0,13,1,7,482,7482,31,2003,"1D7HU18D43J6","1","D","7","H","U","1","8","D","4","3","J","6",0,0,0,"000000000","00000000000",0,0,0,1,0,0,0,0,0,0,0,998,0,0,0,12,6,2,42,0,0,0,1,13,30014,6,1,0,0,3,0,72,200,98,0,0,0,0,0,0,0,0,0,58,0,0,0,1,2,35,1,1,2,1,0,0,1,13,6,9,4,1,"777777777777","777777777777","777777777777",1,1
13,130336,1,1,1,4,4,8,6,42,0,1,0,13,1,20,16,20016,4,2004,"1G1JC52F8471","1","G","1","J","C","5","2","F","8","4","7","1",0,0,0,"000000000","00000000000",0,0,0,1,0,0,0,0,0,0,0,998,0,1,5,11,6,2,42,0,0,0,1,13,31539,6,1,0,0,3,0,64,205,98,0,0,0,0,0,0,0,0,0,99,99,99,99,1,2,55,1,1,2,1,0,0,1,9,99,9,4,10,"777777777777","777777777777","777777777777",1,0
13,130337,1,2,1,4,4,19,18,12,6,1,0,13,1,73,706,73706,80,2015,"JKBZXNF18FA0","J","K","B","Z","X","N","F","1","8","F","A","0",0,0,0,"000000000","00000000000",0,0,0,1,0,0,0,0,0,0,0,998,0,0,0,12,6,2,12,0,0,0,1,13,30474,6,1,0,0,3,1,76,300,98,0,0,0,0,0,0,0,0,0,39,38,0,0,1,2,55,1,1,2,1,20,3,1,66,99,9,1,88,"777777777777","777777777777","777777777777",1,0
13,130337,2,2,3,4,4,19,18,12,6,1,0,13,1,49,40,49040,4,2014,"4T1BF1FKXEU8","4","T","1","B","F","1","F","K","X","E","U","8",0,0,0,"000000000","00000000000",0,0,0,1,0,0,0,0,0,0,0,998,0,0,0,9,6,2,12,0,0,0,1,13,30034,6,1,0,0,3,0,61,230,98,0,0,0,0,0,0,0,0,0,0,0,0,0,1,2,55,1,6,2,1,0,0,1,17,99,9,1,89,"777777777777","777777777777","777777777777",0,0
13,130338,1,1,2,5,4,16,30,38,0,1,0,51,1,82,850,82850,65,2006,"4UZACJBV66CW","4","U","Z","A","C","J","B","V","6","6","C","W",0,0,0,"000000000","00000000000",0,0,0,1,0,0,0,0,0,0,0,998,0,0,0,12,6,2,42,0,0,0,1,51,23083,6,1,0,0,3,0,69,170,0,0,0,0,0,0,0,0,0,0,80,0,0,0,3,3,70,1,1,2,1,0,0,1,1,16,2,4,2,"777777777777","777777777777","777777777777",1,0
13,130339,1,2,2,5,4,18,11,12,8,1,0,13,1,35,472,35472,30,1999,"1N6ED26YXXC3","1","N","6","E","D","2","6","Y","X","X","C","3",0,0,0,"000000000","00000000000",0,0,0,1,0,0,0,0,0,0,0,998,0,1,5,1,6,2,12,0,0,0,1,13,30635,1,1,0,0,2,0,72,180,98,4,1,1,2,5,2013,3,2016,0,36,28,0,0,1,2,45,2,5,2,1,0,0,14,10,99,9,2,64,"777777777777","777777777777","777777777777",0,0
13,130339,2,2,1,5,4,18,11,12,8,1,0,13,1,24,1,24001,4,1995,"1G8ZG5288SZ1","1","G","8","Z","G","5","2","8","8","S","Z","1",0,0,0,"000000000","00000000000",0,0,0,1,0,0,0,0,0,0,0,998,0,0,0,11,6,2,12,0,0,0,1,13,30627,6,1,0,0,3,3,64,235,98,0,0,0,1,1,2013,1,2013,0,0,0,0,0,1,2,45,1,5,2,1,0,0,1,62,9,2,1,65,"777777777777","777777777777","777777777777",1,0
13,130340,1,1,2,5,4,14,35,1,0,1,0,13,2,12,401,12401,14,1998,"1FMYU24X8WUA","1","F","M","Y","U","2","4","X","8","W","U","A",0,0,0,"000000000","00000000000",0,0,0,1,0,0,0,0,0,0,0,998,0,2,1,0,6,2,1,0,0,0,1,13,30740,0,0,0,0,0,0,999,999,98,0,0,0,0,0,0,0,0,0,91,0,0,0,1,2,55,2,1,2,1,0,0,14,13,6,4,6,98,"777777777777","777777777777","777777777777",1,0
13,130341,1,2,1,5,4,15,19,12,2,1,0,13,1,6,441,6441,20,2004,"1C4GP45RX4B5","1","C","4","G","P","4","5","R","X","4","B","5",0,0,0,"000000000","00000000000",0,0,0,1,0,0,0,0,0,0,0,998,0,0,0,12,6,2,12,0,0,0,1,13,30012,6,1,0,0,3,0,71,223,98,0,0,0,1,12,2012,12,2012,0,28,0,0,0,1,3,55,3,2,2,1,0,0,14,10,99,1,2,50,"777777777777","777777777777","777777777777",1,0
13,130341,2,2,1,5,4,15,19,12,2,1,0,13,1,37,441,37441,20,2007,"5FNRL38767B0","5","F","N","R","L","3","8","7","6","7","B","0",0,0,0,"000000000","00000000000",0,0,0,1,0,0,0,0,0,0,0,998,0,0,0,12,6,2,12,0,0,0,1,13,30012,6,1,0,0,3,0,66,230,98,0,0,0,1,3,2012,3,2012,0,0,0,0,0,1,3,55,2,2,2,1,0,0,14,62,99,1,1,51,"777777777777","777777777777","777777777777",1,0
13,130342,1,1,1,5,4,6,55,8,0,1,0,13,2,22,2,22002,4,2000,"1G2HX54K1Y42","1","G","2","H","X","5","4","K","1","Y","4","2",0,0,0,"000000000","00000000000",0,0,0,1,0,0,0,0,0,0,0,998,0,0,0,12,2,3,8,0,0,0,1,13,39837,6,1,6,0,3,0,68,200,98,0,0,0,0,0,0,0,0,0,0,0,0,0,1,2,35,1,6,2,1,0,0,1,80,15,2,1,13,"777777777777","777777777777","777777777777",0,0
13,130343,1,1,1,5,4,16,28,32,0,1,0,13,1,37,706,37706,80,2004,"1HFSC47464A3","1","H","F","S","C","4","7","4","6","4","A","3",0,0,0,"000000000","00000000000",0,0,0,1,0,0,0,0,0,0,0,998,0,0,0,12,6,2,32,0,0,0,1,13,31211,6,1,0,0,3,0,73,230,98,0,0,0,0,0,0,0,0,0,0,0,0,0,1,2,35,3,2,2,1,0,0,14,6,99,9,4,2,"777777777777","777777777777","777777777777",1,0
13,130344,1,1,1,6,4,0,1,8,0,1,0,13,1,49,40,49040,4,1997,"4T1BG22K9VU7","4","T","1","B","G","2","2","K","9","V","U","7",0,0,0,"000000000","00000000000",0,0,0,1,0,0,0,0,0,0,0,998,0,0,0,12,6,2,8,0,0,0,1,13,30224,6,1,0,0,3,3,69,266,98,0,0,0,0,0,0,0,0,0,0,0,0,0,2,3,45,1,1,2,1,0,0,1,80,1,1,1,13,"777777777777","777777777777","777777777777",0,0
13,130345,1,1,1,6,4,17,40,8,0,1,1,92,0,22,22,22022,4,2007,"1G2ZG58B9742","1","G","2","Z","G","5","8","B","9","7","4","2",0,0,0,"000000000","00000000000",0,0,0,1,0,0,0,0,0,0,0,998,0,0,0,12,6,2,8,0,0,0,1,13,30310,1,7,0,0,2,2,74,222,98,1,0,0,1,11,2013,2,2015,0,73,0,0,0,1,2,30,1,1,1,1,0,0,1,80,99,1,1,13,"777777777777","777777777777","777777777777",0,0
13,130346,1,1,1,6,4,18,49,9,0,1,0,20,1,58,36,58036,4,2002,"JNKDA31AX2T0","J","N","K","D","A","3","1","A","X","2","T","0",0,0,0,"000000000","00000000000",0,0,0,1,0,0,0,0,0,0,0,998,0,0,0,12,4,3,9,0,0,0,1,20,66441,6,1,0,0,3,3,999,999,1,0,0,1,3,10,2013,5,2015,0,26,0,0,0,1,4,45,3,1,2,1,0,0,14,83,99,9,1,13,"777777777777","777777777777","777777777777",0,0
13,130347,1,1,1,6,4,3,36,53,0,1,0,92,0,20,481,20481,31,2004,"1GCHK29294E2","1","G","C","H","K","2","9","2","9","4","E","2",0,0,0,"000000000","00000000000",0,0,0,1,0,0,0,0,0,0,0,998,0,1,5,12,6,2,35,0,0,0,1,13,31313,3,1,0,0,2,0,69,170,98,0,0,0,2,11,2015,2,2016,5,36,0,0,0,1,2,55,3,1,2,1,0,0,14,6,16,2,4,2,"777777777777","777777777777","777777777777",1,0
13,130348,1,2,1,6,4,6,22,12,2,1,0,13,2,37,32,37032,4,1997,"1HGCD5607VA0","1","H","G","C","D","5","6","0","7","V","A","0",0,0,0,"000000000","00000000000",0,0,0,1,0,0,0,0,0,0,0,998,0,0,0,12,6,2,12,0,0,0,1,13,30606,6,1,0,0,3,3,61,226,98,0,0,0,0,0,0,0,0,0,28,58,0,0,1,2,55,2,1,2,1,0,0,14,13,8,9,6,50,"777777777777","777777777777","777777777777",1,0
13,130348,2,2,1,6,4,6,22,12,2,1,0,13,1,14,6,14006,4,2002,"2MEFM74W52X6","2","M","E","F","M","7","4","W","5","2","X","6",0,0,0,"000000000","00000000000",0,0,0,1,0,0,0,0,0,0,0,998,0,0,0,12,6,2,12,0,0,1,1,13,30094,6,1,0,0,3,3,63,130,98,0,0,0,0,0,0,0,0,0,0,0,0,0,1,2,55,3,1,2,1,0,0,14,62,99,9,1,51,"777777777777","777777777777","777777777777",1,0
13,130349,1,2,3,7,4,20,24,12,6,1,0,37,2,49,472,49472,30,2007,"5TETX22N77Z3","5","T","E","T","X","2","2","N","7","7","Z","3",0,0,0,"000000000","00000000000",0,0,0,1,0,0,0,0,0,0,0,998,0,0,0,12,4,3,12,0,0,0,1,13,30134,6,2,0,0,3,3,70,180,98,0,0,0,0,0,0,0,0,0,38,0,0,0,5,5,45,1,1,2,1,20,3,1,17,1,1,1,88,"777777777777","777777777777","777777777777",0,0
13,130349,2,2,1,7,4,20,24,12,6,1,0,13,1,72,706,72706,80,2008,"1HD1JD5148Y0","1","H","D","1","J","D","5","1","4","8","Y","0",0,0,0,"000000000","00000000000",0,0,0,1,0,0,0,0,0,0,0,998,0,0,0,11,4,3,12,0,0,0,1,13,30135,6,1,0,0,3,0,69,210,98,0,0,0,0,0,0,0,0,0,0,0,0,0,5,5,45,1,1,2,1,0,0,1,66,99,1,1,89,"777777777777","777777777777","777777777777",1,0
13,130350,1,1,1,8,4,19,28,42,0,1,0,13,1,20,22,20022,4,2007,"1G1AZ58F9771","1","G","1","A","Z","5","8","F","9","7","7","1",0,0,0,"000000000","00000000000",0,0,0,1,0,0,0,0,0,0,0,998,0,0,0,12,6,2,42,0,0,0,1,13,30103,6,1,0,0,3,3,70,130,98,0,0,0,0,0,0,0,0,0,0,0,0,0,1,2,55,3,1,2,1,0,0,14,12,99,9,4,6,"777777777777","777777777777","777777777777",1,0
13,130351,1,1,2,8,4,17,30,1,0,1,0,13,2,12,481,12481,31,1988,"1FTDF15Y3JNA","1","F","T","D","F","1","5","Y","3","J","N","A",0,0,0,"000000000","00000000000",0,0,0,1,0,0,0,0,0,0,0,998,0,2,1,0,6,2,1,0,0,0,1,13,30635,2,1,0,0,2,0,65,150,98,0,0,0,0,0,0,0,0,0,36,91,0,0,1,2,55,3,1,2,1,0,0,14,13,6,4,6,98,"777777777777","777777777777","777777777777",1,1
13,130352,1,1,1,8,4,21,50,9,0,1,0,13,2,20,16,20016,4,2004,"1G1JC52F3471","1","G","1","J","C","5","2","F","3","4","7","1",0,0,0,"000000000","00000000000",0,0,0,1,0,0,0,0,0,0,0,998,0,0,0,12,6,2,9,0,0,0,1,13,31082,6,1,6,0,3,0,75,300,98,2,0,0,2,10,2012,1,2014,0,0,0,0,0,1,2,35,1,6,2,1,3,3,1,83,99,9,1,13,"777777777777","777777777777","777777777777",0,0