"STATE","ST_CASE","VEH_NO","VE_FORMS","NUMOCCS","DAY","MONTH","HOUR","MINUTE","HARM_EV","MAN_COLL","UNITTYPE","HIT_RUN","REG_STAT","OWNER","MAKE","MODEL","MAK_MOD","BODY_TYP","MOD_YEAR","VIN","VIN_1","VIN_2","VIN_3","VIN_4","VIN_5","VIN_6","VIN_7","VIN_8","VIN_9","VIN_10","VIN_11","VIN_12","TOW_VEH","J_KNIFE","MCARR_I1","MCARR_I2","MCARR_ID","GVWR","V_CONFIG","CARGO_BT","HAZ_INV","HAZ_PLAC","HAZ_ID","HAZ_CNO","HAZ_REL","BUS_USE","SPEC_USE","EMER_USE","TRAV_SP","UNDERIDE","ROLLOVER","ROLINLOC","IMPACT1","DEFORMED","TOWED","M_HARM","VEH_SC1","VEH_SC2","FIRE_EXP","DR_PRES","L_STATE","DR_ZIP","L_STATUS","L_TYPE","CDL_STAT","L_ENDORS","L_COMPL","L_RESTRI","DR_HGT","DR_WGT","PREV_ACC","PREV_SUS","PREV_DWI","PREV_SPD","PREV_OTH","FIRST_MO","FIRST_YR","LAST_MO","LAST_YR","SPEEDREL","DR_SF1","DR_SF2","DR_SF3","DR_SF4","VTRAFWAY","VNUM_LAN","VSPD_LIM","VALIGN","VPROFILE","VPAVETYP","VSURCOND","VTRAFCON","VTCONT_F","P_CRASH1","P_CRASH2","P_CRASH3","PCRASH4","PCRASH5","ACC_TYPE","TRLR1VIN","TRLR2VIN","TRLR3VIN","DEATHS","DR_DRINK"
13,130353,1,1,1,9,4,3,58,33,0,1,0,92,0,20,2,20002,4,2006,"2G1WB58K5693","2","G","1","W","B","5","8","K","5","6","9","3",0,0,0,"000000000","00000000000",0,0,0,1,0,0,0,0,0,0,0,102,0,0,0,14,6,2,42,0,0,0,1,13,30062,1,1,0,0,2,0,68,165,98,17,2,6,3,12,2011,1,2016,3,0,0,0,0,2,2,45,3,2,2,1,0,0,14,6,6,4,4,7,"777777777777","777777777777","777777777777",1,1
13,130354,1,1,2,9,4,20,59,53,0,1,0,13,2,23,421,23421,15,1996,"1GKCS13W1T25","1","G","K","C","S","1","3","W","1","T","2","5",0,0,0,"000000000","00000000000",0,0,0,1,0,0,0,0,0,0,0,998,0,1,1,9,6,2,1,0,0,0,1,13,30331,1,2,0,0,2,0,68,220,98,1,0,0,0,9,2013,9,2013,4,58,0,0,0,1,2,25,2,6,2,1,0,0,14,6,9,2,4,7,"777777777777","777777777777","777777777777",1,0
13,130355,1,1,1,9,4,3,45,33,0,1,0,13,1,20,29,20029,5,2014,"KL8CF6S96EC4","K","L","8","C","F","6","S","9","6","E","C","4",0,0,0,"000000000","00000000000",0,0,0,1,0,0,0,0,0,0,0,70,0,1,6,12,6,2,18,0,0,0,1,13,30223,6,1,0,0,3,0,67,215,98,0,0,0,1,8,2014,8,2014,4,0,0,0,0,1,2,35,1,1,2,1,0,0,1,13,99,9,4,1,"777777777777","777777777777","777777777777",1,1
13,130356,1,1,1,9,4,12,0,32,0,1,0,13,1,6,43,6043,4,2007,"1C3LC56K07N5","1","C","3","L","C","5","6","K","0","7","N","5",0,0,0,"000000000","00000000000",0,0,0,1,0,0,0,0,0,0,0,998,0,1,5,14,6,2,42,0,0,0,1,13,31320,6,1,0,0,3,3,69,155,98,0,0,0,0,0,0,0,0,0,0,0,0,0,1,2,25,1,1,2,1,0,0,1,13,99,9,4,1,"777777777777","777777777777","777777777777",1,0
13,130357,1,2,1,17,4,15,48,1,0,1,0,13,1,72,706,72706,80,2007,"1HD1CZ3497K4","1","H","D","1","C","Z","3","4","9","7","K","4",0,0,0,"000000000","00000000000",0,0,0,1,0,0,0,0,0,0,0,90,0,0,0,0,6,2,12,0,0,0,1,13,30120,6,1,5,0,3,1,70,180,98,0,0,1,0,7,2013,7,2013,3,36,0,0,0,1,2,55,1,3,2,1,0,0,1,6,98,2,1,98,"777777777777","777777777777","777777777777",1,0
13,130357,2,2,6,17,4,15,48,1,0,1,0,13,2,20,421,20421,15,2007,"1GNFK13007R1","1","G","N","F","K","1","3","0","0","7","R","1",0,0,0,"000000000","00000000000",0,0,0,1,0,0,0,0,0,0,0,998,0,0,0,11,2,5,12,0,0,0,1,13,30121,6,2,0,0,3,0,61,120,98,0,0,0,0,0,0,0,0,0,0,0,0,0,1,2,55,1,3,2,1,0,0,12,21,99,9,1,98,"777777777777","777777777777","777777777777",0,0
13,130358,1,2,1,10,4,16,58,12,7,1,0,12,2,49,40,49040,4,2007,"JTNBE46K6730","J","T","N","B","E","4","6","K","6","7","3","0",0,0,0,"000000000","00000000000",0,0,0,1,0,0,0,0,0,0,0,998,0,1,5,9,6,2,1,0,0,0,1,13,31404,1,1,0,0,2,0,70,165,98,1,0,0,0,11,2014,11,2014,0,36,26,0,0,6,2,65,1,1,2,1,0,0,1,12,7,3,6,98,"777777777777","777777777777","777777777777",1,1
13,130358,2,2,1,10,4,16,58,12,7,1,0,5,3,87,881,87881,66,2013,"1XPWD49X2DD1","1","X","P","W","D","4","9","X","2","D","D","1",0,0,77,"777777777","77777777777",3,5,96,1,0,0,0,0,0,0,0,998,0,0,0,5,4,5,12,0,0,0,1,12,34982,6,1,6,0,3,0,62,999,0,0,0,0,0,0,0,0,0,0,0,0,0,0,6,2,65,1,1,2,1,0,0,1,53,99,9,1,98,"777777777777","777777777777","777777777777",0,0
13,130359,1,2,1,10,4,0,30,12,2,1,0,13,1,48,401,48401,14,2003,"JF1SG63653H7","J","F","1","S","G","6","3","6","5","3","H","7",0,0,0,"000000000","00000000000",0,0,0,1,0,0,0,0,0,0,0,998,0,0,0,12,6,2,12,0,0,0,1,13,30349,6,1,0,0,3,0,61,165,98,0,0,0,0,0,0,0,0,0,51,0,0,0,3,3,70,2,1,2,1,0,0,14,54,99,9,1,52,"777777777777","777777777777","777777777777",1,1
13,130359,2,2,1,10,4,0,30,12,2,1,0,13,1,34,34,34034,4,2013,"WBA3A5G59DNP","W","B","A","3","A","5","G","5","9","D","N","P",0,0,0,"000000000","00000000000",0,0,0,1,0,0,0,0,0,0,0,998,0,0,0,12,6,2,12,0,0,0,1,13,30096,6,1,0,0,3,3,62,103,98,0,0,0,0,0,0,0,0,0,0,0,0,0,3,3,70,3,1,2,1,0,0,14,54,99,9,1,52,"777777777777","777777777777","777777777777",0,0
13,130360,1,1,2,10,4,13,10,33,0,1,0,1,2,67,35,67035,2,2016,"JF1ZNAA19G97","J","F","1","Z","N","A","A","1","9","G","9","7",0,0,0,"000000000","00000000000",0,0,0,1,0,0,0,0,0,0,0,998,0,0,0,14,6,2,30,0,0,0,1,13,30044,6,1,0,0,3,0,64,130,98,2,0,1,1,12,2014,8,2015,0,0,0,0,0,2,2,45,3,1,2,1,0,0,14,13,7,3,4,2,"777777777777","777777777777","777777777777",1,1
13,130361,1,1,5,10,4,17,45,1,0,1,0,13,1,2,405,2405,14,2006,"1J4GK48K96W1","1","J","4","G","K","4","8","K","9","6","W","1",0,0,0,"000000000","00000000000",0,0,0,1,0,0,0,0,0,0,0,998,0,2,5,0,6,2,1,0,0,0,1,13,30127,6,1,0,0,3,0,65,200,98,0,0,0,0,0,0,0,0,0,58,27,0,0,3,3,70,1,1,2,1,0,0,15,8,7,9,4,2,"777777777777","777777777777","777777777777",2,0
13,130362,1,2,1,11,4,12,19,12,6,1,0,13,2,12,471,12471,30,1993,"1FTCR10X8PTA","1","F","T","C","R","1","0","X","8","P","T","A",0,0,0,"000000000","00000000000",0,0,0,1,0,0,0,0,0,0,0,998,0,0,0,9,6,2,12,0,0,0,1,13,30121,6,1,0,0,3,0,63,120,98,0,0,0,0,0,0,0,0,0,38,0,0,0,1,2,35,1,1,2,1,20,3,11,15,99,9,1,82,"777777777777","777777777777","777777777777",0,0
13,130362,2,2,1,11,4,12,19,12,6,1,0,13,1,72,706,72706,80,2005,"1HD1BJY185Y0","1","H","D","1","B","J","Y","1","8","5","Y","0",0,0,0,"000000000","00000000000",0,0,0,1,0,0,0,0,0,0,0,998,0,0,0,12,6,2,12,0,0,0,1,13,30184,6,1,0,0,3,3,64,150,98,0,0,1,0,2,2013,2,2013,0,0,0,0,0,1,2,55,1,1,2,1,0,0,1,66,99,9,1,83,"777777777777","777777777777","777777777777",1,0
13,130363,1,1,1,11,4,15,30,34,0,1,0,93,3,86,881,86881,63,2007,"1M2AT02C97M0","1","M","2","A","T","0","2","C","9","7","M","0",0,0,57,"755174","57755174",3,2,1,1,0,0,0,0,0,0,0,998,0,1,6,14,6,2,42,0,0,0,1,13,31793,6,1,6,0,3,0,68,130,98,0,0,1,0,2,2014,2,2014,0,80,0,0,0,2,2,65,3,1,2,1,0,0,14,1,99,2,4,2,"777777777777","777777777777","777777777777",1,0
13,130364,1,1,1,11,4,3,53,8,0,1,0,13,1,42,31,42031,4,1994,"WDBHA22E7RF0","W","D","B","H","A","2","2","E","7","R","F","0",0,0,0,"000000000","00000000000",0,0,0,1,0,0,0,0,0,0,0,998,0,0,0,14,2,5,8,0,0,0,1,13,30350,6,1,0,0,3,3,73,220,98,1,0,0,4,1,2012,12,2015,0,0,0,0,0,2,2,30,1,1,1,1,0,0,15,80,99,1,2,13,"777777777777","777777777777","777777777777",0,0
13,130365,1,1,2,11,4,15,58,24,0,1,0,22,2,20,421,20421,15,2002,"1GNEC13Z32R1","1","G","N","E","C","1","3","Z","3","2","R","1",0,0,0,"000000000","00000000000",0,0,0,1,0,0,0,0,0,0,0,998,0,1,5,12,6,2,21,0,0,0,1,22,70125,6,1,0,0,3,0,999,999,0,0,0,0,0,0,0,0,0,0,0,0,0,0,3,3,70,1,2,2,1,0,0,1,6,16,2,4,2,"777777777777","777777777777","777777777777",2,0
13,130366,1,1,1,11,4,7,43,9,0,1,0,13,1,13,13,13013,4,2010,"3LNHL2GC6AR6","3","L","N","H","L","2","G","C","6","A","R","6",0,0,0,"000000000","00000000000",0,0,0,1,0,0,0,0,0,0,0,998,0,0,0,12,6,2,9,0,0,0,1,13,30474,6,1,0,0,3,3,73,195,98,0,0,0,0,0,0,0,0,0,26,0,0,0,1,2,45,1,5,2,1,0,0,1,83,99,9,1,13,"777777777777","777777777777","777777777777",0,0
13,130367,1,2,1,12,4,11,48,12,6,1,0,13,1,35,471,35471,30,1992,"1N6SD16Y7NC3","1","N","6","S","D","1","6","Y","7","N","C","3",0,0,0,"000000000","00000000000",0,0,0,1,0,0,0,0,0,0,0,998,0,0,0,9,6,2,12,0,0,0,1,13,31650,6,1,0,0,3,3,69,200,98,0,0,0,0,0,0,0,0,0,48,0,0,0,5,5,50,1,1,2,1,0,0,12,21,99,1,2,98,"777777777777","777777777777","777777777777",1,0
13,130367,2,2,1,12,4,11,48,12,6,1,0,13,3,85,881,85881,66,2005,"1XKDDB9XX5J0","1","X","K","D","D","B","9","X","X","5","J","0",1,1,57,"2449635","572449635",3,6,3,1,0,0,0,0,0,0,0,998,0,0,0,12,6,2,12,0,0,0,1,13,31635,6,1,6,0,3,0,74,269,98,0,0,0,0,0,0,0,0,0,0,0,0,0,5,5,50,1,1,2,1,0,0,15,61,8,2,2,98,"1TTF48202R10","777777777777","777777777777",0,0
13,130368,1,1,1,12,4,22,50,8,0,1,0,13,2,20,481,20481,31,1998,"2GCEC19M8W12","2","G","C","E","C","1","9","M","8","W","1","2",0,0,0,"000000000","00000000000",0,0,0,1,0,0,0,0,0,0,0,998,0,0,0,12,4,5,8,0,0,0,1,13,30316,6,1,6,0,3,0,72,210,98,1,0,1,7,5,2011,1,2016,0,0,0,0,0,3,3,45,1,1,2,1,0,0,1,80,99,1,1,13,"777777777777","777777777777","777777777777",0,0
13,130369,1,4,2,12,4,10,5,12,1,1,0,13,1,20,481,20481,31,2001,"2GCEC19V8111","2","G","C","E","C","1","9","V","8","1","1","1",0,0,0,"000000000","00000000000",0,0,0,1,0,0,0,0,0,0,0,998,0,0,0,12,6,2,12,0,0,0,1,13,31707,6,1,0,0,3,3,66,227,98,0,0,0,0,0,0,0,0,0,26,87,0,0,2,2,65,1,1,2,2,0,0,1,50,16,2,1,20,"777777777777","777777777777","777777777777",1,0
13,130369,2,4,1,12,4,10,5,12,1,1,0,13,2,18,402,18402,14,2005,"5GADS13S0522","5","G","A","D","S","1","3","S","0","5","2","2",0,0,0,"000000000","00000000000",0,0,0,1,0,0,0,0,0,0,0,0,0,0,0,6,6,2,12,0,0,0,1,13,31763,6,2,0,0,3,0,70,152,98,0,0,0,0,0,0,0,0,0,0,0,0,0,2,2,65,1,1,2,2,0,0,5,53,1,1,1,21,"777777777777","777777777777","777777777777",0,0
13,130369,3,4,2,12,4,10,5,12,1,1,0,13,1,2,404,2404,14,2000,"1J4GW48S8YC4","1","J","4","G","W","4","8","S","8","Y","C","4",0,0,0,"000000000","00000000000",0,0,0,1,0,0,0,0,0,0,0,0,0,0,0,6,4,3,12,0,0,0,1,13,31707,6,1,0,0,3,0,67,260,98,1,0,0,0,9,2011,9,2011,0,0,0,0,0,2,2,65,1,1,2,2,0,0,5,53,1,1,1,98,"777777777777","777777777777","777777777777",0,0
13,130369,4,4,1,12,4,10,5,12,1,1,0,12,4,2,407,2407,14,2016,"1C4NJRFBXGD6","1","C","4","N","J","R","F","B","X","G","D","6",0,0,0,"000000000","00000000000",0,0,0,1,0,0,0,0,0,0,0,0,0,0,0,6,4,5,12,0,0,0,1,12,33872,6,1,0,0,3,0,73,999,0,0,0,0,0,0,0,0,0,0,0,0,0,0,2,2,65,1,1,2,2,0,0,5,53,1,1,1,98,"777777777777","777777777777","777777777777",0,0
13,130370,1,2,1,12,4,13,15,12,6,1,0,13,3,87,881,87881,66,1986,"1XP9D29X4GP1","1","X","P","9","D","2","9","X","4","G","P","1",1,1,57,"2575896","572575896",3,6,3,1,0,0,0,0,0,0,0,998,0,1,1,12,6,2,12,0,0,0,1,13,30116,6,1,6,0,3,0,69,195,98,1,0,1,1,5,2012,12,2013,0,38,39,0,0,2,2,60,1,6,2,1,3,3,1,17,99,9,1,88,"888888888888","777777777777","777777777777",0,0
13,130370,2,2,1,12,4,13,15,12,6,1,0,94,3,25,441,25441,22,1994,"1GBCS1047R29","1","G","B","C","S","1","0","4","7","R","2","9",0,0,0,"000000000","00000000000",0,0,0,1,0,0,0,0,0,0,0,998,0,0,0,11,6,2,12,0,0,0,1,13,30125,6,1,0,0,3,0,63,168,98,0,0,0,0,0,0,0,0,0,0,0,0,0,1,2,45,1,1,2,1,3,3,1,17,99,9,1,89,"777777777777","777777777777","777777777777",1,0
13,130371,1,2,1,13,4,6,47,1,0,1,0,13,1,37,706,37706,80,1994,"JH2SC3003RM0","J","H","2","S","C","3","0","0","3","R","M","0",0,0,0,"000000000","00000000000",0,0,0,1,0,0,0,0,0,0,0,998,0,0,0,0,4,3,12,0,0,0,1,13,30022,6,1,0,0,3,0,73,240,98,0,0,0,0,0,0,0,0,0,38,0,0,0,2,2,45,1,1,2,1,3,3,11,15,98,2,1,98,"777777777777","777777777777","777777777777",1,0
13,130371,2,2,1,13,4,6,47,1,0,1,0,13,2,19,20,19020,6,2012,"3GYFNAE39CS5","3","G","Y","F","N","A","E","3","9","C","S","5",0,0,0,"000000000","00000000000",0,0,0,1,0,0,0,0,0,0,0,998,0,0,0,11,2,3,12,0,0,0,1,13,30005,6,1,0,0,3,3,64,160,98,1,0,0,1,11,2015,12,2015,0,0,0,0,0,2,2,45,1,1,2,1,3,3,1,62,99,1,1,98,"777777777777","777777777777","777777777777",0,0
13,130372,1,1,1,13,4,19,14,53,0,1,0,13,1,20,481,20481,31,1989,"1GCDK14K7KZ2","1","G","C","D","K","1","4","K","7","K","Z","2",0,0,0,"000000000","00000000000",0,0,0,1,0,0,0,0,0,0,0,998,0,1,6,12,6,2,1,0,0,0,1,13,30506,6,1,6,0,3,0,67,180,98,1,0,0,1,9,2012,10,2012,0,0,0,0,0,1,2,30,3,1,2,1,0,0,14,13,6,9,4,1,"777777777777","777777777777","777777777777",1,1
13,130373,1,1,1,13,4,7,19,34,0,1,0,12,3,85,881,85881,66,2016,"1XKYD49XXGJ1","1","X","K","Y","D","4","9","X","X","G","J","1",1,1,57,"229620","57229620",3,6,1,1,0,0,0,0,0,0,0,998,0,1,5,14,6,2,42,0,0,0,1,12,33809,6,1,6,0,3,0,72,999,0,0,0,0,0,0,0,0,0,0,0,0,0,0,1,2,55,2,6,2,1,0,0,14,13,99,9,4,1,"1UYVS25327U9","777777777777","777777777777",1,0
13,130374,1,1,1,14,4,0,41,30,0,1,0,47,1,37,32,37032,4,2008,"1HGCP26828A1","1","H","G","C","P","2","6","8","2","8","A","1",0,0,0,"000000000","00000000000",0,0,0,1,0,0,0,0,0,0,0,998,0,0,0,12,6,2,30,0,0,1,1,22,71292,3,1,0,0,2,0,75,240,0,0,0,0,0,0,0,0,0,0,0,0,0,0,1,3,35,1,2,2,1,0,0,1,13,99,1,4,1,"777777777777","777777777777","777777777777",1,0
13,130375,1,3,1,14,4,12,40,12,2,1,0,13,3,20,404,20404,14,2014,"2GNALAEK7E61","2","G","N","A","L","A","E","K","7","E","6","1",0,0,0,"000000000","00000000000",0,0,0,1,0,0,0,0,0,0,0,998,0,0,0,12,6,2,12,0,0,0,1,13,30005,6,1,0,0,3,0,72,310,98,0,0,1,0,6,2015,6,2015,0,0,0,0,0,1,2,45,1,1,2,1,0,0,1,10,99,1,2,50,"777777777777","777777777777","777777777777",1,0
13,130375,2,3,1,14,4,12,40,12,2,1,0,13,1,59,403,59403,14,2010,"2T2BK1BA2AC0","2","T","2","B","K","1","B","A","2","A","C","0",0,0,0,"000000000","00000000000",0,0,0,1,0,0,0,0,0,0,0,998,0,0,0,12,6,2,12,0,0,0,1,13,30005,6,1,0,0,3,0,62,185,98,0,0,0,0,0,0,0,0,0,0,0,0,0,1,2,45,1,1,2,1,0,0,1,62,99,1,1,51,"777777777777","777777777777","777777777777",0,0
13,130375,3,3,1,14,4,12,40,12,2,1,0,13,3,58,41,58041,4,2015,"JN1BV7AP3FM3","J","N","1","B","V","7","A","P","3","F","M","3",0,0,0,"000000000","00000000000",0,0,0,1,0,0,0,0,0,0,0,998,0,0,0,11,4,3,12,0,0,0,1,13,30041,6,1,0,0,3,3,71,185,98,0,0,0,0,0,0,0,0,0,0,0,0,0,1,2,45,1,1,2,1,0,0,1,51,99,1,1,98,"777777777777","777777777777","777777777777",0,0
13,130376,1,1,1,15,4,4,10,42,0,1,0,13,1,12,481,12481,31,2014,"1FT8W3DT1EEA","1","F","T","8","W","3","D","T","1","E","E","A",0,0,0,"000000000","00000000000",0,0,0,1,0,0,0,0,0,0,0,998,0,0,0,10,6,2,42,0,0,0,1,13,30005,6,1,0,0,3,3,75,235,98,0,0,0,2,9,2015,9,2015,0,0,0,0,0,2,2,25,2,1,2,1,0,0,14,13,99,3,4,2,"777777777777","777777777777","777777777777",1,0
13,130377,1,3,1,15,4,18,59,12,8,1,0,13,1,49,32,49032,4,2009,"1NXBU40E39Z0","1","N","X","B","U","4","0","E","3","9","Z","0",0,0,0,"000000000","00000000000",0,0,0,1,0,0,0,0,0,0,0,998,0,0,0,11,6,2,8,0,0,0,1,13,30115,6,1,5,0,3,0,69,175,98,2,1,2,3,12,2011,9,2013,0,91,0,0,0,1,3,35,1,1,2,1,0,0,1,10,99,1,1,66,"777777777777","777777777777","777777777777",0,0
13,130377,2,3,1,15,4,18,59,12,8,1,0,13,1,12,481,12481,31,2001,"1FTRF17W71NA","1","F","T","R","F","1","7","W","7","1","N","A",0,0,0,"000000000","00000000000",0,0,0,1,0,0,0,0,0,0,0,998,0,0,0,7,2,5,12,0,0,0,1,13,30318,6,1,0,0,3,0,68,240,98,0,0,0,1,2,2012,2,2012,0,0,0,0,0,1,3,35,1,1,2,1,0,0,1,62,99,1,1,66,"777777777777","777777777777","777777777777",0,0
13,130377,3,3,2,15,4,18,59,12,8,1,0,13,2,51,45,51045,4,2002,"YV1TS92D4212","Y","V","1","T","S","9","2","D","4","2","1","2",0,0,0,"000000000","00000000000",0,0,0,1,0,0,0,0,0,0,0,998,0,0,0,11,2,5,12,0,0,0,1,13,30312,6,1,0,0,3,0,69,154,98,0,0,0,0,0,0,0,0,0,0,0,0,0,1,3,35,1,1,2,1,0,0,1,62,99,1,1,98,"777777777777","777777777777","777777777777",0,0
13,130378,1,1,1,15,4,22,9,8,0,1,0,13,1,20,482,20482,31,2011,"3GNMCFE00BG2","3","G","N","M","C","F","E","0","0","B","G","2",0,0,0,"000000000","00000000000",0,0,0,1,0,0,0,0,0,0,0,998,0,0,0,12,8,3,8,0,0,0,1,13,30039,6,1,0,0,3,3,68,200,98,0,0,0,0,0,0,0,0,0,0,0,0,0,1,2,55,1,1,2,1,0,0,1,80,1,1,1,13,"777777777777","777777777777","777777777777",0,0
13,130379,1,2,1,16,4,18,51,12,7,1,1,99,9,12,401,12401,14,9999,"999999999999","9","9","9","9","9","9","9","9","9","9","9","9",0,0,0,"000000000","00000000000",0,0,0,1,0,0,0,0,0,0,0,999,0,0,0,11,9,5,8,0,0,0,1,99,99999,9,9,99,9,9,9,999,999,99,99,99,99,99,99,9999,99,9999,9,99,99,99,99,1,4,45,1,3,2,1,0,0,15,80,6,1,1,47,"777777777777","777777777777","777777777777",0,0
13,130379,2,2,2,16,4,18,51,12,7,1,0,13,1,12,481,12481,31,2003,"1FTRF17273NB","1","F","T","R","F","1","7","2","7","3","N","B",0,0,0,"000000000","00000000000",0,0,0,1,0,0,0,0,0,0,0,998,0,0,0,4,2,5,12,0,0,0,1,13,30034,6,1,0,0,3,0,73,250,98,0,0,0,1,4,2014,4,2014,0,0,0,0,0,1,4,45,1,3,2,1,0,0,1,61,99,1,1,45,"777777777777","777777777777","777777777777",0,0
13,130380,1,1,1,16,4,13,35,1,0,1,0,13,2,54,35,54035,4,1999,"19UUA5655XA0","1","9","U","U","A","5","6","5","5","X","A","0",0,0,0,"000000000","00000000000",0,0,0,1,0,0,0,0,0,0,0,998,0,2,5,0,6,2,1,0,0,0,1,13,30434,6,1,0,0,3,0,75,270,98,0,0,0,0,0,0,0,0,3,58,0,0,0,1,2,55,2,6,2,1,0,0,14,6,99,3,4,2,"777777777777","777777777777","777777777777",1,1
13,130381,1,2,1,16,4,22,26,12,2,1,0,13,1,55,36,55036,3,2005,"KMHCG35C05U3","K","M","H","C","G","3","5","C","0","5","U","3",0,0,0,"000000000","00000000000",0,0,0,1,0,0,0,0,0,0,0,998,0,0,0,12,6,2,12,0,0,0,1,13,30830,6,1,0,0,3,0,75,190,98,0,0,0,0,0,0,0,0,4,0,0,0,0,1,2,35,1,1,2,1,0,0,1,10,99,1,2,50,"777777777777","777777777777","777777777777",1,1
13,130381,2,2,1,16,4,22,26,12,2,1,0,45,2,13,1,13001,4,2001,"1LNHM81W71Y6","1","L","N","H","M","8","1","W","7","1","Y","6",0,0,0,"000000000","00000000000",0,0,0,1,0,0,0,0,0,0,0,998,0,0,0,12,6,2,12,0,0,0,1,13,30906,6,1,0,0,3,0,66,245,98,6,0,10,0,9,2011,3,2016,0,0,0,0,0,1,2,35,1,1,2,1,0,0,1,62,99,1,1,51,"777777777777","777777777777","777777777777",1,0
13,130382,1,1,1,17,4,5,42,30,0,1,0,13,1,12,481,12481,31,2004,"1FTRF14W44NA","1","F","T","R","F","1","4","W","4","4","N","A",0,0,0,"000000000","00000000000",0,0,0,1,0,0,0,0,0,0,0,998,0,1,5,11,6,2,1,0,0,0,1,13,30120,6,1,5,0,3,0,69,220,98,4,2,1,0,7,2012,4,2014,4,0,0,0,0,1,2,45,2,1,2,1,0,0,14,12,99,1,4,6,"777777777777","777777777777","777777777777",1,0
13,130383,1,2,1,17,4,16,7,12,2,1,0,13,1,49,472,49472,40,1997,"4TANL42N7VZ2","4","T","A","N","L","4","2","N","7","V","Z","2",0,0,0,"000000000","00000000000",0,0,0,1,0,0,0,0,0,0,0,998,0,1,5,12,6,2,12,32,0,0,1,13,30814,6,1,0,0,3,0,67,190,98,0,0,0,0,0,0,0,0,0,0,0,0,0,1,2,45,3,2,2,1,0,0,14,62,99,1,1,51,"777777777777","777777777777","777777777777",1,0
13,130383,2,2,3,17,4,16,7,12,2,1,0,13,1,23,421,23421,15,2006,"1GKEC13Z86J1","1","G","K","E","C","1","3","Z","8","6","J","1",0,0,0,"000000000","00000000000",0,0,0,1,0,0,0,0,0,0,0,998,0,0,0,12,6,2,12,0,0,0,1,13,30809,6,1,0,0,3,0,73,165,98,0,0,3,0,10,2012,2,2015,4,0,0,0,0,1,2,45,2,2,2,1,0,0,14,10,99,1,1,50,"777777777777","777777777777","777777777777",0,1
13,130384,1,2,1,17,4,17,45,12,2,1,0,13,1,37,703,37703,80,2007,"JH2MC130X7K3","J","H","2","M","C","1","3","0","X","7","K","3",0,0,0,"000000000","00000000000",0,0,0,1,0,0,0,0,0,0,0,998,0,0,0,12,6,2,12,0,0,0,1,13,31637,6,1,0,0,3,3,67,170,98,0,0,0,0,0,0,0,0,0,0,0,0,0,1,2,55,1,1,2,1,0,0,11,15,99,1,1,74,"777777777777","777777777777","777777777777",1,0
13,130384,2,2,1,17,4,17,45,12,2,1,0,13,2,7,482,7482,31,2004,"1D7HA18N24S7","1","D","7","H","A","1","8","N","2","4","S","7",0,0,0,"000000000","00000000000",0,0,0,1,0,0,0,0,0,0,0,998,0,0,0,12,6,2,12,0,0,0,1,13,31637,6,1,0,0,3,3,79,215,98,0,0,0,1,6,2014,6,2014,0,0,0,0,0,1,2,55,1,1,2,1,0,0,1,62,16,1,1,74,"777777777777","777777777777","777777777777",0,0
13,130385,1,1,1,17,4,13,16,8,0,1,0,13,1,14,401,14401,14,1997,"4M2DU55P8VUJ","4","M","2","D","U","5","5","P","8","V","U","J",0,0,0,"000000000","00000000000",0,0,0,1,0,0,0,0,0,0,0,998,0,0,0,9,0,8,8,0,0,0,1,13,30252,6,1,0,0,3,0,69,210,98,0,0,0,0,0,0,0,0,0,0,0,0,0,1,2,25,1,2,2,1,0,0,13,80,1,1,1,92,"777777777777","777777777777","777777777777",0,0
13,130386,1,6,2,17,4,21,45,12,1,1,0,12,4,18,22,18022,4,2016,"1G4GB5G37GF1","1","G","4","G","B","5","G","3","7","G","F","1",0,0,0,"000000000","00000000000",0,0,0,1,0,0,0,0,0,0,0,998,0,0,0,12,6,2,12,0,0,0,1,12,33605,6,1,0,0,3,0,68,999,2,0,0,0,1,4,2013,1,2015,0,26,0,0,0,3,2,70,1,1,1,1,0,0,1,51,99,1,1,24,"777777777777","777777777777","777777777777",0,0
13,130386,2,6,1,17,4,21,45,12,1,1,0,13,1,49,46,49046,5,2011,"JTDKN3DU1B02","J","T","D","K","N","3","D","U","1","B","0","2",0,0,0,"000000000","00000000000",0,0,0,1,0,0,0,0,0,0,0,998,0,0,0,6,6,2,12,0,0,0,1,13,30033,6,1,0,0,3,0,69,130,98,0,0,0,0,0,0,0,0,0,0,0,0,0,3,3,70,1,1,1,1,0,0,1,53,99,1,1,25,"777777777777","777777777777","777777777777",1,0
13,130386,3,6,1,17,4,21,45,12,1,1,0,13,1,49,40,49040,4,2004,"4T1BE30K84U9","4","T","1","B","E","3","0","K","8","4","U","9",0,0,0,"000000000","00000000000",0,0,0,1,0,0,0,0,0,0,0,998,0,0,0,6,6,2,12,0,0,0,1,13,30039,6,1,0,0,3,0,61,165,98,2,0,2,2,6,2011,2,2015,0,0,0,0,0,3,3,70,1,1,1,1,0,0,1,53,99,1,1,98,"777777777777","777777777777","777777777777",0,0