"STATE","ST_CASE","VEH_NO","VE_FORMS","NUMOCCS","DAY","MONTH","HOUR","MINUTE","HARM_EV","MAN_COLL","UNITTYPE","HIT_RUN","REG_STAT","OWNER","MAKE","MODEL","MAK_MOD","BODY_TYP","MOD_YEAR","VIN","VIN_1","VIN_2","VIN_3","VIN_4","VIN_5","VIN_6","VIN_7","VIN_8","VIN_9","VIN_10","VIN_11","VIN_12","TOW_VEH","J_KNIFE","MCARR_I1","MCARR_I2","MCARR_ID","GVWR","V_CONFIG","CARGO_BT","HAZ_INV","HAZ_PLAC","HAZ_ID","HAZ_CNO","HAZ_REL","BUS_USE","SPEC_USE","EMER_USE","TRAV_SP","UNDERIDE","ROLLOVER","ROLINLOC","IMPACT1","DEFORMED","TOWED","M_HARM","VEH_SC1","VEH_SC2","FIRE_EXP","DR_PRES","L_STATE","DR_ZIP","L_STATUS","L_TYPE","CDL_STAT","L_ENDORS","L_COMPL","L_RESTRI","DR_HGT","DR_WGT","PREV_ACC","PREV_SUS","PREV_DWI","PREV_SPD","PREV_OTH","FIRST_MO","FIRST_YR","LAST_MO","LAST_YR","SPEEDREL","DR_SF1","DR_SF2","DR_SF3","DR_SF4","VTRAFWAY","VNUM_LAN","VSPD_LIM","VALIGN","VPROFILE","VPAVETYP","VSURCOND","VTRAFCON","VTCONT_F","P_CRASH1","P_CRASH2","P_CRASH3","PCRASH4","PCRASH5","ACC_TYPE","TRLR1VIN","TRLR2VIN","TRLR3VIN","DEATHS","DR_DRINK"
13,130805,1,1,4,7,8,2,57,53,0,1,0,92,0,12,3,12003,2,2013,"1ZVBP8AM3D52","1","Z","V","B","P","8","A","M","3","D","5","2",0,0,0,"000000000","00000000000",0,0,0,1,0,0,0,0,0,0,0,55,0,0,0,99,6,2,42,0,0,0,1,13,30265,6,1,0,0,3,0,72,175,98,1,0,0,0,2,2015,2,2015,4,36,0,0,0,1,2,35,2,3,2,1,0,0,14,6,15,5,4,7,"777777777777","777777777777","777777777777",1,1
13,130806,1,2,2,7,8,20,14,12,1,1,0,92,0,55,401,55401,14,2012,"5XYZG3AB9CG1","5","X","Y","Z","G","3","A","B","9","C","G","1",0,0,0,"000000000","00000000000",0,0,0,1,0,0,0,0,0,0,0,998,0,0,0,12,6,2,12,0,0,0,1,13,30015,6,1,6,0,3,0,62,175,98,2,0,0,1,2,2013,7,2013,0,26,0,0,0,3,3,45,1,1,2,1,0,0,1,50,1,1,1,20,"777777777777","777777777777","777777777777",1,1
13,130806,2,2,6,7,8,20,14,12,1,1,0,13,3,98,983,98983,52,2014,"5FYC8FB16EC0","5","F","Y","C","8","F","B","1","6","E","C","0",0,0,88,"888888888","88888888888",3,21,22,1,0,0,0,0,6,3,0,0,0,0,0,6,6,2,12,0,0,0,1,13,30032,6,1,6,0,3,3,62,220,98,0,0,0,1,2,2013,2,2013,0,0,0,0,0,3,3,45,1,1,2,1,0,0,5,53,1,1,1,21,"777777777777","777777777777","777777777777",0,0
13,130807,1,1,2,7,8,15,2,34,0,1,0,13,2,12,16,12016,4,1999,"2FAFP71W8XX1","2","F","A","F","P","7","1","W","8","X","X","1",0,0,0,"000000000","00000000000",0,0,0,1,0,0,0,0,0,0,0,998,0,0,0,12,6,2,42,0,0,0,1,13,39859,6,1,0,0,3,0,70,235,98,0,0,0,0,0,0,0,0,0,0,0,0,0,1,2,55,1,1,2,1,0,0,1,13,99,9,4,1,"777777777777","777777777777","777777777777",2,0
13,130808,1,1,2,7,8,6,26,32,0,1,0,13,2,20,404,20404,14,2010,"2CNALDEW9A63","2","C","N","A","L","D","E","W","9","A","6","3",0,0,0,"000000000","00000000000",0,0,0,1,0,0,0,0,0,0,0,998,0,0,0,12,6,2,42,0,0,0,1,13,30165,6,1,0,0,3,0,72,260,98,0,0,0,0,0,0,0,0,0,0,0,0,0,1,2,55,1,1,2,1,0,0,1,13,1,1,4,1,"777777777777","777777777777","777777777777",1,0
13,130809,1,2,1,7,8,3,49,12,1,1,0,28,2,12,481,12481,31,2015,"1FDUF5GY7FED","1","F","D","U","F","5","G","Y","7","F","E","D",0,0,0,"000000000","00000000000",0,0,0,1,0,0,0,0,0,0,0,998,0,0,0,12,6,2,12,0,0,0,1,13,30058,6,1,0,0,3,0,69,140,98,1,0,0,0,2,2013,2,2013,0,26,0,0,0,3,5,55,1,1,1,1,0,0,1,51,99,1,1,24,"777777777777","777777777777","777777777777",0,0
13,130809,2,2,1,7,8,3,49,12,1,1,0,13,1,20,481,20481,31,2002,"2GCEC19T7213","2","G","C","E","C","1","9","T","7","2","1","3",0,0,0,"000000000","00000000000",0,0,0,1,0,0,0,0,0,0,0,998,0,0,0,6,6,2,12,0,0,0,1,13,30311,6,1,0,0,3,0,70,190,98,0,0,0,0,0,0,0,0,0,0,0,0,0,3,5,55,1,1,1,1,0,0,1,53,1,1,1,25,"777777777777","777777777777","777777777777",1,0
13,130810,1,1,1,7,8,21,30,8,0,1,1,13,1,12,481,12481,31,2006,"1FTPW14V36KC","1","F","T","P","W","1","4","V","3","6","K","C",0,0,0,"000000000","00000000000",0,0,0,1,0,0,0,0,0,0,0,998,0,0,0,12,2,8,8,0,0,0,1,13,30047,0,0,0,0,0,0,66,150,98,0,0,0,0,0,0,0,0,0,99,99,99,99,5,5,45,1,1,2,1,0,0,1,80,99,1,1,13,"777777777777","777777777777","777777777777",0,0
13,130811,1,2,1,7,8,21,34,8,0,1,0,13,1,37,31,37031,4,2003,"2HGES16543H5","2","H","G","E","S","1","6","5","4","3","H","5",0,0,0,"000000000","00000000000",0,0,0,1,0,0,0,0,0,0,0,998,0,0,0,12,4,8,8,0,0,0,1,13,30039,6,1,0,0,3,0,70,172,98,0,0,1,0,6,2015,6,2015,0,0,0,0,0,5,5,45,1,1,2,1,0,0,1,80,99,1,1,13,"777777777777","777777777777","777777777777",0,0
13,130811,2,2,1,7,8,21,34,8,0,1,1,13,1,20,461,20461,21,2001,"1GCHG39R0112","1","G","C","H","G","3","9","R","0","1","1","2",0,0,0,"000000000","00000000000",0,0,0,1,0,0,0,0,0,0,0,998,0,0,0,12,2,3,8,0,0,0,1,13,30071,6,1,0,0,3,0,64,151,98,0,0,0,0,0,0,0,0,0,91,0,0,0,5,5,45,1,1,2,1,0,0,1,80,99,1,1,98,"777777777777","777777777777","777777777777",0,0
13,130812,1,2,1,7,8,14,59,12,2,1,0,13,1,14,401,14401,14,2000,"4M2ZU66P1YUJ","4","M","2","Z","U","6","6","P","1","Y","U","J",0,0,0,"000000000","00000000000",0,0,0,1,0,0,0,0,0,0,0,998,0,0,0,12,6,2,12,0,0,0,1,13,30295,6,1,0,0,3,3,67,209,98,0,0,0,0,0,0,0,0,4,87,28,0,0,1,2,55,3,1,2,2,0,0,14,10,99,2,2,50,"777777777777","777777777777","777777777777",0,0
13,130812,2,2,1,7,8,14,59,12,2,1,0,13,1,72,706,72706,80,2002,"1HD1FRW172Y6","1","H","D","1","F","R","W","1","7","2","Y","6",0,0,0,"000000000","00000000000",0,0,0,1,0,0,0,0,0,0,0,998,0,0,0,12,6,2,12,0,0,0,1,13,30276,6,1,6,0,3,0,72,210,98,0,0,0,0,0,0,0,0,0,0,0,0,0,1,2,55,2,1,2,2,0,0,14,62,99,9,1,51,"777777777777","777777777777","777777777777",1,0
13,130813,1,1,1,8,8,9,15,42,0,1,0,13,3,85,881,85881,66,2014,"1XKDDP9X4EJ4","1","X","K","D","D","P","9","X","4","E","J","4",1,1,13,"1331685","131331685",3,6,1,1,0,0,0,0,0,0,0,998,0,0,0,12,6,2,42,0,0,0,1,13,31803,6,1,6,0,3,0,70,210,98,3,0,0,1,7,2015,8,2015,0,0,0,0,0,1,2,45,2,6,2,1,0,0,14,8,6,4,4,7,"888888888888","777777777777","777777777777",1,1
13,130814,1,1,1,8,8,6,30,42,0,1,0,13,2,20,481,20481,31,1988,"1GCDC14KXJZ3","1","G","C","D","C","1","4","K","X","J","Z","3",0,0,0,"000000000","00000000000",0,0,0,1,0,0,0,0,0,0,0,998,0,0,0,12,6,2,42,0,0,0,1,13,30263,6,1,0,0,3,3,75,170,98,0,0,0,0,0,0,0,0,0,0,0,0,0,1,2,35,3,1,2,1,0,0,14,13,6,3,4,2,"777777777777","777777777777","777777777777",1,1
13,130815,1,1,1,9,8,19,31,33,0,1,0,13,1,73,705,73705,80,2010,"JKAZX4R12AA0","J","K","A","Z","X","4","R","1","2","A","A","0",0,0,0,"000000000","00000000000",0,0,0,1,0,0,0,0,0,0,0,998,0,0,0,3,4,3,24,0,0,0,1,13,30907,6,1,0,0,3,3,71,135,98,1,0,3,1,4,2013,12,2013,4,0,0,0,0,1,2,55,3,1,2,1,0,0,14,6,99,9,4,2,"777777777777","777777777777","777777777777",1,1
13,130816,1,1,1,9,8,23,58,8,0,1,0,13,1,12,3,12003,2,2013,"1ZVBP8AM4D52","1","Z","V","B","P","8","A","M","4","D","5","2",0,0,0,"000000000","00000000000",0,0,0,1,0,0,0,0,0,0,0,998,0,0,0,11,4,5,8,0,0,0,1,13,30189,6,1,0,0,3,0,68,210,98,0,0,0,1,4,2016,4,2016,0,0,0,0,0,3,4,65,1,1,2,1,0,0,1,80,99,1,1,13,"777777777777","777777777777","777777777777",0,0
13,130817,1,1,3,9,8,11,15,1,0,1,0,13,2,20,431,20431,16,2003,"3GNEC16Z33G1","3","G","N","E","C","1","6","Z","3","3","G","1",0,0,0,"000000000","00000000000",0,0,0,1,0,0,0,0,0,0,0,998,0,2,1,0,6,2,1,0,0,0,1,13,31077,6,1,0,0,3,0,69,145,98,0,0,0,0,0,0,0,0,0,58,0,0,0,1,2,55,3,6,2,1,0,0,14,6,6,4,6,98,"777777777777","777777777777","777777777777",1,0
13,130818,1,2,1,9,8,16,30,12,2,1,0,13,2,12,481,12481,31,1999,"1FTNX21F5XEE","1","F","T","N","X","2","1","F","5","X","E","E",0,0,0,"000000000","00000000000",0,0,0,1,0,0,0,0,0,0,0,998,0,0,0,12,6,2,12,0,0,0,1,13,30514,6,2,0,0,3,0,72,275,98,0,0,0,0,0,0,0,0,0,28,0,0,0,1,2,55,1,5,2,1,0,0,1,10,99,9,2,50,"777777777777","777777777777","777777777777",0,0
13,130818,2,2,2,9,8,16,30,12,2,1,0,13,3,20,461,20461,21,2013,"1GCWGFBA3D11","1","G","C","W","G","F","B","A","3","D","1","1",0,0,0,"000000000","00000000000",0,0,0,1,0,0,0,0,0,0,0,998,0,0,0,12,6,2,12,0,0,0,1,13,30512,3,1,0,0,2,0,76,270,98,0,0,0,0,0,0,0,0,0,0,0,0,0,1,2,55,1,6,2,1,0,0,1,62,1,1,1,51,"777777777777","777777777777","777777777777",1,0
13,130819,1,1,1,10,8,17,21,8,0,1,1,99,9,99,999,99999,99,9999,"999999999999","9","9","9","9","9","9","9","9","9","9","9","9",0,0,0,"000000000","00000000000",0,0,0,1,0,0,0,0,0,0,0,999,0,0,0,11,4,5,8,0,0,0,1,99,99999,9,9,99,9,9,9,999,999,99,99,99,99,99,99,9999,99,9999,9,38,0,0,0,1,2,35,1,2,2,1,0,0,1,80,99,9,9,13,"777777777777","777777777777","777777777777",0,0
13,130820,1,1,4,10,8,9,55,1,0,1,0,37,1,12,423,12423,16,2004,"1FMNU43S94ED","1","F","M","N","U","4","3","S","9","4","E","D",0,0,0,"000000000","00000000000",0,0,0,1,0,0,0,0,0,0,0,998,0,2,5,0,6,2,1,0,0,0,1,37,28092,6,1,0,0,3,0,65,999,0,0,0,0,0,0,0,0,0,0,0,0,0,0,3,2,70,1,1,2,2,0,0,1,9,99,9,4,2,"777777777777","777777777777","777777777777",2,0
13,130821,1,2,1,10,8,18,40,12,1,1,0,42,1,82,881,82881,66,2007,"1FUJA6CK47LX","1","F","U","J","A","6","C","K","4","7","L","X",1,1,57,"911841","57911841",3,6,1,1,0,0,0,0,0,0,0,998,0,0,0,6,6,2,12,0,0,0,1,42,17929,6,1,6,0,3,0,999,999,0,0,0,0,0,0,0,0,0,0,45,0,0,0,3,3,70,1,5,2,1,0,0,1,53,1,1,1,25,"888888888888","777777777777","777777777777",0,0
13,130821,2,2,1,10,8,18,40,12,1,1,0,13,1,35,472,35472,30,2012,"1N6AD0ERXCC4","1","N","6","A","D","0","E","R","X","C","C","4",0,0,0,"000000000","00000000000",0,0,0,1,0,0,0,0,0,0,0,998,0,0,0,12,6,2,12,0,0,0,1,13,31072,6,1,0,0,3,0,72,405,98,0,0,0,0,0,0,0,0,0,26,0,0,0,3,3,70,1,5,2,1,0,0,1,51,99,9,1,24,"777777777777","777777777777","777777777777",1,0
13,130822,1,1,2,10,8,19,16,34,0,1,0,92,0,52,37,52037,2,1998,"4A3AK34Y6WE0","4","A","3","A","K","3","4","Y","6","W","E","0",0,0,0,"000000000","00000000000",0,0,0,1,0,0,0,0,0,0,0,998,0,1,5,14,6,2,1,0,0,0,1,47,37421,2,1,0,0,2,0,65,148,0,0,0,0,1,6,2013,6,2013,0,0,0,0,0,1,2,45,2,1,2,1,0,0,14,6,99,9,4,7,"777777777777","777777777777","777777777777",1,1
13,130823,1,2,1,12,8,13,18,12,6,1,0,13,1,30,46,30046,4,2008,"WVWAK73C58P1","W","V","W","A","K","7","3","C","5","8","P","1",0,0,0,"000000000","00000000000",0,0,0,1,0,0,0,0,0,0,0,998,0,0,0,9,6,2,12,32,0,0,1,13,30296,6,1,6,0,3,0,72,230,98,0,0,0,0,0,0,0,0,0,38,0,0,0,1,2,35,1,1,2,1,20,3,11,15,99,9,1,82,"777777777777","777777777777","777777777777",1,0
13,130823,2,2,3,12,8,13,18,12,6,1,0,13,1,12,461,12461,21,1997,"1FTFE24L2VHA","1","F","T","F","E","2","4","L","2","V","H","A",0,0,0,"000000000","00000000000",0,0,0,1,0,0,0,0,0,0,0,998,9,0,0,12,4,8,12,0,0,0,1,13,30016,6,1,0,0,3,0,71,215,98,0,0,1,2,12,2011,7,2014,0,0,0,0,0,1,2,35,1,1,2,1,0,0,1,67,16,2,1,83,"777777777777","777777777777","777777777777",0,0
13,130824,1,3,1,12,8,19,6,12,1,1,1,99,9,20,9,20009,9,9999,"999999999999","9","9","9","9","9","9","9","9","9","9","9","9",0,0,0,"000000000","00000000000",0,0,0,1,0,0,0,0,0,0,0,998,0,0,0,6,4,5,12,0,0,0,1,99,99999,9,9,99,0,9,9,999,999,99,99,99,99,99,99,9999,99,9999,3,29,38,34,0,3,4,55,1,1,2,1,0,0,6,98,8,1,6,32,"777777777777","777777777777","777777777777",0,0
13,130824,2,3,2,12,8,19,6,12,1,1,0,13,2,35,481,35481,31,2008,"1N6BA06A38N3","1","N","6","B","A","0","6","A","3","8","N","3",0,0,0,"000000000","00000000000",0,0,0,1,0,0,0,0,0,0,0,998,0,0,0,12,6,2,12,0,0,0,1,13,30143,1,1,0,0,2,0,67,150,98,5,1,1,1,11,2013,9,2015,0,0,0,0,0,3,4,55,1,1,2,1,0,0,1,64,99,9,1,32,"777777777777","777777777777","777777777777",1,0
13,130824,3,3,2,12,8,19,6,12,1,1,0,13,1,12,3,12003,2,2007,"1ZVFT80N8753","1","Z","V","F","T","8","0","N","8","7","5","3",0,0,0,"000000000","00000000000",0,0,0,1,0,0,0,0,0,0,0,998,0,0,0,6,4,8,12,0,0,0,1,13,30656,6,1,0,0,3,0,68,180,98,0,0,0,0,0,0,0,0,0,0,0,0,0,3,4,55,1,1,2,1,0,0,1,53,99,9,1,98,"777777777777","777777777777","777777777777",0,0
13,130825,1,2,1,12,8,18,46,12,6,1,1,92,0,20,37,20037,4,2006,"1G1ZT51FX6F1","1","G","1","Z","T","5","1","F","X","6","F","1",0,0,0,"000000000","00000000000",0,0,0,1,0,0,0,0,0,0,0,998,0,0,0,1,4,5,12,0,0,0,1,13,30344,6,1,0,0,3,0,65,190,98,5,0,0,2,8,2014,7,2016,0,38,0,0,0,9,9,35,9,9,9,99,3,3,11,15,99,9,9,68,"777777777777","777777777777","777777777777",0,0
13,130825,2,2,1,12,8,18,46,12,6,1,0,0,0,98,701,98701,88,2014,"L9NPEACB3F10","L","9","N","P","E","A","C","B","3","F","1","0",0,0,0,"000000000","00000000000",0,0,0,1,0,0,0,0,0,0,0,998,0,0,0,12,6,2,12,0,0,0,1,13,30308,6,1,0,0,3,0,68,173,98,0,0,0,0,0,0,0,0,0,0,0,0,0,9,9,35,9,9,9,1,3,3,1,62,99,9,9,69,"777777777777","777777777777","777777777777",1,0
13,130826,1,1,4,13,8,2,4,1,0,1,0,37,1,24,7,24007,4,2006,"1G8AL55F96Z1","1","G","8","A","L","5","5","F","9","6","Z","1",0,0,0,"000000000","00000000000",0,0,0,1,0,0,0,0,0,0,0,998,0,2,5,0,6,2,1,0,0,0,1,37,28574,6,1,0,0,3,3,60,999,3,0,0,1,2,10,2011,11,2014,0,58,0,0,0,1,3,55,2,6,2,1,0,0,14,6,7,3,4,2,"777777777777","777777777777","777777777777",1,0
13,130827,1,2,1,13,8,22,6,12,6,1,0,13,3,2,403,2403,14,2009,"1J4GA59129L7","1","J","4","G","A","5","9","1","2","9","L","7",0,0,0,"000000000","00000000000",0,0,0,1,0,0,0,0,0,0,0,998,0,0,0,9,6,2,12,0,0,0,1,13,30401,6,2,0,0,3,0,61,113,98,0,0,0,0,0,0,0,0,0,48,0,0,0,1,2,55,1,6,2,1,0,0,12,21,1,1,1,98,"777777777777","777777777777","777777777777",1,0
13,130827,2,2,2,13,8,22,6,12,6,1,0,13,1,20,481,20481,31,1993,"1GCEK14K6PZ2","1","G","C","E","K","1","4","K","6","P","Z","2",0,0,0,"000000000","00000000000",0,0,0,1,0,0,0,0,0,0,0,998,0,0,0,12,6,2,12,0,0,0,1,13,30830,6,1,0,0,3,0,69,173,98,0,0,1,2,9,2015,8,2016,0,0,0,0,0,1,2,55,1,6,2,1,0,0,1,64,6,9,1,98,"777777777777","777777777777","777777777777",1,1
13,130828,1,1,1,13,8,20,17,30,0,1,0,13,1,22,22,22022,4,2008,"6G2ER57788L1","6","G","2","E","R","5","7","7","8","8","L","1",0,0,0,"000000000","00000000000",0,0,0,1,0,0,0,0,0,0,0,998,0,0,0,12,6,2,30,0,0,0,1,13,30083,6,1,0,0,3,0,70,181,98,0,0,0,1,3,2016,3,2016,4,0,0,0,0,3,4,65,1,1,2,1,0,0,1,6,99,9,4,2,"777777777777","777777777777","777777777777",1,0
13,130829,1,2,1,13,8,13,12,12,6,1,0,29,1,42,401,42401,14,2006,"4JGBB86E46A1","4","J","G","B","B","8","6","E","4","6","A","1",0,0,0,"000000000","00000000000",0,0,0,1,0,0,0,0,0,0,0,998,0,0,0,12,6,2,12,0,0,0,1,29,64110,6,1,0,0,3,0,72,195,0,0,0,0,0,0,0,0,0,0,39,0,0,0,1,4,35,1,2,2,1,3,3,1,17,1,1,1,83,"777777777777","777777777777","777777777777",0,0
13,130829,2,2,1,13,8,13,12,12,6,1,0,13,1,49,38,49038,2,1995,"JT2EL56D2S00","J","T","2","E","L","5","6","D","2","S","0","0",0,0,0,"000000000","00000000000",0,0,0,1,0,0,0,0,0,0,0,998,0,0,0,9,6,2,12,0,0,0,1,13,30350,6,1,0,0,3,0,68,118,98,0,0,0,0,0,0,0,0,0,0,0,0,0,1,4,35,1,2,2,1,3,3,11,15,99,1,1,82,"777777777777","777777777777","777777777777",1,0
13,130830,1,1,2,13,8,8,46,34,0,1,0,13,2,20,471,20471,30,1991,"1GCCS14Z6M81","1","G","C","C","S","1","4","Z","6","M","8","1",0,0,0,"000000000","00000000000",0,0,0,1,0,0,0,0,0,0,0,998,0,1,5,12,6,2,34,0,0,0,1,13,30816,6,1,0,0,3,0,65,113,98,0,0,0,1,7,2016,7,2016,4,91,0,0,0,5,5,55,3,1,2,1,0,0,14,6,99,9,4,2,"777777777777","777777777777","777777777777",1,0
13,130831,1,2,1,13,8,15,54,12,6,1,0,13,1,20,481,20481,31,1996,"1GCEK19R5TE1","1","G","C","E","K","1","9","R","5","T","E","1",0,0,0,"000000000","00000000000",0,0,0,1,0,0,0,0,0,0,0,998,0,0,0,12,6,2,12,0,0,0,1,13,30528,1,1,0,0,2,3,64,150,98,4,1,0,5,2,2012,5,2016,0,28,0,0,0,1,2,55,2,6,2,1,0,0,14,10,99,9,2,64,"777777777777","777777777777","777777777777",1,1
13,130831,2,2,2,13,8,15,54,12,6,1,0,13,2,12,881,12881,64,2005,"3FRNX65F55V1","3","F","R","N","X","6","5","F","5","5","V","1",0,0,88,"888888888","88888888888",2,1,97,1,0,0,0,0,0,0,0,998,0,0,0,11,6,2,12,0,0,0,1,13,30510,6,1,6,0,3,0,72,200,98,3,0,1,0,8,2011,7,2016,0,0,0,0,0,1,2,55,3,5,2,1,0,0,14,62,99,9,1,65,"777777777777","777777777777","777777777777",0,0
13,130832,1,1,3,14,8,3,15,5,0,1,0,92,0,2,404,2404,14,1994,"1J4FJ68S4RL1","1","J","4","F","J","6","8","S","4","R","L","1",0,0,0,"000000000","00000000000",0,0,0,1,0,0,0,0,0,0,0,998,0,0,0,0,0,5,5,0,0,0,1,13,30824,6,1,0,0,3,0,70,165,98,0,0,0,0,0,0,0,0,0,36,0,0,0,1,2,35,1,1,2,1,0,0,1,98,1,1,2,0,"777777777777","777777777777","777777777777",1,1
13,130833,1,1,1,14,8,20,40,9,0,1,0,13,1,49,472,49472,30,2010,"3TMJU4GN1AM0","3","T","M","J","U","4","G","N","1","A","M","0",0,0,0,"000000000","00000000000",0,0,0,1,0,0,0,0,0,0,0,998,0,0,0,12,6,2,9,0,0,0,1,13,31036,6,1,0,0,3,0,71,170,98,1,0,0,2,1,2013,4,2014,0,0,0,0,0,2,2,55,1,1,2,1,0,0,1,83,16,2,1,13,"777777777777","777777777777","777777777777",0,0
13,130834,1,1,2,14,8,21,48,24,0,1,0,1,2,23,421,23421,15,2000,"1GKEK13R0YR1","1","G","K","E","K","1","3","R","0","Y","R","1",0,0,0,"000000000","00000000000",0,0,0,1,0,0,0,0,0,0,0,998,0,1,5,9,6,2,1,0,0,0,1,1,36201,6,1,0,0,3,3,68,136,1,0,0,3,2,1,2013,1,2016,0,0,0,0,0,3,3,70,1,5,2,1,0,0,1,9,99,9,4,7,"777777777777","777777777777","777777777777",1,0
13,130835,1,1,1,14,8,2,17,33,0,1,0,13,2,37,705,37705,80,2006,"JH2PC37056M3","J","H","2","P","C","3","7","0","5","6","M","3",0,0,0,"000000000","00000000000",0,0,0,1,0,0,0,0,0,0,0,998,0,0,0,12,6,2,1,0,0,0,1,13,30127,6,1,0,0,3,2,72,141,98,0,0,0,5,11,2011,1,2015,0,74,37,36,0,3,2,45,3,1,2,1,3,3,14,13,99,9,4,1,"777777777777","777777777777","777777777777",1,0
13,130836,1,2,2,15,8,5,42,12,2,1,0,13,2,12,16,12016,4,1998,"2FAFP74W9WX1","2","F","A","F","P","7","4","W","9","W","X","1",0,0,0,"000000000","00000000000",0,0,0,1,0,0,0,0,0,0,0,998,0,0,0,12,6,2,12,32,0,0,1,13,30127,6,1,0,0,3,3,71,215,98,0,0,0,0,0,0,0,0,0,28,0,0,0,3,2,55,4,2,2,1,0,0,14,10,16,2,2,50,"777777777777","777777777777","777777777777",2,0
13,130836,2,2,1,15,8,5,42,12,2,1,0,13,1,9,442,9442,20,1999,"1P4GP44GXXB5","1","P","4","G","P","4","4","G","X","X","B","5",0,0,0,"000000000","00000000000",0,0,0,1,0,0,0,0,0,0,0,998,0,0,0,12,6,2,12,0,0,0,1,13,30157,6,1,0,0,3,0,66,160,98,0,0,1,1,2,2013,3,2015,0,0,0,0,0,3,2,55,4,2,2,1,0,0,14,62,16,2,1,51,"777777777777","777777777777","777777777777",0,0
13,130837,1,1,1,15,8,6,8,1,0,1,0,13,1,12,471,12471,30,2001,"1FTYR14E31TA","1","F","T","Y","R","1","4","E","3","1","T","A",0,0,0,"000000000","00000000000",0,0,0,1,0,0,0,0,0,0,0,998,0,2,1,0,6,2,1,0,0,0,1,13,30577,6,1,0,0,3,0,67,155,98,0,0,0,2,3,2012,4,2012,0,58,0,0,0,2,2,65,2,5,2,1,0,0,14,12,7,4,6,98,"777777777777","777777777777","777777777777",1,0
13,130838,1,2,1,15,8,17,30,12,2,1,0,13,2,12,401,12401,14,2004,"1FMZU67K14UB","1","F","M","Z","U","6","7","K","1","4","U","B",0,0,0,"000000000","00000000000",0,0,0,1,0,0,0,0,0,0,0,998,0,0,0,12,6,2,12,32,0,0,1,13,31502,6,1,6,0,3,0,70,210,98,1,0,1,1,7,2014,10,2014,0,58,0,0,0,1,4,55,1,1,2,1,0,0,1,13,6,9,6,50,"777777777777","777777777777","777777777777",0,0
13,130838,2,2,1,15,8,17,30,12,2,1,0,13,1,20,481,20481,31,2014,"1GCNCPEH1EZ2","1","G","C","N","C","P","E","H","1","E","Z","2",0,0,0,"000000000","00000000000",0,0,0,1,0,0,0,0,0,0,0,998,0,0,0,12,6,2,12,0,0,0,1,13,31516,6,1,0,0,3,0,69,255,98,0,0,0,0,0,0,0,0,0,0,0,0,0,1,4,55,1,1,2,1,0,0,1,62,99,9,1,51,"777777777777","777777777777","777777777777",1,0
13,130839,1,2,1,16,8,11,12,12,6,1,0,99,9,20,401,20401,14,1990,"999999999999","9","9","9","9","9","9","9","9","9","9","9","9",0,0,0,"000000000","00000000000",0,0,0,1,0,0,0,0,0,0,0,998,0,1,6,1,6,2,2,0,0,1,1,99,99999,9,9,99,9,9,9,999,999,99,99,99,99,99,99,9999,99,9999,0,38,0,0,0,1,3,30,1,1,2,1,0,0,1,10,99,9,2,74,"777777777777","777777777777","777777777777",1,0
13,130839,2,2,2,16,8,11,12,12,6,1,0,13,1,49,46,49046,4,2015,"JTDKN3DU5F04","J","T","D","K","N","3","D","U","5","F","0","4",0,0,0,"000000000","00000000000",0,0,0,1,0,0,0,0,0,0,0,998,0,0,0,12,4,3,12,0,0,0,1,13,31406,6,1,0,0,3,0,74,205,98,1,0,1,0,2,2012,7,2012,0,0,0,0,0,1,3,30,1,1,2,1,0,0,1,62,99,9,1,74,"777777777777","777777777777","777777777777",0,0
13,130840,1,1,1,22,7,14,37,34,0,1,0,13,2,12,444,12444,20,2011,"NM0LS7AN2BT0","N","M","0","L","S","7","A","N","2","B","T","0",0,0,0,"000000000","00000000000",0,0,0,1,0,0,0,0,0,0,0,998,0,0,0,1,6,2,34,0,0,0,1,18,46158,1,1,0,0,2,0,74,190,1,1,0,1,2,11,2012,4,2014,0,99,99,99,99,1,2,45,1,1,2,1,0,0,1,13,99,9,4,5,"777777777777","777777777777","777777777777",1,0
13,130841,1,4,1,21,7,16,41,12,1,1,0,13,1,12,481,12481,31,1999,"1FTRX07WXXKB","1","F","T","R","X","0","7","W","X","X","K","B",0,0,0,"000000000","00000000000",0,0,0,1,0,0,0,0,0,0,0,60,0,1,1,12,6,2,12,0,0,0,1,13,30071,6,1,0,0,3,0,70,194,98,0,0,0,1,7,2016,7,2016,4,26,0,0,0,2,5,45,1,2,2,1,0,0,1,50,1,1,1,20,"777777777777","777777777777","777777777777",0,0
13,130841,2,4,5,21,7,16,41,12,1,1,0,13,1,49,32,49032,4,2004,"JTDBR32EX420","J","T","D","B","R","3","2","E","X","4","2","0",0,0,0,"000000000","00000000000",0,0,0,1,0,0,0,0,0,0,0,0,0,0,0,6,6,2,12,0,0,0,1,13,30096,6,1,0,0,3,0,64,140,98,0,0,0,0,0,0,0,0,0,0,0,0,0,2,5,45,1,2,2,1,0,0,5,53,1,1,1,21,"777777777777","777777777777","777777777777",1,0
13,130841,3,4,1,21,7,16,41,12,1,1,0,13,2,37,31,37031,2,2015,"2HGFG3B8XFH5","2","H","G","F","G","3","B","8","X","F","H","5",0,0,0,"000000000","00000000000",0,0,0,1,0,0,0,0,0,0,0,0,0,0,0,6,6,2,12,0,0,0,1,13,30096,6,1,0,0,3,0,71,185,98,0,0,0,0,0,0,0,0,0,0,0,0,0,2,5,45,1,2,2,1,0,0,5,53,1,1,1,98,"777777777777","777777777777","777777777777",0,0