"STATE","ST_CASE","VEH_NO","VE_FORMS","NUMOCCS","DAY","MONTH","HOUR","MINUTE","HARM_EV","MAN_COLL","UNITTYPE","HIT_RUN","REG_STAT","OWNER","MAKE","MODEL","MAK_MOD","BODY_TYP","MOD_YEAR","VIN","VIN_1","VIN_2","VIN_3","VIN_4","VIN_5","VIN_6","VIN_7","VIN_8","VIN_9","VIN_10","VIN_11","VIN_12","TOW_VEH","J_KNIFE","MCARR_I1","MCARR_I2","MCARR_ID","GVWR","V_CONFIG","CARGO_BT","HAZ_INV","HAZ_PLAC","HAZ_ID","HAZ_CNO","HAZ_REL","BUS_USE","SPEC_USE","EMER_USE","TRAV_SP","UNDERIDE","ROLLOVER","ROLINLOC","IMPACT1","DEFORMED","TOWED","M_HARM","VEH_SC1","VEH_SC2","FIRE_EXP","DR_PRES","L_STATE","DR_ZIP","L_STATUS","L_TYPE","CDL_STAT","L_ENDORS","L_COMPL","L_RESTRI","DR_HGT","DR_WGT","PREV_ACC","PREV_SUS","PREV_DWI","PREV_SPD","PREV_OTH","FIRST_MO","FIRST_YR","LAST_MO","LAST_YR","SPEEDREL","DR_SF1","DR_SF2","DR_SF3","DR_SF4","VTRAFWAY","VNUM_LAN","VSPD_LIM","VALIGN","VPROFILE","VPAVETYP","VSURCOND","VTRAFCON","VTCONT_F","P_CRASH1","P_CRASH2","P_CRASH3","PCRASH4","PCRASH5","ACC_TYPE","TRLR1VIN","TRLR2VIN","TRLR3VIN","DEATHS","DR_DRINK"
13,130841,4,4,1,21,7,16,41,12,1,1,0,13,1,49,32,49032,4,2015,"2T1BURHEXFC2","2","T","1","B","U","R","H","E","X","F","C","2",0,0,0,"000000000","00000000000",0,0,0,1,0,0,0,0,0,0,0,998,0,0,0,12,4,5,12,0,0,0,1,13,30519,6,1,0,0,3,0,69,170,98,0,0,0,0,0,0,0,0,0,0,0,0,0,2,5,45,1,2,2,1,0,0,1,62,99,1,1,98,"777777777777","777777777777","777777777777",0,0
13,130842,1,2,3,5,8,20,56,12,6,1,0,13,1,12,481,12481,31,2006,"1FTSW20P16EA","1","F","T","S","W","2","0","P","1","6","E","A",0,0,0,"000000000","00000000000",0,0,0,1,0,0,0,0,0,0,0,998,0,0,0,12,4,5,12,0,0,0,1,13,30025,6,1,6,0,3,0,69,190,98,0,0,0,0,0,0,0,0,0,39,0,0,0,2,2,55,1,1,2,1,3,3,1,17,99,1,1,88,"777777777777","777777777777","777777777777",0,0
13,130842,2,2,1,5,8,20,56,12,6,1,0,13,1,20,37,20037,4,2007,"1G1ZT58F67F3","1","G","1","Z","T","5","8","F","6","7","F","3",0,0,0,"000000000","00000000000",0,0,0,1,0,0,0,0,0,0,0,998,0,0,0,9,6,2,12,0,0,0,1,13,30228,6,1,0,0,3,0,69,204,98,1,0,2,0,10,2011,6,2012,0,0,0,0,0,1,2,45,1,1,2,1,3,3,1,66,99,1,1,89,"777777777777","777777777777","777777777777",1,0
13,130843,1,1,1,16,7,16,36,42,0,1,0,92,0,72,706,72706,80,2009,"1HD1CZ31X9K4","1","H","D","1","C","Z","3","1","X","9","K","4",0,0,0,"000000000","00000000000",0,0,0,1,0,0,0,0,0,0,0,998,0,0,0,12,6,2,42,0,0,0,1,13,31909,2,1,0,0,2,0,65,140,98,0,0,0,0,0,0,0,0,0,91,0,0,0,1,2,45,3,5,2,1,0,0,14,13,99,9,4,1,"777777777777","777777777777","777777777777",1,1
13,130844,1,3,1,6,8,15,4,12,2,1,0,13,1,6,441,6441,20,2010,"2A4RR8D14AR4","2","A","4","R","R","8","D","1","4","A","R","4",0,0,0,"000000000","00000000000",0,0,0,1,0,0,0,0,0,0,0,998,0,0,0,12,6,2,12,0,0,0,1,13,30012,6,1,0,0,3,0,68,220,98,0,0,0,0,0,0,0,0,0,0,0,0,0,1,2,45,2,1,2,1,0,0,14,10,99,1,1,50,"777777777777","777777777777","777777777777",1,0
13,130844,2,3,1,6,8,15,4,12,2,1,0,13,1,37,421,37421,15,2008,"5FNYF28468B0","5","F","N","Y","F","2","8","4","6","8","B","0",0,0,0,"000000000","00000000000",0,0,0,1,0,0,0,0,0,0,0,998,0,0,0,12,6,2,12,0,0,0,1,13,30566,6,1,0,0,3,0,63,197,98,0,0,0,0,0,0,0,0,0,0,0,0,0,1,2,45,3,1,2,1,0,0,14,62,99,1,1,51,"777777777777","777777777777","777777777777",0,0
13,130844,3,3,2,6,8,15,4,12,2,1,0,13,1,2,405,2405,14,2005,"1J4GK48K45W6","1","J","4","G","K","4","8","K","4","5","W","6",0,0,0,"000000000","00000000000",0,0,0,1,0,0,0,0,0,0,0,998,0,0,0,12,6,2,12,0,0,0,1,13,30012,6,1,0,0,3,0,68,110,98,2,0,1,3,11,2011,5,2014,0,0,0,0,0,1,2,45,3,1,2,1,0,0,14,51,99,1,1,98,"777777777777","777777777777","777777777777",0,0
13,130845,1,1,1,16,8,20,12,1,0,1,0,13,2,76,705,76705,80,2004,"JYARJ06E74A0","J","Y","A","R","J","0","6","E","7","4","A","0",0,0,0,"000000000","00000000000",0,0,0,1,0,0,0,0,0,0,0,998,0,0,0,0,6,2,1,0,0,0,1,13,30093,0,0,0,0,0,0,999,999,98,0,0,0,0,0,0,0,0,0,0,0,0,0,1,2,25,3,1,2,1,0,0,14,13,99,1,4,1,"777777777777","777777777777","777777777777",1,0
13,130846,1,2,1,16,8,18,26,12,2,1,0,13,1,41,45,41045,1,1995,"JM1NA3533S06","J","M","1","N","A","3","5","3","3","S","0","6",0,0,0,"000000000","00000000000",0,0,0,1,0,0,0,0,0,0,0,998,0,0,0,12,6,2,12,0,0,0,1,13,30549,6,1,0,0,3,0,71,165,98,0,0,0,0,0,0,0,0,0,0,0,0,0,1,2,45,2,5,2,1,28,3,14,10,99,1,1,50,"777777777777","777777777777","777777777777",1,0
13,130846,2,2,1,16,8,18,26,12,2,1,0,13,2,38,402,38402,14,1992,"4S2CY58Z0N43","4","S","2","C","Y","5","8","Z","0","N","4","3",0,0,0,"000000000","00000000000",0,0,0,1,0,0,0,0,0,0,0,998,0,0,0,12,6,2,12,0,0,0,1,13,30549,6,1,0,0,3,0,65,192,98,0,0,0,0,0,0,0,0,0,0,0,0,0,1,2,45,1,6,2,1,28,3,1,62,99,1,1,51,"777777777777","777777777777","777777777777",0,0
13,130847,1,1,1,17,8,16,4,33,0,1,0,13,1,12,16,12016,4,2005,"2FAHP71W55X1","2","F","A","H","P","7","1","W","5","5","X","1",0,0,0,"000000000","00000000000",0,0,0,1,0,0,0,0,0,0,0,998,0,1,6,98,6,2,1,0,0,0,1,13,30310,6,1,6,0,3,0,79,237,98,0,0,0,0,0,0,0,0,3,0,0,0,0,1,2,25,3,1,2,1,0,0,14,6,99,5,4,7,"777777777777","777777777777","777777777777",1,1
13,130848,1,2,2,17,8,14,27,12,6,1,0,13,1,49,40,49040,4,2014,"4T1BF1FK5EU7","4","T","1","B","F","1","F","K","5","E","U","7",0,0,0,"000000000","00000000000",0,0,0,1,0,0,0,0,0,0,0,998,0,0,0,7,6,2,12,0,0,0,1,13,30901,6,1,0,0,3,0,66,125,98,0,0,0,0,0,0,0,0,0,39,0,0,0,2,2,25,1,1,2,1,20,3,11,15,1,1,1,82,"777777777777","777777777777","777777777777",1,0
13,130848,2,2,1,17,8,14,27,12,6,1,0,45,1,35,401,35401,14,2006,"5N1AR18W76C6","5","N","1","A","R","1","8","W","7","6","C","6",0,0,0,"000000000","00000000000",0,0,0,1,0,0,0,0,0,0,0,998,0,0,0,12,6,2,12,0,0,0,1,45,29821,6,1,0,0,3,3,68,225,0,0,0,0,0,0,0,0,0,0,0,0,0,0,1,2,45,1,1,2,1,0,0,1,67,99,1,1,83,"777777777777","777777777777","777777777777",0,0
13,130849,1,1,3,17,8,21,50,8,0,1,0,13,1,23,481,23481,31,1998,"1GTEC14W1WZ5","1","G","T","E","C","1","4","W","1","W","Z","5",0,0,0,"000000000","00000000000",0,0,0,1,0,0,0,0,0,0,0,998,0,0,0,12,2,5,8,0,0,0,1,13,30034,6,1,0,0,3,0,69,165,98,0,0,0,0,0,0,0,0,0,0,0,0,0,1,2,35,1,1,2,1,0,0,1,80,1,1,1,13,"777777777777","777777777777","777777777777",0,0
13,130850,1,1,1,17,8,10,50,1,0,1,0,13,1,72,706,72706,80,2004,"1HD1FYW164Y7","1","H","D","1","F","Y","W","1","6","4","Y","7",0,0,0,"000000000","00000000000",0,0,0,1,0,0,0,0,0,0,0,998,0,0,0,0,4,3,1,0,0,0,1,13,30548,6,1,0,0,3,0,71,280,98,0,0,0,0,0,0,0,0,0,26,0,0,0,1,2,35,2,6,2,1,0,0,14,98,99,4,2,98,"777777777777","777777777777","777777777777",1,0
13,130851,1,1,2,17,8,1,53,34,0,1,0,13,1,49,50,49050,3,2006,"JTKDE1670601","J","T","K","D","E","1","6","7","0","6","0","1",0,0,0,"000000000","00000000000",0,0,0,1,0,0,0,0,0,0,0,998,0,1,5,11,6,2,1,0,0,0,1,99,99999,9,9,99,9,9,9,999,999,99,99,99,99,99,99,9999,99,9999,3,37,0,0,0,1,2,25,2,1,2,1,28,3,14,12,99,9,4,7,"777777777777","777777777777","777777777777",1,0
13,130852,1,2,1,17,8,11,35,12,2,1,0,13,1,2,405,2405,14,2007,"1J4GK48K97W5","1","J","4","G","K","4","8","K","9","7","W","5",0,0,0,"000000000","00000000000",0,0,0,1,0,0,0,0,0,0,0,998,0,0,0,12,6,2,12,32,0,0,1,13,30553,6,1,0,0,3,0,64,178,98,0,0,0,0,0,0,0,0,0,0,0,0,0,1,2,55,1,5,2,1,28,3,1,10,99,1,2,50,"777777777777","777777777777","777777777777",1,0
13,130852,2,2,1,17,8,11,35,12,2,1,0,39,1,20,481,20481,31,2006,"1GCEK19Z76Z1","1","G","C","E","K","1","9","Z","7","6","Z","1",0,0,0,"000000000","00000000000",0,0,0,1,0,0,0,0,0,0,0,998,0,1,1,12,6,2,12,0,0,0,1,39,45233,6,1,0,0,3,0,76,180,1,0,0,0,0,11,2011,11,2011,0,0,0,0,0,1,2,55,1,6,2,1,28,3,1,62,99,1,1,51,"777777777777","777777777777","777777777777",0,0
13,130853,1,2,1,17,8,18,10,12,2,1,0,13,1,12,481,12481,31,2011,"1FTEX1CM8BKD","1","F","T","E","X","1","C","M","8","B","K","D",0,0,0,"000000000","00000000000",0,0,0,1,0,0,0,0,0,0,0,998,0,0,0,12,6,2,12,0,0,0,1,13,30241,6,1,0,0,3,0,72,250,98,0,0,0,0,0,0,0,0,0,38,0,0,0,1,2,55,1,6,2,1,0,0,11,15,99,1,1,74,"777777777777","777777777777","777777777777",1,0
13,130853,2,2,1,17,8,18,10,12,2,1,0,13,1,12,461,12461,21,1997,"1FTHE24L5VHA","1","F","T","H","E","2","4","L","5","V","H","A",0,0,0,"000000000","00000000000",0,0,0,1,0,0,0,0,0,0,0,998,0,0,0,12,6,2,12,0,0,0,1,13,30223,6,1,6,0,3,0,70,230,98,0,0,0,0,0,0,0,0,0,0,0,0,0,1,2,55,1,5,2,1,0,0,1,62,1,1,1,74,"777777777777","777777777777","777777777777",0,0
13,130854,1,3,1,18,8,14,56,12,7,1,0,13,1,49,32,49032,4,2013,"2T1BU4EE1DC0","2","T","1","B","U","4","E","E","1","D","C","0",0,0,0,"000000000","00000000000",0,0,0,1,0,0,0,0,0,0,0,998,1,0,0,7,6,2,12,0,0,0,1,13,30016,6,1,0,0,3,3,65,190,98,0,0,0,0,0,0,0,0,0,27,0,0,0,3,5,65,1,2,2,1,0,0,15,10,99,1,2,47,"777777777777","777777777777","777777777777",1,0
13,130854,2,3,1,18,8,14,56,12,7,1,0,95,3,82,881,82881,66,2017,"1FUJGLDR2HLH","1","F","U","J","G","L","D","R","2","H","L","H",1,3,57,"0179193","570179193",3,6,1,1,0,0,0,0,0,0,0,998,0,0,0,1,2,5,12,0,0,0,1,97,0,6,1,6,9,3,0,999,999,99,99,99,99,99,99,9999,99,9999,0,0,0,0,0,3,5,65,1,2,2,1,0,0,1,61,1,1,1,45,"888888888888","777777777777","777777777777",0,0
13,130854,3,3,1,18,8,14,56,12,7,1,0,18,3,82,881,82881,66,2013,"1FUJGLDR7DLF","1","F","U","J","G","L","D","R","7","D","L","F",1,1,57,"00361547","5700361547",3,6,1,2,2,2922,8,1,0,0,0,998,0,0,0,14,2,5,12,0,0,0,1,13,30680,6,1,6,3,3,3,74,230,98,0,0,0,0,0,0,0,0,0,0,0,0,0,3,5,65,1,2,2,1,0,0,1,61,1,1,1,98,"888888888888","777777777777","777777777777",0,0
13,130855,1,1,1,18,8,2,26,32,0,1,0,13,2,12,37,12037,4,2007,"1FAFP34N87W1","1","F","A","F","P","3","4","N","8","7","W","1",0,0,0,"000000000","00000000000",0,0,0,1,0,0,0,0,0,0,0,998,0,1,5,12,6,2,1,0,0,0,1,13,31794,6,1,0,0,3,1,69,200,98,0,0,1,1,8,2012,10,2012,0,0,0,0,0,1,2,55,3,1,2,1,0,0,14,13,99,1,4,1,"777777777777","777777777777","777777777777",1,1
13,130856,1,1,1,18,8,15,21,30,0,1,0,45,1,49,32,49032,4,2009,"1NXBU40E09Z1","1","N","X","B","U","4","0","E","0","9","Z","1",0,0,0,"000000000","00000000000",0,0,0,1,0,0,0,0,0,0,0,998,0,0,0,12,6,2,30,0,0,0,1,13,30907,6,1,0,0,3,0,62,241,98,0,0,0,0,0,0,0,0,0,0,0,0,0,1,4,35,1,1,2,1,0,0,1,12,1,1,4,6,"777777777777","777777777777","777777777777",1,0
13,130857,1,1,3,19,8,8,24,19,0,1,0,13,2,49,32,49032,4,2005,"1NXBR32E55Z5","1","N","X","B","R","3","2","E","5","5","Z","5",0,0,0,"000000000","00000000000",0,0,0,1,0,0,0,0,0,0,0,998,0,0,0,3,6,2,19,0,0,0,1,13,30120,6,2,0,0,3,0,69,130,98,0,0,0,0,0,0,0,0,0,36,0,0,0,1,2,30,3,1,2,1,0,0,14,12,99,4,4,7,"777777777777","777777777777","777777777777",1,0
13,130858,1,7,1,20,8,10,37,12,1,1,0,17,3,85,881,85881,66,2015,"1XKYDP9X2FJ4","1","X","K","Y","D","P","9","X","2","F","J","4",1,3,57,"1679037","571679037",3,6,1,1,0,0,0,0,0,0,0,998,0,0,0,12,6,2,12,0,0,0,1,35,87025,6,1,6,9,3,3,66,152,98,0,0,0,0,0,0,0,0,0,26,0,0,0,3,3,70,1,1,2,1,97,8,1,50,99,1,1,20,"888888888888","777777777777","777777777777",0,0
13,130858,2,7,1,20,8,10,37,12,1,1,0,13,2,2,403,2403,14,2004,"1J4FA39S34P7","1","J","4","F","A","3","9","S","3","4","P","7",0,0,0,"000000000","00000000000",0,0,0,1,0,0,0,0,0,0,0,0,0,0,0,6,6,2,12,0,0,1,1,13,30248,6,2,0,0,3,3,67,130,98,0,0,0,0,0,0,0,0,0,0,0,0,0,3,3,70,1,1,2,1,97,8,5,53,1,1,1,21,"777777777777","777777777777","777777777777",1,0
13,130858,3,7,4,20,8,10,37,12,1,1,0,13,1,49,403,49403,14,2006,"JTEBU14R0600","J","T","E","B","U","1","4","R","0","6","0","0",0,0,0,"000000000","00000000000",0,0,0,1,0,0,0,0,0,0,0,0,0,1,1,6,6,2,1,0,0,0,1,13,31088,6,1,0,0,3,3,73,200,98,3,0,2,0,12,2011,1,2013,0,0,0,0,0,3,3,70,1,1,2,1,97,8,5,53,1,1,1,98,"777777777777","777777777777","777777777777",0,0
13,130858,4,7,3,20,8,10,37,12,1,1,0,13,1,20,421,20421,15,1999,"1GNEC13R2XJ4","1","G","N","E","C","1","3","R","2","X","J","4",0,0,0,"000000000","00000000000",0,0,0,1,0,0,0,0,0,0,0,0,0,0,0,6,6,2,12,0,0,0,1,13,31017,6,1,6,0,3,1,67,175,98,0,0,0,0,0,0,0,0,0,0,0,0,0,3,3,70,1,1,2,1,97,8,5,53,1,1,1,98,"777777777777","777777777777","777777777777",0,0
13,130858,5,7,2,20,8,10,37,12,1,1,0,12,1,13,15,13015,4,2011,"999999999999","9","9","9","9","9","9","9","9","9","9","9","9",0,0,0,"000000000","00000000000",0,0,0,1,0,0,0,0,0,0,0,0,0,0,0,6,6,2,12,0,0,0,1,12,32931,6,1,0,0,3,0,73,999,0,0,0,0,0,0,0,0,0,0,0,0,0,0,3,3,70,1,1,2,1,97,8,5,53,1,1,1,98,"777777777777","777777777777","777777777777",0,0
13,130858,6,7,1,20,8,10,37,12,1,1,0,13,1,49,40,49040,4,2013,"4T1BF1FK6DU7","4","T","1","B","F","1","F","K","6","D","U","7",0,0,0,"000000000","00000000000",0,0,0,1,0,0,0,0,0,0,0,0,0,0,0,6,4,3,12,0,0,0,1,13,30252,6,1,0,0,3,3,67,140,98,0,0,0,1,2,2014,2,2014,0,0,0,0,0,3,3,70,1,1,2,1,97,8,5,53,1,1,1,98,"777777777777","777777777777","777777777777",0,0
13,130858,7,7,1,20,8,10,37,12,1,1,0,13,1,49,40,49040,4,2014,"4T1BF1FK0EU8","4","T","1","B","F","1","F","K","0","E","U","8",0,0,0,"000000000","00000000000",0,0,0,1,0,0,0,0,0,0,0,998,0,0,0,7,4,8,12,0,0,0,1,13,30067,6,1,0,0,3,3,67,145,98,0,0,0,1,8,2014,8,2014,0,0,0,0,0,3,3,70,1,1,2,1,97,8,1,61,99,1,1,98,"777777777777","777777777777","777777777777",0,0
13,130859,1,2,2,20,8,8,51,12,2,1,0,13,1,7,482,7482,31,2014,"3C6UR5CL2EG2","3","C","6","U","R","5","C","L","2","E","G","2",0,0,0,"000000000","00000000000",0,0,0,1,0,0,0,0,0,0,0,998,0,0,0,12,6,2,12,0,0,0,1,13,30248,6,1,6,0,3,1,73,273,98,0,0,0,0,0,0,0,0,0,38,0,0,0,5,2,45,1,6,2,1,28,3,11,15,99,1,1,74,"777777777777","777777777777","777777777777",0,0
13,130859,2,2,1,20,8,8,51,12,2,1,0,13,1,37,705,37705,80,2014,"JH2RC6904EK0","J","H","2","R","C","6","9","0","4","E","K","0",0,0,0,"000000000","00000000000",0,0,0,1,0,0,0,0,0,0,0,998,0,0,0,12,6,2,12,0,0,0,1,13,30506,6,1,0,0,3,0,70,240,98,0,0,0,0,0,0,0,0,0,36,0,0,0,5,2,45,1,5,2,1,28,3,1,62,99,1,1,74,"777777777777","777777777777","777777777777",1,0
13,130860,1,1,4,20,8,20,30,1,0,1,0,13,2,23,401,23401,14,1998,"1GKCS13WXW25","1","G","K","C","S","1","3","W","X","W","2","5",0,0,0,"000000000","00000000000",0,0,0,1,0,0,0,0,0,0,0,77,0,9,5,0,6,2,1,0,0,0,1,13,31030,6,1,0,0,3,3,71,240,98,0,0,0,0,0,0,0,0,4,58,0,0,0,1,2,50,3,6,2,1,0,0,14,6,8,4,4,7,"777777777777","777777777777","777777777777",1,0
13,130861,1,1,1,20,8,3,2,59,0,1,0,13,1,12,16,12016,4,1997,"2FALP74W6VX1","2","F","A","L","P","7","4","W","6","V","X","1",0,0,0,"000000000","00000000000",0,0,0,1,0,0,0,0,0,0,0,998,0,0,0,12,6,2,42,0,0,0,1,13,31082,6,1,0,0,3,0,66,158,98,6,4,0,3,8,2011,10,2014,0,58,0,0,0,1,2,55,3,1,2,1,28,3,14,12,99,4,4,7,"777777777777","777777777777","777777777777",1,0
13,130862,1,1,2,21,8,14,49,42,0,1,0,13,1,30,46,30046,4,2012,"WVWMN7AN5CE5","W","V","W","M","N","7","A","N","5","C","E","5",0,0,0,"000000000","00000000000",0,0,0,1,0,0,0,0,0,0,0,998,0,1,5,3,6,2,19,0,0,0,1,13,31404,6,1,0,0,3,0,70,190,98,0,0,1,0,12,2011,12,2011,3,0,0,0,0,1,2,30,1,1,2,1,0,0,1,13,99,1,4,1,"777777777777","777777777777","777777777777",1,0
13,130863,1,4,1,21,8,18,44,12,6,1,0,23,1,35,402,35402,14,2002,"5N1ED28Y32C5","5","N","1","E","D","2","8","Y","3","2","C","5",0,0,0,"000000000","00000000000",0,0,0,1,0,0,0,0,0,0,0,998,0,0,0,12,4,3,12,0,0,0,1,23,32114,6,1,0,0,3,0,999,999,0,0,0,0,0,0,0,0,0,0,39,0,0,0,2,3,40,2,1,2,2,3,3,14,17,99,1,1,69,"777777777777","777777777777","777777777777",0,1
13,130863,2,4,2,21,8,18,44,12,6,1,0,13,1,12,37,12037,5,2012,"1FAHP3M21CL2","1","F","A","H","P","3","M","2","1","C","L","2",0,0,0,"000000000","00000000000",0,0,0,1,0,0,0,0,0,0,0,998,0,0,0,11,4,3,12,0,0,0,1,13,30066,6,1,0,0,3,0,67,175,98,0,0,0,0,0,0,0,0,0,0,0,0,0,2,2,25,1,1,2,2,3,3,11,66,16,1,1,68,"777777777777","777777777777","777777777777",0,0
13,130863,3,4,1,21,8,18,44,12,6,1,0,13,1,49,32,49032,4,2007,"2T1BR32E47C7","2","T","1","B","R","3","2","E","4","7","C","7",0,0,0,"000000000","00000000000",0,0,0,1,0,0,0,0,0,0,0,998,0,0,0,10,4,3,12,0,0,0,1,13,30075,6,1,0,0,3,0,65,130,98,0,0,0,1,4,2016,4,2016,0,0,0,0,0,2,2,25,1,1,2,2,3,3,10,62,99,1,1,98,"777777777777","777777777777","777777777777",1,0
13,130863,4,4,1,21,8,18,44,12,6,1,0,13,1,51,50,51050,6,2011,"YV4902DZ8B21","Y","V","4","9","0","2","D","Z","8","B","2","1",0,0,0,"000000000","00000000000",0,0,0,1,0,0,0,0,0,0,0,998,0,0,0,1,4,3,12,0,0,0,1,13,30066,6,1,0,0,3,0,69,165,98,0,0,0,0,0,0,0,0,0,0,0,0,0,2,4,40,3,1,2,2,0,0,14,54,99,1,1,98,"777777777777","777777777777","777777777777",0,0
13,130864,1,1,1,21,8,9,21,35,0,1,0,13,1,49,442,49442,20,2000,"4T3ZF19CXYU3","4","T","3","Z","F","1","9","C","X","Y","U","3",0,0,0,"000000000","00000000000",0,0,0,1,0,0,0,0,0,0,0,998,0,1,5,12,6,2,1,0,0,0,1,13,39837,6,1,0,0,3,0,72,210,98,0,0,0,0,0,0,0,0,4,0,0,0,0,1,2,55,3,6,2,1,0,0,14,13,99,1,4,1,"777777777777","777777777777","777777777777",1,1
13,130865,1,2,1,21,8,13,32,12,6,1,0,13,1,73,705,73705,80,2010,"JKAZX4R12AA0","J","K","A","Z","X","4","R","1","2","A","A","0",0,0,0,"000000000","00000000000",0,0,0,1,0,0,0,0,0,0,0,998,0,0,0,12,6,2,12,0,0,0,1,13,30092,6,1,0,0,3,0,72,150,98,0,0,0,1,2,2013,2,2013,0,27,0,0,0,2,3,45,1,1,2,1,3,3,15,21,99,1,1,83,"777777777777","777777777777","777777777777",1,0
13,130865,2,2,1,21,8,13,32,12,6,1,0,13,1,58,37,58037,4,2007,"JNKBV61F77M8","J","N","K","B","V","6","1","F","7","7","M","8",0,0,0,"000000000","00000000000",0,0,0,1,0,0,0,0,0,0,0,998,0,0,0,3,6,2,12,0,0,0,1,13,30076,6,7,0,0,3,0,61,95,98,0,0,0,0,0,0,0,0,0,0,0,0,0,2,3,45,1,1,2,1,3,3,11,63,99,1,1,82,"777777777777","777777777777","777777777777",0,0
13,130866,1,1,1,21,8,22,46,59,0,1,0,13,2,2,404,2404,14,2004,"1J4GW58N74C3","1","J","4","G","W","5","8","N","7","4","C","3",0,0,0,"000000000","00000000000",0,0,0,1,0,0,0,0,0,0,0,998,0,0,0,12,6,2,42,0,0,0,1,13,30677,6,1,0,0,3,3,63,145,98,0,0,0,0,0,0,0,0,0,0,0,0,0,1,2,55,1,1,2,1,28,3,1,13,99,1,4,1,"777777777777","777777777777","777777777777",1,1
13,130867,1,1,1,21,8,1,21,35,0,1,0,13,1,12,401,12401,14,2003,"1FMZU72K63UC","1","F","M","Z","U","7","2","K","6","3","U","C",0,0,0,"000000000","00000000000",0,0,0,1,0,0,0,0,0,0,0,998,0,0,0,12,6,2,35,0,0,0,1,13,31774,6,1,0,0,3,0,61,140,98,0,0,1,1,1,2013,4,2014,4,58,0,0,0,1,2,55,1,1,2,1,0,0,1,12,99,4,4,7,"777777777777","777777777777","777777777777",1,1
13,130868,1,1,1,22,8,22,58,8,0,1,0,13,1,35,51,35051,6,2010,"JN8AS5MVXAW1","J","N","8","A","S","5","M","V","X","A","W","1",0,0,0,"000000000","00000000000",0,0,0,1,0,0,0,0,0,0,0,998,0,0,0,12,6,2,8,0,0,0,1,13,30062,6,1,0,0,3,0,64,150,98,1,0,1,0,5,2012,5,2012,0,0,0,0,0,1,3,35,1,1,2,1,0,0,1,80,6,1,2,13,"777777777777","777777777777","777777777777",0,0
13,130869,1,2,1,22,8,7,25,12,2,1,0,13,1,52,34,52034,4,2002,"4A3AA46G02E0","4","A","3","A","A","4","6","G","0","2","E","0",0,0,0,"000000000","00000000000",0,0,0,1,0,0,0,0,0,0,0,998,0,0,0,12,6,2,12,0,0,0,1,13,30510,6,1,0,0,3,0,71,185,98,5,2,0,4,11,2011,12,2015,0,0,0,0,0,1,2,55,2,5,2,1,28,3,14,10,99,1,2,50,"777777777777","777777777777","777777777777",1,0
13,130869,2,2,2,22,8,7,25,12,2,1,0,13,2,12,402,12402,14,2009,"1FMCU93GX9KB","1","F","M","C","U","9","3","G","X","9","K","B",0,0,0,"000000000","00000000000",0,0,0,1,0,0,0,0,0,0,0,998,0,0,0,12,6,2,12,0,0,0,1,13,30546,6,1,6,0,3,0,70,230,98,0,0,0,0,0,0,0,0,0,0,0,0,0,1,2,55,3,6,2,1,28,3,14,62,99,1,1,51,"777777777777","777777777777","777777777777",1,0
13,130870,1,3,1,22,8,15,50,12,2,1,0,13,2,37,32,37032,4,1994,"JHMCD5634RC0","J","H","M","C","D","5","6","3","4","R","C","0",0,0,0,"000000000","00000000000",0,0,0,1,0,0,0,0,0,0,0,998,0,0,0,12,6,2,12,0,0,0,1,13,31087,6,7,0,0,3,0,63,162,98,0,0,0,0,0,0,0,0,0,0,0,0,0,1,2,55,2,5,2,1,28,3,14,10,99,1,2,50,"777777777777","777777777777","777777777777",1,0
13,130870,2,3,1,22,8,15,50,12,2,1,0,13,1,12,471,12471,30,2002,"1FTYR44U92PA","1","F","T","Y","R","4","4","U","9","2","P","A",0,0,0,"000000000","00000000000",0,0,0,1,0,0,0,0,0,0,0,998,0,0,0,12,6,2,12,0,0,0,1,13,31061,6,1,0,0,3,0,72,220,98,0,0,0,0,0,0,0,0,0,0,0,0,0,1,2,55,3,6,2,1,28,3,14,62,99,1,1,51,"777777777777","777777777777","777777777777",0,0
13,130870,3,3,4,22,8,15,50,12,2,1,0,13,2,7,27,7027,6,2013,"3C4PDCAB3DT7","3","C","4","P","D","C","A","B","3","D","T","7",0,0,0,"000000000","00000000000",0,0,0,1,0,0,0,0,0,0,0,998,0,0,0,9,6,2,12,0,0,0,1,13,31087,6,1,0,0,3,3,64,200,98,0,0,1,1,7,2012,12,2014,0,0,0,0,0,1,2,55,3,6,2,1,28,3,14,62,99,1,1,98,"777777777777","777777777777","777777777777",0,0
13,130871,1,1,5,22,8,0,45,42,0,1,0,13,2,35,51,35051,6,2014,"JN8AS5MT5EW6","J","N","8","A","S","5","M","T","5","E","W","6",0,0,0,"000000000","00000000000",0,0,0,1,0,0,0,0,0,0,0,998,0,1,5,12,6,2,42,0,0,0,1,13,31907,6,1,0,0,3,0,73,200,98,0,0,0,0,0,0,0,0,4,39,0,0,0,1,2,45,1,5,2,1,28,3,1,14,1,1,4,14,"777777777777","777777777777","777777777777",2,1