"STATE","ST_CASE","VEH_NO","VE_FORMS","NUMOCCS","DAY","MONTH","HOUR","MINUTE","HARM_EV","MAN_COLL","UNITTYPE","HIT_RUN","REG_STAT","OWNER","MAKE","MODEL","MAK_MOD","BODY_TYP","MOD_YEAR","VIN","VIN_1","VIN_2","VIN_3","VIN_4","VIN_5","VIN_6","VIN_7","VIN_8","VIN_9","VIN_10","VIN_11","VIN_12","TOW_VEH","J_KNIFE","MCARR_I1","MCARR_I2","MCARR_ID","GVWR","V_CONFIG","CARGO_BT","HAZ_INV","HAZ_PLAC","HAZ_ID","HAZ_CNO","HAZ_REL","BUS_USE","SPEC_USE","EMER_USE","TRAV_SP","UNDERIDE","ROLLOVER","ROLINLOC","IMPACT1","DEFORMED","TOWED","M_HARM","VEH_SC1","VEH_SC2","FIRE_EXP","DR_PRES","L_STATE","DR_ZIP","L_STATUS","L_TYPE","CDL_STAT","L_ENDORS","L_COMPL","L_RESTRI","DR_HGT","DR_WGT","PREV_ACC","PREV_SUS","PREV_DWI","PREV_SPD","PREV_OTH","FIRST_MO","FIRST_YR","LAST_MO","LAST_YR","SPEEDREL","DR_SF1","DR_SF2","DR_SF3","DR_SF4","VTRAFWAY","VNUM_LAN","VSPD_LIM","VALIGN","VPROFILE","VPAVETYP","VSURCOND","VTRAFCON","VTCONT_F","P_CRASH1","P_CRASH2","P_CRASH3","PCRASH4","PCRASH5","ACC_TYPE","TRLR1VIN","TRLR2VIN","TRLR3VIN","DEATHS","DR_DRINK"
13,130939,2,2,1,6,9,7,36,12,8,1,0,13,3,85,881,85881,66,2013,"1XKDDP9X9DJ3","1","X","K","D","D","P","9","X","9","D","J","3",1,1,57,"879054","57879054",3,6,1,1,0,0,0,0,0,0,0,998,0,0,0,9,6,2,12,0,0,0,1,13,30630,6,1,6,0,3,3,71,160,98,0,0,0,1,7,2014,7,2014,0,0,0,0,0,1,2,45,1,1,2,1,0,0,1,62,99,9,1,65,"1TDH42923HB1","777777777777","777777777777",0,0
13,130940,1,2,1,6,9,14,16,12,6,1,0,13,4,38,882,38882,62,2015,"JALC4W164F70","J","A","L","C","4","W","1","6","4","F","7","0",0,0,88,"888888888","88888888888",2,2,1,1,0,0,0,0,0,0,0,998,0,0,0,12,6,2,12,0,0,0,1,13,30281,6,1,0,0,3,0,75,190,98,0,0,1,1,9,2013,6,2014,0,28,0,0,0,1,2,45,1,1,2,1,0,0,1,10,99,9,2,64,"777777777777","777777777777","777777777777",1,0
13,130940,2,2,1,6,9,14,16,12,6,1,0,13,3,86,881,86881,63,1992,"2M2P264C0NC0","2","M","2","P","2","6","4","C","0","N","C","0",0,0,57,"967794","57967794",3,2,1,1,0,0,0,0,0,0,0,998,0,1,5,11,6,2,12,0,0,0,1,13,30711,6,1,6,0,3,0,67,220,98,0,0,0,0,0,0,0,0,0,0,0,0,0,1,2,45,1,1,2,1,0,0,1,62,16,2,1,65,"777777777777","777777777777","777777777777",0,0
13,130941,1,2,2,6,9,4,20,12,6,1,0,13,2,12,481,12481,31,2012,"1FT8W4DT2CEB","1","F","T","8","W","4","D","T","2","C","E","B",0,0,0,"000000000","00000000000",0,0,0,1,0,0,0,0,0,0,0,998,0,0,0,8,4,3,12,0,0,0,1,13,31763,6,1,0,0,3,3,70,235,98,0,0,0,0,0,0,0,0,0,38,0,0,0,1,2,55,1,1,2,1,20,3,11,15,99,9,1,82,"777777777777","777777777777","777777777777",0,0
13,130941,2,2,1,6,9,4,20,12,6,1,0,13,1,53,705,53705,80,2003,"JS1GN79A1321","J","S","1","G","N","7","9","A","1","3","2","1",0,0,0,"000000000","00000000000",0,0,0,1,0,0,0,0,0,0,0,998,0,0,0,12,6,2,12,0,0,0,1,13,31796,6,1,0,0,3,3,72,205,98,0,0,0,0,0,0,0,0,0,0,0,0,0,2,2,65,1,1,2,1,4,3,1,67,16,2,1,83,"777777777777","777777777777","777777777777",1,0
13,130942,1,2,1,7,9,7,59,12,6,1,1,13,9,7,442,7442,20,1999,"1B4GP44G1XB8","1","B","4","G","P","4","4","G","1","X","B","8",0,0,0,"000000000","00000000000",0,0,0,1,0,0,0,0,0,0,0,998,0,0,0,12,4,3,12,0,0,0,1,99,99999,9,9,99,9,9,9,999,999,99,99,99,99,99,99,9999,99,9999,0,39,0,0,0,1,2,35,1,1,2,1,20,3,1,17,99,9,1,88,"777777777777","777777777777","777777777777",0,0
13,130942,2,2,1,7,9,7,59,12,6,1,0,13,2,20,24,20024,6,2009,"1GNER23D99S1","1","G","N","E","R","2","3","D","9","9","S","1",0,0,0,"000000000","00000000000",0,0,0,1,0,0,0,0,0,0,0,998,0,0,0,9,6,2,12,0,0,0,1,13,30058,6,1,0,0,3,3,69,180,98,0,0,0,0,0,0,0,0,0,0,0,0,0,1,2,35,1,1,2,1,0,0,1,17,99,9,1,89,"777777777777","777777777777","777777777777",1,0
13,130943,1,1,1,7,9,13,7,8,0,1,0,13,2,7,25,7025,5,2009,"1B3HB48A89D1","1","B","3","H","B","4","8","A","8","9","D","1",0,0,0,"000000000","00000000000",0,0,0,1,0,0,0,0,0,0,0,998,0,0,0,99,4,3,8,0,0,0,1,13,31419,6,1,0,0,3,0,74,290,98,5,0,2,0,2,2013,4,2015,0,99,99,99,99,3,3,35,1,1,2,1,3,3,10,80,1,1,1,13,"777777777777","777777777777","777777777777",0,0
13,130944,1,1,1,7,9,15,0,25,0,1,0,47,1,58,38,58038,4,2006,"JNKAY01E06M1","J","N","K","A","Y","0","1","E","0","6","M","1",0,0,0,"000000000","00000000000",0,0,0,1,0,0,0,0,0,0,0,998,0,0,0,11,2,3,25,0,0,0,1,47,37323,6,1,0,0,3,0,73,280,1,0,0,1,0,5,2013,3,2016,0,99,99,99,99,3,5,55,1,1,2,1,0,0,1,12,1,1,4,10,"777777777777","777777777777","777777777777",1,0
13,130945,1,2,2,7,9,17,56,12,6,1,0,12,2,41,441,41441,20,2002,"JM3LW28A2203","J","M","3","L","W","2","8","A","2","2","0","3",0,0,0,"000000000","00000000000",0,0,0,1,0,0,0,0,0,0,0,998,0,0,0,12,6,2,12,0,0,0,1,12,32605,1,1,0,0,2,3,71,999,1,2,0,0,2,1,2014,7,2016,0,99,99,99,99,1,3,35,1,1,2,1,3,3,1,17,99,9,1,86,"777777777777","777777777777","777777777777",1,0
13,130945,2,2,1,7,9,17,56,12,6,1,0,12,3,51,881,51881,66,2016,"4V4NC9EH2GN9","4","V","4","N","C","9","E","H","2","G","N","9",1,1,57,"2406665","572406665",3,6,1,1,0,0,0,0,0,0,0,998,0,0,0,5,6,2,12,0,0,0,1,48,78155,6,1,6,0,3,0,999,999,0,0,0,1,1,1,2013,7,2013,0,99,99,99,99,1,3,35,1,1,2,1,3,3,1,17,99,9,1,87,"3H3V532C1GT2","777777777777","777777777777",0,0
13,130946,1,1,2,8,9,0,53,14,0,1,0,13,2,12,481,12481,31,2008,"1FTSW21R38EA","1","F","T","S","W","2","1","R","3","8","E","A",0,0,0,"000000000","00000000000",0,0,0,1,0,0,0,0,0,0,0,998,0,1,6,12,6,2,42,0,0,1,1,13,30340,0,0,0,0,0,0,999,999,98,0,0,0,0,0,0,0,0,0,58,0,0,0,1,2,35,1,1,2,1,0,0,1,9,7,3,4,2,"777777777777","777777777777","777777777777",2,1
13,130947,1,2,1,8,9,7,0,12,2,1,0,92,0,49,50,49050,3,2007,"JTKDE1770701","J","T","K","D","E","1","7","7","0","7","0","1",0,0,0,"000000000","00000000000",0,0,0,1,0,0,0,0,0,0,0,998,0,0,0,12,6,2,12,0,0,0,1,13,30093,6,1,0,0,3,0,72,230,98,0,0,1,0,2,2016,2,2016,0,23,0,0,0,1,4,55,1,2,2,1,3,3,1,62,1,1,1,84,"777777777777","777777777777","777777777777",1,0
13,130947,2,2,1,8,9,7,0,12,2,1,0,13,1,53,405,53405,14,2003,"JS3TX92V1341","J","S","3","T","X","9","2","V","1","3","4","1",0,0,0,"000000000","00000000000",0,0,0,1,0,0,0,0,0,0,0,998,0,0,0,12,6,2,12,0,0,0,1,13,31032,6,1,0,0,3,3,67,230,98,0,0,0,0,0,0,0,0,0,38,0,0,0,1,4,55,1,2,2,1,3,3,11,17,1,1,1,84,"777777777777","777777777777","777777777777",0,0
13,130948,1,1,1,9,9,18,40,34,0,1,0,13,2,20,22,20022,2,2005,"1G1AK12F5576","1","G","1","A","K","1","2","F","5","5","7","6",0,0,0,"000000000","00000000000",0,0,0,1,0,0,0,0,0,0,0,998,0,0,0,14,6,2,32,0,0,0,1,13,31017,6,1,0,0,3,0,67,150,98,0,0,1,0,6,2012,6,2012,0,0,0,0,0,1,2,55,1,6,2,1,0,0,1,12,99,9,4,6,"777777777777","777777777777","777777777777",1,0
13,130949,1,2,1,9,9,6,44,12,1,1,0,13,1,86,881,86881,63,1994,"1M1AA14Y8RW0","1","M","1","A","A","1","4","Y","8","R","W","0",0,0,57,"1086153","571086153",3,2,1,1,0,0,0,0,0,0,0,998,0,0,0,6,6,2,12,0,0,0,1,13,30113,6,1,6,0,3,3,67,255,98,0,0,0,0,0,0,0,0,0,27,0,0,0,3,2,65,2,6,2,1,0,0,15,10,99,9,2,32,"777777777777","777777777777","777777777777",0,0
13,130949,2,2,2,9,9,6,44,12,1,1,0,13,1,23,481,23481,31,1995,"2GTEC19H8S15","2","G","T","E","C","1","9","H","8","S","1","5",0,0,0,"000000000","00000000000",0,0,0,1,0,0,0,0,0,0,0,998,0,0,0,12,6,2,12,0,0,0,1,13,30125,6,1,0,0,3,0,73,295,98,0,0,0,2,5,2012,1,2013,0,0,0,0,0,3,2,65,2,6,2,1,0,0,14,61,99,9,1,32,"777777777777","777777777777","777777777777",1,0
13,130950,1,1,1,9,9,6,31,42,0,1,0,13,2,72,706,72706,80,2010,"1HD1JN518AB0","1","H","D","1","J","N","5","1","8","A","B","0",0,0,0,"000000000","00000000000",0,0,0,1,0,0,0,0,0,0,0,998,0,0,0,9,6,2,42,0,0,0,1,13,30012,6,1,0,0,3,3,74,240,98,1,0,0,3,7,2014,11,2015,0,0,0,0,0,1,2,40,3,2,2,1,0,0,14,13,99,1,4,1,"777777777777","777777777777","777777777777",1,1
13,130951,1,1,1,10,9,0,5,8,0,1,0,13,1,37,402,37402,14,2012,"5J6RM3H75CL0","5","J","6","R","M","3","H","7","5","C","L","0",0,0,0,"000000000","00000000000",0,0,0,1,0,0,0,0,0,0,0,998,0,0,0,12,2,3,8,0,0,0,1,13,31513,6,1,0,0,3,0,59,210,98,0,0,0,0,0,0,0,0,0,0,0,0,0,5,5,65,1,1,2,1,0,0,1,80,99,9,1,13,"777777777777","777777777777","777777777777",0,0
13,130952,1,2,1,10,9,2,23,12,2,1,0,13,1,7,24,7024,4,2014,"2C3CDXCT0EH3","2","C","3","C","D","X","C","T","0","E","H","3",0,0,0,"000000000","00000000000",0,0,0,1,0,0,0,0,0,0,0,998,0,0,0,12,6,2,2,0,0,1,1,13,30656,6,1,0,0,3,0,67,115,98,0,0,0,0,0,0,0,0,0,51,0,0,0,2,2,65,1,1,1,1,0,0,1,54,99,9,1,52,"777777777777","777777777777","777777777777",1,1
13,130952,2,2,1,10,9,2,23,12,2,1,0,13,1,35,51,35051,6,2012,"JN8AS5MV3CW3","J","N","8","A","S","5","M","V","3","C","W","3",0,0,0,"000000000","00000000000",0,0,0,1,0,0,0,0,0,0,0,998,0,0,0,12,6,2,12,0,0,1,1,13,30620,6,1,0,0,3,3,67,120,98,0,0,0,0,0,0,0,0,0,0,0,0,0,2,2,65,1,1,1,1,0,0,1,54,99,1,1,52,"777777777777","777777777777","777777777777",1,0
13,130953,1,1,3,10,9,15,2,1,0,1,0,0,0,98,739,98739,90,2012,"000000000000","0","0","0","0","0","0","0","0","0","0","0","0",0,0,0,"000000000","00000000000",0,0,0,1,0,0,0,0,0,0,0,998,0,2,1,0,6,2,1,0,0,0,1,13,30450,0,0,0,0,1,0,999,999,98,0,0,0,0,0,0,0,0,4,58,0,0,0,1,2,35,3,1,2,1,0,0,14,6,7,3,2,98,"777777777777","777777777777","777777777777",1,0
13,130955,1,1,2,11,9,1,29,1,0,1,0,13,2,12,481,12481,31,2004,"1FTPW125X4KC","1","F","T","P","W","1","2","5","X","4","K","C",0,0,0,"000000000","00000000000",0,0,0,1,0,0,0,0,0,0,0,998,0,2,1,0,6,2,1,0,0,0,1,13,30415,6,1,0,0,3,0,70,150,98,4,0,2,4,10,2012,7,2014,0,58,0,0,0,1,2,55,3,1,2,1,0,0,14,6,6,3,6,98,"777777777777","777777777777","777777777777",1,1
13,130956,1,1,1,11,9,2,25,42,0,1,0,13,1,35,39,35039,4,2012,"1N4AA5AP8CC8","1","N","4","A","A","5","A","P","8","C","C","8",0,0,0,"000000000","00000000000",0,0,0,1,0,0,0,0,0,0,0,998,0,1,5,1,6,2,42,0,0,0,1,13,30135,6,1,0,0,3,0,70,171,98,0,0,1,0,4,2015,4,2015,0,99,99,99,99,3,3,60,1,1,2,1,0,0,1,13,99,1,4,5,"777777777777","777777777777","777777777777",1,1
13,130957,1,2,1,11,9,9,8,12,2,1,0,13,2,76,705,76705,80,2007,"JYARJ12Y07A0","J","Y","A","R","J","1","2","Y","0","7","A","0",0,0,0,"000000000","00000000000",0,0,0,1,0,0,0,0,0,0,0,998,0,0,0,12,6,2,12,0,0,0,1,13,30127,6,1,0,0,3,1,61,123,98,0,0,1,0,9,2016,9,2016,3,28,0,0,0,1,2,35,1,1,2,1,0,0,1,10,8,2,2,84,"777777777777","777777777777","777777777777",1,0
13,130957,2,2,1,11,9,9,8,12,2,1,0,13,1,49,40,49040,4,2006,"4T1BE32K96U6","4","T","1","B","E","3","2","K","9","6","U","6",0,0,0,"000000000","00000000000",0,0,0,1,0,0,0,0,0,0,0,998,0,0,0,12,4,3,12,0,0,0,1,13,30127,6,1,0,0,3,3,72,210,98,0,0,0,1,6,2014,6,2014,0,0,0,0,0,1,2,35,1,1,2,1,0,0,11,62,9,1,1,84,"777777777777","777777777777","777777777777",0,0
13,130958,1,2,1,11,9,18,20,12,1,1,0,42,1,73,706,73706,80,2013,"JKBZXNE14DA0","J","K","B","Z","X","N","E","1","4","D","A","0",0,0,0,"000000000","00000000000",0,0,0,1,0,0,0,0,0,0,0,998,0,0,0,12,6,2,42,0,0,0,1,13,30127,6,1,0,0,2,0,69,170,98,2,0,0,0,12,2011,7,2014,3,26,27,0,0,3,3,60,1,2,2,1,0,0,15,51,99,1,2,24,"777777777777","777777777777","777777777777",1,1
13,130958,2,2,3,11,9,18,20,12,1,1,0,13,3,20,481,20481,31,2016,"1GC4K0C82GF1","1","G","C","4","K","0","C","8","2","G","F","1",0,0,0,"000000000","00000000000",0,0,0,1,0,0,0,0,0,0,0,998,0,0,0,6,2,5,12,0,0,0,1,13,30083,6,1,6,0,3,0,71,225,98,0,0,1,1,12,2014,7,2016,0,0,0,0,0,3,3,60,1,2,2,1,0,0,1,53,1,1,1,25,"777777777777","777777777777","777777777777",0,0
13,130959,1,1,1,12,9,9,21,8,0,1,0,13,3,85,881,85881,63,2016,"2NKHLJ9X5GM4","2","N","K","H","L","J","9","X","5","G","M","4",0,0,88,"888888888","88888888888",3,1,1,1,0,0,0,0,0,0,0,998,0,0,0,1,2,3,8,0,0,0,1,13,31061,6,1,6,0,3,3,69,295,98,0,0,0,0,0,0,0,0,0,0,0,0,0,1,2,45,1,1,2,1,0,0,1,80,99,1,1,13,"777777777777","777777777777","777777777777",0,0
13,130960,1,1,1,12,9,9,0,1,0,1,0,13,1,49,401,49401,14,2000,"JT3GN87R7Y01","J","T","3","G","N","8","7","R","7","Y","0","1",0,0,0,"000000000","00000000000",0,0,0,1,0,0,0,0,0,0,0,998,0,2,1,0,6,2,1,0,0,0,1,13,30185,6,1,0,0,3,3,64,138,98,0,0,0,0,0,0,0,0,0,58,0,0,0,1,2,35,1,1,2,1,0,0,1,12,7,3,6,98,"777777777777","777777777777","777777777777",1,0
13,130961,1,1,2,12,9,18,42,9,0,1,0,13,1,2,405,2405,14,2012,"1C4PJLAK2CW1","1","C","4","P","J","L","A","K","2","C","W","1",0,0,0,"000000000","00000000000",0,0,0,1,0,0,0,0,0,0,0,998,0,0,0,9,4,3,9,0,0,0,1,13,30646,6,1,0,0,3,0,62,150,98,6,0,1,2,8,2013,9,2016,0,28,0,0,0,1,2,50,1,1,1,1,0,0,1,83,99,9,2,13,"777777777777","777777777777","777777777777",0,0
13,130962,1,2,2,12,9,10,40,12,6,1,0,13,2,6,52,6052,6,2001,"3C8FY4BB51T6","3","C","8","F","Y","4","B","B","5","1","T","6",0,0,0,"000000000","00000000000",0,0,0,1,0,0,0,0,0,0,0,998,0,0,0,3,6,2,12,0,0,0,1,13,30157,6,1,0,0,3,0,73,200,98,5,0,1,6,10,2012,9,2016,0,38,36,0,0,1,2,35,1,1,2,1,20,3,11,15,99,9,1,84,"777777777777","777777777777","777777777777",1,0
13,130962,2,2,1,12,9,10,40,12,6,1,0,93,3,85,881,85881,66,2016,"1XKYD49X7GJ1","1","X","K","Y","D","4","9","X","7","G","J","1",1,1,57,"1928165","571928165",3,6,1,1,0,0,0,0,0,0,0,998,0,0,0,12,6,2,12,0,0,0,1,13,30153,6,1,6,0,3,0,71,172,98,0,0,3,1,9,2011,10,2012,0,0,0,0,0,1,2,45,1,5,2,1,0,0,1,17,99,9,1,84,"1TTF482C4F38","777777777777","777777777777",0,0
13,130964,1,1,1,12,9,2,54,42,0,1,0,13,1,2,404,2404,14,1993,"1J4GZ58Y5PC6","1","J","4","G","Z","5","8","Y","5","P","C","6",0,0,0,"000000000","00000000000",0,0,0,1,0,0,0,0,0,0,0,998,0,1,5,9,6,2,42,0,0,0,1,13,31046,6,1,0,0,3,0,69,185,98,0,0,0,1,5,2015,5,2015,0,0,0,0,0,1,2,55,1,3,2,1,0,0,1,13,99,9,4,1,"777777777777","777777777777","777777777777",1,1
13,130965,1,3,1,12,9,12,37,12,2,1,0,99,9,20,2,20002,4,2012,"2G1WC5E31C11","2","G","1","W","C","5","E","3","1","C","1","1",0,0,0,"000000000","00000000000",0,0,0,1,0,0,0,0,0,0,0,998,0,0,0,12,6,2,12,0,0,0,1,99,99999,9,9,99,0,9,9,999,999,99,99,99,99,99,99,9999,99,9999,0,0,0,0,0,2,2,65,1,2,2,1,0,0,1,12,99,1,7,50,"777777777777","777777777777","777777777777",1,0
13,130965,2,3,1,12,9,12,37,12,2,1,0,93,3,82,881,82881,66,2003,"1FUJBBCG73LK","1","F","U","J","B","B","C","G","7","3","L","K",1,1,57,"1684485","571684485",3,6,1,1,0,0,0,0,0,0,0,998,0,0,0,12,6,2,12,0,0,0,1,13,31826,6,1,6,0,3,3,70,269,98,0,0,0,2,8,2012,6,2016,0,0,0,0,0,2,2,65,1,2,2,1,0,0,1,64,16,2,1,51,"888888888888","777777777777","777777777777",0,0
13,130965,3,3,2,12,9,12,37,12,2,1,0,13,1,35,47,35047,4,2006,"1N4AL11D26N3","1","N","4","A","L","1","1","D","2","6","N","3",0,0,0,"000000000","00000000000",0,0,0,1,0,0,0,0,0,0,0,998,0,0,0,99,2,5,54,0,0,0,1,13,31805,6,1,0,0,3,3,61,200,98,0,0,0,0,0,0,0,0,0,0,0,0,0,2,2,65,1,2,2,1,0,0,1,60,99,1,1,98,"777777777777","777777777777","777777777777",0,0
13,130966,1,2,1,12,9,12,12,12,6,1,0,13,1,12,481,12481,31,1998,"1FTZF17W7WKC","1","F","T","Z","F","1","7","W","7","W","K","C",0,0,0,"000000000","00000000000",0,0,0,1,0,0,0,0,0,0,0,998,0,0,0,10,6,2,12,0,0,0,1,13,31060,6,1,6,0,3,3,70,220,98,0,0,0,0,0,0,0,0,0,38,39,0,0,1,2,55,1,6,2,1,20,3,11,15,99,9,1,82,"777777777777","777777777777","777777777777",1,0
13,130966,2,2,1,12,9,12,12,12,6,1,0,93,3,51,881,51881,66,2016,"4V4NC9EJ2GN9","4","V","4","N","C","9","E","J","2","G","N","9",1,1,57,"444127","57444127",3,6,1,1,0,0,0,0,0,0,0,998,0,0,0,12,6,2,12,0,0,0,1,26,49548,6,1,6,0,3,0,71,205,0,0,0,0,1,8,2013,8,2013,0,0,0,0,0,1,3,55,1,5,2,1,0,0,1,67,8,2,2,83,"1JJV532W28L0","777777777777","777777777777",0,0
13,130967,1,2,1,12,9,9,58,12,6,1,0,13,1,49,32,49032,4,1997,"1NXBA02E4VZ5","1","N","X","B","A","0","2","E","4","V","Z","5",0,0,0,"000000000","00000000000",0,0,0,1,0,0,0,0,0,0,0,998,0,0,0,3,6,2,12,0,0,0,1,13,31501,6,1,0,0,3,3,64,166,98,0,0,0,0,0,0,0,0,0,39,0,0,0,1,2,30,1,1,2,1,3,3,1,17,99,1,1,87,"777777777777","777777777777","777777777777",1,0
13,130967,2,2,1,12,9,9,58,12,6,1,0,13,3,85,881,85881,63,2017,"2NKHLJ0X2HM1","2","N","K","H","L","J","0","X","2","H","M","1",0,0,88,"888888888","88888888888",3,2,4,1,0,0,0,0,0,0,0,998,0,0,0,12,4,5,12,0,0,0,1,13,31503,6,1,6,0,3,1,71,145,98,0,0,0,0,0,0,0,0,0,0,0,0,0,1,4,35,1,1,2,1,3,3,1,66,16,2,1,86,"777777777777","777777777777","777777777777",0,0
13,130968,1,1,1,12,9,12,35,35,0,1,0,13,1,37,706,37706,80,2004,"1HFSC47024A3","1","H","F","S","C","4","7","0","2","4","A","3",0,0,0,"000000000","00000000000",0,0,0,1,0,0,0,0,0,0,0,998,0,0,0,12,6,2,42,0,0,0,1,13,30755,1,1,0,0,2,3,66,170,98,5,2,0,1,4,2012,4,2016,0,0,0,0,0,5,5,55,1,1,2,1,0,0,1,13,99,9,4,1,"777777777777","777777777777","777777777777",1,0
13,130969,1,1,1,13,9,14,51,10,0,1,0,13,1,20,9,20009,2,2016,"1G1FH1R77G01","1","G","1","F","H","1","R","7","7","G","0","1",0,0,0,"000000000","00000000000",0,0,0,1,0,0,0,0,0,0,0,998,0,0,0,9,6,2,10,0,0,0,1,13,30736,6,1,0,0,3,0,71,230,98,0,0,0,0,0,0,0,0,0,38,40,0,0,1,2,35,1,3,2,1,65,3,1,91,99,9,1,15,"777777777777","777777777777","777777777777",1,0
13,130970,1,1,1,13,9,13,35,8,0,1,0,92,0,21,1,21001,2,1974,"3J57K4R16720","3","J","5","7","K","4","R","1","6","7","2","0",0,0,0,"000000000","00000000000",0,0,0,1,0,0,0,0,0,0,0,998,0,0,0,12,4,8,8,0,0,0,1,13,30087,6,1,0,0,3,0,66,185,98,0,0,0,0,0,0,0,0,0,0,0,0,0,2,3,45,1,1,2,1,0,0,1,80,99,1,1,13,"777777777777","777777777777","777777777777",0,0
13,130971,1,2,2,14,9,17,1,12,6,1,0,13,1,12,461,12461,21,1985,"1FTDE14F8FHC","1","F","T","D","E","1","4","F","8","F","H","C",0,0,0,"000000000","00000000000",0,0,0,1,0,0,0,0,0,0,0,998,0,0,0,9,6,2,12,0,0,0,1,13,30179,6,1,0,0,3,0,67,210,98,0,0,1,0,1,2014,1,2014,0,38,0,0,0,1,2,45,1,1,2,1,20,3,1,11,99,9,1,89,"777777777777","777777777777","777777777777",1,0
13,130971,2,2,1,14,9,17,1,12,6,1,0,93,3,85,881,85881,66,2005,"1XKWDB9X25R0","1","X","K","W","D","B","9","X","2","5","R","0",1,1,57,"693620","57693620",3,6,1,1,0,0,0,0,0,0,0,998,0,0,0,12,6,2,12,0,0,0,1,13,30474,6,1,6,0,3,0,77,369,98,0,0,1,0,7,2014,7,2014,0,0,0,0,0,3,2,55,1,1,2,1,0,0,1,66,16,2,1,88,"1GRAA06211G3","777777777777","777777777777",0,0
13,130972,1,2,1,14,9,18,40,12,6,1,0,13,3,7,482,7482,31,2012,"3C7WDLFL5CG3","3","C","7","W","D","L","F","L","5","C","G","3",0,0,0,"000000000","00000000000",0,0,0,1,0,0,0,0,0,0,0,998,0,0,0,4,4,3,12,0,0,0,1,13,30141,6,1,0,0,3,0,72,290,98,0,0,0,0,0,0,0,0,0,38,0,0,0,1,2,45,1,6,2,1,0,0,11,15,99,9,1,68,"777777777777","777777777777","777777777777",0,0
13,130972,2,2,1,14,9,18,40,12,6,1,0,13,1,72,706,72706,80,1996,"1HD1BJL40TY0","1","H","D","1","B","J","L","4","0","T","Y","0",0,0,0,"000000000","00000000000",0,0,0,1,0,0,0,0,0,0,0,998,0,0,0,12,6,2,12,0,0,0,1,13,30179,6,1,0,0,2,1,67,185,98,0,0,0,0,0,0,0,0,0,0,0,0,0,1,2,45,1,5,2,1,0,0,1,62,99,9,1,69,"777777777777","777777777777","777777777777",1,0
13,130973,1,3,1,14,9,9,49,12,6,1,0,13,1,51,43,51043,4,1998,"YV1LS5671W24","Y","V","1","L","S","5","6","7","1","W","2","4",0,0,0,"000000000","00000000000",0,0,0,1,0,0,0,0,0,0,0,998,0,0,0,3,6,2,12,32,0,0,1,13,31410,6,1,0,0,3,3,62,165,98,0,0,0,0,0,0,0,0,0,28,87,0,0,5,5,45,1,1,2,2,0,0,1,6,99,9,2,64,"777777777777","777777777777","777777777777",1,0
13,130973,2,3,1,14,9,9,49,12,6,1,0,13,1,49,472,49472,30,2010,"5TEMU4FN6AZ7","5","T","E","M","U","4","F","N","6","A","Z","7",0,0,0,"000000000","00000000000",0,0,0,1,0,0,0,0,0,0,0,998,0,0,0,12,6,2,12,0,0,0,1,13,31410,6,1,0,0,3,0,69,220,98,0,0,0,0,0,0,0,0,0,0,0,0,0,5,5,45,1,1,2,2,0,0,1,62,99,9,1,65,"777777777777","777777777777","777777777777",0,0
13,130973,3,3,1,14,9,9,49,12,6,1,0,13,1,49,482,49482,31,2013,"5TFTY5F1XDX0","5","T","F","T","Y","5","F","1","X","D","X","0",0,0,0,"000000000","00000000000",0,0,0,1,0,0,0,0,0,0,0,998,0,0,0,12,4,3,12,0,0,0,1,13,31410,6,1,0,0,3,3,75,245,98,0,0,0,0,0,0,0,0,0,0,0,0,0,5,5,45,1,1,2,2,0,0,1,60,99,9,1,98,"777777777777","777777777777","777777777777",0,0
13,130974,1,1,1,14,9,16,30,32,0,1,0,13,1,49,472,49472,30,2016,"3TMBZ5DN6GM0","3","T","M","B","Z","5","D","N","6","G","M","0",0,0,0,"000000000","00000000000",0,0,0,1,0,0,0,0,0,0,0,998,0,0,0,12,6,2,32,0,0,0,1,13,30134,6,1,0,0,3,3,69,165,98,0,0,0,0,0,0,0,0,0,0,0,0,0,1,2,45,1,6,2,1,0,0,1,12,99,9,4,6,"777777777777","777777777777","777777777777",1,0
13,130975,1,4,2,14,9,11,23,12,6,1,0,13,1,49,43,49043,4,2007,"4T1BK36BX7U1","4","T","1","B","K","3","6","B","X","7","U","1",0,0,0,"000000000","00000000000",0,0,0,1,0,0,0,0,0,0,0,998,0,0,0,12,6,2,12,0,0,0,1,13,30024,6,1,0,0,3,3,64,200,98,0,0,0,0,0,0,0,0,0,38,0,0,0,2,2,55,1,1,2,1,3,3,11,15,99,1,1,84,"777777777777","777777777777","777777777777",1,0
13,130975,2,4,1,14,9,11,23,12,6,1,0,13,2,49,50,49050,3,2008,"JTKDE1676802","J","T","K","D","E","1","6","7","6","8","0","2",0,0,0,"000000000","00000000000",0,0,0,1,0,0,0,0,0,0,0,998,0,0,0,11,6,2,12,0,0,0,1,13,30024,6,2,0,0,3,0,73,152,98,0,0,0,0,0,0,0,0,0,0,0,0,0,2,2,55,1,1,2,1,3,3,1,62,99,1,1,84,"777777777777","777777777777","777777777777",0,0