"STATE","ST_CASE","VEH_NO","VE_FORMS","NUMOCCS","DAY","MONTH","HOUR","MINUTE","HARM_EV","MAN_COLL","UNITTYPE","HIT_RUN","REG_STAT","OWNER","MAKE","MODEL","MAK_MOD","BODY_TYP","MOD_YEAR","VIN","VIN_1","VIN_2","VIN_3","VIN_4","VIN_5","VIN_6","VIN_7","VIN_8","VIN_9","VIN_10","VIN_11","VIN_12","TOW_VEH","J_KNIFE","MCARR_I1","MCARR_I2","MCARR_ID","GVWR","V_CONFIG","CARGO_BT","HAZ_INV","HAZ_PLAC","HAZ_ID","HAZ_CNO","HAZ_REL","BUS_USE","SPEC_USE","EMER_USE","TRAV_SP","UNDERIDE","ROLLOVER","ROLINLOC","IMPACT1","DEFORMED","TOWED","M_HARM","VEH_SC1","VEH_SC2","FIRE_EXP","DR_PRES","L_STATE","DR_ZIP","L_STATUS","L_TYPE","CDL_STAT","L_ENDORS","L_COMPL","L_RESTRI","DR_HGT","DR_WGT","PREV_ACC","PREV_SUS","PREV_DWI","PREV_SPD","PREV_OTH","FIRST_MO","FIRST_YR","LAST_MO","LAST_YR","SPEEDREL","DR_SF1","DR_SF2","DR_SF3","DR_SF4","VTRAFWAY","VNUM_LAN","VSPD_LIM","VALIGN","VPROFILE","VPAVETYP","VSURCOND","VTRAFCON","VTCONT_F","P_CRASH1","P_CRASH2","P_CRASH3","PCRASH4","PCRASH5","ACC_TYPE","TRLR1VIN","TRLR2VIN","TRLR3VIN","DEATHS","DR_DRINK"
13,130975,3,4,1,14,9,11,23,12,6,1,0,13,2,12,481,12481,31,2007,"1FTPW12V87FA","1","F","T","P","W","1","2","V","8","7","F","A",0,0,0,"000000000","00000000000",0,0,0,1,0,0,0,0,0,0,0,0,0,0,0,12,4,3,12,0,0,0,1,13,30076,0,0,0,0,0,0,999,999,98,0,0,0,0,0,0,0,0,0,0,0,0,0,2,2,55,1,1,2,1,3,3,5,54,1,1,1,98,"777777777777","777777777777","777777777777",0,0
13,130975,4,4,1,14,9,11,23,12,6,1,0,13,1,62,421,62421,15,2011,"SALAK2D48BA5","S","A","L","A","K","2","D","4","8","B","A","5",0,0,0,"000000000","00000000000",0,0,0,1,0,0,0,0,0,0,0,0,0,0,0,12,2,3,12,0,0,0,1,13,30097,6,1,0,0,3,0,67,125,98,0,0,0,0,0,0,0,0,0,0,0,0,0,2,2,55,1,1,2,1,3,3,5,51,1,1,3,98,"777777777777","777777777777","777777777777",0,0
13,130976,1,1,2,14,9,2,31,33,0,1,0,13,1,7,28,7028,2,2010,"2B3CJ5DT0AH2","2","B","3","C","J","5","D","T","0","A","H","2",0,0,0,"000000000","00000000000",0,0,0,1,0,0,0,0,0,0,0,998,0,0,0,14,6,2,39,0,0,0,1,13,30213,6,1,0,0,3,0,77,195,98,0,0,0,0,0,0,0,0,3,0,0,0,0,1,6,35,3,1,2,1,0,0,14,6,99,2,4,2,"777777777777","777777777777","777777777777",1,0
13,130977,1,1,1,14,9,16,58,42,0,1,0,13,2,35,43,35043,4,2005,"3V1CB51D95L5","3","V","1","C","B","5","1","D","9","5","L","5",0,0,0,"000000000","00000000000",0,0,0,1,0,0,0,0,0,0,0,998,0,0,0,10,6,2,42,0,0,0,1,12,33024,6,1,0,0,3,0,62,999,0,1,0,1,2,6,2013,5,2016,5,0,0,0,0,2,2,55,2,1,2,1,0,0,14,6,99,3,4,2,"777777777777","777777777777","777777777777",1,0
13,130978,1,2,1,15,9,15,3,12,2,1,0,13,1,37,31,37031,4,2008,"2HGFA16558H3","2","H","G","F","A","1","6","5","5","8","H","3",0,0,0,"000000000","00000000000",0,0,0,1,0,0,0,0,0,0,0,998,0,0,0,12,6,2,12,0,0,0,1,13,30624,6,1,0,0,3,3,66,130,98,0,0,0,0,0,0,0,0,0,38,0,0,0,2,2,55,1,1,1,1,3,3,11,15,99,1,1,84,"777777777777","777777777777","777777777777",1,0
13,130978,2,2,1,15,9,15,3,12,2,1,0,99,9,82,881,82881,66,1993,"2XKWDB9X1PM5","2","X","K","W","D","B","9","X","1","P","M","5",1,1,57,"105790","57105790",3,6,1,1,0,0,0,0,0,0,0,998,0,0,0,12,6,2,12,0,0,0,1,99,99999,9,9,99,9,9,9,999,999,99,99,99,99,99,99,9999,99,9999,0,0,0,0,0,2,2,55,1,1,1,1,3,3,1,17,16,2,1,84,"888888888888","777777777777","777777777777",0,0
13,130979,1,2,1,29,7,8,4,12,2,1,0,13,1,48,403,48403,14,2016,"JF2GPABC6G82","J","F","2","G","P","A","B","C","6","G","8","2",0,0,0,"000000000","00000000000",0,0,0,1,0,0,0,0,0,0,0,998,0,0,0,12,6,2,12,0,0,0,1,13,31823,6,1,0,0,3,0,70,215,98,0,0,0,0,0,0,0,0,0,27,0,0,0,1,2,55,1,1,2,1,0,0,1,10,99,1,1,50,"777777777777","777777777777","777777777777",1,0
13,130979,2,2,1,29,7,8,4,12,2,1,0,13,3,86,881,86881,66,2013,"1M1AW02Y3DM0","1","M","1","A","W","0","2","Y","3","D","M","0",1,1,57,"2361371","572361371",3,6,1,1,0,0,0,0,0,0,0,998,0,0,0,12,6,2,12,0,0,0,1,1,36266,6,1,6,0,3,0,72,214,0,0,0,0,1,10,2011,10,2011,0,0,0,0,0,1,2,55,1,1,2,1,0,0,1,60,98,1,1,51,"1W9FL4828FE2","777777777777","777777777777",0,0
13,130980,1,2,1,15,9,99,99,5,0,1,0,13,2,53,706,53706,80,2006,"JS1GT76A2621","J","S","1","G","T","7","6","A","2","6","2","1",0,0,0,"000000000","00000000000",0,0,0,1,0,0,0,0,0,0,0,998,0,0,0,0,8,8,5,0,0,0,1,13,30067,6,1,0,0,3,2,68,207,98,0,0,0,0,0,0,0,0,0,74,0,0,0,3,8,65,1,1,2,1,0,0,1,3,99,1,1,0,"777777777777","777777777777","777777777777",1,0
13,130980,2,2,1,15,9,99,99,5,0,1,0,93,3,86,881,86881,66,2013,"1M1AW07Y4DM0","1","M","1","A","W","0","7","Y","4","D","M","0",1,1,57,"149236","57149236",3,6,1,1,0,0,0,0,0,0,0,998,0,0,0,14,0,5,18,0,0,0,1,13,30120,6,1,6,0,3,0,67,228,98,0,0,0,1,9,2014,9,2014,0,0,0,0,0,3,8,65,1,1,2,1,0,0,1,90,99,1,1,98,"888888888888","777777777777","777777777777",0,0
13,130981,1,2,1,15,9,6,40,1,0,1,0,93,1,82,881,82881,66,2006,"1FUJBBCK46LW","1","F","U","J","B","B","C","K","4","6","L","W",1,1,57,"325836","57325836",3,6,1,1,0,0,0,0,0,0,0,998,0,2,1,0,6,2,12,0,0,0,1,13,31061,6,1,6,0,3,0,68,210,98,0,0,0,0,0,0,0,0,0,58,0,0,0,1,2,55,1,1,2,1,28,3,1,13,6,1,6,98,"3H3C412S83T1","777777777777","777777777777",0,0
13,130981,2,2,1,15,9,6,40,1,0,1,0,13,1,82,881,82881,66,1996,"1FUYDPYB6TP7","1","F","U","Y","D","P","Y","B","6","T","P","7",1,1,57,"2497980","572497980",3,6,10,1,0,0,0,0,0,0,0,998,0,0,0,12,6,2,12,0,0,0,1,13,30621,6,1,6,0,3,3,75,280,98,0,0,0,1,2,2014,2,2014,0,0,0,0,0,1,2,55,1,1,2,1,28,3,1,62,99,1,1,98,"888888888888","777777777777","777777777777",1,0
13,130982,1,1,2,15,9,19,36,38,0,1,0,45,3,58,37,58037,4,2008,"JNKBV61E08M2","J","N","K","B","V","6","1","E","0","8","M","2",0,0,0,"000000000","00000000000",0,0,0,1,0,0,0,0,0,0,0,75,0,0,0,12,6,2,19,0,0,0,1,13,30038,6,1,0,0,3,3,74,178,98,0,0,0,5,9,2015,8,2016,3,36,0,0,0,1,2,45,1,1,2,1,28,3,1,6,99,1,4,1,"777777777777","777777777777","777777777777",2,0
13,130983,1,2,1,16,9,23,35,12,1,1,0,13,2,7,482,7482,31,2004,"1D7HU18N44J1","1","D","7","H","U","1","8","N","4","4","J","1",0,0,0,"000000000","00000000000",0,0,0,1,0,0,0,0,0,0,0,998,0,0,0,12,6,2,12,0,0,0,1,13,30153,6,1,0,0,3,0,73,175,98,0,0,1,1,8,2014,7,2016,0,26,36,0,0,2,2,65,1,1,2,1,0,0,1,52,1,1,1,24,"777777777777","777777777777","777777777777",0,0
13,130983,2,2,4,16,9,23,35,12,1,1,0,47,2,2,404,2404,14,2004,"1J4GW48S04C3","1","J","4","G","W","4","8","S","0","4","C","3",0,0,0,"000000000","00000000000",0,0,0,1,0,0,0,0,0,0,0,998,0,0,0,6,6,2,12,0,0,0,1,13,30720,6,1,0,0,3,0,65,159,98,0,0,0,1,10,2011,10,2011,0,0,0,0,0,2,2,65,1,1,2,1,0,0,2,53,99,1,1,25,"777777777777","777777777777","777777777777",3,0
13,130984,1,1,1,16,9,2,34,8,0,1,0,13,2,59,403,59403,14,2015,"2T2ZK1BA5FC1","2","T","2","Z","K","1","B","A","5","F","C","1",0,0,0,"000000000","00000000000",0,0,0,1,0,0,0,0,0,0,0,998,0,0,0,11,4,5,8,0,0,0,1,13,30228,6,1,0,0,3,0,68,170,98,0,0,0,1,10,2015,10,2015,0,0,0,0,0,1,3,45,1,1,2,1,0,0,1,80,1,1,1,13,"777777777777","777777777777","777777777777",0,0
13,130985,1,1,2,16,9,5,5,42,0,1,0,13,1,19,14,19014,4,1995,"1G6KY5298SU8","1","G","6","K","Y","5","2","9","8","S","U","8",0,0,0,"000000000","00000000000",0,0,0,1,0,0,0,0,0,0,0,998,0,0,0,2,6,2,42,0,0,0,1,13,30094,1,1,0,0,2,0,67,150,98,4,2,0,0,10,2015,8,2016,3,0,0,0,0,1,2,45,2,1,2,1,0,0,14,12,99,1,4,6,"777777777777","777777777777","777777777777",2,1
13,130986,1,1,1,16,9,7,2,8,0,1,0,13,1,6,18,6018,4,2016,"1C3CCCAB4GN1","1","C","3","C","C","C","A","B","4","G","N","1",0,0,0,"000000000","00000000000",0,0,0,1,0,0,0,0,0,0,0,998,0,0,0,12,2,3,8,0,0,0,1,13,39842,6,1,0,0,3,3,71,145,98,0,0,0,1,6,2015,6,2015,0,0,0,0,0,1,2,35,1,1,2,1,0,0,1,80,99,1,1,13,"777777777777","777777777777","777777777777",0,0
13,130987,1,1,1,16,9,16,38,35,0,1,0,13,2,7,482,7482,31,2006,"1D7HA18N26J1","1","D","7","H","A","1","8","N","2","6","J","1",0,0,0,"000000000","00000000000",0,0,0,1,0,0,0,0,0,0,0,998,0,0,0,14,6,2,42,0,0,0,1,13,31082,1,1,0,0,2,0,68,175,98,0,0,0,0,0,0,0,0,4,36,0,0,0,1,2,35,2,1,2,1,0,0,14,6,99,1,4,6,"777777777777","777777777777","777777777777",1,1
13,130988,1,1,1,16,9,6,19,42,0,1,0,13,2,53,706,53706,80,2003,"JS1GV77A9321","J","S","1","G","V","7","7","A","9","3","2","1",0,0,0,"000000000","00000000000",0,0,0,1,0,0,0,0,0,0,0,998,0,0,0,12,6,2,42,0,0,0,1,13,39827,6,1,0,0,2,0,65,200,98,0,0,0,0,0,0,0,0,3,37,0,0,0,1,2,55,3,1,2,1,0,0,14,13,99,1,4,1,"777777777777","777777777777","777777777777",1,0
13,130989,1,1,1,16,9,11,38,42,0,1,0,13,1,20,481,20481,31,1998,"1GCEK14R8WZ2","1","G","C","E","K","1","4","R","8","W","Z","2",0,0,0,"000000000","00000000000",0,0,0,1,0,0,0,0,0,0,0,998,0,0,0,12,6,2,42,0,0,0,1,13,30680,6,1,6,0,3,0,70,200,98,0,0,0,0,0,0,0,0,0,39,0,0,0,1,2,25,1,1,2,1,20,3,11,12,99,1,4,6,"777777777777","777777777777","777777777777",1,1
13,130990,1,1,4,16,9,16,36,35,0,1,0,13,2,35,39,35039,4,1997,"JN1CA21D3VM5","J","N","1","C","A","2","1","D","3","V","M","5",0,0,0,"000000000","00000000000",0,0,0,1,0,0,0,0,0,0,0,998,0,1,5,6,6,2,1,0,0,0,1,13,31088,6,1,0,0,3,1,69,120,98,0,0,0,0,0,0,0,0,0,36,0,0,0,1,2,35,2,1,2,1,0,0,14,12,99,9,4,7,"777777777777","777777777777","777777777777",1,0
13,130991,1,2,1,16,9,19,30,12,2,1,0,12,2,20,404,20404,14,2007,"2CNDL13F3760","2","C","N","D","L","1","3","F","3","7","6","0",0,0,0,"000000000","00000000000",0,0,0,1,0,0,0,0,0,0,0,86,0,0,0,12,6,2,12,0,0,0,1,12,32446,6,1,0,0,3,0,999,999,0,0,0,0,0,0,0,0,0,3,28,37,0,0,1,2,35,1,1,2,1,0,0,1,10,99,1,1,50,"777777777777","777777777777","777777777777",1,0
13,130991,2,2,3,16,9,19,30,12,2,1,0,13,2,12,481,12481,31,2010,"1FTEW1C8XAFA","1","F","T","E","W","1","C","8","X","A","F","A",0,0,0,"000000000","00000000000",0,0,0,1,0,0,0,0,0,0,0,998,0,0,0,12,6,2,12,0,0,0,1,13,39859,6,2,0,0,3,0,67,127,98,0,0,0,0,0,0,0,0,0,0,0,0,0,1,2,35,1,1,2,1,0,0,1,62,15,1,1,51,"777777777777","777777777777","777777777777",0,0
13,130992,1,1,5,16,9,6,9,30,0,1,0,13,2,12,422,12422,15,2002,"1FMPU16LX2LA","1","F","M","P","U","1","6","L","X","2","L","A",0,0,0,"000000000","00000000000",0,0,0,1,0,0,0,0,0,0,0,998,0,1,5,11,6,2,30,0,0,0,1,13,30828,0,0,0,0,0,0,999,999,98,0,0,0,0,0,0,0,0,0,58,0,0,0,1,2,55,1,1,2,1,28,3,6,13,99,3,4,2,"777777777777","777777777777","777777777777",2,0
13,130993,1,1,1,17,9,22,59,42,0,1,0,13,2,37,31,37031,4,2007,"1HGFA16557L1","1","H","G","F","A","1","6","5","5","7","L","1",0,0,0,"000000000","00000000000",0,0,0,1,0,0,0,0,0,0,0,998,0,0,0,12,6,2,42,0,0,0,1,13,30305,4,1,0,0,2,0,62,130,98,0,0,0,1,3,2016,3,2016,0,0,0,0,0,2,2,65,1,5,2,1,0,0,1,12,7,3,4,2,"777777777777","777777777777","777777777777",1,1
13,130994,1,1,4,17,9,17,47,30,0,1,0,13,2,23,401,23401,14,2003,"1GKES16S6361","1","G","K","E","S","1","6","S","6","3","6","1",0,0,0,"000000000","00000000000",0,0,0,1,0,0,0,0,0,0,0,998,0,1,5,12,6,2,30,0,0,0,1,13,30126,0,0,0,0,0,0,999,999,98,0,0,0,0,0,0,0,0,4,0,0,0,0,1,2,40,3,1,2,1,0,0,14,12,99,9,4,10,"777777777777","777777777777","777777777777",1,0
13,130995,1,1,1,17,9,4,52,8,0,1,0,13,1,54,35,54035,4,2012,"19UUA8F59CA0","1","9","U","U","A","8","F","5","9","C","A","0",0,0,0,"000000000","00000000000",0,0,0,1,0,0,0,0,0,0,0,998,0,0,0,12,4,5,8,0,0,0,1,13,30312,6,1,0,0,3,0,68,150,98,0,0,0,0,0,0,0,0,0,0,0,0,0,6,1,55,1,2,2,1,0,0,1,80,1,1,1,13,"777777777777","777777777777","777777777777",0,0
13,130996,1,2,1,17,9,10,20,12,6,1,0,13,1,73,706,73706,80,2004,"JKAZXCC104A0","J","K","A","Z","X","C","C","1","0","4","A","0",0,0,0,"000000000","00000000000",0,0,0,1,0,0,0,0,0,0,0,998,0,0,0,81,6,2,12,0,0,0,1,13,30046,6,1,0,0,3,0,72,178,98,0,0,0,1,11,2015,11,2015,9,99,99,99,99,1,2,40,1,2,1,1,20,3,99,19,99,9,9,87,"777777777777","777777777777","777777777777",1,0
13,130996,2,2,1,17,9,10,20,12,6,1,0,13,1,54,421,54421,15,2006,"2HNYD18686H5","2","H","N","Y","D","1","8","6","8","6","H","5",0,0,0,"000000000","00000000000",0,0,0,1,0,0,0,0,0,0,0,998,0,0,0,12,2,5,12,0,0,0,1,13,30045,6,1,0,0,3,0,64,120,98,0,0,0,0,0,0,0,0,9,99,99,99,99,1,2,40,1,2,1,1,0,0,1,19,99,9,9,86,"777777777777","777777777777","777777777777",0,0
13,130997,1,1,3,17,9,21,58,35,0,1,0,13,2,54,39,54039,4,2005,"JH4CL96985C0","J","H","4","C","L","9","6","9","8","5","C","0",0,0,0,"000000000","00000000000",0,0,0,1,0,0,0,0,0,0,0,998,0,0,0,12,6,2,35,0,0,0,1,13,31006,6,1,0,0,3,0,66,120,98,0,0,1,5,1,2012,7,2014,0,53,0,0,0,1,2,35,1,1,2,1,20,3,1,14,99,1,4,14,"777777777777","777777777777","777777777777",1,0
13,130998,1,1,1,18,9,19,9,42,0,1,0,13,1,12,3,12003,2,2004,"1FAFP42X14F2","1","F","A","F","P","4","2","X","1","4","F","2",0,0,0,"000000000","00000000000",0,0,0,1,0,0,0,0,0,0,0,998,0,0,0,3,6,2,42,0,0,0,1,13,30116,6,1,0,0,3,0,62,100,98,0,0,0,1,2,2014,2,2014,0,0,0,0,0,1,2,55,1,1,2,2,0,0,1,13,99,1,4,1,"777777777777","777777777777","777777777777",1,0
13,130999,1,2,4,18,9,16,39,12,6,1,0,48,1,14,6,14006,4,2000,"2MEFM75W4YX6","2","M","E","F","M","7","5","W","4","Y","X","6",0,0,0,"000000000","00000000000",0,0,0,1,0,0,0,0,0,0,0,998,0,0,0,3,6,2,12,0,0,0,1,48,77015,6,1,0,0,3,0,999,999,0,0,0,0,0,0,0,0,0,0,91,0,0,0,5,5,45,1,2,2,2,0,0,1,10,99,4,2,66,"777777777777","777777777777","777777777777",1,1
13,130999,2,2,1,18,9,16,39,12,6,1,0,13,1,37,421,37421,15,2006,"5FNYF18516B0","5","F","N","Y","F","1","8","5","1","6","B","0",0,0,0,"000000000","00000000000",0,0,0,1,0,0,0,0,0,0,0,998,0,0,0,12,4,3,12,0,0,0,1,13,30188,6,1,6,0,3,0,72,215,98,0,0,1,0,12,2011,12,2011,0,0,0,0,0,1,2,45,1,2,2,2,0,0,1,62,99,1,1,66,"777777777777","777777777777","777777777777",0,0
13,131000,1,2,3,18,9,15,53,12,6,1,0,13,2,18,2,18002,4,2000,"1G4HP54K8Y41","1","G","4","H","P","5","4","K","8","Y","4","1",0,0,0,"000000000","00000000000",0,0,0,1,0,0,0,0,0,0,0,998,0,0,0,5,6,2,12,0,0,0,1,13,30701,6,1,6,0,3,0,67,195,98,0,0,0,1,10,2013,10,2013,0,0,0,0,0,1,2,55,3,6,2,2,28,3,14,9,99,4,2,66,"777777777777","777777777777","777777777777",1,0
13,131000,2,2,2,18,9,15,53,12,6,1,0,13,1,12,481,12481,31,2006,"1FTSW21P06EC","1","F","T","S","W","2","1","P","0","6","E","C",0,0,0,"000000000","00000000000",0,0,0,1,0,0,0,0,0,0,0,998,0,0,0,12,6,2,12,0,0,0,1,13,30701,6,1,6,0,3,0,70,275,98,0,0,0,0,0,0,0,0,0,0,0,0,0,1,2,55,2,5,2,2,28,3,14,62,99,1,1,66,"777777777777","777777777777","777777777777",0,0
13,131001,1,1,1,18,9,8,42,43,0,1,0,13,1,35,472,35472,30,2011,"1N6AD0EV9BC4","1","N","6","A","D","0","E","V","9","B","C","4",0,0,0,"000000000","00000000000",0,0,0,1,0,0,0,0,0,0,0,998,0,0,0,14,6,2,35,0,0,0,1,13,31027,0,0,0,0,0,0,999,999,98,0,0,0,0,0,0,0,0,0,0,0,0,0,1,2,55,2,1,2,1,0,0,14,12,99,1,4,6,"777777777777","777777777777","777777777777",1,1
13,131002,1,1,1,18,9,1,16,8,0,1,0,13,2,37,32,37032,4,2011,"1HGCP3F86BA0","1","H","G","C","P","3","F","8","6","B","A","0",0,0,0,"000000000","00000000000",0,0,0,1,0,0,0,0,0,0,0,998,0,0,0,12,2,3,8,0,0,0,1,13,31707,6,1,0,0,3,3,74,180,98,0,0,0,0,0,0,0,0,0,0,0,0,0,5,5,55,1,1,2,1,28,3,1,80,99,1,1,13,"777777777777","777777777777","777777777777",0,0
13,131003,1,2,1,18,9,4,3,12,1,1,0,13,1,49,40,49040,4,1998,"4T1BG22K2WU2","4","T","1","B","G","2","2","K","2","W","U","2",0,0,0,"000000000","00000000000",0,0,0,1,0,0,0,0,0,0,0,998,0,1,5,12,6,2,1,0,0,0,1,13,31031,6,1,0,0,3,1,66,210,98,0,0,0,0,0,0,0,0,0,26,0,0,0,1,2,55,1,6,2,1,0,0,1,51,99,1,1,24,"777777777777","777777777777","777777777777",0,1
13,131003,2,2,1,18,9,4,3,12,1,1,0,0,0,98,998,98998,92,9999,"000000000000","0","0","0","0","0","0","0","0","0","0","0","0",0,0,0,"000000000","00000000000",0,0,0,1,0,0,0,0,0,0,0,998,0,1,1,6,6,2,12,0,0,0,1,13,31042,2,1,0,0,1,0,67,215,98,0,0,0,0,0,0,0,0,0,0,0,0,0,1,2,55,1,6,2,1,0,0,1,53,99,1,1,25,"777777777777","777777777777","777777777777",1,0
13,131004,1,1,1,19,9,0,1,8,0,1,1,13,4,7,482,7482,31,2016,"1C6RR7NT0GS3","1","C","6","R","R","7","N","T","0","G","S","3",0,0,0,"000000000","00000000000",0,0,0,1,0,0,0,0,0,0,0,999,0,0,0,12,9,5,8,0,0,0,1,99,99999,9,9,99,9,9,9,999,999,99,99,99,99,99,99,9999,99,9999,9,99,99,99,99,1,2,45,1,1,2,1,0,0,1,80,99,9,9,13,"777777777777","777777777777","777777777777",0,0
13,131005,1,2,1,19,9,11,34,12,6,1,0,1,2,22,32,22032,6,2003,"5Y2SL64883Z4","5","Y","2","S","L","6","4","8","8","3","Z","4",0,0,0,"000000000","00000000000",0,0,0,1,0,0,0,0,0,0,0,998,0,0,0,12,6,2,12,0,0,0,1,13,31419,6,1,0,0,3,0,73,245,98,0,0,0,0,0,0,0,0,0,0,0,0,0,5,5,55,1,1,2,1,0,0,1,10,99,1,2,66,"777777777777","777777777777","777777777777",1,0
13,131005,2,2,1,19,9,11,34,12,6,1,0,45,3,85,884,85884,66,2011,"999999999999","9","9","9","9","9","9","9","9","9","9","9","9",1,1,57,"104701","57104701",3,6,2,2,2,1203,3,1,0,0,0,998,0,0,0,8,6,2,12,0,0,0,1,45,29812,6,1,6,1,3,3,71,214,2,4,0,0,0,7,2012,9,2015,0,0,0,0,0,5,5,55,1,1,2,1,0,0,1,62,99,1,1,66,"1PMA24320850","777777777777","777777777777",0,0
13,131006,1,2,1,19,9,13,16,12,6,1,0,13,1,63,34,63034,4,2009,"KNAGE2283952","K","N","A","G","E","2","2","8","3","9","5","2",0,0,0,"000000000","00000000000",0,0,0,1,0,0,0,0,0,0,0,998,0,0,0,9,6,2,12,0,0,0,1,13,30217,6,1,0,0,3,0,62,148,98,0,0,0,0,0,0,0,0,0,39,0,0,0,1,2,40,1,1,2,1,20,3,11,15,99,1,1,82,"777777777777","777777777777","777777777777",1,0
13,131006,2,2,1,19,9,13,16,12,6,1,0,13,1,2,403,2403,14,2008,"1J4FA24158L5","1","J","4","F","A","2","4","1","5","8","L","5",0,0,0,"000000000","00000000000",0,0,0,1,0,0,0,0,0,0,0,998,0,0,0,12,6,2,12,0,0,0,1,13,30217,6,1,0,0,3,0,75,200,98,0,0,0,0,0,0,0,0,0,0,0,0,0,1,2,40,1,1,2,1,0,0,1,67,98,1,1,83,"777777777777","777777777777","777777777777",0,0
13,131007,1,2,5,19,9,14,55,12,6,1,0,13,2,34,35,34035,4,1999,"WBADM6334XBY","W","B","A","D","M","6","3","3","4","X","B","Y",0,0,0,"000000000","00000000000",0,0,0,1,0,0,0,0,0,0,0,998,0,0,0,11,6,2,12,0,0,0,1,12,34981,6,1,0,0,3,0,67,999,0,1,0,0,0,4,2016,4,2016,0,0,0,0,0,1,2,55,2,1,2,1,28,3,14,10,99,1,2,66,"777777777777","777777777777","777777777777",3,0
13,131007,2,2,1,19,9,14,55,12,6,1,0,13,3,84,988,84988,50,2007,"4DRBUAFN37B3","4","D","R","B","U","A","F","N","3","7","B","3",0,0,88,"888888888","88888888888",3,21,22,1,0,0,0,0,1,2,0,998,0,0,0,12,6,2,12,0,0,0,1,13,30016,6,1,6,0,3,1,65,220,98,0,0,0,0,0,0,0,0,0,0,0,0,0,1,2,40,3,1,2,1,28,3,14,62,98,1,1,66,"777777777777","777777777777","777777777777",0,0
13,131008,1,2,2,19,9,20,38,24,0,1,0,13,1,30,40,30040,4,2008,"3VWJM71K48M1","3","V","W","J","M","7","1","K","4","8","M","1",0,0,0,"000000000","00000000000",0,0,0,1,0,0,0,0,0,0,0,998,0,0,0,12,6,2,12,0,0,0,1,13,30309,6,1,0,0,3,3,60,155,98,2,0,3,0,10,2012,7,2014,0,58,0,0,0,3,3,70,1,1,2,1,28,3,1,10,99,1,4,6,"777777777777","777777777777","777777777777",1,0
13,131008,2,2,1,19,9,20,38,24,0,1,0,31,3,84,884,84884,66,2016,"3HSDJAPR6GN7","3","H","S","D","J","A","P","R","6","G","N","7",1,1,57,"065769","57065769",3,6,1,1,0,0,0,0,0,0,0,998,0,0,0,12,6,2,12,0,0,0,1,13,30281,6,1,6,0,3,3,70,245,98,0,0,0,1,6,2014,6,2014,0,0,0,0,0,3,3,70,1,1,2,1,28,3,1,51,1,1,1,98,"1UYVS253XDU6","777777777777","777777777777",0,0
13,131009,1,1,4,20,9,20,8,9,0,1,0,13,3,92,988,92988,52,2009,"15GGD2717911","1","5","G","G","D","2","7","1","7","9","1","1",0,0,88,"888888888","88888888888",3,21,22,1,0,0,0,0,6,3,0,998,0,0,0,8,0,5,9,0,0,0,1,13,30601,6,1,6,1,3,1,62,125,98,0,0,0,1,12,2011,12,2011,0,0,0,0,0,1,2,25,1,3,2,1,28,3,11,83,99,1,1,13,"777777777777","777777777777","777777777777",0,0
13,131010,1,2,1,20,9,12,51,12,6,1,0,13,2,49,43,49043,4,2001,"4T1BF28B11U1","4","T","1","B","F","2","8","B","1","1","U","1",0,0,0,"000000000","00000000000",0,0,0,1,0,0,0,0,0,0,0,998,0,0,0,9,6,2,12,0,0,0,1,13,30134,6,1,0,0,3,0,76,250,98,0,0,0,0,0,0,0,0,0,38,0,0,0,1,3,35,1,1,2,1,20,3,11,15,99,1,1,82,"777777777777","777777777777","777777777777",1,0
13,131010,2,2,1,20,9,12,51,12,6,1,0,13,3,82,881,82881,63,2014,"1FVHG3CYXEHF","1","F","V","H","G","3","C","Y","X","E","H","F",0,0,57,"2851870","572851870",3,2,1,1,0,0,0,0,0,0,0,998,0,0,0,12,6,2,12,0,0,0,1,13,30292,6,1,6,0,3,3,69,185,98,0,0,0,0,0,0,0,0,0,0,0,0,0,1,5,55,1,1,2,1,0,0,1,67,99,1,1,83,"777777777777","777777777777","777777777777",0,0
13,131011,1,1,1,20,9,6,45,8,0,1,0,13,2,12,481,12481,31,2005,"1FTRW14W25KC","1","F","T","R","W","1","4","W","2","5","K","C",0,0,0,"000000000","00000000000",0,0,0,1,0,0,0,0,0,0,0,998,0,0,0,12,4,3,8,0,0,0,1,13,30315,6,1,0,0,3,0,63,200,98,0,0,0,0,0,0,0,0,0,0,0,0,0,1,4,35,1,2,2,1,0,0,1,80,99,1,1,13,"777777777777","777777777777","777777777777",0,0
13,131012,1,1,3,20,9,6,20,8,0,1,0,13,1,12,17,12017,4,2001,"1FAFP55U01A1","1","F","A","F","P","5","5","U","0","1","A","1",0,0,0,"000000000","00000000000",0,0,0,1,0,0,0,0,0,0,0,998,0,0,0,12,4,5,8,0,0,0,1,13,30501,6,1,0,0,3,1,66,265,98,0,0,1,1,9,2012,10,2013,0,0,0,0,0,3,2,70,1,1,2,1,28,3,1,80,1,1,1,13,"777777777777","777777777777","777777777777",0,0
13,131013,1,1,2,20,9,2,15,1,0,1,0,13,1,12,401,12401,14,1999,"1FMZU32E4XUC","1","F","M","Z","U","3","2","E","4","X","U","C",0,0,0,"000000000","00000000000",0,0,0,1,0,0,0,0,0,0,0,998,0,1,1,0,6,2,1,0,0,0,1,13,30180,6,1,0,0,3,0,64,135,98,0,0,0,0,0,0,0,0,4,58,0,0,0,1,2,55,3,1,2,1,0,0,14,98,6,4,2,98,"777777777777","777777777777","777777777777",1,0