"STATE","ST_CASE","VEH_NO","VE_FORMS","NUMOCCS","DAY","MONTH","HOUR","MINUTE","HARM_EV","MAN_COLL","UNITTYPE","HIT_RUN","REG_STAT","OWNER","MAKE","MODEL","MAK_MOD","BODY_TYP","MOD_YEAR","VIN","VIN_1","VIN_2","VIN_3","VIN_4","VIN_5","VIN_6","VIN_7","VIN_8","VIN_9","VIN_10","VIN_11","VIN_12","TOW_VEH","J_KNIFE","MCARR_I1","MCARR_I2","MCARR_ID","GVWR","V_CONFIG","CARGO_BT","HAZ_INV","HAZ_PLAC","HAZ_ID","HAZ_CNO","HAZ_REL","BUS_USE","SPEC_USE","EMER_USE","TRAV_SP","UNDERIDE","ROLLOVER","ROLINLOC","IMPACT1","DEFORMED","TOWED","M_HARM","VEH_SC1","VEH_SC2","FIRE_EXP","DR_PRES","L_STATE","DR_ZIP","L_STATUS","L_TYPE","CDL_STAT","L_ENDORS","L_COMPL","L_RESTRI","DR_HGT","DR_WGT","PREV_ACC","PREV_SUS","PREV_DWI","PREV_SPD","PREV_OTH","FIRST_MO","FIRST_YR","LAST_MO","LAST_YR","SPEEDREL","DR_SF1","DR_SF2","DR_SF3","DR_SF4","VTRAFWAY","VNUM_LAN","VSPD_LIM","VALIGN","VPROFILE","VPAVETYP","VSURCOND","VTRAFCON","VTCONT_F","P_CRASH1","P_CRASH2","P_CRASH3","PCRASH4","PCRASH5","ACC_TYPE","TRLR1VIN","TRLR2VIN","TRLR3VIN","DEATHS","DR_DRINK"
13,131014,1,2,1,21,9,17,6,12,2,1,0,13,1,53,705,53705,80,2005,"JS1GN7CA0521","J","S","1","G","N","7","C","A","0","5","2","1",0,0,0,"000000000","00000000000",0,0,0,1,0,0,0,0,0,0,0,998,0,0,0,12,6,2,12,0,0,0,1,13,30701,6,1,0,0,3,0,66,130,98,0,0,0,0,0,0,0,0,0,36,0,0,0,1,2,35,1,1,2,1,0,0,1,54,99,1,1,52,"777777777777","777777777777","777777777777",1,0
13,131014,2,2,1,21,9,17,6,12,2,1,0,13,1,53,705,53705,80,2004,"JS1GR7JA3421","J","S","1","G","R","7","J","A","3","4","2","1",0,0,0,"000000000","00000000000",0,0,0,1,0,0,0,0,0,0,0,998,0,0,0,12,6,2,12,0,0,0,1,13,30171,6,1,0,0,2,0,68,145,98,0,0,0,4,3,2013,4,2015,0,36,0,0,0,1,2,35,1,1,2,1,0,0,1,54,99,1,1,52,"777777777777","777777777777","777777777777",1,0
13,131015,1,1,1,21,9,11,3,10,0,1,0,0,0,98,998,98998,93,2013,"000000000000","0","0","0","0","0","0","0","0","0","0","0","0",0,0,0,"000000000","00000000000",0,0,0,1,0,0,0,0,0,0,0,998,0,0,0,3,2,3,10,0,0,0,1,13,30316,6,1,0,0,1,0,72,215,98,0,0,0,0,0,0,0,0,0,0,0,0,0,1,2,35,1,2,2,1,65,3,1,91,99,1,1,15,"777777777777","777777777777","777777777777",1,0
13,131016,1,1,3,21,9,2,25,42,0,1,0,13,1,32,51,32051,4,2016,"WAUWGAFC9GN1","W","A","U","W","G","A","F","C","9","G","N","1",0,0,0,"000000000","00000000000",0,0,0,1,0,0,0,0,0,0,0,998,0,1,5,1,6,2,42,0,0,1,1,13,30236,6,1,0,0,3,0,66,160,98,3,0,3,4,4,2012,8,2014,0,0,0,0,0,3,4,65,1,2,2,1,0,0,1,13,99,3,4,2,"777777777777","777777777777","777777777777",1,1
13,131017,1,1,1,21,9,15,25,1,0,1,0,13,3,82,881,82881,64,2000,"1FV6HJBA6YHF","1","F","V","6","H","J","B","A","6","Y","H","F",0,0,57,"165307","57165307",3,2,1,1,0,0,0,0,0,0,0,998,0,9,1,0,6,2,1,0,0,0,1,13,30251,6,1,6,0,3,0,74,265,98,0,0,1,0,5,2013,5,2013,0,58,0,0,0,3,4,70,3,6,2,1,28,3,14,98,99,9,2,98,"777777777777","777777777777","777777777777",1,0
13,131018,1,1,1,22,9,6,30,8,0,1,0,13,1,12,401,12401,14,2000,"1FMZU85P5YZB","1","F","M","Z","U","8","5","P","5","Y","Z","B",0,0,0,"000000000","00000000000",0,0,0,1,0,0,0,0,0,0,0,998,0,0,0,12,6,2,8,0,0,0,1,13,30277,6,1,0,0,3,0,70,190,98,0,0,0,0,0,0,0,0,0,0,0,0,0,1,2,45,1,1,2,1,0,0,1,80,99,1,1,13,"777777777777","777777777777","777777777777",0,0
13,131019,1,1,1,22,9,20,35,8,0,1,1,13,1,35,47,35047,4,2006,"1N4AL11D36N4","1","N","4","A","L","1","1","D","3","6","N","4",0,0,0,"000000000","00000000000",0,0,0,1,0,0,0,0,0,0,0,998,0,0,0,12,4,5,8,0,0,0,1,13,30344,6,1,0,0,3,3,73,165,98,0,0,1,1,1,2012,10,2015,0,38,0,0,0,2,2,35,1,2,2,1,40,8,1,80,99,1,1,13,"777777777777","777777777777","777777777777",0,0
13,131020,1,2,1,22,9,17,25,12,2,1,0,13,2,12,481,12481,31,1990,"2FTJW35M5LCA","2","F","T","J","W","3","5","M","5","L","C","A",1,1,88,"888888888","88888888888",2,4,8,1,0,0,0,0,0,0,0,998,0,0,0,12,4,3,12,0,0,0,1,13,31647,6,1,0,0,3,0,68,170,98,0,0,0,0,0,0,0,0,0,0,0,0,0,1,2,55,2,1,2,1,0,0,14,10,99,1,2,50,"888888888888","777777777777","777777777777",0,0
13,131020,2,2,2,22,9,17,25,12,2,1,0,13,1,7,43,7043,4,1996,"1B3EJ46X1TN1","1","B","3","E","J","4","6","X","1","T","N","1",0,0,0,"000000000","00000000000",0,0,0,1,0,0,0,0,0,0,0,998,0,0,0,12,6,2,12,0,0,0,1,13,31601,6,1,0,0,3,0,68,140,98,0,0,0,0,0,0,0,0,0,0,0,0,0,1,2,55,3,1,2,1,0,0,14,62,99,1,1,51,"777777777777","777777777777","777777777777",1,0
13,131021,1,1,1,22,9,8,29,8,0,1,0,13,1,54,421,54421,15,2006,"2HNYD18996H5","2","H","N","Y","D","1","8","9","9","6","H","5",0,0,0,"000000000","00000000000",0,0,0,1,0,0,0,0,0,0,0,998,0,0,0,12,6,2,8,0,0,0,1,13,39845,6,1,0,0,3,0,65,170,98,0,0,0,0,0,0,0,0,0,0,0,0,0,1,2,35,2,1,2,1,0,0,14,80,1,1,1,13,"777777777777","777777777777","777777777777",0,0
13,131022,1,1,1,23,9,5,56,35,0,1,0,13,1,12,481,12481,31,1993,"1FTEX15N2PKA","1","F","T","E","X","1","5","N","2","P","K","A",0,0,0,"000000000","00000000000",0,0,0,1,0,0,0,0,0,0,0,998,0,0,0,12,6,2,35,0,0,0,1,13,31210,6,1,0,0,3,0,68,270,98,0,0,0,1,6,2016,6,2016,0,58,0,0,0,1,2,55,1,5,2,1,28,3,1,9,6,9,4,7,"777777777777","777777777777","777777777777",1,0
13,131023,1,2,1,23,9,12,20,12,2,1,0,13,2,23,421,23421,15,1999,"1GKEC13R7XJ7","1","G","K","E","C","1","3","R","7","X","J","7",0,0,0,"000000000","00000000000",0,0,0,1,0,0,0,0,0,0,0,998,0,1,1,12,6,2,12,0,0,0,1,13,31781,6,1,0,0,3,3,62,141,98,0,0,0,2,1,2014,2,2016,0,0,0,0,0,1,2,55,1,1,2,1,0,0,1,10,99,1,2,50,"777777777777","777777777777","777777777777",1,0
13,131023,2,2,1,23,9,12,20,12,2,1,0,12,3,20,461,20461,21,2015,"1GB0G2CG8F11","1","G","B","0","G","2","C","G","8","F","1","1",0,0,0,"000000000","00000000000",0,0,0,1,0,0,0,0,0,0,0,998,0,0,0,12,6,2,12,0,0,0,1,13,31636,6,1,0,0,3,0,71,145,98,0,0,0,0,0,0,0,0,0,0,0,0,0,1,2,55,1,1,2,1,0,0,1,62,99,1,1,51,"777777777777","777777777777","777777777777",1,0
13,131024,1,1,1,23,9,14,5,42,0,1,0,13,2,7,422,7422,15,2006,"1D4HD48N66F1","1","D","4","H","D","4","8","N","6","6","F","1",0,0,0,"000000000","00000000000",0,0,0,1,0,0,0,0,0,0,0,998,0,0,0,12,6,2,42,0,0,0,1,13,30179,6,1,5,0,3,0,65,125,98,0,0,2,0,9,2014,12,2014,0,0,0,0,0,1,2,45,2,5,2,1,0,0,14,12,99,1,4,6,"777777777777","777777777777","777777777777",1,0
13,131025,1,2,1,23,9,3,40,12,2,1,0,51,2,32,43,32043,4,1999,"WAUCB28D5XA0","W","A","U","C","B","2","8","D","5","X","A","0",0,0,0,"000000000","00000000000",0,0,0,1,0,0,0,0,0,0,0,998,0,0,0,12,6,2,12,0,0,0,1,51,23607,2,1,0,0,2,0,71,210,1,0,0,0,2,7,2014,9,2014,0,36,37,51,0,3,4,70,1,6,2,1,28,3,1,54,99,1,1,52,"777777777777","777777777777","777777777777",1,0
13,131025,2,2,1,23,9,3,40,12,2,1,0,13,1,48,403,48403,14,2016,"JF2GPABC0GG3","J","F","2","G","P","A","B","C","0","G","G","3",0,0,0,"000000000","00000000000",0,0,0,1,0,0,0,0,0,0,0,998,0,1,1,12,6,2,12,0,0,0,1,13,30510,6,1,0,0,3,0,74,245,98,0,0,1,1,7,2012,2,2015,0,0,0,0,0,3,4,70,1,5,2,1,0,0,1,54,99,1,1,52,"777777777777","777777777777","777777777777",0,0
13,131026,1,1,2,23,9,20,31,53,0,1,0,13,2,35,48,35048,2,2008,"JN1BZ34E18M7","J","N","1","B","Z","3","4","E","1","8","M","7",0,0,0,"000000000","00000000000",0,0,0,1,0,0,0,0,0,0,0,998,0,1,5,1,6,2,1,0,0,0,1,13,30230,6,1,0,0,3,0,73,222,98,1,0,1,0,4,2016,8,2016,4,0,0,0,0,1,2,45,2,5,2,1,0,0,14,12,99,9,4,10,"777777777777","777777777777","777777777777",1,0
13,131027,1,1,1,24,9,11,0,53,0,1,0,13,1,53,706,53706,80,2002,"JS1GW71A7221","J","S","1","G","W","7","1","A","7","2","2","1",0,0,0,"000000000","00000000000",0,0,0,1,0,0,0,0,0,0,0,998,0,0,0,11,6,2,30,0,0,0,1,13,31321,6,1,0,0,3,0,65,170,98,0,0,0,0,0,0,0,0,3,36,0,0,0,1,2,35,1,1,2,1,0,0,1,12,99,1,4,6,"777777777777","777777777777","777777777777",1,0
13,131028,1,1,1,24,9,1,41,8,0,1,1,99,9,99,999,99999,99,9999,"999999999999","9","9","9","9","9","9","9","9","9","9","9","9",9,0,99,"999999999","99999999999",9,99,99,1,0,0,0,0,0,0,0,999,0,0,0,12,9,5,8,0,0,0,1,99,99999,9,9,99,9,9,9,999,999,99,99,99,99,99,99,9999,99,9999,9,99,99,99,99,2,2,65,1,2,2,1,0,0,1,80,99,9,9,13,"777777777777","777777777777","777777777777",0,0
13,131029,1,1,1,24,9,13,58,52,0,1,0,13,2,34,34,34034,4,2012,"WBA3A5C56CFJ","W","B","A","3","A","5","C","5","6","C","F","J",0,0,0,"000000000","00000000000",0,0,0,1,0,0,0,0,0,0,0,998,0,0,0,12,6,2,42,0,0,0,1,13,30080,6,1,0,0,3,0,72,198,98,0,0,1,0,11,2013,11,2013,0,0,0,0,0,3,4,65,1,1,1,1,0,0,1,13,99,9,4,5,"777777777777","777777777777","777777777777",1,0
13,131030,1,2,4,24,9,4,57,12,2,1,0,13,2,52,35,52035,4,1990,"JA3CU26X1LU0","J","A","3","C","U","2","6","X","1","L","U","0",0,0,0,"000000000","00000000000",0,0,0,1,0,0,0,0,0,0,0,998,0,0,0,12,6,2,12,0,0,0,1,13,30096,0,0,0,0,0,0,71,145,98,0,0,0,0,0,0,0,0,0,0,0,0,0,1,2,45,1,1,2,1,0,0,1,10,99,1,1,50,"777777777777","777777777777","777777777777",1,1
13,131030,2,2,1,24,9,4,57,12,2,1,0,13,1,37,421,37421,15,2009,"5FNYF38459B0","5","F","N","Y","F","3","8","4","5","9","B","0",0,0,0,"000000000","00000000000",0,0,0,1,0,0,0,0,0,0,0,998,0,0,0,12,6,2,12,0,0,0,1,13,30097,6,1,0,0,3,3,66,175,98,2,0,2,0,3,2013,5,2014,0,0,0,0,0,1,2,45,1,1,2,1,0,0,1,62,99,1,1,51,"777777777777","777777777777","777777777777",0,0
13,131031,1,1,1,24,9,7,42,53,0,1,0,13,1,20,421,20421,15,2000,"1GNEC13T3YJ1","1","G","N","E","C","1","3","T","3","Y","J","1",0,0,0,"000000000","00000000000",0,0,0,1,0,0,0,0,0,0,0,998,0,1,5,1,6,2,30,0,0,0,1,13,39817,6,1,0,0,3,0,71,150,98,0,0,0,2,3,2013,9,2015,0,58,0,0,0,1,2,55,3,1,2,1,0,0,14,12,99,4,4,7,"777777777777","777777777777","777777777777",1,0
13,131032,1,1,1,25,9,1,55,8,0,1,1,99,9,99,999,99999,99,9999,"999999999999","9","9","9","9","9","9","9","9","9","9","9","9",9,0,99,"999999999","99999999999",9,99,99,1,0,0,0,0,99,99,9,999,0,0,0,12,9,9,8,0,0,0,1,99,99999,9,9,99,9,9,9,999,999,99,99,99,99,99,99,9999,99,9999,9,99,99,99,99,1,2,55,1,1,2,1,0,0,1,80,99,9,9,13,"777777777777","777777777777","777777777777",0,0
13,131033,1,1,1,25,9,21,57,1,0,1,0,13,1,12,471,12471,30,2002,"1FTYR10UX2PA","1","F","T","Y","R","1","0","U","X","2","P","A",0,0,0,"000000000","00000000000",0,0,0,1,0,0,0,0,0,0,0,998,0,9,1,0,6,2,1,0,0,0,1,13,30087,6,1,0,0,3,0,72,200,98,0,0,0,0,0,0,0,0,0,58,0,0,0,2,2,65,1,1,2,1,0,0,1,98,99,9,2,98,"777777777777","777777777777","777777777777",1,0
13,131034,1,2,3,25,9,20,15,12,2,1,0,13,2,49,401,49401,14,1998,"JT3HN86R9W01","J","T","3","H","N","8","6","R","9","W","0","1",0,0,0,"000000000","00000000000",0,0,0,1,0,0,0,0,0,0,0,998,0,1,1,12,6,2,12,0,0,0,1,13,30349,6,1,0,0,3,0,72,250,98,0,0,0,0,0,0,0,0,0,0,0,0,0,1,4,45,1,1,2,1,0,0,1,10,99,1,2,50,"777777777777","777777777777","777777777777",3,0
13,131034,2,2,1,25,9,20,15,12,2,1,0,13,1,35,47,35047,4,2014,"1N4AL3AP3EN3","1","N","4","A","L","3","A","P","3","E","N","3",0,0,0,"000000000","00000000000",0,0,0,1,0,0,0,0,0,0,0,998,0,0,0,12,6,2,12,0,0,0,1,13,30349,6,1,0,0,3,0,70,155,98,0,0,0,1,9,2015,9,2015,0,0,0,0,0,1,4,45,1,1,2,1,0,0,1,62,99,1,1,51,"777777777777","777777777777","777777777777",0,0
13,131035,1,1,1,25,9,22,0,8,0,1,1,99,9,99,999,99999,99,9999,"999999999999","9","9","9","9","9","9","9","9","9","9","9","9",9,0,99,"999999999","99999999999",9,99,99,1,0,0,0,0,99,99,9,999,0,0,0,12,9,5,8,0,0,0,1,99,99999,9,9,99,9,9,9,999,999,99,99,99,99,99,99,9999,99,9999,9,99,99,99,99,1,2,35,1,1,2,1,0,0,1,80,99,9,1,13,"777777777777","777777777777","777777777777",0,0
13,131036,1,2,1,25,9,16,50,9,0,1,0,13,3,85,884,85884,66,2010,"1XKWD49X3AJ2","1","X","K","W","D","4","9","X","3","A","J","2",1,1,57,"1396947","571396947",3,6,1,1,0,0,0,0,0,0,0,998,0,0,0,12,0,5,9,0,0,0,1,13,31730,6,1,6,9,3,0,71,200,98,0,0,0,1,8,2015,8,2015,0,0,0,0,0,1,2,35,1,1,2,1,28,3,1,83,99,1,1,13,"5MC324318G31","777777777777","777777777777",0,0
13,131036,2,2,2,25,9,16,50,9,0,1,0,13,1,12,17,12017,4,2011,"1FAHP2EW6BG1","1","F","A","H","P","2","E","W","6","B","G","1",0,0,0,"000000000","00000000000",0,0,0,1,0,0,0,0,0,0,0,998,0,0,0,11,2,5,9,0,0,0,1,13,31730,6,1,0,0,3,0,67,160,98,0,0,0,0,0,0,0,0,0,0,0,0,0,1,2,35,1,1,2,1,28,3,1,83,99,1,1,98,"777777777777","777777777777","777777777777",0,0
13,131037,1,1,1,26,9,5,2,8,0,1,1,99,9,99,999,99999,99,9999,"999999999999","9","9","9","9","9","9","9","9","9","9","9","9",9,0,99,"999999999","99999999999",9,99,99,1,0,0,0,0,0,0,0,999,0,0,0,12,9,5,8,0,0,0,1,99,99999,9,9,99,9,9,9,999,999,99,99,99,99,99,99,9999,99,9999,9,99,99,99,99,1,2,55,1,1,2,1,0,0,99,80,99,9,1,13,"777777777777","777777777777","777777777777",0,0
13,131038,1,2,1,26,9,6,15,12,1,1,0,13,1,63,441,63441,20,2011,"KNDMG4C79B63","K","N","D","M","G","4","C","7","9","B","6","3",0,0,0,"000000000","00000000000",0,0,0,1,0,0,0,0,0,0,0,998,0,0,0,12,6,2,12,0,0,0,1,13,30240,6,1,0,0,3,0,67,387,98,0,0,0,0,0,0,0,0,3,26,0,0,0,3,2,70,1,1,2,1,0,0,1,51,99,1,1,24,"777777777777","777777777777","777777777777",1,0
13,131038,2,2,1,26,9,6,15,12,1,1,0,13,2,82,881,82881,66,1997,"1FUYDSEB9VL8","1","F","U","Y","D","S","E","B","9","V","L","8",1,1,57,"2336057","572336057",3,6,1,1,0,0,0,0,0,0,0,998,0,0,0,6,6,2,12,0,0,0,1,13,31078,6,1,6,0,3,0,69,160,98,1,0,1,5,11,2011,10,2015,0,0,0,0,0,3,2,70,1,1,2,1,0,0,1,53,99,1,1,25,"1TTF48203Y20","777777777777","777777777777",0,0
13,131039,1,2,1,27,9,6,8,12,2,1,0,13,4,49,43,49043,4,2012,"4T1BK3DB0CU4","4","T","1","B","K","3","D","B","0","C","U","4",0,0,0,"000000000","00000000000",0,0,0,1,0,0,0,0,0,0,0,998,0,0,0,12,6,2,12,0,0,0,1,13,30736,6,1,0,0,3,0,71,175,98,0,0,0,0,0,0,0,0,0,0,0,0,0,1,2,55,2,6,2,1,28,3,14,10,99,1,2,50,"777777777777","777777777777","777777777777",1,0
13,131039,2,2,1,27,9,6,8,12,2,1,0,47,2,20,481,20481,31,2006,"1GBJC34D56E2","1","G","B","J","C","3","4","D","5","6","E","2",0,0,0,"000000000","00000000000",0,0,0,1,0,0,0,0,0,0,0,998,0,0,0,12,6,2,12,0,0,0,1,13,30755,6,1,0,0,3,0,68,200,98,0,0,0,0,0,0,0,0,0,0,0,0,0,1,2,55,3,1,2,1,28,3,14,62,99,1,1,51,"777777777777","777777777777","777777777777",0,1
13,131040,1,2,1,27,9,8,2,12,6,1,0,13,1,2,403,2403,14,2015,"1C4BJWEG1FL7","1","C","4","B","J","W","E","G","1","F","L","7",0,0,0,"000000000","00000000000",0,0,0,1,0,0,0,0,0,0,0,998,0,0,0,12,6,2,12,0,0,0,1,13,31771,6,2,0,0,3,3,69,170,98,0,0,0,0,0,0,0,0,0,0,0,0,0,1,2,55,1,6,2,1,28,3,1,10,99,1,2,66,"777777777777","777777777777","777777777777",1,0
13,131040,2,2,1,27,9,8,2,12,6,1,0,93,3,87,881,87881,66,2006,"1XP7DU9X96D8","1","X","P","7","D","U","9","X","9","6","D","8",1,1,57,"1518691","571518691",3,6,1,1,0,0,0,0,0,0,0,998,0,0,0,8,4,3,12,0,0,0,1,13,31773,6,1,6,0,3,0,68,275,98,0,0,0,0,0,0,0,0,0,0,0,0,0,1,2,55,1,5,2,1,28,3,1,62,99,1,1,66,"888888888888","777777777777","777777777777",0,0
13,131041,1,1,1,27,9,15,59,42,0,1,0,13,1,54,37,54037,2,2001,"19UYA42401A0","1","9","U","Y","A","4","2","4","0","1","A","0",0,0,0,"000000000","00000000000",0,0,0,1,0,0,0,0,0,0,0,998,0,0,0,12,6,2,42,0,0,0,1,13,31620,6,1,0,0,3,0,69,140,98,0,0,0,0,0,0,0,0,0,0,0,0,0,1,2,55,3,1,2,1,0,0,14,12,99,3,4,7,"777777777777","777777777777","777777777777",1,1
13,131042,1,2,1,27,9,6,2,12,6,1,0,13,1,50,706,50706,80,2015,"SMT905RN0FT6","S","M","T","9","0","5","R","N","0","F","T","6",0,0,0,"000000000","00000000000",0,0,0,1,0,0,0,0,0,0,0,998,0,0,0,3,6,2,12,0,0,0,1,13,31303,6,1,0,0,3,3,69,212,98,0,0,0,0,0,0,0,0,4,39,0,0,0,1,2,55,1,1,2,1,20,3,1,19,99,2,2,87,"777777777777","777777777777","777777777777",1,0
13,131042,2,2,1,27,9,6,2,12,6,1,0,13,1,6,18,6018,4,2016,"1C3CCCAB4GN1","1","C","3","C","C","C","A","B","4","G","N","1",0,0,0,"000000000","00000000000",0,0,0,1,0,0,0,0,0,0,0,998,0,0,0,12,2,5,12,0,0,0,1,13,31303,6,1,0,0,3,0,67,220,98,1,0,2,0,11,2014,3,2015,0,0,0,0,0,1,2,55,1,1,2,1,0,0,1,68,99,1,1,86,"777777777777","777777777777","777777777777",0,0
13,131043,1,2,6,27,9,17,39,12,6,1,0,13,1,37,441,37441,20,2007,"5FNRL387X7B4","5","F","N","R","L","3","8","7","X","7","B","4",0,0,0,"000000000","00000000000",0,0,0,1,0,0,0,0,0,0,0,998,0,0,0,3,6,2,12,0,0,0,1,13,31093,6,1,0,0,3,0,67,154,98,0,0,0,0,0,0,0,0,0,38,0,0,0,1,2,45,1,1,1,1,0,0,11,15,99,1,1,68,"777777777777","777777777777","777777777777",0,0
13,131043,2,2,1,27,9,17,39,12,6,1,0,13,1,76,705,76705,80,2003,"JYARJ06Y13A0","J","Y","A","R","J","0","6","Y","1","3","A","0",0,0,0,"000000000","00000000000",0,0,0,1,0,0,0,0,0,0,0,998,0,0,0,12,6,2,12,0,0,0,1,13,31093,6,1,0,0,3,3,72,240,98,1,0,1,3,7,2012,7,2014,4,0,0,0,0,1,2,45,1,1,1,1,0,0,1,62,99,1,1,69,"777777777777","777777777777","777777777777",1,1
13,131044,1,1,1,27,9,23,11,8,0,1,0,13,1,37,402,37402,14,2007,"JHLRE38777C0","J","H","L","R","E","3","8","7","7","7","C","0",0,0,0,"000000000","00000000000",0,0,0,1,0,0,0,0,0,0,0,998,0,0,0,12,6,2,8,0,0,0,1,13,31546,6,1,0,0,3,3,68,205,98,0,0,0,1,1,2016,1,2016,0,86,0,0,0,5,5,45,1,2,2,1,0,0,1,80,98,1,1,13,"777777777777","777777777777","777777777777",0,0
13,131045,1,1,1,28,9,12,13,34,0,1,0,20,3,82,881,82881,66,2016,"3AKJGLD56GSG","3","A","K","J","G","L","D","5","6","G","S","G",1,1,57,"052912","57052912",3,6,1,1,0,0,0,0,0,0,0,998,0,1,5,14,6,2,1,0,0,0,1,13,30034,6,1,6,9,3,0,76,427,98,0,0,1,1,6,2014,8,2016,0,80,0,0,0,2,2,70,1,6,2,1,28,3,1,1,99,1,4,6,"2FDJF37HXTCA","777777777777","777777777777",1,0
13,131046,1,2,2,28,9,9,31,12,6,1,0,13,2,12,461,12461,21,1996,"1FBJS31HXTHB","1","F","B","J","S","3","1","H","X","T","H","B",0,0,0,"000000000","00000000000",0,0,0,1,0,0,0,0,0,0,0,998,0,0,0,12,6,2,12,0,0,0,1,13,30016,6,1,0,0,3,0,72,140,98,0,0,0,1,8,2012,8,2012,0,0,0,0,0,1,3,25,1,2,2,1,0,0,1,10,99,1,1,66,"777777777777","777777777777","777777777777",0,0
13,131046,2,2,2,28,9,9,31,12,6,1,0,13,1,20,441,20441,20,1996,"1GCDM19W8TB1","1","G","C","D","M","1","9","W","8","T","B","1",0,0,0,"000000000","00000000000",0,0,0,1,0,0,0,0,0,0,0,998,0,0,0,11,6,2,12,0,0,0,1,13,30013,6,1,0,0,3,0,66,187,98,0,0,0,0,0,0,0,0,0,0,0,0,0,1,3,25,1,2,2,1,0,0,1,62,99,1,1,66,"777777777777","777777777777","777777777777",1,0
13,131047,1,1,1,28,9,15,37,59,0,1,0,13,2,7,24,7024,4,2014,"2C3CDXBG4EH2","2","C","3","C","D","X","B","G","4","E","H","2",0,0,0,"000000000","00000000000",0,0,0,1,0,0,0,0,0,0,0,998,0,0,0,12,6,2,43,0,0,0,1,13,31709,6,1,0,0,3,1,71,190,98,0,0,0,0,0,0,0,0,0,0,0,0,0,1,2,65,3,1,2,1,28,3,14,13,99,1,4,1,"777777777777","777777777777","777777777777",1,0
13,131048,1,1,2,29,9,11,42,25,0,1,0,13,2,49,44,49044,2,2004,"4T1CE38P54U7","4","T","1","C","E","3","8","P","5","4","U","7",0,0,0,"000000000","00000000000",0,0,0,1,0,0,0,0,0,0,0,998,0,0,0,11,6,2,25,0,0,0,1,13,30253,6,1,0,0,3,0,75,265,98,3,0,3,8,10,2013,6,2016,0,0,0,0,0,3,2,55,1,6,2,1,0,0,1,12,99,1,4,6,"777777777777","777777777777","777777777777",1,0
13,131049,1,2,3,30,9,22,3,12,6,1,0,13,2,49,422,49422,15,2004,"5TDZT34A84S2","5","T","D","Z","T","3","4","A","8","4","S","2",0,0,0,"000000000","00000000000",0,0,0,1,0,0,0,0,0,0,0,998,0,1,1,7,6,2,12,0,0,0,1,13,31322,1,1,5,0,2,0,72,175,98,4,2,0,1,7,2015,5,2016,0,39,0,0,0,2,2,45,1,1,2,1,3,3,1,17,99,1,1,89,"777777777777","777777777777","777777777777",1,1
13,131049,2,2,1,30,9,22,3,12,6,1,0,13,2,6,51,6051,4,2007,"2C3KA53G97H8","2","C","3","K","A","5","3","G","9","7","H","8",0,0,0,"000000000","00000000000",0,0,0,1,0,0,0,0,0,0,0,998,0,0,0,12,6,2,12,0,0,0,1,13,31415,6,1,0,0,3,0,63,230,98,5,0,2,4,3,2013,5,2016,0,0,0,0,0,1,2,45,1,1,2,1,3,3,1,66,99,1,1,88,"777777777777","777777777777","777777777777",0,0
13,131050,1,1,1,30,9,16,44,33,0,1,0,13,2,73,705,73705,80,2008,"JKAZX4J138A0","J","K","A","Z","X","4","J","1","3","8","A","0",0,0,0,"000000000","00000000000",0,0,0,1,0,0,0,0,0,0,0,998,0,0,0,12,6,2,14,0,0,0,1,13,31791,6,1,0,0,2,3,76,285,98,3,0,2,0,12,2011,12,2014,0,85,0,0,0,5,5,35,1,1,2,1,0,0,17,13,99,2,4,1,"777777777777","777777777777","777777777777",1,0
13,131051,1,1,1,30,9,2,39,26,0,1,0,13,1,72,706,72706,80,2015,"1HD1KRM10FB6","1","H","D","1","K","R","M","1","0","F","B","6",0,0,0,"000000000","00000000000",0,0,0,1,0,0,0,0,0,0,0,998,0,0,0,3,2,3,26,0,0,0,1,13,30045,6,1,0,0,3,0,72,185,98,0,0,0,0,0,0,0,0,0,0,0,0,0,1,5,45,1,1,2,1,0,0,1,90,99,1,4,98,"777777777777","777777777777","777777777777",1,0
13,131052,1,2,2,30,9,13,46,12,2,1,0,13,1,20,39,20039,4,2006,"KL1TG66676B5","K","L","1","T","G","6","6","6","7","6","B","5",0,0,0,"000000000","00000000000",0,0,0,1,0,0,0,0,0,0,0,998,0,0,0,12,6,2,12,0,0,0,1,13,30292,6,1,0,0,3,1,72,235,98,0,0,0,0,0,0,0,0,0,0,0,0,0,1,2,45,1,5,2,1,28,3,1,10,99,1,2,50,"777777777777","777777777777","777777777777",2,0
13,131052,2,2,1,30,9,13,46,12,2,1,0,13,1,12,471,12471,30,1999,"1FTYR14V0XPB","1","F","T","Y","R","1","4","V","0","X","P","B",0,0,0,"000000000","00000000000",0,0,0,1,0,0,0,0,0,0,0,998,0,0,0,12,6,2,12,0,0,0,1,13,30224,6,1,0,0,3,0,62,185,98,0,0,0,0,0,0,0,0,0,0,0,0,0,1,2,45,1,6,2,1,28,3,1,62,99,1,1,51,"777777777777","777777777777","777777777777",0,0