"STATE","ST_CASE","VEH_NO","VE_FORMS","NUMOCCS","DAY","MONTH","HOUR","MINUTE","HARM_EV","MAN_COLL","UNITTYPE","HIT_RUN","REG_STAT","OWNER","MAKE","MODEL","MAK_MOD","BODY_TYP","MOD_YEAR","VIN","VIN_1","VIN_2","VIN_3","VIN_4","VIN_5","VIN_6","VIN_7","VIN_8","VIN_9","VIN_10","VIN_11","VIN_12","TOW_VEH","J_KNIFE","MCARR_I1","MCARR_I2","MCARR_ID","GVWR","V_CONFIG","CARGO_BT","HAZ_INV","HAZ_PLAC","HAZ_ID","HAZ_CNO","HAZ_REL","BUS_USE","SPEC_USE","EMER_USE","TRAV_SP","UNDERIDE","ROLLOVER","ROLINLOC","IMPACT1","DEFORMED","TOWED","M_HARM","VEH_SC1","VEH_SC2","FIRE_EXP","DR_PRES","L_STATE","DR_ZIP","L_STATUS","L_TYPE","CDL_STAT","L_ENDORS","L_COMPL","L_RESTRI","DR_HGT","DR_WGT","PREV_ACC","PREV_SUS","PREV_DWI","PREV_SPD","PREV_OTH","FIRST_MO","FIRST_YR","LAST_MO","LAST_YR","SPEEDREL","DR_SF1","DR_SF2","DR_SF3","DR_SF4","VTRAFWAY","VNUM_LAN","VSPD_LIM","VALIGN","VPROFILE","VPAVETYP","VSURCOND","VTRAFCON","VTCONT_F","P_CRASH1","P_CRASH2","P_CRASH3","PCRASH4","PCRASH5","ACC_TYPE","TRLR1VIN","TRLR2VIN","TRLR3VIN","DEATHS","DR_DRINK"
13,131095,1,2,1,11,10,21,7,12,2,1,0,13,1,13,14,13014,6,2009,"2LMDU68C89BJ","2","L","M","D","U","6","8","C","8","9","B","J",0,0,0,"000000000","00000000000",0,0,0,1,0,0,0,0,0,0,0,998,0,0,0,12,6,2,12,0,0,0,1,13,30228,6,1,0,0,3,0,71,180,98,3,0,2,1,3,2013,1,2014,0,28,91,0,0,1,2,55,1,1,2,1,0,0,1,10,99,1,2,50,"777777777777","777777777777","777777777777",0,0
13,131095,2,2,1,11,10,21,7,12,2,1,0,13,1,22,22,22022,4,2009,"1G2ZJ57K8942","1","G","2","Z","J","5","7","K","8","9","4","2",0,0,0,"000000000","00000000000",0,0,0,1,0,0,0,0,0,0,0,998,0,1,5,12,6,2,12,0,0,0,1,13,30228,6,1,0,0,3,3,60,100,98,0,0,0,0,0,0,0,0,0,0,0,0,0,1,2,55,1,1,2,1,0,0,1,62,99,1,1,51,"777777777777","777777777777","777777777777",1,0
13,131096,1,1,1,11,10,23,36,8,0,1,0,37,1,84,881,84881,66,2002,"2HSCEAPR12C0","2","H","S","C","E","A","P","R","1","2","C","0",1,1,57,"1460231","571460231",3,6,1,1,0,0,0,0,0,0,0,998,0,0,0,12,2,5,8,0,0,0,1,37,28645,6,1,6,0,3,0,71,999,0,0,0,0,1,7,2013,7,2013,0,0,0,0,0,1,2,55,3,6,2,1,0,0,14,80,99,9,1,13,"888888888888","777777777777","777777777777",0,0
13,131097,1,1,1,12,10,20,1,8,0,1,1,13,2,35,472,35472,30,2003,"1N6ED29X43C4","1","N","6","E","D","2","9","X","4","3","C","4",0,0,0,"000000000","00000000000",0,0,0,1,0,0,0,0,0,0,0,998,0,0,0,12,4,5,8,0,0,0,1,13,30907,6,1,0,0,3,0,71,175,98,5,0,1,5,3,2012,6,2016,4,91,0,0,0,1,2,45,1,1,2,1,0,0,1,80,99,9,1,13,"777777777777","777777777777","777777777777",0,0
13,131098,1,1,1,12,10,23,21,8,0,1,1,99,9,99,999,99999,99,9999,"999999999999","9","9","9","9","9","9","9","9","9","9","9","9",0,0,0,"000000000","00000000000",0,0,0,1,0,0,0,0,0,0,0,999,0,0,0,99,9,5,8,0,0,0,1,99,99999,9,9,99,9,9,9,999,999,99,99,99,99,99,99,9999,99,9999,9,99,99,99,99,5,5,45,1,1,2,1,0,0,1,80,99,9,9,13,"777777777777","777777777777","777777777777",0,0
13,131099,1,2,1,13,10,11,8,12,2,1,0,13,1,12,481,12481,31,2010,"1FTFW1EV2AFB","1","F","T","F","W","1","E","V","2","A","F","B",0,0,0,"000000000","00000000000",0,0,0,1,0,0,0,0,0,0,0,998,0,0,0,12,6,2,12,0,0,0,1,13,31308,6,1,0,0,3,0,70,220,98,3,0,0,2,6,2012,3,2013,0,28,0,0,0,5,5,45,1,1,2,1,0,0,1,10,99,9,2,50,"777777777777","777777777777","777777777777",0,0
13,131099,2,2,1,13,10,11,8,12,2,1,0,13,2,7,482,7482,31,2013,"1C6RR6FT3DS5","1","C","6","R","R","6","F","T","3","D","S","5",0,0,0,"000000000","00000000000",0,0,0,1,0,0,0,0,0,0,0,998,0,0,0,12,6,2,12,0,0,0,1,13,31406,6,1,0,0,3,0,71,160,98,1,0,1,0,11,2013,2,2014,0,0,0,0,0,5,5,45,1,1,2,1,0,0,1,62,99,9,1,51,"777777777777","777777777777","777777777777",1,0
13,131100,1,2,1,13,10,11,2,12,6,1,0,37,3,85,881,85881,66,1988,"2XKWDB9X2JM5","2","X","K","W","D","B","9","X","2","J","M","5",1,1,57,"1621839","571621839",3,6,1,1,0,0,0,0,0,0,0,0,0,0,0,7,6,2,12,0,0,0,1,37,28025,6,1,6,0,3,0,73,999,0,0,0,0,0,0,0,0,0,0,38,0,0,0,1,2,35,1,5,2,1,20,3,5,15,1,1,1,89,"888888888888","777777777777","777777777777",0,0
13,131100,2,2,44,13,10,11,2,12,6,1,0,13,3,98,908,98908,58,1996,"YE2TA74B2T20","Y","E","2","T","A","7","4","B","2","T","2","0",0,0,57,"1247861","571247861",3,21,22,1,0,0,0,0,5,3,0,998,0,0,0,12,6,2,12,0,0,0,1,13,30062,6,1,6,0,3,3,68,145,98,0,0,0,0,0,0,0,0,0,0,0,0,0,2,2,65,2,6,2,1,0,0,14,50,99,9,1,88,"777777777777","777777777777","777777777777",1,0
13,131101,1,1,1,13,10,20,22,8,0,1,0,13,1,12,37,12037,4,2009,"1FAHP36N49W1","1","F","A","H","P","3","6","N","4","9","W","1",0,0,0,"000000000","00000000000",0,0,0,1,0,0,0,0,0,0,0,998,0,0,0,1,6,2,8,0,0,0,1,13,30705,6,1,0,0,3,3,62,144,98,0,0,1,0,2,2016,2,2016,0,0,0,0,0,1,4,55,1,2,1,1,0,0,1,80,15,2,1,13,"777777777777","777777777777","777777777777",0,0
13,131102,1,1,1,14,10,19,55,8,0,1,0,13,1,37,421,37421,15,2004,"2HKYF185X4H6","2","H","K","Y","F","1","8","5","X","4","H","6",0,0,0,"000000000","00000000000",0,0,0,1,0,0,0,0,0,0,0,998,0,0,0,1,4,5,8,0,0,0,1,13,31326,6,1,0,0,3,0,63,122,98,0,0,0,0,0,0,0,0,0,0,0,0,0,2,3,45,1,1,2,1,0,0,1,80,1,1,1,13,"777777777777","777777777777","777777777777",0,0
13,131103,1,2,4,14,10,23,39,12,6,1,0,13,1,49,442,49442,20,2005,"5TDZA22C35S2","5","T","D","Z","A","2","2","C","3","5","S","2",0,0,0,"000000000","00000000000",0,0,0,1,0,0,0,0,0,0,0,998,0,0,0,9,4,3,12,0,0,0,1,13,31768,6,1,0,0,3,0,71,289,98,0,0,0,0,0,0,0,0,0,38,30,0,0,3,2,55,3,1,2,1,0,0,16,10,99,9,2,48,"777777777777","777777777777","777777777777",0,0
13,131103,2,2,1,14,10,23,39,12,6,1,0,13,1,53,706,53706,80,2008,"JS1GX72A8821","J","S","1","G","X","7","2","A","8","8","2","1",0,0,0,"000000000","00000000000",0,0,0,1,0,0,0,0,0,0,0,998,0,0,0,12,6,2,12,0,0,0,1,13,31788,6,1,0,0,3,0,76,254,98,1,0,1,0,7,2014,3,2016,0,0,0,0,0,3,2,45,3,1,2,1,0,0,14,71,99,9,2,48,"777777777777","777777777777","777777777777",1,1
13,131104,1,1,1,14,10,23,45,8,0,1,0,13,1,37,32,37032,4,1998,"1HGCG5647WA0","1","H","G","C","G","5","6","4","7","W","A","0",0,0,0,"000000000","00000000000",0,0,0,1,0,0,0,0,0,0,0,998,0,0,0,12,6,2,8,0,0,0,1,13,30291,6,1,0,0,3,0,65,194,98,0,0,0,0,0,0,0,0,0,0,0,0,0,1,3,45,1,2,2,1,0,0,1,80,1,1,1,13,"777777777777","777777777777","777777777777",0,0
13,131105,1,2,2,14,10,16,42,12,6,1,0,13,9,20,37,20037,4,2006,"1G1ZT61826F2","1","G","1","Z","T","6","1","8","2","6","F","2",0,0,0,"000000000","00000000000",0,0,0,1,0,0,0,0,0,0,0,998,0,0,0,5,6,2,12,0,0,0,1,99,99999,9,9,99,0,9,9,999,999,99,99,99,99,99,99,9999,99,9999,4,28,33,36,0,1,3,45,3,6,2,1,0,0,6,6,6,3,2,64,"777777777777","777777777777","777777777777",1,0
13,131105,2,2,2,14,10,16,42,12,6,1,0,99,9,20,481,20481,31,2014,"3GCUKREC3EG2","3","G","C","U","K","R","E","C","3","E","G","2",0,0,0,"000000000","00000000000",0,0,0,1,0,0,0,0,0,0,0,998,0,0,0,12,6,2,12,0,0,0,1,37,28751,6,1,0,0,3,3,69,999,0,0,0,0,0,0,0,0,0,0,0,0,0,0,1,3,45,2,5,2,1,0,0,14,62,99,9,1,65,"777777777777","777777777777","777777777777",0,0
13,131106,1,1,1,14,10,19,15,1,0,1,0,13,2,37,402,37402,14,2002,"JHLRD68472C0","J","H","L","R","D","6","8","4","7","2","C","0",0,0,0,"000000000","00000000000",0,0,0,1,0,0,0,0,0,0,0,998,0,2,3,0,6,2,1,0,0,0,1,13,31419,6,1,0,0,3,0,73,150,98,1,0,0,2,10,2014,8,2016,0,0,0,0,0,2,2,70,1,1,2,1,0,0,1,12,6,3,4,98,"777777777777","777777777777","777777777777",1,0
13,131107,1,1,1,15,10,15,55,42,0,1,0,13,1,20,481,20481,31,1997,"1GCEK14R9VZ2","1","G","C","E","K","1","4","R","9","V","Z","2",0,0,0,"000000000","00000000000",0,0,0,1,0,0,0,0,0,0,0,998,0,1,5,11,6,2,1,0,0,0,1,13,30747,1,1,0,0,2,3,73,200,98,2,1,0,6,3,2012,10,2015,0,0,0,0,0,1,2,45,3,5,2,1,0,0,14,13,7,9,4,1,"777777777777","777777777777","777777777777",1,1
13,131108,1,1,1,15,10,6,36,34,0,1,0,13,2,12,17,12017,4,2005,"1FAFP53U95A1","1","F","A","F","P","5","3","U","9","5","A","1",0,0,0,"000000000","00000000000",0,0,0,1,0,0,0,0,0,0,0,998,0,0,0,14,6,2,42,0,0,0,1,13,31533,2,1,0,0,2,0,66,145,98,1,0,0,0,11,2015,11,2015,4,0,0,0,0,1,2,35,1,1,2,1,0,0,1,6,7,3,4,2,"777777777777","777777777777","777777777777",1,0
13,131109,1,1,1,15,10,18,37,8,0,1,0,12,2,52,48,52048,4,2015,"ML32A4HJ5FH0","M","L","3","2","A","4","H","J","5","F","H","0",0,0,0,"000000000","00000000000",0,0,0,1,0,0,0,0,0,0,0,998,0,0,0,12,4,3,8,0,0,0,1,13,31705,0,0,0,0,0,0,64,135,98,2,0,0,0,5,2013,4,2016,0,0,0,0,0,5,5,45,1,1,2,1,0,0,1,80,1,1,1,13,"777777777777","777777777777","777777777777",0,0
13,131110,1,1,1,15,10,1,31,1,0,1,0,13,1,72,706,72706,80,2003,"1HD1GDV443K3","1","H","D","1","G","D","V","4","4","3","K","3",0,0,0,"000000000","00000000000",0,0,0,1,0,0,0,0,0,0,0,998,0,0,0,0,6,2,24,0,0,0,1,13,30028,6,1,0,0,3,0,71,240,98,0,0,0,1,6,2016,6,2016,0,87,0,0,0,1,9,35,1,2,2,1,0,0,1,8,1,5,2,98,"777777777777","777777777777","777777777777",1,0
13,131111,1,1,1,15,10,13,47,42,0,1,0,13,1,20,421,20421,15,2002,"1GNEK13Z22J2","1","G","N","E","K","1","3","Z","2","2","J","2",0,0,0,"000000000","00000000000",0,0,0,1,0,0,0,0,0,0,0,998,0,0,0,12,6,2,42,0,0,1,1,13,30115,6,1,0,0,3,0,69,165,98,0,0,0,0,0,0,0,0,4,0,0,0,0,1,2,55,3,6,2,1,0,0,14,13,1,1,4,1,"777777777777","777777777777","777777777777",1,0
13,131112,1,2,1,15,10,9,19,12,1,1,0,13,1,53,706,53706,80,2003,"JS1VX51L8321","J","S","1","V","X","5","1","L","8","3","2","1",0,0,0,"000000000","00000000000",0,0,0,1,0,0,0,0,0,0,0,998,0,0,0,12,6,2,12,0,0,0,1,13,30577,6,1,0,0,3,0,68,170,98,0,0,0,0,0,0,0,0,0,26,0,0,0,1,2,55,1,1,2,1,0,0,1,50,9,2,1,20,"777777777777","777777777777","777777777777",1,0
13,131112,2,2,1,15,10,9,19,12,1,1,0,13,1,55,38,55038,4,2004,"KMHFU45E14A3","K","M","H","F","U","4","5","E","1","4","A","3",0,0,0,"000000000","00000000000",0,0,0,1,0,0,0,0,0,0,0,0,0,0,0,6,4,5,12,0,0,0,1,13,30577,6,1,0,0,3,0,71,180,98,0,0,0,0,0,0,0,0,0,0,0,0,0,1,2,55,1,1,2,1,0,0,5,53,1,1,1,21,"777777777777","777777777777","777777777777",0,0
13,131113,1,1,1,16,10,2,16,1,0,1,0,13,1,23,472,23472,30,2007,"1GTCS19EX781","1","G","T","C","S","1","9","E","X","7","8","1",0,0,0,"000000000","00000000000",0,0,0,1,0,0,0,0,0,0,0,998,0,1,1,0,6,2,1,0,0,0,1,13,30558,6,1,0,0,3,3,69,140,98,0,0,0,0,0,0,0,0,0,0,0,0,0,2,2,65,3,1,2,1,0,0,14,6,7,4,6,98,"777777777777","777777777777","777777777777",1,0
13,131114,1,1,1,16,10,20,7,8,0,1,0,13,1,12,22,12022,6,2006,"1FMDK03116GA","1","F","M","D","K","0","3","1","1","6","G","A",0,0,0,"000000000","00000000000",0,0,0,1,0,0,0,0,0,0,0,998,0,0,0,12,4,3,8,0,0,0,1,13,30067,6,1,0,0,3,3,74,160,98,0,0,0,1,4,2014,4,2014,0,0,0,0,0,5,6,45,1,2,2,1,0,0,1,80,1,1,1,13,"777777777777","777777777777","777777777777",0,0
13,131115,1,1,1,16,10,4,30,32,0,1,0,13,1,35,47,35047,4,2010,"1N4AL2AP5AN4","1","N","4","A","L","2","A","P","5","A","N","4",0,0,0,"000000000","00000000000",0,0,0,1,0,0,0,0,0,0,0,998,0,1,5,6,6,2,32,0,0,0,1,13,31030,6,1,0,0,3,0,71,165,98,3,0,1,2,12,2011,1,2015,4,37,36,0,0,1,2,55,3,1,2,1,0,0,14,6,99,3,4,2,"777777777777","777777777777","777777777777",1,0
13,131116,1,1,2,16,10,19,27,43,0,1,0,13,4,7,24,7024,4,2016,"2C3CDXCTXGH2","2","C","3","C","D","X","C","T","X","G","H","2",0,0,0,"000000000","00000000000",0,0,0,1,0,0,0,0,0,0,0,998,0,1,5,12,6,2,34,0,0,0,1,13,30047,6,1,0,0,3,3,72,185,98,1,0,0,2,5,2012,5,2016,3,0,0,0,0,1,2,35,3,2,2,1,0,0,14,6,99,9,4,2,"777777777777","777777777777","777777777777",1,0
13,131117,1,2,1,16,10,13,50,12,6,1,0,37,1,59,34,59034,4,2008,"JTHCE96S6800","J","T","H","C","E","9","6","S","6","8","0","0",0,0,0,"000000000","00000000000",0,0,0,1,0,0,0,0,0,0,0,998,0,0,0,12,6,2,12,0,0,0,1,37,27517,6,1,0,0,3,3,72,999,0,0,0,0,0,0,0,0,0,0,99,99,99,99,2,2,65,1,6,2,1,3,3,1,62,99,9,1,69,"777777777777","777777777777","777777777777",0,0
13,131117,2,2,2,16,10,13,50,12,6,1,0,13,1,12,402,12402,14,2011,"1FMCU9D75BKB","1","F","M","C","U","9","D","7","5","B","K","B",0,0,0,"000000000","00000000000",0,0,0,1,0,0,0,0,0,0,0,998,0,0,0,3,6,2,12,0,0,0,1,13,30565,6,1,6,0,3,0,70,240,98,0,0,0,0,0,0,0,0,0,99,99,99,99,2,2,65,1,5,2,1,3,3,11,15,99,9,1,68,"777777777777","777777777777","777777777777",1,0
13,131118,1,1,2,31,10,21,34,8,0,1,0,13,2,20,481,20481,31,2004,"1GCGK23U84F1","1","G","C","G","K","2","3","U","8","4","F","1",0,0,0,"000000000","00000000000",0,0,0,1,0,0,0,0,0,0,0,998,0,0,0,12,4,5,8,0,0,0,1,13,31029,6,1,0,0,3,0,67,150,98,0,0,0,0,0,0,0,0,0,0,0,0,0,5,6,45,1,2,2,1,0,0,1,80,16,2,1,13,"777777777777","777777777777","777777777777",0,0
13,131119,1,2,1,31,10,14,44,12,6,1,0,13,1,37,31,37031,4,2015,"19XFB2F55FE0","1","9","X","F","B","2","F","5","5","F","E","0",0,0,0,"000000000","00000000000",0,0,0,1,0,0,0,0,0,0,0,998,0,0,0,2,6,9,12,32,0,0,1,13,30281,6,1,0,0,3,0,64,114,98,0,0,0,0,0,0,0,0,0,38,0,0,0,5,5,55,1,2,2,1,0,0,11,15,1,1,1,68,"777777777777","777777777777","777777777777",1,0
13,131119,2,2,2,31,10,14,44,12,6,1,0,13,1,49,40,49040,4,2015,"4T1BF1FK5FU0","4","T","1","B","F","1","F","K","5","F","U","0",0,0,0,"000000000","00000000000",0,0,0,1,0,0,0,0,0,0,0,998,0,0,0,12,6,2,12,0,0,0,1,13,30281,6,1,0,0,3,0,74,215,98,0,0,1,1,1,2013,10,2014,0,0,0,0,0,5,5,55,1,2,2,1,0,0,1,62,1,1,1,69,"777777777777","777777777777","777777777777",0,0
13,131120,1,2,1,13,9,99,99,12,6,1,0,13,1,2,404,2404,14,1999,"1J4G258S4XC7","1","J","4","G","2","5","8","S","4","X","C","7",0,0,0,"000000000","00000000000",0,0,0,1,0,0,0,0,0,0,0,998,0,0,0,12,6,2,12,0,0,0,1,13,30354,6,1,0,0,3,3,77,330,98,0,0,0,1,3,2014,3,2014,0,38,0,0,0,1,4,40,1,1,2,1,3,3,11,15,1,1,1,68,"777777777777","777777777777","777777777777",1,0
13,131120,2,2,1,13,9,99,99,12,6,1,0,17,1,82,881,82881,63,2005,"1FUJA6CK35LU","1","F","U","J","A","6","C","K","3","5","L","U",0,0,57,"1183746","571183746",3,2,98,1,0,0,0,0,0,0,0,998,0,0,0,11,4,8,12,0,0,0,1,13,30087,6,1,6,0,3,0,72,190,98,0,0,0,0,0,0,0,0,0,0,0,0,0,1,4,40,1,1,2,1,3,3,1,62,1,1,1,69,"777777777777","777777777777","777777777777",0,0
13,131121,1,2,3,8,10,21,13,12,6,1,0,13,1,12,16,12016,4,1998,"2FAFP74W6WX1","2","F","A","F","P","7","4","W","6","W","X","1",0,0,0,"000000000","00000000000",0,0,0,1,0,0,0,0,0,0,0,998,0,0,0,3,6,2,12,32,0,0,1,13,30126,6,1,0,0,3,0,63,190,98,0,0,0,0,0,0,0,0,0,38,0,0,0,2,2,45,1,1,2,1,3,3,11,15,1,1,1,68,"777777777777","777777777777","777777777777",1,0
13,131121,2,2,1,8,10,21,13,12,6,1,0,13,3,12,16,12016,4,2011,"2FABP7BVXBX1","2","F","A","B","P","7","B","V","X","B","X","1",0,0,0,"000000000","00000000000",0,0,0,1,0,0,0,0,0,5,2,998,0,0,0,12,4,3,12,0,0,0,1,13,30132,6,1,0,0,3,3,79,215,98,0,0,0,0,0,0,0,0,0,16,0,0,0,2,2,45,1,1,2,1,3,3,1,62,16,2,1,69,"777777777777","777777777777","777777777777",0,0
13,131122,1,1,3,14,8,21,40,8,0,1,0,13,1,12,402,12402,14,2005,"1FMYU03Z25KB","1","F","M","Y","U","0","3","Z","2","5","K","B",0,0,0,"000000000","00000000000",0,0,0,1,0,0,0,0,0,0,0,998,0,0,0,12,2,5,8,0,0,0,1,13,30297,6,1,0,0,3,0,63,135,98,0,0,0,0,0,0,0,0,0,0,0,0,0,1,3,55,2,2,2,1,0,0,14,80,99,1,1,13,"777777777777","777777777777","777777777777",0,0
13,131123,1,3,1,17,8,11,1,12,2,1,0,13,1,12,481,12481,31,2003,"1FTRF17283NB","1","F","T","R","F","1","7","2","8","3","N","B",0,0,0,"000000000","00000000000",0,0,0,1,0,0,0,0,0,0,0,998,0,0,0,12,6,2,12,0,0,0,1,13,31032,6,1,0,0,3,3,63,100,98,3,0,3,1,2,2012,4,2014,4,27,0,0,0,2,2,45,1,1,2,1,3,3,1,10,99,1,2,50,"777777777777","777777777777","777777777777",0,0
13,131123,2,3,3,17,8,11,1,12,2,1,0,13,1,37,471,37471,30,2007,"2HJYK16567H5","2","H","J","Y","K","1","6","5","6","7","H","5",0,0,0,"000000000","00000000000",0,0,0,1,0,0,0,0,0,0,0,0,0,0,0,12,6,2,12,0,0,0,1,13,31210,6,1,0,0,3,3,68,180,98,0,0,0,0,0,0,0,0,0,0,0,0,0,1,3,45,1,1,2,1,3,3,5,62,99,1,1,51,"777777777777","777777777777","777777777777",1,0
13,131123,3,3,1,17,8,11,1,12,2,1,0,13,2,20,421,20421,15,2010,"1GNMCBE33AR2","1","G","N","M","C","B","E","3","3","A","R","2",0,0,0,"000000000","00000000000",0,0,0,1,0,0,0,0,0,0,0,0,0,0,0,12,4,8,12,0,0,0,1,13,31210,6,1,0,0,3,3,65,135,98,0,0,0,0,0,0,0,0,0,0,0,0,0,1,3,45,1,1,2,1,3,3,5,98,99,1,1,98,"777777777777","777777777777","777777777777",0,0
13,131124,1,1,1,28,8,20,44,34,0,1,0,13,1,12,481,12481,31,2008,"1FTRF12WX8KD","1","F","T","R","F","1","2","W","X","8","K","D",0,0,0,"000000000","00000000000",0,0,0,1,0,0,0,0,0,0,0,998,0,0,0,99,6,2,34,0,0,0,1,13,31312,6,1,0,0,3,0,67,185,98,0,0,1,0,2,2016,2,2016,4,0,0,0,0,2,3,70,3,1,2,2,0,0,14,12,99,1,4,6,"777777777777","777777777777","777777777777",1,1
13,131125,1,2,1,19,9,11,7,12,6,1,0,13,1,73,706,73706,80,1997,"JKBVNAD13VA0","J","K","B","V","N","A","D","1","3","V","A","0",0,0,0,"000000000","00000000000",0,0,0,1,0,0,0,0,0,0,0,998,0,0,0,12,6,2,12,0,0,0,1,13,30094,6,1,0,0,3,0,70,190,98,0,0,0,0,0,0,0,0,0,33,0,0,0,1,2,45,1,2,2,1,0,0,6,10,99,1,1,74,"777777777777","777777777777","777777777777",1,0
13,131125,2,2,1,19,9,11,7,12,6,1,0,13,1,12,481,12481,31,2015,"1FTEW1CG0FFA","1","F","T","E","W","1","C","G","0","F","F","A",0,0,0,"000000000","00000000000",0,0,0,1,0,0,0,0,0,0,0,998,0,0,0,10,4,3,12,0,0,0,1,13,30094,6,1,0,0,3,0,70,230,98,0,0,0,0,0,0,0,0,0,0,0,0,0,1,2,45,1,2,2,1,0,0,11,60,99,1,1,74,"777777777777","777777777777","777777777777",0,0
13,131126,1,1,1,30,9,5,12,8,0,1,0,13,1,35,43,35043,4,2000,"3N1CB51D7YL3","3","N","1","C","B","5","1","D","7","Y","L","3",0,0,0,"000000000","00000000000",0,0,0,1,0,0,0,0,0,0,0,998,0,0,0,12,4,3,8,0,0,0,1,13,30274,6,1,0,0,3,3,69,165,98,3,0,3,1,11,2011,1,2015,0,0,0,0,0,1,3,40,1,1,2,1,0,0,1,80,1,1,1,13,"777777777777","777777777777","777777777777",0,0
13,131127,1,2,1,16,10,1,22,12,2,1,0,13,2,20,25,20025,4,2012,"1G1PG5SC6C73","1","G","1","P","G","5","S","C","6","C","7","3",0,0,0,"000000000","00000000000",0,0,0,1,0,0,0,0,0,0,0,998,0,0,0,12,6,2,12,0,0,1,1,13,31907,1,1,0,0,2,0,76,180,98,0,0,0,0,0,0,0,0,0,0,0,0,0,3,3,70,1,1,2,1,0,0,1,50,99,1,1,52,"777777777777","777777777777","777777777777",0,1
13,131127,2,2,3,16,10,1,22,12,2,1,0,13,1,63,37,63037,6,2014,"KNDJN2A21E77","K","N","D","J","N","2","A","2","1","E","7","7",0,0,0,"000000000","00000000000",0,0,0,1,0,0,0,0,0,0,0,0,0,0,0,12,6,2,12,0,0,0,1,13,30217,6,1,0,0,3,0,66,183,98,0,0,0,0,0,0,0,0,0,54,0,0,0,3,3,70,1,1,2,1,0,0,5,54,1,1,1,52,"777777777777","777777777777","777777777777",1,0
13,131128,1,1,3,17,10,19,1,9,0,1,0,13,2,12,402,12402,14,2015,"1FMCU0G74FUC","1","F","M","C","U","0","G","7","4","F","U","C",0,0,0,"000000000","00000000000",0,0,0,1,0,0,0,0,0,0,0,998,0,0,0,12,4,3,9,0,0,0,1,13,31624,6,1,0,0,3,1,64,150,98,0,0,0,0,0,0,0,0,0,0,0,0,0,1,2,55,1,1,2,1,0,0,1,83,1,1,1,13,"777777777777","777777777777","777777777777",0,0
13,131129,1,1,2,17,10,20,50,1,0,1,0,13,1,12,481,12481,31,2002,"1FTRX17232NB","1","F","T","R","X","1","7","2","3","2","N","B",0,0,0,"000000000","00000000000",0,0,0,1,0,0,0,0,0,0,0,998,0,9,5,0,6,2,1,0,0,0,1,13,30814,6,1,0,0,3,0,64,120,98,5,2,1,2,2,2013,5,2015,0,58,0,0,0,1,2,55,1,1,2,1,0,0,1,13,6,4,4,7,"777777777777","777777777777","777777777777",2,1
13,131130,1,2,2,17,10,15,10,12,7,1,0,47,3,82,881,82881,66,2014,"1FUJGEBG5ELF","1","F","U","J","G","E","B","G","5","E","L","F",1,1,57,"1423014","571423014",3,6,1,1,0,0,0,0,0,0,0,998,0,1,1,11,6,2,1,0,0,0,1,1,35601,6,1,6,0,3,0,999,999,0,0,0,0,0,0,0,0,0,0,80,0,0,0,2,3,70,1,1,2,1,0,0,1,1,99,1,2,48,"1B9A126289B1","777777777777","777777777777",1,0
13,131130,2,2,4,17,10,15,10,12,7,1,0,47,3,6,441,6441,20,2013,"2C4RC1BGXDR6","2","C","4","R","C","1","B","G","X","D","R","6",0,0,0,"000000000","00000000000",0,0,0,1,0,0,0,0,0,0,0,998,0,0,0,4,6,2,12,0,0,0,1,47,37398,6,1,0,0,3,0,70,200,0,0,0,0,0,0,0,0,0,0,0,0,0,0,2,3,70,1,1,2,1,0,0,1,61,99,1,1,48,"777777777777","777777777777","777777777777",0,0
13,131131,1,1,1,17,10,2,43,11,0,1,0,13,2,72,706,72706,80,2005,"1HD1GTV195K3","1","H","D","1","G","T","V","1","9","5","K","3",0,0,0,"000000000","00000000000",0,0,0,1,0,0,0,0,0,0,0,998,0,0,0,12,6,2,11,0,0,0,1,13,30534,6,1,6,0,3,0,72,230,98,0,0,0,0,0,0,0,0,0,0,0,0,0,1,2,55,1,1,2,1,28,3,1,87,99,1,1,13,"777777777777","777777777777","777777777777",1,0
13,131132,1,2,2,17,10,15,38,12,8,1,0,42,1,41,402,41402,14,2003,"4F2YZ04103KM","4","F","2","Y","Z","0","4","1","0","3","K","M",0,0,0,"000000000","00000000000",0,0,0,1,0,0,0,0,0,0,0,998,0,0,0,9,6,2,12,0,0,0,1,42,19054,6,1,0,0,3,0,62,999,0,0,0,0,0,0,0,0,0,5,26,58,84,0,3,3,70,1,1,2,1,0,0,15,9,6,4,2,67,"777777777777","777777777777","777777777777",2,1
13,131132,2,2,5,17,10,15,38,12,8,1,0,45,1,37,441,37441,20,2004,"5FNRL18914B0","5","F","N","R","L","1","8","9","1","4","B","0",0,0,0,"000000000","00000000000",0,0,0,1,0,0,0,0,0,0,0,998,0,0,0,10,6,2,12,0,0,0,1,45,29681,6,1,0,0,3,3,72,150,0,0,0,0,0,0,0,0,0,0,0,0,0,0,3,3,70,1,1,2,1,0,0,1,78,7,1,1,67,"777777777777","777777777777","777777777777",0,0
13,131133,1,1,1,17,10,18,51,59,0,1,0,13,2,20,404,20404,14,2009,"2CNDL33F5962","2","C","N","D","L","3","3","F","5","9","6","2",0,0,0,"000000000","00000000000",0,0,0,1,0,0,0,0,0,0,0,998,0,1,3,3,6,2,1,0,0,1,1,13,31503,6,1,0,0,3,3,67,184,98,2,0,2,0,11,2013,12,2015,0,0,0,0,0,2,2,55,1,1,2,1,0,0,1,12,99,4,4,7,"777777777777","777777777777","777777777777",1,1