"STATE","ST_CASE","VEH_NO","VE_FORMS","NUMOCCS","DAY","MONTH","HOUR","MINUTE","HARM_EV","MAN_COLL","UNITTYPE","HIT_RUN","REG_STAT","OWNER","MAKE","MODEL","MAK_MOD","BODY_TYP","MOD_YEAR","VIN","VIN_1","VIN_2","VIN_3","VIN_4","VIN_5","VIN_6","VIN_7","VIN_8","VIN_9","VIN_10","VIN_11","VIN_12","TOW_VEH","J_KNIFE","MCARR_I1","MCARR_I2","MCARR_ID","GVWR","V_CONFIG","CARGO_BT","HAZ_INV","HAZ_PLAC","HAZ_ID","HAZ_CNO","HAZ_REL","BUS_USE","SPEC_USE","EMER_USE","TRAV_SP","UNDERIDE","ROLLOVER","ROLINLOC","IMPACT1","DEFORMED","TOWED","M_HARM","VEH_SC1","VEH_SC2","FIRE_EXP","DR_PRES","L_STATE","DR_ZIP","L_STATUS","L_TYPE","CDL_STAT","L_ENDORS","L_COMPL","L_RESTRI","DR_HGT","DR_WGT","PREV_ACC","PREV_SUS","PREV_DWI","PREV_SPD","PREV_OTH","FIRST_MO","FIRST_YR","LAST_MO","LAST_YR","SPEEDREL","DR_SF1","DR_SF2","DR_SF3","DR_SF4","VTRAFWAY","VNUM_LAN","VSPD_LIM","VALIGN","VPROFILE","VPAVETYP","VSURCOND","VTRAFCON","VTCONT_F","P_CRASH1","P_CRASH2","P_CRASH3","PCRASH4","PCRASH5","ACC_TYPE","TRLR1VIN","TRLR2VIN","TRLR3VIN","DEATHS","DR_DRINK"
13,131134,1,1,1,18,10,1,10,8,0,1,0,13,1,39,32,39032,4,1998,"SAJHX1247WC8","S","A","J","H","X","1","2","4","7","W","C","8",0,0,0,"000000000","00000000000",0,0,0,1,0,0,0,0,0,0,0,998,0,0,0,12,4,3,8,0,0,0,1,13,30175,6,1,0,0,3,0,68,220,98,0,0,0,0,0,0,0,0,0,0,0,0,0,2,2,55,1,2,2,1,0,0,1,80,99,1,1,13,"777777777777","777777777777","777777777777",0,0
13,131135,1,1,1,18,10,6,52,53,0,1,0,51,5,7,27,7027,6,2016,"3C4PDDBG1GT1","3","C","4","P","D","D","B","G","1","G","T","1",0,0,0,"000000000","00000000000",0,0,0,1,0,0,0,0,0,0,0,998,0,1,4,98,6,2,42,0,0,0,1,13,30331,0,0,0,0,0,0,999,999,98,0,0,0,0,0,0,0,0,3,0,0,0,0,1,2,25,1,3,2,1,0,0,1,12,99,9,4,6,"777777777777","777777777777","777777777777",1,0
13,131136,1,1,2,18,10,19,22,8,0,1,0,13,1,7,482,7482,31,2007,"1D7HA18297J6","1","D","7","H","A","1","8","2","9","7","J","6",0,0,0,"000000000","00000000000",0,0,0,1,0,0,0,0,0,0,0,998,0,0,0,12,6,2,8,0,0,0,1,13,30213,6,1,0,0,3,3,69,210,98,0,0,1,1,6,2014,6,2014,0,0,0,0,0,1,2,45,1,1,2,1,0,0,1,80,1,1,1,13,"777777777777","777777777777","777777777777",0,0
13,131137,1,2,2,18,10,14,44,12,6,1,0,13,2,49,472,49472,40,1996,"4TAVL52N6TZ1","4","T","A","V","L","5","2","N","6","T","Z","1",0,0,0,"000000000","00000000000",0,0,0,1,0,0,0,0,0,0,0,998,0,0,0,12,6,2,12,0,0,0,1,13,30680,6,1,0,0,3,0,68,205,98,0,0,0,1,4,2014,4,2014,0,36,0,0,0,1,2,45,1,3,2,1,20,3,11,15,99,1,1,84,"777777777777","777777777777","777777777777",0,0
13,131137,2,2,5,18,10,14,44,12,6,1,0,13,2,35,473,35473,31,2006,"1N6BA07B86N5","1","N","6","B","A","0","7","B","8","6","N","5",0,0,0,"000000000","00000000000",0,0,0,1,0,0,0,0,0,0,0,998,0,1,5,7,6,2,12,0,0,0,1,13,30525,6,1,0,0,3,0,71,190,98,4,0,3,8,1,2012,1,2016,0,0,0,0,0,2,2,55,1,5,2,1,0,0,1,62,99,1,1,84,"777777777777","777777777777","777777777777",2,1
13,131138,1,2,1,19,10,12,25,12,6,1,0,13,1,23,481,23481,31,1992,"1GTEC14K5NZ5","1","G","T","E","C","1","4","K","5","N","Z","5",0,0,0,"000000000","00000000000",0,0,0,1,0,0,0,0,0,0,0,998,0,0,0,12,6,2,12,0,0,0,1,13,31551,6,1,0,0,3,0,67,195,98,0,0,0,0,0,0,0,0,0,0,0,0,0,1,2,55,1,1,2,1,0,0,1,10,99,1,2,66,"777777777777","777777777777","777777777777",1,0
13,131138,2,2,1,19,10,12,25,12,6,1,0,45,3,82,881,82881,66,2003,"1FUJA6AS73LK","1","F","U","J","A","6","A","S","7","3","L","K",1,1,57,"710976","57710976",3,6,1,1,0,0,0,0,0,0,0,998,0,0,0,11,6,2,12,0,0,1,1,13,31545,6,1,6,9,3,0,75,220,98,0,0,0,0,0,0,0,0,0,84,0,0,0,1,2,55,1,1,2,1,0,0,1,62,9,1,1,66,"1B9PA40253FB","777777777777","777777777777",0,0
13,131139,1,1,1,19,10,7,16,8,0,1,0,13,2,20,421,20421,15,2002,"1GNDT13W52K1","1","G","N","D","T","1","3","W","5","2","K","1",0,0,0,"000000000","00000000000",0,0,0,1,0,0,0,0,0,0,0,998,0,0,0,12,6,2,8,0,0,0,1,13,30292,6,2,0,0,3,3,68,260,98,0,0,0,0,0,0,0,0,0,0,0,0,0,5,5,40,1,1,2,1,0,0,1,80,1,1,1,13,"777777777777","777777777777","777777777777",0,0
13,131140,1,1,1,19,10,7,44,42,0,1,0,13,2,7,27,7027,6,2009,"3D4GG57V59T5","3","D","4","G","G","5","7","V","5","9","T","5",0,0,0,"000000000","00000000000",0,0,0,1,0,0,0,0,0,0,0,998,0,0,0,11,6,2,42,0,0,0,1,13,30441,3,1,0,0,2,0,63,197,98,0,0,0,0,0,0,0,0,0,58,0,0,0,1,2,55,1,1,2,1,0,0,1,13,8,4,4,7,"777777777777","777777777777","777777777777",1,1
13,131141,1,2,1,19,10,15,38,12,6,1,0,13,1,54,36,54036,4,1998,"JH4KA9687WC0","J","H","4","K","A","9","6","8","7","W","C","0",0,0,0,"000000000","00000000000",0,0,0,1,0,0,0,0,0,0,0,998,0,0,0,10,6,2,12,0,0,0,1,13,30064,6,1,0,0,3,3,62,125,98,0,0,0,0,0,0,0,0,0,38,0,0,0,1,2,45,1,1,2,1,20,3,11,15,99,1,1,82,"777777777777","777777777777","777777777777",1,0
13,131141,2,2,1,19,10,15,38,12,6,1,0,13,3,84,884,84884,64,2014,"3HAMMAAL1EL7","3","H","A","M","M","A","A","L","1","E","L","7",0,0,57,"196835","57196835",2,1,1,1,0,0,0,0,0,0,0,998,0,0,0,12,6,2,12,0,0,0,1,13,30180,6,1,0,0,3,0,74,220,98,0,0,1,2,9,2012,8,2015,0,0,0,0,0,1,2,45,1,1,2,1,0,0,1,67,99,1,1,83,"777777777777","777777777777","777777777777",0,0
13,131142,1,1,1,19,10,22,40,34,0,1,0,13,2,73,705,73705,80,2011,"JKAEXEC1XBDA","J","K","A","E","X","E","C","1","X","B","D","A",0,0,0,"000000000","00000000000",0,0,0,1,0,0,0,0,0,0,0,998,0,0,0,12,6,2,1,0,0,0,1,13,31525,6,1,0,0,3,0,67,150,98,0,0,1,2,8,2013,1,2015,4,0,0,0,0,1,2,35,3,1,2,1,0,0,14,6,99,1,4,1,"777777777777","777777777777","777777777777",1,1
13,131143,1,2,1,19,10,22,1,12,8,1,0,13,2,20,20,20020,4,1995,"2G1WL52M4S11","2","G","1","W","L","5","2","M","4","S","1","1",0,0,0,"000000000","00000000000",0,0,0,1,0,0,0,0,0,0,0,998,0,0,0,11,6,2,12,0,0,0,1,13,30153,6,2,0,0,3,0,66,190,98,1,0,1,0,1,2016,5,2016,0,58,0,0,0,2,2,65,2,1,2,1,0,0,14,12,6,4,7,64,"777777777777","777777777777","777777777777",1,0
13,131143,2,2,1,19,10,22,1,12,8,1,0,13,1,35,472,35472,30,2010,"1N6AD0EV6AC4","1","N","6","A","D","0","E","V","6","A","C","4",0,0,0,"000000000","00000000000",0,0,0,1,0,0,0,0,0,0,0,998,0,0,0,11,6,2,12,0,0,0,1,13,30125,6,1,0,0,3,0,68,220,98,0,0,0,0,0,0,0,0,0,0,0,0,0,2,2,65,1,1,2,1,0,0,1,62,99,1,1,65,"777777777777","777777777777","777777777777",0,0
13,131144,1,1,1,19,10,19,35,42,0,1,0,13,1,24,2,24002,17,1996,"1G8ZH5281TZ1","1","G","8","Z","H","5","2","8","1","T","Z","1",0,0,0,"000000000","00000000000",0,0,0,1,0,0,0,0,0,0,0,998,0,0,0,12,6,2,42,0,0,0,1,13,30901,6,1,0,0,3,0,67,180,98,0,0,0,0,0,0,0,0,0,39,0,0,0,6,2,45,1,2,2,1,20,3,1,14,99,1,4,14,"777777777777","777777777777","777777777777",1,0
13,131145,1,1,1,19,10,13,30,1,0,1,0,0,0,99,703,99703,89,9999,"000000000000","0","0","0","0","0","0","0","0","0","0","0","0",0,0,0,"000000000","00000000000",0,0,0,1,0,0,0,0,0,0,0,998,0,0,0,0,2,5,34,35,0,0,1,13,30428,0,0,0,0,0,0,999,999,98,0,0,0,0,0,0,0,0,0,0,0,0,0,1,2,35,1,1,2,1,0,0,17,98,99,1,1,98,"777777777777","777777777777","777777777777",1,0
13,131147,1,2,1,20,10,12,33,12,6,1,0,13,2,20,481,20481,31,1999,"1GCEC14W2XZ1","1","G","C","E","C","1","4","W","2","X","Z","1",0,0,0,"000000000","00000000000",0,0,0,1,0,0,0,0,0,0,0,998,0,0,0,1,6,2,12,0,0,0,1,13,31027,6,1,0,0,3,3,67,160,98,0,0,0,0,0,0,0,0,0,38,0,0,0,1,2,45,1,1,2,1,20,3,1,17,99,1,1,87,"777777777777","777777777777","777777777777",1,0
13,131147,2,2,1,20,10,12,33,12,6,1,0,13,2,23,481,23481,31,1991,"1GTDC14H7MZ5","1","G","T","D","C","1","4","H","7","M","Z","5",0,0,0,"000000000","00000000000",0,0,0,1,0,0,0,0,0,0,0,998,0,0,0,12,6,2,12,0,0,0,1,13,31021,6,2,0,0,3,0,69,130,98,0,0,0,0,0,0,0,0,0,0,0,0,0,1,2,55,3,6,2,1,0,0,14,66,99,1,1,86,"777777777777","777777777777","777777777777",0,0
13,131148,1,2,1,20,10,7,48,12,2,1,0,13,1,30,42,30042,1,2001,"3VWCC21V51M8","3","V","W","C","C","2","1","V","5","1","M","8",0,0,0,"000000000","00000000000",0,0,0,1,0,0,0,0,0,0,0,998,0,0,0,12,6,2,12,0,0,0,1,13,30427,6,1,0,0,3,0,67,120,98,0,0,0,0,0,0,0,0,0,0,0,0,0,1,2,55,1,1,2,1,0,0,1,10,99,1,2,50,"777777777777","777777777777","777777777777",1,0
13,131148,2,2,1,20,10,7,48,12,2,1,0,93,1,84,884,84884,66,1999,"2HSFTASR4XC0","2","H","S","F","T","A","S","R","4","X","C","0",1,1,57,"0099626","570099626",3,6,1,1,0,0,0,0,0,0,0,998,0,0,0,12,6,2,12,0,0,0,1,13,31539,6,1,6,0,3,1,75,240,98,0,0,0,0,0,0,0,0,0,0,0,0,0,1,2,55,1,1,2,1,0,0,1,62,99,1,1,51,"3H3C412S9RT0","777777777777","777777777777",0,0
13,131149,1,1,1,20,10,9,17,8,0,1,0,37,2,6,18,6018,4,2012,"999999999999","9","9","9","9","9","9","9","9","9","9","9","9",0,0,0,"000000000","00000000000",0,0,0,1,0,0,0,0,0,0,0,998,0,0,0,12,2,3,8,0,0,0,1,37,27041,6,1,0,0,3,0,69,999,1,0,0,0,2,7,2012,5,2015,0,0,0,0,0,1,2,35,1,1,2,1,0,0,1,80,99,1,1,13,"777777777777","777777777777","777777777777",0,0
13,131150,1,2,1,20,10,13,46,12,6,1,0,13,1,37,402,37402,14,2011,"5J6RE3H34BL0","5","J","6","R","E","3","H","3","4","B","L","0",0,0,0,"000000000","00000000000",0,0,0,1,0,0,0,0,0,0,0,998,0,0,0,10,6,2,12,0,0,0,1,13,30571,6,1,0,0,3,0,67,250,98,0,0,0,0,0,0,0,0,0,38,0,0,0,1,2,45,1,1,2,1,0,0,11,15,99,1,1,82,"777777777777","777777777777","777777777777",1,0
13,131150,2,2,1,20,10,13,46,12,6,1,0,13,2,87,884,87884,66,1997,"1XPGDU9X5VN4","1","X","P","G","D","U","9","X","5","V","N","4",1,1,57,"944698","57944698",3,6,1,1,0,0,0,0,0,0,0,998,0,0,0,12,6,2,12,0,0,0,1,13,30512,6,1,6,0,3,0,74,165,98,0,0,0,0,0,0,0,0,0,0,0,0,0,5,3,45,3,5,2,1,0,0,14,67,8,1,1,83,"NMC225EKXD37","777777777777","777777777777",0,0
13,131151,1,2,1,21,10,14,12,12,6,1,0,13,2,53,705,53705,80,2005,"JS1GN7CA7521","J","S","1","G","N","7","C","A","7","5","2","1",0,0,0,"000000000","00000000000",0,0,0,1,0,0,0,0,0,0,0,998,0,0,0,12,6,2,12,0,0,0,1,13,30157,6,1,0,0,3,0,70,220,98,0,0,0,0,0,0,0,0,4,0,0,0,0,1,3,45,1,1,2,1,3,3,1,62,16,1,1,69,"777777777777","777777777777","777777777777",1,0
13,131151,2,2,1,21,10,14,12,12,6,1,0,13,1,35,39,35039,4,2009,"1N4AA51E79C8","1","N","4","A","A","5","1","E","7","9","C","8",0,0,0,"000000000","00000000000",0,0,0,1,0,0,0,0,0,0,0,998,0,0,0,3,4,3,12,0,0,0,1,13,30080,6,1,0,0,3,3,70,185,98,0,0,0,0,0,0,0,0,0,0,0,0,0,1,3,45,1,1,2,1,3,3,11,15,99,1,1,68,"777777777777","777777777777","777777777777",0,0
13,131152,1,2,1,21,10,7,30,12,2,1,0,13,2,20,37,20037,4,2011,"1G1ZE5E74BF2","1","G","1","Z","E","5","E","7","4","B","F","2",0,0,0,"000000000","00000000000",0,0,0,1,0,0,0,0,0,0,0,998,0,0,0,12,6,2,12,0,0,0,1,13,30349,0,0,0,0,0,0,72,240,98,0,0,0,0,0,0,0,0,0,51,0,0,0,1,2,45,1,2,2,1,0,0,1,54,99,1,1,52,"777777777777","777777777777","777777777777",1,0
13,131152,2,2,9,21,10,7,30,12,2,1,0,93,3,98,907,98907,52,2003,"1VHFH3A25367","1","V","H","F","H","3","A","2","5","3","6","7",0,0,88,"888888888","88888888888",3,21,22,1,0,0,0,0,6,3,0,998,0,0,0,12,6,2,12,0,0,0,1,13,30035,6,1,6,1,3,0,66,178,98,0,0,0,0,0,0,0,0,0,0,0,0,0,1,2,45,1,2,2,1,0,0,1,54,98,1,1,52,"777777777777","777777777777","777777777777",0,0
13,131153,1,2,2,21,10,9,30,12,2,1,0,13,1,49,32,49032,4,2010,"1NXBU4EE7AZ2","1","N","X","B","U","4","E","E","7","A","Z","2",0,0,0,"000000000","00000000000",0,0,0,1,0,0,0,0,0,0,0,998,0,0,0,12,6,2,12,0,0,0,1,13,30741,6,1,0,0,3,0,66,142,98,0,0,0,0,0,0,0,0,0,0,0,0,0,5,5,55,1,5,2,1,0,0,1,10,1,1,2,50,"777777777777","777777777777","777777777777",1,1
13,131153,2,2,1,21,10,9,30,12,2,1,0,13,2,20,481,20481,31,2012,"1GC0CVCG4CF1","1","G","C","0","C","V","C","G","4","C","F","1",0,0,0,"000000000","00000000000",0,0,0,1,0,0,0,0,0,0,0,998,0,0,0,12,6,2,12,0,0,0,1,13,30540,6,1,0,0,3,3,70,200,98,0,0,0,1,9,2013,9,2013,0,0,0,0,0,5,5,55,1,6,2,1,0,0,1,62,99,1,1,51,"777777777777","777777777777","777777777777",0,0
13,131154,1,1,2,22,10,15,22,1,0,1,0,1,2,12,401,12401,14,2000,"1FMYU60X1YUA","1","F","M","Y","U","6","0","X","1","Y","U","A",0,0,0,"000000000","00000000000",0,0,0,1,0,0,0,0,0,0,0,998,0,9,1,0,6,2,42,0,0,0,1,1,35978,6,1,0,0,3,0,74,175,0,0,0,0,0,0,0,0,0,0,58,0,0,0,1,2,55,2,1,2,1,0,0,14,13,6,4,6,98,"777777777777","777777777777","777777777777",1,0
13,131155,1,1,1,22,10,11,36,9,0,1,1,13,1,20,481,20481,31,2006,"3GCEC14V56G1","3","G","C","E","C","1","4","V","5","6","G","1",0,0,0,"000000000","00000000000",0,0,0,1,0,0,0,0,0,0,0,998,0,0,0,12,6,2,9,0,0,0,1,13,31326,6,1,0,0,3,0,62,140,98,0,0,0,0,0,0,0,0,0,27,0,0,0,1,2,55,3,1,2,1,0,0,14,83,1,1,2,13,"777777777777","777777777777","777777777777",0,0
13,131156,1,1,1,22,10,3,45,8,0,1,1,13,4,55,33,55033,4,2016,"5NPE24AFXGH3","5","N","P","E","2","4","A","F","X","G","H","3",0,0,0,"000000000","00000000000",0,0,0,1,0,0,0,0,0,0,0,998,0,0,0,12,6,2,8,0,0,0,1,13,30058,6,1,0,0,3,0,70,180,98,0,1,1,1,1,2015,10,2016,0,0,0,0,0,2,2,55,1,2,2,1,0,0,1,80,99,1,1,13,"777777777777","777777777777","777777777777",0,1
13,131157,1,1,1,22,10,10,55,42,0,1,0,13,1,53,706,53706,80,2006,"JS1GW71A3621","J","S","1","G","W","7","1","A","3","6","2","1",0,0,0,"000000000","00000000000",0,0,0,1,0,0,0,0,0,0,0,998,0,0,0,98,2,3,42,0,0,0,1,13,30043,6,1,6,0,3,2,74,250,98,0,0,0,0,0,0,0,0,4,35,74,0,0,1,2,40,3,2,2,1,0,0,14,13,99,1,4,1,"777777777777","777777777777","777777777777",1,0
13,131158,1,1,1,22,10,20,4,8,0,1,0,13,1,20,471,20471,30,1997,"1GCCS19X8V81","1","G","C","C","S","1","9","X","8","V","8","1",0,0,0,"000000000","00000000000",0,0,0,1,0,0,0,0,0,0,0,998,0,0,0,12,6,2,8,0,0,0,1,13,31044,6,1,6,0,3,1,67,172,98,0,0,0,0,0,0,0,0,0,0,0,0,0,1,2,55,1,4,2,1,0,0,1,80,1,1,1,13,"777777777777","777777777777","777777777777",0,0
13,131159,1,1,2,22,10,23,43,18,0,1,0,13,2,20,37,20037,4,2006,"1G1ZT53816F1","1","G","1","Z","T","5","3","8","1","6","F","1",0,0,0,"000000000","00000000000",0,0,0,1,0,0,0,0,0,0,0,998,0,1,5,1,6,2,1,0,0,0,1,13,31204,6,2,0,0,3,0,69,175,98,0,0,0,0,0,0,0,0,3,51,0,0,0,1,2,55,3,1,2,1,28,3,14,13,6,4,4,2,"777777777777","777777777777","777777777777",1,0
13,131160,1,1,1,23,10,0,48,42,0,1,0,13,2,14,21,14021,4,2007,"3MEHM07Z07R6","3","M","E","H","M","0","7","Z","0","7","R","6",0,0,0,"000000000","00000000000",0,0,0,1,0,0,0,0,0,0,0,998,0,0,0,12,6,2,42,0,0,0,1,13,30510,6,7,0,0,3,0,70,175,98,0,0,0,0,0,0,0,0,0,36,58,0,0,1,2,55,3,1,2,1,0,0,14,13,6,1,4,6,"777777777777","777777777777","777777777777",1,1
13,131161,1,2,2,23,10,16,3,12,2,1,0,13,1,63,34,63034,4,2011,"KNAGM4A73B51","K","N","A","G","M","4","A","7","3","B","5","1",0,0,0,"000000000","00000000000",0,0,0,1,0,0,0,0,0,0,0,998,0,0,0,12,6,2,12,0,0,0,1,13,30558,6,1,0,0,3,0,65,140,98,0,0,0,0,0,0,0,0,0,0,0,0,0,1,2,55,1,1,2,1,28,3,1,10,99,1,2,50,"777777777777","777777777777","777777777777",2,0
13,131161,2,2,4,23,10,16,3,12,2,1,0,13,3,7,482,7482,31,2015,"1C6RR7MTXFS5","1","C","6","R","R","7","M","T","X","F","S","5",0,0,0,"000000000","00000000000",0,0,0,1,0,0,0,0,0,0,0,998,0,0,0,12,6,2,12,0,0,0,1,13,30567,6,1,0,0,3,0,67,195,98,1,0,2,0,5,2012,6,2012,0,0,0,0,0,1,2,55,1,1,2,2,28,3,1,62,99,1,1,51,"777777777777","777777777777","777777777777",0,0
13,131162,1,2,1,24,10,10,30,12,6,1,0,13,1,20,481,20481,31,1998,"1GCEC14W2WZ1","1","G","C","E","C","1","4","W","2","W","Z","1",0,0,0,"000000000","00000000000",0,0,0,1,0,0,0,0,0,0,0,998,0,0,0,4,6,2,12,0,0,0,1,13,31061,6,1,0,0,3,1,73,260,98,0,0,0,0,0,0,0,0,0,38,0,0,0,1,2,55,1,6,2,1,20,3,1,17,99,1,1,87,"777777777777","777777777777","777777777777",1,0
13,131162,2,2,1,24,10,10,30,12,6,1,0,93,3,51,881,51881,66,2013,"4V4KC9EG3DN1","4","V","4","K","C","9","E","G","3","D","N","1",1,1,57,"092818","57092818",3,6,1,1,0,0,0,0,0,0,0,998,0,0,0,12,6,2,12,0,0,0,1,13,31096,6,1,6,9,3,0,64,180,98,0,0,0,0,0,0,0,0,0,0,0,0,0,1,2,55,1,6,2,1,28,3,1,66,99,1,1,86,"5MADS2421EC0","777777777777","777777777777",0,0
13,131163,1,3,1,24,10,12,12,12,1,1,0,45,1,34,34,34034,4,2004,"WBAEV33404KW","W","B","A","E","V","3","3","4","0","4","K","W",0,0,0,"000000000","00000000000",0,0,0,1,0,0,0,0,0,0,0,998,0,0,0,12,6,2,12,0,0,0,1,45,29910,6,1,0,0,3,0,72,200,3,1,0,1,0,2,2015,8,2016,3,0,0,0,0,3,2,55,1,2,2,1,0,0,1,50,1,1,1,20,"777777777777","777777777777","777777777777",1,0
13,131163,2,3,1,24,10,12,12,12,1,1,0,45,2,84,884,84884,66,2007,"2HSCESBR47C3","2","H","S","C","E","S","B","R","4","7","C","3",0,0,57,"2637068","572637068",3,5,96,1,0,0,0,0,0,0,0,0,0,0,0,6,2,3,12,0,0,0,1,45,29827,6,1,6,0,3,0,71,265,0,3,0,2,0,10,2012,10,2014,0,54,0,0,0,3,2,55,1,2,2,1,0,0,5,53,1,1,1,21,"777777777777","777777777777","777777777777",0,0
13,131163,3,3,1,24,10,12,12,12,1,1,0,45,2,84,884,84884,66,2007,"2HSCEAPR47C3","2","H","S","C","E","A","P","R","4","7","C","3",0,0,57,"2637068","572637068",3,5,96,1,0,0,0,0,0,0,0,0,0,0,0,6,2,3,12,0,0,0,1,45,29911,1,1,1,0,2,0,71,230,0,7,0,0,0,4,2014,10,2016,0,54,0,0,0,3,2,55,1,2,2,1,0,0,5,53,1,1,1,98,"777777777777","777777777777","777777777777",0,0
13,131164,1,1,1,24,10,20,35,59,0,1,0,13,1,12,3,12003,1,1999,"1FAFP45X8XF1","1","F","A","F","P","4","5","X","8","X","F","1",0,0,0,"000000000","00000000000",0,0,0,1,0,0,0,0,0,0,0,998,0,0,0,12,6,2,42,0,0,0,1,13,31075,1,1,0,0,2,0,68,150,98,0,0,0,0,0,0,0,0,0,39,0,0,0,1,2,55,1,1,2,1,20,3,1,14,99,1,4,14,"777777777777","777777777777","777777777777",1,0
13,131165,1,3,1,24,10,16,32,12,2,1,0,13,1,21,20,21020,4,1999,"1G3NB52M5X63","1","G","3","N","B","5","2","M","5","X","6","3",0,0,0,"000000000","00000000000",0,0,0,1,0,0,0,0,0,0,0,998,0,0,0,12,6,2,12,0,0,0,1,13,30755,6,1,0,0,3,3,69,130,98,0,0,0,0,0,0,0,0,4,58,0,0,0,1,2,40,3,5,2,1,28,3,14,10,99,1,2,50,"777777777777","777777777777","777777777777",0,0
13,131165,2,3,2,24,10,16,32,12,2,1,0,13,1,13,1,13001,4,2002,"1LNHM82WX2Y6","1","L","N","H","M","8","2","W","X","2","Y","6",0,0,0,"000000000","00000000000",0,0,0,1,0,0,0,0,0,0,0,998,0,0,0,12,6,2,12,0,0,0,1,13,30710,6,1,0,0,3,0,61,143,98,0,0,0,0,0,0,0,0,0,0,0,0,0,1,2,40,2,6,2,1,28,3,14,62,99,1,1,51,"777777777777","777777777777","777777777777",1,0
13,131165,3,3,1,24,10,16,32,12,2,1,0,13,1,37,421,37421,15,2011,"5FNYF3H55BB0","5","F","N","Y","F","3","H","5","5","B","B","0",0,0,0,"000000000","00000000000",0,0,0,1,0,0,0,0,0,0,0,998,0,0,0,12,2,5,12,0,0,0,1,13,30736,6,1,0,0,3,0,72,180,98,0,0,0,0,0,0,0,0,0,0,0,0,0,1,2,40,2,6,2,1,0,0,14,78,1,1,1,98,"777777777777","777777777777","777777777777",0,0
13,131166,1,1,1,25,10,17,45,30,0,1,0,0,0,76,739,76739,90,2010,"000000000000","0","0","0","0","0","0","0","0","0","0","0","0",0,0,0,"000000000","00000000000",0,0,0,1,0,0,0,0,0,0,0,998,0,0,0,12,2,5,30,0,0,0,1,13,31305,1,1,0,0,1,0,64,150,98,0,0,0,1,11,2012,11,2012,0,0,0,0,0,1,2,35,1,1,2,1,0,0,1,12,99,1,4,6,"777777777777","777777777777","777777777777",1,1
13,131167,1,2,1,25,10,12,42,18,0,1,0,13,3,49,53,49053,5,2009,"4T3ZE11A89U0","4","T","3","Z","E","1","1","A","8","9","U","0",0,0,0,"000000000","00000000000",0,0,0,1,0,0,0,0,0,0,0,998,0,0,0,12,6,2,12,0,0,0,1,13,31707,6,1,0,0,3,0,74,200,98,1,0,3,1,10,2012,11,2015,0,0,0,0,0,3,3,70,1,2,1,1,0,0,1,90,99,1,1,15,"777777777777","777777777777","777777777777",0,0
13,131167,2,2,3,25,10,12,42,18,0,1,0,13,1,7,482,7482,31,1996,"1B7HC16Y1TS6","1","B","7","H","C","1","6","Y","1","T","S","6",0,0,0,"000000000","00000000000",0,0,0,1,0,0,0,0,0,0,0,998,0,0,0,6,6,2,12,0,0,0,1,13,31803,6,1,0,0,3,0,76,210,98,0,0,0,0,0,0,0,0,0,0,0,0,0,3,3,70,1,2,1,1,0,0,1,60,99,1,2,98,"777777777777","777777777777","777777777777",1,0
13,131168,1,2,1,26,10,14,22,12,2,1,0,13,1,73,705,73705,80,2015,"JKAENEA10FDA","J","K","A","E","N","E","A","1","0","F","D","A",0,0,0,"000000000","00000000000",0,0,0,1,0,0,0,0,0,0,0,998,0,0,0,12,6,2,12,0,0,0,1,13,30044,6,1,0,0,3,3,68,170,98,0,0,0,0,0,0,0,0,4,35,0,0,0,5,5,45,1,1,2,1,0,0,6,10,16,1,2,50,"777777777777","777777777777","777777777777",1,1
13,131168,2,2,1,26,10,14,22,12,2,1,0,13,1,12,402,12402,14,2008,"1FMCU03178KA","1","F","M","C","U","0","3","1","7","8","K","A",0,0,0,"000000000","00000000000",0,0,0,1,0,0,0,0,0,0,0,0,0,0,0,12,6,2,12,0,0,0,1,13,30044,6,1,0,0,3,0,62,195,98,0,0,0,0,0,0,0,0,0,0,0,0,0,5,5,45,1,1,2,1,0,0,5,62,99,1,1,51,"777777777777","777777777777","777777777777",0,0
13,131169,1,1,1,27,10,17,53,9,0,1,0,13,1,20,481,20481,31,2001,"2GCEK19V6113","2","G","C","E","K","1","9","V","6","1","1","3",0,0,0,"000000000","00000000000",0,0,0,1,0,0,0,0,0,0,0,998,0,0,0,3,2,3,9,0,0,0,1,13,31308,6,1,0,0,3,3,68,220,98,2,0,1,3,4,2014,12,2015,0,0,0,0,0,1,2,45,1,1,2,1,0,0,1,83,1,1,1,13,"777777777777","777777777777","777777777777",0,0
13,131170,1,1,1,27,10,12,22,1,0,1,0,13,2,23,421,23421,15,2007,"1GKFC16J67J2","1","G","K","F","C","1","6","J","6","7","J","2",0,0,0,"000000000","00000000000",0,0,0,1,0,0,0,0,0,0,0,998,0,9,5,0,6,2,1,0,0,0,1,13,31634,6,1,0,0,3,0,66,245,98,0,0,0,0,0,0,0,0,0,58,0,0,0,1,2,55,1,1,2,1,0,0,1,13,6,1,4,1,"777777777777","777777777777","777777777777",1,0