"STATE","ST_CASE","VEH_NO","VE_FORMS","NUMOCCS","DAY","MONTH","HOUR","MINUTE","HARM_EV","MAN_COLL","UNITTYPE","HIT_RUN","REG_STAT","OWNER","MAKE","MODEL","MAK_MOD","BODY_TYP","MOD_YEAR","VIN","VIN_1","VIN_2","VIN_3","VIN_4","VIN_5","VIN_6","VIN_7","VIN_8","VIN_9","VIN_10","VIN_11","VIN_12","TOW_VEH","J_KNIFE","MCARR_I1","MCARR_I2","MCARR_ID","GVWR","V_CONFIG","CARGO_BT","HAZ_INV","HAZ_PLAC","HAZ_ID","HAZ_CNO","HAZ_REL","BUS_USE","SPEC_USE","EMER_USE","TRAV_SP","UNDERIDE","ROLLOVER","ROLINLOC","IMPACT1","DEFORMED","TOWED","M_HARM","VEH_SC1","VEH_SC2","FIRE_EXP","DR_PRES","L_STATE","DR_ZIP","L_STATUS","L_TYPE","CDL_STAT","L_ENDORS","L_COMPL","L_RESTRI","DR_HGT","DR_WGT","PREV_ACC","PREV_SUS","PREV_DWI","PREV_SPD","PREV_OTH","FIRST_MO","FIRST_YR","LAST_MO","LAST_YR","SPEEDREL","DR_SF1","DR_SF2","DR_SF3","DR_SF4","VTRAFWAY","VNUM_LAN","VSPD_LIM","VALIGN","VPROFILE","VPAVETYP","VSURCOND","VTRAFCON","VTCONT_F","P_CRASH1","P_CRASH2","P_CRASH3","PCRASH4","PCRASH5","ACC_TYPE","TRLR1VIN","TRLR2VIN","TRLR3VIN","DEATHS","DR_DRINK"
13,131171,1,2,2,27,10,22,30,12,6,1,0,13,1,12,481,12481,31,2012,"1FT7W2BT9CEA","1","F","T","7","W","2","B","T","9","C","E","A",0,0,0,"000000000","00000000000",0,0,0,1,0,0,0,0,0,0,0,998,0,0,0,3,2,5,12,0,0,0,1,13,30102,6,1,0,0,3,0,72,220,98,0,0,0,2,7,2012,8,2012,0,38,0,0,0,1,2,45,1,2,2,1,0,0,11,15,99,1,1,68,"777777777777","777777777777","777777777777",0,0
13,131171,2,2,1,27,10,22,30,12,6,1,0,13,2,37,706,37706,80,1998,"JH2SC3607WM0","J","H","2","S","C","3","6","0","7","W","M","0",0,0,0,"000000000","00000000000",0,0,0,1,0,0,0,0,0,0,0,998,0,0,0,12,4,3,12,0,0,0,1,13,30157,6,1,0,0,2,0,72,270,98,0,0,0,1,2,2012,2,2012,0,0,0,0,0,1,2,45,1,2,2,1,0,0,1,62,16,1,1,69,"777777777777","777777777777","777777777777",1,0
13,131172,1,2,1,27,10,4,3,12,1,1,0,13,2,34,34,34034,2,2002,"WBSBL93482JR","W","B","S","B","L","9","3","4","8","2","J","R",0,0,0,"000000000","00000000000",0,0,0,1,0,0,0,0,0,0,0,998,0,1,1,12,6,2,12,0,0,0,1,13,30066,6,1,0,0,3,0,73,235,98,4,2,0,1,12,2011,9,2012,3,27,0,0,0,3,5,55,1,2,2,1,0,0,15,51,1,1,1,24,"777777777777","777777777777","777777777777",1,1
13,131172,2,2,1,27,10,4,3,12,1,1,0,13,1,58,37,58037,4,2003,"JNKCV51E23M3","J","N","K","C","V","5","1","E","2","3","M","3",0,0,0,"000000000","00000000000",0,0,0,1,0,0,0,0,0,0,0,998,0,0,0,6,6,2,12,0,0,0,1,13,30080,6,1,0,0,3,0,72,215,98,0,0,0,0,0,0,0,0,0,0,0,0,0,3,5,55,1,2,2,1,0,0,1,53,99,1,1,25,"777777777777","777777777777","777777777777",0,0
13,131173,1,1,1,27,10,6,0,1,0,1,0,13,1,20,473,20473,30,2007,"1GCCS1997781","1","G","C","C","S","1","9","9","7","7","8","1",0,0,0,"000000000","00000000000",0,0,0,1,0,0,0,0,0,0,0,998,0,9,5,0,6,2,1,32,0,0,1,13,31027,6,1,6,0,3,3,70,384,98,0,0,0,1,12,2014,12,2014,0,0,0,0,0,1,2,55,3,6,2,1,0,0,14,12,99,4,4,7,"777777777777","777777777777","777777777777",1,0
13,131174,1,1,5,27,10,19,55,8,0,1,0,13,2,12,422,12422,15,2001,"1FMPU16L01LB","1","F","M","P","U","1","6","L","0","1","L","B",0,0,0,"000000000","00000000000",0,0,0,1,0,0,0,0,0,0,0,998,0,0,0,12,4,5,8,0,0,0,1,13,30528,6,1,0,0,3,3,69,198,98,0,0,1,0,1,2015,1,2015,0,0,0,0,0,2,2,55,1,1,2,1,28,3,1,80,1,1,1,13,"777777777777","777777777777","777777777777",0,0
13,131175,1,1,1,28,10,8,15,35,0,1,0,13,1,55,35,55035,4,2010,"KMHDU4AD9AU2","K","M","H","D","U","4","A","D","9","A","U","2",0,0,0,"000000000","00000000000",0,0,0,1,0,0,0,0,0,0,0,998,0,1,5,6,6,2,42,0,0,0,1,13,31768,6,1,0,0,3,0,74,245,98,0,0,0,0,0,0,0,0,0,58,0,0,0,1,2,55,1,1,2,1,0,0,1,13,6,3,4,2,"777777777777","777777777777","777777777777",1,0
13,131176,1,4,1,28,10,20,44,1,0,1,0,13,1,53,705,53705,80,2006,"JS1GN7DA5621","J","S","1","G","N","7","D","A","5","6","2","1",0,0,0,"000000000","00000000000",0,0,0,1,0,0,0,0,0,0,0,998,0,0,0,0,6,2,12,0,0,0,1,13,30117,6,1,0,0,3,0,71,163,98,0,0,0,0,0,0,0,0,3,36,0,0,0,3,3,70,1,6,2,1,0,0,6,98,16,1,2,98,"777777777777","777777777777","777777777777",1,0
13,131176,2,4,1,28,10,20,44,1,0,1,0,13,3,82,881,82881,66,2005,"1FUJA6CK05PN","1","F","U","J","A","6","C","K","0","5","P","N",1,1,57,"1836511","571836511",3,6,1,1,0,0,0,0,0,0,0,998,0,0,0,14,4,5,12,0,0,0,1,13,30135,6,1,6,9,3,0,62,260,98,0,0,0,1,9,2013,9,2013,0,0,0,0,0,3,3,70,1,6,2,1,0,0,1,50,99,1,1,98,"1UYVS25367M2","777777777777","777777777777",0,0
13,131176,3,4,2,28,10,20,44,1,0,1,0,1,2,55,401,55401,14,2013,"5XYZU3LB8DG1","5","X","Y","Z","U","3","L","B","8","D","G","1",0,0,0,"000000000","00000000000",0,0,0,1,0,0,0,0,0,0,0,998,0,0,0,14,4,5,18,0,0,0,1,1,35501,6,1,0,0,3,0,67,111,1,0,0,0,0,3,2013,3,2013,0,0,0,0,0,3,3,70,1,6,2,1,0,0,1,90,99,1,1,98,"777777777777","777777777777","777777777777",0,0
13,131176,4,4,1,28,10,20,44,1,0,1,0,13,1,49,40,49040,4,2015,"4T1BF1FK2FU9","4","T","1","B","F","1","F","K","2","F","U","9",0,0,0,"000000000","00000000000",0,0,0,1,0,0,0,0,0,0,0,998,0,0,0,14,4,5,18,0,0,0,1,13,30122,6,1,0,0,3,0,63,160,98,0,0,0,0,0,0,0,0,0,0,0,0,0,3,3,70,1,6,2,1,0,0,1,90,99,1,1,98,"777777777777","777777777777","777777777777",0,0
13,131177,1,1,1,28,10,20,6,8,0,1,0,13,1,20,421,20421,15,1995,"1GNCS13W9S22","1","G","N","C","S","1","3","W","9","S","2","2",0,0,0,"000000000","00000000000",0,0,0,1,0,0,0,0,0,0,0,998,0,0,0,12,6,2,8,0,0,0,1,13,30276,6,1,0,0,3,0,66,189,98,0,0,0,1,6,2014,6,2014,0,0,0,0,0,1,2,45,1,5,2,1,28,3,1,80,1,1,1,13,"777777777777","777777777777","777777777777",0,0
13,131178,1,2,1,28,10,15,42,12,6,1,0,13,3,86,884,86884,63,2007,"1M1AP01X27N0","1","M","1","A","P","0","1","X","2","7","N","0",0,0,57,"02834795","5702834795",3,2,4,1,0,0,0,0,0,0,0,998,0,0,0,12,4,3,12,0,0,0,1,13,30067,6,1,6,9,3,0,72,230,98,0,0,0,0,0,0,0,0,0,39,0,0,0,2,4,55,1,2,2,1,3,3,1,17,99,1,1,83,"777777777777","777777777777","777777777777",0,0
13,131178,2,2,2,28,10,15,42,12,6,1,0,13,2,35,39,35039,4,2009,"1N4AA51E89C8","1","N","4","A","A","5","1","E","8","9","C","8",0,0,0,"000000000","00000000000",0,0,0,1,0,0,0,0,0,0,0,998,0,0,0,9,6,2,12,0,0,0,1,13,30117,6,1,0,0,3,0,63,110,98,0,0,0,0,0,0,0,0,0,0,0,0,0,2,2,55,1,2,2,1,3,3,11,66,99,1,1,82,"777777777777","777777777777","777777777777",2,0
13,131179,1,1,1,28,10,14,11,1,0,1,0,13,2,12,481,12481,31,2001,"1FTZX17251NB","1","F","T","Z","X","1","7","2","5","1","N","B",0,0,0,"000000000","00000000000",0,0,0,1,0,0,0,0,0,0,0,998,0,9,5,0,6,2,1,0,0,0,1,13,30563,6,1,0,0,3,1,76,195,98,0,0,0,0,0,0,0,0,0,0,0,0,0,1,2,55,3,6,2,1,28,3,14,13,99,1,4,1,"777777777777","777777777777","777777777777",1,0
13,131180,1,1,1,29,10,22,0,14,0,1,0,0,0,76,739,76739,90,9999,"000000000000","0","0","0","0","0","0","0","0","0","0","0","0",0,0,0,"000000000","00000000000",0,0,0,1,0,0,0,0,0,0,0,998,0,1,1,12,6,2,14,0,0,0,1,13,30066,6,1,0,0,3,0,61,110,98,0,0,0,1,3,2012,3,2012,0,51,0,0,0,1,2,20,1,6,2,1,0,0,1,50,99,1,1,98,"777777777777","777777777777","777777777777",1,1
13,131181,1,1,2,29,10,5,9,8,0,1,0,13,1,41,51,41051,4,2006,"JM1BK32F2614","J","M","1","B","K","3","2","F","2","6","1","4",0,0,0,"000000000","00000000000",0,0,0,1,0,0,0,0,0,0,0,998,0,1,5,12,6,2,8,0,0,0,1,13,30736,6,1,0,0,3,0,66,132,98,1,0,1,3,12,2011,8,2012,0,91,0,0,0,3,3,70,1,6,2,1,28,3,1,80,99,1,4,13,"777777777777","777777777777","777777777777",0,1
13,131182,1,1,1,29,10,9,8,42,0,1,0,13,2,23,481,23481,31,2009,"3GTEC23009G2","3","G","T","E","C","2","3","0","0","9","G","2",0,0,0,"000000000","00000000000",0,0,0,1,0,0,0,0,0,0,0,998,0,0,0,11,6,2,42,0,0,0,1,13,30401,6,1,0,0,3,0,70,185,98,0,0,0,1,8,2015,8,2015,0,0,0,0,0,1,2,55,3,6,2,1,0,0,14,12,99,1,4,6,"777777777777","777777777777","777777777777",1,1
13,131183,1,1,1,29,10,1,20,1,0,1,0,13,1,49,472,49472,30,2016,"3TMAZ5CN3GM0","3","T","M","A","Z","5","C","N","3","G","M","0",0,0,0,"000000000","00000000000",0,0,0,1,0,0,0,0,0,0,0,998,0,9,5,0,6,2,1,0,0,0,1,13,30814,6,1,0,0,3,0,70,198,98,0,0,0,0,0,0,0,0,4,0,0,0,0,1,2,45,3,1,2,1,28,3,14,6,99,4,4,7,"777777777777","777777777777","777777777777",1,0
13,131184,1,2,1,29,10,6,45,12,6,1,0,13,1,37,705,37705,80,2006,"JH2PC37006M3","J","H","2","P","C","3","7","0","0","6","M","3",0,0,0,"000000000","00000000000",0,0,0,1,0,0,0,0,0,0,0,998,0,0,0,12,6,2,12,0,0,0,1,13,30019,6,1,0,0,3,0,69,238,98,0,0,0,0,0,0,0,0,0,35,0,0,0,1,2,45,1,2,2,1,0,0,6,10,1,1,1,48,"777777777777","777777777777","777777777777",1,0
13,131184,2,2,1,29,10,6,45,12,6,1,0,13,1,37,31,37031,4,2016,"19XFC2F57GE0","1","9","X","F","C","2","F","5","7","G","E","0",0,0,0,"000000000","00000000000",0,0,0,1,0,0,0,0,0,0,0,998,0,0,0,9,4,3,12,0,0,0,1,13,30549,6,1,0,0,3,0,72,200,98,0,0,1,0,3,2014,3,2014,0,0,0,0,0,1,2,45,1,2,2,1,0,0,1,60,99,1,1,48,"777777777777","777777777777","777777777777",0,0
13,131185,1,1,1,30,10,1,48,34,0,1,0,13,1,20,9,20009,2,2014,"2G1FK1EJ0E92","2","G","1","F","K","1","E","J","0","E","9","2",0,0,0,"000000000","00000000000",0,0,0,1,0,0,0,0,0,0,0,998,0,1,5,14,6,2,34,0,0,0,1,13,30041,6,1,0,0,3,0,71,205,98,0,0,1,0,12,2012,12,2012,0,0,0,0,0,1,2,45,3,1,2,1,0,0,14,13,99,1,4,1,"777777777777","777777777777","777777777777",1,1
13,131186,1,1,1,30,10,2,34,35,0,1,0,94,3,12,16,12016,4,2011,"2FABP7BV3BX1","2","F","A","B","P","7","B","V","3","B","X","1",0,0,0,"000000000","00000000000",0,0,0,1,0,0,0,0,0,5,5,998,0,1,5,4,6,2,1,0,0,0,1,13,30016,6,1,0,0,3,0,74,295,98,0,0,0,0,0,0,0,0,0,16,0,0,0,1,2,55,3,1,2,1,28,3,14,12,99,4,4,7,"777777777777","777777777777","777777777777",1,0
13,131187,1,1,1,31,10,5,41,53,0,1,0,1,1,55,33,55033,4,2013,"5NPEB4AC4DH7","5","N","P","E","B","4","A","C","4","D","H","7",0,0,0,"000000000","00000000000",0,0,0,1,0,0,0,0,0,0,0,998,0,0,0,12,6,2,8,0,0,0,1,1,36274,6,1,0,0,3,3,62,175,1,0,0,2,0,11,2013,5,2016,0,0,0,0,0,1,2,45,1,4,2,1,0,0,1,13,99,1,4,1,"777777777777","777777777777","777777777777",0,0
13,131188,1,1,2,4,10,18,15,8,0,1,0,13,1,20,481,20481,31,2003,"1GCEC19T33Z1","1","G","C","E","C","1","9","T","3","3","Z","1",0,0,0,"000000000","00000000000",0,0,0,1,0,0,0,0,0,0,0,998,0,0,0,1,4,5,8,0,0,0,1,13,31027,6,1,6,0,3,0,62,246,98,0,0,0,0,0,0,0,0,0,0,0,0,0,5,5,40,1,2,2,1,0,0,1,80,6,1,1,13,"777777777777","777777777777","777777777777",0,0
13,131189,1,2,1,1,11,7,58,12,2,1,0,13,1,55,33,55033,4,2015,"5NPE34AF4FH0","5","N","P","E","3","4","A","F","4","F","H","0",0,0,0,"000000000","00000000000",0,0,0,1,0,0,0,0,0,0,0,998,0,0,0,12,4,3,12,0,0,0,1,13,39813,6,1,0,0,3,0,66,170,98,0,0,1,1,7,2014,4,2015,0,38,0,0,0,1,2,55,2,1,2,1,0,0,11,15,99,9,1,84,"777777777777","777777777777","777777777777",0,0
13,131189,2,2,1,1,11,7,58,12,2,1,0,13,1,63,37,63037,6,2016,"KNDJN2A21G78","K","N","D","J","N","2","A","2","1","G","7","8",0,0,0,"000000000","00000000000",0,0,0,1,0,0,0,0,0,0,0,998,0,0,0,12,6,2,12,32,0,0,1,13,39823,6,1,0,0,3,0,62,179,98,0,0,0,0,0,0,0,0,0,0,0,0,0,1,2,55,3,1,2,1,0,0,14,62,99,9,1,84,"777777777777","777777777777","777777777777",1,0
13,131190,1,1,1,1,11,1,24,33,0,1,0,13,1,53,706,53706,80,2016,"JS1GX72B0G21","J","S","1","G","X","7","2","B","0","G","2","1",0,0,0,"000000000","00000000000",0,0,0,1,0,0,0,0,0,0,0,998,0,0,0,12,4,3,33,0,0,0,1,13,30294,6,1,6,0,3,3,70,320,98,2,0,1,0,1,2012,2,2012,3,0,0,0,0,1,4,35,3,1,1,1,0,0,14,6,99,9,4,2,"777777777777","777777777777","777777777777",1,0
13,131191,1,1,1,1,11,5,50,8,0,1,0,13,2,34,34,34034,4,2011,"WBAPH7C59BE6","W","B","A","P","H","7","C","5","9","B","E","6",0,0,0,"000000000","00000000000",0,0,0,1,0,0,0,0,0,0,0,998,0,0,0,12,4,3,8,0,0,0,1,13,30022,6,1,0,0,3,0,65,125,98,2,0,1,0,8,2012,9,2012,0,0,0,0,0,1,3,40,1,1,2,1,0,0,1,80,99,1,1,13,"777777777777","777777777777","777777777777",0,0
13,131192,1,1,2,2,11,6,56,42,0,1,0,13,1,20,22,20022,4,2010,"1G1AD5F56A72","1","G","1","A","D","5","F","5","6","A","7","2",0,0,0,"000000000","00000000000",0,0,0,1,0,0,0,0,0,0,0,998,0,1,5,12,6,2,42,0,0,0,1,13,30014,6,1,0,0,3,0,62,280,98,3,0,2,4,7,2012,3,2016,0,0,0,0,0,1,2,45,3,1,2,1,0,0,14,6,6,9,4,2,"777777777777","777777777777","777777777777",1,0
13,131193,1,1,2,3,11,20,32,8,0,1,0,13,2,55,33,55033,4,2006,"5NPEU46F46H0","5","N","P","E","U","4","6","F","4","6","H","0",0,0,0,"000000000","00000000000",0,0,0,1,0,0,0,0,0,0,0,998,0,0,0,12,6,2,8,0,0,0,1,13,31322,6,1,0,0,3,3,68,170,98,1,0,1,1,10,2013,7,2015,0,0,0,0,0,1,2,35,1,1,2,1,0,0,1,80,1,1,1,13,"777777777777","777777777777","777777777777",0,0
13,131194,1,1,1,3,11,23,46,32,0,1,0,13,1,12,481,12481,31,2014,"1FT7W2BT2EEA","1","F","T","7","W","2","B","T","2","E","E","A",0,0,0,"000000000","00000000000",0,0,0,1,0,0,0,0,0,0,0,998,0,1,5,12,6,2,1,0,0,0,1,13,30813,1,1,0,0,2,3,69,250,98,4,1,0,2,5,2016,10,2016,0,33,0,0,0,1,2,55,2,2,2,1,0,0,6,12,1,1,4,6,"777777777777","777777777777","777777777777",1,0
13,131195,1,2,1,3,11,15,50,12,6,1,0,13,2,37,32,37032,2,2003,"1HGCM72663A0","1","H","G","C","M","7","2","6","6","3","A","0",0,0,0,"000000000","00000000000",0,0,0,1,0,0,0,0,0,0,0,998,0,0,0,9,6,2,12,0,0,0,1,13,31824,6,7,0,0,3,2,64,101,98,0,0,0,0,0,0,0,0,4,58,73,28,0,1,2,55,3,5,2,1,0,0,14,13,6,3,6,64,"777777777777","777777777777","777777777777",1,0
13,131195,2,2,1,3,11,15,50,12,6,1,0,13,1,55,33,55033,4,2011,"5NPEB4AC8BH1","5","N","P","E","B","4","A","C","8","B","H","1",0,0,0,"000000000","00000000000",0,0,0,1,0,0,0,0,0,0,0,998,0,0,0,12,6,2,12,0,0,0,1,13,31705,6,1,0,0,3,0,62,175,98,0,0,0,0,0,0,0,0,0,0,0,0,0,1,2,55,2,6,2,1,0,0,14,62,99,9,1,65,"777777777777","777777777777","777777777777",0,0
13,131196,1,1,2,3,11,19,33,8,0,1,0,13,1,18,401,18401,14,2002,"3G5DA03E12S5","3","G","5","D","A","0","3","E","1","2","S","5",0,0,0,"000000000","00000000000",0,0,0,1,0,0,0,0,0,0,0,998,0,0,0,12,4,3,8,0,0,0,1,13,30655,6,1,0,0,3,0,67,265,98,0,0,0,0,0,0,0,0,0,0,0,0,0,5,3,35,1,1,2,1,0,0,1,80,15,2,1,13,"777777777777","777777777777","777777777777",0,0
13,131197,1,1,1,3,11,12,40,18,0,1,0,13,1,22,22,22022,4,2007,"1G2ZG58N9741","1","G","2","Z","G","5","8","N","9","7","4","1",0,0,0,"000000000","00000000000",0,0,0,1,0,0,0,0,0,0,0,998,0,0,0,13,6,2,18,32,0,0,1,13,31071,6,1,0,0,3,0,62,168,98,1,0,0,0,1,2016,1,2016,0,85,0,0,0,1,2,35,1,1,2,1,0,0,1,8,12,9,4,2,"777777777777","777777777777","777777777777",1,0
13,131198,1,1,2,4,11,6,28,42,0,1,0,45,1,6,43,6043,4,2002,"1C3EL46XX2N2","1","C","3","E","L","4","6","X","X","2","N","2",0,0,0,"000000000","00000000000",0,0,0,1,0,0,0,0,0,0,0,998,0,0,0,4,6,2,42,0,0,0,1,45,29138,0,0,0,0,0,0,60,100,0,0,0,0,0,0,0,0,0,0,58,0,0,0,2,2,70,1,6,1,1,0,0,1,9,6,4,4,10,"777777777777","777777777777","777777777777",2,0
13,131199,1,2,2,4,11,17,39,12,6,1,0,13,4,7,422,7422,15,2016,"1C4RDHDG5GC4","1","C","4","R","D","H","D","G","5","G","C","4",0,0,0,"000000000","00000000000",0,0,0,1,0,0,0,0,0,0,0,998,0,0,0,12,6,2,12,0,0,0,1,13,30324,6,1,0,0,3,3,70,170,98,0,0,1,0,2,2015,2,2015,0,39,0,0,0,2,2,45,2,2,2,1,3,3,14,17,99,1,1,83,"777777777777","777777777777","777777777777",0,0
13,131199,2,2,1,4,11,17,39,12,6,1,0,13,1,37,32,37032,4,2002,"1HGCG56492A0","1","H","G","C","G","5","6","4","9","2","A","0",0,0,0,"000000000","00000000000",0,0,0,1,0,0,0,0,0,0,0,998,0,0,0,9,6,2,12,0,0,0,1,13,30179,6,1,0,0,3,0,63,180,98,0,0,0,0,0,0,0,0,0,0,0,0,0,1,2,35,1,2,2,1,3,3,11,15,99,1,1,82,"777777777777","777777777777","777777777777",1,0
13,131200,1,1,1,4,11,21,20,8,0,1,0,13,1,2,403,2403,14,2011,"1J4AA2D16BL5","1","J","4","A","A","2","D","1","6","B","L","5",0,0,0,"000000000","00000000000",0,0,0,1,0,0,0,0,0,0,0,998,0,0,0,12,6,2,8,0,0,0,1,13,30564,6,1,0,0,3,3,64,135,98,0,0,0,1,8,2014,8,2014,0,0,0,0,0,1,4,50,1,1,2,1,0,0,1,80,99,1,1,13,"777777777777","777777777777","777777777777",0,0
13,131201,1,2,6,4,11,21,0,12,6,1,0,13,1,35,47,35047,4,2013,"1N4AL3AP4DC9","1","N","4","A","L","3","A","P","4","D","C","9",0,0,0,"000000000","00000000000",0,0,0,1,0,0,0,0,0,0,0,998,0,0,0,1,6,2,12,0,0,0,1,13,30605,6,1,0,0,3,0,65,140,98,0,0,0,0,0,0,0,0,0,38,0,0,0,1,2,55,1,1,2,1,20,3,1,17,99,9,1,87,"777777777777","777777777777","777777777777",4,1
13,131201,2,2,1,4,11,21,0,12,6,1,0,12,3,86,881,86881,66,2016,"1M1AW07Y1GM0","1","M","1","A","W","0","7","Y","1","G","M","0",1,1,57,"873574","57873574",3,6,1,1,0,0,0,0,0,0,0,998,0,0,0,12,6,2,12,0,0,0,1,13,31082,6,1,6,0,3,0,67,240,98,0,0,0,1,10,2014,10,2014,0,0,0,0,0,3,2,65,1,1,2,1,0,0,1,17,99,9,1,86,"1TDH42923GB1","777777777777","777777777777",0,0
13,131202,1,1,1,4,11,4,39,42,0,1,0,13,1,12,3,12003,2,2004,"1FAFP40644F1","1","F","A","F","P","4","0","6","4","4","F","1",0,0,0,"000000000","00000000000",0,0,0,1,0,0,0,0,0,0,0,998,0,1,5,11,6,2,1,0,0,0,1,13,30263,6,1,6,0,3,0,63,130,98,0,0,0,1,1,2016,1,2016,0,0,0,0,0,1,2,55,1,6,2,1,0,0,1,13,1,1,4,1,"777777777777","777777777777","777777777777",1,0
13,131203,1,1,3,5,11,23,50,1,0,1,0,13,1,20,22,20022,2,2005,"1G1AP14P1576","1","G","1","A","P","1","4","P","1","5","7","6",0,0,0,"000000000","00000000000",0,0,0,1,0,0,0,0,0,0,0,998,0,2,5,0,6,2,1,0,0,0,1,13,31088,6,1,0,0,3,0,72,145,98,8,0,3,5,1,2012,8,2016,4,0,0,0,0,1,2,45,3,1,2,1,0,0,14,6,6,5,4,2,"777777777777","777777777777","777777777777",1,1
13,131204,1,3,3,5,11,20,20,12,6,1,0,13,1,7,28,7028,2,2016,"2C3CDZFJ6GH2","2","C","3","C","D","Z","F","J","6","G","H","2",0,0,0,"000000000","00000000000",0,0,0,1,0,0,0,0,0,0,0,96,0,0,0,12,6,2,12,0,0,1,1,13,30274,6,1,0,0,3,0,72,165,98,0,0,1,2,1,2016,8,2016,3,0,0,0,0,2,2,55,1,1,2,1,3,3,1,17,99,9,1,69,"777777777777","777777777777","777777777777",0,0
13,131204,2,3,2,5,11,20,20,12,6,1,0,13,1,20,9,20009,2,2013,"2G1FL1EPXD98","2","G","1","F","L","1","E","P","X","D","9","8",0,0,0,"000000000","00000000000",0,0,0,1,0,0,0,0,0,0,0,998,0,0,0,3,6,2,12,0,0,1,1,13,30220,6,1,0,0,3,0,72,230,98,0,0,1,2,1,2013,11,2014,0,0,0,0,0,2,2,55,1,1,2,1,3,3,11,15,99,9,1,68,"777777777777","777777777777","777777777777",2,0
13,131204,3,3,3,5,11,20,20,12,6,1,0,42,2,35,401,35401,14,2007,"5N1AR18UX7C6","5","N","1","A","R","1","8","U","X","7","C","6",0,0,0,"000000000","00000000000",0,0,0,1,0,0,0,0,0,0,0,998,0,0,0,7,4,3,12,0,0,0,1,13,30228,6,1,0,0,3,0,63,170,98,2,0,3,1,2,2012,6,2016,0,0,0,0,0,2,2,55,1,1,2,1,3,3,1,62,99,9,1,98,"777777777777","777777777777","777777777777",0,0
13,131205,1,1,1,5,11,23,51,8,0,1,0,13,1,12,23,12023,4,2012,"3FAHP0HA1CR2","3","F","A","H","P","0","H","A","1","C","R","2",0,0,0,"000000000","00000000000",0,0,0,1,0,0,0,0,0,0,0,998,0,0,0,12,6,2,8,0,0,0,1,13,30274,6,1,0,0,3,0,74,174,98,0,0,0,3,8,2012,6,2014,0,0,0,0,0,3,2,45,1,1,2,1,0,0,1,80,6,1,1,13,"777777777777","777777777777","777777777777",0,0
13,131206,1,1,1,5,11,6,14,8,0,1,0,13,2,37,32,37032,4,2008,"1HGCP268X8A1","1","H","G","C","P","2","6","8","X","8","A","1",0,0,0,"000000000","00000000000",0,0,0,1,0,0,0,0,0,0,0,998,0,0,0,12,4,5,8,0,0,0,1,13,30088,6,1,0,0,3,0,65,150,98,0,0,0,1,10,2013,10,2013,0,0,0,0,0,3,2,45,1,1,2,1,0,0,1,80,99,9,1,13,"777777777777","777777777777","777777777777",0,0
13,131207,1,1,2,5,11,4,7,52,0,1,0,13,2,7,24,7024,4,2011,"2B3CL3CG8BH6","2","B","3","C","L","3","C","G","8","B","H","6",0,0,0,"000000000","00000000000",0,0,0,1,0,0,0,0,0,0,0,998,0,1,3,12,6,2,52,0,0,0,1,13,30318,1,1,0,0,2,2,55,136,98,4,0,0,2,2,2015,5,2016,4,91,74,0,0,6,1,55,2,2,1,1,0,0,14,6,99,9,4,7,"777777777777","777777777777","777777777777",1,1
13,131208,1,1,4,5,11,15,0,1,0,1,0,45,2,49,472,49472,30,2003,"5TDZT34A73S1","5","T","D","Z","T","3","4","A","7","3","S","1",0,0,0,"000000000","00000000000",0,0,0,1,0,0,0,0,0,0,0,998,0,2,1,0,6,2,1,0,0,0,1,45,29229,6,1,0,0,3,3,999,999,1,0,0,0,0,5,2014,5,2014,4,0,0,0,0,2,2,70,1,5,1,1,0,0,1,6,99,9,2,98,"777777777777","777777777777","777777777777",2,0
13,131209,1,1,1,5,11,0,13,42,0,1,0,13,2,12,24,12024,6,2013,"2FMDK3JC6DBB","2","F","M","D","K","3","J","C","6","D","B","B",0,0,0,"000000000","00000000000",0,0,0,1,0,0,0,0,0,0,0,998,0,0,0,4,6,2,42,0,0,1,1,13,31087,6,1,0,0,3,0,69,162,98,2,0,0,0,8,2014,3,2015,0,99,99,99,99,1,2,55,1,6,2,1,0,0,1,13,1,1,4,5,"777777777777","777777777777","777777777777",1,0
13,131210,1,1,2,6,11,1,38,59,0,1,1,13,2,49,32,49032,4,2014,"2T1BURHE4EC0","2","T","1","B","U","R","H","E","4","E","C","0",0,0,0,"000000000","00000000000",0,0,0,1,0,0,0,0,0,0,0,998,0,0,0,12,6,2,42,0,0,0,1,13,30263,6,1,0,0,3,3,72,165,98,3,0,1,1,5,2012,9,2013,3,91,36,0,0,1,2,45,2,6,2,1,0,0,14,6,99,9,4,2,"777777777777","777777777777","777777777777",1,1
13,131211,1,1,1,6,11,20,0,8,0,1,0,13,1,55,401,55401,14,2004,"KM8SC13D04U8","K","M","8","S","C","1","3","D","0","4","U","8",0,0,0,"000000000","00000000000",0,0,0,1,0,0,0,0,0,0,0,998,0,0,0,12,2,3,8,0,0,0,1,13,30680,6,1,0,0,3,3,72,170,98,0,0,0,0,0,0,0,0,0,0,0,0,0,2,2,40,1,1,2,1,0,0,1,80,99,9,1,13,"777777777777","777777777777","777777777777",0,1
13,131212,1,3,2,6,11,19,29,12,6,1,1,13,2,20,16,20016,2,2002,"1G1JC1248272","1","G","1","J","C","1","2","4","8","2","7","2",0,0,0,"000000000","00000000000",0,0,0,1,0,0,0,0,0,0,0,998,0,0,0,12,6,2,12,0,0,0,1,13,31088,0,0,0,0,0,0,72,215,98,0,0,0,0,0,0,0,0,5,37,39,91,36,1,4,40,1,1,2,1,3,3,1,17,99,9,1,88,"777777777777","777777777777","777777777777",0,0