"STATE","ST_CASE","VEH_NO","VE_FORMS","NUMOCCS","DAY","MONTH","HOUR","MINUTE","HARM_EV","MAN_COLL","UNITTYPE","HIT_RUN","REG_STAT","OWNER","MAKE","MODEL","MAK_MOD","BODY_TYP","MOD_YEAR","VIN","VIN_1","VIN_2","VIN_3","VIN_4","VIN_5","VIN_6","VIN_7","VIN_8","VIN_9","VIN_10","VIN_11","VIN_12","TOW_VEH","J_KNIFE","MCARR_I1","MCARR_I2","MCARR_ID","GVWR","V_CONFIG","CARGO_BT","HAZ_INV","HAZ_PLAC","HAZ_ID","HAZ_CNO","HAZ_REL","BUS_USE","SPEC_USE","EMER_USE","TRAV_SP","UNDERIDE","ROLLOVER","ROLINLOC","IMPACT1","DEFORMED","TOWED","M_HARM","VEH_SC1","VEH_SC2","FIRE_EXP","DR_PRES","L_STATE","DR_ZIP","L_STATUS","L_TYPE","CDL_STAT","L_ENDORS","L_COMPL","L_RESTRI","DR_HGT","DR_WGT","PREV_ACC","PREV_SUS","PREV_DWI","PREV_SPD","PREV_OTH","FIRST_MO","FIRST_YR","LAST_MO","LAST_YR","SPEEDREL","DR_SF1","DR_SF2","DR_SF3","DR_SF4","VTRAFWAY","VNUM_LAN","VSPD_LIM","VALIGN","VPROFILE","VPAVETYP","VSURCOND","VTRAFCON","VTCONT_F","P_CRASH1","P_CRASH2","P_CRASH3","PCRASH4","PCRASH5","ACC_TYPE","TRLR1VIN","TRLR2VIN","TRLR3VIN","DEATHS","DR_DRINK"
13,131212,2,3,1,6,11,19,29,12,6,1,0,13,1,12,471,12471,30,2000,"1FTYR10VXYPA","1","F","T","Y","R","1","0","V","X","Y","P","A",0,0,0,"000000000","00000000000",0,0,0,1,0,0,0,0,0,0,0,998,0,0,0,9,6,2,12,0,0,0,1,13,31088,6,1,0,0,3,3,74,220,98,0,0,0,0,0,0,0,0,0,0,0,0,0,1,2,40,1,1,2,1,3,3,1,17,99,9,1,89,"777777777777","777777777777","777777777777",1,0
13,131212,3,3,2,6,11,19,29,12,6,1,0,13,2,55,35,55035,4,2013,"KMHDH4AE6DU6","K","M","H","D","H","4","A","E","6","D","U","6",0,0,0,"000000000","00000000000",0,0,0,1,0,0,0,0,0,0,0,0,0,0,0,9,6,2,12,0,0,0,1,13,31047,6,1,0,0,3,0,71,210,98,0,0,0,0,0,0,0,0,0,0,0,0,0,1,4,45,1,1,2,1,3,3,5,66,1,1,1,98,"777777777777","777777777777","777777777777",0,0
13,131213,1,1,1,6,11,18,44,32,0,1,0,13,1,41,45,41045,1,1994,"JM1NA3535R05","J","M","1","N","A","3","5","3","5","R","0","5",0,0,0,"000000000","00000000000",0,0,0,1,0,0,0,0,0,0,0,998,0,1,5,12,6,2,1,0,0,0,1,13,30504,6,1,0,0,3,3,65,145,98,5,1,0,1,1,2013,11,2015,0,0,0,0,0,1,2,55,3,1,2,1,0,0,14,6,99,9,4,2,"777777777777","777777777777","777777777777",1,0
13,131214,1,1,3,7,11,8,26,35,0,1,0,13,1,59,31,59031,4,1994,"JT8GK13TXR00","J","T","8","G","K","1","3","T","X","R","0","0",0,0,0,"000000000","00000000000",0,0,0,1,0,0,0,0,0,0,0,998,0,1,3,14,6,2,1,0,0,0,1,13,30458,6,1,0,0,3,0,63,116,98,0,0,0,0,0,0,0,0,0,0,0,0,0,2,2,50,2,1,2,1,0,0,14,12,99,9,4,6,"777777777777","777777777777","777777777777",2,0
13,131215,1,1,1,7,11,9,50,38,0,1,0,13,1,20,481,20481,31,2016,"1GC0CUEG5GZ1","1","G","C","0","C","U","E","G","5","G","Z","1",0,0,0,"000000000","00000000000",0,0,0,1,0,0,0,0,0,0,0,998,0,0,0,12,6,2,42,0,0,0,1,13,30471,6,1,0,0,3,3,74,250,98,0,0,0,0,0,0,0,0,0,0,0,0,0,1,2,55,1,1,2,1,0,0,1,12,99,9,4,6,"777777777777","777777777777","777777777777",1,0
13,131216,1,1,2,7,11,20,49,35,0,1,0,13,2,2,403,2403,14,2009,"1J4FA24149L7","1","J","4","F","A","2","4","1","4","9","L","7",0,0,0,"000000000","00000000000",0,0,0,1,0,0,0,0,0,0,0,998,0,0,0,12,6,2,35,0,0,0,1,13,30736,4,1,0,0,2,0,72,160,98,3,0,0,1,5,2012,7,2016,0,39,36,0,0,1,2,45,1,1,2,1,20,3,1,14,99,9,4,14,"777777777777","777777777777","777777777777",1,1
13,131217,1,2,2,7,11,5,6,12,1,1,0,13,2,22,19,22019,2,2007,"1G2AL15F7771","1","G","2","A","L","1","5","F","7","7","7","1",0,0,0,"000000000","00000000000",0,0,0,1,0,0,0,0,0,0,0,0,0,0,0,6,6,2,12,0,0,0,1,13,31533,6,1,0,0,3,0,71,200,98,0,0,0,0,0,0,0,0,0,54,0,0,0,1,2,55,1,1,2,1,0,0,5,53,1,1,1,21,"777777777777","777777777777","777777777777",1,0
13,131217,2,2,1,7,11,5,6,12,1,1,0,13,3,12,481,12481,31,2014,"1FTMF1EM1EKF","1","F","T","M","F","1","E","M","1","E","K","F",0,0,0,"000000000","00000000000",0,0,0,1,0,0,0,0,0,0,0,998,0,0,0,12,6,2,12,0,0,0,1,13,31554,6,1,0,0,3,0,71,200,98,0,0,0,0,0,0,0,0,0,0,0,0,0,1,2,55,1,1,2,1,0,0,1,50,99,9,1,20,"777777777777","777777777777","777777777777",0,0
13,131218,1,2,1,7,11,16,24,12,6,1,0,13,1,20,406,20406,14,2015,"KL7CJKSB6FB0","K","L","7","C","J","K","S","B","6","F","B","0",0,0,0,"000000000","00000000000",0,0,0,1,0,0,0,0,0,0,0,998,0,1,5,9,6,2,12,0,0,0,1,13,30817,6,1,0,0,3,0,67,200,98,0,0,0,0,0,0,0,0,0,38,0,0,0,1,2,55,1,1,2,1,20,3,1,17,99,9,1,89,"777777777777","777777777777","777777777777",1,0
13,131218,2,2,2,7,11,16,24,12,6,1,0,13,1,39,36,39036,4,2007,"SAJWA51A57WJ","S","A","J","W","A","5","1","A","5","7","W","J",0,0,0,"000000000","00000000000",0,0,0,1,0,0,0,0,0,0,0,998,0,0,0,12,6,2,12,32,0,0,1,13,30817,6,1,0,0,3,0,63,165,98,0,0,0,0,0,0,0,0,0,0,0,0,0,1,2,55,1,1,2,1,0,0,1,66,16,2,1,88,"777777777777","777777777777","777777777777",0,0
13,131219,1,2,2,7,11,23,50,12,6,1,0,13,1,24,1,24001,4,1996,"1G8ZK5271TZ1","1","G","8","Z","K","5","2","7","1","T","Z","1",0,0,0,"000000000","00000000000",0,0,0,1,0,0,0,0,0,0,0,998,0,0,0,9,6,2,12,0,0,0,1,13,30428,6,1,0,0,3,0,64,120,98,0,0,0,0,0,0,0,0,0,58,28,0,0,1,2,55,1,4,2,1,0,0,1,10,7,3,6,64,"777777777777","777777777777","777777777777",1,0
13,131219,2,2,1,7,11,23,50,12,6,1,0,93,3,82,881,82881,66,2001,"1FUJA6CG61LH","1","F","U","J","A","6","C","G","6","1","L","H",1,1,57,"2934212","572934212",3,6,1,1,0,0,0,0,0,0,0,998,0,0,0,12,6,2,12,0,0,0,1,13,31055,6,1,6,0,3,0,67,224,98,0,0,0,0,0,0,0,0,0,0,0,0,0,1,2,55,1,4,2,1,0,0,1,62,8,2,2,65,"LJRC41263710","777777777777","777777777777",0,0
13,131220,1,2,1,8,11,14,7,12,6,1,0,13,1,20,481,20481,31,2001,"1GNEC16TX1J2","1","G","N","E","C","1","6","T","X","1","J","2",0,0,0,"000000000","00000000000",0,0,0,1,0,0,0,0,0,0,0,998,0,0,0,1,6,2,12,32,0,0,1,13,30677,6,1,0,0,3,0,67,195,98,0,0,0,0,0,0,0,0,0,38,0,0,0,1,6,40,1,1,1,1,3,3,11,15,99,1,1,68,"777777777777","777777777777","777777777777",1,0
13,131220,2,2,1,8,11,14,7,12,6,1,0,13,1,7,482,7482,31,2004,"1D7HU18D74S6","1","D","7","H","U","1","8","D","7","4","S","6",0,0,0,"000000000","00000000000",0,0,0,1,0,0,0,0,0,0,0,998,0,0,0,12,6,2,12,0,0,0,1,13,30628,6,1,0,0,3,3,64,130,98,0,0,0,1,4,2014,4,2014,0,0,0,0,0,1,6,40,1,1,1,1,3,3,1,62,99,1,1,69,"777777777777","777777777777","777777777777",0,0
13,131221,1,1,3,8,11,15,50,59,0,1,0,13,1,37,31,37031,2,1999,"2HGEJ6321XH1","2","H","G","E","J","6","3","2","1","X","H","1",0,0,0,"000000000","00000000000",0,0,0,1,0,0,0,0,0,0,0,998,0,0,0,12,6,2,42,0,0,0,1,13,30297,6,1,0,0,3,0,68,225,98,2,0,2,1,10,2012,7,2016,2,0,0,0,0,2,2,35,2,2,2,1,0,0,14,6,16,2,4,7,"777777777777","777777777777","777777777777",1,0
13,131222,1,1,1,8,11,14,51,53,0,1,0,13,2,49,472,49472,30,2006,"5TENX62NX6Z2","5","T","E","N","X","6","2","N","X","6","Z","2",0,0,0,"000000000","00000000000",0,0,0,1,0,0,0,0,0,0,0,998,0,1,6,9,6,2,1,0,0,0,1,13,31733,1,1,0,0,2,0,71,140,98,1,0,0,1,8,2013,10,2016,0,58,0,0,0,1,2,55,1,1,2,1,0,0,1,12,7,3,4,7,"777777777777","777777777777","777777777777",1,0
13,131223,1,2,1,8,11,8,47,12,7,1,0,13,2,49,40,49040,4,2002,"4T1BE32K42U5","4","T","1","B","E","3","2","K","4","2","U","5",0,0,0,"000000000","00000000000",0,0,0,1,0,0,0,0,0,0,0,998,0,1,5,5,6,2,12,0,0,0,1,13,30019,6,1,0,0,3,3,65,128,98,0,0,0,0,0,0,0,0,0,27,0,0,0,3,2,70,1,1,1,1,0,0,15,11,99,1,2,46,"777777777777","777777777777","777777777777",1,0
13,131223,2,2,1,8,11,8,47,12,7,1,0,13,2,2,404,2404,14,2000,"1J4FA49S5YP7","1","J","4","F","A","4","9","S","5","Y","P","7",0,0,0,"000000000","00000000000",0,0,0,1,0,0,0,0,0,0,0,998,0,0,0,11,6,2,12,0,0,0,1,13,30518,6,1,0,0,3,0,70,185,98,0,0,0,0,0,0,0,0,0,0,0,0,0,3,2,70,1,1,1,1,0,0,1,60,7,1,1,45,"777777777777","777777777777","777777777777",0,0
13,131224,1,1,1,8,11,6,49,1,0,1,0,13,2,20,16,20016,2,2000,"1G1JC1247Y71","1","G","1","J","C","1","2","4","7","Y","7","1",0,0,0,"000000000","00000000000",0,0,0,1,0,0,0,0,0,0,0,998,0,2,3,0,6,2,1,0,0,0,1,13,30125,6,1,0,0,3,0,60,100,98,0,0,0,0,0,0,0,0,0,58,0,0,0,2,2,65,2,5,2,1,0,0,14,13,6,4,4,7,"777777777777","777777777777","777777777777",1,0
13,131225,1,2,1,9,11,6,51,12,6,1,0,13,2,53,705,53705,80,2005,"JS1GN7CAX521","J","S","1","G","N","7","C","A","X","5","2","1",0,0,0,"000000000","00000000000",0,0,0,1,0,0,0,0,0,0,0,998,0,0,0,1,6,2,12,0,0,0,1,13,30135,6,1,6,0,3,3,66,210,98,0,0,1,2,2,2013,8,2016,0,27,0,0,0,1,8,45,1,1,2,1,3,3,15,10,99,2,2,47,"777777777777","777777777777","777777777777",1,0
13,131225,2,2,1,9,11,6,51,12,6,1,0,13,3,85,881,85881,66,2011,"1M1AN07Y8BM0","1","M","1","A","N","0","7","Y","8","B","M","0",1,1,57,"2726272","572726272",3,6,1,1,0,0,0,0,0,0,0,998,0,0,0,8,0,5,12,0,0,0,1,13,30228,6,1,6,0,3,3,75,275,98,2,0,1,5,2,2012,8,2016,0,0,0,0,0,1,8,45,1,1,2,1,3,3,1,61,99,1,1,45,"888888888888","777777777777","777777777777",0,0
13,131226,1,2,1,9,11,14,24,12,2,1,0,13,2,20,481,20481,31,1995,"1GCHC33FXSF0","1","G","C","H","C","3","3","F","X","S","F","0",0,0,0,"000000000","00000000000",0,0,0,1,0,0,0,0,0,0,0,998,0,0,0,12,6,2,12,0,0,0,1,13,30534,6,1,6,0,3,0,68,150,98,3,0,0,1,3,2015,4,2016,0,28,6,0,0,1,2,55,1,2,2,1,0,0,1,10,99,1,2,50,"777777777777","777777777777","777777777777",0,0
13,131226,2,2,2,9,11,14,24,12,2,1,0,13,2,12,401,12401,14,2002,"1FMZU74E82UA","1","F","M","Z","U","7","4","E","8","2","U","A",0,0,0,"000000000","00000000000",0,0,0,1,0,0,0,0,0,0,0,998,0,0,0,12,6,2,12,32,0,0,1,13,30534,6,1,0,0,3,3,72,185,98,0,0,0,0,0,0,0,0,0,0,0,0,0,1,2,55,1,2,2,1,0,0,1,62,99,1,1,51,"777777777777","777777777777","777777777777",1,0
13,131227,1,1,1,9,11,15,23,42,0,1,0,13,1,12,16,12016,4,2007,"2FAFP71W07X1","2","F","A","F","P","7","1","W","0","7","X","1",0,0,0,"000000000","00000000000",0,0,0,1,0,0,0,0,0,0,0,998,0,0,0,10,6,2,42,0,0,1,1,13,30132,6,1,0,0,3,0,76,180,98,0,0,0,0,0,0,0,0,4,36,0,0,0,1,2,45,2,1,2,1,0,0,14,6,9,3,4,2,"777777777777","777777777777","777777777777",1,1
13,131228,1,2,1,10,11,10,5,12,1,1,0,13,1,37,41,37041,3,2011,"JHMZF1D65BS0","J","H","M","Z","F","1","D","6","5","B","S","0",0,0,0,"000000000","00000000000",0,0,0,1,0,0,0,0,0,0,0,998,0,0,0,12,6,2,12,0,0,0,1,13,30030,6,1,0,0,3,3,72,190,98,0,0,0,0,0,0,0,0,0,26,0,0,0,3,4,60,1,5,2,1,0,0,1,50,1,1,1,20,"777777777777","777777777777","777777777777",1,0
13,131228,2,2,1,10,11,10,5,12,1,1,0,47,3,87,884,87884,66,2015,"999999999999","9","9","9","9","9","9","9","9","9","9","9","9",1,1,57,"628618","57628618",3,6,1,1,0,0,0,0,0,0,0,0,0,0,0,6,4,5,12,0,0,0,1,47,38049,6,1,6,0,3,0,76,330,1,0,0,0,0,12,2013,12,2013,0,0,0,0,0,3,4,60,1,5,2,1,0,0,5,53,1,1,1,21,"1L01B4826511","777777777777","777777777777",0,0
13,131229,1,1,1,11,11,22,43,35,0,1,0,13,1,37,31,37031,4,1998,"JHMEJ6679WS0","J","H","M","E","J","6","6","7","9","W","S","0",0,0,0,"000000000","00000000000",0,0,0,1,0,0,0,0,0,0,0,998,0,1,5,12,6,2,1,0,0,0,1,13,30747,6,1,0,0,3,0,71,148,98,6,1,1,1,3,2012,4,2015,4,0,0,0,0,1,2,35,3,1,2,1,0,0,14,6,99,2,4,7,"777777777777","777777777777","777777777777",1,0
13,131230,1,1,1,12,11,2,38,1,0,1,0,13,2,35,472,35472,30,2006,"1N6AD07W26C4","1","N","6","A","D","0","7","W","2","6","C","4",0,0,0,"000000000","00000000000",0,0,0,1,0,0,0,0,0,0,0,998,0,2,5,0,6,2,1,0,0,0,1,13,31771,6,1,0,0,3,0,64,180,98,1,0,0,0,6,2015,6,2015,0,36,0,0,0,1,2,55,1,1,2,1,0,0,1,13,7,3,4,2,"777777777777","777777777777","777777777777",1,1
13,131231,1,1,1,12,11,2,30,8,0,1,1,13,1,58,39,58039,6,2010,"JN8AS1MU6AM8","J","N","8","A","S","1","M","U","6","A","M","8",0,0,0,"000000000","00000000000",0,0,0,1,0,0,0,0,0,0,0,998,0,0,0,12,4,3,8,0,0,0,1,13,30213,6,1,0,0,3,0,65,159,98,2,0,2,0,5,2012,12,2012,0,91,0,0,0,3,2,55,1,1,2,1,3,3,1,80,99,9,9,13,"777777777777","777777777777","777777777777",0,0
13,131232,1,2,1,12,11,21,36,12,1,1,0,13,1,72,706,72706,80,2003,"1HD1GEV473K3","1","H","D","1","G","E","V","4","7","3","K","3",0,0,0,"000000000","00000000000",0,0,0,1,0,0,0,0,0,0,0,998,0,0,0,12,6,2,12,0,0,0,1,13,30039,6,1,0,0,3,0,69,225,98,0,0,0,0,0,0,0,0,3,26,0,0,0,1,2,45,1,1,1,1,0,0,1,50,1,1,1,20,"777777777777","777777777777","777777777777",1,1
13,131232,2,2,1,12,11,21,36,12,1,1,0,13,1,35,51,35051,6,2009,"JN8AS58T59W3","J","N","8","A","S","5","8","T","5","9","W","3",0,0,0,"000000000","00000000000",0,0,0,1,0,0,0,0,0,0,0,0,0,0,0,6,6,2,12,0,0,0,1,13,30039,6,1,0,0,3,3,64,139,98,0,0,0,1,3,2016,3,2016,0,0,0,0,0,1,2,45,1,1,1,1,0,0,5,53,1,1,1,21,"777777777777","777777777777","777777777777",0,0
13,131233,1,2,2,12,11,18,5,12,2,1,0,13,2,7,472,7472,30,2002,"1B7FL46X62S7","1","B","7","F","L","4","6","X","6","2","S","7",0,0,0,"000000000","00000000000",0,0,0,1,0,0,0,0,0,0,0,998,0,0,0,12,6,2,12,0,0,0,1,13,31645,6,1,0,0,3,3,68,200,98,3,1,0,1,6,2012,4,2016,0,23,28,0,0,1,2,55,1,1,2,1,0,0,1,10,99,9,2,50,"777777777777","777777777777","777777777777",1,0
13,131233,2,2,1,12,11,18,5,12,2,1,0,13,1,12,3,12003,2,2006,"1ZVFT80N5652","1","Z","V","F","T","8","0","N","5","6","5","2",0,0,0,"000000000","00000000000",0,0,0,1,0,0,0,0,0,0,0,998,0,0,0,12,6,2,12,0,0,0,1,13,31645,6,1,0,0,3,3,60,150,98,0,0,0,1,1,2016,1,2016,0,0,0,0,0,1,2,55,1,1,2,1,0,0,1,62,99,9,1,51,"777777777777","777777777777","777777777777",1,0
13,131234,1,1,1,12,11,3,10,34,0,1,0,13,2,14,6,14006,4,2007,"2MEFM75V27X6","2","M","E","F","M","7","5","V","2","7","X","6",0,0,0,"000000000","00000000000",0,0,0,1,0,0,0,0,0,0,0,998,0,1,6,12,6,2,1,0,0,0,1,13,31021,1,1,0,0,2,0,75,175,98,0,0,0,0,0,0,0,0,0,0,0,0,0,1,2,55,1,6,2,1,0,0,1,13,99,9,4,2,"777777777777","777777777777","777777777777",1,1
13,131235,1,1,1,13,11,6,0,34,0,1,0,13,2,20,401,20401,14,1999,"1GNCS13W3X21","1","G","N","C","S","1","3","W","3","X","2","1",0,0,0,"000000000","00000000000",0,0,0,1,0,0,0,0,0,0,0,998,0,1,5,12,6,2,1,0,0,0,1,13,31643,1,1,0,0,2,0,71,150,98,3,0,0,0,11,2015,2,2016,4,0,0,0,0,1,2,35,1,1,2,1,0,0,1,6,99,3,4,2,"777777777777","777777777777","777777777777",1,1
13,131236,1,1,2,13,11,22,49,8,0,1,1,13,2,37,31,37031,2,2002,"1HGEM22942L1","1","H","G","E","M","2","2","9","4","2","L","1",0,0,0,"000000000","00000000000",0,0,0,1,0,0,0,0,0,0,0,998,0,0,0,12,4,5,8,0,0,0,1,13,30034,6,1,0,0,3,0,67,125,98,2,0,1,0,3,2015,5,2016,0,91,0,0,0,5,5,45,1,1,2,1,0,0,1,80,99,1,9,13,"777777777777","777777777777","777777777777",0,1
13,131237,1,1,1,13,11,13,50,41,0,1,0,13,1,12,37,12037,4,2003,"1FAFP34313W1","1","F","A","F","P","3","4","3","1","3","W","1",0,0,0,"000000000","00000000000",0,0,0,1,0,0,0,0,0,0,0,998,0,1,5,9,6,2,42,0,0,0,1,13,30634,6,1,0,0,3,3,69,250,98,0,0,0,2,7,2015,7,2016,0,58,0,0,0,1,2,45,3,5,2,2,0,0,14,6,6,4,4,7,"777777777777","777777777777","777777777777",1,0
13,131238,1,2,1,13,11,17,6,12,6,1,0,13,1,49,32,49032,4,2001,"1NXBR12E81Z4","1","N","X","B","R","1","2","E","8","1","Z","4",0,0,0,"000000000","00000000000",0,0,0,1,0,0,0,0,0,0,0,998,0,0,0,11,6,2,12,32,0,0,1,13,31024,6,1,0,0,3,3,57,150,98,0,0,0,0,0,0,0,0,0,38,0,0,0,1,2,35,1,1,2,2,20,3,1,17,99,9,1,89,"777777777777","777777777777","777777777777",1,0
13,131238,2,2,3,13,11,17,6,12,6,1,0,13,1,12,461,12461,21,1995,"1FTEE14H4SHA","1","F","T","E","E","1","4","H","4","S","H","A",0,0,0,"000000000","00000000000",0,0,0,1,0,0,0,0,0,0,0,998,0,0,0,12,6,2,12,0,0,0,1,13,30650,6,1,0,0,3,0,66,175,98,0,0,0,2,11,2011,2,2013,0,0,0,0,0,3,2,55,1,1,2,2,0,0,1,66,6,9,1,88,"777777777777","777777777777","777777777777",0,0
13,131239,1,1,1,14,11,19,11,8,0,1,0,13,2,12,481,12481,31,1999,"1FTRF08W1XKB","1","F","T","R","F","0","8","W","1","X","K","B",0,0,0,"000000000","00000000000",0,0,0,1,0,0,0,0,0,0,0,998,0,0,0,1,4,3,8,0,0,0,1,13,30666,6,2,0,0,3,0,67,125,98,0,0,0,0,0,0,0,0,0,0,0,0,0,1,2,55,1,1,2,1,0,0,1,80,99,1,1,13,"777777777777","777777777777","777777777777",0,0
13,131240,1,1,1,14,11,1,55,59,0,1,0,13,2,18,2,18002,4,2002,"1G4HR54K42U1","1","G","4","H","R","5","4","K","4","2","U","1",0,0,0,"000000000","00000000000",0,0,0,1,0,0,0,0,0,0,0,998,0,1,5,12,6,2,1,0,0,0,1,13,31705,6,7,0,0,3,0,72,180,98,0,0,0,0,0,0,0,0,4,0,0,0,0,5,5,45,2,1,2,1,0,0,14,6,99,9,4,2,"777777777777","777777777777","777777777777",1,0
13,131241,1,1,1,14,11,21,14,8,0,1,0,13,2,6,52,6052,6,2008,"3A8FY48B08T2","3","A","8","F","Y","4","8","B","0","8","T","2",0,0,0,"000000000","00000000000",0,0,0,1,0,0,0,0,0,0,0,998,0,0,0,12,2,3,8,0,0,0,1,13,31774,6,1,0,0,3,0,60,94,98,0,0,0,0,0,0,0,0,0,0,0,0,0,5,5,45,1,1,2,1,0,0,1,80,1,1,1,13,"777777777777","777777777777","777777777777",0,0
13,131242,1,2,2,15,11,18,22,12,6,1,0,0,0,98,709,98709,83,9999,"000000000000","0","0","0","0","0","0","0","0","0","0","0","0",0,0,0,"000000000","00000000000",0,0,0,1,0,0,0,0,0,0,0,998,0,0,0,3,6,2,12,0,0,0,1,13,30135,6,1,0,0,1,0,62,110,98,0,0,0,1,3,2016,3,2016,0,38,48,23,0,1,2,35,1,1,2,1,20,3,12,21,99,9,1,98,"777777777777","777777777777","777777777777",1,0
13,131242,2,2,2,15,11,18,22,12,6,1,0,13,1,7,482,7482,31,2008,"1D7HA18N68S5","1","D","7","H","A","1","8","N","6","8","S","5",0,0,0,"000000000","00000000000",0,0,0,1,0,0,0,0,0,0,0,998,0,0,0,12,4,3,12,0,0,0,1,13,30180,6,1,0,0,3,3,72,250,98,2,0,1,1,12,2011,5,2013,0,0,0,0,0,1,2,35,1,1,2,1,0,0,1,66,99,9,1,98,"777777777777","777777777777","777777777777",0,0
13,131243,1,2,0,15,11,13,38,12,1,1,0,93,6,85,881,85881,66,2010,"3WKAD49XXAF2","3","W","K","A","D","4","9","X","X","A","F","2",1,1,57,"2345419","572345419",3,6,1,1,0,0,0,0,0,0,0,0,0,0,0,6,2,3,12,0,0,0,0,0,99997,7,6,97,7,6,7,998,997,998,998,998,998,998,98,9998,98,9998,8,20,0,0,0,5,3,35,1,1,2,1,0,0,0,53,0,0,0,32,"888888888888","777777777777","777777777777",0,0
13,131243,2,2,1,15,11,13,38,12,1,1,0,13,2,12,481,12481,31,2014,"1FTEX1CM0EFB","1","F","T","E","X","1","C","M","0","E","F","B",0,0,0,"000000000","00000000000",0,0,0,1,0,0,0,0,0,0,0,998,0,0,0,12,6,2,12,0,0,0,1,13,31015,6,1,0,0,3,0,66,160,98,0,0,0,0,0,0,0,0,0,28,0,0,0,5,3,35,1,1,2,1,0,0,1,10,99,9,2,32,"777777777777","777777777777","777777777777",1,0
13,131244,1,2,1,15,11,18,21,12,6,1,0,13,1,54,31,54031,3,1995,"JH4DC4351SS0","J","H","4","D","C","4","3","5","1","S","S","0",0,0,0,"000000000","00000000000",0,0,0,1,0,0,0,0,0,0,0,998,0,0,0,9,6,2,12,0,0,0,1,13,31808,6,1,0,0,3,0,71,180,98,0,0,0,0,0,0,0,0,0,23,0,0,0,2,2,65,1,1,2,1,0,0,1,17,99,9,1,74,"777777777777","777777777777","777777777777",1,0
13,131244,2,2,1,15,11,18,21,12,6,1,0,13,3,12,481,12481,31,2005,"1FDAF56P65EC","1","F","D","A","F","5","6","P","6","5","E","C",0,0,0,"000000000","00000000000",0,0,0,1,0,0,0,0,0,0,0,998,0,0,0,12,6,2,12,0,0,0,1,13,31806,6,1,6,0,3,0,70,205,98,0,0,0,0,0,0,0,0,0,0,0,0,0,2,2,65,1,1,2,1,0,0,11,15,1,1,1,74,"777777777777","777777777777","777777777777",0,0
13,131245,1,2,1,16,11,15,27,12,6,1,0,13,1,20,37,20037,4,2003,"1G1ND52J83M6","1","G","1","N","D","5","2","J","8","3","M","6",0,0,0,"000000000","00000000000",0,0,0,1,0,0,0,0,0,0,0,998,0,0,0,9,6,2,12,0,0,0,1,13,31099,6,1,0,0,3,3,60,120,98,0,0,0,0,0,0,0,0,0,38,0,0,0,2,2,45,1,2,2,1,3,3,11,15,99,1,1,82,"777777777777","777777777777","777777777777",1,0
13,131245,2,2,1,16,11,15,27,12,6,1,0,13,3,82,881,82881,66,2002,"1FUJAHCG32PG","1","F","U","J","A","H","C","G","3","2","P","G",1,3,57,"1462654","571462654",3,6,97,1,0,0,0,0,0,0,0,998,0,0,0,12,6,2,12,0,0,0,1,13,31017,6,1,6,0,3,1,65,190,98,0,0,1,1,4,2012,12,2014,0,0,0,0,0,1,4,45,1,2,2,1,3,3,1,66,16,2,2,83,"888888888888","777777777777","777777777777",0,0
13,131246,1,1,1,16,11,20,23,8,0,1,0,99,9,12,481,12481,31,2012,"1FDXE4FSXCDB","1","F","D","X","E","4","F","S","X","C","D","B",0,0,0,"000000000","00000000000",0,0,0,1,0,0,0,0,0,0,0,998,0,0,0,11,4,3,8,0,0,0,1,13,31406,6,1,0,0,3,0,67,240,98,0,0,0,0,0,0,0,0,0,0,0,0,0,3,4,45,1,1,2,1,3,3,1,80,7,9,1,13,"777777777777","777777777777","777777777777",0,0
13,131247,1,2,1,16,11,16,4,33,0,1,0,13,1,37,706,37706,80,2004,"1HFSC55074A0","1","H","F","S","C","5","5","0","7","4","A","0",0,0,0,"000000000","00000000000",0,0,0,1,0,0,0,0,0,0,0,998,0,0,0,12,2,3,12,0,0,0,1,13,30083,6,1,0,0,3,0,66,230,98,1,0,1,0,10,2012,10,2012,0,0,0,0,0,2,2,40,1,1,2,1,0,0,10,12,99,9,4,7,"777777777777","777777777777","777777777777",1,0
13,131247,2,2,2,16,11,16,4,33,0,1,0,13,2,6,54,6054,6,2006,"2A4GM48496R8","2","A","4","G","M","4","8","4","9","6","R","8",0,0,0,"000000000","00000000000",0,0,0,1,0,0,0,0,0,0,0,998,0,0,0,14,0,5,12,0,0,0,1,13,30031,6,1,6,0,3,0,67,140,98,0,0,0,0,0,0,0,0,0,0,0,0,0,2,2,40,1,1,2,1,0,0,1,64,99,9,1,98,"777777777777","777777777777","777777777777",0,0
13,131248,1,3,1,16,11,8,33,12,8,1,0,13,1,63,33,63033,4,2005,"KNAFE161X551","K","N","A","F","E","1","6","1","X","5","5","1",0,0,0,"000000000","00000000000",0,0,0,1,0,0,0,0,0,0,0,998,0,0,0,11,6,2,12,0,0,0,1,13,30121,6,1,0,0,3,0,64,140,98,0,0,0,0,0,0,0,0,0,28,0,0,0,1,2,55,1,1,2,1,0,0,1,10,99,9,2,64,"777777777777","777777777777","777777777777",1,0
13,131248,2,3,2,16,11,8,33,12,8,1,0,13,3,82,881,82881,63,2016,"1FVACWDT5GHG","1","F","V","A","C","W","D","T","5","G","H","G",0,0,88,"888888888","88888888888",3,2,7,1,0,0,0,0,0,0,0,998,0,0,0,8,2,5,12,0,0,0,1,13,30132,6,1,6,0,3,3,64,210,98,0,0,0,0,0,0,0,0,0,0,0,0,0,1,2,55,1,1,2,1,0,0,1,62,99,9,1,65,"777777777777","777777777777","777777777777",0,0