"STATE","ST_CASE","VEH_NO","VE_FORMS","NUMOCCS","DAY","MONTH","HOUR","MINUTE","HARM_EV","MAN_COLL","UNITTYPE","HIT_RUN","REG_STAT","OWNER","MAKE","MODEL","MAK_MOD","BODY_TYP","MOD_YEAR","VIN","VIN_1","VIN_2","VIN_3","VIN_4","VIN_5","VIN_6","VIN_7","VIN_8","VIN_9","VIN_10","VIN_11","VIN_12","TOW_VEH","J_KNIFE","MCARR_I1","MCARR_I2","MCARR_ID","GVWR","V_CONFIG","CARGO_BT","HAZ_INV","HAZ_PLAC","HAZ_ID","HAZ_CNO","HAZ_REL","BUS_USE","SPEC_USE","EMER_USE","TRAV_SP","UNDERIDE","ROLLOVER","ROLINLOC","IMPACT1","DEFORMED","TOWED","M_HARM","VEH_SC1","VEH_SC2","FIRE_EXP","DR_PRES","L_STATE","DR_ZIP","L_STATUS","L_TYPE","CDL_STAT","L_ENDORS","L_COMPL","L_RESTRI","DR_HGT","DR_WGT","PREV_ACC","PREV_SUS","PREV_DWI","PREV_SPD","PREV_OTH","FIRST_MO","FIRST_YR","LAST_MO","LAST_YR","SPEEDREL","DR_SF1","DR_SF2","DR_SF3","DR_SF4","VTRAFWAY","VNUM_LAN","VSPD_LIM","VALIGN","VPROFILE","VPAVETYP","VSURCOND","VTRAFCON","VTCONT_F","P_CRASH1","P_CRASH2","P_CRASH3","PCRASH4","PCRASH5","ACC_TYPE","TRLR1VIN","TRLR2VIN","TRLR3VIN","DEATHS","DR_DRINK"
13,131362,1,1,1,11,12,18,40,8,0,1,0,13,2,12,401,12401,14,2000,"1FMZU63E7YZA","1","F","M","Z","U","6","3","E","7","Y","Z","A",0,0,0,"000000000","00000000000",0,0,0,1,0,0,0,0,0,0,0,998,0,0,0,12,2,5,8,0,0,0,1,13,30345,6,2,0,0,3,2,72,150,98,0,0,0,0,0,0,0,0,0,73,0,0,0,5,3,40,1,1,2,1,3,3,1,80,1,1,1,13,"777777777777","777777777777","777777777777",0,0
13,131363,1,2,1,11,12,1,0,12,1,1,0,51,3,86,881,86881,66,2015,"1M1AW09Y7FM0","1","M","1","A","W","0","9","Y","7","F","M","0",1,1,57,"2097834","572097834",3,6,1,1,0,0,0,0,0,0,0,998,0,0,0,12,6,2,12,0,0,0,1,45,29069,6,1,6,0,3,3,73,270,0,0,0,0,0,0,0,0,0,0,26,0,0,0,3,2,65,1,5,2,1,0,0,1,51,99,9,1,24,"1JJV532D6GL9","777777777777","777777777777",0,0
13,131363,2,2,1,11,12,1,0,12,1,1,0,13,2,6,18,6018,4,2012,"1C3CCBBBXCN1","1","C","3","C","C","B","B","B","X","C","N","1",0,0,0,"000000000","00000000000",0,0,0,1,0,0,0,0,0,0,0,998,0,0,0,6,6,2,12,0,0,0,1,13,30909,6,1,0,0,3,0,68,150,98,1,0,1,3,2,2015,8,2015,0,0,0,0,0,3,2,65,1,5,2,1,0,0,1,53,99,9,1,25,"777777777777","777777777777","777777777777",1,1
13,131364,1,1,1,11,12,5,0,34,0,1,0,13,1,59,32,59032,4,1995,"JT8UF22E9S00","J","T","8","U","F","2","2","E","9","S","0","0",0,0,0,"000000000","00000000000",0,0,0,1,0,0,0,0,0,0,0,998,0,1,6,12,6,2,42,0,0,0,1,13,31824,2,1,0,0,2,3,72,160,98,4,1,0,2,5,2012,7,2012,0,0,0,0,0,1,2,55,2,1,2,1,0,0,14,6,7,9,4,7,"777777777777","777777777777","777777777777",1,1
13,131365,1,1,1,12,12,15,29,8,0,1,0,13,1,20,37,20037,4,2014,"1G11C5SL8EF1","1","G","1","1","C","5","S","L","8","E","F","1",0,0,0,"000000000","00000000000",0,0,0,1,0,0,0,0,0,0,0,998,0,0,0,12,2,3,8,0,0,0,1,13,30067,6,1,0,0,3,0,65,180,98,0,0,0,1,1,2016,1,2016,0,6,0,0,0,1,2,35,1,2,2,1,50,3,1,80,1,1,1,13,"777777777777","777777777777","777777777777",0,0
13,131366,1,1,1,12,12,5,25,32,0,1,0,99,9,12,402,12402,14,2008,"1FMCU03Z78KC","1","F","M","C","U","0","3","Z","7","8","K","C",0,0,0,"000000000","00000000000",0,0,0,1,0,0,0,0,0,0,0,998,0,1,5,12,6,2,1,0,0,0,1,99,99999,9,9,99,9,9,9,999,999,99,99,99,99,99,99,9999,99,9999,0,99,99,99,99,2,2,70,1,1,2,1,0,0,1,13,99,9,4,5,"777777777777","777777777777","777777777777",1,0
13,131367,1,2,1,13,12,21,20,12,6,1,0,13,2,35,43,35043,2,1994,"1N4EB32A8RC8","1","N","4","E","B","3","2","A","8","R","C","8",0,0,0,"000000000","00000000000",0,0,0,1,0,0,0,0,0,0,0,998,0,0,0,12,6,2,12,0,0,0,1,4,85037,6,1,0,0,3,0,68,162,0,0,0,0,0,0,0,0,0,4,38,0,0,0,6,1,45,2,1,2,1,0,0,16,6,99,9,7,98,"777777777777","777777777777","777777777777",1,0
13,131367,2,2,1,13,12,21,20,12,6,1,0,48,3,51,881,51881,66,2007,"4V4M19GF67N4","4","V","4","M","1","9","G","F","6","7","N","4",1,1,57,"92261","5792261",3,6,1,1,0,0,0,0,0,0,0,998,7,0,0,3,6,2,12,0,0,0,1,13,30040,6,1,6,0,3,0,71,195,98,0,0,0,0,0,0,0,0,0,0,0,0,0,3,3,45,1,1,2,1,0,0,1,74,99,9,2,98,"1GRAA9625HB7","777777777777","777777777777",0,0
13,131368,1,1,1,13,12,7,57,35,0,1,0,1,1,7,442,7442,20,2000,"1B4GP44G4YB5","1","B","4","G","P","4","4","G","4","Y","B","5",0,0,0,"000000000","00000000000",0,0,0,1,0,0,0,0,0,0,0,998,0,1,5,14,6,2,35,0,0,0,1,1,35160,6,1,0,0,3,0,71,219,1,1,1,1,0,9,2013,8,2016,0,0,0,0,0,1,2,55,3,6,2,2,0,0,14,6,99,9,4,2,"777777777777","777777777777","777777777777",1,1
13,131369,1,1,1,13,12,18,6,34,0,1,0,13,1,12,422,12422,15,1999,"1FMRU1768XLA","1","F","M","R","U","1","7","6","8","X","L","A",0,0,0,"000000000","00000000000",0,0,0,1,0,0,0,0,0,0,0,998,0,1,5,14,6,2,34,0,0,0,1,13,31808,6,1,0,0,3,0,67,235,98,0,0,0,0,0,0,0,0,0,87,0,0,0,1,2,40,1,2,2,2,0,0,1,13,99,3,4,2,"777777777777","777777777777","777777777777",1,0
13,131370,1,1,1,13,12,16,15,1,0,1,0,13,2,20,16,20016,2,1997,"3G1JC1240VS8","3","G","1","J","C","1","2","4","0","V","S","8",0,0,0,"000000000","00000000000",0,0,0,1,0,0,0,0,0,0,0,998,0,2,5,0,6,2,42,0,0,0,1,13,30815,6,1,0,0,3,3,67,220,98,0,0,0,1,6,2013,6,2013,4,87,0,0,0,1,2,35,3,2,2,2,0,0,14,6,99,4,4,7,"777777777777","777777777777","777777777777",1,0
13,131371,1,1,3,14,12,17,51,8,0,1,0,13,1,37,402,37402,14,2005,"SHSRD78815U3","S","H","S","R","D","7","8","8","1","5","U","3",0,0,0,"000000000","00000000000",0,0,0,1,0,0,0,0,0,0,0,998,0,0,0,12,4,5,8,0,0,0,1,13,31707,6,1,0,0,3,0,62,130,98,0,0,1,1,1,2013,8,2016,0,0,0,0,0,2,2,45,1,1,2,1,0,0,1,80,1,1,1,13,"777777777777","777777777777","777777777777",0,0
13,131373,1,2,2,14,12,16,30,12,6,1,0,47,2,63,32,63032,4,2010,"KNADH4A37A66","K","N","A","D","H","4","A","3","7","A","6","6",0,0,0,"000000000","00000000000",0,0,0,1,0,0,0,0,0,0,0,998,0,0,0,1,6,2,12,0,0,0,1,13,30058,1,1,0,0,2,0,71,180,98,5,0,1,2,12,2014,3,2016,3,39,36,91,0,6,2,55,1,1,2,1,20,3,1,6,99,9,1,90,"777777777777","777777777777","777777777777",1,1
13,131373,2,2,1,14,12,16,30,12,6,1,0,13,3,12,481,12481,31,2012,"1FTBF2A63CEC","1","F","T","B","F","2","A","6","3","C","E","C",0,0,0,"000000000","00000000000",0,0,0,1,0,0,0,0,0,0,0,998,0,0,0,12,9,5,12,0,0,0,1,13,30643,6,1,6,0,3,0,73,240,98,0,0,0,0,0,0,0,0,0,0,0,0,0,1,2,55,1,1,2,1,0,0,1,19,99,9,1,90,"777777777777","777777777777","777777777777",0,0
13,131374,1,2,1,15,12,17,40,12,2,1,0,13,1,35,47,35047,4,2014,"1N4AL3AP1EN3","1","N","4","A","L","3","A","P","1","E","N","3",0,0,0,"000000000","00000000000",0,0,0,1,0,0,0,0,0,0,0,998,0,0,0,12,6,2,12,32,0,0,1,13,30116,6,1,0,0,3,3,63,225,98,0,0,0,0,0,0,0,0,0,28,0,0,0,1,2,55,2,5,2,1,0,0,14,10,99,9,2,50,"777777777777","777777777777","777777777777",1,0
13,131374,2,2,2,15,12,17,40,12,2,1,0,13,2,35,39,35039,4,1996,"JN1CA21D9TM4","J","N","1","C","A","2","1","D","9","T","M","4",0,0,0,"000000000","00000000000",0,0,0,1,0,0,0,0,0,0,0,998,0,0,0,12,6,2,12,0,0,0,1,13,30116,6,1,0,0,3,0,73,190,98,0,0,0,0,0,0,0,0,0,0,0,0,0,1,2,55,3,6,2,1,0,0,14,62,99,9,1,51,"777777777777","777777777777","777777777777",2,0
13,131375,1,2,3,15,12,20,8,12,2,1,0,13,2,37,32,37032,4,2006,"1HGCM66566A0","1","H","G","C","M","6","6","5","6","6","A","0",0,0,0,"000000000","00000000000",0,0,0,1,0,0,0,0,0,0,0,998,0,0,0,12,6,2,12,0,0,0,1,13,31420,6,1,0,0,3,0,72,165,98,0,0,0,0,0,0,0,0,0,28,36,91,35,5,5,45,1,1,2,1,0,0,6,10,99,9,2,50,"777777777777","777777777777","777777777777",1,1
13,131375,2,2,2,15,12,20,8,12,2,1,0,99,9,49,442,49442,20,2007,"5TDZK22C47S0","5","T","D","Z","K","2","2","C","4","7","S","0",0,0,0,"000000000","00000000000",0,0,0,1,0,0,0,0,0,0,0,998,0,0,0,12,6,2,12,0,0,0,1,99,99999,9,9,99,0,9,9,999,999,99,99,99,99,99,99,9999,99,9999,0,0,0,0,0,5,5,45,1,1,2,1,0,0,1,62,99,9,1,51,"777777777777","777777777777","777777777777",0,0
13,131376,1,1,1,29,11,23,4,42,0,1,0,0,0,98,739,98739,90,9999,"000000000000","0","0","0","0","0","0","0","0","0","0","0","0",0,0,0,"000000000","00000000000",0,0,0,1,0,0,0,0,0,0,0,998,0,0,0,12,6,2,42,0,0,0,1,13,30039,6,1,0,0,3,0,70,210,98,1,0,1,0,3,2013,10,2016,0,0,0,0,0,1,2,45,3,1,5,2,0,0,14,6,99,9,4,2,"777777777777","777777777777","777777777777",1,0
13,131377,1,1,1,21,12,19,44,59,0,1,0,13,2,19,14,19014,4,2001,"1G6KS54Y41U1","1","G","6","K","S","5","4","Y","4","1","U","1",0,0,0,"000000000","00000000000",0,0,0,1,0,0,0,0,0,0,0,998,0,0,0,12,6,2,42,42,0,0,1,13,31705,0,0,0,0,0,0,66,195,98,2,0,0,0,10,2015,12,2015,4,39,37,0,0,1,2,30,1,1,2,1,20,3,1,14,16,2,4,14,"777777777777","777777777777","777777777777",1,0
13,131378,1,2,1,23,12,8,58,12,1,1,0,13,1,20,482,20482,31,2010,"3GNVKGE04AG2","3","G","N","V","K","G","E","0","4","A","G","2",0,0,0,"000000000","00000000000",0,0,0,1,0,0,0,0,0,0,0,998,3,0,0,12,6,2,12,0,0,1,1,13,30080,6,1,0,0,3,0,74,205,98,5,0,3,1,1,2012,5,2015,0,26,0,0,0,3,7,65,1,2,1,1,98,3,1,50,1,1,1,20,"777777777777","777777777777","777777777777",1,0
13,131378,2,2,1,23,12,8,58,12,1,1,0,93,3,84,881,84881,66,2014,"3HSDHSJR6EN7","3","H","S","D","H","S","J","R","6","E","N","7",1,1,57,"519618","57519618",3,6,1,1,0,0,0,0,0,0,0,0,0,0,0,6,4,3,12,0,0,0,1,47,37421,6,1,6,0,3,0,70,160,0,0,0,0,2,10,2013,8,2016,0,0,0,0,0,3,7,65,1,2,1,1,98,3,5,53,1,1,1,21,"888888888888","777777777777","777777777777",0,0
13,131379,1,1,1,17,11,11,29,34,0,1,0,13,1,23,481,23481,31,1989,"1GTDC14K7KZ5","1","G","T","D","C","1","4","K","7","K","Z","5",0,0,0,"000000000","00000000000",0,0,0,1,0,0,0,0,0,0,0,998,0,1,5,12,6,2,34,0,0,0,1,13,30223,6,1,6,0,3,0,71,165,98,0,0,0,1,3,2015,3,2015,0,83,0,0,0,1,2,55,3,1,2,1,0,0,17,87,7,1,4,6,"777777777777","777777777777","777777777777",1,0
13,131380,1,2,1,12,12,3,31,12,1,1,0,13,2,63,33,63033,4,2005,"KNAFE1229551","K","N","A","F","E","1","2","2","9","5","5","1",0,0,0,"000000000","00000000000",0,0,0,1,0,0,0,0,0,0,0,998,0,0,0,12,6,2,42,0,0,0,1,13,30534,6,1,0,0,3,0,72,200,98,0,0,0,1,12,2016,12,2016,0,27,34,0,0,3,2,70,1,1,2,1,0,0,6,51,99,1,2,32,"777777777777","777777777777","777777777777",1,1
13,131380,2,2,1,12,12,3,31,12,1,1,0,13,1,41,49,41049,4,2007,"JM1FE1735702","J","M","1","F","E","1","7","3","5","7","0","2",0,0,0,"000000000","00000000000",0,0,0,1,0,0,0,0,0,0,0,998,0,0,0,6,6,2,12,0,0,0,1,13,30566,6,1,0,0,3,0,63,200,98,0,0,0,0,0,0,0,0,0,0,0,0,0,3,2,70,1,1,2,1,0,0,1,53,99,1,1,32,"777777777777","777777777777","777777777777",0,0
13,131381,1,2,1,15,12,0,21,12,1,1,0,13,1,76,706,76706,80,1997,"JYA4YEE05VA0","J","Y","A","4","Y","E","E","0","5","V","A","0",0,0,0,"000000000","00000000000",0,0,0,1,0,0,0,0,0,0,0,998,0,0,0,12,6,2,12,0,0,0,1,13,30132,6,1,0,0,3,0,70,230,98,0,0,0,0,0,0,0,0,0,26,0,0,0,2,3,55,1,2,2,1,3,3,1,52,99,1,1,28,"777777777777","777777777777","777777777777",1,0
13,131381,2,2,1,15,12,0,21,12,1,1,0,13,1,12,401,12401,14,1985,"1FMDU15H8FLA","1","F","M","D","U","1","5","H","8","F","L","A",0,0,0,"000000000","00000000000",0,0,0,1,0,0,0,0,0,0,0,998,0,0,0,6,6,2,12,0,0,0,1,13,30152,6,1,0,0,3,0,73,220,98,1,0,1,0,8,2013,8,2013,0,0,0,0,0,2,3,55,1,2,2,1,3,3,2,53,99,1,1,29,"777777777777","777777777777","777777777777",0,0
13,131382,1,2,1,15,12,7,26,12,2,1,0,13,1,49,401,49401,14,2004,"JTEZU17R2480","J","T","E","Z","U","1","7","R","2","4","8","0",0,0,0,"000000000","00000000000",0,0,0,1,0,0,0,0,0,0,0,998,0,1,1,12,6,2,2,0,0,1,1,13,30259,6,1,0,0,3,0,72,180,98,0,0,0,0,0,0,0,0,0,0,0,0,0,1,2,55,3,5,2,1,0,0,14,10,99,1,2,50,"777777777777","777777777777","777777777777",1,0
13,131382,2,2,1,15,12,7,26,12,2,1,0,18,3,82,881,82881,66,2014,"3AKJGEBG6ESF","3","A","K","J","G","E","B","G","6","E","S","F",1,3,57,"1249603","571249603",3,6,1,1,0,0,0,0,0,0,0,998,0,0,0,12,6,2,12,0,0,0,1,13,31826,6,1,6,0,3,0,71,260,98,0,0,0,1,7,2014,7,2014,0,0,0,0,0,1,2,55,1,6,2,1,0,0,1,62,99,1,1,51,"1PLE045205PA","777777777777","777777777777",0,0
13,131383,1,2,1,16,12,14,13,12,2,1,0,13,1,7,442,7442,20,2010,"2D4RN4DE1AR4","2","D","4","R","N","4","D","E","1","A","R","4",0,0,0,"000000000","00000000000",0,0,0,1,0,0,0,0,0,0,0,998,0,0,0,12,6,2,12,0,0,0,1,13,30187,6,1,0,0,3,0,70,190,98,0,0,0,1,2,2015,2,2015,0,28,0,0,0,1,2,45,1,1,2,1,0,0,1,10,99,1,2,50,"777777777777","777777777777","777777777777",1,0
13,131383,2,2,1,16,12,14,13,12,2,1,0,47,2,20,481,20481,31,1993,"1GCDC14Z6PZ1","1","G","C","D","C","1","4","Z","6","P","Z","1",0,0,0,"000000000","00000000000",0,0,0,1,0,0,0,0,0,0,0,998,0,0,0,12,6,2,12,0,0,0,1,13,30180,6,1,0,0,3,0,70,210,98,0,0,0,0,0,0,0,0,0,0,0,0,0,1,2,45,1,1,2,1,0,0,1,62,99,1,1,51,"777777777777","777777777777","777777777777",0,0
13,131384,1,2,1,16,12,11,11,12,6,1,0,13,1,20,441,20441,20,2002,"1GNDM19X52B1","1","G","N","D","M","1","9","X","5","2","B","1",0,0,0,"000000000","00000000000",0,0,0,1,0,0,0,0,0,0,0,998,0,0,0,3,6,2,12,0,0,0,1,13,30635,6,1,0,0,3,0,74,169,98,0,0,0,0,0,0,0,0,0,38,0,0,0,0,0,0,0,0,0,0,0,0,1,98,99,1,1,87,"777777777777","777777777777","777777777777",1,0
13,131384,2,2,1,16,12,11,11,12,6,1,0,13,3,85,881,85881,64,2017,"1NKZLP0X4HJ1","1","N","K","Z","L","P","0","X","4","H","J","1",0,0,57,"2921726","572921726",3,2,1,1,0,0,0,0,0,0,0,998,0,0,0,12,6,2,12,0,0,0,1,13,30520,6,1,0,0,3,0,70,150,98,0,0,0,0,0,0,0,0,0,0,0,0,0,5,5,45,1,1,2,1,0,0,1,71,99,1,1,86,"777777777777","777777777777","777777777777",0,0
13,131385,1,1,1,17,12,18,5,8,0,1,0,13,1,20,401,20401,14,1994,"1GNCS13W4R21","1","G","N","C","S","1","3","W","4","R","2","1",0,0,0,"000000000","00000000000",0,0,0,1,0,0,0,0,0,0,0,998,0,0,0,12,6,2,8,0,0,0,1,13,31329,6,1,0,0,3,3,64,170,98,2,1,0,0,2,2015,2,2015,0,86,0,0,0,1,2,45,1,1,2,1,0,0,1,80,16,1,1,13,"777777777777","777777777777","777777777777",0,0
13,131386,1,2,2,17,12,10,2,12,8,1,0,13,2,37,32,37032,4,2009,"JHMCP26759C0","J","H","M","C","P","2","6","7","5","9","C","0",0,0,0,"000000000","00000000000",0,0,0,1,0,0,0,0,0,0,0,998,0,0,0,11,6,2,12,0,0,0,1,13,31519,0,0,0,0,0,0,72,183,98,0,0,0,0,0,0,0,0,0,35,0,0,0,1,3,55,1,6,2,1,0,0,6,10,1,1,2,66,"777777777777","777777777777","777777777777",0,0
13,131386,2,2,4,17,12,10,2,12,8,1,0,13,2,13,421,13421,15,2003,"5LMFU27R43LJ","5","L","M","F","U","2","7","R","4","3","L","J",0,0,0,"000000000","00000000000",0,0,0,1,0,0,0,0,0,0,0,998,0,0,0,7,6,2,12,0,0,0,1,13,31535,6,1,0,0,3,3,74,175,98,0,0,0,0,0,0,0,0,0,0,0,0,0,1,3,55,1,5,2,1,0,0,1,62,7,1,1,66,"777777777777","777777777777","777777777777",1,0
13,131387,1,1,1,17,12,0,0,1,0,1,0,12,2,49,472,49472,30,2007,"3TMJU62N27M0","3","T","M","J","U","6","2","N","2","7","M","0",0,0,0,"000000000","00000000000",0,0,0,1,0,0,0,0,0,0,0,998,0,9,5,0,6,2,1,0,0,0,1,13,39828,6,1,0,0,3,0,66,125,98,0,0,0,0,0,0,0,0,0,58,0,0,0,1,2,55,3,6,2,1,0,0,14,13,6,1,4,6,"777777777777","777777777777","777777777777",1,1
13,131388,1,2,2,17,12,3,40,12,7,1,0,1,1,35,481,35481,31,2009,"1N6BA07DX9N3","1","N","6","B","A","0","7","D","X","9","N","3",0,0,0,"000000000","00000000000",0,0,0,1,0,0,0,0,0,0,0,998,0,0,0,1,6,2,12,0,0,0,1,1,36311,6,1,6,0,3,3,69,135,0,0,0,1,1,2,2012,10,2012,0,0,0,0,0,3,3,70,1,1,2,1,0,0,1,9,99,1,2,48,"777777777777","777777777777","777777777777",1,1
13,131388,2,2,4,17,12,3,40,12,7,1,0,12,4,55,33,55033,4,2016,"5NPE24AF5GH3","5","N","P","E","2","4","A","F","5","G","H","3",0,0,0,"000000000","00000000000",0,0,0,1,0,0,0,0,0,0,0,998,0,0,0,7,4,5,12,0,0,0,1,13,30038,6,1,0,0,3,3,66,200,98,0,0,0,0,0,0,0,0,0,0,0,0,0,3,3,70,1,1,2,1,0,0,1,60,1,1,1,48,"777777777777","777777777777","777777777777",0,0
13,131389,1,1,2,17,12,4,5,38,0,1,0,13,2,14,401,14401,14,2004,"4M2ZU66K64UJ","4","M","2","Z","U","6","6","K","6","4","U","J",0,0,0,"000000000","00000000000",0,0,0,1,0,0,0,0,0,0,0,998,0,1,5,10,6,2,38,0,0,0,1,13,31029,6,1,0,0,3,0,71,130,98,0,0,0,1,3,2014,3,2014,0,58,0,0,0,1,2,55,2,6,2,1,0,0,14,10,7,3,4,2,"777777777777","777777777777","777777777777",1,1
13,131390,1,1,1,17,12,20,5,8,0,1,0,13,1,24,7,24007,4,2005,"1G8AJ52F15Z1","1","G","8","A","J","5","2","F","1","5","Z","1",0,0,0,"000000000","00000000000",0,0,0,1,0,0,0,0,0,0,0,998,0,0,0,12,4,3,8,0,0,0,1,13,31333,6,1,0,0,3,3,74,190,98,0,0,0,0,0,0,0,0,0,0,0,0,0,5,5,40,1,1,2,1,0,0,1,80,6,1,1,13,"777777777777","777777777777","777777777777",0,0
13,131391,1,2,1,17,12,18,50,12,6,1,0,13,1,18,20,18020,4,2002,"2G4WB55K4211","2","G","4","W","B","5","5","K","4","2","1","1",0,0,0,"000000000","00000000000",0,0,0,1,0,0,0,0,0,0,0,998,0,0,0,9,6,2,12,0,0,0,1,13,31021,6,1,0,0,3,3,69,140,98,0,0,1,0,12,2012,12,2012,0,38,0,0,0,1,2,55,1,1,2,1,20,3,11,15,99,1,1,82,"777777777777","777777777777","777777777777",1,0
13,131391,2,2,1,17,12,18,50,12,6,1,0,13,1,12,481,12481,31,2010,"1FTEX1E65AFD","1","F","T","E","X","1","E","6","5","A","F","D",0,0,0,"000000000","00000000000",0,0,0,1,0,0,0,0,0,0,0,998,0,0,0,12,6,2,12,0,0,0,1,13,30102,6,1,0,0,3,0,72,185,98,0,0,0,1,8,2015,8,2015,0,0,0,0,0,3,2,65,1,1,2,1,0,0,1,67,99,1,1,83,"777777777777","777777777777","777777777777",0,0
13,131392,1,2,2,18,12,15,8,12,2,1,0,13,1,42,48,42048,6,1999,"WDBJH65FXXA8","W","D","B","J","H","6","5","F","X","X","A","8",0,0,0,"000000000","00000000000",0,0,0,1,0,0,0,0,0,0,0,998,0,0,0,12,6,2,12,0,0,0,1,13,31206,6,1,0,0,3,3,65,210,98,0,0,0,0,0,0,0,0,0,0,0,0,0,1,2,30,3,1,2,2,0,0,14,62,99,1,1,51,"777777777777","777777777777","777777777777",1,0
13,131392,2,2,1,18,12,15,8,12,2,1,0,13,1,35,49,35049,6,2006,"JN8AZ08T16W4","J","N","8","A","Z","0","8","T","1","6","W","4",0,0,0,"000000000","00000000000",0,0,0,1,0,0,0,0,0,0,0,998,0,0,0,12,6,2,12,0,0,0,1,13,31088,6,1,0,0,3,0,66,130,98,0,0,0,0,0,0,0,0,0,99,99,99,99,1,2,30,2,1,2,2,0,0,14,10,99,1,1,50,"777777777777","777777777777","777777777777",0,0
13,131393,1,1,1,18,12,21,37,35,0,1,0,45,1,12,481,12481,31,2004,"1FTSF30L04EC","1","F","T","S","F","3","0","L","0","4","E","C",0,0,0,"000000000","00000000000",0,0,0,1,0,0,0,0,0,0,0,998,0,1,5,98,6,2,1,0,0,0,1,45,29073,6,1,0,0,3,0,66,165,0,1,0,1,0,10,2013,1,2016,4,87,0,0,0,3,3,65,1,2,2,2,0,0,1,6,99,3,4,2,"777777777777","777777777777","777777777777",1,0
13,131394,1,1,5,18,12,3,44,42,0,1,0,13,2,37,31,37031,4,2015,"2HGFB6E52FH7","2","H","G","F","B","6","E","5","2","F","H","7",0,0,0,"000000000","00000000000",0,0,0,1,0,0,0,0,0,0,0,998,0,0,0,12,6,2,42,0,0,0,1,13,30288,6,7,0,0,3,0,67,158,98,0,0,1,0,6,2015,6,2015,3,36,0,0,0,5,5,40,1,6,2,1,0,0,6,13,99,1,4,1,"777777777777","777777777777","777777777777",2,1
13,131395,1,2,1,18,12,4,47,12,7,1,0,13,2,12,402,12402,14,2006,"1FMYU031X6KA","1","F","M","Y","U","0","3","1","X","6","K","A",0,0,0,"000000000","00000000000",0,0,0,1,0,0,0,0,0,0,0,998,0,0,0,1,6,2,12,0,0,0,1,13,30187,6,2,0,0,3,0,62,125,98,0,0,0,0,0,0,0,0,4,0,0,0,0,2,2,45,1,1,2,2,0,0,1,11,99,1,2,48,"777777777777","777777777777","777777777777",1,0
13,131395,2,2,1,18,12,4,47,12,7,1,0,13,2,49,40,49040,4,2015,"4T1BF1FK9FU4","4","T","1","B","F","1","F","K","9","F","U","4",0,0,0,"000000000","00000000000",0,0,0,1,0,0,0,0,0,0,0,998,0,0,0,11,2,5,12,0,0,0,1,13,30606,6,1,0,0,3,0,66,150,98,1,0,1,2,7,2013,2,2016,0,0,0,0,0,2,2,45,1,1,2,2,0,0,1,60,99,1,1,48,"777777777777","777777777777","777777777777",0,0
13,131396,1,2,1,18,12,19,10,12,1,1,0,20,1,87,881,87881,66,2007,"1XP7DB9X47D6","1","X","P","7","D","B","9","X","4","7","D","6",1,1,57,"2429455","572429455",3,6,1,1,0,0,0,0,0,0,0,998,0,0,0,12,6,2,12,0,0,0,1,13,30016,6,1,6,0,3,0,73,282,98,0,0,0,0,0,0,0,0,0,99,99,99,99,3,3,70,1,5,2,2,28,3,1,51,99,1,1,24,"1GRAP062XFJ6","777777777777","777777777777",0,0
13,131396,2,2,2,18,12,19,10,12,1,1,0,47,1,7,472,7472,31,2000,"1B7GG2AN4YS6","1","B","7","G","G","2","A","N","4","Y","S","6",0,0,0,"000000000","00000000000",0,0,0,1,0,0,0,0,0,0,0,998,0,0,0,6,6,2,12,0,0,0,1,47,37821,6,1,0,0,3,1,76,168,0,0,0,0,0,0,0,0,0,0,0,0,0,0,3,3,70,1,5,2,2,28,3,1,53,99,1,1,25,"777777777777","777777777777","777777777777",1,0
13,131397,1,1,1,18,12,20,20,34,0,1,0,13,1,30,47,30047,3,2004,"3VWCR31C54M4","3","V","W","C","R","3","1","C","5","4","M","4",0,0,0,"000000000","00000000000",0,0,0,1,0,0,0,0,0,0,0,998,0,0,0,14,6,2,42,0,0,0,1,13,30668,6,1,0,0,3,0,74,340,98,0,0,1,0,1,2014,1,2014,0,0,0,0,0,1,2,50,1,1,2,2,0,0,1,12,99,1,4,6,"777777777777","777777777777","777777777777",1,0
13,131398,1,1,1,18,12,4,0,42,0,1,0,13,3,63,441,63441,20,2005,"KNDUP1324567","K","N","D","U","P","1","3","2","4","5","6","7",0,0,0,"000000000","00000000000",0,0,0,1,0,0,0,0,0,0,0,998,0,1,5,5,6,2,42,0,0,0,1,13,31816,6,1,0,0,3,0,68,160,98,2,1,0,0,6,2014,6,2014,4,58,0,0,0,1,2,55,3,1,2,2,28,3,14,13,6,4,4,2,"777777777777","777777777777","777777777777",1,1
13,131399,1,1,1,19,12,18,23,33,0,1,0,13,1,55,401,55401,14,2003,"KM8SC13D93U4","K","M","8","S","C","1","3","D","9","3","U","4",0,0,0,"000000000","00000000000",0,0,0,1,0,0,0,0,0,0,0,998,0,1,5,98,6,2,33,0,0,0,1,13,31406,6,1,0,0,3,0,63,227,98,0,0,0,0,0,0,0,0,0,0,0,0,0,1,2,35,1,2,2,2,0,0,1,13,99,1,4,1,"777777777777","777777777777","777777777777",1,1
13,131400,1,1,1,20,12,21,40,8,0,1,0,13,1,37,402,37402,14,1997,"JHLRD1846VC0","J","H","L","R","D","1","8","4","6","V","C","0",0,0,0,"000000000","00000000000",0,0,0,1,0,0,0,0,0,0,0,998,0,0,0,12,6,2,8,0,0,0,1,13,30083,6,1,0,0,3,0,66,183,98,0,0,0,0,0,0,0,0,0,0,0,0,0,2,2,35,1,1,2,1,0,0,1,80,16,1,1,13,"777777777777","777777777777","777777777777",0,0