"STATE","ST_CASE","VEH_NO","VE_FORMS","NUMOCCS","DAY","MONTH","HOUR","MINUTE","HARM_EV","MAN_COLL","UNITTYPE","HIT_RUN","REG_STAT","OWNER","MAKE","MODEL","MAK_MOD","BODY_TYP","MOD_YEAR","VIN","VIN_1","VIN_2","VIN_3","VIN_4","VIN_5","VIN_6","VIN_7","VIN_8","VIN_9","VIN_10","VIN_11","VIN_12","TOW_VEH","J_KNIFE","MCARR_I1","MCARR_I2","MCARR_ID","GVWR","V_CONFIG","CARGO_BT","HAZ_INV","HAZ_PLAC","HAZ_ID","HAZ_CNO","HAZ_REL","BUS_USE","SPEC_USE","EMER_USE","TRAV_SP","UNDERIDE","ROLLOVER","ROLINLOC","IMPACT1","DEFORMED","TOWED","M_HARM","VEH_SC1","VEH_SC2","FIRE_EXP","DR_PRES","L_STATE","DR_ZIP","L_STATUS","L_TYPE","CDL_STAT","L_ENDORS","L_COMPL","L_RESTRI","DR_HGT","DR_WGT","PREV_ACC","PREV_SUS","PREV_DWI","PREV_SPD","PREV_OTH","FIRST_MO","FIRST_YR","LAST_MO","LAST_YR","SPEEDREL","DR_SF1","DR_SF2","DR_SF3","DR_SF4","VTRAFWAY","VNUM_LAN","VSPD_LIM","VALIGN","VPROFILE","VPAVETYP","VSURCOND","VTRAFCON","VTCONT_F","P_CRASH1","P_CRASH2","P_CRASH3","PCRASH4","PCRASH5","ACC_TYPE","TRLR1VIN","TRLR2VIN","TRLR3VIN","DEATHS","DR_DRINK"
13,131401,1,2,1,20,12,12,10,12,6,1,0,13,2,12,401,12401,14,1997,"1FMDU32E9VZB","1","F","M","D","U","3","2","E","9","V","Z","B",0,0,0,"000000000","00000000000",0,0,0,1,0,0,0,0,0,0,0,998,0,0,0,5,6,2,12,0,0,0,1,13,31006,6,1,0,0,3,0,71,190,98,0,0,0,1,7,2014,7,2014,0,58,0,0,0,2,2,65,1,1,2,1,0,0,1,13,6,1,2,66,"777777777777","777777777777","777777777777",1,0
13,131401,2,2,1,20,12,12,10,12,6,1,0,22,3,82,881,82881,66,2000,"1FUYSSZB1YPB","1","F","U","Y","S","S","Z","B","1","Y","P","B",1,1,57,"1998680","571998680",3,6,1,1,0,0,0,0,0,0,0,998,0,0,0,12,6,2,12,0,0,0,1,28,39657,6,1,6,0,3,0,74,300,98,0,0,0,0,0,0,0,0,0,0,0,0,0,2,2,65,1,1,2,2,0,0,1,62,99,1,1,66,"CMCU4537992","777777777777","777777777777",0,0
13,131402,1,2,1,20,12,6,25,12,2,1,0,13,2,12,401,12401,14,2000,"1FMZU62XXYUB","1","F","M","Z","U","6","2","X","X","Y","U","B",0,0,0,"000000000","00000000000",0,0,0,1,0,0,0,0,0,0,0,998,0,0,0,12,6,2,12,0,0,0,1,13,31501,1,1,0,0,2,0,71,165,98,0,0,1,0,5,2015,5,2015,0,0,0,0,0,1,2,55,3,6,2,2,0,0,14,10,99,1,2,50,"777777777777","777777777777","777777777777",1,0
13,131402,2,2,2,20,12,6,25,12,2,1,0,13,1,12,471,12471,30,1988,"1FTCR14T1JPC","1","F","T","C","R","1","4","T","1","J","P","C",0,0,0,"000000000","00000000000",0,0,0,1,0,0,0,0,0,0,0,998,0,0,0,12,6,2,12,0,0,0,1,13,31503,6,1,6,0,3,0,76,215,98,0,0,1,0,1,2012,1,2012,0,0,0,0,0,1,2,55,2,5,2,2,0,0,14,62,99,1,1,51,"777777777777","777777777777","777777777777",1,0
13,131403,1,1,10,21,12,19,55,9,0,1,0,13,3,90,981,90981,50,1998,"1BAAGCSA2WF0","1","B","A","A","G","C","S","A","2","W","F","0",0,0,88,"888888888","88888888888",3,21,22,1,0,0,0,0,1,2,0,998,0,0,0,12,4,5,9,0,0,0,1,13,30513,6,1,6,1,3,1,70,200,98,0,0,0,0,0,0,0,0,0,0,0,0,0,2,2,55,3,1,2,1,0,0,14,83,99,1,1,13,"777777777777","777777777777","777777777777",0,0
13,131404,1,1,1,21,12,12,50,32,0,1,0,13,1,49,32,49032,4,2010,"2T1BU4EE1AC4","2","T","1","B","U","4","E","E","1","A","C","4",0,0,0,"000000000","00000000000",0,0,0,1,0,0,0,0,0,0,0,998,0,0,0,12,6,2,32,0,0,0,1,13,30540,6,1,0,0,3,0,64,220,98,0,0,0,0,0,0,0,0,0,0,0,0,0,1,2,45,1,1,2,1,0,0,1,13,99,1,4,1,"777777777777","777777777777","777777777777",1,0
13,131405,1,4,2,21,12,9,40,12,6,1,0,13,2,49,40,49040,4,1997,"4T1BG22K4VU1","4","T","1","B","G","2","2","K","4","V","U","1",0,0,0,"000000000","00000000000",0,0,0,1,0,0,0,0,0,0,0,998,0,0,0,1,2,3,12,0,0,0,1,13,30542,6,1,0,0,3,3,69,160,98,0,0,0,1,1,2012,1,2012,0,38,0,0,0,2,4,45,1,1,2,1,3,3,11,15,1,1,1,68,"777777777777","777777777777","777777777777",1,0
13,131405,2,4,1,21,12,9,40,12,6,1,0,13,1,23,481,23481,31,2001,"1GTEC14T01Z2","1","G","T","E","C","1","4","T","0","1","Z","2",0,0,0,"000000000","00000000000",0,0,0,1,0,0,0,0,0,0,0,998,0,0,0,12,6,2,12,0,0,0,1,13,30040,6,1,0,0,3,0,68,141,98,6,1,1,6,2,2012,5,2016,0,0,0,0,0,2,4,45,1,1,2,1,3,3,1,62,99,1,1,69,"777777777777","777777777777","777777777777",0,0
13,131405,3,4,1,21,12,9,40,12,6,1,0,13,1,20,481,20481,31,2013,"1GCNKPEA1DZ1","1","G","C","N","K","P","E","A","1","D","Z","1",0,0,0,"000000000","00000000000",0,0,0,1,0,0,0,0,0,0,0,0,0,0,0,12,2,5,12,0,0,0,1,13,30635,6,1,0,0,3,3,72,235,98,0,0,0,1,8,2012,8,2012,0,0,0,0,0,2,3,45,1,1,2,1,3,3,5,78,1,1,1,98,"777777777777","777777777777","777777777777",0,0
13,131405,4,4,1,21,12,9,40,12,6,1,0,13,1,37,402,37402,14,2014,"2HKRM3H32EH5","2","H","K","R","M","3","H","3","2","E","H","5",0,0,0,"000000000","00000000000",0,0,0,1,0,0,0,0,0,0,0,0,0,0,0,12,2,5,12,0,0,0,1,13,30633,6,1,0,0,3,0,64,152,98,0,0,1,0,11,2016,11,2016,0,0,0,0,0,2,3,45,1,1,2,1,3,3,5,78,1,1,1,98,"777777777777","777777777777","777777777777",0,0
13,131406,1,1,2,21,12,7,27,8,0,1,0,13,3,82,881,82881,64,1994,"1FV6JLCB2RL5","1","F","V","6","J","L","C","B","2","R","L","5",0,0,57,"1021390","571021390",3,2,7,1,0,0,0,0,0,0,0,998,0,0,0,6,8,5,8,0,0,0,1,13,30349,6,1,6,0,3,0,68,164,98,0,0,0,0,0,0,0,0,0,0,0,0,0,1,2,25,1,1,2,1,0,0,13,20,1,1,1,92,"777777777777","777777777777","777777777777",0,0
13,131407,1,1,1,21,12,18,25,8,0,1,0,37,2,20,404,20404,14,2013,"1GNALDEK8DZ1","1","G","N","A","L","D","E","K","8","D","Z","1",0,0,0,"000000000","00000000000",0,0,0,1,0,0,0,0,0,0,0,998,0,0,0,12,6,2,8,0,0,0,1,13,30228,6,1,0,0,3,0,62,180,98,0,0,0,1,9,2014,9,2014,0,0,0,0,0,1,3,30,1,2,2,1,0,0,1,80,99,1,1,13,"777777777777","777777777777","777777777777",0,0
13,131408,1,1,1,21,12,18,3,42,0,1,0,13,1,20,403,20403,14,2003,"1GNDS13SX323","1","G","N","D","S","1","3","S","X","3","2","3",0,0,0,"000000000","00000000000",0,0,0,1,0,0,0,0,0,0,0,998,0,0,0,3,6,2,42,0,0,0,1,13,31029,6,1,0,0,3,3,69,295,98,0,0,0,0,0,0,0,0,0,0,0,0,0,1,2,55,2,2,2,1,0,0,14,13,99,1,4,1,"777777777777","777777777777","777777777777",1,0
13,131409,1,1,1,21,12,15,8,32,0,1,0,13,2,12,471,12471,30,1994,"1FTCR11X6RTB","1","F","T","C","R","1","1","X","6","R","T","B",0,0,0,"000000000","00000000000",0,0,0,1,0,0,0,0,0,0,0,998,0,1,5,1,6,2,1,32,0,0,1,13,31709,6,1,0,0,3,1,71,198,98,0,0,0,0,0,0,0,0,0,58,0,0,0,1,2,55,1,1,2,1,0,0,1,13,6,4,4,7,"777777777777","777777777777","777777777777",1,1
13,131410,1,2,1,21,12,8,48,12,1,1,0,13,1,2,404,2404,14,2003,"1J4GX48SX3C5","1","J","4","G","X","4","8","S","X","3","C","5",0,0,0,"000000000","00000000000",0,0,0,1,0,0,0,0,0,0,0,998,0,1,5,12,6,2,12,0,0,0,1,13,31620,6,1,0,0,3,0,68,235,98,0,0,0,1,3,2014,3,2014,0,26,0,0,0,1,2,55,1,1,2,1,28,3,1,51,99,1,1,24,"777777777777","777777777777","777777777777",1,0
13,131410,2,2,1,21,12,8,48,12,1,1,0,13,1,12,481,12481,31,2003,"1FTRW08L13KC","1","F","T","R","W","0","8","L","1","3","K","C",0,0,0,"000000000","00000000000",0,0,0,1,0,0,0,0,0,0,0,998,0,0,0,6,6,2,12,0,0,0,1,13,31778,6,1,0,0,3,0,67,170,98,0,0,0,0,0,0,0,0,0,0,0,0,0,1,2,55,1,1,2,1,28,3,1,53,99,1,1,25,"777777777777","777777777777","777777777777",0,0
13,131411,1,1,1,23,12,19,15,8,0,1,0,13,1,23,481,23481,31,2001,"2GTEK19T5112","2","G","T","E","K","1","9","T","5","1","1","2",0,0,0,"000000000","00000000000",0,0,0,1,0,0,0,0,0,0,0,998,0,0,0,12,2,5,8,0,0,0,1,13,31639,6,1,0,0,3,0,68,155,98,0,0,0,0,0,0,0,0,0,0,0,0,0,1,2,50,1,1,2,1,28,3,1,80,16,1,1,13,"777777777777","777777777777","777777777777",0,0
13,131412,1,2,3,23,12,0,44,12,6,1,0,13,2,52,34,52034,4,2000,"4A3AA46G8YE1","4","A","3","A","A","4","6","G","8","Y","E","1",0,0,0,"000000000","00000000000",0,0,0,1,0,0,0,0,0,0,0,998,0,0,0,2,6,2,12,0,0,0,1,13,30126,6,1,0,0,3,0,63,145,98,0,0,0,0,0,0,0,0,0,0,0,0,0,1,4,55,1,1,2,1,3,3,1,17,99,1,1,87,"777777777777","777777777777","777777777777",1,0
13,131412,2,2,1,23,12,0,44,12,6,1,0,13,1,63,402,63402,14,2015,"5XYKT3A64FG5","5","X","Y","K","T","3","A","6","4","F","G","5",0,0,0,"000000000","00000000000",0,0,0,1,0,0,0,0,0,0,0,998,0,0,0,12,6,2,12,0,0,0,1,13,30157,6,1,0,0,3,0,65,125,98,0,0,0,0,0,0,0,0,0,0,0,0,0,2,2,55,1,1,2,1,3,3,1,66,99,1,1,86,"777777777777","777777777777","777777777777",0,0
13,131413,1,1,2,24,12,1,0,42,0,1,0,13,1,20,4,20004,2,2015,"1G1YB2D70F51","1","G","1","Y","B","2","D","7","0","F","5","1",0,0,0,"000000000","00000000000",0,0,0,1,0,0,0,0,0,0,0,998,0,1,5,8,6,2,2,0,0,1,1,13,30606,6,1,0,0,3,0,69,130,98,2,0,3,1,10,2012,6,2016,0,0,0,0,0,1,2,45,2,1,2,1,0,0,14,12,99,1,4,6,"777777777777","777777777777","777777777777",1,1
13,131414,1,1,1,24,12,19,29,8,0,1,0,13,4,6,18,6018,4,2015,"1C3CCCBB3FN6","1","C","3","C","C","C","B","B","3","F","N","6",0,0,0,"000000000","00000000000",0,0,0,1,0,0,0,0,0,0,0,998,0,0,0,12,6,2,8,0,0,0,1,13,30038,6,1,0,0,3,0,76,250,98,5,0,3,8,5,2012,6,2015,0,0,0,0,0,1,2,25,1,1,2,1,0,0,1,80,99,1,1,13,"777777777777","777777777777","777777777777",0,0
13,131415,1,4,1,24,12,5,40,12,7,1,0,13,1,12,17,12017,4,2004,"1FAFP53U54A1","1","F","A","F","P","5","3","U","5","4","A","1",0,0,0,"000000000","00000000000",0,0,0,1,0,0,0,0,0,0,0,998,0,0,0,61,6,2,12,0,0,0,1,13,30034,6,1,0,0,3,0,75,180,98,0,0,0,2,5,2012,1,2013,0,27,0,0,0,3,2,55,2,1,2,1,0,0,15,10,99,1,1,47,"777777777777","777777777777","777777777777",1,0
13,131415,2,4,1,24,12,5,40,12,7,1,0,13,1,34,47,34047,2,2017,"WBS3R9C59HK7","W","B","S","3","R","9","C","5","9","H","K","7",0,0,0,"000000000","00000000000",0,0,0,1,0,0,0,0,0,0,0,998,0,0,0,81,4,5,12,0,0,0,1,13,30075,6,1,0,0,3,3,67,190,98,0,0,0,0,0,0,0,0,0,0,0,0,0,3,2,55,2,1,2,1,0,0,14,62,99,1,1,45,"777777777777","777777777777","777777777777",0,0
13,131415,3,4,1,24,12,5,40,12,7,1,0,13,3,12,481,12481,31,2002,"1FTRX17262NA","1","F","T","R","X","1","7","2","6","2","N","A",0,0,0,"000000000","00000000000",0,0,0,1,0,0,0,0,0,0,0,998,0,0,0,7,6,2,12,0,0,0,1,13,30314,6,1,6,0,3,0,65,170,98,0,0,0,0,0,0,0,0,0,0,0,0,0,3,2,55,1,1,2,1,0,0,1,60,99,1,1,98,"777777777777","777777777777","777777777777",0,0
13,131415,4,4,1,24,12,5,40,12,7,1,0,13,3,49,40,49040,4,2016,"4T4BF1FK1GR5","4","T","4","B","F","1","F","K","1","G","R","5",0,0,0,"000000000","00000000000",0,0,0,1,0,0,0,0,0,0,0,998,0,0,0,14,4,5,18,0,0,0,1,13,30341,6,1,6,0,3,0,65,165,98,0,0,0,3,7,2012,2,2016,0,0,0,0,0,3,2,55,1,1,2,1,0,0,1,90,99,1,1,98,"777777777777","777777777777","777777777777",0,0
13,131416,1,1,1,24,12,6,29,8,0,1,1,99,9,99,999,99999,99,9999,"999999999999","9","9","9","9","9","9","9","9","9","9","9","9",9,0,99,"999999999","99999999999",9,99,99,1,0,0,0,0,99,99,9,999,0,0,0,12,9,5,8,0,0,0,1,99,99999,9,9,99,9,9,9,999,999,99,99,99,99,99,99,9999,99,9999,9,99,99,99,99,1,2,45,1,2,2,1,0,0,99,80,99,9,1,13,"777777777777","777777777777","777777777777",0,0
13,131417,1,1,4,25,12,19,8,8,0,1,0,13,1,7,442,7442,20,2007,"2D4GP44L17R1","2","D","4","G","P","4","4","L","1","7","R","1",0,0,0,"000000000","00000000000",0,0,0,1,0,0,0,0,0,0,0,998,0,0,0,12,6,2,8,0,0,0,1,13,30052,6,1,0,0,3,3,74,249,98,0,0,0,0,0,0,0,0,0,0,0,0,0,1,3,45,1,2,2,1,0,0,2,80,9,1,1,13,"777777777777","777777777777","777777777777",0,0
13,131418,1,1,1,25,12,9,52,53,0,1,0,13,1,12,471,12471,30,1994,"1FTCR10X9RUD","1","F","T","C","R","1","0","X","9","R","U","D",0,0,0,"000000000","00000000000",0,0,0,1,0,0,0,0,0,0,0,998,0,1,5,11,6,2,1,0,0,0,1,13,31622,6,1,6,0,3,3,65,200,98,0,0,0,0,0,0,0,0,0,58,0,0,0,1,2,55,1,1,2,1,0,0,1,13,8,3,4,2,"777777777777","777777777777","777777777777",1,0
13,131419,1,1,1,25,12,13,25,42,0,1,0,13,2,63,37,63037,6,2013,"KNDJT2A51D75","K","N","D","J","T","2","A","5","1","D","7","5",0,0,0,"000000000","00000000000",0,0,0,1,0,0,0,0,0,0,0,998,0,1,5,12,6,2,42,0,0,1,1,13,31088,6,1,0,0,3,3,66,200,98,0,0,1,0,7,2013,7,2013,0,0,0,0,0,3,2,70,1,1,2,1,0,0,1,13,99,1,4,1,"777777777777","777777777777","777777777777",1,0
13,131420,1,1,2,25,12,17,41,15,0,1,0,13,1,7,472,7472,31,2004,"1D7HL38K14S6","1","D","7","H","L","3","8","K","1","4","S","6",0,0,0,"000000000","00000000000",0,0,0,1,0,0,0,0,0,0,0,998,0,0,0,14,0,5,15,0,0,0,1,13,30157,6,1,0,0,3,3,65,170,98,0,0,1,0,2,2016,2,2016,0,0,0,0,0,1,2,25,1,1,2,1,0,0,13,80,99,1,1,92,"777777777777","777777777777","777777777777",0,0
13,131421,1,2,1,26,12,20,43,24,0,1,0,13,1,20,28,20028,5,2015,"1G1JC6SH1F41","1","G","1","J","C","6","S","H","1","F","4","1",0,0,0,"000000000","00000000000",0,0,0,1,0,0,0,0,0,0,0,998,0,0,0,1,6,2,12,0,0,0,1,13,30121,6,1,0,0,3,3,67,195,98,0,0,0,1,9,2016,9,2016,0,0,0,0,0,1,3,55,3,1,2,1,0,0,14,13,99,1,4,1,"777777777777","777777777777","777777777777",1,0
13,131421,2,2,3,26,12,20,43,24,0,1,0,13,2,59,34,59034,4,2000,"JT8BD68S5Y01","J","T","8","B","D","6","8","S","5","Y","0","1",0,0,0,"000000000","00000000000",0,0,0,1,0,0,0,0,0,0,0,998,0,0,0,12,6,2,12,0,0,0,1,13,30040,6,1,0,0,3,0,62,120,98,0,0,0,0,0,0,0,0,0,0,0,0,0,1,3,55,2,1,2,1,0,0,14,62,99,1,1,98,"777777777777","777777777777","777777777777",0,0
13,131422,1,1,1,26,12,2,0,1,0,1,0,13,2,12,3,12003,3,1992,"1FACP42E4NF1","1","F","A","C","P","4","2","E","4","N","F","1",0,0,0,"000000000","00000000000",0,0,0,1,0,0,0,0,0,0,0,998,0,1,5,0,6,2,1,0,0,0,1,13,31601,4,1,0,0,2,0,69,160,98,0,0,0,0,0,0,0,0,0,58,0,0,0,1,2,30,2,1,2,1,0,0,14,12,6,4,4,7,"777777777777","777777777777","777777777777",1,1
13,131423,1,1,1,27,12,23,21,30,0,1,0,13,2,20,9,20009,2,2010,"2G1FC1EV2A92","2","G","1","F","C","1","E","V","2","A","9","2",0,0,0,"000000000","00000000000",0,0,0,1,0,0,0,0,0,0,0,998,0,0,0,12,6,2,30,0,0,1,1,13,30101,6,2,0,0,3,0,72,153,98,2,0,2,3,8,2014,7,2016,3,0,0,0,0,6,2,65,1,2,2,1,1,1,10,12,99,1,4,6,"777777777777","777777777777","777777777777",1,1
13,131424,1,1,2,27,12,22,50,35,0,1,0,13,2,63,34,63034,4,2009,"KNAGE2288953","K","N","A","G","E","2","2","8","8","9","5","3",0,0,0,"000000000","00000000000",0,0,0,1,0,0,0,0,0,0,0,998,0,1,5,12,6,2,1,0,0,0,1,13,31206,1,1,0,0,2,0,66,162,98,0,0,0,0,0,0,0,0,3,36,37,58,0,1,2,55,3,1,2,2,0,0,14,12,99,1,4,6,"777777777777","777777777777","777777777777",1,1
13,131425,1,2,1,27,12,12,6,12,6,1,0,0,0,99,709,99709,83,2000,"000000000000","0","0","0","0","0","0","0","0","0","0","0","0",0,0,0,"000000000","00000000000",0,0,0,1,0,0,0,0,0,0,0,998,0,0,0,3,6,2,12,0,0,0,1,13,30315,0,0,0,0,0,0,999,999,98,0,0,0,0,0,0,0,0,0,38,0,0,0,2,3,45,1,1,2,1,3,3,1,17,99,1,1,69,"777777777777","777777777777","777777777777",1,0
13,131425,2,2,1,27,12,12,6,12,6,1,0,92,0,82,881,82881,62,2017,"3ALACWDT6HDJ","3","A","L","A","C","W","D","T","6","H","D","J",0,0,77,"777777777","77777777777",2,1,1,1,0,0,0,0,0,0,0,998,0,0,0,12,2,5,12,0,0,0,1,13,30344,6,1,6,0,3,3,64,180,98,0,0,1,0,6,2013,6,2013,0,0,0,0,0,1,2,45,1,1,2,1,3,3,11,66,99,1,1,68,"777777777777","777777777777","777777777777",0,0
13,131426,1,1,1,27,12,16,59,14,0,1,0,13,2,20,471,20471,30,2000,"1GCCS1451YK2","1","G","C","C","S","1","4","5","1","Y","K","2",0,0,0,"000000000","00000000000",0,0,0,1,0,0,0,0,0,0,0,998,0,0,0,12,6,2,14,0,0,0,1,13,31316,6,1,0,0,3,0,71,190,98,0,0,0,0,0,0,0,0,0,0,0,0,0,1,3,45,1,1,2,1,0,0,1,13,99,1,4,1,"777777777777","777777777777","777777777777",1,0
13,131427,1,1,2,28,12,21,32,8,0,1,0,13,1,20,401,20401,14,1996,"1GNCS13W9T21","1","G","N","C","S","1","3","W","9","T","2","1",0,0,0,"000000000","00000000000",0,0,0,1,0,0,0,0,0,0,0,998,0,0,0,12,4,5,8,0,0,0,1,13,30087,6,1,0,0,3,3,72,195,98,2,0,1,2,11,2013,10,2014,0,0,0,0,0,1,4,45,3,1,2,1,0,0,14,80,99,1,1,13,"777777777777","777777777777","777777777777",0,0
13,131428,1,1,1,28,12,17,28,42,0,1,0,13,1,12,481,12481,39,2014,"1FDRF3H6XEEA","1","F","D","R","F","3","H","6","X","E","E","A",0,0,0,"000000000","00000000000",0,0,0,1,0,0,0,0,0,0,0,998,0,0,0,11,6,2,42,0,0,0,1,13,30552,6,1,0,0,3,0,74,212,98,0,0,0,0,0,0,0,0,0,36,0,0,0,1,2,45,2,5,2,1,0,0,6,12,99,1,4,6,"777777777777","777777777777","777777777777",1,1
13,131429,1,1,1,29,12,1,55,8,0,1,0,13,2,7,24,7024,4,2008,"2B3KA43G28H2","2","B","3","K","A","4","3","G","2","8","H","2",0,0,0,"000000000","00000000000",0,0,0,1,0,0,0,0,0,0,0,998,0,0,0,12,4,3,8,0,0,0,1,13,30297,6,1,0,0,3,0,74,147,98,1,0,2,1,7,2012,8,2015,0,0,0,0,0,1,2,35,1,2,2,1,0,0,1,80,99,1,1,13,"777777777777","777777777777","777777777777",0,0
13,131430,1,1,1,29,12,5,18,53,0,1,0,13,2,2,406,2406,14,2006,"1J8HH48N86C2","1","J","8","H","H","4","8","N","8","6","C","2",0,0,0,"000000000","00000000000",0,0,0,1,0,0,0,0,0,0,0,998,0,1,5,12,6,2,32,0,0,0,1,13,30548,6,1,5,0,3,0,64,150,98,1,1,0,0,9,2015,9,2015,0,0,0,0,0,1,2,45,1,1,2,2,0,0,1,13,99,1,4,1,"777777777777","777777777777","777777777777",1,1
13,131431,1,3,2,29,12,14,5,12,6,1,0,13,2,55,36,55036,3,2002,"KMHCG35C02U1","K","M","H","C","G","3","5","C","0","2","U","1",0,0,0,"000000000","00000000000",0,0,0,1,0,0,0,0,0,0,0,998,0,0,0,1,6,2,12,0,0,1,1,13,31701,0,0,0,0,0,0,999,999,98,0,0,0,0,0,0,0,0,0,48,0,0,0,5,5,45,2,1,2,2,0,0,11,15,99,1,1,68,"777777777777","777777777777","777777777777",2,0
13,131431,2,3,1,29,12,14,5,12,6,1,0,12,3,84,884,84884,66,2002,"2HSCEAMR12C0","2","H","S","C","E","A","M","R","1","2","C","0",1,1,57,"1665102","571665102",3,6,1,1,0,0,0,0,0,0,0,998,7,0,0,12,6,2,2,0,0,1,1,12,32583,6,1,6,0,3,3,71,999,0,1,0,2,0,9,2014,12,2015,0,0,0,0,0,1,4,45,3,1,2,2,0,0,14,62,99,1,1,69,"40FL04838S10","777777777777","777777777777",0,0
13,131431,3,3,2,29,12,14,5,12,6,1,0,17,1,37,441,37441,20,2016,"5FNRL5H69GB1","5","F","N","R","L","5","H","6","9","G","B","1",0,0,0,"000000000","00000000000",0,0,0,1,0,0,0,0,0,0,0,998,0,0,0,12,6,2,33,0,0,0,1,17,61604,6,1,0,0,3,0,69,145,0,0,0,0,0,0,0,0,0,0,0,0,0,0,5,5,45,3,1,2,2,0,0,14,90,16,1,1,98,"777777777777","777777777777","777777777777",0,0
13,131432,1,1,1,31,12,23,24,53,0,1,0,13,2,52,46,52046,4,2003,"JA3AH86FX3U0","J","A","3","A","H","8","6","F","X","3","U","0",0,0,0,"000000000","00000000000",0,0,0,1,0,0,0,0,0,0,0,998,0,1,5,12,6,2,1,0,0,0,1,13,30721,6,1,0,0,3,0,66,140,98,0,0,0,0,0,0,0,0,3,36,0,0,0,1,2,55,2,6,2,2,28,3,14,6,99,1,4,1,"777777777777","777777777777","777777777777",1,0
13,131433,1,1,1,31,12,0,45,9,0,1,0,18,3,82,881,82881,66,2015,"3AKJGBDV3FDG","3","A","K","J","G","B","D","V","3","F","D","G",1,1,57,"339240","57339240",3,6,1,1,0,0,0,0,0,0,0,998,0,0,0,12,6,2,9,0,0,0,1,13,31605,6,1,6,9,3,0,73,240,98,0,0,0,1,2,2013,2,2013,0,0,0,0,0,1,4,45,1,1,2,1,0,0,1,83,99,1,1,13,"1UYVS2534BG1","777777777777","777777777777",0,0
15,150001,1,1,1,15,1,21,24,8,0,1,1,15,2,49,401,49401,14,1988,"JT4VN63M0J00","J","T","4","V","N","6","3","M","0","J","0","0",0,0,0,"000000000","00000000000",0,0,0,1,0,0,0,0,0,0,0,999,0,0,0,12,2,5,8,0,0,0,1,15,96732,6,1,0,0,3,0,65,140,1,0,0,0,1,4,2014,4,2014,0,91,0,0,0,1,5,30,1,1,2,1,0,0,1,80,99,9,1,13,"777777777777","777777777777","777777777777",0,0
15,150002,1,2,1,19,1,19,15,12,6,1,1,15,2,37,31,37031,4,2003,"999999999999","9","9","9","9","9","9","9","9","9","9","9","9",0,0,0,"000000000","00000000000",0,0,0,1,0,0,0,0,0,0,0,999,0,0,0,12,9,5,12,0,0,0,1,15,96750,0,0,0,0,0,0,65,130,0,0,0,0,0,0,0,0,0,0,39,38,0,0,1,2,25,1,5,2,1,20,3,1,17,99,1,1,88,"777777777777","777777777777","777777777777",0,0
15,150002,2,2,1,19,1,19,15,12,6,1,0,15,1,37,701,37701,81,9999,"999999999999","9","9","9","9","9","9","9","9","9","9","9","9",0,0,0,"000000000","00000000000",0,0,0,1,0,0,0,0,0,0,0,999,0,0,0,61,6,2,12,0,0,0,1,15,96737,0,0,0,0,0,0,999,999,0,0,0,0,0,0,0,0,0,0,0,0,0,0,1,2,25,1,6,2,1,0,0,1,66,99,1,1,89,"777777777777","777777777777","777777777777",1,0
15,150003,1,1,1,25,1,11,53,39,0,1,0,15,2,53,706,53706,80,2005,"JS1GT76A5521","J","S","1","G","T","7","6","A","5","5","2","1",0,0,0,"000000000","00000000000",0,0,0,1,0,0,0,0,0,0,0,999,0,0,0,99,6,2,39,0,0,0,1,15,96793,6,1,0,0,2,0,72,198,1,0,0,0,0,9,2014,9,2014,4,28,0,0,0,1,2,20,3,1,2,1,0,0,14,6,99,9,4,2,"777777777777","777777777777","777777777777",1,0
15,150004,1,1,2,19,1,3,0,1,0,1,0,15,3,35,446,35446,20,2015,"3N6CM0KN7FK7","3","N","6","C","M","0","K","N","7","F","K","7",0,0,0,"000000000","00000000000",0,0,0,1,0,0,0,0,0,0,0,999,0,2,5,0,6,2,1,0,0,0,1,36,99999,6,1,0,0,3,3,67,150,0,7,2,0,0,1,2012,2,2015,9,0,0,0,0,1,2,20,3,5,2,1,0,0,14,13,99,1,4,1,"777777777777","777777777777","777777777777",1,1
15,150005,1,1,1,6,1,13,50,8,0,1,0,15,1,37,31,37031,4,2004,"JHMES96644S0","J","H","M","E","S","9","6","6","4","4","S","0",0,0,0,"000000000","00000000000",0,0,0,1,0,0,0,0,0,0,0,999,0,0,0,12,2,5,8,0,0,0,1,15,96792,6,1,0,0,3,1,63,190,0,0,0,3,1,5,2012,6,2014,5,0,0,0,0,1,2,25,1,1,2,1,0,0,1,80,99,1,1,13,"777777777777","777777777777","777777777777",0,1
15,150006,1,1,1,5,1,22,49,8,0,1,0,15,2,37,32,37032,2,2003,"1HGCM66513A0","1","H","G","C","M","6","6","5","1","3","A","0",0,0,0,"000000000","00000000000",0,0,0,1,0,0,0,0,0,0,0,999,0,0,0,12,4,3,8,0,0,0,1,15,96792,6,1,0,0,3,0,65,140,0,0,0,2,1,12,2012,12,2015,0,0,0,0,0,2,4,25,1,1,2,1,0,0,1,80,99,9,1,13,"777777777777","777777777777","777777777777",0,0