"STATE","ST_CASE","VEH_NO","VE_FORMS","NUMOCCS","DAY","MONTH","HOUR","MINUTE","HARM_EV","MAN_COLL","UNITTYPE","HIT_RUN","REG_STAT","OWNER","MAKE","MODEL","MAK_MOD","BODY_TYP","MOD_YEAR","VIN","VIN_1","VIN_2","VIN_3","VIN_4","VIN_5","VIN_6","VIN_7","VIN_8","VIN_9","VIN_10","VIN_11","VIN_12","TOW_VEH","J_KNIFE","MCARR_I1","MCARR_I2","MCARR_ID","GVWR","V_CONFIG","CARGO_BT","HAZ_INV","HAZ_PLAC","HAZ_ID","HAZ_CNO","HAZ_REL","BUS_USE","SPEC_USE","EMER_USE","TRAV_SP","UNDERIDE","ROLLOVER","ROLINLOC","IMPACT1","DEFORMED","TOWED","M_HARM","VEH_SC1","VEH_SC2","FIRE_EXP","DR_PRES","L_STATE","DR_ZIP","L_STATUS","L_TYPE","CDL_STAT","L_ENDORS","L_COMPL","L_RESTRI","DR_HGT","DR_WGT","PREV_ACC","PREV_SUS","PREV_DWI","PREV_SPD","PREV_OTH","FIRST_MO","FIRST_YR","LAST_MO","LAST_YR","SPEEDREL","DR_SF1","DR_SF2","DR_SF3","DR_SF4","VTRAFWAY","VNUM_LAN","VSPD_LIM","VALIGN","VPROFILE","VPAVETYP","VSURCOND","VTRAFCON","VTCONT_F","P_CRASH1","P_CRASH2","P_CRASH3","PCRASH4","PCRASH5","ACC_TYPE","TRLR1VIN","TRLR2VIN","TRLR3VIN","DEATHS","DR_DRINK"
15,150007,1,1,1,26,1,17,32,15,0,1,0,15,1,2,403,2403,14,2015,"1C4BJWDG3FL5","1","C","4","B","J","W","D","G","3","F","L","5",0,0,0,"000000000","00000000000",0,0,0,1,0,0,0,0,0,0,0,25,0,0,0,12,2,3,15,0,0,0,1,48,96817,6,1,0,0,3,3,999,999,0,0,0,0,0,0,0,0,0,0,0,0,0,0,1,5,35,1,1,2,1,3,3,1,83,99,9,1,13,"777777777777","777777777777","777777777777",0,0
15,150008,1,1,4,15,2,3,59,34,0,1,0,15,1,49,32,49032,4,2011,"2T1BU4EE9BC5","2","T","1","B","U","4","E","E","9","B","C","5",0,0,0,"000000000","00000000000",0,0,0,1,0,0,0,0,0,0,0,999,0,1,2,12,6,2,26,0,0,0,1,15,96749,6,1,0,0,3,0,68,120,0,0,0,1,0,1,2016,1,2016,5,28,0,0,0,2,2,45,1,6,2,1,0,0,1,10,99,1,4,6,"777777777777","777777777777","777777777777",1,0
15,150009,1,1,2,28,2,3,4,33,0,1,0,15,2,35,472,35472,30,2003,"1N6DD26T03C4","1","N","6","D","D","2","6","T","0","3","C","4",0,0,0,"000000000","00000000000",0,0,0,1,0,0,0,0,0,0,0,999,0,0,0,12,6,2,30,99,99,0,1,15,96779,6,1,0,0,3,3,70,175,0,0,0,0,0,0,0,0,0,9,0,0,0,0,2,4,45,1,1,2,1,3,3,1,13,99,1,4,1,"777777777777","777777777777","777777777777",1,1
15,150010,1,1,1,28,2,1,10,8,0,1,0,15,1,98,709,98709,81,2005,"RKPD10BF55B1","R","K","P","D","1","0","B","F","5","5","B","1",0,0,0,"000000000","00000000000",0,0,0,1,0,0,0,0,0,0,0,999,0,0,0,12,6,2,8,0,0,0,1,15,96792,6,1,0,0,1,0,66,180,0,0,0,1,1,11,2015,11,2015,4,0,0,0,0,1,2,35,1,1,2,1,0,0,1,80,99,1,1,13,"777777777777","777777777777","777777777777",1,1
15,150012,1,1,1,7,2,1,40,8,0,1,0,15,1,35,472,35472,30,2010,"1N6AD0EV6AC4","1","N","6","A","D","0","E","V","6","A","C","4",0,0,0,"000000000","00000000000",0,0,0,1,0,0,0,0,0,0,0,999,0,0,0,12,6,2,8,0,0,0,1,15,96755,6,1,0,0,3,0,66,160,0,0,0,0,0,0,0,0,0,0,28,0,0,0,1,2,30,1,1,2,2,0,0,1,10,99,1,4,13,"777777777777","777777777777","777777777777",0,1
15,150013,1,2,1,3,3,1,2,12,2,1,0,15,1,20,443,20443,20,1999,"1GNDX03E0XD1","1","G","N","D","X","0","3","E","0","X","D","1",0,0,0,"000000000","00000000000",0,0,0,1,0,0,0,0,0,0,0,999,0,0,0,12,6,2,12,0,0,0,1,15,96738,6,1,0,0,3,3,72,170,0,0,0,0,0,0,0,0,0,0,28,0,0,0,1,2,55,1,1,2,8,0,0,1,10,99,1,2,50,"777777777777","777777777777","777777777777",1,0
15,150013,2,2,1,3,3,1,2,12,2,1,0,15,2,37,441,37441,20,2004,"5FNRL18634B0","5","F","N","R","L","1","8","6","3","4","B","0",0,0,0,"000000000","00000000000",0,0,0,1,0,0,0,0,0,0,0,999,0,0,0,12,6,2,12,0,0,0,1,15,96738,6,1,0,0,3,0,71,210,0,0,0,0,0,0,0,0,0,0,0,0,0,0,1,2,55,1,1,2,98,0,0,1,62,99,1,1,51,"777777777777","777777777777","777777777777",1,0
15,150014,1,1,3,7,3,13,18,30,0,1,0,15,2,21,17,21017,4,1990,"1G3AM54N0L63","1","G","3","A","M","5","4","N","0","L","6","3",0,0,0,"000000000","00000000000",0,0,0,1,0,0,0,0,0,0,0,999,0,0,0,12,6,2,30,0,0,0,1,26,49738,6,1,0,0,3,0,59,100,0,0,0,0,0,0,0,0,0,9,0,0,0,0,1,2,25,3,5,2,1,0,0,14,13,99,1,4,1,"777777777777","777777777777","777777777777",1,0
15,150015,1,1,1,1,3,18,35,33,0,1,0,15,1,53,706,53706,80,2013,"JS1GT78A7D21","J","S","1","G","T","7","8","A","7","D","2","1",0,0,0,"000000000","00000000000",0,0,0,1,0,0,0,0,0,0,0,999,0,0,0,12,6,2,30,0,0,0,1,15,96863,6,1,0,0,2,0,67,131,0,0,0,0,0,0,0,0,0,4,0,0,0,0,3,2,25,3,1,2,1,0,0,14,13,99,9,4,1,"777777777777","777777777777","777777777777",1,0
15,150016,1,1,1,4,3,19,9,8,0,1,1,15,1,42,999,42999,99,2005,"WDBRF40J35F6","W","D","B","R","F","4","0","J","3","5","F","6",0,0,0,"000000000","00000000000",0,0,0,1,0,0,0,0,0,0,0,999,0,0,0,12,2,5,8,0,0,0,1,15,96816,6,1,0,0,3,3,59,105,0,0,0,0,0,0,0,0,0,9,38,0,0,0,4,5,30,1,1,2,1,0,0,1,80,1,1,1,13,"777777777777","777777777777","777777777777",0,0
15,150017,1,2,1,30,3,5,26,12,2,1,0,15,1,76,705,76705,80,2004,"JYARN13EX4A0","J","Y","A","R","N","1","3","E","X","4","A","0",0,0,0,"000000000","00000000000",0,0,0,1,0,0,0,0,0,0,0,999,0,0,0,12,6,2,12,0,0,0,1,15,96768,6,1,0,0,3,0,73,155,0,0,0,0,1,6,2015,6,2015,3,36,0,0,0,2,4,45,1,5,2,1,0,0,1,17,6,1,2,83,"777777777777","777777777777","777777777777",1,0
15,150017,2,2,1,30,3,5,26,12,2,1,0,15,1,59,401,59401,14,2000,"JT6GF10U9Y00","J","T","6","G","F","1","0","U","9","Y","0","0",0,0,0,"000000000","00000000000",0,0,0,1,0,0,0,0,0,0,0,999,0,0,0,12,6,2,12,0,0,0,1,15,96768,6,1,0,0,3,0,66,200,0,0,0,0,1,10,2011,10,2011,0,0,0,0,0,2,2,25,1,6,2,1,20,3,11,55,1,1,1,82,"777777777777","777777777777","777777777777",0,0
15,150018,1,2,3,9,4,20,21,30,0,1,1,15,2,37,31,37031,4,2001,"2HGES16581H5","2","H","G","E","S","1","6","5","8","1","H","5",0,0,0,"000000000","00000000000",0,0,0,1,0,0,0,0,0,0,0,999,0,1,5,12,6,2,1,0,0,0,1,15,96749,6,1,0,0,3,0,66,170,0,0,0,0,2,4,2013,7,2013,3,36,0,0,0,1,2,35,3,1,2,1,0,0,14,6,99,9,4,2,"777777777777","777777777777","777777777777",1,1
15,150018,2,2,4,9,4,20,21,30,0,1,0,15,1,49,46,49046,5,2015,"JTDKDTB38F11","J","T","D","K","D","T","B","3","8","F","1","1",0,0,0,"000000000","00000000000",0,0,0,1,0,0,0,0,0,0,0,999,0,0,0,13,4,5,54,0,0,0,1,15,96778,6,1,0,0,3,3,66,250,0,0,0,0,0,0,0,0,0,0,0,0,0,0,1,2,35,1,1,2,1,0,0,1,92,1,1,1,98,"777777777777","777777777777","777777777777",0,0
15,150019,1,1,1,27,3,20,30,8,0,1,1,15,2,12,471,12471,30,2003,"1FTZR15E63PA","1","F","T","Z","R","1","5","E","6","3","P","A",0,0,0,"000000000","00000000000",0,0,0,1,0,0,0,0,0,0,0,999,0,0,0,12,4,5,8,0,0,0,1,15,96720,1,1,0,0,2,0,74,185,0,3,0,3,13,4,2012,1,2016,9,0,0,0,0,1,2,45,1,6,2,1,0,0,1,99,99,1,9,13,"777777777777","777777777777","777777777777",0,0
15,150020,1,2,1,12,4,4,51,12,6,1,0,15,2,13,12,13012,4,2001,"1LNHM86S21Y6","1","L","N","H","M","8","6","S","2","1","Y","6",0,0,0,"000000000","00000000000",0,0,0,1,0,0,0,0,0,0,0,999,0,0,0,3,6,2,12,0,0,0,1,15,96745,6,1,0,0,3,3,71,150,0,0,0,1,0,6,2012,6,2012,0,39,0,0,0,1,2,35,1,5,2,2,3,3,1,17,1,1,1,87,"777777777777","777777777777","777777777777",1,0
15,150020,2,2,1,12,4,4,51,12,6,1,0,15,3,87,884,87884,78,2014,"3BPZXJ0X1EF2","3","B","P","Z","X","J","0","X","1","E","F","2",0,0,15,"S00002627","15S00002627",3,19,7,1,0,0,0,0,0,0,0,999,0,0,0,12,2,3,12,0,0,0,1,15,96778,6,1,6,1,3,1,71,240,0,0,0,0,0,0,0,0,0,9,0,0,0,0,1,2,35,1,1,2,2,3,3,1,17,1,1,1,86,"777777777777","777777777777","777777777777",0,0
15,150021,1,1,1,17,3,19,34,8,0,1,0,15,3,92,988,92988,52,2012,"15GGD271XC11","1","5","G","G","D","2","7","1","X","C","1","1",0,0,15,"S0001318","15S0001318",3,21,22,1,0,0,0,0,6,3,0,999,0,0,0,5,0,5,8,0,0,0,1,15,96826,6,1,6,1,3,1,66,127,0,0,0,0,1,3,2012,3,2012,0,0,0,0,0,1,2,15,1,1,1,1,0,0,2,81,1,1,1,98,"777777777777","777777777777","777777777777",0,0
15,150022,1,1,1,21,3,17,5,18,0,1,0,15,1,20,481,20481,31,2016,"1GC2CUEPXGZ1","1","G","C","2","C","U","E","P","X","G","Z","1",0,0,0,"000000000","00000000000",0,0,0,1,0,0,0,0,0,0,0,999,0,0,0,12,6,2,18,0,0,0,1,15,96789,6,1,0,0,3,3,74,230,0,0,0,0,1,11,2015,11,2015,0,0,0,0,0,1,2,25,1,1,2,1,0,0,1,90,99,1,2,12,"777777777777","777777777777","777777777777",1,0
15,150023,1,1,1,8,3,8,10,58,0,1,0,15,1,76,703,76703,88,2006,"JYASG18Y56A0","J","Y","A","S","G","1","8","Y","5","6","A","0",0,0,0,"000000000","00000000000",0,0,0,1,0,0,0,0,0,0,0,999,0,0,0,99,4,3,24,0,0,0,1,15,96756,6,1,0,0,3,0,65,160,0,0,0,0,0,0,0,0,0,0,0,0,0,0,2,2,25,1,1,2,2,0,0,1,9,1,1,3,98,"777777777777","777777777777","777777777777",1,0
15,150024,1,1,1,14,4,1,28,35,0,1,0,15,2,32,43,32043,4,2002,"WAUJT68E42A1","W","A","U","J","T","6","8","E","4","2","A","1",0,0,0,"000000000","00000000000",0,0,0,1,0,0,0,0,0,0,0,999,0,1,5,12,6,2,1,0,0,0,1,15,96708,0,0,0,0,0,0,72,165,0,0,0,0,0,0,0,0,0,3,36,0,0,0,1,2,30,1,6,2,2,0,0,1,10,99,9,4,6,"777777777777","777777777777","777777777777",1,1
15,150025,1,1,1,27,3,14,4,57,0,1,0,15,1,37,706,37706,80,2014,"JH2SC5954EK6","J","H","2","S","C","5","9","5","4","E","K","6",0,0,0,"000000000","00000000000",0,0,0,1,0,0,0,0,0,0,0,57,0,0,0,12,6,2,57,0,0,0,1,53,96701,6,1,0,0,3,0,73,160,0,0,0,2,0,10,2015,1,2016,3,36,0,0,0,3,3,45,3,5,2,1,0,0,14,11,1,1,4,1,"777777777777","777777777777","777777777777",1,0
15,150026,1,1,1,8,4,19,55,8,0,1,0,15,1,49,40,49040,4,2000,"4T1BF28K8YU1","4","T","1","B","F","2","8","K","8","Y","U","1",0,0,0,"000000000","00000000000",0,0,0,1,0,0,0,0,0,0,0,998,0,0,0,12,4,3,8,0,0,0,1,15,96825,6,1,0,0,3,3,71,230,0,0,0,2,9,11,2011,1,2016,3,0,0,0,0,1,2,25,1,6,2,1,0,0,1,80,1,1,1,13,"777777777777","777777777777","777777777777",0,0
15,150027,1,1,2,16,4,21,45,8,0,1,0,15,2,49,40,49040,4,1997,"JT2BF22K2V00","J","T","2","B","F","2","2","K","2","V","0","0",0,0,0,"000000000","00000000000",0,0,0,1,0,0,0,0,0,0,0,999,0,0,0,12,4,3,8,0,0,0,1,15,96701,6,1,0,0,3,3,67,165,0,0,0,0,0,0,0,0,0,4,0,0,0,0,1,2,35,1,1,2,2,0,0,1,80,1,1,1,13,"777777777777","777777777777","777777777777",0,0
15,150029,1,1,1,24,4,20,36,8,0,1,1,15,1,34,34,34034,2,2003,"WBABN53413JU","W","B","A","B","N","5","3","4","1","3","J","U",0,0,0,"000000000","00000000000",0,0,0,1,0,0,0,0,0,0,0,60,0,0,0,12,6,2,8,0,0,0,1,15,96727,6,1,0,0,3,0,68,143,0,1,0,0,1,6,2013,6,2013,4,0,0,0,0,1,2,35,1,1,2,1,0,0,99,80,1,1,1,13,"777777777777","777777777777","777777777777",0,1
15,150030,1,2,1,6,5,10,52,12,2,1,0,15,1,34,34,34034,4,2004,"WBAET37494NJ","W","B","A","E","T","3","7","4","9","4","N","J",0,0,0,"000000000","00000000000",0,0,0,1,0,0,0,0,0,0,0,999,0,0,0,12,6,2,12,0,0,0,1,13,96857,1,1,0,0,2,0,66,155,98,3,0,4,0,12,2013,8,2015,5,33,0,0,0,1,4,35,1,6,2,1,0,0,6,10,1,1,2,50,"777777777777","777777777777","777777777777",1,0
15,150030,2,2,1,6,5,10,52,12,2,1,0,15,3,12,481,12481,40,2011,"1FDRF3G68BEC","1","F","D","R","F","3","G","6","8","B","E","C",0,0,15,"538883","15538883",2,1,97,1,0,0,0,0,0,0,0,999,0,0,0,12,6,2,12,0,0,0,1,15,96797,6,1,0,0,3,0,66,160,0,0,0,0,0,0,0,0,0,0,0,0,0,0,1,4,35,1,1,2,1,0,0,1,62,1,1,1,51,"777777777777","777777777777","777777777777",0,0
15,150031,1,2,1,17,4,12,20,12,2,1,0,15,2,20,16,20016,4,1999,"3G1JC524XXS8","3","G","1","J","C","5","2","4","X","X","S","8",0,0,0,"000000000","00000000000",0,0,0,1,0,0,0,0,0,0,0,56,0,0,0,12,2,3,12,0,0,0,1,15,96744,6,1,0,0,3,0,64,130,0,0,0,1,0,3,2016,3,2016,4,28,0,0,0,1,2,35,2,6,2,2,0,0,14,6,99,9,2,50,"777777777777","777777777777","777777777777",1,0
15,150031,2,2,1,17,4,12,20,12,2,1,0,15,1,48,34,48034,6,2003,"4S3BH6862376","4","S","3","B","H","6","8","6","2","3","7","6",0,0,0,"000000000","00000000000",0,0,0,1,0,0,0,0,0,0,0,35,0,0,0,12,2,3,12,0,0,0,1,4,96786,6,1,0,0,3,0,73,145,0,0,0,1,0,7,2011,7,2011,0,0,0,0,0,1,2,35,3,5,2,2,0,0,14,62,1,1,1,51,"777777777777","777777777777","777777777777",0,0
15,150032,1,1,1,17,4,9,43,17,0,1,0,15,1,76,705,76705,80,2009,"JYARJ16E69A0","J","Y","A","R","J","1","6","E","6","9","A","0",0,0,0,"000000000","00000000000",0,0,0,1,0,0,0,0,0,0,0,999,0,0,0,9,6,2,17,0,0,0,1,15,96743,6,1,0,0,2,0,72,168,0,0,0,0,0,0,0,0,0,4,36,0,0,0,1,2,50,2,1,2,8,0,0,14,6,1,9,4,7,"777777777777","777777777777","777777777777",1,0
15,150033,1,1,1,25,4,6,37,30,0,1,0,15,1,49,472,49472,40,2004,"5TEWN72N94Z3","5","T","E","W","N","7","2","N","9","4","Z","3",0,0,0,"000000000","00000000000",0,0,0,1,0,0,0,0,0,0,0,999,0,1,5,12,6,2,1,0,0,0,1,15,96725,6,1,6,0,3,3,72,195,0,0,0,1,0,6,2014,6,2014,5,0,0,0,0,3,5,35,1,1,2,1,0,0,15,13,1,1,4,1,"777777777777","777777777777","777777777777",1,0
15,150034,1,2,2,18,5,8,38,12,6,1,0,15,2,37,31,37031,4,2012,"19XFB2F56CE0","1","9","X","F","B","2","F","5","6","C","E","0",0,0,0,"000000000","00000000000",0,0,0,1,0,0,0,0,0,0,0,998,0,0,0,12,4,9,12,0,0,0,1,15,96744,6,1,0,0,3,1,70,140,0,0,0,4,4,10,2011,2,2016,0,0,0,0,0,1,2,25,1,1,2,2,20,3,11,55,1,1,1,82,"777777777777","777777777777","777777777777",0,0
15,150034,2,2,1,18,5,8,38,12,6,1,0,15,1,73,706,73706,80,2014,"JKAEXEE11EDA","J","K","A","E","X","E","E","1","1","E","D","A",0,0,0,"000000000","00000000000",0,0,0,1,0,0,0,0,0,0,0,998,0,0,0,3,6,2,12,0,0,0,1,15,96717,6,1,0,0,2,3,74,260,0,0,0,2,1,2,2014,3,2016,9,0,0,0,0,1,4,25,1,1,2,2,0,0,1,66,99,9,1,83,"777777777777","777777777777","777777777777",1,0
15,150035,1,1,1,20,5,10,10,8,0,1,0,15,3,55,33,55033,4,2012,"KMHEC4A43CA0","K","M","H","E","C","4","A","4","3","C","A","0",0,0,0,"000000000","00000000000",0,0,0,1,0,0,0,0,0,0,0,999,0,0,0,12,2,3,8,0,0,0,1,15,96813,6,1,0,0,3,0,78,313,0,0,0,0,0,0,0,0,0,0,0,0,0,0,1,2,25,1,1,2,1,3,3,11,80,1,1,1,13,"777777777777","777777777777","777777777777",0,0
15,150036,1,1,1,21,5,18,2,30,0,1,0,15,2,98,709,98709,80,2011,"VBKEXN401BM4","V","B","K","E","X","N","4","0","1","B","M","4",0,0,0,"000000000","00000000000",0,0,0,1,0,0,0,0,0,0,0,999,0,0,0,12,6,2,30,0,0,0,1,15,96790,6,1,0,0,2,0,72,173,0,1,1,0,0,11,2013,1,2014,5,36,0,0,0,1,2,20,3,6,2,1,0,0,14,6,1,9,4,2,"777777777777","777777777777","777777777777",1,1
15,150038,1,1,2,21,5,12,57,8,0,1,0,15,4,20,461,20461,29,2014,"1GAZGZFG6E11","1","G","A","Z","G","Z","F","G","6","E","1","1",0,0,0,"000000000","00000000000",0,0,0,1,0,0,0,0,0,0,0,999,0,0,0,12,4,3,8,0,0,0,1,97,0,6,1,99,9,3,9,999,999,99,99,99,99,99,99,9999,99,9999,0,0,0,0,0,1,6,25,1,1,2,1,3,3,10,80,1,1,1,13,"777777777777","777777777777","777777777777",0,0
15,150039,1,1,1,26,5,6,55,8,0,1,0,15,1,35,472,35472,30,2006,"1N6AD07U36C4","1","N","6","A","D","0","7","U","3","6","C","4",0,0,0,"000000000","00000000000",0,0,0,1,0,0,0,0,0,0,0,999,0,0,0,12,2,5,8,0,0,0,1,15,96792,6,1,0,0,3,0,66,252,0,0,0,0,0,0,0,0,0,0,38,0,0,0,1,4,25,1,1,2,1,0,0,1,80,1,1,1,13,"777777777777","777777777777","777777777777",0,0
15,150040,1,2,2,27,2,15,16,12,6,1,0,15,2,37,31,37031,4,1997,"1HGEJ6674VL0","1","H","G","E","J","6","6","7","4","V","L","0",0,0,0,"000000000","00000000000",0,0,0,1,0,0,0,0,0,0,0,999,0,0,0,3,6,2,12,0,0,0,1,15,96752,6,1,0,0,3,3,67,140,0,0,0,3,0,10,2011,4,2014,3,28,0,0,0,1,2,50,1,1,2,1,0,0,1,62,8,4,2,64,"777777777777","777777777777","777777777777",1,0
15,150040,2,2,1,27,2,15,16,12,6,1,0,15,2,12,471,12471,30,1996,"1FTCR10A7TUB","1","F","T","C","R","1","0","A","7","T","U","B",0,0,0,"000000000","00000000000",0,0,0,1,0,0,0,0,0,0,0,999,0,0,0,12,6,2,12,0,0,0,1,15,96796,6,1,0,0,3,0,61,117,0,0,0,0,0,0,0,0,0,0,0,0,0,0,1,2,50,1,1,2,1,0,0,1,62,1,1,1,65,"777777777777","777777777777","777777777777",0,0
15,150041,1,2,2,7,6,17,27,12,2,1,0,15,2,35,47,35047,4,2011,"1N4AL2AP9BC1","1","N","4","A","L","2","A","P","9","B","C","1",0,0,0,"000000000","00000000000",0,0,0,1,0,0,0,0,0,0,0,999,0,0,0,12,6,2,12,0,0,0,1,15,96708,6,1,0,0,3,0,61,117,0,0,0,0,0,0,0,0,0,9,28,0,0,0,1,2,20,2,5,2,1,0,0,14,10,1,9,2,50,"777777777777","777777777777","777777777777",1,1
15,150041,2,2,1,7,6,17,27,12,2,1,0,15,1,29,5,29005,5,2015,"5YJSA1H22FF0","5","Y","J","S","A","1","H","2","2","F","F","0",0,0,0,"000000000","00000000000",0,0,0,1,0,0,0,0,0,0,0,999,0,0,0,12,6,2,12,0,0,0,1,15,96768,6,1,0,0,3,3,66,145,0,0,0,0,0,0,0,0,0,0,0,0,0,0,1,2,20,3,6,2,1,0,0,14,62,1,9,1,51,"777777777777","777777777777","777777777777",0,0
15,150042,1,2,2,17,6,17,0,12,8,1,0,15,1,9,20,9020,4,2001,"1P3ES46C21D1","1","P","3","E","S","4","6","C","2","1","D","1",0,0,0,"000000000","00000000000",0,0,0,1,0,0,0,0,0,0,0,999,0,0,0,8,6,2,12,0,0,0,1,15,96778,6,1,0,0,3,0,61,160,0,0,0,0,2,6,2015,6,2015,0,28,0,0,0,2,2,50,1,5,2,1,0,0,1,10,99,1,2,64,"777777777777","777777777777","777777777777",1,0
15,150042,2,2,1,17,6,17,0,12,8,1,0,15,1,12,481,12481,31,1997,"1FTHF26F7VEB","1","F","T","H","F","2","6","F","7","V","E","B",0,0,0,"000000000","00000000000",0,0,0,1,0,0,0,0,0,0,0,999,0,0,0,8,6,2,12,0,0,0,1,15,96771,6,1,0,0,3,0,72,175,0,0,0,0,1,5,2014,5,2014,0,0,0,0,0,2,2,50,1,6,2,1,0,0,1,62,99,1,1,65,"777777777777","777777777777","777777777777",0,1
15,150043,1,1,1,18,6,5,4,8,0,1,0,15,1,12,24,12024,6,2010,"2FMDK3JC0ABA","2","F","M","D","K","3","J","C","0","A","B","A",0,0,0,"000000000","00000000000",0,0,0,1,0,0,0,0,0,0,0,999,0,0,0,12,4,3,8,0,0,0,1,15,96813,6,1,0,0,3,0,67,220,0,0,0,1,3,3,2014,1,2015,0,0,0,0,0,2,3,35,1,5,2,2,2,3,1,80,1,9,1,13,"777777777777","777777777777","777777777777",0,0
15,150044,1,1,1,9,4,22,30,8,0,1,1,99,9,99,999,99999,99,9999,"999999999999","9","9","9","9","9","9","9","9","9","9","9","9",9,0,99,"999999999","99999999999",9,99,99,1,0,0,0,0,99,99,9,999,0,0,0,99,4,5,8,0,0,0,1,99,99999,9,9,99,9,9,9,999,999,99,99,99,99,99,99,9999,99,9999,9,0,0,0,0,1,2,50,3,5,1,1,0,0,14,80,1,9,9,13,"777777777777","777777777777","777777777777",0,0
15,150045,1,1,1,23,5,13,0,35,0,1,0,15,1,20,471,20471,30,2002,"1GCCS19W2281","1","G","C","C","S","1","9","W","2","2","8","1",0,0,0,"000000000","00000000000",0,0,0,1,0,0,0,0,0,0,0,999,0,1,5,62,6,2,35,0,0,0,1,15,96752,6,1,0,0,3,3,68,135,0,0,0,1,0,10,2011,10,2011,0,28,0,0,0,1,2,50,1,6,2,1,0,0,99,13,1,9,4,6,"777777777777","777777777777","777777777777",1,0
15,150046,1,1,1,19,6,20,35,58,0,1,0,15,1,98,701,98701,81,2013,"999999999999","9","9","9","9","9","9","9","9","9","9","9","9",0,0,0,"000000000","00000000000",0,0,0,1,0,0,0,0,0,0,0,999,0,0,0,99,2,3,58,0,0,0,1,48,96822,6,1,0,0,3,3,68,155,0,0,0,0,0,0,0,0,0,9,0,0,0,0,2,6,35,1,1,2,1,3,3,10,16,99,2,2,98,"777777777777","777777777777","777777777777",1,0
15,150047,1,1,1,26,6,2,20,41,0,1,0,15,2,37,403,37403,14,2003,"5J6YH17533L0","5","J","6","Y","H","1","7","5","3","3","L","0",0,0,0,"000000000","00000000000",0,0,0,1,0,0,0,0,0,0,0,999,0,0,0,12,6,2,42,0,0,0,1,15,96792,6,1,0,0,3,3,74,260,0,0,0,2,1,3,2015,5,2016,4,0,0,0,0,6,1,35,2,5,2,1,0,0,14,12,1,9,4,6,"777777777777","777777777777","777777777777",1,0
15,150048,1,2,1,1,7,0,1,12,2,1,0,15,1,49,401,49401,14,1991,"JT4RN01P6M70","J","T","4","R","N","0","1","P","6","M","7","0",0,0,0,"000000000","00000000000",0,0,0,1,0,0,0,0,0,0,0,998,0,0,0,12,6,2,12,0,0,0,1,15,96744,6,1,0,0,3,3,66,155,0,0,0,1,0,4,2015,4,2015,4,35,0,0,0,1,2,35,1,1,2,1,0,0,1,10,1,1,2,50,"777777777777","777777777777","777777777777",0,1
15,150048,2,2,2,1,7,0,1,12,2,1,0,15,1,20,4,20004,2,1986,"1G1YY0780G51","1","G","1","Y","Y","0","7","8","0","G","5","1",0,0,0,"000000000","00000000000",0,0,0,1,0,0,0,0,0,0,0,998,0,0,0,12,6,2,12,0,0,0,1,15,96744,3,1,0,0,2,0,73,175,0,0,0,1,3,7,2013,7,2014,0,0,0,0,0,1,2,35,1,1,2,1,0,0,1,62,1,1,1,51,"777777777777","777777777777","777777777777",2,0
15,150049,1,1,1,2,7,2,30,25,0,1,0,51,2,72,706,72706,80,2013,"1HD1HPH14DC8","1","H","D","1","H","P","H","1","4","D","C","8",0,0,0,"000000000","00000000000",0,0,0,1,0,0,0,0,0,0,0,999,0,0,0,12,6,2,25,0,0,0,1,48,96818,6,1,0,0,3,0,999,999,0,0,0,0,1,11,2014,11,2014,4,0,0,0,0,6,1,35,3,5,1,1,0,0,14,13,1,9,4,1,"777777777777","777777777777","777777777777",1,0
15,150050,1,2,1,3,7,8,0,12,1,1,0,15,1,12,481,12481,31,1997,"1FTDX076XVKA","1","F","T","D","X","0","7","6","X","V","K","A",0,0,0,"000000000","00000000000",0,0,0,1,0,0,0,0,0,0,0,0,0,0,0,6,4,9,12,0,0,0,1,15,96817,6,1,0,0,3,0,66,168,0,0,0,0,0,0,0,0,0,0,0,0,0,0,1,2,25,1,6,2,2,0,0,5,98,1,9,1,21,"777777777777","777777777777","777777777777",0,0
15,150050,2,2,1,3,7,8,0,12,1,1,0,99,9,99,701,99701,81,9999,"999999999999","9","9","9","9","9","9","9","9","9","9","9","9",0,0,0,"000000000","00000000000",0,0,0,1,0,0,0,0,0,0,0,999,0,0,0,12,4,3,12,0,0,0,1,15,96819,3,1,0,0,2,0,66,201,0,5,0,0,1,3,2013,6,2016,4,0,0,0,0,1,2,25,1,6,2,2,0,0,1,50,1,9,1,20,"777777777777","777777777777","777777777777",1,0
15,150051,1,1,1,3,7,21,58,8,0,1,0,15,1,7,442,7442,20,1999,"2B4FP25B3XR3","2","B","4","F","P","2","5","B","3","X","R","3",0,0,0,"000000000","00000000000",0,0,0,1,0,0,0,0,0,0,0,999,0,0,0,12,4,3,8,0,0,0,1,15,96792,6,1,0,0,3,0,68,270,0,0,0,0,1,7,2015,7,2015,0,0,0,0,0,1,4,35,1,1,2,1,0,0,1,80,1,1,1,13,"777777777777","777777777777","777777777777",0,0
15,150052,1,1,1,4,7,23,0,8,0,1,1,99,9,99,999,99999,99,9999,"999999999999","9","9","9","9","9","9","9","9","9","9","9","9",9,0,0,"000000000","00000000000",0,0,0,1,0,0,0,0,0,0,0,999,0,0,0,12,4,5,8,0,0,0,1,99,99999,9,9,99,9,9,9,999,999,99,99,99,99,99,99,9999,99,9999,9,0,0,0,0,2,4,35,1,1,2,1,0,0,1,80,1,9,9,13,"777777777777","777777777777","777777777777",0,0