"STATE","ST_CASE","VEH_NO","VE_FORMS","NUMOCCS","DAY","MONTH","HOUR","MINUTE","HARM_EV","MAN_COLL","UNITTYPE","HIT_RUN","REG_STAT","OWNER","MAKE","MODEL","MAK_MOD","BODY_TYP","MOD_YEAR","VIN","VIN_1","VIN_2","VIN_3","VIN_4","VIN_5","VIN_6","VIN_7","VIN_8","VIN_9","VIN_10","VIN_11","VIN_12","TOW_VEH","J_KNIFE","MCARR_I1","MCARR_I2","MCARR_ID","GVWR","V_CONFIG","CARGO_BT","HAZ_INV","HAZ_PLAC","HAZ_ID","HAZ_CNO","HAZ_REL","BUS_USE","SPEC_USE","EMER_USE","TRAV_SP","UNDERIDE","ROLLOVER","ROLINLOC","IMPACT1","DEFORMED","TOWED","M_HARM","VEH_SC1","VEH_SC2","FIRE_EXP","DR_PRES","L_STATE","DR_ZIP","L_STATUS","L_TYPE","CDL_STAT","L_ENDORS","L_COMPL","L_RESTRI","DR_HGT","DR_WGT","PREV_ACC","PREV_SUS","PREV_DWI","PREV_SPD","PREV_OTH","FIRST_MO","FIRST_YR","LAST_MO","LAST_YR","SPEEDREL","DR_SF1","DR_SF2","DR_SF3","DR_SF4","VTRAFWAY","VNUM_LAN","VSPD_LIM","VALIGN","VPROFILE","VPAVETYP","VSURCOND","VTRAFCON","VTCONT_F","P_CRASH1","P_CRASH2","P_CRASH3","PCRASH4","PCRASH5","ACC_TYPE","TRLR1VIN","TRLR2VIN","TRLR3VIN","DEATHS","DR_DRINK"
15,150053,1,1,3,2,7,20,0,39,0,1,0,15,2,6,52,6052,6,2009,"3A8FY48909T5","3","A","8","F","Y","4","8","9","0","9","T","5",0,0,0,"000000000","00000000000",0,0,0,1,0,0,0,0,0,0,0,999,0,1,5,1,6,2,1,0,0,0,1,15,96740,6,1,0,0,3,0,71,160,0,0,0,1,2,11,2013,12,2014,3,0,0,0,0,1,8,25,3,1,2,1,0,0,14,13,1,9,4,1,"777777777777","777777777777","777777777777",1,1
15,150054,1,1,1,20,7,17,39,59,0,1,0,15,1,12,471,12471,30,2004,"1FTZR45E14TA","1","F","T","Z","R","4","5","E","1","4","T","A",0,0,0,"000000000","00000000000",0,0,0,1,0,0,0,0,0,0,0,999,0,0,0,12,6,2,23,0,0,0,1,15,96753,6,1,0,0,3,0,69,135,0,0,0,0,0,0,0,0,0,0,0,0,0,0,2,2,35,1,1,2,1,0,0,1,13,1,9,4,1,"777777777777","777777777777","777777777777",1,0
15,150055,1,2,1,16,4,18,0,12,6,1,0,15,2,35,47,35047,4,2008,"1N4AL21E78N4","1","N","4","A","L","2","1","E","7","8","N","4",0,0,0,"000000000","00000000000",0,0,0,1,0,0,0,0,0,0,0,999,0,0,0,3,6,2,12,0,0,0,1,15,96754,3,1,0,0,2,0,69,175,0,0,0,0,1,6,2014,6,2014,4,36,28,0,0,1,2,40,3,1,2,2,0,0,14,6,1,3,2,64,"777777777777","777777777777","777777777777",1,1
15,150055,2,2,1,16,4,18,0,12,6,1,0,15,1,49,46,49046,5,2013,"JTDKN3DU0D56","J","T","D","K","N","3","D","U","0","D","5","6",0,0,0,"000000000","00000000000",0,0,0,1,0,0,0,0,0,0,0,999,0,0,0,12,6,2,12,0,0,0,1,15,96754,6,1,0,0,3,3,63,117,0,0,0,0,0,0,0,0,0,0,0,0,0,0,1,2,40,2,1,2,2,0,0,14,62,1,1,1,65,"777777777777","777777777777","777777777777",0,0
15,150056,1,2,1,30,6,20,55,12,6,1,0,15,1,49,40,49040,4,2003,"JTDBF30K3301","J","T","D","B","F","3","0","K","3","3","0","1",0,0,0,"000000000","00000000000",0,0,0,1,0,0,0,0,0,0,0,999,0,0,0,12,6,2,12,0,0,0,1,15,96744,6,1,0,0,3,3,66,133,0,0,0,0,0,0,0,0,0,0,39,0,0,0,2,7,35,1,1,2,1,3,3,11,63,1,1,1,68,"777777777777","777777777777","777777777777",0,0
15,150056,2,2,2,30,6,20,55,12,6,1,0,15,1,35,50,35050,5,2015,"3N1CE2CPXFL3","3","N","1","C","E","2","C","P","X","F","L","3",0,0,0,"000000000","00000000000",0,0,0,1,0,0,0,0,0,0,0,999,0,0,0,10,9,2,12,0,0,0,1,15,96817,6,1,0,0,3,3,65,180,0,0,0,0,1,10,2013,10,2013,0,0,0,0,0,2,7,35,1,1,2,1,3,3,1,62,1,1,1,69,"777777777777","777777777777","777777777777",1,0
15,150057,1,1,1,27,7,13,55,33,0,1,0,99,9,37,709,37709,83,9999,"999999999999","9","9","9","9","9","9","9","9","9","9","9","9",0,0,0,"000000000","00000000000",0,0,0,1,0,0,0,0,0,0,0,999,0,0,0,12,6,2,8,0,0,0,1,15,96729,0,0,0,0,0,0,999,999,99,99,99,99,99,99,9999,99,9999,9,39,0,0,0,1,2,20,1,1,2,1,20,3,10,8,1,9,4,7,"777777777777","777777777777","777777777777",0,0
15,150058,1,1,1,6,8,23,10,24,0,1,0,15,1,12,481,12481,31,2006,"1FTPW12566KD","1","F","T","P","W","1","2","5","6","6","K","D",0,0,0,"000000000","00000000000",0,0,0,1,0,0,0,0,0,0,0,999,0,1,5,3,6,2,1,0,0,0,1,15,96761,6,1,0,0,3,0,69,250,0,0,0,0,0,0,0,0,0,0,0,0,0,0,1,3,35,3,1,2,2,0,0,14,13,1,1,4,1,"777777777777","777777777777","777777777777",1,1
15,150059,1,2,2,4,8,12,58,12,6,1,0,15,2,37,32,37032,4,2005,"1HGCM55735A0","1","H","G","C","M","5","5","7","3","5","A","0",0,0,0,"000000000","00000000000",0,0,0,1,0,0,0,0,0,0,0,998,0,1,5,3,6,2,12,0,0,0,1,99,99999,9,9,99,9,9,9,999,999,99,99,99,99,99,99,9999,99,9999,3,36,37,0,0,1,2,45,3,6,2,2,0,0,14,6,1,4,2,64,"777777777777","777777777777","777777777777",2,0
15,150059,2,2,1,4,8,12,58,12,6,1,0,15,1,7,20,7020,4,2004,"1B3ES56C54D6","1","B","3","E","S","5","6","C","5","4","D","6",0,0,0,"000000000","00000000000",0,0,0,1,0,0,0,0,0,0,0,998,0,0,0,12,6,2,12,0,0,0,1,15,96749,6,1,0,0,3,3,64,135,0,0,0,0,0,0,0,0,0,0,0,0,0,0,1,2,45,2,5,2,2,0,0,14,62,1,1,1,65,"777777777777","777777777777","777777777777",0,0
15,150060,1,1,1,6,8,15,44,31,0,1,1,15,2,37,402,37402,14,2013,"5J6RM3H30DL0","5","J","6","R","M","3","H","3","0","D","L","0",0,0,0,"000000000","00000000000",0,0,0,1,0,0,0,0,0,0,0,999,0,0,0,12,4,5,8,0,0,0,1,15,96789,6,1,0,0,3,3,70,180,0,0,0,0,2,7,2012,8,2013,9,28,0,0,0,1,2,25,3,5,2,99,0,0,14,13,1,1,4,1,"777777777777","777777777777","777777777777",0,0
15,150061,1,1,1,6,8,23,30,30,0,1,0,15,2,37,32,37032,4,1994,"JHMCD5634RC1","J","H","M","C","D","5","6","3","4","R","C","1",0,0,0,"000000000","00000000000",0,0,0,1,0,0,0,0,0,0,0,999,0,0,0,12,6,2,30,0,0,0,1,15,96792,6,1,0,0,3,3,65,154,0,0,0,2,1,4,2012,12,2014,3,28,0,0,0,2,2,25,2,6,2,1,0,0,14,13,99,9,4,1,"777777777777","777777777777","777777777777",1,1
15,150062,1,1,0,8,8,11,10,8,0,1,0,15,6,49,32,49032,4,2011,"2T1BU4EE3BC7","2","T","1","B","U","4","E","E","3","B","C","7",0,0,0,"000000000","00000000000",0,0,0,1,0,0,0,0,0,0,0,999,0,0,0,6,4,5,8,0,0,0,0,0,99997,7,6,97,7,6,7,998,997,998,998,998,998,998,98,9998,98,9998,8,0,0,0,0,1,2,25,1,6,2,1,0,0,0,82,0,0,0,98,"777777777777","777777777777","777777777777",0,0
15,150063,1,1,1,12,8,11,50,24,0,1,0,15,1,37,403,37403,14,2006,"5J6YH18366L0","5","J","6","Y","H","1","8","3","6","6","L","0",0,0,0,"000000000","00000000000",0,0,0,1,0,0,0,0,0,0,0,999,0,1,2,12,6,2,1,0,0,0,1,15,96795,6,1,0,0,3,3,67,220,0,0,0,0,0,0,0,0,0,0,28,0,0,0,3,4,35,2,6,2,1,0,0,14,13,1,1,4,1,"777777777777","777777777777","777777777777",1,0
15,150064,1,2,1,12,8,15,43,12,6,1,0,15,1,35,472,35472,30,2013,"1N6AD0ER2DN7","1","N","6","A","D","0","E","R","2","D","N","7",0,0,0,"000000000","00000000000",0,0,0,1,0,0,0,0,0,0,0,999,0,0,0,9,4,3,12,0,0,0,1,15,96814,6,1,0,0,3,0,74,215,0,0,0,1,1,6,2012,7,2014,0,48,0,0,0,1,3,25,1,1,2,1,0,0,12,21,1,1,2,98,"777777777777","777777777777","777777777777",0,0
15,150064,2,2,1,12,8,15,43,12,6,1,0,15,1,72,706,72706,80,2006,"1HD1CGP126K4","1","H","D","1","C","G","P","1","2","6","K","4",0,0,0,"000000000","00000000000",0,0,0,1,0,0,0,0,0,0,0,28,0,0,0,12,6,2,12,0,0,0,1,15,96821,6,1,0,0,3,3,67,160,0,0,0,0,0,0,0,0,0,0,0,0,0,0,1,3,25,1,5,2,1,0,0,1,64,1,1,1,98,"777777777777","777777777777","777777777777",1,0
15,150065,1,2,1,15,8,17,55,12,6,1,0,15,3,84,884,84884,66,2004,"2HSCEAPR24C0","2","H","S","C","E","A","P","R","2","4","C","0",1,1,15,"351265","15351265",3,6,2,1,0,0,0,0,0,0,0,998,0,0,0,3,4,9,12,0,0,0,1,15,96789,6,1,6,1,3,0,71,318,0,0,0,0,2,4,2013,5,2015,9,0,0,0,0,1,4,25,1,1,2,1,0,0,1,60,99,1,1,45,"888888888888","777777777777","777777777777",0,0
15,150065,2,2,1,15,8,17,55,12,6,1,0,15,1,98,701,98701,81,2016,"L5YACBPA4G11","L","5","Y","A","C","B","P","A","4","G","1","1",0,0,0,"000000000","00000000000",0,0,0,1,0,0,0,0,0,0,0,998,0,0,0,12,6,2,12,0,0,0,1,15,96817,2,1,0,0,2,0,67,165,0,3,2,1,2,6,2012,11,2014,0,0,0,0,0,1,4,25,1,1,2,1,0,0,15,10,99,1,2,47,"777777777777","777777777777","777777777777",1,0
15,150066,1,1,3,20,8,17,28,24,0,1,0,15,2,35,47,35047,4,2005,"1N4BL11D55N4","1","N","4","B","L","1","1","D","5","5","N","4",0,0,0,"000000000","00000000000",0,0,0,1,0,0,0,0,0,0,0,60,0,1,2,1,6,2,1,0,0,0,1,15,96782,2,1,0,0,2,0,71,195,0,3,0,1,14,1,2015,6,2015,3,35,0,0,0,1,2,45,1,1,2,2,0,0,6,54,7,9,4,1,"777777777777","777777777777","777777777777",2,0
15,150067,1,1,1,21,8,13,50,25,0,1,0,15,1,71,706,71706,80,2008,"ZDM1YACP78B0","Z","D","M","1","Y","A","C","P","7","8","B","0",0,0,0,"000000000","00000000000",0,0,0,1,0,0,0,0,0,0,0,999,0,0,0,1,6,2,58,0,0,0,1,99,99999,9,9,99,9,9,9,999,999,99,99,99,99,99,99,9999,99,9999,3,36,0,0,0,3,3,25,3,1,2,1,0,0,14,13,1,9,4,1,"777777777777","777777777777","777777777777",1,0
15,150068,1,1,1,4,9,3,18,35,0,1,0,15,1,49,32,49032,4,2009,"1NXBU40E99Z1","1","N","X","B","U","4","0","E","9","9","Z","1",0,0,0,"000000000","00000000000",0,0,0,1,0,0,0,0,0,0,0,999,0,1,5,10,6,2,1,0,0,0,1,15,96763,6,1,0,0,3,0,62,160,0,0,0,0,0,0,0,0,0,4,0,0,0,0,1,2,20,2,5,2,1,0,0,14,12,1,9,4,6,"777777777777","777777777777","777777777777",1,1
15,150069,1,2,1,1,9,8,55,12,2,1,0,15,1,37,421,37421,15,2014,"5FNYF3H5XEB0","5","F","N","Y","F","3","H","5","X","E","B","0",0,0,0,"000000000","00000000000",0,0,0,1,0,0,0,0,0,0,0,998,0,0,0,12,6,2,12,99,99,0,1,15,96744,6,1,0,0,3,3,66,130,0,0,0,1,0,10,2013,10,2013,0,0,0,0,0,2,7,25,2,6,2,1,0,0,14,12,99,9,6,50,"777777777777","777777777777","777777777777",1,0
15,150069,2,2,1,1,9,8,55,12,2,1,0,15,1,49,401,49401,14,2007,"JTEZU14R4700","J","T","E","Z","U","1","4","R","4","7","0","0",0,0,0,"000000000","00000000000",0,0,0,1,0,0,0,0,0,0,0,998,0,0,0,12,6,2,12,0,0,0,1,15,96825,6,1,0,0,3,3,67,150,0,0,0,1,0,6,2013,6,2013,0,0,0,0,0,2,7,25,3,5,2,1,0,0,14,62,1,1,1,51,"777777777777","777777777777","777777777777",0,0
15,150070,1,2,2,8,9,9,36,12,2,1,0,15,2,12,3,12003,1,1990,"1FACP45EXLF1","1","F","A","C","P","4","5","E","X","L","F","1",0,0,0,"000000000","00000000000",0,0,0,1,0,0,0,0,0,0,0,998,0,0,0,12,6,2,12,0,0,0,1,15,96819,4,1,0,0,2,0,68,180,1,2,1,0,3,8,2012,7,2013,0,28,35,0,0,1,4,30,1,1,2,1,0,0,6,10,11,2,2,50,"777777777777","777777777777","777777777777",1,0
15,150070,2,2,1,8,9,9,36,12,2,1,0,15,3,85,884,85884,66,2015,"2NKHHM7X7FM4","2","N","K","H","H","M","7","X","7","F","M","4",0,0,15,"1075692","151075692",3,2,96,1,0,0,0,0,0,0,0,998,0,0,0,12,4,3,12,0,0,0,1,15,96734,6,1,6,1,3,0,72,330,0,0,0,0,0,0,0,0,0,0,0,0,0,0,1,4,25,1,1,2,1,0,0,1,62,1,1,1,51,"777777777777","777777777777","777777777777",0,0
15,150071,1,2,2,10,9,5,7,12,6,1,0,15,2,35,47,35047,4,2012,"1N4AL2AP6CN4","1","N","4","A","L","2","A","P","6","C","N","4",0,0,0,"000000000","00000000000",0,0,0,1,0,0,0,0,0,0,0,998,0,0,0,12,6,2,12,0,0,0,1,15,96744,6,1,0,0,3,0,68,160,0,0,0,2,1,6,2012,6,2016,3,36,0,0,0,1,4,35,1,1,2,1,3,3,1,17,1,1,1,83,"777777777777","777777777777","777777777777",0,1
15,150071,2,2,1,10,9,5,7,12,6,1,0,15,2,37,32,37032,4,2003,"1HGCM56623A0","1","H","G","C","M","5","6","6","2","3","A","0",0,0,0,"000000000","00000000000",0,0,0,1,0,0,0,0,0,0,0,998,0,0,0,9,6,2,12,0,0,0,1,15,96722,6,1,6,0,3,0,71,300,0,0,0,0,1,6,2016,6,2016,0,0,0,0,0,1,3,35,1,1,2,1,3,3,11,17,1,1,1,82,"777777777777","777777777777","777777777777",1,1
15,150072,1,1,1,11,9,4,46,8,0,1,0,15,1,12,422,12422,15,2016,"1FMJU1KT6GEF","1","F","M","J","U","1","K","T","6","G","E","F",0,0,0,"000000000","00000000000",0,0,0,1,0,0,0,0,0,0,0,998,0,0,0,12,2,5,8,0,0,0,1,15,96706,6,1,0,0,3,3,68,185,0,0,0,1,1,11,2011,8,2014,0,0,0,0,0,1,2,35,1,1,2,2,0,0,1,80,1,1,1,13,"777777777777","777777777777","777777777777",0,0
15,150073,1,1,2,25,7,9,5,8,0,1,0,15,1,35,421,35421,15,2014,"5N1AA0ND5EN6","5","N","1","A","A","0","N","D","5","E","N","6",0,0,0,"000000000","00000000000",0,0,0,1,0,0,0,0,0,0,0,999,0,0,0,14,2,3,8,0,0,0,1,53,96818,6,1,0,0,3,0,67,185,0,0,0,0,0,0,0,0,0,0,0,0,0,0,1,2,99,1,4,2,1,0,0,1,80,1,1,1,13,"777777777777","777777777777","777777777777",0,0
15,150074,1,1,1,3,9,19,25,8,0,1,0,15,1,72,706,72706,80,2007,"1HD1PT9157Y9","1","H","D","1","P","T","9","1","5","7","Y","9",0,0,0,"000000000","00000000000",0,0,0,1,0,0,0,0,0,0,0,999,0,0,0,12,6,2,8,0,0,0,1,15,96720,6,1,6,0,3,0,74,230,0,0,0,0,0,0,0,0,0,5,0,0,0,0,1,2,35,1,6,2,1,0,0,1,80,1,1,1,13,"777777777777","777777777777","777777777777",1,0
15,150075,1,1,1,26,8,22,27,39,0,1,0,15,2,20,16,20016,2,2004,"1G1JH14F9472","1","G","1","J","H","1","4","F","9","4","7","2",0,0,0,"000000000","00000000000",0,0,0,1,0,0,0,0,0,0,0,999,0,0,0,12,6,2,39,0,0,0,1,15,96771,6,1,0,0,3,3,71,157,0,0,0,0,0,0,0,0,0,0,28,0,0,0,1,2,55,1,6,2,1,0,0,1,13,1,1,4,1,"777777777777","777777777777","777777777777",1,0
15,150076,1,1,1,29,8,2,57,35,0,1,0,15,3,85,881,85881,64,1994,"1NKWLB0X8RS6","1","N","K","W","L","B","0","X","8","R","S","6",1,1,15,"337574","15337574",3,4,4,1,0,0,0,0,0,0,0,999,0,1,1,12,6,2,2,0,0,1,1,15,96772,6,1,6,1,3,0,69,220,0,0,0,0,0,0,0,0,0,0,28,0,0,0,1,2,55,1,1,2,1,0,0,1,13,1,1,4,1,"FWZ299502","777777777777","777777777777",1,0
15,150077,1,2,1,3,9,13,20,12,2,1,0,15,1,37,31,37031,4,2016,"2HGFC2F50GH5","2","H","G","F","C","2","F","5","0","G","H","5",0,0,0,"000000000","00000000000",0,0,0,1,0,0,0,0,0,0,0,999,0,0,0,12,6,2,12,0,0,0,1,15,96725,6,1,0,0,3,0,63,120,0,0,0,0,1,8,2016,8,2016,0,28,0,0,0,1,2,55,2,5,2,1,0,0,14,10,1,1,2,50,"777777777777","777777777777","777777777777",1,0
15,150077,2,2,3,3,9,13,20,12,2,1,0,15,1,35,49,35049,6,2015,"5N1AZ2MH9FN2","5","N","1","A","Z","2","M","H","9","F","N","2",0,0,0,"000000000","00000000000",0,0,0,1,0,0,0,0,0,0,0,999,0,0,0,12,6,2,12,0,0,0,1,15,96750,6,1,0,0,3,3,60,190,0,0,0,0,0,0,0,0,0,0,0,0,0,0,1,2,55,3,6,2,1,0,0,14,62,1,1,1,51,"777777777777","777777777777","777777777777",0,0
15,150078,1,1,1,2,10,21,45,35,0,1,0,15,2,37,31,37031,4,1995,"1HGEG8568SL0","1","H","G","E","G","8","5","6","8","S","L","0",0,0,0,"000000000","00000000000",0,0,0,1,0,0,0,0,0,0,0,999,0,0,0,12,6,2,35,0,0,0,1,15,96790,6,1,0,0,3,3,71,190,0,1,0,0,2,7,2014,4,2015,0,28,0,0,0,2,2,35,2,1,2,1,0,0,14,13,1,1,4,1,"777777777777","777777777777","777777777777",1,0
15,150079,1,3,1,15,9,21,20,12,2,1,0,15,2,63,33,63033,4,2007,"KNAFE121X753","K","N","A","F","E","1","2","1","X","7","5","3",0,0,0,"000000000","00000000000",0,0,0,1,0,0,0,0,0,0,0,999,0,0,0,12,6,2,12,0,0,0,1,15,96740,1,1,0,0,2,0,67,130,0,3,0,2,7,4,2012,7,2016,0,28,0,0,0,1,2,50,1,5,2,1,0,0,6,54,1,1,2,50,"777777777777","777777777777","777777777777",1,1
15,150079,2,3,2,15,9,21,20,12,2,1,0,15,4,2,1,2001,6,2016,"1C4NJCEA3GD6","1","C","4","N","J","C","E","A","3","G","D","6",0,0,0,"000000000","00000000000",0,0,0,1,0,0,0,0,0,0,0,999,0,0,0,12,6,2,12,0,0,0,1,6,90043,6,1,0,0,3,0,63,197,0,0,0,0,0,0,0,0,0,0,0,0,0,0,1,2,50,1,3,2,1,0,0,1,62,1,1,1,51,"777777777777","777777777777","777777777777",0,0
15,150079,3,3,2,15,9,21,20,12,2,1,0,15,4,55,401,55401,14,2016,"5XYZTDLB5GG3","5","X","Y","Z","T","D","L","B","5","G","G","3",0,0,0,"000000000","00000000000",0,0,0,1,0,0,0,0,0,0,0,999,0,0,0,12,6,2,12,0,0,0,1,32,89156,6,1,0,0,3,0,67,210,0,0,0,0,1,5,2014,5,2014,0,0,0,0,0,1,2,50,1,3,2,1,0,0,1,51,1,1,1,98,"777777777777","777777777777","777777777777",0,0
15,150080,1,1,1,2,10,2,36,30,0,1,0,15,2,48,401,48401,14,2013,"JF2SHBBC4DH4","J","F","2","S","H","B","B","C","4","D","H","4",0,0,0,"000000000","00000000000",0,0,0,1,0,0,0,0,0,0,0,999,0,0,0,12,6,2,30,0,0,0,1,15,96737,6,1,0,0,3,0,74,155,0,0,0,0,0,0,0,0,0,3,0,0,0,0,2,2,25,2,5,2,1,0,0,14,12,1,1,4,6,"777777777777","777777777777","777777777777",1,1
15,150081,1,4,1,8,10,10,26,12,6,1,0,15,1,35,47,35047,2,2011,"1N4BL2EP0BC1","1","N","4","B","L","2","E","P","0","B","C","1",0,0,0,"000000000","00000000000",0,0,0,1,0,0,0,0,0,0,0,998,0,0,0,12,6,2,12,0,0,0,1,15,96768,4,1,0,0,2,3,69,168,0,0,0,0,0,0,0,0,0,5,39,0,0,0,2,5,45,1,5,2,1,3,3,1,67,1,9,1,83,"777777777777","777777777777","777777777777",0,0
15,150081,2,4,2,8,10,10,26,12,6,1,0,15,1,49,472,49472,40,1998,"4TAVL52N1WZ1","4","T","A","V","L","5","2","N","1","W","Z","1",0,0,0,"000000000","00000000000",0,0,0,1,0,0,0,0,0,0,0,998,0,0,0,9,6,2,12,0,0,0,1,15,96768,6,1,0,0,3,3,65,140,0,0,0,0,0,0,0,0,0,0,0,0,0,0,1,2,20,1,5,2,1,3,3,11,66,1,1,1,82,"777777777777","777777777777","777777777777",2,0
15,150081,3,4,3,8,10,10,26,12,6,1,0,15,1,35,402,35402,14,2011,"5N1AN0NW9BC5","5","N","1","A","N","0","N","W","9","B","C","5",0,0,0,"000000000","00000000000",0,0,0,1,0,0,0,0,0,0,0,0,0,0,0,12,6,2,12,0,0,0,1,15,96790,6,1,0,0,3,0,63,180,0,0,0,0,0,0,0,0,0,0,0,0,0,0,2,5,45,1,6,2,1,3,3,5,62,1,1,1,98,"777777777777","777777777777","777777777777",0,0
15,150081,4,4,2,8,10,10,26,12,6,1,0,15,1,42,48,42048,4,2011,"WDDHF5GB9BA3","W","D","D","H","F","5","G","B","9","B","A","3",0,0,0,"000000000","00000000000",0,0,0,1,0,0,0,0,0,0,0,0,0,0,0,12,2,3,12,0,0,0,1,15,96790,6,1,6,0,3,3,74,200,0,0,0,0,0,0,0,0,0,0,0,0,0,0,2,5,45,1,6,2,1,0,0,5,51,1,1,1,98,"777777777777","777777777777","777777777777",0,0
15,150082,1,1,1,3,10,19,43,8,0,1,0,15,1,7,482,7482,31,2007,"1D7HU18297S2","1","D","7","H","U","1","8","2","9","7","S","2",0,0,0,"000000000","00000000000",0,0,0,1,0,0,0,0,0,0,0,999,0,0,0,12,9,5,8,0,0,0,1,15,96720,6,1,0,0,3,0,68,195,0,0,0,0,3,1,2012,6,2013,0,0,0,0,0,1,4,35,1,1,2,2,0,0,1,80,1,1,1,13,"777777777777","777777777777","777777777777",0,0
15,150083,1,2,2,23,10,12,23,12,6,1,0,15,2,35,39,35039,4,2012,"1N4AA5AP9CC8","1","N","4","A","A","5","A","P","9","C","C","8",0,0,0,"000000000","00000000000",0,0,0,1,0,0,0,0,0,0,0,998,0,0,0,12,6,2,12,0,0,0,1,2,96778,6,1,0,0,3,0,62,100,0,0,0,2,0,7,2015,7,2016,0,0,0,0,0,1,2,35,1,1,2,1,3,3,1,62,1,1,1,69,"777777777777","777777777777","777777777777",1,0
15,150083,2,2,1,23,10,12,23,12,6,1,0,15,3,12,481,12481,31,2000,"1FTSX31F2YEE","1","F","T","S","X","3","1","F","2","Y","E","E",0,0,0,"000000000","00000000000",0,0,0,1,0,0,0,0,0,0,0,998,0,0,0,82,4,9,12,0,0,0,1,15,96717,6,1,0,0,3,0,76,250,0,0,0,1,0,1,2016,1,2016,0,0,0,0,0,1,2,35,1,1,2,1,3,3,11,62,1,1,1,68,"777777777777","777777777777","777777777777",0,0
15,150084,1,1,1,3,10,20,30,39,0,1,0,15,1,23,471,23471,30,2000,"1GTCS1449Y81","1","G","T","C","S","1","4","4","9","Y","8","1",0,0,0,"000000000","00000000000",0,0,0,1,0,0,0,0,0,0,0,999,0,0,0,12,4,3,39,0,0,0,1,15,96817,6,1,0,0,3,3,64,183,0,0,0,0,0,0,0,0,0,0,0,0,0,0,1,2,25,1,1,2,1,0,0,98,13,1,1,4,1,"777777777777","777777777777","777777777777",1,0
15,150085,1,4,1,13,10,20,0,12,1,1,0,15,1,37,705,37705,80,2016,"JH2PC40J0GK2","J","H","2","P","C","4","0","J","0","G","K","2",0,0,0,"000000000","00000000000",0,0,0,1,0,0,0,0,0,0,0,998,0,0,0,12,6,2,12,0,0,0,1,15,96706,4,1,0,0,2,0,67,155,0,0,0,0,0,0,0,0,0,5,36,0,0,0,3,6,55,1,6,1,1,0,0,1,50,9,9,1,42,"777777777777","777777777777","777777777777",0,0
15,150085,2,4,0,13,10,20,0,12,1,1,0,15,6,37,31,37031,4,2006,"2HGFA16516H5","2","H","G","F","A","1","6","5","1","6","H","5",0,0,0,"000000000","00000000000",0,0,0,1,0,0,0,0,0,0,0,0,0,0,0,6,2,3,12,0,0,0,0,0,99997,7,6,97,7,6,7,998,997,998,998,998,998,998,98,9998,98,9998,8,0,0,0,0,3,6,55,1,5,1,1,0,0,0,98,0,0,0,42,"777777777777","777777777777","777777777777",0,0
15,150085,3,4,1,13,10,20,0,12,1,1,0,15,2,37,706,37706,80,2016,"JH2RC5379GK6","J","H","2","R","C","5","3","7","9","G","K","6",0,0,0,"000000000","00000000000",0,0,0,1,0,0,0,0,0,0,0,998,0,0,0,62,4,3,12,0,0,0,1,15,96828,6,1,0,0,3,0,70,175,0,1,0,1,0,4,2012,10,2015,3,36,0,0,0,3,6,55,1,6,1,1,0,0,1,50,9,9,1,98,"777777777777","777777777777","777777777777",1,0
15,150085,4,4,1,13,10,20,0,12,1,1,0,15,1,72,706,72706,80,2014,"1HD4LE213EC4","1","H","D","4","L","E","2","1","3","E","C","4",0,0,0,"000000000","00000000000",0,0,0,1,0,0,0,0,0,0,0,998,0,0,0,0,2,5,1,0,0,0,1,15,96786,6,1,0,0,3,0,70,177,0,0,0,0,0,0,0,0,0,4,0,0,0,0,3,6,55,1,1,1,1,0,0,1,50,9,1,1,98,"777777777777","777777777777","777777777777",0,0
15,150086,1,2,1,25,10,13,45,12,1,1,0,15,1,37,701,37701,81,1989,"JH2AF1707KK1","J","H","2","A","F","1","7","0","7","K","K","1",0,0,0,"000000000","00000000000",0,0,0,1,0,0,0,0,0,0,0,999,0,0,0,12,2,3,12,0,0,0,1,15,96816,4,1,0,0,2,0,66,115,0,0,0,1,1,6,2016,6,2016,5,0,0,0,0,1,4,25,1,1,2,1,0,0,15,50,1,1,2,20,"777777777777","777777777777","777777777777",1,0
15,150086,2,2,1,25,10,13,45,12,1,1,0,15,1,37,701,37701,81,1999,"3H1AF1615XD5","3","H","1","A","F","1","6","1","5","X","D","5",0,0,0,"000000000","00000000000",0,0,0,1,0,0,0,0,0,0,0,0,0,0,0,6,2,5,12,0,0,0,1,15,96839,6,1,0,0,3,0,64,120,1,0,0,1,1,8,2014,10,2016,0,0,0,0,0,1,4,25,1,1,2,1,0,0,5,53,1,1,1,21,"777777777777","777777777777","777777777777",0,0
15,150087,1,2,3,1,11,6,33,12,6,1,0,15,5,37,31,37031,2,1993,"1HGEJ1154PL0","1","H","G","E","J","1","1","5","4","P","L","0",0,0,0,"000000000","00000000000",0,0,0,1,0,0,0,0,0,0,0,999,0,0,0,9,6,2,12,0,0,0,1,15,96793,1,1,0,0,2,0,69,195,1,0,0,0,0,11,2015,11,2015,5,0,0,0,0,1,2,45,2,1,2,1,0,0,14,10,1,3,2,64,"777777777777","777777777777","777777777777",1,0
15,150087,2,2,1,1,11,6,33,12,6,1,0,15,2,49,403,49403,14,2006,"JTEGD21A2601","J","T","E","G","D","2","1","A","2","6","0","1",0,0,0,"000000000","00000000000",0,0,0,1,0,0,0,0,0,0,0,999,0,0,0,12,6,2,12,0,0,0,1,15,96761,6,1,0,0,3,0,68,135,0,0,0,0,0,0,0,0,0,9,0,0,0,0,1,2,45,3,1,2,1,0,0,14,62,1,1,1,65,"777777777777","777777777777","777777777777",0,0