"STATE","ST_CASE","VEH_NO","VE_FORMS","NUMOCCS","DAY","MONTH","HOUR","MINUTE","HARM_EV","MAN_COLL","UNITTYPE","HIT_RUN","REG_STAT","OWNER","MAKE","MODEL","MAK_MOD","BODY_TYP","MOD_YEAR","VIN","VIN_1","VIN_2","VIN_3","VIN_4","VIN_5","VIN_6","VIN_7","VIN_8","VIN_9","VIN_10","VIN_11","VIN_12","TOW_VEH","J_KNIFE","MCARR_I1","MCARR_I2","MCARR_ID","GVWR","V_CONFIG","CARGO_BT","HAZ_INV","HAZ_PLAC","HAZ_ID","HAZ_CNO","HAZ_REL","BUS_USE","SPEC_USE","EMER_USE","TRAV_SP","UNDERIDE","ROLLOVER","ROLINLOC","IMPACT1","DEFORMED","TOWED","M_HARM","VEH_SC1","VEH_SC2","FIRE_EXP","DR_PRES","L_STATE","DR_ZIP","L_STATUS","L_TYPE","CDL_STAT","L_ENDORS","L_COMPL","L_RESTRI","DR_HGT","DR_WGT","PREV_ACC","PREV_SUS","PREV_DWI","PREV_SPD","PREV_OTH","FIRST_MO","FIRST_YR","LAST_MO","LAST_YR","SPEEDREL","DR_SF1","DR_SF2","DR_SF3","DR_SF4","VTRAFWAY","VNUM_LAN","VSPD_LIM","VALIGN","VPROFILE","VPAVETYP","VSURCOND","VTRAFCON","VTCONT_F","P_CRASH1","P_CRASH2","P_CRASH3","PCRASH4","PCRASH5","ACC_TYPE","TRLR1VIN","TRLR2VIN","TRLR3VIN","DEATHS","DR_DRINK"
16,160088,1,1,1,21,6,5,43,1,0,1,0,48,1,63,402,63402,14,2005,"KNDJD7332554","K","N","D","J","D","7","3","3","2","5","5","4",0,0,0,"000000000","00000000000",0,0,0,1,0,0,0,0,0,0,0,998,0,9,5,0,6,2,1,0,0,0,1,48,75056,6,1,0,0,3,3,999,999,0,0,0,0,0,0,0,0,0,0,58,0,0,0,2,3,80,2,1,2,1,0,0,14,13,6,4,4,1,"777777777777","777777777777","777777777777",1,0
16,160089,1,1,1,20,6,12,9,1,0,1,0,16,1,12,499,12499,48,1934,"000000000000","0","0","0","0","0","0","0","0","0","0","0","0",1,1,0,"000000000","00000000000",0,0,0,1,0,0,0,0,0,0,0,998,0,9,5,0,6,2,1,0,0,0,1,16,83467,6,1,0,0,3,3,72,275,0,0,0,0,0,0,0,0,0,0,58,0,0,0,1,2,65,1,2,2,1,0,0,1,13,6,2,4,7,"888888888888","777777777777","777777777777",1,1
16,160090,1,2,3,20,6,19,37,12,6,1,0,16,2,55,35,55035,4,2011,"5NPDH4AEXBH0","5","N","P","D","H","4","A","E","X","B","H","0",0,0,0,"000000000","00000000000",0,0,0,1,0,0,0,0,0,0,0,998,0,1,6,12,6,2,12,0,0,0,1,16,83355,6,1,0,0,3,0,70,155,0,0,0,0,0,0,0,0,0,0,0,0,0,0,1,2,50,1,1,2,1,0,0,1,66,99,1,1,88,"777777777777","777777777777","777777777777",0,1
16,160090,2,2,2,20,6,19,37,12,6,1,0,16,2,37,31,37031,2,2002,"1HGEM21952L0","1","H","G","E","M","2","1","9","5","2","L","0",0,0,0,"000000000","00000000000",0,0,0,1,0,0,0,0,0,0,0,998,0,0,0,9,6,2,12,0,0,0,1,16,83686,6,2,0,0,3,1,69,115,0,0,0,0,0,0,0,0,0,0,38,39,0,0,1,2,50,1,1,2,1,20,3,1,17,99,1,1,89,"777777777777","777777777777","777777777777",2,0
16,160091,1,1,1,21,6,3,12,25,0,1,0,16,1,2,405,2405,14,2008,"1J8GN28K68W2","1","J","8","G","N","2","8","K","6","8","W","2",0,0,0,"000000000","00000000000",0,0,0,1,0,0,0,0,0,0,0,998,0,1,5,1,6,2,42,0,0,0,1,16,83705,1,1,0,0,2,2,70,150,0,4,2,0,2,6,2014,4,2016,4,74,36,0,0,6,2,35,3,5,2,1,0,0,14,6,99,2,4,2,"777777777777","777777777777","777777777777",1,1
16,160092,1,1,1,24,6,4,38,1,0,1,0,16,2,49,471,49471,30,1993,"JT4RN81A7P51","J","T","4","R","N","8","1","A","7","P","5","1",0,0,0,"000000000","00000000000",0,0,0,1,0,0,0,0,0,0,0,998,0,9,5,0,6,2,1,0,0,0,1,16,83221,1,1,0,0,2,2,72,225,0,5,2,0,1,10,2012,4,2014,0,74,0,0,0,1,2,55,1,1,1,1,0,0,1,13,99,9,4,1,"777777777777","777777777777","777777777777",1,0
16,160093,1,1,1,24,6,22,26,31,0,1,0,16,2,12,481,12481,31,2007,"1FTPX04547KC","1","F","T","P","X","0","4","5","4","7","K","C",0,0,0,"000000000","00000000000",0,0,0,1,0,0,0,0,0,0,0,998,0,1,3,2,6,2,1,0,0,0,1,16,83402,6,1,0,0,3,0,68,240,0,0,0,0,1,12,2012,12,2012,0,58,0,0,0,2,2,80,1,1,1,1,0,0,1,13,1,1,4,1,"777777777777","777777777777","777777777777",1,1
16,160094,1,1,3,25,6,5,43,1,0,1,0,16,1,41,51,41051,4,2010,"JM1BL1SG0A11","J","M","1","B","L","1","S","G","0","A","1","1",0,0,0,"000000000","00000000000",0,0,0,1,0,0,0,0,0,0,0,998,0,9,6,0,6,2,1,0,0,0,1,16,83350,6,1,0,0,3,0,70,130,0,0,0,0,0,0,0,0,0,0,28,0,0,0,1,2,65,1,1,2,1,0,0,1,9,99,4,4,7,"777777777777","777777777777","777777777777",1,1
16,160095,1,1,2,25,6,17,9,42,0,1,0,0,0,98,734,98734,90,2011,"4XADX55A5BA3","4","X","A","D","X","5","5","A","5","B","A","3",0,0,0,"000000000","00000000000",0,0,0,1,0,0,0,0,0,0,0,998,0,0,0,12,6,2,42,0,0,0,1,53,99004,6,1,0,0,1,0,71,190,0,0,0,1,0,4,2013,4,2013,0,85,58,0,0,1,2,35,3,1,2,1,0,0,14,62,7,2,4,3,"777777777777","777777777777","777777777777",2,1
16,160096,1,1,1,25,6,21,15,42,0,1,0,16,1,20,25,20025,4,2012,"1G1PF5SC0C71","1","G","1","P","F","5","S","C","0","C","7","1",0,0,0,"000000000","00000000000",0,0,0,1,0,0,0,0,0,0,0,998,0,0,0,12,6,2,2,0,0,1,1,53,99208,6,1,0,0,3,1,74,270,1,0,0,4,2,4,2012,10,2014,0,0,0,0,0,1,2,35,3,1,2,1,0,0,14,13,99,1,4,1,"777777777777","777777777777","777777777777",1,1
16,160097,1,1,3,26,6,0,51,59,0,1,0,53,2,30,46,30046,4,2002,"WVWPD63B72P3","W","V","W","P","D","6","3","B","7","2","P","3",0,0,0,"000000000","00000000000",0,0,0,1,0,0,0,0,0,0,0,90,0,1,3,10,6,2,1,0,0,0,1,16,83805,6,1,6,0,3,0,72,200,0,0,0,0,0,0,0,0,0,4,0,0,0,0,6,2,70,2,6,2,1,0,0,14,6,99,3,4,7,"777777777777","777777777777","777777777777",2,1
16,160098,1,1,3,26,6,2,52,1,0,1,0,16,2,12,481,12481,31,1999,"1FTNX21F9XEB","1","F","T","N","X","2","1","F","9","X","E","B",0,0,0,"000000000","00000000000",0,0,0,1,0,0,0,0,0,0,0,998,0,1,5,0,6,2,1,0,0,0,1,16,83330,6,1,0,0,3,1,66,165,0,0,0,0,0,0,0,0,0,0,58,0,0,0,1,2,65,1,1,2,1,0,0,1,13,6,4,4,7,"777777777777","777777777777","777777777777",1,0
16,160099,1,2,1,26,6,7,51,12,6,1,0,16,1,20,37,20037,4,2006,"1G1ZT51826F1","1","G","1","Z","T","5","1","8","2","6","F","1",0,0,0,"000000000","00000000000",0,0,0,1,0,0,0,0,0,0,0,998,0,0,0,2,6,2,12,0,0,0,1,16,83318,6,1,0,0,3,0,62,138,0,0,0,0,0,0,0,0,0,0,58,28,0,0,1,2,55,1,2,2,1,0,0,1,13,6,4,2,64,"777777777777","777777777777","777777777777",1,0
16,160099,2,2,1,26,6,7,51,12,6,1,0,16,3,12,481,12481,31,2014,"1FTFX1EF4EKE","1","F","T","F","X","1","E","F","4","E","K","E",0,0,0,"000000000","00000000000",0,0,0,1,0,0,0,0,0,0,0,998,0,1,1,12,6,2,12,0,0,0,1,16,83350,6,1,0,0,3,0,76,250,0,0,0,2,0,1,2012,8,2015,0,0,0,0,0,1,2,55,1,2,2,1,0,0,1,62,99,1,1,65,"777777777777","777777777777","777777777777",0,0
16,160100,1,3,1,26,6,11,58,12,6,1,0,16,3,72,706,72706,80,2016,"1HD1BWV11GB0","1","H","D","1","B","W","V","1","1","G","B","0",0,0,0,"000000000","00000000000",0,0,0,1,0,0,0,0,0,0,0,998,0,0,0,12,6,2,12,0,0,0,1,16,83646,6,1,0,0,3,1,72,175,0,0,0,0,0,0,0,0,0,0,28,0,0,0,1,2,55,1,1,2,1,0,0,1,10,99,1,2,64,"777777777777","777777777777","777777777777",1,1
16,160100,2,3,5,26,6,11,58,12,6,1,0,16,1,6,441,6441,20,2007,"2A4GP44R57R3","2","A","4","G","P","4","4","R","5","7","R","3",0,0,0,"000000000","00000000000",0,0,0,1,0,0,0,0,0,0,0,998,0,0,0,1,6,2,12,0,0,0,1,16,83869,6,1,0,0,3,0,69,140,0,0,0,1,0,4,2012,4,2012,0,0,0,0,0,1,2,55,1,1,2,1,0,0,1,62,7,2,1,65,"777777777777","777777777777","777777777777",0,0
16,160100,3,3,2,26,6,11,58,12,6,1,0,16,1,35,402,35402,14,2007,"5N1AN08W57C5","5","N","1","A","N","0","8","W","5","7","C","5",0,0,0,"000000000","00000000000",0,0,0,1,0,0,0,0,0,0,0,998,0,0,0,11,6,2,12,0,0,0,1,16,83619,6,1,0,0,3,0,74,210,0,0,0,1,0,7,2015,7,2015,0,0,0,0,0,1,2,55,1,1,2,1,0,0,1,62,16,2,1,98,"777777777777","777777777777","777777777777",0,0
16,160101,1,1,1,27,6,22,15,8,0,1,0,16,1,49,472,49472,30,2002,"5TEHN72N92Z8","5","T","E","H","N","7","2","N","9","2","Z","8",0,0,0,"000000000","00000000000",0,0,0,1,0,0,0,0,0,0,0,40,0,0,0,12,4,5,8,0,0,0,1,16,83401,6,1,0,0,3,0,67,160,0,0,0,1,0,7,2014,7,2014,0,0,0,0,0,5,5,98,1,1,2,1,0,0,1,80,1,1,1,13,"777777777777","777777777777","777777777777",0,0
16,160102,1,2,1,29,6,16,52,12,8,1,0,16,1,7,472,7472,31,2005,"1D7HW58N35S1","1","D","7","H","W","5","8","N","3","5","S","1",0,0,0,"000000000","00000000000",0,0,0,1,0,0,0,0,0,0,0,998,0,1,5,11,6,2,1,0,0,0,1,16,83654,6,1,0,0,3,3,73,210,0,0,0,0,0,0,0,0,0,0,28,0,0,0,1,2,65,2,1,2,1,0,0,14,10,99,1,2,64,"777777777777","777777777777","777777777777",1,0
16,160102,2,2,2,29,6,16,52,12,8,1,0,6,1,12,850,12850,65,2005,"1FDXE45S65HB","1","F","D","X","E","4","5","S","6","5","H","B",1,1,0,"000000000","00000000000",0,0,0,1,0,0,0,0,0,0,0,998,0,0,0,10,6,2,12,0,0,0,1,6,93060,6,1,0,0,3,0,70,230,0,0,0,0,0,0,0,0,0,0,0,0,0,0,1,2,65,3,1,2,1,0,0,14,62,99,1,1,65,"000000000000","777777777777","777777777777",0,0
16,160103,1,1,2,30,6,12,17,8,0,1,0,16,1,20,481,20481,31,2003,"1GCHK29U23E2","1","G","C","H","K","2","9","U","2","3","E","2",0,0,0,"000000000","00000000000",0,0,0,1,0,0,0,0,0,0,0,998,0,0,0,12,2,5,8,0,0,0,1,16,83860,6,1,0,0,3,0,69,205,0,1,0,8,8,3,2012,3,2016,3,0,0,0,0,1,2,25,1,1,4,1,0,0,1,80,1,1,1,13,"777777777777","777777777777","777777777777",0,0
16,160104,1,1,3,1,7,1,38,33,0,1,0,16,2,41,53,41053,5,2011,"JM3ER2AM9B03","J","M","3","E","R","2","A","M","9","B","0","3",0,0,0,"000000000","00000000000",0,0,0,1,0,0,0,0,0,0,0,998,0,0,0,14,6,2,42,0,0,0,1,16,83651,6,1,0,0,3,0,75,200,0,0,0,0,0,0,0,0,0,0,0,0,0,0,1,2,30,3,1,2,1,0,0,14,13,1,1,4,1,"777777777777","777777777777","777777777777",1,1
16,160105,1,1,4,1,7,16,28,24,0,1,0,49,1,12,481,12481,31,2001,"1FTNW21F71EA","1","F","T","N","W","2","1","F","7","1","E","A",2,1,0,"000000000","00000000000",0,0,0,1,0,0,0,0,0,0,0,998,0,1,6,3,6,2,1,0,0,0,1,49,84332,6,1,0,0,3,0,76,250,98,0,0,0,0,0,0,0,0,9,99,99,99,99,1,2,65,2,6,2,1,0,0,14,4,99,1,4,1,"888888888888","888888888888","777777777777",1,0
16,160106,1,1,2,4,7,1,0,8,0,1,0,16,2,2,403,2403,14,2003,"1J4FA39S43P3","1","J","4","F","A","3","9","S","4","3","P","3",0,0,0,"000000000","00000000000",0,0,0,1,0,0,0,0,0,0,0,998,0,0,0,1,4,5,8,0,0,0,1,16,83201,6,1,0,0,3,3,63,125,0,2,0,0,1,1,2013,1,2014,0,0,0,0,0,4,2,35,1,1,2,1,3,3,1,80,99,1,1,13,"777777777777","777777777777","777777777777",0,0
16,160107,1,1,2,4,7,17,45,35,0,1,0,16,1,13,12,13012,4,2002,"1LNHM87A42Y6","1","L","N","H","M","8","7","A","4","2","Y","6",0,0,0,"000000000","00000000000",0,0,0,1,0,0,0,0,0,0,0,998,0,1,6,8,6,2,1,0,0,0,1,16,83316,6,1,0,0,3,0,69,165,0,0,0,0,0,0,0,0,0,9,58,0,0,0,1,2,60,3,1,2,1,0,0,14,13,8,4,4,2,"777777777777","777777777777","777777777777",1,1
16,160108,1,1,7,5,7,14,50,1,0,1,0,16,2,20,401,20401,14,2005,"1GNET16SX561","1","G","N","E","T","1","6","S","X","5","6","1",0,0,0,"000000000","00000000000",0,0,0,1,0,0,0,0,0,0,0,998,0,2,5,0,6,2,1,0,0,0,1,16,83554,6,2,0,0,3,2,70,165,0,0,0,0,0,0,0,0,0,3,58,33,74,36,1,3,65,1,6,2,1,28,3,6,54,6,4,4,2,"777777777777","777777777777","777777777777",1,0
16,160109,1,1,1,5,7,18,31,1,0,1,0,16,1,35,401,35401,14,1995,"JN8HD17Y7SW0","J","N","8","H","D","1","7","Y","7","S","W","0",0,0,0,"000000000","00000000000",0,0,0,1,0,0,0,0,0,0,0,998,0,2,1,0,6,2,1,0,0,0,1,16,83350,0,0,0,0,0,0,68,250,0,0,0,0,0,0,0,0,0,4,0,0,0,0,1,2,55,1,3,5,1,0,0,1,6,6,4,6,98,"777777777777","777777777777","777777777777",1,1
16,160110,1,1,1,8,7,22,29,1,0,1,0,16,1,38,402,38402,14,1999,"4S2CM58W9X43","4","S","2","C","M","5","8","W","9","X","4","3",0,0,0,"000000000","00000000000",0,0,0,1,0,0,0,0,0,0,0,998,0,2,1,0,6,2,1,0,0,0,1,16,83642,6,1,0,0,3,0,67,170,0,0,0,0,0,0,0,0,0,0,58,0,0,0,2,2,80,1,1,1,1,0,0,1,12,7,3,6,98,"777777777777","777777777777","777777777777",1,0
16,160111,1,2,2,10,7,8,15,12,6,1,0,6,1,49,32,49032,4,2005,"1NXBR32E45Z4","1","N","X","B","R","3","2","E","4","5","Z","4",0,0,0,"000000000","00000000000",0,0,0,1,0,0,0,0,0,0,0,998,0,0,0,9,6,2,12,0,0,0,1,6,93555,6,1,0,0,3,0,62,150,0,0,0,0,0,0,0,0,0,0,38,0,0,0,1,2,50,1,1,2,2,20,3,4,17,99,1,1,89,"777777777777","777777777777","777777777777",1,0
16,160111,2,2,1,10,7,8,15,12,6,1,0,16,2,7,482,7482,31,2005,"1D7HU18N35S3","1","D","7","H","U","1","8","N","3","5","S","3",0,0,0,"000000000","00000000000",0,0,0,1,0,0,0,0,0,0,0,998,0,0,0,12,6,2,12,0,0,0,1,16,83634,6,1,0,0,3,0,65,125,0,0,0,0,0,0,0,0,0,0,0,0,0,0,1,2,50,1,1,2,2,0,0,1,66,16,1,1,88,"777777777777","777777777777","777777777777",0,0
16,160112,1,1,2,11,7,5,30,1,0,1,0,16,2,63,401,63401,14,2000,"KNDJB7237Y56","K","N","D","J","B","7","2","3","7","Y","5","6",0,0,0,"000000000","00000000000",0,0,0,1,0,0,0,0,0,0,0,998,0,1,1,0,6,2,1,0,0,0,1,16,83323,6,1,0,0,3,0,68,140,0,0,0,0,3,12,2014,11,2015,9,0,0,0,0,1,2,55,1,1,2,1,0,0,1,13,99,2,6,98,"777777777777","777777777777","777777777777",1,0
16,160113,1,1,1,13,7,18,0,9,0,1,0,16,1,20,37,20037,4,2005,"1G1ZS62835F3","1","G","1","Z","S","6","2","8","3","5","F","3",0,0,0,"000000000","00000000000",0,0,0,1,0,0,0,0,0,0,0,998,0,0,0,12,6,2,9,0,0,0,1,16,83401,6,1,0,0,3,0,67,211,0,0,0,1,0,9,2015,9,2015,0,0,0,0,0,1,2,65,3,1,2,1,0,0,14,80,1,1,1,13,"777777777777","777777777777","777777777777",0,0
16,160114,1,2,1,13,7,21,30,12,6,1,0,16,1,12,422,12422,15,2014,"1FMJK1J56EEF","1","F","M","J","K","1","J","5","6","E","E","F",0,0,0,"000000000","00000000000",0,0,0,1,0,0,0,0,0,0,0,998,0,0,0,9,4,5,12,0,0,0,1,16,83404,6,1,0,0,3,1,73,175,0,0,0,0,1,2,2016,2,2016,0,38,30,0,0,0,0,0,0,0,0,0,0,0,11,15,99,1,7,82,"777777777777","777777777777","777777777777",0,0
16,160114,2,2,1,13,7,21,30,12,6,1,0,16,1,53,709,53709,80,1980,"GS110X702258","G","S","1","1","0","X","7","0","2","2","5","8",0,0,0,"000000000","00000000000",0,0,0,1,0,0,0,0,0,0,0,998,0,0,0,12,6,2,12,0,0,0,1,16,83402,6,1,6,0,3,0,68,160,0,2,0,0,7,4,2012,7,2015,0,0,0,0,0,1,2,50,1,1,2,1,0,0,1,72,16,2,1,83,"777777777777","777777777777","777777777777",1,0
16,160115,1,2,1,14,7,8,22,12,2,1,0,16,1,6,41,6041,4,1994,"2C3EL56T1RH2","2","C","3","E","L","5","6","T","1","R","H","2",0,0,0,"000000000","00000000000",0,0,0,1,0,0,0,0,0,0,0,998,0,0,0,12,6,2,12,0,0,0,1,16,83350,6,1,0,0,3,3,67,145,0,0,0,0,0,0,0,0,0,0,51,0,0,0,1,2,50,1,1,2,1,0,0,1,10,1,1,2,50,"777777777777","777777777777","777777777777",1,0
16,160115,2,2,4,14,7,8,22,12,2,1,0,16,1,62,401,62401,14,2004,"SALTW19484A8","S","A","L","T","W","1","9","4","8","4","A","8",0,0,0,"000000000","00000000000",0,0,0,1,0,0,0,0,0,0,0,998,0,0,0,12,6,2,12,0,0,0,1,16,83350,6,1,0,0,3,0,59,148,0,0,0,1,0,2,2013,2,2013,0,84,0,0,0,1,2,50,1,1,2,1,0,0,1,62,6,1,2,51,"777777777777","777777777777","777777777777",0,0
16,160116,1,1,4,15,7,20,30,1,0,1,0,16,2,12,422,12422,15,1997,"1FMFU18L1VLA","1","F","M","F","U","1","8","L","1","V","L","A",0,0,0,"000000000","00000000000",0,0,0,1,0,0,0,0,0,0,0,998,0,2,5,0,6,2,1,0,0,0,1,16,83530,6,1,0,0,3,0,65,140,0,0,0,0,1,6,2016,6,2016,0,0,0,0,0,1,2,35,1,1,2,1,0,0,1,12,99,1,4,6,"777777777777","777777777777","777777777777",1,1
16,160117,1,1,1,16,7,6,1,52,0,1,0,16,2,6,441,6441,20,1996,"1C4GP54R5TB1","1","C","4","G","P","5","4","R","5","T","B","1",0,0,0,"000000000","00000000000",0,0,0,1,0,0,0,0,0,0,0,998,0,0,0,11,6,2,21,0,0,0,1,16,83401,6,1,0,0,3,0,70,150,0,2,0,0,1,4,2012,8,2014,0,0,0,0,0,2,2,80,1,1,2,1,0,0,1,13,99,2,4,2,"777777777777","777777777777","777777777777",1,1
16,160118,1,1,2,16,7,12,20,31,0,1,0,16,1,23,481,23481,31,2006,"1GTEK14T56E1","1","G","T","E","K","1","4","T","5","6","E","1",0,0,0,"000000000","00000000000",0,0,0,1,0,0,0,0,0,0,0,998,0,9,5,1,6,2,1,0,0,0,1,16,83323,6,1,0,0,3,3,67,145,0,0,0,0,0,0,0,0,0,0,0,0,0,0,2,2,80,1,1,2,1,0,0,1,13,99,1,4,1,"777777777777","777777777777","777777777777",1,0
16,160119,1,1,1,20,7,10,53,1,0,1,0,16,2,23,481,23481,31,1989,"2GTGC29K7K15","2","G","T","G","C","2","9","K","7","K","1","5",0,0,0,"000000000","00000000000",0,0,0,1,0,0,0,0,0,0,0,998,0,1,5,0,6,2,1,0,0,0,1,16,83444,6,1,0,0,3,0,66,115,0,0,0,0,0,0,0,0,0,4,58,0,0,0,1,2,50,4,1,2,1,0,0,11,6,7,5,4,7,"777777777777","777777777777","777777777777",1,1
16,160120,1,1,1,20,7,15,55,24,0,1,0,16,1,34,706,34706,80,2000,"WB10495A0YZE","W","B","1","0","4","9","5","A","0","Y","Z","E",0,0,0,"000000000","00000000000",0,0,0,1,0,0,0,0,0,0,0,998,0,0,0,9,6,2,1,0,0,0,1,16,83706,6,1,0,0,3,3,68,160,0,0,0,0,0,0,0,0,0,9,80,0,0,0,2,2,80,1,2,2,1,0,0,1,1,1,2,4,7,"777777777777","777777777777","777777777777",1,0
16,160121,1,1,2,22,7,18,10,31,0,1,0,30,2,55,401,55401,14,2004,"KM8SC73E84U7","K","M","8","S","C","7","3","E","8","4","U","7",0,0,0,"000000000","00000000000",0,0,0,1,0,0,0,0,0,0,0,998,0,9,3,11,6,2,1,0,0,0,1,30,59801,0,0,0,0,0,0,78,211,98,0,0,1,2,6,2014,10,2015,4,0,0,0,0,2,2,75,3,1,2,6,0,0,14,6,1,2,4,7,"777777777777","777777777777","777777777777",1,0
16,160122,1,1,2,26,7,23,40,1,0,1,0,16,1,55,36,55036,3,2004,"KMHCF35C24U2","K","M","H","C","F","3","5","C","2","4","U","2",0,0,0,"000000000","00000000000",0,0,0,1,0,0,0,0,0,0,0,998,0,2,6,0,6,2,1,0,0,0,1,16,83210,6,1,0,0,3,3,74,148,0,0,0,0,2,3,2016,5,2016,0,85,0,0,0,1,2,60,1,1,2,1,0,0,1,98,7,5,4,3,"777777777777","777777777777","777777777777",1,0
16,160123,1,1,1,27,7,6,41,1,0,1,0,16,2,20,403,20403,14,2003,"1GNDT13S1322","1","G","N","D","T","1","3","S","1","3","2","2",0,0,0,"000000000","00000000000",0,0,0,1,0,0,0,0,0,0,0,998,0,2,1,0,6,2,1,0,0,0,1,16,83686,6,1,0,0,3,0,70,160,0,0,0,0,1,11,2014,11,2014,0,58,0,0,0,1,2,65,1,1,2,1,0,0,1,13,7,3,6,98,"777777777777","777777777777","777777777777",1,0
16,160124,1,2,1,28,7,12,25,12,2,1,0,16,1,48,31,48031,6,1987,"JF2AN53BXHE4","J","F","2","A","N","5","3","B","X","H","E","4",0,0,0,"000000000","00000000000",0,0,0,1,0,0,0,0,0,0,0,998,0,0,0,12,6,2,12,0,0,0,1,16,83617,6,1,0,0,3,3,72,225,0,0,0,0,0,0,0,0,0,0,28,0,0,0,1,2,55,1,2,2,1,0,0,1,10,99,1,2,50,"777777777777","777777777777","777777777777",1,0
16,160124,2,2,1,28,7,12,25,12,2,1,0,16,2,7,482,7482,31,2008,"1D7HU18N38S5","1","D","7","H","U","1","8","N","3","8","S","5",0,0,0,"000000000","00000000000",0,0,0,1,0,0,0,0,0,0,0,998,0,1,5,12,6,2,1,0,0,0,1,16,83634,6,1,0,0,3,0,67,130,0,0,0,0,2,7,2013,8,2013,0,0,0,0,0,1,2,55,1,2,2,1,0,0,1,62,99,1,1,51,"777777777777","777777777777","777777777777",0,0
16,160125,1,1,2,29,7,13,50,1,0,1,0,48,2,72,706,72706,80,2006,"1HD1FRW156Y6","1","H","D","1","F","R","W","1","5","6","Y","6",0,0,0,"000000000","00000000000",0,0,0,1,0,0,0,0,0,0,0,998,0,0,0,0,6,2,35,0,0,0,1,48,83536,6,1,0,0,3,0,999,999,99,99,99,99,99,99,9999,99,9999,0,58,35,0,0,1,2,50,3,1,2,1,50,3,6,8,98,7,2,98,"777777777777","777777777777","777777777777",1,0
16,160126,1,2,1,30,7,23,39,12,1,1,0,40,3,82,881,82881,66,2007,"1FUJA6CK37LY","1","F","U","J","A","6","C","K","3","7","L","Y",1,1,57,"1269727","571269727",3,6,3,1,0,0,0,0,0,0,0,998,0,0,0,6,2,5,12,0,0,0,1,40,74523,9,9,99,9,9,9,999,999,99,99,99,99,99,99,9999,99,9999,0,38,0,0,0,0,0,0,0,0,0,0,0,0,10,16,1,1,7,78,"888888888888","777777777777","777777777777",0,0
16,160126,2,2,1,30,7,23,39,12,1,1,0,16,1,7,20,7020,4,2003,"1B3ES56C13D2","1","B","3","E","S","5","6","C","1","3","D","2",0,0,0,"000000000","00000000000",0,0,0,1,0,0,0,0,0,0,0,998,0,0,0,12,6,2,12,0,0,0,1,16,83328,6,1,0,0,3,3,66,120,0,0,0,0,1,2,2015,2,2015,0,0,0,0,0,5,5,60,1,1,2,1,0,0,1,70,99,9,3,79,"777777777777","777777777777","777777777777",1,0
16,160127,1,1,1,30,7,23,30,1,0,1,0,0,5,37,733,37733,90,1988,"JH3TE1409JK0","J","H","3","T","E","1","4","0","9","J","K","0",0,0,0,"000000000","00000000000",0,0,0,1,0,0,0,0,0,0,0,998,0,2,5,0,2,3,31,0,0,0,1,16,83607,3,1,0,0,2,0,67,125,0,1,0,0,0,4,2012,4,2012,0,58,0,0,0,1,2,35,1,1,2,1,0,0,1,9,98,2,4,7,"777777777777","777777777777","777777777777",1,1
16,160128,1,2,1,2,8,16,44,12,6,1,0,16,1,54,35,54035,4,2003,"19UUA56673A0","1","9","U","U","A","5","6","6","7","3","A","0",0,0,0,"000000000","00000000000",0,0,0,1,0,0,0,0,0,0,0,998,0,0,0,3,6,2,12,0,0,0,1,16,83341,6,1,6,1,3,1,69,150,0,0,0,0,0,0,0,0,0,0,38,0,0,0,1,2,50,1,1,2,1,20,3,1,17,1,1,1,88,"777777777777","777777777777","777777777777",1,0
16,160128,2,2,1,2,8,16,44,12,6,1,0,16,3,85,881,85881,66,1995,"2XKADB9X2SM6","2","X","K","A","D","B","9","X","2","S","M","6",1,1,16,"01994456","1601994456",3,6,1,1,0,0,0,0,0,0,0,998,0,0,0,11,4,5,12,0,0,0,1,16,83344,6,1,6,0,3,0,72,180,0,0,0,0,1,8,2012,8,2012,0,0,0,0,0,1,2,50,1,1,2,1,0,0,1,66,1,1,1,89,"888888888888","777777777777","777777777777",0,0
16,160129,1,1,2,2,9,1,48,9,0,1,0,16,2,12,481,12481,31,2011,"1FTEX1CM8BFD","1","F","T","E","X","1","C","M","8","B","F","D",0,0,0,"000000000","00000000000",0,0,0,1,0,0,0,0,0,0,0,998,0,0,0,2,2,5,9,0,0,0,1,16,83705,6,1,0,0,3,0,75,175,0,0,0,0,0,0,0,0,0,0,38,0,0,0,5,5,35,1,1,2,1,0,0,1,80,1,1,1,13,"777777777777","777777777777","777777777777",0,0
16,160130,1,1,2,5,8,14,55,31,0,1,0,16,1,20,401,20401,14,1989,"1GNCT18Z9K01","1","G","N","C","T","1","8","Z","9","K","0","1",0,0,0,"000000000","00000000000",0,0,0,1,0,0,0,0,0,0,0,998,0,1,5,11,6,2,1,0,0,0,1,16,83316,6,1,0,0,3,0,69,227,0,0,0,0,0,0,0,0,0,0,28,0,0,0,1,2,60,2,1,2,1,0,0,14,12,99,2,4,7,"777777777777","777777777777","777777777777",2,0
16,160131,1,2,1,5,8,20,9,12,2,1,0,4,1,7,29,7029,4,2014,"1C3CDFBB9ED8","1","C","3","C","D","F","B","B","9","E","D","8",0,0,0,"000000000","00000000000",0,0,0,1,0,0,0,0,0,0,0,998,0,0,0,12,6,2,12,0,0,0,1,4,86401,6,1,0,0,3,0,69,190,0,0,0,0,0,0,0,0,0,0,58,0,0,0,2,2,80,1,1,2,1,0,0,1,12,99,9,4,50,"777777777777","777777777777","777777777777",0,0