"STATE","ST_CASE","VEH_NO","VE_FORMS","NUMOCCS","DAY","MONTH","HOUR","MINUTE","HARM_EV","MAN_COLL","UNITTYPE","HIT_RUN","REG_STAT","OWNER","MAKE","MODEL","MAK_MOD","BODY_TYP","MOD_YEAR","VIN","VIN_1","VIN_2","VIN_3","VIN_4","VIN_5","VIN_6","VIN_7","VIN_8","VIN_9","VIN_10","VIN_11","VIN_12","TOW_VEH","J_KNIFE","MCARR_I1","MCARR_I2","MCARR_ID","GVWR","V_CONFIG","CARGO_BT","HAZ_INV","HAZ_PLAC","HAZ_ID","HAZ_CNO","HAZ_REL","BUS_USE","SPEC_USE","EMER_USE","TRAV_SP","UNDERIDE","ROLLOVER","ROLINLOC","IMPACT1","DEFORMED","TOWED","M_HARM","VEH_SC1","VEH_SC2","FIRE_EXP","DR_PRES","L_STATE","DR_ZIP","L_STATUS","L_TYPE","CDL_STAT","L_ENDORS","L_COMPL","L_RESTRI","DR_HGT","DR_WGT","PREV_ACC","PREV_SUS","PREV_DWI","PREV_SPD","PREV_OTH","FIRST_MO","FIRST_YR","LAST_MO","LAST_YR","SPEEDREL","DR_SF1","DR_SF2","DR_SF3","DR_SF4","VTRAFWAY","VNUM_LAN","VSPD_LIM","VALIGN","VPROFILE","VPAVETYP","VSURCOND","VTRAFCON","VTCONT_F","P_CRASH1","P_CRASH2","P_CRASH3","PCRASH4","PCRASH5","ACC_TYPE","TRLR1VIN","TRLR2VIN","TRLR3VIN","DEATHS","DR_DRINK"
16,160131,2,2,1,5,8,20,9,12,2,1,0,8,1,37,471,37471,30,2007,"2HJYK16557H5","2","H","J","Y","K","1","6","5","5","7","H","5",0,0,0,"000000000","00000000000",0,0,0,1,0,0,0,0,0,0,0,998,0,0,0,12,6,2,12,0,0,0,1,8,81008,6,1,0,0,3,0,74,215,0,0,0,1,0,11,2014,11,2014,0,0,0,0,0,2,2,80,1,1,2,1,0,0,1,62,99,1,1,51,"777777777777","777777777777","777777777777",1,0
16,160132,1,1,1,6,8,1,29,8,0,1,0,16,1,49,32,49032,4,2009,"1NXBU40E9920","1","N","X","B","U","4","0","E","9","9","2","0",0,0,0,"000000000","00000000000",0,0,0,1,0,0,0,0,0,0,0,998,0,0,0,11,6,2,8,0,0,0,1,16,83703,6,1,0,0,3,3,67,155,0,0,0,0,1,11,2013,11,2013,0,0,0,0,0,2,2,80,1,2,1,1,0,0,1,80,1,1,1,13,"777777777777","777777777777","777777777777",0,0
16,160133,1,1,2,6,8,17,35,35,0,1,0,16,1,12,481,12481,31,1994,"1FTEX14N7RKB","1","F","T","E","X","1","4","N","7","R","K","B",0,0,0,"000000000","00000000000",0,0,0,1,0,0,0,0,0,0,0,998,0,0,0,98,6,2,42,0,0,0,1,16,83313,6,1,0,0,3,3,69,185,0,0,0,0,0,0,0,0,0,0,0,0,0,0,1,2,35,3,2,5,5,0,0,14,13,99,2,4,2,"777777777777","777777777777","777777777777",1,0
16,160134,1,1,2,6,8,20,14,9,0,1,0,16,1,20,481,20481,31,2010,"3GCRKSE39AG1","3","G","C","R","K","S","E","3","9","A","G","1",0,0,0,"000000000","00000000000",0,0,0,1,0,0,0,0,0,0,0,998,0,0,0,1,2,5,9,0,0,0,1,16,83316,6,1,0,0,3,3,67,188,0,0,0,0,2,11,2011,11,2015,0,0,0,0,0,1,2,30,1,1,2,1,0,0,1,83,99,1,1,13,"777777777777","777777777777","777777777777",0,0
16,160135,1,1,1,9,8,20,39,1,0,1,0,16,2,98,734,98734,90,2015,"4XASEE570FA2","4","X","A","S","E","E","5","7","0","F","A","2",0,0,0,"000000000","00000000000",0,0,0,1,0,0,0,0,0,0,0,998,0,2,1,0,2,5,1,0,0,0,1,16,83402,0,0,0,0,0,0,999,999,0,0,0,0,0,0,0,0,0,0,99,99,99,99,1,2,0,1,1,2,1,20,3,2,9,99,9,3,98,"777777777777","777777777777","777777777777",1,0
16,160136,1,1,1,10,8,23,0,34,0,1,0,16,1,49,40,49040,4,2007,"4T1BE46KX7U0","4","T","1","B","E","4","6","K","X","7","U","0",0,0,0,"000000000","00000000000",0,0,0,1,0,0,0,0,0,0,0,998,0,1,5,12,6,2,1,0,0,0,1,16,83401,6,1,0,0,3,0,65,105,0,0,0,0,1,4,2016,4,2016,0,0,0,0,0,1,4,55,1,1,2,1,0,0,1,13,99,1,4,1,"777777777777","777777777777","777777777777",1,0
16,160137,1,1,1,12,8,23,31,1,0,1,0,16,2,12,401,12401,14,2000,"1FMZU73E0YZA","1","F","M","Z","U","7","3","E","0","Y","Z","A",0,0,0,"000000000","00000000000",0,0,0,1,0,0,0,0,0,0,0,998,0,2,1,0,6,2,1,0,0,0,1,16,83639,1,1,0,0,2,0,65,185,0,0,0,1,0,9,2012,9,2012,0,0,0,0,0,1,2,55,1,1,2,1,0,0,1,10,7,7,6,98,"777777777777","777777777777","777777777777",1,1
16,160138,1,1,2,14,8,22,42,42,0,1,0,16,1,49,472,49472,30,2006,"5TELU42N46Z2","5","T","E","L","U","4","2","N","4","6","Z","2",0,0,0,"000000000","00000000000",0,0,0,1,0,0,0,0,0,0,0,998,0,0,0,1,6,2,42,0,0,0,1,16,83861,6,1,0,0,3,0,72,175,0,0,0,0,3,5,2014,4,2016,0,0,0,0,0,1,2,55,3,1,2,1,0,0,14,13,99,1,4,1,"777777777777","777777777777","777777777777",1,1
16,160139,1,1,3,18,8,1,53,1,0,1,0,16,1,98,734,98734,90,2015,"3NSVDE994FF3","3","N","S","V","D","E","9","9","4","F","F","3",0,0,0,"000000000","00000000000",0,0,0,1,0,0,0,0,0,0,0,998,0,2,1,0,2,3,1,0,0,0,1,16,83330,6,1,6,0,3,0,68,200,0,0,0,1,0,11,2013,11,2013,3,58,0,0,0,1,2,25,1,2,2,1,20,3,11,6,6,4,2,98,"777777777777","777777777777","777777777777",1,1
16,160140,1,2,2,18,8,7,34,12,7,1,0,16,1,73,706,73706,80,2008,"JKAVN2D1X8A0","J","K","A","V","N","2","D","1","X","8","A","0",0,0,0,"000000000","00000000000",0,0,0,1,0,0,0,0,0,0,0,998,0,0,0,10,8,2,12,0,0,0,1,16,83714,6,1,0,0,3,0,78,280,0,0,0,0,0,0,0,0,0,0,27,26,0,0,2,4,65,1,1,1,1,0,0,1,52,9,1,1,48,"777777777777","777777777777","777777777777",1,0
16,160140,2,2,1,18,8,7,34,12,7,1,0,16,1,20,2,20002,4,2014,"1G1125S31EU1","1","G","1","1","2","5","S","3","1","E","U","1",0,0,0,"000000000","00000000000",0,0,0,1,0,0,0,0,0,0,0,998,0,0,0,5,2,5,12,0,0,0,1,16,83676,6,1,0,0,3,0,61,130,0,0,0,0,0,0,0,0,0,0,0,0,0,0,2,4,65,1,1,1,1,0,0,2,53,1,1,1,48,"777777777777","777777777777","777777777777",0,0
16,160141,1,2,1,18,8,16,23,12,2,1,0,16,1,20,481,20481,31,1992,"2GCEK19K0N12","2","G","C","E","K","1","9","K","0","N","1","2",0,0,0,"000000000","00000000000",0,0,0,1,0,0,0,0,0,0,0,998,0,0,0,12,6,2,12,0,0,0,1,16,83449,6,1,0,0,3,0,73,286,0,1,0,0,1,10,2011,1,2016,0,28,0,0,0,1,2,55,2,1,2,1,0,0,14,12,7,9,6,52,"777777777777","777777777777","777777777777",1,0
16,160141,2,2,1,18,8,16,23,12,2,1,0,30,1,82,850,82850,65,1999,"4UZ6XJCA9XCF","4","U","Z","6","X","J","C","A","9","X","C","F",1,1,0,"000000000","00000000000",0,0,0,1,0,0,0,0,0,0,0,998,0,0,0,12,6,2,12,0,0,0,1,30,59718,6,1,0,0,3,0,999,999,98,0,0,1,0,12,2012,12,2012,0,0,0,0,0,1,2,55,3,1,2,1,0,0,14,63,8,2,1,52,"888888888888","777777777777","777777777777",0,0
16,160142,1,3,1,18,8,21,23,12,6,1,0,16,1,2,403,2403,14,2000,"1J4FA49SXYP7","1","J","4","F","A","4","9","S","X","Y","P","7",0,0,0,"000000000","00000000000",0,0,0,1,0,0,0,0,0,0,0,998,0,0,0,12,6,2,12,0,0,0,1,16,83686,6,1,6,0,3,3,70,175,0,0,0,0,3,5,2012,6,2013,0,0,0,0,0,1,2,45,1,1,2,1,0,0,1,62,99,1,1,69,"777777777777","777777777777","777777777777",0,1
16,160142,2,3,3,18,8,21,23,12,6,1,0,16,1,22,22,22022,2,2006,"1G2ZM1716641","1","G","2","Z","M","1","7","1","6","6","4","1",0,0,0,"000000000","00000000000",0,0,0,1,0,0,0,0,0,0,0,998,0,0,0,4,6,2,12,0,0,0,1,16,83686,6,1,0,0,3,0,76,215,0,1,0,0,1,2,2016,3,2016,0,38,0,0,0,1,2,50,1,1,2,1,20,3,11,15,99,1,1,68,"777777777777","777777777777","777777777777",1,0
16,160142,3,3,2,18,8,21,23,12,6,1,0,16,1,55,33,55033,4,2010,"5NPET4ACXAH5","5","N","P","E","T","4","A","C","X","A","H","5",0,0,0,"000000000","00000000000",0,0,0,1,0,0,0,0,0,0,0,0,0,0,0,1,2,5,12,0,0,0,1,16,83686,6,1,0,0,3,3,71,185,0,0,0,0,0,0,0,0,0,0,0,0,0,0,1,2,50,1,1,2,1,20,3,5,62,1,1,1,98,"777777777777","777777777777","777777777777",0,0
16,160143,1,1,2,19,8,15,7,1,0,1,0,30,1,6,441,6441,20,2005,"2C8GP54L35R1","2","C","8","G","P","5","4","L","3","5","R","1",0,0,0,"000000000","00000000000",0,0,0,1,0,0,0,0,0,0,0,998,0,2,5,0,6,2,1,0,0,0,1,30,59746,6,1,0,0,3,3,66,180,98,0,0,0,0,0,0,0,0,0,58,0,0,0,2,2,80,1,1,2,1,0,0,1,12,7,3,4,2,"777777777777","777777777777","777777777777",1,0
16,160144,1,2,6,21,8,16,46,12,6,1,0,16,2,7,442,7442,20,2002,"1B4GP25342B6","1","B","4","G","P","2","5","3","4","2","B","6",0,0,0,"000000000","00000000000",0,0,0,1,0,0,0,0,0,0,0,998,0,1,1,12,6,2,1,0,0,0,1,16,83605,3,1,0,0,2,0,999,999,0,0,0,0,0,0,0,0,0,0,39,38,0,0,1,2,50,1,1,2,1,20,3,1,17,16,1,1,88,"777777777777","777777777777","777777777777",2,1
16,160144,2,2,1,21,8,16,46,12,6,1,0,6,3,82,881,82881,66,2015,"3AKJGLBG5FSG","3","A","K","J","G","L","B","G","5","F","S","G",1,1,57,"00806993","5700806993",3,6,1,1,0,0,0,0,0,0,0,998,7,0,0,9,4,5,12,0,0,0,1,6,93657,6,1,6,0,3,0,67,176,0,0,0,2,0,4,2015,1,2016,0,0,0,0,0,1,2,50,1,1,2,1,0,0,1,66,16,1,1,89,"888888888888","777777777777","777777777777",0,0
16,160145,1,1,5,21,8,22,8,1,0,1,0,16,1,23,401,23401,14,2004,"1GKET16S4461","1","G","K","E","T","1","6","S","4","4","6","1",0,0,0,"000000000","00000000000",0,0,0,1,0,0,0,0,0,0,0,998,0,2,1,0,6,2,1,0,0,0,1,16,83336,6,1,0,0,3,3,69,245,0,0,0,0,1,3,2012,3,2012,3,0,0,0,0,1,2,65,1,1,2,1,0,0,1,12,7,3,6,98,"777777777777","777777777777","777777777777",3,0
16,160146,1,1,1,22,8,10,38,35,0,1,0,49,1,30,42,30042,5,1994,"3VWFB21H5RM0","3","V","W","F","B","2","1","H","5","R","M","0",0,0,0,"000000000","00000000000",0,0,0,1,0,0,0,0,0,0,0,998,0,1,6,11,6,2,1,0,0,0,1,16,83274,1,1,0,0,2,0,73,275,0,0,0,0,0,0,0,0,0,3,35,0,0,0,1,2,65,1,1,2,1,0,0,6,11,6,4,4,7,"777777777777","777777777777","777777777777",1,1
16,160147,1,1,1,23,8,19,25,1,0,1,0,16,3,7,482,7482,31,2005,"1D7HA18D65J5","1","D","7","H","A","1","8","D","6","5","J","5",0,0,0,"000000000","00000000000",0,0,0,1,0,0,0,0,0,0,0,998,0,2,5,0,6,2,1,0,0,0,1,16,83301,6,1,0,0,3,3,61,110,0,0,0,0,0,0,0,0,0,0,79,0,0,0,1,2,50,1,1,2,11,0,0,1,9,99,4,4,7,"777777777777","777777777777","777777777777",1,0
16,160148,1,1,1,24,8,22,58,1,0,1,0,16,1,7,442,7442,20,2004,"2D4GP44L94R5","2","D","4","G","P","4","4","L","9","4","R","5",0,0,0,"000000000","00000000000",0,0,0,1,0,0,0,0,0,0,0,998,0,2,4,0,6,2,1,0,0,1,1,16,83201,6,1,0,0,3,3,68,180,0,1,0,0,2,8,2015,4,2016,0,0,0,0,0,6,1,80,2,1,2,1,0,0,14,12,99,1,4,6,"777777777777","777777777777","777777777777",1,1
16,160149,1,1,2,25,8,8,20,1,0,1,0,49,2,12,401,12401,14,1999,"1FMZU34E0XZA","1","F","M","Z","U","3","4","E","0","X","Z","A",0,0,0,"000000000","00000000000",0,0,0,1,0,0,0,0,0,0,0,998,0,2,5,0,6,2,1,0,0,0,1,49,84123,6,1,0,0,3,0,73,180,98,0,0,1,1,9,2015,7,2016,0,58,0,0,0,1,2,45,4,2,4,1,0,0,14,6,7,3,4,7,"777777777777","777777777777","777777777777",1,0
16,160150,1,1,2,26,8,14,38,35,0,1,0,16,1,12,422,12422,15,1999,"1FMPU18L0XLB","1","F","M","P","U","1","8","L","0","X","L","B",0,0,0,"000000000","00000000000",0,0,0,1,0,0,0,0,0,0,0,998,0,1,5,9,6,2,1,0,0,0,1,16,83344,6,1,0,0,3,0,62,120,0,0,0,0,0,0,0,0,0,0,58,0,0,0,2,2,80,1,1,1,1,0,0,1,1,7,3,4,2,"777777777777","777777777777","777777777777",1,0
16,160151,1,1,1,29,8,17,24,24,0,1,0,16,1,73,706,73706,80,2011,"JKBVNRE12BA0","J","K","B","V","N","R","E","1","2","B","A","0",0,0,0,"000000000","00000000000",0,0,0,1,0,0,0,0,0,0,0,998,0,0,0,10,6,2,1,0,0,0,1,16,83301,6,1,0,0,3,0,75,180,0,0,0,0,1,6,2016,6,2016,0,0,0,0,0,2,2,80,1,1,2,1,0,0,1,12,99,9,4,6,"777777777777","777777777777","777777777777",1,0
16,160152,1,1,3,3,9,6,42,35,0,1,0,16,9,22,16,22016,4,1996,"3G2JB5247TS8","3","G","2","J","B","5","2","4","7","T","S","8",0,0,0,"000000000","00000000000",0,0,0,1,0,0,0,0,0,0,0,998,0,1,6,12,6,2,1,0,0,0,1,99,99999,9,9,99,9,9,9,999,999,99,99,99,99,99,99,9999,99,9999,0,28,0,0,0,1,2,60,1,1,2,1,0,0,1,12,99,9,4,6,"777777777777","777777777777","777777777777",1,0
16,160153,1,1,3,6,9,8,4,42,0,1,0,16,1,37,32,37032,4,1998,"1HGCG5553WA0","1","H","G","C","G","5","5","5","3","W","A","0",0,0,0,"000000000","00000000000",0,0,0,1,0,0,0,0,0,0,0,998,0,0,0,3,6,2,42,0,0,0,1,16,83803,6,1,0,0,3,0,67,125,0,3,0,0,4,10,2011,7,2016,0,91,0,0,0,1,2,50,3,1,2,2,0,0,14,9,99,2,4,2,"777777777777","777777777777","777777777777",1,0
16,160154,1,2,1,6,9,16,50,1,0,1,0,30,1,72,706,72706,80,2016,"1HD1KGL10GB6","1","H","D","1","K","G","L","1","0","G","B","6",0,0,0,"000000000","00000000000",0,0,0,1,0,0,0,0,0,0,0,998,0,0,0,0,6,2,12,0,0,0,1,30,59923,6,1,0,0,3,3,999,999,98,0,0,5,2,9,2011,6,2014,4,0,0,0,0,1,2,50,2,1,2,2,0,0,14,6,99,2,1,98,"777777777777","777777777777","777777777777",1,0
16,160154,2,2,3,6,9,16,50,1,0,1,0,94,3,12,880,12880,67,2002,"1FDXW47F32EC","1","F","D","X","W","4","7","F","3","2","E","C",0,0,77,"777777777","77777777777",2,1,97,1,0,0,0,0,0,0,0,998,0,0,0,11,4,5,12,0,0,0,1,4,59802,6,1,0,0,3,0,70,120,0,0,0,0,0,0,0,0,0,0,0,0,0,0,1,2,50,3,1,2,2,0,0,14,62,9,1,1,98,"777777777777","777777777777","777777777777",0,0
16,160155,1,2,1,7,9,14,13,12,2,1,0,16,1,7,442,7442,20,2003,"1D4GP25R73B2","1","D","4","G","P","2","5","R","7","3","B","2",0,0,0,"000000000","00000000000",0,0,0,1,0,0,0,0,0,0,0,998,0,0,0,12,6,2,12,0,0,0,1,16,83546,6,1,0,0,3,3,60,139,0,0,0,0,0,0,0,0,0,0,28,0,0,0,5,5,50,2,1,2,1,0,0,14,10,99,1,2,50,"777777777777","777777777777","777777777777",1,0
16,160155,2,2,1,7,9,14,13,12,2,1,0,16,1,23,481,23481,31,2007,"1GTEK19JX7Z5","1","G","T","E","K","1","9","J","X","7","Z","5",0,0,0,"000000000","00000000000",0,0,0,1,0,0,0,0,0,0,0,998,0,0,0,12,6,2,12,0,0,0,1,16,83544,6,1,0,0,3,0,64,175,0,0,0,0,1,1,2016,1,2016,0,0,0,0,0,5,5,50,3,1,2,1,0,0,14,62,99,1,1,51,"777777777777","777777777777","777777777777",0,0
16,160156,1,2,1,12,9,14,35,12,6,1,0,16,3,49,43,49043,4,2008,"4T1BK36B68U3","4","T","1","B","K","3","6","B","6","8","U","3",0,0,0,"000000000","00000000000",0,0,0,1,0,0,0,0,0,0,0,998,0,0,0,4,6,2,12,0,0,0,1,16,83404,6,1,0,0,3,0,65,116,0,0,0,0,0,0,0,0,0,0,0,0,0,0,1,2,50,1,1,2,1,0,0,1,66,99,1,1,87,"777777777777","777777777777","777777777777",0,0
16,160156,2,2,2,12,9,14,35,12,6,1,0,16,2,23,481,23481,31,1984,"1GTGK24M7EJ5","1","G","T","G","K","2","4","M","7","E","J","5",0,0,0,"000000000","00000000000",0,0,0,1,0,0,0,0,0,0,0,998,0,0,0,12,6,2,12,0,0,0,1,53,99022,6,1,0,0,3,0,72,221,0,0,0,5,5,5,2012,1,2016,0,38,0,0,0,1,2,50,1,1,2,1,20,3,1,17,99,1,1,86,"777777777777","777777777777","777777777777",1,0
16,160157,1,1,1,15,9,7,15,1,0,1,0,16,3,87,884,87884,66,2000,"1NPFLB9X4YD5","1","N","P","F","L","B","9","X","4","Y","D","5",1,1,57,"2194740","572194740",3,6,10,1,0,0,0,0,0,0,0,998,0,2,1,0,6,2,1,0,0,0,1,16,83861,6,1,6,0,3,3,68,275,1,0,0,0,2,7,2012,5,2016,4,80,0,0,0,1,2,35,2,1,2,1,0,0,14,6,1,9,2,98,"888888888888","777777777777","777777777777",1,0
16,160158,1,1,1,16,9,14,45,42,0,1,0,16,1,7,482,7482,31,2006,"1D7HU18NX6J1","1","D","7","H","U","1","8","N","X","6","J","1",0,0,0,"000000000","00000000000",0,0,0,1,0,0,0,0,0,0,0,998,0,0,0,12,6,2,42,0,0,0,1,16,83552,6,1,6,0,3,3,71,220,0,0,0,0,1,4,2016,4,2016,0,99,99,99,99,1,2,35,3,1,2,1,0,0,14,12,1,1,4,6,"777777777777","777777777777","777777777777",1,0
16,160159,1,1,1,14,9,20,8,1,0,1,0,16,2,73,703,73703,80,2012,"JKAEXMJ12CDA","J","K","A","E","X","M","J","1","2","C","D","A",0,0,0,"000000000","00000000000",0,0,0,1,0,0,0,0,0,0,0,998,0,0,0,0,2,3,1,0,0,0,1,16,83642,6,1,0,0,3,0,73,235,0,0,0,0,1,11,2013,11,2013,3,0,0,0,0,1,2,25,3,1,2,1,0,0,14,6,99,9,4,2,"777777777777","777777777777","777777777777",1,1
16,160160,1,1,1,13,9,19,14,8,0,1,0,16,1,20,16,20016,2,1997,"1G1JC124XV72","1","G","1","J","C","1","2","4","X","V","7","2",0,0,0,"000000000","00000000000",0,0,0,1,0,0,0,0,0,0,0,33,0,0,0,12,8,2,8,0,0,0,1,38,99999,9,9,99,9,9,9,999,999,99,99,99,99,99,99,9999,99,9999,0,0,0,0,0,5,5,98,1,1,2,1,0,0,1,80,1,1,1,13,"777777777777","777777777777","777777777777",0,0
16,160161,1,1,1,13,9,11,8,35,0,1,0,16,1,23,481,23481,31,1998,"1GTGK29JXWE5","1","G","T","G","K","2","9","J","X","W","E","5",0,0,0,"000000000","00000000000",0,0,0,1,0,0,0,0,0,0,0,998,0,0,0,14,8,2,3,0,0,0,1,16,83646,6,1,0,0,3,0,75,175,0,0,0,0,0,0,0,0,0,0,0,0,0,0,1,2,65,4,1,1,1,0,0,14,8,1,1,4,98,"777777777777","777777777777","777777777777",1,0
16,160162,1,1,1,7,9,99,99,35,0,1,0,16,2,20,401,20401,14,2001,"1GNCT18W21K1","1","G","N","C","T","1","8","W","2","1","K","1",0,0,0,"000000000","00000000000",0,0,0,1,0,0,0,0,0,0,0,998,0,1,6,10,6,2,35,0,0,0,1,16,83330,0,0,0,0,0,0,66,140,0,0,0,0,0,0,0,0,0,4,0,0,0,0,1,2,50,3,2,2,1,0,0,14,6,99,9,4,5,"777777777777","777777777777","777777777777",1,0
16,160163,1,1,1,20,9,4,49,8,0,1,1,99,9,99,999,99999,99,9999,"999999999999","9","9","9","9","9","9","9","9","9","9","9","9",9,0,99,"999999999","99999999999",9,99,99,1,0,0,0,0,99,99,9,998,0,0,0,98,9,5,8,99,99,0,1,99,99999,9,9,99,9,9,9,999,999,99,99,99,99,99,99,9999,99,9999,9,99,99,99,99,2,2,80,1,2,1,1,0,0,1,80,99,9,3,13,"777777777777","777777777777","777777777777",0,0
16,160164,1,2,3,17,9,12,24,12,6,1,0,16,2,41,45,41045,1,1990,"JM1NA3516L01","J","M","1","N","A","3","5","1","6","L","0","1",0,0,0,"000000000","00000000000",0,0,0,1,0,0,0,0,0,0,0,50,0,0,0,12,6,2,12,0,0,0,1,6,92587,6,1,0,0,3,0,999,999,0,0,0,0,0,0,0,0,0,3,91,36,0,0,1,4,98,1,1,2,1,0,0,1,66,16,2,1,88,"777777777777","777777777777","777777777777",0,0
16,160164,2,2,4,17,9,12,24,12,6,1,0,16,1,18,22,18022,4,2013,"1G4GF5E35DF1","1","G","4","G","F","5","E","3","5","D","F","1",0,0,0,"000000000","00000000000",0,0,0,1,0,0,0,0,0,0,0,16,0,0,0,8,6,2,12,0,0,0,1,16,83402,6,1,0,0,3,3,71,160,0,0,0,0,0,0,0,0,0,0,39,38,0,0,1,2,98,1,1,2,1,20,3,3,17,1,1,1,89,"777777777777","777777777777","777777777777",2,0
16,160165,1,1,1,25,9,6,13,17,0,1,0,48,1,23,481,23481,31,2002,"1GTEC19T92Z2","1","G","T","E","C","1","9","T","9","2","Z","2",0,0,0,"000000000","00000000000",0,0,0,1,0,0,0,0,0,0,0,998,0,1,5,11,6,2,17,0,0,0,1,48,77474,6,1,0,0,3,0,999,999,0,0,0,0,0,0,0,0,0,0,28,0,0,0,1,2,35,2,1,2,1,0,0,1,12,1,1,4,6,"777777777777","777777777777","777777777777",1,0
16,160166,1,2,1,28,9,10,50,12,1,1,0,0,0,98,998,98998,92,9999,"000000000000","0","0","0","0","0","0","0","0","0","0","0","0",0,0,0,"000000000","00000000000",0,0,0,1,0,0,0,0,0,0,0,998,0,0,0,6,6,2,12,0,0,0,1,16,83445,6,1,0,0,3,1,71,200,0,0,0,0,0,0,0,0,0,9,99,99,99,99,2,2,65,1,1,2,1,0,0,1,53,99,1,1,25,"777777777777","777777777777","777777777777",1,0
16,160166,2,2,1,28,9,10,50,12,1,1,0,16,3,87,881,87881,66,2001,"1XP7DB0X91D5","1","X","P","7","D","B","0","X","9","1","D","5",1,1,57,"2530090","572530090",3,6,1,1,0,0,0,0,0,0,0,998,0,0,0,12,6,2,12,0,0,0,1,16,83401,6,1,6,1,3,0,74,215,0,1,0,1,0,9,2015,7,2016,9,99,99,99,99,2,2,65,1,1,2,1,0,0,1,51,9,1,1,24,"888888888888","777777777777","777777777777",0,0
16,160167,1,1,2,29,9,1,38,1,0,1,1,16,1,37,401,37401,14,1999,"4S6CM58W5X44","4","S","6","C","M","5","8","W","5","X","4","4",0,0,0,"000000000","00000000000",0,0,0,1,0,0,0,0,0,0,0,998,0,2,1,0,6,2,1,0,0,0,1,16,83323,9,9,99,9,9,9,999,999,99,99,99,99,99,99,9999,99,9999,0,58,0,0,0,1,2,55,3,1,2,1,0,0,14,13,6,3,6,98,"777777777777","777777777777","777777777777",1,1
16,160168,1,1,2,29,9,17,15,1,0,1,0,32,1,20,431,20431,16,1992,"1GNGK26N3NJ3","1","G","N","G","K","2","6","N","3","N","J","3",1,1,0,"000000000","00000000000",0,0,0,1,0,0,0,0,0,0,0,998,0,2,5,0,6,2,1,0,0,0,1,32,89027,6,1,0,0,3,0,69,150,0,0,0,0,0,0,0,0,0,0,58,0,0,0,2,2,80,1,1,2,1,0,0,1,12,7,3,4,2,"888888888888","777777777777","777777777777",1,0
16,160169,1,1,1,29,9,21,24,31,0,1,0,16,1,2,404,2404,14,2001,"1J4GW48N01C5","1","J","4","G","W","4","8","N","0","1","C","5",0,0,0,"000000000","00000000000",0,0,0,1,0,0,0,0,0,0,0,998,0,1,5,11,6,2,1,0,0,0,1,16,83814,6,1,0,0,3,0,64,150,0,0,0,0,0,0,0,0,0,0,58,0,0,0,1,2,65,3,1,2,1,0,0,14,13,6,3,4,2,"777777777777","777777777777","777777777777",1,1
16,160170,1,2,2,30,9,5,4,12,2,1,0,18,3,82,881,82881,66,2015,"3AKJGLD55FSG","3","A","K","J","G","L","D","5","5","F","S","G",1,3,57,"054283","57054283",3,6,1,1,0,0,0,0,0,0,0,65,0,0,0,12,6,2,12,0,0,0,1,99,56378,9,9,99,9,9,9,999,999,99,99,99,99,99,99,9999,99,9999,4,28,91,0,0,1,2,35,3,1,2,1,0,0,14,6,9,4,6,50,"888888888888","777777777777","777777777777",0,0
16,160170,2,2,1,30,9,5,4,12,2,1,0,16,1,20,401,20401,14,2005,"1GNDT13SX521","1","G","N","D","T","1","3","S","X","5","2","1",0,0,0,"000000000","00000000000",0,0,0,1,0,0,0,0,0,0,0,998,0,1,2,12,6,2,12,0,0,0,1,16,83530,6,1,0,0,3,0,62,140,0,0,0,0,0,0,0,0,0,0,0,0,0,0,1,2,35,2,1,2,1,0,0,14,62,7,1,1,51,"777777777777","777777777777","777777777777",1,0
16,160171,1,3,2,26,9,16,12,12,1,1,0,16,1,37,441,37441,20,2013,"5FNRL5H24DB0","5","F","N","R","L","5","H","2","4","D","B","0",0,0,0,"000000000","00000000000",0,0,0,1,0,0,0,0,0,0,0,998,0,0,0,12,6,2,12,0,0,0,1,16,83644,6,1,6,1,3,1,64,145,0,0,0,0,1,6,2014,6,2014,0,38,0,0,0,1,2,55,1,1,2,1,0,0,1,50,99,1,1,20,"777777777777","777777777777","777777777777",0,0
16,160171,2,3,1,26,9,16,12,12,1,1,0,20,1,63,31,63031,4,1998,"KNAFB1216W57","K","N","A","F","B","1","2","1","6","W","5","7",0,0,0,"000000000","00000000000",0,0,0,1,0,0,0,0,0,0,0,0,0,0,0,6,6,2,12,0,0,0,1,16,83607,6,1,0,0,3,0,70,148,0,0,0,0,0,0,0,0,0,0,0,0,0,0,1,2,55,1,1,2,1,0,0,5,53,1,1,1,22,"777777777777","777777777777","777777777777",1,0
16,160171,3,3,4,26,9,16,12,12,1,1,0,16,1,63,34,63034,4,2015,"5XXGN4A76FG4","5","X","X","G","N","4","A","7","6","F","G","4",0,0,0,"000000000","00000000000",0,0,0,1,0,0,0,0,0,0,0,998,0,0,0,11,6,2,12,0,0,0,1,16,83669,6,1,0,0,3,0,61,105,0,0,0,0,0,0,0,0,0,0,0,0,0,0,1,2,55,1,1,2,1,0,0,1,62,99,1,1,98,"777777777777","777777777777","777777777777",0,0
16,160172,1,1,1,2,9,23,47,38,0,1,0,16,2,6,54,6054,6,2005,"2C4GM684X5R5","2","C","4","G","M","6","8","4","X","5","R","5",0,0,0,"000000000","00000000000",0,0,0,1,0,0,0,0,0,0,0,998,0,9,5,1,6,2,1,0,0,0,1,16,83641,0,0,0,0,0,0,999,999,0,0,0,0,0,0,0,0,0,0,39,58,0,0,1,2,45,1,1,2,1,20,3,1,13,7,2,4,2,"777777777777","777777777777","777777777777",1,1