"STATE","ST_CASE","VEH_NO","VE_FORMS","NUMOCCS","DAY","MONTH","HOUR","MINUTE","HARM_EV","MAN_COLL","UNITTYPE","HIT_RUN","REG_STAT","OWNER","MAKE","MODEL","MAK_MOD","BODY_TYP","MOD_YEAR","VIN","VIN_1","VIN_2","VIN_3","VIN_4","VIN_5","VIN_6","VIN_7","VIN_8","VIN_9","VIN_10","VIN_11","VIN_12","TOW_VEH","J_KNIFE","MCARR_I1","MCARR_I2","MCARR_ID","GVWR","V_CONFIG","CARGO_BT","HAZ_INV","HAZ_PLAC","HAZ_ID","HAZ_CNO","HAZ_REL","BUS_USE","SPEC_USE","EMER_USE","TRAV_SP","UNDERIDE","ROLLOVER","ROLINLOC","IMPACT1","DEFORMED","TOWED","M_HARM","VEH_SC1","VEH_SC2","FIRE_EXP","DR_PRES","L_STATE","DR_ZIP","L_STATUS","L_TYPE","CDL_STAT","L_ENDORS","L_COMPL","L_RESTRI","DR_HGT","DR_WGT","PREV_ACC","PREV_SUS","PREV_DWI","PREV_SPD","PREV_OTH","FIRST_MO","FIRST_YR","LAST_MO","LAST_YR","SPEEDREL","DR_SF1","DR_SF2","DR_SF3","DR_SF4","VTRAFWAY","VNUM_LAN","VSPD_LIM","VALIGN","VPROFILE","VPAVETYP","VSURCOND","VTRAFCON","VTCONT_F","P_CRASH1","P_CRASH2","P_CRASH3","PCRASH4","PCRASH5","ACC_TYPE","TRLR1VIN","TRLR2VIN","TRLR3VIN","DEATHS","DR_DRINK"
16,160210,2,3,1,25,11,18,6,12,6,1,0,16,2,12,17,12017,4,2003,"1FAFP52U53G2","1","F","A","F","P","5","2","U","5","3","G","2",0,0,0,"000000000","00000000000",0,0,0,1,0,0,0,0,0,0,0,998,0,0,0,12,2,3,12,0,0,0,1,16,83651,6,1,0,0,3,0,999,999,99,99,99,99,99,99,9999,99,9999,0,0,0,0,0,1,5,55,1,1,2,1,3,3,1,61,16,2,1,98,"777777777777","777777777777","777777777777",0,0
16,160210,3,3,1,25,11,18,6,12,6,1,0,16,2,72,706,72706,80,2003,"1HD1GDV133K3","1","H","D","1","G","D","V","1","3","3","K","3",0,0,0,"000000000","00000000000",0,0,0,1,0,0,0,0,0,0,0,998,0,0,0,12,6,2,12,0,0,0,1,16,83706,6,1,0,0,3,0,69,145,0,0,0,0,2,10,2014,8,2016,0,0,0,0,0,1,5,55,1,1,2,1,3,3,1,62,16,2,1,69,"777777777777","777777777777","777777777777",1,0
16,160211,1,2,1,25,11,13,47,12,6,1,0,16,1,20,481,20481,31,2007,"1GCEK19B17Z1","1","G","C","E","K","1","9","B","1","7","Z","1",0,0,0,"000000000","00000000000",0,0,0,1,0,0,0,0,0,0,0,998,0,0,0,9,6,2,12,0,0,0,1,16,83524,6,1,0,0,3,3,66,150,0,0,0,0,0,0,0,0,0,0,39,38,0,0,1,2,25,1,1,2,2,20,3,11,15,99,1,1,82,"777777777777","777777777777","777777777777",1,0
16,160211,2,2,1,25,11,13,47,12,6,1,0,16,2,12,3,12003,2,1995,"1FALP4046SF2","1","F","A","L","P","4","0","4","6","S","F","2",0,0,0,"000000000","00000000000",0,0,0,1,0,0,0,0,0,0,0,998,0,0,0,12,6,2,12,0,0,0,1,16,83616,6,1,0,0,3,0,69,135,0,0,0,0,0,0,0,0,0,0,0,0,0,0,2,2,65,1,1,2,2,0,0,1,67,8,2,2,83,"777777777777","777777777777","777777777777",0,0
16,160212,1,1,2,25,11,23,33,1,0,1,0,16,2,37,31,37031,3,1996,"2HGEJ6325TH1","2","H","G","E","J","6","3","2","5","T","H","1",0,0,0,"000000000","00000000000",0,0,0,1,0,0,0,0,0,0,0,998,0,1,5,0,6,2,42,0,0,0,1,16,83301,6,1,0,0,3,0,70,135,0,5,0,0,8,12,2011,5,2015,3,36,58,0,0,1,2,50,1,1,2,1,0,0,1,6,6,2,4,7,"777777777777","777777777777","777777777777",2,1
16,160213,1,1,1,28,11,8,5,1,0,1,0,16,2,49,471,49471,31,1990,"JT4VN13DXL50","J","T","4","V","N","1","3","D","X","L","5","0",0,0,0,"000000000","00000000000",0,0,0,1,0,0,0,0,0,0,0,998,0,9,3,0,6,2,1,0,0,0,1,16,83434,6,1,0,0,3,0,72,220,0,0,0,0,0,0,0,0,0,4,0,0,0,0,2,2,65,1,1,2,4,0,0,1,6,99,2,4,7,"777777777777","777777777777","777777777777",1,0
16,160214,1,1,1,29,11,17,55,8,0,1,0,16,1,63,37,63037,6,2013,"KNDJT2A50D75","K","N","D","J","T","2","A","5","0","D","7","5",0,0,0,"000000000","00000000000",0,0,0,1,0,0,0,0,0,0,0,998,0,0,0,12,2,3,8,0,0,0,1,16,83815,6,1,0,0,3,3,68,214,0,0,0,0,0,0,0,0,0,0,0,0,0,0,1,2,35,1,1,2,1,0,0,1,80,99,1,1,13,"777777777777","777777777777","777777777777",0,0
16,160215,1,1,1,28,11,23,30,35,0,1,0,16,1,12,37,12037,4,2006,"1FAHP34N76W1","1","F","A","H","P","3","4","N","7","6","W","1",0,0,0,"000000000","00000000000",0,0,0,1,0,0,0,0,0,0,0,998,0,1,6,3,6,2,3,0,0,0,1,16,83607,6,1,0,0,3,0,69,165,0,0,0,0,0,0,0,0,0,0,58,0,0,0,1,2,50,1,1,2,1,0,0,1,13,6,4,4,7,"777777777777","777777777777","777777777777",1,1
16,160216,1,1,1,10,11,12,47,9,0,1,0,16,1,23,402,23402,14,2014,"2GKALMEK6E61","2","G","K","A","L","M","E","K","6","E","6","1",0,0,0,"000000000","00000000000",0,0,0,1,0,0,0,0,0,0,0,998,0,0,0,12,2,5,9,0,0,0,1,16,83651,6,1,0,0,3,3,65,120,0,0,0,0,0,0,0,0,0,0,0,0,0,0,1,3,35,1,1,2,1,3,3,11,83,99,1,1,13,"777777777777","777777777777","777777777777",0,0
16,160217,1,1,2,30,11,10,45,1,0,1,0,16,1,22,16,22016,2,1996,"1G2JD12T0T75","1","G","2","J","D","1","2","T","0","T","7","5",0,0,0,"000000000","00000000000",0,0,0,1,0,0,0,0,0,0,0,998,0,9,5,0,6,2,1,0,0,0,1,97,0,9,9,99,9,9,9,69,170,99,99,99,99,99,99,9999,99,9999,0,0,0,0,0,1,3,55,2,2,2,1,0,0,14,12,99,9,4,6,"777777777777","777777777777","777777777777",2,1
16,160218,1,1,1,21,11,19,59,8,0,1,0,16,1,6,51,6051,4,2006,"2C3LK63H06H3","2","C","3","L","K","6","3","H","0","6","H","3",0,0,0,"000000000","00000000000",0,0,0,1,0,0,0,0,0,0,0,5,0,0,0,12,0,5,8,0,0,0,1,16,83835,6,1,0,0,3,0,63,123,0,0,0,0,0,0,0,0,0,0,38,0,0,0,1,2,25,1,1,2,1,20,3,11,80,1,1,1,13,"777777777777","777777777777","777777777777",0,0
16,160219,1,1,3,3,12,11,31,38,0,1,0,16,1,19,18,19018,4,2004,"1G6DM5772401","1","G","6","D","M","5","7","7","2","4","0","1",0,0,0,"000000000","00000000000",0,0,0,1,0,0,0,0,0,0,0,998,0,1,5,12,6,2,1,0,0,0,1,16,83704,1,1,0,0,2,2,74,175,0,1,0,0,0,10,2012,10,2012,0,74,0,0,0,1,2,50,1,1,2,1,0,0,1,12,1,1,4,6,"777777777777","777777777777","777777777777",1,0
16,160220,1,2,1,4,12,17,14,12,6,1,0,16,1,49,401,49401,14,2001,"JT3HN86R9103","J","T","3","H","N","8","6","R","9","1","0","3",0,0,0,"000000000","00000000000",0,0,0,1,0,0,0,0,0,0,0,998,0,0,0,3,6,2,12,0,0,0,1,16,83422,6,1,0,0,3,3,69,140,0,0,0,0,0,0,0,0,0,9,58,28,79,0,1,2,45,1,1,2,3,0,0,1,5,1,5,2,64,"777777777777","777777777777","777777777777",1,0
16,160220,2,2,1,4,12,17,14,12,6,1,0,16,1,12,481,12481,31,2000,"1FTNX21F1YEB","1","F","T","N","X","2","1","F","1","Y","E","B",0,0,0,"000000000","00000000000",0,0,0,1,0,0,0,0,0,0,0,998,0,0,0,12,6,2,12,0,0,0,1,16,83422,6,1,0,0,3,0,75,200,0,0,0,0,0,0,0,0,0,0,28,0,0,0,1,2,45,1,1,2,3,0,0,1,62,16,9,2,65,"777777777777","777777777777","777777777777",0,0
16,160221,1,1,1,5,12,7,46,1,0,1,0,16,1,12,401,12401,14,1994,"1FMDU34X0RUA","1","F","M","D","U","3","4","X","0","R","U","A",0,0,0,"000000000","00000000000",0,0,0,1,0,0,0,0,0,0,0,998,0,1,3,0,6,2,1,0,0,0,1,16,83301,6,1,0,0,3,0,61,175,0,0,0,1,0,6,2013,6,2013,4,87,0,0,0,2,2,80,1,1,2,4,0,0,1,6,99,4,4,7,"777777777777","777777777777","777777777777",1,0
16,160222,1,1,2,6,12,10,19,31,0,1,0,16,1,12,481,12481,31,2006,"1FTSW21P66EA","1","F","T","S","W","2","1","P","6","6","E","A",0,0,0,"000000000","00000000000",0,0,0,1,0,0,0,0,0,0,0,998,0,1,3,10,6,2,1,0,0,0,1,16,83336,6,1,0,0,3,3,69,185,0,0,0,0,0,0,0,0,0,4,0,0,0,0,2,2,80,1,5,2,3,0,0,1,6,99,2,4,7,"777777777777","777777777777","777777777777",1,0
16,160223,1,1,1,7,12,9,0,35,0,1,0,49,3,49,40,49040,4,2016,"4T1BF1FK5GU2","4","T","1","B","F","1","F","K","5","G","U","2",0,0,0,"000000000","00000000000",0,0,0,1,0,0,0,0,0,0,0,998,0,1,6,12,6,2,1,0,0,0,1,16,83605,6,1,0,0,3,0,73,203,0,3,1,0,0,6,2013,12,2015,0,0,0,0,0,1,2,65,2,1,2,1,0,0,14,12,16,2,4,6,"777777777777","777777777777","777777777777",1,0
16,160224,1,1,1,13,12,3,0,1,0,1,0,16,2,34,34,34034,4,1996,"4USCD8322TLC","4","U","S","C","D","8","3","2","2","T","L","C",0,0,0,"000000000","00000000000",0,0,0,1,0,0,0,0,0,0,0,998,0,9,5,0,6,2,1,0,0,0,1,16,83651,0,0,0,0,0,0,68,140,0,0,0,0,0,0,0,0,0,3,0,0,0,0,1,2,50,1,1,2,1,0,0,1,12,99,9,4,10,"777777777777","777777777777","777777777777",1,0
16,160225,1,1,1,13,12,16,23,1,0,1,0,16,1,20,401,20401,14,2002,"1GNDT13S5222","1","G","N","D","T","1","3","S","5","2","2","2",0,0,0,"000000000","00000000000",0,0,0,1,0,0,0,0,0,0,0,93,0,1,5,0,6,2,1,0,0,0,1,16,83274,6,1,6,0,3,0,74,230,0,0,0,0,0,0,0,0,0,3,58,0,0,0,2,2,80,1,1,2,1,0,0,1,12,7,5,4,2,"777777777777","777777777777","777777777777",1,0
16,160226,1,1,3,16,12,16,33,1,0,1,0,16,1,12,423,12423,16,2005,"1FMSU43P55ED","1","F","M","S","U","4","3","P","5","5","E","D",0,0,0,"000000000","00000000000",0,0,0,1,0,0,0,0,0,0,0,998,0,9,3,0,6,2,1,0,0,0,1,16,83336,6,1,0,0,3,0,71,169,0,0,0,0,0,0,0,0,0,4,0,0,0,0,2,2,80,2,1,2,4,0,0,15,6,99,3,4,7,"777777777777","777777777777","777777777777",2,0
16,160227,1,2,1,18,12,9,27,12,1,1,0,27,3,84,881,84881,66,2007,"2HSCNAPR77C4","2","H","S","C","N","A","P","R","7","7","C","4",1,1,57,"02583925","5702583925",3,6,1,1,0,0,0,0,0,0,0,998,0,0,0,12,6,2,12,0,0,0,1,27,56377,6,1,6,0,3,3,70,235,0,0,0,0,2,3,2015,9,2015,4,84,0,0,0,3,2,65,2,1,2,3,0,0,14,50,1,2,3,32,"888888888888","777777777777","777777777777",1,0
16,160227,2,2,1,18,12,9,27,12,1,1,0,17,3,82,881,82881,66,2014,"3AKJGLD59ESF","3","A","K","J","G","L","D","5","9","E","S","F",1,1,57,"146458","57146458",3,6,1,1,0,0,0,0,0,0,0,0,0,0,0,6,6,2,12,0,0,0,1,4,85323,6,1,6,0,3,0,71,220,0,2,0,0,0,9,2014,9,2014,0,0,0,0,0,3,2,65,2,1,2,3,0,0,5,53,1,1,1,32,"888888888888","777777777777","777777777777",0,0
16,160228,1,4,2,19,12,19,29,24,0,1,0,16,1,35,401,35401,14,2001,"JN8DR09Y91W6","J","N","8","D","R","0","9","Y","9","1","W","6",0,0,0,"000000000","00000000000",0,0,0,1,0,0,0,0,0,0,0,998,0,0,0,12,6,2,12,0,0,0,1,16,83330,1,1,0,0,2,0,73,150,0,0,0,0,0,0,0,0,0,4,0,0,0,0,3,2,80,1,1,2,4,0,0,1,6,99,5,4,7,"777777777777","777777777777","777777777777",1,0
16,160228,2,4,1,19,12,19,29,24,0,1,0,18,3,84,884,84884,66,2015,"1HSDJAPR1FH6","1","H","S","D","J","A","P","R","1","F","H","6",1,1,57,"63391","5763391",3,6,1,1,0,0,0,0,0,0,0,998,0,0,0,12,6,2,12,0,0,0,1,16,83607,6,1,6,0,3,3,70,235,0,0,0,0,0,0,0,0,0,0,0,0,0,0,3,2,80,1,1,2,4,0,0,1,60,99,9,2,98,"888888888888","777777777777","777777777777",0,0
16,160228,3,4,2,19,12,19,29,24,0,1,0,16,2,20,16,20016,2,2004,"1G1JH12F5472","1","G","1","J","H","1","2","F","5","4","7","2",0,0,0,"000000000","00000000000",0,0,0,1,0,0,0,0,0,0,0,998,0,0,0,6,6,2,12,0,0,0,1,16,83328,6,1,0,0,3,0,68,132,0,0,0,0,0,0,0,0,0,0,0,0,0,0,3,2,80,1,1,2,4,0,0,1,60,99,9,2,98,"777777777777","777777777777","777777777777",0,0
16,160228,4,4,2,19,12,19,29,24,0,1,0,32,1,51,881,51881,66,2006,"4V4NC9TK16N4","4","V","4","N","C","9","T","K","1","6","N","4",1,1,57,"1688693","571688693",3,6,1,1,0,0,0,0,0,0,0,998,0,0,0,12,6,2,12,0,0,0,1,32,89032,6,1,6,0,3,0,69,180,0,0,0,1,0,4,2013,4,2013,0,0,0,0,0,3,2,80,1,1,2,4,0,0,1,60,99,9,2,98,"888888888888","777777777777","777777777777",0,0
16,160229,1,2,1,14,12,14,38,12,8,1,0,16,1,49,46,49046,5,2005,"JTDKB20UX530","J","T","D","K","B","2","0","U","X","5","3","0",0,0,0,"000000000","00000000000",0,0,0,1,0,0,0,0,0,0,0,998,0,0,0,11,6,2,12,0,0,0,1,16,83843,6,1,0,0,3,3,68,120,0,0,0,0,0,0,0,0,0,0,28,0,0,0,1,2,65,2,3,2,10,0,0,14,10,99,2,2,64,"777777777777","777777777777","777777777777",1,0
16,160229,2,2,2,14,12,14,38,12,8,1,0,16,1,7,482,7482,31,2001,"3B7KF23751G2","3","B","7","K","F","2","3","7","5","1","G","2",1,1,0,"000000000","00000000000",0,0,0,1,0,0,0,0,0,0,0,998,0,0,0,10,8,2,12,0,0,0,1,16,83612,6,1,0,0,3,0,75,235,0,0,0,1,0,1,2015,1,2015,0,0,0,0,0,1,2,65,3,3,2,10,0,0,14,62,99,1,1,65,"888888888888","777777777777","777777777777",0,0
16,160230,1,2,1,24,12,7,34,12,8,1,0,16,2,63,33,63033,4,2009,"KNAFE221X956","K","N","A","F","E","2","2","1","X","9","5","6",0,0,0,"000000000","00000000000",0,0,0,1,0,0,0,0,0,0,0,998,0,0,0,11,6,2,12,0,0,0,1,16,83647,6,1,0,0,3,0,62,150,0,0,0,0,0,0,0,0,0,4,28,0,0,0,2,2,80,1,1,2,3,0,0,1,6,99,9,4,66,"777777777777","777777777777","777777777777",1,0
16,160230,2,2,1,24,12,7,34,12,8,1,0,18,4,82,881,82881,66,2014,"3AKJGLD54ESF","3","A","K","J","G","L","D","5","4","E","S","F",1,1,57,"421982","57421982",3,6,11,1,0,0,0,0,0,0,0,998,0,1,2,11,6,2,12,0,0,0,1,41,97030,6,1,6,0,3,0,70,210,0,1,0,0,0,3,2012,3,2012,0,0,0,0,0,2,2,80,1,1,2,3,0,0,1,62,99,1,1,66,"888888888888","777777777777","777777777777",0,0
16,160231,1,2,2,17,12,14,47,12,6,1,0,16,2,20,473,20473,30,2005,"1GCDT136X582","1","G","C","D","T","1","3","6","X","5","8","2",0,0,0,"000000000","00000000000",0,0,0,1,0,0,0,0,0,0,0,998,0,0,0,3,6,2,12,0,0,0,1,16,83221,6,1,0,0,3,1,67,125,0,0,0,1,1,8,2016,12,2016,4,28,79,0,0,2,2,55,1,1,2,4,0,0,1,5,1,3,2,45,"777777777777","777777777777","777777777777",0,0
16,160231,2,2,2,17,12,14,47,12,6,1,0,16,1,7,43,7043,4,2004,"1B3EL36J14N3","1","B","3","E","L","3","6","J","1","4","N","3",0,0,0,"000000000","00000000000",0,0,0,1,0,0,0,0,0,0,0,998,0,0,0,12,6,2,12,0,0,0,1,16,83210,6,1,0,0,3,1,66,250,0,0,0,0,0,0,0,0,0,0,0,0,0,0,2,2,55,1,1,2,4,0,0,1,62,1,1,1,44,"777777777777","777777777777","777777777777",1,0
16,160232,1,2,2,24,10,10,29,12,8,1,0,16,1,20,431,20431,16,1999,"1GNFK16R9XJ4","1","G","N","F","K","1","6","R","9","X","J","4",0,0,0,"000000000","00000000000",0,0,0,1,0,0,0,0,0,0,0,998,0,1,1,11,6,2,1,0,0,0,1,16,83286,6,1,0,0,3,0,70,225,0,0,0,0,0,0,0,0,0,0,0,0,0,0,2,2,65,1,2,2,1,0,0,1,10,1,1,2,64,"777777777777","777777777777","777777777777",1,0
16,160232,2,2,2,24,10,10,29,12,8,1,0,16,2,7,881,7881,66,2015,"3C7WRTBL8FG6","3","C","7","W","R","T","B","L","8","F","G","6",1,1,99,"999999999","99999999999",3,6,3,1,0,0,0,0,0,0,0,998,0,0,0,10,6,2,12,0,0,0,1,49,84318,6,1,6,0,3,1,73,185,98,0,0,0,1,5,2016,5,2016,0,0,0,0,0,1,2,60,1,2,2,1,0,0,1,62,1,1,1,65,"999999999999","777777777777","777777777777",0,0
16,160233,1,1,1,27,8,2,30,11,0,1,0,16,1,76,706,76706,80,2003,"JYAVP11E63A0","J","Y","A","V","P","1","1","E","6","3","A","0",0,0,0,"000000000","00000000000",0,0,0,1,0,0,0,0,0,0,0,998,0,0,0,12,6,2,1,0,0,0,1,16,83864,6,1,0,0,3,0,66,145,0,0,0,0,0,0,0,0,0,0,0,0,0,0,1,2,30,1,1,4,1,0,0,1,87,1,1,1,98,"777777777777","777777777777","777777777777",1,1
17,170001,1,1,1,1,1,5,10,30,0,1,0,17,1,20,499,20499,48,1997,"1GCDL19W7VB2","1","G","C","D","L","1","9","W","7","V","B","2",0,0,0,"000000000","00000000000",0,0,0,1,0,0,0,0,0,0,0,998,0,1,5,12,6,2,30,0,0,0,1,17,61342,6,1,0,0,3,0,71,150,0,0,0,1,0,8,2014,8,2014,5,99,99,99,99,1,2,55,1,1,2,1,0,0,1,13,6,9,4,1,"777777777777","777777777777","777777777777",1,0
17,170002,1,2,3,2,1,15,50,12,6,1,0,17,2,34,34,34034,1,2001,"WBABS53471JU","W","B","A","B","S","5","3","4","7","1","J","U",0,0,0,"000000000","00000000000",0,0,0,1,0,0,0,0,0,0,0,998,0,0,0,12,8,2,12,0,0,0,1,17,60517,6,1,0,0,3,3,66,155,0,0,0,0,0,0,0,0,0,0,39,0,0,0,1,2,55,1,1,2,1,20,3,1,17,99,9,1,88,"777777777777","777777777777","777777777777",0,0
17,170002,2,2,3,2,1,15,50,12,6,1,0,17,2,22,18,22018,4,2003,"1G2NW52E53M5","1","G","2","N","W","5","2","E","5","3","M","5",0,0,0,"000000000","00000000000",0,0,0,1,0,0,0,0,0,0,0,998,0,0,0,9,8,2,12,0,0,0,1,17,60426,4,1,0,0,2,0,999,999,1,4,0,2,6,6,2012,3,2014,0,0,0,0,0,1,2,55,1,1,2,1,20,3,1,68,99,9,1,89,"777777777777","777777777777","777777777777",2,0
17,170003,1,2,1,1,1,17,20,12,6,1,0,36,1,37,32,37032,4,2011,"1HGCP2F82BA0","1","H","G","C","P","2","F","8","2","B","A","0",0,0,0,"000000000","00000000000",0,0,0,1,0,0,0,0,0,0,0,998,0,0,0,7,6,2,12,0,0,0,1,36,12054,6,1,0,0,3,0,70,999,0,0,0,0,0,0,0,0,0,0,23,27,28,0,6,2,65,1,1,2,1,0,0,16,10,99,9,2,47,"777777777777","777777777777","777777777777",1,0
17,170003,2,2,1,1,1,17,20,12,6,1,0,29,2,30,443,30443,20,2011,"2V4RW3DG9BR6","2","V","4","R","W","3","D","G","9","B","R","6",0,0,0,"000000000","00000000000",0,0,0,1,0,0,0,0,0,0,0,74,0,0,0,12,6,2,12,0,0,0,1,29,63025,6,1,0,0,3,0,65,140,0,0,0,0,0,0,0,0,0,0,0,0,0,0,2,8,65,1,1,2,1,0,0,1,61,8,1,1,45,"777777777777","777777777777","777777777777",0,0
17,170004,1,2,1,1,1,10,25,12,2,1,0,17,1,18,2,18002,4,1997,"1G4HP52K7VH5","1","G","4","H","P","5","2","K","7","V","H","5",0,0,0,"000000000","00000000000",0,0,0,1,0,0,0,0,0,0,0,998,0,1,1,12,6,2,12,0,0,0,1,17,60559,6,1,0,0,3,0,65,150,0,0,0,0,4,9,2013,6,2015,9,51,0,0,0,1,4,40,1,1,2,1,0,0,1,10,99,1,2,50,"777777777777","777777777777","777777777777",1,0
17,170004,2,2,1,1,1,10,25,12,2,1,0,17,1,37,31,37031,2,2010,"2HGFG1B60AH5","2","H","G","F","G","1","B","6","0","A","H","5",0,0,0,"000000000","00000000000",0,0,0,1,0,0,0,0,0,0,0,998,0,0,0,12,6,2,12,0,0,0,1,17,60516,6,1,0,0,3,3,69,165,0,0,0,0,0,0,0,0,0,9,0,0,0,0,1,4,40,1,1,2,1,0,0,1,62,99,1,1,51,"777777777777","777777777777","777777777777",1,0
17,170005,1,1,1,1,1,18,40,42,0,1,0,17,3,23,481,23481,31,2006,"1GTEK19T76Z2","1","G","T","E","K","1","9","T","7","6","Z","2",0,0,0,"000000000","00000000000",0,0,0,1,0,0,0,0,0,0,0,998,0,0,0,1,6,2,42,0,0,0,1,17,61877,6,1,0,0,3,3,74,220,0,0,0,1,0,3,2012,3,2012,0,58,0,0,0,1,2,55,1,1,2,1,0,0,1,13,6,2,4,7,"777777777777","777777777777","777777777777",1,1
17,170006,1,2,1,3,1,1,49,12,2,1,0,17,2,35,47,35047,4,1997,"1N4BU31D6VC2","1","N","4","B","U","3","1","D","6","V","C","2",0,0,0,"000000000","00000000000",0,0,0,1,0,0,0,0,0,0,0,998,0,0,0,12,6,2,12,0,0,0,1,17,60085,2,1,0,0,2,0,999,999,0,0,0,0,0,0,0,0,0,3,36,28,37,0,1,2,45,2,2,2,1,40,3,14,9,99,2,2,50,"777777777777","777777777777","777777777777",1,1
17,170006,2,2,1,3,1,1,49,12,2,1,0,17,1,12,481,12481,31,2013,"1FTFW1ET8DFD","1","F","T","F","W","1","E","T","8","D","F","D",0,0,0,"000000000","00000000000",0,0,0,1,0,0,0,0,0,0,0,998,0,0,0,12,6,2,12,0,0,0,1,17,60084,6,1,0,0,3,0,72,255,0,0,0,1,0,12,2013,12,2013,0,0,0,0,0,1,2,45,3,2,2,1,40,3,14,62,99,9,1,51,"777777777777","777777777777","777777777777",0,0
17,170007,1,3,1,1,1,15,30,12,6,1,0,17,1,22,9,22009,2,2000,"2G2FV22GXY21","2","G","2","F","V","2","2","G","X","Y","2","1",0,0,0,"000000000","00000000000",0,0,0,1,0,0,0,0,0,0,0,998,0,0,0,9,6,2,12,0,0,0,1,17,61008,6,1,6,0,3,0,74,200,0,0,0,0,0,0,0,0,0,4,87,0,0,0,1,2,55,1,1,2,4,0,0,1,5,99,3,2,64,"777777777777","777777777777","777777777777",1,0
17,170007,2,3,2,1,1,15,30,12,6,1,0,17,2,23,8,23008,6,2008,"1GKEV33768J2","1","G","K","E","V","3","3","7","6","8","J","2",0,0,0,"000000000","00000000000",0,0,0,1,0,0,0,0,0,0,0,998,0,0,0,12,8,2,12,0,0,0,1,17,60112,6,1,0,0,3,0,64,130,0,0,0,0,0,0,0,0,0,0,87,0,0,0,1,2,55,1,1,2,4,0,0,1,54,99,9,1,65,"777777777777","777777777777","777777777777",0,0
17,170007,3,3,1,1,1,15,30,12,6,1,0,17,3,23,461,23461,21,2013,"1GTW7FCA3D11","1","G","T","W","7","F","C","A","3","D","1","1",0,0,0,"000000000","00000000000",0,0,0,1,0,0,0,0,0,0,0,998,0,0,0,12,8,2,12,0,0,0,1,17,60135,6,1,0,0,3,3,73,220,0,0,0,1,0,1,2014,1,2014,0,87,0,0,0,1,2,55,1,1,2,4,0,0,1,60,99,9,3,98,"777777777777","777777777777","777777777777",0,0
17,170008,1,2,2,2,1,16,8,12,6,1,0,17,1,12,481,12481,31,2001,"2FTRX17W71CA","2","F","T","R","X","1","7","W","7","1","C","A",0,0,0,"000000000","00000000000",0,0,0,1,0,0,0,0,0,0,0,998,0,0,0,12,8,2,12,0,0,0,1,17,61319,6,1,0,0,3,0,74,180,0,0,0,0,0,0,0,0,0,0,38,39,0,0,1,2,55,1,1,2,1,20,3,4,17,1,1,1,86,"777777777777","777777777777","777777777777",0,0
17,170008,2,2,4,2,1,16,8,12,6,1,0,17,1,2,403,2403,14,2008,"1J4FA241X8L5","1","J","4","F","A","2","4","1","X","8","L","5",0,0,0,"000000000","00000000000",0,0,0,1,0,0,0,0,0,0,0,998,0,1,1,1,6,2,12,0,0,0,1,17,60460,6,1,6,0,3,3,71,210,0,1,0,0,0,7,2013,7,2013,0,89,0,0,0,1,2,55,1,1,2,1,0,0,1,68,99,9,1,87,"777777777777","777777777777","777777777777",1,0
17,170009,1,1,1,6,1,23,9,42,0,1,0,19,1,12,481,12481,31,2009,"1FTPW14V19FA","1","F","T","P","W","1","4","V","1","9","F","A",0,0,0,"000000000","00000000000",0,0,0,1,0,0,0,0,0,0,0,998,0,0,0,12,6,2,42,0,0,0,1,19,61727,6,1,6,0,3,3,74,260,0,0,0,0,0,0,0,0,0,9,28,0,0,0,1,2,55,1,1,2,1,0,0,1,12,99,9,4,10,"777777777777","777777777777","777777777777",1,1
17,170011,1,1,1,4,1,20,50,59,0,1,0,17,2,7,20,7020,4,2005,"1B3ES56C95D2","1","B","3","E","S","5","6","C","9","5","D","2",0,0,0,"000000000","00000000000",0,0,0,1,0,0,0,0,0,0,0,89,0,0,0,12,6,2,19,0,0,1,1,17,61356,6,1,0,0,3,0,71,120,0,0,0,0,0,0,0,0,0,0,36,0,0,0,1,2,55,1,1,2,1,0,0,1,99,99,9,4,5,"777777777777","777777777777","777777777777",1,0
17,170012,1,3,1,7,1,9,15,12,8,1,0,17,3,98,804,98804,66,2015,"5KJJAVDV6FPF","5","K","J","J","A","V","D","V","6","F","P","F",1,1,57,"2380228","572380228",3,6,4,1,0,0,0,0,0,0,0,998,0,1,1,7,6,2,1,0,0,0,1,17,62946,6,1,6,0,3,3,72,230,0,0,0,0,0,0,0,0,0,0,28,51,0,0,1,2,55,1,1,2,1,0,0,1,12,7,2,5,64,"1E1J9U281FR0","777777777777","777777777777",1,0
17,170012,2,3,3,7,1,9,15,12,8,1,0,17,1,7,482,7482,31,2001,"3B7HC13Y31G1","3","B","7","H","C","1","3","Y","3","1","G","1",0,0,0,"000000000","00000000000",0,0,0,1,0,0,0,0,0,0,0,998,0,0,0,11,6,2,12,0,0,0,1,29,62914,6,1,0,0,3,0,64,160,1,0,0,0,0,4,2011,4,2011,0,89,0,0,0,1,2,55,1,1,2,1,0,0,1,54,7,2,4,65,"777777777777","777777777777","777777777777",0,0
17,170012,3,3,1,7,1,9,15,12,8,1,0,17,1,7,402,7402,14,2001,"1B4HS28Z41F5","1","B","4","H","S","2","8","Z","4","1","F","5",0,0,0,"000000000","00000000000",0,0,0,1,0,0,0,0,0,0,0,998,0,0,0,0,0,5,6,0,0,0,1,17,62995,6,1,6,0,3,3,60,140,0,0,0,0,0,0,0,0,0,0,0,0,0,0,1,2,55,1,1,2,1,0,0,1,62,7,2,4,98,"777777777777","777777777777","777777777777",0,0