"STATE","ST_CASE","VEH_NO","VE_FORMS","NUMOCCS","DAY","MONTH","HOUR","MINUTE","HARM_EV","MAN_COLL","UNITTYPE","HIT_RUN","REG_STAT","OWNER","MAKE","MODEL","MAK_MOD","BODY_TYP","MOD_YEAR","VIN","VIN_1","VIN_2","VIN_3","VIN_4","VIN_5","VIN_6","VIN_7","VIN_8","VIN_9","VIN_10","VIN_11","VIN_12","TOW_VEH","J_KNIFE","MCARR_I1","MCARR_I2","MCARR_ID","GVWR","V_CONFIG","CARGO_BT","HAZ_INV","HAZ_PLAC","HAZ_ID","HAZ_CNO","HAZ_REL","BUS_USE","SPEC_USE","EMER_USE","TRAV_SP","UNDERIDE","ROLLOVER","ROLINLOC","IMPACT1","DEFORMED","TOWED","M_HARM","VEH_SC1","VEH_SC2","FIRE_EXP","DR_PRES","L_STATE","DR_ZIP","L_STATUS","L_TYPE","CDL_STAT","L_ENDORS","L_COMPL","L_RESTRI","DR_HGT","DR_WGT","PREV_ACC","PREV_SUS","PREV_DWI","PREV_SPD","PREV_OTH","FIRST_MO","FIRST_YR","LAST_MO","LAST_YR","SPEEDREL","DR_SF1","DR_SF2","DR_SF3","DR_SF4","VTRAFWAY","VNUM_LAN","VSPD_LIM","VALIGN","VPROFILE","VPAVETYP","VSURCOND","VTRAFCON","VTCONT_F","P_CRASH1","P_CRASH2","P_CRASH3","PCRASH4","PCRASH5","ACC_TYPE","TRLR1VIN","TRLR2VIN","TRLR3VIN","DEATHS","DR_DRINK"
17,170135,1,1,1,10,3,6,50,30,0,1,0,17,1,20,2,20002,4,2011,"2G1WF5EK7B12","2","G","1","W","F","5","E","K","7","B","1","2",0,0,0,"000000000","00000000000",0,0,0,1,0,0,0,0,0,0,0,998,0,0,0,99,6,2,30,0,0,0,1,17,60643,6,1,0,0,3,0,71,182,0,1,0,1,2,7,2012,1,2014,0,99,99,99,99,1,2,30,1,1,2,1,0,0,6,9,99,2,4,2,"777777777777","777777777777","777777777777",1,1
17,170136,1,2,1,4,3,20,54,12,6,1,0,17,3,20,2,20002,4,2009,"2G1WS57M5912","2","G","1","W","S","5","7","M","5","9","1","2",0,0,0,"000000000","00000000000",0,0,0,1,0,0,0,0,0,5,5,12,0,0,0,9,6,2,12,0,0,0,1,17,62668,6,1,0,0,3,3,73,200,0,0,0,0,0,0,0,0,0,0,29,16,0,0,1,2,55,1,1,2,2,0,0,12,11,1,1,6,98,"777777777777","777777777777","777777777777",1,0
17,170136,2,2,3,4,3,20,54,12,6,1,0,17,3,12,461,12461,22,2015,"1FDXE4FS9FDA","1","F","D","X","E","4","F","S","9","F","D","A",0,0,0,"000000000","00000000000",0,0,0,1,0,0,0,0,0,6,5,78,0,0,0,12,8,2,12,0,0,0,1,17,62082,6,1,6,0,3,0,72,140,0,0,0,0,0,0,0,0,0,0,0,0,0,0,1,2,55,1,1,2,2,0,0,2,64,16,1,1,98,"777777777777","777777777777","777777777777",0,0
17,170137,1,1,1,3,3,23,56,32,0,1,0,17,2,23,481,23481,31,2013,"1GT121C81DF2","1","G","T","1","2","1","C","8","1","D","F","2",0,0,0,"000000000","00000000000",0,0,0,1,0,0,0,0,0,0,0,998,0,0,0,12,6,2,32,0,0,0,1,17,61849,6,1,0,0,3,0,69,145,0,0,0,0,0,0,0,0,0,0,99,99,99,99,1,2,55,1,1,2,1,0,0,1,13,99,9,4,1,"777777777777","777777777777","777777777777",1,1
17,170138,1,1,3,5,3,23,40,35,0,1,0,17,2,20,2,20002,4,2009,"2G1WT57KX911","2","G","1","W","T","5","7","K","X","9","1","1",0,0,0,"000000000","00000000000",0,0,0,1,0,0,0,0,0,0,0,998,0,1,5,11,6,2,30,0,0,0,1,17,61270,6,2,0,0,3,0,72,165,0,0,0,0,0,0,0,0,0,3,52,0,0,0,1,2,55,1,2,2,1,0,0,1,6,99,2,4,7,"777777777777","777777777777","777777777777",1,0
17,170139,1,1,1,5,3,23,54,1,0,1,0,17,1,20,16,20016,4,2005,"1G1JC52F2571","1","G","1","J","C","5","2","F","2","5","7","1",0,0,0,"000000000","00000000000",0,0,0,1,0,0,0,0,0,0,0,998,0,9,5,0,6,2,1,0,0,0,1,17,62863,6,1,0,0,3,3,70,225,0,0,0,0,0,0,0,0,0,4,99,99,99,99,1,2,55,3,1,2,1,0,0,14,6,99,4,4,7,"777777777777","777777777777","777777777777",1,0
17,170140,1,1,4,6,3,2,36,24,0,1,0,17,1,20,403,20403,14,2004,"1GNDT13S2422","1","G","N","D","T","1","3","S","2","4","2","2",0,0,0,"000000000","00000000000",0,0,0,1,0,0,0,0,0,0,0,998,0,1,5,5,6,2,2,0,0,1,1,17,61032,6,1,0,0,3,0,67,190,0,0,0,0,0,0,0,0,0,0,58,28,0,0,2,2,65,3,2,2,1,0,0,14,12,7,2,4,2,"777777777777","777777777777","777777777777",3,1
17,170141,1,2,1,3,3,18,8,12,2,1,0,17,2,6,43,6043,1,1997,"3C3EL55H4VT6","3","C","3","E","L","5","5","H","4","V","T","6",0,0,0,"000000000","00000000000",0,0,0,1,0,0,0,0,0,0,0,998,0,0,0,12,8,2,12,0,0,0,1,17,61919,6,1,0,0,3,3,69,220,0,0,0,0,0,0,0,0,0,0,51,0,0,0,1,2,55,1,3,2,2,0,0,1,54,99,1,1,50,"777777777777","777777777777","777777777777",1,0
17,170141,2,2,1,3,3,18,8,12,2,1,0,17,1,20,24,20024,6,2011,"1GNKVJED9BJ2","1","G","N","K","V","J","E","D","9","B","J","2",0,0,0,"000000000","00000000000",0,0,0,1,0,0,0,0,0,0,0,998,0,0,0,12,8,2,12,0,0,0,1,17,61943,6,1,0,0,3,3,65,160,0,0,0,0,0,0,0,0,0,0,0,0,0,0,1,2,55,1,3,2,2,0,0,1,54,1,1,1,51,"777777777777","777777777777","777777777777",0,0
17,170142,1,1,1,4,3,15,10,8,0,1,0,17,1,49,53,49053,5,2013,"4T3ZA3BB0DU0","4","T","3","Z","A","3","B","B","0","D","U","0",0,0,0,"000000000","00000000000",0,0,0,1,0,0,0,0,0,0,0,998,0,0,0,11,8,5,8,0,0,0,1,17,60025,6,1,0,0,3,0,67,150,0,0,0,0,0,0,0,0,0,5,38,0,0,0,1,2,30,1,1,2,1,0,0,1,80,99,9,1,13,"777777777777","777777777777","777777777777",0,0
17,170143,1,1,1,7,1,16,28,3,0,1,0,0,0,98,998,98998,97,2015,"3JBPGAP28FJ0","3","J","B","P","G","A","P","2","8","F","J","0",0,0,0,"000000000","00000000000",0,0,0,1,0,0,0,0,0,0,0,998,0,9,1,0,0,3,3,0,0,0,1,17,62459,6,1,0,0,1,0,73,200,0,0,0,0,0,0,0,0,0,9,87,0,0,0,1,2,55,1,1,2,6,0,0,1,99,99,9,9,0,"777777777777","777777777777","777777777777",1,0
17,170144,1,2,1,13,2,11,3,12,2,1,0,17,2,20,37,20037,4,2015,"1G11B5SL9FF1","1","G","1","1","B","5","S","L","9","F","F","1",0,0,0,"000000000","00000000000",0,0,0,1,0,0,0,0,0,0,0,998,0,0,0,12,8,2,12,0,0,0,1,17,61102,1,1,0,0,2,0,69,140,0,0,0,0,0,0,0,0,0,0,51,0,0,0,5,2,45,1,2,2,1,0,0,1,10,99,9,2,50,"777777777777","777777777777","777777777777",1,0
17,170144,2,2,2,13,2,11,3,12,2,1,0,17,1,37,441,37441,20,2006,"5FNRL38216B0","5","F","N","R","L","3","8","2","1","6","B","0",0,0,0,"000000000","00000000000",0,0,0,1,0,0,0,0,0,0,0,998,0,0,0,12,8,2,12,0,0,0,1,17,61065,6,1,0,0,3,0,64,115,0,0,0,0,1,9,2013,9,2013,0,0,0,0,0,5,2,45,1,2,2,1,0,0,1,62,99,1,1,51,"777777777777","777777777777","777777777777",0,0
17,170145,1,1,1,5,2,23,6,8,0,1,0,17,1,59,31,59031,4,2007,"JTHBJ46G9721","J","T","H","B","J","4","6","G","9","7","2","1",0,0,0,"000000000","00000000000",0,0,0,1,0,0,0,0,0,0,0,998,0,0,0,12,0,3,8,0,0,0,1,17,60091,6,1,0,0,3,0,66,170,0,0,0,0,0,0,0,0,0,0,87,86,0,0,1,2,25,1,1,3,4,0,0,4,80,1,1,1,13,"777777777777","777777777777","777777777777",0,0
17,170146,1,1,2,5,3,3,38,42,0,1,0,17,2,12,401,12401,14,1999,"1FMYU22E2XUB","1","F","M","Y","U","2","2","E","2","X","U","B",0,0,0,"000000000","00000000000",0,0,0,1,0,0,0,0,0,0,0,998,0,0,0,3,6,2,42,0,0,0,1,17,60415,6,2,0,0,3,0,65,170,0,0,0,0,0,0,0,0,0,0,99,99,99,99,1,2,55,2,1,2,1,0,0,14,12,99,9,4,6,"777777777777","777777777777","777777777777",2,0
17,170147,1,3,1,4,1,17,49,12,6,1,0,17,1,12,481,12481,31,1997,"1FTDF1862VKA","1","F","T","D","F","1","8","6","2","V","K","A",0,0,0,"000000000","00000000000",0,0,0,1,0,0,0,0,0,0,0,998,0,0,0,11,8,2,12,0,0,0,1,17,61401,6,1,0,0,3,0,68,200,0,0,0,1,0,5,2012,5,2012,5,39,0,0,0,1,2,55,1,1,2,1,20,3,10,16,99,9,3,78,"777777777777","777777777777","777777777777",0,0
17,170147,2,3,1,4,1,17,49,12,6,1,0,17,1,21,21,21021,4,2004,"1G3NL52E34C1","1","G","3","N","L","5","2","E","3","4","C","1",0,0,0,"000000000","00000000000",0,0,0,1,0,0,0,0,0,0,0,998,0,0,0,3,8,2,12,0,0,0,1,17,61410,6,1,0,0,3,3,62,130,0,0,0,0,0,0,0,0,0,0,0,0,0,0,1,2,55,1,1,2,1,0,0,1,65,99,9,1,79,"777777777777","777777777777","777777777777",1,0
17,170147,3,3,1,4,1,17,49,12,6,1,0,17,1,20,481,20481,31,2011,"1GC1KXCG9BF2","1","G","C","1","K","X","C","G","9","B","F","2",0,0,0,"000000000","00000000000",0,0,0,1,0,0,0,0,0,0,0,998,0,0,0,12,8,2,12,0,0,0,1,17,61472,6,1,0,0,3,0,67,130,0,0,0,0,0,0,0,0,0,0,0,0,0,0,1,2,55,1,1,2,1,0,0,1,62,99,9,1,98,"777777777777","777777777777","777777777777",0,0
17,170148,1,1,1,20,2,23,17,8,0,1,1,17,1,49,32,49032,4,2001,"2T1BR12E91C8","2","T","1","B","R","1","2","E","9","1","C","8",0,0,0,"000000000","00000000000",0,0,0,1,0,0,0,0,0,0,0,998,0,0,0,12,8,5,8,0,0,0,1,17,60656,6,1,0,0,3,3,66,150,0,0,0,0,0,0,0,0,0,0,38,0,0,0,5,4,35,1,1,2,1,0,0,1,80,99,9,3,13,"777777777777","777777777777","777777777777",0,0
17,170149,1,1,2,5,3,14,24,1,0,1,0,17,2,2,404,2404,14,1997,"1J4GZ58S7VC6","1","J","4","G","Z","5","8","S","7","V","C","6",0,0,0,"000000000","00000000000",0,0,0,1,0,0,0,0,0,0,0,81,0,2,1,0,6,2,1,0,0,0,1,17,60930,6,1,0,0,3,0,69,200,0,0,0,0,0,0,0,0,0,3,28,27,0,0,1,2,55,1,1,2,1,0,0,1,51,6,2,6,98,"777777777777","777777777777","777777777777",1,0
17,170150,1,1,1,9,3,18,32,8,0,1,1,99,9,99,399,99399,9,9999,"999999999999","9","9","9","9","9","9","9","9","9","9","9","9",0,0,0,"000000000","00000000000",0,0,0,1,0,0,0,0,0,0,0,998,0,0,0,12,8,5,8,0,0,0,1,99,99999,9,9,99,9,9,9,999,999,99,99,99,99,99,99,9999,99,9999,3,99,99,99,99,1,4,30,1,1,2,2,0,0,99,80,99,9,3,13,"777777777777","777777777777","777777777777",0,0
17,170151,1,1,1,10,3,15,0,42,0,1,0,17,1,18,4,18004,9,1993,"1G4BN537XPR4","1","G","4","B","N","5","3","7","X","P","R","4",0,0,0,"000000000","00000000000",0,0,0,1,0,0,0,0,0,0,0,998,0,0,0,12,8,2,42,0,0,0,1,17,60634,6,1,0,0,3,0,73,160,0,0,0,0,0,0,0,0,0,0,0,0,0,0,1,2,35,1,1,2,1,0,0,1,13,99,9,4,1,"777777777777","777777777777","777777777777",1,1
17,170152,1,1,1,10,3,20,39,31,0,1,0,17,2,22,2,22002,4,2003,"1G2HX52K2341","1","G","2","H","X","5","2","K","2","3","4","1",0,0,0,"000000000","00000000000",0,0,0,1,0,0,0,0,0,0,0,998,0,0,0,12,6,2,2,0,0,1,1,17,61401,2,1,0,0,2,3,72,165,0,2,0,0,2,12,2011,5,2014,4,28,0,0,0,1,2,45,2,1,2,1,0,0,14,12,99,1,4,6,"777777777777","777777777777","777777777777",1,1
17,170153,1,1,1,11,3,18,16,8,0,1,0,17,1,20,399,20399,9,1996,"2GBEC19R7T12","2","G","B","E","C","1","9","R","7","T","1","2",0,0,0,"000000000","00000000000",0,0,0,1,0,0,0,0,0,0,0,998,0,0,0,12,8,5,8,0,0,0,1,17,60505,6,1,0,0,3,3,66,200,0,0,0,0,0,0,0,0,0,0,38,86,0,0,2,2,35,1,1,2,1,40,3,1,80,1,1,1,13,"777777777777","777777777777","777777777777",0,0
17,170154,1,1,1,10,3,6,27,33,0,1,0,17,2,22,20,22020,2,1997,"1G2WP12K6VF2","1","G","2","W","P","1","2","K","6","V","F","2",0,0,0,"000000000","00000000000",0,0,0,1,0,0,0,0,0,0,0,998,0,0,0,12,6,2,42,0,0,1,1,17,60929,6,1,0,0,3,0,70,178,0,0,0,0,0,0,0,0,0,4,99,99,99,99,1,2,25,1,1,2,1,21,3,1,9,99,3,4,5,"777777777777","777777777777","777777777777",1,0
17,170155,1,1,1,13,3,0,51,42,0,1,0,17,1,12,481,12481,31,2012,"1FTFW1EF6CFC","1","F","T","F","W","1","E","F","6","C","F","C",0,0,0,"000000000","00000000000",0,0,0,1,0,0,0,0,0,0,0,998,0,0,0,12,6,2,42,0,0,0,1,17,61265,6,1,0,0,3,0,71,155,0,0,0,0,1,11,2015,11,2015,0,28,0,0,0,2,2,70,1,1,2,2,0,0,1,12,99,1,4,6,"777777777777","777777777777","777777777777",1,1
17,170156,1,2,2,9,3,23,49,12,1,1,0,17,1,12,422,12422,15,2003,"1FMPU16W63LC","1","F","M","P","U","1","6","W","6","3","L","C",0,0,0,"000000000","00000000000",0,0,0,1,0,0,0,0,0,0,0,998,0,0,0,12,6,2,12,0,0,0,1,17,62239,6,1,0,0,3,0,69,125,0,0,0,1,0,4,2013,4,2013,4,0,0,0,0,5,4,45,1,1,2,2,0,0,1,50,99,9,1,24,"777777777777","777777777777","777777777777",1,0
17,170156,2,2,1,9,3,23,49,12,1,1,0,29,3,82,881,82881,66,2007,"1FUJA6CV47LZ","1","F","U","J","A","6","C","V","4","7","L","Z",1,1,57,"089243","57089243",3,6,2,2,2,1075,88,1,0,0,0,998,0,0,0,6,8,2,12,0,0,0,1,29,63146,6,1,6,1,3,3,72,200,0,0,0,0,0,0,0,0,0,0,0,0,0,0,5,4,45,1,1,2,2,0,0,4,53,99,1,1,25,"888888888888","777777777777","777777777777",0,0
17,170157,1,1,1,12,3,7,43,34,0,1,0,17,1,30,46,30046,4,2012,"1VWBH7A34CC0","1","V","W","B","H","7","A","3","4","C","C","0",0,0,0,"000000000","00000000000",0,0,0,1,0,0,0,0,0,0,0,998,0,1,5,12,6,2,1,0,0,0,1,17,60614,6,1,0,0,3,0,73,200,0,0,0,0,0,0,0,0,0,0,28,0,0,0,1,2,55,1,1,2,1,0,0,1,13,99,1,4,1,"777777777777","777777777777","777777777777",1,1
17,170158,1,1,1,1,3,20,5,8,0,1,0,17,1,20,36,20036,2,2002,"2G1WW15E3291","2","G","1","W","W","1","5","E","3","2","9","1",0,0,0,"000000000","00000000000",0,0,0,1,0,0,0,0,0,0,0,998,0,0,0,12,8,2,8,0,0,0,1,17,60619,6,1,0,0,3,0,69,150,0,0,0,0,0,0,0,0,0,0,86,38,0,0,2,3,30,1,1,2,3,0,0,1,80,99,9,1,13,"777777777777","777777777777","777777777777",0,0
17,170159,1,2,1,6,3,18,5,12,1,1,0,17,1,7,28,7028,2,2013,"2C3CDYBT2DH6","2","C","3","C","D","Y","B","T","2","D","H","6",0,0,0,"000000000","00000000000",0,0,0,1,0,0,0,0,0,0,0,998,0,1,3,12,6,2,1,0,0,0,1,17,60645,6,1,0,0,3,0,70,195,0,0,0,0,0,0,0,0,0,0,26,0,0,0,2,3,55,1,1,2,1,0,0,1,51,99,1,1,24,"777777777777","777777777777","777777777777",1,1
17,170159,2,2,1,6,3,18,5,12,1,1,0,27,1,20,481,20481,31,2001,"1GNEK13TX1R1","1","G","N","E","K","1","3","T","X","1","R","1",0,0,0,"000000000","00000000000",0,0,0,1,0,0,0,0,0,0,0,998,0,0,0,6,8,2,12,0,0,0,1,27,55423,6,1,0,0,3,0,76,300,0,0,0,0,1,9,2012,9,2012,0,0,0,0,0,2,3,55,1,1,2,1,0,0,1,53,99,1,1,25,"777777777777","777777777777","777777777777",0,0
17,170160,1,2,1,9,3,22,52,12,1,1,0,17,1,20,39,20039,4,2005,"KL1TD62655B3","K","L","1","T","D","6","2","6","5","5","B","3",0,0,0,"000000000","00000000000",0,0,0,1,0,0,0,0,0,0,0,998,0,0,0,12,8,2,12,0,0,0,1,17,60525,6,1,0,0,3,3,76,178,0,0,0,0,0,0,0,0,0,5,26,39,0,0,1,5,35,1,1,2,1,2,3,1,50,99,9,1,20,"777777777777","777777777777","777777777777",1,0
17,170160,2,2,1,9,3,22,52,12,1,1,0,17,1,18,22,18022,4,2008,"1G4GC5ED0BF3","1","G","4","G","C","5","E","D","0","B","F","3",0,0,0,"000000000","00000000000",0,0,0,1,0,0,0,0,0,0,0,0,0,0,0,6,8,5,12,0,0,0,1,17,60558,6,1,0,0,3,0,72,220,0,0,0,0,0,0,0,0,0,0,54,0,0,0,1,5,35,1,1,2,1,2,3,5,53,99,9,1,21,"777777777777","777777777777","777777777777",0,0
17,170161,1,1,1,14,3,16,30,8,0,1,0,17,1,49,32,49032,4,2009,"1NXBU40E59Z0","1","N","X","B","U","4","0","E","5","9","Z","0",0,0,0,"000000000","00000000000",0,0,0,1,0,0,0,0,0,0,0,998,0,0,0,12,8,2,8,0,0,0,1,17,60107,6,1,0,0,3,0,60,160,0,0,0,0,0,0,0,0,0,0,52,86,0,0,1,5,35,1,1,2,1,2,3,1,80,99,9,3,13,"777777777777","777777777777","777777777777",0,0
17,170162,1,1,1,14,3,19,49,33,0,1,0,55,2,37,706,37706,80,2000,"JH2SC4406YM0","J","H","2","S","C","4","4","0","6","Y","M","0",0,0,0,"000000000","00000000000",0,0,0,1,0,0,0,0,0,0,0,998,0,0,0,12,6,2,33,0,0,0,1,17,60002,1,1,0,0,2,2,74,200,0,2,1,0,2,11,2015,1,2016,3,37,36,74,0,2,2,35,2,1,2,1,0,0,14,6,99,2,4,7,"777777777777","777777777777","777777777777",1,1
17,170163,1,3,1,15,3,13,22,12,7,1,0,17,1,20,16,20016,4,2000,"1G1JC5245Y74","1","G","1","J","C","5","2","4","5","Y","7","4",0,0,0,"000000000","00000000000",0,0,0,1,0,0,0,0,0,0,0,998,0,0,0,63,6,2,12,0,0,0,1,17,62474,6,1,6,0,3,0,65,140,0,0,0,0,0,0,0,0,0,0,27,28,36,0,5,4,45,1,1,2,1,0,0,15,10,6,1,2,45,"777777777777","777777777777","777777777777",1,1
17,170163,2,3,1,15,3,13,22,12,7,1,0,17,1,23,481,23481,31,1989,"1GTDK14KBKZ5","1","G","T","D","K","1","4","K","B","K","Z","5",0,0,0,"000000000","00000000000",0,0,0,1,0,0,0,0,0,0,0,998,0,0,0,1,8,5,12,0,0,0,1,17,61883,6,1,0,0,3,3,66,150,0,0,0,0,0,0,0,0,0,0,0,0,0,0,5,4,45,1,1,2,1,0,0,1,61,99,9,3,44,"777777777777","777777777777","777777777777",0,0
17,170163,3,3,2,15,3,13,22,12,7,1,0,17,3,98,884,98884,63,2007,"1M2AC08CX7M0","1","M","2","A","C","0","8","C","X","7","M","0",0,0,57,"704220","57704220",3,1,7,1,0,0,0,0,0,0,0,998,0,0,0,12,8,2,12,0,0,0,1,17,61832,6,1,6,0,3,0,70,165,0,0,0,0,0,0,0,0,0,0,0,0,0,0,5,4,45,1,1,2,1,0,0,1,62,99,9,3,98,"777777777777","777777777777","777777777777",0,0
17,170164,1,2,1,15,3,14,18,12,6,1,0,17,1,22,20,22020,4,2006,"2G2WP552X611","2","G","2","W","P","5","5","2","X","6","1","1",0,0,0,"000000000","00000000000",0,0,0,1,0,0,0,0,0,0,0,998,0,0,0,12,8,2,12,0,0,0,1,17,60948,1,1,0,0,2,0,999,999,99,99,99,99,99,99,9999,99,9999,0,39,0,0,0,1,2,55,1,1,2,1,20,3,1,17,99,9,3,88,"777777777777","777777777777","777777777777",0,0
17,170164,2,2,1,15,3,14,18,12,6,1,0,17,1,12,402,12402,14,2014,"1FMCU0J97EUA","1","F","M","C","U","0","J","9","7","E","U","A",0,0,0,"000000000","00000000000",0,0,0,1,0,0,0,0,0,0,0,998,0,1,5,9,6,2,12,0,0,0,1,17,60942,6,1,0,0,3,0,69,135,0,0,0,0,0,0,0,0,0,0,0,0,0,0,1,2,55,1,1,2,1,0,0,1,68,99,9,3,89,"777777777777","777777777777","777777777777",1,0
17,170165,1,2,1,16,3,9,19,12,8,1,0,17,3,86,881,86881,66,2000,"1M2AA13YXYW1","1","M","2","A","A","1","3","Y","X","Y","W","1",1,1,57,"534372","57534372",3,6,2,1,0,0,0,0,0,0,0,998,0,0,0,11,6,2,12,0,0,0,1,17,62868,6,1,6,9,3,3,65,225,0,0,0,0,1,2,2015,2,2015,0,27,28,0,0,1,2,55,1,1,2,1,0,0,1,10,99,1,2,64,"MAR418791","777777777777","777777777777",1,0
17,170165,2,2,1,16,3,9,19,12,8,1,0,17,3,98,804,98804,66,2012,"5KJJAEBG6CPB","5","K","J","J","A","E","B","G","6","C","P","B",1,1,57,"2598403","572598403",3,6,4,1,0,0,0,0,0,0,0,998,0,0,0,9,6,2,12,0,0,0,1,17,62450,6,1,6,9,3,3,73,230,0,0,0,0,0,0,0,0,0,0,0,0,0,0,1,2,55,1,1,2,1,0,0,1,62,6,9,1,65,"1E1J9U28XBRD","777777777777","777777777777",0,0
17,170166,1,1,1,19,3,8,12,1,0,1,0,29,1,55,35,55035,4,2006,"KMHDN46D56U2","K","M","H","D","N","4","6","D","5","6","U","2",0,0,0,"000000000","00000000000",0,0,0,1,0,0,0,0,0,0,0,998,0,1,5,0,6,2,1,0,0,0,1,29,63401,6,1,0,0,3,9,66,140,0,0,0,0,0,0,0,0,0,3,28,0,0,0,6,1,70,2,2,2,1,0,0,14,6,99,2,4,7,"777777777777","777777777777","777777777777",1,1
17,170168,1,2,1,16,3,18,40,12,2,1,0,17,2,20,404,20404,14,2006,"2CNDL63F3661","2","C","N","D","L","6","3","F","3","6","6","1",0,0,0,"000000000","00000000000",0,0,0,1,0,0,0,0,0,0,0,74,0,1,1,12,6,2,12,0,0,0,1,17,61364,6,1,0,0,3,3,62,120,0,0,0,0,0,0,0,0,0,0,28,0,0,0,1,2,55,1,1,2,1,0,0,1,10,99,1,2,50,"777777777777","777777777777","777777777777",0,0
17,170168,2,2,1,16,3,18,40,12,2,1,0,17,1,34,35,34035,4,2007,"WBANF33597CS","W","B","A","N","F","3","3","5","9","7","C","S",0,0,0,"000000000","00000000000",0,0,0,1,0,0,0,0,0,0,0,998,0,0,0,12,6,2,12,0,0,0,1,17,60564,6,1,0,0,3,0,71,170,1,0,0,0,1,9,2013,3,2014,0,0,0,0,0,1,2,55,1,1,2,1,0,0,1,62,99,1,1,51,"777777777777","777777777777","777777777777",1,0
17,170169,1,2,2,19,3,19,50,12,6,1,0,17,1,58,37,58037,1,2009,"JNKCV66E99M7","J","N","K","C","V","6","6","E","9","9","M","7",0,0,0,"000000000","00000000000",0,0,0,1,0,0,0,0,0,0,0,998,0,0,0,3,8,2,12,0,0,0,1,17,60616,6,1,0,0,3,0,73,245,1,0,0,0,0,3,2014,3,2014,0,39,0,0,0,1,2,30,1,1,2,1,2,3,1,17,99,9,1,87,"777777777777","777777777777","777777777777",1,1
17,170169,2,2,2,19,3,19,50,12,6,1,0,18,1,49,404,49404,14,2014,"JTEBU4BF6EK2","J","T","E","B","U","4","B","F","6","E","K","2",0,0,0,"000000000","00000000000",0,0,0,1,0,0,0,0,0,0,0,998,0,0,0,12,8,2,12,0,0,0,1,18,46410,6,1,0,0,3,0,66,155,0,0,0,0,1,5,2014,5,2014,0,0,0,0,0,1,5,30,1,1,2,1,2,3,1,66,99,9,1,86,"777777777777","777777777777","777777777777",0,0
17,170170,1,3,1,19,3,2,28,12,8,1,0,17,2,63,402,63402,14,2016,"5XYPG4A31GG0","5","X","Y","P","G","4","A","3","1","G","G","0",0,0,0,"000000000","00000000000",0,0,0,1,0,0,0,0,0,0,0,998,0,0,0,11,8,2,12,0,0,0,1,17,60419,2,1,0,0,2,0,74,185,0,0,0,0,0,0,0,0,0,5,51,28,0,0,3,3,55,1,1,2,1,0,0,1,54,99,9,1,64,"777777777777","777777777777","777777777777",0,1
17,170170,2,3,2,19,3,2,28,12,8,1,0,17,2,20,37,20037,4,1998,"1G1ND52M2W62","1","G","1","N","D","5","2","M","2","W","6","2",0,0,0,"000000000","00000000000",0,0,0,1,0,0,0,0,0,0,0,998,0,0,0,9,8,2,12,0,0,0,1,17,60425,6,1,0,0,3,0,72,160,0,0,0,0,0,0,0,0,0,0,0,0,0,0,3,3,55,1,1,2,1,0,0,1,54,7,9,2,65,"777777777777","777777777777","777777777777",0,0
17,170170,3,3,2,19,3,2,28,12,8,1,0,17,2,24,1,24001,4,1999,"1G8ZK5273XZ1","1","G","8","Z","K","5","2","7","3","X","Z","1",0,0,0,"000000000","00000000000",0,0,0,1,0,0,0,0,0,0,0,998,0,0,0,12,8,2,12,0,0,0,1,17,60411,6,1,0,0,3,0,71,195,0,0,0,0,0,0,0,0,0,0,0,0,0,0,3,3,55,1,1,2,1,0,0,1,62,99,9,3,98,"777777777777","777777777777","777777777777",2,0
17,170171,1,1,2,19,3,20,34,1,0,1,0,17,2,35,39,35039,4,2004,"1N4BA41E34C8","1","N","4","B","A","4","1","E","3","4","C","8",0,0,0,"000000000","00000000000",0,0,0,1,0,0,0,0,0,0,0,998,0,9,5,0,6,2,1,0,0,0,1,17,62052,6,2,0,0,3,2,67,140,0,0,0,0,0,0,0,0,0,5,52,73,0,0,1,2,55,1,2,2,98,0,0,1,9,99,9,4,7,"777777777777","777777777777","777777777777",1,1
17,170172,1,1,1,21,3,0,8,18,0,1,0,17,2,7,402,7402,14,2002,"1B4HS38N32F1","1","B","4","H","S","3","8","N","3","2","F","1",0,0,0,"000000000","00000000000",0,0,0,1,0,0,0,0,0,0,0,998,0,9,5,99,6,2,1,0,0,0,1,17,60506,0,0,0,0,0,0,999,999,99,99,99,99,99,99,9999,99,9999,5,99,99,99,99,1,2,25,1,1,2,1,0,0,99,99,99,9,4,5,"777777777777","777777777777","777777777777",1,0
17,170173,1,1,3,21,3,4,38,1,0,1,0,18,2,18,402,18402,14,2005,"5GADT13S7522","5","G","A","D","T","1","3","S","7","5","2","2",0,0,0,"000000000","00000000000",0,0,0,1,0,0,0,0,0,0,0,998,0,9,3,0,6,2,1,0,0,0,1,18,46628,6,1,0,0,3,0,66,120,0,0,0,0,0,0,0,0,0,0,27,0,0,0,2,2,70,1,1,2,1,0,0,15,9,99,9,4,7,"777777777777","777777777777","777777777777",1,0
17,170174,1,1,2,21,3,16,25,38,0,1,0,17,2,37,31,37031,2,2005,"1HGEM22595L0","1","H","G","E","M","2","2","5","9","5","L","0",0,0,0,"000000000","00000000000",0,0,0,1,0,0,0,0,0,0,0,63,0,1,5,12,6,2,1,0,0,0,1,29,63101,6,1,0,0,3,0,67,165,0,0,0,1,0,8,2014,8,2014,3,28,0,0,0,1,2,55,1,3,2,1,0,0,1,6,99,9,4,7,"777777777777","777777777777","777777777777",1,1