"STATE","ST_CASE","VEH_NO","VE_FORMS","NUMOCCS","DAY","MONTH","HOUR","MINUTE","HARM_EV","MAN_COLL","UNITTYPE","HIT_RUN","REG_STAT","OWNER","MAKE","MODEL","MAK_MOD","BODY_TYP","MOD_YEAR","VIN","VIN_1","VIN_2","VIN_3","VIN_4","VIN_5","VIN_6","VIN_7","VIN_8","VIN_9","VIN_10","VIN_11","VIN_12","TOW_VEH","J_KNIFE","MCARR_I1","MCARR_I2","MCARR_ID","GVWR","V_CONFIG","CARGO_BT","HAZ_INV","HAZ_PLAC","HAZ_ID","HAZ_CNO","HAZ_REL","BUS_USE","SPEC_USE","EMER_USE","TRAV_SP","UNDERIDE","ROLLOVER","ROLINLOC","IMPACT1","DEFORMED","TOWED","M_HARM","VEH_SC1","VEH_SC2","FIRE_EXP","DR_PRES","L_STATE","DR_ZIP","L_STATUS","L_TYPE","CDL_STAT","L_ENDORS","L_COMPL","L_RESTRI","DR_HGT","DR_WGT","PREV_ACC","PREV_SUS","PREV_DWI","PREV_SPD","PREV_OTH","FIRST_MO","FIRST_YR","LAST_MO","LAST_YR","SPEEDREL","DR_SF1","DR_SF2","DR_SF3","DR_SF4","VTRAFWAY","VNUM_LAN","VSPD_LIM","VALIGN","VPROFILE","VPAVETYP","VSURCOND","VTRAFCON","VTCONT_F","P_CRASH1","P_CRASH2","P_CRASH3","PCRASH4","PCRASH5","ACC_TYPE","TRLR1VIN","TRLR2VIN","TRLR3VIN","DEATHS","DR_DRINK"
17,170217,1,1,1,13,4,22,15,1,0,1,0,29,3,23,481,23481,31,2003,"3GKFK16Z43G1","3","G","K","F","K","1","6","Z","4","3","G","1",0,0,0,"000000000","00000000000",0,0,0,1,0,0,0,0,0,0,0,998,0,9,5,0,6,2,1,0,0,0,1,29,63701,2,1,0,0,2,0,999,999,0,0,0,0,0,0,0,0,0,3,0,0,0,0,1,2,55,2,1,2,1,0,0,14,6,99,3,4,7,"777777777777","777777777777","777777777777",1,1
17,170218,1,1,2,8,4,0,6,42,0,1,0,17,1,12,481,12481,31,2004,"1FTNF21L44EA","1","F","T","N","F","2","1","L","4","4","E","A",0,0,0,"000000000","00000000000",0,0,0,1,0,0,0,0,0,0,0,998,0,0,0,98,6,2,42,0,0,1,1,17,62643,6,1,0,0,3,0,72,212,0,0,0,0,0,0,0,0,0,3,99,99,99,99,1,2,55,1,1,2,1,0,0,1,13,99,9,4,1,"777777777777","777777777777","777777777777",2,1
17,170219,1,1,2,1,4,8,16,42,0,1,0,17,1,3,402,3402,14,2006,"5GTDN1364683","5","G","T","D","N","1","3","6","4","6","8","3",0,0,0,"000000000","00000000000",0,0,0,1,0,0,0,0,0,0,0,998,0,1,5,12,6,2,1,0,0,0,1,17,60106,6,1,0,0,3,0,68,160,0,0,0,0,0,0,0,0,0,4,52,28,0,0,3,5,60,1,1,2,2,0,0,1,9,99,9,4,2,"777777777777","777777777777","777777777777",1,1
17,170220,1,1,2,1,4,15,11,44,0,1,0,17,2,12,3,12003,2,2002,"1FAFP42X82F1","1","F","A","F","P","4","2","X","8","2","F","1",0,0,0,"000000000","00000000000",0,0,0,1,0,0,0,0,0,0,0,998,0,0,0,0,8,2,42,0,0,0,1,17,62022,6,2,0,0,3,0,68,135,0,0,0,0,0,0,0,0,0,4,82,0,0,0,1,2,55,1,2,8,1,0,0,3,5,99,3,4,0,"777777777777","777777777777","777777777777",1,0
17,170221,1,2,1,14,4,15,10,12,6,1,0,17,1,37,706,37706,80,2013,"JH2SC6819DK0","J","H","2","S","C","6","8","1","9","D","K","0",0,0,0,"000000000","00000000000",0,0,0,1,0,0,0,0,0,0,0,998,0,0,0,12,6,2,12,0,0,0,1,17,60564,6,1,0,0,3,0,75,250,0,0,0,2,0,5,2015,7,2015,4,26,28,0,0,3,3,55,1,1,2,1,0,0,1,51,99,9,3,44,"777777777777","777777777777","777777777777",1,1
17,170221,2,2,2,14,4,15,10,12,6,1,0,17,1,7,422,7422,15,2007,"1D8HB58N47F5","1","D","8","H","B","5","8","N","4","7","F","5",0,0,0,"000000000","00000000000",0,0,0,1,0,0,0,0,0,0,0,998,0,0,0,5,8,5,12,0,0,0,1,17,61462,6,1,0,0,3,0,65,170,0,0,0,0,0,0,0,0,0,0,0,0,0,0,3,3,55,1,1,2,1,0,0,1,53,99,9,3,45,"777777777777","777777777777","777777777777",0,0
17,170222,1,1,1,9,4,3,41,34,0,1,0,17,1,20,401,20401,14,2000,"1GNDT13W3Y21","1","G","N","D","T","1","3","W","3","Y","2","1",0,0,0,"000000000","00000000000",0,0,0,1,0,0,0,0,0,0,0,998,0,1,5,12,6,2,1,0,0,0,1,17,61723,6,1,0,0,3,0,71,200,0,0,0,1,5,9,2012,1,2015,3,0,0,0,0,1,2,55,2,2,2,1,40,3,14,12,99,1,4,6,"777777777777","777777777777","777777777777",1,1
17,170223,1,1,1,1,4,0,55,8,0,1,0,17,1,35,50,35050,4,2007,"3N1BC11E67L4","3","N","1","B","C","1","1","E","6","7","L","4",0,0,0,"000000000","00000000000",0,0,0,1,0,0,0,0,0,0,0,998,0,0,0,12,8,2,8,0,0,0,1,17,62221,6,1,0,0,3,0,77,205,0,0,0,0,0,0,0,0,0,0,38,86,0,0,5,4,45,1,1,2,1,0,0,1,80,98,9,3,13,"777777777777","777777777777","777777777777",0,0
17,170224,1,2,1,12,4,5,40,12,2,1,0,17,1,20,24,20024,6,2012,"1GNKRGED7CJ1","1","G","N","K","R","G","E","D","7","C","J","1",0,0,0,"000000000","00000000000",0,0,0,1,0,0,0,0,0,0,0,998,0,0,0,12,6,2,12,0,0,1,1,17,62249,6,1,0,0,3,0,74,150,0,0,0,1,0,5,2015,5,2015,0,27,28,0,0,1,2,55,2,2,2,1,0,0,14,10,99,9,2,50,"777777777777","777777777777","777777777777",1,0
17,170224,2,2,1,12,4,5,40,12,2,1,0,17,3,82,881,82881,66,2003,"1FUJBBCG33LK","1","F","U","J","B","B","C","G","3","3","L","K",1,1,57,"78452","5778452",3,6,97,1,0,0,0,0,0,0,0,998,0,0,0,12,6,2,12,0,0,0,1,17,62258,6,1,6,0,3,0,70,275,0,0,0,0,0,0,0,0,0,0,0,0,0,0,1,2,55,3,2,2,1,0,0,14,62,9,1,2,51,"LT1CC41284C0","777777777777","777777777777",0,0
17,170225,1,1,2,19,4,9,8,34,0,1,0,17,1,50,398,50398,1,1972,"CC82159U","C","C","8","2","1","5","9","U","","","","",0,0,0,"000000000","00000000000",0,0,0,1,0,0,0,0,0,0,0,998,0,9,1,12,6,2,34,0,0,0,1,17,62864,6,1,0,0,3,3,74,203,0,0,0,0,0,0,0,0,0,9,58,28,0,0,1,2,55,3,2,2,1,0,0,14,13,6,4,4,7,"777777777777","777777777777","777777777777",1,0
17,170226,1,2,3,20,4,15,54,12,6,1,0,17,1,18,401,18401,14,2003,"3G5DA03E03S5","3","G","5","D","A","0","3","E","0","3","S","5",0,0,0,"000000000","00000000000",0,0,0,1,0,0,0,0,0,0,0,998,0,0,0,11,8,2,12,0,0,0,1,17,61917,6,1,0,0,3,3,65,195,0,0,0,0,0,0,0,0,0,0,38,0,0,0,1,2,55,1,1,2,2,20,3,11,15,99,1,1,82,"777777777777","777777777777","777777777777",1,0
17,170226,2,2,1,20,4,15,54,12,6,1,0,55,3,87,884,87884,66,2006,"1XP5DU9X76N6","1","X","P","5","D","U","9","X","7","6","N","6",1,1,57,"171830","57171830",3,6,2,1,0,0,0,0,0,0,0,998,0,0,0,12,8,2,12,0,0,0,1,17,61910,6,1,6,0,3,0,71,190,0,0,0,0,0,0,0,0,0,0,0,0,0,0,1,2,55,1,1,2,2,0,0,2,67,6,9,3,83,"5HTAM452497H","777777777777","777777777777",0,0
17,170227,1,1,1,22,4,9,12,53,0,1,0,17,1,49,472,49472,30,2006,"5TELU42NX6Z3","5","T","E","L","U","4","2","N","X","6","Z","3",0,0,0,"000000000","00000000000",0,0,0,1,0,0,0,0,0,0,0,998,0,1,5,99,6,2,1,0,0,0,1,17,62987,6,1,0,0,3,0,67,135,0,0,0,0,0,0,0,0,0,4,36,0,0,0,1,2,55,1,1,2,1,0,0,6,13,99,1,4,1,"777777777777","777777777777","777777777777",1,1
17,170228,1,1,1,23,4,6,3,24,0,1,0,17,2,37,32,37032,4,2004,"1HGCM56794A0","1","H","G","C","M","5","6","7","9","4","A","0",0,0,0,"000000000","00000000000",0,0,0,1,0,0,0,0,0,0,0,998,0,1,1,11,6,2,24,0,0,0,1,17,61401,6,1,0,0,3,0,71,162,0,0,0,1,1,5,2014,6,2014,4,28,0,0,0,3,2,65,1,2,2,1,0,0,1,9,99,2,4,7,"777777777777","777777777777","777777777777",1,1
17,170229,1,2,1,14,3,20,40,12,2,1,0,29,2,22,18,22018,4,2001,"1G2NW52E51C1","1","G","2","N","W","5","2","E","5","1","C","1",0,0,0,"000000000","00000000000",0,0,0,1,0,0,0,0,0,0,0,75,0,0,0,12,6,2,12,0,0,1,1,29,63050,6,1,0,0,3,3,67,165,1,0,0,0,0,4,2012,4,2012,0,51,28,0,0,2,4,70,1,1,2,2,0,0,1,54,99,1,1,50,"777777777777","777777777777","777777777777",1,1
17,170229,2,2,1,14,3,20,40,12,2,1,0,17,1,12,37,12037,4,2007,"1FAHP34N57W2","1","F","A","H","P","3","4","N","5","7","W","2",0,0,0,"000000000","00000000000",0,0,0,1,0,0,0,0,0,0,0,998,0,0,0,12,6,2,12,0,0,1,1,17,60625,6,1,0,0,3,0,67,145,0,0,0,0,0,0,0,0,0,0,0,0,0,0,2,4,70,1,1,2,2,0,0,1,54,99,1,1,51,"777777777777","777777777777","777777777777",1,0
17,170230,1,1,1,24,4,23,33,24,0,1,0,17,1,72,706,72706,80,2003,"1HD4CJM4X3K4","1","H","D","4","C","J","M","4","X","3","K","4",0,0,0,"000000000","00000000000",0,0,0,1,0,0,0,0,0,0,0,998,0,0,0,12,6,2,24,0,0,0,1,17,60046,6,1,0,0,2,0,70,180,0,0,0,0,0,0,0,0,0,5,39,0,0,0,1,2,45,3,1,2,1,28,3,14,9,99,2,4,2,"777777777777","777777777777","777777777777",1,1
17,170231,1,1,1,18,3,11,18,8,0,1,0,17,1,20,481,20481,31,2005,"2GCEC13T5511","2","G","C","E","C","1","3","T","5","5","1","1",0,0,0,"000000000","00000000000",0,0,0,1,0,0,0,0,0,0,0,998,0,0,0,6,8,5,8,0,0,0,1,17,62269,6,1,0,0,3,3,65,128,0,0,0,0,0,0,0,0,0,0,86,0,0,0,1,2,30,1,1,2,1,0,0,13,80,99,1,1,98,"777777777777","777777777777","777777777777",0,0
17,170232,1,2,1,15,3,14,41,12,2,1,0,17,2,20,481,20481,31,1999,"2GCEK19T1X11","2","G","C","E","K","1","9","T","1","X","1","1",0,0,0,"000000000","00000000000",0,0,0,1,0,0,0,0,0,0,0,998,0,0,0,12,8,2,12,0,0,0,1,17,60481,2,1,0,0,2,0,999,999,99,99,99,99,99,99,9999,99,9999,0,51,0,0,0,1,2,45,1,1,2,1,0,0,1,10,99,9,2,50,"777777777777","777777777777","777777777777",0,0
17,170232,2,2,2,15,3,14,41,12,2,1,0,17,1,20,481,20481,31,2006,"2GCEC19Z6613","2","G","C","E","C","1","9","Z","6","6","1","3",0,0,0,"000000000","00000000000",0,0,0,1,0,0,0,0,0,0,0,998,0,0,0,12,8,2,12,0,0,0,1,17,60404,6,1,0,0,3,3,73,260,0,0,0,0,0,0,0,0,0,0,0,0,0,0,1,2,45,1,1,2,1,0,0,1,62,99,9,3,51,"777777777777","777777777777","777777777777",1,0
17,170233,1,1,1,18,4,16,50,1,0,1,0,17,2,23,498,23498,48,1992,"1GTEK14ZXNE5","1","G","T","E","K","1","4","Z","X","N","E","5",0,0,0,"000000000","00000000000",0,0,0,1,0,0,0,0,0,0,0,998,0,1,5,0,6,2,1,0,0,0,1,17,62054,6,1,0,0,3,0,71,180,0,0,0,0,0,0,0,0,0,3,0,0,0,0,1,2,45,1,3,2,1,0,0,1,6,99,2,4,2,"777777777777","777777777777","777777777777",1,1
17,170234,1,2,1,22,4,14,40,12,1,1,0,17,2,63,401,63401,14,2002,"KNDJA7234251","K","N","D","J","A","7","2","3","4","2","5","1",0,0,0,"000000000","00000000000",0,0,0,1,0,0,0,0,0,0,0,998,0,0,0,12,8,2,12,0,0,0,1,17,62952,6,1,0,0,3,3,63,190,0,0,0,0,0,0,0,0,0,0,39,0,0,0,2,2,45,1,1,1,1,1,3,1,50,99,1,1,20,"777777777777","777777777777","777777777777",0,0
17,170234,2,2,1,22,4,14,40,12,1,1,0,17,1,98,709,98709,80,2012,"L37LMGFVXCZ0","L","3","7","L","M","G","F","V","X","C","Z","0",0,0,0,"000000000","00000000000",0,0,0,1,0,0,0,0,0,0,0,0,0,0,0,6,8,2,12,0,0,0,1,17,62959,6,1,0,0,3,0,77,235,0,0,0,0,0,0,0,0,0,0,0,0,0,0,2,2,45,1,1,1,1,1,3,5,53,99,1,1,21,"777777777777","777777777777","777777777777",1,0
17,170235,1,2,2,19,1,14,48,12,6,1,0,17,2,59,31,59031,4,1998,"JT8BF28G3W50","J","T","8","B","F","2","8","G","3","W","5","0",0,0,0,"000000000","00000000000",0,0,0,1,0,0,0,0,0,0,0,998,0,0,0,3,8,2,12,0,0,0,1,17,62801,6,1,0,0,3,0,64,171,0,0,0,0,0,0,0,0,0,0,39,0,0,0,2,2,30,1,1,2,1,3,3,1,17,99,1,1,87,"777777777777","777777777777","777777777777",1,0
17,170235,2,2,1,19,1,14,48,12,6,1,0,17,1,2,403,2403,14,2011,"1J4AA2D18BL5","1","J","4","A","A","2","D","1","8","B","L","5",0,0,0,"000000000","00000000000",0,0,0,1,0,0,0,0,0,0,0,998,0,0,0,12,8,2,12,0,0,0,1,17,62801,6,1,6,0,3,3,82,210,0,0,0,2,0,6,2013,2,2014,0,0,0,0,0,2,2,30,1,1,2,1,3,3,1,55,99,1,1,86,"777777777777","777777777777","777777777777",0,0
17,170236,1,1,1,2,3,0,58,8,0,1,0,17,1,48,34,48034,4,2013,"4S3BMCC6XD30","4","S","3","B","M","C","C","6","X","D","3","0",0,0,0,"000000000","00000000000",0,0,0,1,0,0,0,0,0,0,0,998,0,0,0,12,2,3,8,0,0,0,1,17,60067,6,1,0,0,3,0,68,140,0,0,0,0,0,0,0,0,0,0,86,0,0,0,1,5,40,1,2,2,3,3,3,1,80,8,1,1,13,"777777777777","777777777777","777777777777",0,1
17,170237,1,2,2,3,3,20,14,12,6,1,0,17,3,35,53,35053,2,2015,"JN1AR5EF8FM2","J","N","1","A","R","5","E","F","8","F","M","2",0,0,0,"000000000","00000000000",0,0,0,1,0,0,0,0,0,0,0,998,0,0,0,12,8,2,12,0,0,0,1,17,60142,6,1,6,0,3,1,70,210,0,0,0,2,0,3,2013,7,2014,0,38,0,0,0,2,3,45,1,1,2,1,1,3,11,17,99,1,1,68,"777777777777","777777777777","777777777777",0,0
17,170237,2,2,3,3,3,20,14,12,6,1,0,17,2,35,39,35039,4,2002,"JNKDA31A02T0","J","N","K","D","A","3","1","A","0","2","T","0",0,0,0,"000000000","00000000000",0,0,0,1,0,0,0,0,0,0,0,77,0,0,0,9,6,2,46,0,0,0,1,17,60154,6,1,0,0,3,0,74,170,0,0,0,1,0,2,2016,2,2016,3,0,0,0,0,2,2,45,1,1,2,1,1,3,1,55,99,1,1,69,"777777777777","777777777777","777777777777",1,0
17,170238,1,1,2,20,3,19,46,15,0,1,0,17,1,12,481,12481,31,1998,"1FTZX1865WKA","1","F","T","Z","X","1","8","6","5","W","K","A",0,0,0,"000000000","00000000000",0,0,0,1,0,0,0,0,0,0,0,998,0,0,0,12,0,5,15,0,0,0,1,17,61701,6,1,0,0,3,0,63,158,0,0,0,0,0,0,0,0,0,4,86,38,0,0,1,3,30,1,1,2,1,2,3,11,83,99,1,1,13,"777777777777","777777777777","777777777777",0,0
17,170239,1,1,2,26,3,23,53,34,0,1,0,0,0,37,739,37739,90,1983,"888888888888","8","8","8","8","8","8","8","8","8","8","8","8",0,0,0,"000000000","00000000000",0,0,0,1,0,0,0,0,0,0,0,998,0,0,0,12,8,2,34,0,0,0,1,17,62821,6,2,0,0,1,0,64,108,0,0,0,0,0,0,0,0,0,4,52,21,0,0,1,8,55,1,1,2,1,0,0,11,9,99,9,4,2,"777777777777","777777777777","777777777777",2,0
17,170240,1,1,7,25,3,7,12,20,0,1,0,55,2,13,1,13001,12,1998,"1LNFM81W3WY6","1","L","N","F","M","8","1","W","3","W","Y","6",0,0,57,"225227","57225227",0,0,0,1,0,0,0,0,0,0,0,998,0,1,5,12,8,2,20,0,0,1,1,55,53548,6,1,0,0,2,0,74,150,2,0,0,1,4,7,2012,7,2015,3,41,0,0,0,3,3,45,2,1,2,1,0,0,1,12,1,1,4,6,"777777777777","777777777777","777777777777",1,0
17,170241,1,2,1,30,3,15,25,12,6,1,0,17,3,86,881,86881,66,1998,"1M1AA13Y6WW0","1","M","1","A","A","1","3","Y","6","W","W","0",1,1,17,"136515","17136515",3,6,4,1,0,0,0,0,0,0,0,998,0,0,0,11,8,2,12,0,0,0,1,17,61010,6,1,6,9,3,0,76,245,1,0,0,1,0,12,2014,12,2014,0,0,0,0,0,2,2,30,3,1,2,1,0,0,14,67,99,1,1,69,"888888888888","777777777777","777777777777",0,0
17,170241,2,2,1,30,3,15,25,12,6,1,0,17,1,12,17,12017,4,1994,"1FALP52U0RG1","1","F","A","L","P","5","2","U","0","R","G","1",0,0,0,"000000000","00000000000",0,0,0,1,0,0,0,0,0,0,0,998,0,0,0,9,8,2,12,0,0,0,1,17,61061,6,1,0,0,3,3,67,185,0,0,0,0,1,10,2015,10,2015,0,39,0,0,0,1,2,30,3,1,2,1,20,3,11,15,99,1,1,68,"777777777777","777777777777","777777777777",1,0
17,170242,1,2,1,14,4,0,53,12,1,1,0,17,1,20,461,20461,21,2005,"1GAHG35U9511","1","G","A","H","G","3","5","U","9","5","1","1",0,0,0,"000000000","00000000000",0,0,0,1,0,0,0,0,0,0,0,998,0,0,0,12,8,2,12,0,0,0,1,17,60120,6,1,0,0,3,3,71,185,0,1,0,3,2,6,2012,5,2015,4,89,41,84,0,3,3,45,1,1,2,1,97,8,1,50,99,1,1,32,"777777777777","777777777777","777777777777",1,0
17,170242,2,2,0,14,4,0,53,12,1,1,0,17,3,12,481,12481,40,2008,"1FDAF56R28EA","1","F","D","A","F","5","6","R","2","8","E","A",0,0,57,"1798842","571798842",2,1,97,1,0,0,0,0,0,0,0,0,0,0,0,6,8,2,12,0,0,0,0,0,99997,7,6,97,7,6,7,998,997,998,998,998,998,998,98,9998,98,9998,8,20,0,0,0,3,3,45,1,1,2,1,97,8,0,53,0,0,0,32,"777777777777","777777777777","777777777777",0,0
17,170243,1,1,1,17,4,22,18,1,0,1,0,17,2,2,403,2403,14,2002,"1J4FA39S72P7","1","J","4","F","A","3","9","S","7","2","P","7",0,0,0,"000000000","00000000000",0,0,0,1,0,0,0,0,0,0,0,998,0,9,5,0,8,2,1,0,0,0,1,17,61427,6,1,0,0,3,3,67,127,0,0,0,0,0,0,0,0,0,3,0,0,0,0,1,2,55,3,1,2,1,0,0,14,6,99,2,4,2,"777777777777","777777777777","777777777777",1,0
17,170244,1,3,2,18,4,8,55,12,8,1,0,17,2,20,16,20016,2,2001,"1G1JC1247173","1","G","1","J","C","1","2","4","7","1","7","3",0,0,0,"000000000","00000000000",0,0,0,1,0,0,0,0,0,0,0,998,0,0,0,11,8,2,12,0,0,0,1,17,62238,6,1,0,0,3,0,71,150,0,0,0,1,1,12,2011,2,2012,3,35,0,0,0,1,2,55,1,3,2,1,0,0,6,10,99,9,2,64,"777777777777","777777777777","777777777777",2,0
17,170244,2,3,1,18,4,8,55,12,8,1,0,17,3,20,481,20481,31,1999,"2GCEK19T5X12","2","G","C","E","K","1","9","T","5","X","1","2",1,1,0,"000000000","00000000000",0,0,0,1,0,0,0,0,0,0,0,998,0,0,0,7,8,2,12,0,0,0,1,17,62286,6,1,6,0,3,0,76,300,0,0,0,0,0,0,0,0,0,0,0,0,0,0,1,2,55,1,3,2,1,0,0,1,62,99,9,3,65,"888888888888","777777777777","777777777777",0,0
17,170244,3,3,1,18,4,8,55,12,8,1,0,17,3,82,881,82881,66,2007,"1FUJF0CV17LX","1","F","U","J","F","0","C","V","1","7","L","X",1,1,57,"2820945","572820945",3,6,4,1,0,0,0,0,0,0,0,998,0,0,0,12,8,2,12,0,0,0,1,17,62242,6,1,6,0,3,1,70,185,0,0,0,0,0,0,0,0,0,0,0,0,0,0,1,2,55,1,3,2,1,0,0,1,62,99,9,3,98,"888888888888","777777777777","777777777777",0,0
17,170245,1,2,1,16,4,10,38,12,6,1,0,17,1,6,44,6044,4,2000,"1C3EJ56HXYN2","1","C","3","E","J","5","6","H","X","Y","N","2",0,0,0,"000000000","00000000000",0,0,0,1,0,0,0,0,0,0,0,998,0,0,0,3,8,2,12,0,0,0,1,17,61756,6,1,0,0,3,3,59,120,0,0,0,0,0,0,0,0,0,0,38,0,0,0,2,2,45,1,1,1,1,20,3,1,17,99,1,1,87,"777777777777","777777777777","777777777777",1,0
17,170245,2,2,1,16,4,10,38,12,6,1,0,17,1,42,50,42050,6,2007,"4JGCB75EX7A0","4","J","G","C","B","7","5","E","X","7","A","0",0,0,0,"000000000","00000000000",0,0,0,1,0,0,0,0,0,0,0,998,0,0,0,12,8,2,12,0,0,0,1,17,62521,6,1,0,0,3,3,68,160,0,0,0,0,0,0,0,0,0,0,0,0,0,0,2,2,45,1,1,1,1,0,0,1,55,99,1,1,86,"777777777777","777777777777","777777777777",0,0
17,170246,1,1,1,18,4,20,33,8,0,1,0,17,1,20,32,20032,5,1995,"1Y1SK5262SZ0","1","Y","1","S","K","5","2","6","2","S","Z","0",0,0,0,"000000000","00000000000",0,0,0,1,0,0,0,0,0,0,0,998,0,0,0,12,8,5,8,0,0,0,1,17,61101,6,1,0,0,3,3,63,195,0,0,0,0,0,0,0,0,0,9,86,0,0,0,5,4,35,1,2,2,1,2,3,1,80,99,9,3,13,"777777777777","777777777777","777777777777",0,0
17,170247,1,1,1,17,4,16,5,34,0,1,0,17,1,98,709,98709,80,2015,"VBKV39409FM9","V","B","K","V","3","9","4","0","9","F","M","9",0,0,0,"000000000","00000000000",0,0,0,1,0,0,0,0,0,0,0,998,0,0,0,99,6,2,34,0,0,0,1,19,52722,6,1,0,0,3,0,72,160,0,0,0,3,0,1,2014,12,2014,3,0,0,0,0,1,2,55,3,1,2,1,0,0,14,6,99,2,4,7,"777777777777","777777777777","777777777777",1,0
17,170248,1,1,1,20,4,17,53,33,0,1,0,17,1,20,403,20403,14,2003,"1GNDT13S8321","1","G","N","D","T","1","3","S","8","3","2","1",0,0,0,"000000000","00000000000",0,0,0,1,0,0,0,0,0,0,0,998,0,0,0,12,8,2,19,0,0,0,1,17,61107,6,1,0,0,3,0,78,200,0,0,0,0,0,0,0,0,0,0,28,0,0,0,1,2,30,2,1,2,1,0,0,14,13,99,9,4,1,"777777777777","777777777777","777777777777",1,0
17,170249,1,1,1,21,4,14,38,42,0,1,0,17,1,49,472,49472,40,2002,"5TEVL52N42Z1","5","T","E","V","L","5","2","N","4","2","Z","1",0,0,0,"000000000","00000000000",0,0,0,1,0,0,0,0,0,0,0,998,0,0,0,12,8,2,42,0,0,0,1,17,61008,6,1,0,0,3,3,63,145,0,0,0,0,0,0,0,0,0,4,39,0,0,0,1,2,55,1,1,2,1,20,3,1,14,99,9,4,14,"777777777777","777777777777","777777777777",1,0
17,170250,1,2,1,24,4,6,15,12,8,1,0,17,2,20,481,20481,31,1994,"2GCEC19Z2R13","2","G","C","E","C","1","9","Z","2","R","1","3",0,0,0,"000000000","00000000000",0,0,0,1,0,0,0,0,0,0,0,998,0,0,0,11,8,2,12,0,0,0,1,17,62426,6,1,0,0,3,3,71,204,0,0,0,0,0,0,0,0,0,0,28,24,0,0,1,2,55,1,1,2,1,0,0,1,10,99,1,2,64,"777777777777","777777777777","777777777777",1,0
17,170250,2,2,1,24,4,6,15,12,8,1,0,17,3,12,481,12481,31,2015,"1FDUF5GT3FEC","1","F","D","U","F","5","G","T","3","F","E","C",0,0,57,"051446","57051446",2,99,98,1,0,0,0,0,0,0,0,58,0,0,0,11,8,2,12,0,0,0,1,17,62838,6,1,6,0,3,1,71,155,0,0,0,0,0,0,0,0,0,0,0,0,0,0,1,2,55,1,1,2,1,0,0,1,62,99,1,1,65,"777777777777","777777777777","777777777777",0,0
17,170251,1,1,1,23,4,23,24,42,0,1,0,17,2,38,402,38402,14,2001,"4S2DM58W2143","4","S","2","D","M","5","8","W","2","1","4","3",0,0,0,"000000000","00000000000",0,0,0,1,0,0,0,0,0,0,0,77,0,0,0,13,6,2,42,0,0,0,1,17,60101,1,1,0,0,2,3,70,170,0,1,0,1,1,5,2013,3,2016,0,99,99,99,99,1,2,55,1,1,2,1,0,0,1,12,99,1,4,6,"777777777777","777777777777","777777777777",1,0
17,170253,1,1,1,16,4,8,40,25,0,1,0,17,1,71,706,71706,80,2014,"ZDM14BUW0EB0","Z","D","M","1","4","B","U","W","0","E","B","0",0,0,0,"000000000","00000000000",0,0,0,1,0,0,0,0,0,0,0,998,0,0,0,12,6,2,25,0,0,0,1,17,60187,6,1,0,0,3,0,73,180,0,0,0,1,0,11,2012,11,2012,3,36,0,0,0,3,4,55,1,1,2,1,0,0,1,6,99,9,4,7,"777777777777","777777777777","777777777777",1,0
17,170254,1,2,1,25,4,16,29,12,1,1,0,18,3,84,884,84884,64,2004,"1HTMMAAM74H6","1","H","T","M","M","A","A","M","7","4","H","6",0,0,57,"605338","57605338",2,1,2,1,0,0,0,0,0,0,0,998,0,0,0,12,6,2,12,0,0,0,1,17,60560,6,1,6,9,3,0,69,160,0,0,0,2,1,9,2014,7,2015,0,6,0,0,0,3,4,60,1,1,1,1,0,0,1,50,99,1,1,20,"777777777777","777777777777","777777777777",1,0
17,170254,2,2,1,25,4,16,29,12,1,1,0,18,3,84,884,84884,66,2015,"3HSDJAPR5FN1","3","H","S","D","J","A","P","R","5","F","N","1",1,1,57,"74432","5774432",3,6,1,1,0,0,0,0,0,0,0,0,0,0,0,6,8,2,12,0,0,0,1,39,43001,6,1,6,9,3,3,71,175,2,0,0,1,4,7,2012,5,2014,0,0,0,0,0,3,4,60,1,1,1,1,0,0,5,53,99,1,1,21,"1UYVS2534GM5","777777777777","777777777777",0,0
17,170255,1,1,1,27,4,19,38,43,0,1,0,17,1,23,471,23471,30,2003,"1GTCT19X5381","1","G","T","C","T","1","9","X","5","3","8","1",0,0,0,"000000000","00000000000",0,0,0,1,0,0,0,0,0,0,0,998,0,1,5,98,6,2,1,0,0,0,1,17,62548,6,1,0,0,3,0,70,136,0,0,0,0,0,0,0,0,0,3,28,58,0,0,1,2,55,1,1,2,1,0,0,1,12,7,4,4,2,"777777777777","777777777777","777777777777",1,1
17,170256,1,1,1,30,4,19,33,35,0,1,0,17,2,22,2,22002,4,2005,"1G2HZ54Y35U1","1","G","2","H","Z","5","4","Y","3","5","U","1",0,0,0,"000000000","00000000000",0,0,0,1,0,0,0,0,0,0,0,998,0,1,3,98,6,2,35,0,0,0,1,17,61523,6,1,0,0,3,0,65,153,0,0,0,0,0,0,0,0,0,4,36,0,0,0,2,2,65,1,1,2,2,0,0,1,9,99,2,4,7,"777777777777","777777777777","777777777777",1,0
17,170257,1,1,1,29,4,23,14,1,0,1,0,17,1,37,32,37032,4,2002,"1HGCG66862A1","1","H","G","C","G","6","6","8","6","2","A","1",0,0,0,"000000000","00000000000",0,0,0,1,0,0,0,0,0,0,0,998,0,1,5,0,6,2,1,0,0,0,1,17,60552,6,1,0,0,3,3,73,180,0,0,0,0,0,0,0,0,0,3,99,99,99,99,1,2,55,1,1,2,1,0,0,1,6,99,2,4,2,"777777777777","777777777777","777777777777",1,0