"STATE","ST_CASE","VEH_NO","VE_FORMS","NUMOCCS","DAY","MONTH","HOUR","MINUTE","HARM_EV","MAN_COLL","UNITTYPE","HIT_RUN","REG_STAT","OWNER","MAKE","MODEL","MAK_MOD","BODY_TYP","MOD_YEAR","VIN","VIN_1","VIN_2","VIN_3","VIN_4","VIN_5","VIN_6","VIN_7","VIN_8","VIN_9","VIN_10","VIN_11","VIN_12","TOW_VEH","J_KNIFE","MCARR_I1","MCARR_I2","MCARR_ID","GVWR","V_CONFIG","CARGO_BT","HAZ_INV","HAZ_PLAC","HAZ_ID","HAZ_CNO","HAZ_REL","BUS_USE","SPEC_USE","EMER_USE","TRAV_SP","UNDERIDE","ROLLOVER","ROLINLOC","IMPACT1","DEFORMED","TOWED","M_HARM","VEH_SC1","VEH_SC2","FIRE_EXP","DR_PRES","L_STATE","DR_ZIP","L_STATUS","L_TYPE","CDL_STAT","L_ENDORS","L_COMPL","L_RESTRI","DR_HGT","DR_WGT","PREV_ACC","PREV_SUS","PREV_DWI","PREV_SPD","PREV_OTH","FIRST_MO","FIRST_YR","LAST_MO","LAST_YR","SPEEDREL","DR_SF1","DR_SF2","DR_SF3","DR_SF4","VTRAFWAY","VNUM_LAN","VSPD_LIM","VALIGN","VPROFILE","VPAVETYP","VSURCOND","VTRAFCON","VTCONT_F","P_CRASH1","P_CRASH2","P_CRASH3","PCRASH4","PCRASH5","ACC_TYPE","TRLR1VIN","TRLR2VIN","TRLR3VIN","DEATHS","DR_DRINK"
17,170340,1,2,1,22,5,18,37,12,2,1,0,17,1,72,706,72706,80,2003,"1HD1FFW173Y6","1","H","D","1","F","F","W","1","7","3","Y","6",0,0,0,"000000000","00000000000",0,0,0,1,0,0,0,0,0,0,0,998,0,0,0,12,6,2,12,0,0,0,1,17,60451,6,1,6,0,3,0,70,180,0,0,0,0,0,0,0,0,0,4,0,0,0,0,6,2,45,2,1,1,1,0,0,14,12,99,1,2,50,"777777777777","777777777777","777777777777",1,0
17,170340,2,2,1,22,5,18,37,12,2,1,0,26,3,85,884,85884,66,2005,"1XKWDB9X55R1","1","X","K","W","D","B","9","X","5","5","R","1",1,1,57,"790261","57790261",3,6,97,1,0,0,0,0,0,0,0,998,0,0,0,12,8,2,12,0,0,0,1,48,78373,6,1,6,9,3,0,999,999,0,0,0,0,0,0,0,0,0,0,0,0,0,0,6,2,45,2,1,1,1,0,0,14,54,99,1,1,51,"5E0AU1749GG7","777777777777","777777777777",0,0
17,170341,1,2,2,1,6,20,16,12,6,1,0,17,1,37,402,37402,14,2002,"JHLRD78892C0","J","H","L","R","D","7","8","8","9","2","C","0",0,0,0,"000000000","00000000000",0,0,0,1,0,0,0,0,0,0,0,998,0,0,0,12,8,2,19,0,0,0,1,17,60714,6,1,0,0,3,3,67,190,0,0,0,0,1,6,2013,6,2013,0,39,38,0,0,2,2,35,1,1,2,1,3,3,11,15,99,1,1,68,"777777777777","777777777777","777777777777",1,0
17,170341,2,2,3,1,6,20,16,12,6,1,0,17,1,51,401,51401,14,2006,"YV4CZ8525612","Y","V","4","C","Z","8","5","2","5","6","1","2",0,0,0,"000000000","00000000000",0,0,0,1,0,0,0,0,0,0,0,998,0,0,0,1,8,2,12,0,0,0,1,17,60053,6,1,0,0,3,3,67,200,0,0,0,0,0,0,0,0,0,0,0,0,0,0,2,2,35,1,1,2,1,3,3,1,66,99,1,1,69,"777777777777","777777777777","777777777777",0,0
17,170342,1,1,1,6,6,22,28,8,0,1,0,17,1,45,31,45031,2,2007,"WP0AA29987S7","W","P","0","A","A","2","9","9","8","7","S","7",0,0,0,"000000000","00000000000",0,0,0,1,0,0,0,0,0,0,0,998,0,0,0,12,8,2,8,0,0,0,1,17,60526,6,1,0,0,3,0,74,180,0,0,0,0,0,0,0,0,0,0,0,0,0,0,2,3,55,1,1,2,1,0,0,1,80,16,1,1,13,"777777777777","777777777777","777777777777",0,0
17,170343,1,2,1,4,6,18,2,12,6,1,0,17,1,49,47,49047,6,2007,"2T1KR32E37C6","2","T","1","K","R","3","2","E","3","7","C","6",0,0,0,"000000000","00000000000",0,0,0,1,0,0,0,0,0,0,0,998,0,0,0,3,6,2,12,0,0,0,1,17,61761,6,1,0,0,3,0,77,200,0,0,0,0,0,0,0,0,0,0,38,0,0,0,1,2,55,1,1,2,1,20,9,1,17,99,1,1,87,"777777777777","777777777777","777777777777",1,0
17,170343,2,2,1,4,6,18,2,12,6,1,0,17,1,20,25,20025,4,2012,"1G1PG5SC1C71","1","G","1","P","G","5","S","C","1","C","7","1",0,0,0,"000000000","00000000000",0,0,0,1,0,0,0,0,0,0,0,998,0,0,0,12,6,2,12,0,0,0,1,17,61561,6,1,0,0,3,0,64,120,0,0,0,0,0,0,0,0,0,0,0,0,0,0,1,2,55,1,1,2,1,0,0,1,66,99,1,1,86,"777777777777","777777777777","777777777777",0,0
17,170344,1,1,1,8,1,17,0,8,0,1,0,17,2,24,7,24007,4,2006,"1G8AJ58F16Z1","1","G","8","A","J","5","8","F","1","6","Z","1",0,0,0,"000000000","00000000000",0,0,0,1,0,0,0,0,0,0,0,998,0,0,0,11,8,5,8,0,0,0,1,17,60805,6,1,0,0,3,0,72,220,0,0,0,0,0,0,0,0,0,0,38,0,0,0,1,4,40,1,1,2,2,2,3,1,80,99,1,1,13,"777777777777","777777777777","777777777777",0,0
17,170345,1,1,3,9,1,3,0,21,0,1,1,99,9,22,22,22022,2,2009,"1G2ZH17N6942","1","G","2","Z","H","1","7","N","6","9","4","2",0,0,0,"000000000","00000000000",0,0,0,1,0,0,0,0,0,0,0,998,0,0,0,99,6,2,21,0,0,0,1,99,99999,9,9,99,9,9,9,999,999,99,99,99,99,99,99,9999,99,9999,3,0,0,0,0,2,4,30,1,1,2,2,0,0,1,6,99,4,4,7,"777777777777","777777777777","777777777777",1,0
17,170346,1,4,2,18,1,19,25,12,1,1,0,17,2,34,34,34034,2,2011,"WBAKE5C58BE7","W","B","A","K","E","5","C","5","8","B","E","7",0,0,0,"000000000","00000000000",0,0,0,1,0,0,0,0,0,0,0,998,0,0,0,12,8,2,12,0,0,0,1,17,60634,6,1,0,0,3,3,70,127,0,0,0,1,0,9,2014,9,2014,3,26,0,0,0,1,2,30,1,1,2,1,0,0,1,52,99,1,1,28,"777777777777","777777777777","777777777777",1,1
17,170346,2,4,1,18,1,19,25,12,1,1,0,17,1,2,404,2404,14,2005,"1J4GR48K85C6","1","J","4","G","R","4","8","K","8","5","C","6",0,0,0,"000000000","00000000000",0,0,0,1,0,0,0,0,0,0,0,998,0,0,0,6,8,2,12,0,0,0,1,17,60656,6,1,0,0,3,0,74,300,0,0,0,1,0,10,2015,10,2015,0,0,0,0,0,1,2,30,1,1,2,1,0,0,2,53,99,1,1,29,"777777777777","777777777777","777777777777",0,0
17,170346,3,4,1,18,1,19,25,12,1,1,0,17,2,37,32,37032,4,2004,"1HGCM56304A1","1","H","G","C","M","5","6","3","0","4","A","1",0,0,0,"000000000","00000000000",0,0,0,1,0,0,0,0,0,0,0,998,0,0,0,7,8,2,12,0,0,0,1,17,60639,6,1,0,0,3,0,67,155,0,0,0,0,0,0,0,0,0,0,0,0,0,0,1,2,30,1,1,2,1,0,0,1,62,99,1,1,98,"777777777777","777777777777","777777777777",0,0
17,170346,4,4,1,18,1,19,25,12,1,1,0,17,1,59,401,59401,14,9999,"2T2HK31U48C0","2","T","2","H","K","3","1","U","4","8","C","0",0,0,0,"000000000","00000000000",0,0,0,1,0,0,0,0,0,0,0,998,0,0,0,6,8,2,12,0,0,0,1,17,60634,6,1,0,0,3,0,61,150,0,0,0,0,0,0,0,0,0,0,0,0,0,0,1,2,30,1,1,2,1,0,0,11,53,99,1,1,98,"777777777777","777777777777","777777777777",0,0
17,170347,1,1,1,22,1,17,20,8,0,1,0,17,1,41,51,41051,4,2014,"3MZBM1W73EM1","3","M","Z","B","M","1","W","7","3","E","M","1",0,0,0,"000000000","00000000000",0,0,0,1,0,0,0,0,0,0,0,998,0,0,0,1,8,5,8,0,0,0,1,17,60641,6,1,0,0,3,3,63,150,0,0,0,0,0,0,0,0,0,0,86,0,0,0,1,2,30,1,1,2,1,0,0,1,80,99,9,1,13,"777777777777","777777777777","777777777777",0,0
17,170348,1,3,1,20,1,6,40,12,1,1,0,17,1,49,32,49032,4,2011,"2T1BU4EE0BC6","2","T","1","B","U","4","E","E","0","B","C","6",0,0,0,"000000000","00000000000",0,0,0,1,0,0,0,0,0,0,0,998,0,0,0,12,8,2,12,0,0,0,1,17,60630,6,1,0,0,3,0,63,150,0,0,0,1,0,4,2015,4,2015,4,0,0,0,0,2,7,40,1,1,2,2,1,3,1,50,99,9,1,20,"777777777777","777777777777","777777777777",0,0
17,170348,2,3,1,20,1,6,40,12,1,1,0,17,1,37,403,37403,14,2005,"5J6YH18695L0","5","J","6","Y","H","1","8","6","9","5","L","0",0,0,0,"000000000","00000000000",0,0,0,1,0,0,0,0,0,0,0,0,0,0,0,6,8,5,12,0,0,0,1,17,60706,6,1,0,0,3,3,71,340,0,0,0,0,0,0,0,0,0,0,54,0,0,0,2,7,40,1,1,2,2,1,3,5,53,1,1,1,23,"777777777777","777777777777","777777777777",1,0
17,170348,3,3,1,20,1,6,40,12,1,1,0,17,1,48,38,48038,4,2010,"JF1GE6A64AH5","J","F","1","G","E","6","A","6","4","A","H","5",0,0,0,"000000000","00000000000",0,0,0,1,0,0,0,0,0,0,0,0,0,0,0,6,8,5,12,0,0,0,1,17,60656,6,1,0,0,3,3,64,120,0,0,0,0,0,0,0,0,0,0,54,0,0,0,2,7,40,1,1,2,2,1,3,5,53,1,1,1,98,"777777777777","777777777777","777777777777",0,0
17,170349,1,1,2,16,2,6,19,8,0,1,1,17,1,55,402,55402,14,2005,"KM8JN72D25U1","K","M","8","J","N","7","2","D","2","5","U","1",0,0,0,"000000000","00000000000",0,0,0,1,0,0,0,0,0,0,0,998,0,0,0,11,8,3,8,0,0,0,1,17,60714,6,1,0,0,3,3,62,175,0,0,0,0,0,0,0,0,0,0,86,0,0,0,1,4,40,1,1,2,1,0,0,1,80,99,9,3,13,"777777777777","777777777777","777777777777",0,0
17,170350,1,3,2,19,2,9,2,12,7,1,0,55,2,20,421,20421,15,2001,"1GNDT13W1121","1","G","N","D","T","1","3","W","1","1","2","1",0,0,0,"000000000","00000000000",0,0,0,1,0,0,0,0,0,0,0,998,0,0,0,1,6,2,12,0,0,0,1,55,53140,1,1,0,0,2,0,999,999,0,1,0,0,2,10,2015,12,2015,0,99,99,99,99,2,4,45,1,1,1,1,0,0,1,10,99,9,2,44,"777777777777","777777777777","777777777777",2,0
17,170350,2,3,1,19,2,9,2,12,7,1,0,55,3,2,404,2404,14,2011,"1J4RR6GT3BC6","1","J","4","R","R","6","G","T","3","B","C","6",0,0,0,"000000000","00000000000",0,0,0,1,0,0,0,0,0,0,0,998,0,0,0,7,8,5,12,0,0,0,1,17,60030,6,1,0,0,3,3,73,280,0,0,0,0,0,0,0,0,0,0,0,0,0,0,2,4,45,1,1,1,1,0,0,1,60,99,9,1,45,"777777777777","777777777777","777777777777",0,0
17,170350,3,3,1,19,2,9,2,12,7,1,0,17,1,20,481,20481,31,2010,"1GCSKSE36AZ1","1","G","C","S","K","S","E","3","6","A","Z","1",0,0,0,"000000000","00000000000",0,0,0,1,0,0,0,0,0,0,0,43,0,0,0,12,6,2,12,0,0,0,1,17,60002,6,1,6,0,3,3,70,185,1,0,0,0,0,6,2012,6,2012,0,0,0,0,0,2,4,45,1,1,1,1,0,0,1,62,99,9,9,98,"777777777777","777777777777","777777777777",0,0
17,170351,1,2,2,21,2,0,6,12,6,1,1,17,9,12,3,12003,2,2005,"1ZVFT80N9551","1","Z","V","F","T","8","0","N","9","5","5","1",0,0,0,"000000000","00000000000",0,0,0,1,0,0,0,0,0,0,0,998,0,0,0,12,8,2,12,0,0,0,1,99,99999,9,9,99,9,9,9,999,999,99,99,99,99,99,99,9999,99,9999,2,8,36,0,0,1,2,98,1,2,2,1,0,0,1,62,16,9,1,69,"777777777777","777777777777","777777777777",0,0
17,170351,2,2,3,21,2,0,6,12,6,1,0,17,2,37,31,37031,3,1993,"2HGEH2359PH5","2","H","G","E","H","2","3","5","9","P","H","5",0,0,0,"000000000","00000000000",0,0,0,1,0,0,0,0,0,0,0,998,0,0,0,3,8,2,12,0,0,1,1,17,60609,0,0,0,0,0,0,999,999,99,99,99,99,99,99,9999,99,9999,0,0,0,0,0,1,2,98,1,2,2,1,0,0,11,15,99,1,1,68,"777777777777","777777777777","777777777777",1,0
17,170352,1,1,1,21,2,5,20,8,0,1,1,99,9,12,999,12999,99,9999,"999999999999","9","9","9","9","9","9","9","9","9","9","9","9",0,0,0,"000000000","00000000000",0,0,0,1,0,0,0,0,0,0,0,998,0,0,0,12,9,5,8,0,0,0,1,99,99999,9,9,99,9,9,9,999,999,99,99,99,99,99,99,9999,99,9999,5,86,36,38,0,1,3,25,1,1,2,1,2,3,1,80,99,9,1,13,"777777777777","777777777777","777777777777",0,0
17,170353,1,2,1,11,3,19,54,12,6,1,1,17,1,49,40,49040,4,2014,"4T4BF1FK1ER4","4","T","4","B","F","1","F","K","1","E","R","4",0,0,0,"000000000","00000000000",0,0,0,1,0,0,0,0,0,0,0,998,0,0,0,9,8,2,12,0,0,0,1,17,60016,6,1,0,0,3,0,70,130,0,0,0,1,0,11,2015,11,2015,0,38,0,0,0,1,4,35,1,1,2,1,0,0,11,15,99,1,1,68,"777777777777","777777777777","777777777777",0,0
17,170353,2,2,1,11,3,19,54,12,6,1,0,17,1,37,31,37031,4,2014,"19XFB2F59EE0","1","9","X","F","B","2","F","5","9","E","E","0",0,0,0,"000000000","00000000000",0,0,0,1,0,0,0,0,0,0,0,998,0,0,0,12,8,2,12,0,0,0,1,17,60016,6,1,0,0,3,1,64,125,0,0,0,0,0,0,0,0,0,0,0,0,0,0,1,4,35,1,1,2,1,0,0,1,72,99,1,1,69,"777777777777","777777777777","777777777777",1,0
17,170354,1,1,1,23,2,14,30,8,0,1,0,17,1,12,23,12023,4,2006,"3FAFP06Z36R1","3","F","A","F","P","0","6","Z","3","6","R","1",0,0,0,"000000000","00000000000",0,0,0,1,0,0,0,0,0,0,0,998,0,0,0,12,8,8,8,0,0,0,1,17,60647,6,1,0,0,3,0,68,190,0,0,0,0,0,0,0,0,0,0,38,86,0,0,1,2,30,1,1,2,1,2,3,10,80,1,1,1,13,"777777777777","777777777777","777777777777",0,0
17,170355,1,1,1,18,3,7,14,33,0,1,0,17,2,20,37,20037,4,2009,"1G1ZK57B3942","1","G","1","Z","K","5","7","B","3","9","4","2",0,0,0,"000000000","00000000000",0,0,0,1,0,0,0,0,0,0,0,998,0,0,0,1,6,2,24,0,0,0,1,17,60827,6,1,0,0,3,0,70,270,0,0,0,0,1,7,2011,7,2011,3,36,89,0,0,1,2,25,1,1,2,1,0,0,1,6,99,2,4,2,"777777777777","777777777777","777777777777",1,1
17,170356,1,3,2,14,3,15,15,12,1,1,0,17,1,49,43,49043,4,2014,"4T1BK1EB7EU1","4","T","1","B","K","1","E","B","7","E","U","1",0,0,0,"000000000","00000000000",0,0,0,1,0,0,0,0,0,0,0,998,0,0,0,12,8,2,12,0,0,0,1,17,60045,6,1,0,0,3,3,70,180,0,0,0,0,0,0,0,0,0,4,39,26,0,0,3,4,45,2,1,2,1,1,3,15,50,99,9,2,20,"777777777777","777777777777","777777777777",1,0
17,170356,2,3,1,14,3,15,15,12,1,1,0,17,1,7,482,7482,31,2010,"1D7RV1CT2AS2","1","D","7","R","V","1","C","T","2","A","S","2",0,0,0,"000000000","00000000000",0,0,0,1,0,0,0,0,0,0,0,0,0,0,0,6,8,2,12,0,0,0,1,17,60020,6,1,0,0,3,0,67,170,0,0,0,0,0,0,0,0,0,0,54,0,0,0,3,4,45,2,1,2,1,1,3,5,61,1,1,1,22,"777777777777","777777777777","777777777777",0,0
17,170356,3,3,1,14,3,15,15,12,1,1,0,17,2,59,403,59403,14,2004,"2T2HA31U84C0","2","T","2","H","A","3","1","U","8","4","C","0",0,0,0,"000000000","00000000000",0,0,0,1,0,0,0,0,0,0,0,0,0,0,0,6,8,5,12,0,0,0,1,17,60061,6,1,0,0,3,3,67,160,0,0,0,0,0,0,0,0,0,0,54,0,0,0,3,4,45,2,1,2,1,1,3,5,53,1,1,1,98,"777777777777","777777777777","777777777777",0,0
17,170357,1,1,1,14,4,10,1,10,0,1,0,17,1,87,884,87884,66,1989,"1XP5DB9X2KN2","1","X","P","5","D","B","9","X","2","K","N","2",1,1,88,"888888888","88888888888",3,6,4,1,0,0,0,0,0,0,0,998,0,0,0,3,6,2,10,0,0,0,1,17,61443,6,1,6,1,3,3,75,270,0,0,0,0,0,0,0,0,0,0,38,0,0,0,1,2,98,1,3,8,1,0,0,10,90,1,1,1,15,"1R1D03021HE8","777777777777","777777777777",1,0
17,170358,1,1,3,4,4,21,0,34,0,1,0,17,2,37,441,37441,20,2004,"5FNRL18074B0","5","F","N","R","L","1","8","0","7","4","B","0",0,0,0,"000000000","00000000000",0,0,0,1,0,0,0,0,0,0,0,998,0,1,5,99,6,2,1,0,0,0,1,17,62837,6,1,0,0,3,0,67,257,0,0,0,0,0,0,0,0,0,3,28,0,0,0,1,2,55,1,1,2,1,0,0,1,11,99,2,4,1,"777777777777","777777777777","777777777777",1,0
17,170359,1,2,1,21,4,3,39,12,1,1,0,17,1,24,5,24005,4,2002,"1G8JU54FX2Y5","1","G","8","J","U","5","4","F","X","2","Y","5",0,0,0,"000000000","00000000000",0,0,0,1,0,0,0,0,0,0,0,0,0,0,0,6,8,2,12,0,0,0,1,17,60416,6,1,0,0,3,0,70,170,0,0,0,0,0,0,0,0,0,0,54,0,0,0,3,3,65,1,2,2,2,0,0,5,53,1,1,1,21,"777777777777","777777777777","777777777777",1,0
17,170359,2,2,1,21,4,3,39,12,1,1,0,17,1,12,401,12401,14,1989,"1FMEU15N7KLA","1","F","M","E","U","1","5","N","7","K","L","A",0,0,0,"000000000","00000000000",0,0,0,1,0,0,0,0,0,0,0,998,0,0,0,12,8,2,12,0,0,0,1,17,60436,6,1,0,0,3,0,75,300,0,0,0,0,0,0,0,0,0,0,0,0,0,0,3,3,65,1,2,2,2,0,0,1,50,99,9,1,20,"777777777777","777777777777","777777777777",0,0
17,170360,1,1,1,6,4,15,51,8,0,1,0,17,1,58,421,58421,15,2005,"5N3AA08C55N8","5","N","3","A","A","0","8","C","5","5","N","8",0,0,0,"000000000","00000000000",0,0,0,1,0,0,0,0,0,0,0,998,0,0,0,12,8,5,8,0,0,0,1,17,60659,0,0,0,0,0,0,999,999,99,99,99,99,99,99,9999,99,9999,0,86,38,0,0,1,2,30,1,1,2,2,20,8,11,80,99,9,1,13,"777777777777","777777777777","777777777777",0,0
17,170361,1,1,2,5,5,23,20,1,0,1,0,17,1,53,706,53706,80,2015,"JS1GT78A3F21","J","S","1","G","T","7","8","A","3","F","2","1",0,0,0,"000000000","00000000000",0,0,0,1,0,0,0,0,0,0,0,998,0,0,0,0,6,2,1,0,0,0,1,17,61834,1,1,0,0,2,3,70,150,1,1,0,0,1,8,2011,11,2015,4,89,0,0,0,1,2,55,1,1,2,1,0,0,1,13,99,9,4,98,"777777777777","777777777777","777777777777",1,1
17,170362,1,2,1,29,5,10,57,12,6,1,0,17,1,12,401,12401,14,1999,"1FMZU34X8XZA","1","F","M","Z","U","3","4","X","8","X","Z","A",0,0,0,"000000000","00000000000",0,0,0,1,0,0,0,0,0,0,0,998,0,0,0,12,6,2,12,0,0,0,1,17,61350,6,1,0,0,3,0,58,150,0,0,0,1,0,8,2013,8,2013,0,39,0,0,0,1,2,55,1,1,2,1,20,3,1,17,16,9,1,86,"777777777777","777777777777","777777777777",0,0
17,170362,2,2,2,29,5,10,57,12,6,1,0,17,1,18,20,18020,4,1998,"2G4WB52K9W15","2","G","4","W","B","5","2","K","9","W","1","5",0,0,0,"000000000","00000000000",0,0,0,1,0,0,0,0,0,0,0,998,0,0,0,3,6,2,12,0,0,0,1,17,61341,6,1,0,0,3,3,71,150,0,0,0,0,0,0,0,0,0,0,0,0,0,0,1,2,55,1,1,2,1,0,0,1,68,99,9,1,87,"777777777777","777777777777","777777777777",2,0
17,170363,1,1,2,21,5,18,0,5,0,1,0,17,2,53,705,53705,80,2007,"JS1GN7DA7721","J","S","1","G","N","7","D","A","7","7","2","1",0,0,0,"000000000","00000000000",0,0,0,1,0,0,0,0,0,0,0,998,0,0,0,0,8,2,5,0,0,0,1,17,60629,6,1,0,0,2,2,66,125,0,0,0,0,0,0,0,0,0,0,74,0,0,0,2,2,30,1,1,2,1,0,0,1,67,16,9,1,0,"777777777777","777777777777","777777777777",1,0
17,170364,1,2,1,24,5,22,30,12,6,1,0,99,9,99,709,99709,80,9999,"LE85GALC3510","L","E","8","5","G","A","L","C","3","5","1","0",0,0,0,"000000000","00000000000",0,0,0,1,0,0,0,0,0,0,0,998,0,0,0,12,8,2,12,0,0,0,1,17,60638,6,1,0,0,9,9,69,150,0,0,0,1,0,10,2011,10,2011,4,39,36,0,0,1,2,30,1,1,2,1,20,3,1,17,99,9,3,88,"777777777777","777777777777","777777777777",1,0
17,170364,2,2,1,24,5,22,30,12,6,1,0,17,1,20,421,20421,15,1998,"1GNCS13W8W22","1","G","N","C","S","1","3","W","8","W","2","2",0,0,0,"000000000","00000000000",0,0,0,1,0,0,0,0,0,0,0,998,0,0,0,9,8,5,12,0,0,0,1,17,60629,6,2,0,0,3,0,70,155,0,0,0,0,0,0,0,0,0,0,0,0,0,0,1,2,30,1,1,2,1,0,0,4,68,99,9,1,89,"777777777777","777777777777","777777777777",0,0
17,170365,1,1,1,10,5,22,14,15,0,1,1,17,2,12,401,12401,14,2000,"1FMYU70X2YUA","1","F","M","Y","U","7","0","X","2","Y","U","A",0,0,0,"000000000","00000000000",0,0,0,1,0,0,0,0,0,0,0,999,0,0,0,99,8,5,15,0,0,0,1,17,60922,6,2,0,0,3,0,67,173,0,0,0,0,0,0,0,0,0,9,86,0,0,0,1,4,30,1,1,2,1,0,0,99,85,99,9,9,99,"777777777777","777777777777","777777777777",0,0
17,170366,1,2,1,5,3,8,25,12,1,1,0,14,1,49,32,49032,4,1998,"1NXBR12E2WZ0","1","N","X","B","R","1","2","E","2","W","Z","0",0,0,0,"000000000","00000000000",0,0,0,1,0,0,0,0,0,0,0,998,0,0,0,12,8,2,12,0,0,0,1,17,60634,6,1,0,0,3,0,67,160,0,0,0,0,0,0,0,0,0,0,6,0,0,0,2,3,35,1,1,2,2,0,0,1,51,99,1,1,24,"777777777777","777777777777","777777777777",0,0
17,170366,2,2,1,5,3,8,25,12,1,1,0,17,3,37,441,37441,20,2006,"5FNRL38716B4","5","F","N","R","L","3","8","7","1","6","B","4",0,0,0,"000000000","00000000000",0,0,0,1,0,0,0,0,0,0,0,998,0,0,0,6,8,2,12,0,0,0,1,17,60649,6,1,0,0,3,0,77,260,0,0,0,0,0,0,0,0,0,0,0,0,0,0,2,3,35,1,1,2,2,0,0,1,53,99,1,1,25,"777777777777","777777777777","777777777777",1,0
17,170367,1,1,1,21,5,15,57,42,0,1,0,17,1,72,706,72706,80,2003,"1HD1BSY123Y0","1","H","D","1","B","S","Y","1","2","3","Y","0",0,0,0,"000000000","00000000000",0,0,0,1,0,0,0,0,0,0,0,998,0,0,0,98,6,2,42,0,0,0,1,17,60107,6,1,0,0,3,0,72,190,0,0,0,0,0,0,0,0,0,3,0,0,0,0,1,2,50,3,1,2,1,0,0,1,6,99,9,4,2,"777777777777","777777777777","777777777777",1,1
17,170368,1,1,1,13,4,21,30,9,0,1,0,17,3,12,881,12881,61,2008,"1FDAF56R68EC","1","F","D","A","F","5","6","R","6","8","E","C",0,0,77,"777777777","77777777777",2,1,98,1,0,0,0,0,0,0,0,998,0,0,0,12,4,5,9,0,0,0,1,17,61036,6,1,6,0,3,3,71,190,0,0,0,0,1,7,2014,7,2014,0,99,99,99,99,1,2,30,1,1,2,1,2,3,10,85,99,1,1,13,"777777777777","777777777777","777777777777",0,0
17,170369,1,3,1,27,1,12,28,12,7,1,0,16,3,84,884,84884,66,2016,"1HSDGAPM5GH2","1","H","S","D","G","A","P","M","5","G","H","2",1,1,57,"16130","5716130",3,6,1,1,0,0,0,0,0,0,0,998,0,0,0,1,8,2,12,0,0,0,1,17,60402,6,1,6,9,3,1,69,170,0,0,0,0,0,0,0,0,0,0,27,0,0,0,1,4,35,1,1,2,1,0,0,15,11,99,9,3,46,"888888888888","777777777777","777777777777",0,0
17,170369,2,3,2,27,1,12,28,12,7,1,0,17,1,49,32,49032,4,2009,"JTDBL40E89J0","J","T","D","B","L","4","0","E","8","9","J","0",0,0,0,"000000000","00000000000",0,0,0,1,0,0,0,0,0,0,0,998,0,0,0,9,8,2,12,0,0,0,1,17,60652,6,1,6,0,3,0,70,225,0,0,0,0,0,0,0,0,0,0,0,0,0,0,1,4,35,1,1,2,1,0,0,1,60,99,9,3,45,"777777777777","777777777777","777777777777",1,0
17,170369,3,3,1,27,1,12,28,12,7,1,0,17,1,12,35,12035,4,1999,"1FAFP66L1XK1","1","F","A","F","P","6","6","L","1","X","K","1",0,0,0,"000000000","00000000000",0,0,0,1,0,0,0,0,0,0,0,998,0,0,0,12,8,2,12,0,0,0,1,17,60459,6,1,0,0,3,0,69,170,0,0,0,0,0,0,0,0,0,0,0,0,0,0,1,4,35,1,1,2,1,0,0,1,62,99,9,3,98,"777777777777","777777777777","777777777777",0,0
17,170370,1,3,1,11,3,11,15,12,6,1,0,17,1,2,405,2405,14,2009,"1J8GN28K49W5","1","J","8","G","N","2","8","K","4","9","W","5",0,0,0,"000000000","00000000000",0,0,0,1,0,0,0,0,0,0,0,998,0,0,0,9,6,2,12,0,0,0,1,17,60084,6,1,6,0,3,3,66,130,0,0,0,1,0,2,2016,2,2016,0,39,0,0,0,1,2,45,1,1,2,1,3,3,1,17,99,1,3,89,"777777777777","777777777777","777777777777",1,0
17,170370,2,3,1,11,3,11,15,12,6,1,0,17,3,87,884,87884,78,2005,"1NPFX4EX05D8","1","N","P","F","X","4","E","X","0","5","D","8",1,1,57,"0420818","570420818",3,19,98,1,0,0,0,0,0,0,0,998,0,0,0,12,8,2,12,0,0,0,1,17,60002,6,1,6,9,3,0,75,175,0,0,0,1,0,2,2012,2,2012,0,0,0,0,0,1,2,45,1,1,2,1,3,3,1,55,99,1,3,88,"888888888888","777777777777","777777777777",0,0
17,170370,3,3,1,11,3,11,15,12,6,1,0,17,1,18,22,18022,4,2013,"1G4GH5E39DF1","1","G","4","G","H","5","E","3","9","D","F","1",0,0,0,"000000000","00000000000",0,0,0,1,0,0,0,0,0,0,0,998,0,0,0,11,8,2,12,0,0,0,1,17,60013,6,1,0,0,3,0,69,150,0,0,0,0,0,0,0,0,0,0,0,0,0,0,1,2,45,1,1,2,1,3,3,2,66,99,1,1,98,"777777777777","777777777777","777777777777",0,0
17,170371,1,1,1,20,4,7,55,14,0,1,0,17,1,76,706,76706,80,1982,"JYA10L009CA0","J","Y","A","1","0","L","0","0","9","C","A","0",0,0,0,"000000000","00000000000",0,0,0,1,0,0,0,0,0,0,0,998,0,0,0,12,6,2,14,0,0,0,1,17,60148,6,1,6,0,3,0,69,145,0,0,0,0,0,0,0,0,0,3,0,0,0,0,1,2,35,1,1,2,1,0,0,1,6,7,9,4,11,"777777777777","777777777777","777777777777",1,0
17,170372,1,1,1,30,4,23,15,8,0,1,1,99,9,99,999,99999,99,9999,"999999999999","9","9","9","9","9","9","9","9","9","9","9","9",0,0,0,"000000000","00000000000",0,0,0,1,0,0,0,0,0,0,0,999,0,0,0,99,9,9,8,0,0,0,1,99,99999,9,9,99,9,9,9,999,999,99,99,99,99,99,99,9999,99,9999,9,99,99,99,99,1,2,30,1,1,2,2,0,0,1,82,99,9,9,13,"777777777777","777777777777","777777777777",0,0