"STATE","ST_CASE","VEH_NO","VE_FORMS","NUMOCCS","DAY","MONTH","HOUR","MINUTE","HARM_EV","MAN_COLL","UNITTYPE","HIT_RUN","REG_STAT","OWNER","MAKE","MODEL","MAK_MOD","BODY_TYP","MOD_YEAR","VIN","VIN_1","VIN_2","VIN_3","VIN_4","VIN_5","VIN_6","VIN_7","VIN_8","VIN_9","VIN_10","VIN_11","VIN_12","TOW_VEH","J_KNIFE","MCARR_I1","MCARR_I2","MCARR_ID","GVWR","V_CONFIG","CARGO_BT","HAZ_INV","HAZ_PLAC","HAZ_ID","HAZ_CNO","HAZ_REL","BUS_USE","SPEC_USE","EMER_USE","TRAV_SP","UNDERIDE","ROLLOVER","ROLINLOC","IMPACT1","DEFORMED","TOWED","M_HARM","VEH_SC1","VEH_SC2","FIRE_EXP","DR_PRES","L_STATE","DR_ZIP","L_STATUS","L_TYPE","CDL_STAT","L_ENDORS","L_COMPL","L_RESTRI","DR_HGT","DR_WGT","PREV_ACC","PREV_SUS","PREV_DWI","PREV_SPD","PREV_OTH","FIRST_MO","FIRST_YR","LAST_MO","LAST_YR","SPEEDREL","DR_SF1","DR_SF2","DR_SF3","DR_SF4","VTRAFWAY","VNUM_LAN","VSPD_LIM","VALIGN","VPROFILE","VPAVETYP","VSURCOND","VTRAFCON","VTCONT_F","P_CRASH1","P_CRASH2","P_CRASH3","PCRASH4","PCRASH5","ACC_TYPE","TRLR1VIN","TRLR2VIN","TRLR3VIN","DEATHS","DR_DRINK"
17,170511,1,1,2,20,7,6,35,8,0,1,0,17,1,2,404,2404,14,2016,"1C4PJLCB1GW3","1","C","4","P","J","L","C","B","1","G","W","3",0,0,0,"000000000","00000000000",0,0,0,1,0,0,0,0,0,0,0,998,0,0,0,12,6,2,8,0,0,0,1,17,60649,6,1,0,0,3,0,65,130,0,0,0,0,0,0,0,0,0,0,38,0,0,0,1,2,30,1,1,2,1,99,9,1,80,99,1,3,13,"777777777777","777777777777","777777777777",0,0
17,170512,1,1,1,16,7,13,56,33,0,1,0,17,1,19,18,19018,4,2015,"1G6AX5SX7F01","1","G","6","A","X","5","S","X","7","F","0","1",0,0,0,"000000000","00000000000",0,0,0,1,0,0,0,0,0,0,0,46,0,0,0,12,6,2,42,0,0,0,1,17,60502,6,1,0,0,3,3,72,186,0,0,0,0,0,0,0,0,0,0,99,99,99,99,1,4,30,1,1,2,1,0,0,11,12,99,1,4,6,"777777777777","777777777777","777777777777",1,0
17,170513,1,2,1,22,7,13,43,12,6,1,0,17,2,20,498,20498,39,1975,"CCY145S12594","C","C","Y","1","4","5","S","1","2","5","9","4",0,0,0,"000000000","00000000000",0,0,0,1,0,0,0,0,0,0,0,998,3,0,0,1,6,2,12,0,0,0,1,17,62859,6,2,0,0,3,0,63,123,0,0,0,0,0,0,0,0,0,3,27,52,0,0,1,2,25,1,3,2,1,0,0,6,10,9,4,2,64,"777777777777","777777777777","777777777777",1,0
17,170513,2,2,1,22,7,13,43,12,6,1,0,0,0,98,998,98998,92,2014,"ZERE06404","Z","E","R","E","0","6","4","0","4","","","",1,1,0,"000000000","00000000000",0,0,0,1,0,0,0,0,0,0,0,998,0,0,0,12,8,2,12,0,0,0,1,17,62828,6,1,0,0,1,0,70,160,0,0,0,0,0,0,0,0,0,0,0,0,0,0,1,2,25,1,3,2,1,0,0,1,62,99,9,3,65,"888888888888","777777777777","777777777777",0,0
17,170514,1,1,1,23,7,18,14,8,0,1,0,17,1,24,5,24005,4,2000,"1G8JT52F2YY6","1","G","8","J","T","5","2","F","2","Y","Y","6",0,0,0,"000000000","00000000000",0,0,0,1,0,0,0,0,0,0,0,998,0,0,0,12,8,5,8,0,0,0,1,17,60453,6,1,0,0,3,3,72,170,0,0,0,0,0,0,0,0,0,0,38,0,0,0,1,7,35,1,1,2,1,0,0,1,80,1,1,1,13,"777777777777","777777777777","777777777777",0,0
17,170515,1,1,1,23,7,18,51,23,0,1,0,29,1,53,706,53706,80,2006,"JS1GW71A1621","J","S","1","G","W","7","1","A","1","6","2","1",0,0,0,"000000000","00000000000",0,0,0,1,0,0,0,0,0,0,0,998,0,0,0,1,8,2,23,0,0,0,1,29,63033,6,1,0,0,3,3,71,195,1,0,0,0,1,12,2013,1,2014,9,99,99,99,99,6,1,50,3,2,1,1,29,3,14,99,99,9,4,5,"777777777777","777777777777","777777777777",1,1
17,170516,1,2,1,7,7,7,12,12,6,1,0,17,1,21,21,21021,2,2001,"1G3NL12E91C1","1","G","3","N","L","1","2","E","9","1","C","1",0,0,0,"000000000","00000000000",0,0,0,1,0,0,0,0,0,0,0,24,0,0,0,9,8,2,12,0,0,0,1,17,60623,6,1,0,0,3,0,65,135,0,0,0,0,0,0,0,0,0,0,39,0,0,0,1,4,30,1,1,2,1,2,3,1,17,99,1,1,89,"777777777777","777777777777","777777777777",1,0
17,170516,2,2,1,7,7,7,12,12,6,1,0,17,2,12,481,12481,31,2006,"1FTSX21P36EA","1","F","T","S","X","2","1","P","3","6","E","A",0,0,0,"000000000","00000000000",0,0,0,1,0,0,0,0,0,0,0,36,0,0,0,12,8,2,12,0,0,0,1,29,63501,6,1,6,9,3,0,73,225,0,0,0,0,0,0,0,0,0,0,0,0,0,0,1,4,30,1,1,2,1,2,3,1,66,99,1,1,88,"777777777777","777777777777","777777777777",0,0
17,170517,1,1,1,11,7,1,43,42,0,1,0,17,3,7,463,7463,21,2015,"3C6TRVDG2FE5","3","C","6","T","R","V","D","G","2","F","E","5",0,0,0,"000000000","00000000000",0,0,0,1,0,0,0,0,0,0,0,998,0,0,0,12,6,2,2,0,0,1,1,18,46320,6,1,0,0,3,3,71,170,99,99,99,99,99,99,9999,99,9999,9,99,99,99,99,1,4,30,3,1,2,1,0,0,1,99,99,9,4,5,"777777777777","777777777777","777777777777",1,0
17,170518,1,2,2,21,7,16,12,12,1,1,0,40,1,72,706,72706,80,2011,"1HD1KEM16BB6","1","H","D","1","K","E","M","1","6","B","B","6",0,0,0,"000000000","00000000000",0,0,0,1,0,0,0,0,0,0,0,998,0,0,0,12,2,3,12,0,0,0,1,40,74017,6,1,6,0,3,3,70,230,0,0,0,0,0,0,0,0,0,4,26,0,0,0,3,2,70,1,1,2,1,28,3,1,52,16,2,1,28,"777777777777","777777777777","777777777777",1,0
17,170518,2,2,2,21,7,16,12,12,1,1,0,42,1,72,706,72706,80,2015,"1HD1TAN12FB9","1","H","D","1","T","A","N","1","2","F","B","9",1,1,0,"000000000","00000000000",0,0,0,1,0,0,0,0,0,0,0,998,0,0,0,6,2,5,12,0,0,0,1,42,15425,6,1,0,0,3,0,72,999,0,0,0,0,0,0,0,0,0,0,0,0,0,0,3,2,70,1,1,2,1,28,3,2,53,16,9,1,29,"1R91E0818GC7","777777777777","777777777777",0,0
17,170519,1,1,2,24,7,13,20,42,0,1,0,55,1,48,401,48401,14,2014,"JF2SJAHC5EH5","J","F","2","S","J","A","H","C","5","E","H","5",0,0,0,"000000000","00000000000",0,0,0,1,0,0,0,0,0,0,0,998,0,0,0,1,8,2,19,0,0,0,1,55,53406,6,1,0,0,3,3,71,200,0,0,0,0,0,0,0,0,0,9,99,99,99,99,1,2,55,3,1,2,1,28,3,14,13,99,9,4,1,"777777777777","777777777777","777777777777",1,0
17,170520,1,2,1,25,7,22,22,12,6,1,0,17,3,20,2,20002,4,2012,"2G1WD5E35C11","2","G","1","W","D","5","E","3","5","C","1","1",0,0,0,"000000000","00000000000",0,0,0,1,0,0,0,0,0,0,0,998,0,0,0,3,8,2,12,0,0,0,1,17,61251,6,1,0,0,3,0,72,190,0,0,0,0,0,0,0,0,0,0,38,0,0,0,1,2,55,1,1,2,1,28,3,11,15,99,1,1,68,"777777777777","777777777777","777777777777",0,0
17,170520,2,2,1,25,7,22,22,12,6,1,0,17,1,34,706,34706,80,2006,"WB10317A26ZR","W","B","1","0","3","1","7","A","2","6","Z","R",0,0,0,"000000000","00000000000",0,0,0,1,0,0,0,0,0,0,0,998,0,0,0,12,6,2,12,0,0,0,1,17,61270,6,1,6,0,3,0,70,200,0,0,0,1,0,1,2012,1,2012,0,0,0,0,0,1,2,55,1,1,2,1,28,3,1,55,99,1,1,69,"777777777777","777777777777","777777777777",1,0
17,170521,1,1,1,7,5,3,10,32,0,1,0,17,1,58,42,58042,2,2014,"JN1CV6EL8EM1","J","N","1","C","V","6","E","L","8","E","M","1",0,0,0,"000000000","00000000000",0,0,0,1,0,0,0,0,0,0,0,998,0,0,0,1,6,2,32,0,0,1,1,17,62903,6,1,0,0,3,0,71,160,0,0,0,0,0,0,0,0,0,4,0,0,0,0,1,2,55,3,2,2,1,28,3,14,13,99,1,4,1,"777777777777","777777777777","777777777777",1,0
17,170522,1,3,1,22,6,16,55,12,6,1,0,17,2,20,2,20002,4,2004,"2G1WF52E0493","2","G","1","W","F","5","2","E","0","4","9","3",0,0,0,"000000000","00000000000",0,0,0,1,0,0,0,0,0,0,0,998,0,0,0,5,8,2,12,0,0,0,1,17,62207,6,1,0,0,3,0,59,150,0,0,0,0,0,0,0,0,0,0,38,0,0,0,1,4,50,1,2,1,1,1,3,11,15,99,1,1,68,"777777777777","777777777777","777777777777",0,0
17,170522,2,3,1,22,6,16,55,12,6,1,0,17,2,34,706,34706,80,2005,"WB10317A45ZL","W","B","1","0","3","1","7","A","4","5","Z","L",0,0,0,"000000000","00000000000",0,0,0,1,0,0,0,0,0,0,0,998,0,0,0,12,6,2,12,0,0,0,1,8,80528,6,1,0,0,2,0,70,155,0,0,0,0,0,0,0,0,0,0,0,0,0,0,1,4,50,1,2,1,1,1,3,1,66,99,1,1,69,"777777777777","777777777777","777777777777",1,0
17,170522,3,3,2,22,6,16,55,12,6,1,0,17,1,30,40,30040,4,2012,"3VWDP7AJ5CM3","3","V","W","D","P","7","A","J","5","C","M","3",0,0,0,"000000000","00000000000",0,0,0,1,0,0,0,0,0,0,0,0,0,0,0,9,8,5,54,0,0,0,1,17,62226,6,1,0,0,3,0,67,172,0,0,0,0,0,0,0,0,0,0,0,0,0,0,1,4,50,1,2,1,1,1,3,5,62,99,1,1,98,"777777777777","777777777777","777777777777",0,0
17,170523,1,1,1,12,6,19,30,8,0,1,1,17,9,6,441,6441,20,2003,"2C8GP64LX3R3","2","C","8","G","P","6","4","L","X","3","R","3",0,0,0,"000000000","00000000000",0,0,0,1,0,0,0,0,0,0,0,998,0,0,0,11,8,2,8,0,0,0,1,99,99999,9,9,99,9,9,9,999,999,99,99,99,99,99,99,9999,99,9999,0,51,0,0,0,1,2,98,1,1,2,1,0,0,1,12,99,9,2,13,"777777777777","777777777777","777777777777",0,0
17,170524,1,2,3,21,6,16,28,12,6,1,0,17,5,20,404,20404,14,2005,"2CNDL73F8561","2","C","N","D","L","7","3","F","8","5","6","1",0,0,0,"000000000","00000000000",0,0,0,1,0,0,0,0,0,0,0,998,0,0,0,1,6,2,12,0,0,0,1,17,60637,0,0,0,0,2,0,999,999,99,99,99,99,99,99,9999,99,9999,3,38,36,0,0,1,2,98,1,1,2,1,20,3,1,17,99,9,7,90,"777777777777","777777777777","777777777777",1,0
17,170524,2,2,2,21,6,16,28,12,6,1,0,17,2,58,40,58040,6,2010,"JN1AJ0HP5AM7","J","N","1","A","J","0","H","P","5","A","M","7",0,0,0,"000000000","00000000000",0,0,0,1,0,0,0,0,0,0,0,998,0,0,0,11,8,2,12,0,0,0,1,17,60612,6,1,0,0,3,0,62,137,0,0,0,0,0,0,0,0,0,0,0,0,0,0,1,2,98,1,1,2,1,0,0,1,71,99,9,1,90,"777777777777","777777777777","777777777777",0,0
17,170525,1,1,2,25,6,19,0,8,0,1,0,17,2,49,402,49402,14,2005,"JTEHD20V8560","J","T","E","H","D","2","0","V","8","5","6","0",0,0,0,"000000000","00000000000",0,0,0,1,0,0,0,0,0,0,0,998,0,0,0,12,8,5,8,0,0,0,1,17,60660,6,1,0,0,3,0,63,124,0,0,0,0,0,0,0,0,0,0,0,0,0,0,3,8,45,1,1,2,1,0,0,1,80,99,1,1,13,"777777777777","777777777777","777777777777",0,0
17,170526,1,1,2,18,6,2,15,1,0,1,0,17,1,20,2,20002,4,2002,"2G1WH55K7293","2","G","1","W","H","5","5","K","7","2","9","3",0,0,0,"000000000","00000000000",0,0,0,1,0,0,0,0,0,0,0,70,0,1,5,0,6,2,1,0,0,0,1,17,62853,6,1,0,0,3,0,75,240,0,0,0,2,0,1,2012,3,2014,9,58,51,0,0,1,2,55,1,1,2,1,0,0,1,10,7,9,4,98,"777777777777","777777777777","777777777777",1,1
17,170527,1,2,2,8,6,15,35,12,6,1,0,17,1,7,43,7043,4,2006,"1B3EL46R56N1","1","B","3","E","L","4","6","R","5","6","N","1",0,0,0,"000000000","00000000000",0,0,0,1,0,0,0,0,0,0,0,998,0,0,0,9,6,2,12,0,0,0,1,17,61933,6,1,0,0,3,0,65,190,0,0,0,1,0,7,2012,7,2012,0,48,28,0,0,1,2,55,1,1,2,1,0,0,12,21,99,1,2,98,"777777777777","777777777777","777777777777",1,0
17,170527,2,2,1,8,6,15,35,12,6,1,0,17,2,35,47,35047,4,2008,"1N4AL21E68N5","1","N","4","A","L","2","1","E","6","8","N","5",0,0,0,"000000000","00000000000",0,0,0,1,0,0,0,0,0,0,0,998,0,0,0,12,6,2,12,0,0,0,1,17,62441,6,2,0,0,3,0,67,124,0,0,0,0,0,0,0,0,0,0,0,0,0,0,1,2,55,1,1,2,1,0,0,1,55,6,1,2,98,"777777777777","777777777777","777777777777",0,0
17,170528,1,2,1,22,6,2,44,12,2,1,0,17,1,32,42,32042,6,2006,"WAUDH74F76N1","W","A","U","D","H","7","4","F","7","6","N","1",0,0,0,"000000000","00000000000",0,0,0,1,0,0,0,0,0,0,0,998,0,0,0,12,8,2,12,0,0,1,1,17,60643,6,1,0,0,3,0,69,170,0,0,0,0,2,8,2011,2,2013,0,51,28,0,0,1,2,30,1,1,2,1,0,0,1,10,99,9,2,50,"777777777777","777777777777","777777777777",1,1
17,170528,2,2,2,22,6,2,44,12,2,1,0,18,2,20,482,20482,31,2005,"3GNEC12735G1","3","G","N","E","C","1","2","7","3","5","G","1",0,0,0,"000000000","00000000000",0,0,0,1,0,0,0,0,0,0,0,998,0,0,0,12,8,2,12,0,0,0,1,17,60411,6,1,0,0,3,0,70,250,0,0,0,0,0,0,0,0,0,0,0,0,0,0,1,2,30,1,1,2,1,0,0,1,62,99,9,3,51,"777777777777","777777777777","777777777777",0,0
17,170529,1,1,1,23,6,7,15,8,0,1,0,17,1,49,49,49049,6,2005,"JTLKT3241502","J","T","L","K","T","3","2","4","1","5","0","2",0,0,0,"000000000","00000000000",0,0,0,1,0,0,0,0,0,0,0,998,0,0,0,11,8,5,8,0,0,0,1,17,60446,6,1,0,0,3,3,64,154,0,0,0,0,0,0,0,0,0,0,39,38,0,0,1,2,98,1,1,2,1,20,3,11,80,99,1,1,13,"777777777777","777777777777","777777777777",0,0
17,170530,1,2,1,9,6,16,9,12,6,1,0,17,2,37,32,37032,4,1990,"1HGCB7661LA0","1","H","G","C","B","7","6","6","1","L","A","0",0,0,0,"000000000","00000000000",0,0,0,1,0,0,0,0,0,0,0,998,0,0,0,12,8,2,12,0,0,0,1,17,60640,6,1,0,0,3,3,67,150,0,0,0,0,0,0,0,0,0,4,39,0,0,0,1,2,25,1,1,2,1,20,3,3,17,10,1,1,86,"777777777777","777777777777","777777777777",1,0
17,170530,2,2,3,9,6,16,9,12,6,1,0,17,3,20,884,20884,78,2007,"J8BC4B167770","J","8","B","C","4","B","1","6","7","7","7","0",1,1,88,"888888888","88888888888",2,19,98,1,0,0,0,0,0,0,0,998,0,0,0,5,8,2,12,0,0,0,1,17,60630,6,1,0,0,3,0,64,150,1,0,0,1,1,8,2011,4,2015,0,0,0,0,0,1,2,25,1,1,2,1,20,3,1,71,1,1,1,87,"888888888888","777777777777","777777777777",0,0
17,170531,1,2,1,2,7,0,25,12,1,1,1,17,1,20,481,20481,31,2011,"1GCRKSE30BZ3","1","G","C","R","K","S","E","3","0","B","Z","3",0,0,0,"000000000","00000000000",0,0,0,1,0,0,0,0,0,0,0,998,0,0,0,12,8,2,12,0,0,0,1,17,62812,6,1,6,0,3,0,69,185,0,0,0,1,1,10,2015,11,2015,0,38,0,0,0,1,2,40,1,1,2,1,0,0,1,50,99,1,1,98,"777777777777","777777777777","777777777777",0,1
17,170531,2,2,1,2,7,0,25,12,1,1,0,17,1,13,1,13001,4,2000,"1LNHM82W11Y6","1","L","N","H","M","8","2","W","1","1","Y","6",0,0,0,"000000000","00000000000",0,0,0,1,0,0,0,0,0,0,0,0,0,0,0,6,6,2,12,0,0,1,1,17,62812,6,1,0,0,3,3,63,170,0,0,0,0,1,8,2012,8,2012,0,0,0,0,0,1,2,40,1,1,2,1,0,0,5,53,1,1,1,98,"777777777777","777777777777","777777777777",1,0
17,170532,1,2,6,3,7,18,50,12,6,1,0,17,2,55,401,55401,14,2002,"KM8SC73DX2U1","K","M","8","S","C","7","3","D","X","2","U","1",0,0,0,"000000000","00000000000",0,0,0,1,0,0,0,0,0,0,0,998,0,0,0,12,8,2,12,0,0,0,1,17,60406,6,2,0,0,3,2,67,140,0,0,0,0,0,0,0,0,0,0,48,52,38,73,0,0,0,0,0,0,0,0,0,11,15,99,1,7,76,"777777777777","777777777777","777777777777",0,0
17,170532,2,2,2,3,7,18,50,12,6,1,0,17,1,2,403,2403,14,2015,"1C4HJWDG7FL5","1","C","4","H","J","W","D","G","7","F","L","5",0,0,0,"000000000","00000000000",0,0,0,1,0,0,0,0,0,0,0,998,0,1,1,9,6,2,8,0,0,0,1,17,60655,6,1,0,0,3,0,67,175,0,0,0,0,0,0,0,0,0,0,0,0,0,0,1,4,35,1,1,2,1,0,0,1,70,99,9,1,77,"777777777777","777777777777","777777777777",0,0
17,170533,1,2,1,4,7,21,17,12,1,1,0,17,1,20,421,20421,15,2004,"1GNEK13Z24R1","1","G","N","E","K","1","3","Z","2","4","R","1",0,0,0,"000000000","00000000000",0,0,0,1,0,0,0,0,0,0,0,998,0,0,0,12,6,2,12,0,0,0,1,17,62810,6,1,0,0,3,0,67,210,0,0,0,0,0,0,0,0,0,0,52,0,0,0,1,2,55,1,3,2,2,0,0,1,51,1,1,1,24,"777777777777","777777777777","777777777777",0,0
17,170533,2,2,1,4,7,21,17,12,1,1,0,17,1,72,706,72706,80,2003,"1HD1CGP153K4","1","H","D","1","C","G","P","1","5","3","K","4",0,0,0,"000000000","00000000000",0,0,0,1,0,0,0,0,0,0,0,998,0,0,0,6,6,2,12,0,0,0,1,17,62814,6,1,6,0,3,0,70,150,0,0,0,0,0,0,0,0,0,0,0,0,0,0,1,2,55,1,3,2,2,0,0,1,53,99,1,1,25,"777777777777","777777777777","777777777777",1,0
17,170534,1,1,1,5,7,22,49,8,0,1,0,17,1,20,404,20404,14,2013,"2GNALDEK6D62","2","G","N","A","L","D","E","K","6","D","6","2",0,0,0,"000000000","00000000000",0,0,0,1,0,0,0,0,0,0,0,53,0,0,0,11,8,2,8,0,0,0,1,17,62563,6,1,0,0,3,0,71,185,0,0,0,0,0,0,0,0,0,4,86,0,0,0,2,2,40,1,1,2,1,0,0,1,80,1,1,1,13,"777777777777","777777777777","777777777777",0,0
17,170535,1,2,1,16,7,3,23,12,6,1,0,17,3,84,884,84884,64,2005,"1HTMKAAN25H6","1","H","T","M","K","A","A","N","2","5","H","6",0,0,77,"777777777","77777777777",3,1,96,1,0,0,0,0,0,0,0,998,0,0,0,12,8,2,12,0,0,0,1,17,60142,6,1,6,0,3,0,73,200,0,0,0,1,0,5,2014,5,2014,9,39,0,0,0,4,3,30,1,1,2,1,2,3,1,17,99,9,3,86,"777777777777","777777777777","777777777777",0,0
17,170535,2,2,2,16,7,3,23,12,6,1,0,17,2,2,404,2404,14,2004,"1J4GW58N44C3","1","J","4","G","W","5","8","N","4","4","C","3",0,0,0,"000000000","00000000000",0,0,0,1,0,0,0,0,0,0,0,998,0,0,0,3,8,2,12,0,0,0,1,17,60618,6,1,0,0,3,0,69,270,0,0,0,0,2,12,2013,12,2013,0,39,0,0,0,2,3,30,1,1,2,1,20,3,4,66,99,9,3,87,"777777777777","777777777777","777777777777",1,0
17,170536,1,2,1,21,7,18,30,12,6,1,0,17,1,7,472,7472,31,2000,"1B7GL22X5YS6","1","B","7","G","L","2","2","X","5","Y","S","6",0,0,0,"000000000","00000000000",0,0,0,1,0,0,0,0,0,0,0,998,0,0,0,9,8,2,12,0,0,0,1,17,61301,6,1,0,0,3,0,70,130,0,0,0,0,1,2,2016,2,2016,0,39,89,0,0,1,2,55,1,1,2,1,20,3,1,17,99,9,3,89,"777777777777","777777777777","777777777777",1,0
17,170536,2,2,1,21,7,18,30,12,6,1,0,17,2,34,34,34034,4,2001,"WBAAV33491EE","W","B","A","A","V","3","3","4","9","1","E","E",0,0,0,"000000000","00000000000",0,0,0,1,0,0,0,0,0,0,0,998,0,0,0,12,8,2,12,0,0,0,1,17,61342,6,2,0,0,3,0,63,100,0,0,0,0,0,0,0,0,0,0,0,0,0,0,1,2,55,1,1,2,1,0,0,1,68,99,9,3,88,"777777777777","777777777777","777777777777",0,0
17,170537,1,3,1,26,7,2,14,12,8,1,0,17,2,52,35,52035,4,2001,"JA3AY36C31U0","J","A","3","A","Y","3","6","C","3","1","U","0",0,0,0,"000000000","00000000000",0,0,0,1,0,0,0,0,0,0,0,998,0,0,0,61,6,2,12,0,0,0,1,17,62656,6,1,0,0,3,3,66,170,0,0,0,0,0,0,0,0,0,0,51,0,0,0,2,2,70,1,1,2,1,0,0,1,54,99,9,3,64,"777777777777","777777777777","777777777777",1,1
17,170537,2,3,2,26,7,2,14,12,8,1,0,26,3,82,881,82881,66,2015,"3AKGGLD54FSG","3","A","K","G","G","L","D","5","4","F","S","G",1,1,57,"567278","57567278",3,6,1,1,0,0,0,0,0,0,0,998,0,0,0,61,8,2,12,0,0,0,1,26,48896,6,1,6,0,3,0,71,205,0,0,0,0,0,0,0,0,0,0,0,0,0,0,2,2,70,1,1,2,1,0,0,1,54,99,9,3,65,"888888888888","777777777777","777777777777",0,0
17,170537,3,3,1,26,7,2,14,12,8,1,0,40,3,85,881,85881,66,2017,"1XKYD49X7HJ1","1","X","K","Y","D","4","9","X","7","H","J","1",1,1,57,"34666","5734666",3,6,3,1,0,0,0,0,0,0,0,998,0,0,0,12,6,2,12,0,0,0,1,48,76901,6,1,6,0,3,1,999,999,0,0,0,0,0,0,0,0,0,0,0,0,0,0,2,2,70,1,1,2,1,0,0,1,63,99,9,3,98,"888888888888","777777777777","777777777777",0,0
17,170538,1,1,2,17,7,23,40,40,0,1,1,17,5,7,442,7442,20,2002,"2B4GP54L32R5","2","B","4","G","P","5","4","L","3","2","R","5",0,0,0,"000000000","00000000000",0,0,0,1,0,0,0,0,0,0,0,999,0,0,0,99,6,2,14,0,0,0,1,17,99999,0,0,0,0,0,0,999,999,0,0,0,0,0,0,0,0,0,3,37,0,0,0,4,1,30,1,1,2,2,20,3,1,13,99,1,4,1,"777777777777","777777777777","777777777777",1,0
17,170539,1,1,1,19,7,3,3,30,0,1,0,17,2,20,482,20482,31,2002,"3GNEC13T82G1","3","G","N","E","C","1","3","T","8","2","G","1",0,0,0,"000000000","00000000000",0,0,0,1,0,0,0,0,0,0,0,998,0,0,0,1,6,2,30,0,0,0,1,17,62220,2,1,0,0,2,0,65,175,0,10,0,0,9,9,2011,6,2016,0,89,0,0,0,1,2,50,2,1,2,1,0,0,14,13,6,2,4,7,"777777777777","777777777777","777777777777",1,0
17,170540,1,1,2,24,7,2,46,30,0,1,0,17,1,63,34,63034,4,2016,"5XXGT4L32GG0","5","X","X","G","T","4","L","3","2","G","G","0",0,0,0,"000000000","00000000000",0,0,0,1,0,0,0,0,0,0,0,998,0,1,5,12,6,2,21,0,0,0,1,17,60628,6,1,0,0,3,3,67,190,0,0,0,1,0,8,2014,8,2014,3,36,0,0,0,3,3,55,3,1,2,2,0,0,1,6,99,2,4,2,"777777777777","777777777777","777777777777",2,1
17,170541,1,1,1,27,7,2,19,8,0,1,0,18,4,51,881,51881,66,2013,"4V4NC9EH4DN5","4","V","4","N","C","9","E","H","4","D","N","5",1,1,57,"561804","57561804",3,6,1,1,0,0,0,0,0,0,0,998,0,0,0,98,0,5,8,0,0,0,1,18,46123,6,1,6,0,3,9,77,285,99,99,99,99,99,99,9999,99,9999,0,86,0,0,0,1,2,45,1,1,2,1,0,0,1,80,7,1,1,13,"1UYVS2420AM9","777777777777","777777777777",0,0
17,170542,1,2,1,26,7,16,26,12,2,1,0,17,1,20,481,20481,31,2009,"2GCEK290X911","2","G","C","E","K","2","9","0","X","9","1","1",0,0,0,"000000000","00000000000",0,0,0,1,0,0,0,0,0,0,0,998,0,0,0,12,6,2,12,0,0,0,1,17,61103,6,1,0,0,3,0,76,180,0,0,0,1,1,4,2012,9,2015,0,28,27,0,0,1,2,55,1,1,2,1,0,0,1,10,16,1,2,50,"777777777777","777777777777","777777777777",0,0
17,170542,2,2,1,26,7,16,26,12,2,1,0,17,1,49,46,49046,5,2006,"JTDKB20U8675","J","T","D","K","B","2","0","U","8","6","7","5",0,0,0,"000000000","00000000000",0,0,0,1,0,0,0,0,0,0,0,998,0,0,0,12,6,2,12,0,0,0,1,17,61019,6,1,0,0,3,1,70,180,0,0,0,0,0,0,0,0,0,0,0,0,0,0,1,2,55,1,1,2,1,0,0,1,62,99,1,1,51,"777777777777","777777777777","777777777777",1,0
17,170543,1,2,1,25,7,18,55,12,7,1,0,17,1,35,49,35049,6,2009,"JN8AZ18W29W2","J","N","8","A","Z","1","8","W","2","9","W","2",0,0,0,"000000000","00000000000",0,0,0,1,0,0,0,0,0,0,0,998,0,1,1,4,6,2,12,0,0,0,1,17,60302,6,1,0,0,3,0,66,148,0,0,0,0,0,0,0,0,0,0,28,27,0,0,3,3,60,1,1,1,1,0,0,15,11,6,1,2,46,"777777777777","777777777777","777777777777",0,0
17,170543,2,2,8,25,7,18,55,12,7,1,0,19,2,7,422,7422,15,2007,"1D8HB48P97F5","1","D","8","H","B","4","8","P","9","7","F","5",0,0,0,"000000000","00000000000",0,0,0,1,0,0,0,0,0,0,0,998,0,1,1,9,6,2,12,0,0,0,1,19,50313,0,0,0,0,0,0,999,999,1,0,0,1,1,7,2014,12,2014,0,0,0,0,0,3,3,60,1,1,1,1,0,0,1,60,9,4,2,45,"777777777777","777777777777","777777777777",1,0
17,170544,1,1,7,18,7,17,15,14,0,1,0,17,1,49,442,49442,20,2013,"5TDYK3DC3DS3","5","T","D","Y","K","3","D","C","3","D","S","3",0,0,0,"000000000","00000000000",0,0,0,1,0,0,0,0,0,0,0,998,0,0,0,12,8,2,14,0,0,0,1,17,60467,6,1,0,0,3,0,65,150,0,0,0,0,0,0,0,0,0,4,0,0,0,0,3,5,55,1,1,2,1,0,0,1,13,99,9,4,1,"777777777777","777777777777","777777777777",1,0
17,170545,1,5,1,25,7,10,53,12,1,1,0,18,3,82,881,82881,66,2015,"3AKJGLD50FSG","3","A","K","J","G","L","D","5","0","F","S","G",1,1,57,"70840","5770840",3,6,1,1,0,0,0,0,0,0,0,998,0,0,0,12,6,2,2,0,0,1,1,18,46947,6,1,6,0,3,3,67,300,0,1,0,0,1,3,2013,2,2014,4,26,0,0,0,3,3,55,1,1,2,1,0,0,1,50,16,2,3,20,"1GRAA062866B","777777777777","777777777777",0,0
17,170545,2,5,1,25,7,10,53,12,1,1,0,17,1,12,481,12481,31,2004,"1FTPW14594KA","1","F","T","P","W","1","4","5","9","4","K","A",0,0,0,"000000000","00000000000",0,0,0,1,0,0,0,0,0,0,0,0,0,0,0,6,6,2,2,0,0,1,1,17,60638,6,1,0,0,3,0,72,215,0,0,0,1,0,4,2016,4,2016,0,54,0,0,0,3,3,55,1,1,2,1,0,0,5,53,99,9,3,21,"777777777777","777777777777","777777777777",0,0