"STATE","ST_CASE","VEH_NO","VE_FORMS","NUMOCCS","DAY","MONTH","HOUR","MINUTE","HARM_EV","MAN_COLL","UNITTYPE","HIT_RUN","REG_STAT","OWNER","MAKE","MODEL","MAK_MOD","BODY_TYP","MOD_YEAR","VIN","VIN_1","VIN_2","VIN_3","VIN_4","VIN_5","VIN_6","VIN_7","VIN_8","VIN_9","VIN_10","VIN_11","VIN_12","TOW_VEH","J_KNIFE","MCARR_I1","MCARR_I2","MCARR_ID","GVWR","V_CONFIG","CARGO_BT","HAZ_INV","HAZ_PLAC","HAZ_ID","HAZ_CNO","HAZ_REL","BUS_USE","SPEC_USE","EMER_USE","TRAV_SP","UNDERIDE","ROLLOVER","ROLINLOC","IMPACT1","DEFORMED","TOWED","M_HARM","VEH_SC1","VEH_SC2","FIRE_EXP","DR_PRES","L_STATE","DR_ZIP","L_STATUS","L_TYPE","CDL_STAT","L_ENDORS","L_COMPL","L_RESTRI","DR_HGT","DR_WGT","PREV_ACC","PREV_SUS","PREV_DWI","PREV_SPD","PREV_OTH","FIRST_MO","FIRST_YR","LAST_MO","LAST_YR","SPEEDREL","DR_SF1","DR_SF2","DR_SF3","DR_SF4","VTRAFWAY","VNUM_LAN","VSPD_LIM","VALIGN","VPROFILE","VPAVETYP","VSURCOND","VTRAFCON","VTCONT_F","P_CRASH1","P_CRASH2","P_CRASH3","PCRASH4","PCRASH5","ACC_TYPE","TRLR1VIN","TRLR2VIN","TRLR3VIN","DEATHS","DR_DRINK"
17,170674,1,2,1,2,8,17,42,12,6,1,0,17,1,20,36,20036,2,2004,"2G1WW12E2491","2","G","1","W","W","1","2","E","2","4","9","1",0,0,0,"000000000","00000000000",0,0,0,1,0,0,0,0,0,0,0,998,0,0,0,98,8,5,12,0,0,0,1,17,60628,6,1,0,0,3,0,76,265,0,0,0,0,1,10,2015,10,2015,9,89,0,0,0,1,3,30,1,1,2,1,2,3,11,15,99,9,3,68,"777777777777","777777777777","777777777777",0,0
17,170674,2,2,2,2,8,17,42,12,6,1,0,17,2,35,39,35039,4,2011,"1N4AA5AP2BC8","1","N","4","A","A","5","A","P","2","B","C","8",0,0,0,"000000000","00000000000",0,0,0,1,0,0,0,0,0,0,0,998,0,0,0,98,8,2,12,0,0,0,1,17,60628,6,1,0,0,3,3,69,275,0,0,0,0,0,0,0,0,0,0,99,99,99,99,1,3,30,1,1,2,1,2,3,1,62,99,9,3,69,"777777777777","777777777777","777777777777",1,0
17,170675,1,1,1,18,8,21,49,8,0,1,1,99,9,99,999,99999,99,9999,"999999999999","9","9","9","9","9","9","9","9","9","9","9","9",0,0,0,"000000000","00000000000",0,0,0,1,0,0,0,0,0,0,0,999,0,0,0,98,9,5,8,0,0,0,1,99,99999,9,9,99,9,9,9,999,999,99,99,99,99,99,99,9999,99,9999,5,99,99,99,99,1,4,30,1,1,2,1,0,0,1,80,99,9,3,13,"777777777777","777777777777","777777777777",0,0
17,170676,1,2,6,14,8,19,4,12,6,1,0,17,1,7,402,7402,14,1999,"1B4HS28Z0XF5","1","B","4","H","S","2","8","Z","0","X","F","5",0,0,0,"000000000","00000000000",0,0,0,1,0,0,0,0,0,0,0,999,0,0,0,3,8,2,12,0,0,0,1,17,60612,6,1,0,0,3,0,64,200,0,0,0,0,1,4,2012,4,2012,0,38,0,0,0,1,2,35,1,1,2,1,0,0,11,15,99,1,1,68,"777777777777","777777777777","777777777777",0,0
17,170676,2,2,1,14,8,19,4,12,6,1,0,18,2,76,709,76709,80,9999,"JYARJ12E17A0","J","Y","A","R","J","1","2","E","1","7","A","0",0,0,0,"000000000","00000000000",0,0,0,1,0,0,0,0,0,0,0,998,0,0,0,12,8,2,12,0,0,0,1,17,60649,0,0,0,0,0,0,999,999,0,0,0,0,0,0,0,0,0,4,0,0,0,0,1,2,35,1,1,2,1,0,0,1,55,99,1,1,69,"777777777777","777777777777","777777777777",1,0
17,170677,1,1,3,20,8,20,45,8,0,1,0,17,1,37,31,37031,4,2016,"19XFC2F74GE0","1","9","X","F","C","2","F","7","4","G","E","0",0,0,0,"000000000","00000000000",0,0,0,1,0,0,0,0,0,0,0,998,0,0,0,1,8,5,8,0,0,0,1,17,60629,6,1,0,0,3,0,60,120,0,0,0,0,0,0,0,0,0,4,6,52,0,0,1,4,30,1,2,2,1,0,0,1,80,99,9,3,13,"777777777777","777777777777","777777777777",0,0
17,170678,1,2,1,4,9,8,23,12,6,1,0,17,1,2,404,2404,14,1996,"1J4FJ67S7TL2","1","J","4","F","J","6","7","S","7","T","L","2",0,0,0,"000000000","00000000000",0,0,0,1,0,0,0,0,0,0,0,998,0,0,0,11,8,2,12,0,0,0,1,17,62436,6,1,0,0,3,3,64,220,0,0,0,0,0,0,0,0,0,0,38,0,0,0,1,2,55,1,1,2,1,0,0,11,15,99,9,1,68,"777777777777","777777777777","777777777777",0,0
17,170678,2,2,2,4,9,8,23,12,6,1,0,17,1,12,499,12499,49,1929,"000000000000","0","0","0","0","0","0","0","0","0","0","0","0",0,0,0,"000000000","00000000000",0,0,0,1,0,0,0,0,0,0,0,998,0,0,0,11,6,2,12,35,0,0,1,17,62424,6,1,6,0,3,0,72,220,0,0,0,0,0,0,0,0,0,0,0,0,0,0,1,2,55,1,1,2,1,0,0,1,62,7,9,1,69,"777777777777","777777777777","777777777777",2,0
17,170679,1,1,6,3,9,8,3,31,0,1,0,17,2,37,441,37441,20,2003,"5FNRL18973B0","5","F","N","R","L","1","8","9","7","3","B","0",0,0,0,"000000000","00000000000",0,0,0,1,0,0,0,0,0,0,0,998,0,9,5,98,8,2,1,0,0,0,1,17,60187,6,1,0,0,3,0,63,123,0,0,0,1,0,4,2016,4,2016,4,0,0,0,0,6,1,30,3,2,2,1,28,3,14,6,16,2,4,2,"777777777777","777777777777","777777777777",2,0
17,170680,1,2,5,4,9,15,57,12,6,1,0,17,1,49,53,49053,5,2012,"4T3BK3BB3CU0","4","T","3","B","K","3","B","B","3","C","U","0",0,0,0,"000000000","00000000000",0,0,0,1,0,0,0,0,0,0,0,998,0,0,0,9,6,2,12,0,0,0,1,29,63101,6,1,0,0,3,3,69,180,0,0,0,0,0,0,0,0,0,0,39,0,0,0,1,2,55,1,1,2,1,20,3,1,17,99,1,1,89,"777777777777","777777777777","777777777777",1,0
17,170680,2,2,1,4,9,15,57,12,6,1,0,17,3,12,481,12481,31,2004,"1FTRF12W54NA","1","F","T","R","F","1","2","W","5","4","N","A",0,0,0,"000000000","00000000000",0,0,0,1,0,0,0,0,0,0,0,998,0,0,0,12,6,2,12,0,0,0,1,17,61880,6,1,0,0,3,3,67,170,0,0,0,0,0,0,0,0,0,0,0,0,0,0,1,2,55,1,1,2,1,0,0,1,55,99,1,1,88,"777777777777","777777777777","777777777777",0,0
17,170681,1,1,2,5,9,11,26,1,0,1,0,8,1,72,706,72706,80,2005,"1HD1FVW115Y6","1","H","D","1","F","V","W","1","1","5","Y","6",1,1,0,"000000000","00000000000",0,0,0,1,0,0,0,0,0,0,0,998,0,0,0,0,6,2,1,0,0,0,1,17,80621,6,1,0,0,3,0,70,270,0,0,0,0,1,3,2013,3,2013,0,0,0,0,0,3,3,70,1,1,2,1,0,0,1,1,99,2,1,98,"888888888888","777777777777","777777777777",1,0
17,170682,1,1,2,5,9,20,16,11,0,1,0,17,1,7,472,7472,31,2002,"1B7HG38Z72S5","1","B","7","H","G","3","8","Z","7","2","S","5",0,0,0,"000000000","00000000000",0,0,0,1,0,0,0,0,0,0,0,998,0,0,0,11,8,2,11,0,0,0,1,17,61350,6,1,0,0,3,3,66,128,0,0,0,0,0,0,0,0,0,4,38,0,0,0,1,2,55,1,1,2,1,0,0,1,87,16,9,3,13,"777777777777","777777777777","777777777777",0,0
17,170683,1,1,1,10,9,19,41,34,0,1,0,17,2,23,471,23471,30,1995,"1GTDT19Z7S85","1","G","T","D","T","1","9","Z","7","S","8","5",0,0,0,"000000000","00000000000",0,0,0,1,0,0,0,0,0,0,0,998,0,1,5,12,6,2,1,0,0,0,1,17,62274,6,2,0,0,3,0,69,130,0,0,0,0,0,0,0,0,0,3,52,0,0,0,1,2,55,1,1,9,11,0,0,1,9,99,2,4,7,"777777777777","777777777777","777777777777",1,0
17,170684,1,2,1,7,9,5,46,12,2,1,0,17,1,49,32,49032,4,2013,"5YFBU4EE9DP1","5","Y","F","B","U","4","E","E","9","D","P","1",0,0,0,"000000000","00000000000",0,0,0,1,0,0,0,0,0,0,0,998,0,0,0,12,8,2,12,0,0,0,1,17,60448,6,1,0,0,3,3,66,145,0,0,0,0,1,8,2014,8,2014,0,28,51,0,0,2,2,45,1,1,2,1,0,0,1,54,99,9,3,50,"777777777777","777777777777","777777777777",1,0
17,170684,2,2,1,7,9,5,46,12,2,1,0,17,1,20,481,20481,31,2009,"3GCEK23389G1","3","G","C","E","K","2","3","3","8","9","G","1",0,0,0,"000000000","00000000000",0,0,0,1,0,0,0,0,0,0,0,998,0,0,0,12,8,2,12,0,0,0,1,17,60964,6,1,0,0,3,0,76,230,0,0,0,0,0,0,0,0,0,0,0,0,0,0,2,2,45,1,1,2,1,0,0,1,54,1,1,1,51,"777777777777","777777777777","777777777777",0,0
17,170685,1,1,1,2,9,18,21,38,0,1,0,17,1,12,481,12481,31,1999,"1FTZF1726XKB","1","F","T","Z","F","1","7","2","6","X","K","B",0,0,0,"000000000","00000000000",0,0,0,1,0,0,0,0,0,0,0,998,0,0,0,12,6,2,42,0,0,0,1,17,62024,6,1,0,0,3,3,72,165,0,0,0,0,0,0,0,0,0,0,28,0,0,0,2,3,65,1,1,2,1,0,0,1,13,99,1,4,1,"777777777777","777777777777","777777777777",1,0
17,170686,1,2,1,8,9,15,7,12,6,1,0,17,1,20,23,20023,6,2006,"3GNDA23D76S6","3","G","N","D","A","2","3","D","7","6","S","6",0,0,0,"000000000","00000000000",0,0,0,1,0,0,0,0,0,0,0,998,0,0,0,1,6,2,12,0,0,0,1,17,61101,6,1,0,0,3,0,69,235,0,0,0,0,0,0,0,0,0,4,38,0,0,0,1,2,55,1,1,2,1,0,0,11,15,1,1,1,68,"777777777777","777777777777","777777777777",0,0
17,170686,2,2,1,8,9,15,7,12,6,1,0,17,1,77,706,77706,80,2013,"5VPGA36N5D30","5","V","P","G","A","3","6","N","5","D","3","0",0,0,0,"000000000","00000000000",0,0,0,1,0,0,0,0,0,0,0,998,0,0,0,12,6,2,12,0,0,0,1,17,61063,6,1,0,0,3,3,70,165,0,0,0,1,0,11,2014,11,2014,0,0,0,0,0,1,2,55,1,1,2,1,0,0,1,62,99,9,3,69,"777777777777","777777777777","777777777777",1,1
17,170687,1,1,1,9,9,21,50,15,0,1,1,17,2,52,34,52034,4,2004,"4A3AB36F54E0","4","A","3","A","B","3","6","F","5","4","E","0",0,0,0,"000000000","00000000000",0,0,0,1,0,0,0,0,0,0,0,998,0,0,0,12,8,5,15,0,0,0,1,17,61108,1,1,0,0,2,0,66,127,0,1,0,0,1,6,2014,1,2016,9,99,99,99,99,5,4,30,1,1,2,1,0,0,1,80,99,9,3,13,"777777777777","777777777777","777777777777",0,0
17,170688,1,1,2,10,9,23,31,1,0,1,0,17,1,20,37,20037,4,2015,"1G11F5SL3FF2","1","G","1","1","F","5","S","L","3","F","F","2",0,0,0,"000000000","00000000000",0,0,0,1,0,0,0,0,0,0,0,998,0,9,5,0,6,2,1,0,0,0,1,17,61080,6,1,0,0,3,0,65,125,0,0,0,0,0,0,0,0,0,9,28,0,0,0,1,2,50,1,1,2,1,0,0,1,9,99,2,4,10,"777777777777","777777777777","777777777777",1,1
17,170689,1,2,4,7,9,15,30,12,6,1,0,17,2,20,404,20404,14,2013,"1GNALDEK7DZ1","1","G","N","A","L","D","E","K","7","D","Z","1",0,0,0,"000000000","00000000000",0,0,0,1,0,0,0,0,0,0,0,998,0,0,0,1,6,2,12,0,0,0,1,17,62906,6,1,0,0,3,3,68,200,0,0,0,0,0,0,0,0,0,0,38,0,0,0,1,3,55,1,3,2,1,0,0,11,15,99,9,3,68,"777777777777","777777777777","777777777777",0,0
17,170689,2,2,1,7,9,15,30,12,6,1,0,17,1,18,22,18022,4,2013,"1G4GC5E35DF2","1","G","4","G","C","5","E","3","5","D","F","2",0,0,0,"000000000","00000000000",0,0,0,1,0,0,0,0,0,0,0,998,0,0,0,12,6,2,12,0,0,0,1,17,62920,6,1,0,0,3,3,66,145,0,0,0,0,0,0,0,0,0,0,0,0,0,0,1,3,55,1,3,2,1,0,0,1,62,99,9,3,69,"777777777777","777777777777","777777777777",1,1
17,170690,1,1,1,6,9,7,10,24,0,1,0,17,1,20,444,20444,20,2007,"1GNDV331X7D1","1","G","N","D","V","3","3","1","X","7","D","1",0,0,0,"000000000","00000000000",0,0,0,1,0,0,0,0,0,0,0,998,0,0,0,12,6,2,23,0,0,0,1,17,62418,6,1,0,0,3,0,69,170,0,0,0,0,0,0,0,0,0,3,28,0,0,0,1,2,55,1,2,2,1,0,0,1,10,99,1,4,6,"777777777777","777777777777","777777777777",1,0
17,170691,1,1,3,4,9,19,53,5,0,1,1,0,0,98,998,98998,97,9999,"A1508008488","A","1","5","0","8","0","0","8","4","8","8","",0,0,0,"000000000","00000000000",0,0,0,1,0,0,0,0,0,0,0,25,0,0,0,0,0,5,5,0,0,0,1,17,62014,1,1,0,0,1,0,74,160,0,2,0,0,2,5,2013,8,2016,0,18,21,0,0,1,2,55,1,1,2,1,0,0,1,98,1,1,1,0,"777777777777","777777777777","777777777777",1,1
17,170692,1,1,2,13,9,12,37,1,0,1,0,17,1,63,34,63034,4,2008,"KNAGE1234852","K","N","A","G","E","1","2","3","4","8","5","2",0,0,0,"000000000","00000000000",0,0,0,1,0,0,0,0,0,0,0,998,0,9,5,0,6,2,1,0,0,0,1,17,62010,6,1,0,0,3,3,62,154,0,0,0,0,0,0,0,0,0,0,58,0,0,0,1,2,55,1,1,2,1,0,0,1,13,6,2,4,7,"777777777777","777777777777","777777777777",1,0
17,170693,1,2,1,14,9,3,35,12,6,1,0,17,2,12,443,12443,20,2004,"2FMDA51634BA","2","F","M","D","A","5","1","6","3","4","B","A",0,0,0,"000000000","00000000000",0,0,0,1,0,0,0,0,0,0,0,998,0,0,0,12,6,2,12,0,0,0,1,17,60401,6,1,0,0,3,0,67,135,0,0,0,1,1,11,2013,11,2013,4,28,0,0,0,1,2,55,1,1,2,1,0,0,1,10,99,9,2,64,"777777777777","777777777777","777777777777",0,0
17,170693,2,2,1,14,9,3,35,12,6,1,0,17,1,49,47,49047,6,2003,"2T1KR32E73C1","2","T","1","K","R","3","2","E","7","3","C","1",0,0,0,"000000000","00000000000",0,0,0,1,0,0,0,0,0,0,0,998,0,0,0,11,6,2,12,0,0,0,1,17,60950,6,1,0,0,3,3,69,180,0,0,0,0,0,0,0,0,0,0,0,0,0,0,1,2,55,1,1,2,1,0,0,1,62,7,9,3,65,"777777777777","777777777777","777777777777",1,0
17,170694,1,1,2,4,7,13,54,33,0,1,0,17,1,76,706,76706,80,2002,"JYAVP11E92A0","J","Y","A","V","P","1","1","E","9","2","A","0",0,0,0,"000000000","00000000000",0,0,0,1,0,0,0,0,0,0,0,998,0,0,0,12,6,2,33,0,0,0,1,17,60097,6,1,0,0,3,3,69,185,0,0,0,0,0,0,0,0,0,0,28,0,0,0,1,2,35,1,1,2,1,1,3,11,13,99,1,4,1,"777777777777","777777777777","777777777777",1,1
17,170695,1,2,2,9,9,16,25,12,6,1,0,17,1,20,16,20016,2,2000,"1G1JC1248Y74","1","G","1","J","C","1","2","4","8","Y","7","4",0,0,0,"000000000","00000000000",0,0,0,1,0,0,0,0,0,0,0,998,0,0,0,9,8,2,12,0,0,0,1,6,99999,3,1,0,0,2,0,71,185,0,0,0,0,0,0,0,0,0,0,38,39,0,0,1,2,98,1,1,2,2,20,3,1,17,99,9,1,89,"777777777777","777777777777","777777777777",1,0
17,170695,2,2,2,9,9,16,25,12,6,1,0,17,1,2,405,2405,14,2005,"1J4GK58K55W5","1","J","4","G","K","5","8","K","5","5","W","5",0,0,0,"000000000","00000000000",0,0,0,1,0,0,0,0,0,0,0,998,0,0,0,12,8,2,12,0,0,0,1,17,60959,1,1,0,0,2,0,67,180,0,2,0,2,0,9,2011,12,2012,0,0,0,0,0,1,2,55,1,1,2,2,0,0,1,66,99,9,1,88,"777777777777","777777777777","777777777777",0,0
17,170696,1,1,1,13,9,14,24,21,0,1,0,17,2,41,402,41402,14,2002,"4F2YU09132KM","4","F","2","Y","U","0","9","1","3","2","K","M",0,0,0,"000000000","00000000000",0,0,0,1,0,0,0,0,0,0,0,998,0,1,5,99,6,2,21,0,0,0,1,17,60461,6,1,0,0,3,0,75,190,0,0,0,0,0,0,0,0,0,3,28,0,0,0,2,2,55,1,1,2,1,0,0,1,13,99,1,4,1,"777777777777","777777777777","777777777777",1,0
17,170697,1,1,1,12,9,7,49,14,0,1,0,17,1,53,706,53706,80,2001,"JS1VS54A5121","J","S","1","V","S","5","4","A","5","1","2","1",0,0,0,"000000000","00000000000",0,0,0,1,0,0,0,0,0,0,0,998,0,0,0,3,8,2,14,0,0,0,1,17,61265,6,1,0,0,2,0,66,155,0,0,0,0,0,0,0,0,0,0,0,0,0,0,1,2,40,1,1,2,1,0,0,1,11,99,9,4,11,"777777777777","777777777777","777777777777",1,0
17,170698,1,2,1,16,9,6,57,12,6,1,0,17,1,76,706,76706,80,2005,"JYAVP18E75A0","J","Y","A","V","P","1","8","E","7","5","A","0",1,1,0,"000000000","00000000000",0,0,0,1,0,0,0,0,0,0,0,998,0,0,0,12,8,2,12,0,0,0,1,17,62868,6,1,0,0,3,0,67,185,0,0,0,0,0,0,0,0,0,4,35,0,0,0,1,2,55,2,1,2,1,0,0,6,61,99,9,2,73,"888888888888","777777777777","777777777777",1,0
17,170698,2,2,1,16,9,6,57,12,6,1,0,17,1,48,401,48401,14,2009,"JF2SH63689H7","J","F","2","S","H","6","3","6","8","9","H","7",0,0,0,"000000000","00000000000",0,0,0,1,0,0,0,0,0,0,0,0,0,0,0,7,8,2,12,0,0,0,1,17,62863,6,1,0,0,3,0,75,260,0,0,0,0,0,0,0,0,0,0,54,0,0,0,1,2,55,2,1,2,1,0,0,11,15,1,1,1,72,"777777777777","777777777777","777777777777",0,0
17,170699,1,2,1,17,9,18,36,12,6,1,0,17,1,98,734,98734,90,2003,"RF3KAB9C83T0","R","F","3","K","A","B","9","C","8","3","T","0",0,0,0,"000000000","00000000000",0,0,0,1,0,0,0,0,0,0,0,998,0,0,0,12,6,2,12,0,0,0,1,17,60506,6,1,0,0,3,3,59,147,0,0,0,0,0,0,0,0,0,0,39,0,0,0,1,2,25,1,1,2,1,20,2,1,17,99,1,1,88,"777777777777","777777777777","777777777777",1,0
17,170699,2,2,1,17,9,18,36,12,6,1,0,17,2,12,401,12401,14,2001,"1FMZU73E91UB","1","F","M","Z","U","7","3","E","9","1","U","B",0,0,0,"000000000","00000000000",0,0,0,1,0,0,0,0,0,0,0,998,0,0,0,9,8,5,12,0,0,0,1,17,60506,6,1,6,0,3,1,67,180,0,0,0,1,0,11,2012,11,2012,0,0,0,0,0,1,2,25,1,1,2,1,0,0,1,55,99,1,1,89,"777777777777","777777777777","777777777777",0,0
17,170700,1,1,1,10,9,16,25,34,0,1,0,17,1,72,706,72706,80,2005,"1HD1FRW145Y6","1","H","D","1","F","R","W","1","4","5","Y","6",0,0,0,"000000000","00000000000",0,0,0,1,0,0,0,0,0,0,0,998,0,0,0,3,8,2,1,0,0,0,1,17,61821,6,1,0,0,3,0,72,250,0,2,0,0,2,5,2012,6,2016,4,28,0,0,0,1,2,55,1,1,2,1,0,0,1,13,99,1,4,1,"777777777777","777777777777","777777777777",1,1
17,170701,1,2,1,17,9,19,18,12,6,1,0,17,1,18,421,18421,15,2013,"5GAKRCKD4DJ2","5","G","A","K","R","C","K","D","4","D","J","2",0,0,0,"000000000","00000000000",0,0,0,1,0,0,0,0,0,0,0,998,0,0,0,3,8,2,12,0,0,0,1,17,62629,6,1,6,0,3,3,70,230,0,0,0,0,0,0,0,0,0,0,38,0,0,0,1,2,30,1,3,2,1,2,3,11,15,99,1,1,68,"777777777777","777777777777","777777777777",0,0
17,170701,2,2,2,17,9,19,18,12,6,1,0,17,1,37,705,37705,80,2005,"JH2PC370X5M2","J","H","2","P","C","3","7","0","X","5","M","2",0,0,0,"000000000","00000000000",0,0,0,1,0,0,0,0,0,0,0,998,0,0,0,12,8,2,12,0,0,0,1,17,62550,6,2,0,0,3,3,73,205,0,0,0,0,0,0,0,0,0,4,0,0,0,0,1,2,30,1,3,2,1,2,3,1,62,16,2,3,69,"777777777777","777777777777","777777777777",2,0
17,170702,1,2,1,18,9,0,41,12,6,1,0,17,2,12,401,12401,14,2002,"1FMZU75W92ZB","1","F","M","Z","U","7","5","W","9","2","Z","B",0,0,0,"000000000","00000000000",0,0,0,1,0,0,0,0,0,0,0,998,0,0,0,1,4,3,12,0,0,0,1,17,60431,6,1,0,0,3,3,70,150,0,0,0,0,0,0,0,0,0,0,38,48,0,0,2,5,45,1,1,2,1,0,0,11,15,99,1,1,68,"777777777777","777777777777","777777777777",0,1
17,170702,2,2,2,18,9,0,41,12,6,1,0,17,2,76,706,76706,80,2011,"JYAVN01E8BA0","J","Y","A","V","N","0","1","E","8","B","A","0",0,0,0,"000000000","00000000000",0,0,0,1,0,0,0,0,0,0,0,998,0,0,0,12,6,2,12,0,0,0,1,17,60586,6,1,0,0,2,0,71,205,0,0,0,0,1,5,2014,5,2014,0,89,0,0,0,2,2,45,1,1,2,1,0,0,1,62,99,9,1,69,"777777777777","777777777777","777777777777",1,0
17,170704,1,1,1,18,9,17,49,32,0,1,0,17,1,20,481,20481,31,2005,"1GCHK24U65E2","1","G","C","H","K","2","4","U","6","5","E","2",0,0,0,"000000000","00000000000",0,0,0,1,0,0,0,0,0,0,0,998,0,1,5,12,6,2,42,0,0,0,1,17,60927,6,2,0,0,3,0,73,195,0,0,0,0,0,0,0,0,0,0,28,35,0,0,1,2,55,1,1,2,1,0,0,6,12,99,9,4,6,"777777777777","777777777777","777777777777",1,0
17,170705,1,2,1,20,9,17,20,12,2,1,0,17,2,49,32,49032,4,1996,"1NXBB02E5TZ4","1","N","X","B","B","0","2","E","5","T","Z","4",0,0,0,"000000000","00000000000",0,0,0,1,0,0,0,0,0,0,0,998,0,0,0,12,8,2,12,0,0,0,1,17,62316,6,1,0,0,3,0,69,230,0,0,0,0,1,9,2013,9,2013,0,51,28,0,0,1,2,55,1,3,4,1,0,0,1,10,1,1,2,50,"777777777777","777777777777","777777777777",1,0
17,170705,2,2,1,20,9,17,20,12,2,1,0,17,1,20,2,20002,4,2004,"2G1WF52E6492","2","G","1","W","F","5","2","E","6","4","9","2",0,0,0,"000000000","00000000000",0,0,0,1,0,0,0,0,0,0,0,998,0,0,0,12,8,2,12,0,0,0,1,17,62316,6,1,0,0,3,0,65,185,0,0,0,0,0,0,0,0,0,0,0,0,0,0,1,2,55,1,3,4,1,0,0,1,62,1,1,3,51,"777777777777","777777777777","777777777777",0,0
17,170706,1,1,2,9,9,5,35,9,0,1,0,17,1,20,421,20421,15,2001,"1GNEK13T71J2","1","G","N","E","K","1","3","T","7","1","J","2",0,0,0,"000000000","00000000000",0,0,0,1,0,0,0,0,0,0,0,998,0,0,0,12,8,5,9,0,0,0,1,17,60160,6,1,0,0,3,0,70,190,0,0,0,0,0,0,0,0,0,0,38,35,0,0,5,2,45,1,1,2,1,0,0,6,83,99,1,1,13,"777777777777","777777777777","777777777777",0,0
17,170707,1,3,1,14,9,23,1,24,0,1,0,17,1,2,404,2404,14,2015,"1C4PJLCB3FW6","1","C","4","P","J","L","C","B","3","F","W","6",0,0,0,"000000000","00000000000",0,0,0,1,0,0,0,0,0,0,0,998,0,0,0,12,6,2,12,0,0,1,1,17,61761,6,1,0,0,3,0,70,160,0,0,0,1,1,3,2012,4,2014,0,0,0,0,0,2,2,70,1,1,2,1,0,0,1,12,99,1,4,6,"777777777777","777777777777","777777777777",1,1
17,170707,2,3,1,14,9,23,1,24,0,1,0,5,3,51,881,51881,66,2014,"4V4NC9TG0EN1","4","V","4","N","C","9","T","G","0","E","N","1",1,1,57,"054283","57054283",3,6,1,1,0,0,0,0,0,0,0,998,0,0,0,12,8,2,12,0,0,0,1,5,72201,6,1,6,0,3,3,69,180,0,0,0,0,1,3,2012,3,2012,0,0,0,0,0,2,2,70,1,1,2,1,0,0,1,60,9,1,2,98,"1JJV532D9DL7","777777777777","777777777777",0,0
17,170707,3,3,1,14,9,23,1,24,0,1,0,17,3,82,881,82881,66,2013,"3AKBGDDV0DSF","3","A","K","B","G","D","D","V","0","D","S","F",1,3,57,"221707","57221707",3,6,1,1,0,0,0,0,0,0,0,998,0,0,0,12,6,2,12,0,0,0,1,17,62702,6,1,6,0,3,1,72,238,0,0,0,0,0,0,0,0,0,0,0,0,0,0,2,2,70,1,1,2,1,0,0,1,60,99,1,1,98,"888888888888","777777777777","777777777777",0,0
17,170708,1,1,1,23,8,3,30,32,0,1,0,17,1,19,18,19018,4,2010,"1G6DG5EG7A01","1","G","6","D","G","5","E","G","7","A","0","1",0,0,0,"000000000","00000000000",0,0,0,1,0,0,0,0,0,0,0,998,0,1,5,12,6,2,32,0,0,0,1,17,60506,1,1,0,0,2,0,999,999,0,0,0,0,0,0,0,0,0,3,99,99,99,99,1,2,55,1,1,2,1,0,0,1,12,99,1,4,6,"777777777777","777777777777","777777777777",1,1
17,170709,1,1,1,1,10,17,39,35,0,1,0,17,1,20,481,20481,31,2000,"1GCEK14T0YE2","1","G","C","E","K","1","4","T","0","Y","E","2",0,0,0,"000000000","00000000000",0,0,0,1,0,0,0,0,0,0,0,998,0,1,5,1,6,2,1,0,0,0,1,17,61747,6,1,0,0,3,3,69,180,0,0,0,3,1,5,2012,8,2015,0,99,99,99,99,1,2,55,3,1,2,1,40,3,14,11,99,1,4,1,"777777777777","777777777777","777777777777",1,1
17,170710,1,1,1,22,9,19,0,1,0,1,0,18,1,72,706,72706,80,2015,"1HD1HPH17FC8","1","H","D","1","H","P","H","1","7","F","C","8",0,0,0,"000000000","00000000000",0,0,0,1,0,0,0,0,0,0,0,998,0,0,0,0,6,2,1,0,0,0,1,18,46324,6,1,6,0,3,0,72,200,0,0,0,0,1,3,2014,3,2014,3,28,0,0,0,3,6,55,1,1,1,1,0,0,1,98,16,1,2,98,"777777777777","777777777777","777777777777",1,0
17,170711,1,2,1,10,7,14,40,12,2,1,0,17,2,53,706,53706,80,2005,"JS1GT76A3521","J","S","1","G","T","7","6","A","3","5","2","1",0,0,0,"000000000","00000000000",0,0,0,1,0,0,0,0,0,0,0,998,0,0,0,12,6,2,12,0,0,0,1,17,60538,6,1,0,0,2,0,74,220,0,0,0,1,0,10,2013,10,2013,0,36,35,0,0,2,2,35,1,1,2,1,40,3,10,16,99,1,2,70,"777777777777","777777777777","777777777777",1,0
17,170711,2,2,4,10,7,14,40,12,2,1,0,17,1,35,39,35039,4,2007,"1N4BA41E67C8","1","N","4","B","A","4","1","E","6","7","C","8",0,0,0,"000000000","00000000000",0,0,0,1,0,0,0,0,0,0,0,31,0,0,0,12,8,2,12,0,0,0,1,17,60505,6,1,0,0,3,0,64,120,0,0,1,1,1,11,2013,11,2014,0,0,0,0,0,2,2,35,1,1,2,1,40,3,1,61,99,1,1,71,"777777777777","777777777777","777777777777",0,0
17,170712,1,1,1,23,9,6,20,25,0,1,0,17,1,7,25,7025,5,2007,"1B3HE78KX7D5","1","B","3","H","E","7","8","K","X","7","D","5",0,0,0,"000000000","00000000000",0,0,0,1,0,0,0,0,0,0,0,998,0,1,3,12,6,2,1,0,0,1,1,17,60466,6,1,0,0,3,0,67,204,0,0,0,1,1,8,2016,8,2016,3,27,28,0,0,3,3,70,1,1,1,1,0,0,15,51,8,1,4,8,"777777777777","777777777777","777777777777",1,0