"STATE","ST_CASE","VEH_NO","VE_FORMS","NUMOCCS","DAY","MONTH","HOUR","MINUTE","HARM_EV","MAN_COLL","UNITTYPE","HIT_RUN","REG_STAT","OWNER","MAKE","MODEL","MAK_MOD","BODY_TYP","MOD_YEAR","VIN","VIN_1","VIN_2","VIN_3","VIN_4","VIN_5","VIN_6","VIN_7","VIN_8","VIN_9","VIN_10","VIN_11","VIN_12","TOW_VEH","J_KNIFE","MCARR_I1","MCARR_I2","MCARR_ID","GVWR","V_CONFIG","CARGO_BT","HAZ_INV","HAZ_PLAC","HAZ_ID","HAZ_CNO","HAZ_REL","BUS_USE","SPEC_USE","EMER_USE","TRAV_SP","UNDERIDE","ROLLOVER","ROLINLOC","IMPACT1","DEFORMED","TOWED","M_HARM","VEH_SC1","VEH_SC2","FIRE_EXP","DR_PRES","L_STATE","DR_ZIP","L_STATUS","L_TYPE","CDL_STAT","L_ENDORS","L_COMPL","L_RESTRI","DR_HGT","DR_WGT","PREV_ACC","PREV_SUS","PREV_DWI","PREV_SPD","PREV_OTH","FIRST_MO","FIRST_YR","LAST_MO","LAST_YR","SPEEDREL","DR_SF1","DR_SF2","DR_SF3","DR_SF4","VTRAFWAY","VNUM_LAN","VSPD_LIM","VALIGN","VPROFILE","VPAVETYP","VSURCOND","VTRAFCON","VTCONT_F","P_CRASH1","P_CRASH2","P_CRASH3","PCRASH4","PCRASH5","ACC_TYPE","TRLR1VIN","TRLR2VIN","TRLR3VIN","DEATHS","DR_DRINK"
17,170713,1,1,2,5,9,4,12,1,0,1,0,48,1,12,16,12016,4,2006,"2FAFP71W06X1","2","F","A","F","P","7","1","W","0","6","X","1",0,0,0,"000000000","00000000000",0,0,0,1,0,0,0,0,0,0,0,998,0,1,1,0,6,2,1,0,0,0,1,48,77665,1,1,0,0,2,0,999,999,0,3,0,2,1,7,2012,8,2016,3,52,28,0,0,6,1,60,2,2,2,1,0,0,14,10,99,1,9,98,"777777777777","777777777777","777777777777",1,1
17,170714,1,1,1,27,9,1,41,24,0,1,0,21,1,86,881,86881,66,2002,"1M1AE07Y42W0","1","M","1","A","E","0","7","Y","4","2","W","0",1,1,57,"583668","57583668",3,6,1,1,0,0,0,0,0,0,0,998,0,1,5,99,6,2,1,0,0,0,1,21,42028,6,1,6,0,3,0,70,210,1,0,0,0,0,6,2015,6,2015,0,28,0,0,0,2,2,70,2,2,2,1,0,0,14,11,99,1,4,1,"1GRAA06217W7","777777777777","777777777777",1,0
17,170715,1,1,2,25,9,15,44,34,0,1,0,17,1,77,706,77706,80,2003,"5VPCB16D0330","5","V","P","C","B","1","6","D","0","3","3","0",0,0,0,"000000000","00000000000",0,0,0,1,0,0,0,0,0,0,0,998,0,0,0,12,6,2,1,0,0,0,1,17,62801,6,1,0,0,3,0,70,300,0,0,0,1,0,2,2013,2,2013,0,99,99,99,99,1,2,55,3,1,2,1,40,3,14,13,99,1,4,1,"777777777777","777777777777","777777777777",1,0
17,170718,1,1,1,6,10,9,40,10,0,1,0,12,2,12,471,12471,30,1992,"1FTCR14U6NPB","1","F","T","C","R","1","4","U","6","N","P","B",0,0,0,"000000000","00000000000",0,0,0,1,0,0,0,0,0,0,0,998,0,0,0,99,6,2,10,0,0,0,1,17,60450,6,1,0,0,3,0,70,190,0,0,0,1,0,1,2015,1,2015,0,39,38,40,0,1,2,55,1,2,2,2,65,3,1,17,99,1,1,98,"777777777777","777777777777","777777777777",1,0
17,170719,1,1,2,16,10,1,49,1,0,1,0,17,1,20,4,20004,1,1994,"1G1YY32P9R51","1","G","1","Y","Y","3","2","P","9","R","5","1",0,0,0,"000000000","00000000000",0,0,0,1,0,0,0,0,0,0,0,998,0,1,3,0,6,2,1,0,0,0,1,17,62939,6,1,0,0,3,3,67,210,0,0,0,0,1,7,2014,7,2014,3,28,0,0,0,2,4,70,1,1,2,1,0,0,1,6,99,9,4,7,"777777777777","777777777777","777777777777",2,1
17,170720,1,4,1,7,7,15,46,12,1,1,0,17,1,20,481,20481,31,2008,"1GCHK23K28F2","1","G","C","H","K","2","3","K","2","8","F","2",0,0,0,"000000000","00000000000",0,0,0,1,0,0,0,0,0,0,0,48,0,0,0,12,8,2,12,0,0,0,1,17,60554,6,1,3,0,3,0,73,210,0,0,0,1,1,2,2014,9,2015,0,0,0,0,0,1,2,55,1,1,2,1,0,0,1,50,7,1,1,20,"777777777777","777777777777","777777777777",0,0
17,170720,2,4,1,7,7,15,46,12,1,1,0,17,1,49,403,49403,14,2012,"5TDDK3EH9CS0","5","T","D","D","K","3","E","H","9","C","S","0",0,0,0,"000000000","00000000000",0,0,0,1,0,0,0,0,0,0,0,0,0,0,0,6,6,2,12,0,0,0,1,17,60175,6,1,0,0,3,0,65,120,0,0,0,0,0,0,0,0,0,0,0,0,0,0,1,2,55,1,1,2,1,0,0,5,53,99,1,1,21,"777777777777","777777777777","777777777777",1,0
17,170720,3,4,1,7,7,15,46,12,1,1,0,17,4,82,881,82881,66,2011,"1FUJGEDVXBSB","1","F","U","J","G","E","D","V","X","B","S","B",1,1,57,"0165420","570165420",3,6,98,1,0,0,0,0,0,0,0,998,0,0,0,12,8,2,12,0,0,0,1,17,60436,6,1,6,0,3,3,64,185,0,0,0,0,0,0,0,0,0,0,0,0,0,0,1,2,55,1,1,2,1,0,0,1,62,99,1,1,98,"888888888888","777777777777","777777777777",0,0
17,170720,4,4,1,7,7,15,46,12,1,1,0,17,1,52,47,52047,6,2015,"4A4AP3AU8FE0","4","A","4","A","P","3","A","U","8","F","E","0",0,0,0,"000000000","00000000000",0,0,0,1,0,0,0,0,0,0,0,0,0,0,0,7,8,2,12,0,0,0,1,17,60124,6,1,0,0,3,3,65,130,0,0,0,0,0,0,0,0,0,0,0,0,0,0,1,2,55,1,1,2,1,0,0,5,53,99,1,1,98,"777777777777","777777777777","777777777777",0,0
17,170721,1,2,2,5,7,23,43,12,6,1,0,17,1,20,404,20404,14,2007,"2CNDL13F3760","2","C","N","D","L","1","3","F","3","7","6","0",0,0,0,"000000000","00000000000",0,0,0,1,0,0,0,0,0,0,0,998,0,0,0,12,8,2,12,0,0,0,1,17,60609,1,1,0,0,2,0,63,240,0,1,0,2,2,3,2014,6,2016,3,36,39,0,0,1,2,30,1,1,2,1,20,3,1,17,99,1,1,88,"777777777777","777777777777","777777777777",0,1
17,170721,2,2,1,5,7,23,43,12,6,1,0,17,2,55,35,55035,5,2004,"KMHDN56D54U1","K","M","H","D","N","5","6","D","5","4","U","1",0,0,0,"000000000","00000000000",0,0,0,1,0,0,0,0,0,0,0,998,0,0,0,9,8,2,12,0,0,0,1,17,60609,6,1,0,0,3,3,71,200,0,0,0,1,2,4,2013,9,2014,0,0,0,0,0,1,2,30,1,1,2,1,20,3,1,55,99,1,1,89,"777777777777","777777777777","777777777777",1,0
17,170722,1,1,1,18,6,20,29,8,0,1,0,18,1,59,34,59034,4,2006,"JTHCH96S5400","J","T","H","C","H","9","6","S","5","4","0","0",0,0,0,"000000000","00000000000",0,0,0,1,0,0,0,0,0,0,0,998,0,0,0,12,8,2,8,0,0,0,1,18,46410,6,1,0,0,3,0,74,225,0,0,0,2,0,10,2012,7,2013,0,0,0,0,0,1,4,30,1,1,2,1,0,0,1,80,99,9,3,13,"777777777777","777777777777","777777777777",0,0
17,170723,1,2,1,17,7,18,14,1,0,1,0,17,1,72,706,72706,80,2007,"1HD1GM4137K3","1","H","D","1","G","M","4","1","3","7","K","3",0,0,0,"000000000","00000000000",0,0,0,1,0,0,0,0,0,0,0,998,0,0,0,0,6,2,24,0,0,0,1,17,62262,6,1,6,0,3,0,72,210,0,0,0,1,0,6,2016,6,2016,0,85,0,0,0,1,2,55,1,1,2,1,0,0,1,62,16,2,1,98,"777777777777","777777777777","777777777777",1,0
17,170723,2,2,2,17,7,18,14,1,0,1,0,17,1,72,706,72706,80,2006,"1HD1BLY176Y0","1","H","D","1","B","L","Y","1","7","6","Y","0",0,0,0,"000000000","00000000000",0,0,0,1,0,0,0,0,0,0,0,998,0,0,0,0,6,2,1,0,0,0,1,17,62032,6,1,6,0,3,0,61,175,0,0,0,1,0,4,2015,4,2015,0,85,0,0,0,1,2,55,1,1,2,1,0,0,1,62,16,2,1,98,"777777777777","777777777777","777777777777",0,0
17,170724,1,1,2,22,7,16,13,8,0,1,0,17,2,20,22,20022,4,2006,"1G1AL55F9676","1","G","1","A","L","5","5","F","9","6","7","6",0,0,0,"000000000","00000000000",0,0,0,1,0,0,0,0,0,0,0,998,0,0,0,1,8,5,8,0,0,0,1,17,60651,6,1,0,0,3,0,67,170,1,0,0,0,0,7,2014,7,2014,0,0,0,0,0,1,4,30,1,1,2,1,0,0,1,80,8,1,3,13,"777777777777","777777777777","777777777777",0,0
17,170725,1,1,1,8,8,7,45,43,0,1,0,17,2,37,421,37421,15,2015,"5FNYF4H52FB0","5","F","N","Y","F","4","H","5","2","F","B","0",0,0,0,"000000000","00000000000",0,0,0,1,0,0,0,0,0,0,0,998,0,0,0,12,8,2,10,0,0,0,1,17,60453,6,1,0,0,3,3,75,225,1,0,0,0,0,7,2013,7,2013,4,40,39,36,0,2,2,35,1,1,2,1,65,3,1,98,16,2,1,12,"777777777777","777777777777","777777777777",1,0
17,170726,1,2,1,14,8,21,42,12,6,1,0,17,1,76,706,76706,80,2003,"JYARN10E23A0","J","Y","A","R","N","1","0","E","2","3","A","0",0,0,0,"000000000","00000000000",0,0,0,1,0,0,0,0,0,0,0,998,0,0,0,12,6,2,12,0,0,0,1,17,60620,6,1,0,0,3,0,73,215,0,0,0,0,1,8,2015,8,2015,3,6,36,0,0,2,2,30,1,1,2,1,0,0,1,55,99,9,3,69,"777777777777","777777777777","777777777777",1,0
17,170726,2,2,1,14,8,21,42,12,6,1,0,17,1,35,47,35047,4,2012,"1N4AL2AP8CN4","1","N","4","A","L","2","A","P","8","C","N","4",0,0,0,"000000000","00000000000",0,0,0,1,0,0,0,0,0,0,0,998,0,0,0,1,6,2,12,0,0,0,1,17,60643,1,1,0,0,2,3,66,135,1,1,0,0,3,8,2014,12,2015,0,0,0,0,0,2,2,30,1,1,2,1,0,0,11,15,99,1,3,68,"777777777777","777777777777","777777777777",0,0
17,170727,1,2,1,14,8,7,54,12,6,1,0,17,1,35,47,35047,4,2016,"1N4AL3APXGC2","1","N","4","A","L","3","A","P","X","G","C","2",0,0,0,"000000000","00000000000",0,0,0,1,0,0,0,0,0,0,0,70,0,0,0,12,6,2,12,0,0,0,1,17,60621,6,1,0,0,3,0,70,290,0,0,0,0,0,0,0,0,0,3,39,0,0,0,1,6,35,1,1,2,1,2,3,17,17,1,1,1,86,"777777777777","777777777777","777777777777",0,0
17,170727,2,2,5,14,8,7,54,12,6,1,0,17,2,34,37,34037,4,1998,"WBAGJ8320WDM","W","B","A","G","J","8","3","2","0","W","D","M",0,0,0,"000000000","00000000000",0,0,0,1,0,0,0,0,0,0,0,41,0,0,0,3,6,2,2,0,0,1,1,17,60411,0,0,0,0,2,0,999,999,0,0,0,0,2,7,2015,7,2015,0,0,0,0,0,1,5,35,1,1,2,1,2,3,1,66,99,1,1,87,"777777777777","777777777777","777777777777",2,0
17,170728,1,1,1,15,8,19,26,59,0,1,0,17,2,12,402,12402,14,2008,"1FMCU93168KE","1","F","M","C","U","9","3","1","6","8","K","E",0,0,0,"000000000","00000000000",0,0,0,1,0,0,0,0,0,0,0,998,0,0,0,12,8,2,23,0,0,0,1,17,61081,6,2,0,0,3,0,69,140,0,0,0,0,0,0,0,0,0,4,99,99,99,99,1,2,55,1,2,2,1,0,0,1,13,6,9,4,1,"777777777777","777777777777","777777777777",1,0
17,170729,1,1,1,17,8,22,23,9,0,1,1,99,9,99,999,99999,49,9999,"999999999999","9","9","9","9","9","9","9","9","9","9","9","9",0,0,0,"000000000","00000000000",0,0,0,1,0,0,0,0,0,0,0,998,0,0,0,99,9,5,9,0,0,0,1,99,99999,9,9,99,9,9,9,999,999,99,99,99,99,99,99,9999,99,9999,9,38,0,0,0,1,2,30,1,1,2,1,0,0,11,82,99,9,3,13,"777777777777","777777777777","777777777777",0,0
17,170730,1,1,1,24,8,14,54,30,0,1,0,18,1,12,443,12443,20,2004,"2FMZA57614BA","2","F","M","Z","A","5","7","6","1","4","B","A",0,0,0,"000000000","00000000000",0,0,0,1,0,0,0,0,0,0,0,998,0,0,0,12,6,2,43,0,0,0,1,18,46323,1,1,0,0,2,3,72,200,0,1,0,0,1,7,2016,7,2016,0,27,0,0,0,1,2,25,1,1,2,2,0,0,15,11,99,1,4,1,"777777777777","777777777777","777777777777",1,0
17,170731,1,2,2,26,8,22,6,12,6,1,0,17,1,59,35,59035,4,2011,"JTHCE5C2XB50","J","T","H","C","E","5","C","2","X","B","5","0",0,0,0,"000000000","00000000000",0,0,0,1,0,0,0,0,0,0,0,998,0,0,0,12,6,2,12,0,0,1,1,17,60025,6,1,0,0,3,0,75,190,0,0,0,1,1,1,2014,8,2016,2,27,36,0,0,1,4,40,1,1,2,1,0,0,1,62,1,1,1,69,"777777777777","777777777777","777777777777",0,1
17,170731,2,2,1,26,8,22,6,12,6,1,0,17,2,12,37,12037,4,2009,"1FAHP35N69W2","1","F","A","H","P","3","5","N","6","9","W","2",0,0,0,"000000000","00000000000",0,0,0,1,0,0,0,0,0,0,0,998,0,0,0,3,6,2,12,0,0,1,1,17,60630,6,1,0,0,3,3,65,250,0,0,0,0,0,0,0,0,0,0,0,0,0,0,1,4,40,1,1,2,1,0,0,11,15,1,1,1,68,"777777777777","777777777777","777777777777",1,0
17,170733,1,1,1,26,8,21,42,8,0,1,1,99,9,99,999,99999,99,9999,"999999999999","9","9","9","9","9","9","9","9","9","9","9","9",0,0,0,"000000000","00000000000",0,0,0,1,0,0,0,0,0,0,0,999,0,0,0,99,9,5,8,0,0,0,1,99,99999,9,9,99,9,9,9,999,999,99,99,99,99,99,99,9999,99,9999,9,99,99,99,99,1,2,98,1,1,2,1,0,0,1,80,99,9,3,13,"777777777777","777777777777","777777777777",0,0
17,170734,1,1,2,25,8,8,25,5,0,1,0,17,3,85,881,85881,66,2007,"1XKDDU9X07J1","1","X","K","D","D","U","9","X","0","7","J","1",1,1,57,"176599","57176599",3,6,1,1,0,0,0,0,0,0,0,998,0,0,0,0,0,5,5,0,0,0,1,17,62801,6,1,6,0,3,0,69,165,0,0,0,0,0,0,0,0,0,0,0,0,0,0,3,3,55,1,1,2,1,0,0,98,98,1,1,4,0,"888888888888","777777777777","777777777777",1,0
17,170735,1,1,2,31,8,0,26,33,0,1,0,17,1,49,32,49032,4,2014,"5YFBURHE5EP1","5","Y","F","B","U","R","H","E","5","E","P","1",0,0,0,"000000000","00000000000",0,0,0,1,0,0,0,0,0,0,0,54,0,0,0,12,6,2,43,0,0,0,1,17,60153,6,1,0,0,3,3,66,220,0,0,0,0,0,0,0,0,0,5,28,0,0,0,1,2,25,1,1,2,1,0,0,99,13,99,9,4,1,"777777777777","777777777777","777777777777",1,0
17,170736,1,1,1,7,8,20,35,8,0,1,0,17,1,20,36,20036,2,2005,"2G1WW12E1593","2","G","1","W","W","1","2","E","1","5","9","3",0,0,0,"000000000","00000000000",0,0,0,1,0,0,0,0,0,0,0,998,0,0,0,12,8,5,8,0,0,0,1,17,60429,6,1,0,0,3,3,66,160,0,0,0,0,0,0,0,0,0,0,0,0,0,0,1,4,35,1,1,2,1,0,0,1,80,99,9,3,13,"777777777777","777777777777","777777777777",0,0
17,170737,1,2,2,18,8,21,33,12,6,1,0,17,1,35,47,35047,2,2008,"1N4AL24E78C1","1","N","4","A","L","2","4","E","7","8","C","1",0,0,0,"000000000","00000000000",0,0,0,1,0,0,0,0,0,0,0,998,0,0,0,11,8,2,12,0,0,0,1,17,60619,6,1,0,0,3,0,68,135,0,1,0,0,0,11,2012,11,2012,9,39,0,0,0,1,2,35,1,1,2,1,20,3,1,17,99,9,3,89,"777777777777","777777777777","777777777777",0,0
17,170737,2,2,1,18,8,21,33,12,6,1,0,17,1,35,401,35401,14,2011,"5N1AR1NB2BC6","5","N","1","A","R","1","N","B","2","B","C","6",0,0,0,"000000000","00000000000",0,0,0,1,0,0,0,0,0,0,0,998,0,0,0,12,8,2,12,0,0,0,1,17,60617,6,1,0,0,3,0,72,225,0,0,0,0,0,0,0,0,0,0,99,99,99,99,2,2,35,1,1,2,1,0,0,1,68,99,9,3,88,"777777777777","777777777777","777777777777",1,0
17,170738,1,1,1,24,8,15,22,8,0,1,0,17,1,30,40,30040,4,2014,"3VWD17AJ6EM4","3","V","W","D","1","7","A","J","6","E","M","4",0,0,0,"000000000","00000000000",0,0,0,1,0,0,0,0,0,0,0,998,0,1,1,12,6,2,1,0,0,1,1,17,60155,6,1,0,0,3,3,67,134,0,0,0,0,0,0,0,0,0,9,39,0,0,0,1,4,30,1,1,2,1,2,3,1,17,99,1,3,13,"777777777777","777777777777","777777777777",0,0
17,170739,1,1,1,3,9,15,30,1,0,1,0,17,1,72,706,72706,80,2015,"1HD1GPM17FC3","1","H","D","1","G","P","M","1","7","F","C","3",0,0,0,"000000000","00000000000",0,0,0,1,0,0,0,0,0,0,0,998,0,0,0,0,8,2,1,0,0,0,1,17,62629,6,1,0,0,3,0,68,260,0,0,0,1,0,4,2013,4,2013,4,0,0,0,0,1,2,55,3,1,2,1,40,3,14,9,99,2,4,2,"777777777777","777777777777","777777777777",1,0
17,170740,1,2,2,2,9,19,0,12,6,1,0,17,1,12,481,12481,31,2001,"1FTNX21F61EB","1","F","T","N","X","2","1","F","6","1","E","B",0,0,0,"000000000","00000000000",0,0,0,1,0,0,0,0,0,0,0,998,0,0,0,12,6,2,12,0,0,0,1,17,61920,6,1,6,0,3,0,68,150,0,0,0,0,1,12,2013,12,2013,0,28,0,0,0,1,2,55,1,2,2,1,0,0,1,3,99,9,2,64,"777777777777","777777777777","777777777777",0,0
17,170740,2,2,5,2,9,19,0,12,6,1,0,17,1,12,461,12461,21,2013,"1FBSS3BL1DDA","1","F","B","S","S","3","B","L","1","D","D","A",0,0,0,"000000000","00000000000",0,0,0,1,0,0,0,0,0,0,0,998,0,1,5,9,6,2,1,0,0,0,1,17,61911,6,1,0,0,3,3,68,175,0,0,0,0,0,0,0,0,0,0,0,0,0,0,1,2,55,1,2,2,1,0,0,1,62,99,9,1,65,"777777777777","777777777777","777777777777",1,0
17,170741,1,1,2,7,9,18,44,42,0,1,0,17,1,23,401,23401,14,2005,"1GKET16M2561","1","G","K","E","T","1","6","M","2","5","6","1",0,0,0,"000000000","00000000000",0,0,0,1,0,0,0,0,0,0,0,998,0,0,0,12,8,2,42,0,0,1,1,17,62703,6,1,0,0,3,0,71,155,0,0,0,0,1,3,2014,3,2014,3,36,0,0,0,1,2,25,1,1,4,8,0,0,1,6,99,9,4,2,"777777777777","777777777777","777777777777",1,0
17,170742,1,2,1,18,9,13,12,12,6,1,0,17,1,42,43,42043,4,2009,"WDDNG86X29A2","W","D","D","N","G","8","6","X","2","9","A","2",0,0,0,"000000000","00000000000",0,0,0,1,0,0,0,0,0,0,0,998,0,0,0,5,8,2,12,0,0,0,1,17,60056,6,1,0,0,3,0,69,172,0,0,0,0,0,0,0,0,0,0,38,0,0,0,1,4,35,1,1,2,1,0,0,11,15,99,1,1,68,"777777777777","777777777777","777777777777",0,0
17,170742,2,2,1,18,9,13,12,12,6,1,0,17,1,99,706,99706,89,2000,"888888888888","8","8","8","8","8","8","8","8","8","8","8","8",0,0,0,"000000000","00000000000",0,0,0,1,0,0,0,0,0,0,0,48,0,0,0,12,6,2,12,35,0,0,1,17,60004,6,1,0,0,3,0,76,230,0,0,0,1,0,3,2013,3,2013,0,0,0,0,0,1,4,35,1,1,2,1,0,0,1,62,6,1,3,69,"777777777777","777777777777","777777777777",1,0
17,170743,1,1,1,21,8,16,40,1,0,1,0,0,0,37,703,37703,89,1999,"478TE150XXA0","4","7","8","T","E","1","5","0","X","X","A","0",0,0,0,"000000000","00000000000",0,0,0,1,0,0,0,0,0,0,0,998,0,0,0,0,6,2,1,0,0,0,1,17,62448,3,1,0,0,1,0,67,175,0,0,0,0,0,0,0,0,0,0,0,0,0,0,1,2,55,1,1,2,1,0,0,12,9,99,9,9,98,"777777777777","777777777777","777777777777",1,0
17,170744,1,1,1,1,9,21,0,1,0,1,0,17,1,53,705,53705,80,2005,"JS1VP53A3521","J","S","1","V","P","5","3","A","3","5","2","1",0,0,0,"000000000","00000000000",0,0,0,1,0,0,0,0,0,0,0,998,0,0,0,0,6,2,1,0,0,0,1,17,61853,6,1,6,0,3,3,72,205,0,0,0,4,2,11,2012,5,2015,0,99,99,99,99,1,2,55,3,1,2,1,40,3,14,9,99,9,4,2,"777777777777","777777777777","777777777777",1,1
17,170745,1,1,1,22,8,7,31,9,0,1,0,17,1,35,50,35050,5,2010,"3N1BC1CP8AL4","3","N","1","B","C","1","C","P","8","A","L","4",0,0,0,"000000000","00000000000",0,0,0,1,0,0,0,0,0,0,0,998,0,0,0,11,4,5,9,0,0,0,1,17,60504,6,1,0,0,3,0,68,120,0,0,0,1,0,4,2013,4,2013,0,38,0,0,0,1,2,25,1,1,2,1,40,3,1,83,99,9,9,13,"777777777777","777777777777","777777777777",0,0
17,170746,1,2,1,19,9,11,21,12,6,1,0,17,2,2,404,2404,14,1993,"1J4FJ68S2PL5","1","J","4","F","J","6","8","S","2","P","L","5",0,0,0,"000000000","00000000000",0,0,0,1,0,0,0,0,0,0,0,998,0,0,0,12,6,2,12,0,0,0,1,17,60449,6,1,0,0,3,3,71,140,0,0,0,0,2,7,2015,8,2015,0,38,39,0,0,1,2,55,1,1,2,1,20,3,1,17,99,9,1,88,"777777777777","777777777777","777777777777",1,0
17,170746,2,2,1,19,9,11,21,12,6,1,0,18,1,85,881,85881,66,2017,"1XKZDP9X4HJ1","1","X","K","Z","D","P","9","X","4","H","J","1",1,1,57,"627508","57627508",3,6,1,1,0,0,0,0,0,0,0,998,0,0,0,9,2,5,12,0,0,0,1,18,47922,6,1,6,0,3,0,68,225,0,0,0,0,0,0,0,0,0,0,0,0,0,0,1,2,55,1,1,2,1,0,0,1,66,99,9,1,89,"888888888888","777777777777","777777777777",0,0
17,170747,1,1,1,25,9,3,39,8,0,1,0,17,1,23,481,23481,31,2001,"1GTHK23U71F1","1","G","T","H","K","2","3","U","7","1","F","1",0,0,0,"000000000","00000000000",0,0,0,1,0,0,0,0,0,0,0,998,0,0,0,98,0,5,8,0,0,0,1,17,61565,6,1,6,0,3,3,71,194,0,0,0,0,1,9,2014,9,2014,0,0,0,0,0,1,2,55,1,1,2,1,0,0,1,80,1,1,1,13,"777777777777","777777777777","777777777777",0,0
17,170748,1,2,1,27,9,14,58,12,6,1,0,17,1,12,17,12017,4,2007,"1FAFP56U17A1","1","F","A","F","P","5","6","U","1","7","A","1",0,0,0,"000000000","00000000000",0,0,0,1,0,0,0,0,0,0,0,998,0,0,0,9,6,2,12,0,0,0,1,17,60402,6,1,0,0,3,3,65,200,0,0,0,0,0,0,0,0,0,0,38,0,0,0,0,0,0,0,0,0,0,0,0,11,15,1,1,7,82,"777777777777","777777777777","777777777777",1,0
17,170748,2,2,1,27,9,14,58,12,6,1,0,17,1,63,34,63034,4,2014,"5XXGN4A75EG2","5","X","X","G","N","4","A","7","5","E","G","2",0,0,0,"000000000","00000000000",0,0,0,1,0,0,0,0,0,0,0,998,0,0,0,12,6,2,12,0,0,0,1,17,60525,6,1,0,0,3,0,61,104,0,0,0,0,0,0,0,0,0,3,0,0,0,0,1,4,35,1,1,2,1,0,0,1,72,1,1,1,83,"777777777777","777777777777","777777777777",0,0
17,170750,1,1,1,25,9,1,56,42,0,1,0,17,1,35,47,35047,4,2004,"1N4AL11D04C1","1","N","4","A","L","1","1","D","0","4","C","1",0,0,0,"000000000","00000000000",0,0,0,1,0,0,0,0,0,0,0,998,0,0,0,12,6,2,42,0,0,0,1,17,60064,6,1,0,0,3,0,61,120,0,0,0,0,1,12,2014,12,2014,9,99,99,99,99,1,2,45,1,1,2,1,0,0,1,12,99,9,4,10,"777777777777","777777777777","777777777777",1,1
17,170751,1,2,1,18,9,12,39,12,6,1,0,17,1,72,706,72706,82,2015,"1HD1MAL14FB8","1","H","D","1","M","A","L","1","4","F","B","8",0,0,0,"000000000","00000000000",0,0,0,1,0,0,0,0,0,0,0,998,0,0,0,3,8,2,12,0,0,0,1,17,61523,6,1,0,0,3,0,70,195,0,0,0,1,4,10,2012,4,2016,0,39,0,0,0,4,3,30,1,1,2,1,2,3,1,17,99,9,3,87,"777777777777","777777777777","777777777777",1,0
17,170751,2,2,1,18,9,12,39,12,6,1,0,17,2,7,442,7442,20,2005,"2D4GP44L15R5","2","D","4","G","P","4","4","L","1","5","R","5",0,0,0,"000000000","00000000000",0,0,0,1,0,0,0,0,0,0,0,998,0,0,0,11,8,2,12,0,0,0,1,17,61615,6,2,0,0,3,3,64,132,0,0,0,0,0,0,0,0,0,0,0,0,0,0,4,2,30,1,1,2,1,2,3,1,66,99,9,1,86,"777777777777","777777777777","777777777777",0,0
17,170752,1,2,1,28,9,14,20,12,6,1,0,17,3,18,3,18003,4,2003,"1G4CW54K9341","1","G","4","C","W","5","4","K","9","3","4","1",0,0,0,"000000000","00000000000",0,0,0,1,0,0,0,0,0,0,0,998,0,0,0,1,8,2,12,0,0,0,1,17,61741,6,1,0,0,3,3,66,210,0,0,0,0,0,0,0,0,0,0,38,52,0,0,1,2,55,1,1,2,1,20,3,4,17,99,9,3,88,"777777777777","777777777777","777777777777",1,0
17,170752,2,2,1,28,9,14,20,12,6,1,0,17,3,84,881,84881,60,1997,"1HTMJABK3VA0","1","H","T","M","J","A","B","K","3","V","A","0",0,0,57,"021800","57021800",2,1,1,1,0,0,0,0,0,0,0,998,0,0,0,11,8,2,12,0,0,0,1,17,61761,6,1,0,0,3,3,69,180,0,0,0,0,0,0,0,0,0,0,0,0,0,0,1,2,55,1,1,2,1,0,0,1,66,15,2,3,89,"777777777777","777777777777","777777777777",0,0
17,170753,1,2,1,20,8,16,46,12,1,1,0,17,1,55,36,55036,3,2009,"KMHCN36C19U1","K","M","H","C","N","3","6","C","1","9","U","1",0,0,0,"000000000","00000000000",0,0,0,1,0,0,0,0,0,0,0,998,0,0,0,12,8,2,12,0,0,0,1,17,62019,6,1,0,0,3,0,68,185,0,0,0,0,0,0,0,0,0,0,26,0,0,0,3,3,55,1,1,2,1,0,0,1,51,99,1,1,24,"777777777777","777777777777","777777777777",1,0
17,170753,2,2,1,20,8,16,46,12,1,1,0,22,1,84,884,84884,66,2006,"2HSCNAPR66C2","2","H","S","C","N","A","P","R","6","6","C","2",1,1,57,"2537113","572537113",3,6,11,1,0,0,0,0,0,0,0,998,0,0,0,6,8,5,12,0,0,0,1,22,70127,6,1,6,9,3,0,73,260,0,0,0,0,1,11,2015,11,2015,0,0,0,0,0,3,3,55,1,1,2,1,0,0,1,53,99,1,1,25,"3H3C202S2FT7","777777777777","777777777777",0,0
17,170754,1,2,1,4,9,15,14,12,6,1,0,17,1,76,705,76705,80,2015,"JYARJ16E9FA0","J","Y","A","R","J","1","6","E","9","F","A","0",0,0,0,"000000000","00000000000",0,0,0,1,0,0,0,0,0,0,0,77,0,0,0,12,6,2,12,0,0,0,1,17,60402,1,1,0,0,2,3,71,185,0,2,0,0,3,8,2015,5,2016,3,89,0,0,0,1,5,45,1,1,2,1,0,0,1,62,9,2,1,69,"777777777777","777777777777","777777777777",1,0
17,170754,2,2,1,4,9,15,14,12,6,1,0,17,2,2,405,2405,14,2002,"1J4GL48K42W1","1","J","4","G","L","4","8","K","4","2","W","1",0,0,0,"000000000","00000000000",0,0,0,1,0,0,0,0,0,0,0,998,0,0,0,5,6,2,12,0,0,0,1,17,60629,6,1,0,0,3,0,65,170,0,0,0,1,0,7,2015,7,2015,9,99,99,99,99,1,5,45,1,1,2,1,0,0,11,15,99,9,1,68,"777777777777","777777777777","777777777777",0,0