"STATE","ST_CASE","VEH_NO","VE_FORMS","NUMOCCS","DAY","MONTH","HOUR","MINUTE","HARM_EV","MAN_COLL","UNITTYPE","HIT_RUN","REG_STAT","OWNER","MAKE","MODEL","MAK_MOD","BODY_TYP","MOD_YEAR","VIN","VIN_1","VIN_2","VIN_3","VIN_4","VIN_5","VIN_6","VIN_7","VIN_8","VIN_9","VIN_10","VIN_11","VIN_12","TOW_VEH","J_KNIFE","MCARR_I1","MCARR_I2","MCARR_ID","GVWR","V_CONFIG","CARGO_BT","HAZ_INV","HAZ_PLAC","HAZ_ID","HAZ_CNO","HAZ_REL","BUS_USE","SPEC_USE","EMER_USE","TRAV_SP","UNDERIDE","ROLLOVER","ROLINLOC","IMPACT1","DEFORMED","TOWED","M_HARM","VEH_SC1","VEH_SC2","FIRE_EXP","DR_PRES","L_STATE","DR_ZIP","L_STATUS","L_TYPE","CDL_STAT","L_ENDORS","L_COMPL","L_RESTRI","DR_HGT","DR_WGT","PREV_ACC","PREV_SUS","PREV_DWI","PREV_SPD","PREV_OTH","FIRST_MO","FIRST_YR","LAST_MO","LAST_YR","SPEEDREL","DR_SF1","DR_SF2","DR_SF3","DR_SF4","VTRAFWAY","VNUM_LAN","VSPD_LIM","VALIGN","VPROFILE","VPAVETYP","VSURCOND","VTRAFCON","VTCONT_F","P_CRASH1","P_CRASH2","P_CRASH3","PCRASH4","PCRASH5","ACC_TYPE","TRLR1VIN","TRLR2VIN","TRLR3VIN","DEATHS","DR_DRINK"
17,170791,1,1,2,24,8,23,55,1,0,1,0,17,2,76,705,76705,80,2013,"JYARJ16E7DA0","J","Y","A","R","J","1","6","E","7","D","A","0",0,0,0,"000000000","00000000000",0,0,0,1,0,0,0,0,0,0,0,998,0,0,0,0,6,2,5,0,0,0,1,17,61610,6,1,0,0,3,0,68,150,0,0,0,1,0,7,2014,7,2014,3,0,0,0,0,2,2,98,3,1,2,1,0,0,14,13,99,9,4,98,"777777777777","777777777777","777777777777",1,1
17,170792,1,1,1,22,9,17,0,9,0,1,0,17,3,85,884,85884,64,2016,"1NKWLJ0XXGJ4","1","N","K","W","L","J","0","X","X","G","J","4",0,0,57,"753510","57753510",3,2,5,1,0,0,0,0,0,0,0,18,0,0,0,5,8,5,9,0,0,0,1,17,60016,6,1,6,0,3,3,70,210,0,0,0,0,0,0,0,0,0,0,0,0,0,0,1,4,30,1,1,2,1,2,3,1,80,99,1,1,13,"777777777777","777777777777","777777777777",0,0
17,170793,1,1,1,3,9,16,44,1,0,1,0,17,2,37,706,37706,80,2009,"JH2SC59G79K0","J","H","2","S","C","5","9","G","7","9","K","0",0,0,0,"000000000","00000000000",0,0,0,1,0,0,0,0,0,0,0,998,0,0,0,0,6,2,1,0,0,0,1,17,61603,6,1,0,0,3,0,72,210,1,0,0,1,1,1,2014,9,2014,9,99,99,99,99,1,2,98,2,1,2,1,0,0,14,9,99,2,4,98,"777777777777","777777777777","777777777777",1,0
17,170794,1,1,1,20,9,6,8,44,0,1,0,0,0,98,734,98734,90,2015,"4XARTE87XFB9","4","X","A","R","T","E","8","7","X","F","B","9",0,0,0,"000000000","00000000000",0,0,0,1,0,0,0,0,0,0,0,998,0,9,5,0,8,2,1,0,0,0,1,17,60527,6,1,0,0,1,0,67,140,0,0,0,1,2,9,2013,9,2013,4,82,0,0,0,1,2,55,1,1,4,11,0,0,1,5,99,2,4,0,"777777777777","777777777777","777777777777",1,0
17,170795,1,2,1,15,9,7,15,12,6,1,0,17,1,53,706,53706,80,2003,"JS1VT54A7321","J","S","1","V","T","5","4","A","7","3","2","1",0,0,0,"000000000","00000000000",0,0,0,1,0,0,0,0,0,0,0,998,0,0,0,9,8,2,12,0,0,0,1,17,60626,6,1,0,0,3,0,84,210,0,0,0,0,1,1,2016,1,2016,0,39,0,0,0,2,6,98,1,1,2,1,2,3,1,17,99,1,1,69,"777777777777","777777777777","777777777777",1,0
17,170795,2,2,1,15,9,7,15,12,6,1,0,17,1,35,51,35051,6,2016,"KNMAT2MV9GP6","K","N","M","A","T","2","M","V","9","G","P","6",0,0,0,"000000000","00000000000",0,0,0,1,0,0,0,0,0,0,0,998,0,0,0,12,8,2,12,0,0,0,1,17,60659,6,1,0,0,3,0,66,195,0,0,0,0,0,0,0,0,0,0,0,0,0,0,2,6,98,1,1,2,1,2,3,11,55,99,1,1,68,"777777777777","777777777777","777777777777",0,0
17,170796,1,2,1,29,9,15,14,12,6,1,0,17,1,41,402,41402,14,2006,"4F2CZ94116KM","4","F","2","C","Z","9","4","1","1","6","K","M",0,0,0,"000000000","00000000000",0,0,0,1,0,0,0,0,0,0,0,998,0,0,0,3,8,2,12,0,0,0,1,17,60901,6,1,0,0,3,3,59,142,0,0,0,0,0,0,0,0,0,0,38,52,0,0,2,4,30,1,2,3,2,0,0,11,15,99,1,1,68,"777777777777","777777777777","777777777777",1,0
17,170796,2,2,3,29,9,15,14,12,6,1,0,17,3,12,461,12461,21,2014,"1FTNE1EWXEDA","1","F","T","N","E","1","E","W","X","E","D","A",0,0,0,"000000000","00000000000",0,0,0,1,0,0,0,0,0,0,0,998,0,0,0,12,8,2,12,0,0,0,1,17,60901,6,1,0,0,3,0,64,125,0,0,0,0,1,2,2016,2,2016,0,0,0,0,0,2,4,30,1,2,3,2,0,0,1,55,99,1,1,69,"777777777777","777777777777","777777777777",0,0
17,170797,1,2,1,19,8,7,34,12,2,1,0,17,1,37,31,37031,2,2001,"1HGEM21531L0","1","H","G","E","M","2","1","5","3","1","L","0",0,0,0,"000000000","00000000000",0,0,0,1,0,0,0,0,0,0,0,998,0,0,0,12,6,2,12,0,0,1,1,17,60002,6,2,0,0,3,3,76,150,0,0,0,0,0,0,0,0,0,0,51,0,0,0,1,2,40,2,1,2,1,0,0,14,10,99,9,9,50,"777777777777","777777777777","777777777777",1,0
17,170797,2,2,1,19,8,7,34,12,2,1,0,55,1,7,482,7482,31,1996,"1B7MC3330TJ1","1","B","7","M","C","3","3","3","0","T","J","1",0,0,0,"000000000","00000000000",0,0,0,1,0,0,0,0,0,0,0,998,0,0,0,12,8,2,12,0,0,0,1,55,53181,6,1,0,0,3,3,72,175,0,0,0,0,0,0,0,0,0,0,0,0,0,0,1,2,40,3,1,2,1,0,0,14,62,99,9,9,51,"777777777777","777777777777","777777777777",0,0
17,170798,1,2,1,23,9,17,5,12,6,1,0,17,1,55,36,55036,5,2012,"KMHCT5AE3CU0","K","M","H","C","T","5","A","E","3","C","U","0",0,0,0,"000000000","00000000000",0,0,0,1,0,0,0,0,0,0,0,998,0,0,0,9,8,5,12,0,0,0,1,17,60628,6,1,0,0,3,3,71,140,0,0,0,0,0,0,0,0,0,0,38,0,0,0,0,0,0,0,0,0,0,0,0,10,11,99,9,7,78,"777777777777","777777777777","777777777777",1,0
17,170798,2,2,1,23,9,17,5,12,6,1,0,18,1,12,17,12017,4,2013,"1FAHP2KTXDG1","1","F","A","H","P","2","K","T","X","D","G","1",0,0,0,"000000000","00000000000",0,0,0,1,0,0,0,0,0,0,0,998,0,0,0,1,8,2,12,0,0,0,1,18,46405,6,1,0,0,3,3,74,260,0,0,0,1,0,9,2013,9,2013,0,99,99,99,99,1,4,35,1,1,2,1,0,0,1,70,99,9,3,79,"777777777777","777777777777","777777777777",0,0
17,170800,1,1,1,1,10,4,20,8,0,1,1,27,3,84,884,84884,64,2015,"1HTMMMML7FH6","1","H","T","M","M","M","M","L","7","F","H","6",0,0,57,"618375","57618375",2,1,1,1,0,0,0,0,0,0,0,998,0,0,0,11,0,5,8,0,0,0,1,17,60447,6,1,6,0,3,3,70,170,0,0,0,0,0,0,0,0,0,0,38,0,0,0,1,2,55,1,1,2,2,65,3,1,80,99,9,3,13,"777777777777","777777777777","777777777777",0,0
17,170801,1,1,5,9,10,1,4,43,0,1,0,17,2,35,47,35047,4,2005,"1N4AL11DX5C1","1","N","4","A","L","1","1","D","X","5","C","1",0,0,0,"000000000","00000000000",0,0,0,1,0,0,0,0,0,0,0,998,0,0,0,12,6,2,43,0,0,0,1,17,60827,1,1,0,0,2,0,69,156,0,4,0,0,3,3,2012,3,2016,3,50,36,37,0,4,1,98,1,1,2,1,0,0,1,6,99,9,4,7,"777777777777","777777777777","777777777777",1,1
17,170802,1,2,2,2,10,3,50,12,1,1,0,17,2,20,2,20002,4,2006,"2G1WD58C5691","2","G","1","W","D","5","8","C","5","6","9","1",0,0,0,"000000000","00000000000",0,0,0,1,0,0,0,0,0,0,0,998,3,0,0,12,6,2,12,0,0,0,1,17,60621,2,1,0,0,2,0,999,999,1,13,0,2,20,11,2011,6,2015,3,36,26,28,0,3,3,65,1,3,2,1,0,0,1,51,99,9,1,24,"777777777777","777777777777","777777777777",2,1
17,170802,2,2,2,2,10,3,50,12,1,1,0,42,3,82,881,82881,66,2016,"1FUJGLD56GLG","1","F","U","J","G","L","D","5","6","G","L","G",1,1,57,"2831640","572831640",3,6,1,1,0,0,0,0,0,0,0,998,0,0,0,6,8,2,12,0,0,0,1,42,19115,6,1,6,0,3,3,68,999,0,0,0,0,0,0,0,0,0,0,99,99,99,99,3,3,65,1,3,2,1,0,0,1,53,99,9,3,25,"888888888888","777777777777","777777777777",0,0
17,170803,1,2,1,7,10,21,12,12,6,1,1,17,1,19,3,19003,4,2003,"1G6KD54Y73U1","1","G","6","K","D","5","4","Y","7","3","U","1",0,0,0,"000000000","00000000000",0,0,0,1,0,0,0,0,0,0,0,998,0,0,0,12,8,2,12,0,0,0,1,17,60505,6,1,0,0,3,0,71,185,1,0,0,0,0,3,2013,3,2013,0,51,0,0,0,2,4,35,1,1,2,1,0,0,1,10,99,9,2,64,"777777777777","777777777777","777777777777",0,1
17,170803,2,2,4,7,10,21,12,12,6,1,0,17,1,49,442,49442,20,2009,"5TDZK23C09S2","5","T","D","Z","K","2","3","C","0","9","S","2",0,0,0,"000000000","00000000000",0,0,0,1,0,0,0,0,0,0,0,998,0,0,0,3,8,2,12,0,0,0,1,17,60502,6,1,0,0,3,0,65,105,0,0,0,0,0,0,0,0,0,0,0,0,0,0,2,4,35,1,1,2,1,0,0,1,62,16,9,2,65,"777777777777","777777777777","777777777777",1,0
17,170804,1,2,1,11,10,6,52,12,6,1,0,17,1,37,705,37705,80,2003,"JH2RC44J73M1","J","H","2","R","C","4","4","J","7","3","M","1",0,0,0,"000000000","00000000000",0,0,0,1,0,0,0,0,0,0,0,998,0,0,0,12,6,2,12,0,0,0,1,17,61834,6,1,0,0,3,0,69,190,0,0,0,0,0,0,0,0,0,0,38,0,0,0,1,2,55,1,1,2,1,0,0,1,17,99,9,3,88,"777777777777","777777777777","777777777777",1,0
17,170804,2,2,1,11,10,6,52,12,6,1,0,17,1,37,402,37402,14,2008,"JHLRE48528C0","J","H","L","R","E","4","8","5","2","8","C","0",0,0,0,"000000000","00000000000",0,0,0,1,0,0,0,0,0,0,0,998,0,0,0,9,8,2,12,0,0,0,1,17,61856,6,1,0,0,3,3,69,202,0,0,0,0,0,0,0,0,0,0,0,0,0,0,1,2,55,1,1,4,1,0,0,1,66,99,9,3,89,"777777777777","777777777777","777777777777",0,0
17,170805,1,1,1,16,10,0,50,34,0,1,0,17,2,7,402,7402,14,2000,"1B4HR28Z3YF2","1","B","4","H","R","2","8","Z","3","Y","F","2",0,0,0,"000000000","00000000000",0,0,0,1,0,0,0,0,0,0,0,998,0,1,5,12,6,2,2,0,0,1,1,17,62875,6,1,0,0,3,3,71,225,0,0,0,0,0,0,0,0,0,4,0,0,0,0,1,2,55,1,1,8,1,20,3,1,14,16,2,4,14,"777777777777","777777777777","777777777777",1,0
17,170806,1,1,1,14,10,5,48,8,0,1,1,99,9,99,999,99999,99,9999,"999999999999","9","9","9","9","9","9","9","9","9","9","9","9",0,0,0,"000000000","00000000000",9,0,0,1,0,0,0,0,0,0,0,999,0,0,0,12,9,5,8,99,99,0,1,99,99999,9,9,99,9,9,9,999,999,99,99,99,99,99,99,9999,99,9999,9,38,0,0,0,1,2,30,1,1,2,1,0,0,1,80,99,9,3,13,"777777777777","777777777777","777777777777",0,0
17,170807,1,2,2,3,10,22,17,12,6,1,0,18,9,76,705,76705,80,2006,"JYARJ10E36A0","J","Y","A","R","J","1","0","E","3","6","A","0",0,0,0,"000000000","00000000000",0,0,0,1,0,0,0,0,0,0,0,998,0,0,0,12,8,2,12,0,0,0,1,18,99999,9,9,99,9,9,9,999,999,99,99,99,99,99,99,9999,99,9999,3,39,0,0,0,1,7,35,1,1,2,1,1,3,1,17,99,9,3,69,"777777777777","777777777777","777777777777",2,0
17,170807,2,2,2,3,10,22,17,12,6,1,0,17,2,14,401,14401,14,2003,"4M2DU86W13ZJ","4","M","2","D","U","8","6","W","1","3","Z","J",0,0,0,"000000000","00000000000",0,0,0,1,0,0,0,0,0,0,0,998,0,1,1,3,8,2,12,0,0,0,1,17,60626,6,1,0,0,3,3,69,160,0,0,0,0,0,0,0,0,0,0,0,0,0,0,1,7,35,1,1,2,1,1,3,11,63,99,1,1,68,"777777777777","777777777777","777777777777",1,0
17,170808,1,2,1,6,10,22,38,12,6,1,0,0,0,37,739,37739,90,1983,"TE23E8094183","T","E","2","3","E","8","0","9","4","1","8","3",0,0,0,"000000000","00000000000",0,0,0,1,0,0,0,0,0,0,0,998,0,0,0,12,6,2,12,0,0,0,1,17,62521,2,1,0,0,1,0,999,999,0,0,0,0,4,8,2012,4,2014,0,38,0,0,0,1,2,30,1,2,2,1,0,0,1,17,99,9,1,88,"777777777777","777777777777","777777777777",1,1
17,170808,2,2,2,6,10,22,38,12,6,1,0,17,1,20,481,20481,31,2005,"2GCEK13T6512","2","G","C","E","K","1","3","T","6","5","1","2",0,0,0,"000000000","00000000000",0,0,0,1,0,0,0,0,0,0,0,998,0,0,0,9,8,2,12,0,0,0,1,17,62526,6,1,0,0,3,0,70,190,0,0,0,1,1,6,2012,7,2012,0,0,0,0,0,1,2,30,1,2,2,1,0,0,1,66,99,9,1,89,"777777777777","777777777777","777777777777",0,0
17,170809,1,2,1,17,10,13,1,12,6,1,0,17,3,12,481,12481,31,2001,"1FTNF21L41EC","1","F","T","N","F","2","1","L","4","1","E","C",0,0,0,"000000000","00000000000",0,0,0,1,0,0,0,0,0,0,0,998,0,0,0,82,8,5,12,0,0,0,1,17,62052,6,1,0,0,3,0,69,155,0,0,0,0,0,0,0,0,0,0,38,0,0,0,1,2,55,1,1,2,1,20,3,3,17,99,9,3,87,"777777777777","777777777777","777777777777",0,0
17,170809,2,2,2,17,10,13,1,12,6,1,0,17,1,98,709,98709,80,2000,"888888888888","8","8","8","8","8","8","8","8","8","8","8","8",0,0,0,"000000000","00000000000",0,0,0,1,0,0,0,0,0,0,0,998,0,0,0,12,8,2,12,0,0,0,1,17,62232,6,1,0,0,3,0,69,150,0,0,0,0,0,0,0,0,0,0,0,0,0,0,2,2,55,3,1,2,1,0,0,14,66,99,9,3,86,"777777777777","777777777777","777777777777",1,0
17,170810,1,1,1,17,10,20,20,8,0,1,0,17,2,52,40,52040,4,1992,"JA3XC47S5NY0","J","A","3","X","C","4","7","S","5","N","Y","0",0,0,0,"000000000","00000000000",0,0,0,1,0,0,0,0,0,0,0,998,0,0,0,12,8,2,8,0,0,0,1,17,62060,6,1,0,0,3,0,66,143,0,0,0,0,0,0,0,0,0,0,0,0,0,0,1,4,40,1,1,2,1,2,3,1,80,16,2,1,13,"777777777777","777777777777","777777777777",0,0
17,170811,1,1,1,17,10,22,43,8,0,1,0,17,1,12,402,12402,14,2014,"1FMCU0F73EUA","1","F","M","C","U","0","F","7","3","E","U","A",0,0,0,"000000000","00000000000",0,0,0,1,0,0,0,0,0,0,0,998,0,0,0,12,8,2,8,0,0,0,1,17,62040,6,1,0,0,3,3,63,190,0,0,0,0,0,0,0,0,0,0,99,99,99,99,2,3,55,1,1,2,1,1,3,1,80,1,1,1,13,"777777777777","777777777777","777777777777",0,0
17,170812,1,1,3,14,10,22,25,35,0,1,0,17,2,2,405,2405,14,2002,"1J4GL48K32W2","1","J","4","G","L","4","8","K","3","2","W","2",0,0,0,"000000000","00000000000",0,0,0,1,0,0,0,0,0,0,0,998,0,1,5,12,6,2,35,0,0,0,1,17,61880,4,1,0,0,2,0,67,215,0,2,0,0,2,5,2012,6,2015,9,52,0,0,0,1,2,55,1,1,2,1,0,0,1,12,99,9,4,6,"777777777777","777777777777","777777777777",1,1
17,170813,1,2,1,15,10,17,39,33,0,1,0,17,1,72,706,72706,80,2003,"1HD1JBB153Y0","1","H","D","1","J","B","B","1","5","3","Y","0",0,0,0,"000000000","00000000000",0,0,0,1,0,0,0,0,0,0,0,998,0,0,0,12,6,2,12,0,0,0,1,17,60014,6,1,0,0,3,3,70,150,0,0,0,2,0,8,2012,1,2016,3,36,0,0,0,2,2,45,2,2,2,1,0,0,14,9,99,9,4,7,"777777777777","777777777777","777777777777",1,1
17,170813,2,2,1,15,10,17,39,33,0,1,0,17,1,37,32,37032,2,2003,"1HGCM726X3A0","1","H","G","C","M","7","2","6","X","3","A","0",0,0,0,"000000000","00000000000",0,0,0,1,0,0,0,0,0,0,0,998,0,0,0,11,8,2,12,0,0,0,1,17,60805,6,1,0,0,3,3,73,175,0,0,0,2,0,12,2013,11,2014,0,0,0,0,0,2,2,45,3,2,2,1,0,0,14,62,99,9,3,98,"777777777777","777777777777","777777777777",0,0
17,170814,1,2,1,18,10,13,56,12,1,1,0,17,1,7,442,7442,20,2005,"2D4GP44L75R4","2","D","4","G","P","4","4","L","7","5","R","4",0,0,0,"000000000","00000000000",0,0,0,1,0,0,0,0,0,0,0,998,0,0,0,12,6,2,12,0,0,0,1,17,62236,6,1,0,0,3,3,63,180,0,0,0,0,0,0,0,0,0,0,38,52,0,0,1,2,55,1,1,2,1,0,0,1,50,99,9,1,20,"777777777777","777777777777","777777777777",1,0
17,170814,2,2,1,18,10,13,56,12,1,1,0,17,3,12,884,12884,64,1998,"1FDZS96K6WVA","1","F","D","Z","S","9","6","K","6","W","V","A",0,0,57,"2515519","572515519",3,1,96,1,0,0,0,0,0,0,0,0,0,0,0,6,8,5,12,0,0,0,1,17,62236,6,1,6,0,3,0,68,195,0,0,0,0,0,0,0,0,0,0,0,0,0,0,1,2,55,1,1,2,1,0,0,5,53,1,1,1,22,"777777777777","777777777777","777777777777",0,0
17,170815,1,2,2,15,10,11,10,12,6,1,0,17,1,12,481,12481,31,1995,"1FTEF14Y5SLB","1","F","T","E","F","1","4","Y","5","S","L","B",0,0,0,"000000000","00000000000",0,0,0,1,0,0,0,0,0,0,0,998,0,0,0,3,6,2,12,0,0,0,1,17,61910,6,1,0,0,3,0,70,205,0,0,0,0,0,0,0,0,0,0,38,0,0,0,1,2,55,1,1,2,1,0,0,1,66,99,9,3,87,"777777777777","777777777777","777777777777",1,0
17,170815,2,2,1,15,10,11,10,12,6,1,0,17,1,12,481,12481,31,2005,"1FTSW21P05ED","1","F","T","S","W","2","1","P","0","5","E","D",0,0,0,"000000000","00000000000",0,0,0,1,0,0,0,0,0,0,0,998,0,1,6,12,6,2,12,0,0,0,1,17,61920,6,1,6,0,3,3,70,200,0,0,0,0,0,0,0,0,0,0,38,0,0,0,1,2,55,1,1,2,1,0,0,1,66,16,9,3,86,"777777777777","777777777777","777777777777",0,0
17,170816,1,1,1,8,10,19,35,8,0,1,0,17,1,20,444,20444,20,2006,"1GNDV23LX6D1","1","G","N","D","V","2","3","L","X","6","D","1",0,0,0,"000000000","00000000000",0,0,0,1,0,0,0,0,0,0,0,998,0,0,0,12,8,8,8,0,0,0,1,17,61533,6,1,0,0,3,3,67,230,0,0,0,1,0,4,2012,4,2012,0,99,99,99,99,1,2,30,1,1,2,1,0,0,1,80,99,9,3,13,"777777777777","777777777777","777777777777",0,0
17,170817,1,2,1,21,10,15,19,12,2,1,0,21,3,7,482,7482,31,2016,"1C6RR7GT9GS2","1","C","6","R","R","7","G","T","9","G","S","2",0,0,0,"000000000","00000000000",0,0,0,1,0,0,0,0,0,0,0,998,0,0,0,12,6,2,12,0,0,0,1,17,61761,6,1,0,0,3,3,70,190,0,0,0,0,0,0,0,0,0,0,27,28,0,0,1,2,55,1,2,2,1,0,0,15,13,6,2,6,50,"777777777777","777777777777","777777777777",0,1
17,170817,2,2,2,21,10,15,19,12,2,1,0,17,1,37,32,37032,2,2012,"1HGCS1B73CA0","1","H","G","C","S","1","B","7","3","C","A","0",0,0,0,"000000000","00000000000",0,0,0,1,0,0,0,0,0,0,0,998,0,0,0,12,6,2,12,0,0,0,1,17,62568,6,1,0,0,3,0,67,165,0,0,0,3,0,10,2013,9,2016,0,0,0,0,0,1,2,55,1,2,2,1,0,0,1,62,99,9,9,51,"777777777777","777777777777","777777777777",1,0
17,170818,1,1,1,20,10,19,38,8,0,1,0,17,1,12,3,12003,1,1990,"1FACP44E3LF1","1","F","A","C","P","4","4","E","3","L","F","1",0,0,0,"000000000","00000000000",0,0,0,1,0,0,0,0,0,0,0,998,0,0,0,12,8,2,8,0,0,0,1,17,60445,6,1,0,0,3,3,71,205,0,0,0,0,0,0,0,0,0,9,99,99,99,99,1,4,30,1,1,2,1,0,0,1,80,99,9,1,13,"777777777777","777777777777","777777777777",0,0
17,170819,1,1,1,21,10,6,49,8,0,1,0,17,2,20,23,20023,6,2007,"3GNDA33P27S5","3","G","N","D","A","3","3","P","2","7","S","5",0,0,0,"000000000","00000000000",0,0,0,1,0,0,0,0,0,0,0,998,0,0,0,12,8,2,8,0,0,0,1,17,60090,6,1,0,0,3,0,70,165,0,0,0,1,0,6,2012,6,2012,0,99,99,99,99,1,4,35,1,1,2,1,0,0,1,80,99,9,1,13,"777777777777","777777777777","777777777777",0,0
17,170821,1,1,3,22,10,19,31,8,0,1,0,17,2,23,8,23008,6,2012,"1GKKRPEDXCJ1","1","G","K","K","R","P","E","D","X","C","J","1",0,0,0,"000000000","00000000000",0,0,0,1,0,0,0,0,0,0,0,998,0,0,0,12,8,5,8,0,0,0,1,17,62839,6,1,6,0,3,3,68,185,0,0,0,1,0,7,2012,7,2012,9,99,99,99,99,1,2,55,1,1,2,1,0,0,1,80,99,9,3,13,"777777777777","777777777777","777777777777",0,0
17,170822,1,2,1,17,10,10,45,12,6,1,0,17,1,20,25,20025,4,2012,"1G1PH5SC4C72","1","G","1","P","H","5","S","C","4","C","7","2",0,0,0,"000000000","00000000000",0,0,0,1,0,0,0,0,0,0,0,998,0,0,0,9,8,2,12,0,0,0,1,17,60081,6,1,0,0,3,0,71,160,0,0,0,0,1,8,2014,8,2014,0,38,39,0,0,1,2,55,1,1,2,1,20,3,4,17,99,9,3,89,"777777777777","777777777777","777777777777",1,0
17,170822,2,2,1,17,10,10,45,12,6,1,0,38,3,87,884,87884,66,2013,"1XPXD49X5DD1","1","X","P","X","D","4","9","X","5","D","D","1",1,1,57,"207709","57207709",3,6,3,1,0,0,0,0,0,0,0,998,0,0,0,12,8,2,12,0,0,0,1,38,58075,6,1,6,0,3,3,75,230,0,0,0,0,1,2,2014,2,2014,0,0,0,0,0,1,2,55,1,1,2,1,0,0,1,68,99,9,3,88,"888888888888","777777777777","777777777777",0,0
17,170823,1,1,2,22,10,23,37,42,0,1,0,0,0,37,739,37739,90,9999,"888888888888","8","8","8","8","8","8","8","8","8","8","8","8",0,0,0,"000000000","00000000000",0,0,0,1,0,0,0,0,0,0,0,998,0,9,5,99,9,2,42,0,0,0,1,17,62467,6,1,0,0,3,0,71,130,0,0,0,0,0,0,0,0,0,3,28,0,0,0,1,2,55,2,2,2,1,0,0,14,6,99,9,4,7,"777777777777","777777777777","777777777777",2,1
17,170824,1,1,2,21,10,22,57,1,0,1,0,17,1,59,31,59031,4,1997,"JT8BF22G7V00","J","T","8","B","F","2","2","G","7","V","0","0",0,0,0,"000000000","00000000000",0,0,0,1,0,0,0,0,0,0,0,998,0,9,3,0,6,2,1,0,0,0,1,17,60153,6,1,0,0,3,3,70,160,0,0,0,0,0,0,0,0,0,9,99,99,99,99,2,2,70,4,1,2,1,0,0,1,12,99,9,4,6,"777777777777","777777777777","777777777777",1,0
17,170825,1,2,1,15,10,18,20,12,6,1,0,17,2,12,401,12401,14,2003,"1FMZU72K03ZB","1","F","M","Z","U","7","2","K","0","3","Z","B",0,0,0,"000000000","00000000000",0,0,0,1,0,0,0,0,0,0,0,998,0,0,0,12,8,5,12,0,0,0,1,17,60185,6,1,0,0,3,0,65,130,0,0,0,0,0,0,0,0,0,0,52,38,0,0,1,3,45,1,1,2,1,1,3,11,15,99,1,1,68,"777777777777","777777777777","777777777777",0,0
17,170825,2,2,1,15,10,18,20,12,6,1,0,17,1,72,706,72706,82,2010,"1HD1MAM16AB8","1","H","D","1","M","A","M","1","6","A","B","8",0,0,0,"000000000","00000000000",0,0,0,1,0,0,0,0,0,0,0,998,0,0,0,99,8,2,12,0,0,0,1,17,60164,6,1,6,0,3,0,72,210,0,0,0,0,0,0,0,0,0,0,0,0,0,0,1,2,45,1,1,2,1,1,3,1,55,99,1,1,69,"777777777777","777777777777","777777777777",1,0
17,170826,1,1,1,18,10,21,55,30,0,1,0,17,1,20,421,20421,15,1996,"1GNCS13W7T21","1","G","N","C","S","1","3","W","7","T","2","1",0,0,0,"000000000","00000000000",0,0,0,1,0,0,0,0,0,0,0,998,0,0,0,61,6,2,42,0,0,1,1,17,61115,6,1,0,0,3,0,72,200,0,0,0,0,0,0,0,0,0,4,0,0,0,0,1,2,30,2,1,2,1,40,3,14,6,99,9,4,7,"777777777777","777777777777","777777777777",1,1
17,170827,1,1,1,21,10,5,57,1,0,1,0,19,1,18,402,18402,14,2004,"5GADT13S1423","5","G","A","D","T","1","3","S","1","4","2","3",0,0,0,"000000000","00000000000",0,0,0,1,0,0,0,0,0,0,0,998,0,9,1,0,6,2,1,0,0,0,1,19,52804,6,1,6,0,3,3,67,190,1,0,0,0,0,4,2016,4,2016,4,0,0,0,0,6,1,98,2,2,2,1,0,0,14,12,7,9,6,98,"777777777777","777777777777","777777777777",1,0
17,170828,1,1,2,23,10,6,10,1,0,1,0,18,3,82,881,82881,66,2017,"3AKJGLDR9HSH","3","A","K","J","G","L","D","R","9","H","S","H",1,1,57,"273818","57273818",3,6,1,1,0,0,0,0,0,0,0,998,0,9,1,0,6,2,1,0,0,0,1,4,85210,6,1,6,0,3,0,80,115,0,0,0,0,0,0,0,0,0,0,28,52,0,0,2,2,70,1,2,2,1,0,0,1,12,7,3,6,98,"1JJV532D8GL9","777777777777","777777777777",2,0
17,170829,1,1,2,22,10,8,45,42,0,1,0,17,2,12,17,12017,4,2005,"1FAFP53225A1","1","F","A","F","P","5","3","2","2","5","A","1",0,0,0,"000000000","00000000000",0,0,0,1,0,0,0,0,0,0,0,998,0,1,5,12,6,2,42,0,0,1,1,18,47591,1,1,0,0,2,0,69,160,0,0,0,0,0,0,0,0,0,0,28,0,0,0,1,2,55,1,1,2,1,0,0,1,8,99,9,4,7,"777777777777","777777777777","777777777777",1,0
17,170830,1,1,1,25,10,19,26,8,0,1,0,17,1,23,8,23008,6,2008,"1GKER237X8J2","1","G","K","E","R","2","3","7","X","8","J","2",0,0,0,"000000000","00000000000",0,0,0,1,0,0,0,0,0,0,0,998,0,0,0,12,8,2,8,0,0,0,1,17,62849,6,1,0,0,3,3,67,150,0,0,0,0,0,0,0,0,0,0,0,0,0,0,1,2,55,1,1,2,1,0,0,1,80,1,1,1,13,"777777777777","777777777777","777777777777",0,0
17,170831,1,1,1,20,10,18,2,35,0,1,0,17,1,14,17,14017,4,2000,"1MEFM50UXYA6","1","M","E","F","M","5","0","U","X","Y","A","6",0,0,0,"000000000","00000000000",0,0,0,1,0,0,0,0,0,0,0,998,0,1,5,12,6,2,35,0,0,0,1,17,62896,6,1,0,0,3,3,63,330,0,0,0,0,0,0,0,0,0,3,99,99,99,99,1,2,55,3,1,2,1,0,0,14,13,99,9,4,1,"777777777777","777777777777","777777777777",1,0