"STATE","ST_CASE","VEH_NO","VE_FORMS","NUMOCCS","DAY","MONTH","HOUR","MINUTE","HARM_EV","MAN_COLL","UNITTYPE","HIT_RUN","REG_STAT","OWNER","MAKE","MODEL","MAK_MOD","BODY_TYP","MOD_YEAR","VIN","VIN_1","VIN_2","VIN_3","VIN_4","VIN_5","VIN_6","VIN_7","VIN_8","VIN_9","VIN_10","VIN_11","VIN_12","TOW_VEH","J_KNIFE","MCARR_I1","MCARR_I2","MCARR_ID","GVWR","V_CONFIG","CARGO_BT","HAZ_INV","HAZ_PLAC","HAZ_ID","HAZ_CNO","HAZ_REL","BUS_USE","SPEC_USE","EMER_USE","TRAV_SP","UNDERIDE","ROLLOVER","ROLINLOC","IMPACT1","DEFORMED","TOWED","M_HARM","VEH_SC1","VEH_SC2","FIRE_EXP","DR_PRES","L_STATE","DR_ZIP","L_STATUS","L_TYPE","CDL_STAT","L_ENDORS","L_COMPL","L_RESTRI","DR_HGT","DR_WGT","PREV_ACC","PREV_SUS","PREV_DWI","PREV_SPD","PREV_OTH","FIRST_MO","FIRST_YR","LAST_MO","LAST_YR","SPEEDREL","DR_SF1","DR_SF2","DR_SF3","DR_SF4","VTRAFWAY","VNUM_LAN","VSPD_LIM","VALIGN","VPROFILE","VPAVETYP","VSURCOND","VTRAFCON","VTCONT_F","P_CRASH1","P_CRASH2","P_CRASH3","PCRASH4","PCRASH5","ACC_TYPE","TRLR1VIN","TRLR2VIN","TRLR3VIN","DEATHS","DR_DRINK"
17,170868,1,1,2,16,10,21,13,34,0,1,1,17,1,72,706,72706,80,2007,"1HD1FC4177Y6","1","H","D","1","F","C","4","1","7","7","Y","6",0,0,0,"000000000","00000000000",0,0,0,1,0,0,0,0,0,0,0,998,0,0,0,12,8,2,34,0,0,0,1,17,60551,6,1,0,0,3,0,68,190,0,2,0,0,0,3,2014,4,2014,0,99,99,99,99,1,2,55,2,1,2,1,0,0,14,12,99,9,4,6,"777777777777","777777777777","777777777777",1,1
17,170870,1,3,1,31,10,20,8,57,0,1,0,17,1,6,51,6051,4,2005,"2C3JA53GX5H6","2","C","3","J","A","5","3","G","X","5","H","6",0,0,0,"000000000","00000000000",0,0,0,1,0,0,0,0,0,0,0,998,0,0,0,12,8,2,12,0,0,0,1,17,60443,6,1,6,0,3,3,68,189,0,0,0,0,0,0,0,0,0,9,28,0,0,0,3,2,55,1,1,2,1,0,0,1,12,99,9,4,6,"777777777777","777777777777","777777777777",1,0
17,170870,2,3,2,31,10,20,8,57,0,1,0,17,1,37,402,37402,14,2016,"5J6RM4H91GL0","5","J","6","R","M","4","H","9","1","G","L","0",0,0,0,"000000000","00000000000",0,0,0,1,0,0,0,0,0,0,0,998,0,0,0,12,8,2,12,0,0,0,1,17,60614,6,1,0,0,3,0,68,150,0,0,0,1,0,7,2015,7,2015,0,0,0,0,0,3,2,55,1,1,2,1,0,0,1,62,99,9,1,98,"777777777777","777777777777","777777777777",0,0
17,170870,3,3,2,31,10,20,8,57,0,1,0,17,1,7,442,7442,20,2006,"2D4GP44L26R6","2","D","4","G","P","4","4","L","2","6","R","6",0,0,0,"000000000","00000000000",0,0,0,1,0,0,0,0,0,0,0,998,0,0,0,11,8,2,54,0,0,0,1,17,60453,6,1,0,0,3,0,66,125,0,0,0,0,0,0,0,0,0,0,81,0,0,0,3,2,55,1,1,2,1,0,0,1,90,99,9,3,98,"777777777777","777777777777","777777777777",0,0
17,170871,1,1,1,7,10,8,19,18,0,1,0,17,1,12,27,12027,5,2013,"1FADP5AU1DL5","1","F","A","D","P","5","A","U","1","D","L","5",0,0,0,"000000000","00000000000",0,0,0,1,0,0,0,0,0,0,0,998,0,0,0,11,8,5,18,0,0,0,1,17,62702,6,1,0,0,3,0,67,150,0,0,0,0,0,0,0,0,0,0,0,0,0,0,1,4,30,1,1,2,1,2,3,11,90,99,1,1,15,"777777777777","777777777777","777777777777",0,0
17,170872,1,1,1,19,9,13,58,9,0,1,1,17,1,73,705,73705,80,2002,"JKAVNDA182B5","J","K","A","V","N","D","A","1","8","2","B","5",0,0,0,"000000000","00000000000",0,0,0,1,0,0,0,0,0,0,0,998,0,0,0,12,8,2,9,0,0,0,1,17,60639,6,1,0,0,2,0,71,165,0,0,0,0,1,4,2013,4,2013,0,28,0,0,0,1,2,35,1,1,2,1,0,0,1,83,16,1,1,13,"777777777777","777777777777","777777777777",0,0
17,170873,1,2,1,22,10,12,45,12,6,1,0,17,1,22,441,22441,20,2005,"1GMDV33L95D2","1","G","M","D","V","3","3","L","9","5","D","2",0,0,0,"000000000","00000000000",0,0,0,1,0,0,0,0,0,0,0,998,0,1,5,1,6,2,12,0,0,0,1,17,61851,6,1,0,0,3,3,69,260,0,0,0,0,0,0,0,0,0,4,38,0,0,0,1,2,55,1,1,2,1,0,0,1,17,99,9,3,87,"777777777777","777777777777","777777777777",0,0
17,170873,2,2,4,22,10,12,45,12,6,1,0,17,1,20,36,20036,2,2003,"2G1WW12E3391","2","G","1","W","W","1","2","E","3","3","9","1",0,0,0,"000000000","00000000000",0,0,0,1,0,0,0,0,0,0,0,998,0,0,0,12,6,2,12,0,0,0,1,17,61851,6,1,0,0,3,3,66,165,0,0,0,0,1,9,2016,9,2016,0,99,99,99,99,1,2,55,1,1,2,1,0,0,1,66,99,9,3,86,"777777777777","777777777777","777777777777",1,0
17,170874,1,2,1,14,10,9,35,12,1,1,0,17,1,7,881,7881,64,2016,"3C7WRTCL6GG2","3","C","7","W","R","T","C","L","6","G","G","2",0,0,88,"888888888","88888888888",2,1,98,1,0,0,0,0,0,0,0,998,0,0,0,12,8,5,12,0,0,0,1,17,60124,6,1,6,0,3,3,72,200,0,0,0,0,0,0,0,0,0,4,26,0,0,0,1,4,55,1,1,2,1,3,3,1,50,99,9,3,20,"777777777777","777777777777","777777777777",0,0
17,170874,2,2,2,14,10,9,35,12,1,1,0,17,2,18,23,18023,4,2007,"1G4HD57277U2","1","G","4","H","D","5","7","2","7","7","U","2",0,0,0,"000000000","00000000000",0,0,0,1,0,0,0,0,0,0,0,0,0,0,0,6,8,5,12,0,0,0,1,17,61054,6,1,0,0,3,0,64,140,0,0,0,0,0,0,0,0,0,0,54,0,0,0,1,4,55,1,1,2,1,3,3,5,53,1,1,3,21,"777777777777","777777777777","777777777777",1,0
17,170875,1,1,1,25,10,11,34,30,0,1,0,17,1,12,402,12402,14,2002,"1FMYU03122KB","1","F","M","Y","U","0","3","1","2","2","K","B",0,0,0,"000000000","00000000000",0,0,0,1,0,0,0,0,0,0,0,998,0,0,0,12,8,2,30,0,0,0,1,17,60707,6,1,0,0,3,3,65,135,0,0,0,0,1,9,2015,9,2015,0,99,99,99,99,0,0,0,0,0,0,0,0,0,1,12,99,1,4,6,"777777777777","777777777777","777777777777",1,0
17,170876,1,1,2,8,9,21,51,8,0,1,0,17,1,20,37,20037,4,2000,"1G1NE52J5Y63","1","G","1","N","E","5","2","J","5","Y","6","3",0,0,0,"000000000","00000000000",0,0,0,1,0,0,0,0,0,0,0,998,0,0,0,12,8,5,8,0,0,0,1,17,61114,6,1,0,0,3,0,68,250,0,0,0,0,0,0,0,0,0,0,0,0,0,0,5,4,45,1,1,2,1,0,0,1,80,99,1,1,13,"777777777777","777777777777","777777777777",0,0
17,170877,1,1,1,23,10,3,0,42,0,1,0,1,2,12,401,12401,14,1998,"1FMZU32P9WZC","1","F","M","Z","U","3","2","P","9","W","Z","C",0,0,0,"000000000","00000000000",0,0,0,1,0,0,0,0,0,0,0,998,0,0,0,12,8,2,42,0,0,0,1,1,35226,1,1,0,0,2,3,74,212,0,0,0,1,0,6,2012,6,2012,0,28,0,0,0,2,2,70,1,1,2,1,0,0,1,11,99,1,4,1,"777777777777","777777777777","777777777777",1,0
17,170878,1,1,1,4,11,5,0,52,0,1,0,17,2,24,5,24005,4,2002,"1G8JS54F12Y5","1","G","8","J","S","5","4","F","1","2","Y","5",0,0,0,"000000000","00000000000",0,0,0,1,0,0,0,0,0,0,0,998,0,1,4,12,8,2,52,0,0,0,1,17,62025,6,1,0,0,3,0,69,145,0,0,0,0,0,0,0,0,0,0,27,0,0,0,2,2,70,1,1,2,1,0,0,99,99,99,9,4,5,"777777777777","777777777777","777777777777",1,0
17,170879,1,1,5,2,11,2,34,24,0,1,0,47,1,58,421,58421,15,2010,"5N3ZA0NF5AN9","5","N","3","Z","A","0","N","F","5","A","N","9",0,0,0,"000000000","00000000000",0,0,0,1,0,0,0,0,0,0,0,998,0,1,1,12,6,2,1,0,0,0,1,47,37914,6,1,0,0,3,0,76,200,1,0,0,1,0,11,2012,6,2014,0,27,0,0,0,2,2,70,1,1,2,1,0,0,1,87,6,9,4,8,"777777777777","777777777777","777777777777",2,0
17,170880,1,1,1,5,11,4,40,42,0,1,0,17,1,6,54,6054,6,2005,"2C4GM68485R6","2","C","4","G","M","6","8","4","8","5","R","6",0,0,0,"000000000","00000000000",0,0,0,1,0,0,0,0,0,0,0,998,0,1,5,12,8,2,1,0,0,0,1,17,62411,6,1,0,0,3,1,76,250,0,0,0,0,0,0,0,0,0,0,28,0,0,0,1,2,55,2,1,2,1,0,0,14,12,99,1,4,6,"777777777777","777777777777","777777777777",1,0
17,170881,1,1,1,6,11,11,41,34,0,1,0,17,2,55,401,55401,14,2002,"KM8SC73D22U2","K","M","8","S","C","7","3","D","2","2","U","2",0,0,0,"000000000","00000000000",0,0,0,1,0,0,0,0,0,0,0,998,0,1,5,1,6,2,19,0,0,0,1,17,62236,6,1,0,0,3,0,62,185,0,0,0,1,0,1,2013,1,2013,3,35,0,0,0,5,4,45,1,1,2,1,0,0,6,6,99,2,4,2,"777777777777","777777777777","777777777777",1,0
17,170883,1,1,1,1,11,6,55,33,0,1,0,17,2,2,404,2404,14,2000,"1J4GW58N3YC3","1","J","4","G","W","5","8","N","3","Y","C","3",0,0,0,"000000000","00000000000",0,0,0,1,0,0,0,0,0,0,0,998,0,0,0,12,8,2,8,0,0,0,1,17,60175,6,2,0,0,3,3,65,155,0,0,0,0,0,0,0,0,0,4,0,0,0,0,2,6,45,1,1,2,1,0,0,1,9,99,9,4,7,"777777777777","777777777777","777777777777",0,0
17,170884,1,2,2,5,11,22,31,12,6,1,0,17,2,18,2,18002,4,1993,"1G4HR53L4PH4","1","G","4","H","R","5","3","L","4","P","H","4",0,0,0,"000000000","00000000000",0,0,0,1,0,0,0,0,0,0,0,998,0,0,0,9,6,2,12,0,0,0,1,17,62257,6,1,0,0,3,0,75,172,0,0,0,0,0,0,0,0,0,0,39,0,0,0,1,2,55,1,1,2,1,20,3,1,17,99,1,1,89,"777777777777","777777777777","777777777777",1,0
17,170884,2,2,4,5,11,22,31,12,6,1,0,17,2,12,401,12401,14,2014,"1FM5K7B81EGA","1","F","M","5","K","7","B","8","1","E","G","A",0,0,0,"000000000","00000000000",0,0,0,1,0,0,0,0,0,0,0,998,0,0,0,12,8,2,12,0,0,0,1,17,62258,6,1,0,0,3,0,66,115,0,0,0,1,0,5,2013,5,2013,0,0,0,0,0,1,2,55,1,1,2,1,0,0,1,55,99,1,1,88,"777777777777","777777777777","777777777777",0,0
17,170885,1,2,2,5,11,17,4,12,6,1,0,17,3,20,471,20471,30,2002,"1GCCS19W2281","1","G","C","C","S","1","9","W","2","2","8","1",0,0,0,"000000000","00000000000",0,0,0,1,0,0,0,0,0,0,0,998,0,9,5,3,6,2,2,0,0,1,1,17,60538,6,2,0,0,3,3,71,195,0,0,0,0,0,0,0,0,0,0,52,0,0,0,1,2,55,1,1,2,1,20,3,3,17,99,9,3,87,"777777777777","777777777777","777777777777",2,0
17,170885,2,2,1,5,11,17,4,12,6,1,0,17,2,87,884,87884,66,1975,"77789N","7","7","7","8","9","N","","","","","","",1,1,88,"888888888","88888888888",3,6,8,1,0,0,0,0,0,0,0,998,0,1,5,12,6,2,1,0,0,0,1,17,60140,6,1,6,0,3,3,70,180,0,0,0,0,0,0,0,0,0,0,0,0,0,0,1,2,55,1,1,2,1,0,0,1,66,1,1,1,86,"1W1MAYA0VA22","777777777777","777777777777",0,0
17,170886,1,2,2,7,11,15,27,12,6,1,0,17,1,55,35,55035,4,2002,"KMHDN45D72U3","K","M","H","D","N","4","5","D","7","2","U","3",0,0,0,"000000000","00000000000",0,0,0,1,0,0,0,0,0,0,0,998,1,0,0,12,6,2,12,0,0,0,1,17,61523,6,1,0,0,3,0,64,125,0,0,0,0,3,8,2014,2,2016,0,39,0,0,0,1,6,55,1,1,2,1,3,3,1,17,1,1,1,83,"777777777777","777777777777","777777777777",2,0
17,170886,2,2,4,7,11,15,27,12,6,1,0,17,3,90,983,90983,50,2006,"1BABNBKA46F2","1","B","A","B","N","B","K","A","4","6","F","2",0,0,77,"777777777","77777777777",3,21,22,1,0,0,0,0,1,2,0,998,0,0,0,9,8,2,12,0,0,0,1,17,61523,6,1,6,0,3,0,69,275,0,0,0,0,0,0,0,0,0,0,0,0,0,0,1,2,98,1,1,2,1,3,3,11,66,1,1,1,82,"777777777777","777777777777","777777777777",0,0
17,170887,1,1,1,6,11,17,0,34,0,1,0,17,2,12,402,12402,14,2006,"1FMYU031X6KB","1","F","M","Y","U","0","3","1","X","6","K","B",0,0,0,"000000000","00000000000",0,0,0,1,0,0,0,0,0,0,0,998,0,1,5,12,6,2,42,0,0,0,1,17,62263,6,1,0,0,3,0,72,200,0,0,0,0,0,0,0,0,0,0,99,99,99,99,1,2,55,1,1,2,1,0,0,1,12,99,9,4,6,"777777777777","777777777777","777777777777",1,1
17,170888,1,2,1,9,11,5,20,12,1,1,0,19,1,41,50,41050,4,2012,"1YVHZ8DH0C5M","1","Y","V","H","Z","8","D","H","0","C","5","M",0,0,0,"000000000","00000000000",0,0,0,1,0,0,0,0,0,0,0,998,0,0,0,12,8,2,12,0,0,0,1,19,52732,6,1,0,0,3,3,74,190,0,0,0,0,1,2,2014,2,2014,4,38,0,0,0,1,2,55,1,1,2,1,0,0,1,50,99,9,1,20,"777777777777","777777777777","777777777777",1,0
17,170888,2,2,1,9,11,5,20,12,1,1,0,17,1,85,881,85881,66,1996,"1XKAD69X4TR6","1","X","K","A","D","6","9","X","4","T","R","6",1,1,57,"1599990","571599990",3,6,1,1,0,0,0,0,0,0,0,0,0,0,0,6,8,5,12,0,0,0,1,17,61252,6,1,6,0,3,0,76,250,0,0,0,0,0,0,0,0,0,0,54,0,0,0,1,2,55,1,1,2,1,0,0,5,53,1,1,1,22,"888888888888","777777777777","777777777777",0,0
17,170889,1,3,1,7,11,14,3,12,2,1,0,17,2,12,401,12401,14,1998,"1FMYU24E2WUC","1","F","M","Y","U","2","4","E","2","W","U","C",0,0,0,"000000000","00000000000",0,0,0,1,0,0,0,0,0,0,0,998,0,0,0,12,6,2,12,0,0,1,1,17,60938,2,1,0,0,2,0,70,170,0,0,0,0,0,0,0,0,0,0,28,35,0,0,1,2,98,1,1,1,1,0,0,6,54,99,1,2,50,"777777777777","777777777777","777777777777",1,0
17,170889,2,3,1,7,11,14,3,12,2,1,0,28,3,82,881,82881,63,2016,"3AKGGLD50GSB","3","A","K","G","G","L","D","5","0","G","S","B",0,0,57,"154237","57154237",3,1,98,1,0,0,0,0,0,0,0,998,0,0,0,12,8,2,12,0,0,0,1,48,75702,6,1,6,9,3,3,999,999,0,8,0,0,0,1,2013,5,2015,0,0,0,0,0,1,2,98,1,1,1,1,0,0,1,62,9,1,1,51,"777777777777","777777777777","777777777777",0,0
17,170889,3,3,2,7,11,14,3,12,2,1,0,17,2,37,441,37441,20,2002,"5FNRL18582B0","5","F","N","R","L","1","8","5","8","2","B","0",0,0,0,"000000000","00000000000",0,0,0,1,0,0,0,0,0,0,0,998,0,1,1,9,6,2,1,0,0,0,1,17,60901,6,1,0,0,3,0,61,200,0,0,0,0,0,0,0,0,0,0,0,0,0,0,1,2,98,1,1,1,1,0,0,1,60,99,1,1,98,"777777777777","777777777777","777777777777",0,0
17,170890,1,6,1,8,11,21,17,12,6,1,1,13,3,85,881,85881,66,2009,"1XKAD49XX9J2","1","X","K","A","D","4","9","X","X","9","J","2",0,0,77,"777777777","77777777777",3,5,96,1,0,0,0,0,0,0,0,998,0,0,0,12,6,2,12,0,0,0,1,13,30906,6,1,6,0,3,1,73,260,98,0,0,0,1,1,2014,1,2014,4,39,0,0,0,1,3,45,1,1,2,1,3,3,1,17,99,9,1,88,"777777777777","777777777777","777777777777",0,0
17,170890,2,6,2,8,11,21,17,12,6,1,0,17,2,12,471,12471,30,2002,"1FTYR14U72PA","1","F","T","Y","R","1","4","U","7","2","P","A",0,0,0,"000000000","00000000000",0,0,0,1,0,0,0,0,0,0,0,998,0,0,0,7,6,2,12,0,0,0,1,17,62254,6,7,0,0,3,0,72,135,0,0,0,0,0,0,0,0,0,0,0,0,0,0,1,5,45,1,1,2,1,3,3,3,66,99,1,1,89,"777777777777","777777777777","777777777777",0,0
17,170890,3,6,1,8,11,21,17,12,6,1,0,17,1,12,402,12402,14,2015,"1FMCU0GX4FUC","1","F","M","C","U","0","G","X","4","F","U","C",0,0,0,"000000000","00000000000",0,0,0,1,0,0,0,0,0,0,0,0,0,1,1,12,6,2,12,0,0,0,1,17,62289,6,1,0,0,3,3,66,200,0,0,0,0,0,0,0,0,0,0,0,0,0,0,1,4,45,1,1,2,1,0,0,1,62,99,9,3,98,"777777777777","777777777777","777777777777",1,0
17,170890,4,6,2,8,11,21,17,12,6,1,0,17,1,63,402,63402,14,2011,"5XYKT4A29BG0","5","X","Y","K","T","4","A","2","9","B","G","0",0,0,0,"000000000","00000000000",0,0,0,1,0,0,0,0,0,0,0,998,0,0,0,9,8,2,54,0,0,0,1,17,62269,6,1,0,0,3,0,70,167,0,0,0,0,0,0,0,0,0,0,0,0,0,0,1,4,45,1,1,2,1,0,0,1,98,99,9,9,98,"777777777777","777777777777","777777777777",0,0
17,170890,5,6,1,8,11,21,17,12,6,1,0,17,2,6,52,6052,6,2001,"3C4FY4BB51T6","3","C","4","F","Y","4","B","B","5","1","T","6",0,0,0,"000000000","00000000000",0,0,0,1,0,0,0,0,0,0,0,998,0,0,0,9,8,2,12,0,0,0,1,17,62226,6,1,0,0,3,3,66,149,0,0,0,0,0,0,0,0,0,0,0,0,0,0,1,4,45,1,1,2,1,0,0,1,62,7,9,3,98,"777777777777","777777777777","777777777777",0,0
17,170890,6,6,1,8,11,21,17,12,6,1,0,17,1,37,32,37032,4,2006,"1HGCM56816A0","1","H","G","C","M","5","6","8","1","6","A","0",0,0,0,"000000000","00000000000",0,0,0,1,0,0,0,0,0,0,0,998,0,0,0,12,8,2,54,0,0,0,1,17,62254,6,2,0,0,3,0,63,130,0,0,0,0,0,0,0,0,0,0,0,0,0,0,1,4,45,1,1,2,1,0,0,1,98,99,9,9,98,"777777777777","777777777777","777777777777",0,0
17,170891,1,2,1,12,11,6,20,12,2,1,0,17,1,37,32,37032,4,2000,"1HGCG5643YA0","1","H","G","C","G","5","6","4","3","Y","A","0",0,0,0,"000000000","00000000000",0,0,0,1,0,0,0,0,0,0,0,998,0,0,0,12,8,2,12,0,0,0,1,17,60827,1,1,0,0,2,0,65,162,0,2,0,2,2,3,2014,7,2016,3,0,0,0,0,1,2,45,1,1,2,1,28,3,6,6,99,2,2,50,"777777777777","777777777777","777777777777",1,0
17,170891,2,2,1,12,11,6,20,12,2,1,0,17,1,23,401,23401,14,2003,"1GKET16S1361","1","G","K","E","T","1","6","S","1","3","6","1",0,0,0,"000000000","00000000000",0,0,0,1,0,0,0,0,0,0,0,998,0,0,0,12,8,2,12,0,0,0,1,17,60423,6,1,0,0,3,0,72,189,0,0,0,0,1,4,2016,4,2016,0,0,0,0,0,1,2,45,1,1,2,1,0,0,1,62,99,9,3,51,"777777777777","777777777777","777777777777",0,0
17,170892,1,1,1,11,11,10,10,1,0,1,0,17,1,23,401,23401,14,2003,"1GKDT13S0322","1","G","K","D","T","1","3","S","0","3","2","2",0,0,0,"000000000","00000000000",0,0,0,1,0,0,0,0,0,0,0,998,0,1,5,0,6,2,1,0,0,0,1,17,62957,0,0,0,0,2,0,999,999,0,0,0,0,0,0,0,0,0,4,99,99,99,99,1,2,55,1,1,2,98,0,0,1,6,99,3,4,2,"777777777777","777777777777","777777777777",1,1
17,170894,1,2,1,12,11,16,34,12,2,1,0,17,2,12,23,12023,4,2012,"3FAHP0HA1CR4","3","F","A","H","P","0","H","A","1","C","R","4",0,0,0,"000000000","00000000000",0,0,0,1,0,0,0,0,0,0,0,998,0,0,0,12,6,2,12,0,0,0,1,17,62427,6,1,0,0,3,0,64,165,0,0,0,0,0,0,0,0,0,0,28,38,0,0,1,2,55,1,1,2,1,0,0,1,10,99,9,2,50,"777777777777","777777777777","777777777777",1,1
17,170894,2,2,1,12,11,16,34,12,2,1,0,17,1,20,16,20016,2,2001,"1G1JC1243172","1","G","1","J","C","1","2","4","3","1","7","2",0,0,0,"000000000","00000000000",0,0,0,1,0,0,0,0,0,0,0,998,0,9,5,12,6,2,12,0,0,0,1,17,62427,6,1,0,0,3,0,71,220,0,0,0,1,0,5,2013,5,2013,0,0,0,0,0,1,2,55,1,1,2,1,0,0,1,62,99,9,3,51,"777777777777","777777777777","777777777777",1,0
17,170895,1,1,1,12,11,17,27,8,0,1,0,17,2,2,404,2404,14,2006,"1J4HR48NX6C3","1","J","4","H","R","4","8","N","X","6","C","3",0,0,0,"000000000","00000000000",0,0,0,1,0,0,0,0,0,0,0,998,0,0,0,12,8,2,8,0,0,0,1,17,60452,6,1,0,0,3,3,71,220,0,0,0,0,0,0,0,0,0,0,0,0,0,0,1,3,40,1,1,2,1,1,3,1,80,99,9,3,13,"777777777777","777777777777","777777777777",0,0
17,170896,1,2,1,13,11,14,36,12,6,1,0,17,1,24,401,24401,14,2007,"5GZCZ63497S8","5","G","Z","C","Z","6","3","4","9","7","S","8",0,0,0,"000000000","00000000000",0,0,0,1,0,0,0,0,0,0,0,998,0,0,0,1,8,2,12,0,0,0,1,17,60450,6,1,0,0,3,3,65,170,0,0,0,0,0,0,0,0,0,0,38,0,0,0,1,2,98,1,1,2,98,0,0,11,15,99,9,3,68,"777777777777","777777777777","777777777777",0,0
17,170896,2,2,1,13,11,14,36,12,6,1,0,17,1,72,706,72706,80,1999,"1HD1FSW17XY6","1","H","D","1","F","S","W","1","7","X","Y","6",0,0,0,"000000000","00000000000",0,0,0,1,0,0,0,0,0,0,0,998,0,0,0,12,6,2,12,0,0,0,1,17,60416,6,1,0,0,3,0,68,160,0,0,0,0,0,0,0,0,0,0,0,0,0,0,1,2,98,1,1,2,98,0,0,1,62,99,9,3,69,"777777777777","777777777777","777777777777",1,0
17,170897,1,1,1,6,11,23,9,25,0,1,0,17,1,2,404,2404,14,2003,"1J4GW48N43C5","1","J","4","G","W","4","8","N","4","3","C","5",0,0,0,"000000000","00000000000",0,0,0,1,0,0,0,0,0,0,0,998,0,0,0,12,8,2,25,0,0,0,1,17,60638,6,1,0,0,3,0,66,160,0,0,0,0,0,0,0,0,0,3,99,99,99,99,1,4,45,3,1,2,1,1,3,14,99,99,9,4,5,"777777777777","777777777777","777777777777",1,1
17,170898,1,1,1,7,11,17,43,8,0,1,0,17,1,20,481,20481,31,2000,"1GCEK19T4YE2","1","G","C","E","K","1","9","T","4","Y","E","2",0,0,0,"000000000","00000000000",0,0,0,1,0,0,0,0,0,0,0,998,0,0,0,11,8,5,8,0,0,0,1,17,61046,6,1,6,0,3,3,69,170,0,0,0,1,0,10,2014,10,2014,0,0,0,0,0,1,2,35,1,1,2,1,0,0,1,81,16,1,1,13,"777777777777","777777777777","777777777777",0,0
17,170899,1,1,1,9,11,14,5,59,0,1,0,17,2,49,482,49482,31,2002,"5TBRT34142S3","5","T","B","R","T","3","4","1","4","2","S","3",0,0,0,"000000000","00000000000",0,0,0,1,0,0,0,0,0,0,0,998,0,0,0,12,8,2,14,0,0,0,1,17,60134,6,1,0,0,3,0,70,180,0,0,0,0,0,0,0,0,0,9,99,99,99,99,1,2,35,1,1,2,1,0,0,1,12,99,9,4,6,"777777777777","777777777777","777777777777",1,1
17,170900,1,2,1,9,11,14,35,12,6,1,0,0,0,98,998,98998,92,2002,"850466302","8","5","0","4","6","6","3","0","2","","","",0,0,0,"000000000","00000000000",0,0,0,1,0,0,0,0,0,0,0,998,0,1,1,1,8,2,12,0,0,0,1,17,60924,6,1,0,0,1,0,68,170,0,0,0,0,0,0,0,0,0,0,38,0,0,0,1,2,55,1,1,2,1,0,0,1,17,99,9,3,87,"777777777777","777777777777","777777777777",1,0
17,170900,2,2,1,9,11,14,35,12,6,1,0,17,1,84,884,84884,64,2002,"1HTWGADT02J0","1","H","T","W","G","A","D","T","0","2","J","0",0,0,57,"964253","57964253",3,2,2,1,0,0,0,0,0,0,0,998,0,9,5,12,8,2,12,0,0,0,1,17,60928,6,1,6,0,3,0,73,210,0,0,0,0,0,0,0,0,0,0,0,0,0,0,1,2,55,1,1,2,1,0,0,1,66,99,9,1,86,"777777777777","777777777777","777777777777",0,0
17,170901,1,2,4,3,11,18,56,12,6,1,0,17,1,7,27,7027,6,2010,"3D4PG5FV5AT2","3","D","4","P","G","5","F","V","5","A","T","2",0,0,0,"000000000","00000000000",0,0,0,1,0,0,0,0,0,0,0,998,0,0,0,3,6,2,12,0,0,0,1,17,60110,6,1,0,0,3,3,61,110,0,0,0,0,0,0,0,0,0,0,48,0,0,0,2,4,45,1,1,1,1,0,0,11,15,99,1,2,68,"777777777777","777777777777","777777777777",1,0
17,170901,2,2,1,3,11,18,56,12,6,1,0,17,1,12,471,12471,30,2001,"1FTZR15E61PA","1","F","T","Z","R","1","5","E","6","1","P","A",0,0,0,"000000000","00000000000",0,0,0,1,0,0,0,0,0,0,0,998,0,0,0,12,6,2,12,0,0,1,1,17,60110,6,1,0,0,3,0,68,135,0,0,0,1,0,4,2016,4,2016,3,0,0,0,0,2,4,45,1,1,1,1,0,0,1,55,99,1,1,69,"777777777777","777777777777","777777777777",0,1
17,170902,1,1,1,14,11,1,50,32,0,1,0,17,1,2,403,2403,14,2013,"1C4AJWBG2DL6","1","C","4","A","J","W","B","G","2","D","L","6",0,0,0,"000000000","00000000000",0,0,0,1,0,0,0,0,0,0,0,66,0,1,5,12,6,2,1,0,0,0,1,17,60634,6,1,0,0,3,0,67,135,0,0,0,0,0,0,0,0,0,0,99,99,99,99,1,2,55,1,1,2,1,0,0,1,13,99,9,4,1,"777777777777","777777777777","777777777777",1,0
17,170903,1,2,1,14,11,14,26,12,6,1,0,17,1,49,40,49040,4,2012,"4T4BF1FK1CR2","4","T","4","B","F","1","F","K","1","C","R","2",0,0,0,"000000000","00000000000",0,0,0,1,0,0,0,0,0,0,0,998,0,0,0,9,6,2,12,0,0,0,1,17,60628,6,1,0,0,3,0,62,190,0,0,0,0,0,0,0,0,0,9,38,0,0,0,1,2,55,1,1,2,1,20,3,11,15,99,9,1,82,"777777777777","777777777777","777777777777",1,0
17,170903,2,2,1,14,11,14,26,12,6,1,0,18,3,82,881,82881,66,2016,"3AKGGLDR0GSG","3","A","K","G","G","L","D","R","0","G","S","G",1,1,57,"291139","57291139",3,6,1,1,0,0,0,0,0,0,0,998,0,0,0,12,8,2,12,0,0,0,1,18,47905,6,1,6,0,3,3,71,275,0,0,0,0,2,3,2013,4,2015,9,0,0,0,0,1,2,55,3,2,2,1,0,0,14,67,99,9,1,83,"888888888888","777777777777","777777777777",0,0
17,170904,1,1,3,13,11,5,39,42,0,1,0,17,1,35,39,35039,4,2016,"1N4AA6AP1GC3","1","N","4","A","A","6","A","P","1","G","C","3",0,0,0,"000000000","00000000000",0,0,0,1,0,0,0,0,0,0,0,998,0,0,0,9,6,2,42,0,0,0,1,98,60056,0,0,0,0,0,0,999,999,0,0,0,0,0,0,0,0,0,3,0,0,0,0,1,2,45,2,1,2,1,28,3,14,6,99,2,4,7,"777777777777","777777777777","777777777777",2,1