"STATE","ST_CASE","VEH_NO","VE_FORMS","NUMOCCS","DAY","MONTH","HOUR","MINUTE","HARM_EV","MAN_COLL","UNITTYPE","HIT_RUN","REG_STAT","OWNER","MAKE","MODEL","MAK_MOD","BODY_TYP","MOD_YEAR","VIN","VIN_1","VIN_2","VIN_3","VIN_4","VIN_5","VIN_6","VIN_7","VIN_8","VIN_9","VIN_10","VIN_11","VIN_12","TOW_VEH","J_KNIFE","MCARR_I1","MCARR_I2","MCARR_ID","GVWR","V_CONFIG","CARGO_BT","HAZ_INV","HAZ_PLAC","HAZ_ID","HAZ_CNO","HAZ_REL","BUS_USE","SPEC_USE","EMER_USE","TRAV_SP","UNDERIDE","ROLLOVER","ROLINLOC","IMPACT1","DEFORMED","TOWED","M_HARM","VEH_SC1","VEH_SC2","FIRE_EXP","DR_PRES","L_STATE","DR_ZIP","L_STATUS","L_TYPE","CDL_STAT","L_ENDORS","L_COMPL","L_RESTRI","DR_HGT","DR_WGT","PREV_ACC","PREV_SUS","PREV_DWI","PREV_SPD","PREV_OTH","FIRST_MO","FIRST_YR","LAST_MO","LAST_YR","SPEEDREL","DR_SF1","DR_SF2","DR_SF3","DR_SF4","VTRAFWAY","VNUM_LAN","VSPD_LIM","VALIGN","VPROFILE","VPAVETYP","VSURCOND","VTRAFCON","VTCONT_F","P_CRASH1","P_CRASH2","P_CRASH3","PCRASH4","PCRASH5","ACC_TYPE","TRLR1VIN","TRLR2VIN","TRLR3VIN","DEATHS","DR_DRINK"
18,180066,1,2,1,11,2,14,50,12,8,1,0,18,1,22,20,22020,4,2006,"2G2WP5527612","2","G","2","W","P","5","5","2","7","6","1","2",0,0,0,"000000000","00000000000",0,0,0,1,0,0,0,0,0,0,0,998,0,0,0,1,6,2,12,0,0,0,1,18,46385,6,1,0,0,3,0,68,150,0,0,0,0,0,0,0,0,0,3,33,58,91,0,1,2,55,1,1,2,1,0,0,1,10,7,2,2,66,"777777777777","777777777777","777777777777",0,0
18,180066,2,2,2,11,2,14,50,12,8,1,0,18,1,34,35,34035,4,1998,"WBADD6324WBW","W","B","A","D","D","6","3","2","4","W","B","W",0,0,0,"000000000","00000000000",0,0,0,1,0,0,0,0,0,0,0,998,0,0,0,11,6,2,12,0,0,0,1,18,47906,6,1,0,0,3,0,66,125,0,0,0,0,0,0,0,0,0,0,0,0,0,0,1,2,55,1,1,2,1,0,0,1,62,99,1,1,66,"777777777777","777777777777","777777777777",1,0
18,180067,1,2,1,12,2,20,39,12,2,1,0,18,2,18,20,18020,4,1992,"2G4WB54T5N14","2","G","4","W","B","5","4","T","5","N","1","4",0,0,0,"000000000","00000000000",0,0,0,1,0,0,0,0,0,0,0,998,0,0,0,12,6,2,12,0,0,0,1,18,47340,6,1,5,0,3,0,76,220,0,1,0,1,2,1,2012,5,2015,0,28,0,0,0,1,2,55,1,1,2,3,0,0,1,10,1,1,2,50,"777777777777","777777777777","777777777777",1,0
18,180067,2,2,1,12,2,20,39,12,2,1,0,18,3,82,898,82898,66,2016,"3AKJGBDV9GDG","3","A","K","J","G","B","D","V","9","G","D","G",1,1,57,"000268015","57000268015",3,6,2,1,0,0,0,0,0,0,0,998,0,0,0,12,6,2,12,0,0,0,1,13,30523,6,1,6,1,3,0,71,185,98,0,0,0,0,0,0,0,0,0,0,0,0,0,1,2,55,1,1,2,3,0,0,1,62,7,1,1,51,"888888888888","777777777777","777777777777",0,0
18,180068,1,1,1,13,2,19,59,8,0,1,0,18,1,23,401,23401,14,2001,"1GKCS18W91K2","1","G","K","C","S","1","8","W","9","1","K","2",0,0,0,"000000000","00000000000",0,0,0,1,0,0,0,0,0,0,0,998,0,0,0,1,8,3,8,0,0,0,1,18,46385,6,1,0,0,3,0,60,105,0,0,0,0,0,0,0,0,0,0,0,0,0,0,1,2,45,1,1,2,1,0,0,1,80,6,1,3,13,"777777777777","777777777777","777777777777",0,0
18,180069,1,1,2,14,2,14,25,42,0,1,0,18,1,23,472,23472,30,2012,"1GTH6MFE8C81","1","G","T","H","6","M","F","E","8","C","8","1",0,0,0,"000000000","00000000000",0,0,0,1,0,0,0,0,0,0,0,998,0,1,5,1,6,2,42,0,0,0,1,18,47230,6,1,0,0,3,0,69,200,0,0,0,0,0,0,0,0,0,0,87,0,0,0,1,5,45,3,2,2,3,0,0,14,13,99,1,4,1,"777777777777","777777777777","777777777777",1,0
18,180070,1,1,1,2,2,20,30,42,0,1,0,18,2,12,401,12401,14,2001,"1FMZU83P81ZA","1","F","M","Z","U","8","3","P","8","1","Z","A",0,0,0,"000000000","00000000000",0,0,0,1,0,0,0,0,0,0,0,998,0,0,0,11,6,2,2,0,0,1,1,18,46574,6,2,0,0,3,3,64,151,0,0,0,0,0,0,0,0,0,3,8,28,0,0,1,2,55,1,1,2,2,0,0,1,12,99,1,4,6,"777777777777","777777777777","777777777777",1,0
18,180071,1,1,1,12,2,15,24,31,0,1,0,18,2,63,36,63036,6,2008,"KNAFG5256871","K","N","A","F","G","5","2","5","6","8","7","1",0,0,0,"000000000","00000000000",0,0,0,1,0,0,0,0,0,0,0,998,0,0,0,12,6,2,31,0,0,0,1,18,46350,6,1,6,0,3,0,71,272,0,0,0,1,0,10,2014,10,2014,0,0,0,0,0,1,2,10,1,1,7,3,0,0,1,13,99,1,4,1,"777777777777","777777777777","777777777777",1,0
18,180072,1,2,2,13,2,21,56,12,2,1,0,18,1,12,32,12032,4,2014,"3FADP4BJ0EM2","3","F","A","D","P","4","B","J","0","E","M","2",0,0,0,"000000000","00000000000",0,0,0,1,0,0,0,0,0,0,0,998,0,0,0,12,6,2,12,0,0,0,1,18,47165,6,1,0,0,3,3,71,150,0,0,0,0,0,0,0,0,0,0,8,28,38,0,1,2,45,1,3,2,1,0,0,6,10,1,1,2,50,"777777777777","777777777777","777777777777",1,1
18,180072,2,2,2,13,2,21,56,12,2,1,0,18,1,49,482,49482,31,2000,"5TBRT3417YS0","5","T","B","R","T","3","4","1","7","Y","S","0",0,0,0,"000000000","00000000000",0,0,0,1,0,0,0,0,0,0,0,998,0,0,0,12,6,2,12,0,0,0,1,18,46151,6,1,0,0,3,3,75,260,0,1,0,0,1,11,2012,11,2012,0,0,0,0,0,1,2,45,1,3,2,1,0,0,1,62,16,1,1,51,"777777777777","777777777777","777777777777",0,0
18,180073,1,1,1,16,2,12,48,42,0,1,0,18,2,18,7,18007,4,1999,"2G4WY52M4X16","2","G","4","W","Y","5","2","M","4","X","1","6",0,0,0,"000000000","00000000000",0,0,0,1,0,0,0,0,0,0,0,998,0,0,0,12,6,2,42,0,0,0,1,18,46807,6,1,0,0,3,0,76,240,0,0,0,0,0,0,0,0,0,0,28,0,0,0,1,2,45,1,3,2,1,0,0,1,12,99,1,4,6,"777777777777","777777777777","777777777777",1,0
18,180074,1,1,3,9,2,14,37,38,0,1,0,18,2,23,481,23481,31,1997,"1GTEK19R9VE5","1","G","T","E","K","1","9","R","9","V","E","5",0,0,0,"000000000","00000000000",0,0,0,1,0,0,0,0,0,0,0,998,0,0,0,12,6,2,42,0,0,0,1,18,47110,6,1,0,0,3,0,67,145,0,0,0,0,0,0,0,0,0,0,0,0,0,0,1,2,45,1,1,2,1,0,0,1,13,99,1,4,1,"777777777777","777777777777","777777777777",1,0
18,180075,1,3,1,12,2,21,30,12,2,1,0,18,2,20,421,20421,15,1995,"1GNEK13K7SJ4","1","G","N","E","K","1","3","K","7","S","J","4",0,0,0,"000000000","00000000000",0,0,0,1,0,0,0,0,0,0,0,998,0,0,0,12,6,2,12,0,0,0,1,18,47848,6,1,0,0,3,0,72,190,0,0,0,0,0,0,0,0,0,0,8,51,37,0,2,2,70,2,2,2,1,0,0,14,54,1,1,1,98,"777777777777","777777777777","777777777777",0,0
18,180075,2,3,2,12,2,21,30,12,2,1,0,18,1,12,37,12037,4,2014,"1FADP3F20EL2","1","F","A","D","P","3","F","2","0","E","L","2",0,0,0,"000000000","00000000000",0,0,0,1,0,0,0,0,0,0,0,998,0,0,0,12,6,2,12,0,0,0,1,18,47613,6,1,0,0,3,3,58,102,0,0,0,1,0,9,2015,9,2015,0,0,0,0,0,2,2,70,2,2,2,1,0,0,14,54,99,1,1,98,"777777777777","777777777777","777777777777",2,0
18,180075,3,3,2,12,2,21,30,12,2,1,0,18,1,23,402,23402,14,2011,"2CTFLVE59B63","2","C","T","F","L","V","E","5","9","B","6","3",0,0,0,"000000000","00000000000",0,0,0,1,0,0,0,0,0,0,0,998,1,0,0,13,6,2,12,0,0,0,1,18,46038,6,1,0,0,3,3,72,200,0,0,0,0,0,0,0,0,0,0,0,0,0,0,2,2,70,2,2,2,1,0,0,14,54,99,1,1,98,"777777777777","777777777777","777777777777",1,0
18,180076,1,2,1,18,2,21,40,12,7,1,0,17,2,12,442,12442,20,2000,"2FMZA5346YBC","2","F","M","Z","A","5","3","4","6","Y","B","C",0,0,0,"000000000","00000000000",0,0,0,1,0,0,0,0,0,0,0,998,0,0,0,11,6,2,12,0,0,0,1,17,60632,6,1,0,0,3,0,61,118,0,0,0,0,0,0,0,0,0,0,58,0,0,0,3,2,70,1,1,2,1,0,0,15,10,1,1,2,47,"777777777777","777777777777","777777777777",0,0
18,180076,2,2,2,18,2,21,40,12,7,1,0,18,1,20,16,20016,4,2002,"1G1JC5247273","1","G","1","J","C","5","2","4","7","2","7","3",0,0,0,"000000000","00000000000",0,0,0,1,0,0,0,0,0,0,0,998,0,1,5,3,6,2,1,0,0,0,1,17,60632,6,1,0,0,3,0,61,118,0,0,0,0,0,0,0,0,0,0,0,0,0,0,3,2,70,1,1,2,1,0,0,1,63,1,1,1,45,"777777777777","777777777777","777777777777",2,0
18,180077,1,3,1,20,2,6,30,12,8,1,0,18,1,2,404,2404,14,1996,"1J4FJ68SXTL2","1","J","4","F","J","6","8","S","X","T","L","2",1,1,0,"000000000","00000000000",0,0,0,1,0,0,0,0,0,0,0,998,0,0,0,11,6,2,12,0,0,0,1,18,47161,6,1,0,0,3,3,68,170,0,0,0,0,0,0,0,0,0,0,28,91,0,0,1,2,55,2,1,2,2,0,0,14,10,1,1,2,66,"888888888888","777777777777","777777777777",0,0
18,180077,2,3,1,20,2,6,30,12,8,1,0,18,1,2,403,2403,14,2000,"1J4FA49S3YP7","1","J","4","F","A","4","9","S","3","Y","P","7",0,0,0,"000000000","00000000000",0,0,0,1,0,0,0,0,0,0,0,998,0,1,5,11,6,2,12,0,0,0,1,18,47167,6,1,0,0,3,0,68,146,0,2,0,0,0,8,2011,11,2013,0,0,0,0,0,1,2,55,3,1,2,2,0,0,14,62,1,1,1,66,"777777777777","777777777777","777777777777",0,0
18,180077,3,3,1,20,2,6,30,12,8,1,0,21,2,35,47,35047,4,2000,"1N4DL01D0YC1","1","N","4","D","L","0","1","D","0","Y","C","1",0,0,0,"000000000","00000000000",0,0,0,1,0,0,0,0,0,0,0,998,0,0,0,12,6,2,12,0,0,0,1,18,47150,6,1,0,0,3,0,69,210,0,0,0,0,2,11,2011,8,2012,0,0,0,0,0,1,2,55,3,1,2,2,0,0,14,62,99,1,1,98,"777777777777","777777777777","777777777777",1,0
18,180078,1,1,5,20,2,3,36,38,0,1,0,18,1,12,481,12481,31,2008,"1FTSW21R48EC","1","F","T","S","W","2","1","R","4","8","E","C",0,0,0,"000000000","00000000000",0,0,0,1,0,0,0,0,0,0,0,998,0,1,5,12,6,2,1,0,0,0,1,18,47501,6,1,0,0,3,0,58,95,0,0,0,0,1,2,2013,2,2013,0,35,0,0,0,1,2,55,1,1,2,1,0,0,1,13,99,1,4,1,"777777777777","777777777777","777777777777",1,1
18,180079,1,2,1,15,2,8,15,12,6,1,0,18,1,12,481,12481,31,1997,"1FTDF172XVKC","1","F","T","D","F","1","7","2","X","V","K","C",0,0,0,"000000000","00000000000",0,0,0,1,0,0,0,0,0,0,0,998,0,0,0,11,6,2,12,32,0,0,1,18,46574,6,1,0,0,3,3,75,191,0,0,0,0,0,0,0,0,0,4,28,87,0,0,2,2,60,1,1,2,4,0,0,1,6,7,4,6,48,"777777777777","777777777777","777777777777",1,0
18,180079,2,2,1,15,2,8,15,12,6,1,0,18,3,51,881,51881,66,2009,"4V4MC9EH19N2","4","V","4","M","C","9","E","H","1","9","N","2",1,1,57,"000548038","57000548038",3,6,4,1,0,0,0,0,0,0,0,998,0,0,0,12,6,2,12,0,0,0,1,18,46808,6,1,6,0,3,0,63,134,3,4,0,3,1,9,2011,5,2015,0,0,0,0,0,2,2,60,1,1,2,4,0,0,1,60,99,1,1,48,"888888888888","777777777777","777777777777",0,0
18,180080,1,1,1,20,2,3,6,43,0,1,0,18,1,20,2,20002,4,2001,"2G1WF55K6193","2","G","1","W","F","5","5","K","6","1","9","3",0,0,0,"000000000","00000000000",0,0,0,1,0,0,0,0,0,0,0,998,0,0,0,12,6,2,30,0,0,0,1,18,46407,6,1,0,0,3,0,71,170,0,0,0,1,0,3,2013,3,2013,3,8,28,0,0,1,4,30,1,1,2,1,0,0,1,12,99,1,4,6,"777777777777","777777777777","777777777777",1,0
18,180081,1,2,1,22,2,8,47,12,2,1,0,18,1,49,472,49472,30,2006,"5TEPX42NX6Z1","5","T","E","P","X","4","2","N","X","6","Z","1",0,0,0,"000000000","00000000000",0,0,0,1,0,0,0,0,0,0,0,998,0,0,0,12,6,2,12,0,0,0,1,18,46755,6,1,0,0,3,0,72,270,0,0,0,0,0,0,0,0,0,0,28,0,0,0,1,2,55,1,1,2,1,0,0,1,10,99,1,2,50,"777777777777","777777777777","777777777777",1,0
18,180081,2,2,1,22,2,8,47,12,2,1,0,48,3,51,881,51881,66,2012,"4V4NC9EH5CN5","4","V","4","N","C","9","E","H","5","C","N","5",1,1,57,"000817781","57000817781",3,6,1,1,0,0,0,0,0,0,0,998,0,0,0,12,6,2,12,0,0,0,1,48,76053,6,1,6,0,3,0,999,999,0,0,0,2,0,2,2016,2,2016,0,0,0,0,0,1,2,55,1,1,2,1,0,0,1,62,99,1,1,51,"888888888888","777777777777","777777777777",0,0
18,180082,1,1,2,22,2,19,51,33,0,1,0,18,2,35,39,35039,4,2004,"1N4BA41E94C8","1","N","4","B","A","4","1","E","9","4","C","8",0,0,0,"000000000","00000000000",0,0,0,1,0,0,0,0,0,0,0,70,0,1,5,14,6,2,2,0,0,1,1,18,47429,1,1,0,0,2,2,67,118,1,4,1,0,1,8,2011,1,2013,3,8,27,35,74,1,2,30,1,3,2,1,28,3,6,13,99,1,4,1,"777777777777","777777777777","777777777777",1,0
18,180083,1,1,1,28,1,20,45,8,0,1,1,99,9,99,999,99999,79,9999,"999999999999","9","9","9","9","9","9","9","9","9","9","9","9",4,1,99,"999999999","99999999999",9,99,99,1,0,0,0,0,0,0,0,998,0,0,0,98,8,5,8,0,0,0,1,99,99999,9,9,99,9,9,9,999,999,99,99,99,99,99,99,9999,99,9999,3,87,0,0,0,1,2,55,1,2,2,4,0,0,1,80,99,1,9,13,"888888888888","888888888888","888888888888",0,0
18,180084,1,1,1,21,2,20,0,42,0,1,0,18,1,22,18,22018,4,2000,"1G2NF52E5YM7","1","G","2","N","F","5","2","E","5","Y","M","7",0,0,0,"000000000","00000000000",0,0,0,1,0,0,0,0,0,0,0,998,0,0,0,11,6,2,42,0,0,1,1,18,46151,6,1,0,0,3,3,62,180,0,3,0,0,3,6,2011,12,2015,0,28,0,0,0,1,2,45,1,2,2,1,0,0,1,12,99,1,4,6,"777777777777","777777777777","777777777777",1,0
18,180085,1,1,1,21,2,16,37,1,0,1,0,18,1,99,739,99739,90,2003,"4UF03ATV73T2","4","U","F","0","3","A","T","V","7","3","T","2",0,0,0,"000000000","00000000000",0,0,0,1,0,0,0,0,0,0,0,998,0,2,1,0,6,2,1,0,0,0,1,18,47446,6,1,6,0,3,0,72,230,0,0,0,0,1,4,2011,4,2011,0,58,0,0,0,1,2,55,1,1,2,1,0,0,1,98,99,1,1,98,"777777777777","777777777777","777777777777",1,1
18,180086,1,1,1,23,2,8,55,42,0,1,0,18,1,12,461,12461,21,2007,"1FTNE24W07DA","1","F","T","N","E","2","4","W","0","7","D","A",0,0,0,"000000000","00000000000",0,0,0,1,0,0,0,0,0,0,0,998,0,0,0,12,6,2,42,0,0,0,1,18,46307,6,1,0,0,2,0,71,220,0,0,0,0,0,0,0,0,0,0,27,0,0,0,1,2,55,1,2,2,1,0,0,1,12,99,1,4,6,"777777777777","777777777777","777777777777",1,0
18,180087,1,2,1,2,2,16,0,12,6,1,0,18,2,21,2,21002,4,1998,"1G3HN52K4W48","1","G","3","H","N","5","2","K","4","W","4","8",0,0,0,"000000000","00000000000",0,0,0,1,0,0,0,0,0,0,0,998,0,0,0,1,6,2,12,0,0,0,1,18,47016,6,1,6,0,3,0,68,170,0,0,0,1,2,6,2015,7,2015,0,38,0,0,0,4,2,45,1,1,1,2,20,3,1,17,99,1,1,66,"777777777777","777777777777","777777777777",1,0
18,180087,2,2,4,2,2,16,0,12,6,1,0,18,2,20,461,20461,21,2014,"1GAZGZFL8E11","1","G","A","Z","G","Z","F","L","8","E","1","1",0,0,0,"000000000","00000000000",0,0,0,1,0,0,0,0,0,0,0,998,0,0,0,11,6,2,12,0,0,0,1,18,46711,6,1,0,0,3,0,67,180,0,0,0,0,2,7,2013,7,2013,0,0,0,0,0,1,6,45,1,1,1,2,0,0,1,66,99,1,1,66,"777777777777","777777777777","777777777777",0,0
18,180088,1,1,1,23,2,22,31,42,0,1,0,18,2,12,481,12481,31,2005,"1FTPW14505FA","1","F","T","P","W","1","4","5","0","5","F","A",0,0,0,"000000000","00000000000",0,0,0,1,0,0,0,0,0,0,0,998,0,0,0,12,6,2,42,0,0,0,1,18,47630,6,1,0,0,3,0,67,150,0,8,0,2,6,3,2011,4,2012,4,87,0,0,0,1,2,40,1,1,1,2,0,0,1,14,99,1,4,14,"777777777777","777777777777","777777777777",1,0
18,180089,1,1,1,19,2,6,27,38,0,1,0,18,1,20,37,20037,4,2009,"1G1ZJ5778942","1","G","1","Z","J","5","7","7","8","9","4","2",0,0,0,"000000000","00000000000",0,0,0,1,0,0,0,0,0,0,0,998,0,0,0,12,6,2,35,0,0,0,1,18,46311,6,1,0,0,3,3,68,170,0,0,0,2,2,12,2011,4,2015,0,8,0,0,0,1,2,20,1,1,2,8,0,0,1,14,99,1,4,14,"777777777777","777777777777","777777777777",1,0
18,180090,1,2,4,24,2,11,41,12,2,1,0,18,1,37,32,37032,4,2012,"1HGCP3F84CA0","1","H","G","C","P","3","F","8","4","C","A","0",0,0,0,"000000000","00000000000",0,0,0,1,0,0,0,0,0,0,0,998,0,0,0,12,6,2,12,0,0,0,1,18,46563,6,1,0,0,3,3,73,137,0,0,0,0,0,0,0,0,0,4,28,87,0,0,1,2,50,1,1,2,3,0,0,1,6,7,2,2,50,"777777777777","777777777777","777777777777",1,0
18,180090,2,2,1,24,2,11,41,12,2,1,0,18,1,23,481,23481,31,2004,"1GTEK19T44E2","1","G","T","E","K","1","9","T","4","4","E","2",0,0,0,"000000000","00000000000",0,0,0,1,0,0,0,0,0,0,0,998,0,0,0,12,6,2,12,0,0,0,1,18,46553,6,1,0,0,3,0,72,200,0,0,0,0,0,0,0,0,0,0,0,0,0,0,1,2,50,1,1,2,3,0,0,1,62,1,1,1,51,"777777777777","777777777777","777777777777",0,0
18,180091,1,1,2,26,2,19,2,8,0,1,0,18,1,12,442,12442,20,2002,"2FMZA53452BB","2","F","M","Z","A","5","3","4","5","2","B","B",0,0,0,"000000000","00000000000",0,0,0,1,0,0,0,0,0,0,0,998,0,0,0,12,6,2,8,0,0,0,1,18,46514,6,1,0,0,3,0,65,200,0,0,0,0,0,0,0,0,0,0,86,0,0,0,1,4,40,1,1,2,1,0,0,1,80,99,1,1,13,"777777777777","777777777777","777777777777",0,0
18,180092,1,1,1,24,2,12,30,42,0,1,0,18,2,20,481,20481,31,2006,"1GCEC19X86Z2","1","G","C","E","C","1","9","X","8","6","Z","2",0,0,0,"000000000","00000000000",0,0,0,1,0,0,0,0,0,0,0,998,0,0,0,9,6,2,42,0,0,0,1,18,46992,6,1,0,0,3,3,72,185,0,1,0,1,1,11,2014,10,2015,4,87,0,0,0,1,2,55,1,1,2,4,0,0,1,5,99,2,4,2,"777777777777","777777777777","777777777777",1,0
18,180093,1,1,1,23,2,7,50,42,0,1,0,18,2,2,404,2404,14,2002,"1J4GW48S22C1","1","J","4","G","W","4","8","S","2","2","C","1",0,0,0,"000000000","00000000000",0,0,0,1,0,0,0,0,0,0,0,998,0,0,0,11,6,2,42,0,0,1,1,18,46052,6,1,0,0,3,3,72,152,0,0,0,0,0,0,0,0,0,0,0,0,0,0,1,2,55,1,1,2,1,0,0,1,13,99,1,4,1,"777777777777","777777777777","777777777777",1,0
18,180094,1,2,1,26,2,0,1,12,2,1,0,18,1,35,50,35050,5,2010,"3N1BC1CP6AL4","3","N","1","B","C","1","C","P","6","A","L","4",0,0,0,"000000000","00000000000",0,0,0,1,0,0,0,0,0,0,0,998,0,1,9,12,6,2,12,0,0,0,1,18,46254,6,1,0,0,3,0,68,200,0,0,0,2,0,7,2011,9,2011,0,28,0,0,0,1,2,35,3,1,2,1,0,0,14,10,99,1,2,50,"777777777777","777777777777","777777777777",1,1
18,180094,2,2,3,26,2,0,1,12,2,1,0,18,1,19,18,19018,4,2009,"1G6DS57V9901","1","G","6","D","S","5","7","V","9","9","0","1",0,0,0,"000000000","00000000000",0,0,0,1,0,0,0,0,0,0,0,998,0,0,0,12,6,2,12,0,0,0,1,18,46226,1,1,0,0,2,0,67,200,0,2,0,2,2,4,2011,8,2011,0,0,0,0,0,1,2,35,2,1,2,1,0,0,14,62,99,1,1,51,"777777777777","777777777777","777777777777",0,0
18,180095,1,1,1,25,2,21,30,8,0,1,0,18,1,12,24,12024,6,2010,"2FMDK3GC0ABB","2","F","M","D","K","3","G","C","0","A","B","B",0,0,0,"000000000","00000000000",0,0,0,1,0,0,0,0,0,0,0,998,0,0,0,11,2,3,8,0,0,0,1,18,46241,6,1,0,0,3,0,63,165,0,0,0,0,0,0,0,0,0,0,0,0,0,0,2,4,35,1,1,2,1,0,0,1,80,1,1,1,13,"777777777777","777777777777","777777777777",0,0
18,180096,1,1,1,21,2,6,0,8,0,1,0,18,2,6,441,6441,20,2000,"1GBDU03E8YD3","1","G","B","D","U","0","3","E","8","Y","D","3",0,0,0,"000000000","00000000000",0,0,0,1,0,0,0,0,0,0,0,998,0,0,0,12,6,2,8,0,0,0,1,17,60628,6,1,0,0,3,0,71,220,0,0,0,0,0,0,0,0,0,0,36,28,0,0,3,2,70,1,1,1,1,0,0,1,12,99,1,4,6,"777777777777","777777777777","777777777777",0,1
18,180097,1,1,2,1,3,23,17,35,0,1,0,18,1,7,482,7482,31,1999,"3B7HC13Z9XM5","3","B","7","H","C","1","3","Z","9","X","M","5",0,0,0,"000000000","00000000000",0,0,0,1,0,0,0,0,0,0,0,998,0,1,5,12,6,2,35,0,0,0,1,18,46347,6,1,0,0,3,0,70,160,0,0,0,0,0,0,0,0,0,4,87,0,0,0,1,2,55,1,1,2,4,0,0,1,12,99,1,4,6,"777777777777","777777777777","777777777777",1,1
18,180098,1,2,1,23,2,19,1,12,2,1,0,18,2,30,421,30421,15,2014,"WVGEP9BP6ED0","W","V","G","E","P","9","B","P","6","E","D","0",0,0,0,"000000000","00000000000",0,0,0,1,0,0,0,0,0,0,0,998,0,0,0,12,6,2,12,0,0,0,1,18,46032,6,1,0,0,3,3,73,170,0,0,0,0,0,0,0,0,0,0,0,0,0,0,2,5,45,1,1,2,1,1,3,1,67,1,1,1,74,"777777777777","777777777777","777777777777",0,0
18,180098,2,2,1,23,2,19,1,12,2,1,0,18,1,35,39,35039,4,2011,"1N4AA5AP4BC8","1","N","4","A","A","5","A","P","4","B","C","8",0,0,0,"000000000","00000000000",0,0,0,1,0,0,0,0,0,0,0,998,0,0,0,12,6,2,12,0,0,0,1,18,46280,6,1,0,0,3,0,68,180,0,0,0,0,0,0,0,0,0,0,0,0,0,0,2,5,45,1,1,2,1,1,3,11,15,99,1,1,74,"777777777777","777777777777","777777777777",1,0
18,180099,1,1,1,2,3,18,12,42,0,1,0,18,1,2,404,2404,14,2000,"1J4GW58N7YC1","1","J","4","G","W","5","8","N","7","Y","C","1",0,0,0,"000000000","00000000000",0,0,0,1,0,0,0,0,0,0,0,998,0,0,0,9,6,2,42,0,0,0,1,18,46733,6,1,0,0,3,3,71,158,0,5,1,3,8,4,2012,1,2016,0,28,58,0,0,1,2,55,3,1,2,1,0,0,16,12,99,1,4,6,"777777777777","777777777777","777777777777",1,1
18,180100,1,1,2,27,2,20,56,14,0,1,0,18,1,6,52,6052,6,2001,"3C8FY4BB31T2","3","C","8","F","Y","4","B","B","3","1","T","2",0,0,0,"000000000","00000000000",0,0,0,1,0,0,0,0,0,0,0,998,0,0,0,1,6,2,2,0,0,1,1,18,47302,6,1,0,0,3,0,66,155,0,0,0,0,0,0,0,0,0,3,8,0,0,0,1,2,30,1,1,2,1,0,0,1,13,99,1,4,1,"777777777777","777777777777","777777777777",2,0
18,180101,1,1,1,4,3,1,25,24,0,1,0,18,2,2,404,2404,14,1999,"1J4GW68S5XC6","1","J","4","G","W","6","8","S","5","X","C","6",0,0,0,"000000000","00000000000",0,0,0,1,0,0,0,0,0,0,0,998,0,1,1,12,6,2,1,0,0,0,1,18,47424,1,1,0,0,2,0,75,187,0,3,1,4,4,4,2012,4,2015,4,87,0,0,0,1,2,35,3,1,2,2,0,0,14,13,99,1,4,1,"777777777777","777777777777","777777777777",1,0
18,180102,1,1,2,4,3,21,3,42,0,1,0,18,2,35,47,35047,4,2001,"1N4DL01A81C1","1","N","4","D","L","0","1","A","8","1","C","1",0,0,0,"000000000","00000000000",0,0,0,1,0,0,0,0,0,0,0,998,0,0,0,9,6,2,42,0,0,0,1,18,46260,6,7,0,0,3,0,62,120,0,0,0,0,0,0,0,0,0,3,0,0,0,0,1,2,35,1,1,2,1,0,0,1,13,16,2,4,2,"777777777777","777777777777","777777777777",1,0
18,180103,1,2,1,5,3,3,7,12,2,1,0,18,1,37,441,37441,20,1999,"2HKRL1869XH5","2","H","K","R","L","1","8","6","9","X","H","5",0,0,0,"000000000","00000000000",0,0,0,1,0,0,0,0,0,0,0,998,0,0,0,12,6,2,12,0,0,0,1,18,46219,6,1,0,0,3,0,71,230,0,0,0,1,2,6,2015,9,2015,0,28,0,0,0,1,4,40,1,1,2,1,0,0,1,10,1,1,2,50,"777777777777","777777777777","777777777777",1,0
18,180103,2,2,1,5,3,3,7,12,2,1,0,22,3,51,881,51881,66,1987,"4V4M19EH8HN9","4","V","4","M","1","9","E","H","8","H","N","9",2,1,57,"000029124","57000029124",3,7,1,1,0,0,0,0,0,0,0,998,0,0,0,12,6,2,12,0,0,0,1,55,53110,6,1,6,1,3,3,69,210,0,0,0,0,0,0,0,0,0,0,0,0,0,0,1,4,40,1,1,2,1,0,0,1,62,1,1,1,51,"888888888888","888888888888","777777777777",0,0
18,180104,1,2,1,23,2,7,1,12,8,1,0,18,1,23,461,23461,21,2000,"1GJHG35R5Y11","1","G","J","H","G","3","5","R","5","Y","1","1",0,0,0,"000000000","00000000000",0,0,0,1,0,0,0,0,0,0,0,998,0,0,0,1,6,2,12,0,0,0,1,18,46741,6,1,0,0,3,0,72,220,0,0,0,1,2,3,2011,5,2014,0,39,0,0,0,1,2,55,1,1,2,1,20,3,1,17,99,1,1,66,"777777777777","777777777777","777777777777",1,0
18,180104,2,2,1,23,2,7,1,12,8,1,0,18,3,51,881,51881,66,2000,"4V4MD2UFSYN2","4","V","4","M","D","2","U","F","S","Y","N","2",1,1,57,"002318320","57002318320",3,6,1,1,0,0,0,0,0,0,0,998,0,0,0,11,6,2,12,0,0,0,1,18,46788,6,1,6,1,3,0,71,200,0,0,0,0,0,0,0,0,0,0,0,0,0,0,1,2,55,1,1,2,1,0,0,1,62,99,1,1,66,"888888888888","777777777777","777777777777",0,0