"STATE","ST_CASE","VEH_NO","VE_FORMS","NUMOCCS","DAY","MONTH","HOUR","MINUTE","HARM_EV","MAN_COLL","UNITTYPE","HIT_RUN","REG_STAT","OWNER","MAKE","MODEL","MAK_MOD","BODY_TYP","MOD_YEAR","VIN","VIN_1","VIN_2","VIN_3","VIN_4","VIN_5","VIN_6","VIN_7","VIN_8","VIN_9","VIN_10","VIN_11","VIN_12","TOW_VEH","J_KNIFE","MCARR_I1","MCARR_I2","MCARR_ID","GVWR","V_CONFIG","CARGO_BT","HAZ_INV","HAZ_PLAC","HAZ_ID","HAZ_CNO","HAZ_REL","BUS_USE","SPEC_USE","EMER_USE","TRAV_SP","UNDERIDE","ROLLOVER","ROLINLOC","IMPACT1","DEFORMED","TOWED","M_HARM","VEH_SC1","VEH_SC2","FIRE_EXP","DR_PRES","L_STATE","DR_ZIP","L_STATUS","L_TYPE","CDL_STAT","L_ENDORS","L_COMPL","L_RESTRI","DR_HGT","DR_WGT","PREV_ACC","PREV_SUS","PREV_DWI","PREV_SPD","PREV_OTH","FIRST_MO","FIRST_YR","LAST_MO","LAST_YR","SPEEDREL","DR_SF1","DR_SF2","DR_SF3","DR_SF4","VTRAFWAY","VNUM_LAN","VSPD_LIM","VALIGN","VPROFILE","VPAVETYP","VSURCOND","VTRAFCON","VTCONT_F","P_CRASH1","P_CRASH2","P_CRASH3","PCRASH4","PCRASH5","ACC_TYPE","TRLR1VIN","TRLR2VIN","TRLR3VIN","DEATHS","DR_DRINK"
18,180179,1,1,3,14,4,20,32,9,0,1,0,18,1,20,2,20002,4,2003,"2G1WF52E9391","2","G","1","W","F","5","2","E","9","3","9","1",0,0,0,"000000000","00000000000",0,0,0,1,0,0,0,0,0,0,0,998,0,0,0,1,2,3,9,0,0,0,1,18,46268,6,1,0,0,3,0,66,175,0,0,0,0,0,0,0,0,0,0,0,0,0,0,1,4,45,1,1,2,1,0,0,1,83,8,1,1,13,"777777777777","777777777777","777777777777",0,0
18,180180,1,2,1,11,4,18,4,12,6,1,0,18,1,20,2,20002,4,2012,"2G1WC5E32C13","2","G","1","W","C","5","E","3","2","C","1","3",0,0,0,"000000000","00000000000",0,0,0,1,0,0,0,0,0,0,0,998,0,0,0,9,6,2,12,0,0,0,1,18,47932,6,1,0,0,3,0,70,280,0,0,0,0,0,0,0,0,0,0,38,0,0,0,2,4,45,1,2,2,1,21,3,11,15,99,1,1,68,"777777777777","777777777777","777777777777",1,0
18,180180,2,2,1,11,4,18,4,12,6,1,0,39,3,82,881,82881,66,2006,"1FUJA6CK76LN","1","F","U","J","A","6","C","K","7","6","L","N",1,1,57,"000199507","57000199507",3,6,3,1,0,0,0,0,0,0,0,998,0,1,3,12,6,2,12,0,0,0,1,21,42413,6,1,6,1,3,0,68,290,0,0,0,0,1,8,2011,8,2011,3,0,0,0,0,2,4,45,1,2,2,1,21,3,1,67,99,1,1,69,"888888888888","777777777777","777777777777",0,0
18,180181,1,2,3,15,4,8,53,12,6,1,0,18,1,14,17,14017,4,2008,"1MEHM40W18G6","1","M","E","H","M","4","0","W","1","8","G","6",0,0,0,"000000000","00000000000",0,0,0,1,0,0,0,0,0,0,0,998,0,0,0,12,6,2,12,0,0,0,1,18,46970,6,1,0,0,3,0,68,200,0,0,0,1,0,2,2012,2,2012,0,8,38,39,0,1,2,50,1,1,2,1,20,3,1,17,99,1,1,88,"777777777777","777777777777","777777777777",0,0
18,180181,2,2,1,15,4,8,53,12,6,1,0,18,1,37,402,37402,14,1999,"JHLRD1866XC0","J","H","L","R","D","1","8","6","6","X","C","0",0,0,0,"000000000","00000000000",0,0,0,1,0,0,0,0,0,0,0,998,0,0,0,9,6,2,12,0,0,0,1,18,46074,6,1,0,0,3,3,62,125,0,0,0,0,0,0,0,0,0,0,0,0,0,0,1,2,50,1,1,2,1,0,0,1,66,99,1,1,89,"777777777777","777777777777","777777777777",1,0
18,180183,1,1,1,9,3,6,0,24,0,1,0,34,3,82,881,82881,66,2003,"1FUJA6CG03LK","1","F","U","J","A","6","C","G","0","3","L","K",1,1,57,"001100646","57001100646",3,6,1,1,0,0,0,0,0,0,0,998,0,0,0,1,6,2,42,0,0,1,1,45,29506,6,1,6,1,3,0,70,250,0,0,0,1,0,3,2015,3,2015,0,0,0,0,0,3,2,55,1,1,2,1,0,0,1,13,99,1,4,1,"888888888888","777777777777","777777777777",1,0
18,180184,1,1,2,30,3,23,16,30,0,1,0,18,1,20,16,20016,4,2000,"1G1JF5244Y74","1","G","1","J","F","5","2","4","4","Y","7","4",0,0,0,"000000000","00000000000",0,0,0,1,0,0,0,0,0,0,0,998,0,0,0,1,6,2,30,0,0,0,1,18,46205,6,7,0,0,3,0,60,137,0,0,0,0,0,0,0,0,0,0,0,0,0,0,1,2,35,1,1,2,2,0,0,1,13,99,1,4,1,"777777777777","777777777777","777777777777",1,0
18,180185,1,1,1,15,4,18,6,1,0,1,0,18,1,20,471,20471,30,2000,"1GCEK14T1YZ1","1","G","C","E","K","1","4","T","1","Y","Z","1",0,0,0,"000000000","00000000000",0,0,0,1,0,0,0,0,0,0,0,998,0,2,5,0,6,2,1,0,0,0,1,18,47929,6,1,5,0,3,3,73,170,0,0,0,0,0,0,0,0,0,3,8,28,0,0,1,2,55,1,1,2,1,0,0,1,13,99,1,4,1,"777777777777","777777777777","777777777777",1,1
18,180187,1,1,1,13,4,10,20,34,0,1,0,18,2,14,6,14006,4,1999,"2MEFM74W8XX6","2","M","E","F","M","7","4","W","8","X","X","6",0,0,0,"000000000","00000000000",0,0,0,1,0,0,0,0,0,0,0,998,0,1,5,12,6,2,3,0,0,0,1,18,46506,6,1,0,0,3,3,63,286,0,0,0,0,0,0,0,0,0,0,28,0,0,0,1,2,55,1,1,2,1,0,0,1,12,99,1,4,6,"777777777777","777777777777","777777777777",1,0
18,180188,1,2,3,6,4,20,25,12,6,1,0,18,2,37,32,37032,4,2014,"1HGCR2F54EA2","1","H","G","C","R","2","F","5","4","E","A","2",0,0,0,"000000000","00000000000",0,0,0,1,0,0,0,0,0,0,0,998,0,0,0,12,6,2,12,0,0,0,1,18,46231,1,1,0,0,2,0,67,196,0,3,0,2,0,8,2015,9,2015,3,8,39,91,0,1,2,45,1,1,2,2,1,3,1,17,1,1,1,83,"777777777777","777777777777","777777777777",0,1
18,180188,2,2,1,6,4,20,25,12,6,1,0,18,1,47,35,47035,4,2006,"YS3FD49Y6610","Y","S","3","F","D","4","9","Y","6","6","1","0",0,0,0,"000000000","00000000000",0,0,0,1,0,0,0,0,0,0,0,998,0,0,0,3,6,2,12,0,0,0,1,18,46123,6,1,0,0,3,3,63,105,0,0,0,0,0,0,0,0,0,0,0,0,0,0,1,2,45,1,1,2,2,1,3,11,15,99,1,1,82,"777777777777","777777777777","777777777777",1,0
18,180190,1,2,1,18,4,19,23,12,1,1,0,13,1,53,706,53706,80,2001,"JS1GT74A7221","J","S","1","G","T","7","4","A","7","2","2","1",0,0,0,"000000000","00000000000",0,0,0,1,0,0,0,0,0,0,0,998,0,0,0,12,6,2,12,0,0,0,1,18,46227,1,1,0,0,2,2,72,204,1,6,0,0,3,9,2011,3,2016,0,74,0,0,0,2,3,40,1,1,2,1,3,3,1,51,99,1,1,24,"777777777777","777777777777","777777777777",1,0
18,180190,2,2,1,18,4,19,23,12,1,1,0,29,1,85,881,85881,66,2015,"1XKYDP9X0FJ4","1","X","K","Y","D","P","9","X","0","F","J","4",1,1,57,"000089164","57000089164",3,6,1,1,0,0,0,0,0,0,0,998,0,0,0,6,4,5,12,0,0,0,1,20,66002,6,1,6,0,3,1,72,155,1,0,0,0,0,11,2015,11,2015,0,0,0,0,0,2,3,40,1,1,2,1,3,3,3,53,1,1,1,25,"888888888888","777777777777","777777777777",0,0
18,180191,1,2,1,20,4,14,54,12,2,1,0,18,1,20,443,20443,20,2002,"1GNDX13E92D2","1","G","N","D","X","1","3","E","9","2","D","2",0,0,0,"000000000","00000000000",0,0,0,1,0,0,0,0,0,0,0,998,0,0,0,12,6,2,12,0,0,0,1,18,47448,1,1,0,0,2,2,68,225,1,1,0,0,0,6,2014,4,2016,0,28,74,0,0,1,2,45,4,2,2,1,0,0,4,10,99,1,2,50,"777777777777","777777777777","777777777777",1,0
18,180191,2,2,1,20,4,14,54,12,2,1,0,37,3,84,884,84884,64,2015,"3HAMMMMN8FL6","3","H","A","M","M","M","M","N","8","F","L","6",0,0,57,"000121018","57000121018",3,2,1,1,0,0,0,0,0,0,0,998,0,0,0,12,6,2,12,0,0,0,1,18,46229,6,1,6,0,3,3,74,165,0,0,0,0,0,0,0,0,0,0,0,0,0,0,1,2,45,4,2,2,1,0,0,14,62,99,1,1,51,"777777777777","777777777777","777777777777",0,0
18,180192,1,1,2,1,4,6,36,1,0,1,0,26,1,20,421,20421,15,1991,"1GNEV18K8MF1","1","G","N","E","V","1","8","K","8","M","F","1",0,0,0,"000000000","00000000000",0,0,0,1,0,0,0,0,0,0,0,998,0,2,5,0,6,2,1,0,0,0,1,26,48706,6,1,0,0,3,0,71,145,0,0,1,0,0,7,2015,7,2015,3,0,0,0,0,6,2,45,3,1,2,1,0,0,14,13,99,1,4,1,"777777777777","777777777777","777777777777",1,0
18,180193,1,2,1,19,4,10,24,12,6,1,0,18,1,41,441,41441,20,2004,"JM3LW28J6405","J","M","3","L","W","2","8","J","6","4","0","5",0,0,0,"000000000","00000000000",0,0,0,1,0,0,0,0,0,0,0,998,0,0,0,9,6,2,12,0,0,0,1,18,46563,6,1,8,0,3,0,63,120,0,0,0,0,1,11,2012,11,2012,0,48,0,0,0,4,4,35,1,1,2,1,1,3,11,15,99,1,1,72,"777777777777","777777777777","777777777777",1,0
18,180193,2,2,1,19,4,10,24,12,6,1,0,18,2,98,884,98884,63,2005,"5DG8AC5T2500","5","D","G","8","A","C","5","T","2","5","0","0",0,0,57,"000328798","57000328798",3,2,5,1,0,0,0,0,0,0,0,998,0,0,0,1,2,5,12,0,0,0,1,18,46628,6,1,6,1,3,0,74,240,0,0,0,0,0,0,0,0,0,0,0,0,0,0,4,4,35,1,1,2,1,1,3,1,61,99,1,1,73,"777777777777","777777777777","777777777777",0,0
18,180194,1,1,1,22,4,6,34,72,0,1,0,42,2,82,881,82881,66,2016,"3ALXFBCG9GDH","3","A","L","X","F","B","C","G","9","G","D","H",1,1,57,"000603641","57000603641",3,6,3,1,0,0,0,0,0,0,0,998,0,0,0,0,6,2,72,0,0,0,1,42,18837,6,1,6,1,3,3,72,999,1,0,0,0,0,11,2013,11,2013,0,21,0,0,0,2,4,45,1,1,2,1,1,3,2,98,16,1,1,0,"888888888888","777777777777","777777777777",1,0
18,180195,1,1,1,22,4,23,12,42,0,1,0,18,1,72,709,72709,80,1990,"1HD1DJL13LY5","1","H","D","1","D","J","L","1","3","L","Y","5",0,0,0,"000000000","00000000000",0,0,0,1,0,0,0,0,0,0,0,998,0,0,0,12,6,2,42,0,0,0,1,26,49255,6,1,0,0,3,3,71,165,0,0,0,0,0,0,0,0,0,0,0,0,0,0,1,2,50,3,1,2,1,0,0,14,13,99,1,4,1,"777777777777","777777777777","777777777777",1,0
18,180196,1,2,1,22,4,8,5,12,6,1,0,18,1,35,47,35047,4,2001,"1N4DL01D31C2","1","N","4","D","L","0","1","D","3","1","C","2",0,0,0,"000000000","00000000000",0,0,0,1,0,0,0,0,0,0,0,998,0,0,0,3,6,2,12,0,0,0,1,18,46514,6,1,0,0,3,3,62,160,0,0,0,0,0,0,0,0,0,0,28,38,0,0,1,3,40,3,1,2,1,0,0,14,10,99,2,2,64,"777777777777","777777777777","777777777777",1,0
18,180196,2,2,2,22,4,8,5,12,6,1,0,18,1,12,471,12471,30,1997,"1FTCR10A7VUD","1","F","T","C","R","1","0","A","7","V","U","D",0,0,0,"000000000","00000000000",0,0,0,1,0,0,0,0,0,0,0,998,0,0,0,12,6,2,12,0,0,0,1,18,46516,6,1,0,0,3,3,69,150,0,0,0,0,0,0,0,0,0,0,0,0,0,0,1,3,40,3,1,2,1,0,0,14,62,99,1,1,65,"777777777777","777777777777","777777777777",0,0
18,180197,1,1,1,23,4,10,1,34,0,1,0,18,1,49,32,49032,4,2007,"1NXBR32EX7Z8","1","N","X","B","R","3","2","E","X","7","Z","8",0,0,0,"000000000","00000000000",0,0,0,1,0,0,0,0,0,0,0,998,0,1,5,5,6,2,1,0,0,0,1,18,46923,6,1,0,0,3,3,65,150,0,0,0,0,0,0,0,0,0,0,0,0,0,0,1,2,55,4,1,2,1,28,3,14,13,99,1,4,1,"777777777777","777777777777","777777777777",1,0
18,180198,1,2,1,21,4,17,30,12,6,1,0,18,1,59,35,59035,4,2007,"JTHCK2624750","J","T","H","C","K","2","6","2","4","7","5","0",0,0,0,"000000000","00000000000",0,0,0,1,0,0,0,0,0,0,0,998,0,0,0,9,6,2,12,0,0,0,1,18,46825,6,1,0,0,3,3,67,150,0,0,0,0,0,0,0,0,0,0,38,0,0,0,1,2,45,1,1,2,2,20,3,11,15,99,1,1,68,"777777777777","777777777777","777777777777",1,0
18,180198,2,2,1,21,4,17,30,12,6,1,0,18,1,2,403,2403,14,1994,"1J4FY49S2RP4","1","J","4","F","Y","4","9","S","2","R","P","4",0,0,0,"000000000","00000000000",0,0,0,1,0,0,0,0,0,0,0,998,0,0,0,12,6,2,12,0,0,0,1,18,46818,6,1,0,0,3,0,73,140,0,1,0,0,1,1,2014,1,2014,0,0,0,0,0,1,2,45,1,1,2,2,0,0,1,67,1,1,1,69,"777777777777","777777777777","777777777777",0,0
18,180199,1,1,2,24,4,20,55,1,0,1,0,18,2,2,404,2404,14,1997,"1J4GZ58Y5VC5","1","J","4","G","Z","5","8","Y","5","V","C","5",0,0,0,"000000000","00000000000",0,0,0,1,0,0,0,0,0,0,0,998,0,1,5,0,6,2,1,0,0,0,1,18,47357,1,1,0,0,2,0,68,140,0,6,0,2,0,10,2012,9,2014,3,28,0,0,0,1,2,45,1,1,2,1,0,0,1,12,99,1,4,6,"777777777777","777777777777","777777777777",1,1
18,180201,1,3,1,26,3,15,55,12,8,1,0,18,1,7,482,7482,31,2004,"1D7KU28D64J2","1","D","7","K","U","2","8","D","6","4","J","2",1,1,0,"000000000","00000000000",0,0,0,1,0,0,0,0,0,0,0,998,0,0,0,98,4,5,12,0,0,0,1,18,46764,6,1,0,0,3,0,70,130,0,0,0,0,0,0,0,0,0,0,0,0,0,0,1,2,55,1,3,2,1,0,0,1,62,7,1,1,66,"888888888888","777777777777","777777777777",0,0
18,180201,2,3,1,26,3,15,55,12,8,1,0,18,1,7,482,7482,31,2003,"3D7KU26643G7","3","D","7","K","U","2","6","6","4","3","G","7",1,1,0,"000000000","00000000000",0,0,0,1,0,0,0,0,0,0,0,998,0,0,0,7,4,5,12,0,0,0,1,18,46725,6,1,6,0,3,0,67,155,0,0,0,0,0,0,0,0,0,0,0,0,0,0,1,2,55,1,3,2,1,0,0,1,62,99,1,1,98,"888888888888","777777777777","777777777777",0,0
18,180201,3,3,5,26,3,15,55,12,8,1,0,18,1,7,442,7442,20,2015,"2C4RDGBG7FR5","2","C","4","R","D","G","B","G","7","F","R","5",0,0,0,"000000000","00000000000",0,0,0,1,0,0,0,0,0,0,0,998,0,0,0,11,6,2,12,0,0,0,1,18,46582,1,1,0,0,2,3,69,145,0,4,0,1,4,8,2014,2,2016,0,28,91,0,0,1,2,55,1,3,2,1,0,0,1,10,99,1,2,66,"777777777777","777777777777","777777777777",1,0
18,180202,1,1,1,23,4,6,5,8,0,1,1,99,9,99,999,99999,99,9999,"999999999999","9","9","9","9","9","9","9","9","9","9","9","9",0,0,99,"999999999","99999999999",9,99,99,1,0,0,0,0,0,0,0,998,0,0,0,1,9,5,8,0,0,0,1,99,99999,9,9,99,9,9,9,999,999,99,99,99,99,99,99,9999,99,9999,0,28,0,0,0,2,3,55,1,1,2,1,98,3,1,81,99,1,2,13,"777777777777","777777777777","777777777777",0,0
18,180203,1,2,1,23,4,17,31,18,0,1,0,18,2,2,404,2404,14,2000,"1J4GW58N1YC2","1","J","4","G","W","5","8","N","1","Y","C","2",0,0,0,"000000000","00000000000",0,0,0,1,0,0,0,0,0,0,0,998,0,0,0,11,6,2,12,0,0,0,1,18,47712,1,1,0,0,2,0,70,140,0,13,0,0,2,12,2012,7,2014,0,58,91,0,0,2,2,70,1,1,1,1,0,0,1,98,99,1,4,98,"777777777777","777777777777","777777777777",0,0
18,180203,2,2,4,23,4,17,31,18,0,1,0,18,2,49,40,49040,4,2004,"4T1BE32K94U8","4","T","1","B","E","3","2","K","9","4","U","8",0,0,0,"000000000","00000000000",0,0,0,1,0,0,0,0,0,0,0,998,0,1,1,5,6,2,12,0,0,0,1,18,47601,6,1,0,0,3,0,61,115,0,0,0,0,0,0,0,0,0,0,0,0,0,0,2,2,70,1,1,1,1,0,0,1,60,99,1,1,98,"777777777777","777777777777","777777777777",1,0
18,180204,1,1,1,20,4,15,47,1,0,1,0,18,1,12,481,12481,31,1999,"1FTRX18W3XNA","1","F","T","R","X","1","8","W","3","X","N","A",0,0,0,"000000000","00000000000",0,0,0,1,0,0,0,0,0,0,0,998,0,2,3,0,6,2,1,0,0,0,1,18,47542,6,1,0,0,3,0,68,195,0,1,0,0,1,3,2012,3,2012,0,0,0,0,0,2,2,70,1,2,2,1,0,0,1,1,99,2,4,7,"777777777777","777777777777","777777777777",1,0
18,180205,1,2,1,8,3,21,30,12,8,1,0,18,1,7,482,7482,31,2015,"3C6UR5HL5FG5","3","C","6","U","R","5","H","L","5","F","G","5",0,0,0,"000000000","00000000000",0,0,0,1,0,0,0,0,0,0,0,998,0,0,0,11,6,2,12,0,0,0,1,18,46201,0,0,0,0,0,0,69,145,0,1,0,0,1,8,2015,8,2015,0,0,0,0,0,1,5,40,1,1,2,1,0,0,1,62,1,1,1,65,"777777777777","777777777777","777777777777",0,0
18,180205,2,2,6,8,3,21,30,12,8,1,0,18,2,6,441,6441,20,2005,"2C4GP64L65R4","2","C","4","G","P","6","4","L","6","5","R","4",0,0,0,"000000000","00000000000",0,0,0,1,0,0,0,0,0,0,0,998,0,0,0,11,6,2,12,0,0,0,1,18,46151,6,1,6,0,3,3,73,148,0,0,0,0,0,0,0,0,0,0,28,0,0,0,1,5,40,1,1,2,1,0,0,1,62,99,2,2,64,"777777777777","777777777777","777777777777",2,0
18,180206,1,1,1,9,4,6,20,14,0,1,0,18,2,20,403,20403,14,2003,"1GNCT18X43K1","1","G","N","C","T","1","8","X","4","3","K","1",0,0,0,"000000000","00000000000",0,0,0,1,0,0,0,0,0,0,0,998,0,0,0,9,6,2,14,0,0,0,1,18,46404,6,1,0,0,3,3,71,180,0,0,0,0,0,0,0,0,0,4,87,0,0,0,3,2,45,2,2,1,4,0,0,14,6,99,2,4,2,"777777777777","777777777777","777777777777",1,0
18,180207,1,2,1,13,4,15,30,12,1,1,0,18,1,23,471,23471,30,1998,"1GTCS1443WK5","1","G","T","C","S","1","4","4","3","W","K","5",0,0,0,"000000000","00000000000",0,0,0,1,0,0,0,0,0,0,0,998,0,0,0,12,2,5,12,0,0,0,1,18,47842,6,1,0,0,3,0,71,235,0,0,0,0,2,12,2012,11,2014,0,38,0,0,0,1,2,45,1,1,2,1,0,0,1,50,7,1,1,20,"777777777777","777777777777","777777777777",0,0
18,180207,2,2,1,13,4,15,30,12,1,1,0,18,1,76,704,76704,80,1987,"JYA1RG008HA0","J","Y","A","1","R","G","0","0","8","H","A","0",0,0,0,"000000000","00000000000",0,0,0,1,0,0,0,0,0,0,0,0,0,0,0,6,6,2,12,0,0,0,1,18,47842,6,1,0,0,3,3,72,170,0,0,0,0,2,3,2015,3,2015,0,0,0,0,0,1,2,45,1,1,2,1,0,0,5,53,1,1,1,21,"777777777777","777777777777","777777777777",1,0
18,180208,1,2,3,17,4,6,45,12,6,1,0,18,2,22,20,22020,2,2001,"1G2WP12K41F1","1","G","2","W","P","1","2","K","4","1","F","1",0,0,0,"000000000","00000000000",0,0,0,1,0,0,0,0,0,0,0,998,0,0,0,5,6,2,12,0,0,0,1,18,46405,1,1,0,0,2,0,64,130,0,2,0,1,1,2,2013,2,2013,0,38,0,0,0,2,4,55,1,1,2,1,0,0,11,15,99,1,1,68,"777777777777","777777777777","777777777777",1,0
18,180208,2,2,2,17,4,6,45,12,6,1,0,18,1,2,403,2403,14,2009,"1J4GA69169L7","1","J","4","G","A","6","9","1","6","9","L","7",0,0,0,"000000000","00000000000",0,0,0,1,0,0,0,0,0,0,0,998,0,0,0,12,6,2,12,0,0,0,1,18,46311,6,1,0,0,3,0,62,95,0,0,0,0,0,0,0,0,0,0,0,0,0,0,2,4,55,1,1,2,1,0,0,1,67,99,1,1,69,"777777777777","777777777777","777777777777",0,0
18,180209,1,2,1,27,4,10,15,12,6,1,0,55,3,84,884,84884,66,2014,"3HSDJSNR2EN0","3","H","S","D","J","S","N","R","2","E","N","0",1,1,57,"001362696","57001362696",3,6,2,1,0,0,0,0,0,0,0,998,0,0,0,3,6,2,12,0,0,0,1,55,53083,6,1,6,1,3,0,74,230,0,0,0,1,1,9,2011,1,2013,0,38,0,0,0,1,2,55,1,1,2,1,20,3,1,17,99,1,1,87,"888888888888","777777777777","777777777777",0,0
18,180209,2,2,1,27,4,10,15,12,6,1,0,18,1,12,481,12481,31,2002,"2FTRX17212CA","2","F","T","R","X","1","7","2","1","2","C","A",0,0,0,"000000000","00000000000",0,0,0,1,0,0,0,0,0,0,0,998,0,0,0,12,6,2,12,0,0,0,1,18,46371,6,1,0,0,3,3,69,160,0,0,0,0,2,11,2014,4,2015,0,0,0,0,0,2,2,55,1,1,2,1,21,3,1,62,16,1,1,86,"777777777777","777777777777","777777777777",1,0
18,180210,1,1,2,11,4,22,27,42,0,1,0,18,2,2,404,2404,14,1998,"1J4FJ68S3WL1","1","J","4","F","J","6","8","S","3","W","L","1",0,0,0,"000000000","00000000000",0,0,0,1,0,0,0,0,0,0,0,998,0,0,0,1,6,2,42,0,0,0,1,18,47393,1,1,0,0,2,0,69,289,0,5,1,0,5,11,2012,5,2015,2,8,91,0,0,1,2,40,1,1,2,2,0,0,1,6,99,2,4,2,"777777777777","777777777777","777777777777",1,1
18,180211,1,2,1,20,4,3,50,12,1,1,0,18,1,20,482,20482,31,2013,"3GCPKSE79DG1","3","G","C","P","K","S","E","7","9","D","G","1",0,0,0,"000000000","00000000000",0,0,0,1,0,0,0,0,0,0,0,92,0,0,0,12,6,2,12,0,0,0,1,18,47203,6,1,0,0,3,0,66,125,0,0,0,2,2,6,2012,7,2015,3,0,0,0,0,2,2,70,1,1,2,1,0,0,1,51,99,1,1,24,"777777777777","777777777777","777777777777",0,0
18,180211,2,2,1,20,4,3,50,12,1,1,0,18,2,12,401,12401,14,2002,"1FMZU62K32ZC","1","F","M","Z","U","6","2","K","3","2","Z","C",0,0,0,"000000000","00000000000",0,0,0,1,0,0,0,0,0,0,0,998,0,0,0,6,6,2,12,0,0,0,1,18,47274,6,1,0,0,3,0,69,180,0,0,0,0,0,0,0,0,0,0,0,0,0,0,2,2,70,1,1,2,1,0,0,1,53,99,1,1,25,"777777777777","777777777777","777777777777",1,0
18,180212,1,2,1,21,4,7,37,12,6,1,0,18,1,18,2,18002,4,1992,"1G4HP53L6NH4","1","G","4","H","P","5","3","L","6","N","H","4",0,0,0,"000000000","00000000000",0,0,0,1,0,0,0,0,0,0,0,998,0,0,0,11,6,2,12,0,0,0,1,18,47283,6,1,0,0,3,0,65,175,0,0,0,0,0,0,0,0,0,0,38,0,0,0,1,2,35,1,1,2,2,20,3,11,15,99,1,1,68,"777777777777","777777777777","777777777777",1,0
18,180212,2,2,2,21,4,7,37,12,6,1,0,18,1,35,47,35047,4,2001,"1N4DL01D81C1","1","N","4","D","L","0","1","D","8","1","C","1",0,0,0,"000000000","00000000000",0,0,0,1,0,0,0,0,0,0,0,998,0,0,0,1,6,2,12,0,0,0,1,18,47265,6,1,0,0,3,0,72,180,0,0,0,0,0,0,0,0,0,0,0,0,0,0,1,2,35,1,1,2,2,4,3,1,62,15,1,1,69,"777777777777","777777777777","777777777777",0,0
18,180213,1,1,1,25,4,18,23,1,0,1,0,18,1,72,706,72706,80,1988,"1HD1BKL1XJY0","1","H","D","1","B","K","L","1","X","J","Y","0",0,0,0,"000000000","00000000000",0,0,0,1,0,0,0,0,0,0,0,998,0,0,0,0,6,2,1,0,0,0,1,18,46901,6,1,6,0,3,0,71,220,0,0,0,0,0,0,0,0,0,0,0,0,0,0,1,2,55,2,3,2,1,0,0,14,12,99,1,4,6,"777777777777","777777777777","777777777777",1,0
18,180214,1,1,1,29,4,3,20,53,0,1,0,18,2,20,481,20481,31,2001,"1GCEK19T21E1","1","G","C","E","K","1","9","T","2","1","E","1",0,0,0,"000000000","00000000000",0,0,0,1,0,0,0,0,0,0,0,998,0,1,5,12,6,2,1,0,0,0,1,18,47167,1,1,8,0,2,0,70,200,0,1,0,1,0,4,2015,4,2015,3,0,0,0,0,1,2,45,3,1,2,1,0,0,14,13,99,1,4,1,"777777777777","777777777777","777777777777",1,0
18,180215,1,2,1,30,4,9,51,12,6,1,0,18,2,12,471,12471,30,2002,"1FTZR45E72PA","1","F","T","Z","R","4","5","E","7","2","P","A",0,0,0,"000000000","00000000000",0,0,0,1,0,0,0,0,0,0,0,998,0,0,0,9,6,2,12,0,0,0,1,18,47446,6,1,5,0,3,0,67,245,0,0,0,0,0,0,0,0,0,0,38,0,0,0,1,2,30,1,1,2,2,0,0,1,19,99,1,1,99,"777777777777","777777777777","777777777777",1,0
18,180215,2,2,1,30,4,9,51,12,6,1,0,18,2,12,481,12481,31,2001,"1FTWW32F51EA","1","F","T","W","W","3","2","F","5","1","E","A",0,0,0,"000000000","00000000000",0,0,0,1,0,0,0,0,0,0,0,998,0,0,0,1,6,2,12,0,0,0,1,18,47274,6,1,0,0,3,3,73,215,0,0,0,0,0,0,0,0,0,0,0,0,0,0,2,4,30,1,1,2,2,0,0,1,63,16,1,1,99,"777777777777","777777777777","777777777777",0,0
18,180216,1,2,2,27,4,16,31,12,2,1,0,18,2,49,33,49033,3,1997,"JT2DG02T6V00","J","T","2","D","G","0","2","T","6","V","0","0",0,0,0,"000000000","00000000000",0,0,0,1,0,0,0,0,0,0,0,998,0,0,0,12,6,2,12,0,0,0,1,18,46122,6,1,0,0,3,3,73,184,0,0,0,0,0,0,0,0,0,0,28,87,0,0,1,2,45,1,1,2,2,0,0,1,10,15,2,2,50,"777777777777","777777777777","777777777777",0,0
18,180216,2,2,1,27,4,16,31,12,2,1,0,18,1,12,37,12037,2,2003,"3FAFP31313R1","3","F","A","F","P","3","1","3","1","3","R","1",0,0,0,"000000000","00000000000",0,0,0,1,0,0,0,0,0,0,0,998,0,1,5,12,6,2,12,0,0,0,1,18,47834,6,1,0,0,3,3,72,248,0,0,0,1,0,7,2012,7,2012,0,0,0,0,0,1,2,45,1,1,2,2,0,0,1,62,99,1,1,51,"777777777777","777777777777","777777777777",1,0
18,180217,1,2,2,28,4,17,3,12,6,1,0,18,1,14,6,14006,4,2004,"2MEHM75WX4X6","2","M","E","H","M","7","5","W","X","4","X","6",0,0,0,"000000000","00000000000",0,0,0,1,0,0,0,0,0,0,0,998,0,0,0,9,6,2,12,0,0,0,1,18,46901,6,1,0,0,3,3,69,147,0,0,0,0,0,0,0,0,0,0,39,0,0,0,1,2,50,1,1,2,1,20,3,4,17,99,1,1,89,"777777777777","777777777777","777777777777",2,0
18,180217,2,2,2,28,4,17,3,12,6,1,0,18,2,20,443,20443,20,2000,"1GNDX03E4YD3","1","G","N","D","X","0","3","E","4","Y","D","3",0,0,0,"000000000","00000000000",0,0,0,1,0,0,0,0,0,0,0,998,0,0,0,12,6,2,12,0,0,0,1,18,46901,6,7,0,0,3,3,66,160,0,0,0,0,0,0,0,0,0,0,0,0,0,0,1,2,50,1,1,2,1,0,0,1,66,99,1,1,88,"777777777777","777777777777","777777777777",0,0