"STATE","ST_CASE","VEH_NO","VE_FORMS","NUMOCCS","DAY","MONTH","HOUR","MINUTE","HARM_EV","MAN_COLL","UNITTYPE","HIT_RUN","REG_STAT","OWNER","MAKE","MODEL","MAK_MOD","BODY_TYP","MOD_YEAR","VIN","VIN_1","VIN_2","VIN_3","VIN_4","VIN_5","VIN_6","VIN_7","VIN_8","VIN_9","VIN_10","VIN_11","VIN_12","TOW_VEH","J_KNIFE","MCARR_I1","MCARR_I2","MCARR_ID","GVWR","V_CONFIG","CARGO_BT","HAZ_INV","HAZ_PLAC","HAZ_ID","HAZ_CNO","HAZ_REL","BUS_USE","SPEC_USE","EMER_USE","TRAV_SP","UNDERIDE","ROLLOVER","ROLINLOC","IMPACT1","DEFORMED","TOWED","M_HARM","VEH_SC1","VEH_SC2","FIRE_EXP","DR_PRES","L_STATE","DR_ZIP","L_STATUS","L_TYPE","CDL_STAT","L_ENDORS","L_COMPL","L_RESTRI","DR_HGT","DR_WGT","PREV_ACC","PREV_SUS","PREV_DWI","PREV_SPD","PREV_OTH","FIRST_MO","FIRST_YR","LAST_MO","LAST_YR","SPEEDREL","DR_SF1","DR_SF2","DR_SF3","DR_SF4","VTRAFWAY","VNUM_LAN","VSPD_LIM","VALIGN","VPROFILE","VPAVETYP","VSURCOND","VTRAFCON","VTCONT_F","P_CRASH1","P_CRASH2","P_CRASH3","PCRASH4","PCRASH5","ACC_TYPE","TRLR1VIN","TRLR2VIN","TRLR3VIN","DEATHS","DR_DRINK"
18,180219,1,1,1,3,5,23,36,42,0,1,0,18,1,18,7,18007,4,2003,"2G4WS52J3312","2","G","4","W","S","5","2","J","3","3","1","2",0,0,0,"000000000","00000000000",0,0,0,1,0,0,0,0,0,0,0,998,0,0,0,12,6,2,42,32,0,0,1,18,47446,1,1,0,0,2,2,63,140,2,3,0,0,1,8,2011,11,2014,0,28,74,0,0,1,2,55,1,1,2,1,0,0,1,12,99,1,4,6,"777777777777","777777777777","777777777777",1,0
18,180220,1,2,1,31,3,19,42,12,6,1,0,18,1,20,2,20002,4,2006,"2G1WC5813692","2","G","1","W","C","5","8","1","3","6","9","2",0,0,0,"000000000","00000000000",0,0,0,1,0,0,0,0,0,0,0,998,0,0,0,7,6,2,12,0,0,0,1,18,46214,6,1,0,0,3,0,73,200,0,0,0,0,0,0,0,0,0,0,38,0,0,0,2,3,40,1,2,2,2,0,0,11,53,99,1,1,82,"777777777777","777777777777","777777777777",1,0
18,180220,2,2,2,31,3,19,42,12,6,1,0,18,2,12,17,12017,4,2003,"1FAFP55U63G2","1","F","A","F","P","5","5","U","6","3","G","2",0,0,0,"000000000","00000000000",0,0,0,1,0,0,0,0,0,0,0,998,0,0,0,12,6,2,12,0,0,0,1,18,46201,1,1,0,0,2,2,63,120,0,3,0,0,1,12,2012,12,2012,0,74,0,0,0,2,3,40,1,2,2,2,0,0,1,74,99,1,1,83,"777777777777","777777777777","777777777777",0,0
18,180221,1,1,1,1,4,8,59,72,0,1,0,18,1,87,881,87881,66,1988,"999999999999","9","9","9","9","9","9","9","9","9","9","9","9",1,1,57,"000741994","57000741994",3,6,10,1,0,0,0,0,0,0,0,998,0,1,1,0,6,2,30,0,0,0,1,18,47448,6,1,6,0,3,0,73,245,0,0,0,0,1,7,2015,7,2015,0,28,0,0,0,1,2,45,2,2,2,1,0,0,14,8,99,9,1,0,"888888888888","777777777777","777777777777",1,0
18,180222,1,2,1,14,4,22,33,12,2,1,0,18,1,6,18,6018,4,2013,"1C3CCBCG1DN5","1","C","3","C","C","B","C","G","1","D","N","5",0,0,0,"000000000","00000000000",0,0,0,1,0,0,0,0,0,0,0,998,0,0,0,12,6,2,12,0,0,0,1,18,46563,6,1,0,0,3,0,74,275,0,1,0,0,1,3,2012,3,2012,0,28,0,0,0,1,2,55,2,1,2,1,0,0,14,10,99,1,2,50,"777777777777","777777777777","777777777777",1,0
18,180222,2,2,1,14,4,22,33,12,2,1,0,39,1,85,881,85881,66,2007,"1XKAD49X97J2","1","X","K","A","D","4","9","X","9","7","J","2",1,1,57,"001666467","57001666467",3,6,3,1,0,0,0,0,0,0,0,998,0,0,0,12,6,2,12,0,0,0,1,39,43567,6,1,6,0,3,0,71,180,1,0,0,0,0,2,2015,2,2015,0,0,0,0,0,1,2,55,3,1,2,1,0,0,14,62,7,1,1,51,"5MAPA4823FA0","777777777777","777777777777",0,0
18,180223,1,2,1,19,4,6,58,12,6,1,0,18,3,84,884,84884,64,2007,"3HTWDAAR07N4","3","H","T","W","D","A","A","R","0","7","N","4",0,0,77,"777777777","77777777777",3,1,4,1,0,0,0,0,0,0,0,998,0,0,0,11,4,5,12,39,0,0,1,18,47850,6,1,6,0,3,1,66,137,0,0,0,0,0,0,0,0,0,0,38,0,0,0,1,2,30,2,1,2,1,0,0,11,17,99,1,1,82,"777777777777","777777777777","777777777777",0,0
18,180223,2,2,1,19,4,6,58,12,6,1,0,18,1,41,55,41055,5,2011,"JM1DE1HY1B01","J","M","1","D","E","1","H","Y","1","B","0","1",0,0,0,"000000000","00000000000",0,0,0,1,0,0,0,0,0,0,0,998,0,0,0,12,6,2,12,0,0,0,1,18,47591,6,1,0,0,3,0,70,240,0,0,0,0,0,0,0,0,0,0,23,0,0,0,2,3,60,1,1,2,1,0,0,1,67,99,1,1,83,"777777777777","777777777777","777777777777",1,0
18,180224,1,1,2,25,4,3,29,34,0,1,0,18,1,34,36,34036,2,2004,"WBAEH73434B1","W","B","A","E","H","7","3","4","3","4","B","1",0,0,0,"000000000","00000000000",0,0,0,1,0,0,0,0,0,0,0,100,0,1,5,12,6,2,1,0,0,0,1,18,46224,1,1,0,0,2,2,70,200,0,3,0,0,0,7,2014,2,2016,3,36,74,0,0,6,1,55,3,2,2,1,0,0,14,6,99,2,4,2,"777777777777","777777777777","777777777777",1,1
18,180225,1,1,4,30,4,2,30,32,0,1,0,18,2,12,3,12003,2,2009,"1ZVHT80N3951","1","Z","V","H","T","8","0","N","3","9","5","1",0,0,0,"000000000","00000000000",0,0,0,1,0,0,0,0,0,0,0,998,0,0,0,12,6,2,42,0,0,0,1,18,46214,1,7,0,0,2,2,70,160,0,0,0,0,0,0,0,0,0,0,28,73,0,0,1,2,35,1,1,2,1,0,0,15,12,7,1,4,6,"777777777777","777777777777","777777777777",1,0
18,180226,1,1,1,4,5,2,0,35,0,1,0,18,1,22,22,22022,4,2007,"1G2ZG58N4742","1","G","2","Z","G","5","8","N","4","7","4","2",0,0,0,"000000000","00000000000",0,0,0,1,0,0,0,0,0,0,0,65,0,1,5,14,6,2,1,0,0,0,1,18,46260,6,1,0,0,3,3,66,200,1,1,0,0,1,6,2015,7,2015,3,58,28,0,0,1,2,35,1,1,2,1,0,0,1,6,9,2,4,7,"777777777777","777777777777","777777777777",1,0
18,180227,1,1,1,21,4,14,24,59,0,1,0,17,1,20,404,20404,14,2012,"2GNFLDE50C62","2","G","N","F","L","D","E","5","0","C","6","2",0,0,0,"000000000","00000000000",0,0,0,1,0,0,0,0,0,0,0,998,0,1,6,12,6,2,1,0,0,0,1,17,60803,6,1,0,0,3,0,74,230,0,0,0,0,0,0,0,0,0,0,0,0,0,0,2,3,70,1,1,2,1,0,0,1,13,99,1,4,1,"777777777777","777777777777","777777777777",1,0
18,180228,1,2,1,5,5,22,24,12,2,1,0,26,1,12,16,12016,4,1995,"2FALP73W2SX2","2","F","A","L","P","7","3","W","2","S","X","2",0,0,0,"000000000","00000000000",0,0,0,1,0,0,0,0,0,0,0,998,0,0,0,12,6,2,12,0,0,0,1,26,49120,6,1,0,0,3,0,72,300,0,0,0,0,0,0,0,0,0,0,28,0,0,0,1,3,55,1,2,2,1,28,3,1,10,99,1,2,51,"777777777777","777777777777","777777777777",1,0
18,180228,2,2,1,5,5,22,24,12,2,1,0,18,1,20,481,20481,31,2004,"1GCHK23134F1","1","G","C","H","K","2","3","1","3","4","F","1",0,0,0,"000000000","00000000000",0,0,0,1,0,0,0,0,0,0,0,998,0,0,0,12,6,2,12,0,0,0,1,18,46391,1,1,0,0,2,2,70,195,0,0,0,0,0,0,0,0,0,0,74,0,0,0,1,3,55,1,2,2,1,28,3,1,62,99,1,1,50,"777777777777","777777777777","777777777777",0,1
18,180229,1,1,1,5,5,17,52,38,0,1,0,18,1,7,482,7482,31,2003,"3D7KU28623G8","3","D","7","K","U","2","8","6","2","3","G","8",0,0,0,"000000000","00000000000",0,0,0,1,0,0,0,0,0,0,0,998,0,0,0,10,6,2,42,0,0,0,1,18,47836,6,1,5,0,3,0,72,215,0,0,0,0,0,0,0,0,0,0,28,0,0,0,1,2,55,1,1,2,1,0,0,1,12,99,1,4,6,"777777777777","777777777777","777777777777",1,0
18,180230,1,2,1,7,5,13,46,12,1,1,0,18,1,72,706,72706,80,2000,"1HD1GEV14YY3","1","H","D","1","G","E","V","1","4","Y","Y","3",0,0,0,"000000000","00000000000",0,0,0,1,0,0,0,0,0,0,0,998,0,0,0,6,4,5,12,0,0,0,1,18,46614,6,1,0,0,3,1,70,150,0,0,0,1,0,2,2013,2,2013,0,0,0,0,0,2,3,55,1,1,2,1,0,0,1,53,99,1,1,25,"777777777777","777777777777","777777777777",0,0
18,180230,2,2,2,7,5,13,46,12,1,1,0,18,1,76,706,76706,80,2005,"JYAVP04E55A0","J","Y","A","V","P","0","4","E","5","5","A","0",0,0,0,"000000000","00000000000",0,0,0,1,0,0,0,0,0,0,0,998,0,0,0,12,4,5,12,0,0,0,1,18,46544,6,1,5,0,3,0,71,220,0,0,0,0,0,0,0,0,0,3,26,0,0,0,2,3,55,1,1,2,1,0,0,1,51,16,2,1,24,"777777777777","777777777777","777777777777",1,1
18,180231,1,1,1,6,5,6,25,10,0,1,0,18,1,23,471,23471,30,1998,"1GTCS1442W85","1","G","T","C","S","1","4","4","2","W","8","5",0,0,0,"000000000","00000000000",0,0,0,1,0,0,0,0,0,0,0,998,0,1,5,9,6,2,10,0,0,0,1,18,47368,6,1,0,0,3,3,66,150,0,0,0,0,0,0,0,0,0,0,39,0,0,0,1,2,25,1,1,2,1,65,3,1,98,99,1,1,98,"777777777777","777777777777","777777777777",1,0
18,180232,1,2,1,18,4,15,16,12,1,1,0,18,3,86,881,86881,66,2007,"1M1AK06Y37N0","1","M","1","A","K","0","6","Y","3","7","N","0",1,1,57,"001277557","57001277557",3,6,1,1,0,0,0,0,0,0,0,50,0,0,0,12,6,2,12,0,0,0,1,18,46773,6,1,6,0,3,1,73,225,1,1,0,1,1,5,2011,3,2016,3,26,0,0,0,1,2,55,1,1,2,1,0,0,1,51,99,1,1,24,"888888888888","777777777777","777777777777",0,0
18,180232,2,2,1,18,4,15,16,12,1,1,0,0,0,98,998,98998,92,1940,"000000000000","0","0","0","0","0","0","0","0","0","0","0","0",0,0,0,"000000000","00000000000",0,0,0,1,0,0,0,0,0,0,0,998,0,0,0,6,6,2,12,0,0,0,1,6,92069,1,1,0,0,2,2,72,185,0,5,2,0,0,1,2012,8,2014,0,74,0,0,0,1,2,55,1,1,2,1,0,0,1,53,99,1,1,25,"777777777777","777777777777","777777777777",1,0
18,180233,1,2,1,29,4,14,28,12,2,1,0,18,1,37,31,37031,4,1999,"1HGEJ8644XL0","1","H","G","E","J","8","6","4","4","X","L","0",0,0,0,"000000000","00000000000",0,0,0,1,0,0,0,0,0,0,0,998,0,0,0,12,6,2,12,0,0,0,1,18,47201,6,1,0,0,3,0,71,160,0,0,0,0,1,12,2015,12,2015,0,28,0,0,0,1,2,55,1,2,2,1,0,0,1,10,99,1,2,50,"777777777777","777777777777","777777777777",1,0
18,180233,2,2,1,29,4,14,28,12,2,1,0,39,3,82,881,82881,66,2015,"3AKBGBD41FDG","3","A","K","B","G","B","D","4","1","F","D","G",1,1,57,"000689949","57000689949",3,6,1,1,0,0,0,0,0,0,0,998,0,0,0,12,6,2,12,0,0,0,1,39,45207,6,1,6,1,3,3,70,175,0,0,0,0,0,0,0,0,0,0,0,0,0,0,1,2,55,1,2,2,1,0,0,1,62,1,1,1,51,"888888888888","777777777777","777777777777",0,0
18,180234,1,3,1,2,5,8,44,12,7,1,0,18,2,55,401,55401,14,2005,"KM8SC73D35U9","K","M","8","S","C","7","3","D","3","5","U","9",0,0,0,"000000000","00000000000",0,0,0,1,0,0,0,0,0,0,0,998,0,0,0,1,6,2,12,0,0,0,1,18,47421,6,1,0,0,3,0,69,155,0,0,0,0,0,0,0,0,0,0,39,0,0,0,5,4,45,1,2,2,1,1,3,1,11,1,1,2,44,"777777777777","777777777777","777777777777",0,0
18,180234,2,3,1,2,5,8,44,12,7,1,0,18,1,49,46,49046,5,2014,"JTDKN3DUXE17","J","T","D","K","N","3","D","U","X","E","1","7",0,0,0,"000000000","00000000000",0,0,0,1,0,0,0,0,0,0,0,998,0,0,0,7,6,2,12,0,0,0,1,18,47421,6,1,0,0,3,3,66,100,0,0,0,0,0,0,0,0,0,0,0,0,0,0,5,4,45,1,2,2,1,1,3,1,60,99,1,1,45,"777777777777","777777777777","777777777777",0,0
18,180234,3,3,1,2,5,8,44,12,7,1,0,18,1,49,43,49043,4,2013,"4T1BK1EB7DU0","4","T","1","B","K","1","E","B","7","D","U","0",0,0,0,"000000000","00000000000",0,0,0,1,0,0,0,0,0,0,0,998,0,0,0,9,6,2,12,0,0,0,1,18,47401,6,1,0,0,3,3,71,190,0,0,0,1,0,1,2015,1,2015,0,0,0,0,0,5,5,45,1,2,2,1,1,3,1,62,99,1,1,98,"777777777777","777777777777","777777777777",1,0
18,180235,1,1,2,5,5,20,22,34,0,1,0,18,1,20,473,20473,30,2005,"1GCDT1366581","1","G","C","D","T","1","3","6","6","5","8","1",0,0,0,"000000000","00000000000",0,0,0,1,0,0,0,0,0,0,0,998,0,1,5,3,6,2,32,0,0,1,1,18,47601,6,1,6,0,3,0,72,170,0,0,0,0,0,0,0,0,0,0,28,91,0,0,1,2,30,1,2,2,1,0,0,1,12,99,1,4,6,"777777777777","777777777777","777777777777",1,1
18,180236,1,1,3,9,5,8,20,59,0,1,0,18,2,20,20,20020,4,1996,"2G1WL52M3T11","2","G","1","W","L","5","2","M","3","T","1","1",0,0,0,"000000000","00000000000",0,0,0,1,0,0,0,0,0,0,0,998,0,0,0,82,6,2,35,32,0,0,1,18,47567,6,1,0,0,3,3,66,172,0,0,0,0,0,0,0,0,0,0,0,0,0,0,1,2,55,1,2,2,2,0,0,1,13,99,1,4,1,"777777777777","777777777777","777777777777",1,0
18,180237,1,2,2,9,5,19,0,12,6,1,0,18,2,6,43,6043,1,2002,"1C3EL65R02N3","1","C","3","E","L","6","5","R","0","2","N","3",0,0,0,"000000000","00000000000",0,0,0,1,0,0,0,0,0,0,0,998,0,0,0,3,4,5,12,0,0,0,1,18,46601,6,1,0,0,3,0,64,202,0,1,0,0,1,2,2013,2,2013,0,38,0,0,0,1,2,30,1,2,2,2,20,3,11,15,99,1,1,76,"777777777777","777777777777","777777777777",0,0
18,180237,2,2,1,9,5,19,0,12,6,1,0,0,0,98,703,98703,88,2012,"L9NTELKD1C10","L","9","N","T","E","L","K","D","1","C","1","0",0,0,0,"000000000","00000000000",0,0,0,1,0,0,0,0,0,0,0,998,0,0,0,12,6,2,12,0,0,0,1,18,46628,2,1,0,0,1,0,69,150,0,0,0,0,0,0,0,0,0,3,0,0,0,0,1,2,30,1,2,2,2,0,0,1,66,99,1,1,77,"777777777777","777777777777","777777777777",1,0
18,180238,1,1,1,5,5,21,30,8,0,1,0,18,2,22,20,22020,2,2001,"1G2WP12K31F1","1","G","2","W","P","1","2","K","3","1","F","1",0,0,0,"000000000","00000000000",0,0,0,1,0,0,0,0,0,0,0,998,0,0,0,12,4,5,8,0,0,0,1,18,47360,6,2,0,0,3,0,63,145,0,0,0,1,0,4,2016,4,2016,0,0,0,0,0,1,2,55,1,1,2,1,0,0,1,80,6,1,1,13,"777777777777","777777777777","777777777777",0,0
18,180239,1,1,2,10,5,2,22,30,0,1,0,18,1,34,34,34034,1,2002,"WBSBR93482EX","W","B","S","B","R","9","3","4","8","2","E","X",0,0,0,"000000000","00000000000",0,0,0,1,0,0,0,0,0,0,0,998,0,0,0,10,6,2,30,0,0,0,1,18,46220,6,1,0,0,3,0,69,145,0,0,0,0,0,0,0,0,0,4,8,0,0,0,1,4,45,1,1,2,2,0,0,1,6,99,3,4,2,"777777777777","777777777777","777777777777",1,1
18,180240,1,2,6,30,4,19,41,12,6,1,0,18,2,63,33,63033,4,2002,"KNAFB1214251","K","N","A","F","B","1","2","1","4","2","5","1",0,0,0,"000000000","00000000000",0,0,0,1,0,0,0,0,0,0,0,998,0,0,0,1,6,2,12,0,0,0,1,18,47138,1,1,0,0,2,0,66,165,0,1,0,0,0,12,2015,12,2015,3,28,0,0,0,1,2,35,2,3,2,2,0,0,14,10,16,1,2,64,"777777777777","777777777777","777777777777",3,0
18,180240,2,2,2,30,4,19,41,12,6,1,0,18,2,20,481,20481,31,2004,"1GCHK29184E1","1","G","C","H","K","2","9","1","8","4","E","1",0,0,0,"000000000","00000000000",0,0,0,1,0,0,0,0,0,0,0,998,0,0,0,12,6,2,12,0,0,0,1,18,47250,6,1,0,0,3,3,67,153,0,0,0,0,0,0,0,0,0,0,0,0,0,0,1,2,35,2,3,2,2,0,0,14,62,7,1,1,65,"777777777777","777777777777","777777777777",0,0
18,180243,1,2,1,13,5,9,20,12,2,1,0,18,2,20,461,20461,21,2009,"1GCGG29K3911","1","G","C","G","G","2","9","K","3","9","1","1",0,0,0,"000000000","00000000000",0,0,0,1,0,0,0,0,0,0,0,998,0,0,0,12,6,2,12,0,0,0,1,18,46741,6,1,0,0,3,0,68,180,0,0,0,0,0,0,0,0,0,0,28,0,0,0,1,2,40,1,1,2,1,0,0,1,10,99,1,2,50,"777777777777","777777777777","777777777777",0,0
18,180243,2,2,1,13,5,9,20,12,2,1,0,18,2,20,461,20461,21,2006,"1GCHG35UX612","1","G","C","H","G","3","5","U","X","6","1","2",0,0,0,"000000000","00000000000",0,0,0,1,0,0,0,0,0,0,0,998,0,0,0,12,6,2,12,0,0,0,1,18,46710,6,1,0,0,3,0,67,195,0,0,0,0,1,4,2015,4,2015,0,0,0,0,0,1,2,40,1,1,2,1,0,0,1,62,99,1,1,51,"777777777777","777777777777","777777777777",1,0
18,180244,1,2,1,13,5,7,17,12,2,1,0,18,1,20,402,20402,14,2001,"2CNBJ78C1169","2","C","N","B","J","7","8","C","1","1","6","9",0,0,0,"000000000","00000000000",0,0,0,1,0,0,0,0,0,0,0,998,0,0,0,12,6,2,12,0,0,0,1,18,47331,6,1,0,0,3,0,69,195,0,0,0,0,0,0,0,0,0,0,28,0,0,0,1,2,55,1,2,2,1,0,0,1,10,99,1,2,50,"777777777777","777777777777","777777777777",1,0
18,180244,2,2,1,13,5,7,17,12,2,1,0,39,2,85,881,85881,66,2010,"1XKDD48X5AJ2","1","X","K","D","D","4","8","X","5","A","J","2",1,1,57,"000375985","57000375985",3,6,1,1,0,0,0,0,0,0,0,998,0,0,0,12,6,2,12,0,0,0,1,39,45345,6,1,6,0,3,3,67,220,0,0,0,1,0,4,2013,4,2013,0,0,0,0,0,1,2,55,1,2,2,1,0,0,1,62,1,1,1,51,"888888888888","777777777777","777777777777",0,0
18,180245,1,2,1,9,5,20,15,12,2,1,0,18,1,12,471,12471,30,1994,"1FTCR14X0RPB","1","F","T","C","R","1","4","X","0","R","P","B",0,0,0,"000000000","00000000000",0,0,0,1,0,0,0,0,0,0,0,998,0,0,0,12,6,2,12,32,0,0,1,18,46349,6,1,0,0,3,0,64,180,0,0,0,0,0,0,0,0,0,0,51,0,0,0,2,2,60,1,1,2,2,0,0,1,51,99,1,1,42,"777777777777","777777777777","777777777777",1,0
18,180245,2,2,1,9,5,20,15,12,2,1,0,40,3,86,881,86881,66,2012,"1M1AW01X9HM0","1","M","1","A","W","0","1","X","9","H","M","0",1,1,57,"000082866","57000082866",3,6,1,1,0,0,0,0,0,0,0,998,0,0,0,12,6,2,12,0,0,0,1,17,60473,6,1,6,0,3,0,68,175,0,0,0,0,0,0,0,0,0,0,0,0,0,0,2,2,60,1,1,2,2,0,0,1,51,16,1,1,42,"888888888888","777777777777","777777777777",0,0
18,180246,1,1,1,13,5,13,57,8,0,1,0,18,2,7,482,7482,31,2013,"1C6RR7LT9DS6","1","C","6","R","R","7","L","T","9","D","S","6",0,0,0,"000000000","00000000000",0,0,0,1,0,0,0,0,0,0,0,998,0,0,0,12,2,5,8,0,0,0,1,18,47150,6,1,0,0,3,3,68,180,0,0,0,0,0,0,0,0,0,0,0,0,0,0,2,3,30,1,1,2,1,1,3,11,80,99,1,1,13,"777777777777","777777777777","777777777777",0,0
18,180247,1,1,1,15,5,9,33,9,0,1,0,18,1,20,25,20025,4,2011,"1G1PF5S96B72","1","G","1","P","F","5","S","9","6","B","7","2",0,0,0,"000000000","00000000000",0,0,0,1,0,0,0,0,0,0,0,998,0,0,0,12,6,2,9,0,0,0,1,18,46770,6,1,0,0,3,0,71,215,0,0,0,0,0,0,0,0,0,0,0,0,0,0,1,2,55,1,1,2,1,0,0,1,83,1,1,1,13,"777777777777","777777777777","777777777777",0,1
18,180248,1,1,1,8,5,15,16,42,0,1,0,18,2,13,12,13012,4,2002,"1LNHM87A12Y6","1","L","N","H","M","8","7","A","1","2","Y","6",0,0,0,"000000000","00000000000",0,0,0,1,0,0,0,0,0,0,0,998,0,0,0,12,6,2,2,0,0,1,1,18,46534,0,0,0,0,0,0,74,210,0,5,1,0,5,7,2011,10,2014,3,8,28,0,0,1,2,55,1,1,2,1,0,0,1,12,99,2,4,7,"777777777777","777777777777","777777777777",1,1
18,180249,1,1,1,11,5,20,13,25,0,1,0,18,1,22,18,22018,4,2002,"1G2NE52F02C2","1","G","2","N","E","5","2","F","0","2","C","2",0,0,0,"000000000","00000000000",0,0,0,1,0,0,0,0,0,0,0,998,0,0,0,14,6,2,35,0,0,0,1,18,46615,6,1,0,0,3,0,74,280,0,0,0,0,0,0,0,0,0,0,0,0,0,0,2,2,30,4,2,1,1,0,0,14,13,99,1,4,1,"777777777777","777777777777","777777777777",1,1
18,180250,1,2,2,15,5,21,56,12,6,1,0,18,1,34,401,34401,14,2002,"5UXFB93532LN","5","U","X","F","B","9","3","5","3","2","L","N",0,0,0,"000000000","00000000000",0,0,0,1,0,0,0,0,0,0,0,998,0,0,0,1,6,2,12,0,0,0,1,18,46221,6,1,0,0,3,0,60,94,0,0,0,0,0,0,0,0,0,0,39,0,0,0,1,2,45,1,1,2,1,20,3,1,17,99,1,1,66,"777777777777","777777777777","777777777777",1,1
18,180250,2,2,1,15,5,21,56,12,6,1,0,18,1,20,481,20481,31,2007,"2GCEC13V7711","2","G","C","E","C","1","3","V","7","7","1","1",0,0,0,"000000000","00000000000",0,0,0,1,0,0,0,0,0,0,0,998,0,0,0,11,6,2,12,0,0,0,1,18,46180,6,1,6,0,3,0,70,180,0,0,0,0,1,8,2012,8,2012,0,0,0,0,0,1,2,45,1,1,2,1,0,0,1,17,99,1,1,66,"777777777777","777777777777","777777777777",1,0
18,180251,1,1,2,8,5,15,52,34,0,1,0,18,1,22,20,22020,4,2000,"1G2WP52K6YF2","1","G","2","W","P","5","2","K","6","Y","F","2",0,0,0,"000000000","00000000000",0,0,0,1,0,0,0,0,0,0,0,75,0,0,0,14,6,2,2,0,0,1,1,18,46036,6,2,0,0,3,3,73,206,0,0,0,1,0,10,2015,10,2015,3,8,28,0,0,1,2,45,1,1,2,1,0,0,1,12,99,2,4,7,"777777777777","777777777777","777777777777",1,0
18,180252,1,1,1,7,5,0,17,33,0,1,0,18,2,12,473,12473,30,2001,"1FMZU77EX1UC","1","F","M","Z","U","7","7","E","X","1","U","C",0,0,0,"000000000","00000000000",0,0,0,1,0,0,0,0,0,0,0,998,0,2,6,1,6,2,14,0,0,0,1,18,46203,1,1,0,0,2,0,67,140,0,0,0,0,0,0,0,0,0,3,8,58,0,0,5,7,40,4,1,2,1,0,0,14,13,99,1,4,1,"777777777777","777777777777","777777777777",1,1
18,180253,1,2,1,11,5,13,47,12,6,1,0,18,1,12,443,12443,20,2004,"2FMDA58234BA","2","F","M","D","A","5","8","2","3","4","B","A",0,0,0,"000000000","00000000000",0,0,0,1,0,0,0,0,0,0,0,998,0,1,5,62,6,2,12,0,0,0,1,18,46310,6,1,0,0,3,3,62,160,0,0,0,0,0,0,0,0,0,0,38,0,0,0,1,2,45,1,1,2,1,20,3,1,17,99,1,1,89,"777777777777","777777777777","777777777777",1,0
18,180253,2,2,1,11,5,13,47,12,6,1,0,39,3,86,881,86881,66,2006,"1M1AK05Y26N0","1","M","1","A","K","0","5","Y","2","6","N","0",1,1,57,"000063391","57000063391",3,6,1,1,0,0,0,0,0,0,0,998,0,0,0,12,6,2,12,0,0,0,1,18,46619,6,1,6,0,3,0,71,196,0,0,0,0,0,0,0,0,0,0,0,0,0,0,1,2,45,1,1,2,1,0,0,1,17,99,1,1,88,"888888888888","777777777777","777777777777",0,0
18,180254,1,2,1,11,5,21,29,12,6,1,0,18,1,12,17,12017,4,2000,"1FAFP52U1YG1","1","F","A","F","P","5","2","U","1","Y","G","1",0,0,0,"000000000","00000000000",0,0,0,1,0,0,0,0,0,0,0,998,0,0,0,1,2,5,12,0,0,0,1,18,46806,6,1,0,0,3,3,64,184,0,0,0,0,0,0,0,0,0,0,38,0,0,0,1,2,35,1,1,2,1,0,0,11,15,99,1,1,68,"777777777777","777777777777","777777777777",0,0
18,180254,2,2,1,11,5,21,29,12,6,1,0,18,1,98,709,98709,81,2013,"L9NTEACT4D10","L","9","N","T","E","A","C","T","4","D","1","0",0,0,0,"000000000","00000000000",0,0,0,1,0,0,0,0,0,0,0,998,0,0,0,12,6,2,12,0,0,0,1,18,46806,1,1,0,0,2,0,68,170,0,0,0,0,0,0,0,0,0,0,0,0,0,0,1,2,35,1,1,2,1,0,0,1,62,99,1,1,69,"777777777777","777777777777","777777777777",1,0
18,180255,1,1,1,17,5,6,49,1,0,1,0,18,1,20,2,20002,4,2005,"2G1WF52E0591","2","G","1","W","F","5","2","E","0","5","9","1",0,0,0,"000000000","00000000000",0,0,0,1,0,0,0,0,0,0,0,998,0,1,5,0,6,2,1,0,0,0,1,18,47960,6,1,0,0,3,0,73,275,2,2,0,0,0,6,2012,7,2015,4,58,0,0,0,1,2,55,1,1,2,2,0,0,1,6,12,4,4,2,"777777777777","777777777777","777777777777",1,0
18,180256,1,1,2,11,5,18,55,35,0,1,0,18,1,37,706,37706,80,1998,"1HFSC3700WA0","1","H","F","S","C","3","7","0","0","W","A","0",0,0,0,"000000000","00000000000",0,0,0,1,0,0,0,0,0,0,0,998,0,0,0,12,6,2,1,0,0,0,1,18,46580,6,1,5,0,3,0,72,200,0,0,0,0,0,0,0,0,0,0,0,0,0,0,1,2,45,4,1,2,1,28,3,14,13,99,1,4,1,"777777777777","777777777777","777777777777",1,1
18,180258,1,2,2,24,3,21,59,12,6,1,0,18,1,7,482,7482,31,2006,"3D7MX48C06G1","3","D","7","M","X","4","8","C","0","6","G","1",1,1,0,"000000000","00000000000",0,0,0,1,0,0,0,0,0,0,0,998,0,0,0,8,2,5,12,0,0,0,1,18,46795,6,1,0,0,3,3,72,300,0,0,0,1,0,1,2015,1,2015,0,31,0,0,0,1,2,55,1,1,2,1,0,0,13,10,99,1,2,92,"888888888888","777777777777","777777777777",0,0
18,180258,2,2,1,24,3,21,59,12,6,1,0,18,1,55,33,55033,4,2006,"KMHET46C16A1","K","M","H","E","T","4","6","C","1","6","A","1",0,0,0,"000000000","00000000000",0,0,0,1,0,0,0,0,0,0,0,998,0,0,0,11,6,2,12,0,0,0,1,18,46761,6,1,0,0,3,3,69,180,0,0,0,1,0,6,2012,6,2012,0,0,0,0,0,1,2,55,1,1,2,1,0,0,1,62,99,1,1,93,"777777777777","777777777777","777777777777",1,0