"STATE","ST_CASE","VEH_NO","VE_FORMS","NUMOCCS","DAY","MONTH","HOUR","MINUTE","HARM_EV","MAN_COLL","UNITTYPE","HIT_RUN","REG_STAT","OWNER","MAKE","MODEL","MAK_MOD","BODY_TYP","MOD_YEAR","VIN","VIN_1","VIN_2","VIN_3","VIN_4","VIN_5","VIN_6","VIN_7","VIN_8","VIN_9","VIN_10","VIN_11","VIN_12","TOW_VEH","J_KNIFE","MCARR_I1","MCARR_I2","MCARR_ID","GVWR","V_CONFIG","CARGO_BT","HAZ_INV","HAZ_PLAC","HAZ_ID","HAZ_CNO","HAZ_REL","BUS_USE","SPEC_USE","EMER_USE","TRAV_SP","UNDERIDE","ROLLOVER","ROLINLOC","IMPACT1","DEFORMED","TOWED","M_HARM","VEH_SC1","VEH_SC2","FIRE_EXP","DR_PRES","L_STATE","DR_ZIP","L_STATUS","L_TYPE","CDL_STAT","L_ENDORS","L_COMPL","L_RESTRI","DR_HGT","DR_WGT","PREV_ACC","PREV_SUS","PREV_DWI","PREV_SPD","PREV_OTH","FIRST_MO","FIRST_YR","LAST_MO","LAST_YR","SPEEDREL","DR_SF1","DR_SF2","DR_SF3","DR_SF4","VTRAFWAY","VNUM_LAN","VSPD_LIM","VALIGN","VPROFILE","VPAVETYP","VSURCOND","VTRAFCON","VTCONT_F","P_CRASH1","P_CRASH2","P_CRASH3","PCRASH4","PCRASH5","ACC_TYPE","TRLR1VIN","TRLR2VIN","TRLR3VIN","DEATHS","DR_DRINK"
18,180373,1,2,4,17,6,8,52,12,6,1,0,18,1,20,27,20027,4,9999,"999999999999","9","9","9","9","9","9","9","9","9","9","9","9",0,0,0,"000000000","00000000000",0,0,0,1,0,0,0,0,0,0,0,998,0,0,0,9,6,2,12,0,0,0,1,18,46580,6,1,0,0,3,0,71,175,0,2,0,0,0,6,2013,6,2013,0,39,0,0,0,1,2,55,1,1,2,1,20,3,4,17,99,1,1,89,"777777777777","777777777777","777777777777",1,0
18,180373,2,2,1,17,6,8,52,12,6,1,0,18,2,20,37,20037,4,2010,"1G1ZC5E04AF2","1","G","1","Z","C","5","E","0","4","A","F","2",0,0,0,"000000000","00000000000",0,0,0,1,0,0,0,0,0,0,0,998,0,0,0,12,6,2,12,0,0,0,1,18,46510,6,1,0,0,3,0,66,220,0,0,0,0,0,0,0,0,0,0,0,0,0,0,1,2,55,1,1,2,1,0,0,1,17,99,1,1,88,"777777777777","777777777777","777777777777",0,0
18,180374,1,1,2,8,7,17,45,35,0,1,0,18,1,12,3,12003,2,2005,"1ZVFT80N4551","1","Z","V","F","T","8","0","N","4","5","5","1",0,0,0,"000000000","00000000000",0,0,0,1,0,0,0,0,0,0,0,998,0,1,5,14,6,2,1,32,0,0,1,18,46947,6,1,0,0,3,0,73,210,1,0,0,0,0,1,2012,1,2012,3,0,0,0,0,1,2,55,1,1,2,1,0,0,6,3,7,2,4,2,"777777777777","777777777777","777777777777",1,0
18,180375,1,2,1,10,7,21,41,12,6,1,0,48,2,7,880,7880,67,2003,"3D7MU48603G7","3","D","7","M","U","4","8","6","0","3","G","7",0,0,57,"001964350","57001964350",2,1,97,1,0,0,0,0,0,0,0,998,0,0,0,1,6,2,12,0,0,0,1,48,79054,6,1,0,0,3,0,999,999,1,0,0,0,1,8,2014,8,2014,0,38,0,0,0,2,3,40,1,1,2,1,0,0,11,15,99,1,1,68,"777777777777","777777777777","777777777777",0,0
18,180375,2,2,1,10,7,21,41,12,6,1,0,18,1,37,706,37706,80,2002,"JH2SC50022M0","J","H","2","S","C","5","0","0","2","2","M","0",0,0,0,"000000000","00000000000",0,0,0,1,0,0,0,0,0,0,0,998,0,0,0,12,6,2,12,0,0,0,1,18,46528,6,1,0,0,3,3,69,150,0,0,0,1,2,8,2013,2,2015,0,0,0,0,0,2,3,40,1,1,2,1,0,0,1,66,99,1,1,69,"777777777777","777777777777","777777777777",1,0
18,180376,1,2,1,3,7,12,56,33,0,1,0,18,1,7,402,7402,14,2003,"1D4HS38N73F5","1","D","4","H","S","3","8","N","7","3","F","5",0,0,0,"000000000","00000000000",0,0,0,1,0,0,0,0,0,0,0,998,0,1,1,14,6,2,12,0,0,0,1,18,46208,6,1,0,0,3,0,73,255,0,1,0,1,0,9,2013,9,2013,0,8,58,0,0,2,2,45,1,1,2,2,0,0,1,6,99,2,4,7,"777777777777","777777777777","777777777777",0,0
18,180376,2,2,1,3,7,12,56,33,0,1,0,18,1,20,481,20481,31,2006,"1GCEC19Z86Z2","1","G","C","E","C","1","9","Z","8","6","Z","2",0,0,0,"000000000","00000000000",0,0,0,1,0,0,0,0,0,0,0,998,0,0,0,12,6,2,12,0,0,0,1,18,46222,6,1,0,0,3,0,69,240,0,0,0,0,1,7,2012,7,2012,0,0,0,0,0,2,2,45,1,1,2,2,0,0,1,64,99,1,1,98,"777777777777","777777777777","777777777777",1,0
18,180377,1,1,1,9,7,15,45,33,0,1,0,18,1,72,706,72706,80,2007,"1HD1KB4157Y6","1","H","D","1","K","B","4","1","5","7","Y","6",0,0,0,"000000000","00000000000",0,0,0,1,0,0,0,0,0,0,0,998,0,0,0,99,6,2,33,0,0,0,1,18,46231,6,1,5,0,3,0,69,220,0,0,0,0,0,0,0,0,0,3,0,0,0,0,2,5,40,3,1,2,1,0,0,14,13,99,1,4,1,"777777777777","777777777777","777777777777",1,0
18,180378,1,1,1,10,7,8,0,42,0,1,0,18,2,6,51,6051,4,2007,"2C3KA63H87H6","2","C","3","K","A","6","3","H","8","7","H","6",0,0,0,"000000000","00000000000",0,0,0,1,0,0,0,0,0,0,0,998,0,1,5,99,6,2,1,0,0,0,1,18,46157,6,1,0,0,3,3,72,155,0,5,0,0,4,2,2012,5,2015,3,0,0,0,0,1,2,50,2,1,2,1,0,0,14,12,99,1,4,6,"777777777777","777777777777","777777777777",1,0
18,180379,1,5,1,5,7,17,10,12,1,1,0,18,3,42,461,42461,21,2015,"WDPPF3CC6F96","W","D","P","P","F","3","C","C","6","F","9","6",0,0,0,"000000000","00000000000",0,0,0,1,0,0,0,0,0,0,0,998,0,0,0,12,6,2,12,0,0,0,1,18,46176,6,1,0,0,3,0,73,265,0,1,0,2,0,7,2011,5,2015,0,26,0,0,0,1,2,55,1,1,2,1,0,0,1,50,16,1,1,20,"777777777777","777777777777","777777777777",0,0
18,180379,2,5,1,5,7,17,10,12,1,1,0,18,1,20,423,20423,15,2015,"1GNKVJKD3FJ1","1","G","N","K","V","J","K","D","3","F","J","1",0,0,0,"000000000","00000000000",0,0,0,1,0,0,0,0,0,0,0,0,0,0,0,6,6,2,12,0,0,0,1,18,46161,6,1,0,0,3,3,72,200,0,0,0,0,0,0,0,0,0,0,28,0,0,0,1,2,55,1,1,2,1,0,0,5,53,1,1,1,21,"777777777777","777777777777","777777777777",1,0
18,180379,3,5,1,5,7,17,10,12,1,1,0,18,2,12,461,12461,21,2011,"1FTNE2EW6BDA","1","F","T","N","E","2","E","W","6","B","D","A",0,0,0,"000000000","00000000000",0,0,0,1,0,0,0,0,0,0,0,998,0,0,0,12,6,2,12,0,0,0,1,18,47303,6,1,0,0,3,0,66,150,0,1,0,1,0,5,2013,5,2013,0,0,0,0,0,1,2,55,1,1,2,1,0,0,1,62,98,1,1,98,"777777777777","777777777777","777777777777",0,0
18,180379,4,5,1,5,7,17,10,12,1,1,0,18,2,12,23,12023,4,2012,"3FAHP0HA7CR1","3","F","A","H","P","0","H","A","7","C","R","1",0,0,0,"000000000","00000000000",0,0,0,1,0,0,0,0,0,0,0,998,0,0,0,7,2,5,54,0,0,0,1,18,46173,6,1,0,0,3,3,72,220,0,0,0,0,0,0,0,0,0,0,0,0,0,0,1,2,55,1,1,2,1,0,0,1,13,7,1,4,98,"777777777777","777777777777","777777777777",0,0
18,180379,5,5,1,5,7,17,10,12,1,1,0,18,1,20,473,20473,30,2016,"1GCGTDE32G12","1","G","C","G","T","D","E","3","2","G","1","2",0,0,0,"000000000","00000000000",0,0,0,1,0,0,0,0,0,0,0,998,0,0,0,13,2,5,54,0,0,0,1,18,46218,6,1,0,0,3,0,67,240,0,0,0,0,0,0,0,0,0,0,0,0,0,0,1,2,55,1,1,2,1,0,0,1,98,99,1,1,98,"777777777777","777777777777","777777777777",0,0
18,180380,1,2,1,9,7,14,32,12,6,1,0,18,2,63,33,63033,5,2005,"KNAFE1616551","K","N","A","F","E","1","6","1","6","5","5","1",0,0,0,"000000000","00000000000",0,0,0,1,0,0,0,0,0,0,0,998,0,0,0,3,6,2,12,0,0,0,1,18,46385,6,1,0,0,3,0,68,265,0,0,0,1,0,8,2012,8,2012,0,38,0,0,0,1,2,30,1,1,2,1,0,0,11,15,1,1,1,68,"777777777777","777777777777","777777777777",0,0
18,180380,2,2,1,9,7,14,32,12,6,1,0,18,1,72,706,72706,80,2013,"1HD1JRV14DB0","1","H","D","1","J","R","V","1","4","D","B","0",0,0,0,"000000000","00000000000",0,0,0,1,0,0,0,0,0,0,0,998,0,0,0,12,6,2,12,0,0,0,1,18,46304,6,1,0,0,3,3,65,130,0,0,0,0,0,0,0,0,0,0,0,0,0,0,1,2,30,1,1,2,1,0,0,1,62,99,1,1,69,"777777777777","777777777777","777777777777",1,0
18,180381,1,1,2,12,7,2,57,32,0,1,0,18,2,20,29,20029,5,2013,"KL8CF6S96DC5","K","L","8","C","F","6","S","9","6","D","C","5",0,0,0,"000000000","00000000000",0,0,0,1,0,0,0,0,0,0,0,998,0,1,5,12,6,2,1,0,0,0,1,18,47460,6,1,0,0,3,0,72,235,0,0,0,1,2,8,2013,9,2015,0,28,0,0,0,1,2,55,1,1,2,1,0,0,1,12,99,1,4,6,"777777777777","777777777777","777777777777",1,1
18,180382,1,1,2,10,7,2,0,1,0,1,1,18,1,53,706,53706,80,2005,"JS1GR7JA6521","J","S","1","G","R","7","J","A","6","5","2","1",0,0,0,"000000000","00000000000",0,0,0,1,0,0,0,0,0,0,0,998,0,0,0,0,6,2,1,0,0,0,1,18,46224,1,1,0,0,2,0,66,130,0,5,0,4,6,12,2011,4,2016,3,8,28,91,0,1,2,45,2,1,2,1,28,3,14,12,99,1,4,6,"777777777777","777777777777","777777777777",1,1
18,180383,1,2,1,7,7,0,35,12,6,1,0,18,1,20,481,20481,31,1990,"1GCDK14K6LE2","1","G","C","D","K","1","4","K","6","L","E","2",0,0,0,"000000000","00000000000",0,0,0,1,0,0,0,0,0,0,0,998,0,0,0,11,6,2,2,0,0,1,1,18,46072,1,1,8,0,2,2,72,160,0,1,0,1,0,4,2013,5,2016,3,39,27,74,8,3,3,50,1,1,2,1,1,3,1,17,99,1,1,88,"777777777777","777777777777","777777777777",1,1
18,180383,2,2,1,7,7,0,35,12,6,1,0,18,1,20,2,20002,4,2013,"2G1WG5E32D11","2","G","1","W","G","5","E","3","2","D","1","1",0,0,0,"000000000","00000000000",0,0,0,1,0,0,0,0,0,0,0,998,0,0,0,7,4,3,12,0,0,0,1,18,46902,6,1,8,0,3,0,71,190,1,1,0,0,0,2,2014,4,2014,0,0,0,0,0,1,2,50,1,1,2,1,1,3,1,17,99,1,1,89,"777777777777","777777777777","777777777777",0,0
18,180384,1,1,1,2,7,16,18,24,0,1,0,18,2,72,706,72706,80,2006,"1HD1FFW136Y6","1","H","D","1","F","F","W","1","3","6","Y","6",0,0,0,"000000000","00000000000",0,0,0,1,0,0,0,0,0,0,0,998,0,0,0,12,6,2,1,0,0,0,1,18,46919,6,1,6,0,3,3,70,200,0,1,0,0,2,4,2016,5,2016,3,8,28,0,0,1,2,55,2,1,2,1,0,0,14,6,99,1,4,6,"777777777777","777777777777","777777777777",1,1
18,180385,1,1,1,14,7,14,0,24,0,1,0,55,1,72,706,72706,80,2014,"1HD1JNV15EB0","1","H","D","1","J","N","V","1","5","E","B","0",0,0,0,"000000000","00000000000",0,0,0,1,0,0,0,0,0,0,0,998,0,0,0,12,6,2,24,0,0,0,1,55,53144,6,1,0,0,3,3,66,198,0,0,0,0,0,0,0,0,0,0,0,0,0,0,1,2,55,3,1,2,1,28,3,14,13,99,1,4,1,"777777777777","777777777777","777777777777",1,0
18,180386,1,1,1,17,7,18,30,23,0,1,0,18,1,98,709,98709,81,2012,"L9NTEACB8C10","L","9","N","T","E","A","C","B","8","C","1","0",0,0,0,"000000000","00000000000",0,0,0,1,0,0,0,0,0,0,0,998,0,0,0,12,6,2,23,0,0,0,1,18,47025,0,0,0,0,0,0,68,180,0,0,0,0,0,0,0,0,0,3,28,0,0,0,1,2,45,1,1,2,1,21,3,10,12,99,1,4,6,"777777777777","777777777777","777777777777",1,0
18,180387,1,1,2,16,7,3,10,30,0,1,0,18,1,20,37,20037,4,2013,"1G11B5SA9DF3","1","G","1","1","B","5","S","A","9","D","F","3",0,0,0,"000000000","00000000000",0,0,0,1,0,0,0,0,0,0,0,998,0,0,0,12,6,2,42,0,0,0,1,18,47807,1,1,0,0,2,0,70,135,0,0,0,0,1,9,2014,9,2014,3,8,91,0,0,1,2,55,1,1,2,1,0,0,1,13,99,1,4,1,"777777777777","777777777777","777777777777",1,1
18,180388,1,2,1,17,7,19,14,12,2,1,0,18,1,76,705,76705,80,2007,"JYARJ12E07A0","J","Y","A","R","J","1","2","E","0","7","A","0",0,0,0,"000000000","00000000000",0,0,0,1,0,0,0,0,0,0,0,998,0,0,0,12,6,2,12,0,0,0,1,18,46143,6,1,0,0,3,3,65,130,0,1,0,1,0,3,2013,3,2013,0,28,35,0,0,1,2,55,1,3,2,1,0,0,1,10,99,1,2,50,"777777777777","777777777777","777777777777",1,0
18,180388,2,2,3,17,7,19,14,12,2,1,0,18,1,6,52,6052,6,2009,"3A8FY48969T5","3","A","8","F","Y","4","8","9","6","9","T","5",0,0,0,"000000000","00000000000",0,0,0,1,0,0,0,0,0,0,0,998,0,0,0,12,6,2,12,0,0,0,1,18,47250,6,1,0,0,3,3,70,190,0,0,0,0,0,0,0,0,0,0,0,0,0,0,1,2,55,1,3,2,1,0,0,1,62,99,1,1,51,"777777777777","777777777777","777777777777",0,0
18,180389,1,2,1,11,7,20,55,12,6,1,0,18,2,76,701,76701,88,2005,"LPRSA20A95A6","L","P","R","S","A","2","0","A","9","5","A","6",0,0,0,"000000000","00000000000",0,0,0,1,0,0,0,0,0,0,0,998,0,0,0,12,6,2,12,0,0,0,1,18,47923,1,1,0,0,2,2,71,150,0,0,0,0,0,0,0,0,0,0,39,74,0,0,1,2,25,1,1,2,1,20,3,1,17,99,1,1,86,"777777777777","777777777777","777777777777",1,1
18,180389,2,2,1,11,7,20,55,12,6,1,0,18,3,92,988,92988,52,2015,"15GGD2715F11","1","5","G","G","D","2","7","1","5","F","1","1",0,0,77,"777777777","77777777777",2,21,22,1,0,0,0,0,6,3,0,998,0,0,0,2,4,5,12,42,0,0,1,18,47904,6,1,6,0,3,1,75,325,1,1,0,0,0,5,2014,9,2014,0,0,0,0,0,1,2,35,1,1,2,1,0,0,1,17,99,1,1,87,"777777777777","777777777777","777777777777",0,0
18,180390,1,1,1,18,7,16,0,9,0,1,1,18,3,87,884,87884,66,1999,"1XP5DR9X4XD4","1","X","P","5","D","R","9","X","4","X","D","4",1,1,57,"000668877","57000668877",3,6,3,1,0,0,0,0,0,0,0,998,0,0,0,2,4,3,9,0,0,0,1,18,46184,6,1,6,3,3,1,74,275,0,0,0,4,2,6,2012,10,2015,0,35,0,0,0,2,2,45,1,1,2,1,4,3,1,83,99,1,1,13,"888888888888","777777777777","777777777777",0,0
18,180391,1,1,1,18,7,21,6,33,0,1,0,18,1,73,705,73705,80,2006,"JKBZXJC1X6A0","J","K","B","Z","X","J","C","1","X","6","A","0",0,0,0,"000000000","00000000000",0,0,0,1,0,0,0,0,0,0,0,998,0,0,0,12,6,2,19,0,0,0,1,18,46323,1,1,0,0,2,2,67,165,0,0,0,0,0,0,0,0,0,3,8,74,0,0,1,2,15,1,1,2,1,0,0,1,13,99,2,4,2,"777777777777","777777777777","777777777777",1,0
18,180392,1,2,1,18,7,17,15,12,9,1,0,18,1,76,706,76706,80,2001,"JYARN05E91A0","J","Y","A","R","N","0","5","E","9","1","A","0",0,0,0,"000000000","00000000000",0,0,0,1,0,0,0,0,0,0,0,998,0,0,0,6,6,2,12,0,0,0,1,18,46816,1,1,5,0,2,2,65,125,0,0,0,0,0,0,0,0,0,3,74,0,0,0,1,2,40,1,3,2,1,0,0,1,55,9,2,1,83,"777777777777","777777777777","777777777777",1,0
18,180392,2,2,2,18,7,17,15,12,9,1,0,18,2,12,24,12024,6,2009,"2FMDK39C79BA","2","F","M","D","K","3","9","C","7","9","B","A",0,0,0,"000000000","00000000000",0,0,0,1,0,0,0,0,0,0,0,998,0,0,0,7,6,2,12,0,0,0,1,18,46816,6,1,0,0,3,0,69,165,0,0,0,0,0,0,0,0,0,0,0,0,0,0,1,2,40,1,3,2,1,20,3,11,15,99,1,1,82,"777777777777","777777777777","777777777777",0,0
18,180393,1,2,1,14,7,18,7,12,1,1,0,45,1,49,472,49472,40,1996,"4TANL42N2TZ1","4","T","A","N","L","4","2","N","2","T","Z","1",0,0,0,"000000000","00000000000",0,0,0,1,0,0,0,0,0,0,0,998,1,0,0,12,6,2,12,0,0,0,1,45,29651,6,1,0,0,3,3,66,125,0,0,0,2,0,4,2015,5,2015,0,26,0,0,0,2,2,65,1,1,2,1,0,0,1,52,99,1,1,28,"777777777777","777777777777","777777777777",1,0
18,180393,2,2,1,14,7,18,7,12,1,1,0,95,3,51,881,51881,66,2007,"4V4NC9GH07N4","4","V","4","N","C","9","G","H","0","7","N","4",1,1,57,"002095788","57002095788",3,6,1,1,0,0,0,0,0,0,0,998,0,0,0,6,4,5,12,0,0,0,1,95,0,9,9,99,9,9,9,999,999,99,99,99,99,99,99,9999,99,9999,9,0,0,0,0,2,2,65,1,1,2,1,0,0,2,53,1,1,1,29,"888888888888","777777777777","777777777777",0,0
18,180394,1,1,2,9,7,2,56,52,0,1,1,18,1,20,481,20481,31,2005,"1GCEK19B45Z2","1","G","C","E","K","1","9","B","4","5","Z","2",0,0,0,"000000000","00000000000",0,0,0,1,0,0,0,0,0,0,0,998,0,1,5,11,6,2,1,0,0,0,1,18,46788,6,1,6,0,3,0,70,270,0,0,0,0,0,0,0,0,0,3,28,91,8,0,1,2,55,1,1,1,1,0,0,1,12,99,1,4,6,"777777777777","777777777777","777777777777",1,0
18,180395,1,2,1,14,7,22,11,12,6,1,0,18,1,20,36,20036,2,2002,"2G1WX15K6291","2","G","1","W","X","1","5","K","6","2","9","1",0,0,0,"000000000","00000000000",0,0,0,1,0,0,0,0,0,0,0,998,0,0,0,12,6,2,12,0,0,0,1,17,60472,1,1,0,0,2,0,72,160,0,0,1,0,0,4,2016,4,2016,0,38,91,0,0,1,2,25,1,1,1,1,1,3,11,15,99,1,1,68,"777777777777","777777777777","777777777777",0,0
18,180395,2,2,1,14,7,22,11,12,6,1,0,18,1,98,701,98701,81,2013,"L9NTEACB5D10","L","9","N","T","E","A","C","B","5","D","1","0",0,0,0,"000000000","00000000000",0,0,0,1,0,0,0,0,0,0,0,998,0,0,0,11,6,2,12,0,0,0,1,18,47904,1,1,0,0,2,0,71,229,0,0,0,0,0,0,0,0,0,0,0,0,0,0,1,2,25,1,1,1,1,1,3,1,66,99,1,1,69,"777777777777","777777777777","777777777777",1,0
18,180396,1,1,1,21,7,4,7,8,0,1,0,18,3,82,881,82881,66,2007,"1FUJA6CV37LX","1","F","U","J","A","6","C","V","3","7","L","X",1,1,57,"000692947","57000692947",3,6,1,1,0,0,0,0,0,0,0,998,0,0,0,14,0,5,8,0,0,0,1,18,47429,6,1,6,1,3,3,70,170,0,0,0,0,0,0,0,0,0,0,0,0,0,0,4,2,40,1,1,2,1,0,0,1,80,99,1,1,13,"888888888888","777777777777","777777777777",0,0
18,180397,1,1,1,19,7,1,18,8,0,1,0,18,3,85,881,85881,66,2006,"1XKDD49X26R1","1","X","K","D","D","4","9","X","2","6","R","1",1,1,57,"000264201","57000264201",3,6,2,2,2,1203,3,1,0,0,0,998,0,0,0,12,4,5,8,0,0,0,1,18,46123,6,1,6,1,3,0,71,165,0,0,0,1,0,5,2012,5,2012,0,87,0,0,0,1,2,40,1,1,2,6,0,0,1,83,99,1,1,13,"888888888888","777777777777","777777777777",0,0
18,180398,1,2,2,28,5,11,25,12,6,1,0,18,1,12,481,12481,31,2012,"1FTFX1CF7CFC","1","F","T","F","X","1","C","F","7","C","F","C",0,0,0,"000000000","00000000000",0,0,0,1,0,0,0,0,0,0,0,998,0,0,0,12,6,2,12,0,0,0,1,18,46131,6,1,0,0,3,3,69,190,0,0,0,0,0,0,0,0,0,0,38,0,0,0,3,2,60,1,1,2,1,20,3,1,17,1,1,1,88,"777777777777","777777777777","777777777777",1,0
18,180398,2,2,2,28,5,11,25,12,6,1,0,18,1,20,461,20461,21,1994,"1GNDM15Z1RB1","1","G","N","D","M","1","5","Z","1","R","B","1",0,0,0,"000000000","00000000000",0,0,0,1,0,0,0,0,0,0,0,998,0,0,0,9,6,2,12,0,0,0,1,18,46124,6,1,0,0,3,0,71,220,0,4,1,3,0,3,2014,8,2014,0,0,0,0,0,3,2,60,1,1,2,1,0,0,1,66,15,1,1,89,"777777777777","777777777777","777777777777",0,0
18,180399,1,2,1,3,7,6,21,12,6,1,0,18,2,20,2,20002,4,2004,"2G1WF52E4491","2","G","1","W","F","5","2","E","4","4","9","1",0,0,0,"000000000","00000000000",0,0,0,1,0,0,0,0,0,0,0,998,0,0,0,12,6,2,12,0,0,0,1,18,46615,0,0,0,0,0,0,63,125,0,5,0,0,3,4,2012,4,2012,0,39,0,0,0,1,5,35,1,1,2,1,1,3,1,17,99,1,1,88,"777777777777","777777777777","777777777777",0,0
18,180399,2,2,1,3,7,6,21,12,6,1,0,18,2,20,16,20016,4,1998,"1G1JF5245W72","1","G","1","J","F","5","2","4","5","W","7","2",0,0,0,"000000000","00000000000",0,0,0,1,0,0,0,0,0,0,0,998,0,0,0,9,6,2,12,0,0,0,1,18,46544,6,1,0,0,3,0,64,175,0,0,0,0,0,0,0,0,0,0,0,0,0,0,1,4,35,1,1,2,1,1,3,1,17,99,1,1,89,"777777777777","777777777777","777777777777",1,0
18,180400,1,1,1,19,7,12,20,42,0,1,0,18,1,12,401,12401,14,2003,"1FMZU63K03ZA","1","F","M","Z","U","6","3","K","0","3","Z","A",0,0,0,"000000000","00000000000",0,0,0,1,0,0,0,0,0,0,0,998,0,1,5,11,6,2,42,0,0,0,1,18,47274,6,1,0,0,3,3,75,260,0,1,0,0,1,1,2016,1,2016,0,0,0,0,0,1,2,55,2,1,2,1,0,0,14,12,99,1,4,6,"777777777777","777777777777","777777777777",1,0
18,180401,1,2,6,4,7,14,40,12,6,1,0,18,1,7,422,7422,15,2006,"1D4HB48N76F1","1","D","4","H","B","4","8","N","7","6","F","1",0,0,0,"000000000","00000000000",0,0,0,1,0,0,0,0,0,0,0,998,0,0,0,1,6,2,12,0,0,0,1,18,47562,6,1,0,0,3,3,69,185,0,0,0,0,0,0,0,0,0,0,28,0,0,0,1,2,55,4,2,2,1,0,0,14,10,6,1,2,64,"777777777777","777777777777","777777777777",1,0
18,180401,2,2,2,4,7,14,40,12,6,1,0,18,1,20,404,20404,14,2015,"2GNALBEK8F61","2","G","N","A","L","B","E","K","8","F","6","1",1,1,0,"000000000","00000000000",0,0,0,1,0,0,0,0,0,0,0,998,0,0,0,2,4,5,12,0,0,0,1,18,46151,6,1,0,0,3,3,68,200,0,0,0,0,0,0,0,0,0,0,0,0,0,0,1,2,55,4,2,2,1,0,0,14,62,6,1,2,65,"999999999999","777777777777","777777777777",0,0
18,180402,1,2,1,16,7,5,30,8,0,1,0,18,1,20,431,20431,16,2002,"1GNFK16ZX2J1","1","G","N","F","K","1","6","Z","X","2","J","1",0,0,0,"000000000","00000000000",0,0,0,1,0,0,0,0,0,0,0,998,0,0,0,1,4,3,8,0,0,0,1,18,46226,6,1,0,0,3,3,68,198,0,0,0,0,0,0,0,0,0,0,0,0,0,0,2,3,55,1,1,2,1,1,3,1,80,99,1,1,13,"777777777777","777777777777","777777777777",0,0
18,180402,2,2,1,16,7,5,30,8,0,1,0,18,1,7,442,7442,20,2006,"1D4GP45R66B5","1","D","4","G","P","4","5","R","6","6","B","5",0,0,0,"000000000","00000000000",0,0,0,1,0,0,0,0,0,0,0,998,0,0,0,14,4,3,8,0,0,0,1,18,46037,6,1,0,0,3,0,66,150,0,0,0,0,0,0,0,0,0,0,0,0,0,0,2,3,55,1,1,2,1,1,3,1,80,99,1,1,98,"777777777777","777777777777","777777777777",0,0
18,180403,1,2,1,18,7,17,38,12,2,1,0,18,2,22,22,22022,4,2007,"1G2ZG58N6741","1","G","2","Z","G","5","8","N","6","7","4","1",0,0,0,"000000000","00000000000",0,0,0,1,0,0,0,0,0,0,0,998,0,0,0,12,6,2,12,0,0,0,1,18,46319,1,1,0,0,2,2,73,175,1,1,0,1,0,10,2011,6,2016,3,8,28,74,0,5,3,30,1,1,2,1,0,0,1,10,99,1,2,50,"777777777777","777777777777","777777777777",1,1
18,180403,2,2,1,18,7,17,38,12,2,1,0,18,1,22,22,22022,4,2006,"1G2ZH558X641","1","G","2","Z","H","5","5","8","X","6","4","1",0,0,0,"000000000","00000000000",0,0,0,1,0,0,0,0,0,0,0,998,0,0,0,12,6,2,12,0,0,0,1,18,46410,6,1,0,0,3,3,68,240,0,0,0,0,0,0,0,0,0,0,0,0,0,0,5,3,30,1,1,2,1,0,0,1,62,99,1,1,51,"777777777777","777777777777","777777777777",0,0
18,180404,1,1,1,2,5,22,30,34,0,1,0,18,1,20,29,20029,5,2014,"KL8CB6S9XEC5","K","L","8","C","B","6","S","9","X","E","C","5",0,0,0,"000000000","00000000000",0,0,0,1,0,0,0,0,0,0,0,998,0,1,5,1,6,2,1,0,0,0,1,18,46366,6,1,0,0,3,3,68,123,0,0,0,1,0,10,2012,10,2012,0,87,0,0,0,1,2,55,3,1,7,2,0,0,14,13,99,1,4,1,"777777777777","777777777777","777777777777",1,1
18,180405,1,1,1,3,7,0,45,38,0,1,0,99,9,76,734,76734,90,2000,"JY43GG03XYA0","J","Y","4","3","G","G","0","3","X","Y","A","0",0,0,0,"000000000","00000000000",0,0,0,1,0,0,0,0,0,0,0,998,0,0,0,11,6,2,30,0,0,0,1,18,47456,6,1,0,0,3,0,72,190,0,0,0,0,0,0,0,0,0,3,8,28,35,26,1,2,45,1,1,2,1,0,0,1,12,99,1,4,6,"777777777777","777777777777","777777777777",1,0
18,180406,1,2,1,9,7,20,12,12,2,1,0,18,1,22,18,22018,2,1999,"1G2NW12E1XM8","1","G","2","N","W","1","2","E","1","X","M","8",0,0,0,"000000000","00000000000",0,0,0,1,0,0,0,0,0,0,0,998,0,0,0,12,6,2,12,0,0,0,1,18,46615,1,1,0,0,2,0,64,180,0,4,0,0,2,5,2015,3,2016,0,28,91,0,0,1,2,30,1,2,1,1,0,0,1,10,7,1,2,50,"777777777777","777777777777","777777777777",0,0
18,180406,2,2,1,9,7,20,12,12,2,1,0,18,1,72,706,72706,80,2012,"1HD1GZM1XCC3","1","H","D","1","G","Z","M","1","X","C","C","3",0,0,0,"000000000","00000000000",0,0,0,1,0,0,0,0,0,0,0,998,0,0,0,12,6,2,12,0,0,0,1,18,46614,6,1,0,0,3,0,69,180,0,0,0,0,0,0,0,0,0,0,0,0,0,0,1,2,30,1,2,1,1,0,0,1,62,99,1,1,51,"777777777777","777777777777","777777777777",1,0
18,180407,1,2,1,23,7,12,43,12,6,1,0,18,1,12,37,12037,4,2001,"1FAFP343X1W3","1","F","A","F","P","3","4","3","X","1","W","3",0,0,0,"000000000","00000000000",0,0,0,1,0,0,0,0,0,0,0,998,0,0,0,9,6,2,12,0,0,1,1,18,46041,6,1,0,0,3,3,75,140,0,0,0,0,0,0,0,0,0,0,38,0,0,0,1,2,55,1,1,2,1,21,3,1,17,99,1,1,89,"777777777777","777777777777","777777777777",1,0