"STATE","ST_CASE","VEH_NO","VE_FORMS","NUMOCCS","DAY","MONTH","HOUR","MINUTE","HARM_EV","MAN_COLL","UNITTYPE","HIT_RUN","REG_STAT","OWNER","MAKE","MODEL","MAK_MOD","BODY_TYP","MOD_YEAR","VIN","VIN_1","VIN_2","VIN_3","VIN_4","VIN_5","VIN_6","VIN_7","VIN_8","VIN_9","VIN_10","VIN_11","VIN_12","TOW_VEH","J_KNIFE","MCARR_I1","MCARR_I2","MCARR_ID","GVWR","V_CONFIG","CARGO_BT","HAZ_INV","HAZ_PLAC","HAZ_ID","HAZ_CNO","HAZ_REL","BUS_USE","SPEC_USE","EMER_USE","TRAV_SP","UNDERIDE","ROLLOVER","ROLINLOC","IMPACT1","DEFORMED","TOWED","M_HARM","VEH_SC1","VEH_SC2","FIRE_EXP","DR_PRES","L_STATE","DR_ZIP","L_STATUS","L_TYPE","CDL_STAT","L_ENDORS","L_COMPL","L_RESTRI","DR_HGT","DR_WGT","PREV_ACC","PREV_SUS","PREV_DWI","PREV_SPD","PREV_OTH","FIRST_MO","FIRST_YR","LAST_MO","LAST_YR","SPEEDREL","DR_SF1","DR_SF2","DR_SF3","DR_SF4","VTRAFWAY","VNUM_LAN","VSPD_LIM","VALIGN","VPROFILE","VPAVETYP","VSURCOND","VTRAFCON","VTCONT_F","P_CRASH1","P_CRASH2","P_CRASH3","PCRASH4","PCRASH5","ACC_TYPE","TRLR1VIN","TRLR2VIN","TRLR3VIN","DEATHS","DR_DRINK"
18,180479,1,1,1,14,7,6,18,9,0,1,0,18,1,20,404,20404,14,2011,"2CNFLNEC9B64","2","C","N","F","L","N","E","C","9","B","6","4",0,0,0,"000000000","00000000000",0,0,0,1,0,0,0,0,0,0,0,998,0,0,0,12,4,5,9,0,0,0,1,18,46227,6,1,8,0,3,0,74,210,0,4,0,1,3,10,2012,11,2012,0,0,0,0,0,1,2,35,1,1,2,1,0,0,1,83,99,1,1,13,"777777777777","777777777777","777777777777",0,0
18,180480,1,1,1,15,8,9,27,42,0,1,0,18,1,20,421,20421,15,1999,"1GNDT13W5X22","1","G","N","D","T","1","3","W","5","X","2","2",0,0,0,"000000000","00000000000",0,0,0,1,0,0,0,0,0,0,0,998,0,0,0,12,6,2,42,0,0,0,1,18,47620,6,1,0,0,3,0,60,120,0,0,0,0,1,3,2012,3,2012,0,0,0,0,0,1,2,30,1,1,2,1,0,0,1,12,99,1,4,6,"777777777777","777777777777","777777777777",1,0
18,180481,1,1,1,24,8,21,45,38,0,1,0,17,2,41,51,41051,4,2016,"JM1BM1U75G13","J","M","1","B","M","1","U","7","5","G","1","3",0,0,0,"000000000","00000000000",0,0,0,1,0,0,0,0,0,0,0,998,0,0,0,1,6,2,42,0,0,0,1,48,76549,6,1,0,0,3,0,999,999,0,0,0,0,0,0,0,0,0,0,0,0,0,0,1,2,10,1,1,2,1,0,0,1,12,99,1,4,6,"777777777777","777777777777","777777777777",1,0
18,180482,1,1,1,1,9,3,0,31,0,1,0,18,1,72,706,72706,80,2004,"1HD4CAM174K4","1","H","D","4","C","A","M","1","7","4","K","4",0,0,0,"000000000","00000000000",0,0,0,1,0,0,0,0,0,0,0,998,0,0,0,99,6,2,31,0,0,0,1,18,46032,1,1,0,0,2,0,72,200,0,3,0,0,4,3,2015,5,2015,5,0,0,0,0,2,5,55,4,1,2,1,0,0,14,19,99,1,4,98,"777777777777","777777777777","777777777777",1,0
18,180483,1,2,3,25,8,8,15,12,6,1,0,18,2,19,421,19421,15,2000,"1GYEK13R8YR1","1","G","Y","E","K","1","3","R","8","Y","R","1",0,0,0,"000000000","00000000000",0,0,0,1,0,0,0,0,0,0,0,998,0,1,5,9,6,2,12,0,0,0,1,18,46203,1,1,0,0,2,0,68,170,0,13,0,0,8,5,2012,1,2015,0,38,39,0,0,1,2,35,1,1,2,1,1,3,1,17,99,1,1,89,"777777777777","777777777777","777777777777",1,0
18,180483,2,2,2,25,8,8,15,12,6,1,0,18,1,7,442,7442,20,1996,"2B4GP4535TR8","2","B","4","G","P","4","5","3","5","T","R","8",0,0,0,"000000000","00000000000",0,0,0,1,0,0,0,0,0,0,0,998,0,0,0,12,6,2,12,0,0,0,1,18,46225,6,1,0,0,3,3,69,140,0,0,0,0,0,0,0,0,0,0,0,0,0,0,1,2,35,1,1,2,1,1,3,1,63,99,1,1,88,"777777777777","777777777777","777777777777",0,0
18,180484,1,2,1,12,8,4,55,12,6,1,0,18,1,2,404,2404,14,2004,"1J8GW58NX4C2","1","J","8","G","W","5","8","N","X","4","C","2",0,0,0,"000000000","00000000000",0,0,0,1,0,0,0,0,0,0,0,998,0,0,0,12,6,2,12,0,0,0,1,18,47805,6,1,0,0,3,3,70,220,0,0,0,1,0,3,2012,3,2012,0,0,0,0,0,1,2,50,1,1,2,1,0,0,1,56,99,1,1,93,"777777777777","777777777777","777777777777",1,0
18,180484,2,2,1,12,8,4,55,12,6,1,0,12,3,82,881,82881,66,1999,"1FUYDZYB0XP9","1","F","U","Y","D","Z","Y","B","0","X","P","9",1,1,57,"000241572","57000241572",3,6,1,1,0,0,0,0,0,0,0,998,0,0,0,9,4,5,12,0,0,0,1,18,47805,6,1,6,1,3,0,76,250,0,0,0,0,1,5,2016,5,2016,0,0,0,0,0,1,2,50,1,1,2,1,0,0,13,20,99,1,1,92,"888888888888","777777777777","777777777777",0,0
18,180485,1,2,1,31,8,14,37,12,8,1,0,18,2,98,998,98998,92,1991,"1JUREB186M10","1","J","U","R","E","B","1","8","6","M","1","0",0,0,0,"000000000","00000000000",0,0,0,1,0,0,0,0,0,0,0,998,0,0,0,11,6,2,12,0,0,0,1,18,46750,6,1,6,0,3,3,65,235,0,0,0,0,0,0,0,0,0,0,0,0,0,0,1,2,55,1,1,2,1,0,0,1,62,15,1,1,98,"777777777777","777777777777","777777777777",0,0
18,180485,2,2,2,31,8,14,37,12,8,1,0,18,1,6,52,6052,6,2006,"3A4FY58B16T2","3","A","4","F","Y","5","8","B","1","6","T","2",0,0,0,"000000000","00000000000",0,0,0,1,0,0,0,0,0,0,0,998,0,0,0,11,6,2,12,0,0,0,1,18,47348,6,1,0,0,3,0,65,210,0,0,0,1,0,8,2012,8,2012,0,28,0,0,0,1,2,55,1,1,2,1,0,0,1,10,99,1,2,98,"777777777777","777777777777","777777777777",1,0
18,180486,1,1,1,2,9,1,31,35,0,1,0,47,2,55,401,55401,14,2004,"KM8SC13E34U5","K","M","8","S","C","1","3","E","3","4","U","5",0,0,0,"000000000","00000000000",0,0,0,1,0,0,0,0,0,0,0,998,0,0,0,12,6,2,35,0,0,0,1,18,47274,6,1,0,0,3,0,72,150,0,0,0,0,0,0,0,0,0,0,0,0,0,0,1,2,35,1,2,2,1,0,0,1,14,99,1,4,14,"777777777777","777777777777","777777777777",1,0
18,180487,1,2,1,3,9,15,25,12,2,1,0,18,2,20,9,20009,2,2002,"2G1FP22K4221","2","G","1","F","P","2","2","K","4","2","2","1",0,0,0,"000000000","00000000000",0,0,0,1,0,0,0,0,0,0,0,998,0,0,0,12,6,2,12,0,0,0,1,18,47170,1,1,0,0,2,0,61,135,0,4,1,0,2,5,2015,5,2015,3,28,58,91,0,1,2,55,1,2,2,1,0,0,1,10,99,1,2,50,"777777777777","777777777777","777777777777",0,1
18,180487,2,2,1,3,9,15,25,12,2,1,0,18,1,22,9,22009,2,2002,"2G2FV22G6221","2","G","2","F","V","2","2","G","6","2","2","1",0,0,0,"000000000","00000000000",0,0,0,1,0,0,0,0,0,0,0,998,0,0,0,12,6,2,12,0,0,0,1,18,47138,6,1,5,0,3,0,68,210,0,0,0,0,0,0,0,0,0,0,0,0,0,0,1,2,55,1,2,2,1,0,0,1,62,99,1,1,51,"777777777777","777777777777","777777777777",1,0
18,180488,1,1,2,4,9,2,5,8,0,1,0,18,2,20,481,20481,31,1994,"1GCFK29KXRE2","1","G","C","F","K","2","9","K","X","R","E","2",0,0,0,"000000000","00000000000",0,0,0,1,0,0,0,0,0,0,0,998,0,0,0,11,6,2,8,0,0,0,1,18,46142,6,1,0,0,3,0,72,200,0,0,0,0,0,0,0,0,0,0,0,0,0,0,1,2,55,1,1,2,1,0,0,1,80,99,1,1,13,"777777777777","777777777777","777777777777",0,0
18,180489,1,1,3,6,9,1,50,35,0,1,0,30,1,13,12,13012,4,2005,"1LNHM86S05Y6","1","L","N","H","M","8","6","S","0","5","Y","6",0,0,0,"000000000","00000000000",8,0,0,1,0,0,0,0,0,0,0,998,0,0,0,1,6,2,2,0,0,1,1,30,59102,6,1,0,0,3,0,999,999,98,3,4,0,12,3,2014,2,2016,3,8,0,0,0,1,2,55,3,1,2,1,0,0,14,13,99,1,4,1,"777777777777","777777777777","777777777777",2,1
18,180490,1,3,2,2,9,15,56,12,6,1,0,18,2,30,46,30046,4,2004,"WVWTH63B84P0","W","V","W","T","H","6","3","B","8","4","P","0",0,0,0,"000000000","00000000000",0,0,0,1,0,0,0,0,0,0,0,998,0,0,0,9,6,2,12,0,0,0,1,18,46706,6,2,0,0,3,0,66,185,0,0,0,0,0,0,0,0,0,0,38,39,0,0,1,2,55,1,1,2,1,20,3,1,17,99,1,1,89,"777777777777","777777777777","777777777777",2,0
18,180490,2,3,1,2,9,15,56,12,6,1,0,18,1,2,404,2404,14,2004,"1J4GW48S54C4","1","J","4","G","W","4","8","S","5","4","C","4",0,0,0,"000000000","00000000000",0,0,0,1,0,0,0,0,0,0,0,998,0,0,0,12,6,2,12,0,0,0,1,18,46705,6,1,0,0,3,0,70,170,0,3,0,1,3,11,2012,10,2014,0,0,0,0,0,1,2,55,1,1,2,1,0,0,1,62,99,1,1,88,"777777777777","777777777777","777777777777",0,0
18,180490,3,3,2,2,9,15,56,12,6,1,0,18,1,55,35,55035,4,2006,"KMHDN46D46U2","K","M","H","D","N","4","6","D","4","6","U","2",0,0,0,"000000000","00000000000",0,0,0,1,0,0,0,0,0,0,0,998,0,0,0,1,2,5,12,0,0,0,1,18,46706,6,1,0,0,3,0,72,160,0,0,0,2,0,7,2015,2,2016,0,0,0,0,0,1,2,55,1,1,2,1,0,0,1,63,99,1,1,98,"777777777777","777777777777","777777777777",0,0
18,180491,1,1,1,29,8,23,43,43,0,1,0,18,1,37,706,37706,80,1987,"JH2RC2633HM1","J","H","2","R","C","2","6","3","3","H","M","1",0,0,0,"000000000","00000000000",8,0,0,1,0,0,0,0,0,0,0,998,0,0,0,99,4,3,43,0,0,0,1,18,47246,6,1,0,0,2,0,74,162,0,0,0,0,0,0,0,0,0,0,0,0,0,0,1,2,55,3,1,2,1,0,0,14,13,99,1,4,1,"777777777777","777777777777","777777777777",1,0
18,180492,1,2,2,30,8,23,0,9,0,1,0,18,1,20,421,20421,15,1997,"1GNEK13RXVJ3","1","G","N","E","K","1","3","R","X","V","J","3",0,0,0,"000000000","00000000000",0,0,0,1,0,0,0,0,0,0,0,998,0,0,0,12,6,2,9,0,0,0,1,18,46069,6,1,0,0,3,0,77,250,0,0,0,0,0,0,0,0,0,0,0,0,0,0,2,2,55,1,1,2,2,1,3,1,83,1,1,1,13,"777777777777","777777777777","777777777777",0,0
18,180492,2,2,1,30,8,23,0,9,0,1,0,18,1,37,32,37032,4,1999,"JHMCG5653XC0","J","H","M","C","G","5","6","5","3","X","C","0",0,0,0,"000000000","00000000000",0,0,0,1,0,0,0,0,0,0,0,998,0,0,0,14,6,2,9,0,0,0,1,18,46060,0,0,0,0,0,0,999,999,0,0,0,0,0,0,0,0,0,0,0,0,0,0,2,2,55,1,1,2,2,1,3,1,83,1,1,1,98,"777777777777","777777777777","777777777777",0,0
18,180493,1,1,1,4,9,19,3,42,0,1,0,18,1,12,37,12037,4,2007,"1FAFP34N67W2","1","F","A","F","P","3","4","N","6","7","W","2",0,0,0,"000000000","00000000000",0,0,0,1,0,0,0,0,0,0,0,998,0,0,0,12,6,2,42,0,0,1,1,18,46737,1,1,0,0,2,3,70,190,0,0,0,0,0,0,0,0,0,0,0,0,0,0,1,2,35,1,1,2,1,0,0,1,13,99,1,4,1,"777777777777","777777777777","777777777777",1,0
18,180494,1,3,3,25,8,8,0,12,6,1,0,18,2,12,443,12443,20,2006,"2FMZA52206BA","2","F","M","Z","A","5","2","2","0","6","B","A",0,0,0,"000000000","00000000000",0,0,0,1,0,0,0,0,0,0,0,998,0,1,1,3,6,2,1,0,0,0,1,18,46012,6,1,0,0,3,3,64,135,0,0,0,1,0,8,2013,8,2013,0,39,0,0,0,1,2,40,1,1,2,1,1,3,1,17,99,1,1,87,"777777777777","777777777777","777777777777",1,0
18,180494,2,3,2,25,8,8,0,12,6,1,0,17,2,19,421,19421,15,2006,"1GYEK63N76R1","1","G","Y","E","K","6","3","N","7","6","R","1",0,0,0,"000000000","00000000000",0,0,0,1,0,0,0,0,0,0,0,998,0,0,0,12,6,2,12,0,0,0,1,17,60401,6,1,0,0,3,3,76,340,0,0,0,0,0,0,0,0,0,0,0,0,0,0,1,2,40,1,1,2,1,1,3,1,17,9,1,1,86,"777777777777","777777777777","777777777777",0,0
18,180494,3,3,1,25,8,8,0,12,6,1,0,18,1,20,404,20404,14,2013,"2GNALDEK9D63","2","G","N","A","L","D","E","K","9","D","6","3",0,0,0,"000000000","00000000000",0,0,0,1,0,0,0,0,0,0,0,0,0,0,0,1,2,5,12,0,0,0,1,18,46017,6,1,0,0,3,0,72,190,0,0,0,0,0,0,0,0,0,0,0,0,0,0,1,2,40,1,1,2,1,1,3,5,62,99,1,1,98,"777777777777","777777777777","777777777777",0,0
18,180495,1,2,1,14,7,10,53,12,6,1,0,18,2,98,890,98890,63,2012,"1Z9M8GK30CV1","1","Z","9","M","8","G","K","3","0","C","V","1",0,0,57,"000345904","57000345904",3,2,5,1,0,0,0,0,0,0,0,998,0,0,0,9,4,5,12,0,0,0,1,18,46740,6,1,6,1,3,3,75,242,0,0,0,0,0,0,0,0,0,0,0,0,0,0,1,2,25,1,1,2,1,1,3,1,17,99,1,1,89,"777777777777","777777777777","777777777777",0,0
18,180495,2,2,4,14,7,10,53,12,6,1,0,18,1,6,441,6441,20,2008,"2A8HR54PX8R7","2","A","8","H","R","5","4","P","X","8","R","7",0,0,0,"000000000","00000000000",0,0,0,1,0,0,0,0,0,0,0,998,0,0,0,12,6,2,12,0,0,0,1,18,47336,6,1,0,0,3,3,68,180,0,0,0,0,0,0,0,0,0,0,0,0,0,0,1,2,25,1,1,2,1,1,3,1,17,99,1,1,88,"777777777777","777777777777","777777777777",1,0
18,180496,1,1,2,11,8,19,0,5,0,1,0,18,1,20,471,20471,30,1997,"1GCDT19X6V81","1","G","C","D","T","1","9","X","6","V","8","1",1,1,0,"000000000","00000000000",0,0,0,1,0,0,0,0,0,0,0,998,0,0,0,0,0,5,5,0,0,0,1,18,47804,6,1,5,0,3,0,70,190,0,3,0,0,4,11,2014,1,2016,0,0,0,0,0,1,2,30,1,1,2,1,0,0,1,98,1,1,1,0,"888888888888","777777777777","777777777777",1,0
18,180497,1,3,1,9,9,6,3,12,6,1,0,18,1,72,706,72706,80,2004,"1HD4CJM194K4","1","H","D","4","C","J","M","1","9","4","K","4",0,0,0,"000000000","00000000000",0,0,0,1,0,0,0,0,0,0,0,998,0,0,0,12,6,2,12,0,0,0,1,18,46147,6,1,0,0,3,0,67,130,0,0,0,0,0,0,0,0,0,0,0,0,0,0,2,2,99,1,1,2,1,0,0,1,63,99,1,1,88,"777777777777","777777777777","777777777777",1,0
18,180497,2,3,1,9,9,6,3,12,6,1,0,18,1,20,481,20481,31,1993,"2GCEC19K8P11","2","G","C","E","C","1","9","K","8","P","1","1",0,0,0,"000000000","00000000000",0,0,0,1,0,0,0,0,0,0,0,998,0,0,0,9,6,2,12,0,0,0,1,18,46102,6,1,0,0,3,3,66,145,0,0,0,0,1,5,2013,5,2013,0,0,0,0,0,1,2,99,1,1,2,1,20,3,1,17,99,1,1,89,"777777777777","777777777777","777777777777",0,0
18,180497,3,3,1,9,9,6,3,12,6,1,0,18,1,35,47,35047,4,2005,"1N4AL11D75C3","1","N","4","A","L","1","1","D","7","5","C","3",0,0,0,"000000000","00000000000",0,0,0,1,0,0,0,0,0,0,0,998,0,0,0,12,6,2,12,0,0,0,1,18,47909,6,1,0,0,3,3,71,220,0,0,0,0,0,0,0,0,0,0,0,0,0,0,2,2,99,1,1,2,1,0,0,1,63,1,1,1,98,"777777777777","777777777777","777777777777",0,0
18,180498,1,2,1,7,9,0,45,39,0,1,0,18,2,12,471,12471,31,2000,"1FTZR11V9YPA","1","F","T","Z","R","1","1","V","9","Y","P","A",0,0,0,"000000000","00000000000",0,0,0,1,0,0,0,0,0,0,0,998,0,1,5,12,6,2,39,0,0,0,1,18,47118,6,1,0,0,3,0,60,185,0,1,0,1,0,3,2015,7,2015,0,58,0,0,0,2,2,70,1,1,2,1,0,0,1,11,9,3,4,2,"777777777777","777777777777","777777777777",1,0
18,180498,2,2,1,7,9,0,45,39,0,1,0,18,1,23,471,23471,30,2003,"1GTCS19X2381","1","G","T","C","S","1","9","X","2","3","8","1",0,0,0,"000000000","00000000000",0,0,0,1,0,0,0,0,0,0,0,998,0,0,0,1,4,5,12,0,0,0,1,18,47501,6,1,0,0,3,1,71,200,0,1,0,0,1,10,2014,10,2014,0,0,0,0,0,2,2,70,1,1,2,1,0,0,1,61,6,1,1,98,"777777777777","777777777777","777777777777",0,0
18,180499,1,1,1,6,9,1,45,42,0,1,0,18,2,72,706,72706,80,2014,"1HD1BFV19EB0","1","H","D","1","B","F","V","1","9","E","B","0",0,0,0,"000000000","00000000000",0,0,0,1,0,0,0,0,0,0,0,998,0,0,0,12,6,2,42,0,0,0,1,18,47711,1,1,0,0,2,1,75,210,0,1,0,0,0,10,2014,10,2014,3,28,0,0,0,1,2,40,1,1,2,1,0,0,1,13,99,1,4,1,"777777777777","777777777777","777777777777",1,0
18,180500,1,1,1,3,9,5,55,25,0,1,0,18,2,6,441,6441,20,2008,"2A8HR44H88R6","2","A","8","H","R","4","4","H","8","8","R","6",0,0,0,"000000000","00000000000",0,0,0,1,0,0,0,0,0,0,0,998,0,0,0,61,6,2,59,0,0,0,1,18,46201,1,1,0,0,2,2,69,140,1,3,0,0,1,3,2012,9,2012,0,74,0,0,0,3,3,55,4,1,2,1,0,0,14,11,99,1,4,6,"777777777777","777777777777","777777777777",1,0
18,180501,1,3,1,8,9,23,10,12,1,1,0,18,1,58,41,58041,4,2015,"JN1BV7AR0FM3","J","N","1","B","V","7","A","R","0","F","M","3",0,0,0,"000000000","00000000000",0,0,0,1,0,0,0,0,0,0,0,998,0,0,0,12,6,2,12,0,0,0,1,18,46590,6,1,0,0,3,1,66,130,2,3,0,2,0,8,2012,3,2015,3,26,0,0,0,3,2,50,2,1,2,1,0,0,14,51,99,1,1,24,"777777777777","777777777777","777777777777",0,0
18,180501,2,3,1,8,9,23,10,12,1,1,0,18,1,20,2,20002,4,2012,"2G1WG5E32C11","2","G","1","W","G","5","E","3","2","C","1","1",0,0,0,"000000000","00000000000",0,0,0,1,0,0,0,0,0,0,0,998,1,0,0,6,6,2,12,0,0,0,1,18,46845,1,1,0,0,2,2,63,180,0,0,0,0,0,0,0,0,0,0,74,0,0,0,3,2,50,2,1,2,1,0,0,14,53,99,1,1,25,"777777777777","777777777777","777777777777",1,0
18,180501,3,3,1,8,9,23,10,12,1,1,0,17,1,51,881,51881,66,2007,"4V4NC9TJ47N4","4","V","4","N","C","9","T","J","4","7","N","4",1,1,57,"01988417","5701988417",3,6,1,1,0,0,0,0,0,0,0,998,0,0,0,61,4,5,12,0,0,0,1,17,60453,6,1,6,0,3,0,73,262,0,0,0,0,1,6,2016,6,2016,0,0,0,0,0,3,2,50,2,1,2,1,0,0,14,60,99,1,1,98,"888888888888","777777777777","777777777777",0,0
18,180502,1,1,1,8,9,21,48,5,0,1,0,18,1,72,706,72706,80,2004,"1HD1BTY194Y0","1","H","D","1","B","T","Y","1","9","4","Y","0",0,0,0,"000000000","00000000000",0,0,0,1,0,0,0,0,0,0,0,998,0,0,0,0,9,2,5,0,0,0,1,18,46825,1,1,0,0,2,2,66,185,2,8,0,3,3,1,2013,3,2016,0,74,35,0,0,1,2,35,1,1,2,1,0,0,6,9,99,1,1,0,"777777777777","777777777777","777777777777",1,1
18,180503,1,2,2,6,9,15,27,12,1,1,0,18,3,38,882,38882,61,1997,"JALF5A123V37","J","A","L","F","5","A","1","2","3","V","3","7",0,0,77,"777777777","77777777777",2,1,4,1,0,0,0,0,0,0,0,998,1,0,0,12,6,2,12,0,0,0,1,18,46143,6,1,0,0,3,0,68,165,1,1,0,2,0,3,2012,11,2015,4,26,0,0,0,3,3,50,1,1,2,1,0,0,1,50,99,1,1,20,"777777777777","777777777777","777777777777",1,0
18,180503,2,2,1,6,9,15,27,12,1,1,0,18,3,82,881,82881,66,2015,"3AKGGED55FSG","3","A","K","G","G","E","D","5","5","F","S","G",1,1,57,"000165420","57000165420",3,6,1,1,0,0,0,0,0,0,0,0,0,0,0,6,4,5,12,0,0,0,1,18,46239,6,1,6,0,3,1,72,225,0,0,0,0,1,3,2016,3,2016,0,0,0,0,0,3,3,50,1,1,2,1,0,0,5,53,99,1,1,21,"888888888888","777777777777","777777777777",0,0
18,180504,1,2,1,8,9,11,46,12,7,1,0,18,3,82,881,82881,66,2000,"1FUPCSZBXYLB","1","F","U","P","C","S","Z","B","X","Y","L","B",1,1,77,"777777777","77777777777",3,6,1,1,0,0,0,0,0,0,0,998,0,0,0,2,6,2,12,0,0,0,1,21,41063,6,1,6,0,3,0,71,220,1,0,0,0,0,8,2014,8,2014,0,86,0,0,0,2,3,65,1,1,2,6,0,0,1,61,99,1,1,44,"888888888888","777777777777","777777777777",0,0
18,180504,2,2,2,8,9,11,46,12,7,1,0,18,2,20,421,20421,15,2001,"1GNCT18W91K1","1","G","N","C","T","1","8","W","9","1","K","1",0,0,0,"000000000","00000000000",0,0,0,1,0,0,0,0,0,0,0,998,0,1,5,8,6,2,1,0,0,0,1,18,46120,6,1,0,0,3,0,68,160,0,0,0,0,0,0,0,0,0,0,86,0,0,0,2,3,65,1,1,2,6,0,0,1,10,99,1,2,45,"777777777777","777777777777","777777777777",1,0
18,180505,1,1,1,11,9,2,35,42,0,1,0,18,2,12,481,12481,31,1988,"1FTDF15Y4JLA","1","F","T","D","F","1","5","Y","4","J","L","A",0,0,0,"000000000","00000000000",0,0,0,1,0,0,0,0,0,0,0,998,0,0,0,12,6,2,42,0,0,0,1,18,47359,1,1,6,0,2,2,69,155,0,0,0,0,0,0,0,0,0,0,74,0,0,0,1,2,30,2,2,2,1,28,3,14,12,99,1,4,6,"777777777777","777777777777","777777777777",1,1
18,180506,1,1,1,2,8,13,21,1,0,1,0,18,1,2,403,2403,14,1993,"1J4FY19P9PP2","1","J","4","F","Y","1","9","P","9","P","P","2",0,0,0,"000000000","00000000000",0,0,0,1,0,0,0,0,0,0,0,998,0,2,5,0,6,2,1,0,0,0,1,18,46506,6,1,0,0,3,3,72,225,0,0,0,1,1,4,2014,8,2014,0,58,0,0,0,2,2,60,1,1,2,1,0,0,1,13,99,1,4,1,"777777777777","777777777777","777777777777",1,0
18,180508,1,6,1,8,9,4,51,12,1,1,0,18,1,49,40,49040,4,2014,"4T1BF1FK5EU7","4","T","1","B","F","1","F","K","5","E","U","7",0,0,0,"000000000","00000000000",0,0,0,1,0,0,0,0,0,0,0,998,0,0,0,12,6,2,12,0,0,0,1,18,46040,1,1,0,0,2,0,67,136,0,3,1,1,2,8,2013,6,2014,3,0,0,0,0,3,5,55,1,1,2,1,0,0,1,60,99,1,1,32,"777777777777","777777777777","777777777777",1,0
18,180508,2,6,2,8,9,4,51,12,1,1,0,17,3,51,881,51881,66,2013,"4V4NC9EHXDN1","4","V","4","N","C","9","E","H","X","D","N","1",1,1,57,"002487790","57002487790",3,6,1,1,0,0,0,0,0,0,0,998,0,0,0,6,6,2,12,0,0,0,1,12,33009,6,1,6,0,3,0,68,999,0,0,0,0,0,0,0,0,0,0,38,0,0,0,3,5,55,1,1,2,1,0,0,15,10,99,1,1,32,"888888888888","777777777777","777777777777",0,0
18,180508,3,6,1,8,9,4,51,12,1,1,0,18,2,20,22,20022,2,2007,"1G1AL18F1771","1","G","1","A","L","1","8","F","1","7","7","1",0,0,0,"000000000","00000000000",0,0,0,1,0,0,0,0,0,0,0,998,0,0,0,12,6,2,12,0,0,0,1,18,46229,6,1,0,0,3,0,60,120,0,0,0,1,0,7,2013,7,2013,0,0,0,0,0,3,5,55,1,1,2,1,0,0,1,78,99,1,1,98,"777777777777","777777777777","777777777777",0,0
18,180508,4,6,1,8,9,4,51,12,1,1,0,48,2,82,881,82881,66,2007,"1FUJBBCK77LV","1","F","U","J","B","B","C","K","7","7","L","V",1,1,57,"002034088","57002034088",3,6,1,1,0,0,0,0,0,0,0,0,0,0,0,6,2,5,12,0,0,0,1,48,78542,6,1,6,1,3,3,999,999,0,0,0,1,1,11,2015,3,2016,0,0,0,0,0,3,5,55,1,1,2,1,0,0,5,78,1,1,1,98,"888888888888","777777777777","777777777777",0,0
18,180508,5,6,1,8,9,4,51,12,1,1,0,18,1,30,42,30042,5,2004,"9BWGL61J7440","9","B","W","G","L","6","1","J","7","4","4","0",0,0,0,"000000000","00000000000",0,0,0,1,0,0,0,0,0,0,0,0,0,0,0,3,4,3,12,0,0,0,1,18,46202,6,1,0,0,3,0,66,130,0,0,0,0,0,0,0,0,0,0,0,0,0,0,3,5,55,1,1,2,1,0,0,5,78,99,1,1,98,"777777777777","777777777777","777777777777",0,0
18,180508,6,6,1,8,9,4,51,12,1,1,0,18,3,82,881,82881,66,2013,"3AKJGEDR0DSF","3","A","K","J","G","E","D","R","0","D","S","F",1,1,57,"000165420","57000165420",3,6,1,1,0,0,0,0,0,0,0,0,0,0,0,6,2,5,12,0,0,0,1,18,46151,6,1,6,1,3,0,70,205,0,0,0,0,0,0,0,0,0,0,0,0,0,0,3,5,55,1,1,2,1,0,0,5,78,99,1,1,98,"888888888888","777777777777","777777777777",0,0
18,180509,1,1,1,8,9,18,5,30,0,1,0,18,1,20,471,20471,30,1997,"1GCCS1444VK2","1","G","C","C","S","1","4","4","4","V","K","2",0,0,0,"000000000","00000000000",0,0,0,1,0,0,0,0,0,0,0,998,0,0,0,99,6,2,30,0,0,0,1,18,46151,6,1,0,0,3,0,70,136,0,0,0,0,1,5,2016,5,2016,0,28,0,0,0,1,2,45,2,1,2,2,0,0,14,12,99,1,4,6,"777777777777","777777777777","777777777777",1,0
18,180510,1,4,1,26,8,1,25,12,1,1,0,18,2,84,884,84884,66,2006,"2HSCNSBR26C2","2","H","S","C","N","S","B","R","2","6","C","2",1,1,57,"000399852","57000399852",3,6,8,1,0,0,0,0,0,0,0,998,0,1,5,12,6,2,12,0,0,0,1,18,46350,6,1,6,1,3,3,69,300,0,0,0,0,0,0,0,0,0,0,26,0,0,0,3,5,55,2,1,1,1,0,0,14,50,99,1,1,20,"888888888888","777777777777","777777777777",1,0
18,180510,2,4,1,26,8,1,25,12,1,1,0,17,2,35,47,35047,4,2008,"1N4AL21E98C1","1","N","4","A","L","2","1","E","9","8","C","1",0,0,0,"000000000","00000000000",0,0,0,1,0,0,0,0,0,0,0,0,0,0,0,6,6,2,12,0,0,0,1,18,46320,0,0,0,0,0,0,73,180,0,0,0,0,0,0,0,0,0,0,0,0,0,0,3,5,55,2,1,1,1,0,0,5,53,99,1,1,21,"777777777777","777777777777","777777777777",0,0
18,180510,3,4,4,26,8,1,25,12,1,1,0,19,2,12,17,12017,4,1997,"1FALP52U7VG1","1","F","A","L","P","5","2","U","7","V","G","1",0,0,0,"000000000","00000000000",0,0,0,1,0,0,0,0,0,0,0,0,0,0,0,5,6,2,12,0,0,0,1,19,51106,6,1,0,0,3,0,71,156,0,0,0,1,0,8,2016,8,2016,0,0,0,0,0,3,5,55,2,1,1,1,0,0,5,53,99,1,1,98,"777777777777","777777777777","777777777777",0,0