"STATE","ST_CASE","VEH_NO","VE_FORMS","NUMOCCS","DAY","MONTH","HOUR","MINUTE","HARM_EV","MAN_COLL","UNITTYPE","HIT_RUN","REG_STAT","OWNER","MAKE","MODEL","MAK_MOD","BODY_TYP","MOD_YEAR","VIN","VIN_1","VIN_2","VIN_3","VIN_4","VIN_5","VIN_6","VIN_7","VIN_8","VIN_9","VIN_10","VIN_11","VIN_12","TOW_VEH","J_KNIFE","MCARR_I1","MCARR_I2","MCARR_ID","GVWR","V_CONFIG","CARGO_BT","HAZ_INV","HAZ_PLAC","HAZ_ID","HAZ_CNO","HAZ_REL","BUS_USE","SPEC_USE","EMER_USE","TRAV_SP","UNDERIDE","ROLLOVER","ROLINLOC","IMPACT1","DEFORMED","TOWED","M_HARM","VEH_SC1","VEH_SC2","FIRE_EXP","DR_PRES","L_STATE","DR_ZIP","L_STATUS","L_TYPE","CDL_STAT","L_ENDORS","L_COMPL","L_RESTRI","DR_HGT","DR_WGT","PREV_ACC","PREV_SUS","PREV_DWI","PREV_SPD","PREV_OTH","FIRST_MO","FIRST_YR","LAST_MO","LAST_YR","SPEEDREL","DR_SF1","DR_SF2","DR_SF3","DR_SF4","VTRAFWAY","VNUM_LAN","VSPD_LIM","VALIGN","VPROFILE","VPAVETYP","VSURCOND","VTRAFCON","VTCONT_F","P_CRASH1","P_CRASH2","P_CRASH3","PCRASH4","PCRASH5","ACC_TYPE","TRLR1VIN","TRLR2VIN","TRLR3VIN","DEATHS","DR_DRINK"
18,180546,2,2,2,25,9,2,15,12,6,1,0,18,1,12,3,12003,2,2000,"1FAFP4048YF2","1","F","A","F","P","4","0","4","8","Y","F","2",0,0,0,"000000000","00000000000",0,0,0,1,0,0,0,0,0,0,0,998,0,0,0,3,6,2,12,0,0,0,1,18,46142,6,1,0,0,3,1,67,135,0,2,0,1,1,2,2016,5,2016,0,38,0,0,0,3,3,40,1,1,2,1,3,3,11,15,99,1,1,68,"777777777777","777777777777","777777777777",1,1
18,180547,1,1,1,30,9,22,33,30,0,1,0,18,1,20,16,20016,2,2001,"1G1JC1244171","1","G","1","J","C","1","2","4","4","1","7","1",0,0,0,"000000000","00000000000",0,0,0,1,0,0,0,0,0,0,0,998,0,1,5,9,6,2,30,0,0,0,1,18,46036,1,1,0,0,2,0,75,257,0,4,0,0,6,3,2015,1,2016,0,87,0,0,0,1,2,55,1,1,2,6,0,0,1,13,99,1,4,1,"777777777777","777777777777","777777777777",1,0
18,180548,1,1,2,30,9,23,50,8,0,1,0,18,1,20,481,20481,31,2015,"1GCRCPEH0FZ3","1","G","C","R","C","P","E","H","0","F","Z","3",0,0,0,"000000000","00000000000",0,0,0,1,0,0,0,0,0,0,0,998,0,0,0,1,2,5,8,0,0,0,1,18,47421,6,1,0,0,3,3,77,275,0,0,0,0,0,0,0,0,0,0,0,0,0,0,1,2,55,1,1,2,1,0,0,1,80,16,1,1,13,"777777777777","777777777777","777777777777",0,0
18,180549,1,2,1,23,9,18,33,12,6,1,0,18,2,20,37,20037,4,2004,"1G1ZT548X4F2","1","G","1","Z","T","5","4","8","X","4","F","2",0,0,0,"000000000","00000000000",0,0,0,1,0,0,0,0,0,0,0,998,0,0,0,11,4,5,12,0,0,0,1,18,46970,6,2,0,0,3,0,61,110,0,0,0,0,0,0,0,0,0,0,38,0,0,0,1,2,25,1,1,2,1,20,3,11,15,99,1,1,68,"777777777777","777777777777","777777777777",0,0
18,180549,2,2,1,23,9,18,33,12,6,1,0,18,1,76,705,76705,80,1993,"JYA3HHE07PA0","J","Y","A","3","H","H","E","0","7","P","A","0",0,0,0,"000000000","00000000000",0,0,0,1,0,0,0,0,0,0,0,998,0,0,0,12,6,2,12,0,0,0,1,18,46970,6,1,0,0,3,0,70,235,0,0,0,0,0,0,0,0,0,0,0,0,0,0,1,2,45,1,1,2,1,0,0,1,67,99,1,1,69,"777777777777","777777777777","777777777777",1,0
18,180550,1,1,1,30,9,3,28,42,0,1,0,17,2,42,48,42048,4,1999,"WDBJF25H2XA8","W","D","B","J","F","2","5","H","2","X","A","8",0,0,0,"000000000","00000000000",0,0,0,1,0,0,0,0,0,0,0,998,0,0,0,5,6,2,42,0,0,0,1,21,42003,6,1,1,0,3,0,71,165,0,0,0,3,0,10,2012,12,2015,4,28,0,0,0,1,2,55,2,1,2,1,0,0,14,6,16,2,4,7,"777777777777","777777777777","777777777777",1,0
18,180551,1,2,3,30,9,23,49,12,6,1,0,18,1,52,37,52037,3,2004,"4A3AC44G04E0","4","A","3","A","C","4","4","G","0","4","E","0",0,0,0,"000000000","00000000000",0,0,0,1,0,0,0,0,0,0,0,998,0,0,0,7,6,2,12,0,0,0,1,18,46201,1,7,0,0,2,0,65,169,0,0,0,0,3,9,2013,11,2015,4,28,87,8,0,1,2,35,3,1,2,2,0,0,14,6,99,1,2,66,"777777777777","777777777777","777777777777",2,1
18,180551,2,2,2,30,9,23,49,12,6,1,0,18,1,30,40,30040,4,2002,"3VWRB69M92M1","3","V","W","R","B","6","9","M","9","2","M","1",0,0,0,"000000000","00000000000",0,0,0,1,0,0,0,0,0,0,0,998,0,0,0,12,6,2,12,0,0,0,1,18,46226,6,1,6,0,3,3,67,128,0,0,0,0,3,9,2013,11,2015,0,0,0,0,0,1,2,35,2,1,2,2,0,0,14,62,99,1,1,66,"777777777777","777777777777","777777777777",0,0
18,180552,1,1,1,3,10,4,40,42,0,1,0,18,2,49,45,49045,4,2003,"JTDBT1237350","J","T","D","B","T","1","2","3","7","3","5","0",0,0,0,"000000000","00000000000",0,0,0,1,0,0,0,0,0,0,0,998,0,0,0,9,6,2,42,0,0,0,1,18,46368,1,1,0,0,2,0,72,135,0,1,0,4,5,7,2014,2,2016,0,0,0,0,0,1,2,30,1,1,2,2,0,0,1,19,99,1,4,98,"777777777777","777777777777","777777777777",1,0
18,180553,1,2,1,4,10,8,42,12,6,1,0,18,2,98,701,98701,88,2014,"L9NTEACB4E10","L","9","N","T","E","A","C","B","4","E","1","0",0,0,0,"000000000","00000000000",0,0,0,1,0,0,0,0,0,0,0,998,0,0,0,12,6,2,12,0,0,0,1,18,46733,1,1,0,0,2,2,72,160,0,3,2,0,0,7,2013,6,2015,0,38,74,0,0,1,2,45,1,2,2,1,3,3,4,17,99,1,1,86,"777777777777","777777777777","777777777777",1,0
18,180553,2,2,1,4,10,8,42,12,6,1,0,39,3,51,881,51881,66,2007,"4V4NC9GH27N4","4","V","4","N","C","9","G","H","2","7","N","4",1,1,57,"001438436","57001438436",3,6,1,1,0,0,0,0,0,0,0,998,0,0,0,3,4,5,12,0,0,0,1,39,44847,6,1,6,0,3,1,70,200,1,0,0,0,0,2,2013,2,2013,0,0,0,0,0,1,2,45,1,2,2,1,3,3,1,17,99,1,1,87,"888888888888","777777777777","777777777777",0,0
18,180554,1,2,1,1,10,16,5,12,2,1,0,18,2,13,12,13012,4,2003,"1LNHM87A23Y6","1","L","N","H","M","8","7","A","2","3","Y","6",0,0,0,"000000000","00000000000",0,0,0,1,0,0,0,0,0,0,0,998,0,0,0,12,6,2,12,0,0,0,1,18,47112,0,0,0,0,0,0,74,240,0,3,0,0,3,12,2012,12,2012,0,28,8,0,0,1,2,55,3,1,2,1,0,0,14,10,99,1,2,50,"777777777777","777777777777","777777777777",1,0
18,180554,2,2,1,1,10,16,5,12,2,1,0,18,2,20,421,20421,15,2015,"1GNSK2EC1FR5","1","G","N","S","K","2","E","C","1","F","R","5",0,0,0,"000000000","00000000000",0,0,0,1,0,0,0,0,0,0,0,998,0,0,0,12,6,2,12,0,0,0,1,18,47150,6,1,0,0,3,0,73,260,0,0,0,0,0,0,0,0,0,0,0,0,0,0,1,2,55,2,1,2,1,0,0,14,62,7,1,1,51,"777777777777","777777777777","777777777777",0,0
18,180555,1,1,2,30,9,7,23,1,0,1,0,18,1,20,482,20482,31,2003,"3GNEK13T33G1","3","G","N","E","K","1","3","T","3","3","G","1",0,0,0,"000000000","00000000000",0,0,0,1,0,0,0,0,0,0,0,998,0,2,5,0,6,2,1,0,0,0,1,18,47374,6,1,0,0,3,0,64,170,0,0,0,0,0,0,0,0,0,4,28,58,0,0,1,2,55,1,1,2,2,0,0,1,13,99,2,4,2,"777777777777","777777777777","777777777777",1,0
18,180556,1,2,1,25,9,17,6,12,6,1,0,18,1,53,705,53705,80,2004,"JS1GR7JA3421","J","S","1","G","R","7","J","A","3","4","2","1",0,0,0,"000000000","00000000000",0,0,0,1,0,0,0,0,0,0,0,998,0,0,0,12,6,2,12,0,0,0,1,55,53224,6,1,0,0,2,0,69,190,0,0,0,6,0,1,2012,5,2015,0,0,0,0,0,5,3,45,1,2,2,1,0,0,1,17,99,1,1,83,"777777777777","777777777777","777777777777",1,0
18,180556,2,2,2,25,9,17,6,12,6,1,0,18,1,35,47,35047,4,2013,"1N4AL3APXDC1","1","N","4","A","L","3","A","P","X","D","C","1",0,0,0,"000000000","00000000000",0,0,0,1,0,0,0,0,0,0,0,998,0,0,0,11,6,2,12,0,0,0,1,18,46227,6,1,0,0,3,0,64,140,0,0,0,0,0,0,0,0,0,0,39,0,0,0,5,3,45,1,2,2,1,20,3,11,15,99,1,1,82,"777777777777","777777777777","777777777777",0,0
18,180557,1,1,1,9,6,11,11,50,0,1,0,18,2,98,998,98998,92,2002,"999999999999","9","9","9","9","9","9","9","9","9","9","9","9",0,0,0,"000000000","00000000000",0,0,0,1,0,0,0,0,0,0,0,998,0,0,0,12,6,2,52,0,0,0,1,18,47030,6,1,0,0,3,0,73,206,0,0,0,0,1,9,2015,9,2015,0,0,0,0,0,3,2,70,1,1,8,1,0,0,1,98,99,1,5,98,"777777777777","777777777777","777777777777",1,0
18,180558,1,2,1,3,10,20,41,8,0,1,0,21,1,12,23,12023,4,2016,"3FA6P0UU6GR3","3","F","A","6","P","0","U","U","6","G","R","3",0,0,0,"000000000","00000000000",0,0,0,1,0,0,0,0,0,0,0,998,0,0,0,12,6,2,8,0,0,0,1,21,40475,6,1,0,0,3,0,72,250,0,0,0,1,0,8,2016,8,2016,0,0,0,0,0,2,2,70,1,1,2,1,0,0,1,80,99,1,1,13,"777777777777","777777777777","777777777777",0,0
18,180558,2,2,1,3,10,20,41,8,0,1,0,39,2,49,40,49040,4,1998,"4T1BF28K2WU0","4","T","1","B","F","2","8","K","2","W","U","0",0,0,0,"000000000","00000000000",0,0,0,1,0,0,0,0,0,0,0,998,0,0,0,12,2,5,8,0,0,0,1,39,45838,6,1,0,0,3,0,61,115,0,0,0,0,0,0,0,0,0,0,0,0,0,0,2,2,70,1,1,2,1,0,0,1,80,99,1,1,98,"777777777777","777777777777","777777777777",0,0
18,180559,1,2,1,6,10,14,11,12,6,1,0,18,1,20,23,20023,6,2009,"3GNCA13B99S6","3","G","N","C","A","1","3","B","9","9","S","6",0,0,0,"000000000","00000000000",0,0,0,1,0,0,0,0,0,0,0,998,0,0,0,7,6,2,12,0,0,0,1,18,46514,1,1,0,0,2,0,68,200,0,6,0,0,7,3,2013,9,2016,0,38,0,0,0,1,2,35,1,1,2,1,0,0,11,15,99,1,1,68,"777777777777","777777777777","777777777777",0,0
18,180559,2,2,1,6,10,14,11,12,6,1,0,18,1,72,706,72706,80,2007,"1HD1FB4157Y6","1","H","D","1","F","B","4","1","5","7","Y","6",0,0,0,"000000000","00000000000",0,0,0,1,0,0,0,0,0,0,0,998,0,0,0,12,6,2,12,0,0,0,1,18,46507,6,1,8,0,3,0,73,220,0,0,0,0,0,0,0,0,0,0,0,0,0,0,1,3,35,1,1,2,1,0,0,1,67,99,1,1,69,"777777777777","777777777777","777777777777",1,0
18,180560,1,1,1,4,10,17,18,30,0,1,0,18,2,12,481,12481,39,1979,"R80DVEC8493","R","8","0","D","V","E","C","8","4","9","3","",0,0,0,"000000000","00000000000",0,0,0,1,0,0,0,0,0,0,0,998,0,1,5,12,6,2,1,0,0,0,1,18,47523,6,1,0,0,3,0,69,190,0,0,0,0,0,0,0,0,0,0,0,0,0,0,1,2,55,1,1,2,1,0,0,1,13,99,1,4,1,"777777777777","777777777777","777777777777",1,0
18,180561,1,2,1,23,9,14,10,12,6,1,0,18,1,49,442,49442,20,2007,"5TDZK23C77S0","5","T","D","Z","K","2","3","C","7","7","S","0",0,0,0,"000000000","00000000000",0,0,0,1,0,0,0,0,0,0,0,998,0,0,0,12,6,2,12,0,0,0,1,18,46307,6,1,0,0,3,3,67,110,1,1,0,1,0,12,2014,9,2015,0,38,0,0,0,5,3,35,1,1,2,1,0,0,11,15,99,1,1,68,"777777777777","777777777777","777777777777",0,0
18,180561,2,2,1,23,9,14,10,12,6,1,0,18,1,53,705,53705,80,2007,"JS1GN7DA3721","J","S","1","G","N","7","D","A","3","7","2","1",0,0,0,"000000000","00000000000",0,0,0,1,0,0,0,0,0,0,0,998,0,0,0,11,6,2,12,0,0,0,1,18,46375,1,1,8,0,2,2,72,170,1,1,0,0,0,11,2012,1,2013,3,74,0,0,0,5,3,35,1,1,2,1,0,0,1,62,99,1,1,69,"777777777777","777777777777","777777777777",1,0
18,180562,1,1,1,3,10,1,0,30,0,1,0,18,1,98,701,98701,88,2012,"L9NTEACB3C10","L","9","N","T","E","A","C","B","3","C","1","0",0,0,0,"000000000","00000000000",0,0,0,1,0,0,0,0,0,0,0,998,0,0,0,12,6,2,30,0,0,0,1,18,46224,2,1,0,0,2,2,69,200,0,2,0,0,1,1,2013,4,2016,0,74,0,0,0,1,3,35,4,1,2,1,3,3,14,13,99,1,4,1,"777777777777","777777777777","777777777777",1,0
18,180563,1,1,1,3,10,1,10,14,0,1,0,18,1,12,37,12037,5,2012,"1FAHP3M28CL2","1","F","A","H","P","3","M","2","8","C","L","2",0,0,0,"000000000","00000000000",0,0,0,1,0,0,0,0,0,0,0,70,0,0,0,1,6,2,8,0,0,0,1,18,46342,6,1,0,0,3,0,69,175,1,1,0,0,1,7,2013,2,2014,0,28,0,0,0,3,3,70,1,3,2,1,0,0,1,13,7,1,4,1,"777777777777","777777777777","777777777777",0,0
18,180564,1,3,1,4,10,11,35,12,2,1,0,18,1,12,24,12024,6,2014,"2FMDK4JC9EBA","2","F","M","D","K","4","J","C","9","E","B","A",0,0,0,"000000000","00000000000",0,0,0,1,0,0,0,0,0,0,0,998,0,0,0,12,6,2,12,0,0,0,1,12,33919,6,1,0,0,3,0,70,999,0,0,0,0,0,0,0,0,0,0,28,51,0,0,1,2,55,1,1,2,1,0,0,1,54,1,1,1,52,"777777777777","777777777777","777777777777",0,0
18,180564,2,3,1,4,10,11,35,12,2,1,0,18,1,37,706,37706,80,2016,"JH2SD044XGK0","J","H","2","S","D","0","4","4","X","G","K","0",0,0,0,"000000000","00000000000",0,0,0,1,0,0,0,0,0,0,0,998,0,0,0,12,6,2,12,0,0,0,1,38,58640,6,1,6,1,3,0,67,195,0,0,0,0,0,0,0,0,0,0,0,0,0,0,1,2,55,1,1,2,1,0,0,1,54,99,1,1,52,"777777777777","777777777777","777777777777",1,0
18,180564,3,3,2,4,10,11,35,12,2,1,0,18,1,20,22,20022,4,2009,"1G1AT58H0972","1","G","1","A","T","5","8","H","0","9","7","2",0,0,0,"000000000","00000000000",0,0,0,1,0,0,0,0,0,0,0,998,0,0,0,12,6,2,12,0,0,0,1,18,46128,6,1,0,0,3,0,63,170,0,0,0,1,0,11,2012,11,2012,0,0,0,0,0,1,2,55,1,1,2,1,0,0,1,54,99,1,1,98,"777777777777","777777777777","777777777777",0,0
18,180565,1,2,1,5,10,20,34,12,1,1,0,18,2,73,706,73706,80,2007,"JKAZXCD127A0","J","K","A","Z","X","C","D","1","2","7","A","0",0,0,0,"000000000","00000000000",0,0,0,1,0,0,0,0,0,0,0,998,0,0,0,12,2,5,12,0,0,0,1,18,46947,1,1,0,0,2,0,73,155,0,2,0,1,4,7,2012,6,2016,0,0,0,0,0,4,3,35,1,1,2,1,0,0,1,59,99,1,1,32,"777777777777","777777777777","777777777777",1,0
18,180565,2,2,1,5,10,20,34,12,1,1,0,18,2,37,705,37705,80,2001,"JH2PC35071M2","J","H","2","P","C","3","5","0","7","1","M","2",0,0,0,"000000000","00000000000",0,0,0,1,0,0,0,0,0,0,0,998,0,0,0,6,2,5,12,0,0,0,1,18,46947,1,1,0,0,2,0,73,155,0,2,0,1,0,4,2015,7,2016,0,91,0,0,0,4,3,35,1,1,2,1,0,0,1,59,1,1,1,32,"777777777777","777777777777","777777777777",0,0
18,180566,1,2,1,7,10,12,36,12,6,1,0,18,1,23,481,23481,31,2011,"1GTN1TE03BZ2","1","G","T","N","1","T","E","0","3","B","Z","2",0,0,0,"000000000","00000000000",0,0,0,1,0,0,0,0,0,0,0,998,0,0,0,12,6,2,12,0,0,0,1,18,46181,6,1,0,0,3,0,66,182,0,0,0,0,0,0,0,0,0,0,38,0,0,0,1,2,55,1,1,1,1,1,3,1,17,99,1,1,88,"777777777777","777777777777","777777777777",1,0
18,180566,2,2,2,7,10,12,36,12,6,1,0,18,1,37,471,37471,30,2012,"5FPYK1F50CB4","5","F","P","Y","K","1","F","5","0","C","B","4",0,0,0,"000000000","00000000000",0,0,0,1,0,0,0,0,0,0,0,998,0,0,0,11,6,2,12,0,0,0,1,18,46151,6,1,0,0,3,3,72,185,0,0,0,0,0,0,0,0,0,0,0,0,0,0,1,2,55,1,1,1,1,1,3,1,17,99,1,1,89,"777777777777","777777777777","777777777777",0,0
18,180567,1,2,1,7,10,9,23,12,6,1,0,18,1,72,706,72706,80,2007,"1HD1KB4177Y6","1","H","D","1","K","B","4","1","7","7","Y","6",0,0,0,"000000000","00000000000",0,0,0,1,0,0,0,0,0,0,0,998,0,0,0,11,6,2,12,0,0,0,1,18,47711,6,1,0,0,3,0,64,150,0,0,0,0,0,0,0,0,0,0,38,0,0,0,1,2,20,1,2,1,1,20,3,1,17,99,1,1,89,"777777777777","777777777777","777777777777",1,0
18,180567,2,2,1,7,10,9,23,12,6,1,0,18,1,20,481,20481,31,1999,"1GCEK19R5XR1","1","G","C","E","K","1","9","R","5","X","R","1",0,0,0,"000000000","00000000000",0,0,0,1,0,0,0,0,0,0,0,998,0,0,0,12,6,2,12,0,0,0,1,18,47610,6,1,0,0,3,3,70,190,0,1,0,0,2,1,2016,1,2016,0,0,0,0,0,1,5,45,1,2,1,1,0,0,1,63,99,1,1,88,"777777777777","777777777777","777777777777",0,0
18,180568,1,1,3,8,10,23,38,9,0,1,0,18,1,32,44,32044,4,2007,"WAULV44E17N0","W","A","U","L","V","4","4","E","1","7","N","0",0,0,0,"000000000","00000000000",0,0,0,1,0,0,0,0,0,0,0,998,0,0,0,12,6,2,9,0,0,0,1,18,46360,6,1,0,0,3,3,72,180,0,1,0,0,0,5,2013,5,2013,0,0,0,0,0,5,4,55,1,1,2,1,0,0,1,83,99,1,1,13,"777777777777","777777777777","777777777777",0,0
18,180569,1,1,1,8,10,23,38,31,0,1,0,18,1,13,5,13005,4,2000,"1LNHM97V9YY9","1","L","N","H","M","9","7","V","9","Y","Y","9",0,0,0,"000000000","00000000000",0,0,0,1,0,0,0,0,0,0,0,998,0,1,5,11,6,2,1,0,0,0,1,18,46176,1,1,0,0,2,2,73,225,2,3,0,0,1,2,2013,8,2016,0,28,58,74,0,1,2,50,1,1,2,1,0,0,1,12,6,1,4,6,"777777777777","777777777777","777777777777",1,1
18,180570,1,2,1,29,3,8,52,12,6,1,0,18,1,23,481,23481,31,1994,"1GTEC14Z0RZ5","1","G","T","E","C","1","4","Z","0","R","Z","5",0,0,0,"000000000","00000000000",0,0,0,1,0,0,0,0,0,0,0,998,0,0,0,11,6,2,12,0,0,0,1,18,47960,6,1,0,0,3,3,72,200,1,0,0,0,1,10,2015,10,2015,0,38,0,0,0,1,2,55,1,1,2,1,20,3,11,15,99,1,1,68,"777777777777","777777777777","777777777777",1,0
18,180570,2,2,2,29,3,8,52,12,6,1,0,18,1,6,441,6441,20,2016,"2C4RC1GG2GR2","2","C","4","R","C","1","G","G","2","G","R","2",0,0,0,"000000000","00000000000",0,0,0,1,0,0,0,0,0,0,0,998,0,0,0,12,6,2,12,0,0,0,1,18,47960,6,1,0,0,3,3,63,110,0,0,0,0,0,0,0,0,0,0,0,0,0,0,1,2,55,1,1,2,1,0,0,1,67,6,1,1,69,"777777777777","777777777777","777777777777",0,0
18,180571,1,2,2,1,6,14,57,12,6,1,0,18,1,23,401,23401,14,2005,"1GKDT13S9522","1","G","K","D","T","1","3","S","9","5","2","2",0,0,0,"000000000","00000000000",0,0,0,1,0,0,0,0,0,0,0,998,0,0,0,12,6,2,12,0,0,0,1,18,46176,6,1,0,0,3,3,65,160,0,0,0,0,1,3,2013,3,2013,0,8,28,0,0,1,2,50,1,1,2,1,0,0,1,10,99,1,1,64,"777777777777","777777777777","777777777777",1,0
18,180571,2,2,2,1,6,14,57,12,6,1,0,18,2,99,998,99998,92,2005,"999999999999","9","9","9","9","9","9","9","9","9","9","9","9",0,0,0,"000000000","00000000000",0,0,0,1,0,0,0,0,0,0,0,998,0,0,0,8,2,5,12,0,0,0,1,18,46182,6,1,0,0,3,3,72,170,0,0,0,0,0,0,0,0,0,0,0,0,0,0,1,2,50,1,1,2,1,0,0,1,11,7,1,1,65,"777777777777","777777777777","777777777777",0,0
18,180572,1,1,2,5,8,6,1,8,0,1,0,18,2,20,37,20037,4,2014,"1G11C5SL9EF1","1","G","1","1","C","5","S","L","9","E","F","1",0,0,0,"000000000","00000000000",0,0,0,1,0,0,0,0,0,0,0,998,0,0,0,12,6,2,8,0,0,0,1,18,46254,6,1,0,0,3,3,68,145,0,3,0,3,0,9,2012,3,2015,0,0,0,0,0,2,2,40,1,1,2,1,0,0,1,80,15,1,1,13,"777777777777","777777777777","777777777777",0,0
18,180573,1,2,2,8,10,9,37,12,6,1,0,18,1,7,472,7472,31,2006,"1D7HE28KX6S5","1","D","7","H","E","2","8","K","X","6","S","5",0,0,0,"000000000","00000000000",0,0,0,1,0,0,0,0,0,0,0,998,0,0,0,12,6,2,12,0,0,0,1,18,46902,6,1,0,0,3,3,63,130,0,2,0,3,2,11,2013,2,2014,0,39,0,0,0,1,2,55,1,1,2,1,20,3,1,17,99,1,1,86,"777777777777","777777777777","777777777777",0,0
18,180573,2,2,2,8,10,9,37,12,6,1,0,18,1,6,41,6041,4,2002,"2C3AD36M92H1","2","C","3","A","D","3","6","M","9","2","H","1",0,0,0,"000000000","00000000000",0,0,0,1,0,0,0,0,0,0,0,998,0,0,0,3,6,2,12,0,0,0,1,18,46902,6,1,0,0,3,3,70,175,0,0,0,0,0,0,0,0,0,0,0,0,0,0,1,2,55,1,1,2,1,0,0,1,17,99,1,1,87,"777777777777","777777777777","777777777777",1,0
18,180574,1,2,1,5,10,11,30,12,2,1,0,18,1,12,401,12401,14,2005,"1FMZU72K45UB","1","F","M","Z","U","7","2","K","4","5","U","B",0,0,0,"000000000","00000000000",0,0,0,1,0,0,0,0,0,0,0,998,0,0,0,12,6,2,12,0,0,0,1,18,47240,6,1,8,0,3,0,61,130,0,0,0,0,0,0,0,0,0,0,28,0,0,0,1,2,55,1,1,2,1,0,0,1,10,99,1,2,50,"777777777777","777777777777","777777777777",0,0
18,180574,2,2,1,5,10,11,30,12,2,1,0,18,2,20,481,20481,31,2004,"2GCEC19T5413","2","G","C","E","C","1","9","T","5","4","1","3",0,0,0,"000000000","00000000000",0,0,0,1,0,0,0,0,0,0,0,998,0,0,0,12,6,2,12,0,0,0,1,18,47272,6,1,0,0,3,0,68,160,0,0,0,1,3,9,2012,11,2015,0,0,0,0,0,1,2,55,1,1,2,1,0,0,1,62,16,1,1,51,"777777777777","777777777777","777777777777",1,0
18,180575,1,3,1,6,10,13,58,12,6,1,0,17,1,20,2,20002,4,2007,"2G1WU58R4792","2","G","1","W","U","5","8","R","4","7","9","2",0,0,0,"000000000","00000000000",0,0,0,1,0,0,0,0,0,0,0,998,0,0,0,9,6,2,12,0,0,0,1,17,60477,6,1,0,0,3,0,67,200,0,0,0,0,0,0,0,0,0,0,38,39,0,0,1,2,45,1,1,2,1,20,3,1,19,99,1,1,89,"777777777777","777777777777","777777777777",1,0
18,180575,2,3,1,6,10,13,58,12,6,1,0,12,2,85,881,85881,66,2005,"1XKTDB9X65J0","1","X","K","T","D","B","9","X","6","5","J","0",1,1,57,"001961791","57001961791",3,6,1,1,0,0,0,0,0,0,0,998,0,0,0,12,6,2,12,0,0,0,1,12,33771,6,1,6,0,3,0,71,999,0,0,0,1,1,10,2014,2,2016,0,0,0,0,0,2,3,60,4,1,2,1,0,0,14,66,99,1,1,88,"888888888888","777777777777","777777777777",0,0
18,180575,3,3,1,6,10,13,58,12,6,1,0,18,2,35,446,35446,20,2015,"3N6CM0KN4FK6","3","N","6","C","M","0","K","N","4","F","K","6",0,0,0,"000000000","00000000000",0,0,0,1,0,0,0,0,0,0,0,998,0,0,0,3,6,2,12,0,0,0,1,18,46516,6,1,0,0,3,0,68,170,0,0,0,0,0,0,0,0,0,0,0,0,0,0,2,3,60,4,1,2,1,0,0,14,61,99,1,1,98,"777777777777","777777777777","777777777777",0,0
18,180576,1,1,2,10,10,21,28,8,0,1,0,18,1,20,25,20025,4,2012,"1G1PF5SC4C71","1","G","1","P","F","5","S","C","4","C","7","1",0,0,0,"000000000","00000000000",0,0,0,1,0,0,0,0,0,0,0,998,0,0,0,11,6,2,8,0,0,0,1,26,48519,6,1,0,0,3,0,70,220,0,0,0,0,0,0,0,0,0,0,0,0,0,0,1,2,25,1,3,2,1,0,0,1,80,99,1,1,13,"777777777777","777777777777","777777777777",0,0
18,180577,1,2,2,11,10,7,3,12,6,1,0,18,3,7,482,7482,31,2003,"1D7HU18D93J6","1","D","7","H","U","1","8","D","9","3","J","6",0,0,0,"000000000","00000000000",0,0,0,1,0,0,0,0,0,0,0,998,0,0,0,12,6,2,12,0,0,0,1,18,47670,6,1,6,0,3,0,68,220,0,0,0,0,0,0,0,0,0,0,0,0,0,0,5,4,60,1,1,2,1,1,3,1,17,99,1,1,83,"777777777777","777777777777","777777777777",0,0
18,180577,2,2,1,11,10,7,3,12,6,1,0,18,1,49,40,49040,4,2005,"4T1BE32K15U5","4","T","1","B","E","3","2","K","1","5","U","5",0,0,0,"000000000","00000000000",0,0,0,1,0,0,0,0,0,0,0,998,0,0,0,9,6,2,12,0,0,0,1,18,47648,6,1,0,0,3,3,67,123,0,0,0,0,0,0,0,0,0,0,39,0,0,0,5,4,60,1,1,2,1,1,3,11,15,99,1,1,82,"777777777777","777777777777","777777777777",1,0
18,180578,1,1,1,13,9,23,37,1,0,1,0,18,1,72,706,72706,80,2008,"1HD1JL51X8Y0","1","H","D","1","J","L","5","1","X","8","Y","0",0,0,0,"000000000","00000000000",0,0,0,1,0,0,0,0,0,0,0,998,0,0,0,0,6,2,1,0,0,0,1,18,46140,6,1,0,0,3,3,71,200,0,0,0,0,0,0,0,0,0,0,0,0,0,0,3,2,55,1,1,2,1,0,0,1,13,99,1,4,1,"777777777777","777777777777","777777777777",1,0
18,180579,1,1,1,18,9,14,21,9,0,1,0,18,1,20,403,20403,14,2003,"1GNDT13SX322","1","G","N","D","T","1","3","S","X","3","2","2",0,0,0,"000000000","00000000000",0,0,0,1,0,0,0,0,0,0,0,998,0,0,0,12,2,5,9,0,0,0,1,18,47501,6,1,0,0,3,3,65,165,0,0,0,0,0,0,0,0,0,0,0,0,0,0,1,2,55,1,2,2,1,0,0,1,83,99,1,1,13,"777777777777","777777777777","777777777777",0,0