"STATE","ST_CASE","VEH_NO","VE_FORMS","NUMOCCS","DAY","MONTH","HOUR","MINUTE","HARM_EV","MAN_COLL","UNITTYPE","HIT_RUN","REG_STAT","OWNER","MAKE","MODEL","MAK_MOD","BODY_TYP","MOD_YEAR","VIN","VIN_1","VIN_2","VIN_3","VIN_4","VIN_5","VIN_6","VIN_7","VIN_8","VIN_9","VIN_10","VIN_11","VIN_12","TOW_VEH","J_KNIFE","MCARR_I1","MCARR_I2","MCARR_ID","GVWR","V_CONFIG","CARGO_BT","HAZ_INV","HAZ_PLAC","HAZ_ID","HAZ_CNO","HAZ_REL","BUS_USE","SPEC_USE","EMER_USE","TRAV_SP","UNDERIDE","ROLLOVER","ROLINLOC","IMPACT1","DEFORMED","TOWED","M_HARM","VEH_SC1","VEH_SC2","FIRE_EXP","DR_PRES","L_STATE","DR_ZIP","L_STATUS","L_TYPE","CDL_STAT","L_ENDORS","L_COMPL","L_RESTRI","DR_HGT","DR_WGT","PREV_ACC","PREV_SUS","PREV_DWI","PREV_SPD","PREV_OTH","FIRST_MO","FIRST_YR","LAST_MO","LAST_YR","SPEEDREL","DR_SF1","DR_SF2","DR_SF3","DR_SF4","VTRAFWAY","VNUM_LAN","VSPD_LIM","VALIGN","VPROFILE","VPAVETYP","VSURCOND","VTRAFCON","VTCONT_F","P_CRASH1","P_CRASH2","P_CRASH3","PCRASH4","PCRASH5","ACC_TYPE","TRLR1VIN","TRLR2VIN","TRLR3VIN","DEATHS","DR_DRINK"
18,180580,1,2,1,27,9,6,44,12,6,1,0,18,1,37,402,37402,14,2007,"JHLRE48507C0","J","H","L","R","E","4","8","5","0","7","C","0",0,0,0,"000000000","00000000000",0,0,0,1,0,0,0,0,0,0,0,998,0,0,0,11,2,5,12,0,0,0,1,18,46151,6,1,0,0,3,3,64,150,0,0,0,0,0,0,0,0,0,0,38,0,0,0,1,2,99,1,1,2,1,0,0,4,17,1,1,1,86,"777777777777","777777777777","777777777777",0,0
18,180580,2,2,1,27,9,6,44,12,6,1,0,18,1,98,701,98701,80,2010,"LC2U7A033AC0","L","C","2","U","7","A","0","3","3","A","C","0",0,0,0,"000000000","00000000000",0,0,0,1,0,0,0,0,0,0,0,998,0,0,0,5,6,2,12,0,0,0,1,18,46158,1,1,0,0,2,0,75,220,0,1,0,0,1,5,2016,5,2016,0,0,0,0,0,2,2,60,2,1,2,1,0,0,14,62,99,1,1,87,"777777777777","777777777777","777777777777",1,0
18,180581,1,1,1,9,10,20,48,8,0,1,1,99,9,99,999,99999,99,9999,"999999999999","9","9","9","9","9","9","9","9","9","9","9","9",0,0,0,"000000000","00000000000",0,0,0,1,0,0,0,0,0,0,0,998,0,0,0,99,9,5,8,0,0,0,1,99,99999,9,9,99,9,9,9,999,999,99,99,99,99,99,99,9999,99,9999,0,0,0,0,0,1,2,99,1,1,2,1,20,3,1,80,99,1,1,13,"777777777777","777777777777","777777777777",0,0
18,180582,1,1,2,13,10,7,38,20,0,1,0,21,2,24,1,24001,4,2002,"1G8ZH52822Z1","1","G","8","Z","H","5","2","8","2","2","Z","1",0,0,0,"000000000","00000000000",0,0,0,1,0,0,0,0,0,0,0,998,0,0,0,12,6,2,20,0,0,0,1,99,99999,9,9,99,9,9,9,999,999,99,99,99,99,99,99,9999,99,9999,3,8,28,0,0,6,2,35,1,2,2,1,0,0,15,11,99,1,4,1,"777777777777","777777777777","777777777777",1,0
18,180583,1,2,1,3,10,13,41,12,2,1,0,18,1,18,7,18007,4,1999,"2G4WS52M2X16","2","G","4","W","S","5","2","M","2","X","1","6",0,0,0,"000000000","00000000000",0,0,0,1,0,0,0,0,0,0,0,998,0,0,0,12,6,2,12,0,0,0,1,18,46360,6,1,5,0,3,3,72,175,0,1,0,0,1,12,2013,12,2013,0,28,0,0,0,2,4,45,1,1,2,1,0,0,1,10,99,1,2,50,"777777777777","777777777777","777777777777",1,0
18,180583,2,2,1,3,10,13,41,12,2,1,0,18,3,89,890,89890,63,2009,"5VCACDJF09H2","5","V","C","A","C","D","J","F","0","9","H","2",0,0,57,"001050420","57001050420",3,2,7,1,0,0,0,0,0,0,0,998,0,0,0,12,6,2,12,0,0,0,1,18,46383,6,1,6,0,3,0,70,205,0,0,0,0,0,0,0,0,0,0,0,0,0,0,2,4,45,1,1,2,1,0,0,1,62,99,1,1,51,"777777777777","777777777777","777777777777",0,0
18,180584,1,2,1,12,10,3,20,12,6,1,0,18,2,20,22,20022,2,2007,"1G1AK15F3773","1","G","1","A","K","1","5","F","3","7","7","3",0,0,0,"000000000","00000000000",0,0,0,1,0,0,0,0,0,0,0,998,0,1,4,12,6,2,1,0,0,0,1,18,46391,1,1,0,0,2,2,70,160,0,1,0,1,0,8,2015,3,2016,3,28,74,0,0,1,3,30,1,1,2,1,0,0,1,6,99,4,2,64,"777777777777","777777777777","777777777777",1,1
18,180584,2,2,1,12,10,3,20,12,6,1,0,18,1,12,17,12017,4,2011,"1FAHP2EW9BG1","1","F","A","H","P","2","E","W","9","B","G","1",0,0,0,"000000000","00000000000",0,0,0,1,0,0,0,0,0,0,0,998,0,0,0,8,4,5,12,0,0,0,1,18,46321,6,1,0,0,3,3,64,180,0,0,0,0,0,0,0,0,0,0,0,0,0,0,1,3,30,1,1,2,1,0,0,1,62,99,1,1,65,"777777777777","777777777777","777777777777",0,0
18,180585,1,2,1,13,10,7,17,12,6,1,0,18,2,49,32,49032,4,1994,"1NXAE09BXRZ1","1","N","X","A","E","0","9","B","X","R","Z","1",0,0,0,"000000000","00000000000",0,0,0,1,0,0,0,0,0,0,0,998,0,0,0,3,6,2,12,0,0,0,1,18,47933,6,2,0,0,3,0,73,150,0,0,0,0,0,0,0,0,0,0,28,58,87,0,1,2,55,1,1,2,2,0,0,1,10,99,1,2,64,"777777777777","777777777777","777777777777",1,0
18,180585,2,2,2,13,10,7,17,12,6,1,0,18,2,20,2,20002,4,2010,"2G1WB5EN1A12","2","G","1","W","B","5","E","N","1","A","1","2",0,0,0,"000000000","00000000000",0,0,0,1,0,0,0,0,0,0,0,998,0,0,0,12,6,2,12,0,0,0,1,18,47933,1,1,0,0,2,0,999,999,0,1,0,0,1,9,2015,9,2015,0,0,0,0,0,1,2,55,1,1,2,2,0,0,1,62,99,1,1,65,"777777777777","777777777777","777777777777",0,0
18,180586,1,2,1,12,10,14,20,12,8,1,0,18,1,12,25,12025,6,2015,"2FMGK5C81FBA","2","F","M","G","K","5","C","8","1","F","B","A",0,0,0,"000000000","00000000000",0,0,0,1,0,0,0,0,0,0,0,998,0,0,0,11,6,2,12,0,0,0,1,18,47471,6,1,0,0,3,0,67,150,0,0,0,1,0,8,2013,8,2013,0,28,0,0,0,1,2,50,1,1,2,1,0,0,1,10,99,1,1,66,"777777777777","777777777777","777777777777",1,0
18,180586,2,2,1,12,10,14,20,12,8,1,0,18,1,20,481,20481,31,2011,"3GCPKSE37BG3","3","G","C","P","K","S","E","3","7","B","G","3",0,0,0,"000000000","00000000000",0,0,0,1,0,0,0,0,0,0,0,998,0,0,0,11,6,2,12,0,0,0,1,18,46166,6,1,0,0,3,3,68,145,0,0,0,0,0,0,0,0,0,0,0,0,0,0,1,2,50,1,1,2,1,0,0,1,62,7,1,1,66,"777777777777","777777777777","777777777777",0,0
18,180587,1,1,3,15,10,16,19,1,0,1,0,21,1,63,33,63033,5,2008,"KNAFE1611850","K","N","A","F","E","1","6","1","1","8","5","0",0,0,0,"000000000","00000000000",0,0,0,1,0,0,0,0,0,0,0,998,0,1,5,0,6,2,3,0,0,0,1,21,40206,6,1,0,0,3,0,65,120,0,0,0,0,0,0,0,0,0,0,28,58,0,0,1,2,30,1,1,2,1,0,0,1,13,99,1,4,1,"777777777777","777777777777","777777777777",1,1
18,180588,1,1,2,18,7,4,35,5,0,1,0,18,2,55,401,55401,14,2004,"KM8SC13E14U7","K","M","8","S","C","1","3","E","1","4","U","7",0,0,0,"000000000","00000000000",0,0,0,1,0,0,0,0,0,0,0,998,0,0,0,0,0,5,5,0,0,0,1,12,32909,6,1,0,0,3,0,70,999,0,0,0,0,1,9,2015,9,2015,0,0,0,0,0,1,2,55,2,1,2,1,0,0,14,98,1,1,1,0,"777777777777","777777777777","777777777777",1,0
18,180589,1,2,1,12,10,22,44,12,6,1,0,18,1,52,472,52472,31,2006,"1Z7HT32N36S5","1","Z","7","H","T","3","2","N","3","6","S","5",0,0,0,"000000000","00000000000",0,0,0,1,0,0,0,0,0,0,0,998,0,0,0,12,6,2,12,0,0,0,1,18,46222,6,1,0,0,3,0,68,230,0,0,0,0,0,0,0,0,0,0,0,0,0,0,5,3,40,1,1,2,1,1,3,1,62,99,1,1,69,"777777777777","777777777777","777777777777",0,0
18,180589,2,2,2,12,10,22,44,12,6,1,0,18,1,21,23,21023,4,1999,"1G3WS52K3XF3","1","G","3","W","S","5","2","K","3","X","F","3",0,0,0,"000000000","00000000000",0,0,0,1,0,0,0,0,0,0,0,998,0,0,0,3,6,2,12,0,0,0,1,18,46234,6,1,0,0,3,3,62,172,0,0,0,0,0,0,0,0,0,0,0,0,0,0,5,3,40,1,1,2,1,1,3,11,15,99,1,1,68,"777777777777","777777777777","777777777777",1,0
18,180590,1,1,1,12,10,9,26,9,0,1,0,18,2,98,806,98806,62,2008,"5PVNJ8JV484S","5","P","V","N","J","8","J","V","4","8","4","S",0,0,99,"999999999","99999999999",2,1,1,1,0,0,0,0,0,0,0,998,0,0,0,12,2,3,9,0,0,0,1,18,46217,6,1,6,0,3,0,71,205,0,0,0,0,0,0,0,0,0,0,0,0,0,0,2,2,50,3,1,2,1,0,0,14,13,99,1,4,13,"777777777777","777777777777","777777777777",0,0
18,180591,1,2,1,17,10,5,57,12,2,1,0,18,1,63,33,63033,4,2005,"KNAFE1217551","K","N","A","F","E","1","2","1","7","5","5","1",0,0,0,"000000000","00000000000",0,0,0,1,0,0,0,0,0,0,0,998,0,0,0,12,6,2,12,0,0,0,1,18,46218,1,1,0,0,2,0,67,165,0,11,0,1,10,1,2013,8,2015,0,28,0,0,0,1,2,35,1,1,2,2,0,0,1,10,99,1,2,50,"777777777777","777777777777","777777777777",0,0
18,180591,2,2,1,17,10,5,57,12,2,1,0,18,1,12,17,12017,4,2004,"1FAHP56S54G1","1","F","A","H","P","5","6","S","5","4","G","1",0,0,0,"000000000","00000000000",0,0,0,1,0,0,0,0,0,0,0,998,0,0,0,12,6,2,12,0,0,0,1,18,46167,6,1,0,0,3,3,67,190,0,0,0,0,0,0,0,0,0,0,0,0,0,0,1,2,35,1,1,2,2,0,0,1,62,99,1,1,51,"777777777777","777777777777","777777777777",1,0
18,180592,1,1,1,2,10,20,23,8,0,1,1,99,9,54,35,54035,4,2005,"19UUA66235A0","1","9","U","U","A","6","6","2","3","5","A","0",0,0,0,"000000000","00000000000",0,0,0,1,0,0,0,0,0,0,0,998,0,0,0,1,6,2,8,0,0,0,1,99,99999,9,9,99,9,9,9,999,999,99,99,99,99,99,99,9999,99,9999,0,0,0,0,0,3,3,35,1,1,2,1,0,0,1,80,99,1,1,13,"777777777777","777777777777","777777777777",0,0
18,180593,1,1,1,9,10,21,0,34,0,1,0,18,2,49,472,49472,30,2007,"5TEPX42N07Z4","5","T","E","P","X","4","2","N","0","7","Z","4",0,0,0,"000000000","00000000000",0,0,0,1,0,0,0,0,0,0,0,998,0,0,0,3,6,2,30,0,0,0,1,18,47424,6,1,0,0,3,0,66,130,0,0,0,3,1,7,2013,4,2016,0,0,0,0,0,1,2,30,1,1,2,1,0,0,1,13,99,1,4,1,"777777777777","777777777777","777777777777",1,0
18,180594,1,1,2,12,10,21,17,31,0,1,0,18,1,37,32,37032,4,2005,"1HGCM66515A0","1","H","G","C","M","6","6","5","1","5","A","0",0,0,0,"000000000","00000000000",0,0,0,1,0,0,0,0,0,0,0,998,0,1,3,9,6,2,1,0,0,0,1,18,46307,6,1,0,0,3,0,71,165,0,0,0,2,0,1,2013,4,2013,3,8,0,0,0,2,3,70,1,1,2,1,0,0,1,12,99,1,4,6,"777777777777","777777777777","777777777777",1,0
18,180595,1,1,1,19,10,10,30,38,0,1,0,18,3,82,881,82881,66,2014,"3ALXA7005EDF","3","A","L","X","A","7","0","0","5","E","D","F",1,1,57,"000649444","57000649444",3,6,1,1,0,0,0,0,0,0,0,998,0,0,0,12,6,2,2,0,0,1,1,18,46227,6,1,6,1,3,3,64,140,0,0,0,0,0,0,0,0,0,0,0,0,0,0,2,2,65,1,1,2,1,0,0,1,13,99,1,4,1,"888888888888","777777777777","777777777777",1,0
18,180596,1,1,1,19,10,14,39,9,0,1,0,18,1,49,46,49046,5,2011,"JTDKN3DUXB02","J","T","D","K","N","3","D","U","X","B","0","2",0,0,0,"000000000","00000000000",0,0,0,1,0,0,0,0,0,0,0,998,0,0,0,1,2,3,9,0,0,0,1,18,47396,2,1,0,0,2,3,73,185,0,0,0,0,0,0,0,0,0,0,0,0,0,0,1,2,45,1,1,2,1,0,0,1,83,99,1,1,13,"777777777777","777777777777","777777777777",0,0
18,180597,1,2,2,16,10,12,45,12,6,1,0,18,2,37,32,37032,4,1995,"1HGCD5650SA1","1","H","G","C","D","5","6","5","0","S","A","1",0,0,0,"000000000","00000000000",0,0,0,1,0,0,0,0,0,0,0,998,0,0,0,3,6,2,12,0,0,0,1,18,47246,6,1,0,0,3,0,69,120,0,0,0,0,0,0,0,0,0,0,38,91,0,0,1,2,55,1,1,2,1,20,3,1,17,99,1,1,87,"777777777777","777777777777","777777777777",1,0
18,180597,2,2,3,16,10,12,45,12,6,1,0,18,1,7,482,7482,31,2005,"1D7HU18N45S2","1","D","7","H","U","1","8","N","4","5","S","2",0,0,0,"000000000","00000000000",0,0,0,1,0,0,0,0,0,0,0,998,0,1,5,12,6,2,12,0,0,0,1,18,47246,6,1,0,0,3,3,74,250,0,0,0,0,0,0,0,0,0,0,0,0,0,0,1,2,55,1,1,2,1,0,0,1,17,7,1,1,86,"777777777777","777777777777","777777777777",0,0
18,180598,1,2,1,19,10,10,37,12,1,1,0,18,1,20,2,20002,4,2010,"2G1WA5EK2A11","2","G","1","W","A","5","E","K","2","A","1","1",0,0,0,"000000000","00000000000",0,0,0,1,0,0,0,0,0,0,0,998,0,0,0,12,6,2,12,0,0,0,1,18,46979,1,1,0,0,2,3,68,283,0,0,0,0,2,11,2013,3,2015,0,8,26,0,0,1,2,30,1,1,2,1,1,3,1,59,99,1,1,32,"777777777777","777777777777","777777777777",1,0
18,180598,2,2,1,19,10,10,37,12,1,1,0,40,2,51,881,51881,66,2010,"4V4MC9EH6AN2","4","V","4","M","C","9","E","H","6","A","N","2",1,1,57,"001421875","57001421875",3,6,1,1,0,0,0,0,0,0,0,998,0,0,0,6,6,2,12,0,0,0,1,18,47906,6,1,6,1,3,0,71,210,0,0,0,0,0,0,0,0,0,0,0,0,0,0,1,2,30,1,1,2,1,1,3,1,53,99,1,1,32,"888888888888","777777777777","777777777777",0,0
18,180599,1,2,5,17,9,9,52,12,2,1,0,18,1,12,17,12017,4,2006,"1FAFP53U16A1","1","F","A","F","P","5","3","U","1","6","A","1",0,0,0,"000000000","00000000000",0,0,0,1,0,0,0,0,0,0,0,998,0,0,0,12,6,2,12,0,0,0,1,18,47136,6,1,0,0,3,0,62,142,0,0,0,0,0,0,0,0,0,0,28,86,0,0,1,2,45,2,1,2,2,0,0,14,10,99,1,2,50,"777777777777","777777777777","777777777777",1,0
18,180599,2,2,6,17,9,9,52,12,2,1,0,18,1,18,441,18441,20,2006,"5GADV33LX6D1","5","G","A","D","V","3","3","L","X","6","D","1",0,0,0,"000000000","00000000000",0,0,0,1,0,0,0,0,0,0,0,998,0,0,0,12,6,2,12,0,0,0,1,18,47591,6,1,0,0,3,3,65,170,0,0,0,0,0,0,0,0,0,0,0,0,0,0,1,2,45,3,1,2,2,0,0,14,62,99,1,1,51,"777777777777","777777777777","777777777777",0,0
18,180600,1,1,1,16,10,19,55,8,0,1,0,18,2,12,13,12013,4,2001,"3FAFP13P51R1","3","F","A","F","P","1","3","P","5","1","R","1",0,0,0,"000000000","00000000000",0,0,0,1,0,0,0,0,0,0,0,998,0,0,0,12,6,2,8,0,0,0,1,18,46407,6,1,0,0,3,3,74,215,1,0,0,0,0,9,2014,9,2014,0,0,0,0,0,1,3,30,1,1,2,1,0,0,1,80,15,1,1,13,"777777777777","777777777777","777777777777",0,0
18,180601,1,2,1,20,10,13,21,12,6,1,0,21,1,37,32,37032,4,2006,"1HGCM56326A1","1","H","G","C","M","5","6","3","2","6","A","1",0,0,0,"000000000","00000000000",0,0,0,1,0,0,0,0,0,0,0,998,0,0,0,11,6,2,12,0,0,0,1,21,40219,6,1,0,0,3,0,67,131,1,0,0,0,0,5,2013,5,2013,4,28,58,87,0,1,2,55,4,2,2,2,0,0,14,5,99,2,2,66,"777777777777","777777777777","777777777777",1,0
18,180601,2,2,1,20,10,13,21,12,6,1,0,18,1,20,39,20039,4,2009,"KL1TD56E19B6","K","L","1","T","D","5","6","E","1","9","B","6",0,0,0,"000000000","00000000000",0,0,0,1,0,0,0,0,0,0,0,998,0,0,0,11,6,2,12,0,0,0,1,18,47170,1,7,0,0,2,0,65,116,0,3,0,0,1,7,2012,2,2013,0,91,87,0,0,1,2,55,4,2,2,2,0,0,14,62,99,1,1,66,"777777777777","777777777777","777777777777",0,0
18,180602,1,3,1,21,10,14,15,25,0,1,0,18,1,7,472,7472,30,2008,"1D7HW32K08S5","1","D","7","H","W","3","2","K","0","8","S","5",0,0,0,"000000000","00000000000",0,0,0,1,0,0,0,0,0,0,0,998,0,0,0,12,6,2,25,0,0,0,1,18,47720,1,1,0,0,2,2,75,170,0,0,0,0,2,3,2012,7,2013,3,28,74,0,0,3,3,55,1,1,1,1,0,0,15,12,99,1,4,6,"777777777777","777777777777","777777777777",1,0
18,180602,2,3,1,21,10,14,15,25,0,1,0,18,1,49,40,49040,4,2007,"JTNBE46K1730","J","T","N","B","E","4","6","K","1","7","3","0",0,0,0,"000000000","00000000000",0,0,0,1,0,0,0,0,0,0,0,998,0,0,0,12,4,3,12,0,0,0,1,18,47720,6,1,0,0,3,3,64,125,0,0,0,0,0,0,0,0,0,0,0,0,0,0,2,3,55,1,1,1,1,0,0,1,62,99,1,1,98,"777777777777","777777777777","777777777777",0,0
18,180602,3,3,1,21,10,14,15,25,0,1,0,18,2,6,43,6043,4,2008,"1C3LC46K18N1","1","C","3","L","C","4","6","K","1","8","N","1",0,0,0,"000000000","00000000000",0,0,0,1,0,0,0,0,0,0,0,998,0,0,0,12,4,3,12,0,0,0,1,18,47712,1,1,0,0,2,2,69,143,0,0,0,0,0,0,0,0,0,0,74,0,0,0,2,3,55,1,1,1,1,0,0,1,62,99,1,1,98,"777777777777","777777777777","777777777777",0,0
18,180603,1,1,4,27,7,4,5,5,0,1,0,18,2,12,481,12481,31,2000,"1FTRX18L1YNB","1","F","T","R","X","1","8","L","1","Y","N","B",0,0,0,"000000000","00000000000",0,0,0,1,0,0,0,0,0,0,0,998,0,0,0,0,0,5,5,0,0,0,1,18,47240,6,1,0,0,3,3,69,172,0,0,0,0,0,0,0,0,0,0,0,0,0,0,1,2,30,1,1,2,1,0,0,1,98,99,1,1,0,"777777777777","777777777777","777777777777",1,0
18,180604,1,1,1,22,10,0,24,30,0,1,0,18,2,12,17,12017,4,2002,"1FAFP55U02G1","1","F","A","F","P","5","5","U","0","2","G","1",0,0,0,"000000000","00000000000",0,0,0,1,0,0,0,0,0,0,0,998,0,0,0,9,6,2,30,0,0,0,1,18,46259,1,1,8,0,2,2,72,155,0,4,0,1,2,12,2014,10,2015,3,74,8,0,0,1,2,40,1,2,2,1,0,0,1,13,99,1,4,1,"777777777777","777777777777","777777777777",1,1
18,180605,1,1,1,23,10,2,15,34,0,1,0,18,1,12,481,12481,31,2004,"1FTPW14554FA","1","F","T","P","W","1","4","5","5","4","F","A",0,0,0,"000000000","00000000000",0,0,0,1,0,0,0,0,0,0,0,998,0,1,5,11,6,2,1,0,0,0,1,18,47648,1,1,0,0,2,2,74,180,1,1,1,0,1,3,2013,5,2014,3,74,58,0,0,1,2,55,1,2,2,1,0,0,1,12,99,1,4,6,"777777777777","777777777777","777777777777",1,1
18,180606,1,1,1,24,10,3,30,42,0,1,0,18,1,12,3,12003,2,2006,"1ZVFT82H7651","1","Z","V","F","T","8","2","H","7","6","5","1",0,0,0,"000000000","00000000000",0,0,0,1,0,0,0,0,0,0,0,998,0,0,0,12,6,2,42,0,0,0,1,18,46167,1,1,0,0,2,2,69,162,0,1,0,1,0,9,2013,9,2013,0,28,74,0,0,1,2,50,1,1,2,1,0,0,1,13,99,1,4,1,"777777777777","777777777777","777777777777",1,0
18,180607,1,1,1,10,10,10,45,8,0,1,1,99,9,99,999,99999,99,9999,"999999999999","9","9","9","9","9","9","9","9","9","9","9","9",9,0,99,"999999999","99999999999",9,99,99,1,0,0,0,0,0,0,0,998,0,0,0,12,4,5,8,0,0,0,1,99,99999,9,9,99,9,9,9,999,999,99,99,99,99,99,99,9999,99,9999,0,0,0,0,0,2,2,65,1,1,1,1,0,0,1,81,99,1,1,13,"777777777777","777777777777","777777777777",0,0
18,180608,1,2,1,24,10,4,18,8,0,1,0,26,1,35,43,35043,4,2002,"3N1CB51D52L6","3","N","1","C","B","5","1","D","5","2","L","6",0,0,0,"000000000","00000000000",0,0,0,1,0,0,0,0,0,0,0,998,0,0,0,12,6,2,8,0,0,0,1,26,49120,6,1,0,0,3,0,72,241,0,0,0,0,0,0,0,0,0,0,81,0,0,0,1,2,45,1,1,2,1,0,0,1,80,99,1,1,13,"777777777777","777777777777","777777777777",0,0
18,180608,2,2,1,24,10,4,18,8,0,1,1,99,9,99,999,99999,99,9999,"999999999999","9","9","9","9","9","9","9","9","9","9","9","9",9,0,0,"000000000","00000000000",9,0,0,1,0,0,0,0,99,99,9,998,9,0,0,12,9,5,8,99,99,0,1,99,99999,9,9,99,9,9,9,999,999,99,99,99,99,99,99,9999,99,9999,0,99,99,99,99,1,2,45,1,1,2,1,0,0,1,80,99,1,1,98,"777777777777","777777777777","777777777777",0,0
18,180609,1,3,2,17,10,16,8,12,6,1,0,18,1,37,706,37706,80,2006,"JH2SC57046M2","J","H","2","S","C","5","7","0","4","6","M","2",0,0,0,"000000000","00000000000",0,0,0,1,0,0,0,0,0,0,0,998,0,0,0,12,6,2,12,0,0,0,1,18,47150,6,1,0,0,3,0,66,160,0,0,0,1,1,4,2016,7,2016,3,0,0,0,0,1,2,30,1,1,2,1,0,0,1,17,99,1,1,69,"777777777777","777777777777","777777777777",1,0
18,180609,2,3,1,17,10,16,8,12,6,1,0,18,2,20,482,20482,31,2012,"3GNTKGE79CG1","3","G","N","T","K","G","E","7","9","C","G","1",0,0,0,"000000000","00000000000",0,0,0,1,0,0,0,0,0,0,0,998,0,0,0,11,6,2,12,0,0,0,1,18,47150,6,1,0,0,3,3,76,250,0,0,0,0,0,0,0,0,0,0,0,0,0,0,1,2,30,1,1,2,1,20,3,11,15,99,1,1,68,"777777777777","777777777777","777777777777",0,0
18,180609,3,3,1,17,10,16,8,12,6,1,0,21,1,53,705,53705,80,2001,"JS1GR7HA5121","J","S","1","G","R","7","H","A","5","1","2","1",0,0,0,"000000000","00000000000",0,0,0,1,0,0,0,0,0,0,0,998,0,0,0,12,6,2,12,0,0,0,1,21,40484,6,1,0,0,3,0,73,175,0,0,0,0,0,0,0,0,0,3,0,0,0,0,1,2,30,1,1,2,1,0,0,1,17,99,1,1,98,"777777777777","777777777777","777777777777",0,0
18,180610,1,5,1,22,10,19,40,12,8,1,0,21,1,20,404,20404,14,2014,"1GNALBEK2EZ1","1","G","N","A","L","B","E","K","2","E","Z","1",0,0,0,"000000000","00000000000",0,0,0,1,0,0,0,0,0,0,0,998,0,0,0,11,6,2,12,0,0,0,1,18,47129,1,1,0,0,2,0,69,165,0,0,1,1,3,6,2012,8,2016,0,28,91,0,0,1,4,35,1,2,2,1,0,0,1,11,99,1,2,66,"777777777777","777777777777","777777777777",0,0
18,180610,2,5,1,22,10,19,40,12,8,1,0,18,1,49,404,49404,14,2008,"JTEBU11F78K0","J","T","E","B","U","1","1","F","7","8","K","0",0,0,0,"000000000","00000000000",0,0,0,1,0,0,0,0,0,0,0,998,0,0,0,9,6,2,12,0,0,0,1,18,46582,6,1,0,0,3,0,72,195,0,0,0,0,0,0,0,0,0,0,0,0,0,0,1,4,35,1,2,2,1,0,0,1,62,99,1,1,66,"777777777777","777777777777","777777777777",0,0
18,180610,3,5,1,22,10,19,40,12,8,1,0,18,1,73,705,73705,80,2006,"JKBZXJC126A0","J","K","B","Z","X","J","C","1","2","6","A","0",0,0,0,"000000000","00000000000",0,0,0,1,0,0,0,0,0,0,0,998,0,0,0,12,6,2,12,0,0,0,1,18,47129,6,1,0,0,2,0,72,220,0,0,0,1,0,4,2012,4,2012,0,0,0,0,0,1,4,35,1,2,2,1,0,0,1,62,99,1,1,98,"777777777777","777777777777","777777777777",1,0
18,180610,4,5,1,22,10,19,40,12,8,1,0,18,2,76,705,76705,80,2000,"JYARJ04E1YA0","J","Y","A","R","J","0","4","E","1","Y","A","0",0,0,0,"000000000","00000000000",0,0,0,1,0,0,0,0,0,0,0,998,0,0,0,12,6,2,12,0,0,0,1,21,40258,6,1,0,0,3,0,71,200,0,0,0,1,0,9,2016,9,2016,0,0,0,0,0,1,4,35,1,2,2,1,0,0,1,63,99,1,1,98,"777777777777","777777777777","777777777777",0,0
18,180610,5,5,1,22,10,19,40,12,8,1,0,18,2,37,705,37705,80,2003,"JH2PC35073M4","J","H","2","P","C","3","5","0","7","3","M","4",0,0,0,"000000000","00000000000",0,0,0,1,0,0,0,0,0,0,0,998,0,0,0,12,6,2,12,0,0,0,1,18,47129,6,1,0,0,2,0,69,115,0,0,0,0,2,1,2013,6,2013,0,0,0,0,0,1,4,35,1,2,2,1,0,0,1,63,99,1,1,98,"777777777777","777777777777","777777777777",0,0
18,180611,1,2,2,20,10,20,19,12,6,1,0,18,1,18,7,18007,4,1999,"2G4WS52M3X16","2","G","4","W","S","5","2","M","3","X","1","6",0,0,0,"000000000","00000000000",0,0,0,1,0,0,0,0,0,0,0,998,0,0,0,1,6,2,12,0,0,0,1,18,46235,6,2,0,0,3,3,63,170,0,0,0,0,0,0,0,0,0,0,39,91,0,0,1,2,45,1,3,2,2,20,3,1,17,99,1,1,66,"777777777777","777777777777","777777777777",1,0
18,180611,2,2,1,20,10,20,19,12,6,1,0,18,1,12,24,12024,6,2015,"2FMTK4J88FBB","2","F","M","T","K","4","J","8","8","F","B","B",0,0,0,"000000000","00000000000",0,0,0,1,0,0,0,0,0,0,0,998,0,0,0,11,6,2,12,0,0,0,1,18,46163,6,1,0,0,3,3,67,185,0,0,0,0,0,0,0,0,0,0,0,0,0,0,2,2,45,1,3,2,2,1,3,1,17,99,1,1,66,"777777777777","777777777777","777777777777",0,0
18,180612,1,1,1,12,10,9,35,18,0,1,0,18,1,23,402,23402,14,2013,"2GKALUEK5D61","2","G","K","A","L","U","E","K","5","D","6","1",0,0,0,"000000000","00000000000",0,0,0,1,0,0,0,0,0,0,0,998,0,0,0,12,6,2,8,0,0,0,1,18,46410,6,1,0,0,3,3,68,180,0,0,0,0,0,0,0,0,0,0,0,0,0,0,3,3,55,1,1,1,1,0,0,1,13,98,1,4,1,"777777777777","777777777777","777777777777",0,0
18,180613,1,2,1,28,10,19,39,12,6,1,0,18,1,20,481,20481,31,1995,"2GCEC19K9S12","2","G","C","E","C","1","9","K","9","S","1","2",0,0,0,"000000000","00000000000",0,0,0,1,0,0,0,0,0,0,0,998,0,0,0,12,6,2,12,0,0,0,1,18,47921,6,1,5,0,3,3,74,233,0,0,0,0,0,0,0,0,0,0,0,0,0,0,2,2,60,1,1,1,1,0,0,1,17,99,1,1,86,"777777777777","777777777777","777777777777",1,0