"STATE","ST_CASE","VEH_NO","VE_FORMS","NUMOCCS","DAY","MONTH","HOUR","MINUTE","HARM_EV","MAN_COLL","UNITTYPE","HIT_RUN","REG_STAT","OWNER","MAKE","MODEL","MAK_MOD","BODY_TYP","MOD_YEAR","VIN","VIN_1","VIN_2","VIN_3","VIN_4","VIN_5","VIN_6","VIN_7","VIN_8","VIN_9","VIN_10","VIN_11","VIN_12","TOW_VEH","J_KNIFE","MCARR_I1","MCARR_I2","MCARR_ID","GVWR","V_CONFIG","CARGO_BT","HAZ_INV","HAZ_PLAC","HAZ_ID","HAZ_CNO","HAZ_REL","BUS_USE","SPEC_USE","EMER_USE","TRAV_SP","UNDERIDE","ROLLOVER","ROLINLOC","IMPACT1","DEFORMED","TOWED","M_HARM","VEH_SC1","VEH_SC2","FIRE_EXP","DR_PRES","L_STATE","DR_ZIP","L_STATUS","L_TYPE","CDL_STAT","L_ENDORS","L_COMPL","L_RESTRI","DR_HGT","DR_WGT","PREV_ACC","PREV_SUS","PREV_DWI","PREV_SPD","PREV_OTH","FIRST_MO","FIRST_YR","LAST_MO","LAST_YR","SPEEDREL","DR_SF1","DR_SF2","DR_SF3","DR_SF4","VTRAFWAY","VNUM_LAN","VSPD_LIM","VALIGN","VPROFILE","VPAVETYP","VSURCOND","VTRAFCON","VTCONT_F","P_CRASH1","P_CRASH2","P_CRASH3","PCRASH4","PCRASH5","ACC_TYPE","TRLR1VIN","TRLR2VIN","TRLR3VIN","DEATHS","DR_DRINK"
18,180759,1,1,1,20,12,18,1,8,0,1,0,18,1,20,444,20444,20,2007,"1GNDU23107D1","1","G","N","D","U","2","3","1","0","7","D","1",0,0,0,"000000000","00000000000",0,0,0,1,0,0,0,0,0,0,0,998,0,0,0,1,2,5,8,0,0,0,1,18,46060,6,1,0,0,3,3,67,148,0,0,0,0,0,0,0,0,0,0,0,0,0,0,1,4,30,1,1,2,1,0,0,1,80,99,1,1,13,"777777777777","777777777777","777777777777",0,0
18,180760,1,2,1,17,12,1,33,12,2,1,0,18,2,12,22,12022,6,2006,"1FMZK02136GA","1","F","M","Z","K","0","2","1","3","6","G","A",0,0,0,"000000000","00000000000",0,0,0,1,0,0,0,0,0,0,0,998,0,0,0,12,6,2,12,0,0,0,1,18,47713,1,1,0,0,2,0,999,999,0,0,0,0,1,12,2015,12,2015,0,50,0,0,0,2,2,60,1,1,1,2,0,0,1,54,99,1,1,52,"777777777777","777777777777","777777777777",0,0
18,180760,2,2,3,17,12,1,33,12,2,1,0,18,2,7,26,7026,4,2010,"1B3CC4FB0AN1","1","B","3","C","C","4","F","B","0","A","N","1",0,0,0,"000000000","00000000000",0,0,0,1,0,0,0,0,0,0,0,998,0,0,0,12,6,2,12,0,0,0,1,18,47601,6,1,0,0,3,3,66,158,0,0,0,3,2,12,2013,9,2016,0,0,0,0,0,2,2,60,1,1,1,2,0,0,1,54,99,1,1,52,"777777777777","777777777777","777777777777",1,0
18,180761,1,2,1,15,12,9,15,34,0,1,0,55,2,12,461,12461,21,1999,"1FMNE31L7XHC","1","F","M","N","E","3","1","L","7","X","H","C",0,0,0,"000000000","00000000000",0,0,0,1,0,0,0,0,0,0,0,998,0,1,1,12,6,2,12,0,0,0,1,55,53404,6,1,0,0,3,3,75,180,0,0,0,0,1,11,2015,11,2015,0,27,87,0,0,2,2,70,1,3,2,4,0,0,1,12,99,1,4,6,"777777777777","777777777777","777777777777",1,0
18,180761,2,2,1,15,12,9,15,34,0,1,0,20,3,51,881,51881,66,1998,"4VHWDBGH1WN7","4","V","H","W","D","B","G","H","1","W","N","7",1,1,57,"71902","5771902",3,6,6,1,0,0,0,0,0,0,0,998,0,0,0,12,6,2,12,0,0,0,1,26,99999,9,9,99,9,9,9,999,999,99,99,99,99,99,99,9999,99,9999,0,0,0,0,0,2,2,70,1,3,2,4,0,0,1,64,99,1,1,98,"888888888888","777777777777","777777777777",0,0
18,180762,1,1,1,22,12,5,50,8,0,1,0,26,1,20,422,20422,15,2005,"3GNFK16Z25G2","3","G","N","F","K","1","6","Z","2","5","G","2",0,0,0,"000000000","00000000000",0,0,0,1,0,0,0,0,0,0,0,998,0,0,0,12,9,3,8,0,0,0,1,26,99999,9,9,99,9,9,9,999,999,99,99,99,99,99,99,9999,99,9999,4,35,0,0,0,1,2,55,1,1,2,3,0,0,6,80,99,1,1,13,"777777777777","777777777777","777777777777",0,0
18,180763,1,2,1,22,12,17,38,12,2,1,0,18,1,7,20,7020,4,2005,"1B3ES56C55D1","1","B","3","E","S","5","6","C","5","5","D","1",0,0,0,"000000000","00000000000",0,0,0,1,0,0,0,0,0,0,0,998,0,0,0,12,6,2,12,0,0,0,1,18,46375,6,1,0,0,3,3,68,190,0,0,1,3,7,3,2012,12,2013,0,28,0,0,0,1,2,45,1,1,2,1,0,0,1,10,99,1,2,50,"777777777777","777777777777","777777777777",1,1
18,180763,2,2,1,22,12,17,38,12,2,1,0,18,2,18,24,18024,6,2012,"5GAKRCED0CJ1","5","G","A","K","R","C","E","D","0","C","J","1",0,0,0,"000000000","00000000000",0,0,0,1,0,0,0,0,0,0,0,998,0,0,0,12,6,2,12,0,0,0,1,17,60409,6,1,0,0,3,0,70,200,0,0,0,1,0,2,2012,2,2012,0,0,0,0,0,1,2,45,1,1,2,1,0,0,1,62,99,1,1,51,"777777777777","777777777777","777777777777",0,0
18,180764,1,2,1,13,12,7,0,53,0,1,0,18,1,20,481,20481,31,1990,"1GCDK14K2LZ1","1","G","C","D","K","1","4","K","2","L","Z","1",0,0,0,"000000000","00000000000",0,0,0,1,0,0,0,0,0,0,0,998,0,0,0,12,6,2,12,0,0,0,1,18,47040,6,2,0,0,3,0,72,230,0,0,0,0,0,0,0,0,0,4,28,87,0,0,1,2,55,1,1,2,2,0,0,1,6,99,1,4,1,"777777777777","777777777777","777777777777",0,0
18,180764,2,2,1,13,12,7,0,53,0,1,0,18,2,7,20,7020,4,2005,"1B3ES56C15D2","1","B","3","E","S","5","6","C","1","5","D","2",0,0,0,"000000000","00000000000",0,0,0,1,0,0,0,0,0,0,0,998,0,0,0,11,6,2,12,0,0,0,1,18,47031,6,2,0,0,3,0,63,125,0,0,0,0,0,0,0,0,0,0,0,0,0,0,1,2,55,1,1,2,2,0,0,1,62,99,1,1,98,"777777777777","777777777777","777777777777",1,0
18,180765,1,1,1,24,12,2,41,35,0,1,0,18,2,2,405,2405,14,2002,"1J4GL48KX2W3","1","J","4","G","L","4","8","K","X","2","W","3",0,0,0,"000000000","00000000000",0,0,0,1,0,0,0,0,0,0,0,998,0,1,5,1,6,2,1,0,0,0,1,18,46808,1,1,0,0,2,0,71,200,0,11,0,0,4,5,2012,7,2016,4,0,0,0,0,1,2,35,4,2,2,3,0,0,14,19,99,1,4,98,"777777777777","777777777777","777777777777",1,0
18,180766,1,1,1,24,12,1,20,10,0,1,0,18,1,12,23,12023,4,2007,"3FAHP08117R2","3","F","A","H","P","0","8","1","1","7","R","2",0,0,0,"000000000","00000000000",0,0,0,1,0,0,0,0,0,0,0,998,0,0,0,6,6,2,10,0,0,0,1,18,46055,6,1,0,0,3,0,71,200,0,0,0,0,0,0,0,0,0,0,39,0,0,0,1,2,30,9,9,2,2,65,1,10,98,99,1,1,98,"777777777777","777777777777","777777777777",1,0
18,180768,1,1,2,25,12,6,23,18,0,1,0,18,2,22,32,22032,6,2004,"5Y2SL62824Z4","5","Y","2","S","L","6","2","8","2","4","Z","4",0,0,0,"000000000","00000000000",0,0,0,1,0,0,0,0,0,0,0,998,0,1,5,1,6,2,1,0,0,0,1,18,47421,6,1,0,0,3,3,70,245,0,0,0,0,0,0,0,0,0,0,87,0,0,0,2,2,45,1,1,2,2,0,0,1,5,99,9,4,2,"777777777777","777777777777","777777777777",1,0
18,180769,1,1,3,25,12,15,10,1,0,1,0,18,2,20,441,20441,20,2003,"1GNEL19X93B1","1","G","N","E","L","1","9","X","9","3","B","1",0,0,0,"000000000","00000000000",0,0,0,1,0,0,0,0,0,0,0,998,0,2,5,0,6,2,1,0,0,0,1,18,47243,6,1,0,0,3,3,63,200,0,0,0,0,0,0,0,0,0,0,28,58,0,0,1,2,55,4,3,2,2,0,0,14,12,99,3,4,7,"777777777777","777777777777","777777777777",1,0
18,180770,1,1,1,25,12,19,18,42,0,1,0,18,2,7,472,7472,31,2002,"1B7FL46X02S5","1","B","7","F","L","4","6","X","0","2","S","5",0,0,0,"000000000","00000000000",0,0,0,1,0,0,0,0,0,0,0,998,0,0,0,11,6,2,42,0,0,0,1,18,47978,6,1,0,0,3,0,76,190,0,0,0,0,0,0,0,0,0,0,28,8,0,0,1,2,55,1,1,2,2,0,0,1,12,99,1,4,6,"777777777777","777777777777","777777777777",1,0
18,180771,1,1,2,20,12,19,39,42,0,1,0,18,2,63,33,63033,5,2008,"KNAFE1620850","K","N","A","F","E","1","6","2","0","8","5","0",0,0,0,"000000000","00000000000",0,0,0,1,0,0,0,0,0,0,0,998,0,0,0,9,6,2,42,0,0,0,1,18,46530,6,2,0,0,3,0,73,165,0,0,0,0,0,0,0,0,0,4,87,0,0,0,1,2,40,1,1,2,4,0,0,1,6,99,5,4,2,"777777777777","777777777777","777777777777",1,0
18,180772,1,1,1,23,12,23,46,18,0,1,0,18,2,37,31,37031,4,2006,"1HGFA15576L1","1","H","G","F","A","1","5","5","7","6","L","1",0,0,0,"000000000","00000000000",0,0,0,1,0,0,0,0,0,0,0,998,0,0,0,7,6,2,42,0,0,0,1,18,46220,6,7,0,0,3,0,70,170,0,0,0,0,0,0,0,0,0,0,58,0,0,0,1,2,35,1,1,2,2,0,0,1,9,99,2,4,2,"777777777777","777777777777","777777777777",1,0
18,180773,1,2,1,24,12,13,13,12,6,1,0,18,2,6,43,6043,4,2002,"1C3EL46X92N2","1","C","3","E","L","4","6","X","9","2","N","2",0,0,0,"000000000","00000000000",0,0,0,1,0,0,0,0,0,0,0,998,0,0,0,12,6,2,12,0,0,0,1,18,46953,6,1,0,0,3,0,66,230,0,0,0,0,0,0,0,0,0,0,38,91,0,0,1,2,25,1,1,1,2,20,3,1,17,1,1,1,88,"777777777777","777777777777","777777777777",0,0
18,180773,2,2,3,24,12,13,13,12,6,1,0,18,2,7,482,7482,31,2009,"1D3HV13T29S7","1","D","3","H","V","1","3","T","2","9","S","7",0,0,0,"000000000","00000000000",0,0,0,1,0,0,0,0,0,0,0,998,0,0,0,9,6,2,12,0,0,0,1,18,46953,6,1,0,0,3,0,66,230,0,0,0,0,0,0,0,0,0,0,0,0,0,0,5,5,45,1,1,1,2,0,0,1,17,99,1,1,89,"777777777777","777777777777","777777777777",1,0
18,180774,1,1,1,27,12,18,25,42,0,1,0,18,1,23,481,23481,31,2000,"2GTEK19T8Y11","2","G","T","E","K","1","9","T","8","Y","1","1",0,0,0,"000000000","00000000000",0,0,0,1,0,0,0,0,0,0,0,998,0,0,0,11,6,2,42,0,0,0,1,18,46779,1,1,0,0,2,0,70,180,0,1,1,0,1,3,2016,3,2016,0,0,0,0,0,1,2,50,1,1,2,1,0,0,1,13,99,1,4,1,"777777777777","777777777777","777777777777",1,0
18,180775,1,2,2,4,11,22,42,12,1,1,0,18,1,49,50,49050,3,2007,"JTKDE1773701","J","T","K","D","E","1","7","7","3","7","0","1",0,0,0,"000000000","00000000000",0,0,0,1,0,0,0,0,0,0,0,998,0,0,0,6,6,2,42,0,0,1,1,18,47331,6,1,0,0,3,0,67,155,0,0,0,0,0,0,0,0,0,2,8,51,0,0,1,2,55,2,1,2,1,0,0,14,11,99,1,2,32,"777777777777","777777777777","777777777777",1,0
18,180775,2,2,1,4,11,22,42,12,1,1,0,18,1,48,38,48038,4,2002,"JF1GD67592H5","J","F","1","G","D","6","7","5","9","2","H","5",0,0,0,"000000000","00000000000",0,0,0,1,0,0,0,0,0,0,0,998,0,0,0,12,4,3,12,0,0,0,1,18,47331,6,1,0,0,3,3,72,145,0,0,0,0,1,9,2014,9,2014,2,8,0,0,0,1,2,55,2,1,2,1,0,0,14,60,99,1,1,32,"777777777777","777777777777","777777777777",0,0
18,180776,1,1,1,4,12,13,59,24,0,1,0,18,3,12,481,12481,31,2013,"1FTFX1EF9DFC","1","F","T","F","X","1","E","F","9","D","F","C",0,0,0,"000000000","00000000000",0,0,0,1,0,0,0,0,0,0,0,65,0,0,0,12,6,2,24,0,0,0,1,18,46217,1,1,0,0,2,2,72,240,0,2,0,4,0,4,2013,9,2013,4,74,0,0,0,6,1,50,3,1,2,2,0,0,16,6,99,2,4,7,"777777777777","777777777777","777777777777",1,0
18,180777,1,2,1,27,12,16,44,12,6,1,0,18,1,12,3,12003,1,1994,"1FALP45T1RF2","1","F","A","L","P","4","5","T","1","R","F","2",0,0,0,"000000000","00000000000",0,0,0,1,0,0,0,0,0,0,0,998,0,0,0,3,6,2,12,0,0,0,1,18,47122,6,1,0,0,3,0,74,290,0,0,0,0,0,0,0,0,0,0,28,0,0,0,1,2,45,1,2,2,1,0,0,1,9,99,5,2,64,"777777777777","777777777777","777777777777",1,0
18,180777,2,2,4,27,12,16,44,12,6,1,0,18,1,14,401,14401,14,2007,"4M2EU47E37UJ","4","M","2","E","U","4","7","E","3","7","U","J",0,0,0,"000000000","00000000000",0,0,0,1,0,0,0,0,0,0,0,998,0,0,0,12,6,2,12,0,0,0,1,18,47115,6,1,0,0,3,3,66,125,0,0,0,0,0,0,0,0,0,0,0,0,0,0,1,2,45,1,2,2,1,0,0,1,62,99,1,1,65,"777777777777","777777777777","777777777777",0,0
18,180778,1,3,1,28,12,12,3,12,6,1,0,18,1,12,23,12023,4,2014,"3FA6P0T94ER3","3","F","A","6","P","0","T","9","4","E","R","3",0,0,0,"000000000","00000000000",0,0,0,1,0,0,0,0,0,0,0,998,0,0,0,12,6,2,12,0,0,0,1,18,46818,6,1,0,0,3,0,70,165,0,0,0,0,0,0,0,0,0,0,39,0,0,0,3,3,40,1,1,2,1,3,3,1,17,99,1,1,69,"777777777777","777777777777","777777777777",0,0
18,180778,2,3,4,28,12,12,3,12,6,1,0,39,2,12,23,12023,4,2009,"3FAHP07Z49R1","3","F","A","H","P","0","7","Z","4","9","R","1",0,0,0,"000000000","00000000000",0,0,0,1,0,0,0,0,0,0,0,998,0,0,0,3,6,2,12,0,0,0,1,39,45898,6,1,0,0,3,0,66,160,0,0,0,0,0,0,0,0,0,0,0,0,0,0,3,3,40,1,1,2,1,3,3,11,15,99,1,1,68,"777777777777","777777777777","777777777777",1,0
18,180778,3,3,1,28,12,12,3,12,6,1,0,18,1,20,444,20444,20,2008,"1GNDV23W38D1","1","G","N","D","V","2","3","W","3","8","D","1",0,0,0,"000000000","00000000000",0,0,0,1,0,0,0,0,0,0,0,0,0,0,0,9,9,5,12,0,0,0,1,18,46733,6,1,0,0,3,0,73,240,0,0,0,0,0,0,0,0,0,0,0,0,0,0,4,3,40,1,1,2,1,3,3,5,62,99,1,1,98,"777777777777","777777777777","777777777777",0,0
18,180779,1,1,4,28,12,19,51,8,0,1,0,17,1,6,43,6043,4,2001,"1C3EL56U61N5","1","C","3","E","L","5","6","U","6","1","N","5",0,0,0,"000000000","00000000000",0,0,0,1,0,0,0,0,0,0,0,998,0,0,0,12,2,5,8,0,0,0,1,17,60409,6,1,0,0,3,3,63,160,0,0,0,0,0,0,0,0,0,0,0,0,0,0,5,3,35,1,1,2,1,0,0,15,80,99,1,1,13,"777777777777","777777777777","777777777777",0,0
18,180780,1,2,2,28,12,5,9,12,2,1,0,18,1,12,471,12471,30,2000,"1FTYR14V1YTA","1","F","T","Y","R","1","4","V","1","Y","T","A",0,0,0,"000000000","00000000000",0,0,0,1,0,0,0,0,0,0,0,998,0,0,0,12,6,2,12,32,0,0,1,18,47232,2,1,0,0,2,2,70,265,0,0,0,0,0,0,0,0,0,0,28,74,0,0,1,2,55,3,1,2,1,0,0,14,10,99,1,2,50,"777777777777","777777777777","777777777777",1,0
18,180780,2,2,1,28,12,5,9,12,2,1,0,18,3,84,884,84884,66,2006,"2HSCHSCR76C2","2","H","S","C","H","S","C","R","7","6","C","2",1,1,57,"00696741","5700696741",3,6,1,1,0,0,0,0,0,0,0,998,0,0,0,12,6,2,12,0,0,0,1,18,47978,6,1,6,0,3,0,72,190,0,0,0,0,0,0,0,0,0,0,0,0,0,0,1,2,55,2,1,2,1,0,0,14,62,99,1,1,51,"888888888888","777777777777","777777777777",0,0
18,180781,1,2,1,17,12,12,17,12,6,1,0,18,2,2,404,2404,14,1999,"1J4FF68S9XL5","1","J","4","F","F","6","8","S","9","X","L","5",0,0,0,"000000000","00000000000",0,0,0,1,0,0,0,0,0,0,0,998,0,0,0,10,6,2,12,0,0,0,1,18,47591,6,1,0,0,3,3,69,190,0,0,0,0,0,0,0,0,0,0,38,0,0,0,1,2,30,1,1,2,2,20,3,1,17,99,1,1,89,"777777777777","777777777777","777777777777",1,0
18,180781,2,2,1,17,12,12,17,12,6,1,0,18,1,12,481,12481,31,2003,"2FTRX18L03CA","2","F","T","R","X","1","8","L","0","3","C","A",0,0,0,"000000000","00000000000",0,0,0,1,0,0,0,0,0,0,0,998,0,0,0,12,6,2,12,0,0,0,1,18,47591,6,1,0,0,3,3,64,230,0,0,0,0,0,0,0,0,0,0,0,0,0,0,1,2,30,1,1,2,2,0,0,1,17,99,1,1,88,"777777777777","777777777777","777777777777",0,0
18,180782,3,3,1,16,12,22,30,14,0,1,0,18,1,23,402,23402,14,2013,"2GKFLZE31D64","2","G","K","F","L","Z","E","3","1","D","6","4",0,0,0,"000000000","00000000000",0,0,0,1,0,0,0,0,0,0,0,998,0,0,0,12,6,2,8,0,0,0,1,18,46184,6,1,0,0,3,3,62,115,0,0,0,0,0,0,0,0,0,4,87,0,0,0,6,2,55,2,1,2,4,0,0,14,12,16,2,4,7,"777777777777","777777777777","777777777777",0,0
18,180782,4,3,1,16,12,22,30,14,0,1,0,18,2,20,25,20025,4,2011,"1G1PE5S95B73","1","G","1","P","E","5","S","9","5","B","7","3",0,0,0,"000000000","00000000000",0,0,0,1,0,0,0,0,0,0,0,998,0,0,0,11,9,5,14,0,0,0,1,18,46107,6,1,0,0,3,0,72,200,0,0,0,0,0,0,0,0,0,4,87,0,0,0,6,2,55,2,1,2,4,0,0,15,13,9,1,4,98,"777777777777","777777777777","777777777777",0,0
18,180782,5,3,1,16,12,22,30,14,0,1,0,26,1,51,881,51881,66,2004,"4V4NC9TG54N3","4","V","4","N","C","9","T","G","5","4","N","3",1,2,57,"00017109","5700017109",3,6,1,1,0,0,0,0,0,0,0,998,0,0,0,0,9,5,14,0,0,0,1,26,48084,6,1,6,1,3,0,66,210,0,0,0,0,0,0,0,0,0,4,87,0,0,0,6,2,55,2,1,2,4,0,0,14,13,16,1,1,98,"888888888888","777777777777","777777777777",0,0
18,180783,1,2,1,16,12,23,30,12,9,1,1,18,1,20,481,20481,31,2000,"2GCEC19V7Y12","2","G","C","E","C","1","9","V","7","Y","1","2",0,0,0,"000000000","00000000000",0,0,0,1,0,0,0,0,0,0,0,998,0,0,0,9,6,2,12,0,0,0,1,18,46201,6,1,0,0,3,3,66,192,0,0,0,0,0,0,0,0,0,4,87,0,0,0,3,4,55,1,2,1,4,0,0,1,6,99,3,2,48,"777777777777","777777777777","777777777777",1,1
18,180783,2,2,0,16,12,23,30,12,9,1,0,99,9,99,999,99999,99,9999,"999999999999","9","9","9","9","9","9","9","9","9","9","9","9",1,1,99,"999999999","99999999999",9,99,99,1,0,0,0,0,0,0,0,998,0,0,0,6,9,5,12,0,0,0,0,0,99997,7,6,97,7,6,7,998,997,998,998,998,998,998,98,9998,98,9998,8,20,0,0,0,3,4,55,1,2,1,4,0,0,0,53,0,0,0,48,"888888888888","777777777777","777777777777",0,0
18,180784,1,1,1,31,12,15,42,1,0,1,0,18,1,37,471,37471,30,2006,"2HJYK16586H5","2","H","J","Y","K","1","6","5","8","6","H","5",0,0,0,"000000000","00000000000",0,0,0,1,0,0,0,0,0,0,0,998,0,1,5,0,6,2,1,32,0,0,1,18,47172,6,1,0,0,3,3,66,175,0,0,0,0,0,0,0,0,0,0,0,0,0,0,1,2,55,1,1,2,2,0,0,1,13,99,1,4,1,"777777777777","777777777777","777777777777",1,0
18,180785,1,2,3,30,12,6,49,12,6,1,0,18,2,12,402,12402,14,2002,"1FMYU04182KD","1","F","M","Y","U","0","4","1","8","2","K","D",0,0,0,"000000000","00000000000",0,0,0,1,0,0,0,0,0,0,0,998,0,0,0,2,6,2,12,0,0,0,1,18,46835,6,1,0,0,3,0,67,325,1,0,0,0,0,9,2013,9,2013,0,28,87,0,0,1,2,55,1,3,2,4,0,0,1,5,99,4,2,64,"777777777777","777777777777","777777777777",1,0
18,180785,2,2,1,30,12,6,49,12,6,1,0,18,3,12,461,12461,21,2008,"1FTNE24W68DA","1","F","T","N","E","2","4","W","6","8","D","A",0,0,0,"000000000","00000000000",0,0,0,1,0,0,0,0,0,0,0,998,0,0,0,12,6,2,12,0,0,0,1,18,46793,6,1,5,0,3,3,73,220,1,1,0,1,1,1,2012,7,2015,0,87,0,0,0,1,2,55,1,3,2,4,0,0,1,62,99,1,1,65,"777777777777","777777777777","777777777777",0,0
18,180786,1,2,2,25,12,18,13,12,2,1,0,18,1,6,18,6018,4,2013,"1C3CCBCG2DN7","1","C","3","C","C","B","C","G","2","D","N","7",0,0,0,"000000000","00000000000",0,0,0,1,0,0,0,0,0,0,0,998,0,0,0,12,6,2,12,0,0,1,1,18,46542,6,1,0,0,3,0,68,137,0,0,0,2,1,7,2012,12,2014,3,28,0,0,0,1,2,55,1,3,2,2,20,1,1,10,99,1,2,50,"777777777777","777777777777","777777777777",0,1
18,180786,2,2,3,25,12,18,13,12,2,1,0,18,2,20,37,20037,4,2013,"1G11A5SA5DF3","1","G","1","1","A","5","S","A","5","D","F","3",0,0,0,"000000000","00000000000",0,0,0,1,0,0,0,0,0,0,0,998,0,0,0,12,6,2,12,0,0,0,1,18,46567,6,1,6,0,3,0,70,160,0,0,0,0,0,0,0,0,0,0,0,0,0,0,1,2,55,1,3,2,2,20,1,4,62,99,1,1,51,"777777777777","777777777777","777777777777",2,0
18,180787,1,1,1,28,12,22,35,20,0,1,0,18,1,19,3,19003,4,1995,"1G6DW52P3SR7","1","G","6","D","W","5","2","P","3","S","R","7",0,0,0,"000000000","00000000000",0,0,0,1,0,0,0,0,0,0,0,998,0,0,0,12,6,2,20,32,0,0,1,18,46404,6,1,3,0,3,3,67,200,0,0,0,0,0,0,0,0,0,0,27,0,0,0,3,4,55,1,1,1,1,0,0,15,13,99,1,4,1,"777777777777","777777777777","777777777777",1,0
18,180788,1,1,1,21,8,4,0,30,0,1,0,18,1,52,46,52046,4,2003,"JA3AJ26E53U0","J","A","3","A","J","2","6","E","5","3","U","0",0,0,0,"000000000","00000000000",0,0,0,1,0,0,0,0,0,0,0,998,0,0,0,12,6,2,30,0,0,0,1,18,47304,6,1,0,0,3,3,72,174,0,0,0,0,0,0,0,0,0,0,0,0,0,0,1,2,40,1,1,2,1,0,0,1,13,99,1,4,1,"777777777777","777777777777","777777777777",1,0
18,180789,1,2,2,14,12,19,13,12,6,1,0,21,1,2,404,2404,14,2015,"1C4PJMAB6FW5","1","C","4","P","J","M","A","B","6","F","W","5",0,0,0,"000000000","00000000000",0,0,0,1,0,0,0,0,0,0,0,998,0,0,0,12,6,2,12,0,0,0,1,21,99999,9,9,99,9,9,9,999,999,99,99,99,99,99,99,9999,99,9999,0,39,0,0,0,2,2,55,1,1,2,1,3,3,1,17,99,1,1,86,"777777777777","777777777777","777777777777",1,0
18,180789,2,2,2,14,12,19,13,12,6,1,0,18,1,12,481,12481,31,2016,"1FTEW1EP7GFA","1","F","T","E","W","1","E","P","7","G","F","A",0,0,0,"000000000","00000000000",0,0,0,1,0,0,0,0,0,0,0,998,0,0,0,3,6,2,12,0,0,0,1,18,47725,6,1,0,0,3,3,71,225,0,1,0,0,1,9,2013,9,2013,0,0,0,0,0,1,2,45,1,1,2,1,3,3,1,17,1,1,1,87,"777777777777","777777777777","777777777777",0,0
18,180790,1,1,1,30,12,10,10,30,0,1,0,18,1,63,37,63037,6,2013,"KNDJT2A65D75","K","N","D","J","T","2","A","6","5","D","7","5",0,0,0,"000000000","00000000000",0,0,0,1,0,0,0,0,0,0,0,998,0,0,0,1,6,2,30,0,0,0,1,18,46168,6,1,0,0,3,0,72,260,0,0,0,0,0,0,0,0,0,0,0,0,0,0,2,5,40,1,1,2,1,0,0,1,12,99,1,4,6,"777777777777","777777777777","777777777777",1,0
18,180791,1,1,1,30,12,0,0,35,0,1,0,18,2,21,2,21002,4,1992,"1G3HY53L5NH3","1","G","3","H","Y","5","3","L","5","N","H","3",0,0,0,"000000000","00000000000",0,0,0,1,0,0,0,0,0,0,0,998,0,0,0,1,6,2,35,0,0,0,1,18,47546,6,1,0,0,3,3,72,185,0,0,0,0,0,0,0,0,0,0,27,0,0,0,1,2,45,4,2,2,1,0,0,14,13,99,1,4,1,"777777777777","777777777777","777777777777",1,0
18,180792,1,2,1,25,12,11,51,12,6,1,0,18,2,37,31,37031,4,2014,"19XFB2F55EE0","1","9","X","F","B","2","F","5","5","E","E","0",0,0,0,"000000000","00000000000",0,0,0,1,0,0,0,0,0,0,0,998,0,0,0,12,6,2,12,0,0,0,1,18,46544,6,1,0,0,3,3,67,250,0,1,0,0,3,5,2014,5,2016,0,0,0,0,0,1,3,35,1,1,2,1,20,3,1,17,99,1,1,88,"777777777777","777777777777","777777777777",0,0
18,180792,2,2,1,25,12,11,51,12,6,1,0,18,1,18,7,18007,4,1999,"2G4WS52M3X14","2","G","4","W","S","5","2","M","3","X","1","4",0,0,0,"000000000","00000000000",0,0,0,1,0,0,0,0,0,0,0,998,0,0,0,11,6,2,12,0,0,0,1,18,46544,6,1,6,0,3,0,69,200,0,0,0,0,0,0,0,0,0,0,38,0,0,0,1,2,35,1,1,2,1,20,3,1,17,99,1,1,89,"777777777777","777777777777","777777777777",1,0
18,180793,1,2,2,23,12,6,58,12,6,1,0,18,1,12,401,12401,14,2011,"1FMHK8D83BGA","1","F","M","H","K","8","D","8","3","B","G","A",0,0,0,"000000000","00000000000",0,0,0,1,0,0,0,0,0,0,0,998,0,0,0,3,6,2,12,0,0,0,1,18,46172,6,1,0,0,3,3,66,190,0,0,0,0,0,0,0,0,0,0,38,0,0,0,1,2,45,1,2,2,2,20,3,1,17,99,1,1,87,"777777777777","777777777777","777777777777",1,0
18,180793,2,2,1,23,12,6,58,12,6,1,0,18,3,84,884,84884,66,2004,"3HSCNASR34N0","3","H","S","C","N","A","S","R","3","4","N","0",1,1,57,"1084722","571084722",3,6,1,1,0,0,0,0,0,0,0,998,0,0,0,12,6,2,12,0,0,1,1,18,47955,6,1,6,1,3,3,70,210,0,0,0,0,0,0,0,0,0,0,0,0,0,0,1,2,45,1,2,2,2,0,0,1,17,99,1,1,86,"888888888888","777777777777","777777777777",1,0
18,180794,1,1,1,23,12,19,50,8,0,1,1,99,9,20,37,20037,4,9999,"999999999999","9","9","9","9","9","9","9","9","9","9","9","9",0,0,0,"000000000","00000000000",0,0,0,1,0,0,0,0,0,0,0,998,0,0,0,12,9,5,8,0,0,0,1,99,99999,9,9,99,9,9,9,999,999,99,99,99,99,99,99,9999,99,9999,0,0,0,0,0,1,4,99,1,1,2,2,0,0,1,80,99,1,1,13,"777777777777","777777777777","777777777777",0,0