"STATE","ST_CASE","VEH_NO","VE_FORMS","NUMOCCS","DAY","MONTH","HOUR","MINUTE","HARM_EV","MAN_COLL","UNITTYPE","HIT_RUN","REG_STAT","OWNER","MAKE","MODEL","MAK_MOD","BODY_TYP","MOD_YEAR","VIN","VIN_1","VIN_2","VIN_3","VIN_4","VIN_5","VIN_6","VIN_7","VIN_8","VIN_9","VIN_10","VIN_11","VIN_12","TOW_VEH","J_KNIFE","MCARR_I1","MCARR_I2","MCARR_ID","GVWR","V_CONFIG","CARGO_BT","HAZ_INV","HAZ_PLAC","HAZ_ID","HAZ_CNO","HAZ_REL","BUS_USE","SPEC_USE","EMER_USE","TRAV_SP","UNDERIDE","ROLLOVER","ROLINLOC","IMPACT1","DEFORMED","TOWED","M_HARM","VEH_SC1","VEH_SC2","FIRE_EXP","DR_PRES","L_STATE","DR_ZIP","L_STATUS","L_TYPE","CDL_STAT","L_ENDORS","L_COMPL","L_RESTRI","DR_HGT","DR_WGT","PREV_ACC","PREV_SUS","PREV_DWI","PREV_SPD","PREV_OTH","FIRST_MO","FIRST_YR","LAST_MO","LAST_YR","SPEEDREL","DR_SF1","DR_SF2","DR_SF3","DR_SF4","VTRAFWAY","VNUM_LAN","VSPD_LIM","VALIGN","VPROFILE","VPAVETYP","VSURCOND","VTRAFCON","VTCONT_F","P_CRASH1","P_CRASH2","P_CRASH3","PCRASH4","PCRASH5","ACC_TYPE","TRLR1VIN","TRLR2VIN","TRLR3VIN","DEATHS","DR_DRINK"
19,190110,1,2,1,19,5,17,22,12,1,1,0,17,1,19,18,19018,4,2010,"1G6DG5EG9A01","1","G","6","D","G","5","E","G","9","A","0","1",0,0,0,"000000000","00000000000",0,0,0,1,0,0,0,0,0,0,0,998,1,0,0,12,6,2,12,0,0,0,1,19,52722,6,1,0,0,3,3,69,150,0,3,0,0,1,7,2011,5,2016,3,26,0,0,0,2,2,65,1,1,1,1,0,0,1,51,98,1,1,24,"777777777777","777777777777","777777777777",1,0
19,190110,2,2,1,19,5,17,22,12,1,1,0,18,3,82,881,82881,66,2009,"1FUJA6CK19DA","1","F","U","J","A","6","C","K","1","9","D","A",1,1,57,"054283","57054283",3,6,1,1,0,0,0,0,0,0,0,998,0,0,0,6,6,2,12,0,0,0,1,48,75051,6,1,6,0,3,0,999,999,0,0,0,1,0,2,2012,2,2012,0,0,0,0,0,2,2,65,1,1,1,1,0,0,3,53,99,1,1,25,"1JJV532D8FL8","777777777777","777777777777",0,0
19,190111,1,2,1,26,5,12,12,12,6,1,0,19,1,98,998,98998,92,1973,"4430H076720R","4","4","3","0","H","0","7","6","7","2","0","R",1,3,0,"000000000","00000000000",0,0,0,1,0,0,0,0,0,0,0,998,0,0,0,1,6,2,12,0,0,0,1,19,52240,6,1,0,0,3,0,78,275,0,0,0,0,0,0,0,0,0,0,38,0,0,0,1,2,55,1,3,2,1,0,0,11,54,99,1,2,68,"000000000000","777777777777","777777777777",1,0
19,190111,2,2,1,26,5,12,12,12,6,1,0,19,3,85,881,85881,66,1975,"140831SGL","1","4","0","8","3","1","S","G","L","","","",1,1,57,"1361446","571361446",3,6,8,1,0,0,0,0,0,0,0,998,0,0,0,12,6,2,12,0,0,0,1,19,52772,6,1,6,0,3,0,66,175,0,0,0,0,0,0,0,0,0,0,0,0,0,0,1,2,55,1,6,2,1,0,0,1,62,98,9,9,69,"1S8AD2820C00","777777777777","777777777777",0,0
19,190112,1,1,1,27,5,1,0,42,0,1,0,19,1,37,32,37032,2,1993,"1HGCB7156PA0","1","H","G","C","B","7","1","5","6","P","A","0",0,0,0,"000000000","00000000000",0,0,0,1,0,0,0,0,0,0,0,998,0,0,0,3,6,2,42,0,0,0,1,2,50219,6,1,0,0,3,0,75,195,0,0,0,0,0,0,0,0,0,3,0,0,0,0,1,2,35,3,1,2,99,0,0,14,6,99,4,4,2,"777777777777","777777777777","777777777777",1,1
19,190113,1,1,1,31,5,5,52,21,0,1,0,19,1,22,20,22020,4,2004,"2G2WS5222412","2","G","2","W","S","5","2","2","2","4","1","2",0,0,0,"000000000","00000000000",0,0,0,1,0,0,0,0,0,0,0,998,0,0,0,12,6,2,21,0,0,0,1,19,52155,6,1,0,0,3,3,69,145,1,1,0,1,0,9,2013,9,2015,0,0,0,0,0,2,2,65,1,1,1,1,0,0,1,13,99,1,4,5,"777777777777","777777777777","777777777777",1,1
19,190114,1,1,1,25,5,17,14,57,0,1,0,19,2,72,706,72706,80,2008,"1HD1FR4128Y6","1","H","D","1","F","R","4","1","2","8","Y","6",0,0,0,"000000000","00000000000",0,0,0,1,0,0,0,0,0,0,0,998,0,0,0,99,6,2,57,0,0,0,1,19,50636,6,1,0,0,3,0,74,170,0,0,0,0,0,0,0,0,0,0,35,36,0,0,3,2,55,2,1,1,1,0,0,15,9,99,9,4,7,"777777777777","777777777777","777777777777",1,0
19,190115,1,2,1,17,4,11,51,12,6,1,0,19,1,72,706,72706,80,2004,"1HD1GPW194K3","1","H","D","1","G","P","W","1","9","4","K","3",0,0,0,"000000000","00000000000",0,0,0,1,0,0,0,0,0,0,0,998,0,0,0,12,6,2,12,0,0,0,1,19,51301,6,1,6,0,3,0,75,182,0,0,0,0,0,0,0,0,0,0,0,0,0,0,1,2,45,1,1,2,1,0,0,1,67,15,2,1,88,"777777777777","777777777777","777777777777",1,1
19,190115,2,2,2,17,4,11,51,12,6,1,0,19,1,7,472,7472,31,2006,"1D7HW48N16S5","1","D","7","H","W","4","8","N","1","6","S","5",0,0,0,"000000000","00000000000",0,0,0,1,0,0,0,0,0,0,0,998,0,0,0,11,4,3,12,0,0,0,1,19,51301,6,1,0,0,3,3,69,150,0,0,0,0,0,0,0,0,0,0,38,0,0,0,1,2,45,1,1,1,1,20,3,1,17,16,1,1,89,"777777777777","777777777777","777777777777",0,0
19,190116,1,2,1,25,5,14,55,12,6,1,0,19,1,20,2,20002,4,2011,"2G1WF5EK8B11","2","G","1","W","F","5","E","K","8","B","1","1",0,0,0,"000000000","00000000000",0,0,0,1,0,0,0,0,0,0,0,998,0,0,0,1,2,3,12,0,0,0,1,19,52732,6,1,0,0,3,0,66,160,0,0,0,0,0,0,0,0,0,0,39,0,0,0,1,2,55,1,1,1,1,21,3,1,17,99,1,1,87,"777777777777","777777777777","777777777777",0,0
19,190116,2,2,4,25,5,14,55,12,6,1,0,19,2,20,404,20404,14,2012,"2GNALDEK2C63","2","G","N","A","L","D","E","K","2","C","6","3",0,0,0,"000000000","00000000000",0,0,0,1,0,0,0,0,0,0,0,998,0,0,0,12,6,2,12,0,0,0,1,19,52302,6,1,0,0,3,0,70,190,0,0,0,0,0,0,0,0,0,9,0,0,0,0,2,3,65,1,1,2,1,40,3,1,66,99,1,1,86,"777777777777","777777777777","777777777777",1,0
19,190117,1,2,1,20,5,19,6,12,99,1,0,19,1,76,705,76705,80,2004,"JYARJ06E04A0","J","Y","A","R","J","0","6","E","0","4","A","0",0,0,0,"000000000","00000000000",0,0,0,1,0,0,0,0,0,0,0,998,0,0,0,98,6,2,12,0,0,1,1,19,52247,6,1,6,0,3,3,72,250,0,0,0,1,1,6,2011,2,2012,0,28,0,0,0,1,2,55,1,3,2,1,0,0,1,10,99,9,2,63,"777777777777","777777777777","777777777777",1,0
19,190117,2,2,4,20,5,19,6,12,99,1,0,19,1,7,442,7442,20,2008,"2D8HN54PX8R8","2","D","8","H","N","5","4","P","X","8","R","8",0,0,0,"000000000","00000000000",0,0,0,1,0,0,0,0,0,0,0,998,0,0,0,12,6,2,12,0,0,1,1,19,52240,6,1,0,0,3,0,63,140,0,0,0,0,0,0,0,0,0,0,0,0,0,0,1,2,55,1,3,2,1,0,0,1,62,99,1,1,63,"777777777777","777777777777","777777777777",0,0
19,190118,1,2,1,1,3,16,21,12,6,1,0,17,3,51,881,51881,63,2006,"4V4NC9GH56N4","4","V","4","N","C","9","G","H","5","6","N","4",1,1,57,"1842709","571842709",3,4,1,1,0,0,0,0,0,0,0,998,0,0,0,12,6,2,12,0,0,0,1,17,60056,6,1,6,0,3,0,67,165,0,1,0,0,1,11,2012,3,2013,0,0,0,0,0,1,2,55,1,1,2,1,0,0,1,68,6,1,2,88,"1GRAP0623CK2","777777777777","777777777777",0,0
19,190118,2,2,1,1,3,16,21,12,6,1,0,19,1,18,2,18002,4,2002,"1G4HR54K62U1","1","G","4","H","R","5","4","K","6","2","U","1",0,0,0,"000000000","00000000000",0,0,0,1,0,0,0,0,0,0,0,998,0,0,0,7,6,2,12,0,0,0,1,19,50278,6,1,0,0,3,3,70,175,0,0,0,0,0,0,0,0,0,0,39,0,0,0,1,2,55,1,1,1,1,20,3,99,55,99,9,1,89,"777777777777","777777777777","777777777777",1,0
19,190119,1,1,1,14,3,10,22,35,0,1,0,19,3,87,884,87884,66,2006,"1XP5DB9XX6N6","1","X","P","5","D","B","9","X","X","6","N","6",1,3,19,"S00023413","19S00023413",3,6,8,1,0,0,0,0,0,0,0,998,0,0,0,12,6,2,35,0,0,0,1,19,52037,6,1,6,0,3,0,66,190,0,0,0,0,0,0,0,0,0,0,0,0,0,0,2,2,65,1,3,2,1,0,0,1,13,99,1,4,1,"1W14503A6E22","777777777777","777777777777",1,0
19,190120,1,1,3,1,5,2,13,1,0,1,0,19,2,12,37,12037,4,2009,"1FAHP35N29W2","1","F","A","H","P","3","5","N","2","9","W","2",0,0,0,"000000000","00000000000",0,0,0,1,0,0,0,0,0,0,0,998,0,1,5,0,6,2,42,0,0,0,1,19,52172,6,1,0,0,3,3,71,160,0,0,0,0,0,0,0,0,0,3,0,0,0,0,1,2,55,3,6,2,2,0,0,14,9,99,4,4,2,"777777777777","777777777777","777777777777",1,1
19,190121,1,1,1,12,5,13,0,1,0,1,0,19,1,20,481,20481,31,1996,"1GCEK19R5TE2","1","G","C","E","K","1","9","R","5","T","E","2",0,0,0,"000000000","00000000000",0,0,0,1,0,0,0,0,0,0,0,998,0,1,5,0,6,2,1,0,0,0,1,19,50611,6,1,0,0,3,0,63,115,0,0,0,0,1,8,2014,8,2014,0,39,0,0,0,1,2,55,1,5,2,1,20,3,10,9,99,9,4,2,"777777777777","777777777777","777777777777",1,1
19,190122,1,3,3,12,6,11,40,12,6,1,0,19,2,30,47,30047,3,2002,"3VWED21C32M4","3","V","W","E","D","2","1","C","3","2","M","4",0,0,0,"000000000","00000000000",0,0,0,1,0,0,0,0,0,0,0,9,0,1,1,9,6,2,12,0,0,0,1,19,51442,6,1,0,0,3,3,62,103,0,0,0,1,1,10,2012,6,2014,3,35,0,0,0,1,2,55,1,1,2,1,0,0,6,54,6,9,2,66,"777777777777","777777777777","777777777777",2,0
19,190122,2,3,1,12,6,11,40,12,6,1,0,19,1,20,471,20471,30,2003,"1GCDT13X53K1","1","G","C","D","T","1","3","X","5","3","K","1",0,0,0,"000000000","00000000000",0,0,0,1,0,0,0,0,0,0,0,998,0,0,0,12,6,2,12,0,0,0,1,19,51442,6,1,0,0,3,0,65,140,0,0,0,0,0,0,0,0,0,0,0,0,0,0,1,2,55,1,1,2,1,0,0,1,64,99,1,1,66,"777777777777","777777777777","777777777777",0,0
19,190122,3,3,1,12,6,11,40,12,6,1,0,19,1,6,52,6052,6,2008,"3A8FY48B08T1","3","A","8","F","Y","4","8","B","0","8","T","1",0,0,0,"000000000","00000000000",0,0,0,1,0,0,0,0,0,0,0,998,0,0,0,11,6,2,12,0,0,0,1,19,51442,6,1,0,0,3,0,66,150,0,0,0,0,0,0,0,0,0,0,0,0,0,0,1,2,55,1,1,2,1,0,0,1,60,99,1,1,98,"777777777777","777777777777","777777777777",0,0
19,190123,1,1,1,1,6,21,15,9,0,1,0,19,1,35,47,35047,4,2015,"1N4AL3AP6FC4","1","N","4","A","L","3","A","P","6","F","C","4",0,0,0,"000000000","00000000000",0,0,0,1,0,0,0,0,0,0,0,998,0,0,0,12,6,2,9,0,0,0,1,19,52627,6,1,0,0,3,0,60,160,0,0,0,0,0,0,0,0,0,0,0,0,0,0,1,2,65,1,1,1,1,0,0,1,83,99,1,1,13,"777777777777","777777777777","777777777777",0,0
19,190124,1,2,1,4,6,17,25,12,6,1,0,29,1,72,706,72706,80,2007,"1HD1FF4157Y6","1","H","D","1","F","F","4","1","5","7","Y","6",0,0,0,"000000000","00000000000",0,0,0,1,0,0,0,0,0,0,0,998,0,0,0,1,6,2,12,0,0,0,1,29,64431,6,1,0,0,3,0,69,160,0,0,0,0,0,0,0,0,0,0,39,0,0,0,1,2,55,1,1,2,1,20,3,6,17,99,1,1,87,"777777777777","777777777777","777777777777",1,1
19,190124,2,2,1,4,6,17,25,12,6,1,0,19,1,6,52,6052,6,2007,"3A4FY48B37T6","3","A","4","F","Y","4","8","B","3","7","T","6",0,0,0,"000000000","00000000000",0,0,0,1,0,0,0,0,0,0,0,998,0,0,0,11,6,2,12,0,0,0,1,19,50833,6,1,0,0,3,0,60,160,0,0,0,0,0,0,0,0,0,0,0,0,0,0,1,2,55,1,1,2,1,0,0,1,66,99,1,1,86,"777777777777","777777777777","777777777777",0,0
19,190125,1,1,2,7,6,7,16,8,0,1,0,19,1,14,17,14017,4,2002,"1MEFM55S72G6","1","M","E","F","M","5","5","S","7","2","G","6",0,0,0,"000000000","00000000000",0,0,0,1,0,0,0,0,0,0,0,998,0,0,0,12,4,3,8,0,0,0,1,19,51632,6,1,0,0,3,0,73,190,0,0,0,0,0,0,0,0,0,0,0,0,0,0,1,2,55,1,6,2,1,0,0,1,80,99,1,1,13,"777777777777","777777777777","777777777777",0,0
19,190126,1,2,2,8,6,7,38,12,6,1,0,19,2,18,3,18003,4,1999,"1G4CW52K5X46","1","G","4","C","W","5","2","K","5","X","4","6",0,0,0,"000000000","00000000000",0,0,0,1,0,0,0,0,0,0,0,998,0,0,0,9,6,2,12,0,0,0,1,19,50135,6,2,0,0,3,0,69,180,0,1,0,0,0,8,2015,8,2015,0,39,0,0,0,1,2,55,1,1,4,1,20,3,11,15,99,1,2,82,"777777777777","777777777777","777777777777",1,0
19,190126,2,2,3,8,6,7,38,12,6,1,0,19,2,12,481,12481,31,2000,"2FTRX18L9YCA","2","F","T","R","X","1","8","L","9","Y","C","A",0,0,0,"000000000","00000000000",0,0,0,1,0,0,0,0,0,0,0,998,0,1,1,12,6,2,1,0,0,1,1,19,50158,6,1,0,0,3,0,68,183,0,2,0,1,2,2,2012,3,2013,0,0,0,0,0,1,2,55,1,1,5,1,0,0,1,67,99,1,1,83,"777777777777","777777777777","777777777777",0,0
19,190127,1,1,1,8,6,11,57,9,0,1,0,19,3,20,481,20481,31,1999,"1GCGK24RXXR7","1","G","C","G","K","2","4","R","X","X","R","7",0,0,0,"000000000","00000000000",0,0,0,1,0,0,0,0,0,0,0,998,0,0,0,12,4,3,9,0,0,0,1,19,50653,6,1,6,0,3,0,74,225,0,0,0,0,0,0,0,0,0,0,0,0,0,0,1,2,55,1,1,2,1,0,0,1,83,99,1,1,13,"777777777777","777777777777","777777777777",0,0
19,190128,1,1,1,9,6,22,45,42,0,1,0,19,1,72,706,72706,80,2003,"1HD1CGP483K4","1","H","D","1","C","G","P","4","8","3","K","4",0,0,0,"000000000","00000000000",0,0,0,1,0,0,0,0,0,0,0,998,0,0,0,11,6,2,42,0,0,0,1,19,50213,6,1,6,0,3,3,69,240,0,0,0,0,0,0,0,0,0,0,0,0,0,0,1,2,55,3,1,2,1,0,0,14,9,99,9,4,2,"777777777777","777777777777","777777777777",1,0
19,190129,1,4,1,10,6,6,18,12,1,1,0,19,1,49,46,49046,5,2008,"JTDKB20U2877","J","T","D","K","B","2","0","U","2","8","7","7",0,0,0,"000000000","00000000000",0,0,0,1,0,0,0,0,0,0,0,0,0,0,0,6,2,3,12,0,0,0,1,19,50010,6,1,0,0,3,3,61,200,1,0,0,0,0,8,2011,8,2011,0,0,0,0,0,2,2,65,1,1,2,1,40,3,5,50,99,1,1,98,"777777777777","777777777777","777777777777",0,0
19,190129,2,4,1,10,6,6,18,12,1,1,0,19,2,49,40,49040,4,2012,"4T1BF1FK5CU0","4","T","1","B","F","1","F","K","5","C","U","0",0,0,0,"000000000","00000000000",0,0,0,1,0,0,0,0,0,0,0,0,0,0,0,6,6,2,12,0,0,0,1,19,50592,6,1,0,0,3,3,65,165,0,0,0,0,0,0,0,0,0,0,0,0,0,0,2,2,65,1,1,2,1,40,3,5,50,99,1,1,98,"777777777777","777777777777","777777777777",0,0
19,190129,3,4,2,10,6,6,18,12,1,1,0,19,1,48,34,48034,4,2011,"4S3BMBH63B32","4","S","3","B","M","B","H","6","3","B","3","2",0,0,0,"000000000","00000000000",0,0,0,1,0,0,0,0,0,0,0,0,0,0,0,6,6,2,12,0,0,0,1,19,50023,6,1,0,0,3,3,71,160,0,0,0,0,0,0,0,0,0,0,0,0,0,0,2,2,65,1,1,2,1,40,3,5,50,99,1,1,21,"777777777777","777777777777","777777777777",1,0
19,190129,4,4,1,10,6,6,18,12,1,1,1,19,1,20,481,20481,31,2011,"3GCPKTE38BG3","3","G","C","P","K","T","E","3","8","B","G","3",0,0,0,"000000000","00000000000",0,0,0,1,0,0,0,0,0,0,0,998,0,0,0,12,6,2,12,0,0,0,1,19,50036,2,1,5,0,2,0,70,190,1,1,1,0,1,5,2015,6,2016,4,36,0,0,0,2,2,65,1,1,2,1,40,3,1,50,99,1,1,20,"777777777777","777777777777","777777777777",0,1
19,190130,1,1,1,11,6,16,56,1,0,1,0,19,1,72,706,72706,80,2004,"1HD1GNW194K3","1","H","D","1","G","N","W","1","9","4","K","3",0,0,0,"000000000","00000000000",0,0,0,1,0,0,0,0,0,0,0,998,0,0,0,0,6,2,1,0,0,0,1,19,52208,6,1,6,0,3,0,68,250,0,0,0,0,0,0,0,0,0,4,0,0,0,0,1,2,45,3,5,2,1,0,0,14,6,99,9,4,2,"777777777777","777777777777","777777777777",1,1
19,190131,1,1,1,10,6,21,8,14,0,1,0,19,2,12,17,12017,4,2002,"1FAHP56S32A1","1","F","A","H","P","5","6","S","3","2","A","1",0,0,0,"000000000","00000000000",0,0,0,1,0,0,0,0,0,0,0,998,0,0,0,12,6,2,14,0,0,0,1,19,51501,1,1,5,0,2,0,67,130,0,0,0,0,2,1,2012,1,2012,4,36,37,0,0,1,3,35,1,1,2,1,0,0,1,6,99,9,4,2,"777777777777","777777777777","777777777777",1,0
19,190132,1,2,1,16,6,3,15,11,0,1,0,19,1,20,2,20002,4,2006,"2G1WT58K9691","2","G","1","W","T","5","8","K","9","6","9","1",0,0,0,"000000000","00000000000",0,0,0,1,0,0,0,0,0,0,0,998,0,1,5,12,6,2,54,0,0,0,1,19,52601,6,1,0,0,3,0,73,165,1,0,0,1,1,7,2014,5,2015,0,0,0,0,0,1,2,55,1,1,2,1,0,0,1,98,99,9,4,98,"777777777777","777777777777","777777777777",1,0
19,190132,2,2,1,16,6,3,15,11,0,1,0,19,2,24,1,24001,4,2001,"1G8ZH52871Z3","1","G","8","Z","H","5","2","8","7","1","Z","3",0,0,0,"000000000","00000000000",0,0,0,1,0,0,0,0,0,0,0,998,0,0,0,12,2,5,11,0,0,0,1,19,52653,6,1,0,0,3,0,72,220,0,0,0,0,1,1,2012,1,2012,0,0,0,0,0,1,2,55,1,1,2,1,0,0,1,87,16,1,1,13,"777777777777","777777777777","777777777777",0,0
19,190133,1,2,1,21,5,11,6,12,6,1,0,19,2,7,442,7442,20,2000,"1B4GP44G7YB7","1","B","4","G","P","4","4","G","7","Y","B","7",0,0,0,"000000000","00000000000",0,0,0,1,0,0,0,0,0,0,0,0,0,0,0,9,6,2,12,0,0,0,1,19,52632,6,1,0,0,3,0,67,205,0,0,0,0,0,0,0,0,0,0,38,48,0,0,1,2,55,1,1,2,1,0,0,12,21,99,1,2,98,"777777777777","777777777777","777777777777",1,0
19,190133,2,2,2,21,5,11,6,12,6,1,0,29,1,49,472,49472,30,2006,"5TENX22N86Z2","5","T","E","N","X","2","2","N","8","6","Z","2",0,0,0,"000000000","00000000000",0,0,0,1,0,0,0,0,0,0,0,998,0,0,0,12,6,2,12,0,0,0,1,29,63445,6,1,0,0,3,0,68,198,0,0,0,0,0,0,0,0,0,0,0,0,0,0,1,2,55,1,1,2,1,0,0,1,61,99,1,1,98,"777777777777","777777777777","777777777777",0,0
19,190134,1,1,1,17,6,2,11,33,0,1,0,19,2,23,481,23481,31,2013,"1GT125E88DF1","1","G","T","1","2","5","E","8","8","D","F","1",0,0,0,"000000000","00000000000",0,0,0,1,0,0,0,0,0,0,0,998,0,1,6,12,6,2,42,0,0,0,1,19,50543,6,1,0,0,3,0,70,150,0,2,1,1,0,12,2011,8,2014,3,0,0,0,0,1,4,45,2,5,1,1,0,0,14,6,99,9,4,7,"777777777777","777777777777","777777777777",1,1
19,190135,1,1,1,18,6,21,41,1,0,1,0,19,1,76,706,76706,80,2002,"JYARN10E62A0","J","Y","A","R","N","1","0","E","6","2","A","0",0,0,0,"000000000","00000000000",0,0,0,1,0,0,0,0,0,0,0,998,0,0,0,0,6,2,1,0,0,0,1,19,50320,6,1,0,0,2,2,71,160,1,0,0,0,0,2,2016,2,2016,0,37,74,0,0,1,4,25,1,1,2,1,2,3,1,6,16,9,2,98,"777777777777","777777777777","777777777777",1,0
19,190136,1,1,1,19,6,23,57,42,0,1,0,19,2,49,401,49401,14,1992,"JT4RN01P2N00","J","T","4","R","N","0","1","P","2","N","0","0",0,0,0,"000000000","00000000000",0,0,0,1,0,0,0,0,0,0,0,998,0,0,0,3,6,2,42,0,0,0,1,19,52151,6,1,0,0,3,0,69,290,0,0,0,0,0,0,0,0,0,0,0,0,0,0,1,2,45,3,1,4,99,0,0,14,9,99,4,4,7,"777777777777","777777777777","777777777777",1,1
19,190137,1,2,1,15,6,14,50,12,6,1,0,19,1,37,734,37734,90,2007,"1HFTE3548740","1","H","F","T","E","3","5","4","8","7","4","0",0,0,0,"000000000","00000000000",0,0,0,1,0,0,0,0,0,0,0,998,0,0,0,12,6,2,12,0,0,0,1,19,50235,6,1,0,0,3,0,70,215,1,0,0,0,0,11,2013,11,2013,0,38,0,0,0,1,2,25,1,1,2,1,0,0,1,17,99,1,1,88,"777777777777","777777777777","777777777777",1,0
19,190137,2,2,1,15,6,14,50,12,6,1,0,19,1,12,481,12481,31,2005,"1FTRX14W05FA","1","F","T","R","X","1","4","W","0","5","F","A",0,0,0,"000000000","00000000000",0,0,0,1,0,0,0,0,0,0,0,998,0,0,0,11,6,2,12,0,0,0,1,19,50235,6,1,0,0,3,0,66,132,1,0,0,1,1,10,2014,4,2016,0,0,0,0,0,1,2,25,1,1,2,1,0,0,1,66,99,1,1,89,"777777777777","777777777777","777777777777",0,0
19,190138,1,1,1,19,6,8,57,1,0,1,0,19,1,72,706,72706,80,2004,"1HD1FSW1X4Y6","1","H","D","1","F","S","W","1","X","4","Y","6",0,0,0,"000000000","00000000000",0,0,0,1,0,0,0,0,0,0,0,998,0,0,0,0,6,2,1,0,0,0,1,19,52317,6,1,6,0,3,0,71,225,0,0,0,0,0,0,0,0,0,0,0,0,0,0,1,2,55,1,1,2,1,0,0,1,9,99,1,1,98,"777777777777","777777777777","777777777777",1,0
19,190139,1,2,1,20,6,8,50,12,2,1,0,19,1,7,442,7442,20,2006,"1D4GP24E06B6","1","D","4","G","P","2","4","E","0","6","B","6",0,0,0,"000000000","00000000000",0,0,0,1,0,0,0,0,0,0,0,998,0,0,0,12,6,2,12,0,0,0,1,19,51455,6,1,0,0,3,3,64,209,1,0,0,1,0,12,2011,1,2016,0,28,0,0,0,1,2,55,1,3,2,1,0,0,1,10,99,1,2,50,"777777777777","777777777777","777777777777",1,0
19,190139,2,2,1,20,6,8,50,12,2,1,0,19,1,20,481,20481,31,2010,"1GC3KZBG1AF1","1","G","C","3","K","Z","B","G","1","A","F","1",0,0,0,"000000000","00000000000",0,0,0,1,0,0,0,0,0,0,0,998,0,1,5,12,6,2,12,0,0,0,1,19,51466,6,1,6,0,3,3,75,225,1,0,0,0,0,6,2013,6,2013,0,0,0,0,0,2,2,55,1,3,2,1,0,0,1,62,99,1,1,51,"777777777777","777777777777","777777777777",0,0
19,190140,1,2,1,20,6,18,43,12,6,1,0,20,2,12,17,12017,4,2003,"1FAFP53U23A1","1","F","A","F","P","5","3","U","2","3","A","1",0,0,0,"000000000","00000000000",0,0,0,1,0,0,0,0,0,0,0,998,0,0,0,3,6,2,12,0,0,0,1,20,66221,6,1,0,0,3,0,76,170,1,0,0,0,0,4,2015,4,2015,0,0,0,0,0,2,2,55,1,1,2,1,40,3,1,9,99,4,6,64,"777777777777","777777777777","777777777777",1,0
19,190140,2,2,1,20,6,18,43,12,6,1,0,19,3,12,881,12881,61,2012,"1FD0X5GY2CEA","1","F","D","0","X","5","G","Y","2","C","E","A",0,0,57,"425259","57425259",2,1,98,1,0,0,0,0,0,0,0,998,0,0,0,12,6,2,12,0,0,0,1,19,52217,6,1,6,0,3,3,73,275,0,0,0,0,0,0,0,0,0,0,0,0,0,0,2,2,55,1,1,2,1,0,0,1,64,99,9,1,65,"777777777777","777777777777","777777777777",0,0
19,190141,1,3,1,23,6,18,15,12,1,1,0,19,2,20,37,20037,4,2005,"1G1ND52F65M1","1","G","1","N","D","5","2","F","6","5","M","1",0,0,0,"000000000","00000000000",0,0,0,1,0,0,0,0,0,0,0,998,0,0,0,12,6,2,12,0,0,0,1,19,50213,6,1,0,0,3,0,70,180,0,0,0,2,1,2,2015,6,2016,0,0,0,0,0,1,2,55,1,1,2,1,40,3,1,50,99,1,1,20,"777777777777","777777777777","777777777777",0,0
19,190141,2,3,1,23,6,18,15,12,1,1,0,19,1,12,23,12023,4,2012,"3FAHP0HA1CR2","3","F","A","H","P","0","H","A","1","C","R","2",0,0,0,"000000000","00000000000",0,0,0,1,0,0,0,0,0,0,0,0,0,0,0,6,6,2,12,0,0,0,1,19,50240,6,1,0,0,3,3,74,215,0,0,0,0,0,0,0,0,0,0,0,0,0,0,1,2,55,1,1,2,1,40,3,1,53,99,1,2,22,"777777777777","777777777777","777777777777",1,0
19,190141,3,3,1,23,6,18,15,12,1,1,0,17,3,51,881,51881,66,2012,"4V4NC9EH8CN5","4","V","4","N","C","9","E","H","8","C","N","5",1,1,57,"1947663","571947663",3,6,1,1,0,0,0,0,0,0,0,998,0,0,0,12,6,2,12,0,0,0,1,42,17055,6,1,6,0,3,0,72,999,0,0,0,0,2,7,2013,12,2015,0,0,0,0,0,1,2,55,1,1,2,1,40,3,1,62,99,1,1,98,"1UYVS2536FP2","777777777777","777777777777",0,0
19,190142,1,2,1,28,5,2,1,12,6,1,0,17,1,52,46,52046,4,2012,"JA32U8FW8CU0","J","A","3","2","U","8","F","W","8","C","U","0",0,0,0,"000000000","00000000000",0,0,0,1,0,0,0,0,0,0,0,998,0,0,0,12,6,2,12,0,0,0,1,17,62675,6,1,0,0,3,0,67,170,0,0,0,0,0,0,0,0,0,0,38,0,0,0,1,5,40,1,5,1,2,3,3,1,15,99,1,2,69,"777777777777","777777777777","777777777777",0,1
19,190142,2,2,4,28,5,2,1,12,6,1,0,6,4,35,47,35047,4,2015,"1N4AL3APXFC2","1","N","4","A","L","3","A","P","X","F","C","2",0,0,0,"000000000","00000000000",0,0,0,1,0,0,0,0,0,0,0,998,0,0,0,3,6,2,12,0,0,0,1,6,95660,6,1,0,0,3,0,999,999,0,0,0,0,0,0,0,0,0,0,0,0,0,0,1,5,40,1,5,1,2,3,3,11,62,99,1,1,68,"777777777777","777777777777","777777777777",1,0
19,190143,1,1,1,21,6,5,59,1,0,1,0,19,1,2,404,2404,14,2004,"1J4GW48NX4C4","1","J","4","G","W","4","8","N","X","4","C","4",0,0,0,"000000000","00000000000",0,0,0,1,0,0,0,0,0,0,0,998,0,1,5,0,6,2,1,0,0,0,1,19,51347,6,1,0,0,3,0,76,225,0,0,0,0,0,0,0,0,0,0,0,0,0,0,1,2,50,1,1,4,1,0,0,1,9,99,9,4,7,"777777777777","777777777777","777777777777",1,1