"STATE","ST_CASE","VEH_NO","VE_FORMS","NUMOCCS","DAY","MONTH","HOUR","MINUTE","HARM_EV","MAN_COLL","UNITTYPE","HIT_RUN","REG_STAT","OWNER","MAKE","MODEL","MAK_MOD","BODY_TYP","MOD_YEAR","VIN","VIN_1","VIN_2","VIN_3","VIN_4","VIN_5","VIN_6","VIN_7","VIN_8","VIN_9","VIN_10","VIN_11","VIN_12","TOW_VEH","J_KNIFE","MCARR_I1","MCARR_I2","MCARR_ID","GVWR","V_CONFIG","CARGO_BT","HAZ_INV","HAZ_PLAC","HAZ_ID","HAZ_CNO","HAZ_REL","BUS_USE","SPEC_USE","EMER_USE","TRAV_SP","UNDERIDE","ROLLOVER","ROLINLOC","IMPACT1","DEFORMED","TOWED","M_HARM","VEH_SC1","VEH_SC2","FIRE_EXP","DR_PRES","L_STATE","DR_ZIP","L_STATUS","L_TYPE","CDL_STAT","L_ENDORS","L_COMPL","L_RESTRI","DR_HGT","DR_WGT","PREV_ACC","PREV_SUS","PREV_DWI","PREV_SPD","PREV_OTH","FIRST_MO","FIRST_YR","LAST_MO","LAST_YR","SPEEDREL","DR_SF1","DR_SF2","DR_SF3","DR_SF4","VTRAFWAY","VNUM_LAN","VSPD_LIM","VALIGN","VPROFILE","VPAVETYP","VSURCOND","VTRAFCON","VTCONT_F","P_CRASH1","P_CRASH2","P_CRASH3","PCRASH4","PCRASH5","ACC_TYPE","TRLR1VIN","TRLR2VIN","TRLR3VIN","DEATHS","DR_DRINK"
19,190251,1,2,1,10,10,3,55,12,6,1,0,19,1,49,472,49472,30,2015,"5TFTX4CN6FX0","5","T","F","T","X","4","C","N","6","F","X","0",0,0,0,"000000000","00000000000",0,0,0,1,0,0,0,0,0,0,0,998,0,0,0,1,6,2,12,0,0,0,1,19,52336,6,1,6,0,3,0,68,150,0,0,0,0,0,0,0,0,0,0,39,0,0,0,6,1,70,1,1,2,1,20,3,99,17,99,1,3,87,"777777777777","777777777777","777777777777",1,0
19,190251,2,2,1,10,10,3,55,12,6,1,0,19,1,85,881,85881,66,1994,"1XKWDR9X2RS6","1","X","K","W","D","R","9","X","2","R","S","6",1,1,57,"1896","571896",3,6,8,1,0,0,0,0,0,0,0,998,0,0,0,12,4,5,12,0,0,0,1,19,52352,6,1,6,0,3,0,71,170,0,0,0,0,0,0,0,0,0,0,0,0,0,0,1,2,45,1,1,1,1,0,0,1,68,99,1,1,86,"888888888888","777777777777","777777777777",0,0
19,190252,1,1,1,11,10,6,21,11,0,1,0,17,2,23,472,23472,30,2005,"1GTDT1365581","1","G","T","D","T","1","3","6","5","5","8","1",0,0,0,"000000000","00000000000",0,0,0,1,0,0,0,0,0,0,0,998,0,0,0,12,6,2,11,0,0,0,1,19,52761,6,1,0,0,3,3,72,140,0,0,0,0,0,0,0,0,0,0,0,0,0,0,1,2,55,1,1,2,2,0,0,1,87,99,1,1,13,"777777777777","777777777777","777777777777",1,0
19,190253,1,2,2,11,10,21,33,12,2,1,0,19,2,35,47,35047,2,2010,"1N4BL2EP1AC1","1","N","4","B","L","2","E","P","1","A","C","1",0,0,0,"000000000","00000000000",0,0,0,1,0,0,0,0,0,0,0,998,0,0,0,12,6,2,12,0,0,0,1,19,50263,1,1,0,0,2,0,71,160,0,0,0,1,3,1,2014,11,2015,0,28,0,0,0,2,2,55,1,1,1,1,0,0,1,54,99,1,1,50,"777777777777","777777777777","777777777777",1,1
19,190253,2,2,2,11,10,21,33,12,2,1,0,19,2,35,401,35401,14,2016,"5N1AR2MM7GC6","5","N","1","A","R","2","M","M","7","G","C","6",0,0,0,"000000000","00000000000",0,0,0,1,0,0,0,0,0,0,0,998,0,0,0,12,6,2,12,0,0,0,1,19,50047,6,1,0,0,3,3,72,180,0,0,0,0,0,0,0,0,0,0,0,0,0,0,2,2,55,1,1,1,1,0,0,1,54,99,1,1,51,"777777777777","777777777777","777777777777",0,0
19,190254,1,2,1,17,8,11,30,12,6,1,0,19,1,18,20,18020,4,2002,"2G4WB55K8211","2","G","4","W","B","5","5","K","8","2","1","1",0,0,0,"000000000","00000000000",0,0,0,1,0,0,0,0,0,0,0,998,0,0,0,9,6,2,12,0,0,0,1,19,50401,1,1,0,0,2,0,72,190,2,1,0,0,1,8,2012,10,2015,0,38,0,0,0,1,4,35,1,1,2,1,0,0,11,15,99,1,2,82,"777777777777","777777777777","777777777777",1,0
19,190254,2,2,1,17,8,11,30,12,6,1,0,19,2,49,402,49402,14,2006,"JTMZK32V1650","J","T","M","Z","K","3","2","V","1","6","5","0",0,0,0,"000000000","00000000000",0,0,0,1,0,0,0,0,0,0,0,998,0,0,0,12,6,2,12,0,0,0,1,19,50401,6,1,0,0,3,3,74,220,0,0,0,0,0,0,0,0,0,0,0,0,0,0,1,4,35,1,1,2,1,0,0,1,67,99,1,1,83,"777777777777","777777777777","777777777777",0,0
19,190255,1,1,1,10,9,7,23,24,0,1,0,19,2,72,706,72706,80,2016,"1HD1KRM14GB6","1","H","D","1","K","R","M","1","4","G","B","6",0,0,0,"000000000","00000000000",0,0,0,1,0,0,0,0,0,0,0,998,0,0,0,12,6,2,24,0,0,0,1,19,50010,6,1,0,0,3,3,72,170,1,2,0,2,3,7,2012,5,2016,0,0,0,0,0,2,2,65,1,5,1,1,0,0,1,9,99,9,4,7,"777777777777","777777777777","777777777777",1,0
19,190256,1,2,1,12,10,5,41,12,2,1,0,17,1,49,51,49051,3,2011,"JTDJT4K34B53","J","T","D","J","T","4","K","3","4","B","5","3",0,0,0,"000000000","00000000000",0,0,0,1,0,0,0,0,0,0,0,998,0,0,0,12,6,2,12,0,0,0,1,17,61401,6,1,0,0,3,0,67,180,0,0,0,0,0,0,0,0,0,0,28,0,0,0,1,2,55,2,1,2,1,40,3,14,10,99,1,2,50,"777777777777","777777777777","777777777777",1,0
19,190256,2,2,1,12,10,5,41,12,2,1,0,19,1,20,36,20036,2,1999,"2G1WW12M1X92","2","G","1","W","W","1","2","M","1","X","9","2",0,0,0,"000000000","00000000000",0,0,0,1,0,0,0,0,0,0,0,998,0,0,0,12,6,2,12,0,0,0,1,19,52537,6,1,0,0,3,3,70,185,0,0,0,0,0,0,0,0,0,0,0,0,0,0,2,2,55,3,1,2,1,40,3,14,62,99,1,1,51,"777777777777","777777777777","777777777777",0,0
19,190257,1,2,1,10,9,15,27,12,2,1,0,19,2,23,481,23481,31,2002,"1GTGK29U62Z1","1","G","T","G","K","2","9","U","6","2","Z","1",0,0,0,"000000000","00000000000",0,0,0,1,0,0,0,0,0,0,0,998,0,0,0,12,6,2,12,0,0,0,1,19,52030,6,1,0,0,3,3,68,225,1,0,0,0,0,5,2016,5,2016,0,58,28,0,0,1,2,55,3,5,1,1,28,1,14,60,6,1,2,50,"777777777777","777777777777","777777777777",0,0
19,190257,2,2,1,10,9,15,27,12,2,1,0,19,1,20,404,20404,14,2011,"2CNFLCEC0B62","2","C","N","F","L","C","E","C","0","B","6","2",0,0,0,"000000000","00000000000",0,0,0,1,0,0,0,0,0,0,0,998,0,0,0,12,6,2,12,0,0,0,1,19,52001,6,1,0,0,3,3,64,150,0,0,0,0,1,6,2015,6,2015,0,28,0,0,0,1,2,55,2,6,1,1,28,3,14,10,99,1,2,51,"777777777777","777777777777","777777777777",1,0
19,190258,1,1,1,11,9,15,58,1,0,1,0,19,1,72,706,72706,80,1992,"1HD1CAP12NY2","1","H","D","1","C","A","P","1","2","N","Y","2",0,0,0,"000000000","00000000000",0,0,0,1,0,0,0,0,0,0,0,998,0,0,0,0,6,2,1,0,0,0,1,19,52403,6,1,6,0,3,3,67,260,0,0,0,0,0,0,0,0,0,0,0,0,0,0,2,4,45,1,1,2,1,1,3,2,6,16,9,1,98,"777777777777","777777777777","777777777777",1,0
19,190259,1,1,1,2,10,13,53,10,0,1,0,19,1,12,481,12481,31,2005,"1FTPX14585NB","1","F","T","P","X","1","4","5","8","5","N","B",1,1,0,"000000000","00000000000",0,0,0,1,0,0,0,0,0,0,0,998,0,0,0,62,6,2,10,0,0,0,1,19,52302,6,1,0,0,3,0,69,200,0,0,0,0,0,0,0,0,0,0,0,0,0,0,1,2,55,1,1,4,1,65,3,1,17,99,1,1,15,"4L5ST2024GF0","777777777777","777777777777",1,0
19,190260,1,1,1,13,10,21,0,33,0,1,0,19,1,12,37,12037,5,2005,"3FAFP37NX5R1","3","F","A","F","P","3","7","N","X","5","R","1",0,0,0,"000000000","00000000000",0,0,0,1,0,0,0,0,0,0,0,998,0,0,0,12,6,2,42,0,0,0,1,19,50022,6,1,6,0,3,0,76,250,0,0,0,0,0,0,0,0,0,3,0,0,0,0,1,3,35,1,1,1,1,0,0,1,6,99,9,4,7,"777777777777","777777777777","777777777777",1,0
19,190261,1,1,1,14,10,0,4,42,0,1,0,19,1,12,22,12022,6,2006,"1FMDK01156GA","1","F","M","D","K","0","1","1","5","6","G","A",0,0,0,"000000000","00000000000",0,0,0,1,0,0,0,0,0,0,0,998,0,0,0,12,6,2,42,0,0,1,1,19,50703,1,1,0,0,2,0,65,160,0,1,0,1,0,4,2016,7,2016,0,0,0,0,0,1,2,35,2,1,2,1,0,0,14,9,99,9,4,2,"777777777777","777777777777","777777777777",1,0
19,190262,1,1,1,14,10,7,30,30,0,1,0,19,3,7,482,7482,31,2014,"1C6RR7JT2ES1","1","C","6","R","R","7","J","T","2","E","S","1",0,0,0,"000000000","00000000000",0,0,0,1,0,0,0,0,0,0,0,998,0,1,5,12,6,2,1,0,0,0,1,19,51301,6,1,0,0,3,3,72,250,0,0,0,0,0,0,0,0,0,0,0,0,0,0,1,2,55,1,1,2,1,0,0,1,13,99,9,4,1,"777777777777","777777777777","777777777777",1,0
19,190263,1,2,1,14,10,16,56,12,6,1,0,27,2,12,481,12481,31,1995,"1FTJW36F2SEA","1","F","T","J","W","3","6","F","2","S","E","A",0,0,0,"000000000","00000000000",0,0,0,1,0,0,0,0,0,0,0,998,0,0,0,12,6,2,12,0,0,0,1,27,55025,6,1,0,0,3,0,71,180,0,0,0,1,0,10,2013,10,2013,0,0,0,0,0,2,3,65,1,1,1,1,0,0,1,66,99,1,1,88,"777777777777","777777777777","777777777777",0,0
19,190263,2,2,2,14,10,16,56,12,6,1,0,19,2,37,31,37031,2,2001,"1HGEM21501L0","1","H","G","E","M","2","1","5","0","1","L","0",0,0,0,"000000000","00000000000",0,0,0,1,0,0,0,0,0,0,0,998,0,0,0,9,6,2,12,0,0,0,1,19,50616,6,1,0,0,3,0,63,130,0,0,0,0,0,0,0,0,0,0,39,0,0,0,1,2,55,1,1,2,1,20,3,1,17,99,1,1,89,"777777777777","777777777777","777777777777",2,0
19,190264,1,3,1,14,10,21,54,12,6,1,0,46,1,82,884,82884,66,1997,"1FUYDZYB3VP7","1","F","U","Y","D","Z","Y","B","3","V","P","7",1,1,57,"1101836","571101836",3,6,1,1,0,0,0,0,0,0,0,998,0,0,0,11,6,2,12,0,0,0,1,46,57025,6,1,6,0,3,0,76,265,0,0,0,1,0,7,2016,7,2016,0,0,0,0,0,1,2,55,2,1,2,1,0,0,14,62,99,1,1,65,"1GRAA0627AW7","777777777777","777777777777",0,0
19,190264,2,3,1,14,10,21,54,12,6,1,0,19,2,20,481,20481,31,2005,"1GCEK19Z15Z3","1","G","C","E","K","1","9","Z","1","5","Z","3",0,0,0,"000000000","00000000000",0,0,0,1,0,0,0,0,0,0,0,998,0,0,0,12,6,2,12,0,0,0,1,19,51031,6,1,0,0,3,3,71,170,0,0,0,0,0,0,0,0,0,0,28,0,0,0,1,2,55,3,1,2,1,0,0,14,10,99,9,2,64,"777777777777","777777777777","777777777777",1,0
19,190264,3,3,1,14,10,21,54,12,6,1,0,19,0,63,38,63038,5,2011,"KNAFU4A23B53","K","N","A","F","U","4","A","2","3","B","5","3",0,0,0,"000000000","00000000000",0,0,0,1,0,0,0,0,0,0,0,998,0,0,0,14,2,5,54,0,0,0,1,19,51031,6,1,6,0,3,3,72,230,0,0,0,0,0,0,0,0,0,0,0,0,0,0,1,2,55,3,1,2,1,0,0,14,90,99,1,1,98,"777777777777","777777777777","777777777777",0,0
19,190265,1,2,1,18,10,11,8,12,2,1,0,17,2,20,29,20029,5,2016,"KL8CD6SA9GC6","K","L","8","C","D","6","S","A","9","G","C","6",0,0,0,"000000000","00000000000",0,0,0,1,0,0,0,0,0,0,0,998,0,0,0,12,6,2,12,0,0,0,1,17,62321,6,1,0,0,3,0,66,125,0,0,0,0,0,0,0,0,0,0,28,0,0,0,1,2,55,2,1,1,1,0,0,14,9,99,9,2,50,"777777777777","777777777777","777777777777",0,0
19,190265,2,2,1,18,10,11,8,12,2,1,0,19,1,13,1,13001,4,1999,"1LNHM82W2XY6","1","L","N","H","M","8","2","W","2","X","Y","6",0,0,0,"000000000","00000000000",0,0,0,1,0,0,0,0,0,0,0,998,0,0,0,12,6,2,12,0,0,0,1,19,52656,6,1,0,0,3,0,66,207,0,0,0,0,0,0,0,0,0,0,0,0,0,0,1,2,55,3,1,1,1,0,0,14,54,99,1,9,51,"777777777777","777777777777","777777777777",1,0
19,190266,1,1,1,22,10,4,1,59,0,1,0,19,2,19,5,19005,2,2001,"1G6ET12971B1","1","G","6","E","T","1","2","9","7","1","B","1",0,0,0,"000000000","00000000000",0,0,0,1,0,0,0,0,0,0,0,998,0,0,0,12,6,2,42,0,0,0,1,19,50158,6,1,0,0,3,0,63,100,1,0,0,0,0,3,2016,3,2016,0,0,0,0,0,1,2,25,1,1,2,1,0,0,1,12,99,9,4,6,"777777777777","777777777777","777777777777",1,0
19,190267,1,1,4,22,10,20,33,1,0,1,0,31,2,37,401,37401,14,1996,"4S6CM58V2T44","4","S","6","C","M","5","8","V","2","T","4","4",0,0,0,"000000000","00000000000",0,0,0,1,0,0,0,0,0,0,0,998,0,1,3,0,6,2,1,0,0,0,1,31,68448,0,0,0,0,0,0,999,999,0,0,0,0,0,0,0,0,0,0,36,58,0,0,2,2,70,1,1,1,1,0,0,1,9,99,3,4,7,"777777777777","777777777777","777777777777",1,1
19,190268,1,1,1,23,10,3,2,42,0,1,0,19,1,6,43,6043,4,2007,"1C3LC46K67N6","1","C","3","L","C","4","6","K","6","7","N","6",0,0,0,"000000000","00000000000",0,0,0,1,0,0,0,0,0,0,0,998,0,0,0,12,6,2,42,0,0,0,1,19,50316,6,1,0,0,3,3,65,140,1,1,0,0,0,8,2014,9,2015,0,0,0,0,0,1,2,30,1,1,1,1,0,0,1,9,99,9,4,2,"777777777777","777777777777","777777777777",1,0
19,190269,1,1,1,23,10,4,0,1,0,1,0,19,1,18,2,18002,4,2000,"1G4HP54K7YU1","1","G","4","H","P","5","4","K","7","Y","U","1",0,0,0,"000000000","00000000000",0,0,0,1,0,0,0,0,0,0,0,998,0,1,5,0,6,2,1,0,0,0,1,19,52154,6,1,0,0,3,3,70,210,1,0,0,0,1,1,2012,3,2012,0,0,0,0,0,1,2,55,3,1,1,1,0,0,14,9,99,9,4,2,"777777777777","777777777777","777777777777",1,1
19,190270,1,1,1,24,10,17,19,1,0,1,0,0,0,37,734,37734,90,2004,"478TE28044A1","4","7","8","T","E","2","8","0","4","4","A","1",0,0,0,"000000000","00000000000",0,0,0,1,0,0,0,0,0,0,0,998,0,1,5,0,6,8,1,0,0,0,1,19,51455,6,1,6,0,3,0,66,230,0,0,0,0,0,0,0,0,0,0,0,0,0,0,1,2,55,1,1,4,1,0,0,1,9,99,9,4,2,"777777777777","777777777777","777777777777",1,0
19,190271,1,1,1,27,10,9,47,9,0,1,0,19,1,20,404,20404,14,2006,"2CNDL73F4662","2","C","N","D","L","7","3","F","4","6","6","2",0,0,0,"000000000","00000000000",0,0,0,1,0,0,0,0,0,0,0,998,0,0,0,12,4,5,9,0,0,0,1,19,51245,6,1,0,0,3,3,68,162,1,0,0,0,1,7,2016,7,2016,0,0,0,0,0,1,2,55,1,1,2,1,0,0,1,83,98,1,1,13,"777777777777","777777777777","777777777777",0,0
19,190272,1,2,3,29,10,17,24,12,2,1,0,19,1,37,441,37441,20,2010,"5FNRL3H63AB0","5","F","N","R","L","3","H","6","3","A","B","0",0,0,0,"000000000","00000000000",0,0,0,1,0,0,0,0,0,0,0,0,0,0,0,12,2,5,12,0,0,0,1,19,50226,6,1,0,0,3,3,64,125,0,0,0,0,0,0,0,0,0,0,0,0,0,0,1,2,35,1,1,2,1,98,3,5,54,99,1,1,51,"777777777777","777777777777","777777777777",0,0
19,190272,2,2,1,29,10,17,24,12,2,1,0,19,2,72,706,72706,80,2016,"1HD4LE218GC4","1","H","D","4","L","E","2","1","8","G","C","4",0,0,0,"000000000","00000000000",0,0,0,1,0,0,0,0,0,0,0,998,0,0,0,12,6,2,12,0,0,0,1,19,50315,6,1,0,0,3,0,66,135,1,0,0,1,0,10,2012,8,2016,0,84,0,0,0,1,2,35,1,1,2,1,98,3,15,54,99,1,2,50,"777777777777","777777777777","777777777777",1,0
19,190273,1,2,1,22,8,5,37,12,1,1,0,19,2,55,35,55035,4,2003,"KMHDN45D13U5","K","M","H","D","N","4","5","D","1","3","U","5",0,0,0,"000000000","00000000000",0,0,0,1,0,0,0,0,0,0,0,998,0,0,0,12,6,2,12,0,0,0,1,19,52806,6,1,6,0,3,0,72,160,1,0,0,0,0,12,2012,12,2012,0,84,0,0,0,2,2,65,3,1,2,1,0,0,14,51,99,4,3,24,"777777777777","777777777777","777777777777",1,0
19,190273,2,2,1,22,8,5,37,12,1,1,0,19,3,82,881,82881,66,2009,"1FUJA6DR79LA","1","F","U","J","A","6","D","R","7","9","L","A",1,1,57,"585920","57585920",3,6,4,1,0,0,0,0,0,0,0,998,0,0,0,6,2,5,12,0,0,0,1,19,52030,6,1,6,0,3,0,71,148,1,0,0,0,0,3,2015,3,2015,0,0,0,0,0,2,2,65,3,1,2,1,0,0,14,53,99,1,1,25,"1TKB04826NM0","777777777777","777777777777",0,0
19,190274,1,1,1,11,10,6,13,1,0,1,1,19,2,72,706,72706,80,2004,"1HD1FBW114Y7","1","H","D","1","F","B","W","1","1","4","Y","7",0,0,0,"000000000","00000000000",0,0,0,1,0,0,0,0,0,0,0,998,0,0,0,0,6,2,1,0,0,0,1,38,58301,6,1,6,0,3,3,70,225,0,0,0,4,3,8,2014,6,2016,9,0,0,0,0,1,2,55,1,4,1,1,0,0,1,9,99,2,4,7,"777777777777","777777777777","777777777777",1,0
19,190275,1,1,1,22,10,13,48,1,0,1,0,19,1,72,706,72706,80,2012,"1HD1LH316CC4","1","H","D","1","L","H","3","1","6","C","C","4",0,0,0,"000000000","00000000000",0,0,0,1,0,0,0,0,0,0,0,998,0,0,0,0,6,2,1,0,0,0,1,19,52601,6,1,0,0,3,0,63,135,0,0,0,0,0,0,0,0,0,0,85,0,0,0,1,2,45,3,1,2,1,0,0,14,78,98,9,4,2,"777777777777","777777777777","777777777777",1,0
19,190276,1,2,1,24,10,15,41,12,9,1,0,19,2,37,31,37031,4,2002,"1HGES16582L0","1","H","G","E","S","1","6","5","8","2","L","0",0,0,0,"000000000","00000000000",0,0,0,1,0,0,0,0,0,0,0,998,1,0,0,9,6,2,12,0,0,0,1,19,52003,6,1,0,0,3,3,64,135,0,0,0,0,0,0,0,0,0,4,0,0,0,0,2,2,65,1,1,1,1,0,0,1,6,98,3,3,48,"777777777777","777777777777","777777777777",1,0
19,190276,2,2,2,24,10,15,41,12,9,1,0,19,3,90,981,90981,50,2005,"1BAKFCKH35F2","1","B","A","K","F","C","K","H","3","5","F","2",0,0,88,"888888888","88888888888",3,21,22,1,0,0,0,0,1,2,0,0,0,0,0,6,2,5,12,0,0,0,1,19,52336,6,1,6,0,3,0,68,205,0,0,0,0,0,0,0,0,0,0,0,0,0,0,2,2,65,1,1,1,1,0,0,5,53,1,1,1,48,"777777777777","777777777777","777777777777",0,0
19,190277,1,1,1,28,10,11,35,1,0,1,0,19,1,12,401,12401,14,1996,"1FMDU34X4TZA","1","F","M","D","U","3","4","X","4","T","Z","A",0,0,0,"000000000","00000000000",0,0,0,1,0,0,0,0,0,0,0,998,0,1,1,0,6,2,1,0,0,0,1,19,52310,6,1,0,0,3,0,69,260,0,0,0,0,0,0,0,0,0,0,33,58,0,0,1,2,55,1,1,2,1,0,0,6,61,98,3,2,98,"777777777777","777777777777","777777777777",1,0
19,190278,1,2,1,28,10,7,54,12,1,1,0,19,3,38,882,38882,61,2009,"4KLB4W1N29J8","4","K","L","B","4","W","1","N","2","9","J","8",0,0,88,"888888888","88888888888",2,1,1,1,0,0,0,0,0,0,0,998,1,0,0,12,6,2,12,0,0,0,1,17,61201,6,1,0,0,3,0,73,215,0,0,0,0,0,0,0,0,0,0,0,0,0,0,2,2,70,1,3,2,1,0,0,1,51,9,9,1,24,"777777777777","777777777777","777777777777",1,0
19,190278,2,2,1,28,10,7,54,12,1,1,0,19,3,51,881,51881,66,2012,"4V4NC9EH7CN5","4","V","4","N","C","9","E","H","7","C","N","5",1,1,57,"956631","57956631",3,6,1,1,0,0,0,0,0,0,0,998,0,0,0,6,6,2,12,0,0,0,1,13,30058,6,1,6,0,3,3,75,250,98,0,0,0,1,12,2011,12,2011,0,0,0,0,0,2,2,70,1,3,2,1,0,0,1,53,99,1,1,25,"1GRAA06207W7","777777777777","777777777777",0,0
19,190279,1,1,1,29,10,3,30,32,0,1,0,19,1,72,706,72706,80,2011,"1HD1KBM34BB6","1","H","D","1","K","B","M","3","4","B","B","6",0,0,0,"000000000","00000000000",0,0,0,1,0,0,0,0,0,0,0,998,0,0,0,12,6,2,32,0,0,0,1,19,50010,6,1,0,0,3,0,70,275,0,0,0,0,0,0,0,0,0,3,36,0,0,0,2,2,65,3,1,2,1,0,0,14,9,99,2,4,2,"777777777777","777777777777","777777777777",1,0
19,190280,1,2,2,5,11,0,5,12,1,1,0,19,2,7,442,7442,20,2000,"1B4GP44G9YB6","1","B","4","G","P","4","4","G","9","Y","B","6",0,0,0,"000000000","00000000000",0,0,0,1,0,0,0,0,0,0,0,998,0,0,0,6,6,2,12,0,0,0,1,19,50702,1,1,0,0,2,0,71,234,0,0,0,0,1,8,2013,8,2013,0,0,0,0,0,2,4,45,1,1,1,1,0,0,1,53,99,1,1,25,"777777777777","777777777777","777777777777",0,0
19,190280,2,2,4,5,11,0,5,12,1,1,0,27,2,55,36,55036,4,2013,"KMHCT4AE2DU4","K","M","H","C","T","4","A","E","2","D","U","4",0,0,0,"000000000","00000000000",0,0,0,1,0,0,0,0,0,0,0,998,0,0,0,12,6,2,12,0,0,0,1,27,55316,0,0,0,0,0,0,74,187,0,2,0,0,0,8,2013,1,2014,3,0,0,0,0,2,4,45,1,1,1,1,0,0,1,51,99,1,1,24,"777777777777","777777777777","777777777777",1,0
19,190281,1,2,1,2,11,10,58,12,1,1,0,19,2,35,52,35052,6,2009,"JN8AZ28R99T1","J","N","8","A","Z","2","8","R","9","9","T","1",0,0,0,"000000000","00000000000",0,0,0,1,0,0,0,0,0,0,0,998,0,0,0,12,6,2,12,0,0,0,1,19,50125,6,1,0,0,3,3,62,135,1,0,0,0,0,2,2016,2,2016,0,26,0,0,0,2,3,55,1,1,2,1,20,3,1,50,99,1,1,20,"777777777777","777777777777","777777777777",0,0
19,190281,2,2,1,2,11,10,58,12,1,1,0,19,1,72,706,72706,80,2014,"1HD1KBM18EB6","1","H","D","1","K","B","M","1","8","E","B","6",0,0,0,"000000000","00000000000",0,0,0,1,0,0,0,0,0,0,0,0,0,0,0,6,6,2,12,0,0,0,1,19,50320,6,1,0,0,3,0,65,150,1,1,1,0,0,2,2014,9,2016,0,0,0,0,0,2,3,55,1,1,2,1,20,3,5,53,99,1,1,21,"777777777777","777777777777","777777777777",1,0
19,190282,1,2,2,8,10,20,28,12,6,1,0,4,1,7,482,7482,31,1998,"3B7HF13Z8WG1","3","B","7","H","F","1","3","Z","8","W","G","1",0,0,0,"000000000","00000000000",0,0,0,1,0,0,0,0,0,0,0,998,0,1,5,12,6,2,1,0,0,0,1,4,85143,6,1,0,0,3,0,70,195,0,0,0,0,0,0,0,0,0,0,39,0,0,0,1,2,55,1,5,2,1,20,3,1,17,99,1,1,88,"777777777777","777777777777","777777777777",1,0
19,190282,2,2,2,8,10,20,28,12,6,1,0,19,1,49,46,49046,5,2011,"JTDKN3DU3B53","J","T","D","K","N","3","D","U","3","B","5","3",0,0,0,"000000000","00000000000",0,0,0,1,0,0,0,0,0,0,0,998,0,0,0,9,6,2,12,0,0,0,1,19,52213,6,1,0,0,3,0,71,200,1,0,0,1,0,7,2012,10,2012,0,0,0,0,0,1,2,55,1,3,4,1,0,0,1,68,99,1,1,89,"777777777777","777777777777","777777777777",1,0
19,190283,1,1,1,28,10,3,15,23,0,1,0,17,3,51,881,51881,66,2006,"4V4NC9GH96N4","4","V","4","N","C","9","G","H","9","6","N","4",1,1,57,"2129654","572129654",3,6,1,2,2,3,3,1,0,0,0,998,0,0,0,12,6,2,42,0,0,0,1,17,60478,6,1,6,1,9,0,75,265,0,0,0,1,0,9,2014,9,2014,0,0,0,0,0,2,2,65,1,1,2,1,0,0,1,9,99,2,4,2,"1DW1A5328EB4","777777777777","777777777777",1,0
19,190284,1,2,1,12,8,11,17,12,1,1,0,54,0,72,706,72706,80,2007,"1HD1JA5127Y0","1","H","D","1","J","A","5","1","2","7","Y","0",0,0,0,"000000000","00000000000",0,0,0,1,0,0,0,0,0,0,0,998,0,0,0,12,6,2,12,0,0,0,1,54,25541,6,1,6,0,3,3,71,180,0,0,0,2,0,4,2014,5,2014,0,41,0,0,0,2,1,70,1,1,2,1,40,3,15,50,99,9,4,20,"777777777777","777777777777","777777777777",1,0
19,190284,2,2,1,12,8,11,17,12,1,1,0,19,3,84,884,84884,64,2007,"1HTWPAZT27J4","1","H","T","W","P","A","Z","T","2","7","J","4",1,1,88,"888888888","88888888888",3,4,97,1,0,0,0,0,0,0,0,0,0,0,0,6,0,5,12,39,0,0,1,19,52346,6,1,6,0,3,0,74,250,0,0,0,1,0,7,2013,7,2013,0,0,0,0,0,2,1,70,1,1,2,1,0,0,5,53,99,1,5,21,"4S93A2419EH0","777777777777","777777777777",0,0
19,190285,1,1,1,11,8,6,36,8,0,1,0,17,0,87,884,87884,66,2007,"1XP5DB9X57D6","1","X","P","5","D","B","9","X","5","7","D","6",1,1,57,"0844530","570844530",3,6,8,1,0,0,0,0,0,0,0,998,0,0,0,14,0,5,8,0,0,0,1,17,62540,6,1,6,0,3,3,73,175,0,0,0,0,0,0,0,0,0,0,0,0,0,0,1,2,25,1,1,2,2,0,0,1,80,99,1,1,13,"1TDH422259B1","777777777777","777777777777",0,0
19,190286,1,2,1,28,8,23,28,12,2,1,0,19,1,37,402,37402,14,2011,"5J6RE4H70BL0","5","J","6","R","E","4","H","7","0","B","L","0",0,0,0,"000000000","00000000000",0,0,0,1,0,0,0,0,0,0,0,998,1,0,0,12,6,2,12,0,0,0,1,19,51108,6,1,0,0,3,0,64,125,0,0,0,0,0,0,0,0,0,0,28,0,0,0,1,2,55,1,1,2,1,0,0,1,10,99,9,2,50,"777777777777","777777777777","777777777777",1,0
19,190286,2,2,1,28,8,23,28,12,2,1,0,19,1,84,884,84884,66,1997,"2HSFHAER5VC0","2","H","S","F","H","A","E","R","5","V","C","0",1,1,57,"1847682","571847682",3,6,1,1,0,0,0,0,0,0,0,998,0,0,0,12,6,2,12,0,0,0,1,19,51029,6,1,6,0,3,0,69,174,0,0,0,0,0,0,0,0,0,0,0,0,0,0,1,2,55,1,1,2,1,0,0,1,62,99,1,1,51,"1GRAA0621AB7","777777777777","777777777777",0,0
19,190287,1,1,3,9,9,19,16,8,0,1,0,19,1,63,401,63401,14,2002,"KNDJB723X251","K","N","D","J","B","7","2","3","X","2","5","1",0,0,0,"000000000","00000000000",0,0,0,1,0,0,0,0,0,0,0,998,0,0,0,12,2,5,8,0,0,0,1,19,52404,6,1,0,0,3,3,64,220,0,0,0,1,0,6,2012,6,2012,0,0,0,0,0,1,5,35,1,1,1,2,0,0,1,80,99,1,1,13,"777777777777","777777777777","777777777777",0,0