"STATE","ST_CASE","VEH_NO","VE_FORMS","NUMOCCS","DAY","MONTH","HOUR","MINUTE","HARM_EV","MAN_COLL","UNITTYPE","HIT_RUN","REG_STAT","OWNER","MAKE","MODEL","MAK_MOD","BODY_TYP","MOD_YEAR","VIN","VIN_1","VIN_2","VIN_3","VIN_4","VIN_5","VIN_6","VIN_7","VIN_8","VIN_9","VIN_10","VIN_11","VIN_12","TOW_VEH","J_KNIFE","MCARR_I1","MCARR_I2","MCARR_ID","GVWR","V_CONFIG","CARGO_BT","HAZ_INV","HAZ_PLAC","HAZ_ID","HAZ_CNO","HAZ_REL","BUS_USE","SPEC_USE","EMER_USE","TRAV_SP","UNDERIDE","ROLLOVER","ROLINLOC","IMPACT1","DEFORMED","TOWED","M_HARM","VEH_SC1","VEH_SC2","FIRE_EXP","DR_PRES","L_STATE","DR_ZIP","L_STATUS","L_TYPE","CDL_STAT","L_ENDORS","L_COMPL","L_RESTRI","DR_HGT","DR_WGT","PREV_ACC","PREV_SUS","PREV_DWI","PREV_SPD","PREV_OTH","FIRST_MO","FIRST_YR","LAST_MO","LAST_YR","SPEEDREL","DR_SF1","DR_SF2","DR_SF3","DR_SF4","VTRAFWAY","VNUM_LAN","VSPD_LIM","VALIGN","VPROFILE","VPAVETYP","VSURCOND","VTRAFCON","VTCONT_F","P_CRASH1","P_CRASH2","P_CRASH3","PCRASH4","PCRASH5","ACC_TYPE","TRLR1VIN","TRLR2VIN","TRLR3VIN","DEATHS","DR_DRINK"
19,190288,1,1,2,11,9,1,20,8,0,1,1,17,1,12,422,12422,15,2001,"1FMRU17L51LB","1","F","M","R","U","1","7","L","5","1","L","B",0,0,0,"000000000","00000000000",0,0,0,1,0,0,0,0,0,0,0,998,0,0,0,12,4,5,8,0,0,0,1,19,52803,6,1,0,0,3,0,70,160,0,0,0,0,0,0,0,0,0,0,0,0,0,0,4,3,35,1,1,2,1,0,0,1,80,99,1,1,13,"777777777777","777777777777","777777777777",0,1
19,190289,1,2,1,24,8,20,35,12,2,1,0,19,1,37,32,37032,4,2013,"1HGCR2F36DA1","1","H","G","C","R","2","F","3","6","D","A","1",0,0,0,"000000000","00000000000",0,0,0,1,0,0,0,0,0,0,0,998,1,0,0,12,6,2,12,0,0,0,1,19,50604,6,1,0,0,3,0,74,170,0,0,0,0,0,0,0,0,0,0,28,0,0,0,1,2,55,1,5,2,1,0,0,1,10,99,1,2,50,"777777777777","777777777777","777777777777",1,0
19,190289,2,2,1,24,8,20,35,12,2,1,0,19,1,84,884,84884,66,2006,"2HSCKAPR86C3","2","H","S","C","K","A","P","R","8","6","C","3",1,1,57,"628194","57628194",3,6,98,1,0,0,0,0,0,0,0,998,0,0,0,12,6,2,12,0,0,0,1,19,50665,6,1,6,0,3,0,75,260,0,0,0,0,0,0,0,0,0,0,0,0,0,0,1,2,55,1,6,2,1,0,0,1,62,99,1,1,51,"888888888888","777777777777","777777777777",0,0
19,190290,1,1,1,26,8,3,19,42,0,1,0,19,4,6,18,6018,4,2015,"1C3CCCAB4FN7","1","C","3","C","C","C","A","B","4","F","N","7",0,0,0,"000000000","00000000000",0,0,0,1,0,0,0,0,0,0,0,998,0,0,0,12,6,2,42,0,0,0,1,19,50061,6,1,0,0,3,3,71,155,3,2,1,0,1,8,2012,8,2016,0,0,0,0,0,1,2,50,1,1,4,1,0,0,1,9,99,9,4,7,"777777777777","777777777777","777777777777",1,0
19,190291,1,1,2,22,10,2,15,33,0,1,0,19,2,53,706,53706,80,2004,"JS1GT75A9421","J","S","1","G","T","7","5","A","9","4","2","1",0,0,0,"000000000","00000000000",0,0,0,1,0,0,0,0,0,0,0,998,0,0,0,12,6,2,31,0,0,0,1,19,50208,2,1,0,0,2,0,65,130,1,1,1,0,3,2,2012,10,2016,4,0,0,0,0,1,2,25,1,1,1,1,0,0,1,6,99,9,4,7,"777777777777","777777777777","777777777777",1,1
19,190292,1,1,3,31,10,1,39,14,0,1,1,31,2,20,16,20016,2,2003,"1G1JC12F8373","1","G","1","J","C","1","2","F","8","3","7","3",0,0,0,"000000000","00000000000",0,0,0,1,0,0,0,0,0,0,0,998,0,0,0,12,6,2,14,0,0,0,1,31,68776,0,0,0,0,0,0,999,999,0,0,0,0,0,0,0,0,0,3,36,39,0,0,1,2,25,1,6,1,1,20,3,1,6,99,4,4,7,"777777777777","777777777777","777777777777",1,1
19,190293,1,2,1,31,10,12,50,12,6,1,0,19,1,6,441,6441,20,2011,"2A4RR5DG0BR6","2","A","4","R","R","5","D","G","0","B","R","6",0,0,0,"000000000","00000000000",0,0,0,1,0,0,0,0,0,0,0,998,0,0,0,9,6,2,12,0,0,0,1,19,52072,6,1,0,0,3,3,63,140,0,0,0,0,0,0,0,0,0,0,58,0,0,0,2,2,70,1,1,2,1,0,0,1,13,6,9,6,48,"777777777777","777777777777","777777777777",1,0
19,190293,2,2,2,31,10,12,50,12,6,1,0,37,3,85,881,85881,66,2016,"1XKYD49X3GJ1","1","X","K","Y","D","4","9","X","3","G","J","1",1,1,57,"1555053","571555053",3,6,1,1,0,0,0,0,0,0,0,998,0,0,0,12,6,2,12,0,0,0,1,39,44146,6,1,6,0,3,3,80,320,0,0,0,0,0,0,0,0,0,0,0,0,0,0,2,2,70,1,1,2,1,0,0,1,64,99,1,1,48,"1GRAA0628HT1","777777777777","777777777777",0,0
19,190294,1,1,1,25,10,17,5,1,0,1,0,19,1,12,23,12023,4,2012,"3FAHP0JA6CR3","3","F","A","H","P","0","J","A","6","C","R","3",0,0,0,"000000000","00000000000",0,0,0,1,0,0,0,0,0,0,0,998,0,1,5,0,6,2,1,0,0,0,1,19,52240,6,1,0,0,3,3,62,125,0,0,0,0,0,0,0,0,0,3,58,0,0,0,1,2,55,1,1,2,1,0,0,1,6,6,9,4,1,"777777777777","777777777777","777777777777",1,1
19,190295,1,2,1,22,10,18,18,12,6,1,0,19,1,76,705,76705,80,2006,"JYARJ12E26A0","J","Y","A","R","J","1","2","E","2","6","A","0",0,0,0,"000000000","00000000000",0,0,0,1,0,0,0,0,0,0,0,998,0,0,0,12,6,2,12,0,0,0,1,19,50313,6,1,0,0,3,0,67,210,2,2,0,4,3,1,2012,7,2016,3,36,0,0,0,1,4,30,1,1,1,11,0,0,1,67,99,1,1,69,"777777777777","777777777777","777777777777",1,0
19,190295,2,2,2,22,10,18,18,12,6,1,0,19,1,58,421,58421,15,2012,"JN8AZ2NE2C90","J","N","8","A","Z","2","N","E","2","C","9","0",0,0,0,"000000000","00000000000",0,0,0,1,0,0,0,0,0,0,0,998,0,0,0,8,6,2,12,0,0,0,1,19,50324,6,1,0,0,3,0,68,170,0,0,0,2,1,1,2012,4,2013,0,0,0,0,0,1,2,25,1,1,1,1,20,3,11,55,99,1,1,68,"777777777777","777777777777","777777777777",0,0
19,190296,1,1,1,27,10,6,52,8,0,1,0,19,2,12,17,12017,4,1997,"1FALP52UXVG1","1","F","A","L","P","5","2","U","X","V","G","1",0,0,0,"000000000","00000000000",0,0,0,1,0,0,0,0,0,0,0,998,0,0,0,12,4,5,8,0,0,0,1,19,50317,6,1,0,0,3,0,69,130,0,0,0,1,0,5,2015,5,2015,0,0,0,0,0,1,4,35,1,5,2,1,0,0,1,80,99,1,1,13,"777777777777","777777777777","777777777777",0,0
19,190297,1,1,3,27,10,19,6,32,0,1,0,19,2,12,481,12481,31,2000,"1FTPX18L8YNA","1","F","T","P","X","1","8","L","8","Y","N","A",1,1,0,"000000000","00000000000",0,0,0,1,0,0,0,0,0,0,0,998,0,0,0,12,6,2,32,0,0,0,1,19,50670,6,1,0,0,3,0,67,160,0,0,0,0,0,0,0,0,0,0,36,0,0,0,1,2,55,1,6,2,1,0,0,1,9,99,2,4,2,"4J6TC12263B0","777777777777","777777777777",2,1
19,190298,1,2,4,2,11,21,31,12,2,1,0,19,1,20,2,20002,4,2012,"2G1WF5E34C11","2","G","1","W","F","5","E","3","4","C","1","1",0,0,0,"000000000","00000000000",0,0,0,1,0,0,0,0,0,0,0,998,0,0,0,12,6,2,12,0,0,0,1,19,50849,6,1,0,0,3,3,62,157,0,0,0,0,0,0,0,0,0,0,0,0,0,0,1,2,55,1,1,2,1,0,0,1,10,99,1,2,51,"777777777777","777777777777","777777777777",2,0
19,190298,2,2,1,2,11,21,31,12,2,1,0,19,1,21,23,21023,4,1998,"1G3WH52KXWF3","1","G","3","W","H","5","2","K","X","W","F","3",0,0,0,"000000000","00000000000",0,0,0,1,0,0,0,0,0,0,0,998,0,0,0,12,6,2,12,0,0,0,1,19,50801,0,0,0,0,0,0,999,999,0,0,0,0,0,0,0,0,0,9,28,0,0,0,1,2,55,1,1,2,1,0,0,1,62,99,1,1,50,"777777777777","777777777777","777777777777",0,1
19,190299,1,2,1,1,2,20,4,12,2,1,0,19,1,22,18,22018,2,2002,"1G2NW12E82C2","1","G","2","N","W","1","2","E","8","2","C","2",0,0,0,"000000000","00000000000",0,0,0,1,0,0,0,0,0,0,0,998,0,0,0,12,6,2,12,0,0,0,1,19,52401,6,1,0,0,3,0,66,200,0,0,0,0,0,0,0,0,0,0,28,0,0,0,1,2,30,1,1,2,2,0,0,1,10,99,1,2,50,"777777777777","777777777777","777777777777",0,0
19,190299,2,2,1,1,2,20,4,12,2,1,0,19,0,20,25,20025,4,2012,"1G1PF5SC1C72","1","G","1","P","F","5","S","C","1","C","7","2",0,0,0,"000000000","00000000000",0,0,0,1,0,0,0,0,0,0,0,998,0,0,0,12,6,2,12,0,0,0,1,19,52402,6,1,0,0,3,0,70,150,0,0,0,0,0,0,0,0,0,0,28,0,0,0,1,2,30,1,1,2,2,0,0,1,10,99,1,2,51,"777777777777","777777777777","777777777777",1,0
19,190300,1,2,1,4,11,5,31,24,0,1,0,17,3,51,881,51881,66,2012,"4V4NC9TG7CN5","4","V","4","N","C","9","T","G","7","C","N","5",1,1,57,"2534834","572534834",3,6,1,1,0,0,0,0,0,0,0,998,0,1,1,11,6,2,1,0,0,1,1,42,17601,6,1,6,0,3,0,66,999,1,0,0,0,0,12,2015,12,2015,0,36,0,0,0,2,2,70,1,1,1,1,0,0,1,12,99,1,4,6,"1UYVS2531EM9","777777777777","777777777777",0,0
19,190300,2,2,1,4,11,5,31,24,0,1,0,31,3,84,884,84884,66,2007,"2HSCNAPR17C2","2","H","S","C","N","A","P","R","1","7","C","2",1,1,57,"448797","57448797",3,6,1,1,0,0,0,0,0,0,0,998,0,0,0,12,6,2,12,0,0,1,1,31,68104,6,1,6,0,3,0,69,340,0,0,0,0,0,0,0,0,0,0,0,0,0,0,2,2,70,1,1,1,1,0,0,1,50,99,1,9,98,"1DW1A5327YS4","777777777777","777777777777",1,0
19,190301,1,2,1,4,11,7,10,12,8,1,0,19,1,20,473,20473,30,2015,"1GCHTBE31F12","1","G","C","H","T","B","E","3","1","F","1","2",0,0,0,"000000000","00000000000",0,0,0,1,0,0,0,0,0,0,0,998,0,0,0,11,6,2,12,0,0,0,1,19,52057,6,1,6,0,3,0,69,230,0,0,0,0,0,0,0,0,0,0,28,0,0,0,1,2,55,1,1,4,1,0,0,1,10,99,1,2,64,"777777777777","777777777777","777777777777",1,0
19,190301,2,2,1,4,11,7,10,12,8,1,0,19,1,98,998,98998,92,2010,"000000000000","0","0","0","0","0","0","0","0","0","0","0","0",1,1,0,"000000000","00000000000",0,0,0,1,0,0,0,0,0,0,0,998,0,0,0,9,2,5,12,0,0,0,1,19,52057,6,1,6,0,3,3,69,140,0,0,0,2,2,3,2012,9,2016,0,0,0,0,0,1,2,55,1,1,4,1,0,0,1,62,99,1,1,65,"000000000000","777777777777","777777777777",0,0
19,190302,1,1,2,5,11,13,10,1,0,1,0,19,1,18,2,18002,4,2004,"1G4HP52K7441","1","G","4","H","P","5","2","K","7","4","4","1",0,0,0,"000000000","00000000000",0,0,0,1,0,0,0,0,0,0,0,998,0,1,3,0,6,2,1,0,0,0,1,19,50025,6,1,0,0,3,3,58,185,0,0,0,0,0,0,0,0,0,0,0,0,0,0,2,2,70,1,3,1,1,0,0,1,9,6,4,4,7,"777777777777","777777777777","777777777777",1,0
19,190303,1,1,2,6,11,7,13,1,0,1,0,19,2,12,37,12037,4,2007,"1FAFP34N97W2","1","F","A","F","P","3","4","N","9","7","W","2",0,0,0,"000000000","00000000000",0,0,0,1,0,0,0,0,0,0,0,998,0,1,5,0,6,2,1,0,0,0,1,19,50848,6,1,0,0,3,0,71,240,0,0,0,0,1,1,2016,1,2016,0,58,0,0,0,2,2,70,1,1,1,1,0,0,1,12,99,3,4,6,"777777777777","777777777777","777777777777",1,1
19,190304,1,1,1,7,11,15,39,42,0,1,0,19,5,62,424,62424,15,2008,"SALFP24N88H0","S","A","L","F","P","2","4","N","8","8","H","0",0,0,0,"000000000","00000000000",0,0,0,1,0,0,0,0,0,0,0,998,0,1,6,12,6,2,42,0,0,0,1,19,52302,6,1,0,0,3,3,72,195,0,0,0,0,1,1,2012,1,2012,3,0,0,0,0,1,2,45,3,1,2,1,0,0,14,6,99,2,4,1,"777777777777","777777777777","777777777777",1,1
19,190305,1,1,1,7,11,17,50,58,0,1,0,19,2,30,421,30421,15,2007,"WVGZE77L97D0","W","V","G","Z","E","7","7","L","9","7","D","0",0,0,0,"000000000","00000000000",0,0,0,1,0,0,0,0,0,0,0,998,0,1,3,12,6,2,1,0,0,0,1,19,50158,6,1,0,0,3,0,62,140,0,0,0,0,0,0,0,0,0,0,36,0,0,0,2,2,65,1,1,2,1,0,0,1,12,99,1,4,6,"777777777777","777777777777","777777777777",1,0
19,190306,1,2,1,9,11,6,15,12,2,1,0,19,1,18,2,18002,4,1997,"1G4HP52K2VH4","1","G","4","H","P","5","2","K","2","V","H","4",0,0,0,"000000000","00000000000",0,0,0,1,0,0,0,0,0,0,0,998,0,0,0,12,6,2,12,0,0,0,1,19,52656,6,1,0,0,3,0,66,160,1,0,0,1,1,2,2012,7,2013,0,28,0,0,0,1,2,55,1,6,2,1,0,0,1,10,99,1,2,50,"777777777777","777777777777","777777777777",1,0
19,190306,2,2,2,9,11,6,15,12,2,1,0,19,1,20,22,20022,4,2005,"1G1AL52F4575","1","G","1","A","L","5","2","F","4","5","7","5",0,0,0,"000000000","00000000000",0,0,0,1,0,0,0,0,0,0,0,998,0,0,0,12,6,2,12,0,0,0,1,19,52565,6,1,0,0,3,3,71,180,0,0,0,0,0,0,0,0,0,0,0,0,0,0,1,2,55,1,5,2,1,0,0,1,62,99,1,1,51,"777777777777","777777777777","777777777777",0,0
19,190307,1,1,1,9,11,15,33,8,0,1,0,19,1,12,461,12461,21,2004,"1FTNE24LX4HB","1","F","T","N","E","2","4","L","X","4","H","B",0,0,0,"000000000","00000000000",0,0,0,1,0,0,0,0,0,0,0,998,0,0,0,12,6,2,8,0,0,0,1,19,51503,6,1,0,0,3,0,70,190,0,0,0,0,0,0,0,0,0,0,0,0,0,0,2,2,35,1,1,1,1,0,0,1,80,99,1,1,13,"777777777777","777777777777","777777777777",0,0
19,190308,1,1,1,9,11,22,54,8,0,1,0,19,1,30,40,30040,4,2013,"3VWLL7AJ6DM3","3","V","W","L","L","7","A","J","6","D","M","3",0,0,0,"000000000","00000000000",0,0,0,1,0,0,0,0,0,0,0,998,0,0,0,12,2,3,8,0,0,0,1,19,52804,6,1,0,0,3,3,73,180,0,0,0,0,0,0,0,0,0,0,0,0,0,0,1,4,35,1,1,2,1,0,0,1,80,16,1,1,13,"777777777777","777777777777","777777777777",0,0
19,190309,1,2,1,9,11,21,52,12,2,1,0,19,1,23,481,23481,31,2004,"1GTEK14T64Z1","1","G","T","E","K","1","4","T","6","4","Z","1",0,0,0,"000000000","00000000000",0,0,0,1,0,0,0,0,0,0,0,998,0,0,0,12,6,2,12,0,0,0,1,19,52601,1,1,0,0,2,0,70,165,0,1,0,0,3,7,2015,11,2016,0,28,0,0,0,1,2,55,2,1,2,1,0,0,14,62,99,1,1,50,"777777777777","777777777777","777777777777",0,0
19,190309,2,2,1,9,11,21,52,12,2,1,0,19,1,7,482,7482,31,2014,"1C6RR7HT6ES3","1","C","6","R","R","7","H","T","6","E","S","3",0,0,0,"000000000","00000000000",0,0,0,1,0,0,0,0,0,0,0,998,0,0,0,12,6,2,12,0,0,0,1,19,52601,6,1,0,0,3,3,72,190,1,0,0,0,0,10,2015,10,2015,0,0,0,0,0,1,2,55,2,3,2,1,0,0,14,62,99,1,1,51,"777777777777","777777777777","777777777777",1,0
19,190310,1,2,1,10,11,15,39,12,1,1,0,19,2,20,2,20002,4,2011,"2G1WB5NK1B11","2","G","1","W","B","5","N","K","1","B","1","1",0,0,0,"000000000","00000000000",0,0,0,1,0,0,0,0,0,0,0,998,0,0,0,12,6,2,12,0,0,0,1,19,52211,6,2,0,0,3,3,65,160,0,0,0,0,0,0,0,0,0,0,41,0,0,0,1,2,55,1,1,2,1,0,0,1,50,99,1,1,20,"777777777777","777777777777","777777777777",0,0
19,190310,2,2,1,10,11,15,39,12,1,1,0,19,1,12,402,12402,14,2012,"1FMCU0C7XCKA","1","F","M","C","U","0","C","7","X","C","K","A",0,0,0,"000000000","00000000000",0,0,0,1,0,0,0,0,0,0,0,0,0,0,0,6,6,2,12,0,0,0,1,19,52251,6,1,0,0,3,0,62,255,1,0,0,0,0,11,2012,11,2012,0,0,0,0,0,1,2,55,1,1,2,1,0,0,5,53,99,1,1,21,"777777777777","777777777777","777777777777",1,0
19,190311,1,1,2,11,11,3,45,39,0,1,0,31,2,22,20,22020,4,2004,"2G2WS5223413","2","G","2","W","S","5","2","2","3","4","1","3",0,0,0,"000000000","00000000000",0,0,0,1,0,0,0,0,0,0,0,998,0,0,0,3,6,2,39,0,0,0,1,19,50310,2,1,0,0,2,0,67,175,0,0,0,0,0,0,0,0,0,3,37,0,0,0,1,2,25,1,5,2,1,0,0,1,6,99,4,4,7,"777777777777","777777777777","777777777777",1,0
19,190312,1,1,1,12,11,0,10,1,0,1,0,19,1,7,442,7442,20,1998,"1B4GP44G8WB6","1","B","4","G","P","4","4","G","8","W","B","6",0,0,0,"000000000","00000000000",0,0,0,1,0,0,0,0,0,0,0,998,0,1,5,0,6,2,1,0,0,0,1,19,52229,6,1,0,0,3,0,68,175,0,0,0,0,0,0,0,0,0,0,0,0,0,0,1,2,50,1,6,4,1,0,0,1,9,99,5,4,7,"777777777777","777777777777","777777777777",1,1
19,190313,1,1,1,12,11,17,0,6,0,1,0,19,0,7,422,7422,15,2015,"1C4RDJEG8FC8","1","C","4","R","D","J","E","G","8","F","C","8",0,0,0,"000000000","00000000000",0,0,0,1,0,0,0,0,0,0,0,998,0,0,0,0,6,2,6,0,0,0,1,19,50125,6,1,0,0,3,0,68,140,0,0,0,0,0,0,0,0,0,0,0,0,0,0,2,2,65,1,1,1,1,0,0,1,13,99,9,4,0,"777777777777","777777777777","777777777777",1,0
19,190314,1,1,1,15,11,6,50,35,0,1,0,19,2,35,39,35039,4,2005,"1N4BA41E05C8","1","N","4","B","A","4","1","E","0","5","C","8",0,0,0,"000000000","00000000000",0,0,0,1,0,0,0,0,0,0,0,998,0,1,5,7,6,2,1,0,0,0,1,19,52240,2,1,0,0,2,0,73,218,0,4,1,0,1,4,2012,8,2016,0,0,0,0,0,1,2,55,2,6,2,1,0,0,14,9,99,3,4,2,"777777777777","777777777777","777777777777",1,1
19,190315,1,1,1,15,11,16,12,35,0,1,0,19,1,14,21,14021,4,2011,"3MEHM0JA6BR6","3","M","E","H","M","0","J","A","6","B","R","6",0,0,0,"000000000","00000000000",0,0,0,1,0,0,0,0,0,0,0,998,0,0,0,12,6,2,35,0,0,0,1,19,51445,6,1,0,0,3,3,67,180,0,0,0,0,0,0,0,0,0,0,0,0,0,0,1,2,55,1,6,1,1,0,0,1,9,99,2,4,7,"777777777777","777777777777","777777777777",1,0
19,190316,1,1,3,15,11,17,36,1,0,1,0,19,2,14,36,14036,4,1993,"3MAPM10J6PR6","3","M","A","P","M","1","0","J","6","P","R","6",0,0,0,"000000000","00000000000",0,0,0,1,0,0,0,0,0,0,0,998,0,1,1,0,6,2,1,0,0,0,1,19,50208,6,1,0,0,3,0,64,120,0,0,0,0,0,0,0,0,0,0,58,0,0,0,2,2,65,2,5,1,1,0,0,14,13,7,3,2,98,"777777777777","777777777777","777777777777",1,0
19,190317,1,1,1,17,11,11,42,35,0,1,0,19,1,72,706,72706,80,2013,"1HD1TC810DB9","1","H","D","1","T","C","8","1","0","D","B","9",0,0,0,"000000000","00000000000",0,0,0,1,0,0,0,0,0,0,0,998,0,0,0,12,6,2,38,0,0,0,1,19,52245,6,1,0,0,3,0,73,238,0,0,0,0,0,0,0,0,0,0,0,0,0,0,1,2,55,1,1,2,1,0,0,6,9,99,2,4,7,"777777777777","777777777777","777777777777",1,0
19,190318,1,2,1,19,11,16,37,12,6,1,0,19,1,20,9,20009,2,2015,"2G1FJ1EW5F91","2","G","1","F","J","1","E","W","5","F","9","1",0,0,0,"000000000","00000000000",0,0,0,1,0,0,0,0,0,0,0,998,0,0,0,12,6,2,12,0,0,0,1,19,52405,6,1,0,0,3,0,77,200,0,0,0,1,0,9,2015,9,2015,3,0,0,0,0,5,5,35,1,1,1,1,0,0,1,67,99,1,1,83,"777777777777","777777777777","777777777777",0,0
19,190318,2,2,1,19,11,16,37,12,6,1,0,19,1,13,13,13013,4,2007,"3LNHM26T77R6","3","L","N","H","M","2","6","T","7","7","R","6",0,0,0,"000000000","00000000000",0,0,0,1,0,0,0,0,0,0,0,998,0,0,0,9,6,2,12,0,0,0,1,12,32565,6,1,0,0,3,3,67,999,0,0,0,0,0,0,0,0,0,0,0,0,0,0,1,5,35,1,1,1,1,0,0,11,55,1,1,2,82,"777777777777","777777777777","777777777777",1,0
19,190319,1,3,1,20,11,9,49,12,2,1,0,19,1,12,37,12037,4,2009,"1FAHP35N29W1","1","F","A","H","P","3","5","N","2","9","W","1",0,0,0,"000000000","00000000000",0,0,0,1,0,0,0,0,0,0,0,998,0,0,0,12,6,2,12,0,0,0,1,19,52806,6,1,0,0,3,3,62,130,0,0,0,0,0,0,0,0,0,0,38,0,0,0,1,5,40,1,1,1,1,2,3,11,15,99,1,2,68,"777777777777","777777777777","777777777777",1,0
19,190319,2,3,3,20,11,9,49,12,2,1,0,19,1,24,9,24009,4,2008,"1G8ZS57N78F1","1","G","8","Z","S","5","7","N","7","8","F","1",0,0,0,"000000000","00000000000",0,0,0,1,0,0,0,0,0,0,0,998,0,0,0,12,6,2,12,0,0,0,1,19,52806,1,1,0,0,2,0,64,135,0,1,1,0,2,6,2014,6,2016,3,0,0,0,0,1,5,40,1,1,1,1,2,3,1,66,99,1,1,69,"777777777777","777777777777","777777777777",0,0
19,190319,3,3,2,20,11,9,49,12,2,1,0,19,1,7,472,7472,30,2000,"1B7GL22X6YS6","1","B","7","G","L","2","2","X","6","Y","S","6",0,0,0,"000000000","00000000000",0,0,0,1,0,0,0,0,0,0,0,998,0,0,0,12,6,2,12,0,0,0,1,19,52722,6,1,0,0,3,0,72,280,0,0,0,0,0,0,0,0,0,0,0,0,0,0,1,5,35,1,1,1,1,2,3,1,66,99,1,1,98,"777777777777","777777777777","777777777777",0,0
19,190320,1,1,1,21,11,14,42,21,0,1,0,19,1,20,481,20481,31,2007,"1GCEK19037Z5","1","G","C","E","K","1","9","0","3","7","Z","5",0,0,0,"000000000","00000000000",0,0,0,1,0,0,0,0,0,0,0,998,0,0,0,12,6,2,21,0,0,0,1,19,50702,6,1,0,0,3,3,74,325,0,0,0,0,0,0,0,0,0,0,0,0,0,0,2,3,55,1,1,1,1,0,0,1,13,99,2,4,1,"777777777777","777777777777","777777777777",1,0
19,190321,1,2,2,22,11,10,35,12,1,1,0,19,1,37,32,37032,4,2006,"3HGCM56456G7","3","H","G","C","M","5","6","4","5","6","G","7",0,0,0,"000000000","00000000000",0,0,0,1,0,0,0,0,0,0,0,998,0,0,0,12,6,2,12,0,0,0,1,19,50310,6,1,0,0,3,0,67,145,0,0,0,0,0,0,0,0,0,3,36,0,0,0,2,4,35,1,1,1,2,2,3,1,52,99,1,1,24,"777777777777","777777777777","777777777777",2,0
19,190321,2,2,1,22,11,10,35,12,1,1,0,19,4,84,881,84881,64,2016,"1HTMMMML3GH4","1","H","T","M","M","M","M","L","3","G","H","4",0,0,58,"S00000075","58S00000075",2,1,2,1,0,0,0,0,0,0,0,998,0,0,0,6,2,5,12,0,0,0,1,19,50312,6,1,0,0,3,0,73,275,0,0,0,1,0,8,2012,8,2012,0,0,0,0,0,2,4,35,1,1,1,2,2,3,10,53,99,1,1,27,"777777777777","777777777777","777777777777",0,0
19,190322,1,3,2,23,11,16,50,12,1,1,0,19,2,23,481,23481,31,2006,"1GTGK13U86F2","1","G","T","G","K","1","3","U","8","6","F","2",0,0,0,"000000000","00000000000",0,0,0,1,0,0,0,0,0,0,0,998,0,0,0,12,6,2,12,0,0,0,1,29,64429,1,1,0,0,2,3,65,200,0,1,0,3,0,9,2012,1,2015,4,26,0,0,0,2,2,70,1,3,2,1,0,0,1,51,99,1,1,98,"777777777777","777777777777","777777777777",0,0
19,190322,2,3,5,23,11,16,50,12,1,1,0,19,0,35,51,35051,6,2015,"5N1AT2MV1FC8","5","N","1","A","T","2","M","V","1","F","C","8",0,0,0,"000000000","00000000000",0,0,0,1,0,0,0,0,0,0,0,998,0,0,0,12,4,5,12,0,0,0,1,19,50021,6,1,0,0,3,0,71,170,0,0,0,0,0,0,0,0,0,4,26,0,0,0,2,2,70,1,3,2,1,0,0,1,53,99,1,1,24,"777777777777","777777777777","777777777777",1,0
19,190322,3,3,3,23,11,16,50,12,1,1,0,19,3,20,481,20481,31,2011,"1GC1KXCG2BF2","1","G","C","1","K","X","C","G","2","B","F","2",0,0,0,"000000000","00000000000",0,0,0,1,0,0,0,0,0,0,0,998,0,0,0,6,0,5,12,0,0,0,1,19,50501,6,1,0,0,3,0,73,230,0,0,0,0,0,0,0,0,0,0,0,0,0,0,2,2,70,1,3,2,1,0,0,1,53,99,1,1,25,"777777777777","777777777777","777777777777",0,0
19,190323,1,1,2,24,11,0,50,5,0,1,0,19,1,20,481,20481,31,2005,"1GCHK23U05F8","1","G","C","H","K","2","3","U","0","5","F","8",0,0,0,"000000000","00000000000",0,0,0,1,0,0,0,0,0,0,0,998,0,0,0,0,0,5,5,0,0,0,1,19,52601,6,1,0,0,3,0,62,160,0,0,0,0,0,0,0,0,0,0,0,0,0,0,1,2,50,1,1,4,1,0,0,1,98,99,1,1,0,"777777777777","777777777777","777777777777",1,0
19,190324,1,2,1,24,11,20,0,12,7,1,0,19,1,22,20,22020,2,1997,"1G2WP1215VF2","1","G","2","W","P","1","2","1","5","V","F","2",0,0,0,"000000000","00000000000",0,0,0,1,0,0,0,0,0,0,0,0,0,1,5,11,6,2,1,0,0,0,1,19,50049,6,1,0,0,3,3,70,230,0,0,0,1,2,11,2012,3,2016,0,34,0,0,0,1,2,55,1,1,1,1,0,0,6,13,99,2,4,45,"777777777777","777777777777","777777777777",1,1
19,190324,2,2,3,24,11,20,0,12,7,1,0,19,1,12,481,12481,31,2015,"1FTEW1EF8FFA","1","F","T","E","W","1","E","F","8","F","F","A",0,0,0,"000000000","00000000000",0,0,0,1,0,0,0,0,0,0,0,998,0,0,0,5,2,5,12,0,0,0,1,19,50368,6,1,6,0,3,0,74,230,0,0,0,0,0,0,0,0,0,0,0,0,0,0,1,2,55,1,1,1,1,0,0,1,64,99,1,1,44,"777777777777","777777777777","777777777777",0,0
19,190325,1,2,1,25,11,19,35,12,2,1,0,19,1,20,481,20481,31,2005,"1GCJK332X5F8","1","G","C","J","K","3","3","2","X","5","F","8",0,0,0,"000000000","00000000000",0,0,0,1,0,0,0,0,0,0,0,998,0,0,0,12,6,2,12,0,0,0,1,19,50456,6,1,0,0,3,0,70,180,0,0,0,1,1,2,2013,10,2016,0,28,0,0,0,1,2,55,1,1,1,1,0,0,1,10,99,1,2,50,"777777777777","777777777777","777777777777",0,0