"STATE","ST_CASE","VEH_NO","VE_FORMS","NUMOCCS","DAY","MONTH","HOUR","MINUTE","HARM_EV","MAN_COLL","UNITTYPE","HIT_RUN","REG_STAT","OWNER","MAKE","MODEL","MAK_MOD","BODY_TYP","MOD_YEAR","VIN","VIN_1","VIN_2","VIN_3","VIN_4","VIN_5","VIN_6","VIN_7","VIN_8","VIN_9","VIN_10","VIN_11","VIN_12","TOW_VEH","J_KNIFE","MCARR_I1","MCARR_I2","MCARR_ID","GVWR","V_CONFIG","CARGO_BT","HAZ_INV","HAZ_PLAC","HAZ_ID","HAZ_CNO","HAZ_REL","BUS_USE","SPEC_USE","EMER_USE","TRAV_SP","UNDERIDE","ROLLOVER","ROLINLOC","IMPACT1","DEFORMED","TOWED","M_HARM","VEH_SC1","VEH_SC2","FIRE_EXP","DR_PRES","L_STATE","DR_ZIP","L_STATUS","L_TYPE","CDL_STAT","L_ENDORS","L_COMPL","L_RESTRI","DR_HGT","DR_WGT","PREV_ACC","PREV_SUS","PREV_DWI","PREV_SPD","PREV_OTH","FIRST_MO","FIRST_YR","LAST_MO","LAST_YR","SPEEDREL","DR_SF1","DR_SF2","DR_SF3","DR_SF4","VTRAFWAY","VNUM_LAN","VSPD_LIM","VALIGN","VPROFILE","VPAVETYP","VSURCOND","VTRAFCON","VTCONT_F","P_CRASH1","P_CRASH2","P_CRASH3","PCRASH4","PCRASH5","ACC_TYPE","TRLR1VIN","TRLR2VIN","TRLR3VIN","DEATHS","DR_DRINK"
19,190325,2,2,1,25,11,19,35,12,2,1,0,19,3,20,2,20002,4,2006,"2G1WS5511693","2","G","1","W","S","5","5","1","1","6","9","3",0,0,0,"000000000","00000000000",0,0,0,1,0,0,0,0,0,0,0,998,0,0,0,12,6,2,12,0,0,0,1,19,50441,6,1,0,0,3,3,62,150,0,0,0,1,1,8,2012,8,2016,0,0,0,0,0,1,2,55,1,1,1,1,0,0,1,60,99,1,1,51,"777777777777","777777777777","777777777777",1,0
19,190326,1,2,2,26,11,2,48,12,9,1,0,19,1,19,18,19018,4,2008,"1G6DG5776802","1","G","6","D","G","5","7","7","6","8","0","2",0,0,0,"000000000","00000000000",0,0,0,1,0,0,0,0,0,0,0,998,0,0,0,9,6,2,12,0,0,0,1,19,52404,6,1,0,0,3,0,68,171,1,0,0,0,4,7,2016,10,2016,3,58,0,0,0,3,4,55,1,1,1,8,0,0,1,6,99,3,2,44,"777777777777","777777777777","777777777777",2,0
19,190326,2,2,2,26,11,2,48,12,9,1,0,19,3,12,401,12401,14,2015,"1FM5K8AR3FGA","1","F","M","5","K","8","A","R","3","F","G","A",0,0,0,"000000000","00000000000",0,0,0,1,0,0,0,0,0,0,0,0,0,0,0,6,6,2,12,0,0,0,1,19,52302,6,1,0,0,3,0,70,175,0,0,0,0,0,0,0,0,0,0,0,0,0,0,3,4,55,1,1,1,1,0,0,5,60,99,9,1,45,"777777777777","777777777777","777777777777",0,0
19,190327,1,2,2,2,12,18,23,12,6,1,0,19,1,6,441,6441,20,2005,"2C8GP64L05R2","2","C","8","G","P","6","4","L","0","5","R","2",0,0,0,"000000000","00000000000",0,0,0,1,0,0,0,0,0,0,0,998,0,0,0,3,6,2,12,0,0,0,1,19,50665,6,1,6,0,3,0,72,225,0,0,0,0,0,0,0,0,0,0,28,38,47,0,1,2,55,1,1,2,1,0,0,10,16,99,1,2,70,"777777777777","777777777777","777777777777",2,0
19,190327,2,2,1,2,12,18,23,12,6,1,0,19,3,84,884,84884,66,2004,"2HSCEAPR94C0","2","H","S","C","E","A","P","R","9","4","C","0",1,1,57,"1387260","571387260",3,6,8,1,0,0,0,0,0,0,0,998,0,0,0,12,6,2,12,0,0,0,1,19,50665,6,1,6,0,3,3,70,200,0,0,0,0,0,0,0,0,0,0,0,0,0,0,1,2,55,1,1,2,1,0,0,1,60,99,1,1,71,"1TDH40029BB1","777777777777","777777777777",0,0
19,190328,1,1,1,2,12,9,45,35,0,1,0,19,1,20,421,20421,15,1999,"1GNEK13R8XR1","1","G","N","E","K","1","3","R","8","X","R","1",0,0,0,"000000000","00000000000",0,0,0,1,0,0,0,0,0,0,0,998,0,1,5,11,6,2,1,0,0,0,1,19,51532,6,1,0,0,3,0,70,122,0,0,0,1,0,10,2016,10,2016,0,0,0,0,0,1,2,55,1,6,2,1,0,0,1,9,99,2,4,2,"777777777777","777777777777","777777777777",1,0
19,190329,1,1,3,3,12,20,0,42,0,1,0,19,2,37,31,37031,2,1999,"1HGEJ8245XL0","1","H","G","E","J","8","2","4","5","X","L","0",0,0,0,"000000000","00000000000",0,0,0,1,0,0,0,0,0,0,0,998,0,1,5,8,6,2,3,0,0,0,1,19,99999,9,9,99,0,9,9,999,999,99,99,99,99,99,99,9999,99,9999,0,99,99,99,99,1,2,50,2,6,4,1,0,0,14,9,99,2,4,7,"777777777777","777777777777","777777777777",3,0
19,190330,1,1,1,4,12,19,54,8,0,1,0,19,2,51,45,51045,4,2002,"YV1TS92D1212","Y","V","1","T","S","9","2","D","1","2","1","2",0,0,0,"000000000","00000000000",0,0,0,1,0,0,0,0,0,0,0,998,0,0,0,12,4,5,8,0,0,0,1,19,50324,6,1,0,0,3,3,70,118,0,0,0,1,0,10,2016,10,2016,0,0,0,0,0,1,5,35,1,1,2,1,0,0,1,80,99,1,1,13,"777777777777","777777777777","777777777777",0,0
19,190331,1,1,3,15,11,8,0,1,0,1,0,27,2,20,431,20431,16,2003,"1GNFK16Z13J1","1","G","N","F","K","1","6","Z","1","3","J","1",0,0,0,"000000000","00000000000",0,0,0,1,0,0,0,0,0,0,0,998,0,1,5,0,6,2,1,0,0,0,1,27,55347,0,0,0,0,0,0,999,999,0,0,0,0,0,0,0,0,0,0,80,0,0,0,3,2,70,2,1,1,1,0,0,14,1,99,2,4,2,"777777777777","777777777777","777777777777",1,0
19,190332,1,2,1,6,12,6,42,12,6,1,0,19,1,23,402,23402,14,2013,"2GKALSEKXD63","2","G","K","A","L","S","E","K","X","D","6","3",0,0,0,"000000000","00000000000",0,0,0,1,0,0,0,0,0,0,0,998,0,0,0,12,6,2,12,0,0,0,1,19,50125,6,1,0,0,3,3,65,175,0,0,0,1,0,12,2015,12,2015,0,99,99,99,99,2,2,60,3,3,1,1,0,0,14,66,98,1,1,88,"777777777777","777777777777","777777777777",0,0
19,190332,2,2,1,6,12,6,42,12,6,1,0,19,1,20,403,20403,14,2006,"1GNET16S3661","1","G","N","E","T","1","6","S","3","6","6","1",0,0,0,"000000000","00000000000",0,0,0,1,0,0,0,0,0,0,0,998,0,0,0,11,6,2,12,0,0,0,1,19,50047,6,1,0,0,3,0,70,175,0,0,0,0,0,0,0,0,0,0,39,0,0,0,1,2,55,1,1,1,1,20,3,1,17,99,1,1,89,"777777777777","777777777777","777777777777",1,0
19,190333,1,2,3,7,12,6,30,12,6,1,0,19,1,63,402,63402,14,2012,"5XYKWDA21CG2","5","X","Y","K","W","D","A","2","1","C","G","2",0,0,0,"000000000","00000000000",0,0,0,1,0,0,0,0,0,0,0,998,0,0,0,3,6,2,12,0,0,0,1,48,52317,6,1,0,0,3,0,999,999,0,0,0,0,0,0,0,0,0,0,39,0,0,0,1,2,45,1,1,2,1,20,3,1,55,99,1,1,87,"777777777777","777777777777","777777777777",1,0
19,190333,2,2,1,7,12,6,30,12,6,1,0,19,1,85,881,85881,66,2005,"1XKDDU9X95J0","1","X","K","D","D","U","9","X","9","5","J","0",1,1,57,"2092346","572092346",3,6,1,1,0,0,0,0,0,0,0,998,0,0,0,12,6,2,12,0,0,0,1,19,52215,6,1,6,0,3,0,72,215,1,0,0,0,0,5,2012,5,2012,0,0,0,0,0,1,3,55,1,1,2,1,0,0,1,66,98,1,1,86,"1TDH4002XDB1","777777777777","777777777777",0,0
19,190334,1,2,1,7,12,16,51,12,2,1,0,19,1,12,481,12481,31,2011,"1FTFW1ET4BKD","1","F","T","F","W","1","E","T","4","B","K","D",0,0,0,"000000000","00000000000",0,0,0,1,0,0,0,0,0,0,0,998,0,0,0,12,6,2,12,0,0,0,1,19,52753,6,1,0,0,3,3,72,200,0,2,1,0,1,9,2013,11,2016,0,28,0,0,0,1,2,55,1,1,2,1,0,0,1,10,99,1,2,50,"777777777777","777777777777","777777777777",1,1
19,190334,2,2,1,7,12,16,51,12,2,1,0,19,1,18,24,18024,6,2012,"5GAKVDED3CJ2","5","G","A","K","V","D","E","D","3","C","J","2",0,0,0,"000000000","00000000000",0,0,0,1,0,0,0,0,0,0,0,998,0,0,0,12,6,2,12,0,0,0,1,19,52101,6,1,0,0,3,0,69,140,0,0,0,2,0,5,2013,9,2014,0,0,0,0,0,1,2,55,1,1,2,1,0,0,1,60,99,1,1,51,"777777777777","777777777777","777777777777",0,0
19,190335,1,3,1,10,12,9,6,12,6,1,0,17,3,51,881,51881,66,2007,"4V4NC9TJ57N4","4","V","4","N","C","9","T","J","5","7","N","4",1,3,57,"2132494","572132494",3,6,1,1,0,0,0,0,0,0,0,998,0,0,0,12,6,2,12,0,0,0,1,13,31405,6,1,6,0,3,3,66,140,98,0,0,2,0,8,2016,8,2016,4,87,0,0,0,2,2,70,1,1,1,4,0,0,1,6,98,4,4,64,"1UYVS2537FM2","777777777777","777777777777",0,0
19,190335,2,3,5,10,12,9,6,12,6,1,0,19,1,6,441,6441,20,2014,"2C4RC1CG1ER3","2","C","4","R","C","1","C","G","1","E","R","3",0,0,0,"000000000","00000000000",0,0,0,1,0,0,0,0,0,0,0,998,0,0,0,9,6,2,12,0,0,0,1,19,50025,6,1,0,0,3,0,72,210,0,0,0,1,0,8,2012,8,2012,0,0,0,0,0,2,2,70,1,1,1,4,0,0,1,64,98,1,1,65,"777777777777","777777777777","777777777777",2,0
19,190335,3,3,6,10,12,9,6,12,6,1,0,31,1,23,422,23422,15,2008,"1GKFK66858J1","1","G","K","F","K","6","6","8","5","8","J","1",0,0,0,"000000000","00000000000",0,0,0,1,0,0,0,0,0,0,0,998,0,0,0,12,6,2,12,0,0,0,1,31,68028,6,1,0,0,3,0,70,225,0,0,0,1,0,1,2014,1,2014,0,0,0,0,0,2,2,70,1,1,1,4,0,0,1,64,98,1,1,98,"777777777777","777777777777","777777777777",1,0
19,190336,1,5,1,10,12,9,50,12,1,1,0,17,3,51,881,51881,66,2008,"4V4NC9TG38N4","4","V","4","N","C","9","T","G","3","8","N","4",1,1,57,"1870373","571870373",3,6,1,1,0,0,0,0,0,0,0,998,0,0,0,12,6,2,12,0,0,0,1,17,60467,6,1,6,0,3,3,78,235,0,0,0,0,7,8,2014,8,2015,4,26,0,0,0,3,2,70,1,6,2,3,0,0,1,6,98,9,1,24,"1GRAP062XHK2","777777777777","777777777777",0,0
19,190336,2,5,2,10,12,9,50,12,1,1,0,55,1,20,404,20404,14,2014,"1GNFLGEK1EZ1","1","G","N","F","L","G","E","K","1","E","Z","1",0,0,0,"000000000","00000000000",0,0,0,1,0,0,0,0,0,0,0,998,0,0,0,6,6,2,12,0,0,0,1,55,54022,6,1,0,0,3,0,66,200,0,0,0,0,0,0,0,0,0,0,0,0,0,0,3,2,70,1,6,2,3,0,0,2,53,99,1,1,25,"777777777777","777777777777","777777777777",1,0
19,190336,3,5,1,10,12,9,50,12,1,1,0,29,1,12,17,12017,6,2008,"1FMDK05W68GA","1","F","M","D","K","0","5","W","6","8","G","A",0,0,0,"000000000","00000000000",0,0,0,1,0,0,0,0,0,0,0,998,0,0,0,7,2,5,12,0,0,0,1,29,64029,6,1,0,0,3,3,69,200,0,0,0,0,0,0,0,0,0,4,0,0,0,0,3,2,70,1,6,2,3,0,0,17,90,6,1,2,98,"777777777777","777777777777","777777777777",0,0
19,190336,4,5,1,10,12,9,50,12,1,1,0,19,0,12,23,12023,4,2013,"3FA6P0H74DR1","3","F","A","6","P","0","H","7","4","D","R","1",0,0,0,"000000000","00000000000",0,0,0,1,0,0,0,0,0,0,0,70,0,0,0,9,6,2,57,0,0,0,1,19,50801,6,1,0,0,3,0,67,135,1,0,0,2,0,2,2012,11,2012,4,81,0,0,0,3,2,70,1,6,2,3,0,0,1,50,98,1,4,98,"777777777777","777777777777","777777777777",0,0
19,190336,5,5,1,10,12,9,50,12,1,1,1,99,9,99,999,99999,99,9999,"888888888888","8","8","8","8","8","8","8","8","8","8","8","8",0,0,99,"999999999","99999999999",9,99,99,1,0,0,0,0,99,99,9,999,0,0,0,1,9,9,12,99,99,0,1,99,99999,9,9,99,9,9,9,999,999,99,99,99,99,99,99,9999,99,9999,4,0,0,0,0,3,2,70,1,6,2,3,0,0,99,99,99,9,9,98,"777777777777","777777777777","777777777777",0,0
19,190337,1,1,1,13,12,17,24,8,0,1,0,19,2,12,37,12037,4,2003,"1FAFP34333W1","1","F","A","F","P","3","4","3","3","3","W","1",0,0,0,"000000000","00000000000",0,0,0,1,0,0,0,0,0,0,0,998,0,0,0,12,4,3,8,0,0,0,1,19,52162,0,0,0,0,0,0,999,999,1,0,0,0,0,3,2012,3,2012,0,0,0,0,0,1,2,55,1,1,2,1,0,0,1,80,99,1,1,13,"777777777777","777777777777","777777777777",0,0
19,190338,1,2,3,14,12,19,23,12,6,1,0,19,0,12,22,12022,6,2006,"1FMDK06106GA","1","F","M","D","K","0","6","1","0","6","G","A",0,0,0,"000000000","00000000000",0,0,0,1,0,0,0,0,0,0,0,998,1,0,0,12,6,2,12,0,0,0,1,19,51458,6,1,0,0,3,0,61,230,1,0,0,0,0,8,2013,8,2013,3,38,0,0,0,1,2,55,1,1,1,1,20,3,1,17,99,1,1,86,"777777777777","777777777777","777777777777",2,0
19,190338,2,2,1,14,12,19,23,12,6,1,0,19,3,82,881,82881,66,2003,"1FUJA6CG03PK","1","F","U","J","A","6","C","G","0","3","P","K",1,1,57,"00764353","5700764353",3,6,1,1,0,0,0,0,0,0,0,998,0,0,0,4,6,2,12,0,0,0,1,19,51104,6,1,6,0,3,3,72,215,0,0,0,0,0,0,0,0,0,0,0,0,0,0,1,2,55,1,1,1,1,0,0,1,68,99,1,1,87,"1GRAA0620AW7","777777777777","777777777777",0,0
19,190339,1,1,1,15,12,18,3,24,0,1,0,19,1,19,421,19421,15,2016,"1GYS4KKJ1GR4","1","G","Y","S","4","K","K","J","1","G","R","4",0,0,0,"000000000","00000000000",0,0,0,1,0,0,0,0,0,0,0,998,0,0,0,61,6,2,24,0,0,0,1,19,52333,6,1,0,0,3,0,75,250,0,0,0,1,0,2,2012,2,2012,0,0,0,0,0,3,4,65,1,1,2,1,0,0,1,13,99,2,4,2,"777777777777","777777777777","777777777777",1,1
19,190340,1,1,1,15,12,17,2,1,0,1,0,19,1,24,401,24401,14,2004,"5GZCZ634X4S8","5","G","Z","C","Z","6","3","4","X","4","S","8",0,0,0,"000000000","00000000000",0,0,0,1,0,0,0,0,0,0,0,998,0,1,5,0,6,2,1,0,0,0,1,19,52577,6,1,6,0,3,3,74,325,1,0,0,0,0,3,2013,3,2013,0,58,0,0,0,1,2,55,1,1,1,1,0,0,1,11,99,4,4,1,"777777777777","777777777777","777777777777",1,0
19,190341,1,1,1,16,12,17,50,35,0,1,0,55,3,82,881,82881,66,1998,"2FUYDSEB5WA8","2","F","U","Y","D","S","E","B","5","W","A","8",1,1,57,"1237134","571237134",3,6,1,1,0,0,0,0,0,0,0,998,0,0,0,12,6,2,35,0,0,0,1,55,54155,6,1,6,0,3,0,66,240,0,0,0,0,1,3,2014,3,2014,0,0,0,0,0,2,2,70,1,1,1,4,0,0,1,12,99,9,4,7,"1GRAA96232W0","777777777777","777777777777",1,0
19,190342,1,1,2,17,12,11,27,38,0,1,0,19,1,20,431,20431,16,1995,"1GNFK16K8SJ3","1","G","N","F","K","1","6","K","8","S","J","3",0,0,0,"000000000","00000000000",0,0,0,1,0,0,0,0,0,0,0,998,0,1,5,3,6,2,1,0,0,0,1,19,50240,6,1,0,0,3,0,66,185,1,0,0,0,0,12,2012,12,2012,4,87,0,0,0,1,2,55,1,1,1,3,0,0,1,6,99,3,4,7,"777777777777","777777777777","777777777777",1,0
19,190343,1,2,1,19,12,12,19,12,6,1,0,19,2,52,402,52402,14,2005,"4A4MN21S85E0","4","A","4","M","N","2","1","S","8","5","E","0",0,0,0,"000000000","00000000000",0,0,0,1,0,0,0,0,0,0,0,998,0,0,0,3,6,2,12,0,0,0,1,19,50525,1,1,0,0,2,0,62,120,1,1,1,0,0,4,2015,11,2016,4,87,0,0,0,1,2,55,1,1,2,3,0,0,1,6,99,4,2,64,"777777777777","777777777777","777777777777",1,0
19,190343,2,2,1,19,12,12,19,12,6,1,0,19,1,38,401,38401,14,1996,"JACDJ58VXT79","J","A","C","D","J","5","8","V","X","T","7","9",0,0,0,"000000000","00000000000",0,0,0,1,0,0,0,0,0,0,0,998,0,0,0,12,6,2,12,0,0,0,1,19,50034,6,1,6,0,3,0,72,170,0,0,0,0,0,0,0,0,0,0,0,0,0,0,1,2,55,1,1,2,3,0,0,1,62,99,1,1,65,"777777777777","777777777777","777777777777",0,0
19,190344,1,3,2,21,12,17,25,12,2,1,0,19,2,20,16,20016,4,2003,"1G1JF52F9372","1","G","1","J","F","5","2","F","9","3","7","2",0,0,0,"000000000","00000000000",0,0,0,1,0,0,0,0,0,0,0,998,0,0,0,12,6,2,12,0,0,0,1,19,51533,6,1,6,0,3,3,74,173,0,0,0,0,0,0,0,0,0,0,26,35,0,0,1,3,55,1,6,1,1,0,0,1,52,99,1,2,58,"777777777777","777777777777","777777777777",1,0
19,190344,2,3,2,21,12,17,25,12,2,1,0,19,1,7,29,7029,4,2013,"1C3CDFCH7DD7","1","C","3","C","D","F","C","H","7","D","D","7",0,0,0,"000000000","00000000000",0,0,0,1,0,0,0,0,0,0,0,998,0,0,0,12,6,2,12,0,0,0,1,19,51636,3,1,0,0,2,3,64,145,0,1,0,1,2,9,2012,3,2016,0,0,0,0,0,1,3,55,1,5,1,1,0,0,1,62,99,1,1,59,"777777777777","777777777777","777777777777",0,0
19,190344,3,3,1,21,12,17,25,12,2,1,0,19,3,87,884,87884,66,2012,"1XPHD49X0CD1","1","X","P","H","D","4","9","X","0","C","D","1",1,1,57,"2077240","572077240",3,6,2,1,0,0,0,0,0,0,0,998,0,0,0,9,2,5,12,0,0,0,1,19,52577,6,1,6,0,3,0,70,220,1,0,0,0,1,3,2013,3,2013,0,0,0,0,0,1,3,55,1,6,1,1,0,0,10,53,99,1,1,98,"1W9S82021N10","777777777777","777777777777",0,0
19,190345,1,2,3,20,11,16,50,12,2,1,0,19,1,55,33,55033,4,2013,"5NPEB4AC8DH6","5","N","P","E","B","4","A","C","8","D","H","6",0,0,0,"000000000","00000000000",0,0,0,1,0,0,0,0,0,0,0,998,0,0,0,12,6,2,12,0,0,0,1,19,51532,6,1,6,0,3,0,69,165,1,2,0,1,0,11,2012,8,2016,0,28,0,0,0,2,3,55,1,5,2,1,0,0,1,10,99,1,2,50,"777777777777","777777777777","777777777777",0,0
19,190345,2,2,1,20,11,16,50,12,2,1,0,19,1,12,442,12442,20,2001,"2FMDA57401BA","2","F","M","D","A","5","7","4","0","1","B","A",0,0,0,"000000000","00000000000",0,0,0,1,0,0,0,0,0,0,0,998,0,1,5,12,6,2,12,0,0,0,1,19,51540,6,1,0,0,3,3,64,250,0,0,0,0,0,0,0,0,0,0,0,0,0,0,2,3,55,1,6,2,1,0,0,1,62,99,1,1,51,"777777777777","777777777777","777777777777",1,0
19,190346,1,1,3,2,12,1,46,42,0,1,0,19,2,21,22,21022,4,2001,"1G3GR64H6141","1","G","3","G","R","6","4","H","6","1","4","1",0,0,0,"000000000","00000000000",0,0,0,1,0,0,0,0,0,0,0,998,0,1,6,3,6,2,42,0,0,0,1,19,52627,6,1,0,0,3,3,71,187,0,0,0,0,0,0,0,0,0,3,36,0,0,0,1,2,50,1,3,4,1,0,0,1,6,99,4,4,7,"777777777777","777777777777","777777777777",1,0
19,190347,1,2,1,3,12,15,23,12,9,1,0,19,3,20,421,20421,15,2016,"1GNSKDEC3GR2","1","G","N","S","K","D","E","C","3","G","R","2",0,0,0,"000000000","00000000000",0,0,0,1,0,0,0,0,0,0,0,0,0,0,0,6,6,2,12,41,0,0,1,19,51501,6,1,0,0,3,0,75,245,1,0,0,0,0,10,2016,10,2016,0,16,0,0,0,3,3,55,2,1,1,3,0,0,5,53,99,9,1,48,"777777777777","777777777777","777777777777",0,0
19,190347,2,2,1,3,12,15,23,12,9,1,0,48,1,37,35,37035,1,2005,"JHMAP21495S0","J","H","M","A","P","2","1","4","9","5","S","0",0,0,0,"000000000","00000000000",0,0,0,1,0,0,0,0,0,0,0,998,0,0,0,9,6,2,12,0,0,0,1,48,77063,6,1,0,0,3,3,999,999,0,0,0,0,0,0,0,0,0,4,87,0,0,0,3,3,55,2,1,1,3,0,0,14,6,99,3,1,48,"777777777777","777777777777","777777777777",1,0
19,190348,1,1,3,21,12,19,53,21,0,1,0,19,1,12,481,12481,31,2016,"1FTEW1EF2GKD","1","F","T","E","W","1","E","F","2","G","K","D",0,0,0,"000000000","00000000000",0,0,0,1,0,0,0,0,0,0,0,998,0,0,0,12,6,2,21,0,0,0,1,19,50003,6,1,0,0,3,3,70,180,0,0,0,0,0,0,0,0,0,3,36,0,0,0,3,3,60,1,1,2,1,0,0,1,13,99,9,4,1,"777777777777","777777777777","777777777777",2,0
19,190349,1,2,1,23,12,8,33,12,6,1,0,19,1,18,402,18402,14,2004,"5GADT13S1424","5","G","A","D","T","1","3","S","1","4","2","4",0,0,0,"000000000","00000000000",0,0,0,1,0,0,0,0,0,0,0,998,0,0,0,9,6,2,12,0,0,0,1,17,60432,6,1,0,0,3,3,65,210,0,1,1,1,4,7,2012,8,2016,4,28,58,0,0,1,2,55,1,1,2,3,0,0,1,6,98,3,2,64,"777777777777","777777777777","777777777777",1,0
19,190349,2,2,1,23,12,8,33,12,6,1,0,47,3,23,481,23481,31,2016,"3GTU2NEC7GG1","3","G","T","U","2","N","E","C","7","G","G","1",0,0,0,"000000000","00000000000",0,0,0,1,0,0,0,0,0,0,0,998,0,0,0,12,6,2,12,0,0,0,1,19,50595,6,1,0,0,3,0,72,315,0,0,0,2,0,4,2012,9,2016,0,0,0,0,0,1,2,55,1,1,2,3,0,0,1,62,99,1,1,65,"777777777777","777777777777","777777777777",0,0
19,190350,1,2,1,23,12,17,45,12,2,1,1,19,1,2,1,2001,6,2016,"1C4NJDBB6GD5","1","C","4","N","J","D","B","B","6","G","D","5",0,0,0,"000000000","00000000000",0,0,0,1,0,0,0,0,0,0,0,998,0,0,0,12,6,2,12,0,0,0,1,19,50273,6,1,0,0,3,0,66,145,0,0,0,0,0,0,0,0,0,0,28,87,0,0,1,3,55,2,6,2,2,0,0,14,10,99,9,2,50,"777777777777","777777777777","777777777777",1,1
19,190350,2,2,1,23,12,17,45,12,2,1,0,19,1,48,45,48045,6,2005,"4S4BP68C8543","4","S","4","B","P","6","8","C","8","5","4","3",0,0,0,"000000000","00000000000",0,0,0,1,0,0,0,0,0,0,0,998,0,0,0,12,6,2,12,0,0,0,1,19,50273,6,1,0,0,3,3,58,142,0,0,0,0,0,0,0,0,0,0,0,0,0,0,1,3,55,3,5,2,2,0,0,14,60,99,1,1,51,"777777777777","777777777777","777777777777",0,0
19,190351,1,4,2,24,12,8,24,12,2,1,0,17,3,51,881,51881,66,2007,"4V4NC9GH57N4","4","V","4","N","C","9","G","H","5","7","N","4",1,1,57,"2903892","572903892",3,6,1,1,0,0,0,0,0,0,0,998,7,0,0,12,6,2,12,0,0,0,1,25,2302,6,1,6,0,3,0,69,999,0,0,0,0,0,0,0,0,0,0,35,0,0,0,1,2,55,1,1,2,2,0,0,6,54,99,1,2,50,"5V8VC5326HM7","777777777777","777777777777",0,0
19,190351,2,4,2,24,12,8,24,12,2,1,0,19,1,20,473,20473,30,2016,"1GCHTBEA4G11","1","G","C","H","T","B","E","A","4","G","1","1",0,0,0,"000000000","00000000000",0,0,0,1,0,0,0,0,0,0,0,998,0,0,0,12,6,2,12,0,0,0,1,19,51458,6,1,0,0,3,3,68,225,0,0,0,0,0,0,0,0,0,0,0,0,0,0,1,2,55,1,1,2,2,0,0,1,62,99,1,1,51,"777777777777","777777777777","777777777777",1,0
19,190351,3,4,2,24,12,8,24,12,2,1,0,19,1,22,2,22002,4,1992,"1G2HX53L5N12","1","G","2","H","X","5","3","L","5","N","1","2",0,0,0,"000000000","00000000000",0,0,0,1,0,0,0,0,0,0,0,998,0,0,0,12,6,2,12,0,0,0,1,19,51458,6,1,6,0,3,0,63,145,0,0,0,0,0,0,0,0,0,0,0,0,0,0,1,2,55,1,1,2,2,0,0,1,51,99,1,1,98,"777777777777","777777777777","777777777777",0,0
19,190351,4,4,1,24,12,8,24,12,2,1,0,19,1,12,17,12017,4,1997,"1FALP52U5VA2","1","F","A","L","P","5","2","U","5","V","A","2",0,0,0,"000000000","00000000000",0,0,0,1,0,0,0,0,0,0,0,998,0,0,0,12,6,2,54,0,0,0,1,19,51449,0,0,0,0,0,0,70,185,0,0,0,0,0,0,0,0,0,0,0,0,0,0,1,2,55,1,1,2,2,0,0,1,90,99,1,1,98,"777777777777","777777777777","777777777777",0,0
19,190352,1,1,1,26,12,6,49,1,0,1,0,19,1,20,402,20402,14,2002,"2CNBJ18C8269","2","C","N","B","J","1","8","C","8","2","6","9",0,0,0,"000000000","00000000000",0,0,0,1,0,0,0,0,0,0,0,998,0,1,3,0,6,2,1,0,0,0,1,19,52032,6,1,0,0,3,0,72,235,0,0,0,0,0,0,0,0,0,4,87,0,0,0,2,2,65,1,1,2,4,0,0,1,6,99,4,4,7,"777777777777","777777777777","777777777777",1,0
19,190353,1,1,1,27,12,2,1,14,0,1,0,17,1,7,442,7442,20,2007,"2D4GP44L57R1","2","D","4","G","P","4","4","L","5","7","R","1",0,0,0,"000000000","00000000000",0,0,0,1,0,0,0,0,0,0,0,998,0,0,0,12,6,2,14,0,0,0,1,17,60154,6,1,0,0,3,0,74,240,0,0,0,0,1,9,2016,9,2016,0,0,0,0,0,2,2,70,1,1,2,1,0,0,1,13,99,9,4,11,"777777777777","777777777777","777777777777",1,0
19,190354,1,3,1,3,11,15,44,12,1,1,0,19,1,20,481,20481,31,2009,"3GCEK23C49G2","3","G","C","E","K","2","3","C","4","9","G","2",0,0,0,"000000000","00000000000",0,0,0,1,0,0,0,0,0,0,0,998,0,0,0,12,6,2,12,0,0,0,1,19,52405,6,1,0,0,3,3,77,210,0,0,0,0,0,0,0,0,0,0,0,0,0,0,1,2,55,1,1,2,1,0,0,1,50,99,1,1,20,"777777777777","777777777777","777777777777",0,0
19,190354,2,3,5,3,11,15,44,12,1,1,0,19,2,20,39,20039,4,2007,"KL1TD56617B1","K","L","1","T","D","5","6","6","1","7","B","1",0,0,0,"000000000","00000000000",0,0,0,1,0,0,0,0,0,0,0,0,7,0,0,6,6,2,12,0,0,0,1,19,52208,6,1,0,0,3,0,65,155,0,0,0,2,0,6,2012,5,2015,0,0,0,0,0,1,2,55,1,1,2,1,0,0,5,53,99,1,1,21,"777777777777","777777777777","777777777777",2,0
19,190354,3,3,1,3,11,15,44,12,1,1,0,19,2,7,482,7482,31,1997,"1B7HC13Z9VJ5","1","B","7","H","C","1","3","Z","9","V","J","5",0,0,0,"000000000","00000000000",0,0,0,1,0,0,0,0,0,0,0,0,0,0,0,6,4,5,12,0,0,0,1,19,52328,6,2,0,0,3,3,61,112,0,0,0,0,0,0,0,0,0,0,0,0,0,0,1,2,55,1,1,2,1,0,0,5,50,99,1,1,98,"777777777777","777777777777","777777777777",0,0