"STATE","ST_CASE","VEH_NO","VE_FORMS","NUMOCCS","DAY","MONTH","HOUR","MINUTE","HARM_EV","MAN_COLL","UNITTYPE","HIT_RUN","REG_STAT","OWNER","MAKE","MODEL","MAK_MOD","BODY_TYP","MOD_YEAR","VIN","VIN_1","VIN_2","VIN_3","VIN_4","VIN_5","VIN_6","VIN_7","VIN_8","VIN_9","VIN_10","VIN_11","VIN_12","TOW_VEH","J_KNIFE","MCARR_I1","MCARR_I2","MCARR_ID","GVWR","V_CONFIG","CARGO_BT","HAZ_INV","HAZ_PLAC","HAZ_ID","HAZ_CNO","HAZ_REL","BUS_USE","SPEC_USE","EMER_USE","TRAV_SP","UNDERIDE","ROLLOVER","ROLINLOC","IMPACT1","DEFORMED","TOWED","M_HARM","VEH_SC1","VEH_SC2","FIRE_EXP","DR_PRES","L_STATE","DR_ZIP","L_STATUS","L_TYPE","CDL_STAT","L_ENDORS","L_COMPL","L_RESTRI","DR_HGT","DR_WGT","PREV_ACC","PREV_SUS","PREV_DWI","PREV_SPD","PREV_OTH","FIRST_MO","FIRST_YR","LAST_MO","LAST_YR","SPEEDREL","DR_SF1","DR_SF2","DR_SF3","DR_SF4","VTRAFWAY","VNUM_LAN","VSPD_LIM","VALIGN","VPROFILE","VPAVETYP","VSURCOND","VTRAFCON","VTCONT_F","P_CRASH1","P_CRASH2","P_CRASH3","PCRASH4","PCRASH5","ACC_TYPE","TRLR1VIN","TRLR2VIN","TRLR3VIN","DEATHS","DR_DRINK"
20,200035,1,1,1,23,2,17,19,8,0,1,0,37,1,19,20,19020,6,2010,"3GYFNGEY4AS5","3","G","Y","F","N","G","E","Y","4","A","S","5",0,0,0,"000000000","00000000000",0,0,0,1,0,0,0,0,0,0,0,998,0,0,0,10,2,5,8,0,0,0,1,37,27614,6,1,0,0,3,0,68,999,0,0,0,1,1,5,2011,12,2013,0,0,0,0,0,0,0,0,0,0,0,0,0,0,1,80,98,1,5,98,"777777777777","777777777777","777777777777",0,0
20,200036,1,1,1,29,2,11,55,32,0,1,0,20,1,55,441,55441,20,2007,"KNDMC2339760","K","N","D","M","C","2","3","3","9","7","6","0",0,0,0,"000000000","00000000000",0,0,0,1,0,0,0,0,0,0,0,998,0,0,0,12,6,2,32,0,0,0,1,20,67475,6,1,6,0,3,0,70,220,0,0,0,0,0,0,0,0,0,0,0,0,0,0,1,2,55,1,2,4,1,0,0,1,12,99,1,4,6,"777777777777","777777777777","777777777777",1,1
20,200037,1,2,1,5,3,13,40,12,6,1,0,20,1,12,481,12481,31,2012,"1FT7X2BT0CEB","1","F","T","7","X","2","B","T","0","C","E","B",0,0,0,"000000000","00000000000",0,0,0,1,0,0,0,0,0,0,0,35,0,0,0,1,9,9,12,0,0,0,1,20,67443,6,1,6,0,3,0,67,185,0,0,0,0,0,0,0,0,0,0,0,0,0,0,1,2,55,1,1,4,1,0,0,6,61,99,1,1,98,"777777777777","777777777777","777777777777",0,0
20,200037,2,2,1,5,3,13,40,12,6,1,0,92,0,99,702,99702,88,2015,"A6M12AAAPFWB","A","6","M","1","2","A","A","A","P","F","W","B",0,0,0,"000000000","00000000000",0,0,0,1,0,0,0,0,0,0,0,998,0,0,0,10,9,9,12,0,0,0,1,20,67443,0,0,0,0,0,0,999,999,0,0,0,0,0,0,0,0,0,0,0,0,0,0,1,2,55,1,1,4,1,0,0,11,51,99,1,2,98,"777777777777","777777777777","777777777777",1,0
20,200038,1,2,1,7,2,14,20,12,8,1,0,34,3,84,884,84884,66,2009,"2HSCUAPR19C1","2","H","S","C","U","A","P","R","1","9","C","1",1,2,57,"2555370","572555370",3,6,1,1,0,0,0,0,0,0,0,998,0,0,0,8,9,5,12,0,0,0,1,12,33165,6,1,6,9,3,1,999,999,99,99,99,99,99,99,9999,99,9999,0,87,0,0,0,1,2,65,1,1,2,4,0,0,1,6,99,2,2,66,"1UYVS25339M6","777777777777","777777777777",0,0
20,200038,2,2,3,7,2,14,20,12,8,1,0,20,1,22,20,22020,4,2005,"2G2WR5245513","2","G","2","W","R","5","2","4","5","5","1","3",0,0,0,"000000000","00000000000",0,0,0,1,0,0,0,0,0,0,0,998,0,0,0,11,6,2,12,0,0,0,1,20,67654,6,1,0,0,3,1,66,118,0,0,0,0,0,0,0,0,0,0,87,0,0,0,1,2,65,1,1,2,4,0,0,1,62,99,1,1,66,"777777777777","777777777777","777777777777",1,0
20,200039,1,3,1,13,2,11,0,12,6,1,0,20,1,20,405,20405,14,2014,"3GNAL4EK5ES5","3","G","N","A","L","4","E","K","5","E","S","5",0,0,0,"000000000","00000000000",0,0,0,1,0,0,0,0,0,0,0,998,0,0,0,9,6,2,12,0,0,0,1,20,66502,6,1,0,0,3,1,60,130,0,0,0,0,0,0,0,0,0,0,0,0,0,0,1,4,30,1,1,2,1,2,3,1,17,99,1,1,89,"777777777777","777777777777","777777777777",1,0
20,200039,2,3,1,13,2,11,0,12,6,1,0,20,3,85,881,85881,66,1997,"1XKDDB9X7VR7","1","X","K","D","D","B","9","X","7","V","R","7",1,1,57,"72884","5772884",3,6,8,1,0,0,0,0,0,0,0,998,0,0,0,12,6,2,12,0,0,0,1,20,66503,6,1,6,0,3,0,79,215,0,0,0,1,0,12,2013,12,2013,0,38,39,0,0,2,4,55,1,1,2,1,2,3,1,66,8,1,1,88,"1C9FA4023912","777777777777","777777777777",0,0
20,200039,3,3,1,13,2,11,0,12,6,1,0,20,1,20,481,20481,31,2008,"1GCHK23K28F1","1","G","C","H","K","2","3","K","2","8","F","1",0,0,0,"000000000","00000000000",0,0,0,1,0,0,0,0,0,0,0,998,0,0,0,8,4,5,12,0,0,0,1,20,66502,1,1,0,0,2,1,74,210,0,1,0,2,0,5,2015,11,2015,0,0,0,0,0,2,4,55,1,1,2,1,2,3,1,62,99,1,1,98,"777777777777","777777777777","777777777777",0,0
20,200040,1,2,1,15,2,8,36,12,1,1,0,40,3,20,481,20481,31,2015,"1GC2KUEG6FZ1","1","G","C","2","K","U","E","G","6","F","Z","1",0,0,0,"000000000","00000000000",0,0,0,1,0,0,0,0,0,0,0,998,0,0,0,12,6,2,12,0,0,0,1,40,73717,6,1,0,0,3,0,70,240,0,0,0,0,0,0,0,0,0,0,0,0,0,0,1,2,65,1,1,2,1,0,0,1,50,99,1,1,20,"777777777777","777777777777","777777777777",1,0
20,200040,2,2,1,15,2,8,36,12,1,1,0,20,3,84,884,84884,66,1997,"2HSFMAXR3VC0","2","H","S","F","M","A","X","R","3","V","C","0",1,1,57,"27116","5727116",3,6,4,1,0,0,0,0,0,0,0,0,7,0,0,6,4,5,12,0,0,0,1,20,66862,6,1,6,0,3,1,68,185,0,0,0,0,0,0,0,0,0,0,0,0,0,0,1,2,65,1,1,2,1,0,0,5,53,99,1,1,21,"48X1F3022410","777777777777","777777777777",0,0
20,200041,1,1,3,19,2,13,0,42,0,1,0,20,1,12,32,12032,4,2012,"3FADP4AJ8CM1","3","F","A","D","P","4","A","J","8","C","M","1",0,0,0,"000000000","00000000000",0,0,0,1,0,0,0,0,0,0,0,998,0,0,0,12,6,2,42,0,0,0,1,20,66712,6,1,0,0,3,0,68,130,0,0,0,1,0,1,2015,1,2015,0,0,0,0,0,1,2,40,1,2,2,1,0,0,1,12,1,1,4,6,"777777777777","777777777777","777777777777",1,0
20,200042,1,2,1,19,2,20,30,12,2,1,0,20,2,49,403,49403,14,2015,"5TDJKRFH6FS1","5","T","D","J","K","R","F","H","6","F","S","1",0,0,0,"000000000","00000000000",0,0,0,1,0,0,0,0,0,0,0,998,0,0,0,12,6,2,12,0,0,0,1,20,66212,6,1,0,0,3,0,62,140,0,0,0,0,0,0,0,0,0,0,51,0,0,0,3,4,60,2,1,1,1,0,0,14,54,1,1,1,52,"777777777777","777777777777","777777777777",0,1
20,200042,2,2,1,19,2,20,30,12,2,1,0,20,1,35,55,35055,5,2013,"1N4AZ0CP5DC4","1","N","4","A","Z","0","C","P","5","D","C","4",0,0,0,"000000000","00000000000",0,0,0,1,0,0,0,0,0,0,0,998,0,0,0,12,6,2,12,0,0,0,1,20,66216,6,1,0,0,3,0,72,170,0,0,0,0,0,0,0,0,0,0,0,0,0,0,3,4,60,3,1,1,1,0,0,14,63,1,1,1,52,"777777777777","777777777777","777777777777",1,1
20,200043,1,2,2,24,2,11,42,12,6,1,0,19,2,7,482,7482,31,1998,"1B7MF3362WJ2","1","B","7","M","F","3","3","6","2","W","J","2",1,1,57,"1608211","571608211",2,4,1,1,0,0,0,0,0,0,0,65,0,1,5,12,6,2,12,0,0,0,1,19,51503,6,1,6,0,3,0,71,210,0,0,0,0,0,0,0,0,0,0,0,0,0,0,1,2,65,1,1,2,1,0,0,1,17,99,1,1,86,"4FGL032261C0","777777777777","777777777777",1,0
20,200043,2,2,1,24,2,11,42,12,6,1,0,20,3,12,24,12024,6,2013,"2FMDK3JC9DBC","2","F","M","D","K","3","J","C","9","D","B","C",0,0,0,"000000000","00000000000",0,0,0,1,0,0,0,0,0,0,0,55,0,0,0,1,6,2,12,0,0,0,1,20,66212,6,1,0,0,3,0,74,200,0,0,0,1,0,10,2013,10,2013,0,38,39,0,0,2,2,55,1,1,2,1,20,3,1,66,99,1,1,87,"777777777777","777777777777","777777777777",1,0
20,200044,1,2,2,28,2,17,45,12,2,1,0,20,1,22,20,22020,4,2001,"1G2WP52K71F1","1","G","2","W","P","5","2","K","7","1","F","1",0,0,0,"000000000","00000000000",0,0,0,1,0,0,0,0,0,0,0,998,0,0,0,12,6,2,12,0,0,0,1,20,66762,6,1,0,0,3,0,70,130,0,0,0,0,0,0,0,0,0,0,28,0,0,0,1,2,65,1,6,1,1,0,0,1,10,99,1,2,50,"777777777777","777777777777","777777777777",1,0
20,200044,2,2,1,28,2,17,45,12,2,1,0,20,1,20,481,20481,31,2002,"2GCEC19T8212","2","G","C","E","C","1","9","T","8","2","1","2",0,0,0,"000000000","00000000000",0,0,0,1,0,0,0,0,0,0,0,998,0,1,2,12,6,2,12,0,0,0,1,20,66735,6,1,0,0,3,0,999,999,0,0,1,0,0,8,2014,8,2014,0,0,0,0,0,1,2,65,1,5,1,1,0,0,1,62,99,1,1,51,"777777777777","777777777777","777777777777",1,0
20,200045,1,2,1,29,2,16,11,12,6,1,0,20,1,37,31,37031,4,2003,"1HGES16553L0","1","H","G","E","S","1","6","5","5","3","L","0",0,0,0,"000000000","00000000000",0,0,0,1,0,0,0,0,0,0,0,998,0,0,0,9,6,2,12,0,0,0,1,20,66048,6,1,0,0,3,1,60,112,0,0,0,0,0,0,0,0,0,0,38,0,0,0,2,2,20,1,1,2,1,0,0,11,17,99,1,1,82,"777777777777","777777777777","777777777777",1,0
20,200045,2,2,2,29,2,16,11,12,6,1,0,29,1,7,482,7482,31,2002,"3B7KF23Z32M2","3","B","7","K","F","2","3","Z","3","2","M","2",0,0,0,"000000000","00000000000",0,0,0,1,0,0,0,0,0,0,0,998,0,0,0,12,6,2,12,0,0,0,1,29,64108,0,0,0,0,0,0,999,999,99,99,99,99,99,99,9999,99,9999,0,0,0,0,0,2,4,40,1,1,2,1,0,0,1,67,99,1,1,83,"777777777777","777777777777","777777777777",0,0
20,200046,1,2,3,18,2,12,1,12,6,1,0,20,2,20,2,20002,4,2004,"2G1WF52E8492","2","G","1","W","F","5","2","E","8","4","9","2",0,0,0,"000000000","00000000000",0,0,0,1,0,0,0,0,0,0,0,998,0,0,0,12,6,2,12,0,0,0,1,20,66604,2,1,0,0,2,0,68,136,0,1,1,0,3,9,2013,6,2014,3,6,8,36,39,1,4,40,1,1,1,1,2,3,1,54,1,1,1,86,"777777777777","777777777777","777777777777",0,0
20,200046,2,2,2,18,2,12,1,12,6,1,0,20,1,49,40,49040,4,2009,"4T1BB46K09U0","4","T","1","B","B","4","6","K","0","9","U","0",0,0,0,"000000000","00000000000",0,0,0,1,0,0,0,0,0,0,0,998,0,0,0,3,6,2,12,0,0,0,1,20,66605,6,1,0,0,3,0,71,195,0,0,0,0,0,0,0,0,0,0,0,0,0,0,1,5,40,1,1,1,1,2,3,1,17,1,1,1,87,"777777777777","777777777777","777777777777",1,0
20,200047,1,1,2,22,2,15,50,34,0,1,0,20,1,12,481,12481,31,1995,"1FTEF14H8SLA","1","F","T","E","F","1","4","H","8","S","L","A",0,0,0,"000000000","00000000000",0,0,0,1,0,0,0,0,0,0,0,54,0,1,5,99,6,2,34,0,0,0,1,20,66869,6,1,0,0,3,0,68,200,1,0,0,1,0,12,2013,2,2014,4,58,0,0,0,1,2,55,3,1,2,1,0,0,14,6,99,1,4,6,"777777777777","777777777777","777777777777",1,0
20,200048,1,2,1,28,2,2,10,12,2,1,0,29,1,63,402,63402,14,2003,"KNDJC7336350","K","N","D","J","C","7","3","3","6","3","5","0",0,0,0,"000000000","00000000000",0,0,0,1,0,0,0,0,0,0,0,998,0,0,0,12,6,2,12,0,0,0,1,29,64127,6,1,0,0,3,2,999,999,99,99,99,99,99,99,9999,99,9999,0,51,74,0,0,3,3,65,3,1,1,1,0,0,14,54,1,1,1,52,"777777777777","777777777777","777777777777",0,1
20,200048,2,2,2,28,2,2,10,12,2,1,0,39,1,37,31,37031,4,2007,"2HGFA55567H7","2","H","G","F","A","5","5","5","6","7","H","7",0,0,0,"000000000","00000000000",0,0,0,1,0,0,0,0,0,0,0,998,0,0,0,12,6,2,12,0,0,0,1,39,43055,6,1,0,0,3,9,73,160,1,0,0,2,0,9,2012,2,2014,0,0,0,0,0,3,3,65,2,1,1,1,0,0,14,54,6,1,1,52,"777777777777","777777777777","777777777777",2,0
20,200049,1,2,1,2,3,22,12,12,1,1,0,20,1,37,402,37402,14,2012,"5J6RM4H58CL0","5","J","6","R","M","4","H","5","8","C","L","0",0,0,0,"000000000","00000000000",0,0,0,1,0,0,0,0,0,0,0,0,0,0,0,6,6,2,12,0,0,0,1,20,67207,6,1,0,0,3,0,61,115,1,0,0,0,0,12,2015,12,2015,0,0,0,0,0,3,2,75,1,1,2,1,0,0,5,53,1,1,1,21,"777777777777","777777777777","777777777777",1,0
20,200049,2,2,1,2,3,22,12,12,1,1,0,20,1,55,39,55039,4,2007,"KMHFC46F77A1","K","M","H","F","C","4","6","F","7","7","A","1",0,0,0,"000000000","00000000000",0,0,0,1,0,0,0,0,0,0,0,998,0,0,0,12,6,2,12,0,0,0,1,20,67217,6,1,0,0,3,1,68,195,0,0,0,1,1,8,2013,6,2014,0,0,0,0,0,3,2,75,1,1,2,1,0,0,1,50,7,1,1,20,"777777777777","777777777777","777777777777",0,0
20,200050,1,3,2,4,3,19,7,12,1,1,0,47,2,20,481,20481,31,2003,"2GCEC19V3312","2","G","C","E","C","1","9","V","3","3","1","2",0,0,0,"000000000","00000000000",0,0,0,1,0,0,0,0,0,0,0,998,0,0,0,12,4,5,12,0,0,0,1,47,37332,6,1,4,0,3,0,75,350,0,0,0,0,0,0,0,0,0,0,0,0,0,0,1,2,45,1,1,2,1,65,3,1,50,1,1,1,20,"777777777777","777777777777","777777777777",0,0
20,200050,2,3,2,4,3,19,7,12,1,1,0,20,1,73,706,73706,80,2007,"JKBVNMF1X7A0","J","K","B","V","N","M","F","1","X","7","A","0",0,0,0,"000000000","00000000000",0,0,0,1,0,0,0,0,0,0,0,0,0,0,0,6,6,2,12,0,0,0,1,20,66050,6,1,0,0,3,1,73,230,0,0,0,0,0,0,0,0,0,0,0,0,0,0,1,2,45,1,1,2,1,65,3,5,53,1,1,1,21,"777777777777","777777777777","777777777777",1,0
20,200050,3,3,2,4,3,19,7,12,1,1,0,20,2,12,32,12032,4,2014,"3FADP4EJ5EM1","3","F","A","D","P","4","E","J","5","E","M","1",0,0,0,"000000000","00000000000",0,0,0,1,0,0,0,0,0,0,0,0,0,0,0,6,2,5,12,0,0,0,1,20,66020,6,1,0,0,3,1,70,145,0,0,0,0,0,0,0,0,0,0,0,0,0,0,1,2,45,1,1,2,1,65,3,5,53,1,1,1,98,"777777777777","777777777777","777777777777",0,0
20,200052,1,2,1,4,3,15,58,12,6,1,0,20,1,12,401,12401,14,2014,"1FM5K7B80EGB","1","F","M","5","K","7","B","8","0","E","G","B",0,0,0,"000000000","00000000000",0,0,0,1,0,0,0,0,0,0,0,998,0,0,0,9,6,2,12,0,0,0,1,20,67235,6,1,0,0,3,0,60,105,0,0,0,0,0,0,0,0,0,0,0,0,0,0,1,4,35,1,1,2,1,0,0,1,54,1,1,1,98,"777777777777","777777777777","777777777777",1,0
20,200052,2,2,2,4,3,15,58,12,6,1,0,20,1,49,40,49040,4,2004,"4T1BE32K54U9","4","T","1","B","E","3","2","K","5","4","U","9",0,0,0,"000000000","00000000000",0,0,0,1,0,0,0,0,0,0,0,998,0,0,0,12,6,2,12,0,0,0,1,20,67226,6,1,0,0,3,1,66,180,0,0,0,0,0,0,0,0,0,9,99,99,99,99,1,2,30,8,8,8,98,0,0,1,17,99,1,6,98,"777777777777","777777777777","777777777777",0,0
20,200053,1,1,1,5,3,4,14,1,0,1,0,20,1,7,482,7482,40,2001,"1B7HC16X61S2","1","B","7","H","C","1","6","X","6","1","S","2",0,0,0,"000000000","00000000000",0,0,0,1,0,0,0,0,0,0,0,998,0,1,5,0,6,2,1,0,0,0,1,20,67217,6,1,6,0,3,0,73,275,0,0,0,0,0,0,0,0,0,9,99,99,99,99,1,2,50,1,1,2,1,0,0,1,6,99,2,4,2,"777777777777","777777777777","777777777777",1,0
20,200054,1,1,3,7,3,2,0,35,0,1,0,20,2,20,403,20403,14,2003,"1GNDT13X13K1","1","G","N","D","T","1","3","X","1","3","K","1",0,0,0,"000000000","00000000000",0,0,0,1,0,0,0,0,0,0,0,998,0,0,0,12,6,2,35,0,0,0,1,20,67651,2,1,0,0,2,9,65,125,0,1,1,0,4,7,2014,9,2015,9,99,99,99,99,1,2,65,1,2,2,1,0,0,1,13,99,1,4,1,"777777777777","777777777777","777777777777",1,0
20,200055,1,1,1,7,3,17,10,32,0,1,0,20,2,49,421,49421,15,1994,"JT3DJ81W2R00","J","T","3","D","J","8","1","W","2","R","0","0",0,0,0,"000000000","00000000000",0,0,0,1,0,0,0,0,0,0,0,998,0,1,5,12,6,2,1,0,0,0,1,20,67544,6,1,0,0,3,0,75,225,0,0,0,1,0,11,2013,11,2013,4,77,0,0,0,1,2,55,1,2,4,1,0,0,1,6,1,1,4,6,"777777777777","777777777777","777777777777",1,0
20,200056,1,2,2,12,3,22,46,12,2,1,0,20,2,35,47,35047,4,2010,"1N4AL2AP1AC1","1","N","4","A","L","2","A","P","1","A","C","1",0,0,0,"000000000","00000000000",0,0,0,1,0,0,0,0,0,0,0,998,0,0,0,12,6,2,12,0,0,0,1,20,66607,6,1,0,0,3,0,71,165,0,3,0,0,0,1,2013,1,2015,0,39,0,0,0,1,4,40,1,1,2,1,2,3,1,67,1,1,1,69,"777777777777","777777777777","777777777777",2,0
20,200056,2,2,1,12,3,22,46,12,2,1,0,20,1,20,403,20403,14,2004,"1GNDS13S0421","1","G","N","D","S","1","3","S","0","4","2","1",0,0,0,"000000000","00000000000",0,0,0,1,0,0,0,0,0,0,0,998,0,0,0,12,6,2,12,0,0,0,1,20,66614,6,1,0,0,3,0,68,141,0,0,1,0,1,10,2013,10,2015,0,0,0,0,0,1,4,40,1,1,2,1,2,3,11,17,1,1,1,68,"777777777777","777777777777","777777777777",0,0
20,200057,1,1,1,13,3,10,50,42,0,1,0,20,1,20,481,20481,31,1998,"1GCDT19X8W81","1","G","C","D","T","1","9","X","8","W","8","1",0,0,0,"000000000","00000000000",0,0,0,1,0,0,0,0,0,0,0,998,0,0,0,12,6,2,42,0,0,0,1,20,67801,6,1,0,0,3,1,73,190,0,0,0,0,0,0,0,0,0,9,99,99,99,99,1,2,65,1,1,2,1,0,0,1,13,99,1,4,1,"777777777777","777777777777","777777777777",1,0
20,200058,1,2,1,16,3,14,54,12,2,1,0,48,1,72,706,72706,82,2014,"1HD1MAL15EB8","1","H","D","1","M","A","L","1","5","E","B","8",0,0,0,"000000000","00000000000",0,0,0,1,0,0,0,0,0,0,0,998,0,0,0,12,6,2,12,0,0,1,1,48,78620,6,1,0,0,3,0,999,999,1,0,0,0,0,2,2012,2,2012,3,35,0,0,0,1,2,65,2,2,1,1,0,0,6,10,8,1,1,98,"777777777777","777777777777","777777777777",1,0
20,200058,2,2,1,16,3,14,54,12,2,1,0,18,1,51,881,51881,66,2015,"4V4NC9EH1FN1","4","V","4","N","C","9","E","H","1","F","N","1",1,1,57,"428823","57428823",3,6,1,1,0,0,0,0,0,0,0,43,0,0,0,12,6,2,12,0,0,1,1,39,43228,6,1,6,1,3,1,63,185,0,0,0,0,1,4,2014,4,2014,0,0,0,0,0,1,2,65,3,2,1,1,0,0,14,62,9,1,1,98,"1JJV532W76L9","777777777777","777777777777",0,0
20,200059,1,1,1,19,3,19,0,1,0,1,0,20,1,49,401,49401,14,1996,"JT3HN87R0T00","J","T","3","H","N","8","7","R","0","T","0","0",0,0,0,"000000000","00000000000",0,0,0,1,0,0,0,0,0,0,0,998,0,1,1,0,6,2,1,0,0,0,1,20,66101,3,1,0,0,2,0,70,160,0,1,0,0,0,10,2015,10,2015,0,27,0,0,0,3,2,55,2,2,2,1,0,0,15,6,1,3,2,98,"777777777777","777777777777","777777777777",1,1
20,200060,1,1,1,19,3,7,4,1,0,1,0,20,1,20,421,20421,15,1998,"1GNDT13W2W22","1","G","N","D","T","1","3","W","2","W","2","2",0,0,0,"000000000","00000000000",0,0,0,1,0,0,0,0,0,0,0,998,0,1,5,0,6,2,1,0,0,0,1,20,67560,6,1,6,0,3,0,74,240,0,0,1,0,1,7,2014,11,2014,4,0,0,0,0,1,2,55,1,1,4,1,0,0,1,6,7,2,4,7,"777777777777","777777777777","777777777777",1,1
20,200061,1,1,1,19,3,18,45,34,0,1,0,20,1,14,38,14038,3,2002,"1ZWFT6037256","1","Z","W","F","T","6","0","3","7","2","5","6",0,0,0,"000000000","00000000000",0,0,0,1,0,0,0,0,0,0,0,998,0,1,2,2,6,2,34,0,0,0,1,20,66067,6,1,0,0,3,2,67,180,0,0,0,0,0,0,0,0,0,9,74,0,0,0,1,2,65,3,2,2,1,0,0,14,13,1,2,4,2,"777777777777","777777777777","777777777777",1,0
20,200062,1,2,1,20,3,11,48,12,6,1,0,40,1,49,40,49040,4,2004,"4T1BF32K54U5","4","T","1","B","F","3","2","K","5","4","U","5",0,0,0,"000000000","00000000000",0,0,0,1,0,0,0,0,0,0,0,998,0,0,0,9,6,2,12,0,0,0,1,40,74053,6,1,0,0,3,1,65,129,0,0,0,0,0,0,0,0,0,0,48,0,0,0,1,2,55,1,2,2,1,0,0,11,17,1,1,1,82,"777777777777","777777777777","777777777777",1,0
20,200062,2,2,1,20,3,11,48,12,6,1,0,93,3,82,881,82881,66,2011,"1FUJGLDR3BSA","1","F","U","J","G","L","D","R","3","B","S","A",1,1,57,"63585","5763585",3,6,1,1,0,0,0,0,0,0,0,998,0,0,0,12,6,2,12,0,0,0,1,5,72941,6,1,6,0,3,1,68,200,0,0,0,0,0,0,0,0,0,0,0,0,0,0,1,2,65,2,2,2,1,0,0,14,63,1,1,1,83,"1PNV532B0WH2","777777777777","777777777777",0,0
20,200063,1,3,1,24,3,7,50,12,6,1,0,20,2,12,471,12471,30,2003,"1FTYR14VX3PA","1","F","T","Y","R","1","4","V","X","3","P","A",0,0,0,"000000000","00000000000",0,0,0,1,0,0,0,0,0,0,0,998,0,0,0,1,6,2,12,0,0,0,1,20,67218,3,1,0,0,2,9,65,230,0,0,0,0,0,0,0,0,0,0,58,0,0,0,3,3,60,1,1,2,1,0,0,1,6,1,2,6,98,"777777777777","777777777777","777777777777",1,0
20,200063,2,3,1,24,3,7,50,12,6,1,0,20,2,12,24,12024,6,2007,"2FMDK36C57BA","2","F","M","D","K","3","6","C","5","7","B","A",0,0,0,"000000000","00000000000",0,0,0,1,0,0,0,0,0,0,0,998,0,1,1,4,6,2,12,0,0,0,1,20,67226,2,1,0,0,2,0,69,185,0,0,0,0,0,0,0,0,0,0,0,0,0,0,3,3,60,1,1,2,1,0,0,1,53,1,1,1,98,"777777777777","777777777777","777777777777",0,0
20,200063,3,3,1,24,3,7,50,12,6,1,0,20,1,2,404,2404,14,2000,"1J4GW58N8YC3","1","J","4","G","W","5","8","N","8","Y","C","3",0,0,0,"000000000","00000000000",0,0,0,1,0,0,0,0,0,0,0,998,0,0,0,12,6,2,12,0,0,0,1,20,67203,6,1,0,0,3,0,66,140,0,0,0,0,0,0,0,0,0,0,0,0,0,0,3,3,60,1,1,2,1,0,0,1,50,16,1,1,98,"777777777777","777777777777","777777777777",0,0
20,200064,1,2,2,25,3,22,23,12,6,1,0,20,1,13,12,13012,4,2001,"1LNHM87A61Y6","1","L","N","H","M","8","7","A","6","1","Y","6",0,0,0,"000000000","00000000000",0,0,0,1,0,0,0,0,0,0,0,998,0,0,0,2,6,2,12,0,0,0,1,20,67436,6,1,0,0,3,0,70,155,0,0,0,0,0,0,0,0,0,0,0,0,0,0,2,2,75,1,1,2,1,0,0,1,12,99,2,6,66,"777777777777","777777777777","777777777777",1,0
20,200064,2,2,2,25,3,22,23,12,6,1,0,20,2,35,472,35472,30,2012,"1N6AD0EV8CC4","1","N","6","A","D","0","E","V","8","C","C","4",0,0,0,"000000000","00000000000",0,0,0,1,0,0,0,0,0,0,0,70,0,0,0,12,6,2,12,0,0,0,1,20,66535,6,1,0,0,3,1,76,220,0,0,0,0,0,0,0,0,0,0,0,0,0,0,2,2,75,1,1,2,1,0,0,1,62,99,1,1,66,"777777777777","777777777777","777777777777",0,0
20,200065,1,1,1,27,3,8,25,17,0,1,0,20,1,20,421,20421,15,2007,"2GCEK13Z7711","2","G","C","E","K","1","3","Z","7","7","1","1",0,0,0,"000000000","00000000000",0,0,0,1,0,0,0,0,0,0,0,998,0,0,0,12,6,2,30,0,0,0,1,20,66048,6,1,0,0,3,1,72,222,0,0,0,0,0,0,0,0,0,4,87,0,0,0,1,2,50,3,2,2,10,0,0,14,6,99,5,4,7,"777777777777","777777777777","777777777777",1,0
20,200066,1,2,1,27,3,11,57,12,6,1,0,20,1,72,706,72706,82,2014,"1HD1MAL16EB8","1","H","D","1","M","A","L","1","6","E","B","8",0,0,0,"000000000","00000000000",0,0,0,1,0,0,0,0,0,0,0,998,0,0,0,12,6,2,12,0,0,0,1,20,67205,6,1,0,0,3,1,71,190,0,0,0,0,0,0,0,0,0,0,0,0,0,0,1,5,35,1,1,2,1,3,3,1,17,1,1,1,88,"777777777777","777777777777","777777777777",1,0
20,200066,2,2,2,27,3,11,57,12,6,1,0,20,2,6,43,6043,2,2004,"4C3AG52H74E0","4","C","3","A","G","5","2","H","7","4","E","0",0,0,0,"000000000","00000000000",0,0,0,1,0,0,0,0,0,0,0,998,0,0,0,10,4,5,12,0,0,0,1,20,67147,6,1,0,0,3,1,64,162,0,0,0,0,0,0,0,0,0,0,39,0,0,0,1,5,35,1,1,2,1,3,3,1,54,1,1,1,89,"777777777777","777777777777","777777777777",0,0
20,200067,1,1,2,9,4,2,42,33,0,1,0,20,2,13,13,13013,4,2008,"3LNHM26T38R6","3","L","N","H","M","2","6","T","3","8","R","6",0,0,0,"000000000","00000000000",0,0,0,1,0,0,0,0,0,0,0,998,0,0,0,12,6,2,42,0,0,0,1,20,66609,1,1,0,0,2,0,69,185,0,1,0,0,0,2,2016,2,2016,0,36,6,0,0,1,2,30,1,1,2,1,0,0,1,14,1,1,4,14,"777777777777","777777777777","777777777777",1,1
20,200068,1,2,1,10,4,16,20,12,6,1,1,20,1,21,21,21021,4,2002,"1G3NL52F42C2","1","G","3","N","L","5","2","F","4","2","C","2",0,0,0,"000000000","00000000000",0,0,0,1,0,0,0,0,0,0,0,998,0,0,0,8,2,5,12,0,0,0,1,20,67546,6,1,0,0,3,3,72,200,0,0,0,0,0,0,0,0,0,0,39,0,0,0,1,2,55,1,1,2,1,20,3,1,17,1,1,1,89,"777777777777","777777777777","777777777777",0,0