"STATE","ST_CASE","VEH_NO","VE_FORMS","NUMOCCS","DAY","MONTH","HOUR","MINUTE","HARM_EV","MAN_COLL","UNITTYPE","HIT_RUN","REG_STAT","OWNER","MAKE","MODEL","MAK_MOD","BODY_TYP","MOD_YEAR","VIN","VIN_1","VIN_2","VIN_3","VIN_4","VIN_5","VIN_6","VIN_7","VIN_8","VIN_9","VIN_10","VIN_11","VIN_12","TOW_VEH","J_KNIFE","MCARR_I1","MCARR_I2","MCARR_ID","GVWR","V_CONFIG","CARGO_BT","HAZ_INV","HAZ_PLAC","HAZ_ID","HAZ_CNO","HAZ_REL","BUS_USE","SPEC_USE","EMER_USE","TRAV_SP","UNDERIDE","ROLLOVER","ROLINLOC","IMPACT1","DEFORMED","TOWED","M_HARM","VEH_SC1","VEH_SC2","FIRE_EXP","DR_PRES","L_STATE","DR_ZIP","L_STATUS","L_TYPE","CDL_STAT","L_ENDORS","L_COMPL","L_RESTRI","DR_HGT","DR_WGT","PREV_ACC","PREV_SUS","PREV_DWI","PREV_SPD","PREV_OTH","FIRST_MO","FIRST_YR","LAST_MO","LAST_YR","SPEEDREL","DR_SF1","DR_SF2","DR_SF3","DR_SF4","VTRAFWAY","VNUM_LAN","VSPD_LIM","VALIGN","VPROFILE","VPAVETYP","VSURCOND","VTRAFCON","VTCONT_F","P_CRASH1","P_CRASH2","P_CRASH3","PCRASH4","PCRASH5","ACC_TYPE","TRLR1VIN","TRLR2VIN","TRLR3VIN","DEATHS","DR_DRINK"
20,200068,2,2,1,10,4,16,20,12,6,1,0,20,1,37,706,37706,80,1984,"1HFSC1209EA1","1","H","F","S","C","1","2","0","9","E","A","1",0,0,0,"000000000","00000000000",0,0,0,1,0,0,0,0,0,0,0,998,0,0,0,1,6,2,12,0,0,0,1,20,67546,6,1,6,0,3,1,72,200,0,0,0,0,0,0,0,0,0,0,0,0,0,0,1,2,55,1,1,2,1,0,0,1,54,1,1,1,88,"777777777777","777777777777","777777777777",1,0
20,200069,1,1,1,20,2,20,58,33,0,1,0,20,1,37,32,37032,4,2012,"1HGCP2F4XCA1","1","H","G","C","P","2","F","4","X","C","A","1",0,0,0,"000000000","00000000000",0,0,0,1,0,0,0,0,0,0,0,998,0,0,0,12,6,2,34,0,0,0,1,20,67217,6,1,0,0,3,0,68,175,1,0,0,0,1,11,2014,6,2015,0,39,0,0,0,1,2,30,1,1,1,1,20,3,1,13,1,1,4,14,"777777777777","777777777777","777777777777",1,0
20,200071,1,2,1,22,3,16,35,12,2,1,0,40,1,12,402,12402,14,2005,"1FMYU02Z85KA","1","F","M","Y","U","0","2","Z","8","5","K","A",0,0,0,"000000000","00000000000",0,0,0,1,0,0,0,0,0,0,0,998,0,0,0,12,6,2,12,0,0,0,1,40,74301,6,1,6,0,3,1,76,250,0,0,0,0,0,0,0,0,0,0,28,0,0,0,1,2,65,1,1,2,1,0,0,1,10,1,1,2,50,"777777777777","777777777777","777777777777",1,0
20,200071,2,2,1,22,3,16,35,12,2,1,0,20,2,18,7,18007,4,2001,"2G4WS52J4111","2","G","4","W","S","5","2","J","4","1","1","1",0,0,0,"000000000","00000000000",0,0,0,1,0,0,0,0,0,0,0,998,0,0,0,12,6,2,12,0,0,0,1,20,67356,6,1,0,0,3,1,64,128,0,0,0,0,0,0,0,0,0,0,0,0,0,0,1,2,65,1,1,2,1,0,0,1,62,7,1,1,51,"777777777777","777777777777","777777777777",1,0
20,200072,1,1,2,25,3,2,4,11,0,1,0,20,1,49,402,49402,14,2007,"JTMBD32V6751","J","T","M","B","D","3","2","V","6","7","5","1",0,0,0,"000000000","00000000000",0,0,0,1,0,0,0,0,0,0,0,998,0,0,0,12,6,2,11,0,0,0,1,48,77840,6,1,0,0,3,1,66,160,0,0,0,1,0,5,2014,5,2014,0,83,0,0,0,3,2,75,1,1,2,1,0,0,1,87,99,1,1,13,"777777777777","777777777777","777777777777",1,0
20,200073,1,2,1,29,3,7,17,12,6,1,0,20,1,87,881,87881,66,1984,"1XP9DB9XXEP1","1","X","P","9","D","B","9","X","X","E","P","1",1,1,57,"781269","57781269",3,6,8,1,0,0,0,0,0,0,0,998,0,1,5,12,6,2,1,0,0,0,1,20,67020,6,1,6,0,3,1,72,190,0,0,0,0,1,4,2014,4,2014,0,38,39,0,0,1,2,65,1,1,2,1,20,3,1,17,99,1,1,86,"1TDH42222XB0","777777777777","777777777777",0,0
20,200073,2,2,1,29,3,7,17,12,6,1,0,1,2,35,471,35471,30,1994,"1N6HD16Y4RC3","1","N","6","H","D","1","6","Y","4","R","C","3",0,0,0,"000000000","00000000000",0,0,0,1,0,0,0,0,0,0,0,998,0,1,5,3,6,2,1,0,0,0,1,1,36054,1,1,0,0,2,0,70,160,1,0,0,6,2,3,2012,12,2014,0,99,99,99,99,1,2,55,1,1,2,1,0,0,1,54,1,1,1,87,"777777777777","777777777777","777777777777",1,0
20,200074,1,1,1,3,4,17,27,1,0,1,0,20,1,72,706,72706,80,1992,"1HD1GCL25NY3","1","H","D","1","G","C","L","2","5","N","Y","3",0,0,0,"000000000","00000000000",0,0,0,1,0,0,0,0,0,0,0,998,0,0,0,0,6,2,1,0,0,0,1,20,66749,6,1,0,0,3,1,69,210,0,0,0,3,1,1,2014,1,2015,5,99,99,99,99,1,2,65,1,1,2,1,0,0,1,6,99,1,4,1,"777777777777","777777777777","777777777777",1,0
20,200075,1,1,1,3,4,14,50,35,0,1,0,20,1,37,706,37706,80,1988,"1HFSC2209JA0","1","H","F","S","C","2","2","0","9","J","A","0",0,0,0,"000000000","00000000000",0,0,0,1,0,0,0,0,0,0,0,998,0,0,0,12,6,2,35,0,0,0,1,20,66030,6,1,6,0,3,1,71,225,0,0,0,0,0,0,0,0,0,0,77,0,0,0,2,2,70,1,1,2,1,0,0,1,12,1,1,4,6,"777777777777","777777777777","777777777777",1,0
20,200076,1,2,1,4,4,11,42,12,2,1,0,20,2,7,482,7482,31,2016,"3C7WRTAL9GG1","3","C","7","W","R","T","A","L","9","G","G","1",0,0,0,"000000000","00000000000",0,0,0,1,0,0,0,0,0,0,0,998,0,0,0,12,2,3,12,0,0,0,1,20,66801,6,1,0,0,3,0,72,180,0,0,0,0,0,0,0,0,0,0,0,0,0,0,1,2,55,1,1,4,1,0,0,1,54,1,1,1,52,"777777777777","777777777777","777777777777",0,0
20,200076,2,2,1,4,4,11,42,12,2,1,0,0,0,98,739,98739,90,2011,"4UF11ATV4BT2","4","U","F","1","1","A","T","V","4","B","T","2",0,0,0,"000000000","00000000000",0,0,0,1,0,0,0,0,0,0,0,998,0,0,0,12,6,2,12,0,0,0,1,20,66801,6,1,0,0,3,0,70,180,0,0,0,0,0,0,0,0,0,0,0,0,0,0,1,2,55,1,1,4,1,0,0,1,62,1,1,1,52,"777777777777","777777777777","777777777777",1,0
20,200077,1,2,1,5,4,5,35,12,2,1,0,20,1,37,705,37705,80,2007,"JH2RC44407M1","J","H","2","R","C","4","4","4","0","7","M","1",0,0,0,"000000000","00000000000",0,0,0,1,0,0,0,0,0,0,0,998,0,0,0,12,6,2,12,0,0,0,1,20,66546,6,1,0,0,3,1,66,245,0,0,0,0,0,0,0,0,0,0,0,0,0,0,5,5,45,1,1,2,1,0,0,1,67,1,1,1,69,"777777777777","777777777777","777777777777",1,0
20,200077,2,2,3,5,4,5,35,12,2,1,0,20,2,52,37,52037,3,2003,"4A3AC44G93E1","4","A","3","A","C","4","4","G","9","3","E","1",0,0,0,"000000000","00000000000",0,0,0,1,0,0,0,0,0,0,0,998,0,0,0,12,6,2,12,0,0,0,1,20,66609,6,1,0,0,3,0,70,175,0,0,0,1,1,4,2012,9,2013,0,38,0,0,0,5,5,45,1,1,2,1,0,0,11,54,1,1,1,68,"777777777777","777777777777","777777777777",0,0
20,200078,1,2,1,13,4,13,7,12,6,1,0,20,2,22,401,22401,14,2001,"3G7DA03E01S5","3","G","7","D","A","0","3","E","0","1","S","5",0,0,0,"000000000","00000000000",0,0,0,1,0,0,0,0,0,0,0,998,0,0,0,9,6,2,12,0,0,0,1,20,66860,6,1,0,0,3,1,69,129,0,0,0,0,0,0,0,0,0,0,38,39,0,0,1,2,30,1,2,2,1,20,3,1,63,1,1,1,89,"777777777777","777777777777","777777777777",0,0
20,200078,2,2,1,13,4,13,7,12,6,1,0,20,1,72,706,72706,80,2007,"1HD1JA5117Y0","1","H","D","1","J","A","5","1","1","7","Y","0",0,0,0,"000000000","00000000000",0,0,0,1,0,0,0,0,0,0,0,998,0,0,0,12,6,2,12,0,0,0,1,20,66801,6,1,0,0,3,1,68,155,0,0,0,0,0,0,0,0,0,0,0,0,0,0,1,2,30,1,2,2,1,0,0,1,17,99,1,1,88,"777777777777","777777777777","777777777777",1,0
20,200079,1,1,1,21,4,16,33,32,0,1,0,20,1,12,471,12471,30,1998,"1FTYR14C4WTA","1","F","T","Y","R","1","4","C","4","W","T","A",0,0,0,"000000000","00000000000",0,0,0,1,0,0,0,0,0,0,0,998,0,1,5,14,6,2,1,0,0,0,1,20,66025,3,1,0,0,2,0,72,150,0,0,0,0,0,0,0,0,0,4,0,0,0,0,1,2,55,1,1,2,1,0,0,1,12,99,1,4,6,"777777777777","777777777777","777777777777",1,0
20,200080,1,1,2,24,2,7,47,1,0,1,0,20,1,20,481,20481,31,2003,"1GNEK13Z23R1","1","G","N","E","K","1","3","Z","2","3","R","1",0,0,0,"000000000","00000000000",0,0,0,1,0,0,0,0,0,0,0,998,0,1,5,0,6,2,1,0,0,0,1,20,66711,6,1,0,0,3,1,71,300,0,0,0,0,0,0,0,0,0,4,0,0,0,0,1,2,55,1,1,2,1,0,0,1,6,1,1,4,1,"777777777777","777777777777","777777777777",1,0
20,200081,1,1,2,19,4,17,56,33,0,1,0,20,2,22,22,22022,4,2007,"1G2ZG58B7741","1","G","2","Z","G","5","8","B","7","7","4","1",0,0,0,"000000000","00000000000",0,0,0,1,0,0,0,0,0,0,0,998,0,0,0,14,6,2,42,0,0,0,1,20,66607,1,1,0,0,1,0,68,140,0,1,0,0,0,11,2012,11,2012,3,0,0,0,0,1,4,30,1,1,1,1,0,0,1,6,1,1,4,6,"777777777777","777777777777","777777777777",1,1
20,200082,1,1,1,23,2,21,0,24,0,1,0,20,2,20,37,20037,4,2008,"1G1ZG57B58F2","1","G","1","Z","G","5","7","B","5","8","F","2",0,0,0,"000000000","00000000000",0,0,0,1,0,0,0,0,0,0,0,998,0,1,5,12,6,2,42,0,0,0,1,20,66539,6,1,0,0,3,2,68,125,0,0,0,0,0,0,0,0,0,4,74,0,0,0,1,2,45,2,2,2,1,0,0,14,12,1,1,4,6,"777777777777","777777777777","777777777777",1,0
20,200083,1,1,1,25,3,5,15,24,0,1,0,1,3,82,881,82881,66,2005,"1FUJA6CK25LN","1","F","U","J","A","6","C","K","2","5","L","N",1,1,57,"260481","57260481",3,6,1,1,0,0,0,0,0,0,0,998,0,1,5,12,6,2,24,0,0,1,1,1,36081,6,1,6,0,3,0,70,190,0,0,0,1,0,4,2014,4,2014,9,99,99,99,99,1,2,65,1,2,2,1,0,0,1,13,99,1,4,1,"1JJV532D2EL8","777777777777","777777777777",1,1
20,200084,1,1,1,25,3,22,50,32,0,1,0,20,1,37,402,37402,14,2011,"JHLRE4H57BC0","J","H","L","R","E","4","H","5","7","B","C","0",0,0,0,"000000000","00000000000",0,0,0,1,0,0,0,0,0,0,0,998,0,1,5,11,6,2,1,0,0,0,1,20,66502,6,1,0,0,3,0,64,150,0,0,0,1,0,12,2013,12,2013,0,0,0,0,0,1,2,65,1,1,2,1,0,0,1,13,1,1,4,1,"777777777777","777777777777","777777777777",1,1
20,200085,1,1,1,10,4,4,50,43,0,1,0,20,1,34,401,34401,14,2015,"5YMKT6C50F0C","5","Y","M","K","T","6","C","5","0","F","0","C",0,0,0,"000000000","00000000000",0,0,0,1,0,0,0,0,0,0,0,998,0,0,0,14,6,2,21,0,0,0,1,20,66217,6,1,0,0,3,0,73,220,0,0,0,1,0,5,2013,5,2013,9,99,99,99,99,2,3,70,1,2,2,1,0,0,1,12,99,1,4,6,"777777777777","777777777777","777777777777",1,0
20,200086,1,1,1,23,4,14,45,1,0,1,0,20,1,72,706,72706,80,1997,"1HD1FDL18VY6","1","H","D","1","F","D","L","1","8","V","Y","6",0,0,0,"000000000","00000000000",0,0,0,1,0,0,0,0,0,0,0,998,0,0,0,0,6,2,1,0,0,0,1,20,66538,6,1,0,0,3,1,73,175,0,0,0,0,0,0,0,0,0,0,0,0,0,0,1,2,60,2,1,2,1,0,0,14,12,99,1,4,6,"777777777777","777777777777","777777777777",1,1
20,200087,1,2,1,27,4,4,26,12,2,1,0,20,1,20,481,20481,31,1993,"1GCGK29F5PE1","1","G","C","G","K","2","9","F","5","P","E","1",0,0,0,"000000000","00000000000",0,0,0,1,0,0,0,0,0,0,0,80,0,0,0,12,6,2,12,0,0,0,1,20,67401,6,1,0,0,3,1,71,240,0,0,0,0,0,0,0,0,0,3,6,36,0,0,1,2,55,1,1,2,1,0,0,1,10,1,1,2,50,"777777777777","777777777777","777777777777",0,1
20,200087,2,2,1,27,4,4,26,12,2,1,0,20,1,55,401,55401,14,2011,"5XYZG3AB1BG0","5","X","Y","Z","G","3","A","B","1","B","G","0",0,0,0,"000000000","00000000000",0,0,0,1,0,0,0,0,0,0,0,998,0,0,0,12,6,2,12,0,0,0,1,20,67401,6,1,0,0,3,0,66,145,0,0,0,0,0,0,0,0,0,0,0,0,0,0,1,2,55,1,1,2,1,0,0,1,62,99,1,1,51,"777777777777","777777777777","777777777777",1,0
20,200088,1,1,1,15,4,23,40,30,0,1,0,20,2,7,482,7482,31,2001,"3B7HF13Z71M2","3","B","7","H","F","1","3","Z","7","1","M","2",0,0,0,"000000000","00000000000",0,0,0,1,0,0,0,0,0,0,0,998,0,1,5,11,6,2,1,0,0,0,1,20,66949,6,7,0,0,3,3,72,170,0,0,0,1,0,10,2015,10,2015,3,0,0,0,0,1,2,60,1,1,2,1,0,0,1,13,99,1,4,1,"777777777777","777777777777","777777777777",1,0
20,200089,1,2,2,8,4,16,32,12,6,1,0,20,1,12,37,12037,4,2004,"1FAFP34Z34W1","1","F","A","F","P","3","4","Z","3","4","W","1",0,0,0,"000000000","00000000000",0,0,0,1,0,0,0,0,0,0,0,998,0,0,0,3,6,2,12,0,0,0,1,20,66030,1,1,0,0,2,0,61,110,0,0,1,0,1,3,2015,7,2015,3,58,28,33,0,1,2,45,1,1,2,1,0,0,1,10,1,2,6,66,"777777777777","777777777777","777777777777",1,0
20,200089,2,2,1,8,4,16,32,12,6,1,0,20,1,20,481,20481,31,1992,"2GBEC19K6N12","2","G","B","E","C","1","9","K","6","N","1","2",0,0,0,"000000000","00000000000",0,0,0,1,0,0,0,0,0,0,0,45,0,0,0,12,6,2,12,0,0,0,1,20,66092,6,1,0,0,3,0,75,185,0,0,0,0,0,0,0,0,0,0,0,0,0,0,1,2,45,1,1,2,1,0,0,1,62,16,1,1,66,"777777777777","777777777777","777777777777",0,0
20,200090,1,2,3,28,4,15,40,12,6,1,0,20,1,20,431,20431,16,1999,"3GNFK16R5XG2","3","G","N","F","K","1","6","R","5","X","G","2",0,0,0,"000000000","00000000000",0,0,0,1,0,0,0,0,0,0,0,999,0,1,5,1,6,2,12,0,0,0,1,20,66048,6,1,0,0,3,0,70,240,0,0,0,3,0,9,2013,7,2015,4,38,39,0,0,1,2,50,1,1,2,1,20,3,1,17,1,1,1,88,"777777777777","777777777777","777777777777",0,0
20,200090,2,2,1,28,4,15,40,12,6,1,0,20,1,7,482,7482,31,2004,"1D7HU18DX4S7","1","D","7","H","U","1","8","D","X","4","S","7",0,0,0,"000000000","00000000000",0,0,0,1,0,0,0,0,0,0,0,998,0,1,5,11,6,2,12,0,0,0,1,20,66086,6,1,0,0,3,0,71,190,0,0,0,0,0,0,0,0,0,0,0,0,0,0,1,2,50,1,1,2,1,0,0,1,54,1,1,1,89,"777777777777","777777777777","777777777777",1,0
20,200091,1,2,1,2,5,18,45,12,6,1,0,20,2,34,706,34706,80,1987,"WB1051406H00","W","B","1","0","5","1","4","0","6","H","0","0",0,0,0,"000000000","00000000000",0,0,0,1,0,0,0,0,0,0,0,998,0,0,0,99,6,2,12,0,0,0,1,20,67031,6,1,0,0,3,0,67,260,1,0,0,0,0,6,2015,6,2015,5,35,0,0,0,1,2,65,1,1,2,1,0,0,6,52,1,1,1,73,"777777777777","777777777777","777777777777",1,0
20,200091,2,2,3,2,5,18,45,12,6,1,0,20,2,24,7,24007,4,2007,"1G8AZ55F77Z2","1","G","8","A","Z","5","5","F","7","7","Z","2",0,0,0,"000000000","00000000000",0,0,0,1,0,0,0,0,0,0,0,998,0,0,0,8,6,2,12,0,0,0,1,20,67031,6,1,0,0,3,0,68,108,0,0,0,0,0,0,0,0,0,0,0,0,0,0,1,2,65,1,1,2,1,0,0,11,53,1,1,1,72,"777777777777","777777777777","777777777777",0,0
20,200092,1,1,1,7,5,5,0,34,0,1,0,20,1,12,481,12481,31,2002,"1FTNW21F12EB","1","F","T","N","W","2","1","F","1","2","E","B",0,0,0,"000000000","00000000000",0,0,0,1,0,0,0,0,0,0,0,70,0,1,1,82,6,2,1,0,0,0,1,20,67448,6,1,0,0,3,0,71,195,0,0,0,0,0,0,0,0,0,3,58,0,0,0,1,2,55,1,1,2,1,0,0,1,13,99,2,4,98,"777777777777","777777777777","777777777777",1,1
20,200093,1,1,1,5,5,13,40,43,0,1,0,20,2,49,32,49032,4,2010,"2T1BU4EE7AC4","2","T","1","B","U","4","E","E","7","A","C","4",0,0,0,"000000000","00000000000",0,0,0,1,0,0,0,0,0,0,0,998,0,1,5,14,6,2,1,0,0,0,1,20,67335,6,1,0,0,3,0,66,140,1,0,0,1,0,6,2013,1,2014,9,58,0,0,0,1,2,65,1,5,2,1,0,0,1,13,1,2,4,2,"777777777777","777777777777","777777777777",1,0
20,200094,1,2,2,6,5,15,47,12,6,1,0,20,2,19,421,19421,15,2009,"1GYFK43559R1","1","G","Y","F","K","4","3","5","5","9","R","1",0,0,0,"000000000","00000000000",0,0,0,1,0,0,0,0,0,0,0,998,0,1,1,12,6,2,12,0,0,0,1,20,67212,1,1,0,0,2,0,68,155,0,0,0,0,0,0,0,0,0,5,39,0,0,0,1,2,30,1,1,4,1,20,3,1,66,1,1,1,86,"777777777777","777777777777","777777777777",0,1
20,200094,2,2,5,6,5,15,47,12,6,1,0,20,3,20,444,20444,20,2006,"1GNDV23LX6D2","1","G","N","D","V","2","3","L","X","6","D","2",0,0,0,"000000000","00000000000",0,0,0,1,0,0,0,0,0,0,0,998,0,0,0,3,6,2,12,0,0,0,1,20,67214,6,1,0,0,3,0,65,240,0,0,0,0,0,0,0,0,0,0,0,0,0,0,1,2,30,1,1,1,1,0,0,1,54,1,1,1,87,"777777777777","777777777777","777777777777",2,0
20,200095,1,1,1,7,5,21,5,8,0,1,0,20,2,7,20,7020,4,2005,"1B3ES56C45D2","1","B","3","E","S","5","6","C","4","5","D","2",0,0,0,"000000000","00000000000",0,0,0,1,0,0,0,0,0,0,0,998,0,0,0,12,4,5,8,0,0,0,1,20,67217,2,1,0,0,2,2,65,160,0,1,0,2,2,9,2013,7,2015,0,74,0,0,0,1,4,30,1,1,1,1,0,0,1,80,16,1,1,13,"777777777777","777777777777","777777777777",0,0
20,200096,1,1,1,31,3,22,4,31,0,1,0,20,1,7,472,7472,31,2006,"1D7HW42N06S7","1","D","7","H","W","4","2","N","0","6","S","7",0,0,0,"000000000","00000000000",0,0,0,1,0,0,0,0,0,0,0,998,0,1,5,1,6,2,1,0,0,0,1,20,66869,6,1,0,0,3,0,72,190,0,0,0,0,0,0,0,0,0,0,58,0,0,0,1,2,65,1,1,2,1,0,0,1,13,99,1,4,1,"777777777777","777777777777","777777777777",1,1
20,200097,1,1,1,2,4,21,20,1,0,1,0,29,1,12,16,12016,4,2005,"2FAFP71W15X1","2","F","A","F","P","7","1","W","1","5","X","1",0,0,0,"000000000","00000000000",0,0,0,1,0,0,0,0,0,0,0,998,0,1,5,0,6,2,1,0,0,0,1,29,65656,1,1,0,0,2,1,70,200,0,2,1,0,0,4,2014,9,2015,0,58,0,0,0,1,2,65,1,1,2,1,0,0,1,13,99,1,4,1,"777777777777","777777777777","777777777777",1,1
20,200098,1,1,1,3,4,14,50,1,0,1,0,20,1,22,20,22020,4,2004,"2G2WP5220412","2","G","2","W","P","5","2","2","0","4","1","2",0,0,0,"000000000","00000000000",0,0,0,1,0,0,0,0,0,0,0,998,0,1,5,0,6,2,32,0,0,0,1,20,66441,6,1,0,0,3,1,63,130,0,0,0,0,0,0,0,0,0,0,0,0,0,0,1,2,55,1,2,2,1,0,0,1,9,99,2,4,2,"777777777777","777777777777","777777777777",1,1
20,200099,1,2,1,7,4,16,15,12,6,1,0,12,2,41,51,41051,5,2008,"JM1BK34L8811","J","M","1","B","K","3","4","L","8","8","1","1",0,0,0,"000000000","00000000000",0,0,0,1,0,0,0,0,0,0,0,72,0,0,0,12,6,2,12,0,0,0,1,31,66441,6,1,0,0,3,0,67,185,0,0,0,0,0,0,0,0,0,3,39,0,0,0,1,2,55,1,2,1,1,20,3,1,67,1,1,1,69,"777777777777","777777777777","777777777777",0,1
20,200099,2,2,2,7,4,16,15,12,6,1,0,20,1,49,43,49043,4,2008,"4T1BK36B48U3","4","T","1","B","K","3","6","B","4","8","U","3",0,0,0,"000000000","00000000000",0,0,0,1,0,0,0,0,0,0,0,998,0,0,0,9,6,2,12,0,0,0,1,20,66502,6,1,0,0,3,1,66,155,0,0,0,0,0,0,0,0,0,0,0,0,0,0,6,1,99,1,2,1,1,0,0,11,17,1,1,1,68,"777777777777","777777777777","777777777777",2,0
20,200100,1,1,1,8,2,14,13,9,0,1,0,40,2,23,421,23421,15,2008,"2GTEK13J8812","2","G","T","E","K","1","3","J","8","8","1","2",0,0,0,"000000000","00000000000",0,0,0,1,0,0,0,0,0,0,0,18,0,0,0,12,2,5,9,0,0,0,1,40,74354,6,1,0,0,3,0,69,136,0,0,0,0,0,0,0,0,0,0,0,0,0,0,1,2,30,1,1,2,1,0,0,1,83,1,1,1,13,"777777777777","777777777777","777777777777",0,0
20,200101,1,1,1,9,4,99,99,1,0,1,0,20,2,12,422,12422,15,1998,"1FMPU18L6WLA","1","F","M","P","U","1","8","L","6","W","L","A",0,0,0,"000000000","00000000000",0,0,0,1,0,0,0,0,0,0,0,998,0,1,5,0,6,2,1,0,0,0,1,8,67835,6,1,0,0,3,0,73,190,0,0,0,0,0,0,0,0,0,4,58,0,0,0,1,2,55,1,1,5,1,0,0,1,6,6,2,4,2,"777777777777","777777777777","777777777777",1,1
20,200102,1,1,1,13,4,15,50,21,0,1,0,20,1,37,403,37403,14,2005,"5J6YH28675L0","5","J","6","Y","H","2","8","6","7","5","L","0",0,0,0,"000000000","00000000000",0,0,0,1,0,0,0,0,0,0,0,998,0,0,0,12,6,2,21,0,0,0,1,20,66061,6,1,0,0,3,0,69,152,0,0,0,0,1,1,2014,1,2014,9,0,0,0,0,2,3,70,2,2,1,1,0,0,14,13,99,1,4,1,"777777777777","777777777777","777777777777",1,0
20,200103,1,1,1,14,4,18,38,42,0,1,0,20,1,49,401,49401,14,2001,"JT3GN87R5101","J","T","3","G","N","8","7","R","5","1","0","1",0,0,0,"000000000","00000000000",0,0,0,1,0,0,0,0,0,0,0,998,0,1,5,12,6,2,42,0,0,0,1,20,67204,6,1,0,0,3,0,64,210,0,0,0,0,0,0,0,0,0,0,0,0,0,0,1,2,30,1,1,1,1,0,0,99,12,99,1,4,6,"777777777777","777777777777","777777777777",1,1
20,200104,1,1,1,25,3,15,38,1,0,1,0,20,1,35,39,35039,4,2000,"JN1CA31D8YT5","J","N","1","C","A","3","1","D","8","Y","T","5",0,0,0,"000000000","00000000000",0,0,0,1,0,0,0,0,0,0,0,998,0,1,5,0,6,2,1,0,0,0,1,20,66431,6,1,0,0,3,1,72,195,0,0,0,0,0,0,0,0,0,4,0,0,0,0,1,2,60,2,1,2,1,0,0,14,6,99,2,4,2,"777777777777","777777777777","777777777777",1,0
20,200105,1,2,4,17,4,16,27,12,6,1,0,20,2,55,35,55035,4,2015,"5NPDH4AE0FH5","5","N","P","D","H","4","A","E","0","F","H","5",0,0,0,"000000000","00000000000",0,0,0,1,0,0,0,0,0,0,0,998,0,0,0,12,6,2,12,0,0,0,1,20,67212,6,1,0,0,3,0,63,230,0,0,0,0,0,0,0,0,0,0,58,87,0,0,1,2,65,3,1,2,2,0,0,14,6,99,1,6,98,"777777777777","777777777777","777777777777",1,0
20,200105,2,2,1,17,4,16,27,12,6,1,0,20,3,87,884,87884,66,2000,"1XP5DB9X9YD5","1","X","P","5","D","B","9","X","9","Y","D","5",1,3,57,"1658917","571658917",3,6,2,1,0,0,0,0,0,0,0,998,0,0,0,8,6,2,12,0,0,0,1,40,73772,6,1,6,1,3,0,74,172,0,0,0,0,2,1,2014,3,2014,0,87,0,0,0,1,2,65,2,1,2,2,0,0,14,62,1,1,1,98,"1M9AT9B20FV3","777777777777","777777777777",0,0
20,200106,1,2,1,17,4,11,55,12,2,1,0,20,1,24,7,24007,4,2005,"1G8AY14P25Z1","1","G","8","A","Y","1","4","P","2","5","Z","1",0,0,0,"000000000","00000000000",0,0,0,1,0,0,0,0,0,0,0,998,0,0,0,12,6,2,12,0,0,0,1,20,67410,6,1,0,0,3,0,63,105,0,0,0,1,2,6,2015,10,2015,0,0,0,0,0,1,2,65,1,2,2,2,0,0,1,10,7,1,2,50,"777777777777","777777777777","777777777777",1,0
20,200106,2,2,1,17,4,11,55,12,2,1,0,20,1,12,850,12850,65,1997,"3FCMF53G7VJA","3","F","C","M","F","5","3","G","7","V","J","A",0,0,0,"000000000","00000000000",0,0,0,1,0,0,0,0,0,0,0,998,0,0,0,12,6,2,12,0,0,0,1,20,66062,6,1,0,0,3,0,75,229,0,0,0,0,0,0,0,0,0,0,0,0,0,0,1,2,65,1,2,2,2,0,0,1,62,6,1,1,51,"777777777777","777777777777","777777777777",0,0
20,200107,1,2,1,18,4,15,40,12,6,1,0,20,1,12,473,12473,30,2008,"1FMEU33898UB","1","F","M","E","U","3","3","8","9","8","U","B",0,0,0,"000000000","00000000000",0,0,0,1,0,0,0,0,0,0,0,998,0,0,0,9,6,2,12,0,0,0,1,20,67335,6,1,0,0,3,0,65,230,0,0,0,0,0,0,0,0,0,0,38,39,0,0,1,2,65,1,1,2,2,20,3,1,17,1,1,1,89,"777777777777","777777777777","777777777777",1,0
20,200107,2,2,1,18,4,15,40,12,6,1,0,93,3,87,881,87881,66,2012,"1XPTP4EX9CD1","1","X","P","T","P","4","E","X","9","C","D","1",1,1,57,"1693220","571693220",3,6,3,1,0,0,0,0,0,0,0,998,0,0,0,12,6,2,12,0,0,0,1,29,64439,6,1,6,0,3,0,70,170,0,0,0,0,0,0,0,0,0,0,0,0,0,0,2,2,65,1,1,2,2,0,0,1,66,16,1,1,88,"1TKJ05534CM0","777777777777","777777777777",0,0
20,200108,1,3,1,27,4,9,44,12,1,1,0,20,1,20,481,20481,31,2000,"2GCEC19T2Y12","2","G","C","E","C","1","9","T","2","Y","1","2",0,0,0,"000000000","00000000000",0,0,0,1,0,0,0,0,0,0,0,998,0,0,0,6,6,2,12,0,0,0,1,20,67035,6,1,0,0,3,1,71,190,0,0,0,0,0,0,0,0,0,0,31,0,0,0,1,2,65,1,1,2,1,0,0,13,54,1,1,1,92,"777777777777","777777777777","777777777777",1,0
20,200108,2,3,1,27,4,9,44,12,1,1,0,20,2,54,35,54035,4,2006,"19UUA66296A0","1","9","U","U","A","6","6","2","9","6","A","0",0,0,0,"000000000","00000000000",0,0,0,1,0,0,0,0,0,0,0,998,0,0,0,1,6,2,12,0,0,0,1,20,67230,6,1,0,0,3,1,65,125,0,0,0,0,0,0,0,0,0,0,0,0,0,0,1,2,65,1,1,2,1,0,0,1,56,6,1,2,98,"777777777777","777777777777","777777777777",0,0