"STATE","ST_CASE","VEH_NO","VE_FORMS","NUMOCCS","DAY","MONTH","HOUR","MINUTE","HARM_EV","MAN_COLL","UNITTYPE","HIT_RUN","REG_STAT","OWNER","MAKE","MODEL","MAK_MOD","BODY_TYP","MOD_YEAR","VIN","VIN_1","VIN_2","VIN_3","VIN_4","VIN_5","VIN_6","VIN_7","VIN_8","VIN_9","VIN_10","VIN_11","VIN_12","TOW_VEH","J_KNIFE","MCARR_I1","MCARR_I2","MCARR_ID","GVWR","V_CONFIG","CARGO_BT","HAZ_INV","HAZ_PLAC","HAZ_ID","HAZ_CNO","HAZ_REL","BUS_USE","SPEC_USE","EMER_USE","TRAV_SP","UNDERIDE","ROLLOVER","ROLINLOC","IMPACT1","DEFORMED","TOWED","M_HARM","VEH_SC1","VEH_SC2","FIRE_EXP","DR_PRES","L_STATE","DR_ZIP","L_STATUS","L_TYPE","CDL_STAT","L_ENDORS","L_COMPL","L_RESTRI","DR_HGT","DR_WGT","PREV_ACC","PREV_SUS","PREV_DWI","PREV_SPD","PREV_OTH","FIRST_MO","FIRST_YR","LAST_MO","LAST_YR","SPEEDREL","DR_SF1","DR_SF2","DR_SF3","DR_SF4","VTRAFWAY","VNUM_LAN","VSPD_LIM","VALIGN","VPROFILE","VPAVETYP","VSURCOND","VTRAFCON","VTCONT_F","P_CRASH1","P_CRASH2","P_CRASH3","PCRASH4","PCRASH5","ACC_TYPE","TRLR1VIN","TRLR2VIN","TRLR3VIN","DEATHS","DR_DRINK"
20,200148,1,1,1,16,6,19,0,10,0,1,0,20,1,98,999,98999,99,1997,"000000000000","0","0","0","0","0","0","0","0","0","0","0","0",0,0,0,"000000000","00000000000",0,0,0,1,0,0,0,0,0,0,0,0,0,0,0,2,6,2,10,0,0,0,1,20,66872,6,1,6,0,3,1,71,215,0,0,0,0,0,0,0,0,0,0,38,39,0,0,1,2,55,1,2,4,1,65,3,1,17,99,1,1,98,"777777777777","777777777777","777777777777",1,0
20,200149,1,1,1,18,6,6,35,1,0,1,0,20,1,19,18,19018,4,2005,"1G6DN56S3501","1","G","6","D","N","5","6","S","3","5","0","1",0,0,0,"000000000","00000000000",0,0,0,1,0,0,0,0,0,0,0,998,0,1,5,0,6,2,1,0,0,0,1,20,67871,6,1,0,0,3,0,74,210,0,0,0,0,0,0,0,0,0,3,0,0,0,0,1,2,65,3,3,2,1,0,0,14,6,99,2,4,7,"777777777777","777777777777","777777777777",1,1
20,200150,1,1,1,20,6,13,24,53,0,1,0,20,2,20,481,20481,31,1992,"2GTGK29N5N15","2","G","T","G","K","2","9","N","5","N","1","5",0,0,0,"000000000","00000000000",0,0,0,1,0,0,0,0,0,0,0,998,0,1,5,11,6,2,1,0,0,0,1,20,67214,1,1,0,0,2,3,66,195,0,0,0,0,0,0,0,0,0,9,6,36,58,0,1,2,55,1,1,2,1,0,0,1,9,99,1,4,6,"777777777777","777777777777","777777777777",1,1
20,200151,1,3,1,21,6,7,40,12,1,1,0,20,2,6,441,6441,20,2003,"2C8GP64L03R2","2","C","8","G","P","6","4","L","0","3","R","2",0,0,0,"000000000","00000000000",0,0,0,1,0,0,0,0,0,0,0,998,0,0,0,12,6,2,12,0,0,0,1,20,67333,6,1,0,0,3,0,62,100,0,0,0,0,0,0,0,0,0,9,0,0,0,0,1,2,65,3,1,2,1,0,0,14,50,1,1,1,20,"777777777777","777777777777","777777777777",0,0
20,200151,2,3,1,21,6,7,40,12,1,1,0,40,1,72,706,72706,80,2002,"1HD1JAB192Y0","1","H","D","1","J","A","B","1","9","2","Y","0",0,0,0,"000000000","00000000000",0,0,0,1,0,0,0,0,0,0,0,0,0,0,0,6,6,2,12,0,0,0,1,40,74003,6,1,0,0,3,2,71,230,0,1,1,0,0,4,2014,4,2014,0,74,0,0,0,1,2,65,3,1,2,1,0,0,11,53,1,1,1,22,"777777777777","777777777777","777777777777",1,0
20,200151,3,3,2,21,6,7,40,12,1,1,0,20,1,12,481,12481,31,2013,"1FTFW1ET3DFC","1","F","T","F","W","1","E","T","3","D","F","C",0,0,0,"000000000","00000000000",0,0,0,1,0,0,0,0,0,0,0,998,0,0,0,12,6,2,12,0,0,0,1,20,67337,6,1,0,0,3,0,71,167,0,0,1,0,0,10,2011,10,2011,0,0,0,0,0,1,2,65,2,1,2,1,0,0,10,54,1,1,1,98,"777777777777","777777777777","777777777777",0,0
20,200152,1,2,2,22,6,20,48,12,6,1,0,20,1,55,402,55402,14,2010,"KM8JUCAC3AU0","K","M","8","J","U","C","A","C","3","A","U","0",0,0,0,"000000000","00000000000",0,0,0,1,0,0,0,0,0,0,0,998,0,0,0,9,6,2,12,0,0,0,1,20,66605,6,1,0,0,3,0,63,150,0,0,0,0,0,0,0,0,0,0,38,39,0,0,1,2,45,1,2,2,1,20,3,1,17,1,1,1,89,"777777777777","777777777777","777777777777",1,0
20,200152,2,2,1,22,6,20,48,12,6,1,0,20,1,20,37,20037,4,2015,"1G11B5SLXFF2","1","G","1","1","B","5","S","L","X","F","F","2",0,0,0,"000000000","00000000000",0,0,0,1,0,0,0,0,0,0,0,998,0,0,0,12,6,2,12,0,0,0,1,20,66614,6,7,0,0,3,2,73,165,0,0,0,0,0,0,0,0,0,0,74,0,0,0,1,2,40,1,1,2,1,0,0,1,63,16,1,1,88,"777777777777","777777777777","777777777777",0,0
20,200153,1,1,2,25,6,17,8,1,0,1,0,20,1,2,404,2404,14,1997,"1J4GZ78Y7VC6","1","J","4","G","Z","7","8","Y","7","V","C","6",0,0,0,"000000000","00000000000",0,0,0,1,0,0,0,0,0,0,0,998,0,1,1,0,6,2,1,0,0,0,1,20,67301,6,1,6,0,3,0,69,999,0,0,0,0,0,0,0,0,0,4,58,8,0,0,2,2,65,1,2,2,1,0,0,1,6,8,2,6,98,"777777777777","777777777777","777777777777",1,0
20,200154,1,1,1,11,6,15,30,34,0,1,0,20,1,72,706,72706,80,2005,"1HD1CGP1X5K4","1","H","D","1","C","G","P","1","X","5","K","4",0,0,0,"000000000","00000000000",0,0,0,1,0,0,0,0,0,0,0,998,0,0,0,12,6,2,1,0,0,0,1,20,66048,6,1,6,2,3,2,69,185,0,0,0,0,0,0,0,0,0,0,74,0,0,0,1,2,35,1,1,4,1,0,0,1,13,1,1,4,1,"777777777777","777777777777","777777777777",1,0
20,200155,1,1,1,13,6,19,12,21,0,1,0,29,3,84,884,84884,66,2007,"2HSCNAPR37C3","2","H","S","C","N","A","P","R","3","7","C","3",1,1,57,"181126","57181126",3,6,1,1,0,0,0,0,0,0,0,998,0,0,0,11,6,2,21,0,0,0,1,29,64772,6,1,6,1,3,1,68,155,0,0,0,0,0,0,0,0,0,9,99,99,99,99,1,2,65,1,1,1,1,0,0,1,12,99,1,4,6,"145C242S1HL0","777777777777","777777777777",1,0
20,200156,1,2,1,19,6,15,20,12,6,1,0,20,2,12,471,12471,30,1995,"1FTCR15X2SPB","1","F","T","C","R","1","5","X","2","S","P","B",0,0,0,"000000000","00000000000",0,0,0,1,0,0,0,0,0,0,0,998,0,0,0,1,6,2,12,0,0,0,1,20,66066,6,1,0,0,3,0,69,165,0,0,0,0,0,0,0,0,0,0,58,0,0,0,1,2,65,2,1,2,1,0,0,14,13,6,4,6,66,"777777777777","777777777777","777777777777",1,0
20,200156,2,2,5,19,6,15,20,12,6,1,0,20,2,12,442,12442,20,2001,"2FMZA57491BA","2","F","M","Z","A","5","7","4","9","1","B","A",0,0,0,"000000000","00000000000",0,0,0,1,0,0,0,0,0,0,0,998,0,1,5,12,6,2,12,0,0,1,1,20,66086,6,1,6,0,3,1,73,230,0,0,0,0,0,0,0,0,0,0,0,0,0,0,1,2,65,3,1,2,1,0,0,14,62,1,1,1,66,"777777777777","777777777777","777777777777",3,0
20,200157,1,1,2,19,6,15,45,1,0,1,0,18,2,49,32,49032,4,2007,"2T1BR32E57C7","2","T","1","B","R","3","2","E","5","7","C","7",0,0,0,"000000000","00000000000",0,0,0,1,0,0,0,0,0,0,0,998,0,1,3,0,6,2,1,0,0,0,1,18,46825,6,1,0,0,3,1,63,165,0,0,0,0,0,0,0,0,0,0,0,0,0,0,2,2,75,1,6,1,1,0,0,1,12,1,4,4,7,"777777777777","777777777777","777777777777",1,0
20,200158,1,1,1,19,6,19,50,34,0,1,0,20,1,72,706,72706,80,2002,"1HD1FPV1X2Y6","1","H","D","1","F","P","V","1","X","2","Y","6",0,0,0,"000000000","00000000000",0,0,0,1,0,0,0,0,0,0,0,998,0,0,0,1,6,2,34,0,0,0,1,20,66948,6,1,0,0,3,1,68,170,0,0,0,0,0,0,0,0,0,3,0,0,0,0,1,2,60,2,2,2,1,0,0,14,12,1,1,4,6,"777777777777","777777777777","777777777777",1,1
20,200159,1,2,1,22,6,7,49,12,6,1,0,20,2,12,17,12017,4,2010,"1FAHP2EW3AG1","1","F","A","H","P","2","E","W","3","A","G","1",0,0,0,"000000000","00000000000",0,0,0,1,0,0,0,0,0,0,0,998,0,0,0,10,6,2,12,0,0,0,1,20,67065,6,1,0,0,3,1,66,185,0,0,0,0,0,0,0,0,0,0,38,0,0,0,1,2,55,1,1,2,1,20,3,1,17,1,1,1,89,"777777777777","777777777777","777777777777",1,0
20,200159,2,2,1,22,6,7,49,12,6,1,0,93,3,7,880,7880,67,2014,"3C63RRAL2EG1","3","C","6","3","R","R","A","L","2","E","G","1",1,3,57,"1700497","571700497",2,4,3,1,0,0,0,0,0,0,0,998,0,0,0,1,6,2,12,0,0,0,1,20,67124,6,1,0,0,3,0,65,150,0,0,0,1,0,12,2015,12,2015,0,0,0,0,0,2,2,75,1,1,1,1,0,0,1,63,1,1,1,88,"5RVSL14267M0","777777777777","777777777777",0,0
20,200160,1,1,1,24,6,22,0,11,0,1,0,20,2,53,706,53706,80,1992,"JS1VS52A3N21","J","S","1","V","S","5","2","A","3","N","2","1",0,0,0,"000000000","00000000000",0,0,0,1,0,0,0,0,0,0,0,998,0,0,0,12,6,2,11,0,0,0,1,20,67665,6,1,6,0,3,1,68,145,0,0,0,0,0,0,0,0,0,9,83,0,0,0,1,2,55,1,2,2,1,0,0,1,87,1,1,1,13,"777777777777","777777777777","777777777777",1,1
20,200161,1,2,1,25,6,11,2,12,6,1,0,20,3,85,881,85881,66,2004,"1XKDDB9X04J0","1","X","K","D","D","B","9","X","0","4","J","0",1,3,57,"2263520","572263520",3,6,8,1,0,0,0,0,0,0,0,998,0,1,5,2,6,2,12,0,0,0,1,20,67878,6,1,6,0,3,0,73,280,0,0,0,0,0,0,0,0,0,0,38,0,0,0,1,2,55,1,1,4,1,0,0,1,63,1,1,1,87,"1TDH422259B1","777777777777","777777777777",0,0
20,200161,2,2,1,25,6,11,2,12,6,1,0,20,3,20,481,20481,31,2006,"1GCEC19T16Z1","1","G","C","E","C","1","9","T","1","6","Z","1",0,0,0,"000000000","00000000000",0,0,0,1,0,0,0,0,0,0,0,998,0,0,0,12,6,2,12,0,0,0,1,20,67878,6,1,0,0,3,1,70,165,0,0,0,0,0,0,0,0,0,0,0,0,0,0,1,2,55,1,1,4,1,0,0,1,17,7,1,1,86,"777777777777","777777777777","777777777777",1,0
20,200162,1,2,1,25,6,20,8,1,0,1,0,20,1,98,709,98709,89,2006,"000000000000","0","0","0","0","0","0","0","0","0","0","0","0",0,0,0,"000000000","00000000000",0,0,0,1,0,0,0,0,0,0,0,998,0,0,0,0,4,5,1,0,0,0,1,22,70531,6,1,0,0,2,9,71,180,99,99,99,99,99,99,9999,99,9999,3,8,0,0,0,1,4,30,1,1,1,1,0,0,1,63,98,1,1,98,"777777777777","777777777777","777777777777",1,1
20,200162,2,2,1,25,6,20,8,1,0,1,0,20,3,20,461,20461,21,1992,"2GCDG15Z3N41","2","G","C","D","G","1","5","Z","3","N","4","1",0,0,0,"000000000","00000000000",0,0,0,1,0,0,0,0,0,0,0,998,0,0,0,5,2,5,12,0,0,0,1,20,67214,6,1,6,0,3,0,68,145,0,0,0,0,0,0,0,0,0,0,0,0,0,0,1,2,30,1,1,1,1,0,0,1,17,1,1,1,98,"777777777777","777777777777","777777777777",0,0
20,200163,1,1,1,28,6,9,32,14,0,1,0,20,1,55,36,55036,4,2013,"KMHCT4AE9DU3","K","M","H","C","T","4","A","E","9","D","U","3",0,0,0,"000000000","00000000000",0,0,0,1,0,0,0,0,0,0,0,998,0,0,0,12,6,2,14,0,0,0,1,20,66012,6,1,0,0,3,0,60,174,1,0,0,0,0,10,2013,10,2013,0,0,0,0,0,2,3,70,1,2,2,2,0,0,1,13,1,1,4,1,"777777777777","777777777777","777777777777",1,0
20,200164,1,2,1,29,6,2,15,12,1,1,0,6,3,51,881,51881,66,2016,"4V4NC9EH9GN9","4","V","4","N","C","9","E","H","9","G","N","9",1,1,57,"1817667","571817667",3,6,1,1,0,0,0,0,0,0,0,998,0,0,0,12,6,2,12,0,0,0,1,6,95843,6,1,6,0,3,0,71,200,0,0,0,0,0,0,0,0,0,0,26,0,0,0,2,2,75,1,1,2,1,0,0,1,51,6,1,1,24,"1GRAA06267W7","777777777777","777777777777",0,0
20,200164,2,2,11,29,6,2,15,12,1,1,0,48,2,49,422,49422,15,2004,"5TDZT34A14S2","5","T","D","Z","T","3","4","A","1","4","S","2",0,0,0,"000000000","00000000000",0,0,0,1,0,0,0,0,0,0,0,998,0,1,5,6,6,2,12,0,0,0,1,99,99999,9,9,99,9,9,9,999,999,99,99,99,99,99,99,9999,99,9999,0,45,0,0,0,2,2,75,1,1,2,1,0,0,1,53,1,1,1,25,"777777777777","777777777777","777777777777",6,0
20,200165,1,2,2,19,6,20,0,12,6,1,0,20,2,7,482,7482,31,2002,"1B3HU18Z92J1","1","B","3","H","U","1","8","Z","9","2","J","1",0,0,0,"000000000","00000000000",0,0,0,1,0,0,0,0,0,0,0,998,0,0,0,9,6,2,12,0,0,0,1,20,66067,6,7,0,0,3,2,64,135,1,0,0,0,1,1,2016,2,2016,0,48,74,0,0,1,2,65,1,2,1,1,0,0,11,16,1,1,1,72,"777777777777","777777777777","777777777777",0,0
20,200165,2,2,2,19,6,20,0,12,6,1,0,20,1,72,706,72706,80,2000,"1HD1FCW18YY6","1","H","D","1","F","C","W","1","8","Y","Y","6",0,0,0,"000000000","00000000000",0,0,0,1,0,0,0,0,0,0,0,998,0,0,0,12,6,2,12,0,0,0,1,20,66451,6,1,0,0,3,0,67,190,1,0,0,0,0,4,2014,4,2014,0,0,0,0,0,1,2,65,1,2,1,1,0,0,6,61,1,1,1,73,"777777777777","777777777777","777777777777",1,0
20,200166,1,1,8,26,6,0,6,8,0,1,0,20,1,12,422,12422,15,2000,"1FMPU18L6YLB","1","F","M","P","U","1","8","L","6","Y","L","B",0,0,0,"000000000","00000000000",0,0,0,1,0,0,0,0,0,0,0,998,0,0,0,12,4,5,8,0,0,0,1,20,66619,6,1,0,0,3,0,67,180,0,0,0,0,0,0,0,0,0,0,0,0,0,0,2,2,50,1,1,2,1,0,0,1,80,1,1,1,13,"777777777777","777777777777","777777777777",0,0
20,200167,1,2,1,27,6,6,10,12,2,1,0,20,2,7,482,7482,31,2001,"1B7HC16X61S6","1","B","7","H","C","1","6","X","6","1","S","6",0,0,0,"000000000","00000000000",0,0,0,1,0,0,0,0,0,0,0,998,0,0,0,12,6,2,12,0,0,0,1,20,66617,6,7,0,0,3,0,66,173,0,0,0,0,0,0,0,0,0,0,99,99,99,99,1,2,65,2,1,1,1,0,0,14,10,99,1,2,50,"777777777777","777777777777","777777777777",1,0
20,200167,2,2,1,27,6,6,10,12,2,1,0,20,1,23,481,23481,31,2002,"1GTEK19T52E2","1","G","T","E","K","1","9","T","5","2","E","2",0,0,0,"000000000","00000000000",0,0,0,1,0,0,0,0,0,0,0,998,0,0,0,12,6,2,12,0,0,0,1,20,66533,6,1,0,0,3,0,72,185,0,0,0,2,0,2,2014,1,2015,9,99,99,99,99,1,2,65,3,1,1,1,0,0,14,62,99,1,1,51,"777777777777","777777777777","777777777777",1,0
20,200168,1,1,1,12,6,0,47,33,0,1,0,29,1,37,39,37039,5,2015,"3HGGK5H50FM7","3","H","G","G","K","5","H","5","0","F","M","7",0,0,0,"000000000","00000000000",0,0,0,1,0,0,0,0,0,0,0,998,0,0,0,12,6,2,30,0,0,0,1,29,66102,6,1,0,0,3,1,66,150,1,0,0,3,2,4,2014,3,2016,0,0,0,0,0,1,4,35,1,2,2,1,0,0,1,12,1,1,4,6,"777777777777","777777777777","777777777777",1,1
20,200169,1,1,1,1,7,13,34,32,0,1,0,18,1,6,43,6043,2,1999,"4C3AU52N4XE1","4","C","3","A","U","5","2","N","4","X","E","1",0,0,0,"000000000","00000000000",0,0,0,1,0,0,0,0,0,0,0,998,0,1,5,12,6,2,1,0,0,0,1,20,66523,6,1,0,0,3,1,66,200,0,0,0,1,1,6,2015,8,2015,9,99,99,99,99,1,2,55,1,2,2,1,0,0,1,12,99,1,4,6,"777777777777","777777777777","777777777777",1,0
20,200170,1,1,1,1,7,20,36,33,0,1,0,29,2,73,705,73705,80,2007,"JKAZX4P147A0","J","K","A","Z","X","4","P","1","4","7","A","0",0,0,0,"000000000","00000000000",0,0,0,1,0,0,0,0,0,0,0,998,0,0,0,12,6,2,42,0,0,0,1,20,66219,6,1,0,0,3,1,71,160,0,0,0,4,0,7,2013,11,2015,3,27,0,0,0,2,5,40,1,1,2,1,0,0,15,6,1,1,4,6,"777777777777","777777777777","777777777777",1,0
20,200171,1,3,1,3,7,9,13,12,6,1,0,20,4,23,481,23481,31,2015,"1GTN1TEC2FZ9","1","G","T","N","1","T","E","C","2","F","Z","9",0,0,0,"000000000","00000000000",0,0,0,1,0,0,0,0,0,0,0,998,0,0,0,1,6,2,12,0,0,0,1,29,64055,2,1,0,0,2,9,999,999,99,99,99,99,99,99,9999,99,9999,0,39,0,0,0,2,6,40,1,2,1,1,3,3,1,54,1,1,1,88,"777777777777","777777777777","777777777777",0,0
20,200171,2,3,2,3,7,9,13,12,6,1,0,20,1,13,13,13013,4,2008,"3LNHM26T88R6","3","L","N","H","M","2","6","T","8","8","R","6",0,0,0,"000000000","00000000000",0,0,0,1,0,0,0,0,0,0,0,998,0,0,0,9,6,2,12,0,0,0,1,20,66213,6,1,0,0,3,0,72,200,0,0,0,0,0,0,0,0,0,0,0,0,0,0,2,5,35,1,1,1,1,3,3,1,17,1,1,1,89,"777777777777","777777777777","777777777777",2,0
20,200171,3,3,5,3,7,9,13,12,6,1,0,20,1,20,421,20421,15,2008,"1GNFK13048J1","1","G","N","F","K","1","3","0","4","8","J","1",0,0,0,"000000000","00000000000",0,0,0,1,0,0,0,0,0,0,0,0,0,0,0,1,4,5,12,0,0,0,1,20,66206,6,1,0,0,3,0,73,205,0,0,0,0,0,0,0,0,0,0,0,0,0,0,2,6,40,1,2,1,1,3,3,5,54,1,1,1,98,"777777777777","777777777777","777777777777",0,0
20,200172,1,2,1,4,7,14,40,12,6,1,0,20,1,20,481,20481,31,1989,"2GTEK19K2K15","2","G","T","E","K","1","9","K","2","K","1","5",0,0,0,"000000000","00000000000",0,0,0,1,0,0,0,0,0,0,0,998,0,1,5,3,6,2,12,0,0,0,1,20,66935,6,1,6,0,3,1,73,230,0,0,0,0,0,0,0,0,0,0,38,0,0,0,1,2,70,1,1,4,1,20,3,99,17,1,1,1,87,"777777777777","777777777777","777777777777",1,0
20,200172,2,2,4,4,7,14,40,12,6,1,0,20,1,7,482,7482,31,2005,"1D7HA18D35S1","1","D","7","H","A","1","8","D","3","5","S","1",0,0,0,"000000000","00000000000",0,0,0,1,0,0,0,0,0,0,0,998,0,0,0,12,6,2,12,0,0,0,1,20,67554,6,1,0,0,3,1,76,175,1,0,0,0,0,11,2014,11,2014,0,0,0,0,0,2,2,70,1,1,1,1,0,0,1,62,9,1,1,86,"777777777777","777777777777","777777777777",0,0
20,200173,1,1,1,4,7,21,30,30,0,1,0,20,2,12,16,12016,4,2004,"2FAHP71W04X1","2","F","A","H","P","7","1","W","0","4","X","1",0,0,0,"000000000","00000000000",0,0,0,1,0,0,0,0,0,0,0,998,0,1,5,12,6,2,1,0,0,0,1,20,67736,6,1,0,0,3,1,70,190,0,0,0,0,0,0,0,0,0,0,80,0,0,0,1,2,65,1,1,2,1,0,0,1,3,1,2,4,2,"777777777777","777777777777","777777777777",1,0
20,200174,1,1,1,6,7,17,39,33,0,1,0,20,1,99,709,99709,89,1974,"1D13662COLO","1","D","1","3","6","6","2","C","O","L","O","",0,0,0,"000000000","00000000000",0,0,0,1,0,0,0,0,0,0,0,998,0,0,0,12,6,2,31,0,0,0,1,20,67213,6,1,0,0,3,1,72,210,1,0,0,0,0,5,2015,5,2015,0,0,0,0,0,1,2,30,3,1,2,1,0,0,14,6,1,1,4,1,"777777777777","777777777777","777777777777",1,0
20,200175,1,1,1,7,7,9,50,21,0,1,0,20,1,52,47,52047,6,2014,"JA4AD3A33EZ0","J","A","4","A","D","3","A","3","3","E","Z","0",0,0,0,"000000000","00000000000",0,0,0,1,0,0,0,0,0,0,0,998,0,0,0,1,6,2,21,0,0,1,1,20,67401,6,1,0,0,3,0,71,271,0,0,0,0,0,0,0,0,0,9,99,99,99,99,2,2,75,4,1,1,1,0,0,99,13,99,1,4,1,"777777777777","777777777777","777777777777",1,0
20,200176,1,1,1,4,7,21,34,8,0,1,0,20,1,23,481,23481,31,1996,"1GTEK19R4TE5","1","G","T","E","K","1","9","R","4","T","E","5",0,0,0,"000000000","00000000000",0,0,0,1,0,0,0,0,0,0,0,998,0,0,0,12,2,3,8,0,0,0,1,20,66605,6,1,0,0,3,0,72,200,0,0,0,0,0,0,0,0,0,0,0,0,0,0,2,2,30,1,1,2,1,0,0,1,80,99,1,1,13,"777777777777","777777777777","777777777777",0,1
20,200177,1,1,3,5,7,0,7,1,0,1,0,20,2,20,421,20421,15,1987,"1GNEV18H3HF1","1","G","N","E","V","1","8","H","3","H","F","1",0,0,0,"000000000","00000000000",0,0,0,1,0,0,0,0,0,0,0,998,0,1,5,0,6,2,1,0,0,0,1,20,67001,6,1,0,0,3,0,66,185,0,0,0,0,0,0,0,0,0,0,80,0,0,0,1,2,45,1,1,4,1,0,0,1,3,1,2,4,7,"777777777777","777777777777","777777777777",1,0
20,200178,1,1,1,7,7,17,59,30,0,1,0,20,2,7,482,7482,31,2001,"1B7HC16Y41S3","1","B","7","H","C","1","6","Y","4","1","S","3",0,0,0,"000000000","00000000000",0,0,0,1,0,0,0,0,0,0,0,998,0,1,5,12,6,2,1,0,0,0,1,20,66221,1,1,0,0,2,0,72,250,1,0,0,0,1,2,2014,5,2016,0,58,0,0,0,1,2,45,1,2,2,1,0,0,1,13,7,1,4,1,"777777777777","777777777777","777777777777",1,0
20,200179,1,1,2,10,7,2,55,1,0,1,0,20,1,72,706,72706,80,2006,"1HD1BXB126Y0","1","H","D","1","B","X","B","1","2","6","Y","0",0,0,0,"000000000","00000000000",0,0,0,1,0,0,0,0,0,0,0,998,0,0,0,0,6,2,31,0,0,0,1,20,67864,6,1,0,0,3,0,75,230,0,0,0,0,0,0,0,0,0,4,99,99,99,99,1,2,65,1,2,2,1,0,0,1,99,99,2,4,98,"777777777777","777777777777","777777777777",2,1
20,200180,1,2,1,10,7,12,45,12,6,1,0,20,2,20,481,20481,31,1985,"1GCGC24M3FS1","1","G","C","G","C","2","4","M","3","F","S","1",0,0,0,"000000000","00000000000",0,0,0,1,0,0,0,0,0,0,0,998,0,0,0,12,6,2,12,0,0,0,1,20,67502,6,1,0,0,3,0,69,140,0,0,0,0,0,0,0,0,0,0,0,0,0,0,1,2,55,1,1,5,1,0,0,1,17,1,1,1,88,"777777777777","777777777777","777777777777",0,0
20,200180,2,2,1,10,7,12,45,12,6,1,0,20,1,7,26,7026,4,2012,"1C3CDZAB3CN2","1","C","3","C","D","Z","A","B","3","C","N","2",0,0,0,"000000000","00000000000",0,0,0,1,0,0,0,0,0,0,0,998,0,0,0,9,6,2,12,0,0,0,1,20,67502,6,1,0,0,3,1,71,220,0,0,0,0,0,0,0,0,0,0,38,39,0,0,1,2,55,1,1,5,1,20,3,1,62,1,1,1,89,"777777777777","777777777777","777777777777",1,0
20,200181,1,1,1,11,7,9,14,35,0,1,0,20,1,63,441,63441,20,2012,"KNDMG4C7XC64","K","N","D","M","G","4","C","7","X","C","6","4",0,0,0,"000000000","00000000000",0,0,0,1,0,0,0,0,0,0,0,998,0,1,3,12,6,2,35,0,0,0,1,20,66509,6,1,0,0,3,1,67,999,1,0,0,1,1,8,2014,5,2016,5,99,99,99,99,2,2,70,1,1,1,1,0,0,1,12,99,1,4,6,"777777777777","777777777777","777777777777",1,0
20,200182,1,1,1,11,7,0,43,33,0,1,0,20,1,72,706,72706,80,2014,"1HD1JRV13EB0","1","H","D","1","J","R","V","1","3","E","B","0",0,0,0,"000000000","00000000000",0,0,0,1,0,0,0,0,0,0,0,998,0,0,0,2,6,2,33,0,0,0,1,20,66611,6,1,0,0,2,0,66,150,0,0,0,0,0,0,0,0,0,0,0,0,0,0,1,2,30,1,1,2,1,0,0,1,13,1,1,4,1,"777777777777","777777777777","777777777777",1,1
20,200183,1,2,2,16,7,12,45,12,6,1,0,20,2,12,442,12442,20,2000,"2FMZA5144YBB","2","F","M","Z","A","5","1","4","4","Y","B","B",0,0,0,"000000000","00000000000",0,0,0,1,0,0,0,0,0,0,0,998,0,0,0,9,6,2,12,0,0,0,1,20,67629,6,1,0,0,3,1,63,190,0,0,0,0,0,0,0,0,0,0,0,0,0,0,1,2,65,1,1,2,1,0,0,1,17,7,1,1,89,"777777777777","777777777777","777777777777",1,0
20,200183,2,2,3,16,7,12,45,12,6,1,0,20,1,20,481,20481,31,2006,"2GCEK13Z0613","2","G","C","E","K","1","3","Z","0","6","1","3",0,0,0,"000000000","00000000000",0,0,0,1,0,0,0,0,0,0,0,5,0,0,0,12,6,2,12,0,0,0,1,20,67740,6,1,0,0,3,0,70,180,0,0,0,2,2,9,2014,12,2015,0,38,39,0,0,1,2,55,1,1,4,1,20,3,1,54,16,1,1,88,"777777777777","777777777777","777777777777",0,0
20,200184,1,2,1,16,7,19,24,12,6,1,0,20,1,12,481,12481,31,1998,"2FTZX1869WCA","2","F","T","Z","X","1","8","6","9","W","C","A",0,0,0,"000000000","00000000000",0,0,0,1,0,0,0,0,0,0,0,998,0,0,0,12,6,2,12,0,0,0,1,20,66061,6,1,0,0,3,0,68,150,0,1,1,0,0,3,2013,11,2015,0,39,0,0,0,2,5,55,1,1,1,1,3,3,1,67,8,1,1,69,"777777777777","777777777777","777777777777",0,0
20,200184,2,2,1,16,7,19,24,12,6,1,0,20,1,76,706,76706,80,2006,"JYAVP17E46A0","J","Y","A","V","P","1","7","E","4","6","A","0",0,0,0,"000000000","00000000000",0,0,0,1,0,0,0,0,0,0,0,998,0,0,0,3,6,2,12,0,0,0,1,20,66061,6,1,0,0,3,1,67,265,0,0,0,0,0,0,0,0,0,0,0,0,0,0,2,5,55,1,1,1,1,3,1,11,15,1,1,1,68,"777777777777","777777777777","777777777777",1,0
20,200185,1,2,1,18,7,17,30,12,6,1,0,20,1,7,403,7403,14,2007,"1D8GT58K47W6","1","D","8","G","T","5","8","K","4","7","W","6",0,0,0,"000000000","00000000000",0,0,0,1,0,0,0,0,0,0,0,998,0,0,0,12,6,2,12,0,0,0,1,20,67401,6,1,0,0,3,1,64,180,0,0,0,0,1,9,2011,9,2011,0,28,0,0,0,1,2,55,1,1,2,1,20,3,1,17,1,1,1,88,"777777777777","777777777777","777777777777",0,0
20,200185,2,2,7,18,7,17,30,12,6,1,0,20,2,20,403,20403,14,2003,"1GNET16S7361","1","G","N","E","T","1","6","S","7","3","6","1",0,0,0,"000000000","00000000000",0,0,0,1,0,0,0,0,0,0,0,998,0,1,1,8,6,2,1,0,0,0,1,20,67401,1,1,0,0,2,1,68,165,0,0,0,1,1,12,2013,7,2015,0,0,0,0,0,1,2,55,1,1,2,1,0,0,1,66,1,1,1,89,"777777777777","777777777777","777777777777",1,0