"STATE","ST_CASE","VEH_NO","VE_FORMS","NUMOCCS","DAY","MONTH","HOUR","MINUTE","HARM_EV","MAN_COLL","UNITTYPE","HIT_RUN","REG_STAT","OWNER","MAKE","MODEL","MAK_MOD","BODY_TYP","MOD_YEAR","VIN","VIN_1","VIN_2","VIN_3","VIN_4","VIN_5","VIN_6","VIN_7","VIN_8","VIN_9","VIN_10","VIN_11","VIN_12","TOW_VEH","J_KNIFE","MCARR_I1","MCARR_I2","MCARR_ID","GVWR","V_CONFIG","CARGO_BT","HAZ_INV","HAZ_PLAC","HAZ_ID","HAZ_CNO","HAZ_REL","BUS_USE","SPEC_USE","EMER_USE","TRAV_SP","UNDERIDE","ROLLOVER","ROLINLOC","IMPACT1","DEFORMED","TOWED","M_HARM","VEH_SC1","VEH_SC2","FIRE_EXP","DR_PRES","L_STATE","DR_ZIP","L_STATUS","L_TYPE","CDL_STAT","L_ENDORS","L_COMPL","L_RESTRI","DR_HGT","DR_WGT","PREV_ACC","PREV_SUS","PREV_DWI","PREV_SPD","PREV_OTH","FIRST_MO","FIRST_YR","LAST_MO","LAST_YR","SPEEDREL","DR_SF1","DR_SF2","DR_SF3","DR_SF4","VTRAFWAY","VNUM_LAN","VSPD_LIM","VALIGN","VPROFILE","VPAVETYP","VSURCOND","VTRAFCON","VTCONT_F","P_CRASH1","P_CRASH2","P_CRASH3","PCRASH4","PCRASH5","ACC_TYPE","TRLR1VIN","TRLR2VIN","TRLR3VIN","DEATHS","DR_DRINK"
20,200220,1,1,1,25,8,5,0,42,0,1,0,48,1,13,5,13005,4,1998,"1LNFM81W6WY6","1","L","N","F","M","8","1","W","6","W","Y","6",0,0,0,"000000000","00000000000",0,0,0,1,0,0,0,0,0,0,0,998,0,0,0,12,6,2,42,0,0,0,1,48,66071,6,1,0,0,3,0,999,999,0,0,0,0,0,0,0,0,0,3,0,0,0,0,1,2,55,1,1,2,2,0,0,1,13,1,1,4,1,"777777777777","777777777777","777777777777",1,0
20,200221,1,1,1,29,8,99,99,38,0,1,0,20,1,12,3,12003,2,2016,"1FA6P8AM9G53","1","F","A","6","P","8","A","M","9","G","5","3",0,0,0,"000000000","00000000000",0,0,0,1,0,0,0,0,0,0,0,998,0,0,0,12,6,2,35,0,0,0,1,20,66071,6,1,0,0,3,0,74,190,0,0,0,2,0,4,2014,3,2015,4,0,0,0,0,1,2,55,1,1,2,1,0,0,1,13,1,1,4,1,"777777777777","777777777777","777777777777",1,0
20,200222,1,2,1,3,9,20,48,12,6,1,0,20,2,20,481,20481,31,1991,"1GCCS19Z6M22","1","G","C","C","S","1","9","Z","6","M","2","2",0,0,0,"000000000","00000000000",0,0,0,1,0,0,0,0,0,0,0,0,0,0,0,9,6,2,12,0,0,0,1,20,67457,6,1,0,0,3,0,66,150,0,0,0,0,0,0,0,0,0,0,54,0,0,0,2,2,70,1,1,1,1,0,0,7,53,1,1,1,99,"777777777777","777777777777","777777777777",1,0
20,200222,2,2,2,3,9,20,48,12,6,1,0,20,3,82,881,82881,66,2014,"3AKJGLD54ESF","3","A","K","J","G","L","D","5","4","E","S","F",1,1,57,"1704230","571704230",3,6,1,1,0,0,0,0,0,0,0,998,0,0,0,12,6,2,12,0,0,0,1,20,67028,6,1,6,0,3,1,73,170,0,0,0,0,0,0,0,0,0,0,0,0,0,0,1,2,98,1,1,1,1,0,0,1,50,99,1,1,99,"1UYVS2536FU2","777777777777","777777777777",0,0
20,200223,1,2,5,24,7,10,12,12,6,1,0,20,2,37,32,37032,4,2012,"1HGCP2F61CA0","1","H","G","C","P","2","F","6","1","C","A","0",0,0,0,"000000000","00000000000",0,0,0,1,0,0,0,0,0,0,0,998,0,0,0,2,6,2,12,0,0,0,1,20,66030,6,1,0,0,3,1,75,155,0,0,0,0,0,0,0,0,0,0,33,0,0,0,1,2,65,1,3,2,1,0,0,6,10,6,1,4,66,"777777777777","777777777777","777777777777",1,0
20,200223,2,2,4,24,7,10,12,12,6,1,0,20,1,18,23,18023,4,2006,"1G4HE57Y86U2","1","G","4","H","E","5","7","Y","8","6","U","2",0,0,0,"000000000","00000000000",0,0,0,1,0,0,0,0,0,0,0,998,0,0,0,12,6,2,12,0,0,0,1,20,67878,6,1,6,0,3,1,71,215,0,0,0,0,0,0,0,0,0,0,0,0,0,0,1,2,65,1,3,2,1,0,0,1,62,7,1,4,66,"777777777777","777777777777","777777777777",0,0
20,200224,1,1,3,27,7,16,32,8,0,1,0,20,1,20,481,20481,31,2013,"3GCPKTE72DG3","3","G","C","P","K","T","E","7","2","D","G","3",0,0,0,"000000000","00000000000",0,0,0,1,0,0,0,0,0,0,0,998,0,0,0,14,9,5,8,0,0,0,1,20,67156,6,1,0,0,3,0,71,250,1,0,0,0,2,12,2015,4,2016,0,51,0,0,0,1,2,25,1,2,2,1,0,0,98,80,1,1,1,13,"777777777777","777777777777","777777777777",0,0
20,200225,1,2,1,4,8,7,5,12,6,1,0,20,3,20,22,20022,4,2005,"1G1AL52F2576","1","G","1","A","L","5","2","F","2","5","7","6",0,0,0,"000000000","00000000000",0,0,0,1,0,0,0,0,0,0,0,998,0,0,0,9,6,2,12,0,0,0,1,20,66104,6,1,0,0,3,0,69,250,0,0,0,0,0,0,0,0,0,0,27,58,0,0,3,2,75,1,1,2,1,0,0,1,13,99,1,6,98,"777777777777","777777777777","777777777777",1,0
20,200225,2,2,1,4,8,7,5,12,6,1,0,20,3,35,51,35051,6,2016,"KNMAT2MVXGP6","K","N","M","A","T","2","M","V","X","G","P","6",0,0,0,"000000000","00000000000",0,0,0,1,0,0,0,0,0,0,0,998,0,0,0,12,6,2,12,0,0,0,1,20,66606,6,1,0,0,3,0,80,260,0,0,0,0,0,0,0,0,0,0,0,0,0,0,3,2,75,1,1,2,1,0,0,1,61,1,1,1,98,"777777777777","777777777777","777777777777",0,0
20,200226,1,2,1,6,8,20,12,12,6,1,0,20,1,7,472,7472,31,2001,"1B7GL22X31S3","1","B","7","G","L","2","2","X","3","1","S","3",0,0,0,"000000000","00000000000",0,0,0,1,0,0,0,0,0,0,0,998,0,0,0,2,6,2,12,0,0,0,1,20,66067,6,1,0,0,3,0,69,170,0,0,0,0,0,0,0,0,0,0,38,0,0,0,1,2,30,1,1,4,1,0,0,1,17,1,1,1,87,"777777777777","777777777777","777777777777",1,0
20,200226,2,2,1,6,8,20,12,12,6,1,1,20,2,20,22,20022,2,2006,"1G1AK15FX677","1","G","1","A","K","1","5","F","X","6","7","7",0,0,0,"000000000","00000000000",0,0,0,1,0,0,0,0,0,0,0,998,0,0,0,12,6,2,12,0,0,0,1,20,66047,2,1,0,0,2,2,60,102,2,0,0,2,3,12,2013,7,2016,0,6,36,74,0,1,2,30,1,1,4,1,0,0,1,62,16,1,1,86,"777777777777","777777777777","777777777777",0,0
20,200227,1,2,3,18,8,7,20,12,6,1,0,20,2,48,38,48038,6,1999,"JF1GF4354XH8","J","F","1","G","F","4","3","5","4","X","H","8",0,0,0,"000000000","00000000000",0,0,0,1,0,0,0,0,0,0,0,998,0,0,0,3,6,2,12,0,0,0,1,20,66616,6,1,0,0,3,0,72,260,0,0,0,0,0,0,0,0,0,0,58,0,0,0,1,2,65,1,1,2,1,0,0,1,13,1,4,6,98,"777777777777","777777777777","777777777777",3,0
20,200227,2,2,2,18,8,7,20,12,6,1,0,20,1,22,32,22032,6,2007,"5Y2SL65867Z4","5","Y","2","S","L","6","5","8","6","7","Z","4",0,0,0,"000000000","00000000000",0,0,0,1,0,0,0,0,0,0,0,998,0,0,0,12,6,2,12,0,0,0,1,20,66533,6,1,6,0,3,1,70,171,0,0,0,2,0,4,2014,7,2014,0,0,0,0,0,1,2,65,1,1,2,1,0,0,1,62,1,1,1,98,"777777777777","777777777777","777777777777",1,0
20,200228,1,1,1,18,8,99,99,1,0,1,0,20,3,99,998,99998,97,9999,"5915077","5","9","1","5","0","7","7","","","","","",0,0,0,"000000000","00000000000",0,0,0,1,0,0,0,0,0,0,0,998,0,1,5,0,2,9,1,0,0,0,1,20,67735,6,1,99,9,3,1,75,230,0,0,0,0,0,0,0,0,0,9,99,99,99,99,2,2,75,1,1,2,1,0,0,98,19,1,9,9,98,"777777777777","777777777777","777777777777",1,0
20,200229,1,1,2,19,8,18,0,23,0,1,0,20,1,23,481,23481,31,2000,"1GTGK29U5YE3","1","G","T","G","K","2","9","U","5","Y","E","3",6,1,0,"000000000","00000000000",0,0,0,1,0,0,0,0,0,0,0,40,0,0,0,9,2,5,23,0,0,0,1,20,67570,6,1,6,0,3,0,73,205,0,0,0,0,0,0,0,0,0,0,22,0,0,0,1,2,55,1,1,2,1,0,0,1,13,1,1,4,98,"777777777777","777777777777","777777777777",1,0
20,200230,1,2,1,21,8,2,16,12,2,1,0,20,1,20,471,20471,30,1984,"1GCCT14B6E82","1","G","C","C","T","1","4","B","6","E","8","2",0,0,0,"000000000","00000000000",0,0,0,1,0,0,0,0,0,0,0,998,0,0,0,12,6,2,12,0,0,0,1,20,66501,6,1,0,0,3,0,68,150,0,0,0,0,0,0,0,0,0,5,51,39,0,0,2,2,65,1,1,1,1,98,3,1,54,1,1,1,52,"777777777777","777777777777","777777777777",1,1
20,200230,2,2,2,21,8,2,16,12,2,1,0,18,3,82,881,82881,66,2015,"1FUJGLD54FLG","1","F","U","J","G","L","D","5","4","F","L","G",1,1,57,"659258","57659258",3,6,1,1,0,0,0,0,0,0,0,998,0,0,0,12,6,2,12,0,0,0,1,37,28625,6,1,6,1,3,0,68,999,0,0,0,0,0,0,0,0,0,0,0,0,0,0,2,2,65,1,1,1,1,98,3,1,54,98,1,1,52,"1JJV532BXEL8","777777777777","777777777777",0,0
20,200231,1,1,3,30,8,22,45,32,0,1,0,20,2,7,482,7482,31,2004,"1D7HU18D84S7","1","D","7","H","U","1","8","D","8","4","S","7",0,0,0,"000000000","00000000000",0,0,0,1,0,0,0,0,0,0,0,998,0,1,5,14,6,2,1,0,0,0,1,20,67003,6,1,0,0,3,0,72,125,0,0,0,0,0,0,0,0,0,4,6,36,0,0,1,2,65,3,1,2,1,0,0,14,6,1,2,4,2,"777777777777","777777777777","777777777777",1,1
20,200232,1,2,1,1,9,16,11,12,6,1,0,20,1,14,399,14399,2,1952,"17DA19G101","1","7","D","A","1","9","G","1","0","1","","",0,0,0,"000000000","00000000000",0,0,0,1,0,0,0,0,0,0,0,998,0,0,0,12,6,2,12,0,0,0,1,20,66219,6,1,0,0,3,0,70,195,0,0,0,0,0,0,0,0,0,0,0,0,0,0,2,3,45,1,2,2,1,0,0,1,17,1,1,1,69,"777777777777","777777777777","777777777777",1,0
20,200232,2,2,3,1,9,16,11,12,6,1,0,20,1,6,18,6018,4,2012,"1C3CCBBG6CN2","1","C","3","C","C","B","B","G","6","C","N","2",0,0,0,"000000000","00000000000",0,0,0,1,0,0,0,0,0,0,0,998,0,0,0,3,6,2,12,0,0,0,1,20,66223,6,1,0,0,3,0,62,150,0,0,0,0,0,0,0,0,0,3,38,0,0,0,2,3,45,1,2,2,1,0,0,11,15,1,1,1,68,"777777777777","777777777777","777777777777",0,0
20,200233,1,1,2,22,6,17,26,5,0,1,0,20,2,49,472,49472,30,2016,"3TMCZ5AN9GM0","3","T","M","C","Z","5","A","N","9","G","M","0",1,1,0,"000000000","00000000000",0,0,0,1,0,0,0,0,0,0,0,998,0,0,0,0,0,5,5,0,0,0,1,20,66713,6,1,0,0,3,0,71,155,0,0,0,0,0,0,0,0,0,9,99,99,99,99,1,2,30,1,2,2,1,0,0,1,98,1,1,1,0,"999999999999","777777777777","777777777777",1,0
20,200234,1,2,2,16,8,14,28,12,6,1,0,20,1,23,481,23481,31,1993,"1GTEK14Z8PZ5","1","G","T","E","K","1","4","Z","8","P","Z","5",1,1,0,"000000000","00000000000",0,0,0,1,0,0,0,0,0,0,0,998,0,0,0,12,6,2,12,0,0,0,1,20,66106,1,1,0,0,2,0,70,240,0,0,0,1,0,5,2015,5,2015,3,39,38,0,0,6,1,98,1,2,1,1,3,3,1,6,1,1,1,84,"888888888888","777777777777","777777777777",0,0
20,200234,2,2,1,16,8,14,28,12,6,1,0,20,1,55,36,55036,4,2014,"KMHCT4AE6EU6","K","M","H","C","T","4","A","E","6","E","U","6",0,0,0,"000000000","00000000000",0,0,0,1,0,0,0,0,0,0,0,998,0,0,0,3,6,2,12,0,0,0,1,20,66105,6,1,0,0,3,1,65,146,0,0,0,0,0,0,0,0,0,0,0,0,0,0,1,4,98,1,1,1,1,3,3,1,15,1,1,1,84,"777777777777","777777777777","777777777777",1,0
20,200235,1,2,1,26,8,19,27,12,2,1,0,20,1,23,481,23481,31,1994,"2GTEK19K3R15","2","G","T","E","K","1","9","K","3","R","1","5",1,1,0,"000000000","00000000000",0,0,0,1,0,0,0,0,0,0,0,998,0,0,0,12,6,2,12,0,0,0,1,20,66101,1,1,0,0,2,0,66,178,0,0,2,0,1,8,2014,4,2015,9,99,99,99,99,2,2,55,2,2,2,1,0,0,14,10,1,1,6,50,"888888888888","777777777777","777777777777",0,0
20,200235,2,2,1,26,8,19,27,12,2,1,0,20,2,35,401,35401,14,2002,"JN8DR09YX2W7","J","N","8","D","R","0","9","Y","X","2","W","7",1,1,0,"000000000","00000000000",0,0,0,1,0,0,0,0,0,0,0,998,0,1,9,12,6,2,12,0,0,0,1,20,66103,6,1,0,0,3,1,63,999,0,0,0,0,0,0,0,0,0,0,0,0,0,0,2,2,55,3,2,2,1,0,0,14,62,1,1,1,51,"888888888888","777777777777","777777777777",1,0
20,200236,1,1,1,6,8,21,25,8,0,1,1,20,2,22,2,22002,4,1994,"1G2HX52L3R42","1","G","2","H","X","5","2","L","3","R","4","2",0,0,0,"000000000","00000000000",0,0,0,1,0,0,0,0,0,0,0,65,0,0,0,1,4,5,8,0,0,0,1,20,67352,6,1,0,0,3,0,74,175,0,0,0,0,0,0,0,0,0,0,91,86,0,0,1,2,65,1,1,2,1,0,0,1,80,1,1,1,13,"777777777777","777777777777","777777777777",0,0
20,200237,1,1,2,22,8,4,20,8,0,1,0,40,3,7,482,7482,31,2011,"1D7RV1CT6BS5","1","D","7","R","V","1","C","T","6","B","S","5",0,0,0,"000000000","00000000000",0,0,0,1,0,0,0,0,0,0,0,998,0,0,0,12,4,5,8,0,0,0,1,40,73049,6,1,0,0,3,0,73,270,0,0,0,0,0,0,0,0,0,0,0,0,0,0,3,2,75,1,1,2,1,0,0,1,80,1,1,1,13,"777777777777","777777777777","777777777777",0,0
20,200238,1,2,1,2,9,17,54,12,6,1,0,20,2,22,441,22441,20,2005,"1GMDV23E25D1","1","G","M","D","V","2","3","E","2","5","D","1",0,0,0,"000000000","00000000000",0,0,0,1,0,0,0,0,0,0,0,998,0,0,0,2,6,2,12,0,0,0,1,20,67954,6,1,0,0,3,1,71,200,0,0,0,0,0,0,0,0,0,0,51,0,0,0,1,2,65,1,1,2,1,0,0,1,10,1,1,2,66,"777777777777","777777777777","777777777777",1,0
20,200238,2,2,1,2,9,17,54,12,6,1,0,48,3,85,881,85881,66,2013,"1XKADP8XXDJ3","1","X","K","A","D","P","8","X","X","D","J","3",1,1,57,"956688","57956688",3,6,8,1,0,0,0,0,0,0,0,998,0,0,0,12,6,2,12,0,0,0,1,48,79022,6,1,6,1,3,0,999,999,0,0,0,1,0,6,2016,6,2016,0,0,0,0,0,1,2,65,1,1,2,1,0,0,1,62,8,1,1,66,"1W10CF5B38A2","777777777777","777777777777",0,0
20,200239,1,2,1,2,9,22,50,58,0,1,0,20,2,37,701,37701,88,2013,"JH2AF5815DK1","J","H","2","A","F","5","8","1","5","D","K","1",0,0,0,"000000000","00000000000",0,0,0,1,0,0,0,0,0,0,0,998,0,0,0,12,6,2,12,0,0,0,1,20,67217,1,1,0,0,2,2,65,185,0,1,0,0,1,2,2012,1,2015,0,58,82,74,0,1,2,20,1,1,2,1,0,0,1,6,1,1,2,98,"777777777777","777777777777","777777777777",1,0
20,200239,2,2,3,2,9,22,50,58,0,1,0,20,1,12,481,12481,31,1994,"1FTEX15N9RKB","1","F","T","E","X","1","5","N","9","R","K","B",0,0,0,"000000000","00000000000",0,0,0,1,0,0,0,0,0,0,0,998,0,0,0,12,4,5,12,0,0,0,1,20,67218,6,1,0,0,3,0,72,198,0,1,1,0,0,4,2012,12,2014,0,0,0,0,0,1,2,20,1,1,2,1,0,0,1,62,1,1,1,98,"777777777777","777777777777","777777777777",0,0
20,200240,1,1,1,2,9,14,19,35,0,1,0,20,2,21,401,21401,14,1997,"1GHDT13W4V27","1","G","H","D","T","1","3","W","4","V","2","7",0,0,0,"000000000","00000000000",0,0,0,1,0,0,0,0,0,0,0,998,0,1,5,99,6,2,35,0,0,0,1,20,67301,2,1,0,0,2,0,66,145,3,1,1,0,2,6,2012,12,2015,9,99,99,99,99,1,2,55,2,2,4,1,0,0,14,6,1,1,4,6,"777777777777","777777777777","777777777777",1,0
20,200241,1,1,2,3,9,1,0,35,0,1,0,20,2,49,40,49040,4,1997,"4T1BG22K8VU0","4","T","1","B","G","2","2","K","8","V","U","0",0,0,0,"000000000","00000000000",0,0,0,1,0,0,0,0,0,0,0,998,0,1,5,12,6,2,35,0,0,0,1,20,66736,6,1,0,0,3,0,72,205,1,0,0,0,0,8,2014,8,2014,0,51,0,0,0,1,2,65,1,2,2,1,0,0,1,13,1,1,4,1,"777777777777","777777777777","777777777777",1,0
20,200242,1,3,2,3,9,11,8,12,6,1,0,92,0,12,13,12013,4,1999,"1FAFP13P2XW1","1","F","A","F","P","1","3","P","2","X","W","1",0,0,0,"000000000","00000000000",0,0,0,1,0,0,0,0,0,0,0,998,0,0,0,3,6,2,12,0,0,0,1,29,63123,6,1,0,0,3,0,68,200,0,0,0,0,0,0,0,0,0,0,38,0,0,0,1,2,65,1,1,2,1,0,0,1,17,1,1,1,87,"777777777777","777777777777","777777777777",1,0
20,200242,2,3,4,3,9,11,8,12,6,1,0,20,2,37,32,37032,4,2004,"3HGCM56364G7","3","H","G","C","M","5","6","3","6","4","G","7",0,0,0,"000000000","00000000000",0,0,0,1,0,0,0,0,0,0,0,998,0,0,0,12,6,2,12,0,0,0,1,20,67835,6,1,6,0,3,0,72,200,0,0,0,0,0,0,0,0,0,0,0,0,0,0,1,2,65,1,1,2,1,0,0,1,66,9,1,1,86,"777777777777","777777777777","777777777777",0,0
20,200242,3,3,2,3,9,11,8,12,6,1,0,20,2,7,26,7026,4,2010,"1B3CC4FB8AN1","1","B","3","C","C","4","F","B","8","A","N","1",0,0,0,"000000000","00000000000",0,0,0,1,0,0,0,0,0,0,0,0,0,0,0,12,4,5,12,0,0,0,1,20,67357,6,1,6,0,3,1,72,255,1,0,0,0,0,7,2015,7,2015,0,0,0,0,0,1,2,65,1,1,2,1,0,0,5,54,1,1,1,98,"777777777777","777777777777","777777777777",0,0
20,200243,1,2,1,4,9,15,35,12,7,1,0,8,1,72,706,72706,80,2013,"1HD1FRM1XDB6","1","H","D","1","F","R","M","1","X","D","B","6",0,0,0,"000000000","00000000000",0,0,0,1,0,0,0,0,0,0,0,998,0,0,0,11,6,2,12,0,0,0,1,8,80836,6,1,0,0,3,1,70,226,0,0,0,0,0,0,0,0,0,0,77,0,0,0,2,2,75,1,1,2,1,0,0,1,6,1,1,1,45,"777777777777","777777777777","777777777777",1,0
20,200243,2,2,1,4,9,15,35,12,7,1,0,8,1,23,401,23401,14,2007,"1GKET63M6722","1","G","K","E","T","6","3","M","6","7","2","2",0,0,0,"000000000","00000000000",0,0,0,1,0,0,0,0,0,0,0,998,0,0,0,4,2,5,12,0,0,0,1,8,80134,6,1,0,0,3,1,70,220,0,0,0,0,0,0,0,0,0,0,0,0,0,0,2,2,75,1,1,2,1,0,0,6,61,1,1,2,46,"777777777777","777777777777","777777777777",0,0
20,200244,1,1,1,6,9,20,19,5,0,1,0,48,2,73,706,73706,80,2011,"JKAZXCG15BA0","J","K","A","Z","X","C","G","1","5","B","A","0",0,0,0,"000000000","00000000000",0,0,0,1,0,0,0,0,0,0,0,998,0,0,0,0,6,2,5,0,0,0,1,20,67132,6,1,0,0,3,2,69,160,0,0,0,0,0,0,0,0,0,9,74,0,0,0,1,2,45,2,3,2,1,0,0,14,6,99,1,4,0,"777777777777","777777777777","777777777777",1,0
20,200245,1,2,1,7,9,9,17,12,6,1,0,20,1,37,709,37709,80,1982,"JH2SC060XCC4","J","H","2","S","C","0","6","0","X","C","C","4",0,0,0,"000000000","00000000000",0,0,0,1,0,0,0,0,0,0,0,998,0,0,0,12,6,2,12,0,0,0,1,20,66720,6,1,0,0,3,1,75,240,0,0,0,0,0,0,0,0,0,5,33,35,0,0,1,2,65,1,1,2,1,0,0,6,60,1,1,1,48,"777777777777","777777777777","777777777777",1,0
20,200245,2,2,1,7,9,9,17,12,6,1,0,20,3,98,809,98809,66,2009,"2FWJAZCV09AA","2","F","W","J","A","Z","C","V","0","9","A","A",1,1,88,"888888888","88888888888",3,6,4,1,0,0,0,0,0,0,0,998,0,0,0,8,4,5,12,0,0,0,1,20,66749,6,1,6,1,3,0,78,999,0,0,0,0,0,0,0,0,0,0,0,0,0,0,1,2,65,1,1,2,1,0,0,6,15,1,1,2,48,"1D9DTS4268A0","777777777777","777777777777",0,0
20,200246,1,2,1,8,9,12,36,12,8,1,1,20,3,82,881,82881,66,2007,"1FUJBBCK37LV","1","F","U","J","B","B","C","K","3","7","L","V",1,1,57,"436536","57436536",3,6,2,1,0,0,0,0,0,0,0,998,0,0,0,10,4,5,12,0,0,0,1,48,77013,6,1,6,1,3,0,999,999,0,4,0,0,0,6,2014,6,2015,0,0,0,0,0,2,2,65,3,1,1,2,0,0,14,62,1,1,1,66,"5HTSN422XF7T","777777777777","777777777777",0,0
20,200246,2,2,1,8,9,12,36,12,8,1,0,5,3,85,881,85881,66,2015,"1XKYAP8X3FJ4","1","X","K","Y","A","P","8","X","3","F","J","4",1,2,57,"2253646","572253646",3,6,1,1,0,0,0,0,0,0,0,998,0,1,5,9,6,2,1,0,0,0,1,29,64850,6,1,6,1,3,0,74,242,0,0,0,1,0,9,2015,9,2015,0,0,0,0,0,2,2,65,2,1,1,2,0,0,14,62,1,1,1,66,"1GRAA0622FT5","777777777777","777777777777",1,0
20,200247,1,1,1,8,9,7,31,8,0,1,1,99,9,99,999,99999,99,9999,"999999999999","9","9","9","9","9","9","9","9","9","9","9","9",0,0,0,"000000000","00000000000",0,0,0,1,0,0,0,0,0,0,0,998,0,0,0,12,4,5,8,0,0,0,1,99,99999,9,9,99,9,9,9,999,999,99,99,99,99,99,99,9999,99,9999,9,99,99,99,99,3,2,75,1,1,2,2,0,0,99,80,99,9,9,13,"777777777777","777777777777","777777777777",0,0
20,200248,1,1,1,8,9,16,59,1,0,1,0,20,2,21,23,21023,4,1998,"1G3WS52K1WF3","1","G","3","W","S","5","2","K","1","W","F","3",0,0,0,"000000000","00000000000",0,0,0,1,0,0,0,0,0,0,0,998,0,1,5,0,6,2,1,0,0,0,1,20,66857,6,1,0,0,3,0,64,160,0,0,0,1,0,8,2015,8,2015,0,58,0,0,0,1,2,60,1,2,1,2,0,0,1,13,1,2,4,2,"777777777777","777777777777","777777777777",1,0
20,200249,1,1,2,10,9,1,40,1,0,1,0,20,2,52,401,52401,14,1988,"JA4FJ53E4JJ0","J","A","4","F","J","5","3","E","4","J","J","0",0,0,0,"000000000","00000000000",0,0,0,1,0,0,0,0,0,0,0,47,0,1,5,0,6,2,1,0,0,0,1,20,67401,6,1,0,0,3,0,60,140,1,0,0,2,1,12,2014,3,2016,0,58,0,0,0,1,2,55,1,1,2,1,0,0,1,12,99,1,4,6,"777777777777","777777777777","777777777777",1,0
20,200250,1,2,1,12,9,13,32,12,2,1,0,20,2,20,441,20441,20,2002,"1GNEL19X32B1","1","G","N","E","L","1","9","X","3","2","B","1",0,0,0,"000000000","00000000000",0,0,0,1,0,0,0,0,0,0,0,34,0,0,0,12,6,2,12,0,0,0,1,20,66535,6,1,0,0,3,0,67,155,0,1,1,0,1,11,2013,7,2015,0,39,0,0,0,2,4,40,2,2,1,1,99,9,14,54,99,1,1,50,"777777777777","777777777777","777777777777",1,1
20,200250,2,2,1,12,9,13,32,12,2,1,0,20,1,55,35,55035,4,2007,"KMHDU46D27U0","K","M","H","D","U","4","6","D","2","7","U","0",0,0,0,"000000000","00000000000",0,0,0,1,0,0,0,0,0,0,0,998,0,0,0,12,6,2,12,0,0,0,1,20,66502,6,1,0,0,3,1,64,140,0,0,0,0,0,0,0,0,0,0,0,0,0,0,2,5,40,3,2,1,1,0,0,14,62,99,1,1,51,"777777777777","777777777777","777777777777",0,0
20,200251,1,1,1,13,9,18,18,35,0,1,0,20,1,49,40,49040,4,2001,"JT2BG22K8105","J","T","2","B","G","2","2","K","8","1","0","5",0,0,0,"000000000","00000000000",0,0,0,1,0,0,0,0,0,0,0,998,0,1,5,12,6,2,35,0,0,0,1,20,66047,6,1,0,0,3,0,65,145,0,0,0,0,0,0,0,0,0,9,99,99,99,99,1,2,55,1,1,2,1,0,0,1,12,99,1,4,6,"777777777777","777777777777","777777777777",1,1
20,200252,1,1,1,13,9,14,59,46,0,1,0,20,1,49,403,49403,14,2004,"JTEEP21A2400","J","T","E","E","P","2","1","A","2","4","0","0",0,0,0,"000000000","00000000000",0,0,0,1,0,0,0,0,0,0,0,998,0,0,0,12,6,2,46,0,0,0,1,20,67218,6,1,0,0,3,1,64,130,0,0,0,0,0,0,0,0,0,0,0,0,0,0,2,4,40,1,1,2,1,3,3,1,9,99,1,4,98,"777777777777","777777777777","777777777777",1,0
20,200253,1,2,1,17,9,5,12,12,1,1,0,20,2,6,51,6051,4,2005,"2C3AA53G05H5","2","C","3","A","A","5","3","G","0","5","H","5",0,0,0,"000000000","00000000000",0,0,0,1,0,0,0,0,0,0,0,998,0,0,0,12,6,2,12,0,0,0,1,20,67530,2,1,0,0,2,0,69,160,0,1,0,0,4,10,2013,12,2015,0,0,0,0,0,1,3,65,1,1,2,1,0,0,1,51,99,1,1,24,"777777777777","777777777777","777777777777",1,0
20,200253,2,2,1,17,9,5,12,12,1,1,0,20,3,82,881,82881,66,2013,"3ALXFB001DDF","3","A","L","X","F","B","0","0","1","D","D","F",0,0,57,"69310","5769310",3,5,96,1,0,0,0,0,0,0,0,998,0,0,0,6,4,5,12,0,0,0,1,20,67901,6,1,6,0,3,1,75,999,0,0,0,1,0,8,2016,8,2016,0,0,0,0,0,1,3,65,1,1,2,1,0,0,1,53,1,1,1,25,"777777777777","777777777777","777777777777",0,0
20,200254,1,2,3,18,9,21,48,12,1,1,0,29,2,12,23,12023,4,2007,"3FAHP07Z97R1","3","F","A","H","P","0","7","Z","9","7","R","1",0,0,0,"000000000","00000000000",0,0,0,1,0,0,0,0,0,0,0,998,0,1,1,12,6,2,12,0,0,0,1,20,66062,1,1,0,0,2,0,66,155,0,0,0,1,0,4,2014,4,2014,4,6,27,36,0,3,5,65,1,1,1,1,0,0,15,51,1,1,1,24,"777777777777","777777777777","777777777777",1,0
20,200254,2,2,2,18,9,21,48,12,1,1,0,20,2,22,19,22019,2,2007,"1G2AL15F3773","1","G","2","A","L","1","5","F","3","7","7","3",0,0,0,"000000000","00000000000",0,0,0,1,0,0,0,0,0,0,0,998,0,0,0,6,6,2,12,0,0,0,1,20,66212,6,1,0,0,3,1,66,160,0,0,0,0,1,3,2014,3,2014,0,0,0,0,0,3,5,65,1,1,1,1,0,0,1,53,1,1,1,25,"777777777777","777777777777","777777777777",0,0
20,200255,1,1,1,20,9,14,27,9,0,1,0,20,1,49,32,49032,4,2006,"1NXBR32E16Z6","1","N","X","B","R","3","2","E","1","6","Z","6",0,0,0,"000000000","00000000000",0,0,0,1,0,0,0,0,0,0,0,998,0,0,0,10,2,5,9,0,0,0,1,20,66605,6,1,0,0,3,0,67,125,0,0,0,0,0,0,0,0,0,0,0,0,0,0,2,4,40,1,1,1,1,4,3,1,84,1,1,1,98,"777777777777","777777777777","777777777777",0,0