"STATE","ST_CASE","VEH_NO","VE_FORMS","NUMOCCS","DAY","MONTH","HOUR","MINUTE","HARM_EV","MAN_COLL","UNITTYPE","HIT_RUN","REG_STAT","OWNER","MAKE","MODEL","MAK_MOD","BODY_TYP","MOD_YEAR","VIN","VIN_1","VIN_2","VIN_3","VIN_4","VIN_5","VIN_6","VIN_7","VIN_8","VIN_9","VIN_10","VIN_11","VIN_12","TOW_VEH","J_KNIFE","MCARR_I1","MCARR_I2","MCARR_ID","GVWR","V_CONFIG","CARGO_BT","HAZ_INV","HAZ_PLAC","HAZ_ID","HAZ_CNO","HAZ_REL","BUS_USE","SPEC_USE","EMER_USE","TRAV_SP","UNDERIDE","ROLLOVER","ROLINLOC","IMPACT1","DEFORMED","TOWED","M_HARM","VEH_SC1","VEH_SC2","FIRE_EXP","DR_PRES","L_STATE","DR_ZIP","L_STATUS","L_TYPE","CDL_STAT","L_ENDORS","L_COMPL","L_RESTRI","DR_HGT","DR_WGT","PREV_ACC","PREV_SUS","PREV_DWI","PREV_SPD","PREV_OTH","FIRST_MO","FIRST_YR","LAST_MO","LAST_YR","SPEEDREL","DR_SF1","DR_SF2","DR_SF3","DR_SF4","VTRAFWAY","VNUM_LAN","VSPD_LIM","VALIGN","VPROFILE","VPAVETYP","VSURCOND","VTRAFCON","VTCONT_F","P_CRASH1","P_CRASH2","P_CRASH3","PCRASH4","PCRASH5","ACC_TYPE","TRLR1VIN","TRLR2VIN","TRLR3VIN","DEATHS","DR_DRINK"
20,200256,1,1,1,4,8,17,50,33,0,1,0,20,2,73,703,73703,80,2010,"JKAEXMJ11ADA","J","K","A","E","X","M","J","1","1","A","D","A",0,0,0,"000000000","00000000000",0,0,0,1,0,0,0,0,0,0,0,998,0,0,0,10,6,2,33,0,0,0,1,20,66106,1,1,0,0,2,2,67,175,0,0,0,0,4,5,2014,12,2014,3,6,36,58,74,3,2,99,1,2,2,1,0,0,1,6,99,1,4,6,"777777777777","777777777777","777777777777",1,0
20,200257,1,2,1,21,9,12,35,12,1,1,0,20,1,24,401,24401,14,2002,"5GZCZ23D52S8","5","G","Z","C","Z","2","3","D","5","2","S","8",0,0,0,"000000000","00000000000",0,0,0,1,0,0,0,0,0,0,0,0,0,0,0,6,6,2,12,0,0,0,1,20,66217,6,1,0,0,3,1,70,190,0,0,0,0,0,0,0,0,0,0,54,13,0,0,3,2,75,1,1,2,1,0,0,5,53,99,1,1,21,"777777777777","777777777777","777777777777",1,0
20,200257,2,2,1,21,9,12,35,12,1,1,0,20,1,82,881,82881,66,1999,"1FUYDSEB0XLA","1","F","U","Y","D","S","E","B","0","X","L","A",1,1,57,"2125910","572125910",3,6,8,1,0,0,0,0,0,0,0,998,0,0,0,12,6,2,12,0,0,0,1,20,67217,6,1,6,0,3,0,67,185,0,0,0,0,0,0,0,0,0,0,0,0,0,0,3,2,75,1,1,2,1,0,0,1,50,7,1,2,20,"48X1E2825E10","777777777777","777777777777",0,0
20,200258,1,1,1,22,9,13,55,34,0,1,0,20,1,18,22,18022,4,2010,"1G4GC5EG7AF2","1","G","4","G","C","5","E","G","7","A","F","2",0,0,0,"000000000","00000000000",0,0,0,1,0,0,0,0,0,0,0,998,0,0,0,12,4,3,35,0,0,0,1,20,67575,6,1,0,0,3,0,65,150,0,0,0,0,0,0,0,0,0,0,0,0,0,0,1,2,65,1,3,2,1,0,0,1,12,1,1,4,6,"777777777777","777777777777","777777777777",1,0
20,200259,1,1,1,24,9,13,59,8,0,1,0,20,1,30,40,30040,4,2012,"3VW4A7AJ7CM4","3","V","W","4","A","7","A","J","7","C","M","4",0,0,0,"000000000","00000000000",0,0,0,1,0,0,0,0,0,0,0,998,0,0,0,12,2,3,8,0,0,0,1,20,66062,6,1,0,0,3,0,72,175,0,0,0,1,0,4,2016,4,2016,0,0,0,0,0,1,2,25,3,1,2,1,0,0,14,80,99,1,1,13,"777777777777","777777777777","777777777777",0,0
20,200260,1,2,5,24,9,22,16,8,0,1,0,20,1,12,401,12401,14,1999,"1FMZU35P3XZA","1","F","M","Z","U","3","5","P","3","X","Z","A",0,0,0,"000000000","00000000000",0,0,0,1,0,0,0,0,0,0,0,998,0,0,0,2,2,5,8,0,0,0,1,20,66609,6,1,6,0,3,0,70,210,0,0,0,0,0,0,0,0,0,0,87,0,0,0,2,2,50,1,1,2,2,0,0,1,80,99,1,1,13,"777777777777","777777777777","777777777777",0,0
20,200260,2,2,1,24,9,22,16,8,0,1,0,20,2,12,402,12402,14,2003,"1FMYU03143KE","1","F","M","Y","U","0","3","1","4","3","K","E",0,0,0,"000000000","00000000000",0,0,0,1,0,0,0,0,0,0,0,998,0,0,0,14,2,5,8,0,0,0,1,20,66414,6,1,0,0,3,0,70,145,2,0,0,1,1,2,2014,10,2015,0,87,0,0,0,2,2,50,1,1,2,2,0,0,1,80,1,1,1,98,"777777777777","777777777777","777777777777",0,0
20,200261,1,1,1,26,9,21,52,34,0,1,0,20,1,72,706,72706,80,2015,"1HD1KRM11FB6","1","H","D","1","K","R","M","1","1","F","B","6",0,0,0,"000000000","00000000000",0,0,0,1,0,0,0,0,0,0,0,998,0,0,0,12,6,2,34,0,0,0,1,20,66047,1,1,0,0,2,2,72,215,0,1,1,3,1,10,2013,3,2016,0,74,0,0,0,1,2,55,1,1,2,1,0,0,1,12,99,1,4,6,"777777777777","777777777777","777777777777",1,0
20,200262,1,1,1,30,9,17,55,24,0,1,0,20,2,63,34,63034,4,2004,"KNAGD1260453","K","N","A","G","D","1","2","6","0","4","5","3",0,0,0,"000000000","00000000000",0,0,0,1,0,0,0,0,0,0,0,998,0,1,5,12,6,2,24,0,0,1,1,20,66203,6,1,0,0,3,1,63,160,0,0,0,0,0,0,0,0,0,0,0,0,0,0,1,2,60,3,1,2,1,0,0,14,13,99,1,4,1,"777777777777","777777777777","777777777777",1,1
20,200263,1,1,1,7,10,18,0,1,0,1,0,20,1,14,401,14401,14,2001,"4M2DU86P11UJ","4","M","2","D","U","8","6","P","1","1","U","J",0,0,0,"000000000","00000000000",0,0,0,1,0,0,0,0,0,0,0,998,0,1,5,0,6,2,1,0,0,0,1,20,66214,6,1,0,0,3,1,73,240,0,0,0,0,0,0,0,0,0,9,99,99,99,99,1,2,55,1,2,4,1,0,0,1,12,99,2,4,7,"777777777777","777777777777","777777777777",1,0
20,200264,1,1,1,7,10,9,36,24,0,1,0,20,3,7,442,7442,20,2006,"1D4GP24RX6B5","1","D","4","G","P","2","4","R","X","6","B","5",0,0,0,"000000000","00000000000",0,0,0,1,0,0,0,0,0,0,0,998,0,1,5,12,6,2,3,0,0,0,1,20,67301,6,1,6,0,3,1,63,135,0,0,0,0,0,0,0,0,0,9,0,0,0,0,1,2,55,1,1,2,1,0,0,1,13,99,1,4,1,"777777777777","777777777777","777777777777",1,0
20,200265,1,1,1,22,7,7,45,35,0,1,0,20,1,34,34,34034,4,2007,"WBAVA33507PG","W","B","A","V","A","3","3","5","0","7","P","G",0,0,0,"000000000","00000000000",0,0,0,1,0,0,0,0,0,0,0,998,0,1,3,12,6,2,35,0,0,0,1,20,66502,6,1,0,0,3,0,72,225,0,0,0,0,0,0,0,0,0,5,39,0,0,0,2,2,75,1,1,1,1,98,3,1,12,16,1,4,6,"777777777777","777777777777","777777777777",1,0
20,200266,1,1,1,2,9,20,30,8,0,1,1,99,9,99,999,99999,99,9999,"999999999999","9","9","9","9","9","9","9","9","9","9","9","9",0,0,0,"000000000","00000000000",0,0,0,1,0,0,0,0,0,0,0,998,0,0,0,99,9,5,8,0,0,0,1,99,99999,9,9,99,9,9,9,999,999,99,99,99,99,99,99,9999,99,9999,9,99,99,99,99,3,2,75,1,2,2,1,0,0,1,82,99,9,9,13,"777777777777","777777777777","777777777777",0,0
20,200267,1,1,4,22,9,1,8,1,0,1,0,20,2,12,481,12481,31,2003,"2FTRX18L33CA","2","F","T","R","X","1","8","L","3","3","C","A",0,0,0,"000000000","00000000000",0,0,0,1,0,0,0,0,0,0,0,998,0,1,5,0,6,2,2,0,0,1,1,20,66203,1,1,0,0,2,0,999,999,0,0,0,0,0,0,0,0,0,3,6,36,58,0,1,2,40,1,6,2,1,0,0,10,6,1,9,4,1,"777777777777","777777777777","777777777777",1,0
20,200268,1,1,1,22,9,2,8,33,0,1,0,20,2,73,706,73706,80,2007,"JKAZXCD107A0","J","K","A","Z","X","C","D","1","0","7","A","0",0,0,0,"000000000","00000000000",0,0,0,1,0,0,0,0,0,0,0,998,0,0,0,12,6,2,33,0,0,0,1,20,67216,1,1,0,0,2,2,72,180,0,0,0,0,1,8,2014,8,2014,5,74,0,0,0,1,2,45,3,2,2,1,0,0,14,13,99,1,4,1,"777777777777","777777777777","777777777777",1,1
20,200269,1,1,1,24,9,1,35,1,0,1,0,38,3,82,881,82881,66,2015,"3AKJGLD64FSG","3","A","K","J","G","L","D","6","4","F","S","G",1,1,57,"538508","57538508",3,6,1,1,0,0,0,0,0,0,0,998,0,1,3,0,6,2,1,0,0,0,1,8,80020,6,1,6,1,3,1,69,200,0,0,0,0,0,0,0,0,0,0,0,0,0,0,2,2,75,1,1,2,1,0,0,1,12,99,1,4,6,"1GRAA0620EW7","777777777777","777777777777",1,0
20,200270,1,2,1,26,9,17,19,12,2,1,0,20,1,23,481,23481,31,2000,"2GTEK19T9Y11","2","G","T","E","K","1","9","T","9","Y","1","1",0,0,0,"000000000","00000000000",0,0,0,1,0,0,0,0,0,0,0,998,0,0,0,12,6,2,12,0,0,0,1,20,66044,6,1,6,0,3,0,72,170,0,0,0,0,0,0,0,0,0,0,51,0,0,0,1,2,65,1,2,2,1,0,0,1,54,1,1,1,52,"777777777777","777777777777","777777777777",0,1
20,200270,2,2,3,26,9,17,19,12,2,1,0,20,1,20,404,20404,14,2009,"2CNDL33F6962","2","C","N","D","L","3","3","F","6","9","6","2",0,0,0,"000000000","00000000000",0,0,0,1,0,0,0,0,0,0,0,998,0,0,0,12,6,2,12,0,0,0,1,20,66044,6,1,0,0,3,1,65,165,1,0,0,1,0,2,2014,6,2016,0,0,0,0,0,1,2,65,1,2,2,1,0,0,1,62,7,1,1,52,"777777777777","777777777777","777777777777",1,0
20,200271,1,2,1,27,9,7,21,12,2,1,0,20,3,12,17,12017,4,2015,"1FAHP2D82FG1","1","F","A","H","P","2","D","8","2","F","G","1",0,0,0,"000000000","00000000000",0,0,0,1,0,0,0,0,0,0,0,998,0,0,0,12,6,2,12,0,0,0,1,20,67901,6,1,0,0,3,1,72,220,0,0,0,0,0,0,0,0,0,9,99,99,99,99,1,2,65,1,3,2,1,0,0,1,10,1,1,2,50,"777777777777","777777777777","777777777777",1,0
20,200271,2,2,1,27,9,7,21,12,2,1,0,4,3,51,881,51881,66,2012,"4V4NC9TG6CN5","4","V","4","N","C","9","T","G","6","C","N","5",1,1,57,"54283","5754283",3,6,1,1,0,0,0,0,0,0,0,998,0,0,0,12,6,2,12,0,0,0,1,48,77385,6,1,6,1,3,1,999,999,0,0,0,0,0,0,0,0,0,9,99,99,99,99,1,2,65,1,3,2,1,0,0,1,62,1,1,1,51,"1JJV532W81L7","777777777777","777777777777",0,0
20,200272,1,1,1,28,9,16,23,8,0,1,0,20,2,20,2,20002,4,2003,"2G1WF52E1393","2","G","1","W","F","5","2","E","1","3","9","3",0,0,0,"000000000","00000000000",0,0,0,1,0,0,0,0,0,0,0,998,0,0,0,2,6,2,8,0,0,0,1,20,67337,6,1,0,0,3,0,72,175,2,0,0,0,0,1,2016,9,2016,0,99,99,99,99,1,4,40,1,2,1,1,0,0,1,80,1,1,1,13,"777777777777","777777777777","777777777777",0,0
20,200273,1,2,1,29,9,12,41,12,6,1,0,20,1,37,703,37703,80,2006,"JH2MC13036K2","J","H","2","M","C","1","3","0","3","6","K","2",0,0,0,"000000000","00000000000",0,0,0,1,0,0,0,0,0,0,0,998,0,0,0,3,6,2,12,0,0,0,1,20,67337,6,1,0,0,3,1,65,200,0,0,0,0,0,0,0,0,0,0,99,99,99,99,1,4,40,1,1,2,1,0,0,11,15,1,1,1,68,"777777777777","777777777777","777777777777",1,0
20,200273,2,2,1,29,9,12,41,12,6,1,0,20,1,6,18,6018,4,2011,"1C3BC4FB5BN5","1","C","3","B","C","4","F","B","5","B","N","5",0,0,0,"000000000","00000000000",0,0,0,1,0,0,0,0,0,0,0,998,0,0,0,12,6,2,12,0,0,0,1,20,67342,6,1,0,0,3,0,67,190,0,0,0,0,0,0,0,0,0,0,99,99,99,99,1,4,40,1,1,2,1,0,0,1,67,1,1,1,69,"777777777777","777777777777","777777777777",0,0
20,200274,1,1,1,25,9,6,50,32,0,1,0,40,2,21,21,21021,4,2000,"1G3NL52TXYC3","1","G","3","N","L","5","2","T","X","Y","C","3",0,0,0,"000000000","00000000000",0,0,0,1,0,0,0,0,0,0,0,998,0,1,5,12,6,2,1,0,0,0,1,40,74331,6,1,0,0,3,0,63,170,0,0,0,0,0,0,0,0,0,0,0,0,0,0,1,2,55,1,1,2,1,0,0,1,12,99,1,4,6,"777777777777","777777777777","777777777777",1,1
20,200275,1,2,1,2,10,17,58,12,6,1,0,20,1,12,402,12402,14,2017,"1FMCU0F75HUA","1","F","M","C","U","0","F","7","5","H","U","A",0,0,0,"000000000","00000000000",0,0,0,1,0,0,0,0,0,0,0,998,0,0,0,9,6,2,12,0,0,0,1,20,67410,6,1,0,0,3,0,67,150,0,0,0,0,0,0,0,0,0,0,39,0,0,0,1,2,55,1,1,4,1,20,3,1,17,1,1,1,89,"777777777777","777777777777","777777777777",0,1
20,200275,2,2,1,2,10,17,58,12,6,1,0,20,1,37,706,37706,80,2000,"1HFSC1807YA4","1","H","F","S","C","1","8","0","7","Y","A","4",0,0,0,"000000000","00000000000",0,0,0,1,0,0,0,0,0,0,0,998,0,0,0,12,6,2,12,0,0,0,1,20,67470,6,1,0,0,3,1,66,145,0,0,0,0,0,0,0,0,0,9,99,99,99,99,1,2,65,1,1,1,1,0,0,1,68,1,1,1,88,"777777777777","777777777777","777777777777",1,0
20,200276,1,1,1,3,10,8,0,9,0,1,0,20,1,20,2,20002,4,2008,"2G1WB58K1892","2","G","1","W","B","5","8","K","1","8","9","2",0,0,0,"000000000","00000000000",0,0,0,1,0,0,0,0,0,0,0,998,0,0,0,12,4,5,9,0,0,0,1,20,67042,6,1,6,0,3,1,73,999,1,0,0,0,0,9,2016,9,2016,9,0,0,0,0,1,2,65,1,1,2,1,0,0,1,83,1,1,1,13,"777777777777","777777777777","777777777777",0,0
20,200277,1,1,2,5,10,20,39,11,0,1,0,46,1,76,706,76706,80,2012,"JYAVP31E2CA0","J","Y","A","V","P","3","1","E","2","C","A","0",0,0,0,"000000000","00000000000",0,0,0,1,0,0,0,0,0,0,0,998,0,0,0,12,6,2,11,0,0,0,1,46,57717,6,1,0,0,3,1,68,275,1,0,0,0,0,10,2013,10,2013,0,83,0,0,0,1,2,65,1,1,2,1,0,0,1,87,99,1,1,13,"777777777777","777777777777","777777777777",1,0
20,200278,1,2,2,11,10,0,35,12,2,1,0,48,1,24,401,24401,14,2008,"3GSCL33P78S6","3","G","S","C","L","3","3","P","7","8","S","6",0,0,0,"000000000","00000000000",0,0,0,1,0,0,0,0,0,0,0,998,0,0,0,12,6,2,12,0,0,0,1,48,79347,0,0,0,0,0,0,999,999,99,99,99,99,99,99,9999,99,9999,0,51,0,0,0,2,2,65,3,2,2,1,0,0,14,54,1,1,1,52,"777777777777","777777777777","777777777777",2,1
20,200278,2,2,2,11,10,0,35,12,2,1,0,37,3,85,881,85881,66,2016,"1XKYD49X1GJ4","1","X","K","Y","D","4","9","X","1","G","J","4",3,1,57,"121018","57121018",3,8,1,1,0,0,0,0,0,0,0,998,0,0,0,12,6,2,12,0,0,1,1,29,64075,6,1,6,1,3,0,72,200,0,0,0,0,0,0,0,0,0,0,0,0,0,0,2,3,65,2,2,2,1,0,0,14,54,1,1,1,52,"1S11E9287DE5","3H3J201S6HT3","1GRAA5614CD4",0,0
20,200279,1,1,1,14,10,99,99,1,0,1,0,20,1,37,705,37705,89,1986,"JH2PC1703GM0","J","H","2","P","C","1","7","0","3","G","M","0",0,0,0,"000000000","00000000000",0,0,0,1,0,0,0,0,0,0,0,998,0,0,0,0,6,2,1,0,0,0,1,20,66033,6,1,0,0,3,0,67,180,1,0,0,0,0,7,2016,7,2016,4,58,0,0,0,1,2,55,3,1,2,1,0,0,99,13,99,1,4,1,"777777777777","777777777777","777777777777",1,0
20,200280,1,1,1,15,10,23,20,43,0,1,0,40,1,35,401,35401,14,2009,"5N1AR18B49C6","5","N","1","A","R","1","8","B","4","9","C","6",0,0,0,"000000000","00000000000",0,0,0,1,0,0,0,0,0,0,0,998,0,1,5,12,6,2,1,0,0,0,1,40,73071,6,1,0,0,3,0,70,190,0,0,0,0,0,0,0,0,0,5,0,0,0,0,1,2,55,1,1,2,1,0,0,1,12,1,1,4,6,"777777777777","777777777777","777777777777",1,1
20,200281,1,2,1,20,10,18,13,12,6,1,0,20,1,20,471,20471,30,1992,"1GCCS19R8N82","1","G","C","C","S","1","9","R","8","N","8","2",0,0,0,"000000000","00000000000",0,0,0,1,0,0,0,0,0,0,0,998,0,0,0,12,6,2,12,0,0,0,1,20,67217,6,1,0,0,3,0,69,250,0,0,0,0,0,0,0,0,0,0,0,0,0,0,1,2,55,1,1,2,1,0,0,1,66,1,1,1,88,"777777777777","777777777777","777777777777",0,0
20,200281,2,2,3,20,10,18,13,12,6,1,0,31,1,19,3,19003,4,2004,"1G6KD54Y04U2","1","G","6","K","D","5","4","Y","0","4","U","2",0,0,0,"000000000","00000000000",0,0,0,1,0,0,0,0,0,0,0,998,0,0,0,9,6,2,12,0,0,0,1,31,68920,6,1,6,0,3,0,999,999,99,99,99,99,99,99,9999,99,9999,0,38,0,0,0,1,2,55,1,1,2,1,20,3,1,17,1,1,1,89,"777777777777","777777777777","777777777777",1,0
20,200282,1,1,1,27,10,19,8,34,0,1,0,20,1,12,422,12422,15,1998,"1FMRU1761WLB","1","F","M","R","U","1","7","6","1","W","L","B",0,0,0,"000000000","00000000000",0,0,0,1,0,0,0,0,0,0,0,998,0,1,5,12,6,2,34,0,0,0,1,20,66095,6,1,0,0,3,0,65,165,0,0,0,0,0,0,0,0,0,0,0,0,0,0,1,2,55,1,2,4,1,0,0,1,13,1,3,4,2,"777777777777","777777777777","777777777777",1,1
20,200283,1,1,2,28,10,16,22,1,0,1,0,20,2,84,881,84881,63,1999,"1HTGCADR4XH6","1","H","T","G","C","A","D","R","4","X","H","6",0,0,88,"888888888","88888888888",3,2,4,1,0,0,0,0,0,0,0,47,0,1,5,0,6,2,1,0,0,0,1,31,68415,6,1,0,0,3,1,67,145,0,0,0,0,0,0,0,0,0,0,77,0,0,0,1,2,65,1,1,2,1,0,0,1,13,1,1,4,1,"777777777777","777777777777","777777777777",2,0
20,200284,1,2,1,29,10,11,48,12,1,1,0,20,1,53,705,53705,80,2004,"JS1GR7JA8421","J","S","1","G","R","7","J","A","8","4","2","1",0,0,0,"000000000","00000000000",0,0,0,1,0,0,0,0,0,0,0,40,0,0,0,12,6,2,12,0,0,0,1,20,67207,6,1,0,0,3,1,70,195,2,0,0,0,0,2,2016,6,2016,0,38,0,0,0,2,3,40,1,1,2,1,0,0,1,65,16,1,1,79,"777777777777","777777777777","777777777777",1,0
20,200284,2,2,1,29,10,11,48,12,1,1,0,20,1,37,31,37031,2,2006,"2HGFG21596H7","2","H","G","F","G","2","1","5","9","6","H","7",0,0,0,"000000000","00000000000",0,0,0,1,0,0,0,0,0,0,0,15,0,0,0,6,2,5,12,0,0,0,1,20,67207,6,1,0,0,3,0,64,110,0,0,0,0,0,0,0,0,0,0,38,0,0,0,1,2,30,1,1,2,1,20,3,10,17,1,1,1,78,"777777777777","777777777777","777777777777",0,0
20,200285,1,2,1,1,11,19,10,12,6,1,0,20,2,72,706,72706,80,2007,"1HD1GM41X7K3","1","H","D","1","G","M","4","1","X","7","K","3",0,0,0,"000000000","00000000000",0,0,0,1,0,0,0,0,0,0,0,998,0,0,0,12,6,2,12,0,0,0,1,20,67114,6,1,0,0,3,2,66,160,1,0,1,0,0,4,2014,6,2015,5,28,74,35,0,2,4,55,2,2,2,1,0,0,11,51,1,1,1,98,"777777777777","777777777777","777777777777",1,0
20,200285,2,2,4,1,11,19,10,12,6,1,0,20,2,6,441,6441,20,2016,"2C4RC1BGXGR2","2","C","4","R","C","1","B","G","X","G","R","2",0,0,0,"000000000","00000000000",0,0,0,1,0,0,0,0,0,0,0,998,0,0,0,8,6,2,12,0,0,0,1,20,67219,6,1,0,0,3,0,76,230,0,0,0,0,0,0,0,0,0,0,0,0,0,0,2,4,55,3,2,2,1,0,0,11,60,1,1,1,98,"777777777777","777777777777","777777777777",0,0
20,200286,1,2,1,11,10,10,5,12,1,1,0,20,3,98,804,98804,66,2003,"2WKJABAV23KK","2","W","K","J","A","B","A","V","2","3","K","K",1,1,57,"999708","57999708",3,6,8,1,0,0,0,0,0,0,0,999,0,0,0,6,0,5,12,0,0,0,1,20,67203,6,1,6,0,3,0,70,170,0,0,0,0,1,9,2013,9,2013,0,31,0,0,0,1,5,40,1,1,1,1,0,0,13,50,1,1,1,92,"1W9102624WW1","777777777777","777777777777",0,0
20,200286,2,2,1,11,10,10,5,12,1,1,0,20,1,53,705,53705,80,2013,"JS1NP41A1D21","J","S","1","N","P","4","1","A","1","D","2","1",0,0,0,"000000000","00000000000",0,0,0,1,0,0,0,0,0,0,0,0,0,0,0,12,6,2,12,0,0,0,1,20,67213,6,1,0,0,3,1,70,230,0,0,0,0,0,0,0,0,0,0,0,0,0,0,1,5,40,1,1,1,1,0,0,5,56,1,1,1,93,"777777777777","777777777777","777777777777",1,0
20,200287,1,2,1,13,10,16,54,12,6,1,0,20,1,7,472,7472,31,1995,"1B7GL23X7SS2","1","B","7","G","L","2","3","X","7","S","S","2",0,0,0,"000000000","00000000000",0,0,0,1,0,0,0,0,0,0,0,998,0,1,5,9,6,2,12,0,0,0,1,20,66783,6,1,0,0,3,1,69,180,0,0,0,0,0,0,0,0,0,0,39,0,0,0,1,2,55,1,1,4,1,20,3,1,17,99,1,1,89,"777777777777","777777777777","777777777777",1,0
20,200287,2,2,1,13,10,16,54,12,6,1,0,20,1,49,471,49471,31,1987,"JT4RN63R4H01","J","T","4","R","N","6","3","R","4","H","0","1",0,0,0,"000000000","00000000000",0,0,0,1,0,0,0,0,0,0,0,998,0,0,0,12,6,2,12,0,0,0,1,20,66783,6,1,0,0,3,0,71,180,0,0,0,0,0,0,0,0,0,0,0,0,0,0,1,2,55,1,1,4,1,0,0,1,66,1,1,1,88,"777777777777","777777777777","777777777777",0,0
20,200288,1,1,1,13,10,12,41,33,0,1,0,20,2,20,443,20443,20,2001,"1GNDX03E11D1","1","G","N","D","X","0","3","E","1","1","D","1",0,0,0,"000000000","00000000000",0,0,0,1,0,0,0,0,0,0,0,998,0,0,0,1,6,2,31,0,0,0,1,20,67213,6,1,0,0,3,1,71,250,0,0,0,0,0,0,0,0,0,0,0,0,0,0,2,5,30,1,1,1,1,3,3,1,13,99,1,4,1,"777777777777","777777777777","777777777777",1,0
20,200289,1,2,1,14,10,21,28,12,6,1,0,20,2,20,22,20022,2,2007,"1G1AL15F1772","1","G","1","A","L","1","5","F","1","7","7","2",0,0,0,"000000000","00000000000",0,0,0,1,0,0,0,0,0,0,0,998,0,0,0,9,6,2,12,0,0,0,1,20,67572,6,1,0,0,3,1,60,96,0,0,0,0,0,0,0,0,0,0,38,39,0,0,1,2,65,1,1,2,1,20,3,1,17,99,1,1,89,"777777777777","777777777777","777777777777",1,0
20,200289,2,2,1,14,10,21,28,12,6,1,0,20,1,84,884,84884,66,2000,"2HSCHASR2YC0","2","H","S","C","H","A","S","R","2","Y","C","0",1,1,57,"2203765","572203765",3,6,3,1,0,0,0,0,0,0,0,998,0,0,0,12,6,2,12,0,0,0,1,20,67522,6,1,6,0,3,0,64,160,0,0,0,0,0,0,0,0,0,0,0,0,0,0,1,2,65,1,1,2,1,0,0,1,66,1,1,1,88,"1TKJ01434EM1","777777777777","777777777777",0,0
20,200290,1,2,1,15,10,18,42,12,2,1,0,20,1,35,471,35471,30,1993,"1N6SD16S6PC4","1","N","6","S","D","1","6","S","6","P","C","4",0,0,0,"000000000","00000000000",0,0,0,1,0,0,0,0,0,0,0,998,0,0,0,12,6,2,12,0,0,0,1,20,66102,1,1,0,0,2,0,999,999,0,0,0,1,0,5,2016,5,2016,5,6,36,0,0,2,4,45,1,1,2,1,0,0,1,10,1,1,2,50,"777777777777","777777777777","777777777777",1,1
20,200290,2,2,4,15,10,18,42,12,2,1,0,20,2,20,481,20481,31,2008,"1GCHK23618F1","1","G","C","H","K","2","3","6","1","8","F","1",0,0,0,"000000000","00000000000",0,0,0,1,0,0,0,0,0,0,0,998,0,0,0,12,6,2,12,0,0,0,1,20,66087,6,1,0,0,3,0,69,220,0,0,0,0,0,0,0,0,0,0,0,0,0,0,2,4,45,1,1,2,1,0,0,1,62,1,1,1,51,"777777777777","777777777777","777777777777",0,0
20,200291,1,2,1,19,10,13,35,12,2,1,0,20,1,7,482,7482,31,2015,"3C6UR5KL8FG6","3","C","6","U","R","5","K","L","8","F","G","6",0,0,0,"000000000","00000000000",0,0,0,1,0,0,0,0,0,0,0,998,0,0,0,12,6,2,12,0,0,0,1,20,66850,6,1,0,0,3,0,67,155,0,0,0,1,0,11,2014,11,2014,9,58,0,0,0,2,2,50,1,1,2,1,0,0,1,10,99,1,2,50,"777777777777","777777777777","777777777777",1,0
20,200291,2,2,1,19,10,13,35,12,2,1,0,93,3,85,881,85881,66,2004,"1XKDDB0X54J0","1","X","K","D","D","B","0","X","5","4","J","0",1,1,57,"160903","57160903",3,6,2,1,0,0,0,0,0,0,0,998,0,0,0,12,6,2,12,0,0,0,1,20,66801,6,1,6,0,3,0,67,195,0,0,0,0,0,0,0,0,0,0,0,0,0,0,2,2,50,1,1,2,1,0,0,1,62,1,1,1,51,"1C9FA4021712","777777777777","777777777777",0,0
20,200292,1,2,1,20,10,22,5,12,6,1,0,20,1,20,37,20037,4,2012,"1G1ZA5EU7CF3","1","G","1","Z","A","5","E","U","7","C","F","3",0,0,0,"000000000","00000000000",0,0,0,1,0,0,0,0,0,0,0,998,0,0,0,11,6,2,39,0,0,0,1,20,66103,6,1,0,0,3,1,70,170,0,0,0,1,0,11,2015,11,2015,0,99,99,99,99,3,3,65,1,1,1,1,0,0,98,10,6,1,2,47,"777777777777","777777777777","777777777777",1,0
20,200292,2,2,1,20,10,22,5,12,6,1,0,20,2,20,402,20402,14,2003,"2CNBJ7340369","2","C","N","B","J","7","3","4","0","3","6","9",0,0,0,"000000000","00000000000",0,0,0,1,0,0,0,0,0,0,0,998,0,0,0,2,6,2,39,0,0,0,1,20,66106,6,1,0,0,3,1,64,167,0,0,0,0,0,0,0,0,0,0,0,0,0,0,3,3,65,1,1,1,1,0,0,1,61,1,1,1,45,"777777777777","777777777777","777777777777",0,0
20,200293,1,2,1,20,10,13,29,12,6,1,0,20,1,73,705,73705,80,2015,"JKAEXEF17FDA","J","K","A","E","X","E","F","1","7","F","D","A",0,0,0,"000000000","00000000000",0,0,0,1,0,0,0,0,0,0,0,998,0,0,0,12,6,2,12,0,0,0,1,20,67209,6,1,0,0,3,1,71,180,2,0,0,0,0,5,2015,11,2015,9,6,36,39,0,3,4,40,1,1,1,1,2,3,1,67,1,1,1,69,"777777777777","777777777777","777777777777",1,0