"STATE","ST_CASE","VEH_NO","VE_FORMS","NUMOCCS","DAY","MONTH","HOUR","MINUTE","HARM_EV","MAN_COLL","UNITTYPE","HIT_RUN","REG_STAT","OWNER","MAKE","MODEL","MAK_MOD","BODY_TYP","MOD_YEAR","VIN","VIN_1","VIN_2","VIN_3","VIN_4","VIN_5","VIN_6","VIN_7","VIN_8","VIN_9","VIN_10","VIN_11","VIN_12","TOW_VEH","J_KNIFE","MCARR_I1","MCARR_I2","MCARR_ID","GVWR","V_CONFIG","CARGO_BT","HAZ_INV","HAZ_PLAC","HAZ_ID","HAZ_CNO","HAZ_REL","BUS_USE","SPEC_USE","EMER_USE","TRAV_SP","UNDERIDE","ROLLOVER","ROLINLOC","IMPACT1","DEFORMED","TOWED","M_HARM","VEH_SC1","VEH_SC2","FIRE_EXP","DR_PRES","L_STATE","DR_ZIP","L_STATUS","L_TYPE","CDL_STAT","L_ENDORS","L_COMPL","L_RESTRI","DR_HGT","DR_WGT","PREV_ACC","PREV_SUS","PREV_DWI","PREV_SPD","PREV_OTH","FIRST_MO","FIRST_YR","LAST_MO","LAST_YR","SPEEDREL","DR_SF1","DR_SF2","DR_SF3","DR_SF4","VTRAFWAY","VNUM_LAN","VSPD_LIM","VALIGN","VPROFILE","VPAVETYP","VSURCOND","VTRAFCON","VTCONT_F","P_CRASH1","P_CRASH2","P_CRASH3","PCRASH4","PCRASH5","ACC_TYPE","TRLR1VIN","TRLR2VIN","TRLR3VIN","DEATHS","DR_DRINK"
20,200293,2,2,1,20,10,13,29,12,6,1,0,20,1,59,34,59034,4,2009,"JTHCE96S6900","J","T","H","C","E","9","6","S","6","9","0","0",0,0,0,"000000000","00000000000",0,0,0,1,0,0,0,0,0,0,0,998,0,0,0,3,6,2,12,0,0,0,1,20,67209,6,1,0,0,3,1,67,185,0,0,0,0,0,0,0,0,0,0,0,0,0,0,3,4,40,1,1,1,1,3,3,11,54,1,1,1,68,"777777777777","777777777777","777777777777",0,0
20,200294,1,1,1,20,10,99,99,11,0,1,0,20,1,20,481,20481,31,2010,"1GCPKPE00AZ1","1","G","C","P","K","P","E","0","0","A","Z","1",0,0,0,"000000000","00000000000",0,0,0,1,0,0,0,0,0,0,0,998,0,1,5,12,6,2,11,0,0,0,1,20,67524,6,1,0,0,3,1,66,170,0,0,1,2,2,2,2014,9,2015,5,83,0,0,0,1,2,55,1,1,7,1,0,0,1,87,99,1,1,13,"777777777777","777777777777","777777777777",1,0
20,200295,1,1,3,27,10,20,50,42,0,1,0,20,1,7,481,7481,31,1993,"1B6MM36C7PS2","1","B","6","M","M","3","6","C","7","P","S","2",0,0,0,"000000000","00000000000",0,0,0,1,0,0,0,0,0,0,0,998,0,0,0,2,6,2,42,0,0,0,1,20,66967,6,1,0,0,3,1,70,190,0,0,0,0,0,0,0,0,0,9,58,0,0,0,1,2,55,1,2,5,1,0,0,1,5,1,1,4,6,"777777777777","777777777777","777777777777",1,0
20,200296,1,1,1,30,10,1,0,31,0,1,0,20,2,41,471,41471,30,1995,"4F4CR12AXSTM","4","F","4","C","R","1","2","A","X","S","T","M",0,0,0,"000000000","00000000000",0,0,0,1,0,0,0,0,0,0,0,998,0,1,5,1,6,2,1,0,0,0,1,20,66512,6,1,0,0,3,0,68,170,1,0,0,0,0,4,2016,4,2016,4,58,0,0,0,1,2,35,1,2,2,1,0,0,1,13,99,3,4,2,"777777777777","777777777777","777777777777",1,0
20,200297,1,1,1,3,9,12,7,42,0,1,0,20,1,20,481,20481,31,2001,"1GCEK19T51E1","1","G","C","E","K","1","9","T","5","1","E","1",0,0,0,"000000000","00000000000",0,0,0,1,0,0,0,0,0,0,0,998,0,1,5,2,6,2,42,0,0,0,1,20,66070,6,1,0,0,3,1,75,280,0,0,0,0,0,0,0,0,0,9,58,0,0,0,1,2,55,3,1,2,1,0,0,14,13,99,2,4,7,"777777777777","777777777777","777777777777",1,1
20,200298,1,1,1,4,10,12,15,42,0,1,0,20,1,49,403,49403,14,2004,"JTEEP21A1400","J","T","E","E","P","2","1","A","1","4","0","0",0,0,0,"000000000","00000000000",0,0,0,1,0,0,0,0,0,0,0,998,0,0,0,12,6,2,42,0,0,0,1,20,66762,6,1,0,0,3,0,63,150,0,0,0,0,0,0,0,0,0,0,0,0,0,0,1,2,30,1,9,9,99,0,0,1,12,99,1,4,6,"777777777777","777777777777","777777777777",1,0
20,200299,1,1,1,8,10,18,27,8,0,1,0,20,1,12,422,12422,15,1998,"1FMRU18W4WLB","1","F","M","R","U","1","8","W","4","W","L","B",0,0,0,"000000000","00000000000",0,0,0,1,0,0,0,0,0,0,0,998,0,0,0,12,2,5,8,0,0,0,1,20,67214,6,1,0,0,3,1,78,230,0,0,0,1,0,4,2014,4,2014,0,0,0,0,0,5,5,30,1,1,1,1,0,0,1,80,99,1,1,13,"777777777777","777777777777","777777777777",0,0
20,200300,1,2,1,24,10,12,12,12,6,1,0,24,2,30,40,30040,4,2007,"3VWRF71K77M0","3","V","W","R","F","7","1","K","7","7","M","0",0,0,0,"000000000","00000000000",0,0,0,1,0,0,0,0,0,0,0,998,0,0,0,12,6,2,12,0,0,0,1,20,67205,1,1,0,0,2,3,61,120,0,0,0,0,0,0,0,0,0,3,6,36,37,39,2,5,30,1,1,2,1,3,3,1,17,1,1,1,86,"777777777777","777777777777","777777777777",0,0
20,200300,2,2,1,24,10,12,12,12,6,1,0,20,1,12,23,12023,4,2008,"3FAHP08Z48R1","3","F","A","H","P","0","8","Z","4","8","R","1",0,0,0,"000000000","00000000000",0,0,0,1,0,0,0,0,0,0,0,998,0,0,0,3,6,2,12,0,0,0,1,20,67203,6,1,0,0,3,0,66,196,0,0,0,0,0,0,0,0,0,0,0,0,0,0,1,2,30,1,1,2,1,3,3,1,66,1,1,1,87,"777777777777","777777777777","777777777777",1,0
20,200301,1,1,1,29,10,23,26,35,0,1,0,20,2,20,16,20016,2,2004,"3G1JH12F64S1","3","G","1","J","H","1","2","F","6","4","S","1",0,0,0,"000000000","00000000000",0,0,0,1,0,0,0,0,0,0,0,998,0,1,5,12,6,2,1,0,0,0,1,20,66048,6,1,0,0,3,0,63,123,0,0,0,0,0,0,0,0,0,4,8,0,0,0,1,2,35,1,1,4,1,0,0,1,6,1,2,4,7,"777777777777","777777777777","777777777777",1,0
20,200302,1,1,2,1,11,14,55,32,0,1,0,20,2,7,442,7442,20,2003,"1D4GP24383B2","1","D","4","G","P","2","4","3","8","3","B","2",0,0,0,"000000000","00000000000",0,0,0,1,0,0,0,0,0,0,0,998,0,1,5,11,6,2,1,0,0,0,1,20,67449,6,1,0,0,3,1,63,120,0,0,0,0,0,0,0,0,0,9,99,99,99,99,1,2,65,1,2,2,1,0,0,1,12,99,1,4,6,"777777777777","777777777777","777777777777",1,0
20,200303,1,1,1,4,11,18,20,31,0,1,0,20,2,12,481,12481,31,1998,"1FTZX1722WKB","1","F","T","Z","X","1","7","2","2","W","K","B",0,0,0,"000000000","00000000000",0,0,0,1,0,0,0,0,0,0,0,998,0,1,5,9,6,2,1,0,0,0,1,20,66901,6,7,0,0,3,1,63,114,1,0,0,0,0,7,2016,7,2016,0,58,0,0,0,1,2,60,3,1,2,1,0,0,14,13,99,2,4,2,"777777777777","777777777777","777777777777",1,0
20,200304,1,1,1,3,11,15,17,8,0,1,0,20,1,7,482,7482,31,2014,"1C6RR7GT2ES2","1","C","6","R","R","7","G","T","2","E","S","2",0,0,0,"000000000","00000000000",0,0,0,1,0,0,0,0,0,0,0,998,0,0,0,12,6,2,8,0,0,0,1,20,66604,6,1,0,0,3,1,69,165,0,0,0,0,0,0,0,0,0,0,0,0,0,0,1,2,30,1,1,1,1,0,0,1,80,1,1,1,13,"777777777777","777777777777","777777777777",0,0
20,200305,1,1,2,6,11,11,0,42,0,1,0,20,1,20,481,20481,31,1970,"CE140J119211","C","E","1","4","0","J","1","1","9","2","1","1",0,0,0,"000000000","00000000000",0,0,0,1,0,0,0,0,0,0,0,998,0,0,0,2,6,2,42,0,0,0,1,20,66046,6,1,0,0,3,0,68,145,0,0,0,1,0,12,2015,12,2015,4,58,0,0,0,1,2,35,1,1,4,1,0,0,1,6,1,2,4,7,"777777777777","777777777777","777777777777",1,0
20,200306,1,2,2,7,11,7,23,12,6,1,0,35,2,20,25,20025,4,2014,"1G1PC5SB9E71","1","G","1","P","C","5","S","B","9","E","7","1",0,0,0,"000000000","00000000000",0,0,0,1,0,0,0,0,0,0,0,998,0,1,5,3,6,2,12,0,0,0,1,35,87821,6,1,0,0,3,0,65,130,98,0,0,0,0,0,0,0,0,0,38,0,0,0,1,2,65,1,1,2,2,0,0,1,17,1,1,1,87,"777777777777","777777777777","777777777777",2,0
20,200306,2,2,1,7,11,7,23,12,6,1,0,20,3,84,884,84884,66,2014,"3HSDJSJR9EN7","3","H","S","D","J","S","J","R","9","E","N","7",1,1,57,"20364","5720364",3,6,2,2,2,2672,8,1,0,0,0,998,0,0,0,12,6,2,12,0,0,0,1,20,67073,6,1,6,1,3,1,72,195,0,0,0,0,1,7,2014,7,2014,0,0,0,0,0,2,2,65,1,1,2,2,0,0,1,66,1,1,1,86,"1PMS34225A10","777777777777","777777777777",0,0
20,200307,1,2,2,7,11,14,27,12,6,1,0,20,1,20,422,20422,15,2007,"1GNFK16347J2","1","G","N","F","K","1","6","3","4","7","J","2",0,0,0,"000000000","00000000000",0,0,0,1,0,0,0,0,0,0,0,5,0,0,0,10,4,5,12,0,0,0,1,20,67206,6,1,0,0,3,0,67,150,0,0,0,1,0,3,2016,3,2016,0,47,0,0,0,2,4,35,1,1,2,1,0,0,11,51,1,1,1,72,"777777777777","777777777777","777777777777",0,0
20,200307,2,2,1,7,11,14,27,12,6,1,0,29,2,98,706,98706,80,2009,"2BXJAAA159V0","2","B","X","J","A","A","A","1","5","9","V","0",0,0,0,"000000000","00000000000",0,0,0,1,0,0,0,0,0,0,0,998,0,0,0,12,6,2,12,0,0,0,1,20,67226,1,1,0,0,2,0,73,206,0,0,0,0,0,0,0,0,0,0,0,0,0,0,2,4,35,1,1,2,1,0,0,1,63,99,1,1,73,"777777777777","777777777777","777777777777",1,0
20,200308,1,1,1,7,11,23,23,8,0,1,0,20,1,63,441,63441,20,2004,"KNDUP1319465","K","N","D","U","P","1","3","1","9","4","6","5",0,0,0,"000000000","00000000000",0,0,0,1,0,0,0,0,0,0,0,998,0,0,0,12,6,2,8,0,0,0,1,20,66105,6,1,0,0,3,1,72,190,0,0,0,0,0,0,0,0,0,0,0,0,0,0,3,3,60,1,2,1,2,0,0,1,80,1,1,1,13,"777777777777","777777777777","777777777777",0,0
20,200309,1,1,1,8,11,1,19,8,0,1,1,20,1,35,49,35049,6,2003,"JN8AZ08W93W2","J","N","8","A","Z","0","8","W","9","3","W","2",0,0,0,"000000000","00000000000",0,0,0,1,0,0,0,0,0,0,0,998,0,0,0,12,2,5,8,0,0,0,1,99,67801,9,9,99,9,9,9,999,999,99,99,99,99,99,99,9999,99,9999,9,99,99,99,99,2,4,50,1,1,2,2,0,0,1,80,99,1,1,13,"777777777777","777777777777","777777777777",0,0
20,200310,1,2,1,9,11,11,50,12,1,1,0,20,2,12,24,12024,6,2014,"2FMDK3JC0EBB","2","F","M","D","K","3","J","C","0","E","B","B",0,0,0,"000000000","00000000000",0,0,0,1,0,0,0,0,0,0,0,998,0,0,0,12,6,2,42,0,0,0,1,20,66071,6,1,0,0,3,0,67,190,2,0,0,0,0,4,2015,9,2016,4,0,0,0,0,2,2,65,1,2,2,1,0,0,1,51,99,1,1,24,"777777777777","777777777777","777777777777",1,0
20,200310,2,2,1,9,11,11,50,12,1,1,0,31,3,51,881,51881,66,2013,"4V4NC9EH3DN1","4","V","4","N","C","9","E","H","3","D","N","1",1,1,57,"306223","57306223",3,6,1,1,0,0,0,0,0,0,0,998,0,0,0,6,6,2,12,0,0,0,1,20,66061,6,1,6,0,3,1,75,180,0,0,0,0,0,0,0,0,0,0,0,0,0,0,2,2,65,1,2,2,1,0,0,1,53,1,1,1,25,"888888888888","777777777777","777777777777",0,0
20,200311,1,2,1,9,11,18,51,12,8,1,0,20,1,20,481,20481,31,2004,"2GCEK19T5412","2","G","C","E","K","1","9","T","5","4","1","2",0,0,0,"000000000","00000000000",0,0,0,1,0,0,0,0,0,0,0,998,0,0,0,11,6,2,12,0,0,0,1,20,66967,6,1,0,0,3,1,70,220,1,0,0,0,0,4,2014,4,2014,0,0,0,0,0,1,2,65,1,2,2,1,0,0,1,54,1,1,2,64,"777777777777","777777777777","777777777777",1,0
20,200311,2,2,1,9,11,18,51,12,8,1,0,20,1,12,481,12481,31,1997,"3FEKF38F4VMA","3","F","E","K","F","3","8","F","4","V","M","A",0,0,0,"000000000","00000000000",0,0,0,1,0,0,0,0,0,0,0,998,0,0,0,11,6,2,12,0,0,0,1,20,67473,6,1,0,0,3,1,71,210,0,0,0,0,0,0,0,0,0,0,0,0,0,0,1,2,65,1,2,2,1,0,0,1,62,99,1,1,65,"777777777777","777777777777","777777777777",0,0
20,200312,1,1,2,12,11,17,40,8,0,1,0,20,1,49,40,49040,4,2005,"4T1BE32K75U0","4","T","1","B","E","3","2","K","7","5","U","0",0,0,0,"000000000","00000000000",0,0,0,1,0,0,0,0,0,0,0,998,0,0,0,10,2,5,8,0,0,0,1,20,66604,6,1,0,0,3,1,63,130,0,0,0,0,0,0,0,0,0,9,99,99,99,99,2,5,40,1,1,2,1,0,0,1,80,99,1,1,13,"777777777777","777777777777","777777777777",0,0
20,200313,1,1,1,14,11,19,15,1,0,1,0,20,2,23,401,23401,14,2004,"1GKDS13S1422","1","G","K","D","S","1","3","S","1","4","2","2",0,0,0,"000000000","00000000000",0,0,0,1,0,0,0,0,0,0,0,998,0,1,1,0,6,2,1,0,0,0,1,20,67212,6,1,6,0,3,0,71,253,0,0,0,0,0,0,0,0,0,0,58,0,0,0,2,2,60,3,2,1,1,0,0,14,13,99,4,6,98,"777777777777","777777777777","777777777777",1,0
20,200314,1,2,2,14,11,11,33,12,6,1,0,20,2,37,33,37033,2,1995,"JHMBB2277SC0","J","H","M","B","B","2","2","7","7","S","C","0",0,0,0,"000000000","00000000000",0,0,0,1,0,0,0,0,0,0,0,78,0,0,0,3,6,2,12,0,0,0,1,20,67204,6,7,0,0,3,0,67,155,0,0,0,0,0,0,0,0,0,3,36,0,0,0,2,4,40,3,1,1,1,0,0,14,6,1,4,2,98,"777777777777","777777777777","777777777777",1,0
20,200314,2,2,3,14,11,11,33,12,6,1,0,20,3,12,481,12481,31,2000,"1FTNF20L3YEC","1","F","T","N","F","2","0","L","3","Y","E","C",1,1,0,"000000000","00000000000",0,0,0,1,0,0,0,0,0,0,0,998,0,0,0,12,6,2,12,0,0,0,1,20,67152,6,1,0,0,3,1,76,220,0,0,0,0,0,0,0,0,0,0,0,0,0,0,2,4,40,2,1,1,1,0,0,14,62,1,1,1,98,"888888888888","777777777777","777777777777",0,0
20,200315,1,1,1,15,11,22,35,1,0,1,0,20,1,12,442,12442,20,1998,"2FMDA5142WBB","2","F","M","D","A","5","1","4","2","W","B","B",0,0,0,"000000000","00000000000",0,0,0,1,0,0,0,0,0,0,0,998,0,1,5,0,6,2,1,0,0,0,1,20,67855,6,1,0,0,3,0,72,200,0,0,0,0,0,0,0,0,0,9,58,0,0,0,1,2,55,1,1,4,1,0,0,1,6,99,3,4,2,"777777777777","777777777777","777777777777",1,1
20,200316,1,1,1,15,11,3,0,24,0,1,0,93,3,85,881,85881,66,2012,"1XKADP9X9CJ3","1","X","K","A","D","P","9","X","9","C","J","3",1,1,57,"1123267","571123267",3,6,8,1,0,0,0,0,0,0,0,998,0,1,5,1,6,2,1,0,0,1,1,20,67135,6,1,6,1,3,0,69,180,1,0,0,1,0,1,2015,10,2016,9,0,0,0,0,3,2,75,3,3,2,1,0,0,14,13,1,1,4,1,"48X1F3921710","777777777777","777777777777",1,0
20,200318,1,1,1,18,11,21,15,8,0,1,0,29,1,24,1,24001,4,1997,"1G8ZK5278VZ1","1","G","8","Z","K","5","2","7","8","V","Z","1",0,0,0,"000000000","00000000000",0,0,0,1,0,0,0,0,0,0,0,998,0,0,0,12,2,5,8,0,0,0,1,20,66216,6,1,0,0,3,1,76,187,0,0,0,0,0,0,0,0,0,0,0,0,0,0,2,5,35,1,1,2,1,0,0,1,80,1,1,1,13,"777777777777","777777777777","777777777777",0,0
20,200320,1,1,1,18,11,10,21,24,0,1,0,31,4,12,17,12017,4,2004,"1FAFP52254A1","1","F","A","F","P","5","2","2","5","4","A","1",0,0,0,"000000000","00000000000",0,0,0,1,0,0,0,0,0,0,0,998,0,0,0,12,6,2,23,0,0,0,1,31,68502,6,1,0,0,3,1,72,195,0,0,0,0,0,0,0,0,0,9,99,99,99,99,1,2,65,1,1,2,1,0,0,1,13,99,1,4,1,"777777777777","777777777777","777777777777",1,0
20,200321,1,1,1,19,11,3,40,35,0,1,0,29,3,12,23,12023,4,2016,"3FA6P0H76GR1","3","F","A","6","P","0","H","7","6","G","R","1",0,0,0,"000000000","00000000000",0,0,0,1,0,0,0,0,0,0,0,998,0,1,5,12,6,2,1,0,0,0,1,20,66216,6,1,0,0,3,0,66,150,0,0,0,1,0,9,2015,9,2015,0,0,0,0,0,2,3,60,1,1,1,1,0,0,1,12,1,1,4,6,"777777777777","777777777777","777777777777",1,0
20,200322,1,1,1,19,11,99,99,1,0,1,0,20,1,12,481,12481,31,2003,"1FTRW08L93KC","1","F","T","R","W","0","8","L","9","3","K","C",0,0,0,"000000000","00000000000",0,0,0,1,0,0,0,0,0,0,0,998,0,1,5,0,6,2,1,0,0,0,1,20,66067,1,1,0,0,2,0,70,180,0,0,0,0,0,0,0,0,0,9,58,0,0,0,1,2,55,1,3,2,1,0,0,1,13,99,1,4,1,"777777777777","777777777777","777777777777",1,1
20,200323,1,1,1,19,11,3,0,32,0,1,0,20,1,37,32,37032,4,2014,"1HGCR2F39EA2","1","H","G","C","R","2","F","3","9","E","A","2",0,0,0,"000000000","00000000000",0,0,0,1,0,0,0,0,0,0,0,998,0,0,0,12,6,2,32,0,0,0,1,20,66020,6,1,0,0,3,0,69,155,0,0,1,3,0,10,2015,9,2016,0,0,0,0,0,1,2,50,1,1,2,1,0,0,1,13,99,1,4,1,"777777777777","777777777777","777777777777",1,1
20,200324,1,2,1,20,11,22,18,31,0,1,1,20,1,12,23,12023,4,2008,"3FAHP07Z88R1","3","F","A","H","P","0","7","Z","8","8","R","1",0,0,0,"000000000","00000000000",0,0,0,1,0,0,0,0,0,0,0,998,0,0,0,12,6,2,12,0,0,0,1,20,67005,6,1,0,0,3,1,67,240,0,0,0,0,1,10,2015,10,2015,9,48,0,0,0,2,2,70,1,1,2,1,0,0,12,54,99,1,4,98,"777777777777","777777777777","777777777777",0,1
20,200324,2,2,1,20,11,22,18,31,0,1,0,20,1,12,37,12037,3,2005,"3FAFP31N55R1","3","F","A","F","P","3","1","N","5","5","R","1",0,0,0,"000000000","00000000000",0,0,0,1,0,0,0,0,0,0,0,998,0,0,0,12,6,2,12,0,0,0,1,20,67156,6,1,0,0,3,0,68,135,0,0,0,0,0,0,0,0,0,0,0,0,0,0,2,2,70,1,1,2,1,0,0,1,62,1,1,1,98,"777777777777","777777777777","777777777777",1,0
20,200325,1,1,1,21,11,9,0,30,0,1,0,20,1,7,482,7482,31,2016,"1C6RR6FT8GS3","1","C","6","R","R","6","F","T","8","G","S","3",0,0,0,"000000000","00000000000",0,0,0,1,0,0,0,0,0,0,0,998,0,0,0,12,6,2,42,0,0,0,1,20,66030,6,1,0,0,3,1,73,290,0,0,0,0,0,0,0,0,0,5,0,0,0,0,2,2,45,1,1,2,1,0,0,1,6,99,1,4,6,"777777777777","777777777777","777777777777",1,0
20,200326,1,2,1,21,11,10,50,12,6,1,0,20,1,20,421,20421,15,2009,"1GNFK23049R2","1","G","N","F","K","2","3","0","4","9","R","2",0,0,0,"000000000","00000000000",0,0,0,1,0,0,0,0,0,0,0,998,0,0,0,12,6,2,12,0,0,0,1,20,67574,6,1,6,0,3,0,73,200,0,0,0,0,0,0,0,0,0,0,51,0,0,0,1,2,65,1,1,2,1,0,0,1,10,99,1,2,64,"777777777777","777777777777","777777777777",1,0
20,200326,2,2,1,21,11,10,50,12,6,1,0,31,3,85,884,85884,66,2001,"1XKWDB9X51R8","1","X","K","W","D","B","9","X","5","1","R","8",1,1,57,"651603","57651603",3,6,1,1,0,0,0,0,0,0,0,998,0,0,0,8,6,2,12,0,0,0,1,31,68832,6,1,6,0,3,0,999,999,99,99,99,99,99,99,9999,99,9999,0,0,0,0,0,1,2,65,1,1,2,1,0,0,1,62,8,1,1,65,"1UYVS25309P6","777777777777","777777777777",0,0
20,200327,1,2,1,23,11,20,20,12,6,1,0,20,1,55,37,55037,2,2008,"KMHHN66F58U2","K","M","H","H","N","6","6","F","5","8","U","2",0,0,0,"000000000","00000000000",0,0,0,1,0,0,0,0,0,0,0,998,0,0,0,3,6,2,12,0,0,0,1,20,67205,6,1,0,0,3,1,71,150,0,0,0,0,0,0,0,0,0,5,38,39,0,0,1,2,55,1,1,2,1,20,3,1,17,1,1,1,87,"777777777777","777777777777","777777777777",1,0
20,200327,2,2,1,23,11,20,20,12,6,1,0,20,3,87,883,87883,66,2015,"1NPXD40X1FD3","1","N","P","X","D","4","0","X","1","F","D","3",1,1,57,"618032","57618032",3,6,2,1,0,0,0,0,0,0,0,998,0,1,5,11,6,2,12,0,0,0,1,20,67112,6,1,6,1,3,0,71,240,0,0,0,0,0,0,0,0,0,0,0,0,0,0,1,3,65,1,1,2,1,0,0,1,66,1,1,1,86,"5WSAA4320CN4","777777777777","777777777777",0,0
20,200328,1,2,1,22,11,10,0,12,6,1,0,20,1,18,2,18002,4,2000,"1G4HP54K0Y42","1","G","4","H","P","5","4","K","0","Y","4","2",0,0,0,"000000000","00000000000",0,0,0,1,0,0,0,0,0,0,0,998,0,0,0,9,6,2,12,0,0,0,1,20,67566,6,1,0,0,3,0,72,185,1,0,0,0,0,10,2014,10,2014,0,38,39,0,0,1,2,55,1,1,2,1,20,3,1,17,1,1,1,89,"777777777777","777777777777","777777777777",1,0
20,200328,2,2,1,22,11,10,0,12,6,1,0,20,1,20,481,20481,31,2011,"1GC1KXC86BF2","1","G","C","1","K","X","C","8","6","B","F","2",0,0,0,"000000000","00000000000",0,0,0,1,0,0,0,0,0,0,0,67,0,0,0,12,6,2,12,0,0,0,1,20,67566,6,1,0,0,3,0,68,165,1,0,0,3,0,1,2015,8,2016,0,0,0,0,0,2,2,65,1,1,2,1,0,0,1,66,1,1,1,88,"777777777777","777777777777","777777777777",0,0
20,200329,1,2,1,22,11,16,34,12,6,1,0,20,1,59,31,59031,4,1996,"JT8BF12G6T01","J","T","8","B","F","1","2","G","6","T","0","1",0,0,0,"000000000","00000000000",0,0,0,1,0,0,0,0,0,0,0,998,0,0,0,12,2,5,12,0,0,0,1,20,67211,6,1,0,0,3,0,62,240,0,0,0,0,4,3,2015,7,2016,0,38,0,0,0,1,2,30,1,1,1,1,20,3,1,17,99,1,1,88,"777777777777","777777777777","777777777777",0,0
20,200329,2,2,1,22,11,16,34,12,6,1,0,20,1,98,709,98709,81,2016,"L2BB2NCC0GB4","L","2","B","B","2","N","C","C","0","G","B","4",0,0,0,"000000000","00000000000",0,0,0,1,0,0,0,0,0,0,0,998,0,0,0,7,4,5,12,0,0,0,1,20,67210,1,1,0,0,2,0,69,220,1,0,0,0,0,7,2016,7,2016,9,0,0,0,0,2,2,35,1,1,1,1,0,0,1,66,99,1,1,89,"777777777777","777777777777","777777777777",1,0
20,200330,1,1,1,26,11,18,42,8,0,1,1,8,1,6,52,6052,6,2006,"3A4FY48B26T3","3","A","4","F","Y","4","8","B","2","6","T","3",0,0,0,"000000000","00000000000",0,0,0,1,0,0,0,0,0,0,0,998,0,0,0,12,4,5,8,0,0,0,1,20,67846,6,1,0,0,3,1,65,200,0,0,0,0,0,0,0,0,0,9,0,0,0,0,2,4,30,1,1,1,1,0,0,1,80,99,1,1,13,"777777777777","777777777777","777777777777",0,0
20,200331,1,2,2,27,11,11,9,12,6,1,0,20,2,41,402,41402,14,2006,"4F2YZ02Z36KM","4","F","2","Y","Z","0","2","Z","3","6","K","M",0,0,0,"000000000","00000000000",0,0,0,1,0,0,0,0,0,0,0,60,0,0,0,12,6,2,12,0,0,0,1,20,67215,6,1,0,0,3,3,61,90,0,0,0,0,0,0,0,0,0,0,0,0,0,0,1,2,55,1,1,2,1,0,0,1,17,1,1,1,88,"777777777777","777777777777","777777777777",0,0
20,200331,2,2,1,27,11,11,9,12,6,1,0,20,1,12,481,12481,31,1987,"2FTDF15N1HCA","2","F","T","D","F","1","5","N","1","H","C","A",0,0,0,"000000000","00000000000",0,0,0,1,0,0,0,0,0,0,0,998,0,1,5,9,6,2,12,0,0,0,1,20,67235,6,1,0,0,3,0,67,185,1,0,0,0,0,9,2016,9,2016,0,39,38,0,0,1,2,55,1,1,2,1,20,3,1,66,1,1,1,89,"777777777777","777777777777","777777777777",1,0
20,200332,1,1,1,29,11,16,23,35,0,1,0,20,2,12,481,12481,31,2000,"3FTNX21F5YMA","3","F","T","N","X","2","1","F","5","Y","M","A",0,0,0,"000000000","00000000000",0,0,0,1,0,0,0,0,0,0,0,998,0,1,5,1,6,2,1,0,0,0,1,20,67050,6,1,0,0,3,0,68,175,0,0,0,0,0,0,0,0,0,0,58,0,0,0,1,2,55,1,1,2,1,0,0,1,13,99,1,4,6,"777777777777","777777777777","777777777777",1,0
20,200333,1,2,1,25,9,14,0,12,2,1,0,22,3,12,481,12481,40,2014,"1FT7W2BT9EEB","1","F","T","7","W","2","B","T","9","E","E","B",1,3,57,"2269672","572269672",3,4,1,1,0,0,0,0,0,0,0,998,0,0,0,12,6,2,12,0,0,0,1,22,70528,6,1,6,0,3,0,73,125,0,0,0,1,1,8,2014,1,2015,0,51,0,0,0,2,2,65,1,2,2,1,0,0,1,10,1,1,2,50,"575GB2028ET0","777777777777","777777777777",0,0
20,200333,2,2,1,25,9,14,0,12,2,1,0,20,1,72,706,72706,80,1994,"1HD1DJL12RY5","1","H","D","1","D","J","L","1","2","R","Y","5",0,0,0,"000000000","00000000000",0,0,0,1,0,0,0,0,0,0,0,998,0,0,0,12,6,2,12,0,0,0,1,20,66534,6,1,6,0,2,0,71,180,0,0,0,0,0,0,0,0,0,0,0,0,0,0,2,2,65,1,2,2,1,0,0,1,62,16,1,1,51,"777777777777","777777777777","777777777777",1,1
20,200334,1,2,1,2,11,16,0,12,6,1,0,20,1,20,23,20023,6,2010,"3GNBABDB1AS6","3","G","N","B","A","B","D","B","1","A","S","6",0,0,0,"000000000","00000000000",0,0,0,1,0,0,0,0,0,0,0,998,0,0,0,2,6,2,12,0,0,0,1,20,67058,6,1,0,0,3,0,69,164,0,0,0,0,0,0,0,0,0,0,38,0,0,0,2,2,65,1,1,2,1,21,3,1,17,1,1,1,87,"777777777777","777777777777","777777777777",1,0
20,200334,2,2,2,2,11,16,0,12,6,1,0,20,1,7,27,7027,6,2011,"3D4PG1FG8BT5","3","D","4","P","G","1","F","G","8","B","T","5",0,0,0,"000000000","00000000000",0,0,0,1,0,0,0,0,0,0,0,998,0,0,0,12,6,2,12,0,0,0,1,20,67502,6,1,0,0,3,0,64,150,0,0,0,0,0,0,0,0,0,0,0,0,0,0,2,2,65,1,1,1,1,0,0,1,66,7,1,1,86,"777777777777","777777777777","777777777777",0,0
20,200335,1,1,1,8,11,16,33,34,0,1,0,20,1,20,421,20421,15,1996,"1GNEK13R5TJ3","1","G","N","E","K","1","3","R","5","T","J","3",0,0,0,"000000000","00000000000",0,0,0,1,0,0,0,0,0,0,0,998,0,1,5,1,6,2,34,0,0,0,1,20,67052,6,1,0,0,3,0,75,200,0,0,0,0,0,0,0,0,0,0,6,36,0,0,1,2,55,1,1,2,1,0,0,1,13,99,1,4,1,"777777777777","777777777777","777777777777",1,1