"STATE","ST_CASE","VEH_NO","VE_FORMS","NUMOCCS","DAY","MONTH","HOUR","MINUTE","HARM_EV","MAN_COLL","UNITTYPE","HIT_RUN","REG_STAT","OWNER","MAKE","MODEL","MAK_MOD","BODY_TYP","MOD_YEAR","VIN","VIN_1","VIN_2","VIN_3","VIN_4","VIN_5","VIN_6","VIN_7","VIN_8","VIN_9","VIN_10","VIN_11","VIN_12","TOW_VEH","J_KNIFE","MCARR_I1","MCARR_I2","MCARR_ID","GVWR","V_CONFIG","CARGO_BT","HAZ_INV","HAZ_PLAC","HAZ_ID","HAZ_CNO","HAZ_REL","BUS_USE","SPEC_USE","EMER_USE","TRAV_SP","UNDERIDE","ROLLOVER","ROLINLOC","IMPACT1","DEFORMED","TOWED","M_HARM","VEH_SC1","VEH_SC2","FIRE_EXP","DR_PRES","L_STATE","DR_ZIP","L_STATUS","L_TYPE","CDL_STAT","L_ENDORS","L_COMPL","L_RESTRI","DR_HGT","DR_WGT","PREV_ACC","PREV_SUS","PREV_DWI","PREV_SPD","PREV_OTH","FIRST_MO","FIRST_YR","LAST_MO","LAST_YR","SPEEDREL","DR_SF1","DR_SF2","DR_SF3","DR_SF4","VTRAFWAY","VNUM_LAN","VSPD_LIM","VALIGN","VPROFILE","VPAVETYP","VSURCOND","VTRAFCON","VTCONT_F","P_CRASH1","P_CRASH2","P_CRASH3","PCRASH4","PCRASH5","ACC_TYPE","TRLR1VIN","TRLR2VIN","TRLR3VIN","DEATHS","DR_DRINK"
21,210066,2,2,2,12,2,18,20,12,6,1,0,21,1,20,481,20481,31,2013,"3GCPKSE73DG1","3","G","C","P","K","S","E","7","3","D","G","1",0,0,0,"000000000","00000000000",0,0,0,1,0,0,0,0,0,0,0,998,0,0,0,3,6,2,12,0,0,0,1,21,41102,6,1,0,0,3,0,75,205,0,0,0,0,0,0,0,0,0,0,0,0,0,0,1,2,98,1,1,2,1,3,3,11,66,1,1,1,76,"777777777777","777777777777","777777777777",1,0
21,210067,1,2,1,13,2,18,50,12,6,1,0,21,2,7,442,7442,20,2003,"1D4GP25343B1","1","D","4","G","P","2","5","3","4","3","B","1",0,0,0,"000000000","00000000000",0,0,0,1,0,0,0,0,0,0,0,998,0,0,0,12,6,2,12,0,0,0,1,21,42784,0,0,0,0,0,0,70,999,99,99,99,99,99,99,9999,99,9999,3,28,91,0,0,1,2,35,1,1,2,1,0,0,15,10,1,1,2,67,"777777777777","777777777777","777777777777",0,1
21,210067,2,2,4,13,2,18,50,12,6,1,0,21,1,7,442,7442,20,2003,"1D4GP25R93B2","1","D","4","G","P","2","5","R","9","3","B","2",0,0,0,"000000000","00000000000",0,0,0,1,0,0,0,0,0,0,0,998,0,0,0,81,6,2,12,0,0,0,1,21,42726,6,1,0,0,3,0,68,230,0,0,0,0,0,0,0,0,0,0,0,0,0,0,1,2,35,1,1,2,1,0,0,1,62,8,3,2,67,"777777777777","777777777777","777777777777",2,1
21,210068,1,2,1,14,2,7,28,12,2,1,0,21,1,20,481,20481,31,2005,"1GCEK19B95Z3","1","G","C","E","K","1","9","B","9","5","Z","3",0,0,0,"000000000","00000000000",0,0,0,1,0,0,0,0,0,0,0,998,0,0,0,12,6,2,12,0,0,0,1,21,42445,6,1,0,0,3,0,69,155,4,0,0,1,1,1,2014,7,2015,0,27,0,0,0,1,2,55,1,1,2,1,0,0,1,10,1,1,2,52,"777777777777","777777777777","777777777777",0,0
21,210068,2,2,1,14,2,7,28,12,2,1,0,21,1,37,402,37402,14,2002,"JHLRD78812C0","J","H","L","R","D","7","8","8","1","2","C","0",0,0,0,"000000000","00000000000",0,0,0,1,0,0,0,0,0,0,0,998,0,0,0,12,6,2,12,0,0,0,1,21,42445,6,1,0,0,3,0,65,140,0,0,0,0,0,0,0,0,0,0,0,0,0,0,1,2,55,1,1,2,1,0,0,1,62,6,1,2,52,"777777777777","777777777777","777777777777",1,0
21,210069,1,1,1,14,2,10,8,42,0,1,0,21,1,7,20,7020,4,2004,"1B3ES56C64D5","1","B","3","E","S","5","6","C","6","4","D","5",0,0,0,"000000000","00000000000",0,0,0,1,0,0,0,0,0,0,0,68,0,1,5,2,6,2,42,0,0,0,1,21,41010,6,1,0,0,3,0,62,115,0,0,0,0,0,0,0,0,0,0,58,0,0,0,2,3,70,3,5,2,2,0,0,14,9,98,4,4,7,"777777777777","777777777777","777777777777",1,0
21,210070,1,2,1,14,2,12,30,12,6,1,0,21,1,52,37,52037,3,1998,"4A3AK44Y3WE1","4","A","3","A","K","4","4","Y","3","W","E","1",0,0,0,"000000000","00000000000",0,0,0,1,0,0,0,0,0,0,0,998,0,0,0,81,6,2,12,0,0,0,1,21,42207,6,2,0,0,3,1,68,167,0,0,0,1,0,10,2015,10,2015,4,87,0,0,0,1,2,55,1,2,2,3,40,3,1,6,1,5,2,66,"777777777777","777777777777","777777777777",1,0
21,210070,2,2,3,14,2,12,30,12,6,1,0,21,1,20,403,20403,14,2003,"1GNET16P7362","1","G","N","E","T","1","6","P","7","3","6","2",0,0,0,"000000000","00000000000",0,0,0,1,0,0,0,0,0,0,0,998,0,0,0,12,6,2,12,0,0,0,1,21,42754,6,1,0,0,3,0,69,186,1,0,0,0,0,3,2014,3,2014,0,0,0,0,0,1,2,55,1,2,2,3,40,3,1,62,1,1,1,66,"777777777777","777777777777","777777777777",0,0
21,210071,1,2,1,8,2,14,16,12,2,1,0,21,1,35,43,35043,2,1993,"1N4EB32A5PC7","1","N","4","E","B","3","2","A","5","P","C","7",0,0,0,"000000000","00000000000",0,0,0,1,0,0,0,0,0,0,0,18,0,0,0,12,6,2,12,0,0,0,1,21,42420,6,1,0,0,3,0,70,170,0,0,0,0,0,0,0,0,0,0,38,0,0,0,5,5,35,1,1,2,2,0,0,11,15,1,1,1,68,"777777777777","777777777777","777777777777",1,0
21,210071,2,2,1,8,2,14,16,12,2,1,0,21,1,42,43,42043,4,2000,"WDBNG70J4YA0","W","D","B","N","G","7","0","J","4","Y","A","0",0,0,0,"000000000","00000000000",0,0,0,1,0,0,0,0,0,0,0,23,0,0,0,12,6,2,12,0,0,0,1,21,42420,6,1,0,0,3,0,71,190,0,0,0,0,0,0,0,0,0,0,0,0,0,0,5,5,35,1,1,2,2,0,0,1,62,98,1,1,69,"777777777777","777777777777","777777777777",0,0
21,210072,1,1,1,6,2,14,30,35,0,1,0,21,1,20,441,20441,20,1994,"1GNDM19Z0RB1","1","G","N","D","M","1","9","Z","0","R","B","1",0,0,0,"000000000","00000000000",0,0,0,1,0,0,0,0,0,0,0,998,0,0,0,12,6,2,35,0,0,0,1,21,42754,6,1,0,0,3,0,69,170,1,0,0,0,0,4,2015,4,2015,0,58,0,0,0,1,2,55,1,2,2,1,0,0,1,13,98,9,4,1,"777777777777","777777777777","777777777777",1,1
21,210073,1,1,4,15,2,9,30,35,0,1,0,21,1,20,403,20403,14,2003,"1GNDT13S5323","1","G","N","D","T","1","3","S","5","3","2","3",0,0,0,"000000000","00000000000",0,0,0,1,0,0,0,0,0,0,0,45,0,1,5,12,6,2,35,0,0,0,1,21,41774,6,1,0,0,3,0,73,280,1,2,1,0,1,1,2012,8,2015,0,0,0,0,0,1,2,55,1,1,2,3,0,0,1,12,98,1,4,6,"777777777777","777777777777","777777777777",1,0
21,210074,1,1,1,20,2,0,23,42,0,1,0,21,1,7,472,7472,31,2004,"1D7HG38N54S5","1","D","7","H","G","3","8","N","5","4","S","5",0,0,0,"000000000","00000000000",0,0,0,1,0,0,0,0,0,0,0,65,0,0,0,9,6,2,42,0,0,0,1,21,42076,6,1,0,0,3,0,69,143,1,0,0,0,0,9,2014,9,2014,0,0,0,0,0,1,2,55,2,2,2,1,0,0,14,6,98,2,4,7,"777777777777","777777777777","777777777777",1,1
21,210075,1,2,2,20,2,18,25,12,6,1,0,21,2,20,16,20016,2,2002,"1G1JH12F1274","1","G","1","J","H","1","2","F","1","2","7","4",0,0,0,"000000000","00000000000",0,0,0,1,0,0,0,0,0,0,0,29,0,0,0,9,6,2,12,0,0,0,1,21,42539,6,1,0,0,3,0,61,195,0,0,0,0,0,0,0,0,0,0,39,0,0,0,1,2,98,1,1,2,1,20,3,1,17,1,1,1,89,"777777777777","777777777777","777777777777",1,1
21,210075,2,2,3,20,2,18,25,12,6,1,0,21,1,20,422,20422,15,2011,"1GNSKJE33BR2","1","G","N","S","K","J","E","3","3","B","R","2",0,0,0,"000000000","00000000000",0,0,0,1,0,0,0,0,0,0,0,39,0,0,0,12,6,2,12,0,0,0,1,21,40057,6,1,0,0,3,1,71,190,0,0,0,0,0,0,0,0,0,0,0,0,0,0,1,4,55,1,1,2,1,0,0,99,66,12,1,2,88,"777777777777","777777777777","777777777777",0,0
21,210076,1,1,1,22,2,12,20,1,0,1,0,21,2,20,9,20009,2,1978,"1Q87L8N56444","1","Q","8","7","L","8","N","5","6","4","4","4",0,0,0,"000000000","00000000000",0,0,0,1,0,0,0,0,0,0,0,57,0,2,5,0,6,2,1,0,0,0,1,21,41632,6,1,0,0,3,0,70,200,0,0,0,0,0,0,0,0,0,4,58,0,0,0,1,2,55,2,1,2,2,0,0,14,6,15,4,4,7,"777777777777","777777777777","777777777777",1,1
21,210077,1,1,1,23,2,6,0,42,0,1,0,21,1,12,481,12481,31,2008,"1FTRX14W18FB","1","F","T","R","X","1","4","W","1","8","F","B",0,0,0,"000000000","00000000000",0,0,0,1,0,0,0,0,0,0,0,998,0,0,0,12,6,2,42,0,0,0,1,21,41701,6,1,0,0,3,0,72,158,0,0,0,0,0,0,0,0,0,4,0,0,0,0,1,2,55,2,1,2,2,0,0,14,6,1,2,4,7,"777777777777","777777777777","777777777777",1,0
21,210078,1,2,1,23,2,13,8,12,11,1,0,21,1,53,706,53706,80,2008,"JS1GR7LA6821","J","S","1","G","R","7","L","A","6","8","2","1",0,0,0,"000000000","00000000000",0,0,0,1,0,0,0,0,0,0,0,998,0,0,0,81,8,2,12,0,0,0,1,21,42206,3,7,0,0,2,0,70,120,1,1,0,2,2,7,2011,3,2015,3,37,39,0,0,2,2,55,1,1,2,1,0,0,3,19,15,1,3,99,"777777777777","777777777777","777777777777",1,0
21,210078,2,2,1,23,2,13,8,12,11,1,0,21,3,20,421,20421,15,2012,"1GNLC2E0XCR3","1","G","N","L","C","2","E","0","X","C","R","3",0,0,0,"000000000","00000000000",0,0,0,1,0,0,0,0,0,0,0,998,0,0,0,81,6,2,12,0,0,0,1,21,42103,6,1,0,0,3,0,67,185,1,0,0,0,0,5,2014,5,2014,0,16,0,0,0,2,2,55,1,1,2,1,0,0,99,53,1,1,1,99,"777777777777","777777777777","777777777777",0,0
21,210079,1,1,4,22,2,14,26,1,0,1,0,39,2,12,37,12037,4,2005,"1FAFP34N05W1","1","F","A","F","P","3","4","N","0","5","W","1",0,0,0,"000000000","00000000000",0,0,0,1,0,0,0,0,0,0,0,998,0,9,5,0,6,2,1,0,0,0,1,39,45245,1,1,0,0,2,0,74,210,0,1,0,0,1,8,2013,10,2014,0,0,0,0,0,2,3,65,1,2,1,1,0,0,15,13,1,1,4,5,"777777777777","777777777777","777777777777",1,0
21,210080,1,1,1,24,2,20,45,30,0,1,0,21,1,12,481,12481,31,2001,"1FTRW08LX1KB","1","F","T","R","W","0","8","L","X","1","K","B",0,0,0,"000000000","00000000000",0,0,0,1,0,0,0,0,0,0,0,998,0,1,1,62,4,3,1,0,0,0,1,48,41572,6,1,0,0,3,0,999,999,0,0,0,0,0,0,0,0,0,0,87,0,0,0,1,2,35,3,1,2,2,40,3,14,6,1,1,4,1,"777777777777","777777777777","777777777777",1,1
21,210081,1,2,1,25,2,15,23,12,6,1,0,21,2,7,422,7422,15,2006,"1D4HB48N76F1","1","D","4","H","B","4","8","N","7","6","F","1",0,0,0,"000000000","00000000000",0,0,0,1,0,0,0,0,0,0,0,50,0,0,0,12,4,5,12,0,0,0,1,21,40741,6,2,0,0,3,1,74,285,0,0,0,0,0,0,0,0,0,0,0,0,0,0,2,2,55,1,1,2,1,3,3,1,17,98,1,1,83,"777777777777","777777777777","777777777777",0,0
21,210081,2,2,2,25,2,15,23,12,6,1,0,21,2,12,3,12003,2,2009,"1ZVHT82H4951","1","Z","V","H","T","8","2","H","4","9","5","1",0,0,0,"000000000","00000000000",0,0,0,1,0,0,0,0,0,0,0,998,0,0,0,61,6,2,12,0,0,0,1,21,40962,6,1,0,0,3,1,64,153,0,0,0,0,0,0,0,0,0,0,0,0,0,0,1,2,98,1,1,2,1,3,3,11,15,1,1,1,82,"777777777777","777777777777","777777777777",1,0
21,210082,1,2,2,23,2,11,53,12,1,1,0,21,1,20,2,20002,4,2003,"2G1WF52E5391","2","G","1","W","F","5","2","E","5","3","9","1",0,0,0,"000000000","00000000000",0,0,0,1,0,0,0,0,0,0,0,998,0,0,0,12,6,2,12,0,0,0,1,21,40729,6,1,0,0,3,0,69,195,0,0,0,0,0,0,0,0,0,0,6,0,0,0,1,2,45,1,1,2,1,0,0,1,51,16,2,1,24,"777777777777","777777777777","777777777777",1,0
21,210082,2,2,2,23,2,11,53,12,1,1,0,21,1,20,2,20002,4,2002,"2G1WF55E0291","2","G","1","W","F","5","5","E","0","2","9","1",0,0,0,"000000000","00000000000",0,0,0,1,0,0,0,0,0,0,0,998,0,0,0,6,6,2,12,0,0,0,1,21,40741,6,1,0,0,3,0,69,134,0,0,0,0,0,0,0,0,0,0,0,0,0,0,1,2,45,1,1,2,1,0,0,2,53,1,1,1,25,"777777777777","777777777777","777777777777",0,0
21,210083,1,2,2,27,2,15,39,12,6,1,0,95,3,85,881,85881,66,2007,"1XKADB9X37J1","1","X","K","A","D","B","9","X","3","7","J","1",1,1,57,"01901554","5701901554",3,6,1,1,0,0,0,0,0,0,0,998,0,0,0,7,6,5,12,0,0,0,1,95,0,9,9,99,9,9,9,999,999,99,99,99,99,99,99,9999,99,9999,0,38,39,0,0,1,3,55,1,1,2,1,20,3,1,17,1,1,1,89,"1dw1a53209b1","777777777777","777777777777",0,0
21,210083,2,2,1,27,2,15,39,12,6,1,0,21,1,20,16,20016,4,1997,"1G1JC5245V72","1","G","1","J","C","5","2","4","5","V","7","2",0,0,0,"000000000","00000000000",0,0,0,1,0,0,0,0,0,0,0,998,0,0,0,12,6,2,12,0,0,0,1,21,42141,6,1,0,0,3,0,64,200,0,0,0,0,0,0,0,0,0,0,0,0,0,0,1,4,98,1,1,2,1,40,3,1,66,98,1,1,88,"777777777777","777777777777","777777777777",1,0
21,210084,1,3,1,28,2,5,57,12,1,1,0,18,1,20,2,20002,4,2008,"2G1WB58K7812","2","G","1","W","B","5","8","K","7","8","1","2",0,0,0,"000000000","00000000000",0,0,0,1,0,0,0,0,0,0,0,80,0,2,3,12,6,2,1,0,0,1,1,18,47714,6,7,0,0,3,0,59,122,0,5,0,0,5,4,2011,6,2012,3,0,0,0,0,2,2,70,1,1,2,1,40,3,1,51,1,1,1,24,"777777777777","777777777777","777777777777",1,1
21,210084,2,3,2,28,2,5,57,12,1,1,0,21,2,6,18,6018,4,2011,"1C3BC1FB8BN6","1","C","3","B","C","1","F","B","8","B","N","6",0,0,0,"000000000","00000000000",0,0,0,1,0,0,0,0,0,0,0,67,0,0,0,6,6,2,12,0,0,0,1,21,42420,6,1,0,0,3,1,67,140,0,0,0,0,0,0,0,0,0,0,0,0,0,0,2,2,70,1,1,2,1,40,3,1,53,1,1,1,25,"777777777777","777777777777","777777777777",0,0
21,210084,3,3,2,28,2,5,57,12,1,1,0,53,3,51,898,51898,66,2016,"4V4NC9EH8GN9","4","V","4","N","C","9","E","H","8","G","N","9",1,1,57,"01520385","5701520385",3,6,1,1,0,0,0,0,0,0,0,67,0,0,0,12,6,2,12,0,0,0,1,12,33428,6,1,6,0,3,0,69,999,0,0,0,0,2,9,2011,12,2011,0,0,0,0,0,2,2,70,1,1,2,1,40,3,1,62,1,1,1,98,"888888888888","777777777777","777777777777",0,0
21,210085,1,2,1,28,2,15,17,12,1,1,0,21,2,63,402,63402,14,2003,"KNDJC7335350","K","N","D","J","C","7","3","3","5","3","5","0",0,0,0,"000000000","00000000000",0,0,0,1,0,0,0,0,0,0,0,998,0,9,9,12,6,2,12,0,0,0,1,21,42718,6,1,0,0,3,0,72,140,0,0,0,0,0,0,0,0,0,9,6,0,0,0,1,2,55,1,1,2,1,40,3,1,51,1,1,1,24,"777777777777","777777777777","777777777777",0,0
21,210085,2,2,3,28,2,15,17,12,1,1,0,21,1,14,401,14401,14,2001,"4M2ZU86P21UJ","4","M","2","Z","U","8","6","P","2","1","U","J",0,0,0,"000000000","00000000000",0,0,0,1,0,0,0,0,0,0,0,998,0,9,9,6,6,2,12,0,0,0,1,21,42206,6,1,0,0,3,0,68,280,0,0,0,0,0,0,0,0,0,0,0,0,0,0,1,2,55,1,1,2,1,40,3,2,53,1,1,1,25,"777777777777","777777777777","777777777777",1,0
21,210086,1,1,1,29,2,13,54,15,0,1,0,29,1,12,481,12481,31,1988,"1FTEF14NXJKB","1","F","T","E","F","1","4","N","X","J","K","B",0,0,0,"000000000","00000000000",0,0,0,1,0,0,0,0,0,0,0,30,0,0,0,12,2,3,15,0,0,0,1,21,40208,6,1,0,0,3,0,65,260,0,0,0,0,0,0,0,0,0,0,0,0,0,0,2,2,35,1,1,2,1,3,3,1,83,16,2,1,13,"777777777777","777777777777","777777777777",0,0
21,210087,1,1,2,29,2,15,15,38,0,1,0,21,2,20,39,20039,4,2007,"KL1TD66607B7","K","L","1","T","D","6","6","6","0","7","B","7",0,0,0,"000000000","00000000000",0,0,0,1,0,0,0,0,0,0,0,998,0,1,5,12,6,2,1,0,0,0,1,21,40962,0,0,0,0,0,0,72,160,0,2,0,0,2,5,2013,10,2015,4,85,0,0,0,1,1,35,1,3,2,1,0,0,1,54,7,1,4,3,"777777777777","777777777777","777777777777",1,0
21,210088,1,1,2,29,2,20,31,35,0,1,0,18,2,35,43,35043,4,1999,"3N1AB41DXXL0","3","N","1","A","B","4","1","D","X","X","L","0",0,0,0,"000000000","00000000000",0,0,0,1,0,0,0,0,0,0,0,998,0,0,0,98,6,2,42,0,0,0,1,21,42333,6,1,0,0,3,0,72,176,0,0,0,0,0,0,0,0,0,3,0,0,0,0,1,2,55,3,3,2,1,0,0,14,9,9,3,4,2,"777777777777","777777777777","777777777777",2,1
21,210089,1,1,1,27,2,13,58,8,0,1,0,21,3,49,40,49040,4,2011,"4T1BF3EK1BU6","4","T","1","B","F","3","E","K","1","B","U","6",0,0,0,"000000000","00000000000",0,0,0,1,0,0,0,0,0,0,0,20,0,0,0,12,6,2,8,0,0,0,1,21,41101,1,1,0,0,2,3,71,190,0,0,0,1,2,3,2011,4,2015,0,38,0,0,0,2,2,98,1,1,2,1,20,3,3,80,1,1,1,13,"777777777777","777777777777","777777777777",0,0
21,210090,1,2,1,21,2,10,53,12,6,1,0,21,1,2,422,2422,15,2014,"1C4RJFAG4EC1","1","C","4","R","J","F","A","G","4","E","C","1",0,0,0,"000000000","00000000000",0,0,0,1,0,0,0,0,0,0,0,998,0,0,0,12,6,2,12,0,0,0,1,21,40831,6,1,0,0,3,0,67,170,0,0,0,0,0,0,0,0,0,0,38,0,0,0,0,0,0,0,0,0,0,20,3,1,17,1,1,1,88,"777777777777","777777777777","777777777777",0,0
21,210090,2,2,1,21,2,10,53,12,6,1,0,21,2,20,20,20020,4,1996,"2G1WL52M3T93","2","G","1","W","L","5","2","M","3","T","9","3",0,0,0,"000000000","00000000000",0,0,0,1,0,0,0,0,0,0,0,998,0,0,0,61,6,2,12,0,0,0,1,21,40831,6,1,0,0,3,0,71,245,0,0,0,0,0,0,0,0,0,0,0,0,0,0,2,2,45,4,1,2,5,0,0,14,71,1,1,1,89,"777777777777","777777777777","777777777777",1,0
21,210091,1,1,2,8,2,11,45,25,0,1,0,1,1,6,441,6441,20,2014,"2C4RC1BG0ER2","2","C","4","R","C","1","B","G","0","E","R","2",0,0,0,"000000000","00000000000",0,0,0,1,0,0,0,0,0,0,0,55,0,0,0,62,6,2,25,0,0,0,1,1,35810,6,1,0,0,3,0,63,170,0,0,0,0,0,0,0,0,0,0,27,0,0,0,3,2,70,1,1,2,1,0,0,1,12,1,1,4,6,"777777777777","777777777777","777777777777",1,0
21,210092,1,1,1,7,2,21,54,35,0,1,0,21,1,37,734,37734,90,2011,"1HFTE010XB46","1","H","F","T","E","0","1","0","X","B","4","6",0,0,0,"000000000","00000000000",0,0,0,1,0,0,0,0,0,0,0,998,0,0,0,12,2,5,35,0,0,0,1,21,41862,6,1,0,0,1,0,68,150,0,0,0,0,0,0,0,0,0,0,0,0,0,0,1,2,55,3,1,2,2,0,0,14,6,1,1,4,1,"777777777777","777777777777","777777777777",1,1
21,210093,1,1,1,1,3,1,20,42,0,1,0,17,2,14,6,14006,4,1999,"2MEFM75W9XX6","2","M","E","F","M","7","5","W","9","X","X","6",0,0,0,"000000000","00000000000",0,0,0,1,0,0,0,0,0,0,0,50,0,0,0,12,6,2,42,0,0,0,1,21,42003,6,7,0,0,3,2,68,135,0,0,0,0,0,0,0,0,0,0,73,0,0,0,1,2,25,1,1,2,1,0,0,1,13,1,1,4,5,"777777777777","777777777777","777777777777",1,0
21,210094,1,2,1,1,3,11,30,12,7,1,0,21,1,49,43,49043,4,2008,"4T1BK36B98U2","4","T","1","B","K","3","6","B","9","8","U","2",0,0,0,"000000000","00000000000",0,0,0,1,0,0,0,0,0,0,0,998,0,0,0,81,4,3,12,0,0,0,1,21,40353,6,1,0,0,3,0,82,260,0,0,0,0,0,0,0,0,0,0,6,27,0,0,2,2,70,1,1,2,1,0,0,15,9,98,1,2,44,"777777777777","777777777777","777777777777",0,0
21,210094,2,2,1,1,3,11,30,12,7,1,0,21,1,7,482,7482,31,1997,"1B7HC16Y4VS1","1","B","7","H","C","1","6","Y","4","V","S","1",0,0,0,"000000000","00000000000",0,0,0,1,0,0,0,0,0,0,0,998,0,0,0,61,6,2,42,0,0,0,1,21,40342,6,1,0,0,3,0,75,260,0,0,0,0,0,0,0,0,0,0,0,0,0,0,2,2,70,1,1,2,1,0,0,1,60,1,1,1,45,"777777777777","777777777777","777777777777",1,0
21,210095,1,1,2,3,3,12,59,32,0,1,0,21,1,23,471,23471,30,1987,"1GTCS14E9H85","1","G","T","C","S","1","4","E","9","H","8","5",0,0,0,"000000000","00000000000",0,0,0,1,0,0,0,0,0,0,0,998,0,0,0,12,6,2,43,0,0,0,1,21,42171,6,1,0,0,3,0,71,170,0,0,0,0,0,0,0,0,0,0,0,0,0,0,1,2,45,1,1,2,1,40,3,1,13,1,1,4,1,"777777777777","777777777777","777777777777",1,0
21,210096,1,1,2,5,3,3,28,34,0,1,0,21,1,20,9,20009,2,2015,"2G1FD1E32F91","2","G","1","F","D","1","E","3","2","F","9","1",0,0,0,"000000000","00000000000",0,0,0,1,0,0,0,0,0,0,0,998,0,9,6,12,6,2,42,0,0,0,1,21,41301,6,1,0,0,3,0,75,185,0,0,0,0,0,0,0,0,0,9,6,0,0,0,1,2,55,3,2,2,1,0,0,14,9,16,2,4,2,"777777777777","777777777777","777777777777",1,1
21,210097,1,1,2,5,3,21,28,35,0,1,0,21,1,20,22,20022,2,2008,"1G1AK18F0873","1","G","1","A","K","1","8","F","0","8","7","3",0,0,0,"000000000","00000000000",0,0,0,1,0,0,0,0,0,0,0,998,0,9,5,98,6,2,35,0,0,0,1,21,41365,6,1,0,0,3,0,69,170,1,0,0,0,0,6,2012,6,2012,0,0,0,0,0,1,2,55,3,1,2,1,40,3,14,13,1,1,4,1,"777777777777","777777777777","777777777777",1,1
21,210098,1,1,1,6,3,3,0,42,0,1,0,21,1,23,481,23481,31,2007,"2GTEK19J9716","2","G","T","E","K","1","9","J","9","7","1","6",0,0,0,"000000000","00000000000",0,0,0,1,0,0,0,0,0,0,0,998,0,0,0,12,6,2,42,0,0,1,1,21,42027,6,1,0,0,3,0,68,115,0,0,0,0,0,0,0,0,0,0,6,0,0,0,1,2,55,4,3,2,1,40,3,14,13,1,1,4,1,"777777777777","777777777777","777777777777",1,1
21,210099,1,1,1,6,3,4,22,42,0,1,0,21,1,20,481,20481,31,2006,"2GCEK13T7611","2","G","C","E","K","1","3","T","7","6","1","1",0,0,0,"000000000","00000000000",0,0,0,1,0,0,0,0,0,0,0,998,0,1,4,12,6,2,42,0,0,0,1,21,40229,6,1,0,0,3,0,69,216,0,0,0,0,0,0,0,0,0,4,0,0,0,0,1,2,35,3,1,2,1,40,3,14,6,98,1,4,10,"777777777777","777777777777","777777777777",1,1
21,210100,1,2,1,8,3,16,9,12,2,1,0,21,1,20,401,20401,14,2000,"1GNCS18W2YK2","1","G","N","C","S","1","8","W","2","Y","K","2",0,0,0,"000000000","00000000000",0,0,0,1,0,0,0,0,0,0,0,998,0,9,5,12,6,2,12,0,0,1,1,21,42101,6,1,0,0,3,1,72,176,2,0,0,0,0,3,2012,11,2015,0,28,58,0,0,1,2,55,1,1,2,1,40,3,1,9,15,2,2,50,"777777777777","777777777777","777777777777",1,0
21,210100,2,2,2,8,3,16,9,12,2,1,0,21,1,20,421,20421,15,2006,"1GNDS13S2622","1","G","N","D","S","1","3","S","2","6","2","2",0,0,0,"000000000","00000000000",0,0,0,1,0,0,0,0,0,0,0,998,0,0,0,12,6,2,12,0,0,0,1,21,42101,6,1,0,0,3,0,64,175,1,0,0,0,0,7,2013,7,2013,0,0,0,0,0,1,2,55,1,1,2,1,40,3,1,62,7,1,1,51,"777777777777","777777777777","777777777777",0,0
21,210101,1,1,1,9,3,16,48,59,0,1,0,21,1,72,706,72706,80,2004,"1HD1PJE194Y9","1","H","D","1","P","J","E","1","9","4","Y","9",0,0,0,"000000000","00000000000",0,0,0,1,0,0,0,0,0,0,0,998,0,0,0,12,6,2,35,0,0,0,1,21,40037,1,1,0,0,2,1,69,150,0,2,1,0,0,6,2012,12,2012,0,6,33,0,0,1,2,55,2,2,2,1,40,3,17,54,8,2,4,8,"777777777777","777777777777","777777777777",1,0
21,210102,1,1,1,12,3,4,20,33,0,1,0,21,1,72,706,72706,80,2003,"1HD1BXB423Y0","1","H","D","1","B","X","B","4","2","3","Y","0",0,0,0,"000000000","00000000000",0,0,0,1,0,0,0,0,0,0,0,998,0,0,0,81,6,2,33,0,0,0,1,21,41018,6,1,0,0,3,1,71,190,0,0,0,0,0,0,0,0,0,0,83,0,0,0,2,2,45,1,1,2,1,0,0,1,87,7,1,4,3,"777777777777","777777777777","777777777777",1,1
21,210103,1,1,2,12,3,15,31,34,0,1,0,21,2,2,404,2404,14,2000,"1J4GW58S4YC2","1","J","4","G","W","5","8","S","4","Y","C","2",0,0,0,"000000000","00000000000",0,0,0,1,0,0,0,0,0,0,0,998,0,9,4,12,6,2,34,0,0,0,1,21,41522,6,1,0,0,3,0,66,230,0,0,0,0,0,0,0,0,0,9,0,0,0,0,1,2,45,1,1,2,1,0,0,1,13,1,1,4,1,"777777777777","777777777777","777777777777",1,0
21,210104,1,2,1,13,3,5,57,12,1,1,0,39,1,22,18,22018,4,2004,"1G2NW52E24C2","1","G","2","N","W","5","2","E","2","4","C","2",0,0,0,"000000000","00000000000",0,0,0,1,0,0,0,0,0,0,0,998,0,0,0,12,6,2,12,0,0,0,1,39,45415,6,1,0,0,3,0,74,170,0,0,0,0,0,0,0,0,0,9,6,0,0,0,2,2,70,1,2,2,2,0,0,1,51,1,1,1,24,"777777777777","777777777777","777777777777",0,0
21,210104,2,2,1,13,3,5,57,12,1,1,0,21,1,37,32,37032,4,2005,"1HGCM66595A0","1","H","G","C","M","6","6","5","9","5","A","0",0,0,0,"000000000","00000000000",0,0,0,1,0,0,0,0,0,0,0,998,0,1,5,6,6,2,12,0,0,0,1,21,40031,6,1,0,0,3,1,72,250,1,0,0,0,0,7,2013,7,2013,0,0,0,0,0,2,2,70,1,2,2,2,0,0,1,53,1,1,1,25,"777777777777","777777777777","777777777777",1,0