"STATE","ST_CASE","VEH_NO","VE_FORMS","NUMOCCS","DAY","MONTH","HOUR","MINUTE","HARM_EV","MAN_COLL","UNITTYPE","HIT_RUN","REG_STAT","OWNER","MAKE","MODEL","MAK_MOD","BODY_TYP","MOD_YEAR","VIN","VIN_1","VIN_2","VIN_3","VIN_4","VIN_5","VIN_6","VIN_7","VIN_8","VIN_9","VIN_10","VIN_11","VIN_12","TOW_VEH","J_KNIFE","MCARR_I1","MCARR_I2","MCARR_ID","GVWR","V_CONFIG","CARGO_BT","HAZ_INV","HAZ_PLAC","HAZ_ID","HAZ_CNO","HAZ_REL","BUS_USE","SPEC_USE","EMER_USE","TRAV_SP","UNDERIDE","ROLLOVER","ROLINLOC","IMPACT1","DEFORMED","TOWED","M_HARM","VEH_SC1","VEH_SC2","FIRE_EXP","DR_PRES","L_STATE","DR_ZIP","L_STATUS","L_TYPE","CDL_STAT","L_ENDORS","L_COMPL","L_RESTRI","DR_HGT","DR_WGT","PREV_ACC","PREV_SUS","PREV_DWI","PREV_SPD","PREV_OTH","FIRST_MO","FIRST_YR","LAST_MO","LAST_YR","SPEEDREL","DR_SF1","DR_SF2","DR_SF3","DR_SF4","VTRAFWAY","VNUM_LAN","VSPD_LIM","VALIGN","VPROFILE","VPAVETYP","VSURCOND","VTRAFCON","VTCONT_F","P_CRASH1","P_CRASH2","P_CRASH3","PCRASH4","PCRASH5","ACC_TYPE","TRLR1VIN","TRLR2VIN","TRLR3VIN","DEATHS","DR_DRINK"
21,210105,1,1,3,14,3,20,38,1,0,1,0,21,1,20,16,20016,4,1997,"1G1JC5248V71","1","G","1","J","C","5","2","4","8","V","7","1",0,0,0,"000000000","00000000000",0,0,0,1,0,0,0,0,0,0,0,998,0,2,5,0,6,2,1,0,0,0,1,21,40359,6,2,0,0,3,1,60,110,0,0,0,0,0,0,0,0,0,4,53,0,0,0,1,2,55,3,1,2,2,40,3,14,6,16,2,4,2,"777777777777","777777777777","777777777777",1,0
21,210106,1,2,1,15,3,0,12,12,2,1,0,21,1,35,402,35402,14,2006,"5N1AN08W36C5","5","N","1","A","N","0","8","W","3","6","C","5",0,0,0,"000000000","00000000000",0,0,0,1,0,0,0,0,0,0,0,60,0,1,1,12,6,2,12,0,0,0,1,21,42440,6,1,0,0,3,1,71,180,0,1,1,0,0,6,2014,6,2014,9,28,0,0,0,1,2,45,1,1,2,1,40,3,1,10,1,1,2,50,"777777777777","777777777777","777777777777",0,1
21,210106,2,2,2,15,3,0,12,12,2,1,0,47,1,35,47,35047,4,2011,"1N4AL2AP5BN4","1","N","4","A","L","2","A","P","5","B","N","4",0,0,0,"000000000","00000000000",0,0,0,1,0,0,0,0,0,0,0,45,0,0,0,12,6,2,12,0,0,0,1,47,37042,6,1,0,0,3,0,67,280,1,0,0,2,2,2,2013,11,2014,0,0,0,0,0,1,2,45,1,1,2,1,40,3,1,62,1,1,1,51,"777777777777","777777777777","777777777777",1,0
21,210107,1,1,1,15,3,18,43,8,0,1,0,21,1,12,471,12471,30,1999,"1FTZR15X6XTA","1","F","T","Z","R","1","5","X","6","X","T","A",0,0,0,"000000000","00000000000",0,0,0,1,0,0,0,0,0,0,0,998,0,0,0,12,4,3,8,0,0,0,1,21,42027,6,1,0,0,3,0,69,180,0,0,0,0,0,0,0,0,0,0,0,0,0,0,1,2,35,1,3,2,1,0,0,1,80,1,1,1,13,"777777777777","777777777777","777777777777",0,0
21,210108,1,2,1,17,3,6,45,12,6,1,0,47,2,23,8,23008,6,2008,"1GKER13778J1","1","G","K","E","R","1","3","7","7","8","J","1",0,0,0,"000000000","00000000000",0,0,0,1,0,0,0,0,0,0,0,998,7,0,0,12,4,3,12,0,0,0,1,47,37841,6,1,0,0,3,0,66,145,0,0,0,0,0,0,0,0,0,0,0,0,0,0,6,1,98,3,2,2,1,20,3,11,15,1,1,1,82,"777777777777","777777777777","777777777777",0,0
21,210108,2,2,1,17,3,6,45,12,6,1,0,21,1,37,706,37706,80,2007,"1HFSC55007A3","1","H","F","S","C","5","5","0","0","7","A","3",0,0,0,"000000000","00000000000",0,0,0,1,0,0,0,0,0,0,0,998,0,0,0,82,4,3,12,0,0,0,1,21,42518,6,1,0,0,3,1,71,190,1,0,0,1,1,5,2011,1,2014,0,0,0,0,0,2,2,55,1,2,2,1,0,0,1,67,6,1,2,83,"777777777777","777777777777","777777777777",1,0
21,210109,1,1,1,17,3,11,10,35,0,1,0,39,2,20,16,20016,2,1998,"3G1JC1248WS8","3","G","1","J","C","1","2","4","8","W","S","8",0,0,0,"000000000","00000000000",0,0,0,1,0,0,0,0,0,0,0,998,0,0,0,98,6,2,14,0,0,0,1,21,41501,6,1,0,0,3,1,67,200,0,0,0,0,0,0,0,0,0,0,0,0,0,0,1,2,55,2,1,2,1,0,0,14,12,1,1,4,6,"777777777777","777777777777","777777777777",1,0
21,210110,1,2,1,17,3,12,10,12,2,1,0,21,1,20,39,20039,4,2007,"KL1TD66637B7","K","L","1","T","D","6","6","6","3","7","B","7",0,0,0,"000000000","00000000000",0,0,0,1,0,0,0,0,0,0,0,998,0,0,0,12,6,2,12,0,0,0,1,21,40808,6,1,0,0,3,0,68,130,1,0,0,0,0,1,2015,1,2015,0,6,28,0,0,1,2,55,4,1,2,1,40,3,14,10,1,1,2,50,"777777777777","777777777777","777777777777",1,1
21,210110,2,2,1,17,3,12,10,12,2,1,0,47,3,87,884,87884,66,1989,"1XP5DB9X9KN2","1","X","P","5","D","B","9","X","9","K","N","2",1,1,57,"008998728","57008998728",3,6,4,1,0,0,0,0,0,0,0,43,0,0,0,12,6,2,12,0,0,0,1,21,40844,6,1,6,0,3,0,68,200,0,0,0,0,0,0,0,0,0,0,0,0,0,0,1,2,55,4,1,1,1,40,3,14,62,1,1,1,51,"888888888888","777777777777","777777777777",0,0
21,210111,1,1,1,18,3,10,28,11,0,1,0,21,1,72,706,72706,80,2012,"1HD1KBM11CB6","1","H","D","1","K","B","M","1","1","C","B","6",0,0,0,"000000000","00000000000",0,0,0,1,0,0,0,0,0,0,0,47,0,0,0,12,6,2,11,0,0,0,1,21,42320,6,1,0,0,3,0,65,120,0,0,0,0,0,0,0,0,0,0,83,0,0,0,1,2,55,1,2,2,1,0,0,1,87,15,2,1,13,"777777777777","777777777777","777777777777",1,0
21,210112,1,2,1,18,3,12,32,12,2,1,0,21,1,30,47,30047,3,2005,"3VWBK31C25M4","3","V","W","B","K","3","1","C","2","5","M","4",0,0,0,"000000000","00000000000",0,0,0,1,0,0,0,0,0,0,0,55,0,0,0,12,6,2,12,0,0,0,1,21,40057,6,1,0,0,3,0,69,210,1,0,0,0,0,5,2013,5,2013,0,28,0,0,0,1,2,55,4,2,2,1,0,0,14,10,1,1,2,50,"777777777777","777777777777","777777777777",1,0
21,210112,2,2,1,18,3,12,32,12,2,1,0,21,1,23,481,23481,31,1989,"2GTEC14K7K15","2","G","T","E","C","1","4","K","7","K","1","5",0,0,0,"000000000","00000000000",0,0,0,1,0,0,0,0,0,0,0,53,0,0,0,12,8,2,12,0,0,0,1,21,40291,6,1,0,0,3,0,69,175,2,0,0,0,0,8,2012,3,2014,0,0,0,0,0,1,2,55,4,2,2,1,0,0,14,62,16,2,1,51,"777777777777","777777777777","777777777777",0,0
21,210113,1,1,1,18,3,13,32,33,0,1,0,21,1,72,706,72706,80,2003,"1HD1CGP413K4","1","H","D","1","C","G","P","4","1","3","K","4",0,0,0,"000000000","00000000000",0,0,0,1,0,0,0,0,0,0,0,998,0,0,0,12,6,2,33,0,0,0,1,21,42749,6,1,0,0,3,0,64,172,0,0,0,0,0,0,0,0,0,9,0,0,0,0,1,2,35,3,2,2,1,40,3,14,6,98,1,4,1,"777777777777","777777777777","777777777777",1,1
21,210114,1,2,2,21,3,6,10,12,6,1,0,21,1,37,32,37032,4,2003,"1HGCM66523A0","1","H","G","C","M","6","6","5","2","3","A","0",0,0,0,"000000000","00000000000",0,0,0,1,0,0,0,0,0,0,0,998,0,0,0,81,6,2,12,0,0,0,1,21,42718,6,1,0,0,3,0,64,140,2,0,0,0,0,5,2012,9,2015,0,58,0,0,0,1,2,55,3,2,2,1,40,3,14,13,6,4,6,66,"777777777777","777777777777","777777777777",2,0
21,210114,2,2,1,21,3,6,10,12,6,1,0,21,1,20,20,20020,4,1998,"2G1WL52M8W91","2","G","1","W","L","5","2","M","8","W","9","1",0,0,0,"000000000","00000000000",0,0,0,1,0,0,0,0,0,0,0,998,0,0,0,12,6,2,12,0,0,0,1,21,42716,6,1,0,0,3,1,63,130,0,0,0,0,0,0,0,0,0,0,0,0,0,0,1,2,55,2,2,2,1,40,3,14,62,1,1,1,66,"777777777777","777777777777","777777777777",0,0
21,210115,1,2,1,23,3,14,11,12,2,1,0,21,1,20,481,20481,31,2001,"2GCEC19W3111","2","G","C","E","C","1","9","W","3","1","1","1",0,0,0,"000000000","00000000000",0,0,0,1,0,0,0,0,0,0,0,998,0,0,0,12,6,2,12,0,0,0,1,21,42038,6,1,0,0,3,0,70,170,1,0,0,0,0,7,2015,7,2015,0,28,0,0,0,1,2,55,1,2,2,1,40,3,1,10,1,1,2,50,"777777777777","777777777777","777777777777",1,0
21,210115,2,2,1,23,3,14,11,12,2,1,0,17,3,85,881,85881,66,2016,"1XKYD49X2GJ1","1","X","K","Y","D","4","9","X","2","G","J","1",1,1,57,"00214334","5700214334",3,6,1,1,0,0,0,0,0,0,0,998,0,0,0,12,4,3,12,0,0,0,1,17,62401,6,1,6,1,3,0,72,210,0,0,0,0,0,0,0,0,0,0,0,0,0,0,1,2,55,1,2,2,1,40,3,1,62,9,1,1,51,"888888888888","777777777777","777777777777",0,0
21,210116,1,3,1,23,3,14,17,12,2,1,0,21,1,35,39,35039,4,1997,"JN1CA21D3VM5","J","N","1","C","A","2","1","D","3","V","M","5",0,0,0,"000000000","00000000000",0,0,0,1,0,0,0,0,0,0,0,998,0,0,0,12,6,2,12,0,0,0,1,21,42410,6,1,0,0,3,1,69,155,0,0,0,1,0,12,2012,12,2012,3,6,51,0,0,2,2,55,2,2,2,1,40,3,14,54,16,2,1,52,"777777777777","777777777777","777777777777",1,0
21,210116,2,3,2,23,3,14,17,12,2,1,0,21,1,49,471,49471,30,1989,"JT4RN82P6K00","J","T","4","R","N","8","2","P","6","K","0","0",0,0,0,"000000000","00000000000",0,0,0,1,0,0,0,0,0,0,0,998,0,0,0,12,6,2,12,0,0,0,1,21,42408,6,1,0,0,3,1,72,200,0,0,0,0,0,0,0,0,0,0,0,0,0,0,2,2,55,2,2,2,1,40,3,14,54,98,1,1,52,"777777777777","777777777777","777777777777",1,0
21,210116,3,3,1,23,3,14,17,12,2,1,0,21,1,49,40,49040,4,2005,"4T1BE32K05U5","4","T","1","B","E","3","2","K","0","5","U","5",0,0,0,"000000000","00000000000",0,0,0,1,0,0,0,0,0,0,0,998,0,0,0,12,4,5,54,0,0,0,1,21,42431,6,1,0,0,3,0,67,255,0,0,0,0,0,0,0,0,0,0,0,0,0,0,2,2,55,2,2,2,1,40,3,14,98,15,2,3,98,"777777777777","777777777777","777777777777",0,0
21,210117,1,1,2,23,3,19,11,5,0,1,0,0,0,98,734,98734,90,1996,"888888888888","8","8","8","8","8","8","8","8","8","8","8","8",0,0,0,"000000000","00000000000",0,0,0,1,0,0,0,0,0,0,0,998,0,0,0,0,4,5,42,0,0,0,1,21,41736,6,1,0,0,3,0,67,145,0,0,0,0,0,0,0,0,0,4,58,0,0,0,1,2,35,3,1,2,1,0,0,14,12,7,1,4,0,"777777777777","777777777777","777777777777",1,0
21,210118,1,2,1,27,1,8,58,12,6,1,0,21,1,49,40,49040,4,2010,"4T1BF3EKXAU0","4","T","1","B","F","3","E","K","X","A","U","0",0,0,0,"000000000","00000000000",0,0,0,1,0,0,0,0,0,0,0,17,0,0,0,1,6,2,12,0,0,0,1,21,40601,6,1,0,0,3,1,66,162,1,1,0,0,0,7,2015,11,2015,0,39,6,0,0,2,5,45,1,1,1,1,3,3,11,15,1,1,1,68,"777777777777","777777777777","777777777777",1,0
21,210118,2,2,2,27,1,8,58,12,6,1,0,21,3,12,481,12481,31,2015,"1FT7W2AT1FEC","1","F","T","7","W","2","A","T","1","F","E","C",0,0,0,"000000000","00000000000",0,0,0,1,0,0,0,0,0,0,0,43,0,0,0,12,6,2,12,0,0,0,1,21,40503,6,1,0,0,3,0,65,195,1,0,0,0,0,10,2015,10,2015,0,0,0,0,0,2,4,45,1,1,1,1,3,3,1,62,1,1,1,69,"777777777777","777777777777","777777777777",0,0
21,210119,1,5,2,15,3,17,7,12,1,1,0,21,3,12,461,12461,21,1999,"1FBSS31LXXHC","1","F","B","S","S","3","1","L","X","X","H","C",0,0,77,"777777777","77777777777",2,20,22,1,0,0,0,0,98,98,0,998,0,0,0,12,6,2,12,0,0,0,1,21,40057,6,1,0,0,3,0,69,220,3,0,0,0,0,1,2012,2,2016,0,0,0,0,0,2,2,65,1,1,2,1,0,0,1,50,1,1,1,20,"777777777777","777777777777","777777777777",0,0
21,210119,2,5,1,15,3,17,7,12,1,1,0,21,1,49,32,49032,4,2011,"JTDBU4EEXB91","J","T","D","B","U","4","E","E","X","B","9","1",0,0,0,"000000000","00000000000",0,0,0,1,0,0,0,0,0,0,0,0,0,0,0,6,6,2,12,0,0,0,1,21,40014,6,1,0,0,3,1,68,160,1,1,1,0,0,8,2014,10,2014,0,0,0,0,0,2,2,65,1,1,2,1,0,0,5,53,1,1,1,21,"777777777777","777777777777","777777777777",0,0
21,210119,3,5,2,15,3,17,7,12,1,1,0,21,1,12,401,12401,14,1999,"1FMZU34E2XUA","1","F","M","Z","U","3","4","E","2","X","U","A",0,0,0,"000000000","00000000000",0,0,0,1,0,0,0,0,0,0,0,0,0,0,0,6,6,2,12,0,0,0,1,21,40014,6,1,6,0,3,0,66,170,0,0,0,0,0,0,0,0,0,0,0,0,0,0,2,2,65,1,1,2,1,0,0,5,53,1,1,1,98,"777777777777","777777777777","777777777777",1,0
21,210119,4,5,1,15,3,17,7,12,1,1,0,21,1,12,481,12481,31,2015,"1FT8W3DT6FEC","1","F","T","8","W","3","D","T","6","F","E","C",0,0,0,"000000000","00000000000",0,0,0,1,0,0,0,0,0,0,0,0,0,0,0,6,4,5,12,0,0,0,1,21,40291,6,1,0,0,3,0,63,150,0,0,0,0,0,0,0,0,0,0,0,0,0,0,2,2,65,1,1,2,1,0,0,5,98,1,1,1,98,"777777777777","777777777777","777777777777",0,0
21,210119,5,5,1,15,3,17,7,12,1,1,0,21,3,12,462,12462,21,2016,"1FTBW2ZG8GKA","1","F","T","B","W","2","Z","G","8","G","K","A",0,0,0,"000000000","00000000000",0,0,0,1,0,0,0,0,0,0,0,0,0,0,0,6,2,5,12,0,0,0,1,21,40065,6,1,0,0,3,0,72,200,0,0,0,0,0,0,0,0,0,0,0,0,0,0,2,2,65,1,1,2,1,0,0,5,98,1,1,1,98,"777777777777","777777777777","777777777777",0,0
21,210120,1,2,1,22,3,17,53,1,0,1,0,21,2,76,706,76706,80,1998,"JYARN02E0WA0","J","Y","A","R","N","0","2","E","0","W","A","0",0,0,0,"000000000","00000000000",0,0,0,1,0,0,0,0,0,0,0,998,0,0,0,0,6,2,12,0,0,0,1,21,40218,0,0,0,0,0,0,999,999,99,99,99,99,99,99,9999,99,9999,3,0,0,0,0,1,2,35,1,1,2,1,0,0,1,6,15,2,1,98,"777777777777","777777777777","777777777777",1,0
21,210120,2,2,3,22,3,17,53,1,0,1,0,21,1,63,37,63037,6,2015,"KNDJN2A20F77","K","N","D","J","N","2","A","2","0","F","7","7",0,0,0,"000000000","00000000000",0,0,0,1,0,0,0,0,0,0,0,998,0,0,0,62,4,3,12,0,0,0,1,21,40214,6,1,0,0,3,0,68,185,0,0,0,0,0,0,0,0,0,0,0,0,0,0,1,2,35,1,1,2,1,0,0,12,21,1,1,1,98,"777777777777","777777777777","777777777777",0,0
21,210121,1,2,2,24,3,7,0,12,1,1,0,21,2,52,34,52034,4,2001,"4A3AA46G31E2","4","A","3","A","A","4","6","G","3","1","E","2",0,0,0,"000000000","00000000000",0,0,0,1,0,0,0,0,0,0,0,998,0,0,0,6,6,2,12,0,0,0,1,21,40505,6,1,0,0,3,0,70,185,0,1,0,1,1,11,2014,2,2015,0,99,99,99,99,2,2,70,1,1,2,1,0,0,16,53,1,1,1,32,"777777777777","777777777777","777777777777",1,0
21,210121,2,2,1,24,3,7,0,12,1,1,0,19,3,82,881,82881,66,2016,"3AKJGLD53GSH","3","A","K","J","G","L","D","5","3","G","S","H",1,1,57,"00134697","5700134697",3,6,1,1,0,0,0,0,0,0,0,998,7,9,5,12,6,2,12,0,0,0,1,47,37801,6,1,6,0,3,1,66,205,0,0,0,0,0,0,0,0,0,0,0,0,0,0,2,2,70,1,1,2,1,0,0,1,64,16,1,1,32,"888888888888","777777777777","777777777777",0,0
21,210122,1,1,1,24,3,13,9,52,0,1,0,21,1,19,3,19003,4,1996,"1G6DW52P5TR7","1","G","6","D","W","5","2","P","5","T","R","7",0,0,0,"000000000","00000000000",0,0,0,1,0,0,0,0,0,0,0,998,0,0,0,98,6,2,42,0,0,0,1,21,41171,6,1,0,0,3,1,74,315,0,0,0,0,0,0,0,0,0,0,58,0,0,0,1,2,55,3,2,2,1,40,3,14,9,16,2,4,7,"777777777777","777777777777","777777777777",1,0
21,210123,1,3,1,24,3,14,35,12,8,1,1,21,3,87,881,87881,66,2012,"1XPXD40XXCD1","1","X","P","X","D","4","0","X","X","C","D","1",1,1,57,"00942833","5700942833",3,6,4,1,0,0,0,0,0,0,0,998,7,0,0,62,6,2,12,0,0,0,1,51,24277,1,1,1,0,2,0,70,999,0,2,1,0,2,6,2011,5,2012,0,28,0,0,0,1,3,55,4,2,2,1,40,3,14,10,16,2,2,64,"888888888888","777777777777","777777777777",0,0
21,210123,2,3,4,24,3,14,35,12,8,1,0,21,1,12,471,12471,30,1996,"1FTCR15X4TPA","1","F","T","C","R","1","5","X","4","T","P","A",0,0,0,"000000000","00000000000",0,0,0,1,0,0,0,0,0,0,0,998,0,1,1,61,6,2,12,0,0,0,1,21,40902,6,1,0,0,3,0,71,169,0,0,0,1,1,11,2015,12,2015,0,0,0,0,0,1,3,55,4,2,2,1,40,3,14,62,98,1,1,65,"777777777777","777777777777","777777777777",0,0
21,210123,3,3,2,24,3,14,35,12,8,1,0,47,2,35,39,35039,4,2010,"1N4AA5APXAC8","1","N","4","A","A","5","A","P","X","A","C","8",0,0,0,"000000000","00000000000",0,0,0,1,0,0,0,0,0,0,0,998,0,1,9,62,6,2,12,0,0,0,1,21,40819,6,1,0,0,3,0,65,168,0,0,0,0,0,0,0,0,0,0,0,0,0,0,1,3,55,4,2,2,1,40,3,14,62,98,1,1,98,"777777777777","777777777777","777777777777",2,0
21,210124,1,1,1,18,3,20,20,42,0,1,0,21,1,72,706,72706,80,1997,"1HD1GHL15VY3","1","H","D","1","G","H","L","1","5","V","Y","3",0,0,0,"000000000","00000000000",0,0,0,1,0,0,0,0,0,0,0,53,0,0,0,12,6,2,42,0,0,0,1,21,42020,6,1,0,0,3,0,73,165,0,0,0,0,1,5,2013,5,2013,3,0,0,0,0,1,2,55,2,3,2,1,40,3,14,6,1,1,4,6,"777777777777","777777777777","777777777777",1,1
21,210125,1,1,1,25,3,2,51,33,0,1,0,21,1,37,31,37031,4,2001,"1HGES26711L0","1","H","G","E","S","2","6","7","1","1","L","0",0,0,0,"000000000","00000000000",0,0,0,1,0,0,0,0,0,0,0,998,0,1,6,98,6,2,1,0,0,0,1,21,40212,6,1,0,0,3,0,74,145,0,0,0,0,0,0,0,0,0,3,0,0,0,0,1,2,35,3,1,2,1,0,0,14,6,1,4,4,2,"777777777777","777777777777","777777777777",1,1
21,210126,1,1,2,21,3,22,39,1,0,1,0,21,1,7,442,7442,20,2000,"1B4GP44GXYB7","1","B","4","G","P","4","4","G","X","Y","B","7",0,0,0,"000000000","00000000000",0,0,0,1,0,0,0,0,0,0,0,998,0,9,5,0,6,2,99,0,0,0,1,21,42044,6,1,0,0,3,0,71,145,1,0,0,1,0,5,2014,11,2014,0,6,0,0,0,1,2,55,3,2,2,1,0,0,14,13,1,1,4,4,"777777777777","777777777777","777777777777",1,1
21,210127,1,1,2,3,3,19,31,24,0,1,0,21,1,23,481,23481,31,1995,"2GTEK19K7S15","2","G","T","E","K","1","9","K","7","S","1","5",0,0,0,"000000000","00000000000",0,0,0,1,0,0,0,0,0,0,0,998,0,0,0,81,6,2,35,0,0,0,1,21,40741,6,1,0,0,3,0,74,170,0,2,0,0,2,10,2013,9,2014,0,87,0,0,0,1,3,55,3,2,2,2,40,3,14,6,16,2,4,2,"777777777777","777777777777","777777777777",1,0
21,210128,1,2,1,3,3,18,47,12,2,1,0,21,1,49,40,49040,4,2013,"4T1BK1FK5DU5","4","T","1","B","K","1","F","K","5","D","U","5",0,0,0,"000000000","00000000000",0,0,0,1,0,0,0,0,0,0,0,998,0,0,0,12,6,2,12,0,0,0,1,21,41076,6,1,0,0,3,0,60,120,0,0,0,0,0,0,0,0,0,0,28,0,0,0,5,5,45,4,2,2,2,0,0,14,10,1,1,2,50,"777777777777","777777777777","777777777777",0,1
21,210128,2,2,2,3,3,18,47,12,2,1,0,21,1,22,32,22032,6,2003,"5Y2SL62893Z4","5","Y","2","S","L","6","2","8","9","3","Z","4",0,0,0,"000000000","00000000000",0,0,0,1,0,0,0,0,0,0,0,998,0,0,0,12,6,2,12,0,0,0,1,21,41001,6,1,0,0,3,1,60,115,1,0,0,2,0,2,2013,4,2013,0,0,0,0,0,5,5,45,4,2,2,2,0,0,14,62,1,1,1,51,"777777777777","777777777777","777777777777",2,0
21,210129,1,2,1,30,3,15,57,12,2,1,0,13,1,2,404,2404,14,2004,"1J8GW68JX4C2","1","J","8","G","W","6","8","J","X","4","C","2",0,0,0,"000000000","00000000000",0,0,0,1,0,0,0,0,0,0,0,998,0,0,0,12,6,2,12,0,0,0,1,13,30528,6,1,0,0,3,1,74,185,98,0,0,0,1,4,2015,4,2015,0,28,0,0,0,1,4,55,1,1,2,1,40,3,1,10,1,1,2,50,"777777777777","777777777777","777777777777",0,0
21,210129,2,2,1,30,3,15,57,12,2,1,0,21,1,23,481,23481,31,1995,"1GTEC14Z1SZ5","1","G","T","E","C","1","4","Z","1","S","Z","5",0,0,0,"000000000","00000000000",0,0,0,1,0,0,0,0,0,0,0,998,0,0,0,12,6,2,12,0,0,0,1,21,40383,6,1,0,0,3,1,66,165,0,0,0,0,0,0,0,0,0,0,0,0,0,0,1,4,55,1,1,2,1,40,3,1,62,1,1,1,51,"777777777777","777777777777","777777777777",1,0
21,210130,1,1,1,29,3,21,42,8,0,1,0,21,1,20,481,20481,31,2000,"2GCEK19T8Y12","2","G","C","E","K","1","9","T","8","Y","1","2",0,0,0,"000000000","00000000000",0,0,0,1,0,0,0,0,0,0,0,47,0,0,0,12,4,3,8,0,0,0,1,21,40324,6,1,0,0,3,0,68,160,0,0,0,0,0,0,0,0,0,0,86,0,0,0,1,2,55,1,1,2,1,0,0,1,80,6,1,1,13,"777777777777","777777777777","777777777777",0,0
21,210131,1,1,1,27,3,20,52,34,0,1,0,21,1,63,37,63037,6,2012,"KNDJT2A60C74","K","N","D","J","T","2","A","6","0","C","7","4",0,0,0,"000000000","00000000000",0,0,0,1,0,0,0,0,0,0,0,998,0,1,5,61,6,2,34,0,0,0,1,21,41548,6,1,0,0,3,0,67,155,0,0,0,0,0,0,0,0,0,0,0,0,0,0,1,2,45,1,1,2,1,0,0,1,12,1,1,4,6,"777777777777","777777777777","777777777777",1,0
21,210132,1,1,1,31,3,19,0,35,0,1,0,21,2,20,7,20007,10,1974,"1W80U8K41451","1","W","8","0","U","8","K","4","1","4","5","1",0,0,0,"000000000","00000000000",0,0,0,1,0,0,0,0,0,0,0,65,0,1,5,98,6,2,1,0,0,0,1,21,42217,6,1,0,0,3,0,69,190,3,0,0,0,0,10,2011,2,2016,3,58,0,0,0,1,2,55,1,1,2,2,40,3,1,13,1,1,4,1,"777777777777","777777777777","777777777777",1,0
21,210133,1,1,1,18,3,20,7,42,0,1,0,21,1,20,37,20037,4,1998,"1G1NE52M6WY1","1","G","1","N","E","5","2","M","6","W","Y","1",0,0,0,"000000000","00000000000",0,0,0,1,0,0,0,0,0,0,0,998,0,0,0,12,6,2,2,0,0,1,1,21,40955,6,1,0,0,3,0,62,102,0,0,0,0,0,0,0,0,0,0,0,0,0,0,1,2,55,1,1,2,1,0,0,1,13,1,1,4,1,"777777777777","777777777777","777777777777",1,1
21,210134,1,1,1,28,3,14,7,58,0,1,0,21,1,53,706,53706,80,2005,"JS1GT76A8521","J","S","1","G","T","7","6","A","8","5","2","1",0,0,0,"000000000","00000000000",0,0,0,1,0,0,0,0,0,0,0,60,0,0,0,12,6,2,30,0,0,0,1,21,42501,6,1,0,0,3,0,69,172,2,0,0,0,0,1,2012,5,2012,0,0,0,0,0,1,2,35,3,2,2,1,0,0,14,6,98,1,4,1,"777777777777","777777777777","777777777777",1,0
21,210135,1,1,1,29,3,8,42,10,0,1,0,21,2,6,41,6041,4,1997,"2C3HD56F6VH7","2","C","3","H","D","5","6","F","6","V","H","7",0,0,0,"000000000","00000000000",0,0,0,1,0,0,0,0,0,0,0,998,0,1,9,81,6,2,10,0,0,0,1,21,40047,6,1,0,0,3,1,66,131,0,0,0,0,0,0,0,0,0,0,38,0,0,0,1,2,35,1,1,1,1,65,3,1,98,1,1,1,15,"777777777777","777777777777","777777777777",1,0
21,210136,1,1,4,30,3,16,49,8,0,1,0,21,0,20,403,20403,14,2005,"1GNET16S3561","1","G","N","E","T","1","6","S","3","5","6","1",0,0,0,"000000000","00000000000",0,0,0,1,0,0,0,0,0,0,0,998,0,0,0,12,4,3,8,0,0,0,1,21,42101,6,1,0,0,3,0,67,170,0,0,0,1,0,4,2013,4,2013,0,0,0,0,0,1,4,35,1,1,2,1,4,3,1,80,1,1,1,13,"777777777777","777777777777","777777777777",0,0
21,210137,1,2,1,15,3,20,0,24,0,1,0,21,1,72,706,72706,80,2005,"1HD1FYW135Y6","1","H","D","1","F","Y","W","1","3","5","Y","6",0,0,0,"000000000","00000000000",0,0,0,1,0,0,0,0,0,0,0,998,0,0,0,12,4,5,99,0,0,0,1,21,41843,6,1,0,0,3,0,71,300,0,0,0,0,0,0,0,0,0,0,0,0,0,0,3,2,55,2,1,2,1,0,0,14,12,1,1,4,6,"777777777777","777777777777","777777777777",1,0
21,210137,2,2,1,15,3,20,0,24,0,1,0,21,1,2,403,2403,14,2010,"1J4AA2D17AL1","1","J","4","A","A","2","D","1","7","A","L","1",0,0,0,"000000000","00000000000",0,0,0,1,0,0,0,0,0,0,0,998,0,0,0,5,2,5,12,0,0,0,1,21,41777,6,1,0,0,3,0,62,110,0,0,0,0,0,0,0,0,0,0,0,0,0,0,3,2,55,3,1,2,1,0,0,14,64,6,1,1,98,"777777777777","777777777777","777777777777",0,0
21,210138,1,4,1,15,3,16,29,12,7,1,0,18,3,84,881,84881,63,1997,"2HTFHAMR7VC0","2","H","T","F","H","A","M","R","7","V","C","0",5,2,57,"00063391","5700063391",3,4,12,1,0,0,0,0,0,0,0,53,0,0,0,9,6,2,12,0,0,0,1,39,45171,6,1,6,0,3,0,73,280,0,0,0,0,0,0,0,0,0,0,35,58,0,0,3,3,65,1,2,1,1,0,0,2,8,8,9,2,47,"777777777777","777777777777","777777777777",0,0