"STATE","ST_CASE","VEH_NO","VE_FORMS","NUMOCCS","DAY","MONTH","HOUR","MINUTE","HARM_EV","MAN_COLL","UNITTYPE","HIT_RUN","REG_STAT","OWNER","MAKE","MODEL","MAK_MOD","BODY_TYP","MOD_YEAR","VIN","VIN_1","VIN_2","VIN_3","VIN_4","VIN_5","VIN_6","VIN_7","VIN_8","VIN_9","VIN_10","VIN_11","VIN_12","TOW_VEH","J_KNIFE","MCARR_I1","MCARR_I2","MCARR_ID","GVWR","V_CONFIG","CARGO_BT","HAZ_INV","HAZ_PLAC","HAZ_ID","HAZ_CNO","HAZ_REL","BUS_USE","SPEC_USE","EMER_USE","TRAV_SP","UNDERIDE","ROLLOVER","ROLINLOC","IMPACT1","DEFORMED","TOWED","M_HARM","VEH_SC1","VEH_SC2","FIRE_EXP","DR_PRES","L_STATE","DR_ZIP","L_STATUS","L_TYPE","CDL_STAT","L_ENDORS","L_COMPL","L_RESTRI","DR_HGT","DR_WGT","PREV_ACC","PREV_SUS","PREV_DWI","PREV_SPD","PREV_OTH","FIRST_MO","FIRST_YR","LAST_MO","LAST_YR","SPEEDREL","DR_SF1","DR_SF2","DR_SF3","DR_SF4","VTRAFWAY","VNUM_LAN","VSPD_LIM","VALIGN","VPROFILE","VPAVETYP","VSURCOND","VTRAFCON","VTCONT_F","P_CRASH1","P_CRASH2","P_CRASH3","PCRASH4","PCRASH5","ACC_TYPE","TRLR1VIN","TRLR2VIN","TRLR3VIN","DEATHS","DR_DRINK"
21,210138,2,4,2,15,3,16,29,12,7,1,0,39,2,20,2,20002,4,2010,"2G1WB5EK4A12","2","G","1","W","B","5","E","K","4","A","1","2",0,0,0,"000000000","00000000000",0,0,0,1,0,0,0,0,0,0,0,18,0,0,0,81,6,2,12,0,0,0,1,39,45693,6,1,0,0,3,0,66,102,0,0,0,1,0,4,2012,4,2012,0,0,0,0,0,3,3,65,1,2,1,1,0,0,2,60,16,1,1,45,"777777777777","777777777777","777777777777",0,0
21,210138,3,4,1,15,3,16,29,12,7,1,0,39,1,63,34,63034,4,2015,"5XXGN4A70FG4","5","X","X","G","N","4","A","7","0","F","G","4",0,0,0,"000000000","00000000000",0,0,0,1,0,0,0,0,0,0,0,18,0,0,0,83,6,2,23,0,0,0,1,39,45106,6,1,0,0,3,0,63,113,5,0,0,3,6,5,2011,6,2015,0,0,0,0,0,3,3,65,1,2,1,1,0,0,2,99,16,1,1,98,"777777777777","777777777777","777777777777",0,0
21,210138,4,4,1,15,3,16,29,12,7,1,0,39,1,22,20,22020,4,2008,"2G2WP5527811","2","G","2","W","P","5","5","2","7","8","1","1",0,0,0,"000000000","00000000000",0,0,0,1,0,0,0,0,0,0,0,17,0,0,0,61,6,2,12,0,0,0,1,39,45150,6,1,0,0,3,0,70,230,1,0,0,0,1,8,2013,8,2013,0,0,0,0,0,3,3,65,1,2,1,1,0,0,2,61,1,1,1,98,"777777777777","777777777777","777777777777",1,0
21,210139,1,1,2,5,1,6,20,42,0,1,0,21,1,37,31,37031,4,2005,"1HGES16305L0","1","H","G","E","S","1","6","3","0","5","L","0",0,0,0,"000000000","00000000000",0,0,0,1,0,0,0,0,0,0,0,998,0,0,0,83,6,2,42,0,0,0,1,21,42784,6,1,0,0,3,0,73,210,0,0,0,0,0,0,0,0,0,0,58,0,0,0,1,2,55,3,2,2,1,40,3,14,87,7,1,4,3,"777777777777","777777777777","777777777777",1,0
21,210140,1,2,2,1,4,20,33,12,6,1,0,21,1,22,22,22022,4,2009,"1G2ZH57N5941","1","G","2","Z","H","5","7","N","5","9","4","1",0,0,0,"000000000","00000000000",0,0,0,1,0,0,0,0,0,0,0,998,0,0,0,81,6,2,12,0,0,0,1,21,41301,1,1,0,0,2,1,66,150,0,1,0,0,0,1,2014,1,2014,0,28,0,0,0,1,2,55,1,1,2,1,0,0,99,10,98,4,2,66,"777777777777","777777777777","777777777777",1,1
21,210140,2,2,2,1,4,20,33,12,6,1,0,21,1,20,481,20481,31,1999,"1GCEC14V6XZ1","1","G","C","E","C","1","4","V","6","X","Z","1",0,0,0,"000000000","00000000000",0,0,0,1,0,0,0,0,0,0,0,998,0,0,0,12,6,2,12,0,0,0,1,21,41301,6,1,0,0,3,1,70,180,0,0,0,0,0,0,0,0,0,0,0,0,0,0,1,2,55,1,1,2,1,0,0,1,62,98,1,1,66,"777777777777","777777777777","777777777777",0,0
21,210141,1,1,2,2,4,9,28,58,0,1,0,21,1,49,33,49033,3,2001,"JTDDY32TX100","J","T","D","D","Y","3","2","T","X","1","0","0",0,0,0,"000000000","00000000000",0,0,0,1,0,0,0,0,0,0,0,998,0,1,5,14,6,2,1,0,0,0,1,21,42501,6,1,0,0,3,0,71,262,0,0,0,0,0,0,0,0,0,3,6,58,0,0,1,2,35,1,3,2,1,0,0,1,6,1,1,1,98,"777777777777","777777777777","777777777777",1,1
21,210142,1,1,1,3,4,7,38,42,0,1,0,21,1,20,36,20036,2,2004,"2G1WX12K2494","2","G","1","W","X","1","2","K","2","4","9","4",0,0,0,"000000000","00000000000",0,0,0,1,0,0,0,0,0,0,0,998,0,0,0,62,6,2,42,0,0,1,1,21,41168,6,1,0,0,3,1,61,105,0,0,0,1,0,7,2015,7,2015,0,0,0,0,0,1,2,35,2,1,2,1,0,0,14,12,1,1,4,6,"777777777777","777777777777","777777777777",1,0
21,210143,1,1,2,3,4,23,3,1,0,1,0,21,1,2,404,2404,14,2002,"1J4GW48S42C2","1","J","4","G","W","4","8","S","4","2","C","2",0,0,0,"000000000","00000000000",0,0,0,1,0,0,0,0,0,0,0,55,0,1,5,0,6,2,30,0,0,0,1,21,41042,6,1,0,0,3,1,68,135,0,0,0,0,0,0,0,0,0,0,0,0,0,0,1,2,55,3,1,2,1,40,3,14,13,6,1,4,1,"777777777777","777777777777","777777777777",1,0
21,210144,1,1,2,3,4,18,35,42,0,1,0,21,2,12,3,12003,2,2015,"1FA6P8TH3F53","1","F","A","6","P","8","T","H","3","F","5","3",0,0,0,"000000000","00000000000",0,0,0,1,0,0,0,0,0,0,0,65,0,9,5,81,6,2,1,0,0,0,1,21,40475,6,1,0,0,3,0,73,170,0,0,0,0,0,0,0,0,0,4,0,0,0,0,1,2,35,3,3,2,1,40,3,14,6,16,2,4,2,"777777777777","777777777777","777777777777",1,1
21,210145,1,1,1,5,4,5,15,52,0,1,0,21,1,20,481,20481,31,1996,"1GCEK19R0TE1","1","G","C","E","K","1","9","R","0","T","E","1",0,0,0,"000000000","00000000000",0,0,0,1,0,0,0,0,0,0,0,998,0,9,1,12,6,2,52,0,0,0,1,21,40071,6,1,0,0,3,0,72,216,0,0,0,0,0,0,0,0,0,0,0,0,0,0,3,2,55,1,1,2,1,0,0,1,13,98,1,4,1,"777777777777","777777777777","777777777777",1,0
21,210146,1,1,2,4,4,18,5,14,0,1,0,21,2,49,40,49040,4,2000,"4T1BF22K3YU9","4","T","1","B","F","2","2","K","3","Y","U","9",0,0,0,"000000000","00000000000",0,0,0,1,0,0,0,0,0,0,0,998,0,0,0,81,6,2,14,0,0,0,1,21,40324,6,1,0,0,3,0,69,165,0,1,0,1,0,6,2012,11,2012,0,0,0,0,0,2,2,45,1,2,2,1,40,3,99,9,98,9,4,7,"777777777777","777777777777","777777777777",1,0
21,210147,1,1,1,4,4,17,19,34,0,1,0,21,1,37,402,37402,14,2002,"JHLRD78822C0","J","H","L","R","D","7","8","8","2","2","C","0",0,0,0,"000000000","00000000000",0,0,0,1,0,0,0,0,0,0,0,998,0,1,5,12,6,2,34,0,0,0,1,21,42544,6,1,0,0,3,0,67,180,0,0,0,0,0,0,0,0,0,0,0,0,0,0,1,2,35,3,2,2,1,0,0,14,13,1,1,4,1,"777777777777","777777777777","777777777777",1,1
21,210148,1,1,1,6,4,9,56,33,0,1,0,21,1,20,2,20002,4,2007,"2G1WT58N3792","2","G","1","W","T","5","8","N","3","7","9","2",0,0,0,"000000000","00000000000",0,0,0,1,0,0,0,0,0,0,0,998,0,0,0,12,6,2,42,0,0,0,1,21,40508,6,1,0,0,3,0,70,235,2,0,0,0,0,10,2014,2,2016,0,0,0,0,0,2,2,35,1,1,2,1,0,0,1,12,1,1,4,6,"777777777777","777777777777","777777777777",1,0
21,210149,1,2,1,6,4,17,45,12,8,1,0,21,2,20,481,20481,31,2004,"1GCHC29U74E3","1","G","C","H","C","2","9","U","7","4","E","3",0,0,0,"000000000","00000000000",0,0,0,1,0,0,0,0,0,0,0,998,1,0,0,61,6,2,12,0,0,1,1,29,63834,6,1,0,0,3,0,75,281,0,0,0,0,0,0,0,0,0,0,28,0,0,0,1,3,55,4,2,2,2,40,3,14,10,1,1,2,64,"777777777777","777777777777","777777777777",1,0
21,210149,2,2,1,6,4,17,45,12,8,1,0,21,3,82,881,82881,66,2012,"1FVXFB005CDB","1","F","V","X","F","B","0","0","5","C","D","B",1,1,57,"00531539","5700531539",3,6,3,1,0,0,0,0,0,0,0,998,0,0,0,63,6,2,12,0,0,0,1,21,42411,6,1,6,0,3,1,67,180,0,0,0,1,0,1,2015,1,2015,0,0,0,0,0,1,3,55,4,2,2,2,40,3,14,62,7,1,1,65,"888888888888","777777777777","777777777777",0,0
21,210150,1,2,1,8,4,14,41,12,6,1,0,21,1,59,32,59032,4,2010,"JTHBL5EFXA50","J","T","H","B","L","5","E","F","X","A","5","0",0,0,0,"000000000","00000000000",0,0,0,1,0,0,0,0,0,0,0,998,0,0,0,61,6,2,12,0,0,0,1,21,40515,6,1,0,0,3,1,77,252,0,0,0,0,0,0,0,0,0,0,39,0,0,0,1,2,98,8,8,8,98,20,3,1,19,1,1,1,84,"777777777777","777777777777","777777777777",1,0
21,210150,2,2,1,8,4,14,41,12,6,1,0,21,1,7,482,7482,31,2015,"3C6UR5CJ3FG6","3","C","6","U","R","5","C","J","3","F","G","6",0,0,0,"000000000","00000000000",0,0,0,1,0,0,0,0,0,0,0,998,0,0,0,12,6,2,12,0,0,0,1,21,40391,6,1,0,0,3,0,69,249,1,0,0,0,0,11,2015,11,2015,0,0,0,0,0,1,2,55,1,1,2,1,0,0,1,68,6,1,1,84,"777777777777","777777777777","777777777777",0,0
21,210151,1,2,1,9,4,22,7,12,1,1,0,42,1,55,33,55033,4,2002,"KMHWF35H42A6","K","M","H","W","F","3","5","H","4","2","A","6",0,0,0,"000000000","00000000000",0,0,0,1,0,0,0,0,0,0,0,998,0,0,0,12,6,2,12,0,0,0,1,42,15301,6,1,0,0,3,1,69,999,0,0,0,0,0,0,0,0,0,0,6,0,0,0,3,4,55,1,1,2,1,0,0,1,50,1,1,1,20,"777777777777","777777777777","777777777777",0,1
21,210151,2,2,4,9,4,22,7,12,1,1,0,21,2,55,33,55033,4,2002,"KMHWF35H32A6","K","M","H","W","F","3","5","H","3","2","A","6",0,0,0,"000000000","00000000000",0,0,0,1,0,0,0,0,0,0,0,0,0,0,0,6,6,2,12,0,0,1,1,21,40601,6,1,0,0,3,0,71,185,0,1,0,0,0,3,2014,3,2014,0,0,0,0,0,3,4,55,1,1,2,1,0,0,7,53,1,1,1,21,"777777777777","777777777777","777777777777",3,0
21,210152,1,2,1,11,4,7,35,12,2,1,0,21,1,12,401,12401,14,2002,"1FMZU73W52ZC","1","F","M","Z","U","7","3","W","5","2","Z","C",0,0,0,"000000000","00000000000",0,0,0,1,0,0,0,0,0,0,0,998,0,1,1,12,6,2,12,0,0,0,1,21,41042,6,7,0,0,3,0,62,98,0,0,0,0,0,0,0,0,0,0,28,0,0,0,1,2,55,1,2,2,1,0,0,1,10,6,1,2,50,"777777777777","777777777777","777777777777",0,0
21,210152,2,2,2,11,4,7,35,12,2,1,0,21,1,63,33,63033,4,2007,"KNAFE1219754","K","N","A","F","E","1","2","1","9","7","5","4",0,0,0,"000000000","00000000000",0,0,0,1,0,0,0,0,0,0,0,998,0,0,0,12,6,2,12,0,0,0,1,21,40045,6,1,0,0,3,0,61,138,0,0,0,1,0,4,2012,4,2012,0,0,0,0,0,1,2,55,1,2,2,1,0,0,1,62,1,1,1,51,"777777777777","777777777777","777777777777",1,0
21,210153,1,2,1,11,4,14,18,12,2,1,0,21,1,20,32,20032,5,2001,"1Y1SK52871Z4","1","Y","1","S","K","5","2","8","7","1","Z","4",0,0,0,"000000000","00000000000",0,0,0,1,0,0,0,0,0,0,0,998,0,0,0,12,6,2,12,0,0,0,1,21,41224,6,1,0,0,3,0,71,210,0,0,0,0,0,0,0,0,0,0,28,0,0,0,1,2,55,1,1,2,1,40,3,1,10,1,1,2,50,"777777777777","777777777777","777777777777",1,0
21,210153,2,2,1,11,4,14,18,12,2,1,0,21,1,23,481,23481,31,2002,"1GTEC14W12Z1","1","G","T","E","C","1","4","W","1","2","Z","1",0,0,0,"000000000","00000000000",0,0,0,1,0,0,0,0,0,0,0,998,0,0,0,12,6,2,12,0,0,0,1,21,41224,6,1,0,0,3,1,63,125,0,0,0,0,0,0,0,0,0,0,0,0,0,0,1,2,55,1,1,2,1,40,3,1,62,1,1,1,51,"777777777777","777777777777","777777777777",0,0
21,210154,1,1,3,2,4,16,22,8,0,1,0,21,2,38,405,38405,14,2002,"4S2CE58X2246","4","S","2","C","E","5","8","X","2","2","4","6",0,0,0,"000000000","00000000000",0,0,0,1,0,0,0,0,0,0,0,27,0,0,0,12,4,3,8,0,0,0,1,21,40210,0,0,0,0,0,0,64,125,0,0,0,0,0,0,0,0,0,0,0,0,0,0,1,2,35,1,1,2,1,0,0,1,80,1,1,1,13,"777777777777","777777777777","777777777777",0,0
21,210155,1,1,1,12,4,2,33,53,0,1,0,21,2,12,401,12401,14,2003,"1FMZU73K83ZA","1","F","M","Z","U","7","3","K","8","3","Z","A",0,0,0,"000000000","00000000000",0,0,0,1,0,0,0,0,0,0,0,998,0,0,0,61,6,2,42,0,0,0,1,21,40403,6,1,0,0,3,1,69,220,0,1,1,0,0,9,2012,9,2012,4,87,0,0,0,1,2,45,1,1,2,2,0,0,1,6,15,3,4,2,"777777777777","777777777777","777777777777",1,1
21,210156,1,3,1,12,4,4,0,1,0,1,0,17,3,82,881,82881,66,2011,"1FUJGLDR5BSB","1","F","U","J","G","L","D","R","5","B","S","B",1,1,57,"02145070","5702145070",3,6,1,1,0,0,0,0,0,0,0,998,0,9,3,0,6,2,12,0,0,0,1,22,70129,6,1,6,0,3,0,72,240,0,0,0,1,0,8,2015,8,2015,0,58,0,0,0,2,2,70,1,2,2,1,0,0,1,9,98,4,4,10,"888888888888","777777777777","777777777777",0,0
21,210156,2,3,2,12,4,4,0,1,0,1,0,21,3,51,45,51045,4,2000,"YV1TS94D3Y10","Y","V","1","T","S","9","4","D","3","Y","1","0",0,0,0,"000000000","00000000000",0,0,0,1,0,0,0,0,0,0,0,998,0,0,0,12,6,2,12,0,0,1,1,21,41008,6,1,0,0,3,1,68,156,1,1,0,0,0,9,2011,9,2012,0,0,0,0,0,2,2,70,1,2,2,1,0,0,1,62,1,1,1,98,"777777777777","777777777777","777777777777",2,0
21,210156,3,3,1,12,4,4,0,1,0,1,0,21,2,37,32,37032,4,2001,"1HGCG554X1A0","1","H","G","C","G","5","5","4","X","1","A","0",0,0,0,"000000000","00000000000",0,0,0,1,0,0,0,0,0,0,0,998,0,0,0,12,6,2,12,0,0,0,1,21,41008,6,1,0,0,3,1,71,220,1,0,0,0,0,5,2011,5,2011,0,0,0,0,0,2,2,70,1,2,2,1,0,0,1,62,16,2,1,98,"777777777777","777777777777","777777777777",0,0
21,210157,1,1,1,11,4,21,40,8,0,1,0,21,3,12,481,12481,40,2008,"3FRNF65B28V6","3","F","R","N","F","6","5","B","2","8","V","6",0,0,57,"01492517","5701492517",2,1,3,1,0,0,0,0,0,0,0,33,0,0,0,12,4,3,8,0,0,0,1,21,41018,6,1,0,0,3,1,73,170,0,0,0,1,1,11,2014,1,2016,0,0,0,0,0,1,2,35,4,2,2,2,0,0,14,80,16,2,1,13,"777777777777","777777777777","777777777777",0,0
21,210158,1,2,1,13,4,17,45,12,6,1,0,21,1,73,703,73703,80,2012,"JKAEXMJ10CDA","J","K","A","E","X","M","J","1","0","C","D","A",0,0,0,"000000000","00000000000",0,0,0,1,0,0,0,0,0,0,0,998,0,0,0,12,6,2,12,0,0,0,1,21,40214,6,7,0,0,3,1,70,150,2,0,0,0,0,11,2012,5,2013,0,28,0,0,0,1,2,98,8,8,8,98,97,8,10,16,1,1,2,80,"777777777777","777777777777","777777777777",1,0
21,210158,2,2,1,13,4,17,45,12,6,1,0,21,1,12,473,12473,30,2001,"1FMZU67E01UA","1","F","M","Z","U","6","7","E","0","1","U","A",0,0,0,"000000000","00000000000",0,0,0,1,0,0,0,0,0,0,0,998,0,0,0,62,4,5,12,0,0,0,1,21,40217,6,1,0,0,3,1,71,175,1,0,0,0,0,5,2015,5,2015,0,0,0,0,0,1,4,35,1,1,2,1,0,0,1,62,16,2,1,81,"777777777777","777777777777","777777777777",0,0
21,210159,1,1,1,15,4,11,35,9,0,1,0,21,1,12,481,12481,31,2003,"1FTSW31F73EA","1","F","T","S","W","3","1","F","7","3","E","A",1,1,0,"000000000","00000000000",0,0,0,1,0,0,0,0,0,0,0,7,0,0,0,12,9,3,9,0,0,0,1,21,40229,6,1,0,0,3,0,71,220,0,0,0,0,0,0,0,0,0,0,6,0,0,0,1,2,25,1,2,2,1,0,0,10,83,1,1,1,13,"888888888888","777777777777","777777777777",0,0
21,210160,1,1,1,15,4,14,34,42,0,1,0,21,1,37,402,37402,14,2001,"JHLRD18781S0","J","H","L","R","D","1","8","7","8","1","S","0",0,0,0,"000000000","00000000000",0,0,0,1,0,0,0,0,0,0,0,998,0,0,0,12,6,2,42,0,0,0,1,21,42642,6,1,0,0,3,0,67,160,1,0,0,0,0,4,2015,4,2015,0,0,0,0,0,1,2,25,4,2,2,1,0,0,14,13,1,1,4,1,"777777777777","777777777777","777777777777",1,0
21,210161,1,2,1,15,4,21,42,12,2,1,0,21,1,20,16,20016,2,2001,"1G1JC1244171","1","G","1","J","C","1","2","4","4","1","7","1",0,0,0,"000000000","00000000000",0,0,0,1,0,0,0,0,0,0,0,998,0,0,0,12,6,2,12,0,0,0,1,21,40391,6,1,0,0,3,0,69,170,2,0,0,0,0,4,2015,8,2015,0,0,0,0,0,1,2,55,1,3,2,1,40,3,1,10,1,1,2,50,"777777777777","777777777777","777777777777",1,0
21,210161,2,2,1,15,4,21,42,12,2,1,0,21,2,12,471,12471,30,2003,"1FTZR45E33TA","1","F","T","Z","R","4","5","E","3","3","T","A",0,0,0,"000000000","00000000000",0,0,0,1,0,0,0,0,0,0,0,998,0,0,0,12,6,2,12,0,0,0,1,21,40391,6,1,0,0,3,0,69,200,1,0,0,0,0,2,2015,2,2015,0,0,0,0,0,1,2,55,1,3,2,1,40,3,1,62,1,1,1,51,"777777777777","777777777777","777777777777",0,0
21,210162,1,1,1,10,4,0,30,1,0,1,0,21,2,21,20,21020,4,1992,"1G3AL54N9N63","1","G","3","A","L","5","4","N","9","N","6","3",0,0,0,"000000000","00000000000",0,0,0,1,0,0,0,0,0,0,0,998,0,2,5,0,6,2,42,0,0,0,1,21,42273,6,1,0,0,3,0,66,145,0,2,1,0,0,9,2012,12,2013,0,6,0,0,0,1,2,55,2,2,2,1,40,3,14,12,1,1,4,6,"777777777777","777777777777","777777777777",1,1
21,210163,1,1,5,16,4,4,38,43,0,1,0,21,2,35,47,35047,4,2008,"1N4BL21E98C1","1","N","4","B","L","2","1","E","9","8","C","1",0,0,0,"000000000","00000000000",0,0,0,1,0,0,0,0,0,0,0,998,0,0,0,81,6,2,52,0,0,0,1,21,42101,6,2,0,0,3,1,62,125,0,0,0,0,0,0,0,0,0,0,0,0,0,0,1,3,45,1,2,2,1,40,3,1,13,1,1,4,1,"777777777777","777777777777","777777777777",1,1
21,210164,1,1,1,16,4,18,35,19,0,1,0,21,1,76,706,76706,80,2007,"JYARN17E17A0","J","Y","A","R","N","1","7","E","1","7","A","0",0,0,0,"000000000","00000000000",0,0,0,1,0,0,0,0,0,0,0,998,0,0,0,12,6,2,19,0,0,0,1,21,40272,3,7,0,0,2,0,64,220,0,0,0,0,0,0,0,0,0,3,0,0,0,0,1,2,35,3,2,2,1,0,0,14,6,16,2,4,2,"777777777777","777777777777","777777777777",1,0
21,210165,1,2,1,16,4,21,7,12,2,1,0,21,1,12,17,12017,4,1995,"1FALP52U5SA2","1","F","A","L","P","5","2","U","5","S","A","2",0,0,0,"000000000","00000000000",0,0,0,1,0,0,0,0,0,0,0,998,0,0,0,12,6,2,2,0,0,1,1,21,42082,6,1,0,0,3,1,69,135,0,0,0,0,0,0,0,0,0,0,28,0,0,0,1,2,55,4,1,2,1,0,0,14,9,1,1,2,50,"777777777777","777777777777","777777777777",1,0
21,210165,2,2,5,16,4,21,7,12,2,1,0,21,1,20,431,20431,16,2000,"3GNEC16T8YG2","3","G","N","E","C","1","6","T","8","Y","G","2",0,0,0,"000000000","00000000000",0,0,0,1,0,0,0,0,0,0,0,998,0,0,0,12,6,2,12,0,0,0,1,21,42003,6,1,0,0,3,0,76,220,1,0,0,0,0,1,2012,1,2012,0,0,0,0,0,1,2,55,4,1,2,1,0,0,14,62,15,2,1,51,"777777777777","777777777777","777777777777",0,0
21,210166,1,1,1,17,4,15,49,9,0,1,0,21,1,34,402,34402,14,2013,"5UXWX9C5XD0A","5","U","X","W","X","9","C","5","X","D","0","A",0,0,0,"000000000","00000000000",0,0,0,1,0,0,0,0,0,0,0,63,0,0,0,12,4,3,9,0,0,0,1,21,40361,6,1,0,0,3,0,64,127,1,0,0,0,0,8,2011,8,2011,0,6,0,0,0,2,2,55,1,1,2,1,40,3,15,83,16,2,1,13,"777777777777","777777777777","777777777777",0,0
21,210167,1,2,2,16,4,19,58,12,6,1,0,21,2,37,706,37706,80,2008,"JH2SC59088M0","J","H","2","S","C","5","9","0","8","8","M","0",0,0,0,"000000000","00000000000",0,0,0,1,0,0,0,0,0,0,0,998,0,0,0,12,6,2,12,0,0,0,1,21,40218,6,1,0,0,2,1,74,170,0,1,1,0,0,7,2012,11,2015,3,6,0,0,0,2,4,45,1,2,2,1,3,3,1,17,16,2,1,69,"777777777777","777777777777","777777777777",1,0
21,210167,2,2,1,16,4,19,58,12,6,1,0,21,1,49,51,49051,4,2007,"JTDBT9233710","J","T","D","B","T","9","2","3","3","7","1","0",0,0,0,"000000000","00000000000",0,0,0,1,0,0,0,0,0,0,0,998,0,0,0,81,6,2,12,0,0,0,1,21,40299,6,1,0,0,3,0,74,180,1,0,0,0,0,7,2013,7,2013,0,0,0,0,0,2,4,45,1,2,2,1,3,3,11,66,16,2,1,68,"777777777777","777777777777","777777777777",0,0
21,210168,1,1,2,18,4,15,20,52,0,1,0,47,1,49,53,49053,5,2015,"4T3ZA3BB3FU0","4","T","3","Z","A","3","B","B","3","F","U","0",0,0,0,"000000000","00000000000",0,0,0,1,0,0,0,0,0,0,0,998,0,1,5,12,6,2,52,0,0,0,1,47,37087,6,1,0,0,3,1,63,240,0,0,0,0,0,0,0,0,0,0,0,0,0,0,2,2,55,1,1,2,1,0,0,1,13,6,1,4,1,"777777777777","777777777777","777777777777",1,0
21,210169,1,1,1,18,4,16,20,30,0,1,0,21,1,12,35,12035,4,1998,"1FAFP65L1WK2","1","F","A","F","P","6","5","L","1","W","K","2",0,0,0,"000000000","00000000000",0,0,0,1,0,0,0,0,0,0,0,998,0,1,5,81,6,2,30,0,0,0,1,21,40360,6,1,0,0,3,0,69,175,1,0,0,2,0,8,2013,5,2015,0,0,0,0,0,1,2,55,3,1,2,2,0,0,14,12,6,1,4,9,"777777777777","777777777777","777777777777",1,1
21,210170,1,3,1,16,4,13,14,12,1,1,0,21,2,20,481,20481,31,2001,"1GCHK23171F1","1","G","C","H","K","2","3","1","7","1","F","1",0,0,0,"000000000","00000000000",0,0,0,1,0,0,0,0,0,0,0,998,0,0,0,12,6,2,12,0,0,0,1,21,41501,6,1,0,0,3,0,67,132,2,0,0,0,0,3,2015,3,2015,0,0,0,0,0,1,2,45,2,1,2,1,0,0,14,50,8,2,2,20,"777777777777","777777777777","777777777777",0,0
21,210170,2,3,1,16,4,13,14,12,1,1,0,21,1,20,2,20002,4,2009,"2G1WT57K1912","2","G","1","W","T","5","7","K","1","9","1","2",0,0,0,"000000000","00000000000",0,0,0,1,0,0,0,0,0,0,0,0,0,0,0,6,6,2,12,0,0,0,1,21,41501,6,1,0,0,3,1,68,160,0,0,0,0,0,0,0,0,0,0,0,0,0,0,1,2,45,2,1,2,1,0,0,11,15,1,1,1,22,"777777777777","777777777777","777777777777",0,0
21,210170,3,3,2,16,4,13,14,12,1,1,0,21,2,20,25,20025,4,2014,"1G1PC5SB9E72","1","G","1","P","C","5","S","B","9","E","7","2",0,0,0,"000000000","00000000000",0,0,0,1,0,0,0,0,0,0,0,998,0,0,0,12,6,2,12,0,0,0,1,21,41501,6,7,0,0,3,0,64,120,1,0,0,0,0,12,2015,12,2015,3,0,0,0,0,1,2,45,3,1,2,1,0,0,14,62,1,1,1,98,"777777777777","777777777777","777777777777",1,0
21,210171,1,1,4,19,4,5,28,40,0,1,1,21,2,63,33,63033,5,2006,"KNAFE1612653","K","N","A","F","E","1","6","1","2","6","5","3",0,0,0,"000000000","00000000000",0,0,0,1,0,0,0,0,0,0,0,998,0,0,0,12,6,2,30,0,0,0,1,21,40219,0,0,0,0,0,0,70,149,99,99,99,99,99,99,9999,99,9999,0,6,0,0,0,5,5,45,1,2,1,1,40,3,1,9,99,1,4,5,"777777777777","777777777777","777777777777",2,0
21,210172,1,1,2,19,4,17,11,35,0,1,0,21,1,72,706,72706,80,2004,"1HD4CAM184K4","1","H","D","4","C","A","M","1","8","4","K","4",0,0,0,"000000000","00000000000",0,0,0,1,0,0,0,0,0,0,0,998,0,0,0,12,6,2,35,0,0,0,1,21,42303,6,1,0,0,3,1,69,200,0,0,0,0,0,0,0,0,0,0,6,58,0,0,2,2,55,2,1,2,1,40,3,14,8,98,1,4,6,"777777777777","777777777777","777777777777",1,0
21,210173,1,1,2,17,4,1,5,8,0,1,0,21,1,20,421,20421,15,2007,"1GNFK13017J3","1","G","N","F","K","1","3","0","1","7","J","3",0,0,0,"000000000","00000000000",0,0,0,1,0,0,0,0,0,0,0,998,0,0,0,12,4,3,8,0,0,0,1,21,40213,6,1,0,0,3,1,74,270,0,0,0,0,0,0,0,0,0,0,0,0,0,0,2,2,35,1,2,2,1,40,3,1,80,1,1,1,13,"777777777777","777777777777","777777777777",0,0
21,210174,1,2,1,20,4,7,59,12,2,1,0,21,1,23,481,23481,31,2016,"3GTU2PEC8GG2","3","G","T","U","2","P","E","C","8","G","G","2",0,0,0,"000000000","00000000000",0,0,0,1,0,0,0,0,0,0,0,998,0,0,0,12,6,2,12,0,0,0,1,21,40504,0,0,0,0,0,0,999,999,99,99,99,99,99,99,9999,99,9999,0,28,0,0,0,1,2,35,2,1,2,1,0,0,14,10,1,1,2,50,"777777777777","777777777777","777777777777",0,0
21,210174,2,2,1,20,4,7,59,12,2,1,0,21,2,24,401,24401,14,2006,"5GZCZ33D96S8","5","G","Z","C","Z","3","3","D","9","6","S","8",0,0,0,"000000000","00000000000",0,0,0,1,0,0,0,0,0,0,0,998,0,0,0,12,6,2,12,0,0,0,1,21,40504,6,1,0,0,3,0,72,215,0,0,0,0,0,0,0,0,0,0,0,0,0,0,1,2,35,2,1,2,1,0,0,14,62,1,1,1,51,"777777777777","777777777777","777777777777",1,0
21,210175,1,2,2,20,4,14,1,12,6,1,0,21,2,41,50,41050,4,2011,"1YVHZ8BH6B5M","1","Y","V","H","Z","8","B","H","6","B","5","M",0,0,0,"000000000","00000000000",0,0,0,1,0,0,0,0,0,0,0,998,0,0,0,12,6,2,12,0,0,0,1,21,42324,6,1,0,0,3,1,62,180,1,0,0,0,0,8,2015,8,2015,0,39,0,0,0,1,2,98,8,8,8,98,20,3,1,17,1,1,1,86,"777777777777","777777777777","777777777777",0,0