"STATE","ST_CASE","VEH_NO","VE_FORMS","NUMOCCS","DAY","MONTH","HOUR","MINUTE","HARM_EV","MAN_COLL","UNITTYPE","HIT_RUN","REG_STAT","OWNER","MAKE","MODEL","MAK_MOD","BODY_TYP","MOD_YEAR","VIN","VIN_1","VIN_2","VIN_3","VIN_4","VIN_5","VIN_6","VIN_7","VIN_8","VIN_9","VIN_10","VIN_11","VIN_12","TOW_VEH","J_KNIFE","MCARR_I1","MCARR_I2","MCARR_ID","GVWR","V_CONFIG","CARGO_BT","HAZ_INV","HAZ_PLAC","HAZ_ID","HAZ_CNO","HAZ_REL","BUS_USE","SPEC_USE","EMER_USE","TRAV_SP","UNDERIDE","ROLLOVER","ROLINLOC","IMPACT1","DEFORMED","TOWED","M_HARM","VEH_SC1","VEH_SC2","FIRE_EXP","DR_PRES","L_STATE","DR_ZIP","L_STATUS","L_TYPE","CDL_STAT","L_ENDORS","L_COMPL","L_RESTRI","DR_HGT","DR_WGT","PREV_ACC","PREV_SUS","PREV_DWI","PREV_SPD","PREV_OTH","FIRST_MO","FIRST_YR","LAST_MO","LAST_YR","SPEEDREL","DR_SF1","DR_SF2","DR_SF3","DR_SF4","VTRAFWAY","VNUM_LAN","VSPD_LIM","VALIGN","VPROFILE","VPAVETYP","VSURCOND","VTRAFCON","VTCONT_F","P_CRASH1","P_CRASH2","P_CRASH3","PCRASH4","PCRASH5","ACC_TYPE","TRLR1VIN","TRLR2VIN","TRLR3VIN","DEATHS","DR_DRINK"
21,210175,2,2,2,20,4,14,1,12,6,1,0,21,1,35,472,35472,30,1998,"1N6DD21Y4WC3","1","N","6","D","D","2","1","Y","4","W","C","3",0,0,0,"000000000","00000000000",0,0,0,1,0,0,0,0,0,0,0,998,0,0,0,81,6,2,12,0,0,0,1,21,42220,6,1,0,0,3,0,63,130,0,0,0,0,0,0,0,0,0,0,0,0,0,0,1,2,35,1,2,2,1,0,0,1,68,1,1,1,87,"777777777777","777777777777","777777777777",1,0
21,210176,1,3,1,19,4,19,32,12,2,1,0,21,2,12,473,12473,30,2003,"1FMZU67E13UA","1","F","M","Z","U","6","7","E","1","3","U","A",0,0,0,"000000000","00000000000",0,0,0,1,0,0,0,0,0,0,0,998,0,0,0,12,6,2,12,0,0,0,1,21,40475,6,1,0,0,3,0,68,145,0,0,0,0,0,0,0,0,0,0,28,0,0,0,1,2,55,1,1,2,1,0,0,1,10,15,2,2,50,"777777777777","777777777777","777777777777",0,0
21,210176,2,3,1,19,4,19,32,12,2,1,0,21,1,72,706,72706,80,2012,"1HD1FCM14CB6","1","H","D","1","F","C","M","1","4","C","B","6",0,0,0,"000000000","00000000000",0,0,0,1,0,0,0,0,0,0,0,998,0,0,0,12,6,2,12,0,0,1,1,21,40356,6,1,0,0,3,1,71,195,0,0,0,0,0,0,0,0,0,0,0,0,0,0,1,2,55,1,1,2,1,0,0,1,62,16,2,1,51,"777777777777","777777777777","777777777777",1,0
21,210176,3,3,1,19,4,19,32,12,2,1,0,21,1,72,706,72706,80,2013,"1HD1KEM15DB6","1","H","D","1","K","E","M","1","5","D","B","6",0,0,0,"000000000","00000000000",0,0,0,1,0,0,0,0,0,0,0,998,0,0,0,12,6,2,12,0,0,0,1,21,40356,6,1,0,0,3,0,69,195,0,0,0,0,0,0,0,0,0,0,0,0,0,0,1,2,55,1,1,2,1,0,0,1,98,16,2,1,98,"777777777777","777777777777","777777777777",0,0
21,210177,1,1,1,22,4,4,10,8,0,1,1,99,9,99,999,99999,99,9999,"999999999999","9","9","9","9","9","9","9","9","9","9","9","9",9,0,99,"999999999","99999999999",9,99,99,1,0,0,0,0,99,99,9,999,0,0,0,99,9,9,8,0,0,0,1,99,99999,9,9,99,9,9,9,999,999,99,99,99,99,99,99,9999,99,9999,9,99,99,99,99,2,2,45,3,1,2,2,0,0,14,80,99,9,3,13,"777777777777","777777777777","777777777777",0,0
21,210178,1,1,1,22,4,22,20,33,0,1,0,27,3,37,706,37706,80,2006,"JH2SC57046M2","J","H","2","S","C","5","7","0","4","6","M","2",0,0,0,"000000000","00000000000",0,0,0,1,0,0,0,0,0,0,0,998,0,0,0,61,6,2,1,0,0,0,1,38,58102,0,0,0,0,0,0,70,185,0,0,0,0,4,1,2015,3,2016,3,6,0,0,0,2,3,55,1,2,2,1,40,3,1,12,1,1,4,6,"777777777777","777777777777","777777777777",1,1
21,210179,1,4,2,23,4,12,7,12,2,1,0,47,1,73,706,73706,80,2000,"JKBVNCB12YB5","J","K","B","V","N","C","B","1","2","Y","B","5",0,0,0,"000000000","00000000000",0,0,0,1,0,0,0,0,0,0,0,998,0,0,0,12,6,2,12,0,0,0,1,47,38368,6,1,0,0,2,0,71,200,0,0,0,0,0,0,0,0,0,0,6,28,0,0,1,2,25,1,2,2,1,40,3,1,10,1,1,2,50,"777777777777","777777777777","777777777777",1,0
21,210179,2,4,2,23,4,12,7,12,2,1,0,47,1,34,43,34043,1,2011,"WBAUN7C5XBVM","W","B","A","U","N","7","C","5","X","B","V","M",0,0,0,"000000000","00000000000",0,0,0,1,0,0,0,0,0,0,0,998,0,0,0,12,6,2,12,0,0,0,1,47,37064,6,1,0,0,3,0,70,254,0,0,0,2,0,2,2013,11,2014,0,0,0,0,0,1,2,25,1,2,2,1,40,3,1,62,16,2,1,51,"777777777777","777777777777","777777777777",0,0
21,210179,3,4,1,23,4,12,7,12,2,1,0,21,1,72,706,72706,80,2006,"1HD1FCW186Y6","1","H","D","1","F","C","W","1","8","6","Y","6",0,0,0,"000000000","00000000000",0,0,0,1,0,0,0,0,0,0,0,998,0,0,0,0,6,2,1,0,0,0,1,21,42164,6,1,0,0,3,1,72,200,0,0,0,0,0,0,0,0,0,0,81,0,0,0,1,2,25,1,2,2,1,40,3,1,90,98,1,1,98,"777777777777","777777777777","777777777777",0,0
21,210179,4,4,1,23,4,12,7,12,2,1,0,47,1,72,706,72706,80,2016,"1HD1MAL13GB8","1","H","D","1","M","A","L","1","3","G","B","8",0,0,0,"000000000","00000000000",0,0,0,1,0,0,0,0,0,0,0,998,0,0,0,61,2,5,73,0,0,0,1,47,38028,6,1,0,0,3,0,68,150,0,0,0,2,0,12,2011,3,2014,0,81,0,0,0,1,2,25,1,2,2,1,40,3,1,90,16,2,1,98,"777777777777","777777777777","777777777777",0,0
21,210180,1,2,4,23,4,12,3,12,2,1,0,21,1,23,471,23471,30,1998,"1GTCS1941W85","1","G","T","C","S","1","9","4","1","W","8","5",0,0,0,"000000000","00000000000",0,0,0,1,0,0,0,0,0,0,0,998,0,0,0,12,6,2,12,0,0,0,1,21,42754,6,2,0,0,3,1,67,180,0,0,0,0,0,0,0,0,0,0,28,0,0,0,1,2,55,1,3,2,1,0,0,1,10,1,1,2,50,"777777777777","777777777777","777777777777",3,0
21,210180,2,2,1,23,4,12,3,12,2,1,0,21,1,12,481,12481,31,1995,"1FTEX15N7SKA","1","F","T","E","X","1","5","N","7","S","K","A",0,0,0,"000000000","00000000000",0,0,0,1,0,0,0,0,0,0,0,998,0,0,0,12,6,2,12,0,0,1,1,21,40119,6,1,0,0,3,1,67,151,2,0,0,0,0,11,2011,3,2016,0,0,0,0,0,1,2,55,1,3,2,1,0,0,1,62,1,1,1,51,"777777777777","777777777777","777777777777",1,0
21,210181,1,2,2,23,4,16,0,12,2,1,0,21,2,30,42,30042,3,2007,"3VWEF71K27M1","3","V","W","E","F","7","1","K","2","7","M","1",0,0,0,"000000000","00000000000",0,0,0,1,0,0,0,0,0,0,0,998,0,0,0,12,6,2,12,0,0,0,1,21,41749,6,1,0,0,3,1,64,160,0,0,0,0,0,0,0,0,0,0,28,0,0,0,1,2,55,1,2,2,1,0,0,1,10,98,1,2,50,"777777777777","777777777777","777777777777",2,0
21,210181,2,2,2,23,4,16,0,12,2,1,0,21,1,6,441,6441,20,2010,"2A4RR5D10AR5","2","A","4","R","R","5","D","1","0","A","R","5",0,0,0,"000000000","00000000000",0,0,0,1,0,0,0,0,0,0,0,998,0,0,0,12,6,2,12,0,0,0,1,21,40741,6,1,0,0,3,0,70,260,0,0,0,0,0,0,0,0,0,0,0,0,0,0,1,2,55,1,2,2,1,0,0,1,62,98,1,1,51,"777777777777","777777777777","777777777777",0,0
21,210182,1,2,1,25,4,10,41,12,1,1,0,21,3,51,881,51881,63,2016,"4V5K99EH8GN9","4","V","5","K","9","9","E","H","8","G","N","9",0,0,57,"00645696","5700645696",3,2,4,1,0,0,0,0,0,0,0,998,0,0,0,12,4,3,12,0,0,0,1,21,42220,6,1,6,0,3,0,72,153,0,0,0,1,0,6,2014,6,2014,0,0,0,0,0,2,2,70,1,2,2,1,0,0,1,51,16,2,1,24,"777777777777","777777777777","777777777777",0,0
21,210182,2,2,3,25,4,10,41,12,1,1,0,21,2,63,31,63031,4,1998,"KNAFB1215W57","K","N","A","F","B","1","2","1","5","W","5","7",0,0,0,"000000000","00000000000",0,0,0,1,0,0,0,0,0,0,0,998,9,0,0,6,6,2,12,0,0,0,1,21,42261,6,1,0,0,3,0,69,154,0,0,0,0,0,0,0,0,0,0,0,0,0,0,2,2,70,1,2,2,1,0,0,1,53,1,1,1,25,"777777777777","777777777777","777777777777",2,0
21,210183,1,2,1,2,4,16,0,12,1,1,0,21,1,49,40,49040,4,1997,"4T1BG22K1VU0","4","T","1","B","G","2","2","K","1","V","U","0",0,0,0,"000000000","00000000000",0,0,0,1,0,0,0,0,0,0,0,55,0,0,0,12,6,2,12,0,0,1,1,21,40229,6,1,0,0,3,1,60,145,2,0,0,0,0,3,2014,10,2014,0,0,0,0,0,5,6,55,1,1,2,1,3,3,1,50,1,1,1,20,"777777777777","777777777777","777777777777",1,0
21,210183,2,2,1,2,4,16,0,12,1,1,0,21,1,12,402,12402,14,2014,"1FMCU9J90EUD","1","F","M","C","U","9","J","9","0","E","U","D",0,0,0,"000000000","00000000000",0,0,0,1,0,0,0,0,0,0,0,0,0,0,0,6,6,2,12,0,0,0,1,21,40033,6,1,0,0,3,0,66,165,1,0,0,0,0,6,2014,6,2014,0,0,0,0,0,5,6,55,1,1,2,1,3,3,5,53,1,1,1,21,"777777777777","777777777777","777777777777",0,0
21,210184,1,2,2,6,4,10,28,12,6,1,0,21,2,7,402,7402,14,1998,"1B4HS28Y9WF1","1","B","4","H","S","2","8","Y","9","W","F","1",0,0,0,"000000000","00000000000",0,0,0,1,0,0,0,0,0,0,0,998,0,0,0,61,6,2,12,0,0,0,1,21,40013,6,1,0,0,3,0,73,260,1,0,0,0,0,8,2014,8,2014,0,6,38,0,0,1,2,98,1,8,8,98,20,3,11,15,98,1,1,82,"777777777777","777777777777","777777777777",1,0
21,210184,2,2,2,6,4,10,28,12,6,1,0,21,2,20,481,20481,31,2007,"1GBHC24U07E1","1","G","B","H","C","2","4","U","0","7","E","1",0,0,0,"000000000","00000000000",0,0,0,1,0,0,0,0,0,0,0,998,0,0,0,12,6,2,12,0,0,0,1,21,40051,6,1,0,0,3,0,70,145,1,0,0,2,0,11,2015,1,2016,0,0,0,0,0,1,4,55,1,1,2,1,0,0,1,67,6,1,1,83,"777777777777","777777777777","777777777777",0,0
21,210185,1,2,1,7,4,11,5,12,2,1,0,21,1,12,401,12401,14,2005,"1FMZU73K65UB","1","F","M","Z","U","7","3","K","6","5","U","B",0,0,0,"000000000","00000000000",0,0,0,1,0,0,0,0,0,0,0,998,0,0,0,12,6,2,12,0,0,0,1,21,42087,6,1,0,0,3,0,67,160,1,3,1,0,0,12,2011,4,2014,0,28,0,0,0,1,2,55,4,2,2,2,40,3,14,10,1,1,2,50,"777777777777","777777777777","777777777777",0,0
21,210185,2,2,2,7,4,11,5,12,2,1,0,21,1,37,421,37421,15,2004,"5FNYF18584B0","5","F","N","Y","F","1","8","5","8","4","B","0",0,0,0,"000000000","00000000000",0,0,0,1,0,0,0,0,0,0,0,998,0,0,0,12,6,2,12,0,0,0,1,21,42024,6,1,0,0,3,0,63,215,0,0,0,0,0,0,0,0,0,0,0,0,0,0,1,2,55,4,2,2,2,40,3,14,62,1,1,1,51,"777777777777","777777777777","777777777777",1,0
21,210186,1,2,3,8,4,14,7,12,2,1,0,21,2,49,40,49040,4,2007,"4T1BK46K27U0","4","T","1","B","K","4","6","K","2","7","U","0",0,0,0,"000000000","00000000000",0,0,0,1,0,0,0,0,0,0,0,998,0,0,0,12,6,2,12,0,0,0,1,21,40069,6,1,0,0,3,1,76,200,0,0,0,0,0,0,0,0,0,4,28,33,35,0,1,2,55,1,1,2,1,40,3,6,10,1,1,2,52,"777777777777","777777777777","777777777777",1,0
21,210186,2,2,1,8,4,14,7,12,2,1,0,21,1,20,481,20481,31,1999,"1GCGK24U4XE2","1","G","C","G","K","2","4","U","4","X","E","2",0,0,0,"000000000","00000000000",0,0,0,1,0,0,0,0,0,0,0,998,0,0,0,12,6,2,12,0,0,0,1,21,40069,6,1,0,0,3,0,71,210,0,0,0,0,0,0,0,0,0,0,0,0,0,0,1,2,55,1,1,2,1,40,3,1,54,98,1,1,52,"777777777777","777777777777","777777777777",1,0
21,210187,1,1,1,10,4,17,28,1,0,1,0,21,1,2,404,2404,14,1998,"1J4GZ78Y4WC3","1","J","4","G","Z","7","8","Y","4","W","C","3",0,0,0,"000000000","00000000000",0,0,0,1,0,0,0,0,0,0,0,70,0,9,5,0,6,2,1,0,0,0,1,21,40219,6,1,0,0,3,0,73,210,1,1,0,1,0,7,2011,4,2015,0,6,0,0,0,2,2,65,1,1,2,1,0,0,1,13,1,1,4,1,"777777777777","777777777777","777777777777",1,0
21,210188,1,2,2,16,4,14,19,12,8,1,0,21,1,20,2,20002,4,2003,"2G1WF52E7394","2","G","1","W","F","5","2","E","7","3","9","4",0,0,0,"000000000","00000000000",0,0,0,1,0,0,0,0,0,0,0,13,0,0,0,61,2,5,12,0,0,0,1,21,41001,6,1,0,0,3,0,71,175,0,0,0,0,0,0,0,0,0,0,6,38,0,0,8,8,98,8,8,8,98,20,3,11,15,1,1,1,82,"777777777777","777777777777","777777777777",0,0
21,210188,2,2,2,16,4,14,19,12,8,1,0,21,1,72,706,72706,80,2013,"1HD1JRV16DB0","1","H","D","1","J","R","V","1","6","D","B","0",0,0,0,"000000000","00000000000",0,0,0,1,0,0,0,0,0,0,0,23,0,0,0,61,6,2,12,0,0,0,1,21,41059,6,1,0,0,3,0,72,210,1,0,0,0,0,7,2015,7,2015,0,0,0,0,0,1,2,35,1,2,2,1,0,0,1,67,15,2,1,83,"777777777777","777777777777","777777777777",1,0
21,210189,1,1,1,9,4,21,55,30,0,1,0,21,2,22,20,22020,2,1997,"1G2WP12K5VF2","1","G","2","W","P","1","2","K","5","V","F","2",0,0,0,"000000000","00000000000",0,0,0,1,0,0,0,0,0,0,0,40,0,0,0,63,6,2,2,0,0,1,1,21,42240,6,1,0,0,3,0,72,230,4,0,0,0,0,12,2011,8,2015,0,6,0,0,0,1,2,35,1,1,2,1,0,0,1,12,1,1,4,6,"777777777777","777777777777","777777777777",1,1
21,210190,1,2,1,27,4,14,17,12,1,1,0,18,3,82,881,82881,66,2012,"1FUJGEDVXCSB","1","F","U","J","G","E","D","V","X","C","S","B",1,1,57,"00221707","5700221707",3,6,1,1,0,0,0,0,0,0,0,65,0,0,0,12,6,2,12,0,0,0,1,21,42171,6,1,6,0,3,1,69,151,1,0,0,0,0,7,2012,7,2012,0,6,0,0,0,2,2,65,1,1,2,1,0,0,1,51,16,2,1,24,"888888888888","777777777777","777777777777",0,0
21,210190,2,2,1,27,4,14,17,12,1,1,0,0,0,12,998,12998,92,2000,"000000000000","0","0","0","0","0","0","0","0","0","0","0","0",1,1,0,"000000000","00000000000",0,0,0,1,0,0,0,0,0,0,0,30,0,9,5,6,4,5,12,0,0,0,1,47,38483,0,0,0,0,0,0,74,300,0,0,0,0,0,0,0,0,0,0,0,0,0,0,2,2,65,1,1,2,1,0,0,1,53,1,1,1,25,"888888888888","777777777777","777777777777",1,1
21,210191,1,3,1,28,4,21,48,12,1,1,0,21,1,2,404,2404,14,1996,"1J4FJ68SXTL2","1","J","4","F","J","6","8","S","X","T","L","2",0,0,0,"000000000","00000000000",0,0,0,1,0,0,0,0,0,0,0,998,0,9,1,12,6,2,12,0,0,0,1,21,40217,6,1,0,0,3,0,72,180,0,0,0,0,0,0,0,0,0,3,6,0,0,0,3,3,40,4,1,2,1,0,0,14,51,1,1,1,24,"777777777777","777777777777","777777777777",0,1
21,210191,2,3,1,28,4,21,48,12,1,1,0,21,1,37,706,37706,80,2009,"JH2RC53149K2","J","H","2","R","C","5","3","1","4","9","K","2",0,0,0,"000000000","00000000000",0,0,0,1,0,0,0,0,0,0,0,998,0,0,0,6,6,2,12,0,0,0,1,21,40031,6,1,0,0,3,0,70,185,0,0,0,0,0,0,0,0,0,0,0,0,0,0,3,3,40,4,1,2,1,0,0,14,53,98,1,1,25,"777777777777","777777777777","777777777777",1,0
21,210191,3,3,2,28,4,21,48,12,1,1,0,47,1,12,37,12037,4,2013,"1FADP3J28DL2","1","F","A","D","P","3","J","2","8","D","L","2",0,0,0,"000000000","00000000000",0,0,0,1,0,0,0,0,0,0,0,998,0,0,0,6,4,5,12,0,0,0,1,47,37066,6,1,0,0,3,0,62,125,0,0,0,0,0,0,0,0,0,0,0,0,0,0,3,3,40,4,1,2,1,0,0,14,53,98,1,1,98,"777777777777","777777777777","777777777777",0,0
21,210192,1,1,1,27,4,15,5,8,0,1,0,21,1,20,481,20481,31,2007,"1GCEK19007Z5","1","G","C","E","K","1","9","0","0","7","Z","5",0,0,0,"000000000","00000000000",0,0,0,1,0,0,0,0,0,0,0,998,0,0,0,12,0,5,8,0,0,0,1,21,42503,6,1,0,0,3,0,69,185,0,0,0,0,0,0,0,0,0,0,6,0,0,0,1,2,15,1,1,2,8,50,3,4,80,1,1,1,13,"777777777777","777777777777","777777777777",0,0
21,210193,1,1,1,29,4,7,57,35,0,1,0,21,1,12,481,12481,31,2000,"1FTNX21L0YEE","1","F","T","N","X","2","1","L","0","Y","E","E",0,0,0,"000000000","00000000000",0,0,0,1,0,0,0,0,0,0,0,53,0,1,5,98,6,2,42,0,0,0,1,21,42459,6,1,0,0,3,0,68,145,0,2,1,0,0,5,2012,3,2013,0,58,0,0,0,1,2,45,4,2,2,1,0,0,14,6,7,5,4,2,"777777777777","777777777777","777777777777",1,1
21,210194,1,1,2,29,4,12,55,1,0,1,0,39,1,14,401,14401,14,2002,"4M2ZU86W12UJ","4","M","2","Z","U","8","6","W","1","2","U","J",1,2,0,"000000000","00000000000",0,0,0,1,0,0,0,0,0,0,0,63,0,2,3,0,6,2,1,0,0,0,1,39,45039,6,1,0,0,3,0,73,246,1,0,0,0,1,12,2014,1,2015,0,21,58,88,0,2,3,70,1,2,2,1,0,0,1,8,6,4,4,7,"888888888888","777777777777","777777777777",1,0
21,210195,1,2,1,30,4,7,34,12,6,1,0,21,1,35,472,35472,30,1999,"1N6ED26Y0XC3","1","N","6","E","D","2","6","Y","0","X","C","3",0,0,0,"000000000","00000000000",0,0,0,1,0,0,0,0,0,0,0,998,0,0,0,81,6,2,12,0,0,0,1,21,42071,1,1,0,0,2,0,70,147,0,1,1,0,0,12,2011,12,2011,0,28,58,0,0,1,2,55,1,1,2,2,0,0,98,10,7,1,6,98,"777777777777","777777777777","777777777777",0,1
21,210195,2,2,2,30,4,7,34,12,6,1,0,21,1,12,17,12017,4,1998,"1FAFP52U4WA1","1","F","A","F","P","5","2","U","4","W","A","1",0,0,0,"000000000","00000000000",0,0,0,1,0,0,0,0,0,0,0,998,0,0,0,12,6,2,12,0,0,0,1,21,42071,6,1,0,0,3,1,64,165,0,0,0,0,0,0,0,0,0,0,0,0,0,0,1,2,55,1,1,2,2,0,0,1,60,16,2,1,98,"777777777777","777777777777","777777777777",1,0
21,210196,1,1,1,30,4,21,45,53,0,1,0,21,2,2,404,2404,14,1995,"1J4GZ78S6SC6","1","J","4","G","Z","7","8","S","6","S","C","6",0,0,0,"000000000","00000000000",0,0,0,1,0,0,0,0,0,0,0,998,0,2,5,98,6,2,1,0,0,0,1,21,42642,0,0,0,0,0,0,999,999,99,99,99,99,99,99,9999,99,9999,0,58,0,0,0,1,2,45,4,1,2,2,0,0,14,8,15,3,4,4,"777777777777","777777777777","777777777777",1,1
21,210197,1,2,1,22,4,13,43,12,2,1,0,21,1,49,401,49401,14,2012,"JTEBU5JR2C51","J","T","E","B","U","5","J","R","2","C","5","1",0,0,0,"000000000","00000000000",0,0,0,1,0,0,0,0,0,0,0,998,0,0,0,12,6,2,12,0,0,0,1,21,41701,6,1,0,0,3,0,64,130,2,0,0,2,0,8,2011,9,2014,0,28,87,0,0,5,3,55,1,2,2,2,40,3,11,15,1,1,1,68,"777777777777","777777777777","777777777777",0,0
21,210197,2,2,3,22,4,13,43,12,2,1,0,21,1,20,16,20016,2,1996,"1G1JC1249T71","1","G","1","J","C","1","2","4","9","T","7","1",0,0,0,"000000000","00000000000",0,0,0,1,0,0,0,0,0,0,0,998,0,0,0,12,6,2,12,0,0,0,1,21,41348,6,1,0,0,3,0,68,145,0,0,0,0,0,0,0,0,0,0,87,0,0,0,1,2,55,1,2,2,2,40,3,1,62,99,1,1,69,"777777777777","777777777777","777777777777",1,0
21,210198,1,1,1,13,4,17,59,8,0,1,1,21,2,12,481,12481,31,1998,"1FTZF0723WKA","1","F","T","Z","F","0","7","2","3","W","K","A",0,0,0,"000000000","00000000000",0,0,0,1,0,0,0,0,0,0,0,998,0,0,0,12,2,5,8,0,0,0,1,21,40769,6,1,0,0,3,1,72,165,0,0,0,0,0,0,0,0,0,0,86,0,0,0,1,2,45,4,2,2,1,0,0,14,13,1,1,4,1,"777777777777","777777777777","777777777777",0,1
21,210199,1,3,1,16,4,13,5,12,8,1,0,18,1,72,706,72706,80,2002,"1HD1GEV132K4","1","H","D","1","G","E","V","1","3","2","K","4",0,0,0,"000000000","00000000000",0,0,0,1,0,0,0,0,0,0,0,998,0,0,0,61,6,2,12,0,0,0,1,18,47022,6,1,0,0,3,0,68,150,0,0,0,0,0,0,0,0,0,0,0,0,0,0,1,2,45,2,2,2,1,0,0,14,10,1,1,2,64,"777777777777","777777777777","777777777777",1,1
21,210199,2,3,2,16,4,13,5,12,8,1,0,18,1,20,481,20481,31,2015,"3GCUKREC7FG2","3","G","C","U","K","R","E","C","7","F","G","2",0,0,0,"000000000","00000000000",0,0,0,1,0,0,0,0,0,0,0,998,0,0,0,63,4,3,12,0,0,0,1,18,47371,6,1,0,0,3,1,68,162,0,0,0,0,0,0,0,0,0,0,0,0,0,0,1,2,45,3,2,2,1,0,0,14,62,15,2,1,65,"777777777777","777777777777","777777777777",0,0
21,210199,3,3,1,16,4,13,5,12,8,1,0,21,1,72,706,72706,80,2000,"1HD1FRW17YY6","1","H","D","1","F","R","W","1","7","Y","Y","6",0,0,0,"000000000","00000000000",0,0,0,1,0,0,0,0,0,0,0,998,0,0,0,12,6,2,12,0,0,0,1,21,41042,6,1,0,0,3,0,71,230,0,0,0,0,0,0,0,0,0,0,0,0,0,0,1,2,45,4,2,2,1,0,0,14,62,16,2,1,98,"777777777777","777777777777","777777777777",0,0
21,210200,1,1,1,20,4,21,35,8,0,1,0,21,1,7,482,7482,31,1998,"1B7HF16Y6WS6","1","B","7","H","F","1","6","Y","6","W","S","6",0,0,0,"000000000","00000000000",0,0,0,1,0,0,0,0,0,0,0,998,0,0,0,62,2,5,8,0,0,0,1,21,40175,6,1,0,0,3,0,73,190,1,0,0,2,1,2,2014,1,2015,0,0,0,0,0,2,2,50,1,1,2,1,0,0,1,80,1,1,1,13,"777777777777","777777777777","777777777777",0,0
21,210201,1,1,2,22,4,15,53,32,0,1,0,39,1,98,706,98706,82,2015,"57XAAPFAXF51","5","7","X","A","A","P","F","A","X","F","5","1",0,0,0,"000000000","00000000000",0,0,0,1,0,0,0,0,0,0,0,998,0,1,4,12,6,2,32,0,0,0,1,39,44837,6,1,0,0,3,0,74,230,0,0,0,2,0,9,2011,9,2011,3,6,0,0,0,1,2,55,4,1,2,1,0,0,14,6,16,2,4,2,"777777777777","777777777777","777777777777",1,0
21,210202,1,1,1,22,4,16,49,42,0,1,0,21,1,20,2,20002,4,1986,"1G1BL69H8GY1","1","G","1","B","L","6","9","H","8","G","Y","1",0,0,0,"000000000","00000000000",0,0,0,1,0,0,0,0,0,0,0,998,0,0,0,12,6,2,42,0,0,0,1,21,42101,6,1,0,0,3,0,72,200,0,0,0,0,0,0,0,0,0,0,0,0,0,0,1,2,45,3,1,2,1,40,3,14,13,1,1,4,1,"777777777777","777777777777","777777777777",1,0
21,210203,1,4,2,18,4,14,50,12,6,1,0,21,2,23,471,23471,30,1999,"1GTCS1443X85","1","G","T","C","S","1","4","4","3","X","8","5",0,0,0,"000000000","00000000000",0,0,0,1,0,0,0,0,0,0,0,998,0,9,5,12,6,2,12,0,0,0,1,21,41076,1,1,0,0,2,0,71,185,3,2,1,4,2,3,2012,3,2016,4,6,28,0,0,1,2,45,4,1,2,1,40,3,14,10,1,1,2,64,"777777777777","777777777777","777777777777",1,1
21,210203,2,4,1,18,4,14,50,12,6,1,0,21,1,20,481,20481,31,2007,"1GCHK29K07E5","1","G","C","H","K","2","9","K","0","7","E","5",0,0,0,"000000000","00000000000",0,0,0,1,0,0,0,0,0,0,0,998,0,0,0,61,2,5,12,0,0,0,1,21,41004,6,1,0,0,3,0,67,195,0,0,0,1,0,6,2014,6,2014,0,0,0,0,0,1,2,45,4,1,2,1,40,3,14,62,1,1,1,65,"777777777777","777777777777","777777777777",0,0
21,210203,3,4,1,18,4,14,50,12,6,1,0,39,1,18,24,18024,6,2011,"5GAKVCED5BJ3","5","G","A","K","V","C","E","D","5","B","J","3",0,0,0,"000000000","00000000000",0,0,0,1,0,0,0,0,0,0,0,998,0,0,0,12,6,2,12,0,0,0,1,39,45121,6,1,0,0,3,0,62,140,0,0,0,0,0,0,0,0,0,0,0,0,0,0,1,2,45,4,1,2,1,40,3,14,99,1,1,1,98,"777777777777","777777777777","777777777777",0,0
21,210203,4,4,1,18,4,14,50,12,6,1,0,21,1,20,443,20443,20,2004,"1GNDX13E94D1","1","G","N","D","X","1","3","E","9","4","D","1",0,0,0,"000000000","00000000000",0,0,0,1,0,0,0,0,0,0,0,998,0,0,0,0,2,5,7,0,0,0,1,21,41056,6,1,0,0,3,0,65,120,0,0,0,0,0,0,0,0,0,0,0,0,0,0,1,2,45,4,1,2,1,40,3,14,99,1,1,1,98,"777777777777","777777777777","777777777777",0,0
21,210204,1,2,1,26,4,14,0,12,99,1,0,21,1,54,35,54035,4,2006,"19UUA662X6A0","1","9","U","U","A","6","6","2","X","6","A","0",0,0,0,"000000000","00000000000",0,0,0,1,0,0,0,0,0,0,0,998,0,1,4,12,6,2,12,0,0,0,1,21,40311,6,1,0,0,3,0,65,170,0,0,0,0,0,0,0,0,0,3,58,0,0,0,1,2,55,1,2,2,1,40,3,6,9,15,2,2,99,"777777777777","777777777777","777777777777",1,0
21,210204,2,2,1,26,4,14,0,12,99,1,0,21,2,7,482,7482,31,2008,"3D7KS28A88G1","3","D","7","K","S","2","8","A","8","8","G","1",0,0,0,"000000000","00000000000",0,0,0,1,0,0,0,0,0,0,0,998,0,0,0,62,2,5,12,0,0,0,1,21,40361,6,1,0,0,3,1,67,170,1,0,0,1,0,10,2011,11,2014,0,0,0,0,0,1,2,55,1,2,2,1,40,3,1,60,1,1,1,99,"777777777777","777777777777","777777777777",0,0
21,210205,1,1,1,26,4,8,7,1,0,1,0,21,3,98,809,98809,63,1999,"2FWWJCXA6XA9","2","F","W","W","J","C","X","A","6","X","A","9",0,0,77,"777777777","77777777777",3,1,98,1,0,0,0,0,0,0,0,998,0,2,5,0,6,2,42,0,0,0,1,21,42721,6,1,6,0,3,0,73,285,1,0,0,0,0,7,2015,7,2015,0,58,0,0,0,1,2,55,4,2,2,1,0,0,14,12,1,1,4,9,"777777777777","777777777777","777777777777",1,0