"STATE","ST_CASE","VEH_NO","VE_FORMS","NUMOCCS","DAY","MONTH","HOUR","MINUTE","HARM_EV","MAN_COLL","UNITTYPE","HIT_RUN","REG_STAT","OWNER","MAKE","MODEL","MAK_MOD","BODY_TYP","MOD_YEAR","VIN","VIN_1","VIN_2","VIN_3","VIN_4","VIN_5","VIN_6","VIN_7","VIN_8","VIN_9","VIN_10","VIN_11","VIN_12","TOW_VEH","J_KNIFE","MCARR_I1","MCARR_I2","MCARR_ID","GVWR","V_CONFIG","CARGO_BT","HAZ_INV","HAZ_PLAC","HAZ_ID","HAZ_CNO","HAZ_REL","BUS_USE","SPEC_USE","EMER_USE","TRAV_SP","UNDERIDE","ROLLOVER","ROLINLOC","IMPACT1","DEFORMED","TOWED","M_HARM","VEH_SC1","VEH_SC2","FIRE_EXP","DR_PRES","L_STATE","DR_ZIP","L_STATUS","L_TYPE","CDL_STAT","L_ENDORS","L_COMPL","L_RESTRI","DR_HGT","DR_WGT","PREV_ACC","PREV_SUS","PREV_DWI","PREV_SPD","PREV_OTH","FIRST_MO","FIRST_YR","LAST_MO","LAST_YR","SPEEDREL","DR_SF1","DR_SF2","DR_SF3","DR_SF4","VTRAFWAY","VNUM_LAN","VSPD_LIM","VALIGN","VPROFILE","VPAVETYP","VSURCOND","VTRAFCON","VTCONT_F","P_CRASH1","P_CRASH2","P_CRASH3","PCRASH4","PCRASH5","ACC_TYPE","TRLR1VIN","TRLR2VIN","TRLR3VIN","DEATHS","DR_DRINK"
21,210242,3,3,3,25,5,19,56,12,8,1,0,53,1,20,2,20002,4,2008,"2G1WB58K7891","2","G","1","W","B","5","8","K","7","8","9","1",0,0,0,"000000000","00000000000",0,0,0,1,0,0,0,0,0,0,0,998,0,0,0,12,6,2,12,0,0,0,1,53,42539,6,1,0,0,3,0,64,190,0,0,0,0,0,0,0,0,0,0,0,0,0,0,1,2,55,1,1,3,1,0,0,1,62,7,1,1,98,"777777777777","777777777777","777777777777",0,0
21,210243,1,2,1,26,5,17,0,12,2,1,0,21,1,24,9,24009,4,2007,"1G8ZS57N67F2","1","G","8","Z","S","5","7","N","6","7","F","2",0,0,0,"000000000","00000000000",0,0,0,1,0,0,0,0,0,0,0,998,0,0,0,12,6,2,12,0,0,0,1,21,40356,6,1,0,0,3,0,67,180,0,0,0,0,0,0,0,0,0,0,28,0,0,0,5,5,55,1,1,2,2,0,0,1,10,1,1,2,50,"777777777777","777777777777","777777777777",1,0
21,210243,2,2,1,26,5,17,0,12,2,1,0,21,1,54,421,54421,15,2011,"2HNYD2H68BH5","2","H","N","Y","D","2","H","6","8","B","H","5",0,0,0,"000000000","00000000000",0,0,0,1,0,0,0,0,0,0,0,998,0,0,0,12,6,2,12,0,0,0,1,21,40514,6,1,0,0,3,0,69,140,0,0,0,0,0,0,0,0,0,0,0,0,0,0,5,5,55,1,1,2,2,0,0,1,62,1,1,1,51,"777777777777","777777777777","777777777777",0,0
21,210244,1,1,1,26,5,2,32,38,0,1,0,21,1,72,706,72706,80,2014,"1HD1GNM2XEC3","1","H","D","1","G","N","M","2","X","E","C","3",0,0,0,"000000000","00000000000",0,0,0,1,0,0,0,0,0,0,0,67,0,0,0,61,6,2,42,0,0,0,1,21,41042,6,1,0,0,3,0,68,175,1,0,0,0,0,7,2013,7,2013,4,0,0,0,0,1,2,45,4,1,2,1,40,3,14,6,1,1,4,10,"777777777777","777777777777","777777777777",1,1
21,210245,1,3,1,25,5,17,46,12,9,1,0,21,3,22,18,22018,4,2003,"1G2NF52E53C2","1","G","2","N","F","5","2","E","5","3","C","2",0,0,0,"000000000","00000000000",0,0,0,1,0,0,0,0,0,0,0,998,0,0,0,81,6,2,12,0,0,0,1,21,42743,0,0,0,0,0,0,61,115,0,0,0,0,0,0,0,0,0,0,6,0,0,0,1,2,55,1,2,2,1,0,0,6,51,6,4,6,47,"777777777777","777777777777","777777777777",1,0
21,210245,2,3,1,25,5,17,46,12,9,1,0,21,1,7,472,7472,30,1994,"1B7FL26X5RW1","1","B","7","F","L","2","6","X","5","R","W","1",0,0,0,"000000000","00000000000",0,0,0,1,0,0,0,0,0,0,0,998,0,0,0,6,2,5,12,0,0,0,1,21,42718,6,1,0,0,3,0,74,200,0,0,0,0,0,0,0,0,0,0,0,0,0,0,1,2,55,1,2,2,1,0,0,1,64,98,1,1,45,"777777777777","777777777777","777777777777",0,0
21,210245,3,3,1,25,5,17,46,12,9,1,0,21,3,98,898,98898,63,2010,"5SXHNZCY1AR1","5","S","X","H","N","Z","C","Y","1","A","R","1",0,0,77,"777777777","77777777777",3,2,3,1,0,0,0,0,0,0,0,998,0,0,0,12,4,5,12,0,0,0,1,21,40464,6,1,6,1,3,0,71,165,2,0,0,0,0,5,2013,5,2015,0,0,0,0,0,1,2,55,1,2,2,1,0,0,1,62,1,1,1,98,"777777777777","777777777777","777777777777",0,0
21,210246,1,1,2,25,5,20,58,42,0,1,0,21,2,37,32,37032,4,1996,"1HGCD5651TA0","1","H","G","C","D","5","6","5","1","T","A","0",0,0,0,"000000000","00000000000",0,0,0,1,0,0,0,0,0,0,0,998,0,0,0,12,6,2,42,0,0,0,1,21,40057,6,1,0,0,3,0,72,155,0,0,0,0,0,0,0,0,0,0,0,0,0,0,1,2,55,3,1,2,1,0,0,14,13,1,1,4,1,"777777777777","777777777777","777777777777",1,1
21,210247,1,1,1,27,5,7,41,49,0,1,0,21,2,30,40,30040,4,2002,"3VWSP69M42M1","3","V","W","S","P","6","9","M","4","2","M","1",0,0,0,"000000000","00000000000",0,0,0,1,0,0,0,0,0,0,0,998,0,1,5,12,6,2,1,0,0,0,1,21,42254,6,1,0,0,3,1,64,150,0,0,0,0,0,0,0,0,0,0,6,0,0,0,1,2,55,1,2,2,1,0,0,98,90,6,1,3,13,"777777777777","777777777777","777777777777",1,0
21,210248,1,1,1,27,5,20,25,8,0,1,0,21,2,20,481,20481,31,2010,"3GCRCSE31AG1","3","G","C","R","C","S","E","3","1","A","G","1",1,1,0,"000000000","00000000000",0,0,0,1,0,0,0,0,0,0,0,35,0,0,0,12,4,5,8,0,0,0,1,21,42240,6,1,0,0,3,0,61,150,5,0,0,0,0,4,2012,10,2015,0,0,0,0,0,1,2,35,1,1,2,1,0,0,1,80,8,2,1,13,"888888888888","777777777777","777777777777",0,0
21,210249,1,2,1,28,5,22,10,12,6,1,0,0,0,37,701,37701,88,1997,"3H1AF1615VD3","3","H","1","A","F","1","6","1","5","V","D","3",0,0,0,"000000000","00000000000",0,0,0,1,0,0,0,0,0,0,0,998,0,0,0,12,6,2,12,0,0,0,1,21,40229,0,0,0,0,0,0,999,999,99,99,99,99,99,99,9999,99,9999,0,0,0,0,0,8,8,98,8,8,8,98,20,3,1,17,1,1,1,86,"777777777777","777777777777","777777777777",1,0
21,210249,2,2,3,28,5,22,10,12,6,1,0,21,1,63,37,63037,6,2015,"KNDJN2A28F72","K","N","D","J","N","2","A","2","8","F","7","2",0,0,0,"000000000","00000000000",0,0,0,1,0,0,0,0,0,0,0,998,0,0,0,81,4,3,12,0,0,0,1,21,40229,6,1,0,0,3,0,70,200,0,0,0,0,0,0,0,0,0,0,0,0,0,0,1,2,35,1,1,2,1,0,0,1,66,1,1,1,87,"777777777777","777777777777","777777777777",0,1
21,210250,1,1,1,29,5,0,57,1,0,1,0,21,1,98,706,98706,80,2006,"5J11MDJ116W0","5","J","1","1","M","D","J","1","1","6","W","0",0,0,0,"000000000","00000000000",0,0,0,1,0,0,0,0,0,0,0,998,0,0,0,0,6,2,31,0,0,0,1,21,40157,6,1,0,0,3,0,65,145,0,0,0,0,0,0,0,0,0,0,6,0,0,0,1,2,55,2,2,2,1,40,3,14,12,1,1,4,6,"777777777777","777777777777","777777777777",1,1
21,210251,1,1,1,29,5,20,34,35,0,1,0,21,2,52,37,52037,1,2005,"4A3AN75H35E0","4","A","3","A","N","7","5","H","3","5","E","0",0,0,0,"000000000","00000000000",0,0,0,1,0,0,0,0,0,0,0,105,0,1,5,12,6,2,1,0,0,1,1,21,41001,6,1,0,0,3,0,68,155,1,1,0,1,1,5,2012,12,2012,3,6,0,0,0,1,2,55,1,1,2,1,0,0,1,14,16,2,4,14,"777777777777","777777777777","777777777777",1,1
21,210252,1,2,2,1,5,0,17,12,2,1,0,21,2,7,402,7402,14,2002,"1B4HS38N02F1","1","B","4","H","S","3","8","N","0","2","F","1",0,0,0,"000000000","00000000000",0,0,0,1,0,0,0,0,0,0,0,998,0,0,0,12,6,2,12,0,0,0,1,29,40351,6,1,0,0,3,0,68,150,0,0,0,0,0,0,0,0,0,0,6,27,28,87,5,5,55,1,2,2,2,0,0,1,10,1,1,2,50,"777777777777","777777777777","777777777777",0,1
21,210252,2,2,1,1,5,0,17,12,2,1,0,21,1,22,403,22403,14,2006,"2CKDL73F5660","2","C","K","D","L","7","3","F","5","6","6","0",0,0,0,"000000000","00000000000",0,0,0,1,0,0,0,0,0,0,0,998,0,0,0,12,6,2,12,0,0,1,1,21,40360,6,1,0,0,3,0,66,125,1,0,0,0,0,7,2013,7,2013,0,87,0,0,0,5,5,55,1,2,2,2,0,0,1,62,1,1,1,51,"777777777777","777777777777","777777777777",1,0
21,210253,1,5,4,2,5,17,11,12,8,1,0,21,1,37,32,37032,4,2000,"1HGCG5649YA1","1","H","G","C","G","5","6","4","9","Y","A","1",0,0,0,"000000000","00000000000",0,0,0,1,0,0,0,0,0,0,0,998,0,0,0,62,6,2,12,0,0,0,1,21,42101,6,1,0,0,3,1,53,97,0,0,0,0,0,0,0,0,0,0,28,0,0,0,5,5,45,1,1,2,1,3,3,1,3,98,1,2,66,"777777777777","777777777777","777777777777",1,0
21,210253,2,5,1,2,5,17,11,12,8,1,0,21,1,12,17,12017,6,2008,"1FMDK02W18GA","1","F","M","D","K","0","2","W","1","8","G","A",0,0,0,"000000000","00000000000",0,0,0,1,0,0,0,0,0,0,0,0,0,0,0,63,4,5,12,0,0,0,1,21,42101,6,1,0,0,3,0,67,250,0,0,0,1,0,5,2013,5,2013,0,0,0,0,0,5,3,45,1,1,2,1,3,3,5,62,1,1,1,66,"777777777777","777777777777","777777777777",0,0
21,210253,3,5,1,2,5,17,11,12,8,1,0,21,1,2,404,2404,14,2000,"1J4FB28S8YL5","1","J","4","F","B","2","8","S","8","Y","L","5",0,0,0,"000000000","00000000000",0,0,0,1,0,0,0,0,0,0,0,0,0,0,0,6,2,5,12,0,0,0,1,21,42101,6,1,0,0,3,0,69,155,1,0,0,0,0,7,2012,7,2012,0,0,0,0,0,5,5,45,1,1,2,1,3,3,5,62,1,1,1,98,"777777777777","777777777777","777777777777",0,0
21,210253,4,5,1,2,5,17,11,12,8,1,0,21,1,12,37,12037,4,2012,"1FAHP3H2XCL2","1","F","A","H","P","3","H","2","X","C","L","2",0,0,0,"000000000","00000000000",0,0,0,1,0,0,0,0,0,0,0,0,0,0,0,12,6,2,12,0,0,0,1,21,42104,6,1,0,0,3,0,65,145,0,0,0,0,0,0,0,0,0,0,0,0,0,0,5,5,45,1,1,2,1,3,3,5,62,1,1,1,98,"777777777777","777777777777","777777777777",0,0
21,210253,5,5,1,2,5,17,11,12,8,1,0,21,1,63,32,63032,4,2004,"KNADC1258463","K","N","A","D","C","1","2","5","8","4","6","3",0,0,0,"000000000","00000000000",0,0,0,1,0,0,0,0,0,0,0,0,0,0,0,12,2,5,12,0,0,0,1,21,42101,6,1,0,0,3,0,61,110,0,0,0,1,0,7,2012,7,2012,0,0,0,0,0,5,5,45,1,1,2,1,3,3,5,98,1,1,1,98,"777777777777","777777777777","777777777777",0,0
21,210254,1,2,1,6,5,14,12,12,7,1,0,21,1,53,706,53706,80,2004,"JS1GN7CA0421","J","S","1","G","N","7","C","A","0","4","2","1",0,0,0,"000000000","00000000000",0,0,0,1,0,0,0,0,0,0,0,53,0,0,0,81,6,2,12,0,0,0,1,21,42275,6,1,0,0,2,0,65,115,1,0,0,1,0,6,2012,1,2013,0,6,0,0,0,1,2,55,1,2,7,1,0,0,6,61,16,4,6,74,"777777777777","777777777777","777777777777",1,0
21,210254,2,2,1,6,5,14,12,12,7,1,0,21,1,48,34,48034,6,1998,"4S3BK4954W83","4","S","3","B","K","4","9","5","4","W","8","3",0,0,0,"000000000","00000000000",0,0,0,1,0,0,0,0,0,0,0,7,0,0,0,61,6,2,12,0,0,0,1,21,42288,6,1,0,0,3,0,67,150,1,0,0,0,0,7,2011,7,2011,0,0,0,0,0,1,2,55,1,2,7,1,0,0,11,15,1,1,1,74,"777777777777","777777777777","777777777777",0,0
21,210255,1,1,1,8,5,22,32,8,0,1,0,21,1,48,45,48045,6,2005,"4S4BP86CX543","4","S","4","B","P","8","6","C","X","5","4","3",0,0,0,"000000000","00000000000",0,0,0,1,0,0,0,0,0,0,0,998,0,0,0,12,4,5,8,0,0,0,1,21,40212,3,1,0,0,2,1,70,190,1,0,0,0,0,2,2012,2,2012,0,0,0,0,0,2,2,35,1,1,1,1,0,0,1,80,1,1,1,13,"777777777777","777777777777","777777777777",0,0
21,210256,1,1,1,16,5,15,45,38,0,1,0,21,1,72,706,72706,82,2014,"1HD1MAL12EB8","1","H","D","1","M","A","L","1","2","E","B","8",0,0,0,"000000000","00000000000",0,0,0,1,0,0,0,0,0,0,0,40,0,1,5,61,6,2,38,0,0,0,1,21,40391,6,1,0,0,3,1,69,170,0,0,0,0,0,0,0,0,0,0,0,0,0,0,1,2,55,1,1,2,1,0,0,1,12,1,1,4,6,"777777777777","777777777777","777777777777",1,0
21,210257,1,2,2,17,5,9,50,12,6,1,0,21,1,12,401,12401,14,1999,"1FMZU34E1XUC","1","F","M","Z","U","3","4","E","1","X","U","C",0,0,0,"000000000","00000000000",0,0,0,1,0,0,0,0,0,0,0,7,0,0,0,81,6,2,12,0,0,0,1,21,40165,6,1,0,0,3,0,59,98,0,0,0,1,2,7,2013,7,2015,0,0,0,0,0,0,0,0,0,0,0,0,20,3,4,17,10,1,1,87,"777777777777","777777777777","777777777777",1,0
21,210257,2,2,1,17,5,9,50,12,6,1,0,17,1,82,881,82881,66,1998,"2FUPCSZBXWA9","2","F","U","P","C","S","Z","B","X","W","A","9",0,0,77,"777777777","77777777777",3,2,98,1,0,0,0,0,0,0,0,33,0,0,0,12,2,5,12,0,0,0,1,21,40175,6,1,6,9,3,0,71,160,1,0,0,0,0,12,2015,12,2015,0,0,0,0,0,5,5,35,1,1,2,1,40,3,1,71,1,1,1,86,"777777777777","777777777777","777777777777",0,0
21,210258,1,2,1,26,5,17,44,12,8,1,0,21,1,49,472,49472,30,1998,"4TANL42N9WZ0","4","T","A","N","L","4","2","N","9","W","Z","0",0,0,0,"000000000","00000000000",0,0,0,1,0,0,0,0,0,0,0,998,0,0,0,62,6,2,12,0,0,0,1,21,41653,6,1,0,0,3,1,73,183,1,1,0,0,0,3,2015,9,2015,0,28,0,0,0,1,2,55,1,1,2,1,0,0,1,10,1,1,2,64,"777777777777","777777777777","777777777777",1,0
21,210258,2,2,4,26,5,17,44,12,8,1,0,18,1,7,442,7442,20,2005,"2D8GP44LX5R4","2","D","8","G","P","4","4","L","X","5","R","4",0,0,0,"000000000","00000000000",0,0,0,1,0,0,0,0,0,0,0,998,0,0,0,62,6,2,12,0,0,0,1,18,46580,6,1,0,0,3,1,64,200,0,0,0,0,0,0,0,0,0,0,0,0,0,0,1,2,55,1,1,2,1,0,0,1,62,7,1,1,65,"777777777777","777777777777","777777777777",0,0
21,210259,1,1,3,26,5,17,56,35,0,1,0,21,1,12,37,12037,4,2008,"1FAHP35N28W1","1","F","A","H","P","3","5","N","2","8","W","1",0,0,0,"000000000","00000000000",0,0,0,1,0,0,0,0,0,0,0,998,0,1,5,98,6,2,35,0,0,0,1,21,40508,6,1,0,0,3,0,70,167,2,0,0,0,0,12,2014,5,2016,0,87,0,0,0,3,3,70,1,1,2,2,40,3,1,13,1,1,4,1,"777777777777","777777777777","777777777777",1,0
21,210260,1,1,1,30,5,4,56,8,0,1,0,54,1,12,37,12037,4,2010,"1FAHP3EN0AW2","1","F","A","H","P","3","E","N","0","A","W","2",0,0,0,"000000000","00000000000",0,0,0,1,0,0,0,0,0,0,0,67,0,0,0,12,6,2,8,0,0,0,1,54,25303,6,1,0,0,3,1,68,190,0,0,0,0,0,0,0,0,0,0,86,0,0,0,3,3,70,1,1,2,1,0,0,1,80,15,2,1,13,"777777777777","777777777777","777777777777",0,0
21,210261,1,1,1,1,5,7,39,35,0,1,0,21,1,21,1,21001,2,1986,"1G3GM47Y4GP3","1","G","3","G","M","4","7","Y","4","G","P","3",0,0,0,"000000000","00000000000",0,0,0,1,0,0,0,0,0,0,0,998,0,0,0,12,6,2,42,0,0,0,1,21,40069,6,1,0,0,3,1,70,145,0,1,1,0,0,2,2014,2,2014,0,6,0,0,0,1,2,55,1,1,2,1,0,0,1,12,1,1,4,6,"777777777777","777777777777","777777777777",1,1
21,210262,1,6,1,7,5,11,37,12,1,1,0,39,1,20,32,20032,4,2002,"1Y1SK52802Z4","1","Y","1","S","K","5","2","8","0","2","Z","4",0,0,0,"000000000","00000000000",0,0,0,1,0,0,0,0,0,0,0,998,0,0,0,12,4,3,12,0,0,0,1,39,44017,6,1,0,0,3,1,69,165,0,0,0,0,0,0,0,0,0,0,0,0,0,0,3,3,70,1,1,2,1,0,0,1,50,16,2,1,20,"777777777777","777777777777","777777777777",0,0
21,210262,2,6,2,7,5,11,37,12,1,1,0,95,1,18,22,18022,4,2010,"1G4GJ5EG3AF1","1","G","4","G","J","5","E","G","3","A","F","1",0,0,0,"000000000","00000000000",0,0,0,1,0,0,0,0,0,0,0,0,0,0,0,6,4,3,12,0,0,0,1,95,0,9,9,99,9,9,9,999,999,99,99,99,99,99,99,9999,99,9999,0,0,0,0,0,3,3,70,1,1,2,1,0,0,5,53,1,1,1,21,"777777777777","777777777777","777777777777",1,0
21,210262,3,6,1,7,5,11,37,12,1,1,0,47,2,37,402,37402,14,2005,"SHSRD68535U3","S","H","S","R","D","6","8","5","3","5","U","3",0,0,0,"000000000","00000000000",0,0,0,1,0,0,0,0,0,0,0,0,0,0,0,6,2,3,12,0,0,0,1,47,37307,6,1,0,0,3,1,62,175,0,0,0,0,0,0,0,0,0,0,0,0,0,0,3,3,70,1,1,2,1,0,0,5,98,1,1,1,98,"777777777777","777777777777","777777777777",0,0
21,210262,4,6,3,7,5,11,37,12,1,1,0,47,2,59,401,59401,14,9999,"2T2HK31U29C1","2","T","2","H","K","3","1","U","2","9","C","1",0,0,0,"000000000","00000000000",0,0,0,1,0,0,0,0,0,0,0,0,0,0,0,6,2,5,12,0,0,0,1,47,37938,6,1,6,0,3,1,71,220,1,0,0,2,1,10,2011,6,2013,0,0,0,0,0,3,3,70,1,1,2,1,0,0,5,98,1,1,1,98,"777777777777","777777777777","777777777777",0,0
21,210262,5,6,2,7,5,11,37,12,1,1,0,21,3,49,40,49040,4,2014,"4T1BF1FK2EU3","4","T","1","B","F","1","F","K","2","E","U","3",0,0,0,"000000000","00000000000",0,0,0,1,0,0,0,0,0,0,0,0,0,0,0,6,2,5,12,0,0,0,1,21,40324,6,1,0,0,3,1,71,156,1,0,0,0,0,5,2016,5,2016,0,0,0,0,0,3,3,70,1,1,2,1,0,0,5,98,1,1,1,98,"777777777777","777777777777","777777777777",0,0
21,210262,6,6,1,7,5,11,37,12,1,1,0,21,2,35,50,35050,4,2014,"3N1CN7AP5EL8","3","N","1","C","N","7","A","P","5","E","L","8",0,0,0,"000000000","00000000000",0,0,0,1,0,0,0,0,0,0,0,0,0,0,0,6,2,5,12,0,0,0,1,21,41101,6,1,0,0,3,0,65,110,2,0,0,1,0,9,2015,5,2016,0,0,0,0,0,3,3,70,1,1,2,1,0,0,5,98,1,1,1,98,"777777777777","777777777777","777777777777",0,0
21,210263,1,1,1,3,5,14,26,1,0,1,0,21,1,98,709,98709,80,2008,"LHJLW96GX8B0","L","H","J","L","W","9","6","G","X","8","B","0",0,0,0,"000000000","00000000000",0,0,0,1,0,0,0,0,0,0,0,998,0,0,0,0,2,3,1,0,0,0,1,21,42633,6,1,0,0,2,0,72,195,1,0,0,0,0,6,2015,6,2015,0,0,0,0,0,1,2,35,4,1,2,1,0,0,14,19,98,2,6,98,"777777777777","777777777777","777777777777",1,0
21,210264,1,1,1,8,5,21,27,42,0,1,0,21,2,12,481,12481,31,2004,"1FTNW21P54EA","1","F","T","N","W","2","1","P","5","4","E","A",0,0,0,"000000000","00000000000",0,0,0,1,0,0,0,0,0,0,0,998,0,0,0,61,6,2,42,0,0,0,1,21,40437,6,1,8,0,3,1,71,165,1,0,0,0,0,4,2015,4,2015,0,0,0,0,0,1,2,55,3,1,2,1,40,3,14,9,1,1,4,6,"777777777777","777777777777","777777777777",1,0
21,210265,1,2,2,22,5,18,40,12,6,1,0,21,1,53,40,53040,4,2008,"JS2YC4151851","J","S","2","Y","C","4","1","5","1","8","5","1",0,0,0,"000000000","00000000000",0,0,0,1,0,0,0,0,0,0,0,998,0,0,0,61,6,2,12,0,0,0,1,21,42101,6,1,0,0,3,0,70,190,0,0,0,0,0,0,0,0,0,0,38,0,0,0,1,2,98,1,1,2,1,20,3,11,15,16,1,1,82,"777777777777","777777777777","777777777777",1,0
21,210265,2,2,1,22,5,18,40,12,6,1,0,21,1,12,473,12473,30,2001,"1FMZU77E91UB","1","F","M","Z","U","7","7","E","9","1","U","B",0,0,0,"000000000","00000000000",0,0,0,1,0,0,0,0,0,0,0,998,0,0,0,12,6,2,12,0,0,0,1,21,42101,6,1,0,0,3,1,69,170,0,0,0,0,0,0,0,0,0,0,0,0,0,0,2,2,55,1,1,2,1,0,0,1,67,9,2,1,83,"777777777777","777777777777","777777777777",0,0
21,210266,1,1,2,16,5,15,26,35,0,1,0,21,2,20,481,20481,31,2000,"1GCEC14W3YZ3","1","G","C","E","C","1","4","W","3","Y","Z","3",0,0,0,"000000000","00000000000",0,0,0,1,0,0,0,0,0,0,0,998,0,1,5,98,6,2,1,0,0,0,1,21,42141,6,1,0,0,3,1,75,145,1,0,0,0,0,1,2016,1,2016,3,6,0,0,0,3,3,70,1,1,1,1,0,0,1,9,98,5,4,5,"777777777777","777777777777","777777777777",1,1
21,210267,1,2,2,25,1,15,42,12,6,1,0,21,1,49,40,49040,4,1999,"4T1BG28K1XU6","4","T","1","B","G","2","8","K","1","X","U","6",0,0,0,"000000000","00000000000",0,0,0,1,0,0,0,0,0,0,0,998,0,0,0,82,6,2,12,0,0,0,1,21,40214,6,1,0,0,3,0,62,140,0,0,0,0,0,0,0,0,0,0,38,0,0,0,1,2,98,1,1,2,98,20,3,4,19,1,1,1,87,"777777777777","777777777777","777777777777",0,0
21,210267,2,2,1,25,1,15,42,12,6,1,0,21,1,6,441,6441,20,1999,"1C4GP64L1XB6","1","C","4","G","P","6","4","L","1","X","B","6",0,0,0,"000000000","00000000000",0,0,0,1,0,0,0,0,0,0,0,998,0,0,0,12,6,2,12,0,0,0,1,21,40214,6,1,0,0,3,0,60,145,0,0,0,0,0,0,0,0,0,0,0,0,0,0,1,2,35,1,1,2,2,0,0,1,68,16,2,1,86,"777777777777","777777777777","777777777777",1,0
21,210268,1,1,2,24,3,13,15,24,0,1,0,21,1,49,472,49472,30,2007,"5TEPX42N17Z3","5","T","E","P","X","4","2","N","1","7","Z","3",0,0,0,"000000000","00000000000",0,0,0,1,0,0,0,0,0,0,0,60,0,1,5,81,6,2,35,0,0,0,1,21,41179,6,1,0,0,3,0,70,200,0,0,0,0,0,0,0,0,0,0,58,0,0,0,1,2,55,1,1,2,1,0,0,1,13,1,1,4,1,"777777777777","777777777777","777777777777",1,0
21,210269,1,2,2,21,4,11,22,12,2,1,0,21,2,63,32,63032,4,2014,"KNADM4A32E63","K","N","A","D","M","4","A","3","2","E","6","3",0,0,0,"000000000","00000000000",0,0,0,1,0,0,0,0,0,0,0,998,0,0,0,12,6,2,12,0,0,0,1,21,40734,6,1,0,0,3,0,71,240,0,0,0,0,0,0,0,0,0,0,28,0,0,0,1,2,55,1,2,2,1,0,0,1,10,1,1,2,50,"777777777777","777777777777","777777777777",1,0
21,210269,2,2,1,21,4,11,22,12,2,1,0,21,1,20,481,20481,31,2001,"1GCJK39U31E3","1","G","C","J","K","3","9","U","3","1","E","3",0,0,0,"000000000","00000000000",0,0,0,1,0,0,0,0,0,0,0,998,0,0,0,12,6,2,12,0,0,0,1,21,40769,6,1,0,0,3,0,70,205,0,0,0,0,0,0,0,0,0,0,0,0,0,0,1,2,55,1,2,2,1,0,0,1,62,16,2,1,51,"777777777777","777777777777","777777777777",0,0
21,210270,1,1,1,3,5,19,53,1,0,1,0,0,0,99,739,99739,90,9999,"888888888888","8","8","8","8","8","8","8","8","8","8","8","8",0,0,0,"000000000","00000000000",0,0,0,1,0,0,0,0,0,0,0,27,0,2,1,0,2,5,5,0,0,0,1,21,40769,6,1,0,0,1,0,70,220,0,0,0,0,0,0,0,0,0,0,6,0,0,0,1,1,35,4,1,4,1,0,0,10,9,98,2,1,98,"777777777777","777777777777","777777777777",1,1
21,210271,1,1,1,13,5,14,26,1,0,1,0,21,1,98,705,98705,80,2007,"KM1MP5789716","K","M","1","M","P","5","7","8","9","7","1","6",0,0,0,"000000000","00000000000",0,0,0,1,0,0,0,0,0,0,0,998,0,0,0,0,6,2,24,0,0,0,1,21,40828,6,1,0,0,3,1,71,135,1,0,0,1,0,10,2014,4,2016,0,6,79,0,0,1,2,55,4,3,2,1,0,0,14,9,1,1,2,98,"777777777777","777777777777","777777777777",1,0
21,210272,1,2,1,25,5,10,27,12,2,1,0,21,2,20,481,20481,31,2012,"1GB3KZCG9CF1","1","G","B","3","K","Z","C","G","9","C","F","1",0,0,0,"000000000","00000000000",0,0,0,1,0,0,0,0,0,0,0,60,0,0,0,12,6,2,12,0,0,0,1,21,42376,6,1,0,0,3,0,73,220,1,0,0,0,0,11,2011,11,2011,0,28,0,0,0,1,2,55,1,1,2,1,40,3,1,10,1,1,2,50,"777777777777","777777777777","777777777777",0,0
21,210272,2,2,1,25,5,10,27,12,2,1,0,55,3,35,461,35461,21,2015,"1N6BF0LX4FN8","1","N","6","B","F","0","L","X","4","F","N","8",0,0,0,"000000000","00000000000",0,0,0,1,0,0,0,0,0,0,0,57,0,0,0,12,6,2,12,0,0,0,1,21,42303,6,1,0,0,3,1,71,156,1,0,0,1,0,8,2013,10,2015,0,0,0,0,0,1,2,55,1,1,2,1,40,3,1,62,1,1,1,51,"777777777777","777777777777","777777777777",1,0
21,210273,1,1,1,6,5,12,5,38,0,1,0,21,1,35,39,35039,4,2007,"1N4BA41E87C8","1","N","4","B","A","4","1","E","8","7","C","8",0,0,0,"000000000","00000000000",0,0,0,1,0,0,0,0,0,0,0,70,0,9,5,98,6,2,1,0,0,0,1,21,40361,6,1,0,0,3,0,71,145,2,0,0,0,0,3,2012,2,2016,4,6,0,0,0,1,2,55,3,2,2,1,40,3,14,6,16,2,4,2,"777777777777","777777777777","777777777777",1,0
21,210274,1,1,2,1,6,5,17,42,0,1,0,26,1,82,881,82881,66,2005,"1FUJAPCK35DU","1","F","U","J","A","P","C","K","3","5","D","U",1,1,58,"009490","58009490",3,6,1,1,0,0,0,0,0,0,0,998,0,0,0,12,6,2,42,0,0,1,1,29,63072,6,1,6,0,3,0,69,170,0,0,0,0,1,3,2015,3,2015,0,6,0,0,0,2,2,70,1,2,2,1,40,3,1,13,1,1,4,1,"888888888888","777777777777","777777777777",1,0