"STATE","ST_CASE","VEH_NO","VE_FORMS","NUMOCCS","DAY","MONTH","HOUR","MINUTE","HARM_EV","MAN_COLL","UNITTYPE","HIT_RUN","REG_STAT","OWNER","MAKE","MODEL","MAK_MOD","BODY_TYP","MOD_YEAR","VIN","VIN_1","VIN_2","VIN_3","VIN_4","VIN_5","VIN_6","VIN_7","VIN_8","VIN_9","VIN_10","VIN_11","VIN_12","TOW_VEH","J_KNIFE","MCARR_I1","MCARR_I2","MCARR_ID","GVWR","V_CONFIG","CARGO_BT","HAZ_INV","HAZ_PLAC","HAZ_ID","HAZ_CNO","HAZ_REL","BUS_USE","SPEC_USE","EMER_USE","TRAV_SP","UNDERIDE","ROLLOVER","ROLINLOC","IMPACT1","DEFORMED","TOWED","M_HARM","VEH_SC1","VEH_SC2","FIRE_EXP","DR_PRES","L_STATE","DR_ZIP","L_STATUS","L_TYPE","CDL_STAT","L_ENDORS","L_COMPL","L_RESTRI","DR_HGT","DR_WGT","PREV_ACC","PREV_SUS","PREV_DWI","PREV_SPD","PREV_OTH","FIRST_MO","FIRST_YR","LAST_MO","LAST_YR","SPEEDREL","DR_SF1","DR_SF2","DR_SF3","DR_SF4","VTRAFWAY","VNUM_LAN","VSPD_LIM","VALIGN","VPROFILE","VPAVETYP","VSURCOND","VTRAFCON","VTCONT_F","P_CRASH1","P_CRASH2","P_CRASH3","PCRASH4","PCRASH5","ACC_TYPE","TRLR1VIN","TRLR2VIN","TRLR3VIN","DEATHS","DR_DRINK"
21,210275,1,2,1,1,6,12,10,12,1,1,0,51,1,23,8,23008,6,2011,"1GKKRREDXBJ4","1","G","K","K","R","R","E","D","X","B","J","4",0,0,0,"000000000","00000000000",0,0,0,1,0,0,0,0,0,0,0,998,0,2,3,12,6,2,12,0,0,0,1,51,23322,9,9,99,9,9,9,999,999,99,99,99,99,99,99,9999,99,9999,0,6,0,0,0,2,2,70,1,2,2,1,40,3,1,51,1,1,1,24,"777777777777","777777777777","777777777777",1,0
21,210275,2,2,1,1,6,12,10,12,1,1,0,18,3,87,884,87884,66,2004,"1XP5DB9X34M8","1","X","P","5","D","B","9","X","3","4","M","8",2,1,57,"02320436","5702320436",3,7,2,2,2,3264,8,1,0,0,0,998,0,0,0,6,4,5,12,0,0,0,1,47,37766,6,1,6,1,3,0,70,235,0,0,0,0,0,0,0,0,0,0,0,0,0,0,2,2,70,1,2,2,1,40,3,1,53,98,1,1,25,"888888888888","777777777777","777777777777",0,0
21,210276,1,2,1,3,6,5,11,12,2,1,0,21,1,49,32,49032,4,1998,"1NXBR18E6WZ0","1","N","X","B","R","1","8","E","6","W","Z","0",0,0,0,"000000000","00000000000",0,0,0,1,0,0,0,0,0,0,0,998,0,0,0,12,6,2,12,0,0,0,1,21,40065,6,1,0,0,3,0,65,200,0,0,0,0,0,0,0,0,0,0,6,28,0,0,1,2,55,1,2,2,1,0,0,1,10,98,1,2,50,"777777777777","777777777777","777777777777",1,1
21,210276,2,2,1,3,6,5,11,12,2,1,0,26,3,82,881,82881,66,2009,"1FUJA6DR79DA","1","F","U","J","A","6","D","R","7","9","D","A",1,1,57,"00300960","5700300960",3,6,1,1,0,0,0,0,0,0,0,998,0,0,0,12,6,2,12,0,0,0,1,21,41001,6,1,6,1,3,0,68,160,0,0,0,1,0,8,2012,8,2012,0,0,0,0,0,1,2,55,1,2,2,1,0,0,1,62,16,2,1,51,"888888888888","777777777777","777777777777",0,0
21,210277,1,1,1,4,6,3,39,1,0,1,0,21,1,20,421,20421,15,2005,"1GNEK13T25R1","1","G","N","E","K","1","3","T","2","5","R","1",0,0,0,"000000000","00000000000",0,0,0,1,0,0,0,0,0,0,0,998,0,2,3,0,6,2,1,0,0,0,1,21,40291,6,1,0,0,3,0,76,250,0,0,0,0,0,0,0,0,0,0,6,58,0,0,2,2,70,1,1,2,1,0,0,1,12,1,1,4,6,"777777777777","777777777777","777777777777",1,1
21,210278,1,1,3,4,6,9,37,24,0,1,0,36,2,22,441,22441,20,2004,"1GMDX13E94D1","1","G","M","D","X","1","3","E","9","4","D","1",0,0,0,"000000000","00000000000",0,0,0,1,0,0,0,0,0,0,0,998,0,0,0,81,6,2,24,0,0,0,1,12,33765,6,1,0,0,3,0,70,999,0,0,0,0,0,0,0,0,0,0,6,0,0,0,2,2,70,1,1,2,1,0,0,1,13,98,1,4,5,"777777777777","777777777777","777777777777",1,0
21,210279,1,4,1,4,6,16,50,12,1,1,0,21,1,20,403,20403,14,2006,"1GNDT13S8622","1","G","N","D","T","1","3","S","8","6","2","2",0,0,0,"000000000","00000000000",0,0,0,1,0,0,0,0,0,0,0,998,0,0,0,12,6,2,12,0,0,0,1,21,40272,6,1,0,0,3,0,68,230,1,0,0,1,0,10,2012,2,2014,0,6,0,0,0,6,3,98,1,1,1,1,3,3,1,50,1,1,1,20,"777777777777","777777777777","777777777777",0,0
21,210279,2,4,2,4,6,16,50,12,1,1,0,21,2,12,17,12017,4,2003,"1FAFP55U93A1","1","F","A","F","P","5","5","U","9","3","A","1",0,0,0,"000000000","00000000000",0,0,0,1,0,0,0,0,0,0,0,0,0,0,0,6,6,2,12,0,0,0,1,21,40272,6,1,0,0,3,1,67,250,2,0,0,0,0,5,2012,6,2013,0,0,0,0,0,6,3,98,1,1,1,1,3,3,5,53,1,1,1,21,"777777777777","777777777777","777777777777",1,0
21,210279,3,4,1,4,6,16,50,12,1,1,0,21,1,12,481,12481,31,2016,"1FTEX1EP1GFA","1","F","T","E","X","1","E","P","1","G","F","A",0,0,0,"000000000","00000000000",0,0,0,1,0,0,0,0,0,0,0,0,0,0,0,6,6,2,12,0,0,0,1,21,40272,6,1,0,0,3,0,74,280,0,0,0,0,0,0,0,0,0,0,0,0,0,0,6,3,98,1,1,1,1,3,3,5,53,1,1,1,98,"777777777777","777777777777","777777777777",0,0
21,210279,4,4,1,4,6,16,50,12,1,1,0,21,1,22,2,22002,4,2000,"1G2HX54K3Y42","1","G","2","H","X","5","4","K","3","Y","4","2",0,0,0,"000000000","00000000000",0,0,0,1,0,0,0,0,0,0,0,0,0,0,0,6,4,5,12,0,0,0,1,17,40291,6,1,0,0,3,1,60,97,0,0,0,0,0,0,0,0,0,0,0,0,0,0,6,3,98,1,1,1,1,3,3,5,53,1,1,1,98,"777777777777","777777777777","777777777777",0,0
21,210280,1,1,3,5,6,2,11,35,0,1,0,21,2,7,422,7422,15,2013,"1C4RDJDG8DC6","1","C","4","R","D","J","D","G","8","D","C","6",0,0,0,"000000000","00000000000",0,0,0,1,0,0,0,0,0,0,0,103,0,2,5,62,6,2,1,0,0,0,1,21,42437,1,1,0,0,2,0,71,155,1,2,2,0,1,4,2015,12,2015,3,6,0,0,0,1,2,55,1,2,2,1,0,0,1,6,98,1,4,10,"777777777777","777777777777","777777777777",1,1
21,210281,1,2,2,6,6,18,29,12,6,1,0,21,1,37,706,37706,80,2009,"JH2RC53089K2","J","H","2","R","C","5","3","0","8","9","K","2",0,0,0,"000000000","00000000000",0,0,0,1,0,0,0,0,0,0,0,998,0,0,0,81,6,2,12,0,0,0,1,21,42345,6,1,0,0,3,0,72,148,0,0,0,0,0,0,0,0,0,0,6,0,0,0,5,5,55,1,1,2,1,3,3,11,15,1,1,1,68,"777777777777","777777777777","777777777777",2,0
21,210281,2,2,4,6,6,18,29,12,6,1,0,21,1,49,482,49482,31,2009,"5TFDW54129X0","5","T","F","D","W","5","4","1","2","9","X","0",0,0,0,"000000000","00000000000",0,0,0,1,0,0,0,0,0,0,0,998,0,0,0,12,6,2,12,0,0,0,1,21,42303,6,1,0,0,3,0,74,210,0,0,0,0,0,0,0,0,0,0,0,0,0,0,1,3,98,1,1,2,1,3,3,1,62,16,2,1,69,"777777777777","777777777777","777777777777",0,0
21,210282,1,1,1,8,6,17,56,42,0,1,0,21,1,23,472,23472,30,2005,"1GTDT136X582","1","G","T","D","T","1","3","6","X","5","8","2",0,0,0,"000000000","00000000000",0,0,0,1,0,0,0,0,0,0,0,998,0,0,0,61,6,2,42,0,0,0,1,21,42406,6,1,0,0,3,0,67,200,0,0,0,0,0,0,0,0,0,0,0,0,0,0,1,2,45,2,1,2,1,0,0,14,12,1,1,4,6,"777777777777","777777777777","777777777777",1,0
21,210283,1,1,1,8,6,22,49,34,0,1,0,21,2,7,482,7482,31,2005,"3D7KS28C35G7","3","D","7","K","S","2","8","C","3","5","G","7",0,0,0,"000000000","00000000000",0,0,0,1,0,0,0,0,0,0,0,998,0,1,5,98,6,2,34,0,0,0,1,21,42167,6,1,0,0,3,1,68,149,1,0,0,0,1,11,2014,12,2014,0,58,0,0,0,1,2,55,2,2,2,1,40,3,14,13,8,4,4,7,"777777777777","777777777777","777777777777",1,0
21,210284,1,1,1,9,6,0,17,8,0,1,0,21,1,49,32,49032,4,2008,"2T1BR32E58C9","2","T","1","B","R","3","2","E","5","8","C","9",0,0,0,"000000000","00000000000",0,0,0,1,0,0,0,0,0,0,0,998,0,0,0,14,2,5,8,0,0,0,1,21,40217,6,1,0,0,3,1,68,180,1,1,0,0,0,11,2011,4,2012,0,0,0,0,0,4,4,35,1,1,2,1,0,0,1,80,16,2,1,13,"777777777777","777777777777","777777777777",0,0
21,210285,1,3,1,9,6,7,20,12,6,1,0,21,1,12,37,12037,6,2005,"1FAFP36N45W2","1","F","A","F","P","3","6","N","4","5","W","2",0,0,0,"000000000","00000000000",0,0,0,1,0,0,0,0,0,0,0,998,0,0,0,81,6,2,12,0,0,0,1,21,40505,6,1,0,0,3,0,74,180,1,0,0,0,0,12,2015,12,2015,0,39,48,0,0,2,4,45,1,1,2,1,3,3,11,15,1,1,1,68,"777777777777","777777777777","777777777777",1,0
21,210285,2,3,1,9,6,7,20,12,6,1,0,21,1,32,43,32043,4,2012,"WAUFFAFL4CN0","W","A","U","F","F","A","F","L","4","C","N","0",0,0,0,"000000000","00000000000",0,0,0,1,0,0,0,0,0,0,0,998,0,0,0,12,6,2,12,0,0,0,1,21,40517,6,1,0,0,3,1,62,110,0,0,0,0,0,0,0,0,0,0,0,0,0,0,2,5,45,1,1,2,1,3,3,1,17,1,1,1,69,"777777777777","777777777777","777777777777",0,0
21,210285,3,3,1,9,6,7,20,12,6,1,0,21,3,59,34,59034,4,2016,"JTHCZ1BL0GA0","J","T","H","C","Z","1","B","L","0","G","A","0",0,0,0,"000000000","00000000000",0,0,0,1,0,0,0,0,0,0,0,998,0,0,0,11,6,2,12,0,0,0,1,21,40509,6,1,0,0,3,1,71,195,0,0,0,0,0,0,0,0,0,0,0,0,0,0,2,5,45,1,1,2,1,3,3,1,17,1,1,1,98,"777777777777","777777777777","777777777777",0,0
21,210286,1,1,1,9,6,17,20,1,0,1,0,21,2,12,881,12881,64,1988,"1FDYS90L6JVA","1","F","D","Y","S","9","0","L","6","J","V","A",5,1,57,"861940","57861940",2,4,4,1,0,0,0,0,0,0,0,998,0,2,5,0,6,2,1,0,0,0,1,21,40245,6,1,1,0,2,0,73,235,1,1,0,1,0,6,2013,7,2013,0,58,0,0,0,1,2,55,1,2,2,1,0,0,1,12,6,9,4,7,"777777777777","777777777777","777777777777",1,0
21,210287,1,4,1,7,6,22,9,12,1,1,0,21,1,19,18,19018,2,2015,"1G6DV1EP2F01","1","G","6","D","V","1","E","P","2","F","0","1",0,0,0,"000000000","00000000000",0,0,0,1,0,0,0,0,0,0,0,998,0,0,0,12,6,2,12,0,0,0,1,21,40391,6,1,0,0,3,1,67,180,2,0,0,0,0,1,2015,4,2016,0,0,0,0,0,5,6,55,1,1,2,1,3,3,1,51,1,1,1,24,"777777777777","777777777777","777777777777",0,0
21,210287,2,4,3,7,6,22,9,12,1,1,0,21,1,12,36,12036,3,1997,"KNJLT05H7V62","K","N","J","L","T","0","5","H","7","V","6","2",0,0,0,"000000000","00000000000",0,0,0,1,0,0,0,0,0,0,0,998,0,0,0,6,6,2,12,0,0,0,1,21,40475,6,1,0,0,3,0,64,115,0,0,0,0,0,0,0,0,0,0,0,0,0,0,5,6,55,1,1,2,1,3,3,2,53,1,1,1,25,"777777777777","777777777777","777777777777",2,0
21,210287,3,4,2,7,6,22,9,12,1,1,0,21,1,35,43,35043,4,2012,"3N1AB6AP2CL7","3","N","1","A","B","6","A","P","2","C","L","7",0,0,0,"000000000","00000000000",0,0,0,1,0,0,0,0,0,0,0,0,0,0,0,6,6,2,12,0,0,0,1,21,40475,6,1,0,0,3,0,60,83,0,0,0,0,0,0,0,0,0,0,0,0,0,0,5,6,55,1,1,2,1,3,3,5,53,1,1,1,98,"777777777777","777777777777","777777777777",0,0
21,210287,4,4,1,7,6,22,9,12,1,1,0,21,1,63,401,63401,14,2009,"KNDJF7249976","K","N","D","J","F","7","2","4","9","9","7","6",0,0,0,"000000000","00000000000",0,0,0,1,0,0,0,0,0,0,0,0,0,0,0,81,2,5,54,0,0,0,1,21,40391,6,1,0,0,3,1,70,146,0,0,0,0,0,0,0,0,0,0,0,0,0,0,5,6,55,1,1,2,1,3,3,5,98,1,1,1,98,"777777777777","777777777777","777777777777",0,0
21,210288,1,4,1,10,6,16,16,12,7,1,0,17,1,72,706,72706,80,2007,"1HD1FC4177Y6","1","H","D","1","F","C","4","1","7","7","Y","6",0,0,0,"000000000","00000000000",0,0,0,1,0,0,0,0,0,0,0,998,0,0,0,61,2,5,12,0,0,0,1,17,60490,6,1,0,0,3,0,74,220,0,0,0,1,0,6,2012,6,2012,0,6,0,0,0,3,4,70,4,2,2,1,0,0,15,10,1,1,2,45,"777777777777","777777777777","777777777777",0,0
21,210288,2,4,2,10,6,16,16,12,7,1,0,21,3,2,407,2407,14,2010,"1J4NF2GB1AD6","1","J","4","N","F","2","G","B","1","A","D","6",0,0,0,"000000000","00000000000",0,0,0,1,0,0,0,0,0,0,0,998,0,0,0,82,2,5,12,0,0,0,1,21,41311,6,1,0,0,3,1,70,175,0,0,0,1,0,1,2014,1,2014,0,0,0,0,0,3,4,70,4,2,2,1,0,0,14,61,1,1,1,44,"777777777777","777777777777","777777777777",0,0
21,210288,3,4,1,10,6,16,16,12,7,1,0,17,1,37,706,37706,80,2009,"1HFSC55029A5","1","H","F","S","C","5","5","0","2","9","A","5",0,0,0,"000000000","00000000000",0,0,0,1,0,0,0,0,0,0,0,998,0,0,0,61,6,2,12,0,0,0,1,17,60628,6,1,0,0,3,1,68,150,0,0,0,0,5,10,2014,2,2015,0,6,0,0,0,3,4,70,4,2,2,1,0,0,15,10,16,2,2,98,"777777777777","777777777777","777777777777",1,1
21,210288,4,4,2,10,6,16,16,12,7,1,0,21,1,12,481,12481,31,2006,"1FTPX12V96NA","1","F","T","P","X","1","2","V","9","6","N","A",0,0,0,"000000000","00000000000",0,0,0,1,0,0,0,0,0,0,0,998,0,0,0,6,4,3,12,0,0,0,1,21,40165,6,1,0,0,3,0,74,172,0,0,0,0,0,0,0,0,0,0,0,0,0,0,3,4,70,4,2,2,1,0,0,14,53,1,1,1,98,"777777777777","777777777777","777777777777",0,0
21,210289,1,1,1,10,6,12,38,38,0,1,0,21,1,20,2,20002,4,2012,"2G1WC5E31C13","2","G","1","W","C","5","E","3","1","C","1","3",0,0,0,"000000000","00000000000",0,0,0,1,0,0,0,0,0,0,0,20,0,2,4,12,6,2,1,0,0,0,1,21,42071,6,1,0,0,3,0,65,200,0,0,0,0,0,0,0,0,0,0,0,0,0,0,1,2,15,1,1,2,1,0,0,11,12,1,1,4,6,"777777777777","777777777777","777777777777",1,0
21,210290,1,1,1,9,6,15,46,32,0,1,0,21,1,72,706,72706,80,1991,"1HD4CAM19MY1","1","H","D","4","C","A","M","1","9","M","Y","1",0,0,0,"000000000","00000000000",0,0,0,1,0,0,0,0,0,0,0,998,0,0,0,12,6,2,32,0,0,0,1,21,42437,6,1,0,0,3,0,69,222,1,0,0,0,0,3,2015,3,2015,0,0,0,0,0,1,2,55,1,1,2,1,0,0,1,9,16,2,4,5,"777777777777","777777777777","777777777777",1,0
21,210291,1,2,1,9,6,16,43,12,2,1,0,4,3,12,462,12462,21,2016,"1FTYR1ZM6GKA","1","F","T","Y","R","1","Z","M","6","G","K","A",0,0,0,"000000000","00000000000",0,0,0,1,0,0,0,0,0,0,0,40,0,0,0,12,6,2,12,0,0,0,1,21,40906,6,1,0,0,3,0,69,210,0,0,0,0,0,0,0,0,0,0,28,0,0,0,1,2,45,2,2,2,1,40,3,14,10,1,1,2,50,"777777777777","777777777777","777777777777",0,0
21,210291,2,2,1,9,6,16,43,12,2,1,0,21,1,20,36,20036,2,2003,"2G1WX12K2392","2","G","1","W","X","1","2","K","2","3","9","2",0,0,0,"000000000","00000000000",0,0,0,1,0,0,0,0,0,0,0,40,0,0,0,12,6,2,12,0,0,0,1,21,42519,6,1,0,0,3,0,67,215,2,0,0,0,0,2,2012,3,2012,0,0,0,0,0,1,2,45,3,2,2,1,40,3,14,62,1,1,1,51,"777777777777","777777777777","777777777777",1,0
21,210292,1,2,1,11,6,8,50,12,6,1,0,21,1,72,706,72706,80,1991,"1HD1CAP19MY1","1","H","D","1","C","A","P","1","9","M","Y","1",0,0,0,"000000000","00000000000",0,0,0,1,0,0,0,0,0,0,0,998,0,0,0,12,6,2,12,0,0,0,1,21,42718,6,1,0,0,2,0,69,255,0,0,0,0,0,0,0,0,0,0,6,0,0,0,1,2,35,2,2,2,1,0,0,11,15,1,1,1,68,"777777777777","777777777777","777777777777",1,0
21,210292,2,2,2,11,6,8,50,12,6,1,0,21,1,20,39,20039,4,2008,"KL1TG56648B1","K","L","1","T","G","5","6","6","4","8","B","1",0,0,0,"000000000","00000000000",0,0,0,1,0,0,0,0,0,0,0,998,0,0,0,62,6,2,12,0,0,0,1,21,42718,6,1,0,0,3,1,60,105,0,0,0,0,0,0,0,0,0,0,0,0,0,0,1,2,35,3,2,2,1,0,0,14,62,1,1,1,69,"777777777777","777777777777","777777777777",0,0
21,210293,1,2,2,11,6,15,10,12,6,1,0,0,0,37,739,37739,90,9999,"888888888888","8","8","8","8","8","8","8","8","8","8","8","8",0,0,0,"000000000","00000000000",0,0,0,1,0,0,0,0,0,0,0,998,0,0,0,61,6,2,12,0,0,0,1,47,37755,2,1,0,0,2,0,65,160,0,2,2,0,1,11,2011,3,2015,0,37,39,0,0,1,2,98,1,1,2,1,4,3,1,17,1,1,1,89,"777777777777","777777777777","777777777777",2,1
21,210293,2,2,3,11,6,15,10,12,6,1,0,21,1,20,481,20481,31,2004,"1GCEK19T04E4","1","G","C","E","K","1","9","T","0","4","E","4",0,0,0,"000000000","00000000000",0,0,0,1,0,0,0,0,0,0,0,998,0,0,0,12,6,2,12,0,0,0,1,21,42653,6,1,0,0,3,0,72,200,0,0,0,0,0,0,0,0,0,0,0,0,0,0,1,2,55,1,1,2,1,4,3,1,66,1,1,1,88,"777777777777","777777777777","777777777777",0,0
21,210294,1,1,1,11,6,16,14,42,0,1,0,20,1,12,481,12481,31,2008,"1FTPW14V08KB","1","F","T","P","W","1","4","V","0","8","K","B",0,0,0,"000000000","00000000000",0,0,0,1,0,0,0,0,0,0,0,998,0,0,0,12,6,2,42,0,0,1,1,35,87123,6,1,0,0,3,0,67,175,0,0,0,0,0,0,0,0,0,4,0,0,0,0,1,2,55,1,2,2,1,0,0,1,12,1,1,4,6,"777777777777","777777777777","777777777777",1,0
21,210295,1,3,1,11,6,22,29,12,7,1,0,21,1,12,499,12499,39,1946,"000000000000","0","0","0","0","0","0","0","0","0","0","0","0",0,0,0,"000000000","00000000000",0,0,0,1,0,0,0,0,0,0,0,998,0,0,0,62,6,2,12,0,0,0,1,21,40508,6,1,0,0,3,0,77,200,0,0,0,0,0,0,0,0,0,3,0,0,0,0,3,3,70,1,1,2,1,0,0,1,60,1,1,1,48,"777777777777","777777777777","777777777777",1,1
21,210295,2,3,3,11,6,22,29,12,7,1,0,21,3,7,498,7498,40,2008,"3D6WC66A98G1","3","D","6","W","C","6","6","A","9","8","G","1",5,0,57,"00393504","5700393504",2,1,12,1,0,0,0,0,0,0,0,998,0,0,0,83,4,5,12,0,0,0,1,21,40356,6,1,0,0,3,1,73,180,3,0,0,0,1,2,2013,11,2015,0,0,0,0,0,3,3,70,1,1,2,1,0,0,15,11,1,1,2,48,"777777777777","777777777777","777777777777",0,0
21,210295,3,3,1,11,6,22,29,12,7,1,0,21,1,59,401,59401,14,2000,"JT6HF10U9Y01","J","T","6","H","F","1","0","U","9","Y","0","1",0,0,0,"000000000","00000000000",0,0,0,1,0,0,0,0,0,0,0,998,0,0,0,61,6,2,12,0,0,0,1,21,40504,6,1,0,0,3,0,63,130,4,0,0,0,1,7,2011,5,2014,0,0,0,0,0,3,3,70,1,1,2,1,0,0,1,60,1,1,1,98,"777777777777","777777777777","777777777777",0,0
21,210296,1,2,1,14,6,17,0,12,2,1,0,21,1,12,498,12498,40,2008,"1FDSF35R38ED","1","F","D","S","F","3","5","R","3","8","E","D",0,0,0,"000000000","00000000000",0,0,0,1,0,0,0,0,0,0,0,998,0,0,0,12,6,2,12,0,0,0,1,21,40146,6,1,0,0,3,0,68,155,0,0,0,0,0,0,0,0,0,0,38,0,0,0,1,2,55,1,1,2,2,0,0,11,15,1,1,1,74,"777777777777","777777777777","777777777777",0,0
21,210296,2,2,1,14,6,17,0,12,2,1,0,21,1,41,50,41050,4,2004,"1YVHP80D945N","1","Y","V","H","P","8","0","D","9","4","5","N",0,0,0,"000000000","00000000000",0,0,0,1,0,0,0,0,0,0,0,998,0,0,0,12,6,2,12,0,0,0,1,21,40144,6,1,0,0,3,0,68,215,0,0,0,0,0,0,0,0,0,0,0,0,0,0,1,2,55,1,1,2,2,0,0,1,62,16,2,1,74,"777777777777","777777777777","777777777777",1,0
21,210297,1,1,2,14,6,23,38,42,0,1,0,21,1,24,401,24401,14,2005,"5GZCZ63455S8","5","G","Z","C","Z","6","3","4","5","5","S","8",0,0,0,"000000000","00000000000",0,0,0,1,0,0,0,0,0,0,0,998,0,0,0,12,6,2,42,0,0,1,1,21,42020,6,1,0,0,3,1,72,125,0,1,0,0,1,8,2013,9,2013,0,0,0,0,0,1,2,55,1,2,2,2,0,0,1,9,98,2,4,2,"777777777777","777777777777","777777777777",1,0
21,210298,1,2,1,14,6,7,45,12,6,1,0,21,1,12,481,12481,31,1992,"1FTHX25G9NKB","1","F","T","H","X","2","5","G","9","N","K","B",1,1,0,"000000000","00000000000",0,0,0,1,0,0,0,0,0,0,0,998,0,0,0,12,6,2,12,0,0,0,1,21,40505,6,1,0,0,3,0,69,154,1,0,0,0,0,3,2016,3,2016,0,58,0,0,0,1,2,55,1,1,2,1,0,0,1,9,98,1,2,66,"888888888888","777777777777","777777777777",1,0
21,210298,2,2,1,14,6,7,45,12,6,1,0,21,1,23,401,23401,14,2004,"1GKET12SX462","1","G","K","E","T","1","2","S","X","4","6","2",0,0,0,"000000000","00000000000",0,0,0,1,0,0,0,0,0,0,0,998,0,0,0,61,6,2,12,0,0,0,1,21,40391,6,1,0,0,3,0,70,195,0,0,0,0,0,0,0,0,0,0,0,0,0,0,1,2,55,1,1,2,1,0,0,1,62,7,1,1,66,"777777777777","777777777777","777777777777",0,0
21,210299,1,2,2,16,6,18,9,12,6,1,0,21,1,2,404,2404,14,2007,"1J8GR48K77C5","1","J","8","G","R","4","8","K","7","7","C","5",0,0,0,"000000000","00000000000",0,0,0,1,0,0,0,0,0,0,0,998,0,0,0,12,6,2,12,0,0,0,1,21,40220,6,1,0,0,3,0,71,249,1,0,0,2,0,8,2012,5,2016,0,39,0,0,0,2,4,45,1,1,1,1,3,3,1,17,16,2,1,83,"777777777777","777777777777","777777777777",0,0
21,210299,2,2,1,16,6,18,9,12,6,1,0,21,1,7,20,7020,4,2001,"1B3ES46C11D2","1","B","3","E","S","4","6","C","1","1","D","2",0,0,0,"000000000","00000000000",0,0,0,1,0,0,0,0,0,0,0,998,0,0,0,61,6,2,12,0,0,0,1,21,40229,6,1,0,0,3,0,65,120,1,0,0,0,0,2,2012,2,2012,0,0,0,0,0,1,4,98,1,1,1,1,3,3,11,66,1,1,1,82,"777777777777","777777777777","777777777777",1,0
21,210300,1,1,1,17,6,1,0,24,0,1,0,18,2,63,402,63402,14,2006,"KNDJD7339655","K","N","D","J","D","7","3","3","9","6","5","5",0,0,0,"000000000","00000000000",0,0,0,1,0,0,0,0,0,0,0,998,0,0,0,81,6,2,25,0,0,0,1,21,40210,1,1,0,0,2,0,70,278,3,3,2,1,0,9,2011,3,2015,0,0,0,0,0,3,3,70,1,1,1,1,40,3,1,13,1,1,4,1,"777777777777","777777777777","777777777777",1,1
21,210301,1,1,3,17,6,11,16,42,0,1,0,21,1,20,481,20481,31,2001,"1GCHC231X1F2","1","G","C","H","C","2","3","1","X","1","F","2",0,0,0,"000000000","00000000000",0,0,0,1,0,0,0,0,0,0,0,998,0,1,5,98,6,2,1,0,0,0,1,21,42765,6,1,0,0,3,0,68,160,0,0,0,0,0,0,0,0,0,3,0,0,0,0,1,2,55,2,1,2,1,0,0,6,6,98,1,4,6,"777777777777","777777777777","777777777777",1,0
21,210302,1,2,1,17,6,14,22,12,6,1,0,21,1,20,2,20002,4,2004,"2G1WF52E4494","2","G","1","W","F","5","2","E","4","4","9","4",0,0,0,"000000000","00000000000",0,0,0,1,0,0,0,0,0,0,0,998,0,0,0,61,6,2,12,0,0,0,1,21,41514,6,1,0,0,3,0,62,155,0,0,0,0,0,0,0,0,0,0,6,0,0,0,1,2,98,8,8,8,98,20,3,11,15,1,1,1,82,"777777777777","777777777777","777777777777",1,0
21,210302,2,2,2,17,6,14,22,12,6,1,0,54,1,12,24,12024,6,2014,"2FMDK4GC7EBB","2","F","M","D","K","4","G","C","7","E","B","B",0,0,0,"000000000","00000000000",0,0,0,1,0,0,0,0,0,0,0,998,0,0,0,12,6,2,12,0,0,0,1,54,25674,6,1,0,0,3,1,68,165,0,0,0,0,0,0,0,0,0,0,0,0,0,0,2,2,55,1,1,2,1,0,0,1,67,1,1,1,83,"777777777777","777777777777","777777777777",0,0
21,210303,1,1,2,16,6,13,33,38,0,1,0,21,1,20,37,20037,4,2011,"1G1ZC5N15BF2","1","G","1","Z","C","5","N","1","5","B","F","2",0,0,0,"000000000","00000000000",0,0,0,1,0,0,0,0,0,0,0,47,0,0,0,82,6,2,38,0,0,0,1,21,41041,6,1,0,0,3,0,71,226,0,0,0,0,0,0,0,0,0,0,80,0,0,0,1,2,55,4,2,2,1,40,3,14,1,1,2,4,2,"777777777777","777777777777","777777777777",1,0
21,210304,1,2,1,16,6,13,58,12,1,1,0,47,3,82,884,82884,66,1991,"1FUYDCXB7MP5","1","F","U","Y","D","C","X","B","7","M","P","5",2,1,57,"02860191","5702860191",3,7,1,1,0,0,0,0,0,0,0,998,0,0,0,12,6,2,12,0,0,0,1,47,37073,6,1,6,0,3,0,68,165,2,0,0,1,1,3,2013,5,2016,0,6,26,0,0,2,2,55,1,2,2,1,0,0,1,52,16,2,1,28,"888888888888","888888888888","777777777777",0,0
21,210304,2,2,1,16,6,13,58,12,1,1,0,21,1,12,16,12016,4,2005,"2FAHP71W45X1","2","F","A","H","P","7","1","W","4","5","X","1",0,0,0,"000000000","00000000000",0,0,0,1,0,0,0,0,0,0,0,998,0,0,0,6,6,2,12,0,0,0,1,21,40071,6,1,0,0,3,1,70,190,0,0,0,0,0,0,0,0,0,0,0,0,0,0,2,2,55,1,2,2,1,0,0,2,53,16,2,1,29,"777777777777","777777777777","777777777777",1,0
21,210305,1,1,3,18,6,13,20,53,0,1,0,21,2,24,9,24009,4,2009,"1G8ZS57B29F2","1","G","8","Z","S","5","7","B","2","9","F","2",0,0,0,"000000000","00000000000",0,0,0,1,0,0,0,0,0,0,0,998,0,9,5,12,6,2,1,0,0,0,1,21,40403,1,1,0,0,2,2,64,155,1,2,0,0,1,8,2012,8,2015,3,74,0,0,0,1,2,55,1,2,2,1,0,0,1,12,1,1,4,6,"777777777777","777777777777","777777777777",1,1