"STATE","ST_CASE","VEH_NO","VE_FORMS","NUMOCCS","DAY","MONTH","HOUR","MINUTE","HARM_EV","MAN_COLL","UNITTYPE","HIT_RUN","REG_STAT","OWNER","MAKE","MODEL","MAK_MOD","BODY_TYP","MOD_YEAR","VIN","VIN_1","VIN_2","VIN_3","VIN_4","VIN_5","VIN_6","VIN_7","VIN_8","VIN_9","VIN_10","VIN_11","VIN_12","TOW_VEH","J_KNIFE","MCARR_I1","MCARR_I2","MCARR_ID","GVWR","V_CONFIG","CARGO_BT","HAZ_INV","HAZ_PLAC","HAZ_ID","HAZ_CNO","HAZ_REL","BUS_USE","SPEC_USE","EMER_USE","TRAV_SP","UNDERIDE","ROLLOVER","ROLINLOC","IMPACT1","DEFORMED","TOWED","M_HARM","VEH_SC1","VEH_SC2","FIRE_EXP","DR_PRES","L_STATE","DR_ZIP","L_STATUS","L_TYPE","CDL_STAT","L_ENDORS","L_COMPL","L_RESTRI","DR_HGT","DR_WGT","PREV_ACC","PREV_SUS","PREV_DWI","PREV_SPD","PREV_OTH","FIRST_MO","FIRST_YR","LAST_MO","LAST_YR","SPEEDREL","DR_SF1","DR_SF2","DR_SF3","DR_SF4","VTRAFWAY","VNUM_LAN","VSPD_LIM","VALIGN","VPROFILE","VPAVETYP","VSURCOND","VTRAFCON","VTCONT_F","P_CRASH1","P_CRASH2","P_CRASH3","PCRASH4","PCRASH5","ACC_TYPE","TRLR1VIN","TRLR2VIN","TRLR3VIN","DEATHS","DR_DRINK"
21,210306,1,1,1,20,6,22,38,30,0,1,0,21,1,35,401,35401,14,1998,"JN8AR05Y1WW2","J","N","8","A","R","0","5","Y","1","W","W","2",0,0,0,"000000000","00000000000",0,0,0,1,0,0,0,0,0,0,0,998,0,0,0,12,6,2,30,0,0,0,1,21,40444,6,1,0,0,3,0,65,180,0,1,0,1,1,8,2012,11,2014,0,6,0,0,0,1,2,35,3,2,2,1,0,0,14,9,15,2,4,5,"777777777777","777777777777","777777777777",1,1
21,210307,1,2,2,21,6,10,5,12,6,1,0,21,1,37,31,37031,4,2015,"19XFB2F99FE0","1","9","X","F","B","2","F","9","9","F","E","0",0,0,0,"000000000","00000000000",0,0,0,1,0,0,0,0,0,0,0,10,0,0,0,11,6,2,12,0,0,0,1,21,40601,6,1,0,0,3,0,68,147,0,0,0,0,0,0,0,0,0,0,6,38,0,0,0,0,0,0,0,0,0,3,3,10,16,1,1,1,78,"777777777777","777777777777","777777777777",1,0
21,210307,2,2,1,21,6,10,5,12,6,1,0,21,3,84,884,84884,66,2007,"2HSCNAPR27C3","2","H","S","C","N","A","P","R","2","7","C","3",1,1,58,"273095","58273095",3,6,1,1,0,0,0,0,0,0,0,45,0,0,0,2,4,5,12,0,0,0,1,21,40517,6,1,6,0,3,1,66,217,1,0,0,0,0,2,2016,2,2016,0,0,0,0,0,5,5,45,1,2,2,1,3,3,15,65,1,1,2,79,"888888888888","777777777777","777777777777",0,0
21,210308,1,1,1,21,6,21,38,8,0,1,0,18,3,7,24,7024,4,2013,"2C3CDXBG4DH6","2","C","3","C","D","X","B","G","4","D","H","6",0,0,0,"000000000","00000000000",0,0,0,1,0,0,0,0,0,0,0,998,0,0,0,12,6,2,8,0,0,0,1,21,40220,0,0,0,0,0,0,999,999,99,99,99,99,99,99,9999,99,9999,0,91,0,0,0,2,2,45,1,1,2,1,0,0,1,80,1,1,2,13,"777777777777","777777777777","777777777777",0,1
21,210309,1,1,1,20,6,21,34,1,0,1,0,21,1,72,706,72706,80,2008,"1HD1BW5198Y0","1","H","D","1","B","W","5","1","9","8","Y","0",0,0,0,"000000000","00000000000",0,0,0,1,0,0,0,0,0,0,0,998,0,0,0,0,6,2,1,0,0,0,1,21,40070,1,1,0,0,2,0,67,195,1,3,3,0,0,8,2011,1,2016,0,58,0,0,0,1,2,55,1,1,2,1,0,0,1,13,1,1,6,98,"777777777777","777777777777","777777777777",1,1
21,210310,1,1,1,22,6,18,34,34,0,1,0,21,1,12,17,12017,4,2004,"1FAFP53U24A1","1","F","A","F","P","5","3","U","2","4","A","1",0,0,0,"000000000","00000000000",0,0,0,1,0,0,0,0,0,0,0,998,0,1,5,12,6,2,34,0,0,0,1,21,40962,6,1,0,0,3,0,67,190,1,1,0,1,0,10,2013,6,2016,0,58,0,0,0,1,2,55,1,1,2,2,40,3,1,13,6,1,4,1,"777777777777","777777777777","777777777777",1,0
21,210311,1,1,1,23,6,19,27,8,0,1,0,21,1,49,403,49403,14,2010,"5TDBK3EH9AS0","5","T","D","B","K","3","E","H","9","A","S","0",0,0,0,"000000000","00000000000",0,0,0,1,0,0,0,0,0,0,0,998,0,0,0,81,2,5,8,0,0,0,1,21,40215,6,1,0,0,3,0,62,135,0,0,0,0,0,0,0,0,0,0,6,0,0,0,1,2,25,1,1,2,1,0,0,13,98,1,1,4,98,"777777777777","777777777777","777777777777",0,0
21,210312,1,2,1,23,6,20,1,12,6,1,0,21,1,6,51,6051,4,2009,"2C3KA43D39H6","2","C","3","K","A","4","3","D","3","9","H","6",0,0,0,"000000000","00000000000",0,0,0,1,0,0,0,0,0,0,0,998,0,0,0,12,6,2,12,0,0,0,1,21,41660,6,1,0,0,3,0,60,168,0,0,0,0,0,0,0,0,0,0,39,87,0,0,5,5,55,1,1,2,2,3,3,1,17,98,1,1,69,"777777777777","777777777777","777777777777",0,0
21,210312,2,2,3,23,6,20,1,12,6,1,0,21,2,49,40,49040,4,1996,"4T1BG12K7TU9","4","T","1","B","G","1","2","K","7","T","U","9",0,0,0,"000000000","00000000000",0,0,0,1,0,0,0,0,0,0,0,998,0,0,0,81,6,2,12,0,0,0,1,21,41635,6,1,0,0,3,0,66,160,0,0,0,0,0,0,0,0,0,0,0,0,0,0,5,5,55,1,1,2,2,3,3,11,15,1,1,1,68,"777777777777","777777777777","777777777777",1,0
21,210313,1,2,1,22,6,0,54,12,6,1,0,21,1,71,706,71706,80,1996,"ZDM1RC4N6TB0","Z","D","M","1","R","C","4","N","6","T","B","0",0,0,0,"000000000","00000000000",0,0,0,1,0,0,0,0,0,0,0,998,0,0,0,61,6,2,12,0,0,0,1,21,40207,6,1,0,0,3,0,72,195,1,0,0,0,0,3,2015,3,2015,0,6,38,48,0,5,5,45,1,1,2,1,0,0,11,15,98,1,7,82,"777777777777","777777777777","777777777777",1,1
21,210313,2,2,1,22,6,0,54,12,6,1,0,39,3,84,884,84884,64,2007,"1HTMMAAM47H4","1","H","T","M","M","A","A","M","4","7","H","4",1,1,57,"00242989","5700242989",2,4,3,1,0,0,0,0,0,0,0,43,0,0,0,12,4,5,12,0,0,0,1,39,44839,6,1,6,0,3,1,68,145,0,0,0,1,0,5,2014,5,2014,0,0,0,0,0,5,5,45,1,1,2,1,0,0,1,71,6,1,2,83,"888888888888","777777777777","777777777777",0,0
21,210314,1,2,1,24,6,13,26,12,6,1,0,0,0,76,701,76701,88,1994,"JYA4FBA01RA0","J","Y","A","4","F","B","A","0","1","R","A","0",0,0,0,"000000000","00000000000",0,0,0,1,0,0,0,0,0,0,0,20,0,0,0,12,6,2,12,0,0,0,1,21,42103,0,0,0,0,0,0,75,185,0,0,0,0,0,0,0,0,0,0,39,0,0,0,1,2,30,1,1,2,1,20,3,1,17,1,1,1,88,"777777777777","777777777777","777777777777",1,1
21,210314,2,2,4,24,6,13,26,12,6,1,0,21,1,14,444,14444,20,2004,"2MRDA20264BJ","2","M","R","D","A","2","0","2","6","4","B","J",0,0,0,"000000000","00000000000",0,0,0,1,0,0,0,0,0,0,0,23,0,0,0,61,6,2,12,0,0,0,1,21,42303,6,1,0,0,3,0,68,194,0,0,0,0,0,0,0,0,0,0,0,0,0,0,1,2,30,1,1,2,1,0,0,1,66,1,1,1,89,"777777777777","777777777777","777777777777",0,0
21,210315,1,3,1,24,6,16,21,12,2,1,0,21,1,49,403,49403,14,2002,"JTEGD21A8200","J","T","E","G","D","2","1","A","8","2","0","0",0,0,0,"000000000","00000000000",0,0,0,1,0,0,0,0,0,0,0,998,0,0,0,12,6,2,12,0,0,0,1,21,40324,6,1,0,0,3,1,69,175,0,0,0,0,0,0,0,0,0,0,6,38,0,0,5,5,45,1,1,2,1,20,3,11,15,1,1,1,82,"777777777777","777777777777","777777777777",0,0
21,210315,2,3,1,24,6,16,21,12,2,1,0,21,1,20,421,20421,15,2005,"1GNEK13T65J1","1","G","N","E","K","1","3","T","6","5","J","1",0,0,0,"000000000","00000000000",0,0,0,1,0,0,0,0,0,0,0,998,0,1,1,12,6,2,12,0,0,0,1,21,40324,6,1,0,0,3,1,75,155,2,0,0,0,1,3,2014,5,2015,0,0,0,0,0,5,5,45,1,1,2,1,0,0,1,67,15,2,1,83,"777777777777","777777777777","777777777777",1,0
21,210315,3,3,1,24,6,16,21,12,2,1,0,18,3,87,881,87881,66,2007,"1XP5DB9XX7N6","1","X","P","5","D","B","9","X","X","7","N","6",1,1,57,"00787670","5700787670",3,6,2,1,0,0,0,0,0,0,0,998,0,0,0,12,6,2,12,0,0,0,1,18,47665,6,1,6,1,3,0,69,185,0,0,0,0,0,0,0,0,0,0,0,0,0,0,5,5,45,1,1,2,1,0,0,1,62,9,2,1,98,"888888888888","777777777777","777777777777",0,0
21,210316,1,1,1,23,6,5,40,1,0,1,0,21,1,12,481,12481,31,2004,"1FTPW14504KB","1","F","T","P","W","1","4","5","0","4","K","B",0,0,0,"000000000","00000000000",0,0,0,1,0,0,0,0,0,0,0,998,0,1,5,0,6,2,1,0,0,0,1,21,42437,6,1,0,0,3,0,67,125,0,0,0,0,0,0,0,0,0,0,58,0,0,0,1,2,55,2,2,2,1,0,0,14,9,9,3,4,2,"777777777777","777777777777","777777777777",1,0
21,210317,1,1,1,25,6,15,59,25,0,1,0,18,1,76,706,76706,80,2012,"JYAVP27E8CA0","J","Y","A","V","P","2","7","E","8","C","A","0",0,0,0,"000000000","00000000000",0,0,0,1,0,0,0,0,0,0,0,998,0,0,0,81,6,2,25,0,0,0,1,18,47725,6,1,0,0,3,0,68,180,0,0,0,0,0,0,0,0,0,0,81,0,0,0,3,2,55,3,2,2,1,0,0,14,13,1,1,4,1,"777777777777","777777777777","777777777777",1,0
21,210318,1,2,6,26,6,15,11,12,2,1,0,21,1,23,8,23008,6,2010,"1GKLRNED7AJ1","1","G","K","L","R","N","E","D","7","A","J","1",0,0,0,"000000000","00000000000",0,0,0,1,0,0,0,0,0,0,0,998,0,0,0,12,6,2,12,0,0,0,1,21,40422,6,1,0,0,3,1,62,125,1,1,0,1,0,7,2011,1,2015,0,28,0,0,0,1,2,35,1,3,2,2,0,0,1,10,1,1,2,50,"777777777777","777777777777","777777777777",0,0
21,210318,2,2,4,26,6,15,11,12,2,1,0,21,1,32,43,32043,1,2007,"WAUAF48H07K0","W","A","U","A","F","4","8","H","0","7","K","0",0,0,0,"000000000","00000000000",0,0,0,1,0,0,0,0,0,0,0,998,0,9,1,12,6,2,12,0,0,0,1,21,40422,6,1,0,0,3,1,65,220,0,0,0,2,0,9,2011,2,2012,0,0,0,0,0,1,2,35,1,3,2,2,0,0,1,62,1,1,1,51,"777777777777","777777777777","777777777777",2,0
21,210319,1,2,1,27,6,13,7,12,2,1,0,21,3,82,884,82884,62,1989,"1FUP2CYB3KH3","1","F","U","P","2","C","Y","B","3","K","H","3",0,0,57,"00937898","5700937898",2,2,10,1,0,0,0,0,0,0,0,998,7,0,0,12,6,2,12,0,0,0,1,21,42647,6,1,6,0,3,0,69,160,0,0,0,0,0,0,0,0,0,0,28,58,87,0,1,2,55,4,2,2,2,40,3,14,19,15,2,3,53,"777777777777","777777777777","777777777777",0,0
21,210319,2,2,2,27,6,13,7,12,2,1,0,21,1,54,37,54037,2,2001,"19UYA42661A0","1","9","U","Y","A","4","2","6","6","1","A","0",0,0,0,"000000000","00000000000",0,0,0,1,0,0,0,0,0,0,0,998,0,0,0,12,6,2,12,0,0,0,1,21,42633,6,1,0,0,3,0,67,210,0,2,1,1,0,9,2011,8,2014,0,87,0,0,0,1,2,55,4,2,2,2,40,3,99,78,98,9,3,53,"777777777777","777777777777","777777777777",1,0
21,210320,1,1,1,28,6,14,32,35,0,1,0,21,1,35,49,35049,6,2012,"JN8AZ1MU7CW1","J","N","8","A","Z","1","M","U","7","C","W","1",0,0,0,"000000000","00000000000",0,0,0,1,0,0,0,0,0,0,0,998,0,1,5,12,6,2,1,0,0,0,1,21,42141,6,1,0,0,3,1,65,130,0,0,0,0,0,0,0,0,0,0,0,0,0,0,1,2,55,1,2,2,1,40,3,1,13,1,1,4,1,"777777777777","777777777777","777777777777",1,0
21,210321,1,2,1,27,6,15,5,12,6,1,0,21,1,20,471,20471,30,2002,"1GCCS1457282","1","G","C","C","S","1","4","5","7","2","8","2",0,0,0,"000000000","00000000000",0,0,0,1,0,0,0,0,0,0,0,998,0,0,0,81,6,2,12,0,0,0,1,21,42141,6,1,0,0,3,2,64,135,1,0,0,0,0,9,2013,9,2013,0,28,58,74,0,1,2,45,4,2,2,2,0,0,14,13,15,4,2,66,"777777777777","777777777777","777777777777",1,0
21,210321,2,2,2,27,6,15,5,12,6,1,0,21,1,12,481,12481,31,2006,"1FTSW21P66EB","1","F","T","S","W","2","1","P","6","6","E","B",0,0,0,"000000000","00000000000",0,0,0,1,0,0,0,0,0,0,0,998,0,0,0,12,6,2,12,0,0,0,1,21,42127,6,1,0,0,3,1,73,135,2,1,1,0,0,3,2014,11,2015,0,0,0,0,0,1,2,45,2,2,2,2,0,0,14,62,7,1,1,66,"777777777777","777777777777","777777777777",0,0
21,210322,1,3,1,2,6,19,38,12,8,1,0,21,3,12,16,12016,4,2011,"2FABP7BV3BX1","2","F","A","B","P","7","B","V","3","B","X","1",0,0,0,"000000000","00000000000",0,0,0,1,0,0,0,0,0,5,8,998,0,0,0,11,6,2,12,0,0,0,1,21,41339,6,1,0,0,3,0,68,220,1,0,0,0,0,12,2015,12,2015,0,6,16,28,0,1,2,55,2,1,2,1,0,0,14,10,15,2,2,64,"777777777777","777777777777","777777777777",0,0
21,210322,2,3,2,2,6,19,38,12,8,1,0,21,1,76,705,76705,80,2003,"JYAVM01EX3A0","J","Y","A","V","M","0","1","E","X","3","A","0",0,0,0,"000000000","00000000000",0,0,0,1,0,0,0,0,0,0,0,998,0,0,0,61,6,2,12,0,0,0,1,21,41736,6,1,0,0,2,0,70,170,0,0,0,0,0,0,0,0,0,0,0,0,0,0,1,2,55,3,1,2,1,0,0,14,62,1,1,1,65,"777777777777","777777777777","777777777777",1,1
21,210322,3,3,2,2,6,19,38,12,8,1,0,21,1,37,402,37402,14,2011,"5J6RE4H59BL0","5","J","6","R","E","4","H","5","9","B","L","0",0,0,0,"000000000","00000000000",0,0,0,1,0,0,0,0,0,0,0,998,0,0,0,61,0,5,54,0,0,0,1,21,41701,6,1,0,0,3,0,62,115,0,0,0,0,0,0,0,0,0,0,0,0,0,0,1,2,55,3,1,2,1,0,0,14,98,7,1,1,98,"777777777777","777777777777","777777777777",0,0
21,210323,1,1,1,4,6,0,17,42,0,1,0,21,1,20,2,20002,4,2011,"2G1WB5NK8B12","2","G","1","W","B","5","N","K","8","B","1","2",0,0,0,"000000000","00000000000",0,0,0,1,0,0,0,0,0,0,0,998,0,0,0,12,6,2,42,0,0,0,1,21,40215,6,1,0,0,3,1,65,200,1,0,0,0,0,3,2012,3,2012,3,0,0,0,0,1,2,35,1,2,2,1,0,0,1,9,98,1,4,10,"777777777777","777777777777","777777777777",1,1
21,210324,1,2,4,4,6,7,30,12,6,1,0,21,2,20,37,20037,4,2008,"1G1ZG57B08F2","1","G","1","Z","G","5","7","B","0","8","F","2",0,0,0,"000000000","00000000000",0,0,0,1,0,0,0,0,0,0,0,998,0,0,0,81,6,2,12,0,0,0,1,21,40216,6,1,0,0,3,0,67,190,3,0,0,1,0,9,2011,12,2015,0,6,38,0,0,1,3,98,1,1,2,1,20,3,4,17,1,1,1,87,"777777777777","777777777777","777777777777",2,0
21,210324,2,2,2,4,6,7,30,12,6,1,0,21,1,82,881,82881,64,2004,"1FVACWCS44HM","1","F","V","A","C","W","C","S","4","4","H","M",1,1,77,"777777777","77777777777",2,4,3,1,0,0,0,0,0,0,0,998,0,0,0,12,6,2,12,0,0,0,1,21,42749,6,1,6,0,3,1,71,195,0,0,0,0,0,0,0,0,0,0,0,0,0,0,1,2,45,1,1,2,1,0,0,1,66,16,2,1,86,"888888888888","777777777777","777777777777",0,0
21,210326,1,2,3,14,6,7,17,1,0,1,0,21,2,49,442,49442,20,2005,"5TDZA23C45S2","5","T","D","Z","A","2","3","C","4","5","S","2",0,0,0,"000000000","00000000000",0,0,0,1,0,0,0,0,0,0,0,998,0,2,3,0,6,2,12,0,0,0,1,21,42101,6,7,0,0,3,1,65,160,0,0,0,0,1,4,2016,4,2016,0,0,0,0,0,2,2,70,4,1,2,1,0,0,1,12,15,4,4,6,"777777777777","777777777777","777777777777",2,0
21,210326,2,2,1,14,6,7,17,1,0,1,0,21,3,82,881,82881,66,1999,"1FUYDSZB6XPA","1","F","U","Y","D","S","Z","B","6","X","P","A",1,1,57,"00455558","5700455558",3,6,1,1,0,0,0,0,0,0,0,998,0,0,0,12,6,2,12,0,0,0,1,21,40004,6,1,6,0,3,1,72,210,0,0,0,0,0,0,0,0,0,0,0,0,0,0,2,2,70,8,8,2,1,0,0,1,64,15,2,1,98,"888888888888","777777777777","777777777777",0,0
21,210327,1,3,1,15,6,8,57,12,2,1,0,21,2,12,471,12471,30,1997,"1FTCR14X3VTA","1","F","T","C","R","1","4","X","3","V","T","A",0,0,0,"000000000","00000000000",0,0,0,1,0,0,0,0,0,0,0,63,0,0,0,12,6,2,12,0,0,0,1,21,40108,6,1,0,0,3,0,67,140,0,1,0,0,0,7,2014,7,2014,0,28,87,0,0,1,2,55,4,1,2,2,0,0,14,10,1,1,2,50,"777777777777","777777777777","777777777777",1,0
21,210327,2,3,2,15,6,8,57,12,2,1,0,21,1,12,481,12481,31,2005,"1FTSW21P35EB","1","F","T","S","W","2","1","P","3","5","E","B",0,0,0,"000000000","00000000000",0,0,0,1,0,0,0,0,0,0,0,45,0,0,0,12,6,2,12,0,0,0,1,97,40220,9,9,99,9,9,9,999,999,99,99,99,99,99,99,9999,99,9999,0,0,0,0,0,1,2,55,4,1,2,2,0,0,14,62,1,1,1,51,"777777777777","777777777777","777777777777",0,0
21,210327,3,3,1,15,6,8,57,12,2,1,0,21,3,12,881,12881,63,2008,"3FRXF75T98V5","3","F","R","X","F","7","5","T","9","8","V","5",0,0,77,"777777777","77777777777",3,2,3,1,0,0,0,0,0,0,0,45,0,0,0,12,6,2,12,0,0,0,1,21,40013,6,1,6,1,3,0,71,199,1,0,0,0,0,2,2014,2,2014,0,26,0,0,0,1,2,55,4,1,2,2,0,0,14,52,16,2,1,98,"777777777777","777777777777","777777777777",0,0
21,210328,1,1,1,20,6,19,37,8,0,1,1,99,9,99,999,99999,99,9999,"999999999999","9","9","9","9","9","9","9","9","9","9","9","9",9,0,99,"999999999","99999999999",9,99,99,1,0,0,0,0,99,99,9,999,0,0,0,98,9,5,8,0,0,0,1,99,99999,9,9,99,9,9,9,999,999,99,99,99,99,99,99,9999,99,9999,9,99,99,99,99,1,1,25,1,3,4,1,0,0,99,80,99,9,9,13,"777777777777","777777777777","777777777777",0,0
21,210330,1,1,1,17,6,12,34,42,0,1,0,21,1,24,9,24009,4,2007,"1G8ZV57777F2","1","G","8","Z","V","5","7","7","7","7","F","2",0,0,0,"000000000","00000000000",0,0,0,1,0,0,0,0,0,0,0,998,0,0,0,12,6,2,42,0,0,0,1,21,40504,6,1,0,0,3,0,73,230,1,0,0,0,0,3,2015,3,2015,0,6,0,0,0,4,4,35,3,1,2,1,40,3,14,13,1,1,4,1,"777777777777","777777777777","777777777777",1,0
21,210331,1,1,1,27,6,5,1,34,0,1,0,21,1,72,706,72706,80,2014,"1HD1KEL16EB7","1","H","D","1","K","E","L","1","6","E","B","7",0,0,0,"000000000","00000000000",0,0,0,1,0,0,0,0,0,0,0,50,0,0,0,12,6,2,34,0,0,0,1,21,40165,6,1,0,0,3,1,74,220,0,0,0,0,0,0,0,0,0,0,0,0,0,0,1,2,55,1,2,2,1,0,0,1,13,1,1,4,1,"777777777777","777777777777","777777777777",1,0
21,210332,1,1,1,27,6,5,34,8,0,1,0,21,1,41,51,41051,4,2012,"JM1BL1UG0C15","J","M","1","B","L","1","U","G","0","C","1","5",0,0,0,"000000000","00000000000",0,0,0,1,0,0,0,0,0,0,0,998,0,0,0,12,4,5,8,0,0,0,1,21,40272,6,1,0,0,3,0,68,190,1,0,0,0,0,1,2015,1,2015,0,0,0,0,0,5,7,40,1,1,2,1,0,0,1,80,1,1,1,13,"777777777777","777777777777","777777777777",0,0
21,210334,1,1,4,3,4,2,3,8,0,1,1,21,1,7,482,7482,31,1995,"3B7HF13Z2SM1","3","B","7","H","F","1","3","Z","2","S","M","1",0,0,0,"000000000","00000000000",0,0,0,1,0,0,0,0,0,0,0,58,0,0,0,12,6,2,8,0,0,0,1,21,40330,0,0,0,0,0,0,72,180,0,0,0,0,0,0,0,0,0,5,6,86,0,0,2,2,55,1,1,2,1,40,3,1,80,15,2,1,13,"777777777777","777777777777","777777777777",0,0
21,210335,1,1,1,4,6,13,10,42,0,1,0,21,1,72,706,72706,80,2002,"1HD1FLW122Y6","1","H","D","1","F","L","W","1","2","2","Y","6",0,0,0,"000000000","00000000000",0,0,0,1,0,0,0,0,0,0,0,33,0,0,0,12,6,2,42,0,0,0,1,21,40342,6,7,0,0,3,0,72,240,0,0,0,0,0,0,0,0,0,0,6,0,0,0,1,2,55,3,1,2,1,0,0,14,13,15,2,4,1,"777777777777","777777777777","777777777777",1,1
21,210336,1,2,1,28,6,13,21,12,6,1,0,21,1,72,706,72706,80,1995,"1HD1BKL15SY0","1","H","D","1","B","K","L","1","5","S","Y","0",0,0,0,"000000000","00000000000",0,0,0,1,0,0,0,0,0,0,0,998,0,0,0,12,6,2,12,0,0,0,1,21,42325,6,1,0,0,3,0,68,155,1,1,1,1,1,5,2012,12,2014,4,35,0,0,0,1,2,55,1,2,2,1,0,0,6,10,1,1,1,73,"777777777777","777777777777","777777777777",1,0
21,210336,2,2,1,28,6,13,21,12,6,1,0,17,4,84,884,84884,66,2012,"1HSDJSJR2CJ5","1","H","S","D","J","S","J","R","2","C","J","5",1,1,77,"777777777","77777777777",3,6,1,1,0,0,0,0,0,0,0,998,0,0,0,10,6,2,12,0,0,0,1,47,37043,6,1,6,0,3,0,70,198,1,0,0,0,0,10,2014,10,2014,4,6,0,0,0,1,2,55,1,2,2,1,0,0,11,15,1,1,1,72,"888888888888","777777777777","777777777777",0,0
21,210337,1,2,1,28,6,15,57,12,2,1,0,21,2,37,32,37032,4,1999,"1HGCG5647XA1","1","H","G","C","G","5","6","4","7","X","A","1",0,0,0,"000000000","00000000000",0,0,0,1,0,0,0,0,0,0,0,53,0,0,0,12,6,2,12,0,0,0,1,21,40245,6,1,0,0,3,0,66,127,0,0,0,0,0,0,0,0,0,3,6,28,0,0,1,2,35,4,3,2,1,40,3,14,6,98,1,2,50,"777777777777","777777777777","777777777777",0,0
21,210337,2,2,1,28,6,15,57,12,2,1,0,21,1,72,706,72706,80,2002,"1HD1BLY122Y0","1","H","D","1","B","L","Y","1","2","2","Y","0",0,0,0,"000000000","00000000000",0,0,0,1,0,0,0,0,0,0,0,33,0,0,0,12,6,2,12,0,0,0,1,21,40018,6,1,0,0,3,1,73,185,0,0,0,0,0,0,0,0,0,0,0,0,0,0,1,2,35,4,3,2,1,40,3,14,62,1,1,1,51,"777777777777","777777777777","777777777777",1,0
21,210338,1,1,1,1,6,18,6,35,0,1,0,21,2,12,481,12481,31,1997,"1FTDX18W3VKC","1","F","T","D","X","1","8","W","3","V","K","C",0,0,0,"000000000","00000000000",0,0,0,1,0,0,0,0,0,0,0,63,0,2,1,12,6,2,1,0,0,0,1,21,42301,6,1,0,0,3,0,69,145,1,0,0,0,0,2,2016,2,2016,3,58,0,0,0,1,2,55,2,1,2,1,0,0,14,6,15,2,4,7,"777777777777","777777777777","777777777777",1,0
21,210339,1,2,1,22,6,10,13,12,2,1,0,37,2,73,705,73705,80,2007,"JKAENVC167A2","J","K","A","E","N","V","C","1","6","7","A","2",0,0,0,"000000000","00000000000",0,0,0,1,0,0,0,0,0,0,0,63,0,0,0,12,6,2,12,0,0,0,1,21,42134,6,1,0,0,0,0,72,140,0,0,0,1,0,2,2016,2,2016,3,6,0,0,0,1,2,45,1,3,2,1,40,3,1,62,1,1,1,69,"777777777777","777777777777","777777777777",1,0
21,210339,2,2,1,22,6,10,13,12,2,1,0,21,1,14,6,14006,4,2000,"2MEFM75W5YX6","2","M","E","F","M","7","5","W","5","Y","X","6",0,0,0,"000000000","00000000000",0,0,0,1,0,0,0,0,0,0,0,7,0,0,0,12,6,2,12,0,0,0,1,21,42134,6,1,0,0,3,0,69,165,1,0,0,0,0,12,2015,12,2015,0,0,0,0,0,1,2,45,1,3,2,1,40,3,11,15,1,1,1,68,"777777777777","777777777777","777777777777",0,0
21,210340,1,1,1,8,5,10,17,52,0,1,0,21,1,23,481,23481,31,2005,"2GTEK13T9511","2","G","T","E","K","1","3","T","9","5","1","1",0,0,0,"000000000","00000000000",0,0,0,1,0,0,0,0,0,0,0,43,0,0,0,12,6,2,14,0,0,0,1,21,40744,6,1,0,0,3,1,72,215,0,0,0,0,0,0,0,0,0,0,0,0,0,0,5,5,45,4,2,2,1,0,0,1,13,1,1,4,1,"777777777777","777777777777","777777777777",1,0
21,210341,1,2,1,25,4,15,0,24,0,1,0,21,1,12,481,12481,31,1998,"1FTRX18L7WKA","1","F","T","R","X","1","8","L","7","W","K","A",0,0,0,"000000000","00000000000",0,0,0,1,0,0,0,0,0,0,0,33,0,1,1,12,6,2,12,0,0,1,1,21,41001,6,1,0,0,3,0,72,180,2,3,2,0,1,10,2011,11,2015,0,6,51,0,0,2,4,55,1,2,2,1,0,0,98,98,1,1,5,98,"777777777777","777777777777","777777777777",1,0
21,210341,2,2,1,25,4,15,0,24,0,1,0,39,3,84,881,84881,63,1999,"1HTSHADR9XH6","1","H","T","S","H","A","D","R","9","X","H","6",0,0,57,"00333097","5700333097",3,2,7,1,0,0,0,0,0,0,0,47,0,1,1,12,6,2,12,0,0,1,1,21,41071,6,1,6,0,3,0,73,215,0,0,0,0,0,0,0,0,0,0,0,0,0,0,2,4,55,1,2,2,1,0,0,1,54,15,2,1,98,"777777777777","777777777777","777777777777",0,0
21,210342,1,1,1,16,6,14,22,1,0,1,0,21,2,12,3,12003,2,1998,"1FAFP404XWF2","1","F","A","F","P","4","0","4","X","W","F","2",0,0,0,"000000000","00000000000",0,0,0,1,0,0,0,0,0,0,0,998,0,2,6,0,6,2,1,0,0,0,1,21,42367,6,1,0,0,3,0,69,160,0,0,0,0,0,0,0,0,0,0,58,0,0,0,1,2,55,2,1,2,1,0,0,14,11,11,4,4,7,"777777777777","777777777777","777777777777",1,0
21,210343,1,1,1,6,6,11,37,11,0,1,0,39,1,76,706,76706,80,2005,"JYAVP11EX5A0","J","Y","A","V","P","1","1","E","X","5","A","0",0,0,0,"000000000","00000000000",0,0,0,1,0,0,0,0,0,0,0,53,0,0,0,12,6,2,11,0,0,0,1,39,45244,6,1,0,0,3,0,74,250,0,0,0,0,0,0,0,0,0,0,0,0,0,0,1,2,55,1,1,2,1,0,0,1,87,16,2,1,13,"777777777777","777777777777","777777777777",1,0
21,210344,1,1,1,21,6,23,19,5,0,1,9,21,1,20,481,20481,31,1992,"1GCEK14Z6NZ1","1","G","C","E","K","1","4","Z","6","N","Z","1",0,0,0,"000000000","00000000000",0,0,0,1,0,0,0,0,0,0,0,998,0,0,0,0,2,3,5,0,0,0,1,21,41632,6,1,0,0,3,1,71,158,0,0,0,0,0,0,0,0,0,0,0,0,0,0,1,2,55,1,1,2,1,0,0,98,98,16,9,1,0,"777777777777","777777777777","777777777777",1,1