"STATE","ST_CASE","VEH_NO","VE_FORMS","NUMOCCS","DAY","MONTH","HOUR","MINUTE","HARM_EV","MAN_COLL","UNITTYPE","HIT_RUN","REG_STAT","OWNER","MAKE","MODEL","MAK_MOD","BODY_TYP","MOD_YEAR","VIN","VIN_1","VIN_2","VIN_3","VIN_4","VIN_5","VIN_6","VIN_7","VIN_8","VIN_9","VIN_10","VIN_11","VIN_12","TOW_VEH","J_KNIFE","MCARR_I1","MCARR_I2","MCARR_ID","GVWR","V_CONFIG","CARGO_BT","HAZ_INV","HAZ_PLAC","HAZ_ID","HAZ_CNO","HAZ_REL","BUS_USE","SPEC_USE","EMER_USE","TRAV_SP","UNDERIDE","ROLLOVER","ROLINLOC","IMPACT1","DEFORMED","TOWED","M_HARM","VEH_SC1","VEH_SC2","FIRE_EXP","DR_PRES","L_STATE","DR_ZIP","L_STATUS","L_TYPE","CDL_STAT","L_ENDORS","L_COMPL","L_RESTRI","DR_HGT","DR_WGT","PREV_ACC","PREV_SUS","PREV_DWI","PREV_SPD","PREV_OTH","FIRST_MO","FIRST_YR","LAST_MO","LAST_YR","SPEEDREL","DR_SF1","DR_SF2","DR_SF3","DR_SF4","VTRAFWAY","VNUM_LAN","VSPD_LIM","VALIGN","VPROFILE","VPAVETYP","VSURCOND","VTRAFCON","VTCONT_F","P_CRASH1","P_CRASH2","P_CRASH3","PCRASH4","PCRASH5","ACC_TYPE","TRLR1VIN","TRLR2VIN","TRLR3VIN","DEATHS","DR_DRINK"
21,210345,1,2,2,25,2,16,47,12,6,1,0,21,2,30,40,30040,4,2008,"3VWJM71K38M0","3","V","W","J","M","7","1","K","3","8","M","0",0,0,0,"000000000","00000000000",0,0,0,1,0,0,0,0,0,0,0,38,0,0,0,81,6,2,12,0,0,0,1,21,42404,6,2,0,0,3,1,69,200,0,0,0,0,0,0,0,0,0,0,28,87,0,0,1,2,35,1,2,2,2,40,3,1,6,15,4,2,64,"777777777777","777777777777","777777777777",0,0
21,210345,2,2,2,25,2,16,47,12,6,1,0,21,1,20,2,20002,4,2008,"2G1WB55KX812","2","G","1","W","B","5","5","K","X","8","1","2",0,0,0,"000000000","00000000000",0,0,0,1,0,0,0,0,0,0,0,38,0,0,0,12,6,2,12,0,0,0,1,21,42409,6,1,8,0,3,1,69,145,0,0,0,0,0,0,0,0,0,0,0,0,0,0,1,2,35,1,2,2,2,40,3,1,62,1,1,1,65,"777777777777","777777777777","777777777777",1,0
21,210346,1,1,5,30,6,22,47,8,0,1,0,18,1,20,422,20422,15,2006,"3GNFK16ZX6G1","3","G","N","F","K","1","6","Z","X","6","G","1",0,0,0,"000000000","00000000000",0,0,0,1,0,0,0,0,0,0,0,75,0,0,0,12,4,5,8,0,0,0,1,18,46033,6,1,0,0,3,0,67,175,0,0,0,1,0,6,2012,6,2012,0,0,0,0,0,3,3,70,1,2,2,1,0,0,1,80,1,1,1,13,"777777777777","777777777777","777777777777",0,0
21,210347,1,1,1,15,6,9,57,42,0,1,0,21,1,22,9,22009,2,1994,"2G2FS22S3R22","2","G","2","F","S","2","2","S","3","R","2","2",0,0,0,"000000000","00000000000",0,0,0,1,0,0,0,0,0,0,0,998,0,0,0,12,6,2,42,0,0,0,1,21,40444,6,1,0,0,3,1,70,240,0,0,0,0,0,0,0,0,0,0,6,0,0,0,1,2,55,3,2,2,1,0,0,14,13,16,1,4,1,"777777777777","777777777777","777777777777",1,0
21,210348,1,2,1,4,5,18,11,12,2,1,0,21,1,35,402,35402,14,2002,"5N1ED28Y22C5","5","N","1","E","D","2","8","Y","2","2","C","5",0,0,0,"000000000","00000000000",0,0,0,1,0,0,0,0,0,0,0,998,0,0,0,12,6,2,12,0,0,0,1,21,40075,6,1,0,0,3,0,72,208,0,3,0,0,0,6,2014,12,2014,0,6,28,0,0,1,2,35,1,2,2,2,40,3,1,10,1,1,2,50,"777777777777","777777777777","777777777777",0,0
21,210348,2,2,1,4,5,18,11,12,2,1,0,21,1,20,403,20403,14,2005,"1GNDS13S9523","1","G","N","D","S","1","3","S","9","5","2","3",0,0,0,"000000000","00000000000",0,0,0,1,0,0,0,0,0,0,0,998,0,0,0,12,6,2,12,0,0,0,1,21,40214,6,1,0,0,3,1,75,290,0,0,0,0,0,0,0,0,0,0,0,0,0,0,1,2,35,1,2,2,2,0,0,1,62,1,1,1,51,"777777777777","777777777777","777777777777",1,0
21,210349,1,1,1,2,7,2,3,53,0,1,0,21,1,20,481,20481,31,2000,"1GCEK14T7YZ1","1","G","C","E","K","1","4","T","7","Y","Z","1",0,0,0,"000000000","00000000000",0,0,0,1,0,0,0,0,0,0,0,998,0,2,5,12,6,2,1,0,0,0,1,21,41828,6,1,0,0,3,0,69,148,0,0,0,0,0,0,0,0,0,0,58,0,0,0,1,2,55,3,1,2,2,0,0,14,9,8,2,4,2,"777777777777","777777777777","777777777777",1,1
21,210350,1,1,1,3,7,3,13,38,0,1,0,21,2,12,23,12023,4,2006,"3FAFP08116R1","3","F","A","F","P","0","8","1","1","6","R","1",0,0,0,"000000000","00000000000",0,0,0,1,0,0,0,0,0,0,0,105,0,0,0,61,6,2,42,0,0,0,1,21,40361,6,7,0,0,3,1,69,250,0,1,0,0,0,2,2014,2,2014,3,0,0,0,0,1,2,55,1,1,2,1,0,0,1,6,7,3,4,2,"777777777777","777777777777","777777777777",1,1
21,210351,1,1,1,5,7,13,0,9,0,1,0,21,1,63,34,63034,4,2008,"KNAGE1234852","K","N","A","G","E","1","2","3","4","8","5","2",0,0,0,"000000000","00000000000",0,0,0,1,0,0,0,0,0,0,0,47,0,0,0,12,4,5,9,0,0,0,1,21,42025,6,1,0,0,3,1,63,150,0,0,0,0,0,0,0,0,0,0,0,0,0,0,1,2,55,4,2,2,1,0,0,15,83,16,2,2,13,"777777777777","777777777777","777777777777",0,0
21,210352,1,2,1,5,7,19,5,12,2,1,0,21,1,12,481,12481,31,2004,"1FTPX12564NC","1","F","T","P","X","1","2","5","6","4","N","C",0,0,0,"000000000","00000000000",0,0,0,1,0,0,0,0,0,0,0,998,0,0,0,12,6,2,12,0,0,0,1,21,40142,6,1,0,0,3,0,74,180,0,0,0,0,0,0,0,0,0,0,6,28,0,0,1,3,55,1,2,2,1,0,0,1,10,1,1,2,50,"777777777777","777777777777","777777777777",0,0
21,210352,2,2,2,5,7,19,5,12,2,1,0,21,1,18,3,18003,4,2002,"1G4CW54K8241","1","G","4","C","W","5","4","K","8","2","4","1",0,0,0,"000000000","00000000000",0,0,0,1,0,0,0,0,0,0,0,998,0,0,0,12,6,2,12,0,0,0,1,21,40143,6,1,0,0,3,0,64,140,0,0,0,0,0,0,0,0,0,0,0,0,0,0,1,3,55,1,2,2,1,0,0,1,62,98,1,1,51,"777777777777","777777777777","777777777777",2,0
21,210353,1,1,6,4,7,4,18,52,0,1,0,13,2,35,39,35039,4,2010,"1N4AA5AP2AC8","1","N","4","A","A","5","A","P","2","A","C","8",0,0,0,"000000000","00000000000",0,0,0,1,0,0,0,0,0,0,0,67,0,0,0,12,6,2,52,0,0,0,1,13,30297,6,1,0,0,3,0,71,190,98,0,0,0,2,9,2015,5,2016,0,0,0,0,0,2,2,70,1,1,2,2,0,0,1,13,98,1,4,1,"777777777777","777777777777","777777777777",1,0
21,210354,1,2,2,4,7,18,3,12,6,1,0,21,1,20,421,20421,15,2001,"1GNEK13T41J1","1","G","N","E","K","1","3","T","4","1","J","1",0,0,0,"000000000","00000000000",0,0,0,1,0,0,0,0,0,0,0,998,0,0,0,83,6,2,12,0,0,0,1,21,42519,6,1,0,0,3,0,71,205,0,0,0,0,0,0,0,0,0,0,28,0,0,0,1,3,55,3,2,2,2,40,3,14,8,98,1,2,66,"777777777777","777777777777","777777777777",0,0
21,210354,2,2,2,4,7,18,3,12,6,1,0,21,2,20,22,20022,2,2008,"1G1AL18F6871","1","G","1","A","L","1","8","F","6","8","7","1",0,0,0,"000000000","00000000000",0,0,0,1,0,0,0,0,0,0,0,998,0,0,0,12,6,2,12,0,0,0,1,21,42647,6,1,0,0,3,0,73,120,1,0,0,1,0,6,2015,4,2016,0,0,0,0,0,1,3,55,2,2,2,2,40,3,14,62,6,1,1,66,"777777777777","777777777777","777777777777",1,0
21,210355,1,1,1,2,7,2,28,53,0,1,0,21,2,20,431,20431,16,2001,"3GNFK16T31G2","3","G","N","F","K","1","6","T","3","1","G","2",0,0,0,"000000000","00000000000",0,0,0,1,0,0,0,0,0,0,0,998,0,0,0,12,6,2,42,0,0,0,1,21,40502,1,1,0,0,2,0,68,200,0,3,2,0,2,8,2013,3,2016,5,58,0,0,0,1,2,55,1,1,2,1,0,0,1,12,7,1,4,6,"777777777777","777777777777","777777777777",1,1
21,210356,1,1,1,4,7,15,2,1,0,1,0,0,0,99,739,99739,90,9999,"000000000000","0","0","0","0","0","0","0","0","0","0","0","0",0,0,0,"000000000","00000000000",0,0,0,1,0,0,0,0,0,0,0,998,0,9,1,0,2,5,1,0,0,0,1,21,42754,6,1,0,0,3,0,72,275,0,0,0,0,0,0,0,0,0,0,58,0,0,0,1,2,55,1,2,2,2,0,0,1,13,99,1,6,98,"777777777777","777777777777","777777777777",1,0
21,210357,1,1,2,1,7,21,48,15,0,1,0,21,2,12,401,12401,14,2000,"1FMDU83P8YZB","1","F","M","D","U","8","3","P","8","Y","Z","B",0,0,0,"000000000","00000000000",0,0,0,1,0,0,0,0,0,0,0,45,0,0,0,12,2,5,15,0,0,0,1,21,42503,6,1,0,0,3,0,75,170,0,0,0,0,0,0,0,0,0,0,0,0,0,0,2,3,45,1,2,2,1,0,0,1,83,16,2,1,13,"777777777777","777777777777","777777777777",0,0
21,210358,1,2,1,7,7,12,5,12,2,1,0,21,2,12,13,12013,4,1998,"1FAFP13P7WW2","1","F","A","F","P","1","3","P","7","W","W","2",0,0,0,"000000000","00000000000",0,0,0,1,0,0,0,0,0,0,0,998,0,0,0,12,6,2,12,0,0,0,1,21,42501,1,1,0,0,2,1,69,192,0,4,0,0,2,10,2012,1,2014,0,28,0,0,0,1,2,55,4,2,2,2,0,0,14,10,1,1,2,52,"777777777777","777777777777","777777777777",0,0
21,210358,2,2,1,7,7,12,5,12,2,1,0,21,2,49,32,49032,4,1997,"2T1BB02E3VC1","2","T","1","B","B","0","2","E","3","V","C","1",0,0,0,"000000000","00000000000",0,0,0,1,0,0,0,0,0,0,0,998,0,0,0,12,6,2,12,0,0,0,1,21,40489,6,1,0,0,3,1,74,170,0,0,0,0,0,0,0,0,0,0,0,0,0,0,1,2,55,4,2,2,2,0,0,14,62,1,1,1,52,"777777777777","777777777777","777777777777",1,0
21,210359,1,1,1,8,7,1,8,42,0,1,0,21,1,49,401,49401,14,2001,"JT3HN86R1103","J","T","3","H","N","8","6","R","1","1","0","3",0,0,0,"000000000","00000000000",0,0,0,1,0,0,0,0,0,0,0,998,0,0,0,12,6,2,42,0,0,1,1,21,40503,6,1,0,0,3,0,70,190,1,0,0,0,0,6,2012,6,2012,3,0,0,0,0,5,5,45,1,2,2,1,40,3,1,13,1,1,4,1,"777777777777","777777777777","777777777777",1,0
21,210360,1,1,1,8,7,4,23,43,0,1,0,21,3,20,461,20461,21,1999,"1GCFG15R2X11","1","G","C","F","G","1","5","R","2","X","1","1",0,0,0,"000000000","00000000000",0,0,0,1,0,0,0,0,0,0,0,998,0,0,0,12,6,2,2,0,0,1,1,21,42240,6,1,0,0,3,0,70,180,0,0,0,2,0,8,2012,5,2013,0,0,0,0,0,1,2,45,1,2,2,2,0,0,1,13,98,1,4,1,"777777777777","777777777777","777777777777",1,0
21,210361,1,3,1,8,7,15,25,12,6,1,0,21,1,20,421,20421,15,2001,"1GNEK13T61R1","1","G","N","E","K","1","3","T","6","1","R","1",0,0,0,"000000000","00000000000",0,0,0,1,0,0,0,0,0,0,0,998,7,0,0,12,6,2,12,0,0,0,1,21,42347,6,1,0,0,3,1,72,165,0,0,0,0,0,0,0,0,0,0,6,28,0,0,5,5,45,1,1,2,1,40,3,1,10,1,1,2,66,"777777777777","777777777777","777777777777",0,1
21,210361,2,3,3,8,7,15,25,12,6,1,0,21,1,18,2,18002,4,1990,"1G4HP54C2LH5","1","G","4","H","P","5","4","C","2","L","H","5",0,0,0,"000000000","00000000000",0,0,0,1,0,0,0,0,0,0,0,998,0,0,0,62,6,2,12,0,0,0,1,21,42347,6,1,0,0,3,1,66,150,0,0,0,0,0,0,0,0,0,0,0,0,0,0,5,5,45,1,1,2,1,40,3,1,62,7,1,1,66,"777777777777","777777777777","777777777777",2,0
21,210361,3,3,1,8,7,15,25,12,6,1,0,21,2,49,33,49033,3,2001,"JTDDR32T1100","J","T","D","D","R","3","2","T","1","1","0","0",0,0,0,"000000000","00000000000",0,0,0,1,0,0,0,0,0,0,0,998,0,0,0,12,6,2,12,0,0,0,1,21,42320,6,1,0,0,3,1,61,190,0,0,0,0,0,0,0,0,0,0,0,0,0,0,5,5,45,1,1,2,2,40,3,1,50,16,2,1,98,"777777777777","777777777777","777777777777",0,0
21,210362,1,2,1,9,7,3,0,12,1,1,0,47,1,19,18,19018,4,2005,"1G6DM56T4502","1","G","6","D","M","5","6","T","4","5","0","2",0,0,0,"000000000","00000000000",0,0,0,1,0,0,0,0,0,0,0,998,1,0,0,12,6,2,12,0,0,0,1,53,98445,6,1,0,0,3,0,78,225,0,0,0,2,1,3,2015,12,2015,5,6,0,0,0,3,2,70,4,2,2,1,0,0,14,51,1,1,1,24,"777777777777","777777777777","777777777777",1,1
21,210362,2,2,2,9,7,3,0,12,1,1,0,18,3,82,881,82881,66,2016,"3AKJGLD53GSH","3","A","K","J","G","L","D","5","3","G","S","H",1,1,57,"00053773","5700053773",3,6,1,1,0,0,0,0,0,0,0,998,0,0,0,6,6,2,12,0,0,0,1,37,27925,6,1,6,0,3,0,74,999,0,0,0,0,0,0,0,0,0,0,0,0,0,0,3,2,70,4,2,2,1,0,0,14,53,1,1,1,25,"888888888888","777777777777","777777777777",0,0
21,210363,1,2,1,9,7,11,50,12,6,1,0,47,1,2,403,2403,14,2015,"1C4BJWEG0FL7","1","C","4","B","J","W","E","G","0","F","L","7",0,0,0,"000000000","00000000000",0,0,0,1,0,0,0,0,0,0,0,7,0,0,0,62,6,2,12,0,0,0,1,47,37042,6,1,0,0,3,1,65,150,0,0,0,1,0,4,2015,4,2015,0,6,38,0,0,1,2,98,8,8,8,98,20,3,4,17,16,2,1,89,"777777777777","777777777777","777777777777",0,0
21,210363,2,2,1,9,7,11,50,12,6,1,0,21,1,18,7,18007,4,2001,"2G4WS52J3111","2","G","4","W","S","5","2","J","3","1","1","1",0,0,0,"000000000","00000000000",0,0,0,1,0,0,0,0,0,0,0,40,0,0,0,12,6,2,12,0,0,0,1,21,42286,6,1,0,0,3,1,64,240,1,0,0,0,0,9,2015,9,2015,0,0,0,0,0,1,2,55,1,2,2,1,0,0,1,66,98,1,1,88,"777777777777","777777777777","777777777777",1,0
21,210364,1,2,1,11,7,20,0,12,6,1,0,21,1,12,3,12003,2,2001,"1FAFP40491F1","1","F","A","F","P","4","0","4","9","1","F","1",0,0,0,"000000000","00000000000",0,0,0,1,0,0,0,0,0,0,0,998,0,0,0,61,6,2,12,0,0,0,1,21,40144,6,1,0,0,3,1,63,175,0,0,0,0,0,0,0,0,0,0,38,0,0,0,1,2,98,8,8,2,2,20,3,11,15,1,1,1,82,"777777777777","777777777777","777777777777",1,0
21,210364,2,2,1,11,7,20,0,12,6,1,0,21,1,23,481,23481,31,2011,"1GTN1VEA1BZ1","1","G","T","N","1","V","E","A","1","B","Z","1",0,0,0,"000000000","00000000000",0,0,0,1,0,0,0,0,0,0,0,998,0,0,0,12,6,2,12,0,0,0,1,21,40175,6,1,0,0,3,0,72,160,0,0,0,0,0,0,0,0,0,0,0,0,0,0,1,2,55,1,1,2,2,0,0,1,67,16,2,1,83,"777777777777","777777777777","777777777777",0,0
21,210365,1,1,1,12,7,17,38,1,0,1,0,12,1,72,706,72706,80,2009,"1HD1KB4109Y6","1","H","D","1","K","B","4","1","0","9","Y","6",0,0,0,"000000000","00000000000",0,0,0,1,0,0,0,0,0,0,0,998,0,0,0,0,6,2,24,0,0,0,1,12,33064,6,1,0,0,3,0,70,999,0,0,0,2,0,8,2012,7,2015,0,0,0,0,0,1,2,55,4,2,2,1,40,3,14,6,6,2,4,2,"777777777777","777777777777","777777777777",1,0
21,210366,1,2,3,11,7,20,34,12,6,1,1,21,1,55,35,55035,4,2003,"KMHDN45DX3U6","K","M","H","D","N","4","5","D","X","3","U","6",0,0,0,"000000000","00000000000",0,0,0,1,0,0,0,0,0,0,0,998,0,0,0,63,6,2,12,0,0,0,1,21,40330,6,1,0,0,3,1,62,139,1,0,0,0,0,2,2013,2,2013,0,39,0,0,0,1,2,55,8,8,2,1,20,3,10,16,1,1,1,84,"777777777777","777777777777","777777777777",1,0
21,210366,2,2,1,11,7,20,34,12,6,1,0,21,1,35,39,35039,4,2013,"1N4AA5AP1DC8","1","N","4","A","A","5","A","P","1","D","C","8",0,0,0,"000000000","00000000000",0,0,0,1,0,0,0,0,0,0,0,998,0,0,0,12,6,2,12,0,0,0,1,21,40065,6,1,0,0,3,0,70,172,0,0,0,0,0,0,0,0,0,0,0,0,0,0,1,2,55,1,1,2,1,0,0,1,65,16,2,1,84,"777777777777","777777777777","777777777777",0,0
21,210367,1,1,1,13,7,3,34,8,0,1,0,21,1,7,482,7482,31,2016,"3C6UR5CL6GG1","3","C","6","U","R","5","C","L","6","G","G","1",0,0,0,"000000000","00000000000",0,0,0,1,0,0,0,0,0,0,0,47,0,0,0,12,2,5,8,0,0,0,1,21,41051,6,1,0,0,3,0,69,160,0,0,0,0,0,0,0,0,0,0,0,0,0,0,5,5,45,1,1,2,1,40,3,1,80,6,1,1,13,"777777777777","777777777777","777777777777",0,0
21,210368,1,1,1,13,7,14,17,1,0,1,0,18,3,20,461,20461,21,2010,"1GCZGFAA6A11","1","G","C","Z","G","F","A","A","6","A","1","1",0,0,0,"000000000","00000000000",0,0,0,1,0,0,0,0,0,0,0,998,0,9,1,0,6,2,1,0,0,0,1,21,40165,6,1,0,0,3,1,70,170,1,0,0,0,0,7,2012,7,2012,0,0,0,0,0,2,2,70,1,1,2,1,0,0,1,12,1,1,6,98,"777777777777","777777777777","777777777777",1,0
21,210369,1,1,1,2,7,14,30,52,0,1,0,18,1,20,481,20481,31,2000,"1GCEK14T8YZ2","1","G","C","E","K","1","4","T","8","Y","Z","2",0,0,0,"000000000","00000000000",0,0,0,1,0,0,0,0,0,0,0,998,0,0,0,12,6,2,52,0,0,0,1,18,47025,6,1,0,0,3,1,68,170,0,0,0,0,0,0,0,0,0,0,0,0,0,0,3,3,65,1,1,1,1,0,0,1,13,1,1,4,1,"777777777777","777777777777","777777777777",1,0
21,210370,1,1,1,16,7,1,14,1,0,1,0,21,1,72,706,72706,80,2007,"1HD1CZ34X7K4","1","H","D","1","C","Z","3","4","X","7","K","4",0,0,0,"000000000","00000000000",0,0,0,1,0,0,0,0,0,0,0,998,0,0,0,0,6,2,1,0,0,0,1,21,40004,6,1,0,0,2,0,67,225,2,0,0,0,0,9,2011,11,2011,5,6,0,0,0,1,2,25,1,1,2,1,0,0,3,6,16,2,1,98,"777777777777","777777777777","777777777777",1,1
21,210371,1,2,1,16,7,11,35,12,2,1,0,21,2,9,20,9020,4,2000,"1P3ES46C0YD6","1","P","3","E","S","4","6","C","0","Y","D","6",0,0,0,"000000000","00000000000",0,0,0,1,0,0,0,0,0,0,0,998,0,0,0,12,6,2,12,0,0,0,1,21,42754,1,1,0,0,2,0,69,172,0,4,2,0,0,10,2011,11,2013,0,28,0,0,0,1,2,55,1,1,2,1,0,0,1,10,1,1,2,50,"777777777777","777777777777","777777777777",1,1
21,210371,2,2,3,16,7,11,35,12,2,1,0,21,1,20,37,20037,4,2013,"1G11D5RR8DF1","1","G","1","1","D","5","R","R","8","D","F","1",0,0,0,"000000000","00000000000",0,0,0,1,0,0,0,0,0,0,0,998,0,0,0,12,6,2,12,0,0,0,1,21,40258,6,1,0,0,3,0,71,160,0,0,0,0,0,0,0,0,0,0,0,0,0,0,1,2,55,1,1,2,1,0,0,1,62,7,1,1,51,"777777777777","777777777777","777777777777",0,0
21,210372,1,2,1,17,7,13,11,12,2,1,0,21,2,49,32,49032,4,1996,"2T1BA02E6TC1","2","T","1","B","A","0","2","E","6","T","C","1",0,0,0,"000000000","00000000000",0,0,0,1,0,0,0,0,0,0,0,998,0,0,0,12,6,2,12,0,0,1,1,21,42256,6,1,0,0,3,0,65,190,0,0,0,0,0,0,0,0,0,0,58,0,0,0,1,2,55,1,2,2,1,0,0,17,8,8,2,2,50,"777777777777","777777777777","777777777777",1,0
21,210372,2,2,2,17,7,13,11,12,2,1,0,21,1,7,442,7442,20,2014,"2C4RDGBG8ER3","2","C","4","R","D","G","B","G","8","E","R","3",0,0,0,"000000000","00000000000",0,0,0,1,0,0,0,0,0,0,0,998,0,0,0,12,6,2,12,0,0,0,1,21,42276,6,1,0,0,3,0,68,170,0,0,0,0,0,0,0,0,0,0,0,0,0,0,1,2,55,1,2,2,1,0,0,1,62,9,1,1,51,"777777777777","777777777777","777777777777",0,0
21,210373,1,1,1,17,7,18,58,53,0,1,0,21,1,7,482,7482,31,2004,"1D7HA16N44J2","1","D","7","H","A","1","6","N","4","4","J","2",0,0,0,"000000000","00000000000",0,0,0,1,0,0,0,0,0,0,0,998,0,0,0,12,2,3,99,0,0,0,1,21,41222,6,1,1,0,3,0,69,205,0,0,0,0,0,0,0,0,0,0,0,0,0,0,1,2,55,1,1,2,1,0,0,1,13,1,1,4,1,"777777777777","777777777777","777777777777",1,0
21,210374,1,1,3,17,7,3,25,8,0,1,0,21,1,63,34,63034,4,2013,"5XXGN4A70DG2","5","X","X","G","N","4","A","7","0","D","G","2",0,0,0,"000000000","00000000000",0,0,0,1,0,0,0,0,0,0,0,998,0,0,0,12,4,5,8,0,0,0,1,21,40203,6,1,0,0,3,1,66,255,0,1,0,0,1,10,2014,7,2015,0,0,0,0,0,1,6,35,1,1,2,1,0,0,1,80,1,1,1,13,"777777777777","777777777777","777777777777",0,0
21,210375,1,1,1,17,7,11,34,21,0,1,0,21,2,49,40,49040,4,1996,"JT2BG12K8T04","J","T","2","B","G","1","2","K","8","T","0","4",0,0,0,"000000000","00000000000",0,0,0,1,0,0,0,0,0,0,0,998,0,0,0,12,6,2,21,0,0,0,1,21,40222,6,1,0,0,3,0,67,135,1,0,0,0,0,10,2015,10,2015,0,99,99,99,99,2,2,55,2,1,2,1,0,0,14,13,1,1,4,1,"777777777777","777777777777","777777777777",1,0
21,210376,1,1,1,6,7,5,0,24,0,1,0,21,3,82,881,82881,66,1999,"1FUYSDYB1XPB","1","F","U","Y","S","D","Y","B","1","X","P","B",1,1,57,"02209650","5702209650",3,6,1,1,0,0,0,0,0,0,0,998,0,1,2,61,6,2,1,0,0,0,1,21,40219,6,1,6,0,3,0,69,139,0,0,0,0,1,10,2014,10,2014,5,6,0,0,0,6,8,25,2,2,2,1,40,3,14,6,16,2,4,7,"888888888888","777777777777","777777777777",1,0
21,210377,1,1,2,19,7,16,11,9,0,1,0,21,1,23,402,23402,14,2012,"2GKALMEK3C62","2","G","K","A","L","M","E","K","3","C","6","2",0,0,0,"000000000","00000000000",0,0,0,1,0,0,0,0,0,0,0,998,0,0,0,12,4,5,9,0,0,0,1,21,42411,6,1,0,0,3,1,64,190,0,0,0,0,0,0,0,0,0,0,0,0,0,0,1,2,45,1,1,2,1,0,0,1,83,1,1,1,13,"777777777777","777777777777","777777777777",0,0
21,210378,1,2,2,1,7,16,56,12,6,1,0,21,1,7,472,7472,30,2000,"1B7GL22N0YS7","1","B","7","G","L","2","2","N","0","Y","S","7",0,0,0,"000000000","00000000000",0,0,0,1,0,0,0,0,0,0,0,998,0,0,0,12,6,2,12,0,0,0,1,21,42330,6,1,0,0,3,0,72,255,1,0,0,0,0,11,2014,11,2014,0,39,0,0,0,8,8,98,8,8,8,98,3,3,1,17,1,1,1,86,"777777777777","777777777777","777777777777",1,0
21,210378,2,2,6,1,7,16,56,12,6,1,0,18,1,23,423,23423,15,2015,"1GKKRPKD9FJ3","1","G","K","K","R","P","K","D","9","F","J","3",0,0,0,"000000000","00000000000",0,0,0,1,0,0,0,0,0,0,0,998,0,0,0,81,6,2,12,0,0,0,1,18,47601,6,1,0,0,3,0,69,160,0,0,0,0,0,0,0,0,0,0,0,0,0,0,1,2,30,1,1,2,1,3,3,1,66,1,1,1,87,"777777777777","777777777777","777777777777",0,0
21,210379,1,2,1,20,7,10,48,12,1,1,0,21,1,76,706,76706,80,2007,"JYAVP24E97A0","J","Y","A","V","P","2","4","E","9","7","A","0",0,0,0,"000000000","00000000000",0,0,0,1,0,0,0,0,0,0,0,63,0,0,0,12,6,2,12,0,0,0,1,48,76240,6,1,0,0,3,0,999,999,0,0,0,0,0,0,0,0,0,3,6,0,0,0,1,2,55,1,3,2,1,0,0,1,52,16,2,1,28,"777777777777","777777777777","777777777777",1,0
21,210379,2,2,1,20,7,10,48,12,1,1,0,21,1,12,401,12401,14,2016,"1FM5K8F83GGA","1","F","M","5","K","8","F","8","3","G","G","A",0,0,0,"000000000","00000000000",0,0,0,1,0,0,0,0,0,0,0,10,0,0,0,6,2,5,12,0,0,0,1,21,40258,6,1,0,0,3,0,67,210,0,0,0,0,1,4,2012,4,2012,0,0,0,0,0,1,2,55,1,3,2,1,0,0,2,53,1,1,1,29,"777777777777","777777777777","777777777777",0,0
21,210380,1,2,1,19,7,12,25,12,6,1,0,21,1,76,706,76706,80,2003,"JYARN10E23A0","J","Y","A","R","N","1","0","E","2","3","A","0",0,0,0,"000000000","00000000000",0,0,0,1,0,0,0,0,0,0,0,63,0,0,0,12,6,2,12,0,0,0,1,21,41048,6,1,0,0,3,1,74,140,0,1,0,4,0,12,2011,5,2016,3,6,27,0,0,5,5,35,1,1,2,1,0,0,1,17,1,1,1,69,"777777777777","777777777777","777777777777",1,0
21,210380,2,2,1,19,7,12,25,12,6,1,0,39,3,20,461,20461,21,2011,"1GCSGAFX7B11","1","G","C","S","G","A","F","X","7","B","1","1",0,0,0,"000000000","00000000000",0,0,0,1,0,0,0,0,0,0,0,998,0,0,0,81,6,2,12,0,0,0,1,21,41051,6,1,0,0,3,0,68,200,0,0,0,0,0,0,0,0,0,0,38,0,0,0,5,5,35,1,1,2,1,0,0,11,15,98,1,1,68,"777777777777","777777777777","777777777777",0,0
21,210381,1,1,2,17,7,21,51,32,0,1,0,21,2,20,481,20481,31,2002,"2GCEK19V9211","2","G","C","E","K","1","9","V","9","2","1","1",0,0,0,"000000000","00000000000",0,0,0,1,0,0,0,0,0,0,0,998,0,0,0,12,6,2,35,0,0,0,1,21,40744,6,1,0,0,3,1,64,180,0,0,0,0,0,0,0,0,0,0,0,0,0,0,1,2,55,4,2,2,1,40,3,14,6,15,1,4,1,"777777777777","777777777777","777777777777",1,1
21,210382,1,1,4,21,7,4,10,38,0,1,0,21,2,12,3,12003,2,2013,"1ZVBP8CF9D52","1","Z","V","B","P","8","C","F","9","D","5","2",0,0,0,"000000000","00000000000",0,0,0,1,0,0,0,0,0,0,0,998,0,0,0,12,6,2,38,0,0,1,1,21,40330,6,1,0,0,3,0,71,140,1,3,0,2,2,5,2015,12,2015,0,6,39,0,0,1,2,55,1,2,2,1,3,3,1,14,98,1,4,14,"777777777777","777777777777","777777777777",3,1
21,210383,1,2,1,21,7,12,42,12,6,1,0,21,1,72,706,72706,80,2014,"1HD1TD912EB9","1","H","D","1","T","D","9","1","2","E","B","9",0,0,0,"000000000","00000000000",0,0,0,1,0,0,0,0,0,0,0,43,0,0,0,12,6,2,12,0,0,0,1,21,42757,6,1,0,0,2,0,72,160,1,0,0,1,0,7,2013,3,2015,0,35,0,0,0,1,2,55,1,1,2,1,40,3,6,98,98,1,1,73,"777777777777","777777777777","777777777777",1,0