"STATE","ST_CASE","VEH_NO","VE_FORMS","NUMOCCS","DAY","MONTH","HOUR","MINUTE","HARM_EV","MAN_COLL","UNITTYPE","HIT_RUN","REG_STAT","OWNER","MAKE","MODEL","MAK_MOD","BODY_TYP","MOD_YEAR","VIN","VIN_1","VIN_2","VIN_3","VIN_4","VIN_5","VIN_6","VIN_7","VIN_8","VIN_9","VIN_10","VIN_11","VIN_12","TOW_VEH","J_KNIFE","MCARR_I1","MCARR_I2","MCARR_ID","GVWR","V_CONFIG","CARGO_BT","HAZ_INV","HAZ_PLAC","HAZ_ID","HAZ_CNO","HAZ_REL","BUS_USE","SPEC_USE","EMER_USE","TRAV_SP","UNDERIDE","ROLLOVER","ROLINLOC","IMPACT1","DEFORMED","TOWED","M_HARM","VEH_SC1","VEH_SC2","FIRE_EXP","DR_PRES","L_STATE","DR_ZIP","L_STATUS","L_TYPE","CDL_STAT","L_ENDORS","L_COMPL","L_RESTRI","DR_HGT","DR_WGT","PREV_ACC","PREV_SUS","PREV_DWI","PREV_SPD","PREV_OTH","FIRST_MO","FIRST_YR","LAST_MO","LAST_YR","SPEEDREL","DR_SF1","DR_SF2","DR_SF3","DR_SF4","VTRAFWAY","VNUM_LAN","VSPD_LIM","VALIGN","VPROFILE","VPAVETYP","VSURCOND","VTRAFCON","VTCONT_F","P_CRASH1","P_CRASH2","P_CRASH3","PCRASH4","PCRASH5","ACC_TYPE","TRLR1VIN","TRLR2VIN","TRLR3VIN","DEATHS","DR_DRINK"
21,210383,2,2,2,21,7,12,42,12,6,1,0,21,1,12,481,12481,31,1992,"1FTDF15Y0NNA","1","F","T","D","F","1","5","Y","0","N","N","A",0,0,0,"000000000","00000000000",0,0,0,1,0,0,0,0,0,0,0,17,0,0,0,9,4,5,12,0,0,0,1,21,42718,6,1,0,0,3,0,68,165,2,0,0,0,0,10,2011,2,2013,0,0,0,0,0,1,2,55,1,1,2,1,40,3,11,15,1,1,1,72,"777777777777","777777777777","777777777777",0,0
21,210384,1,2,1,22,7,14,37,1,0,1,0,21,1,72,706,72706,80,2008,"1HD4CP2158K4","1","H","D","4","C","P","2","1","5","8","K","4",0,0,0,"000000000","00000000000",0,0,0,1,0,0,0,0,0,0,0,998,0,0,0,0,6,2,12,0,0,0,1,21,40741,6,1,0,0,3,0,63,130,1,0,0,0,0,6,2016,6,2016,0,0,0,0,0,1,2,45,2,3,2,1,0,0,14,8,98,2,2,98,"777777777777","777777777777","777777777777",1,0
21,210384,2,2,1,22,7,14,37,1,0,1,0,21,1,12,481,12481,31,2005,"1FTSW21P35EC","1","F","T","S","W","2","1","P","3","5","E","C",0,0,0,"000000000","00000000000",0,0,0,1,0,0,0,0,0,0,0,998,7,0,0,12,6,2,12,0,0,0,1,21,40953,6,1,0,0,3,0,69,178,0,0,0,0,0,0,0,0,0,0,0,0,0,0,1,2,45,3,3,2,1,0,0,14,62,7,1,1,98,"777777777777","777777777777","777777777777",0,0
21,210385,1,1,1,23,7,15,56,15,0,1,0,21,1,20,403,20403,14,2007,"1GNDT13S7722","1","G","N","D","T","1","3","S","7","7","2","2",0,0,0,"000000000","00000000000",0,0,0,1,0,0,0,0,0,0,0,998,0,0,0,12,2,3,15,0,0,0,1,21,41265,6,1,0,0,3,0,66,260,0,0,0,0,0,0,0,0,0,0,0,0,0,0,5,3,35,1,1,2,1,0,0,15,83,16,2,2,13,"777777777777","777777777777","777777777777",0,0
21,210386,1,3,1,19,7,17,33,12,6,1,0,21,1,49,46,49046,5,2010,"JTDKN3DU6A01","J","T","D","K","N","3","D","U","6","A","0","1",0,0,0,"000000000","00000000000",0,0,0,1,0,0,0,0,0,0,0,998,0,0,0,63,6,2,12,0,0,0,1,21,40508,6,1,0,0,3,0,76,235,1,0,0,1,0,11,2012,11,2015,0,39,0,0,0,5,5,98,1,1,2,1,3,3,10,16,1,1,1,98,"777777777777","777777777777","777777777777",1,0
21,210386,2,3,3,19,7,17,33,12,6,1,0,21,2,49,32,49032,4,2011,"2T1BU4EE0BC6","2","T","1","B","U","4","E","E","0","B","C","6",0,0,0,"000000000","00000000000",0,0,0,1,0,0,0,0,0,0,0,998,0,0,0,12,6,2,12,0,0,0,1,21,40511,6,1,0,0,3,0,68,155,0,0,0,0,0,0,0,0,0,0,0,0,0,0,5,5,35,1,1,2,1,3,3,1,65,15,2,1,98,"777777777777","777777777777","777777777777",0,0
21,210386,3,3,1,19,7,17,33,12,6,1,0,21,1,55,33,55033,4,2009,"5NPEU46F39H4","5","N","P","E","U","4","6","F","3","9","H","4",0,0,0,"000000000","00000000000",0,0,0,1,0,0,0,0,0,0,0,0,0,0,0,61,2,5,12,0,0,0,1,21,41031,6,1,0,0,3,0,64,144,0,0,0,0,0,0,0,0,0,0,0,0,0,0,5,5,35,1,1,2,1,3,3,5,62,1,1,1,98,"777777777777","777777777777","777777777777",0,0
21,210387,1,1,2,24,7,20,38,42,0,1,0,21,1,7,20,7020,4,1995,"1B3ES47C3SD6","1","B","3","E","S","4","7","C","3","S","D","6",0,0,0,"000000000","00000000000",0,0,0,1,0,0,0,0,0,0,0,998,0,0,0,12,6,2,2,0,0,1,1,21,41031,6,1,0,0,3,0,70,238,0,0,0,0,0,0,0,0,0,4,6,0,0,0,1,2,55,3,1,2,1,0,0,14,6,15,2,4,2,"777777777777","777777777777","777777777777",2,0
21,210388,1,1,1,25,7,18,5,8,0,1,1,21,1,53,34,53034,4,2004,"KL5JD52Z44K9","K","L","5","J","D","5","2","Z","4","4","K","9",0,0,0,"000000000","00000000000",0,0,0,1,0,0,0,0,0,0,0,53,0,0,0,12,4,3,8,0,0,0,1,21,40769,6,1,0,0,3,0,63,135,1,0,0,0,0,4,2015,4,2015,0,28,36,91,0,1,2,55,4,1,2,1,0,0,14,80,1,1,2,13,"777777777777","777777777777","777777777777",0,1
21,210389,1,1,1,24,7,3,59,35,0,1,0,21,1,22,20,22020,4,2004,"2G2WS5229411","2","G","2","W","S","5","2","2","9","4","1","1",0,0,0,"000000000","00000000000",0,0,0,1,0,0,0,0,0,0,0,998,0,1,5,12,6,2,35,0,0,1,1,21,40033,6,1,0,0,3,1,66,240,0,2,1,0,1,1,2012,12,2012,4,0,0,0,0,1,3,55,3,1,2,1,0,0,14,13,98,1,4,1,"777777777777","777777777777","777777777777",1,1
21,210390,1,1,1,26,7,8,7,1,0,1,0,21,3,82,881,82881,63,2000,"1FV6HJBA4YHG","1","F","V","6","H","J","B","A","4","Y","H","G",0,0,57,"00710844","5700710844",3,1,2,2,2,1075,2,1,0,0,0,998,0,2,5,0,6,2,1,0,0,0,1,21,42127,6,1,6,1,3,0,71,150,0,0,0,0,0,0,0,0,0,0,6,0,0,0,1,2,55,3,6,2,1,0,0,14,9,98,3,4,2,"777777777777","777777777777","777777777777",1,0
21,210391,1,2,3,26,7,15,36,12,2,1,0,21,1,20,481,20481,31,1999,"2GCEC19TXX12","2","G","C","E","C","1","9","T","X","X","1","2",0,0,0,"000000000","00000000000",0,0,0,1,0,0,0,0,0,0,0,23,0,0,0,12,6,2,12,0,0,0,1,21,40215,6,1,0,0,3,0,72,150,0,0,0,0,0,0,0,0,0,0,38,48,0,0,1,4,35,1,1,2,1,0,0,11,15,98,1,2,68,"777777777777","777777777777","777777777777",0,0
21,210391,2,2,2,26,7,15,36,12,2,1,0,21,2,53,706,53706,80,2005,"JS1GW71A1521","J","S","1","G","W","7","1","A","1","5","2","1",0,0,0,"000000000","00000000000",0,0,0,1,0,0,0,0,0,0,0,53,0,0,0,12,6,2,12,0,0,0,1,18,47130,1,1,0,0,2,0,999,999,1,5,0,0,1,4,2014,2,2016,3,27,0,0,0,1,4,35,1,1,2,1,0,0,1,62,98,1,1,69,"777777777777","777777777777","777777777777",1,0
21,210392,1,3,1,28,7,16,43,12,6,1,0,51,3,82,881,82881,66,2007,"1FUJA6CK17LY","1","F","U","J","A","6","C","K","1","7","L","Y",1,1,57,"00522194","5700522194",3,6,11,1,0,0,0,0,0,0,0,63,7,0,0,12,4,3,12,0,0,0,1,35,87062,6,1,6,0,3,0,67,210,98,0,0,0,1,8,2012,8,2012,3,39,0,0,0,2,2,55,1,2,1,1,3,3,1,17,16,2,2,88,"888888888888","777777777777","777777777777",0,0
21,210392,2,3,1,28,7,16,43,12,6,1,0,21,1,12,17,12017,4,2005,"1FAFP53UX5A2","1","F","A","F","P","5","3","U","X","5","A","2",0,0,0,"000000000","00000000000",0,0,0,1,0,0,0,0,0,0,0,3,0,0,0,61,6,2,12,0,0,0,1,21,42048,6,1,0,0,3,0,60,160,1,0,0,0,0,11,2015,11,2015,0,0,0,0,0,2,2,98,1,2,1,1,3,3,1,66,1,1,1,89,"777777777777","777777777777","777777777777",1,0
21,210392,3,3,1,28,7,16,43,12,6,1,0,21,1,12,401,12401,14,2014,"1FM5K7D88EGC","1","F","M","5","K","7","D","8","8","E","G","C",0,0,0,"000000000","00000000000",0,0,0,1,0,0,0,0,0,0,0,0,0,0,0,61,2,5,54,0,0,0,1,21,42211,6,1,0,0,3,0,63,155,1,0,0,0,0,2,2012,2,2012,0,0,0,0,0,2,2,55,1,2,1,1,3,3,5,98,1,1,1,98,"777777777777","777777777777","777777777777",0,0
21,210393,1,1,1,28,7,11,0,35,0,1,0,21,2,87,884,87884,66,2009,"1XPXD40X69N7","1","X","P","X","D","4","0","X","6","9","N","7",1,1,57,"00836390","5700836390",3,6,4,1,0,0,0,0,0,0,0,18,0,1,5,12,6,2,35,0,0,0,1,21,40999,6,1,6,0,3,0,72,195,2,0,0,0,0,10,2012,6,2016,0,0,0,0,0,1,2,55,1,2,2,2,0,0,1,12,1,1,4,6,"888888888888","777777777777","777777777777",1,0
21,210394,1,2,1,25,7,10,5,12,6,1,0,21,1,19,17,19017,4,1999,"W06VR52R6XR0","W","0","6","V","R","5","2","R","6","X","R","0",0,0,0,"000000000","00000000000",0,0,0,1,0,0,0,0,0,0,0,998,0,0,0,61,6,2,12,0,0,0,1,21,40243,6,1,0,0,3,1,64,115,0,0,0,0,0,0,0,0,0,0,38,0,0,0,5,5,45,1,2,2,1,20,3,11,15,16,2,1,82,"777777777777","777777777777","777777777777",1,0
21,210394,2,2,1,25,7,10,5,12,6,1,0,21,3,54,421,54421,15,2002,"2HNYD18642H5","2","H","N","Y","D","1","8","6","4","2","H","5",0,0,0,"000000000","00000000000",0,0,0,1,0,0,0,0,0,0,0,998,0,0,0,12,6,2,12,0,0,0,1,21,40207,6,1,0,0,3,0,69,160,1,0,0,0,0,2,2013,2,2013,0,0,0,0,0,5,5,45,1,2,2,1,0,0,1,67,15,2,1,83,"777777777777","777777777777","777777777777",0,0
21,210395,1,2,2,24,7,16,37,12,2,1,0,92,0,20,431,20431,16,1996,"3GNFK16R8TG1","3","G","N","F","K","1","6","R","8","T","G","1",0,0,0,"000000000","00000000000",0,0,0,1,0,0,0,0,0,0,0,998,0,0,0,12,4,3,12,0,0,0,1,21,41240,1,1,0,0,2,0,70,148,0,0,0,0,0,0,0,0,0,0,0,0,0,0,1,2,55,2,1,2,1,0,0,14,54,15,2,1,52,"777777777777","777777777777","777777777777",0,0
21,210395,2,2,1,24,7,16,37,12,2,1,0,21,1,72,706,72706,80,1993,"1HD1CAP19PY2","1","H","D","1","C","A","P","1","9","P","Y","2",0,0,0,"000000000","00000000000",0,0,0,1,0,0,0,0,0,0,0,998,0,0,0,12,6,2,12,0,0,0,1,21,41240,6,1,0,0,2,1,67,165,0,0,0,0,0,0,0,0,0,0,51,0,0,0,1,2,55,3,1,2,1,0,0,14,54,1,1,1,52,"777777777777","777777777777","777777777777",1,0
21,210396,1,2,1,30,7,3,22,12,2,1,0,21,1,23,481,23481,31,1997,"1GTEK14R9VZ5","1","G","T","E","K","1","4","R","9","V","Z","5",0,0,0,"000000000","00000000000",0,0,0,1,0,0,0,0,0,0,0,998,0,0,0,12,6,2,12,0,0,0,1,21,40360,6,1,0,0,3,0,70,200,1,0,0,3,0,12,2011,11,2012,0,28,0,0,0,1,2,55,1,1,2,1,40,3,1,11,1,1,2,50,"777777777777","777777777777","777777777777",1,1
21,210396,2,2,2,30,7,3,22,12,2,1,0,21,2,12,481,12481,31,1993,"2FTEF14Y7PCA","2","F","T","E","F","1","4","Y","7","P","C","A",0,0,0,"000000000","00000000000",0,0,0,1,0,0,0,0,0,0,0,998,0,0,0,12,6,2,12,0,0,0,1,21,40361,3,1,0,0,2,0,64,124,1,0,0,0,0,5,2016,5,2016,0,0,0,0,0,1,2,55,1,1,2,1,40,3,1,62,1,1,1,51,"777777777777","777777777777","777777777777",1,1
21,210397,1,1,2,30,7,7,8,35,0,1,0,47,1,49,472,49472,30,2006,"5TETU62N36Z1","5","T","E","T","U","6","2","N","3","6","Z","1",0,0,0,"000000000","00000000000",0,0,0,1,0,0,0,0,0,0,0,998,0,1,6,12,6,2,1,0,0,0,1,54,26206,3,1,0,0,2,0,69,145,0,0,0,0,0,0,0,0,0,3,0,0,0,0,1,2,55,3,1,2,1,40,3,14,6,6,1,4,6,"777777777777","777777777777","777777777777",2,1
21,210398,1,2,1,30,7,21,51,12,6,1,0,21,2,7,482,7482,31,1999,"1B7HF13Z2XJ6","1","B","7","H","F","1","3","Z","2","X","J","6",0,0,0,"000000000","00000000000",0,0,0,1,0,0,0,0,0,0,0,7,0,0,0,61,6,2,12,0,0,0,1,21,42001,6,2,0,0,3,0,74,240,0,0,0,0,0,0,0,0,0,0,6,38,0,0,1,2,98,1,1,2,98,20,3,11,15,1,1,1,82,"777777777777","777777777777","777777777777",0,0
21,210398,2,2,3,30,7,21,51,12,6,1,0,47,2,12,481,12481,31,2007,"1FTPW14577FB","1","F","T","P","W","1","4","5","7","7","F","B",0,0,0,"000000000","00000000000",0,0,0,1,0,0,0,0,0,0,0,65,0,1,1,12,6,2,12,0,0,0,1,47,38257,6,1,0,0,3,1,70,245,0,0,0,0,0,0,0,0,0,0,0,0,0,0,2,2,65,1,2,2,1,0,0,1,67,16,2,1,83,"777777777777","777777777777","777777777777",1,0
21,210399,1,1,1,31,7,13,15,24,0,1,0,21,1,7,442,7442,20,2002,"2B4GP44R32R6","2","B","4","G","P","4","4","R","3","2","R","6",0,0,0,"000000000","00000000000",0,0,0,1,0,0,0,0,0,0,0,998,0,1,5,12,6,2,24,0,0,0,1,21,40475,6,1,8,0,3,0,70,200,0,0,0,0,0,0,0,0,0,0,58,0,0,0,1,2,55,4,2,2,1,0,0,14,6,98,1,4,6,"777777777777","777777777777","777777777777",1,1
21,210400,1,1,1,1,7,9,26,42,0,1,0,21,1,20,2,20002,4,2001,"2G1WG5EK0B13","2","G","1","W","G","5","E","K","0","B","1","3",0,0,0,"000000000","00000000000",0,0,0,1,0,0,0,0,0,0,0,998,0,0,0,12,6,2,42,0,0,0,1,21,42633,6,1,0,0,3,0,72,175,0,0,0,0,0,0,0,0,0,0,99,99,99,99,1,2,45,4,2,2,1,0,0,14,19,1,1,4,99,"777777777777","777777777777","777777777777",1,0
21,210401,1,2,1,4,7,18,39,12,6,1,0,21,1,49,422,49422,15,2004,"5TDZT34A84S2","5","T","D","Z","T","3","4","A","8","4","S","2",0,0,0,"000000000","00000000000",0,0,0,1,0,0,0,0,0,0,0,40,0,0,0,81,6,2,12,0,0,0,1,21,40214,6,1,0,0,3,0,65,177,0,0,0,1,0,1,2016,1,2016,0,58,0,0,0,1,2,45,4,1,2,2,40,3,14,13,6,9,6,64,"777777777777","777777777777","777777777777",0,0
21,210401,2,2,1,4,7,18,39,12,6,1,0,21,1,20,10,20010,2,1980,"1Z37JAB47844","1","Z","3","7","J","A","B","4","7","8","4","4",0,0,0,"000000000","00000000000",0,0,0,1,0,0,0,0,0,0,0,43,0,0,0,12,6,2,12,0,0,0,1,21,40165,6,1,0,0,3,1,66,190,1,0,0,0,0,12,2011,12,2011,0,0,0,0,0,1,2,45,4,2,2,2,40,3,14,62,1,1,1,65,"777777777777","777777777777","777777777777",1,0
21,210402,1,2,1,7,7,15,7,1,0,1,0,21,3,72,706,72706,80,2004,"1HD4CJM124K4","1","H","D","4","C","J","M","1","2","4","K","4",0,0,0,"000000000","00000000000",0,0,0,1,0,0,0,0,0,0,0,53,0,0,0,0,6,2,12,0,0,0,1,21,41001,6,1,0,0,2,0,73,218,1,0,0,0,1,3,2013,2,2014,4,6,0,0,0,1,2,45,2,2,2,1,0,0,14,6,15,5,2,98,"777777777777","777777777777","777777777777",1,0
21,210402,2,2,1,7,7,15,7,1,0,1,0,21,1,20,481,20481,31,1998,"1GCEC14R9WZ1","1","G","C","E","C","1","4","R","9","W","Z","1",0,0,0,"000000000","00000000000",0,0,0,1,0,0,0,0,0,0,0,37,7,0,0,62,2,3,12,0,0,0,1,21,41001,6,1,0,0,3,1,67,150,0,0,0,0,0,0,0,0,0,0,0,0,0,0,1,2,45,3,2,2,1,0,0,14,62,16,2,1,98,"777777777777","777777777777","777777777777",0,0
21,210403,1,2,1,9,7,11,24,12,2,1,0,21,1,22,401,22401,14,2001,"3G7DA03E21S5","3","G","7","D","A","0","3","E","2","1","S","5",0,0,0,"000000000","00000000000",0,0,0,1,0,0,0,0,0,0,0,998,0,0,0,12,6,2,12,0,0,0,1,21,40505,6,1,0,0,3,1,63,185,0,0,0,0,0,0,0,0,0,0,38,0,0,0,1,5,45,1,1,2,1,3,3,11,15,1,1,1,68,"777777777777","777777777777","777777777777",1,0
21,210403,2,2,6,9,7,11,24,12,2,1,0,21,1,20,422,20422,15,2007,"3GNFK16377G2","3","G","N","F","K","1","6","3","7","7","G","2",0,0,0,"000000000","00000000000",0,0,0,1,0,0,0,0,0,0,0,40,0,0,0,12,6,2,12,0,0,0,1,21,40504,9,9,99,9,9,9,999,999,99,99,99,99,99,99,9999,99,9999,0,0,0,0,0,1,5,45,1,1,2,1,3,3,1,62,1,1,1,69,"777777777777","777777777777","777777777777",0,0
21,210404,1,1,2,11,7,21,26,1,0,1,0,21,2,22,18,22018,4,2004,"1G2NF52E44M5","1","G","2","N","F","5","2","E","4","4","M","5",0,0,0,"000000000","00000000000",0,0,0,1,0,0,0,0,0,0,0,998,0,2,5,0,6,2,1,0,0,0,1,21,41031,6,1,0,0,3,0,70,135,2,0,0,1,0,11,2014,1,2016,0,27,0,0,0,3,3,70,1,1,2,1,0,0,15,13,1,1,4,1,"777777777777","777777777777","777777777777",1,0
21,210405,1,1,1,12,7,9,58,52,0,1,0,21,1,12,481,12481,31,1991,"1FTHX25G2MKA","1","F","T","H","X","2","5","G","2","M","K","A",0,0,0,"000000000","00000000000",0,0,0,1,0,0,0,0,0,0,0,998,0,1,5,9,6,2,1,0,0,0,1,21,40419,6,1,0,0,3,0,70,165,1,0,0,0,0,8,2012,8,2012,0,6,0,0,0,1,2,55,2,2,2,2,0,0,14,13,1,1,4,1,"777777777777","777777777777","777777777777",1,0
21,210406,1,2,1,19,7,1,19,12,1,1,0,0,0,98,701,98701,88,2013,"L8YTCAPX5DM5","L","8","Y","T","C","A","P","X","5","D","M","5",0,0,0,"000000000","00000000000",0,0,0,1,0,0,0,0,0,0,0,25,0,0,0,6,6,2,12,0,0,0,1,21,42647,0,0,0,0,0,0,70,225,0,0,0,0,0,0,0,0,0,0,0,0,0,0,1,4,45,1,1,2,1,0,0,1,53,1,1,1,25,"777777777777","777777777777","777777777777",1,0
21,210406,2,2,5,19,7,1,19,12,1,1,0,21,1,20,443,20443,20,2003,"1GNDX03E53D2","1","G","N","D","X","0","3","E","5","3","D","2",0,0,0,"000000000","00000000000",0,0,0,1,0,0,0,0,0,0,0,50,0,0,0,12,6,2,12,0,0,0,1,21,42633,6,1,0,0,3,1,63,182,1,0,0,0,0,5,2015,5,2015,0,0,0,0,0,1,4,45,1,1,2,1,0,0,1,51,16,2,1,24,"777777777777","777777777777","777777777777",0,0
21,210407,1,1,1,31,7,0,58,1,0,1,0,39,1,37,706,37706,80,2008,"JH2SC59068M0","J","H","2","S","C","5","9","0","6","8","M","0",0,0,0,"000000000","00000000000",0,0,0,1,0,0,0,0,0,0,0,135,0,0,0,0,6,2,24,0,0,0,1,39,45238,6,1,0,0,3,1,78,200,1,2,0,5,0,9,2011,1,2016,3,0,0,0,0,2,3,65,1,6,2,1,0,0,1,6,98,2,1,98,"777777777777","777777777777","777777777777",1,0
21,210408,1,1,2,2,7,13,25,35,0,1,0,21,1,18,2,18002,4,2004,"1G4HP52K1441","1","G","4","H","P","5","2","K","1","4","4","1",0,0,0,"000000000","00000000000",0,0,0,1,0,0,0,0,0,0,0,998,0,1,5,12,6,2,42,0,0,0,1,21,40741,0,0,0,0,0,0,67,185,0,0,0,0,0,0,0,0,0,0,0,0,0,0,1,2,55,2,3,2,1,0,0,14,12,16,9,4,6,"777777777777","777777777777","777777777777",1,1
21,210409,1,2,3,23,7,13,42,12,6,1,0,21,1,49,402,49402,14,2014,"2T3RFREV3EW1","2","T","3","R","F","R","E","V","3","E","W","1",0,0,0,"000000000","00000000000",0,0,0,1,0,0,0,0,0,0,0,998,0,0,0,12,6,2,12,0,0,0,1,21,41647,6,1,0,0,3,0,68,135,0,0,0,0,0,0,0,0,0,0,0,0,0,0,1,2,55,1,3,2,1,0,0,1,66,16,1,1,88,"777777777777","777777777777","777777777777",0,0
21,210409,2,2,1,23,7,13,42,12,6,1,0,21,1,49,32,49032,4,2006,"1NXBR32E76Z5","1","N","X","B","R","3","2","E","7","6","Z","5",0,0,0,"000000000","00000000000",0,0,0,1,0,0,0,0,0,0,0,998,0,0,0,9,6,2,12,0,0,0,1,21,41701,6,1,0,0,3,1,65,150,0,0,0,0,0,0,0,0,0,0,38,0,0,0,1,2,98,1,3,2,1,20,3,1,17,1,1,1,89,"777777777777","777777777777","777777777777",1,0
21,210410,1,3,1,24,7,23,7,12,1,1,1,99,9,99,999,99999,99,9999,"999999999999","9","9","9","9","9","9","9","9","9","9","9","9",9,0,99,"999999999","99999999999",9,99,99,1,0,0,0,0,99,99,9,999,0,0,0,12,9,5,12,99,99,0,1,99,99999,9,9,99,9,9,9,999,999,99,99,99,99,99,99,9999,99,9999,9,99,99,99,99,1,4,35,1,1,2,1,0,0,1,52,99,9,1,28,"777777777777","777777777777","777777777777",0,0
21,210410,2,3,1,24,7,23,7,12,1,1,0,92,0,76,705,76705,80,2008,"JYARJ13E38A0","J","Y","A","R","J","1","3","E","3","8","A","0",0,0,0,"000000000","00000000000",0,0,0,1,0,0,0,0,0,0,0,998,0,0,0,6,4,3,12,0,0,0,1,21,40220,6,1,0,0,2,0,74,200,2,2,0,2,3,7,2012,3,2016,0,0,0,0,0,1,4,35,1,1,2,1,0,0,2,53,1,1,1,29,"777777777777","777777777777","777777777777",1,0
21,210410,3,3,1,24,7,23,7,12,1,1,0,21,2,49,40,49040,4,2000,"4T1BF22K2YU1","4","T","1","B","F","2","2","K","2","Y","U","1",0,0,0,"000000000","00000000000",0,0,0,1,0,0,0,0,0,0,0,998,0,0,0,12,0,5,54,0,0,0,1,21,40258,6,1,0,0,3,1,71,215,0,0,0,0,0,0,0,0,0,0,0,0,0,0,1,4,35,1,1,2,1,0,0,1,98,16,1,1,98,"777777777777","777777777777","777777777777",0,0
21,210411,1,2,1,30,7,10,37,12,6,1,0,21,1,22,16,22016,2,1998,"1G2JB1243W75","1","G","2","J","B","1","2","4","3","W","7","5",0,0,0,"000000000","00000000000",0,0,0,1,0,0,0,0,0,0,0,998,0,0,0,81,6,2,12,0,0,0,1,21,40215,6,1,0,0,3,0,67,170,0,0,0,0,0,0,0,0,0,0,6,38,48,0,5,5,45,1,1,2,1,0,0,11,15,98,1,2,68,"777777777777","777777777777","777777777777",1,0
21,210411,2,2,1,30,7,10,37,12,6,1,0,21,1,20,9,20009,2,2012,"2G1FB1E38C91","2","G","1","F","B","1","E","3","8","C","9","1",0,0,0,"000000000","00000000000",0,0,0,1,0,0,0,0,0,0,0,998,0,0,0,12,6,2,12,0,0,0,1,21,40223,3,1,0,0,2,0,73,160,1,0,0,0,0,5,2013,5,2013,0,0,0,0,0,5,5,45,1,1,2,1,0,0,1,62,1,1,1,69,"777777777777","777777777777","777777777777",0,0
21,210412,1,2,3,31,7,15,25,12,6,1,0,21,2,37,31,37031,4,2005,"JHMES95625S0","J","H","M","E","S","9","5","6","2","5","S","0",0,0,0,"000000000","00000000000",0,0,0,1,0,0,0,0,0,0,0,998,0,0,0,12,6,2,12,0,0,0,1,21,40729,0,0,0,0,0,0,66,127,0,0,0,0,0,0,0,0,0,5,39,0,0,0,1,2,55,1,1,2,1,20,3,1,17,1,1,1,86,"777777777777","777777777777","777777777777",1,0
21,210412,2,2,4,31,7,15,25,12,6,1,0,12,3,7,442,7442,20,2016,"2C4RDGEG1GR3","2","C","4","R","D","G","E","G","1","G","R","3",0,0,0,"000000000","00000000000",0,0,0,1,0,0,0,0,0,0,0,998,0,1,1,82,6,2,12,0,0,0,1,12,32819,6,1,0,0,3,0,70,999,0,0,0,0,0,0,0,0,0,0,0,0,0,0,1,2,98,1,1,2,1,0,0,1,66,1,1,1,87,"777777777777","777777777777","777777777777",0,0
21,210413,1,2,1,2,8,17,48,1,0,1,0,21,1,72,706,72706,80,2004,"1HD4CAM114K4","1","H","D","4","C","A","M","1","1","4","K","4",0,0,0,"000000000","00000000000",0,0,0,1,0,0,0,0,0,0,0,998,0,0,0,0,4,3,54,0,0,0,1,21,42740,6,1,0,0,2,0,66,200,0,0,0,0,0,0,0,0,0,0,84,0,0,0,1,2,45,1,1,2,1,0,0,1,50,12,2,1,98,"777777777777","777777777777","777777777777",1,0
21,210413,2,2,2,2,8,17,48,1,0,1,0,21,2,20,422,20422,15,2007,"1GNFK16347J2","1","G","N","F","K","1","6","3","4","7","J","2",0,0,0,"000000000","00000000000",0,0,0,1,0,0,0,0,0,0,0,0,0,0,0,6,2,5,54,0,0,0,1,21,42740,6,1,0,0,3,0,67,140,1,0,0,0,0,12,2014,12,2014,0,0,0,0,0,1,2,45,1,1,2,1,0,0,5,53,1,1,1,98,"777777777777","777777777777","777777777777",0,0
21,210414,1,2,1,5,8,7,40,58,0,1,0,21,1,72,706,72706,80,2007,"1HD1KB4137Y6","1","H","D","1","K","B","4","1","3","7","Y","6",0,0,0,"000000000","00000000000",0,0,0,1,0,0,0,0,0,0,0,998,0,0,0,12,4,3,54,0,0,0,1,21,40324,6,1,0,0,3,0,68,175,0,0,0,0,0,0,0,0,0,0,0,0,0,0,2,2,35,1,1,2,1,0,0,1,12,1,1,4,6,"777777777777","777777777777","777777777777",1,0
21,210414,2,2,1,5,8,7,40,58,0,1,0,21,3,82,881,82881,62,2015,"3ALACWDT5FDG","3","A","L","A","C","W","D","T","5","F","D","G",0,0,57,"00076235","5700076235",2,1,96,1,0,0,0,0,0,0,0,998,0,0,0,12,2,5,54,0,0,0,1,21,40515,6,1,0,0,3,0,69,135,0,0,0,0,0,0,0,0,0,0,0,0,0,0,2,2,35,1,1,2,1,0,0,1,64,16,2,1,98,"777777777777","777777777777","777777777777",0,0
21,210415,1,2,1,5,8,8,0,1,0,1,0,18,3,82,881,82881,66,2015,"3AKJGLD5XFSG","3","A","K","J","G","L","D","5","X","F","S","G",1,1,57,"00054283","5700054283",3,6,1,1,0,0,0,0,0,0,0,998,0,0,0,2,2,5,54,0,0,0,1,17,60195,6,1,6,0,3,1,64,180,0,0,0,0,0,0,0,0,0,0,6,0,0,0,1,2,55,1,1,1,1,4,3,11,15,1,1,1,98,"888888888888","777777777777","777777777777",0,0
21,210415,2,2,1,5,8,8,0,1,0,1,0,21,2,73,702,73702,80,2002,"JKABNRA102DA","J","K","A","B","N","R","A","1","0","2","D","A",0,0,0,"000000000","00000000000",0,0,0,1,0,0,0,0,0,0,0,998,0,0,0,0,2,3,54,0,0,0,1,21,42420,4,1,0,0,3,0,69,330,0,2,0,0,0,7,2013,2,2014,0,0,0,0,0,1,2,55,1,1,1,1,4,3,1,66,16,2,1,98,"777777777777","777777777777","777777777777",1,0