"STATE","ST_CASE","VEH_NO","VE_FORMS","NUMOCCS","DAY","MONTH","HOUR","MINUTE","HARM_EV","MAN_COLL","UNITTYPE","HIT_RUN","REG_STAT","OWNER","MAKE","MODEL","MAK_MOD","BODY_TYP","MOD_YEAR","VIN","VIN_1","VIN_2","VIN_3","VIN_4","VIN_5","VIN_6","VIN_7","VIN_8","VIN_9","VIN_10","VIN_11","VIN_12","TOW_VEH","J_KNIFE","MCARR_I1","MCARR_I2","MCARR_ID","GVWR","V_CONFIG","CARGO_BT","HAZ_INV","HAZ_PLAC","HAZ_ID","HAZ_CNO","HAZ_REL","BUS_USE","SPEC_USE","EMER_USE","TRAV_SP","UNDERIDE","ROLLOVER","ROLINLOC","IMPACT1","DEFORMED","TOWED","M_HARM","VEH_SC1","VEH_SC2","FIRE_EXP","DR_PRES","L_STATE","DR_ZIP","L_STATUS","L_TYPE","CDL_STAT","L_ENDORS","L_COMPL","L_RESTRI","DR_HGT","DR_WGT","PREV_ACC","PREV_SUS","PREV_DWI","PREV_SPD","PREV_OTH","FIRST_MO","FIRST_YR","LAST_MO","LAST_YR","SPEEDREL","DR_SF1","DR_SF2","DR_SF3","DR_SF4","VTRAFWAY","VNUM_LAN","VSPD_LIM","VALIGN","VPROFILE","VPAVETYP","VSURCOND","VTRAFCON","VTCONT_F","P_CRASH1","P_CRASH2","P_CRASH3","PCRASH4","PCRASH5","ACC_TYPE","TRLR1VIN","TRLR2VIN","TRLR3VIN","DEATHS","DR_DRINK"
21,210416,1,1,2,6,8,2,51,1,0,1,0,21,1,37,32,37032,4,2014,"1HGCR2F55EA0","1","H","G","C","R","2","F","5","5","E","A","0",0,0,0,"000000000","00000000000",0,0,0,1,0,0,0,0,0,0,0,998,0,2,4,0,6,2,1,0,0,0,1,21,40245,6,1,0,0,3,1,62,100,1,0,0,1,0,5,2012,2,2016,3,0,0,0,0,6,1,98,4,1,2,1,40,3,14,6,98,1,4,6,"777777777777","777777777777","777777777777",1,1
21,210417,1,2,1,6,8,15,29,12,2,1,0,21,1,23,401,23401,14,2004,"1GKDT13S5422","1","G","K","D","T","1","3","S","5","4","2","2",0,0,0,"000000000","00000000000",0,0,0,1,0,0,0,0,0,0,0,998,0,0,0,12,6,2,12,0,0,0,1,21,41164,6,1,0,0,3,0,65,140,1,0,0,0,0,3,2014,3,2014,0,28,0,0,0,1,2,55,1,1,2,2,40,3,1,10,16,2,2,50,"777777777777","777777777777","777777777777",0,0
21,210417,2,2,2,6,8,15,29,12,2,1,0,21,1,72,706,72706,80,2015,"1HD1KBM18FB6","1","H","D","1","K","B","M","1","8","F","B","6",0,0,0,"000000000","00000000000",0,0,0,1,0,0,0,0,0,0,0,998,0,0,0,12,6,2,12,0,0,0,1,21,41041,6,1,6,0,3,0,69,205,0,0,0,0,0,0,0,0,0,0,0,0,0,0,1,2,55,1,1,2,2,40,3,1,62,98,1,1,51,"777777777777","777777777777","777777777777",2,0
21,210418,1,2,2,6,8,21,2,12,1,1,0,39,3,84,884,84884,66,2016,"3HSDJSNR1GN2","3","H","S","D","J","S","N","R","1","G","N","2",1,1,57,"00000198","5700000198",3,6,1,1,0,0,0,0,0,0,0,998,0,0,0,6,4,5,12,0,0,0,1,96,0,9,9,99,9,9,9,999,999,99,99,99,99,99,99,9999,99,9999,0,31,0,0,0,2,2,70,1,1,2,1,0,0,13,54,1,1,1,92,"888888888888","777777777777","777777777777",0,0
21,210418,2,2,2,6,8,21,2,12,1,1,0,21,1,6,43,6043,4,2010,"1C3CC5FB6AN1","1","C","3","C","C","5","F","B","6","A","N","1",0,0,0,"000000000","00000000000",0,0,0,1,0,0,0,0,0,0,0,998,2,0,0,12,6,2,12,0,0,0,1,21,42431,6,1,0,0,3,0,63,150,0,0,0,0,0,0,0,0,0,0,0,0,0,0,2,2,70,1,1,2,1,0,0,1,54,98,1,1,93,"777777777777","777777777777","777777777777",1,0
21,210419,1,2,1,7,8,3,50,1,0,1,0,21,1,72,706,72706,80,2002,"1HD4CKM172K1","1","H","D","4","C","K","M","1","7","2","K","1",0,0,0,"000000000","00000000000",0,0,0,1,0,0,0,0,0,0,0,998,0,0,0,0,4,3,54,0,0,0,1,21,40272,6,1,0,0,2,1,69,205,0,0,0,0,0,0,0,0,0,0,28,0,0,0,1,4,45,2,1,2,1,3,3,14,10,16,2,2,98,"777777777777","777777777777","777777777777",1,1
21,210419,2,2,1,7,8,3,50,1,0,1,0,21,2,20,37,20037,4,2011,"1G1ZD5N1XBF2","1","G","1","Z","D","5","N","1","X","B","F","2",0,0,0,"000000000","00000000000",0,0,0,1,0,0,0,0,0,0,0,998,0,0,0,12,4,3,54,0,0,0,1,21,40211,6,1,0,0,3,1,69,160,1,0,0,0,0,6,2013,6,2013,0,0,0,0,0,2,4,45,3,1,2,1,3,3,14,62,1,1,1,98,"777777777777","777777777777","777777777777",0,0
21,210420,1,2,1,7,8,8,48,12,6,1,0,21,1,37,706,37706,80,2009,"1HFSC47G39A8","1","H","F","S","C","4","7","G","3","9","A","8",0,0,0,"000000000","00000000000",0,0,0,1,0,0,0,0,0,0,0,998,0,0,0,12,6,2,12,0,0,0,1,21,40206,6,1,0,0,3,0,69,180,0,0,0,1,0,2,2013,2,2013,0,6,28,0,0,1,3,55,2,2,2,1,40,3,14,10,98,1,2,66,"777777777777","777777777777","777777777777",1,0
21,210420,2,2,1,7,8,8,48,12,6,1,0,21,2,2,404,2404,14,1998,"1J4FJ68S6WL2","1","J","4","F","J","6","8","S","6","W","L","2",0,0,0,"000000000","00000000000",0,0,0,1,0,0,0,0,0,0,0,998,0,0,0,11,6,2,12,0,0,0,1,21,40006,6,1,0,0,3,0,69,175,1,0,0,0,0,3,2012,3,2012,0,0,0,0,0,1,3,55,3,2,2,1,40,3,14,62,98,1,1,66,"777777777777","777777777777","777777777777",0,0
21,210421,1,1,1,7,8,16,54,35,0,1,0,21,1,20,481,20481,31,1997,"1GCEC14R7VZ2","1","G","C","E","C","1","4","R","7","V","Z","2",0,0,0,"000000000","00000000000",0,0,0,1,0,0,0,0,0,0,0,998,0,1,6,12,6,2,1,0,0,0,1,21,42088,1,1,0,0,2,0,70,190,1,3,3,0,2,7,2013,1,2014,0,0,0,0,0,1,2,55,4,2,2,1,0,0,14,13,1,1,4,1,"777777777777","777777777777","777777777777",1,1
21,210422,1,1,1,7,8,18,46,1,0,1,0,21,2,72,706,72706,80,2005,"1HD1JDB145Y0","1","H","D","1","J","D","B","1","4","5","Y","0",0,0,0,"000000000","00000000000",0,0,0,1,0,0,0,0,0,0,0,55,0,0,0,0,6,2,1,0,0,0,1,21,42003,6,1,0,0,2,0,76,240,2,0,0,0,0,10,2014,11,2015,0,6,58,0,0,1,2,55,2,1,2,1,0,0,14,9,98,2,4,7,"777777777777","777777777777","777777777777",1,1
21,210423,1,2,1,8,8,13,35,12,6,1,0,21,2,49,40,49040,4,1991,"4T1SV24E7MU3","4","T","1","S","V","2","4","E","7","M","U","3",0,0,0,"000000000","00000000000",0,0,0,1,0,0,0,0,0,0,0,0,0,0,0,61,6,2,12,0,0,0,1,21,42701,6,1,0,0,3,0,68,130,0,0,0,0,0,0,0,0,0,0,54,0,0,0,3,2,55,1,1,2,1,0,0,7,53,1,1,1,48,"777777777777","777777777777","777777777777",0,0
21,210423,2,2,1,8,8,13,35,12,6,1,0,47,3,82,881,82881,66,2014,"3AKJGEBG6ESF","3","A","K","J","G","E","B","G","6","E","S","F",1,1,57,"00369138","5700369138",3,6,1,1,0,0,0,0,0,0,0,998,0,1,5,12,6,2,42,0,0,0,1,18,47165,6,1,6,0,3,0,73,260,0,0,0,1,1,3,2014,7,2014,0,84,0,0,0,3,2,55,1,1,2,1,0,0,1,50,16,2,1,48,"888888888888","777777777777","777777777777",1,0
21,210424,1,1,3,8,8,14,35,23,0,1,0,21,1,12,471,12471,30,1999,"1FTYR14X8XTA","1","F","T","Y","R","1","4","X","8","X","T","A",0,0,0,"000000000","00000000000",0,0,0,1,0,0,0,0,0,0,0,998,0,1,5,61,6,2,23,0,0,0,1,21,41501,6,1,0,0,3,0,65,190,1,0,0,0,0,2,2014,2,2014,0,6,0,0,0,1,2,35,4,1,2,2,0,0,14,9,16,2,4,99,"777777777777","777777777777","777777777777",1,0
21,210425,1,3,4,8,8,18,5,12,1,1,0,21,2,7,442,7442,20,2009,"2D8HN44E59R5","2","D","8","H","N","4","4","E","5","9","R","5",0,0,0,"000000000","00000000000",0,0,0,1,0,0,0,0,0,0,0,998,0,0,0,12,6,2,12,0,0,0,1,21,40211,6,1,0,0,3,0,70,160,1,0,0,0,1,6,2012,8,2012,0,84,6,0,0,3,3,45,1,2,2,1,0,0,1,50,7,1,1,20,"777777777777","777777777777","777777777777",1,1
21,210425,2,3,1,8,8,18,5,12,1,1,0,39,3,84,884,84884,66,1999,"2HSFMAMR5XC0","2","H","S","F","M","A","M","R","5","X","C","0",1,1,57,"00122443","5700122443",3,6,3,1,0,0,0,0,0,0,0,0,0,0,0,6,6,2,12,0,0,0,1,39,45680,6,1,6,0,3,0,71,215,0,0,0,0,0,0,0,0,0,0,54,0,0,0,3,3,45,1,2,2,1,0,0,5,53,1,1,1,21,"888888888888","777777777777","777777777777",0,0
21,210425,3,3,1,8,8,18,5,12,1,1,0,21,1,7,25,7025,5,2011,"1B3CB5HA0BD1","1","B","3","C","B","5","H","A","0","B","D","1",0,0,0,"000000000","00000000000",0,0,0,1,0,0,0,0,0,0,0,998,0,0,0,12,2,5,12,0,0,0,1,21,40242,6,1,0,0,3,1,66,160,0,0,0,0,0,0,0,0,0,0,0,0,0,0,3,3,45,1,2,2,1,0,0,1,61,16,1,1,98,"777777777777","777777777777","777777777777",0,0
21,210426,1,2,1,7,8,12,55,12,1,1,0,31,3,82,881,82881,66,2017,"3AKJGLDR2HSH","3","A","K","J","G","L","D","R","2","H","S","H",1,1,57,"00053467","5700053467",3,6,1,1,0,0,0,0,0,0,0,999,0,0,0,6,6,2,12,0,0,0,1,12,33635,6,1,6,0,3,1,67,999,0,2,0,0,0,3,2014,1,2015,0,38,0,0,0,2,2,70,1,2,2,1,0,0,16,53,7,1,1,25,"888888888888","777777777777","777777777777",0,0
21,210426,2,2,2,7,8,12,55,12,1,1,0,21,1,20,481,20481,31,2005,"1GBHC24U95E2","1","G","B","H","C","2","4","U","9","5","E","2",0,0,0,"000000000","00000000000",0,0,0,1,0,0,0,0,0,0,0,998,1,0,0,12,6,2,12,0,0,0,1,21,40353,6,1,0,0,3,0,68,188,0,0,0,1,0,4,2014,4,2014,0,0,0,0,0,2,2,70,1,2,2,1,0,0,1,51,6,1,1,24,"777777777777","777777777777","777777777777",2,0
21,210427,1,2,1,10,8,18,32,12,6,1,0,21,2,37,705,37705,80,2005,"JH2PC37085M2","J","H","2","P","C","3","7","0","8","5","M","2",0,0,0,"000000000","00000000000",0,0,0,1,0,0,0,0,0,0,0,998,0,0,0,12,6,2,12,0,0,0,1,21,40475,1,1,0,0,2,1,66,170,1,2,1,0,3,12,2013,5,2016,3,38,0,0,0,1,2,55,1,1,2,1,0,0,1,72,8,9,1,83,"777777777777","777777777777","777777777777",1,0
21,210427,2,2,2,10,8,18,32,12,6,1,0,21,1,35,443,35443,20,2007,"5N1BV28U47N1","5","N","1","B","V","2","8","U","4","7","N","1",0,0,0,"000000000","00000000000",0,0,0,1,0,0,0,0,0,0,0,998,0,0,0,62,6,2,12,0,0,0,1,21,40741,6,1,0,0,3,1,69,200,0,0,0,0,0,0,0,0,0,0,0,0,0,0,1,2,55,1,1,2,1,0,0,11,15,98,1,7,82,"777777777777","777777777777","777777777777",0,0
21,210428,1,2,1,11,8,14,16,12,6,1,0,21,1,6,442,6442,20,2002,"1C4GJ45362B6","1","C","4","G","J","4","5","3","6","2","B","6",0,0,0,"000000000","00000000000",0,0,0,1,0,0,0,0,0,0,0,998,0,0,0,3,4,5,12,0,0,0,1,21,40214,6,1,0,0,3,0,67,200,0,0,0,0,0,0,0,0,0,0,38,0,0,0,5,5,25,1,1,2,1,40,3,11,15,1,1,1,68,"777777777777","777777777777","777777777777",0,0
21,210428,2,2,1,11,8,14,16,12,6,1,0,39,1,98,703,98703,80,2012,"L8YTCKPM6CM3","L","8","Y","T","C","K","P","M","6","C","M","3",0,0,0,"000000000","00000000000",0,0,0,1,0,0,0,0,0,0,0,998,0,0,0,12,2,3,12,0,0,0,1,21,40150,0,0,0,0,0,0,71,225,0,0,0,0,0,0,0,0,0,0,0,0,0,0,5,5,25,1,1,2,1,40,3,1,62,1,1,1,69,"777777777777","777777777777","777777777777",1,0
21,210429,1,1,1,10,8,16,0,42,0,1,0,21,1,7,472,7472,31,2000,"1B7GL22N3YS5","1","B","7","G","L","2","2","N","3","Y","S","5",0,0,0,"000000000","00000000000",0,0,0,1,0,0,0,0,0,0,0,998,0,1,5,12,6,2,42,0,0,0,1,21,42066,6,1,0,0,3,0,69,145,0,0,0,0,1,12,2013,12,2013,0,58,0,0,0,1,2,55,1,1,2,1,0,0,1,13,8,1,4,6,"777777777777","777777777777","777777777777",1,1
21,210430,1,1,1,12,8,23,49,42,0,1,0,21,2,37,32,37032,4,1999,"1HGCG5648XA1","1","H","G","C","G","5","6","4","8","X","A","1",0,0,0,"000000000","00000000000",0,0,0,1,0,0,0,0,0,0,0,998,0,0,0,12,6,2,2,0,0,1,1,21,42728,0,0,0,0,0,0,65,135,0,0,0,0,0,0,0,0,0,0,6,0,0,0,1,2,55,4,2,2,1,0,0,14,12,1,1,4,6,"777777777777","777777777777","777777777777",1,1
21,210431,1,1,1,13,8,4,50,24,0,1,0,21,1,72,706,72706,80,2004,"1HD1GJV124K3","1","H","D","1","G","J","V","1","2","4","K","3",0,0,0,"000000000","00000000000",0,0,0,1,0,0,0,0,0,0,0,998,0,0,0,81,4,3,24,0,0,0,1,21,42166,6,1,0,0,3,0,72,152,2,0,0,2,1,5,2013,1,2016,0,0,0,0,0,1,2,55,3,2,2,1,40,3,1,13,1,1,4,1,"777777777777","777777777777","777777777777",1,0
21,210432,1,2,1,15,8,4,39,12,2,1,0,21,2,37,441,37441,20,2002,"2HKRL18512H5","2","H","K","R","L","1","8","5","1","2","H","5",0,0,0,"000000000","00000000000",0,0,0,1,0,0,0,0,0,0,0,998,0,0,0,12,6,2,12,0,0,0,1,21,40214,9,9,99,9,9,9,999,999,99,99,99,99,99,99,9999,99,9999,0,28,0,0,0,1,4,35,1,1,2,2,0,0,1,10,1,1,2,50,"777777777777","777777777777","777777777777",1,0
21,210432,2,2,1,15,8,4,39,12,2,1,0,21,3,23,461,23461,21,2003,"1GDHG3144311","1","G","D","H","G","3","1","4","4","3","1","1",0,0,57,"00132504","5700132504",0,0,0,1,0,0,0,0,0,0,0,998,0,0,0,12,6,2,12,0,0,0,1,21,40218,6,1,0,0,3,0,62,160,1,0,0,0,0,4,2012,4,2012,0,0,0,0,0,1,4,35,1,1,2,5,0,0,1,62,98,1,1,51,"777777777777","777777777777","777777777777",0,0
21,210433,1,1,1,14,8,4,31,35,0,1,0,21,1,12,481,12481,39,1979,"F15GUEJ0804","F","1","5","G","U","E","J","0","8","0","4","",0,0,0,"000000000","00000000000",0,0,0,1,0,0,0,0,0,0,0,998,0,0,0,12,6,2,35,0,0,0,1,21,40175,6,1,0,0,3,1,73,185,1,0,0,1,0,8,2014,4,2015,0,39,0,0,0,1,2,35,1,1,2,1,20,3,1,14,1,1,4,14,"777777777777","777777777777","777777777777",1,1
21,210434,1,1,3,14,8,19,25,1,0,1,0,0,0,98,734,98734,90,2014,"3JBPVLP14EJ0","3","J","B","P","V","L","P","1","4","E","J","0",0,0,0,"000000000","00000000000",0,0,0,1,0,0,0,0,0,0,0,998,0,2,1,0,2,3,1,0,0,0,1,21,40359,6,1,0,0,1,0,66,133,1,0,0,0,2,6,2012,5,2016,0,0,0,0,0,1,2,55,1,1,2,2,40,3,12,6,98,1,2,98,"777777777777","777777777777","777777777777",1,1
21,210435,1,2,1,16,8,23,6,12,1,1,0,21,2,63,38,63038,4,2010,"KNAFU4A25A50","K","N","A","F","U","4","A","2","5","A","5","0",0,0,0,"000000000","00000000000",0,0,0,1,0,0,0,0,0,0,0,998,0,0,0,12,6,2,12,0,0,0,1,21,40475,1,1,0,0,2,0,70,145,0,0,0,0,1,12,2014,12,2014,0,6,0,0,0,2,3,70,1,1,2,1,0,0,1,51,1,1,1,24,"777777777777","777777777777","777777777777",1,0
21,210435,2,2,1,16,8,23,6,12,1,1,0,45,3,51,881,51881,66,2016,"4V4NC9EJ4GN9","4","V","4","N","C","9","E","J","4","G","N","9",1,1,57,"00863563","5700863563",3,6,1,1,0,0,0,0,0,0,0,998,0,0,0,6,2,5,12,0,0,0,1,45,29673,6,1,6,0,3,0,66,170,0,0,0,0,0,0,0,0,0,0,0,0,0,0,2,3,70,1,1,2,1,0,0,2,53,1,1,1,25,"888888888888","777777777777","777777777777",0,0
21,210436,1,1,1,17,8,1,55,35,0,1,0,21,2,19,421,19421,15,2006,"1GYEC63N86R1","1","G","Y","E","C","6","3","N","8","6","R","1",0,0,0,"000000000","00000000000",0,0,0,1,0,0,0,0,0,0,0,998,0,1,5,12,6,2,1,0,0,0,1,21,40108,6,1,0,0,2,1,60,100,1,0,0,1,0,5,2012,12,2014,0,58,0,0,0,1,2,35,3,2,2,1,40,3,14,13,6,2,4,7,"777777777777","777777777777","777777777777",1,1
21,210437,1,1,1,17,8,16,5,39,0,1,0,21,1,58,37,58037,4,2008,"JNKBV61F28M2","J","N","K","B","V","6","1","F","2","8","M","2",0,0,0,"000000000","00000000000",0,0,0,1,0,0,0,0,0,0,0,998,0,1,5,81,6,2,39,0,0,0,1,21,40383,6,1,0,0,3,0,64,134,1,0,0,0,0,2,2014,2,2014,0,6,0,0,0,1,2,55,3,2,2,2,0,0,14,6,1,1,4,1,"777777777777","777777777777","777777777777",1,0
21,210438,1,1,2,15,8,17,1,42,0,1,0,0,0,98,734,98734,90,2013,"4XAMS46A6DA0","4","X","A","M","S","4","6","A","6","D","A","0",0,0,0,"000000000","00000000000",0,0,0,1,0,0,0,0,0,0,0,25,0,0,0,12,2,3,42,0,0,0,1,21,40006,0,0,0,0,0,0,999,999,0,0,0,0,0,0,0,0,0,0,0,0,0,0,1,2,25,1,2,2,1,40,3,1,12,99,1,4,6,"777777777777","777777777777","777777777777",1,0
21,210439,1,2,2,18,8,17,30,12,6,1,0,51,2,12,17,12017,4,2000,"1FAFP5323YA1","1","F","A","F","P","5","3","2","3","Y","A","1",0,0,0,"000000000","00000000000",0,0,0,1,0,0,0,0,0,0,0,998,0,0,0,9,6,2,12,0,0,0,1,21,40815,6,1,0,0,3,0,65,165,0,3,0,0,3,7,2012,7,2013,0,38,0,0,0,1,2,55,3,1,2,1,0,0,12,21,1,1,7,98,"777777777777","777777777777","777777777777",1,0
21,210439,2,2,2,18,8,17,30,12,6,1,0,21,1,7,482,7482,31,1999,"1B7HF16Y2XS3","1","B","7","H","F","1","6","Y","2","X","S","3",0,0,0,"000000000","00000000000",0,0,0,1,0,0,0,0,0,0,0,998,0,0,0,12,4,3,12,0,0,0,1,21,40831,6,1,0,0,3,0,68,180,1,0,0,0,0,8,2015,8,2015,0,0,0,0,0,1,2,55,3,1,2,1,0,0,14,64,8,2,2,98,"777777777777","777777777777","777777777777",0,0
21,210440,1,1,2,6,8,21,59,30,0,1,0,39,1,20,850,20850,73,1993,"1GBKP37N7P33","1","G","B","K","P","3","7","N","7","P","3","3",0,0,0,"000000000","00000000000",0,0,0,1,0,0,0,0,0,0,0,43,0,0,0,12,6,2,30,0,0,0,1,39,45872,6,1,6,0,3,1,73,175,0,0,0,3,0,9,2011,6,2013,0,6,58,0,0,1,2,35,1,1,2,1,0,0,1,13,1,1,4,1,"777777777777","777777777777","777777777777",1,0
21,210441,1,3,1,19,8,19,6,12,6,1,0,92,0,53,706,53706,80,1992,"JS1GV73A5N21","J","S","1","G","V","7","3","A","5","N","2","1",0,0,0,"000000000","00000000000",0,0,0,1,0,0,0,0,0,0,0,998,0,0,0,12,4,3,12,0,0,0,1,21,40272,6,1,0,0,2,0,72,160,0,0,0,1,0,3,2014,3,2014,3,28,0,0,0,1,2,35,2,1,2,1,0,0,14,6,16,2,2,64,"777777777777","777777777777","777777777777",1,0
21,210441,2,3,4,19,8,19,6,12,6,1,0,21,1,19,3,19003,4,2002,"1G6KF579X2U1","1","G","6","K","F","5","7","9","X","2","U","1",0,0,0,"000000000","00000000000",0,0,0,1,0,0,0,0,0,0,0,998,0,0,0,62,4,5,12,0,0,0,1,21,40219,6,1,0,0,3,0,59,115,0,0,0,0,0,0,0,0,0,0,0,0,0,0,1,2,35,3,1,2,1,0,0,14,62,1,1,1,65,"777777777777","777777777777","777777777777",0,0
21,210441,3,3,1,19,8,19,6,12,6,1,0,21,1,7,24,7024,4,2008,"2B3KA43R08H1","2","B","3","K","A","4","3","R","0","8","H","1",0,0,0,"000000000","00000000000",0,0,0,1,0,0,0,0,0,0,0,998,0,0,0,61,4,5,12,0,0,0,1,21,40211,6,1,0,0,3,0,66,152,0,0,0,0,0,0,0,0,0,0,0,0,0,0,1,2,35,3,1,2,1,0,0,14,62,9,1,1,98,"777777777777","777777777777","777777777777",0,0
21,210442,1,2,2,19,8,20,22,12,6,1,0,21,1,49,40,49040,4,1994,"4T1SK12E0RU4","4","T","1","S","K","1","2","E","0","R","U","4",0,0,0,"000000000","00000000000",0,0,0,1,0,0,0,0,0,0,0,55,0,0,0,1,6,2,12,0,0,0,1,21,40356,6,1,0,0,3,1,67,180,0,0,0,0,0,0,0,0,0,0,28,0,0,0,2,2,55,1,2,2,1,0,0,1,9,1,2,2,98,"777777777777","777777777777","777777777777",2,0
21,210442,2,2,2,19,8,20,22,12,6,1,0,21,2,2,404,2404,14,2015,"1C4PJLDB4FW7","1","C","4","P","J","L","D","B","4","F","W","7",0,0,0,"000000000","00000000000",0,0,0,1,0,0,0,0,0,0,0,55,0,0,0,11,6,2,12,0,0,0,1,21,40601,6,1,0,0,3,0,70,150,0,0,0,0,0,0,0,0,0,0,0,0,0,0,2,2,55,1,2,2,1,0,0,1,62,1,1,1,98,"777777777777","777777777777","777777777777",0,0
21,210443,1,2,3,20,8,14,57,12,2,1,0,21,1,35,421,35421,15,2008,"5N1BA08D28N6","5","N","1","B","A","0","8","D","2","8","N","6",0,0,0,"000000000","00000000000",0,0,0,1,0,0,0,0,0,0,0,998,0,0,0,12,6,2,12,0,0,0,1,21,40356,6,1,0,0,3,1,73,160,3,1,1,0,0,7,2015,7,2016,0,28,0,0,0,1,2,55,1,1,2,1,40,3,1,10,1,1,2,50,"777777777777","777777777777","777777777777",0,0
21,210443,2,2,2,20,8,14,57,12,2,1,0,21,2,12,481,12481,31,2003,"1FTRF17283NB","1","F","T","R","F","1","7","2","8","3","N","B",0,0,0,"000000000","00000000000",0,0,0,1,0,0,0,0,0,0,0,998,0,0,0,12,6,2,12,0,0,0,1,21,40356,6,1,0,0,3,1,67,160,0,0,0,0,1,10,2011,10,2011,0,0,0,0,0,1,2,55,1,1,2,1,40,3,1,62,98,1,1,51,"777777777777","777777777777","777777777777",1,0
21,210444,1,2,1,23,8,10,11,12,6,1,0,21,1,49,40,49040,4,2003,"4T1BE32K93U1","4","T","1","B","E","3","2","K","9","3","U","1",0,0,0,"000000000","00000000000",0,0,0,1,0,0,0,0,0,0,0,998,0,0,0,11,6,2,12,0,0,0,1,21,41653,6,1,0,0,3,0,63,170,2,0,0,0,0,8,2014,8,2014,0,6,0,0,0,8,8,98,8,8,8,98,3,3,11,15,1,1,1,99,"777777777777","777777777777","777777777777",1,0
21,210444,2,2,1,23,8,10,11,12,6,1,0,21,1,20,481,20481,31,2000,"1GCEC14WXYE1","1","G","C","E","C","1","4","W","X","Y","E","1",0,0,0,"000000000","00000000000",0,0,0,1,0,0,0,0,0,0,0,998,0,0,0,12,6,2,12,0,0,0,1,21,41653,6,1,0,0,3,0,65,225,0,0,0,0,0,0,0,0,0,0,0,0,0,0,2,4,35,4,2,2,1,3,3,1,68,16,2,1,99,"777777777777","777777777777","777777777777",0,0
21,210445,1,1,1,16,8,11,55,11,0,1,0,21,1,37,706,37706,80,1993,"1HFSC1810PA7","1","H","F","S","C","1","8","1","0","P","A","7",0,0,0,"000000000","00000000000",0,0,0,1,0,0,0,0,0,0,0,998,0,0,0,12,6,2,11,0,0,0,1,21,41168,6,1,0,0,3,0,73,200,0,0,0,0,0,0,0,0,0,0,0,0,0,0,2,2,55,1,1,2,1,40,3,1,87,1,1,1,13,"777777777777","777777777777","777777777777",1,0
21,210446,1,2,3,20,8,13,0,12,2,1,0,21,1,49,40,49040,4,2010,"4T4BF3EK4AR0","4","T","4","B","F","3","E","K","4","A","R","0",0,0,0,"000000000","00000000000",0,0,0,1,0,0,0,0,0,0,0,998,0,0,0,12,6,2,12,0,0,0,1,21,40245,6,1,0,0,3,0,63,130,1,0,0,0,0,3,2015,3,2015,0,28,0,0,0,3,2,45,3,3,1,1,40,3,14,10,16,1,2,50,"777777777777","777777777777","777777777777",1,0
21,210446,2,2,1,20,8,13,0,12,2,1,0,21,1,35,47,35047,4,2012,"1N4AL2AP2CN5","1","N","4","A","L","2","A","P","2","C","N","5",0,0,0,"000000000","00000000000",0,0,0,1,0,0,0,0,0,0,0,998,0,0,0,12,6,2,12,0,0,0,1,21,40241,6,1,0,0,3,1,74,190,0,0,0,0,0,0,0,0,0,0,0,0,0,0,1,2,45,2,3,1,1,40,3,14,62,16,1,1,51,"777777777777","777777777777","777777777777",0,0
21,210447,1,1,1,24,8,13,30,35,0,1,0,21,1,18,2,18002,4,1995,"1G4HR52L4SH5","1","G","4","H","R","5","2","L","4","S","H","5",0,0,0,"000000000","00000000000",0,0,0,1,0,0,0,0,0,0,0,998,0,0,0,12,6,2,35,0,0,0,1,21,42420,6,1,0,0,3,0,63,105,0,0,0,0,0,0,0,0,0,0,0,0,0,0,1,2,55,1,1,1,1,0,0,1,13,1,2,4,7,"777777777777","777777777777","777777777777",1,0
21,210448,1,1,1,25,8,4,0,8,0,1,1,99,9,99,999,99999,99,9999,"999999999999","9","9","9","9","9","9","9","9","9","9","9","9",9,0,99,"999999999","99999999999",9,99,99,1,0,0,0,0,99,99,9,999,0,0,0,98,9,5,8,99,99,0,1,99,99999,9,9,99,9,9,9,999,999,99,99,99,99,99,99,9999,99,9999,9,99,99,99,99,1,4,30,1,1,2,1,20,3,99,80,99,9,9,13,"777777777777","777777777777","777777777777",0,0
21,210449,1,2,1,25,8,15,3,12,8,1,0,21,2,49,40,49040,4,2001,"4T1BG22K21U7","4","T","1","B","G","2","2","K","2","1","U","7",0,0,0,"000000000","00000000000",0,0,0,1,0,0,0,0,0,0,0,998,0,0,0,61,4,3,12,0,0,0,1,21,40214,0,0,0,0,0,0,62,180,0,0,0,0,0,0,0,0,0,0,38,0,0,0,1,5,35,1,1,2,1,3,3,11,15,98,1,1,74,"777777777777","777777777777","777777777777",0,0
21,210449,2,2,1,25,8,15,3,12,8,1,0,21,1,72,706,72706,80,2002,"1HD1BHY162Y0","1","H","D","1","B","H","Y","1","6","2","Y","0",0,0,0,"000000000","00000000000",0,0,0,1,0,0,0,0,0,0,0,998,0,0,0,61,6,2,12,0,0,0,1,21,40258,6,1,0,0,3,0,71,185,2,0,0,0,0,10,2014,12,2014,0,0,0,0,0,1,5,35,1,1,2,1,3,3,1,62,1,1,1,74,"777777777777","777777777777","777777777777",1,0