"STATE","ST_CASE","VEH_NO","VE_FORMS","NUMOCCS","DAY","MONTH","HOUR","MINUTE","HARM_EV","MAN_COLL","UNITTYPE","HIT_RUN","REG_STAT","OWNER","MAKE","MODEL","MAK_MOD","BODY_TYP","MOD_YEAR","VIN","VIN_1","VIN_2","VIN_3","VIN_4","VIN_5","VIN_6","VIN_7","VIN_8","VIN_9","VIN_10","VIN_11","VIN_12","TOW_VEH","J_KNIFE","MCARR_I1","MCARR_I2","MCARR_ID","GVWR","V_CONFIG","CARGO_BT","HAZ_INV","HAZ_PLAC","HAZ_ID","HAZ_CNO","HAZ_REL","BUS_USE","SPEC_USE","EMER_USE","TRAV_SP","UNDERIDE","ROLLOVER","ROLINLOC","IMPACT1","DEFORMED","TOWED","M_HARM","VEH_SC1","VEH_SC2","FIRE_EXP","DR_PRES","L_STATE","DR_ZIP","L_STATUS","L_TYPE","CDL_STAT","L_ENDORS","L_COMPL","L_RESTRI","DR_HGT","DR_WGT","PREV_ACC","PREV_SUS","PREV_DWI","PREV_SPD","PREV_OTH","FIRST_MO","FIRST_YR","LAST_MO","LAST_YR","SPEEDREL","DR_SF1","DR_SF2","DR_SF3","DR_SF4","VTRAFWAY","VNUM_LAN","VSPD_LIM","VALIGN","VPROFILE","VPAVETYP","VSURCOND","VTRAFCON","VTCONT_F","P_CRASH1","P_CRASH2","P_CRASH3","PCRASH4","PCRASH5","ACC_TYPE","TRLR1VIN","TRLR2VIN","TRLR3VIN","DEATHS","DR_DRINK"
21,210450,1,3,1,27,8,13,47,12,8,1,0,21,1,12,481,12481,31,2011,"1FTFW1E63BFA","1","F","T","F","W","1","E","6","3","B","F","A",0,0,0,"000000000","00000000000",0,0,0,1,0,0,0,0,0,0,0,43,0,0,0,11,6,2,12,0,0,0,1,21,41465,6,1,0,0,3,0,73,194,0,0,0,0,0,0,0,0,0,0,28,0,0,0,1,2,55,2,1,2,1,0,0,14,10,7,1,2,64,"777777777777","777777777777","777777777777",0,0
21,210450,2,3,1,27,8,13,47,12,8,1,0,39,1,72,706,72706,80,2004,"1HD1BXB1X4Y0","1","H","D","1","B","X","B","1","X","4","Y","0",0,0,0,"000000000","00000000000",0,0,0,1,0,0,0,0,0,0,0,33,0,0,0,8,6,2,12,0,0,0,1,39,43701,6,1,0,0,3,0,72,165,0,0,0,0,0,0,0,0,0,0,0,0,0,0,1,2,55,3,1,2,1,0,0,14,62,8,2,1,65,"777777777777","777777777777","777777777777",0,0
21,210450,3,3,1,27,8,13,47,12,8,1,0,39,1,98,706,98706,80,2014,"56KTCAAA9E33","5","6","K","T","C","A","A","A","9","E","3","3",0,0,0,"000000000","00000000000",0,0,0,1,0,0,0,0,0,0,0,33,0,0,0,12,6,2,12,0,0,0,1,39,43701,6,1,0,0,3,0,66,135,1,0,0,2,2,12,2011,1,2015,0,0,0,0,0,1,2,55,3,1,2,1,0,0,14,62,1,1,1,98,"777777777777","777777777777","777777777777",1,0
21,210451,1,1,1,28,8,13,46,34,0,1,0,21,1,55,33,55033,4,2013,"KMHEC4A4XDA0","K","M","H","E","C","4","A","4","X","D","A","0",0,0,0,"000000000","00000000000",0,0,0,1,0,0,0,0,0,0,0,55,0,0,0,12,6,2,34,0,0,0,1,21,42420,6,1,0,0,3,0,70,230,0,0,0,2,0,2,2014,11,2014,0,58,0,0,0,5,5,45,1,1,2,1,0,0,1,52,6,1,4,6,"777777777777","777777777777","777777777777",1,1
21,210452,1,2,2,28,8,13,31,12,6,1,0,21,1,19,18,19018,4,2005,"1G6DM56T2502","1","G","6","D","M","5","6","T","2","5","0","2",0,0,0,"000000000","00000000000",0,0,0,1,0,0,0,0,0,0,0,998,0,0,0,63,6,2,12,0,0,0,1,21,40215,1,1,0,0,2,0,65,210,1,1,0,0,0,4,2014,4,2016,0,6,27,0,0,2,3,70,1,2,2,2,0,0,15,10,1,1,2,48,"777777777777","777777777777","777777777777",0,0
21,210452,2,2,1,28,8,13,31,12,6,1,0,21,1,72,706,72706,80,2014,"1HD1FBM10EB6","1","H","D","1","F","B","M","1","0","E","B","6",0,0,0,"000000000","00000000000",0,0,0,1,0,0,0,0,0,0,0,998,0,0,0,12,6,2,12,0,0,0,1,21,40342,6,1,0,0,3,0,74,250,0,0,0,0,0,0,0,0,0,0,0,0,0,0,2,3,70,1,2,2,2,0,0,1,61,1,1,1,48,"777777777777","777777777777","777777777777",1,0
21,210453,1,1,1,28,8,19,5,18,0,1,0,21,1,23,422,23422,15,2008,"1GKFK13088J1","1","G","K","F","K","1","3","0","8","8","J","1",0,0,0,"000000000","00000000000",0,0,0,1,0,0,0,0,0,0,0,998,0,0,0,13,6,2,18,0,0,0,1,21,42141,6,1,0,0,3,0,76,210,1,0,0,0,0,3,2012,3,2012,0,0,0,0,0,1,2,55,1,1,2,2,0,0,1,98,1,1,1,98,"777777777777","777777777777","777777777777",1,0
21,210454,1,1,1,29,8,17,23,35,0,1,0,21,1,24,1,24001,4,2001,"1G8ZH52821Z2","1","G","8","Z","H","5","2","8","2","1","Z","2",0,0,0,"000000000","00000000000",0,0,0,1,0,0,0,0,0,0,0,50,0,1,5,98,6,2,42,0,0,0,1,21,41311,6,1,0,0,3,0,63,135,0,0,0,0,0,0,0,0,0,0,58,0,0,0,1,2,55,4,2,2,2,0,0,14,8,8,2,4,7,"777777777777","777777777777","777777777777",1,0
21,210455,1,1,2,30,8,22,14,42,0,1,0,21,1,37,32,37032,4,1998,"1HGCG5648WA2","1","H","G","C","G","5","6","4","8","W","A","2",0,0,0,"000000000","00000000000",0,0,0,1,0,0,0,0,0,0,0,998,0,0,0,12,6,2,42,0,0,0,1,21,40011,6,1,0,0,3,0,74,170,1,0,0,0,0,5,2016,5,2016,0,39,0,0,0,1,2,55,1,2,2,1,20,3,1,14,1,1,4,14,"777777777777","777777777777","777777777777",1,0
21,210456,1,1,1,26,8,13,47,19,0,1,0,21,2,20,481,20481,31,2013,"1GCRKSE75DZ2","1","G","C","R","K","S","E","7","5","D","Z","2",0,0,0,"000000000","00000000000",0,0,0,1,0,0,0,0,0,0,0,17,0,0,0,12,6,2,19,0,0,0,1,21,42240,6,1,0,0,3,0,71,180,1,1,1,0,0,11,2012,11,2015,0,0,0,0,0,1,2,25,1,1,2,1,40,3,1,8,1,1,4,4,"777777777777","777777777777","777777777777",1,0
21,210457,1,1,1,1,8,7,10,24,0,1,0,21,2,35,402,35402,14,2003,"5N1ED28YX3C6","5","N","1","E","D","2","8","Y","X","3","C","6",0,0,0,"000000000","00000000000",0,0,0,1,0,0,0,0,0,0,0,70,0,1,5,98,6,2,1,0,0,0,1,21,40769,6,1,0,0,3,1,68,220,0,0,0,1,0,2,2012,2,2012,0,58,0,0,0,3,2,70,1,1,2,1,0,0,1,1,15,2,4,2,"777777777777","777777777777","777777777777",1,0
21,210458,1,1,2,2,8,14,49,59,0,1,0,21,2,20,401,20401,14,1991,"1GNDT13Z0M21","1","G","N","D","T","1","3","Z","0","M","2","1",0,0,0,"000000000","00000000000",0,0,0,1,0,0,0,0,0,0,0,68,0,0,0,12,6,2,35,0,0,0,1,21,41179,6,1,0,0,3,0,69,185,0,1,0,1,1,10,2012,5,2014,0,0,0,0,0,1,2,55,2,2,2,1,40,3,14,6,1,1,4,6,"777777777777","777777777777","777777777777",1,0
21,210459,1,2,4,4,8,18,44,12,6,1,0,39,1,24,7,24007,4,2006,"1G8AJ55F96Z1","1","G","8","A","J","5","5","F","9","6","Z","1",0,0,0,"000000000","00000000000",0,0,0,1,0,0,0,0,0,0,0,60,1,0,0,12,6,2,12,0,0,0,1,39,45238,6,1,0,0,3,0,65,125,0,0,0,0,0,0,0,0,0,0,58,84,0,0,3,3,65,1,2,1,1,0,0,17,61,6,1,2,48,"777777777777","777777777777","777777777777",1,0
21,210459,2,2,1,4,8,18,44,12,6,1,0,39,3,85,884,85884,66,2016,"2XKHAJ8X4GM4","2","X","K","H","A","J","8","X","4","G","M","4",1,1,57,"00239039","5700239039",3,6,1,1,0,0,0,0,0,0,0,25,0,0,0,63,4,5,12,0,0,0,1,39,45154,6,1,6,0,3,0,70,205,1,0,0,0,0,6,2015,6,2015,0,0,0,0,0,3,3,65,1,2,1,1,0,0,2,60,1,1,1,48,"888888888888","777777777777","777777777777",0,0
21,210460,1,1,2,6,8,4,33,35,0,1,0,21,1,12,481,12481,31,2004,"1FTRX14W04KB","1","F","T","R","X","1","4","W","0","4","K","B",0,0,0,"000000000","00000000000",0,0,0,1,0,0,0,0,0,0,0,63,0,0,0,12,6,2,35,0,0,0,1,21,41049,6,1,0,0,3,2,72,250,1,0,0,0,0,4,2014,4,2014,3,74,0,0,0,1,2,55,4,1,2,1,20,3,14,6,98,9,4,99,"777777777777","777777777777","777777777777",1,1
21,210461,1,1,1,9,8,6,17,35,0,1,0,21,1,12,473,12473,30,2001,"1FMZU77E41UC","1","F","M","Z","U","7","7","E","4","1","U","C",0,0,0,"000000000","00000000000",0,0,0,1,0,0,0,0,0,0,0,50,0,0,0,12,6,2,35,0,0,0,1,21,42337,6,1,0,0,3,1,71,250,0,0,0,1,0,10,2014,10,2014,0,0,0,0,0,1,2,55,3,1,2,1,0,0,14,6,1,1,4,1,"777777777777","777777777777","777777777777",1,0
21,210462,1,1,1,10,8,10,15,10,0,1,0,13,3,12,881,12881,61,2000,"1FDXF46F9YEC","1","F","D","X","F","4","6","F","9","Y","E","C",0,0,99,"999999999","99999999999",2,1,98,1,0,0,0,0,0,0,0,998,0,0,0,81,6,2,10,0,0,0,1,13,30305,6,1,0,0,3,1,78,325,98,4,0,3,7,4,2012,1,2016,0,6,0,0,0,1,2,35,1,2,2,1,65,3,1,91,1,1,1,15,"777777777777","777777777777","777777777777",1,0
21,210463,1,2,1,12,8,20,11,12,1,1,0,21,4,41,51,41051,4,2016,"JM1BM1U72G13","J","M","1","B","M","1","U","7","2","G","1","3",0,0,0,"000000000","00000000000",0,0,0,1,0,0,0,0,0,0,0,43,0,0,0,12,6,2,12,0,0,0,1,21,42444,6,1,0,0,3,0,67,205,3,0,0,0,0,4,2014,10,2015,0,0,0,0,0,1,4,45,1,1,1,1,40,3,1,52,1,1,1,28,"777777777777","777777777777","777777777777",0,0
21,210463,2,2,2,12,8,20,11,12,1,1,0,21,1,72,706,72706,80,1991,"1HD4CFM15MY1","1","H","D","4","C","F","M","1","5","M","Y","1",0,0,0,"000000000","00000000000",0,0,0,1,0,0,0,0,0,0,0,3,0,0,0,6,6,2,12,0,0,0,1,21,42406,6,1,0,0,3,1,69,140,1,0,0,0,0,9,2015,9,2015,0,0,0,0,0,1,4,45,1,1,1,1,40,3,2,53,1,1,1,30,"777777777777","777777777777","777777777777",1,0
21,210464,1,2,2,20,8,14,36,12,6,1,0,21,1,18,7,18007,4,1993,"3G4AG54N9PS6","3","G","4","A","G","5","4","N","9","P","S","6",0,0,0,"000000000","00000000000",0,0,0,1,0,0,0,0,0,0,0,10,0,0,0,62,6,2,12,0,0,0,1,21,42757,6,1,0,0,3,0,64,135,0,0,0,0,0,0,0,0,0,0,38,0,0,0,8,8,98,8,8,8,98,20,3,11,15,1,1,1,82,"777777777777","777777777777","777777777777",1,0
21,210464,2,2,1,20,8,14,36,12,6,1,0,21,2,12,3,12003,2,2004,"1FAFP42R74F1","1","F","A","F","P","4","2","R","7","4","F","1",0,0,0,"000000000","00000000000",0,0,0,1,0,0,0,0,0,0,0,55,0,0,0,12,6,2,12,0,0,0,1,21,42776,6,1,0,0,3,1,71,155,0,0,0,2,0,1,2016,3,2016,0,0,0,0,0,5,5,55,1,2,2,2,0,0,1,67,16,2,1,83,"777777777777","777777777777","777777777777",0,0
21,210465,1,1,1,21,8,2,59,31,0,1,0,21,1,47,35,47035,4,2007,"YS3FD46Y6711","Y","S","3","F","D","4","6","Y","6","7","1","1",0,0,0,"000000000","00000000000",0,0,0,1,0,0,0,0,0,0,0,998,0,0,0,12,6,2,31,0,0,1,1,21,40004,6,1,0,0,3,0,70,160,1,0,0,0,0,11,2014,11,2014,0,87,0,0,0,1,2,55,2,3,2,2,40,3,14,6,98,1,4,6,"777777777777","777777777777","777777777777",1,1
21,210466,1,2,2,29,8,10,15,12,6,1,0,21,1,7,27,7027,6,2013,"3C4PDCBG1DT6","3","C","4","P","D","C","B","G","1","D","T","6",0,0,0,"000000000","00000000000",0,0,0,1,0,0,0,0,0,0,0,3,0,0,0,12,6,2,12,0,0,0,1,21,42420,6,1,0,0,3,0,61,125,0,0,0,0,0,0,0,0,0,0,30,0,0,0,1,2,98,1,1,2,1,20,3,11,15,16,1,1,82,"777777777777","777777777777","777777777777",0,0
21,210466,2,2,2,29,8,10,15,12,6,1,0,21,1,35,50,35050,4,2013,"3N1CN7AP2DT8","3","N","1","C","N","7","A","P","2","D","T","8",0,0,0,"000000000","00000000000",0,0,0,1,0,0,0,0,0,0,0,35,0,1,1,82,6,2,12,0,0,0,1,21,42420,6,1,6,0,3,1,72,230,0,0,0,0,0,0,0,0,0,0,99,99,99,99,1,2,45,1,1,2,1,40,3,1,67,1,1,1,83,"777777777777","777777777777","777777777777",2,0
21,210467,1,1,1,31,8,17,30,34,0,1,0,21,1,55,401,55401,14,2014,"5XYZU3LBXEG1","5","X","Y","Z","U","3","L","B","X","E","G","1",0,0,0,"000000000","00000000000",0,0,0,1,0,0,0,0,0,0,0,998,0,0,0,12,6,2,35,0,0,0,1,21,40511,6,1,0,0,3,1,73,284,1,0,0,0,0,3,2015,3,2015,0,0,0,0,0,2,3,55,1,2,2,1,0,0,1,13,1,1,4,1,"777777777777","777777777777","777777777777",1,0
21,210468,1,1,1,27,8,14,56,1,0,1,0,21,2,73,703,73703,80,2012,"JKAKXMYC1CA0","J","K","A","K","X","M","Y","C","1","C","A","0",0,0,0,"000000000","00000000000",0,0,0,1,0,0,0,0,0,0,0,998,0,0,0,0,2,5,1,0,0,0,1,21,41230,6,2,0,0,3,0,68,170,0,0,0,0,0,0,0,0,0,0,6,0,0,0,1,2,55,2,1,2,1,0,0,14,9,1,1,2,98,"777777777777","777777777777","777777777777",1,0
21,210469,1,2,1,17,8,17,27,12,6,1,0,21,1,49,402,49402,14,2007,"JTMZK32V3750","J","T","M","Z","K","3","2","V","3","7","5","0",0,0,0,"000000000","00000000000",0,0,0,1,0,0,0,0,0,0,0,998,0,0,0,12,6,2,12,0,0,0,1,21,40272,6,1,0,0,3,1,71,164,0,0,0,0,0,0,0,0,0,0,38,0,0,0,1,4,35,1,1,2,1,0,0,11,15,1,1,1,74,"777777777777","777777777777","777777777777",1,0
21,210469,2,2,1,17,8,17,27,12,6,1,0,21,1,7,27,7027,6,2015,"3C4PDCBG0FT5","3","C","4","P","D","C","B","G","0","F","T","5",0,0,0,"000000000","00000000000",0,0,0,1,0,0,0,0,0,0,0,998,0,0,0,61,4,5,12,0,0,0,1,21,42701,6,1,0,0,3,0,66,165,0,0,0,0,0,0,0,0,0,0,0,0,0,0,1,4,35,1,1,2,1,0,0,1,62,1,1,1,74,"777777777777","777777777777","777777777777",0,0
21,210470,1,1,1,24,8,22,25,8,0,1,0,21,2,35,39,35039,4,1988,"JN1HU11P8JX8","J","N","1","H","U","1","1","P","8","J","X","8",0,0,0,"000000000","00000000000",0,0,0,1,0,0,0,0,0,0,0,998,0,0,0,12,4,5,8,0,0,0,1,21,40203,6,1,0,0,3,0,73,180,0,0,0,0,0,0,0,0,0,0,0,0,0,0,5,5,45,1,1,2,1,40,3,1,80,1,1,1,13,"777777777777","777777777777","777777777777",0,0
21,210471,1,1,1,25,8,16,0,42,0,1,0,21,2,22,16,22016,2,2003,"1G2JB12F9371","1","G","2","J","B","1","2","F","9","3","7","1",0,0,0,"000000000","00000000000",0,0,0,1,0,0,0,0,0,0,0,57,0,0,0,12,6,2,42,0,0,0,1,25,42171,2,1,0,0,2,0,67,999,0,0,0,0,0,0,0,0,0,0,58,0,0,0,1,2,55,3,3,2,1,40,3,14,8,1,2,4,7,"777777777777","777777777777","777777777777",1,0
21,210472,1,1,1,31,8,11,56,30,0,1,0,21,2,49,40,49040,4,2002,"4T1BE32K62U0","4","T","1","B","E","3","2","K","6","2","U","0",0,0,0,"000000000","00000000000",0,0,0,1,0,0,0,0,0,0,0,998,0,1,5,12,6,2,42,0,0,0,1,21,42701,6,1,0,0,3,0,60,195,3,0,0,1,0,6,2014,12,2015,4,6,0,0,0,1,2,35,4,1,2,1,0,0,14,6,1,1,4,6,"777777777777","777777777777","777777777777",1,0
21,210473,1,1,2,6,8,0,48,1,0,1,0,21,1,20,481,20481,31,2001,"1GCHK29U91E3","1","G","C","H","K","2","9","U","9","1","E","3",0,0,0,"000000000","00000000000",0,0,0,1,0,0,0,0,0,0,0,998,0,2,5,0,6,2,1,0,0,0,1,21,40311,6,1,0,0,3,0,67,160,0,0,0,0,0,0,0,0,0,0,53,0,0,0,1,2,55,4,2,2,1,0,0,14,6,8,2,4,2,"777777777777","777777777777","777777777777",1,0
21,210474,1,1,1,10,8,21,17,5,0,1,0,39,1,72,706,72706,80,2001,"1HD1GJV111Y3","1","H","D","1","G","J","V","1","1","1","Y","3",0,0,0,"000000000","00000000000",0,0,0,1,0,0,0,0,0,0,0,998,0,0,0,0,4,5,5,0,0,0,1,39,42633,6,1,0,0,3,0,69,200,0,0,0,0,0,0,0,0,0,0,0,0,0,0,1,2,55,1,1,2,1,0,0,1,9,16,2,4,0,"777777777777","777777777777","777777777777",1,0
21,210475,1,1,4,15,8,19,15,42,0,1,0,21,1,37,402,37402,14,2006,"JHLRD78896C0","J","H","L","R","D","7","8","8","9","6","C","0",0,0,0,"000000000","00000000000",0,0,0,1,0,0,0,0,0,0,0,65,0,0,0,3,6,2,42,0,0,0,1,21,42001,6,1,0,0,3,0,69,147,1,0,0,1,0,9,2012,10,2012,0,0,0,0,0,2,2,70,1,2,1,6,0,0,1,5,15,4,4,7,"777777777777","777777777777","777777777777",1,0
21,210476,1,2,1,1,9,16,24,12,2,1,0,21,1,72,706,72706,80,2000,"1HD1CGP11YK1","1","H","D","1","C","G","P","1","1","Y","K","1",0,0,0,"000000000","00000000000",0,0,0,1,0,0,0,0,0,0,0,998,0,0,0,12,6,2,12,0,0,0,1,21,42003,6,7,0,0,3,0,68,195,0,1,1,0,0,1,2013,1,2013,0,28,0,0,0,1,2,45,4,3,2,1,0,0,14,10,16,2,2,50,"777777777777","777777777777","777777777777",1,0
21,210476,2,2,4,1,9,16,24,12,2,1,0,21,1,52,47,52047,6,2003,"JA4LX31G63U0","J","A","4","L","X","3","1","G","6","3","U","0",0,0,0,"000000000","00000000000",0,0,0,1,0,0,0,0,0,0,0,998,0,0,0,12,6,2,12,0,0,0,1,21,42001,6,1,0,0,3,0,66,125,0,0,0,0,0,0,0,0,0,0,0,0,0,0,1,2,45,4,3,2,1,0,0,14,62,16,2,1,51,"777777777777","777777777777","777777777777",0,0
21,210477,1,1,2,2,9,15,0,14,0,1,0,21,1,12,473,12473,30,2005,"1FMZU67KX5UA","1","F","M","Z","U","6","7","K","X","5","U","A",0,0,0,"000000000","00000000000",0,0,0,1,0,0,0,0,0,0,0,998,0,0,0,12,6,2,8,0,0,0,1,21,40351,6,1,0,0,3,1,70,155,1,0,0,0,0,5,2016,5,2016,0,6,0,0,0,6,1,98,1,2,2,1,40,3,1,13,1,1,4,98,"777777777777","777777777777","777777777777",0,0
21,210478,1,2,1,2,9,16,17,12,2,1,0,21,1,42,48,42048,4,1997,"WDBJF55F8VA3","W","D","B","J","F","5","5","F","8","V","A","3",0,0,0,"000000000","00000000000",0,0,0,1,0,0,0,0,0,0,0,998,0,0,0,12,6,2,12,0,0,0,1,21,40071,1,1,0,0,2,0,68,230,0,3,1,1,0,2,2013,8,2015,0,28,0,0,0,1,2,55,4,1,2,1,40,3,14,10,1,1,2,50,"777777777777","777777777777","777777777777",0,1
21,210478,2,2,1,2,9,16,17,12,2,1,0,21,1,49,32,49032,4,2013,"2T1BU4EEXDC0","2","T","1","B","U","4","E","E","X","D","C","0",0,0,0,"000000000","00000000000",0,0,0,1,0,0,0,0,0,0,0,998,0,0,0,12,6,2,12,0,0,0,1,21,40299,6,1,0,0,3,1,68,130,0,1,0,3,1,9,2012,9,2015,0,0,0,0,0,1,2,55,4,1,2,1,40,3,14,62,1,1,1,51,"777777777777","777777777777","777777777777",1,1
21,210479,1,1,2,2,9,21,30,8,0,1,0,21,2,37,32,37032,4,1996,"1HGCD5692TA2","1","H","G","C","D","5","6","9","2","T","A","2",0,0,0,"000000000","00000000000",0,0,0,1,0,0,0,0,0,0,0,998,0,0,0,1,2,5,8,0,0,0,1,21,42431,6,1,0,0,3,0,68,185,0,0,0,1,0,1,2016,1,2016,0,0,0,0,0,1,2,35,1,1,2,1,0,0,1,80,16,1,1,13,"777777777777","777777777777","777777777777",0,0
21,210480,1,1,2,2,9,22,5,34,0,1,0,0,0,99,739,99739,90,9999,"888888888888","8","8","8","8","8","8","8","8","8","8","8","8",0,0,0,"000000000","00000000000",0,0,0,1,0,0,0,0,0,0,0,998,0,1,5,81,2,3,1,0,0,0,1,21,42647,0,0,0,0,0,0,999,999,0,0,0,0,0,0,0,0,0,0,31,0,0,0,1,2,55,1,1,2,1,40,3,4,8,1,1,5,98,"777777777777","777777777777","777777777777",1,0
21,210481,1,1,1,3,9,1,49,42,0,1,0,21,1,52,37,52037,3,2000,"4A3AC34GXYE0","4","A","3","A","C","3","4","G","X","Y","E","0",0,0,0,"000000000","00000000000",0,0,0,1,0,0,0,0,0,0,0,998,0,0,0,12,6,2,42,0,0,0,1,21,40346,6,1,0,0,3,0,70,140,0,0,0,0,0,0,0,0,0,0,0,0,0,0,1,2,55,1,1,2,1,0,0,1,12,1,1,4,6,"777777777777","777777777777","777777777777",1,1
21,210482,1,2,2,3,9,13,56,12,6,1,0,18,1,48,47,48047,4,2015,"JF1VA1G67F88","J","F","1","V","A","1","G","6","7","F","8","8",0,0,0,"000000000","00000000000",0,0,0,1,0,0,0,0,0,0,0,998,0,0,0,62,6,2,12,0,0,0,1,18,47725,6,1,0,0,3,0,72,205,0,0,0,0,0,0,0,0,0,0,6,48,0,0,2,2,70,1,1,2,1,0,0,11,15,1,1,2,72,"777777777777","777777777777","777777777777",1,0
21,210482,2,2,1,3,9,13,56,12,6,1,0,21,1,12,481,12481,31,2007,"1FTRX14W87FA","1","F","T","R","X","1","4","W","8","7","F","A",0,0,0,"000000000","00000000000",0,0,0,1,0,0,0,0,0,0,0,998,0,0,0,12,6,2,12,0,0,0,1,21,40162,6,1,0,0,3,0,69,185,1,0,0,1,0,3,2014,6,2014,0,0,0,0,0,2,2,70,1,1,2,1,0,0,1,61,6,1,3,73,"777777777777","777777777777","777777777777",0,0
21,210483,1,2,2,3,9,14,6,12,1,1,0,47,1,72,706,72706,80,2007,"1HD1FC4137Y6","1","H","D","1","F","C","4","1","3","7","Y","6",0,0,0,"000000000","00000000000",0,0,0,1,0,0,0,0,0,0,0,998,0,0,0,12,4,3,1,0,0,0,1,47,37617,6,1,0,0,3,1,65,220,0,0,0,0,0,0,0,0,0,0,26,0,0,0,1,2,35,3,1,2,1,0,0,14,52,1,1,1,28,"777777777777","777777777777","777777777777",1,0
21,210483,2,2,2,3,9,14,6,12,1,1,0,47,1,76,706,76706,80,1997,"JYA4NLE03VA0","J","Y","A","4","N","L","E","0","3","V","A","0",0,0,0,"000000000","00000000000",0,0,0,1,0,0,0,0,0,0,0,998,0,0,0,6,2,5,12,0,0,0,1,47,37620,6,1,0,0,3,0,74,245,0,0,0,0,0,0,0,0,0,0,0,0,0,0,1,2,35,3,1,2,1,0,0,2,53,1,1,1,29,"777777777777","777777777777","777777777777",0,0
21,210484,1,1,2,4,9,17,40,1,0,1,0,0,0,76,998,76998,97,2014,"5Y4AM64Y1EA1","5","Y","4","A","M","6","4","Y","1","E","A","1",0,0,0,"000000000","00000000000",0,0,0,1,0,0,0,0,0,0,0,998,0,2,1,0,6,2,35,0,0,0,1,21,41339,6,1,0,0,3,0,67,180,2,0,0,0,0,2,2014,3,2014,0,0,0,0,0,1,2,55,4,2,2,1,0,0,14,5,15,2,1,98,"777777777777","777777777777","777777777777",1,1
21,210485,1,2,2,7,9,5,5,12,6,1,0,21,1,35,43,35043,4,2002,"3N1CB51D32L6","3","N","1","C","B","5","1","D","3","2","L","6",0,0,0,"000000000","00000000000",0,0,0,1,0,0,0,0,0,0,0,998,0,0,0,3,6,2,12,0,0,0,1,21,40211,6,1,0,0,3,0,66,130,2,1,1,0,0,3,2012,5,2015,0,39,91,0,0,1,2,98,1,1,2,1,20,3,1,17,1,1,1,87,"777777777777","777777777777","777777777777",1,1
21,210485,2,2,1,7,9,5,5,12,6,1,0,21,1,23,401,23401,14,2006,"1GKET63MX622","1","G","K","E","T","6","3","M","X","6","2","2",0,0,0,"000000000","00000000000",0,0,0,1,0,0,0,0,0,0,0,998,0,0,0,12,6,2,12,0,0,0,1,21,40202,6,1,8,0,3,0,66,110,4,0,0,0,0,11,2011,1,2016,0,0,0,0,0,4,2,35,1,1,2,1,0,0,1,66,9,1,1,86,"777777777777","777777777777","777777777777",0,0
21,210486,1,2,3,7,9,23,57,12,6,1,0,21,4,22,20,22020,4,2006,"2G2WP5521612","2","G","2","W","P","5","5","2","1","6","1","2",0,0,0,"000000000","00000000000",0,0,0,1,0,0,0,0,0,0,0,998,0,1,1,81,6,2,12,0,0,0,1,21,42001,6,7,0,0,3,0,67,184,0,0,0,0,0,0,0,0,0,0,58,81,83,0,2,2,70,1,2,2,1,0,0,17,12,6,1,6,66,"777777777777","777777777777","777777777777",0,0
21,210486,2,2,1,7,9,23,57,12,6,1,0,47,2,37,705,37705,80,1984,"JH2RC2101EM0","J","H","2","R","C","2","1","0","1","E","M","0",0,0,0,"000000000","00000000000",0,0,0,1,0,0,0,0,0,0,0,998,0,0,0,12,6,2,12,0,0,0,1,47,37138,1,1,0,0,2,0,68,200,0,0,0,0,0,0,0,0,0,0,0,0,0,0,2,2,70,1,2,2,1,0,0,1,62,1,1,1,66,"777777777777","777777777777","777777777777",1,0
21,210487,1,2,1,8,9,15,10,12,2,1,0,21,3,6,441,6441,20,2007,"2A4GP44R97R2","2","A","4","G","P","4","4","R","9","7","R","2",0,0,0,"000000000","00000000000",0,0,0,1,0,0,0,0,0,0,0,998,1,1,5,12,6,2,12,0,0,1,1,21,42129,6,1,0,0,3,0,61,120,0,0,0,0,0,0,0,0,0,0,28,0,0,0,1,2,55,4,2,2,1,0,0,14,10,1,1,2,50,"777777777777","777777777777","777777777777",1,0
21,210487,2,2,36,8,9,15,10,12,2,1,0,21,3,84,989,84989,50,2013,"4DRBUAAN2DB1","4","D","R","B","U","A","A","N","2","D","B","1",0,0,88,"888888888","88888888888",2,21,22,1,0,0,0,0,1,2,0,998,0,0,0,12,6,2,12,0,0,0,1,21,42154,6,1,6,1,3,0,73,190,1,0,0,0,0,5,2013,5,2013,0,0,0,0,0,1,2,55,4,2,2,1,0,0,14,62,16,2,1,51,"777777777777","777777777777","777777777777",0,0
21,210488,1,2,1,9,9,8,40,12,6,1,0,21,2,20,20,20020,4,1993,"2G1WL54T8P91","2","G","1","W","L","5","4","T","8","P","9","1",0,0,0,"000000000","00000000000",0,0,0,1,0,0,0,0,0,0,0,53,0,1,1,3,6,2,12,0,0,1,1,21,40342,6,1,0,0,3,2,72,145,0,5,0,0,5,3,2012,6,2015,0,28,58,74,0,1,2,55,3,1,2,2,0,0,14,6,6,4,2,64,"777777777777","777777777777","777777777777",1,1
21,210488,2,2,2,9,9,8,40,12,6,1,0,21,1,49,403,49403,14,2010,"JTEDK3EH9A21","J","T","E","D","K","3","E","H","9","A","2","1",0,0,0,"000000000","00000000000",0,0,0,1,0,0,0,0,0,0,0,43,0,0,0,12,6,2,12,0,0,0,1,21,40342,6,1,0,0,3,0,68,176,0,0,0,0,0,0,0,0,0,0,0,0,0,0,1,2,55,1,1,2,2,0,0,1,62,1,1,1,65,"777777777777","777777777777","777777777777",0,0