"STATE","ST_CASE","VEH_NO","VE_FORMS","NUMOCCS","DAY","MONTH","HOUR","MINUTE","HARM_EV","MAN_COLL","UNITTYPE","HIT_RUN","REG_STAT","OWNER","MAKE","MODEL","MAK_MOD","BODY_TYP","MOD_YEAR","VIN","VIN_1","VIN_2","VIN_3","VIN_4","VIN_5","VIN_6","VIN_7","VIN_8","VIN_9","VIN_10","VIN_11","VIN_12","TOW_VEH","J_KNIFE","MCARR_I1","MCARR_I2","MCARR_ID","GVWR","V_CONFIG","CARGO_BT","HAZ_INV","HAZ_PLAC","HAZ_ID","HAZ_CNO","HAZ_REL","BUS_USE","SPEC_USE","EMER_USE","TRAV_SP","UNDERIDE","ROLLOVER","ROLINLOC","IMPACT1","DEFORMED","TOWED","M_HARM","VEH_SC1","VEH_SC2","FIRE_EXP","DR_PRES","L_STATE","DR_ZIP","L_STATUS","L_TYPE","CDL_STAT","L_ENDORS","L_COMPL","L_RESTRI","DR_HGT","DR_WGT","PREV_ACC","PREV_SUS","PREV_DWI","PREV_SPD","PREV_OTH","FIRST_MO","FIRST_YR","LAST_MO","LAST_YR","SPEEDREL","DR_SF1","DR_SF2","DR_SF3","DR_SF4","VTRAFWAY","VNUM_LAN","VSPD_LIM","VALIGN","VPROFILE","VPAVETYP","VSURCOND","VTRAFCON","VTCONT_F","P_CRASH1","P_CRASH2","P_CRASH3","PCRASH4","PCRASH5","ACC_TYPE","TRLR1VIN","TRLR2VIN","TRLR3VIN","DEATHS","DR_DRINK"
21,210489,1,2,1,9,9,14,36,12,6,1,0,21,3,22,18,22018,4,2004,"1G2NG52E54M5","1","G","2","N","G","5","2","E","5","4","M","5",0,0,0,"000000000","00000000000",0,0,0,1,0,0,0,0,0,0,0,43,1,0,0,12,6,2,12,0,0,0,1,21,42303,6,1,0,0,3,0,65,150,0,0,0,0,0,0,0,0,0,0,28,0,0,0,1,4,45,1,1,2,1,40,3,1,10,1,1,2,64,"777777777777","777777777777","777777777777",1,0
21,210489,2,2,1,9,9,14,36,12,6,1,0,21,3,86,881,86881,66,2015,"1M1AN07Y8FM0","1","M","1","A","N","0","7","Y","8","F","M","0",1,1,57,"02371760","5702371760",3,6,8,1,0,0,0,0,0,0,0,998,0,0,0,11,4,3,12,0,0,0,1,21,42301,6,1,6,0,3,0,70,150,0,0,0,0,1,12,2014,12,2014,0,0,0,0,0,1,4,45,1,1,2,1,40,3,1,62,9,2,2,65,"888888888888","777777777777","777777777777",0,0
21,210490,1,1,1,12,9,7,29,35,0,1,0,21,2,12,481,12481,31,2006,"1FTSW21P86EC","1","F","T","S","W","2","1","P","8","6","E","C",0,0,0,"000000000","00000000000",0,0,0,1,0,0,0,0,0,0,0,998,0,1,5,98,6,2,1,0,0,0,1,21,42459,6,1,0,0,3,0,60,175,0,0,0,1,0,1,2016,1,2016,0,58,0,0,0,1,2,55,1,1,2,1,0,0,1,13,6,2,4,2,"777777777777","777777777777","777777777777",1,0
21,210491,1,1,1,12,9,23,41,8,0,1,0,21,1,52,37,52037,3,2003,"4A3AC44G83E2","4","A","3","A","C","4","4","G","8","3","E","2",0,0,0,"000000000","00000000000",0,0,0,1,0,0,0,0,0,0,0,998,0,0,0,12,4,3,8,0,0,0,1,21,41042,6,1,0,0,3,0,71,190,0,2,0,0,0,3,2014,10,2015,0,0,0,0,0,5,5,45,1,1,2,1,40,3,1,80,1,1,1,13,"777777777777","777777777777","777777777777",0,0
21,210492,1,1,1,13,9,9,0,38,0,1,0,55,1,7,482,7482,31,2012,"1C6RD7LT1CS2","1","C","6","R","D","7","L","T","1","C","S","2",0,0,0,"000000000","00000000000",0,0,0,1,0,0,0,0,0,0,0,998,0,0,0,12,6,2,42,0,0,0,1,55,54601,1,1,0,0,2,2,76,225,0,2,1,0,0,11,2011,2,2012,0,74,0,0,0,1,2,55,1,1,1,1,40,3,1,8,1,1,4,1,"777777777777","777777777777","777777777777",1,0
21,210493,1,2,3,14,9,19,55,12,7,1,0,21,2,20,402,20402,14,1999,"2CNBJ18C3X69","2","C","N","B","J","1","8","C","3","X","6","9",0,0,0,"000000000","00000000000",0,0,0,1,0,0,0,0,0,0,0,998,0,1,1,5,6,2,12,0,0,0,1,21,42743,6,2,0,0,3,9,72,250,2,0,0,0,0,4,2015,1,2016,0,28,36,0,0,1,2,55,4,1,2,1,40,3,6,98,1,1,2,44,"777777777777","777777777777","777777777777",1,0
21,210493,2,2,4,14,9,19,55,12,7,1,1,21,2,37,31,37031,2,1995,"1HGEJ2227SL0","1","H","G","E","J","2","2","2","7","S","L","0",0,0,0,"000000000","00000000000",0,0,0,1,0,0,0,0,0,0,0,998,0,0,0,11,2,5,12,0,0,0,1,21,42718,0,0,0,0,0,0,999,999,99,99,99,99,99,99,9999,99,9999,0,0,0,0,0,1,2,55,4,1,2,1,40,3,14,98,99,1,1,45,"777777777777","777777777777","777777777777",0,0
21,210494,1,2,4,13,9,15,13,12,6,1,0,21,2,20,16,20016,2,1990,"1G1JC14G7LJ3","1","G","1","J","C","1","4","G","7","L","J","3",0,0,0,"000000000","00000000000",0,0,0,1,0,0,0,0,0,0,0,998,0,0,0,81,6,2,12,0,0,0,1,21,42103,6,1,0,0,3,0,70,340,1,0,0,0,0,9,2015,9,2015,4,39,0,0,0,1,2,99,9,9,9,99,20,3,1,17,98,1,1,87,"777777777777","777777777777","777777777777",1,0
21,210494,2,2,1,13,9,15,13,12,6,1,0,21,3,84,989,84989,50,2009,"4DRBUAAN89B0","4","D","R","B","U","A","A","N","8","9","B","0",0,0,88,"888888888","88888888888",2,21,22,1,0,0,0,0,1,2,0,998,0,0,0,12,4,5,12,0,0,0,1,21,42122,6,1,6,1,3,1,69,185,1,0,0,0,0,2,2016,2,2016,0,0,0,0,0,1,2,45,1,2,2,1,0,0,1,66,9,2,1,86,"777777777777","777777777777","777777777777",0,0
21,210495,1,1,2,4,9,1,36,8,0,1,0,18,1,35,32,35032,2,1995,"1N4AB42D5SC5","1","N","4","A","B","4","2","D","5","S","C","5",0,0,0,"000000000","00000000000",0,0,0,1,0,0,0,0,0,0,0,998,0,0,0,12,6,2,8,0,0,0,1,21,40212,6,1,0,0,3,0,73,215,0,0,0,0,1,11,2012,11,2012,0,0,0,0,0,2,2,35,1,1,2,1,2,3,1,80,1,1,1,13,"777777777777","777777777777","777777777777",0,0
21,210496,1,1,1,16,9,11,41,30,0,1,0,21,2,12,4,12004,2,1996,"1FALP6246TH1","1","F","A","L","P","6","2","4","6","T","H","1",0,0,0,"000000000","00000000000",0,0,0,1,0,0,0,0,0,0,0,65,0,0,0,9,6,2,30,0,0,0,1,21,42029,1,1,0,0,2,1,68,154,1,2,1,1,0,4,2012,4,2016,3,6,0,0,0,1,2,55,1,2,7,1,0,0,1,13,1,1,4,1,"777777777777","777777777777","777777777777",1,1
21,210497,1,3,1,16,9,11,46,12,2,1,0,21,3,86,884,86884,63,2015,"1M2AV02C0FM0","1","M","2","A","V","0","2","C","0","F","M","0",0,0,77,"777777777","77777777777",3,2,7,1,0,0,0,0,0,0,0,998,0,1,5,12,6,2,12,0,0,0,1,21,40324,6,1,6,0,3,0,77,320,2,0,0,0,0,11,2014,4,2016,0,58,0,0,0,1,2,55,1,3,2,1,40,3,1,13,6,1,2,50,"777777777777","777777777777","777777777777",0,0
21,210497,2,3,1,16,9,11,46,12,2,1,0,21,3,87,884,87884,63,2003,"1NPZLT0X63D7","1","N","P","Z","L","T","0","X","6","3","D","7",0,0,77,"777777777","77777777777",3,2,7,1,0,0,0,0,0,0,0,998,0,0,0,12,6,2,12,0,0,0,1,21,41040,6,1,6,0,3,0,67,115,1,0,0,1,1,8,2012,3,2014,0,0,0,0,0,1,2,55,1,3,2,1,40,3,1,62,7,1,2,51,"777777777777","777777777777","777777777777",0,0
21,210497,3,3,1,16,9,11,46,12,2,1,0,21,1,20,37,20037,4,2015,"1G11C5SL0FF3","1","G","1","1","C","5","S","L","0","F","F","3",0,0,0,"000000000","00000000000",0,0,0,1,0,0,0,0,0,0,0,998,0,0,0,98,6,2,38,0,0,0,1,21,40324,6,1,0,0,3,0,65,315,1,0,0,1,0,6,2012,7,2012,0,0,0,0,0,1,2,55,1,3,2,1,40,3,1,62,98,1,1,98,"777777777777","777777777777","777777777777",1,0
21,210498,1,1,1,16,9,18,50,14,0,1,0,21,2,52,34,52034,4,2009,"4A3AB56F69E0","4","A","3","A","B","5","6","F","6","9","E","0",0,0,0,"000000000","00000000000",0,0,0,1,0,0,0,0,0,0,0,998,0,0,0,12,6,2,8,0,0,1,1,21,40108,1,1,0,0,2,0,69,175,0,0,0,0,0,0,0,0,0,0,0,0,0,0,2,2,70,1,1,2,1,0,0,1,11,16,2,4,11,"777777777777","777777777777","777777777777",0,1
21,210499,1,1,3,17,9,4,55,34,0,1,1,21,2,12,401,12401,14,1994,"1FMDU32X9RUD","1","F","M","D","U","3","2","X","9","R","U","D",0,0,0,"000000000","00000000000",0,0,0,1,0,0,0,0,0,0,0,998,0,0,0,81,6,2,34,0,0,0,1,21,42240,0,0,0,0,0,0,68,160,0,0,0,0,0,0,0,0,0,0,58,91,0,0,1,2,55,4,2,2,1,40,3,14,13,98,1,4,1,"777777777777","777777777777","777777777777",1,0
21,210500,1,1,2,17,9,22,10,24,0,1,0,21,2,51,43,51043,6,2000,"YV1LZ56D1Y26","Y","V","1","L","Z","5","6","D","1","Y","2","6",0,0,0,"000000000","00000000000",0,0,0,1,0,0,0,0,0,0,0,998,0,1,5,12,6,2,35,0,0,0,1,21,41701,6,1,0,0,3,0,66,185,1,0,0,0,0,8,2015,8,2015,0,58,0,0,0,1,3,55,1,2,2,2,0,0,1,13,15,9,4,1,"777777777777","777777777777","777777777777",1,1
21,210501,1,2,1,18,9,11,50,12,6,1,0,21,1,37,402,37402,14,2007,"JHLRE38317C0","J","H","L","R","E","3","8","3","1","7","C","0",0,0,0,"000000000","00000000000",0,0,0,1,0,0,0,0,0,0,0,998,0,0,0,12,4,3,12,0,0,0,1,21,40160,6,1,0,0,3,0,64,150,0,0,0,0,0,0,0,0,0,0,38,0,0,0,5,5,45,1,1,2,1,40,3,11,15,1,1,1,68,"777777777777","777777777777","777777777777",0,0
21,210501,2,2,1,18,9,11,50,12,6,1,0,21,1,73,706,73706,80,2000,"JKBVNAL17YA0","J","K","B","V","N","A","L","1","7","Y","A","0",0,0,0,"000000000","00000000000",0,0,0,1,0,0,0,0,0,0,0,998,0,0,0,9,6,2,12,0,0,0,1,21,40258,6,1,0,0,3,0,65,142,0,1,1,1,1,6,2014,10,2015,0,0,0,0,0,5,5,45,1,1,2,1,40,3,1,62,16,1,1,69,"777777777777","777777777777","777777777777",1,0
21,210502,1,2,1,18,9,16,50,12,2,1,0,21,2,55,33,55033,4,2012,"5NPEB4AC8CH4","5","N","P","E","B","4","A","C","8","C","H","4",0,0,0,"000000000","00000000000",0,0,0,1,0,0,0,0,0,0,0,50,0,0,0,12,2,5,12,0,0,0,1,21,42087,6,1,0,0,3,0,67,167,1,0,0,0,0,3,2012,3,2012,0,28,38,0,0,1,2,55,1,1,2,1,0,0,1,10,1,1,2,50,"777777777777","777777777777","777777777777",0,0
21,210502,2,2,1,18,9,16,50,12,2,1,0,21,1,72,706,72706,80,2007,"1HD1FC4197Y6","1","H","D","1","F","C","4","1","9","7","Y","6",0,0,0,"000000000","00000000000",0,0,0,1,0,0,0,0,0,0,0,50,0,0,0,12,6,2,12,0,0,0,1,21,42053,6,1,0,0,3,0,75,280,0,0,0,0,0,0,0,0,0,0,0,0,0,0,1,2,55,1,1,2,1,0,0,1,62,1,1,1,51,"777777777777","777777777777","777777777777",1,0
21,210503,1,1,1,19,9,6,55,38,0,1,0,48,3,34,706,34706,80,2015,"WB10B1109FZF","W","B","1","0","B","1","1","0","9","F","Z","F",0,0,0,"000000000","00000000000",0,0,0,1,0,0,0,0,0,0,0,998,0,0,0,12,6,2,38,0,0,0,1,21,40515,6,7,0,0,3,1,70,160,1,0,0,0,1,5,2015,9,2016,4,0,0,0,0,1,2,35,2,1,2,1,0,0,14,12,1,1,4,6,"777777777777","777777777777","777777777777",1,0
21,210504,1,2,1,19,9,8,55,12,2,1,0,21,1,20,16,20016,2,2003,"1G1JF12F5373","1","G","1","J","F","1","2","F","5","3","7","3",0,0,0,"000000000","00000000000",0,0,0,1,0,0,0,0,0,0,0,53,0,0,0,12,6,2,12,0,0,0,1,21,42333,6,1,0,0,3,0,66,150,1,0,0,0,0,8,2014,8,2014,0,28,0,0,0,1,2,55,2,2,2,1,40,3,14,10,1,1,2,50,"777777777777","777777777777","777777777777",1,0
21,210504,2,2,1,19,9,8,55,12,2,1,0,21,1,23,481,23481,31,2015,"3GTP1UEC4FG2","3","G","T","P","1","U","E","C","4","F","G","2",0,0,0,"000000000","00000000000",0,0,0,1,0,0,0,0,0,0,0,998,0,0,0,12,6,2,12,0,0,0,1,21,42330,6,1,0,0,3,1,72,250,0,0,0,0,0,0,0,0,0,0,0,0,0,0,1,2,55,3,2,2,1,40,3,14,62,7,1,1,51,"777777777777","777777777777","777777777777",0,0
21,210505,1,2,1,19,9,10,52,12,2,1,0,21,2,12,402,12402,14,2013,"1FMCU0HX6DUA","1","F","M","C","U","0","H","X","6","D","U","A",0,0,0,"000000000","00000000000",0,0,0,1,0,0,0,0,0,0,0,998,0,1,5,12,6,2,12,0,0,0,1,21,42743,6,2,0,0,3,0,69,245,0,0,0,0,0,0,0,0,0,0,58,0,0,0,1,2,55,1,1,2,1,0,0,1,13,8,2,2,50,"777777777777","777777777777","777777777777",1,0
21,210505,2,2,1,19,9,10,52,12,2,1,0,21,3,82,870,82870,62,2008,"4UZAARDU08CZ","4","U","Z","A","A","R","D","U","0","8","C","Z",0,0,57,"00265752","5700265752",2,1,1,1,0,0,0,0,0,0,0,998,7,0,0,12,6,2,12,0,0,0,1,21,42103,6,1,6,0,3,0,72,190,0,0,0,0,0,0,0,0,0,0,0,0,0,0,1,2,55,1,1,2,1,0,0,1,62,16,2,1,51,"777777777777","777777777777","777777777777",0,0
21,210506,1,1,1,19,9,22,13,14,0,1,0,21,1,7,422,7422,15,2011,"1D4RE2GG3BC7","1","D","4","R","E","2","G","G","3","B","C","7",0,0,0,"000000000","00000000000",0,0,0,1,0,0,0,0,0,0,0,998,0,9,9,81,6,2,8,0,0,0,1,21,40312,6,1,0,0,3,0,64,150,0,0,0,0,0,0,0,0,0,0,6,38,0,0,1,2,70,1,3,2,1,40,3,1,13,1,1,4,98,"777777777777","777777777777","777777777777",0,0
21,210507,1,2,1,20,9,9,1,12,2,1,0,21,2,6,441,6441,20,2006,"1A4GP45R16B5","1","A","4","G","P","4","5","R","1","6","B","5",0,0,0,"000000000","00000000000",0,0,0,1,0,0,0,0,0,0,0,998,0,0,0,12,6,2,12,0,0,0,1,21,42127,6,1,8,0,3,0,70,190,2,0,0,0,0,9,2015,12,2015,0,28,36,0,0,1,2,55,1,1,2,1,40,3,99,10,98,1,2,52,"777777777777","777777777777","777777777777",1,0
21,210507,2,2,1,20,9,9,1,12,2,1,0,21,1,2,403,2403,14,2012,"1C4AJWAG5CL2","1","C","4","A","J","W","A","G","5","C","L","2",0,0,0,"000000000","00000000000",0,0,0,1,0,0,0,0,0,0,0,998,0,9,9,12,6,2,12,0,0,0,1,21,42171,6,1,0,0,3,1,62,300,0,0,0,0,0,0,0,0,0,0,0,0,0,0,1,2,55,1,1,2,1,40,3,1,62,11,1,2,52,"777777777777","777777777777","777777777777",0,0
21,210508,1,2,1,20,9,13,0,12,6,1,0,21,1,20,401,20401,14,2004,"1GNDT13S7423","1","G","N","D","T","1","3","S","7","4","2","3",0,0,0,"000000000","00000000000",0,0,0,1,0,0,0,0,0,0,0,25,0,0,0,12,6,2,12,0,0,0,1,21,41097,6,1,0,0,3,0,72,240,2,0,0,0,0,1,2013,6,2016,0,8,0,0,0,0,0,0,0,0,0,0,0,0,98,98,1,1,7,98,"777777777777","777777777777","777777777777",1,0
21,210508,2,2,1,20,9,13,0,12,6,1,0,21,1,49,44,49044,2,2005,"4T1CE38P25U9","4","T","1","C","E","3","8","P","2","5","U","9",0,0,0,"000000000","00000000000",0,0,0,1,0,0,0,0,0,0,0,45,0,0,0,83,6,2,12,0,0,0,1,21,41015,6,1,0,0,3,1,61,120,0,0,0,0,0,0,0,0,0,0,0,0,0,0,1,2,45,3,1,2,1,0,0,14,73,6,1,1,98,"777777777777","777777777777","777777777777",0,0
21,210509,1,1,1,19,9,18,2,42,0,1,0,21,1,24,1,24001,4,1999,"1G8ZF5285XZ1","1","G","8","Z","F","5","2","8","5","X","Z","1",0,0,0,"000000000","00000000000",0,0,0,1,0,0,0,0,0,0,0,998,0,0,0,81,6,2,42,0,0,0,1,21,40037,6,1,0,0,3,0,69,175,0,0,0,0,0,0,0,0,0,0,6,58,0,0,1,2,55,4,2,2,1,0,0,14,12,6,4,4,7,"777777777777","777777777777","777777777777",1,1
21,210510,1,3,1,21,9,7,0,12,1,1,0,21,1,34,401,34401,14,2013,"5UXZV4C5XD0G","5","U","X","Z","V","4","C","5","X","D","0","G",0,0,0,"000000000","00000000000",0,0,0,1,0,0,0,0,0,0,0,998,0,0,0,12,6,2,12,0,0,0,1,21,40245,6,1,0,0,3,1,75,215,0,0,0,0,0,0,0,0,0,0,6,0,0,0,3,3,65,1,1,2,1,0,0,1,52,16,2,1,28,"777777777777","777777777777","777777777777",0,0
21,210510,2,3,2,21,9,7,0,12,1,1,0,21,1,12,24,12024,6,2007,"2FMDK48CX7BB","2","F","M","D","K","4","8","C","X","7","B","B",0,0,0,"000000000","00000000000",0,0,0,1,0,0,0,0,0,0,0,998,0,0,0,6,6,2,12,0,0,0,1,21,40245,6,1,0,0,3,1,70,175,1,0,0,0,0,3,2013,3,2013,0,0,0,0,0,3,3,65,1,1,2,1,0,0,2,53,1,1,1,29,"777777777777","777777777777","777777777777",1,1
21,210510,3,3,1,21,9,7,0,12,1,1,0,21,1,42,42,42042,4,2005,"WDBRF40J65A6","W","D","B","R","F","4","0","J","6","5","A","6",0,0,0,"000000000","00000000000",0,0,0,1,0,0,0,0,0,0,0,998,0,0,0,6,6,2,12,0,0,0,1,21,40026,6,1,0,0,3,1,74,200,2,0,0,0,0,11,2013,4,2014,0,0,0,0,0,3,3,65,1,1,2,1,0,0,2,53,16,1,1,98,"777777777777","777777777777","777777777777",0,0
21,210511,1,2,1,17,9,6,6,12,2,1,0,21,1,12,481,12481,31,2011,"1FTBF2BT8BEA","1","F","T","B","F","2","B","T","8","B","E","A",0,0,0,"000000000","00000000000",0,0,0,1,0,0,0,0,0,0,0,45,0,0,0,12,6,2,12,0,0,0,1,21,42330,6,1,0,0,3,0,71,150,0,1,1,0,0,8,2014,8,2014,0,28,0,0,0,1,2,45,1,1,2,2,0,0,1,10,1,1,2,50,"777777777777","777777777777","777777777777",0,0
21,210511,2,2,1,17,9,6,6,12,2,1,0,21,1,12,17,12017,4,2000,"1FAFP55U1YA1","1","F","A","F","P","5","5","U","1","Y","A","1",0,0,0,"000000000","00000000000",0,0,0,1,0,0,0,0,0,0,0,40,0,0,0,12,6,2,12,0,0,0,1,21,42376,6,1,8,0,3,0,73,215,0,0,0,0,0,0,0,0,0,0,0,0,0,0,1,2,45,1,1,2,2,0,0,1,62,1,1,1,51,"777777777777","777777777777","777777777777",1,0
21,210512,1,1,2,18,9,1,31,8,0,1,0,21,1,2,405,2405,14,2004,"1J4GL48K34W2","1","J","4","G","L","4","8","K","3","4","W","2",0,0,0,"000000000","00000000000",0,0,0,1,0,0,0,0,0,0,0,998,0,0,0,12,4,3,8,0,0,0,1,21,40509,6,1,0,0,3,0,69,200,1,0,0,0,0,6,2016,6,2016,0,0,0,0,0,3,3,45,3,1,2,2,3,3,14,80,8,2,3,13,"777777777777","777777777777","777777777777",0,0
21,210513,1,1,1,22,9,7,53,1,0,1,0,21,1,20,401,20401,14,2002,"1GNDT13S5223","1","G","N","D","T","1","3","S","5","2","2","3",0,0,0,"000000000","00000000000",0,0,0,1,0,0,0,0,0,0,0,998,0,2,3,0,6,2,1,0,0,0,1,21,42442,6,1,0,0,3,0,64,230,2,0,0,1,0,12,2011,8,2013,0,0,0,0,0,2,2,70,1,1,2,1,0,0,1,12,98,1,4,6,"777777777777","777777777777","777777777777",1,0
21,210514,1,1,1,23,9,22,7,35,0,1,0,21,1,72,706,72706,80,2006,"1HD1FCW166Y6","1","H","D","1","F","C","W","1","6","6","Y","6",0,0,0,"000000000","00000000000",0,0,0,1,0,0,0,0,0,0,0,60,0,0,0,12,6,2,35,0,0,0,1,21,42436,6,1,0,0,3,1,74,246,0,0,0,0,0,0,0,0,0,0,58,0,0,0,1,2,55,1,1,2,1,40,3,1,13,16,2,4,1,"777777777777","777777777777","777777777777",1,0
21,210515,1,1,1,22,9,21,19,8,0,1,0,21,1,12,402,12402,14,2012,"1FMCU0C7XCKA","1","F","M","C","U","0","C","7","X","C","K","A",0,0,0,"000000000","00000000000",0,0,0,1,0,0,0,0,0,0,0,998,0,0,0,12,4,5,8,0,0,0,1,21,40299,6,1,0,0,3,0,67,240,0,0,0,0,0,0,0,0,0,0,0,0,0,0,5,4,45,1,1,2,1,40,3,1,80,1,1,1,13,"777777777777","777777777777","777777777777",0,0
21,210516,1,2,2,25,9,12,42,12,7,1,0,18,1,72,706,72706,80,1997,"1HD1BJL42VY0","1","H","D","1","B","J","L","4","2","V","Y","0",0,0,0,"000000000","00000000000",0,0,0,1,0,0,0,0,0,0,0,998,0,0,0,81,2,3,12,0,0,0,1,18,47933,6,1,0,0,3,0,74,135,0,0,0,1,0,9,2014,9,2014,0,28,0,0,0,2,2,55,1,1,2,1,0,0,1,11,98,1,2,44,"777777777777","777777777777","777777777777",1,0
21,210516,2,2,1,25,9,12,42,12,7,1,0,12,3,87,884,87884,66,2017,"1XPBD49X7HD4","1","X","P","B","D","4","9","X","7","H","D","4",1,1,57,"00123611","5700123611",3,6,2,1,0,0,0,0,0,0,0,998,0,0,0,63,2,5,12,0,0,0,1,13,31730,6,1,0,0,3,1,65,170,98,0,0,0,0,0,0,0,0,0,0,0,0,0,2,2,55,1,1,2,1,0,0,1,60,1,1,1,45,"888888888888","777777777777","777777777777",0,0
21,210517,1,2,4,26,9,19,29,12,1,1,0,21,1,52,402,52402,14,2004,"4A4MN21S34E0","4","A","4","M","N","2","1","S","3","4","E","0",0,0,0,"000000000","00000000000",0,0,0,1,0,0,0,0,0,0,0,998,0,1,9,12,6,2,12,0,0,0,1,21,41339,6,1,0,0,3,1,66,125,0,0,0,0,0,0,0,0,0,0,0,0,0,0,2,2,70,1,5,2,1,0,0,1,52,1,1,1,28,"777777777777","777777777777","777777777777",1,0
21,210517,2,2,2,26,9,19,29,12,1,1,0,21,1,18,2,18002,4,1998,"1G4HP52K8WH4","1","G","4","H","P","5","2","K","8","W","H","4",0,0,0,"000000000","00000000000",0,0,0,1,0,0,0,0,0,0,0,998,0,0,0,6,6,2,12,0,0,0,1,21,40312,6,1,0,0,3,0,63,110,0,0,0,0,0,0,0,0,0,0,0,0,0,0,2,2,70,1,1,2,1,0,0,2,53,1,1,1,29,"777777777777","777777777777","777777777777",1,0
21,210518,1,3,2,24,9,0,23,12,8,1,0,21,2,7,24,7024,4,2010,"2B3CA3CV6AH1","2","B","3","C","A","3","C","V","6","A","H","1",0,0,0,"000000000","00000000000",0,0,0,1,0,0,0,0,0,0,0,998,0,0,0,62,6,2,12,0,0,0,1,21,40203,6,7,0,0,2,0,67,280,0,0,0,0,0,0,0,0,0,4,28,0,0,0,1,4,35,2,1,2,1,0,0,14,6,98,1,2,64,"777777777777","777777777777","777777777777",1,0
21,210518,2,3,1,24,9,0,23,12,8,1,0,21,1,12,402,12402,14,2015,"1FMCU0F74FUB","1","F","M","C","U","0","F","7","4","F","U","B",0,0,0,"000000000","00000000000",0,0,0,1,0,0,0,0,0,0,0,998,0,0,0,63,4,5,12,0,0,0,1,21,40214,6,1,0,0,3,0,66,162,0,0,0,0,0,0,0,0,0,0,0,0,0,0,1,4,35,3,1,2,1,0,0,14,62,1,1,1,65,"777777777777","777777777777","777777777777",0,0
21,210518,3,3,2,24,9,0,23,12,8,1,0,21,1,20,473,20473,30,2008,"1GCCS33E8882","1","G","C","C","S","3","3","E","8","8","8","2",0,0,0,"000000000","00000000000",0,0,0,1,0,0,0,0,0,0,0,998,0,0,0,12,6,2,12,0,0,0,1,21,40216,6,1,0,0,3,0,70,135,0,0,0,0,0,0,0,0,0,0,0,0,0,0,1,4,35,3,1,2,1,0,0,14,62,1,1,1,98,"777777777777","777777777777","777777777777",0,0
21,210519,1,1,2,27,9,20,39,42,0,1,0,21,3,58,35,58035,4,1997,"JNKCA21D8VT5","J","N","K","C","A","2","1","D","8","V","T","5",0,0,0,"000000000","00000000000",0,0,0,1,0,0,0,0,0,0,0,998,0,1,5,98,6,2,1,0,0,0,1,21,41721,6,1,0,0,3,0,66,200,0,0,0,0,0,0,0,0,0,0,0,0,0,0,1,2,55,1,1,2,1,0,0,1,12,1,1,4,6,"777777777777","777777777777","777777777777",1,1
21,210520,1,2,2,26,9,18,36,12,7,1,0,21,1,49,401,49401,14,1988,"JT4RN63A5J02","J","T","4","R","N","6","3","A","5","J","0","2",0,0,0,"000000000","00000000000",0,0,0,1,0,0,0,0,0,0,0,998,0,1,1,61,6,2,99,0,0,0,1,21,41743,6,1,0,0,3,0,62,115,0,0,0,0,0,0,0,0,0,0,28,58,0,0,2,2,55,1,2,2,1,0,0,6,9,98,9,2,47,"777777777777","777777777777","777777777777",1,0
21,210520,2,2,2,26,9,18,36,12,7,1,0,21,1,12,471,12471,30,2000,"1FTYR11V3YTB","1","F","T","Y","R","1","1","V","3","Y","T","B",0,0,0,"000000000","00000000000",0,0,0,1,0,0,0,0,0,0,0,998,0,0,0,82,2,5,12,0,0,0,1,21,41712,6,1,0,0,3,0,67,185,0,0,0,1,0,4,2015,4,2015,0,0,0,0,0,2,2,55,1,2,2,1,0,0,1,61,1,1,1,45,"777777777777","777777777777","777777777777",0,0
21,210521,1,1,3,28,9,3,30,38,0,1,0,21,1,7,472,7472,30,1993,"1B7GG26XXPS1","1","B","7","G","G","2","6","X","X","P","S","1",0,0,0,"000000000","00000000000",0,0,0,1,0,0,0,0,0,0,0,50,0,0,0,12,6,2,38,0,0,0,1,21,40379,6,7,0,0,3,1,73,260,0,0,0,0,0,0,0,0,0,0,0,0,0,0,1,2,55,3,6,2,1,0,0,14,13,6,1,4,1,"777777777777","777777777777","777777777777",1,1
21,210522,1,1,1,30,9,20,14,1,0,1,0,21,2,37,706,37706,80,2002,"JH2RC430X2M8","J","H","2","R","C","4","3","0","X","2","M","8",0,0,0,"000000000","00000000000",0,0,0,1,0,0,0,0,0,0,0,998,0,0,0,0,6,2,30,0,0,0,1,21,40824,1,1,0,0,2,0,72,195,0,3,2,2,0,3,2013,8,2016,0,0,0,0,0,1,2,55,2,1,2,1,0,0,14,12,1,1,4,6,"777777777777","777777777777","777777777777",1,1
21,210523,1,1,1,30,9,20,50,8,0,1,1,99,9,99,999,99999,99,9999,"999999999999","9","9","9","9","9","9","9","9","9","9","9","9",9,0,99,"999999999","99999999999",9,99,99,1,0,0,0,0,99,99,9,999,0,0,0,98,9,5,8,0,0,0,1,99,99999,9,9,99,9,9,9,999,999,99,99,99,99,99,99,9999,99,9999,9,99,99,99,99,1,2,25,4,1,2,2,0,0,14,80,99,9,9,13,"777777777777","777777777777","777777777777",0,0
21,210524,1,3,1,29,9,20,23,12,6,1,0,18,1,37,32,37032,2,1995,"1HGCD715XSA0","1","H","G","C","D","7","1","5","X","S","A","0",0,0,0,"000000000","00000000000",0,0,0,1,0,0,0,0,0,0,0,72,0,1,1,12,6,2,12,0,0,0,1,18,46140,6,1,0,0,3,0,73,180,0,0,0,1,0,9,2013,9,2013,3,51,0,0,0,1,2,55,1,2,2,1,40,3,6,54,16,2,1,66,"777777777777","777777777777","777777777777",1,1