"STATE","ST_CASE","VEH_NO","VE_FORMS","NUMOCCS","DAY","MONTH","HOUR","MINUTE","HARM_EV","MAN_COLL","UNITTYPE","HIT_RUN","REG_STAT","OWNER","MAKE","MODEL","MAK_MOD","BODY_TYP","MOD_YEAR","VIN","VIN_1","VIN_2","VIN_3","VIN_4","VIN_5","VIN_6","VIN_7","VIN_8","VIN_9","VIN_10","VIN_11","VIN_12","TOW_VEH","J_KNIFE","MCARR_I1","MCARR_I2","MCARR_ID","GVWR","V_CONFIG","CARGO_BT","HAZ_INV","HAZ_PLAC","HAZ_ID","HAZ_CNO","HAZ_REL","BUS_USE","SPEC_USE","EMER_USE","TRAV_SP","UNDERIDE","ROLLOVER","ROLINLOC","IMPACT1","DEFORMED","TOWED","M_HARM","VEH_SC1","VEH_SC2","FIRE_EXP","DR_PRES","L_STATE","DR_ZIP","L_STATUS","L_TYPE","CDL_STAT","L_ENDORS","L_COMPL","L_RESTRI","DR_HGT","DR_WGT","PREV_ACC","PREV_SUS","PREV_DWI","PREV_SPD","PREV_OTH","FIRST_MO","FIRST_YR","LAST_MO","LAST_YR","SPEEDREL","DR_SF1","DR_SF2","DR_SF3","DR_SF4","VTRAFWAY","VNUM_LAN","VSPD_LIM","VALIGN","VPROFILE","VPAVETYP","VSURCOND","VTRAFCON","VTCONT_F","P_CRASH1","P_CRASH2","P_CRASH3","PCRASH4","PCRASH5","ACC_TYPE","TRLR1VIN","TRLR2VIN","TRLR3VIN","DEATHS","DR_DRINK"
21,210592,1,2,2,20,10,12,50,12,6,1,0,21,2,14,443,14443,20,2002,"4M2ZV11T22DJ","4","M","2","Z","V","1","1","T","2","2","D","J",0,0,0,"000000000","00000000000",0,0,0,1,0,0,0,0,0,0,0,998,0,0,0,81,6,2,12,0,0,0,1,21,40437,6,1,0,0,3,1,69,250,0,0,0,0,0,0,0,0,0,0,28,0,0,0,1,2,55,1,1,2,1,0,0,1,10,98,9,2,64,"777777777777","777777777777","777777777777",1,0
21,210592,2,2,1,20,10,12,50,12,6,1,0,21,2,20,444,20444,20,2006,"1GNDV23L46D1","1","G","N","D","V","2","3","L","4","6","D","1",0,0,0,"000000000","00000000000",0,0,0,1,0,0,0,0,0,0,0,998,0,0,0,12,6,2,12,0,0,0,1,21,40484,6,1,0,0,3,0,65,150,0,0,0,1,0,3,2014,3,2014,0,99,99,99,99,1,2,55,1,1,2,1,0,0,1,62,1,1,1,65,"777777777777","777777777777","777777777777",0,0
21,210593,1,2,1,22,10,5,21,8,0,1,1,21,2,20,481,20481,31,1999,"1GCEC19R0XR1","1","G","C","E","C","1","9","R","0","X","R","1",0,0,0,"000000000","00000000000",0,0,0,1,0,0,0,0,0,0,0,998,0,0,0,12,6,2,8,0,0,0,1,21,40219,0,0,0,0,0,0,999,999,0,0,0,0,0,0,0,0,0,0,0,0,0,0,1,4,45,1,2,2,1,40,3,1,80,1,1,1,13,"777777777777","777777777777","777777777777",0,0
21,210593,2,2,0,22,10,5,21,8,0,1,0,21,6,7,25,7025,5,2007,"1B3HB48B57D5","1","B","3","H","B","4","8","B","5","7","D","5",0,0,0,"000000000","00000000000",0,0,0,1,0,0,0,0,0,0,0,0,0,0,0,81,6,2,12,0,0,0,0,0,99997,7,6,97,7,6,7,998,997,998,998,998,998,998,98,9998,98,9998,8,0,0,0,0,1,4,45,1,2,2,1,40,3,0,98,0,0,0,98,"777777777777","777777777777","777777777777",0,0
21,210594,1,1,1,22,10,19,6,41,0,1,0,21,1,7,482,7482,31,1994,"1B7KC26Z2RS5","1","B","7","K","C","2","6","Z","2","R","S","5",0,0,0,"000000000","00000000000",0,0,0,1,0,0,0,0,0,0,0,58,0,0,0,12,6,2,42,0,0,0,1,21,42211,6,1,0,0,3,2,68,212,0,0,0,0,0,0,0,0,0,0,74,0,0,0,1,2,55,4,2,2,1,0,0,14,6,1,1,4,6,"777777777777","777777777777","777777777777",1,1
21,210595,1,1,4,22,10,22,15,42,0,1,0,21,1,7,29,7029,4,2013,"1C3CDFBA3DD2","1","C","3","C","D","F","B","A","3","D","D","2",0,0,0,"000000000","00000000000",0,0,0,1,0,0,0,0,0,0,0,55,0,0,0,98,6,2,42,0,0,0,1,21,40245,6,1,0,0,3,1,71,180,2,0,0,0,0,1,2016,6,2016,0,0,0,0,0,1,2,35,4,2,2,1,0,0,14,6,1,1,4,1,"777777777777","777777777777","777777777777",2,0
21,210596,1,2,2,24,10,16,43,12,6,1,0,21,2,49,43,49043,4,2002,"4T1BF28B52U2","4","T","1","B","F","2","8","B","5","2","U","2",0,0,0,"000000000","00000000000",0,0,0,1,0,0,0,0,0,0,0,998,0,0,0,1,2,3,12,0,0,0,1,21,40216,6,7,0,0,2,2,65,135,0,0,0,0,0,0,0,0,0,0,38,73,0,0,1,2,45,1,2,2,1,0,0,11,15,16,1,1,68,"777777777777","777777777777","777777777777",0,0
21,210596,2,2,1,24,10,16,43,12,6,1,0,21,1,73,706,73706,80,2000,"JKBVNCA12YB5","J","K","B","V","N","C","A","1","2","Y","B","5",0,0,0,"000000000","00000000000",0,0,0,1,0,0,0,0,0,0,0,998,0,0,0,12,2,3,12,0,0,0,1,21,40258,6,1,0,0,2,0,67,260,2,0,0,0,0,12,2012,12,2014,0,0,0,0,0,1,2,45,1,2,2,1,0,0,1,62,15,2,1,69,"777777777777","777777777777","777777777777",1,0
21,210597,1,1,1,25,10,21,1,14,0,1,0,47,3,51,881,51881,66,2016,"4V4NC9EH8GN9","4","V","4","N","C","9","E","H","8","G","N","9",1,1,57,"00912915","5700912915",3,6,1,1,0,0,0,0,0,0,0,998,0,1,5,1,6,2,1,0,0,0,1,47,37013,6,1,0,0,3,0,69,145,0,0,0,3,0,10,2011,10,2016,0,0,0,0,0,2,2,70,1,1,2,1,0,0,1,11,1,1,4,11,"888888888888","777777777777","777777777777",1,0
21,210598,1,2,1,26,10,9,55,12,6,1,0,21,2,22,20,22020,4,2005,"2G2WP5223512","2","G","2","W","P","5","2","2","3","5","1","2",0,0,0,"000000000","00000000000",0,0,0,1,0,0,0,0,0,0,0,35,0,0,0,81,6,2,12,0,0,0,1,21,42001,6,1,0,0,3,0,72,148,0,0,0,1,0,9,2015,9,2015,0,0,0,0,0,1,2,35,1,1,2,1,0,0,1,9,1,2,2,64,"777777777777","777777777777","777777777777",1,0
21,210598,2,2,2,26,10,9,55,12,6,1,0,21,2,20,481,20481,31,2014,"3GCUKREC6EG2","3","G","C","U","K","R","E","C","6","E","G","2",0,0,0,"000000000","00000000000",0,0,0,1,0,0,0,0,0,0,0,35,0,0,0,12,6,2,12,0,0,0,1,21,42027,6,1,0,0,3,0,72,140,0,0,0,0,0,0,0,0,0,0,0,0,0,0,1,2,35,1,1,2,1,0,0,1,62,16,1,1,65,"777777777777","777777777777","777777777777",0,0
21,210599,1,1,1,26,10,13,23,1,0,1,0,21,1,20,9,20009,2,2001,"2G1FP22G6121","2","G","1","F","P","2","2","G","6","1","2","1",0,0,0,"000000000","00000000000",0,0,0,1,0,0,0,0,0,0,0,998,0,1,5,0,6,2,1,0,0,0,1,21,42275,6,1,0,0,3,0,68,155,0,0,0,0,0,0,0,0,0,0,0,0,0,0,1,2,55,3,2,2,1,40,3,14,6,1,1,4,1,"777777777777","777777777777","777777777777",1,0
21,210600,1,2,3,28,10,16,53,12,6,1,0,0,0,99,739,99739,90,9999,"888888888888","8","8","8","8","8","8","8","8","8","8","8","8",0,0,0,"000000000","00000000000",0,0,0,1,0,0,0,0,0,0,0,998,0,0,0,3,6,2,12,0,0,1,1,21,42728,0,0,0,0,1,0,999,999,0,0,0,0,0,0,0,0,0,0,39,0,0,0,1,2,55,1,1,2,1,20,3,1,17,1,1,1,87,"777777777777","777777777777","777777777777",3,0
21,210600,2,2,1,28,10,16,53,12,6,1,0,21,3,12,481,12481,31,2004,"1FTNX21S74EC","1","F","T","N","X","2","1","S","7","4","E","C",0,0,0,"000000000","00000000000",0,0,0,1,0,0,0,0,0,0,0,998,0,0,0,12,6,2,12,0,0,0,1,21,42753,6,1,0,0,3,0,74,360,1,0,0,0,0,1,2012,1,2012,0,0,0,0,0,1,2,55,1,1,2,1,0,0,1,66,9,1,1,86,"777777777777","777777777777","777777777777",0,0
21,210601,1,1,1,27,10,13,55,42,0,1,0,21,2,7,402,7402,14,2003,"1D4HR48Z43F6","1","D","4","H","R","4","8","Z","4","3","F","6",0,0,0,"000000000","00000000000",0,0,0,1,0,0,0,0,0,0,0,998,0,0,0,12,6,2,42,0,0,0,1,21,40336,6,1,0,0,3,0,71,185,0,2,0,0,3,2,2013,10,2015,0,0,0,0,0,1,2,55,1,1,2,1,0,0,1,12,1,1,4,6,"777777777777","777777777777","777777777777",1,0
21,210602,1,1,1,29,10,2,34,33,0,1,0,21,1,7,24,7024,4,2010,"2B3CA3CV6AH3","2","B","3","C","A","3","C","V","6","A","H","3",0,0,0,"000000000","00000000000",0,0,0,1,0,0,0,0,0,0,0,998,0,0,0,12,6,2,8,0,0,0,1,21,40514,6,1,0,0,3,0,71,250,2,2,1,1,1,1,2012,2,2016,0,91,0,0,0,4,2,35,3,1,2,1,0,0,14,9,98,2,4,7,"777777777777","777777777777","777777777777",0,1
21,210603,1,1,1,29,10,10,40,33,0,1,0,21,2,20,2,20002,4,2008,"2G1WT58K7812","2","G","1","W","T","5","8","K","7","8","1","2",0,0,0,"000000000","00000000000",0,0,0,1,0,0,0,0,0,0,0,55,0,0,0,12,6,2,42,0,0,0,1,21,42071,6,1,0,0,3,0,72,155,1,0,0,0,0,11,2015,11,2015,0,0,0,0,0,1,2,35,1,1,2,1,40,3,1,12,1,1,4,6,"777777777777","777777777777","777777777777",1,0
21,210604,1,2,3,29,10,21,59,12,2,1,0,21,2,59,34,59034,4,1998,"JT8BD68S0W00","J","T","8","B","D","6","8","S","0","W","0","0",0,0,0,"000000000","00000000000",0,0,0,1,0,0,0,0,0,0,0,998,0,0,0,12,6,2,12,0,0,0,1,21,63385,6,1,0,0,3,0,70,115,0,0,0,0,0,0,0,0,0,0,38,0,0,0,1,3,35,1,1,2,1,3,3,11,15,1,1,1,68,"777777777777","777777777777","777777777777",0,0
21,210604,2,2,2,29,10,21,59,12,2,1,0,21,1,72,706,72706,80,2017,"1HD1ELL13HY1","1","H","D","1","E","L","L","1","3","H","Y","1",0,0,0,"000000000","00000000000",0,0,0,1,0,0,0,0,0,0,0,998,0,0,0,12,6,2,12,0,0,0,1,21,40014,6,1,0,0,2,0,66,150,0,0,0,0,0,0,0,0,0,3,0,0,0,0,1,2,35,1,1,2,1,3,3,1,62,1,1,1,69,"777777777777","777777777777","777777777777",1,1
21,210605,1,1,1,30,10,2,51,8,0,1,0,21,2,6,54,6054,6,2006,"2A4GM68456R7","2","A","4","G","M","6","8","4","5","6","R","7",0,0,0,"000000000","00000000000",0,0,0,1,0,0,0,0,0,0,0,43,0,0,0,12,4,3,8,0,0,0,1,21,40065,1,7,0,0,2,0,72,215,0,0,0,0,0,0,0,0,0,0,0,0,0,0,1,2,45,1,1,2,1,0,0,1,80,98,1,1,13,"777777777777","777777777777","777777777777",0,0
21,210606,1,1,1,30,10,5,46,14,0,1,0,21,1,6,441,6441,20,2008,"2A8HR54P48R7","2","A","8","H","R","5","4","P","4","8","R","7",0,0,0,"000000000","00000000000",0,0,0,1,0,0,0,0,0,0,0,998,0,0,0,1,6,2,14,0,0,0,1,21,41011,6,1,0,0,3,0,66,140,0,0,0,0,0,0,0,0,0,0,0,0,0,0,2,4,65,1,1,2,1,0,0,1,11,1,1,4,11,"777777777777","777777777777","777777777777",0,1
21,210607,1,2,2,31,10,3,19,12,2,1,0,21,3,12,881,12881,62,2015,"3FRNX6FC7FV7","3","F","R","N","X","6","F","C","7","F","V","7",0,0,57,"01103817","5701103817",2,2,3,1,0,0,0,0,0,0,0,998,7,0,0,12,6,2,12,0,0,0,1,21,42101,6,1,0,0,3,0,70,200,2,0,0,0,1,2,2014,4,2016,0,28,0,0,0,1,5,55,1,1,2,1,40,3,1,10,1,1,2,50,"777777777777","777777777777","777777777777",0,0
21,210607,2,2,2,31,10,3,19,12,2,1,0,28,2,22,441,22441,20,2005,"1GMDV33L65D2","1","G","M","D","V","3","3","L","6","5","D","2",0,0,0,"000000000","00000000000",0,0,0,1,0,0,0,0,0,0,0,998,0,0,0,12,6,2,12,0,0,0,1,21,42101,9,9,99,9,9,9,999,999,99,99,99,99,99,99,9999,99,9999,0,0,0,0,0,1,5,55,1,1,2,1,0,0,1,62,1,1,1,51,"777777777777","777777777777","777777777777",1,0
21,210608,1,1,2,31,10,12,53,42,0,1,0,21,2,20,4,20004,2,1999,"1G1YY12G6X51","1","G","1","Y","Y","1","2","G","6","X","5","1",0,0,0,"000000000","00000000000",0,0,0,1,0,0,0,0,0,0,0,80,0,0,0,12,6,2,42,0,0,0,1,21,41005,6,1,0,0,3,1,73,140,0,0,0,1,0,2,2016,2,2016,3,58,0,0,0,1,2,55,1,1,2,1,0,0,1,13,6,2,4,7,"777777777777","777777777777","777777777777",1,0
21,210609,1,2,2,27,10,8,40,12,6,1,0,21,1,49,50,49050,3,2008,"JTKDE1678802","J","T","K","D","E","1","6","7","8","8","0","2",0,0,0,"000000000","00000000000",0,0,0,1,0,0,0,0,0,0,0,998,0,0,0,83,6,2,12,0,0,0,1,21,42206,6,1,0,0,3,0,66,125,1,0,0,1,0,5,2013,8,2015,0,87,0,0,0,1,2,55,2,1,2,2,40,3,14,6,1,4,2,64,"777777777777","777777777777","777777777777",1,0
21,210609,2,2,1,27,10,8,40,12,6,1,0,21,1,23,421,23421,15,2003,"1GKEK13V73R1","1","G","K","E","K","1","3","V","7","3","R","1",0,0,0,"000000000","00000000000",0,0,0,1,0,0,0,0,0,0,0,998,0,0,0,12,6,2,12,0,0,0,1,21,42134,6,1,0,0,3,1,71,148,1,0,0,0,0,1,2012,1,2012,0,0,0,0,0,1,2,55,1,1,2,2,40,3,1,62,7,1,1,65,"777777777777","777777777777","777777777777",0,0
21,210610,1,2,1,31,10,11,5,12,2,1,0,94,3,20,401,20401,14,2005,"1GNDT13S0522","1","G","N","D","T","1","3","S","0","5","2","2",0,0,0,"000000000","00000000000",0,0,0,1,0,0,0,0,0,0,0,998,0,0,0,12,6,2,12,0,0,0,1,21,40342,6,1,0,0,3,1,68,200,1,0,0,0,0,12,2014,12,2014,0,28,0,0,0,1,2,55,4,1,2,1,0,0,14,10,98,1,2,50,"777777777777","777777777777","777777777777",0,0
21,210610,2,2,1,31,10,11,5,12,2,1,0,21,1,12,401,12401,14,2006,"1FMEU75866ZA","1","F","M","E","U","7","5","8","6","6","Z","A",0,0,0,"000000000","00000000000",0,0,0,1,0,0,0,0,0,0,0,998,0,0,0,12,6,2,12,0,0,0,1,21,40165,6,1,0,0,3,0,73,200,1,0,0,0,0,5,2014,5,2014,0,0,0,0,0,1,2,55,4,1,2,1,0,0,14,62,1,1,1,51,"777777777777","777777777777","777777777777",1,0
21,210611,1,2,1,3,10,12,22,12,1,1,0,21,3,12,25,12025,6,2016,"2FMHK6D86GBA","2","F","M","H","K","6","D","8","6","G","B","A",0,0,0,"000000000","00000000000",0,0,0,1,0,0,0,0,0,0,0,48,0,0,0,12,6,2,12,0,0,0,1,21,42286,6,1,0,0,3,0,73,220,0,0,0,0,0,0,0,0,0,0,35,0,0,0,1,2,55,1,3,2,1,0,0,3,51,6,1,1,24,"777777777777","777777777777","777777777777",0,0
21,210611,2,2,1,3,10,12,22,12,1,1,0,0,0,98,998,98998,92,2000,"888888888888","8","8","8","8","8","8","8","8","8","8","8","8",1,3,0,"000000000","00000000000",0,0,0,1,0,0,0,0,0,0,0,998,0,1,1,6,6,2,1,0,0,0,1,21,42286,0,0,0,0,1,0,999,999,0,0,0,0,0,0,0,0,0,0,0,0,0,0,1,2,55,1,3,2,1,0,0,1,53,1,1,1,25,"888888888888","777777777777","777777777777",1,0
21,210612,1,2,1,3,10,13,45,24,0,1,0,21,1,6,18,6018,4,2011,"1C3BC2FG5BN5","1","C","3","B","C","2","F","G","5","B","N","5",0,0,0,"000000000","00000000000",0,0,0,1,0,0,0,0,0,0,0,60,9,0,0,12,6,2,12,0,0,0,1,21,41171,6,1,0,0,3,0,62,170,0,0,0,0,0,0,0,0,0,0,58,0,0,0,1,2,55,3,2,2,1,40,3,14,6,6,1,4,1,"777777777777","777777777777","777777777777",1,0
21,210612,2,2,1,3,10,13,45,24,0,1,0,21,1,98,804,98804,63,1987,"2WLNCCJF4HK9","2","W","L","N","C","C","J","F","4","H","K","9",0,0,77,"777777777","77777777777",3,1,10,1,0,0,0,0,0,0,0,50,0,0,0,83,6,2,12,0,0,0,1,21,40351,6,1,8,0,2,0,66,150,0,0,0,0,0,0,0,0,0,0,0,0,0,0,1,2,55,2,2,2,1,40,3,14,62,6,1,2,98,"777777777777","777777777777","777777777777",0,0
21,210613,1,2,1,10,10,8,5,12,2,1,0,56,1,21,22,21022,4,1997,"1G3GR62C0V41","1","G","3","G","R","6","2","C","0","V","4","1",0,0,0,"000000000","00000000000",0,0,0,1,0,0,0,0,0,0,0,998,0,0,0,12,6,2,12,0,0,0,1,21,40322,6,1,0,0,3,1,71,160,0,0,0,0,0,0,0,0,0,0,28,0,0,0,1,2,55,1,1,2,1,0,0,1,10,1,1,2,50,"777777777777","777777777777","777777777777",0,0
21,210613,2,2,1,10,10,8,5,12,2,1,0,21,1,12,21,12021,4,2006,"1FAFP25196G1","1","F","A","F","P","2","5","1","9","6","G","1",0,0,0,"000000000","00000000000",0,0,0,1,0,0,0,0,0,0,0,998,0,0,0,12,6,2,12,0,0,0,1,21,40322,6,1,0,0,3,0,67,157,0,0,0,0,0,0,0,0,0,0,0,0,0,0,1,2,55,1,1,2,1,0,0,1,62,9,1,1,51,"777777777777","777777777777","777777777777",1,0
21,210614,1,2,1,16,10,7,12,12,1,1,0,39,1,7,27,7027,6,2012,"3C4PDCBG4CT1","3","C","4","P","D","C","B","G","4","C","T","1",0,0,0,"000000000","00000000000",0,0,0,1,0,0,0,0,0,0,0,70,0,0,0,12,6,2,12,0,0,0,1,21,41010,6,1,0,0,3,0,72,215,0,0,0,0,0,0,0,0,0,0,0,0,0,0,3,3,70,1,1,2,1,0,0,1,50,1,1,1,20,"777777777777","777777777777","777777777777",0,0
21,210614,2,2,2,16,10,7,12,12,1,1,0,39,1,7,20,7020,4,2003,"1B3ES56C83D2","1","B","3","E","S","5","6","C","8","3","D","2",0,0,0,"000000000","00000000000",0,0,0,1,0,0,0,0,0,0,0,0,0,0,0,6,6,2,12,0,0,0,1,39,45211,0,0,0,0,0,0,72,180,0,0,0,0,0,0,0,0,0,0,0,0,0,0,3,3,70,1,1,2,1,0,0,1,53,1,1,1,21,"777777777777","777777777777","777777777777",2,0
21,210615,1,1,1,18,10,12,46,32,0,1,0,21,2,12,481,12481,31,1995,"1FTEF14N8SNA","1","F","T","E","F","1","4","N","8","S","N","A",0,0,0,"000000000","00000000000",0,0,0,1,0,0,0,0,0,0,0,998,0,0,0,12,6,2,32,0,0,0,1,21,41858,6,1,6,0,3,0,66,165,0,0,0,0,0,0,0,0,0,0,0,0,0,0,1,2,55,1,1,2,1,0,0,1,13,1,1,4,1,"777777777777","777777777777","777777777777",1,0
21,210616,1,1,2,18,10,21,1,5,0,1,0,47,3,82,881,82881,66,2017,"1FUJGLDR3HLH","1","F","U","J","G","L","D","R","3","H","L","H",1,1,57,"00511412","5700511412",3,6,3,1,0,0,0,0,0,0,0,998,0,0,0,0,6,2,5,0,0,0,1,11,20002,9,9,99,9,9,9,999,999,99,99,99,99,99,99,9999,99,9999,0,21,0,0,0,2,2,70,1,1,2,1,0,0,1,12,98,1,6,0,"888888888888","777777777777","777777777777",1,0
21,210617,1,1,1,19,10,18,58,34,0,1,0,21,1,76,705,76705,80,2004,"JYARJ06E04A0","J","Y","A","R","J","0","6","E","0","4","A","0",0,0,0,"000000000","00000000000",0,0,0,1,0,0,0,0,0,0,0,63,0,0,0,12,6,2,42,0,0,0,1,21,40403,6,1,0,0,2,0,74,155,0,1,0,0,0,9,2013,9,2013,0,0,0,0,0,1,2,45,3,1,2,1,40,3,14,6,16,2,4,2,"777777777777","777777777777","777777777777",1,1
21,210618,1,1,1,20,10,15,44,8,0,1,0,21,1,20,421,20421,15,2002,"1GNCS18W82K1","1","G","N","C","S","1","8","W","8","2","K","1",0,0,0,"000000000","00000000000",0,0,0,1,0,0,0,0,0,0,0,63,0,0,0,12,6,2,8,0,0,0,1,21,41042,6,1,0,0,3,0,71,185,0,0,0,0,0,0,0,0,0,0,87,0,0,0,2,3,65,1,2,2,2,40,3,1,80,7,1,1,13,"777777777777","777777777777","777777777777",0,0
21,210619,1,2,1,21,10,16,36,12,2,1,0,21,2,20,9,20009,1,2014,"2G1FB3D3XE92","2","G","1","F","B","3","D","3","X","E","9","2",0,0,0,"000000000","00000000000",0,0,0,1,0,0,0,0,0,0,0,998,0,0,0,12,6,2,12,0,0,0,1,21,40701,0,0,0,0,0,0,72,180,0,0,0,0,0,0,0,0,0,3,33,0,0,0,1,2,55,1,1,2,1,40,3,6,10,1,1,2,50,"777777777777","777777777777","777777777777",0,1
21,210619,2,2,1,21,10,16,36,12,2,1,0,21,1,49,472,49472,30,1998,"4TAVL52N4WZ0","4","T","A","V","L","5","2","N","4","W","Z","0",0,0,0,"000000000","00000000000",0,0,0,1,0,0,0,0,0,0,0,998,0,0,0,12,6,2,12,0,0,0,1,21,40769,6,1,0,0,3,0,71,360,0,0,0,0,0,0,0,0,0,0,0,0,0,0,1,2,55,1,1,2,1,40,3,1,62,1,1,1,51,"777777777777","777777777777","777777777777",1,0
21,210620,1,1,1,26,10,17,50,30,0,1,0,21,1,72,706,72706,80,1998,"1HD1CHP1XWY2","1","H","D","1","C","H","P","1","X","W","Y","2",0,0,0,"000000000","00000000000",0,0,0,1,0,0,0,0,0,0,0,998,0,0,0,12,6,2,30,0,0,0,1,21,41181,1,1,0,0,2,0,69,140,0,2,2,0,2,9,2014,3,2015,3,0,0,0,0,1,2,55,2,1,2,1,0,0,14,6,1,1,4,6,"777777777777","777777777777","777777777777",1,1
21,210621,1,1,1,15,10,13,20,34,0,1,0,21,2,53,706,53706,80,2005,"JS1GT76A3521","J","S","1","G","T","7","6","A","3","5","2","1",0,0,0,"000000000","00000000000",0,0,0,1,0,0,0,0,0,0,0,998,0,0,0,98,6,5,34,0,0,1,1,21,42633,6,1,0,0,2,0,67,140,1,0,0,1,0,7,2014,7,2014,3,0,0,0,0,1,2,55,4,1,2,1,0,0,14,6,1,9,4,99,"777777777777","777777777777","777777777777",1,0
21,210622,1,1,1,30,10,7,40,42,0,1,0,21,1,35,43,35043,4,1996,"3N1AB41D6TL0","3","N","1","A","B","4","1","D","6","T","L","0",0,0,0,"000000000","00000000000",0,0,0,1,0,0,0,0,0,0,0,55,0,1,5,12,6,2,42,0,0,0,1,21,40701,6,1,0,0,3,0,70,240,0,1,1,0,0,3,2012,3,2012,0,0,0,0,0,1,2,45,1,2,2,1,40,3,1,13,1,1,4,1,"777777777777","777777777777","777777777777",1,0
21,210623,1,2,1,5,10,10,38,12,6,1,0,21,1,12,23,12023,4,2012,"3FAHP0HA8CR4","3","F","A","H","P","0","H","A","8","C","R","4",0,0,0,"000000000","00000000000",0,0,0,1,0,0,0,0,0,0,0,7,0,0,0,81,6,2,12,0,0,0,1,21,42602,6,1,0,0,3,0,67,140,1,0,0,0,0,6,2014,6,2014,0,0,0,0,0,1,2,98,8,8,2,1,20,3,3,17,1,1,1,87,"777777777777","777777777777","777777777777",1,0
21,210623,2,2,1,5,10,10,38,12,6,1,0,47,3,87,884,87884,66,2002,"1XP5DB9X02N5","1","X","P","5","D","B","9","X","0","2","N","5",1,1,57,"01607050","5701607050",3,6,1,1,0,0,0,0,0,0,0,53,0,9,1,12,6,2,12,0,0,0,1,47,38549,6,1,6,0,3,0,70,225,0,0,0,0,0,0,0,0,0,0,0,0,0,0,1,2,55,1,1,2,1,40,3,1,66,9,2,1,86,"888888888888","777777777777","777777777777",0,0
21,210624,1,2,1,13,10,7,33,12,2,1,0,21,1,49,40,49040,4,2014,"4T1BF1FK6EU3","4","T","1","B","F","1","F","K","6","E","U","3",0,0,0,"000000000","00000000000",0,0,0,1,0,0,0,0,0,0,0,50,0,0,0,12,6,2,12,0,0,0,1,21,40962,6,1,0,0,3,0,62,145,0,0,0,1,0,7,2014,7,2014,0,28,0,0,0,1,2,55,4,2,2,2,0,0,14,10,1,1,2,50,"777777777777","777777777777","777777777777",1,0
21,210624,2,2,1,13,10,7,33,12,2,1,0,21,2,54,421,54421,15,2002,"2HNYD186X2H5","2","H","N","Y","D","1","8","6","X","2","H","5",0,0,0,"000000000","00000000000",0,0,0,1,0,0,0,0,0,0,0,50,0,0,0,12,6,2,12,0,0,0,1,21,40729,6,1,0,0,3,1,69,175,0,0,0,0,0,0,0,0,0,0,0,0,0,0,1,2,55,4,2,2,2,0,0,14,62,7,1,1,51,"777777777777","777777777777","777777777777",0,0
21,210625,1,1,1,31,5,9,31,32,0,1,0,21,1,49,472,49472,30,2008,"5TETU62N28Z5","5","T","E","T","U","6","2","N","2","8","Z","5",0,0,0,"000000000","00000000000",0,0,0,1,0,0,0,0,0,0,0,998,0,1,2,98,6,2,1,0,0,0,1,21,42642,6,1,0,0,3,0,73,195,0,0,0,0,0,0,0,0,0,0,58,0,0,0,1,2,55,1,1,2,1,40,3,1,10,7,1,4,1,"777777777777","777777777777","777777777777",1,0
21,210626,1,1,1,31,3,7,56,53,0,1,0,21,1,35,47,35047,4,1999,"1N4DL01D2XC1","1","N","4","D","L","0","1","D","2","X","C","1",0,0,0,"000000000","00000000000",0,0,0,1,0,0,0,0,0,0,0,998,0,0,0,12,6,2,32,0,0,0,1,21,42001,6,1,0,0,3,0,70,185,0,0,0,0,0,0,0,0,0,0,0,0,0,0,1,2,55,4,2,2,2,4,3,14,13,1,1,4,1,"777777777777","777777777777","777777777777",1,0
21,210627,1,1,1,28,6,22,20,1,0,1,0,0,0,99,739,99739,90,9999,"888888888888","8","8","8","8","8","8","8","8","8","8","8","8",0,0,0,"000000000","00000000000",0,0,0,1,0,0,0,0,0,0,0,998,0,9,1,0,2,5,1,0,0,0,1,21,41759,6,1,0,0,3,0,67,145,0,0,0,0,0,0,0,0,0,0,0,0,0,0,1,2,25,4,1,2,1,0,0,14,9,99,1,6,98,"777777777777","777777777777","777777777777",1,0
21,210628,1,1,1,4,8,12,1,42,0,1,0,21,1,22,9,22009,2,1998,"2G2FV22G0W22","2","G","2","F","V","2","2","G","0","W","2","2",0,0,0,"000000000","00000000000",0,0,0,1,0,0,0,0,0,0,0,53,0,1,5,12,6,2,1,0,0,0,1,21,42629,6,1,0,0,3,0,65,135,0,1,0,0,0,5,2015,5,2015,0,0,0,0,0,1,2,55,4,1,2,1,0,0,14,13,16,2,4,1,"777777777777","777777777777","777777777777",1,0
21,210629,1,1,1,18,8,18,36,17,0,1,0,12,1,12,471,12471,30,1998,"1FTZR15XXWTA","1","F","T","Z","R","1","5","X","X","W","T","A",0,0,0,"000000000","00000000000",0,0,0,1,0,0,0,0,0,0,0,998,0,1,5,61,6,2,17,0,0,0,1,12,34110,6,1,0,0,3,1,67,999,0,0,0,0,0,0,0,0,0,4,87,0,0,0,1,2,55,4,2,2,2,0,0,14,6,98,5,4,7,"777777777777","777777777777","777777777777",1,0
21,210630,1,1,1,5,5,14,32,32,0,1,0,21,1,23,461,23461,21,1990,"1GTEG25K7L75","1","G","T","E","G","2","5","K","7","L","7","5",0,0,0,"000000000","00000000000",0,0,0,1,0,0,0,0,0,0,0,43,0,0,0,98,6,2,32,0,0,0,1,21,42256,6,1,8,0,3,0,69,212,0,0,0,0,0,0,0,0,0,0,85,0,0,0,1,2,55,4,3,2,1,0,0,14,54,7,1,4,3,"777777777777","777777777777","777777777777",1,0