"STATE","ST_CASE","VEH_NO","VE_FORMS","NUMOCCS","DAY","MONTH","HOUR","MINUTE","HARM_EV","MAN_COLL","UNITTYPE","HIT_RUN","REG_STAT","OWNER","MAKE","MODEL","MAK_MOD","BODY_TYP","MOD_YEAR","VIN","VIN_1","VIN_2","VIN_3","VIN_4","VIN_5","VIN_6","VIN_7","VIN_8","VIN_9","VIN_10","VIN_11","VIN_12","TOW_VEH","J_KNIFE","MCARR_I1","MCARR_I2","MCARR_ID","GVWR","V_CONFIG","CARGO_BT","HAZ_INV","HAZ_PLAC","HAZ_ID","HAZ_CNO","HAZ_REL","BUS_USE","SPEC_USE","EMER_USE","TRAV_SP","UNDERIDE","ROLLOVER","ROLINLOC","IMPACT1","DEFORMED","TOWED","M_HARM","VEH_SC1","VEH_SC2","FIRE_EXP","DR_PRES","L_STATE","DR_ZIP","L_STATUS","L_TYPE","CDL_STAT","L_ENDORS","L_COMPL","L_RESTRI","DR_HGT","DR_WGT","PREV_ACC","PREV_SUS","PREV_DWI","PREV_SPD","PREV_OTH","FIRST_MO","FIRST_YR","LAST_MO","LAST_YR","SPEEDREL","DR_SF1","DR_SF2","DR_SF3","DR_SF4","VTRAFWAY","VNUM_LAN","VSPD_LIM","VALIGN","VPROFILE","VPAVETYP","VSURCOND","VTRAFCON","VTCONT_F","P_CRASH1","P_CRASH2","P_CRASH3","PCRASH4","PCRASH5","ACC_TYPE","TRLR1VIN","TRLR2VIN","TRLR3VIN","DEATHS","DR_DRINK"
21,210631,1,2,2,18,9,19,47,12,2,1,0,39,1,20,481,20481,31,2015,"1GC1KWE81FF6","1","G","C","1","K","W","E","8","1","F","F","6",0,0,0,"000000000","00000000000",0,0,0,1,0,0,0,0,0,0,0,66,0,0,0,12,6,2,12,0,0,0,1,39,45682,6,1,0,0,3,0,73,250,0,0,0,1,0,6,2014,6,2014,3,6,28,0,0,1,2,55,1,1,2,1,0,0,1,10,1,4,2,50,"777777777777","777777777777","777777777777",0,1
21,210631,2,2,2,18,9,19,47,12,2,1,0,39,2,20,20,20020,4,1998,"2G1WL52M3W91","2","G","1","W","L","5","2","M","3","W","9","1",0,0,0,"000000000","00000000000",0,0,0,1,0,0,0,0,0,0,0,57,0,0,0,12,6,2,12,0,0,0,1,39,45648,6,1,0,0,3,0,68,140,0,0,0,0,0,0,0,0,0,0,0,0,0,0,1,2,55,1,1,2,1,0,0,1,62,7,1,1,51,"777777777777","777777777777","777777777777",1,0
21,210632,1,1,3,15,9,22,43,42,0,1,0,21,1,12,3,12003,2,2004,"1FAFP40654F1","1","F","A","F","P","4","0","6","5","4","F","1",0,0,0,"000000000","00000000000",0,0,0,1,0,0,0,0,0,0,0,998,0,1,5,12,6,2,42,0,0,1,1,21,42129,1,1,0,0,2,1,65,136,0,2,1,0,0,12,2012,5,2016,0,0,0,0,0,1,2,55,2,2,2,1,40,3,14,13,1,1,4,1,"777777777777","777777777777","777777777777",1,1
21,210633,1,2,2,19,10,6,16,12,6,1,0,21,1,6,52,6052,6,2007,"3A4FY58B87T5","3","A","4","F","Y","5","8","B","8","7","T","5",0,0,0,"000000000","00000000000",0,0,0,1,0,0,0,0,0,0,0,998,0,0,0,81,6,2,12,0,0,0,1,21,41224,6,1,0,0,3,0,70,280,1,0,0,0,0,5,2014,5,2014,0,39,0,0,0,8,8,98,8,8,8,98,20,3,1,19,1,1,1,98,"777777777777","777777777777","777777777777",2,0
21,210633,2,2,1,19,10,6,16,12,6,1,0,21,3,85,881,85881,63,2004,"1NKDXUEX64J0","1","N","K","D","X","U","E","X","6","4","J","0",0,0,57,"06201101","5706201101",3,2,3,1,0,0,0,0,0,0,0,998,0,0,0,12,6,2,12,0,0,0,1,54,24740,6,1,6,0,3,1,75,244,0,0,0,0,0,0,0,0,0,0,0,0,0,0,1,4,55,1,1,2,1,4,3,1,68,16,2,1,98,"777777777777","777777777777","777777777777",0,0
21,210634,1,2,2,27,10,14,54,12,6,1,0,21,1,18,22,18022,4,2013,"1G4GC5E3XDF1","1","G","4","G","C","5","E","3","X","D","F","1",0,0,0,"000000000","00000000000",0,0,0,1,0,0,0,0,0,0,0,998,0,0,0,61,6,2,12,0,0,0,1,21,42320,6,1,0,0,3,0,71,182,0,0,0,0,0,0,0,0,0,0,38,0,0,0,8,8,98,8,8,8,98,20,3,11,15,1,1,1,82,"777777777777","777777777777","777777777777",1,0
21,210634,2,2,1,27,10,14,54,12,6,1,0,21,1,12,481,12481,31,1997,"1FTDX18W1VNB","1","F","T","D","X","1","8","W","1","V","N","B",0,0,0,"000000000","00000000000",0,0,0,1,0,0,0,0,0,0,0,998,0,0,0,12,6,2,12,0,0,0,1,21,42327,6,1,0,0,3,0,70,160,0,0,0,0,0,0,0,0,0,0,0,0,0,0,5,5,35,1,1,2,1,0,0,1,67,1,1,1,83,"777777777777","777777777777","777777777777",0,0
21,210635,1,2,2,1,11,11,41,12,7,1,0,21,1,7,472,7472,30,1998,"1B7FL26XXWS5","1","B","7","F","L","2","6","X","X","W","S","5",0,0,0,"000000000","00000000000",0,0,0,1,0,0,0,0,0,0,0,998,0,1,5,82,6,2,12,0,0,0,1,21,40336,6,1,0,0,3,0,65,140,0,0,0,0,0,0,0,0,0,0,35,0,0,0,1,2,55,1,1,2,1,0,0,15,51,6,1,2,48,"777777777777","777777777777","777777777777",1,0
21,210635,2,2,1,1,11,11,41,12,7,1,0,0,0,99,998,99998,92,9999,"000000000000","0","0","0","0","0","0","0","0","0","0","0","0",0,0,0,"000000000","00000000000",0,0,0,1,0,0,0,0,0,0,0,998,0,0,0,63,6,2,12,0,0,0,1,21,40475,6,1,0,0,3,0,75,159,1,0,0,0,0,12,2012,12,2012,0,0,0,0,0,1,2,55,1,1,2,1,0,0,1,53,1,1,1,48,"777777777777","777777777777","777777777777",0,0
21,210636,1,1,4,2,11,16,24,1,0,1,0,21,2,48,34,48034,6,2000,"4S3BH6755Y66","4","S","3","B","H","6","7","5","5","Y","6","6",0,0,0,"000000000","00000000000",0,0,0,1,0,0,0,0,0,0,0,65,0,2,5,0,6,2,1,0,0,0,1,21,42653,9,9,99,9,9,9,71,170,99,99,99,99,99,99,9999,99,9999,0,0,0,0,0,1,2,55,3,2,2,1,0,0,14,9,1,1,4,7,"777777777777","777777777777","777777777777",1,1
21,210637,1,1,1,3,11,7,5,8,0,1,0,21,2,34,35,34035,4,1993,"WBAHD6310PBJ","W","B","A","H","D","6","3","1","0","P","B","J",0,0,0,"000000000","00000000000",0,0,0,1,0,0,0,0,0,0,0,998,0,0,0,12,6,2,8,0,0,0,1,21,40013,6,1,0,0,3,0,64,170,0,0,0,0,0,0,0,0,0,0,0,0,0,0,2,2,55,1,1,2,1,0,0,1,80,1,1,1,13,"777777777777","777777777777","777777777777",0,0
21,210638,1,2,3,2,11,18,13,12,6,1,0,21,1,41,50,41050,4,2009,"1YVHP81AX95M","1","Y","V","H","P","8","1","A","X","9","5","M",0,0,0,"000000000","00000000000",0,0,0,1,0,0,0,0,0,0,0,998,0,0,0,61,6,2,12,0,0,0,1,21,40489,6,1,0,0,3,0,66,140,0,0,0,0,0,0,0,0,0,0,6,0,0,0,2,2,98,8,8,8,98,20,3,11,15,1,1,1,82,"777777777777","777777777777","777777777777",1,0
21,210638,2,2,5,2,11,18,13,12,6,1,0,21,2,7,482,7482,31,2011,"1D7RV1CP5BS6","1","D","7","R","V","1","C","P","5","B","S","6",0,0,0,"000000000","00000000000",0,0,0,1,0,0,0,0,0,0,0,998,0,0,0,12,6,2,12,0,0,0,1,21,40701,6,1,0,0,3,0,65,140,0,0,0,0,0,0,0,0,0,0,0,0,0,0,2,2,55,1,3,2,1,0,0,1,67,16,2,1,83,"777777777777","777777777777","777777777777",0,0
21,210639,1,1,1,5,11,10,10,35,0,1,0,21,1,23,423,23423,15,2014,"1GKKRRKDXEJ2","1","G","K","K","R","R","K","D","X","E","J","2",0,0,0,"000000000","00000000000",0,0,0,1,0,0,0,0,0,0,0,998,0,0,0,11,6,2,30,0,0,0,1,21,42602,6,1,0,0,3,0,64,145,0,0,0,0,0,0,0,0,0,0,0,0,0,0,1,2,55,1,2,2,1,0,0,1,12,1,1,4,6,"777777777777","777777777777","777777777777",1,0
21,210640,1,1,1,6,11,1,34,1,0,1,0,0,0,98,998,98998,97,2016,"888888888888","8","8","8","8","8","8","8","8","8","8","8","8",0,0,0,"000000000","00000000000",0,0,0,1,0,0,0,0,0,0,0,998,0,2,1,0,6,2,1,0,0,0,1,21,41712,6,1,0,0,3,0,71,155,1,0,0,0,0,4,2012,4,2012,0,0,0,0,0,1,2,55,2,2,2,1,0,0,14,6,9,2,6,98,"777777777777","777777777777","777777777777",1,1
21,210641,1,1,3,7,11,13,23,14,0,1,0,47,2,35,39,35039,4,2000,"JN1CA31D6YT5","J","N","1","C","A","3","1","D","6","Y","T","5",0,0,0,"000000000","00000000000",0,0,0,1,0,0,0,0,0,0,0,998,0,0,0,12,6,2,14,0,0,0,1,21,40965,6,1,0,0,3,0,75,169,3,3,2,1,0,2,2012,6,2016,0,6,0,0,0,5,5,45,1,1,2,1,0,0,1,13,1,1,4,11,"777777777777","777777777777","777777777777",3,0
21,210642,1,2,3,7,11,13,57,12,2,1,0,21,1,14,401,14401,14,2002,"4M2ZU86E82ZJ","4","M","2","Z","U","8","6","E","8","2","Z","J",0,0,0,"000000000","00000000000",0,0,0,1,0,0,0,0,0,0,0,998,0,0,0,12,6,2,12,0,0,0,1,21,41572,6,1,0,0,3,0,74,200,0,0,0,0,0,0,0,0,0,0,85,0,0,0,2,2,55,1,1,2,1,0,0,17,73,8,2,6,50,"777777777777","777777777777","777777777777",0,0
21,210642,2,2,2,7,11,13,57,12,2,1,0,21,2,6,43,6043,4,2010,"1C3CC4FB0AN2","1","C","3","C","C","4","F","B","0","A","N","2",0,0,0,"000000000","00000000000",0,0,0,1,0,0,0,0,0,0,0,998,0,0,0,12,6,2,12,0,0,0,1,21,41572,6,1,0,0,3,1,73,128,0,0,0,0,0,0,0,0,0,0,0,0,0,0,2,2,55,1,1,2,1,0,0,1,64,15,2,1,51,"777777777777","777777777777","777777777777",1,0
21,210643,1,1,1,4,11,6,23,8,0,1,1,18,1,35,51,35051,6,2011,"JN8AS5MV2BW3","J","N","8","A","S","5","M","V","2","B","W","3",0,0,0,"000000000","00000000000",0,0,0,1,0,0,0,0,0,0,0,998,0,0,0,12,6,2,8,0,0,0,1,18,47166,6,1,0,0,3,1,63,200,0,0,0,0,0,0,0,0,0,0,0,0,0,0,1,6,35,1,1,2,1,0,0,1,80,1,1,1,13,"777777777777","777777777777","777777777777",0,0
21,210644,1,1,5,10,11,15,15,42,0,1,0,21,2,23,401,23401,14,2002,"1GKDT13S9224","1","G","K","D","T","1","3","S","9","2","2","4",0,0,0,"000000000","00000000000",0,0,0,1,0,0,0,0,0,0,0,998,0,0,0,12,6,2,42,0,0,0,1,21,41543,6,1,0,0,3,0,68,175,0,0,0,0,0,0,0,0,0,0,0,0,0,0,2,2,55,2,1,2,1,0,0,14,13,1,1,4,1,"777777777777","777777777777","777777777777",1,0
21,210645,1,2,1,10,11,22,47,5,0,1,0,21,1,53,705,53705,80,2005,"JS1GN79A8521","J","S","1","G","N","7","9","A","8","5","2","1",0,0,0,"000000000","00000000000",0,0,0,1,0,0,0,0,0,0,0,998,0,0,0,0,6,2,5,0,0,0,1,21,42101,6,1,0,0,3,0,68,182,1,0,0,0,0,11,2015,11,2015,3,6,0,0,0,5,5,45,1,2,2,1,0,0,1,72,16,2,1,0,"777777777777","777777777777","777777777777",1,0
21,210645,2,2,2,10,11,22,47,5,0,1,0,21,2,30,40,30040,4,2012,"3VW2K7AJXCM3","3","V","W","2","K","7","A","J","X","C","M","3",0,0,0,"000000000","00000000000",0,0,0,1,0,0,0,0,0,0,0,998,0,0,0,8,4,3,54,0,0,0,1,21,42104,6,1,0,0,3,0,71,220,1,0,0,0,0,10,2012,10,2012,0,0,0,0,0,5,5,45,1,2,2,1,0,0,12,15,1,1,7,98,"777777777777","777777777777","777777777777",0,0
21,210646,1,3,1,3,11,16,18,12,8,1,0,21,1,6,51,6051,4,2005,"2C3JA53G95H6","2","C","3","J","A","5","3","G","9","5","H","6",0,0,0,"000000000","00000000000",0,0,0,1,0,0,0,0,0,0,0,998,0,0,0,11,4,3,12,0,0,0,1,21,42749,6,1,0,0,3,0,68,205,0,0,0,0,0,0,0,0,0,0,28,91,0,0,1,2,55,1,1,2,1,0,0,1,10,16,1,2,64,"777777777777","777777777777","777777777777",0,1
21,210646,2,3,5,3,11,16,18,12,8,1,0,18,1,24,1,24001,4,2000,"1G8ZK5276YZ1","1","G","8","Z","K","5","2","7","6","Y","Z","1",0,0,0,"000000000","00000000000",0,0,0,1,0,0,0,0,0,0,0,998,0,0,0,11,6,2,12,0,0,0,1,18,46124,6,1,0,0,3,0,63,180,1,0,0,0,0,5,2014,5,2014,0,0,0,0,0,1,2,55,1,1,2,1,0,0,1,62,98,1,1,65,"777777777777","777777777777","777777777777",1,0
21,210646,3,3,1,3,11,16,18,12,8,1,0,21,1,7,482,7482,31,2003,"1D7HA16Z73J5","1","D","7","H","A","1","6","Z","7","3","J","5",0,0,0,"000000000","00000000000",0,0,0,1,0,0,0,0,0,0,0,998,0,0,0,12,6,2,12,0,0,0,1,21,42743,6,1,0,0,3,0,65,159,0,0,0,0,0,0,0,0,0,0,0,0,0,0,1,2,55,1,1,2,1,0,0,1,54,16,2,1,98,"777777777777","777777777777","777777777777",0,0
21,210647,1,2,1,11,11,0,34,12,6,1,0,21,1,49,32,49032,4,2016,"5YFBURHEXGP5","5","Y","F","B","U","R","H","E","X","G","P","5",0,0,0,"000000000","00000000000",0,0,0,1,0,0,0,0,0,0,0,998,0,0,0,12,6,2,12,0,0,0,1,21,40504,6,1,0,0,3,0,62,126,0,0,0,0,0,0,0,0,0,0,39,91,0,0,2,3,98,3,1,2,1,3,3,14,17,1,1,1,86,"777777777777","777777777777","777777777777",0,1
21,210647,2,2,1,11,11,0,34,12,6,1,0,18,2,12,880,12880,67,2001,"1FDWX37F81EB","1","F","D","W","X","3","7","F","8","1","E","B",0,0,77,"777777777","77777777777",2,1,97,1,0,0,0,0,0,0,0,998,0,1,1,82,4,3,12,0,0,0,1,21,40503,6,1,0,0,3,1,72,160,2,0,0,0,0,8,2014,8,2014,0,0,0,0,0,2,4,55,1,1,2,1,3,3,1,66,1,1,1,87,"777777777777","777777777777","777777777777",1,0
21,210648,1,3,3,11,11,22,59,12,2,1,0,21,2,6,51,6051,4,2006,"2C3KA53G26H1","2","C","3","K","A","5","3","G","2","6","H","1",0,0,0,"000000000","00000000000",0,0,0,1,0,0,0,0,0,0,0,998,0,0,0,12,6,2,12,0,0,1,1,21,40977,6,1,0,0,3,2,63,105,0,1,1,0,0,4,2012,5,2012,0,74,0,0,0,1,3,55,1,2,2,1,0,0,1,10,98,1,2,50,"777777777777","777777777777","777777777777",0,0
21,210648,2,3,1,11,11,22,59,12,2,1,0,21,1,76,706,76706,80,1999,"JYAVP11E5XA0","J","Y","A","V","P","1","1","E","5","X","A","0",0,0,0,"000000000","00000000000",0,0,0,1,0,0,0,0,0,0,0,998,0,0,0,12,6,2,12,0,0,1,1,21,40729,1,1,0,0,2,0,67,165,0,1,1,0,1,2,2012,2,2012,0,0,0,0,0,1,3,55,1,2,2,1,0,0,1,62,98,1,1,51,"777777777777","777777777777","777777777777",1,0
21,210648,3,3,1,11,11,22,59,12,2,1,0,21,1,7,472,7472,30,2002,"1B7GL32X62S6","1","B","7","G","L","3","2","X","6","2","S","6",0,0,0,"000000000","00000000000",0,0,0,1,0,0,0,0,0,0,0,998,0,0,0,12,0,5,54,0,0,0,1,21,40701,3,1,0,0,2,0,75,230,0,0,0,0,0,0,0,0,0,0,0,0,0,0,1,3,55,1,2,2,1,0,0,15,98,6,1,2,98,"777777777777","777777777777","777777777777",0,0
21,210649,1,1,2,13,11,2,25,33,0,1,0,21,2,32,402,32402,14,2016,"WA1L2AFP9GA0","W","A","1","L","2","A","F","P","9","G","A","0",0,0,0,"000000000","00000000000",0,0,0,1,0,0,0,0,0,0,0,75,0,0,0,12,6,2,42,0,0,0,1,21,40508,6,1,0,0,3,0,69,165,0,0,0,0,0,0,0,0,0,3,58,0,0,0,2,2,35,1,1,2,1,0,0,1,6,16,2,4,7,"777777777777","777777777777","777777777777",1,1
21,210650,1,2,3,15,11,15,43,12,6,1,0,21,2,7,442,7442,20,2005,"2D4GP44L05R4","2","D","4","G","P","4","4","L","0","5","R","4",0,0,0,"000000000","00000000000",0,0,0,1,0,0,0,0,0,0,0,8,0,0,0,10,6,2,12,0,0,0,1,21,42420,6,1,0,0,3,0,68,120,1,0,0,0,0,2,2012,2,2012,0,38,0,0,0,0,0,0,0,0,0,0,0,0,11,15,1,1,7,82,"777777777777","777777777777","777777777777",0,0
21,210650,2,2,1,15,11,15,43,12,6,1,0,21,1,37,706,37706,80,1998,"JH2SC3606WM0","J","H","2","S","C","3","6","0","6","W","M","0",0,0,0,"000000000","00000000000",0,0,0,1,0,0,0,0,0,0,0,58,0,0,0,12,6,2,12,0,0,0,1,21,42420,6,1,0,0,3,0,74,220,1,0,0,0,0,3,2016,3,2016,3,0,0,0,0,1,4,45,1,1,2,1,0,0,1,72,16,2,1,83,"777777777777","777777777777","777777777777",1,0
21,210651,1,2,1,14,11,11,17,12,1,1,0,27,3,35,43,35043,4,2016,"3N1AB7AP6GL6","3","N","1","A","B","7","A","P","6","G","L","6",0,0,0,"000000000","00000000000",0,0,0,1,0,0,0,0,0,0,0,78,1,0,0,12,6,2,12,0,0,0,1,21,40216,6,1,0,0,3,0,64,250,2,0,0,0,0,4,2014,1,2016,3,0,0,0,0,2,2,70,1,1,2,1,0,0,1,51,98,1,1,24,"777777777777","777777777777","777777777777",1,0
21,210651,2,2,1,14,11,11,17,12,1,1,0,21,3,87,881,87881,66,1990,"1XP5DB9X2LN2","1","X","P","5","D","B","9","X","2","L","N","2",1,1,57,"00738256","5700738256",3,6,1,1,0,0,0,0,0,0,0,15,0,0,0,6,2,5,12,0,0,0,1,21,42732,6,1,6,0,3,0,71,160,0,0,0,0,0,0,0,0,0,0,0,0,0,0,2,2,70,1,1,2,1,0,0,1,53,1,1,1,25,"888888888888","777777777777","777777777777",0,0
21,210652,1,1,1,6,11,12,30,9,0,1,0,21,1,35,47,35047,4,2001,"1N4DL01DX1C2","1","N","4","D","L","0","1","D","X","1","C","2",0,0,0,"000000000","00000000000",0,0,0,1,0,0,0,0,0,0,0,15,0,0,0,12,2,3,9,0,0,0,1,21,40214,6,1,0,0,3,0,67,160,0,0,0,0,0,0,0,0,0,0,6,38,0,0,5,5,40,1,1,2,1,3,3,11,83,1,1,1,13,"777777777777","777777777777","777777777777",0,0
21,210653,1,3,3,16,11,8,53,12,6,1,0,21,1,35,51,35051,6,2010,"JN8AS5MV4AW1","J","N","8","A","S","5","M","V","4","A","W","1",0,0,0,"000000000","00000000000",0,0,0,1,0,0,0,0,0,0,0,998,0,0,0,12,6,2,8,0,0,0,1,21,41311,6,1,0,0,3,0,60,120,0,0,0,0,0,0,0,0,0,4,0,0,0,0,2,2,70,1,2,2,1,40,3,1,50,1,1,3,48,"777777777777","777777777777","777777777777",0,0
21,210653,2,3,1,16,11,8,53,12,6,1,0,21,1,2,404,2404,14,2006,"1J4GR48KX6C3","1","J","4","G","R","4","8","K","X","6","C","3",0,0,0,"000000000","00000000000",0,0,0,1,0,0,0,0,0,0,0,0,0,0,0,9,6,2,12,0,0,0,1,21,41301,6,1,0,0,3,1,65,160,0,0,0,0,0,0,0,0,0,0,54,0,0,0,2,2,70,1,2,2,1,40,3,7,53,1,1,1,48,"777777777777","777777777777","777777777777",0,0
21,210653,3,3,1,16,11,8,53,12,6,1,0,21,3,7,482,7482,31,2008,"3D6WG46A48G2","3","D","6","W","G","4","6","A","4","8","G","2",0,0,0,"000000000","00000000000",0,0,0,1,0,0,0,0,0,0,0,998,0,0,0,6,4,3,12,0,0,0,1,21,41472,6,1,0,0,3,1,70,207,0,0,0,0,0,0,0,0,0,0,0,0,0,0,2,2,70,1,2,2,1,40,3,1,53,1,1,1,98,"777777777777","777777777777","777777777777",0,0
21,210654,1,1,2,16,11,15,9,38,0,1,0,21,1,6,43,6043,1,1999,"3C3EL55H0XT6","3","C","3","E","L","5","5","H","0","X","T","6",0,0,0,"000000000","00000000000",0,0,0,1,0,0,0,0,0,0,0,998,0,1,5,98,6,2,38,0,0,0,1,21,42539,1,1,0,0,2,0,73,200,0,1,1,0,0,7,2013,7,2013,4,0,0,0,0,1,2,45,1,3,2,1,0,0,1,6,16,4,4,2,"777777777777","777777777777","777777777777",1,1
21,210655,1,1,1,16,11,22,24,42,0,1,0,21,1,37,32,37032,4,1999,"JHMCG5544XC0","J","H","M","C","G","5","5","4","4","X","C","0",0,0,0,"000000000","00000000000",0,0,0,1,0,0,0,0,0,0,0,998,0,0,0,81,6,2,42,0,0,0,1,21,40324,1,1,0,0,2,0,69,180,0,2,1,0,0,5,2015,8,2016,0,58,0,0,0,1,2,55,4,1,2,1,40,3,14,13,6,4,4,7,"777777777777","777777777777","777777777777",1,1
21,210656,1,1,1,14,7,22,3,8,0,1,0,21,1,20,37,20037,4,2004,"1G1ZT548X4F2","1","G","1","Z","T","5","4","8","X","4","F","2",0,0,0,"000000000","00000000000",0,0,0,1,0,0,0,0,0,0,0,998,0,0,0,12,4,5,8,0,0,0,1,21,42539,6,1,0,0,3,0,64,190,0,0,0,0,0,0,0,0,0,0,0,0,0,0,1,4,55,1,1,2,1,3,3,1,80,98,1,1,13,"777777777777","777777777777","777777777777",0,0
21,210657,1,1,8,10,11,14,41,42,0,1,0,29,1,7,442,7442,20,2000,"1B4GP44G2YB7","1","B","4","G","P","4","4","G","2","Y","B","7",0,0,0,"000000000","00000000000",0,0,0,1,0,0,0,0,0,0,0,998,0,0,0,12,6,2,42,0,0,0,1,17,62970,6,1,0,0,3,1,57,140,0,0,0,0,1,10,2016,10,2016,0,0,0,0,0,1,2,35,4,3,2,1,0,0,14,13,15,1,4,1,"777777777777","777777777777","777777777777",1,0
21,210658,1,1,1,17,11,22,31,8,0,1,0,21,2,20,405,20405,14,2015,"3GNAL2EK3FS5","3","G","N","A","L","2","E","K","3","F","S","5",0,0,0,"000000000","00000000000",0,0,0,1,0,0,0,0,0,0,0,998,0,0,0,12,4,5,8,0,0,0,1,21,40391,6,1,0,0,3,0,64,240,0,0,0,1,0,6,2014,6,2014,0,0,0,0,0,3,2,55,1,2,2,1,0,0,1,80,16,2,1,13,"777777777777","777777777777","777777777777",0,0
21,210659,1,2,1,9,11,16,20,12,1,1,0,21,1,22,20,22020,4,2008,"2G2WP5522811","2","G","2","W","P","5","5","2","2","8","1","1",0,0,0,"000000000","00000000000",0,0,0,1,0,0,0,0,0,0,0,15,0,0,0,12,4,3,12,0,0,0,1,21,42732,6,1,0,0,3,0,75,295,0,0,0,0,0,0,0,0,0,0,0,0,0,0,3,4,55,1,2,1,1,0,0,1,50,1,1,1,20,"777777777777","777777777777","777777777777",1,1
21,210659,2,2,1,9,11,16,20,12,1,1,0,18,1,49,472,49472,30,1998,"4TAWN72N3WZ0","4","T","A","W","N","7","2","N","3","W","Z","0",0,0,0,"000000000","00000000000",0,0,0,1,0,0,0,0,0,0,0,0,0,0,0,6,2,5,12,0,0,0,1,18,47122,6,1,0,0,3,0,69,170,0,0,0,0,0,0,0,0,0,0,0,0,0,0,3,4,55,1,2,1,1,0,0,5,53,1,1,1,21,"777777777777","777777777777","777777777777",0,0
21,210660,1,2,2,18,11,18,32,12,6,1,0,21,1,35,43,35043,4,2007,"3N1AB61EX7L6","3","N","1","A","B","6","1","E","X","7","L","6",0,0,0,"000000000","00000000000",0,0,0,1,0,0,0,0,0,0,0,998,0,0,0,81,6,2,12,0,0,0,1,21,42437,6,1,0,0,3,0,62,120,0,0,0,0,0,0,0,0,0,0,87,0,0,0,1,3,55,1,1,2,2,0,0,1,6,1,9,2,64,"777777777777","777777777777","777777777777",1,0
21,210660,2,2,1,18,11,18,32,12,6,1,0,21,1,20,481,20481,31,2001,"2GCEC19T9113","2","G","C","E","C","1","9","T","9","1","1","3",0,0,0,"000000000","00000000000",0,0,0,1,0,0,0,0,0,0,0,998,0,0,0,12,6,2,12,0,0,0,1,21,42459,6,1,6,0,3,1,73,240,1,0,0,0,0,8,2012,8,2012,0,0,0,0,0,1,3,55,1,1,2,2,0,0,1,62,1,1,1,65,"777777777777","777777777777","777777777777",0,0
21,210661,1,1,2,18,11,19,15,31,0,1,0,21,2,35,43,35043,4,2010,"3N1AB6AP2AL7","3","N","1","A","B","6","A","P","2","A","L","7",0,0,0,"000000000","00000000000",0,0,0,1,0,0,0,0,0,0,0,998,0,0,0,12,6,2,35,0,0,0,1,21,42776,6,1,0,0,3,0,72,195,0,0,0,0,0,0,0,0,0,0,0,0,0,0,1,2,55,1,1,2,1,0,0,1,13,1,1,4,1,"777777777777","777777777777","777777777777",2,1
21,210662,1,1,1,20,11,7,5,23,0,1,0,21,2,14,401,14401,14,2007,"4M2EU48827UJ","4","M","2","E","U","4","8","8","2","7","U","J",0,0,0,"000000000","00000000000",0,0,0,1,0,0,0,0,0,0,0,998,0,0,0,12,6,2,23,0,0,0,1,21,40211,1,1,0,0,2,0,63,160,0,3,1,0,1,4,2013,12,2013,0,0,0,0,0,1,4,35,1,1,2,1,0,0,1,13,1,1,4,1,"777777777777","777777777777","777777777777",1,1
21,210663,1,2,2,21,11,8,29,12,6,1,0,21,2,52,45,52045,6,1992,"JA3CV40D1NZ0","J","A","3","C","V","4","0","D","1","N","Z","0",0,0,0,"000000000","00000000000",0,0,0,1,0,0,0,0,0,0,0,998,0,0,0,12,6,2,12,0,0,0,1,21,40505,6,1,0,0,3,0,74,210,0,0,0,0,0,0,0,0,0,0,28,0,0,0,1,2,35,2,1,2,1,0,0,14,6,16,2,2,64,"777777777777","777777777777","777777777777",1,0
21,210663,2,2,1,21,11,8,29,12,6,1,0,21,1,23,881,23881,63,1987,"1GDT9C4CXHV5","1","G","D","T","9","C","4","C","X","H","V","5",0,0,77,"777777777","77777777777",3,2,10,1,0,0,0,0,0,0,0,998,0,0,0,11,6,2,12,0,0,0,1,21,42633,6,1,8,0,2,0,68,140,0,0,0,0,0,0,0,0,0,0,0,0,0,0,1,2,35,3,1,2,1,0,0,14,62,16,2,1,65,"777777777777","777777777777","777777777777",0,0
21,210664,1,1,1,20,11,19,11,35,0,1,0,21,2,20,401,20401,14,2002,"1GNDT13S1223","1","G","N","D","T","1","3","S","1","2","2","3",0,0,0,"000000000","00000000000",0,0,0,1,0,0,0,0,0,0,0,998,0,1,5,61,6,2,1,0,0,0,1,21,40447,3,7,0,0,2,1,68,145,0,0,0,0,0,0,0,0,0,0,0,0,0,0,1,2,55,1,1,2,1,0,0,6,8,1,3,4,2,"777777777777","777777777777","777777777777",1,0
21,210665,1,1,1,22,11,0,45,42,0,1,0,21,1,49,472,49472,30,2002,"5TENL42N62Z1","5","T","E","N","L","4","2","N","6","2","Z","1",0,0,0,"000000000","00000000000",0,0,0,1,0,0,0,0,0,0,0,998,0,1,5,12,6,2,42,0,0,0,1,21,42754,6,1,0,0,3,0,69,170,0,0,0,0,0,0,0,0,0,0,0,0,0,0,1,2,55,3,2,2,1,0,0,14,13,1,1,4,1,"777777777777","777777777777","777777777777",1,1
21,210666,1,1,1,22,11,0,56,30,0,1,0,21,1,20,421,20421,15,2002,"1GNEK13T52J1","1","G","N","E","K","1","3","T","5","2","J","1",0,0,0,"000000000","00000000000",0,0,0,1,0,0,0,0,0,0,0,998,0,0,0,98,6,2,19,0,0,0,1,21,40211,1,1,0,0,2,0,74,195,0,1,0,0,0,8,2012,8,2012,0,6,0,0,0,1,2,35,1,1,2,1,0,0,1,12,1,1,4,6,"777777777777","777777777777","777777777777",1,0