"STATE","ST_CASE","VEH_NO","VE_FORMS","NUMOCCS","DAY","MONTH","HOUR","MINUTE","HARM_EV","MAN_COLL","UNITTYPE","HIT_RUN","REG_STAT","OWNER","MAKE","MODEL","MAK_MOD","BODY_TYP","MOD_YEAR","VIN","VIN_1","VIN_2","VIN_3","VIN_4","VIN_5","VIN_6","VIN_7","VIN_8","VIN_9","VIN_10","VIN_11","VIN_12","TOW_VEH","J_KNIFE","MCARR_I1","MCARR_I2","MCARR_ID","GVWR","V_CONFIG","CARGO_BT","HAZ_INV","HAZ_PLAC","HAZ_ID","HAZ_CNO","HAZ_REL","BUS_USE","SPEC_USE","EMER_USE","TRAV_SP","UNDERIDE","ROLLOVER","ROLINLOC","IMPACT1","DEFORMED","TOWED","M_HARM","VEH_SC1","VEH_SC2","FIRE_EXP","DR_PRES","L_STATE","DR_ZIP","L_STATUS","L_TYPE","CDL_STAT","L_ENDORS","L_COMPL","L_RESTRI","DR_HGT","DR_WGT","PREV_ACC","PREV_SUS","PREV_DWI","PREV_SPD","PREV_OTH","FIRST_MO","FIRST_YR","LAST_MO","LAST_YR","SPEEDREL","DR_SF1","DR_SF2","DR_SF3","DR_SF4","VTRAFWAY","VNUM_LAN","VSPD_LIM","VALIGN","VPROFILE","VPAVETYP","VSURCOND","VTRAFCON","VTCONT_F","P_CRASH1","P_CRASH2","P_CRASH3","PCRASH4","PCRASH5","ACC_TYPE","TRLR1VIN","TRLR2VIN","TRLR3VIN","DEATHS","DR_DRINK"
21,210667,1,2,1,18,11,14,30,12,6,1,0,21,1,6,41,6041,4,1995,"2C3HD56T8SH5","2","C","3","H","D","5","6","T","8","S","H","5",0,0,0,"000000000","00000000000",0,0,0,1,0,0,0,0,0,0,0,998,0,0,0,3,6,2,12,0,0,0,1,21,42025,6,1,0,0,3,0,64,114,0,0,0,0,0,0,0,0,0,0,38,0,0,0,1,3,98,1,1,2,1,20,3,4,17,1,1,1,91,"777777777777","777777777777","777777777777",1,0
21,210667,2,2,1,18,11,14,30,12,6,1,0,21,1,23,421,23421,15,2002,"1GKEK13Z32J3","1","G","K","E","K","1","3","Z","3","2","J","3",0,0,0,"000000000","00000000000",0,0,0,1,0,0,0,0,0,0,0,998,0,1,1,12,6,2,12,0,0,0,1,21,42048,6,1,0,0,3,0,65,180,0,0,0,0,0,0,0,0,0,0,0,0,0,0,1,3,45,1,1,2,1,40,3,1,66,15,1,1,91,"777777777777","777777777777","777777777777",0,0
21,210668,1,2,2,23,11,11,52,12,6,1,0,21,2,51,47,51047,4,2001,"YV1RS61R7120","Y","V","1","R","S","6","1","R","7","1","2","0",0,0,0,"000000000","00000000000",0,0,0,1,0,0,0,0,0,0,0,30,0,0,0,81,6,2,12,0,0,0,1,21,41031,4,2,0,0,2,0,71,170,1,0,0,0,0,10,2016,10,2016,4,6,28,58,87,1,2,35,2,2,2,2,40,3,14,6,98,4,2,66,"777777777777","777777777777","777777777777",1,0
21,210668,2,2,1,23,11,11,52,12,6,1,0,18,3,98,884,98884,63,2006,"5DG8AC4T5600","5","D","G","8","A","C","4","T","5","6","0","0",0,0,57,"00942415","5700942415",3,2,5,1,0,0,0,0,0,0,0,27,0,0,0,12,6,2,12,0,0,0,1,21,41031,6,1,6,0,3,1,72,211,0,0,0,0,0,0,0,0,0,0,0,0,0,0,1,2,35,1,2,2,2,0,0,1,62,9,2,1,66,"777777777777","777777777777","777777777777",0,0
21,210669,1,1,1,26,11,7,48,30,0,1,0,47,1,12,481,12481,31,1992,"1FTDF15Y3NLA","1","F","T","D","F","1","5","Y","3","N","L","A",0,0,0,"000000000","00000000000",0,0,0,1,0,0,0,0,0,0,0,998,0,1,5,82,6,2,1,0,0,0,1,47,37143,6,1,0,0,3,0,74,230,1,1,0,0,0,4,2012,11,2015,0,0,0,0,0,5,5,45,1,2,2,1,0,0,1,13,1,1,4,1,"777777777777","777777777777","777777777777",1,1
21,210670,1,1,1,26,11,10,11,14,0,1,1,21,2,12,471,12471,30,1999,"1FTYR10C0XPB","1","F","T","Y","R","1","0","C","0","X","P","B",0,0,0,"000000000","00000000000",0,0,0,1,0,0,0,0,0,0,0,998,0,0,0,1,2,3,14,0,0,0,1,21,40258,6,1,0,0,3,0,73,160,2,0,0,0,0,7,2015,7,2015,0,91,0,0,0,3,3,70,1,2,1,1,0,0,1,11,1,1,4,11,"777777777777","777777777777","777777777777",0,0
21,210671,1,4,1,26,11,19,10,12,2,1,0,21,1,22,441,22441,20,2001,"1GMDX03E21D2","1","G","M","D","X","0","3","E","2","1","D","2",0,0,0,"000000000","00000000000",0,0,0,1,0,0,0,0,0,0,0,998,0,0,0,12,6,2,12,0,0,0,1,21,40108,6,1,0,0,3,0,64,105,0,0,0,0,0,0,0,0,0,0,28,0,0,0,1,2,55,1,1,2,1,0,0,1,10,1,1,2,50,"777777777777","777777777777","777777777777",1,1
21,210671,2,4,2,26,11,19,10,12,2,1,0,21,1,7,482,7482,31,1999,"3B7KF236XXG1","3","B","7","K","F","2","3","6","X","X","G","1",0,0,0,"000000000","00000000000",0,0,0,1,0,0,0,0,0,0,0,998,0,0,0,12,6,2,12,0,0,0,1,21,40258,6,1,0,0,3,0,70,175,0,0,0,0,0,0,0,0,0,0,0,0,0,0,1,2,55,1,1,2,1,0,0,1,62,98,1,1,51,"777777777777","777777777777","777777777777",0,0
21,210671,3,4,7,26,11,19,10,12,2,1,0,36,2,6,441,6441,20,2010,"2A4RR5D1XAR2","2","A","4","R","R","5","D","1","X","A","R","2",0,0,0,"000000000","00000000000",0,0,0,1,0,0,0,0,0,0,0,998,0,0,0,9,6,2,12,0,0,0,1,36,12056,6,1,6,0,3,0,71,999,0,0,0,0,0,0,0,0,0,0,0,0,0,0,1,2,55,1,1,2,1,0,0,1,54,98,1,1,98,"777777777777","777777777777","777777777777",0,0
21,210671,4,4,2,26,11,19,10,12,2,1,0,21,1,12,481,12481,31,2008,"1FTPW12V68KC","1","F","T","P","W","1","2","V","6","8","K","C",0,0,0,"000000000","00000000000",0,0,0,1,0,0,0,0,0,0,0,998,0,0,0,9,6,2,12,0,0,0,1,21,40165,6,7,0,0,3,0,70,210,0,0,0,0,0,0,0,0,0,0,0,0,0,0,1,2,55,1,1,2,1,0,0,1,54,1,1,1,98,"777777777777","777777777777","777777777777",0,0
21,210672,1,1,2,26,11,20,16,24,0,1,0,17,1,12,23,12023,4,2010,"3FAHP0KC7AR1","3","F","A","H","P","0","K","C","7","A","R","1",0,0,0,"000000000","00000000000",0,0,0,1,0,0,0,0,0,0,0,998,0,1,5,12,6,2,99,0,0,0,1,17,61254,6,1,0,0,3,1,69,175,0,0,0,0,0,0,0,0,0,0,0,0,0,0,6,1,98,4,2,2,1,3,3,1,13,1,1,4,1,"777777777777","777777777777","777777777777",1,0
21,210673,1,8,1,28,11,5,45,12,1,1,0,26,3,82,881,82881,66,2014,"3AKJGLBGXESF","3","A","K","J","G","L","B","G","X","E","S","F",1,1,58,"167762","58167762",3,6,1,1,0,0,0,0,0,0,0,998,0,0,0,12,6,2,12,0,0,0,1,26,48604,6,1,6,1,3,0,73,185,2,0,0,1,2,2,2013,8,2015,0,26,0,0,0,3,4,70,1,1,1,1,40,3,1,52,1,1,1,24,"888888888888","777777777777","777777777777",0,0
21,210673,2,8,1,28,11,5,45,12,1,1,0,21,2,12,471,12471,30,1994,"1FTCR10A0RUC","1","F","T","C","R","1","0","A","0","R","U","C",0,0,0,"000000000","00000000000",0,0,0,1,0,0,0,0,0,0,0,998,0,0,0,6,6,2,12,0,0,1,1,21,42754,6,1,0,0,3,0,68,155,0,0,0,0,0,0,0,0,0,0,0,0,0,0,3,4,70,1,1,1,1,40,3,2,53,1,1,1,25,"777777777777","777777777777","777777777777",1,0
21,210673,3,8,1,28,11,5,45,12,1,1,0,21,1,20,421,20421,15,1996,"1GNEK13R0TJ3","1","G","N","E","K","1","3","R","0","T","J","3",0,0,0,"000000000","00000000000",0,0,0,1,0,0,0,0,0,0,0,998,0,0,0,6,6,2,12,0,0,0,1,21,40299,6,1,0,0,3,1,69,150,1,0,0,0,0,5,2014,5,2014,0,0,0,0,0,3,4,70,1,1,1,1,40,3,2,98,1,1,1,98,"777777777777","777777777777","777777777777",0,0
21,210673,4,8,1,28,11,5,45,12,1,1,0,21,1,6,54,6054,6,2006,"2A4GM48496R7","2","A","4","G","M","4","8","4","9","6","R","7",0,0,0,"000000000","00000000000",0,0,0,1,0,0,0,0,0,0,0,998,0,0,0,5,2,5,12,0,0,0,1,21,40165,6,1,0,0,3,0,69,180,0,0,0,0,0,0,0,0,0,0,0,0,0,0,3,4,70,1,1,1,1,40,3,15,64,6,1,2,98,"777777777777","777777777777","777777777777",0,0
21,210673,5,8,1,28,11,5,45,12,1,1,0,21,1,20,482,20482,31,2002,"3GNEK13T32G1","3","G","N","E","K","1","3","T","3","2","G","1",0,0,0,"000000000","00000000000",0,0,0,1,0,0,0,0,0,0,0,998,0,0,0,6,2,5,12,0,0,0,1,21,40047,6,1,0,0,3,0,65,130,0,0,0,0,0,0,0,0,0,0,0,0,0,0,3,4,70,1,1,1,1,40,3,2,98,1,1,1,98,"777777777777","777777777777","777777777777",0,0
21,210673,7,8,2,28,11,5,45,12,1,1,0,21,1,20,23,20023,6,2008,"3GNDA13D38S5","3","G","N","D","A","1","3","D","3","8","S","5",0,0,0,"000000000","00000000000",0,0,0,1,0,0,0,0,0,0,0,0,0,0,0,5,6,2,12,0,0,0,1,21,40229,6,1,0,0,3,1,65,187,2,0,0,0,0,7,2015,11,2016,0,0,0,0,0,3,4,70,1,1,1,1,40,3,98,98,1,1,1,98,"777777777777","777777777777","777777777777",0,0
21,210673,8,8,1,28,11,5,45,12,1,1,0,21,1,63,402,63402,14,2016,"5XYPG4A32GG0","5","X","Y","P","G","4","A","3","2","G","G","0",0,0,0,"000000000","00000000000",0,0,0,1,0,0,0,0,0,0,0,0,0,0,0,7,6,2,12,0,0,0,1,21,40165,6,1,0,0,3,0,68,165,0,0,0,0,0,0,0,0,0,0,0,0,0,0,3,4,70,1,1,1,1,40,3,5,98,1,1,1,98,"777777777777","777777777777","777777777777",0,0
21,210673,9,8,1,28,11,5,45,12,1,1,0,21,1,20,481,20481,31,2000,"1GCEK19T2YE3","1","G","C","E","K","1","9","T","2","Y","E","3",0,0,0,"000000000","00000000000",0,0,0,1,0,0,0,0,0,0,0,998,0,0,0,8,2,5,12,0,0,0,1,21,40047,6,1,0,0,3,1,70,220,0,0,0,0,0,0,0,0,0,0,0,0,0,0,3,4,70,1,1,1,1,40,3,2,99,1,1,1,98,"777777777777","777777777777","777777777777",0,0
21,210674,1,2,1,28,11,13,56,12,6,1,0,21,1,7,482,7482,31,2008,"1D7HA18298J2","1","D","7","H","A","1","8","2","9","8","J","2",0,0,0,"000000000","00000000000",0,0,0,1,0,0,0,0,0,0,0,998,0,0,0,12,6,2,12,0,0,0,1,21,40229,6,1,0,0,3,0,71,170,1,0,0,1,0,1,2016,4,2016,3,6,28,0,0,1,4,35,1,1,2,2,3,3,1,17,1,1,2,88,"777777777777","777777777777","777777777777",0,0
21,210674,2,2,2,28,11,13,56,12,6,1,0,12,4,20,25,20025,4,2015,"1G1PE5SB7F72","1","G","1","P","E","5","S","B","7","F","7","2",0,0,0,"000000000","00000000000",0,0,0,1,0,0,0,0,0,0,0,0,0,0,0,61,6,2,12,0,0,0,1,13,30041,6,1,0,0,3,1,65,179,98,2,0,2,0,7,2012,11,2014,0,0,0,0,0,1,5,98,1,1,2,2,3,3,5,66,1,1,1,89,"777777777777","777777777777","777777777777",2,0
21,210675,1,1,1,16,11,17,58,52,0,1,0,21,1,12,481,12481,31,2002,"1FTRX17W02NB","1","F","T","R","X","1","7","W","0","2","N","B",0,0,0,"000000000","00000000000",0,0,0,1,0,0,0,0,0,0,0,998,0,0,0,12,6,2,52,0,0,0,1,21,41701,6,1,0,0,3,2,69,200,2,0,0,0,0,12,2014,11,2016,0,74,0,0,0,2,2,55,1,2,2,1,40,3,1,12,1,1,4,6,"777777777777","777777777777","777777777777",1,1
21,210676,1,1,1,29,11,14,21,38,0,1,0,21,1,19,3,19003,4,1995,"1G6DW52P5SR7","1","G","6","D","W","5","2","P","5","S","R","7",0,0,0,"000000000","00000000000",0,0,0,1,0,0,0,0,0,0,0,998,0,0,0,98,6,2,8,0,0,0,1,21,41144,6,1,0,0,3,0,69,185,0,0,0,0,0,0,0,0,0,0,0,0,0,0,1,2,55,1,1,2,2,0,0,1,13,1,1,4,1,"777777777777","777777777777","777777777777",0,0
21,210677,1,1,1,30,11,0,55,8,0,1,0,21,2,6,441,6441,20,2010,"2A4RR4DE7AR2","2","A","4","R","R","4","D","E","7","A","R","2",0,0,0,"000000000","00000000000",0,0,0,1,0,0,0,0,0,0,0,998,0,0,0,12,4,5,8,0,0,0,1,21,40258,6,1,0,0,3,0,66,240,0,0,0,0,0,0,0,0,0,0,0,0,0,0,1,6,45,1,1,2,2,40,3,1,80,16,2,1,13,"777777777777","777777777777","777777777777",0,0
21,210678,1,2,1,30,11,6,45,12,6,1,0,21,1,6,52,6052,6,2006,"3A4FY58B26T3","3","A","4","F","Y","5","8","B","2","6","T","3",0,0,0,"000000000","00000000000",0,0,0,1,0,0,0,0,0,0,0,7,0,0,0,61,6,2,12,0,0,0,1,21,42355,6,1,0,0,3,1,66,130,0,0,0,0,0,0,0,0,0,0,6,39,0,0,1,2,98,1,1,2,1,20,3,11,15,1,1,1,82,"777777777777","777777777777","777777777777",1,0
21,210678,2,2,1,30,11,6,45,12,6,1,0,21,2,49,471,49471,30,1994,"JT4RN01P3R70","J","T","4","R","N","0","1","P","3","R","7","0",0,0,0,"000000000","00000000000",0,0,0,1,0,0,0,0,0,0,0,60,0,0,0,12,6,2,12,0,0,0,1,21,42303,6,1,0,0,3,0,73,170,0,0,0,1,0,6,2016,6,2016,0,0,0,0,0,1,2,55,1,1,2,1,0,0,1,67,1,1,1,83,"777777777777","777777777777","777777777777",0,0
21,210679,1,2,2,29,11,7,48,12,8,1,0,21,1,12,481,12481,31,1999,"1FTRF08W7XKC","1","F","T","R","F","0","8","W","7","X","K","C",0,0,0,"000000000","00000000000",0,0,0,1,0,0,0,0,0,0,0,998,0,0,0,1,6,2,12,0,0,0,1,21,41539,6,1,0,0,3,0,68,135,0,0,0,0,0,0,0,0,0,0,28,0,0,0,1,2,55,1,1,2,2,0,0,1,10,1,1,2,64,"777777777777","777777777777","777777777777",1,0
21,210679,2,2,1,29,11,7,48,12,8,1,0,21,2,85,881,85881,63,1995,"1XKWDB0X7SJ6","1","X","K","W","D","B","0","X","7","S","J","6",0,0,77,"777777777","77777777777",3,2,4,1,0,0,0,0,0,0,0,47,0,0,0,11,6,2,12,0,0,0,1,21,41501,6,1,6,0,3,0,71,180,1,0,0,0,0,11,2016,11,2016,0,87,0,0,0,1,2,55,1,1,2,2,0,0,1,62,16,2,1,65,"777777777777","777777777777","777777777777",0,0
21,210680,1,2,1,28,11,10,35,12,7,1,0,21,1,49,40,49040,4,2004,"4T1BE32KX4U9","4","T","1","B","E","3","2","K","X","4","U","9",0,0,0,"000000000","00000000000",0,0,0,1,0,0,0,0,0,0,0,998,0,2,1,82,6,2,34,0,0,0,1,21,41006,6,1,0,0,3,0,63,130,0,0,0,0,0,0,0,0,0,0,58,0,0,0,2,2,70,3,1,2,2,0,0,14,11,7,1,6,46,"777777777777","777777777777","777777777777",0,0
21,210680,2,2,2,28,11,10,35,12,7,1,0,21,1,49,40,49040,4,2006,"4T1BE32K16U1","4","T","1","B","E","3","2","K","1","6","U","1",0,0,0,"000000000","00000000000",0,0,0,1,0,0,0,0,0,0,0,998,0,1,5,61,6,2,34,0,0,0,1,21,40004,6,1,0,0,3,0,68,260,0,0,0,0,0,0,0,0,0,0,0,0,0,0,2,2,70,3,1,2,2,0,0,14,60,1,1,1,45,"777777777777","777777777777","777777777777",1,0
21,210681,1,1,2,1,11,22,15,1,0,1,0,21,2,7,482,7482,31,1994,"1B7HC16Y4RS5","1","B","7","H","C","1","6","Y","4","R","S","5",0,0,0,"000000000","00000000000",0,0,0,1,0,0,0,0,0,0,0,998,0,2,5,0,6,2,1,0,0,0,1,21,40313,6,1,0,0,3,0,69,222,0,1,0,0,1,1,2013,1,2013,0,6,0,0,0,1,2,35,4,2,2,1,40,3,14,12,1,1,4,6,"777777777777","777777777777","777777777777",1,1
21,210682,1,1,4,2,11,6,44,42,0,1,0,21,1,12,461,12461,21,1997,"1FTJS34LXVHB","1","F","T","J","S","3","4","L","X","V","H","B",0,0,0,"000000000","00000000000",0,0,0,1,0,0,0,0,0,0,0,998,0,0,0,12,6,2,42,0,0,1,1,21,40504,9,9,99,9,9,9,999,999,99,99,99,99,99,99,9999,99,9999,0,0,0,0,0,2,2,70,1,1,2,1,0,0,1,1,16,2,4,7,"777777777777","777777777777","777777777777",3,0
21,210683,1,1,2,2,11,16,27,8,0,1,0,21,1,20,24,20024,6,2011,"1GNKRGED9BJ1","1","G","N","K","R","G","E","D","9","B","J","1",0,0,0,"000000000","00000000000",0,0,0,1,0,0,0,0,0,0,0,43,0,0,0,12,4,3,8,0,0,0,1,21,41001,6,1,0,0,3,0,69,185,1,0,0,0,0,8,2013,8,2013,0,0,0,0,0,5,5,45,1,1,2,1,0,0,1,80,1,1,1,13,"777777777777","777777777777","777777777777",0,0
21,210684,1,1,1,4,11,14,17,42,0,1,0,21,1,22,20,22020,4,2006,"2G2WP5521612","2","G","2","W","P","5","5","2","1","6","1","2",0,0,0,"000000000","00000000000",0,0,0,1,0,0,0,0,0,0,0,998,0,0,0,12,6,2,42,0,0,0,1,21,42629,6,1,0,0,3,0,70,150,0,0,0,0,0,0,0,0,0,0,0,0,0,0,1,2,55,4,2,2,1,40,3,1,12,1,1,4,6,"777777777777","777777777777","777777777777",1,0
21,210685,1,2,1,7,11,5,54,12,1,1,0,48,1,2,1,2001,6,2012,"1C4NJCBA2CD6","1","C","4","N","J","C","B","A","2","C","D","6",0,0,0,"000000000","00000000000",0,0,0,1,0,0,0,0,0,0,0,0,0,0,0,6,6,2,12,0,0,0,1,48,77069,9,9,99,9,9,9,999,999,99,99,99,99,99,99,9999,99,9999,0,54,0,0,0,3,3,70,1,1,2,1,97,8,5,53,1,1,1,21,"777777777777","777777777777","777777777777",1,0
21,210685,2,2,1,7,11,5,54,12,1,1,0,21,1,20,403,20403,14,2005,"1GNDT13S4523","1","G","N","D","T","1","3","S","4","5","2","3",0,0,0,"000000000","00000000000",0,0,0,1,0,0,0,0,0,0,0,998,0,0,0,12,6,2,12,0,0,0,1,21,42141,6,1,0,0,3,0,64,180,0,0,0,0,0,0,0,0,0,0,0,0,0,0,3,3,70,1,1,2,2,97,8,1,50,1,1,1,20,"777777777777","777777777777","777777777777",0,0
21,210686,1,2,1,7,11,16,44,12,1,1,0,0,0,98,998,98998,97,9999,"000000000000","0","0","0","0","0","0","0","0","0","0","0","0",0,0,0,"000000000","00000000000",0,0,0,1,0,0,0,0,0,0,0,998,0,1,1,6,6,2,12,0,0,0,1,21,42349,0,0,0,0,1,0,77,245,0,0,0,0,0,0,0,0,0,0,0,0,0,0,1,2,55,1,3,2,1,0,0,1,53,1,1,1,25,"777777777777","777777777777","777777777777",1,0
21,210686,2,2,1,7,11,16,44,12,1,1,0,21,1,6,18,6018,4,2015,"1C3CCCAB7FN7","1","C","3","C","C","C","A","B","7","F","N","7",0,0,0,"000000000","00000000000",0,0,0,1,0,0,0,0,0,0,0,998,0,0,0,12,6,2,12,0,0,0,1,21,42754,6,1,0,0,3,2,66,150,1,0,0,0,0,5,2013,5,2013,0,74,0,0,0,1,2,55,1,3,2,1,0,0,1,51,1,1,1,24,"777777777777","777777777777","777777777777",0,0
21,210687,1,2,1,12,11,13,44,12,6,1,0,21,1,13,13,13013,4,2009,"3LNHM26T09R6","3","L","N","H","M","2","6","T","0","9","R","6",0,0,0,"000000000","00000000000",0,0,0,1,0,0,0,0,0,0,0,998,0,0,0,12,6,2,12,0,0,0,1,21,40165,6,1,0,0,3,0,65,159,1,0,0,0,0,10,2013,10,2013,0,6,39,0,0,1,2,98,8,8,2,1,20,3,1,17,1,1,1,88,"777777777777","777777777777","777777777777",0,0
21,210687,2,2,1,12,11,13,44,12,6,1,0,21,1,37,31,37031,2,1996,"1HGEJ7121TL0","1","H","G","E","J","7","1","2","1","T","L","0",0,0,0,"000000000","00000000000",0,0,0,1,0,0,0,0,0,0,0,998,0,0,0,61,6,2,12,0,0,0,1,21,40047,6,1,0,0,3,0,70,200,1,0,0,0,0,10,2013,10,2013,0,0,0,0,0,1,2,55,1,1,2,1,0,0,1,66,1,1,1,89,"777777777777","777777777777","777777777777",1,0
21,210688,1,1,1,21,11,13,0,34,0,1,0,21,2,84,881,84881,63,1987,"1HSZEGFR4HHB","1","H","S","Z","E","G","F","R","4","H","H","B",0,0,88,"888888888","88888888888",3,2,4,1,0,0,0,0,0,0,0,998,0,1,5,98,6,2,1,0,0,0,1,21,40051,6,1,6,1,3,0,67,185,0,0,0,0,0,0,0,0,0,0,0,0,0,0,1,2,55,2,2,2,1,0,0,14,13,7,2,4,7,"777777777777","777777777777","777777777777",1,0
21,210689,1,1,1,27,11,3,17,1,0,1,0,21,2,12,401,12401,14,1999,"1FMDU34E8XUC","1","F","M","D","U","3","4","E","8","X","U","C",0,0,0,"000000000","00000000000",0,0,0,1,0,0,0,0,0,0,0,998,0,2,1,0,6,2,30,0,0,0,1,21,40216,1,7,0,0,2,0,68,184,2,1,1,0,1,12,2012,4,2014,0,0,0,0,0,1,2,35,1,1,2,1,0,0,6,9,1,2,2,98,"777777777777","777777777777","777777777777",1,1
21,210690,1,1,2,9,10,15,7,25,0,1,0,21,1,49,46,49046,4,2003,"JT2BK18UX300","J","T","2","B","K","1","8","U","X","3","0","0",0,0,0,"000000000","00000000000",0,0,0,1,0,0,0,0,0,0,0,63,0,0,0,12,6,2,25,0,0,0,1,21,40212,1,1,0,0,2,1,67,135,0,2,0,0,2,1,2014,9,2015,0,0,0,0,0,3,4,55,1,1,1,1,0,0,1,9,1,1,4,9,"777777777777","777777777777","777777777777",1,0
21,210691,1,2,2,8,11,16,47,12,6,1,0,21,1,7,26,7026,4,2008,"1B3LC46K68N1","1","B","3","L","C","4","6","K","6","8","N","1",0,0,0,"000000000","00000000000",0,0,0,1,0,0,0,0,0,0,0,998,0,0,0,61,6,2,12,0,0,0,1,21,42567,6,1,0,0,3,0,64,164,1,0,0,1,0,7,2015,1,2016,0,48,31,0,0,1,2,55,1,2,2,2,0,0,12,21,1,1,7,98,"777777777777","777777777777","777777777777",1,0
21,210691,2,2,1,8,11,16,47,12,6,1,0,21,1,35,472,35472,30,2010,"1N6AD0CW0AC4","1","N","6","A","D","0","C","W","0","A","C","4",1,1,0,"000000000","00000000000",0,0,0,1,0,0,0,0,0,0,0,998,0,0,0,12,6,2,12,0,0,0,1,21,40409,6,1,0,0,3,0,69,210,0,0,0,0,0,0,0,0,0,0,0,0,0,0,1,2,55,1,2,2,2,0,0,1,64,16,2,1,98,"888888888888","777777777777","777777777777",0,0
21,210692,1,1,3,3,9,9,20,23,0,1,0,21,2,22,20,22020,4,2004,"2G2WS5220411","2","G","2","W","S","5","2","2","0","4","1","1",0,0,0,"000000000","00000000000",0,0,0,1,0,0,0,0,0,0,0,998,0,1,5,12,6,2,23,0,0,0,1,21,42141,1,1,0,0,2,0,73,205,0,1,0,0,0,6,2015,6,2015,0,0,0,0,0,1,2,35,4,1,2,1,40,3,14,9,16,2,4,99,"777777777777","777777777777","777777777777",1,1
21,210693,1,1,1,1,10,16,43,1,0,1,0,12,1,20,17,20017,4,1986,"2G1AW19W4G11","2","G","1","A","W","1","9","W","4","G","1","1",0,0,0,"000000000","00000000000",0,0,0,1,0,0,0,0,0,0,0,40,0,2,5,0,6,2,1,0,0,0,1,12,41166,6,1,0,0,3,0,62,999,0,0,0,1,0,5,2013,5,2013,0,0,0,0,0,1,2,55,3,1,2,1,0,0,14,12,1,1,4,6,"777777777777","777777777777","777777777777",1,1
21,210694,1,1,1,28,10,19,40,39,0,1,0,21,1,41,471,41471,30,1993,"JM2UF314XP03","J","M","2","U","F","3","1","4","X","P","0","3",0,0,0,"000000000","00000000000",0,0,0,1,0,0,0,0,0,0,0,998,0,0,0,12,2,3,39,0,0,0,1,21,42349,6,1,0,0,3,0,73,165,0,0,0,0,0,0,0,0,0,0,0,0,0,0,1,2,55,1,1,2,1,20,3,1,14,1,1,4,14,"777777777777","777777777777","777777777777",1,0
21,210695,1,1,2,1,12,15,2,9,0,1,0,21,2,7,24,7024,4,2012,"2C3CDXHG7CH1","2","C","3","C","D","X","H","G","7","C","H","1",0,0,0,"000000000","00000000000",0,0,0,1,0,0,0,0,0,0,0,998,0,0,0,12,6,2,9,0,0,0,1,21,42301,6,1,0,0,3,0,65,136,0,0,0,1,0,10,2012,10,2012,0,0,0,0,0,5,5,35,1,1,2,1,40,3,1,83,16,2,1,13,"777777777777","777777777777","777777777777",0,0
21,210696,1,1,1,1,12,22,25,8,0,1,0,17,3,82,881,82881,66,2000,"1FUYDXYB9YMG","1","F","U","Y","D","X","Y","B","9","Y","M","G",1,1,57,"00154712","5700154712",3,6,1,1,0,0,0,0,0,0,0,998,0,0,0,1,2,5,8,0,0,0,1,29,63129,6,1,6,0,3,1,68,168,0,0,0,0,0,0,0,0,0,0,0,0,0,0,3,2,55,1,2,1,1,0,0,1,80,15,2,1,13,"888888888888","777777777777","777777777777",0,0
21,210697,1,2,4,2,12,18,50,12,6,1,0,21,2,48,34,48034,4,1998,"4S3BD4352W72","4","S","3","B","D","4","3","5","2","W","7","2",0,0,0,"000000000","00000000000",0,0,0,1,0,0,0,0,0,0,0,998,0,0,0,3,6,2,12,0,0,0,1,21,40071,6,7,0,0,3,0,66,140,0,0,0,0,0,0,0,0,0,0,38,0,0,0,5,5,55,1,1,2,1,0,0,11,15,1,1,1,68,"777777777777","777777777777","777777777777",2,0
21,210697,2,2,1,2,12,18,50,12,6,1,0,21,1,7,402,7402,14,1999,"1B4HS28Y2XF5","1","B","4","H","S","2","8","Y","2","X","F","5",0,0,0,"000000000","00000000000",0,0,0,1,0,0,0,0,0,0,0,998,0,0,0,12,2,3,12,0,0,0,1,21,40067,6,1,0,0,3,0,72,245,0,0,0,0,0,0,0,0,0,0,0,0,0,0,5,5,55,1,1,2,1,0,0,1,62,98,1,1,69,"777777777777","777777777777","777777777777",0,0
21,210698,1,2,2,3,12,17,21,12,2,1,0,21,1,37,402,37402,14,2008,"JHLRE487X8C0","J","H","L","R","E","4","8","7","X","8","C","0",0,0,0,"000000000","00000000000",0,0,0,1,0,0,0,0,0,0,0,998,0,0,0,12,6,2,12,0,0,0,1,21,41339,6,1,0,0,3,0,68,160,0,0,0,0,0,0,0,0,0,0,28,0,0,0,1,2,55,2,1,2,1,0,0,14,10,1,1,2,50,"777777777777","777777777777","777777777777",2,0
21,210698,2,2,1,3,12,17,21,12,2,1,0,21,1,20,481,20481,31,2002,"1GCHK24U52Z1","1","G","C","H","K","2","4","U","5","2","Z","1",0,0,0,"000000000","00000000000",0,0,0,1,0,0,0,0,0,0,0,998,0,0,0,12,6,2,12,0,0,0,1,21,40324,6,1,0,0,3,0,69,159,1,0,0,1,0,2,2013,11,2016,0,0,0,0,0,1,2,55,3,1,2,1,0,0,14,62,98,1,1,51,"777777777777","777777777777","777777777777",0,0