"STATE","ST_CASE","VEH_NO","VE_FORMS","NUMOCCS","DAY","MONTH","HOUR","MINUTE","HARM_EV","MAN_COLL","UNITTYPE","HIT_RUN","REG_STAT","OWNER","MAKE","MODEL","MAK_MOD","BODY_TYP","MOD_YEAR","VIN","VIN_1","VIN_2","VIN_3","VIN_4","VIN_5","VIN_6","VIN_7","VIN_8","VIN_9","VIN_10","VIN_11","VIN_12","TOW_VEH","J_KNIFE","MCARR_I1","MCARR_I2","MCARR_ID","GVWR","V_CONFIG","CARGO_BT","HAZ_INV","HAZ_PLAC","HAZ_ID","HAZ_CNO","HAZ_REL","BUS_USE","SPEC_USE","EMER_USE","TRAV_SP","UNDERIDE","ROLLOVER","ROLINLOC","IMPACT1","DEFORMED","TOWED","M_HARM","VEH_SC1","VEH_SC2","FIRE_EXP","DR_PRES","L_STATE","DR_ZIP","L_STATUS","L_TYPE","CDL_STAT","L_ENDORS","L_COMPL","L_RESTRI","DR_HGT","DR_WGT","PREV_ACC","PREV_SUS","PREV_DWI","PREV_SPD","PREV_OTH","FIRST_MO","FIRST_YR","LAST_MO","LAST_YR","SPEEDREL","DR_SF1","DR_SF2","DR_SF3","DR_SF4","VTRAFWAY","VNUM_LAN","VSPD_LIM","VALIGN","VPROFILE","VPAVETYP","VSURCOND","VTRAFCON","VTCONT_F","P_CRASH1","P_CRASH2","P_CRASH3","PCRASH4","PCRASH5","ACC_TYPE","TRLR1VIN","TRLR2VIN","TRLR3VIN","DEATHS","DR_DRINK"
21,210699,1,1,1,3,12,17,36,32,0,1,0,21,1,41,45,41045,1,1993,"JM1NA3511P14","J","M","1","N","A","3","5","1","1","P","1","4",0,0,0,"000000000","00000000000",0,0,0,1,0,0,0,0,0,0,0,60,0,2,5,98,6,2,1,0,0,0,1,21,42021,6,1,0,0,3,0,70,148,3,0,0,1,0,8,2012,7,2016,0,0,0,0,0,1,2,55,1,3,2,1,0,0,1,13,1,1,4,1,"777777777777","777777777777","777777777777",1,0
21,210700,1,1,1,3,12,17,19,8,0,1,0,21,1,12,16,12016,4,2006,"2FAFP74V26X1","2","F","A","F","P","7","4","V","2","6","X","1",0,0,0,"000000000","00000000000",0,0,0,1,0,0,0,0,0,0,0,998,0,0,0,12,2,3,8,0,0,0,1,21,42129,6,1,0,0,3,0,71,215,0,0,0,0,0,0,0,0,0,0,0,0,0,0,1,2,55,1,1,2,1,40,3,1,80,1,1,1,13,"777777777777","777777777777","777777777777",0,0
21,210701,1,1,3,4,12,11,44,35,0,1,0,56,1,21,23,21023,4,2001,"1G3WS52H31F2","1","G","3","W","S","5","2","H","3","1","F","2",0,0,0,"000000000","00000000000",0,0,0,1,0,0,0,0,0,0,0,998,0,1,5,12,6,2,1,0,0,0,1,17,62982,6,1,0,0,3,0,69,190,0,0,0,0,0,0,0,0,0,4,87,0,0,0,1,2,55,3,2,2,2,40,3,14,6,1,2,4,7,"777777777777","777777777777","777777777777",1,0
21,210702,1,1,2,4,12,17,0,1,0,1,0,21,1,20,16,20016,2,2002,"1G1JS1242274","1","G","1","J","S","1","2","4","2","2","7","4",0,0,0,"000000000","00000000000",0,0,0,1,0,0,0,0,0,0,0,50,0,2,5,0,6,2,1,0,0,0,1,21,40962,6,1,0,0,3,0,66,120,0,0,0,0,0,0,0,0,0,0,0,0,0,0,1,2,55,1,2,2,2,0,0,1,13,1,1,4,1,"777777777777","777777777777","777777777777",1,0
21,210703,1,2,2,6,12,13,57,12,6,1,0,21,2,20,403,20403,14,2004,"1GNDT13S5422","1","G","N","D","T","1","3","S","5","4","2","2",0,0,0,"000000000","00000000000",0,0,0,1,0,0,0,0,0,0,0,998,0,0,0,83,6,2,12,0,0,0,1,21,41562,6,1,0,0,3,1,62,120,1,0,0,0,0,4,2012,4,2012,0,28,58,0,0,1,2,45,1,1,2,2,40,3,1,10,6,4,2,66,"777777777777","777777777777","777777777777",1,0
21,210703,2,2,1,6,12,13,57,12,6,1,0,21,3,12,870,12870,62,2009,"1FCLE49LX9DA","1","F","C","L","E","4","9","L","X","9","D","A",0,0,57,"247320","57247320",2,1,1,1,0,0,0,0,0,0,0,998,0,0,0,12,6,2,12,0,0,0,1,21,41631,6,1,0,0,8,1,72,235,0,0,0,0,0,0,0,0,0,0,0,0,0,0,1,2,45,1,1,2,2,40,3,1,62,16,2,1,66,"777777777777","777777777777","777777777777",0,0
21,210704,1,1,2,7,12,11,15,24,0,1,0,21,1,12,481,12481,31,2002,"1FTNX21S52ED","1","F","T","N","X","2","1","S","5","2","E","D",1,3,0,"000000000","00000000000",0,0,0,1,0,0,0,0,0,0,0,998,0,1,5,1,6,2,1,0,0,0,1,21,41301,6,1,0,0,3,0,70,230,0,0,0,0,0,0,0,0,0,0,58,0,0,0,1,2,55,1,2,2,1,0,0,1,8,16,4,4,7,"888888888888","777777777777","777777777777",1,0
21,210705,1,2,1,7,12,9,48,12,2,1,0,21,3,12,881,12881,63,1997,"1FDZA90Y6VVA","1","F","D","Z","A","9","0","Y","6","V","V","A",0,0,57,"00654973","5700654973",3,2,4,1,0,0,0,0,0,0,0,998,0,1,1,12,6,2,12,0,0,0,1,21,40342,6,1,6,0,3,0,75,260,1,0,0,0,0,7,2014,7,2014,0,26,38,85,0,1,2,55,1,1,2,1,40,3,1,52,6,1,2,50,"777777777777","777777777777","777777777777",0,0
21,210705,2,2,1,7,12,9,48,12,2,1,0,21,2,12,471,12471,30,2000,"1FTYR10C4YPA","1","F","T","Y","R","1","0","C","4","Y","P","A",0,0,0,"000000000","00000000000",0,0,0,1,0,0,0,0,0,0,0,998,0,0,0,12,6,2,12,0,0,0,1,21,40071,6,1,0,0,3,0,68,201,0,0,0,0,0,0,0,0,0,0,0,0,0,0,1,2,55,1,1,2,1,40,3,1,62,1,1,1,51,"777777777777","777777777777","777777777777",1,0
21,210706,1,1,1,8,12,7,30,8,0,1,1,99,9,99,999,99999,99,9999,"999999999999","9","9","9","9","9","9","9","9","9","9","9","9",9,0,99,"999999999","99999999999",9,99,99,1,0,0,0,0,99,99,9,999,0,0,0,12,9,5,8,0,0,0,1,99,99999,9,9,99,9,9,9,999,999,99,99,99,99,99,99,9999,99,9999,9,0,0,0,0,1,2,35,1,1,2,1,0,0,1,80,98,1,1,13,"777777777777","777777777777","777777777777",0,0
21,210707,1,2,1,8,12,7,12,12,8,1,0,21,2,20,39,20039,4,2009,"KL1TD56E09B3","K","L","1","T","D","5","6","E","0","9","B","3",0,0,0,"000000000","00000000000",0,0,0,1,0,0,0,0,0,0,0,48,0,0,0,11,6,2,12,0,0,0,1,21,41005,6,2,0,0,3,0,63,180,0,0,0,0,0,0,0,0,0,0,58,28,0,0,1,2,45,1,1,2,1,40,3,1,13,6,1,6,64,"777777777777","777777777777","777777777777",1,0
21,210707,2,2,2,8,12,7,12,12,8,1,0,21,2,12,402,12402,14,2011,"1FMCU0C74BKC","1","F","M","C","U","0","C","7","4","B","K","C",0,0,0,"000000000","00000000000",0,0,0,1,0,0,0,0,0,0,0,48,0,0,0,11,6,2,12,0,0,0,1,21,41005,6,1,0,0,3,1,66,145,0,0,0,0,0,0,0,0,0,0,0,0,0,0,1,2,45,1,1,2,1,40,3,1,62,1,1,1,65,"777777777777","777777777777","777777777777",0,0
21,210708,1,2,1,6,12,16,27,12,2,1,0,21,1,55,36,55036,4,2002,"KMHCG45C92U3","K","M","H","C","G","4","5","C","9","2","U","3",0,0,0,"000000000","00000000000",0,0,0,1,0,0,0,0,0,0,0,998,0,0,0,12,6,2,12,0,0,0,1,21,42210,6,1,0,0,3,2,74,200,2,0,0,0,1,9,2013,12,2015,0,28,74,0,0,1,2,55,1,2,2,2,40,3,1,10,1,1,1,50,"777777777777","777777777777","777777777777",1,0
21,210708,2,2,1,6,12,16,27,12,2,1,0,21,1,20,482,20482,31,2006,"3GNEK12Z06G1","3","G","N","E","K","1","2","Z","0","6","G","1",0,0,0,"000000000","00000000000",0,0,0,1,0,0,0,0,0,0,0,998,0,0,0,12,6,2,12,0,0,0,1,21,42210,6,1,0,0,3,0,70,150,0,0,0,0,0,0,0,0,0,0,0,0,0,0,1,2,55,1,1,2,2,40,3,1,62,7,1,1,51,"777777777777","777777777777","777777777777",0,1
21,210709,1,2,1,9,12,8,3,12,6,1,0,21,2,54,38,54038,3,2003,"JH4DC53033C0","J","H","4","D","C","5","3","0","3","3","C","0",0,0,0,"000000000","00000000000",0,0,0,1,0,0,0,0,0,0,0,998,1,0,0,1,6,2,12,0,0,0,1,21,40391,6,1,0,0,3,1,66,160,0,0,0,0,0,0,0,0,0,0,6,0,0,0,2,2,70,1,1,2,1,0,0,1,10,1,1,1,98,"777777777777","777777777777","777777777777",1,1
21,210709,2,2,1,9,12,8,3,12,6,1,0,47,3,51,881,51881,66,2016,"4V4NC9EG0GN1","4","V","4","N","C","9","E","G","0","G","N","1",1,1,58,"843369","58843369",3,6,1,1,0,0,0,0,0,0,0,998,0,0,0,9,6,2,12,0,0,0,1,47,38237,6,1,6,0,3,0,73,340,0,0,0,0,0,0,0,0,0,0,0,0,0,0,2,2,70,1,1,2,1,0,0,1,64,1,1,1,98,"888888888888","777777777777","777777777777",0,0
21,210710,1,1,1,10,12,8,50,59,0,1,0,21,1,18,22,18022,4,2011,"1G4GC5NC3BF3","1","G","4","G","C","5","N","C","3","B","F","3",0,0,0,"000000000","00000000000",0,0,0,1,0,0,0,0,0,0,0,53,0,0,0,12,6,2,42,0,0,0,1,21,42378,6,1,0,0,3,0,75,220,0,0,0,1,0,5,2013,5,2013,0,0,0,0,0,1,2,55,3,1,2,1,0,0,1,8,1,1,4,1,"777777777777","777777777777","777777777777",1,0
21,210711,1,2,1,10,12,10,54,12,6,1,0,6,1,20,9,20009,2,2013,"2G1FL1EP3D98","2","G","1","F","L","1","E","P","3","D","9","8",0,0,0,"000000000","00000000000",0,0,0,1,0,0,0,0,0,0,0,70,0,0,0,3,6,2,12,0,0,0,1,21,42445,6,1,0,0,3,1,71,210,0,0,0,1,0,11,2014,11,2014,0,58,0,0,0,2,2,70,1,1,2,1,0,0,16,12,1,4,7,98,"777777777777","777777777777","777777777777",1,0
21,210711,2,2,4,10,12,10,54,12,6,1,0,39,1,12,401,12401,14,2014,"1FM5K7B82EGA","1","F","M","5","K","7","B","8","2","E","G","A",0,0,0,"000000000","00000000000",0,0,0,1,0,0,0,0,0,0,0,75,0,0,0,12,6,2,12,0,0,0,1,39,45103,6,1,0,0,3,1,73,250,0,0,0,0,0,0,0,0,0,0,0,0,0,0,3,2,70,1,1,2,1,0,0,1,64,1,1,1,98,"777777777777","777777777777","777777777777",3,0
21,210712,1,2,1,10,12,18,18,12,2,1,0,21,2,23,481,23481,31,1999,"1GTEC14W3XE5","1","G","T","E","C","1","4","W","3","X","E","5",0,0,0,"000000000","00000000000",0,0,0,1,0,0,0,0,0,0,0,998,0,0,0,12,6,2,12,0,0,0,1,21,42066,6,1,0,0,3,1,72,210,0,0,0,0,0,0,0,0,0,0,28,91,0,0,1,2,55,1,3,2,1,0,0,1,10,1,1,2,50,"777777777777","777777777777","777777777777",0,0
21,210712,2,2,1,10,12,18,18,12,2,1,0,21,1,72,706,72706,80,2016,"1HD4LE218GC4","1","H","D","4","L","E","2","1","8","G","C","4",0,0,0,"000000000","00000000000",0,0,0,1,0,0,0,0,0,0,0,998,0,0,0,12,6,2,12,0,0,0,1,21,42051,6,1,0,0,3,1,75,210,0,0,0,0,0,0,0,0,0,0,0,0,0,0,1,2,55,1,3,2,1,0,0,1,62,1,1,1,51,"777777777777","777777777777","777777777777",1,0
21,210713,1,1,1,10,12,22,36,59,0,1,0,4,3,12,870,12870,62,2015,"1FDXE4FS2FDA","1","F","D","X","E","4","F","S","2","F","D","A",0,0,77,"777777777","77777777777",2,1,1,1,0,0,0,0,0,0,0,998,0,0,0,12,6,2,2,0,0,1,1,13,31031,1,1,0,0,2,0,72,200,98,0,0,0,0,0,0,0,0,0,28,0,0,0,2,3,70,1,1,2,1,0,0,1,12,1,1,4,6,"777777777777","777777777777","777777777777",1,1
21,210714,1,1,1,11,12,21,5,35,0,1,0,21,2,23,472,23472,30,2005,"1GTCS1480581","1","G","T","C","S","1","4","8","0","5","8","1",0,0,0,"000000000","00000000000",0,0,0,1,0,0,0,0,0,0,0,68,0,1,5,98,6,2,1,0,0,0,1,21,41166,6,1,8,0,3,0,74,200,0,0,0,0,0,0,0,0,0,4,58,0,0,0,1,2,55,1,1,2,2,0,0,1,13,6,2,4,7,"777777777777","777777777777","777777777777",1,1
21,210715,1,1,1,13,12,12,5,8,0,1,0,21,3,84,884,84884,63,2013,"1HTWDAAR4DH3","1","H","T","W","D","A","A","R","4","D","H","3",0,0,77,"777777777","77777777777",3,1,4,1,0,0,0,0,0,0,0,998,0,0,0,6,0,5,8,0,0,0,1,21,40108,6,1,6,0,3,2,68,165,0,0,0,0,0,0,0,0,0,0,74,0,0,0,1,2,20,1,1,2,1,40,3,13,81,1,1,9,92,"777777777777","777777777777","777777777777",0,0
21,210716,1,1,2,13,12,20,28,35,0,1,0,21,2,14,6,14006,4,2005,"2MEHM75W85X6","2","M","E","H","M","7","5","W","8","5","X","6",0,0,0,"000000000","00000000000",0,0,0,1,0,0,0,0,0,0,0,998,0,1,5,12,6,2,42,0,0,0,1,21,42001,6,1,0,0,3,0,69,145,0,0,0,0,0,0,0,0,0,0,0,0,0,0,1,2,55,3,2,2,1,40,3,1,9,1,1,4,1,"777777777777","777777777777","777777777777",2,1
21,210717,1,2,1,14,12,12,20,12,2,1,0,21,1,12,401,12401,14,2008,"1FMEU73E18UA","1","F","M","E","U","7","3","E","1","8","U","A",0,0,0,"000000000","00000000000",0,0,0,1,0,0,0,0,0,0,0,998,0,0,0,12,6,2,12,0,0,0,1,21,42210,6,1,0,0,3,0,65,140,0,0,0,0,0,0,0,0,0,0,28,38,0,0,1,2,55,3,1,2,1,0,0,14,10,7,1,2,50,"777777777777","777777777777","777777777777",0,0
21,210717,2,2,2,14,12,12,20,12,2,1,0,21,2,21,21,21021,4,2002,"1G3NL52E22C1","1","G","3","N","L","5","2","E","2","2","C","1",0,0,0,"000000000","00000000000",0,0,0,1,0,0,0,0,0,0,0,998,0,0,0,12,6,2,12,0,0,0,1,21,42104,6,1,0,0,3,0,73,215,0,0,0,2,0,11,2012,12,2014,0,0,0,0,0,1,2,55,1,1,2,1,0,0,1,62,98,1,1,51,"777777777777","777777777777","777777777777",1,0
21,210718,1,1,1,10,12,2,20,35,0,1,0,21,2,49,50,49050,3,2006,"JTKDE1678601","J","T","K","D","E","1","6","7","8","6","0","1",0,0,0,"000000000","00000000000",0,0,0,1,0,0,0,0,0,0,0,73,0,2,5,81,6,2,35,0,0,0,1,21,41042,0,0,0,0,0,0,999,999,99,99,99,99,99,99,9999,99,9999,0,6,0,0,0,6,2,98,1,2,2,1,0,0,1,12,98,5,4,6,"777777777777","777777777777","777777777777",1,1
21,210719,1,1,1,15,12,7,3,1,0,1,0,21,1,20,22,20022,2,2006,"1G1AK15F8678","1","G","1","A","K","1","5","F","8","6","7","8",0,0,0,"000000000","00000000000",0,0,0,1,0,0,0,0,0,0,0,50,0,9,5,0,6,2,1,0,0,0,1,21,40741,6,1,0,0,3,0,70,186,1,1,1,0,0,3,2014,5,2014,0,6,58,0,0,1,2,35,4,1,2,1,0,0,14,9,98,5,4,7,"777777777777","777777777777","777777777777",1,0
21,210720,1,2,1,15,12,11,13,12,6,1,0,21,2,7,442,7442,20,1999,"1B4GP45G5XB8","1","B","4","G","P","4","5","G","5","X","B","8",0,0,0,"000000000","00000000000",0,0,0,1,0,0,0,0,0,0,0,998,0,0,0,9,6,2,12,0,0,0,1,21,42261,1,1,0,0,2,0,67,165,0,2,1,0,1,10,2014,7,2016,0,0,0,0,0,6,8,98,1,6,2,1,0,0,1,12,1,1,4,74,"777777777777","777777777777","777777777777",1,1
21,210720,2,2,1,15,12,11,13,12,6,1,0,21,2,87,884,87884,66,2007,"1XPHDB0X37N6","1","X","P","H","D","B","0","X","3","7","N","6",1,1,77,"777777777","77777777777",3,6,8,1,0,0,0,0,0,0,0,998,0,1,1,12,6,2,12,0,0,0,1,21,42743,6,1,6,0,3,0,68,120,0,0,0,0,0,0,0,0,0,0,0,0,0,0,2,3,70,1,1,2,1,0,0,1,64,15,1,1,74,"888888888888","777777777777","777777777777",0,0
21,210721,1,2,5,16,12,17,43,12,6,1,0,39,2,13,1,13001,4,2009,"2LNHM82VX9X6","2","L","N","H","M","8","2","V","X","9","X","6",0,0,0,"000000000","00000000000",0,0,0,1,0,0,0,0,0,0,0,998,0,9,5,3,6,2,12,0,0,0,1,39,43224,6,1,0,0,3,1,62,210,0,0,0,0,0,0,0,0,0,0,6,38,0,0,2,2,70,1,2,2,1,0,0,16,12,98,1,6,98,"777777777777","777777777777","777777777777",1,0
21,210721,2,2,1,16,12,17,43,12,6,1,0,39,3,85,884,85884,66,2000,"1XKTDB9X1YJ8","1","X","K","T","D","B","9","X","1","Y","J","8",1,1,77,"777777777","77777777777",3,6,1,1,0,0,0,0,0,0,0,998,0,0,0,12,6,2,12,0,0,0,1,39,43076,6,1,6,0,3,0,77,234,0,0,0,2,2,5,2012,8,2015,0,0,0,0,0,2,2,70,1,2,2,1,0,0,1,64,16,2,1,98,"888888888888","777777777777","777777777777",0,0
21,210722,1,3,1,16,12,19,31,12,6,1,0,21,2,34,35,34035,4,2004,"WBANA53514B1","W","B","A","N","A","5","3","5","1","4","B","1",0,0,0,"000000000","00000000000",0,0,0,1,0,0,0,0,0,0,0,998,0,0,0,12,6,2,12,0,0,0,1,21,40218,9,9,99,9,9,9,999,999,99,99,99,99,99,99,9999,99,9999,3,91,0,0,0,1,2,35,1,1,2,1,20,3,1,17,1,1,1,88,"777777777777","777777777777","777777777777",0,1
21,210722,2,3,1,16,12,19,31,12,6,1,0,21,1,30,46,30046,4,2012,"1VWAH7A39CC0","1","V","W","A","H","7","A","3","9","C","C","0",0,0,0,"000000000","00000000000",0,0,0,1,0,0,0,0,0,0,0,998,0,0,0,61,6,2,12,0,0,0,1,21,40229,6,1,0,0,3,0,73,185,1,0,0,0,0,11,2012,11,2012,0,0,0,0,0,1,2,98,1,1,2,1,20,3,1,66,1,1,1,89,"777777777777","777777777777","777777777777",1,0
21,210722,3,3,2,16,12,19,31,12,6,1,0,21,1,23,471,23471,30,1998,"1GTCS1943W85","1","G","T","C","S","1","9","4","3","W","8","5",0,0,0,"000000000","00000000000",0,0,0,1,0,0,0,0,0,0,0,0,0,0,0,12,4,3,12,0,0,0,1,21,40228,6,1,0,0,3,0,65,140,1,0,0,0,2,1,2014,9,2016,0,0,0,0,0,1,2,35,1,1,2,1,20,3,5,98,1,1,1,98,"777777777777","777777777777","777777777777",0,0
21,210723,1,1,1,17,12,16,5,42,0,1,0,21,1,30,47,30047,3,2013,"3VW467ATXDM6","3","V","W","4","6","7","A","T","X","D","M","6",0,0,0,"000000000","00000000000",0,0,0,1,0,0,0,0,0,0,0,998,0,0,0,12,6,2,42,0,0,0,1,21,40207,6,1,0,0,3,0,72,185,0,0,0,0,0,0,0,0,0,0,0,0,0,0,2,2,70,1,2,2,2,0,0,1,12,1,1,4,6,"777777777777","777777777777","777777777777",1,0
21,210724,1,1,1,17,12,16,48,42,0,1,0,21,2,7,482,7482,31,2007,"1D7HA18P37S2","1","D","7","H","A","1","8","P","3","7","S","2",0,0,0,"000000000","00000000000",0,0,0,1,0,0,0,0,0,0,0,75,0,0,0,12,6,2,42,0,0,0,1,51,24273,6,1,0,0,3,0,75,245,0,0,0,0,0,0,0,0,0,0,0,0,0,0,2,3,70,1,1,2,1,0,0,1,12,1,1,4,6,"777777777777","777777777777","777777777777",1,0
21,210725,1,2,2,18,12,13,16,12,6,1,0,21,1,63,402,63402,14,2004,"KNDJD7332452","K","N","D","J","D","7","3","3","2","4","5","2",0,0,0,"000000000","00000000000",0,0,0,1,0,0,0,0,0,0,0,998,0,1,5,8,6,2,1,0,0,0,1,17,62910,6,1,0,0,3,0,66,210,0,0,0,0,0,0,0,0,0,0,38,0,0,0,1,2,35,1,1,2,1,0,0,11,15,1,1,2,72,"777777777777","777777777777","777777777777",1,0
21,210725,2,2,1,18,12,13,16,12,6,1,0,21,1,12,481,12481,31,2010,"1FTSWSBR6AEA","1","F","T","S","W","S","B","R","6","A","E","A",0,0,0,"000000000","00000000000",0,0,0,1,0,0,0,0,0,0,0,998,0,0,0,1,6,2,12,0,0,0,1,21,42459,6,1,0,0,3,0,72,207,0,0,0,0,0,0,0,0,0,0,0,0,0,0,1,2,35,1,1,2,1,0,0,6,61,15,1,1,73,"777777777777","777777777777","777777777777",0,0
21,210726,1,2,1,14,12,4,52,12,1,1,0,21,2,12,23,12023,4,2007,"3FAHP07167R2","3","F","A","H","P","0","7","1","6","7","R","2",0,0,0,"000000000","00000000000",0,0,0,1,0,0,0,0,0,0,0,998,0,0,0,12,6,2,12,0,0,0,1,21,41465,6,1,0,0,3,0,69,145,3,0,0,2,0,12,2012,3,2016,3,0,0,0,0,2,2,65,1,1,2,1,0,0,15,11,7,1,2,40,"777777777777","777777777777","777777777777",1,0
21,210726,2,2,1,14,12,4,52,12,1,1,0,21,1,12,881,12881,66,1997,"1FDZY90W5VVJ","1","F","D","Z","Y","9","0","W","5","V","V","J",1,1,77,"777777777","77777777777",3,6,10,1,0,0,0,0,0,0,0,998,0,0,0,6,4,5,12,0,0,0,1,21,41604,6,1,99,9,9,9,70,185,0,0,0,0,0,0,0,0,0,0,0,0,0,0,2,2,65,1,1,2,1,0,0,1,53,1,1,1,41,"888888888888","777777777777","777777777777",0,0
21,210727,1,2,1,17,12,10,30,12,6,1,0,21,1,12,401,12401,14,2002,"1FMZU73E12ZC","1","F","M","Z","U","7","3","E","1","2","Z","C",1,2,0,"000000000","00000000000",0,0,0,1,0,0,0,0,0,0,0,998,0,0,0,81,6,2,12,0,0,0,1,21,41339,6,1,0,0,3,0,71,145,0,0,0,0,0,0,0,0,0,0,87,0,0,0,1,2,55,4,1,2,2,40,3,14,8,16,2,2,64,"888888888888","777777777777","777777777777",0,0
21,210727,2,2,2,17,12,10,30,12,6,1,0,21,2,2,404,2404,14,2004,"1J8GW68J94C2","1","J","8","G","W","6","8","J","9","4","C","2",0,0,0,"000000000","00000000000",0,0,0,1,0,0,0,0,0,0,0,998,0,0,0,12,6,2,12,0,0,0,1,21,41339,6,1,0,0,3,0,72,200,0,0,0,0,0,0,0,0,0,0,87,0,0,0,1,2,55,4,1,2,2,40,3,14,62,98,1,1,65,"777777777777","777777777777","777777777777",2,0
21,210728,1,2,1,21,12,17,35,12,2,1,0,21,1,24,1,24001,4,1996,"1G8ZK5276TZ2","1","G","8","Z","K","5","2","7","6","T","Z","2",0,0,0,"000000000","00000000000",0,0,0,1,0,0,0,0,0,0,0,998,0,2,5,12,6,2,12,0,0,0,1,21,40447,1,1,0,0,2,0,71,175,0,2,0,0,0,5,2013,11,2016,0,28,0,0,0,1,2,55,1,1,2,1,0,0,1,10,1,1,2,50,"777777777777","777777777777","777777777777",1,1
21,210728,2,2,4,21,12,17,35,12,2,1,0,21,2,35,47,35047,4,2005,"1N4AL11D55C1","1","N","4","A","L","1","1","D","5","5","C","1",0,0,0,"000000000","00000000000",0,0,0,1,0,0,0,0,0,0,0,998,0,0,0,12,6,2,12,0,0,0,1,21,40447,6,1,0,0,3,1,65,100,1,0,0,0,0,12,2012,12,2012,0,0,0,0,0,1,2,55,1,1,2,1,0,0,1,62,98,1,1,51,"777777777777","777777777777","777777777777",0,0
21,210729,1,1,1,21,12,18,45,42,0,1,0,21,2,20,481,20481,31,2006,"2GCEK13TX611","2","G","C","E","K","1","3","T","X","6","1","1",0,0,0,"000000000","00000000000",0,0,0,1,0,0,0,0,0,0,0,998,0,1,1,12,6,2,2,0,0,1,1,21,40359,1,1,0,0,2,0,63,153,2,1,1,3,0,8,2012,1,2016,4,0,0,0,0,1,2,55,2,1,2,1,40,3,14,6,98,2,4,7,"777777777777","777777777777","777777777777",1,1
21,210730,1,1,1,21,12,5,30,35,0,1,0,21,3,12,16,12016,4,2010,"2FABP7BV8AX1","2","F","A","B","P","7","B","V","8","A","X","1",0,0,0,"000000000","00000000000",0,0,0,1,0,0,0,0,0,0,0,998,0,0,0,61,6,2,35,0,0,0,1,21,40351,6,1,0,0,3,0,66,135,0,0,0,0,0,0,0,0,0,4,0,0,0,0,2,2,70,4,2,2,4,0,0,14,6,16,3,4,2,"777777777777","777777777777","777777777777",1,0
21,210731,1,1,3,20,12,0,24,42,0,1,0,21,1,42,401,42401,14,1998,"4JGAB54E3WA0","4","J","G","A","B","5","4","E","3","W","A","0",0,0,0,"000000000","00000000000",0,0,0,1,0,0,0,0,0,0,0,60,0,0,0,3,6,2,42,0,0,0,1,21,42303,6,1,0,0,3,0,64,125,0,0,0,0,0,0,0,0,0,5,28,0,0,0,1,2,55,1,3,2,1,0,0,1,10,7,1,4,1,"777777777777","777777777777","777777777777",3,0
21,210732,1,2,1,20,12,14,34,12,1,1,0,21,2,20,473,20473,30,2005,"1GCCS1364582","1","G","C","C","S","1","3","6","4","5","8","2",0,0,0,"000000000","00000000000",0,0,0,1,0,0,0,0,0,0,0,998,0,0,0,12,6,2,12,0,0,0,1,18,47150,6,1,0,0,3,1,69,180,0,0,0,0,2,9,2012,7,2013,3,0,0,0,0,1,4,55,1,1,2,1,40,3,1,51,1,1,1,24,"777777777777","777777777777","777777777777",1,0
21,210732,2,2,1,20,12,14,34,12,1,1,0,18,3,87,884,87884,78,2015,"1NPCLPTX3FD2","1","N","P","C","L","P","T","X","3","F","D","2",0,0,57,"00263905","5700263905",3,1,4,1,0,0,0,0,0,0,0,998,0,0,0,6,4,3,12,0,0,0,1,21,40229,6,1,6,0,3,0,71,220,1,0,0,0,0,1,2015,1,2015,0,0,0,0,0,1,4,55,1,1,2,1,40,3,1,53,1,1,1,25,"777777777777","777777777777","777777777777",0,0
21,210733,1,2,3,20,12,15,21,12,1,1,0,47,1,12,481,12481,31,2011,"1FT7W2BT0BEA","1","F","T","7","W","2","B","T","0","B","E","A",0,0,0,"000000000","00000000000",0,0,0,1,0,0,0,0,0,0,0,70,0,0,0,12,6,2,12,0,0,0,1,47,38017,6,1,0,0,3,0,73,185,0,0,0,0,0,0,0,0,0,0,0,0,0,0,3,2,70,1,1,1,1,0,0,1,51,1,1,1,24,"777777777777","777777777777","777777777777",1,0
21,210733,2,2,1,20,12,15,21,12,1,1,0,0,0,98,998,98998,92,2006,"N9C523015","N","9","C","5","2","3","0","1","5","","","",0,0,0,"000000000","00000000000",0,0,0,1,0,0,0,0,0,0,0,998,0,0,0,6,4,3,12,0,0,0,1,21,42544,6,1,6,0,1,0,68,210,0,0,0,0,0,0,0,0,0,0,0,0,0,0,3,2,70,1,1,1,1,0,0,1,53,1,1,1,25,"777777777777","777777777777","777777777777",0,0
21,210734,1,1,2,17,12,12,56,24,0,1,0,21,1,7,482,7482,31,2003,"1D7HA16K13J6","1","D","7","H","A","1","6","K","1","3","J","6",0,0,0,"000000000","00000000000",0,0,0,1,0,0,0,0,0,0,0,998,0,0,0,61,6,2,42,0,0,0,1,21,40729,6,1,0,0,3,0,75,285,0,0,0,0,0,0,0,0,0,0,87,0,0,0,1,2,35,4,2,2,2,0,0,14,9,98,2,4,7,"777777777777","777777777777","777777777777",1,0
21,210735,1,1,1,24,12,11,50,24,0,1,0,21,1,23,481,23481,31,1999,"1GTEK19T1XZ5","1","G","T","E","K","1","9","T","1","X","Z","5",0,0,0,"000000000","00000000000",0,0,0,1,0,0,0,0,0,0,0,998,0,1,5,9,6,2,1,0,0,0,1,21,42765,6,1,0,0,3,0,70,135,0,0,0,0,0,0,0,0,0,0,0,0,0,0,1,2,55,3,2,2,2,0,0,14,13,1,1,4,1,"777777777777","777777777777","777777777777",1,1