"STATE","ST_CASE","VEH_NO","VE_FORMS","NUMOCCS","DAY","MONTH","HOUR","MINUTE","HARM_EV","MAN_COLL","UNITTYPE","HIT_RUN","REG_STAT","OWNER","MAKE","MODEL","MAK_MOD","BODY_TYP","MOD_YEAR","VIN","VIN_1","VIN_2","VIN_3","VIN_4","VIN_5","VIN_6","VIN_7","VIN_8","VIN_9","VIN_10","VIN_11","VIN_12","TOW_VEH","J_KNIFE","MCARR_I1","MCARR_I2","MCARR_ID","GVWR","V_CONFIG","CARGO_BT","HAZ_INV","HAZ_PLAC","HAZ_ID","HAZ_CNO","HAZ_REL","BUS_USE","SPEC_USE","EMER_USE","TRAV_SP","UNDERIDE","ROLLOVER","ROLINLOC","IMPACT1","DEFORMED","TOWED","M_HARM","VEH_SC1","VEH_SC2","FIRE_EXP","DR_PRES","L_STATE","DR_ZIP","L_STATUS","L_TYPE","CDL_STAT","L_ENDORS","L_COMPL","L_RESTRI","DR_HGT","DR_WGT","PREV_ACC","PREV_SUS","PREV_DWI","PREV_SPD","PREV_OTH","FIRST_MO","FIRST_YR","LAST_MO","LAST_YR","SPEEDREL","DR_SF1","DR_SF2","DR_SF3","DR_SF4","VTRAFWAY","VNUM_LAN","VSPD_LIM","VALIGN","VPROFILE","VPAVETYP","VSURCOND","VTRAFCON","VTCONT_F","P_CRASH1","P_CRASH2","P_CRASH3","PCRASH4","PCRASH5","ACC_TYPE","TRLR1VIN","TRLR2VIN","TRLR3VIN","DEATHS","DR_DRINK"
22,220008,4,5,1,16,1,1,30,12,1,1,0,22,1,49,40,49040,4,2011,"4T1BB3EK8BU1","4","T","1","B","B","3","E","K","8","B","U","1",0,0,0,"000000000","00000000000",0,0,0,1,0,0,0,0,0,0,0,999,0,0,0,11,2,5,12,0,0,0,1,22,70115,6,1,0,0,3,0,68,210,0,0,0,0,0,0,0,0,0,0,0,0,0,0,3,4,65,1,1,1,1,0,0,1,50,1,1,1,98,"777777777777","777777777777","777777777777",0,0
22,220008,5,5,1,16,1,1,30,12,1,1,0,93,4,82,881,82881,66,2012,"1FUJGLBG4CSB","1","F","U","J","G","L","B","G","4","C","S","B",1,1,77,"777777777","77777777777",3,6,1,1,0,0,0,0,0,0,0,999,7,0,0,12,6,2,12,0,0,0,1,22,70114,6,1,6,0,3,0,66,233,0,0,0,0,1,11,2011,11,2011,0,0,0,0,0,3,4,65,1,1,1,1,0,0,1,50,1,1,1,98,"999999999999","777777777777","777777777777",0,0
22,220009,1,1,1,16,1,2,25,42,0,1,0,22,1,13,5,13005,4,1999,"1LNHM83W2XY7","1","L","N","H","M","8","3","W","2","X","Y","7",0,0,0,"000000000","00000000000",0,0,0,1,0,0,0,0,0,0,0,999,0,0,0,3,6,2,42,0,0,0,1,22,71108,3,1,0,0,2,3,67,220,0,0,0,0,0,0,0,0,0,9,99,99,99,99,1,2,98,1,1,1,1,0,0,99,11,99,9,4,5,"777777777777","777777777777","777777777777",1,1
22,220010,1,2,2,16,1,11,48,12,6,1,0,22,1,7,482,7482,31,2006,"1D7HA16K46J1","1","D","7","H","A","1","6","K","4","6","J","1",0,0,0,"000000000","00000000000",0,0,0,1,0,0,0,0,0,0,0,10,0,0,0,12,6,2,12,0,0,0,1,22,71454,6,1,0,0,3,0,71,170,0,0,0,0,0,0,0,0,0,0,38,0,0,0,2,2,45,1,1,1,1,3,3,11,17,1,1,1,68,"777777777777","777777777777","777777777777",0,0
22,220010,2,2,1,16,1,11,48,12,6,1,0,22,1,72,706,72706,80,2008,"1HD1GN4108K3","1","H","D","1","G","N","4","1","0","8","K","3",0,0,0,"000000000","00000000000",0,0,0,1,0,0,0,0,0,0,0,999,0,0,0,62,6,2,12,0,0,0,1,22,71360,6,1,0,0,3,0,69,185,0,0,0,0,0,0,0,0,0,0,0,0,0,0,2,2,45,1,1,1,1,3,3,1,62,7,1,1,69,"777777777777","777777777777","777777777777",1,0
22,220011,1,1,2,17,1,4,42,46,0,1,0,22,1,14,401,14401,14,2000,"4M2ZU66P5YUJ","4","M","2","Z","U","6","6","P","5","Y","U","J",0,0,0,"000000000","00000000000",0,0,0,1,0,0,0,0,0,0,0,999,0,0,0,62,6,2,46,0,0,0,1,22,71203,6,1,0,0,3,0,63,220,0,0,0,0,0,0,0,0,0,0,0,0,0,0,2,2,50,1,1,2,1,3,3,1,12,1,1,4,6,"777777777777","777777777777","777777777777",1,0
22,220012,1,3,1,20,1,6,27,9,0,1,0,22,1,37,32,37032,4,2000,"1HGCG5668YA0","1","H","G","C","G","5","6","6","8","Y","A","0",0,0,0,"000000000","00000000000",0,0,0,1,0,0,0,0,0,0,0,999,0,0,0,1,2,5,9,0,0,0,1,22,70544,6,1,0,0,3,3,67,185,0,0,0,0,0,0,0,0,0,0,0,0,0,0,2,3,55,1,1,2,1,0,0,1,83,1,1,1,13,"777777777777","777777777777","777777777777",0,0
22,220012,2,3,1,20,1,6,27,9,0,1,0,22,3,12,23,12023,4,2014,"3FA6P0H78ER1","3","F","A","6","P","0","H","7","8","E","R","1",0,0,0,"000000000","00000000000",0,0,0,1,0,0,0,0,0,0,0,999,0,0,0,1,2,5,9,0,0,0,1,22,70508,6,1,0,0,3,0,71,240,0,0,0,0,0,0,0,0,0,0,0,0,0,0,2,3,55,1,1,2,1,0,0,1,83,7,1,2,98,"777777777777","777777777777","777777777777",0,0
22,220012,3,3,1,20,1,6,27,9,0,1,0,22,1,7,472,7472,31,2007,"1D7HW28K27S2","1","D","7","H","W","2","8","K","2","7","S","2",0,0,0,"000000000","00000000000",0,0,0,1,0,0,0,0,0,0,0,999,0,0,0,12,0,5,9,0,0,0,1,22,70465,6,1,0,0,3,0,66,189,0,0,0,3,2,7,2011,5,2015,0,0,0,0,0,2,3,55,1,1,2,1,0,0,1,83,1,1,1,98,"777777777777","777777777777","777777777777",0,0
22,220013,1,1,1,24,1,1,19,8,0,1,1,99,9,99,999,99999,99,9999,"999999999999","9","9","9","9","9","9","9","9","9","9","9","9",0,0,0,"000000000","00000000000",0,0,0,1,0,0,0,0,0,0,0,999,0,0,0,99,9,5,8,0,0,0,1,99,99999,9,9,99,9,9,9,999,999,99,99,99,99,99,99,9999,99,9999,9,99,99,99,99,2,2,98,1,1,1,1,0,0,1,80,99,9,9,13,"777777777777","777777777777","777777777777",0,0
22,220014,1,2,3,24,1,3,0,12,1,1,0,22,2,35,47,35047,4,2010,"1N4AL2AP7AN5","1","N","4","A","L","2","A","P","7","A","N","5",0,0,0,"000000000","00000000000",0,0,0,1,0,0,0,0,0,0,0,999,0,0,0,12,6,2,12,0,0,1,1,22,70458,0,0,0,0,0,0,999,999,99,99,99,99,99,99,9999,99,9999,9,99,99,99,99,2,3,60,1,1,2,1,0,0,2,99,99,1,3,32,"777777777777","777777777777","777777777777",1,1
22,220014,2,2,1,24,1,3,0,12,1,1,0,22,2,37,441,37441,20,2004,"5FNRL18674B1","5","F","N","R","L","1","8","6","7","4","B","1",0,0,0,"000000000","00000000000",0,0,0,1,0,0,0,0,0,0,0,998,0,0,0,6,6,2,12,0,0,0,1,22,70129,0,0,0,0,0,0,999,999,99,99,99,99,99,99,9999,99,9999,9,99,99,99,99,2,3,60,1,1,2,1,0,0,1,53,99,1,1,32,"777777777777","777777777777","777777777777",0,1
22,220015,1,1,1,24,1,18,23,34,0,1,0,22,1,20,37,20037,4,2008,"1G1ZT58N48F1","1","G","1","Z","T","5","8","N","4","8","F","1",0,0,0,"000000000","00000000000",0,0,0,1,0,0,0,0,0,0,0,70,0,0,0,12,6,2,42,0,0,0,1,28,70438,6,1,0,0,3,3,69,200,98,0,0,1,0,4,2015,4,2015,4,99,99,99,99,1,2,30,1,1,2,1,28,3,1,13,6,2,4,9,"777777777777","777777777777","777777777777",1,1
22,220016,1,1,1,25,1,4,15,39,0,1,0,22,1,37,32,37032,4,2002,"1HGCG32772A0","1","H","G","C","G","3","2","7","7","2","A","0",0,0,0,"000000000","00000000000",0,0,0,1,0,0,0,0,0,0,0,999,0,0,0,98,6,2,39,0,0,0,1,22,70114,6,1,0,0,3,0,73,165,0,0,0,0,0,0,0,0,0,9,99,99,99,99,4,2,35,1,1,2,1,99,9,1,12,99,1,4,10,"777777777777","777777777777","777777777777",1,1
22,220017,1,3,1,30,1,14,43,12,6,1,0,22,2,20,431,20431,16,1995,"3GNEC16K1SG1","3","G","N","E","C","1","6","K","1","S","G","1",0,0,0,"000000000","00000000000",0,0,0,1,0,0,0,0,0,0,0,999,0,0,0,1,4,3,12,0,0,0,1,22,70611,0,0,0,0,0,0,999,999,99,99,99,99,99,99,9999,99,9999,0,38,0,0,0,1,2,55,1,1,2,1,0,0,11,15,1,1,1,68,"777777777777","777777777777","777777777777",0,0
22,220017,2,3,1,30,1,14,43,12,6,1,0,22,1,72,706,72706,80,2010,"1HD1FC412AB6","1","H","D","1","F","C","4","1","2","A","B","6",0,0,0,"000000000","00000000000",0,0,0,1,0,0,0,0,0,0,0,999,0,0,0,12,6,2,12,0,0,0,1,22,70669,6,1,0,0,3,0,72,235,0,0,0,0,0,0,0,0,0,0,0,0,0,0,1,2,55,1,1,2,1,0,0,1,62,7,1,1,69,"777777777777","777777777777","777777777777",0,0
22,220017,3,3,2,30,1,14,43,12,6,1,0,22,1,72,706,72706,80,2015,"1HD1KEL18FB7","1","H","D","1","K","E","L","1","8","F","B","7",0,0,0,"000000000","00000000000",0,0,0,1,0,0,0,0,0,0,0,999,0,0,0,2,6,2,12,0,0,0,1,22,70663,6,1,0,0,3,3,73,250,0,0,0,0,0,0,0,0,0,0,0,0,0,0,1,2,55,1,1,2,1,0,0,1,62,6,1,1,98,"777777777777","777777777777","777777777777",1,0
22,220019,1,2,1,31,1,20,27,1,0,1,0,22,1,20,24,20024,6,2009,"1GNER23D19S1","1","G","N","E","R","2","3","D","1","9","S","1",0,0,0,"000000000","00000000000",0,0,0,1,0,0,0,0,0,0,0,999,0,0,0,11,2,5,12,0,0,0,1,22,70548,6,1,0,0,3,0,64,110,0,0,0,3,1,7,2012,12,2015,0,38,0,0,0,0,0,0,0,0,0,0,98,3,11,15,1,1,1,98,"777777777777","777777777777","777777777777",0,0
22,220019,2,2,1,31,1,20,27,1,0,1,0,92,0,53,705,53705,80,1994,"JS1GN72A7R21","J","S","1","G","N","7","2","A","7","R","2","1",0,0,0,"000000000","00000000000",0,0,0,1,0,0,0,0,0,0,0,999,0,0,0,0,2,3,12,0,0,0,1,22,70506,6,1,0,0,2,0,74,149,0,0,0,0,0,0,0,0,0,9,99,99,99,99,5,5,40,1,1,2,1,0,0,1,72,16,2,1,98,"777777777777","777777777777","777777777777",1,0
22,220020,1,1,1,31,1,23,52,42,0,1,0,22,1,12,481,12481,31,1998,"1FTPX27L2WKA","1","F","T","P","X","2","7","L","2","W","K","A",0,0,0,"000000000","00000000000",0,0,0,1,0,0,0,0,0,0,0,999,0,0,0,12,6,2,42,0,0,0,1,22,70767,2,1,0,0,2,0,66,210,0,0,0,2,1,7,2011,3,2014,9,24,0,0,0,1,2,55,2,1,2,2,0,0,14,12,99,1,4,10,"777777777777","777777777777","777777777777",1,1
22,220021,1,1,2,2,1,23,2,42,0,1,0,22,1,55,401,55401,14,2002,"KM8SC13D32U2","K","M","8","S","C","1","3","D","3","2","U","2",0,0,0,"000000000","00000000000",0,0,0,1,0,0,0,0,0,0,0,70,0,1,5,12,6,2,42,0,0,0,1,22,71072,6,1,0,0,3,0,69,167,0,0,0,0,0,0,0,0,0,4,0,0,0,0,1,2,55,3,3,2,1,40,3,14,13,16,2,4,2,"777777777777","777777777777","777777777777",2,1
22,220022,1,1,1,4,1,10,0,1,0,1,0,22,2,20,403,20403,14,2003,"1GNDS13S5323","1","G","N","D","S","1","3","S","5","3","2","3",0,0,0,"000000000","00000000000",0,0,0,1,0,0,0,0,0,0,0,89,0,1,5,0,6,2,1,0,0,0,1,22,71334,6,1,0,0,3,0,66,140,0,0,0,1,0,3,2015,3,2015,3,0,0,0,0,1,2,55,3,2,2,1,0,0,14,13,6,2,4,2,"777777777777","777777777777","777777777777",1,0
22,220023,1,1,2,9,1,22,45,30,0,1,0,22,1,72,706,72706,80,2016,"1HD1KEL14GB6","1","H","D","1","K","E","L","1","4","G","B","6",0,0,0,"000000000","00000000000",0,0,0,1,0,0,0,0,0,0,0,55,0,0,0,12,6,2,30,0,0,0,1,22,70373,6,1,0,0,2,2,73,255,0,1,1,0,1,7,2014,11,2014,0,6,74,0,0,1,2,55,3,1,2,1,40,3,14,13,1,1,4,1,"777777777777","777777777777","777777777777",2,0
22,220024,1,1,1,9,1,20,30,35,0,1,0,22,2,12,481,12481,31,2011,"1FTFW1E68BFB","1","F","T","F","W","1","E","6","8","B","F","B",0,0,0,"000000000","00000000000",0,0,0,1,0,0,0,0,0,0,0,85,0,1,5,99,6,2,1,0,0,0,1,22,71071,6,1,0,0,3,0,70,215,0,0,0,1,0,1,2013,1,2013,3,0,0,0,0,1,2,45,2,2,2,1,0,0,14,12,1,1,4,6,"777777777777","777777777777","777777777777",1,1
22,220025,1,2,1,9,1,20,18,12,2,1,0,22,1,34,35,34035,4,2007,"WBANE53567CW","W","B","A","N","E","5","3","5","6","7","C","W",0,0,0,"000000000","00000000000",0,0,0,1,0,0,0,0,0,0,0,55,0,0,0,12,6,2,12,0,0,0,1,22,71360,6,1,0,0,3,0,62,155,0,0,0,1,0,9,2013,9,2013,0,51,0,0,0,1,2,55,1,1,2,1,0,0,1,10,1,1,2,50,"777777777777","777777777777","777777777777",1,0
22,220025,2,2,1,9,1,20,18,12,2,1,0,22,1,37,402,37402,14,2009,"3CZRE38339G7","3","C","Z","R","E","3","8","3","3","9","G","7",0,0,0,"000000000","00000000000",0,0,0,1,0,0,0,0,0,0,0,55,0,0,0,12,6,2,12,0,0,0,1,22,70586,6,1,0,0,3,0,72,160,0,0,0,3,2,6,2011,9,2015,0,0,0,0,0,1,2,55,1,1,2,1,0,0,1,62,1,1,1,51,"777777777777","777777777777","777777777777",0,0
22,220026,1,1,1,13,1,7,25,42,0,1,0,22,1,49,32,49032,4,2012,"2T1BU4EEXCC9","2","T","1","B","U","4","E","E","X","C","C","9",0,0,0,"000000000","00000000000",0,0,0,1,0,0,0,0,0,0,0,55,0,1,5,12,6,2,42,0,0,0,1,22,70560,6,1,0,0,3,0,71,150,0,0,0,0,2,7,2015,8,2015,0,6,0,0,0,1,2,55,1,1,2,1,0,0,1,13,6,4,4,1,"777777777777","777777777777","777777777777",1,0
22,220027,1,1,3,13,1,22,30,8,0,1,0,22,2,20,481,20481,31,2000,"1GCEC14W5YZ1","1","G","C","E","C","1","4","W","5","Y","Z","1",0,0,0,"000000000","00000000000",0,0,0,1,0,0,0,0,0,0,0,55,0,0,0,12,4,3,8,0,0,0,1,22,70364,6,1,0,0,3,3,62,112,0,0,0,0,0,0,0,0,0,0,0,0,0,0,2,2,55,1,1,2,1,0,0,1,80,8,2,1,13,"777777777777","777777777777","777777777777",0,0
22,220028,1,2,2,14,1,18,15,12,6,1,0,22,2,23,481,23481,31,2014,"3GTU2UEC8EG5","3","G","T","U","2","U","E","C","8","E","G","5",0,0,0,"000000000","00000000000",0,0,0,1,0,0,0,0,0,0,0,25,0,0,0,82,6,2,12,0,0,0,1,22,70535,6,1,0,0,3,0,70,190,0,0,0,0,0,0,0,0,0,0,38,0,0,0,2,4,65,1,1,2,2,21,3,11,17,1,1,1,68,"777777777777","777777777777","777777777777",0,0
22,220028,2,2,3,14,1,18,15,12,6,1,0,22,1,14,6,14006,4,1996,"2MELM74W2TX6","2","M","E","L","M","7","4","W","2","T","X","6",0,0,0,"000000000","00000000000",0,0,0,1,0,0,0,0,0,0,0,65,0,0,0,12,6,2,12,0,0,0,1,22,70535,6,1,0,0,3,0,74,165,0,0,0,0,0,0,0,0,0,0,0,0,0,0,2,4,65,1,1,2,2,0,0,1,64,16,1,1,69,"777777777777","777777777777","777777777777",1,0
22,220029,1,3,1,15,1,18,20,12,1,1,0,22,2,49,43,49043,4,2004,"4T1BF28B14U3","4","T","1","B","F","2","8","B","1","4","U","3",0,0,0,"000000000","00000000000",0,0,0,1,0,0,0,0,0,0,0,70,0,0,0,12,6,2,12,0,0,0,1,22,70438,6,1,0,0,3,3,64,135,0,0,0,0,0,0,0,0,0,0,6,0,0,0,2,4,70,1,1,2,1,0,0,1,52,1,1,1,28,"777777777777","777777777777","777777777777",0,0
22,220029,2,3,2,15,1,18,20,12,1,1,0,22,1,12,481,12481,31,2014,"1FTFW1CF6EKE","1","F","T","F","W","1","C","F","6","E","K","E",0,0,0,"000000000","00000000000",0,0,0,1,0,0,0,0,0,0,0,65,0,0,0,6,2,5,12,0,0,0,1,22,70422,6,1,0,0,3,3,73,260,0,0,0,0,0,0,0,0,0,0,0,0,0,0,2,4,70,1,1,2,1,0,0,2,53,8,1,1,29,"777777777777","777777777777","777777777777",0,0
22,220029,3,3,2,15,1,18,20,12,1,1,0,5,1,63,34,63034,4,2013,"5XXGM4A75DG1","5","X","X","G","M","4","A","7","5","D","G","1",0,0,0,"000000000","00000000000",0,0,0,1,0,0,0,0,0,0,0,65,0,0,0,12,6,2,12,0,0,0,1,5,72120,6,1,0,0,3,3,72,250,0,0,0,0,1,6,2013,6,2013,0,0,0,0,0,2,4,70,1,1,2,1,0,0,1,64,1,1,1,98,"777777777777","777777777777","777777777777",1,0
22,220030,1,1,3,16,1,14,0,42,0,1,0,22,1,35,421,35421,15,2011,"5N1BA0ND7BN6","5","N","1","B","A","0","N","D","7","B","N","6",0,0,0,"000000000","00000000000",0,0,0,1,0,0,0,0,0,0,0,55,0,0,0,12,6,2,42,0,0,0,1,22,70656,6,1,0,0,3,0,70,195,0,0,0,0,0,0,0,0,0,0,6,0,0,0,1,2,55,1,1,2,1,0,0,1,12,1,1,4,6,"777777777777","777777777777","777777777777",3,0
22,220031,1,2,1,16,1,16,10,12,2,1,0,22,2,35,39,35039,4,2001,"JN1CA31D81T8","J","N","1","C","A","3","1","D","8","1","T","8",0,0,0,"000000000","00000000000",0,0,0,1,0,0,0,0,0,0,0,55,0,0,0,12,6,2,12,0,0,0,1,22,70427,6,1,0,0,3,0,72,185,0,0,0,3,0,4,2012,12,2015,0,99,99,99,99,1,2,55,1,1,2,1,0,0,1,10,1,1,2,50,"777777777777","777777777777","777777777777",1,0
22,220031,2,2,2,16,1,16,10,12,2,1,0,22,1,20,481,20481,31,2002,"2GCEC19T9213","2","G","C","E","C","1","9","T","9","2","1","3",0,0,0,"000000000","00000000000",0,0,0,1,0,0,0,0,0,0,0,57,0,0,0,12,6,2,12,0,0,0,1,22,70726,6,1,0,0,3,0,72,180,0,0,0,0,1,12,2015,12,2015,0,0,0,0,0,1,2,55,1,1,2,1,0,0,1,62,1,1,1,51,"777777777777","777777777777","777777777777",0,0
22,220032,1,3,1,16,1,18,7,12,6,1,0,48,2,23,481,23481,31,2000,"2GTEC19T5Y12","2","G","T","E","C","1","9","T","5","Y","1","2",0,0,0,"000000000","00000000000",0,0,0,1,0,0,0,0,0,0,0,60,0,0,0,4,6,2,12,0,0,0,1,48,77075,1,1,0,0,2,0,999,999,0,4,0,0,0,8,2013,8,2013,4,6,0,0,0,2,3,60,2,1,2,2,0,0,14,12,1,1,4,66,"777777777777","777777777777","777777777777",1,1
22,220032,2,3,2,16,1,18,7,12,6,1,0,5,1,98,850,98850,73,2007,"4VZBT1D9X7C0","4","V","Z","B","T","1","D","9","X","7","C","0",6,1,0,"000000000","00000000000",0,0,0,1,0,0,0,0,0,0,0,60,0,0,0,12,6,2,12,0,0,0,1,5,71913,6,1,0,0,3,0,71,200,1,0,0,0,0,1,2013,1,2013,0,0,0,0,0,2,3,60,4,1,2,2,0,0,14,62,1,1,1,66,"777777777777","777777777777","777777777777",0,0
22,220032,3,3,1,16,1,18,7,12,6,1,0,22,3,87,884,87884,66,2011,"1XPXD49X2BD1","1","X","P","X","D","4","9","X","2","B","D","1",1,1,57,"1065598","571065598",3,6,4,1,0,0,0,0,0,0,0,60,0,0,0,12,2,3,12,0,0,0,1,22,70546,6,1,6,0,3,0,68,230,0,0,0,2,0,1,2013,9,2015,0,0,0,0,0,6,1,60,9,9,2,2,0,0,1,62,7,1,1,98,"999999999999","777777777777","777777777777",0,0
22,220033,1,1,4,17,1,16,30,1,0,1,0,22,2,20,431,20431,16,1999,"3GNEC16R6XG2","3","G","N","E","C","1","6","R","6","X","G","2",0,0,0,"000000000","00000000000",0,0,0,1,0,0,0,0,0,0,0,70,0,1,5,0,6,2,1,0,0,0,1,22,71203,0,0,0,0,0,0,999,999,99,99,99,99,99,99,9999,99,9999,0,80,0,0,0,2,2,70,1,1,2,1,0,0,1,1,1,2,4,7,"777777777777","777777777777","777777777777",1,0
22,220034,1,1,1,17,1,22,32,42,0,1,0,22,1,49,50,49050,3,2006,"JTKDE177X601","J","T","K","D","E","1","7","7","X","6","0","1",0,0,0,"000000000","00000000000",0,0,0,1,0,0,0,0,0,0,0,999,0,0,0,62,6,2,42,0,0,0,1,22,70458,6,1,0,0,3,0,67,145,0,0,0,0,0,0,0,0,0,3,6,58,0,0,1,2,55,1,1,1,1,0,0,1,10,7,3,4,2,"777777777777","777777777777","777777777777",1,1
22,220035,1,1,5,18,1,13,35,1,0,1,0,22,3,20,431,20431,16,2001,"3GNEC16T51G2","3","G","N","E","C","1","6","T","5","1","G","2",0,0,0,"000000000","00000000000",0,0,0,1,0,0,0,0,0,0,0,70,0,1,1,0,4,3,1,0,0,0,1,22,70570,6,1,0,0,3,0,67,160,0,0,0,1,0,3,2014,3,2014,0,58,24,0,0,3,2,70,1,1,1,1,0,0,1,51,6,5,2,98,"777777777777","777777777777","777777777777",1,0
22,220036,1,1,1,18,1,20,50,53,0,1,0,22,1,49,471,49471,30,1987,"JT4RN63R3H01","J","T","4","R","N","6","3","R","3","H","0","1",0,0,0,"000000000","00000000000",0,0,0,1,0,0,0,0,0,0,0,55,0,1,5,98,6,2,1,0,0,0,1,22,70754,6,1,0,0,3,0,69,185,0,0,0,0,0,0,0,0,0,0,24,58,0,0,1,2,55,1,1,2,1,0,0,1,13,6,1,4,1,"777777777777","777777777777","777777777777",1,1
22,220037,1,1,1,19,1,19,15,8,0,1,0,22,1,42,48,42048,4,2010,"WDDHF5GB3AA0","W","D","D","H","F","5","G","B","3","A","A","0",0,0,0,"000000000","00000000000",0,0,0,1,0,0,0,0,0,0,0,70,0,0,0,12,2,5,8,0,0,0,1,22,70460,1,1,0,0,2,3,69,170,0,0,1,0,1,3,2015,5,2015,0,0,0,0,0,2,3,70,1,3,2,1,0,0,1,80,1,1,1,13,"777777777777","777777777777","777777777777",0,0
22,220038,1,1,1,20,1,13,11,3,0,1,0,22,2,20,421,20421,15,2003,"1GNEC13Z53R1","1","G","N","E","C","1","3","Z","5","3","R","1",0,0,0,"000000000","00000000000",0,0,0,1,0,0,0,0,0,0,0,45,0,0,0,0,2,3,3,0,0,0,1,22,70377,6,1,0,0,3,3,68,145,0,0,0,1,0,11,2015,11,2015,0,99,99,99,99,1,2,45,3,1,2,2,0,0,14,9,99,4,4,0,"777777777777","777777777777","777777777777",1,0
22,220039,1,1,1,21,1,3,4,1,0,1,0,22,2,23,481,23481,31,1995,"2GTEK19K9S15","2","G","T","E","K","1","9","K","9","S","1","5",0,0,0,"000000000","00000000000",0,0,0,1,0,0,0,0,0,0,0,55,0,1,5,0,6,2,1,0,0,0,1,22,71280,6,1,0,0,3,0,71,148,0,0,0,0,2,7,2013,8,2014,0,6,24,0,0,1,2,55,1,1,2,2,0,0,1,13,6,3,4,7,"777777777777","777777777777","777777777777",1,1
22,220040,1,1,1,22,1,16,50,42,0,1,0,22,1,20,481,20481,31,2009,"3GCEC23J29G1","3","G","C","E","C","2","3","J","2","9","G","1",0,0,0,"000000000","00000000000",0,0,0,1,0,0,0,0,0,0,0,70,0,0,0,12,6,2,42,0,0,0,1,22,71234,6,1,0,0,3,0,69,140,0,0,0,1,1,3,2012,4,2013,0,99,99,99,99,2,2,70,1,1,1,1,0,0,1,13,1,1,4,1,"777777777777","777777777777","777777777777",1,1
22,220041,1,1,1,22,1,17,8,8,0,1,0,22,2,7,27,7027,6,2016,"3C4PDCAB5GT1","3","C","4","P","D","C","A","B","5","G","T","1",0,0,0,"000000000","00000000000",0,0,0,1,0,0,0,0,0,0,0,65,0,0,0,1,4,3,8,0,0,0,1,22,71052,6,1,0,0,3,3,62,152,0,0,0,0,0,0,0,0,0,0,6,0,0,0,2,2,65,3,1,1,1,0,0,14,81,1,1,4,13,"777777777777","777777777777","777777777777",0,0
22,220042,1,2,1,22,1,18,21,12,2,1,0,22,1,19,3,19003,4,2003,"1G6KD54Y43U2","1","G","6","K","D","5","4","Y","4","3","U","2",0,0,0,"000000000","00000000000",0,0,0,1,0,0,0,0,0,0,0,55,0,0,0,12,6,2,12,0,0,0,1,22,70448,6,1,0,0,3,0,63,165,0,0,0,0,0,0,0,0,0,0,28,0,0,0,1,2,55,1,1,2,1,0,0,1,10,1,1,2,50,"777777777777","777777777777","777777777777",1,0
22,220042,2,2,2,22,1,18,21,12,2,1,0,22,1,13,15,13015,4,2013,"1LNHL9DK2DG6","1","L","N","H","L","9","D","K","2","D","G","6",0,0,0,"000000000","00000000000",0,0,0,1,0,0,0,0,0,0,0,55,0,0,0,12,6,2,12,0,0,0,1,22,70437,6,1,0,0,3,0,71,209,0,0,0,0,1,7,2012,7,2012,0,0,0,0,0,1,2,55,1,1,2,1,0,0,1,62,1,1,1,51,"777777777777","777777777777","777777777777",1,0
22,220043,1,4,2,26,1,8,45,12,6,1,0,22,2,49,40,49040,4,2003,"4T1BE32K53U6","4","T","1","B","E","3","2","K","5","3","U","6",0,0,0,"000000000","00000000000",0,0,0,1,0,0,0,0,0,0,0,70,0,0,0,11,6,2,12,0,0,0,1,22,70526,1,1,0,0,2,0,71,160,0,2,0,2,1,7,2011,10,2014,0,6,0,0,0,2,2,70,1,1,2,2,0,0,1,12,1,1,4,66,"777777777777","777777777777","777777777777",1,0
22,220043,2,4,1,26,1,8,45,12,6,1,0,48,1,30,421,30421,15,2005,"WVGZG77L25D0","W","V","G","Z","G","7","7","L","2","5","D","0",0,0,0,"000000000","00000000000",0,0,0,1,0,0,0,0,0,0,0,70,0,0,0,63,2,5,12,0,0,0,1,48,77338,6,1,0,0,3,0,999,999,0,0,0,0,0,0,0,0,0,0,0,0,0,0,2,2,70,1,1,2,2,0,0,1,62,1,1,1,66,"777777777777","777777777777","777777777777",0,0
22,220043,3,4,1,26,1,8,45,12,6,1,0,93,3,84,884,84884,66,2013,"3HSDJSJR1DN3","3","H","S","D","J","S","J","R","1","D","N","3",1,3,57,"105824","57105824",3,6,1,1,0,0,0,0,0,0,0,70,0,0,0,8,6,2,12,0,0,0,1,1,35063,6,1,6,0,3,0,74,286,0,0,0,0,0,0,0,0,0,0,0,0,0,0,2,2,70,1,1,2,2,0,0,1,62,1,1,1,98,"999999999999","777777777777","777777777777",0,0
22,220043,4,4,2,26,1,8,45,12,6,1,0,13,4,7,442,7442,20,2016,"2C4RDGCG8GR1","2","C","4","R","D","G","C","G","8","G","R","1",0,0,0,"000000000","00000000000",0,0,0,1,0,0,0,0,0,0,0,70,0,0,0,13,6,2,12,0,0,0,1,48,75946,6,1,0,0,3,3,999,999,0,2,0,0,2,6,2011,12,2014,0,0,0,0,0,2,2,70,1,1,2,2,0,0,15,61,6,1,1,98,"777777777777","777777777777","777777777777",0,0