"STATE","ST_CASE","VEH_NO","VE_FORMS","NUMOCCS","DAY","MONTH","HOUR","MINUTE","HARM_EV","MAN_COLL","UNITTYPE","HIT_RUN","REG_STAT","OWNER","MAKE","MODEL","MAK_MOD","BODY_TYP","MOD_YEAR","VIN","VIN_1","VIN_2","VIN_3","VIN_4","VIN_5","VIN_6","VIN_7","VIN_8","VIN_9","VIN_10","VIN_11","VIN_12","TOW_VEH","J_KNIFE","MCARR_I1","MCARR_I2","MCARR_ID","GVWR","V_CONFIG","CARGO_BT","HAZ_INV","HAZ_PLAC","HAZ_ID","HAZ_CNO","HAZ_REL","BUS_USE","SPEC_USE","EMER_USE","TRAV_SP","UNDERIDE","ROLLOVER","ROLINLOC","IMPACT1","DEFORMED","TOWED","M_HARM","VEH_SC1","VEH_SC2","FIRE_EXP","DR_PRES","L_STATE","DR_ZIP","L_STATUS","L_TYPE","CDL_STAT","L_ENDORS","L_COMPL","L_RESTRI","DR_HGT","DR_WGT","PREV_ACC","PREV_SUS","PREV_DWI","PREV_SPD","PREV_OTH","FIRST_MO","FIRST_YR","LAST_MO","LAST_YR","SPEEDREL","DR_SF1","DR_SF2","DR_SF3","DR_SF4","VTRAFWAY","VNUM_LAN","VSPD_LIM","VALIGN","VPROFILE","VPAVETYP","VSURCOND","VTRAFCON","VTCONT_F","P_CRASH1","P_CRASH2","P_CRASH3","PCRASH4","PCRASH5","ACC_TYPE","TRLR1VIN","TRLR2VIN","TRLR3VIN","DEATHS","DR_DRINK"
22,220120,2,2,1,9,3,7,30,12,6,1,0,22,1,63,38,63038,4,2015,"KNAFX4A68F54","K","N","A","F","X","4","A","6","8","F","5","4",0,0,0,"000000000","00000000000",0,0,0,1,0,0,0,0,0,0,0,5,0,0,0,12,6,2,12,0,0,0,1,22,71411,6,1,0,0,3,3,69,160,0,0,0,0,0,0,0,0,0,0,0,0,0,0,1,2,55,1,1,2,2,0,0,1,62,9,1,4,66,"777777777777","777777777777","777777777777",1,0
22,220121,1,3,1,9,3,18,32,35,0,1,0,22,2,7,482,7482,31,2007,"1D7HA18287J6","1","D","7","H","A","1","8","2","8","7","J","6",0,0,0,"000000000","00000000000",0,0,0,1,0,0,0,0,0,0,0,70,0,1,5,61,6,2,12,0,0,0,1,22,70466,6,1,0,0,3,0,63,170,0,0,0,0,0,0,0,0,0,9,6,28,0,0,2,2,70,1,1,1,1,0,0,1,12,99,3,4,10,"777777777777","777777777777","777777777777",1,1
22,220121,2,3,2,9,3,18,32,35,0,1,0,22,2,54,421,54421,15,2014,"5FRYD3H48EB0","5","F","R","Y","D","3","H","4","8","E","B","0",0,0,0,"000000000","00000000000",0,0,0,1,0,0,0,0,0,0,0,70,0,0,0,62,4,5,12,0,0,0,1,22,70462,6,1,0,0,3,0,60,105,0,0,0,0,0,0,0,0,0,0,0,0,0,0,2,2,70,1,1,1,1,0,0,1,62,1,1,1,98,"777777777777","777777777777","777777777777",0,0
22,220121,3,3,1,9,3,18,32,35,0,1,0,22,3,51,881,51881,66,2016,"4V4NC9EH3GN9","4","V","4","N","C","9","E","H","3","G","N","9",1,1,57,"330295","57330295",3,6,1,1,0,0,0,0,0,0,0,60,0,0,0,12,6,2,12,0,0,0,1,1,36617,6,1,6,0,3,0,70,214,1,0,0,0,0,8,2014,8,2014,0,0,0,0,0,2,2,70,1,1,1,1,0,0,1,62,1,1,1,98,"888888888888","777777777777","777777777777",0,0
22,220122,1,2,1,10,3,19,48,12,1,1,1,22,2,12,471,12471,30,1994,"1FTCR10A5RUA","1","F","T","C","R","1","0","A","5","R","U","A",0,0,0,"000000000","00000000000",0,0,0,1,0,0,0,0,0,0,0,55,0,1,1,12,4,3,12,0,0,0,1,22,71203,1,1,0,0,2,3,73,155,0,0,2,0,2,5,2012,3,2015,9,6,91,0,0,1,4,55,1,4,2,2,0,0,1,50,16,2,1,20,"777777777777","777777777777","777777777777",0,1
22,220122,2,2,3,10,3,19,48,12,1,1,0,22,2,37,31,37031,2,2000,"1HGEJ8140YL0","1","H","G","E","J","8","1","4","0","Y","L","0",0,0,0,"000000000","00000000000",0,0,0,1,0,0,0,0,0,0,0,0,0,0,0,6,6,2,12,0,0,0,1,22,71263,6,1,0,0,3,3,61,365,0,0,0,0,0,0,0,0,0,0,24,0,0,0,1,4,55,4,4,2,2,0,0,5,53,11,1,1,22,"777777777777","777777777777","777777777777",1,0
22,220123,1,1,2,10,3,20,10,9,0,1,0,22,2,55,35,55035,4,2015,"5NPDH4AE6FH5","5","N","P","D","H","4","A","E","6","F","H","5",0,0,0,"000000000","00000000000",0,0,0,1,0,0,0,0,0,0,0,50,0,0,0,12,2,3,9,0,0,0,1,22,70570,6,1,0,0,3,0,73,250,0,0,0,0,0,0,0,0,0,0,0,0,0,0,1,2,55,1,1,2,2,0,0,6,83,6,1,2,13,"777777777777","777777777777","777777777777",0,0
22,220124,1,2,2,12,3,10,34,12,6,1,0,49,1,41,471,41471,30,1992,"JM24F1139N02","J","M","2","4","F","1","1","3","9","N","0","2",0,0,0,"000000000","00000000000",0,0,0,1,0,0,0,0,0,0,0,50,0,0,0,3,6,2,12,0,0,0,1,49,84321,3,1,0,0,2,0,64,180,98,0,0,0,0,0,0,0,0,4,6,24,0,0,1,2,45,3,1,2,2,40,3,14,6,99,4,2,64,"777777777777","777777777777","777777777777",1,0
22,220124,2,2,1,12,3,10,34,12,6,1,0,22,1,23,421,23421,15,2001,"1GKEC13V61J1","1","G","K","E","C","1","3","V","6","1","J","1",0,0,0,"000000000","00000000000",0,0,0,1,0,0,0,0,0,0,0,48,0,0,0,12,6,2,12,0,0,0,1,22,70805,6,1,0,0,3,0,73,200,0,0,0,0,0,0,0,0,0,0,0,0,0,0,1,2,45,1,1,2,2,0,0,1,62,6,1,1,65,"777777777777","777777777777","777777777777",0,0
22,220126,1,1,1,3,3,22,29,8,0,1,0,22,3,82,881,82881,64,2014,"3ALACWDT3EDF","3","A","L","A","C","W","D","T","3","E","D","F",0,0,77,"777777777","77777777777",2,1,96,1,0,0,0,0,0,0,0,999,0,0,0,12,2,5,8,0,0,0,1,22,71328,6,1,6,0,3,0,73,241,0,0,0,0,0,0,0,0,0,0,0,0,0,0,1,2,45,1,1,2,1,0,0,1,80,16,1,1,13,"777777777777","777777777777","777777777777",0,0
22,220127,1,3,0,6,3,4,30,12,7,1,0,22,6,37,31,37031,4,2006,"JHMFA15866S0","J","H","M","F","A","1","5","8","6","6","S","0",0,0,0,"000000000","00000000000",0,0,0,1,0,0,0,0,0,0,0,0,0,0,0,11,6,2,12,0,0,0,0,0,99997,7,6,97,7,6,7,998,997,998,998,998,998,998,98,9998,98,9998,8,0,0,0,0,3,4,65,1,1,1,1,0,0,0,53,0,0,0,98,"777777777777","777777777777","777777777777",0,0
22,220127,2,3,1,6,3,4,30,12,7,1,0,22,1,20,481,20481,31,2004,"2GCEC19T3413","2","G","C","E","C","1","9","T","3","4","1","3",0,0,0,"000000000","00000000000",0,0,0,1,0,0,0,0,0,0,0,999,0,0,0,1,6,2,8,0,0,0,1,22,70056,6,1,6,0,3,3,72,245,0,0,0,3,1,4,2012,12,2012,0,0,0,0,0,3,4,65,1,1,1,1,0,0,1,50,7,1,1,98,"777777777777","777777777777","777777777777",0,0
22,220127,3,3,1,6,3,4,30,12,7,1,0,22,1,35,50,35050,4,2008,"3N1BC11E08L4","3","N","1","B","C","1","1","E","0","8","L","4",0,0,0,"000000000","00000000000",0,0,0,1,0,0,0,0,0,0,0,999,0,0,0,14,0,5,8,0,0,0,1,22,70458,6,1,0,0,3,3,75,190,0,0,0,0,0,0,0,0,0,0,0,0,0,0,3,4,65,1,1,1,1,0,0,1,83,1,1,1,98,"777777777777","777777777777","777777777777",0,0
22,220128,1,1,1,8,3,18,21,8,0,1,0,22,1,35,401,35401,14,2014,"5N1AR2MN2EC6","5","N","1","A","R","2","M","N","2","E","C","6",0,0,0,"000000000","00000000000",0,0,0,1,0,0,0,0,0,0,0,30,0,0,0,12,4,5,8,0,0,0,1,22,70438,6,1,0,0,3,3,68,145,0,0,0,0,0,0,0,0,0,0,0,0,0,0,1,2,25,1,1,2,1,0,0,1,80,1,1,1,13,"777777777777","777777777777","777777777777",0,0
22,220129,1,1,5,9,3,13,57,21,0,1,0,22,1,23,421,23421,15,2000,"1GKEC13T4YJ1","1","G","K","E","C","1","3","T","4","Y","J","1",0,0,0,"000000000","00000000000",0,0,0,1,0,0,0,0,0,0,0,50,0,0,0,9,6,2,21,0,0,0,1,22,71202,6,1,0,0,3,0,69,230,0,0,0,0,0,0,0,0,0,0,6,0,0,0,6,1,50,3,1,1,2,0,0,14,8,15,9,4,7,"777777777777","777777777777","777777777777",1,0
22,220130,1,1,2,12,3,21,6,33,0,1,0,22,2,72,706,72706,80,2013,"1HD1JNV1XDB0","1","H","D","1","J","N","V","1","X","D","B","0",0,0,0,"000000000","00000000000",0,0,0,1,0,0,0,0,0,0,0,50,0,0,0,99,6,2,33,0,0,0,1,27,55117,6,1,0,0,2,0,72,180,0,1,0,2,1,1,2012,4,2014,0,6,0,0,0,2,2,35,1,1,2,1,0,0,6,13,1,1,4,1,"777777777777","777777777777","777777777777",1,1
22,220131,1,3,2,15,3,17,23,12,1,1,0,22,1,20,481,20481,31,2011,"3GCPCSE06BG2","3","G","C","P","C","S","E","0","6","B","G","2",0,0,0,"000000000","00000000000",0,0,0,1,0,0,0,0,0,0,0,65,0,0,0,12,6,2,12,0,0,0,1,22,71119,6,1,6,0,3,0,72,200,0,0,0,1,0,12,2014,12,2014,0,26,0,0,0,3,2,70,1,1,1,1,0,0,1,51,15,1,1,28,"777777777777","777777777777","777777777777",0,0
22,220131,2,3,2,15,3,17,23,12,1,1,0,22,1,2,403,2403,14,2015,"1C4AJWAG3FL7","1","C","4","A","J","W","A","G","3","F","L","7",0,0,0,"000000000","00000000000",0,0,0,1,0,0,0,0,0,0,0,7,0,0,0,6,6,2,12,0,0,0,1,22,71111,6,1,0,0,3,0,65,160,0,0,0,0,0,0,0,0,0,0,0,0,0,0,3,2,70,1,1,1,1,0,0,2,53,1,1,1,29,"777777777777","777777777777","777777777777",2,0
22,220131,3,3,1,15,3,17,23,12,1,1,0,22,1,12,481,12481,31,2009,"1FTPW12V69KB","1","F","T","P","W","1","2","V","6","9","K","B",0,0,0,"000000000","00000000000",0,0,0,1,0,0,0,0,0,0,0,0,0,0,0,6,6,2,12,0,0,0,1,22,71107,6,1,0,0,3,3,70,185,0,0,0,0,0,0,0,0,0,0,0,0,0,0,3,2,70,1,1,1,1,0,0,2,53,1,1,1,98,"777777777777","777777777777","777777777777",0,0
22,220132,1,1,1,12,3,12,25,53,0,1,0,22,1,12,481,12481,31,2007,"1FTRW12W57KC","1","F","T","R","W","1","2","W","5","7","K","C",0,0,0,"000000000","00000000000",0,0,0,1,0,0,0,0,0,0,0,50,0,0,0,11,6,2,32,0,0,0,1,22,70363,1,1,0,0,2,3,74,345,0,1,0,0,1,12,2015,12,2015,0,6,0,0,0,1,2,50,1,1,2,1,0,0,1,12,1,1,4,6,"777777777777","777777777777","777777777777",1,0
22,220133,1,1,2,12,3,19,53,42,0,1,0,22,1,12,471,12471,30,1996,"1FTCR10A7TTA","1","F","T","C","R","1","0","A","7","T","T","A",0,0,0,"000000000","00000000000",0,0,0,1,0,0,0,0,0,0,0,70,0,1,5,1,6,2,42,0,0,0,1,22,71433,6,1,0,0,3,0,63,130,0,0,0,1,1,11,2013,7,2014,3,6,0,0,0,1,2,55,1,1,2,2,0,0,1,13,6,1,4,9,"777777777777","777777777777","777777777777",1,1
22,220134,1,1,1,13,3,7,50,42,0,1,0,22,1,20,36,20036,2,2007,"2G1WL15C2793","2","G","1","W","L","1","5","C","2","7","9","3",0,0,0,"000000000","00000000000",0,0,0,1,0,0,0,0,0,0,0,55,0,0,0,62,6,2,42,0,0,0,1,22,70570,6,1,6,0,3,0,67,176,0,1,0,0,1,8,2015,8,2015,0,6,0,0,0,1,2,55,3,1,2,1,0,0,14,13,1,1,4,1,"777777777777","777777777777","777777777777",1,1
22,220135,1,1,3,13,3,10,10,38,0,1,0,22,2,2,403,2403,14,2013,"1C4BJWEG5DL6","1","C","4","B","J","W","E","G","5","D","L","6",0,0,0,"000000000","00000000000",0,0,0,1,0,0,0,0,0,0,0,50,0,0,0,81,6,2,31,0,0,0,1,22,71303,6,1,0,0,3,0,72,165,0,0,0,0,0,0,0,0,0,0,6,0,0,0,1,2,55,1,1,2,1,0,0,1,13,9,2,4,3,"777777777777","777777777777","777777777777",1,0
22,220136,1,1,2,13,3,21,29,35,0,1,0,22,2,23,481,23481,31,2011,"1GT121C81BF1","1","G","T","1","2","1","C","8","1","B","F","1",0,0,0,"000000000","00000000000",0,0,0,1,0,0,0,0,0,0,0,59,0,1,5,12,6,2,1,0,0,0,1,28,39364,6,1,0,0,3,0,68,180,98,0,0,2,0,3,2014,5,2014,9,6,0,0,0,1,2,45,3,1,2,1,0,0,14,13,1,1,4,4,"777777777777","777777777777","777777777777",1,0
22,220137,1,2,2,18,3,9,10,12,6,1,0,28,1,42,42,42042,4,2004,"WDBRF61J54E0","W","D","B","R","F","6","1","J","5","4","E","0",0,0,0,"000000000","00000000000",0,0,0,1,0,0,0,0,0,0,0,70,0,0,0,9,6,2,12,0,0,0,1,28,39553,1,1,0,0,2,0,67,140,98,1,0,0,1,12,2014,12,2014,0,6,0,0,0,2,2,70,1,1,2,1,0,0,1,12,1,4,4,98,"777777777777","777777777777","777777777777",1,0
22,220137,2,2,3,18,3,9,10,12,6,1,0,12,1,2,422,2422,15,2015,"1C4RJEAG4FC1","1","C","4","R","J","E","A","G","4","F","C","1",0,0,0,"000000000","00000000000",0,0,0,1,0,0,0,0,0,0,0,70,0,0,0,12,6,2,12,0,0,0,1,12,33823,6,1,0,0,3,0,63,999,0,0,0,1,0,2,2014,2,2014,0,0,0,0,0,2,2,70,1,1,2,1,0,0,1,62,9,1,4,98,"777777777777","777777777777","777777777777",0,0
22,220138,1,2,1,20,3,10,51,12,6,1,0,22,2,49,482,49482,31,2006,"5TBET34126S5","5","T","B","E","T","3","4","1","2","6","S","5",0,0,0,"000000000","00000000000",0,0,0,1,0,0,0,0,0,0,0,998,0,0,0,12,6,2,12,0,0,0,1,22,70737,0,0,0,0,0,0,999,999,0,0,0,0,0,0,0,0,0,2,6,91,0,0,2,2,65,1,1,2,1,0,0,1,13,1,1,4,98,"777777777777","777777777777","777777777777",0,1
22,220138,2,2,2,20,3,10,51,12,6,1,0,22,1,20,421,20421,15,1996,"1GNEC13R5TJ3","1","G","N","E","C","1","3","R","5","T","J","3",0,0,0,"000000000","00000000000",0,0,0,1,0,0,0,0,0,0,0,0,0,1,5,62,6,2,12,0,0,0,1,22,70820,0,0,0,0,0,0,999,999,0,0,0,0,0,0,0,0,0,0,0,0,0,0,0,0,0,0,0,0,0,0,0,98,71,1,1,5,98,"777777777777","777777777777","777777777777",1,0
22,220139,1,2,1,20,3,19,40,12,2,1,0,22,1,23,481,23481,31,2014,"3GTP1UEC5EG5","3","G","T","P","1","U","E","C","5","E","G","5",0,0,0,"000000000","00000000000",0,0,0,1,0,0,0,0,0,0,0,55,0,0,0,12,6,2,12,0,0,0,1,22,70444,6,1,0,0,3,0,73,280,1,1,0,5,1,3,2013,10,2015,0,28,0,0,0,1,2,55,1,1,1,1,0,0,1,10,1,1,4,50,"777777777777","777777777777","777777777777",0,0
22,220139,2,2,2,20,3,19,40,12,2,1,0,22,1,7,482,7482,31,1996,"1B6MC365XTJ1","1","B","6","M","C","3","6","5","X","T","J","1",0,0,0,"000000000","00000000000",0,0,0,1,0,0,0,0,0,0,0,35,0,0,0,12,6,2,12,0,0,0,1,22,70444,6,1,6,0,3,0,73,303,0,0,0,0,0,0,0,0,0,0,0,0,0,0,1,2,55,1,1,1,1,0,0,1,62,9,1,4,51,"777777777777","777777777777","777777777777",1,0
22,220140,1,2,1,21,3,5,38,12,2,1,0,22,1,23,481,23481,31,2006,"2GTEC13T3612","2","G","T","E","C","1","3","T","3","6","1","2",0,0,0,"000000000","00000000000",0,0,0,1,0,0,0,0,0,0,0,20,0,0,0,12,6,2,12,0,0,0,1,22,70605,6,1,0,0,3,3,62,120,0,0,0,0,0,0,0,0,0,0,38,0,0,0,1,2,99,1,1,9,1,20,3,11,15,1,1,2,84,"777777777777","777777777777","777777777777",1,0
22,220140,2,2,1,21,3,5,38,12,2,1,0,22,3,12,481,12481,40,2013,"1FDUF5GY7DEA","1","F","D","U","F","5","G","Y","7","D","E","A",0,0,57,"251147","57251147",2,1,1,1,0,0,0,0,0,0,0,52,0,0,0,12,6,2,12,0,0,0,1,22,70669,6,1,6,0,3,0,75,238,0,0,0,0,0,0,0,0,0,0,0,0,0,0,1,2,55,3,1,2,1,0,0,14,67,1,1,1,84,"777777777777","777777777777","777777777777",0,0
22,220141,1,4,1,21,3,15,35,12,1,1,0,22,1,20,404,20404,14,2007,"2CNDL63F0760","2","C","N","D","L","6","3","F","0","7","6","0",0,0,0,"000000000","00000000000",0,0,0,1,0,0,0,0,0,0,0,60,0,0,0,12,6,2,12,0,0,0,1,22,70461,6,1,0,0,3,0,68,197,0,0,0,0,0,0,0,0,0,0,4,0,0,0,1,2,55,1,1,2,1,3,3,1,10,1,1,2,20,"777777777777","777777777777","777777777777",1,0
22,220141,2,4,1,21,3,15,35,12,1,1,0,22,1,20,421,20421,15,2008,"1GNFC13088J1","1","G","N","F","C","1","3","0","8","8","J","1",0,0,0,"000000000","00000000000",0,0,0,1,0,0,0,0,0,0,0,0,0,0,0,6,6,2,12,0,0,0,1,22,70461,6,1,0,0,3,0,64,125,0,0,0,0,0,0,0,0,0,0,0,0,0,0,1,2,55,1,1,2,1,3,3,5,60,1,1,1,21,"777777777777","777777777777","777777777777",0,0
22,220141,3,4,1,21,3,15,35,12,1,1,0,22,1,49,40,49040,4,2005,"4T1BE32K35U5","4","T","1","B","E","3","2","K","3","5","U","5",0,0,0,"000000000","00000000000",0,0,0,1,0,0,0,0,0,0,0,0,0,0,0,6,2,5,12,0,0,0,1,22,70461,6,1,0,0,3,0,59,120,0,0,0,0,0,0,0,0,0,0,0,0,0,0,1,2,55,1,1,2,1,3,3,5,53,1,1,1,98,"777777777777","777777777777","777777777777",0,0
22,220141,4,4,5,21,3,15,35,12,1,1,0,22,2,21,441,21441,20,2002,"1GHDX23E62D1","1","G","H","D","X","2","3","E","6","2","D","1",0,0,0,"000000000","00000000000",0,0,0,1,0,0,0,0,0,0,0,20,0,0,0,1,2,5,12,0,0,0,1,22,70461,6,1,0,0,3,0,62,145,0,0,0,0,1,12,2012,12,2012,0,0,0,0,0,1,2,55,1,1,2,1,3,3,1,62,16,1,1,98,"777777777777","777777777777","777777777777",0,0
22,220142,1,2,1,21,3,18,30,12,6,1,0,22,1,37,31,37031,4,2000,"2HGEJ6612YH5","2","H","G","E","J","6","6","1","2","Y","H","5",0,0,0,"000000000","00000000000",0,0,0,1,0,0,0,0,0,0,0,30,0,0,0,4,2,5,12,0,0,0,1,22,70812,0,0,0,0,0,0,62,130,0,0,0,0,0,0,0,0,0,0,38,48,0,0,5,3,45,1,1,1,1,0,0,11,15,1,1,1,68,"777777777777","777777777777","777777777777",0,0
22,220142,2,2,1,21,3,18,30,12,6,1,0,48,1,53,706,53706,80,2006,"JS1GT76A0621","J","S","1","G","T","7","6","A","0","6","2","1",0,0,0,"000000000","00000000000",0,0,0,1,0,0,0,0,0,0,0,45,0,0,0,12,6,2,12,0,0,0,1,22,70820,1,1,0,0,2,0,71,200,0,4,0,1,3,5,2012,4,2015,0,0,0,0,0,5,3,45,1,1,1,1,0,0,2,62,16,2,1,69,"777777777777","777777777777","777777777777",1,0
22,220143,1,2,1,22,3,7,26,8,0,1,0,22,1,20,481,20481,31,1999,"2GCEC19T5X12","2","G","C","E","C","1","9","T","5","X","1","2",0,0,0,"000000000","00000000000",0,0,0,1,0,0,0,0,0,0,0,55,7,0,0,12,6,2,12,0,0,0,1,22,70443,6,1,0,0,3,0,64,200,0,0,0,0,0,0,0,0,0,0,6,0,0,0,1,2,55,1,1,2,1,0,0,1,50,1,1,1,13,"777777777777","777777777777","777777777777",1,0
22,220143,2,2,1,22,3,7,26,8,0,1,0,22,3,86,884,86884,63,2007,"1M2K189C27M0","1","M","2","K","1","8","9","C","2","7","M","0",0,0,57,"1070703","571070703",3,2,7,1,0,0,0,0,0,0,0,0,0,0,0,6,4,5,12,42,0,0,1,22,70443,6,1,6,0,3,0,70,230,0,0,0,2,1,10,2012,1,2016,0,0,0,0,0,1,2,55,1,1,2,1,0,0,5,53,1,1,1,98,"777777777777","777777777777","777777777777",0,0
22,220144,1,2,2,23,3,10,7,12,8,1,0,22,2,49,43,49043,4,1997,"4T1BF12B6VU1","4","T","1","B","F","1","2","B","6","V","U","1",0,0,0,"000000000","00000000000",0,0,0,1,0,0,0,0,0,0,0,50,0,0,0,10,6,2,12,0,0,0,1,22,70665,1,1,0,0,2,0,66,240,0,0,0,1,1,8,2012,8,2012,0,28,0,0,0,1,2,40,2,1,2,1,0,0,14,10,1,1,2,64,"777777777777","777777777777","777777777777",1,0
22,220144,2,2,1,23,3,10,7,12,8,1,0,22,3,86,881,86881,63,2005,"1M1AA18Y45N1","1","M","1","A","A","1","8","Y","4","5","N","1",0,0,77,"777777777","77777777777",3,2,4,1,0,0,0,0,0,0,0,45,0,1,1,8,6,2,12,0,0,0,1,22,70648,6,1,6,0,3,0,67,210,0,0,0,0,0,0,0,0,0,0,0,0,0,0,1,2,40,3,1,2,1,0,0,14,62,9,2,1,65,"777777777777","777777777777","777777777777",0,0
22,220145,1,2,1,23,3,11,36,12,2,1,0,22,1,37,402,37402,14,2013,"3CZRM3H55DG7","3","C","Z","R","M","3","H","5","5","D","G","7",0,0,0,"000000000","00000000000",0,0,0,1,0,0,0,0,0,0,0,55,2,0,0,12,6,2,12,0,0,0,1,22,70607,6,1,0,0,3,0,64,150,0,0,0,0,0,0,0,0,0,0,28,0,0,0,1,2,55,1,1,2,1,0,0,1,10,1,1,2,50,"777777777777","777777777777","777777777777",1,1
22,220145,2,2,1,23,3,11,36,12,2,1,0,22,3,87,884,87884,63,2004,"1NPALUEX04D8","1","N","P","A","L","U","E","X","0","4","D","8",0,0,57,"1139788","571139788",3,2,4,1,0,0,0,0,0,0,0,50,0,1,5,12,6,2,12,0,0,0,1,12,33470,6,1,6,0,3,0,73,999,0,0,0,0,0,0,0,0,0,0,0,0,0,0,1,2,55,1,1,2,1,0,0,1,62,1,1,1,51,"777777777777","777777777777","777777777777",0,0
22,220146,1,1,1,25,3,10,1,10,0,1,0,22,1,55,401,55401,14,2002,"KM8SC13D62U1","K","M","8","S","C","1","3","D","6","2","U","1",0,0,0,"000000000","00000000000",0,0,0,1,0,0,0,0,0,0,0,15,0,0,0,3,6,2,10,0,0,0,1,22,71403,6,1,0,0,3,0,68,228,0,0,0,0,0,0,0,0,0,0,38,0,0,0,1,2,35,1,2,2,1,65,3,15,98,1,1,2,98,"777777777777","777777777777","777777777777",1,0
22,220147,1,2,1,26,3,21,28,12,2,1,0,22,1,37,31,37031,3,1992,"2HGEH236XNH5","2","H","G","E","H","2","3","6","X","N","H","5",0,0,0,"000000000","00000000000",0,0,0,1,0,0,0,0,0,0,0,55,0,0,0,12,6,2,12,0,0,0,1,22,71449,6,1,0,0,3,0,71,165,0,0,0,0,1,8,2013,8,2013,0,28,24,0,0,1,2,55,2,2,2,1,0,0,14,10,99,1,2,50,"777777777777","777777777777","777777777777",1,0
22,220147,2,2,1,26,3,21,28,12,2,1,0,22,2,49,32,49032,4,2013,"5YFBU4EE2DP2","5","Y","F","B","U","4","E","E","2","D","P","2",0,0,0,"000000000","00000000000",0,0,0,1,0,0,0,0,0,0,0,55,0,0,0,12,6,2,12,0,0,0,1,22,71129,6,1,0,0,3,0,62,140,0,0,0,1,0,12,2015,12,2015,0,0,0,0,0,1,2,55,3,2,2,1,0,0,14,62,16,1,1,51,"777777777777","777777777777","777777777777",0,0
22,220148,1,1,1,27,3,12,0,35,0,1,0,22,2,52,34,52034,4,2002,"4A3AA46G22E1","4","A","3","A","A","4","6","G","2","2","E","1",0,0,0,"000000000","00000000000",0,0,0,1,0,0,0,0,0,0,0,55,0,1,5,12,4,3,1,0,0,0,1,22,71232,1,1,0,0,2,0,72,160,0,0,0,0,1,7,2015,7,2015,9,6,24,0,0,1,2,55,3,1,2,2,0,0,14,13,99,1,4,1,"777777777777","777777777777","777777777777",1,0
22,220149,1,1,1,29,3,13,45,35,0,1,0,22,2,20,2,20002,4,2004,"2G1WF52E9493","2","G","1","W","F","5","2","E","9","4","9","3",0,0,0,"000000000","00000000000",0,0,0,1,0,0,0,0,0,0,0,55,0,1,5,12,4,3,1,0,0,0,1,22,71463,6,1,0,0,3,3,68,166,0,0,0,0,0,0,0,0,0,9,6,24,0,0,1,2,55,3,1,2,1,40,3,14,13,99,1,4,1,"777777777777","777777777777","777777777777",1,0
22,220150,1,2,1,29,3,11,5,12,6,1,0,93,3,86,881,86881,63,2005,"1M2AG11C75M0","1","M","2","A","G","1","1","C","7","5","M","0",0,0,57,"194502","57194502",3,2,5,1,0,0,0,0,0,0,0,55,0,1,5,82,6,2,12,0,0,0,1,22,71241,6,1,6,0,3,3,70,285,0,0,0,2,2,6,2011,4,2014,0,6,0,0,0,1,2,55,1,1,2,1,0,0,1,10,16,4,2,66,"777777777777","777777777777","777777777777",0,0
22,220150,2,2,1,29,3,11,5,12,6,1,0,22,1,49,40,49040,4,2014,"4T1BF1FK8EU7","4","T","1","B","F","1","F","K","8","E","U","7",0,0,0,"000000000","00000000000",0,0,0,1,0,0,0,0,0,0,0,55,0,0,0,12,6,2,12,0,0,0,1,22,71291,6,1,0,0,3,0,68,153,0,0,0,0,0,0,0,0,0,0,0,0,0,0,1,2,55,1,1,2,1,0,0,1,62,1,1,1,66,"777777777777","777777777777","777777777777",1,0
22,220151,1,2,1,30,3,0,25,12,2,1,0,22,1,37,31,37031,4,2001,"1HGES26721L0","1","H","G","E","S","2","6","7","2","1","L","0",0,0,0,"000000000","00000000000",0,0,0,1,0,0,0,0,0,0,0,55,0,0,0,12,6,2,2,0,0,1,1,22,70578,2,1,0,0,2,0,70,154,0,0,0,0,3,12,2013,4,2015,0,99,99,99,99,1,2,55,1,1,2,1,0,0,1,10,1,1,2,50,"777777777777","777777777777","777777777777",1,1
22,220151,2,2,1,30,3,0,25,12,2,1,0,22,1,7,482,7482,31,2015,"3C63RRML4FG6","3","C","6","3","R","R","M","L","4","F","G","6",0,0,0,"000000000","00000000000",0,0,0,1,0,0,0,0,0,0,0,55,0,0,0,12,6,2,12,0,0,0,1,22,70506,6,1,6,0,3,3,63,193,0,1,0,3,0,5,2012,3,2015,0,0,0,0,0,1,2,55,1,1,2,1,0,0,1,62,1,1,1,51,"777777777777","777777777777","777777777777",0,0
22,220152,1,2,4,19,3,13,55,53,0,1,0,22,2,14,6,14006,4,2003,"2MEFM75W13X6","2","M","E","F","M","7","5","W","1","3","X","6",0,0,0,"000000000","00000000000",0,0,0,1,0,0,0,0,0,0,0,998,0,0,0,12,6,2,12,0,0,0,1,22,71351,1,1,0,0,2,0,66,145,0,1,0,0,0,4,2012,4,2012,0,28,91,6,0,1,2,45,2,1,2,1,0,0,14,12,1,1,4,6,"777777777777","777777777777","777777777777",1,0
22,220152,2,2,1,19,3,13,55,53,0,1,0,22,3,20,401,20401,14,2004,"1GNDS13S1421","1","G","N","D","S","1","3","S","1","4","2","1",0,0,0,"000000000","00000000000",0,0,0,1,0,0,0,0,0,0,0,998,0,0,0,82,6,2,12,0,0,0,1,22,71327,6,1,0,0,3,0,68,200,0,0,0,0,0,0,0,0,0,0,0,0,0,0,1,2,45,3,1,2,1,0,0,14,64,6,1,1,98,"777777777777","777777777777","777777777777",0,0