"STATE","ST_CASE","VEH_NO","VE_FORMS","NUMOCCS","DAY","MONTH","HOUR","MINUTE","HARM_EV","MAN_COLL","UNITTYPE","HIT_RUN","REG_STAT","OWNER","MAKE","MODEL","MAK_MOD","BODY_TYP","MOD_YEAR","VIN","VIN_1","VIN_2","VIN_3","VIN_4","VIN_5","VIN_6","VIN_7","VIN_8","VIN_9","VIN_10","VIN_11","VIN_12","TOW_VEH","J_KNIFE","MCARR_I1","MCARR_I2","MCARR_ID","GVWR","V_CONFIG","CARGO_BT","HAZ_INV","HAZ_PLAC","HAZ_ID","HAZ_CNO","HAZ_REL","BUS_USE","SPEC_USE","EMER_USE","TRAV_SP","UNDERIDE","ROLLOVER","ROLINLOC","IMPACT1","DEFORMED","TOWED","M_HARM","VEH_SC1","VEH_SC2","FIRE_EXP","DR_PRES","L_STATE","DR_ZIP","L_STATUS","L_TYPE","CDL_STAT","L_ENDORS","L_COMPL","L_RESTRI","DR_HGT","DR_WGT","PREV_ACC","PREV_SUS","PREV_DWI","PREV_SPD","PREV_OTH","FIRST_MO","FIRST_YR","LAST_MO","LAST_YR","SPEEDREL","DR_SF1","DR_SF2","DR_SF3","DR_SF4","VTRAFWAY","VNUM_LAN","VSPD_LIM","VALIGN","VPROFILE","VPAVETYP","VSURCOND","VTRAFCON","VTCONT_F","P_CRASH1","P_CRASH2","P_CRASH3","PCRASH4","PCRASH5","ACC_TYPE","TRLR1VIN","TRLR2VIN","TRLR3VIN","DEATHS","DR_DRINK"
22,220186,1,1,2,11,4,0,1,20,0,1,0,32,2,49,40,49040,4,2011,"4T1BF3EK8BU7","4","T","1","B","F","3","E","K","8","B","U","7",0,0,0,"000000000","00000000000",0,0,0,1,0,0,0,0,0,0,0,74,0,0,0,12,6,2,20,0,0,0,1,22,71108,0,0,0,0,0,0,69,135,0,0,0,0,0,0,0,0,0,0,6,0,0,0,2,2,60,1,1,1,1,0,0,1,13,1,1,4,1,"777777777777","777777777777","777777777777",1,0
22,220187,1,3,1,10,4,20,37,12,7,1,0,22,2,49,401,49401,14,1998,"JT3GN86R3W00","J","T","3","G","N","8","6","R","3","W","0","0",0,0,0,"000000000","00000000000",0,0,0,1,0,0,0,0,0,0,0,999,0,0,0,11,6,2,8,0,0,0,1,22,70744,6,1,0,0,3,0,74,150,0,0,0,0,0,0,0,0,0,0,6,91,0,0,1,2,45,1,1,2,1,0,0,1,50,7,1,1,48,"777777777777","777777777777","777777777777",0,1
22,220187,2,3,4,10,4,20,37,12,7,1,0,22,1,35,50,35050,5,2007,"3N1BC13E87L3","3","N","1","B","C","1","3","E","8","7","L","3",0,0,0,"000000000","00000000000",0,0,0,1,0,0,0,0,0,0,0,0,0,0,0,1,6,2,12,0,0,0,1,22,70785,6,1,0,0,3,0,64,156,0,0,0,0,1,11,2011,11,2011,0,54,0,0,0,1,2,45,1,1,2,1,0,0,5,53,1,1,1,48,"777777777777","777777777777","777777777777",0,0
22,220187,3,3,0,10,4,20,37,12,7,1,0,22,6,49,40,49040,4,2015,"4T1BK1FK4FU5","4","T","1","B","K","1","F","K","4","F","U","5",0,0,0,"000000000","00000000000",0,0,0,1,0,0,0,0,0,0,0,0,0,0,0,6,6,2,12,0,0,0,0,0,99997,7,6,97,7,6,7,998,997,998,998,998,998,998,98,9998,98,9998,8,0,0,0,0,1,2,45,1,1,2,1,0,0,0,53,0,0,0,98,"777777777777","777777777777","777777777777",0,0
22,220188,1,1,1,12,4,16,0,42,0,1,0,22,1,35,403,35403,14,2012,"JN8AF5MR4CT1","J","N","8","A","F","5","M","R","4","C","T","1",0,0,0,"000000000","00000000000",0,0,0,1,0,0,0,0,0,0,0,50,0,0,0,12,6,2,42,0,0,0,1,22,70791,6,1,0,0,3,0,71,180,0,0,0,1,1,1,2013,10,2013,0,99,99,99,99,1,2,45,1,1,2,1,0,0,1,12,1,1,4,6,"777777777777","777777777777","777777777777",1,0
22,220189,1,1,2,12,4,18,20,34,0,1,0,0,0,73,739,73739,90,2008,"JKAVFDF1X8B5","J","K","A","V","F","D","F","1","X","8","B","5",0,0,0,"000000000","00000000000",0,0,0,1,0,0,0,0,0,0,0,30,0,0,0,11,6,2,34,35,0,0,1,22,70516,6,1,0,0,3,3,65,107,0,1,0,0,1,11,2014,11,2014,0,18,0,0,0,1,2,55,2,1,2,1,0,0,14,3,7,9,4,7,"777777777777","777777777777","777777777777",1,0
22,220190,1,1,1,14,2,22,31,34,0,1,0,22,1,20,421,20421,15,2007,"1GNFC13J47R1","1","G","N","F","C","1","3","J","4","7","R","1",6,0,0,"000000000","00000000000",0,0,0,1,0,0,0,0,0,0,0,45,0,0,0,1,6,2,34,0,0,0,1,22,70656,1,1,0,0,2,0,67,125,0,1,0,1,2,11,2013,8,2015,0,39,0,0,0,1,2,45,1,1,2,1,20,3,11,13,1,1,4,1,"777777777777","777777777777","777777777777",1,0
22,220191,1,2,1,14,4,6,5,12,6,1,0,93,3,87,884,87884,66,2005,"1XP5DB9X85N8","1","X","P","5","D","B","9","X","8","5","N","8",1,1,57,"1534154","571534154",3,6,3,1,0,0,0,0,0,0,0,5,0,0,0,8,6,2,12,0,0,0,1,22,70611,6,1,6,0,3,3,72,190,0,0,0,0,0,0,0,0,0,0,38,0,0,0,0,0,0,0,0,0,0,0,0,11,15,1,1,1,82,"888888888888","777777777777","777777777777",0,0
22,220191,2,2,1,14,4,6,5,12,6,1,0,48,2,20,481,20481,31,2012,"1GCRCREA0CZ3","1","G","C","R","C","R","E","A","0","C","Z","3",0,0,0,"000000000","00000000000",0,0,0,1,0,0,0,0,0,0,0,50,0,0,0,12,6,2,12,0,0,0,1,48,78576,6,1,0,0,3,0,999,999,0,1,0,1,0,2,2014,7,2014,0,0,0,0,0,5,2,50,1,1,2,1,0,0,1,72,1,1,1,83,"777777777777","777777777777","777777777777",1,1
22,220192,1,1,1,13,4,23,45,59,0,1,0,48,2,51,50,51050,6,2015,"YV4902RKXF26","Y","V","4","9","0","2","R","K","X","F","2","6",0,0,0,"000000000","00000000000",0,0,0,1,0,0,0,0,0,0,0,55,0,0,0,12,6,2,32,0,0,0,1,22,71446,6,1,0,0,3,0,63,170,0,0,0,0,0,0,0,0,0,0,6,39,0,0,1,2,55,1,1,2,1,20,3,1,14,1,1,4,14,"777777777777","777777777777","777777777777",1,0
22,220193,1,3,4,17,4,3,10,12,6,1,0,22,2,35,43,35043,4,2013,"3N1AB7AP2DL6","3","N","1","A","B","7","A","P","2","D","L","6",0,0,0,"000000000","00000000000",0,0,0,1,0,0,0,0,0,0,0,15,0,0,0,3,6,2,12,0,0,0,1,22,71202,6,1,0,0,3,0,66,207,0,0,0,0,0,0,0,0,0,0,38,0,0,0,2,3,55,1,1,2,1,3,3,11,15,1,1,1,68,"777777777777","777777777777","777777777777",1,0
22,220193,2,3,2,17,4,3,10,12,6,1,0,22,2,32,42,32042,6,2006,"WAUAH74F16N1","W","A","U","A","H","7","4","F","1","6","N","1",0,0,0,"000000000","00000000000",0,0,0,1,0,0,0,0,0,0,0,60,0,0,0,12,6,2,12,0,0,0,1,22,71202,6,1,0,0,3,3,67,160,0,2,0,0,6,7,2012,9,2015,0,0,0,0,0,2,3,55,1,1,2,1,3,3,1,62,16,1,1,69,"777777777777","777777777777","777777777777",0,1
22,220193,3,3,2,17,4,3,10,12,6,1,0,22,2,19,3,19003,4,2001,"1G6KD54Y41U2","1","G","6","K","D","5","4","Y","4","1","U","2",0,0,0,"000000000","00000000000",0,0,0,1,0,0,0,0,0,0,0,55,0,0,0,62,6,2,12,0,0,0,1,22,71220,0,0,0,0,0,0,62,112,0,0,0,0,0,0,0,0,0,0,0,0,0,0,2,3,55,1,1,2,1,3,3,1,62,9,1,1,98,"777777777777","777777777777","777777777777",0,0
22,220194,1,1,2,18,4,6,0,42,0,1,0,22,1,14,6,14006,4,2000,"2MEFM74W8YX6","2","M","E","F","M","7","4","W","8","Y","X","6",0,0,0,"000000000","00000000000",0,0,0,1,0,0,0,0,0,0,0,55,0,0,0,83,6,2,42,0,0,0,1,22,71038,6,1,0,0,3,0,74,245,0,0,0,0,0,0,0,0,0,0,6,0,0,0,1,2,55,3,1,2,1,40,3,14,13,1,1,4,1,"777777777777","777777777777","777777777777",1,1
22,220195,1,1,2,18,4,0,15,38,0,1,0,22,1,20,4,20004,2,2016,"1G1YT2D69G56","1","G","1","Y","T","2","D","6","9","G","5","6",0,0,0,"000000000","00000000000",0,0,0,1,0,0,0,0,0,0,0,150,0,1,5,5,6,2,1,0,0,0,1,22,70508,6,1,0,0,3,0,66,140,0,0,0,0,1,1,2013,1,2013,3,6,91,28,0,1,2,55,3,1,2,1,40,3,14,13,1,1,4,1,"777777777777","777777777777","777777777777",1,1
22,220196,1,1,1,29,4,0,31,1,0,1,0,22,1,20,22,20022,2,2006,"1G1AL15F9677","1","G","1","A","L","1","5","F","9","6","7","7",0,0,0,"000000000","00000000000",0,0,0,1,0,0,0,0,0,0,0,55,0,1,5,0,6,2,42,0,0,0,1,22,70438,6,1,0,0,3,0,69,180,0,0,0,0,0,0,0,0,0,0,6,58,0,0,1,2,55,3,2,2,1,40,3,14,13,6,4,4,7,"777777777777","777777777777","777777777777",1,0
22,220197,1,3,3,20,4,2,33,12,6,1,0,22,2,37,31,37031,2,1995,"1HGEJ2125SL0","1","H","G","E","J","2","1","2","5","S","L","0",0,0,0,"000000000","00000000000",0,0,0,1,0,0,0,0,0,0,0,77,0,0,0,11,6,2,12,0,0,0,1,22,70001,1,1,0,0,2,0,67,130,0,2,1,3,2,4,2012,11,2015,3,6,28,0,0,1,2,55,3,1,2,1,0,0,14,10,1,4,2,66,"777777777777","777777777777","777777777777",3,1
22,220197,2,3,2,20,4,2,33,12,6,1,0,22,3,12,481,12481,31,2015,"1FTEW1CP1FKE","1","F","T","E","W","1","C","P","1","F","K","E",0,0,0,"000000000","00000000000",0,0,0,1,0,0,0,0,0,0,0,55,0,0,0,63,6,2,12,0,0,0,1,22,70363,6,1,0,0,3,0,74,220,0,0,0,0,1,5,2014,5,2014,0,0,0,0,0,1,2,55,3,1,2,1,0,0,14,62,1,1,1,66,"777777777777","777777777777","777777777777",0,0
22,220197,3,3,1,20,4,2,33,12,6,1,0,93,4,82,881,82881,66,2012,"1FUJGLBG4CSB","1","F","U","J","G","L","B","G","4","C","S","B",1,1,57,"425383","57425383",3,6,1,1,0,0,0,0,0,0,0,40,0,0,0,12,6,2,12,0,0,0,1,5,72301,6,1,6,0,3,0,69,184,1,0,1,2,1,4,2013,7,2015,0,0,0,0,0,1,2,55,3,1,2,1,0,0,14,54,16,2,1,98,"888888888888","777777777777","777777777777",0,0
22,220198,1,1,1,20,4,19,35,1,0,1,0,22,2,35,47,35047,4,2006,"1N4AL11D66N3","1","N","4","A","L","1","1","D","6","6","N","3",0,0,0,"000000000","00000000000",0,0,0,1,0,0,0,0,0,0,0,55,0,1,5,0,6,2,3,0,0,0,1,22,71373,6,1,0,0,3,0,60,120,0,0,0,0,0,0,0,0,0,4,6,0,0,0,1,2,55,1,1,2,2,0,0,1,5,1,5,4,2,"777777777777","777777777777","777777777777",1,1
22,220199,1,1,1,22,4,20,50,35,0,1,0,22,1,72,706,72706,80,2008,"1HD1KB4158Y6","1","H","D","1","K","B","4","1","5","8","Y","6",0,0,0,"000000000","00000000000",0,0,0,1,0,0,0,0,0,0,0,55,0,0,0,10,6,2,35,0,0,0,1,22,70517,6,1,0,0,3,0,71,270,0,0,0,0,1,11,2015,11,2015,0,99,99,99,99,1,2,55,2,1,2,1,0,0,14,12,1,1,4,6,"777777777777","777777777777","777777777777",1,1
22,220200,1,2,0,24,4,1,10,8,0,1,0,37,6,35,471,35471,30,1995,"1N6SD16S4SC3","1","N","6","S","D","1","6","S","4","S","C","3",0,0,0,"000000000","00000000000",0,0,0,1,0,0,0,0,0,0,0,0,0,0,0,9,6,2,12,0,0,0,0,0,99997,7,6,97,7,6,7,998,997,998,998,998,998,998,98,9998,98,9998,8,0,0,0,0,2,2,70,1,1,2,1,0,0,0,60,0,0,0,98,"777777777777","777777777777","777777777777",0,0
22,220200,2,2,1,24,4,1,10,8,0,1,0,45,1,49,482,49482,31,2004,"5TBET34104S4","5","T","B","E","T","3","4","1","0","4","S","4",1,3,0,"000000000","00000000000",0,0,0,1,0,0,0,0,0,0,0,70,0,0,0,99,6,2,8,0,0,0,1,45,29464,6,1,0,0,3,0,66,140,2,0,0,0,1,9,2012,12,2014,0,0,0,0,0,2,2,70,1,1,2,1,0,0,1,80,7,1,2,13,"888888888888","777777777777","777777777777",0,0
22,220201,1,2,1,24,4,5,57,12,2,1,0,22,2,35,50,35050,4,2015,"3N1CN7APXFL9","3","N","1","C","N","7","A","P","X","F","L","9",0,0,0,"000000000","00000000000",0,0,0,1,0,0,0,0,0,0,0,53,0,0,0,12,6,2,12,0,0,0,1,22,70452,1,1,0,0,2,0,71,180,0,0,0,0,0,0,0,0,0,0,6,0,0,0,1,2,45,1,1,2,1,0,0,1,10,1,1,2,50,"777777777777","777777777777","777777777777",1,0
22,220201,2,2,2,24,4,5,57,12,2,1,0,22,1,59,403,59403,14,2007,"JTJGK31U5700","J","T","J","G","K","3","1","U","5","7","0","0",0,0,0,"000000000","00000000000",0,0,0,1,0,0,0,0,0,0,0,49,0,0,0,12,6,2,12,0,0,0,1,22,70461,6,1,0,0,3,0,63,165,0,0,0,0,0,0,0,0,0,0,0,0,0,0,1,2,45,1,1,2,1,0,0,1,62,98,1,1,51,"777777777777","777777777777","777777777777",0,0
22,220202,1,1,1,24,4,15,38,32,0,1,0,22,1,72,706,72706,80,2015,"1HD1JRV19FB0","1","H","D","1","J","R","V","1","9","F","B","0",0,0,0,"000000000","00000000000",0,0,0,1,0,0,0,0,0,0,0,55,0,0,0,12,6,2,14,0,0,0,1,22,70403,6,1,0,0,3,0,64,310,0,0,0,0,0,0,0,0,0,3,6,0,0,0,1,2,45,3,1,2,1,0,0,14,11,1,1,4,1,"777777777777","777777777777","777777777777",1,0
22,220203,1,1,1,26,4,5,46,9,0,1,1,22,3,20,481,20481,31,2015,"1GC1CUEG0FF6","1","G","C","1","C","U","E","G","0","F","F","6",0,0,0,"000000000","00000000000",0,0,0,1,0,0,0,0,0,0,0,88,0,0,0,1,2,5,9,0,0,0,1,22,70422,6,1,0,0,3,0,74,205,0,0,0,0,1,4,2013,4,2013,3,35,0,0,0,1,2,55,1,1,2,1,0,0,1,13,1,1,4,13,"777777777777","777777777777","777777777777",0,0
22,220204,1,1,1,27,4,1,46,1,0,1,0,22,1,20,421,20421,15,1993,"1GNCS13W2P21","1","G","N","C","S","1","3","W","2","P","2","1",0,0,0,"000000000","00000000000",0,0,0,1,0,0,0,0,0,0,0,40,0,1,1,0,6,2,1,0,0,0,1,22,70563,6,1,0,0,3,0,71,140,0,0,0,0,0,0,0,0,0,0,99,99,99,99,1,2,55,1,1,2,1,0,0,1,12,7,3,7,98,"777777777777","777777777777","777777777777",1,1
22,220205,1,1,1,29,4,3,53,8,0,1,0,22,3,7,482,7482,31,2013,"1C6RR6KT5DS5","1","C","6","R","R","6","K","T","5","D","S","5",0,0,0,"000000000","00000000000",0,0,0,1,0,0,0,0,0,0,0,51,0,0,0,1,4,5,8,0,0,0,1,22,70722,6,1,0,0,3,0,69,191,0,0,0,1,0,7,2015,7,2015,0,0,0,0,0,1,2,45,1,1,1,1,0,0,1,80,8,4,3,13,"777777777777","777777777777","777777777777",0,0
22,220207,1,1,3,3,4,17,59,8,0,1,0,22,1,63,38,63038,5,2013,"KNAFU4A25D56","K","N","A","F","U","4","A","2","5","D","5","6",0,0,0,"000000000","00000000000",0,0,0,1,0,0,0,0,0,0,0,998,0,0,0,12,2,3,8,0,0,0,1,22,71118,1,1,0,0,2,3,65,207,1,0,0,0,1,4,2015,4,2015,0,99,99,99,99,1,2,25,1,1,1,1,0,0,1,80,1,1,1,13,"777777777777","777777777777","777777777777",0,0
22,220208,1,1,1,31,3,21,12,1,0,1,0,22,1,73,705,73705,80,2007,"JKAZX4J187A0","J","K","A","Z","X","4","J","1","8","7","A","0",0,0,0,"000000000","00000000000",0,0,0,1,0,0,0,0,0,0,0,80,0,0,0,0,6,2,30,0,0,0,1,22,70123,0,0,0,0,0,0,999,999,99,99,99,99,99,99,9999,99,9999,2,6,0,0,0,3,3,40,1,1,2,1,3,3,1,6,99,1,1,98,"777777777777","777777777777","777777777777",1,0
22,220209,1,5,3,3,4,17,15,12,6,1,0,22,3,58,422,58422,15,2014,"JN8AZ2ND7E97","J","N","8","A","Z","2","N","D","7","E","9","7",0,0,0,"000000000","00000000000",0,0,0,1,0,0,0,0,0,0,0,28,0,0,0,12,6,2,12,0,0,0,1,22,70056,6,1,0,0,3,3,63,140,0,0,0,0,0,0,0,0,0,0,91,39,0,0,2,3,35,1,1,2,1,3,3,1,17,16,1,1,86,"777777777777","777777777777","777777777777",0,0
22,220209,2,5,1,3,4,17,15,12,6,1,0,22,4,72,706,72706,80,2016,"1HD1JNV11GC0","1","H","D","1","J","N","V","1","1","G","C","0",0,0,0,"000000000","00000000000",0,0,0,1,0,0,0,0,0,0,0,30,0,0,0,81,6,2,12,0,0,0,1,22,70056,6,1,0,0,3,0,72,265,0,0,0,0,0,0,0,0,0,0,0,0,0,0,2,2,35,1,1,2,1,3,3,1,66,1,1,1,87,"777777777777","777777777777","777777777777",1,1
22,220209,3,5,1,3,4,17,15,12,6,1,0,22,1,72,706,72706,80,2006,"1HD1GP1186K3","1","H","D","1","G","P","1","1","8","6","K","3",0,0,0,"000000000","00000000000",0,0,0,1,0,0,0,0,0,0,0,30,0,0,0,12,6,2,12,0,0,0,1,22,70056,6,1,0,0,2,3,68,155,0,0,0,0,0,0,0,0,0,0,0,0,0,0,2,2,35,1,1,2,1,3,3,1,66,1,1,1,98,"777777777777","777777777777","777777777777",0,0
22,220209,4,5,1,3,4,17,15,12,6,1,0,22,1,37,31,37031,4,2015,"19XFB2F54FE0","1","9","X","F","B","2","F","5","4","F","E","0",0,0,0,"000000000","00000000000",0,0,0,1,0,0,0,0,0,0,0,0,0,0,0,61,4,3,12,0,0,0,1,22,70053,6,1,0,0,3,0,62,148,0,0,0,0,0,0,0,0,0,0,0,0,0,0,2,2,35,1,1,2,1,3,3,5,62,1,1,1,98,"777777777777","777777777777","777777777777",0,0
22,220209,5,5,1,3,4,17,15,12,6,1,0,22,1,62,423,62423,15,2005,"SALAD244X5A3","S","A","L","A","D","2","4","4","X","5","A","3",0,0,0,"000000000","00000000000",0,0,0,1,0,0,0,0,0,0,0,0,0,0,0,81,2,5,12,0,0,0,1,22,70053,3,1,0,0,2,3,66,140,0,0,0,0,0,0,0,0,0,0,0,0,0,0,2,2,35,1,1,2,1,3,3,5,62,1,1,1,98,"777777777777","777777777777","777777777777",0,0
22,220210,1,1,1,9,4,0,50,8,0,1,0,22,1,7,28,7028,2,2013,"2C3CDYAG2DH6","2","C","3","C","D","Y","A","G","2","D","H","6",0,0,0,"000000000","00000000000",0,0,0,1,0,0,0,0,0,0,0,22,0,0,0,1,2,5,8,0,0,0,1,22,70039,6,1,0,0,3,3,69,130,0,0,0,3,0,2,2014,1,2016,0,0,0,0,0,1,2,25,1,1,2,1,0,0,1,80,6,1,1,13,"777777777777","777777777777","777777777777",0,0
22,220211,1,1,1,16,4,99,99,35,0,1,0,22,1,37,31,37031,4,2013,"19XFB2F54DE0","1","9","X","F","B","2","F","5","4","D","E","0",0,0,0,"000000000","00000000000",0,0,0,1,0,0,0,0,0,0,0,83,0,1,5,12,6,2,1,0,0,0,1,22,70380,6,1,6,0,3,3,70,170,0,0,0,0,2,6,2013,7,2014,3,28,0,0,0,1,2,55,3,1,2,1,0,0,14,13,1,1,4,4,"777777777777","777777777777","777777777777",1,0
22,220212,1,2,1,27,4,20,25,12,6,1,0,22,3,12,884,12884,64,1998,"1FDYS96P1WNA","1","F","D","Y","S","9","6","P","1","W","N","A",0,0,88,"888888888","88888888888",3,1,7,1,0,0,0,0,0,0,0,5,0,0,0,5,6,2,12,0,0,0,1,22,70127,1,1,0,0,2,0,71,280,1,15,0,0,14,7,2011,4,2016,0,31,6,91,0,2,5,40,1,1,2,1,3,3,13,53,1,1,2,92,"777777777777","777777777777","777777777777",0,0
22,220212,2,2,2,27,4,20,25,12,6,1,0,22,1,23,431,23431,16,2001,"3GKEC16T51G2","3","G","K","E","C","1","6","T","5","1","G","2",0,0,0,"000000000","00000000000",0,0,0,1,0,0,0,0,0,0,0,37,1,0,0,12,6,2,12,0,0,0,1,22,70003,6,1,0,0,3,3,72,247,0,0,0,1,1,4,2012,11,2014,0,0,0,0,0,2,4,40,1,1,2,1,3,3,1,56,8,1,1,93,"777777777777","777777777777","777777777777",1,0
22,220213,1,1,1,12,5,2,3,26,0,1,0,22,1,54,35,54035,4,2005,"19UUA66275A0","1","9","U","U","A","6","6","2","7","5","A","0",0,0,0,"000000000","00000000000",0,0,0,1,0,0,0,0,0,0,0,998,0,1,1,11,6,2,1,0,0,0,1,22,70739,6,1,0,0,3,0,75,190,0,0,0,3,0,5,2013,12,2014,9,99,99,99,99,3,3,60,1,1,1,1,0,0,1,12,99,1,4,10,"777777777777","777777777777","777777777777",1,1
22,220214,1,2,2,12,5,14,17,12,6,1,0,22,2,12,23,12023,4,2007,"3FAHP07Z47R2","3","F","A","H","P","0","7","Z","4","7","R","2",0,0,0,"000000000","00000000000",0,0,0,1,0,0,0,0,0,0,0,999,0,0,0,3,6,2,12,0,0,0,1,22,70520,6,1,0,0,3,3,64,235,0,0,0,0,0,0,0,0,0,0,38,0,0,0,1,2,45,1,1,1,1,0,0,11,15,1,1,1,68,"777777777777","777777777777","777777777777",0,0
22,220214,2,2,1,12,5,14,17,12,6,1,0,22,2,53,706,53706,80,2007,"JS1GR7KA1721","J","S","1","G","R","7","K","A","1","7","2","1",0,0,0,"000000000","00000000000",0,0,0,1,0,0,0,0,0,0,0,999,0,0,0,12,6,2,12,0,0,0,1,22,70517,6,1,6,0,2,0,67,140,0,0,0,4,1,1,2012,3,2016,9,0,0,0,0,1,2,45,1,1,1,1,0,0,1,62,1,1,1,69,"777777777777","777777777777","777777777777",1,0
22,220215,1,2,1,14,5,18,25,12,6,1,0,22,1,41,37,41037,4,2002,"1YVGF22D8252","1","Y","V","G","F","2","2","D","8","2","5","2",0,0,0,"000000000","00000000000",0,0,0,1,0,0,0,0,0,0,0,998,0,0,0,5,4,5,12,0,0,0,1,22,70586,6,1,0,0,3,0,65,146,0,0,0,0,0,0,0,0,0,0,0,0,0,0,1,2,0,1,1,2,1,0,0,13,53,1,1,1,92,"777777777777","777777777777","777777777777",0,0
22,220215,2,2,1,14,5,18,25,12,6,1,0,22,1,73,706,73706,80,2012,"JKAZXCG1XCA0","J","K","A","Z","X","C","G","1","X","C","A","0",0,0,0,"000000000","00000000000",0,0,0,1,0,0,0,0,0,0,0,998,0,0,0,12,6,2,12,0,0,0,1,22,70454,1,1,0,0,2,0,67,185,0,3,0,2,3,10,2011,5,2013,3,6,0,0,0,1,2,0,1,1,2,1,0,0,1,70,1,1,1,93,"777777777777","777777777777","777777777777",1,0
22,220216,1,1,1,15,5,3,3,59,0,1,0,22,1,72,706,72706,80,2015,"1HD1KBM10FB6","1","H","D","1","K","B","M","1","0","F","B","6",0,0,0,"000000000","00000000000",0,0,0,1,0,0,0,0,0,0,0,999,0,0,0,12,6,2,5,0,0,0,1,22,70654,6,1,0,0,2,0,77,255,0,1,0,0,1,8,2011,9,2011,4,6,0,0,0,1,2,35,3,1,1,1,40,3,14,13,1,1,4,1,"777777777777","777777777777","777777777777",1,1
22,220217,1,2,2,16,5,7,33,12,7,1,0,22,1,12,3,12003,1,2007,"1ZVFT84N1752","1","Z","V","F","T","8","4","N","1","7","5","2",0,0,0,"000000000","00000000000",0,0,0,1,0,0,0,0,0,0,0,999,0,1,5,1,6,2,30,0,0,0,1,22,70001,1,1,0,0,2,0,61,105,0,4,0,0,4,1,2012,6,2015,3,6,28,51,91,1,2,35,1,1,2,1,0,0,6,60,1,1,1,73,"777777777777","777777777777","777777777777",2,0
22,220217,2,2,1,16,5,7,33,12,7,1,0,12,4,30,40,30040,4,2016,"3VWD67AJ0GM2","3","V","W","D","6","7","A","J","0","G","M","2",0,0,0,"000000000","00000000000",0,0,0,1,0,0,0,0,0,0,0,999,0,0,0,11,6,2,12,0,0,0,1,33,70001,6,1,0,0,3,0,69,165,0,0,0,0,0,0,0,0,0,0,0,0,0,0,1,2,35,1,1,2,1,0,0,11,53,1,1,1,72,"777777777777","777777777777","777777777777",0,0
22,220218,1,2,1,19,5,16,42,12,6,1,0,0,0,98,703,98703,80,2015,"L08YGJGD3F10","L","0","8","Y","G","J","G","D","3","F","1","0",0,0,0,"000000000","00000000000",0,0,0,1,0,0,0,0,0,0,0,998,0,0,0,12,6,2,12,0,0,0,1,22,70601,0,0,0,0,0,0,70,240,99,99,99,99,99,99,9999,99,9999,9,39,18,0,0,1,2,25,1,1,1,2,20,3,1,17,1,1,1,88,"777777777777","777777777777","777777777777",1,0
22,220218,2,2,1,19,5,16,42,12,6,1,0,22,2,2,422,2422,15,2014,"1C4RJEBG0EC2","1","C","4","R","J","E","B","G","0","E","C","2",0,0,0,"000000000","00000000000",0,0,0,1,0,0,0,0,0,0,0,998,0,0,0,9,6,2,12,0,0,0,1,22,70601,6,1,6,0,3,3,69,260,0,0,0,0,1,1,2015,1,2015,0,0,0,0,0,1,2,25,1,1,1,2,0,0,1,68,1,1,1,89,"777777777777","777777777777","777777777777",0,0
22,220219,1,1,1,24,5,0,6,8,0,1,1,99,9,99,999,99999,99,9999,"999999999999","9","9","9","9","9","9","9","9","9","9","9","9",0,0,0,"000000000","00000000000",0,0,0,1,0,0,0,0,0,0,0,999,0,0,0,99,9,5,8,0,0,0,1,99,99999,9,9,99,9,9,9,999,999,99,99,99,99,99,99,9999,99,9999,9,99,99,99,99,1,4,35,1,1,1,1,0,0,15,80,99,9,9,13,"777777777777","777777777777","777777777777",0,0
22,220220,1,2,2,1,5,12,46,12,2,1,0,22,1,7,482,7482,31,2013,"3C6UR5HL6DG5","3","C","6","U","R","5","H","L","6","D","G","5",0,0,0,"000000000","00000000000",0,0,0,1,0,0,0,0,0,0,0,999,0,0,0,12,4,3,12,0,0,0,1,22,70555,6,1,6,0,3,3,75,190,0,0,0,0,0,0,0,0,0,9,28,6,0,0,1,2,45,1,1,1,2,0,0,1,52,16,9,2,54,"777777777777","777777777777","777777777777",0,0
22,220220,2,2,1,1,5,12,46,12,2,1,0,22,1,37,32,37032,4,2004,"1HGCM566X4A0","1","H","G","C","M","5","6","6","X","4","A","0",0,0,0,"000000000","00000000000",0,0,0,1,0,0,0,0,0,0,0,999,0,0,0,12,6,2,12,0,0,0,1,22,70503,6,1,0,0,3,3,72,160,0,0,0,0,0,0,0,0,0,0,0,0,0,0,1,2,45,1,1,1,2,0,0,1,62,99,1,1,55,"777777777777","777777777777","777777777777",1,0
22,220221,1,1,3,2,5,2,7,8,0,1,0,22,3,49,442,49442,20,2015,"5TDZK3DC1FS5","5","T","D","Z","K","3","D","C","1","F","S","5",0,0,0,"000000000","00000000000",0,0,0,1,0,0,0,0,0,1,0,60,0,0,0,11,4,3,8,42,0,0,1,22,70056,6,1,0,0,3,0,67,220,0,0,0,0,1,2,2016,2,2016,0,0,0,0,0,3,3,60,1,1,2,1,0,0,1,80,99,1,1,13,"777777777777","777777777777","777777777777",0,0