"STATE","ST_CASE","VEH_NO","VE_FORMS","NUMOCCS","DAY","MONTH","HOUR","MINUTE","HARM_EV","MAN_COLL","UNITTYPE","HIT_RUN","REG_STAT","OWNER","MAKE","MODEL","MAK_MOD","BODY_TYP","MOD_YEAR","VIN","VIN_1","VIN_2","VIN_3","VIN_4","VIN_5","VIN_6","VIN_7","VIN_8","VIN_9","VIN_10","VIN_11","VIN_12","TOW_VEH","J_KNIFE","MCARR_I1","MCARR_I2","MCARR_ID","GVWR","V_CONFIG","CARGO_BT","HAZ_INV","HAZ_PLAC","HAZ_ID","HAZ_CNO","HAZ_REL","BUS_USE","SPEC_USE","EMER_USE","TRAV_SP","UNDERIDE","ROLLOVER","ROLINLOC","IMPACT1","DEFORMED","TOWED","M_HARM","VEH_SC1","VEH_SC2","FIRE_EXP","DR_PRES","L_STATE","DR_ZIP","L_STATUS","L_TYPE","CDL_STAT","L_ENDORS","L_COMPL","L_RESTRI","DR_HGT","DR_WGT","PREV_ACC","PREV_SUS","PREV_DWI","PREV_SPD","PREV_OTH","FIRST_MO","FIRST_YR","LAST_MO","LAST_YR","SPEEDREL","DR_SF1","DR_SF2","DR_SF3","DR_SF4","VTRAFWAY","VNUM_LAN","VSPD_LIM","VALIGN","VPROFILE","VPAVETYP","VSURCOND","VTRAFCON","VTCONT_F","P_CRASH1","P_CRASH2","P_CRASH3","PCRASH4","PCRASH5","ACC_TYPE","TRLR1VIN","TRLR2VIN","TRLR3VIN","DEATHS","DR_DRINK"
22,220222,1,2,1,3,5,10,20,12,6,1,0,22,1,12,481,12481,31,1997,"1FTHX25F6VEA","1","F","T","H","X","2","5","F","6","V","E","A",0,0,0,"000000000","00000000000",0,0,0,1,0,0,0,0,0,0,0,999,0,0,0,1,4,3,12,0,0,0,1,22,70652,6,1,0,0,3,0,69,200,0,0,0,0,0,0,0,0,0,0,38,0,0,0,5,5,40,1,1,1,1,3,3,11,15,1,1,1,68,"777777777777","777777777777","777777777777",0,0
22,220222,2,2,2,3,5,10,20,12,6,1,0,22,1,20,481,20481,31,2001,"1GCEC19T51Z2","1","G","C","E","C","1","9","T","5","1","Z","2",0,0,0,"000000000","00000000000",0,0,0,1,0,0,0,0,0,0,0,999,0,0,0,12,6,2,12,0,0,0,1,22,70607,6,1,0,0,3,0,68,160,0,0,0,0,0,0,0,0,0,0,24,0,0,0,5,5,40,1,1,1,1,3,3,1,62,1,1,1,69,"777777777777","777777777777","777777777777",1,0
22,220223,1,1,1,3,5,21,0,58,0,1,0,22,1,72,706,72706,80,2009,"1HD1GY4109K3","1","H","D","1","G","Y","4","1","0","9","K","3",0,0,0,"000000000","00000000000",0,0,0,1,0,0,0,0,0,0,0,70,0,0,0,98,6,2,31,0,0,0,1,22,70533,6,1,0,0,3,0,72,220,0,0,0,1,1,3,2014,12,2014,3,99,99,99,99,1,2,35,2,1,2,1,0,0,14,6,16,2,4,7,"777777777777","777777777777","777777777777",1,1
22,220224,1,1,2,4,5,23,38,33,0,1,0,22,3,69,38,69038,2,2015,"ZHWUC1ZF9FLA","Z","H","W","U","C","1","Z","F","9","F","L","A",0,0,0,"000000000","00000000000",0,0,0,1,0,0,0,0,0,0,0,999,0,0,0,98,6,2,39,0,0,0,1,22,70002,6,1,0,0,3,3,71,200,0,0,0,1,0,12,2013,12,2013,5,6,0,0,0,1,2,30,3,1,1,1,0,0,14,13,99,1,4,1,"777777777777","777777777777","777777777777",1,1
22,220225,1,2,1,5,5,22,1,12,2,1,0,22,1,36,401,36401,14,2014,"ZFBCFADH4EZ0","Z","F","B","C","F","A","D","H","4","E","Z","0",0,0,0,"000000000","00000000000",0,0,0,1,0,0,0,0,0,0,0,998,0,1,1,12,6,2,1,0,0,0,1,32,71119,6,1,0,0,3,0,64,160,0,0,0,0,0,0,0,0,0,9,51,0,0,0,3,3,60,4,1,1,1,0,0,98,54,99,9,1,52,"777777777777","777777777777","777777777777",1,1
22,220225,2,2,1,5,5,22,1,12,2,1,0,22,2,63,34,63034,4,2015,"5XXGM4A7XFG5","5","X","X","G","M","4","A","7","X","F","G","5",0,0,0,"000000000","00000000000",0,0,0,1,0,0,0,0,0,0,0,998,0,0,0,12,6,2,12,0,0,0,1,48,75692,1,1,0,0,2,0,999,999,0,15,0,0,0,6,2011,11,2013,0,0,0,0,0,3,3,60,4,1,1,1,0,0,14,54,99,1,1,52,"777777777777","777777777777","777777777777",1,0
22,220226,1,2,2,6,5,12,52,12,6,1,0,5,1,72,706,72706,80,2016,"1HD1KBM18GB6","1","H","D","1","K","B","M","1","8","G","B","6",0,0,0,"000000000","00000000000",0,0,0,1,0,0,0,0,0,0,0,55,0,0,0,12,6,2,12,0,0,0,1,5,71730,6,1,0,0,3,0,74,260,0,0,0,0,0,0,0,0,0,0,39,0,0,0,2,2,55,1,1,1,1,3,3,1,17,1,1,1,88,"777777777777","777777777777","777777777777",2,0
22,220226,2,2,1,6,5,12,52,12,6,1,0,22,1,23,422,23422,15,2010,"1GKUKKE38AR1","1","G","K","U","K","K","E","3","8","A","R","1",0,0,0,"000000000","00000000000",0,0,0,1,0,0,0,0,0,0,0,20,0,0,0,63,4,5,12,0,0,0,1,22,71280,6,1,0,0,3,0,63,150,0,0,0,0,0,0,0,0,0,0,0,0,0,0,1,2,55,1,1,2,1,3,3,1,66,1,1,1,89,"777777777777","777777777777","777777777777",0,0
22,220227,1,2,1,13,3,13,27,12,6,1,0,22,1,35,51,35051,6,2014,"5N1AT2MT5EC8","5","N","1","A","T","2","M","T","5","E","C","8",0,0,0,"000000000","00000000000",0,0,0,1,0,0,0,0,0,0,0,999,0,0,0,82,6,2,12,0,0,0,1,22,70520,6,1,0,0,3,3,65,130,0,0,0,0,0,0,0,0,0,0,38,0,0,0,1,2,45,1,1,2,1,0,0,11,15,1,1,1,68,"777777777777","777777777777","777777777777",0,0
22,220227,2,2,1,13,3,13,27,12,6,1,0,22,1,72,706,72706,80,2013,"1HD1FCM16DB6","1","H","D","1","F","C","M","1","6","D","B","6",0,0,0,"000000000","00000000000",0,0,0,1,0,0,0,0,0,0,0,28,0,0,0,12,6,2,12,0,0,0,1,22,70508,6,1,0,0,3,0,72,220,0,0,0,1,0,2,2012,2,2012,0,0,0,0,0,1,2,45,1,1,2,1,0,0,1,62,16,2,1,69,"777777777777","777777777777","777777777777",1,0
22,220228,1,2,2,11,5,6,59,12,6,1,0,22,2,49,50,49050,3,2008,"JTKDE167X802","J","T","K","D","E","1","6","7","X","8","0","2",0,0,0,"000000000","00000000000",0,0,0,1,0,0,0,0,0,0,0,998,0,0,0,61,6,2,12,0,0,0,1,22,70560,6,1,0,0,3,3,68,200,0,0,0,0,0,0,0,0,0,0,38,0,0,0,2,2,25,1,1,8,1,20,3,11,15,1,1,1,82,"777777777777","777777777777","777777777777",2,0
22,220228,2,2,1,11,5,6,59,12,6,1,0,22,1,38,402,38402,14,2004,"4S2CK58Y1443","4","S","2","C","K","5","8","Y","1","4","4","3",0,0,0,"000000000","00000000000",0,0,0,1,0,0,0,0,0,0,0,998,0,0,0,12,6,2,12,0,0,0,1,22,70510,6,1,0,0,3,0,71,185,0,0,0,1,0,4,2012,4,2012,0,0,0,0,0,5,5,55,1,1,1,1,0,0,1,67,1,1,1,83,"777777777777","777777777777","777777777777",0,0
22,220229,1,2,1,22,5,23,47,12,1,1,0,22,1,53,706,53706,80,2003,"JS1GW71A7321","J","S","1","G","W","7","1","A","7","3","2","1",0,0,0,"000000000","00000000000",0,0,0,1,0,0,0,0,0,0,0,999,0,0,0,12,4,3,12,0,0,0,1,22,70056,6,1,0,0,2,0,66,185,0,0,0,0,1,6,2015,6,2015,3,99,99,99,99,3,3,60,1,1,1,1,0,0,99,51,99,9,1,33,"777777777777","777777777777","777777777777",1,0
22,220229,2,2,2,22,5,23,47,12,1,1,0,22,1,23,421,23421,15,2002,"1GKEC13V72R1","1","G","K","E","C","1","3","V","7","2","R","1",0,0,0,"000000000","00000000000",0,0,0,1,0,0,0,0,0,0,0,999,0,0,0,6,6,2,12,0,0,0,1,22,70130,1,1,0,0,2,0,67,150,0,2,0,0,0,10,2011,2,2013,0,0,0,0,0,3,3,60,1,1,1,1,0,0,1,53,1,1,1,33,"777777777777","777777777777","777777777777",0,0
22,220230,1,3,1,23,5,10,29,12,6,1,0,22,1,23,481,23481,31,2015,"3GTU2WEJ0FG3","3","G","T","U","2","W","E","J","0","F","G","3",0,0,0,"000000000","00000000000",0,0,0,1,0,0,0,0,0,0,0,999,0,0,0,12,6,2,12,0,0,0,1,22,70003,6,1,0,0,3,0,69,160,0,0,0,0,0,0,0,0,0,9,39,50,0,0,4,2,20,1,1,2,1,3,3,1,17,1,1,1,86,"777777777777","777777777777","777777777777",1,0
22,220230,2,3,1,23,5,10,29,12,6,1,0,22,3,85,884,85884,64,2015,"2NKHLJ9X3FM4","2","N","K","H","L","J","9","X","3","F","M","4",0,0,57,"263594","57263594",3,2,2,2,2,1202,3,2,0,0,0,35,0,0,0,81,6,2,12,0,0,0,1,22,70094,6,1,6,1,3,3,68,180,0,0,0,0,0,0,0,0,0,0,0,0,0,0,2,2,40,1,1,2,1,3,3,1,66,1,1,1,87,"777777777777","777777777777","777777777777",0,0
22,220230,3,3,1,23,5,10,29,12,6,1,0,18,3,82,881,82881,64,2016,"3ALACWDT5GDG","3","A","L","A","C","W","D","T","5","G","D","G",0,0,57,"243896","57243896",2,1,97,1,0,0,0,0,0,0,0,35,0,0,0,83,4,5,12,0,0,0,1,22,70714,6,1,0,0,3,0,71,237,0,0,0,0,0,0,0,0,0,0,0,0,0,0,2,2,40,1,1,2,1,3,3,1,61,1,1,1,98,"777777777777","777777777777","777777777777",0,0
22,220231,1,1,1,27,5,13,34,33,0,1,0,22,1,37,705,37705,80,1998,"JH2RC4462WM0","J","H","2","R","C","4","4","6","2","W","M","0",0,0,0,"000000000","00000000000",0,0,0,1,0,0,0,0,0,0,0,40,0,0,0,12,4,3,1,0,0,0,1,22,70123,6,1,0,0,3,0,69,175,0,0,0,0,0,0,0,0,0,0,99,99,99,99,2,2,40,3,2,2,1,0,0,14,12,99,1,4,10,"777777777777","777777777777","777777777777",1,0
22,220232,1,2,3,10,4,20,45,8,0,1,0,22,1,12,401,12401,14,2016,"1FM5K7D88GGB","1","F","M","5","K","7","D","8","8","G","G","B",0,0,0,"000000000","00000000000",0,0,0,1,0,0,0,0,0,0,0,999,0,0,0,12,4,3,8,0,0,0,1,22,70663,6,1,0,0,3,3,60,135,0,0,0,0,0,0,0,0,0,0,0,0,0,0,3,2,50,1,1,2,1,0,0,1,80,1,1,1,13,"777777777777","777777777777","777777777777",0,0
22,220232,2,2,2,10,4,20,45,8,0,1,0,48,1,7,20,7020,4,2005,"1B3ES56C15D2","1","B","3","E","S","5","6","C","1","5","D","2",0,0,0,"000000000","00000000000",0,0,0,1,0,0,0,0,0,0,0,999,0,0,0,14,0,5,8,0,0,0,1,48,77015,6,1,0,0,3,3,999,999,0,0,0,0,0,0,0,0,0,0,0,0,0,0,3,2,50,1,1,2,1,0,0,1,80,1,1,1,98,"777777777777","777777777777","777777777777",0,0
22,220233,1,1,1,29,1,16,10,1,0,1,0,22,1,23,481,23481,31,2014,"3GTU2VEC1EG3","3","G","T","U","2","V","E","C","1","E","G","3",1,3,0,"000000000","00000000000",0,0,0,1,0,0,0,0,0,0,0,55,0,1,1,0,6,2,1,0,0,0,1,22,71282,6,1,0,0,3,0,72,197,0,0,0,0,1,4,2014,4,2014,0,58,6,0,0,1,2,55,3,1,2,1,0,0,14,13,6,4,6,98,"888888888888","777777777777","777777777777",1,0
22,220234,1,1,1,2,4,5,33,8,0,1,0,22,1,20,405,20405,14,2014,"3GNAL3EK3ES5","3","G","N","A","L","3","E","K","3","E","S","5",0,0,0,"000000000","00000000000",0,0,0,1,0,0,0,0,0,0,0,999,0,0,0,98,9,3,8,0,0,0,1,22,70001,6,1,0,0,3,3,61,150,0,0,0,0,2,1,2012,4,2014,0,99,99,99,99,2,2,35,1,1,1,1,3,3,1,81,15,1,1,13,"777777777777","777777777777","777777777777",0,0
22,220235,1,1,1,2,5,23,0,53,0,1,0,22,1,59,34,59034,4,2007,"JTHBE96S3700","J","T","H","B","E","9","6","S","3","7","0","0",0,0,0,"000000000","00000000000",0,0,0,1,0,0,0,0,0,0,0,75,0,1,6,12,6,2,1,32,0,0,1,22,70435,1,1,0,0,2,0,72,180,0,1,1,1,2,7,2011,5,2015,3,6,24,58,0,1,2,55,2,1,2,1,40,3,14,12,7,1,4,1,"777777777777","777777777777","777777777777",1,1
22,220236,1,1,1,1,5,0,3,32,0,1,0,22,2,14,444,14444,20,2004,"2MRZA20274BJ","2","M","R","Z","A","2","0","2","7","4","B","J",0,0,0,"000000000","00000000000",0,0,0,1,0,0,0,0,0,0,0,80,0,1,5,12,6,2,30,0,0,0,1,22,71301,0,0,0,0,0,0,999,999,99,99,99,99,99,99,9999,99,9999,4,6,0,0,0,1,2,55,3,1,2,1,28,3,14,13,99,1,4,1,"777777777777","777777777777","777777777777",1,1
22,220237,1,2,1,2,5,16,14,12,8,1,0,22,2,49,43,49043,4,2000,"4T1BF28B6YU0","4","T","1","B","F","2","8","B","6","Y","U","0",0,0,0,"000000000","00000000000",0,0,0,1,0,0,0,0,0,0,0,65,0,0,0,62,6,2,12,0,0,0,1,22,71019,0,0,0,0,0,0,999,999,99,99,99,99,99,99,9999,99,9999,9,24,28,0,0,1,2,55,1,2,2,1,0,0,1,10,1,1,4,64,"777777777777","777777777777","777777777777",1,0
22,220237,2,2,1,2,5,16,14,12,8,1,0,22,3,7,881,7881,64,2008,"3D6WG46D08G2","3","D","6","W","G","4","6","D","0","8","G","2",0,0,88,"888888888","88888888888",2,1,96,1,0,0,0,0,0,0,0,55,0,0,0,8,6,2,12,0,0,0,1,22,71411,6,1,6,0,3,0,66,217,0,0,0,0,0,0,0,0,0,0,0,0,0,0,1,2,55,1,2,2,1,0,0,1,62,7,1,4,65,"777777777777","777777777777","777777777777",0,0
22,220238,1,1,1,7,5,7,53,32,0,1,0,22,1,35,47,35047,4,2006,"1N4AL11D16C2","1","N","4","A","L","1","1","D","1","6","C","2",0,0,0,"000000000","00000000000",0,0,0,1,0,0,0,0,0,0,0,50,0,0,0,12,6,2,32,0,0,0,1,22,70363,6,1,0,0,3,0,65,260,0,0,0,0,0,0,0,0,0,0,99,99,99,99,4,2,50,1,1,2,1,0,0,1,12,99,1,4,6,"777777777777","777777777777","777777777777",1,0
22,220239,1,1,1,7,6,23,25,30,0,1,0,22,2,22,20,22020,4,2006,"2G2WR5845611","2","G","2","W","R","5","8","4","5","6","1","1",0,0,0,"000000000","00000000000",0,0,0,1,0,0,0,0,0,0,0,998,0,0,0,12,6,2,30,0,0,0,1,22,71129,1,1,0,0,2,3,70,170,0,0,0,0,0,0,0,0,0,5,99,99,99,99,1,4,35,3,2,1,1,0,0,14,13,99,1,4,1,"777777777777","777777777777","777777777777",1,1
22,220240,1,1,1,1,6,12,55,24,0,1,0,22,1,72,706,72706,80,2007,"1HD1BW5117Y0","1","H","D","1","B","W","5","1","1","7","Y","0",0,0,0,"000000000","00000000000",0,0,0,1,0,0,0,0,0,0,0,998,0,0,0,98,9,2,24,0,0,0,1,22,70431,6,1,0,0,3,3,69,230,0,0,0,0,1,12,2012,12,2012,9,34,0,0,0,1,4,40,1,1,2,1,0,0,6,13,99,9,4,4,"777777777777","777777777777","777777777777",1,0
22,220241,1,1,1,15,6,9,41,34,0,1,0,22,1,49,33,49033,3,2001,"JTDDR32T7100","J","T","D","D","R","3","2","T","7","1","0","0",0,0,0,"000000000","00000000000",0,0,0,1,0,0,0,0,0,0,0,999,0,1,5,12,6,2,1,0,0,0,1,22,71071,6,1,6,0,3,3,70,210,0,0,0,0,0,0,0,0,0,9,6,24,0,0,1,2,55,3,1,2,1,0,0,14,13,99,1,4,1,"777777777777","777777777777","777777777777",1,0
22,220242,1,1,1,22,6,17,48,9,0,1,1,22,2,23,481,23481,31,1984,"1GTDC14D8ES5","1","G","T","D","C","1","4","D","8","E","S","5",0,0,0,"000000000","00000000000",0,0,0,1,0,0,0,0,0,0,0,998,0,0,0,12,2,5,9,0,0,0,1,22,70451,1,1,0,0,2,0,999,999,0,0,0,0,0,0,0,0,0,9,91,0,0,0,1,2,25,1,1,2,1,99,9,1,83,6,1,2,13,"777777777777","777777777777","777777777777",0,1
22,220243,1,3,1,9,6,16,20,12,7,1,0,22,1,72,706,72706,80,2006,"1HD1BWB146Y0","1","H","D","1","B","W","B","1","4","6","Y","0",0,0,0,"000000000","00000000000",0,0,0,1,0,0,0,0,0,0,0,999,0,0,0,1,6,2,12,0,0,0,1,22,70663,6,1,0,0,3,0,66,200,0,0,0,0,0,0,0,0,0,9,6,0,0,0,2,4,70,1,1,2,1,0,0,15,52,15,5,3,48,"777777777777","777777777777","777777777777",1,0
22,220243,2,3,3,9,6,16,20,12,7,1,0,22,1,37,32,37032,4,1999,"1HGCG165XXA0","1","H","G","C","G","1","6","5","X","X","A","0",0,0,0,"000000000","00000000000",0,0,0,1,0,0,0,0,0,0,0,999,0,0,0,7,6,2,12,0,0,0,1,22,70446,6,1,0,0,3,0,64,140,0,0,0,0,0,0,0,0,0,0,0,0,0,0,2,4,70,1,1,2,1,0,0,2,60,1,1,1,48,"777777777777","777777777777","777777777777",0,0
22,220243,3,3,1,9,6,16,20,12,7,1,0,22,1,12,481,12481,31,2010,"1FTFW1EV3AFC","1","F","T","F","W","1","E","V","3","A","F","C",0,0,0,"000000000","00000000000",0,0,0,1,0,0,0,0,0,0,0,0,0,0,0,6,4,5,12,0,0,0,1,22,70665,6,1,0,0,3,0,70,215,0,0,0,0,0,0,0,0,0,0,0,0,0,0,2,4,70,1,1,2,1,0,0,5,60,1,1,1,98,"777777777777","777777777777","777777777777",0,0
22,220244,1,1,1,22,6,17,29,8,0,1,0,22,1,23,8,23008,6,2007,"1GKER23737J1","1","G","K","E","R","2","3","7","3","7","J","1",0,0,0,"000000000","00000000000",0,0,0,1,0,0,0,0,0,0,0,999,0,0,0,11,4,5,8,0,0,0,1,22,70663,6,1,0,0,3,3,60,195,0,0,0,1,3,7,2012,1,2014,0,0,0,0,0,1,2,50,1,1,2,1,0,0,1,80,1,1,1,13,"777777777777","777777777777","777777777777",0,0
22,220245,1,1,2,2,6,12,4,10,0,1,0,22,2,62,421,62421,15,2007,"SALME15487A2","S","A","L","M","E","1","5","4","8","7","A","2",0,0,0,"000000000","00000000000",0,0,0,1,0,0,0,0,0,0,0,2,0,0,0,81,6,2,10,0,0,0,1,22,70802,6,1,0,0,3,0,68,150,0,0,0,0,1,11,2012,11,2012,0,39,38,0,0,1,2,98,1,1,2,2,65,3,1,17,1,1,1,15,"777777777777","777777777777","777777777777",2,0
22,220246,1,1,1,8,6,19,41,9,0,1,0,22,1,23,481,23481,31,2016,"3GTU2PEC6GG1","3","G","T","U","2","P","E","C","6","G","G","1",0,0,0,"000000000","00000000000",0,0,0,1,0,0,0,0,0,0,0,999,0,0,0,1,2,5,9,0,0,0,1,22,70072,6,1,0,0,3,3,71,210,0,0,0,1,0,5,2012,5,2012,0,6,0,0,0,1,2,20,1,1,2,1,20,3,10,83,1,1,1,13,"777777777777","777777777777","777777777777",0,0
22,220247,1,2,1,19,6,5,16,12,2,1,0,22,1,20,481,20481,31,2015,"1GCRCREC9FZ3","1","G","C","R","C","R","E","C","9","F","Z","3",0,0,0,"000000000","00000000000",0,0,0,1,0,0,0,0,0,0,0,55,0,1,1,12,6,2,12,0,0,0,1,22,70763,6,1,0,0,3,0,71,185,0,0,0,0,1,12,2012,12,2012,9,6,28,91,0,1,2,45,1,1,2,1,0,0,1,10,1,1,2,50,"777777777777","777777777777","777777777777",0,1
22,220247,2,2,1,19,6,5,16,12,2,1,0,22,2,49,43,49043,4,2009,"4T1BK36B59U3","4","T","1","B","K","3","6","B","5","9","U","3",0,0,0,"000000000","00000000000",0,0,0,1,0,0,0,0,0,0,0,45,0,0,0,12,6,2,12,0,0,0,1,22,70052,6,1,0,0,3,0,70,250,0,0,0,0,0,0,0,0,0,0,0,0,0,0,1,2,45,1,1,2,1,0,0,1,62,7,1,1,51,"777777777777","777777777777","777777777777",1,0
22,220248,1,1,1,24,6,10,15,8,0,1,1,22,4,35,47,35047,4,2015,"1N4AL3AP3FC2","1","N","4","A","L","3","A","P","3","F","C","2",0,0,0,"000000000","00000000000",0,0,0,1,0,0,0,0,0,0,0,999,0,0,0,12,2,5,8,0,0,0,1,22,71202,0,0,0,0,0,0,999,999,99,99,99,99,99,99,9999,99,9999,0,99,99,99,99,1,2,98,1,1,1,1,0,0,9,80,99,9,4,98,"777777777777","777777777777","777777777777",0,0
22,220249,1,2,2,22,6,12,19,12,6,1,0,22,2,37,705,37705,80,1999,"JH2RC4331XM4","J","H","2","R","C","4","3","3","1","X","M","4",0,0,0,"000000000","00000000000",0,0,0,1,0,0,0,0,0,0,0,999,0,0,0,12,6,2,12,0,0,0,1,22,70508,6,1,0,0,3,3,68,150,0,0,0,0,0,0,0,0,0,5,35,0,0,0,1,2,45,1,1,2,1,0,0,6,17,1,1,1,73,"777777777777","777777777777","777777777777",1,0
22,220249,2,2,2,22,6,12,19,12,6,1,0,22,3,20,481,20481,31,2016,"1GCVKPEC6GZ2","1","G","C","V","K","P","E","C","6","G","Z","2",1,1,0,"000000000","00000000000",0,0,0,1,0,0,0,0,0,0,0,999,0,0,0,61,6,2,12,0,0,0,1,22,70507,6,1,0,0,3,0,72,170,0,0,0,2,0,1,2014,5,2014,0,0,0,0,0,1,2,45,1,1,2,1,0,0,11,53,1,1,1,72,"000000000000","777777777777","777777777777",0,0
22,220250,1,1,1,4,6,0,3,8,0,1,1,99,9,99,999,99999,99,9999,"999999999999","9","9","9","9","9","9","9","9","9","9","9","9",0,0,99,"999999999","99999999999",9,99,99,1,0,0,0,0,99,99,9,999,0,0,0,12,9,5,8,0,0,0,1,99,99999,9,9,99,9,9,9,999,999,99,99,99,99,99,99,9999,99,9999,9,99,99,99,99,1,2,35,1,1,2,1,0,0,1,80,1,1,1,13,"777777777777","777777777777","777777777777",0,0
22,220251,1,2,2,16,3,14,50,12,6,1,0,22,1,12,471,12471,30,2008,"1FTYR10U78PA","1","F","T","Y","R","1","0","U","7","8","P","A",0,0,0,"000000000","00000000000",0,0,0,1,0,0,0,0,0,0,0,999,0,0,0,61,6,2,12,0,0,0,1,22,71241,6,1,0,0,3,3,69,220,0,0,0,0,0,0,0,0,0,0,38,0,0,0,0,0,0,0,0,0,0,0,0,11,15,1,1,1,82,"777777777777","777777777777","777777777777",1,0
22,220251,2,2,1,16,3,14,50,12,6,1,0,22,1,52,46,52046,5,2010,"JA32X8HW4AU0","J","A","3","2","X","8","H","W","4","A","U","0",0,0,0,"000000000","00000000000",0,0,0,1,0,0,0,0,0,0,0,999,0,0,0,12,6,2,12,0,0,0,1,48,71270,6,1,0,0,3,0,999,999,1,0,0,0,1,9,2011,10,2011,0,0,0,0,0,5,5,35,1,1,1,1,0,0,1,72,1,1,1,83,"777777777777","777777777777","777777777777",0,0
22,220252,1,2,1,7,4,9,25,12,2,1,0,22,2,55,33,55033,4,2000,"KMHWF35V9YA3","K","M","H","W","F","3","5","V","9","Y","A","3",0,0,0,"000000000","00000000000",0,0,0,1,0,0,0,0,0,0,0,999,0,0,0,12,6,2,12,0,0,0,1,22,70663,1,1,0,0,2,0,71,200,0,1,1,0,0,5,2011,6,2011,9,28,36,0,0,1,2,45,3,1,2,1,0,0,14,10,1,1,2,50,"777777777777","777777777777","777777777777",1,0
22,220252,2,2,1,7,4,9,25,12,2,1,0,22,1,12,481,12481,31,2013,"1FTFW1EF2DKF","1","F","T","F","W","1","E","F","2","D","K","F",0,0,0,"000000000","00000000000",0,0,0,1,0,0,0,0,0,0,0,999,0,0,0,12,6,2,12,0,0,0,1,22,71438,6,1,0,0,3,0,66,200,0,0,0,0,0,0,0,0,0,0,0,0,0,0,1,2,45,2,1,2,1,0,0,14,62,99,1,1,51,"777777777777","777777777777","777777777777",0,0
22,220253,1,1,2,12,4,21,12,8,0,1,0,22,2,37,421,37421,15,2005,"2HKYF187X5H5","2","H","K","Y","F","1","8","7","X","5","H","5",0,0,0,"000000000","00000000000",0,0,0,1,0,0,0,0,0,0,0,25,0,0,0,12,2,5,8,0,0,0,1,22,70072,6,1,0,0,3,0,68,175,0,0,0,0,0,0,0,0,0,0,0,0,0,0,2,3,35,1,1,1,1,0,0,15,80,1,1,1,13,"777777777777","777777777777","777777777777",0,0
22,220254,1,3,1,20,4,21,40,12,1,1,0,22,1,53,705,53705,80,2007,"JS1GN7DA6721","J","S","1","G","N","7","D","A","6","7","2","1",0,0,0,"000000000","00000000000",0,0,0,1,0,0,0,0,0,0,0,999,0,0,0,12,6,2,12,0,0,0,1,48,70031,6,1,0,0,3,0,999,999,0,0,0,1,0,8,2011,8,2011,5,99,99,99,99,2,3,70,1,1,2,1,0,0,1,51,99,9,1,24,"777777777777","777777777777","777777777777",1,0
22,220254,2,3,1,20,4,21,40,12,1,1,0,12,1,49,403,49403,14,2008,"JTEDS41A4820","J","T","E","D","S","4","1","A","4","8","2","0",0,0,0,"000000000","00000000000",0,0,0,1,0,0,0,0,0,0,0,999,0,0,0,6,4,5,12,0,0,0,1,12,32401,9,9,99,9,9,9,999,999,99,99,99,99,99,99,9999,99,9999,0,0,0,0,0,2,3,70,1,1,2,1,0,0,1,53,1,1,1,25,"777777777777","777777777777","777777777777",0,0
22,220254,3,3,1,20,4,21,40,12,1,1,0,22,1,49,482,49482,31,2003,"5TBRT34133S3","5","T","B","R","T","3","4","1","3","3","S","3",0,0,0,"000000000","00000000000",0,0,0,1,0,0,0,0,0,0,0,999,0,0,0,14,0,5,54,0,0,0,1,22,70460,6,1,0,0,3,0,72,180,0,0,0,2,1,10,2013,12,2015,0,0,0,0,0,2,3,70,1,1,2,1,0,0,1,50,7,1,2,98,"777777777777","777777777777","777777777777",0,0
22,220255,1,1,2,24,4,23,27,30,0,1,0,22,2,63,33,63033,4,2009,"KNAFE2218956","K","N","A","F","E","2","2","1","8","9","5","6",0,0,0,"000000000","00000000000",0,0,0,1,0,0,0,0,0,0,0,998,0,0,0,11,6,2,30,0,0,0,1,22,70807,3,1,0,0,2,3,67,195,0,0,0,0,0,0,0,0,0,9,99,99,99,99,1,4,40,1,1,1,1,99,9,99,99,99,9,4,99,"777777777777","777777777777","777777777777",1,0
22,220256,1,2,1,26,4,13,25,12,8,1,0,22,2,49,481,49481,40,1996,"JT4TN12DXT00","J","T","4","T","N","1","2","D","X","T","0","0",0,0,0,"000000000","00000000000",0,0,0,1,0,0,0,0,0,0,0,999,0,0,0,11,6,2,12,0,0,0,1,22,70067,6,1,0,0,3,3,68,210,0,0,0,0,0,0,0,0,0,0,28,6,0,0,1,2,35,1,1,2,1,0,0,1,10,1,1,4,64,"777777777777","777777777777","777777777777",1,0
22,220256,2,2,1,26,4,13,25,12,8,1,0,22,1,12,402,12402,14,2013,"1FMCU0GX2DUD","1","F","M","C","U","0","G","X","2","D","U","D",0,0,0,"000000000","00000000000",0,0,0,1,0,0,0,0,0,0,0,999,0,0,0,11,6,2,12,0,0,0,1,22,70067,6,1,0,0,3,3,65,200,0,0,0,0,0,0,0,0,0,0,0,0,0,0,1,2,35,1,1,2,1,0,0,1,60,7,1,4,65,"777777777777","777777777777","777777777777",0,0
22,220257,1,2,1,28,4,10,40,12,6,1,0,22,1,20,404,20404,14,2014,"2GNALAEK5E11","2","G","N","A","L","A","E","K","5","E","1","1",0,0,0,"000000000","00000000000",0,0,0,1,0,0,0,0,0,0,0,5,0,0,0,10,4,3,12,0,0,0,1,22,70301,6,1,0,0,3,3,76,225,0,0,0,0,0,0,0,0,0,0,38,0,0,0,1,2,45,1,1,2,2,20,3,11,15,1,1,1,82,"777777777777","777777777777","777777777777",1,0