"STATE","ST_CASE","VEH_NO","VE_FORMS","NUMOCCS","DAY","MONTH","HOUR","MINUTE","HARM_EV","MAN_COLL","UNITTYPE","HIT_RUN","REG_STAT","OWNER","MAKE","MODEL","MAK_MOD","BODY_TYP","MOD_YEAR","VIN","VIN_1","VIN_2","VIN_3","VIN_4","VIN_5","VIN_6","VIN_7","VIN_8","VIN_9","VIN_10","VIN_11","VIN_12","TOW_VEH","J_KNIFE","MCARR_I1","MCARR_I2","MCARR_ID","GVWR","V_CONFIG","CARGO_BT","HAZ_INV","HAZ_PLAC","HAZ_ID","HAZ_CNO","HAZ_REL","BUS_USE","SPEC_USE","EMER_USE","TRAV_SP","UNDERIDE","ROLLOVER","ROLINLOC","IMPACT1","DEFORMED","TOWED","M_HARM","VEH_SC1","VEH_SC2","FIRE_EXP","DR_PRES","L_STATE","DR_ZIP","L_STATUS","L_TYPE","CDL_STAT","L_ENDORS","L_COMPL","L_RESTRI","DR_HGT","DR_WGT","PREV_ACC","PREV_SUS","PREV_DWI","PREV_SPD","PREV_OTH","FIRST_MO","FIRST_YR","LAST_MO","LAST_YR","SPEEDREL","DR_SF1","DR_SF2","DR_SF3","DR_SF4","VTRAFWAY","VNUM_LAN","VSPD_LIM","VALIGN","VPROFILE","VPAVETYP","VSURCOND","VTRAFCON","VTCONT_F","P_CRASH1","P_CRASH2","P_CRASH3","PCRASH4","PCRASH5","ACC_TYPE","TRLR1VIN","TRLR2VIN","TRLR3VIN","DEATHS","DR_DRINK"
22,220331,1,1,1,9,4,1,40,53,0,1,0,22,1,20,421,20421,15,1997,"1GNEC13R7VJ3","1","G","N","E","C","1","3","R","7","V","J","3",0,0,0,"000000000","00000000000",0,0,0,1,0,0,0,0,0,0,0,998,0,1,5,12,6,2,42,0,0,0,1,22,70427,1,1,0,0,2,3,73,200,0,0,1,1,3,1,2013,10,2015,5,6,24,58,0,1,2,30,1,1,2,1,0,0,1,13,6,1,4,1,"777777777777","777777777777","777777777777",1,1
22,220332,1,1,3,4,7,1,45,46,0,1,0,22,2,20,2,20002,4,2009,"2G1WT57N9912","2","G","1","W","T","5","7","N","9","9","1","2",0,0,0,"000000000","00000000000",0,0,0,1,0,0,0,0,0,0,0,999,0,0,0,12,6,2,2,0,0,1,1,22,70117,0,0,0,0,0,0,71,120,99,99,99,99,99,99,9999,99,9999,9,99,99,99,99,3,2,35,1,1,1,1,3,3,1,13,99,9,4,5,"777777777777","777777777777","777777777777",2,1
22,220333,1,1,1,6,7,0,1,21,0,1,0,22,1,42,43,42043,4,1998,"WDBGA32G2WA3","W","D","B","G","A","3","2","G","2","W","A","3",0,0,0,"000000000","00000000000",0,0,0,1,0,0,0,0,0,0,0,998,0,0,0,11,6,2,2,0,0,1,1,22,70117,1,1,0,0,2,0,73,215,0,2,1,0,0,6,2015,6,2016,9,99,99,99,99,6,2,98,1,1,2,1,0,0,1,13,99,9,4,5,"777777777777","777777777777","777777777777",1,1
22,220334,1,2,1,6,7,7,20,12,8,1,0,22,1,58,37,58037,4,2008,"JNKBV61E58M2","J","N","K","B","V","6","1","E","5","8","M","2",0,0,0,"000000000","00000000000",0,0,0,1,0,0,0,0,0,0,0,45,0,0,0,11,6,2,12,0,0,0,1,22,70092,2,1,0,0,2,0,67,159,0,0,0,1,1,1,2014,2,2015,0,36,24,0,0,1,2,45,1,1,2,1,0,0,1,10,1,1,2,64,"777777777777","777777777777","777777777777",1,1
22,220334,2,2,1,6,7,7,20,12,8,1,0,22,3,87,884,87884,63,1997,"1XP5DR9X1VN4","1","X","P","5","D","R","9","X","1","V","N","4",1,1,57,"1611418","571611418",3,4,3,1,0,0,0,0,0,0,0,45,0,0,0,8,4,5,12,0,0,0,1,22,70094,2,1,6,0,3,3,69,220,0,0,0,0,0,0,0,0,0,0,0,0,0,0,1,2,45,1,1,2,1,0,0,1,62,7,1,2,65,"888888888888","777777777777","777777777777",0,0
22,220335,1,1,1,6,7,13,25,34,0,1,0,22,1,49,422,49422,15,2003,"5TDZT34A93S1","5","T","D","Z","T","3","4","A","9","3","S","1",0,0,0,"000000000","00000000000",0,0,0,1,0,0,0,0,0,0,0,65,0,1,5,12,6,2,1,0,0,0,1,22,70119,6,1,0,0,3,0,67,208,0,0,0,0,0,0,0,0,0,0,6,58,0,0,2,2,65,1,1,2,1,0,0,1,12,7,3,4,2,"777777777777","777777777777","777777777777",1,0
22,220336,1,2,1,7,7,12,25,12,6,1,0,22,2,37,32,37032,4,2006,"1HGCM56346A0","1","H","G","C","M","5","6","3","4","6","A","0",0,0,0,"000000000","00000000000",0,0,0,1,0,0,0,0,0,0,0,20,0,0,0,9,6,2,12,0,0,0,1,22,71220,6,1,0,0,3,0,67,200,0,0,0,0,1,12,2015,12,2015,0,38,0,0,0,5,3,45,1,1,2,1,20,3,1,17,10,1,1,89,"777777777777","777777777777","777777777777",1,0
22,220336,2,2,3,7,7,12,25,12,6,1,0,22,1,20,401,20401,14,2004,"1GNDS13S3423","1","G","N","D","S","1","3","S","3","4","2","3",0,0,0,"000000000","00000000000",0,0,0,1,0,0,0,0,0,0,0,55,0,0,0,12,6,2,12,0,0,0,1,22,71220,1,1,0,0,2,0,65,192,0,0,0,0,4,11,2013,9,2015,0,0,0,0,0,5,6,55,3,1,1,1,0,0,14,66,8,2,2,88,"777777777777","777777777777","777777777777",0,0
22,220337,1,1,1,9,7,2,49,32,0,1,0,22,1,55,33,55033,4,2004,"KMHWF35H64A9","K","M","H","W","F","3","5","H","6","4","A","9",0,0,0,"000000000","00000000000",0,0,0,1,0,0,0,0,0,0,0,45,0,1,5,11,6,2,1,0,0,0,1,22,70737,6,1,0,0,3,0,67,170,0,0,0,0,0,0,0,0,0,0,24,0,0,0,1,2,45,3,1,2,1,0,0,14,12,99,1,4,10,"777777777777","777777777777","777777777777",1,1
22,220338,1,2,1,8,7,10,12,12,2,1,0,22,1,12,401,12401,14,2006,"1FMEU73E76ZA","1","F","M","E","U","7","3","E","7","6","Z","A",0,0,0,"000000000","00000000000",0,0,0,1,0,0,0,0,0,0,0,80,0,0,0,12,6,2,12,0,0,1,1,22,71111,6,1,0,0,3,0,72,160,0,0,0,0,0,0,0,0,0,4,51,0,0,0,1,2,55,2,1,2,1,40,3,14,10,16,2,2,50,"777777777777","777777777777","777777777777",1,0
22,220338,2,2,1,8,7,10,12,12,2,1,0,93,1,85,881,85881,66,1990,"2XKADB9X7LM5","2","X","K","A","D","B","9","X","7","L","M","5",0,0,57,"52767","5752767",3,5,96,1,0,0,0,0,0,0,0,15,0,0,0,12,4,3,12,0,0,1,1,22,70560,6,1,6,0,3,3,67,159,0,0,0,0,1,1,2014,1,2014,0,0,0,0,0,1,2,55,3,1,2,1,40,3,14,62,7,1,1,51,"777777777777","777777777777","777777777777",0,0
22,220339,1,2,3,11,7,17,43,12,1,1,0,22,1,20,481,20481,31,1990,"1GCDC14K6LZ2","1","G","C","D","C","1","4","K","6","L","Z","2",0,0,0,"000000000","00000000000",0,0,0,1,0,0,0,0,0,0,0,70,1,0,0,12,6,2,12,0,0,0,1,22,70444,1,1,0,0,2,0,72,182,0,0,0,2,3,12,2011,4,2016,4,6,24,0,0,1,2,55,1,1,2,1,0,0,1,52,8,2,1,28,"777777777777","777777777777","777777777777",3,1
22,220339,2,2,1,11,7,17,43,12,1,1,0,93,3,98,804,98804,63,2015,"5KJJAED61FPG","5","K","J","J","A","E","D","6","1","F","P","G",1,1,57,"1466227","571466227",3,4,2,1,0,0,0,0,0,0,0,15,0,0,0,6,4,3,12,0,0,0,1,22,70422,6,1,6,0,3,3,72,358,0,0,0,0,0,0,0,0,0,0,0,0,0,0,1,2,55,1,1,2,1,0,0,2,53,1,1,1,29,"888888888888","777777777777","777777777777",0,0
22,220340,1,1,1,22,7,5,51,33,0,1,0,22,2,19,18,19018,4,2005,"1G6DP5678501","1","G","6","D","P","5","6","7","8","5","0","1",0,0,0,"000000000","00000000000",0,0,0,1,0,0,0,0,0,0,0,999,0,1,5,11,6,2,3,0,0,0,1,22,70126,0,0,0,0,0,0,68,140,99,99,99,99,99,99,9999,99,9999,4,24,0,0,0,2,2,35,1,1,2,2,0,0,1,12,99,1,4,6,"777777777777","777777777777","777777777777",1,1
22,220341,1,1,1,27,7,15,28,30,0,1,0,22,1,7,482,7482,31,2009,"1D3HV18P99S7","1","D","3","H","V","1","8","P","9","9","S","7",0,0,0,"000000000","00000000000",0,0,0,1,0,0,0,0,0,0,0,999,0,0,0,12,6,2,30,0,0,0,1,22,71474,6,1,0,0,3,0,74,280,0,0,0,0,0,0,0,0,0,0,99,99,99,99,1,2,30,1,1,2,1,0,0,1,13,99,1,4,1,"777777777777","777777777777","777777777777",1,0
22,220342,1,1,1,1,7,17,58,42,0,1,0,48,1,7,482,7482,31,2008,"3D7K529A18G2","3","D","7","K","5","2","9","A","1","8","G","2",0,0,0,"000000000","00000000000",0,0,0,1,0,0,0,0,0,0,0,55,0,0,0,61,6,2,42,0,0,0,1,48,75640,6,1,0,0,3,0,999,999,0,0,0,0,0,0,0,0,0,9,99,99,99,99,1,2,65,2,1,2,1,0,0,14,12,99,9,4,10,"777777777777","777777777777","777777777777",1,1
22,220343,1,2,1,4,7,23,19,8,0,1,0,22,1,37,32,37032,4,2003,"3HGCM56353G7","3","H","G","C","M","5","6","3","5","3","G","7",0,0,0,"000000000","00000000000",0,0,0,1,0,0,0,0,0,0,0,55,0,0,0,12,6,2,8,0,0,0,1,22,71119,6,1,0,0,3,0,71,107,0,0,0,0,0,0,0,0,0,0,0,0,0,0,5,5,55,1,1,1,1,0,0,1,80,1,1,1,13,"777777777777","777777777777","777777777777",0,0
22,220343,2,2,1,4,7,23,19,8,0,1,0,22,1,20,36,20036,2,2002,"2G1WW12E4291","2","G","1","W","W","1","2","E","4","2","9","1",0,0,0,"000000000","00000000000",0,0,0,1,0,0,0,0,0,0,0,49,0,0,0,14,2,3,8,0,0,0,1,22,71109,6,1,6,0,3,0,66,180,0,0,0,0,0,0,0,0,0,0,0,0,0,0,5,5,55,1,1,1,1,0,0,1,80,1,1,1,98,"777777777777","777777777777","777777777777",0,0
22,220344,1,1,1,2,7,0,30,8,0,1,1,99,9,99,999,99999,99,9999,"999999999999","9","9","9","9","9","9","9","9","9","9","9","9",0,0,99,"999999999","99999999999",9,99,99,1,0,0,0,0,99,99,9,999,0,0,0,99,9,9,8,99,99,0,1,99,99999,9,9,99,9,9,9,999,999,99,99,99,99,99,99,9999,99,9999,9,99,99,99,99,1,2,25,1,1,2,1,0,0,1,80,99,9,3,13,"777777777777","777777777777","777777777777",0,0
22,220345,1,1,1,9,7,3,42,33,0,1,0,22,3,37,31,37031,4,2000,"1HGEJ6671YL0","1","H","G","E","J","6","6","7","1","Y","L","0",0,0,0,"000000000","00000000000",0,0,0,1,0,0,0,0,0,0,0,999,0,0,0,14,4,3,30,0,0,0,1,22,70601,0,0,0,0,0,0,999,999,99,99,99,99,99,99,9999,99,9999,9,99,99,99,99,2,2,40,1,1,1,1,0,0,1,12,99,1,4,10,"777777777777","777777777777","777777777777",1,0
22,220347,1,2,1,15,7,6,36,12,6,1,0,22,1,12,481,12481,31,2005,"1FTRF12W95NA","1","F","T","R","F","1","2","W","9","5","N","A",0,0,0,"000000000","00000000000",0,0,0,1,0,0,0,0,0,0,0,998,0,0,0,82,4,5,12,0,0,0,1,22,70807,6,1,0,0,3,0,69,173,0,0,0,1,0,6,2014,6,2014,0,38,0,0,0,5,5,45,1,1,2,1,3,3,11,15,99,1,1,68,"777777777777","777777777777","777777777777",0,0
22,220347,2,2,1,15,7,6,36,12,6,1,0,22,1,72,706,72706,80,2002,"1HD1FBW142Y6","1","H","D","1","F","B","W","1","4","2","Y","6",0,0,0,"000000000","00000000000",0,0,0,1,0,0,0,0,0,0,0,998,0,0,0,12,6,2,12,0,0,0,1,22,70807,6,1,0,0,3,0,66,165,0,0,0,1,0,10,2015,10,2015,9,99,99,99,99,5,5,45,1,1,2,1,3,3,1,62,99,9,1,69,"777777777777","777777777777","777777777777",1,0
22,220348,1,3,2,18,7,14,35,12,6,1,0,22,2,12,17,12017,4,2005,"1FAFP53U55A2","1","F","A","F","P","5","3","U","5","5","A","2",0,0,0,"000000000","00000000000",0,0,0,1,0,0,0,0,0,0,0,998,0,0,0,3,4,8,12,0,0,0,1,22,71106,6,1,0,0,3,0,66,125,0,0,0,0,0,0,0,0,0,0,38,0,0,0,1,2,45,1,1,1,1,0,0,11,15,1,1,1,68,"777777777777","777777777777","777777777777",1,0
22,220348,2,3,1,18,7,14,35,12,6,1,0,22,1,14,6,14006,4,1997,"2MELM75W8VX6","2","M","E","L","M","7","5","W","8","V","X","6",0,0,0,"000000000","00000000000",0,0,0,1,0,0,0,0,0,0,0,998,0,0,0,12,4,3,12,0,0,0,1,22,71118,6,1,0,0,3,3,61,135,0,0,0,0,0,0,0,0,0,0,0,0,0,0,1,2,45,1,1,1,1,0,0,1,62,16,1,1,69,"777777777777","777777777777","777777777777",0,0
22,220348,3,3,1,18,7,14,35,12,6,1,0,22,3,2,1,2001,6,2016,"1C4NJCBA0GD6","1","C","4","N","J","C","B","A","0","G","D","6",0,0,0,"000000000","00000000000",0,0,0,1,0,0,0,0,0,0,0,0,0,0,0,11,2,8,12,0,0,0,1,22,71118,6,1,0,0,3,0,64,154,0,0,0,0,0,0,0,0,0,0,0,0,0,0,1,2,15,1,1,2,1,20,3,5,67,1,1,1,98,"777777777777","777777777777","777777777777",0,0
22,220349,1,2,1,27,7,10,33,12,7,1,0,13,3,82,881,82881,66,2014,"3AKJGLDV8ESF","3","A","K","J","G","L","D","V","8","E","S","F",1,1,57,"198662","57198662",3,6,1,1,0,0,0,0,0,0,0,65,0,1,4,1,6,2,42,0,0,0,1,48,71108,6,1,6,9,3,0,999,999,1,0,0,0,0,1,2012,1,2012,9,99,99,99,99,3,2,70,1,1,1,1,0,0,1,99,16,2,2,44,"000000000000","777777777777","777777777777",1,0
22,220349,2,2,1,27,7,10,33,12,7,1,0,22,3,84,881,84881,62,1998,"1HTSLABM5WH4","1","H","T","S","L","A","B","M","5","W","H","4",0,0,88,"888888888","88888888888",2,2,96,1,0,0,0,0,0,0,0,60,0,1,3,7,6,2,1,0,0,0,1,22,71225,6,1,0,0,3,3,71,175,0,0,0,0,0,0,0,0,0,0,99,99,99,99,3,2,70,1,1,1,1,0,0,1,60,99,1,1,45,"777777777777","777777777777","777777777777",0,0
22,220350,1,2,1,13,7,15,27,24,0,1,0,22,2,12,481,12481,31,2000,"1FTRX17W8YNB","1","F","T","R","X","1","7","W","8","Y","N","B",0,0,0,"000000000","00000000000",0,0,0,1,0,0,0,0,0,0,0,60,0,0,0,82,6,2,12,0,0,0,1,22,71480,3,1,0,0,2,3,68,186,0,0,0,0,0,0,0,0,0,0,6,24,41,0,1,2,55,1,1,2,1,40,3,1,13,99,1,4,4,"777777777777","777777777777","777777777777",1,1
22,220350,2,2,1,13,7,15,27,24,0,1,0,22,3,3,898,3898,78,1979,"10270NPP601","1","0","2","7","0","N","P","P","6","0","1","",1,1,88,"888888888","88888888888",3,4,3,1,0,0,0,0,0,0,0,50,0,0,0,9,2,5,12,0,0,0,1,22,71435,6,1,6,0,3,0,73,220,0,0,0,0,0,0,0,0,0,0,0,0,0,0,1,2,55,1,1,2,1,40,3,1,62,1,1,1,98,"000000000000","777777777777","777777777777",0,0
22,220351,1,1,1,13,7,17,50,42,0,1,0,22,1,20,481,20481,31,2015,"1GCRCPEH8FZ3","1","G","C","R","C","P","E","H","8","F","Z","3",0,0,0,"000000000","00000000000",0,0,0,1,0,0,0,0,0,0,0,62,0,1,5,61,6,2,42,0,0,0,1,22,71457,6,1,6,0,3,3,69,170,0,0,0,0,0,0,0,0,0,9,6,0,0,0,1,2,55,1,1,2,1,0,0,1,12,16,1,4,6,"777777777777","777777777777","777777777777",1,0
22,220352,1,2,2,14,7,5,55,12,2,1,0,22,2,20,481,20481,31,2000,"1GCEC14W8YZ2","1","G","C","E","C","1","4","W","8","Y","Z","2",0,0,0,"000000000","00000000000",0,0,0,1,0,0,0,0,0,0,0,83,0,1,5,12,6,2,12,0,0,0,1,22,70774,6,1,0,0,3,0,71,210,0,0,0,4,6,8,2013,5,2016,3,6,35,36,24,1,2,55,1,1,2,1,28,3,6,54,6,1,1,50,"777777777777","777777777777","777777777777",1,0
22,220352,2,2,2,14,7,5,55,12,2,1,0,22,2,58,36,58036,4,2002,"JNKDA31A22T0","J","N","K","D","A","3","1","A","2","2","T","0",0,0,0,"000000000","00000000000",0,0,0,1,0,0,0,0,0,0,0,50,0,0,0,12,6,2,12,0,0,0,1,22,70805,6,1,0,0,3,3,61,207,0,0,0,0,1,5,2016,5,2016,0,0,0,0,0,1,2,55,1,1,2,1,28,3,1,54,1,1,1,51,"777777777777","777777777777","777777777777",1,0
22,220353,1,1,1,14,7,5,25,35,0,1,0,22,1,21,1,21001,4,1986,"1G3GM69Y5GR3","1","G","3","G","M","6","9","Y","5","G","R","3",0,0,0,"000000000","00000000000",0,0,0,1,0,0,0,0,0,0,0,57,0,1,5,14,4,3,1,0,0,0,1,22,71418,6,1,0,0,3,0,66,140,0,0,0,0,0,0,0,0,0,9,6,24,58,0,1,2,55,3,2,2,1,40,3,14,13,6,4,4,7,"777777777777","777777777777","777777777777",1,0
22,220354,1,2,1,14,7,19,20,12,8,1,0,22,1,7,28,7028,2,2015,"2C3CDZAG6FH7","2","C","3","C","D","Z","A","G","6","F","H","7",0,0,0,"000000000","00000000000",0,0,0,1,0,0,0,0,0,0,0,70,0,0,0,10,6,2,12,0,0,1,1,22,71225,6,1,6,0,3,0,72,310,0,0,0,2,6,1,2012,8,2015,0,6,28,0,0,2,2,70,1,1,2,1,0,0,1,10,1,1,4,64,"777777777777","777777777777","777777777777",1,0
22,220354,2,2,2,14,7,19,20,12,8,1,0,93,3,82,881,82881,66,2016,"1FUJGLDR2GLG","1","F","U","J","G","L","D","R","2","G","L","G",1,3,57,"183949","57183949",3,6,1,1,0,0,0,0,0,0,0,70,0,0,0,10,6,2,2,0,0,1,1,12,33510,6,1,6,9,3,0,73,999,0,0,0,0,0,0,0,0,0,0,0,0,0,0,2,2,70,1,1,2,1,0,0,1,62,7,1,1,65,"000000000000","777777777777","777777777777",0,0
22,220355,1,1,1,14,7,21,5,8,0,1,0,22,1,12,422,12422,15,1998,"1FMPU18L0WLC","1","F","M","P","U","1","8","L","0","W","L","C",0,0,0,"000000000","00000000000",0,0,0,1,0,0,0,0,0,0,0,45,0,0,0,12,2,5,8,0,0,0,1,22,71202,6,1,0,0,3,0,71,235,0,0,0,0,0,0,0,0,0,0,0,0,0,0,2,3,55,1,1,2,2,3,3,1,80,8,1,1,13,"777777777777","777777777777","777777777777",0,0
22,220356,1,1,2,15,7,21,30,8,0,1,0,22,1,2,422,2422,15,2015,"1C4RJEBG5FC2","1","C","4","R","J","E","B","G","5","F","C","2",0,0,0,"000000000","00000000000",0,0,0,1,0,0,0,0,0,0,0,60,0,0,0,1,4,3,8,0,0,0,1,22,70634,2,1,0,0,2,3,76,193,0,0,0,0,0,0,0,0,0,0,0,0,0,0,2,2,65,1,1,2,1,0,0,1,80,1,1,1,13,"777777777777","777777777777","777777777777",0,0
22,220357,1,1,1,17,7,99,99,1,0,1,0,22,1,12,481,12481,31,2015,"1FTEW1CP6FKE","1","F","T","E","W","1","C","P","6","F","K","E",0,0,0,"000000000","00000000000",0,0,0,1,0,0,0,0,0,0,0,55,0,1,5,0,6,2,42,0,0,0,1,22,71253,6,1,0,0,3,0,72,155,0,0,0,0,0,0,0,0,0,9,6,24,0,0,1,2,55,2,1,2,1,40,3,14,13,99,2,4,5,"777777777777","777777777777","777777777777",1,0
22,220358,1,2,1,20,7,22,55,12,2,1,0,22,1,53,705,53705,80,2016,"JS1SP46A7G21","J","S","1","S","P","4","6","A","7","G","2","1",0,0,0,"000000000","00000000000",0,0,0,1,0,0,0,0,0,0,0,45,0,0,0,12,6,2,12,0,0,0,1,22,70094,6,1,0,0,2,3,71,220,0,0,0,0,0,0,0,0,0,0,51,0,0,0,2,2,45,1,1,2,1,0,0,1,8,1,1,2,52,"777777777777","777777777777","777777777777",1,1
22,220358,2,2,1,20,7,22,55,12,2,1,0,22,1,20,421,20421,15,1999,"1GNCS13W2X21","1","G","N","C","S","1","3","W","2","X","2","1",0,0,0,"000000000","00000000000",0,0,0,1,0,0,0,0,0,0,0,45,0,0,0,12,6,2,12,0,0,0,1,22,70072,6,1,0,0,3,3,67,195,0,0,0,0,1,1,2015,1,2015,0,0,0,0,0,2,2,45,1,1,2,1,0,0,1,62,9,2,1,52,"777777777777","777777777777","777777777777",0,0
22,220359,1,1,1,21,7,0,5,8,0,1,0,22,1,77,706,77706,80,2015,"5VPTW36N3F30","5","V","P","T","W","3","6","N","3","F","3","0",0,0,0,"000000000","00000000000",0,0,0,1,0,0,0,0,0,0,0,35,0,0,0,11,4,3,8,0,0,0,1,22,70115,4,1,0,0,2,0,72,160,0,0,0,0,0,0,0,0,0,0,0,0,0,0,2,3,35,1,1,2,1,0,0,1,80,7,1,1,13,"777777777777","777777777777","777777777777",0,1
22,220360,1,2,1,22,7,20,25,12,6,1,0,22,2,49,40,49040,4,1996,"4T1BG12K8TU8","4","T","1","B","G","1","2","K","8","T","U","8",0,0,0,"000000000","00000000000",0,0,0,1,0,0,0,0,0,0,0,55,0,0,0,3,6,2,12,0,0,0,1,22,70445,6,1,0,0,3,3,66,185,0,0,0,1,3,2,2016,6,2016,0,6,28,58,0,1,2,55,1,1,2,1,0,0,1,13,6,4,6,66,"777777777777","777777777777","777777777777",1,0
22,220360,2,2,1,22,7,20,25,12,6,1,0,22,1,35,403,35403,14,2014,"JN8AF5MR5ET3","J","N","8","A","F","5","M","R","5","E","T","3",0,0,0,"000000000","00000000000",0,0,0,1,0,0,0,0,0,0,0,55,0,0,0,12,6,2,12,0,0,0,1,22,70422,6,1,0,0,3,0,68,245,0,0,0,0,0,0,0,0,0,0,0,0,0,0,1,2,55,1,1,2,1,0,0,1,62,1,1,1,66,"777777777777","777777777777","777777777777",0,0
22,220361,1,1,1,29,7,22,34,8,0,1,0,22,3,20,421,20421,15,2012,"1GNLC2E00CR2","1","G","N","L","C","2","E","0","0","C","R","2",0,0,0,"000000000","00000000000",0,0,0,1,0,0,0,0,0,5,0,50,0,0,0,12,2,5,8,0,0,0,1,22,70359,6,1,0,0,3,3,72,240,0,0,0,0,0,0,0,0,0,0,16,0,0,0,1,2,45,3,1,2,1,0,0,14,80,6,1,1,13,"777777777777","777777777777","777777777777",0,0
22,220362,1,1,1,14,5,22,38,8,0,1,1,22,1,12,481,12481,31,1997,"1FTDX07W2VKC","1","F","T","D","X","0","7","W","2","V","K","C",0,0,0,"000000000","00000000000",0,0,0,1,0,0,0,0,0,0,0,70,0,0,0,11,6,2,8,0,0,0,1,22,70086,1,1,0,0,2,0,72,172,0,0,0,0,0,0,0,0,0,9,91,0,0,0,2,2,70,1,1,1,1,0,0,1,80,99,1,1,13,"777777777777","777777777777","777777777777",0,0
22,220363,1,1,1,5,6,1,0,14,0,1,0,5,1,20,481,20481,31,2006,"2GCEC13T6611","2","G","C","E","C","1","3","T","6","6","1","1",0,0,0,"000000000","00000000000",0,0,0,1,0,0,0,0,0,0,0,60,0,0,0,12,6,2,14,0,0,0,1,5,72206,6,1,6,0,3,0,67,215,0,0,0,0,0,0,0,0,0,0,6,27,36,0,3,2,60,1,1,1,2,0,0,1,11,1,1,2,11,"777777777777","777777777777","777777777777",0,1
22,220364,1,1,1,21,7,4,30,32,0,1,0,22,2,55,35,55035,4,2015,"5NPDH4AE2FH6","5","N","P","D","H","4","A","E","2","F","H","6",0,0,0,"000000000","00000000000",0,0,0,1,0,0,0,0,0,0,0,60,0,0,0,12,4,3,32,0,0,0,1,22,70736,1,1,0,0,2,0,72,200,0,1,0,0,2,3,2015,1,2016,9,6,24,0,0,1,2,55,1,1,2,1,0,0,1,12,1,1,4,6,"777777777777","777777777777","777777777777",1,0
22,220365,1,1,1,2,8,21,0,35,0,1,0,48,1,37,31,37031,4,2012,"2HGFB2F59CH5","2","H","G","F","B","2","F","5","9","C","H","5",0,0,0,"000000000","00000000000",0,0,0,1,0,0,0,0,0,0,0,58,0,0,0,12,6,2,21,0,0,0,1,48,75237,3,2,0,0,2,3,999,999,0,0,0,1,1,1,2015,3,2015,4,6,0,0,0,1,2,45,3,1,2,1,0,0,14,13,1,1,4,1,"777777777777","777777777777","777777777777",1,1
22,220366,1,1,4,3,8,0,27,42,0,1,0,22,1,37,32,37032,2,2003,"1HGCM72623A0","1","H","G","C","M","7","2","6","2","3","A","0",0,0,0,"000000000","00000000000",0,0,0,1,0,0,0,0,0,0,0,70,0,0,0,12,6,2,42,0,0,0,1,22,70634,6,1,0,0,3,3,62,115,0,0,0,0,0,0,0,0,0,4,6,24,0,0,1,2,35,3,1,2,1,0,0,1,14,1,1,4,14,"777777777777","777777777777","777777777777",1,0
22,220367,1,3,1,4,8,9,45,12,8,1,0,22,2,37,31,37031,4,2013,"2HGFB2F86DH5","2","H","G","F","B","2","F","8","6","D","H","5",0,0,0,"000000000","00000000000",0,0,0,1,0,0,0,0,0,0,0,45,0,0,0,11,6,2,12,0,0,0,1,22,71225,6,1,0,0,3,3,64,146,0,0,0,0,0,0,0,0,0,0,28,0,0,0,5,5,45,1,1,2,1,0,0,1,10,99,1,2,64,"777777777777","777777777777","777777777777",1,0
22,220367,2,3,1,4,8,9,45,12,8,1,0,22,1,12,481,12481,31,2011,"1FTFX1EF1BFC","1","F","T","F","X","1","E","F","1","B","F","C",0,0,0,"000000000","00000000000",0,0,0,1,0,0,0,0,0,0,0,45,0,0,0,62,4,3,12,0,0,0,1,12,34224,6,1,0,0,3,3,64,999,0,0,0,1,3,9,2013,6,2015,0,0,0,0,0,5,5,45,1,1,2,1,0,0,1,62,99,1,1,65,"777777777777","777777777777","777777777777",0,0
22,220367,3,3,1,4,8,9,45,12,8,1,0,48,1,12,481,12481,31,2016,"1FT7W2BT4GEC","1","F","T","7","W","2","B","T","4","G","E","C",0,0,0,"000000000","00000000000",0,0,0,1,0,0,0,0,0,0,0,45,0,1,5,12,4,3,1,0,0,0,1,22,71229,6,1,6,0,3,3,64,180,0,0,0,1,0,1,2014,1,2014,0,0,0,0,0,5,5,45,1,1,2,1,0,0,1,62,9,2,1,98,"777777777777","777777777777","777777777777",0,0
22,220368,1,1,1,6,8,23,20,32,0,1,0,22,1,49,40,49040,4,1998,"JT2BG22K6W01","J","T","2","B","G","2","2","K","6","W","0","1",0,0,0,"000000000","00000000000",0,0,0,1,0,0,0,0,0,0,0,65,0,0,0,12,6,2,32,0,0,0,1,22,70769,6,1,0,0,3,3,70,185,0,1,0,0,2,8,2012,8,2015,9,99,99,99,99,1,2,45,1,1,2,1,0,0,1,12,99,1,4,10,"777777777777","777777777777","777777777777",1,0
22,220369,1,1,1,14,8,8,6,10,0,1,0,22,2,35,472,35472,30,2003,"1N6DD26T83C4","1","N","6","D","D","2","6","T","8","3","C","4",0,0,0,"000000000","00000000000",0,0,0,1,0,0,0,0,0,0,0,55,0,0,0,10,6,2,10,0,0,0,1,22,71291,6,1,0,0,3,3,70,270,0,0,0,1,0,6,2013,6,2013,0,28,24,0,0,1,2,55,1,2,2,2,0,0,1,12,1,1,4,6,"777777777777","777777777777","777777777777",1,0
22,220370,1,2,1,14,8,21,4,12,1,1,0,22,6,20,37,20037,4,2014,"1G11C5SL4EF2","1","G","1","1","C","5","S","L","4","E","F","2",0,0,0,"000000000","00000000000",0,0,0,1,0,0,0,0,0,0,0,0,0,0,0,6,6,2,12,0,0,0,0,0,99997,7,6,97,7,6,7,998,997,998,998,998,998,998,98,9998,98,9998,8,54,0,0,0,2,2,70,1,1,1,1,0,0,0,53,0,0,0,32,"777777777777","777777777777","777777777777",0,0