"STATE","ST_CASE","VEH_NO","VE_FORMS","NUMOCCS","DAY","MONTH","HOUR","MINUTE","HARM_EV","MAN_COLL","UNITTYPE","HIT_RUN","REG_STAT","OWNER","MAKE","MODEL","MAK_MOD","BODY_TYP","MOD_YEAR","VIN","VIN_1","VIN_2","VIN_3","VIN_4","VIN_5","VIN_6","VIN_7","VIN_8","VIN_9","VIN_10","VIN_11","VIN_12","TOW_VEH","J_KNIFE","MCARR_I1","MCARR_I2","MCARR_ID","GVWR","V_CONFIG","CARGO_BT","HAZ_INV","HAZ_PLAC","HAZ_ID","HAZ_CNO","HAZ_REL","BUS_USE","SPEC_USE","EMER_USE","TRAV_SP","UNDERIDE","ROLLOVER","ROLINLOC","IMPACT1","DEFORMED","TOWED","M_HARM","VEH_SC1","VEH_SC2","FIRE_EXP","DR_PRES","L_STATE","DR_ZIP","L_STATUS","L_TYPE","CDL_STAT","L_ENDORS","L_COMPL","L_RESTRI","DR_HGT","DR_WGT","PREV_ACC","PREV_SUS","PREV_DWI","PREV_SPD","PREV_OTH","FIRST_MO","FIRST_YR","LAST_MO","LAST_YR","SPEEDREL","DR_SF1","DR_SF2","DR_SF3","DR_SF4","VTRAFWAY","VNUM_LAN","VSPD_LIM","VALIGN","VPROFILE","VPAVETYP","VSURCOND","VTRAFCON","VTCONT_F","P_CRASH1","P_CRASH2","P_CRASH3","PCRASH4","PCRASH5","ACC_TYPE","TRLR1VIN","TRLR2VIN","TRLR3VIN","DEATHS","DR_DRINK"
22,220409,1,1,1,25,6,2,30,52,0,1,0,22,2,12,23,12023,4,2013,"3FA6P0HR5DR2","3","F","A","6","P","0","H","R","5","D","R","2",0,0,0,"000000000","00000000000",0,0,0,1,0,0,0,0,0,0,0,90,0,1,5,10,6,2,35,0,0,0,1,22,71483,6,1,0,0,3,0,72,195,0,0,0,0,0,0,0,0,0,2,24,6,85,0,1,2,55,2,2,2,1,28,3,6,6,16,3,4,7,"777777777777","777777777777","777777777777",1,0
22,220410,1,2,9,27,6,13,30,12,6,1,0,22,2,37,403,37403,14,2005,"5J6YH18645L0","5","J","6","Y","H","1","8","6","4","5","L","0",0,0,0,"000000000","00000000000",0,0,0,1,0,0,0,0,0,0,0,50,0,1,5,81,6,2,1,0,0,0,1,22,70755,1,1,0,0,2,0,60,125,0,0,0,0,1,1,2016,1,2016,0,24,21,33,0,1,2,55,3,1,2,1,0,0,6,10,99,1,2,74,"777777777777","777777777777","777777777777",1,0
22,220410,2,2,3,27,6,13,30,12,6,1,0,22,2,2,406,2406,14,2009,"1J8HH48K29C5","1","J","8","H","H","4","8","K","2","9","C","5",0,0,0,"000000000","00000000000",0,0,0,1,0,0,0,0,0,0,0,15,0,0,0,11,2,5,12,0,0,0,1,22,70764,6,1,0,0,3,0,64,110,0,0,0,0,0,0,0,0,0,0,0,0,0,0,1,2,55,3,1,2,1,0,0,11,60,1,1,1,74,"777777777777","777777777777","777777777777",0,0
22,220411,1,1,1,3,9,20,49,8,0,1,1,22,2,20,481,20481,31,1998,"1GCEC14W2WZ2","1","G","C","E","C","1","4","W","2","W","Z","2",0,0,0,"000000000","00000000000",0,0,0,1,0,0,0,0,0,0,0,35,0,0,0,1,2,5,8,0,0,0,1,22,70380,6,1,0,0,3,2,65,160,0,1,0,1,1,1,2012,2,2013,0,74,0,0,0,1,2,35,1,1,2,1,0,0,1,80,1,1,1,13,"777777777777","777777777777","777777777777",0,0
22,220412,1,2,1,4,9,5,30,12,2,1,0,22,1,20,481,20481,31,2006,"1GCEC14V66Z2","1","G","C","E","C","1","4","V","6","6","Z","2",0,0,0,"000000000","00000000000",0,0,0,1,0,0,0,0,0,0,0,999,0,0,0,12,6,2,12,0,0,0,1,22,70460,6,1,0,0,3,0,69,145,0,0,0,0,1,12,2015,12,2015,0,99,99,99,99,1,4,98,4,1,2,1,0,0,14,10,99,9,2,50,"777777777777","777777777777","777777777777",1,0
22,220412,2,2,1,4,9,5,30,12,2,1,0,22,1,12,481,12481,31,2000,"1FTNX20F9YEB","1","F","T","N","X","2","0","F","9","Y","E","B",0,0,0,"000000000","00000000000",0,0,0,1,0,0,0,0,0,0,0,999,0,0,0,12,6,2,12,0,0,0,1,22,70129,6,1,0,0,3,0,73,190,0,0,0,0,0,0,0,0,0,0,0,0,0,0,1,4,98,4,1,2,1,0,0,1,62,99,1,1,51,"777777777777","777777777777","777777777777",0,0
22,220413,1,1,3,4,9,22,20,1,0,1,0,22,2,18,7,18007,4,1997,"2G4WS52M4V14","2","G","4","W","S","5","2","M","4","V","1","4",0,0,0,"000000000","00000000000",0,0,0,1,0,0,0,0,0,0,0,65,0,1,5,0,6,2,30,0,0,0,1,22,70403,0,0,0,0,0,0,73,155,99,99,99,99,99,99,9999,99,9999,3,6,0,0,0,1,2,35,1,1,2,1,0,0,1,9,7,9,4,2,"777777777777","777777777777","777777777777",1,0
22,220414,1,1,1,6,9,21,4,18,0,1,0,93,3,12,881,12881,61,2015,"1FD0W4HT0FEC","1","F","D","0","W","4","H","T","0","F","E","C",0,0,57,"2889472","572889472",2,1,96,1,0,0,0,0,0,0,0,998,0,0,0,12,6,2,42,0,0,0,1,22,70552,6,1,6,9,3,0,65,185,0,0,0,3,1,6,2012,10,2015,3,6,0,0,0,1,2,25,3,1,2,1,0,0,14,13,1,1,4,1,"777777777777","777777777777","777777777777",1,0
22,220416,1,1,1,18,9,2,29,8,0,1,1,22,1,20,482,20482,31,2006,"3GNEC12ZX6G1","3","G","N","E","C","1","2","Z","X","6","G","1",0,0,0,"000000000","00000000000",0,0,0,1,0,0,0,0,0,0,0,45,0,0,0,12,4,5,8,0,0,0,1,22,70380,1,1,0,0,2,0,69,210,0,3,3,1,5,11,2013,8,2016,0,6,0,0,0,5,5,45,1,1,2,1,0,0,1,80,1,1,1,13,"777777777777","777777777777","777777777777",0,0
22,220417,1,1,0,19,9,18,26,8,0,1,0,0,6,12,481,12481,31,2002,"1FTNW20F32EC","1","F","T","N","W","2","0","F","3","2","E","C",1,1,0,"000000000","00000000000",0,0,0,1,0,0,0,0,0,0,0,5,0,0,0,9,4,5,8,0,0,0,0,0,99997,7,6,97,7,6,7,998,997,998,998,998,998,998,98,9998,98,9998,8,0,0,0,0,1,2,15,1,1,2,1,0,0,0,14,0,0,0,15,"888888888888","777777777777","777777777777",0,0
22,220418,1,1,2,21,9,16,34,8,0,1,0,22,1,20,421,20421,15,2004,"1GNEC13Z84R1","1","G","N","E","C","1","3","Z","8","4","R","1",0,0,0,"000000000","00000000000",0,0,0,1,0,0,0,0,0,0,0,999,0,0,0,1,2,3,8,0,0,0,1,22,71109,0,0,0,0,0,0,999,999,99,99,99,99,99,99,9999,99,9999,0,99,99,99,99,1,2,25,1,1,2,1,0,0,1,82,1,1,1,13,"777777777777","777777777777","777777777777",0,0
22,220419,1,1,1,23,9,10,35,42,0,1,0,22,1,12,481,12481,31,2004,"1FTRX12W74NC","1","F","T","R","X","1","2","W","7","4","N","C",0,0,0,"000000000","00000000000",0,0,0,1,0,0,0,0,0,0,0,998,0,0,0,12,6,2,42,0,0,0,1,22,71446,6,1,0,0,3,3,75,180,0,0,0,0,0,0,0,0,0,3,6,0,0,0,1,2,35,3,1,2,1,0,0,1,13,99,1,4,1,"777777777777","777777777777","777777777777",1,1
22,220420,1,2,1,26,9,11,51,12,6,1,0,22,1,7,482,7482,31,2014,"3C6UR4HJ1EG1","3","C","6","U","R","4","H","J","1","E","G","1",0,0,0,"000000000","00000000000",0,0,0,1,0,0,0,0,0,0,0,998,0,0,0,12,4,3,12,0,0,0,1,22,70037,6,1,0,0,3,0,74,230,0,0,0,1,1,4,2012,7,2016,0,38,0,0,0,1,2,20,1,1,2,1,20,3,1,17,1,1,1,88,"777777777777","777777777777","777777777777",0,0
22,220420,2,2,5,26,9,11,51,12,6,1,0,22,2,21,441,21441,20,2002,"1GHDX03E12D1","1","G","H","D","X","0","3","E","1","2","D","1",0,0,0,"000000000","00000000000",0,0,0,1,0,0,0,0,0,0,0,998,0,1,5,8,6,2,1,0,0,0,1,22,70058,1,1,0,0,2,0,66,130,0,4,0,0,5,2,2013,8,2015,0,24,0,0,0,2,2,98,8,8,8,1,0,0,1,66,7,1,1,89,"777777777777","777777777777","777777777777",1,0
22,220421,1,1,1,27,9,0,52,32,0,1,0,0,0,53,706,53706,80,2005,"JS1GT76A4521","J","S","1","G","T","7","6","A","4","5","2","1",0,0,0,"000000000","00000000000",0,0,0,1,0,0,0,0,0,0,0,998,0,0,0,99,6,2,32,0,0,0,1,22,70560,6,1,0,0,2,3,73,210,0,0,0,4,3,12,2011,6,2015,9,99,99,99,99,1,2,0,2,1,2,1,0,0,4,12,99,1,4,6,"777777777777","777777777777","777777777777",1,0
22,220422,1,2,2,4,7,16,30,12,2,1,0,22,1,18,22,18022,4,2005,"2G4WC5322512","2","G","4","W","C","5","3","2","2","5","1","2",0,0,0,"000000000","00000000000",0,0,0,1,0,0,0,0,0,0,0,65,0,0,0,12,6,2,12,0,0,0,1,22,70775,6,1,0,0,3,3,63,160,0,0,0,1,6,5,2013,6,2015,4,6,28,0,0,1,2,55,1,1,2,2,0,0,1,13,9,2,2,50,"777777777777","777777777777","777777777777",0,0
22,220422,2,2,2,4,7,16,30,12,2,1,0,22,2,14,6,14006,4,2003,"2MEFM75W23X6","2","M","E","F","M","7","5","W","2","3","X","6",0,0,0,"000000000","00000000000",0,0,0,1,0,0,0,0,0,0,0,55,0,0,0,12,6,2,12,0,0,0,1,22,70748,6,1,0,0,3,0,74,250,0,0,0,0,0,0,0,0,0,0,0,0,0,0,1,2,55,1,1,2,2,0,0,1,62,16,2,1,51,"777777777777","777777777777","777777777777",1,0
22,220423,1,2,1,14,7,2,51,12,1,1,0,22,2,35,47,35047,2,2008,"1N4AL24E68C2","1","N","4","A","L","2","4","E","6","8","C","2",0,0,0,"000000000","00000000000",0,0,0,1,0,0,0,0,0,0,0,998,2,0,0,12,6,2,12,0,0,0,1,22,70056,1,1,0,0,2,0,72,240,0,2,0,0,2,8,2011,7,2015,5,24,0,0,0,3,3,60,1,1,2,1,0,0,1,51,1,1,1,24,"777777777777","777777777777","777777777777",1,1
22,220423,2,2,1,14,7,2,51,12,1,1,0,22,3,87,884,87884,63,1987,"1XP9DB9X9HD2","1","X","P","9","D","B","9","X","9","H","D","2",1,1,88,"888888888","88888888888",3,4,4,1,0,0,0,0,0,0,0,60,0,0,0,6,6,2,12,0,0,0,1,22,70086,6,1,6,0,3,0,72,164,0,0,0,2,0,7,2012,8,2012,0,0,0,0,0,3,3,60,1,1,2,1,0,0,1,53,1,1,1,25,"888888888888","777777777777","777777777777",0,0
22,220424,1,1,11,28,7,14,54,1,0,1,0,22,3,12,461,12461,21,2003,"1FBSS31L93HA","1","F","B","S","S","3","1","L","9","3","H","A",0,0,0,"000000000","00000000000",0,0,0,1,0,0,0,0,0,0,0,70,0,1,5,0,6,2,1,0,0,0,1,22,71461,6,1,0,0,3,3,67,180,0,0,0,0,3,8,2012,6,2013,0,24,80,0,0,2,2,70,3,1,2,2,0,0,14,1,99,2,4,2,"777777777777","777777777777","777777777777",1,0
22,220425,1,3,1,28,7,23,0,8,0,1,0,22,1,20,23,20023,6,2008,"3GNDA23D18S6","3","G","N","D","A","2","3","D","1","8","S","6",0,0,0,"000000000","00000000000",0,0,0,1,0,0,0,0,0,0,0,65,0,0,0,12,6,2,8,0,0,0,1,22,70510,6,1,0,0,3,3,67,215,0,0,0,0,0,0,0,0,0,0,0,0,0,0,2,3,65,1,1,2,1,0,0,15,80,1,1,1,13,"777777777777","777777777777","777777777777",0,0
22,220425,2,3,2,28,7,23,0,8,0,1,0,22,1,35,47,35047,4,2006,"1N4AL11D36N3","1","N","4","A","L","1","1","D","3","6","N","3",0,0,0,"000000000","00000000000",0,0,0,1,0,0,0,0,0,0,0,65,0,0,0,14,0,3,8,0,0,0,1,22,70510,1,1,0,0,2,0,66,135,0,0,0,0,0,0,0,0,0,0,0,0,0,0,2,3,65,1,1,2,1,0,0,1,80,1,1,1,98,"777777777777","777777777777","777777777777",0,0
22,220425,3,3,1,28,7,23,0,8,0,1,0,22,2,37,32,37032,4,2010,"1HGCP2F42AA0","1","H","G","C","P","2","F","4","2","A","A","0",0,0,0,"000000000","00000000000",0,0,0,1,0,0,0,0,0,0,0,65,0,0,0,12,0,5,18,0,0,0,1,22,70503,6,1,0,0,3,0,66,160,0,0,0,0,0,0,0,0,0,0,0,0,0,0,2,3,65,1,1,2,1,0,0,1,90,1,1,1,98,"777777777777","777777777777","777777777777",0,0
22,220426,1,2,1,31,7,17,15,12,2,1,0,22,1,49,45,49045,4,2000,"JTDBT1233Y00","J","T","D","B","T","1","2","3","3","Y","0","0",0,0,0,"000000000","00000000000",0,0,0,1,0,0,0,0,0,0,0,55,0,0,0,12,6,2,12,0,0,0,1,22,70760,1,1,0,0,2,0,75,190,0,4,0,1,3,3,2013,4,2015,9,28,0,0,0,1,2,55,2,1,2,1,0,0,14,10,99,1,2,50,"777777777777","777777777777","777777777777",1,0
22,220426,2,2,1,31,7,17,15,12,2,1,0,22,2,59,32,59032,4,1996,"JT8BH22F1T00","J","T","8","B","H","2","2","F","1","T","0","0",0,0,0,"000000000","00000000000",0,0,0,1,0,0,0,0,0,0,0,45,0,0,0,12,6,2,12,0,0,0,1,22,70767,6,1,0,0,3,0,72,185,0,0,0,0,1,2,2014,2,2014,0,0,0,0,0,1,2,55,2,1,2,1,0,0,14,62,7,1,1,51,"777777777777","777777777777","777777777777",0,0
22,220427,1,1,4,4,8,4,33,8,0,1,0,22,2,7,28,7028,2,2013,"2C3CDYAG5DH5","2","C","3","C","D","Y","A","G","5","D","H","5",0,0,0,"000000000","00000000000",0,0,0,1,0,0,0,0,0,0,0,50,0,0,0,12,6,2,8,0,0,0,1,22,70433,6,1,0,0,3,0,67,192,0,0,0,0,1,12,2015,12,2015,0,0,0,0,0,1,2,55,1,1,2,1,0,0,1,80,1,1,1,13,"777777777777","777777777777","777777777777",0,0
22,220428,1,1,2,7,8,14,43,42,0,1,0,22,2,49,482,49482,31,2002,"5TBRT34182S3","5","T","B","R","T","3","4","1","8","2","S","3",0,0,0,"000000000","00000000000",0,0,0,1,0,0,0,0,0,0,0,40,0,0,0,3,6,2,42,0,0,0,1,22,70343,6,1,0,0,3,0,75,265,0,0,0,0,0,0,0,0,0,0,6,0,0,0,1,2,55,3,1,2,2,40,3,14,5,16,4,4,7,"777777777777","777777777777","777777777777",1,0
22,220429,1,1,1,9,8,17,55,35,0,1,0,22,1,20,481,20481,31,1992,"2GCEC19K7N11","2","G","C","E","C","1","9","K","7","N","1","1",0,0,0,"000000000","00000000000",0,0,0,1,0,0,0,0,0,0,0,45,0,0,0,12,6,2,35,0,0,0,1,22,70788,6,1,0,0,3,0,70,180,0,0,0,0,0,0,0,0,0,0,0,0,0,0,1,2,45,1,1,2,1,0,0,1,13,1,1,4,1,"777777777777","777777777777","777777777777",1,0
22,220430,1,2,3,7,9,21,20,5,0,1,0,22,2,23,481,23481,31,2003,"2GTEC19V3312","2","G","T","E","C","1","9","V","3","3","1","2",0,0,0,"000000000","00000000000",0,0,0,1,0,0,0,0,0,0,0,10,0,0,0,0,2,5,12,32,0,0,1,22,70341,6,1,0,0,3,0,62,250,0,0,0,2,0,10,2012,9,2013,0,21,28,0,0,1,2,55,1,1,2,1,0,0,13,54,11,1,1,0,"777777777777","777777777777","777777777777",1,0
22,220430,2,2,1,7,9,21,20,5,0,1,0,22,1,20,471,20471,30,1998,"1GCCS1447W81","1","G","C","C","S","1","4","4","7","W","8","1",0,0,0,"000000000","00000000000",0,0,0,1,0,0,0,0,0,0,0,55,0,0,0,1,4,5,18,0,0,0,1,22,70341,6,1,0,0,3,3,72,190,0,0,0,1,1,1,2014,9,2015,0,0,0,0,0,1,2,55,1,1,2,1,0,0,1,54,8,2,1,98,"777777777777","777777777777","777777777777",0,0
22,220431,1,1,1,26,11,2,41,8,0,1,0,22,2,20,431,20431,16,2000,"3GNEC16T6YG2","3","G","N","E","C","1","6","T","6","Y","G","2",0,0,0,"000000000","00000000000",0,0,0,1,0,0,0,0,0,0,0,998,0,0,0,1,2,5,8,0,0,0,1,13,30064,6,1,0,0,3,0,74,175,98,0,0,0,2,9,2015,9,2015,0,0,0,0,0,2,2,50,1,1,2,1,0,0,15,80,1,1,1,13,"777777777777","777777777777","777777777777",0,0
22,220432,1,1,2,12,7,19,0,34,0,1,0,0,0,98,739,98739,97,2016,"3NSRTA577GG8","3","N","S","R","T","A","5","7","7","G","G","8",0,0,0,"000000000","00000000000",0,0,0,1,0,0,0,0,0,0,0,998,0,1,5,5,2,3,1,0,0,0,1,22,70526,6,1,0,0,3,0,62,109,0,0,0,0,1,2,2015,2,2015,9,99,99,99,99,1,2,0,1,1,4,1,0,0,1,9,99,5,4,7,"777777777777","777777777777","777777777777",1,0
22,220433,1,1,1,19,9,6,37,8,0,1,0,22,1,49,38,49038,4,1991,"JT2EL44A6M00","J","T","2","E","L","4","4","A","6","M","0","0",0,0,0,"000000000","00000000000",0,0,0,1,0,0,0,0,0,0,0,60,0,0,0,12,2,5,8,0,0,0,1,22,71049,6,1,0,0,3,0,67,240,0,0,0,0,0,0,0,0,0,0,0,0,0,0,2,2,65,1,1,2,1,0,0,1,80,15,1,1,13,"777777777777","777777777777","777777777777",0,0
22,220434,1,1,1,13,9,7,52,32,0,1,0,22,2,20,481,20481,31,2003,"2GCEK19T7311","2","G","C","E","K","1","9","T","7","3","1","1",0,0,0,"000000000","00000000000",0,0,0,1,0,0,0,0,0,0,0,998,0,1,5,99,6,2,1,0,0,0,1,22,70454,6,2,0,0,3,0,62,116,0,0,0,0,0,0,0,0,0,9,6,0,0,0,1,2,35,2,1,2,1,0,0,14,13,7,9,4,1,"777777777777","777777777777","777777777777",1,0
22,220435,1,3,1,14,9,8,30,26,0,1,0,28,3,87,884,87884,66,2006,"1XPHDB9X26N6","1","X","P","H","D","B","9","X","2","6","N","6",1,1,57,"1218022","571218022",3,6,1,1,0,0,0,0,0,0,0,999,0,0,0,12,6,2,3,0,0,0,1,28,39443,6,1,6,0,3,0,75,290,98,0,0,0,1,11,2015,11,2015,9,6,0,0,0,3,2,70,1,1,2,1,0,0,1,12,1,1,4,6,"888888888888","777777777777","777777777777",1,1
22,220435,2,3,1,14,9,8,30,26,0,1,0,28,1,67,35,67035,2,2016,"JF1ZNAA13G97","J","F","1","Z","N","A","A","1","3","G","9","7",0,0,0,"000000000","00000000000",0,0,0,1,0,0,0,0,0,0,0,70,0,0,0,1,2,5,54,0,0,0,1,22,70769,6,1,0,0,3,0,65,115,0,0,0,1,0,11,2014,11,2014,0,0,0,0,0,3,2,70,1,1,2,1,0,0,1,91,1,1,1,98,"777777777777","777777777777","777777777777",0,0
22,220435,3,3,1,14,9,8,30,26,0,1,0,22,1,37,32,37032,2,2006,"1HGCM72726A0","1","H","G","C","M","7","2","7","2","6","A","0",0,0,0,"000000000","00000000000",0,0,0,1,0,0,0,0,0,0,0,70,0,0,0,2,2,3,99,0,0,0,1,22,70129,6,1,0,0,3,0,60,108,0,0,0,0,0,0,0,0,0,0,0,0,0,0,3,2,70,1,1,2,1,0,0,1,90,7,9,4,98,"777777777777","777777777777","777777777777",0,0
22,220436,1,2,2,19,9,4,57,12,2,1,0,22,2,67,32,67032,3,2015,"JTKJF5C79F30","J","T","K","J","F","5","C","7","9","F","3","0",0,0,0,"000000000","00000000000",0,0,0,1,0,0,0,0,0,0,0,65,0,0,0,12,6,2,12,0,0,0,1,22,70454,0,0,0,0,0,0,69,142,99,99,99,99,99,99,9999,99,9999,4,28,0,0,0,1,2,35,2,1,2,1,0,0,14,10,1,1,2,50,"777777777777","777777777777","777777777777",1,0
22,220436,2,2,1,19,9,4,57,12,2,1,0,22,1,20,481,20481,31,1993,"2GCEC19K6P11","2","G","C","E","C","1","9","K","6","P","1","1",0,0,0,"000000000","00000000000",0,0,0,1,0,0,0,0,0,0,0,30,0,0,0,12,6,2,12,0,0,0,1,22,70447,6,1,0,0,3,0,72,185,0,0,0,0,0,0,0,0,0,0,0,0,0,0,1,2,35,2,1,2,1,0,0,14,62,7,1,1,51,"777777777777","777777777777","777777777777",0,0
22,220437,1,1,1,22,9,20,32,8,0,1,1,22,2,37,31,37031,4,2000,"1HGEJ6622YL0","1","H","G","E","J","6","6","2","2","Y","L","0",0,0,0,"000000000","00000000000",0,0,0,1,0,0,0,0,0,0,0,998,0,0,0,1,2,3,8,0,0,0,1,22,70775,6,1,0,0,3,2,61,266,0,0,0,0,0,0,0,0,0,0,6,74,0,0,1,2,25,1,1,2,1,0,0,1,80,1,1,1,13,"777777777777","777777777777","777777777777",0,0
22,220438,1,2,1,23,9,21,21,12,6,1,0,22,1,37,32,37032,4,2007,"JHMCM56127C0","J","H","M","C","M","5","6","1","2","7","C","0",0,0,0,"000000000","00000000000",0,0,0,1,0,0,0,0,0,0,0,999,0,0,0,9,6,2,12,0,0,0,1,22,70506,6,1,0,0,3,3,63,172,0,0,0,0,0,0,0,0,0,0,38,0,0,0,1,2,98,1,1,2,1,20,3,1,17,1,1,1,89,"777777777777","777777777777","777777777777",1,0
22,220438,2,2,1,23,9,21,21,12,6,1,0,22,2,18,2,18002,4,2001,"1G4HP54K3142","1","G","4","H","P","5","4","K","3","1","4","2",0,0,0,"000000000","00000000000",0,0,0,1,0,0,0,0,0,0,0,999,0,0,0,12,6,2,12,0,0,0,1,22,70529,6,1,0,0,3,0,69,145,0,0,0,1,0,1,2016,1,2016,0,0,0,0,0,5,5,40,1,1,2,1,0,0,1,66,8,1,9,88,"777777777777","777777777777","777777777777",0,0
22,220439,1,2,2,28,9,16,4,12,6,1,0,22,2,14,6,14006,4,2000,"2MEFM75W5YX7","2","M","E","F","M","7","5","W","5","Y","X","7",0,0,0,"000000000","00000000000",0,0,0,1,0,0,0,0,0,0,0,999,0,0,0,9,6,2,12,0,0,0,1,22,70301,6,1,0,0,3,3,65,150,0,0,0,0,0,0,0,0,0,0,38,0,0,0,1,2,25,1,1,2,1,20,3,1,17,1,1,1,89,"777777777777","777777777777","777777777777",1,0
22,220439,2,2,1,28,9,16,4,12,6,1,0,22,2,35,401,35401,14,2003,"JN8DR09X83W7","J","N","8","D","R","0","9","X","8","3","W","7",0,0,0,"000000000","00000000000",0,0,0,1,0,0,0,0,0,0,0,999,0,0,0,12,6,2,12,0,0,0,1,47,70301,6,1,0,0,3,0,74,175,0,0,0,1,0,11,2014,11,2014,0,0,0,0,0,1,2,35,1,1,2,1,0,0,1,66,8,1,1,88,"777777777777","777777777777","777777777777",0,0
22,220440,1,3,1,30,9,22,6,12,6,1,0,48,2,22,22,22022,4,2008,"1G2ZF57B3841","1","G","2","Z","F","5","7","B","3","8","4","1",0,0,0,"000000000","00000000000",0,0,0,1,0,0,0,0,0,0,0,85,0,0,0,83,6,2,12,0,0,0,1,48,78577,3,1,0,0,2,0,999,999,0,0,0,1,0,12,2014,12,2014,3,6,0,0,0,2,2,70,1,1,2,1,0,0,1,12,99,1,4,64,"777777777777","777777777777","777777777777",1,0
22,220440,2,3,3,30,9,22,6,12,6,1,0,22,2,49,402,49402,14,2012,"2T3ZF4DVXCW1","2","T","3","Z","F","4","D","V","X","C","W","1",0,0,0,"000000000","00000000000",0,0,0,1,0,0,0,0,0,0,0,70,0,0,0,12,6,2,12,0,0,0,1,22,70734,6,1,0,0,3,0,62,120,0,0,0,0,0,0,0,0,0,0,0,0,0,0,2,2,70,1,1,2,1,0,0,1,62,1,1,1,65,"777777777777","777777777777","777777777777",0,0
22,220440,3,3,2,30,9,22,6,12,6,1,0,48,2,35,481,35481,31,2008,"1N6BA07D48N3","1","N","6","B","A","0","7","D","4","8","N","3",0,0,0,"000000000","00000000000",0,0,0,1,0,0,0,0,0,0,0,70,0,0,0,62,6,2,12,0,0,0,1,48,77489,6,1,0,0,3,3,999,999,0,0,0,0,0,0,0,0,0,0,0,0,0,0,2,2,70,1,1,2,1,0,0,1,62,1,1,1,98,"777777777777","777777777777","777777777777",0,0
22,220442,1,1,2,12,10,0,9,8,0,1,0,22,2,12,3,12003,1,2010,"1ZVBP8EN5A51","1","Z","V","B","P","8","E","N","5","A","5","1",0,0,0,"000000000","00000000000",0,0,0,1,0,0,0,0,0,0,0,998,0,0,0,12,4,3,8,0,0,0,1,22,70791,6,1,0,0,3,3,67,212,0,0,0,1,3,10,2015,8,2016,0,0,0,0,0,2,3,50,1,1,2,1,0,0,1,80,99,1,1,13,"777777777777","777777777777","777777777777",0,0
22,220443,1,1,1,6,10,20,1,8,0,1,0,22,1,20,404,20404,14,2016,"2GNALCEK9G11","2","G","N","A","L","C","E","K","9","G","1","1",0,0,0,"000000000","00000000000",0,0,0,1,0,0,0,0,0,0,0,998,0,0,0,1,2,3,8,0,0,0,1,22,71301,6,1,0,0,3,3,62,119,0,0,0,1,0,11,2013,11,2013,9,0,0,0,0,1,2,40,1,1,2,1,0,0,1,80,6,1,1,13,"777777777777","777777777777","777777777777",0,0
22,220444,1,1,1,2,10,16,57,23,0,1,0,22,3,7,881,7881,64,2012,"3C7WDMDLXCG1","3","C","7","W","D","M","D","L","X","C","G","1",0,0,88,"888888888","88888888888",2,1,97,1,0,0,0,0,0,0,0,40,8,0,0,61,6,2,8,0,0,0,1,22,70118,6,1,0,0,3,0,72,124,1,0,0,0,1,7,2012,12,2015,0,99,99,99,99,2,5,35,1,2,1,1,0,0,1,9,99,9,4,10,"777777777777","777777777777","777777777777",0,0
22,220446,1,2,1,9,10,21,30,12,6,1,0,28,1,53,706,53706,80,2005,"JS1VT54A4521","J","S","1","V","T","5","4","A","4","5","2","1",0,0,0,"000000000","00000000000",0,0,0,1,0,0,0,0,0,0,0,999,0,0,0,12,6,2,12,0,0,0,1,22,70129,6,1,0,0,2,0,73,165,0,0,0,0,0,0,0,0,0,3,6,0,0,0,2,2,35,1,1,2,1,0,0,1,66,16,2,1,88,"777777777777","777777777777","777777777777",1,0
22,220446,2,2,2,9,10,21,30,12,6,1,0,22,1,37,32,37032,4,2014,"1HGCR2F76EA2","1","H","G","C","R","2","F","7","6","E","A","2",0,0,0,"000000000","00000000000",0,0,0,1,0,0,0,0,0,0,0,999,0,0,0,8,6,2,12,0,0,0,1,22,70043,6,1,6,0,3,3,72,250,0,0,0,2,0,1,2015,8,2015,0,0,0,0,0,1,2,25,1,1,8,1,20,3,1,17,1,1,1,89,"777777777777","777777777777","777777777777",0,0
22,220447,1,1,1,13,10,6,0,8,0,1,0,22,2,20,422,20422,15,2007,"1GNFC16047J2","1","G","N","F","C","1","6","0","4","7","J","2",0,0,0,"000000000","00000000000",0,0,0,1,0,0,0,0,0,0,0,999,0,0,0,11,2,8,8,0,0,0,1,22,70127,6,1,0,0,3,3,61,216,0,0,0,0,0,0,0,0,0,0,0,0,0,0,2,2,35,1,1,2,1,0,0,1,81,16,1,1,13,"777777777777","777777777777","777777777777",0,0
22,220448,1,2,4,15,8,15,5,12,2,1,0,22,2,49,32,49032,4,2003,"1NXBR32E93Z1","1","N","X","B","R","3","2","E","9","3","Z","1",0,0,0,"000000000","00000000000",0,0,0,1,0,0,0,0,0,0,0,55,0,0,0,12,6,2,12,0,0,0,1,22,70759,6,1,0,0,3,0,58,115,0,0,0,0,0,0,0,0,0,0,35,0,0,0,1,2,55,1,1,2,1,0,0,6,10,6,1,4,50,"777777777777","777777777777","777777777777",1,0