"STATE","ST_CASE","VEH_NO","VE_FORMS","NUMOCCS","DAY","MONTH","HOUR","MINUTE","HARM_EV","MAN_COLL","UNITTYPE","HIT_RUN","REG_STAT","OWNER","MAKE","MODEL","MAK_MOD","BODY_TYP","MOD_YEAR","VIN","VIN_1","VIN_2","VIN_3","VIN_4","VIN_5","VIN_6","VIN_7","VIN_8","VIN_9","VIN_10","VIN_11","VIN_12","TOW_VEH","J_KNIFE","MCARR_I1","MCARR_I2","MCARR_ID","GVWR","V_CONFIG","CARGO_BT","HAZ_INV","HAZ_PLAC","HAZ_ID","HAZ_CNO","HAZ_REL","BUS_USE","SPEC_USE","EMER_USE","TRAV_SP","UNDERIDE","ROLLOVER","ROLINLOC","IMPACT1","DEFORMED","TOWED","M_HARM","VEH_SC1","VEH_SC2","FIRE_EXP","DR_PRES","L_STATE","DR_ZIP","L_STATUS","L_TYPE","CDL_STAT","L_ENDORS","L_COMPL","L_RESTRI","DR_HGT","DR_WGT","PREV_ACC","PREV_SUS","PREV_DWI","PREV_SPD","PREV_OTH","FIRST_MO","FIRST_YR","LAST_MO","LAST_YR","SPEEDREL","DR_SF1","DR_SF2","DR_SF3","DR_SF4","VTRAFWAY","VNUM_LAN","VSPD_LIM","VALIGN","VPROFILE","VPAVETYP","VSURCOND","VTRAFCON","VTCONT_F","P_CRASH1","P_CRASH2","P_CRASH3","PCRASH4","PCRASH5","ACC_TYPE","TRLR1VIN","TRLR2VIN","TRLR3VIN","DEATHS","DR_DRINK"
22,220515,4,5,1,14,10,15,22,12,1,1,0,22,1,87,884,87884,66,2003,"1XP5DB9X73D8","1","X","P","5","D","B","9","X","7","3","D","8",1,3,88,"888888888","88888888888",3,6,3,1,0,0,0,0,0,0,0,998,0,0,0,12,6,2,12,0,0,0,1,22,70570,6,1,6,0,3,0,74,225,0,0,0,1,0,5,2013,5,2013,0,0,0,0,0,3,2,55,1,1,2,1,0,0,1,62,1,1,1,98,"000000000000","777777777777","777777777777",0,0
22,220515,5,5,2,14,10,15,22,12,1,1,0,22,2,20,37,20037,4,2000,"1G1ND52J1Y63","1","G","1","N","D","5","2","J","1","Y","6","3",0,0,0,"000000000","00000000000",0,0,0,1,0,0,0,0,0,0,0,0,0,0,0,10,2,5,54,0,0,0,1,22,70767,6,1,0,0,3,0,62,120,0,0,0,0,0,0,0,0,0,0,0,0,0,0,1,2,98,1,1,2,1,20,3,5,98,1,1,1,98,"777777777777","777777777777","777777777777",0,0
22,220516,1,1,3,15,10,7,3,21,0,1,0,45,1,12,481,12481,31,2015,"1FTEW1CGXFFB","1","F","T","E","W","1","C","G","X","F","F","B",0,0,0,"000000000","00000000000",0,0,0,1,0,0,0,0,0,0,0,999,0,1,5,12,6,2,21,0,0,0,1,45,29732,6,1,0,0,3,0,72,300,0,1,0,0,0,12,2015,12,2015,9,99,99,99,99,2,2,35,1,1,1,1,0,0,1,13,1,1,4,1,"777777777777","777777777777","777777777777",2,0
22,220517,1,1,1,15,10,19,22,8,0,1,0,22,1,13,1,13001,4,1998,"1LNFM81W1WY6","1","L","N","F","M","8","1","W","1","W","Y","6",0,0,0,"000000000","00000000000",0,0,0,1,0,0,0,0,0,0,0,998,0,0,0,12,4,5,8,0,0,0,1,22,70806,6,1,0,0,3,3,62,170,0,0,0,0,0,0,0,0,0,0,0,0,0,0,2,4,35,1,1,2,1,0,0,1,80,99,1,1,13,"777777777777","777777777777","777777777777",0,0
22,220518,1,2,1,21,10,17,12,12,6,1,0,22,1,32,51,32051,4,2012,"WAUSGBFC1CN0","W","A","U","S","G","B","F","C","1","C","N","0",0,0,0,"000000000","00000000000",0,0,0,1,0,0,0,0,0,0,0,998,0,0,0,12,6,2,12,0,0,0,1,22,70802,6,1,0,0,3,0,69,205,0,0,0,2,3,8,2012,4,2016,5,38,39,0,0,1,2,25,1,1,1,1,20,3,1,17,99,1,1,86,"777777777777","777777777777","777777777777",0,0
22,220518,2,2,1,21,10,17,12,12,6,1,0,22,1,37,32,37032,4,1999,"1HGCG5655XA1","1","H","G","C","G","5","6","5","5","X","A","1",0,0,0,"000000000","00000000000",0,0,0,1,0,0,0,0,0,0,0,998,0,1,5,81,6,2,12,0,0,0,1,22,70805,0,0,0,0,0,0,68,148,0,6,0,0,5,3,2013,2,2016,0,99,99,99,99,1,2,25,1,1,2,1,98,3,1,66,99,1,1,87,"777777777777","777777777777","777777777777",1,0
22,220519,1,1,1,26,10,5,7,8,0,1,0,22,3,84,884,84884,64,2008,"1HTMMAAM48H5","1","H","T","M","M","A","A","M","4","8","H","5",0,0,57,"926150","57926150",2,1,96,1,0,0,0,0,0,0,0,40,0,0,0,12,2,3,8,0,0,0,1,22,71037,6,1,0,0,3,3,71,200,0,0,0,0,0,0,0,0,0,0,0,0,0,0,2,2,45,1,1,2,1,0,0,1,81,1,1,1,13,"777777777777","777777777777","777777777777",0,0
22,220520,1,2,1,26,10,16,9,12,7,1,1,99,9,20,999,20999,99,9999,"999999999999","9","9","9","9","9","9","9","9","9","9","9","9",0,0,0,"000000000","00000000000",0,0,0,1,0,0,0,0,0,0,0,998,7,0,0,1,9,5,12,0,0,0,1,99,99999,9,9,99,9,9,9,999,999,99,99,99,99,99,99,9999,99,9999,9,28,0,0,0,2,2,50,1,1,2,1,0,0,15,11,99,1,2,46,"777777777777","777777777777","777777777777",0,0
22,220520,2,2,1,26,10,16,9,12,7,1,0,6,2,76,705,76705,80,2000,"JYA5AHE01YA0","J","Y","A","5","A","H","E","0","1","Y","A","0",0,0,0,"000000000","00000000000",0,0,0,1,0,0,0,0,0,0,0,998,0,0,0,61,6,2,5,0,0,0,1,22,70816,1,1,0,0,2,0,65,133,0,5,0,2,6,4,2013,2,2016,9,99,99,99,99,2,2,50,1,1,2,1,0,0,1,60,99,1,1,45,"777777777777","777777777777","777777777777",1,0
22,220521,1,1,1,26,10,16,56,30,0,1,0,22,1,76,706,76706,80,2003,"JYARN10E73A0","J","Y","A","R","N","1","0","E","7","3","A","0",0,0,0,"000000000","00000000000",0,0,0,1,0,0,0,0,0,0,0,999,0,0,0,12,6,2,30,0,0,0,1,22,70114,6,1,6,0,2,3,74,180,0,1,0,1,3,12,2014,7,2015,9,6,0,0,0,2,2,35,3,1,2,1,0,0,14,13,1,1,4,1,"777777777777","777777777777","777777777777",1,0
22,220522,1,2,1,27,10,17,34,12,6,1,0,22,1,72,706,72706,80,2004,"1HD4CAM114K4","1","H","D","4","C","A","M","1","1","4","K","4",0,0,0,"000000000","00000000000",0,0,0,1,0,0,0,0,0,0,0,999,0,0,0,12,6,2,12,0,0,0,1,22,71111,6,1,0,0,3,0,70,160,0,0,1,0,1,1,2015,6,2015,4,6,27,0,0,2,2,50,1,1,2,1,0,0,1,62,1,1,1,69,"777777777777","777777777777","777777777777",1,0
22,220522,2,2,1,27,10,17,34,12,6,1,0,48,3,82,881,82881,66,2016,"3AKJGED61GSG","3","A","K","J","G","E","D","6","1","G","S","G",1,1,57,"320657","57320657",3,6,2,1,0,0,0,0,0,0,0,999,0,0,0,2,6,2,12,0,0,0,1,22,71118,6,1,6,9,3,0,74,285,0,0,0,0,0,0,0,0,0,0,38,0,0,0,2,3,50,1,1,2,1,21,3,11,54,1,1,1,68,"888888888888","777777777777","777777777777",0,0
22,220523,1,2,2,28,10,11,43,12,6,1,0,22,1,20,2,20002,4,2013,"2G1WC5E39D11","2","G","1","W","C","5","E","3","9","D","1","1",0,0,0,"000000000","00000000000",0,0,0,1,0,0,0,0,0,0,0,999,0,0,0,3,6,2,9,0,0,0,1,22,70669,6,1,0,0,3,3,77,160,0,0,0,0,1,3,2013,3,2013,9,6,39,0,0,1,2,35,1,1,1,1,3,3,1,17,1,1,1,87,"777777777777","777777777777","777777777777",0,0
22,220523,2,2,1,28,10,11,43,12,6,1,0,22,1,55,36,55036,3,2009,"KMHCM36C59U1","K","M","H","C","M","3","6","C","5","9","U","1",0,0,0,"000000000","00000000000",0,0,0,1,0,0,0,0,0,0,0,999,0,0,0,12,6,2,12,0,0,0,1,22,70601,6,1,0,0,3,0,64,130,0,0,0,0,0,0,0,0,0,0,0,0,0,0,1,2,35,1,1,1,1,3,3,1,66,1,1,1,86,"777777777777","777777777777","777777777777",0,0
22,220524,1,1,1,28,10,23,23,8,0,1,1,99,9,99,999,99999,99,9999,"999999999999","9","9","9","9","9","9","9","9","9","9","9","9",0,0,0,"000000000","00000000000",0,0,0,1,0,0,0,0,0,0,0,999,0,0,0,99,9,5,8,99,99,0,1,99,99999,9,9,99,9,9,9,999,999,99,99,99,99,99,99,9999,99,9999,9,99,99,99,99,5,5,45,1,1,2,1,0,0,99,80,99,9,9,13,"777777777777","777777777777","777777777777",0,0
22,220525,1,1,1,29,10,3,3,8,0,1,0,22,2,58,36,58036,4,2003,"JNKDA31A33T1","J","N","K","D","A","3","1","A","3","3","T","1",0,0,0,"000000000","00000000000",0,0,0,1,0,0,0,0,0,0,0,998,0,0,0,12,6,2,8,0,0,0,1,22,70805,6,1,0,0,3,3,67,180,0,0,0,0,3,9,2013,4,2015,0,99,99,99,99,2,4,40,1,1,1,1,0,0,1,80,99,1,1,13,"777777777777","777777777777","777777777777",0,1
22,220526,1,1,2,30,10,18,40,34,0,1,0,22,1,37,706,37706,80,2009,"JH2RC50419K5","J","H","2","R","C","5","0","4","1","9","K","5",0,0,0,"000000000","00000000000",0,0,0,1,0,0,0,0,0,0,0,999,0,0,0,12,6,2,1,0,0,0,1,22,70663,6,1,0,0,2,0,71,152,0,0,0,0,0,0,0,0,0,9,6,0,0,0,1,2,45,3,1,2,1,0,0,14,13,99,1,4,1,"777777777777","777777777777","777777777777",1,1
22,220527,1,1,1,31,10,20,51,8,0,1,0,22,1,20,481,20481,31,2001,"2GCEC19T0111","2","G","C","E","C","1","9","T","0","1","1","1",0,0,0,"000000000","00000000000",0,0,0,1,0,0,0,0,0,0,0,45,0,0,0,11,2,5,8,0,0,0,1,22,70510,6,1,0,0,3,0,64,139,0,0,0,0,0,0,0,0,0,0,0,0,0,0,5,5,45,1,1,2,1,0,0,1,80,8,1,1,13,"777777777777","777777777777","777777777777",0,0
22,220528,1,2,2,7,10,22,23,12,6,1,0,22,2,23,401,23401,14,2005,"1GKDS13SX523","1","G","K","D","S","1","3","S","X","5","2","3",0,0,0,"000000000","00000000000",0,0,0,1,0,0,0,0,0,0,0,10,0,0,0,81,6,2,12,0,0,0,1,22,71112,6,1,0,0,3,0,72,135,0,0,0,2,0,11,2012,12,2013,0,38,0,0,0,0,0,0,0,0,0,0,0,0,11,15,1,1,1,76,"777777777777","777777777777","777777777777",0,0
22,220528,2,2,2,7,10,22,23,12,6,1,0,22,1,35,47,35047,4,2005,"1N4AL11D05C2","1","N","4","A","L","1","1","D","0","5","C","2",0,0,0,"000000000","00000000000",0,0,0,1,0,0,0,0,0,0,0,50,0,0,0,12,6,2,12,0,0,0,1,22,71047,6,1,0,0,3,0,68,165,0,0,0,0,0,0,0,0,0,0,0,0,0,0,1,2,50,1,1,2,1,0,0,1,70,1,1,1,77,"777777777777","777777777777","777777777777",1,0
22,220529,1,2,1,30,11,15,35,12,7,1,0,0,0,53,734,53734,90,2012,"5SAAR41A5C71","5","S","A","A","R","4","1","A","5","C","7","1",0,0,0,"000000000","00000000000",0,0,0,1,0,0,0,0,0,0,0,999,0,1,1,10,2,5,1,0,0,0,1,22,70584,6,1,0,0,1,0,63,150,0,0,0,0,0,0,0,0,0,4,6,0,0,0,1,2,20,1,1,2,1,0,0,1,10,99,1,1,48,"777777777777","777777777777","777777777777",1,1
22,220529,2,2,1,30,11,15,35,12,7,1,0,22,2,37,733,37733,90,2007,"1HFTE2143747","1","H","F","T","E","2","1","4","3","7","4","7",0,0,0,"000000000","00000000000",0,0,0,1,0,0,0,0,0,0,0,999,0,0,0,2,0,5,12,0,0,0,1,47,70584,6,1,0,0,1,0,70,160,0,0,0,0,0,0,0,0,0,9,0,0,0,0,1,2,20,1,1,2,1,0,0,1,60,1,1,1,48,"777777777777","777777777777","777777777777",0,0
22,220530,1,2,1,2,11,8,16,12,1,1,0,22,2,12,401,12401,14,2013,"1FM5K7D86DGB","1","F","M","5","K","7","D","8","6","D","G","B",0,0,0,"000000000","00000000000",0,0,0,1,0,0,0,0,0,0,0,998,0,0,0,12,4,3,12,0,0,0,1,22,71047,1,1,0,0,2,0,61,130,0,0,0,1,2,8,2012,6,2016,9,6,0,0,0,2,3,60,1,1,1,1,0,0,1,52,6,1,1,28,"777777777777","777777777777","777777777777",0,0
22,220530,2,2,2,2,11,8,16,12,1,1,0,22,1,12,401,12401,14,1997,"1FMDU34E0VUC","1","F","M","D","U","3","4","E","0","V","U","C",0,0,0,"000000000","00000000000",0,0,0,1,0,0,0,0,0,0,0,998,0,1,5,6,6,2,1,0,0,0,1,22,71108,6,1,0,0,3,3,69,172,0,0,0,0,1,10,2015,10,2015,0,99,99,99,99,2,3,60,1,1,1,1,0,0,2,53,99,1,1,29,"777777777777","777777777777","777777777777",1,0
22,220531,1,1,1,6,11,1,55,8,0,1,0,22,2,49,482,49482,31,2006,"5TBDT44176S5","5","T","B","D","T","4","4","1","7","6","S","5",0,0,0,"000000000","00000000000",0,0,0,1,0,0,0,0,0,0,0,998,0,0,0,12,4,5,8,0,0,0,1,22,70508,6,1,0,0,3,0,69,150,0,0,0,0,0,0,0,0,0,9,6,0,0,0,5,5,98,1,1,2,1,0,0,1,11,99,1,2,13,"777777777777","777777777777","777777777777",0,0
22,220532,1,1,1,6,11,11,53,9,0,1,1,99,9,99,999,99999,99,9999,"999999999999","9","9","9","9","9","9","9","9","9","9","9","9",9,0,99,"999999999","99999999999",9,99,99,1,0,0,0,0,99,99,9,999,0,0,0,12,9,5,9,99,99,0,1,99,99999,9,9,99,9,9,9,999,999,99,99,99,99,99,99,9999,99,9999,9,99,99,99,99,4,2,98,1,1,1,1,0,0,1,80,99,9,3,13,"777777777777","777777777777","777777777777",0,0
22,220533,1,1,1,10,11,18,2,34,0,1,0,22,1,23,481,23481,31,1997,"1GTEC14W8VZ5","1","G","T","E","C","1","4","W","8","V","Z","5",0,0,0,"000000000","00000000000",0,0,0,1,0,0,0,0,0,0,0,998,0,1,5,82,6,2,1,0,0,0,1,22,70526,6,1,0,0,3,0,68,180,0,0,0,1,0,11,2015,11,2015,9,99,99,99,99,1,2,45,3,1,2,1,0,0,14,13,99,1,4,5,"777777777777","777777777777","777777777777",1,0
22,220534,1,1,2,19,11,18,13,9,0,1,0,22,2,7,482,7482,31,2011,"1D7RV1GP9BS6","1","D","7","R","V","1","G","P","9","B","S","6",0,0,0,"000000000","00000000000",0,0,0,1,0,0,0,0,0,0,0,999,0,0,0,12,2,5,9,0,0,0,1,22,70578,6,1,0,0,3,0,65,168,0,0,0,0,0,0,0,0,0,0,0,0,0,0,5,5,55,1,1,1,1,0,0,1,83,16,1,1,13,"777777777777","777777777777","777777777777",0,0
22,220535,1,2,1,24,11,1,24,12,1,1,0,22,1,73,706,73706,80,2010,"JKAZRCD11AA0","J","K","A","Z","R","C","D","1","1","A","A","0",0,0,0,"000000000","00000000000",0,0,0,1,0,0,0,0,0,0,0,998,0,0,0,12,6,2,12,0,0,1,1,22,70508,6,1,0,0,3,0,70,205,0,0,1,0,2,12,2012,12,2015,3,99,99,99,99,2,2,55,1,1,2,1,0,0,1,51,99,1,1,24,"777777777777","777777777777","777777777777",1,1
22,220535,2,2,1,24,11,1,24,12,1,1,0,22,1,20,482,20482,31,2011,"3GNMCGE04BG3","3","G","N","M","C","G","E","0","4","B","G","3",0,0,0,"000000000","00000000000",0,0,0,1,0,0,0,0,0,0,0,999,0,0,0,6,4,3,12,0,0,0,1,22,70503,6,1,0,0,3,0,66,166,0,2,0,1,8,9,2012,1,2016,0,0,0,0,0,2,2,55,1,1,2,1,0,0,1,53,1,1,1,25,"777777777777","777777777777","777777777777",0,1
22,220536,1,1,1,29,11,17,51,8,0,1,0,22,1,23,481,23481,31,2015,"1GT120E83FF6","1","G","T","1","2","0","E","8","3","F","F","6",0,0,0,"000000000","00000000000",0,0,0,1,0,0,0,0,0,0,0,41,0,0,0,1,2,5,8,0,0,0,1,22,70068,6,1,6,0,3,3,74,299,0,0,0,0,1,3,2012,3,2012,0,0,0,0,0,1,2,45,1,1,1,1,0,0,1,80,1,1,1,13,"777777777777","777777777777","777777777777",0,0
22,220537,1,2,1,1,11,10,51,12,1,1,0,22,3,38,882,38882,61,2015,"JALE5W16XF73","J","A","L","E","5","W","1","6","X","F","7","3",0,0,88,"888888888","88888888888",2,1,1,1,0,0,0,0,0,0,0,999,0,0,0,12,6,2,12,0,0,0,1,22,70448,6,1,6,0,3,0,72,210,0,0,0,0,2,12,2013,3,2016,9,6,0,0,0,2,2,55,1,1,2,1,0,0,1,51,1,1,1,24,"777777777777","777777777777","777777777777",1,0
22,220537,2,2,1,1,11,10,51,12,1,1,0,22,3,7,881,7881,61,1998,"3B6MC3656WM2","3","B","6","M","C","3","6","5","6","W","M","2",0,0,88,"888888888","88888888888",2,1,4,1,0,0,0,0,0,0,0,999,0,1,3,6,4,3,12,0,0,0,1,22,70734,6,1,6,0,3,0,69,205,0,0,0,2,0,7,2013,9,2014,0,0,0,0,0,2,2,55,1,1,2,1,0,0,1,53,1,1,1,25,"777777777777","777777777777","777777777777",1,0
22,220538,1,1,1,1,11,17,15,5,0,1,0,22,2,53,706,53706,80,1998,"JS1GV75A7W21","J","S","1","G","V","7","5","A","7","W","2","1",0,0,0,"000000000","00000000000",0,0,0,1,0,0,0,0,0,0,0,999,0,0,0,0,4,3,5,0,0,0,1,22,70438,6,1,0,0,3,0,70,215,0,0,0,0,2,11,2012,8,2013,5,6,24,0,0,1,2,30,1,1,2,1,0,0,1,4,99,5,4,0,"777777777777","777777777777","777777777777",1,0
22,220539,1,1,1,2,11,0,22,42,0,1,0,22,1,12,401,12401,14,2000,"1FMZU63E8YZA","1","F","M","Z","U","6","3","E","8","Y","Z","A",0,0,0,"000000000","00000000000",0,0,0,1,0,0,0,0,0,0,0,55,0,0,0,12,6,2,42,0,0,0,1,22,70503,1,1,0,0,2,0,70,190,0,1,1,0,0,8,2014,2,2015,9,99,99,99,99,1,2,50,1,1,2,1,0,0,1,12,99,1,4,10,"777777777777","777777777777","777777777777",1,0
22,220540,1,2,1,2,11,3,7,18,0,1,0,22,2,12,17,12017,4,2004,"1FAFP55S24G1","1","F","A","F","P","5","5","S","2","4","G","1",0,0,0,"000000000","00000000000",0,0,0,1,0,0,0,0,0,0,0,45,0,0,0,12,6,2,12,0,0,0,1,22,70345,6,1,0,0,3,0,59,140,0,0,0,0,0,0,0,0,0,0,28,0,0,0,1,2,50,2,1,2,1,0,0,14,12,1,1,4,6,"777777777777","777777777777","777777777777",1,1
22,220540,2,2,2,2,11,3,7,18,0,1,0,22,2,20,421,20421,15,2004,"1GNEC13V24R3","1","G","N","E","C","1","3","V","2","4","R","3",0,0,0,"000000000","00000000000",0,0,0,1,0,0,0,0,0,0,0,51,0,0,0,12,6,2,12,0,0,0,1,22,70345,6,1,0,0,3,0,64,185,0,0,0,0,0,0,0,0,0,0,0,0,0,0,1,2,50,3,1,2,1,0,0,14,64,1,1,1,98,"777777777777","777777777777","777777777777",0,0
22,220541,1,2,1,7,11,23,32,12,1,1,0,17,1,30,421,30421,15,2008,"WVGCB77L18D0","W","V","G","C","B","7","7","L","1","8","D","0",0,0,0,"000000000","00000000000",0,0,0,1,0,0,0,0,0,0,0,70,1,0,0,12,6,2,2,0,0,1,1,17,61942,6,1,6,0,3,0,69,165,0,0,0,0,0,0,0,0,0,0,6,0,0,0,2,2,70,1,1,2,1,0,0,1,52,1,1,1,28,"777777777777","777777777777","777777777777",1,0
22,220541,2,2,2,7,11,23,32,12,1,1,0,93,3,84,884,84884,66,2013,"1HSDHSJR2DJ1","1","H","S","D","H","S","J","R","2","D","J","1",1,1,57,"1934741","571934741",3,6,1,1,0,0,0,0,0,0,0,45,0,0,0,6,6,2,2,0,0,1,1,13,30180,6,1,6,9,3,0,62,190,98,0,0,0,0,0,0,0,0,0,0,0,0,0,2,2,70,1,1,2,1,0,0,2,53,7,1,1,29,"888888888888","777777777777","777777777777",0,0
22,220542,1,3,2,7,11,17,56,33,0,1,0,22,2,49,40,49040,4,2002,"4T1BE32K12U1","4","T","1","B","E","3","2","K","1","2","U","1",0,0,0,"000000000","00000000000",0,0,0,1,0,0,0,0,0,0,0,89,0,0,0,62,6,2,12,0,0,0,1,22,70065,6,1,0,0,3,3,63,117,0,0,0,0,1,8,2016,8,2016,4,24,28,0,0,2,3,55,1,1,2,2,0,0,1,6,99,4,4,7,"777777777777","777777777777","777777777777",1,0
22,220542,2,3,1,7,11,17,56,33,0,1,0,22,1,37,402,37402,14,2002,"SHSRD78812U0","S","H","S","R","D","7","8","8","1","2","U","0",0,0,0,"000000000","00000000000",0,0,0,1,0,0,0,0,0,0,0,55,0,0,0,12,6,2,12,0,0,0,1,22,70068,6,1,0,0,3,0,74,175,0,0,0,1,2,9,2012,2,2016,0,0,0,0,0,2,2,55,1,1,2,2,0,0,1,62,1,1,1,98,"777777777777","777777777777","777777777777",0,0
22,220542,3,3,1,7,11,17,56,33,0,1,0,22,3,12,481,12481,40,2014,"1FDRF3E65EEA","1","F","D","R","F","3","E","6","5","E","E","A",0,0,88,"888888888","88888888888",2,1,97,1,0,0,0,0,0,0,0,55,0,0,0,12,2,5,18,0,0,0,1,22,70047,6,1,0,0,3,3,71,191,0,0,0,0,1,7,2014,7,2014,0,0,0,0,0,2,2,55,1,1,2,2,0,0,1,98,1,1,1,98,"777777777777","777777777777","777777777777",0,0
22,220543,1,1,1,10,11,16,44,42,0,1,0,48,1,20,481,20481,31,1993,"2GCEC19H5P12","2","G","C","E","C","1","9","H","5","P","1","2",0,0,0,"000000000","00000000000",0,0,0,1,0,0,0,0,0,0,0,45,0,1,5,6,6,2,1,0,0,0,1,48,77053,0,0,0,0,0,0,999,999,0,6,0,0,0,10,2013,12,2015,9,6,0,0,0,1,2,35,1,1,2,1,0,0,1,12,7,3,4,2,"777777777777","777777777777","777777777777",1,1
22,220544,1,1,3,15,10,1,22,32,0,1,0,22,1,42,43,42043,4,2007,"WDDNG71X67A0","W","D","D","N","G","7","1","X","6","7","A","0",0,0,0,"000000000","00000000000",0,0,0,1,0,0,0,0,0,0,0,107,0,0,0,99,6,2,2,0,0,1,1,22,71111,1,1,0,0,2,0,68,182,0,1,0,1,4,9,2014,5,2015,4,6,0,0,0,1,2,55,3,1,2,1,0,0,14,13,1,1,4,1,"777777777777","777777777777","777777777777",2,1
22,220545,1,2,1,14,11,14,42,12,2,1,0,22,2,7,482,7482,31,2004,"1D7HA18NX4S5","1","D","7","H","A","1","8","N","X","4","S","5",0,0,0,"000000000","00000000000",0,0,0,1,0,0,0,0,0,0,0,60,0,0,0,12,6,2,12,0,0,0,1,22,71327,6,1,0,0,3,0,77,160,0,1,0,2,2,3,2013,7,2016,9,28,0,0,0,1,2,55,1,1,2,1,0,0,1,10,1,1,2,50,"777777777777","777777777777","777777777777",1,0
22,220545,2,2,1,14,11,14,42,12,2,1,0,48,1,7,482,7482,31,2005,"1D7HA18N95J6","1","D","7","H","A","1","8","N","9","5","J","6",0,0,0,"000000000","00000000000",0,0,0,1,0,0,0,0,0,0,0,55,0,0,0,12,6,2,12,0,0,1,1,48,71351,6,1,0,0,3,0,999,999,0,0,0,0,2,7,2012,11,2013,0,0,0,0,0,1,2,55,1,1,2,1,0,0,1,62,1,1,1,51,"777777777777","777777777777","777777777777",1,0
22,220546,1,2,1,14,11,18,51,12,7,1,0,27,1,24,7,24007,17,2004,"1G8AW12F04Z1","1","G","8","A","W","1","2","F","0","4","Z","1",0,0,0,"000000000","00000000000",0,0,0,1,0,0,0,0,0,0,0,12,0,0,0,5,6,2,12,0,0,0,1,22,70816,6,1,0,0,3,3,72,210,0,0,0,0,0,0,0,0,0,0,6,45,0,0,2,2,75,1,1,1,1,0,0,15,11,99,1,2,46,"777777777777","777777777777","777777777777",1,0
22,220546,2,2,1,14,11,18,51,12,7,1,0,22,2,35,48,35048,2,2015,"JN1AZ4EH2FM4","J","N","1","A","Z","4","E","H","2","F","M","4",0,0,0,"000000000","00000000000",0,0,0,1,0,0,0,0,0,0,0,78,0,0,0,11,6,2,12,0,0,0,1,22,71303,6,1,0,0,3,0,69,144,0,0,0,1,4,6,2015,10,2015,0,0,0,0,0,2,2,75,1,1,1,1,0,0,1,61,1,1,1,45,"777777777777","777777777777","777777777777",0,0
22,220547,1,2,2,15,11,18,8,12,2,1,0,22,1,12,481,12481,31,2005,"1FTPX14535NB","1","F","T","P","X","1","4","5","3","5","N","B",0,0,0,"000000000","00000000000",0,0,0,1,0,0,0,0,0,0,0,40,0,0,0,12,6,2,12,0,0,0,1,22,71414,6,1,0,0,3,0,63,210,0,0,0,0,0,0,0,0,0,0,6,28,91,24,1,2,55,3,2,2,1,0,0,14,50,6,1,2,58,"777777777777","777777777777","777777777777",0,1
22,220547,2,2,1,15,11,18,8,12,2,1,0,22,2,20,481,20481,31,1994,"2GCEC19K9R11","2","G","C","E","C","1","9","K","9","R","1","1",0,0,0,"000000000","00000000000",0,0,0,1,0,0,0,0,0,0,0,55,0,0,0,12,6,2,12,0,0,0,1,22,71019,0,0,0,0,0,0,999,999,99,99,99,99,99,99,9999,99,9999,0,0,0,0,0,1,2,55,2,2,2,1,0,0,14,62,1,1,1,59,"777777777777","777777777777","777777777777",1,0
22,220548,1,1,1,13,11,8,29,35,0,1,0,22,1,72,706,72706,80,2016,"1HD1GXM18GC3","1","H","D","1","G","X","M","1","8","G","C","3",0,0,0,"000000000","00000000000",0,0,0,1,0,0,0,0,0,0,0,55,0,0,0,61,2,3,35,0,0,0,1,22,70592,6,1,0,0,2,0,71,175,0,0,0,0,0,0,0,0,0,9,99,99,99,99,1,2,55,3,1,2,1,40,3,14,9,99,4,4,2,"777777777777","777777777777","777777777777",1,0
22,220549,1,1,1,15,11,13,44,32,0,1,0,22,2,23,481,23481,31,2008,"3GTEK13J48G2","3","G","T","E","K","1","3","J","4","8","G","2",0,0,0,"000000000","00000000000",0,0,0,1,0,0,0,0,0,0,0,55,0,1,5,99,6,2,1,0,0,0,1,22,70525,6,1,0,0,3,0,68,170,0,0,0,1,0,10,2012,10,2012,0,6,0,0,0,1,2,55,3,1,2,1,40,3,14,13,1,1,4,1,"777777777777","777777777777","777777777777",1,1
22,220550,1,1,1,16,11,15,15,14,0,1,0,22,1,49,32,49032,4,2010,"1NXBU4EE3AZ2","1","N","X","B","U","4","E","E","3","A","Z","2",0,0,0,"000000000","00000000000",0,0,0,1,0,0,0,0,0,0,0,15,0,0,0,62,4,3,8,0,0,0,1,22,70072,6,1,0,0,3,0,64,230,0,0,0,0,0,0,0,0,0,0,6,0,0,0,2,3,45,1,1,2,1,0,0,10,98,8,2,4,98,"777777777777","777777777777","777777777777",0,0
22,220551,1,2,1,17,11,8,14,12,1,1,0,22,1,35,421,35421,15,2011,"5N1BA0ND2BN6","5","N","1","B","A","0","N","D","2","B","N","6",0,0,0,"000000000","00000000000",0,0,0,1,0,0,0,0,0,0,0,75,0,0,0,12,6,2,12,0,0,0,1,22,71202,6,1,0,0,3,0,67,277,0,0,0,0,1,9,2015,9,2015,0,6,0,0,0,2,2,70,1,1,1,1,0,0,1,51,1,1,1,24,"777777777777","777777777777","777777777777",0,0