"STATE","ST_CASE","VEH_NO","VE_FORMS","NUMOCCS","DAY","MONTH","HOUR","MINUTE","HARM_EV","MAN_COLL","UNITTYPE","HIT_RUN","REG_STAT","OWNER","MAKE","MODEL","MAK_MOD","BODY_TYP","MOD_YEAR","VIN","VIN_1","VIN_2","VIN_3","VIN_4","VIN_5","VIN_6","VIN_7","VIN_8","VIN_9","VIN_10","VIN_11","VIN_12","TOW_VEH","J_KNIFE","MCARR_I1","MCARR_I2","MCARR_ID","GVWR","V_CONFIG","CARGO_BT","HAZ_INV","HAZ_PLAC","HAZ_ID","HAZ_CNO","HAZ_REL","BUS_USE","SPEC_USE","EMER_USE","TRAV_SP","UNDERIDE","ROLLOVER","ROLINLOC","IMPACT1","DEFORMED","TOWED","M_HARM","VEH_SC1","VEH_SC2","FIRE_EXP","DR_PRES","L_STATE","DR_ZIP","L_STATUS","L_TYPE","CDL_STAT","L_ENDORS","L_COMPL","L_RESTRI","DR_HGT","DR_WGT","PREV_ACC","PREV_SUS","PREV_DWI","PREV_SPD","PREV_OTH","FIRST_MO","FIRST_YR","LAST_MO","LAST_YR","SPEEDREL","DR_SF1","DR_SF2","DR_SF3","DR_SF4","VTRAFWAY","VNUM_LAN","VSPD_LIM","VALIGN","VPROFILE","VPAVETYP","VSURCOND","VTRAFCON","VTCONT_F","P_CRASH1","P_CRASH2","P_CRASH3","PCRASH4","PCRASH5","ACC_TYPE","TRLR1VIN","TRLR2VIN","TRLR3VIN","DEATHS","DR_DRINK"
22,220551,2,2,1,17,11,8,14,12,1,1,0,22,1,12,471,12471,30,1996,"1FTCR10AXTUB","1","F","T","C","R","1","0","A","X","T","U","B",0,0,0,"000000000","00000000000",0,0,0,1,0,0,0,0,0,0,0,65,0,1,3,6,4,3,1,0,0,0,1,22,71269,6,1,6,0,3,3,71,240,0,0,0,0,2,8,2014,8,2016,0,58,24,0,0,2,2,70,1,1,1,1,0,0,1,53,1,1,1,25,"777777777777","777777777777","777777777777",1,0
22,220552,1,1,1,17,11,23,15,53,0,1,0,22,1,37,706,37706,80,2001,"1HFSC34611A4","1","H","F","S","C","3","4","6","1","1","A","4",0,0,0,"000000000","00000000000",0,0,0,1,0,0,0,0,0,0,0,45,0,0,0,99,6,2,59,0,0,0,1,22,70759,6,1,0,0,3,0,68,200,0,0,0,3,4,3,2012,11,2016,9,99,99,99,99,1,2,45,3,1,2,1,40,3,14,13,1,1,4,1,"777777777777","777777777777","777777777777",1,1
22,220553,1,2,2,18,11,17,35,12,2,1,0,22,1,20,481,20481,31,2002,"1GCEK19T72Z1","1","G","C","E","K","1","9","T","7","2","Z","1",0,0,0,"000000000","00000000000",0,0,0,1,0,0,0,0,0,0,0,75,0,0,0,12,6,2,12,0,0,0,1,22,71422,6,1,0,0,3,0,62,160,0,0,0,0,0,0,0,0,0,4,6,28,0,0,1,2,55,2,1,2,2,28,3,14,10,16,1,2,50,"777777777777","777777777777","777777777777",0,1
22,220553,2,2,1,18,11,17,35,12,2,1,0,22,1,23,481,23481,40,1981,"1GTCC14G6BS5","1","G","T","C","C","1","4","G","6","B","S","5",1,1,88,"888888888","88888888888",2,4,1,1,0,0,0,0,0,0,0,55,0,0,0,12,6,2,12,0,0,0,1,22,71422,6,1,0,0,3,3,71,195,0,0,0,0,0,0,0,0,0,0,99,99,99,99,1,2,55,3,1,2,2,28,3,14,62,99,1,1,51,"000000000000","777777777777","777777777777",1,0
22,220554,1,1,1,18,11,21,46,42,0,1,0,22,1,49,32,49032,4,2000,"1NXBR12E8YZ3","1","N","X","B","R","1","2","E","8","Y","Z","3",0,0,0,"000000000","00000000000",0,0,0,1,0,0,0,0,0,0,0,45,0,0,0,62,6,2,42,0,0,0,1,22,71037,6,1,0,0,3,0,67,185,0,0,0,0,0,0,0,0,0,0,6,0,0,0,1,2,45,2,1,2,1,0,0,14,12,1,1,4,6,"777777777777","777777777777","777777777777",1,1
22,220555,1,1,1,21,11,5,20,57,0,1,0,22,2,23,481,23481,31,2004,"1GTHK23214F2","1","G","T","H","K","2","3","2","1","4","F","2",0,0,0,"000000000","00000000000",0,0,0,1,0,0,0,0,0,0,0,70,0,1,5,61,6,2,1,0,0,0,1,22,71220,6,2,0,0,3,2,66,144,0,0,0,1,0,10,2015,10,2015,9,6,73,0,0,3,2,70,1,2,1,1,0,0,1,12,1,1,4,6,"777777777777","777777777777","777777777777",1,0
22,220556,1,1,1,21,11,22,54,1,0,1,0,22,1,7,24,7024,4,2015,"2C3CDXL94FH7","2","C","3","C","D","X","L","9","4","F","H","7",0,0,0,"000000000","00000000000",0,0,0,1,0,0,0,0,0,0,0,114,0,1,5,0,6,2,30,0,0,0,1,22,70364,6,1,0,0,3,0,68,200,0,0,0,0,0,0,0,0,0,3,6,0,0,0,1,2,45,3,1,2,1,0,0,14,13,1,1,4,1,"777777777777","777777777777","777777777777",1,1
22,220557,1,2,1,26,11,17,40,8,0,1,0,22,3,7,482,7482,31,2014,"3C6JR6DG6EG1","3","C","6","J","R","6","D","G","6","E","G","1",0,0,0,"000000000","00000000000",0,0,0,1,0,0,0,0,0,0,0,25,0,0,0,11,2,5,8,0,0,0,1,22,71422,6,1,0,0,3,0,62,160,0,0,0,0,0,0,0,0,0,9,6,28,0,0,5,5,45,1,1,1,1,28,3,15,80,1,1,1,13,"777777777777","777777777777","777777777777",0,1
22,220557,2,2,2,26,11,17,40,8,0,1,0,22,2,49,403,49403,14,2010,"5TDKK3EH1AS0","5","T","D","K","K","3","E","H","1","A","S","0",0,0,0,"000000000","00000000000",0,0,0,1,0,0,0,0,0,0,0,20,0,0,0,11,0,5,8,0,0,0,1,22,70435,6,1,0,0,3,3,60,136,0,0,0,0,0,0,0,0,0,0,0,0,0,0,5,5,45,1,1,1,1,28,3,15,80,16,1,1,98,"777777777777","777777777777","777777777777",0,0
22,220558,1,2,1,5,8,18,40,12,6,1,0,22,2,35,471,35471,30,1990,"1N6SD16S1LC4","1","N","6","S","D","1","6","S","1","L","C","4",0,0,0,"000000000","00000000000",0,0,0,1,0,0,0,0,0,0,0,20,0,0,0,1,6,2,12,0,0,0,1,22,70444,6,1,0,0,3,0,67,200,0,0,0,0,0,0,0,0,0,0,6,38,0,0,1,2,55,1,1,2,1,0,0,11,15,1,1,1,68,"777777777777","777777777777","777777777777",0,0
22,220558,2,2,1,5,8,18,40,12,6,1,0,22,2,73,706,73706,80,2010,"JKAZRCD18AA0","J","K","A","Z","R","C","D","1","8","A","A","0",0,0,0,"000000000","00000000000",0,0,0,1,0,0,0,0,0,0,0,100,0,0,0,12,6,2,12,0,0,0,1,22,70438,1,1,0,0,2,0,74,175,0,1,0,0,2,5,2012,2,2016,3,6,0,0,0,1,2,55,1,1,2,1,0,0,1,62,1,1,1,69,"777777777777","777777777777","777777777777",1,0
22,220559,1,3,4,6,8,11,13,12,8,1,0,22,1,20,37,20037,4,2010,"1G1ZC5EB1AF1","1","G","1","Z","C","5","E","B","1","A","F","1",0,0,0,"000000000","00000000000",0,0,0,1,0,0,0,0,0,0,0,70,0,0,0,62,6,2,12,0,0,0,1,22,70437,1,1,0,0,2,0,70,220,0,5,0,0,5,8,2012,2,2015,0,33,91,0,0,1,2,55,1,3,2,1,0,0,6,54,7,1,1,64,"777777777777","777777777777","777777777777",1,0
22,220559,2,3,1,6,8,11,13,12,8,1,0,22,1,23,421,23421,15,2000,"1GKEC13T7YJ1","1","G","K","E","C","1","3","T","7","Y","J","1",0,0,0,"000000000","00000000000",0,0,0,1,0,0,0,0,0,0,0,55,0,0,0,62,6,2,12,0,0,0,1,22,70427,6,1,0,0,3,0,65,160,0,1,1,0,1,8,2011,2,2015,0,0,0,0,0,1,2,55,1,3,2,1,0,0,1,54,7,1,1,65,"777777777777","777777777777","777777777777",0,0
22,220559,3,3,3,6,8,11,13,12,8,1,0,22,1,2,405,2405,14,2006,"1J4GK48K46W1","1","J","4","G","K","4","8","K","4","6","W","1",0,0,0,"000000000","00000000000",0,0,0,1,0,0,0,0,0,0,0,55,0,0,0,12,2,5,54,0,0,0,1,22,70438,6,1,0,0,3,0,67,145,0,0,0,1,1,10,2011,11,2013,0,0,0,0,0,1,2,55,1,3,2,1,0,0,1,90,1,1,1,98,"777777777777","777777777777","777777777777",0,0
22,220560,1,1,2,19,8,23,14,8,0,1,0,47,1,12,401,12401,14,2003,"1FMDU75W13UA","1","F","M","D","U","7","5","W","1","3","U","A",0,0,0,"000000000","00000000000",0,0,0,1,0,0,0,0,0,0,0,35,0,0,0,12,2,5,8,0,0,0,1,47,37743,6,1,0,0,3,0,74,250,0,0,0,2,0,2,2013,4,2015,0,0,0,0,0,1,2,55,1,1,2,1,0,0,1,80,7,1,1,13,"777777777777","777777777777","777777777777",0,0
22,220561,1,3,1,20,8,13,25,12,1,1,0,22,2,7,463,7463,21,2014,"3C6URVHD7EE1","3","C","6","U","R","V","H","D","7","E","E","1",0,0,0,"000000000","00000000000",0,0,0,1,0,0,0,0,0,0,0,51,0,1,5,12,6,2,2,0,0,1,1,22,70535,6,1,0,0,3,0,70,170,0,0,0,2,1,3,2013,2,2015,4,6,0,0,0,3,2,55,1,1,2,1,0,0,1,52,7,1,1,28,"777777777777","777777777777","777777777777",0,0
22,220561,2,3,1,20,8,13,25,12,1,1,0,22,1,49,51,49051,4,2008,"JTDBT9231812","J","T","D","B","T","9","2","3","1","8","1","2",0,0,0,"000000000","00000000000",0,0,0,1,0,0,0,0,0,0,0,14,0,0,0,6,6,2,12,0,0,0,1,22,70791,6,1,0,0,3,0,70,252,0,0,0,0,3,10,2014,7,2016,0,0,0,0,0,3,2,55,1,1,2,1,0,0,2,53,1,1,1,29,"777777777777","777777777777","777777777777",1,0
22,220561,3,3,1,20,8,13,25,12,1,1,0,22,2,20,481,20481,31,2007,"2GCEC13V0711","2","G","C","E","C","1","3","V","0","7","1","1",0,0,0,"000000000","00000000000",0,0,0,1,0,0,0,0,0,0,0,25,0,0,0,6,6,2,12,0,0,0,1,22,70773,6,1,0,0,3,0,71,195,0,0,0,0,0,0,0,0,0,0,0,0,0,0,3,2,55,1,1,2,1,0,0,2,53,1,1,1,98,"777777777777","777777777777","777777777777",0,0
22,220562,1,1,1,25,8,4,45,8,0,1,0,22,1,7,482,7482,31,2004,"1D7HA18DX4S6","1","D","7","H","A","1","8","D","X","4","S","6",0,0,0,"000000000","00000000000",0,0,0,1,0,0,0,0,0,0,0,55,0,0,0,11,6,2,8,0,0,0,1,22,70711,6,1,0,0,3,0,67,220,0,0,0,0,0,0,0,0,0,0,0,0,0,0,1,2,55,1,1,2,1,0,0,1,80,1,1,1,13,"777777777777","777777777777","777777777777",0,0
22,220563,1,3,1,5,9,12,15,12,2,1,0,22,1,20,421,20421,15,2007,"1GNFC13087R3","1","G","N","F","C","1","3","0","8","7","R","3",0,0,0,"000000000","00000000000",0,0,0,1,0,0,0,0,0,0,0,70,0,1,1,12,6,2,12,0,0,0,1,22,70445,6,1,0,0,3,0,69,185,0,0,0,1,0,8,2014,8,2014,9,6,28,0,0,2,3,70,1,1,2,2,0,0,15,9,99,4,4,50,"777777777777","777777777777","777777777777",0,0
22,220563,2,3,2,5,9,12,15,12,2,1,0,1,4,34,34,34034,4,2016,"WBA8E9G58GNT","W","B","A","8","E","9","G","5","8","G","N","T",0,0,0,"000000000","00000000000",0,0,0,1,0,0,0,0,0,0,0,70,0,0,0,12,6,2,12,0,0,0,1,34,7621,6,1,0,0,3,0,72,999,0,0,0,1,0,4,2012,4,2012,0,0,0,0,0,2,4,70,1,1,2,2,0,0,1,62,1,1,1,51,"777777777777","777777777777","777777777777",1,0
22,220563,3,3,2,5,9,12,15,12,2,1,0,22,2,37,32,37032,2,2012,"1HGCS2B81CA0","1","H","G","C","S","2","B","8","1","C","A","0",0,0,0,"000000000","00000000000",0,0,0,1,0,0,0,0,0,0,0,70,0,0,0,12,4,3,12,0,0,0,1,22,70122,6,1,0,0,3,3,66,125,0,0,0,0,1,5,2016,5,2016,0,0,0,0,0,2,4,70,1,1,2,2,0,0,1,62,6,1,1,98,"777777777777","777777777777","777777777777",0,0
22,220564,1,2,1,11,9,2,55,12,2,1,0,22,2,55,35,55035,4,2005,"KMHDN46D65U0","K","M","H","D","N","4","6","D","6","5","U","0",0,0,0,"000000000","00000000000",0,0,0,1,0,0,0,0,0,0,0,998,0,0,0,12,6,2,12,0,0,0,1,12,32304,1,1,0,0,2,0,72,999,0,2,0,0,2,6,2013,3,2014,9,51,0,0,0,2,2,65,3,2,2,1,40,3,14,54,16,1,1,50,"777777777777","777777777777","777777777777",1,0
22,220564,2,2,2,11,9,2,55,12,2,1,0,22,1,6,43,6043,4,2005,"1C3EL46X95N5","1","C","3","E","L","4","6","X","9","5","N","5",0,0,0,"000000000","00000000000",0,0,0,1,0,0,0,0,0,0,0,65,0,0,0,12,6,2,12,0,0,0,1,22,70435,6,2,0,0,3,2,60,104,0,1,0,0,0,4,2015,4,2015,0,74,0,0,0,2,2,65,2,2,2,1,0,0,14,54,1,1,1,51,"777777777777","777777777777","777777777777",0,0
22,220565,1,1,2,16,9,17,15,42,0,1,0,22,1,20,481,20481,31,2009,"3GCEC23029G2","3","G","C","E","C","2","3","0","2","9","G","2",0,0,0,"000000000","00000000000",0,0,0,1,0,0,0,0,0,0,0,10,0,0,0,12,6,2,2,0,0,1,1,22,71251,6,1,6,0,3,0,68,210,0,0,0,2,0,7,2012,1,2013,0,6,0,0,0,1,2,55,3,1,2,1,0,0,14,12,1,1,4,6,"777777777777","777777777777","777777777777",2,1
22,220566,1,2,1,18,9,2,8,12,2,1,0,22,2,12,481,12481,31,2006,"1FTRF12296NB","1","F","T","R","F","1","2","2","9","6","N","B",0,0,0,"000000000","00000000000",0,0,0,1,0,0,0,0,0,0,0,55,0,0,0,12,6,2,12,0,0,0,1,22,70554,0,0,0,0,0,0,999,999,99,99,99,99,99,99,9999,99,9999,0,24,91,28,6,1,2,55,1,1,2,1,0,0,1,10,1,1,2,50,"777777777777","777777777777","777777777777",0,1
22,220566,2,2,1,18,9,2,8,12,2,1,0,22,1,20,22,20022,4,2007,"1G1AL55F8772","1","G","1","A","L","5","5","F","8","7","7","2",0,0,0,"000000000","00000000000",0,0,0,1,0,0,0,0,0,0,0,50,0,0,0,12,6,2,12,0,0,0,1,22,70586,6,1,0,0,3,0,78,242,0,0,0,0,0,0,0,0,0,0,0,0,0,0,1,2,55,1,1,2,1,0,0,1,62,1,1,1,51,"777777777777","777777777777","777777777777",1,0
22,220567,1,1,1,1,10,99,99,35,0,1,0,22,1,6,441,6441,20,2005,"2C4GP44R95R5","2","C","4","G","P","4","4","R","9","5","R","5",0,0,0,"000000000","00000000000",0,0,0,1,0,0,0,0,0,0,0,55,0,0,0,12,6,2,35,0,0,0,1,22,70446,6,1,0,0,3,0,71,125,0,0,0,0,0,0,0,0,0,0,6,0,0,0,1,2,55,3,1,2,1,0,0,14,13,1,1,4,1,"777777777777","777777777777","777777777777",1,0
22,220568,1,3,1,21,10,20,5,12,1,1,0,12,2,20,9,20009,2,2013,"2G1FB1E30D92","2","G","1","F","B","1","E","3","0","D","9","2",0,0,0,"000000000","00000000000",0,0,0,1,0,0,0,0,0,0,0,81,0,0,0,12,6,2,12,0,0,0,1,12,32526,3,1,0,0,2,0,66,999,0,0,0,0,0,0,0,0,0,4,6,0,0,0,2,3,70,1,1,2,1,0,0,1,51,1,1,1,24,"777777777777","777777777777","777777777777",1,0
22,220568,2,3,2,21,10,20,5,12,1,1,0,94,3,3,431,3431,16,2007,"000000000000","0","0","0","0","0","0","0","0","0","0","0","0",0,0,0,"000000000","00000000000",0,0,0,1,0,0,0,0,0,4,0,55,0,0,0,6,4,3,12,0,0,0,1,22,70437,6,1,0,0,3,0,71,210,0,0,0,0,0,0,0,0,0,0,0,0,0,0,2,3,70,1,1,2,1,0,0,1,53,1,1,1,25,"777777777777","777777777777","777777777777",0,0
22,220568,3,3,2,21,10,20,5,12,1,1,0,94,3,3,431,3431,16,2007,"888888888888","8","8","8","8","8","8","8","8","8","8","8","8",6,1,0,"000000000","00000000000",0,0,0,1,0,0,0,0,0,4,0,55,0,0,0,6,2,5,12,0,0,0,1,22,70433,6,1,0,0,3,3,73,235,0,0,0,0,2,8,2014,9,2015,0,0,0,0,0,2,3,70,1,1,2,1,0,0,1,53,1,1,1,98,"777777777777","777777777777","777777777777",0,0
22,220569,1,2,3,22,10,10,45,12,6,1,0,22,1,3,431,3431,16,2006,"5GRGN23U66H1","5","G","R","G","N","2","3","U","6","6","H","1",0,0,0,"000000000","00000000000",0,0,0,1,0,0,0,0,0,0,0,10,0,1,1,62,6,2,12,0,0,0,1,22,70446,0,0,0,0,0,0,999,999,0,0,0,0,0,0,0,0,0,0,38,0,0,0,1,2,55,1,1,2,1,20,3,1,17,1,1,1,89,"777777777777","777777777777","777777777777",1,0
22,220569,2,2,1,22,10,10,45,12,6,1,0,22,3,82,881,82881,63,2005,"1FVACXDC45HU","1","F","V","A","C","X","D","C","4","5","H","U",0,0,88,"888888888","88888888888",3,1,96,2,2,2067,5,1,0,0,0,35,0,0,0,12,6,2,12,0,0,0,1,22,70422,6,1,6,1,3,0,72,300,0,0,0,0,0,0,0,0,0,0,0,0,0,0,1,2,55,1,1,2,1,0,0,1,66,16,1,1,88,"777777777777","777777777777","777777777777",0,0
22,220570,1,1,1,26,10,1,10,1,0,1,0,22,2,20,481,20481,31,1999,"1GCEK14T5XZ1","1","G","C","E","K","1","4","T","5","X","Z","1",0,0,0,"000000000","00000000000",0,0,0,1,0,0,0,0,0,0,0,65,0,1,5,0,6,2,42,0,0,0,1,22,71371,6,1,0,0,3,0,62,130,0,0,0,0,0,0,0,0,0,3,6,0,0,0,1,2,35,1,1,2,1,0,0,1,6,7,3,4,2,"777777777777","777777777777","777777777777",1,1
22,220571,1,2,1,28,10,2,20,12,2,1,0,22,2,69,54,69054,3,2004,"WMWRC33464TJ","W","M","W","R","C","3","3","4","6","4","T","J",0,0,0,"000000000","00000000000",0,0,0,1,0,0,0,0,0,0,0,65,0,0,0,12,6,2,12,0,0,0,1,22,70582,6,1,0,0,3,0,60,122,0,0,0,1,1,2,2014,10,2016,0,51,0,0,0,3,2,65,1,2,1,1,28,3,1,54,1,1,1,52,"777777777777","777777777777","777777777777",1,1
22,220571,2,2,1,28,10,2,20,12,2,1,0,22,1,63,34,63034,4,2009,"KNAGE2282953","K","N","A","G","E","2","2","8","2","9","5","3",0,0,0,"000000000","00000000000",0,0,0,1,0,0,0,0,0,0,0,65,0,0,0,12,6,2,2,0,0,1,1,22,70538,6,1,0,0,3,0,66,194,0,0,0,0,0,0,0,0,0,0,0,0,0,0,3,2,65,1,2,1,1,0,0,1,54,1,1,1,52,"777777777777","777777777777","777777777777",1,1
22,220572,1,1,1,31,10,17,22,59,0,1,0,22,2,23,481,23481,31,2011,"3GTP1VE07BG1","3","G","T","P","1","V","E","0","7","B","G","1",0,0,0,"000000000","00000000000",0,0,0,1,0,0,0,0,0,0,0,55,0,1,5,61,6,2,2,0,0,1,1,22,70441,6,1,0,0,3,0,64,115,0,1,1,0,0,8,2013,9,2013,0,99,99,99,99,1,2,55,2,1,2,1,0,0,14,12,1,1,4,6,"777777777777","777777777777","777777777777",1,0
22,220573,1,3,0,22,11,1,0,12,6,1,0,22,6,30,402,30402,14,2016,"WVGAV7AX1GW5","W","V","G","A","V","7","A","X","1","G","W","5",1,1,0,"000000000","00000000000",0,0,0,1,0,0,0,0,0,0,0,0,0,0,0,81,6,2,12,0,0,0,0,0,99997,7,6,97,7,6,7,998,997,998,998,998,998,998,98,9998,98,9998,8,54,0,0,0,3,2,70,1,1,1,1,0,0,0,53,0,0,0,48,"888888888888","777777777777","777777777777",0,0
22,220573,2,3,1,22,11,1,0,12,6,1,0,22,3,87,881,87881,66,1989,"1XP5DB9X1KN2","1","X","P","5","D","B","9","X","1","K","N","2",1,1,57,"528604","57528604",3,6,10,1,0,0,0,0,0,0,0,70,0,0,0,12,6,2,12,0,0,0,1,28,39669,6,1,6,0,3,0,70,200,98,0,0,0,0,0,0,0,0,0,0,0,0,0,3,2,70,1,1,1,1,0,0,1,50,16,1,1,48,"888888888888","777777777777","777777777777",0,0
22,220573,3,3,0,22,11,1,0,12,6,1,0,22,6,37,32,37032,2,2003,"1HGCM72613A0","1","H","G","C","M","7","2","6","1","3","A","0",0,0,0,"000000000","00000000000",0,0,0,1,0,0,0,0,0,0,0,0,0,0,0,6,2,3,12,0,0,0,0,0,99997,7,6,97,7,6,7,998,997,998,998,998,998,998,98,9998,98,9998,8,0,0,0,0,3,2,70,1,1,1,1,0,0,0,61,0,0,0,98,"777777777777","777777777777","777777777777",0,0
22,220574,1,1,3,24,11,15,31,1,0,1,0,28,1,2,403,2403,14,2016,"1C4AJWAG8GL1","1","C","4","A","J","W","A","G","8","G","L","1",0,0,0,"000000000","00000000000",0,0,0,1,0,0,0,0,0,0,0,67,0,1,5,0,6,2,42,0,0,0,1,28,39669,6,1,0,0,3,0,66,115,98,0,0,0,0,0,0,0,0,4,6,0,0,0,1,2,55,3,1,2,1,0,0,14,13,6,1,4,1,"777777777777","777777777777","777777777777",1,0
22,220575,1,1,1,7,11,18,25,43,0,1,0,22,1,12,481,12481,31,2000,"1FTRX17W1YNA","1","F","T","R","X","1","7","W","1","Y","N","A",0,0,0,"000000000","00000000000",0,0,0,1,0,0,0,0,0,0,0,45,0,0,0,2,6,2,42,0,0,0,1,22,71468,6,1,0,0,3,0,73,175,0,1,1,0,0,2,2014,2,2016,0,6,0,0,0,1,2,55,3,1,2,1,40,3,14,13,1,1,4,1,"777777777777","777777777777","777777777777",1,1
22,220576,1,2,2,12,11,14,30,12,1,1,0,22,2,37,32,37032,4,1996,"1HGCD563XTA2","1","H","G","C","D","5","6","3","X","T","A","2",0,0,0,"000000000","00000000000",0,0,0,1,0,0,0,0,0,0,0,999,0,0,0,12,6,2,12,0,0,0,1,22,70759,1,1,0,0,2,0,69,194,0,1,0,0,1,1,2013,8,2016,3,6,0,0,0,1,2,55,1,1,2,1,0,0,1,51,1,1,1,24,"777777777777","777777777777","777777777777",2,1
22,220576,2,2,1,12,11,14,30,12,1,1,0,22,3,85,881,85881,66,2014,"1XKYDP9X7EJ4","1","X","K","Y","D","P","9","X","7","E","J","4",1,1,88,"888888888","88888888888",3,6,4,1,0,0,0,0,0,0,0,45,0,0,0,6,2,5,12,0,0,0,1,98,0,9,9,99,9,9,9,999,999,99,99,99,99,99,99,9999,99,9999,0,0,0,0,0,1,2,55,1,1,2,1,0,0,1,53,1,1,1,25,"888888888888","777777777777","777777777777",0,0
22,220577,1,1,1,26,9,19,10,8,0,1,0,22,1,12,23,12023,4,2013,"3FA6P0HRXDR2","3","F","A","6","P","0","H","R","X","D","R","2",0,0,0,"000000000","00000000000",0,0,0,1,0,0,0,0,0,0,0,30,0,0,0,12,2,5,8,0,0,0,1,22,70094,6,1,0,0,3,3,72,175,0,0,0,1,1,9,2015,6,2016,0,0,0,0,0,2,2,98,1,1,1,1,0,0,1,80,16,1,1,13,"777777777777","777777777777","777777777777",0,0
22,220578,1,1,1,19,7,17,1,1,0,1,0,22,1,12,37,12037,4,2014,"1FADP3F21EL2","1","F","A","D","P","3","F","2","1","E","L","2",0,0,0,"000000000","00000000000",0,0,0,1,0,0,0,0,0,0,0,999,0,1,5,0,6,2,1,0,0,0,1,22,71119,6,1,0,0,3,0,63,195,0,0,0,0,0,0,0,0,0,9,99,99,99,99,6,1,99,3,2,1,1,0,0,14,12,1,1,4,6,"777777777777","777777777777","777777777777",1,0
22,220579,1,4,1,5,6,2,24,12,1,1,0,22,3,12,401,12401,14,2015,"1FM5K8AR4FGC","1","F","M","5","K","8","A","R","4","F","G","C",0,0,0,"000000000","00000000000",0,0,0,1,0,0,0,0,0,5,5,0,0,0,0,6,6,2,12,41,0,0,1,22,70112,6,1,0,0,3,3,70,130,0,0,0,0,0,0,0,0,0,0,16,54,0,0,3,3,60,1,1,1,1,0,0,5,53,1,1,1,21,"777777777777","777777777777","777777777777",1,0
22,220579,2,4,1,5,6,2,24,12,1,1,0,22,1,54,41,54041,4,2013,"19VDE1F51DE0","1","9","V","D","E","1","F","5","1","D","E","0",0,0,0,"000000000","00000000000",0,0,0,1,0,0,0,0,0,0,0,70,0,0,0,12,6,2,12,0,0,0,1,22,70129,6,1,0,0,3,0,65,140,0,0,0,0,0,0,0,0,0,4,41,0,0,0,3,3,60,1,1,1,1,0,0,1,50,99,1,1,20,"777777777777","777777777777","777777777777",0,1
22,220579,3,4,0,5,6,2,24,12,1,1,0,22,6,37,441,37441,20,2014,"5FNRL5H63EB0","5","F","N","R","L","5","H","6","3","E","B","0",0,0,0,"000000000","00000000000",0,0,0,1,0,0,0,0,0,0,0,0,0,0,0,6,6,2,12,0,0,0,0,0,99997,7,6,97,7,6,7,998,997,998,998,998,998,998,98,9998,98,9998,8,0,0,0,0,3,3,60,1,1,1,1,0,0,0,98,0,0,0,98,"777777777777","777777777777","777777777777",0,0
22,220579,4,4,0,5,6,2,24,12,1,1,0,22,6,69,54,69054,3,2011,"WMWSU3C56BT2","W","M","W","S","U","3","C","5","6","B","T","2",0,0,0,"000000000","00000000000",0,0,0,1,0,0,0,0,0,0,0,0,0,0,0,6,2,5,12,0,0,0,0,0,99997,7,6,97,7,6,7,998,997,998,998,998,998,998,98,9998,98,9998,8,0,0,0,0,3,3,60,1,1,1,1,0,0,0,98,0,0,0,98,"777777777777","777777777777","777777777777",0,0
22,220580,1,1,1,23,2,11,19,10,0,1,0,22,2,63,33,63033,4,2006,"KNAFE1215652","K","N","A","F","E","1","2","1","5","6","5","2",0,0,0,"000000000","00000000000",0,0,0,1,0,0,0,0,0,0,0,5,0,0,0,82,6,2,10,0,0,0,1,22,70586,0,0,0,0,0,0,59,110,99,99,99,99,99,99,9999,99,9999,0,38,0,0,0,1,2,25,1,2,1,2,99,9,1,90,1,1,1,15,"777777777777","777777777777","777777777777",1,0
22,220581,1,2,1,9,7,20,58,12,99,1,0,22,1,37,705,37705,80,2002,"JH2RC44F42M0","J","H","2","R","C","4","4","F","4","2","M","0",0,0,0,"000000000","00000000000",0,0,0,1,0,0,0,0,0,0,0,999,0,0,0,99,6,2,12,0,0,0,1,22,70129,6,1,0,0,3,0,71,214,0,0,0,1,2,7,2012,1,2015,9,99,99,99,99,1,2,40,1,1,1,1,0,0,99,99,99,9,3,99,"777777777777","777777777777","777777777777",1,0
22,220581,2,2,1,9,7,20,58,12,99,1,0,22,1,20,37,20037,4,2015,"1G11B5SL6FF3","1","G","1","1","B","5","S","L","6","F","F","3",0,0,0,"000000000","00000000000",0,0,0,1,0,0,0,0,0,0,0,30,0,0,0,2,4,3,12,0,0,0,1,22,70458,6,1,0,0,3,3,69,210,0,0,0,0,0,0,0,0,0,0,99,99,99,99,1,2,40,1,1,1,1,0,0,1,99,1,1,1,99,"777777777777","777777777777","777777777777",0,0
22,220582,1,1,2,30,7,13,45,8,0,1,0,13,1,2,403,2403,14,2014,"1C4BJWEG0EL2","1","C","4","B","J","W","E","G","0","E","L","2",0,0,0,"000000000","00000000000",0,0,0,1,0,0,0,0,0,0,0,60,0,0,0,10,2,5,8,0,0,0,1,13,30215,6,1,0,0,3,0,62,163,98,0,0,0,0,0,0,0,0,3,28,0,0,0,3,3,60,1,1,1,1,0,0,1,12,1,1,4,13,"777777777777","777777777777","777777777777",0,0
22,220583,1,2,4,13,9,6,51,12,6,1,0,22,2,20,16,20016,4,1997,"1G1JC5241V71","1","G","1","J","C","5","2","4","1","V","7","1",0,0,0,"000000000","00000000000",0,0,0,1,0,0,0,0,0,0,0,10,0,0,0,8,6,2,12,0,0,0,1,22,71351,6,2,0,0,3,3,61,120,0,0,0,0,0,0,0,0,0,0,38,0,0,0,1,2,98,1,1,2,1,4,3,1,17,10,1,1,89,"777777777777","777777777777","777777777777",1,0