"STATE","ST_CASE","VEH_NO","VE_FORMS","NUMOCCS","DAY","MONTH","HOUR","MINUTE","HARM_EV","MAN_COLL","UNITTYPE","HIT_RUN","REG_STAT","OWNER","MAKE","MODEL","MAK_MOD","BODY_TYP","MOD_YEAR","VIN","VIN_1","VIN_2","VIN_3","VIN_4","VIN_5","VIN_6","VIN_7","VIN_8","VIN_9","VIN_10","VIN_11","VIN_12","TOW_VEH","J_KNIFE","MCARR_I1","MCARR_I2","MCARR_ID","GVWR","V_CONFIG","CARGO_BT","HAZ_INV","HAZ_PLAC","HAZ_ID","HAZ_CNO","HAZ_REL","BUS_USE","SPEC_USE","EMER_USE","TRAV_SP","UNDERIDE","ROLLOVER","ROLINLOC","IMPACT1","DEFORMED","TOWED","M_HARM","VEH_SC1","VEH_SC2","FIRE_EXP","DR_PRES","L_STATE","DR_ZIP","L_STATUS","L_TYPE","CDL_STAT","L_ENDORS","L_COMPL","L_RESTRI","DR_HGT","DR_WGT","PREV_ACC","PREV_SUS","PREV_DWI","PREV_SPD","PREV_OTH","FIRST_MO","FIRST_YR","LAST_MO","LAST_YR","SPEEDREL","DR_SF1","DR_SF2","DR_SF3","DR_SF4","VTRAFWAY","VNUM_LAN","VSPD_LIM","VALIGN","VPROFILE","VPAVETYP","VSURCOND","VTRAFCON","VTCONT_F","P_CRASH1","P_CRASH2","P_CRASH3","PCRASH4","PCRASH5","ACC_TYPE","TRLR1VIN","TRLR2VIN","TRLR3VIN","DEATHS","DR_DRINK"
22,220583,2,2,2,13,9,6,51,12,6,1,0,22,3,84,884,84884,66,2014,"1HSMTAZN0EH4","1","H","S","M","T","A","Z","N","0","E","H","4",1,1,57,"036379","57036379",3,6,1,1,0,0,0,0,0,0,0,55,0,0,0,12,2,3,12,0,0,0,1,22,71362,6,1,6,0,3,0,71,180,0,0,0,0,0,0,0,0,0,0,0,0,0,0,1,2,55,1,1,2,1,4,3,1,66,16,2,1,88,"000000000000","777777777777","777777777777",0,0
22,220584,1,1,1,16,9,1,0,11,0,1,0,22,2,18,3,18003,4,2000,"1G4CW54K5Y42","1","G","4","C","W","5","4","K","5","Y","4","2",0,0,0,"000000000","00000000000",0,0,0,1,0,0,0,0,0,0,0,56,0,0,0,12,6,2,11,0,0,0,1,22,70726,6,1,0,0,3,0,72,230,0,0,0,0,0,0,0,0,0,0,0,0,0,0,1,2,55,1,1,2,1,0,0,1,87,1,1,1,13,"777777777777","777777777777","777777777777",1,0
22,220585,1,1,1,16,9,17,2,42,0,1,0,22,2,12,422,12422,15,2005,"1FMPU15545LA","1","F","M","P","U","1","5","5","4","5","L","A",0,0,0,"000000000","00000000000",0,0,0,1,0,0,0,0,0,0,0,55,0,0,0,61,6,2,42,0,0,0,1,22,70462,6,2,0,0,3,0,63,108,0,0,0,0,0,0,0,0,0,0,6,0,0,0,1,2,55,2,1,2,2,0,0,14,10,9,3,4,7,"777777777777","777777777777","777777777777",1,0
22,220586,1,1,2,23,9,18,10,30,0,1,0,22,2,12,481,12481,31,2006,"1FTRX12WX6KB","1","F","T","R","X","1","2","W","X","6","K","B",0,0,0,"000000000","00000000000",0,0,0,1,0,0,0,0,0,0,0,70,0,0,0,12,6,2,42,0,0,0,1,22,70435,1,1,0,0,2,0,76,165,0,0,0,0,0,0,0,0,0,9,6,24,91,0,1,2,55,3,1,2,1,0,0,14,13,1,1,4,1,"777777777777","777777777777","777777777777",1,1
22,220587,1,1,2,26,9,13,55,24,0,1,0,22,2,20,481,20481,31,2001,"2GCEC19T1114","2","G","C","E","C","1","9","T","1","1","1","4",0,0,0,"000000000","00000000000",0,0,0,1,0,0,0,0,0,0,0,75,0,1,5,99,6,2,1,0,0,0,1,22,70748,6,1,0,0,3,0,64,240,0,0,0,0,0,0,0,0,0,4,6,0,0,0,1,2,55,3,1,2,1,0,0,14,11,6,4,4,7,"777777777777","777777777777","777777777777",1,1
22,220588,1,1,1,26,9,20,2,1,0,1,0,22,2,12,481,12481,31,2000,"1FTPF17L5YKA","1","F","T","P","F","1","7","L","5","Y","K","A",0,0,0,"000000000","00000000000",0,0,0,1,0,0,0,0,0,0,0,73,0,1,5,0,6,2,1,0,0,0,1,22,71037,6,1,0,0,3,3,64,210,1,1,0,0,1,10,2012,6,2013,0,6,0,0,0,2,2,70,1,1,1,1,0,0,1,9,7,4,4,2,"777777777777","777777777777","777777777777",1,0
22,220589,1,2,0,30,9,6,11,8,0,1,0,22,6,20,481,20481,31,2000,"2GCEK19T4Y13","2","G","C","E","K","1","9","T","4","Y","1","3",0,0,0,"000000000","00000000000",0,0,0,1,0,0,0,0,0,0,0,0,0,0,0,9,2,3,12,0,0,0,0,0,99997,7,6,97,7,6,7,998,997,998,998,998,998,998,98,9998,98,9998,8,0,0,0,0,1,2,55,1,1,2,1,0,0,0,53,0,0,0,98,"777777777777","777777777777","777777777777",0,0
22,220589,2,2,3,30,9,6,11,8,0,1,0,22,1,49,40,49040,4,2011,"4T1BF3EK9BU6","4","T","1","B","F","3","E","K","9","B","U","6",0,0,0,"000000000","00000000000",0,0,0,1,0,0,0,0,0,0,0,53,0,0,0,11,2,3,8,0,0,0,1,22,70764,6,1,0,0,3,0,67,175,0,0,0,0,0,0,0,0,0,0,0,0,0,0,1,2,55,1,1,2,1,0,0,1,80,7,1,1,13,"777777777777","777777777777","777777777777",0,0
22,220590,1,2,1,7,10,1,28,12,2,1,0,22,2,18,7,18007,4,2002,"2G4WS52J8211","2","G","4","W","S","5","2","J","8","2","1","1",0,0,0,"000000000","00000000000",0,0,0,1,0,0,0,0,0,0,0,70,1,0,0,12,6,2,12,0,0,0,1,22,70075,2,1,0,0,2,0,64,145,0,0,0,2,0,5,2012,7,2012,0,51,0,0,0,2,2,70,1,1,2,1,0,0,1,54,1,1,1,52,"777777777777","777777777777","777777777777",1,1
22,220590,2,2,4,7,10,1,28,12,2,1,0,12,1,82,883,82883,66,2001,"1FUJBBCG81LH","1","F","U","J","B","B","C","G","8","1","L","H",1,1,88,"888888888","88888888888",3,6,1,1,0,0,0,0,0,0,0,70,0,0,0,12,6,2,12,0,0,0,1,12,34759,6,1,6,3,3,0,72,999,0,0,0,1,3,8,2013,12,2015,0,0,0,0,0,2,2,70,1,1,2,1,0,0,1,54,16,2,1,52,"1JJV532W4WL5","777777777777","777777777777",0,0
22,220591,1,3,2,19,10,11,14,12,6,1,0,22,2,12,37,12037,4,2002,"1FAFP38322W1","1","F","A","F","P","3","8","3","2","2","W","1",0,0,0,"000000000","00000000000",0,0,0,1,0,0,0,0,0,0,0,35,0,0,0,10,4,3,12,0,0,0,1,22,70466,1,1,0,0,2,0,74,240,0,0,0,0,1,5,2015,5,2015,5,24,37,39,0,1,2,35,1,1,2,1,20,3,11,15,1,1,1,82,"777777777777","777777777777","777777777777",1,0
22,220591,2,3,2,19,10,11,14,12,6,1,0,22,2,37,32,37032,4,2004,"1HGCM66514A0","1","H","G","C","M","6","6","5","1","4","A","0",0,0,0,"000000000","00000000000",0,0,0,1,0,0,0,0,0,0,0,55,0,0,0,12,2,3,12,0,0,0,1,22,70427,6,1,0,0,3,0,72,175,0,0,0,1,1,4,2014,8,2015,0,0,0,0,0,1,2,55,1,1,2,1,0,0,1,67,1,1,1,83,"777777777777","777777777777","777777777777",0,0
22,220591,3,3,1,19,10,11,14,12,6,1,0,93,3,89,881,89881,63,1989,"4V1BDBJF1KN6","4","V","1","B","D","B","J","F","1","K","N","6",0,0,88,"888888888","88888888888",3,2,4,1,0,0,0,0,0,0,0,30,0,0,0,12,2,3,12,0,0,0,1,22,70443,2,1,6,0,3,3,69,137,0,0,0,0,0,0,0,0,0,0,0,0,0,0,1,2,55,1,1,2,1,0,0,1,62,16,2,1,98,"777777777777","777777777777","777777777777",0,0
22,220592,1,1,1,26,9,16,20,42,0,1,0,22,1,7,482,7482,31,2002,"3D7HU18NX2G2","3","D","7","H","U","1","8","N","X","2","G","2",0,0,0,"000000000","00000000000",0,0,0,1,0,0,0,0,0,0,0,55,0,0,0,12,6,2,42,0,0,0,1,22,70658,6,1,0,0,3,0,67,180,0,0,0,0,0,0,0,0,0,0,99,99,99,99,1,2,55,1,1,2,1,0,0,1,13,1,1,4,1,"777777777777","777777777777","777777777777",1,0
22,220593,1,1,1,11,7,10,34,9,0,1,0,28,1,82,881,82881,66,2005,"1FUJA6AV55LN","1","F","U","J","A","6","A","V","5","5","L","N",1,1,57,"2628424","572628424",3,6,10,1,0,0,0,0,0,0,0,45,0,0,0,4,0,5,9,0,0,0,1,28,39667,6,1,6,0,3,0,72,200,98,0,0,0,0,0,0,0,0,0,0,0,0,0,2,2,45,1,1,1,1,0,0,1,83,1,1,1,13,"888888888888","777777777777","777777777777",0,0
22,220595,1,1,1,23,5,13,20,9,0,1,0,22,1,35,401,35401,14,2015,"5N1AR2MN3FC7","5","N","1","A","R","2","M","N","3","F","C","7",0,0,0,"000000000","00000000000",0,0,0,1,0,0,0,0,0,0,0,25,0,0,0,12,2,5,9,0,0,0,1,22,70065,6,1,0,0,3,0,67,240,0,0,0,0,2,3,2013,5,2015,0,0,0,0,0,2,3,25,1,1,1,1,3,3,1,80,1,1,1,13,"777777777777","777777777777","777777777777",0,0
22,220596,1,2,1,10,5,13,24,12,1,1,0,28,3,82,881,82881,66,2012,"1FUJGNDR0CDB","1","F","U","J","G","N","D","R","0","C","D","B",1,1,57,"975461","57975461",3,6,1,1,0,0,0,0,0,0,0,55,0,0,0,12,0,5,12,0,0,0,1,28,39503,6,1,6,0,3,0,71,130,98,0,0,0,0,0,0,0,0,4,99,99,99,99,1,4,55,1,1,1,1,0,0,1,51,16,2,1,24,"000000000000","777777777777","777777777777",0,0
22,220596,2,2,1,10,5,13,24,12,1,1,0,22,1,12,481,12481,31,2000,"2FTRX17W8YCA","2","F","T","R","X","1","7","W","8","Y","C","A",0,0,0,"000000000","00000000000",0,0,0,1,0,0,0,0,0,0,0,999,0,0,0,6,6,2,12,0,0,1,1,22,70129,6,1,0,0,3,3,74,165,0,0,0,0,0,0,0,0,0,0,99,99,99,99,1,4,55,1,1,1,1,0,0,1,53,99,1,1,25,"777777777777","777777777777","777777777777",1,0
22,220597,1,1,1,22,5,21,40,9,0,1,1,99,9,7,999,7999,99,9999,"999999999999","9","9","9","9","9","9","9","9","9","9","9","9",0,0,0,"000000000","00000000000",0,0,0,1,0,0,0,0,0,0,0,999,0,0,0,99,9,5,9,0,0,0,1,99,99999,9,9,99,9,9,9,999,999,99,99,99,99,99,99,9999,99,9999,9,99,99,99,99,2,2,30,1,1,2,1,97,8,1,83,99,9,1,13,"777777777777","777777777777","777777777777",0,0
22,220598,1,3,1,7,8,17,36,12,1,1,0,48,1,35,47,35047,4,2006,"1N4AL11D46N3","1","N","4","A","L","1","1","D","4","6","N","3",0,0,0,"000000000","00000000000",0,0,0,1,0,0,0,0,0,0,0,50,0,0,0,12,6,2,12,0,0,0,1,48,77640,6,1,0,0,3,3,999,999,0,0,0,0,0,0,0,0,0,0,41,0,0,0,5,5,50,1,1,1,1,50,3,1,50,1,1,1,32,"777777777777","777777777777","777777777777",0,0
22,220598,2,3,0,7,8,17,36,12,1,1,0,22,3,20,421,20421,15,2012,"1GNLC2E04CR2","1","G","N","L","C","2","E","0","4","C","R","2",0,0,0,"000000000","00000000000",0,0,0,1,0,0,0,0,0,5,0,0,0,0,0,6,4,3,12,0,0,0,0,0,99997,7,6,97,7,6,7,998,997,998,998,998,998,998,98,9998,98,9998,8,0,0,0,0,5,5,50,1,1,1,1,0,0,0,53,0,0,0,32,"777777777777","777777777777","777777777777",0,0
22,220598,3,3,1,7,8,17,36,12,1,1,0,48,1,41,51,41051,4,2010,"JM1BL1SF9A11","J","M","1","B","L","1","S","F","9","A","1","1",0,0,0,"000000000","00000000000",0,0,0,1,0,0,0,0,0,0,0,0,0,0,0,6,6,2,12,32,0,0,1,48,77584,6,1,0,0,3,3,999,999,0,0,0,0,0,0,0,0,0,0,54,0,0,0,5,5,50,1,1,1,1,0,0,5,53,1,1,1,98,"777777777777","777777777777","777777777777",0,0
22,220599,1,1,1,11,8,5,10,8,0,1,1,99,9,99,999,99999,99,9999,"999999999999","9","9","9","9","9","9","9","9","9","9","9","9",9,0,0,"000000000","00000000000",0,0,0,1,0,0,0,0,0,0,0,999,0,0,0,99,9,5,8,99,99,0,1,99,99999,9,9,99,9,9,9,999,999,99,99,99,99,99,99,9999,99,9999,9,99,99,99,99,2,3,99,1,1,1,1,99,9,99,82,99,9,9,13,"777777777777","777777777777","777777777777",0,0
22,220600,1,2,1,7,9,19,29,12,6,1,0,92,0,76,705,76705,83,2007,"JYACJ10C07A0","J","Y","A","C","J","1","0","C","0","7","A","0",0,0,0,"000000000","00000000000",0,0,0,1,0,0,0,0,0,0,0,999,0,0,0,12,6,2,12,0,0,0,1,22,70122,6,1,0,0,2,3,65,127,0,0,0,1,1,6,2015,11,2015,4,6,18,23,0,2,2,35,1,1,2,1,0,0,1,66,99,1,1,86,"777777777777","777777777777","777777777777",1,0
22,220600,2,2,1,7,9,19,29,12,6,1,0,22,1,37,32,37032,4,2016,"1HGCR2F56GA2","1","H","G","C","R","2","F","5","6","G","A","2",0,0,0,"000000000","00000000000",0,0,0,1,0,0,0,0,0,0,0,999,0,0,0,81,4,5,12,0,0,0,1,22,70119,6,1,0,0,3,0,63,180,0,0,0,0,0,0,0,0,0,0,0,0,0,0,1,2,25,1,1,2,1,20,3,1,17,1,1,1,87,"777777777777","777777777777","777777777777",0,0
22,220601,1,1,2,21,10,16,40,1,0,1,0,22,1,41,45,41045,1,1992,"JM1NA3516N03","J","M","1","N","A","3","5","1","6","N","0","3",0,0,0,"000000000","00000000000",0,0,0,1,0,0,0,0,0,0,0,55,0,1,5,0,6,2,1,0,0,0,1,22,70442,6,1,0,0,3,0,68,175,0,0,0,0,0,0,0,0,0,0,6,0,0,0,1,2,55,1,1,2,1,0,0,1,13,6,4,4,7,"777777777777","777777777777","777777777777",1,0
22,220602,1,1,1,23,10,23,50,8,0,1,0,22,1,13,1,13001,4,2004,"1LNHM81W14Y6","1","L","N","H","M","8","1","W","1","4","Y","6",0,0,0,"000000000","00000000000",0,0,0,1,0,0,0,0,0,0,0,50,0,0,0,12,6,2,8,0,0,0,1,22,71334,6,1,6,0,3,0,71,250,0,0,0,0,0,0,0,0,0,0,0,0,0,0,2,3,50,1,1,2,1,0,0,1,80,1,1,1,13,"777777777777","777777777777","777777777777",0,0
22,220603,1,1,1,20,11,2,20,32,0,1,0,33,1,52,46,52046,4,2012,"JA32V6FV4CU0","J","A","3","2","V","6","F","V","4","C","U","0",0,0,0,"000000000","00000000000",0,0,0,1,0,0,0,0,0,0,0,55,0,0,0,1,6,2,2,0,0,1,1,22,70611,6,1,0,0,3,0,75,200,0,0,0,0,1,5,2014,5,2014,0,6,0,0,0,1,2,55,1,1,2,1,0,0,1,10,1,1,4,6,"777777777777","777777777777","777777777777",1,1
22,220604,1,1,1,24,11,3,50,32,0,1,0,22,2,37,31,37031,4,2015,"19XFB2F51FE0","1","9","X","F","B","2","F","5","1","F","E","0",0,0,0,"000000000","00000000000",0,0,0,1,0,0,0,0,0,0,0,65,0,0,0,12,6,2,2,0,0,1,1,22,70815,6,1,0,0,3,0,71,250,0,0,0,1,0,2,2016,2,2016,0,6,0,0,0,1,2,55,1,1,2,1,0,0,1,10,1,1,4,6,"777777777777","777777777777","777777777777",1,1
22,220605,1,1,1,25,11,12,16,42,0,1,0,22,1,20,482,20482,31,2007,"3GNEC12057G3","3","G","N","E","C","1","2","0","5","7","G","3",0,0,0,"000000000","00000000000",0,0,0,1,0,0,0,0,0,0,0,45,0,0,0,12,6,2,42,0,0,0,1,22,71277,6,1,6,0,3,0,70,190,0,0,0,0,0,0,0,0,0,0,6,0,0,0,1,2,55,1,1,2,1,20,3,1,14,1,1,4,14,"777777777777","777777777777","777777777777",1,0
22,220606,1,1,1,29,11,16,17,10,0,1,0,22,2,20,481,20481,31,2007,"2GCEK13Z2711","2","G","C","E","K","1","3","Z","2","7","1","1",0,0,0,"000000000","00000000000",0,0,0,1,0,0,0,0,0,0,0,35,0,1,5,12,6,2,10,0,0,0,1,22,71429,6,2,0,0,3,0,68,160,0,0,0,0,0,0,0,0,0,0,38,0,0,0,1,2,35,1,3,2,1,65,3,1,91,15,1,1,15,"777777777777","777777777777","777777777777",1,0
22,220607,1,1,2,24,11,23,9,33,0,1,0,22,2,7,24,7024,4,2012,"2C3CDXBG9CH3","2","C","3","C","D","X","B","G","9","C","H","3",0,0,0,"000000000","00000000000",0,0,0,1,0,0,0,0,0,0,0,998,0,0,0,11,6,2,42,0,0,0,1,22,70560,6,1,0,0,3,0,67,220,0,0,0,0,0,0,0,0,0,2,6,0,0,0,2,2,35,2,1,1,1,0,0,3,6,7,2,4,7,"777777777777","777777777777","777777777777",1,1
22,220608,1,1,1,29,8,13,48,1,0,1,0,28,3,20,884,20884,61,2012,"1GB4CZCL2CF1","1","G","B","4","C","Z","C","L","2","C","F","1",0,0,57,"313121","57313121",2,1,96,1,0,0,0,0,0,0,0,70,0,1,5,0,6,2,32,0,0,0,1,22,70422,6,1,6,0,3,0,69,245,0,0,0,0,0,0,0,0,0,3,6,0,0,0,1,2,55,3,1,2,1,0,0,14,13,6,2,4,7,"777777777777","777777777777","777777777777",1,1
22,220609,1,2,1,21,5,7,20,12,1,1,0,22,2,20,36,20036,2,2001,"2G1WW15E2192","2","G","1","W","W","1","5","E","2","1","9","2",0,0,0,"000000000","00000000000",0,0,0,1,0,0,0,0,0,0,0,999,0,0,0,12,6,2,12,0,0,0,1,22,70461,6,1,0,0,3,0,72,180,0,0,0,0,0,0,0,0,0,9,6,0,0,0,3,3,60,1,1,2,1,0,0,1,51,99,1,1,32,"777777777777","777777777777","777777777777",0,0
22,220609,2,2,1,21,5,7,20,12,1,1,0,22,1,41,51,41051,4,2007,"JM1BK12F9717","J","M","1","B","K","1","2","F","9","7","1","7",0,0,0,"000000000","00000000000",0,0,0,1,0,0,0,0,0,0,0,999,0,0,0,6,6,2,12,0,0,1,1,22,70129,0,0,0,0,0,0,999,999,99,99,99,99,99,99,9999,99,9999,9,99,99,99,99,3,3,60,1,1,2,1,0,0,99,53,99,1,1,32,"777777777777","777777777777","777777777777",1,1
22,220610,1,1,1,31,8,6,20,8,0,1,0,22,1,14,401,14401,14,2005,"4M2DU66W65ZJ","4","M","2","D","U","6","6","W","6","5","Z","J",0,0,0,"000000000","00000000000",0,0,0,1,0,0,0,0,0,0,0,70,0,0,0,12,4,3,8,0,0,0,1,22,70454,0,0,0,0,0,0,999,999,99,99,99,99,99,99,9999,99,9999,0,0,0,0,0,1,2,70,1,1,2,1,0,0,1,81,16,1,1,13,"777777777777","777777777777","777777777777",0,0
22,220611,1,1,2,6,1,17,55,21,0,1,0,22,1,12,401,12401,14,2003,"1FMYU60E63UB","1","F","M","Y","U","6","0","E","6","3","U","B",0,0,0,"000000000","00000000000",0,0,0,1,0,0,0,0,0,0,0,999,0,0,0,12,6,2,21,0,0,0,1,22,70119,6,1,0,0,3,3,67,250,0,0,0,0,0,0,0,0,0,9,99,99,99,99,2,2,35,2,2,1,1,0,0,14,12,99,1,4,10,"777777777777","777777777777","777777777777",1,0
22,220612,1,2,1,18,1,20,10,12,1,1,0,22,1,12,481,12481,31,1997,"1FTDX1762VKC","1","F","T","D","X","1","7","6","2","V","K","C",0,0,0,"000000000","00000000000",0,0,0,1,0,0,0,0,0,0,0,55,0,0,0,12,6,2,12,0,0,0,1,22,70607,6,1,0,0,3,0,67,210,0,1,2,0,1,6,2013,9,2014,5,6,24,0,0,1,2,45,1,1,2,1,0,0,1,51,99,1,1,24,"777777777777","777777777777","777777777777",1,1
22,220612,2,2,1,18,1,20,10,12,1,1,0,0,0,98,998,98998,92,1996,"999999999999","9","9","9","9","9","9","9","9","9","9","9","9",0,0,0,"000000000","00000000000",0,0,0,1,0,0,0,0,0,0,0,14,0,0,0,6,2,3,12,0,0,0,1,22,70607,6,1,0,0,1,0,72,250,0,0,0,1,1,7,2012,7,2012,0,18,45,0,0,1,2,45,1,1,2,1,0,0,1,53,1,1,1,25,"777777777777","777777777777","777777777777",0,1
22,220613,1,2,1,14,4,17,25,12,6,1,0,22,1,20,22,20022,4,2010,"1G1AF5F55A71","1","G","1","A","F","5","F","5","5","A","7","1",0,0,0,"000000000","00000000000",0,0,0,1,0,0,0,0,0,0,0,999,0,0,0,61,6,2,12,0,0,0,1,22,70126,6,1,0,0,3,3,62,170,0,0,0,0,0,0,0,0,0,0,38,0,0,0,1,2,25,1,1,2,1,20,3,1,17,1,1,1,89,"777777777777","777777777777","777777777777",1,0
22,220613,2,2,1,14,4,17,25,12,6,1,0,22,1,7,28,7028,2,2009,"2B3LJ54T39H5","2","B","3","L","J","5","4","T","3","9","H","5",0,0,0,"000000000","00000000000",0,0,0,1,0,0,0,0,0,0,0,999,0,0,0,12,6,2,12,0,0,0,1,22,70002,6,1,0,0,3,0,68,200,0,1,0,1,1,10,2011,11,2013,4,0,0,0,0,1,2,25,1,1,2,1,0,0,1,66,99,1,1,88,"777777777777","777777777777","777777777777",0,0
22,220614,1,2,2,18,4,17,1,12,6,1,0,22,1,63,38,63038,5,2014,"KNAFX4A64E50","K","N","A","F","X","4","A","6","4","E","5","0",0,0,0,"000000000","00000000000",0,0,0,1,0,0,0,0,0,0,0,998,0,0,0,3,4,3,12,0,0,0,1,22,71341,6,1,0,0,3,3,66,180,0,0,0,0,0,0,0,0,0,0,38,0,0,0,2,4,35,1,1,1,2,0,0,11,15,99,1,1,68,"777777777777","777777777777","777777777777",1,0
22,220614,2,2,1,18,4,17,1,12,6,1,0,22,2,20,481,20481,31,2000,"1GCEK14V8YZ2","1","G","C","E","K","1","4","V","8","Y","Z","2",0,0,0,"000000000","00000000000",0,0,0,1,0,0,0,0,0,0,0,998,0,0,0,12,4,3,12,0,0,0,1,22,71360,6,1,0,0,3,0,72,210,0,0,0,0,0,0,0,0,0,0,0,0,0,0,2,4,35,1,1,1,2,0,0,1,62,1,1,1,69,"777777777777","777777777777","777777777777",0,0
22,220615,1,1,2,1,5,19,44,1,0,1,0,22,2,37,734,37734,90,2008,"1HFTE2603847","1","H","F","T","E","2","6","0","3","8","4","7",0,0,0,"000000000","00000000000",0,0,0,1,0,0,0,0,0,0,0,999,0,2,1,0,8,5,1,0,0,0,1,22,70426,6,1,0,0,1,0,70,220,0,0,0,0,0,0,0,0,0,0,6,58,18,0,1,2,30,1,1,2,1,0,0,13,21,98,9,3,98,"777777777777","777777777777","777777777777",1,0
22,220616,1,1,1,8,5,22,38,8,0,1,0,22,2,20,22,20022,4,2007,"1G1AK55F3773","1","G","1","A","K","5","5","F","3","7","7","3",0,0,0,"000000000","00000000000",0,0,0,1,0,0,0,0,0,0,0,998,0,0,0,12,4,5,8,0,0,0,1,22,70812,6,1,0,0,3,0,60,105,0,0,0,0,0,0,0,0,0,0,0,0,0,0,5,6,45,1,1,2,1,3,3,11,80,1,1,1,13,"777777777777","777777777777","777777777777",0,0
22,220617,1,2,1,8,6,23,0,12,2,1,0,22,1,35,49,35049,6,2007,"JN8AZ08T37W5","J","N","8","A","Z","0","8","T","3","7","W","5",0,0,0,"000000000","00000000000",0,0,0,1,0,0,0,0,0,0,0,55,0,1,1,12,6,2,12,0,0,0,1,22,70560,6,1,0,0,3,0,64,145,1,1,0,0,2,6,2015,3,2016,0,28,24,0,0,1,2,55,1,1,2,1,0,0,1,10,99,1,2,50,"777777777777","777777777777","777777777777",0,0
22,220617,2,2,2,8,6,23,0,12,2,1,0,22,1,37,32,37032,4,2004,"1HGCM56814A1","1","H","G","C","M","5","6","8","1","4","A","1",0,0,0,"000000000","00000000000",0,0,0,1,0,0,0,0,0,0,0,55,0,0,0,12,6,2,12,0,0,0,1,22,70518,6,1,0,0,3,0,64,120,0,0,0,0,0,0,0,0,0,0,99,99,99,99,1,2,55,1,1,2,1,0,0,1,62,1,1,1,51,"777777777777","777777777777","777777777777",1,0
22,220618,1,2,1,5,7,16,50,12,7,1,0,48,1,63,33,63033,4,2007,"KNAFE1212754","K","N","A","F","E","1","2","1","2","7","5","4",0,0,0,"000000000","00000000000",0,0,0,1,0,0,0,0,0,0,0,998,1,0,0,62,6,2,12,0,0,0,1,48,71109,6,1,0,0,3,3,999,999,0,0,0,0,1,4,2013,4,2013,0,38,0,0,0,0,0,0,0,0,0,0,0,0,10,16,99,1,7,78,"777777777777","777777777777","777777777777",1,0
22,220618,2,2,1,5,7,16,50,12,7,1,0,18,3,51,881,51881,66,2006,"4V4N19TG86N4","4","V","4","N","1","9","T","G","8","6","N","4",1,1,57,"239039","57239039",3,6,1,1,0,0,0,0,0,0,0,998,0,0,0,83,2,3,12,0,0,0,1,22,71118,6,1,6,0,3,0,67,200,0,0,0,1,2,8,2014,8,2015,5,0,0,0,0,2,4,40,1,1,2,1,0,0,1,70,6,1,2,79,"000000000000","777777777777","777777777777",0,0
22,220619,1,2,1,8,7,15,41,12,1,1,0,22,1,42,999,42999,49,1992,"WDBFA66E8NF0","W","D","B","F","A","6","6","E","8","N","F","0",0,0,0,"000000000","00000000000",0,0,0,1,0,0,0,0,0,0,0,999,0,0,0,12,6,2,12,0,0,0,1,22,71103,6,1,0,0,3,0,72,185,0,0,0,1,0,5,2012,5,2012,9,99,99,99,99,2,2,45,1,1,1,1,0,0,1,51,99,1,1,24,"777777777777","777777777777","777777777777",1,0
22,220619,2,2,1,8,7,15,41,12,1,1,0,22,2,12,24,12024,6,2009,"2FMDK36CX9BA","2","F","M","D","K","3","6","C","X","9","B","A",0,0,0,"000000000","00000000000",0,0,0,1,0,0,0,0,0,0,0,999,0,0,0,6,4,5,12,0,0,0,1,22,71115,6,1,0,0,3,3,73,220,0,0,0,0,0,0,0,0,0,0,0,0,0,0,2,2,45,1,1,1,1,0,0,1,53,1,1,1,25,"777777777777","777777777777","777777777777",0,0
22,220620,1,1,1,13,7,13,46,45,0,1,0,22,1,20,481,20481,31,2002,"2GCEC19V2214","2","G","C","E","C","1","9","V","2","2","1","4",0,0,0,"000000000","00000000000",0,0,0,1,0,0,0,0,0,0,0,45,0,0,0,1,6,2,42,0,0,0,1,22,71082,0,0,0,0,0,0,999,999,99,99,99,99,99,99,9999,99,9999,0,41,0,0,0,1,2,45,3,3,2,1,40,3,6,13,99,1,4,98,"777777777777","777777777777","777777777777",1,0
22,220621,1,2,1,13,10,17,15,12,7,1,0,22,1,41,471,41471,30,1997,"4F4CR12A4VTM","4","F","4","C","R","1","2","A","4","V","T","M",0,0,0,"000000000","00000000000",0,0,0,1,0,0,0,0,0,0,0,70,0,0,0,11,4,3,12,0,0,0,1,22,70441,6,1,0,0,3,0,74,225,0,1,1,0,2,3,2014,11,2015,9,6,0,0,0,3,2,70,1,1,1,1,0,0,15,11,1,1,1,46,"777777777777","777777777777","777777777777",0,0
22,220621,2,2,1,13,10,17,15,12,7,1,0,28,1,49,32,49032,4,2015,"5YFBURHE4FP2","5","Y","F","B","U","R","H","E","4","F","P","2",0,0,0,"000000000","00000000000",0,0,0,1,0,0,0,0,0,0,0,70,0,0,0,7,6,2,12,0,0,1,1,28,39648,6,1,0,0,3,3,57,177,98,0,0,0,0,0,0,0,0,0,99,99,99,99,3,2,70,1,1,1,1,0,0,1,61,1,1,1,45,"777777777777","777777777777","777777777777",1,0
22,220622,1,2,1,22,12,5,11,12,6,1,0,22,1,12,37,12037,4,2015,"1FADP3F2XFL2","1","F","A","D","P","3","F","2","X","F","L","2",0,0,0,"000000000","00000000000",0,0,0,1,0,0,0,0,0,0,0,0,0,0,0,11,6,2,12,0,0,0,1,22,70084,6,1,0,0,3,3,60,300,0,0,0,0,0,0,0,0,0,0,54,24,0,0,2,4,55,1,1,2,1,0,0,5,15,1,1,1,84,"777777777777","777777777777","777777777777",1,0