"STATE","ST_CASE","VEH_NO","VE_FORMS","NUMOCCS","DAY","MONTH","HOUR","MINUTE","HARM_EV","MAN_COLL","UNITTYPE","HIT_RUN","REG_STAT","OWNER","MAKE","MODEL","MAK_MOD","BODY_TYP","MOD_YEAR","VIN","VIN_1","VIN_2","VIN_3","VIN_4","VIN_5","VIN_6","VIN_7","VIN_8","VIN_9","VIN_10","VIN_11","VIN_12","TOW_VEH","J_KNIFE","MCARR_I1","MCARR_I2","MCARR_ID","GVWR","V_CONFIG","CARGO_BT","HAZ_INV","HAZ_PLAC","HAZ_ID","HAZ_CNO","HAZ_REL","BUS_USE","SPEC_USE","EMER_USE","TRAV_SP","UNDERIDE","ROLLOVER","ROLINLOC","IMPACT1","DEFORMED","TOWED","M_HARM","VEH_SC1","VEH_SC2","FIRE_EXP","DR_PRES","L_STATE","DR_ZIP","L_STATUS","L_TYPE","CDL_STAT","L_ENDORS","L_COMPL","L_RESTRI","DR_HGT","DR_WGT","PREV_ACC","PREV_SUS","PREV_DWI","PREV_SPD","PREV_OTH","FIRST_MO","FIRST_YR","LAST_MO","LAST_YR","SPEEDREL","DR_SF1","DR_SF2","DR_SF3","DR_SF4","VTRAFWAY","VNUM_LAN","VSPD_LIM","VALIGN","VPROFILE","VPAVETYP","VSURCOND","VTRAFCON","VTCONT_F","P_CRASH1","P_CRASH2","P_CRASH3","PCRASH4","PCRASH5","ACC_TYPE","TRLR1VIN","TRLR2VIN","TRLR3VIN","DEATHS","DR_DRINK"
22,220622,2,2,1,22,12,5,11,12,6,1,0,22,1,49,52,49052,5,2010,"JTKKU4B42AJ0","J","T","K","K","U","4","B","4","2","A","J","0",0,0,0,"000000000","00000000000",0,0,0,1,0,0,0,0,0,0,0,69,0,0,0,12,6,2,12,0,0,0,1,22,70047,6,1,0,0,3,0,70,200,0,0,0,0,0,0,0,0,0,3,0,0,0,0,2,4,55,1,1,2,1,0,0,1,64,16,1,1,84,"777777777777","777777777777","777777777777",0,0
22,220623,1,2,1,20,12,0,30,12,1,1,1,22,2,20,16,20016,4,2001,"1G1JC5241172","1","G","1","J","C","5","2","4","1","1","7","2",0,0,0,"000000000","00000000000",0,0,0,1,0,0,0,0,0,0,0,80,0,0,0,12,4,3,12,0,0,0,1,48,77025,6,1,0,0,3,0,999,999,0,0,0,0,0,0,0,0,0,3,6,0,0,0,3,2,70,1,1,2,1,0,0,1,51,1,1,1,24,"777777777777","777777777777","777777777777",0,0
22,220623,2,2,5,20,12,0,30,12,1,1,0,22,1,12,422,12422,15,1999,"1FMRU17L0XLA","1","F","M","R","U","1","7","L","0","X","L","A",0,0,0,"000000000","00000000000",0,0,0,1,0,0,0,0,0,0,0,50,0,0,0,6,4,3,12,0,0,0,1,22,30040,0,0,0,0,0,0,999,999,99,99,99,99,99,99,9999,99,9999,0,0,0,0,0,3,2,70,1,1,2,1,0,0,1,53,1,1,1,25,"777777777777","777777777777","777777777777",1,0
22,220624,1,1,1,15,8,22,36,8,0,1,0,22,1,41,471,41471,30,1992,"JM2UF3144N02","J","M","2","U","F","3","1","4","4","N","0","2",0,0,0,"000000000","00000000000",0,0,0,1,0,0,0,0,0,0,0,998,0,0,0,1,0,5,8,0,0,0,1,22,70806,6,1,0,0,3,0,68,160,0,0,0,0,0,0,0,0,0,0,0,0,0,0,1,2,35,1,1,2,1,20,3,11,80,1,1,1,13,"777777777777","777777777777","777777777777",0,0
22,220625,1,1,1,29,8,11,15,35,0,1,0,22,1,37,706,37706,80,2008,"1HFSC47H18A7","1","H","F","S","C","4","7","H","1","8","A","7",0,0,0,"000000000","00000000000",0,0,0,1,0,0,0,0,0,0,0,70,0,0,0,3,6,2,1,0,0,0,1,22,70433,6,1,0,0,3,0,68,227,0,0,0,0,0,0,0,0,0,0,6,0,0,0,3,2,70,1,1,2,1,0,0,16,13,7,9,4,2,"777777777777","777777777777","777777777777",1,0
22,220626,1,1,1,8,9,5,26,9,0,1,0,22,1,23,481,23481,31,2002,"2GTEK19T7211","2","G","T","E","K","1","9","T","7","2","1","1",0,0,0,"000000000","00000000000",0,0,0,1,0,0,0,0,0,0,0,50,0,0,0,11,2,5,9,0,0,0,1,22,71463,6,1,6,0,3,0,70,200,0,0,0,0,0,0,0,0,0,0,0,0,0,0,5,5,50,1,1,1,1,0,0,1,83,1,1,1,13,"777777777777","777777777777","777777777777",0,0
22,220627,1,2,3,10,9,11,51,54,11,1,0,22,1,7,880,7880,67,2014,"3C63RRHL6EG1","3","C","6","3","R","R","H","L","6","E","G","1",0,0,88,"888888888","88888888888",2,1,97,1,0,0,0,0,0,0,0,55,0,0,0,18,0,5,54,0,0,0,1,22,70546,6,1,0,0,3,0,65,160,0,0,0,0,0,0,0,0,0,0,21,0,0,0,1,2,55,1,1,2,1,0,0,1,98,1,1,1,98,"777777777777","777777777777","777777777777",0,0
22,220627,2,2,1,10,9,11,51,54,11,1,0,22,1,72,706,72706,80,2016,"1HD1KDM1XGB6","1","H","D","1","K","D","M","1","X","G","B","6",0,0,0,"000000000","00000000000",0,0,0,1,0,0,0,0,0,0,0,55,0,0,0,12,2,3,5,0,0,0,1,22,70634,6,1,0,0,3,0,73,250,0,0,0,0,0,0,0,0,0,0,0,0,0,0,1,2,55,1,1,2,1,0,0,1,98,1,1,1,98,"777777777777","777777777777","777777777777",1,0
22,220628,1,1,1,20,9,23,40,33,0,1,0,22,1,72,706,72706,80,2016,"1HD1KRM17GB6","1","H","D","1","K","R","M","1","7","G","B","6",0,0,0,"000000000","00000000000",0,0,0,1,0,0,0,0,0,0,0,45,0,0,0,12,2,5,33,0,0,0,1,22,70770,6,1,0,0,3,0,71,180,0,0,0,0,0,0,0,0,0,0,6,0,0,0,2,2,45,1,1,1,1,0,0,1,12,1,1,4,6,"777777777777","777777777777","777777777777",1,1
22,220629,1,1,2,5,10,20,4,8,0,1,0,22,2,6,43,6043,1,2010,"1C3BC5ED4AN1","1","C","3","B","C","5","E","D","4","A","N","1",0,0,0,"000000000","00000000000",0,0,0,1,0,0,0,0,0,0,0,45,0,0,0,1,6,2,8,0,0,0,1,22,70726,6,1,0,0,3,0,68,149,0,0,0,1,1,2,2015,4,2016,0,0,0,0,0,2,2,45,1,1,2,1,0,0,1,80,1,1,1,13,"777777777777","777777777777","777777777777",0,0
22,220630,1,2,1,16,10,15,7,7,0,1,1,22,1,12,471,12471,30,2003,"1FTYR14V23PA","1","F","T","Y","R","1","4","V","2","3","P","A",0,0,0,"000000000","00000000000",0,0,0,1,0,0,0,0,0,0,0,80,0,0,0,0,0,5,7,0,0,0,1,22,70818,6,1,0,0,3,0,66,170,0,0,0,0,0,0,0,0,0,9,91,27,0,0,2,2,70,1,1,2,1,0,0,15,10,1,1,1,0,"777777777777","777777777777","777777777777",0,0
22,220630,2,2,1,16,10,15,7,7,0,1,0,22,1,72,706,72706,80,2015,"1HD1KTM10FB6","1","H","D","1","K","T","M","1","0","F","B","6",0,0,0,"000000000","00000000000",0,0,0,1,0,0,0,0,0,0,0,70,0,0,0,19,6,2,24,0,0,0,1,22,70454,6,1,6,0,3,0,71,200,0,0,0,0,0,0,0,0,0,0,0,0,0,0,2,2,70,1,1,2,1,0,0,1,60,6,1,4,98,"777777777777","777777777777","777777777777",1,0
22,220631,1,1,1,31,10,11,6,32,0,1,0,22,1,20,37,20037,4,2005,"1G1ZT54825F2","1","G","1","Z","T","5","4","8","2","5","F","2",0,0,0,"000000000","00000000000",0,0,0,1,0,0,0,0,0,0,0,999,0,0,0,99,6,2,30,0,0,0,1,22,70818,6,1,0,0,3,0,68,180,0,0,0,0,0,0,0,0,0,9,99,99,99,99,5,3,55,1,1,2,1,0,0,1,13,99,2,4,1,"777777777777","777777777777","777777777777",1,0
22,220632,1,2,2,31,10,15,38,12,6,1,0,22,1,2,407,2407,14,2016,"1C4NJPBA3GD6","1","C","4","N","J","P","B","A","3","G","D","6",0,0,0,"000000000","00000000000",0,0,0,1,0,0,0,0,0,0,0,998,0,0,0,12,2,5,12,0,0,0,1,22,71336,6,1,0,0,3,0,66,180,0,0,0,0,0,0,0,0,0,9,39,0,0,0,1,2,98,1,1,2,1,3,3,2,17,16,1,1,83,"777777777777","777777777777","777777777777",0,0
22,220632,2,2,1,31,10,15,38,12,6,1,0,22,1,12,13,12013,4,2001,"3FAFP13P31R2","3","F","A","F","P","1","3","P","3","1","R","2",0,0,0,"000000000","00000000000",0,0,0,1,0,0,0,0,0,0,0,998,0,0,0,9,6,2,12,0,0,0,1,22,71295,6,1,0,0,3,0,62,120,0,0,0,0,0,0,0,0,0,0,0,0,0,0,1,2,98,1,1,2,1,3,3,11,66,1,1,1,82,"777777777777","777777777777","777777777777",1,0
22,220633,1,1,1,2,11,11,46,9,0,1,1,99,9,20,7,20007,10,9999,"999999999999","9","9","9","9","9","9","9","9","9","9","9","9",0,0,0,"000000000","00000000000",0,0,0,1,0,0,0,0,0,0,0,998,0,0,0,12,9,5,9,0,0,0,1,99,99999,9,9,99,9,9,9,999,999,99,99,99,99,99,99,9999,99,9999,0,6,0,0,0,5,3,40,1,1,2,1,0,0,1,13,1,1,4,13,"777777777777","777777777777","777777777777",0,0
22,220634,1,1,1,5,11,8,50,1,0,1,0,22,1,72,706,72706,80,2001,"1HD1FRW1X1Y6","1","H","D","1","F","R","W","1","X","1","Y","6",0,0,0,"000000000","00000000000",0,0,0,1,0,0,0,0,0,0,0,45,0,0,0,0,6,2,5,0,0,0,1,22,70006,6,1,0,0,3,0,67,178,0,0,0,0,0,0,0,0,0,0,6,0,0,0,6,2,50,1,1,1,1,0,0,98,12,99,2,4,7,"777777777777","777777777777","777777777777",1,0
22,220635,1,2,1,5,11,23,50,12,1,1,0,22,1,72,706,72706,80,2015,"1HD1KBM10FB6","1","H","D","1","K","B","M","1","0","F","B","6",0,0,0,"000000000","00000000000",0,0,0,1,0,0,0,0,0,0,0,998,0,0,0,12,4,3,5,0,0,0,1,22,70401,6,1,0,0,3,0,74,300,0,0,0,2,0,6,2013,11,2014,9,26,0,0,0,2,2,70,1,1,2,1,0,0,15,51,1,1,2,32,"777777777777","777777777777","777777777777",1,0
22,220635,2,2,1,5,11,23,50,12,1,1,0,22,1,72,706,72706,80,2015,"1HD1KRM11FB7","1","H","D","1","K","R","M","1","1","F","B","7",0,0,0,"000000000","00000000000",0,0,0,1,0,0,0,0,0,0,0,70,0,0,0,6,2,5,12,0,0,0,1,22,70454,6,1,0,0,3,0,71,145,0,0,0,0,1,11,2012,11,2012,9,6,0,0,0,2,2,70,1,1,2,1,0,0,15,51,1,1,2,32,"777777777777","777777777777","777777777777",0,1
22,220636,1,2,1,5,11,16,55,12,1,1,0,22,2,20,2,20002,4,2010,"2G1WB5EK2A11","2","G","1","W","B","5","E","K","2","A","1","1",0,0,0,"000000000","00000000000",0,0,0,1,0,0,0,0,0,0,0,998,0,0,0,12,6,2,12,0,0,0,1,22,70560,6,1,0,0,3,0,68,230,0,0,0,0,0,0,0,0,0,0,26,0,0,0,2,2,35,1,1,1,1,0,0,1,51,1,1,1,24,"777777777777","777777777777","777777777777",1,0
22,220636,2,2,2,5,11,16,55,12,1,1,0,22,1,23,481,23481,31,2001,"2GTEC19V6111","2","G","T","E","C","1","9","V","6","1","1","1",0,0,0,"000000000","00000000000",0,0,0,1,0,0,0,0,0,0,0,998,0,0,0,6,2,5,12,0,0,0,1,22,70560,6,1,0,0,3,0,67,181,0,0,0,0,0,0,0,0,0,0,0,0,0,0,2,2,35,1,1,1,1,0,0,1,53,1,1,1,25,"777777777777","777777777777","777777777777",0,0
22,220637,1,2,3,11,11,22,35,12,6,1,0,22,1,49,32,49032,4,2010,"2T1BU4EE7AC4","2","T","1","B","U","4","E","E","7","A","C","4",0,0,0,"000000000","00000000000",0,0,0,1,0,0,0,0,0,0,0,20,0,0,0,9,6,2,12,0,0,0,1,22,70058,6,1,0,0,3,0,61,175,0,0,0,0,0,0,0,0,0,0,38,0,0,0,1,2,20,1,1,8,1,20,3,1,17,1,1,1,89,"777777777777","777777777777","777777777777",1,0
22,220637,2,2,2,11,11,22,35,12,6,1,0,22,2,52,34,52034,4,2003,"4A3AA46GX3E2","4","A","3","A","A","4","6","G","X","3","E","2",0,0,0,"000000000","00000000000",0,0,0,1,0,0,0,0,0,0,0,45,0,0,0,12,6,2,12,0,0,0,1,22,70114,6,1,0,0,3,0,66,200,0,0,0,0,0,0,0,0,0,0,0,0,0,0,2,2,45,1,1,2,1,0,0,1,66,1,1,1,88,"777777777777","777777777777","777777777777",0,0
22,220638,1,2,1,12,11,99,99,12,2,1,0,22,1,49,40,49040,4,2005,"4T1BE32K65U0","4","T","1","B","E","3","2","K","6","5","U","0",0,0,0,"000000000","00000000000",0,0,0,1,0,0,0,0,0,0,0,60,0,0,0,12,6,2,12,32,0,0,1,22,70001,6,1,0,0,3,0,68,230,0,0,0,4,0,4,2012,1,2016,3,6,0,0,0,2,2,40,1,1,2,1,0,0,1,12,10,1,6,50,"777777777777","777777777777","777777777777",1,1
22,220638,2,2,2,12,11,99,99,12,2,1,0,22,1,41,402,41402,14,2008,"4F2CZ02Z08KM","4","F","2","C","Z","0","2","Z","0","8","K","M",0,0,0,"000000000","00000000000",0,0,0,1,0,0,0,0,0,0,0,35,0,1,5,12,6,2,30,0,0,0,1,22,70087,6,1,0,0,3,0,67,170,0,0,0,0,0,0,0,0,0,0,0,0,0,0,2,2,40,1,1,2,1,0,0,1,64,9,1,1,51,"777777777777","777777777777","777777777777",0,0
22,220639,1,2,1,12,11,12,45,12,6,1,0,22,2,37,32,37032,4,2006,"1HGCM56896A1","1","H","G","C","M","5","6","8","9","6","A","1",0,0,0,"000000000","00000000000",0,0,0,1,0,0,0,0,0,0,0,70,0,0,0,1,6,2,12,0,0,0,1,22,70601,1,1,0,0,2,3,76,500,0,0,0,0,0,0,0,0,0,3,28,24,0,0,1,2,45,1,1,2,1,0,0,1,6,99,4,2,64,"777777777777","777777777777","777777777777",1,1
22,220639,2,2,3,12,11,12,45,12,6,1,0,22,2,12,481,12481,31,2008,"1FTPW14V88FA","1","F","T","P","W","1","4","V","8","8","F","A",0,0,0,"000000000","00000000000",0,0,0,1,0,0,0,0,0,0,0,40,0,0,0,10,6,2,12,0,0,0,1,22,70605,6,1,0,0,3,3,71,155,0,0,0,0,0,0,0,0,0,0,0,0,0,0,1,2,45,1,1,2,1,0,0,1,62,7,1,1,65,"777777777777","777777777777","777777777777",0,0
22,220640,1,2,1,17,11,17,3,12,6,1,0,22,1,49,482,49482,31,2004,"5TBRT341X4S4","5","T","B","R","T","3","4","1","X","4","S","4",0,0,0,"000000000","00000000000",0,0,0,1,0,0,0,0,0,0,0,999,0,0,0,1,6,2,12,32,0,0,1,22,70634,6,1,0,0,3,0,67,175,0,0,0,0,0,0,0,0,0,0,6,38,0,0,1,2,55,1,1,2,1,0,0,11,15,1,1,2,68,"777777777777","777777777777","777777777777",1,0
22,220640,2,2,1,17,11,17,3,12,6,1,0,22,3,87,884,87884,66,1999,"1XP5DB9X1XD4","1","X","P","5","D","B","9","X","1","X","D","4",1,1,57,"269887","57269887",3,6,1,1,0,0,0,0,0,0,0,999,0,0,0,82,6,2,12,0,0,0,1,22,71424,6,1,6,0,3,3,72,240,0,0,0,1,1,2,2015,8,2016,0,0,0,0,0,1,2,55,1,1,2,1,0,0,1,62,16,2,1,69,"000000000000","777777777777","777777777777",0,0
22,220641,1,2,1,17,11,6,45,12,6,1,0,28,1,12,17,12017,4,2006,"1FAFP53U36A1","1","F","A","F","P","5","3","U","3","6","A","1",0,0,0,"000000000","00000000000",0,0,0,1,0,0,0,0,0,0,0,20,0,1,5,82,6,2,12,0,0,0,1,28,39204,6,1,0,0,3,0,70,180,98,0,0,0,0,0,0,0,0,0,24,38,39,0,1,2,20,1,1,2,1,20,3,1,17,99,1,1,87,"777777777777","777777777777","777777777777",1,0
22,220641,2,2,1,17,11,6,45,12,6,1,0,93,3,87,884,87884,66,2007,"1XP5DB9X97D6","1","X","P","5","D","B","9","X","9","7","D","6",1,3,57,"0704137","570704137",3,6,10,1,0,0,0,0,0,0,0,55,0,1,5,12,6,2,12,0,0,0,1,22,71358,6,1,6,0,3,0,74,215,0,0,0,1,1,12,2014,2,2015,0,0,0,0,0,1,4,55,1,1,2,1,0,0,1,66,1,1,1,86,"000000000000","777777777777","777777777777",0,0
22,220642,1,1,1,24,11,5,40,42,0,1,0,1,1,12,481,12481,31,2004,"1FTNW21P24EC","1","F","T","N","W","2","1","P","2","4","E","C",0,0,0,"000000000","00000000000",0,0,0,1,0,0,0,0,0,0,0,80,0,0,0,12,6,2,42,0,0,0,1,1,35463,6,1,0,0,3,0,74,215,2,0,0,1,0,1,2012,10,2014,4,6,24,0,0,2,2,70,1,1,2,2,0,0,1,99,99,9,4,10,"777777777777","777777777777","777777777777",1,0
22,220643,1,2,1,18,12,1,55,12,1,1,0,22,6,6,51,6051,4,2007,"2C3KA43R87H6","2","C","3","K","A","4","3","R","8","7","H","6",0,0,0,"000000000","00000000000",0,0,0,1,0,0,0,0,0,0,0,0,0,0,0,6,6,2,12,99,99,0,0,0,99997,7,6,97,7,6,7,998,997,998,998,998,998,998,98,9998,98,9998,8,20,0,0,0,2,4,45,1,1,2,2,0,0,0,53,0,0,0,32,"777777777777","777777777777","777777777777",0,0
22,220643,2,2,1,18,12,1,55,12,1,1,0,22,2,23,481,23481,31,1993,"2GTEC19Z0P15","2","G","T","E","C","1","9","Z","0","P","1","5",0,0,0,"000000000","00000000000",0,0,0,1,0,0,0,0,0,0,0,999,0,0,0,12,4,3,8,0,0,0,1,22,70607,6,1,0,0,3,0,72,170,0,0,0,0,0,0,0,0,0,0,0,0,0,0,2,4,45,1,1,2,2,0,0,1,50,6,1,1,32,"777777777777","777777777777","777777777777",0,0
22,220644,1,1,1,23,12,18,15,35,0,1,0,22,1,37,32,37032,4,2012,"1HGCP3F84CA0","1","H","G","C","P","3","F","8","4","C","A","0",0,0,0,"000000000","00000000000",0,0,0,1,0,0,0,0,0,0,0,55,0,0,0,12,4,3,35,0,0,0,1,22,71111,6,1,0,0,3,3,68,170,0,0,0,0,0,0,0,0,0,0,0,0,0,0,1,2,55,1,1,2,1,0,0,1,8,1,9,4,4,"777777777777","777777777777","777777777777",1,0
22,220645,1,1,1,12,12,8,35,43,0,1,0,22,1,35,51,35051,6,2013,"JN8AS5MT3DW0","J","N","8","A","S","5","M","T","3","D","W","0",0,0,0,"000000000","00000000000",0,0,0,1,0,0,0,0,0,0,0,55,0,0,0,12,6,2,42,0,0,0,1,22,71454,6,1,0,0,3,0,64,150,0,0,0,0,0,0,0,0,0,0,99,99,99,99,1,2,55,3,1,2,1,0,0,14,13,1,1,4,1,"777777777777","777777777777","777777777777",1,0
22,220646,1,2,1,13,12,19,38,12,2,1,0,22,1,49,40,49040,4,2007,"4T1BE46K67U5","4","T","1","B","E","4","6","K","6","7","U","5",0,0,0,"000000000","00000000000",0,0,0,1,0,0,0,0,0,0,0,55,0,0,0,12,6,2,12,0,0,0,1,22,70510,6,1,0,0,3,0,61,135,0,0,0,1,1,4,2015,6,2015,0,6,0,0,0,1,2,55,2,1,2,1,40,3,14,10,1,1,2,50,"777777777777","777777777777","777777777777",1,0
22,220646,2,2,2,13,12,19,38,12,2,1,0,22,1,58,422,58422,15,2014,"JN8AZ2NF0E95","J","N","8","A","Z","2","N","F","0","E","9","5",0,0,0,"000000000","00000000000",0,0,0,1,0,0,0,0,0,0,0,55,0,1,5,12,6,2,12,0,0,0,1,22,70510,6,1,0,0,3,0,67,170,0,0,0,0,0,0,0,0,0,0,0,0,0,0,1,2,55,3,1,2,1,40,3,14,62,6,1,1,51,"777777777777","777777777777","777777777777",0,0
22,220647,1,2,1,15,12,17,50,12,6,1,0,22,2,20,482,20482,31,2007,"3GNEC12097G2","3","G","N","E","C","1","2","0","9","7","G","2",0,0,0,"000000000","00000000000",0,0,0,1,0,0,0,0,0,0,0,16,0,0,0,2,6,2,12,0,0,0,1,22,70737,0,0,0,0,0,0,999,999,0,0,0,0,0,0,0,0,0,0,38,0,0,0,2,3,55,1,1,2,1,3,3,11,15,1,1,1,68,"777777777777","777777777777","777777777777",0,0
22,220647,2,2,2,15,12,17,50,12,6,1,0,22,2,12,17,12017,4,2002,"1FAFP552X2A2","1","F","A","F","P","5","5","2","X","2","A","2",0,0,0,"000000000","00000000000",0,0,0,1,0,0,0,0,0,0,0,58,0,0,0,12,6,2,12,0,0,0,1,22,70090,1,1,0,0,2,0,66,182,0,2,0,0,2,7,2015,10,2015,0,0,0,0,0,2,3,55,1,1,2,1,3,3,1,62,1,1,1,69,"777777777777","777777777777","777777777777",1,1
22,220648,1,1,1,22,12,18,11,42,0,1,0,22,2,72,706,72706,80,2009,"1HD1BX5179Y0","1","H","D","1","B","X","5","1","7","9","Y","0",0,0,0,"000000000","00000000000",0,0,0,1,0,0,0,0,0,0,0,55,0,0,0,12,6,2,42,0,0,0,1,22,71292,0,0,0,0,0,0,71,180,0,0,0,0,0,0,0,0,0,0,6,0,0,0,1,2,55,1,1,2,1,0,0,1,13,1,1,4,1,"777777777777","777777777777","777777777777",1,1
22,220649,1,1,1,25,12,0,54,1,0,1,0,22,1,35,39,35039,4,2000,"JN1CA31D4YT7","J","N","1","C","A","3","1","D","4","Y","T","7",0,0,0,"000000000","00000000000",0,0,0,1,0,0,0,0,0,0,0,35,0,1,5,0,6,2,1,0,0,0,1,22,70586,6,1,0,0,3,0,64,120,0,0,0,0,2,5,2013,5,2013,0,6,0,0,0,1,2,35,1,1,2,1,0,0,1,12,1,1,4,6,"777777777777","777777777777","777777777777",1,1
22,220650,1,2,1,28,12,14,5,12,2,1,0,22,2,41,50,41050,4,2005,"1YVFP80C355M","1","Y","V","F","P","8","0","C","3","5","5","M",0,0,0,"000000000","00000000000",0,0,0,1,0,0,0,0,0,0,0,40,0,0,0,12,6,2,12,0,0,0,1,22,71291,1,1,0,0,2,0,71,230,0,0,0,0,0,0,0,0,0,0,28,0,0,0,1,2,55,1,1,2,1,0,0,1,10,1,1,2,50,"777777777777","777777777777","777777777777",1,0
22,220650,2,2,2,28,12,14,5,12,2,1,0,22,1,37,441,37441,20,2002,"5FNRL18652B0","5","F","N","R","L","1","8","6","5","2","B","0",0,0,0,"000000000","00000000000",0,0,0,1,0,0,0,0,0,0,0,45,0,0,0,12,6,2,12,0,0,0,1,22,71292,6,1,0,0,3,0,69,170,0,0,0,0,2,7,2013,7,2016,0,0,0,0,0,1,2,55,1,1,2,1,0,0,1,62,1,1,1,51,"777777777777","777777777777","777777777777",0,0
22,220651,1,1,1,6,12,21,10,59,0,1,0,22,1,14,6,14006,4,2005,"2MEFM74W45X6","2","M","E","F","M","7","4","W","4","5","X","6",0,0,0,"000000000","00000000000",0,0,0,1,0,0,0,0,0,0,0,70,0,0,0,1,6,2,42,0,0,0,1,22,71055,6,1,0,0,3,0,69,140,0,0,0,0,0,0,0,0,0,4,6,0,0,0,1,2,45,2,1,2,2,40,3,14,12,1,1,4,6,"777777777777","777777777777","777777777777",1,1
22,220652,1,1,1,23,12,22,46,18,0,1,0,22,2,23,481,23481,31,1995,"2GTEC19K5S15","2","G","T","E","C","1","9","K","5","S","1","5",0,0,0,"000000000","00000000000",0,0,0,1,0,0,0,0,0,0,0,80,0,0,0,12,6,2,18,0,0,0,1,22,71032,6,1,0,0,3,0,77,180,0,0,0,1,0,12,2016,12,2016,3,24,39,40,0,1,2,55,1,1,2,2,20,3,1,14,1,1,4,14,"777777777777","777777777777","777777777777",1,0
22,220653,1,2,1,17,12,19,30,12,6,1,0,22,2,98,701,98701,88,2012,"RFVPAP5A4C10","R","F","V","P","A","P","5","A","4","C","1","0",0,0,0,"000000000","00000000000",0,0,0,1,0,0,0,0,0,0,0,998,0,0,0,12,6,2,12,0,0,0,1,22,70115,0,0,0,0,0,0,999,999,0,0,0,0,0,0,0,0,0,9,6,0,0,0,2,3,98,1,1,2,1,50,3,1,56,16,1,1,93,"777777777777","777777777777","777777777777",1,0
22,220653,2,2,1,17,12,19,30,12,6,1,0,40,3,84,884,84884,66,2013,"3HSDJSJR0DN3","3","H","S","D","J","S","J","R","0","D","N","3",1,1,57,"0148974","570148974",3,6,1,1,0,0,0,0,0,0,0,0,0,0,0,8,2,5,12,0,0,0,1,48,77090,6,1,6,9,8,0,999,999,0,0,0,1,0,5,2014,5,2014,0,0,0,0,0,2,3,98,1,1,2,1,50,3,13,53,1,1,1,92,"888888888888","777777777777","777777777777",0,0
22,220654,1,2,3,4,12,17,49,12,6,1,0,22,2,22,18,22018,4,2002,"1G2NF52FX2C2","1","G","2","N","F","5","2","F","X","2","C","2",0,0,0,"000000000","00000000000",0,0,0,1,0,0,0,0,0,0,0,70,0,0,0,3,6,2,12,0,0,0,1,22,70072,1,1,0,0,2,0,70,220,0,3,0,0,3,5,2012,12,2014,0,6,24,0,0,2,3,70,1,1,2,2,0,0,1,60,16,2,4,66,"777777777777","777777777777","777777777777",1,0
22,220654,2,2,3,4,12,17,49,12,6,1,0,22,2,20,404,20404,14,2014,"2GNALBEK8E61","2","G","N","A","L","B","E","K","8","E","6","1",0,0,0,"000000000","00000000000",0,0,0,1,0,0,0,0,0,0,0,70,0,0,0,12,6,2,12,0,0,0,1,22,70127,6,1,0,0,3,0,65,180,0,0,0,0,0,0,0,0,0,0,0,0,0,0,2,3,70,1,1,2,2,0,0,1,64,1,1,1,66,"777777777777","777777777777","777777777777",0,0
22,220655,1,1,1,5,12,17,45,42,0,1,0,22,2,49,32,49032,4,2017,"5YFBURHE1HP5","5","Y","F","B","U","R","H","E","1","H","P","5",0,0,0,"000000000","00000000000",0,0,0,1,0,0,0,0,0,0,0,65,0,0,0,12,6,2,2,0,0,1,1,22,71241,6,2,0,0,3,0,999,999,0,0,0,0,0,0,0,0,0,4,6,0,0,0,1,2,45,2,3,2,2,0,0,14,6,99,2,4,5,"777777777777","777777777777","777777777777",1,0
22,220656,1,2,4,5,12,10,0,12,6,1,0,22,1,6,441,6441,20,2007,"2A4GP54L47R3","2","A","4","G","P","5","4","L","4","7","R","3",0,0,0,"000000000","00000000000",0,0,0,1,0,0,0,0,0,0,0,35,0,0,0,12,6,2,12,0,0,0,1,22,70807,6,1,0,0,3,0,67,239,1,1,0,0,0,3,2015,3,2015,0,28,0,0,0,1,2,55,3,1,2,2,0,0,14,10,1,1,2,66,"777777777777","777777777777","777777777777",1,0
22,220656,2,2,1,5,12,10,0,12,6,1,0,93,3,84,884,84884,66,2009,"2HSCUAPR79C0","2","H","S","C","U","A","P","R","7","9","C","0",1,1,57,"1057053","571057053",3,6,10,1,0,0,0,0,0,0,0,25,0,0,0,7,2,5,12,0,0,0,1,28,39657,6,1,6,9,3,0,69,190,98,0,0,1,0,10,2014,10,2014,0,0,0,0,0,1,2,55,2,1,2,2,0,0,14,62,9,1,4,66,"888888888888","777777777777","777777777777",0,0
22,220657,1,1,1,12,12,14,58,42,0,1,0,28,2,63,34,63034,4,2007,"KNAGE1230751","K","N","A","G","E","1","2","3","0","7","5","1",0,0,0,"000000000","00000000000",0,0,0,1,0,0,0,0,0,0,0,70,0,0,0,11,4,3,42,0,0,0,1,28,39571,6,1,0,0,3,3,68,320,98,0,0,0,0,0,0,0,0,0,24,58,0,0,2,3,70,1,1,2,1,0,0,1,10,7,3,4,2,"777777777777","777777777777","777777777777",1,0