"STATE","ST_CASE","VEH_NO","VE_FORMS","NUMOCCS","DAY","MONTH","HOUR","MINUTE","HARM_EV","MAN_COLL","UNITTYPE","HIT_RUN","REG_STAT","OWNER","MAKE","MODEL","MAK_MOD","BODY_TYP","MOD_YEAR","VIN","VIN_1","VIN_2","VIN_3","VIN_4","VIN_5","VIN_6","VIN_7","VIN_8","VIN_9","VIN_10","VIN_11","VIN_12","TOW_VEH","J_KNIFE","MCARR_I1","MCARR_I2","MCARR_ID","GVWR","V_CONFIG","CARGO_BT","HAZ_INV","HAZ_PLAC","HAZ_ID","HAZ_CNO","HAZ_REL","BUS_USE","SPEC_USE","EMER_USE","TRAV_SP","UNDERIDE","ROLLOVER","ROLINLOC","IMPACT1","DEFORMED","TOWED","M_HARM","VEH_SC1","VEH_SC2","FIRE_EXP","DR_PRES","L_STATE","DR_ZIP","L_STATUS","L_TYPE","CDL_STAT","L_ENDORS","L_COMPL","L_RESTRI","DR_HGT","DR_WGT","PREV_ACC","PREV_SUS","PREV_DWI","PREV_SPD","PREV_OTH","FIRST_MO","FIRST_YR","LAST_MO","LAST_YR","SPEEDREL","DR_SF1","DR_SF2","DR_SF3","DR_SF4","VTRAFWAY","VNUM_LAN","VSPD_LIM","VALIGN","VPROFILE","VPAVETYP","VSURCOND","VTRAFCON","VTCONT_F","P_CRASH1","P_CRASH2","P_CRASH3","PCRASH4","PCRASH5","ACC_TYPE","TRLR1VIN","TRLR2VIN","TRLR3VIN","DEATHS","DR_DRINK"
22,220693,2,2,1,6,10,16,33,12,2,1,0,22,1,20,481,20481,31,1999,"1GCEK19T1XE2","1","G","C","E","K","1","9","T","1","X","E","2",0,0,0,"000000000","00000000000",0,0,0,1,0,0,0,0,0,0,0,999,0,0,0,12,4,3,12,0,0,0,1,22,70072,6,1,0,0,3,0,71,235,0,1,1,0,0,5,2012,8,2012,0,0,0,0,0,1,2,35,1,1,2,1,0,0,1,62,1,1,1,51,"777777777777","777777777777","777777777777",0,0
22,220694,1,2,1,24,12,7,12,1,0,1,0,22,2,37,32,37032,4,2003,"JHMCM56693C0","J","H","M","C","M","5","6","6","9","3","C","0",0,0,0,"000000000","00000000000",0,0,0,1,0,0,0,0,0,0,0,998,0,1,3,0,6,2,12,0,0,0,1,22,70094,6,1,0,0,3,0,70,160,0,0,0,1,2,5,2015,2,2016,9,6,0,0,0,2,2,55,2,1,2,1,0,0,14,12,1,1,4,6,"777777777777","777777777777","777777777777",1,1
22,220694,2,2,1,24,12,7,12,1,0,1,0,22,3,82,881,82881,62,2015,"3ALACWDT3FDG","3","A","L","A","C","W","D","T","3","F","D","G",0,0,57,"1061289","571061289",2,1,96,1,0,0,0,0,0,0,0,45,0,0,0,12,6,2,12,0,0,0,1,22,70094,6,1,6,0,3,0,71,201,0,0,0,0,0,0,0,0,0,0,0,0,0,0,2,2,55,3,1,2,1,0,0,14,64,9,1,1,98,"777777777777","777777777777","777777777777",0,0
22,220695,1,2,2,28,12,17,30,12,2,1,0,22,2,7,482,7482,31,2000,"3B7HF13Y6YG1","3","B","7","H","F","1","3","Y","6","Y","G","1",0,0,0,"000000000","00000000000",0,0,0,1,0,0,0,0,0,0,0,45,0,1,1,12,6,2,12,0,0,0,1,22,70364,6,1,0,0,3,0,69,165,0,0,0,3,8,1,2014,11,2016,0,6,28,0,0,1,2,45,1,1,2,1,0,0,1,10,1,1,2,50,"777777777777","777777777777","777777777777",0,0
22,220695,2,2,3,28,12,17,30,12,2,1,0,22,1,63,401,63401,14,2012,"KNDPB3A21C73","K","N","D","P","B","3","A","2","1","C","7","3",0,0,0,"000000000","00000000000",0,0,0,1,0,0,0,0,0,0,0,45,0,0,0,12,6,2,12,0,0,0,1,22,70051,6,1,0,0,3,0,67,195,0,0,0,0,0,0,0,0,0,0,0,0,0,0,1,2,45,1,1,2,1,0,0,1,62,1,1,1,51,"777777777777","777777777777","777777777777",2,0
22,220696,1,2,1,10,12,99,99,12,1,1,0,51,1,53,706,53706,80,2005,"JS1GT76A0521","J","S","1","G","T","7","6","A","0","5","2","1",0,0,0,"000000000","00000000000",0,0,0,1,0,0,0,0,0,0,0,116,0,0,0,12,6,2,12,0,0,0,1,51,70448,6,1,0,0,2,0,71,195,0,0,0,0,0,0,0,0,0,3,0,0,0,0,3,2,65,1,6,1,1,0,0,1,51,6,1,1,24,"777777777777","777777777777","777777777777",1,1
22,220696,2,2,1,10,12,99,99,12,1,1,0,22,1,35,51,35051,6,2010,"JN8AS5MTXAW0","J","N","8","A","S","5","M","T","X","A","W","0",0,0,0,"000000000","00000000000",0,0,0,1,0,0,0,0,0,0,0,65,0,0,0,6,6,2,12,0,0,0,1,22,70448,6,1,0,0,3,3,65,108,0,0,0,0,0,0,0,0,0,0,0,0,0,0,3,2,65,1,6,1,1,0,0,1,53,1,1,1,25,"777777777777","777777777777","777777777777",0,0
22,220697,1,1,1,20,3,18,44,42,0,1,0,22,2,20,421,20421,15,2002,"1GNEC13Z52R1","1","G","N","E","C","1","3","Z","5","2","R","1",0,0,0,"000000000","00000000000",0,0,0,1,0,0,0,0,0,0,0,52,0,0,0,3,6,2,2,0,0,1,1,22,70722,1,1,0,0,2,0,69,210,0,2,0,1,4,5,2011,3,2013,5,6,0,0,0,1,2,35,2,1,2,1,0,0,14,12,6,4,4,6,"777777777777","777777777777","777777777777",1,0
22,220698,1,1,2,25,6,19,53,58,0,1,0,22,2,34,34,34034,2,2010,"WBAWB3C51AP1","W","B","A","W","B","3","C","5","1","A","P","1",0,0,0,"000000000","00000000000",0,0,0,1,0,0,0,0,0,0,0,46,0,1,2,14,6,2,42,0,0,0,1,22,70815,6,1,0,0,3,0,65,148,0,0,0,0,1,5,2016,5,2016,0,39,6,58,0,1,2,45,1,1,2,1,20,3,1,12,6,1,4,98,"777777777777","777777777777","777777777777",2,1
22,220699,1,1,3,6,11,19,26,8,0,1,0,22,1,7,422,7422,15,2009,"1D8HD48P89F7","1","D","8","H","D","4","8","P","8","9","F","7",0,0,0,"000000000","00000000000",0,0,0,1,0,0,0,0,0,0,0,45,0,0,0,12,2,3,8,0,0,0,1,22,70512,6,1,0,0,3,0,65,270,0,0,0,0,0,0,0,0,0,0,0,0,0,0,1,2,45,1,1,2,1,0,0,1,80,1,1,1,13,"777777777777","777777777777","777777777777",0,0
22,220700,1,1,2,22,11,23,30,8,0,1,0,22,2,55,35,55035,4,2012,"KMHDH4AE4CU3","K","M","H","D","H","4","A","E","4","C","U","3",0,0,0,"000000000","00000000000",0,0,0,1,0,0,0,0,0,0,0,45,0,0,0,1,2,3,8,0,0,0,1,22,70433,6,2,0,0,3,0,63,119,0,0,0,0,0,0,0,0,0,0,0,0,0,0,1,2,45,1,1,2,1,0,0,1,80,6,1,1,13,"777777777777","777777777777","777777777777",0,0
22,220701,1,1,2,3,8,6,10,42,0,1,0,48,2,49,40,49040,4,2007,"4T1BE46K47U5","4","T","1","B","E","4","6","K","4","7","U","5",0,0,0,"000000000","00000000000",0,0,0,1,0,0,0,0,0,0,0,70,0,0,0,9,6,2,42,0,0,0,1,22,70538,1,1,0,0,2,0,71,160,0,0,0,0,0,0,0,0,0,0,6,0,0,0,3,2,70,1,1,2,1,0,0,1,12,7,3,4,2,"777777777777","777777777777","777777777777",1,0
22,220702,1,1,1,22,9,20,35,1,0,1,0,22,2,18,19,18019,4,2015,"2G4GV5EK0F91","2","G","4","G","V","5","E","K","0","F","9","1",0,0,0,"000000000","00000000000",0,0,0,1,0,0,0,0,0,0,0,999,0,1,5,0,6,2,3,0,0,0,1,22,70056,6,1,0,0,3,0,68,150,0,0,0,0,0,0,0,0,0,0,6,0,0,0,2,2,20,1,1,7,1,20,3,10,13,1,1,4,1,"777777777777","777777777777","777777777777",1,1
22,220703,1,1,3,30,9,22,27,38,0,1,0,22,2,63,441,63441,20,2004,"KNDUP1311465","K","N","D","U","P","1","3","1","1","4","6","5",0,0,0,"000000000","00000000000",0,0,0,1,0,0,0,0,0,0,0,998,0,0,0,1,6,2,38,0,0,1,1,22,70814,6,1,0,0,3,0,72,195,0,0,0,0,2,12,2011,11,2012,9,99,99,99,99,2,2,40,1,1,2,1,0,0,1,13,1,1,4,1,"777777777777","777777777777","777777777777",1,0
22,220704,1,1,1,13,10,3,28,42,0,1,0,99,9,55,401,55401,14,2001,"KM8SC83D41U0","K","M","8","S","C","8","3","D","4","1","U","0",0,0,0,"000000000","00000000000",0,0,0,1,0,0,0,0,0,0,0,998,0,0,0,98,6,2,2,0,0,1,1,22,99999,0,0,0,0,0,0,999,999,99,99,99,99,99,99,9999,99,9999,9,99,99,99,99,6,2,45,3,1,1,1,0,0,14,13,99,9,4,5,"777777777777","777777777777","777777777777",1,1
22,220705,1,1,1,13,8,4,24,23,0,1,0,22,2,20,461,20461,21,2007,"1GAHG39U2712","1","G","A","H","G","3","9","U","2","7","1","2",0,0,0,"000000000","00000000000",0,0,0,1,0,0,0,0,0,0,0,63,0,1,5,1,6,2,23,0,0,0,1,22,70072,0,0,0,0,0,0,999,999,0,0,1,0,2,3,2015,3,2015,4,6,0,0,0,3,3,60,1,2,1,2,0,0,15,13,7,1,4,1,"777777777777","777777777777","777777777777",1,1
22,220706,1,1,2,9,9,12,30,31,0,1,0,22,2,49,40,49040,4,2009,"4T1BE46K69U3","4","T","1","B","E","4","6","K","6","9","U","3",0,0,0,"000000000","00000000000",0,0,0,1,0,0,0,0,0,0,0,68,0,0,0,81,6,2,31,0,0,0,1,22,70068,6,1,0,0,3,0,60,115,0,0,0,0,0,0,0,0,0,4,6,0,0,0,3,2,70,1,1,2,2,0,0,1,13,1,2,4,2,"777777777777","777777777777","777777777777",1,0
22,220707,1,2,1,25,12,14,25,12,2,1,0,22,1,7,402,7402,14,2001,"1B4HR28N21F5","1","B","4","H","R","2","8","N","2","1","F","5",0,0,0,"000000000","00000000000",0,0,0,1,0,0,0,0,0,0,0,10,0,1,5,12,6,2,12,0,0,0,1,22,70121,1,1,0,0,2,0,71,175,0,2,0,0,3,1,2014,3,2016,0,6,24,0,0,1,2,35,2,1,2,2,0,0,14,10,1,1,1,50,"777777777777","777777777777","777777777777",0,0
22,220707,2,2,1,25,12,14,25,12,2,1,0,22,1,37,706,37706,80,2009,"JH2RC50499K5","J","H","2","R","C","5","0","4","9","9","K","5",0,0,0,"000000000","00000000000",0,0,0,1,0,0,0,0,0,0,0,35,0,0,0,12,6,2,12,0,0,0,1,22,70067,6,1,0,0,3,0,68,170,0,0,0,0,0,0,0,0,0,0,0,0,0,0,1,2,35,3,1,2,2,0,0,14,62,1,1,1,51,"777777777777","777777777777","777777777777",1,0
22,220708,1,1,2,13,12,13,44,10,0,1,0,22,1,41,35,41035,4,2001,"JM1BJ2257104","J","M","1","B","J","2","2","5","7","1","0","4",0,0,0,"000000000","00000000000",0,0,0,1,0,0,0,0,0,0,0,15,0,1,6,61,6,2,10,0,0,0,1,22,70466,1,1,0,0,2,0,72,165,0,2,1,0,2,9,2012,1,2015,0,39,40,0,0,1,2,45,1,1,2,2,65,3,15,98,1,1,1,98,"777777777777","777777777777","777777777777",2,1
22,220709,1,2,2,29,12,18,20,12,6,1,0,22,1,20,421,20421,15,2005,"1GNEC13T45R1","1","G","N","E","C","1","3","T","4","5","R","1",0,0,0,"000000000","00000000000",0,0,0,1,0,0,0,0,0,0,0,998,0,1,5,10,4,3,12,0,0,0,1,22,70471,6,1,6,0,3,0,69,200,0,0,0,1,0,1,2014,1,2014,0,38,0,0,0,1,2,55,1,1,2,1,20,3,11,15,1,1,1,82,"777777777777","777777777777","777777777777",1,0
22,220709,2,2,1,29,12,18,20,12,6,1,0,22,3,87,884,87884,66,2004,"1XP5DB9X24N8","1","X","P","5","D","B","9","X","2","4","N","8",1,1,57,"561896","57561896",3,6,10,1,0,0,0,0,0,0,0,45,0,0,0,12,2,3,12,0,0,0,1,22,70444,6,1,6,0,3,0,73,246,0,0,0,0,1,11,2013,11,2013,0,0,0,0,0,1,2,55,1,3,2,1,0,0,1,67,16,1,1,83,"888888888888","777777777777","777777777777",0,0
22,220710,1,1,2,16,12,3,0,8,0,1,1,22,1,37,32,37032,4,2016,"1HGCR2F39GA1","1","H","G","C","R","2","F","3","9","G","A","1",0,0,0,"000000000","00000000000",0,0,0,1,0,0,0,0,0,0,0,55,0,0,0,1,2,5,8,0,0,0,1,22,70394,1,1,0,0,2,0,69,172,0,3,0,2,6,5,2012,11,2016,0,28,0,0,0,1,2,55,1,1,2,1,0,0,1,13,1,1,4,1,"777777777777","777777777777","777777777777",0,0
22,220711,1,1,3,10,8,12,7,24,0,1,0,22,2,23,401,23401,14,2003,"1GKDS13S8323","1","G","K","D","S","1","3","S","8","3","2","3",0,0,0,"000000000","00000000000",0,0,0,1,0,0,0,0,0,0,0,60,0,1,1,81,6,2,1,0,0,0,1,22,71342,6,1,0,0,3,0,62,248,0,0,0,0,1,6,2013,6,2013,5,6,24,0,0,1,2,40,1,3,2,1,0,0,1,13,99,1,4,5,"777777777777","777777777777","777777777777",1,0
22,220712,1,2,1,29,7,18,5,12,1,1,0,22,1,35,47,35047,4,2012,"1N4AL2AP8CC2","1","N","4","A","L","2","A","P","8","C","C","2",0,0,0,"000000000","00000000000",0,0,0,1,0,0,0,0,0,0,0,998,0,0,0,12,6,2,12,0,0,1,1,22,71360,6,1,0,0,3,3,68,160,0,0,0,0,0,0,0,0,0,9,99,99,99,99,3,3,60,1,1,1,1,0,0,1,51,99,1,1,32,"777777777777","777777777777","777777777777",0,0
22,220712,2,2,1,29,7,18,5,12,1,1,0,22,2,37,32,37032,4,2001,"1HGCG56431A0","1","H","G","C","G","5","6","4","3","1","A","0",0,0,0,"000000000","00000000000",0,0,0,1,0,0,0,0,0,0,0,998,0,0,0,6,6,2,2,0,0,1,1,22,70802,6,1,0,0,3,3,66,165,0,0,0,0,0,0,0,0,0,9,99,99,99,99,3,3,60,1,1,1,1,0,0,15,53,99,1,1,32,"777777777777","777777777777","777777777777",1,0
22,220713,1,1,2,10,9,0,32,8,0,1,0,22,2,37,32,37032,4,2000,"JHMCG5640YC0","J","H","M","C","G","5","6","4","0","Y","C","0",0,0,0,"000000000","00000000000",0,0,0,1,0,0,0,0,0,0,0,65,0,0,0,12,6,2,8,0,0,0,1,22,70812,6,1,0,0,3,0,69,172,0,0,0,0,0,0,0,0,0,0,0,0,0,0,3,3,60,1,1,1,1,0,0,1,80,16,1,1,13,"777777777777","777777777777","777777777777",0,0
22,220714,1,1,1,5,11,16,45,42,0,1,0,22,1,37,734,37734,90,2006,"JH2TE32066K0","J","H","2","T","E","3","2","0","6","6","K","0",0,0,0,"000000000","00000000000",0,0,0,1,0,0,0,0,0,0,0,998,0,1,5,12,4,5,42,0,0,0,1,22,70427,6,1,0,0,3,0,73,300,0,0,0,2,1,7,2014,2,2015,0,6,0,0,0,1,2,25,1,1,2,1,0,0,1,13,1,1,4,1,"777777777777","777777777777","777777777777",1,0
22,220715,1,1,1,13,11,22,27,34,0,1,0,22,1,37,31,37031,4,2006,"JHMFA16836S0","J","H","M","F","A","1","6","8","3","6","S","0",0,0,0,"000000000","00000000000",0,0,0,1,0,0,0,0,0,0,0,50,0,0,0,11,6,2,42,0,0,0,1,22,71446,6,1,0,0,3,0,71,190,0,0,0,0,0,0,0,0,0,4,6,0,0,0,1,2,35,3,1,2,1,0,0,14,13,1,1,4,1,"777777777777","777777777777","777777777777",1,0
22,220716,1,2,1,28,10,16,40,12,8,1,0,22,1,12,481,12481,31,2014,"1FTFW1EF5EK0","1","F","T","F","W","1","E","F","5","E","K","0",0,0,0,"000000000","00000000000",0,0,0,1,0,0,0,0,0,0,0,998,0,0,0,62,6,2,12,0,0,0,1,22,71238,6,1,6,0,3,0,67,155,0,0,0,1,0,4,2016,4,2016,9,28,51,0,0,5,5,45,1,1,1,1,0,0,1,10,99,1,2,64,"777777777777","777777777777","777777777777",1,0
22,220716,2,2,1,28,10,16,40,12,8,1,0,93,3,87,884,87884,66,2006,"1XP5DB9X86N6","1","X","P","5","D","B","9","X","8","6","N","6",1,1,57,"1569645","571569645",3,6,2,1,0,0,0,0,0,0,0,998,0,0,0,63,6,2,12,0,0,0,1,22,71038,6,1,6,0,3,0,62,165,0,0,0,0,1,11,2014,11,2014,0,0,0,0,0,5,5,45,1,1,1,1,0,0,1,62,99,1,1,65,"000000000000","777777777777","777777777777",0,0
22,220717,1,2,1,20,12,17,58,12,6,1,0,22,1,35,471,35471,30,1996,"1N6SD11S0TC3","1","N","6","S","D","1","1","S","0","T","C","3",0,0,0,"000000000","00000000000",0,0,0,1,0,0,0,0,0,0,0,55,0,0,0,9,6,2,12,0,0,0,1,22,70390,6,1,0,0,3,0,67,170,0,0,0,0,0,0,0,0,0,0,39,0,0,0,1,2,55,1,1,2,1,20,3,1,17,1,1,1,89,"777777777777","777777777777","777777777777",1,0
22,220717,2,2,1,20,12,17,58,12,6,1,0,22,2,49,40,49040,4,2013,"4T4BF1FK3DR3","4","T","4","B","F","1","F","K","3","D","R","3",0,0,0,"000000000","00000000000",0,0,0,1,0,0,0,0,0,0,0,60,0,0,0,12,6,2,12,0,0,0,1,22,70390,6,1,0,0,3,3,67,130,0,0,0,0,0,0,0,0,0,3,6,0,0,0,1,2,55,1,1,2,1,0,0,1,66,16,1,1,88,"777777777777","777777777777","777777777777",0,0
22,220718,1,1,2,28,7,2,10,53,0,1,0,22,2,20,421,20421,15,2004,"1GNEK13Z74R3","1","G","N","E","K","1","3","Z","7","4","R","3",0,0,0,"000000000","00000000000",0,0,0,1,0,0,0,0,0,0,0,91,0,0,0,1,6,2,35,0,0,0,1,48,75954,9,9,99,9,9,9,999,999,99,99,99,99,99,99,9999,99,9999,3,6,0,0,0,1,2,45,2,2,2,1,0,0,14,13,6,2,4,1,"777777777777","777777777777","777777777777",1,1
23,230001,1,1,3,1,1,1,40,8,0,1,1,23,1,7,29,7029,4,2015,"1C3CDFAA1FD2","1","C","3","C","D","F","A","A","1","F","D","2",0,0,0,"000000000","00000000000",0,0,0,1,0,0,0,0,0,0,0,998,0,0,0,12,4,5,8,0,0,0,1,23,4938,6,1,0,0,3,0,71,180,1,0,0,1,2,4,2013,10,2015,0,28,36,0,0,2,4,40,1,1,2,1,0,0,1,80,99,1,9,13,"777777777777","777777777777","777777777777",0,1
23,230002,1,1,1,8,1,23,22,35,0,1,0,23,1,2,405,2405,14,2004,"1J4GL58K44W1","1","J","4","G","L","5","8","K","4","4","W","1",0,0,0,"000000000","00000000000",0,0,0,1,0,0,0,0,0,0,0,998,0,1,5,12,6,2,35,0,0,0,1,23,4282,6,1,0,0,3,3,70,150,0,1,0,0,1,2,2012,7,2012,0,0,0,0,0,1,2,45,1,1,2,1,0,0,1,13,99,1,4,1,"777777777777","777777777777","777777777777",1,1
23,230004,1,1,1,2,1,11,10,42,0,1,0,23,1,37,31,37031,2,2007,"2HGFG11607H5","2","H","G","F","G","1","1","6","0","7","H","5",0,0,0,"000000000","00000000000",0,0,0,1,0,0,0,0,0,0,0,998,0,0,0,12,6,2,42,0,0,0,1,23,4345,6,1,0,0,3,0,72,180,1,0,0,0,1,12,2013,11,2015,0,0,0,0,0,2,2,70,1,1,2,99,0,0,1,12,99,9,4,6,"777777777777","777777777777","777777777777",1,0
23,230005,1,2,1,14,1,14,42,12,2,1,0,23,1,35,51,35051,6,2008,"JN8AS58V68W1","J","N","8","A","S","5","8","V","6","8","W","1",0,0,0,"000000000","00000000000",0,0,0,1,0,0,0,0,0,0,0,998,0,0,0,12,6,2,12,0,0,0,1,23,4239,2,1,0,0,2,3,68,150,2,3,0,0,4,12,2012,2,2015,0,28,0,0,0,1,2,45,3,1,2,1,40,3,14,10,99,1,2,50,"777777777777","777777777777","777777777777",1,1
23,230005,2,2,2,14,1,14,42,12,2,1,0,23,2,32,43,32043,4,2005,"WAULC68E85A1","W","A","U","L","C","6","8","E","8","5","A","1",0,0,0,"000000000","00000000000",0,0,0,1,0,0,0,0,0,0,0,998,0,0,0,12,6,2,12,0,0,0,1,23,4239,6,2,0,0,3,3,74,125,0,0,0,0,0,0,0,0,0,0,0,0,0,0,1,2,45,2,1,2,1,40,3,14,62,8,1,1,51,"777777777777","777777777777","777777777777",0,0
23,230006,1,1,1,7,1,17,30,8,0,1,0,23,2,2,405,2405,14,2006,"1J4GL48KX6W2","1","J","4","G","L","4","8","K","X","6","W","2",0,0,0,"000000000","00000000000",0,0,0,1,0,0,0,0,0,0,0,998,0,0,0,12,2,5,8,0,0,0,1,23,4062,6,1,0,0,3,0,72,300,0,0,0,0,0,0,0,0,0,0,0,0,0,0,1,2,30,1,1,2,1,0,0,1,80,99,1,1,13,"777777777777","777777777777","777777777777",0,0
23,230007,1,1,1,25,1,1,43,34,0,1,0,23,2,51,43,51043,6,2010,"YV4960BZ1A10","Y","V","4","9","6","0","B","Z","1","A","1","0",0,0,0,"000000000","00000000000",0,0,0,1,0,0,0,0,0,0,0,998,0,0,0,12,6,2,34,0,0,0,1,23,4055,6,1,0,0,3,3,70,145,1,0,0,2,0,3,2014,4,2015,3,0,0,0,0,1,2,40,3,1,2,1,0,0,14,13,99,1,4,1,"777777777777","777777777777","777777777777",1,1
23,230009,1,1,3,30,1,14,57,1,0,1,0,23,1,24,401,24401,14,2003,"5GZCZ63B73S8","5","G","Z","C","Z","6","3","B","7","3","S","8",0,0,0,"000000000","00000000000",0,0,0,1,0,0,0,0,0,0,0,998,0,1,5,0,6,2,1,0,0,0,1,23,4281,6,1,0,0,3,0,58,98,0,0,0,0,0,0,0,0,0,3,28,58,0,0,1,2,40,3,1,2,1,0,0,14,6,99,4,4,7,"777777777777","777777777777","777777777777",1,1
23,230010,1,1,1,1,2,22,24,42,0,1,0,23,1,12,401,12401,14,2002,"1FMZU73E52ZA","1","F","M","Z","U","7","3","E","5","2","Z","A",0,0,0,"000000000","00000000000",0,0,0,1,0,0,0,0,0,0,0,998,0,0,0,12,6,2,42,0,0,0,1,23,4287,6,1,0,0,3,0,62,115,0,0,0,0,1,1,2016,1,2016,0,28,0,0,0,1,2,50,1,1,2,1,0,0,1,12,99,1,4,6,"777777777777","777777777777","777777777777",1,0
23,230011,1,1,1,3,2,12,15,1,0,1,0,23,1,7,482,7482,40,1996,"1B7HF16Y2TS6","1","B","7","H","F","1","6","Y","2","T","S","6",0,0,0,"000000000","00000000000",0,0,0,1,0,0,0,0,0,0,0,998,0,2,5,0,6,2,1,0,0,0,1,23,4294,6,1,0,0,3,0,72,270,1,0,0,0,1,10,2013,2,2015,4,58,28,87,0,1,2,35,1,2,2,10,0,0,1,6,99,4,4,7,"777777777777","777777777777","777777777777",1,0
23,230012,1,1,1,7,2,9,31,1,0,1,0,23,1,20,481,20481,31,2008,"2GCEK19J9812","2","G","C","E","K","1","9","J","9","8","1","2",0,0,0,"000000000","00000000000",0,0,0,1,0,0,0,0,0,0,0,998,0,2,6,0,6,2,3,0,0,0,1,23,4487,6,1,0,0,3,3,73,210,0,0,0,0,0,0,0,0,0,0,0,0,0,0,1,2,98,3,4,8,3,0,0,14,8,99,2,4,2,"777777777777","777777777777","777777777777",1,1
23,230013,1,2,1,4,2,7,58,12,2,1,0,23,1,7,482,7482,40,2012,"3C6JD7AT7CG1","3","C","6","J","D","7","A","T","7","C","G","1",0,0,0,"000000000","00000000000",0,0,0,1,0,0,0,0,0,0,0,998,0,0,0,12,6,2,12,0,0,0,1,23,4047,6,1,0,0,3,0,71,180,0,0,0,0,0,0,0,0,0,0,0,0,0,0,1,2,50,1,1,2,1,20,3,1,62,99,1,1,51,"777777777777","777777777777","777777777777",0,0
23,230013,2,2,1,4,2,7,58,12,2,1,1,23,2,7,442,7442,20,2003,"1D4GP25373B1","1","D","4","G","P","2","5","3","7","3","B","1",0,0,0,"000000000","00000000000",0,0,0,1,0,0,0,0,0,0,0,998,9,0,0,12,6,2,12,0,0,0,1,23,4073,6,1,6,0,3,0,76,185,0,0,0,0,0,0,0,0,0,0,28,0,0,0,1,2,50,1,1,2,1,20,3,1,10,99,1,2,50,"777777777777","777777777777","777777777777",1,0
23,230014,1,1,1,12,1,18,46,48,0,1,0,23,1,7,20,7020,4,2005,"1B3ES56C35D1","1","B","3","E","S","5","6","C","3","5","D","1",0,0,0,"000000000","00000000000",0,0,0,1,0,0,0,0,0,0,0,998,0,1,3,3,6,2,48,0,0,0,1,23,4730,6,1,0,0,3,0,66,180,1,0,0,0,3,11,2013,12,2014,0,28,87,0,0,3,2,75,1,1,2,3,0,0,1,5,99,4,4,7,"777777777777","777777777777","777777777777",1,0
23,230015,1,1,1,17,2,6,6,8,0,1,0,23,1,20,403,20403,14,2008,"1GNDT13SX821","1","G","N","D","T","1","3","S","X","8","2","1",0,0,0,"000000000","00000000000",0,0,0,1,0,0,0,0,0,0,0,998,0,0,0,12,2,5,8,0,0,0,1,23,4530,6,1,0,0,3,0,69,210,0,0,0,0,0,0,0,0,0,0,38,0,0,0,1,2,25,1,1,2,1,0,0,1,80,99,1,1,13,"777777777777","777777777777","777777777777",0,0
23,230016,1,2,2,20,2,21,0,12,2,1,0,23,1,2,403,2403,14,2003,"1J4FA69S43P3","1","J","4","F","A","6","9","S","4","3","P","3",0,0,0,"000000000","00000000000",0,0,0,1,0,0,0,0,0,0,0,998,0,0,0,12,6,2,12,0,0,0,1,23,4928,6,1,0,0,3,0,72,169,1,0,0,0,0,3,2013,3,2013,0,28,87,0,0,1,2,55,3,2,2,4,0,0,14,5,6,2,2,50,"777777777777","777777777777","777777777777",1,0
23,230016,2,2,7,20,2,21,0,12,2,1,0,23,1,20,422,20422,15,2009,"1GNFK23039R2","1","G","N","F","K","2","3","0","3","9","R","2",0,0,0,"000000000","00000000000",0,0,0,1,0,0,0,0,0,0,0,998,0,0,0,12,6,2,12,0,0,0,1,23,4938,6,1,0,0,3,0,68,200,0,0,0,0,0,0,0,0,0,0,0,0,0,0,1,2,55,3,2,2,4,0,0,14,62,7,1,1,51,"777777777777","777777777777","777777777777",0,0
23,230017,1,1,3,24,2,1,7,17,0,1,0,23,1,23,481,23481,31,2004,"1GTEK14T84Z1","1","G","T","E","K","1","4","T","8","4","Z","1",0,0,0,"000000000","00000000000",0,0,0,1,0,0,0,0,0,0,0,998,0,1,6,81,6,2,17,0,0,1,1,23,4418,6,1,0,0,3,0,69,225,1,2,2,0,0,6,2013,10,2014,3,28,36,0,0,1,2,45,3,2,2,1,0,0,14,6,99,4,4,7,"777777777777","777777777777","777777777777",1,1
23,230018,1,1,3,27,2,3,43,8,0,1,0,23,1,12,481,12481,31,1999,"2FTRX18W1XCA","2","F","T","R","X","1","8","W","1","X","C","A",0,0,0,"000000000","00000000000",0,0,0,1,0,0,0,0,0,0,0,998,0,0,0,12,2,3,8,0,0,0,1,23,4254,6,1,0,0,3,0,71,160,0,0,0,1,0,2,2013,2,2013,0,0,0,0,0,1,2,45,1,1,2,1,0,0,1,80,6,1,1,13,"777777777777","777777777777","777777777777",0,1
23,230019,1,2,2,11,3,13,39,12,2,1,0,23,0,49,32,49032,4,2009,"1NXBU40E79Z1","1","N","X","B","U","4","0","E","7","9","Z","1",0,0,0,"000000000","00000000000",0,0,0,1,0,0,0,0,0,0,0,77,0,0,0,12,6,2,12,0,0,0,1,23,4222,6,1,0,0,3,0,64,170,0,0,0,0,0,0,0,0,0,3,28,36,0,0,1,2,45,1,1,2,1,0,0,1,10,99,4,2,50,"777777777777","777777777777","777777777777",1,0
23,230019,2,2,2,11,3,13,39,12,2,1,0,23,1,55,402,55402,14,2007,"KM8JN72D27U6","K","M","8","J","N","7","2","D","2","7","U","6",0,0,0,"000000000","00000000000",0,0,0,1,0,0,0,0,0,0,0,998,0,0,0,12,6,2,12,0,0,0,1,23,4079,6,1,0,0,3,0,68,200,1,0,0,0,0,11,2011,11,2011,0,0,0,0,0,1,2,45,1,1,2,1,0,0,1,62,99,1,1,51,"777777777777","777777777777","777777777777",0,0