"STATE","ST_CASE","VEH_NO","VE_FORMS","NUMOCCS","DAY","MONTH","HOUR","MINUTE","HARM_EV","MAN_COLL","UNITTYPE","HIT_RUN","REG_STAT","OWNER","MAKE","MODEL","MAK_MOD","BODY_TYP","MOD_YEAR","VIN","VIN_1","VIN_2","VIN_3","VIN_4","VIN_5","VIN_6","VIN_7","VIN_8","VIN_9","VIN_10","VIN_11","VIN_12","TOW_VEH","J_KNIFE","MCARR_I1","MCARR_I2","MCARR_ID","GVWR","V_CONFIG","CARGO_BT","HAZ_INV","HAZ_PLAC","HAZ_ID","HAZ_CNO","HAZ_REL","BUS_USE","SPEC_USE","EMER_USE","TRAV_SP","UNDERIDE","ROLLOVER","ROLINLOC","IMPACT1","DEFORMED","TOWED","M_HARM","VEH_SC1","VEH_SC2","FIRE_EXP","DR_PRES","L_STATE","DR_ZIP","L_STATUS","L_TYPE","CDL_STAT","L_ENDORS","L_COMPL","L_RESTRI","DR_HGT","DR_WGT","PREV_ACC","PREV_SUS","PREV_DWI","PREV_SPD","PREV_OTH","FIRST_MO","FIRST_YR","LAST_MO","LAST_YR","SPEEDREL","DR_SF1","DR_SF2","DR_SF3","DR_SF4","VTRAFWAY","VNUM_LAN","VSPD_LIM","VALIGN","VPROFILE","VPAVETYP","VSURCOND","VTRAFCON","VTCONT_F","P_CRASH1","P_CRASH2","P_CRASH3","PCRASH4","PCRASH5","ACC_TYPE","TRLR1VIN","TRLR2VIN","TRLR3VIN","DEATHS","DR_DRINK"
23,230020,1,1,1,12,3,23,31,42,0,1,0,25,1,37,31,37031,2,2006,"2HGFG126X6H5","2","H","G","F","G","1","2","6","X","6","H","5",0,0,0,"000000000","00000000000",0,0,0,1,0,0,0,0,0,0,0,998,0,0,0,6,6,2,42,0,0,0,1,25,2359,6,1,0,0,3,3,67,999,0,0,0,0,0,0,0,0,0,3,28,58,0,0,1,2,45,1,2,2,1,0,0,1,13,99,4,4,7,"777777777777","777777777777","777777777777",1,0
23,230021,1,1,1,7,3,13,29,42,0,1,0,23,1,6,441,6441,20,2006,"2A8GP64L76R6","2","A","8","G","P","6","4","L","7","6","R","6",0,0,0,"000000000","00000000000",0,0,0,1,0,0,0,0,0,0,0,998,0,0,0,12,6,2,42,0,0,0,1,23,4915,6,1,0,0,3,0,62,120,0,0,0,0,0,0,0,0,0,4,58,87,0,0,1,2,50,1,1,2,10,0,0,1,6,6,7,4,2,"777777777777","777777777777","777777777777",1,0
23,230022,1,1,2,13,3,16,4,1,0,1,0,23,2,37,733,37733,90,1987,"JH3TF0705HK1","J","H","3","T","F","0","7","0","5","H","K","1",0,0,0,"000000000","00000000000",0,0,0,1,0,0,0,0,0,0,0,998,0,2,2,0,6,2,1,0,0,0,1,23,4450,1,1,0,0,2,0,69,263,0,0,0,0,0,0,0,0,0,4,36,82,0,0,1,2,40,1,1,2,11,0,0,11,6,99,9,5,98,"777777777777","777777777777","777777777777",1,1
23,230023,1,3,3,16,3,11,25,12,1,1,0,23,2,49,442,49442,20,2006,"5TDZA23C26S4","5","T","D","Z","A","2","3","C","2","6","S","4",0,0,0,"000000000","00000000000",0,0,0,1,0,0,0,0,0,0,0,998,0,0,0,12,6,2,12,0,0,0,1,23,4257,6,1,0,0,3,3,67,170,0,0,0,0,0,0,0,0,0,0,38,0,0,0,1,2,50,1,1,2,1,0,0,1,50,99,1,1,20,"777777777777","777777777777","777777777777",0,0
23,230023,2,3,2,16,3,11,25,12,1,1,0,23,2,49,32,49032,4,2007,"2T1BR32EX7C7","2","T","1","B","R","3","2","E","X","7","C","7",0,0,0,"000000000","00000000000",0,0,0,1,0,0,0,0,0,0,0,0,0,0,0,6,6,2,12,0,0,0,1,23,4257,6,1,0,0,3,3,68,235,1,0,0,0,1,6,2011,3,2015,0,0,0,0,0,1,2,50,1,1,2,1,0,0,11,15,99,1,1,21,"777777777777","777777777777","777777777777",1,0
23,230023,3,3,1,16,3,11,25,12,1,1,0,33,2,82,881,82881,66,2012,"1FUBC5DV1CHB","1","F","U","B","C","5","D","V","1","C","H","B",0,0,99,"999999999","99999999999",3,19,98,1,0,0,0,0,0,0,0,998,0,0,0,12,6,2,12,0,0,0,1,23,4938,6,1,6,1,3,0,70,180,0,0,0,0,0,0,0,0,0,0,0,0,0,0,1,2,50,1,1,2,1,0,0,1,62,99,1,1,98,"777777777777","777777777777","777777777777",0,0
23,230024,1,1,1,10,3,22,16,34,0,1,0,23,1,12,24,12024,6,2010,"2FMDK4JC1ABB","2","F","M","D","K","4","J","C","1","A","B","B",0,0,0,"000000000","00000000000",0,0,0,1,0,0,0,0,0,0,0,998,0,0,0,12,6,2,42,0,0,0,1,23,4062,6,1,0,0,3,0,74,230,0,0,0,0,0,0,0,0,0,3,28,0,0,0,1,2,45,1,1,2,2,0,0,1,12,99,2,4,6,"777777777777","777777777777","777777777777",1,0
23,230025,1,5,2,18,3,16,47,1,0,1,0,47,2,82,881,82881,66,1998,"2FUPCSZB1WA9","2","F","U","P","C","S","Z","B","1","W","A","9",1,1,47,"942198","47942198",3,6,3,1,0,0,0,0,0,0,0,998,0,2,1,0,6,2,1,0,0,0,1,51,37743,2,1,1,2,2,9,999,999,0,0,1,1,0,10,2013,1,2014,3,28,0,0,0,1,2,55,2,1,2,1,0,0,14,6,99,3,2,98,"13N148305715","777777777777","777777777777",0,1
23,230025,2,5,1,18,3,16,47,1,0,1,0,23,1,20,473,20473,30,2009,"1GCCS1490981","1","G","C","C","S","1","4","9","0","9","8","1",0,0,0,"000000000","00000000000",0,0,0,1,0,0,0,0,0,0,0,998,0,0,0,62,6,2,12,0,0,0,1,23,4854,6,1,0,0,3,0,69,235,0,0,0,0,0,0,0,0,0,0,0,0,0,0,1,2,55,2,1,2,1,0,0,14,62,99,1,1,98,"777777777777","777777777777","777777777777",1,0
23,230025,3,5,1,18,3,16,47,1,0,1,0,23,1,35,51,35051,6,2014,"5N1AT2MV1EC8","5","N","1","A","T","2","M","V","1","E","C","8",0,0,0,"000000000","00000000000",0,0,0,1,0,0,0,0,0,0,0,998,0,1,6,12,6,2,12,0,0,0,1,23,4862,6,1,0,0,3,3,73,250,0,0,0,0,0,0,0,0,0,0,0,0,0,0,1,2,55,2,1,2,1,0,0,14,62,99,1,1,98,"777777777777","777777777777","777777777777",0,0
23,230025,4,5,1,18,3,16,47,1,0,1,0,23,1,63,402,63402,14,2015,"5XYKTCA6XFG6","5","X","Y","K","T","C","A","6","X","F","G","6",0,0,0,"000000000","00000000000",0,0,0,1,0,0,0,0,0,0,0,998,0,0,0,12,6,2,12,0,0,0,1,23,4574,6,1,0,0,3,0,69,145,0,0,0,0,0,0,0,0,0,0,0,0,0,0,1,2,55,2,1,2,1,0,0,14,62,6,1,1,98,"777777777777","777777777777","777777777777",0,0
23,230025,5,5,1,18,3,16,47,1,0,1,0,23,1,6,441,6441,20,1998,"1C4GP64L3WB6","1","C","4","G","P","6","4","L","3","W","B","6",0,0,0,"000000000","00000000000",0,0,0,1,0,0,0,0,0,0,0,998,0,0,0,12,6,2,12,0,0,1,1,23,4864,6,1,0,0,3,0,66,155,0,0,0,0,0,0,0,0,0,0,0,0,0,0,1,2,55,2,1,2,1,0,0,14,62,99,1,1,98,"777777777777","777777777777","777777777777",1,0
23,230026,1,1,4,20,3,22,50,42,0,1,0,23,2,20,421,20421,15,2013,"1GNSKAE06DR3","1","G","N","S","K","A","E","0","6","D","R","3",0,0,0,"000000000","00000000000",0,0,0,1,0,0,0,0,0,0,0,998,0,0,0,12,6,2,42,0,0,0,1,23,4856,6,7,0,0,3,0,999,999,0,0,0,0,0,0,0,0,0,3,28,58,0,0,1,2,40,1,2,2,1,0,0,1,6,99,2,4,2,"777777777777","777777777777","777777777777",1,0
23,230027,1,2,1,24,3,21,26,12,2,1,0,23,1,7,482,7482,31,2002,"3D7HU18Z72G2","3","D","7","H","U","1","8","Z","7","2","G","2",0,0,0,"000000000","00000000000",0,0,0,1,0,0,0,0,0,0,0,998,0,0,0,12,6,2,12,0,0,0,1,23,4476,6,1,0,0,3,0,73,200,1,0,0,0,2,3,2011,2,2012,0,28,0,0,0,1,2,40,2,1,2,1,0,0,14,10,99,1,2,50,"777777777777","777777777777","777777777777",1,0
23,230027,2,2,1,24,3,21,26,12,2,1,0,42,2,51,881,51881,63,2015,"4V4NC9EH0FN9","4","V","4","N","C","9","E","H","0","F","N","9",0,0,42,"232518618","42232518618",3,1,1,1,0,0,0,0,0,0,0,998,0,0,0,12,6,2,12,0,0,0,1,23,4428,6,1,6,0,3,3,69,250,0,0,0,0,0,0,0,0,0,0,0,0,0,0,1,2,40,2,1,2,1,0,0,14,62,7,1,1,51,"777777777777","777777777777","777777777777",0,0
23,230028,1,1,1,26,3,12,57,14,0,1,0,23,1,12,17,12017,4,2003,"1FAFP55U63A1","1","F","A","F","P","5","5","U","6","3","A","1",0,0,0,"000000000","00000000000",0,0,0,1,0,0,0,0,0,0,0,998,0,0,0,12,6,2,39,0,0,0,1,25,2132,6,1,0,0,3,0,72,999,1,0,0,0,0,12,2015,12,2015,3,0,0,0,0,1,2,25,1,1,2,1,20,3,6,6,99,9,4,2,"777777777777","777777777777","777777777777",1,1
23,230029,1,1,1,25,3,7,26,42,0,1,0,23,1,12,481,12481,31,2012,"1FTFX1ETXCFC","1","F","T","F","X","1","E","T","X","C","F","C",0,0,0,"000000000","00000000000",0,0,0,1,0,0,0,0,0,0,0,998,0,0,0,12,6,2,42,0,0,0,1,23,4088,6,1,0,0,3,0,65,135,1,0,0,2,0,1,2013,11,2015,4,28,0,0,0,1,2,45,3,2,2,4,0,0,14,6,99,9,4,7,"777777777777","777777777777","777777777777",1,1
23,230030,1,1,1,31,3,17,12,9,0,1,0,23,1,20,481,20481,31,2001,"1GCEC14W41Z1","1","G","C","E","C","1","4","W","4","1","Z","1",0,0,0,"000000000","00000000000",0,0,0,1,0,0,0,0,0,0,0,998,0,0,0,12,4,5,9,0,0,0,1,23,4250,6,1,0,0,3,3,67,180,1,0,0,0,0,9,2015,9,2015,0,0,0,0,0,1,2,45,1,1,2,1,0,0,1,13,7,9,5,13,"777777777777","777777777777","777777777777",0,0
23,230031,1,1,1,9,4,5,8,42,0,1,0,23,2,34,34,34034,4,2006,"WBAVD135X6KV","W","B","A","V","D","1","3","5","X","6","K","V",0,0,0,"000000000","00000000000",0,0,0,1,0,0,0,0,0,0,0,998,0,0,0,12,6,2,42,0,0,0,1,23,4107,6,7,0,0,3,0,69,125,0,0,0,0,0,0,0,0,0,3,0,0,0,0,1,2,30,3,1,2,1,0,0,14,6,99,9,4,2,"777777777777","777777777777","777777777777",1,1
23,230032,1,1,1,16,4,15,5,34,0,1,0,23,1,12,481,12481,31,2004,"1FTRX14W54NC","1","F","T","R","X","1","4","W","5","4","N","C",0,0,0,"000000000","00000000000",0,0,0,1,0,0,0,0,0,0,0,998,0,0,0,62,6,2,42,0,0,0,1,23,4406,6,1,0,0,3,3,70,250,0,0,0,0,0,0,0,0,0,0,58,0,0,0,1,2,45,3,2,2,1,28,3,14,8,99,3,4,2,"777777777777","777777777777","777777777777",1,0
23,230033,1,2,1,20,4,13,14,12,2,1,0,23,2,38,882,38882,61,2013,"JALE5W168D79","J","A","L","E","5","W","1","6","8","D","7","9",0,0,23,"010527682","23010527682",2,1,1,1,0,0,0,0,0,0,0,998,0,0,0,12,6,2,12,0,0,0,1,23,4062,1,1,1,2,2,0,73,280,1,1,0,0,1,6,2014,3,2016,0,28,0,0,0,1,2,50,1,1,2,1,0,0,1,10,99,1,2,50,"777777777777","777777777777","777777777777",0,0
23,230033,2,2,1,20,4,13,14,12,2,1,0,23,2,22,32,22032,6,2009,"5Y2SP67899Z4","5","Y","2","S","P","6","7","8","9","9","Z","4",0,0,0,"000000000","00000000000",0,0,0,1,0,0,0,0,0,0,0,998,0,0,0,12,6,2,12,0,0,0,1,23,4040,6,1,0,0,3,3,75,190,0,0,0,0,0,0,0,0,0,0,0,0,0,0,1,2,50,1,1,2,1,0,0,1,62,99,1,1,51,"777777777777","777777777777","777777777777",1,0
23,230034,1,1,1,13,3,1,45,42,0,1,0,23,1,12,481,12481,31,2000,"1FTRX18L8YNA","1","F","T","R","X","1","8","L","8","Y","N","A",0,0,0,"000000000","00000000000",0,0,0,1,0,0,0,0,0,0,0,998,0,0,0,12,6,2,42,0,0,1,1,23,4609,6,1,0,0,3,3,71,175,0,0,0,0,0,0,0,0,0,4,28,0,0,0,1,2,35,2,1,2,1,0,0,14,6,7,3,4,7,"777777777777","777777777777","777777777777",1,1
23,230035,1,2,1,22,4,23,20,12,6,1,0,25,2,35,48,35048,2,2003,"JN1AZ34EX3T0","J","N","1","A","Z","3","4","E","X","3","T","0",0,0,0,"000000000","00000000000",0,0,0,1,0,0,0,0,0,0,0,998,0,1,9,83,6,2,12,0,0,1,1,25,2180,6,1,0,0,3,0,999,999,1,3,1,1,1,4,2011,1,2015,3,58,28,0,0,1,2,50,3,3,2,1,0,0,14,6,99,4,2,64,"777777777777","777777777777","777777777777",1,1
23,230035,2,2,1,22,4,23,20,12,6,1,0,23,1,55,35,55035,5,2005,"KMHDN56D35U1","K","M","H","D","N","5","6","D","3","5","U","1",0,0,0,"000000000","00000000000",0,0,0,1,0,0,0,0,0,0,0,998,0,0,0,12,6,2,12,0,0,1,1,23,4268,6,1,0,0,3,3,62,150,0,0,0,0,0,0,0,0,0,0,0,0,0,0,1,2,50,3,3,2,1,0,0,14,62,99,1,1,65,"777777777777","777777777777","777777777777",0,0
23,230036,1,1,1,30,4,8,3,34,0,1,0,23,1,12,401,12401,14,1998,"1FMZU34EXWZB","1","F","M","Z","U","3","4","E","X","W","Z","B",0,0,0,"000000000","00000000000",0,0,0,1,0,0,0,0,0,0,0,998,0,1,5,12,6,2,34,0,0,0,1,23,4939,6,1,0,0,3,3,62,160,0,0,0,0,0,0,0,0,0,4,0,0,0,0,1,2,45,1,1,4,11,0,0,1,6,99,9,4,2,"777777777777","777777777777","777777777777",1,1
23,230037,1,1,1,21,4,10,38,39,0,1,0,23,1,7,442,7442,20,2013,"2C4RDGCG9DR5","2","C","4","R","D","G","C","G","9","D","R","5",0,0,0,"000000000","00000000000",0,0,0,1,0,0,0,0,0,0,0,998,0,0,0,12,6,2,39,0,0,0,1,23,4429,6,1,0,0,3,3,66,150,0,0,0,0,1,10,2012,10,2012,0,0,0,0,0,6,1,99,2,1,2,1,28,3,14,12,1,1,4,6,"777777777777","777777777777","777777777777",1,0
23,230038,1,2,2,23,4,18,0,12,6,1,0,23,1,12,481,12481,31,2011,"1FT7X2B61BEA","1","F","T","7","X","2","B","6","1","B","E","A",0,0,0,"000000000","00000000000",0,0,0,1,0,0,0,0,0,0,0,998,0,0,0,12,6,2,12,0,0,0,1,23,4427,6,1,0,0,3,0,68,140,0,0,0,0,0,0,0,0,0,0,39,0,0,0,1,2,45,1,1,2,1,20,3,1,19,99,1,1,88,"777777777777","777777777777","777777777777",0,0
23,230038,2,2,1,23,4,18,0,12,6,1,0,23,1,37,32,37032,4,2012,"1HGCP2F30CA1","1","H","G","C","P","2","F","3","0","C","A","1",0,0,0,"000000000","00000000000",0,0,0,1,0,0,0,0,0,0,0,998,0,0,0,62,6,2,12,0,0,0,1,23,4427,6,1,0,0,3,3,66,245,0,0,0,0,0,0,0,0,0,0,0,0,0,0,1,2,45,1,1,2,1,0,0,1,66,99,1,1,89,"777777777777","777777777777","777777777777",1,0
23,230039,1,1,5,2,5,15,39,52,0,1,0,23,1,37,32,37032,4,2005,"1HGCM56755A1","1","H","G","C","M","5","6","7","5","5","A","1",0,0,0,"000000000","00000000000",0,0,0,1,0,0,0,0,0,0,0,998,0,0,0,6,6,2,52,0,0,0,1,23,4073,6,1,0,0,3,0,64,180,1,0,0,0,1,2,2014,8,2014,4,0,0,0,0,2,3,70,1,1,2,2,0,0,15,6,99,3,4,2,"777777777777","777777777777","777777777777",1,0
23,230040,1,2,1,2,5,16,29,12,6,1,0,23,1,30,40,30040,4,2000,"3VWSC29M8YM0","3","V","W","S","C","2","9","M","8","Y","M","0",0,0,0,"000000000","00000000000",0,0,0,1,0,0,0,0,0,0,0,998,0,0,0,82,6,2,12,0,0,0,1,23,4938,6,1,0,0,3,0,70,180,2,1,0,1,1,10,2011,11,2015,0,28,0,0,0,1,2,45,3,1,2,2,0,0,14,5,99,4,2,64,"777777777777","777777777777","777777777777",1,0
23,230040,2,2,1,2,5,16,29,12,6,1,0,23,2,49,482,49482,31,2012,"5TFUY5F10CX2","5","T","F","U","Y","5","F","1","0","C","X","2",0,0,0,"000000000","00000000000",0,0,0,1,0,0,0,0,0,0,0,998,0,0,0,12,6,2,12,0,0,0,1,23,4258,6,1,0,0,3,0,72,210,0,0,0,1,0,5,2016,5,2016,0,0,0,0,0,1,2,45,3,1,2,2,0,0,14,62,9,1,1,65,"777777777777","777777777777","777777777777",0,0
23,230041,1,1,1,3,5,19,59,42,0,1,0,23,2,20,443,20443,20,2001,"1GNDX03E91D2","1","G","N","D","X","0","3","E","9","1","D","2",0,0,0,"000000000","00000000000",0,0,0,1,0,0,0,0,0,0,0,998,0,0,0,12,6,2,42,0,0,0,1,23,4087,6,1,0,0,3,0,62,190,0,0,0,0,0,0,0,0,0,0,0,0,0,0,1,2,25,3,1,2,1,0,0,14,13,99,1,4,1,"777777777777","777777777777","777777777777",1,1
23,230042,1,2,1,4,5,12,31,12,2,1,0,23,2,98,804,98804,63,2013,"5KKXAF006DPB","5","K","K","X","A","F","0","0","6","D","P","B",0,0,23,"010400294","23010400294",3,2,8,1,0,0,0,0,0,0,0,998,0,0,0,12,6,2,12,0,0,1,1,23,4924,6,1,6,1,3,0,72,200,0,0,0,1,1,12,2013,4,2015,0,0,0,0,0,1,2,45,3,1,2,2,0,0,14,62,7,1,1,51,"777777777777","777777777777","777777777777",0,0
23,230042,2,2,1,4,5,12,31,12,2,1,0,23,1,22,19,22019,2,2007,"1G2AL15F1774","1","G","2","A","L","1","5","F","1","7","7","4",0,0,0,"000000000","00000000000",0,0,0,1,0,0,0,0,0,0,0,998,0,0,0,12,6,2,12,0,0,0,1,23,4047,6,1,0,0,3,0,999,999,0,0,0,0,0,0,0,0,0,0,28,0,0,0,1,2,45,3,1,2,2,0,0,14,10,99,1,2,50,"777777777777","777777777777","777777777777",1,0
23,230043,1,1,1,4,5,13,22,34,0,1,0,23,1,63,37,63037,6,2010,"KNDJT2A24A70","K","N","D","J","T","2","A","2","4","A","7","0",0,0,0,"000000000","00000000000",0,0,0,1,0,0,0,0,0,0,0,998,0,1,5,61,6,2,1,0,0,0,1,23,4555,6,1,0,0,3,0,67,150,0,0,0,0,0,0,0,0,0,0,58,0,0,0,1,2,55,3,1,2,1,0,0,14,8,6,3,4,2,"777777777777","777777777777","777777777777",1,1
23,230044,1,1,1,24,4,12,4,34,0,1,0,23,1,37,706,37706,80,1996,"1HFSC1808TA0","1","H","F","S","C","1","8","0","8","T","A","0",0,0,0,"000000000","00000000000",0,0,0,1,0,0,0,0,0,0,0,998,0,0,0,12,6,2,34,0,0,0,1,23,4350,6,1,0,0,3,3,71,165,0,0,0,0,0,0,0,0,0,3,36,0,0,0,1,2,35,3,4,2,1,0,0,14,6,99,9,4,2,"777777777777","777777777777","777777777777",1,0
23,230045,1,2,1,13,5,11,16,12,2,1,0,25,1,30,40,30040,6,2011,"3VWPL7AJ1BM6","3","V","W","P","L","7","A","J","1","B","M","6",0,0,0,"000000000","00000000000",0,0,0,1,0,0,0,0,0,0,0,998,0,0,0,12,6,2,12,0,0,0,1,25,2420,6,1,0,0,3,0,68,999,1,0,0,1,0,6,2011,9,2014,0,28,0,0,0,1,2,50,3,2,2,1,0,0,14,10,99,1,4,50,"777777777777","777777777777","777777777777",0,0
23,230045,2,2,2,13,5,11,16,12,2,1,0,23,1,13,1,13001,4,2006,"1LNHM82V36Y6","1","L","N","H","M","8","2","V","3","6","Y","6",0,0,0,"000000000","00000000000",0,0,0,1,0,0,0,0,0,0,0,998,0,0,0,12,6,2,12,0,0,0,1,23,4539,6,1,0,0,3,0,69,185,0,0,0,0,0,0,0,0,0,0,0,0,0,0,1,2,50,3,2,2,1,0,0,14,62,7,1,4,51,"777777777777","777777777777","777777777777",1,0
23,230046,1,1,4,14,5,0,5,1,0,1,0,23,2,22,22,22022,4,2008,"1G2ZF57BX841","1","G","2","Z","F","5","7","B","X","8","4","1",0,0,0,"000000000","00000000000",0,0,0,1,0,0,0,0,0,0,0,80,0,2,5,0,6,2,1,0,0,0,1,23,4915,1,1,0,0,2,3,63,130,0,0,0,0,0,0,0,0,0,3,28,58,0,0,1,2,45,1,2,2,2,0,0,1,6,6,4,4,7,"777777777777","777777777777","777777777777",1,1
23,230047,1,1,3,20,5,20,52,42,0,1,0,23,1,48,38,48038,4,2000,"JF1GC6758YH5","J","F","1","G","C","6","7","5","8","Y","H","5",0,0,0,"000000000","00000000000",0,0,0,1,0,0,0,0,0,0,0,998,0,0,0,12,6,2,42,0,0,0,1,23,4463,6,1,0,0,3,0,62,110,0,0,0,0,0,0,0,0,0,4,28,0,0,0,1,2,40,2,1,2,1,0,0,14,6,99,2,4,7,"777777777777","777777777777","777777777777",1,0
23,230048,1,1,1,17,5,20,36,8,0,1,0,23,1,37,701,37701,88,2007,"JH2AF60077K5","J","H","2","A","F","6","0","0","7","7","K","5",0,0,0,"000000000","00000000000",0,0,0,1,0,0,0,0,0,0,0,999,0,0,0,12,4,5,8,0,0,0,1,23,4102,6,1,0,0,3,0,64,130,0,0,0,0,0,0,0,0,0,0,0,0,0,0,1,2,30,1,1,2,1,0,0,1,80,99,1,1,13,"777777777777","777777777777","777777777777",0,1
23,230049,1,1,1,25,5,17,52,34,0,1,0,23,1,72,706,72706,80,2005,"1HD1FXV115Y7","1","H","D","1","F","X","V","1","1","5","Y","7",0,0,0,"000000000","00000000000",0,0,0,1,0,0,0,0,0,0,0,998,0,0,0,99,6,2,34,0,0,0,1,23,4268,6,1,0,0,3,0,66,170,1,0,0,0,0,12,2012,12,2012,0,0,0,0,0,1,2,50,3,1,2,1,0,0,14,13,99,1,4,1,"777777777777","777777777777","777777777777",1,0
23,230050,1,1,1,25,5,16,6,42,0,1,0,23,1,51,42,51042,4,1996,"YV1LS5548T22","Y","V","1","L","S","5","5","4","8","T","2","2",0,0,0,"000000000","00000000000",0,0,0,1,0,0,0,0,0,0,0,998,0,1,5,12,6,2,42,0,0,0,1,23,4345,6,1,0,0,3,0,69,185,0,0,0,0,0,0,0,0,0,0,28,0,0,0,1,2,45,1,4,2,1,0,0,1,12,99,1,4,6,"777777777777","777777777777","777777777777",1,1
23,230051,1,1,1,27,5,0,50,33,0,1,0,23,2,72,706,72706,80,2013,"1HD1LC315DC4","1","H","D","1","L","C","3","1","5","D","C","4",0,0,0,"000000000","00000000000",0,0,0,1,0,0,0,0,0,0,0,998,0,0,0,98,4,3,42,0,0,0,1,23,4353,6,1,0,0,3,0,71,200,0,0,0,1,1,6,2011,11,2014,3,0,0,0,0,1,2,25,3,1,2,1,0,0,14,6,99,9,4,2,"777777777777","777777777777","777777777777",1,1
23,230052,1,2,1,31,5,18,32,12,2,1,0,23,1,7,442,7442,20,1994,"2B6HB21X1RK1","2","B","6","H","B","2","1","X","1","R","K","1",0,0,0,"000000000","00000000000",0,0,0,1,0,0,0,0,0,0,0,998,0,0,0,12,6,2,12,0,0,0,1,23,4039,6,1,0,0,3,0,70,185,1,0,0,0,0,5,2014,5,2014,0,28,0,0,0,1,2,45,3,2,2,1,0,0,14,10,99,1,2,50,"777777777777","777777777777","777777777777",1,0
23,230052,2,2,1,31,5,18,32,12,2,1,0,23,1,20,481,20481,31,2003,"1GCHK24U23E1","1","G","C","H","K","2","4","U","2","3","E","1",0,0,0,"000000000","00000000000",0,0,0,1,0,0,0,0,0,0,0,998,0,0,0,12,6,2,12,0,0,0,1,23,4236,6,1,0,0,3,0,69,200,0,0,0,1,0,7,2015,7,2015,0,0,0,0,0,1,2,45,3,2,2,1,0,0,14,62,99,1,1,51,"777777777777","777777777777","777777777777",0,0
23,230053,1,3,1,6,6,8,28,12,8,1,0,23,1,12,481,12481,31,2005,"1FTSX21535EA","1","F","T","S","X","2","1","5","3","5","E","A",0,0,0,"000000000","00000000000",0,0,0,1,0,0,0,0,0,0,0,998,0,0,0,12,6,2,12,0,0,0,1,23,4062,6,1,0,0,3,0,67,185,2,0,0,1,6,10,2012,12,2015,0,28,0,0,0,1,2,40,1,1,2,1,0,0,11,10,99,1,2,68,"777777777777","777777777777","777777777777",1,0
23,230053,2,3,1,6,6,8,28,12,8,1,0,23,2,98,809,98809,63,2007,"2FZHAWDJ67AY","2","F","Z","H","A","W","D","J","6","7","A","Y",1,1,23,"010417645","23010417645",3,4,4,1,0,0,0,0,0,0,0,998,0,0,0,7,6,2,12,0,0,0,1,23,4096,6,1,6,1,3,0,74,200,0,0,0,0,1,11,2012,11,2012,0,0,0,0,0,1,2,40,1,1,2,1,0,0,1,66,99,1,1,69,"112H8V3283L0","777777777777","777777777777",0,0
23,230053,3,3,1,6,6,8,28,12,8,1,0,23,1,37,31,37031,2,2010,"2HGFG1B63AH5","2","H","G","F","G","1","B","6","3","A","H","5",0,0,0,"000000000","00000000000",0,0,0,1,0,0,0,0,0,0,0,998,0,0,0,7,6,2,12,0,0,0,1,23,4015,6,1,0,0,3,0,65,155,0,0,0,0,0,0,0,0,0,0,0,0,0,0,1,2,40,1,1,2,1,0,0,1,66,99,1,1,98,"777777777777","777777777777","777777777777",0,0
23,230054,1,2,2,7,6,12,56,12,2,1,0,23,2,12,401,12401,14,2000,"1FMZU73X7YUB","1","F","M","Z","U","7","3","X","7","Y","U","B",0,0,0,"000000000","00000000000",0,0,0,1,0,0,0,0,0,0,0,998,0,0,0,12,6,2,12,0,0,0,1,23,4352,6,1,0,0,3,0,62,128,0,0,0,1,1,9,2014,3,2015,0,58,28,0,0,1,2,45,3,2,2,2,0,0,14,9,99,9,2,50,"777777777777","777777777777","777777777777",1,0
23,230054,2,2,2,7,6,12,56,12,2,1,0,23,2,12,481,12481,31,2016,"1FT7X2B69GEA","1","F","T","7","X","2","B","6","9","G","E","A",0,0,0,"000000000","00000000000",0,0,0,1,0,0,0,0,0,0,0,998,0,0,0,12,6,2,12,0,0,0,1,23,4971,6,1,0,0,3,0,72,220,0,0,0,0,0,0,0,0,0,0,0,0,0,0,1,2,45,3,2,2,2,0,0,14,62,99,1,1,51,"777777777777","777777777777","777777777777",0,0
23,230055,1,2,1,11,6,22,22,12,2,1,0,23,1,73,705,73705,80,2007,"JKAZX4J197A0","J","K","A","Z","X","4","J","1","9","7","A","0",0,0,0,"000000000","00000000000",0,0,0,1,0,0,0,0,0,0,0,998,0,0,0,12,4,9,12,0,0,0,1,23,4101,6,1,0,0,2,0,67,155,0,3,1,2,6,1,2013,10,2015,0,0,0,0,0,1,2,35,1,1,2,1,0,0,1,66,99,1,1,69,"777777777777","777777777777","777777777777",1,1
23,230055,2,2,1,11,6,22,22,12,2,1,1,23,1,23,481,23481,31,2005,"2GTEK13T3513","2","G","T","E","K","1","3","T","3","5","1","3",0,0,0,"000000000","00000000000",0,0,0,1,0,0,0,0,0,0,0,998,0,0,0,12,4,5,12,0,0,0,1,23,4252,6,1,0,0,3,0,69,160,0,0,0,1,0,9,2014,9,2014,0,38,28,0,0,1,2,35,1,1,2,1,0,0,11,15,99,1,2,68,"777777777777","777777777777","777777777777",0,0