"STATE","ST_CASE","VEH_NO","VE_FORMS","NUMOCCS","DAY","MONTH","HOUR","MINUTE","HARM_EV","MAN_COLL","UNITTYPE","HIT_RUN","REG_STAT","OWNER","MAKE","MODEL","MAK_MOD","BODY_TYP","MOD_YEAR","VIN","VIN_1","VIN_2","VIN_3","VIN_4","VIN_5","VIN_6","VIN_7","VIN_8","VIN_9","VIN_10","VIN_11","VIN_12","TOW_VEH","J_KNIFE","MCARR_I1","MCARR_I2","MCARR_ID","GVWR","V_CONFIG","CARGO_BT","HAZ_INV","HAZ_PLAC","HAZ_ID","HAZ_CNO","HAZ_REL","BUS_USE","SPEC_USE","EMER_USE","TRAV_SP","UNDERIDE","ROLLOVER","ROLINLOC","IMPACT1","DEFORMED","TOWED","M_HARM","VEH_SC1","VEH_SC2","FIRE_EXP","DR_PRES","L_STATE","DR_ZIP","L_STATUS","L_TYPE","CDL_STAT","L_ENDORS","L_COMPL","L_RESTRI","DR_HGT","DR_WGT","PREV_ACC","PREV_SUS","PREV_DWI","PREV_SPD","PREV_OTH","FIRST_MO","FIRST_YR","LAST_MO","LAST_YR","SPEEDREL","DR_SF1","DR_SF2","DR_SF3","DR_SF4","VTRAFWAY","VNUM_LAN","VSPD_LIM","VALIGN","VPROFILE","VPAVETYP","VSURCOND","VTRAFCON","VTCONT_F","P_CRASH1","P_CRASH2","P_CRASH3","PCRASH4","PCRASH5","ACC_TYPE","TRLR1VIN","TRLR2VIN","TRLR3VIN","DEATHS","DR_DRINK"
24,240091,1,1,3,13,1,8,34,8,0,1,0,24,3,52,882,52882,63,2005,"JL6FJJ1E35K0","J","L","6","F","J","J","1","E","3","5","K","0",0,0,88,"888888888","88888888888",3,1,7,1,0,0,0,0,0,0,0,998,0,0,0,10,0,5,8,0,0,0,1,24,21230,6,1,6,0,3,0,74,200,0,1,0,0,0,8,2015,8,2015,0,38,0,0,0,2,2,30,1,1,2,1,50,8,11,80,99,1,1,13,"777777777777","777777777777","777777777777",0,0
24,240092,1,1,1,22,4,0,9,30,0,1,0,24,1,37,402,37402,14,2013,"5J6RM3H31DL0","5","J","6","R","M","3","H","3","1","D","L","0",0,0,0,"000000000","00000000000",0,0,0,1,0,0,0,0,0,0,0,998,0,0,0,1,6,2,30,0,0,0,1,24,21040,6,1,0,0,3,0,66,179,0,0,0,0,0,0,0,0,0,0,6,41,0,0,1,2,40,1,5,2,1,0,0,1,12,99,1,4,10,"777777777777","777777777777","777777777777",1,1
24,240093,1,1,1,23,4,15,37,42,0,1,0,24,1,34,35,34035,4,2002,"WBADT43412GY","W","B","A","D","T","4","3","4","1","2","G","Y",0,0,0,"000000000","00000000000",0,0,0,1,0,0,0,0,0,0,0,998,0,0,0,12,6,2,42,0,0,0,1,24,21140,6,1,0,0,3,0,71,200,0,0,0,0,0,0,0,0,0,0,0,0,0,0,1,2,35,2,6,2,1,0,0,1,12,99,1,4,6,"777777777777","777777777777","777777777777",1,0
24,240094,1,1,1,24,4,23,0,8,0,1,0,24,2,49,47,49047,6,2004,"2T1KR32E24C2","2","T","1","K","R","3","2","E","2","4","C","2",0,0,0,"000000000","00000000000",0,0,0,1,0,0,0,0,0,0,0,998,0,0,0,12,4,3,8,0,0,0,1,24,20640,6,1,0,0,3,0,67,190,0,0,0,0,0,0,0,0,0,0,0,0,0,0,3,2,50,1,1,2,1,0,0,1,80,99,1,1,13,"777777777777","777777777777","777777777777",0,0
24,240095,1,3,2,17,4,20,55,12,6,1,0,24,2,35,47,35047,4,2010,"1N4BL2AP4AN5","1","N","4","B","L","2","A","P","4","A","N","5",0,0,0,"000000000","00000000000",0,0,0,1,0,0,0,0,0,0,0,0,0,0,0,7,6,2,12,0,0,0,1,24,20646,6,1,0,0,3,0,75,250,0,0,0,0,0,0,0,0,0,0,6,54,0,0,2,2,55,2,3,2,1,0,0,5,17,99,1,1,89,"777777777777","777777777777","777777777777",0,0
24,240095,2,3,1,17,4,20,55,12,6,1,0,24,2,72,706,72706,80,2013,"1HD1GZM13DC3","1","H","D","1","G","Z","M","1","3","D","C","3",0,0,0,"000000000","00000000000",0,0,0,1,0,0,0,0,0,0,0,998,0,0,0,12,6,2,12,0,0,0,1,24,20636,6,1,6,0,3,0,71,275,0,0,0,0,0,0,0,0,0,3,6,27,36,0,2,2,55,2,1,2,1,0,0,1,50,99,1,1,88,"777777777777","777777777777","777777777777",1,0
24,240095,3,3,1,17,4,20,55,12,6,1,0,24,2,20,401,20401,14,2002,"1GNET16S3261","1","G","N","E","T","1","6","S","3","2","6","1",0,0,0,"000000000","00000000000",0,0,0,1,0,0,0,0,0,0,0,998,0,0,0,8,4,5,12,0,0,0,1,24,20636,6,1,0,0,3,0,62,105,0,0,0,1,0,10,2014,10,2014,0,0,0,0,0,2,2,55,2,1,2,1,0,0,8,62,99,1,1,98,"777777777777","777777777777","777777777777",0,0
24,240096,1,2,1,17,4,6,56,12,2,1,0,24,1,12,481,12481,31,2005,"1FTPX14525FB","1","F","T","P","X","1","4","5","2","5","F","B",0,0,0,"000000000","00000000000",0,0,0,1,0,0,0,0,0,0,0,998,0,1,1,12,6,2,12,0,0,0,1,24,21617,6,1,0,0,3,0,72,190,0,0,0,0,1,2,2015,2,2015,0,28,6,0,0,1,2,40,3,6,2,1,0,0,1,10,1,1,2,50,"777777777777","777777777777","777777777777",0,0
24,240096,2,2,1,17,4,6,56,12,2,1,0,24,2,54,39,54039,4,2006,"JH4CL96996C0","J","H","4","C","L","9","6","9","9","6","C","0",0,0,0,"000000000","00000000000",0,0,0,1,0,0,0,0,0,0,0,998,0,0,0,12,6,2,12,0,0,0,1,24,21617,6,1,0,0,3,0,63,180,0,0,0,0,0,0,0,0,0,0,0,0,0,0,1,2,40,2,6,2,1,0,0,1,62,99,1,1,51,"777777777777","777777777777","777777777777",1,0
24,240097,1,1,2,28,2,2,40,8,0,1,1,24,1,20,421,20421,15,2003,"1GNEK13T83J2","1","G","N","E","K","1","3","T","8","3","J","2",0,0,0,"000000000","00000000000",0,0,0,1,0,0,0,0,0,0,0,998,0,0,0,12,4,5,8,0,0,0,1,24,21223,6,1,0,0,3,0,74,270,0,0,0,0,0,0,0,0,0,0,0,0,0,0,1,2,30,1,1,2,1,0,0,1,80,99,1,4,13,"777777777777","777777777777","777777777777",0,0
24,240098,1,2,1,19,4,6,26,12,2,1,0,24,2,20,22,20022,4,2005,"1G1AK52F4575","1","G","1","A","K","5","2","F","4","5","7","5",0,0,0,"000000000","00000000000",0,0,0,1,0,0,0,0,0,0,0,998,0,0,0,12,6,2,12,0,0,0,1,24,21227,6,1,0,0,3,3,63,125,0,0,0,2,0,7,2014,11,2014,0,28,0,0,0,1,2,25,1,1,2,1,0,0,1,11,99,1,2,50,"777777777777","777777777777","777777777777",1,1
24,240098,2,2,1,19,4,6,26,12,2,1,0,24,2,7,463,7463,21,2015,"3C6TRVAG8FE5","3","C","6","T","R","V","A","G","8","F","E","5",0,0,0,"000000000","00000000000",0,0,0,1,0,0,0,0,0,0,0,998,0,0,0,12,6,2,12,0,0,0,1,24,21227,6,1,0,0,3,0,73,190,0,0,0,0,0,0,0,0,0,0,0,0,0,0,1,2,25,1,1,2,1,0,0,1,62,99,1,1,51,"777777777777","777777777777","777777777777",0,0
24,240099,1,2,1,29,4,15,37,12,2,1,0,24,1,49,40,49040,4,2015,"4T1BF1FK3FU4","4","T","1","B","F","1","F","K","3","F","U","4",0,0,0,"000000000","00000000000",0,0,0,1,0,0,0,0,0,0,0,998,0,0,0,12,6,2,12,0,0,0,1,24,21216,6,1,0,0,3,0,73,160,0,1,0,0,1,12,2015,1,2016,0,6,51,0,0,3,2,35,1,1,2,2,0,0,1,54,99,1,1,52,"777777777777","777777777777","777777777777",0,0
24,240099,2,2,1,29,4,15,37,12,2,1,0,24,1,63,33,63033,4,2009,"KNAFE2224956","K","N","A","F","E","2","2","2","4","9","5","6",0,0,0,"000000000","00000000000",0,0,0,1,0,0,0,0,0,0,0,998,0,0,0,12,6,2,12,0,0,0,1,24,21090,6,1,0,0,3,0,64,190,0,0,0,0,0,0,0,0,0,0,0,0,0,0,3,2,35,1,1,2,2,0,0,1,54,99,1,1,52,"777777777777","777777777777","777777777777",1,0
24,240100,1,1,1,26,4,5,44,8,0,1,0,24,1,37,32,37032,4,2013,"1HGCR2F8XDA1","1","H","G","C","R","2","F","8","X","D","A","1",0,0,0,"000000000","00000000000",0,0,0,1,0,0,0,0,0,0,0,998,0,0,0,12,4,3,8,0,0,0,1,24,21114,6,1,0,0,3,0,72,170,0,0,0,0,0,0,0,0,0,0,0,0,0,0,2,4,50,1,6,2,1,0,0,1,80,99,1,1,13,"777777777777","777777777777","777777777777",0,0
24,240101,1,1,1,30,4,0,53,24,0,1,0,24,1,22,20,22020,4,2005,"2G2WP5227512","2","G","2","W","P","5","2","2","7","5","1","2",0,0,0,"000000000","00000000000",0,0,0,1,0,0,0,0,0,0,0,998,0,0,0,6,6,2,24,0,0,0,1,24,21666,6,1,0,0,3,0,71,185,0,2,0,0,3,3,2014,4,2015,3,6,58,87,0,3,3,55,1,1,2,2,0,0,1,6,99,9,4,7,"777777777777","777777777777","777777777777",1,1
24,240102,1,1,1,11,3,11,35,33,0,1,0,24,1,7,26,7026,4,2013,"1C3CDZAG8DN5","1","C","3","C","D","Z","A","G","8","D","N","5",0,0,0,"000000000","00000000000",0,0,0,1,0,0,0,0,0,0,0,998,0,0,0,6,6,2,42,0,0,0,1,24,21117,6,1,0,0,3,0,63,110,0,0,0,0,0,0,0,0,0,0,31,0,0,0,1,2,30,3,1,2,1,0,0,13,99,99,1,4,92,"777777777777","777777777777","777777777777",1,0
24,240103,1,1,1,16,4,18,37,24,0,1,0,24,2,72,706,72706,80,2004,"1HD1CGP174K4","1","H","D","1","C","G","P","1","7","4","K","4",0,0,0,"000000000","00000000000",0,0,0,1,0,0,0,0,0,0,0,998,0,0,0,11,6,2,24,0,0,0,1,24,21530,6,1,0,0,3,0,74,158,0,0,0,0,0,0,0,0,0,0,36,0,0,0,3,4,70,2,6,2,1,0,0,14,6,99,9,4,7,"777777777777","777777777777","777777777777",1,1
24,240104,1,1,1,24,4,21,21,8,0,1,0,24,1,49,32,49032,4,1998,"2T1BR18E3WC0","2","T","1","B","R","1","8","E","3","W","C","0",0,0,0,"000000000","00000000000",0,0,0,1,0,0,0,0,0,0,0,998,0,0,0,1,4,5,8,0,0,0,1,24,20737,6,1,0,0,3,0,60,135,0,1,0,0,1,10,2015,1,2016,0,0,0,0,0,3,2,35,1,1,2,1,3,3,1,81,99,1,1,13,"777777777777","777777777777","777777777777",0,0
24,240105,1,1,2,16,4,1,57,30,0,1,0,11,2,20,20,20020,4,1999,"2G1WL52M4X92","2","G","1","W","L","5","2","M","4","X","9","2",0,0,0,"000000000","00000000000",0,0,0,1,0,0,0,0,0,0,0,998,0,0,0,12,6,2,30,0,0,0,1,11,20019,6,1,0,9,9,9,999,999,99,99,99,99,99,99,9999,99,9999,4,6,36,0,0,1,2,30,2,9,2,1,0,0,14,6,99,9,4,2,"777777777777","777777777777","777777777777",1,0
24,240106,1,1,1,4,1,7,25,1,0,1,0,24,1,37,31,37031,4,2008,"2HGFA55528H7","2","H","G","F","A","5","5","5","2","8","H","7",0,0,0,"000000000","00000000000",0,0,0,1,0,0,0,0,0,0,0,998,0,2,5,0,6,2,1,0,0,0,1,24,21113,6,1,0,0,3,0,63,135,0,0,0,0,0,0,0,0,0,3,58,0,0,0,1,2,40,1,1,2,1,0,0,1,6,9,4,4,2,"777777777777","777777777777","777777777777",1,0
24,240107,1,1,2,10,2,19,47,8,0,1,0,24,1,55,35,55035,4,2007,"KMHDU46D47U0","K","M","H","D","U","4","6","D","4","7","U","0",0,0,0,"000000000","00000000000",0,0,0,1,0,0,0,0,0,0,0,998,0,0,0,12,4,5,8,0,0,0,1,24,21045,6,1,0,0,3,0,70,190,0,0,0,0,0,0,0,0,0,0,0,0,0,0,1,4,35,1,1,2,1,0,0,3,81,99,1,1,13,"777777777777","777777777777","777777777777",0,0
24,240108,1,2,1,11,5,14,7,12,6,1,0,24,1,12,471,12471,30,2006,"1FTYR10D26PA","1","F","T","Y","R","1","0","D","2","6","P","A",0,0,0,"000000000","00000000000",0,0,0,1,0,0,0,0,0,0,0,998,0,0,0,1,6,2,12,0,0,0,1,24,21157,6,1,0,0,3,0,64,165,0,0,0,0,0,0,0,0,0,0,38,39,0,0,1,2,55,1,1,2,2,3,3,11,15,99,1,1,68,"777777777777","777777777777","777777777777",1,0
24,240108,2,2,1,11,5,14,7,12,6,1,0,24,1,7,482,7482,31,2016,"3C6TR5FJ8GG1","3","C","6","T","R","5","F","J","8","G","G","1",0,0,0,"000000000","00000000000",0,0,0,1,0,0,0,0,0,0,0,998,0,0,0,12,6,2,12,0,0,0,1,24,21776,6,1,0,0,3,0,71,180,0,0,0,0,0,0,0,0,0,0,38,39,0,0,1,2,55,1,1,2,2,3,3,1,62,99,1,1,69,"777777777777","777777777777","777777777777",0,0
24,240109,1,1,2,14,2,15,0,30,0,1,0,17,2,7,4,7004,2,2010,"1B3AZ6JZ1AV1","1","B","3","A","Z","6","J","Z","1","A","V","1",0,0,0,"000000000","00000000000",0,0,0,1,0,0,0,0,0,0,0,998,0,0,0,1,6,2,21,0,0,0,1,24,20878,6,1,0,0,3,0,69,125,0,1,0,1,0,8,2014,1,2015,0,99,99,99,99,1,2,30,1,6,2,8,0,0,1,13,99,1,4,5,"777777777777","777777777777","777777777777",1,0
24,240110,1,2,1,29,2,15,4,12,6,1,0,24,2,59,35,59035,4,2002,"JTHBD1920200","J","T","H","B","D","1","9","2","0","2","0","0",0,0,0,"000000000","00000000000",0,0,0,1,0,0,0,0,0,0,0,998,0,0,0,12,6,2,12,0,0,0,1,24,20874,6,1,0,0,3,0,61,170,0,0,0,0,0,0,0,0,0,0,99,99,99,99,1,2,30,1,1,2,1,20,3,1,17,99,1,1,88,"777777777777","777777777777","777777777777",0,0
24,240110,2,2,1,29,2,15,4,12,6,1,0,0,0,37,739,37739,90,2003,"478TE280X3A0","4","7","8","T","E","2","8","0","X","3","A","0",0,0,0,"000000000","00000000000",0,0,0,1,0,0,0,0,0,0,0,998,0,0,0,11,6,2,12,0,0,0,1,13,30041,6,1,0,0,3,0,69,170,98,1,0,0,0,9,2012,9,2012,0,99,99,99,99,1,2,30,1,1,2,1,20,3,1,66,99,1,1,89,"777777777777","777777777777","777777777777",1,1
24,240111,1,1,1,18,2,18,27,8,0,1,0,24,1,23,401,23401,14,1996,"1GKDT13W2T25","1","G","K","D","T","1","3","W","2","T","2","5",0,0,0,"000000000","00000000000",0,0,0,1,0,0,0,0,0,0,0,998,0,0,0,12,6,2,8,0,0,0,1,24,21722,6,1,0,0,3,0,66,200,0,0,0,0,0,0,0,0,0,0,0,0,0,0,1,2,50,1,1,2,1,0,0,1,80,1,1,1,13,"777777777777","777777777777","777777777777",0,0
24,240112,1,1,1,29,2,22,46,1,0,1,0,24,3,87,881,87881,66,2000,"1XP5D69X4YN5","1","X","P","5","D","6","9","X","4","Y","N","5",1,1,57,"1675210","571675210",3,6,3,1,0,0,0,0,0,0,0,998,0,2,1,0,6,2,2,0,0,1,1,24,20842,6,1,6,0,3,0,71,210,0,0,0,0,0,0,0,0,0,0,58,6,0,0,2,2,40,3,6,2,1,0,0,1,9,99,5,2,98,"1TTF45200910","777777777777","777777777777",1,0
24,240113,1,2,1,29,2,7,59,12,2,1,0,51,2,12,481,12481,31,2012,"1FT7W2BTXCEC","1","F","T","7","W","2","B","T","X","C","E","C",0,0,0,"000000000","00000000000",0,0,0,1,0,0,0,0,0,0,0,998,0,0,0,12,6,2,12,0,0,0,1,51,22476,6,1,0,0,3,0,67,150,0,0,0,0,0,0,0,0,0,0,38,6,0,0,1,2,45,1,1,2,1,3,3,11,15,99,1,1,68,"777777777777","777777777777","777777777777",0,0
24,240113,2,2,1,29,2,7,59,12,2,1,0,24,1,12,471,12471,30,1985,"1FTBR10CXFUA","1","F","T","B","R","1","0","C","X","F","U","A",0,0,0,"000000000","00000000000",0,0,0,1,0,0,0,0,0,0,0,998,0,0,0,12,6,2,12,0,0,0,1,24,20618,6,1,0,0,3,0,67,230,0,0,0,0,0,0,0,0,0,0,0,0,0,0,1,2,45,1,1,2,1,3,3,1,62,99,1,1,69,"777777777777","777777777777","777777777777",1,0
24,240114,1,1,1,30,1,6,0,8,0,1,1,99,9,99,999,99999,99,9999,"999999999999","9","9","9","9","9","9","9","9","9","9","9","9",9,0,0,"000000000","00000000000",0,0,0,1,0,0,0,0,0,0,0,998,0,0,0,12,9,5,8,0,0,0,1,99,99999,9,9,99,9,9,9,999,999,99,99,99,99,99,99,9999,99,9999,0,0,0,0,0,3,6,35,1,1,2,1,0,0,1,80,99,1,1,13,"777777777777","777777777777","777777777777",0,0
24,240115,1,1,1,19,2,2,15,31,0,1,0,24,1,12,481,12481,31,2006,"1FTWW31536ED","1","F","T","W","W","3","1","5","3","6","E","D",0,0,0,"000000000","00000000000",0,0,0,1,0,0,0,0,0,0,0,998,0,0,0,12,6,2,42,0,0,0,1,24,21773,6,1,0,0,3,0,75,200,0,0,0,0,0,0,0,0,0,0,0,0,0,0,1,2,35,3,1,2,1,0,0,1,11,99,1,4,1,"777777777777","777777777777","777777777777",1,1
24,240116,1,1,1,8,1,6,6,8,0,1,0,24,2,55,402,55402,14,2013,"KM8JU3AC8DU5","K","M","8","J","U","3","A","C","8","D","U","5",0,0,0,"000000000","00000000000",0,0,0,1,0,0,0,0,0,0,0,998,0,0,0,12,6,2,8,0,0,0,1,24,20774,6,1,0,0,3,0,72,172,0,0,0,0,0,0,0,0,0,3,87,0,0,0,3,3,40,1,5,2,2,3,3,2,80,99,1,1,13,"777777777777","777777777777","777777777777",0,0
24,240117,1,1,3,30,4,1,54,42,0,1,0,24,2,20,22,20022,2,2006,"1G1AP11PX677","1","G","1","A","P","1","1","P","X","6","7","7",0,0,0,"000000000","00000000000",0,0,0,1,0,0,0,0,0,0,0,998,0,1,5,12,6,2,42,0,0,1,1,24,21502,1,1,0,0,2,2,73,220,0,2,0,1,0,5,2015,2,2016,4,28,74,0,0,1,2,20,1,6,2,1,0,0,1,12,99,1,4,6,"777777777777","777777777777","777777777777",3,1
24,240118,1,1,1,16,5,11,58,42,0,1,0,24,1,35,43,35043,4,2009,"3N1AB61E99L6","3","N","1","A","B","6","1","E","9","9","L","6",0,0,0,"000000000","00000000000",0,0,0,1,0,0,0,0,0,0,0,998,0,0,0,9,6,2,42,0,0,0,1,24,21702,6,1,0,0,3,0,73,250,0,0,0,0,1,12,2015,12,2015,4,0,0,0,0,1,2,30,3,1,2,1,40,3,1,12,99,1,4,6,"777777777777","777777777777","777777777777",1,0
24,240119,1,1,1,11,5,21,30,8,0,1,1,99,9,99,999,99999,99,9999,"999999999999","9","9","9","9","9","9","9","9","9","9","9","9",0,0,0,"000000000","00000000000",0,0,0,1,0,0,0,0,0,0,0,998,0,0,0,99,9,5,8,0,0,0,1,99,99999,9,9,99,9,9,9,999,999,99,99,99,99,99,99,9999,99,9999,0,0,0,0,0,4,4,30,1,6,2,2,0,0,1,80,99,1,1,13,"777777777777","777777777777","777777777777",0,0
24,240120,1,2,1,5,5,10,32,12,6,1,0,24,1,12,471,12471,31,1999,"1FTZR15V6XPB","1","F","T","Z","R","1","5","V","6","X","P","B",0,0,0,"000000000","00000000000",0,0,0,1,0,0,0,0,0,0,0,998,0,0,0,1,6,2,12,0,0,0,1,24,20853,6,1,0,0,3,0,71,165,0,0,0,0,0,0,0,0,0,4,28,58,6,0,1,2,35,2,6,2,2,0,0,14,6,98,3,6,64,"777777777777","777777777777","777777777777",1,1
24,240120,2,2,1,5,5,10,32,12,6,1,0,24,3,84,881,84881,63,1998,"1M2P264C2WM0","1","M","2","P","2","6","4","C","2","W","M","0",0,0,57,"1242397","571242397",3,2,4,1,0,0,0,0,0,0,0,998,0,0,0,12,6,2,12,0,0,0,1,24,20735,6,1,6,0,3,0,73,220,0,0,0,0,0,0,0,0,0,0,0,0,0,0,1,2,35,2,6,2,2,0,0,1,62,99,1,1,65,"777777777777","777777777777","777777777777",0,0
24,240121,1,2,1,20,5,12,55,12,2,1,0,24,1,53,705,53705,80,2002,"JS1GN7BA9221","J","S","1","G","N","7","B","A","9","2","2","1",0,0,0,"000000000","00000000000",0,0,0,1,0,0,0,0,0,0,0,998,0,0,0,12,6,2,12,0,0,0,1,24,21740,1,1,0,0,2,0,67,160,0,1,0,0,0,1,2014,1,2014,0,28,0,0,0,1,2,50,2,6,2,1,0,0,14,10,99,1,2,50,"777777777777","777777777777","777777777777",1,0
24,240121,2,2,1,20,5,12,55,12,2,1,0,24,2,18,3,18003,4,1998,"1G4CW52K6W46","1","G","4","C","W","5","2","K","6","W","4","6",0,0,0,"000000000","00000000000",0,0,0,1,0,0,0,0,0,0,0,998,0,0,0,12,6,2,12,0,0,0,1,24,21779,6,1,0,0,3,0,67,240,0,0,0,0,0,0,0,0,0,0,0,0,0,0,1,2,50,3,6,2,1,0,0,14,62,99,1,1,51,"777777777777","777777777777","777777777777",0,0
24,240122,1,1,2,22,5,23,8,25,0,1,0,24,2,55,33,55033,4,2012,"5NPEB4AC7CH4","5","N","P","E","B","4","A","C","7","C","H","4",0,0,0,"000000000","00000000000",0,0,0,1,0,0,0,0,0,0,0,998,0,0,0,11,6,2,25,0,0,0,1,24,20743,6,1,0,0,3,0,69,160,0,0,0,0,2,3,2014,7,2014,0,13,0,0,0,3,5,55,1,1,2,2,0,0,1,12,99,1,4,6,"777777777777","777777777777","777777777777",1,0
24,240123,1,1,3,13,5,0,25,42,0,1,0,24,2,18,23,18023,4,2006,"1G4HD57246U2","1","G","4","H","D","5","7","2","4","6","U","2",0,0,0,"000000000","00000000000",0,0,0,1,0,0,0,0,0,0,0,998,0,0,0,12,6,2,42,0,0,0,1,24,21804,6,1,0,0,3,0,72,160,0,1,0,3,0,2,2014,8,2015,0,0,0,0,0,3,2,55,1,1,2,1,0,0,1,12,99,1,4,6,"777777777777","777777777777","777777777777",1,1
24,240124,1,1,2,9,1,22,35,30,0,1,0,24,2,37,31,37031,2,1998,"1HGEJ8141WL0","1","H","G","E","J","8","1","4","1","W","L","0",0,0,0,"000000000","00000000000",0,0,0,1,0,0,0,0,0,0,0,998,0,0,0,9,6,2,30,0,0,0,1,24,21740,0,0,0,0,0,0,999,999,0,0,0,0,0,0,0,0,0,3,6,80,87,0,1,2,25,3,5,2,2,0,0,14,6,99,9,4,2,"777777777777","777777777777","777777777777",1,0
24,240125,1,1,1,24,2,6,20,8,0,1,0,24,1,49,40,49040,4,2014,"4T4BF1FK2ER4","4","T","4","B","F","1","F","K","2","E","R","4",0,0,0,"000000000","00000000000",0,0,0,1,0,0,0,0,0,0,0,998,0,0,0,12,4,3,8,0,0,0,1,24,20723,6,1,0,0,3,0,69,154,0,0,0,0,0,0,0,0,0,3,6,87,0,0,1,4,50,1,1,2,2,0,0,1,80,99,1,1,13,"777777777777","777777777777","777777777777",0,0
24,240126,1,1,1,22,2,13,20,8,0,1,0,24,2,63,38,63038,4,2010,"KNAFU4A28A52","K","N","A","F","U","4","A","2","8","A","5","2",0,0,0,"000000000","00000000000",0,0,0,1,0,0,0,0,0,0,0,998,0,0,0,12,6,2,8,0,0,0,1,24,21864,6,1,0,0,3,0,70,150,0,0,0,0,1,11,2015,11,2015,4,28,6,58,0,1,2,50,1,1,2,1,0,0,15,98,7,1,4,13,"777777777777","777777777777","777777777777",0,0
24,240127,1,1,3,18,2,23,34,8,0,1,1,24,1,59,403,59403,14,2006,"JTJHW31U9600","J","T","J","H","W","3","1","U","9","6","0","0",0,0,0,"000000000","00000000000",0,0,0,1,0,0,0,0,0,0,0,998,0,0,0,12,4,5,8,0,0,0,1,24,21221,6,1,0,0,3,0,71,210,0,0,0,0,1,3,2015,3,2015,0,0,0,0,0,2,2,30,1,1,2,1,0,0,1,80,1,1,1,13,"777777777777","777777777777","777777777777",0,0
24,240128,1,1,1,27,5,21,57,14,0,1,0,24,1,7,482,7482,31,1999,"3B7HF13Y1XG2","3","B","7","H","F","1","3","Y","1","X","G","2",0,0,0,"000000000","00000000000",0,0,0,1,0,0,0,0,0,0,0,998,0,0,0,12,6,2,19,0,0,1,1,24,21539,6,1,0,0,3,0,72,140,0,1,0,1,0,8,2014,9,2015,3,51,0,0,0,1,2,25,2,1,2,1,0,0,1,6,99,9,4,7,"777777777777","777777777777","777777777777",1,1
24,240129,1,1,1,30,4,23,2,15,0,1,0,24,2,49,49,49049,6,2011,"JTLZE4FE0B11","J","T","L","Z","E","4","F","E","0","B","1","1",0,0,0,"000000000","00000000000",0,0,0,1,0,0,0,0,0,0,0,998,0,0,0,12,4,3,15,0,0,0,1,24,20850,6,1,0,0,3,0,79,225,0,0,0,2,0,10,2015,10,2015,0,0,0,0,0,2,2,40,1,1,2,2,4,3,1,80,99,1,1,13,"777777777777","777777777777","777777777777",0,0
24,240130,1,1,2,17,5,9,43,24,0,1,0,24,1,22,19,22019,2,2008,"1G2AL18F6871","1","G","2","A","L","1","8","F","6","8","7","1",0,0,0,"000000000","00000000000",0,0,0,1,0,0,0,0,0,0,0,998,0,1,3,5,6,2,1,0,0,0,1,24,21742,6,1,0,0,3,0,65,190,0,0,0,0,0,0,0,0,0,4,81,0,0,0,3,3,55,2,1,2,2,0,0,1,90,99,9,4,7,"777777777777","777777777777","777777777777",1,0
24,240131,1,2,2,19,5,12,8,12,6,1,0,24,2,12,481,12481,31,2006,"1FTWW31P16EA","1","F","T","W","W","3","1","P","1","6","E","A",0,0,0,"000000000","00000000000",0,0,0,1,0,0,0,0,0,0,0,998,0,0,0,12,6,2,12,0,0,0,1,24,20714,6,1,0,0,3,0,68,170,0,0,0,0,0,0,0,0,0,0,0,0,0,0,3,4,35,1,1,2,1,3,3,11,66,99,1,1,74,"777777777777","777777777777","777777777777",0,0
24,240131,2,2,1,19,5,12,8,12,6,1,0,24,1,53,706,53706,80,2006,"JS1GT76A1621","J","S","1","G","T","7","6","A","1","6","2","1",0,0,0,"000000000","00000000000",0,0,0,1,0,0,0,0,0,0,0,998,0,0,0,9,6,2,12,0,0,0,1,24,20874,6,1,0,0,3,0,73,220,0,0,0,0,0,0,0,0,0,3,37,6,0,0,3,4,35,1,1,2,1,3,3,3,17,99,1,1,74,"777777777777","777777777777","777777777777",1,0
24,240132,1,1,1,27,5,15,38,18,0,1,0,24,2,20,461,20461,21,2009,"1GCFG15X7911","1","G","C","F","G","1","5","X","7","9","1","1",0,0,0,"000000000","00000000000",0,0,0,1,0,0,0,0,0,0,0,998,0,0,0,12,6,2,30,0,0,0,1,24,21704,6,1,0,0,3,0,71,240,0,0,0,0,1,6,2014,6,2014,0,0,0,0,0,1,2,50,1,1,2,1,0,0,1,13,99,1,4,5,"777777777777","777777777777","777777777777",1,0
24,240133,1,1,2,4,5,21,48,8,0,1,0,11,2,20,37,20037,4,2005,"1G1ZT52825F3","1","G","1","Z","T","5","2","8","2","5","F","3",0,0,0,"000000000","00000000000",0,0,0,1,0,0,0,0,0,0,0,998,0,0,0,12,4,5,8,0,0,0,1,11,20009,6,1,0,0,3,0,999,999,99,99,99,99,99,99,9999,99,9999,0,0,0,0,0,3,2,40,1,6,2,1,3,3,1,80,1,1,1,13,"777777777777","777777777777","777777777777",0,0