"STATE","ST_CASE","VEH_NO","VE_FORMS","NUMOCCS","DAY","MONTH","HOUR","MINUTE","HARM_EV","MAN_COLL","UNITTYPE","HIT_RUN","REG_STAT","OWNER","MAKE","MODEL","MAK_MOD","BODY_TYP","MOD_YEAR","VIN","VIN_1","VIN_2","VIN_3","VIN_4","VIN_5","VIN_6","VIN_7","VIN_8","VIN_9","VIN_10","VIN_11","VIN_12","TOW_VEH","J_KNIFE","MCARR_I1","MCARR_I2","MCARR_ID","GVWR","V_CONFIG","CARGO_BT","HAZ_INV","HAZ_PLAC","HAZ_ID","HAZ_CNO","HAZ_REL","BUS_USE","SPEC_USE","EMER_USE","TRAV_SP","UNDERIDE","ROLLOVER","ROLINLOC","IMPACT1","DEFORMED","TOWED","M_HARM","VEH_SC1","VEH_SC2","FIRE_EXP","DR_PRES","L_STATE","DR_ZIP","L_STATUS","L_TYPE","CDL_STAT","L_ENDORS","L_COMPL","L_RESTRI","DR_HGT","DR_WGT","PREV_ACC","PREV_SUS","PREV_DWI","PREV_SPD","PREV_OTH","FIRST_MO","FIRST_YR","LAST_MO","LAST_YR","SPEEDREL","DR_SF1","DR_SF2","DR_SF3","DR_SF4","VTRAFWAY","VNUM_LAN","VSPD_LIM","VALIGN","VPROFILE","VPAVETYP","VSURCOND","VTRAFCON","VTCONT_F","P_CRASH1","P_CRASH2","P_CRASH3","PCRASH4","PCRASH5","ACC_TYPE","TRLR1VIN","TRLR2VIN","TRLR3VIN","DEATHS","DR_DRINK"
24,240239,1,1,1,19,7,16,22,59,0,1,0,24,1,41,50,41050,4,2012,"1YVHZ8DH8C5M","1","Y","V","H","Z","8","D","H","8","C","5","M",0,0,0,"000000000","00000000000",0,0,0,1,0,0,0,0,0,0,0,998,0,0,0,6,6,2,2,0,0,1,1,24,20794,6,1,0,0,3,0,75,235,0,0,0,0,1,10,2011,10,2011,4,35,0,0,0,3,4,65,1,1,2,1,40,3,6,9,99,9,4,5,"777777777777","777777777777","777777777777",1,0
24,240240,1,2,1,9,6,20,19,99,99,1,0,24,1,54,421,54421,15,2005,"2HNYD18985H5","2","H","N","Y","D","1","8","9","8","5","H","5",0,0,0,"000000000","00000000000",0,0,0,1,0,0,0,0,0,0,0,998,0,0,0,14,2,5,12,0,0,0,1,24,20707,6,1,0,0,3,0,63,200,0,0,0,0,0,0,0,0,0,0,0,0,0,0,6,8,98,2,1,2,1,0,0,1,99,99,1,1,98,"777777777777","777777777777","777777777777",0,0
24,240240,2,2,1,9,6,20,19,99,99,1,0,99,9,76,706,76706,80,2002,"JYARN10E42A0","J","Y","A","R","N","1","0","E","4","2","A","0",0,0,0,"000000000","00000000000",0,0,0,1,0,0,0,0,0,0,0,998,0,0,0,98,6,2,12,0,0,0,1,24,20851,6,1,0,0,3,0,67,185,0,4,0,0,0,6,2014,7,2014,0,99,99,99,99,6,8,98,2,1,2,1,0,0,3,99,99,1,9,98,"777777777777","777777777777","777777777777",1,0
24,240241,1,2,1,14,8,8,26,12,6,1,0,24,2,23,481,23481,31,2007,"3GTEC14X37G2","3","G","T","E","C","1","4","X","3","7","G","2",0,0,0,"000000000","00000000000",0,0,0,1,0,0,0,0,0,0,0,998,0,0,0,8,6,2,12,0,0,0,1,24,21122,6,1,0,0,3,0,72,160,0,0,0,0,0,0,0,0,0,0,48,0,0,0,3,4,65,1,1,2,1,0,0,12,21,1,1,1,98,"777777777777","777777777777","777777777777",0,0
24,240241,2,2,1,14,8,8,26,12,6,1,0,51,1,73,706,73706,80,2015,"JKBZXJE10FA0","J","K","B","Z","X","J","E","1","0","F","A","0",0,0,0,"000000000","00000000000",0,0,0,1,0,0,0,0,0,0,0,998,0,0,0,12,6,2,12,0,0,0,1,51,24572,6,1,0,0,3,0,67,155,0,0,0,0,0,0,0,0,0,0,0,0,0,0,3,4,65,1,1,2,1,0,0,1,64,99,1,1,98,"777777777777","777777777777","777777777777",1,0
24,240242,1,2,1,12,8,13,36,12,6,1,0,24,1,37,706,37706,80,2011,"JH2SC5906BK3","J","H","2","S","C","5","9","0","6","B","K","3",0,0,0,"000000000","00000000000",0,0,0,1,0,0,0,0,0,0,0,998,0,0,0,12,6,2,12,0,0,0,1,24,21122,6,1,0,0,3,0,70,145,0,0,0,0,0,0,0,0,0,3,36,0,0,0,1,3,40,1,1,2,1,0,0,3,62,99,1,1,98,"777777777777","777777777777","777777777777",1,0
24,240242,2,2,1,12,8,13,36,12,6,1,0,24,1,37,402,37402,14,2009,"3CZRE38379G7","3","C","Z","R","E","3","8","3","7","9","G","7",0,0,0,"000000000","00000000000",0,0,0,1,0,0,0,0,0,0,0,998,0,0,0,3,6,2,12,0,0,0,1,24,21122,6,1,0,0,3,0,60,155,0,0,0,0,0,0,0,0,0,0,0,0,0,0,1,3,40,1,1,2,1,0,0,12,21,99,1,1,98,"777777777777","777777777777","777777777777",0,0
24,240243,1,2,1,9,8,16,6,12,2,1,0,24,1,37,421,37421,15,2011,"5FNYF4H95BB1","5","F","N","Y","F","4","H","9","5","B","B","1",0,0,0,"000000000","00000000000",0,0,0,1,0,0,0,0,0,0,0,998,0,0,0,12,6,2,12,0,0,0,1,24,20677,6,1,0,0,3,0,67,179,0,0,0,0,0,0,0,0,0,0,51,28,41,6,1,2,50,1,1,2,2,0,0,1,10,99,1,1,50,"777777777777","777777777777","777777777777",1,0
24,240243,2,2,6,9,8,16,6,12,2,1,0,24,1,55,401,55401,14,2014,"KM8SR4HF0EU0","K","M","8","S","R","4","H","F","0","E","U","0",0,0,0,"000000000","00000000000",0,0,0,1,0,0,0,0,0,0,0,998,0,0,0,12,6,2,12,0,0,0,1,24,20646,6,1,0,0,3,0,67,179,0,0,0,0,0,0,0,0,0,0,0,0,0,0,1,2,50,1,1,2,2,0,0,1,62,1,1,1,51,"777777777777","777777777777","777777777777",0,0
24,240244,1,1,1,21,7,23,50,33,0,1,0,24,2,76,705,76705,80,2012,"JYARJ18E9CA0","J","Y","A","R","J","1","8","E","9","C","A","0",0,0,0,"000000000","00000000000",0,0,0,1,0,0,0,0,0,0,0,998,0,0,0,12,6,2,1,0,0,0,1,24,20640,6,1,0,0,3,0,69,217,0,0,0,0,0,0,0,0,0,0,39,41,36,0,1,2,25,1,1,2,1,20,3,1,12,99,1,4,6,"777777777777","777777777777","777777777777",1,1
24,240245,1,2,1,14,7,14,46,12,6,1,0,24,1,72,706,72706,80,2007,"1HD1GX4107K3","1","H","D","1","G","X","4","1","0","7","K","3",0,0,0,"000000000","00000000000",0,0,0,1,0,0,0,0,0,0,0,998,0,0,0,2,2,3,12,0,0,0,1,24,20747,6,1,0,0,3,0,69,145,0,1,0,0,0,6,2015,6,2015,0,6,36,0,0,2,4,35,1,1,2,1,3,3,11,9,99,9,1,84,"777777777777","777777777777","777777777777",1,0
24,240245,2,2,1,14,7,14,46,12,6,1,0,24,2,52,47,52047,6,2016,"JA4AD3A36GZ0","J","A","4","A","D","3","A","3","6","G","Z","0",0,0,0,"000000000","00000000000",0,0,0,1,0,0,0,0,0,0,0,998,0,0,0,11,2,5,12,0,0,0,1,24,20743,6,1,0,0,3,0,74,225,0,0,0,0,0,0,0,0,0,0,0,0,0,0,2,4,35,1,1,2,1,3,3,11,67,99,1,1,84,"777777777777","777777777777","777777777777",0,0
24,240246,1,1,1,14,7,6,13,1,0,1,0,24,1,72,706,72706,80,1993,"1HD1BJL43PY0","1","H","D","1","B","J","L","4","3","P","Y","0",0,0,0,"000000000","00000000000",0,0,0,1,0,0,0,0,0,0,0,998,0,0,0,0,6,2,1,0,0,0,1,24,21918,6,1,0,0,3,0,70,190,0,0,0,0,0,0,0,0,0,0,84,0,0,0,1,2,35,1,1,2,1,0,0,98,62,16,2,1,98,"777777777777","777777777777","777777777777",1,0
24,240247,1,1,1,4,8,21,20,8,0,1,1,99,9,99,999,99999,99,9999,"999999999999","9","9","9","9","9","9","9","9","9","9","9","9",0,0,0,"000000000","00000000000",0,0,0,1,0,0,0,0,0,99,0,998,0,0,0,12,9,5,8,0,0,0,1,99,99999,9,9,99,9,9,9,999,999,99,99,99,99,99,99,9999,99,9999,0,99,99,99,99,3,2,40,1,1,2,1,0,0,1,80,99,1,1,13,"777777777777","777777777777","777777777777",0,0
24,240248,1,1,4,1,8,22,2,42,0,1,0,24,2,37,32,37032,4,2005,"1HGCM66555A0","1","H","G","C","M","6","6","5","5","5","A","0",0,0,0,"000000000","00000000000",0,0,0,1,0,0,0,0,0,0,0,998,0,0,0,12,6,2,42,0,0,0,1,24,21830,6,1,0,0,3,3,71,140,0,0,0,0,0,0,0,0,0,4,87,0,0,0,1,2,50,3,1,2,2,0,0,14,6,99,9,4,2,"777777777777","777777777777","777777777777",1,0
24,240249,1,1,3,12,8,7,57,35,0,1,0,42,1,35,50,35050,4,2012,"3N1CN7AP7CL9","3","N","1","C","N","7","A","P","7","C","L","9",0,0,0,"000000000","00000000000",0,0,0,1,0,0,0,0,0,0,0,998,0,1,5,12,6,2,1,0,0,0,1,42,17110,6,1,0,0,3,0,66,999,0,0,0,0,0,0,0,0,0,0,13,0,0,0,3,2,25,1,6,2,1,3,3,3,10,99,1,4,6,"777777777777","777777777777","777777777777",2,0
24,240250,1,3,2,12,8,12,17,12,2,1,0,24,1,20,461,20461,21,1999,"1GBFG15R9X10","1","G","B","F","G","1","5","R","9","X","1","0",0,0,0,"000000000","00000000000",0,0,0,1,0,0,0,0,0,0,0,998,0,0,0,12,6,2,12,0,0,0,1,24,21144,6,1,0,0,3,0,70,205,0,0,0,0,0,0,0,0,0,0,13,51,0,0,2,4,65,1,1,2,1,0,0,1,12,99,1,4,52,"777777777777","777777777777","777777777777",1,0
24,240250,2,3,2,12,8,12,17,12,2,1,0,24,2,55,33,55033,4,2016,"5NPE34AF9GH3","5","N","P","E","3","4","A","F","9","G","H","3",0,0,0,"000000000","00000000000",0,0,0,1,0,0,0,0,0,0,0,998,0,0,0,12,6,2,12,0,0,0,1,24,20851,6,1,0,0,3,0,62,120,0,0,0,0,0,0,0,0,0,0,0,0,0,0,2,4,65,1,1,2,1,0,0,1,64,99,1,1,52,"777777777777","777777777777","777777777777",0,0
24,240250,3,3,1,12,8,12,17,12,2,1,0,36,3,85,881,85881,66,2017,"1XKYDP9X3HJ1","1","X","K","Y","D","P","9","X","3","H","J","1",1,1,57,"255684","57255684",3,6,2,2,1,8888,88,1,0,0,0,998,0,0,0,9,4,3,12,0,0,0,1,34,8094,6,1,6,0,3,0,72,999,0,0,0,0,1,8,2012,8,2012,0,0,0,0,0,2,4,65,1,1,2,1,0,0,1,62,99,1,1,98,"H61947168271","777777777777","777777777777",0,0
24,240251,1,2,1,23,5,13,58,12,2,1,0,24,1,41,37,41037,4,1998,"1YVGF22C8W57","1","Y","V","G","F","2","2","C","8","W","5","7",0,0,0,"000000000","00000000000",0,0,0,1,0,0,0,0,0,0,0,998,0,0,0,12,6,2,12,0,0,0,1,24,21740,6,1,0,0,3,0,65,150,0,1,0,0,1,3,2015,10,2015,0,28,51,6,0,1,2,40,3,6,2,1,0,0,1,10,99,1,2,50,"777777777777","777777777777","777777777777",1,1
24,240251,2,2,2,23,5,13,58,12,2,1,0,24,1,49,40,49040,4,2009,"4T1BE46K39U8","4","T","1","B","E","4","6","K","3","9","U","8",0,0,0,"000000000","00000000000",0,0,0,1,0,0,0,0,0,0,0,998,0,0,0,12,6,2,12,0,0,0,1,24,21536,6,1,0,0,3,0,64,150,0,0,0,0,0,0,0,0,0,0,0,0,0,0,1,2,40,3,6,2,1,0,0,1,62,99,1,1,51,"777777777777","777777777777","777777777777",1,0
24,240252,1,2,2,25,5,23,32,8,0,1,0,24,2,37,31,37031,2,1994,"2HGEH2355RH5","2","H","G","E","H","2","3","5","5","R","H","5",0,0,0,"000000000","00000000000",0,0,0,1,0,0,0,0,0,0,0,998,0,0,0,12,6,2,8,0,0,0,1,24,21030,6,1,0,0,3,0,68,220,0,0,0,1,1,5,2014,5,2014,0,0,0,0,0,3,2,55,1,5,2,1,0,0,1,80,7,9,1,13,"777777777777","777777777777","777777777777",0,0
24,240252,2,2,1,25,5,23,32,8,0,1,0,24,2,54,31,54031,3,1993,"JH4DA9354PS0","J","H","4","D","A","9","3","5","4","P","S","0",0,0,0,"000000000","00000000000",0,0,0,1,0,0,0,0,0,0,0,998,0,0,0,6,4,5,12,0,0,0,1,24,21136,6,1,0,0,3,0,72,120,0,0,0,0,0,0,0,0,0,0,0,0,0,0,3,2,55,1,3,2,1,0,0,2,61,16,1,1,98,"777777777777","777777777777","777777777777",0,0
24,240253,1,1,3,20,8,14,34,42,0,1,0,24,2,13,421,13421,15,2000,"5LMFU28A8YLJ","5","L","M","F","U","2","8","A","8","Y","L","J",0,0,0,"000000000","00000000000",0,0,0,1,0,0,0,0,0,0,0,998,0,0,0,12,6,2,42,0,0,1,1,24,21014,6,1,0,0,3,0,70,150,0,0,0,0,0,0,0,0,0,0,0,0,0,0,3,5,40,1,1,2,1,0,0,3,12,99,1,4,9,"777777777777","777777777777","777777777777",2,0
24,240254,1,2,1,21,8,3,4,12,1,1,0,24,2,37,32,37032,2,2002,"5FNRL185X2B0","5","F","N","R","L","1","8","5","X","2","B","0",0,0,0,"000000000","00000000000",0,0,0,1,0,0,0,0,0,0,0,0,0,0,0,6,6,2,12,0,0,0,1,24,21117,6,1,0,0,3,0,76,320,0,0,0,0,0,0,0,0,0,0,54,0,0,0,3,4,55,1,1,2,1,0,0,5,53,99,1,1,21,"777777777777","777777777777","777777777777",1,1
24,240254,2,2,1,21,8,3,4,12,1,1,0,24,2,12,423,12423,16,2002,"1FMNU43SX2EB","1","F","M","N","U","4","3","S","X","2","E","B",0,0,0,"000000000","00000000000",0,0,0,1,0,0,0,0,0,0,0,998,0,0,0,12,6,2,12,0,0,0,1,24,21032,6,1,6,0,3,0,72,245,0,1,0,0,1,11,2014,11,2014,0,0,0,0,0,3,4,55,1,1,2,1,0,0,1,50,99,1,1,20,"777777777777","777777777777","777777777777",0,1
24,240255,1,1,2,13,8,19,41,42,0,1,0,10,1,20,2,20002,4,2007,"2G1WT58K4792","2","G","1","W","T","5","8","K","4","7","9","2",0,0,0,"000000000","00000000000",0,0,0,1,0,0,0,0,0,0,0,998,0,0,0,9,6,2,42,0,0,0,1,10,19975,6,1,0,0,3,0,69,145,0,0,0,0,0,0,0,0,0,4,36,82,0,0,1,2,50,1,6,2,11,0,0,1,6,99,3,4,2,"777777777777","777777777777","777777777777",1,0
24,240257,1,2,1,20,8,22,35,12,11,1,0,40,2,23,881,23881,61,2011,"1GD374CAXB19","1","G","D","3","7","4","C","A","X","B","1","9",0,0,77,"777777777","77777777777",2,1,1,1,0,0,0,0,0,0,0,998,0,0,0,14,4,3,12,0,0,0,1,36,11237,6,1,6,0,3,0,72,999,0,0,2,0,1,2,2014,9,2014,0,99,99,99,99,3,3,25,1,1,2,1,0,0,1,17,99,1,1,90,"777777777777","777777777777","777777777777",0,0
24,240257,2,2,1,20,8,22,35,12,11,1,0,24,2,37,706,37706,80,1999,"JH2SC3502XM2","J","H","2","S","C","3","5","0","2","X","M","2",0,0,0,"000000000","00000000000",0,0,0,1,0,0,0,0,0,0,0,998,0,0,0,12,6,2,12,0,0,0,1,24,20783,6,1,0,0,3,0,66,190,0,1,0,0,0,6,2014,6,2014,0,0,0,0,0,3,3,35,1,1,2,1,0,0,1,66,99,1,1,90,"777777777777","777777777777","777777777777",1,0
24,240258,1,2,3,24,8,18,25,12,6,1,0,24,2,12,402,12402,14,2012,"1FAHP3K25CL2","1","F","A","H","P","3","K","2","5","C","L","2",0,0,0,"000000000","00000000000",0,0,0,1,0,0,0,0,0,0,0,998,0,0,0,11,6,2,12,0,0,0,1,24,21409,6,1,0,0,3,0,63,182,0,0,0,0,0,0,0,0,0,0,12,6,38,0,3,3,45,1,1,2,1,0,0,1,17,99,1,1,89,"777777777777","777777777777","777777777777",2,0
24,240258,2,2,1,24,8,18,25,12,6,1,0,24,1,14,401,14401,14,2006,"4M2EU47E56UJ","4","M","2","E","U","4","7","E","5","6","U","J",0,0,0,"000000000","00000000000",0,0,0,1,0,0,0,0,0,0,0,998,0,0,0,12,6,2,12,0,0,0,1,24,20772,6,1,0,0,3,0,65,140,0,0,0,0,1,12,2015,12,2015,0,0,0,0,0,3,3,45,1,1,2,1,0,0,1,66,99,1,1,88,"777777777777","777777777777","777777777777",0,0
24,240259,1,2,1,23,8,17,49,12,6,1,0,24,1,12,401,12401,14,2006,"1FMEU74E76UA","1","F","M","E","U","7","4","E","7","6","U","A",0,0,0,"000000000","00000000000",0,0,0,1,0,0,0,0,0,0,0,998,0,0,0,4,6,2,12,0,0,0,1,24,21060,6,1,0,0,3,0,69,157,0,0,0,0,0,0,0,0,0,0,38,48,0,0,1,2,45,1,1,2,1,0,0,11,15,99,1,1,68,"777777777777","777777777777","777777777777",0,0
24,240259,2,2,1,23,8,17,49,12,6,1,0,12,1,53,706,53706,80,2011,"JS1GR7MA8B21","J","S","1","G","R","7","M","A","8","B","2","1",0,0,0,"000000000","00000000000",0,0,0,1,0,0,0,0,0,0,0,998,0,0,0,12,6,8,12,0,0,0,1,12,32511,6,1,0,0,3,0,67,160,0,0,0,0,0,0,0,0,0,3,0,0,0,0,1,2,45,1,1,2,1,0,0,1,62,99,1,1,69,"777777777777","777777777777","777777777777",1,0
24,240260,1,2,2,20,8,16,10,12,2,1,0,24,1,12,481,12481,31,2000,"1FTSW31FXYEE","1","F","T","S","W","3","1","F","X","Y","E","E",0,0,0,"000000000","00000000000",0,0,0,1,0,0,0,0,0,0,0,998,0,0,0,12,6,2,12,0,0,0,1,24,20678,6,1,0,0,3,0,65,160,0,0,0,0,0,0,0,0,0,4,28,36,0,0,1,2,30,2,6,2,1,98,3,14,10,99,1,2,50,"777777777777","777777777777","777777777777",0,0
24,240260,2,2,1,20,8,16,10,12,2,1,0,24,1,6,51,6051,4,2013,"2C3CCAET6DH6","2","C","3","C","C","A","E","T","6","D","H","6",0,0,0,"000000000","00000000000",0,0,0,1,0,0,0,0,0,0,0,998,0,0,0,12,6,2,12,0,0,0,1,24,20676,6,1,0,0,3,0,70,155,0,3,0,0,0,5,2014,10,2015,0,0,0,0,0,1,2,30,2,6,2,1,98,3,14,62,99,1,1,51,"777777777777","777777777777","777777777777",1,0
24,240261,1,1,1,14,8,17,54,8,0,1,0,24,1,30,46,30046,4,2008,"WVWEK93C28E2","W","V","W","E","K","9","3","C","2","8","E","2",0,0,0,"000000000","00000000000",0,0,0,1,0,0,0,0,0,0,0,7,0,0,0,12,2,5,8,0,0,0,1,24,21660,6,1,0,0,3,0,59,105,0,0,0,1,0,4,2014,4,2014,0,0,0,0,0,1,2,50,1,1,2,1,0,0,2,80,16,1,1,13,"777777777777","777777777777","777777777777",0,0
24,240262,1,2,1,28,8,14,12,12,6,1,0,24,1,14,6,14006,4,2008,"2MEFM75V98X6","2","M","E","F","M","7","5","V","9","8","X","6",0,0,0,"000000000","00000000000",0,0,0,1,0,0,0,0,0,0,0,998,0,0,0,12,6,2,12,0,0,0,1,24,21234,6,1,0,0,3,0,63,200,0,0,0,0,0,0,0,0,0,4,41,6,0,0,1,2,50,3,1,2,1,0,0,10,16,99,1,2,84,"777777777777","777777777777","777777777777",1,0
24,240262,2,2,1,28,8,14,12,12,6,1,0,24,2,87,881,87881,63,1989,"1XPAL20X3KN2","1","X","P","A","L","2","0","X","3","K","N","2",0,0,88,"888888888","88888888888",3,2,4,1,0,0,0,0,0,0,0,0,0,0,0,8,6,2,12,0,0,0,1,24,21678,6,1,6,0,3,0,64,180,0,0,0,0,0,0,0,0,0,0,0,0,0,0,1,2,50,3,1,2,1,20,3,5,66,99,1,1,84,"777777777777","777777777777","777777777777",0,0
24,240263,1,2,4,28,8,22,52,12,6,1,0,24,2,54,35,54035,4,2008,"19UUA66218A0","1","9","U","U","A","6","6","2","1","8","A","0",0,0,0,"000000000","00000000000",0,0,0,1,0,0,0,0,0,0,0,998,0,0,0,10,6,2,12,0,0,0,1,24,20782,6,1,0,0,3,0,66,183,0,0,0,0,0,0,0,0,0,0,6,38,39,0,1,2,50,3,1,2,1,4,3,1,17,99,1,1,89,"777777777777","777777777777","777777777777",1,0
24,240263,2,2,1,28,8,22,52,12,6,1,0,24,2,49,40,49040,4,2003,"4T1BE32KX3U1","4","T","1","B","E","3","2","K","X","3","U","1",0,0,0,"000000000","00000000000",0,0,0,1,0,0,0,0,0,0,0,998,0,0,0,12,6,2,12,0,0,0,1,24,21639,6,1,0,0,3,0,70,160,0,0,0,0,0,0,0,0,0,0,0,0,0,0,1,2,40,3,1,2,1,4,3,14,66,99,1,1,88,"777777777777","777777777777","777777777777",0,0
24,240264,1,1,1,15,8,13,20,8,0,1,1,24,2,84,881,84881,63,2016,"1HTGRSNT6GH7","1","H","T","G","R","S","N","T","6","G","H","7",0,0,88,"888888888","88888888888",3,2,97,1,0,0,0,0,0,0,0,998,0,0,0,14,0,5,8,0,0,0,1,42,17349,6,1,6,0,3,0,68,170,0,0,0,0,0,0,0,0,0,0,0,0,0,0,1,2,25,1,1,2,1,0,0,8,80,1,1,1,13,"777777777777","777777777777","777777777777",0,0
24,240265,1,2,2,6,6,14,45,12,2,1,0,24,0,37,734,37734,90,2000,"478TE2303Y40","4","7","8","T","E","2","3","0","3","Y","4","0",0,0,0,"000000000","00000000000",0,0,0,1,0,0,0,0,0,0,0,998,0,0,0,12,6,2,12,0,0,1,1,24,21703,6,1,6,0,3,0,66,165,0,0,0,0,0,0,0,0,0,3,6,36,51,0,1,2,30,3,1,2,1,0,0,3,54,99,1,1,52,"777777777777","777777777777","777777777777",1,1
24,240265,2,2,2,6,6,14,45,12,2,1,0,24,2,63,37,63037,6,2014,"KNDJX3A55E70","K","N","D","J","X","3","A","5","5","E","7","0",0,0,0,"000000000","00000000000",0,0,0,1,0,0,0,0,0,0,0,998,0,0,0,12,6,2,12,0,0,0,1,24,21703,6,1,0,0,3,0,68,180,0,0,0,0,0,0,0,0,0,0,0,0,0,0,1,2,30,3,1,2,1,0,0,1,54,99,1,1,52,"777777777777","777777777777","777777777777",0,0
24,240266,1,3,1,15,8,3,27,12,2,1,0,24,2,20,9,20009,2,2015,"2G1FD1E34F91","2","G","1","F","D","1","E","3","4","F","9","1",0,0,0,"000000000","00000000000",0,0,0,1,0,0,0,0,0,0,0,998,0,0,0,12,6,2,12,0,0,1,1,24,21043,6,1,0,0,3,0,64,140,0,0,0,0,0,0,0,0,0,0,50,6,0,0,3,3,55,1,1,2,1,0,0,1,54,99,1,1,52,"777777777777","777777777777","777777777777",1,1
24,240266,2,3,1,15,8,3,27,12,2,1,0,17,2,84,881,84881,66,2010,"3HSCUAPR3AN2","3","H","S","C","U","A","P","R","3","A","N","2",1,3,57,"1084722","571084722",3,6,1,1,0,0,0,0,0,0,0,998,0,0,0,12,6,2,12,0,0,0,1,51,24012,6,1,6,0,3,0,66,192,0,0,0,0,0,0,0,0,0,0,0,0,0,0,3,3,55,1,1,2,1,0,0,1,54,99,1,1,52,"1S12E9535XD4","777777777777","777777777777",0,0
24,240266,3,3,1,15,8,3,27,12,2,1,0,24,1,20,2,20002,4,2007,"2G1WU58RX793","2","G","1","W","U","5","8","R","X","7","9","3",0,0,0,"000000000","00000000000",0,0,0,1,0,0,0,0,0,0,0,998,0,0,0,12,4,3,12,0,0,0,1,24,21227,6,1,0,0,3,0,74,310,0,0,0,1,0,11,2015,11,2015,0,0,0,0,0,3,3,55,1,1,2,1,0,0,1,61,99,1,1,98,"777777777777","777777777777","777777777777",0,0
24,240269,1,2,1,27,8,3,15,12,1,1,0,51,1,20,421,20421,15,1997,"1GNEK13R8VJ3","1","G","N","E","K","1","3","R","8","V","J","3",0,0,0,"000000000","00000000000",0,0,0,1,0,0,0,0,0,0,0,998,0,1,3,12,6,2,1,0,0,0,1,24,20784,6,1,0,0,3,0,74,225,0,2,0,0,0,6,2014,5,2015,4,6,26,0,0,3,4,55,1,1,2,1,0,0,1,51,99,1,1,24,"777777777777","777777777777","777777777777",1,1
24,240269,2,2,1,27,8,3,15,12,1,1,0,51,1,49,40,49040,4,2007,"4T1BK46K37U5","4","T","1","B","K","4","6","K","3","7","U","5",0,0,0,"000000000","00000000000",0,0,0,1,0,0,0,0,0,0,0,998,0,0,0,6,4,5,12,0,0,0,1,51,23607,6,1,0,0,3,0,67,145,0,0,0,0,0,0,0,0,0,0,0,0,0,0,3,4,55,1,1,2,1,0,0,1,53,99,1,1,25,"777777777777","777777777777","777777777777",0,0
24,240270,1,1,1,7,9,5,18,42,0,1,0,24,2,49,32,49032,4,2004,"1NXBR32E24Z2","1","N","X","B","R","3","2","E","2","4","Z","2",0,0,0,"000000000","00000000000",0,0,0,1,0,0,0,0,0,0,0,998,0,0,0,2,6,2,2,0,0,1,1,24,20715,6,1,0,0,3,0,64,115,0,2,0,0,1,1,2015,6,2016,0,6,0,0,0,6,2,65,2,1,2,1,0,0,14,9,99,5,4,7,"777777777777","777777777777","777777777777",1,1
24,240271,1,1,2,24,8,13,15,9,0,1,0,24,2,7,442,7442,20,2009,"2D8HN54X99R6","2","D","8","H","N","5","4","X","9","9","R","6",0,0,0,"000000000","00000000000",0,0,0,1,0,0,0,0,0,0,0,998,0,0,0,12,4,3,9,0,0,0,1,24,20748,6,1,0,0,3,0,67,250,0,0,0,0,0,0,0,0,0,0,0,0,0,0,3,4,40,1,1,2,1,0,0,2,83,99,1,1,13,"777777777777","777777777777","777777777777",0,0
24,240272,1,1,1,27,7,22,15,8,0,1,0,24,2,49,43,49043,4,1997,"4T1BF12BXVU1","4","T","1","B","F","1","2","B","X","V","U","1",0,0,0,"000000000","00000000000",0,0,0,1,0,0,0,0,0,0,0,998,0,0,0,12,6,2,8,0,0,0,1,24,21207,6,1,0,0,3,0,72,310,0,0,0,0,0,0,0,0,0,0,0,0,0,0,1,4,35,1,5,2,1,0,0,1,80,99,1,1,13,"777777777777","777777777777","777777777777",0,0
24,240273,1,1,1,19,8,12,40,42,0,1,0,24,2,76,704,76704,80,2003,"JYARJ06E23A0","J","Y","A","R","J","0","6","E","2","3","A","0",0,0,0,"000000000","00000000000",0,0,0,1,0,0,0,0,0,0,0,998,0,0,0,12,6,2,42,0,0,0,1,24,21230,6,1,0,0,3,0,69,165,0,0,0,0,0,0,0,0,0,0,82,0,0,0,1,2,25,3,1,2,8,0,0,14,13,99,1,4,1,"777777777777","777777777777","777777777777",1,0
24,240274,1,1,1,6,8,9,35,1,0,1,0,24,1,20,470,20470,28,1995,"1GBEG25Z5SF2","1","G","B","E","G","2","5","Z","5","S","F","2",0,0,0,"000000000","00000000000",0,0,0,1,0,0,0,0,0,0,0,998,0,1,5,0,6,2,1,0,0,0,1,24,21804,6,1,0,0,3,0,72,150,0,0,0,0,0,0,0,0,0,0,0,0,0,0,1,2,50,2,1,2,1,0,0,98,98,1,1,5,98,"777777777777","777777777777","777777777777",1,1
24,240276,1,2,1,17,9,20,35,5,0,1,0,42,1,37,706,37706,80,2005,"1HFSC52055A2","1","H","F","S","C","5","2","0","5","5","A","2",0,0,0,"000000000","00000000000",0,0,0,1,0,0,0,0,0,0,0,998,0,0,0,0,6,2,5,0,0,0,1,42,17013,6,1,0,0,3,0,66,999,0,0,0,1,0,9,2016,9,2016,4,0,0,0,0,3,4,55,1,1,2,1,40,3,15,9,99,9,2,0,"777777777777","777777777777","777777777777",1,0
24,240276,2,2,1,17,9,20,35,5,0,1,1,99,9,99,999,99999,99,9999,"999999999999","9","9","9","9","9","9","9","9","9","9","9","9",0,0,0,"000000000","00000000000",0,0,0,1,0,0,0,0,0,0,0,998,0,0,0,14,4,5,54,0,0,0,1,99,99999,9,9,99,9,9,9,999,999,99,99,99,99,99,99,9999,99,9999,0,0,0,0,0,3,4,55,1,1,2,1,40,3,15,90,99,9,1,98,"777777777777","777777777777","777777777777",0,0