"STATE","ST_CASE","VEH_NO","VE_FORMS","NUMOCCS","DAY","MONTH","HOUR","MINUTE","HARM_EV","MAN_COLL","UNITTYPE","HIT_RUN","REG_STAT","OWNER","MAKE","MODEL","MAK_MOD","BODY_TYP","MOD_YEAR","VIN","VIN_1","VIN_2","VIN_3","VIN_4","VIN_5","VIN_6","VIN_7","VIN_8","VIN_9","VIN_10","VIN_11","VIN_12","TOW_VEH","J_KNIFE","MCARR_I1","MCARR_I2","MCARR_ID","GVWR","V_CONFIG","CARGO_BT","HAZ_INV","HAZ_PLAC","HAZ_ID","HAZ_CNO","HAZ_REL","BUS_USE","SPEC_USE","EMER_USE","TRAV_SP","UNDERIDE","ROLLOVER","ROLINLOC","IMPACT1","DEFORMED","TOWED","M_HARM","VEH_SC1","VEH_SC2","FIRE_EXP","DR_PRES","L_STATE","DR_ZIP","L_STATUS","L_TYPE","CDL_STAT","L_ENDORS","L_COMPL","L_RESTRI","DR_HGT","DR_WGT","PREV_ACC","PREV_SUS","PREV_DWI","PREV_SPD","PREV_OTH","FIRST_MO","FIRST_YR","LAST_MO","LAST_YR","SPEEDREL","DR_SF1","DR_SF2","DR_SF3","DR_SF4","VTRAFWAY","VNUM_LAN","VSPD_LIM","VALIGN","VPROFILE","VPAVETYP","VSURCOND","VTRAFCON","VTCONT_F","P_CRASH1","P_CRASH2","P_CRASH3","PCRASH4","PCRASH5","ACC_TYPE","TRLR1VIN","TRLR2VIN","TRLR3VIN","DEATHS","DR_DRINK"
24,240277,1,1,3,16,9,23,6,8,0,1,0,37,1,30,40,30040,4,2012,"3VWBX7AJ6CM4","3","V","W","B","X","7","A","J","6","C","M","4",0,0,0,"000000000","00000000000",0,0,0,1,0,0,0,0,0,0,0,998,0,0,0,12,4,3,8,0,0,0,1,37,27514,6,1,0,0,3,0,69,999,0,0,0,0,0,0,0,0,0,0,0,0,0,0,2,2,55,1,1,2,1,0,0,1,81,99,1,1,13,"777777777777","777777777777","777777777777",0,0
24,240278,1,2,2,17,9,18,47,12,2,1,0,24,2,37,31,37031,4,2001,"2HGES15591H5","2","H","G","E","S","1","5","5","9","1","H","5",0,0,0,"000000000","00000000000",0,0,0,1,0,0,0,0,0,0,0,998,0,0,0,12,6,2,12,0,0,0,1,24,20737,0,0,0,0,0,0,999,999,0,0,0,0,0,0,0,0,0,0,6,28,0,0,1,2,50,1,1,2,1,0,0,1,10,99,1,2,50,"777777777777","777777777777","777777777777",1,1
24,240278,2,2,4,17,9,18,47,12,2,1,0,51,2,49,403,49403,14,2001,"JTEGF21A4100","J","T","E","G","F","2","1","A","4","1","0","0",0,0,0,"000000000","00000000000",0,0,0,1,0,0,0,0,0,0,0,998,0,0,0,12,6,2,12,0,0,0,1,51,22033,6,1,0,0,3,0,65,185,0,0,0,0,0,0,0,0,0,0,0,0,0,0,1,2,50,1,1,2,1,0,0,1,62,99,1,1,51,"777777777777","777777777777","777777777777",0,0
24,240279,1,1,1,26,8,15,47,9,0,1,0,24,3,12,881,12881,61,2007,"1FDAW56P87EB","1","F","D","A","W","5","6","P","8","7","E","B",0,0,77,"777777777","77777777777",2,99,99,1,0,0,0,0,0,0,0,998,0,0,0,8,0,8,9,0,0,0,1,24,21136,6,1,0,0,3,0,71,155,0,0,0,0,0,0,0,0,0,0,0,0,0,0,2,2,30,1,6,2,1,20,3,2,80,99,1,1,13,"777777777777","777777777777","777777777777",0,0
24,240280,1,1,1,10,8,0,57,8,0,1,0,24,1,12,422,12422,15,2001,"1FMPU16L41LB","1","F","M","P","U","1","6","L","4","1","L","B",0,0,0,"000000000","00000000000",0,0,0,1,0,0,0,0,0,0,0,998,0,0,0,12,4,3,8,0,0,0,1,24,21157,6,1,0,0,3,0,69,165,0,0,0,0,0,0,0,0,0,0,0,0,0,0,1,2,40,1,6,2,1,0,0,1,80,99,1,1,13,"777777777777","777777777777","777777777777",0,0
24,240281,1,3,1,19,9,20,39,12,6,1,0,24,1,23,471,23471,30,2003,"1GTCS19X6381","1","G","T","C","S","1","9","X","6","3","8","1",0,0,0,"000000000","00000000000",0,0,0,1,0,0,0,0,0,0,0,998,0,0,0,11,6,2,12,0,0,0,1,24,20646,6,1,0,0,3,0,73,213,0,0,0,0,0,0,0,0,0,0,39,38,0,0,3,2,55,1,1,2,2,3,3,1,17,99,1,1,89,"777777777777","777777777777","777777777777",1,0
24,240281,2,3,1,19,9,20,39,12,6,1,0,24,1,12,481,12481,31,1990,"1FTEF25HXLNB","1","F","T","E","F","2","5","H","X","L","N","B",0,0,0,"000000000","00000000000",0,0,0,1,0,0,0,0,0,0,0,998,0,0,0,12,6,2,12,0,0,0,1,24,20616,6,1,6,0,3,0,72,185,0,0,0,0,2,4,2015,6,2016,0,0,0,0,0,3,2,55,1,1,2,2,3,3,1,66,99,1,1,88,"777777777777","777777777777","777777777777",1,0
24,240281,3,3,1,19,9,20,39,12,6,1,0,24,2,52,402,52402,14,2006,"4A4MN21S96E0","4","A","4","M","N","2","1","S","9","6","E","0",0,0,0,"000000000","00000000000",0,0,0,1,0,0,0,0,0,0,0,0,0,0,0,12,4,5,54,0,0,0,1,24,20675,6,1,0,0,3,0,68,150,0,0,0,1,0,8,2016,8,2016,0,0,0,0,0,3,2,55,1,1,2,2,3,3,2,98,99,1,1,98,"777777777777","777777777777","777777777777",0,0
24,240282,1,4,1,21,9,13,37,12,1,1,0,51,1,20,481,20481,31,2008,"1GCEK19C08Z1","1","G","C","E","K","1","9","C","0","8","Z","1",0,0,0,"000000000","00000000000",0,0,0,1,0,0,0,0,0,0,0,998,0,0,0,12,6,2,12,0,0,0,1,51,20171,6,1,0,0,3,0,74,245,0,0,0,0,0,0,0,0,0,0,6,26,0,0,3,2,55,1,1,2,1,0,0,1,50,99,1,1,20,"777777777777","777777777777","777777777777",0,0
24,240282,2,4,2,21,9,13,37,12,1,1,0,24,1,58,32,58032,4,2002,"JNKBF01A92M0","J","N","K","B","F","0","1","A","9","2","M","0",0,0,0,"000000000","00000000000",0,0,0,1,0,0,0,0,0,0,0,0,0,0,0,6,6,2,12,0,0,0,1,24,20772,6,1,6,0,3,0,73,220,0,0,0,1,0,2,2014,2,2014,0,0,0,0,0,3,2,55,1,1,2,1,0,0,5,53,99,1,1,21,"777777777777","777777777777","777777777777",1,0
24,240282,3,4,2,21,9,13,37,12,1,1,0,24,1,42,48,42048,4,2003,"WDBUF65J43A1","W","D","B","U","F","6","5","J","4","3","A","1",0,0,0,"000000000","00000000000",0,0,0,1,0,0,0,0,0,0,0,0,0,0,0,6,6,2,12,0,0,0,1,24,20735,6,1,0,0,3,0,72,175,0,0,0,0,0,0,0,0,0,0,0,0,0,0,3,2,55,1,1,2,1,0,0,5,53,99,1,1,98,"777777777777","777777777777","777777777777",0,0
24,240282,4,4,3,21,9,13,37,12,1,1,0,51,1,49,482,49482,31,2013,"5TFRM5F14DX0","5","T","F","R","M","5","F","1","4","D","X","0",1,1,0,"000000000","00000000000",0,0,0,1,0,0,0,0,0,0,0,0,0,0,0,6,2,3,12,0,0,0,1,51,22079,6,1,0,0,3,0,65,150,0,0,0,0,0,0,0,0,0,0,0,0,0,0,3,2,55,1,1,2,1,0,0,5,53,99,1,1,98,"2rea2s7a4y2y","777777777777","777777777777",0,0
24,240284,1,1,1,13,9,21,38,33,0,1,0,24,3,98,983,98983,52,2010,"5FYH5FU04AB0","5","F","Y","H","5","F","U","0","4","A","B","0",0,0,88,"888888888","88888888888",3,21,22,1,0,0,0,0,6,3,0,998,0,0,0,12,4,5,8,0,0,0,1,24,21225,6,1,6,0,3,0,66,223,0,0,0,0,0,0,0,0,0,0,0,0,0,0,2,2,35,1,5,2,1,0,0,1,80,7,9,1,15,"777777777777","777777777777","777777777777",0,0
24,240285,1,3,1,13,9,20,5,12,1,1,0,24,1,2,403,2403,14,2014,"1C4BJWDGXEL2","1","C","4","B","J","W","D","G","X","E","L","2",0,0,0,"000000000","00000000000",0,0,0,1,0,0,0,0,0,0,0,998,0,0,0,12,6,2,12,0,0,0,1,24,21044,6,1,0,0,3,0,74,210,0,0,0,0,0,0,0,0,0,0,6,0,0,0,3,2,55,1,1,2,1,0,0,1,50,1,1,1,32,"777777777777","777777777777","777777777777",0,0
24,240285,2,3,2,13,9,20,5,12,1,1,0,24,1,37,402,37402,14,2003,"JHLRD78453C0","J","H","L","R","D","7","8","4","5","3","C","0",0,0,0,"000000000","00000000000",0,0,0,1,0,0,0,0,0,0,0,998,0,0,0,6,6,2,12,0,0,0,1,24,21042,6,1,0,0,3,0,68,150,0,0,0,0,0,0,0,0,0,0,83,0,0,0,3,2,55,1,1,2,1,0,0,2,87,16,9,1,32,"777777777777","777777777777","777777777777",1,0
24,240285,3,3,2,13,9,20,5,12,1,1,0,24,2,12,401,12401,14,2002,"1FMDU73W92UA","1","F","M","D","U","7","3","W","9","2","U","A",0,0,0,"000000000","00000000000",0,0,0,1,0,0,0,0,0,0,0,998,0,0,0,5,4,5,12,0,0,0,1,24,21037,6,1,0,0,3,0,61,115,0,0,0,0,0,0,0,0,0,0,0,0,0,0,3,2,55,1,1,2,1,0,0,1,78,99,1,9,98,"777777777777","777777777777","777777777777",0,0
24,240286,1,2,4,23,9,18,7,24,0,1,0,36,1,37,31,37031,4,1998,"1HGEJ6674WL0","1","H","G","E","J","6","6","7","4","W","L","0",0,0,0,"000000000","00000000000",0,0,0,1,0,0,0,0,0,0,0,998,0,0,0,12,6,2,12,0,0,0,1,36,10453,6,1,0,0,3,0,71,999,0,0,0,0,0,0,0,0,0,0,58,0,0,0,2,2,65,1,1,2,1,0,0,15,13,99,1,4,15,"777777777777","777777777777","777777777777",1,0
24,240286,2,2,1,23,9,18,7,24,0,1,0,51,3,82,881,82881,66,2017,"1FUJGLDV4HLH","1","F","U","J","G","L","D","V","4","H","L","H",1,1,24,"084328","24084328",3,6,1,2,1,8888,88,1,0,0,0,998,0,0,0,12,4,5,12,0,0,0,1,51,24431,6,1,6,0,3,0,68,178,0,0,0,0,0,0,0,0,0,0,0,0,0,0,2,2,65,1,1,2,1,0,0,1,64,6,9,2,98,"1JJV532W03L8","777777777777","777777777777",0,0
24,240287,1,1,3,10,9,21,41,42,0,1,0,24,1,12,3,12003,2,2012,"1ZVBP8JS5C52","1","Z","V","B","P","8","J","S","5","C","5","2",0,0,0,"000000000","00000000000",0,0,0,1,0,0,0,0,0,0,0,998,0,0,0,12,6,2,42,0,0,0,1,24,21921,6,1,0,0,3,0,72,175,0,0,0,0,0,0,0,0,0,3,99,99,99,99,1,2,35,1,6,2,1,0,0,1,12,99,9,4,7,"777777777777","777777777777","777777777777",1,0
24,240289,1,4,2,30,9,2,1,12,1,1,0,18,3,82,881,82881,66,2016,"3AKJGLDR0GSG","3","A","K","J","G","L","D","R","0","G","S","G",1,2,57,"054283","57054283",3,6,1,2,1,8888,1,2,0,0,0,998,0,0,0,6,6,2,12,0,0,0,1,6,91764,6,1,6,0,3,0,63,150,0,0,0,0,0,0,0,0,0,4,6,87,0,0,3,2,70,2,6,2,2,0,0,1,98,99,9,1,33,"1JJV532D3GL9","777777777777","777777777777",0,0
24,240289,2,4,1,30,9,2,1,12,1,1,0,24,1,20,23,20023,6,2008,"3GNCA13D08S6","3","G","N","C","A","1","3","D","0","8","S","6",0,0,0,"000000000","00000000000",0,0,0,1,0,0,0,0,0,0,0,998,0,0,0,12,6,2,12,0,0,0,1,24,21502,6,1,0,0,3,0,67,142,0,0,0,0,0,0,0,0,0,0,59,0,0,0,3,2,70,2,6,2,2,0,0,1,50,6,9,2,33,"777777777777","777777777777","777777777777",1,0
24,240289,3,4,1,30,9,2,1,12,1,1,0,42,3,82,881,82881,66,2016,"1FUJGEBG4GLH","1","F","U","J","G","E","B","G","4","G","L","H",1,1,57,"612151","57612151",3,6,1,2,1,8888,1,2,0,0,0,998,0,0,0,12,6,2,12,0,0,0,1,42,15672,6,1,6,0,3,0,72,999,0,0,0,1,0,9,2015,9,2015,0,0,0,0,0,3,2,70,2,6,2,2,0,0,1,50,99,9,1,98,"1GRAA9629EB7","777777777777","777777777777",0,0
24,240289,4,4,1,30,9,2,1,12,1,1,0,12,1,82,850,82850,73,2005,"4UZACHCY95CV","4","U","Z","A","C","H","C","Y","9","5","C","V",6,0,0,"000000000","00000000000",0,0,0,1,0,0,0,0,0,0,0,998,0,0,0,12,4,5,12,0,0,0,1,12,33919,6,1,0,0,3,3,71,999,0,0,0,0,3,8,2012,9,2016,0,0,0,0,0,3,2,70,2,6,2,2,0,0,1,50,99,9,1,98,"777777777777","777777777777","777777777777",0,0
24,240290,1,2,1,25,9,18,22,12,6,1,0,24,1,55,33,55033,4,2011,"5NPEB4ACXBH2","5","N","P","E","B","4","A","C","X","B","H","2",0,0,0,"000000000","00000000000",0,0,0,1,0,0,0,0,0,0,0,998,0,0,0,9,6,2,12,0,0,0,1,24,20747,6,1,0,0,3,0,65,110,0,0,0,0,0,0,0,0,0,0,0,0,0,0,2,3,35,3,6,2,1,20,3,3,17,99,1,1,89,"777777777777","777777777777","777777777777",1,0
24,240290,2,2,1,25,9,18,22,12,6,1,0,24,1,12,401,12401,14,2002,"1FMZU73E42UA","1","F","M","Z","U","7","3","E","4","2","U","A",0,0,0,"000000000","00000000000",0,0,0,1,0,0,0,0,0,0,0,998,0,0,0,12,6,2,12,0,0,0,1,24,20906,6,1,0,0,3,0,68,158,0,0,0,0,0,0,0,0,0,0,0,0,0,0,2,3,35,3,6,2,1,20,3,1,66,99,1,1,88,"777777777777","777777777777","777777777777",0,0
24,240291,1,1,1,8,6,13,20,9,0,1,0,24,2,37,441,37441,20,2001,"2HKRL18641H5","2","H","K","R","L","1","8","6","4","1","H","5",0,0,0,"000000000","00000000000",0,0,0,1,0,0,0,0,0,0,0,998,0,0,0,12,4,3,9,0,0,0,1,24,21216,6,1,0,0,3,0,73,270,0,0,0,0,0,0,0,0,0,0,0,0,0,0,1,2,30,1,1,2,1,3,3,1,80,99,1,1,13,"777777777777","777777777777","777777777777",0,0
24,240292,1,1,1,21,9,14,26,8,0,1,0,24,2,35,47,35047,4,2016,"1N4BL3AP5GC1","1","N","4","B","L","3","A","P","5","G","C","1",0,0,0,"000000000","00000000000",0,0,0,1,0,0,0,0,0,0,0,998,0,0,0,12,4,3,8,0,0,0,1,24,20744,6,1,0,0,3,0,68,125,0,0,0,0,0,0,0,0,0,0,39,0,0,0,3,6,30,1,6,2,1,98,3,1,84,99,1,1,13,"777777777777","777777777777","777777777777",0,0
24,240293,1,1,1,1,10,20,9,53,0,1,0,8,2,55,33,55033,4,2015,"5NPDH4AE7FH6","5","N","P","D","H","4","A","E","7","F","H","6",0,0,0,"000000000","00000000000",0,0,0,1,0,0,0,0,0,0,0,998,0,0,0,12,6,2,42,0,0,0,1,24,21853,6,1,0,0,3,0,67,210,0,0,0,2,0,12,2014,12,2014,3,6,0,0,0,1,2,50,2,1,2,2,0,0,1,12,99,1,4,6,"777777777777","777777777777","777777777777",1,1
24,240294,1,1,1,4,10,19,36,8,0,1,0,24,2,12,481,12481,31,2000,"1FTRX17W1YNB","1","F","T","R","X","1","7","W","1","Y","N","B",0,0,0,"000000000","00000000000",0,0,0,1,0,0,0,0,0,0,0,998,0,0,0,12,2,5,8,0,0,0,1,24,20707,6,1,0,0,3,0,71,185,0,0,0,0,1,10,2015,10,2015,0,0,0,0,0,2,3,45,1,6,2,1,0,0,1,80,99,1,1,13,"777777777777","777777777777","777777777777",0,1
24,240295,1,2,1,6,10,9,2,12,6,1,0,10,1,73,706,73706,80,2005,"JKAZXCC115A0","J","K","A","Z","X","C","C","1","1","5","A","0",0,0,0,"000000000","00000000000",0,0,0,1,0,0,0,0,0,0,0,998,0,0,0,12,6,2,12,0,0,0,1,24,21921,6,1,0,0,3,0,70,165,0,0,0,0,1,5,2014,5,2014,0,28,0,0,0,1,2,40,1,1,2,1,0,0,1,61,99,1,1,73,"777777777777","777777777777","777777777777",1,0
24,240295,2,2,1,6,10,9,2,12,6,1,0,10,3,86,881,86881,63,2010,"1M2AX13C6AM0","1","M","2","A","X","1","3","C","6","A","M","0",0,0,57,"231232","57231232",3,2,7,2,1,8888,88,1,0,0,0,998,0,0,0,8,0,3,12,0,0,0,1,10,19713,6,1,6,0,3,0,74,275,0,0,0,0,0,0,0,0,0,0,0,0,0,0,1,2,40,1,1,2,1,0,0,11,15,99,1,1,72,"777777777777","777777777777","777777777777",0,0
24,240296,1,2,1,30,8,14,52,12,6,1,0,24,1,20,23,20023,6,2011,"3GNBABFW2BS5","3","G","N","B","A","B","F","W","2","B","S","5",0,0,0,"000000000","00000000000",0,0,0,1,0,0,0,0,0,0,0,998,0,0,0,2,6,2,12,0,0,0,1,24,21220,6,1,0,0,3,0,65,190,0,0,0,0,0,0,0,0,0,0,6,38,0,0,1,2,30,1,1,2,1,0,0,11,15,99,1,1,68,"777777777777","777777777777","777777777777",1,0
24,240296,2,2,1,30,8,14,52,12,6,1,0,24,1,7,29,7029,4,2013,"1C3CDFBA0DD1","1","C","3","C","D","F","B","A","0","D","D","1",0,0,0,"000000000","00000000000",0,0,0,1,0,0,0,0,0,0,0,998,0,0,0,12,6,2,12,0,0,0,1,24,21220,6,1,0,0,3,0,63,120,0,0,0,0,0,0,0,0,0,0,0,0,0,0,1,2,30,1,1,2,1,0,0,1,62,99,1,1,69,"777777777777","777777777777","777777777777",0,0
24,240297,1,1,1,4,9,10,36,14,0,1,0,24,2,6,441,6441,20,2001,"2C8GP54L41R2","2","C","8","G","P","5","4","L","4","1","R","2",0,0,0,"000000000","00000000000",0,0,0,1,0,0,0,0,0,0,0,998,0,0,0,12,6,2,14,0,0,0,1,24,21113,1,1,0,0,2,0,68,175,0,1,0,0,1,7,2015,7,2016,4,13,28,0,0,2,2,25,1,1,2,1,0,0,1,11,1,1,2,11,"777777777777","777777777777","777777777777",1,0
24,240298,1,2,1,24,9,16,37,12,6,1,0,24,2,49,401,49401,14,2015,"JTEBU5JR8F52","J","T","E","B","U","5","J","R","8","F","5","2",0,0,0,"000000000","00000000000",0,0,0,1,0,0,0,0,0,0,0,998,0,0,0,12,6,2,12,0,0,0,1,24,21215,6,1,0,0,3,0,66,190,0,0,0,0,1,1,2014,1,2014,0,0,0,0,0,1,2,30,1,1,2,1,0,0,2,62,99,1,1,65,"777777777777","777777777777","777777777777",0,0
24,240298,2,2,6,24,9,16,37,12,6,1,0,24,2,54,35,54035,4,2000,"19UUA5664YA0","1","9","U","U","A","5","6","6","4","Y","A","0",0,0,0,"000000000","00000000000",0,0,0,1,0,0,0,0,0,0,0,998,0,0,0,8,6,2,12,0,0,0,1,24,21223,6,7,0,0,3,2,71,210,0,0,0,0,0,0,0,0,0,3,28,74,0,0,1,2,30,1,1,2,1,0,0,98,9,99,9,2,64,"777777777777","777777777777","777777777777",1,1
24,240299,1,2,1,3,10,8,40,12,2,1,0,24,1,55,401,55401,14,2017,"KM8SNDHF8HU1","K","M","8","S","N","D","H","F","8","H","U","1",0,0,0,"000000000","00000000000",0,0,0,1,0,0,0,0,0,0,0,998,0,0,0,12,6,2,12,0,0,0,1,24,21617,6,1,0,0,3,0,64,127,0,0,0,0,1,10,2016,10,2016,0,38,48,6,0,1,2,50,1,6,2,1,0,0,11,15,99,1,1,68,"777777777777","777777777777","777777777777",0,0
24,240299,2,2,4,3,10,8,40,12,2,1,0,24,2,12,402,12402,14,2016,"1FMCU0G71GUB","1","F","M","C","U","0","G","7","1","G","U","B",0,0,0,"000000000","00000000000",0,0,0,1,0,0,0,0,0,0,0,998,0,0,0,12,6,2,12,0,0,0,1,24,21623,6,1,0,0,3,0,60,95,0,0,0,0,0,0,0,0,0,0,0,0,0,0,1,2,50,1,6,2,1,0,0,1,62,99,1,1,69,"777777777777","777777777777","777777777777",1,0
24,240300,1,2,1,8,10,2,19,12,6,1,0,24,1,20,37,20037,4,2013,"1G11D5SR7DF1","1","G","1","1","D","5","S","R","7","D","F","1",0,0,0,"000000000","00000000000",0,0,0,1,0,0,0,0,0,0,0,998,0,0,0,12,6,2,12,0,0,1,1,24,20602,6,1,0,0,3,0,65,160,0,0,0,0,0,0,0,0,0,0,48,38,0,0,3,2,35,1,1,2,1,0,0,11,15,99,1,1,68,"777777777777","777777777777","777777777777",1,0
24,240300,2,2,1,8,10,2,19,12,6,1,0,24,2,20,27,20027,4,2012,"6G1MK5R28CL6","6","G","1","M","K","5","R","2","8","C","L","6",0,0,0,"000000000","00000000000",0,0,0,1,0,0,0,0,0,5,2,998,0,0,0,11,6,2,12,0,0,1,1,24,20646,6,1,0,0,3,0,62,129,0,0,0,0,0,0,0,0,0,0,0,0,0,0,3,2,35,1,1,2,1,0,0,1,62,99,1,1,69,"777777777777","777777777777","777777777777",0,0
24,240301,1,1,1,2,10,16,55,42,0,1,0,24,2,20,473,20473,30,2006,"1GCCS1486682","1","G","C","C","S","1","4","8","6","6","8","2",0,0,0,"000000000","00000000000",0,0,0,1,0,0,0,0,0,0,0,998,0,0,0,12,6,2,42,0,0,0,1,24,21814,6,1,0,0,3,0,69,185,0,0,0,0,1,8,2014,8,2014,3,36,0,0,0,1,2,50,1,1,2,1,0,0,1,9,99,9,4,7,"777777777777","777777777777","777777777777",1,1
24,240302,1,1,1,11,10,5,55,8,0,1,0,24,1,12,23,12023,4,2011,"3FAHP0HA2BR2","3","F","A","H","P","0","H","A","2","B","R","2",0,0,0,"000000000","00000000000",0,0,0,1,0,0,0,0,0,0,0,998,0,0,0,12,6,2,8,0,0,0,1,24,20685,6,1,0,0,3,0,72,230,0,1,0,0,0,2,2014,2,2014,0,86,0,0,0,1,2,30,1,3,2,1,0,0,3,81,99,1,1,13,"777777777777","777777777777","777777777777",0,0
24,240303,1,1,1,22,6,7,22,1,0,1,1,24,1,72,706,72706,80,2006,"1HD1FCW116Y7","1","H","D","1","F","C","W","1","1","6","Y","7",0,0,0,"000000000","00000000000",0,0,0,1,0,0,0,0,0,0,0,998,0,0,0,0,4,5,1,0,0,0,1,24,20732,6,1,0,0,3,0,72,290,0,0,0,1,0,1,2015,1,2015,0,84,0,0,0,3,2,50,1,1,2,1,0,0,1,61,9,9,1,98,"777777777777","777777777777","777777777777",1,0
24,240304,1,7,1,29,6,16,48,12,1,1,0,18,2,82,881,82881,66,2016,"3AKJGEBG3GSH","3","A","K","J","G","E","B","G","3","G","S","H",2,1,57,"120964","57120964",3,7,1,1,0,0,0,0,0,0,0,998,0,0,0,12,6,2,12,0,0,0,1,54,25422,6,1,6,1,3,0,71,230,0,0,0,0,1,4,2015,4,2015,4,6,26,0,0,3,3,60,1,1,2,1,0,0,1,50,99,1,1,20,"1G4AA561XGB7","1GRAA5616GB7","777777777777",0,0
24,240304,2,7,2,29,6,16,48,12,1,1,0,24,2,41,50,41050,4,2008,"1YVHP80C785M","1","Y","V","H","P","8","0","C","7","8","5","M",0,0,0,"000000000","00000000000",0,0,0,1,0,0,0,0,0,0,0,0,0,0,0,6,6,2,12,0,0,0,1,24,21740,6,1,0,0,3,0,75,180,0,1,0,2,0,5,2013,6,2013,0,0,0,0,0,3,3,60,1,1,2,1,0,0,2,53,99,1,1,21,"777777777777","777777777777","777777777777",1,0
24,240304,3,7,1,29,6,16,48,12,1,1,0,24,2,20,481,20481,31,2016,"3GCUKREC6GG1","3","G","C","U","K","R","E","C","6","G","G","1",0,0,0,"000000000","00000000000",0,0,0,1,0,0,0,0,0,0,0,0,0,0,0,6,6,2,12,0,0,0,1,24,21750,6,1,0,0,3,0,75,280,0,0,0,0,0,0,0,0,0,0,0,0,0,0,3,3,60,1,1,2,1,0,0,5,53,99,1,1,98,"777777777777","777777777777","777777777777",0,0
24,240304,4,7,1,29,6,16,48,12,1,1,0,42,1,55,401,55401,14,2004,"KM8SC73D04U8","K","M","8","S","C","7","3","D","0","4","U","8",0,0,0,"000000000","00000000000",0,0,0,1,0,0,0,0,0,0,0,0,0,0,0,6,6,2,12,0,0,0,1,42,17257,6,1,0,0,3,0,69,999,0,0,0,0,0,0,0,0,0,0,0,0,0,0,3,3,60,1,1,2,1,0,0,5,53,99,1,1,98,"777777777777","777777777777","777777777777",0,0
24,240304,5,7,2,29,6,16,48,12,1,1,0,42,2,20,9,20009,2,2015,"2G1FF1E32F91","2","G","1","F","F","1","E","3","2","F","9","1",0,0,0,"000000000","00000000000",0,0,0,1,0,0,0,0,0,0,0,998,0,0,0,6,6,2,12,0,0,0,1,42,18330,6,1,0,0,3,0,66,999,0,0,0,0,0,0,0,0,0,0,0,0,0,0,3,3,60,1,1,2,1,0,0,2,60,99,1,1,98,"777777777777","777777777777","777777777777",0,0
24,240304,6,7,1,29,6,16,48,12,1,1,0,24,2,20,2,20002,4,2008,"2G1WB55K4891","2","G","1","W","B","5","5","K","4","8","9","1",0,0,0,"000000000","00000000000",0,0,0,1,0,0,0,0,0,5,0,0,0,0,0,6,6,2,12,0,0,0,1,24,21740,6,1,0,0,3,0,72,225,0,0,0,0,0,0,0,0,0,0,0,0,0,0,3,3,60,1,1,2,1,0,0,5,53,99,1,1,98,"777777777777","777777777777","777777777777",0,0
24,240304,7,7,1,29,6,16,48,12,1,1,0,24,1,35,51,35051,6,2012,"JN8AS5MT5CW6","J","N","8","A","S","5","M","T","5","C","W","6",0,0,0,"000000000","00000000000",0,0,0,1,0,0,0,0,0,0,0,998,0,0,0,6,4,5,12,0,0,0,1,24,21740,6,1,0,0,3,0,65,148,0,0,0,0,0,0,0,0,0,0,0,0,0,0,3,3,60,1,1,2,1,0,0,2,62,99,1,1,98,"777777777777","777777777777","777777777777",0,0
24,240305,1,1,2,3,9,2,17,8,0,1,0,24,1,12,3,12003,2,2013,"1ZVBP8CF7D52","1","Z","V","B","P","8","C","F","7","D","5","2",0,0,0,"000000000","00000000000",0,0,0,1,0,0,0,0,0,0,0,998,0,0,0,12,4,3,8,0,0,0,1,24,21042,6,1,0,0,3,0,72,185,0,0,0,1,0,5,2015,5,2015,0,0,0,0,0,3,3,55,3,1,2,1,0,0,1,80,99,1,1,13,"777777777777","777777777777","777777777777",0,0
24,240306,1,1,2,10,9,3,0,42,0,1,0,24,2,20,25,20025,4,2014,"1G1PC5SB2E74","1","G","1","P","C","5","S","B","2","E","7","4",0,0,0,"000000000","00000000000",0,0,0,1,0,0,0,0,0,0,0,998,0,0,0,12,6,2,42,0,0,0,1,24,21787,6,1,0,0,3,0,70,190,0,0,0,0,0,0,0,0,0,3,0,0,0,0,1,2,30,3,1,2,1,0,0,1,13,99,1,4,1,"777777777777","777777777777","777777777777",1,1
24,240307,1,2,1,5,10,15,14,12,2,1,0,24,1,37,705,37705,80,2014,"JH2RC5340EK7","J","H","2","R","C","5","3","4","0","E","K","7",0,0,0,"000000000","00000000000",0,0,0,1,0,0,0,0,0,0,0,998,0,0,0,12,6,2,12,0,0,0,1,24,21502,6,1,0,0,3,0,71,174,0,1,0,0,0,12,2015,12,2015,0,28,0,0,0,2,2,25,2,1,2,1,0,0,1,10,99,1,2,50,"777777777777","777777777777","777777777777",1,0
24,240307,2,2,1,5,10,15,14,12,2,1,0,24,2,82,881,82881,64,2014,"1FVACWDT0EHF","1","F","V","A","C","W","D","T","0","E","H","F",0,0,88,"888888888","88888888888",3,2,3,1,0,0,0,0,0,0,0,998,0,0,0,12,4,8,12,0,0,0,1,24,21532,6,1,6,0,3,0,68,200,0,0,0,0,0,0,0,0,0,0,0,0,0,0,2,2,25,2,1,2,1,0,0,14,62,99,1,1,51,"777777777777","777777777777","777777777777",0,0
24,240308,1,1,1,3,9,15,25,14,0,1,0,24,2,73,705,73705,80,1992,"JKAEXVA1XNA0","J","K","A","E","X","V","A","1","X","N","A","0",0,0,0,"000000000","00000000000",0,0,0,1,0,0,0,0,0,0,0,998,0,0,0,1,6,2,14,0,0,0,1,24,20613,2,1,2,0,2,2,69,186,0,1,0,0,0,9,2013,9,2013,0,6,74,0,0,1,2,25,1,1,2,1,0,0,1,11,99,1,2,11,"777777777777","777777777777","777777777777",1,0