"STATE","ST_CASE","VEH_NO","VE_FORMS","NUMOCCS","DAY","MONTH","HOUR","MINUTE","HARM_EV","MAN_COLL","UNITTYPE","HIT_RUN","REG_STAT","OWNER","MAKE","MODEL","MAK_MOD","BODY_TYP","MOD_YEAR","VIN","VIN_1","VIN_2","VIN_3","VIN_4","VIN_5","VIN_6","VIN_7","VIN_8","VIN_9","VIN_10","VIN_11","VIN_12","TOW_VEH","J_KNIFE","MCARR_I1","MCARR_I2","MCARR_ID","GVWR","V_CONFIG","CARGO_BT","HAZ_INV","HAZ_PLAC","HAZ_ID","HAZ_CNO","HAZ_REL","BUS_USE","SPEC_USE","EMER_USE","TRAV_SP","UNDERIDE","ROLLOVER","ROLINLOC","IMPACT1","DEFORMED","TOWED","M_HARM","VEH_SC1","VEH_SC2","FIRE_EXP","DR_PRES","L_STATE","DR_ZIP","L_STATUS","L_TYPE","CDL_STAT","L_ENDORS","L_COMPL","L_RESTRI","DR_HGT","DR_WGT","PREV_ACC","PREV_SUS","PREV_DWI","PREV_SPD","PREV_OTH","FIRST_MO","FIRST_YR","LAST_MO","LAST_YR","SPEEDREL","DR_SF1","DR_SF2","DR_SF3","DR_SF4","VTRAFWAY","VNUM_LAN","VSPD_LIM","VALIGN","VPROFILE","VPAVETYP","VSURCOND","VTRAFCON","VTCONT_F","P_CRASH1","P_CRASH2","P_CRASH3","PCRASH4","PCRASH5","ACC_TYPE","TRLR1VIN","TRLR2VIN","TRLR3VIN","DEATHS","DR_DRINK"
24,240309,1,2,2,28,5,1,5,12,6,1,0,24,2,55,35,55035,4,2013,"5NPDH4AE5DH3","5","N","P","D","H","4","A","E","5","D","H","3",0,0,0,"000000000","00000000000",0,0,0,1,0,0,0,0,0,0,0,998,0,0,0,12,6,2,12,0,0,0,1,24,21207,6,1,0,0,3,0,70,180,0,0,0,0,1,2,2014,2,2014,0,0,0,0,0,2,2,25,1,1,2,1,3,3,1,66,99,1,1,88,"777777777777","777777777777","777777777777",0,0
24,240309,2,2,1,28,5,1,5,12,6,1,0,24,2,98,709,98709,81,9999,"999999999999","9","9","9","9","9","9","9","9","9","9","9","9",0,0,0,"000000000","00000000000",0,0,0,1,0,0,0,0,0,0,0,998,0,0,0,11,6,2,12,0,0,0,1,24,21215,6,1,0,0,3,0,71,240,0,0,0,0,0,0,0,0,0,0,6,39,0,0,1,2,25,1,1,2,1,3,3,1,17,99,1,1,89,"777777777777","777777777777","777777777777",1,0
24,240310,1,1,1,12,9,7,30,9,0,1,0,24,1,49,46,49046,4,2010,"JTDKN3DU7A00","J","T","D","K","N","3","D","U","7","A","0","0",0,0,0,"000000000","00000000000",0,0,0,1,0,0,0,0,0,0,0,998,0,0,0,12,4,3,9,0,0,0,1,24,20910,6,1,0,0,3,0,68,170,0,0,0,0,0,0,0,0,0,0,38,0,0,0,1,4,35,1,1,2,1,3,3,3,83,99,1,1,13,"777777777777","777777777777","777777777777",0,0
24,240311,1,1,1,21,9,13,49,35,0,1,0,24,1,41,402,41402,14,2004,"4F2CZ04114KM","4","F","2","C","Z","0","4","1","1","4","K","M",0,0,0,"000000000","00000000000",0,0,0,1,0,0,0,0,0,0,0,998,0,1,5,12,6,2,1,0,0,0,1,24,21651,6,1,0,0,3,0,64,115,0,0,0,0,0,0,0,0,0,0,0,0,0,0,1,2,55,3,1,2,1,0,0,14,13,99,1,4,1,"777777777777","777777777777","777777777777",1,1
24,240312,1,1,1,14,7,4,7,8,0,1,0,24,2,12,481,12481,31,2012,"1FTEX1EM6CKD","1","F","T","E","X","1","E","M","6","C","K","D",0,0,0,"000000000","00000000000",0,0,0,1,0,0,0,0,0,0,0,998,0,0,0,14,0,5,8,0,0,0,1,24,21078,6,1,0,0,3,0,69,276,0,0,0,0,0,0,0,0,0,0,0,0,0,0,1,2,40,1,1,2,1,0,0,1,80,99,1,1,13,"777777777777","777777777777","777777777777",0,0
24,240313,1,3,1,24,7,2,58,12,1,1,0,24,1,54,35,54035,4,2008,"19UUA66228A0","1","9","U","U","A","6","6","2","2","8","A","0",0,0,0,"000000000","00000000000",0,0,0,1,0,0,0,0,0,0,0,998,0,0,0,12,6,2,12,0,0,0,1,24,20723,6,1,0,0,3,0,69,165,0,0,0,0,0,0,0,0,0,0,28,0,0,0,3,4,65,1,1,2,1,0,0,1,13,99,1,4,98,"777777777777","777777777777","777777777777",0,1
24,240313,2,3,1,24,7,2,58,12,1,1,0,24,6,63,37,63037,6,2014,"KNDJN2A28E70","K","N","D","J","N","2","A","2","8","E","7","0",0,0,0,"000000000","00000000000",0,0,0,1,0,0,0,0,0,0,0,0,0,1,6,6,6,2,12,0,0,0,0,0,99997,7,6,97,7,6,7,998,997,998,998,998,998,998,98,9998,98,9998,8,0,0,0,0,3,4,65,1,1,2,1,0,0,0,60,0,0,0,98,"777777777777","777777777777","777777777777",0,0
24,240313,3,3,1,24,7,2,58,12,1,1,0,24,1,37,441,37441,20,2016,"5FNRL5H69GB0","5","F","N","R","L","5","H","6","9","G","B","0",0,0,0,"000000000","00000000000",0,0,0,1,0,0,0,0,0,0,0,998,0,0,0,12,6,2,12,0,0,0,1,24,20904,6,1,0,0,3,0,68,152,0,0,0,0,0,0,0,0,0,0,0,0,0,0,3,4,65,1,1,2,1,0,0,1,64,99,1,1,98,"777777777777","777777777777","777777777777",0,1
24,240314,1,2,1,23,7,14,54,12,2,1,0,24,2,37,31,37031,4,2002,"2HGES26752H5","2","H","G","E","S","2","6","7","5","2","H","5",0,0,0,"000000000","00000000000",0,0,0,1,0,0,0,0,0,0,0,998,0,0,0,12,6,2,12,0,0,0,1,24,21850,6,1,0,0,3,0,68,165,0,0,0,0,0,0,0,0,0,0,28,0,0,0,1,2,50,1,1,2,1,0,0,1,11,99,1,2,50,"777777777777","777777777777","777777777777",1,0
24,240314,2,2,3,23,7,14,54,12,2,1,0,24,2,63,441,63441,20,2015,"KNDMC5C10F60","K","N","D","M","C","5","C","1","0","F","6","0",0,0,0,"000000000","00000000000",0,0,0,1,0,0,0,0,0,0,0,998,0,0,0,12,6,2,12,0,0,0,1,24,21841,6,1,0,0,3,0,68,120,0,0,0,0,0,0,0,0,0,0,0,0,0,0,1,2,50,1,1,2,1,0,0,1,62,99,1,1,51,"777777777777","777777777777","777777777777",0,0
24,240315,1,2,1,29,7,1,56,12,1,1,0,36,2,82,881,82881,66,2015,"1FUJGLBG3FLG","1","F","U","J","G","L","B","G","3","F","L","G",1,1,77,"777777777","77777777777",3,6,1,1,0,0,0,0,0,0,0,998,0,0,0,12,6,2,12,0,0,0,1,36,12859,6,1,6,0,3,0,72,999,0,0,0,0,0,0,0,0,0,0,99,99,99,99,3,4,55,1,1,2,2,0,0,2,50,1,1,1,32,"1GRAP0624HT6","777777777777","777777777777",0,0
24,240315,2,2,1,29,7,1,56,12,1,1,0,24,3,12,16,12016,4,2004,"2FAFP71W74X1","2","F","A","F","P","7","1","W","7","4","X","1",0,0,0,"000000000","00000000000",0,0,0,1,0,0,0,0,0,1,0,0,0,0,0,6,6,2,12,0,0,0,1,51,22306,6,1,0,0,3,0,66,135,0,0,0,0,0,0,0,0,0,0,54,0,0,0,3,4,55,1,1,2,2,0,0,5,51,99,1,1,32,"777777777777","777777777777","777777777777",1,0
24,240316,1,1,1,3,7,23,25,34,0,1,0,24,1,72,706,72706,80,2006,"1HD1FVW166Y6","1","H","D","1","F","V","W","1","6","6","Y","6",0,0,0,"000000000","00000000000",0,0,0,1,0,0,0,0,0,0,0,998,0,0,0,12,6,2,34,0,0,0,1,24,21643,6,1,0,0,3,0,74,305,0,0,0,0,0,0,0,0,0,0,6,0,0,0,1,2,40,3,6,2,1,0,0,14,13,99,1,4,1,"777777777777","777777777777","777777777777",1,1
24,240317,1,3,2,16,10,16,40,12,6,1,0,34,2,98,706,98706,80,2014,"2BXNABC13EV0","2","B","X","N","A","B","C","1","3","E","V","0",0,0,0,"000000000","00000000000",0,0,0,1,0,0,0,0,0,0,0,998,0,0,0,11,6,2,1,0,0,0,1,34,8360,6,1,0,0,3,0,65,161,0,0,0,0,0,0,0,0,0,4,6,0,0,0,3,3,65,2,1,2,1,0,0,2,10,99,9,2,45,"777777777777","777777777777","777777777777",2,0
24,240317,2,3,1,16,10,16,40,12,6,1,0,34,1,98,706,98706,80,2010,"2BXJADA17AV0","2","B","X","J","A","D","A","1","7","A","V","0",0,0,0,"000000000","00000000000",0,0,0,1,0,0,0,0,0,0,0,998,0,0,0,1,4,5,12,0,0,0,1,34,8302,6,1,0,0,3,0,72,181,0,0,0,0,0,0,0,0,0,0,0,0,0,0,3,3,65,2,1,2,1,0,0,2,61,99,1,1,44,"777777777777","777777777777","777777777777",0,0
24,240317,3,3,1,16,10,16,40,12,6,1,0,34,1,98,706,98706,80,2008,"2BXJAUA198V0","2","B","X","J","A","U","A","1","9","8","V","0",0,0,0,"000000000","00000000000",0,0,0,1,0,0,0,0,0,0,0,998,0,0,0,5,6,2,12,0,0,0,1,34,8012,6,1,0,0,3,0,71,220,0,0,0,0,0,0,0,0,0,0,0,0,0,0,3,3,65,2,1,2,1,0,0,2,52,99,1,1,98,"777777777777","777777777777","777777777777",0,0
24,240318,1,1,1,30,9,23,14,8,0,1,0,24,1,24,401,24401,14,2002,"5GZCZ23D92S8","5","G","Z","C","Z","2","3","D","9","2","S","8",0,0,0,"000000000","00000000000",0,0,0,1,0,0,0,0,0,0,0,998,0,0,0,12,6,2,8,0,0,0,1,24,21228,6,1,0,0,3,0,69,182,0,0,0,0,0,0,0,0,0,0,0,0,0,0,2,3,45,1,5,2,2,0,0,1,85,99,1,1,13,"777777777777","777777777777","777777777777",0,0
24,240319,1,2,2,1,10,15,21,12,2,1,0,24,1,7,29,7029,4,2013,"1C3CDFCH0DD3","1","C","3","C","D","F","C","H","0","D","D","3",0,0,0,"000000000","00000000000",0,0,0,1,0,0,0,0,0,0,0,998,0,0,0,12,6,2,12,0,0,0,1,24,21617,6,1,0,0,3,0,65,107,0,0,0,2,1,12,2015,6,2016,4,6,28,0,0,3,2,55,1,1,2,2,0,0,1,10,99,1,2,50,"777777777777","777777777777","777777777777",2,0
24,240319,2,2,2,1,10,15,21,12,2,1,0,24,1,20,28,20028,5,2013,"1G1JC6SG9D42","1","G","1","J","C","6","S","G","9","D","4","2",0,0,0,"000000000","00000000000",0,0,0,1,0,0,0,0,0,0,0,998,0,0,0,12,6,2,12,0,0,0,1,24,21113,6,1,0,0,3,0,75,145,0,0,0,0,0,0,0,0,0,0,0,0,0,0,3,2,55,1,1,2,2,0,0,1,62,99,1,1,51,"777777777777","777777777777","777777777777",1,0
24,240320,1,2,1,2,9,22,53,12,6,1,0,24,2,76,706,76706,80,2003,"JYARN10E53A0","J","Y","A","R","N","1","0","E","5","3","A","0",0,0,0,"000000000","00000000000",0,0,0,1,0,0,0,0,0,0,0,998,0,0,0,12,6,2,12,0,0,0,1,24,21216,1,1,0,0,2,0,66,150,0,1,0,0,0,11,2015,11,2015,0,39,6,35,0,4,2,30,1,1,2,1,3,3,6,66,11,1,1,88,"777777777777","777777777777","777777777777",1,0
24,240320,2,2,1,2,9,22,53,12,6,1,0,24,1,12,17,12017,6,1997,"1FALP57U3VG1","1","F","A","L","P","5","7","U","3","V","G","1",0,0,0,"000000000","00000000000",0,0,0,1,0,0,0,0,0,0,0,998,0,0,0,11,6,2,12,0,0,0,1,24,21212,6,1,0,0,3,0,72,224,0,0,0,0,0,0,0,0,0,0,0,0,0,0,4,1,30,1,1,2,1,3,3,1,17,99,1,1,89,"777777777777","777777777777","777777777777",0,0
24,240321,1,1,1,10,7,0,24,8,0,1,0,24,2,73,706,73706,80,2015,"JKAZXCJ19FA0","J","K","A","Z","X","C","J","1","9","F","A","0",0,0,0,"000000000","00000000000",0,0,0,1,0,0,0,0,0,0,0,998,0,0,0,12,6,2,8,0,0,0,1,24,21117,6,1,6,0,3,0,68,185,0,0,0,0,0,0,0,0,0,3,0,0,0,0,1,2,25,1,1,2,1,3,3,1,80,99,1,1,13,"777777777777","777777777777","777777777777",1,0
24,240322,1,2,2,22,9,16,41,12,6,1,0,54,1,12,23,12023,4,2016,"1FA6P0G72G51","1","F","A","6","P","0","G","7","2","G","5","1",0,0,0,"000000000","00000000000",0,0,0,1,0,0,0,0,0,0,0,998,0,0,0,10,6,2,12,0,0,0,1,54,25414,6,1,0,0,3,0,72,185,0,0,0,0,0,0,0,0,0,0,6,0,0,0,3,3,70,1,1,2,1,0,0,1,10,99,9,7,48,"777777777777","777777777777","777777777777",1,0
24,240322,2,2,1,22,9,16,41,12,6,1,0,24,2,12,471,12471,31,1996,"1FTCR15X2TTA","1","F","T","C","R","1","5","X","2","T","T","A",0,0,0,"000000000","00000000000",0,0,0,1,0,0,0,0,0,0,0,998,0,0,0,12,6,2,12,0,0,0,1,24,21771,6,1,0,0,3,0,76,145,0,0,0,0,0,0,0,0,0,0,0,0,0,0,3,3,70,1,1,2,1,0,0,1,64,99,1,1,48,"777777777777","777777777777","777777777777",0,0
24,240323,1,1,1,16,10,20,49,8,0,1,0,24,2,54,31,54031,3,1999,"JH4DC4452XS0","J","H","4","D","C","4","4","5","2","X","S","0",0,0,0,"000000000","00000000000",0,0,0,1,0,0,0,0,0,0,0,998,0,0,0,12,2,3,8,0,0,0,1,24,20866,6,1,0,0,3,0,63,135,0,0,0,0,0,0,0,0,0,0,0,0,0,0,3,4,50,1,1,2,1,3,3,1,80,99,1,1,13,"777777777777","777777777777","777777777777",0,0
24,240324,1,1,1,17,10,11,28,9,0,1,0,24,1,42,48,42048,4,2002,"WDBJF82J02X0","W","D","B","J","F","8","2","J","0","2","X","0",0,0,0,"000000000","00000000000",0,0,0,1,0,0,0,0,0,0,0,998,0,0,0,12,4,5,9,0,0,0,1,24,20817,6,1,0,0,3,0,68,165,0,0,0,0,0,0,0,0,0,0,0,0,0,0,2,2,35,1,1,2,1,98,3,99,83,99,1,1,13,"777777777777","777777777777","777777777777",0,0
24,240325,1,1,1,24,10,6,54,8,0,1,0,24,1,49,40,49040,4,2015,"4T1BF1FK2FU0","4","T","1","B","F","1","F","K","2","F","U","0",0,0,0,"000000000","00000000000",0,0,0,1,0,0,0,0,0,0,0,998,0,0,0,12,4,3,8,0,0,0,1,24,20784,6,1,0,0,3,0,61,140,0,0,0,0,0,0,0,0,0,0,0,0,0,0,3,3,45,1,6,2,1,0,0,1,80,99,1,1,13,"777777777777","777777777777","777777777777",0,0
24,240326,1,1,1,25,10,22,26,34,0,1,0,24,1,35,39,35039,4,2008,"1N4BA41E68C8","1","N","4","B","A","4","1","E","6","8","C","8",0,0,0,"000000000","00000000000",0,0,0,1,0,0,0,0,0,0,0,998,0,0,0,12,6,2,34,0,0,0,1,24,21215,6,1,0,0,3,0,66,320,0,0,0,0,1,8,2014,8,2014,0,0,0,0,0,1,2,55,1,1,2,1,0,0,1,12,99,1,4,10,"777777777777","777777777777","777777777777",1,0
24,240327,1,1,1,23,10,19,59,8,0,1,0,24,1,12,422,12422,15,2000,"1FMRU1768YLA","1","F","M","R","U","1","7","6","8","Y","L","A",0,0,0,"000000000","00000000000",0,0,0,1,0,0,0,0,0,0,0,998,0,0,0,12,2,5,8,0,0,0,1,24,20602,6,1,0,0,3,0,67,220,0,0,0,0,0,0,0,0,0,0,0,0,0,0,1,2,55,1,1,2,1,0,0,15,80,99,1,1,13,"777777777777","777777777777","777777777777",0,0
24,240328,1,1,1,22,10,1,44,34,0,1,0,11,2,21,23,21023,4,2002,"1G3WS52H42F1","1","G","3","W","S","5","2","H","4","2","F","1",0,0,0,"000000000","00000000000",0,0,0,1,0,0,0,0,0,0,0,998,0,0,0,12,6,2,42,0,0,0,1,24,20677,1,1,0,0,2,2,68,170,0,2,0,1,0,9,2015,10,2016,0,6,74,0,0,1,2,50,1,1,2,1,0,0,1,11,99,1,4,1,"777777777777","777777777777","777777777777",1,1
24,240329,1,1,1,29,10,10,58,24,0,1,0,24,1,76,705,76705,80,2013,"JYAVM01E2DA1","J","Y","A","V","M","0","1","E","2","D","A","1",0,0,0,"000000000","00000000000",0,0,0,1,0,0,0,0,0,0,0,998,0,0,0,2,6,2,24,0,0,0,1,24,21541,6,1,0,0,3,0,63,157,0,0,0,0,0,0,0,0,0,0,0,0,0,0,3,2,65,3,1,2,1,0,0,14,13,99,1,4,1,"777777777777","777777777777","777777777777",1,0
24,240330,1,2,1,29,10,4,27,12,1,1,0,54,1,35,47,35047,4,2005,"1N4BL11D35N4","1","N","4","B","L","1","1","D","3","5","N","4",0,0,0,"000000000","00000000000",0,0,0,1,0,0,0,0,0,0,0,0,0,0,0,6,6,2,12,0,0,0,1,54,25401,6,1,0,0,3,0,69,220,0,0,0,0,0,0,0,0,0,0,54,0,0,0,3,3,70,1,5,2,1,0,0,5,53,1,1,1,21,"777777777777","777777777777","777777777777",1,0
24,240330,2,2,1,29,10,4,27,12,1,1,0,17,2,51,881,51881,66,2008,"4V4NC9GH58N4","4","V","4","N","C","9","G","H","5","8","N","4",1,1,57,"2566955","572566955",3,6,1,1,0,0,0,0,0,0,0,998,0,0,0,12,6,2,12,0,0,0,1,47,37073,6,1,6,0,3,1,70,288,1,0,0,0,3,4,2014,2,2016,0,0,0,0,0,3,3,70,1,5,2,1,0,0,1,50,6,1,1,20,"1JJV532W96L9","777777777777","777777777777",0,0
24,240331,1,2,1,29,10,11,36,12,6,1,0,24,1,6,51,6051,4,2005,"2C3AA53G75H6","2","C","3","A","A","5","3","G","7","5","H","6",0,0,0,"000000000","00000000000",0,0,0,1,0,0,0,0,0,0,0,998,0,0,0,11,6,2,12,0,0,0,1,24,21157,1,1,0,0,2,0,76,215,0,2,0,3,0,9,2014,9,2016,0,39,38,6,0,9,3,55,1,6,2,1,3,3,3,17,99,1,1,69,"777777777777","777777777777","777777777777",1,0
24,240331,2,2,2,29,10,11,36,12,6,1,0,24,1,7,482,7482,31,2007,"1D7HU18217S1","1","D","7","H","U","1","8","2","1","7","S","1",0,0,0,"000000000","00000000000",0,0,0,1,0,0,0,0,0,0,0,998,0,0,0,12,4,5,12,0,0,0,1,24,21048,6,1,0,0,3,0,67,150,0,0,0,0,0,0,0,0,0,0,0,0,0,0,9,3,55,1,6,2,1,3,3,11,63,99,1,1,68,"777777777777","777777777777","777777777777",0,0
24,240332,1,1,2,15,10,23,13,8,0,1,0,24,2,37,31,37031,4,2002,"2HGES16542H5","2","H","G","E","S","1","6","5","4","2","H","5",0,0,0,"000000000","00000000000",0,0,0,1,0,0,0,0,0,0,0,998,0,0,0,12,4,3,8,0,0,0,1,24,21075,6,1,0,0,3,0,67,150,0,0,0,1,0,3,2016,3,2016,0,0,0,0,0,5,2,50,1,5,2,1,0,0,2,80,99,1,1,13,"777777777777","777777777777","777777777777",0,0
24,240333,1,3,2,8,8,22,27,12,6,1,0,24,5,20,431,20431,16,2002,"1GNFK16Z32J1","1","G","N","F","K","1","6","Z","3","2","J","1",0,0,0,"000000000","00000000000",0,0,0,1,0,0,0,0,0,0,0,80,0,0,0,12,6,2,12,0,0,1,1,24,21903,6,1,0,0,3,0,66,120,0,1,0,0,1,3,2016,7,2016,3,37,35,36,39,3,2,45,1,1,2,1,3,3,1,50,16,2,1,48,"777777777777","777777777777","777777777777",1,0
24,240333,2,3,2,8,8,22,27,12,6,1,0,24,2,35,43,35043,4,2010,"3N1AB6AP3AL6","3","N","1","A","B","6","A","P","3","A","L","6",0,0,0,"000000000","00000000000",0,0,0,1,0,0,0,0,0,0,0,0,0,0,0,1,2,5,12,0,0,0,1,24,21921,6,1,0,0,3,0,74,220,0,0,0,0,0,0,0,0,0,0,0,0,0,0,3,2,50,1,1,2,1,3,3,5,61,1,1,1,48,"777777777777","777777777777","777777777777",0,0
24,240333,3,3,1,8,8,22,27,12,6,1,0,24,1,7,482,7482,31,2001,"1B7KF23601J5","1","B","7","K","F","2","3","6","0","1","J","5",0,0,0,"000000000","00000000000",0,0,0,1,0,0,0,0,0,0,0,998,0,0,0,12,6,2,12,0,0,0,1,24,21911,6,1,0,0,3,0,69,165,0,0,0,0,0,0,0,0,0,0,0,0,0,0,3,2,50,1,1,2,1,3,3,11,62,1,1,1,98,"777777777777","777777777777","777777777777",0,0
24,240334,1,1,1,30,10,2,12,8,0,1,0,24,3,20,421,20421,15,2011,"1GNLC2E03BR2","1","G","N","L","C","2","E","0","3","B","R","2",0,0,0,"000000000","00000000000",0,0,0,1,0,0,0,0,0,5,8,998,0,0,0,12,4,3,8,0,0,0,1,24,20650,6,1,0,0,3,0,73,225,0,0,0,0,0,0,0,0,0,0,0,0,0,0,1,4,45,1,1,2,1,0,0,1,80,99,1,1,13,"777777777777","777777777777","777777777777",0,0
24,240335,1,1,1,23,10,21,52,9,0,1,0,24,1,20,25,20025,4,2016,"1G1PC5SGXG72","1","G","1","P","C","5","S","G","X","G","7","2",0,0,0,"000000000","00000000000",0,0,0,1,0,0,0,0,0,0,0,998,0,0,0,12,6,2,9,0,0,0,1,24,20613,6,1,0,0,3,0,69,200,0,0,0,1,0,8,2016,8,2016,0,0,0,0,0,3,4,45,1,1,2,1,0,0,1,80,99,1,1,13,"777777777777","777777777777","777777777777",0,0
24,240336,1,1,1,30,9,1,57,8,0,1,0,24,1,12,481,12481,31,2010,"1FTFW1EV9AFD","1","F","T","F","W","1","E","V","9","A","F","D",0,0,0,"000000000","00000000000",0,0,0,1,0,0,0,0,0,0,0,998,0,0,0,12,4,3,8,0,0,0,1,24,20794,6,1,0,0,3,0,70,235,0,0,0,0,0,0,0,0,0,0,0,0,0,0,3,2,50,1,6,2,2,0,0,1,80,99,1,1,13,"777777777777","777777777777","777777777777",0,0
24,240337,1,1,1,12,10,22,27,8,0,1,0,24,1,49,402,49402,14,2015,"2T3DFREV8FW2","2","T","3","D","F","R","E","V","8","F","W","2",0,0,0,"000000000","00000000000",0,0,0,1,0,0,0,0,0,0,0,998,0,0,0,12,4,3,8,0,0,0,1,24,20784,6,1,0,0,3,0,70,190,0,0,0,0,0,0,0,0,0,0,0,0,0,0,3,4,35,1,1,8,1,0,0,1,80,99,1,1,13,"777777777777","777777777777","777777777777",0,0
24,240338,1,3,3,28,2,3,40,12,6,1,0,24,2,59,34,59034,4,2006,"JTHCH96S5600","J","T","H","C","H","9","6","S","5","6","0","0",0,0,0,"000000000","00000000000",0,0,0,1,0,0,0,0,0,0,0,998,0,0,0,12,6,2,12,0,0,0,1,24,21218,6,1,0,0,3,3,73,300,0,0,0,0,0,0,0,0,0,0,28,39,0,0,4,2,25,1,1,2,1,3,3,1,11,99,1,2,48,"777777777777","777777777777","777777777777",0,1
24,240338,2,3,1,28,2,3,40,12,6,1,0,24,1,51,47,51047,4,2001,"YV1RS61R6120","Y","V","1","R","S","6","1","R","6","1","2","0",0,0,0,"000000000","00000000000",0,0,0,1,0,0,0,0,0,0,0,0,0,0,0,7,6,2,12,0,0,0,1,24,21117,6,1,0,0,3,0,71,165,0,0,0,0,0,0,0,0,0,0,0,0,0,0,4,2,25,1,1,2,1,3,3,5,62,99,1,1,48,"777777777777","777777777777","777777777777",0,0
24,240338,3,3,1,28,2,3,40,12,6,1,0,24,2,12,16,12016,4,2010,"2FABP7BV3AX1","2","F","A","B","P","7","B","V","3","A","X","1",0,0,0,"000000000","00000000000",0,0,0,1,0,0,0,0,0,1,0,998,0,0,0,9,6,2,12,0,0,0,1,24,21206,6,1,0,0,3,0,75,189,0,0,0,0,0,0,0,0,0,0,0,0,0,0,4,2,25,1,1,2,1,3,3,3,66,99,1,1,98,"777777777777","777777777777","777777777777",1,0
24,240339,1,1,1,1,10,2,15,9,0,1,0,24,2,54,39,54039,4,2010,"JH4CU2F62AC0","J","H","4","C","U","2","F","6","2","A","C","0",0,0,0,"000000000","00000000000",0,0,0,1,0,0,0,0,0,0,0,998,0,0,0,12,4,3,9,0,0,0,1,24,21040,6,1,0,0,3,0,74,220,0,4,0,0,0,2,2014,1,2016,0,0,0,0,0,3,2,50,1,1,2,1,0,0,1,83,99,1,1,13,"777777777777","777777777777","777777777777",0,0
24,240340,1,2,1,4,11,14,29,35,0,1,0,24,2,48,34,48034,6,1998,"4S3BD6757W72","4","S","3","B","D","6","7","5","7","W","7","2",0,0,0,"000000000","00000000000",0,0,0,1,0,0,0,0,0,0,0,998,0,1,3,98,6,2,1,0,0,0,1,24,21750,6,1,0,0,3,0,71,290,0,0,0,0,0,0,0,0,0,0,0,0,0,0,3,2,70,1,1,2,1,0,0,15,9,8,5,4,10,"777777777777","777777777777","777777777777",1,0
24,240340,2,2,1,4,11,14,29,35,0,1,1,99,9,99,884,99884,66,9999,"999999999999","9","9","9","9","9","9","9","9","9","9","9","9",1,1,99,"999999999","99999999999",3,6,98,1,0,0,0,0,0,0,0,998,0,0,0,98,4,5,99,0,0,0,1,99,99999,9,9,99,9,9,9,999,999,99,99,99,99,99,99,9999,99,9999,0,26,6,0,0,3,2,70,1,1,2,1,0,0,15,61,99,9,9,98,"999999999999","777777777777","777777777777",0,0
24,240341,1,1,1,30,10,20,29,53,0,1,0,24,1,72,706,72706,80,2006,"1HD1JEY156Y0","1","H","D","1","J","E","Y","1","5","6","Y","0",0,0,0,"000000000","00000000000",0,0,0,1,0,0,0,0,0,0,0,69,0,0,0,12,6,2,30,0,0,0,1,24,20603,6,1,0,0,3,0,66,145,0,0,0,0,0,0,0,0,0,3,0,0,0,0,1,2,25,1,1,2,1,0,0,1,12,99,9,4,6,"777777777777","777777777777","777777777777",1,1
24,240342,1,1,2,8,11,18,32,42,0,1,0,24,1,48,45,48045,6,2007,"JF1SG65647H7","J","F","1","S","G","6","5","6","4","7","H","7",0,0,0,"000000000","00000000000",0,0,0,1,0,0,0,0,0,0,0,998,0,0,0,12,6,2,42,0,0,0,1,24,21502,6,1,0,0,3,0,64,230,0,0,0,0,0,0,0,0,0,0,0,0,0,0,3,2,70,3,1,2,1,0,0,1,12,99,1,4,6,"777777777777","777777777777","777777777777",1,0
24,240343,1,1,2,1,7,20,22,8,0,1,0,24,2,54,35,54035,4,2011,"19UUA9F53BA0","1","9","U","U","A","9","F","5","3","B","A","0",0,0,0,"000000000","00000000000",0,0,0,1,0,0,0,0,0,0,0,998,0,0,0,12,4,3,8,0,0,0,1,24,21136,6,1,0,0,3,0,66,170,0,0,0,1,0,11,2014,11,2014,0,0,0,0,0,3,3,30,1,1,2,1,0,0,1,80,99,1,1,13,"777777777777","777777777777","777777777777",0,0
24,240344,1,3,1,9,7,23,19,12,1,1,0,24,2,37,441,37441,20,2003,"5FNRL18533B0","5","F","N","R","L","1","8","5","3","3","B","0",0,0,0,"000000000","00000000000",0,0,0,1,0,0,0,0,0,0,0,998,0,0,0,12,6,2,12,0,0,0,1,24,21207,6,1,0,0,3,0,71,200,0,0,0,1,0,12,2011,12,2011,4,6,0,0,0,1,2,35,1,1,2,1,3,3,1,50,16,1,1,20,"777777777777","777777777777","777777777777",1,0
24,240344,2,3,1,9,7,23,19,12,1,1,0,24,1,30,52,30052,4,2014,"1VWBP7A33EC0","1","V","W","B","P","7","A","3","3","E","C","0",0,0,0,"000000000","00000000000",0,0,0,1,0,0,0,0,0,0,0,0,0,0,0,6,4,5,12,0,0,0,1,24,21217,6,1,0,0,3,0,66,152,0,0,0,0,0,0,0,0,0,0,0,0,0,0,1,2,35,1,1,2,1,3,3,5,53,99,1,1,21,"777777777777","777777777777","777777777777",0,0
24,240344,3,3,1,9,7,23,19,12,1,1,0,24,2,52,40,52040,4,1997,"6MMAP47P5VT0","6","M","M","A","P","4","7","P","5","V","T","0",0,0,0,"000000000","00000000000",0,0,0,1,0,0,0,0,0,0,0,0,0,0,0,6,2,5,12,0,0,0,1,24,21044,6,1,0,0,3,0,66,175,0,0,0,0,1,12,2014,12,2014,0,0,0,0,0,1,2,35,1,1,2,1,3,3,5,53,99,1,1,98,"777777777777","777777777777","777777777777",0,0