"STATE","ST_CASE","VEH_NO","VE_FORMS","NUMOCCS","DAY","MONTH","HOUR","MINUTE","HARM_EV","MAN_COLL","UNITTYPE","HIT_RUN","REG_STAT","OWNER","MAKE","MODEL","MAK_MOD","BODY_TYP","MOD_YEAR","VIN","VIN_1","VIN_2","VIN_3","VIN_4","VIN_5","VIN_6","VIN_7","VIN_8","VIN_9","VIN_10","VIN_11","VIN_12","TOW_VEH","J_KNIFE","MCARR_I1","MCARR_I2","MCARR_ID","GVWR","V_CONFIG","CARGO_BT","HAZ_INV","HAZ_PLAC","HAZ_ID","HAZ_CNO","HAZ_REL","BUS_USE","SPEC_USE","EMER_USE","TRAV_SP","UNDERIDE","ROLLOVER","ROLINLOC","IMPACT1","DEFORMED","TOWED","M_HARM","VEH_SC1","VEH_SC2","FIRE_EXP","DR_PRES","L_STATE","DR_ZIP","L_STATUS","L_TYPE","CDL_STAT","L_ENDORS","L_COMPL","L_RESTRI","DR_HGT","DR_WGT","PREV_ACC","PREV_SUS","PREV_DWI","PREV_SPD","PREV_OTH","FIRST_MO","FIRST_YR","LAST_MO","LAST_YR","SPEEDREL","DR_SF1","DR_SF2","DR_SF3","DR_SF4","VTRAFWAY","VNUM_LAN","VSPD_LIM","VALIGN","VPROFILE","VPAVETYP","VSURCOND","VTRAFCON","VTCONT_F","P_CRASH1","P_CRASH2","P_CRASH3","PCRASH4","PCRASH5","ACC_TYPE","TRLR1VIN","TRLR2VIN","TRLR3VIN","DEATHS","DR_DRINK"
25,250002,1,2,1,4,1,7,9,12,2,1,0,25,1,49,32,49032,4,2007,"2T1BR32E07C8","2","T","1","B","R","3","2","E","0","7","C","8",0,0,0,"000000000","00000000000",0,0,0,1,0,0,0,0,0,0,0,998,0,0,0,12,6,2,12,0,0,0,1,25,1040,6,1,0,0,3,3,64,999,0,0,0,0,0,0,0,0,0,9,99,99,99,99,1,2,98,3,1,2,1,0,0,1,11,99,1,2,50,"777777777777","777777777777","777777777777",1,0
25,250002,2,2,1,4,1,7,9,12,2,1,0,25,1,13,15,13015,4,2013,"1LNHL9EK4DG6","1","L","N","H","L","9","E","K","4","D","G","6",0,0,0,"000000000","00000000000",0,0,0,1,0,0,0,0,0,0,0,998,0,0,0,12,6,2,12,0,0,0,1,25,1073,6,1,0,0,3,0,74,999,1,0,0,0,0,9,2014,9,2014,0,99,99,99,99,1,2,98,1,1,2,1,0,0,1,62,1,1,1,51,"777777777777","777777777777","777777777777",0,0
25,250003,1,1,1,6,1,99,99,8,0,1,0,25,1,37,32,37032,4,2000,"1HGCG6689YA0","1","H","G","C","G","6","6","8","9","Y","A","0",0,0,0,"000000000","00000000000",0,0,0,1,0,0,0,0,0,0,0,998,0,0,0,1,4,3,8,0,0,0,1,25,2670,6,1,0,0,3,3,59,999,0,0,0,0,0,0,0,0,0,9,99,99,99,99,1,2,98,1,1,2,1,0,0,1,81,99,9,1,13,"777777777777","777777777777","777777777777",0,0
25,250004,1,1,1,9,1,0,32,24,0,1,0,25,1,35,403,35403,14,2013,"JN8AF5MVXDT2","J","N","8","A","F","5","M","V","X","D","T","2",0,0,0,"000000000","00000000000",0,0,0,1,0,0,0,0,0,0,0,998,0,0,0,12,6,2,24,0,0,0,1,25,1803,6,1,0,0,3,0,58,999,1,0,0,0,0,12,2013,12,2013,3,99,99,99,99,1,2,98,3,1,2,1,0,0,1,11,99,1,4,1,"777777777777","777777777777","777777777777",1,1
25,250005,1,1,1,16,1,19,5,1,0,1,0,25,1,49,43,49043,4,2002,"4T1BF28B12U2","4","T","1","B","F","2","8","B","1","2","U","2",0,0,0,"000000000","00000000000",0,0,0,1,0,0,0,0,0,0,0,998,0,2,6,0,6,2,30,0,0,0,1,25,1960,6,1,0,0,3,3,67,999,2,0,0,0,0,5,2012,5,2013,9,99,99,99,99,3,2,50,1,1,2,2,0,0,1,6,99,9,4,2,"777777777777","777777777777","777777777777",1,1
25,250006,1,1,1,16,1,18,10,42,0,1,0,44,2,7,999,7999,99,2003,"999999999999","9","9","9","9","9","9","9","9","9","9","9","9",0,0,0,"000000000","00000000000",0,0,0,1,0,0,0,0,0,0,0,998,0,0,0,9,6,2,42,0,0,0,1,44,2865,6,1,0,0,3,0,71,177,0,0,0,1,2,9,2013,9,2014,9,36,0,0,0,3,3,65,1,1,2,1,0,0,1,9,16,4,4,7,"777777777777","777777777777","777777777777",1,0
25,250007,1,1,1,18,1,15,15,8,0,1,0,25,3,98,998,98998,97,2013,"204001338","2","0","4","0","0","1","3","3","8","","","",0,0,0,"000000000","00000000000",0,0,0,1,0,0,0,0,0,0,0,998,0,0,0,12,4,3,8,39,0,0,1,25,1880,6,1,6,0,3,0,72,999,0,0,0,0,0,0,0,0,0,0,99,99,99,99,2,2,35,1,1,2,1,0,0,1,81,1,1,1,13,"777777777777","777777777777","777777777777",0,0
25,250008,1,1,1,26,1,15,0,42,0,1,0,25,1,20,16,20016,4,2000,"1G1JF5248Y71","1","G","1","J","F","5","2","4","8","Y","7","1",0,0,0,"000000000","00000000000",0,0,0,1,0,0,0,0,0,0,0,998,0,0,0,81,6,2,42,0,0,0,1,25,1821,6,1,0,0,3,3,64,999,0,0,0,0,0,0,0,0,0,9,99,99,99,99,1,2,98,1,1,2,1,0,0,1,13,99,9,4,1,"777777777777","777777777777","777777777777",1,0
25,250009,1,2,1,26,1,13,12,12,2,1,0,25,1,34,34,34034,4,2006,"WBAVB33576KR","W","B","A","V","B","3","3","5","7","6","K","R",0,0,0,"000000000","00000000000",0,0,0,1,0,0,0,0,0,0,0,998,0,0,0,12,6,2,12,0,0,0,1,25,2571,6,1,0,0,3,0,72,999,5,0,0,1,0,10,2013,6,2015,3,36,0,0,0,1,2,40,1,1,2,1,0,0,1,10,1,1,2,50,"777777777777","777777777777","777777777777",1,0
25,250009,2,2,1,26,1,13,12,12,2,1,0,25,1,7,482,7482,31,2006,"3D7KS28C26G1","3","D","7","K","S","2","8","C","2","6","G","1",0,0,0,"000000000","00000000000",0,0,0,1,0,0,0,0,0,0,0,998,0,0,0,12,6,2,12,0,0,0,1,25,2330,6,1,0,0,3,3,71,999,0,0,0,0,0,0,0,0,0,0,0,0,0,0,1,2,40,1,1,2,1,0,0,1,62,7,1,1,51,"777777777777","777777777777","777777777777",0,0
25,250010,1,1,1,26,1,99,99,30,0,1,0,25,1,49,482,49482,31,2013,"5TFHY5F18DX2","5","T","F","H","Y","5","F","1","8","D","X","2",0,0,0,"000000000","00000000000",0,0,0,1,0,0,0,0,0,0,0,998,0,1,6,98,6,2,30,0,0,0,1,25,2537,6,1,0,0,3,0,71,999,0,0,0,0,0,0,0,0,0,9,99,99,99,99,2,2,30,1,1,2,1,0,0,1,9,99,9,4,7,"777777777777","777777777777","777777777777",1,0
25,250011,1,1,1,30,1,2,31,33,0,1,0,25,1,7,43,7043,4,2000,"1B3EJ46X2YN1","1","B","3","E","J","4","6","X","2","Y","N","1",0,0,0,"000000000","00000000000",0,0,0,1,0,0,0,0,0,0,0,998,0,0,0,14,6,2,23,0,0,0,1,25,1013,6,7,0,0,2,0,61,999,0,0,0,0,0,0,0,0,0,3,36,0,0,0,1,2,98,1,1,2,1,3,3,10,16,99,1,4,1,"777777777777","777777777777","777777777777",1,0
25,250012,1,1,1,1,2,23,16,42,0,1,0,25,1,37,32,37032,4,1998,"1HGCG6677WA2","1","H","G","C","G","6","6","7","7","W","A","2",0,0,0,"000000000","00000000000",0,0,0,1,0,0,0,0,0,0,0,998,0,0,0,82,6,2,42,0,0,0,1,25,2338,6,1,0,0,3,0,63,999,0,0,0,0,1,12,2014,12,2014,0,36,39,89,0,2,2,30,1,1,2,1,7,3,6,9,99,4,4,7,"777777777777","777777777777","777777777777",1,0
25,250013,1,1,5,2,2,13,19,24,0,1,0,25,1,12,402,12402,14,2006,"1FMYU03196KD","1","F","M","Y","U","0","3","1","9","6","K","D",0,0,0,"000000000","00000000000",0,0,0,1,0,0,0,0,0,0,0,998,0,2,1,11,6,2,1,0,0,0,1,25,2119,6,1,0,0,3,3,72,999,1,1,0,0,1,3,2013,7,2015,0,58,0,0,0,3,2,30,1,1,2,1,0,0,1,11,7,1,4,6,"777777777777","777777777777","777777777777",1,0
25,250014,1,1,1,10,2,4,25,24,0,1,0,12,2,51,43,51043,4,2004,"YV1SZ59H1411","Y","V","1","S","Z","5","9","H","1","4","1","1",0,0,0,"000000000","00000000000",0,0,0,1,0,0,0,0,0,0,0,998,0,0,0,12,6,8,24,0,0,0,1,25,1906,6,1,0,0,3,0,66,999,3,0,0,0,2,1,2014,5,2015,3,99,99,99,99,3,2,50,1,1,2,1,0,0,1,51,7,9,4,3,"777777777777","777777777777","777777777777",1,0
25,250015,1,1,3,10,2,1,30,33,0,1,0,25,1,42,43,42043,4,1999,"WDBGA32G3XA4","W","D","B","G","A","3","2","G","3","X","A","4",0,0,0,"000000000","00000000000",0,0,0,1,0,0,0,0,0,0,0,998,0,9,1,14,6,2,42,0,0,1,1,25,2119,6,1,0,0,3,3,68,999,1,3,1,0,5,4,2012,6,2014,9,99,99,99,99,1,2,45,1,1,2,2,0,0,1,13,99,4,4,1,"777777777777","777777777777","777777777777",2,1
25,250016,1,1,2,15,2,0,7,24,0,1,0,25,1,24,7,24007,4,2004,"1G8AL52F44Z1","1","G","8","A","L","5","2","F","4","4","Z","1",0,0,0,"000000000","00000000000",0,0,0,1,0,0,0,0,0,0,0,998,0,0,0,1,6,2,30,0,0,0,1,25,2649,6,1,0,0,3,3,63,999,0,0,0,0,0,0,0,0,0,9,99,99,99,99,1,2,98,1,1,2,1,0,0,1,13,99,1,4,1,"777777777777","777777777777","777777777777",1,1
25,250017,1,1,1,20,1,19,49,8,0,1,0,25,1,35,39,35039,4,1999,"JN1CA21A9XT1","J","N","1","C","A","2","1","A","9","X","T","1",0,0,0,"000000000","00000000000",0,0,0,1,0,0,0,0,0,0,0,998,0,0,0,12,4,5,8,0,0,0,1,25,1701,6,1,0,0,3,0,72,999,0,0,0,0,1,5,2013,5,2013,0,36,0,0,0,3,3,50,1,1,2,5,3,3,1,80,1,1,1,13,"777777777777","777777777777","777777777777",0,1
25,250018,1,1,1,18,2,22,41,24,0,1,0,25,2,37,31,37031,2,1993,"JHMEH6162PS0","J","H","M","E","H","6","1","6","2","P","S","0",0,0,0,"000000000","00000000000",0,0,0,1,0,0,0,0,0,0,0,998,0,0,0,82,6,2,19,0,0,0,1,25,1056,6,1,0,0,3,3,70,999,1,2,0,7,1,3,2011,2,2016,3,36,0,0,0,1,2,98,3,1,2,1,0,0,14,13,99,4,4,1,"777777777777","777777777777","777777777777",1,0
25,250019,1,3,1,26,1,13,15,54,11,1,0,25,2,7,482,7482,40,1997,"1B7HF16ZXVS1","1","B","7","H","F","1","6","Z","X","V","S","1",0,0,0,"000000000","00000000000",0,0,0,1,0,0,0,0,0,0,0,998,0,0,0,18,6,2,54,0,0,0,1,25,1913,6,1,0,0,3,3,67,999,1,0,0,0,3,10,2014,6,2015,0,99,99,99,99,3,3,55,1,1,2,1,0,0,1,3,1,1,1,98,"777777777777","777777777777","777777777777",0,0
25,250019,2,3,1,26,1,13,15,54,11,1,0,25,3,49,403,49403,14,2015,"5TDBKRFH2FS0","5","T","D","B","K","R","F","H","2","F","S","0",0,0,0,"000000000","00000000000",0,0,0,1,0,0,0,0,0,0,0,998,0,0,0,13,4,5,54,0,0,0,1,25,2184,6,1,0,0,3,0,70,999,0,0,0,0,0,0,0,0,0,0,0,0,0,0,3,3,55,1,1,2,1,0,0,1,98,1,1,1,98,"777777777777","777777777777","777777777777",0,0
25,250019,3,3,1,26,1,13,15,54,11,1,0,25,1,49,40,49040,4,2009,"4T4BE46K69R1","4","T","4","B","E","4","6","K","6","9","R","1",0,0,0,"000000000","00000000000",0,0,0,1,0,0,0,0,0,0,0,998,0,0,0,12,6,2,54,0,0,0,1,25,2421,6,1,0,0,3,0,71,999,0,1,0,1,0,5,2012,10,2012,0,0,0,0,0,3,3,55,1,1,2,1,0,0,1,98,1,1,1,98,"777777777777","777777777777","777777777777",1,0
25,250020,1,2,1,20,2,13,11,12,6,1,0,25,1,55,401,55401,14,2006,"KM8SC13E16U0","K","M","8","S","C","1","3","E","1","6","U","0",0,0,0,"000000000","00000000000",0,0,0,1,0,0,0,0,0,0,0,998,0,0,0,9,6,2,12,0,0,0,1,25,2536,6,1,0,0,3,0,68,999,0,0,0,0,0,0,0,0,0,0,38,0,0,0,1,2,40,1,1,2,1,0,0,11,54,1,1,1,82,"777777777777","777777777777","777777777777",1,0
25,250020,2,2,1,20,2,13,11,12,6,1,0,25,1,12,461,12461,21,2009,"1FTNE24W49DA","1","F","T","N","E","2","4","W","4","9","D","A",0,0,0,"000000000","00000000000",0,0,0,1,0,0,0,0,0,0,0,998,0,0,0,12,6,2,12,0,0,0,1,25,2536,6,1,0,0,3,0,68,999,1,0,0,0,0,7,2014,7,2014,0,0,0,0,0,1,2,40,1,1,2,1,0,0,1,71,8,9,1,83,"777777777777","777777777777","777777777777",0,0
25,250021,1,1,1,19,2,2,0,14,0,1,0,25,1,37,32,37032,4,2003,"JHMCM56353C0","J","H","M","C","M","5","6","3","5","3","C","0",0,0,0,"000000000","00000000000",0,0,0,1,0,0,0,0,0,0,0,998,0,0,0,12,6,2,14,0,0,0,1,25,2745,6,1,0,0,3,3,70,999,0,2,1,0,2,12,2012,3,2014,9,99,99,99,99,1,2,25,1,1,2,1,0,0,1,11,1,1,4,11,"777777777777","777777777777","777777777777",1,1
25,250022,1,2,1,20,2,13,45,12,6,1,0,25,1,76,705,76705,80,2015,"JYARM06E0FA0","J","Y","A","R","M","0","6","E","0","F","A","0",0,0,0,"000000000","00000000000",0,0,0,1,0,0,0,0,0,0,0,998,0,0,0,12,6,2,12,0,0,0,1,25,1085,6,1,0,0,3,0,66,999,1,0,0,0,0,2,2014,2,2014,3,89,0,0,0,1,2,45,1,1,2,2,0,0,1,55,16,2,1,83,"777777777777","777777777777","777777777777",1,0
25,250022,2,2,1,20,2,13,45,12,6,1,0,25,1,23,421,23421,15,2007,"1GKFK16377R4","1","G","K","F","K","1","6","3","7","7","R","4",0,0,0,"000000000","00000000000",0,0,0,1,0,0,0,0,0,0,0,998,0,0,0,83,6,2,12,0,0,0,1,25,1243,3,1,0,0,2,3,60,999,0,0,0,0,0,0,0,0,0,0,91,0,0,0,1,2,45,1,1,2,2,0,0,11,55,1,1,1,82,"777777777777","777777777777","777777777777",0,0
25,250023,1,1,2,25,2,18,35,35,0,1,0,25,2,18,23,18023,4,2006,"1G4HD57276U2","1","G","4","H","D","5","7","2","7","6","U","2",0,0,0,"000000000","00000000000",0,0,0,1,0,0,0,0,0,0,0,90,0,2,5,14,6,2,35,0,0,0,1,25,2360,6,7,0,0,2,3,70,999,0,0,0,0,0,0,0,0,0,3,36,91,0,0,3,2,60,1,1,2,1,0,0,6,6,16,4,4,2,"777777777777","777777777777","777777777777",1,0
25,250024,1,1,2,27,2,2,30,19,0,1,0,25,2,35,401,35401,14,2005,"5N1AR18W75C7","5","N","1","A","R","1","8","W","7","5","C","7",0,0,0,"000000000","00000000000",0,0,0,1,0,0,0,0,0,0,0,998,0,0,0,82,6,2,19,0,0,0,1,25,2128,6,1,0,0,3,0,72,999,1,1,0,1,0,5,2015,11,2015,9,99,99,99,99,3,2,45,1,1,2,1,0,0,1,13,1,1,4,1,"777777777777","777777777777","777777777777",2,1
25,250025,1,2,1,27,2,18,2,12,2,1,0,25,1,49,472,49472,30,2015,"3TMLU4EN5FM1","3","T","M","L","U","4","E","N","5","F","M","1",0,0,0,"000000000","00000000000",0,0,0,1,0,0,0,0,0,0,0,47,0,0,0,12,6,2,12,0,0,0,1,25,2649,6,1,0,0,3,0,72,999,0,0,0,0,0,0,0,0,0,9,27,51,0,0,2,3,65,1,1,2,1,0,0,1,9,1,1,7,50,"777777777777","777777777777","777777777777",0,0
25,250025,2,2,1,27,2,18,2,12,2,1,0,25,2,49,51,49051,4,2010,"JTDBT4K32A13","J","T","D","B","T","4","K","3","2","A","1","3",0,0,0,"000000000","00000000000",0,0,0,1,0,0,0,0,0,0,0,70,0,0,0,12,6,2,12,0,0,0,1,25,2563,6,1,0,0,3,0,70,999,0,0,0,0,0,0,0,0,0,0,0,0,0,0,2,3,65,1,1,2,1,0,0,1,54,1,1,1,51,"777777777777","777777777777","777777777777",1,0
25,250026,1,2,1,28,2,11,51,12,6,1,0,25,1,49,50,49050,3,2008,"JTKDE1676802","J","T","K","D","E","1","6","7","6","8","0","2",0,0,0,"000000000","00000000000",0,0,0,1,0,0,0,0,0,0,0,998,0,0,0,83,6,2,42,0,0,0,1,25,1951,6,1,0,0,3,3,62,999,0,0,0,1,0,3,2011,3,2011,0,0,0,0,0,3,3,65,1,1,2,1,0,0,1,12,7,1,2,48,"777777777777","777777777777","777777777777",1,0
25,250026,2,2,1,28,2,11,51,12,6,1,0,25,2,35,48,35048,2,2007,"JN1BZ34E47M5","J","N","1","B","Z","3","4","E","4","7","M","5",0,0,0,"000000000","00000000000",0,0,0,1,0,0,0,0,0,0,0,998,0,0,0,12,6,8,12,0,0,0,1,25,1803,6,1,6,0,3,1,75,999,0,0,0,0,0,0,0,0,0,0,0,0,0,0,3,3,65,1,1,2,1,0,0,1,60,16,1,1,48,"777777777777","777777777777","777777777777",0,0
25,250027,1,1,1,29,2,13,32,42,0,1,0,25,1,23,481,23481,40,1987,"1GDHR34K5HS5","1","G","D","H","R","3","4","K","5","H","S","5",0,0,0,"000000000","00000000000",0,0,0,1,0,0,0,0,0,0,0,998,0,0,0,98,6,2,42,0,0,0,1,25,2641,6,1,0,0,3,0,68,999,0,0,0,0,1,5,2011,5,2011,9,0,0,0,0,1,2,40,1,1,2,1,0,0,1,13,1,1,4,1,"777777777777","777777777777","777777777777",1,0
25,250028,1,1,1,12,3,22,15,35,0,1,0,25,1,72,706,72706,80,2013,"1HD1BXV14DB0","1","H","D","1","B","X","V","1","4","D","B","0",0,0,0,"000000000","00000000000",0,0,0,1,0,0,0,0,0,0,0,998,0,0,0,12,6,2,42,0,0,0,1,25,2364,6,1,0,0,3,0,75,999,0,0,0,0,0,0,0,0,0,9,36,0,0,0,1,2,30,1,1,2,1,0,0,1,13,1,1,4,1,"777777777777","777777777777","777777777777",1,1
25,250029,1,3,2,20,2,13,25,12,7,1,0,25,1,18,5,18005,2,1998,"1G4GD2211W47","1","G","4","G","D","2","2","1","1","W","4","7",0,0,0,"000000000","00000000000",0,0,0,1,0,0,0,0,0,0,0,998,1,0,0,62,6,2,12,0,0,0,1,25,1472,6,1,0,0,3,0,64,999,0,0,0,0,0,0,0,0,0,0,0,0,0,0,3,2,55,1,1,2,1,0,0,3,60,1,1,1,98,"777777777777","777777777777","777777777777",1,0
25,250029,2,3,1,20,2,13,25,12,7,1,0,39,3,84,884,84884,64,1999,"1HTSCABM9XH6","1","H","T","S","C","A","B","M","9","X","H","6",0,0,77,"777777777","77777777777",2,1,1,1,0,0,0,0,0,0,0,998,7,0,0,14,6,2,12,0,0,0,1,25,1532,6,1,6,1,3,3,68,999,0,0,0,0,0,0,0,0,0,0,0,0,0,0,3,2,55,1,1,2,1,0,0,15,53,7,1,3,46,"777777777777","777777777777","777777777777",0,0
25,250029,3,3,1,20,2,13,25,12,7,1,0,25,1,37,32,37032,4,2013,"1HGCR2F56DA2","1","H","G","C","R","2","F","5","6","D","A","2",0,0,0,"000000000","00000000000",0,0,0,1,0,0,0,0,0,0,0,90,0,0,0,4,4,3,12,0,0,0,1,25,1757,6,1,0,0,3,3,67,999,1,0,0,0,0,8,2011,8,2011,3,36,0,0,0,3,2,55,1,1,2,1,0,0,1,61,1,1,1,45,"777777777777","777777777777","777777777777",0,0
25,250030,1,1,1,5,2,12,54,34,0,1,0,25,2,12,401,12401,14,2013,"1FM5K8D87DGC","1","F","M","5","K","8","D","8","7","D","G","C",0,0,0,"000000000","00000000000",0,0,0,1,0,0,0,0,0,0,0,998,0,0,0,14,6,2,30,0,0,0,1,25,2019,6,1,0,0,3,3,70,999,2,0,0,0,0,9,2015,1,2016,4,0,0,0,0,1,2,98,3,1,2,4,0,0,1,13,1,1,4,1,"777777777777","777777777777","777777777777",1,0
25,250031,1,1,2,24,2,9,10,42,0,1,0,25,1,63,33,63033,4,2007,"KNAFE1212753","K","N","A","F","E","1","2","1","2","7","5","3",0,0,0,"000000000","00000000000",0,0,0,1,0,0,0,0,0,0,0,998,0,0,0,62,6,2,42,0,0,0,1,25,1452,6,2,0,0,3,3,65,999,0,0,0,0,0,0,0,0,0,0,0,0,0,0,1,2,45,1,1,2,4,0,0,1,5,99,5,4,2,"777777777777","777777777777","777777777777",1,0
25,250032,1,1,1,26,2,10,18,1,0,1,0,25,2,12,401,12401,14,2001,"1FMYU70E41UA","1","F","M","Y","U","7","0","E","4","1","U","A",0,0,0,"000000000","00000000000",0,0,0,1,0,0,0,0,0,0,0,57,0,2,1,0,6,2,1,0,0,0,1,25,2767,6,1,0,0,3,0,64,999,0,0,0,1,0,8,2015,8,2015,0,58,0,0,0,2,3,65,1,1,2,1,0,0,1,90,6,3,2,98,"777777777777","777777777777","777777777777",1,0
25,250033,1,1,1,1,3,20,16,8,0,1,0,25,1,48,403,48403,14,2013,"JF2GPAKC0D22","J","F","2","G","P","A","K","C","0","D","2","2",0,0,0,"000000000","00000000000",0,0,0,1,0,0,0,0,0,0,0,998,0,0,0,1,6,2,8,0,0,0,1,25,2649,6,1,0,0,3,3,71,999,0,0,0,1,0,10,2011,10,2011,0,0,0,0,0,1,2,30,1,1,2,1,20,3,1,80,1,1,1,13,"777777777777","777777777777","777777777777",0,0
25,250034,1,1,1,9,3,9,25,33,0,1,0,25,1,37,421,37421,15,2007,"2HKYF185X7H5","2","H","K","Y","F","1","8","5","X","7","H","5",0,0,0,"000000000","00000000000",0,0,0,1,0,0,0,0,0,0,0,998,0,1,5,14,6,2,1,0,0,0,1,25,1075,6,1,0,0,3,0,72,999,1,0,0,0,0,7,2013,7,2013,0,0,0,0,0,1,2,98,1,1,2,1,0,0,1,11,1,1,4,6,"777777777777","777777777777","777777777777",1,0
25,250035,1,1,2,9,3,15,30,8,0,1,0,25,2,2,403,2403,14,2015,"1C4BJWEG4FL6","1","C","4","B","J","W","E","G","4","F","L","6",0,0,0,"000000000","00000000000",0,0,0,1,0,0,0,0,0,0,0,37,0,0,0,1,6,2,8,0,0,0,1,25,2136,6,1,0,0,3,0,65,999,0,0,0,0,0,0,0,0,0,0,0,0,0,0,2,2,40,1,1,2,1,0,0,1,81,6,1,2,13,"777777777777","777777777777","777777777777",0,0
25,250036,1,1,1,4,3,14,0,8,0,1,0,25,3,6,441,6441,20,2005,"2C4GP44R15R5","2","C","4","G","P","4","4","R","1","5","R","5",0,0,0,"000000000","00000000000",0,0,0,1,0,0,0,0,0,1,0,998,0,0,0,6,6,2,8,42,0,0,1,25,2170,6,1,0,0,3,0,66,999,0,0,0,0,0,0,0,0,0,0,99,99,99,99,0,0,0,0,0,0,0,0,0,13,80,1,1,1,92,"777777777777","777777777777","777777777777",0,0
25,250037,1,1,1,18,3,10,6,9,0,1,0,33,3,84,999,84999,99,2000,"999999999999","9","9","9","9","9","9","9","9","9","9","9","9",0,0,0,"000000000","00000000000",9,0,0,1,0,0,0,0,0,0,0,998,0,0,0,83,6,2,9,99,99,0,1,25,1841,6,1,0,0,3,0,65,999,0,0,0,1,1,5,2012,6,2014,0,0,0,0,0,1,2,25,1,1,2,1,0,0,10,84,1,1,1,13,"777777777777","777777777777","777777777777",0,0
25,250038,1,2,2,21,3,10,18,12,6,1,0,25,2,12,471,12471,30,2000,"1FTZR15X1YTA","1","F","T","Z","R","1","5","X","1","Y","T","A",0,0,0,"000000000","00000000000",0,0,0,1,0,0,0,0,0,0,0,998,0,9,5,82,6,2,12,0,0,0,1,25,2169,6,1,0,0,3,0,71,999,0,0,0,0,0,0,0,0,0,0,39,0,0,0,1,2,45,1,1,2,2,20,3,1,55,1,1,1,87,"777777777777","777777777777","777777777777",1,0
25,250038,2,2,1,21,3,10,18,12,6,1,0,25,1,35,401,35401,14,2012,"5N1AR1NB4CC6","5","N","1","A","R","1","N","B","4","C","C","6",0,0,0,"000000000","00000000000",0,0,0,1,0,0,0,0,0,0,0,998,0,0,0,12,6,2,12,0,0,0,1,25,2020,6,1,0,0,3,0,66,999,0,0,0,0,0,0,0,0,0,0,0,0,0,0,1,2,45,1,1,2,2,4,3,1,55,1,1,1,86,"777777777777","777777777777","777777777777",0,0
25,250040,1,2,1,28,3,21,37,12,1,1,0,25,2,37,402,37402,14,2015,"2HKRM4H74FH6","2","H","K","R","M","4","H","7","4","F","H","6",0,0,0,"000000000","00000000000",0,0,0,1,0,0,0,0,0,0,0,39,0,0,0,6,6,2,12,0,0,0,1,25,2494,6,1,0,0,3,0,63,999,0,0,0,0,0,0,0,0,0,0,0,0,0,0,3,3,55,1,1,2,1,0,0,1,53,1,1,1,25,"777777777777","777777777777","777777777777",0,0
25,250040,2,2,2,28,3,21,37,12,1,1,0,25,3,37,441,37441,20,2002,"2HKRL18602H5","2","H","K","R","L","1","8","6","0","2","H","5",0,0,0,"000000000","00000000000",0,0,0,1,0,0,0,0,0,0,0,66,0,0,0,12,6,2,12,0,0,0,1,25,2090,6,1,0,0,3,0,76,999,0,2,0,2,0,11,2012,5,2015,0,36,0,0,0,3,3,55,1,1,2,1,0,0,1,51,1,1,1,24,"777777777777","777777777777","777777777777",1,1
25,250041,1,2,1,28,3,16,35,12,1,1,0,25,3,85,881,85881,66,2003,"1XKDDB0X83J7","1","X","K","D","D","B","0","X","8","3","J","7",0,0,77,"777777777","77777777777",3,5,96,1,0,0,0,0,0,0,0,998,0,0,0,6,4,5,12,0,0,0,1,25,1501,6,1,6,0,3,0,73,999,0,0,0,0,0,0,0,0,0,0,0,0,0,0,3,3,55,1,1,2,2,0,0,1,60,1,1,1,25,"777777777777","777777777777","777777777777",0,0
25,250041,2,2,3,28,3,16,35,12,1,1,0,25,1,22,22,22022,4,2006,"1G2ZG5580642","1","G","2","Z","G","5","5","8","0","6","4","2",0,0,0,"000000000","00000000000",0,0,0,1,0,0,0,0,0,0,0,998,0,0,0,12,6,2,24,0,0,0,1,25,1603,6,1,0,0,3,3,65,999,0,0,0,0,0,0,0,0,0,0,0,0,0,0,3,3,55,1,1,2,2,0,0,1,11,1,1,2,24,"777777777777","777777777777","777777777777",1,0
25,250042,1,1,1,29,3,10,20,30,0,1,0,25,1,12,24,12024,6,2010,"2FMDK4JC8ABA","2","F","M","D","K","4","J","C","8","A","B","A",0,0,0,"000000000","00000000000",0,0,0,1,0,0,0,0,0,0,0,998,0,0,0,12,6,2,30,0,0,0,1,25,2151,6,1,0,0,3,0,75,999,3,0,0,0,1,4,2015,7,2015,9,99,99,99,99,1,2,25,1,1,2,1,0,0,1,10,1,1,4,6,"777777777777","777777777777","777777777777",1,0
25,250043,1,1,1,30,3,99,99,21,0,1,0,33,1,7,482,7482,31,2015,"3C6JR7AT9FG6","3","C","6","J","R","7","A","T","9","F","G","6",0,0,0,"000000000","00000000000",0,0,0,1,0,0,0,0,0,0,0,998,0,0,0,12,6,2,21,0,0,1,1,33,3848,6,1,0,0,3,0,71,205,0,0,0,0,0,0,0,0,0,9,99,99,99,99,3,3,65,1,1,2,1,0,0,1,13,1,1,4,1,"777777777777","777777777777","777777777777",1,0
25,250044,1,1,1,31,3,20,42,42,0,1,0,25,1,34,706,34706,80,2012,"WB1048008CZX","W","B","1","0","4","8","0","0","8","C","Z","X",0,0,0,"000000000","00000000000",0,0,0,1,0,0,0,0,0,0,0,998,0,0,0,12,6,2,42,0,0,0,1,25,2330,6,1,0,0,3,0,78,999,1,0,0,0,1,5,2011,7,2014,9,36,0,0,0,1,2,98,1,1,2,1,0,0,1,13,1,1,4,1,"777777777777","777777777777","777777777777",1,1