"STATE","ST_CASE","VEH_NO","VE_FORMS","NUMOCCS","DAY","MONTH","HOUR","MINUTE","HARM_EV","MAN_COLL","UNITTYPE","HIT_RUN","REG_STAT","OWNER","MAKE","MODEL","MAK_MOD","BODY_TYP","MOD_YEAR","VIN","VIN_1","VIN_2","VIN_3","VIN_4","VIN_5","VIN_6","VIN_7","VIN_8","VIN_9","VIN_10","VIN_11","VIN_12","TOW_VEH","J_KNIFE","MCARR_I1","MCARR_I2","MCARR_ID","GVWR","V_CONFIG","CARGO_BT","HAZ_INV","HAZ_PLAC","HAZ_ID","HAZ_CNO","HAZ_REL","BUS_USE","SPEC_USE","EMER_USE","TRAV_SP","UNDERIDE","ROLLOVER","ROLINLOC","IMPACT1","DEFORMED","TOWED","M_HARM","VEH_SC1","VEH_SC2","FIRE_EXP","DR_PRES","L_STATE","DR_ZIP","L_STATUS","L_TYPE","CDL_STAT","L_ENDORS","L_COMPL","L_RESTRI","DR_HGT","DR_WGT","PREV_ACC","PREV_SUS","PREV_DWI","PREV_SPD","PREV_OTH","FIRST_MO","FIRST_YR","LAST_MO","LAST_YR","SPEEDREL","DR_SF1","DR_SF2","DR_SF3","DR_SF4","VTRAFWAY","VNUM_LAN","VSPD_LIM","VALIGN","VPROFILE","VPAVETYP","VSURCOND","VTRAFCON","VTCONT_F","P_CRASH1","P_CRASH2","P_CRASH3","PCRASH4","PCRASH5","ACC_TYPE","TRLR1VIN","TRLR2VIN","TRLR3VIN","DEATHS","DR_DRINK"
25,250085,1,1,1,8,6,23,21,39,0,1,0,25,2,69,54,69054,3,2005,"WMWRE33415TD","W","M","W","R","E","3","3","4","1","5","T","D",0,0,0,"000000000","00000000000",0,0,0,1,0,0,0,0,0,0,0,998,0,0,0,12,6,2,39,0,0,0,1,25,2139,2,1,0,0,2,0,70,999,0,3,0,0,0,12,2011,11,2012,3,36,39,0,0,1,2,30,1,1,2,1,3,3,1,6,1,1,4,14,"777777777777","777777777777","777777777777",1,1
25,250086,1,1,1,31,5,21,10,8,0,1,0,25,1,37,32,37032,4,2006,"1HGCM56496A1","1","H","G","C","M","5","6","4","9","6","A","1",0,0,0,"000000000","00000000000",0,0,0,1,0,0,0,0,0,0,0,998,0,0,0,12,4,3,8,0,0,0,1,25,1902,6,1,0,0,3,3,70,999,0,0,0,0,0,0,0,0,0,0,0,0,0,0,3,2,40,1,1,2,1,3,2,1,80,1,1,1,13,"777777777777","777777777777","777777777777",0,0
25,250087,1,1,1,10,3,22,1,8,0,1,0,25,2,13,14,13014,6,2008,"2LMDU88C08BJ","2","L","M","D","U","8","8","C","0","8","B","J",0,0,0,"000000000","00000000000",0,0,0,1,0,0,0,0,0,0,0,998,0,0,0,1,4,3,8,0,0,0,1,25,2343,6,1,0,0,3,0,64,999,3,4,0,0,1,1,2013,2,2015,9,99,99,99,99,1,2,30,1,1,2,2,0,0,1,80,1,1,1,13,"777777777777","777777777777","777777777777",0,0
25,250088,1,1,2,23,3,21,14,8,0,1,0,25,2,2,404,2404,14,2006,"1J4GR48K56C3","1","J","4","G","R","4","8","K","5","6","C","3",0,0,0,"000000000","00000000000",0,0,0,1,0,0,0,0,0,0,0,998,0,0,0,12,4,3,8,0,0,0,1,25,1588,6,1,0,0,3,0,63,999,1,0,0,0,0,5,2013,5,2013,0,36,91,0,0,2,2,30,1,1,2,1,0,0,1,80,1,1,1,13,"777777777777","777777777777","777777777777",0,1
25,250089,1,2,1,6,4,15,44,12,2,1,0,25,1,19,18,19018,4,2008,"1G6DF5772802","1","G","6","D","F","5","7","7","2","8","0","2",0,0,0,"000000000","00000000000",0,0,0,1,0,0,0,0,0,0,0,998,0,0,0,12,6,2,12,0,0,0,1,25,1776,6,1,0,0,3,0,62,999,0,0,0,0,0,0,0,0,0,0,51,0,0,0,1,2,35,1,1,2,1,0,0,1,54,1,1,2,50,"777777777777","777777777777","777777777777",1,0
25,250089,2,2,27,6,4,15,44,12,2,1,0,25,3,82,982,82982,50,2015,"4UZABRDU9FCF","4","U","Z","A","B","R","D","U","9","F","C","F",0,0,57,"1166825","571166825",3,21,22,1,0,0,0,0,1,2,0,998,0,0,0,12,6,2,12,37,0,0,1,25,1749,6,1,6,1,3,0,64,999,1,0,0,1,1,12,2011,1,2016,0,89,0,0,0,1,2,35,1,1,2,1,0,0,1,54,1,1,1,51,"777777777777","777777777777","777777777777",0,0
25,250090,1,1,1,15,5,2,32,17,0,1,0,25,1,37,705,37705,80,2002,"JH2PC35062M3","J","H","2","P","C","3","5","0","6","2","M","3",0,0,0,"000000000","00000000000",0,0,0,1,0,0,0,0,0,0,0,998,0,0,0,12,6,2,42,0,0,0,1,25,1701,6,1,0,0,3,0,68,999,0,0,0,0,0,0,0,0,0,9,99,99,99,99,1,2,35,1,1,2,1,0,0,1,9,16,5,4,2,"777777777777","777777777777","777777777777",1,1
25,250091,1,3,1,29,5,20,54,12,8,1,0,25,1,37,31,37031,2,2005,"1HGEM22195L0","1","H","G","E","M","2","2","1","9","5","L","0",0,0,0,"000000000","00000000000",0,0,0,1,0,0,0,0,0,0,0,998,0,0,0,1,6,2,12,0,0,0,1,25,2720,6,1,0,0,3,0,69,999,1,0,0,0,1,10,2012,4,2016,3,0,0,0,0,1,2,98,1,1,2,1,0,0,1,11,1,1,2,64,"777777777777","777777777777","777777777777",1,1
25,250091,2,3,2,29,5,20,54,12,8,1,0,44,1,99,999,99999,99,9999,"","","","","","","","","","","","","",1,1,0,"000000000","00000000000",0,0,0,1,0,0,0,0,0,0,0,998,0,0,0,61,0,5,12,0,0,0,1,44,2878,9,9,99,9,9,9,999,999,99,99,99,99,99,99,9999,99,9999,0,0,0,0,0,1,2,98,1,1,2,1,0,0,1,54,7,1,3,65,"888888888888","777777777777","777777777777",0,0
25,250091,3,3,1,29,5,20,54,12,8,1,0,44,2,12,461,12461,21,2006,"1FTNE24L86HA","1","F","T","N","E","2","4","L","8","6","H","A",0,0,0,"000000000","00000000000",0,0,0,1,0,0,0,0,0,0,0,998,0,0,0,12,6,2,12,0,0,0,1,44,2878,6,1,0,0,3,0,59,145,0,0,0,0,0,0,0,0,0,0,0,0,0,0,1,2,98,1,1,2,1,0,0,1,60,1,1,1,98,"777777777777","777777777777","777777777777",0,0
25,250092,1,1,1,1,6,8,1,33,0,1,0,25,1,42,403,42403,14,2013,"WDCGG8JB5DF9","W","D","C","G","G","8","J","B","5","D","F","9",0,0,0,"000000000","00000000000",0,0,0,1,0,0,0,0,0,0,0,20,0,0,0,14,6,2,8,0,0,0,1,25,2025,6,1,0,0,3,0,60,999,0,0,0,0,0,0,0,0,0,0,99,99,99,99,4,1,30,1,1,2,1,0,0,13,81,1,1,5,92,"777777777777","777777777777","777777777777",0,0
25,250093,1,1,1,12,6,3,30,24,0,1,0,9,1,99,999,99999,99,9999,"","","","","","","","","","","","","",0,0,0,"000000000","00000000000",0,0,0,1,0,0,0,0,0,0,0,998,0,2,3,11,6,2,1,0,0,0,1,9,6106,9,9,99,9,9,9,999,999,99,99,99,99,99,99,9999,99,9999,9,99,99,99,99,3,2,65,1,1,2,1,0,0,1,12,1,1,4,6,"777777777777","777777777777","777777777777",1,1
25,250094,1,1,1,13,6,15,10,24,0,1,0,25,1,2,404,2404,14,2012,"1C4RJFAG4CC3","1","C","4","R","J","F","A","G","4","C","C","3",0,0,0,"000000000","00000000000",0,0,0,1,0,0,0,0,0,0,0,998,0,0,0,12,6,2,42,0,0,0,1,25,2061,6,1,0,0,3,3,69,999,1,0,0,0,0,12,2014,12,2014,9,99,99,99,99,1,2,98,1,1,2,1,3,3,1,14,1,1,4,14,"777777777777","777777777777","777777777777",1,0
25,250095,1,1,1,14,6,15,47,33,0,1,0,25,1,12,401,12401,14,2004,"1FMZU73K74ZB","1","F","M","Z","U","7","3","K","7","4","Z","B",0,0,0,"000000000","00000000000",0,0,0,1,0,0,0,0,0,0,0,79,0,0,0,14,6,2,31,0,0,0,1,25,2132,6,1,0,0,3,3,71,999,0,0,0,0,0,0,0,0,0,0,99,99,99,99,1,2,45,1,1,2,1,0,0,1,13,1,1,4,1,"777777777777","777777777777","777777777777",1,0
25,250096,1,1,1,12,6,18,56,33,0,1,0,25,1,37,31,37031,4,2003,"2HGES156X3H5","2","H","G","E","S","1","5","6","X","3","H","5",0,0,0,"000000000","00000000000",0,0,0,1,0,0,0,0,0,0,0,998,0,0,0,14,6,2,30,0,0,0,1,25,1830,6,1,0,0,3,0,68,999,0,0,0,0,0,0,0,0,0,3,36,0,0,0,2,2,35,1,1,2,1,0,0,1,6,99,9,4,7,"777777777777","777777777777","777777777777",1,0
25,250097,1,2,1,14,6,17,5,12,6,1,0,25,2,73,706,73706,80,2001,"JKBVNCB101B5","J","K","B","V","N","C","B","1","0","1","B","5",0,0,0,"000000000","00000000000",0,0,0,1,0,0,0,0,0,0,0,32,0,0,0,12,6,2,12,0,0,0,1,25,1571,6,1,0,0,3,0,67,999,2,1,0,4,0,7,2011,9,2014,0,0,0,0,0,2,2,40,1,1,2,1,0,0,1,66,16,1,1,69,"777777777777","777777777777","777777777777",1,0
25,250097,2,2,1,14,6,17,5,12,6,1,0,25,1,49,32,49032,4,2003,"1NXBR32E83Z1","1","N","X","B","R","3","2","E","8","3","Z","1",0,0,0,"000000000","00000000000",0,0,0,1,0,0,0,0,0,0,0,998,0,0,0,82,6,2,12,0,0,0,1,25,1564,6,1,0,0,3,3,69,999,1,0,0,1,0,10,2011,6,2014,0,38,91,0,0,2,2,40,1,1,2,1,0,0,11,54,1,1,1,68,"777777777777","777777777777","777777777777",0,0
25,250098,1,1,2,15,6,20,19,42,0,1,0,25,1,73,706,73706,80,2012,"JKAVN2B1XCA0","J","K","A","V","N","2","B","1","X","C","A","0",0,0,0,"000000000","00000000000",0,0,0,1,0,0,0,0,0,0,0,998,0,0,0,12,6,2,42,0,0,0,1,25,1420,6,1,0,0,3,0,70,999,1,0,0,0,0,2,2015,2,2015,9,99,99,99,99,1,2,40,3,1,2,1,0,0,14,13,1,1,4,1,"777777777777","777777777777","777777777777",1,1
25,250099,1,1,1,16,6,17,18,9,0,1,0,25,3,51,881,51881,63,2002,"4V5KC9GH12N3","4","V","5","K","C","9","G","H","1","2","N","3",0,0,77,"777777777","77777777777",3,2,1,1,0,0,0,0,0,0,0,998,0,0,0,14,4,3,9,0,0,0,1,25,2038,6,1,6,1,3,0,72,999,0,0,0,0,0,0,0,0,0,0,99,99,99,99,1,2,30,1,1,2,1,0,0,1,83,1,1,1,98,"777777777777","777777777777","777777777777",0,0
25,250100,1,2,1,17,6,9,0,12,6,1,0,25,1,49,442,49442,20,2015,"5TDDK3DC8FS1","5","T","D","D","K","3","D","C","8","F","S","1",0,0,0,"000000000","00000000000",0,0,0,1,0,0,0,0,0,0,0,998,0,0,0,82,6,2,12,0,0,0,1,25,1062,6,1,0,0,3,0,70,999,0,0,0,0,0,0,0,0,0,0,0,0,0,0,2,2,25,1,1,2,1,20,3,1,55,1,1,1,87,"777777777777","777777777777","777777777777",0,0
25,250100,2,2,2,17,6,9,0,12,6,1,0,25,3,49,32,49032,4,2006,"2T1BR32E36C5","2","T","1","B","R","3","2","E","3","6","C","5",0,0,0,"000000000","00000000000",0,0,0,1,0,0,0,0,0,0,0,998,0,0,0,12,6,2,12,0,0,0,1,25,1040,6,1,0,0,3,3,64,999,0,0,0,0,0,0,0,0,0,0,38,0,0,0,2,2,25,1,1,2,1,20,3,1,55,1,1,1,86,"777777777777","777777777777","777777777777",1,0
25,250101,1,1,1,18,6,23,39,30,0,1,0,25,1,37,32,37032,2,2001,"1HGCG32761A0","1","H","G","C","G","3","2","7","6","1","A","0",0,0,0,"000000000","00000000000",0,0,0,1,0,0,0,0,0,0,0,998,0,0,0,61,6,2,30,0,0,0,1,25,2764,6,1,0,0,3,1,67,999,1,0,0,0,0,2,2016,2,2016,9,58,0,0,0,1,2,40,1,1,2,98,0,0,1,11,7,3,4,1,"777777777777","777777777777","777777777777",1,1
25,250102,1,2,1,25,6,14,38,12,2,1,0,25,1,53,706,53706,80,2015,"JS1VS55A1F21","J","S","1","V","S","5","5","A","1","F","2","1",0,0,0,"000000000","00000000000",0,0,0,1,0,0,0,0,0,0,0,998,0,0,0,12,6,2,12,0,0,0,1,25,2771,6,1,0,0,3,0,68,999,1,0,0,0,0,5,2013,5,2013,0,89,0,0,0,1,2,98,1,1,2,1,0,0,1,63,1,1,1,51,"777777777777","777777777777","777777777777",1,0
25,250102,2,2,1,25,6,14,38,12,2,1,0,25,3,7,482,7482,31,1998,"3B7HF13Z1WG1","3","B","7","H","F","1","3","Z","1","W","G","1",0,0,0,"000000000","00000000000",0,0,0,1,0,0,0,0,0,0,0,998,0,0,0,12,6,2,12,0,0,0,1,25,2769,6,1,6,0,3,1,70,999,0,0,0,0,0,0,0,0,0,9,36,91,0,0,1,2,98,2,1,2,1,0,0,1,11,1,1,2,50,"777777777777","777777777777","777777777777",0,1
25,250103,1,2,1,27,6,17,30,12,2,1,0,25,1,20,16,20016,4,2003,"1G1JC52F9373","1","G","1","J","C","5","2","F","9","3","7","3",0,0,0,"000000000","00000000000",0,0,0,1,0,0,0,0,0,0,0,998,0,0,0,12,6,2,12,0,0,0,1,25,1080,6,1,0,0,3,0,64,999,0,0,0,0,0,0,0,0,0,0,99,99,99,99,1,2,98,1,1,2,1,0,0,1,11,1,1,2,50,"777777777777","777777777777","777777777777",1,0
25,250103,2,2,1,27,6,17,30,12,2,1,0,25,1,48,401,48401,14,2011,"JF2SHABC8BH7","J","F","2","S","H","A","B","C","8","B","H","7",0,0,0,"000000000","00000000000",0,0,0,1,0,0,0,0,0,0,0,998,0,0,0,12,6,2,12,0,0,0,1,25,1080,6,1,0,0,3,0,64,999,0,0,0,0,0,0,0,0,0,0,0,0,0,0,1,2,98,1,1,2,1,0,0,1,62,1,1,1,51,"777777777777","777777777777","777777777777",0,0
25,250104,1,2,1,18,4,16,50,12,6,1,0,25,1,49,482,49482,31,2007,"5TBBV58147S4","5","T","B","B","V","5","8","1","4","7","S","4",0,0,0,"000000000","00000000000",0,0,0,1,0,0,0,0,0,0,0,998,0,0,0,11,6,2,12,0,0,0,1,25,2093,6,1,0,0,3,3,68,999,0,0,0,0,0,0,0,0,0,0,85,35,0,0,1,2,40,1,1,2,1,0,0,1,50,6,1,2,64,"777777777777","777777777777","777777777777",0,0
25,250104,2,2,1,18,4,16,50,12,6,1,0,25,1,35,47,35047,4,2011,"1N4AL2APXBC1","1","N","4","A","L","2","A","P","X","B","C","1",0,0,0,"000000000","00000000000",0,0,0,1,0,0,0,0,0,0,0,998,0,0,0,62,6,2,12,0,0,0,1,25,2054,6,1,0,0,3,0,74,999,0,0,0,0,0,0,0,0,0,0,0,0,0,0,1,2,40,1,1,2,1,0,0,1,62,1,1,1,65,"777777777777","777777777777","777777777777",1,0
25,250105,1,1,1,4,1,18,0,8,0,1,0,25,1,19,480,19480,31,2004,"3GYEK62NX4G3","3","G","Y","E","K","6","2","N","X","4","G","3",0,0,0,"000000000","00000000000",0,0,0,1,0,0,0,0,0,0,0,998,0,0,0,12,4,3,8,0,0,0,1,25,2148,6,1,0,0,3,0,61,999,4,0,0,0,3,1,2012,5,2015,0,99,99,99,99,1,2,98,1,1,2,1,0,0,1,80,1,1,1,13,"777777777777","777777777777","777777777777",0,0
25,250106,1,1,1,9,1,2,49,8,0,1,1,25,1,23,481,23481,31,2002,"2GTEC19T7213","2","G","T","E","C","1","9","T","7","2","1","3",0,0,0,"000000000","00000000000",0,0,0,1,0,0,0,0,0,0,0,47,0,0,0,12,4,3,8,0,0,0,1,25,1583,6,1,0,0,3,0,66,999,1,0,0,1,3,11,2012,9,2015,3,36,91,0,0,2,2,30,1,1,2,2,0,0,1,81,99,1,4,13,"777777777777","777777777777","777777777777",0,0
25,250107,1,1,1,13,1,99,99,8,0,1,1,25,3,7,442,7442,20,2015,"2C4RDGBG3FR7","2","C","4","R","D","G","B","G","3","F","R","7",0,0,0,"000000000","00000000000",0,0,0,1,0,0,0,0,0,0,0,998,0,0,0,12,4,5,8,0,0,0,1,25,2125,6,1,0,0,3,0,63,999,0,0,0,0,0,0,0,0,0,3,36,0,0,0,3,2,25,1,1,2,1,0,0,1,80,1,1,1,13,"777777777777","777777777777","777777777777",0,0
25,250108,1,1,1,24,1,11,18,8,0,1,0,25,3,86,881,86881,63,1987,"1M2N166Y1HA0","1","M","2","N","1","6","6","Y","1","H","A","0",0,0,25,"297274","25297274",3,2,4,1,0,0,0,0,0,0,0,7,0,0,0,98,0,3,8,0,0,0,1,25,2301,6,1,6,1,3,2,70,999,0,0,0,0,0,0,0,0,0,9,74,0,0,0,1,2,30,1,1,2,2,0,0,1,80,1,1,1,13,"777777777777","777777777777","777777777777",0,0
25,250109,1,1,1,23,2,19,59,8,0,1,0,25,1,6,42,6042,4,2000,"2C3HC56G5YH2","2","C","3","H","C","5","6","G","5","Y","H","2",0,0,0,"000000000","00000000000",0,0,0,1,0,0,0,0,0,0,0,998,0,0,0,12,6,2,8,0,0,0,1,25,2302,6,1,0,0,3,0,69,999,0,0,0,0,0,0,0,0,0,0,86,87,0,0,1,2,35,1,1,2,2,3,3,1,80,1,1,1,13,"777777777777","777777777777","777777777777",0,0
25,250110,1,1,1,22,3,13,38,35,0,1,0,25,1,2,404,2404,14,2004,"1J4GW48SX4C1","1","J","4","G","W","4","8","S","X","4","C","1",0,0,0,"000000000","00000000000",0,0,0,1,0,0,0,0,0,0,0,998,0,2,6,14,6,2,42,0,0,0,1,25,1081,6,1,0,0,3,3,70,999,0,0,0,0,0,0,0,0,0,9,99,99,99,99,1,2,35,1,1,2,1,0,0,1,11,1,1,4,6,"777777777777","777777777777","777777777777",1,0
25,250111,1,2,2,27,3,99,99,12,6,1,0,9,2,52,999,52999,99,9999,"","","","","","","","","","","","","",0,0,0,"000000000","00000000000",0,0,0,1,0,0,0,0,0,0,0,998,0,0,0,83,6,2,12,0,0,0,1,25,1109,6,1,0,0,3,0,69,999,0,1,0,0,2,9,2013,5,2014,0,38,89,0,0,1,2,98,1,1,2,1,20,3,1,55,1,1,1,87,"777777777777","777777777777","777777777777",1,0
25,250111,2,2,2,27,3,99,99,12,6,1,0,25,1,2,404,2404,14,2003,"1J8GW58N73C5","1","J","8","G","W","5","8","N","7","3","C","5",0,0,0,"000000000","00000000000",0,0,0,1,0,0,0,0,0,0,0,998,0,0,0,12,6,2,12,0,0,0,1,25,1103,6,1,0,0,3,0,71,999,0,2,0,1,3,1,2012,1,2015,0,0,0,0,0,1,2,98,1,1,2,1,0,0,1,55,1,1,1,86,"777777777777","777777777777","777777777777",0,0
25,250112,1,1,1,31,3,0,56,33,0,1,0,9,3,49,999,49999,99,9999,"","","","","","","","","","","","","",0,0,0,"000000000","00000000000",0,0,0,1,0,0,0,0,0,0,0,998,0,0,0,14,6,2,42,0,0,0,1,9,6076,9,9,99,9,9,9,999,999,99,99,99,99,99,99,9999,99,9999,3,0,0,0,0,1,2,98,1,1,2,1,0,0,1,10,1,1,4,6,"777777777777","777777777777","777777777777",1,0
25,250113,1,2,1,13,4,99,99,12,6,1,0,25,3,12,481,12481,31,2005,"3FRWF75T25V1","3","F","R","W","F","7","5","T","2","5","V","1",0,0,0,"000000000","00000000000",0,0,0,1,0,0,0,0,0,0,0,998,0,0,0,83,4,3,12,0,0,0,1,25,2790,6,1,0,0,3,0,63,999,0,0,0,0,0,0,0,0,0,0,36,38,0,0,1,2,35,1,1,2,1,0,0,11,54,1,1,1,68,"777777777777","777777777777","777777777777",0,0
25,250113,2,2,1,13,4,99,99,12,6,1,0,44,1,72,709,72709,80,1985,"999999999999","9","9","9","9","9","9","9","9","9","9","9","9",0,0,0,"000000000","00000000000",0,0,0,1,0,0,0,0,0,0,0,998,0,0,0,12,4,3,12,0,0,0,1,44,2878,6,1,0,0,1,0,74,153,0,1,0,0,1,3,2013,3,2016,0,99,99,99,99,1,2,35,1,1,2,1,0,0,1,66,1,1,1,69,"777777777777","777777777777","777777777777",1,0
25,250114,1,1,1,3,4,22,15,42,0,1,0,25,1,49,40,49040,4,2014,"4T1BF1FK2EU7","4","T","1","B","F","1","F","K","2","E","U","7",0,0,0,"000000000","00000000000",0,0,0,1,0,0,0,0,0,0,0,998,0,0,0,12,6,2,42,0,0,0,1,25,1801,6,1,0,0,3,3,73,999,0,0,0,0,0,0,0,0,0,0,99,99,99,99,1,2,30,3,1,2,1,0,0,1,13,1,1,4,1,"777777777777","777777777777","777777777777",1,1
25,250115,1,1,1,4,4,14,0,42,0,1,0,25,1,49,40,49040,4,2011,"4T4BF3EK2BR2","4","T","4","B","F","3","E","K","2","B","R","2",0,0,0,"000000000","00000000000",0,0,0,1,0,0,0,0,0,0,0,998,0,0,0,12,6,2,42,0,0,0,1,25,2720,6,1,0,0,3,3,70,999,0,0,0,0,1,3,2016,3,2016,9,99,99,99,99,2,2,30,1,1,2,2,0,0,1,11,1,1,4,6,"777777777777","777777777777","777777777777",1,0
25,250116,1,2,1,30,4,17,14,12,2,1,0,25,1,41,50,41050,4,2014,"JM1GJ1V69E11","J","M","1","G","J","1","V","6","9","E","1","1",0,0,0,"000000000","00000000000",0,0,0,1,0,0,0,0,0,0,0,998,0,0,0,12,6,2,12,0,0,0,1,25,1220,6,1,0,0,3,3,70,999,0,0,0,0,0,0,0,0,0,0,0,0,0,0,1,2,35,1,1,2,1,0,0,1,62,1,1,1,51,"777777777777","777777777777","777777777777",0,0
25,250116,2,2,3,30,4,17,14,12,2,1,0,25,1,49,32,49032,4,1999,"2T1BR12EXXC1","2","T","1","B","R","1","2","E","X","X","C","1",0,0,0,"000000000","00000000000",0,0,0,1,0,0,0,0,0,0,0,998,0,0,0,12,6,2,12,0,0,0,1,25,1247,6,2,0,0,3,1,68,999,0,0,0,0,0,0,0,0,0,3,36,0,0,0,1,2,35,1,1,2,1,0,0,1,54,1,1,2,50,"777777777777","777777777777","777777777777",1,0
25,250117,1,1,2,23,4,13,15,8,0,1,0,25,3,12,461,12461,28,2012,"1FDXE4FS7CDA","1","F","D","X","E","4","F","S","7","C","D","A",0,0,77,"777777777","77777777777",2,1,1,1,0,0,0,0,0,0,0,998,0,0,0,98,8,3,8,0,0,0,1,25,2062,6,1,0,0,3,3,73,999,1,0,0,0,1,11,2011,7,2015,0,0,0,0,0,4,1,98,1,1,2,1,20,3,99,82,99,9,9,16,"777777777777","777777777777","777777777777",0,0
25,250118,1,1,3,1,5,20,1,8,0,1,0,25,1,49,43,49043,4,2008,"4T1BK36B28U2","4","T","1","B","K","3","6","B","2","8","U","2",0,0,0,"000000000","00000000000",0,0,0,1,0,0,0,0,0,0,0,998,0,0,0,82,4,3,8,0,0,0,1,25,1062,6,1,0,0,3,0,70,999,0,0,0,1,0,12,2011,12,2011,0,38,0,0,0,1,2,30,1,1,2,2,0,0,1,80,1,1,1,13,"777777777777","777777777777","777777777777",0,0
25,250119,1,1,1,26,3,19,51,42,0,1,0,25,1,2,404,2404,14,2000,"1J4GW48S2YC1","1","J","4","G","W","4","8","S","2","Y","C","1",0,0,0,"000000000","00000000000",0,0,0,1,0,0,0,0,0,0,0,998,0,0,0,12,6,2,42,0,0,0,1,25,2065,6,1,0,0,3,3,68,999,1,0,0,0,0,8,2011,8,2011,9,99,99,99,99,1,2,30,1,1,2,1,0,0,1,13,99,1,4,1,"777777777777","777777777777","777777777777",1,1
25,250120,1,2,1,30,4,10,33,12,1,1,0,25,1,49,51,49051,4,2007,"JTDBT9238711","J","T","D","B","T","9","2","3","8","7","1","1",0,0,0,"000000000","00000000000",0,0,0,1,0,0,0,0,0,0,0,998,0,0,0,12,6,2,12,0,0,0,1,25,2653,6,1,0,0,3,3,65,999,0,0,0,0,0,0,0,0,0,0,0,0,0,0,1,2,40,8,1,2,1,0,0,3,50,1,1,1,20,"777777777777","777777777777","777777777777",1,0
25,250120,2,2,2,30,4,10,33,12,1,1,0,25,1,37,441,37441,20,2012,"5FNRL5H62CB0","5","F","N","R","L","5","H","6","2","C","B","0",0,0,0,"000000000","00000000000",0,0,0,1,0,0,0,0,0,0,0,0,0,0,0,6,6,2,12,0,0,0,1,25,2642,6,1,0,0,3,0,61,999,0,0,0,0,0,0,0,0,0,0,0,0,0,0,1,2,40,8,1,2,1,0,0,5,53,1,9,1,21,"777777777777","777777777777","777777777777",0,0
25,250121,1,2,1,5,6,1,30,12,1,1,0,33,1,2,405,2405,14,2008,"1J8GN28K88W2","1","J","8","G","N","2","8","K","8","8","W","2",0,0,0,"000000000","00000000000",0,0,0,1,0,0,0,0,0,0,0,998,0,1,1,12,6,2,12,0,0,0,1,33,3060,6,1,0,0,3,0,69,190,1,0,0,0,0,7,2014,7,2014,3,0,0,0,0,3,4,55,1,1,2,1,0,0,1,51,1,1,1,24,"777777777777","777777777777","777777777777",0,1
25,250121,2,2,4,5,6,1,30,12,1,1,0,33,1,14,401,14401,14,2000,"4M2ZU86P1YUJ","4","M","2","Z","U","8","6","P","1","Y","U","J",0,0,0,"000000000","00000000000",0,0,0,1,0,0,0,0,0,0,0,998,0,1,1,6,6,8,12,0,0,0,1,33,3465,6,1,6,0,3,0,62,105,0,0,0,0,0,0,0,0,0,0,0,0,0,0,3,4,55,1,1,2,1,0,0,1,53,1,1,1,25,"777777777777","777777777777","777777777777",1,0
25,250122,1,1,1,30,6,13,10,33,0,1,0,25,1,37,32,37032,4,2015,"1HGCR3F84FA0","1","H","G","C","R","3","F","8","4","F","A","0",0,0,0,"000000000","00000000000",0,0,0,1,0,0,0,0,0,0,0,998,0,0,0,14,6,2,35,0,0,0,1,25,1915,6,1,0,0,3,3,69,999,0,0,0,0,0,0,0,0,0,3,0,0,0,0,6,1,30,1,6,2,1,0,0,1,12,1,1,4,6,"777777777777","777777777777","777777777777",1,0
25,250123,1,2,1,30,6,20,35,12,7,1,0,25,1,76,706,76706,80,2008,"JYARN20E18A0","J","Y","A","R","N","2","0","E","1","8","A","0",0,0,0,"000000000","00000000000",0,0,0,1,0,0,0,0,0,0,0,998,0,0,0,98,6,2,24,0,0,0,1,25,2718,6,1,0,0,3,3,71,999,0,0,0,0,0,0,0,0,0,0,0,0,0,0,1,2,35,3,1,2,1,0,0,1,51,1,1,3,45,"777777777777","777777777777","777777777777",1,0
25,250123,2,2,1,30,6,20,35,12,7,1,0,25,1,37,705,37705,80,2006,"JH2PC37006M3","J","H","2","P","C","3","7","0","0","6","M","3",0,0,0,"000000000","00000000000",0,0,0,1,0,0,0,0,0,0,0,998,0,0,0,98,6,2,12,0,0,0,1,25,2126,6,1,0,0,2,0,71,999,0,0,0,0,0,0,0,0,0,0,99,99,99,99,1,2,35,3,1,2,1,0,0,1,51,1,1,3,44,"777777777777","777777777777","777777777777",0,0
25,250124,1,2,1,30,6,15,48,12,2,1,0,25,1,12,21,12021,4,2005,"1FAFP26115G1","1","F","A","F","P","2","6","1","1","5","G","1",0,0,0,"000000000","00000000000",0,0,0,1,0,0,0,0,0,0,0,998,0,0,0,12,6,2,12,0,0,0,1,25,2108,6,1,0,0,3,0,69,999,1,0,0,0,0,4,2013,4,2013,0,0,0,0,0,1,2,30,1,1,2,1,20,3,11,54,1,1,1,74,"777777777777","777777777777","777777777777",0,0
25,250124,2,2,1,30,6,15,48,12,2,1,0,25,1,72,706,72706,80,2012,"1HD1KBM12CB6","1","H","D","1","K","B","M","1","2","C","B","6",0,0,0,"000000000","00000000000",0,0,0,1,0,0,0,0,0,0,0,998,0,0,0,12,6,2,12,0,0,0,1,25,1906,6,1,0,0,3,0,72,999,0,0,0,0,0,0,0,0,0,0,0,0,0,0,1,2,30,1,1,2,1,0,0,1,54,16,1,1,74,"777777777777","777777777777","777777777777",1,0