"STATE","ST_CASE","VEH_NO","VE_FORMS","NUMOCCS","DAY","MONTH","HOUR","MINUTE","HARM_EV","MAN_COLL","UNITTYPE","HIT_RUN","REG_STAT","OWNER","MAKE","MODEL","MAK_MOD","BODY_TYP","MOD_YEAR","VIN","VIN_1","VIN_2","VIN_3","VIN_4","VIN_5","VIN_6","VIN_7","VIN_8","VIN_9","VIN_10","VIN_11","VIN_12","TOW_VEH","J_KNIFE","MCARR_I1","MCARR_I2","MCARR_ID","GVWR","V_CONFIG","CARGO_BT","HAZ_INV","HAZ_PLAC","HAZ_ID","HAZ_CNO","HAZ_REL","BUS_USE","SPEC_USE","EMER_USE","TRAV_SP","UNDERIDE","ROLLOVER","ROLINLOC","IMPACT1","DEFORMED","TOWED","M_HARM","VEH_SC1","VEH_SC2","FIRE_EXP","DR_PRES","L_STATE","DR_ZIP","L_STATUS","L_TYPE","CDL_STAT","L_ENDORS","L_COMPL","L_RESTRI","DR_HGT","DR_WGT","PREV_ACC","PREV_SUS","PREV_DWI","PREV_SPD","PREV_OTH","FIRST_MO","FIRST_YR","LAST_MO","LAST_YR","SPEEDREL","DR_SF1","DR_SF2","DR_SF3","DR_SF4","VTRAFWAY","VNUM_LAN","VSPD_LIM","VALIGN","VPROFILE","VPAVETYP","VSURCOND","VTRAFCON","VTCONT_F","P_CRASH1","P_CRASH2","P_CRASH3","PCRASH4","PCRASH5","ACC_TYPE","TRLR1VIN","TRLR2VIN","TRLR3VIN","DEATHS","DR_DRINK"
25,250162,1,1,2,3,9,22,30,8,0,1,1,25,3,7,24,7024,4,2016,"2C3CDXJGXGH2","2","C","3","C","D","X","J","G","X","G","H","2",0,0,0,"000000000","00000000000",0,0,0,1,0,0,0,0,0,0,0,80,0,0,0,12,4,5,8,0,0,0,1,25,2121,6,1,0,0,3,0,75,999,0,0,0,1,1,11,2015,1,2016,3,91,0,0,0,3,2,35,1,1,2,1,3,3,1,80,9,1,1,13,"777777777777","777777777777","777777777777",0,1
25,250163,1,2,2,22,2,5,13,12,2,1,0,25,1,20,16,20016,4,2002,"1G1JH52F2273","1","G","1","J","H","5","2","F","2","2","7","3",0,0,0,"000000000","00000000000",0,0,0,1,0,0,0,0,0,0,0,998,0,0,0,12,6,2,12,0,0,0,1,25,1355,6,1,0,0,3,0,69,999,0,0,0,0,0,0,0,0,0,3,36,0,0,0,1,2,98,1,1,2,1,0,0,1,11,1,4,2,50,"777777777777","777777777777","777777777777",2,1
25,250163,2,2,1,22,2,5,13,12,2,1,0,25,1,82,881,82881,66,1999,"1FUYSSEB0XLA","1","F","U","Y","S","S","E","B","0","X","L","A",1,1,57,"2115952","572115952",3,6,98,1,0,0,0,0,0,0,0,998,0,0,0,12,6,2,12,0,0,0,1,25,1054,6,1,6,1,3,0,76,999,0,0,0,0,0,0,0,0,0,0,0,0,0,0,1,2,98,1,1,2,1,0,0,1,62,1,1,1,51,"999999999999","777777777777","777777777777",0,0
25,250164,1,1,3,9,7,2,17,24,0,1,0,33,2,37,31,37031,3,1992,"2HGEH2395NH5","2","H","G","E","H","2","3","9","5","N","H","5",0,0,0,"000000000","00000000000",0,0,0,1,0,0,0,0,0,0,0,998,0,2,5,12,6,2,1,0,0,0,1,25,1843,2,1,0,0,2,0,67,999,0,7,0,1,7,1,2012,7,2015,3,0,0,0,0,6,1,40,1,1,2,1,0,0,1,6,7,3,4,2,"777777777777","777777777777","777777777777",2,1
25,250165,1,1,2,6,8,12,20,42,0,1,0,25,1,37,31,37031,2,2010,"2HGFG1B81AH5","2","H","G","F","G","1","B","8","1","A","H","5",0,0,0,"000000000","00000000000",0,0,0,1,0,0,0,0,0,0,0,998,0,0,0,62,6,2,42,0,0,0,1,25,2717,6,1,0,0,3,3,70,999,0,0,0,0,1,4,2016,4,2016,0,0,0,0,0,3,2,65,1,1,2,1,0,0,1,8,7,3,4,2,"777777777777","777777777777","777777777777",1,0
25,250166,1,1,1,3,9,21,17,42,0,1,0,25,1,20,23,20023,6,2006,"3GNDA13D26S5","3","G","N","D","A","1","3","D","2","6","S","5",0,0,0,"000000000","00000000000",0,0,0,1,0,0,0,0,0,0,0,998,0,0,0,82,6,2,42,0,0,0,1,25,1077,6,1,0,0,3,3,72,999,1,0,0,0,0,4,2016,4,2016,4,89,0,0,0,3,2,65,1,1,2,1,0,0,1,12,16,4,4,6,"777777777777","777777777777","777777777777",1,1
25,250167,1,1,1,3,9,7,28,42,0,1,0,25,1,49,40,49040,4,1999,"JT2BF22KXX02","J","T","2","B","F","2","2","K","X","X","0","2",0,0,0,"000000000","00000000000",0,0,0,1,0,0,0,0,0,0,0,998,0,0,0,12,6,2,42,0,0,0,1,25,1754,6,1,0,0,3,3,68,999,1,0,0,0,1,2,2015,10,2015,9,99,99,99,99,1,2,35,1,1,2,1,0,0,1,12,1,1,4,6,"777777777777","777777777777","777777777777",1,0
25,250168,1,1,1,17,9,4,53,42,0,1,0,25,1,49,402,49402,14,2005,"JTEHD20V9560","J","T","E","H","D","2","0","V","9","5","6","0",0,0,0,"000000000","00000000000",0,0,0,1,0,0,0,0,0,0,0,998,0,0,0,82,6,2,35,0,0,0,1,25,1370,6,1,0,0,3,0,72,999,0,0,0,1,1,6,2014,9,2016,0,0,0,0,0,1,2,98,1,1,2,1,0,0,1,13,99,9,4,1,"777777777777","777777777777","777777777777",1,1
25,250169,1,1,6,8,9,6,55,1,0,1,0,25,3,12,461,12461,21,2004,"1FTNS24W84HA","1","F","T","N","S","2","4","W","8","4","H","A",0,0,0,"000000000","00000000000",0,0,0,1,0,0,0,0,0,0,0,998,0,2,3,0,6,2,1,0,0,0,1,25,1757,6,1,0,0,3,0,62,999,0,2,0,3,4,10,2011,6,2016,0,58,89,0,0,3,3,65,1,1,2,1,0,0,1,1,6,9,4,7,"777777777777","777777777777","777777777777",2,0
25,250170,1,1,1,20,9,21,56,8,0,1,1,25,1,48,34,48034,6,2002,"4S3BH6659276","4","S","3","B","H","6","6","5","9","2","7","6",0,0,0,"000000000","00000000000",0,0,0,1,0,0,0,0,0,0,0,998,0,0,0,1,4,3,8,0,0,0,1,25,2601,2,1,0,0,2,0,64,999,0,0,0,1,0,4,2012,4,2012,9,36,0,0,0,1,2,98,1,1,2,1,0,0,1,81,99,1,4,13,"777777777777","777777777777","777777777777",0,0
25,250171,1,4,1,13,7,12,31,12,1,1,0,25,1,39,36,39036,4,2003,"SAJEA51D23XC","S","A","J","E","A","5","1","D","2","3","X","C",0,0,0,"000000000","00000000000",0,0,0,1,0,0,0,0,0,0,0,998,0,0,0,12,6,2,12,0,0,0,1,25,1610,6,1,0,0,3,0,65,999,0,0,0,0,1,10,2014,10,2014,0,0,0,0,0,2,2,30,1,6,2,1,20,3,1,3,1,1,1,20,"777777777777","777777777777","777777777777",1,1
25,250171,2,4,1,13,7,12,31,12,1,1,0,25,1,22,32,22032,6,2006,"5Y2SL65866Z4","5","Y","2","S","L","6","5","8","6","6","Z","4",0,0,0,"000000000","00000000000",0,0,0,1,0,0,0,0,0,0,0,998,0,0,0,12,4,5,12,0,0,0,1,25,1605,6,1,0,0,3,0,65,999,0,0,0,0,1,2,2015,2,2015,0,0,0,0,0,2,2,30,1,6,2,1,20,3,10,98,7,1,3,98,"777777777777","777777777777","777777777777",0,0
25,250171,3,4,3,13,7,12,31,12,1,1,0,25,1,12,422,12422,15,2003,"1FMPU16W03LB","1","F","M","P","U","1","6","W","0","3","L","B",0,0,0,"000000000","00000000000",0,0,0,1,0,0,0,0,0,0,0,0,0,0,0,6,6,2,12,0,0,0,1,25,1603,6,1,0,0,3,0,67,999,0,0,0,0,2,12,2014,7,2016,0,0,0,0,0,2,2,30,1,6,2,1,20,3,5,53,1,1,1,21,"777777777777","777777777777","777777777777",0,0
25,250171,4,4,1,13,7,12,31,12,1,1,0,25,1,20,25,20025,4,2016,"1G1PC5SGXG71","1","G","1","P","C","5","S","G","X","G","7","1",0,0,0,"000000000","00000000000",0,0,0,1,0,0,0,0,0,0,0,998,0,0,0,82,6,2,12,0,0,0,1,25,1604,6,1,0,0,3,0,63,999,0,0,0,1,1,10,2014,7,2015,0,0,0,0,0,2,2,30,1,6,2,1,20,3,1,59,1,1,2,98,"777777777777","777777777777","777777777777",0,0
25,250172,1,2,1,15,6,9,11,12,6,1,0,25,1,9,19,9019,4,1995,"3P3AA4631ST5","3","P","3","A","A","4","6","3","1","S","T","5",0,0,0,"000000000","00000000000",0,0,0,1,0,0,0,0,0,0,0,998,0,0,0,81,6,2,12,0,0,0,1,25,1604,6,1,0,0,3,3,65,999,0,0,0,0,0,0,0,0,0,0,0,0,0,0,1,2,30,1,1,2,1,0,0,12,53,1,1,1,98,"777777777777","777777777777","777777777777",1,0
25,250172,2,2,1,15,6,9,11,12,6,1,0,25,1,18,401,18401,14,2003,"3G5DA03E03S5","3","G","5","D","A","0","3","E","0","3","S","5",0,0,0,"000000000","00000000000",0,0,0,1,0,0,0,0,0,0,0,998,0,0,0,12,6,2,12,0,0,0,1,25,1605,6,1,0,0,3,0,64,999,0,0,0,0,1,12,2012,12,2012,3,36,0,0,0,1,2,30,1,1,2,1,0,0,1,51,1,1,1,98,"777777777777","777777777777","777777777777",0,0
25,250173,1,1,3,18,7,0,12,35,0,1,0,25,2,37,31,37031,2,2003,"1HGEM21553L0","1","H","G","E","M","2","1","5","5","3","L","0",0,0,0,"000000000","00000000000",0,0,0,1,0,0,0,0,0,0,0,998,0,0,0,12,6,2,35,0,0,0,1,25,1841,6,1,0,0,3,0,72,999,0,0,0,0,1,12,2015,12,2015,3,51,0,0,0,1,2,98,1,1,2,1,0,0,1,11,16,9,4,6,"777777777777","777777777777","777777777777",1,0
25,250174,1,2,1,28,7,11,15,12,1,1,0,25,1,55,33,55033,4,2001,"KMHWF25S71A4","K","M","H","W","F","2","5","S","7","1","A","4",0,0,0,"000000000","00000000000",0,0,0,1,0,0,0,0,0,0,0,998,0,0,0,12,6,2,12,0,0,0,1,25,1201,6,1,0,0,3,3,67,999,0,1,0,1,2,8,2011,1,2013,0,0,0,0,0,1,2,45,1,1,2,1,0,0,1,50,1,1,1,20,"777777777777","777777777777","777777777777",1,0
25,250174,2,2,1,28,7,11,15,12,1,1,0,25,3,84,881,84881,62,2011,"999999999999","9","9","9","9","9","9","9","9","9","9","9","9",0,0,88,"888888888","88888888888",2,1,3,1,0,0,0,0,0,0,0,0,0,0,0,6,6,2,12,0,0,0,1,25,1201,6,1,0,0,3,0,68,999,0,0,0,1,2,1,2013,3,2014,0,0,0,0,0,1,2,45,1,1,2,1,0,0,5,53,1,1,1,22,"777777777777","777777777777","777777777777",0,0
25,250175,1,2,1,30,8,16,12,12,1,1,0,25,2,21,21,21021,4,2001,"1G3NL52T61C2","1","G","3","N","L","5","2","T","6","1","C","2",0,0,0,"000000000","00000000000",0,0,0,1,0,0,0,0,0,0,0,998,0,1,6,12,6,2,12,0,0,0,1,25,2360,2,1,0,0,2,0,59,999,0,1,0,2,1,9,2011,4,2012,3,26,0,0,0,3,3,65,1,1,2,1,0,0,1,51,7,1,1,24,"777777777777","777777777777","777777777777",1,0
25,250175,2,2,1,30,8,16,12,12,1,1,0,25,1,59,403,59403,14,2006,"JTJHW31U7600","J","T","J","H","W","3","1","U","7","6","0","0",0,0,0,"000000000","00000000000",0,0,0,1,0,0,0,0,0,0,0,998,0,0,0,6,6,2,12,0,0,0,1,25,2330,6,1,0,0,3,3,64,999,0,0,0,0,0,0,0,0,0,0,0,0,0,0,3,3,65,1,1,2,1,0,0,1,53,6,1,1,25,"777777777777","777777777777","777777777777",0,0
25,250176,1,3,2,24,8,15,13,12,6,1,0,12,1,39,999,39999,49,2011,"999999999999","9","9","9","9","9","9","9","9","9","9","9","9",0,0,0,"000000000","00000000000",0,0,0,1,0,0,0,0,0,0,0,998,0,9,6,12,6,2,12,0,0,0,1,12,34105,6,1,0,0,3,0,72,999,0,0,0,0,0,0,0,0,0,0,99,99,99,99,1,2,98,1,1,2,1,0,0,1,11,1,1,2,64,"777777777777","777777777777","777777777777",1,0
25,250176,2,3,2,24,8,15,13,12,6,1,0,25,1,12,401,12401,14,2006,"1FMEU73E56UA","1","F","M","E","U","7","3","E","5","6","U","A",0,0,0,"000000000","00000000000",0,0,0,1,0,0,0,0,0,0,0,998,0,0,0,83,4,5,12,0,0,0,1,25,1245,6,1,0,0,3,0,71,999,0,0,0,0,0,0,0,0,0,0,0,0,0,0,1,2,98,1,1,2,1,0,0,1,62,1,1,1,65,"777777777777","777777777777","777777777777",0,0
25,250176,4,3,1,24,8,15,13,12,6,1,0,25,1,30,40,30040,4,2016,"3VWD17AJ0GM4","3","V","W","D","1","7","A","J","0","G","M","4",0,0,0,"000000000","00000000000",0,0,0,1,0,0,0,0,0,0,0,998,0,0,0,12,6,2,12,0,0,0,1,25,1201,6,1,0,0,3,3,65,999,0,0,0,0,0,0,0,0,0,0,0,0,0,0,1,2,98,1,1,2,1,0,0,1,98,1,1,1,98,"777777777777","777777777777","777777777777",0,0
25,250177,1,1,1,6,10,23,5,24,0,1,0,25,1,2,405,2405,14,2004,"1J4GL48K04W1","1","J","4","G","L","4","8","K","0","4","W","1",0,0,0,"000000000","00000000000",0,0,0,1,0,0,0,0,0,0,0,998,0,0,0,11,6,2,42,0,0,1,1,25,2379,6,1,0,0,3,0,71,999,1,0,0,0,0,2,2015,2,2015,3,36,0,0,0,3,2,65,1,1,2,1,0,0,1,6,99,9,4,7,"777777777777","777777777777","777777777777",1,0
25,250178,1,1,1,1,9,15,58,8,0,1,0,25,1,84,884,84884,64,2006,"1HTWYAHR16J3","1","H","T","W","Y","A","H","R","1","6","J","3",1,1,77,"777777777","77777777777",3,4,97,1,0,0,0,0,0,0,0,998,0,0,0,12,4,5,8,0,0,0,1,25,2767,6,1,6,1,3,3,74,999,0,0,0,0,0,0,0,0,0,0,99,99,99,99,1,2,30,1,1,2,1,0,0,1,81,1,1,1,13,"999999999999","777777777777","777777777777",0,0
25,250179,1,1,1,15,9,2,30,33,0,1,0,9,1,99,999,99999,99,9999,"","","","","","","","","","","","","",0,0,0,"000000000","00000000000",0,0,0,1,0,0,0,0,0,0,0,998,0,0,0,14,6,2,42,0,0,0,1,25,1238,6,1,0,0,3,0,67,999,3,4,0,4,5,1,2012,8,2016,9,36,0,0,0,1,2,98,1,1,2,1,0,0,1,12,1,1,4,6,"777777777777","777777777777","777777777777",1,1
25,250180,1,2,1,23,9,17,24,12,6,1,0,25,2,76,706,76706,80,2001,"JYARN05E21A0","J","Y","A","R","N","0","5","E","2","1","A","0",0,0,0,"000000000","00000000000",0,0,0,1,0,0,0,0,0,0,0,998,0,0,0,12,6,2,12,0,0,0,1,25,1604,0,0,0,0,0,0,999,999,0,0,0,0,0,0,0,0,0,3,0,0,0,0,1,2,30,1,1,2,1,0,0,1,66,16,1,1,69,"777777777777","777777777777","777777777777",1,0
25,250180,2,2,2,23,9,17,24,12,6,1,0,25,1,7,482,7482,31,2012,"1C6RD7GP1CS2","1","C","6","R","D","7","G","P","1","C","S","2",0,0,0,"000000000","00000000000",0,0,0,1,0,0,0,0,0,0,0,998,0,0,0,82,4,5,12,0,0,0,1,25,1564,6,1,0,0,3,3,70,999,3,0,0,1,1,1,2012,3,2015,0,0,0,0,0,1,2,30,1,1,2,1,0,0,11,55,1,1,1,68,"777777777777","777777777777","777777777777",0,0
25,250181,1,1,1,24,9,22,0,9,0,1,0,25,2,12,473,12473,30,2003,"1FMZU77E13UB","1","F","M","Z","U","7","7","E","1","3","U","B",0,0,0,"000000000","00000000000",0,0,0,1,0,0,0,0,0,0,0,998,0,0,0,82,4,5,9,0,0,0,1,25,1462,6,1,0,0,3,0,68,999,2,0,0,0,0,12,2013,6,2016,0,0,0,0,0,2,2,98,1,1,2,1,0,0,1,83,99,1,1,13,"777777777777","777777777777","777777777777",0,0
25,250182,1,2,1,25,9,17,12,12,2,1,0,25,1,49,49,49049,6,2006,"JTLKT3240640","J","T","L","K","T","3","2","4","0","6","4","0",0,0,0,"000000000","00000000000",0,0,0,1,0,0,0,0,0,0,0,998,0,0,0,12,6,2,12,0,0,0,1,25,1001,6,1,0,0,3,0,67,999,0,0,0,0,0,0,0,0,0,0,99,99,99,99,1,2,35,1,1,2,1,20,3,1,62,1,1,1,51,"777777777777","777777777777","777777777777",1,0
25,250182,2,2,2,25,9,17,12,12,2,1,0,25,2,22,18,22018,4,2001,"1G2NV52E41C2","1","G","2","N","V","5","2","E","4","1","C","2",0,0,0,"000000000","00000000000",0,0,0,1,0,0,0,0,0,0,0,998,0,0,0,12,6,2,12,0,0,0,1,25,1020,6,1,0,0,3,0,63,999,0,0,0,0,0,0,0,0,0,3,28,0,0,0,1,2,35,1,1,2,1,0,0,1,11,1,1,2,50,"777777777777","777777777777","777777777777",0,0
25,250183,1,1,1,27,9,22,40,35,0,1,0,25,1,20,403,20403,14,2003,"1GNET16S2361","1","G","N","E","T","1","6","S","2","3","6","1",0,0,0,"000000000","00000000000",0,0,0,1,0,0,0,0,0,0,0,998,0,2,3,12,6,2,1,0,0,0,1,25,1520,6,1,0,0,3,0,66,999,0,1,1,0,2,8,2012,4,2016,3,99,99,99,99,3,2,65,1,1,2,1,0,0,1,12,99,4,4,6,"777777777777","777777777777","777777777777",1,1
25,250184,1,1,1,1,10,11,48,42,0,1,0,25,1,12,32,12032,4,2013,"3FADP4BJ2DM1","3","F","A","D","P","4","B","J","2","D","M","1",0,0,0,"000000000","00000000000",0,0,0,1,0,0,0,0,0,0,0,998,0,0,0,12,6,2,42,0,0,0,1,25,2720,6,1,0,0,3,0,69,999,0,0,0,0,0,0,0,0,0,0,99,99,99,99,3,2,65,1,1,2,1,0,0,1,13,99,1,4,1,"777777777777","777777777777","777777777777",1,0
25,250185,1,4,1,8,8,23,49,12,2,1,0,25,1,12,37,12037,4,2007,"1FAFP34N67W2","1","F","A","F","P","3","4","N","6","7","W","2",0,0,0,"000000000","00000000000",0,0,0,1,0,0,0,0,0,0,0,998,0,0,0,12,6,2,12,0,0,0,1,25,1543,6,1,0,0,3,0,69,999,2,0,0,0,2,6,2013,5,2015,3,50,0,0,0,3,3,65,1,1,2,1,0,0,1,54,99,1,1,52,"777777777777","777777777777","777777777777",1,1
25,250185,2,4,1,8,8,23,49,12,2,1,0,25,1,7,24,7024,4,2007,"2B3LA43R77H7","2","B","3","L","A","4","3","R","7","7","H","7",0,0,0,"000000000","00000000000",0,0,0,1,0,0,0,0,0,0,0,998,0,0,0,12,6,2,12,0,0,0,1,25,1501,6,1,0,0,3,0,70,999,0,0,0,0,1,9,2014,9,2014,0,0,0,0,0,3,3,65,1,1,2,1,0,0,1,62,6,1,2,52,"777777777777","777777777777","777777777777",0,0
25,250185,3,4,4,8,8,23,49,12,2,1,0,9,1,20,404,20404,14,2013,"1GNFLEEK3DZ1","1","G","N","F","L","E","E","K","3","D","Z","1",0,0,0,"000000000","00000000000",0,0,0,1,0,0,0,0,0,0,0,998,0,0,0,12,6,2,12,0,0,0,1,9,6606,6,1,0,0,3,0,74,999,98,0,0,0,0,0,0,0,0,0,0,0,0,0,3,3,65,1,1,2,1,0,0,1,54,1,1,1,98,"777777777777","777777777777","777777777777",0,0
25,250185,4,4,4,8,8,23,49,12,2,1,0,9,1,23,402,23402,14,2010,"2CTFLEEW5A62","2","C","T","F","L","E","E","W","5","A","6","2",0,0,0,"000000000","00000000000",0,0,0,1,0,0,0,0,0,0,0,998,0,0,0,62,6,2,12,0,0,0,1,9,6606,6,1,0,0,3,3,69,999,98,0,0,0,0,0,0,0,0,0,0,0,0,0,3,3,65,1,1,2,1,0,0,1,54,1,1,1,98,"777777777777","777777777777","777777777777",0,0
25,250186,1,1,1,4,6,22,15,8,0,1,1,99,9,99,999,99999,99,9999,"999999999999","9","9","9","9","9","9","9","9","9","9","9","9",0,0,0,"000000000","00000000000",0,0,0,1,0,0,0,0,0,0,0,999,0,0,0,12,4,5,8,0,0,0,1,99,99999,9,9,99,9,9,9,999,999,99,99,99,99,99,99,9999,99,9999,9,99,99,99,99,1,2,30,1,2,2,1,0,0,1,80,99,1,3,13,"777777777777","777777777777","777777777777",0,0
25,250187,1,2,1,9,6,7,31,12,6,1,0,25,1,37,32,37032,4,2000,"1HGCG6675YA0","1","H","G","C","G","6","6","7","5","Y","A","0",0,0,0,"000000000","00000000000",0,0,0,1,0,0,0,0,0,0,0,998,0,0,0,9,4,3,12,0,0,0,1,25,1301,6,1,0,0,3,0,76,999,0,1,1,1,0,6,2013,5,2015,0,89,0,0,0,1,2,30,1,1,2,1,20,3,11,54,1,1,1,68,"777777777777","777777777777","777777777777",0,0
25,250187,2,2,1,9,6,7,31,12,6,1,0,25,1,71,706,71706,80,2008,"ZDM1XBGV48B0","Z","D","M","1","X","B","G","V","4","8","B","0",0,0,0,"000000000","00000000000",0,0,0,1,0,0,0,0,0,0,0,998,0,0,0,12,6,2,12,0,0,0,1,25,1354,6,1,0,0,3,0,70,999,0,0,0,0,0,0,0,0,0,3,0,0,0,0,1,2,30,1,1,2,1,0,0,1,55,1,1,1,69,"777777777777","777777777777","777777777777",1,0
25,250188,1,1,1,10,6,4,0,42,0,1,0,25,1,37,31,37031,3,2005,"SHHEP33585U5","S","H","H","E","P","3","3","5","8","5","U","5",0,0,0,"000000000","00000000000",0,0,0,1,0,0,0,0,0,0,0,998,0,9,6,12,6,2,42,0,0,0,1,25,1440,6,1,0,0,3,3,68,999,0,0,0,1,0,10,2015,10,2015,3,99,99,99,99,1,2,40,1,1,2,1,0,0,1,9,1,9,4,7,"777777777777","777777777777","777777777777",1,1
25,250189,1,2,1,14,6,11,20,12,1,1,0,25,3,85,884,85884,63,2001,"1NKWXBTX81J8","1","N","K","W","X","B","T","X","8","1","J","8",0,0,57,"01453271","5701453271",3,1,4,1,0,0,0,0,0,0,0,998,7,0,0,12,4,5,12,0,0,0,1,25,2790,6,1,6,0,3,3,70,999,0,0,0,0,2,1,2013,1,2013,0,91,0,0,0,2,2,30,1,1,2,1,3,3,1,50,1,1,1,20,"777777777777","777777777777","777777777777",0,0
25,250189,2,2,1,14,6,11,20,12,1,1,0,25,1,76,705,76705,80,2005,"JYAVM01E05A0","J","Y","A","V","M","0","1","E","0","5","A","0",0,0,0,"000000000","00000000000",0,0,0,1,0,0,0,0,0,0,0,0,0,0,0,6,6,2,12,0,0,0,1,25,2720,6,1,0,0,3,3,64,999,0,0,0,0,0,0,0,0,0,0,0,0,0,0,2,2,30,1,1,2,1,3,3,5,53,1,9,1,21,"777777777777","777777777777","777777777777",1,0
25,250190,1,2,1,27,6,8,4,12,2,1,0,25,1,63,401,63401,14,2009,"KNDJF7232976","K","N","D","J","F","7","2","3","2","9","7","6",0,0,0,"000000000","00000000000",0,0,0,1,0,0,0,0,0,0,0,998,0,0,0,12,6,2,12,0,0,0,1,25,2790,6,1,0,0,3,3,70,999,0,1,0,0,0,1,2015,1,2015,0,51,0,0,0,2,2,45,1,1,2,1,0,0,1,11,1,1,2,50,"777777777777","777777777777","777777777777",1,0
25,250190,2,2,2,27,6,8,4,12,2,1,0,44,2,99,999,99999,99,9999,"","","","","","","","","","","","","",0,0,0,"000000000","00000000000",0,0,0,1,0,0,0,0,0,0,0,998,0,0,0,12,6,2,12,0,0,0,1,12,32256,6,1,0,0,3,0,71,999,0,0,0,0,0,0,0,0,0,0,0,0,0,0,2,2,45,1,1,2,1,0,0,1,62,1,1,1,51,"777777777777","777777777777","777777777777",0,0
25,250191,1,2,3,12,7,17,25,12,2,1,0,25,1,37,32,37032,4,2008,"1HGCP25878A0","1","H","G","C","P","2","5","8","7","8","A","0",0,0,0,"000000000","00000000000",0,0,0,1,0,0,0,0,0,0,0,998,0,0,0,12,6,2,12,0,0,0,1,25,1845,6,1,0,0,3,0,66,999,0,0,0,0,0,0,0,0,0,0,28,0,0,0,1,2,35,1,1,2,1,0,0,1,11,1,1,2,50,"777777777777","777777777777","777777777777",1,0
25,250191,2,2,1,12,7,17,25,12,2,1,0,33,1,20,481,20481,31,2003,"1GCHK29U73E2","1","G","C","H","K","2","9","U","7","3","E","2",0,0,0,"000000000","00000000000",0,0,0,1,0,0,0,0,0,0,0,998,0,0,0,12,6,2,12,0,0,0,1,33,3038,6,1,6,0,3,0,73,200,0,0,0,0,0,0,0,0,0,0,0,0,0,0,1,2,35,1,1,2,1,0,0,1,62,1,1,1,51,"777777777777","777777777777","777777777777",0,0
25,250192,1,2,1,15,7,14,54,12,6,1,0,25,1,49,44,49044,2,2002,"2T1CE22P42C0","2","T","1","C","E","2","2","P","4","2","C","0",0,0,0,"000000000","00000000000",0,0,0,1,0,0,0,0,0,0,0,998,0,0,0,12,6,2,12,0,0,0,1,25,2703,6,1,0,0,3,0,59,999,0,0,0,1,0,1,2014,1,2014,0,38,0,0,0,2,2,45,1,1,2,1,0,0,11,55,1,1,1,68,"777777777777","777777777777","777777777777",0,0
25,250192,2,2,1,15,7,14,54,12,6,1,0,25,1,49,40,49040,4,2003,"4T1BE32KX3U1","4","T","1","B","E","3","2","K","X","3","U","1",0,0,0,"000000000","00000000000",0,0,0,1,0,0,0,0,0,0,0,998,0,0,0,62,6,2,12,0,0,0,1,25,2703,6,1,0,0,3,1,63,999,0,0,0,0,0,0,0,0,0,0,0,0,0,0,2,2,45,1,1,2,1,0,0,1,55,1,1,1,69,"777777777777","777777777777","777777777777",1,0
25,250193,1,2,2,19,7,7,9,12,6,1,0,25,1,37,31,37031,4,1998,"2HGEJ6672WH5","2","H","G","E","J","6","6","7","2","W","H","5",0,0,0,"000000000","00000000000",0,0,0,1,0,0,0,0,0,0,0,998,0,0,0,83,6,2,12,0,0,0,1,25,1844,6,1,0,0,3,0,63,999,0,0,0,0,0,0,0,0,0,0,38,0,0,0,1,2,25,1,1,2,1,20,3,1,55,1,1,1,87,"777777777777","777777777777","777777777777",1,0
25,250193,2,2,1,19,7,7,9,12,6,1,0,33,2,12,461,12461,21,2005,"1FTRE14W85HB","1","F","T","R","E","1","4","W","8","5","H","B",0,0,0,"000000000","00000000000",0,0,0,1,0,0,0,0,0,0,0,998,0,0,0,12,6,2,12,0,0,0,1,25,1841,0,0,0,0,0,0,66,999,99,99,99,99,99,99,9999,99,9999,0,0,0,0,0,1,2,25,1,1,2,1,0,0,1,55,1,1,1,86,"777777777777","777777777777","777777777777",0,0
25,250194,1,1,1,2,8,17,10,14,0,1,0,25,1,35,43,35043,4,2009,"3N1AB61E09L6","3","N","1","A","B","6","1","E","0","9","L","6",0,0,0,"000000000","00000000000",0,0,0,1,0,0,0,0,0,0,0,998,0,0,0,12,6,2,14,0,0,0,1,25,1013,6,1,0,0,3,0,67,999,3,1,0,0,1,12,2014,5,2016,9,28,0,0,0,1,2,35,1,1,2,1,0,0,1,11,1,9,4,11,"777777777777","777777777777","777777777777",1,0
25,250195,1,1,1,3,8,9,28,8,0,1,0,25,1,49,40,49040,4,2000,"4T1BF22K7YU9","4","T","1","B","F","2","2","K","7","Y","U","9",0,0,0,"000000000","00000000000",0,0,0,1,0,0,0,0,0,0,0,998,0,0,0,12,6,2,8,0,0,0,1,25,2180,6,1,0,0,3,3,65,999,0,0,0,0,0,0,0,0,0,0,0,0,0,0,1,2,30,1,1,2,1,0,0,1,80,1,1,1,13,"777777777777","777777777777","777777777777",0,0
25,250196,1,2,2,4,8,9,5,12,6,1,0,25,1,20,37,20037,4,2000,"1G1NE52J7Y61","1","G","1","N","E","5","2","J","7","Y","6","1",0,0,0,"000000000","00000000000",0,0,0,1,0,0,0,0,0,0,0,998,0,0,0,82,6,2,12,0,0,0,1,25,2651,6,1,0,0,3,3,62,999,0,0,0,0,0,0,0,0,0,0,0,0,0,0,1,2,30,1,1,2,1,0,0,1,73,1,1,1,79,"777777777777","777777777777","777777777777",1,0