"STATE","ST_CASE","VEH_NO","VE_FORMS","NUMOCCS","DAY","MONTH","HOUR","MINUTE","HARM_EV","MAN_COLL","UNITTYPE","HIT_RUN","REG_STAT","OWNER","MAKE","MODEL","MAK_MOD","BODY_TYP","MOD_YEAR","VIN","VIN_1","VIN_2","VIN_3","VIN_4","VIN_5","VIN_6","VIN_7","VIN_8","VIN_9","VIN_10","VIN_11","VIN_12","TOW_VEH","J_KNIFE","MCARR_I1","MCARR_I2","MCARR_ID","GVWR","V_CONFIG","CARGO_BT","HAZ_INV","HAZ_PLAC","HAZ_ID","HAZ_CNO","HAZ_REL","BUS_USE","SPEC_USE","EMER_USE","TRAV_SP","UNDERIDE","ROLLOVER","ROLINLOC","IMPACT1","DEFORMED","TOWED","M_HARM","VEH_SC1","VEH_SC2","FIRE_EXP","DR_PRES","L_STATE","DR_ZIP","L_STATUS","L_TYPE","CDL_STAT","L_ENDORS","L_COMPL","L_RESTRI","DR_HGT","DR_WGT","PREV_ACC","PREV_SUS","PREV_DWI","PREV_SPD","PREV_OTH","FIRST_MO","FIRST_YR","LAST_MO","LAST_YR","SPEEDREL","DR_SF1","DR_SF2","DR_SF3","DR_SF4","VTRAFWAY","VNUM_LAN","VSPD_LIM","VALIGN","VPROFILE","VPAVETYP","VSURCOND","VTRAFCON","VTCONT_F","P_CRASH1","P_CRASH2","P_CRASH3","PCRASH4","PCRASH5","ACC_TYPE","TRLR1VIN","TRLR2VIN","TRLR3VIN","DEATHS","DR_DRINK"
25,250241,1,1,1,10,8,2,5,59,0,1,0,25,2,2,403,2403,14,2014,"1C4AJWAGXEL2","1","C","4","A","J","W","A","G","X","E","L","2",0,0,0,"000000000","00000000000",0,0,0,1,0,0,0,0,0,0,0,998,0,2,6,12,6,2,59,0,0,0,1,25,2134,6,1,0,0,3,0,71,999,1,0,0,0,1,9,2012,6,2013,9,99,99,99,99,3,3,55,1,1,2,1,0,0,1,13,99,1,4,1,"777777777777","777777777777","777777777777",1,0
25,250242,1,1,5,29,5,22,46,30,0,1,0,44,1,23,481,23481,31,2001,"2GTEK19T0113","2","G","T","E","K","1","9","T","0","1","1","3",0,0,0,"000000000","00000000000",0,0,0,1,0,0,0,0,0,0,0,67,0,0,0,81,6,2,30,0,0,0,1,44,2915,6,1,0,0,3,0,67,160,0,0,0,0,0,0,0,0,0,0,36,0,0,0,1,2,98,3,1,2,2,0,0,98,13,16,5,4,2,"777777777777","777777777777","777777777777",1,1
25,250243,1,1,4,5,7,13,25,33,0,1,0,25,2,20,37,20037,4,2004,"1G1ZT52894F1","1","G","1","Z","T","5","2","8","9","4","F","1",0,0,0,"000000000","00000000000",0,0,0,1,0,0,0,0,0,0,0,998,0,0,0,14,6,2,31,0,0,0,1,25,2132,6,1,0,0,3,0,67,999,0,0,0,0,0,0,0,0,0,0,99,99,99,99,1,2,35,2,1,2,1,1,2,1,13,1,1,4,1,"777777777777","777777777777","777777777777",1,0
25,250244,1,1,1,12,7,19,36,42,0,1,0,25,1,73,705,73705,80,2007,"JKAZX4P1X7A0","J","K","A","Z","X","4","P","1","X","7","A","0",0,0,0,"000000000","00000000000",0,0,0,1,0,0,0,0,0,0,0,998,0,0,0,98,6,2,42,0,0,0,1,25,2720,6,1,0,0,2,0,70,999,2,22,0,1,4,10,2011,6,2016,3,0,0,0,0,1,2,30,2,1,2,1,0,0,10,10,6,1,4,6,"777777777777","777777777777","777777777777",1,0
25,250245,1,2,2,29,7,15,15,12,1,1,1,25,1,30,40,30040,4,2007,"3VWEG71K17M0","3","V","W","E","G","7","1","K","1","7","M","0",0,0,0,"000000000","00000000000",0,0,0,1,0,0,0,0,0,0,0,998,0,0,0,12,4,3,12,0,0,0,1,25,2744,6,1,0,0,3,3,63,999,1,1,0,0,2,8,2011,1,2016,9,99,99,99,99,3,2,55,1,1,2,1,0,0,1,9,99,1,2,24,"777777777777","777777777777","777777777777",0,0
25,250245,2,2,1,29,7,15,15,12,1,1,0,25,1,49,43,49043,4,1997,"4T1BF12B9VU1","4","T","1","B","F","1","2","B","9","V","U","1",0,0,0,"000000000","00000000000",0,0,0,1,0,0,0,0,0,0,0,998,0,0,0,6,6,2,12,0,0,0,1,25,2745,6,1,0,0,3,0,64,999,0,0,0,0,0,0,0,0,0,0,99,99,99,99,3,2,55,1,1,2,1,0,0,1,53,1,1,1,25,"777777777777","777777777777","777777777777",1,0
25,250246,1,4,2,5,8,15,22,12,7,1,0,25,2,76,705,76705,80,2006,"JYARJ12E46A0","J","Y","A","R","J","1","2","E","4","6","A","0",0,0,0,"000000000","00000000000",0,0,0,1,0,0,0,0,0,0,0,998,0,0,0,98,6,2,24,0,0,0,1,25,1930,3,1,0,0,2,0,68,999,0,0,0,0,0,0,0,0,0,3,36,0,0,0,3,3,55,1,1,2,1,0,0,6,51,99,1,2,46,"777777777777","777777777777","777777777777",1,1
25,250246,2,4,2,5,8,15,22,12,7,1,0,25,2,12,37,12037,4,2009,"1FAHP35N19W1","1","F","A","H","P","3","5","N","1","9","W","1",0,0,0,"000000000","00000000000",0,0,0,1,0,0,0,0,0,0,0,998,0,0,0,10,4,5,12,0,0,0,1,25,1931,6,1,0,0,3,0,62,999,0,0,0,0,0,0,0,0,0,0,0,0,0,0,3,3,55,1,1,2,1,0,0,1,53,1,1,1,45,"777777777777","777777777777","777777777777",0,0
25,250246,3,4,1,5,8,15,22,12,7,1,0,25,1,20,29,20029,5,2013,"KL8CB6S94DC5","K","L","8","C","B","6","S","9","4","D","C","5",0,0,0,"000000000","00000000000",0,0,0,1,0,0,0,0,0,0,0,998,0,0,0,83,6,2,12,0,0,0,1,25,1944,6,1,0,0,3,3,61,999,0,0,0,1,0,6,2015,6,2015,0,0,0,0,0,3,3,55,1,1,2,1,0,0,1,51,1,1,1,98,"777777777777","777777777777","777777777777",0,0
25,250246,4,4,1,5,8,15,22,12,7,1,0,25,1,41,51,41051,4,2006,"JM1BK32G8614","J","M","1","B","K","3","2","G","8","6","1","4",0,0,0,"000000000","00000000000",0,0,0,1,0,0,0,0,0,0,0,998,0,0,0,8,4,5,54,0,0,0,1,25,1930,6,1,0,0,3,0,63,999,0,1,0,0,2,5,2014,6,2016,0,0,0,0,0,4,1,30,2,9,2,1,21,3,16,98,99,1,1,98,"777777777777","777777777777","777777777777",0,0
25,250247,1,1,1,21,8,15,22,39,0,1,0,25,1,12,37,12037,4,2007,"1FAHP34N87W3","1","F","A","H","P","3","4","N","8","7","W","3",0,0,0,"000000000","00000000000",0,0,0,1,0,0,0,0,0,0,0,998,0,0,0,12,6,2,39,0,0,0,1,25,1503,6,1,0,0,3,3,68,999,0,0,0,0,0,0,0,0,0,3,0,0,0,0,3,2,30,3,9,2,1,0,0,10,13,99,1,4,1,"777777777777","777777777777","777777777777",1,1
25,250248,1,1,1,13,7,7,15,24,0,1,0,25,1,23,402,23402,14,2016,"2GKFLVE30G62","2","G","K","F","L","V","E","3","0","G","6","2",0,0,0,"000000000","00000000000",0,0,0,1,0,0,0,0,0,0,0,998,0,1,2,12,6,2,1,0,0,0,1,25,1880,6,1,0,0,3,0,69,999,1,0,0,0,0,6,2013,6,2013,9,99,99,99,99,3,3,55,1,1,2,1,0,0,1,13,99,1,4,1,"777777777777","777777777777","777777777777",1,0
25,250249,1,1,2,1,9,19,30,24,0,1,0,25,2,72,706,72706,80,1996,"1HD1DDL19TY6","1","H","D","1","D","D","L","1","9","T","Y","6",0,0,0,"000000000","00000000000",0,0,0,1,0,0,0,0,0,0,0,998,0,0,0,4,6,2,34,0,0,0,1,12,32724,6,1,0,0,3,0,68,999,0,0,0,0,1,12,2015,12,2015,3,0,0,0,0,1,2,35,3,1,2,1,0,0,14,13,99,1,4,1,"777777777777","777777777777","777777777777",2,1
25,250250,1,2,1,21,9,19,0,12,7,1,0,25,2,2,403,2403,14,2002,"1J4FA59S42P7","1","J","4","F","A","5","9","S","4","2","P","7",0,0,0,"000000000","00000000000",0,0,0,1,0,0,0,0,0,0,0,998,0,9,3,7,6,2,1,0,0,0,1,25,2771,6,1,0,0,3,1,61,999,1,0,0,0,0,4,2014,4,2014,9,28,0,0,0,2,3,65,1,1,2,1,0,0,1,10,99,1,2,44,"777777777777","777777777777","777777777777",1,0
25,250250,2,2,1,21,9,19,0,12,7,1,0,25,1,37,402,37402,14,2007,"JHLRE48717C0","J","H","L","R","E","4","8","7","1","7","C","0",0,0,0,"000000000","00000000000",0,0,0,1,0,0,0,0,0,0,0,998,0,0,0,2,6,2,12,0,0,0,1,25,2746,6,1,0,0,3,3,63,999,0,0,0,0,0,0,0,0,0,0,0,0,0,0,2,3,65,1,1,2,1,0,0,1,51,99,1,1,45,"777777777777","777777777777","777777777777",0,0
25,250251,1,2,1,10,4,19,45,12,6,1,0,25,1,45,42,45042,5,2012,"WP0AA2A78CL0","W","P","0","A","A","2","A","7","8","C","L","0",0,0,0,"000000000","00000000000",0,0,0,1,0,0,0,0,0,0,0,998,0,0,0,12,6,2,12,0,0,0,1,25,2169,6,1,0,0,3,0,68,999,2,0,0,0,0,7,2011,6,2015,9,0,0,0,0,3,2,30,1,2,2,1,3,3,1,54,1,1,1,69,"777777777777","777777777777","777777777777",0,0
25,250251,2,2,2,10,4,19,45,12,6,1,0,25,1,35,43,35043,4,1998,"1N4AB41D1WC7","1","N","4","A","B","4","1","D","1","W","C","7",0,0,0,"000000000","00000000000",0,0,0,1,0,0,0,0,0,0,0,998,0,0,0,3,6,2,12,0,0,0,1,25,2121,6,1,0,0,3,0,64,999,0,0,0,0,0,0,0,0,0,9,38,0,0,0,3,2,30,1,2,2,1,3,3,11,63,1,1,1,68,"777777777777","777777777777","777777777777",1,0
25,250252,1,1,1,25,9,5,38,8,0,1,1,25,9,99,399,99399,9,9999,"999999999999","9","9","9","9","9","9","9","9","9","9","9","9",0,0,0,"000000000","00000000000",0,0,0,1,0,0,0,0,0,0,0,998,0,0,0,1,4,5,8,0,0,0,1,99,99999,9,9,99,9,9,9,999,999,99,99,99,99,99,99,9999,99,9999,9,99,99,99,99,3,3,35,1,1,2,1,0,0,1,81,99,1,1,13,"777777777777","777777777777","777777777777",0,0
25,250253,1,1,1,5,10,6,15,24,0,1,0,25,1,19,421,19421,15,1999,"1GYEK13R1XR4","1","G","Y","E","K","1","3","R","1","X","R","4",0,0,0,"000000000","00000000000",0,0,0,1,0,0,0,0,0,0,0,998,0,0,0,63,6,2,42,0,0,0,1,25,2720,6,1,0,0,3,0,71,999,0,0,0,0,1,5,2014,5,2014,9,58,0,0,0,3,3,65,1,1,2,1,0,0,1,12,7,3,4,1,"777777777777","777777777777","777777777777",1,0
25,250254,1,1,1,16,10,10,10,8,0,1,0,25,1,72,706,72706,80,2015,"1HD1BWV17FB0","1","H","D","1","B","W","V","1","7","F","B","0",0,0,0,"000000000","00000000000",0,0,0,1,0,0,0,0,0,0,0,998,0,0,0,98,6,2,8,0,0,0,1,25,2341,6,1,0,0,3,3,72,999,0,0,0,0,0,0,0,0,0,0,0,0,0,0,1,2,35,3,1,2,1,0,0,1,80,99,1,1,13,"777777777777","777777777777","777777777777",0,0
25,250255,1,2,2,10,7,99,99,12,6,1,0,25,1,55,33,55033,4,2011,"5NPEB4AC8BH1","5","N","P","E","B","4","A","C","8","B","H","1",0,0,0,"000000000","00000000000",0,0,0,1,0,0,0,0,0,0,0,998,0,0,0,81,6,2,12,0,0,0,1,25,1571,6,1,0,0,3,0,69,999,0,0,0,0,0,0,0,0,0,9,99,99,99,99,1,2,30,1,1,2,2,0,0,11,54,99,1,1,68,"777777777777","777777777777","777777777777",1,0
25,250255,2,2,2,10,7,99,99,12,6,1,0,25,2,2,404,2404,14,1998,"1J4GZ58Y0WC2","1","J","4","G","Z","5","8","Y","0","W","C","2",0,0,0,"000000000","00000000000",0,0,0,1,0,0,0,0,0,0,0,998,0,0,0,12,6,2,12,0,0,0,1,25,1537,6,2,0,0,3,1,70,999,0,0,0,0,0,0,0,0,0,9,99,99,99,99,1,2,30,1,1,2,2,0,0,1,54,99,1,1,69,"777777777777","777777777777","777777777777",0,0
25,250256,1,1,1,14,7,8,45,8,0,1,0,25,1,85,881,85881,64,2005,"1NKDLB0X85J0","1","N","K","D","L","B","0","X","8","5","J","0",0,0,57,"1475928","571475928",3,2,4,1,0,0,0,0,0,0,0,998,0,0,0,11,0,3,8,0,0,0,1,25,1612,6,1,6,0,3,0,69,999,0,0,0,0,0,0,0,0,0,0,0,0,0,0,1,2,30,1,1,2,1,0,0,1,80,1,1,1,13,"777777777777","777777777777","777777777777",0,0
25,250257,1,1,2,1,11,23,18,38,0,1,0,25,2,63,37,63037,6,2012,"KNDJT2A55C74","K","N","D","J","T","2","A","5","5","C","7","4",0,0,0,"000000000","00000000000",0,0,0,1,0,0,0,0,0,0,0,998,0,1,6,12,6,2,1,0,0,1,1,25,1020,1,1,0,0,2,0,72,999,1,2,0,3,1,10,2012,3,2016,3,99,99,99,99,1,2,30,1,1,2,1,0,0,1,14,99,1,4,14,"777777777777","777777777777","777777777777",2,0
25,250258,1,1,1,1,11,19,1,8,0,1,0,25,3,98,806,98806,62,2017,"5PVNJ8JL2H4S","5","P","V","N","J","8","J","L","2","H","4","S",0,0,77,"777777777","77777777777",2,1,3,1,0,0,0,0,0,0,0,998,0,0,0,11,4,3,8,0,0,0,1,25,1801,6,1,0,0,3,0,64,999,1,0,0,0,3,2,2013,10,2015,9,39,0,0,0,4,3,98,1,1,2,1,4,3,11,80,99,1,1,13,"777777777777","777777777777","777777777777",0,0
25,250259,1,1,6,29,10,1,30,17,0,1,0,25,1,14,401,14401,14,2005,"4M2ZU86E55UJ","4","M","2","Z","U","8","6","E","5","5","U","J",0,0,0,"000000000","00000000000",0,0,0,1,0,0,0,0,0,0,0,998,0,0,0,62,6,2,17,0,0,0,1,25,1602,6,1,0,0,3,1,71,999,0,1,0,0,5,5,2014,12,2014,9,36,0,0,0,3,3,65,1,1,2,1,0,0,1,9,7,3,4,2,"777777777777","777777777777","777777777777",1,1
25,250260,1,1,1,4,11,21,6,30,0,1,0,25,2,12,37,12037,4,2006,"1FAFP34NX6W1","1","F","A","F","P","3","4","N","X","6","W","1",0,0,0,"000000000","00000000000",0,0,0,1,0,0,0,0,0,0,0,998,0,0,0,62,6,2,30,0,0,0,1,44,2860,9,9,99,9,9,9,999,999,99,99,99,99,99,99,9999,99,9999,4,89,0,0,0,1,2,35,2,1,2,1,0,0,6,6,1,3,4,2,"777777777777","777777777777","777777777777",1,0
25,250261,1,1,2,6,11,12,50,1,0,1,0,25,1,53,706,53706,80,2014,"JS1VS56A3E21","J","S","1","V","S","5","6","A","3","E","2","1",0,0,0,"000000000","00000000000",0,0,0,1,0,0,0,0,0,0,0,998,0,0,0,0,6,2,1,0,0,0,1,25,2724,6,1,0,0,3,0,71,999,1,0,0,2,0,1,2012,4,2016,9,99,99,99,99,1,2,30,1,1,2,2,0,0,1,9,1,1,2,98,"777777777777","777777777777","777777777777",1,0
25,250262,1,1,6,6,11,3,13,26,0,1,0,25,2,37,31,37031,4,2006,"2HGFA16526H5","2","H","G","F","A","1","6","5","2","6","H","5",0,0,0,"000000000","00000000000",0,0,0,1,0,0,0,0,0,0,0,998,0,1,1,12,6,2,1,0,0,0,1,25,2746,2,1,0,0,2,2,61,999,2,1,0,1,0,11,2012,1,2016,0,28,74,0,0,3,3,65,1,1,2,1,0,0,1,12,99,1,4,6,"777777777777","777777777777","777777777777",1,1
25,250263,1,1,1,6,11,17,34,8,0,1,0,25,1,20,481,20481,31,2012,"3GCPKTE28CG1","3","G","C","P","K","T","E","2","8","C","G","1",0,0,0,"000000000","00000000000",0,0,0,1,0,0,0,0,0,0,0,998,0,0,0,82,8,3,8,0,0,0,1,25,1876,6,1,6,2,3,3,68,999,0,0,0,0,0,0,0,0,0,0,0,0,0,0,1,2,98,1,1,2,1,0,0,1,80,99,1,1,13,"777777777777","777777777777","777777777777",0,0
25,250264,1,1,1,10,11,23,31,9,0,1,1,25,2,49,53,49053,5,2010,"4T3ZA3BB1AU0","4","T","3","Z","A","3","B","B","1","A","U","0",0,0,0,"000000000","00000000000",0,0,0,1,0,0,0,0,0,0,0,998,0,0,0,98,8,5,9,0,0,0,1,25,2301,6,1,0,0,3,0,60,999,0,0,0,0,0,0,0,0,0,9,99,99,99,99,1,2,98,1,1,2,1,3,3,1,80,99,1,1,13,"777777777777","777777777777","777777777777",0,0
25,250265,1,1,1,11,11,0,35,33,0,1,0,92,0,37,32,37032,4,2003,"1HGCM665X3A0","1","H","G","C","M","6","6","5","X","3","A","0",0,0,0,"000000000","00000000000",0,0,0,1,0,0,0,0,0,0,0,100,0,1,6,98,6,2,30,0,0,0,1,9,6106,0,0,0,0,0,0,999,999,99,99,99,99,99,99,9999,99,9999,3,37,0,0,0,6,1,25,2,1,2,1,0,0,14,6,1,9,4,2,"777777777777","777777777777","777777777777",1,1
25,250266,1,1,1,13,11,15,28,42,0,1,0,25,3,12,481,12481,31,2010,"1FDWF3ER7AEB","1","F","D","W","F","3","E","R","7","A","E","B",0,0,0,"000000000","00000000000",0,0,0,1,0,0,0,0,0,0,0,998,0,0,0,12,6,2,42,0,0,0,1,25,2790,6,1,0,0,3,0,65,999,0,0,0,0,0,0,0,0,0,9,99,99,99,99,1,2,30,3,1,2,1,0,0,1,13,1,1,4,1,"777777777777","777777777777","777777777777",1,0
25,250267,1,2,1,18,11,13,48,12,6,1,0,25,1,2,405,2405,14,2003,"1J4GL48K33W5","1","J","4","G","L","4","8","K","3","3","W","5",0,0,0,"000000000","00000000000",0,0,0,1,0,0,0,0,0,0,0,998,0,0,0,12,6,2,42,0,0,0,1,25,1201,6,1,0,0,3,0,68,999,2,0,0,1,0,8,2014,10,2016,3,38,39,0,0,2,2,30,1,1,2,1,20,3,1,17,1,1,1,88,"777777777777","777777777777","777777777777",1,0
25,250267,2,2,1,18,11,13,48,12,6,1,0,25,2,2,422,2422,15,2015,"1C4RJFBG2FC6","1","C","4","R","J","F","B","G","2","F","C","6",0,0,0,"000000000","00000000000",0,0,0,1,0,0,0,0,0,0,0,998,0,0,0,10,6,2,12,0,0,0,1,25,1266,6,1,0,0,3,0,66,999,0,0,0,0,0,0,0,0,0,0,0,0,0,0,2,2,30,1,1,2,1,0,0,1,55,1,1,1,89,"777777777777","777777777777","777777777777",0,0
25,250268,1,1,3,29,11,13,41,9,0,1,0,25,3,98,809,98809,63,2005,"2FZHAZCV35AU","2","F","Z","H","A","Z","C","V","3","5","A","U",0,0,5,"266493","05266493",3,2,3,1,0,0,0,0,0,0,0,998,0,0,0,14,0,8,9,0,0,0,1,33,3051,1,1,6,0,2,0,71,215,1,0,0,0,0,1,2016,1,2016,0,99,99,99,99,3,3,40,1,1,2,2,2,3,1,83,1,1,1,13,"777777777777","777777777777","777777777777",0,0
25,250269,1,2,1,27,11,0,40,24,0,1,0,25,1,51,47,51047,4,2014,"YV1902FH4E12","Y","V","1","9","0","2","F","H","4","E","1","2",0,0,0,"000000000","00000000000",0,0,0,1,0,0,0,0,0,0,0,998,0,1,4,11,6,2,1,0,0,0,1,25,2472,6,1,0,0,3,0,67,999,1,1,1,1,0,7,2013,3,2015,3,89,0,0,0,3,3,55,1,1,2,1,0,0,16,12,99,1,4,98,"777777777777","777777777777","777777777777",1,1
25,250269,2,2,2,27,11,0,40,24,0,1,0,25,1,37,404,37404,14,2016,"3CZRU6H56GM7","3","C","Z","R","U","6","H","5","6","G","M","7",0,0,0,"000000000","00000000000",0,0,0,1,0,0,0,0,0,0,0,998,0,0,0,3,6,2,12,0,0,0,1,25,2124,6,1,0,0,3,0,65,999,2,0,0,0,0,9,2014,11,2014,0,0,0,0,0,3,3,30,1,1,2,1,0,0,1,98,1,1,1,98,"777777777777","777777777777","777777777777",0,0
25,250270,1,1,2,23,6,12,17,9,0,1,0,25,3,84,884,84884,64,2014,"1HTMMAAL6EH4","1","H","T","M","M","A","A","L","6","E","H","4",1,1,57,"679473","57679473",2,4,4,1,0,0,0,0,0,0,0,998,0,0,0,14,0,3,9,0,0,0,1,25,1801,6,1,6,1,3,0,70,999,0,0,0,0,0,0,0,0,0,0,0,0,0,0,1,2,98,1,1,2,1,0,0,1,83,1,1,1,13,"999999999999","777777777777","777777777777",0,0
25,250271,1,1,1,15,11,16,48,8,0,1,0,25,2,7,26,7026,4,2008,"1B3LC46J28N2","1","B","3","L","C","4","6","J","2","8","N","2",0,0,0,"000000000","00000000000",0,0,0,1,0,0,0,0,0,0,0,998,0,0,0,12,8,3,8,0,0,0,1,25,2724,6,1,6,0,3,0,67,999,0,0,0,0,0,0,0,0,0,0,86,0,0,0,3,2,98,1,1,2,2,1,8,1,80,1,1,1,13,"777777777777","777777777777","777777777777",0,0
25,250272,1,2,1,24,11,2,30,12,2,1,0,25,2,49,32,49032,4,2007,"JTDBR32E4701","J","T","D","B","R","3","2","E","4","7","0","1",0,0,0,"000000000","00000000000",0,0,0,1,0,0,0,0,0,0,0,998,0,0,0,12,6,2,12,0,0,0,1,25,2766,6,1,0,0,3,3,76,999,0,0,0,0,0,0,0,0,0,9,51,0,0,0,2,3,65,1,1,2,1,0,0,1,54,1,1,1,52,"777777777777","777777777777","777777777777",1,1
25,250272,2,2,1,24,11,2,30,12,2,1,0,25,2,55,401,55401,14,2004,"KM8SC73D84U8","K","M","8","S","C","7","3","D","8","4","U","8",0,0,0,"000000000","00000000000",0,0,0,1,0,0,0,0,0,0,0,998,0,0,0,12,6,2,12,0,0,0,1,25,2630,6,1,0,0,3,0,69,999,2,0,0,1,0,8,2012,2,2016,0,0,0,0,0,2,3,65,1,1,2,1,0,0,1,54,6,1,1,52,"777777777777","777777777777","777777777777",0,0
25,250273,1,1,1,16,11,15,17,31,0,1,0,25,1,49,442,49442,20,2013,"5TDKK3DC4DS3","5","T","D","K","K","3","D","C","4","D","S","3",0,0,0,"000000000","00000000000",0,0,0,1,0,0,0,0,0,0,0,998,0,0,0,12,6,2,42,0,0,0,1,25,2025,6,1,0,0,3,0,71,999,0,0,0,0,0,0,0,0,0,9,99,99,99,99,1,2,98,1,1,2,1,0,0,1,13,1,1,4,1,"777777777777","777777777777","777777777777",1,0
25,250274,1,1,1,18,11,21,36,42,0,1,0,25,2,19,18,19018,4,2004,"1G6DM577X401","1","G","6","D","M","5","7","7","X","4","0","1",0,0,0,"000000000","00000000000",0,0,0,1,0,0,0,0,0,0,0,998,0,0,0,81,6,2,42,0,0,0,1,25,1581,6,1,0,0,3,0,70,999,1,3,0,1,0,4,2012,8,2015,3,0,0,0,0,1,2,40,1,1,2,1,0,0,1,10,99,4,4,7,"777777777777","777777777777","777777777777",1,1
25,250275,1,1,1,30,11,15,20,8,0,1,0,25,3,18,7,18007,4,2002,"2G4WS52J3211","2","G","4","W","S","5","2","J","3","2","1","1",0,0,0,"000000000","00000000000",0,0,0,1,0,0,0,0,0,0,0,998,0,0,0,82,6,2,8,0,0,0,1,25,1238,6,1,0,0,3,3,72,999,0,0,0,0,0,0,0,0,0,0,36,86,0,0,1,2,98,1,1,2,2,0,0,1,80,1,1,9,13,"777777777777","777777777777","777777777777",0,0
25,250276,1,3,1,19,5,20,30,12,6,1,0,25,1,98,701,98701,88,9999,"999999999999","9","9","9","9","9","9","9","9","9","9","9","9",0,0,0,"000000000","00000000000",0,0,0,1,0,0,0,0,0,0,0,998,0,0,0,12,6,2,12,0,0,0,1,13,31816,1,1,0,0,2,0,64,130,98,0,0,0,1,12,2011,12,2011,3,39,89,52,0,2,4,40,1,1,2,2,3,3,1,55,1,1,1,83,"777777777777","777777777777","777777777777",1,1
25,250276,2,3,1,19,5,20,30,12,6,1,0,12,2,37,31,37031,4,2002,"1HGES16592L0","1","H","G","E","S","1","6","5","9","2","L","0",0,0,0,"000000000","00000000000",0,0,0,1,0,0,0,0,0,0,0,998,0,0,0,11,6,2,12,0,0,0,1,25,1089,6,1,0,0,3,1,67,999,0,0,0,1,1,11,2015,11,2015,0,0,0,0,0,2,4,40,1,1,2,2,3,3,11,54,1,1,1,82,"777777777777","777777777777","777777777777",0,0
25,250276,3,3,1,19,5,20,30,12,6,1,0,25,1,49,442,49442,20,2006,"5TDZA23C86S5","5","T","D","Z","A","2","3","C","8","6","S","5",0,0,0,"000000000","00000000000",0,0,0,1,0,0,0,0,0,0,0,998,0,0,0,10,6,2,54,0,0,0,1,25,1041,6,1,0,0,3,0,72,999,0,0,0,0,3,3,2012,4,2015,0,0,0,0,0,2,4,40,1,1,2,2,0,0,11,98,1,1,1,98,"777777777777","777777777777","777777777777",0,0
25,250277,1,2,1,8,11,19,34,12,6,1,0,25,1,49,472,49472,30,2004,"5TEHN72N44Z3","5","T","E","H","N","7","2","N","4","4","Z","3",0,0,0,"000000000","00000000000",0,0,0,1,0,0,0,0,0,0,0,998,0,0,0,9,6,2,12,0,0,0,1,25,1085,6,1,0,0,3,0,69,999,0,0,0,0,0,0,0,0,0,0,0,0,0,0,1,2,40,1,1,2,1,3,3,11,54,1,1,1,82,"777777777777","777777777777","777777777777",1,0
25,250277,2,2,1,8,11,19,34,12,6,1,0,25,2,30,46,30046,4,2000,"WVWMA23BXYP2","W","V","W","M","A","2","3","B","X","Y","P","2",0,0,0,"000000000","00000000000",0,0,0,1,0,0,0,0,0,0,0,998,0,0,0,12,6,2,12,0,0,0,1,25,1085,6,1,0,0,3,0,69,999,0,0,0,0,7,11,2011,12,2013,3,36,39,91,0,1,2,40,1,1,2,1,3,3,1,17,1,1,1,83,"777777777777","777777777777","777777777777",0,1
25,250278,1,1,1,29,11,16,43,8,0,1,0,25,1,2,407,2407,14,2014,"1C4NJRFBXED8","1","C","4","N","J","R","F","B","X","E","D","8",0,0,0,"000000000","00000000000",0,0,0,1,0,0,0,0,0,0,0,998,0,0,0,12,6,2,8,0,0,0,1,25,1524,6,1,0,0,3,1,68,999,0,0,0,0,0,0,0,0,0,9,99,99,99,99,1,2,40,1,1,2,2,0,0,1,81,1,1,1,13,"777777777777","777777777777","777777777777",0,1
25,250279,1,2,1,9,11,12,38,12,2,1,0,12,2,30,47,30047,1,2007,"3VWPF31Y87M4","3","V","W","P","F","3","1","Y","8","7","M","4",0,0,0,"000000000","00000000000",0,0,0,1,0,0,0,0,0,0,0,998,0,0,0,12,6,2,12,0,0,0,1,25,1952,6,1,0,0,3,0,65,999,2,0,0,0,0,8,2013,12,2015,3,89,0,0,0,1,2,30,1,1,2,1,0,0,1,11,1,1,2,50,"777777777777","777777777777","777777777777",1,0
25,250279,2,2,1,9,11,12,38,12,2,1,0,25,1,37,32,37032,4,2014,"1HGCR2F50EA0","1","H","G","C","R","2","F","5","0","E","A","0",0,0,0,"000000000","00000000000",0,0,0,1,0,0,0,0,0,0,0,998,0,0,0,12,6,2,12,0,0,0,1,25,1824,6,1,0,0,3,1,70,999,0,0,0,0,0,0,0,0,0,0,0,0,0,0,1,2,30,1,1,2,1,0,0,1,62,1,1,1,51,"777777777777","777777777777","777777777777",0,0
25,250280,1,1,1,24,11,20,9,14,0,1,0,25,1,20,16,20016,4,2003,"1G1JC52F9372","1","G","1","J","C","5","2","F","9","3","7","2",0,0,0,"000000000","00000000000",0,0,0,1,0,0,0,0,0,0,0,998,0,0,0,82,6,2,14,0,0,0,1,25,2458,6,1,0,0,3,3,60,999,0,0,0,0,0,0,0,0,0,0,0,0,0,0,1,2,35,1,1,2,2,0,0,1,11,1,1,4,11,"777777777777","777777777777","777777777777",1,0
25,250281,1,4,1,20,10,5,51,12,2,1,0,33,1,49,43,49043,4,2006,"4T1BK36B56U1","4","T","1","B","K","3","6","B","5","6","U","1",0,0,0,"000000000","00000000000",0,0,0,1,0,0,0,0,0,0,0,998,0,0,0,12,6,2,12,0,0,0,1,33,3031,6,1,0,0,3,0,70,190,0,0,0,2,0,3,2016,10,2016,9,28,0,0,0,1,2,98,1,1,2,1,0,0,6,54,1,1,2,50,"777777777777","777777777777","777777777777",1,0