"STATE","ST_CASE","VEH_NO","VE_FORMS","NUMOCCS","DAY","MONTH","HOUR","MINUTE","HARM_EV","MAN_COLL","UNITTYPE","HIT_RUN","REG_STAT","OWNER","MAKE","MODEL","MAK_MOD","BODY_TYP","MOD_YEAR","VIN","VIN_1","VIN_2","VIN_3","VIN_4","VIN_5","VIN_6","VIN_7","VIN_8","VIN_9","VIN_10","VIN_11","VIN_12","TOW_VEH","J_KNIFE","MCARR_I1","MCARR_I2","MCARR_ID","GVWR","V_CONFIG","CARGO_BT","HAZ_INV","HAZ_PLAC","HAZ_ID","HAZ_CNO","HAZ_REL","BUS_USE","SPEC_USE","EMER_USE","TRAV_SP","UNDERIDE","ROLLOVER","ROLINLOC","IMPACT1","DEFORMED","TOWED","M_HARM","VEH_SC1","VEH_SC2","FIRE_EXP","DR_PRES","L_STATE","DR_ZIP","L_STATUS","L_TYPE","CDL_STAT","L_ENDORS","L_COMPL","L_RESTRI","DR_HGT","DR_WGT","PREV_ACC","PREV_SUS","PREV_DWI","PREV_SPD","PREV_OTH","FIRST_MO","FIRST_YR","LAST_MO","LAST_YR","SPEEDREL","DR_SF1","DR_SF2","DR_SF3","DR_SF4","VTRAFWAY","VNUM_LAN","VSPD_LIM","VALIGN","VPROFILE","VPAVETYP","VSURCOND","VTRAFCON","VTCONT_F","P_CRASH1","P_CRASH2","P_CRASH3","PCRASH4","PCRASH5","ACC_TYPE","TRLR1VIN","TRLR2VIN","TRLR3VIN","DEATHS","DR_DRINK"
25,250317,1,2,2,27,5,99,99,12,6,1,0,25,2,35,49,35049,6,2006,"JN8AZ08W86W5","J","N","8","A","Z","0","8","W","8","6","W","5",0,0,0,"000000000","00000000000",0,0,0,1,0,0,0,0,0,0,0,998,0,0,0,98,9,8,12,99,99,0,1,25,1902,6,1,0,0,3,0,60,999,0,0,0,0,0,0,0,0,0,9,99,99,99,99,3,2,30,1,1,2,1,3,3,1,99,99,9,9,99,"777777777777","777777777777","777777777777",0,0
25,250317,2,2,1,27,5,99,99,12,6,1,0,25,1,35,47,35047,4,2008,"1N4AL21E88N4","1","N","4","A","L","2","1","E","8","8","N","4",0,0,0,"000000000","00000000000",0,0,0,1,0,0,0,0,0,0,0,998,0,0,0,98,9,8,12,0,0,0,1,25,1923,6,1,0,0,3,3,71,999,0,0,0,0,0,0,0,0,0,9,99,99,99,99,3,2,30,1,1,2,1,3,3,99,99,99,9,9,99,"777777777777","777777777777","777777777777",1,0
25,250318,1,2,1,11,10,21,6,12,6,1,0,25,1,48,47,48047,4,2015,"JF1VA2L65F98","J","F","1","V","A","2","L","6","5","F","9","8",0,0,0,"000000000","00000000000",0,0,0,1,0,0,0,0,0,0,0,998,0,0,0,12,6,2,12,0,0,1,1,25,2451,6,1,0,0,3,0,67,999,0,0,0,0,3,11,2013,12,2014,3,99,99,99,99,1,2,98,1,1,2,1,0,0,1,67,1,1,1,69,"777777777777","777777777777","777777777777",1,1
25,250318,2,2,2,11,10,21,6,12,6,1,0,25,1,54,35,54035,4,2003,"19UUA56643A0","1","9","U","U","A","5","6","6","4","3","A","0",0,0,0,"000000000","00000000000",0,0,0,1,0,0,0,0,0,0,0,998,0,0,0,83,6,2,12,0,0,0,1,25,1760,6,1,0,0,3,3,73,999,0,0,0,0,0,0,0,0,0,9,99,99,99,99,1,2,98,1,1,2,1,0,0,11,54,1,1,1,68,"777777777777","777777777777","777777777777",0,0
25,250319,1,1,1,21,9,23,0,8,0,1,1,99,9,99,999,99999,99,9999,"999999999999","9","9","9","9","9","9","9","9","9","9","9","9",0,0,0,"000000000","00000000000",0,0,0,1,0,0,0,0,0,0,0,998,0,0,0,98,9,9,8,99,99,0,1,99,99999,9,9,99,9,9,9,999,999,99,99,99,99,99,99,9999,99,9999,9,99,99,99,99,1,4,98,1,8,2,98,97,8,99,80,99,9,9,13,"777777777777","777777777777","777777777777",0,0
25,250320,1,2,2,2,5,13,25,24,0,1,0,25,3,7,442,7442,20,2014,"2C4RDGBG1ER2","2","C","4","R","D","G","B","G","1","E","R","2",0,0,0,"000000000","00000000000",0,0,0,1,0,0,0,0,0,0,0,80,0,0,0,61,6,2,24,0,0,0,1,25,2145,6,1,0,0,3,0,76,999,0,2,0,1,0,4,2014,11,2015,3,28,0,0,0,3,3,45,1,1,2,2,0,0,1,6,16,1,4,98,"777777777777","777777777777","777777777777",1,0
25,250320,2,2,1,2,5,13,25,24,0,1,0,25,1,49,47,49047,6,2010,"2T1KU4EE9AC3","2","T","1","K","U","4","E","E","9","A","C","3",0,0,0,"000000000","00000000000",0,0,0,1,0,0,0,0,0,0,0,998,0,0,0,7,6,2,12,0,0,0,1,25,2143,6,1,0,0,3,0,66,999,0,0,0,0,0,0,0,0,0,0,0,0,0,0,3,3,45,1,1,2,2,0,0,1,60,1,1,1,98,"777777777777","777777777777","777777777777",0,0
25,250321,1,4,3,30,5,11,20,12,1,1,0,25,1,59,37,59037,4,2010,"JTHBB1BA8A20","J","T","H","B","B","1","B","A","8","A","2","0",0,0,0,"000000000","00000000000",0,0,0,1,0,0,0,0,0,0,0,75,0,0,0,12,6,2,12,0,0,0,1,25,1590,6,1,0,0,3,0,64,999,1,0,0,1,1,9,2013,5,2016,3,28,0,0,0,1,2,35,1,1,2,2,0,0,1,8,1,1,2,24,"777777777777","777777777777","777777777777",0,0
25,250321,2,4,1,30,5,11,20,12,1,1,0,25,1,49,32,49032,4,2011,"JTDBU4EEXB91","J","T","D","B","U","4","E","E","X","B","9","1",0,0,0,"000000000","00000000000",0,0,0,1,0,0,0,0,0,0,0,998,0,0,0,6,6,2,12,0,0,0,1,25,1540,6,1,0,0,3,0,61,999,0,0,0,1,0,12,2015,12,2015,0,86,0,0,0,1,2,35,1,1,2,2,0,0,1,53,1,1,1,25,"777777777777","777777777777","777777777777",0,0
25,250321,3,4,1,30,5,11,20,12,1,1,0,25,2,35,47,35047,4,2010,"1N4AL2AP4AN4","1","N","4","A","L","2","A","P","4","A","N","4",0,0,0,"000000000","00000000000",0,0,0,1,0,0,0,0,0,0,0,998,0,0,0,63,6,2,12,0,0,0,1,25,1540,6,1,0,0,3,3,68,999,0,0,0,0,0,0,0,0,0,0,0,0,0,0,1,2,35,1,1,2,2,0,0,1,53,1,1,1,98,"777777777777","777777777777","777777777777",0,0
25,250321,4,4,3,30,5,11,20,12,1,1,0,9,1,35,51,35051,6,2015,"5N1AT2MK9FC8","5","N","1","A","T","2","M","K","9","F","C","8",0,0,0,"000000000","00000000000",0,0,0,1,0,0,0,0,0,0,0,35,0,0,0,6,6,2,12,0,0,0,1,9,6259,6,1,0,0,3,0,65,999,98,0,0,0,0,0,0,0,0,0,0,0,0,0,1,2,35,1,1,2,2,0,0,1,53,1,1,1,98,"777777777777","777777777777","777777777777",0,0
25,250322,1,1,1,17,8,12,52,9,0,1,0,25,2,49,403,49403,14,2007,"JTEEP21AX702","J","T","E","E","P","2","1","A","X","7","0","2",0,0,0,"000000000","00000000000",0,0,0,1,0,0,0,0,0,0,0,998,0,0,0,61,6,2,9,0,0,0,1,25,1773,6,2,0,0,3,1,69,999,1,0,0,0,0,5,2016,5,2016,0,0,0,0,0,1,2,25,1,8,2,1,0,0,1,83,7,1,1,13,"777777777777","777777777777","777777777777",0,0
25,250323,1,1,1,29,8,15,17,40,0,1,0,25,1,13,14,13014,6,2008,"2LMDU68C88BJ","2","L","M","D","U","6","8","C","8","8","B","J",0,0,0,"000000000","00000000000",0,0,0,1,0,0,0,0,0,0,0,998,0,0,0,11,6,2,30,0,0,0,1,25,2093,6,1,0,0,3,3,70,999,0,0,0,0,0,0,0,0,0,9,0,0,0,0,2,2,45,1,8,2,1,0,0,1,12,1,1,4,6,"777777777777","777777777777","777777777777",1,0
25,250324,1,1,1,20,11,23,38,42,0,1,0,25,1,51,401,51401,14,2004,"YV1CZ59H2410","Y","V","1","C","Z","5","9","H","2","4","1","0",0,0,0,"000000000","00000000000",0,0,0,1,0,0,0,0,0,0,0,57,0,0,0,12,6,2,42,0,0,1,1,25,2066,6,1,0,0,3,3,63,999,1,2,1,0,0,4,2012,3,2016,3,27,0,0,0,1,2,35,2,1,2,1,0,0,14,12,99,3,4,6,"777777777777","777777777777","777777777777",1,1
25,250325,1,1,1,15,12,17,0,8,0,1,1,25,1,41,37,41037,4,2002,"1YVGF22D6252","1","Y","V","G","F","2","2","D","6","2","5","2",0,0,0,"000000000","00000000000",0,0,0,1,0,0,0,0,0,0,0,998,0,0,0,98,4,5,8,0,0,0,1,25,2184,6,1,0,0,3,0,70,205,0,1,0,1,0,3,2015,11,2015,9,86,0,0,0,1,2,98,1,1,2,1,0,0,1,82,1,1,1,13,"777777777777","777777777777","777777777777",0,0
25,250326,1,1,1,12,1,99,99,8,0,1,1,25,1,22,20,22020,4,1999,"1G2WJ52M1XF3","1","G","2","W","J","5","2","M","1","X","F","3",0,0,0,"000000000","00000000000",0,0,0,1,0,0,0,0,0,0,0,998,0,0,0,98,2,3,8,0,0,0,1,25,2124,6,1,0,0,3,0,63,999,1,0,0,0,1,12,2012,2,2015,9,91,0,0,0,2,2,30,8,9,2,2,0,0,1,80,99,9,1,13,"777777777777","777777777777","777777777777",0,0
25,250327,1,1,1,16,4,22,15,8,0,1,1,25,2,14,6,14006,4,2000,"2MEFM74W0YX6","2","M","E","F","M","7","4","W","0","Y","X","6",0,0,0,"000000000","00000000000",0,0,0,1,0,0,0,0,0,0,0,998,0,0,0,98,2,3,8,0,0,0,1,25,2128,6,1,0,0,3,0,72,999,1,0,0,0,2,2,2013,3,2013,0,99,99,99,99,3,2,30,1,9,2,1,2,3,1,82,99,1,9,13,"777777777777","777777777777","777777777777",0,0
25,250328,1,1,1,25,11,14,30,8,0,1,0,25,2,20,404,20404,14,2014,"2GNFLFEK5E61","2","G","N","F","L","F","E","K","5","E","6","1",0,0,0,"000000000","00000000000",0,0,0,1,0,0,0,0,0,0,0,998,0,0,0,12,6,2,8,0,0,0,1,25,1550,6,1,0,0,3,0,62,999,0,0,0,0,0,0,0,0,0,9,36,0,0,0,1,2,50,1,8,2,2,0,0,1,13,99,9,4,1,"777777777777","777777777777","777777777777",0,0
25,250329,1,1,2,4,4,12,55,24,0,1,0,25,1,48,401,48401,14,2005,"JF1SG65685H7","J","F","1","S","G","6","5","6","8","5","H","7",0,0,0,"000000000","00000000000",0,0,0,1,0,0,0,0,0,0,0,33,0,0,0,61,6,2,42,0,0,0,1,25,1603,6,1,0,0,3,0,62,999,0,0,0,0,0,0,0,0,0,0,87,85,0,0,3,2,55,1,1,2,3,0,0,1,5,16,7,4,7,"777777777777","777777777777","777777777777",1,0
25,250330,1,1,2,18,2,20,40,8,0,1,0,25,1,35,47,35047,4,2006,"1N4AL11D76N3","1","N","4","A","L","1","1","D","7","6","N","3",0,0,0,"000000000","00000000000",0,0,0,1,0,0,0,0,0,0,0,998,0,0,0,98,2,3,8,0,0,0,1,25,2121,6,1,0,0,3,0,66,999,1,0,0,0,1,4,2011,6,2012,0,99,99,99,99,2,2,30,1,9,2,1,0,0,1,82,99,1,9,13,"777777777777","777777777777","777777777777",0,0
25,250331,1,1,1,22,7,16,0,1,0,1,0,25,1,49,482,49482,31,2000,"5TBJN3211YS1","5","T","B","J","N","3","2","1","1","Y","S","1",0,0,0,"000000000","00000000000",0,0,0,1,0,0,0,0,0,0,0,998,0,1,3,0,6,2,1,0,0,0,1,25,1370,6,1,0,0,3,0,68,999,0,0,0,0,0,0,0,0,0,0,99,99,99,99,2,8,65,8,1,2,1,0,0,1,3,1,9,4,7,"777777777777","777777777777","777777777777",1,0
25,250332,1,2,1,30,4,11,33,12,1,1,0,25,3,23,981,23981,58,1972,"022513849","0","2","2","5","1","3","8","4","9","","","",0,0,77,"777777777","77777777777",8,21,22,1,0,0,0,0,5,3,0,998,7,0,0,12,2,3,12,42,0,0,1,25,2301,6,1,6,1,3,0,73,999,0,0,0,2,0,11,2013,10,2015,0,99,99,99,99,2,4,30,1,9,2,1,0,0,1,50,1,1,1,20,"777777777777","777777777777","777777777777",0,0
25,250332,2,2,2,30,4,11,33,12,1,1,0,99,9,99,709,99709,88,9999,"888888888888","8","8","8","8","8","8","8","8","8","8","8","8",0,0,0,"000000000","00000000000",0,0,0,1,0,0,0,0,0,0,0,0,0,0,0,6,6,2,12,0,0,0,1,25,2108,6,1,0,0,2,0,69,999,0,0,0,0,0,0,0,0,0,0,99,99,99,99,2,4,30,1,8,2,1,0,0,3,53,10,9,1,21,"777777777777","777777777777","777777777777",1,0
25,250333,1,1,1,28,6,2,35,8,0,1,0,25,1,36,38,36038,2,2012,"3C3CFFBR8CT3","3","C","3","C","F","F","B","R","8","C","T","3",0,0,0,"000000000","00000000000",0,0,0,1,0,0,0,0,0,0,0,998,0,0,0,98,6,2,8,0,0,0,1,25,1824,6,1,0,0,3,3,70,999,0,0,0,0,1,11,2015,11,2015,0,36,28,16,0,4,8,55,8,8,2,1,4,3,15,80,1,1,2,13,"777777777777","777777777777","777777777777",0,1
25,250335,1,1,1,7,7,18,3,8,0,1,0,25,2,12,461,12461,21,2005,"1FBSS31LX5HA","1","F","B","S","S","3","1","L","X","5","H","A",0,0,0,"000000000","00000000000",0,0,0,1,0,0,0,0,0,0,0,998,0,0,0,98,2,3,8,0,0,0,1,25,2169,6,1,0,0,3,0,64,999,0,0,0,0,0,0,0,0,0,9,99,99,99,99,4,3,30,1,1,2,1,0,0,1,82,99,9,9,13,"777777777777","777777777777","777777777777",0,0
25,250336,3,1,1,16,3,12,0,14,0,1,0,25,1,35,39,35039,4,2011,"1N4AA5AP4BC8","1","N","4","A","A","5","A","P","4","B","C","8",0,0,0,"000000000","00000000000",0,0,0,1,0,0,0,0,0,0,0,998,0,0,0,98,6,2,14,0,0,0,1,25,1603,6,1,0,0,3,3,65,999,1,2,0,0,1,10,2012,4,2014,3,36,91,0,0,3,3,65,1,1,2,1,0,0,99,19,99,9,4,2,"777777777777","777777777777","777777777777",0,0
25,250337,1,2,1,12,5,21,50,12,2,1,0,25,1,12,481,12481,31,2002,"1FTNX21L62EB","1","F","T","N","X","2","1","L","6","2","E","B",0,0,0,"000000000","00000000000",0,0,0,1,0,0,0,0,0,0,0,998,0,0,0,12,6,2,12,0,0,0,1,25,1036,6,1,0,0,3,0,74,999,0,1,0,1,0,1,2012,7,2012,0,38,91,0,0,1,2,98,1,8,2,1,3,3,11,54,99,1,1,68,"777777777777","777777777777","777777777777",0,1
25,250337,2,2,2,12,5,21,50,12,2,1,0,25,1,37,705,37705,80,2006,"JH2PC37096M3","J","H","2","P","C","3","7","0","9","6","M","3",0,0,0,"000000000","00000000000",0,0,0,1,0,0,0,0,0,0,0,998,0,0,0,12,6,2,12,0,0,0,1,25,1020,6,1,0,0,3,0,68,999,0,0,0,0,5,7,2014,5,2015,9,99,99,99,99,1,2,98,1,8,2,1,3,3,1,54,1,1,2,69,"777777777777","777777777777","777777777777",2,0
25,250338,1,1,1,22,2,18,2,8,0,1,0,25,2,37,32,37032,4,1999,"1HGCG6674XA0","1","H","G","C","G","6","6","7","4","X","A","0",0,0,0,"000000000","00000000000",0,0,0,1,0,0,0,0,0,0,0,998,0,0,0,11,4,3,8,0,0,0,1,25,1701,6,1,0,0,3,0,69,999,1,0,0,0,0,1,2015,1,2015,0,0,0,0,0,1,2,98,1,1,2,1,0,0,1,81,98,1,1,13,"777777777777","777777777777","777777777777",0,0
25,250339,1,1,1,14,5,2,34,8,0,1,0,25,1,35,39,35039,4,2011,"1N4AA5AP1BC8","1","N","4","A","A","5","A","P","1","B","C","8",0,0,0,"000000000","00000000000",0,0,0,1,0,0,0,0,0,0,0,998,0,0,0,14,4,5,8,0,0,0,1,25,1020,6,1,0,0,3,3,60,999,0,1,0,0,2,1,2014,12,2014,0,0,0,0,0,2,2,98,1,8,2,1,0,0,1,80,1,1,1,13,"777777777777","777777777777","777777777777",0,0
25,250340,1,1,1,24,12,3,42,42,0,1,0,25,2,49,40,49040,4,2008,"4T1BK46K48U5","4","T","1","B","K","4","6","K","4","8","U","5",0,0,0,"000000000","00000000000",0,0,0,1,0,0,0,0,0,0,0,998,0,0,0,12,6,2,2,0,0,1,1,25,1754,6,1,0,0,3,0,64,999,0,0,0,0,0,0,0,0,0,0,0,0,0,0,3,2,55,1,1,2,2,0,0,1,13,1,1,4,1,"777777777777","777777777777","777777777777",1,0
25,250341,1,1,1,22,5,1,20,33,0,1,0,25,2,72,706,72706,80,2012,"1HD1JNV16CB0","1","H","D","1","J","N","V","1","6","C","B","0",0,0,0,"000000000","00000000000",0,0,0,1,0,0,0,0,0,0,0,998,0,0,0,98,6,2,24,0,0,0,1,25,1085,6,1,0,0,3,0,67,999,2,2,0,1,1,7,2012,10,2015,3,0,0,0,0,3,2,98,3,8,2,1,0,0,14,6,16,5,4,2,"777777777777","777777777777","777777777777",1,1
25,250342,1,2,1,2,1,18,7,48,0,1,0,25,1,12,15,12015,4,1994,"1FAPP36X0RK2","1","F","A","P","P","3","6","X","0","R","K","2",0,0,0,"000000000","00000000000",0,0,0,1,0,0,0,0,0,0,0,998,0,0,0,98,6,2,12,0,0,0,1,25,1001,6,1,0,0,3,0,72,999,0,0,0,0,1,1,2015,1,2015,0,0,0,0,0,1,2,35,3,1,2,1,0,0,1,11,1,1,2,1,"777777777777","777777777777","777777777777",1,1
25,250342,2,2,1,2,1,18,7,48,0,1,0,25,1,37,32,37032,4,2013,"1HGCR3F89DA0","1","H","G","C","R","3","F","8","9","D","A","0",0,0,0,"000000000","00000000000",0,0,0,1,0,0,0,0,0,0,0,998,0,0,0,12,6,2,12,0,0,0,1,25,1001,6,1,0,0,3,0,62,999,0,0,0,0,0,0,0,0,0,0,0,0,0,0,1,2,35,2,1,2,1,0,0,1,54,1,1,1,98,"777777777777","777777777777","777777777777",0,0
25,250343,1,1,1,29,5,22,30,8,0,1,1,25,1,35,39,35039,4,2004,"1N4BA41E04C9","1","N","4","B","A","4","1","E","0","4","C","9",0,0,0,"000000000","00000000000",0,0,0,1,0,0,0,0,0,0,0,998,0,0,0,12,9,5,8,0,0,0,1,25,1095,6,1,0,0,3,0,74,999,1,0,0,0,0,5,2014,5,2014,9,99,99,99,99,1,2,35,1,8,2,1,0,0,1,81,99,1,1,13,"777777777777","777777777777","777777777777",0,0
25,250344,1,2,1,17,6,8,54,12,2,1,0,25,1,37,31,37031,4,2010,"2HGFA1F50AH3","2","H","G","F","A","1","F","5","0","A","H","3",0,0,0,"000000000","00000000000",0,0,0,1,0,0,0,0,0,0,0,998,0,0,0,12,6,2,12,0,0,0,1,25,1118,6,1,0,0,3,0,69,999,0,0,0,1,1,11,2014,7,2015,9,99,99,99,99,1,2,98,1,8,2,1,3,3,11,54,99,1,1,68,"777777777777","777777777777","777777777777",1,0
25,250344,2,2,1,17,6,8,54,12,2,1,0,25,1,54,39,54039,4,2004,"JH4CL95934C0","J","H","4","C","L","9","5","9","3","4","C","0",0,0,0,"000000000","00000000000",0,0,0,1,0,0,0,0,0,0,0,998,0,0,0,12,6,2,12,0,0,0,1,25,1119,6,1,0,0,3,0,62,999,0,0,0,1,1,4,2013,3,2015,3,99,99,99,99,1,2,98,1,8,2,1,3,3,1,62,1,1,1,69,"777777777777","777777777777","777777777777",0,0
25,250345,1,1,1,5,10,8,0,9,0,1,0,9,3,85,999,85999,99,9999,"","","","","","","","","","","","","",9,1,57,"587919","57587919",3,6,97,1,0,0,0,0,0,0,0,998,0,0,0,98,8,3,9,0,0,0,1,9,6259,6,1,6,3,3,3,73,999,98,0,0,0,0,0,0,0,0,9,86,0,0,0,3,3,98,1,1,2,3,0,0,11,83,1,1,3,13,"","","",0,0
25,250346,1,1,1,24,7,17,54,33,0,1,0,25,2,76,705,76705,80,2005,"JYARJ06E95A0","J","Y","A","R","J","0","6","E","9","5","A","0",0,0,0,"000000000","00000000000",0,0,0,1,0,0,0,0,0,0,0,998,0,0,0,12,6,2,59,0,0,0,1,25,1109,6,1,0,0,3,0,67,999,0,0,0,1,2,6,2014,5,2016,4,0,0,0,0,1,2,98,3,8,2,1,0,0,1,13,99,1,4,1,"777777777777","777777777777","777777777777",1,0
25,250347,1,1,1,25,11,1,29,9,0,1,1,99,9,99,999,99999,99,9999,"999999999999","9","9","9","9","9","9","9","9","9","9","9","9",9,0,99,"999999999","99999999999",9,99,99,1,0,0,0,0,99,99,9,998,0,0,0,98,9,9,9,0,0,0,1,99,99999,9,9,99,9,9,9,999,999,99,99,99,99,99,99,9999,99,9999,9,99,99,99,99,2,2,99,1,1,2,2,0,0,99,99,99,9,9,13,"777777777777","777777777777","777777777777",0,0
25,250348,1,1,1,23,11,13,16,8,0,1,0,25,1,12,481,12481,31,2007,"1FTPX14567FB","1","F","T","P","X","1","4","5","6","7","F","B",0,0,0,"000000000","00000000000",0,0,0,1,0,0,0,0,0,0,0,998,0,0,0,12,6,2,8,0,0,0,1,25,1921,6,2,0,0,3,1,70,999,0,0,0,0,0,0,0,0,0,9,36,0,0,0,1,2,98,1,8,2,1,0,0,1,80,1,1,1,13,"777777777777","777777777777","777777777777",0,0
25,250349,1,1,1,28,11,15,53,8,0,1,0,25,1,59,403,59403,14,2005,"2T2HA31U35C0","2","T","2","H","A","3","1","U","3","5","C","0",0,0,0,"000000000","00000000000",0,0,0,1,0,0,0,0,0,0,0,998,0,0,0,98,4,3,8,0,0,0,1,25,2472,6,1,0,0,3,3,71,999,0,0,0,0,0,0,0,0,0,0,99,99,99,99,1,2,30,1,8,2,1,0,0,1,80,1,1,1,13,"777777777777","777777777777","777777777777",0,0
25,250350,1,1,1,9,9,10,45,8,0,1,1,25,1,19,23,19023,4,2013,"2G61V5S37D91","2","G","6","1","V","5","S","3","7","D","9","1",0,0,0,"000000000","00000000000",0,0,0,1,0,0,0,0,0,0,0,998,0,0,0,12,8,5,8,0,0,0,1,25,1119,6,1,6,0,3,0,70,999,0,5,1,0,0,9,2012,7,2016,0,86,0,0,0,1,2,98,1,1,2,1,0,0,1,81,1,1,1,13,"777777777777","777777777777","777777777777",0,1
25,250352,1,2,2,7,8,6,20,12,6,1,0,25,1,49,46,49046,6,2013,"JTDZN3EU5D32","J","T","D","Z","N","3","E","U","5","D","3","2",0,0,0,"000000000","00000000000",0,0,0,1,0,0,0,0,0,0,0,998,0,0,0,61,6,2,12,0,0,0,1,25,1701,6,1,0,0,3,0,76,999,1,0,0,0,0,1,2013,1,2013,0,0,0,0,0,3,3,50,1,1,2,1,3,3,1,66,1,1,1,89,"777777777777","777777777777","777777777777",1,0
25,250352,2,2,1,7,8,6,20,12,6,1,0,25,1,2,403,2403,14,2012,"1C4BJWEG3CL1","1","C","4","B","J","W","E","G","3","C","L","1",0,0,0,"000000000","00000000000",0,0,0,1,0,0,0,0,0,0,0,998,0,0,0,12,6,2,12,0,0,0,1,25,1854,6,1,0,0,3,0,70,999,0,1,0,0,0,4,2012,4,2012,0,38,39,0,0,3,3,50,1,1,2,1,3,3,1,55,1,1,1,88,"777777777777","777777777777","777777777777",0,0
25,250353,1,1,1,13,8,23,7,8,0,1,0,25,1,2,404,2404,14,2005,"1J8HR58215C6","1","J","8","H","R","5","8","2","1","5","C","6",0,0,0,"000000000","00000000000",0,0,0,1,0,0,0,0,0,0,0,998,0,0,0,98,2,3,8,0,0,0,1,25,2136,6,1,0,0,3,0,73,999,0,0,0,1,0,5,2013,5,2013,9,99,99,99,99,2,2,30,1,8,2,2,0,0,1,80,99,1,9,13,"777777777777","777777777777","777777777777",0,0
25,250354,1,1,1,28,9,1,1,59,0,1,0,25,1,37,32,37032,4,2001,"JHMCG66871C0","J","H","M","C","G","6","6","8","7","1","C","0",0,0,0,"000000000","00000000000",0,0,0,1,0,0,0,0,0,0,0,998,0,0,0,98,6,2,59,0,0,0,1,25,2124,6,1,0,0,3,0,70,999,3,0,0,0,1,2,2012,1,2014,4,99,99,99,99,3,3,30,3,8,2,1,0,0,1,19,99,9,4,99,"777777777777","777777777777","777777777777",1,1
25,250355,1,1,1,24,8,5,20,8,0,1,1,99,9,99,999,99999,99,9999,"999999999999","9","9","9","9","9","9","9","9","9","9","9","9",0,0,0,"000000000","00000000000",0,0,0,1,0,0,0,0,0,0,0,998,0,0,0,98,9,5,8,99,99,0,1,99,99999,9,9,99,9,9,9,999,999,99,99,99,99,99,99,9999,99,9999,9,86,0,0,0,2,2,30,1,1,2,98,2,3,99,99,99,9,9,13,"777777777777","777777777777","777777777777",0,0
25,250356,1,1,1,25,10,12,18,8,0,1,0,25,3,87,881,87881,63,2011,"1NPSL0EX0BD1","1","N","P","S","L","0","E","X","0","B","D","1",0,0,77,"777777777","77777777777",3,2,4,1,0,0,0,0,0,0,0,998,0,0,0,82,9,3,8,99,99,0,1,25,2135,6,1,6,0,3,0,68,999,0,0,0,0,0,0,0,0,0,0,0,0,0,0,2,2,30,1,8,2,1,0,0,3,81,99,1,1,13,"777777777777","777777777777","777777777777",0,0
25,250357,1,1,3,14,10,12,33,1,0,1,0,25,2,49,43,49043,4,2003,"4T1BF28B93U3","4","T","1","B","F","2","8","B","9","3","U","3",0,0,0,"000000000","00000000000",0,0,0,1,0,0,0,0,0,0,0,998,0,9,9,0,6,2,1,99,99,0,1,25,2124,6,7,0,0,3,3,66,999,0,0,0,0,0,0,0,0,0,9,99,99,99,99,3,9,30,2,8,9,99,0,0,14,99,99,9,9,99,"777777777777","777777777777","777777777777",1,0
25,250358,1,1,1,18,11,23,44,8,0,1,0,25,1,7,422,7422,15,2004,"1D8HB58N74F1","1","D","8","H","B","5","8","N","7","4","F","1",0,0,0,"000000000","00000000000",0,0,0,1,0,0,0,0,0,0,0,998,0,0,0,98,9,5,8,0,0,0,1,25,2119,6,1,0,0,3,3,70,999,0,0,0,0,3,9,2015,2,2016,0,99,99,99,99,1,2,30,1,8,2,1,0,0,1,80,99,1,1,13,"777777777777","777777777777","777777777777",0,0
25,250359,1,2,1,21,11,18,0,12,6,1,0,25,2,55,33,55033,4,2005,"KMHWF35H95A1","K","M","H","W","F","3","5","H","9","5","A","1",0,0,0,"000000000","00000000000",0,0,0,1,0,0,0,0,0,0,0,998,0,0,0,12,6,2,12,0,0,1,1,25,1960,6,1,0,0,3,0,72,999,1,0,0,0,0,4,2012,4,2012,9,99,99,99,99,1,2,50,1,1,2,1,3,3,1,17,99,1,2,98,"777777777777","777777777777","777777777777",1,0
25,250359,2,2,1,21,11,18,0,12,6,1,0,18,3,82,881,82881,66,2016,"3AKJGLD5XGSH","3","A","K","J","G","L","D","5","X","G","S","H",1,1,57,"327574","57327574",3,6,98,1,0,0,0,0,0,0,0,998,0,0,0,63,6,2,12,0,0,0,1,98,99999,9,9,99,3,9,9,999,999,99,99,99,99,99,99,9999,99,9999,9,99,99,99,99,1,2,98,1,1,2,1,3,3,11,54,1,1,1,98,"888888888888","777777777777","777777777777",0,0
25,250360,1,1,1,6,11,21,30,8,0,1,1,25,9,12,881,12881,61,2008,"1FDAF57RX8EC","1","F","D","A","F","5","7","R","X","8","E","C",0,0,77,"777777777","77777777777",2,1,96,1,0,0,0,0,0,0,0,998,0,0,0,12,6,2,8,0,0,0,1,99,99999,9,9,99,9,9,9,999,999,99,99,99,99,99,99,9999,99,9999,9,99,99,99,99,1,2,25,1,1,2,1,3,3,10,82,99,1,4,98,"777777777777","777777777777","777777777777",0,0