"STATE","ST_CASE","VEH_NO","VE_FORMS","NUMOCCS","DAY","MONTH","HOUR","MINUTE","HARM_EV","MAN_COLL","UNITTYPE","HIT_RUN","REG_STAT","OWNER","MAKE","MODEL","MAK_MOD","BODY_TYP","MOD_YEAR","VIN","VIN_1","VIN_2","VIN_3","VIN_4","VIN_5","VIN_6","VIN_7","VIN_8","VIN_9","VIN_10","VIN_11","VIN_12","TOW_VEH","J_KNIFE","MCARR_I1","MCARR_I2","MCARR_ID","GVWR","V_CONFIG","CARGO_BT","HAZ_INV","HAZ_PLAC","HAZ_ID","HAZ_CNO","HAZ_REL","BUS_USE","SPEC_USE","EMER_USE","TRAV_SP","UNDERIDE","ROLLOVER","ROLINLOC","IMPACT1","DEFORMED","TOWED","M_HARM","VEH_SC1","VEH_SC2","FIRE_EXP","DR_PRES","L_STATE","DR_ZIP","L_STATUS","L_TYPE","CDL_STAT","L_ENDORS","L_COMPL","L_RESTRI","DR_HGT","DR_WGT","PREV_ACC","PREV_SUS","PREV_DWI","PREV_SPD","PREV_OTH","FIRST_MO","FIRST_YR","LAST_MO","LAST_YR","SPEEDREL","DR_SF1","DR_SF2","DR_SF3","DR_SF4","VTRAFWAY","VNUM_LAN","VSPD_LIM","VALIGN","VPROFILE","VPAVETYP","VSURCOND","VTRAFCON","VTCONT_F","P_CRASH1","P_CRASH2","P_CRASH3","PCRASH4","PCRASH5","ACC_TYPE","TRLR1VIN","TRLR2VIN","TRLR3VIN","DEATHS","DR_DRINK"
25,250361,1,1,1,28,11,22,50,1,0,1,0,25,2,48,34,48034,6,1998,"4S3BK4353W63","4","S","3","B","K","4","3","5","3","W","6","3",0,0,0,"000000000","00000000000",0,0,0,1,0,0,0,0,0,0,0,998,0,9,1,0,6,2,1,99,99,0,1,25,2125,6,1,0,0,3,0,64,999,0,0,0,0,0,0,0,0,0,0,99,99,99,99,3,8,30,3,1,2,1,0,0,1,99,99,9,9,99,"777777777777","777777777777","777777777777",1,0
25,250362,1,1,1,16,12,16,52,8,0,1,0,25,1,12,24,12024,6,2011,"2FMDK3GC0BBB","2","F","M","D","K","3","G","C","0","B","B","B",0,0,0,"000000000","00000000000",0,0,0,1,0,0,0,0,0,0,0,998,0,0,0,98,2,5,8,0,0,0,1,25,2123,6,1,0,0,3,3,69,999,0,0,0,0,0,0,0,0,0,9,99,99,99,99,3,2,30,1,8,2,1,0,0,1,80,99,1,3,13,"777777777777","777777777777","777777777777",0,0
25,250363,1,2,1,31,12,2,5,12,6,1,0,25,1,42,42,42042,4,1999,"WDBHA24G5XA7","W","D","B","H","A","2","4","G","5","X","A","7",0,0,0,"000000000","00000000000",0,0,0,1,0,0,0,0,0,0,0,998,0,0,0,98,6,2,12,0,0,0,1,25,2169,6,1,0,0,3,0,65,999,1,0,0,0,1,9,2016,11,2016,9,99,99,99,99,2,2,30,1,8,2,1,3,9,1,99,99,9,9,99,"777777777777","777777777777","777777777777",0,0
25,250363,2,2,1,31,12,2,5,12,6,1,0,25,1,55,35,55035,5,2002,"KMHDN55DX2U0","K","M","H","D","N","5","5","D","X","2","U","0",0,0,0,"000000000","00000000000",0,0,0,1,0,0,0,0,0,0,0,998,0,9,9,98,6,2,99,0,0,0,1,25,2131,6,1,0,0,3,0,73,999,0,0,0,0,0,0,0,0,0,9,99,99,99,99,2,2,30,1,8,2,1,3,9,1,99,99,9,9,99,"777777777777","777777777777","777777777777",1,0
25,250364,1,1,1,8,12,22,25,8,0,1,0,25,3,98,988,98988,52,2004,"1N90402723A1","1","N","9","0","4","0","2","7","2","3","A","1",0,0,77,"777777777","77777777777",3,21,22,1,0,0,0,0,98,98,8,998,0,0,0,98,8,8,8,99,99,0,1,25,2368,6,1,0,0,3,3,72,999,0,0,0,0,0,0,0,0,0,9,86,0,0,0,2,8,30,8,1,2,1,0,0,1,82,99,9,9,13,"777777777777","777777777777","777777777777",0,0
25,250365,1,1,1,3,11,22,20,8,0,1,0,25,1,35,47,35047,4,2010,"1N4CL2APXAC1","1","N","4","C","L","2","A","P","X","A","C","1",0,0,0,"000000000","00000000000",0,0,0,1,0,0,0,0,0,0,0,55,0,0,0,12,6,2,8,0,0,0,1,25,1752,6,1,0,0,3,3,71,999,0,0,0,0,0,0,0,0,0,0,0,0,0,0,3,4,55,1,8,2,1,0,0,1,80,1,1,1,13,"777777777777","777777777777","777777777777",0,0
26,260001,1,1,1,1,1,5,52,8,0,1,0,18,1,49,442,49442,20,2015,"5TDZK3DC8FS5","5","T","D","Z","K","3","D","C","8","F","S","5",0,0,0,"000000000","00000000000",0,0,0,1,0,0,0,0,0,0,0,998,0,0,0,11,4,3,8,0,0,0,1,18,46706,6,1,0,0,3,0,70,200,0,0,0,1,0,7,2011,7,2011,0,0,0,0,0,2,2,70,1,1,1,1,0,0,1,80,99,1,1,13,"777777777777","777777777777","777777777777",0,0
26,260002,1,1,5,1,1,1,45,19,0,1,0,26,1,6,54,6054,6,2005,"2C8GF68445R4","2","C","8","G","F","6","8","4","4","5","R","4",0,0,0,"000000000","00000000000",0,0,0,1,0,0,0,0,0,0,0,998,0,0,0,11,6,2,19,0,0,0,1,26,48186,6,1,0,0,3,0,65,170,2,0,0,1,1,4,2011,9,2015,5,0,0,0,0,5,5,35,1,8,8,8,0,0,1,9,99,2,4,7,"777777777777","777777777777","777777777777",2,1
26,260003,1,1,1,1,1,8,43,33,0,1,0,26,2,22,20,22020,4,2002,"1G2WP52K72F1","1","G","2","W","P","5","2","K","7","2","F","1",0,0,0,"000000000","00000000000",0,0,0,1,0,0,0,0,0,0,0,998,0,1,6,12,6,2,42,0,0,0,1,26,49424,6,1,0,0,3,0,70,140,0,1,0,1,1,11,2014,6,2015,5,0,0,0,0,1,4,40,1,2,2,8,0,0,1,13,99,1,4,1,"777777777777","777777777777","777777777777",1,1
26,260004,1,1,1,3,1,7,51,9,0,1,0,26,2,12,37,12037,4,2002,"1FAFP38352W1","1","F","A","F","P","3","8","3","5","2","W","1",0,0,0,"000000000","00000000000",0,0,0,1,0,0,0,0,0,0,0,998,0,0,0,11,4,3,9,0,0,0,1,26,48197,6,1,0,0,3,0,65,235,0,0,0,0,0,0,0,0,0,0,0,0,0,0,5,5,45,1,8,8,1,0,0,1,83,99,1,1,13,"777777777777","777777777777","777777777777",0,0
26,260005,1,1,2,6,1,19,48,8,0,1,0,26,2,12,401,12401,14,2003,"1FMZU73K43ZA","1","F","M","Z","U","7","3","K","4","3","Z","A",0,0,0,"000000000","00000000000",0,0,0,1,0,0,0,0,0,0,0,998,0,0,0,1,4,5,8,0,0,0,1,26,48135,6,1,0,0,3,0,74,180,1,0,0,1,1,10,2011,1,2015,0,0,0,0,0,1,2,35,1,1,1,1,0,0,1,80,99,1,1,13,"777777777777","777777777777","777777777777",0,0
26,260006,1,2,2,8,1,0,10,12,1,1,0,26,1,7,25,7025,5,2007,"1B3HB48B77D5","1","B","3","H","B","4","8","B","7","7","D","5",0,0,0,"000000000","00000000000",0,0,0,1,0,0,0,0,0,0,0,998,0,1,9,12,6,2,12,0,0,0,1,26,48229,6,1,0,0,3,0,59,129,1,4,1,1,2,6,2014,6,2015,5,0,0,0,0,1,2,25,1,8,8,1,0,0,1,51,99,1,1,24,"777777777777","777777777777","777777777777",1,0
26,260006,2,2,2,8,1,0,10,12,1,1,0,26,2,21,21,21021,4,2003,"1G3NL52E33C2","1","G","3","N","L","5","2","E","3","3","C","2",0,0,0,"000000000","00000000000",0,0,0,1,0,0,0,0,0,0,0,998,0,0,0,6,4,3,12,0,0,0,1,26,48229,6,1,0,0,3,0,72,160,1,3,0,0,1,3,2012,6,2014,0,0,0,0,0,1,2,25,1,8,8,1,0,0,1,53,1,1,1,25,"777777777777","777777777777","777777777777",0,1
26,260007,1,1,1,2,1,18,2,8,0,1,0,26,1,12,23,12023,4,2010,"3FAHP0HA9AR2","3","F","A","H","P","0","H","A","9","A","R","2",0,0,0,"000000000","00000000000",0,0,0,1,0,0,0,0,0,0,0,998,0,0,0,1,4,3,8,0,0,0,1,26,48505,6,1,0,0,3,0,74,240,1,0,0,2,0,10,2012,3,2014,0,0,0,0,0,1,4,40,1,1,2,1,0,0,15,80,99,1,2,13,"777777777777","777777777777","777777777777",0,0
26,260008,1,2,1,9,1,21,24,12,6,1,0,26,1,20,2,20002,4,2008,"2G1WT55N7812","2","G","1","W","T","5","5","N","7","8","1","2",0,0,0,"000000000","00000000000",0,0,0,1,0,0,0,0,0,0,0,998,0,0,0,9,6,2,12,0,0,0,1,26,49079,6,1,0,0,3,0,64,130,0,0,0,0,0,0,0,0,0,0,0,0,0,0,5,3,35,1,8,8,2,0,0,11,15,99,1,1,68,"777777777777","777777777777","777777777777",1,0
26,260008,2,2,2,9,1,21,24,12,6,1,0,26,2,12,16,12016,4,1996,"2FALP73W1TX2","2","F","A","L","P","7","3","W","1","T","X","2",0,0,0,"000000000","00000000000",0,0,0,1,0,0,0,0,0,0,0,998,0,0,0,12,6,2,12,0,0,0,1,26,49001,0,0,0,0,0,0,66,154,0,0,0,0,0,0,0,0,0,5,36,37,0,0,5,3,35,1,8,8,2,0,0,1,72,99,1,1,69,"777777777777","777777777777","777777777777",0,0
26,260009,1,2,1,11,1,18,50,12,6,1,0,26,1,48,45,48045,6,2004,"4S3BH6754476","4","S","3","B","H","6","7","5","4","4","7","6",0,0,0,"000000000","00000000000",0,0,0,1,0,0,0,0,0,0,0,998,0,0,0,12,6,2,12,0,0,0,1,26,48421,6,1,0,0,3,0,72,300,0,0,0,0,0,0,0,0,0,0,0,0,0,0,1,2,35,1,8,8,4,0,0,1,62,99,1,1,65,"777777777777","777777777777","777777777777",0,0
26,260009,2,2,2,11,1,18,50,12,6,1,0,26,1,18,23,18023,4,2006,"1G4HP57266U2","1","G","4","H","P","5","7","2","6","6","U","2",0,0,0,"000000000","00000000000",0,0,0,1,0,0,0,0,0,0,0,998,0,0,0,3,6,2,12,0,0,0,1,26,48421,6,1,0,0,3,3,67,170,0,0,0,0,0,0,0,0,0,4,28,0,0,0,1,2,35,1,8,8,4,0,0,1,6,99,4,2,64,"777777777777","777777777777","777777777777",2,0
26,260010,1,1,1,10,1,13,6,16,0,1,0,26,2,12,37,12037,4,2006,"1FAHP34N96W1","1","F","A","H","P","3","4","N","9","6","W","1",0,0,0,"000000000","00000000000",0,0,0,1,0,0,0,0,0,0,0,998,0,0,0,0,4,3,16,0,0,0,1,26,48446,6,1,0,0,3,0,69,170,0,0,0,0,0,0,0,0,0,0,0,0,0,0,1,2,55,1,1,2,4,0,0,1,98,99,1,1,0,"777777777777","777777777777","777777777777",1,0
26,260011,1,3,1,12,1,13,20,12,6,1,0,26,1,6,51,6051,4,2006,"2C3KA43R46H1","2","C","3","K","A","4","3","R","4","6","H","1",0,0,0,"000000000","00000000000",0,0,0,1,0,0,0,0,0,0,0,998,0,0,0,9,6,2,12,0,0,0,1,26,49456,6,1,0,0,3,3,69,202,0,0,0,0,0,0,0,0,0,0,28,87,0,0,1,2,55,1,1,2,4,0,0,1,9,99,3,2,64,"777777777777","777777777777","777777777777",1,0
26,260011,2,3,1,12,1,13,20,12,6,1,0,26,1,20,481,20481,31,2013,"1GCRKSE72DZ1","1","G","C","R","K","S","E","7","2","D","Z","1",0,0,0,"000000000","00000000000",0,0,0,1,0,0,0,0,0,0,0,998,0,0,0,12,4,3,12,0,0,0,1,26,49347,6,1,0,0,3,0,71,190,1,0,0,1,0,4,2011,5,2012,0,0,0,0,0,1,2,55,1,1,2,4,0,0,1,62,99,1,1,98,"777777777777","777777777777","777777777777",0,0
26,260011,3,3,1,12,1,13,20,12,6,1,0,26,2,54,421,54421,15,2006,"2HNYD18986H5","2","H","N","Y","D","1","8","9","8","6","H","5",0,0,0,"000000000","00000000000",0,0,0,1,0,0,0,0,0,0,0,998,0,0,0,12,6,2,12,0,0,0,1,26,49448,6,1,0,0,3,0,64,125,0,0,0,1,0,5,2013,5,2013,0,0,0,0,0,1,2,55,1,1,2,4,0,0,1,62,99,1,1,65,"777777777777","777777777777","777777777777",0,0
26,260012,1,5,1,13,1,17,47,12,6,1,0,26,2,18,23,18023,4,2008,"1G4HD57298U1","1","G","4","H","D","5","7","2","9","8","U","1",0,0,0,"000000000","00000000000",0,0,0,1,0,0,0,0,0,0,0,998,0,0,0,12,4,3,12,0,0,0,1,26,48135,0,0,0,0,0,0,70,170,0,4,0,1,2,11,2014,12,2015,0,39,0,0,0,1,5,98,1,8,8,2,3,3,1,17,99,1,1,86,"777777777777","777777777777","777777777777",0,0
26,260012,2,5,1,13,1,17,47,12,6,1,0,26,1,20,20,20020,4,1997,"2G1WL52M7V91","2","G","1","W","L","5","2","M","7","V","9","1",0,0,0,"000000000","00000000000",0,0,0,1,0,0,0,0,0,0,0,998,0,0,0,3,6,2,12,0,0,0,1,26,48128,6,1,0,0,3,3,66,150,0,0,0,0,0,0,0,0,0,0,0,0,0,0,1,5,40,1,1,2,2,3,3,1,66,99,1,1,87,"777777777777","777777777777","777777777777",1,0
26,260012,3,5,1,13,1,17,47,12,6,1,0,26,2,20,403,20403,14,2005,"1GNDS13S9521","1","G","N","D","S","1","3","S","9","5","2","1",0,0,0,"000000000","00000000000",0,0,0,1,0,0,0,0,0,0,0,998,0,0,0,11,2,3,12,0,0,0,1,26,48135,6,1,0,0,3,3,65,210,1,3,0,1,1,1,2012,12,2015,0,0,0,0,0,1,5,40,1,1,2,2,3,3,1,62,99,1,1,98,"777777777777","777777777777","777777777777",0,0
26,260012,4,5,1,13,1,17,47,12,6,1,0,26,1,10,37,10037,3,1995,"4E3AL54F6SE1","4","E","3","A","L","5","4","F","6","S","E","1",0,0,0,"000000000","00000000000",0,0,0,1,0,0,0,0,0,0,0,998,0,0,0,7,2,3,12,0,0,0,1,26,48125,6,1,0,0,3,0,72,170,1,0,0,2,1,5,2012,9,2013,0,0,0,0,0,1,5,98,1,8,8,2,3,3,1,62,99,1,1,98,"777777777777","777777777777","777777777777",0,0
26,260012,5,5,1,13,1,17,47,12,6,1,0,26,3,12,461,12461,21,2009,"1FTNE24W79DA","1","F","T","N","E","2","4","W","7","9","D","A",0,0,0,"000000000","00000000000",0,0,0,1,0,0,0,0,0,0,0,998,0,0,0,11,2,3,12,0,0,0,1,26,48186,6,1,0,0,3,3,70,250,0,0,0,0,0,0,0,0,0,0,0,0,0,0,1,5,98,1,8,8,2,3,3,1,61,99,1,1,98,"777777777777","777777777777","777777777777",0,0
26,260013,1,1,1,12,1,17,45,8,0,1,0,26,2,2,405,2405,14,2009,"1J8GN28K69W5","1","J","8","G","N","2","8","K","6","9","W","5",0,0,0,"000000000","00000000000",0,0,0,1,0,0,0,0,0,0,0,998,0,0,0,11,2,3,8,0,0,0,1,26,48066,6,1,0,0,3,0,77,243,1,0,0,1,1,4,2012,7,2014,0,0,0,0,0,1,4,45,1,1,2,2,0,0,1,80,1,1,1,13,"777777777777","777777777777","777777777777",0,0
26,260014,1,2,1,17,1,22,24,12,2,1,0,26,1,19,18,19018,4,2009,"1G6DS57V6901","1","G","6","D","S","5","7","V","6","9","0","1",0,0,0,"000000000","00000000000",0,0,0,1,0,0,0,0,0,0,0,998,0,0,0,12,6,2,12,0,0,0,1,26,49318,6,1,0,0,3,0,71,250,1,1,0,1,1,11,2011,9,2014,0,28,0,0,0,1,2,55,1,8,8,4,0,0,1,10,99,2,2,50,"777777777777","777777777777","777777777777",0,1
26,260014,2,2,1,17,1,22,24,12,2,1,0,26,2,21,20,21020,4,1993,"1G3WH54T6PD3","1","G","3","W","H","5","4","T","6","P","D","3",0,0,0,"000000000","00000000000",0,0,0,1,0,0,0,0,0,0,0,998,0,0,0,12,6,2,12,0,0,0,1,26,49505,6,1,0,0,3,0,69,190,1,0,0,1,0,5,2011,5,2011,0,0,0,0,0,1,2,55,1,8,8,4,0,0,1,54,99,1,1,51,"777777777777","777777777777","777777777777",1,0
26,260015,1,2,1,17,1,10,45,12,6,1,0,26,1,49,32,49032,4,2010,"2T1BU4EE1AC4","2","T","1","B","U","4","E","E","1","A","C","4",0,0,0,"000000000","00000000000",0,0,0,1,0,0,0,0,0,0,0,998,0,0,0,3,6,2,12,0,0,0,1,26,49855,6,1,0,0,3,3,67,175,1,0,0,0,0,1,2015,1,2015,4,28,0,0,0,1,4,55,1,1,2,3,0,0,6,6,99,4,2,64,"777777777777","777777777777","777777777777",1,1
26,260015,2,2,2,17,1,10,45,12,6,1,0,55,1,20,431,20431,16,1998,"3GNFK16R8WG1","3","G","N","F","K","1","6","R","8","W","G","1",0,0,0,"000000000","00000000000",0,0,0,1,0,0,0,0,0,0,0,998,0,0,0,12,6,2,12,0,0,0,1,55,53118,6,1,0,0,3,3,75,230,0,0,0,0,0,0,0,0,0,0,0,0,0,0,1,4,55,1,1,2,3,0,0,1,62,9,1,1,65,"777777777777","777777777777","777777777777",0,0
26,260016,1,2,1,15,1,6,30,12,8,1,0,26,2,2,404,2404,14,2012,"1C4RJFCTXCC2","1","C","4","R","J","F","C","T","X","C","C","2",0,0,0,"000000000","00000000000",0,0,0,1,0,0,0,0,0,0,0,998,0,0,0,11,6,2,12,0,0,0,1,26,48059,6,1,0,0,3,3,70,150,0,0,0,0,0,0,0,0,0,0,6,0,0,0,1,2,55,1,1,2,2,0,0,1,50,7,1,4,66,"777777777777","777777777777","777777777777",0,0
26,260016,2,2,1,15,1,6,30,12,8,1,0,26,3,12,881,12881,61,1996,"1FDKF38G0TEB","1","F","D","K","F","3","8","G","0","T","E","B",5,1,57,"001668648","57001668648",2,4,12,1,0,0,0,0,0,0,0,998,0,0,0,11,2,5,12,0,0,0,0,0,99997,7,6,97,7,6,7,998,997,998,998,998,998,998,98,9998,98,9998,8,20,0,0,0,1,2,55,1,1,2,2,0,0,0,54,0,0,0,66,"777777777777","777777777777","777777777777",0,0
26,260017,1,5,1,17,1,13,55,12,2,1,0,93,3,51,881,51881,66,2016,"4V4NC9EH9GN9","4","V","4","N","C","9","E","H","9","G","N","9",1,1,57,"000124500","57000124500",3,6,1,1,0,0,0,0,0,0,0,0,0,0,0,6,2,3,12,0,0,0,1,17,61742,6,1,6,0,3,0,76,220,0,0,0,0,0,0,0,0,0,0,54,0,0,0,2,2,70,1,8,8,3,0,0,17,53,1,1,1,98,"888888888888","777777777777","777777777777",0,0
26,260017,2,5,3,17,1,13,55,12,2,1,0,26,2,13,402,13402,14,2015,"5LMCJ1A98FUJ","5","L","M","C","J","1","A","9","8","F","U","J",0,0,0,"000000000","00000000000",0,0,0,1,0,0,0,0,0,0,0,998,0,0,0,12,6,2,12,0,0,0,1,26,48167,6,1,0,0,3,0,70,150,0,0,0,0,0,0,0,0,0,0,0,0,0,0,2,2,70,1,8,8,3,0,0,1,50,99,9,3,52,"777777777777","777777777777","777777777777",2,0
26,260017,3,5,1,17,1,13,55,12,2,1,0,26,3,82,881,82881,66,2006,"1FUJBBCK26LV","1","F","U","J","B","B","C","K","2","6","L","V",1,3,57,"000374735","57000374735",3,6,1,1,0,0,0,0,0,0,0,52,0,0,0,12,4,3,12,0,0,0,1,12,33834,6,1,6,0,3,3,66,999,0,0,0,0,1,3,2015,3,2015,4,36,0,0,0,2,2,70,1,8,8,3,0,0,1,6,99,9,3,98,"888888888888","777777777777","777777777777",0,0
26,260017,4,5,2,17,1,13,55,12,2,1,0,93,3,82,881,82881,66,2014,"3AKJGLD56ESF","3","A","K","J","G","L","D","5","6","E","S","F",1,1,57,"000003706","57000003706",3,6,1,1,0,0,0,0,0,0,0,998,0,0,0,11,4,3,12,0,0,0,1,32,89131,6,1,6,0,3,3,73,295,0,0,0,0,0,0,0,0,0,0,0,0,0,0,2,2,70,1,8,8,3,0,0,1,6,16,2,3,98,"888888888888","777777777777","777777777777",0,0
26,260017,5,5,4,17,1,13,55,12,2,1,0,26,1,12,402,12402,14,2014,"1FMCU9G99EUC","1","F","M","C","U","9","G","9","9","E","U","C",0,0,0,"000000000","00000000000",0,0,0,1,0,0,0,0,0,0,0,0,0,0,0,12,6,2,12,0,0,0,1,26,49098,6,1,6,0,3,3,74,204,0,0,0,0,0,0,0,0,0,0,0,0,0,0,2,2,70,1,8,8,3,0,0,17,54,1,1,1,52,"777777777777","777777777777","777777777777",0,0
26,260018,1,2,1,15,1,16,27,12,2,1,0,26,1,12,402,12402,14,2012,"1FMCU0C78CKB","1","F","M","C","U","0","C","7","8","C","K","B",0,0,0,"000000000","00000000000",0,0,0,1,0,0,0,0,0,0,0,998,0,0,0,12,6,2,12,0,0,0,1,26,49525,6,1,0,0,3,3,73,208,0,0,0,0,0,0,0,0,0,0,28,36,0,0,2,2,70,1,1,2,2,0,0,1,12,99,1,7,50,"777777777777","777777777777","777777777777",1,0
26,260018,2,2,1,15,1,16,27,12,2,1,0,26,2,82,881,82881,66,1991,"1FUYDPYB1MH3","1","F","U","Y","D","P","Y","B","1","M","H","3",1,1,57,"000128493","57000128493",3,6,1,1,0,0,0,0,0,0,0,998,0,0,0,12,6,2,12,0,0,0,1,26,49646,6,1,6,0,3,3,67,200,0,0,0,1,0,11,2011,11,2011,0,0,0,0,0,2,2,70,1,1,2,2,0,0,1,62,99,1,1,51,"5V8VA5321CM2","777777777777","777777777777",0,0
26,260019,1,2,2,18,1,9,52,12,6,1,0,26,2,20,37,20037,4,2000,"1G1ND52J5Y62","1","G","1","N","D","5","2","J","5","Y","6","2",0,0,0,"000000000","00000000000",0,0,0,1,0,0,0,0,0,0,0,998,0,0,0,12,6,2,12,0,0,0,1,26,48847,6,1,0,0,3,0,72,180,1,0,0,0,0,1,2015,1,2015,0,6,0,0,0,1,2,55,1,8,8,1,20,3,1,17,1,1,1,86,"777777777777","777777777777","777777777777",0,0
26,260019,2,2,3,18,1,9,52,12,6,1,0,26,2,20,401,20401,14,2002,"1GNET16S7261","1","G","N","E","T","1","6","S","7","2","6","1",0,0,0,"000000000","00000000000",0,0,0,1,0,0,0,0,0,0,0,998,0,0,0,5,6,2,12,0,0,0,1,26,48420,6,1,0,0,3,3,64,215,0,0,0,0,0,0,0,0,0,0,0,0,0,0,1,2,55,1,8,8,1,0,0,1,66,99,1,1,87,"777777777777","777777777777","777777777777",1,0
26,260020,1,1,2,14,1,20,31,1,0,1,0,26,2,98,998,98998,91,1996,"107704566","1","0","7","7","0","4","5","6","6","","","",0,0,0,"000000000","00000000000",0,0,0,1,0,0,0,0,0,0,0,998,0,2,1,0,4,3,1,0,0,0,1,26,49749,6,1,0,0,3,3,74,275,1,0,0,0,0,2,2014,2,2014,4,0,0,0,0,1,2,55,2,1,4,4,0,0,14,6,16,1,1,98,"777777777777","777777777777","777777777777",1,1
26,260021,1,1,1,19,1,19,53,8,0,1,0,26,1,37,31,37031,4,2006,"1HGFA16566L0","1","H","G","F","A","1","6","5","6","6","L","0",0,0,0,"000000000","00000000000",0,0,0,1,0,0,0,0,0,0,0,998,0,0,0,11,4,3,8,0,0,0,1,26,48315,6,1,0,0,3,3,72,165,1,0,0,1,0,9,2013,11,2014,0,0,0,0,0,2,3,50,1,1,1,1,3,3,1,80,99,1,1,13,"777777777777","777777777777","777777777777",0,0
26,260022,1,3,1,13,1,10,0,12,1,1,0,26,3,2,403,2403,14,2011,"1J4BA5H11BL6","1","J","4","B","A","5","H","1","1","B","L","6",0,0,0,"000000000","00000000000",0,0,0,1,0,0,0,0,0,0,0,998,0,0,0,12,6,2,12,0,0,0,1,26,48386,6,1,0,0,3,0,78,250,0,0,0,0,0,0,0,0,0,0,0,0,0,0,2,4,70,1,8,8,4,0,0,1,50,99,1,1,20,"777777777777","777777777777","777777777777",0,0
26,260022,2,3,2,13,1,10,0,12,1,1,0,26,1,37,402,37402,14,2010,"5J6RE4H72AL0","5","J","6","R","E","4","H","7","2","A","L","0",0,0,0,"000000000","00000000000",0,0,0,1,0,0,0,0,0,0,0,0,0,0,0,6,4,3,12,0,0,0,1,26,48442,6,1,0,0,3,0,71,160,0,0,0,0,0,0,0,0,0,0,0,0,0,0,2,4,70,1,8,8,4,3,3,5,53,1,1,1,21,"777777777777","777777777777","777777777777",1,0
26,260022,3,3,1,13,1,10,0,12,1,1,0,26,1,42,48,42048,4,2007,"WDBUF87X77X2","W","D","B","U","F","8","7","X","7","7","X","2",0,0,0,"000000000","00000000000",0,0,0,1,0,0,0,0,0,0,0,998,0,0,0,5,2,5,12,0,0,0,1,26,48356,6,1,0,0,3,0,64,113,1,0,0,0,0,9,2015,9,2015,0,0,0,0,0,2,4,70,1,8,8,4,0,0,11,53,1,1,1,98,"777777777777","777777777777","777777777777",0,0
26,260023,1,1,2,17,1,19,13,8,0,1,0,26,1,13,12,13012,4,2005,"1LNHM87A45Y6","1","L","N","H","M","8","7","A","4","5","Y","6",0,0,0,"000000000","00000000000",0,0,0,1,0,0,0,0,0,0,0,998,0,0,0,12,2,5,8,0,0,0,1,26,48131,6,1,0,0,3,3,72,210,0,0,0,0,0,0,0,0,0,9,99,99,99,99,1,2,40,1,1,2,1,0,0,1,80,99,1,1,13,"777777777777","777777777777","777777777777",0,0
26,260024,1,1,1,16,1,5,50,42,0,1,0,26,2,14,401,14401,14,2004,"4M2ZU86WX4UJ","4","M","2","Z","U","8","6","W","X","4","U","J",0,0,0,"000000000","00000000000",0,0,0,1,0,0,0,0,0,0,0,998,0,0,0,11,6,2,42,0,0,0,1,26,49221,6,1,0,0,3,0,72,190,0,0,0,1,3,11,2013,7,2015,0,6,0,0,0,1,2,55,1,1,2,1,0,0,1,12,99,1,4,6,"777777777777","777777777777","777777777777",1,0
26,260025,1,2,1,20,1,15,39,12,6,1,0,26,1,20,431,20431,16,1999,"3GNFK16R3XG2","3","G","N","F","K","1","6","R","3","X","G","2",0,0,0,"000000000","00000000000",0,0,0,1,0,0,0,0,0,0,0,998,0,0,0,9,6,2,12,0,0,0,1,26,49405,6,1,0,0,3,0,67,140,0,0,0,0,0,0,0,0,0,5,28,0,0,0,1,2,55,3,1,2,4,0,0,14,6,99,3,2,65,"777777777777","777777777777","777777777777",1,0
26,260025,2,2,1,20,1,15,39,12,6,1,0,26,3,85,881,85881,66,2009,"1XKDD40X19J2","1","X","K","D","D","4","0","X","1","9","J","2",1,1,57,"000152760","57000152760",3,6,1,1,0,0,0,0,0,0,0,998,0,0,0,12,4,3,12,0,0,0,1,26,49347,6,1,6,0,3,0,69,190,1,0,0,2,0,11,2011,11,2013,0,0,0,0,0,1,2,55,2,1,2,4,0,0,14,62,99,1,1,64,"888888888888","777777777777","777777777777",0,0
26,260026,1,2,2,22,1,8,8,12,6,1,0,26,2,49,32,49032,4,1998,"2T1BR18EXWC0","2","T","1","B","R","1","8","E","X","W","C","0",0,0,0,"000000000","00000000000",0,0,0,1,0,0,0,0,0,0,0,998,0,0,0,3,4,3,12,0,0,0,1,26,49426,6,1,0,0,3,3,68,148,0,0,0,0,0,0,0,0,0,0,28,0,0,0,5,3,55,1,2,2,10,0,0,1,6,99,4,2,64,"777777777777","777777777777","777777777777",1,0
26,260026,2,2,2,22,1,8,8,12,6,1,0,26,2,2,422,2422,15,2015,"1C4RJFAG1FC9","1","C","4","R","J","F","A","G","1","F","C","9",0,0,0,"000000000","00000000000",0,0,0,1,0,0,0,0,0,0,0,998,0,0,0,12,4,3,12,0,0,0,1,26,49426,6,1,0,0,3,3,66,150,0,0,0,0,0,0,0,0,0,0,0,0,0,0,5,3,55,1,2,2,10,0,0,1,62,1,1,1,65,"777777777777","777777777777","777777777777",0,0
26,260027,1,1,1,21,1,14,2,42,0,1,0,26,2,23,481,23481,31,1998,"1GTHK33F7WF0","1","G","T","H","K","3","3","F","7","W","F","0",0,0,0,"000000000","00000000000",0,0,0,1,0,0,0,0,0,0,0,998,0,0,0,12,6,2,42,0,0,0,1,26,49068,1,1,0,0,2,0,70,190,0,0,0,0,0,0,0,0,0,0,6,28,0,0,1,2,55,1,1,2,1,0,0,1,12,99,1,4,6,"777777777777","777777777777","777777777777",1,0