"STATE","ST_CASE","VEH_NO","VE_FORMS","NUMOCCS","DAY","MONTH","HOUR","MINUTE","HARM_EV","MAN_COLL","UNITTYPE","HIT_RUN","REG_STAT","OWNER","MAKE","MODEL","MAK_MOD","BODY_TYP","MOD_YEAR","VIN","VIN_1","VIN_2","VIN_3","VIN_4","VIN_5","VIN_6","VIN_7","VIN_8","VIN_9","VIN_10","VIN_11","VIN_12","TOW_VEH","J_KNIFE","MCARR_I1","MCARR_I2","MCARR_ID","GVWR","V_CONFIG","CARGO_BT","HAZ_INV","HAZ_PLAC","HAZ_ID","HAZ_CNO","HAZ_REL","BUS_USE","SPEC_USE","EMER_USE","TRAV_SP","UNDERIDE","ROLLOVER","ROLINLOC","IMPACT1","DEFORMED","TOWED","M_HARM","VEH_SC1","VEH_SC2","FIRE_EXP","DR_PRES","L_STATE","DR_ZIP","L_STATUS","L_TYPE","CDL_STAT","L_ENDORS","L_COMPL","L_RESTRI","DR_HGT","DR_WGT","PREV_ACC","PREV_SUS","PREV_DWI","PREV_SPD","PREV_OTH","FIRST_MO","FIRST_YR","LAST_MO","LAST_YR","SPEEDREL","DR_SF1","DR_SF2","DR_SF3","DR_SF4","VTRAFWAY","VNUM_LAN","VSPD_LIM","VALIGN","VPROFILE","VPAVETYP","VSURCOND","VTRAFCON","VTCONT_F","P_CRASH1","P_CRASH2","P_CRASH3","PCRASH4","PCRASH5","ACC_TYPE","TRLR1VIN","TRLR2VIN","TRLR3VIN","DEATHS","DR_DRINK"
26,260348,1,3,1,11,6,15,5,12,8,1,0,26,9,20,25,20025,4,2015,"1G1PC5SB3F71","1","G","1","P","C","5","S","B","3","F","7","1",0,0,0,"000000000","00000000000",0,0,0,1,0,0,0,0,0,0,0,998,0,0,0,11,6,2,12,0,0,0,1,26,48182,6,1,0,0,3,3,65,140,0,0,0,0,0,0,0,0,0,0,28,0,0,0,1,2,55,1,1,2,1,0,0,1,10,99,1,2,64,"777777777777","777777777777","777777777777",1,0
26,260348,2,3,2,11,6,15,5,12,8,1,0,26,2,12,22,12022,6,2006,"1FMZK02196GA","1","F","M","Z","K","0","2","1","9","6","G","A",0,0,0,"000000000","00000000000",0,0,0,1,0,0,0,0,0,0,0,998,0,0,0,9,6,2,12,0,0,0,1,26,49267,6,1,0,0,3,0,70,230,0,0,0,0,0,0,0,0,0,0,0,0,0,0,1,2,55,1,1,2,1,0,0,1,62,99,1,1,65,"777777777777","777777777777","777777777777",0,0
26,260348,3,3,1,11,6,15,5,12,8,1,0,39,1,35,39,35039,4,2009,"1N4AA51E39C8","1","N","4","A","A","5","1","E","3","9","C","8",0,0,0,"000000000","00000000000",0,0,0,1,0,0,0,0,0,0,0,998,0,0,0,12,6,2,12,0,0,0,1,39,43610,6,1,0,0,2,0,62,170,2,1,0,2,2,11,2012,3,2016,0,0,0,0,0,1,2,55,1,1,2,1,0,0,1,62,99,1,1,98,"777777777777","777777777777","777777777777",0,0
26,260350,1,2,1,12,6,15,0,12,2,1,0,26,1,20,471,20471,30,1994,"1GCCS14Z7RK1","1","G","C","C","S","1","4","Z","7","R","K","1",0,0,0,"000000000","00000000000",0,0,0,1,0,0,0,0,0,0,0,998,0,0,0,12,6,2,12,0,0,0,1,26,48867,6,1,0,0,3,3,68,220,1,0,0,0,0,1,2015,1,2015,0,28,0,0,0,1,2,55,1,8,2,1,0,0,1,10,99,9,2,50,"777777777777","777777777777","777777777777",1,0
26,260350,2,2,1,12,6,15,0,12,2,1,0,31,3,84,884,84884,66,2015,"3HSDJAPR2FN5","3","H","S","D","J","A","P","R","2","F","N","5",1,1,57,"000290983","57000290983",3,6,1,1,0,0,0,0,0,0,0,998,0,0,0,12,6,2,12,0,0,0,1,47,37659,6,1,6,0,3,3,68,190,0,0,0,0,0,0,0,0,0,0,0,0,0,0,1,2,55,1,8,2,1,0,0,1,62,9,2,1,51,"888888888888","777777777777","777777777777",0,0
26,260351,1,2,3,11,6,16,25,12,1,1,0,26,1,24,7,24007,4,2005,"1G8AG52F75Z1","1","G","8","A","G","5","2","F","7","5","Z","1",0,0,0,"000000000","00000000000",0,0,0,1,0,0,0,0,0,0,0,998,0,0,0,12,6,2,12,0,0,0,1,26,49441,6,1,0,0,3,3,66,135,0,0,0,0,0,0,0,0,0,0,99,99,99,99,1,2,55,1,1,2,1,0,0,1,52,99,1,1,28,"777777777777","777777777777","777777777777",1,0
26,260351,2,2,1,11,6,16,25,12,1,1,0,26,3,12,461,12461,21,2005,"1FTNE24WX5HB","1","F","T","N","E","2","4","W","X","5","H","B",0,0,0,"000000000","00000000000",0,0,0,1,0,0,0,0,0,0,0,998,0,0,0,6,2,8,12,0,0,0,1,26,49404,6,1,0,0,3,0,71,185,2,0,0,0,0,7,2013,3,2016,0,0,0,0,0,1,2,55,1,1,2,1,0,0,2,53,1,1,1,29,"777777777777","777777777777","777777777777",0,0
26,260352,1,1,1,16,6,18,26,1,0,1,0,26,1,12,24,12024,6,2013,"2FMDK4AK7DBC","2","F","M","D","K","4","A","K","7","D","B","C",0,0,0,"000000000","00000000000",0,0,0,1,0,0,0,0,0,0,0,998,0,2,5,0,6,2,1,32,0,0,1,26,49285,6,1,0,0,3,3,67,140,0,0,0,0,0,0,0,0,0,0,28,36,0,0,1,2,55,1,1,2,1,0,0,1,13,99,1,4,1,"777777777777","777777777777","777777777777",1,1
26,260353,1,1,1,3,6,3,30,17,0,1,0,26,1,76,706,76706,80,2013,"JYAVM01E4DA1","J","Y","A","V","M","0","1","E","4","D","A","1",0,0,0,"000000000","00000000000",0,0,0,1,0,0,0,0,0,0,0,998,0,0,0,12,6,2,17,0,0,0,1,26,48089,6,1,0,0,2,0,65,255,0,3,0,0,0,7,2012,7,2012,0,99,99,99,99,1,2,25,3,8,8,1,0,0,14,13,99,1,4,1,"777777777777","777777777777","777777777777",1,0
26,260354,1,1,1,4,6,15,16,1,0,1,0,26,1,72,706,72706,80,2007,"1HD1BW51X7Y0","1","H","D","1","B","W","5","1","X","7","Y","0",0,0,0,"000000000","00000000000",0,0,0,1,0,0,0,0,0,0,0,998,0,0,0,0,6,2,1,0,0,0,1,26,48637,6,1,0,0,3,3,70,275,1,0,0,0,0,6,2014,6,2014,0,99,99,99,99,1,2,55,3,8,8,1,0,0,14,13,99,1,4,1,"777777777777","777777777777","777777777777",1,1
26,260355,1,2,1,17,6,7,23,12,1,1,0,26,1,12,17,12017,4,2012,"1FAHP2FW4CG1","1","F","A","H","P","2","F","W","4","C","G","1",0,0,0,"000000000","00000000000",0,0,0,1,0,0,0,0,0,0,0,998,0,0,0,12,6,2,12,0,0,0,1,26,48236,6,1,0,0,3,0,66,146,0,0,0,0,0,0,0,0,0,0,99,99,99,99,3,6,70,1,8,8,1,0,0,1,50,99,1,1,20,"777777777777","777777777777","777777777777",0,0
26,260355,2,2,1,17,6,7,23,12,1,1,0,26,1,22,18,22018,4,2003,"1G2NE52F93C3","1","G","2","N","E","5","2","F","9","3","C","3",0,0,0,"000000000","00000000000",0,0,0,1,0,0,0,0,0,0,0,0,0,0,0,6,6,2,12,0,0,0,1,26,48197,6,1,0,0,3,0,62,215,1,0,0,0,1,3,2015,12,2015,0,99,99,99,99,3,6,70,1,8,8,1,0,0,7,53,1,1,1,21,"777777777777","777777777777","777777777777",1,0
26,260356,1,2,1,17,6,15,42,12,6,1,0,18,1,34,37,34037,4,2001,"WBAGG83461DN","W","B","A","G","G","8","3","4","6","1","D","N",0,0,0,"000000000","00000000000",0,0,0,1,0,0,0,0,0,0,0,998,0,0,0,9,6,2,12,0,0,0,1,18,46360,6,1,0,0,3,3,67,163,0,0,0,0,0,0,0,0,0,0,38,0,0,0,1,2,55,1,8,8,1,20,3,11,15,99,1,1,82,"777777777777","777777777777","777777777777",1,0
26,260356,2,2,1,17,6,15,42,12,6,1,0,17,1,87,884,87884,66,1995,"1XP5DR9X1SN3","1","X","P","5","D","R","9","X","1","S","N","3",1,1,57,"001645418","57001645418",3,6,2,1,0,0,0,0,0,0,0,998,0,0,0,12,6,2,12,0,0,0,1,17,61080,6,1,6,1,3,3,74,215,1,1,0,0,3,9,2012,5,2015,0,0,0,0,0,1,4,55,1,8,8,1,0,0,1,67,8,1,2,83,"888888888888","777777777777","777777777777",0,0
26,260357,1,1,1,18,6,19,20,34,0,1,0,26,1,24,5,24005,4,2005,"1G8JD54R55Y5","1","G","8","J","D","5","4","R","5","5","Y","5",0,0,0,"000000000","00000000000",0,0,0,1,0,0,0,0,0,0,0,998,0,1,5,11,6,2,1,0,0,0,1,26,49419,6,1,0,0,3,3,69,170,0,0,0,0,0,0,0,0,0,9,99,99,99,99,1,2,55,1,1,8,1,0,0,1,11,99,9,4,1,"777777777777","777777777777","777777777777",1,1
26,260358,1,1,2,19,6,7,55,34,0,1,0,26,2,38,403,38403,14,2000,"4S2CM57W2Y43","4","S","2","C","M","5","7","W","2","Y","4","3",0,0,0,"000000000","00000000000",0,0,0,1,0,0,0,0,0,0,0,998,0,1,5,12,6,2,1,0,0,0,1,26,49045,6,1,0,0,3,3,70,190,0,0,0,0,0,0,0,0,0,9,99,99,99,99,1,2,55,1,8,8,1,0,0,1,12,99,1,4,6,"777777777777","777777777777","777777777777",1,1
26,260359,1,1,1,19,6,3,5,34,0,1,0,26,1,12,481,12481,31,2005,"1FTPW145X5KD","1","F","T","P","W","1","4","5","X","5","K","D",0,0,0,"000000000","00000000000",0,0,0,1,0,0,0,0,0,0,0,998,0,1,5,12,6,2,42,0,0,0,1,26,49224,1,1,0,0,2,0,68,179,0,3,0,0,1,11,2012,4,2013,5,99,99,99,99,1,2,55,3,8,8,1,0,0,14,13,99,9,4,1,"777777777777","777777777777","777777777777",1,1
26,260360,1,1,1,15,6,23,7,11,0,1,0,26,1,72,706,72706,80,2012,"1HD1FCM10CB6","1","H","D","1","F","C","M","1","0","C","B","6",0,0,0,"000000000","00000000000",0,0,0,1,0,0,0,0,0,0,0,998,0,0,0,1,4,3,11,32,0,0,1,26,49058,6,1,0,0,3,0,73,240,0,0,0,0,0,0,0,0,0,0,0,0,0,0,1,2,55,1,1,2,1,0,0,1,89,99,9,1,13,"777777777777","777777777777","777777777777",1,0
26,260361,1,2,1,20,6,13,40,12,1,1,0,26,2,32,43,32043,4,2002,"WAULC58E92A1","W","A","U","L","C","5","8","E","9","2","A","1",0,0,0,"000000000","00000000000",0,0,0,1,0,0,0,0,0,0,0,0,0,0,0,6,6,2,12,0,0,0,1,26,48820,6,1,0,0,3,0,68,150,0,1,1,1,1,9,2012,1,2015,0,99,99,99,99,3,2,70,1,3,1,1,0,0,5,53,1,1,1,21,"777777777777","777777777777","777777777777",1,1
26,260361,2,2,1,20,6,13,40,12,1,1,0,26,3,82,884,82884,66,2005,"1FUJA6CK05LU","1","F","U","J","A","6","C","K","0","5","L","U",1,1,57,"000289112","57000289112",3,6,1,1,0,0,0,0,0,0,0,998,0,0,0,12,6,2,12,0,0,0,1,26,48441,6,1,6,0,3,3,70,195,0,0,0,0,1,8,2015,8,2015,0,0,0,0,0,3,2,70,1,3,1,1,0,0,1,50,99,1,1,20,"888888888888","777777777777","777777777777",0,0
26,260362,1,2,1,20,6,13,52,12,2,1,0,18,1,20,482,20482,31,2006,"3GNEK12ZX6G1","3","G","N","E","K","1","2","Z","X","6","G","1",0,0,0,"000000000","00000000000",0,0,0,1,0,0,0,0,0,0,0,998,0,0,0,12,6,2,12,0,0,0,1,18,46514,1,1,0,0,2,0,74,155,0,11,0,0,4,4,2014,7,2014,9,99,99,99,99,2,2,70,1,1,1,1,0,0,1,12,99,2,6,50,"777777777777","777777777777","777777777777",0,0
26,260362,2,2,1,20,6,13,52,12,2,1,0,26,3,12,444,12444,20,2014,"NM0LS7F7XE11","N","M","0","L","S","7","F","7","X","E","1","1",0,0,0,"000000000","00000000000",0,0,0,1,0,0,0,0,0,0,0,998,0,0,0,12,6,2,12,0,0,0,1,26,49060,6,1,0,0,3,0,73,260,0,0,0,0,0,0,0,0,0,0,0,0,0,0,2,2,70,1,1,1,1,0,0,1,64,99,1,1,51,"777777777777","777777777777","777777777777",1,0
26,260363,1,2,2,21,6,11,44,12,1,1,0,22,1,72,706,72706,80,2008,"1HD1FC4158Y6","1","H","D","1","F","C","4","1","5","8","Y","6",0,0,0,"000000000","00000000000",0,0,0,1,0,0,0,0,0,0,0,998,0,0,0,12,2,3,12,0,0,0,1,22,70668,6,1,6,0,3,0,74,210,0,0,0,0,0,0,0,0,0,0,99,99,99,99,2,2,55,1,1,2,1,3,3,1,50,16,1,1,20,"777777777777","777777777777","777777777777",1,0
26,260363,2,2,2,21,6,11,44,12,1,1,0,26,1,20,481,20481,31,2008,"1GCEK19JX8E1","1","G","C","E","K","1","9","J","X","8","E","1",0,0,0,"000000000","00000000000",0,0,0,1,0,0,0,0,0,0,0,0,0,0,0,6,2,8,12,0,0,0,1,26,49408,6,1,0,0,3,0,67,170,0,0,0,0,0,0,0,0,0,0,0,0,0,0,1,2,55,1,1,2,1,3,3,5,53,1,1,1,21,"777777777777","777777777777","777777777777",0,0
26,260364,1,1,1,16,6,8,45,9,0,1,0,18,3,82,881,82881,66,2000,"1FUPCDYB0YLG","1","F","U","P","C","D","Y","B","0","Y","L","G",1,1,57,"000321844","57000321844",3,6,97,1,0,0,0,0,0,0,0,998,0,0,0,99,2,5,9,0,0,0,1,39,43431,6,1,6,0,3,0,77,320,1,0,0,0,1,11,2013,11,2013,0,0,0,0,0,1,6,35,1,1,1,1,0,0,1,83,99,1,1,13,"888888888888","777777777777","777777777777",0,0
26,260365,1,2,4,21,6,16,46,12,1,1,0,26,2,12,401,12401,14,2003,"1FMDU75WX3ZA","1","F","M","D","U","7","5","W","X","3","Z","A",0,0,0,"000000000","00000000000",0,0,0,1,0,0,0,0,0,0,0,998,0,0,0,12,6,2,12,0,0,0,1,26,49648,6,1,0,0,3,3,67,180,1,0,0,0,0,2,2015,2,2015,0,6,0,0,0,1,2,55,1,1,2,1,0,0,1,50,7,1,1,20,"777777777777","777777777777","777777777777",1,0
26,260365,2,2,2,21,6,16,46,12,1,1,0,26,1,20,481,20481,31,2002,"1GCHK29U52E2","1","G","C","H","K","2","9","U","5","2","E","2",0,0,0,"000000000","00000000000",0,0,0,1,0,0,0,0,0,0,0,0,0,0,0,6,6,2,12,0,0,0,1,26,49010,6,1,0,0,3,0,71,190,1,0,0,0,0,4,2013,4,2013,0,0,0,0,0,1,2,55,1,1,2,1,0,0,5,53,1,1,1,21,"777777777777","777777777777","777777777777",0,0
26,260366,1,1,1,24,6,22,42,34,0,1,0,26,1,76,705,76705,80,2007,"JYARJ12E87A0","J","Y","A","R","J","1","2","E","8","7","A","0",0,0,0,"000000000","00000000000",0,0,0,1,0,0,0,0,0,0,0,998,0,0,0,12,6,2,42,0,0,0,1,26,48423,6,1,0,0,3,0,72,120,0,0,0,4,0,2,2015,12,2015,5,99,99,99,99,1,2,45,1,1,2,1,0,0,1,13,99,9,4,1,"777777777777","777777777777","777777777777",1,0
26,260367,1,2,3,22,6,13,45,12,6,1,0,26,2,20,37,20037,4,2002,"1G1ND52J32M6","1","G","1","N","D","5","2","J","3","2","M","6",0,0,0,"000000000","00000000000",0,0,0,1,0,0,0,0,0,0,0,998,0,0,0,3,6,2,12,0,0,0,1,26,49004,0,0,0,0,0,0,68,120,0,0,0,0,0,0,0,0,0,0,39,0,0,0,5,5,55,1,2,2,1,3,3,11,15,99,1,1,68,"777777777777","777777777777","777777777777",1,1
26,260367,2,2,1,22,6,13,45,12,6,1,0,26,1,23,472,23472,30,2007,"1GTDT19E7781","1","G","T","D","T","1","9","E","7","7","8","1",0,0,0,"000000000","00000000000",0,0,0,1,0,0,0,0,0,0,0,998,0,0,0,12,6,2,12,0,0,0,1,26,49048,6,1,0,0,3,0,71,230,1,0,0,2,0,12,2013,3,2015,0,0,0,0,0,5,5,55,1,2,2,1,0,0,1,62,99,1,1,69,"777777777777","777777777777","777777777777",0,0
26,260368,1,1,1,25,6,7,6,53,0,1,0,26,3,52,882,52882,62,2012,"JL6BNK1A6CK0","J","L","6","B","N","K","1","A","6","C","K","0",0,0,57,"001865656","57001865656",2,1,1,1,0,0,0,0,0,0,0,998,0,0,0,11,6,2,42,0,0,0,1,26,49097,6,1,0,0,3,0,73,224,0,0,0,1,0,3,2016,3,2016,9,99,99,99,99,1,2,55,1,1,2,1,0,0,1,12,99,1,4,6,"777777777777","777777777777","777777777777",1,0
26,260369,1,1,1,22,6,23,7,42,0,1,0,39,1,63,37,63037,6,2010,"KNDJT2A13A71","K","N","D","J","T","2","A","1","3","A","7","1",0,0,0,"000000000","00000000000",0,0,0,1,0,0,0,0,0,0,0,998,0,0,0,11,6,2,42,0,0,0,1,39,44004,6,1,0,0,3,0,69,140,0,0,1,0,0,4,2015,4,2015,0,99,99,99,99,3,2,70,4,1,1,1,0,0,14,12,99,1,4,6,"777777777777","777777777777","777777777777",1,0
26,260370,1,3,1,24,6,10,31,12,6,1,0,26,1,22,22,22022,2,2008,"1G2ZH17N0841","1","G","2","Z","H","1","7","N","0","8","4","1",0,0,0,"000000000","00000000000",0,0,0,1,0,0,0,0,0,0,0,998,0,0,0,12,6,2,12,0,0,0,1,26,48141,6,1,0,0,3,3,66,150,0,0,0,0,0,0,0,0,0,0,39,0,0,0,5,5,98,1,1,1,1,3,3,1,17,99,1,1,88,"777777777777","777777777777","777777777777",0,0
26,260370,2,3,1,24,6,10,31,12,6,1,0,26,1,20,403,20403,14,2005,"1GNDS13S2521","1","G","N","D","S","1","3","S","2","5","2","1",0,0,0,"000000000","00000000000",0,0,0,1,0,0,0,0,0,0,0,998,0,1,1,11,6,2,12,0,0,0,1,26,48656,6,1,6,0,3,0,65,180,0,0,0,1,0,10,2015,10,2015,0,0,0,0,0,5,5,98,1,8,8,1,3,3,1,66,99,1,1,89,"777777777777","777777777777","777777777777",1,0
26,260370,3,3,2,24,6,10,31,12,6,1,0,26,1,23,422,23422,15,2008,"1GKFK163X8J2","1","G","K","F","K","1","6","3","X","8","J","2",0,0,0,"000000000","00000000000",0,0,0,1,0,0,0,0,0,0,0,0,0,0,0,12,2,3,12,0,0,0,1,26,48180,6,1,0,0,3,0,65,205,1,0,0,0,0,10,2014,10,2014,0,0,0,0,0,5,5,98,1,1,1,1,3,3,5,62,1,1,1,98,"777777777777","777777777777","777777777777",0,0
26,260371,1,2,2,26,6,14,37,12,6,1,0,26,1,20,4,20004,2,1984,"1G1AY0780E51","1","G","1","A","Y","0","7","8","0","E","5","1",0,0,0,"000000000","00000000000",0,0,0,1,0,0,0,0,0,0,0,998,0,1,5,3,6,2,12,0,0,0,1,26,48650,6,1,6,0,3,0,70,205,0,0,0,0,0,0,0,0,0,0,0,0,0,0,1,2,55,1,8,8,1,0,0,1,66,99,1,1,87,"777777777777","777777777777","777777777777",2,0
26,260371,2,2,2,26,6,14,37,12,6,1,0,26,2,20,481,20481,31,2011,"3GCPKSE34BG3","3","G","C","P","K","S","E","3","4","B","G","3",0,0,0,"000000000","00000000000",0,0,0,1,0,0,0,0,0,0,0,998,0,1,5,12,6,2,12,0,0,0,1,26,48706,6,1,0,0,3,0,70,140,1,0,0,0,0,6,2014,6,2014,0,39,0,0,0,1,2,55,1,1,1,1,20,3,1,17,99,1,1,86,"777777777777","777777777777","777777777777",0,0
26,260372,1,2,1,25,6,12,7,12,6,1,0,26,1,2,404,2404,14,1994,"1J4GZ58S0RC2","1","J","4","G","Z","5","8","S","0","R","C","2",0,0,0,"000000000","00000000000",0,0,0,1,0,0,0,0,0,0,0,998,0,1,5,12,6,2,12,0,0,0,1,26,49426,6,1,0,0,3,0,73,160,0,2,0,2,1,11,2014,2,2015,0,0,0,0,0,1,2,98,1,8,8,1,0,0,1,66,99,1,1,88,"777777777777","777777777777","777777777777",0,0
26,260372,2,2,3,25,6,12,7,12,6,1,0,99,9,20,444,20444,20,2005,"1GNDX33L15D2","1","G","N","D","X","3","3","L","1","5","D","2",0,0,0,"000000000","00000000000",0,0,0,1,0,0,0,0,0,0,0,998,0,1,6,9,6,2,12,0,0,0,1,26,49451,6,1,0,0,3,0,65,115,0,0,0,1,0,11,2015,11,2015,0,39,0,0,0,1,2,55,1,1,1,1,20,3,1,17,99,1,1,89,"777777777777","777777777777","777777777777",1,0
26,260373,1,2,1,25,6,14,45,12,6,1,0,26,1,24,1,24001,4,2001,"1G8ZK547X1Z2","1","G","8","Z","K","5","4","7","X","1","Z","2",0,0,0,"000000000","00000000000",0,0,0,1,0,0,0,0,0,0,0,998,0,0,0,9,6,2,12,0,0,0,1,26,49009,6,1,0,0,3,3,63,140,0,0,0,0,0,0,0,0,0,0,39,0,0,0,1,2,55,1,8,8,1,20,3,1,17,99,1,1,89,"777777777777","777777777777","777777777777",1,0
26,260373,2,2,2,25,6,14,45,12,6,1,0,26,1,18,23,18023,4,2008,"1G4HD57278U2","1","G","4","H","D","5","7","2","7","8","U","2",0,0,0,"000000000","00000000000",0,0,0,1,0,0,0,0,0,0,0,998,0,0,0,12,6,2,12,0,0,0,1,26,49072,6,1,0,0,3,3,72,179,0,0,0,0,0,0,0,0,0,0,0,0,0,0,1,2,55,1,1,2,1,0,0,1,66,99,1,1,88,"777777777777","777777777777","777777777777",0,0
26,260374,1,2,2,26,6,16,25,12,6,1,0,26,2,20,37,20037,4,2010,"1G1ZB5EB5AF3","1","G","1","Z","B","5","E","B","5","A","F","3",0,0,0,"000000000","00000000000",0,0,0,1,0,0,0,0,0,0,0,998,0,0,0,3,6,2,12,0,0,0,1,26,48733,6,1,0,0,3,0,68,210,0,0,0,0,0,0,0,0,0,0,0,0,0,0,1,2,55,1,1,2,1,0,0,1,66,99,1,1,87,"777777777777","777777777777","777777777777",1,0
26,260374,2,2,1,26,6,16,25,12,6,1,0,26,1,55,35,55035,4,2005,"KMHDN56D45U1","K","M","H","D","N","5","6","D","4","5","U","1",0,0,0,"000000000","00000000000",0,0,0,1,0,0,0,0,0,0,0,998,0,0,0,12,6,2,12,0,0,0,1,26,48708,6,1,0,0,3,0,65,175,1,0,0,2,0,9,2013,10,2015,0,38,0,0,0,1,2,55,1,8,8,1,21,3,1,17,99,1,1,86,"777777777777","777777777777","777777777777",0,0
26,260375,1,2,1,23,6,0,8,12,2,1,0,26,1,20,481,20481,31,2016,"1GCVKREH6GZ2","1","G","C","V","K","R","E","H","6","G","Z","2",0,0,0,"000000000","00000000000",0,0,0,1,0,0,0,0,0,0,0,998,0,0,0,12,6,2,12,0,0,0,1,26,48239,6,1,0,0,3,0,61,105,1,2,0,2,0,6,2012,2,2015,0,28,0,0,0,1,4,40,1,8,8,1,0,0,1,10,99,1,1,50,"777777777777","777777777777","777777777777",0,1
26,260375,2,2,2,23,6,0,8,12,2,1,0,26,2,20,431,20431,16,1999,"3GNFK16R5XG1","3","G","N","F","K","1","6","R","5","X","G","1",0,0,0,"000000000","00000000000",0,0,0,1,0,0,0,0,0,0,0,998,0,0,0,12,6,2,12,0,0,0,1,26,48141,1,1,0,0,2,0,74,225,0,10,0,1,3,6,2012,2,2016,0,0,0,0,0,1,4,40,1,8,8,1,0,0,1,62,99,1,1,51,"777777777777","777777777777","777777777777",1,0
26,260376,1,1,1,25,6,22,51,34,0,1,0,26,1,72,706,72706,80,1999,"1HD1FRW18XY6","1","H","D","1","F","R","W","1","8","X","Y","6",0,0,0,"000000000","00000000000",0,0,0,1,0,0,0,0,0,0,0,998,0,0,0,12,2,3,1,0,0,0,1,26,49744,6,1,0,0,3,3,71,175,0,0,1,0,1,10,2014,9,2015,9,99,99,99,99,1,4,55,1,1,2,1,0,0,1,13,99,2,4,2,"777777777777","777777777777","777777777777",1,1
26,260377,1,1,1,24,6,22,9,8,0,1,0,26,2,18,2,18002,4,2001,"1G4HR54K41U1","1","G","4","H","R","5","4","K","4","1","U","1",0,0,0,"000000000","00000000000",0,0,0,1,0,0,0,0,0,0,0,998,0,0,0,11,6,8,8,0,0,0,1,26,48206,1,1,0,0,2,0,68,205,0,1,0,1,0,3,2014,6,2014,0,0,0,0,0,5,5,45,1,8,1,1,4,3,1,80,99,1,1,13,"777777777777","777777777777","777777777777",0,0
26,260379,1,1,1,25,6,1,30,1,0,1,0,26,1,76,706,76706,80,2011,"JYAVP33EXBA0","J","Y","A","V","P","3","3","E","X","B","A","0",0,0,0,"000000000","00000000000",0,0,0,1,0,0,0,0,0,0,0,998,0,0,0,0,6,2,1,0,0,0,1,26,48829,6,1,0,0,3,0,71,163,0,1,1,5,0,3,2014,6,2016,0,99,99,99,99,1,2,55,2,2,2,99,0,0,14,98,99,2,4,7,"777777777777","777777777777","777777777777",1,1
26,260380,1,1,2,9,6,2,19,42,0,1,0,55,1,20,403,20403,14,2005,"1GNDT13S9522","1","G","N","D","T","1","3","S","9","5","2","2",0,0,0,"000000000","00000000000",0,0,0,1,0,0,0,0,0,0,0,998,0,0,0,3,6,2,42,0,0,0,1,55,54303,6,1,0,0,3,0,66,130,0,0,0,1,0,1,2015,1,2015,0,6,0,0,0,1,2,98,1,8,5,1,0,0,1,13,99,9,4,1,"777777777777","777777777777","777777777777",1,1
26,260381,1,2,1,28,6,12,13,12,1,1,0,26,1,20,2,20002,4,2003,"2G1WF52E7392","2","G","1","W","F","5","2","E","7","3","9","2",0,0,0,"000000000","00000000000",0,0,0,1,0,0,0,0,0,0,0,998,0,0,0,12,6,2,12,0,0,0,1,26,49055,6,1,0,0,3,0,63,140,0,1,0,2,1,1,2013,10,2015,0,99,99,99,99,3,2,70,1,8,2,1,0,0,1,52,1,1,1,28,"777777777777","777777777777","777777777777",1,0
26,260381,2,2,1,28,6,12,13,12,1,1,0,26,3,82,884,82884,66,2012,"1FUJGLDR6CSB","1","F","U","J","G","L","D","R","6","C","S","B",1,1,57,"005811361","57005811361",3,6,1,1,0,0,0,0,0,0,0,998,0,0,0,6,6,2,12,0,0,0,1,26,49310,6,1,6,0,3,0,78,230,1,0,0,3,0,3,2013,4,2015,0,0,0,0,0,3,2,70,1,8,2,1,0,0,2,53,1,1,1,29,"888888888888","777777777777","777777777777",0,0
26,260382,1,2,2,25,6,3,0,12,2,1,0,26,9,20,431,20431,16,2001,"3GNEC16T51G2","3","G","N","E","C","1","6","T","5","1","G","2",0,0,0,"000000000","00000000000",0,0,0,1,0,0,0,0,0,0,0,998,0,0,0,12,6,2,12,0,0,0,1,26,48234,0,0,0,0,0,0,72,180,0,16,0,0,9,12,2011,6,2016,9,99,99,99,99,1,2,30,1,8,8,1,0,0,1,67,6,9,2,83,"777777777777","777777777777","777777777777",2,1
26,260382,2,2,99,25,6,3,0,12,2,1,1,99,9,2,404,2404,14,2001,"1J4GW48S71C5","1","J","4","G","W","4","8","S","7","1","C","5",0,0,0,"000000000","00000000000",0,0,0,1,0,0,0,0,0,0,0,998,0,0,0,12,6,2,12,0,0,0,1,99,99999,9,9,99,9,9,9,999,999,99,99,99,99,99,99,9999,99,9999,9,99,99,99,99,1,2,98,1,8,8,98,20,3,11,15,99,9,3,82,"777777777777","777777777777","777777777777",0,0
26,260383,1,1,1,12,6,2,26,42,0,1,0,26,2,72,706,72706,80,2010,"1HD1KEM12AB6","1","H","D","1","K","E","M","1","2","A","B","6",0,0,0,"000000000","00000000000",0,0,0,1,0,0,0,0,0,0,0,998,0,0,0,12,6,2,42,0,0,0,1,26,48159,2,1,0,0,2,3,72,200,0,0,0,0,0,0,0,0,0,5,99,99,99,99,1,2,45,3,8,8,1,0,0,14,13,99,1,4,1,"777777777777","777777777777","777777777777",1,0