"STATE","ST_CASE","VEH_NO","VE_FORMS","NUMOCCS","DAY","MONTH","HOUR","MINUTE","HARM_EV","MAN_COLL","UNITTYPE","HIT_RUN","REG_STAT","OWNER","MAKE","MODEL","MAK_MOD","BODY_TYP","MOD_YEAR","VIN","VIN_1","VIN_2","VIN_3","VIN_4","VIN_5","VIN_6","VIN_7","VIN_8","VIN_9","VIN_10","VIN_11","VIN_12","TOW_VEH","J_KNIFE","MCARR_I1","MCARR_I2","MCARR_ID","GVWR","V_CONFIG","CARGO_BT","HAZ_INV","HAZ_PLAC","HAZ_ID","HAZ_CNO","HAZ_REL","BUS_USE","SPEC_USE","EMER_USE","TRAV_SP","UNDERIDE","ROLLOVER","ROLINLOC","IMPACT1","DEFORMED","TOWED","M_HARM","VEH_SC1","VEH_SC2","FIRE_EXP","DR_PRES","L_STATE","DR_ZIP","L_STATUS","L_TYPE","CDL_STAT","L_ENDORS","L_COMPL","L_RESTRI","DR_HGT","DR_WGT","PREV_ACC","PREV_SUS","PREV_DWI","PREV_SPD","PREV_OTH","FIRST_MO","FIRST_YR","LAST_MO","LAST_YR","SPEEDREL","DR_SF1","DR_SF2","DR_SF3","DR_SF4","VTRAFWAY","VNUM_LAN","VSPD_LIM","VALIGN","VPROFILE","VPAVETYP","VSURCOND","VTRAFCON","VTCONT_F","P_CRASH1","P_CRASH2","P_CRASH3","PCRASH4","PCRASH5","ACC_TYPE","TRLR1VIN","TRLR2VIN","TRLR3VIN","DEATHS","DR_DRINK"
26,260384,1,1,99,27,6,21,10,9,0,1,1,26,1,20,25,20025,4,2012,"1G1PF5SC4C71","1","G","1","P","F","5","S","C","4","C","7","1",0,0,0,"000000000","00000000000",0,0,0,1,0,0,0,0,0,0,0,998,0,0,0,12,4,8,9,0,0,0,1,26,48203,6,1,0,0,3,0,64,172,2,0,0,1,0,11,2014,4,2016,0,38,0,0,0,5,5,98,1,8,8,1,0,0,1,83,99,1,1,13,"777777777777","777777777777","777777777777",0,0
26,260385,1,2,2,30,6,11,14,12,6,1,0,26,1,42,42,42042,4,2001,"WDBRF64JX1F1","W","D","B","R","F","6","4","J","X","1","F","1",0,0,0,"000000000","00000000000",0,0,0,1,0,0,0,0,0,0,0,998,0,0,0,9,6,2,12,0,0,0,1,26,49085,6,1,0,0,3,0,67,165,0,0,0,0,0,0,0,0,0,0,38,0,0,0,1,2,55,1,1,2,1,20,3,1,17,99,1,1,89,"777777777777","777777777777","777777777777",2,0
26,260385,2,2,1,30,6,11,14,12,6,1,0,5,2,35,47,35047,4,2004,"1N4AL11D34C1","1","N","4","A","L","1","1","D","3","4","C","1",0,0,0,"000000000","00000000000",0,0,0,1,0,0,0,0,0,0,0,998,0,0,0,12,6,2,12,0,0,0,1,5,72756,6,1,0,0,3,0,68,165,0,0,0,0,0,0,0,0,0,0,0,0,0,0,1,2,55,1,8,8,1,0,0,1,66,99,1,1,88,"777777777777","777777777777","777777777777",0,0
26,260386,1,1,1,11,6,0,14,8,0,1,0,26,1,20,481,20481,31,2000,"1GCEK19T7YE2","1","G","C","E","K","1","9","T","7","Y","E","2",0,0,0,"000000000","00000000000",0,0,0,1,0,0,0,0,0,0,0,998,0,0,0,11,2,8,8,0,0,0,1,26,48228,6,1,0,0,3,3,73,220,0,0,0,0,0,0,0,0,0,0,36,0,0,0,5,7,40,1,8,8,1,0,0,1,80,16,1,1,13,"777777777777","777777777777","777777777777",0,1
26,260387,1,2,1,29,6,0,20,12,2,1,0,26,1,13,1,13001,4,1993,"1LNLM82WXPY6","1","L","N","L","M","8","2","W","X","P","Y","6",0,0,0,"000000000","00000000000",0,0,0,1,0,0,0,0,0,0,0,998,0,0,0,12,6,2,12,0,0,0,1,26,48316,6,1,0,0,3,0,59,140,0,0,0,0,0,0,0,0,0,0,51,0,0,0,2,2,70,1,1,1,1,0,0,1,54,99,1,1,52,"777777777777","777777777777","777777777777",1,0
26,260387,2,2,1,29,6,0,20,12,2,1,0,26,1,20,25,20025,4,2016,"1G1PE5SB0G72","1","G","1","P","E","5","S","B","0","G","7","2",0,0,0,"000000000","00000000000",0,0,0,1,0,0,0,0,0,0,0,998,0,0,0,12,6,8,12,0,0,0,1,26,48467,6,1,0,0,3,3,73,250,3,0,0,0,0,5,2013,4,2016,0,0,0,0,0,2,2,70,1,1,1,1,0,0,1,54,99,1,1,52,"777777777777","777777777777","777777777777",0,0
26,260388,1,2,1,28,6,17,25,12,6,1,0,26,1,20,481,20481,31,2002,"2GCEC19VX212","2","G","C","E","C","1","9","V","X","2","1","2",0,0,0,"000000000","00000000000",0,0,0,1,0,0,0,0,0,0,0,998,0,0,0,9,6,2,12,32,0,0,1,26,49677,6,1,0,0,3,0,74,235,3,0,0,0,2,3,2014,2,2016,0,38,0,0,0,1,2,55,1,1,1,1,20,3,1,17,99,1,1,89,"777777777777","777777777777","777777777777",1,0
26,260388,2,2,3,28,6,17,25,12,6,1,0,26,1,49,403,49403,14,2005,"JTEEP21AX500","J","T","E","E","P","2","1","A","X","5","0","0",0,0,0,"000000000","00000000000",0,0,0,1,0,0,0,0,0,0,0,998,0,0,0,12,6,2,12,0,0,0,1,26,49307,6,1,0,0,3,3,61,150,1,0,0,0,0,11,2014,11,2014,0,0,0,0,0,1,2,98,1,8,8,1,0,0,1,66,1,1,1,88,"777777777777","777777777777","777777777777",0,0
26,260389,1,2,2,29,6,20,42,12,6,1,0,26,1,49,50,49050,3,2005,"JTKKT6242501","J","T","K","K","T","6","2","4","2","5","0","1",0,0,0,"000000000","00000000000",0,0,0,1,0,0,0,0,0,0,0,998,0,0,0,11,6,2,12,0,0,0,1,26,49676,6,1,0,0,3,3,69,185,0,0,0,1,0,7,2013,7,2013,0,38,0,0,0,0,0,0,0,0,0,0,0,0,4,19,99,1,1,89,"777777777777","777777777777","777777777777",1,0
26,260389,2,2,1,29,6,20,42,12,6,1,0,26,1,6,441,6441,20,2005,"2C4GP54L65R4","2","C","4","G","P","5","4","L","6","5","R","4",0,0,0,"000000000","00000000000",0,0,0,1,0,0,0,0,0,0,0,998,0,0,0,12,6,2,12,0,0,0,1,26,49629,6,1,0,0,3,3,70,250,1,0,0,0,0,6,2014,6,2014,0,0,0,0,0,1,2,55,1,1,2,1,0,0,1,71,99,1,1,88,"777777777777","777777777777","777777777777",0,0
26,260390,1,2,2,20,6,17,44,12,6,1,0,26,2,19,17,19017,4,2000,"W06VR54RXYR1","W","0","6","V","R","5","4","R","X","Y","R","1",0,0,0,"000000000","00000000000",0,0,0,1,0,0,0,0,0,0,0,998,0,1,9,9,6,2,12,0,0,0,1,26,49014,6,2,0,0,3,0,68,170,0,0,0,1,1,12,2015,12,2015,0,39,0,0,0,1,2,98,1,8,8,1,20,3,1,17,99,1,1,89,"777777777777","777777777777","777777777777",1,0
26,260390,2,2,1,20,6,17,44,12,6,1,0,26,1,7,482,7482,31,2005,"3D7KR28C85G7","3","D","7","K","R","2","8","C","8","5","G","7",0,0,0,"000000000","00000000000",0,0,0,1,0,0,0,0,0,0,0,998,0,0,0,12,6,2,12,0,0,0,1,26,49096,6,1,0,0,3,3,69,170,3,0,0,0,0,3,2012,9,2015,0,0,0,0,0,1,4,45,1,8,8,1,0,0,1,66,1,1,1,88,"777777777777","777777777777","777777777777",0,0
26,260391,1,3,1,30,6,15,6,33,0,1,0,26,3,12,481,12481,31,2013,"1FTFW1EF6DFB","1","F","T","F","W","1","E","F","6","D","F","B",0,0,0,"000000000","00000000000",0,0,0,1,0,0,0,0,0,0,0,998,0,0,0,12,6,2,12,0,0,0,1,26,49316,6,1,0,0,3,0,70,175,1,0,1,1,0,12,2012,7,2015,0,99,99,99,99,1,2,98,1,8,8,1,20,3,1,17,99,1,4,1,"777777777777","777777777777","777777777777",0,0
26,260391,2,3,2,30,6,15,6,33,0,1,0,26,2,6,52,6052,6,2006,"3A4FY48B76T3","3","A","4","F","Y","4","8","B","7","6","T","3",0,0,0,"000000000","00000000000",0,0,0,1,0,0,0,0,0,0,0,998,0,0,0,11,6,2,12,0,0,0,1,26,49464,6,1,0,0,3,3,72,400,0,0,0,0,0,0,0,0,0,0,0,0,0,0,2,2,45,1,1,2,1,3,3,1,66,99,1,1,98,"777777777777","777777777777","777777777777",1,0
26,260391,3,3,7,30,6,15,6,33,0,1,0,26,2,20,461,20461,21,2011,"1GBWGLCGXB11","1","G","B","W","G","L","C","G","X","B","1","1",0,0,0,"000000000","00000000000",0,0,0,1,0,0,0,0,0,0,0,998,0,0,0,1,6,2,12,0,0,0,1,26,49509,6,1,0,0,3,3,70,250,0,0,0,0,0,0,0,0,0,0,0,0,0,0,2,2,45,1,1,2,1,0,0,1,66,99,1,1,98,"777777777777","777777777777","777777777777",0,0
26,260392,1,1,2,27,6,13,20,42,0,1,0,26,2,12,401,12401,14,2003,"1FMDU73W63ZA","1","F","M","D","U","7","3","W","6","3","Z","A",0,0,0,"000000000","00000000000",0,0,0,1,0,0,0,0,0,0,0,998,0,0,0,12,6,2,42,0,0,0,1,26,48382,6,1,0,0,3,0,72,180,1,0,0,1,0,4,2013,9,2015,9,99,99,99,99,3,2,70,1,8,8,1,0,0,1,10,99,2,4,2,"777777777777","777777777777","777777777777",1,0
26,260393,1,1,1,21,6,12,15,14,0,1,0,26,1,52,34,52034,4,2004,"4A3AB46F74E0","4","A","3","A","B","4","6","F","7","4","E","0",0,0,0,"000000000","00000000000",0,0,0,1,0,0,0,0,0,0,0,998,0,0,0,12,6,2,14,0,0,0,1,26,48206,6,1,0,0,3,0,66,172,0,0,0,1,1,5,2013,5,2013,0,0,0,0,0,3,3,55,1,8,2,1,0,0,1,13,1,1,4,1,"777777777777","777777777777","777777777777",0,0
26,260394,1,1,1,28,6,15,35,25,0,1,0,26,1,12,481,12481,31,2015,"1FTEW1EG6FFB","1","F","T","E","W","1","E","G","6","F","F","B",0,0,0,"000000000","00000000000",0,0,0,1,0,0,0,0,0,0,0,998,0,0,0,10,4,3,14,0,0,0,1,26,48309,6,1,0,0,3,3,71,195,2,0,0,0,1,11,2014,1,2016,5,99,99,99,99,3,4,98,1,8,1,1,0,0,1,9,99,2,4,7,"777777777777","777777777777","777777777777",0,0
26,260395,1,1,1,30,6,4,5,8,0,1,0,93,3,85,881,85881,66,2002,"1XKDDB0X02J8","1","X","K","D","D","B","0","X","0","2","J","8",1,1,57,"001172315","57001172315",3,6,8,1,0,0,0,0,0,0,0,998,0,0,0,12,2,5,8,0,0,0,1,26,49657,6,1,6,1,3,0,71,260,0,0,0,1,0,9,2014,9,2014,0,0,0,0,0,1,4,55,1,1,2,1,0,0,1,80,16,2,1,13,"888888888888","777777777777","777777777777",0,0
26,260396,1,2,1,28,6,20,52,12,6,1,0,0,0,98,703,98703,83,9999,"999999999999","9","9","9","9","9","9","9","9","9","9","9","9",0,0,0,"000000000","00000000000",0,0,0,1,0,0,0,0,0,0,0,998,0,0,0,12,6,2,12,0,0,0,1,26,49240,6,1,0,0,1,0,68,140,3,3,0,3,3,12,2012,5,2016,0,38,0,0,0,1,2,98,1,8,8,1,20,3,1,17,99,1,1,86,"777777777777","777777777777","777777777777",1,0
26,260396,2,2,1,28,6,20,52,12,6,1,1,99,9,99,499,99499,21,9999,"999999999999","9","9","9","9","9","9","9","9","9","9","9","9",9,0,0,"000000000","00000000000",0,0,0,1,0,0,0,0,0,0,0,998,0,0,0,5,9,5,12,0,0,0,1,99,99999,9,9,99,9,9,9,999,999,99,99,99,99,99,99,9999,99,9999,0,0,0,0,0,1,2,98,1,8,8,1,0,0,1,66,99,1,1,87,"777777777777","777777777777","777777777777",0,0
26,260397,1,1,1,29,6,21,18,11,0,1,0,26,1,72,706,72706,80,1999,"1HD1FHW10XY6","1","H","D","1","F","H","W","1","0","X","Y","6",0,0,0,"000000000","00000000000",0,0,0,1,0,0,0,0,0,0,0,998,0,0,0,12,6,2,1,0,0,0,1,26,48634,6,1,0,0,3,0,72,195,1,0,0,0,0,9,2012,9,2012,0,0,0,0,0,1,2,55,1,8,8,1,0,0,1,89,99,9,1,13,"777777777777","777777777777","777777777777",1,0
26,260398,1,2,1,13,6,12,7,12,2,1,0,26,2,49,40,49040,4,2012,"4T1BF1FK9CU6","4","T","1","B","F","1","F","K","9","C","U","6",0,0,0,"000000000","00000000000",0,0,0,1,0,0,0,0,0,0,0,998,0,0,0,12,6,2,12,0,0,0,1,26,48315,6,1,0,0,3,3,65,130,0,0,0,0,0,0,0,0,0,9,28,0,0,0,1,2,40,1,1,2,1,0,0,1,10,99,1,2,50,"777777777777","777777777777","777777777777",0,0
26,260398,2,2,1,13,6,12,7,12,2,1,0,26,1,12,21,12021,4,2007,"1FAHP25147G1","1","F","A","H","P","2","5","1","4","7","G","1",0,0,0,"000000000","00000000000",0,0,0,1,0,0,0,0,0,0,0,998,0,0,0,12,6,2,12,0,0,0,1,26,48316,6,1,0,0,3,0,73,191,0,0,0,0,0,0,0,0,0,0,0,0,0,0,1,2,40,1,1,2,1,0,0,1,62,99,1,1,51,"777777777777","777777777777","777777777777",1,0
26,260399,1,2,1,30,6,15,43,12,6,1,0,26,2,12,23,12023,4,2008,"3FAHP07Z18R2","3","F","A","H","P","0","7","Z","1","8","R","2",0,0,0,"000000000","00000000000",0,0,0,1,0,0,0,0,0,0,0,998,0,0,0,1,6,2,12,0,0,0,1,26,48188,6,1,0,0,3,0,66,200,0,0,0,0,0,0,0,0,0,0,38,0,0,0,1,4,35,1,1,1,1,2,3,11,15,1,1,1,68,"777777777777","777777777777","777777777777",0,0
26,260399,2,2,1,30,6,15,43,12,6,1,0,26,1,72,706,72706,80,2002,"1HD1FFW112Y6","1","H","D","1","F","F","W","1","1","2","Y","6",0,0,0,"000000000","00000000000",0,0,0,1,0,0,0,0,0,0,0,998,0,0,0,12,6,2,12,0,0,0,1,26,48843,6,1,0,0,3,3,72,187,0,0,0,0,0,0,0,0,0,0,0,0,0,0,1,4,35,1,1,1,1,2,3,1,62,99,1,1,69,"777777777777","777777777777","777777777777",1,0
26,260400,1,1,1,7,6,18,32,9,0,1,1,26,1,20,481,20481,31,1996,"1GCEK14RXTZ1","1","G","C","E","K","1","4","R","X","T","Z","1",0,0,0,"000000000","00000000000",0,0,0,1,0,0,0,0,0,0,0,998,0,0,0,12,0,3,9,0,0,0,1,26,49017,6,1,0,0,3,0,72,200,0,0,0,0,0,0,0,0,0,0,36,0,0,0,1,2,35,1,2,2,1,0,0,1,83,99,1,1,13,"777777777777","777777777777","777777777777",0,0
26,260401,1,2,1,26,6,14,17,12,6,1,0,26,1,23,461,23461,21,2003,"1GAHG39UX311","1","G","A","H","G","3","9","U","X","3","1","1",0,0,0,"000000000","00000000000",0,0,0,1,0,0,0,0,0,0,0,998,0,0,0,7,6,2,12,32,0,0,1,26,49424,6,1,0,0,3,0,67,240,0,0,0,0,1,1,2015,1,2015,0,39,0,0,0,1,2,55,1,1,2,1,20,3,1,17,1,1,1,89,"777777777777","777777777777","777777777777",0,0
26,260401,2,2,1,26,6,14,17,12,6,1,0,26,2,76,706,76706,80,2006,"JYAVP18Y06A0","J","Y","A","V","P","1","8","Y","0","6","A","0",0,0,0,"000000000","00000000000",0,0,0,1,0,0,0,0,0,0,0,998,0,0,0,12,6,2,12,0,0,0,1,26,49424,2,1,0,0,2,0,74,220,0,0,0,0,1,8,2015,8,2015,0,0,0,0,0,1,2,98,1,8,8,1,0,0,1,66,99,1,1,88,"777777777777","777777777777","777777777777",1,0
26,260402,1,1,1,12,6,18,10,8,0,1,1,26,2,12,37,12037,6,2000,"1FAFP3631YW4","1","F","A","F","P","3","6","3","1","Y","W","4",0,0,0,"000000000","00000000000",0,0,0,1,0,0,0,0,0,0,0,998,0,0,0,12,9,5,8,0,0,0,1,26,48202,6,1,0,0,3,0,60,135,1,0,0,0,0,4,2015,4,2015,0,99,99,99,99,2,4,30,1,8,8,1,0,0,1,82,99,9,9,13,"777777777777","777777777777","777777777777",0,0
26,260403,1,2,1,24,6,19,40,12,6,1,0,26,1,12,18,12018,3,1993,"1ZVCT20A7P51","1","Z","V","C","T","2","0","A","7","P","5","1",0,0,0,"000000000","00000000000",0,0,0,1,0,0,0,0,0,0,0,998,0,0,0,9,6,2,12,0,0,0,1,26,48167,6,1,0,0,3,0,72,155,0,0,0,0,0,0,0,0,0,0,38,0,0,0,1,3,98,1,8,8,1,20,3,99,17,99,1,1,89,"777777777777","777777777777","777777777777",1,0
26,260403,2,2,1,24,6,19,40,12,6,1,0,26,1,13,421,13421,15,2001,"5LMFU28R11LJ","5","L","M","F","U","2","8","R","1","1","L","J",0,0,0,"000000000","00000000000",0,0,0,1,0,0,0,0,0,0,0,998,0,0,0,12,2,3,12,0,0,0,1,26,48375,6,1,0,0,3,3,64,170,1,0,0,0,0,1,2016,1,2016,0,0,0,0,0,2,4,35,1,8,8,1,0,0,1,66,99,1,1,88,"777777777777","777777777777","777777777777",0,0
26,260404,1,4,1,23,6,17,38,12,1,1,0,26,1,53,706,53706,80,2013,"JS1VY56A0D21","J","S","1","V","Y","5","6","A","0","D","2","1",0,0,0,"000000000","00000000000",0,0,0,1,0,0,0,0,0,0,0,998,0,0,0,6,6,2,12,0,0,1,1,26,49261,6,1,0,0,3,0,69,190,0,0,0,0,0,0,0,0,0,0,0,0,0,0,3,2,70,1,2,1,1,0,0,2,53,1,1,1,29,"777777777777","777777777777","777777777777",1,0
26,260404,2,4,1,23,6,17,38,12,1,1,0,26,2,2,405,2405,14,2008,"1J8GN28KX8W2","1","J","8","G","N","2","8","K","X","8","W","2",0,0,0,"000000000","00000000000",0,0,0,1,0,0,0,0,0,0,0,998,0,0,0,12,6,2,12,0,0,0,1,26,49646,6,1,0,0,3,3,66,195,1,0,1,5,2,5,2013,2,2016,0,99,99,99,99,3,2,70,1,2,1,1,0,0,1,52,99,1,1,28,"777777777777","777777777777","777777777777",0,0
26,260404,3,4,2,23,6,17,38,12,1,1,0,26,2,37,31,37031,2,2012,"2HGFG3B55CH5","2","H","G","F","G","3","B","5","5","C","H","5",0,0,0,"000000000","00000000000",0,0,0,1,0,0,0,0,0,0,0,998,0,0,0,6,2,5,12,0,0,0,1,26,49277,6,1,0,0,3,0,76,150,1,1,0,3,0,11,2011,5,2016,0,0,0,0,0,3,2,70,1,2,1,1,0,0,2,60,1,1,1,98,"777777777777","777777777777","777777777777",0,0
26,260404,4,4,1,23,6,17,38,12,1,1,0,26,1,22,20,22020,2,1997,"1G2NW12M9VC7","1","G","2","N","W","1","2","M","9","V","C","7",0,0,0,"000000000","00000000000",0,0,0,1,0,0,0,0,0,0,0,998,0,0,0,11,6,2,12,0,0,0,1,26,49201,6,1,0,0,3,0,64,160,1,0,0,0,0,9,2015,9,2015,0,99,99,99,99,3,2,70,1,2,1,1,0,0,98,52,7,1,1,98,"777777777777","777777777777","777777777777",0,0
26,260405,1,1,2,27,6,17,51,11,0,1,0,26,1,72,706,72706,80,2013,"1HD1KHM15DB6","1","H","D","1","K","H","M","1","5","D","B","6",0,0,0,"000000000","00000000000",0,0,0,1,0,0,0,0,0,0,0,998,0,0,0,12,6,2,42,0,0,0,1,26,48642,6,1,0,0,3,3,69,180,1,0,1,0,1,2,2013,1,2016,9,99,99,99,99,1,2,55,1,1,2,1,0,0,1,89,99,9,9,13,"777777777777","777777777777","777777777777",1,1
26,260406,1,1,1,27,5,13,41,42,0,1,0,26,1,54,35,54035,4,2003,"19UUA56603A0","1","9","U","U","A","5","6","6","0","3","A","0",0,0,0,"000000000","00000000000",0,0,0,1,0,0,0,0,0,0,0,998,0,0,0,99,6,2,42,0,0,0,1,26,49321,6,1,0,0,3,0,68,145,0,0,0,0,0,0,0,0,0,5,8,15,0,0,2,2,70,3,2,2,1,0,0,14,9,99,2,4,7,"777777777777","777777777777","777777777777",1,0
26,260407,1,1,4,24,6,4,22,42,0,1,0,26,2,20,37,20037,4,1998,"1G1NE52M7WY1","1","G","1","N","E","5","2","M","7","W","Y","1",0,0,0,"000000000","00000000000",0,0,0,1,0,0,0,0,0,0,0,998,0,0,0,1,6,2,42,0,0,0,1,26,48661,6,1,0,0,3,0,70,200,1,0,0,2,0,4,2013,11,2015,5,0,0,0,0,1,2,35,1,1,2,1,0,0,1,13,99,9,4,1,"777777777777","777777777777","777777777777",2,1
26,260408,1,1,2,11,6,3,23,8,0,1,0,26,1,7,482,7482,31,2012,"3C6UD5DL2CG2","3","C","6","U","D","5","D","L","2","C","G","2",0,0,0,"000000000","00000000000",0,0,0,1,0,0,0,0,0,0,0,998,0,0,0,14,0,3,8,0,0,0,1,26,49908,6,1,0,0,3,0,67,150,2,0,0,3,0,3,2013,1,2015,9,0,0,0,0,1,2,55,1,8,2,2,0,0,1,80,1,1,1,13,"777777777777","777777777777","777777777777",0,1
26,260409,1,1,1,18,6,3,27,30,0,1,0,26,2,22,20,22020,4,2005,"2G2WP542X511","2","G","2","W","P","5","4","2","X","5","1","1",0,0,0,"000000000","00000000000",0,0,0,1,0,0,0,0,0,0,0,998,0,0,0,7,6,2,30,32,0,0,1,26,48917,3,1,0,0,2,0,73,150,0,4,1,0,3,8,2011,4,2015,5,0,0,0,0,4,3,30,1,1,1,1,0,0,1,9,99,3,4,7,"777777777777","777777777777","777777777777",1,1
26,260410,1,1,1,4,7,5,23,31,0,1,0,26,1,20,481,20481,31,2015,"1GCVKREH8FZ3","1","G","C","V","K","R","E","H","8","F","Z","3",0,0,0,"000000000","00000000000",0,0,0,1,0,0,0,0,0,0,0,998,0,0,0,12,6,2,42,0,0,0,1,26,48117,6,1,0,0,3,0,71,170,1,0,0,0,0,11,2013,11,2013,0,99,99,99,99,1,2,45,1,1,2,1,0,0,1,12,99,9,4,10,"777777777777","777777777777","777777777777",1,0
26,260411,1,1,1,4,7,23,18,31,0,1,0,92,0,42,399,42399,1,1991,"WDBFA66E6MF0","W","D","B","F","A","6","6","E","6","M","F","0",0,0,0,"000000000","00000000000",0,0,0,1,0,0,0,0,0,0,0,998,0,0,0,12,6,2,42,0,0,0,1,26,48116,2,1,0,0,2,0,69,180,0,0,0,0,0,0,0,0,0,5,36,0,0,0,1,2,55,3,1,2,1,0,0,1,13,99,2,4,1,"777777777777","777777777777","777777777777",1,1
26,260412,1,1,2,4,7,18,18,8,0,1,1,99,9,99,999,99999,99,9999,"999999999999","9","9","9","9","9","9","9","9","9","9","9","9",9,0,0,"000000000","00000000000",0,0,0,1,0,0,0,0,0,0,0,998,0,0,0,1,9,5,8,99,99,0,1,99,99999,9,9,99,9,9,9,999,999,99,99,99,99,99,99,9999,99,9999,5,99,99,99,99,1,2,30,1,8,8,1,0,0,1,80,99,9,9,13,"777777777777","777777777777","777777777777",0,0
26,260413,1,1,1,7,7,15,15,9,0,1,0,26,1,6,51,6051,4,2008,"2C3LA33G78H2","2","C","3","L","A","3","3","G","7","8","H","2",0,0,0,"000000000","00000000000",0,0,0,1,0,0,0,0,0,0,0,998,0,0,0,12,2,3,9,0,0,0,1,26,48015,6,1,0,0,3,3,72,180,0,0,0,0,0,0,0,0,0,0,38,0,0,0,5,5,98,1,8,8,1,0,0,11,83,99,1,1,13,"777777777777","777777777777","777777777777",0,0
26,260414,1,1,1,10,7,99,99,34,0,1,0,26,1,18,401,18401,14,2003,"3G5DA03E83S6","3","G","5","D","A","0","3","E","8","3","S","6",0,0,0,"000000000","00000000000",0,0,0,1,0,0,0,0,0,0,0,998,0,0,0,1,6,2,42,0,0,0,1,26,48413,6,1,0,0,3,3,62,125,0,0,0,0,0,0,0,0,0,9,99,99,99,99,1,2,55,1,8,8,99,0,0,1,13,99,9,4,5,"777777777777","777777777777","777777777777",1,1
26,260415,1,2,1,18,6,16,29,12,6,1,0,26,2,12,402,12402,14,2001,"1FMYU04111KC","1","F","M","Y","U","0","4","1","1","1","K","C",0,0,0,"000000000","00000000000",0,0,0,1,0,0,0,0,0,0,0,998,0,0,0,12,6,2,12,0,0,0,1,26,48386,6,1,0,0,3,3,61,115,0,0,0,0,0,0,0,0,0,0,38,0,0,0,5,5,45,1,1,1,1,3,3,11,15,99,1,1,68,"777777777777","777777777777","777777777777",1,0
26,260415,2,2,3,18,6,16,29,12,6,1,0,26,1,20,22,20022,4,2006,"1G1AK15F7678","1","G","1","A","K","1","5","F","7","6","7","8",0,0,0,"000000000","00000000000",0,0,0,1,0,0,0,0,0,0,0,998,0,0,0,11,6,2,12,0,0,0,1,26,48326,0,0,0,0,0,0,999,999,0,0,0,0,1,5,2016,5,2016,0,0,0,0,0,5,5,45,1,1,1,1,3,3,1,62,99,1,1,69,"777777777777","777777777777","777777777777",0,0
26,260416,1,3,1,11,7,21,17,24,0,1,0,92,0,73,709,73709,80,1993,"JKAZX4D14PB5","J","K","A","Z","X","4","D","1","4","P","B","5",0,0,0,"000000000","00000000000",0,0,0,1,0,0,0,0,0,0,0,998,0,0,0,1,6,2,24,0,0,0,1,26,48442,1,1,0,0,2,0,65,155,0,0,0,0,0,0,0,0,0,5,0,0,0,0,1,2,45,2,8,8,1,0,0,14,13,99,2,4,2,"777777777777","777777777777","777777777777",1,0
26,260416,2,3,1,11,7,21,17,24,0,1,0,26,1,20,423,20423,15,2015,"1GNKRGKD7FJ3","1","G","N","K","R","G","K","D","7","F","J","3",0,0,0,"000000000","00000000000",0,0,0,1,0,0,0,0,0,0,0,998,7,0,0,11,4,3,12,0,0,0,1,26,48451,6,1,0,0,3,3,66,175,0,0,0,0,0,0,0,0,0,0,0,0,0,0,1,2,45,3,8,8,1,0,0,14,62,99,1,1,98,"777777777777","777777777777","777777777777",0,0
26,260416,3,3,1,11,7,21,17,24,0,1,0,26,2,73,705,73705,80,2000,"JKAZRDF13YA0","J","K","A","Z","R","D","F","1","3","Y","A","0",0,0,0,"000000000","00000000000",0,0,0,1,0,0,0,0,0,0,0,998,0,0,0,7,2,3,1,0,0,0,1,26,48442,6,1,0,0,2,0,66,132,1,0,0,2,0,3,2015,4,2016,0,0,0,0,0,1,2,45,2,8,8,1,0,0,14,78,99,1,1,98,"777777777777","777777777777","777777777777",0,0
26,260417,1,1,1,4,7,3,26,8,0,1,0,26,2,12,402,12402,14,2001,"1FMYU04121KA","1","F","M","Y","U","0","4","1","2","1","K","A",0,0,0,"000000000","00000000000",0,0,0,1,0,0,0,0,0,0,0,998,0,0,0,12,2,3,8,0,0,0,1,26,49548,6,1,0,0,3,0,62,220,0,0,0,0,1,10,2013,10,2013,0,0,0,0,0,5,5,40,1,1,2,1,0,0,1,80,1,1,1,13,"777777777777","777777777777","777777777777",0,0
26,260418,1,1,1,3,7,15,14,8,0,1,0,26,1,2,404,2404,14,2000,"1J4FF48S2YL1","1","J","4","F","F","4","8","S","2","Y","L","1",0,0,0,"000000000","00000000000",0,0,0,1,0,0,0,0,0,0,0,998,0,0,0,1,2,5,8,0,0,0,1,26,49464,6,1,0,0,3,3,73,175,0,0,0,0,0,0,0,0,0,0,0,0,0,0,1,2,55,1,2,2,1,0,0,1,80,8,1,1,13,"777777777777","777777777777","777777777777",0,0
26,260419,1,1,1,4,7,18,19,8,0,1,0,26,2,37,441,37441,20,2001,"2HKRL18711H5","2","H","K","R","L","1","8","7","1","1","H","5",0,0,0,"000000000","00000000000",0,0,0,1,0,0,0,0,0,0,0,998,0,0,0,2,2,3,8,0,0,0,1,26,48197,1,1,0,0,2,0,66,175,0,8,0,0,3,4,2013,3,2016,0,99,99,99,99,1,2,25,1,1,2,1,0,0,1,80,99,1,1,13,"777777777777","777777777777","777777777777",0,1
26,260420,1,2,1,11,7,23,10,12,6,1,0,26,1,12,23,12023,4,2008,"3FAHP07Z38R1","3","F","A","H","P","0","7","Z","3","8","R","1",0,0,0,"000000000","00000000000",0,0,0,1,0,0,0,0,0,0,0,998,0,0,0,3,6,2,12,0,0,0,1,26,49339,6,1,0,0,3,3,70,165,2,0,0,0,2,11,2012,2,2015,0,0,0,0,0,1,2,98,1,8,5,98,20,3,4,17,99,1,1,87,"777777777777","777777777777","777777777777",1,0