"STATE","ST_CASE","VEH_NO","VE_FORMS","NUMOCCS","DAY","MONTH","HOUR","MINUTE","HARM_EV","MAN_COLL","UNITTYPE","HIT_RUN","REG_STAT","OWNER","MAKE","MODEL","MAK_MOD","BODY_TYP","MOD_YEAR","VIN","VIN_1","VIN_2","VIN_3","VIN_4","VIN_5","VIN_6","VIN_7","VIN_8","VIN_9","VIN_10","VIN_11","VIN_12","TOW_VEH","J_KNIFE","MCARR_I1","MCARR_I2","MCARR_ID","GVWR","V_CONFIG","CARGO_BT","HAZ_INV","HAZ_PLAC","HAZ_ID","HAZ_CNO","HAZ_REL","BUS_USE","SPEC_USE","EMER_USE","TRAV_SP","UNDERIDE","ROLLOVER","ROLINLOC","IMPACT1","DEFORMED","TOWED","M_HARM","VEH_SC1","VEH_SC2","FIRE_EXP","DR_PRES","L_STATE","DR_ZIP","L_STATUS","L_TYPE","CDL_STAT","L_ENDORS","L_COMPL","L_RESTRI","DR_HGT","DR_WGT","PREV_ACC","PREV_SUS","PREV_DWI","PREV_SPD","PREV_OTH","FIRST_MO","FIRST_YR","LAST_MO","LAST_YR","SPEEDREL","DR_SF1","DR_SF2","DR_SF3","DR_SF4","VTRAFWAY","VNUM_LAN","VSPD_LIM","VALIGN","VPROFILE","VPAVETYP","VSURCOND","VTRAFCON","VTCONT_F","P_CRASH1","P_CRASH2","P_CRASH3","PCRASH4","PCRASH5","ACC_TYPE","TRLR1VIN","TRLR2VIN","TRLR3VIN","DEATHS","DR_DRINK"
26,260420,2,2,1,11,7,23,10,12,6,1,0,26,2,20,36,20036,2,2001,"2G1WW12E0192","2","G","1","W","W","1","2","E","0","1","9","2",0,0,0,"000000000","00000000000",0,0,0,1,0,0,0,0,0,0,0,998,0,0,0,12,6,2,12,0,0,0,1,26,49339,6,1,0,0,3,0,71,205,2,0,0,0,0,9,2014,6,2015,5,36,0,0,0,1,2,55,1,1,1,1,0,0,1,17,99,9,1,86,"777777777777","777777777777","777777777777",0,0
26,260421,1,1,99,4,7,23,41,8,0,1,1,99,9,99,499,99499,14,9999,"999999999999","9","9","9","9","9","9","9","9","9","9","9","9",0,0,0,"000000000","00000000000",0,0,0,1,0,0,0,0,0,0,0,998,0,0,0,12,2,5,8,0,0,0,1,99,99999,9,9,99,9,9,9,999,999,99,99,99,99,99,99,9999,99,9999,0,99,99,99,99,5,5,35,1,1,2,1,0,0,1,80,99,9,3,13,"777777777777","777777777777","777777777777",0,0
26,260422,1,7,1,6,7,16,54,12,1,1,0,26,2,22,2,22002,4,2001,"1G2HX54K8142","1","G","2","H","X","5","4","K","8","1","4","2",0,0,0,"000000000","00000000000",0,0,0,1,0,0,0,0,0,0,0,998,0,0,0,6,6,2,12,0,0,0,1,26,48879,6,1,0,0,3,0,63,240,0,0,0,0,0,0,0,0,0,0,0,0,0,0,2,3,70,1,8,8,1,0,0,2,53,1,1,1,98,"777777777777","777777777777","777777777777",0,0
26,260422,2,7,2,6,7,16,54,12,1,1,0,26,1,23,402,23402,14,2012,"2GKALUEK1C62","2","G","K","A","L","U","E","K","1","C","6","2",0,0,0,"000000000","00000000000",0,0,0,1,0,0,0,0,0,0,0,998,0,0,0,6,6,2,12,0,0,0,1,26,48114,6,1,0,0,3,0,69,172,0,0,0,0,0,0,0,0,0,0,0,0,0,0,2,3,70,1,8,8,1,0,0,2,53,1,1,1,98,"777777777777","777777777777","777777777777",0,0
26,260422,3,7,1,6,7,16,54,12,1,1,0,18,3,82,884,82884,66,2012,"1FUJGEDVXCSB","1","F","U","J","G","E","D","V","X","C","S","B",1,1,57,"000120474","57000120474",3,6,1,1,0,0,0,0,0,0,0,998,0,0,0,12,6,2,12,0,0,0,1,26,49096,6,1,6,0,3,3,67,150,1,0,0,0,0,11,2013,11,2013,0,6,0,0,0,2,3,70,1,8,8,1,0,0,1,51,10,1,1,28,"888888888888","777777777777","777777777777",0,0
26,260422,4,7,1,6,7,16,54,12,1,1,0,26,1,37,31,37031,2,1998,"1HGEJ7121WL0","1","H","G","E","J","7","1","2","1","W","L","0",0,0,0,"000000000","00000000000",0,0,0,1,0,0,0,0,0,0,0,998,0,0,0,6,6,2,12,0,0,0,1,26,48879,6,1,0,0,3,0,66,160,0,0,0,0,0,0,0,0,0,0,0,0,0,0,2,3,70,1,8,8,1,0,0,2,53,1,1,1,98,"777777777777","777777777777","777777777777",0,0
26,260422,5,7,1,6,7,16,54,12,1,1,0,26,1,37,31,37031,4,2004,"1HGCM56894A0","1","H","G","C","M","5","6","8","9","4","A","0",0,0,0,"000000000","00000000000",0,0,0,1,0,0,0,0,0,0,0,998,0,0,0,6,6,2,12,0,0,0,1,26,48854,6,1,0,0,3,0,72,225,1,0,0,0,0,12,2015,12,2015,0,0,0,0,0,2,3,70,1,8,8,1,0,0,2,53,1,1,1,98,"777777777777","777777777777","777777777777",0,0
26,260422,6,7,1,6,7,16,54,12,1,1,0,26,1,30,46,30046,4,2012,"1VWBN7A36CC0","1","V","W","B","N","7","A","3","6","C","C","0",0,0,0,"000000000","00000000000",0,0,0,1,0,0,0,0,0,0,0,998,0,0,0,6,6,2,12,0,0,0,1,26,48363,6,1,0,0,3,0,71,240,0,0,0,0,0,0,0,0,0,0,0,0,0,0,2,3,70,1,8,8,1,0,0,2,53,1,1,1,98,"777777777777","777777777777","777777777777",0,0
26,260422,7,7,5,6,7,16,54,12,1,1,0,26,1,49,32,49032,4,2007,"1NXBR32E27Z9","1","N","X","B","R","3","2","E","2","7","Z","9",0,0,0,"000000000","00000000000",0,0,0,1,0,0,0,0,0,0,0,998,0,0,0,6,6,2,12,0,0,0,1,26,48823,6,1,0,0,3,3,72,160,0,0,0,0,0,0,0,0,0,0,0,0,0,0,2,3,70,1,8,8,1,0,0,2,53,1,1,1,29,"777777777777","777777777777","777777777777",1,0
26,260423,1,2,1,9,7,20,57,12,6,1,0,26,2,7,482,7482,31,1997,"3B7KF23Z2VG7","3","B","7","K","F","2","3","Z","2","V","G","7",0,0,0,"000000000","00000000000",0,0,0,1,0,0,0,0,0,0,0,998,0,0,0,12,6,2,12,0,0,0,1,26,48735,6,1,0,0,3,0,70,120,0,0,0,0,0,0,0,0,0,0,39,0,0,0,1,2,55,1,8,8,1,20,3,1,17,1,1,1,88,"777777777777","777777777777","777777777777",0,0
26,260423,2,2,3,9,7,20,57,12,6,1,0,26,2,18,401,18401,14,2003,"3G5DA03E43S5","3","G","5","D","A","0","3","E","4","3","S","5",0,0,0,"000000000","00000000000",0,0,0,1,0,0,0,0,0,0,0,998,0,0,0,9,6,2,12,0,0,0,1,26,48754,6,1,0,0,3,3,67,162,1,0,0,0,0,12,2015,12,2015,0,0,0,0,0,1,2,55,1,8,8,1,0,0,1,66,99,1,1,89,"777777777777","777777777777","777777777777",2,0
26,260424,1,2,4,7,7,20,25,12,6,1,0,26,3,20,421,20421,15,2008,"3GNFK16398G1","3","G","N","F","K","1","6","3","9","8","G","1",0,0,0,"000000000","00000000000",0,0,0,1,0,0,0,0,0,0,0,998,0,0,0,12,6,2,12,0,0,0,1,26,48341,6,1,0,0,3,0,64,150,0,3,1,1,0,2,2014,9,2015,0,39,0,0,0,5,3,98,1,8,8,1,3,3,1,17,99,1,1,86,"777777777777","777777777777","777777777777",0,0
26,260424,2,2,1,7,7,20,25,12,6,1,0,26,2,20,461,20461,21,1999,"1GBFG15M0X10","1","G","B","F","G","1","5","M","0","X","1","0",0,0,0,"000000000","00000000000",0,0,0,1,0,0,0,0,0,0,0,998,0,0,0,1,6,2,12,0,0,0,1,26,48348,6,1,0,0,3,3,70,195,0,0,0,1,0,9,2014,9,2014,0,0,0,0,0,5,4,98,1,8,8,1,3,3,1,66,99,1,1,87,"777777777777","777777777777","777777777777",1,0
26,260425,1,2,2,14,7,15,49,12,6,1,0,26,3,84,884,84884,64,2007,"1HTMPAFM17H4","1","H","T","M","P","A","F","M","1","7","H","4",0,0,57,"001723649","57001723649",2,1,3,1,0,0,0,0,0,0,0,998,7,0,0,2,4,3,12,0,0,0,1,26,49507,6,1,0,0,3,0,71,210,1,3,0,0,2,3,2012,11,2015,0,39,48,0,0,1,4,35,1,1,2,1,3,3,11,15,99,1,1,68,"777777777777","777777777777","777777777777",0,0
26,260425,2,2,1,14,7,15,49,12,6,1,0,26,2,72,706,72706,80,2001,"1HD4CEM1X1K1","1","H","D","4","C","E","M","1","X","1","K","1",0,0,0,"000000000","00000000000",0,0,0,1,0,0,0,0,0,0,0,998,0,0,0,12,4,3,12,0,0,0,1,26,48458,6,1,0,0,3,0,68,180,0,0,0,0,1,5,2012,5,2012,0,0,0,0,0,1,4,35,1,1,2,1,3,3,1,62,99,1,1,69,"777777777777","777777777777","777777777777",1,0
26,260426,1,1,4,9,7,0,45,59,0,1,0,26,1,7,482,7482,31,2016,"1C6RR7TT8GS3","1","C","6","R","R","7","T","T","8","G","S","3",0,0,0,"000000000","00000000000",0,0,0,1,0,0,0,0,0,0,0,998,0,1,5,11,6,2,1,0,0,0,1,26,49238,6,1,6,0,3,3,66,135,0,0,0,0,0,0,0,0,0,5,58,0,0,0,1,2,55,3,8,8,1,0,0,14,6,6,9,4,2,"777777777777","777777777777","777777777777",2,1
26,260427,1,2,1,2,7,5,32,12,1,1,0,26,3,82,884,82884,62,2005,"1FVACWCTX5HU","1","F","V","A","C","W","C","T","X","5","H","U",0,0,57,"000115618","57000115618",2,1,1,1,0,0,0,0,0,0,0,998,0,1,5,12,6,2,12,0,0,0,1,26,49078,6,1,6,0,3,0,71,245,0,0,0,1,0,12,2013,12,2013,0,38,0,0,0,1,2,55,1,1,2,1,0,0,1,50,1,1,1,20,"777777777777","777777777777","777777777777",0,0
26,260427,2,2,2,2,7,5,32,12,1,1,0,26,2,2,405,2405,14,2002,"1J4GL48K32W1","1","J","4","G","L","4","8","K","3","2","W","1",1,1,0,"000000000","00000000000",0,0,0,1,0,0,0,0,0,0,0,0,0,0,0,6,6,2,12,0,0,0,1,26,49091,6,1,0,0,3,0,71,185,0,0,0,2,0,7,2014,1,2016,0,0,0,0,0,1,2,55,1,1,2,1,0,0,5,53,1,1,1,21,"888888888888","777777777777","777777777777",1,0
26,260428,1,1,1,16,7,21,31,8,0,1,0,26,1,12,481,12481,31,2003,"2FTRF18W53CB","2","F","T","R","F","1","8","W","5","3","C","B",0,0,0,"000000000","00000000000",0,0,0,1,0,0,0,0,0,0,0,998,0,0,0,12,2,3,8,0,0,0,1,26,49068,6,1,0,0,3,0,73,175,1,0,0,0,0,6,2012,6,2012,0,0,0,0,0,5,5,40,1,1,2,1,3,3,1,80,98,1,3,13,"777777777777","777777777777","777777777777",0,0
26,260429,1,2,1,15,7,7,25,12,1,1,0,26,1,20,2,20002,4,2007,"2G1WT58K9792","2","G","1","W","T","5","8","K","9","7","9","2",0,0,0,"000000000","00000000000",0,0,0,1,0,0,0,0,0,0,0,998,0,0,0,12,6,2,12,0,0,0,1,26,48080,6,1,0,0,3,0,72,215,0,0,0,1,0,2,2015,2,2015,0,99,99,99,99,3,2,55,2,1,1,1,0,0,14,52,99,1,1,28,"777777777777","777777777777","777777777777",0,0
26,260429,2,2,1,15,7,7,25,12,1,1,0,26,1,12,481,12481,31,2013,"1FTFW1ET5DFA","1","F","T","F","W","1","E","T","5","D","F","A",0,0,0,"000000000","00000000000",0,0,0,1,0,0,0,0,0,0,0,998,0,1,5,6,6,2,1,0,0,0,1,26,48382,6,1,0,0,3,0,72,175,1,0,0,2,0,12,2012,6,2014,0,99,99,99,99,3,2,55,2,1,1,1,0,0,2,53,1,1,1,29,"777777777777","777777777777","777777777777",1,0
26,260430,1,1,1,12,7,23,15,19,0,1,0,26,2,55,33,55033,4,2005,"KMHWF25S75A1","K","M","H","W","F","2","5","S","7","5","A","1",0,0,0,"000000000","00000000000",0,0,0,1,0,0,0,0,0,0,0,998,0,0,0,9,6,2,19,0,0,0,1,26,48215,6,1,0,0,3,0,71,185,1,0,0,0,0,12,2015,12,2015,5,99,99,99,99,1,2,98,1,8,8,2,0,0,1,6,99,9,4,2,"777777777777","777777777777","777777777777",1,0
26,260431,1,1,6,15,7,16,30,42,0,1,0,26,1,20,421,20421,15,2001,"1GNDT13W6121","1","G","N","D","T","1","3","W","6","1","2","1",0,0,0,"000000000","00000000000",0,0,0,1,0,0,0,0,0,0,0,998,0,0,0,1,6,2,42,0,0,0,1,26,48815,6,1,0,0,3,0,65,170,0,0,0,0,0,0,0,0,0,9,99,99,99,99,1,2,55,1,8,8,1,0,0,1,13,99,2,4,2,"777777777777","777777777777","777777777777",1,0
26,260432,1,1,2,15,7,23,20,8,0,1,1,26,2,22,20,22020,4,2003,"1G2WP52KX3F1","1","G","2","W","P","5","2","K","X","3","F","1",0,0,0,"000000000","00000000000",0,0,0,1,0,0,0,0,0,0,0,998,0,0,0,12,4,3,8,0,0,0,1,26,48507,6,1,0,0,3,0,69,220,0,0,0,0,0,0,0,0,0,2,36,0,0,0,1,4,35,1,1,2,1,0,0,1,80,99,1,1,13,"777777777777","777777777777","777777777777",0,0
26,260433,1,1,1,17,7,20,55,42,0,1,0,26,1,72,706,72706,80,1999,"1HD1FRW10XY6","1","H","D","1","F","R","W","1","0","X","Y","6",0,0,0,"000000000","00000000000",0,0,0,1,0,0,0,0,0,0,0,998,0,0,0,12,2,3,42,0,0,0,1,26,49343,6,1,0,0,3,0,70,160,3,0,0,1,0,9,2013,5,2016,0,99,99,99,99,1,2,55,3,2,2,1,0,0,14,13,1,1,4,1,"777777777777","777777777777","777777777777",1,1
26,260434,1,2,1,9,7,11,43,12,6,1,0,26,2,12,402,12402,14,2016,"1FMCU9JX3GUA","1","F","M","C","U","9","J","X","3","G","U","A",0,0,0,"000000000","00000000000",0,0,0,1,0,0,0,0,0,0,0,998,0,0,0,3,6,2,12,0,0,0,1,26,48143,6,1,0,0,3,0,67,110,0,0,0,0,0,0,0,0,0,0,38,0,0,0,5,6,55,1,1,1,1,3,3,11,15,99,1,1,68,"777777777777","777777777777","777777777777",1,0
26,260434,2,2,1,9,7,11,43,12,6,1,0,26,3,12,481,12481,31,2008,"1FDWF37Y98EA","1","F","D","W","F","3","7","Y","9","8","E","A",0,0,0,"000000000","00000000000",0,0,0,1,0,0,0,0,0,0,0,998,0,0,0,12,6,2,12,0,0,0,1,26,48114,6,1,0,0,3,0,72,240,0,0,0,0,0,0,0,0,0,0,0,0,0,0,5,6,55,1,1,1,1,3,3,1,62,99,1,1,69,"777777777777","777777777777","777777777777",0,0
26,260435,1,1,1,14,7,18,25,1,0,1,0,26,1,98,733,98733,90,2015,"4XASEA320FA2","4","X","A","S","E","A","3","2","0","F","A","2",0,0,0,"000000000","00000000000",0,0,0,1,0,0,0,0,0,0,0,998,0,2,1,0,4,3,1,0,0,0,1,26,48625,6,1,0,0,3,0,65,180,0,0,0,0,0,0,0,0,0,5,99,99,99,99,1,2,55,1,1,4,1,0,0,1,6,99,2,2,98,"777777777777","777777777777","777777777777",1,1
26,260436,1,2,1,20,7,11,14,12,1,1,0,26,3,23,884,23884,62,1998,"1GDG6C1J2WJ5","1","G","D","G","6","C","1","J","2","W","J","5",0,0,57,"001749272","57001749272",2,1,1,1,0,0,0,0,0,0,0,998,0,0,0,12,6,2,12,0,0,0,1,26,48867,6,1,0,0,3,0,70,240,0,0,0,0,0,0,0,0,0,0,99,99,99,99,2,3,70,1,8,8,1,0,0,1,52,1,1,1,28,"777777777777","777777777777","777777777777",1,0
26,260436,2,2,1,20,7,11,14,12,1,1,0,93,3,87,884,87884,66,2016,"1XP4DP9X3GD2","1","X","P","4","D","P","9","X","3","G","D","2",1,1,57,"000003706","57000003706",3,6,3,1,0,0,0,0,0,0,0,998,0,0,0,6,6,2,12,0,0,0,1,29,65803,6,1,6,0,3,0,62,190,0,0,0,0,0,0,0,0,0,0,0,0,0,0,2,3,70,1,8,8,1,0,0,2,53,1,1,1,29,"888888888888","777777777777","777777777777",0,0
26,260437,1,2,1,18,7,9,10,12,6,1,0,26,1,24,6,24006,6,2001,"1G8JU84F01Y5","1","G","8","J","U","8","4","F","0","1","Y","5",0,0,0,"000000000","00000000000",0,0,0,1,0,0,0,0,0,0,0,998,0,0,0,11,6,2,12,0,0,0,1,26,48059,6,1,0,0,3,0,70,210,0,0,0,0,0,0,0,0,0,0,39,0,0,0,1,2,98,1,8,8,1,20,3,1,17,99,1,1,86,"777777777777","777777777777","777777777777",1,0
26,260437,2,2,2,18,7,9,10,12,6,1,0,26,2,20,404,20404,14,2015,"2GNALBEK2F63","2","G","N","A","L","B","E","K","2","F","6","3",0,0,0,"000000000","00000000000",0,0,0,1,0,0,0,0,0,0,0,998,0,0,0,1,6,2,12,0,0,0,1,26,48471,6,1,0,0,3,3,65,196,0,0,0,0,0,0,0,0,0,0,0,0,0,0,1,2,55,1,1,2,1,0,0,1,17,99,1,1,87,"777777777777","777777777777","777777777777",1,0
26,260438,1,1,1,22,7,16,17,19,0,1,0,26,1,72,709,72709,82,1969,"299Z3270045","2","9","9","Z","3","2","7","0","0","4","5","",0,0,0,"000000000","00000000000",0,0,0,1,0,0,0,0,0,0,0,998,0,0,0,12,4,3,19,0,0,0,1,26,49431,6,1,0,0,3,0,66,240,0,0,0,0,0,0,0,0,0,0,0,0,0,0,1,2,55,1,1,2,1,0,0,1,11,99,1,4,1,"777777777777","777777777777","777777777777",1,0
26,260439,1,1,1,23,7,21,26,8,0,1,0,26,2,23,461,23461,21,1999,"1GDFG15R3X10","1","G","D","F","G","1","5","R","3","X","1","0",0,0,0,"000000000","00000000000",0,0,0,1,0,0,0,0,0,0,0,998,0,0,0,1,2,8,8,0,0,0,1,26,48342,0,0,0,0,0,0,75,310,0,3,0,1,2,6,2013,6,2016,0,0,0,0,0,1,2,35,1,1,1,1,0,0,1,80,99,1,1,13,"777777777777","777777777777","777777777777",0,0
26,260440,1,2,2,1,7,18,48,12,6,1,0,26,1,20,39,20039,4,2009,"KL1TD56E19B6","K","L","1","T","D","5","6","E","1","9","B","6",0,0,0,"000000000","00000000000",0,0,0,1,0,0,0,0,0,0,0,998,0,0,0,1,6,2,12,0,0,0,1,26,49264,6,1,0,0,3,3,66,140,2,0,0,1,1,2,2013,2,2015,0,48,0,0,0,1,2,55,1,8,2,1,0,0,11,15,1,1,1,68,"777777777777","777777777777","777777777777",0,0
26,260440,2,2,1,1,7,18,48,12,6,1,0,18,1,72,706,72706,80,2007,"1HD1BX5197Y0","1","H","D","1","B","X","5","1","9","7","Y","0",0,0,0,"000000000","00000000000",0,0,0,1,0,0,0,0,0,0,0,998,0,0,0,12,6,2,12,0,0,0,1,18,46303,1,1,0,0,2,0,69,165,0,9,0,0,6,9,2013,6,2015,0,0,0,0,0,1,2,55,1,8,2,1,0,0,1,62,99,1,1,69,"777777777777","777777777777","777777777777",1,1
26,260441,1,2,1,19,7,15,42,12,6,1,0,26,2,12,24,12024,6,2010,"2FMDK4KC1ABA","2","F","M","D","K","4","K","C","1","A","B","A",0,0,0,"000000000","00000000000",0,0,0,1,0,0,0,0,0,0,0,998,0,0,0,11,6,2,12,0,0,0,1,26,49740,6,1,0,0,3,0,62,190,0,0,0,0,0,0,0,0,0,0,38,0,0,0,1,2,98,1,8,8,1,20,3,11,15,99,1,1,82,"777777777777","777777777777","777777777777",1,0
26,260441,2,2,1,19,7,15,42,12,6,1,0,26,3,89,881,89881,66,2012,"5KKXAF006CPB","5","K","K","X","A","F","0","0","6","C","P","B",1,1,57,"001763216","57001763216",3,6,3,1,0,0,0,0,0,0,0,998,0,0,0,12,4,3,12,0,0,0,1,26,49718,6,1,6,0,3,0,72,190,0,0,0,3,0,3,2012,7,2014,0,0,0,0,0,1,2,55,1,1,2,1,0,0,1,67,8,2,1,83,"888888888888","777777777777","777777777777",0,0
26,260442,1,2,1,20,7,15,32,12,1,1,0,55,1,73,709,73709,80,2014,"JKAEX8A15EA0","J","K","A","E","X","8","A","1","5","E","A","0",0,0,0,"000000000","00000000000",0,0,0,1,0,0,0,0,0,0,0,998,0,0,0,12,6,2,12,0,0,0,1,55,53083,6,1,0,0,2,0,68,160,2,0,0,1,2,7,2014,5,2016,0,99,99,99,99,1,4,55,1,3,8,1,0,0,1,50,99,1,1,20,"777777777777","777777777777","777777777777",1,0
26,260442,2,2,1,20,7,15,32,12,1,1,0,26,2,59,403,59403,14,2004,"JTJHA31U9400","J","T","J","H","A","3","1","U","9","4","0","0",0,0,0,"000000000","00000000000",0,0,0,1,0,0,0,0,0,0,0,0,0,0,0,6,6,2,12,0,0,0,1,26,49931,6,1,0,0,3,0,62,101,0,0,0,0,0,0,0,0,0,0,0,0,0,0,1,4,55,1,3,8,1,0,0,5,53,1,1,1,21,"777777777777","777777777777","777777777777",0,0
26,260443,1,1,1,20,7,22,57,8,0,1,0,26,1,2,422,2422,15,2015,"1C4RJFBG4FC6","1","C","4","R","J","F","B","G","4","F","C","6",0,0,0,"000000000","00000000000",0,0,0,1,0,0,0,0,0,0,0,998,0,0,0,12,2,5,8,0,0,0,1,26,48238,6,1,0,0,3,0,66,210,0,0,0,0,0,0,0,0,0,0,0,0,0,0,5,6,40,1,1,2,1,0,0,1,80,99,1,1,13,"777777777777","777777777777","777777777777",0,0
26,260445,1,1,3,18,7,22,0,9,0,1,0,26,2,18,7,18007,4,1998,"2G4WS52M8W14","2","G","4","W","S","5","2","M","8","W","1","4",0,0,0,"000000000","00000000000",0,0,0,1,0,0,0,0,0,0,0,998,0,0,0,1,4,3,9,0,0,0,1,26,49221,6,1,0,0,3,3,67,200,0,0,0,0,0,0,0,0,0,0,99,99,99,99,1,3,45,1,8,8,1,0,0,1,83,99,1,1,13,"777777777777","777777777777","777777777777",0,0
26,260446,1,2,1,19,7,22,0,12,6,1,0,26,2,30,47,30047,3,2002,"3VWDD21C62M4","3","V","W","D","D","2","1","C","6","2","M","4",0,0,0,"000000000","00000000000",0,0,0,1,0,0,0,0,0,0,0,998,0,0,0,9,6,2,12,0,0,0,1,26,49202,6,1,0,0,3,0,64,135,0,0,0,0,0,0,0,0,0,5,0,0,0,0,1,2,55,2,1,1,1,0,0,14,6,99,3,4,64,"777777777777","777777777777","777777777777",1,0
26,260446,2,2,5,19,7,22,0,12,6,1,0,26,2,19,421,19421,15,2005,"1GYEK63N65R2","1","G","Y","E","K","6","3","N","6","5","R","2",0,0,0,"000000000","00000000000",0,0,0,1,0,0,0,0,0,0,0,998,0,0,0,12,6,2,12,0,0,0,1,26,49246,6,1,0,0,3,3,65,190,0,0,0,0,1,4,2014,4,2014,0,0,0,0,0,1,2,55,3,1,1,1,0,0,14,62,7,1,4,65,"777777777777","777777777777","777777777777",0,0
26,260447,1,1,1,25,7,23,20,9,0,1,0,26,1,12,473,12473,30,2001,"1FMZU77E91UC","1","F","M","Z","U","7","7","E","9","1","U","C",0,0,0,"000000000","00000000000",0,0,0,1,0,0,0,0,0,0,0,998,0,0,0,12,2,3,9,0,0,0,1,26,48451,6,1,0,0,3,0,65,130,0,0,0,0,0,0,0,0,0,0,99,99,99,99,1,2,55,1,1,2,1,0,0,1,83,99,1,1,13,"777777777777","777777777777","777777777777",0,1
26,260448,1,2,2,26,7,14,17,12,6,1,0,26,2,23,402,23402,14,2016,"2GKALMEK5G63","2","G","K","A","L","M","E","K","5","G","6","3",0,0,0,"000000000","00000000000",0,0,0,1,0,0,0,0,0,0,0,998,0,0,0,12,6,2,12,0,0,0,1,26,48871,6,1,0,0,3,3,66,160,0,0,0,1,0,2,2013,2,2013,0,0,0,0,0,1,2,55,1,8,2,1,0,0,1,66,7,1,1,86,"777777777777","777777777777","777777777777",0,0
26,260448,2,2,2,26,7,14,17,12,6,1,0,26,1,20,444,20444,20,2008,"1GNDV33W78D2","1","G","N","D","V","3","3","W","7","8","D","2",0,0,0,"000000000","00000000000",0,0,0,1,0,0,0,0,0,0,0,998,0,1,5,3,6,2,12,0,0,0,1,26,48847,6,1,0,0,3,3,67,195,0,0,0,0,0,0,0,0,0,0,38,0,0,0,1,2,55,1,8,8,1,20,3,1,17,99,1,1,87,"777777777777","777777777777","777777777777",1,0
26,260449,1,2,1,23,7,21,39,12,2,1,0,26,3,12,442,12442,20,2003,"2FMZA52473BB","2","F","M","Z","A","5","2","4","7","3","B","B",0,0,0,"000000000","00000000000",0,0,0,1,0,0,0,0,0,0,0,998,0,0,0,12,6,2,12,0,0,0,1,26,49345,6,1,0,0,3,3,69,155,0,0,0,0,0,0,0,0,0,0,28,0,0,0,1,2,45,1,1,2,1,0,0,1,10,99,1,2,50,"777777777777","777777777777","777777777777",0,1
26,260449,2,2,4,23,7,21,39,12,2,1,0,26,2,14,443,14443,20,2000,"4M2XV12T7YDJ","4","M","2","X","V","1","2","T","7","Y","D","J",0,0,0,"000000000","00000000000",0,0,0,1,0,0,0,0,0,0,0,998,0,0,0,12,6,2,12,0,0,0,1,26,49507,6,1,0,0,3,0,71,150,0,0,0,2,0,11,2012,3,2013,0,0,0,0,0,1,2,45,1,1,2,1,0,0,1,62,99,1,1,51,"777777777777","777777777777","777777777777",1,0
26,260450,1,1,4,22,7,0,15,5,0,1,0,26,2,7,472,7472,30,2001,"1B7HG2AX51S2","1","B","7","H","G","2","A","X","5","1","S","2",0,0,0,"000000000","00000000000",0,0,0,1,0,0,0,0,0,0,0,998,0,0,0,0,0,3,5,0,0,0,1,26,49756,6,1,0,0,3,0,71,180,0,0,0,2,0,4,2015,6,2016,0,99,99,99,99,1,2,55,1,8,8,1,0,0,1,98,99,1,1,0,"777777777777","777777777777","777777777777",1,1
26,260451,1,2,2,28,7,17,50,12,6,1,0,26,2,48,34,48034,6,1995,"4S3BK6553S73","4","S","3","B","K","6","5","5","3","S","7","3",0,0,0,"000000000","00000000000",0,0,0,1,0,0,0,0,0,0,0,998,0,0,0,3,6,2,12,0,0,0,1,26,49649,6,7,0,0,2,3,61,132,0,0,0,0,0,0,0,0,0,0,38,0,0,0,1,2,55,1,8,8,1,4,3,1,17,99,1,1,87,"777777777777","777777777777","777777777777",2,0
26,260451,2,2,1,28,7,17,50,12,6,1,0,26,3,98,884,98884,66,2000,"2WKPDDCJ7YK9","2","W","K","P","D","D","C","J","7","Y","K","9",1,1,57,"000515878","57000515878",3,6,8,1,0,0,0,0,0,0,0,998,0,0,0,12,6,2,12,0,0,0,1,26,48770,6,1,6,1,3,0,69,215,0,0,0,3,0,1,2014,8,2015,0,0,0,0,0,1,2,55,1,8,8,1,4,3,1,66,99,1,1,86,"888888888888","777777777777","777777777777",0,0
26,260452,1,2,2,28,7,16,29,12,6,1,0,26,1,12,402,12402,14,2015,"1FMCU0G75FUC","1","F","M","C","U","0","G","7","5","F","U","C",0,0,0,"000000000","00000000000",0,0,0,1,0,0,0,0,0,0,0,998,0,0,0,3,6,2,12,0,0,0,1,26,48127,6,1,0,0,3,0,64,170,1,0,0,0,0,6,2016,6,2016,0,99,99,99,99,1,4,40,1,2,1,1,3,3,11,15,99,1,1,68,"777777777777","777777777777","777777777777",1,0
26,260452,2,2,1,28,7,16,29,12,6,1,0,26,3,85,884,85884,66,2010,"1XKAD49X7AJ2","1","X","K","A","D","4","9","X","7","A","J","2",1,1,77,"777777777","77777777777",3,6,3,1,0,0,0,0,0,0,0,998,0,0,0,12,6,2,12,0,0,0,1,26,48169,6,1,6,1,3,0,72,194,4,0,0,0,1,11,2015,6,2016,0,99,99,99,99,1,4,40,1,2,1,1,3,3,1,62,99,1,1,69,"888888888888","777777777777","777777777777",0,0