"STATE","ST_CASE","VEH_NO","VE_FORMS","NUMOCCS","DAY","MONTH","HOUR","MINUTE","HARM_EV","MAN_COLL","UNITTYPE","HIT_RUN","REG_STAT","OWNER","MAKE","MODEL","MAK_MOD","BODY_TYP","MOD_YEAR","VIN","VIN_1","VIN_2","VIN_3","VIN_4","VIN_5","VIN_6","VIN_7","VIN_8","VIN_9","VIN_10","VIN_11","VIN_12","TOW_VEH","J_KNIFE","MCARR_I1","MCARR_I2","MCARR_ID","GVWR","V_CONFIG","CARGO_BT","HAZ_INV","HAZ_PLAC","HAZ_ID","HAZ_CNO","HAZ_REL","BUS_USE","SPEC_USE","EMER_USE","TRAV_SP","UNDERIDE","ROLLOVER","ROLINLOC","IMPACT1","DEFORMED","TOWED","M_HARM","VEH_SC1","VEH_SC2","FIRE_EXP","DR_PRES","L_STATE","DR_ZIP","L_STATUS","L_TYPE","CDL_STAT","L_ENDORS","L_COMPL","L_RESTRI","DR_HGT","DR_WGT","PREV_ACC","PREV_SUS","PREV_DWI","PREV_SPD","PREV_OTH","FIRST_MO","FIRST_YR","LAST_MO","LAST_YR","SPEEDREL","DR_SF1","DR_SF2","DR_SF3","DR_SF4","VTRAFWAY","VNUM_LAN","VSPD_LIM","VALIGN","VPROFILE","VPAVETYP","VSURCOND","VTRAFCON","VTCONT_F","P_CRASH1","P_CRASH2","P_CRASH3","PCRASH4","PCRASH5","ACC_TYPE","TRLR1VIN","TRLR2VIN","TRLR3VIN","DEATHS","DR_DRINK"
26,260453,1,1,1,30,7,14,2,42,0,1,0,26,1,12,37,12037,5,2012,"1FAHP3M24CL3","1","F","A","H","P","3","M","2","4","C","L","3",0,0,0,"000000000","00000000000",0,0,0,1,0,0,0,0,0,0,0,998,0,1,5,1,6,2,42,0,0,0,1,26,48723,6,1,0,0,3,0,73,175,0,0,0,1,0,5,2015,5,2015,0,99,99,99,99,1,2,55,1,1,1,2,0,0,1,12,99,1,4,6,"777777777777","777777777777","777777777777",1,0
26,260454,1,1,1,23,7,16,22,42,0,1,0,26,3,14,401,14401,14,2006,"4M2EU47E56UJ","4","M","2","E","U","4","7","E","5","6","U","J",0,0,0,"000000000","00000000000",0,0,0,1,0,0,0,0,0,0,0,998,0,0,0,11,6,2,42,0,0,0,1,26,49450,6,1,0,0,3,0,70,300,1,0,0,0,2,9,2014,9,2015,0,99,99,99,99,1,2,55,1,8,8,1,0,0,1,12,99,1,4,6,"777777777777","777777777777","777777777777",1,0
26,260455,1,2,2,27,7,20,18,12,1,1,0,26,2,23,431,23431,16,2003,"3GKFK16Z03G2","3","G","K","F","K","1","6","Z","0","3","G","2",0,0,0,"000000000","00000000000",0,0,0,1,0,0,0,0,0,0,0,998,0,0,0,12,4,3,12,0,0,0,1,26,48111,2,1,0,0,2,0,70,235,2,3,0,0,3,8,2012,5,2016,5,99,99,99,99,1,2,55,1,8,8,1,0,0,1,51,99,1,1,24,"777777777777","777777777777","777777777777",0,1
26,260455,2,2,5,27,7,20,18,12,1,1,0,26,1,6,441,6441,20,2006,"1A4GP45R16B6","1","A","4","G","P","4","5","R","1","6","B","6",0,0,0,"000000000","00000000000",0,0,0,1,0,0,0,0,0,0,0,998,0,0,0,6,6,2,12,0,0,0,1,26,48174,6,1,0,0,3,0,70,150,0,5,0,4,1,6,2013,4,2016,0,0,0,0,0,1,2,55,1,8,8,1,0,0,1,53,1,1,1,25,"777777777777","777777777777","777777777777",1,0
26,260456,1,3,1,29,7,5,45,12,2,1,0,26,2,20,481,20481,31,2011,"1GCNKPEX6BZ3","1","G","C","N","K","P","E","X","6","B","Z","3",0,0,0,"000000000","00000000000",0,0,0,1,0,0,0,0,0,0,0,998,0,0,0,12,6,2,12,0,0,1,1,26,48423,6,1,6,0,3,0,70,165,0,0,0,0,0,0,0,0,0,0,0,0,0,0,1,2,55,1,1,2,1,0,0,1,62,99,1,1,98,"777777777777","777777777777","777777777777",1,0
26,260456,2,3,1,29,7,5,45,12,2,1,0,26,1,12,401,12401,14,1997,"1FMDU35PXVUB","1","F","M","D","U","3","5","P","X","V","U","B",0,0,0,"000000000","00000000000",0,0,0,1,0,0,0,0,0,0,0,998,0,0,0,12,6,2,12,0,0,0,1,26,48451,6,1,0,0,3,0,64,125,2,0,0,0,0,4,2013,7,2013,0,0,0,0,0,1,2,55,1,1,2,1,0,0,1,62,99,1,1,51,"777777777777","777777777777","777777777777",0,0
26,260456,3,3,1,29,7,5,45,12,2,1,0,26,2,20,2,20002,4,2002,"2G1WH55K2293","2","G","1","W","H","5","5","K","2","2","9","3",0,0,0,"000000000","00000000000",0,0,0,1,0,0,0,0,0,0,0,998,0,0,0,12,6,2,12,0,0,0,1,26,48529,6,1,0,0,3,0,73,215,0,0,0,0,0,0,0,0,0,0,6,28,0,0,1,2,55,1,1,2,1,0,0,1,10,99,1,2,50,"777777777777","777777777777","777777777777",0,0
26,260457,1,1,1,22,7,5,48,8,0,1,1,26,2,76,706,76706,80,2016,"JYARN33E2GA0","J","Y","A","R","N","3","3","E","2","G","A","0",0,0,0,"000000000","00000000000",0,0,0,1,0,0,0,0,0,0,0,998,0,0,0,12,4,3,8,0,0,0,1,26,48850,1,1,0,0,2,0,76,175,1,2,0,0,2,5,2015,6,2015,9,0,0,0,0,1,2,55,1,1,1,1,0,0,1,80,99,9,3,13,"777777777777","777777777777","777777777777",0,0
26,260458,1,2,1,22,7,12,43,12,6,1,0,26,0,98,703,98703,88,2016,"L9NTELKE4612","L","9","N","T","E","L","K","E","4","6","1","2",0,0,0,"000000000","00000000000",0,0,0,1,0,0,0,0,0,0,0,998,0,0,0,12,6,2,12,0,0,0,1,26,48506,0,0,0,0,0,0,999,999,99,99,99,99,99,99,9999,99,9999,0,39,0,0,0,5,5,50,1,1,2,1,3,3,1,17,99,1,1,83,"777777777777","777777777777","777777777777",1,0
26,260458,2,2,1,22,7,12,43,12,6,1,0,26,1,20,482,20482,31,2005,"3GNEK12T55G2","3","G","N","E","K","1","2","T","5","5","G","2",0,0,0,"000000000","00000000000",0,0,0,1,0,0,0,0,0,0,0,998,0,0,0,11,2,3,12,32,0,0,1,26,48505,6,1,0,0,3,0,69,198,0,0,0,0,0,0,0,0,0,0,0,0,0,0,1,3,98,1,8,8,1,3,3,11,66,99,1,1,82,"777777777777","777777777777","777777777777",0,0
26,260459,1,1,2,30,7,1,48,33,0,1,0,18,2,20,22,20022,4,2010,"1G1AC5F59A72","1","G","1","A","C","5","F","5","9","A","7","2",0,0,0,"000000000","00000000000",0,0,0,1,0,0,0,0,0,0,0,998,0,0,0,12,6,2,42,0,0,0,1,26,49036,6,1,0,0,3,0,70,150,0,0,0,1,0,8,2015,8,2015,0,36,0,0,0,1,2,25,1,1,2,2,0,0,1,13,99,1,4,1,"777777777777","777777777777","777777777777",1,1
26,260460,1,1,1,27,7,6,15,33,0,1,0,26,1,72,706,72706,80,2000,"1HD1BMY14YY0","1","H","D","1","B","M","Y","1","4","Y","Y","0",0,0,0,"000000000","00000000000",0,0,0,1,0,0,0,0,0,0,0,998,0,0,0,12,6,2,33,0,0,0,1,26,49013,6,1,0,0,3,0,66,220,0,0,0,0,0,0,0,0,0,5,99,99,99,99,1,2,55,2,1,1,1,0,0,14,12,99,1,4,6,"777777777777","777777777777","777777777777",1,0
26,260461,1,3,2,20,7,9,5,12,6,1,0,26,1,7,41,7041,4,1999,"2B3HD46R3XH5","2","B","3","H","D","4","6","R","3","X","H","5",0,0,0,"000000000","00000000000",0,0,0,1,0,0,0,0,0,0,0,998,0,0,0,9,6,2,12,0,0,0,1,26,48310,6,1,0,0,3,0,71,185,0,0,0,0,0,0,0,0,0,0,39,0,0,0,4,4,55,1,1,1,1,3,3,1,17,99,1,1,89,"777777777777","777777777777","777777777777",1,0
26,260461,2,3,1,20,7,9,5,12,6,1,0,26,3,12,481,12481,31,2003,"1FTRW07L63KD","1","F","T","R","W","0","7","L","6","3","K","D",0,0,0,"000000000","00000000000",0,0,0,1,0,0,0,0,0,0,0,998,0,0,0,12,6,2,12,0,0,0,1,26,48042,6,1,6,0,3,0,72,225,0,0,0,0,0,0,0,0,0,0,0,0,0,0,5,5,98,1,8,8,1,3,3,1,66,99,1,1,88,"777777777777","777777777777","777777777777",0,0
26,260461,3,3,3,20,7,9,5,12,6,1,0,26,1,49,40,49040,4,2016,"4T1BF1FK7GU1","4","T","1","B","F","1","F","K","7","G","U","1",0,0,0,"000000000","00000000000",0,0,0,1,0,0,0,0,0,0,0,998,0,0,0,7,4,3,12,0,0,0,1,26,48310,6,1,0,0,3,3,71,205,1,0,0,1,0,11,2014,11,2014,0,0,0,0,0,5,6,98,1,8,8,1,3,3,10,66,99,1,1,98,"777777777777","777777777777","777777777777",0,0
26,260462,1,1,3,30,7,4,13,30,0,1,0,26,2,20,16,20016,2,2002,"1G1JC1242271","1","G","1","J","C","1","2","4","2","2","7","1",0,0,0,"000000000","00000000000",0,0,0,1,0,0,0,0,0,0,0,998,0,0,0,9,6,2,30,0,0,0,1,26,48235,6,1,0,0,3,0,71,170,0,0,0,0,0,0,0,0,0,5,99,99,99,99,1,4,30,1,8,8,1,0,0,1,6,99,9,4,2,"777777777777","777777777777","777777777777",1,0
26,260463,1,2,1,30,7,3,50,12,2,1,0,26,1,7,402,7402,14,2001,"1B4HS28N71F6","1","B","4","H","S","2","8","N","7","1","F","6",0,0,0,"000000000","00000000000",0,0,0,1,0,0,0,0,0,0,0,998,0,0,0,12,6,2,12,0,0,0,1,26,48811,6,1,0,0,3,0,71,180,0,0,0,0,0,0,0,0,0,0,28,0,0,0,1,2,55,1,3,2,2,0,0,1,10,99,1,2,50,"777777777777","777777777777","777777777777",0,0
26,260463,2,2,1,30,7,3,50,12,2,1,0,26,1,20,16,20016,2,2003,"1G1JC12F3372","1","G","1","J","C","1","2","F","3","3","7","2",0,0,0,"000000000","00000000000",0,0,0,1,0,0,0,0,0,0,0,998,0,0,0,12,6,2,12,0,0,0,1,26,48811,6,1,0,0,3,3,63,103,1,0,0,0,1,6,2014,6,2014,0,0,0,0,0,1,2,55,1,3,2,2,0,0,1,62,99,1,1,51,"777777777777","777777777777","777777777777",1,0
26,260464,1,1,1,10,7,23,30,8,0,1,0,26,2,12,402,12402,14,2001,"1FMYU041X1KA","1","F","M","Y","U","0","4","1","X","1","K","A",0,0,0,"000000000","00000000000",0,0,0,1,0,0,0,0,0,0,0,998,0,0,0,11,2,3,8,0,0,0,1,26,48219,1,1,0,0,2,3,59,170,0,11,0,0,2,8,2014,6,2016,0,91,0,0,0,3,6,40,1,8,8,1,0,0,1,80,1,1,1,13,"777777777777","777777777777","777777777777",0,1
26,260465,1,1,2,22,7,21,34,42,0,1,0,0,0,98,998,98998,97,9999,"000000000000","0","0","0","0","0","0","0","0","0","0","0","0",0,0,0,"000000000","00000000000",0,0,0,1,0,0,0,0,0,0,0,998,0,0,0,9,2,3,42,0,0,0,1,26,49756,6,1,0,0,1,0,70,205,0,0,0,0,0,0,0,0,0,5,0,0,0,0,1,2,25,1,8,8,1,0,0,1,13,99,9,4,1,"777777777777","777777777777","777777777777",1,1
26,260466,1,1,1,17,7,1,11,33,0,1,0,26,1,37,705,37705,80,2007,"JH2RC53097M0","J","H","2","R","C","5","3","0","9","7","M","0",0,0,0,"000000000","00000000000",0,0,0,1,0,0,0,0,0,0,0,998,0,0,0,11,6,2,33,0,0,0,1,29,63129,2,1,0,0,2,0,72,195,2,8,2,1,2,3,2012,7,2016,0,36,0,0,0,2,3,35,2,1,1,1,0,0,14,12,99,1,4,6,"777777777777","777777777777","777777777777",1,1
26,260467,1,2,1,6,5,8,35,12,6,1,0,26,3,20,481,20481,31,2001,"1GCEC14T51Z2","1","G","C","E","C","1","4","T","5","1","Z","2",0,0,0,"000000000","00000000000",0,0,0,1,0,0,0,0,0,0,0,998,0,0,0,5,4,3,12,0,0,0,1,26,48465,6,1,0,0,3,0,66,165,0,0,0,0,0,0,0,0,0,0,38,0,0,0,1,4,55,1,8,2,1,0,0,11,15,99,1,1,68,"777777777777","777777777777","777777777777",0,0
26,260467,2,2,1,6,5,8,35,12,6,1,0,26,1,73,733,73733,90,2000,"JKAKXMLC1YA0","J","K","A","K","X","M","L","C","1","Y","A","0",0,0,0,"000000000","00000000000",0,0,0,1,0,0,0,0,0,0,0,998,0,0,0,12,4,3,12,0,0,0,1,26,48450,6,1,0,0,3,0,69,135,0,0,0,0,0,0,0,0,0,0,0,0,0,0,1,4,55,1,8,2,1,0,0,1,62,16,1,1,69,"777777777777","777777777777","777777777777",1,0
26,260468,1,1,1,25,7,23,23,35,0,1,0,26,1,20,481,20481,31,2000,"1GCGK24R1YR2","1","G","C","G","K","2","4","R","1","Y","R","2",0,0,0,"000000000","00000000000",0,0,0,1,0,0,0,0,0,0,0,998,0,0,0,1,6,2,2,0,0,1,1,26,49735,6,1,0,0,3,3,73,200,0,0,0,0,0,0,0,0,0,9,99,99,99,99,1,2,55,3,2,2,1,0,0,14,13,99,9,4,1,"777777777777","777777777777","777777777777",1,0
26,260469,1,2,1,27,7,16,19,12,6,1,0,51,3,87,884,87884,66,2016,"1XPBDP9X6GD3","1","X","P","B","D","P","9","X","6","G","D","3",1,1,57,"000192748","57000192748",3,6,2,1,0,0,0,0,0,0,0,998,0,0,0,3,2,3,12,0,0,0,1,13,30120,6,1,6,1,3,3,64,208,98,0,0,0,1,11,2011,11,2011,0,39,0,0,0,1,5,45,1,2,1,1,3,3,11,15,99,1,1,68,"888888888888","777777777777","777777777777",0,0
26,260469,2,2,1,27,7,16,19,12,6,1,0,26,1,53,706,53706,80,2001,"JS1GW71AX121","J","S","1","G","W","7","1","A","X","1","2","1",0,0,0,"000000000","00000000000",0,0,0,1,0,0,0,0,0,0,0,998,0,0,0,12,6,2,12,0,0,0,1,26,49509,6,1,0,0,3,0,67,210,0,0,0,0,0,0,0,0,0,0,0,0,0,0,1,5,45,1,2,1,1,3,3,1,62,99,2,1,69,"777777777777","777777777777","777777777777",1,0
26,260470,1,1,1,13,6,2,50,42,0,1,0,26,1,48,34,48034,6,2003,"4S3BH6757376","4","S","3","B","H","6","7","5","7","3","7","6",0,0,0,"000000000","00000000000",0,0,0,1,0,0,0,0,0,0,0,998,0,0,0,1,6,2,42,0,0,0,1,26,48473,6,1,0,0,3,0,71,270,1,0,0,0,0,2,2016,2,2016,0,99,99,99,99,1,4,35,3,8,8,1,0,0,14,9,99,4,4,2,"777777777777","777777777777","777777777777",1,0
26,260471,1,1,1,13,7,12,8,1,0,1,0,0,0,98,701,98701,81,2008,"LJ4TCBPN88J0","L","J","4","T","C","B","P","N","8","8","J","0",0,0,0,"000000000","00000000000",0,0,0,1,0,0,0,0,0,0,0,998,0,0,0,0,2,3,1,0,0,0,1,26,49406,6,1,0,0,3,3,74,220,0,0,0,1,0,1,2014,1,2014,0,0,0,0,0,1,2,35,1,8,8,1,0,0,1,98,99,1,1,98,"777777777777","777777777777","777777777777",1,0
26,260472,1,1,1,26,7,18,43,42,0,1,0,26,4,49,40,49040,4,2016,"4T1BF1FK1GU2","4","T","1","B","F","1","F","K","1","G","U","2",0,0,0,"000000000","00000000000",0,0,0,1,0,0,0,0,0,0,0,998,0,0,0,12,6,2,42,0,0,1,1,25,2170,6,1,0,0,3,0,72,999,0,0,0,0,0,0,0,0,0,5,99,99,99,99,1,2,98,1,8,8,11,0,0,1,6,99,2,4,7,"777777777777","777777777777","777777777777",1,0
26,260473,1,2,2,3,7,1,9,12,2,1,0,26,2,14,17,14017,4,2005,"1MEFM55S85A6","1","M","E","F","M","5","5","S","8","5","A","6",0,0,0,"000000000","00000000000",0,0,0,1,0,0,0,0,0,0,0,998,0,0,0,12,6,2,12,0,0,0,1,26,48125,1,1,0,0,2,0,71,145,2,16,0,0,6,10,2012,1,2016,0,28,0,0,0,1,4,40,1,8,8,1,0,0,1,10,99,1,2,50,"777777777777","777777777777","777777777777",1,0
26,260473,2,2,1,3,7,1,9,12,2,1,1,26,9,18,441,18441,20,2005,"5GADV33L05D2","5","G","A","D","V","3","3","L","0","5","D","2",0,0,0,"000000000","00000000000",0,0,0,1,0,0,0,0,0,0,0,998,0,0,0,12,6,2,12,0,0,0,1,99,99999,9,9,99,9,9,9,999,999,99,99,99,99,99,99,9999,99,9999,0,0,0,0,0,1,4,40,1,8,8,1,0,0,1,62,99,1,1,51,"777777777777","777777777777","777777777777",0,0
26,260474,1,3,1,27,7,14,23,12,1,1,0,26,3,51,884,51884,66,2007,"4V4NC9TJ57N4","4","V","4","N","C","9","T","J","5","7","N","4",1,1,57,"000515593","57000515593",3,6,1,1,0,0,0,0,0,0,0,998,0,0,0,12,6,2,12,0,0,0,1,26,48314,6,1,6,0,3,0,72,230,0,0,0,0,1,8,2013,8,2013,0,99,99,99,99,3,2,60,1,1,1,1,0,0,1,51,99,1,1,24,"888888888888","777777777777","777777777777",1,0
26,260474,2,3,1,27,7,14,23,12,1,1,0,95,9,82,884,82884,66,9999,"1FVXA7CK2FLG","1","F","V","X","A","7","C","K","2","F","L","G",1,1,57,"001107795","57001107795",3,6,1,1,0,0,0,0,0,0,0,998,0,0,0,6,6,2,12,0,0,0,1,95,0,9,9,99,9,9,9,999,999,99,99,99,99,99,99,9999,99,9999,0,0,0,0,0,3,2,60,1,1,1,1,0,0,1,53,1,1,1,25,"888888888888","777777777777","777777777777",0,0
26,260474,3,3,1,27,7,14,23,12,1,1,0,95,9,85,884,85884,66,2012,"1XKWD40X8CJ9","1","X","K","W","D","4","0","X","8","C","J","9",1,1,57,"002861124","57002861124",3,6,2,1,0,0,0,0,0,0,0,998,0,0,0,6,2,8,12,0,0,0,1,95,0,9,9,99,9,9,9,999,999,99,99,99,99,99,99,9999,99,9999,0,0,0,0,0,3,2,60,1,1,1,1,0,0,1,53,1,1,1,98,"888888888888","777777777777","777777777777",0,0
26,260475,1,2,1,30,7,11,54,12,6,1,0,26,1,7,442,7442,20,2001,"1B4GP45311B1","1","B","4","G","P","4","5","3","1","1","B","1",0,0,0,"000000000","00000000000",0,0,0,1,0,0,0,0,0,0,0,998,0,0,0,12,6,2,12,0,0,0,1,26,48455,6,1,0,0,3,0,69,350,1,0,0,0,0,1,2014,1,2014,0,39,0,0,0,1,2,55,1,8,5,2,20,3,1,17,99,1,1,88,"777777777777","777777777777","777777777777",0,0
26,260475,2,2,1,30,7,11,54,12,6,1,0,26,1,2,405,2405,14,2002,"1J4GL58K32W1","1","J","4","G","L","5","8","K","3","2","W","1",0,0,0,"000000000","00000000000",0,0,0,1,0,0,0,0,0,0,0,998,0,1,5,9,6,2,12,0,0,0,1,26,48455,6,1,0,0,3,3,64,130,1,0,0,0,0,7,2015,7,2015,0,99,99,99,99,1,2,55,1,1,5,2,0,0,1,66,99,1,1,89,"777777777777","777777777777","777777777777",1,0
26,260476,1,1,1,25,7,21,51,9,0,1,0,26,1,12,401,12401,14,2002,"1FMZU73E52UB","1","F","M","Z","U","7","3","E","5","2","U","B",0,0,0,"000000000","00000000000",0,0,0,1,0,0,0,0,0,0,0,998,0,0,0,12,2,8,9,0,0,0,1,26,48111,6,1,0,0,3,0,75,215,0,0,0,0,0,0,0,0,0,0,6,0,0,0,3,2,55,1,1,1,1,3,3,1,83,99,1,1,13,"777777777777","777777777777","777777777777",0,0
26,260477,1,1,1,30,7,1,51,7,0,1,0,26,1,37,705,37705,80,2008,"JH2PC40488M1","J","H","2","P","C","4","0","4","8","8","M","1",0,0,0,"000000000","00000000000",0,0,0,1,0,0,0,0,0,0,0,998,0,0,0,0,6,2,7,0,0,0,1,26,48823,6,1,0,0,3,0,72,150,0,0,0,1,0,6,2016,6,2016,0,99,99,99,99,1,2,35,2,1,1,1,0,0,14,99,99,9,9,0,"777777777777","777777777777","777777777777",1,0
26,260478,1,1,1,31,7,13,30,9,0,1,0,26,2,20,481,20481,31,1997,"2GCEK19R4V12","2","G","C","E","K","1","9","R","4","V","1","2",0,0,0,"000000000","00000000000",0,0,0,1,0,0,0,0,0,0,0,998,0,0,0,1,4,8,9,0,0,0,1,26,49814,6,1,0,0,3,3,74,315,0,0,0,0,0,0,0,0,0,0,0,0,0,0,1,2,55,1,2,2,1,0,0,1,83,6,1,1,13,"777777777777","777777777777","777777777777",0,0
26,260479,1,1,1,26,7,12,35,42,0,1,0,0,0,98,734,98734,90,2008,"3JBEPCJ188J0","3","J","B","E","P","C","J","1","8","8","J","0",0,0,0,"000000000","00000000000",0,0,0,1,0,0,0,0,0,0,0,998,0,1,5,12,6,2,42,0,0,0,1,26,49853,3,1,0,0,2,0,70,180,0,0,0,0,0,0,0,0,0,5,99,99,99,99,1,2,55,1,8,2,1,0,0,1,13,99,9,4,1,"777777777777","777777777777","777777777777",1,1
26,260480,1,2,2,30,7,5,20,12,2,1,0,26,2,20,16,20016,2,2003,"1G1JC12F6372","1","G","1","J","C","1","2","F","6","3","7","2",0,0,0,"000000000","00000000000",0,0,0,1,0,0,0,0,0,0,0,998,0,0,0,12,6,2,12,0,0,0,1,26,48504,6,1,0,0,3,0,63,150,0,0,0,0,0,0,0,0,0,0,51,0,0,0,3,3,70,1,1,1,1,0,0,1,54,99,1,1,52,"777777777777","777777777777","777777777777",1,1
26,260480,2,2,1,30,7,5,20,12,2,1,0,26,1,20,482,20482,31,2003,"3GNEK13T23G1","3","G","N","E","K","1","3","T","2","3","G","1",0,0,0,"000000000","00000000000",0,0,0,1,0,0,0,0,0,0,0,998,0,0,0,12,6,2,12,0,0,0,1,26,48433,6,1,0,0,3,3,75,245,0,0,0,0,0,0,0,0,0,0,0,0,0,0,1,2,70,1,1,1,1,0,0,1,54,99,1,1,52,"777777777777","777777777777","777777777777",0,0
26,260481,1,1,1,22,7,13,15,42,0,1,0,26,1,35,51,35051,6,2013,"JN8AS5MV4DW6","J","N","8","A","S","5","M","V","4","D","W","6",0,0,0,"000000000","00000000000",0,0,0,1,0,0,0,0,0,0,0,54,0,0,0,11,6,2,42,0,0,0,1,26,49094,6,1,0,0,3,0,66,280,1,2,0,0,2,5,2014,3,2016,9,99,99,99,99,1,2,55,1,1,2,1,0,0,1,13,1,1,4,1,"777777777777","777777777777","777777777777",1,0
26,260482,1,2,1,22,7,18,39,12,1,1,0,26,1,37,705,37705,80,2014,"JH2RC6806EK0","J","H","2","R","C","6","8","0","6","E","K","0",0,0,0,"000000000","00000000000",0,0,0,1,0,0,0,0,0,0,0,998,0,0,0,12,6,2,12,0,0,0,1,26,48708,6,1,0,0,3,0,67,135,0,0,0,1,1,9,2014,9,2014,0,85,0,0,0,1,4,55,1,8,8,1,0,0,1,50,1,1,1,20,"777777777777","777777777777","777777777777",1,0
26,260482,2,2,3,22,7,18,39,12,1,1,0,26,2,20,37,20037,4,2016,"1G1ZB5ST4GF1","1","G","1","Z","B","5","S","T","4","G","F","1",0,0,0,"000000000","00000000000",0,0,0,1,0,0,0,0,0,0,0,0,0,0,0,6,6,2,12,0,0,0,1,26,48746,6,1,0,0,3,0,69,260,0,0,0,1,0,7,2014,7,2014,0,0,0,0,0,1,4,55,1,8,8,1,0,0,5,53,1,1,1,21,"777777777777","777777777777","777777777777",0,0
26,260483,1,1,1,9,7,0,10,35,0,1,0,26,1,73,706,73706,80,2015,"JKBZXNF16FA0","J","K","B","Z","X","N","F","1","6","F","A","0",0,0,0,"000000000","00000000000",0,0,0,1,0,0,0,0,0,0,0,998,0,0,0,12,6,2,35,0,0,0,1,26,48316,6,1,0,0,3,0,78,350,1,0,1,0,0,8,2012,8,2012,5,0,0,0,0,3,3,55,3,8,8,1,0,0,14,13,99,2,4,1,"777777777777","777777777777","777777777777",1,0
26,260484,1,3,2,28,7,17,28,12,6,1,0,26,1,19,480,19480,31,2005,"3GYEK62N95G2","3","G","Y","E","K","6","2","N","9","5","G","2",0,0,0,"000000000","00000000000",0,0,0,1,0,0,0,0,0,0,0,998,0,0,0,12,6,2,12,0,0,0,1,26,49405,6,1,0,0,3,0,72,200,4,0,0,0,0,9,2012,4,2015,0,39,0,0,0,5,5,55,1,8,8,1,3,3,1,17,99,1,1,83,"777777777777","777777777777","777777777777",0,0
26,260484,2,3,1,28,7,17,28,12,6,1,0,26,2,7,442,7442,20,2007,"1D4GP25R27B2","1","D","4","G","P","2","5","R","2","7","B","2",0,0,0,"000000000","00000000000",0,0,0,1,0,0,0,0,0,0,0,998,0,0,0,11,6,2,12,0,0,0,1,26,49405,6,1,0,0,3,3,66,159,0,0,0,0,0,0,0,0,0,0,0,0,0,0,5,3,55,1,8,8,1,3,3,11,66,99,1,1,82,"777777777777","777777777777","777777777777",1,0
26,260484,3,3,2,28,7,17,28,12,6,1,0,26,2,6,441,6441,20,2005,"2C4GP54L55R3","2","C","4","G","P","5","4","L","5","5","R","3",0,0,0,"000000000","00000000000",0,0,0,1,0,0,0,0,0,0,0,998,0,0,0,1,4,3,12,0,0,0,1,26,49436,6,1,0,0,3,3,64,225,0,0,0,0,0,0,0,0,0,0,0,0,0,0,5,3,55,1,8,8,1,3,3,11,66,99,1,1,98,"777777777777","777777777777","777777777777",0,0
26,260485,1,1,1,2,7,22,55,5,0,1,0,26,1,98,705,98705,80,2016,"VBKEXP405GM4","V","B","K","E","X","P","4","0","5","G","M","4",0,0,0,"000000000","00000000000",0,0,0,1,0,0,0,0,0,0,0,998,0,0,0,0,2,3,5,0,0,0,1,26,48329,6,1,0,0,3,3,68,200,1,0,0,1,1,7,2013,1,2016,9,99,99,99,99,1,2,55,1,8,8,1,3,3,1,9,99,9,3,0,"777777777777","777777777777","777777777777",1,0
26,260486,1,2,2,2,7,2,30,12,6,1,0,26,1,14,6,14006,4,2003,"2MEFM74W53X6","2","M","E","F","M","7","4","W","5","3","X","6",0,0,0,"000000000","00000000000",0,0,0,1,0,0,0,0,0,0,0,998,0,0,0,9,6,2,12,0,0,0,1,26,48203,6,1,0,0,3,0,69,155,1,0,0,0,0,11,2014,11,2014,0,48,0,0,0,1,2,45,1,8,8,1,0,0,12,21,99,1,2,98,"777777777777","777777777777","777777777777",1,1
26,260486,2,2,2,2,7,2,30,12,6,1,0,26,2,55,33,55033,4,2006,"5NPEU46F06H0","5","N","P","E","U","4","6","F","0","6","H","0",0,0,0,"000000000","00000000000",0,0,0,1,0,0,0,0,0,0,0,998,0,0,0,12,6,2,12,0,0,0,1,26,48180,6,1,0,0,3,0,76,150,0,9,0,0,3,10,2014,7,2016,0,99,99,99,99,1,2,45,1,8,8,1,0,0,1,98,99,1,2,98,"777777777777","777777777777","777777777777",0,1
26,260487,1,1,1,20,7,19,15,5,0,1,0,26,2,37,701,37701,88,2009,"JH2AF60619K5","J","H","2","A","F","6","0","6","1","9","K","5",0,0,0,"000000000","00000000000",0,0,0,1,0,0,0,0,0,0,0,998,0,0,0,0,2,5,5,0,0,0,1,26,49436,6,1,0,0,2,0,65,159,0,0,0,0,0,0,0,0,0,0,28,0,0,0,1,2,35,2,2,2,1,0,0,14,9,7,2,2,0,"777777777777","777777777777","777777777777",1,0
26,260488,1,1,1,10,7,18,55,18,0,1,0,26,1,98,733,98733,90,2015,"4XAVDK998FB9","4","X","A","V","D","K","9","9","8","F","B","9",0,0,0,"000000000","00000000000",0,0,0,1,0,0,0,0,0,0,0,998,0,1,5,99,6,2,2,0,0,1,1,26,48457,6,1,0,0,3,0,66,150,0,0,0,0,0,0,0,0,0,5,99,99,99,99,1,2,55,1,8,8,11,0,0,1,12,99,1,4,6,"777777777777","777777777777","777777777777",1,0
26,260489,1,3,1,23,7,11,48,12,1,1,0,26,1,22,22,22022,4,2008,"1G2ZG57B2842","1","G","2","Z","G","5","7","B","2","8","4","2",0,0,0,"000000000","00000000000",0,0,0,1,0,0,0,0,0,0,0,998,0,0,0,12,4,3,12,0,0,0,1,26,48048,6,1,0,0,3,0,62,200,0,0,0,0,0,0,0,0,0,0,0,0,0,0,5,5,50,1,1,2,1,3,3,1,50,16,2,1,20,"777777777777","777777777777","777777777777",0,0