"STATE","ST_CASE","VEH_NO","VE_FORMS","NUMOCCS","DAY","MONTH","HOUR","MINUTE","HARM_EV","MAN_COLL","UNITTYPE","HIT_RUN","REG_STAT","OWNER","MAKE","MODEL","MAK_MOD","BODY_TYP","MOD_YEAR","VIN","VIN_1","VIN_2","VIN_3","VIN_4","VIN_5","VIN_6","VIN_7","VIN_8","VIN_9","VIN_10","VIN_11","VIN_12","TOW_VEH","J_KNIFE","MCARR_I1","MCARR_I2","MCARR_ID","GVWR","V_CONFIG","CARGO_BT","HAZ_INV","HAZ_PLAC","HAZ_ID","HAZ_CNO","HAZ_REL","BUS_USE","SPEC_USE","EMER_USE","TRAV_SP","UNDERIDE","ROLLOVER","ROLINLOC","IMPACT1","DEFORMED","TOWED","M_HARM","VEH_SC1","VEH_SC2","FIRE_EXP","DR_PRES","L_STATE","DR_ZIP","L_STATUS","L_TYPE","CDL_STAT","L_ENDORS","L_COMPL","L_RESTRI","DR_HGT","DR_WGT","PREV_ACC","PREV_SUS","PREV_DWI","PREV_SPD","PREV_OTH","FIRST_MO","FIRST_YR","LAST_MO","LAST_YR","SPEEDREL","DR_SF1","DR_SF2","DR_SF3","DR_SF4","VTRAFWAY","VNUM_LAN","VSPD_LIM","VALIGN","VPROFILE","VPAVETYP","VSURCOND","VTRAFCON","VTCONT_F","P_CRASH1","P_CRASH2","P_CRASH3","PCRASH4","PCRASH5","ACC_TYPE","TRLR1VIN","TRLR2VIN","TRLR3VIN","DEATHS","DR_DRINK"
26,260489,2,3,1,23,7,11,48,12,1,1,0,26,1,72,706,72706,80,2010,"1HD1KEM1XAB6","1","H","D","1","K","E","M","1","X","A","B","6",0,0,0,"000000000","00000000000",0,0,0,1,0,0,0,0,0,0,0,0,0,0,0,6,6,2,12,0,0,0,1,26,48450,6,1,0,0,3,0,69,203,1,0,0,0,0,10,2015,10,2015,0,0,0,0,0,5,5,50,1,1,2,1,3,3,5,53,1,1,1,21,"777777777777","777777777777","777777777777",1,0
26,260489,3,3,2,23,7,11,48,12,1,1,0,26,2,20,403,20403,14,2003,"1GNDT13S3323","1","G","N","D","T","1","3","S","3","3","2","3",0,0,0,"000000000","00000000000",0,0,0,1,0,0,0,0,0,0,0,0,0,0,0,6,2,5,12,0,0,0,1,26,48006,6,1,6,0,3,3,70,215,1,0,0,0,0,6,2015,6,2015,0,0,0,0,0,5,5,50,1,1,2,1,3,3,5,53,1,1,1,98,"777777777777","777777777777","777777777777",0,0
26,260490,1,2,1,3,7,19,0,12,1,1,1,26,1,18,2,18002,4,2000,"1G4HP54K6YU2","1","G","4","H","P","5","4","K","6","Y","U","2",0,0,0,"000000000","00000000000",0,0,0,1,0,0,0,0,0,0,0,998,0,0,0,12,6,2,8,0,0,0,1,26,48212,6,1,0,0,3,0,68,128,0,0,0,0,0,0,0,0,0,0,36,0,0,0,3,3,35,1,8,8,1,3,3,1,50,99,1,1,20,"777777777777","777777777777","777777777777",0,0
26,260490,2,2,2,3,7,19,0,12,1,1,0,26,1,6,51,6051,4,2005,"2C3JA53GX5H6","2","C","3","J","A","5","3","G","X","5","H","6",0,0,0,"000000000","00000000000",0,0,0,1,0,0,0,0,0,0,0,0,0,0,0,6,6,2,12,0,0,0,1,26,48213,3,1,0,0,2,3,66,155,0,0,0,0,1,9,2013,9,2013,0,0,0,0,0,3,3,35,1,8,8,1,3,3,5,53,99,1,1,21,"777777777777","777777777777","777777777777",0,0
26,260491,1,2,1,1,8,18,33,12,6,1,0,26,1,20,22,20022,4,2010,"1G1AF5F58A71","1","G","1","A","F","5","F","5","8","A","7","1",0,0,0,"000000000","00000000000",0,0,0,1,0,0,0,0,0,0,0,998,0,0,0,12,6,2,12,0,0,0,1,26,48875,6,1,0,0,3,0,65,145,0,0,0,0,0,0,0,0,0,0,39,0,0,0,1,2,98,1,8,8,1,20,3,1,17,99,1,1,86,"777777777777","777777777777","777777777777",1,0
26,260491,2,2,1,1,8,18,33,12,6,1,0,18,4,51,884,51884,66,2014,"4V4NC9TH3EN1","4","V","4","N","C","9","T","H","3","E","N","1",1,1,57,"000157347","57000157347",3,6,1,1,0,0,0,0,0,0,0,998,0,0,0,3,4,3,12,0,0,0,1,55,54546,6,1,6,0,3,3,75,220,0,0,0,0,1,9,2014,9,2014,0,0,0,0,0,5,5,98,1,1,2,1,0,0,1,66,99,1,1,87,"888888888888","777777777777","777777777777",0,0
26,260492,1,2,1,12,5,15,38,12,2,1,0,26,1,72,706,72706,80,2006,"1HD1FVW186Y6","1","H","D","1","F","V","W","1","8","6","Y","6",0,0,0,"000000000","00000000000",0,0,0,1,0,0,0,0,0,0,0,998,0,0,0,12,4,3,12,0,0,0,1,26,48382,6,1,0,0,3,3,70,200,2,0,0,1,1,6,2012,1,2015,5,99,99,99,99,1,2,25,3,2,1,1,0,0,14,62,99,1,1,69,"777777777777","777777777777","777777777777",1,0
26,260492,2,2,1,12,5,15,38,12,2,1,0,26,1,2,406,2406,14,2007,"1J8HH48P67C5","1","J","8","H","H","4","8","P","6","7","C","5",0,0,0,"000000000","00000000000",0,0,0,1,0,0,0,0,0,0,0,998,0,0,0,12,4,3,12,0,0,0,1,26,48238,6,1,0,0,3,0,69,180,0,0,0,0,0,0,0,0,0,0,99,99,99,99,1,2,25,2,2,1,1,0,0,11,15,99,1,2,68,"777777777777","777777777777","777777777777",0,0
26,260493,1,2,1,1,8,8,43,12,7,1,0,26,1,98,706,98706,80,2007,"4MZWX03D9735","4","M","Z","W","X","0","3","D","9","7","3","5",0,0,0,"000000000","00000000000",0,0,0,1,0,0,0,0,0,0,0,998,0,0,0,1,4,3,12,0,0,0,1,26,48507,6,1,0,0,3,3,70,170,1,0,0,1,0,6,2015,7,2015,5,99,99,99,99,3,3,60,1,1,1,1,0,0,1,11,99,1,2,44,"777777777777","777777777777","777777777777",1,0
26,260493,2,2,1,1,8,8,43,12,7,1,0,18,4,84,884,84884,66,2011,"3HSDJSJR58N3","3","H","S","D","J","S","J","R","5","8","N","3",1,1,57,"000120474","57000120474",3,6,1,1,0,0,0,0,0,0,0,998,0,0,0,7,2,8,12,0,0,0,1,26,48451,6,1,6,0,3,3,64,130,0,0,0,0,0,0,0,0,0,0,0,0,0,0,3,3,60,1,1,1,1,0,0,1,61,99,1,1,45,"888888888888","777777777777","777777777777",0,0
26,260494,1,1,2,2,8,21,15,11,0,1,0,26,1,77,706,77706,80,2014,"5VPTW36N1E30","5","V","P","T","W","3","6","N","1","E","3","0",0,0,0,"000000000","00000000000",0,0,0,1,0,0,0,0,0,0,0,998,0,0,0,12,6,2,11,0,0,0,1,26,48375,6,1,0,0,3,0,72,225,0,0,0,0,0,0,0,0,0,0,0,0,0,0,1,2,55,1,1,2,1,0,0,1,87,99,1,1,13,"777777777777","777777777777","777777777777",1,0
26,260495,1,1,1,2,8,22,16,1,0,1,0,26,2,72,706,72706,80,2003,"1HD1BJY163Y0","1","H","D","1","B","J","Y","1","6","3","Y","0",0,0,0,"000000000","00000000000",0,0,0,1,0,0,0,0,0,0,0,998,0,0,0,0,4,3,1,0,0,0,1,26,48458,1,1,0,0,2,0,73,230,0,5,1,1,2,3,2014,11,2015,0,99,99,99,99,1,2,25,1,8,2,1,0,0,1,98,99,1,2,98,"777777777777","777777777777","777777777777",1,1
26,260496,1,2,2,4,8,16,30,12,8,1,0,26,2,72,706,72706,80,2001,"1HD1BWB111Y0","1","H","D","1","B","W","B","1","1","1","Y","0",0,0,0,"000000000","00000000000",0,0,0,1,0,0,0,0,0,0,0,998,0,0,0,11,4,3,12,0,0,0,1,18,46227,6,1,0,0,2,0,68,152,0,0,0,0,0,0,0,0,0,5,0,0,0,0,1,2,55,2,1,2,1,0,0,1,6,99,2,2,64,"777777777777","777777777777","777777777777",2,1
26,260496,2,2,1,4,8,16,30,12,8,1,0,26,1,20,37,20037,4,2012,"1G1ZB5E05CF2","1","G","1","Z","B","5","E","0","5","C","F","2",0,0,0,"000000000","00000000000",0,0,0,1,0,0,0,0,0,0,0,998,0,0,0,11,4,3,12,0,0,0,1,26,49670,6,1,0,0,3,0,64,130,0,0,0,1,0,9,2012,9,2012,0,0,0,0,0,1,2,55,3,1,2,1,0,0,14,62,99,1,1,65,"777777777777","777777777777","777777777777",0,0
26,260497,1,1,1,2,8,18,5,49,0,1,0,26,2,20,481,20481,31,2005,"1GCHK23265F9","1","G","C","H","K","2","3","2","6","5","F","9",1,1,0,"000000000","00000000000",0,0,0,1,0,0,0,0,0,0,0,998,0,0,0,12,6,2,49,0,0,0,1,26,49337,6,2,0,0,3,0,74,150,0,0,0,0,0,0,0,0,0,0,0,0,0,0,1,2,55,1,8,8,1,0,0,1,83,9,2,1,13,"888888888888","777777777777","777777777777",0,0
26,260498,1,1,1,3,8,22,53,11,0,1,0,26,1,76,706,76706,80,1981,"JYA4X7004BA0","J","Y","A","4","X","7","0","0","4","B","A","0",0,0,0,"000000000","00000000000",0,0,0,1,0,0,0,0,0,0,0,998,0,0,0,12,4,3,1,0,0,0,1,26,48911,6,1,0,0,3,0,70,195,0,0,0,1,0,11,2012,11,2012,0,83,0,0,0,5,5,45,1,1,2,1,0,0,1,87,99,1,1,13,"777777777777","777777777777","777777777777",1,0
26,260499,1,2,5,6,8,11,18,12,6,1,0,26,1,35,49,35049,6,2011,"JN8AZ1MW7BW1","J","N","8","A","Z","1","M","W","7","B","W","1",0,0,0,"000000000","00000000000",0,0,0,1,0,0,0,0,0,0,0,998,0,1,5,12,6,2,12,0,0,0,1,26,48879,6,1,0,0,3,0,69,200,0,0,0,1,0,8,2013,8,2013,0,0,0,0,0,1,2,55,1,1,2,1,0,0,1,67,99,1,1,83,"777777777777","777777777777","777777777777",1,0
26,260499,2,2,1,6,8,11,18,12,6,1,0,26,2,18,421,18421,15,2014,"5GAKVBKD0EJ1","5","G","A","K","V","B","K","D","0","E","J","1",0,0,0,"000000000","00000000000",0,0,0,1,0,0,0,0,0,0,0,998,0,0,0,11,6,2,12,0,0,0,1,26,49620,6,1,0,0,3,3,72,230,0,0,0,0,0,0,0,0,0,0,99,99,99,99,1,2,55,1,8,8,1,20,3,11,15,99,1,1,82,"777777777777","777777777777","777777777777",1,0
26,260500,1,1,1,5,8,15,12,7,0,1,0,26,1,21,401,21401,14,2000,"1GHDT13W9Y23","1","G","H","D","T","1","3","W","9","Y","2","3",0,0,0,"000000000","00000000000",0,0,0,1,0,0,0,0,0,0,0,998,0,1,5,0,6,2,1,0,0,0,1,26,49007,6,1,0,0,3,0,63,220,0,0,0,0,0,0,0,0,0,0,80,0,0,0,3,2,70,1,1,1,1,0,0,1,98,99,1,1,0,"777777777777","777777777777","777777777777",1,0
26,260501,1,2,1,6,8,22,19,12,2,1,0,26,2,18,3,18003,4,1997,"1G4CW52K3V46","1","G","4","C","W","5","2","K","3","V","4","6",0,0,0,"000000000","00000000000",0,0,0,1,0,0,0,0,0,0,0,998,0,0,0,12,6,2,12,0,0,0,1,26,49276,6,1,0,0,3,0,75,221,1,0,0,2,0,9,2013,6,2016,0,33,0,0,0,1,2,45,1,1,2,1,0,0,6,54,99,1,1,50,"777777777777","777777777777","777777777777",0,1
26,260501,2,2,2,6,8,22,19,12,2,1,0,26,1,72,706,72706,80,1999,"1HD1FHW14XY6","1","H","D","1","F","H","W","1","4","X","Y","6",0,0,0,"000000000","00000000000",0,0,0,1,0,0,0,0,0,0,0,998,0,0,0,12,6,2,12,0,0,0,1,26,48133,6,1,0,0,3,0,72,170,0,0,0,0,0,0,0,0,0,0,0,0,0,0,1,2,45,1,1,2,1,0,0,1,54,99,1,1,51,"777777777777","777777777777","777777777777",2,1
26,260502,1,3,1,4,8,14,39,12,6,1,0,26,2,49,40,49040,4,2014,"4T1BF1FK3EU7","4","T","1","B","F","1","F","K","3","E","U","7",0,0,0,"000000000","00000000000",0,0,0,1,0,0,0,0,0,0,0,998,0,0,0,5,2,3,12,32,0,0,1,26,48820,6,1,0,0,3,0,63,150,2,0,0,0,0,3,2014,6,2014,0,38,0,0,0,5,5,55,2,8,8,1,3,3,11,15,99,1,1,68,"777777777777","777777777777","777777777777",0,0
26,260502,2,3,1,4,8,14,39,12,6,1,0,26,1,76,706,76706,80,2001,"JYAVP11E21A0","J","Y","A","V","P","1","1","E","2","1","A","0",0,0,0,"000000000","00000000000",0,0,0,1,0,0,0,0,0,0,0,998,0,0,0,1,6,2,12,0,0,0,1,26,48876,6,1,0,0,3,3,65,145,0,0,0,0,0,0,0,0,0,0,0,0,0,0,5,5,55,3,8,8,1,3,3,14,62,1,2,1,69,"777777777777","777777777777","777777777777",1,0
26,260502,3,3,1,4,8,14,39,12,6,1,0,26,2,59,403,59403,14,2015,"2T2BK1BA2FC3","2","T","2","B","K","1","B","A","2","F","C","3",0,0,0,"000000000","00000000000",0,0,0,1,0,0,0,0,0,0,0,0,0,0,0,12,6,2,12,0,0,0,1,12,32766,6,1,0,0,3,0,70,999,0,0,0,0,0,0,0,0,0,0,0,0,0,0,5,5,55,2,8,8,1,3,3,5,62,1,1,1,98,"777777777777","777777777777","777777777777",0,0
26,260503,1,2,1,7,8,2,37,12,1,1,0,26,2,7,442,7442,20,2004,"1D4GP24R84B6","1","D","4","G","P","2","4","R","8","4","B","6",0,0,0,"000000000","00000000000",0,0,0,1,0,0,0,0,0,0,0,998,0,0,0,12,6,2,14,0,0,0,1,26,48228,0,0,0,0,0,0,74,273,0,17,0,1,4,9,2012,3,2015,0,36,0,0,0,3,3,55,1,1,1,1,0,0,1,51,99,1,1,24,"777777777777","777777777777","777777777777",0,1
26,260503,2,2,2,7,8,2,37,12,1,1,0,26,2,20,2,20002,4,2008,"2G1WB58K0891","2","G","1","W","B","5","8","K","0","8","9","1",0,0,0,"000000000","00000000000",0,0,0,1,0,0,0,0,0,0,0,998,0,0,0,6,4,3,12,0,0,0,1,26,48228,6,1,0,0,3,0,65,155,0,2,0,0,1,10,2015,1,2016,0,0,0,0,0,3,3,55,1,1,1,1,0,0,1,53,1,1,1,25,"777777777777","777777777777","777777777777",0,0
26,260504,1,2,4,8,8,0,2,12,1,1,0,26,2,7,27,7027,6,2009,"3D4GH57V99T5","3","D","4","G","H","5","7","V","9","9","T","5",0,0,0,"000000000","00000000000",0,0,0,1,0,0,0,0,0,0,0,998,0,0,0,6,2,3,12,0,0,0,1,26,48234,6,1,0,0,3,0,62,220,0,2,0,1,1,9,2015,12,2015,0,0,0,0,0,3,3,55,1,8,8,1,0,0,15,53,1,1,1,25,"777777777777","777777777777","777777777777",0,0
26,260504,2,2,2,8,8,0,2,12,1,1,0,26,1,53,706,53706,80,2011,"JS1GN7FA9B21","J","S","1","G","N","7","F","A","9","B","2","1",0,0,0,"000000000","00000000000",0,0,0,1,0,0,0,0,0,0,0,998,0,0,0,12,6,2,12,0,0,0,1,26,48235,1,1,0,0,2,0,69,175,2,11,0,4,0,8,2012,7,2016,5,36,0,0,0,3,3,55,1,8,8,1,0,0,1,51,99,1,1,24,"777777777777","777777777777","777777777777",1,0
26,260505,1,2,2,9,8,8,0,12,1,1,0,26,2,20,471,20471,30,2001,"1GCCS14551K1","1","G","C","C","S","1","4","5","5","1","K","1",0,0,0,"000000000","00000000000",0,0,0,1,0,0,0,0,0,0,0,998,0,0,0,12,6,2,12,0,0,0,1,26,48917,6,1,0,0,3,3,70,140,1,0,0,0,0,4,2016,4,2016,0,6,0,0,0,2,3,65,1,1,1,1,0,0,1,52,99,1,1,28,"777777777777","777777777777","777777777777",2,1
26,260505,2,2,1,9,8,8,0,12,1,1,0,26,3,85,884,85884,66,2007,"1XKADB9X17J1","1","X","K","A","D","B","9","X","1","7","J","1",1,1,57,"001620774","57001620774",3,6,1,1,0,0,0,0,0,0,0,998,0,0,0,6,2,3,12,0,0,0,1,26,49302,6,1,6,0,3,0,68,155,0,0,0,1,0,5,2016,5,2016,0,0,0,0,0,2,3,65,1,1,1,1,0,0,2,15,1,1,1,29,"888888888888","777777777777","777777777777",0,0
26,260506,1,2,2,11,8,14,10,12,6,1,0,26,2,2,404,2404,14,1999,"1J4FF68S2XL5","1","J","4","F","F","6","8","S","2","X","L","5",0,0,0,"000000000","00000000000",0,0,0,1,0,0,0,0,0,0,0,998,0,1,1,9,6,2,12,0,0,0,1,26,49601,6,1,0,0,3,0,67,135,0,0,0,0,1,6,2015,6,2015,0,39,0,0,0,1,2,55,1,8,8,1,20,3,1,17,99,1,1,89,"777777777777","777777777777","777777777777",1,0
26,260506,2,2,2,11,8,14,10,12,6,1,0,26,3,22,403,22403,14,2008,"2CKDL43FX863","2","C","K","D","L","4","3","F","X","8","6","3",0,0,0,"000000000","00000000000",0,0,0,1,0,0,0,0,0,0,0,998,0,0,0,12,6,2,12,0,0,0,1,26,49655,6,1,6,0,3,0,69,160,1,0,0,0,0,5,2013,5,2013,0,0,0,0,0,1,2,55,1,1,1,1,0,0,1,66,99,1,1,88,"777777777777","777777777777","777777777777",0,0
26,260507,1,1,2,8,8,20,30,42,0,1,0,26,1,23,422,23422,15,2006,"1GKEK13TX6R1","1","G","K","E","K","1","3","T","X","6","R","1",0,0,0,"000000000","00000000000",0,0,0,1,0,0,0,0,0,0,0,998,0,0,0,11,6,2,42,0,0,0,1,26,49799,6,1,0,0,3,0,63,120,0,1,0,2,0,8,2011,7,2016,0,99,99,99,99,1,2,50,1,1,2,1,0,0,1,12,1,1,4,6,"777777777777","777777777777","777777777777",1,0
26,260508,1,1,1,11,8,9,28,9,0,1,0,26,2,7,482,7482,31,2006,"1D7HU18N16S5","1","D","7","H","U","1","8","N","1","6","S","5",0,0,0,"000000000","00000000000",0,0,0,1,0,0,0,0,0,0,0,998,0,0,0,1,2,3,9,0,0,0,1,26,49112,6,1,0,0,3,0,72,205,1,0,0,0,1,2,2015,5,2016,0,0,0,0,0,1,2,55,1,1,2,1,0,0,1,83,99,1,1,13,"777777777777","777777777777","777777777777",0,0
26,260509,1,1,1,12,8,16,40,42,0,1,0,39,1,20,481,20481,31,2002,"1GCDT19WX282","1","G","C","D","T","1","9","W","X","2","8","2",0,0,0,"000000000","00000000000",0,0,0,1,0,0,0,0,0,0,0,998,0,0,0,12,6,2,42,0,0,0,1,39,43623,6,1,0,0,3,0,70,195,0,0,0,1,1,1,2012,2,2015,0,99,99,99,99,1,2,50,1,1,2,1,0,0,1,12,99,1,4,6,"777777777777","777777777777","777777777777",1,1
26,260510,1,1,2,12,8,19,0,52,0,1,0,26,1,19,5,19005,2,1999,"1G6ET1292XU6","1","G","6","E","T","1","2","9","2","X","U","6",0,0,0,"000000000","00000000000",0,0,0,1,0,0,0,0,0,0,0,998,0,0,0,3,6,2,52,0,0,0,1,26,48439,1,1,0,0,2,0,69,140,2,2,0,2,2,2,2015,3,2016,9,6,91,0,0,3,3,70,1,1,2,2,0,0,1,12,99,1,4,6,"777777777777","777777777777","777777777777",1,0
26,260511,1,2,1,5,8,18,46,12,1,1,1,26,1,20,481,20481,31,1995,"1GCEK19K7SE1","1","G","C","E","K","1","9","K","7","S","E","1",0,0,0,"000000000","00000000000",0,0,0,1,0,0,0,0,0,0,0,998,0,0,0,12,6,8,12,0,0,0,1,26,48060,6,1,0,0,3,0,70,165,1,0,0,0,0,4,2015,4,2015,5,0,0,0,0,1,4,35,1,1,2,1,0,0,1,51,99,1,1,24,"777777777777","777777777777","777777777777",0,0
26,260511,2,2,2,5,8,18,46,12,1,1,0,26,1,72,706,72706,80,2006,"1HD1FCW196Y6","1","H","D","1","F","C","W","1","9","6","Y","6",0,0,0,"000000000","00000000000",0,0,0,1,0,0,0,0,0,0,0,998,0,0,0,6,6,8,12,0,0,0,1,26,48313,6,1,6,0,3,0,69,190,1,0,0,0,0,10,2011,10,2011,0,0,0,0,0,1,4,35,1,1,2,1,0,0,1,53,1,1,1,25,"777777777777","777777777777","777777777777",1,0
26,260512,1,1,1,7,8,12,48,9,0,1,0,26,3,20,2,20002,4,2008,"2G1WT58N1891","2","G","1","W","T","5","8","N","1","8","9","1",0,0,0,"000000000","00000000000",0,0,0,1,0,0,0,0,0,0,0,998,0,0,0,1,2,3,9,0,0,0,1,26,49770,6,1,0,0,3,3,69,200,2,0,0,0,1,1,2013,2,2015,0,6,0,0,0,5,3,55,1,1,2,1,0,0,1,83,99,1,4,3,"777777777777","777777777777","777777777777",0,0
26,260513,1,1,1,13,8,22,49,8,0,1,0,26,1,2,405,2405,14,2008,"1J8GN28K28W1","1","J","8","G","N","2","8","K","2","8","W","1",0,0,0,"000000000","00000000000",0,0,0,1,0,0,0,0,0,0,0,998,0,0,0,12,4,3,8,0,0,0,1,26,48532,6,1,0,0,3,0,62,170,0,0,0,0,0,0,0,0,0,0,0,0,0,0,5,5,55,1,8,8,1,0,0,1,80,6,1,1,13,"777777777777","777777777777","777777777777",0,0
26,260514,1,2,1,17,8,13,3,12,6,1,0,26,1,14,36,14036,4,1997,"1MELM13P1VW6","1","M","E","L","M","1","3","P","1","V","W","6",0,0,0,"000000000","00000000000",0,0,0,1,0,0,0,0,0,0,0,998,0,0,0,9,6,2,12,0,0,0,1,26,48082,6,1,0,0,3,0,64,170,0,0,0,0,0,0,0,0,0,0,38,0,0,0,0,0,0,0,0,0,0,20,3,11,15,99,1,1,82,"777777777777","777777777777","777777777777",1,0
26,260514,2,2,1,17,8,13,3,12,6,1,0,26,3,98,884,98884,66,2000,"2FZYEXYB7YAF","2","F","Z","Y","E","X","Y","B","7","Y","A","F",1,1,57,"001681610","57001681610",3,6,4,1,0,0,0,0,0,0,0,998,0,0,0,12,4,8,12,0,0,0,1,26,48381,6,1,6,0,3,0,75,250,0,0,0,0,0,0,0,0,0,0,0,0,0,0,5,5,35,1,1,1,1,0,0,1,72,99,1,1,83,"5MADS2053WC0","777777777777","777777777777",0,0
26,260515,1,1,1,21,8,7,30,1,0,1,0,26,1,12,13,12013,4,1995,"3FASP13J2SR2","3","F","A","S","P","1","3","J","2","S","R","2",0,0,0,"000000000","00000000000",0,0,0,1,0,0,0,0,0,0,0,998,0,2,5,0,6,2,32,0,0,0,1,26,48813,6,1,0,0,3,0,68,205,1,0,0,2,0,12,2012,12,2015,5,99,99,99,99,2,2,70,1,2,2,2,0,0,1,13,99,1,4,1,"777777777777","777777777777","777777777777",1,1
26,260516,1,2,1,8,8,15,29,12,6,1,0,26,1,12,32,12032,4,2013,"3FADP4EJXDM1","3","F","A","D","P","4","E","J","X","D","M","1",0,0,0,"000000000","00000000000",0,0,0,1,0,0,0,0,0,0,0,998,0,0,0,3,6,8,12,0,0,0,1,26,48335,6,1,0,0,3,3,71,170,0,0,0,0,0,0,0,0,0,0,38,0,0,0,1,2,98,1,8,8,1,20,3,1,17,99,1,1,87,"777777777777","777777777777","777777777777",0,0
26,260516,2,2,1,8,8,15,29,12,6,1,0,26,1,53,706,53706,80,2003,"JS1GT75A6321","J","S","1","G","T","7","5","A","6","3","2","1",0,0,0,"000000000","00000000000",0,0,0,1,0,0,0,0,0,0,0,998,0,0,0,12,6,8,12,0,0,0,1,26,48135,6,1,0,0,3,0,74,225,1,0,0,2,0,3,2012,9,2015,0,0,0,0,0,1,2,35,1,1,2,1,0,0,1,66,7,9,1,86,"777777777777","777777777777","777777777777",1,0
26,260517,1,2,4,8,8,16,5,12,6,1,0,26,2,22,20,22020,4,2006,"2G2WR5546612","2","G","2","W","R","5","5","4","6","6","1","2",0,0,0,"000000000","00000000000",0,0,0,1,0,0,0,0,0,0,0,998,0,0,0,3,6,2,12,0,0,0,1,26,48618,6,1,0,0,3,0,70,225,1,0,0,1,1,3,2012,7,2014,0,38,0,0,0,1,2,55,1,8,8,1,0,0,11,15,99,1,1,68,"777777777777","777777777777","777777777777",0,0
26,260517,2,2,1,8,8,16,5,12,6,1,0,26,1,37,706,37706,80,2007,"1HFSC55007A3","1","H","F","S","C","5","5","0","0","7","A","3",0,0,0,"000000000","00000000000",0,0,0,1,0,0,0,0,0,0,0,998,0,0,0,12,9,3,12,0,0,0,1,26,48657,6,1,0,0,3,3,73,175,0,0,0,0,0,0,0,0,0,0,0,0,0,0,1,2,55,1,8,8,1,0,0,1,62,99,9,1,69,"777777777777","777777777777","777777777777",1,0
26,260518,1,2,1,10,8,6,30,12,6,1,0,26,2,14,17,14017,4,2001,"1MEFM55SX1G6","1","M","E","F","M","5","5","S","X","1","G","6",0,0,0,"000000000","00000000000",0,0,0,1,0,0,0,0,0,0,0,998,0,0,0,12,4,3,12,0,0,0,1,26,49424,3,1,0,0,2,3,69,240,2,0,0,0,4,2,2013,6,2016,0,38,0,0,0,5,5,45,1,1,2,1,3,3,11,15,99,1,1,68,"777777777777","777777777777","777777777777",0,0
26,260518,2,2,1,10,8,6,30,12,6,1,0,26,1,37,705,37705,80,1984,"JH2RC1900EM0","J","H","2","R","C","1","9","0","0","E","M","0",0,0,0,"000000000","00000000000",0,0,0,1,0,0,0,0,0,0,0,998,0,0,0,11,6,2,12,0,0,0,1,26,49423,6,1,0,0,3,3,66,184,1,0,0,0,0,5,2016,5,2016,0,0,0,0,0,5,5,45,1,1,2,1,3,3,1,62,99,1,1,69,"777777777777","777777777777","777777777777",1,0
26,260519,1,2,2,5,8,16,20,12,2,1,0,26,1,22,20,22020,4,2001,"1G2WK52JX1F1","1","G","2","W","K","5","2","J","X","1","F","1",0,0,0,"000000000","00000000000",0,0,0,1,0,0,0,0,0,0,0,998,0,0,0,12,4,3,12,0,0,0,1,26,49620,6,1,0,0,3,0,63,130,1,0,0,0,2,2,2013,6,2013,0,28,0,0,0,1,2,55,1,1,2,1,0,0,11,15,99,1,1,68,"777777777777","777777777777","777777777777",0,0
26,260519,2,2,1,5,8,16,20,12,2,1,0,26,1,72,706,72706,80,2016,"1HD1GNM16GC3","1","H","D","1","G","N","M","1","6","G","C","3",0,0,0,"000000000","00000000000",0,0,0,1,0,0,0,0,0,0,0,998,0,0,0,12,4,3,12,0,0,0,1,26,48529,6,1,0,0,2,0,70,200,0,0,0,0,0,0,0,0,0,0,99,99,99,99,1,2,55,1,1,2,1,0,0,1,62,99,1,1,69,"777777777777","777777777777","777777777777",1,0
26,260520,1,1,1,21,8,10,52,24,0,1,0,26,1,34,705,34705,80,2015,"WB1013406FZT","W","B","1","0","1","3","4","0","6","F","Z","T",0,0,0,"000000000","00000000000",0,0,0,1,0,0,0,0,0,0,0,998,0,0,0,1,6,2,59,0,0,0,1,26,48045,6,1,0,0,3,0,69,230,1,0,0,0,0,11,2012,11,2012,5,99,99,99,99,1,2,55,3,2,2,1,0,0,14,6,99,1,4,1,"777777777777","777777777777","777777777777",1,0
26,260521,1,2,1,11,8,16,30,12,6,1,0,17,1,37,402,37402,14,2013,"5J6RM4H71DL0","5","J","6","R","M","4","H","7","1","D","L","0",0,0,0,"000000000","00000000000",0,0,0,1,0,0,0,0,0,0,0,998,0,0,0,9,6,2,12,0,0,0,1,17,60563,6,1,0,0,3,0,64,125,0,0,0,0,0,0,0,0,0,0,38,0,0,0,0,0,0,0,0,0,0,0,0,1,19,99,1,1,89,"777777777777","777777777777","777777777777",1,1
26,260521,2,2,1,11,8,16,30,12,6,1,0,26,1,20,471,20471,30,1998,"1GCCT14W8WK2","1","G","C","C","T","1","4","W","8","W","K","2",0,0,0,"000000000","00000000000",0,0,0,1,0,0,0,0,0,0,0,998,0,0,0,12,6,2,12,0,0,0,1,26,49706,6,2,0,0,3,0,72,240,0,0,0,0,0,0,0,0,0,0,0,0,0,0,1,2,55,1,2,2,1,0,0,1,73,16,2,1,88,"777777777777","777777777777","777777777777",0,0
26,260522,1,1,5,20,8,7,56,42,0,1,0,26,2,12,481,12481,31,2008,"1FTPX14588FA","1","F","T","P","X","1","4","5","8","8","F","A",0,0,0,"000000000","00000000000",0,0,0,1,0,0,0,0,0,0,0,998,0,0,0,9,6,2,42,0,0,0,1,26,48001,6,1,0,0,3,0,71,175,0,0,0,2,0,10,2015,7,2016,4,99,99,99,99,1,2,55,3,1,2,2,0,0,14,6,99,4,4,2,"777777777777","777777777777","777777777777",3,0