"STATE","ST_CASE","VEH_NO","VE_FORMS","NUMOCCS","DAY","MONTH","HOUR","MINUTE","HARM_EV","MAN_COLL","UNITTYPE","HIT_RUN","REG_STAT","OWNER","MAKE","MODEL","MAK_MOD","BODY_TYP","MOD_YEAR","VIN","VIN_1","VIN_2","VIN_3","VIN_4","VIN_5","VIN_6","VIN_7","VIN_8","VIN_9","VIN_10","VIN_11","VIN_12","TOW_VEH","J_KNIFE","MCARR_I1","MCARR_I2","MCARR_ID","GVWR","V_CONFIG","CARGO_BT","HAZ_INV","HAZ_PLAC","HAZ_ID","HAZ_CNO","HAZ_REL","BUS_USE","SPEC_USE","EMER_USE","TRAV_SP","UNDERIDE","ROLLOVER","ROLINLOC","IMPACT1","DEFORMED","TOWED","M_HARM","VEH_SC1","VEH_SC2","FIRE_EXP","DR_PRES","L_STATE","DR_ZIP","L_STATUS","L_TYPE","CDL_STAT","L_ENDORS","L_COMPL","L_RESTRI","DR_HGT","DR_WGT","PREV_ACC","PREV_SUS","PREV_DWI","PREV_SPD","PREV_OTH","FIRST_MO","FIRST_YR","LAST_MO","LAST_YR","SPEEDREL","DR_SF1","DR_SF2","DR_SF3","DR_SF4","VTRAFWAY","VNUM_LAN","VSPD_LIM","VALIGN","VPROFILE","VPAVETYP","VSURCOND","VTRAFCON","VTCONT_F","P_CRASH1","P_CRASH2","P_CRASH3","PCRASH4","PCRASH5","ACC_TYPE","TRLR1VIN","TRLR2VIN","TRLR3VIN","DEATHS","DR_DRINK"
26,260523,1,2,1,7,8,4,50,12,6,1,0,26,2,20,23,20023,6,2009,"3GNCA23B69S5","3","G","N","C","A","2","3","B","6","9","S","5",0,0,0,"000000000","00000000000",0,0,0,1,0,0,0,0,0,0,0,998,0,0,0,3,6,2,12,0,0,0,1,26,48091,3,1,0,0,2,3,75,170,0,2,0,0,1,4,2015,7,2015,9,99,99,99,99,2,2,98,1,8,8,1,3,3,1,17,99,9,1,87,"777777777777","777777777777","777777777777",1,0
26,260523,2,2,4,7,8,4,50,12,6,1,0,26,1,20,421,20421,15,2000,"1GNCS13WXY23","1","G","N","C","S","1","3","W","X","Y","2","3",0,0,0,"000000000","00000000000",0,0,0,1,0,0,0,0,0,0,0,998,0,9,9,12,6,2,1,0,0,0,1,26,48215,6,1,0,0,3,0,66,175,0,1,0,0,2,10,2015,1,2016,0,36,0,0,0,1,2,30,1,8,8,1,3,3,1,17,99,9,1,86,"777777777777","777777777777","777777777777",0,1
26,260524,1,1,1,9,8,19,4,9,0,1,0,26,2,12,481,12481,31,2004,"1FTNW21P54EB","1","F","T","N","W","2","1","P","5","4","E","B",0,0,0,"000000000","00000000000",0,0,0,1,0,0,0,0,0,0,0,998,0,0,0,1,2,5,9,0,0,0,1,26,49319,1,1,0,0,2,0,70,180,0,0,0,0,0,0,0,0,0,0,0,0,0,0,1,2,55,1,1,2,1,0,0,1,83,99,1,1,13,"777777777777","777777777777","777777777777",0,1
26,260525,1,1,1,11,8,1,21,9,0,1,0,26,1,12,37,12037,4,2000,"1FAFP3638YW3","1","F","A","F","P","3","6","3","8","Y","W","3",0,0,0,"000000000","00000000000",0,0,0,1,0,0,0,0,0,0,0,998,0,0,0,12,6,2,9,0,0,0,1,26,48327,6,1,0,0,3,0,76,190,2,0,0,1,2,4,2015,6,2016,0,0,0,0,0,5,5,50,1,1,2,1,0,0,1,80,1,1,1,13,"777777777777","777777777777","777777777777",0,0
26,260527,1,2,1,13,8,15,43,12,6,1,0,26,1,98,706,98706,82,2015,"57XAAPFA0F51","5","7","X","A","A","P","F","A","0","F","5","1",0,0,0,"000000000","00000000000",0,0,0,1,0,0,0,0,0,0,0,998,0,0,0,3,6,2,12,0,0,0,1,26,48154,6,1,0,0,3,0,70,190,0,0,0,0,0,0,0,0,0,5,99,99,99,99,5,5,45,1,1,1,2,0,0,15,9,99,4,2,64,"777777777777","777777777777","777777777777",1,0
26,260527,2,2,1,13,8,15,43,12,6,1,0,26,9,20,25,20025,4,2016,"1G1BE5SM1G72","1","G","1","B","E","5","S","M","1","G","7","2",0,0,0,"000000000","00000000000",0,0,0,1,0,0,0,0,0,0,0,998,0,0,0,12,6,2,12,0,0,0,1,26,48154,6,1,0,0,3,3,72,260,0,0,0,0,0,0,0,0,0,0,0,0,0,0,5,5,45,1,1,1,2,0,0,1,62,7,2,2,65,"777777777777","777777777777","777777777777",0,0
26,260528,1,1,1,13,8,20,38,8,0,1,0,26,2,7,482,7482,31,1998,"3B7HF13Y4WG1","3","B","7","H","F","1","3","Y","4","W","G","1",0,0,0,"000000000","00000000000",0,0,0,1,0,0,0,0,0,0,0,998,0,0,0,2,2,5,8,0,0,0,1,26,48768,6,1,0,0,3,0,62,95,0,0,0,0,0,0,0,0,0,0,0,0,0,0,1,2,55,1,1,1,1,0,0,1,80,6,1,1,13,"777777777777","777777777777","777777777777",0,0
26,260529,1,2,1,16,8,19,40,12,6,1,0,26,1,76,706,76706,80,2016,"JYARN33E3GA0","J","Y","A","R","N","3","3","E","3","G","A","0",0,0,0,"000000000","00000000000",0,0,0,1,0,0,0,0,0,0,0,998,0,0,0,12,6,2,12,0,0,0,1,26,49002,6,1,0,0,3,3,73,224,0,0,0,0,1,5,2016,5,2016,9,0,0,0,0,2,4,35,1,8,8,1,0,0,1,72,99,1,1,83,"777777777777","777777777777","777777777777",1,0
26,260529,2,2,2,16,8,19,40,12,6,1,0,26,1,41,53,41053,5,2011,"JM3ER2B53B04","J","M","3","E","R","2","B","5","3","B","0","4",0,0,0,"000000000","00000000000",0,0,0,1,0,0,0,0,0,0,0,998,0,0,0,9,6,2,12,0,0,0,1,26,49071,6,1,0,0,3,0,67,120,0,0,0,1,0,5,2012,5,2012,0,99,99,99,99,0,0,0,0,0,0,0,0,0,11,15,99,1,1,82,"777777777777","777777777777","777777777777",0,0
26,260530,1,2,1,21,8,18,8,12,6,1,0,26,1,76,706,76706,80,2000,"JYARN05E2YA0","J","Y","A","R","N","0","5","E","2","Y","A","0",0,0,0,"000000000","00000000000",0,0,0,1,0,0,0,0,0,0,0,998,0,0,0,12,6,2,12,0,0,0,1,26,48141,6,1,0,0,3,0,71,212,0,0,0,0,1,9,2014,9,2014,5,99,99,99,99,1,2,45,1,8,8,1,0,0,6,72,99,1,2,83,"777777777777","777777777777","777777777777",1,0
26,260530,2,2,1,21,8,18,8,12,6,1,0,26,1,12,23,12023,4,2014,"1FA6P0HD4E53","1","F","A","6","P","0","H","D","4","E","5","3",0,0,0,"000000000","00000000000",0,0,0,1,0,0,0,0,0,0,0,998,0,0,0,9,6,2,12,0,0,0,1,26,48180,6,1,0,0,3,0,70,194,0,0,0,0,0,0,0,0,0,0,0,0,0,0,0,0,0,0,0,0,0,0,0,11,15,99,1,1,82,"777777777777","777777777777","777777777777",0,0
26,260531,1,1,1,18,8,12,10,8,0,1,0,26,1,20,481,20481,31,2014,"1GCVKREC8EZ2","1","G","C","V","K","R","E","C","8","E","Z","2",1,1,0,"000000000","00000000000",0,0,0,1,0,0,0,0,0,0,0,998,0,0,0,6,0,3,8,0,0,0,1,26,48436,6,1,0,0,3,0,65,150,1,0,0,0,0,11,2015,11,2015,0,31,0,0,0,6,1,98,1,2,2,1,0,0,13,20,99,1,4,92,"888888888888","777777777777","777777777777",0,0
26,260532,1,1,1,20,8,22,40,40,0,1,0,26,2,12,3,12003,2,2014,"1ZVBP8AM3E52","1","Z","V","B","P","8","A","M","3","E","5","2",0,0,0,"000000000","00000000000",0,0,0,1,0,0,0,0,0,0,0,998,0,1,5,12,6,2,34,0,0,0,1,26,48044,6,1,0,0,3,0,71,149,2,0,0,0,1,12,2013,5,2016,9,99,99,99,99,1,2,45,1,8,8,2,0,0,1,52,99,2,4,2,"777777777777","777777777777","777777777777",1,0
26,260533,1,2,1,18,8,15,35,12,6,1,0,26,1,73,705,73705,80,2012,"JKAZX4R17CA0","J","K","A","Z","X","4","R","1","7","C","A","0",0,0,0,"000000000","00000000000",0,0,0,1,0,0,0,0,0,0,0,998,0,0,0,12,6,2,12,0,0,0,1,26,49028,6,1,0,0,3,0,74,220,0,2,0,4,0,2,2012,6,2016,5,99,99,99,99,1,2,55,1,8,1,1,0,0,1,52,99,9,1,74,"777777777777","777777777777","777777777777",1,0
26,260533,2,2,2,18,8,15,35,12,6,1,0,26,1,20,481,20481,31,1998,"1GCGK29F9WE1","1","G","C","G","K","2","9","F","9","W","E","1",0,0,0,"000000000","00000000000",0,0,0,1,0,0,0,0,0,0,0,998,0,0,0,4,2,5,12,0,0,0,1,26,49028,6,1,0,0,3,3,68,145,0,0,0,0,0,0,0,0,0,0,0,0,0,0,1,2,55,1,8,1,1,0,0,10,16,1,1,1,74,"777777777777","777777777777","777777777777",0,0
26,260534,1,1,1,22,8,17,20,8,0,1,0,26,1,12,402,12402,14,2005,"1FMCU94185KE","1","F","M","C","U","9","4","1","8","5","K","E",0,0,0,"000000000","00000000000",0,0,0,1,0,0,0,0,0,0,0,998,0,0,0,1,6,2,8,0,0,0,1,26,49080,6,1,0,0,3,3,73,270,2,0,0,0,1,8,2014,1,2015,0,0,0,0,0,5,3,55,1,1,2,1,0,0,1,13,99,1,4,13,"777777777777","777777777777","777777777777",0,0
26,260535,1,2,2,21,8,12,45,12,6,1,0,26,2,12,471,12471,30,2002,"1FTYR10D72PB","1","F","T","Y","R","1","0","D","7","2","P","B",0,0,0,"000000000","00000000000",0,0,0,1,0,0,0,0,0,0,0,998,0,0,0,9,6,2,12,0,0,0,1,26,49337,6,1,0,0,3,0,64,150,0,0,0,0,0,0,0,0,0,0,38,0,0,0,1,2,98,1,8,8,1,20,3,4,17,99,1,1,89,"777777777777","777777777777","777777777777",1,0
26,260535,2,2,2,21,8,12,45,12,6,1,0,26,1,20,444,20444,20,2007,"1GNDV23W67D1","1","G","N","D","V","2","3","W","6","7","D","1",0,0,0,"000000000","00000000000",0,0,0,1,0,0,0,0,0,0,0,998,0,0,0,12,6,2,12,0,0,0,1,26,48829,6,1,0,0,3,3,75,145,0,0,0,0,0,0,0,0,0,0,0,0,0,0,1,2,55,1,8,8,1,0,0,1,66,6,2,2,88,"777777777777","777777777777","777777777777",0,0
26,260536,1,2,2,19,8,21,51,12,6,1,0,39,1,7,28,7028,2,2010,"2B3CJ7DW7AH1","2","B","3","C","J","7","D","W","7","A","H","1",0,0,0,"000000000","00000000000",0,0,0,1,0,0,0,0,0,0,0,998,0,0,0,4,6,2,12,0,0,0,1,39,44240,6,1,0,0,3,3,67,185,0,0,0,0,0,0,0,0,0,0,38,0,0,0,5,5,35,1,1,1,1,3,3,11,15,99,1,1,68,"777777777777","777777777777","777777777777",1,0
26,260536,2,2,1,19,8,21,51,12,6,1,0,26,1,20,2,20002,4,2014,"2G1WB5E31E11","2","G","1","W","B","5","E","3","1","E","1","1",0,0,0,"000000000","00000000000",0,0,0,1,0,0,0,0,0,0,0,998,0,0,0,12,6,2,12,0,0,1,1,26,48430,6,1,0,0,3,0,74,185,1,0,0,0,0,9,2013,9,2013,0,0,0,0,0,5,5,35,1,1,1,1,3,3,1,62,99,1,1,69,"777777777777","777777777777","777777777777",0,0
26,260537,1,2,1,24,8,6,27,12,6,1,0,26,1,7,25,7025,5,2007,"1B3HB48B87D5","1","B","3","H","B","4","8","B","8","7","D","5",0,0,0,"000000000","00000000000",0,0,0,1,0,0,0,0,0,0,0,998,0,0,0,12,6,2,12,0,0,0,1,26,48042,6,1,0,0,3,0,61,158,1,0,0,0,0,9,2013,9,2013,0,38,0,0,0,5,3,98,1,8,2,1,3,3,11,15,99,1,1,68,"777777777777","777777777777","777777777777",0,0
26,260537,2,2,1,24,8,6,27,12,6,1,0,26,1,72,706,72706,80,2015,"1HD1KDM10FB6","1","H","D","1","K","D","M","1","0","F","B","6",0,0,0,"000000000","00000000000",0,0,0,1,0,0,0,0,0,0,0,998,0,0,0,9,6,2,12,0,0,0,1,26,48315,6,1,0,0,3,0,67,185,1,0,1,0,0,5,2015,5,2015,0,0,0,0,0,5,3,98,1,8,2,1,3,3,1,62,99,1,1,69,"777777777777","777777777777","777777777777",1,0
26,260538,1,1,4,23,8,1,15,30,0,1,0,26,2,12,401,12401,14,1996,"1FMDU35P3TUC","1","F","M","D","U","3","5","P","3","T","U","C",0,0,0,"000000000","00000000000",0,0,0,1,0,0,0,0,0,0,0,998,0,1,6,12,6,2,1,0,0,0,1,26,48219,1,1,0,0,2,0,73,200,0,6,0,0,4,10,2014,8,2016,5,0,0,0,0,1,2,35,1,8,8,1,0,0,1,12,99,1,4,6,"777777777777","777777777777","777777777777",1,0
26,260539,1,2,1,23,8,23,19,12,8,1,0,26,3,12,462,12462,21,2016,"1FTYR2ZM0GKB","1","F","T","Y","R","2","Z","M","0","G","K","B",0,0,0,"000000000","00000000000",0,0,0,1,0,0,0,0,0,0,0,998,0,0,0,11,6,2,12,0,0,0,1,26,48124,6,1,0,0,3,0,65,150,1,0,0,0,0,11,2014,11,2014,0,6,0,0,0,5,5,40,1,8,8,1,0,0,1,10,99,1,2,64,"777777777777","777777777777","777777777777",0,0
26,260539,2,2,1,23,8,23,19,12,8,1,0,26,0,12,37,12037,4,2008,"1FAHP33N48W2","1","F","A","H","P","3","3","N","4","8","W","2",0,0,0,"000000000","00000000000",0,0,0,1,0,0,0,0,0,0,0,998,0,0,0,11,6,2,12,0,0,0,1,26,48228,6,1,0,0,3,0,68,150,0,0,0,1,0,1,2014,1,2014,0,0,0,0,0,5,5,40,1,8,8,1,0,0,1,62,99,1,2,65,"777777777777","777777777777","777777777777",1,0
26,260540,1,2,2,24,8,4,33,12,6,1,1,26,1,18,2,18002,4,2004,"1G4HP52K4441","1","G","4","H","P","5","2","K","4","4","4","1",0,0,0,"000000000","00000000000",0,0,0,1,0,0,0,0,0,0,0,998,0,0,0,12,6,2,12,0,0,0,1,26,48234,1,1,0,0,2,0,65,225,0,2,0,0,1,3,2016,6,2016,0,39,0,0,0,2,5,98,1,8,8,1,3,3,1,17,99,1,1,86,"777777777777","777777777777","777777777777",0,0
26,260540,2,2,1,24,8,4,33,12,6,1,0,26,1,53,705,53705,80,2003,"JS1GN7BA7321","J","S","1","G","N","7","B","A","7","3","2","1",0,0,0,"000000000","00000000000",0,0,0,1,0,0,0,0,0,0,0,998,0,0,0,2,6,2,12,0,0,0,1,26,48089,6,1,0,0,3,0,74,310,0,0,0,0,0,0,0,0,0,0,0,0,0,0,1,7,45,1,1,1,1,3,3,1,66,99,1,1,87,"777777777777","777777777777","777777777777",1,0
26,260541,1,1,1,16,8,22,23,33,0,1,0,26,1,72,706,72706,80,2012,"1HD1FFM14CB6","1","H","D","1","F","F","M","1","4","C","B","6",0,0,0,"000000000","00000000000",0,0,0,1,0,0,0,0,0,0,0,998,0,0,0,12,4,3,33,0,0,0,1,26,48846,6,1,0,0,3,0,72,245,0,0,0,0,0,0,0,0,0,0,99,99,99,99,5,3,35,1,1,2,1,0,0,1,9,99,9,4,2,"777777777777","777777777777","777777777777",1,1
26,260542,1,2,2,21,8,14,37,12,6,1,0,26,1,23,8,23008,6,2010,"1GKLRKED7AJ1","1","G","K","L","R","K","E","D","7","A","J","1",0,0,0,"000000000","00000000000",0,0,0,1,0,0,0,0,0,0,0,998,0,9,5,12,6,2,12,0,0,0,1,26,48842,6,1,6,0,3,0,75,408,0,0,0,0,1,5,2012,5,2012,0,39,0,0,0,1,2,98,1,8,8,1,20,3,1,17,99,1,1,88,"777777777777","777777777777","777777777777",1,0
26,260542,2,2,2,21,8,14,37,12,6,1,0,26,1,7,27,7027,6,2010,"3D4PG5FV1AT1","3","D","4","P","G","5","F","V","1","A","T","1",0,0,0,"000000000","00000000000",0,0,0,1,0,0,0,0,0,0,0,998,0,9,5,10,6,2,12,0,0,0,1,26,48827,6,1,0,0,3,0,62,195,2,1,0,0,2,5,2013,11,2013,0,0,0,0,0,1,2,55,1,1,2,1,0,0,1,66,99,1,1,89,"777777777777","777777777777","777777777777",0,0
26,260543,1,1,1,27,8,8,32,42,0,1,0,26,1,22,22,22022,4,2005,"1G2ZH5482541","1","G","2","Z","H","5","4","8","2","5","4","1",0,0,0,"000000000","00000000000",0,0,0,1,0,0,0,0,0,0,0,998,0,0,0,1,6,2,42,0,0,0,1,26,49331,6,1,0,0,3,0,64,165,0,0,1,0,1,9,2015,2,2016,5,99,99,99,99,1,2,55,1,1,2,2,0,0,1,6,99,9,4,2,"777777777777","777777777777","777777777777",1,1
26,260544,1,1,1,28,8,21,47,18,0,1,0,26,1,77,706,77706,80,2015,"5VPGA36N3F30","5","V","P","G","A","3","6","N","3","F","3","0",0,0,0,"000000000","00000000000",0,0,0,1,0,0,0,0,0,0,0,998,0,0,0,12,6,2,18,0,0,0,1,26,48116,6,1,0,0,3,0,70,200,2,0,0,0,0,9,2012,10,2015,0,0,0,0,0,1,2,55,1,1,2,1,0,0,1,90,99,1,1,12,"777777777777","777777777777","777777777777",1,1
26,260545,1,1,1,17,8,20,19,9,0,1,1,26,2,24,1,24001,4,2000,"1G8ZK5274YZ2","1","G","8","Z","K","5","2","7","4","Y","Z","2",0,0,0,"000000000","00000000000",0,0,0,1,0,0,0,0,0,0,0,998,0,0,0,1,4,3,9,0,0,0,1,26,49508,1,1,0,0,2,3,71,180,1,4,0,0,1,4,2014,5,2014,0,99,99,99,99,1,2,55,1,1,2,2,0,0,1,13,99,1,4,13,"777777777777","777777777777","777777777777",0,0
26,260546,1,1,1,24,8,16,46,8,0,1,0,26,1,20,444,20444,20,2006,"1GNDV23L96D1","1","G","N","D","V","2","3","L","9","6","D","1",0,0,0,"000000000","00000000000",0,0,0,1,0,0,0,0,0,0,0,998,0,0,0,1,0,3,8,0,0,0,1,26,48340,6,1,0,0,3,0,63,135,1,2,0,0,4,12,2013,2,2016,0,99,99,99,99,1,2,25,1,1,1,1,0,0,2,80,1,1,1,13,"777777777777","777777777777","777777777777",0,0
26,260547,1,1,1,27,8,4,24,59,0,1,0,26,1,72,706,72706,80,2005,"1HD1FSW165Y6","1","H","D","1","F","S","W","1","6","5","Y","6",0,0,0,"000000000","00000000000",0,0,0,1,0,0,0,0,0,0,0,998,0,0,0,12,6,2,59,0,0,0,1,26,48152,6,1,0,0,3,0,72,197,3,0,0,0,0,12,2012,6,2015,0,99,99,99,99,1,2,35,1,8,2,1,0,0,1,11,99,9,4,1,"777777777777","777777777777","777777777777",1,1
26,260548,1,2,1,24,8,21,49,12,2,1,0,26,1,37,32,37032,4,1997,"1HGCD5634VA2","1","H","G","C","D","5","6","3","4","V","A","2",0,0,0,"000000000","00000000000",0,0,0,1,0,0,0,0,0,0,0,998,0,0,0,12,6,2,12,0,0,0,1,26,49236,6,1,0,0,3,0,68,220,0,0,0,0,0,0,0,0,0,0,28,0,0,0,1,2,55,1,8,2,1,0,0,1,10,99,1,2,50,"777777777777","777777777777","777777777777",1,0
26,260548,2,2,1,24,8,21,49,12,2,1,0,26,1,63,401,63401,14,2016,"KNDPBCAC2G78","K","N","D","P","B","C","A","C","2","G","7","8",0,0,0,"000000000","00000000000",0,0,0,1,0,0,0,0,0,0,0,998,0,0,0,12,6,2,12,0,0,0,1,26,49221,6,1,0,0,3,3,71,235,1,0,0,0,0,3,2016,3,2016,0,0,0,0,0,1,2,55,1,8,2,1,0,0,1,62,99,1,1,51,"777777777777","777777777777","777777777777",0,0
26,260549,1,2,2,10,8,11,4,12,1,1,0,26,2,49,40,49040,4,1998,"4T1BG22K8WU2","4","T","1","B","G","2","2","K","8","W","U","2",0,0,0,"000000000","00000000000",0,0,0,1,0,0,0,0,0,0,0,0,0,0,0,6,6,2,12,0,0,0,1,25,2648,6,1,0,0,3,0,65,999,0,0,0,0,0,0,0,0,0,0,28,0,0,0,5,5,55,1,1,2,1,0,0,5,53,1,1,1,22,"777777777777","777777777777","777777777777",1,0
26,260549,2,2,1,10,8,11,4,12,1,1,0,26,1,20,403,20403,14,2008,"1GNDT13S7821","1","G","N","D","T","1","3","S","7","8","2","1",0,0,0,"000000000","00000000000",0,0,0,1,0,0,0,0,0,0,0,55,0,0,0,12,6,2,12,0,0,0,1,26,49665,6,1,0,0,3,0,64,165,0,0,0,0,0,0,0,0,0,0,99,99,99,99,5,5,55,1,1,2,1,0,0,1,50,6,1,1,20,"777777777777","777777777777","777777777777",0,0
26,260550,1,1,1,28,8,13,15,33,0,1,0,26,2,20,404,20404,14,2015,"2GNALBEK9F11","2","G","N","A","L","B","E","K","9","F","1","1",0,0,0,"000000000","00000000000",0,0,0,1,0,0,0,0,0,0,0,998,0,1,5,12,6,2,1,0,0,0,1,26,48238,6,1,0,0,3,0,69,150,0,0,0,1,0,5,2016,5,2016,5,99,99,99,99,1,4,30,1,8,8,1,0,0,1,6,99,2,4,2,"777777777777","777777777777","777777777777",1,0
26,260551,1,1,1,28,8,6,29,42,0,1,0,26,2,35,47,35047,4,2003,"1N4AL11D33C2","1","N","4","A","L","1","1","D","3","3","C","2",0,0,0,"000000000","00000000000",0,0,0,1,0,0,0,0,0,0,0,998,0,0,0,3,6,2,42,0,0,0,1,26,49345,6,1,0,0,3,0,76,245,0,0,0,2,1,12,2012,9,2013,0,0,0,0,0,1,2,55,1,1,2,2,0,0,1,9,99,4,4,7,"777777777777","777777777777","777777777777",1,1
26,260552,1,2,2,25,8,9,17,12,6,1,0,26,1,12,37,12037,4,2007,"1FAHP34N97W1","1","F","A","H","P","3","4","N","9","7","W","1",0,0,0,"000000000","00000000000",0,0,0,1,0,0,0,0,0,0,0,998,2,0,0,12,6,2,12,0,0,0,1,26,48125,6,1,0,0,3,0,65,220,0,0,0,0,0,0,0,0,0,9,39,0,0,0,1,5,98,1,8,8,1,3,3,1,17,99,1,1,88,"777777777777","777777777777","777777777777",2,0
26,260552,2,2,1,25,8,9,17,12,6,1,0,93,3,84,884,84884,66,2012,"1HSDJSJR2CH0","1","H","S","D","J","S","J","R","2","C","H","0",1,1,57,"000519606","57000519606",3,6,1,1,0,0,0,0,0,0,0,998,0,0,0,8,2,3,12,0,0,0,1,26,48180,6,1,6,0,3,0,70,180,0,0,0,0,0,0,0,0,0,0,0,0,0,0,5,5,45,1,1,2,1,3,3,1,66,99,1,1,89,"888888888888","777777777777","777777777777",0,0
26,260553,1,3,1,28,8,15,6,12,1,1,1,26,2,6,51,6051,4,2007,"2C3KA53G57H7","2","C","3","K","A","5","3","G","5","7","H","7",0,0,0,"000000000","00000000000",0,0,0,1,0,0,0,0,0,0,0,998,0,0,0,12,6,2,12,0,0,0,1,26,48219,0,0,0,0,0,0,74,165,0,2,0,0,0,9,2012,9,2012,5,99,99,99,99,1,4,35,1,8,8,1,3,3,1,51,99,1,1,24,"777777777777","777777777777","777777777777",0,0
26,260553,2,3,3,28,8,15,6,12,1,1,0,26,1,18,2,18002,4,2000,"1G4HP54K5YU1","1","G","4","H","P","5","4","K","5","Y","U","1",0,0,0,"000000000","00000000000",0,0,0,1,0,0,0,0,0,0,0,998,0,0,0,6,6,2,12,0,0,0,1,26,48223,6,1,0,0,3,0,66,200,0,0,0,0,0,0,0,0,0,0,0,0,0,0,1,4,35,1,8,8,1,3,3,1,53,1,1,1,25,"777777777777","777777777777","777777777777",1,0
26,260553,3,3,1,28,8,15,6,12,1,1,1,99,9,98,884,98884,62,9999,"888888888888","8","8","8","8","8","8","8","8","8","8","8","8",0,0,99,"999999999","99999999999",2,1,97,1,0,0,0,0,0,0,0,0,0,0,0,6,6,2,12,0,0,0,1,99,99999,9,9,99,9,9,9,999,999,99,99,99,99,99,99,9999,99,9999,0,0,0,0,0,1,4,35,1,8,8,1,3,3,5,53,1,1,1,98,"777777777777","777777777777","777777777777",0,0
26,260554,1,2,3,26,8,18,57,12,6,1,0,26,1,20,403,20403,14,2004,"1GNDS13S0421","1","G","N","D","S","1","3","S","0","4","2","1",0,0,0,"000000000","00000000000",0,0,0,1,0,0,0,0,0,0,0,998,0,0,0,12,6,2,12,0,0,0,1,26,48846,6,1,0,0,3,3,71,200,0,0,0,0,0,0,0,0,0,0,0,0,0,0,1,2,55,1,3,2,1,0,0,1,66,99,1,1,86,"777777777777","777777777777","777777777777",0,0
26,260554,2,2,3,26,8,18,57,12,6,1,0,26,2,21,21,21021,4,2001,"1G3NF52E21C1","1","G","3","N","F","5","2","E","2","1","C","1",0,0,0,"000000000","00000000000",0,0,0,1,0,0,0,0,0,0,0,998,0,1,5,3,6,2,12,0,0,0,1,26,48809,0,0,0,0,0,0,67,125,0,1,0,0,0,8,2016,8,2016,0,39,0,0,0,1,2,98,1,8,8,1,20,3,1,17,99,1,1,87,"777777777777","777777777777","777777777777",1,0
26,260555,1,1,1,27,8,16,16,11,0,1,0,92,0,76,706,76706,80,1996,"JYA1TEE06TA0","J","Y","A","1","T","E","E","0","6","T","A","0",0,0,0,"000000000","00000000000",0,0,0,1,0,0,0,0,0,0,0,998,0,0,0,99,4,3,11,0,0,0,1,26,48625,1,1,0,0,2,0,69,155,0,0,0,0,0,0,0,0,0,0,0,0,0,0,1,2,55,1,1,2,1,0,0,1,88,99,9,1,13,"777777777777","777777777777","777777777777",1,0
26,260556,1,1,2,28,8,21,45,11,0,1,0,26,1,39,36,39036,4,2004,"SAJEA51C84WD","S","A","J","E","A","5","1","C","8","4","W","D",0,0,0,"000000000","00000000000",0,0,0,1,0,0,0,0,0,0,0,998,0,0,0,12,2,3,11,0,0,0,1,26,48450,6,1,0,0,3,0,62,200,0,0,0,0,0,0,0,0,0,0,0,0,0,0,1,2,55,1,1,2,1,0,0,1,87,99,1,1,13,"777777777777","777777777777","777777777777",1,0
26,260557,1,1,1,28,8,17,11,9,0,1,0,26,1,20,481,20481,31,1999,"1GCEC14W8XZ1","1","G","C","E","C","1","4","W","8","X","Z","1",1,1,0,"000000000","00000000000",0,0,0,1,0,0,0,0,0,0,0,0,0,0,0,6,0,5,9,0,0,0,1,26,49001,6,1,0,0,3,0,67,160,2,0,0,0,1,4,2013,8,2014,0,0,0,0,0,1,2,55,1,8,8,1,0,0,7,85,99,1,5,13,"888888888888","777777777777","777777777777",0,0
26,260558,1,1,1,20,8,5,16,8,0,1,1,26,2,20,37,20037,4,2008,"1G1ZH57B48F1","1","G","1","Z","H","5","7","B","4","8","F","1",0,0,0,"000000000","00000000000",0,0,0,1,0,0,0,0,0,0,0,998,0,0,0,1,9,5,8,0,0,0,1,26,48197,3,1,0,0,2,0,72,135,0,0,0,0,2,4,2012,5,2013,0,6,0,0,0,3,2,98,1,8,8,1,0,0,1,13,1,1,4,13,"777777777777","777777777777","777777777777",0,0
26,260559,1,1,1,26,8,10,40,9,0,1,0,26,1,20,482,20482,31,2005,"3GNEC12Z35G1","3","G","N","E","C","1","2","Z","3","5","G","1",0,0,0,"000000000","00000000000",0,0,0,1,0,0,0,0,0,0,0,998,0,0,0,11,0,3,9,0,0,0,1,26,48118,6,1,0,0,3,0,72,165,0,0,0,0,0,0,0,0,0,0,6,28,0,0,1,2,55,1,2,2,1,0,0,6,83,1,1,1,13,"777777777777","777777777777","777777777777",0,0
26,260560,1,2,2,15,8,23,30,12,6,1,0,26,2,76,705,76705,80,2004,"JYA5AHE084A0","J","Y","A","5","A","H","E","0","8","4","A","0",0,0,0,"000000000","00000000000",0,0,0,1,0,0,0,0,0,0,0,998,0,0,0,12,6,2,12,0,0,0,1,26,48224,0,0,0,0,0,0,69,190,2,11,0,0,2,8,2012,4,2016,0,39,0,0,0,5,8,30,1,8,8,1,3,3,1,71,99,1,1,88,"777777777777","777777777777","777777777777",1,1