"STATE","ST_CASE","VEH_NO","VE_FORMS","NUMOCCS","DAY","MONTH","HOUR","MINUTE","HARM_EV","MAN_COLL","UNITTYPE","HIT_RUN","REG_STAT","OWNER","MAKE","MODEL","MAK_MOD","BODY_TYP","MOD_YEAR","VIN","VIN_1","VIN_2","VIN_3","VIN_4","VIN_5","VIN_6","VIN_7","VIN_8","VIN_9","VIN_10","VIN_11","VIN_12","TOW_VEH","J_KNIFE","MCARR_I1","MCARR_I2","MCARR_ID","GVWR","V_CONFIG","CARGO_BT","HAZ_INV","HAZ_PLAC","HAZ_ID","HAZ_CNO","HAZ_REL","BUS_USE","SPEC_USE","EMER_USE","TRAV_SP","UNDERIDE","ROLLOVER","ROLINLOC","IMPACT1","DEFORMED","TOWED","M_HARM","VEH_SC1","VEH_SC2","FIRE_EXP","DR_PRES","L_STATE","DR_ZIP","L_STATUS","L_TYPE","CDL_STAT","L_ENDORS","L_COMPL","L_RESTRI","DR_HGT","DR_WGT","PREV_ACC","PREV_SUS","PREV_DWI","PREV_SPD","PREV_OTH","FIRST_MO","FIRST_YR","LAST_MO","LAST_YR","SPEEDREL","DR_SF1","DR_SF2","DR_SF3","DR_SF4","VTRAFWAY","VNUM_LAN","VSPD_LIM","VALIGN","VPROFILE","VPAVETYP","VSURCOND","VTRAFCON","VTCONT_F","P_CRASH1","P_CRASH2","P_CRASH3","PCRASH4","PCRASH5","ACC_TYPE","TRLR1VIN","TRLR2VIN","TRLR3VIN","DEATHS","DR_DRINK"
26,260560,2,2,1,15,8,23,30,12,6,1,0,26,2,20,28,20028,4,2012,"1G1JC6SH7C41","1","G","1","J","C","6","S","H","7","C","4","1",0,0,0,"000000000","00000000000",0,0,0,1,0,0,0,0,0,0,0,998,0,0,0,11,6,2,12,0,0,0,1,26,48390,6,1,0,0,3,0,68,130,0,0,0,0,0,0,0,0,0,0,0,0,0,0,0,0,0,0,0,0,0,3,3,1,17,99,1,1,89,"777777777777","777777777777","777777777777",0,0
26,260561,1,1,2,17,8,1,0,5,0,1,1,99,9,99,499,99499,39,9999,"999999999999","9","9","9","9","9","9","9","9","9","9","9","9",9,0,0,"000000000","00000000000",0,0,0,1,0,0,0,0,0,0,0,998,0,0,0,0,0,5,5,0,0,0,1,99,99999,9,9,99,9,9,9,999,999,99,99,99,99,99,99,9999,99,9999,0,36,39,0,0,1,2,98,1,8,8,1,20,3,10,16,99,1,1,0,"777777777777","777777777777","777777777777",1,0
26,260562,1,1,1,26,8,2,33,30,0,1,0,26,1,12,3,12003,2,2001,"1FAFP40461F2","1","F","A","F","P","4","0","4","6","1","F","2",0,0,0,"000000000","00000000000",0,0,0,1,0,0,0,0,0,0,0,998,0,0,0,3,6,2,30,0,0,0,1,26,48457,6,1,0,0,3,0,71,178,0,0,0,0,0,0,0,0,0,9,0,0,0,0,1,2,55,4,8,8,1,0,0,6,6,99,3,4,7,"777777777777","777777777777","777777777777",1,1
26,260563,1,2,1,31,8,13,11,12,1,1,0,26,1,12,481,12481,31,2014,"1FTFW1EF3EFC","1","F","T","F","W","1","E","F","3","E","F","C",0,0,0,"000000000","00000000000",0,0,0,1,0,0,0,0,0,0,0,998,0,0,0,12,6,2,12,0,0,0,1,26,48146,1,1,0,0,2,0,75,190,0,2,0,1,1,5,2015,10,2015,9,99,99,99,99,2,3,40,1,8,8,1,0,0,1,51,99,1,1,24,"777777777777","777777777777","777777777777",0,0
26,260563,2,2,1,31,8,13,11,12,1,1,0,26,2,53,705,53705,80,2007,"JS1GN7DAX721","J","S","1","G","N","7","D","A","X","7","2","1",0,0,0,"000000000","00000000000",0,0,0,1,0,0,0,0,0,0,0,998,0,0,0,6,6,2,12,0,0,0,1,26,48146,6,1,0,0,3,0,72,150,1,0,0,0,0,9,2014,9,2014,0,0,0,0,0,2,3,40,1,8,8,1,0,0,1,53,1,1,1,25,"777777777777","777777777777","777777777777",1,0
26,260564,1,2,3,21,8,22,10,12,6,1,0,48,2,6,18,6018,4,2014,"1C3CCBCGXEN1","1","C","3","C","C","B","C","G","X","E","N","1",0,0,0,"000000000","00000000000",0,0,0,1,0,0,0,0,0,0,0,998,0,0,0,12,6,2,12,0,0,0,1,26,48234,6,1,0,0,3,0,64,112,2,1,0,0,1,11,2013,8,2015,5,39,0,0,0,2,2,98,1,8,8,1,3,3,1,17,99,1,1,88,"777777777777","777777777777","777777777777",0,0
26,260564,2,2,1,21,8,22,10,12,6,1,0,26,1,23,421,23421,15,2000,"1GKEK13T6YJ1","1","G","K","E","K","1","3","T","6","Y","J","1",0,0,0,"000000000","00000000000",0,0,0,1,0,0,0,0,0,0,0,998,0,0,0,9,6,2,12,0,0,0,1,26,48205,6,1,0,0,3,0,69,190,0,2,0,0,0,5,2013,7,2013,0,0,0,0,0,1,2,30,1,8,8,1,3,3,1,66,99,1,1,89,"777777777777","777777777777","777777777777",1,0
26,260565,1,1,4,19,8,18,35,42,0,1,0,26,2,20,2,20002,4,2010,"2G1WB5EK4A11","2","G","1","W","B","5","E","K","4","A","1","1",0,0,0,"000000000","00000000000",0,0,0,1,0,0,0,0,0,0,0,998,0,0,0,3,6,2,42,0,0,0,1,26,48228,0,0,0,0,0,0,67,140,0,0,0,0,0,0,0,0,0,0,6,0,0,0,2,4,30,1,8,8,1,0,0,1,12,99,4,4,7,"777777777777","777777777777","777777777777",1,0
26,260567,1,2,1,14,8,6,33,12,1,1,0,26,2,34,47,34047,1,2016,"WBA3T1C59GP8","W","B","A","3","T","1","C","5","9","G","P","8",0,0,0,"000000000","00000000000",0,0,0,1,0,0,0,0,0,0,0,998,0,0,0,12,6,2,12,0,0,0,1,26,48302,6,1,0,0,3,0,71,175,1,0,0,0,0,10,2015,10,2015,0,99,99,99,99,2,4,50,1,8,8,1,3,3,1,50,99,1,1,20,"777777777777","777777777777","777777777777",0,0
26,260567,2,2,2,14,8,6,33,12,1,1,0,26,1,42,48,42048,4,1999,"WDBJF25H5XA7","W","D","B","J","F","2","5","H","5","X","A","7",0,0,0,"000000000","00000000000",0,0,0,1,0,0,0,0,0,0,0,0,0,0,0,6,6,2,12,0,0,0,1,26,48301,6,1,0,0,3,0,70,165,1,0,0,0,0,12,2015,12,2015,0,0,0,0,0,2,4,50,1,8,8,1,3,3,5,53,1,1,1,21,"777777777777","777777777777","777777777777",1,0
26,260568,1,1,1,10,8,21,32,8,0,1,1,99,9,20,499,20499,29,9999,"999999999999","9","9","9","9","9","9","9","9","9","9","9","9",9,0,0,"000000000","00000000000",0,0,0,1,0,0,0,0,0,0,0,998,0,0,0,1,4,8,8,0,0,0,1,99,99999,9,9,99,9,9,9,999,999,99,99,99,99,99,99,9999,99,9999,9,99,99,99,99,1,2,35,1,8,8,1,0,0,1,80,99,1,1,13,"777777777777","777777777777","777777777777",0,0
26,260569,1,3,1,28,8,0,28,12,6,1,0,26,2,76,706,76706,80,2004,"JYARJ06E04A0","J","Y","A","R","J","0","6","E","0","4","A","0",0,0,0,"000000000","00000000000",0,0,0,1,0,0,0,0,0,0,0,998,0,0,0,12,6,2,12,0,0,0,1,26,48127,6,1,0,0,2,0,72,200,0,3,0,6,1,3,2015,8,2016,5,99,99,99,99,1,4,35,1,8,8,1,0,0,1,60,99,1,9,98,"777777777777","777777777777","777777777777",1,0
26,260569,2,3,2,28,8,0,28,12,6,1,0,26,1,2,404,2404,14,2008,"1J8GR48K88C2","1","J","8","G","R","4","8","K","8","8","C","2",0,0,0,"000000000","00000000000",0,0,0,1,0,0,0,0,0,0,0,998,0,0,0,7,2,8,12,0,0,0,1,26,48126,6,1,0,0,3,3,73,205,0,0,0,0,0,0,0,0,0,0,0,0,0,0,1,4,35,1,8,8,1,0,0,12,98,99,9,9,98,"777777777777","777777777777","777777777777",0,0
26,260569,3,3,1,28,8,0,28,12,6,1,0,26,2,34,37,34037,4,2003,"WBAGL63403DP","W","B","A","G","L","6","3","4","0","3","D","P",0,0,0,"000000000","00000000000",0,0,0,1,0,0,0,0,0,0,0,998,0,0,0,5,0,8,12,0,0,0,1,26,48126,6,1,0,0,3,0,71,198,0,4,0,2,0,2,2013,11,2014,0,0,0,0,0,1,4,35,1,8,8,1,0,0,1,62,99,9,9,98,"777777777777","777777777777","777777777777",0,0
26,260570,1,1,1,3,8,15,32,42,0,1,0,26,1,6,51,6051,4,2006,"2C3KK53G46H4","2","C","3","K","K","5","3","G","4","6","H","4",0,0,0,"000000000","00000000000",0,0,0,1,0,0,0,0,0,0,0,998,0,0,0,11,6,2,42,32,0,0,1,26,48108,6,1,0,0,3,3,62,175,2,0,0,2,0,4,2013,5,2015,0,0,0,0,0,6,1,70,2,8,8,1,0,0,14,12,99,1,4,6,"777777777777","777777777777","777777777777",1,0
26,260571,1,1,1,2,8,99,99,31,0,1,0,47,1,23,431,23431,16,2001,"1GKEK13T01J1","1","G","K","E","K","1","3","T","0","1","J","1",0,0,0,"000000000","00000000000",0,0,0,1,0,0,0,0,0,0,0,998,0,0,0,12,6,2,34,0,0,0,1,26,49448,0,0,0,0,0,0,999,999,99,99,99,99,99,99,9999,99,9999,5,0,0,0,0,1,2,55,1,1,2,1,20,3,1,14,99,2,4,14,"777777777777","777777777777","777777777777",1,1
26,260572,1,1,1,11,8,16,28,8,0,1,0,95,3,51,881,51881,66,2006,"4V4NC9GH66N4","4","V","4","N","C","9","G","H","6","6","N","4",1,1,57,"002202933","57002202933",3,6,1,1,0,0,0,0,0,0,0,998,0,0,0,12,2,3,8,0,0,0,1,95,0,9,9,99,9,9,9,999,999,99,99,99,99,99,99,9999,99,9999,0,0,0,0,0,3,3,70,1,8,1,1,0,0,1,81,6,1,1,13,"1GRAA0629BW7","777777777777","777777777777",0,0
26,260573,1,1,2,9,7,0,20,1,0,1,0,26,2,20,421,20421,15,1996,"1GNEK13R4TJ3","1","G","N","E","K","1","3","R","4","T","J","3",0,0,0,"000000000","00000000000",0,0,0,1,0,0,0,0,0,0,0,998,0,1,1,0,6,2,14,0,0,0,1,26,49444,0,0,0,0,0,0,66,135,0,2,0,0,1,1,2014,3,2015,5,36,0,0,0,1,2,25,1,8,8,1,0,0,1,9,99,5,2,98,"777777777777","777777777777","777777777777",2,0
26,260574,1,1,6,20,7,7,30,24,0,1,0,26,1,37,421,37421,15,2012,"5FNYF3H98CB0","5","F","N","Y","F","3","H","9","8","C","B","0",0,0,0,"000000000","00000000000",0,0,0,1,0,0,0,0,0,0,0,998,0,0,0,3,4,5,24,0,0,0,1,26,48642,6,1,0,0,3,0,63,160,0,0,0,0,0,0,0,0,0,9,0,0,0,0,3,3,70,1,8,8,1,0,0,1,9,99,5,4,2,"777777777777","777777777777","777777777777",1,0
26,260575,1,1,1,6,8,19,14,42,0,1,0,26,2,2,403,2403,14,1998,"1J4FY19S8WP7","1","J","4","F","Y","1","9","S","8","W","P","7",0,0,0,"000000000","00000000000",0,0,0,1,0,0,0,0,0,0,0,998,0,0,0,1,2,3,42,0,0,0,1,26,48189,6,1,0,0,3,0,73,216,0,0,0,0,0,0,0,0,0,9,99,99,99,99,1,2,55,1,1,4,11,0,0,1,9,99,9,4,2,"777777777777","777777777777","777777777777",1,1
26,260576,1,2,1,11,8,1,41,12,2,1,0,0,0,98,709,98709,81,9999,"000000000000","0","0","0","0","0","0","0","0","0","0","0","0",0,0,0,"000000000","00000000000",0,0,0,1,0,0,0,0,0,0,0,998,0,0,0,12,0,3,12,0,0,0,1,26,48505,3,1,0,0,1,0,64,180,0,2,0,0,0,1,2013,1,2013,0,38,39,0,0,1,2,25,1,8,8,1,20,3,11,15,99,1,2,82,"777777777777","777777777777","777777777777",1,0
26,260576,2,2,99,11,8,1,41,12,2,1,1,99,9,99,999,99999,99,9999,"999999999999","9","9","9","9","9","9","9","9","9","9","9","9",0,0,0,"000000000","00000000000",0,0,0,1,0,0,0,0,0,0,0,0,0,0,0,12,2,5,12,0,0,0,1,99,99999,9,9,99,9,9,9,999,999,99,99,99,99,99,99,9999,99,9999,0,99,99,99,99,1,2,98,1,8,2,1,20,3,5,67,99,9,1,83,"777777777777","777777777777","777777777777",0,0
26,260577,1,4,2,2,8,17,0,12,6,1,0,26,2,12,481,12481,31,2005,"1FTPX14595FA","1","F","T","P","X","1","4","5","9","5","F","A",0,0,0,"000000000","00000000000",0,0,0,1,0,0,0,0,0,0,0,998,0,0,0,12,6,2,12,0,0,0,1,26,49286,1,1,0,0,2,0,67,180,0,2,0,0,0,9,2013,11,2013,9,36,37,0,0,6,2,98,1,8,8,1,20,3,1,17,99,1,1,86,"777777777777","777777777777","777777777777",0,0
26,260577,2,4,1,2,8,17,0,12,6,1,0,26,1,20,37,20037,4,2012,"1G1ZC5E0XCF2","1","G","1","Z","C","5","E","0","X","C","F","2",0,0,0,"000000000","00000000000",0,0,0,1,0,0,0,0,0,0,0,998,0,1,1,3,6,2,12,0,0,0,1,26,48183,6,1,0,0,3,0,66,300,1,0,0,0,0,10,2012,10,2012,0,0,0,0,0,5,5,45,1,1,1,1,0,0,1,68,99,1,1,87,"777777777777","777777777777","777777777777",1,0
26,260577,3,4,2,2,8,17,0,12,6,1,0,26,1,12,3,12003,2,2001,"1FAFP40461F2","1","F","A","F","P","4","0","4","6","1","F","2",0,0,0,"000000000","00000000000",0,0,0,1,0,0,0,0,0,0,0,998,0,0,0,3,4,3,12,0,0,0,1,26,48183,6,1,0,0,3,0,70,135,0,0,0,0,0,0,0,0,0,0,0,0,0,0,5,5,45,1,1,1,1,0,0,1,68,99,1,1,98,"777777777777","777777777777","777777777777",0,0
26,260577,4,4,2,2,8,17,0,12,6,1,0,26,1,12,37,12037,4,2001,"1FAFP34391W3","1","F","A","F","P","3","4","3","9","1","W","3",0,0,0,"000000000","00000000000",0,0,0,1,0,0,0,0,0,0,0,998,0,0,0,12,4,3,12,0,0,0,1,26,48192,6,1,0,0,3,0,63,110,0,0,0,0,0,0,0,0,0,0,0,0,0,0,5,5,45,1,1,1,1,0,0,1,68,1,1,1,98,"777777777777","777777777777","777777777777",0,0
26,260578,1,1,1,14,8,18,40,1,0,1,0,0,0,98,709,98709,88,2012,"L9NTELKB4C10","L","9","N","T","E","L","K","B","4","C","1","0",0,0,0,"000000000","00000000000",0,0,0,1,0,0,0,0,0,0,0,998,0,0,0,0,2,5,1,0,0,0,1,26,48221,1,1,0,0,2,0,73,200,0,1,0,0,0,10,2015,10,2015,0,6,0,0,0,5,3,25,1,8,8,1,0,0,1,9,99,1,1,98,"777777777777","777777777777","777777777777",1,0
26,260579,1,1,99,24,6,1,27,9,0,1,1,99,9,99,999,99999,99,9999,"999999999999","9","9","9","9","9","9","9","9","9","9","9","9",0,0,0,"000000000","00000000000",0,0,0,1,0,0,0,0,0,0,0,998,0,0,0,99,9,5,9,0,0,0,1,99,99999,9,9,99,9,9,9,999,999,99,99,99,99,99,99,9999,99,9999,9,99,99,99,99,2,4,45,1,8,8,1,3,3,1,85,99,9,9,13,"777777777777","777777777777","777777777777",0,0
26,260580,1,1,2,10,7,0,31,42,0,1,0,26,1,20,37,20037,4,1998,"1G1ND52M1WY1","1","G","1","N","D","5","2","M","1","W","Y","1",0,0,0,"000000000","00000000000",0,0,0,1,0,0,0,0,0,0,0,998,0,0,0,12,6,2,42,0,0,0,1,26,49224,6,1,0,0,3,3,72,235,1,0,0,6,0,1,2013,5,2016,0,0,0,0,0,1,2,55,1,8,8,1,0,0,1,13,99,1,4,1,"777777777777","777777777777","777777777777",1,1
26,260581,1,2,2,16,8,12,18,12,6,1,0,26,1,35,47,35047,4,2000,"1N4DL01D2YC2","1","N","4","D","L","0","1","D","2","Y","C","2",0,0,0,"000000000","00000000000",0,0,0,1,0,0,0,0,0,0,0,998,0,0,0,9,6,2,12,0,0,0,1,26,49444,6,1,0,0,3,3,70,190,0,0,0,0,0,0,0,0,0,0,38,0,0,0,1,4,98,1,8,8,1,20,3,1,17,99,1,1,89,"777777777777","777777777777","777777777777",1,0
26,260581,2,2,2,16,8,12,18,12,6,1,0,26,2,7,26,7026,4,2008,"1B3LC76M18N5","1","B","3","L","C","7","6","M","1","8","N","5",0,0,0,"000000000","00000000000",0,0,0,1,0,0,0,0,0,0,0,998,0,0,0,12,6,2,12,0,0,0,1,26,49442,6,1,0,0,3,0,72,195,0,1,0,0,4,9,2013,12,2014,0,0,0,0,0,5,6,45,1,8,8,1,0,0,1,66,99,1,1,88,"777777777777","777777777777","777777777777",0,0
26,260582,1,1,1,1,8,13,31,8,0,1,0,26,2,14,39,14039,4,2004,"2MEHM79V74X6","2","M","E","H","M","7","9","V","7","4","X","6",0,0,0,"000000000","00000000000",0,0,0,1,0,0,0,0,0,0,0,998,0,0,0,12,0,8,8,0,0,0,1,26,48235,6,1,0,0,3,0,66,200,2,0,0,0,0,8,2013,8,2013,0,39,0,0,0,1,2,25,1,1,1,1,20,3,1,80,99,1,1,13,"777777777777","777777777777","777777777777",0,0
26,260583,1,1,1,11,8,0,27,42,0,1,0,26,2,53,705,53705,80,2006,"JS1GN7DA0621","J","S","1","G","N","7","D","A","0","6","2","1",0,0,0,"000000000","00000000000",0,0,0,1,0,0,0,0,0,0,0,998,0,0,0,12,6,2,52,0,0,0,1,26,48146,6,1,0,0,3,0,69,165,0,0,0,0,0,0,0,0,0,4,99,99,99,99,5,5,35,1,8,8,1,0,0,1,13,99,1,4,1,"777777777777","777777777777","777777777777",1,0
26,260584,1,2,1,1,9,5,41,12,6,1,0,26,1,21,23,21023,4,1998,"1G3WX52K2WF3","1","G","3","W","X","5","2","K","2","W","F","3",0,0,0,"000000000","00000000000",0,0,0,1,0,0,0,0,0,0,0,998,0,0,0,9,6,2,12,0,0,0,1,26,49426,6,1,0,0,3,3,63,200,0,0,0,0,0,0,0,0,0,0,39,0,0,0,5,5,98,1,8,8,1,4,3,1,17,99,1,1,89,"777777777777","777777777777","777777777777",1,0
26,260584,2,2,1,1,9,5,41,12,6,1,0,17,2,12,481,12481,31,2010,"1FTFW1EV2AFA","1","F","T","F","W","1","E","V","2","A","F","A",0,0,0,"000000000","00000000000",0,0,0,1,0,0,0,0,0,0,0,998,0,0,0,12,6,2,12,0,0,0,1,17,60050,6,1,0,0,3,0,68,180,0,0,0,0,0,0,0,0,0,0,0,0,0,0,5,5,40,1,1,2,1,4,3,1,66,99,1,1,88,"777777777777","777777777777","777777777777",0,0
26,260585,1,2,1,22,8,9,45,12,2,1,0,26,1,14,17,14017,4,1995,"1MELM50U3SG6","1","M","E","L","M","5","0","U","3","S","G","6",0,0,0,"000000000","00000000000",0,0,0,1,0,0,0,0,0,0,0,998,0,0,0,12,6,2,12,0,0,0,1,26,49665,6,1,0,0,3,3,64,150,1,0,0,0,0,12,2012,12,2012,0,50,0,0,0,2,2,70,1,1,2,1,0,0,1,54,99,1,1,52,"777777777777","777777777777","777777777777",1,0
26,260585,2,2,2,22,8,9,45,12,2,1,0,39,1,20,24,20024,6,2012,"1GNKVGED0CJ2","1","G","N","K","V","G","E","D","0","C","J","2",0,0,0,"000000000","00000000000",0,0,0,1,0,0,0,0,0,0,0,998,0,0,0,12,6,2,12,0,0,0,1,39,44099,6,1,0,0,3,3,67,260,1,0,0,1,1,10,2012,11,2014,0,0,0,0,0,2,2,70,1,1,2,1,0,0,1,54,99,1,1,52,"777777777777","777777777777","777777777777",2,0
26,260586,1,2,1,23,8,12,47,12,6,1,0,26,1,20,2,20002,4,2005,"2G1WF52EX593","2","G","1","W","F","5","2","E","X","5","9","3",0,0,0,"000000000","00000000000",0,0,0,1,0,0,0,0,0,0,0,998,0,0,0,11,6,2,12,0,0,0,1,26,48390,6,1,0,0,3,0,58,95,0,0,0,0,0,0,0,0,0,0,38,0,0,0,2,2,98,1,8,8,98,20,3,4,19,99,1,1,89,"777777777777","777777777777","777777777777",1,0
26,260586,2,2,2,23,8,12,47,12,6,1,0,26,2,42,421,42421,15,2016,"4JGDF6EE0GA6","4","J","G","D","F","6","E","E","0","G","A","6",0,0,0,"000000000","00000000000",0,0,0,1,0,0,0,0,0,0,0,998,0,0,0,12,6,2,12,0,0,0,1,26,48322,6,1,0,0,3,0,67,210,0,0,0,0,0,0,0,0,0,0,0,0,0,0,1,2,45,1,8,8,1,0,0,1,68,99,1,1,88,"777777777777","777777777777","777777777777",0,0
26,260587,1,2,1,5,9,11,23,12,6,1,0,26,2,22,20,22020,4,2001,"1G2WP52K61F2","1","G","2","W","P","5","2","K","6","1","F","2",0,0,0,"000000000","00000000000",0,0,0,1,0,0,0,0,0,0,0,998,0,0,0,9,6,2,12,0,0,0,1,26,48423,6,1,0,0,3,0,67,160,0,0,0,0,0,0,0,0,0,0,38,0,0,0,1,2,55,1,8,8,1,20,3,1,17,99,1,1,89,"777777777777","777777777777","777777777777",1,0
26,260587,2,2,5,5,9,11,23,12,6,1,0,26,1,12,461,12461,21,2006,"1FBNE31L36HB","1","F","B","N","E","3","1","L","3","6","H","B",1,3,0,"000000000","00000000000",0,0,0,1,0,0,0,0,0,0,0,998,0,0,0,12,4,3,12,0,0,0,1,26,48880,6,1,0,0,3,3,70,215,0,0,0,0,0,0,0,0,0,0,0,0,0,0,1,2,55,1,1,1,1,0,0,1,66,16,1,1,88,"888888888888","777777777777","777777777777",0,0
26,260588,1,1,2,3,9,0,36,1,0,1,0,0,0,98,998,98998,97,2014,"000000000000","0","0","0","0","0","0","0","0","0","0","0","0",0,0,0,"000000000","00000000000",0,0,0,1,0,0,0,0,0,0,0,998,0,2,5,0,6,2,1,0,0,0,1,26,48035,2,1,0,0,2,0,62,100,2,2,3,2,1,3,2014,1,2016,0,36,0,0,0,1,2,55,1,2,4,11,0,0,1,9,99,4,4,7,"777777777777","777777777777","777777777777",1,1
26,260589,1,1,1,1,9,11,23,43,0,1,0,26,1,72,706,72706,80,2000,"1HD1DJV15YY6","1","H","D","1","D","J","V","1","5","Y","Y","6",0,0,0,"000000000","00000000000",0,0,0,1,0,0,0,0,0,0,0,998,0,0,0,12,6,2,43,0,0,0,1,26,48174,6,1,0,0,3,0,69,270,0,0,0,0,0,0,0,0,0,0,99,99,99,99,1,3,35,3,1,1,1,0,0,14,13,99,1,4,1,"777777777777","777777777777","777777777777",1,0
26,260590,1,1,1,3,9,18,14,33,0,1,0,26,1,12,401,12401,14,2003,"1FMZU77E43UA","1","F","M","Z","U","7","7","E","4","3","U","A",0,0,0,"000000000","00000000000",0,0,0,1,0,0,0,0,0,0,0,998,0,0,0,2,6,2,42,0,0,0,1,26,48038,6,1,0,0,3,0,66,140,0,0,0,0,0,0,0,0,0,0,99,99,99,99,5,5,50,1,8,8,1,0,0,1,13,99,1,4,1,"777777777777","777777777777","777777777777",1,0
26,260591,1,2,2,3,9,22,45,12,6,1,0,26,1,37,32,37032,2,1996,"1HGCD7231TA0","1","H","G","C","D","7","2","3","1","T","A","0",0,0,0,"000000000","00000000000",0,0,0,1,0,0,0,0,0,0,0,998,0,0,0,9,2,3,12,0,0,0,1,26,48827,6,1,0,0,3,0,66,125,0,0,0,0,0,0,0,0,0,0,0,0,0,0,1,2,98,1,8,8,1,20,3,11,15,99,1,1,82,"777777777777","777777777777","777777777777",0,0
26,260591,2,2,1,3,9,22,45,12,6,1,0,26,1,53,706,53706,80,2003,"JS1GW71A3321","J","S","1","G","W","7","1","A","3","3","2","1",0,0,0,"000000000","00000000000",0,0,0,1,0,0,0,0,0,0,0,998,0,0,0,12,6,2,12,0,0,0,1,26,48911,6,1,0,0,3,0,72,290,1,0,0,1,0,7,2015,6,2016,5,99,99,99,99,5,5,98,1,1,1,1,0,0,1,67,99,1,1,83,"777777777777","777777777777","777777777777",1,0
26,260592,1,2,4,4,9,12,2,12,6,1,0,26,2,7,442,7442,20,2001,"2B4GP44G71R1","2","B","4","G","P","4","4","G","7","1","R","1",0,0,0,"000000000","00000000000",0,0,0,1,0,0,0,0,0,0,0,998,0,0,0,8,6,2,12,0,0,0,1,26,49454,6,1,0,0,3,0,68,134,1,0,0,0,0,12,2011,12,2011,0,0,0,0,0,1,2,55,1,8,8,1,0,0,1,66,99,1,1,89,"777777777777","777777777777","777777777777",1,0
26,260592,2,2,3,4,9,12,2,12,6,1,0,26,2,12,481,12481,31,2004,"1FTSW31P24ED","1","F","T","S","W","3","1","P","2","4","E","D",0,0,0,"000000000","00000000000",0,0,0,1,0,0,0,0,0,0,0,998,0,0,0,12,6,2,12,0,0,0,1,26,49058,6,1,0,0,3,0,69,135,0,0,0,0,0,0,0,0,0,0,39,0,0,0,1,2,98,1,8,8,1,20,3,1,17,99,1,1,88,"777777777777","777777777777","777777777777",0,0
26,260593,1,2,1,5,9,5,20,12,6,1,0,26,1,42,42,42042,4,2006,"WDBRF52H86F7","W","D","B","R","F","5","2","H","8","6","F","7",0,0,0,"000000000","00000000000",0,0,0,1,0,0,0,0,0,0,0,998,0,0,0,9,6,2,12,0,0,0,1,26,49685,6,1,0,0,3,0,73,175,0,0,0,0,0,0,0,0,0,0,50,0,0,0,6,1,98,1,8,8,1,0,0,12,21,99,1,1,98,"777777777777","777777777777","777777777777",1,0
26,260593,2,2,1,5,9,5,20,12,6,1,0,26,1,63,34,63034,4,2015,"KNAGM4AD3F50","K","N","A","G","M","4","A","D","3","F","5","0",0,0,0,"000000000","00000000000",0,0,0,1,0,0,0,0,0,0,0,998,0,0,0,12,6,2,12,0,0,0,1,26,48473,6,1,0,0,3,0,74,205,1,0,0,0,0,4,2016,4,2016,0,0,0,0,0,3,3,70,1,2,2,1,0,0,1,63,99,1,1,98,"777777777777","777777777777","777777777777",0,0
26,260594,1,1,2,1,9,20,55,8,0,1,0,26,2,20,443,20443,20,2005,"1GNDV03E25D1","1","G","N","D","V","0","3","E","2","5","D","1",0,0,0,"000000000","00000000000",0,0,0,1,0,0,0,0,0,0,0,998,0,0,0,11,4,3,8,0,0,0,1,26,48473,0,0,0,0,0,0,75,260,0,2,0,0,4,8,2012,8,2016,0,0,0,0,0,1,4,45,1,8,8,1,0,0,1,80,1,1,1,13,"777777777777","777777777777","777777777777",0,0
26,260595,1,1,1,1,9,1,40,8,0,1,1,26,3,20,4,20004,2,2004,"1G1YY22G4451","1","G","1","Y","Y","2","2","G","4","4","5","1",0,0,0,"000000000","00000000000",0,0,0,1,0,0,0,0,0,0,0,998,0,0,0,1,2,8,8,0,0,0,1,26,48189,6,1,0,0,3,0,70,190,0,0,0,0,0,0,0,0,0,0,99,99,99,99,1,2,55,1,1,2,1,0,0,1,80,99,9,9,13,"777777777777","777777777777","777777777777",0,0
26,260596,1,1,2,1,9,6,0,8,0,1,0,26,1,6,441,6441,20,2012,"2C4RC1BG2CR3","2","C","4","R","C","1","B","G","2","C","R","3",0,0,0,"000000000","00000000000",0,0,0,1,0,0,0,0,0,0,0,998,0,0,0,11,6,2,8,0,0,0,1,26,48051,6,1,0,0,3,0,64,190,0,0,0,0,0,0,0,0,0,0,0,0,0,0,1,4,45,1,8,8,1,0,0,1,80,99,1,1,13,"777777777777","777777777777","777777777777",0,0
26,260597,1,1,3,6,9,12,58,42,0,1,0,26,2,23,441,23441,20,1997,"1GKDM19W4VB5","1","G","K","D","M","1","9","W","4","V","B","5",0,0,0,"000000000","00000000000",0,0,0,1,0,0,0,0,0,0,0,998,0,0,0,3,6,2,42,0,0,0,1,26,49421,6,1,0,0,3,3,72,210,0,0,0,0,0,0,0,0,0,0,0,0,0,0,2,2,70,1,8,8,1,0,0,6,3,99,9,4,7,"777777777777","777777777777","777777777777",2,0
26,260598,1,1,1,3,9,10,5,17,0,1,0,0,0,98,709,98709,81,2013,"000000000000","0","0","0","0","0","0","0","0","0","0","0","0",0,0,0,"000000000","00000000000",0,0,0,1,0,0,0,0,0,0,0,998,0,0,0,12,6,2,42,0,0,0,1,26,48836,3,1,0,0,2,0,70,210,0,0,0,0,0,0,0,0,0,0,6,0,0,0,1,2,55,1,1,2,1,0,0,1,13,99,1,4,1,"777777777777","777777777777","777777777777",1,0