"STATE","ST_CASE","VEH_NO","VE_FORMS","NUMOCCS","DAY","MONTH","HOUR","MINUTE","HARM_EV","MAN_COLL","UNITTYPE","HIT_RUN","REG_STAT","OWNER","MAKE","MODEL","MAK_MOD","BODY_TYP","MOD_YEAR","VIN","VIN_1","VIN_2","VIN_3","VIN_4","VIN_5","VIN_6","VIN_7","VIN_8","VIN_9","VIN_10","VIN_11","VIN_12","TOW_VEH","J_KNIFE","MCARR_I1","MCARR_I2","MCARR_ID","GVWR","V_CONFIG","CARGO_BT","HAZ_INV","HAZ_PLAC","HAZ_ID","HAZ_CNO","HAZ_REL","BUS_USE","SPEC_USE","EMER_USE","TRAV_SP","UNDERIDE","ROLLOVER","ROLINLOC","IMPACT1","DEFORMED","TOWED","M_HARM","VEH_SC1","VEH_SC2","FIRE_EXP","DR_PRES","L_STATE","DR_ZIP","L_STATUS","L_TYPE","CDL_STAT","L_ENDORS","L_COMPL","L_RESTRI","DR_HGT","DR_WGT","PREV_ACC","PREV_SUS","PREV_DWI","PREV_SPD","PREV_OTH","FIRST_MO","FIRST_YR","LAST_MO","LAST_YR","SPEEDREL","DR_SF1","DR_SF2","DR_SF3","DR_SF4","VTRAFWAY","VNUM_LAN","VSPD_LIM","VALIGN","VPROFILE","VPAVETYP","VSURCOND","VTRAFCON","VTCONT_F","P_CRASH1","P_CRASH2","P_CRASH3","PCRASH4","PCRASH5","ACC_TYPE","TRLR1VIN","TRLR2VIN","TRLR3VIN","DEATHS","DR_DRINK"
26,260632,1,1,2,19,9,20,39,31,0,1,0,26,2,23,421,23421,15,1995,"1GKFK16K7SJ7","1","G","K","F","K","1","6","K","7","S","J","7",0,0,0,"000000000","00000000000",0,0,0,1,0,0,0,0,0,0,0,998,0,1,5,12,6,2,31,0,0,0,1,26,48203,3,8,0,0,2,0,68,175,0,0,0,0,0,0,0,0,0,9,0,0,0,0,2,4,45,1,8,8,1,0,0,1,13,99,9,4,2,"777777777777","777777777777","777777777777",1,0
26,260633,1,2,2,17,9,2,5,12,7,1,0,26,2,20,421,20421,15,2008,"1GNFC13088J1","1","G","N","F","C","1","3","0","8","8","J","1",0,0,0,"000000000","00000000000",0,0,0,1,0,0,0,0,0,0,0,998,0,0,0,61,6,2,12,0,0,0,1,26,48213,6,1,0,0,3,0,69,160,0,3,0,0,2,4,2014,9,2015,0,36,0,0,0,5,3,30,1,8,8,1,0,0,6,10,99,1,2,98,"777777777777","777777777777","777777777777",1,1
26,260633,2,2,2,17,9,2,5,12,7,1,0,26,1,20,403,20403,14,2008,"1GNDT13S5821","1","G","N","D","T","1","3","S","5","8","2","1",0,0,0,"000000000","00000000000",0,0,0,1,0,0,0,0,0,0,0,998,0,0,0,11,6,2,12,0,0,0,1,26,48224,1,1,0,0,2,0,71,175,0,6,0,0,0,10,2012,6,2015,0,0,0,0,0,5,3,30,1,8,8,1,0,0,11,15,99,9,2,98,"777777777777","777777777777","777777777777",0,0
26,260634,1,2,1,20,9,10,41,12,6,1,0,26,1,18,2,18002,4,2004,"1G4HP52K44U1","1","G","4","H","P","5","2","K","4","4","U","1",0,0,0,"000000000","00000000000",0,0,0,1,0,0,0,0,0,0,0,998,0,0,0,9,6,2,12,0,0,0,1,26,49445,6,1,0,0,3,0,70,180,0,0,0,0,0,0,0,0,0,0,38,0,0,0,0,0,0,0,0,0,0,0,0,1,19,99,1,1,89,"777777777777","777777777777","777777777777",1,0
26,260634,2,2,1,20,9,10,41,12,6,1,0,26,1,20,481,20481,31,2006,"1GCHC29DX6E2","1","G","C","H","C","2","9","D","X","6","E","2",0,0,0,"000000000","00000000000",0,0,0,1,0,0,0,0,0,0,0,998,0,0,0,12,2,3,12,0,0,0,1,26,49437,6,1,0,0,3,0,66,160,0,0,0,0,0,0,0,0,0,0,0,0,0,0,1,2,55,1,8,8,1,0,0,1,71,99,1,1,88,"777777777777","777777777777","777777777777",0,0
26,260635,1,1,1,19,9,23,36,11,0,1,0,26,1,98,709,98709,80,2011,"1C9S32729BM9","1","C","9","S","3","2","7","2","9","B","M","9",0,0,0,"000000000","00000000000",0,0,0,1,0,0,0,0,0,0,0,998,0,0,0,12,6,2,11,0,0,0,1,26,48421,6,1,0,0,3,0,71,250,0,0,0,0,0,0,0,0,0,0,99,99,99,99,1,2,55,1,8,8,11,0,0,1,87,16,1,1,13,"777777777777","777777777777","777777777777",1,0
26,260636,1,1,1,14,9,7,53,8,0,1,0,26,1,14,402,14402,14,2008,"4M2CU97198KJ","4","M","2","C","U","9","7","1","9","8","K","J",0,0,0,"000000000","00000000000",0,0,0,1,0,0,0,0,0,0,0,998,0,0,0,11,4,3,8,0,0,0,1,26,49749,6,1,0,0,3,3,65,120,0,0,0,0,0,0,0,0,0,0,0,0,0,0,1,2,55,1,1,2,1,0,0,1,80,99,1,1,13,"777777777777","777777777777","777777777777",0,0
26,260637,1,1,1,19,9,22,35,59,0,1,0,26,1,63,33,63033,4,2006,"KNAFE1225652","K","N","A","F","E","1","2","2","5","6","5","2",0,0,0,"000000000","00000000000",0,0,0,1,0,0,0,0,0,0,0,998,0,0,0,12,4,3,42,0,0,0,1,26,48044,6,1,0,0,3,3,68,150,0,2,0,1,1,4,2015,3,2016,0,99,99,99,99,3,3,40,1,1,1,1,0,0,1,13,99,1,4,1,"777777777777","777777777777","777777777777",1,1
26,260638,1,2,1,16,9,5,44,12,6,1,0,26,1,50,705,50705,80,2008,"SMTD01NE68J3","S","M","T","D","0","1","N","E","6","8","J","3",0,0,0,"000000000","00000000000",0,0,0,1,0,0,0,0,0,0,0,998,0,0,0,12,6,2,12,0,0,0,1,26,49024,6,1,6,0,3,0,67,185,0,0,0,0,0,0,0,0,0,5,99,99,99,99,1,2,40,1,8,8,3,0,0,1,71,99,1,1,88,"777777777777","777777777777","777777777777",1,0
26,260638,2,2,1,16,9,5,44,12,6,1,0,26,1,12,481,12481,31,2014,"1FTFW1EF1EKD","1","F","T","F","W","1","E","F","1","E","K","D",0,0,0,"000000000","00000000000",0,0,0,1,0,0,0,0,0,0,0,998,0,0,0,9,6,2,12,0,0,0,1,26,49002,6,1,0,0,3,3,75,290,1,0,0,0,0,4,2016,4,2016,0,0,0,0,0,0,0,0,0,0,0,0,0,0,1,19,99,1,1,89,"777777777777","777777777777","777777777777",0,0
26,260639,1,1,1,23,9,0,9,42,0,1,0,26,2,98,734,98734,90,2000,"4XACK42A3YC0","4","X","A","C","K","4","2","A","3","Y","C","0",0,0,0,"000000000","00000000000",0,0,0,1,0,0,0,0,0,0,0,998,0,0,0,11,6,2,42,0,0,0,1,26,49343,6,1,0,0,3,0,72,150,1,0,0,0,1,5,2015,5,2015,0,99,99,99,99,1,2,55,1,1,4,11,0,0,1,13,99,9,4,1,"777777777777","777777777777","777777777777",1,1
26,260640,1,2,1,22,9,21,14,12,6,1,0,26,2,72,706,72706,80,1989,"1HD1BKL12KY0","1","H","D","1","B","K","L","1","2","K","Y","0",0,0,0,"000000000","00000000000",0,0,0,1,0,0,0,0,0,0,0,998,0,0,0,12,6,2,12,0,0,0,1,26,48654,1,1,0,0,2,3,66,150,0,6,1,1,3,8,2013,9,2016,0,0,0,0,0,1,2,55,1,1,2,2,0,0,1,72,16,1,1,83,"777777777777","777777777777","777777777777",1,0
26,260640,2,2,1,22,9,21,14,12,6,1,0,26,1,20,481,20481,31,2015,"1GCRCPEH6FZ2","1","G","C","R","C","P","E","H","6","F","Z","2",0,0,0,"000000000","00000000000",0,0,0,1,0,0,0,0,0,0,0,998,0,0,0,9,4,3,12,0,0,0,1,26,48739,6,1,0,0,2,0,70,210,0,0,0,0,0,0,0,0,0,0,38,0,0,0,0,0,0,0,0,0,0,0,0,11,15,99,1,1,82,"777777777777","777777777777","777777777777",0,0
26,260641,1,2,4,24,9,10,53,12,7,1,0,26,1,2,422,2422,15,2015,"1C4RJFCG1FC1","1","C","4","R","J","F","C","G","1","F","C","1",0,0,0,"000000000","00000000000",0,0,0,1,0,0,0,0,0,0,0,998,0,0,0,3,2,3,12,0,0,0,1,26,49083,6,1,0,0,3,3,71,190,0,0,0,1,0,1,2016,1,2016,0,38,0,0,0,1,4,50,1,1,1,1,0,0,10,16,99,1,1,70,"777777777777","777777777777","777777777777",0,0
26,260641,2,2,1,24,9,10,53,12,7,1,0,26,1,37,706,37706,80,2004,"1HFSC47034A3","1","H","F","S","C","4","7","0","3","4","A","3",0,0,0,"000000000","00000000000",0,0,0,1,0,0,0,0,0,0,0,998,0,0,0,9,6,2,12,0,0,0,1,26,48127,6,1,0,0,3,0,72,250,0,0,0,0,0,0,0,0,0,0,34,0,0,0,1,4,50,1,1,1,1,0,0,6,98,99,1,1,71,"777777777777","777777777777","777777777777",1,0
26,260642,1,2,1,24,9,17,23,12,1,1,0,26,1,72,706,72706,80,2011,"1HD1KB410BB6","1","H","D","1","K","B","4","1","0","B","B","6",0,0,0,"000000000","00000000000",0,0,0,1,0,0,0,0,0,0,0,998,0,0,0,12,6,2,12,0,0,0,1,26,48722,6,1,0,0,3,0,73,315,0,0,0,0,0,0,0,0,0,0,38,0,0,0,1,2,55,1,1,2,1,0,0,1,51,99,1,1,24,"777777777777","777777777777","777777777777",1,1
26,260642,2,2,1,24,9,17,23,12,1,1,0,26,1,72,706,72706,80,1993,"1HD1BML19PY0","1","H","D","1","B","M","L","1","9","P","Y","0",0,0,0,"000000000","00000000000",0,0,0,1,0,0,0,0,0,0,0,998,0,0,0,6,6,2,12,0,0,0,1,26,48415,6,1,0,0,3,3,73,205,0,0,0,0,0,0,0,0,0,0,0,0,0,0,1,2,55,1,1,2,1,0,0,1,53,1,1,1,25,"777777777777","777777777777","777777777777",0,1
26,260643,1,2,1,18,9,20,50,12,1,1,0,26,1,72,706,72706,80,2014,"1HD1HPH12EC8","1","H","D","1","H","P","H","1","2","E","C","8",0,0,0,"000000000","00000000000",0,0,0,1,0,0,0,0,0,0,0,998,0,0,0,12,6,2,12,0,0,0,1,26,48183,6,1,0,0,3,0,72,225,0,0,0,0,1,4,2014,4,2014,5,99,99,99,99,1,2,25,1,1,1,1,0,0,1,51,99,1,1,24,"777777777777","777777777777","777777777777",1,1
26,260643,2,2,1,18,9,20,50,12,1,1,0,26,1,72,706,72706,80,2004,"1HD1FCW154Y6","1","H","D","1","F","C","W","1","5","4","Y","6",0,0,0,"000000000","00000000000",0,0,0,1,0,0,0,0,0,0,0,998,0,0,0,6,2,3,12,0,0,0,1,26,48146,6,1,6,0,3,0,68,210,0,0,0,1,0,9,2015,9,2015,0,0,0,0,0,1,2,25,1,1,1,1,0,0,1,53,1,1,1,25,"777777777777","777777777777","777777777777",0,1
26,260644,1,1,1,20,9,10,33,24,0,1,0,18,3,84,884,84884,66,2005,"2HSCNAPR45C1","2","H","S","C","N","A","P","R","4","5","C","1",1,3,57,"001373339","57001373339",3,6,3,1,0,0,0,0,0,0,0,998,0,2,5,3,6,2,1,0,0,0,1,18,46701,6,1,6,1,3,0,999,999,0,3,0,2,1,4,2014,8,2016,9,99,99,99,99,3,4,70,1,8,1,1,0,0,1,13,99,1,4,1,"1W1BGB6B7ME3","777777777777","777777777777",1,0
26,260645,1,2,2,24,9,21,20,12,8,1,0,26,5,12,3,12003,2,1985,"1FABP28T6FF2","1","F","A","B","P","2","8","T","6","F","F","2",0,0,0,"000000000","00000000000",0,0,0,1,0,0,0,0,0,0,0,998,0,0,0,11,6,2,21,0,0,1,1,26,48150,0,0,0,0,0,0,999,999,0,0,0,0,0,0,0,0,0,0,28,37,0,0,5,3,35,1,1,2,1,0,0,6,10,99,1,2,64,"777777777777","777777777777","777777777777",2,0
26,260645,2,2,2,24,9,21,20,12,8,1,0,26,2,12,401,12401,14,2016,"1FM5K7D86GGB","1","F","M","5","K","7","D","8","6","G","G","B",0,0,0,"000000000","00000000000",0,0,0,1,0,0,0,0,0,0,0,998,0,0,0,7,6,2,12,0,0,0,1,26,48154,6,1,0,0,3,0,68,180,0,0,0,0,0,0,0,0,0,0,0,0,0,0,5,3,35,1,1,2,1,0,0,1,62,99,1,2,65,"777777777777","777777777777","777777777777",0,1
26,260646,1,1,2,15,9,20,5,1,0,1,0,26,1,37,706,37706,80,1982,"1HFSC0223CA2","1","H","F","S","C","0","2","2","3","C","A","2",0,0,0,"000000000","00000000000",0,0,0,1,0,0,0,0,0,0,0,998,0,0,0,0,4,3,1,0,0,0,1,26,48209,3,1,0,0,2,0,71,298,0,4,0,0,2,3,2014,9,2016,5,99,99,99,99,5,5,30,1,8,8,1,0,0,1,6,99,9,2,98,"777777777777","777777777777","777777777777",1,1
26,260647,1,2,1,26,9,7,11,12,1,1,0,26,1,12,401,12401,14,2005,"1FMDU74W65UB","1","F","M","D","U","7","4","W","6","5","U","B",0,0,0,"000000000","00000000000",0,0,0,1,0,0,0,0,0,0,0,998,0,0,0,12,2,8,12,0,0,0,1,26,49424,6,1,0,0,3,3,70,190,1,0,0,0,0,12,2013,12,2013,0,0,0,0,0,5,5,45,1,8,8,2,0,0,1,51,99,1,1,24,"777777777777","777777777777","777777777777",1,0
26,260647,2,2,1,26,9,7,11,12,1,1,0,26,3,12,884,12884,61,2000,"3FENF65A4YMA","3","F","E","N","F","6","5","A","4","Y","M","A",0,0,57,"001697981","57001697981",2,1,3,1,0,0,0,0,0,0,0,998,0,0,0,6,0,8,12,0,0,0,1,26,49464,6,1,0,0,3,3,71,222,1,0,0,0,1,8,2016,8,2016,0,99,99,99,99,5,5,45,1,8,8,2,0,0,11,15,1,1,1,26,"777777777777","777777777777","777777777777",0,0
26,260648,1,1,1,27,9,15,23,33,0,1,0,26,1,72,706,72706,80,2013,"1HD1KEM10DB6","1","H","D","1","K","E","M","1","0","D","B","6",0,0,0,"000000000","00000000000",0,0,0,1,0,0,0,0,0,0,0,998,0,0,0,12,6,2,1,0,0,0,1,26,48082,6,1,0,0,3,0,69,180,1,0,0,0,0,10,2015,10,2015,5,99,99,99,99,5,5,35,3,1,1,1,0,0,6,6,99,1,4,1,"777777777777","777777777777","777777777777",1,0
26,260649,1,4,1,19,9,14,45,12,1,1,0,26,3,85,881,85881,66,2014,"1XKDD40X1EJ3","1","X","K","D","D","4","0","X","1","E","J","3",1,1,57,"001107794","57001107794",3,6,2,1,0,0,0,0,0,0,0,998,0,0,0,12,4,3,12,0,0,0,1,26,49328,6,1,6,1,3,3,72,249,1,0,0,0,1,2,2016,2,2016,0,99,99,99,99,1,2,55,1,1,2,1,0,0,1,50,16,2,1,20,"1B9ST4984GE6","777777777777","777777777777",0,0
26,260649,2,4,1,19,9,14,45,12,1,1,0,26,2,49,46,49046,5,2013,"JTDKN3DU8D56","J","T","D","K","N","3","D","U","8","D","5","6",0,0,0,"000000000","00000000000",0,0,0,1,0,0,0,0,0,0,0,0,0,0,0,6,6,2,12,0,0,0,1,26,49247,6,1,0,0,3,0,66,170,1,0,0,0,0,3,2012,3,2012,0,0,0,0,0,1,2,55,1,1,2,1,0,0,5,53,1,1,1,21,"777777777777","777777777777","777777777777",1,0
26,260649,3,4,2,19,9,14,45,12,1,1,0,26,1,20,404,20404,14,2010,"2CNFLFEY5A62","2","C","N","F","L","F","E","Y","5","A","6","2",0,0,0,"000000000","00000000000",0,0,0,1,0,0,0,0,0,0,0,0,0,0,0,6,6,2,12,0,0,0,1,26,49247,6,8,0,0,3,0,66,160,0,0,0,0,0,0,0,0,0,0,0,0,0,0,1,2,55,1,1,2,1,0,0,5,53,1,1,1,98,"777777777777","777777777777","777777777777",0,0
26,260649,4,4,1,19,9,14,45,12,1,1,0,26,3,12,870,12870,61,2012,"1FDWE3FS6CDA","1","F","D","W","E","3","F","S","6","C","D","A",0,0,57,"002267780","57002267780",2,1,1,1,0,0,0,0,0,0,0,0,0,1,1,6,6,2,12,0,0,0,1,26,49220,6,1,0,0,3,0,70,160,0,0,0,1,0,7,2013,7,2013,0,0,0,0,0,1,2,55,1,1,2,1,0,0,5,53,1,1,1,98,"777777777777","777777777777","777777777777",0,0
26,260650,1,2,1,28,9,6,14,8,0,1,0,26,1,24,1,24001,4,2002,"1G8ZK52772Z1","1","G","8","Z","K","5","2","7","7","2","Z","1",0,0,0,"000000000","00000000000",0,0,0,1,0,0,0,0,0,0,0,998,0,0,0,1,4,3,8,0,0,0,1,26,48065,6,1,0,0,3,3,68,280,0,0,0,0,0,0,0,0,0,0,0,0,0,0,5,3,50,1,2,2,1,0,0,1,80,6,1,1,13,"777777777777","777777777777","777777777777",0,0
26,260650,2,2,1,28,9,6,14,8,0,1,0,26,2,18,2,18002,4,2002,"1G4HR54K22U2","1","G","4","H","R","5","4","K","2","2","U","2",0,0,0,"000000000","00000000000",0,0,0,1,0,0,0,0,0,0,0,998,0,0,0,14,2,8,8,0,0,0,1,26,48416,6,1,0,0,3,0,72,260,0,0,0,0,0,0,0,0,0,0,0,0,0,0,5,3,50,1,2,2,1,0,0,1,80,99,1,1,98,"777777777777","777777777777","777777777777",0,0
26,260651,1,1,1,10,9,19,22,39,0,1,0,26,3,41,471,41471,30,1999,"4F4YR16CXXTM","4","F","4","Y","R","1","6","C","X","X","T","M",0,0,0,"000000000","00000000000",0,0,0,1,0,0,0,0,0,0,0,998,0,2,5,12,9,2,1,0,0,0,1,26,48213,6,1,0,0,3,0,63,125,2,0,0,1,3,10,2013,5,2015,0,99,99,99,99,6,3,55,3,8,2,2,0,0,14,13,99,1,4,1,"777777777777","777777777777","777777777777",1,0
26,260652,1,2,1,18,9,19,0,12,6,1,0,12,1,54,36,54036,4,2005,"JH4KB16595C0","J","H","4","K","B","1","6","5","9","5","C","0",0,0,0,"000000000","00000000000",0,0,0,1,0,0,0,0,0,0,0,998,0,0,0,9,6,2,12,0,0,0,1,12,32181,6,1,0,0,3,3,71,999,0,0,0,2,0,8,2013,12,2014,0,38,0,0,0,1,2,98,1,8,8,1,20,3,1,17,99,1,1,89,"777777777777","777777777777","777777777777",1,0
26,260652,2,2,1,18,9,19,0,12,6,1,0,26,2,23,481,23481,31,1994,"2GDEK19K8R15","2","G","D","E","K","1","9","K","8","R","1","5",0,0,0,"000000000","00000000000",0,0,0,1,0,0,0,0,0,0,0,998,0,1,1,12,6,2,12,0,0,0,1,26,49668,6,1,7,0,3,0,70,200,0,0,0,0,0,0,0,0,0,0,0,0,0,0,5,3,55,1,1,2,1,0,0,1,66,99,1,1,88,"777777777777","777777777777","777777777777",0,0
26,260653,1,2,5,23,9,22,43,8,0,1,0,26,2,58,41,58041,4,2014,"JN1BV7AR4EM6","J","N","1","B","V","7","A","R","4","E","M","6",0,0,0,"000000000","00000000000",0,0,0,1,0,0,0,0,0,0,0,998,0,0,0,1,2,5,8,0,0,0,1,26,48174,6,1,0,0,3,3,67,135,0,1,0,1,1,11,2015,2,2016,0,0,0,0,0,3,3,70,1,8,8,1,0,0,1,80,6,1,1,13,"777777777777","777777777777","777777777777",0,0
26,260653,2,2,2,23,9,22,43,8,0,1,0,26,2,6,18,6018,1,2011,"1C3BC7EG3BN5","1","C","3","B","C","7","E","G","3","B","N","5",0,0,0,"000000000","00000000000",0,0,0,1,0,0,0,0,0,0,0,998,0,0,0,14,4,5,8,0,0,0,1,26,48227,6,1,0,0,3,0,67,140,0,0,0,0,0,0,0,0,0,0,0,0,0,0,3,3,70,1,8,8,1,0,0,1,80,99,1,1,98,"777777777777","777777777777","777777777777",0,0
26,260654,1,2,1,20,9,14,2,12,6,1,0,26,1,14,17,14017,4,2008,"1MEHM42WX8G6","1","M","E","H","M","4","2","W","X","8","G","6",0,0,0,"000000000","00000000000",0,0,0,1,0,0,0,0,0,0,0,998,0,0,0,1,2,3,12,0,0,0,1,26,49229,6,1,0,0,3,0,61,148,0,0,0,0,0,0,0,0,0,0,38,0,0,0,1,2,55,1,1,2,1,0,0,11,15,1,1,1,68,"777777777777","777777777777","777777777777",0,0
26,260654,2,2,1,20,9,14,2,12,6,1,0,26,1,50,706,50706,80,2013,"SMT910K15DT5","S","M","T","9","1","0","K","1","5","D","T","5",0,0,0,"000000000","00000000000",0,0,0,1,0,0,0,0,0,0,0,998,0,0,0,12,6,2,12,0,0,0,1,26,48176,6,1,0,0,3,3,68,190,0,0,0,0,0,0,0,0,0,0,0,0,0,0,1,2,55,1,1,2,1,0,0,1,62,99,1,1,69,"777777777777","777777777777","777777777777",1,0
26,260655,1,2,1,21,9,7,58,12,2,1,0,26,3,20,481,20481,31,2015,"1GCVKPEC9FZ4","1","G","C","V","K","P","E","C","9","F","Z","4",0,0,0,"000000000","00000000000",0,0,0,1,0,0,0,0,0,0,0,998,0,0,0,12,6,2,12,0,0,0,1,26,49418,6,1,0,0,3,0,75,195,0,0,0,4,0,3,2013,8,2016,0,6,28,0,0,1,2,55,1,2,2,1,0,0,1,10,99,1,2,50,"777777777777","777777777777","777777777777",0,0
26,260655,2,2,1,21,9,7,58,12,2,1,0,26,1,6,441,6441,20,2003,"2C4GP54L33R3","2","C","4","G","P","5","4","L","3","3","R","3",0,0,0,"000000000","00000000000",0,0,0,1,0,0,0,0,0,0,0,998,0,0,0,12,6,2,12,0,0,0,1,26,49315,6,1,0,0,3,3,71,155,0,0,0,0,0,0,0,0,0,0,0,0,0,0,1,2,55,1,2,2,1,0,0,1,62,16,2,1,51,"777777777777","777777777777","777777777777",1,0
26,260656,1,1,1,22,9,18,39,42,0,1,0,26,1,23,423,23423,15,2016,"1GKKVSKDXGJ1","1","G","K","K","V","S","K","D","X","G","J","1",0,0,0,"000000000","00000000000",0,0,0,1,0,0,0,0,0,0,0,998,0,0,0,12,6,2,42,0,0,0,1,26,49090,6,1,0,0,3,3,69,190,0,0,0,1,0,9,2014,9,2014,9,99,99,99,99,1,2,55,1,1,1,1,0,0,1,13,99,1,4,1,"777777777777","777777777777","777777777777",1,1
26,260657,1,1,2,24,9,23,31,42,0,1,0,26,2,20,23,20023,6,2007,"3GNDA23P47S5","3","G","N","D","A","2","3","P","4","7","S","5",0,0,0,"000000000","00000000000",0,0,0,1,0,0,0,0,0,0,0,998,0,0,0,9,6,2,42,0,0,0,1,26,48442,6,1,0,0,3,3,71,170,0,0,0,0,0,0,0,0,0,5,99,99,99,99,1,2,55,3,8,8,11,0,0,14,6,99,3,4,2,"777777777777","777777777777","777777777777",1,0
26,260658,1,2,2,30,9,17,45,12,6,1,0,18,1,20,22,20022,2,2008,"1G1AL18F6872","1","G","1","A","L","1","8","F","6","8","7","2",0,0,0,"000000000","00000000000",0,0,0,1,0,0,0,0,0,0,0,998,0,0,0,9,6,2,12,0,0,0,1,18,46385,6,1,0,0,3,0,68,160,0,0,0,1,0,3,2016,3,2016,0,38,0,0,0,1,2,55,1,8,8,1,20,3,4,17,99,1,1,89,"777777777777","777777777777","777777777777",2,0
26,260658,2,2,1,30,9,17,45,12,6,1,0,93,3,82,881,82881,66,2016,"3AKJGED50GDH","3","A","K","J","G","E","D","5","0","G","D","H",1,1,57,"000215732","57000215732",3,6,1,1,0,0,0,0,0,0,0,998,0,0,0,12,6,2,12,0,0,0,1,26,49094,6,1,6,0,3,0,71,206,0,0,0,1,0,3,2013,3,2013,0,0,0,0,0,1,2,55,1,8,8,1,0,0,1,66,16,1,1,88,"888888888888","777777777777","777777777777",0,0
26,260659,1,2,2,22,9,14,12,24,0,1,0,26,1,20,2,20002,4,2012,"2G1WC5E32C11","2","G","1","W","C","5","E","3","2","C","1","1",0,0,0,"000000000","00000000000",0,0,0,1,0,0,0,0,0,0,0,998,0,0,0,12,6,2,24,0,0,0,1,26,49348,6,1,0,0,3,0,72,180,1,0,0,0,1,12,2012,12,2012,0,0,0,0,0,6,2,70,2,2,1,1,0,0,14,13,99,2,4,2,"777777777777","777777777777","777777777777",1,1
26,260659,2,2,1,22,9,14,12,24,0,1,0,26,3,12,870,12870,55,2015,"1FDFE4FS1FDA","1","F","D","F","E","4","F","S","1","F","D","A",0,0,88,"888888888","88888888888",2,20,22,1,0,0,0,0,6,3,0,0,0,0,0,6,6,2,12,0,0,0,1,26,49506,6,1,6,1,3,0,64,262,2,1,0,0,1,2,2014,6,2016,0,0,0,0,0,6,2,70,2,2,1,1,3,3,5,53,1,1,1,98,"777777777777","777777777777","777777777777",0,0
26,260660,1,1,3,30,9,2,37,59,0,1,0,26,5,12,23,12023,4,2011,"3FAHP0JA2BR1","3","F","A","H","P","0","J","A","2","B","R","1",0,0,0,"000000000","00000000000",0,0,0,1,0,0,0,0,0,0,0,998,0,0,0,1,6,2,43,0,0,0,1,26,48030,0,0,0,0,0,0,68,140,1,2,0,0,3,3,2014,12,2015,5,99,99,99,99,3,4,70,1,8,8,2,0,0,1,6,99,3,4,2,"777777777777","777777777777","777777777777",1,0
26,260661,1,1,1,16,9,18,41,1,0,1,0,0,0,53,734,53734,90,2004,"JSAAK47A3421","J","S","A","A","K","4","7","A","3","4","2","1",0,0,0,"000000000","00000000000",0,0,0,1,0,0,0,0,0,0,0,998,0,2,1,0,2,5,1,0,0,0,1,26,48412,3,1,0,0,1,0,74,220,0,1,0,0,0,7,2013,7,2013,0,6,0,0,0,1,2,98,1,8,8,1,0,0,1,98,99,1,1,98,"777777777777","777777777777","777777777777",1,0
26,260662,1,3,2,23,9,11,19,12,1,1,0,26,1,20,441,20441,20,1997,"1GNEL19WXVB2","1","G","N","E","L","1","9","W","X","V","B","2",0,0,0,"000000000","00000000000",0,0,0,1,0,0,0,0,0,0,0,998,0,0,0,6,6,2,12,32,0,0,1,26,49091,6,1,0,0,3,0,70,250,1,0,0,1,0,12,2012,9,2015,0,0,0,0,0,1,2,55,1,1,1,2,0,0,2,53,99,2,1,29,"777777777777","777777777777","777777777777",1,0
26,260662,2,3,1,23,9,11,19,12,1,1,0,26,2,20,481,20481,31,1993,"2GCHC39N8P11","2","G","C","H","C","3","9","N","8","P","1","1",0,0,0,"000000000","00000000000",0,0,0,1,0,0,0,0,0,0,0,998,0,0,0,12,6,2,12,0,0,0,1,26,49230,6,1,6,0,3,0,68,185,0,0,0,0,0,0,0,0,0,0,99,99,99,99,1,2,55,1,1,1,2,0,0,1,52,99,1,1,28,"777777777777","777777777777","777777777777",0,0
26,260662,3,3,1,23,9,11,19,12,1,1,0,18,3,84,890,84890,66,1998,"1HSRRAEN3WH5","1","H","S","R","R","A","E","N","3","W","H","5",1,1,57,"002089596","57002089596",3,6,3,1,0,0,0,0,0,0,0,998,0,0,0,6,4,5,12,0,0,0,1,18,46962,6,1,6,0,3,3,73,280,0,0,0,0,0,0,0,0,0,0,0,0,0,0,1,2,55,1,1,1,2,0,0,2,53,1,1,1,98,"888888888888","777777777777","777777777777",0,0
26,260663,1,2,1,24,9,16,0,12,6,1,0,26,1,53,706,53706,80,2002,"JS1VS52A1221","J","S","1","V","S","5","2","A","1","2","2","1",0,0,0,"000000000","00000000000",0,0,0,1,0,0,0,0,0,0,0,998,0,0,0,12,6,2,12,0,0,0,1,26,48640,6,1,0,0,3,3,69,170,1,0,0,0,0,1,2014,1,2014,5,99,99,99,99,1,2,55,1,2,2,1,0,0,6,52,99,1,1,73,"777777777777","777777777777","777777777777",1,0
26,260663,2,2,3,24,9,16,0,12,6,1,0,21,1,12,22,12022,6,2006,"1FMDK02186GA","1","F","M","D","K","0","2","1","8","6","G","A",0,0,0,"000000000","00000000000",0,0,0,1,0,0,0,0,0,0,0,998,0,0,0,8,2,3,12,0,0,0,1,21,40353,6,1,0,0,3,0,63,130,2,0,0,0,0,11,2015,5,2016,0,0,0,0,0,1,2,55,1,2,2,1,0,0,11,53,99,1,1,72,"777777777777","777777777777","777777777777",0,0
26,260664,1,1,1,25,9,3,1,38,0,1,0,26,2,23,401,23401,14,2005,"1GKCT18X65K1","1","G","K","C","T","1","8","X","6","5","K","1",0,0,0,"000000000","00000000000",0,0,0,1,0,0,0,0,0,0,0,998,0,1,5,99,6,2,1,0,0,0,1,26,48506,6,1,0,0,3,0,72,174,0,0,0,0,0,0,0,0,0,0,6,0,0,0,2,2,70,1,3,2,1,0,0,1,12,99,2,4,7,"777777777777","777777777777","777777777777",1,1