"STATE","ST_CASE","VEH_NO","VE_FORMS","NUMOCCS","DAY","MONTH","HOUR","MINUTE","HARM_EV","MAN_COLL","UNITTYPE","HIT_RUN","REG_STAT","OWNER","MAKE","MODEL","MAK_MOD","BODY_TYP","MOD_YEAR","VIN","VIN_1","VIN_2","VIN_3","VIN_4","VIN_5","VIN_6","VIN_7","VIN_8","VIN_9","VIN_10","VIN_11","VIN_12","TOW_VEH","J_KNIFE","MCARR_I1","MCARR_I2","MCARR_ID","GVWR","V_CONFIG","CARGO_BT","HAZ_INV","HAZ_PLAC","HAZ_ID","HAZ_CNO","HAZ_REL","BUS_USE","SPEC_USE","EMER_USE","TRAV_SP","UNDERIDE","ROLLOVER","ROLINLOC","IMPACT1","DEFORMED","TOWED","M_HARM","VEH_SC1","VEH_SC2","FIRE_EXP","DR_PRES","L_STATE","DR_ZIP","L_STATUS","L_TYPE","CDL_STAT","L_ENDORS","L_COMPL","L_RESTRI","DR_HGT","DR_WGT","PREV_ACC","PREV_SUS","PREV_DWI","PREV_SPD","PREV_OTH","FIRST_MO","FIRST_YR","LAST_MO","LAST_YR","SPEEDREL","DR_SF1","DR_SF2","DR_SF3","DR_SF4","VTRAFWAY","VNUM_LAN","VSPD_LIM","VALIGN","VPROFILE","VPAVETYP","VSURCOND","VTRAFCON","VTCONT_F","P_CRASH1","P_CRASH2","P_CRASH3","PCRASH4","PCRASH5","ACC_TYPE","TRLR1VIN","TRLR2VIN","TRLR3VIN","DEATHS","DR_DRINK"
26,260698,1,1,1,12,10,1,31,42,0,1,0,26,1,21,2,21002,4,1998,"1G3HN52K7W48","1","G","3","H","N","5","2","K","7","W","4","8",0,0,0,"000000000","00000000000",0,0,0,1,0,0,0,0,0,0,0,998,0,0,0,12,6,2,42,0,0,1,1,26,48504,6,1,0,0,3,0,66,210,0,0,0,0,0,0,0,0,0,5,0,0,0,0,1,2,25,2,1,2,1,0,0,14,6,99,9,4,7,"777777777777","777777777777","777777777777",1,0
26,260699,1,2,1,12,10,21,40,12,2,1,0,26,1,20,441,20441,20,2000,"1GNDM19W6YB1","1","G","N","D","M","1","9","W","6","Y","B","1",0,0,0,"000000000","00000000000",0,0,0,1,0,0,0,0,0,0,0,998,0,0,0,12,6,2,12,0,0,0,1,26,48429,6,1,0,0,3,3,68,155,0,0,0,0,0,0,0,0,0,0,28,51,0,0,1,3,55,1,1,2,2,0,0,1,10,99,9,2,50,"777777777777","777777777777","777777777777",1,0
26,260699,2,2,1,12,10,21,40,12,2,1,0,26,2,12,422,12422,15,2006,"1FMEU74886UA","1","F","M","E","U","7","4","8","8","6","U","A",0,0,0,"000000000","00000000000",0,0,0,1,0,0,0,0,0,0,0,998,0,0,0,12,6,2,12,0,0,0,1,26,48817,6,1,0,0,3,0,73,205,0,0,0,0,0,0,0,0,0,0,0,0,0,0,1,3,55,1,1,2,2,0,0,1,62,99,1,1,51,"777777777777","777777777777","777777777777",0,0
26,260700,1,2,1,15,10,12,32,12,6,1,0,26,1,7,472,7472,30,1993,"1B7GL23Y9PS1","1","B","7","G","L","2","3","Y","9","P","S","1",0,0,0,"000000000","00000000000",0,0,0,1,0,0,0,0,0,0,0,998,0,1,1,9,6,2,1,32,0,0,1,26,48060,6,1,0,0,3,0,71,206,0,0,0,0,0,0,0,0,0,0,39,0,0,0,1,2,25,1,1,2,1,20,3,1,17,99,9,1,89,"777777777777","777777777777","777777777777",1,0
26,260700,2,2,1,15,10,12,32,12,6,1,0,26,1,7,472,7472,30,1996,"1B7GG23Y9TS5","1","B","7","G","G","2","3","Y","9","T","S","5",0,0,0,"000000000","00000000000",0,0,0,1,0,0,0,0,0,0,0,998,0,0,0,12,6,2,12,0,0,0,1,26,48074,6,1,0,0,3,3,64,232,0,0,0,0,0,0,0,0,0,0,0,0,0,0,1,2,98,1,8,8,1,0,0,1,66,99,1,1,88,"777777777777","777777777777","777777777777",0,0
26,260701,1,1,2,15,10,21,34,8,0,1,0,26,1,72,706,72706,80,1996,"1HD1CAP18TY2","1","H","D","1","C","A","P","1","8","T","Y","2",0,0,0,"000000000","00000000000",0,0,0,1,0,0,0,0,0,0,0,998,0,0,0,12,6,2,8,0,0,0,1,26,48066,6,1,0,0,3,0,66,155,0,0,0,0,0,0,0,0,0,5,0,0,0,0,4,2,40,1,1,2,1,0,0,1,80,99,1,1,13,"777777777777","777777777777","777777777777",0,1
26,260702,1,1,1,15,10,19,13,8,0,1,0,26,1,6,441,6441,20,2015,"2C4RC1CG0FR7","2","C","4","R","C","1","C","G","0","F","R","7",0,0,0,"000000000","00000000000",0,0,0,1,0,0,0,0,0,0,0,998,0,0,0,1,2,3,8,0,0,0,1,26,48439,6,1,0,0,3,0,72,190,0,0,0,0,0,0,0,0,0,0,0,0,0,0,5,5,35,1,1,2,10,0,0,15,80,1,1,1,13,"777777777777","777777777777","777777777777",0,0
26,260703,1,1,1,16,10,21,25,8,0,1,0,26,2,12,23,12023,4,2015,"3FA6P0H71FR2","3","F","A","6","P","0","H","7","1","F","R","2",0,0,0,"000000000","00000000000",0,0,0,1,0,0,0,0,0,0,0,998,0,0,0,12,6,2,8,0,0,0,1,26,48302,6,1,0,0,3,0,72,190,1,0,0,0,1,10,2013,6,2014,0,0,0,0,0,2,4,50,1,1,1,1,3,3,1,80,1,1,1,13,"777777777777","777777777777","777777777777",0,0
26,260704,1,1,3,17,10,5,36,8,0,1,0,26,2,37,32,37032,4,1998,"1HGCG1655WA0","1","H","G","C","G","1","6","5","5","W","A","0",0,0,0,"000000000","00000000000",0,0,0,1,0,0,0,0,0,0,0,998,0,0,0,12,4,3,8,0,0,0,1,26,49548,6,1,0,0,3,0,64,128,0,0,0,0,0,0,0,0,0,0,0,0,0,0,5,5,45,1,8,8,2,0,0,1,80,99,1,1,13,"777777777777","777777777777","777777777777",0,0
26,260705,1,1,1,12,1,22,57,8,0,1,1,99,9,99,399,99399,9,9999,"999999999999","9","9","9","9","9","9","9","9","9","9","9","9",9,0,0,"000000000","00000000000",0,0,0,1,0,0,0,0,0,0,0,998,0,0,0,99,9,9,8,0,0,0,1,99,99999,9,9,99,0,9,9,999,999,99,99,99,99,99,99,9999,99,9999,0,0,0,0,0,2,4,40,1,8,8,1,0,0,1,80,99,1,1,13,"777777777777","777777777777","777777777777",0,0
26,260706,1,2,5,17,10,15,19,12,2,1,0,26,2,2,404,2404,14,2005,"1J4HR48N05C5","1","J","4","H","R","4","8","N","0","5","C","5",0,0,0,"000000000","00000000000",0,0,0,1,0,0,0,0,0,0,0,998,0,1,5,12,6,2,12,0,0,0,1,26,49327,6,1,0,0,3,0,63,175,0,2,0,0,2,4,2013,8,2013,0,0,0,0,0,1,2,55,4,3,2,1,0,0,14,62,99,1,1,51,"777777777777","777777777777","777777777777",0,0
26,260706,2,2,1,17,10,15,19,12,2,1,0,26,2,35,402,35402,14,2002,"5N1ED28YX2C6","5","N","1","E","D","2","8","Y","X","2","C","6",0,0,0,"000000000","00000000000",0,0,0,1,0,0,0,0,0,0,0,998,0,0,0,12,6,2,12,0,0,0,1,26,49327,6,1,0,0,3,0,72,135,0,0,0,0,0,0,0,0,0,0,28,0,0,0,1,2,55,4,3,2,1,0,0,14,10,99,9,2,50,"777777777777","777777777777","777777777777",1,0
26,260707,1,1,1,24,7,0,46,43,0,1,0,26,2,73,706,73706,80,1996,"JKBVNAC12TA0","J","K","B","V","N","A","C","1","2","T","A","0",0,0,0,"000000000","00000000000",0,0,0,1,0,0,0,0,0,0,0,998,0,0,0,12,6,2,43,0,0,0,1,5,72032,1,1,1,2,2,3,69,180,0,0,0,0,0,0,0,0,0,0,36,0,0,0,5,3,25,1,8,8,1,0,0,6,90,99,1,1,12,"777777777777","777777777777","777777777777",1,1
26,260708,1,1,1,15,7,23,43,8,0,1,1,99,9,99,399,99399,9,9999,"999999999999","9","9","9","9","9","9","9","9","9","9","9","9",9,0,0,"000000000","00000000000",0,0,0,1,0,0,0,0,0,0,0,998,0,0,0,11,2,8,8,0,0,0,1,99,99999,9,9,99,9,9,9,999,999,99,99,99,99,99,99,9999,99,9999,0,6,0,0,0,1,4,35,1,8,8,1,0,0,1,80,99,1,1,13,"777777777777","777777777777","777777777777",0,0
26,260709,1,1,1,30,8,6,15,8,0,1,0,26,2,12,481,12481,31,2002,"2FTRX18L72CA","2","F","T","R","X","1","8","L","7","2","C","A",0,0,0,"000000000","00000000000",0,0,0,1,0,0,0,0,0,0,0,998,0,0,0,1,2,8,8,0,0,0,1,26,48415,6,1,0,0,3,0,73,180,1,0,0,0,0,10,2015,10,2015,0,99,99,99,99,1,2,55,1,8,8,1,0,0,1,80,99,1,1,13,"777777777777","777777777777","777777777777",0,0
26,260710,1,1,1,6,8,1,30,9,0,1,1,99,9,13,399,13399,9,9999,"999999999999","9","9","9","9","9","9","9","9","9","9","9","9",0,0,0,"000000000","00000000000",0,0,0,1,0,0,0,0,0,0,0,998,0,0,0,99,9,8,9,0,0,0,1,99,99999,9,9,99,9,9,9,999,999,99,99,99,99,99,99,9999,99,9999,0,6,0,0,0,1,2,30,1,8,8,1,0,0,1,83,99,1,1,13,"777777777777","777777777777","777777777777",0,0
26,260711,1,2,1,5,9,15,22,12,6,1,0,26,1,49,53,49053,5,2013,"4T3BK3BB1DU0","4","T","3","B","K","3","B","B","1","D","U","0",0,0,0,"000000000","00000000000",0,0,0,1,0,0,0,0,0,0,0,998,0,0,0,12,6,2,12,0,0,0,1,26,48033,6,1,0,0,3,3,66,142,2,0,0,0,0,10,2013,7,2015,0,39,0,0,0,5,6,98,1,8,8,1,3,3,1,17,99,1,1,86,"777777777777","777777777777","777777777777",0,0
26,260711,2,2,1,5,9,15,22,12,6,1,0,26,1,22,18,22018,4,2004,"2G2WR5246413","2","G","2","W","R","5","2","4","6","4","1","3",0,0,0,"000000000","00000000000",0,0,0,1,0,0,0,0,0,0,0,998,0,0,0,3,6,2,12,0,0,0,1,26,48219,6,1,0,0,3,3,67,190,0,0,0,0,0,0,0,0,0,0,0,0,0,0,5,6,98,1,8,8,1,3,3,1,66,99,1,1,87,"777777777777","777777777777","777777777777",1,0
26,260712,1,1,2,9,9,2,23,1,0,1,0,26,0,98,734,98734,90,2012,"4XAZN85A4CA5","4","X","A","Z","N","8","5","A","4","C","A","5",0,0,0,"000000000","00000000000",0,0,0,1,0,0,0,0,0,0,0,998,0,2,5,0,6,2,1,0,0,0,1,26,99999,9,9,99,9,9,9,999,999,99,99,99,99,99,99,9999,99,9999,4,0,0,0,0,1,2,45,1,8,8,11,0,0,1,12,99,4,4,7,"777777777777","777777777777","777777777777",1,0
26,260713,1,2,1,19,9,11,15,12,6,1,0,26,1,20,37,20037,4,2008,"1G1ZH57BX8F1","1","G","1","Z","H","5","7","B","X","8","F","1",0,0,0,"000000000","00000000000",0,0,0,1,0,0,0,0,0,0,0,998,0,0,0,9,6,2,12,0,0,0,1,26,49423,6,1,0,0,3,3,67,140,1,0,0,0,1,11,2013,11,2013,0,38,0,0,0,1,2,98,1,1,2,1,20,3,1,17,99,1,1,89,"777777777777","777777777777","777777777777",1,0
26,260713,2,2,1,19,9,11,15,12,6,1,0,26,3,37,39,37039,5,2011,"JHMGE8H58BC0","J","H","M","G","E","8","H","5","8","B","C","0",0,0,0,"000000000","00000000000",0,0,0,1,0,0,0,0,0,0,0,998,0,0,0,12,6,2,12,0,0,0,1,26,49424,6,1,0,0,3,0,74,215,0,0,0,1,0,5,2015,5,2015,0,0,0,0,0,5,3,98,1,8,8,1,0,0,1,66,99,1,1,88,"777777777777","777777777777","777777777777",0,0
26,260714,1,1,1,22,9,15,13,8,0,1,0,26,1,7,472,7472,30,2003,"1D7HG48N83S2","1","D","7","H","G","4","8","N","8","3","S","2",0,0,0,"000000000","00000000000",0,0,0,1,0,0,0,0,0,0,0,998,0,0,0,11,0,3,8,0,0,0,1,26,49688,6,1,0,0,3,0,61,162,1,0,0,0,0,1,2014,1,2014,0,38,0,0,0,5,3,25,1,8,8,1,2,3,10,16,99,1,1,13,"777777777777","777777777777","777777777777",0,0
26,260715,1,2,1,23,9,15,59,12,2,1,0,26,1,12,401,12401,14,2001,"1FMYU70E81UA","1","F","M","Y","U","7","0","E","8","1","U","A",0,0,0,"000000000","00000000000",0,0,0,1,0,0,0,0,0,0,0,998,0,0,0,12,6,2,12,0,0,1,1,26,48014,6,1,0,0,3,0,72,210,0,0,0,0,0,0,0,0,0,5,28,0,0,0,2,2,70,2,2,2,1,0,0,14,6,99,4,7,50,"777777777777","777777777777","777777777777",0,0
26,260715,2,2,1,23,9,15,59,12,2,1,0,26,1,20,37,20037,4,2010,"1G1ZB5EBXAF3","1","G","1","Z","B","5","E","B","X","A","F","3",0,0,0,"000000000","00000000000",0,0,0,1,0,0,0,0,0,0,0,998,0,0,0,12,6,2,12,0,0,0,1,26,48041,6,1,0,0,3,0,71,195,1,0,0,0,0,10,2012,10,2012,0,0,0,0,0,2,2,70,3,2,2,1,0,0,14,62,99,1,1,51,"777777777777","777777777777","777777777777",1,0
26,260716,1,2,1,27,9,14,55,12,2,1,0,26,1,19,23,19023,4,2014,"2G61N5S3XE92","2","G","6","1","N","5","S","3","X","E","9","2",0,0,0,"000000000","00000000000",0,0,0,1,0,0,0,0,0,0,0,998,0,0,0,12,6,2,12,0,0,0,1,26,49012,6,1,0,0,3,3,61,150,0,0,0,0,0,0,0,0,0,0,38,0,0,0,5,5,98,1,1,8,1,3,3,11,15,99,1,1,68,"777777777777","777777777777","777777777777",1,0
26,260716,2,2,1,27,9,14,55,12,2,1,0,26,2,23,481,23481,31,2002,"1GTHK29142E2","1","G","T","H","K","2","9","1","4","2","E","2",0,0,0,"000000000","00000000000",0,0,0,1,0,0,0,0,0,0,0,998,0,0,0,12,6,2,12,0,0,0,1,26,49004,6,1,6,0,3,0,73,240,0,0,0,0,0,0,0,0,0,0,0,0,0,0,5,5,98,1,1,8,1,3,3,1,62,99,1,1,69,"777777777777","777777777777","777777777777",0,0
26,260717,1,2,1,18,10,6,3,12,6,1,0,26,1,7,482,7482,31,2015,"1C6RR7LT9FS7","1","C","6","R","R","7","L","T","9","F","S","7",0,0,0,"000000000","00000000000",0,0,0,1,0,0,0,0,0,0,0,998,0,0,0,12,6,2,12,0,0,0,1,26,48159,6,1,0,0,3,3,68,145,0,0,0,0,0,0,0,0,0,0,0,0,0,0,1,2,98,1,8,8,1,0,0,1,66,99,1,1,86,"777777777777","777777777777","777777777777",0,0
26,260717,2,2,1,18,10,6,3,12,6,1,0,26,2,20,22,20022,4,2005,"1G1AL54F0575","1","G","1","A","L","5","4","F","0","5","7","5",0,0,0,"000000000","00000000000",0,0,0,1,0,0,0,0,0,0,0,998,0,1,5,3,6,2,12,0,0,0,1,26,48117,6,1,0,0,3,3,70,205,0,0,0,0,0,0,0,0,0,0,39,0,0,0,1,2,55,1,1,2,1,20,3,1,17,99,1,1,87,"777777777777","777777777777","777777777777",1,0
26,260718,1,1,1,10,9,1,54,8,0,1,0,26,1,7,442,7442,20,2003,"2D8GT44L13R1","2","D","8","G","T","4","4","L","1","3","R","1",0,0,0,"000000000","00000000000",0,0,0,1,0,0,0,0,0,0,0,998,0,0,0,1,6,2,8,0,0,0,1,26,48446,6,1,0,0,3,3,70,216,2,0,0,0,0,11,2013,1,2014,0,0,0,0,0,1,2,55,1,1,2,1,0,0,1,80,99,1,1,13,"777777777777","777777777777","777777777777",0,0
26,260719,1,2,1,18,10,10,29,12,2,1,0,26,1,20,25,20025,4,2015,"1G1P75SZ7F72","1","G","1","P","7","5","S","Z","7","F","7","2",0,0,0,"000000000","00000000000",0,0,0,1,0,0,0,0,0,0,0,998,0,0,0,12,6,2,12,0,0,0,1,26,48767,6,1,6,0,3,3,74,200,0,0,0,0,0,0,0,0,0,0,28,0,0,0,5,3,55,1,1,2,2,0,0,1,10,99,9,2,50,"777777777777","777777777777","777777777777",1,0
26,260719,2,2,1,18,10,10,29,12,2,1,0,26,2,51,43,51043,6,2008,"YV4BZ982X810","Y","V","4","B","Z","9","8","2","X","8","1","0",0,0,0,"000000000","00000000000",0,0,0,1,0,0,0,0,0,0,0,998,0,0,0,12,6,2,12,0,0,0,1,26,49769,6,1,0,0,3,0,62,135,3,0,0,1,0,9,2015,9,2016,0,0,0,0,0,5,3,55,1,1,2,2,0,0,1,62,99,1,1,51,"777777777777","777777777777","777777777777",0,0
26,260720,1,2,1,30,9,23,40,12,6,1,0,26,1,76,705,76705,80,2012,"JYARJ18E8CA0","J","Y","A","R","J","1","8","E","8","C","A","0",0,0,0,"000000000","00000000000",0,0,0,1,0,0,0,0,0,0,0,998,0,0,0,12,6,2,12,0,0,0,1,26,48126,6,1,0,0,2,0,66,140,0,0,0,0,0,0,0,0,0,0,99,99,99,99,2,5,98,1,1,1,2,3,3,1,17,99,1,1,88,"777777777777","777777777777","777777777777",1,0
26,260720,2,2,2,30,9,23,40,12,6,1,0,26,1,35,43,35043,4,2013,"3N1AB7AP3DL7","3","N","1","A","B","7","A","P","3","D","L","7",0,0,0,"000000000","00000000000",0,0,0,1,0,0,0,0,0,0,0,998,0,0,0,9,6,2,12,0,0,0,1,26,48154,6,1,0,0,3,0,68,270,0,1,0,1,0,11,2014,2,2015,0,0,0,0,0,5,5,98,1,8,8,2,2,3,1,66,99,1,1,89,"777777777777","777777777777","777777777777",0,0
26,260721,1,1,1,1,10,1,0,1,0,1,0,47,1,12,17,12017,4,1994,"1FALP524XRA1","1","F","A","L","P","5","2","4","X","R","A","1",0,0,0,"000000000","00000000000",0,0,0,1,0,0,0,0,0,0,0,998,0,2,5,0,6,2,1,0,0,0,1,47,37865,6,1,0,0,3,0,70,140,0,0,0,0,0,0,0,0,0,5,99,99,99,99,2,2,70,1,1,2,1,0,0,1,6,99,4,4,7,"777777777777","777777777777","777777777777",1,0
26,260722,1,2,1,17,10,13,21,12,6,1,0,26,2,76,705,76705,80,2002,"JYA5AHE052A0","J","Y","A","5","A","H","E","0","5","2","A","0",0,0,0,"000000000","00000000000",0,0,0,1,0,0,0,0,0,0,0,998,0,0,0,12,6,2,12,0,0,0,1,26,49202,3,1,0,0,2,0,72,190,0,10,0,1,3,1,2012,7,2016,5,39,0,0,0,1,2,98,1,8,8,1,3,3,1,17,99,9,1,86,"777777777777","777777777777","777777777777",1,0
26,260722,2,2,1,17,10,13,21,12,6,1,0,26,1,12,37,12037,4,2007,"1FAFP34N27W2","1","F","A","F","P","3","4","N","2","7","W","2",0,0,0,"000000000","00000000000",0,0,0,1,0,0,0,0,0,0,0,998,0,0,0,3,4,3,12,0,0,0,1,26,49202,6,1,0,0,3,3,72,185,0,0,0,0,0,0,0,0,0,0,0,0,0,0,1,4,25,1,8,2,1,3,3,1,66,99,1,1,87,"777777777777","777777777777","777777777777",0,0
26,260723,1,1,1,1,10,5,13,18,0,1,0,26,1,47,31,47031,1,1996,"YS3DD75BXT70","Y","S","3","D","D","7","5","B","X","T","7","0",0,0,0,"000000000","00000000000",0,0,0,1,0,0,0,0,0,0,0,998,0,0,0,12,6,2,18,0,0,0,1,26,48429,6,1,0,0,3,3,71,250,0,0,0,0,0,0,0,0,0,0,99,99,99,99,1,2,55,1,8,8,2,0,0,1,90,99,1,1,12,"777777777777","777777777777","777777777777",1,0
26,260724,1,1,2,3,10,23,4,9,0,1,1,26,1,20,403,20403,14,2007,"1GNDT13S4721","1","G","N","D","T","1","3","S","4","7","2","1",0,0,0,"000000000","00000000000",0,0,0,1,0,0,0,0,0,0,0,998,0,0,0,12,2,5,9,0,0,0,1,26,48071,6,1,0,0,3,0,72,175,0,0,0,0,0,0,0,0,0,0,0,0,0,0,1,4,30,1,8,8,1,0,0,1,83,99,1,1,13,"777777777777","777777777777","777777777777",0,0
26,260725,1,1,1,20,10,7,59,11,0,1,0,26,1,72,706,72706,80,2015,"1HD1FCM17FB6","1","H","D","1","F","C","M","1","7","F","B","6",0,0,0,"000000000","00000000000",0,0,0,1,0,0,0,0,0,0,0,998,0,0,0,12,6,2,38,0,0,0,1,26,48642,6,1,0,0,3,0,76,225,0,0,0,0,0,0,0,0,0,0,0,0,0,0,1,2,55,1,1,2,1,0,0,1,87,99,1,1,13,"777777777777","777777777777","777777777777",1,0
26,260726,1,1,1,4,10,22,20,34,0,1,0,26,1,20,403,20403,14,2006,"1GNDT13S4622","1","G","N","D","T","1","3","S","4","6","2","2",0,0,0,"000000000","00000000000",0,0,0,1,0,0,0,0,0,0,0,998,0,1,5,11,6,2,42,0,0,0,1,26,48413,6,1,0,0,3,0,71,230,0,0,0,0,0,0,0,0,0,0,99,99,99,99,2,2,70,1,2,1,1,0,0,1,12,99,1,4,6,"777777777777","777777777777","777777777777",1,1
26,260727,1,1,1,20,10,17,52,34,0,1,0,26,1,72,706,72706,80,2002,"1HD1GEV112Y3","1","H","D","1","G","E","V","1","1","2","Y","3",0,0,0,"000000000","00000000000",0,0,0,1,0,0,0,0,0,0,0,998,0,0,0,12,6,2,42,0,0,0,1,26,48851,6,1,0,0,3,3,69,165,0,0,0,0,0,0,0,0,0,0,99,99,99,99,1,2,55,3,2,1,1,0,0,1,13,99,9,4,1,"777777777777","777777777777","777777777777",1,1
26,260728,1,2,1,8,10,5,39,12,2,1,0,26,2,12,13,12013,4,1999,"3FAFP15P2XR1","3","F","A","F","P","1","5","P","2","X","R","1",0,0,0,"000000000","00000000000",0,0,0,1,0,0,0,0,0,0,0,998,0,0,0,12,6,2,12,0,0,0,1,26,48174,6,1,0,0,3,0,68,170,0,0,0,0,0,0,0,0,0,0,0,0,0,0,5,5,45,1,1,1,1,0,0,1,62,99,1,1,51,"777777777777","777777777777","777777777777",1,0
26,260728,2,2,1,8,10,5,39,12,2,1,0,26,1,12,471,12471,30,2000,"1FTYR14V2YPB","1","F","T","Y","R","1","4","V","2","Y","P","B",0,0,0,"000000000","00000000000",0,0,0,1,0,0,0,0,0,0,0,998,0,0,0,12,6,2,12,0,0,0,1,26,48192,6,1,0,0,3,0,67,175,0,0,0,1,0,5,2016,5,2016,0,28,0,0,0,5,5,45,1,1,1,1,0,0,1,10,99,1,2,50,"777777777777","777777777777","777777777777",0,0
26,260729,1,1,1,22,10,19,34,8,0,1,0,26,2,24,401,24401,14,2003,"5GZCZ53B73S9","5","G","Z","C","Z","5","3","B","7","3","S","9",0,0,0,"000000000","00000000000",0,0,0,1,0,0,0,0,0,0,0,998,0,0,0,12,4,3,8,0,0,0,1,26,48650,6,1,0,0,3,0,61,200,1,0,0,0,0,3,2014,3,2014,0,0,0,0,0,1,4,35,1,1,1,1,0,0,1,80,6,1,1,13,"777777777777","777777777777","777777777777",0,0
26,260730,1,2,1,21,10,15,0,12,1,1,0,26,3,85,881,85881,66,1994,"1XKADR9X0RJ6","1","X","K","A","D","R","9","X","0","R","J","6",1,1,57,"000832594","57000832594",3,6,1,1,0,0,0,0,0,0,0,998,0,0,0,6,4,5,12,0,0,0,1,26,49682,6,1,6,0,3,3,73,230,1,0,0,1,1,10,2013,5,2016,0,0,0,0,0,2,2,70,1,1,1,1,0,0,2,53,1,1,1,29,"888888888888","777777777777","777777777777",0,0
26,260730,2,2,1,21,10,15,0,12,1,1,0,26,1,49,401,49401,14,2008,"JTEBU14R0801","J","T","E","B","U","1","4","R","0","8","0","1",0,0,0,"000000000","00000000000",0,0,0,1,0,0,0,0,0,0,0,998,3,0,0,12,6,2,12,0,0,0,1,26,49426,6,1,0,0,3,0,72,190,1,0,0,1,0,10,2014,6,2015,0,99,99,99,99,2,2,70,1,1,1,1,0,0,1,52,1,1,1,28,"777777777777","777777777777","777777777777",1,0
26,260731,1,1,4,22,10,10,9,42,0,1,0,26,9,2,408,2408,14,2016,"ZACCJBAT0GPE","Z","A","C","C","J","B","A","T","0","G","P","E",0,0,0,"000000000","00000000000",0,0,0,1,0,0,0,0,0,0,0,998,0,0,0,12,6,2,42,0,0,0,1,26,48843,6,1,0,0,3,3,63,175,0,0,0,0,0,0,0,0,0,0,0,0,0,0,1,2,55,1,2,1,1,0,0,1,13,99,9,4,1,"777777777777","777777777777","777777777777",1,0
26,260732,1,2,1,23,10,20,17,12,6,1,0,26,1,37,402,37402,14,2012,"5J6RM4H72CL0","5","J","6","R","M","4","H","7","2","C","L","0",0,0,0,"000000000","00000000000",0,0,0,1,0,0,0,0,0,0,0,998,0,0,0,12,6,2,12,0,0,0,1,26,48386,6,1,0,0,3,0,69,135,0,0,0,0,0,0,0,0,0,0,38,0,0,0,5,5,45,1,1,2,1,0,0,11,15,1,1,1,68,"777777777777","777777777777","777777777777",0,0
26,260732,2,2,1,23,10,20,17,12,6,1,0,26,2,34,706,34706,80,2000,"WB10418A1YZC","W","B","1","0","4","1","8","A","1","Y","Z","C",0,0,0,"000000000","00000000000",0,0,0,1,0,0,0,0,0,0,0,998,0,0,0,9,6,2,12,0,0,0,1,26,48383,6,1,0,0,3,0,69,165,0,0,0,0,0,0,0,0,0,0,0,0,0,0,5,5,45,1,1,2,1,0,0,1,62,99,1,1,69,"777777777777","777777777777","777777777777",1,0
26,260733,1,2,0,24,10,20,29,12,1,1,0,26,3,98,809,98809,63,2004,"2FZACGAK14AM","2","F","Z","A","C","G","A","K","1","4","A","M",0,0,57,"002448773","57002448773",3,1,7,1,0,0,0,0,0,0,0,0,0,0,0,6,2,3,12,0,0,0,0,0,99997,7,6,97,7,6,7,998,997,998,998,998,998,998,98,9998,98,9998,8,0,0,0,0,1,2,50,1,1,2,1,0,0,0,98,0,0,0,32,"777777777777","777777777777","777777777777",0,0
26,260733,2,2,4,24,10,20,29,12,1,1,0,26,1,6,441,6441,20,2003,"2C4GP44L63R3","2","C","4","G","P","4","4","L","6","3","R","3",0,0,0,"000000000","00000000000",0,0,0,1,0,0,0,0,0,0,0,998,0,0,0,12,6,2,12,0,0,0,1,26,48371,6,1,0,0,3,0,67,180,2,1,0,3,2,9,2012,6,2014,0,0,0,0,0,1,2,50,1,1,2,1,0,0,1,50,99,9,1,32,"777777777777","777777777777","777777777777",2,0
26,260734,1,1,1,7,10,20,45,42,0,1,0,26,1,20,2,20002,4,2007,"2G1WB58K9794","2","G","1","W","B","5","8","K","9","7","9","4",0,0,0,"000000000","00000000000",0,0,0,1,0,0,0,0,0,0,0,998,0,0,0,9,6,2,42,0,0,0,1,26,49009,6,1,0,0,3,0,70,165,0,2,0,2,1,5,2013,2,2016,0,0,0,0,0,1,2,45,2,1,2,1,0,0,14,12,99,3,4,6,"777777777777","777777777777","777777777777",1,1
26,260735,1,2,1,8,10,8,43,12,2,1,0,26,1,12,32,12032,4,2014,"3FADP4EJXEM1","3","F","A","D","P","4","E","J","X","E","M","1",0,0,0,"000000000","00000000000",0,0,0,1,0,0,0,0,0,0,0,998,0,0,0,12,6,2,12,0,0,0,1,26,48463,6,1,0,0,3,0,67,180,1,0,0,0,0,9,2014,9,2014,0,28,85,0,0,1,2,55,1,1,1,1,0,0,1,62,6,1,2,50,"777777777777","777777777777","777777777777",1,0
26,260735,2,2,4,8,10,8,43,12,2,1,0,26,1,20,403,20403,14,2005,"1GNDT13S0523","1","G","N","D","T","1","3","S","0","5","2","3",0,0,0,"000000000","00000000000",0,0,0,1,0,0,0,0,0,0,0,998,0,0,0,12,6,2,12,0,0,0,1,26,48506,6,1,0,0,3,3,64,138,0,0,0,0,0,0,0,0,0,0,0,0,0,0,1,2,55,1,1,1,1,0,0,1,62,99,1,1,51,"777777777777","777777777777","777777777777",0,0
26,260736,1,2,1,8,10,12,56,12,6,1,0,26,1,20,2,20002,4,2014,"2G1WB5E32E11","2","G","1","W","B","5","E","3","2","E","1","1",0,0,0,"000000000","00000000000",0,0,0,1,0,0,0,0,0,0,0,998,0,0,0,9,6,2,12,0,0,0,1,26,49017,6,1,0,0,3,3,60,175,1,0,0,0,0,10,2015,10,2015,0,39,0,0,0,1,2,98,1,8,8,1,2,3,1,17,99,1,1,89,"777777777777","777777777777","777777777777",1,0