"STATE","ST_CASE","VEH_NO","VE_FORMS","NUMOCCS","DAY","MONTH","HOUR","MINUTE","HARM_EV","MAN_COLL","UNITTYPE","HIT_RUN","REG_STAT","OWNER","MAKE","MODEL","MAK_MOD","BODY_TYP","MOD_YEAR","VIN","VIN_1","VIN_2","VIN_3","VIN_4","VIN_5","VIN_6","VIN_7","VIN_8","VIN_9","VIN_10","VIN_11","VIN_12","TOW_VEH","J_KNIFE","MCARR_I1","MCARR_I2","MCARR_ID","GVWR","V_CONFIG","CARGO_BT","HAZ_INV","HAZ_PLAC","HAZ_ID","HAZ_CNO","HAZ_REL","BUS_USE","SPEC_USE","EMER_USE","TRAV_SP","UNDERIDE","ROLLOVER","ROLINLOC","IMPACT1","DEFORMED","TOWED","M_HARM","VEH_SC1","VEH_SC2","FIRE_EXP","DR_PRES","L_STATE","DR_ZIP","L_STATUS","L_TYPE","CDL_STAT","L_ENDORS","L_COMPL","L_RESTRI","DR_HGT","DR_WGT","PREV_ACC","PREV_SUS","PREV_DWI","PREV_SPD","PREV_OTH","FIRST_MO","FIRST_YR","LAST_MO","LAST_YR","SPEEDREL","DR_SF1","DR_SF2","DR_SF3","DR_SF4","VTRAFWAY","VNUM_LAN","VSPD_LIM","VALIGN","VPROFILE","VPAVETYP","VSURCOND","VTRAFCON","VTCONT_F","P_CRASH1","P_CRASH2","P_CRASH3","PCRASH4","PCRASH5","ACC_TYPE","TRLR1VIN","TRLR2VIN","TRLR3VIN","DEATHS","DR_DRINK"
26,260809,1,2,1,9,11,5,51,12,6,1,0,26,1,22,18,22018,4,2003,"1G2NF52F33C2","1","G","2","N","F","5","2","F","3","3","C","2",0,0,0,"000000000","00000000000",0,0,0,1,0,0,0,0,0,0,0,998,0,1,5,9,6,2,12,0,0,0,1,26,48838,6,1,0,0,3,3,71,175,1,0,0,0,0,8,2012,8,2012,0,0,0,0,0,1,2,55,1,3,2,1,0,0,1,66,99,1,1,89,"777777777777","777777777777","777777777777",1,0
26,260809,2,2,1,9,11,5,51,12,6,1,0,26,1,47,401,47401,14,2006,"5S3ET13MX628","5","S","3","E","T","1","3","M","X","6","2","8",0,0,0,"000000000","00000000000",0,0,0,1,0,0,0,0,0,0,0,998,0,0,0,12,6,2,12,0,0,0,1,26,49331,6,1,0,0,3,0,70,155,0,2,0,0,0,11,2011,12,2011,0,0,0,0,0,1,2,98,1,8,8,1,20,3,1,17,99,1,1,88,"777777777777","777777777777","777777777777",0,1
26,260810,1,2,3,30,10,2,33,12,7,1,0,26,1,20,32,20032,4,2001,"1Y1SK52851Z4","1","Y","1","S","K","5","2","8","5","1","Z","4",0,0,0,"000000000","00000000000",0,0,0,1,0,0,0,0,0,0,0,998,0,0,0,1,6,2,12,0,0,0,1,26,48212,6,1,0,0,3,3,69,135,0,3,0,2,3,4,2013,9,2016,0,35,0,0,0,1,2,25,1,8,8,1,2,3,6,60,99,1,1,73,"777777777777","777777777777","777777777777",2,0
26,260810,2,2,2,30,10,2,33,12,7,1,0,26,2,20,37,20037,4,2004,"1G1ZU54884F2","1","G","1","Z","U","5","4","8","8","4","F","2",0,0,0,"000000000","00000000000",0,0,0,1,0,0,0,0,0,0,0,998,0,0,0,9,6,2,12,0,0,0,1,26,48212,6,1,0,0,3,0,64,115,0,0,0,0,0,0,0,0,0,0,0,0,0,0,1,2,25,1,8,8,1,2,3,11,15,99,1,1,72,"777777777777","777777777777","777777777777",0,0
26,260811,1,1,5,6,11,18,0,34,0,1,0,26,2,18,7,18007,4,2005,"2G4WS52J3511","2","G","4","W","S","5","2","J","3","5","1","1",0,0,0,"000000000","00000000000",0,0,0,1,0,0,0,0,0,0,0,998,0,1,3,1,6,2,34,32,0,0,1,26,49022,6,1,0,0,3,0,64,138,1,0,0,0,0,11,2015,11,2015,9,6,58,0,0,2,2,70,2,1,1,1,0,0,14,12,6,2,4,6,"777777777777","777777777777","777777777777",1,0
26,260812,1,2,1,1,11,14,57,12,6,1,0,26,1,23,421,23421,15,2006,"1GKEK63U66J1","1","G","K","E","K","6","3","U","6","6","J","1",0,0,0,"000000000","00000000000",0,0,0,1,0,0,0,0,0,0,0,998,0,0,0,3,6,2,12,0,0,0,1,26,49009,6,1,0,0,3,0,74,272,0,0,0,0,1,2,2016,2,2016,0,39,0,0,0,1,2,55,1,8,8,1,4,3,1,17,99,1,1,87,"777777777777","777777777777","777777777777",1,0
26,260812,2,2,1,1,11,14,57,12,6,1,0,26,3,82,884,82884,66,2011,"1FVXA7A85BDA","1","F","V","X","A","7","A","8","5","B","D","A",1,1,57,"002889574","57002889574",3,6,4,1,0,0,0,0,0,0,0,998,0,0,0,12,6,2,12,0,0,0,1,26,49464,6,1,6,0,3,3,71,205,1,0,0,1,0,7,2014,1,2015,0,0,0,0,0,1,2,55,1,1,2,1,2,3,1,17,99,1,1,86,"888888888888","777777777777","777777777777",0,0
26,260813,1,1,2,11,11,1,30,1,0,1,0,26,2,12,481,12481,31,2008,"1FTPX14V28FA","1","F","T","P","X","1","4","V","2","8","F","A",0,0,0,"000000000","00000000000",0,0,0,1,0,0,0,0,0,0,0,998,0,2,5,0,6,2,30,0,0,0,1,26,49417,6,1,0,0,3,0,77,165,1,0,0,2,0,12,2012,10,2014,9,99,99,99,99,1,2,55,1,1,4,1,0,0,1,12,99,9,4,6,"777777777777","777777777777","777777777777",1,1
26,260814,1,1,1,12,11,7,56,34,0,1,0,26,1,7,482,7482,31,2002,"3B7KC23662M2","3","B","7","K","C","2","3","6","6","2","M","2",0,0,0,"000000000","00000000000",0,0,0,1,0,0,0,0,0,0,0,998,0,0,0,1,4,3,34,0,0,0,1,26,48051,6,1,0,0,3,0,75,250,0,0,0,0,0,0,0,0,0,0,0,0,0,0,1,2,55,1,1,2,1,0,0,1,50,7,4,4,3,"777777777777","777777777777","777777777777",1,0
26,260815,1,5,1,1,11,11,12,12,1,1,0,95,9,84,884,84884,66,2009,"2HSCUAPR09C0","2","H","S","C","U","A","P","R","0","9","C","0",1,1,57,"000523718","57000523718",3,6,1,1,0,0,0,0,0,0,0,998,0,0,0,12,6,2,12,0,0,1,1,95,0,9,9,99,9,9,9,999,999,99,99,99,99,99,99,9999,99,9999,0,99,99,99,99,3,2,70,1,2,1,1,0,0,1,50,99,1,1,28,"888888888888","777777777777","777777777777",0,0
26,260815,2,5,2,1,11,11,12,12,1,1,0,26,2,20,421,20421,15,2001,"1GNDT13W2121","1","G","N","D","T","1","3","W","2","1","2","1",0,0,0,"000000000","00000000000",0,0,0,1,0,0,0,0,0,0,0,0,0,0,0,6,6,2,12,0,0,1,1,26,49028,6,1,0,0,3,3,70,185,0,0,0,0,0,0,0,0,0,0,99,99,99,99,3,2,70,1,2,1,1,0,0,2,50,1,1,1,29,"777777777777","777777777777","777777777777",2,0
26,260815,3,5,1,1,11,11,12,12,1,1,0,26,2,20,2,20002,4,2017,"1G1105SA3HU1","1","G","1","1","0","5","S","A","3","H","U","1",0,0,0,"000000000","00000000000",0,0,0,1,0,0,0,0,0,0,0,0,0,0,0,6,6,2,12,0,0,0,1,26,49456,6,1,0,0,3,0,69,260,0,0,0,0,0,0,0,0,0,0,0,0,0,0,3,2,70,1,2,1,1,0,0,2,50,1,1,1,98,"777777777777","777777777777","777777777777",0,0
26,260815,4,5,2,1,11,11,12,12,1,1,0,26,2,30,46,30046,6,1999,"WVWNA63B6XE0","W","V","W","N","A","6","3","B","6","X","E","0",0,0,0,"000000000","00000000000",0,0,0,1,0,0,0,0,0,0,0,0,0,0,0,6,6,2,12,0,0,0,1,26,48464,6,1,0,0,3,0,68,150,0,0,0,0,0,0,0,0,0,0,0,0,0,0,3,2,70,1,2,1,1,0,0,1,50,1,1,1,98,"777777777777","777777777777","777777777777",0,0
26,260815,5,5,1,1,11,11,12,12,1,1,0,26,1,7,482,7482,31,2009,"1D3HV16P49J5","1","D","3","H","V","1","6","P","4","9","J","5",0,0,0,"000000000","00000000000",0,0,0,1,0,0,0,0,0,0,0,0,0,0,0,6,6,2,12,0,0,0,1,26,49284,6,1,0,0,3,0,70,225,0,0,0,0,0,0,0,0,0,0,0,0,0,0,3,2,70,1,2,1,1,0,0,2,53,1,1,1,98,"777777777777","777777777777","777777777777",0,0
26,260816,1,2,1,6,11,20,27,12,2,1,0,26,1,7,482,7482,31,2013,"1C6RR7TT0DS6","1","C","6","R","R","7","T","T","0","D","S","6",0,0,0,"000000000","00000000000",0,0,0,1,0,0,0,0,0,0,0,998,0,0,0,12,6,2,12,0,0,0,1,26,48111,6,1,0,0,3,0,73,185,1,0,0,0,0,7,2016,7,2016,0,28,0,0,0,1,2,45,2,8,8,1,0,0,1,10,99,1,2,50,"777777777777","777777777777","777777777777",0,0
26,260816,2,2,1,6,11,20,27,12,2,1,0,26,2,12,17,12017,4,2003,"1FAFP55UX3G1","1","F","A","F","P","5","5","U","X","3","G","1",0,0,0,"000000000","00000000000",0,0,0,1,0,0,0,0,0,0,0,998,0,0,0,12,6,2,12,0,0,0,1,26,48162,6,1,0,0,3,0,70,235,0,0,0,0,0,0,0,0,0,0,0,0,0,0,1,2,45,3,8,8,1,0,0,14,62,99,1,1,51,"777777777777","777777777777","777777777777",1,0
26,260817,1,1,1,10,11,8,30,8,0,1,0,26,2,7,482,7482,31,1997,"3B7HF13Z9VG8","3","B","7","H","F","1","3","Z","9","V","G","8",0,0,0,"000000000","00000000000",0,0,0,1,0,0,0,0,0,0,0,998,0,0,0,12,0,3,8,0,0,0,1,26,48234,6,1,0,0,3,0,70,240,0,0,0,0,0,0,0,0,0,0,6,38,0,0,1,4,30,1,8,8,1,2,3,11,80,99,1,1,13,"777777777777","777777777777","777777777777",0,0
26,260818,1,1,1,2,11,7,9,8,0,1,0,26,1,22,18,22018,4,2003,"1G2NW52E13C1","1","G","2","N","W","5","2","E","1","3","C","1",0,0,0,"000000000","00000000000",0,0,0,1,0,0,0,0,0,0,0,998,0,0,0,1,4,3,8,0,0,0,1,26,49646,6,1,0,0,3,3,64,133,1,0,0,1,0,9,2013,12,2013,0,0,0,0,0,1,2,45,1,1,2,1,0,0,1,80,99,1,1,13,"777777777777","777777777777","777777777777",0,0
26,260819,1,1,1,3,11,6,49,8,0,1,0,26,3,51,884,51884,66,2007,"4V4NC9TH47N4","4","V","4","N","C","9","T","H","4","7","N","4",1,1,57,"000752770","57000752770",3,6,2,1,0,0,0,0,0,0,0,998,0,0,0,1,4,8,8,0,0,0,1,26,48180,6,1,6,1,3,3,68,180,1,0,0,0,0,7,2016,7,2016,0,99,99,99,99,3,3,70,3,1,2,1,0,0,14,80,99,1,1,13,"888888888888","777777777777","777777777777",0,0
26,260820,1,1,1,3,11,19,8,9,0,1,0,26,1,21,21,21021,4,2004,"1G3NL52E44C2","1","G","3","N","L","5","2","E","4","4","C","2",0,0,0,"000000000","00000000000",0,0,0,1,0,0,0,0,0,0,0,998,0,0,0,12,6,2,9,0,0,0,1,39,43612,6,1,0,0,3,3,63,215,1,0,0,0,0,8,2015,8,2015,5,91,0,0,0,1,3,55,1,1,2,1,0,0,1,83,16,1,1,13,"777777777777","777777777777","777777777777",0,0
26,260821,1,1,1,3,11,5,46,42,0,1,0,26,1,37,32,37032,4,2003,"1HGCM56463A0","1","H","G","C","M","5","6","4","6","3","A","0",0,0,0,"000000000","00000000000",0,0,0,1,0,0,0,0,0,0,0,998,0,0,0,12,6,2,42,0,0,0,1,26,48197,6,1,0,0,3,0,72,240,0,0,0,0,0,0,0,0,0,0,99,99,99,99,1,2,50,1,1,2,2,0,0,1,13,1,1,4,1,"777777777777","777777777777","777777777777",1,1
26,260822,1,1,2,4,11,7,0,8,0,1,0,26,1,2,403,2403,14,2016,"1C4BJWDG0GL3","1","C","4","B","J","W","D","G","0","G","L","3",0,0,0,"000000000","00000000000",0,0,0,1,0,0,0,0,0,0,0,998,0,0,0,11,4,3,8,0,0,0,1,26,48044,6,2,0,0,3,0,69,155,0,0,0,0,0,0,0,0,0,0,0,0,0,0,1,2,50,1,8,8,1,0,0,1,80,7,1,1,13,"777777777777","777777777777","777777777777",0,0
26,260823,1,2,2,10,11,11,33,12,6,1,0,26,1,23,471,23471,30,2001,"1GTCS19W8181","1","G","T","C","S","1","9","W","8","1","8","1",0,0,0,"000000000","00000000000",0,0,0,1,0,0,0,0,0,0,0,998,0,1,1,9,6,2,12,0,0,0,1,26,48854,6,1,0,0,3,3,72,210,1,0,0,0,0,9,2016,9,2016,0,38,0,0,0,1,2,55,1,8,8,1,20,3,11,15,99,1,1,82,"777777777777","777777777777","777777777777",2,0
26,260823,2,2,3,10,11,11,33,12,6,1,0,26,2,12,423,12423,16,2004,"1FMNU41L34EB","1","F","M","N","U","4","1","L","3","4","E","B",0,0,0,"000000000","00000000000",0,0,0,1,0,0,0,0,0,0,0,998,0,0,0,12,6,2,12,0,0,0,1,26,48836,6,1,0,0,3,3,66,155,0,0,0,0,0,0,0,0,0,0,0,0,0,0,1,2,55,1,2,2,1,0,0,1,66,99,1,1,83,"777777777777","777777777777","777777777777",0,0
26,260824,1,1,1,10,11,19,1,33,0,1,0,26,1,72,706,72706,80,2002,"1HD1FWW102Y6","1","H","D","1","F","W","W","1","0","2","Y","6",0,0,0,"000000000","00000000000",0,0,0,1,0,0,0,0,0,0,0,998,0,0,0,12,6,2,1,0,0,0,1,26,49307,6,1,0,0,3,0,73,220,0,0,0,0,0,0,0,0,0,5,0,0,0,0,1,2,55,2,3,2,1,21,3,14,13,99,1,4,1,"777777777777","777777777777","777777777777",1,1
26,260825,1,1,1,11,11,17,45,8,0,1,1,99,9,20,2,20002,4,9999,"999999999999","9","9","9","9","9","9","9","9","9","9","9","9",0,0,0,"000000000","00000000000",0,0,0,1,0,0,0,0,0,0,0,998,0,0,0,12,4,5,8,0,0,0,1,99,99999,9,9,99,9,9,9,999,999,99,99,99,99,99,99,9999,99,9999,0,6,39,0,0,2,3,25,1,8,8,1,2,3,1,80,99,9,1,13,"777777777777","777777777777","777777777777",0,0
26,260826,1,1,2,12,11,10,0,19,0,1,0,26,2,20,421,20421,15,2010,"1GNUKBE06AR1","1","G","N","U","K","B","E","0","6","A","R","1",0,0,0,"000000000","00000000000",0,0,0,1,0,0,0,0,0,0,0,998,0,0,0,12,6,2,19,0,0,1,1,26,48433,1,1,0,0,2,0,74,220,0,5,0,1,1,1,2012,12,2015,0,0,0,0,0,5,5,35,1,1,2,1,0,0,1,12,99,9,4,6,"777777777777","777777777777","777777777777",1,0
26,260827,1,1,1,12,11,15,10,1,0,1,0,26,2,14,17,14017,4,2003,"1MEFM55S23G6","1","M","E","F","M","5","5","S","2","3","G","6",0,0,0,"000000000","00000000000",0,0,0,1,0,0,0,0,0,0,0,998,0,2,5,0,6,2,1,0,0,0,1,26,49330,6,1,0,0,3,0,71,185,0,0,0,0,0,0,0,0,0,5,99,99,99,99,1,2,55,1,1,2,1,0,0,6,9,99,9,4,2,"777777777777","777777777777","777777777777",1,0
26,260828,1,3,1,13,11,15,40,12,6,1,0,26,2,12,17,12017,4,2008,"1FMDK06W58GA","1","F","M","D","K","0","6","W","5","8","G","A",0,0,0,"000000000","00000000000",0,0,0,1,0,0,0,0,0,0,0,998,0,0,0,12,6,2,12,0,0,0,1,26,49404,6,1,6,0,3,0,71,200,0,0,0,0,0,0,0,0,0,0,39,0,0,0,1,2,98,1,8,8,1,20,3,1,17,99,1,1,86,"777777777777","777777777777","777777777777",0,1
26,260828,2,3,3,13,11,15,40,12,6,1,0,26,2,22,441,22441,20,2004,"1GMDX03E64D1","1","G","M","D","X","0","3","E","6","4","D","1",0,0,0,"000000000","00000000000",0,0,0,1,0,0,0,0,0,0,0,998,0,0,0,4,6,2,12,0,0,0,1,26,49336,6,1,0,0,3,0,64,210,0,0,0,0,0,0,0,0,0,0,0,0,0,0,1,2,55,1,1,2,1,0,0,1,66,99,1,1,87,"777777777777","777777777777","777777777777",1,0
26,260828,3,3,2,13,11,15,40,12,6,1,0,26,1,20,481,20481,31,2011,"3GCPKSE30BG4","3","G","C","P","K","S","E","3","0","B","G","4",0,0,0,"000000000","00000000000",0,0,0,1,0,0,0,0,0,0,0,998,0,0,0,11,6,2,12,0,0,0,1,26,49418,6,1,0,0,3,0,68,195,0,0,0,1,0,10,2013,10,2013,0,0,0,0,0,1,2,55,1,1,2,1,0,0,1,62,99,1,1,98,"777777777777","777777777777","777777777777",0,0
26,260829,1,1,1,9,11,2,7,1,0,1,0,26,2,20,401,20401,14,2002,"1GNDT13S6222","1","G","N","D","T","1","3","S","6","2","2","2",0,0,0,"000000000","00000000000",0,0,0,1,0,0,0,0,0,0,0,998,0,2,5,0,6,2,42,0,0,0,1,26,48420,6,1,0,0,3,0,70,263,0,0,0,0,0,0,0,0,0,5,0,0,0,0,1,2,55,1,1,1,2,0,0,1,12,99,1,4,6,"777777777777","777777777777","777777777777",1,0
26,260830,1,1,1,10,11,17,13,1,0,1,0,26,2,37,706,37706,80,2005,"1HFSC47085A4","1","H","F","S","C","4","7","0","8","5","A","4",0,0,0,"000000000","00000000000",0,0,0,1,0,0,0,0,0,0,0,998,0,0,0,0,4,3,1,0,0,0,1,26,48415,6,1,0,0,3,3,74,225,0,0,0,0,0,0,0,0,0,0,36,83,0,0,1,2,55,1,8,8,1,0,0,1,87,16,9,2,98,"777777777777","777777777777","777777777777",1,0
26,260831,1,1,2,11,11,20,46,8,0,1,0,39,1,6,18,6018,4,2015,"1C3CCCBB7FN7","1","C","3","C","C","C","B","B","7","F","N","7",0,0,0,"000000000","00000000000",0,0,0,1,0,0,0,0,0,0,0,998,0,0,0,11,4,3,8,0,0,0,1,39,43612,6,1,99,9,9,9,999,999,99,99,99,99,99,99,9999,99,9999,0,0,0,0,0,1,2,55,1,2,2,1,0,0,1,80,99,1,1,13,"777777777777","777777777777","777777777777",0,0
26,260832,1,1,1,13,11,6,40,8,0,1,0,26,1,12,461,12461,21,2002,"1FMRE11L92HB","1","F","M","R","E","1","1","L","9","2","H","B",0,0,0,"000000000","00000000000",0,0,0,1,0,0,0,0,0,0,0,998,0,0,0,12,9,3,8,0,0,0,1,26,49676,6,1,0,0,3,3,70,220,0,0,0,0,0,0,0,0,0,0,99,99,99,99,1,2,55,1,8,8,1,0,0,1,80,1,1,1,13,"777777777777","777777777777","777777777777",0,1
26,260833,1,1,1,15,11,8,38,8,0,1,0,26,2,7,24,7024,4,2008,"2B3KA43G08H2","2","B","3","K","A","4","3","G","0","8","H","2",0,0,0,"000000000","00000000000",0,0,0,1,0,0,0,0,0,0,0,998,0,0,0,11,4,3,8,0,0,0,1,26,48503,6,1,0,0,3,0,63,160,0,0,0,0,0,0,0,0,0,0,0,0,0,0,4,3,40,1,1,1,1,0,0,1,80,1,1,1,13,"777777777777","777777777777","777777777777",0,0
26,260834,1,1,1,15,11,20,42,8,0,1,0,26,3,85,884,85884,66,2006,"1XKAD09X06J1","1","X","K","A","D","0","9","X","0","6","J","1",1,1,57,"000209027","57000209027",3,6,1,1,0,0,0,0,0,0,0,998,0,0,0,1,2,5,8,0,0,0,1,26,48066,6,1,6,0,3,0,73,300,0,0,0,0,0,0,0,0,0,0,0,0,0,0,5,5,50,1,8,2,1,0,0,1,80,9,1,1,13,"888888888888","777777777777","777777777777",0,0
26,260835,1,1,1,29,11,17,47,8,0,1,0,26,2,7,27,7027,6,2013,"3C4PDCDG3DT5","3","C","4","P","D","C","D","G","3","D","T","5",0,0,0,"000000000","00000000000",0,0,0,1,0,0,0,0,0,0,0,998,0,0,0,11,4,3,8,0,0,0,1,26,48214,6,1,0,0,3,0,67,180,0,0,0,0,0,0,0,0,0,0,0,0,0,0,2,3,70,1,8,8,1,0,0,1,80,99,1,1,13,"777777777777","777777777777","777777777777",0,0
26,260836,1,2,2,14,11,12,27,12,2,1,0,26,2,7,462,7462,21,2008,"WD0PE8454852","W","D","0","P","E","8","4","5","4","8","5","2",0,0,0,"000000000","00000000000",0,0,0,1,0,0,0,0,0,0,0,998,0,0,0,12,6,2,12,0,0,0,1,26,48642,6,1,0,0,3,0,74,205,2,2,0,2,2,12,2011,11,2014,0,28,0,0,0,1,2,55,1,1,2,1,0,0,1,10,6,2,2,50,"777777777777","777777777777","777777777777",0,0
26,260836,2,2,1,14,11,12,27,12,2,1,0,26,2,22,20,22020,4,2007,"2G2WP5527711","2","G","2","W","P","5","5","2","7","7","1","1",0,0,0,"000000000","00000000000",0,0,0,1,0,0,0,0,0,0,0,998,0,0,0,12,6,2,12,0,0,0,1,26,48766,6,1,0,0,3,3,64,195,1,0,0,0,0,4,2016,4,2016,0,0,0,0,0,1,2,55,1,1,2,1,0,0,1,62,99,1,1,51,"777777777777","777777777777","777777777777",1,0
26,260837,1,2,2,17,11,7,22,57,0,1,0,26,2,12,401,12401,14,2003,"1FMYU60E43UA","1","F","M","Y","U","6","0","E","4","3","U","A",0,0,0,"000000000","00000000000",0,0,0,1,0,0,0,0,0,0,0,998,0,0,0,12,6,2,12,0,0,0,1,26,48917,6,1,0,0,3,0,66,136,0,2,0,1,0,4,2014,3,2015,5,28,0,0,0,3,3,70,1,1,1,1,0,0,1,12,99,1,4,6,"777777777777","777777777777","777777777777",1,0
26,260837,2,2,1,17,11,7,22,57,0,1,0,26,2,24,401,24401,14,2009,"3GSCL33P79S5","3","G","S","C","L","3","3","P","7","9","S","5",0,0,0,"000000000","00000000000",0,0,0,1,0,0,0,0,0,0,0,998,0,0,0,12,6,2,12,0,0,0,1,26,48848,6,1,0,0,3,0,67,360,1,0,0,1,0,8,2013,10,2014,0,0,0,0,0,3,3,70,1,1,1,1,0,0,1,62,99,1,1,98,"777777777777","777777777777","777777777777",0,0
26,260838,1,2,1,15,11,7,9,12,6,1,0,26,1,6,441,6441,20,2005,"2C8GP54L65R2","2","C","8","G","P","5","4","L","6","5","R","2",0,0,0,"000000000","00000000000",0,0,0,1,0,0,0,0,0,0,0,998,0,0,0,9,6,2,12,0,0,0,1,26,49664,6,1,0,0,3,3,64,160,0,1,1,0,0,9,2016,10,2016,0,39,0,0,0,1,2,55,1,8,8,1,20,3,1,17,99,1,1,89,"777777777777","777777777777","777777777777",1,0
26,260838,2,2,1,15,11,7,9,12,6,1,0,26,3,86,882,86882,66,2007,"1M1AU64Y37M0","1","M","1","A","U","6","4","Y","3","7","M","0",2,1,57,"000800530","57000800530",3,7,8,1,0,0,0,0,0,0,0,998,0,0,0,12,6,2,12,0,0,0,1,26,49659,6,1,6,1,3,0,70,240,0,0,0,1,0,4,2016,4,2016,0,0,0,0,0,1,2,55,1,1,2,1,0,0,1,66,16,2,1,88,"888888888888","888888888888","777777777777",0,0
26,260839,1,2,2,16,11,17,39,12,6,1,0,26,1,12,23,12023,4,2007,"3FAHP08157R1","3","F","A","H","P","0","8","1","5","7","R","1",0,0,0,"000000000","00000000000",0,0,0,1,0,0,0,0,0,0,0,998,0,0,0,12,4,3,12,0,0,0,1,26,48823,6,1,0,0,3,0,64,120,2,0,0,0,0,12,2015,2,2016,0,39,0,0,0,2,3,55,1,1,2,1,2,3,4,15,99,1,1,83,"777777777777","777777777777","777777777777",0,0
26,260839,2,2,1,16,11,17,39,12,6,1,0,26,1,21,3,21003,4,1998,"1G3HC52KXW48","1","G","3","H","C","5","2","K","X","W","4","8",0,0,0,"000000000","00000000000",0,0,0,1,0,0,0,0,0,0,0,998,0,0,0,9,4,3,12,0,0,0,1,26,48906,6,1,0,0,3,0,65,220,0,0,0,0,0,0,0,0,0,0,0,0,0,0,5,3,98,1,8,8,1,2,3,11,66,99,1,1,82,"777777777777","777777777777","777777777777",1,0
26,260840,1,1,1,15,11,18,25,8,0,1,0,26,1,12,24,12024,6,2011,"2FMDK3JC9BBA","2","F","M","D","K","3","J","C","9","B","B","A",0,0,0,"000000000","00000000000",0,0,0,1,0,0,0,0,0,0,0,998,0,0,0,12,2,3,8,0,0,0,1,26,48192,6,1,0,0,3,3,66,175,1,0,0,0,0,8,2015,8,2015,0,99,99,99,99,5,5,35,1,1,2,1,0,0,1,80,99,1,1,13,"777777777777","777777777777","777777777777",0,0
26,260841,1,1,1,18,11,6,27,8,0,1,0,26,2,49,46,49046,4,2004,"JTDKB20U6400","J","T","D","K","B","2","0","U","6","4","0","0",0,0,0,"000000000","00000000000",0,0,0,1,0,0,0,0,0,0,0,998,0,0,0,11,4,3,8,0,0,0,1,26,49103,6,1,0,0,3,0,64,185,0,0,0,0,0,0,0,0,0,0,99,99,99,99,5,3,45,1,2,2,1,0,0,1,80,1,1,1,13,"777777777777","777777777777","777777777777",0,0
26,260842,1,2,1,16,11,23,0,12,2,1,0,26,1,2,404,2404,14,2000,"1J4GW48S3YC2","1","J","4","G","W","4","8","S","3","Y","C","2",0,0,0,"000000000","00000000000",0,0,0,1,0,0,0,0,0,0,0,998,0,0,0,12,6,2,12,0,0,0,1,12,99999,6,1,0,0,3,0,70,999,0,1,0,0,1,5,2016,6,2016,5,6,28,0,0,1,2,55,1,8,8,1,0,0,6,10,99,1,2,50,"777777777777","777777777777","777777777777",1,0
26,260842,2,2,1,16,11,23,0,12,2,1,0,26,2,20,481,20481,31,2007,"1GCHK24U87E2","1","G","C","H","K","2","4","U","8","7","E","2",0,0,0,"000000000","00000000000",0,0,0,1,0,0,0,0,0,0,0,998,0,0,0,12,6,2,12,0,0,0,1,26,48661,6,1,0,0,3,3,71,180,0,0,0,0,0,0,0,0,0,0,0,0,0,0,1,2,55,1,8,8,1,0,0,1,62,99,1,1,51,"777777777777","777777777777","777777777777",0,0
26,260843,1,1,2,20,11,3,11,24,0,1,0,26,1,19,18,19018,2,2013,"1G6DL1E39D01","1","G","6","D","L","1","E","3","9","D","0","1",0,0,0,"000000000","00000000000",0,0,0,1,0,0,0,0,0,0,0,998,0,1,1,9,6,2,1,0,0,0,1,26,48342,6,1,0,0,3,0,67,180,1,0,0,0,0,4,2016,4,2016,5,0,0,0,0,3,3,70,2,1,2,1,0,0,14,6,99,1,4,6,"777777777777","777777777777","777777777777",1,1
26,260844,1,1,1,8,11,21,35,59,0,1,0,4,1,52,48,52048,5,2017,"ML32A3HJXHH0","M","L","3","2","A","3","H","J","X","H","H","0",0,0,0,"000000000","00000000000",0,0,0,1,0,0,0,0,0,0,0,998,0,1,5,12,6,2,21,0,0,1,1,26,48228,6,1,0,0,3,0,62,140,1,2,0,1,2,5,2014,8,2016,5,36,89,0,0,3,3,55,1,8,8,1,0,0,15,6,99,2,4,2,"777777777777","777777777777","777777777777",1,0
26,260845,1,1,1,20,11,4,5,42,0,1,0,26,1,20,471,20471,30,1999,"1GCCS19X7X82","1","G","C","C","S","1","9","X","7","X","8","2",0,0,0,"000000000","00000000000",0,0,0,1,0,0,0,0,0,0,0,998,0,0,0,12,6,2,42,0,0,0,1,26,48430,6,1,0,0,3,3,63,125,0,0,0,0,1,7,2014,7,2014,0,0,0,0,0,1,2,55,1,2,2,1,0,0,1,14,99,1,4,14,"777777777777","777777777777","777777777777",1,1
26,260846,1,1,1,16,11,20,22,8,0,1,0,26,1,20,481,20481,31,2012,"1GCPKSE75CF1","1","G","C","P","K","S","E","7","5","C","F","1",0,0,0,"000000000","00000000000",0,0,0,1,0,0,0,0,0,0,0,998,0,0,0,11,2,8,8,0,0,0,1,26,48706,6,1,0,0,3,3,78,195,0,0,0,0,0,0,0,0,0,0,0,0,0,0,5,3,35,1,1,2,1,0,0,1,80,16,1,1,13,"777777777777","777777777777","777777777777",0,0