"STATE","ST_CASE","VEH_NO","VE_FORMS","NUMOCCS","DAY","MONTH","HOUR","MINUTE","HARM_EV","MAN_COLL","UNITTYPE","HIT_RUN","REG_STAT","OWNER","MAKE","MODEL","MAK_MOD","BODY_TYP","MOD_YEAR","VIN","VIN_1","VIN_2","VIN_3","VIN_4","VIN_5","VIN_6","VIN_7","VIN_8","VIN_9","VIN_10","VIN_11","VIN_12","TOW_VEH","J_KNIFE","MCARR_I1","MCARR_I2","MCARR_ID","GVWR","V_CONFIG","CARGO_BT","HAZ_INV","HAZ_PLAC","HAZ_ID","HAZ_CNO","HAZ_REL","BUS_USE","SPEC_USE","EMER_USE","TRAV_SP","UNDERIDE","ROLLOVER","ROLINLOC","IMPACT1","DEFORMED","TOWED","M_HARM","VEH_SC1","VEH_SC2","FIRE_EXP","DR_PRES","L_STATE","DR_ZIP","L_STATUS","L_TYPE","CDL_STAT","L_ENDORS","L_COMPL","L_RESTRI","DR_HGT","DR_WGT","PREV_ACC","PREV_SUS","PREV_DWI","PREV_SPD","PREV_OTH","FIRST_MO","FIRST_YR","LAST_MO","LAST_YR","SPEEDREL","DR_SF1","DR_SF2","DR_SF3","DR_SF4","VTRAFWAY","VNUM_LAN","VSPD_LIM","VALIGN","VPROFILE","VPAVETYP","VSURCOND","VTRAFCON","VTCONT_F","P_CRASH1","P_CRASH2","P_CRASH3","PCRASH4","PCRASH5","ACC_TYPE","TRLR1VIN","TRLR2VIN","TRLR3VIN","DEATHS","DR_DRINK"
26,260847,1,2,1,11,11,17,17,12,2,1,0,26,2,24,7,24007,4,2003,"1G8AG52FX3Z1","1","G","8","A","G","5","2","F","X","3","Z","1",0,0,0,"000000000","00000000000",0,0,0,1,0,0,0,0,0,0,0,998,0,0,0,12,6,2,12,0,0,0,1,26,48039,6,1,0,0,3,0,69,145,1,0,0,0,0,10,2016,10,2016,9,28,0,0,0,1,2,55,1,8,2,1,0,0,1,10,99,9,2,51,"777777777777","777777777777","777777777777",1,0
26,260847,2,2,3,11,11,17,17,12,2,1,0,26,3,12,461,12461,21,2015,"1FDWE3FS6FDA","1","F","D","W","E","3","F","S","6","F","D","A",0,0,0,"000000000","00000000000",0,0,0,1,0,0,0,0,0,6,0,998,0,0,0,12,6,2,12,0,0,0,1,26,48744,6,1,0,0,3,0,61,200,1,1,0,1,0,5,2012,5,2013,0,0,0,0,0,1,2,55,1,8,2,1,0,0,1,62,7,1,1,50,"777777777777","777777777777","777777777777",1,0
26,260848,1,1,1,21,11,15,50,32,0,1,0,26,1,20,404,20404,14,2012,"2GNALDEK6C61","2","G","N","A","L","D","E","K","6","C","6","1",0,0,0,"000000000","00000000000",0,0,0,1,0,0,0,0,0,0,0,998,0,1,5,12,6,2,32,0,0,0,1,26,49445,6,1,0,0,3,3,63,160,0,0,0,0,0,0,0,0,0,0,27,0,0,0,1,2,55,1,1,2,1,0,0,1,13,99,1,4,1,"777777777777","777777777777","777777777777",1,0
26,260849,1,3,1,10,11,20,33,12,8,1,0,26,1,14,402,14402,14,2011,"4M2CN8BG2BKJ","4","M","2","C","N","8","B","G","2","B","K","J",0,0,0,"000000000","00000000000",0,0,0,1,0,0,0,0,0,0,0,998,0,0,0,11,6,2,12,0,0,0,1,26,48193,6,1,0,0,3,3,75,275,0,0,0,1,0,3,2013,3,2013,0,28,0,0,0,5,5,45,1,8,8,1,0,0,1,10,99,1,2,64,"777777777777","777777777777","777777777777",0,0
26,260849,2,3,3,10,11,20,33,12,8,1,0,26,2,12,481,12481,31,2000,"1FTRX17W9YNB","1","F","T","R","X","1","7","W","9","Y","N","B",0,0,0,"000000000","00000000000",0,0,0,1,0,0,0,0,0,0,0,998,0,0,0,9,2,8,12,0,0,0,1,26,48183,6,1,0,0,3,0,67,280,1,0,0,0,0,10,2015,10,2015,0,0,0,0,0,5,5,45,1,8,8,1,0,0,1,62,99,1,1,65,"777777777777","777777777777","777777777777",0,0
26,260849,3,3,1,10,11,20,33,12,8,1,0,26,1,12,37,12037,4,2012,"1FAHP3E27CL3","1","F","A","H","P","3","E","2","7","C","L","3",0,0,0,"000000000","00000000000",0,0,0,1,0,0,0,0,0,0,0,998,0,0,0,12,6,2,12,0,0,0,1,26,48183,6,1,0,0,3,3,64,175,0,0,0,0,0,0,0,0,0,0,0,0,0,0,5,5,45,1,8,8,1,0,0,1,62,99,1,1,98,"777777777777","777777777777","777777777777",1,0
26,260850,1,2,2,19,11,11,35,12,6,1,0,26,1,22,403,22403,14,2008,"2CKDL5370860","2","C","K","D","L","5","3","7","0","8","6","0",0,0,0,"000000000","00000000000",0,0,0,1,0,0,0,0,0,0,0,998,0,0,0,9,6,2,12,0,0,0,1,26,49442,6,1,0,0,3,3,71,135,0,0,0,0,0,0,0,0,0,0,39,0,0,0,1,2,98,1,8,8,3,20,3,99,17,99,9,1,89,"777777777777","777777777777","777777777777",1,0
26,260850,2,2,1,19,11,11,35,12,6,1,0,26,1,20,473,20473,30,2016,"1GCGTCE35G11","1","G","C","G","T","C","E","3","5","G","1","1",0,0,0,"000000000","00000000000",0,0,0,1,0,0,0,0,0,0,0,998,0,0,0,12,6,2,12,0,0,0,1,26,49412,6,1,0,0,3,0,65,150,1,0,0,0,0,2,2013,2,2013,0,0,0,0,0,1,2,55,1,1,2,3,0,0,1,66,1,1,1,88,"777777777777","777777777777","777777777777",0,0
26,260851,1,1,1,18,11,4,40,42,0,1,0,26,1,20,481,20481,31,2013,"1GCRKSE70DZ3","1","G","C","R","K","S","E","7","0","D","Z","3",0,0,0,"000000000","00000000000",0,0,0,1,0,0,0,0,0,0,0,998,0,0,0,12,6,2,42,0,0,1,1,26,48381,6,1,0,0,3,0,70,155,2,0,1,1,1,10,2013,9,2016,5,99,99,99,99,1,2,55,1,8,8,1,0,0,1,13,99,1,4,1,"777777777777","777777777777","777777777777",1,1
26,260852,1,2,1,23,11,10,56,12,6,1,0,26,1,12,17,12017,4,2004,"1FAFP53214G1","1","F","A","F","P","5","3","2","1","4","G","1",0,0,0,"000000000","00000000000",0,0,0,1,0,0,0,0,0,0,0,998,0,0,0,9,6,2,12,0,0,0,1,26,48316,6,1,0,0,3,0,73,350,1,2,0,1,2,1,2013,5,2016,0,39,0,0,0,2,5,98,1,1,1,1,2,3,1,17,99,1,2,89,"777777777777","777777777777","777777777777",1,0
26,260852,2,2,1,23,11,10,56,12,6,1,0,26,2,12,401,12401,14,2017,"1FM5K8DHXHGA","1","F","M","5","K","8","D","H","X","H","G","A",0,0,0,"000000000","00000000000",0,0,0,1,0,0,0,0,0,0,0,998,0,0,0,12,6,2,12,0,0,0,1,26,48312,6,1,0,0,3,3,69,215,0,0,0,0,0,0,0,0,0,0,0,0,0,0,2,4,98,1,8,8,1,2,3,1,66,99,1,1,88,"777777777777","777777777777","777777777777",0,0
26,260853,1,1,2,19,11,10,0,14,0,1,0,17,1,49,32,49032,4,1998,"1NXBR18E9WZ0","1","N","X","B","R","1","8","E","9","W","Z","0",0,0,0,"000000000","00000000000",0,0,0,1,0,0,0,0,0,0,0,998,3,0,0,3,6,2,14,0,0,0,1,17,60491,6,1,0,0,3,3,72,170,0,0,0,0,1,9,2015,9,2015,9,99,99,99,99,3,3,70,1,1,2,4,0,0,1,6,99,3,4,11,"777777777777","777777777777","777777777777",2,0
26,260854,1,1,3,24,11,11,31,24,0,1,0,26,2,12,17,12017,4,2001,"1FAFP55U81A1","1","F","A","F","P","5","5","U","8","1","A","1",0,0,0,"000000000","00000000000",0,0,0,1,0,0,0,0,0,0,0,998,0,0,0,3,6,2,24,0,0,0,1,26,48080,6,1,0,0,3,3,63,175,0,0,0,0,0,0,0,0,0,0,6,58,85,0,3,3,70,1,1,2,2,0,0,1,60,6,9,4,6,"777777777777","777777777777","777777777777",1,0
26,260855,1,1,1,27,11,3,18,42,0,1,0,26,2,59,34,59034,4,2001,"JT8BD69S8101","J","T","8","B","D","6","9","S","8","1","0","1",0,0,0,"000000000","00000000000",0,0,0,1,0,0,0,0,0,0,0,998,0,1,5,12,6,2,42,0,0,0,1,26,48442,6,1,0,0,3,0,70,170,0,2,1,4,0,12,2014,12,2015,0,99,99,99,99,1,2,55,1,1,2,1,0,0,1,9,99,9,4,2,"777777777777","777777777777","777777777777",1,1
26,260856,1,2,1,18,11,10,18,12,8,1,0,26,2,12,422,12422,15,1998,"1FMPU18L2WLB","1","F","M","P","U","1","8","L","2","W","L","B",0,0,0,"000000000","00000000000",0,0,0,1,0,0,0,0,0,0,0,998,0,1,5,11,6,2,12,0,0,0,1,26,48461,6,1,0,0,3,0,76,270,2,0,0,0,0,7,2016,9,2016,0,28,0,0,0,1,2,55,1,8,8,1,0,0,1,10,99,1,2,64,"777777777777","777777777777","777777777777",1,0
26,260856,2,2,1,18,11,10,18,12,8,1,0,26,3,82,884,82884,66,2013,"1FUBC5DVXDHF","1","F","U","B","C","5","D","V","X","D","H","F",1,1,57,"000369489","57000369489",3,6,1,1,0,0,0,0,0,0,0,998,0,0,0,11,6,2,12,0,0,0,1,26,48317,6,1,6,0,3,3,75,235,0,0,0,0,0,0,0,0,0,0,0,0,0,0,1,2,55,1,8,8,1,0,0,1,62,99,1,1,65,"1GRAA72255B7","777777777777","777777777777",0,0
26,260857,1,1,2,23,11,16,3,43,0,1,0,26,1,12,481,12481,31,2001,"1FTNW21FX1ED","1","F","T","N","W","2","1","F","X","1","E","D",0,0,0,"000000000","00000000000",0,0,0,1,0,0,0,0,0,0,0,998,0,1,5,1,4,3,2,0,0,1,1,26,48310,6,1,6,0,3,0,69,185,7,0,0,0,0,6,2013,4,2016,0,0,0,0,0,1,2,25,1,1,1,2,0,0,11,15,99,1,4,1,"777777777777","777777777777","777777777777",1,0
26,260858,1,1,1,27,11,20,14,42,0,1,0,26,2,12,471,12471,30,1999,"1FTYR10C8XPB","1","F","T","Y","R","1","0","C","8","X","P","B",0,0,0,"000000000","00000000000",0,0,0,1,0,0,0,0,0,0,0,998,0,0,0,12,6,2,42,0,0,0,1,26,49001,6,1,0,0,3,0,72,270,0,1,0,0,1,5,2013,10,2013,0,36,0,0,0,4,3,40,1,8,8,1,0,0,1,12,99,1,4,6,"777777777777","777777777777","777777777777",1,1
26,260859,1,2,1,21,11,14,7,12,6,1,0,26,1,20,421,20421,15,2010,"1GNUKBE03AR1","1","G","N","U","K","B","E","0","3","A","R","1",0,0,0,"000000000","00000000000",0,0,0,1,0,0,0,0,0,0,0,998,0,0,0,11,6,2,12,32,0,0,1,26,49265,6,1,0,0,3,0,66,185,1,0,0,0,0,1,2013,1,2013,0,38,0,0,0,1,2,98,1,8,8,98,20,3,11,15,99,1,1,82,"777777777777","777777777777","777777777777",1,0
26,260859,2,2,1,21,11,14,7,12,6,1,0,93,3,82,881,82881,66,2014,"3AKJGLBG3ESF","3","A","K","J","G","L","B","G","3","E","S","F",1,1,57,"000071841","57000071841",3,6,2,2,2,1294,3,2,0,0,0,998,0,1,1,2,6,2,12,0,0,0,1,26,48906,6,1,6,1,3,3,67,215,0,0,0,0,0,0,0,0,0,0,0,0,0,0,1,4,55,1,1,2,2,0,0,1,67,6,1,2,83,"888888888888","777777777777","777777777777",1,0
26,260860,1,2,2,28,11,17,36,12,6,1,0,26,2,22,401,22401,14,2003,"3G7DB03E43S5","3","G","7","D","B","0","3","E","4","3","S","5",0,0,0,"000000000","00000000000",0,0,0,1,0,0,0,0,0,0,0,998,0,0,0,11,6,2,12,0,0,0,1,26,48846,1,1,0,0,2,0,66,220,0,0,0,0,0,0,0,0,0,0,28,0,0,0,1,2,55,1,1,2,2,0,0,1,9,99,3,2,64,"777777777777","777777777777","777777777777",1,0
26,260860,2,2,1,28,11,17,36,12,6,1,0,26,1,6,441,6441,20,2008,"2A8HR44H28R6","2","A","8","H","R","4","4","H","2","8","R","6",0,0,0,"000000000","00000000000",0,0,0,1,0,0,0,0,0,0,0,998,0,0,0,12,6,2,12,0,0,0,1,26,49015,6,1,0,0,3,0,72,170,0,0,0,0,0,0,0,0,0,0,0,0,0,0,1,2,55,1,1,2,2,0,0,1,62,99,1,1,65,"777777777777","777777777777","777777777777",0,0
26,260861,1,1,1,21,11,18,28,8,0,1,0,26,2,13,15,13015,4,2010,"1LNHL9DR9AG6","1","L","N","H","L","9","D","R","9","A","G","6",0,0,0,"000000000","00000000000",0,0,0,1,0,0,0,0,0,0,0,998,0,0,0,12,4,3,8,0,0,0,1,26,48642,6,1,0,0,3,3,60,150,1,0,0,1,0,3,2012,12,2012,0,0,0,0,0,1,2,35,1,1,1,1,0,0,1,80,16,2,1,13,"777777777777","777777777777","777777777777",0,0
26,260862,1,3,1,15,11,15,10,12,6,1,0,26,1,7,24,7024,4,2008,"2B3KA43G98H2","2","B","3","K","A","4","3","G","9","8","H","2",0,0,0,"000000000","00000000000",0,0,0,1,0,0,0,0,0,0,0,998,0,1,5,9,6,2,12,0,0,0,1,18,46554,0,0,0,0,0,0,999,999,0,0,0,0,0,0,0,0,0,0,39,0,0,0,1,2,55,1,8,8,1,20,3,1,17,99,1,1,89,"777777777777","777777777777","777777777777",1,0
26,260862,2,3,1,15,11,15,10,12,6,1,0,39,3,7,482,7482,31,2013,"3C63RRAL2DG6","3","C","6","3","R","R","A","L","2","D","G","6",1,1,0,"000000000","00000000000",0,0,0,1,0,0,0,0,0,0,0,998,0,0,0,12,6,2,12,0,0,0,1,39,43502,6,1,0,0,3,3,70,140,1,0,0,0,2,2,2012,6,2014,0,0,0,0,0,1,2,55,1,8,8,1,0,0,1,66,99,1,1,88,"000000000000","777777777777","777777777777",0,0
26,260862,3,3,1,15,11,15,10,12,6,1,0,26,1,12,17,12017,4,1992,"1FACP52U9NG1","1","F","A","C","P","5","2","U","9","N","G","1",0,0,0,"000000000","00000000000",0,0,0,1,0,0,0,0,0,0,0,998,0,0,0,12,6,2,12,0,0,0,1,26,49247,0,0,0,0,0,0,999,999,0,0,0,0,0,0,0,0,0,0,0,0,0,0,1,2,55,1,8,8,1,0,0,1,62,99,1,1,98,"777777777777","777777777777","777777777777",0,0
26,260863,1,1,1,16,11,3,1,42,0,1,0,26,2,22,20,22020,4,2004,"2G2WS5222413","2","G","2","W","S","5","2","2","2","4","1","3",0,0,0,"000000000","00000000000",0,0,0,1,0,0,0,0,0,0,0,998,0,0,0,12,6,2,42,0,0,0,1,26,48213,2,1,0,0,2,0,70,226,0,2,0,0,1,7,2012,9,2012,5,0,0,0,0,1,2,25,1,8,8,1,0,0,1,9,99,9,4,7,"777777777777","777777777777","777777777777",1,0
26,260864,1,1,1,27,11,18,6,8,0,1,0,26,2,18,20,18020,4,2003,"2G4WB52K3312","2","G","4","W","B","5","2","K","3","3","1","2",0,0,0,"000000000","00000000000",0,0,0,1,0,0,0,0,0,0,0,998,0,0,0,12,4,3,8,0,0,0,1,26,48421,6,1,0,0,3,3,72,260,0,0,0,0,0,0,0,0,0,0,0,0,0,0,5,5,50,1,1,1,1,0,0,1,80,1,1,1,13,"777777777777","777777777777","777777777777",0,1
26,260865,1,1,1,23,11,5,31,35,0,1,0,26,1,20,482,20482,31,2002,"3GNEK13T92G1","3","G","N","E","K","1","3","T","9","2","G","1",0,0,0,"000000000","00000000000",0,0,0,1,0,0,0,0,0,0,0,998,0,1,5,12,6,2,1,0,0,0,1,26,49220,6,1,0,0,3,0,66,190,0,0,0,0,0,0,0,0,0,5,0,0,0,0,1,2,55,2,2,2,4,0,0,14,6,99,4,4,2,"777777777777","777777777777","777777777777",1,0
26,260866,1,2,1,28,11,21,22,12,1,1,0,26,3,85,884,85884,62,2014,"2NKHHM6X8EM4","2","N","K","H","H","M","6","X","8","E","M","4",0,0,57,"000631330","57000631330",2,1,3,1,0,0,0,0,0,0,0,998,0,0,0,12,6,2,12,0,0,0,1,26,48195,6,1,0,0,3,0,70,210,0,1,0,0,1,9,2013,1,2014,0,0,0,0,0,5,7,40,1,8,1,2,0,0,1,50,1,1,1,20,"777777777777","777777777777","777777777777",0,0
26,260866,2,2,3,28,11,21,22,12,1,1,0,26,2,37,31,37031,4,1992,"1HGEG8557NL0","1","H","G","E","G","8","5","5","7","N","L","0",0,0,0,"000000000","00000000000",0,0,0,1,0,0,0,0,0,0,0,0,0,0,0,6,6,2,12,0,0,0,1,26,48195,6,1,0,0,3,0,66,140,0,0,0,0,0,0,0,0,0,0,23,0,0,0,5,7,40,1,8,1,2,0,0,5,53,1,1,1,21,"777777777777","777777777777","777777777777",1,0
26,260867,1,1,1,30,11,19,28,8,0,1,0,18,3,82,884,82884,66,2013,"3AKJGEDV8DSF","3","A","K","J","G","E","D","V","8","D","S","F",1,1,57,"000932801","57000932801",3,6,1,1,0,0,0,0,0,0,0,998,0,0,0,12,2,3,8,0,0,0,1,39,43607,6,1,6,0,3,3,72,222,2,0,0,1,2,3,2012,10,2015,0,0,0,0,0,3,2,55,1,8,8,1,0,0,1,80,99,1,1,13,"888888888888","777777777777","777777777777",0,0
26,260868,1,2,3,23,11,13,1,12,6,1,0,26,2,49,32,49032,4,2005,"1NXBR32E25Z5","1","N","X","B","R","3","2","E","2","5","Z","5",0,0,0,"000000000","00000000000",0,0,0,1,0,0,0,0,0,0,0,998,0,0,0,3,6,2,12,0,0,0,1,26,49931,6,7,0,0,3,3,71,180,0,0,0,0,0,0,0,0,0,4,0,0,0,0,1,2,55,2,2,2,3,0,0,14,6,99,4,4,64,"777777777777","777777777777","777777777777",1,0
26,260868,2,2,1,23,11,13,1,12,6,1,0,18,3,82,881,82881,66,2015,"3AKJGEDV1FSG","3","A","K","J","G","E","D","V","1","F","S","G",1,1,57,"000221707","57000221707",3,6,1,1,0,0,0,0,0,0,0,998,0,0,0,12,2,3,12,0,0,0,1,26,49935,6,1,6,0,3,0,67,160,0,0,0,0,0,0,0,0,0,0,0,0,0,0,1,2,55,1,2,2,3,0,0,1,62,9,2,4,65,"3H3V532C5HT3","777777777777","777777777777",0,0
26,260869,1,1,2,24,11,19,45,8,0,1,0,26,1,21,2,21002,4,1999,"1G3HN52K2X48","1","G","3","H","N","5","2","K","2","X","4","8",0,0,0,"000000000","00000000000",0,0,0,1,0,0,0,0,0,0,0,998,0,0,0,1,0,5,8,0,0,0,1,26,48093,6,1,0,0,3,0,76,340,3,0,0,0,1,12,2012,7,2015,0,0,0,0,0,5,5,40,1,1,2,1,2,3,1,80,99,1,1,13,"777777777777","777777777777","777777777777",0,0
26,260870,1,2,1,22,11,13,58,12,6,1,0,26,1,30,40,30040,4,1998,"3VWRF81H2WM2","3","V","W","R","F","8","1","H","2","W","M","2",0,0,0,"000000000","00000000000",0,0,0,1,0,0,0,0,0,0,0,998,0,0,0,3,6,2,12,0,0,0,1,26,49938,6,1,0,0,3,0,70,175,0,0,0,0,0,0,0,0,0,0,38,0,0,0,5,5,40,1,1,2,2,3,3,11,15,99,1,1,68,"777777777777","777777777777","777777777777",1,0
26,260870,2,2,2,22,11,13,58,12,6,1,0,26,2,20,461,20461,21,1995,"1GBEG25K4SF1","1","G","B","E","G","2","5","K","4","S","F","1",0,0,0,"000000000","00000000000",0,0,0,1,0,0,0,0,0,0,0,998,0,0,0,12,6,2,12,0,0,0,1,26,49968,6,1,0,0,3,0,68,200,1,0,0,0,0,1,2016,1,2016,0,0,0,0,0,5,5,40,1,1,2,2,3,3,1,62,99,1,1,69,"777777777777","777777777777","777777777777",0,0
26,260872,1,1,1,6,11,20,30,8,0,1,0,26,2,2,407,2407,14,2014,"1C4NJRBB9ED5","1","C","4","N","J","R","B","B","9","E","D","5",0,0,0,"000000000","00000000000",0,0,0,1,0,0,0,0,0,0,0,998,0,0,0,12,4,8,8,0,0,0,1,26,48227,0,0,0,0,0,0,58,140,1,7,0,1,5,1,2013,9,2016,0,0,0,0,0,1,2,98,1,8,8,1,0,0,1,80,99,1,1,13,"777777777777","777777777777","777777777777",0,0
26,260873,1,1,1,13,4,17,55,5,0,1,0,26,1,98,709,98709,81,9999,"999999999999","9","9","9","9","9","9","9","9","9","9","9","9",0,0,0,"000000000","00000000000",0,0,0,1,0,0,0,0,0,0,0,998,0,0,0,0,0,3,5,0,0,0,1,26,48229,9,9,99,9,9,9,999,999,99,99,99,99,99,99,9999,99,9999,0,99,99,99,99,1,2,25,1,8,8,1,0,0,1,98,99,9,9,0,"777777777777","777777777777","777777777777",1,0
26,260874,1,1,1,18,11,10,22,1,0,1,0,26,1,12,481,12481,31,1997,"2FTEX17L9VCA","2","F","T","E","X","1","7","L","9","V","C","A",0,0,0,"000000000","00000000000",0,0,0,1,0,0,0,0,0,0,0,998,0,2,5,0,6,2,42,0,0,0,1,26,48235,6,1,0,0,3,3,66,169,0,0,0,0,0,0,0,0,0,5,0,0,0,0,2,2,70,1,8,8,1,0,0,1,11,6,9,4,1,"777777777777","777777777777","777777777777",1,1
26,260875,1,2,1,17,7,3,15,12,1,1,1,99,9,99,399,99399,9,9999,"999999999999","9","9","9","9","9","9","9","9","9","9","9","9",0,0,0,"000000000","00000000000",0,0,0,1,0,0,0,0,0,0,0,998,0,0,0,12,9,5,12,0,0,0,1,99,99999,9,9,99,9,9,9,999,999,99,99,99,99,99,99,9999,99,9999,0,99,99,99,99,1,4,30,1,8,8,1,0,0,1,80,99,1,1,24,"777777777777","777777777777","777777777777",0,0
26,260875,2,2,1,17,7,3,15,12,1,1,0,26,9,37,705,37705,80,2000,"JH2PC3504YM1","J","H","2","P","C","3","5","0","4","Y","M","1",0,0,0,"000000000","00000000000",0,0,0,1,0,0,0,0,0,0,0,998,0,0,0,6,6,2,12,0,0,0,1,26,48221,6,1,1,2,2,3,71,185,0,5,0,0,2,1,2015,12,2015,0,99,99,99,99,1,4,30,1,8,8,1,0,0,1,53,1,1,1,25,"777777777777","777777777777","777777777777",1,0
26,260876,1,1,1,27,11,0,40,42,0,1,0,26,1,22,20,22020,4,2001,"1G2WP52K71F2","1","G","2","W","P","5","2","K","7","1","F","2",0,0,0,"000000000","00000000000",0,0,0,1,0,0,0,0,0,0,0,998,0,0,0,3,6,2,42,0,0,0,1,26,49418,6,1,0,0,3,0,70,220,0,0,0,0,0,0,0,0,0,5,0,0,0,0,1,2,45,1,1,2,1,0,0,1,9,99,2,4,2,"777777777777","777777777777","777777777777",1,1
26,260877,1,1,2,27,11,17,50,8,0,1,1,26,2,2,403,2403,14,2012,"1C4BJWEG0CL1","1","C","4","B","J","W","E","G","0","C","L","1",0,0,0,"000000000","00000000000",0,0,0,1,0,0,0,0,0,0,0,998,0,0,0,1,4,5,8,0,0,0,1,26,49464,6,1,0,0,3,0,63,160,0,0,0,0,0,0,0,0,0,0,0,0,0,0,1,2,55,1,2,2,2,0,0,1,80,99,9,1,13,"777777777777","777777777777","777777777777",0,1
26,260878,1,1,1,6,8,15,55,59,0,1,0,26,1,55,35,55035,4,2009,"KMHDU46D19U8","K","M","H","D","U","4","6","D","1","9","U","8",0,0,0,"000000000","00000000000",0,0,0,1,0,0,0,0,0,0,0,998,0,1,5,99,6,2,1,0,0,0,1,26,49009,0,0,0,0,0,0,999,999,0,0,0,0,0,0,0,0,0,0,35,0,0,0,3,2,70,1,8,8,1,0,0,1,9,6,2,4,7,"777777777777","777777777777","777777777777",1,0
26,260879,1,1,1,3,8,21,20,8,0,1,1,99,9,99,399,99399,9,9999,"999999999999","9","9","9","9","9","9","9","9","9","9","9","9",0,0,0,"000000000","00000000000",0,0,0,1,0,0,0,0,0,0,0,998,0,0,0,12,9,5,8,0,0,0,1,99,99999,9,9,99,9,9,9,999,999,99,99,99,99,99,99,9999,99,9999,0,99,99,99,99,5,3,35,1,8,8,1,0,0,1,80,99,1,1,13,"777777777777","777777777777","777777777777",0,0
26,260880,1,2,1,29,11,9,35,12,6,1,0,26,1,12,23,12023,4,2011,"3FAHP0JA4BR2","3","F","A","H","P","0","J","A","4","B","R","2",0,0,0,"000000000","00000000000",0,0,0,1,0,0,0,0,0,0,0,998,0,0,0,9,6,2,12,0,0,0,1,26,48116,6,1,0,0,3,0,63,169,0,0,0,0,0,0,0,0,0,0,38,0,0,0,1,2,98,1,8,8,1,20,3,4,17,99,1,1,89,"777777777777","777777777777","777777777777",1,0
26,260880,2,2,1,29,11,9,35,12,6,1,0,26,2,2,405,2405,14,2005,"1J4GL48K25W5","1","J","4","G","L","4","8","K","2","5","W","5",0,0,0,"000000000","00000000000",0,0,0,1,0,0,0,0,0,0,0,998,0,0,0,12,6,2,12,0,0,0,1,26,48430,6,1,0,0,3,0,69,190,0,0,0,0,0,0,0,0,0,0,0,0,0,0,1,2,55,1,1,2,1,0,0,1,66,1,1,1,88,"777777777777","777777777777","777777777777",0,0
26,260881,1,1,1,9,10,21,22,8,0,1,0,26,1,20,22,20022,4,2005,"1G1AZ52F6576","1","G","1","A","Z","5","2","F","6","5","7","6",0,0,0,"000000000","00000000000",0,0,0,1,0,0,0,0,0,0,0,998,0,0,0,12,6,2,8,0,0,0,1,26,48827,6,1,0,0,3,3,70,205,2,0,0,0,0,12,2012,12,2013,0,0,0,0,0,5,3,30,1,1,2,1,0,0,1,80,99,1,1,13,"777777777777","777777777777","777777777777",0,0
26,260882,1,1,1,5,11,1,24,9,0,1,1,99,9,99,399,99399,9,9999,"999999999999","9","9","9","9","9","9","9","9","9","9","9","9",0,0,0,"000000000","00000000000",0,0,0,1,0,0,0,0,0,0,0,998,0,0,0,12,9,5,9,0,0,0,1,99,99999,9,9,99,9,9,9,999,999,99,99,99,99,99,99,9999,99,9999,0,99,99,99,99,5,5,50,1,8,8,1,2,3,1,83,99,1,1,13,"777777777777","777777777777","777777777777",0,0
26,260883,1,2,1,9,11,17,3,12,2,1,0,26,1,20,20,20020,4,1998,"2G1WL52M0W11","2","G","1","W","L","5","2","M","0","W","1","1",0,0,0,"000000000","00000000000",0,0,0,1,0,0,0,0,0,0,0,998,0,0,0,12,6,2,12,0,0,0,1,26,48362,6,1,0,0,3,0,59,120,0,0,0,0,0,0,0,0,0,0,38,0,0,0,1,4,50,1,8,8,1,2,3,11,15,99,1,1,68,"777777777777","777777777777","777777777777",1,0
26,260883,2,2,2,9,11,17,3,12,2,1,0,26,2,20,37,20037,4,2013,"1G11C5SAXDF2","1","G","1","1","C","5","S","A","X","D","F","2",0,0,0,"000000000","00000000000",0,0,0,1,0,0,0,0,0,0,0,998,0,0,0,12,6,2,12,0,0,0,1,26,48042,6,1,0,0,3,3,64,140,0,0,0,0,0,0,0,0,0,0,0,0,0,0,1,4,50,1,8,8,1,0,0,1,62,99,1,1,69,"777777777777","777777777777","777777777777",0,0
26,260884,1,1,1,3,11,5,50,8,0,1,0,26,1,19,22,19022,4,2007,"1G6KD57YX7U1","1","G","6","K","D","5","7","Y","X","7","U","1",0,0,0,"000000000","00000000000",0,0,0,1,0,0,0,0,0,0,0,998,0,0,0,1,4,3,8,0,0,0,1,26,48227,6,1,0,0,3,0,63,190,0,0,0,0,0,0,0,0,0,0,0,0,0,0,6,2,55,1,8,2,2,0,0,1,80,8,1,1,13,"777777777777","777777777777","777777777777",0,0
26,260885,1,1,99,27,11,17,39,8,0,1,1,99,9,99,999,99999,99,9999,"999999999999","9","9","9","9","9","9","9","9","9","9","9","9",9,0,0,"000000000","00000000000",0,0,0,1,0,0,0,0,99,0,0,998,0,0,0,99,9,5,8,99,99,0,1,99,99999,9,9,99,9,9,9,999,999,99,99,99,99,99,99,9999,99,9999,9,99,99,99,99,1,2,35,1,8,8,1,0,0,99,80,99,9,9,13,"777777777777","777777777777","777777777777",0,0
26,260886,1,2,1,29,11,22,38,12,2,1,0,26,1,23,471,23471,30,2002,"1GTCS1453281","1","G","T","C","S","1","4","5","3","2","8","1",0,0,0,"000000000","00000000000",0,0,0,1,0,0,0,0,0,0,0,998,0,0,0,12,6,2,12,0,0,0,1,26,49221,6,1,0,0,3,0,71,349,0,0,0,0,0,0,0,0,0,0,28,35,0,0,1,2,55,1,1,2,1,0,0,6,10,99,1,4,50,"777777777777","777777777777","777777777777",1,0