"STATE","ST_CASE","VEH_NO","VE_FORMS","NUMOCCS","DAY","MONTH","HOUR","MINUTE","HARM_EV","MAN_COLL","UNITTYPE","HIT_RUN","REG_STAT","OWNER","MAKE","MODEL","MAK_MOD","BODY_TYP","MOD_YEAR","VIN","VIN_1","VIN_2","VIN_3","VIN_4","VIN_5","VIN_6","VIN_7","VIN_8","VIN_9","VIN_10","VIN_11","VIN_12","TOW_VEH","J_KNIFE","MCARR_I1","MCARR_I2","MCARR_ID","GVWR","V_CONFIG","CARGO_BT","HAZ_INV","HAZ_PLAC","HAZ_ID","HAZ_CNO","HAZ_REL","BUS_USE","SPEC_USE","EMER_USE","TRAV_SP","UNDERIDE","ROLLOVER","ROLINLOC","IMPACT1","DEFORMED","TOWED","M_HARM","VEH_SC1","VEH_SC2","FIRE_EXP","DR_PRES","L_STATE","DR_ZIP","L_STATUS","L_TYPE","CDL_STAT","L_ENDORS","L_COMPL","L_RESTRI","DR_HGT","DR_WGT","PREV_ACC","PREV_SUS","PREV_DWI","PREV_SPD","PREV_OTH","FIRST_MO","FIRST_YR","LAST_MO","LAST_YR","SPEEDREL","DR_SF1","DR_SF2","DR_SF3","DR_SF4","VTRAFWAY","VNUM_LAN","VSPD_LIM","VALIGN","VPROFILE","VPAVETYP","VSURCOND","VTRAFCON","VTCONT_F","P_CRASH1","P_CRASH2","P_CRASH3","PCRASH4","PCRASH5","ACC_TYPE","TRLR1VIN","TRLR2VIN","TRLR3VIN","DEATHS","DR_DRINK"
26,260886,2,2,1,29,11,22,38,12,2,1,0,26,3,20,481,20481,31,2000,"1GCGK23R9YF4","1","G","C","G","K","2","3","R","9","Y","F","4",0,0,0,"000000000","00000000000",0,0,0,1,0,0,0,0,0,0,0,998,0,0,0,12,6,2,12,0,0,0,1,26,49286,6,1,0,0,3,0,71,140,2,0,0,0,1,8,2012,1,2014,0,0,0,0,0,1,2,55,1,1,2,1,0,0,1,62,7,1,4,51,"777777777777","777777777777","777777777777",0,0
26,260887,1,1,1,27,11,8,0,38,0,1,0,26,2,37,32,37032,4,2005,"1HGCM56405A1","1","H","G","C","M","5","6","4","0","5","A","1",0,0,0,"000000000","00000000000",0,0,0,1,0,0,0,0,0,0,0,998,0,0,0,3,6,2,38,0,0,0,1,26,48210,0,0,0,0,0,0,999,999,99,99,99,99,99,99,9999,99,9999,5,0,0,0,0,1,2,35,1,8,8,1,0,0,1,6,99,4,4,7,"777777777777","777777777777","777777777777",1,0
26,260888,1,1,1,28,11,21,57,8,0,1,0,26,2,63,32,63032,6,2013,"KNADM5A30D61","K","N","A","D","M","5","A","3","0","D","6","1",0,0,0,"000000000","00000000000",0,0,0,1,0,0,0,0,0,0,0,998,0,0,0,12,6,2,8,0,0,0,1,26,49423,6,1,0,0,3,0,66,118,0,0,0,0,0,0,0,0,0,0,0,0,0,0,5,5,45,1,1,2,2,0,0,1,80,99,1,1,13,"777777777777","777777777777","777777777777",0,0
26,260889,1,2,1,19,11,16,41,12,1,1,0,26,1,20,404,20404,14,2015,"2GNALBEK3F62","2","G","N","A","L","B","E","K","3","F","6","2",0,0,0,"000000000","00000000000",0,0,0,1,0,0,0,0,0,0,0,998,0,0,0,12,6,2,12,0,0,0,1,26,48187,6,1,0,0,3,3,65,291,0,0,0,0,0,0,0,0,0,0,0,0,0,0,1,2,45,1,1,1,2,0,0,11,15,99,1,1,32,"777777777777","777777777777","777777777777",1,0
26,260889,2,2,1,19,11,16,41,12,1,1,0,26,2,12,402,12402,14,2003,"1FMYU03173KE","1","F","M","Y","U","0","3","1","7","3","K","E",0,0,0,"000000000","00000000000",0,0,0,1,0,0,0,0,0,0,0,998,0,0,0,6,6,2,12,0,0,0,1,26,48170,6,1,0,0,3,0,70,165,0,0,0,0,0,0,0,0,0,0,0,0,0,0,1,2,45,1,1,1,2,0,0,11,53,99,1,1,32,"777777777777","777777777777","777777777777",0,0
26,260890,1,1,1,2,11,15,30,53,0,1,0,26,1,12,471,12471,30,1997,"1FTCR10A7VUD","1","F","T","C","R","1","0","A","7","V","U","D",0,0,0,"000000000","00000000000",0,0,0,1,0,0,0,0,0,0,0,998,0,0,0,12,6,2,42,0,0,0,1,26,49284,6,1,0,0,3,3,70,185,0,0,0,0,0,0,0,0,0,5,0,0,0,0,1,2,55,1,8,8,2,0,0,1,12,99,9,4,6,"777777777777","777777777777","777777777777",1,1
26,260891,1,1,2,3,12,22,45,34,0,1,0,26,2,7,482,7482,31,2011,"3D7UT2CT6BG5","3","D","7","U","T","2","C","T","6","B","G","5",0,0,0,"000000000","00000000000",0,0,0,1,0,0,0,0,0,0,0,998,0,0,0,12,6,2,34,0,0,0,1,26,49725,6,1,0,0,3,0,66,140,1,0,0,0,0,5,2014,5,2014,0,36,58,0,0,1,2,55,1,8,2,1,0,0,1,13,7,1,4,1,"777777777777","777777777777","777777777777",1,1
26,260892,1,1,1,23,11,17,50,8,0,1,0,26,1,20,481,20481,31,1991,"2GCEK19K8M11","2","G","C","E","K","1","9","K","8","M","1","1",0,0,0,"000000000","00000000000",0,0,0,1,0,0,0,0,0,0,0,998,0,0,0,11,4,3,8,0,0,0,1,26,49045,6,1,0,0,3,0,75,230,1,0,0,0,0,11,2014,11,2014,0,0,0,0,0,1,5,30,1,8,8,2,0,0,1,80,16,2,1,13,"777777777777","777777777777","777777777777",0,0
26,260893,1,2,1,4,12,16,8,12,6,1,0,26,1,7,482,7482,31,2012,"3C6UD5ML6CG3","3","C","6","U","D","5","M","L","6","C","G","3",0,0,0,"000000000","00000000000",0,0,0,1,0,0,0,0,0,0,0,998,0,0,0,12,6,2,12,0,0,0,1,26,49067,6,1,0,0,3,0,69,190,1,0,0,0,0,1,2014,1,2014,0,0,0,0,0,1,2,55,1,1,2,10,0,0,1,62,7,1,1,65,"777777777777","777777777777","777777777777",0,0
26,260893,2,2,2,4,12,16,8,12,6,1,0,26,2,18,2,18002,4,2000,"1G4HR54K4YU3","1","G","4","H","R","5","4","K","4","Y","U","3",0,0,0,"000000000","00000000000",0,0,0,1,0,0,0,0,0,0,0,998,0,0,0,9,6,2,12,0,0,0,1,26,49047,6,1,0,0,3,3,70,145,0,0,0,0,0,0,0,0,0,0,28,0,0,0,1,2,55,1,1,2,10,0,0,1,9,99,3,2,64,"777777777777","777777777777","777777777777",2,0
26,260894,1,1,99,15,11,18,25,15,0,1,1,26,5,7,402,7402,14,2002,"1B4HS48N92F1","1","B","4","H","S","4","8","N","9","2","F","1",0,0,0,"000000000","00000000000",0,0,0,1,0,0,0,0,0,0,0,998,0,0,0,12,9,5,15,0,0,0,1,99,99999,9,9,99,9,9,9,999,999,99,99,99,99,99,99,9999,99,9999,9,28,34,0,0,2,2,30,1,8,8,1,3,3,6,83,99,9,1,13,"777777777777","777777777777","777777777777",0,0
26,260895,1,1,1,5,12,8,44,34,0,1,0,26,2,20,401,20401,14,2004,"1GNET16S1461","1","G","N","E","T","1","6","S","1","4","6","1",0,0,0,"000000000","00000000000",0,0,0,1,0,0,0,0,0,0,0,998,0,0,0,12,6,2,42,0,0,0,1,26,49345,6,1,0,0,3,0,67,130,0,0,0,0,0,0,0,0,0,0,99,99,99,99,1,2,55,1,1,2,10,0,0,1,12,99,1,4,6,"777777777777","777777777777","777777777777",1,0
26,260896,1,1,1,4,12,0,51,42,0,1,0,26,2,22,22,22022,4,2007,"1G2ZG58N9742","1","G","2","Z","G","5","8","N","9","7","4","2",0,0,0,"000000000","00000000000",0,0,0,1,0,0,0,0,0,0,0,998,0,0,0,3,6,2,42,0,0,0,1,26,48503,0,0,0,0,0,0,77,235,0,0,0,0,0,0,0,0,0,5,0,0,0,0,2,2,25,1,1,2,1,0,0,1,6,99,4,4,7,"777777777777","777777777777","777777777777",1,0
26,260897,1,2,99,13,11,17,56,8,0,1,1,99,9,99,999,99999,99,9999,"999999999999","9","9","9","9","9","9","9","9","9","9","9","9",0,0,0,"000000000","00000000000",0,0,0,1,0,0,0,0,0,0,0,998,0,0,0,99,9,5,8,99,99,0,1,99,99999,9,9,99,9,9,9,999,999,99,99,99,99,99,99,9999,99,9999,9,99,99,99,99,2,4,55,1,1,2,1,0,0,1,80,99,9,9,13,"777777777777","777777777777","777777777777",0,0
26,260897,2,2,4,13,11,17,56,8,0,1,0,26,2,18,22,18022,4,2016,"1G4GB5GRXGF1","1","G","4","G","B","5","G","R","X","G","F","1",0,0,0,"000000000","00000000000",0,0,0,1,0,0,0,0,0,0,0,998,0,0,0,13,4,3,54,0,0,0,1,26,48197,6,1,0,0,3,3,58,200,0,0,0,0,0,0,0,0,0,0,0,0,0,0,2,4,55,1,1,2,1,0,0,1,98,99,1,1,98,"777777777777","777777777777","777777777777",0,0
26,260898,1,1,2,13,11,17,56,8,0,1,0,26,1,12,422,12422,15,2002,"1FMPU16L52LA","1","F","M","P","U","1","6","L","5","2","L","A",0,0,0,"000000000","00000000000",0,0,0,1,0,0,0,0,0,0,0,998,0,0,0,3,2,5,8,0,0,0,1,26,48186,6,1,0,0,3,0,71,140,2,0,0,0,0,8,2013,6,2016,0,0,0,0,0,2,4,55,1,1,2,1,0,0,1,80,7,1,1,13,"777777777777","777777777777","777777777777",0,0
26,260899,1,1,1,5,12,19,47,8,0,1,0,26,3,12,23,12023,4,2017,"3FA6P0SU2HR1","3","F","A","6","P","0","S","U","2","H","R","1",0,0,0,"000000000","00000000000",0,0,0,1,0,0,0,0,0,0,0,998,0,0,0,12,2,5,8,0,0,0,1,26,48323,6,1,0,0,3,0,73,270,1,0,0,0,1,12,2014,12,2014,0,0,0,0,0,5,5,45,1,1,2,1,0,0,1,80,99,1,1,13,"777777777777","777777777777","777777777777",0,0
26,260900,1,1,1,5,12,14,47,10,0,1,0,26,4,63,441,63441,20,2016,"KNDMB5C19G60","K","N","D","M","B","5","C","1","9","G","6","0",0,0,0,"000000000","00000000000",0,0,0,1,0,0,0,0,0,0,0,998,0,0,0,9,6,2,10,0,0,0,1,8,81506,6,1,0,0,3,0,999,999,0,0,0,1,0,5,2015,5,2015,0,38,0,0,0,1,2,55,1,1,5,2,65,3,1,90,99,1,1,15,"777777777777","777777777777","777777777777",1,0
26,260901,1,1,1,11,10,3,14,18,0,1,0,26,1,7,27,7027,6,2010,"3D4PG5FV7AT2","3","D","4","P","G","5","F","V","7","A","T","2",0,0,0,"000000000","00000000000",0,0,0,1,0,0,0,0,0,0,0,998,5,0,0,12,6,2,14,0,0,0,1,26,48212,6,1,0,0,3,0,66,140,0,0,0,0,0,0,0,0,0,0,0,0,0,0,1,2,35,1,1,2,11,0,0,1,50,99,9,9,15,"777777777777","777777777777","777777777777",1,1
26,260902,1,1,1,4,12,19,30,34,0,1,0,26,1,14,401,14401,14,2002,"4M2ZU86E72ZJ","4","M","2","Z","U","8","6","E","7","2","Z","J",0,0,0,"000000000","00000000000",0,0,0,1,0,0,0,0,0,0,0,998,0,1,5,99,6,2,1,0,0,0,1,26,49930,6,1,0,0,3,0,62,135,1,0,0,0,0,5,2016,5,2016,5,0,0,0,0,1,2,55,1,8,8,3,0,0,1,6,99,4,4,7,"777777777777","777777777777","777777777777",1,0
26,260903,1,1,0,5,12,15,44,8,0,1,0,26,6,12,481,12481,31,1987,"1FTEF14N0HNB","1","F","T","E","F","1","4","N","0","H","N","B",0,0,0,"000000000","00000000000",0,0,0,1,0,0,0,0,0,0,0,998,0,0,0,1,0,3,8,0,0,0,0,0,99997,7,6,97,7,6,7,998,997,998,998,998,998,998,98,9998,98,9998,8,0,0,0,0,1,2,40,1,2,1,1,0,0,0,82,0,0,0,15,"777777777777","777777777777","777777777777",0,0
26,260904,1,2,1,6,12,5,57,12,2,1,0,26,1,12,23,12023,4,2012,"3FAHP0JA0CR4","3","F","A","H","P","0","J","A","0","C","R","4",0,0,0,"000000000","00000000000",0,0,0,1,0,0,0,0,0,0,0,998,0,0,0,12,6,2,12,0,0,0,1,26,49325,6,1,6,0,3,3,72,200,0,0,0,1,0,8,2014,8,2014,0,28,0,0,0,1,4,45,1,1,2,1,0,0,1,10,99,1,2,50,"777777777777","777777777777","777777777777",1,1
26,260904,2,2,1,6,12,5,57,12,2,1,0,26,1,7,482,7482,31,2007,"1D7HU18257S1","1","D","7","H","U","1","8","2","5","7","S","1",0,0,0,"000000000","00000000000",0,0,0,1,0,0,0,0,0,0,0,998,0,0,0,12,6,2,12,0,0,0,1,26,49094,6,1,0,0,3,3,75,190,0,0,0,1,0,12,2012,12,2012,0,0,0,0,0,1,4,45,1,1,2,1,0,0,1,62,99,1,1,51,"777777777777","777777777777","777777777777",0,0
26,260905,1,3,1,5,12,11,18,12,6,1,0,26,1,20,404,20404,14,2015,"2GNALBEK9F62","2","G","N","A","L","B","E","K","9","F","6","2",0,0,0,"000000000","00000000000",0,0,0,1,0,0,0,0,0,0,0,998,0,1,1,12,6,2,12,0,0,0,1,26,48098,6,1,0,0,3,0,73,190,0,0,0,0,0,0,0,0,0,0,39,0,0,0,1,5,45,1,1,1,1,2,3,1,17,99,1,1,86,"777777777777","777777777777","777777777777",1,0
26,260905,2,3,2,5,12,11,18,12,6,1,0,26,2,37,441,37441,20,2013,"5FNRL5H65DB0","5","F","N","R","L","5","H","6","5","D","B","0",0,0,0,"000000000","00000000000",0,0,0,1,0,0,0,0,0,0,0,998,0,0,0,5,4,5,12,0,0,0,1,26,48098,6,1,0,0,3,3,65,155,1,0,0,0,1,2,2015,2,2015,0,0,0,0,0,2,3,98,1,8,8,1,2,3,1,66,99,1,1,87,"777777777777","777777777777","777777777777",0,0
26,260905,3,3,1,5,12,11,18,12,6,1,0,26,1,23,461,23461,21,1997,"1GTFG15W8V10","1","G","T","F","G","1","5","W","8","V","1","0",0,0,0,"000000000","00000000000",0,0,0,1,0,0,0,0,0,0,0,998,0,0,0,3,6,2,12,0,0,0,1,26,48313,6,1,0,0,3,0,72,180,0,0,0,0,0,0,0,0,0,0,0,0,0,0,2,3,98,1,8,8,1,2,3,1,66,99,1,1,98,"777777777777","777777777777","777777777777",0,0
26,260906,1,1,1,6,12,19,0,9,0,1,0,26,1,6,52,6052,6,2010,"3A4GY5F93AT1","3","A","4","G","Y","5","F","9","3","A","T","1",0,0,0,"000000000","00000000000",0,0,0,1,0,0,0,0,0,0,0,998,0,0,0,11,6,2,9,0,0,0,1,26,48114,6,1,0,0,3,0,67,125,1,0,0,0,0,4,2013,4,2013,0,0,0,0,0,5,5,45,1,1,2,2,0,0,1,83,99,1,1,13,"777777777777","777777777777","777777777777",0,0
26,260907,1,2,1,7,12,11,14,12,2,1,0,26,3,12,481,12481,31,2013,"1FTFX1EF0DFC","1","F","T","F","X","1","E","F","0","D","F","C",0,0,0,"000000000","00000000000",0,0,0,1,0,0,0,0,0,0,0,998,0,0,0,12,6,2,12,0,0,0,1,26,48375,6,1,0,0,3,3,72,205,1,0,0,0,0,2,2013,2,2013,0,28,0,0,0,5,3,40,1,1,2,1,0,0,1,10,99,1,2,50,"777777777777","777777777777","777777777777",0,0
26,260907,2,2,1,7,12,11,14,12,2,1,0,26,2,6,441,6441,20,2002,"2C4GP54L82R6","2","C","4","G","P","5","4","L","8","2","R","6",0,0,0,"000000000","00000000000",0,0,0,1,0,0,0,0,0,0,0,998,0,0,0,12,6,2,12,0,0,0,1,26,48329,6,1,0,0,3,0,66,125,1,0,0,0,0,10,2016,10,2016,0,0,0,0,0,5,3,40,1,1,2,1,0,0,1,62,7,1,1,51,"777777777777","777777777777","777777777777",1,0
26,260908,1,1,2,7,12,23,2,9,0,1,0,26,3,7,24,7024,4,2014,"2C3CDXAG9EH3","2","C","3","C","D","X","A","G","9","E","H","3",0,0,0,"000000000","00000000000",0,0,0,1,0,0,0,0,0,5,5,998,0,0,0,1,2,3,9,0,0,0,1,26,48185,6,1,0,0,3,0,72,192,2,0,0,0,0,3,2015,5,2015,0,16,0,0,0,1,2,30,1,8,8,1,2,3,1,83,99,1,1,13,"777777777777","777777777777","777777777777",0,0
26,260909,1,2,1,10,12,23,8,12,2,1,0,26,1,22,20,22020,4,2003,"1G2WP52K83F1","1","G","2","W","P","5","2","K","8","3","F","1",0,0,0,"000000000","00000000000",0,0,0,1,0,0,0,0,0,0,0,998,0,0,0,12,6,2,12,0,0,0,1,26,48507,6,1,0,0,3,0,59,135,0,0,0,0,0,0,0,0,0,0,28,0,0,0,1,2,55,1,1,2,2,0,0,1,10,99,1,2,50,"777777777777","777777777777","777777777777",1,0
26,260909,2,2,1,10,12,23,8,12,2,1,0,26,2,2,405,2405,14,2012,"1C4PJMFK9CW2","1","C","4","P","J","M","F","K","9","C","W","2",0,0,0,"000000000","00000000000",0,0,0,1,0,0,0,0,0,0,0,998,0,0,0,12,6,2,12,0,0,0,1,26,48442,6,1,0,0,3,0,62,140,0,0,0,0,0,0,0,0,0,0,0,0,0,0,1,2,55,1,1,2,2,0,0,1,62,99,1,1,51,"777777777777","777777777777","777777777777",0,0
26,260910,1,2,3,11,12,12,53,12,6,1,0,26,2,52,35,52035,4,2000,"JA3AY26C0YU0","J","A","3","A","Y","2","6","C","0","Y","U","0",0,0,0,"000000000","00000000000",0,0,0,1,0,0,0,0,0,0,0,998,0,0,0,3,6,2,12,0,0,0,1,26,48866,6,1,0,0,3,0,65,170,0,0,0,0,0,0,0,0,0,5,28,87,0,0,1,2,55,1,1,2,3,0,0,1,6,99,4,2,64,"777777777777","777777777777","777777777777",1,0
26,260910,2,2,4,11,12,12,53,12,6,1,0,26,1,12,481,12481,31,2012,"1FT8W3BT5CEC","1","F","T","8","W","3","B","T","5","C","E","C",0,0,0,"000000000","00000000000",0,0,0,1,0,0,0,0,0,0,0,998,0,0,0,12,6,2,12,0,0,0,1,26,48831,6,1,6,0,3,0,72,200,0,0,0,0,0,0,0,0,0,0,0,0,0,0,1,2,55,1,1,2,3,0,0,1,62,99,1,1,65,"777777777777","777777777777","777777777777",0,0
26,260911,1,2,1,11,12,12,18,12,6,1,0,26,1,2,404,2404,14,2005,"1J4HR48N95C5","1","J","4","H","R","4","8","N","9","5","C","5",0,0,0,"000000000","00000000000",0,0,0,1,0,0,0,0,0,0,0,998,0,0,0,9,6,2,12,0,0,0,1,26,49221,6,1,0,0,3,3,63,170,0,0,0,1,0,10,2014,10,2014,5,28,87,0,0,1,2,55,3,1,2,3,0,0,14,6,6,4,4,64,"777777777777","777777777777","777777777777",1,0
26,260911,2,2,1,11,12,12,18,12,6,1,0,26,1,12,481,12481,31,2007,"1FTPW14VX7FB","1","F","T","P","W","1","4","V","X","7","F","B",0,0,0,"000000000","00000000000",0,0,0,1,0,0,0,0,0,0,0,998,0,0,0,12,6,2,12,0,0,0,1,26,49265,6,1,0,0,3,0,71,220,0,0,0,1,0,8,2014,8,2014,0,0,0,0,0,1,2,55,2,1,2,3,0,0,14,62,7,1,4,65,"777777777777","777777777777","777777777777",0,0
26,260912,1,3,1,1,11,3,20,12,1,1,0,26,1,20,461,20461,21,2003,"1GNFH15T7311","1","G","N","F","H","1","5","T","7","3","1","1",0,0,0,"000000000","00000000000",0,0,0,1,0,0,0,0,0,0,0,998,0,1,5,6,6,2,1,0,0,0,1,26,48227,6,1,0,0,3,0,68,168,1,0,0,0,0,4,2016,4,2016,0,0,0,0,0,3,4,70,1,8,8,1,0,0,1,53,1,1,1,25,"777777777777","777777777777","777777777777",0,1
26,260912,2,3,1,1,11,3,20,12,1,1,0,26,4,12,23,12023,4,2017,"3FA6P0K90HR1","3","F","A","6","P","0","K","9","0","H","R","1",0,0,0,"000000000","00000000000",0,0,0,1,0,0,0,0,0,0,0,998,0,0,0,12,6,2,12,0,0,0,1,26,48393,6,1,0,0,3,0,69,265,0,4,0,1,3,5,2012,5,2016,5,6,0,0,0,3,4,70,1,8,8,1,0,0,1,51,99,9,1,24,"777777777777","777777777777","777777777777",0,1
26,260912,3,3,1,1,11,3,20,12,1,1,0,26,2,20,401,20401,14,2004,"1GNET16S2461","1","G","N","E","T","1","6","S","2","4","6","1",0,0,0,"000000000","00000000000",0,0,0,1,0,0,0,0,0,0,0,998,0,2,1,0,6,2,1,32,0,0,1,26,48227,1,1,0,0,2,0,67,180,0,3,0,0,1,3,2012,7,2012,5,0,0,0,0,3,4,70,1,8,8,1,0,0,1,98,6,1,2,98,"777777777777","777777777777","777777777777",1,0
26,260913,1,2,1,9,12,11,0,12,6,1,0,26,2,20,443,20443,20,2003,"1GNDX03E83D1","1","G","N","D","X","0","3","E","8","3","D","1",0,0,0,"000000000","00000000000",0,0,0,1,0,0,0,0,0,0,0,998,0,0,0,9,6,2,12,0,0,0,1,26,48429,6,1,0,0,3,0,64,195,1,0,0,0,0,7,2013,7,2013,0,38,39,0,0,1,2,55,1,8,8,1,20,3,1,17,99,1,1,89,"777777777777","777777777777","777777777777",1,0
26,260913,2,2,1,9,12,11,0,12,6,1,0,26,1,20,461,20461,21,1994,"1GBEG25KXRF1","1","G","B","E","G","2","5","K","X","R","F","1",0,0,0,"000000000","00000000000",0,0,0,1,0,0,0,0,0,0,0,998,0,0,0,12,6,2,12,0,0,0,1,26,48429,6,1,0,0,3,0,70,150,0,0,0,0,0,0,0,0,0,0,0,0,0,0,1,2,55,1,1,2,1,0,0,1,66,99,1,1,88,"777777777777","777777777777","777777777777",0,0
26,260914,1,1,5,10,12,2,44,42,0,1,0,26,1,20,481,20481,31,2003,"2GCEC19T4311","2","G","C","E","C","1","9","T","4","3","1","1",0,0,0,"000000000","00000000000",0,0,0,1,0,0,0,0,0,0,0,998,0,1,1,1,6,2,42,0,0,0,1,26,48022,6,1,0,0,3,0,69,220,0,0,0,0,0,0,0,0,0,5,0,0,0,0,1,2,55,1,1,5,11,0,0,1,13,99,1,4,1,"777777777777","777777777777","777777777777",1,1
26,260915,1,2,1,8,12,9,10,12,2,1,0,26,1,6,441,6441,20,2000,"1C4GP44G5YB5","1","C","4","G","P","4","4","G","5","Y","B","5",0,0,0,"000000000","00000000000",0,0,0,1,0,0,0,0,0,0,0,998,0,0,0,12,6,2,12,0,0,0,1,26,48446,6,1,0,0,3,3,67,159,0,0,0,0,0,0,0,0,0,0,28,0,0,0,1,2,55,1,1,2,1,0,0,1,10,99,1,2,50,"777777777777","777777777777","777777777777",1,0
26,260915,2,2,1,8,12,9,10,12,2,1,0,26,3,7,24,7024,4,2016,"2C3CDXKTXGH2","2","C","3","C","D","X","K","T","X","G","H","2",0,0,0,"000000000","00000000000",0,0,0,1,0,0,0,0,0,5,0,998,0,0,0,12,6,2,12,0,0,0,1,26,48446,6,1,0,0,3,0,70,200,0,0,0,0,0,0,0,0,0,0,16,0,0,0,1,2,55,1,1,2,1,0,0,1,62,99,1,1,51,"777777777777","777777777777","777777777777",0,0
26,260916,1,1,1,8,12,11,50,1,0,1,0,26,1,20,473,20473,30,2007,"1GCDT1991781","1","G","C","D","T","1","9","9","1","7","8","1",0,0,0,"000000000","00000000000",0,0,0,1,0,0,0,0,0,0,0,998,0,2,5,0,4,3,1,0,0,0,1,26,48097,6,1,0,0,3,3,63,158,0,0,0,0,0,0,0,0,0,0,58,0,0,0,1,2,55,1,1,2,1,0,0,1,13,99,1,4,1,"777777777777","777777777777","777777777777",1,0
26,260917,1,1,1,9,12,23,52,8,0,1,1,99,9,99,399,99399,9,9999,"999999999999","9","9","9","9","9","9","9","9","9","9","9","9",9,0,0,"000000000","00000000000",0,0,0,1,0,0,0,0,0,0,0,998,0,0,0,99,9,5,8,0,0,0,1,99,99999,9,9,99,9,9,9,999,999,99,99,99,99,99,99,9999,99,9999,9,99,99,99,99,1,2,40,1,1,1,1,0,0,1,80,99,9,9,13,"777777777777","777777777777","777777777777",0,0
26,260918,1,2,4,10,12,11,25,12,6,1,0,26,1,7,472,7472,30,1995,"1B7GG23X8SW9","1","B","7","G","G","2","3","X","8","S","W","9",0,0,0,"000000000","00000000000",0,0,0,1,0,0,0,0,0,0,0,998,0,1,5,1,6,2,12,0,0,0,1,26,49614,6,1,0,0,3,3,62,165,2,0,0,0,0,8,2014,11,2014,5,28,0,0,0,1,2,55,1,2,2,4,0,0,1,6,99,4,2,64,"777777777777","777777777777","777777777777",1,0
26,260918,2,2,1,10,12,11,25,12,6,1,0,26,1,63,402,63402,14,2016,"5XYPGDA38GG0","5","X","Y","P","G","D","A","3","8","G","G","0",0,0,0,"000000000","00000000000",0,0,0,1,0,0,0,0,0,0,0,998,0,0,0,12,6,2,12,0,0,0,1,26,49643,6,1,0,0,3,3,72,275,0,0,0,0,0,0,0,0,0,0,0,0,0,0,1,2,55,1,2,2,4,0,0,1,62,99,1,1,65,"777777777777","777777777777","777777777777",0,0
26,260919,1,1,1,11,12,1,15,30,0,1,0,26,2,20,25,20025,4,2011,"1G1PC5SH9B72","1","G","1","P","C","5","S","H","9","B","7","2",0,0,0,"000000000","00000000000",0,0,0,1,0,0,0,0,0,0,0,83,0,0,0,12,6,2,30,0,0,0,1,26,48212,6,1,0,0,3,0,71,250,0,1,0,0,2,8,2013,9,2013,0,36,0,0,0,2,3,30,1,8,8,1,0,0,1,12,99,1,4,6,"777777777777","777777777777","777777777777",1,1
26,260920,1,1,2,5,6,22,0,8,0,1,0,26,1,12,481,12481,31,2005,"1FTSW21P25EA","1","F","T","S","W","2","1","P","2","5","E","A",0,0,0,"000000000","00000000000",0,0,0,1,0,0,0,0,0,0,0,998,0,0,0,1,4,3,8,0,0,0,1,26,48003,6,1,0,0,3,0,72,190,0,0,0,0,0,0,0,0,0,0,0,0,0,0,3,2,70,1,1,1,1,0,0,1,80,99,1,1,13,"777777777777","777777777777","777777777777",0,0
26,260921,1,2,1,8,12,9,35,12,6,1,0,26,2,2,403,2403,14,1994,"1J4FY19P3RP4","1","J","4","F","Y","1","9","P","3","R","P","4",0,0,0,"000000000","00000000000",0,0,0,1,0,0,0,0,0,0,0,998,0,0,0,3,6,2,12,0,0,0,1,26,49727,6,1,0,0,3,0,65,140,0,0,0,0,0,0,0,0,0,5,28,87,0,0,1,2,55,2,8,8,4,0,0,14,6,99,4,2,64,"777777777777","777777777777","777777777777",1,1
26,260921,2,2,1,8,12,9,35,12,6,1,0,26,2,7,442,7442,20,2016,"2C4RDGBG5GR3","2","C","4","R","D","G","B","G","5","G","R","3",0,0,0,"000000000","00000000000",0,0,0,1,0,0,0,0,0,0,0,998,0,0,0,12,6,2,12,0,0,0,1,26,48842,6,1,0,0,3,0,76,240,0,0,0,0,0,0,0,0,0,0,0,0,0,0,1,2,55,3,8,8,4,0,0,14,62,9,1,2,65,"777777777777","777777777777","777777777777",0,0
26,260922,1,2,1,6,12,15,41,12,1,1,0,0,0,98,998,98998,95,9999,"000000000000","0","0","0","0","0","0","0","0","0","0","0","0",0,0,0,"000000000","00000000000",0,0,0,1,0,0,0,0,0,0,0,998,0,0,0,6,6,2,12,0,0,0,1,26,49451,6,1,0,0,3,3,69,300,0,0,0,0,0,0,0,0,0,0,0,0,0,0,1,2,55,1,8,8,1,0,0,1,53,1,1,1,25,"777777777777","777777777777","777777777777",1,0
26,260922,2,2,1,6,12,15,41,12,1,1,0,26,1,18,23,18023,4,2009,"1G4HD57MX9U1","1","G","4","H","D","5","7","M","X","9","U","1",0,0,0,"000000000","00000000000",0,0,0,1,0,0,0,0,0,0,0,998,0,0,0,12,2,3,12,0,0,0,1,26,49404,6,1,0,0,3,3,71,280,0,0,0,0,0,0,0,0,0,0,0,0,0,0,1,2,55,1,8,8,1,0,0,1,51,6,1,1,24,"777777777777","777777777777","777777777777",0,0