"STATE","ST_CASE","VEH_NO","VE_FORMS","NUMOCCS","DAY","MONTH","HOUR","MINUTE","HARM_EV","MAN_COLL","UNITTYPE","HIT_RUN","REG_STAT","OWNER","MAKE","MODEL","MAK_MOD","BODY_TYP","MOD_YEAR","VIN","VIN_1","VIN_2","VIN_3","VIN_4","VIN_5","VIN_6","VIN_7","VIN_8","VIN_9","VIN_10","VIN_11","VIN_12","TOW_VEH","J_KNIFE","MCARR_I1","MCARR_I2","MCARR_ID","GVWR","V_CONFIG","CARGO_BT","HAZ_INV","HAZ_PLAC","HAZ_ID","HAZ_CNO","HAZ_REL","BUS_USE","SPEC_USE","EMER_USE","TRAV_SP","UNDERIDE","ROLLOVER","ROLINLOC","IMPACT1","DEFORMED","TOWED","M_HARM","VEH_SC1","VEH_SC2","FIRE_EXP","DR_PRES","L_STATE","DR_ZIP","L_STATUS","L_TYPE","CDL_STAT","L_ENDORS","L_COMPL","L_RESTRI","DR_HGT","DR_WGT","PREV_ACC","PREV_SUS","PREV_DWI","PREV_SPD","PREV_OTH","FIRST_MO","FIRST_YR","LAST_MO","LAST_YR","SPEEDREL","DR_SF1","DR_SF2","DR_SF3","DR_SF4","VTRAFWAY","VNUM_LAN","VSPD_LIM","VALIGN","VPROFILE","VPAVETYP","VSURCOND","VTRAFCON","VTCONT_F","P_CRASH1","P_CRASH2","P_CRASH3","PCRASH4","PCRASH5","ACC_TYPE","TRLR1VIN","TRLR2VIN","TRLR3VIN","DEATHS","DR_DRINK"
26,260957,1,2,2,27,12,17,10,12,2,1,0,26,1,20,2,20002,4,2003,"2G1WF52E1394","2","G","1","W","F","5","2","E","1","3","9","4",0,0,0,"000000000","00000000000",0,0,0,1,0,0,0,0,0,0,0,998,0,1,1,12,8,2,12,0,0,0,1,26,48708,6,1,0,0,3,3,63,220,0,1,1,0,0,8,2016,11,2016,0,51,0,0,0,2,2,70,1,1,1,1,0,0,1,54,99,1,1,52,"777777777777","777777777777","777777777777",1,1
26,260957,2,2,2,27,12,17,10,12,2,1,0,26,1,18,22,18022,4,2017,"1G4ZR5SS1HU1","1","G","4","Z","R","5","S","S","1","H","U","1",0,0,0,"000000000","00000000000",0,0,0,1,0,0,0,0,0,0,0,998,0,0,0,12,8,2,12,0,0,0,1,26,48603,6,1,0,0,3,3,71,180,0,0,0,0,0,0,0,0,0,0,0,0,0,0,2,2,70,1,1,1,1,0,0,1,54,99,1,1,52,"777777777777","777777777777","777777777777",1,0
26,260958,1,1,1,28,12,19,54,8,0,1,1,99,9,99,399,99399,9,9999,"999999999999","9","9","9","9","9","9","9","9","9","9","9","9",0,0,0,"000000000","00000000000",0,0,0,1,0,0,0,0,0,0,0,998,0,0,0,99,9,5,8,0,0,0,1,99,99999,9,9,99,9,9,9,999,999,99,99,99,99,99,99,9999,99,9999,0,99,99,99,99,1,4,35,1,1,2,2,0,0,1,80,99,1,1,13,"777777777777","777777777777","777777777777",0,0
26,260959,1,1,1,29,12,0,10,35,0,1,0,26,1,49,422,49422,15,2004,"5TDBT48A74S2","5","T","D","B","T","4","8","A","7","4","S","2",0,0,0,"000000000","00000000000",0,0,0,1,0,0,0,0,0,0,0,998,0,1,5,99,6,2,1,0,0,0,1,26,49021,6,1,0,0,3,0,65,135,0,0,0,1,0,3,2016,3,2016,0,0,0,0,0,1,2,55,3,1,2,1,0,0,14,12,99,1,4,6,"777777777777","777777777777","777777777777",1,1
26,260960,1,2,1,30,12,8,6,12,2,1,0,26,2,12,481,12481,31,1997,"2FTDF1729VCA","2","F","T","D","F","1","7","2","9","V","C","A",0,0,0,"000000000","00000000000",0,0,0,1,0,0,0,0,0,0,0,998,0,0,0,12,6,2,12,0,0,0,1,26,49236,6,1,0,0,3,0,68,135,1,1,0,1,0,2,2016,8,2016,0,28,0,0,0,1,2,55,1,1,2,1,0,0,1,10,99,1,2,50,"777777777777","777777777777","777777777777",0,0
26,260960,2,2,1,30,12,8,6,12,2,1,0,26,2,20,403,20403,14,2007,"1GNET13M4722","1","G","N","E","T","1","3","M","4","7","2","2",0,0,0,"000000000","00000000000",0,0,0,1,0,0,0,0,0,0,0,998,0,0,0,12,6,2,12,0,0,0,1,26,49267,6,1,0,0,3,3,65,115,0,0,0,0,0,0,0,0,0,0,0,0,0,0,1,2,55,1,1,2,1,0,0,1,62,99,1,1,51,"777777777777","777777777777","777777777777",1,0
26,260961,1,1,1,31,12,4,10,42,0,1,0,26,2,23,422,23422,15,2007,"1GKFK66887J2","1","G","K","F","K","6","6","8","8","7","J","2",0,0,0,"000000000","00000000000",0,0,0,1,0,0,0,0,0,0,0,998,0,0,0,12,6,2,42,0,0,0,1,26,49093,0,0,0,0,0,0,72,205,0,3,1,0,1,3,2013,12,2015,0,99,99,99,99,1,2,40,1,1,2,1,0,0,1,13,99,1,4,1,"777777777777","777777777777","777777777777",1,1
26,260962,1,2,2,29,12,18,19,12,2,1,0,26,2,21,441,21441,20,2002,"1GHDX03E92D1","1","G","H","D","X","0","3","E","9","2","D","1",0,0,0,"000000000","00000000000",0,0,0,1,0,0,0,0,0,0,0,998,0,0,0,12,6,2,12,0,0,0,1,26,49015,6,1,0,0,3,0,71,245,0,0,0,0,0,0,0,0,0,0,28,0,0,0,1,2,55,1,1,2,3,0,0,1,62,1,1,1,51,"777777777777","777777777777","777777777777",1,0
26,260962,2,2,1,29,12,18,19,12,2,1,1,26,2,7,402,7402,14,2002,"1B4HS58N12F1","1","B","4","H","S","5","8","N","1","2","F","1",0,0,0,"000000000","00000000000",0,0,0,1,0,0,0,0,0,0,0,998,0,0,0,12,6,2,12,0,0,0,1,26,49017,3,1,0,0,2,0,61,120,0,0,0,0,0,0,0,0,0,5,28,0,0,0,1,2,55,1,1,2,3,0,0,1,6,99,1,2,50,"777777777777","777777777777","777777777777",0,0
26,260963,1,2,1,31,12,16,49,12,6,1,0,26,2,20,2,20002,4,2005,"1G1ND52F15M1","1","G","1","N","D","5","2","F","1","5","M","1",0,0,0,"000000000","00000000000",0,0,0,1,0,0,0,0,0,0,0,998,0,0,0,3,6,2,12,0,0,0,1,26,49749,6,1,0,0,3,0,70,145,1,0,0,1,0,3,2016,5,2016,5,28,87,0,0,1,2,55,1,2,2,3,0,0,1,6,99,4,2,64,"777777777777","777777777777","777777777777",1,1
26,260963,2,2,3,31,12,16,49,12,6,1,0,26,1,12,481,12481,31,2012,"1FTFW1EF8CKE","1","F","T","F","W","1","E","F","8","C","K","E",0,0,0,"000000000","00000000000",0,0,0,1,0,0,0,0,0,0,0,998,0,0,0,12,6,2,12,0,0,0,1,26,49774,6,1,0,0,3,0,69,135,0,0,0,0,0,0,0,0,0,0,0,0,0,0,1,2,55,1,2,2,3,0,0,1,62,99,1,1,65,"777777777777","777777777777","777777777777",0,1
26,260964,1,2,2,31,12,22,46,12,6,1,0,26,1,12,35,12035,4,1999,"1FAFP66L9XK1","1","F","A","F","P","6","6","L","9","X","K","1",0,0,0,"000000000","00000000000",0,0,0,1,0,0,0,0,0,0,0,998,0,0,0,12,6,2,12,0,0,0,1,26,48015,6,1,6,0,3,3,71,245,1,0,0,0,0,7,2014,7,2014,0,39,0,0,0,1,2,55,1,8,8,1,20,3,1,17,99,1,1,88,"777777777777","777777777777","777777777777",2,0
26,260964,2,2,5,31,12,22,46,12,6,1,0,26,1,12,16,12016,4,2004,"2FAFP74WX4X1","2","F","A","F","P","7","4","W","X","4","X","1",0,0,0,"000000000","00000000000",0,0,0,1,0,0,0,0,0,0,0,998,0,0,0,9,6,2,12,0,0,0,1,26,48858,1,1,0,0,2,0,74,195,0,0,0,0,1,5,2016,5,2016,0,0,0,0,0,1,2,55,1,1,2,1,0,0,1,62,99,1,1,89,"777777777777","777777777777","777777777777",0,0
26,260965,1,2,1,22,12,0,45,12,6,1,0,26,2,19,18,19018,4,2008,"1G6DT57V8801","1","G","6","D","T","5","7","V","8","8","0","1",0,0,0,"000000000","00000000000",0,0,0,1,0,0,0,0,0,0,0,998,0,0,0,12,6,2,12,0,0,0,1,26,49525,2,1,0,0,2,0,73,175,1,1,0,0,1,3,2016,8,2016,0,39,0,0,0,5,5,55,1,8,8,2,1,3,1,17,99,1,1,88,"777777777777","777777777777","777777777777",0,1
26,260965,2,2,1,22,12,0,45,12,6,1,0,26,2,37,402,37402,14,2000,"JHLRD1741YC0","J","H","L","R","D","1","7","4","1","Y","C","0",0,0,0,"000000000","00000000000",0,0,0,1,0,0,0,0,0,0,0,998,0,0,0,9,6,2,12,0,0,0,1,26,49525,6,1,0,0,3,3,64,105,0,0,0,0,0,0,0,0,0,0,0,0,0,0,5,5,55,1,8,8,2,1,3,1,66,99,1,1,89,"777777777777","777777777777","777777777777",1,0
26,260966,1,1,1,24,12,19,24,30,0,1,0,26,1,20,2,20002,4,2006,"2G1WU5818691","2","G","1","W","U","5","8","1","8","6","9","1",0,0,0,"000000000","00000000000",0,0,0,1,0,0,0,0,0,0,0,998,0,0,0,3,6,2,30,0,0,0,1,26,48217,6,1,0,0,3,0,72,171,0,0,0,1,0,8,2013,8,2013,5,0,0,0,0,1,4,45,1,8,8,2,0,0,1,6,99,5,4,6,"777777777777","777777777777","777777777777",1,0
26,260967,1,1,1,28,12,23,40,25,0,1,0,26,2,30,47,30047,3,2002,"3VWED21C52M4","3","V","W","E","D","2","1","C","5","2","M","4",0,0,0,"000000000","00000000000",0,0,0,1,0,0,0,0,0,0,0,998,0,1,5,1,6,2,1,0,0,0,1,26,48234,1,1,0,0,2,0,65,135,0,10,0,0,3,4,2013,1,2016,5,0,0,0,0,3,4,70,3,8,8,2,0,0,1,13,99,1,4,1,"777777777777","777777777777","777777777777",1,0
26,260968,1,2,1,29,12,6,25,12,2,1,0,26,2,12,402,12402,14,2005,"1FMYU04105KC","1","F","M","Y","U","0","4","1","0","5","K","C",0,0,0,"000000000","00000000000",0,0,0,1,0,0,0,0,0,0,0,998,0,0,0,12,6,2,12,0,0,0,1,26,48234,9,9,99,9,9,9,999,999,99,99,99,99,99,99,9999,99,9999,0,28,0,0,0,5,9,35,1,8,8,1,0,0,1,10,99,1,2,50,"777777777777","777777777777","777777777777",1,0
26,260968,2,2,7,29,12,6,25,12,2,1,0,26,3,98,988,98988,51,2014,"5FYD8FV17EC0","5","F","Y","D","8","F","V","1","7","E","C","0",0,0,88,"888888888","88888888888",2,21,22,1,0,0,0,0,4,3,0,998,0,0,0,12,6,2,12,0,0,0,1,26,48089,6,1,6,1,3,0,66,175,0,0,0,0,0,0,0,0,0,0,0,0,0,0,5,9,35,1,8,8,1,0,0,1,62,99,1,1,51,"777777777777","777777777777","777777777777",0,0
26,260969,1,1,1,31,12,12,15,42,0,1,0,26,9,13,2,13002,2,1990,"1LNCM93E2LY7","1","L","N","C","M","9","3","E","2","L","Y","7",0,0,0,"000000000","00000000000",0,0,0,1,0,0,0,0,0,0,0,998,0,0,0,9,6,2,42,0,0,0,1,26,48234,0,0,0,0,0,0,68,150,0,0,0,0,0,0,0,0,0,5,0,0,0,0,1,2,25,1,8,8,1,0,0,1,6,99,3,4,2,"777777777777","777777777777","777777777777",1,0
26,260970,1,1,2,29,12,2,40,8,0,1,0,26,2,20,481,20481,31,2013,"1GCRKPE71DZ1","1","G","C","R","K","P","E","7","1","D","Z","1",0,0,0,"000000000","00000000000",0,0,0,1,0,0,0,0,0,0,0,998,0,0,0,12,0,5,8,0,0,0,1,26,48640,6,1,0,0,3,0,76,170,2,0,0,0,2,5,2014,8,2016,0,36,0,0,0,1,2,55,1,8,8,1,0,0,1,98,99,1,1,13,"777777777777","777777777777","777777777777",0,1
26,260971,1,1,1,30,12,19,12,8,0,1,0,26,1,7,482,7482,31,2016,"1C6RR7LG5GS2","1","C","6","R","R","7","L","G","5","G","S","2",0,0,0,"000000000","00000000000",0,0,0,1,0,0,0,0,0,0,0,998,0,0,0,11,2,3,8,0,0,0,1,26,48506,6,1,0,0,3,3,68,266,1,0,0,0,0,12,2014,12,2014,0,0,0,0,0,5,5,40,1,1,2,1,0,0,1,80,99,1,1,13,"777777777777","777777777777","777777777777",0,0
26,260972,1,1,1,31,12,20,53,53,0,1,0,26,1,37,706,37706,80,1985,"1HFSC1206FA2","1","H","F","S","C","1","2","0","6","F","A","2",0,0,0,"000000000","00000000000",0,0,0,1,0,0,0,0,0,0,0,998,0,0,0,12,6,2,1,0,0,0,1,26,48348,6,1,0,0,3,0,70,195,2,0,0,0,2,3,2015,11,2016,0,99,99,99,99,1,2,25,1,8,4,11,0,0,1,13,99,1,4,1,"777777777777","777777777777","777777777777",1,1
26,260973,1,2,2,13,12,18,9,12,6,1,0,26,1,13,1,13001,4,2011,"2LNBL8CV8BX7","2","L","N","B","L","8","C","V","8","B","X","7",0,0,0,"000000000","00000000000",0,0,0,1,0,0,0,0,0,0,0,998,0,0,0,1,6,2,12,0,0,0,1,26,48032,6,1,0,0,3,0,71,254,1,0,0,0,0,2,2013,2,2013,0,38,0,0,0,2,2,98,1,8,8,2,0,0,11,15,99,1,1,68,"777777777777","777777777777","777777777777",1,0
26,260973,2,2,1,13,12,18,9,12,6,1,0,26,1,19,18,19018,4,2004,"1G6DM5779401","1","G","6","D","M","5","7","7","9","4","0","1",0,0,0,"000000000","00000000000",0,0,0,1,0,0,0,0,0,0,0,998,0,0,0,12,6,2,12,0,0,0,1,26,48450,6,1,6,0,3,3,69,200,1,0,0,0,0,1,2012,1,2012,0,0,0,0,0,1,2,98,1,8,8,2,0,0,1,62,99,1,1,69,"777777777777","777777777777","777777777777",0,0
26,260974,1,3,1,24,12,0,15,12,7,1,0,26,2,20,37,20037,4,2016,"1G1ZE5ST7GF2","1","G","1","Z","E","5","S","T","7","G","F","2",0,0,0,"000000000","00000000000",0,0,0,1,0,0,0,0,0,0,0,998,0,0,0,10,6,2,12,0,0,0,1,26,48238,6,1,0,0,3,0,72,200,0,3,0,1,1,5,2013,7,2013,5,36,0,0,0,1,4,30,1,8,8,2,0,0,1,10,99,1,2,44,"777777777777","777777777777","777777777777",1,1
26,260974,2,3,1,24,12,0,15,12,7,1,0,26,1,20,404,20404,14,2007,"2CNDL23F7760","2","C","N","D","L","2","3","F","7","7","6","0",0,0,0,"000000000","00000000000",0,0,0,1,0,0,0,0,0,0,0,998,0,0,0,1,4,3,12,0,0,0,1,26,48223,0,0,0,0,0,0,63,145,1,6,0,1,0,5,2013,4,2015,0,99,99,99,99,1,4,30,1,8,8,2,0,0,1,60,99,1,1,45,"777777777777","777777777777","777777777777",0,0
26,260974,3,3,1,24,12,0,15,12,7,1,0,26,1,12,422,12422,15,2007,"1FMFK205X7LA","1","F","M","F","K","2","0","5","X","7","L","A",0,0,0,"000000000","00000000000",0,0,0,1,0,0,0,0,0,0,0,998,0,0,0,12,6,2,12,0,0,0,1,26,48235,6,1,0,0,3,3,66,160,0,0,0,0,0,0,0,0,0,0,99,99,99,99,1,4,30,1,8,8,2,0,0,1,62,99,1,1,98,"777777777777","777777777777","777777777777",0,0
26,260975,1,3,1,20,12,16,13,12,2,1,0,26,1,12,23,12023,4,2012,"3FAHP0HA4CR1","3","F","A","H","P","0","H","A","4","C","R","1",0,0,0,"000000000","00000000000",0,0,0,1,0,0,0,0,0,0,0,998,0,0,0,12,6,2,12,0,0,0,1,26,48170,6,1,0,0,3,0,64,177,0,0,0,0,0,0,0,0,0,0,28,36,0,0,5,5,40,1,1,1,1,0,0,1,10,99,1,2,50,"777777777777","777777777777","777777777777",0,0
26,260975,2,3,1,20,12,16,13,12,2,1,0,26,1,14,443,14443,20,2002,"4M2ZV12T22DJ","4","M","2","Z","V","1","2","T","2","2","D","J",0,0,0,"000000000","00000000000",0,0,0,1,0,0,0,0,0,0,0,0,0,0,0,12,6,2,12,0,0,0,1,26,48186,6,1,0,0,3,3,65,295,0,0,0,0,0,0,0,0,0,0,0,0,0,0,5,5,40,1,1,1,1,0,0,5,54,1,1,1,98,"777777777777","777777777777","777777777777",1,0
26,260975,3,3,1,20,12,16,13,12,2,1,1,99,9,99,499,99499,48,9999,"999999999999","9","9","9","9","9","9","9","9","9","9","9","9",0,0,0,"000000000","00000000000",0,0,0,1,0,0,0,0,0,0,0,998,0,0,0,12,4,5,12,0,0,0,1,99,99999,9,9,99,9,9,9,999,999,99,99,99,99,99,99,9999,99,9999,9,99,99,99,99,5,5,40,1,1,1,1,0,0,1,62,99,1,1,51,"777777777777","777777777777","777777777777",0,0
26,260976,1,3,1,29,12,16,0,12,6,1,0,26,1,20,23,20023,6,2008,"3GNCA33D48S6","3","G","N","C","A","3","3","D","4","8","S","6",0,0,0,"000000000","00000000000",0,0,0,1,0,0,0,0,0,0,0,998,0,0,0,12,6,2,12,0,0,0,1,26,48048,6,1,0,0,3,3,72,185,1,0,0,0,1,5,2016,12,2016,0,39,0,0,0,5,5,45,1,8,8,1,2,3,1,62,99,1,1,69,"777777777777","777777777777","777777777777",0,0
26,260976,2,3,2,29,12,16,0,12,6,1,0,26,1,6,441,6441,20,2014,"2C4RC1CG7ER3","2","C","4","R","C","1","C","G","7","E","R","3",0,0,0,"000000000","00000000000",0,0,0,1,0,0,0,0,0,0,0,998,0,0,0,3,6,2,12,0,0,0,1,26,48152,6,1,0,0,3,0,70,198,1,0,0,0,0,7,2013,7,2013,0,0,0,0,0,5,5,45,1,8,8,1,2,3,11,15,99,1,1,68,"777777777777","777777777777","777777777777",1,0
26,260976,3,3,2,29,12,16,0,12,6,1,0,26,1,6,441,6441,20,2015,"2C4RC1CG8FR6","2","C","4","R","C","1","C","G","8","F","R","6",0,0,0,"000000000","00000000000",0,0,0,1,0,0,0,0,0,0,0,0,0,0,0,12,2,5,12,0,0,0,1,26,48038,6,1,0,0,3,0,73,210,0,0,0,0,0,0,0,0,0,0,0,0,0,0,1,4,98,1,8,8,1,2,3,5,62,1,1,1,98,"777777777777","777777777777","777777777777",0,0
26,260977,1,2,1,28,12,14,36,12,6,1,0,26,1,42,42,42042,4,2006,"WDBRF92H56F7","W","D","B","R","F","9","2","H","5","6","F","7",0,0,0,"000000000","00000000000",0,0,0,1,0,0,0,0,0,0,0,998,0,0,0,1,4,3,12,0,0,0,1,26,48126,6,1,0,0,3,0,60,160,0,0,0,1,1,10,2016,10,2016,0,38,0,0,0,1,4,25,1,8,8,1,2,3,1,66,1,1,1,87,"777777777777","777777777777","777777777777",0,0
26,260977,2,2,1,28,12,14,36,12,6,1,0,26,0,98,709,98709,81,9999,"999999999999","9","9","9","9","9","9","9","9","9","9","9","9",0,0,0,"000000000","00000000000",0,0,0,1,0,0,0,0,0,0,0,998,0,0,0,12,6,2,12,0,0,0,1,26,48126,0,0,0,0,0,0,66,175,0,0,0,0,0,0,0,0,0,0,0,0,0,0,1,2,25,1,8,8,1,2,3,1,66,99,1,1,86,"777777777777","777777777777","777777777777",1,0
26,260978,1,2,1,3,12,0,39,12,6,1,0,26,1,37,421,37421,15,2004,"2HKYF18494H5","2","H","K","Y","F","1","8","4","9","4","H","5",0,0,0,"000000000","00000000000",0,0,0,1,0,0,0,0,0,0,0,998,0,0,0,12,6,2,12,0,0,0,1,26,49464,6,1,0,0,3,0,70,210,0,0,0,0,0,0,0,0,0,0,39,0,0,0,2,4,35,1,8,1,1,2,3,1,17,99,1,1,86,"777777777777","777777777777","777777777777",0,0
26,260978,2,2,1,3,12,0,39,12,6,1,0,26,2,20,38,20038,10,2006,"1GCES14H46B1","1","G","C","E","S","1","4","H","4","6","B","1",0,0,0,"000000000","00000000000",0,0,0,1,0,0,0,0,0,0,0,998,0,0,0,1,6,2,12,0,0,0,1,26,48911,6,1,0,0,3,3,68,182,0,2,0,0,0,6,2015,8,2015,0,39,0,0,0,4,4,98,1,8,8,1,2,3,1,66,99,1,1,87,"777777777777","777777777777","777777777777",1,0
26,260979,1,1,1,24,12,9,38,20,0,1,0,26,2,13,1,13001,4,1998,"1LNFM83W5WY6","1","L","N","F","M","8","3","W","5","W","Y","6",0,0,0,"000000000","00000000000",0,0,0,1,0,0,0,0,0,0,0,998,0,0,0,12,6,2,20,0,0,0,1,26,48234,6,1,0,0,3,0,71,240,0,0,0,0,0,0,0,0,0,0,99,99,99,99,3,3,55,1,8,8,2,0,0,1,13,99,1,4,1,"777777777777","777777777777","777777777777",1,0
26,260980,1,1,1,7,12,11,10,43,0,1,0,26,1,20,482,20482,31,2012,"3GNTKFE79CG3","3","G","N","T","K","F","E","7","9","C","G","3",0,0,0,"000000000","00000000000",0,0,0,1,0,0,0,0,0,0,0,998,0,0,0,12,6,2,43,0,0,0,1,26,48393,6,1,0,0,3,0,73,250,2,0,0,0,1,9,2016,10,2016,0,0,0,0,0,1,2,25,1,8,8,1,20,3,1,14,99,1,4,14,"777777777777","777777777777","777777777777",1,0
26,260981,1,3,2,28,11,21,13,12,7,1,0,26,1,12,16,12016,4,2009,"2FAHP71V99X1","2","F","A","H","P","7","1","V","9","9","X","1",0,0,0,"000000000","00000000000",0,0,0,1,0,0,0,0,0,0,0,998,0,0,0,1,6,2,12,0,0,0,1,26,48089,6,1,0,0,3,3,74,160,0,0,0,0,0,0,0,0,0,5,36,0,0,0,5,5,40,1,8,8,2,0,0,1,11,99,1,2,44,"777777777777","777777777777","777777777777",1,1
26,260981,2,3,2,28,11,21,13,12,7,1,0,26,1,12,402,12402,14,2015,"1FMCU9GX3FUC","1","F","M","C","U","9","G","X","3","F","U","C",0,0,0,"000000000","00000000000",0,0,0,1,0,0,0,0,0,0,0,998,0,0,0,11,2,3,12,0,0,0,1,26,48080,6,1,0,0,3,0,66,310,0,0,0,0,0,0,0,0,0,0,0,0,0,0,5,5,40,1,8,8,2,0,0,1,61,99,1,1,45,"777777777777","777777777777","777777777777",0,0
26,260981,3,3,1,28,11,21,13,12,7,1,0,26,1,20,481,20481,31,2016,"1GCVKPEC0GZ3","1","G","C","V","K","P","E","C","0","G","Z","3",0,0,0,"000000000","00000000000",0,0,0,1,0,0,0,0,0,0,0,998,0,0,0,12,6,2,12,0,0,0,1,26,48089,6,1,0,0,3,3,76,265,0,0,0,0,0,0,0,0,0,0,0,0,0,0,5,5,40,1,8,8,2,0,0,1,62,99,1,1,98,"777777777777","777777777777","777777777777",0,0
26,260982,1,2,1,11,11,0,31,12,2,1,0,26,1,12,3,12003,2,2012,"1ZVBP8CF8C52","1","Z","V","B","P","8","C","F","8","C","5","2",0,0,0,"000000000","00000000000",0,0,0,1,0,0,0,0,0,0,0,998,0,0,0,12,6,2,12,0,0,0,1,26,48126,6,1,0,0,3,3,71,155,1,12,0,4,5,2,2013,6,2016,5,38,0,0,0,5,7,40,1,8,8,1,2,3,1,62,99,1,1,69,"777777777777","777777777777","777777777777",1,0
26,260982,2,2,2,11,11,0,31,12,2,1,0,26,2,12,24,12024,6,2010,"2FMDK3GC0ABB","2","F","M","D","K","3","G","C","0","A","B","B",0,0,0,"000000000","00000000000",0,0,0,1,0,0,0,0,0,0,0,998,0,0,0,12,6,2,12,0,0,0,1,26,48126,6,1,0,0,3,0,65,132,0,0,0,0,0,0,0,0,0,0,0,0,0,0,5,7,40,1,8,8,1,0,0,11,15,99,1,1,68,"777777777777","777777777777","777777777777",0,0
26,260983,1,1,1,5,8,21,20,15,0,1,1,99,9,99,399,99399,9,9999,"999999999999","9","9","9","9","9","9","9","9","9","9","9","9",0,0,0,"000000000","00000000000",0,0,0,1,0,0,0,0,0,0,0,998,0,0,0,99,9,5,15,0,0,0,1,99,99999,9,9,99,9,9,9,999,999,99,99,99,99,99,99,9999,99,9999,9,0,0,0,0,1,2,30,1,8,8,1,0,0,1,80,99,9,9,13,"777777777777","777777777777","777777777777",0,0
26,260985,1,3,1,8,12,10,5,12,6,1,0,26,1,23,401,23401,14,2006,"1GKDT13S4622","1","G","K","D","T","1","3","S","4","6","2","2",0,0,0,"000000000","00000000000",0,0,0,1,0,0,0,0,0,0,0,998,0,0,0,11,2,3,12,0,0,0,1,26,49519,6,1,0,0,3,3,59,120,1,0,0,1,0,9,2013,4,2016,5,0,0,0,0,2,3,98,1,8,8,3,2,3,10,16,99,1,2,74,"777777777777","777777777777","777777777777",0,0
26,260985,2,3,0,8,12,10,5,12,6,1,0,26,6,12,17,12017,4,2011,"1FAHP2EW4BG1","1","F","A","H","P","2","E","W","4","B","G","1",0,0,0,"000000000","00000000000",0,0,0,1,0,0,0,0,0,0,0,0,0,0,0,7,6,2,12,0,0,0,0,0,99997,7,6,97,7,6,7,998,997,998,998,998,998,998,98,9998,98,9998,8,0,0,0,0,5,5,45,1,1,1,3,2,3,0,67,0,0,0,74,"777777777777","777777777777","777777777777",0,0
26,260985,3,3,1,8,12,10,5,12,6,1,0,17,3,98,884,98884,66,2003,"2FZBA3AN53AL","2","F","Z","B","A","3","A","N","5","3","A","L",1,1,57,"000075806","57000075806",3,6,1,1,0,0,0,0,0,0,0,0,0,0,0,7,0,5,12,0,0,0,1,26,49423,6,1,6,0,3,3,73,210,0,0,0,0,0,0,0,0,0,0,0,0,0,0,5,5,45,1,1,1,3,0,0,5,61,1,1,1,98,"888888888888","777777777777","777777777777",0,0
26,260986,1,1,4,26,5,23,37,5,0,1,0,0,0,98,998,98998,95,1999,"000000000000","0","0","0","0","0","0","0","0","0","0","0","0",0,0,0,"000000000","00000000000",0,0,0,1,0,0,0,0,0,0,0,998,0,0,0,0,0,5,5,0,0,0,1,8,80210,6,1,0,0,3,0,76,220,0,0,0,0,0,0,0,0,0,0,0,0,0,0,1,2,25,4,8,2,1,0,0,14,98,99,9,9,0,"777777777777","777777777777","777777777777",1,1
26,260987,1,2,3,30,7,19,59,12,6,1,1,26,2,19,24,19024,4,2015,"1G6AG5RX4F01","1","G","6","A","G","5","R","X","4","F","0","1",0,0,0,"000000000","00000000000",0,0,0,1,0,0,0,0,0,0,0,998,0,0,0,12,4,3,12,0,0,0,1,26,48855,6,1,0,0,3,0,67,160,1,3,1,1,2,3,2012,11,2015,0,38,0,0,0,1,4,98,1,8,8,1,4,3,4,17,99,1,1,88,"777777777777","777777777777","777777777777",0,1
26,260987,2,2,1,30,7,19,59,12,6,1,0,26,1,20,461,20461,29,1999,"1GBFG15R7X10","1","G","B","F","G","1","5","R","7","X","1","0",0,0,0,"000000000","00000000000",0,0,0,1,0,0,0,0,0,0,0,998,0,0,0,9,6,2,12,0,0,0,1,26,48420,9,9,99,9,9,9,999,999,99,99,99,99,99,99,9999,99,9999,0,0,0,0,0,1,3,55,1,8,8,1,4,3,1,66,99,1,1,89,"777777777777","777777777777","777777777777",1,0
26,260988,1,1,1,9,3,19,55,8,0,1,0,26,1,7,442,7442,20,2012,"2C4RDGCG7CR4","2","C","4","R","D","G","C","G","7","C","R","4",0,0,0,"000000000","00000000000",0,0,0,1,0,0,0,0,0,0,0,998,0,0,0,12,6,2,8,0,0,0,1,26,49829,6,1,0,0,3,0,68,150,0,0,0,0,0,0,0,0,0,0,0,0,0,0,1,2,55,1,2,2,1,0,0,1,80,99,1,1,13,"777777777777","777777777777","777777777777",0,0
26,260989,1,2,1,15,3,5,26,12,2,1,0,26,1,20,481,20481,31,2009,"1GCHK49K09E1","1","G","C","H","K","4","9","K","0","9","E","1",0,0,0,"000000000","00000000000",0,0,0,1,0,0,0,0,0,0,0,998,0,0,0,12,4,3,12,0,0,0,1,26,49657,6,1,0,0,3,0,71,160,0,0,0,0,0,0,0,0,0,0,0,0,0,0,1,2,55,1,8,8,1,0,0,1,62,1,1,1,51,"777777777777","777777777777","777777777777",0,0