"STATE","ST_CASE","VEH_NO","VE_FORMS","NUMOCCS","DAY","MONTH","HOUR","MINUTE","HARM_EV","MAN_COLL","UNITTYPE","HIT_RUN","REG_STAT","OWNER","MAKE","MODEL","MAK_MOD","BODY_TYP","MOD_YEAR","VIN","VIN_1","VIN_2","VIN_3","VIN_4","VIN_5","VIN_6","VIN_7","VIN_8","VIN_9","VIN_10","VIN_11","VIN_12","TOW_VEH","J_KNIFE","MCARR_I1","MCARR_I2","MCARR_ID","GVWR","V_CONFIG","CARGO_BT","HAZ_INV","HAZ_PLAC","HAZ_ID","HAZ_CNO","HAZ_REL","BUS_USE","SPEC_USE","EMER_USE","TRAV_SP","UNDERIDE","ROLLOVER","ROLINLOC","IMPACT1","DEFORMED","TOWED","M_HARM","VEH_SC1","VEH_SC2","FIRE_EXP","DR_PRES","L_STATE","DR_ZIP","L_STATUS","L_TYPE","CDL_STAT","L_ENDORS","L_COMPL","L_RESTRI","DR_HGT","DR_WGT","PREV_ACC","PREV_SUS","PREV_DWI","PREV_SPD","PREV_OTH","FIRST_MO","FIRST_YR","LAST_MO","LAST_YR","SPEEDREL","DR_SF1","DR_SF2","DR_SF3","DR_SF4","VTRAFWAY","VNUM_LAN","VSPD_LIM","VALIGN","VPROFILE","VPAVETYP","VSURCOND","VTRAFCON","VTCONT_F","P_CRASH1","P_CRASH2","P_CRASH3","PCRASH4","PCRASH5","ACC_TYPE","TRLR1VIN","TRLR2VIN","TRLR3VIN","DEATHS","DR_DRINK"
27,270022,2,2,1,28,1,20,38,12,2,1,0,27,2,12,17,12017,4,2002,"1FAHP56S42G1","1","F","A","H","P","5","6","S","4","2","G","1",0,0,0,"000000000","00000000000",0,0,0,1,0,0,0,0,0,0,0,55,0,0,0,12,6,2,12,0,0,0,1,27,55922,6,2,0,0,3,1,64,108,0,0,0,0,0,0,0,0,0,0,0,0,0,0,1,2,55,3,6,2,1,0,0,14,62,9,1,1,51,"777777777777","777777777777","777777777777",1,0
27,270023,1,2,1,30,1,2,56,12,6,1,0,27,2,37,31,37031,4,2002,"1HGEM21972L0","1","H","G","E","M","2","1","9","7","2","L","0",0,0,0,"000000000","00000000000",0,0,0,1,0,0,0,0,0,0,0,0,0,0,0,3,6,2,12,0,0,0,1,27,55040,4,1,0,0,2,0,65,150,0,4,0,1,3,10,2011,3,2015,0,54,0,0,0,3,2,70,1,1,1,4,0,0,5,98,1,1,2,48,"777777777777","777777777777","777777777777",1,0
27,270023,2,2,1,30,1,2,56,12,6,1,0,27,4,49,442,49442,20,2016,"5TDYK3DC8GS6","5","T","D","Y","K","3","D","C","8","G","S","6",0,0,0,"000000000","00000000000",0,0,0,1,0,0,0,0,0,0,0,998,0,0,0,12,6,2,12,0,0,0,1,6,90277,6,1,0,0,3,3,79,250,0,0,0,0,0,0,0,0,0,9,0,0,0,0,3,2,70,1,1,1,4,0,0,1,50,99,1,1,48,"777777777777","777777777777","777777777777",0,0
27,270024,1,2,1,30,1,21,32,12,2,1,0,27,1,49,482,49482,31,2004,"5TBDT44154S4","5","T","B","D","T","4","4","1","5","4","S","4",0,0,0,"000000000","00000000000",0,0,0,1,0,0,0,0,0,0,0,998,0,1,1,12,6,2,12,0,0,0,1,27,55972,6,1,0,0,3,0,61,140,1,0,0,0,0,3,2014,3,2014,3,6,36,0,0,1,2,55,2,1,2,2,0,0,6,10,99,1,2,52,"777777777777","777777777777","777777777777",0,0
27,270024,2,2,2,30,1,21,32,12,2,1,0,27,1,20,2,20002,4,2005,"2G1WH55K3592","2","G","1","W","H","5","5","K","3","5","9","2",0,0,0,"000000000","00000000000",0,0,0,1,0,0,0,0,0,0,0,55,0,0,0,12,6,2,12,0,0,0,1,27,55904,1,2,0,0,2,0,66,155,0,2,1,0,0,12,2014,8,2015,9,36,0,0,0,1,2,55,3,1,2,2,0,0,14,54,15,1,1,52,"777777777777","777777777777","777777777777",1,0
27,270025,1,2,1,2,2,12,40,12,6,1,0,27,1,49,403,49403,14,2015,"5TDDKRFH2FS0","5","T","D","D","K","R","F","H","2","F","S","0",0,0,0,"000000000","00000000000",0,0,0,1,0,0,0,0,0,0,0,998,0,0,0,12,6,2,12,0,0,0,1,27,55014,6,1,0,0,3,0,74,240,0,0,0,0,0,0,0,0,0,0,0,0,0,0,2,2,65,3,3,8,3,0,0,14,62,99,1,1,62,"777777777777","777777777777","777777777777",0,0
27,270025,2,2,1,2,2,12,40,12,6,1,0,27,3,20,401,20401,14,1999,"1GNDT13W3X21","1","G","N","D","T","1","3","W","3","X","2","1",0,0,0,"000000000","00000000000",0,0,0,1,0,0,0,0,0,0,0,998,0,0,0,2,6,2,12,0,0,0,1,27,55444,6,1,0,0,3,0,72,170,0,0,0,0,0,0,0,0,0,4,36,0,0,0,2,2,65,2,3,8,3,0,0,14,10,1,9,2,62,"777777777777","777777777777","777777777777",1,0
27,270026,1,1,1,2,2,16,43,8,0,1,0,27,3,12,481,12481,31,2008,"1FTWX31R38ED","1","F","T","W","X","3","1","R","3","8","E","D",0,0,0,"000000000","00000000000",0,0,0,1,0,0,0,0,0,0,0,998,0,0,0,12,0,3,8,0,0,0,1,27,55068,6,1,0,0,3,0,71,240,0,0,0,0,0,0,0,0,0,0,0,0,0,0,4,3,30,1,1,8,3,2,3,11,15,1,1,1,13,"777777777777","777777777777","777777777777",0,0
27,270027,1,2,1,5,2,5,54,12,6,1,0,27,1,20,499,20499,15,2002,"3GNEK13T12G2","3","G","N","E","K","1","3","T","1","2","G","2",0,0,0,"000000000","00000000000",0,0,0,1,0,0,0,0,0,0,0,998,0,0,0,9,6,2,12,0,0,0,1,27,55319,6,1,0,0,3,1,75,215,0,1,1,0,0,1,2013,1,2013,9,39,0,0,0,1,2,55,1,1,2,1,20,3,1,17,99,1,1,89,"777777777777","777777777777","777777777777",0,0
27,270027,2,2,1,5,2,5,54,12,6,1,0,27,1,7,422,7422,15,2004,"1D4HB48D74F1","1","D","4","H","B","4","8","D","7","4","F","1",0,0,0,"000000000","00000000000",0,0,0,1,0,0,0,0,0,0,0,998,0,0,0,12,6,2,12,0,0,0,1,27,55302,6,1,0,0,3,1,66,220,0,0,0,0,0,0,0,0,0,9,0,0,0,0,2,2,65,1,1,2,1,0,0,1,66,1,1,1,88,"777777777777","777777777777","777777777777",1,0
27,270028,1,2,2,5,2,6,46,12,2,1,0,27,1,37,31,37031,2,1998,"1HGEJ8245WL0","1","H","G","E","J","8","2","4","5","W","L","0",0,0,0,"000000000","00000000000",0,0,0,1,0,0,0,0,0,0,0,55,0,0,0,12,6,2,12,0,0,0,1,27,55912,6,1,0,0,3,0,68,230,0,0,0,0,0,0,0,0,0,9,99,99,99,99,1,2,55,1,1,2,1,0,0,1,10,1,1,2,50,"777777777777","777777777777","777777777777",2,0
27,270028,2,2,1,5,2,6,46,12,2,1,0,27,2,6,441,6441,20,2009,"2A8HR54149R5","2","A","8","H","R","5","4","1","4","9","R","5",0,0,0,"000000000","00000000000",0,0,0,1,0,0,0,0,0,0,0,998,0,0,0,12,6,2,12,0,0,0,1,27,55917,6,1,0,0,3,0,66,220,0,0,0,0,0,0,0,0,0,0,0,0,0,0,1,2,55,1,1,2,1,0,0,1,62,99,1,1,51,"777777777777","777777777777","777777777777",1,0
27,270029,1,1,1,6,2,13,33,42,0,1,0,27,1,12,481,12481,31,2013,"1FTFW1ET6DFC","1","F","T","F","W","1","E","T","6","D","F","C",0,0,0,"000000000","00000000000",0,0,0,1,0,0,0,0,0,0,0,998,0,0,0,12,6,2,42,0,0,0,1,27,56017,6,1,0,0,3,0,68,210,0,0,0,2,0,9,2013,7,2015,9,87,0,0,0,1,2,98,1,1,2,3,0,0,1,5,16,4,4,7,"777777777777","777777777777","777777777777",1,0
27,270030,1,1,3,9,2,17,50,1,0,1,0,27,1,7,482,7482,40,2014,"1C6RR7FT6ES3","1","C","6","R","R","7","F","T","6","E","S","3",0,0,0,"000000000","00000000000",0,0,0,1,0,0,0,0,0,0,0,55,0,1,6,0,6,2,1,0,0,0,1,27,55303,6,1,0,0,3,0,63,170,0,0,0,0,0,0,0,0,0,9,99,99,99,99,2,2,50,3,1,8,1,0,0,14,13,1,1,4,1,"777777777777","777777777777","777777777777",1,0
27,270031,1,1,1,10,2,9,42,38,0,1,0,55,3,82,881,82881,66,2015,"3AKJGLD52FSG","3","A","K","J","G","L","D","5","2","F","S","G",1,1,57,"46811","5746811",3,6,1,1,0,0,0,0,0,0,0,70,0,0,0,12,6,2,2,0,0,1,1,55,54950,6,1,6,0,3,1,72,250,0,0,0,0,0,0,0,0,0,0,99,99,99,99,3,3,70,3,1,1,1,0,0,14,13,1,1,4,1,"888888888888","777777777777","777777777777",1,0
27,270032,1,1,1,10,2,14,28,25,0,1,0,27,1,2,404,2404,14,1993,"1J4GZ58S4PC6","1","J","4","G","Z","5","8","S","4","P","C","6",0,0,0,"000000000","00000000000",0,0,0,1,0,0,0,0,0,0,0,80,0,1,5,12,6,2,25,0,0,1,1,27,55405,6,1,0,0,3,1,72,190,0,0,0,0,1,4,2013,4,2013,3,39,0,0,0,1,2,40,1,1,2,1,20,3,1,14,99,1,4,14,"777777777777","777777777777","777777777777",1,1
27,270033,1,1,1,13,2,0,35,38,0,1,0,27,4,13,14,13014,6,2016,"2LMTJ8KR7GBL","2","L","M","T","J","8","K","R","7","G","B","L",0,0,0,"000000000","00000000000",0,0,0,1,0,0,0,0,0,0,0,90,0,1,6,12,6,2,42,0,0,1,1,27,55102,4,1,0,0,2,0,72,185,1,2,2,1,0,7,2014,9,2015,9,99,99,99,99,1,2,50,3,1,8,1,0,0,14,13,1,1,4,1,"777777777777","777777777777","777777777777",1,1
27,270034,1,2,3,14,2,18,37,12,6,1,0,27,2,37,32,37032,2,2003,"1HGCM66563A0","1","H","G","C","M","6","6","5","6","3","A","0",0,0,0,"000000000","00000000000",0,0,0,1,0,0,0,0,0,0,0,998,0,0,0,2,6,2,12,0,0,0,1,27,55421,6,1,0,0,3,0,65,160,1,0,0,0,0,7,2014,7,2014,9,87,0,0,0,2,2,50,1,1,8,3,0,0,1,5,9,4,6,66,"777777777777","777777777777","777777777777",1,0
27,270034,2,2,1,14,2,18,37,12,6,1,0,27,1,12,402,12402,14,2006,"1FMYU03196KA","1","F","M","Y","U","0","3","1","9","6","K","A",0,0,0,"000000000","00000000000",0,0,0,1,0,0,0,0,0,0,0,998,0,0,0,12,6,2,12,0,0,0,1,27,55421,6,1,0,0,3,0,71,180,0,0,0,0,0,0,0,0,0,9,0,0,0,0,2,2,50,1,1,8,3,0,0,1,64,99,1,1,66,"777777777777","777777777777","777777777777",0,0
27,270035,1,1,7,14,2,20,13,1,0,1,0,27,3,23,421,23421,15,2002,"1GKEK13Z62R3","1","G","K","E","K","1","3","Z","6","2","R","3",0,0,0,"000000000","00000000000",0,0,0,1,0,0,0,0,0,0,0,65,0,1,6,0,6,2,1,0,0,0,1,27,55106,6,1,0,0,3,0,71,224,0,0,0,0,0,0,0,0,0,4,0,0,0,0,2,2,70,1,1,1,4,0,0,1,5,6,3,4,2,"777777777777","777777777777","777777777777",1,0
27,270036,1,2,1,15,2,7,45,12,6,1,0,27,1,12,23,12023,4,2007,"3FAHP08187R1","3","F","A","H","P","0","8","1","8","7","R","1",0,0,0,"000000000","00000000000",0,0,0,1,0,0,0,0,0,0,0,55,0,0,0,3,6,2,12,0,0,0,1,27,55431,6,1,0,0,3,0,73,160,0,0,0,0,0,0,0,0,0,9,87,58,0,0,1,2,55,1,1,8,2,0,0,99,5,1,4,6,66,"777777777777","777777777777","777777777777",1,0
27,270036,2,2,1,15,2,7,45,12,6,1,0,27,1,19,3,19003,4,2001,"1G6KF579X1U1","1","G","6","K","F","5","7","9","X","1","U","1",0,0,0,"000000000","00000000000",0,0,0,1,0,0,0,0,0,0,0,998,0,0,0,12,6,2,12,0,0,0,1,27,55313,6,1,0,0,3,0,64,180,0,0,0,0,0,0,0,0,0,9,0,0,0,0,1,2,55,1,1,8,2,0,0,1,62,99,1,1,66,"777777777777","777777777777","777777777777",0,0
27,270037,1,1,1,16,2,17,25,8,0,1,1,99,9,99,999,99999,99,9999,"999999999999","9","9","9","9","9","9","9","9","9","9","9","9",0,0,0,"000000000","00000000000",0,0,0,1,0,0,0,0,99,99,9,999,0,0,0,5,9,5,8,99,99,0,1,99,99999,9,9,99,9,9,9,999,999,99,99,99,99,99,99,9999,99,9999,9,99,99,99,99,1,2,30,1,1,8,1,0,0,1,80,99,1,9,13,"777777777777","777777777777","777777777777",0,0
27,270039,1,2,1,17,2,19,28,12,6,1,0,27,1,6,51,6051,4,2006,"2C3KA53G76H4","2","C","3","K","A","5","3","G","7","6","H","4",0,0,0,"000000000","00000000000",0,0,0,1,0,0,0,0,0,0,0,998,0,0,0,12,6,2,8,0,0,0,1,27,55316,6,1,0,0,3,0,67,155,1,0,0,0,0,5,2014,5,2014,9,0,0,0,0,2,4,55,1,6,2,1,0,0,1,50,99,1,1,98,"777777777777","777777777777","777777777777",0,1
27,270039,2,2,1,17,2,19,28,12,6,1,0,27,6,51,401,51401,14,2003,"YV1CM91H4310","Y","V","1","C","M","9","1","H","4","3","1","0",0,0,0,"000000000","00000000000",0,0,0,1,0,0,0,0,0,0,0,0,0,0,0,2,6,2,12,0,0,0,0,0,99997,7,6,97,7,6,7,998,997,998,998,998,998,998,98,9998,98,9998,8,0,0,0,0,2,4,55,1,6,2,1,0,0,0,98,0,0,0,98,"777777777777","777777777777","777777777777",1,0
27,270040,1,2,1,18,2,11,59,12,6,1,0,95,3,84,884,84884,66,2008,"2HSCWAPRX8C5","2","H","S","C","W","A","P","R","X","8","C","5",1,1,57,"2154889","572154889",3,6,1,1,0,0,0,0,0,0,0,25,0,0,0,83,4,3,12,0,0,0,1,95,0,6,1,6,0,3,0,999,999,99,99,99,99,99,99,9999,99,9999,0,28,77,87,0,1,2,55,1,1,2,4,0,0,1,5,99,2,2,64,"1GRAA0622CB7","777777777777","777777777777",0,0
27,270040,2,2,1,18,2,11,59,12,6,1,0,27,2,20,481,20481,31,1989,"1GCDC14Z3KE1","1","G","C","D","C","1","4","Z","3","K","E","1",0,0,0,"000000000","00000000000",0,0,0,1,0,0,0,0,0,0,0,999,1,0,0,12,6,2,12,0,0,0,1,27,55967,4,1,0,0,2,0,72,210,0,0,0,0,0,0,0,0,0,9,0,0,0,0,1,2,55,1,1,2,4,0,0,1,62,99,1,1,65,"777777777777","777777777777","777777777777",1,0
27,270041,1,1,1,19,2,17,28,8,0,1,0,27,1,14,17,14017,4,1996,"1MELM50UXTA6","1","M","E","L","M","5","0","U","X","T","A","6",0,0,0,"000000000","00000000000",0,0,0,1,0,0,0,0,0,0,0,998,0,0,0,1,0,5,8,0,0,0,1,27,55008,6,1,0,0,3,1,64,149,0,0,0,0,0,0,0,0,0,0,0,0,0,0,1,2,30,1,1,8,3,0,0,8,80,99,1,9,13,"777777777777","777777777777","777777777777",0,0
27,270042,1,1,1,20,2,8,59,41,0,1,0,27,2,7,41,7041,4,2004,"2B3HD46R54H6","2","B","3","H","D","4","6","R","5","4","H","6",0,0,0,"000000000","00000000000",0,0,0,1,0,0,0,0,0,0,0,998,0,1,5,12,6,2,1,0,0,0,1,27,56479,6,1,0,0,3,0,72,146,0,0,0,0,0,0,0,0,0,9,99,99,99,99,1,2,60,3,1,2,1,20,3,14,13,99,1,4,1,"777777777777","777777777777","777777777777",1,0
27,270043,1,1,1,23,2,23,48,8,0,1,0,27,1,49,40,49040,4,1998,"4T1BF28K9WU0","4","T","1","B","F","2","8","K","9","W","U","0",0,0,0,"000000000","00000000000",0,0,0,1,0,0,0,0,0,0,0,998,0,0,0,12,4,3,8,0,0,0,1,27,55378,6,1,0,0,3,0,64,130,1,0,0,1,2,1,2015,10,2015,0,0,0,0,0,2,2,55,1,1,2,1,0,0,1,80,1,1,1,13,"777777777777","777777777777","777777777777",0,0
27,270044,1,2,1,24,2,21,43,12,6,1,0,27,1,18,2,18002,4,1999,"1G4HP52K5XH4","1","G","4","H","P","5","2","K","5","X","H","4",0,0,0,"000000000","00000000000",0,0,0,1,0,0,0,0,0,0,0,10,0,0,0,2,6,2,12,0,0,0,1,27,56345,6,1,0,0,3,1,65,122,0,0,0,0,0,0,0,0,0,0,38,0,0,0,1,2,55,1,4,8,1,20,3,1,17,1,1,1,87,"777777777777","777777777777","777777777777",1,0
27,270044,2,2,1,24,2,21,43,12,6,1,0,27,1,7,482,7482,31,2000,"1B7KF2367YJ1","1","B","7","K","F","2","3","6","7","Y","J","1",0,0,0,"000000000","00000000000",0,0,0,1,0,0,0,0,0,0,0,55,0,0,0,12,6,2,12,0,0,0,1,27,56364,6,1,0,0,3,1,74,195,0,0,0,0,0,0,0,0,0,0,0,0,0,0,1,2,55,1,6,8,1,0,0,1,66,16,2,1,86,"777777777777","777777777777","777777777777",0,0
27,270045,1,1,1,26,2,8,54,1,0,1,0,27,1,20,402,20402,14,2002,"2CNBJ13C6269","2","C","N","B","J","1","3","C","6","2","6","9",0,0,0,"000000000","00000000000",0,0,0,1,0,0,0,0,0,0,0,998,0,1,5,0,6,2,1,0,0,0,1,27,55021,6,1,0,0,3,0,64,260,0,0,0,1,0,6,2013,6,2013,0,58,0,0,0,1,2,55,3,1,1,1,0,0,14,11,8,4,4,7,"777777777777","777777777777","777777777777",1,0
27,270046,1,2,1,29,2,18,47,35,0,1,0,55,2,12,23,12023,4,2010,"3FAHP0JG9AR1","3","F","A","H","P","0","J","G","9","A","R","1",0,0,0,"000000000","00000000000",0,0,0,1,0,0,0,0,0,0,0,0,0,0,0,13,6,2,12,0,0,0,1,55,54016,6,1,0,0,3,0,62,115,0,0,0,3,0,12,2013,2,2016,0,0,0,0,0,1,2,98,1,1,2,1,20,3,5,98,1,1,1,98,"777777777777","777777777777","777777777777",1,0
27,270046,2,2,1,29,2,18,47,35,0,1,0,55,2,47,35,47035,1,2008,"YS3FH71UX860","Y","S","3","F","H","7","1","U","X","8","6","0",0,0,0,"000000000","00000000000",0,0,0,1,0,0,0,0,0,0,0,998,0,0,0,12,6,2,12,0,0,0,1,8,80501,6,2,0,0,3,0,74,186,0,0,0,0,0,0,0,0,0,9,0,0,0,0,1,2,98,1,1,2,1,0,0,1,12,99,1,4,6,"777777777777","777777777777","777777777777",0,0
27,270047,1,2,1,2,3,15,48,12,2,1,0,27,1,49,40,49040,4,2007,"4T1BE46K67U5","4","T","1","B","E","4","6","K","6","7","U","5",0,0,0,"000000000","00000000000",0,0,0,1,0,0,0,0,0,0,0,55,0,0,0,12,6,2,12,0,0,0,1,27,55122,6,1,0,0,3,0,66,150,0,0,0,0,0,0,0,0,0,9,28,0,0,0,1,2,55,1,1,2,1,0,0,1,10,1,1,2,50,"777777777777","777777777777","777777777777",1,0
27,270047,2,2,1,2,3,15,48,12,2,1,0,93,3,84,884,84884,66,2016,"3HSDJAPRXGN1","3","H","S","D","J","A","P","R","X","G","N","1",1,1,57,"146060","57146060",3,6,11,1,0,0,0,0,0,0,0,998,0,0,0,12,6,2,12,0,0,0,1,17,62326,6,1,6,0,3,0,69,220,0,1,0,1,1,3,2014,4,2015,0,0,0,0,0,1,2,55,1,1,2,1,0,0,1,62,16,1,1,51,"888888888888","777777777777","777777777777",0,0
27,270048,1,2,1,4,3,16,35,12,8,1,0,19,1,20,2,20002,4,2006,"2G1WC5816693","2","G","1","W","C","5","8","1","6","6","9","3",0,0,0,"000000000","00000000000",0,0,0,1,0,0,0,0,0,0,0,55,0,0,0,11,6,2,12,0,0,0,1,19,52136,6,1,0,0,3,0,67,260,0,0,0,0,0,0,0,0,0,9,28,0,0,0,1,2,55,1,1,2,2,0,0,1,10,1,1,2,64,"777777777777","777777777777","777777777777",1,0
27,270048,2,2,1,4,3,16,35,12,8,1,0,93,3,82,881,82881,66,2009,"1FUJGLDR49LA","1","F","U","J","G","L","D","R","4","9","L","A",1,1,57,"544457","57544457",3,6,98,1,0,0,0,0,0,0,0,998,0,0,0,10,6,2,12,0,0,0,1,19,50644,6,1,6,0,3,0,70,185,0,1,1,0,1,7,2011,12,2014,0,0,0,0,0,1,2,55,1,1,2,2,0,0,1,62,7,1,4,65,"888888888888","777777777777","777777777777",0,0
27,270049,1,1,1,2,3,2,45,8,0,1,1,27,2,6,42,6042,4,2000,"2C3HC56G9YH1","2","C","3","H","C","5","6","G","9","Y","H","1",0,0,0,"000000000","00000000000",0,0,0,1,0,0,0,0,0,0,0,998,0,0,0,12,6,2,8,0,0,0,1,27,56345,6,1,0,0,2,0,71,180,1,4,1,0,0,7,2011,12,2012,9,51,0,0,0,1,2,30,1,1,8,1,0,0,1,80,99,1,4,13,"777777777777","777777777777","777777777777",0,1
27,270050,1,1,1,5,3,7,42,42,0,1,0,27,1,2,405,2405,14,2002,"1J4GL58K82W1","1","J","4","G","L","5","8","K","8","2","W","1",0,0,0,"000000000","00000000000",0,0,0,1,0,0,0,0,0,0,0,50,0,1,5,9,6,2,42,0,0,0,1,27,55110,6,1,0,0,3,1,60,117,0,0,0,1,0,7,2013,7,2013,9,87,0,0,0,1,2,50,2,6,2,4,0,0,14,5,99,3,4,2,"777777777777","777777777777","777777777777",1,0
27,270051,1,1,1,6,3,2,51,42,0,1,0,27,2,7,442,7442,20,2014,"2C4RDGCG6ER2","2","C","4","R","D","G","C","G","6","E","R","2",0,0,0,"000000000","00000000000",0,0,0,1,0,0,0,0,0,0,0,110,0,0,0,12,6,2,42,0,0,0,1,27,55443,6,1,0,0,3,2,73,190,1,3,2,0,0,4,2012,8,2014,3,6,74,0,0,8,8,98,8,8,8,1,97,8,1,6,1,1,4,6,"777777777777","777777777777","777777777777",1,1
27,270052,1,2,2,6,3,12,45,12,6,1,0,27,1,18,2,18002,4,1998,"1G4HP52K9WH5","1","G","4","H","P","5","2","K","9","W","H","5",0,0,0,"000000000","00000000000",0,0,0,1,0,0,0,0,0,0,0,30,0,0,0,3,6,2,12,0,0,0,1,27,56744,6,1,0,0,3,0,63,153,0,0,0,0,0,0,0,0,0,0,39,0,0,0,1,5,30,1,1,8,1,3,3,1,17,1,1,1,87,"777777777777","777777777777","777777777777",1,0
27,270052,2,2,2,6,3,12,45,12,6,1,0,27,1,20,880,20880,67,2006,"1GCJK33D86F2","1","G","C","J","K","3","3","D","8","6","F","2",0,0,88,"888888888","88888888888",2,1,97,1,0,0,0,0,0,0,0,998,0,0,0,12,6,2,12,0,0,0,1,27,55744,6,1,0,0,3,0,72,170,1,0,0,0,0,11,2012,11,2012,0,0,0,0,0,1,5,30,1,1,8,1,3,3,1,66,99,1,1,86,"777777777777","777777777777","777777777777",0,0
27,270053,1,2,2,7,3,15,10,12,6,1,0,27,1,72,706,72706,82,2015,"1HD1MAL12FB8","1","H","D","1","M","A","L","1","2","F","B","8",0,0,0,"000000000","00000000000",0,0,0,1,0,0,0,0,0,0,0,998,0,0,0,12,6,2,12,0,0,0,1,27,55432,6,1,0,0,3,1,69,260,0,3,0,4,2,5,2011,3,2016,5,39,0,0,0,2,2,45,1,1,8,1,3,3,1,17,1,1,1,88,"777777777777","777777777777","777777777777",2,0
27,270053,2,2,2,7,3,15,10,12,6,1,0,27,2,7,442,7442,20,2012,"2C4RDGCG0CR1","2","C","4","R","D","G","C","G","0","C","R","1",0,0,0,"000000000","00000000000",0,0,0,1,0,0,0,0,0,0,0,998,0,0,0,9,6,2,12,0,0,0,1,27,55432,6,1,0,0,3,1,66,300,0,0,0,0,0,0,0,0,0,0,0,0,0,0,1,2,30,1,1,8,1,3,3,4,66,99,1,1,89,"777777777777","777777777777","777777777777",0,0
27,270054,1,1,2,9,3,1,54,14,0,1,0,27,1,12,16,12016,4,2008,"2FAHP71V48X1","2","F","A","H","P","7","1","V","4","8","X","1",0,0,0,"000000000","00000000000",0,0,0,1,0,0,0,0,0,0,0,94,0,0,0,12,6,2,14,0,0,0,1,27,55448,6,1,0,0,3,0,69,180,0,0,0,0,0,0,0,0,0,3,91,0,0,0,2,3,65,3,5,2,1,0,0,14,13,1,1,4,11,"777777777777","777777777777","777777777777",1,1
27,270055,1,1,1,12,3,9,20,15,0,1,0,27,2,7,472,7472,31,2005,"1D3HW58N85S2","1","D","3","H","W","5","8","N","8","5","S","2",0,0,0,"000000000","00000000000",0,0,0,1,0,0,0,0,0,0,0,998,0,0,0,12,6,2,15,0,0,0,1,27,55313,6,1,0,0,3,1,64,230,0,0,0,0,0,0,0,0,0,9,36,28,0,0,2,3,55,1,1,2,1,0,0,15,80,99,1,2,13,"777777777777","777777777777","777777777777",0,0
27,270056,1,1,3,17,3,23,35,1,0,1,0,27,1,12,481,12481,31,2015,"1FTEW1EF8FFA","1","F","T","E","W","1","E","F","8","F","F","A",0,0,0,"000000000","00000000000",0,0,0,1,0,0,0,0,0,0,0,77,0,1,5,0,6,2,1,0,0,0,1,27,56601,6,1,0,0,3,0,71,182,0,0,0,2,0,7,2013,10,2015,3,6,91,0,0,1,2,55,1,1,2,2,0,0,1,13,1,1,4,1,"777777777777","777777777777","777777777777",1,1
27,270057,1,1,1,13,3,9,25,35,0,1,0,27,2,12,37,12037,3,2001,"3FAFP31351R2","3","F","A","F","P","3","1","3","5","1","R","2",0,0,0,"000000000","00000000000",0,0,0,1,0,0,0,0,0,0,0,998,0,1,5,12,6,2,35,0,0,1,1,27,55355,6,2,0,0,3,1,70,170,0,0,0,0,0,0,0,0,0,9,28,0,0,0,1,2,55,1,1,8,2,0,0,1,13,1,1,4,1,"777777777777","777777777777","777777777777",1,0
27,270058,1,1,2,20,3,20,53,42,0,1,0,27,2,20,401,20401,14,2001,"1GNDT13W8121","1","G","N","D","T","1","3","W","8","1","2","1",0,0,0,"000000000","00000000000",0,0,0,1,0,0,0,0,0,0,0,998,0,0,0,12,6,2,42,0,0,0,1,27,55032,6,1,0,0,3,0,70,160,1,0,0,2,0,12,2014,9,2015,9,99,99,99,99,1,2,55,3,1,8,1,0,0,14,13,99,1,4,1,"777777777777","777777777777","777777777777",1,0
27,270059,1,1,1,22,3,23,27,32,0,1,0,27,2,21,23,21023,4,2001,"1G3WX52H81F1","1","G","3","W","X","5","2","H","8","1","F","1",0,0,0,"000000000","00000000000",0,0,0,1,0,0,0,0,0,0,0,998,0,1,5,99,6,2,1,0,0,0,1,27,56678,4,1,0,0,2,0,72,190,0,1,0,0,0,3,2013,3,2013,9,99,99,99,99,1,2,55,1,1,8,1,0,0,1,13,1,1,4,1,"777777777777","777777777777","777777777777",1,1
27,270060,1,1,1,14,3,5,13,42,0,1,0,27,1,37,32,37032,3,1993,"2HGEH2352PH5","2","H","G","E","H","2","3","5","2","P","H","5",0,0,0,"000000000","00000000000",0,0,0,1,0,0,0,0,0,0,0,55,0,0,0,12,6,2,42,0,0,0,1,27,55371,6,1,0,0,3,0,70,170,1,0,0,3,1,9,2012,11,2015,0,81,0,0,0,1,2,55,2,1,8,2,0,0,14,90,6,9,4,7,"777777777777","777777777777","777777777777",1,0
27,270061,1,1,2,23,3,8,30,34,0,1,0,27,1,18,401,18401,14,2005,"3G5DB03E55S5","3","G","5","D","B","0","3","E","5","5","S","5",0,0,0,"000000000","00000000000",0,0,0,1,0,0,0,0,0,0,0,998,0,1,5,12,6,2,42,0,0,0,1,46,56172,6,1,0,0,3,0,65,165,0,0,1,0,2,5,2013,8,2014,9,99,99,99,99,1,2,55,1,1,8,1,0,0,99,99,7,9,4,10,"777777777777","777777777777","777777777777",1,0