"STATE","ST_CASE","VEH_NO","VE_FORMS","NUMOCCS","DAY","MONTH","HOUR","MINUTE","HARM_EV","MAN_COLL","UNITTYPE","HIT_RUN","REG_STAT","OWNER","MAKE","MODEL","MAK_MOD","BODY_TYP","MOD_YEAR","VIN","VIN_1","VIN_2","VIN_3","VIN_4","VIN_5","VIN_6","VIN_7","VIN_8","VIN_9","VIN_10","VIN_11","VIN_12","TOW_VEH","J_KNIFE","MCARR_I1","MCARR_I2","MCARR_ID","GVWR","V_CONFIG","CARGO_BT","HAZ_INV","HAZ_PLAC","HAZ_ID","HAZ_CNO","HAZ_REL","BUS_USE","SPEC_USE","EMER_USE","TRAV_SP","UNDERIDE","ROLLOVER","ROLINLOC","IMPACT1","DEFORMED","TOWED","M_HARM","VEH_SC1","VEH_SC2","FIRE_EXP","DR_PRES","L_STATE","DR_ZIP","L_STATUS","L_TYPE","CDL_STAT","L_ENDORS","L_COMPL","L_RESTRI","DR_HGT","DR_WGT","PREV_ACC","PREV_SUS","PREV_DWI","PREV_SPD","PREV_OTH","FIRST_MO","FIRST_YR","LAST_MO","LAST_YR","SPEEDREL","DR_SF1","DR_SF2","DR_SF3","DR_SF4","VTRAFWAY","VNUM_LAN","VSPD_LIM","VALIGN","VPROFILE","VPAVETYP","VSURCOND","VTRAFCON","VTCONT_F","P_CRASH1","P_CRASH2","P_CRASH3","PCRASH4","PCRASH5","ACC_TYPE","TRLR1VIN","TRLR2VIN","TRLR3VIN","DEATHS","DR_DRINK"
27,270062,1,1,1,26,3,3,31,42,0,1,0,27,2,20,471,20471,30,2000,"1GCCS1443YK1","1","G","C","C","S","1","4","4","3","Y","K","1",0,0,0,"000000000","00000000000",0,0,0,1,0,0,0,0,0,0,0,55,0,0,0,12,6,2,42,0,0,0,1,27,55330,6,1,0,0,3,1,69,170,0,0,0,0,0,0,0,0,0,0,99,99,99,99,1,2,55,1,1,2,2,0,0,1,12,1,1,4,6,"777777777777","777777777777","777777777777",1,0
27,270063,1,1,1,15,3,19,42,8,0,1,0,27,1,20,481,20481,31,2000,"1GNEC13R2YR1","1","G","N","E","C","1","3","R","2","Y","R","1",0,0,0,"000000000","00000000000",0,0,0,1,0,0,0,0,0,0,0,998,0,0,0,12,4,3,8,0,0,0,1,27,55406,6,1,0,0,3,1,67,185,0,0,0,0,0,0,0,0,0,9,99,99,99,99,2,2,98,1,5,8,2,0,0,1,80,99,1,1,13,"777777777777","777777777777","777777777777",0,0
27,270065,1,1,1,29,3,5,43,9,0,1,0,27,1,24,2,24002,2,2001,"1G8ZY12751Z2","1","G","8","Z","Y","1","2","7","5","1","Z","2",0,0,0,"000000000","00000000000",0,0,0,1,0,0,0,0,0,0,0,998,0,0,0,12,4,3,9,0,0,0,1,27,56377,6,1,0,0,3,1,68,240,0,0,0,0,1,4,2013,4,2013,9,0,0,0,0,2,2,60,1,1,2,1,0,0,1,83,99,1,1,13,"777777777777","777777777777","777777777777",0,0
27,270066,1,1,1,16,3,6,30,8,0,1,0,27,2,37,31,37031,4,2007,"2HGFA16537H3","2","H","G","F","A","1","6","5","3","7","H","3",0,0,0,"000000000","00000000000",0,0,0,1,0,0,0,0,0,0,0,40,0,0,0,12,4,3,8,0,0,0,1,27,55443,6,1,0,0,3,1,67,145,0,0,0,0,0,0,0,0,0,0,0,0,0,0,2,2,45,1,1,8,1,0,0,1,80,1,1,1,13,"777777777777","777777777777","777777777777",0,0
27,270067,1,2,1,31,3,12,50,12,6,1,0,27,1,48,401,48401,14,2007,"JF1SG63617H7","J","F","1","S","G","6","3","6","1","7","H","7",0,0,0,"000000000","00000000000",0,0,0,1,0,0,0,0,0,0,0,55,0,0,0,11,6,2,12,0,0,0,1,27,56001,6,1,0,0,3,1,61,150,1,0,0,1,0,9,2013,11,2013,9,99,99,99,99,1,2,55,2,1,2,1,0,0,14,54,7,1,2,66,"777777777777","777777777777","777777777777",1,0
27,270067,2,2,2,31,3,12,50,12,6,1,0,27,3,7,482,7482,40,2013,"1C6RR7FG1DS6","1","C","6","R","R","7","F","G","1","D","S","6",1,1,0,"000000000","00000000000",0,0,0,1,0,0,0,0,0,0,0,998,0,0,0,12,6,2,12,0,0,0,1,27,56003,6,1,6,0,3,0,71,280,1,1,0,3,0,4,2013,10,2015,0,0,0,0,0,1,2,55,3,1,2,1,0,0,14,54,6,1,1,66,"888888888888","777777777777","777777777777",0,0
27,270068,1,1,1,31,3,20,20,1,0,1,0,27,1,24,1,24001,4,2002,"1G8ZS52872Z2","1","G","8","Z","S","5","2","8","7","2","Z","2",0,0,0,"000000000","00000000000",0,0,0,1,0,0,0,0,0,0,0,998,0,1,6,0,6,2,1,0,0,0,1,27,56158,6,1,6,0,3,0,72,197,0,0,0,0,0,0,0,0,0,9,99,99,99,99,1,2,55,1,1,8,2,0,0,1,12,1,1,4,6,"777777777777","777777777777","777777777777",1,1
27,270069,1,5,1,1,4,8,30,12,6,1,1,27,1,34,34,34034,4,2006,"WBAVB33506PS","W","B","A","V","B","3","3","5","0","6","P","S",0,0,0,"000000000","00000000000",0,0,0,1,0,0,0,0,0,0,0,998,0,0,0,12,6,2,12,0,0,0,1,27,55068,6,1,0,0,3,0,71,180,0,1,1,0,1,12,2013,2,2014,3,51,39,0,0,2,2,50,1,1,8,1,2,3,1,17,1,1,1,88,"777777777777","777777777777","777777777777",0,1
27,270069,2,5,1,1,4,8,30,12,6,1,0,27,2,49,40,49040,4,1992,"4T1SK12EXNU0","4","T","1","S","K","1","2","E","X","N","U","0",0,0,0,"000000000","00000000000",0,0,0,1,0,0,0,0,0,0,0,50,0,0,0,9,6,2,12,0,0,0,1,27,55044,6,1,0,0,3,0,66,180,0,0,0,0,0,0,0,0,0,0,0,0,0,0,2,2,50,1,1,8,98,3,3,1,66,1,1,1,89,"777777777777","777777777777","777777777777",1,0
27,270069,3,5,1,1,4,8,30,12,6,1,0,27,1,54,421,54421,15,2008,"2HNYD28608H5","2","H","N","Y","D","2","8","6","0","8","H","5",0,0,0,"000000000","00000000000",0,0,0,1,0,0,0,0,0,0,0,0,0,0,0,12,6,2,12,0,0,0,1,27,55044,6,1,0,0,3,1,65,135,1,0,0,0,0,4,2013,4,2013,0,0,0,0,0,2,2,50,1,1,8,1,3,3,5,54,1,1,1,98,"777777777777","777777777777","777777777777",0,0
27,270069,4,5,1,1,4,8,30,12,6,1,0,27,1,20,481,20481,31,2009,"1GCEC19049Z1","1","G","C","E","C","1","9","0","4","9","Z","1",0,0,0,"000000000","00000000000",0,0,0,1,0,0,0,0,0,0,0,0,0,0,0,12,2,5,12,0,0,0,1,27,55379,6,1,0,0,3,0,74,195,0,0,0,0,1,9,2015,9,2015,0,0,0,0,0,2,2,50,1,1,8,1,3,3,5,66,1,1,1,98,"777777777777","777777777777","777777777777",0,0
27,270069,5,5,1,1,4,8,30,12,6,1,0,27,3,85,881,85881,66,1996,"1XKAD69X7TR6","1","X","K","A","D","6","9","X","7","T","R","6",1,1,57,"2302837","572302837",3,6,4,1,0,0,0,0,0,0,0,0,0,0,0,12,2,5,12,0,0,0,1,27,55337,6,1,6,0,3,0,71,225,1,0,0,1,1,1,2013,1,2016,0,0,0,0,0,2,2,50,1,1,8,1,3,3,1,54,1,1,1,98,"999999999999","777777777777","777777777777",0,0
27,270070,1,1,1,2,4,17,0,17,0,1,0,27,2,98,734,98734,90,2003,"4XACH50A83A7","4","X","A","C","H","5","0","A","8","3","A","7",0,0,0,"000000000","00000000000",0,0,0,1,0,0,0,0,0,0,0,35,0,0,0,14,4,3,42,0,0,0,1,27,56252,0,0,0,0,0,0,999,999,0,0,0,0,0,0,0,0,0,4,52,58,0,0,1,2,30,3,5,2,1,0,0,14,6,1,9,4,2,"777777777777","777777777777","777777777777",1,0
27,270071,1,1,2,12,4,14,33,59,0,1,0,27,1,20,401,20401,14,2000,"1GNDT13W4Y23","1","G","N","D","T","1","3","W","4","Y","2","3",0,0,0,"000000000","00000000000",0,0,0,1,0,0,0,0,0,0,0,50,0,1,5,12,6,2,1,0,0,0,1,27,55732,6,1,0,0,3,0,64,160,0,1,1,0,1,6,2012,5,2013,0,58,0,0,0,1,2,55,3,6,2,1,0,0,14,13,6,1,4,1,"777777777777","777777777777","777777777777",2,0
27,270072,1,1,1,14,4,1,20,30,0,1,0,27,2,12,17,12017,4,2000,"1FAFP55U0YG2","1","F","A","F","P","5","5","U","0","Y","G","2",0,0,0,"000000000","00000000000",0,0,0,1,0,0,0,0,0,0,0,998,0,0,0,8,4,3,30,0,0,0,1,27,55803,0,0,0,0,0,0,71,200,1,11,0,0,0,6,2014,11,2015,9,51,0,0,0,2,2,30,1,5,8,1,0,0,1,12,1,1,4,6,"777777777777","777777777777","777777777777",1,0
27,270073,1,2,1,3,4,12,28,12,6,1,0,27,1,20,441,20441,20,1993,"1GCDM19Z9PB1","1","G","C","D","M","1","9","Z","9","P","B","1",0,0,0,"000000000","00000000000",0,0,0,1,0,0,0,0,0,0,0,998,0,0,0,12,6,2,12,0,0,0,1,27,55790,6,1,0,0,3,1,59,126,0,0,0,0,0,0,0,0,0,0,0,0,0,0,1,2,55,1,1,2,1,0,0,1,72,99,1,1,69,"777777777777","777777777777","777777777777",0,0
27,270073,2,2,2,3,4,12,28,12,6,1,0,27,1,18,2,18002,4,2002,"1G4HP54K9242","1","G","4","H","P","5","4","K","9","2","4","2",0,0,0,"000000000","00000000000",0,0,0,1,0,0,0,0,0,0,0,998,0,0,0,62,6,2,12,0,0,0,1,27,55790,6,1,0,0,3,1,66,170,0,0,0,0,0,0,0,0,0,0,38,0,0,0,1,2,55,1,1,2,1,0,0,11,15,1,1,7,68,"777777777777","777777777777","777777777777",1,0
27,270074,1,2,1,14,4,15,38,12,8,1,0,27,2,53,706,53706,80,1998,"JS1VH51A8W21","J","S","1","V","H","5","1","A","8","W","2","1",0,0,0,"000000000","00000000000",0,0,0,1,0,0,0,0,0,0,0,55,0,0,0,11,6,2,12,0,0,0,1,27,56401,6,1,0,0,3,1,66,220,0,0,0,0,0,0,0,0,0,9,28,0,0,0,1,2,55,2,1,8,1,0,0,14,10,9,1,2,64,"777777777777","777777777777","777777777777",1,0
27,270074,2,2,3,14,4,15,38,12,8,1,0,27,1,20,423,20423,15,2013,"1GNKVJKD2DJ1","1","G","N","K","V","J","K","D","2","D","J","1",0,0,0,"000000000","00000000000",0,0,0,1,0,0,0,0,0,0,0,43,0,0,0,10,6,2,12,0,0,1,1,27,56425,6,1,0,0,3,0,59,122,0,0,0,0,0,0,0,0,0,0,0,0,0,0,1,2,55,3,1,8,1,0,0,14,62,7,1,4,65,"777777777777","777777777777","777777777777",0,0
27,270075,1,1,1,3,4,14,45,1,0,1,0,27,1,37,706,37706,80,2006,"1HFSC46E86A4","1","H","F","S","C","4","6","E","8","6","A","4",0,0,0,"000000000","00000000000",0,0,0,1,0,0,0,0,0,0,0,70,0,0,0,0,6,2,1,0,0,0,1,27,56156,6,1,0,0,3,1,77,185,0,0,0,0,0,0,0,0,0,3,0,0,0,0,1,2,60,1,5,2,1,0,0,1,9,15,9,1,98,"777777777777","777777777777","777777777777",1,0
27,270076,1,1,3,3,4,15,3,1,0,1,0,27,2,20,431,20431,16,1999,"3GNFK16R0XG2","3","G","N","F","K","1","6","R","0","X","G","2",0,0,0,"000000000","00000000000",0,0,0,1,0,0,0,0,0,0,0,998,0,1,1,0,6,2,1,0,0,0,1,27,56358,6,1,0,0,3,0,66,145,1,0,0,0,0,1,2012,1,2012,9,58,0,0,0,2,2,65,3,1,2,1,0,0,17,13,1,1,6,98,"777777777777","777777777777","777777777777",1,0
27,270077,1,3,2,15,4,16,32,12,1,1,0,27,1,35,47,35047,4,2014,"1N4AL3AP7EN2","1","N","4","A","L","3","A","P","7","E","N","2",0,0,0,"000000000","00000000000",0,0,0,1,0,0,0,0,0,0,0,998,0,0,0,6,6,2,12,0,0,0,1,27,55005,6,1,0,0,3,1,66,200,0,0,0,1,0,7,2013,7,2013,0,0,0,0,0,1,2,55,1,1,2,1,0,0,2,53,1,1,1,30,"777777777777","777777777777","777777777777",0,0
27,270077,2,3,1,15,4,16,32,12,1,1,0,27,2,20,22,20022,2,2009,"1G1AK18H0971","1","G","1","A","K","1","8","H","0","9","7","1",0,0,0,"000000000","00000000000",0,0,0,1,0,0,0,0,0,0,0,998,0,0,0,12,6,2,12,0,0,0,1,27,55080,6,2,0,0,3,2,67,130,0,0,0,0,0,0,0,0,0,9,74,0,0,0,1,2,55,1,1,2,1,0,0,1,52,1,1,1,28,"777777777777","777777777777","777777777777",0,0
27,270077,3,3,3,15,4,16,32,12,1,1,0,27,1,37,32,37032,4,2013,"1HGCR2F31DA1","1","H","G","C","R","2","F","3","1","D","A","1",0,0,0,"000000000","00000000000",0,0,0,1,0,0,0,0,0,0,0,50,0,0,0,12,6,2,12,0,0,0,1,27,55806,6,1,0,0,3,1,66,160,0,0,0,0,0,0,0,0,0,0,0,0,0,0,1,2,55,1,1,2,1,0,0,1,62,98,1,1,98,"777777777777","777777777777","777777777777",1,0
27,270078,1,3,1,4,4,17,51,12,6,1,0,18,1,20,403,20403,14,2003,"1GNDT13X13K1","1","G","N","D","T","1","3","X","1","3","K","1",0,0,0,"000000000","00000000000",0,0,0,1,0,0,0,0,0,0,0,998,0,0,0,12,6,2,12,0,0,0,1,18,46360,6,1,0,0,3,1,67,143,0,0,0,0,0,0,0,0,0,9,99,99,99,99,2,4,55,2,5,2,1,0,0,14,12,99,9,7,64,"777777777777","777777777777","777777777777",0,0
27,270078,2,3,1,4,4,17,51,12,6,1,0,27,1,51,42,51042,6,1996,"YV1LW5551T22","Y","V","1","L","W","5","5","5","1","T","2","2",0,0,0,"000000000","00000000000",0,0,0,1,0,0,0,0,0,0,0,55,0,0,0,9,6,2,12,0,0,0,1,27,55405,6,1,0,0,3,1,76,185,1,0,0,0,0,6,2011,6,2011,9,0,0,0,0,2,4,55,1,1,2,1,0,0,1,62,1,1,1,65,"777777777777","777777777777","777777777777",1,0
27,270078,3,3,5,4,4,17,51,12,6,1,0,27,3,98,988,98988,52,2010,"5FYD5YU10AB0","5","F","Y","D","5","Y","U","1","0","A","B","0",0,0,77,"777777777","77777777777",3,21,22,1,0,0,0,0,6,3,0,998,0,0,0,62,4,5,12,0,0,0,1,27,55109,6,1,6,1,3,1,70,240,0,0,0,0,0,0,0,0,0,9,0,0,0,0,2,4,55,1,1,2,1,0,0,1,60,1,1,1,98,"777777777777","777777777777","777777777777",0,0
27,270079,1,2,1,6,4,7,40,12,2,1,0,27,1,41,402,41402,14,2004,"4F2CZ941X4KM","4","F","2","C","Z","9","4","1","X","4","K","M",0,0,0,"000000000","00000000000",0,0,0,1,0,0,0,0,0,0,0,60,0,1,5,12,6,2,12,0,0,0,1,27,56649,6,1,0,0,3,0,63,210,0,0,0,0,0,0,0,0,0,4,58,51,0,0,1,2,60,3,1,2,10,0,0,14,6,98,5,2,50,"777777777777","777777777777","777777777777",1,0
27,270079,2,2,1,6,4,7,40,12,2,1,0,27,1,12,481,12481,31,2013,"1FTFW1EF1DKE","1","F","T","F","W","1","E","F","1","D","K","E",0,0,0,"000000000","00000000000",0,0,0,1,0,0,0,0,0,0,0,998,0,0,0,12,6,2,12,0,0,0,1,27,56653,6,1,0,0,3,1,65,145,0,0,0,0,0,0,0,0,0,0,0,0,0,0,1,2,60,2,1,2,10,0,0,14,62,98,1,1,51,"777777777777","777777777777","777777777777",0,0
27,270080,1,2,2,15,4,23,29,12,6,1,0,27,2,7,24,7024,4,2014,"2C3CDXBG2EH3","2","C","3","C","D","X","B","G","2","E","H","3",0,0,0,"000000000","00000000000",0,0,0,1,0,0,0,0,0,0,0,998,0,0,0,12,6,2,12,0,0,0,1,12,33511,6,1,0,0,3,1,67,999,0,0,0,0,0,0,0,0,0,9,39,6,0,0,1,2,30,1,1,2,1,20,3,1,17,99,1,1,86,"777777777777","777777777777","777777777777",0,1
27,270080,2,2,4,15,4,23,29,12,6,1,0,27,1,7,21,7021,6,2007,"2D8FV47T87H6","2","D","8","F","V","4","7","T","8","7","H","6",0,0,0,"000000000","00000000000",0,0,0,1,0,0,0,0,0,0,0,45,0,1,5,3,6,2,12,0,0,1,1,27,55355,6,1,0,0,3,0,70,200,1,6,0,3,1,7,2011,3,2016,9,0,0,0,0,1,2,45,1,1,2,1,0,0,1,66,1,1,1,87,"777777777777","777777777777","777777777777",1,0
27,270081,1,1,2,7,4,7,42,1,0,1,0,27,1,20,481,20481,31,2000,"2GCEK19T6Y12","2","G","C","E","K","1","9","T","6","Y","1","2",0,0,0,"000000000","00000000000",0,0,0,1,0,0,0,0,0,0,0,70,0,9,3,0,6,2,1,0,0,0,1,27,55735,6,1,0,0,3,0,72,260,0,0,0,0,0,0,0,0,0,9,99,99,99,99,2,2,70,1,1,2,2,0,0,1,12,1,9,4,6,"777777777777","777777777777","777777777777",1,1
27,270082,1,1,1,8,4,5,13,52,0,1,0,38,3,12,481,12481,31,1999,"1FTNW21F9XEE","1","F","T","N","W","2","1","F","9","X","E","E",0,0,0,"000000000","00000000000",0,0,0,1,0,0,0,0,0,0,0,998,0,1,3,2,6,2,1,0,0,0,1,38,58103,6,1,0,0,3,1,72,200,0,0,0,2,2,12,2012,2,2015,9,36,0,0,0,2,2,70,3,1,2,2,0,0,14,6,98,4,4,7,"777777777777","777777777777","777777777777",1,0
27,270083,1,1,1,8,4,22,43,8,0,1,0,27,1,49,40,49040,4,2006,"4T1BE32K46U7","4","T","1","B","E","3","2","K","4","6","U","7",0,0,0,"000000000","00000000000",0,0,0,1,0,0,0,0,0,0,0,998,0,0,0,1,2,5,8,0,0,0,1,27,55901,6,1,0,0,3,0,65,145,0,0,0,1,0,4,2015,4,2015,0,0,0,0,0,1,2,98,1,1,1,8,0,0,1,80,1,1,1,13,"777777777777","777777777777","777777777777",0,0
27,270084,1,2,2,16,4,16,48,1,0,1,0,55,1,22,22,22022,4,2008,"1G2ZG57B1841","1","G","2","Z","G","5","7","B","1","8","4","1",0,0,0,"000000000","00000000000",0,0,0,1,0,0,0,0,0,0,0,998,0,0,0,7,2,3,12,0,0,0,1,55,54724,6,1,0,0,3,1,65,145,0,0,0,0,0,0,0,0,0,0,38,0,0,0,1,2,65,1,1,2,1,20,3,4,17,1,1,1,98,"777777777777","777777777777","777777777777",0,0
27,270084,2,2,2,16,4,16,48,1,0,1,0,55,1,72,706,72706,80,2001,"1HD1FCW171Y6","1","H","D","1","F","C","W","1","7","1","Y","6",0,0,0,"000000000","00000000000",0,0,0,1,0,0,0,0,0,0,0,998,0,0,0,0,2,3,12,0,0,0,1,55,54650,6,1,0,0,3,0,72,200,0,0,0,0,0,0,0,0,0,0,0,0,0,0,2,2,65,1,1,2,1,0,0,1,66,98,1,1,98,"777777777777","777777777777","777777777777",1,0
27,270085,1,1,1,16,4,20,2,59,0,1,0,27,1,48,45,48045,6,2006,"4S4BP86CX643","4","S","4","B","P","8","6","C","X","6","4","3",0,0,0,"000000000","00000000000",0,0,0,1,0,0,0,0,0,0,0,998,0,9,5,12,6,2,1,0,0,0,1,27,55422,6,1,0,0,3,0,70,165,0,1,0,2,0,8,2011,6,2013,9,99,99,99,99,1,2,55,3,1,8,1,40,3,14,13,1,1,4,1,"777777777777","777777777777","777777777777",1,1
27,270086,1,1,1,17,4,1,25,30,0,1,0,27,1,20,36,20036,2,2002,"2G1WW12EX292","2","G","1","W","W","1","2","E","X","2","9","2",0,0,0,"000000000","00000000000",0,0,0,1,0,0,0,0,0,0,0,998,0,1,5,11,6,2,30,0,0,0,1,27,55381,6,1,0,0,3,0,71,158,0,0,0,0,0,0,0,0,0,3,0,0,0,0,1,2,55,1,1,8,1,0,0,99,6,1,1,4,1,"777777777777","777777777777","777777777777",1,1
27,270087,1,1,2,17,4,21,51,8,0,1,0,27,1,22,441,22441,20,2001,"1GMDX03EX1D2","1","G","M","D","X","0","3","E","X","1","D","2",0,0,0,"000000000","00000000000",0,0,0,1,0,0,0,0,0,0,0,998,0,0,0,12,6,2,8,0,0,0,1,27,56601,6,1,0,0,3,0,67,165,0,0,0,0,0,0,0,0,0,0,0,0,0,0,2,2,65,1,1,2,1,0,0,1,80,99,1,1,13,"777777777777","777777777777","777777777777",0,0
27,270088,1,1,1,22,4,1,39,30,0,1,0,18,3,12,16,12016,4,2004,"2FAFP71W54X1","2","F","A","F","P","7","1","W","5","4","X","1",0,0,0,"000000000","00000000000",0,0,0,1,0,0,0,0,0,0,0,998,0,0,0,4,6,2,42,0,0,0,1,18,46222,0,0,0,0,0,0,74,308,0,0,0,0,0,0,0,0,0,3,36,37,0,0,2,2,55,1,1,2,1,0,0,1,13,6,4,4,1,"777777777777","777777777777","777777777777",1,0
27,270089,1,1,1,23,4,0,22,1,0,1,0,27,1,72,706,72706,80,2012,"1HD1GPM11CC3","1","H","D","1","G","P","M","1","1","C","C","3",0,0,0,"000000000","00000000000",0,0,0,1,0,0,0,0,0,0,0,998,0,0,0,0,6,2,1,0,0,0,1,27,55033,2,1,5,0,2,0,72,260,0,1,1,0,1,2,2012,4,2016,9,0,0,0,0,2,2,45,3,1,2,1,0,0,14,13,7,9,4,1,"777777777777","777777777777","777777777777",1,1
27,270090,1,1,1,23,4,6,6,1,0,1,0,27,1,12,17,12017,4,1999,"1FAFP53S3XG2","1","F","A","F","P","5","3","S","3","X","G","2",0,0,0,"000000000","00000000000",0,0,0,1,0,0,0,0,0,0,0,998,0,9,6,0,6,2,1,0,0,0,1,27,56343,2,1,0,0,2,0,66,175,0,7,0,0,0,8,2012,2,2016,4,36,0,0,0,1,2,55,1,1,8,11,0,0,1,12,1,1,4,6,"777777777777","777777777777","777777777777",1,1
27,270091,1,2,1,23,4,12,40,12,6,1,0,27,2,12,401,12401,14,2002,"1FMDU73K72ZC","1","F","M","D","U","7","3","K","7","2","Z","C",0,0,0,"000000000","00000000000",0,0,0,1,0,0,0,0,0,0,0,998,0,0,0,10,6,2,12,0,0,0,1,27,55371,6,2,0,0,3,1,72,210,0,0,0,0,0,0,0,0,0,0,38,0,0,0,1,2,55,1,1,8,1,20,3,4,17,1,1,1,89,"777777777777","777777777777","777777777777",0,0
27,270091,2,2,1,23,4,12,40,12,6,1,0,27,1,72,706,72706,80,2008,"1HD1CT3188K4","1","H","D","1","C","T","3","1","8","8","K","4",0,0,0,"000000000","00000000000",0,0,0,1,0,0,0,0,0,0,0,55,0,0,0,12,6,2,12,0,0,0,1,27,55371,6,1,0,0,3,0,69,240,1,0,0,0,0,3,2014,3,2014,0,0,0,0,0,1,2,55,1,1,8,1,0,0,1,66,16,2,1,88,"777777777777","777777777777","777777777777",1,0
27,270092,1,3,1,27,4,7,32,12,6,1,0,27,2,22,20,22020,4,2005,"2G2WS5223511","2","G","2","W","S","5","2","2","3","5","1","1",0,0,0,"000000000","00000000000",0,0,0,1,0,0,0,0,0,0,0,20,0,0,0,3,6,2,12,0,0,0,1,27,55102,0,0,0,0,0,0,66,138,1,14,0,1,0,1,2013,1,2016,9,39,0,0,0,2,4,55,1,1,8,1,3,3,11,15,1,1,1,68,"777777777777","777777777777","777777777777",1,1
27,270092,2,3,1,27,4,7,32,12,6,1,0,27,1,23,481,23481,31,2015,"1GT221EG9FZ5","1","G","T","2","2","1","E","G","9","F","Z","5",0,0,0,"000000000","00000000000",0,0,0,1,0,0,0,0,0,0,0,998,0,0,0,12,6,2,12,0,0,0,1,27,55303,6,1,0,0,3,0,71,210,0,2,1,0,0,10,2013,7,2014,0,0,0,0,0,2,4,55,1,1,8,1,3,3,1,62,99,1,1,69,"777777777777","777777777777","777777777777",0,0
27,270092,3,3,1,27,4,7,32,12,6,1,0,27,1,54,39,54039,4,2006,"JH4CL958X6C0","J","H","4","C","L","9","5","8","X","6","C","0",0,0,0,"000000000","00000000000",0,0,0,1,0,0,0,0,0,0,0,998,0,0,0,10,6,2,12,0,0,0,1,27,55303,6,1,0,0,3,0,66,140,0,0,0,1,0,9,2014,9,2014,0,0,0,0,0,2,4,55,1,1,8,1,3,3,1,62,1,1,1,98,"777777777777","777777777777","777777777777",0,0
27,270093,1,2,0,30,4,2,15,12,1,1,0,27,6,12,23,12023,4,2014,"3FA6P0LU4ER2","3","F","A","6","P","0","L","U","4","E","R","2",0,0,0,"000000000","00000000000",0,0,0,1,0,0,0,0,0,0,0,0,0,0,0,6,6,2,8,0,0,0,0,0,99997,7,6,97,7,6,7,998,997,998,998,998,998,998,98,9998,98,9998,8,20,0,0,0,1,2,60,1,1,1,1,0,0,0,53,0,0,0,32,"777777777777","777777777777","777777777777",0,0
27,270093,2,2,1,30,4,2,15,12,1,1,0,27,1,20,25,20025,4,2011,"1G1PF5S94B71","1","G","1","P","F","5","S","9","4","B","7","1",0,0,0,"000000000","00000000000",0,0,0,1,0,0,0,0,0,0,0,998,0,0,0,12,6,2,12,0,0,0,1,27,55302,6,1,0,0,3,0,67,195,0,0,0,0,0,0,0,0,0,0,0,0,0,0,1,2,60,1,1,1,1,0,0,1,50,99,1,1,32,"777777777777","777777777777","777777777777",0,0
27,270094,1,4,1,1,5,15,25,12,1,1,0,27,1,55,401,55401,14,2002,"KM8SC73D62U1","K","M","8","S","C","7","3","D","6","2","U","1",0,0,0,"000000000","00000000000",0,0,0,1,0,0,0,0,0,0,0,0,0,0,0,6,4,3,12,0,0,0,1,27,55444,6,1,0,0,3,0,62,190,0,0,0,0,0,0,0,0,0,0,0,0,0,0,2,3,60,1,1,2,1,40,3,5,53,1,1,1,98,"777777777777","777777777777","777777777777",0,0
27,270094,2,4,5,1,5,15,25,12,1,1,0,27,1,6,441,6441,20,2007,"2A4GP44RX7R2","2","A","4","G","P","4","4","R","X","7","R","2",0,0,0,"000000000","00000000000",0,0,0,1,0,0,0,0,0,0,0,0,0,0,0,6,4,3,12,0,0,0,1,27,55806,6,1,0,0,3,1,72,170,0,0,0,0,0,0,0,0,0,0,0,0,0,0,2,3,60,1,1,2,1,40,3,5,53,1,1,1,98,"777777777777","777777777777","777777777777",0,0
27,270094,3,4,2,1,5,15,25,12,1,1,0,27,1,37,39,37039,5,2008,"JHMGD386X8S0","J","H","M","G","D","3","8","6","X","8","S","0",0,0,0,"000000000","00000000000",0,0,0,1,0,0,0,0,0,0,0,0,0,0,0,6,6,2,12,0,0,0,1,27,55104,6,1,0,0,3,0,72,250,0,0,0,0,1,6,2014,6,2014,0,0,0,0,0,2,3,60,1,1,2,1,40,3,5,53,1,1,1,21,"777777777777","777777777777","777777777777",1,0
27,270094,4,4,1,1,5,15,25,12,1,1,0,55,2,54,39,54039,4,2010,"JH4CU2F61AC0","J","H","4","C","U","2","F","6","1","A","C","0",0,0,0,"000000000","00000000000",0,0,0,1,0,0,0,0,0,0,0,998,0,0,0,12,6,2,12,0,0,0,1,55,54016,6,1,0,0,3,1,60,120,0,0,0,1,0,6,2015,6,2015,9,0,0,0,0,2,3,60,1,1,2,1,40,3,1,50,1,1,1,20,"777777777777","777777777777","777777777777",0,0
27,270095,1,2,1,2,5,3,28,12,2,1,0,27,1,18,7,18007,4,2005,"2G4WS52J4511","2","G","4","W","S","5","2","J","4","5","1","1",0,0,0,"000000000","00000000000",0,0,0,1,0,0,0,0,0,0,0,55,0,0,0,12,6,2,12,0,0,0,1,27,56016,6,1,0,0,3,0,71,230,0,0,0,1,0,8,2015,8,2015,9,51,0,0,0,3,3,55,1,1,2,1,0,0,1,54,1,1,1,52,"777777777777","777777777777","777777777777",1,1
27,270095,2,2,1,2,5,3,28,12,2,1,0,27,0,49,401,49401,14,1997,"JT3GM84R4V00","J","T","3","G","M","8","4","R","4","V","0","0",0,0,0,"000000000","00000000000",0,0,0,1,0,0,0,0,0,0,0,998,0,0,0,12,6,2,12,0,0,0,1,27,55124,6,1,0,0,3,0,64,150,0,0,0,0,0,0,0,0,0,0,0,0,0,0,3,3,55,1,1,2,1,0,0,1,54,99,1,1,52,"777777777777","777777777777","777777777777",0,0