"STATE","ST_CASE","VEH_NO","VE_FORMS","NUMOCCS","DAY","MONTH","HOUR","MINUTE","HARM_EV","MAN_COLL","UNITTYPE","HIT_RUN","REG_STAT","OWNER","MAKE","MODEL","MAK_MOD","BODY_TYP","MOD_YEAR","VIN","VIN_1","VIN_2","VIN_3","VIN_4","VIN_5","VIN_6","VIN_7","VIN_8","VIN_9","VIN_10","VIN_11","VIN_12","TOW_VEH","J_KNIFE","MCARR_I1","MCARR_I2","MCARR_ID","GVWR","V_CONFIG","CARGO_BT","HAZ_INV","HAZ_PLAC","HAZ_ID","HAZ_CNO","HAZ_REL","BUS_USE","SPEC_USE","EMER_USE","TRAV_SP","UNDERIDE","ROLLOVER","ROLINLOC","IMPACT1","DEFORMED","TOWED","M_HARM","VEH_SC1","VEH_SC2","FIRE_EXP","DR_PRES","L_STATE","DR_ZIP","L_STATUS","L_TYPE","CDL_STAT","L_ENDORS","L_COMPL","L_RESTRI","DR_HGT","DR_WGT","PREV_ACC","PREV_SUS","PREV_DWI","PREV_SPD","PREV_OTH","FIRST_MO","FIRST_YR","LAST_MO","LAST_YR","SPEEDREL","DR_SF1","DR_SF2","DR_SF3","DR_SF4","VTRAFWAY","VNUM_LAN","VSPD_LIM","VALIGN","VPROFILE","VPAVETYP","VSURCOND","VTRAFCON","VTCONT_F","P_CRASH1","P_CRASH2","P_CRASH3","PCRASH4","PCRASH5","ACC_TYPE","TRLR1VIN","TRLR2VIN","TRLR3VIN","DEATHS","DR_DRINK"
27,270204,4,5,1,10,8,17,6,1,0,1,0,27,1,72,706,72706,80,1998,"1HD1FCR49WY6","1","H","D","1","F","C","R","4","9","W","Y","6",0,0,0,"000000000","00000000000",0,0,0,1,0,0,0,0,0,0,0,998,0,0,0,0,4,3,1,0,0,0,1,27,56007,6,1,0,0,3,0,72,215,0,0,0,0,0,0,0,0,0,0,0,0,0,0,2,2,70,1,1,2,1,0,0,1,52,99,2,1,98,"777777777777","777777777777","777777777777",0,0
27,270204,5,5,2,10,8,17,6,1,0,1,0,55,2,12,17,12017,4,2011,"1FAHP2KT0BG1","1","F","A","H","P","2","K","T","0","B","G","1",0,0,0,"000000000","00000000000",0,0,0,1,0,0,0,0,0,0,0,998,0,0,0,1,2,5,73,0,0,0,1,55,54011,6,1,0,0,3,0,72,240,1,0,0,0,0,4,2014,4,2014,0,0,0,0,0,2,2,70,1,1,2,1,0,0,1,98,99,1,1,98,"777777777777","777777777777","777777777777",0,0
27,270205,1,1,1,10,8,20,10,1,0,1,0,27,1,72,706,72706,80,1998,"1HD1GEL42WY3","1","H","D","1","G","E","L","4","2","W","Y","3",0,0,0,"000000000","00000000000",0,0,0,1,0,0,0,0,0,0,0,998,0,0,0,0,4,3,1,0,0,0,1,27,55120,6,1,0,0,3,1,69,180,0,0,0,0,0,0,0,0,0,9,99,99,99,99,1,4,30,1,1,8,2,3,3,99,99,99,9,4,99,"777777777777","777777777777","777777777777",1,1
27,270206,1,2,1,11,8,7,55,12,2,1,0,27,3,87,881,87881,66,2005,"1XP5DU9X05D8","1","X","P","5","D","U","9","X","0","5","D","8",1,1,57,"2550465","572550465",3,6,4,1,0,0,0,0,0,0,0,55,0,0,0,12,6,2,12,0,0,1,1,27,55129,6,1,6,0,3,0,69,210,0,0,0,0,1,1,2014,1,2014,0,0,0,0,0,1,2,55,3,1,8,1,0,0,14,62,15,1,1,51,"888888888888","777777777777","777777777777",0,0
27,270206,2,2,1,11,8,7,55,12,2,1,0,27,2,49,32,49032,4,1997,"1NXBA02E7VZ6","1","N","X","B","A","0","2","E","7","V","Z","6",0,0,0,"000000000","00000000000",0,0,0,1,0,0,0,0,0,0,0,49,0,0,0,12,6,2,12,0,0,1,1,27,55025,6,1,0,0,3,0,70,200,0,0,0,0,1,9,2013,9,2013,0,28,0,0,0,1,2,55,2,1,8,1,0,0,14,10,1,1,2,50,"777777777777","777777777777","777777777777",1,0
27,270207,1,2,1,11,8,10,6,12,1,1,0,27,1,76,706,76706,80,2004,"JYAVP04E44A0","J","Y","A","V","P","0","4","E","4","4","A","0",0,0,0,"000000000","00000000000",0,0,0,1,0,0,0,0,0,0,0,60,0,0,0,12,6,2,12,0,0,0,1,27,56187,6,1,0,0,3,0,74,235,0,0,0,0,0,0,0,0,0,9,26,0,0,0,1,2,60,1,1,2,1,0,0,1,51,16,9,1,24,"777777777777","777777777777","777777777777",1,0
27,270207,2,2,1,11,8,10,6,12,1,1,0,27,1,20,499,20499,39,1974,"CCY244F41191","C","C","Y","2","4","4","F","4","1","1","9","1",0,0,0,"000000000","00000000000",0,0,0,1,0,0,0,0,0,0,0,998,0,0,0,6,6,2,12,0,0,0,1,27,56172,6,1,0,0,3,1,69,145,0,0,0,0,0,0,0,0,0,0,0,0,0,0,1,2,60,1,1,2,1,0,0,11,53,1,1,1,26,"777777777777","777777777777","777777777777",0,0
27,270208,1,1,1,12,8,17,5,42,0,1,0,27,1,22,20,22020,2,1997,"1G2WP12KXVF2","1","G","2","W","P","1","2","K","X","V","F","2",0,0,0,"000000000","00000000000",0,0,0,1,0,0,0,0,0,0,0,75,0,0,0,13,6,2,42,0,0,0,1,27,55009,6,1,0,0,3,0,72,160,0,0,0,1,1,2,2014,4,2016,3,36,0,0,0,1,2,50,1,1,8,2,0,0,1,6,15,9,4,2,"777777777777","777777777777","777777777777",1,0
27,270209,1,4,1,13,8,11,44,12,1,1,0,27,2,20,482,20482,31,2003,"3GNEK13T33G2","3","G","N","E","K","1","3","T","3","3","G","2",0,0,0,"000000000","00000000000",0,0,0,1,0,0,0,0,0,0,0,998,0,0,0,12,6,2,12,0,0,1,1,27,55104,6,1,0,0,3,1,72,200,1,2,0,0,1,8,2013,4,2014,9,0,0,0,0,3,2,70,1,6,1,1,0,0,1,50,1,1,1,20,"777777777777","777777777777","777777777777",0,0
27,270209,2,4,2,13,8,11,44,12,1,1,0,27,1,63,402,63402,14,2013,"5XYKT3A17DG3","5","X","Y","K","T","3","A","1","7","D","G","3",0,0,0,"000000000","00000000000",0,0,0,1,0,0,0,0,0,0,0,0,0,0,0,6,6,2,12,0,0,1,1,27,55344,6,1,0,0,3,1,73,185,0,0,0,0,0,0,0,0,0,0,0,0,0,0,3,2,70,1,6,1,1,0,0,5,53,1,1,1,21,"777777777777","777777777777","777777777777",1,0
27,270209,3,4,5,13,8,11,44,12,1,1,0,29,1,48,402,48402,14,2011,"4S4WX9KD2B44","4","S","4","W","X","9","K","D","2","B","4","4",0,0,0,"000000000","00000000000",0,0,0,1,0,0,0,0,0,0,0,0,0,0,0,6,6,2,12,0,0,0,1,29,63130,6,1,0,0,3,0,62,120,0,0,0,0,0,0,0,0,0,0,0,0,0,0,3,2,70,1,6,1,1,0,0,5,53,1,1,1,98,"777777777777","777777777777","777777777777",0,0
27,270209,4,4,2,13,8,11,44,12,1,1,0,19,1,12,24,12024,6,2010,"2FMDK4KCXABB","2","F","M","D","K","4","K","C","X","A","B","B",0,0,0,"000000000","00000000000",0,0,0,1,0,0,0,0,0,0,0,0,0,0,0,6,4,5,12,0,0,0,1,19,50702,6,1,0,0,3,0,71,175,1,0,0,0,0,6,2015,6,2015,0,0,0,0,0,3,2,70,1,6,1,1,0,0,5,53,1,1,1,98,"777777777777","777777777777","777777777777",0,0
27,270210,1,1,1,14,8,5,13,8,0,1,1,99,9,99,999,99999,99,9999,"999999999999","9","9","9","9","9","9","9","9","9","9","9","9",9,0,99,"999999999","99999999999",9,99,99,1,0,0,0,0,99,99,9,999,0,0,0,99,9,5,8,99,99,0,1,99,99999,9,9,99,9,9,9,999,999,99,99,99,99,99,99,9999,99,9999,9,99,99,99,99,2,2,65,1,1,2,1,0,0,99,80,99,9,9,13,"777777777777","777777777777","777777777777",0,0
27,270211,1,1,1,14,8,20,52,8,0,1,0,27,3,12,23,12023,4,2016,"3FA6P0K93GR3","3","F","A","6","P","0","K","9","3","G","R","3",0,0,0,"000000000","00000000000",0,0,0,1,0,0,0,0,0,0,0,998,0,0,0,12,6,2,8,0,0,0,1,4,85383,6,1,0,0,3,0,75,180,0,0,0,0,0,0,0,0,0,9,0,0,0,0,2,5,40,1,1,8,1,0,0,1,80,1,1,1,13,"777777777777","777777777777","777777777777",0,0
27,270212,1,1,1,15,8,6,53,46,0,1,0,27,3,82,881,82881,64,2000,"1FV6HJBA3YHA","1","F","V","6","H","J","B","A","3","Y","H","A",1,1,57,"211635","57211635",3,4,4,1,0,0,0,0,0,0,0,998,0,0,0,12,6,2,8,0,0,0,1,27,55446,6,1,6,0,3,1,70,210,0,0,0,0,0,0,0,0,0,9,99,99,99,99,1,4,35,1,1,8,1,3,3,17,13,1,1,4,1,"888888888888","777777777777","777777777777",0,0
27,270213,1,1,1,16,8,16,10,59,0,1,0,27,2,18,7,18007,4,1998,"2G4WS52M3W15","2","G","4","W","S","5","2","M","3","W","1","5",0,0,0,"000000000","00000000000",0,0,0,1,0,0,0,0,0,0,0,50,0,0,0,12,6,2,46,0,0,0,1,27,55123,6,1,0,0,3,1,69,160,1,0,0,0,0,1,2013,1,2013,9,28,0,0,0,1,4,45,1,6,8,1,0,0,1,13,1,1,4,1,"777777777777","777777777777","777777777777",1,0
27,270214,1,1,1,17,8,17,30,9,0,1,0,27,1,18,7,18007,4,2005,"2G4WS52J4511","2","G","4","W","S","5","2","J","4","5","1","1",0,0,0,"000000000","00000000000",0,0,0,1,0,0,0,0,0,0,0,998,0,0,0,12,4,5,9,0,0,0,1,27,56093,6,1,0,0,3,1,64,133,0,0,0,0,0,0,0,0,0,0,0,0,0,0,1,2,30,1,1,8,1,0,0,1,83,1,1,1,13,"777777777777","777777777777","777777777777",0,0
27,270216,1,2,1,19,8,21,56,12,6,1,0,27,1,7,442,7442,20,1997,"2B4FP2536VR3","2","B","4","F","P","2","5","3","6","V","R","3",0,0,0,"000000000","00000000000",0,0,0,1,0,0,0,0,0,0,0,998,0,0,0,2,6,2,12,0,0,0,1,27,56601,6,1,0,0,3,1,72,265,0,0,0,0,0,0,0,0,0,0,0,0,0,0,2,2,65,1,1,2,1,21,3,11,15,99,1,1,68,"777777777777","777777777777","777777777777",0,0
27,270216,2,2,1,19,8,21,56,12,6,1,0,95,1,37,706,37706,80,2010,"JH2SC5169AK8","J","H","2","S","C","5","1","6","9","A","K","8",0,0,0,"000000000","00000000000",0,0,0,1,0,0,0,0,0,0,0,65,0,0,0,12,6,2,12,0,0,0,1,95,0,6,1,0,0,3,0,999,999,99,99,99,99,99,99,9999,99,9999,9,0,0,0,0,2,2,65,1,1,2,1,0,0,1,17,1,1,1,69,"777777777777","777777777777","777777777777",1,0
27,270218,1,1,1,24,8,22,25,9,0,1,1,99,9,99,999,99999,99,9999,"999999999999","9","9","9","9","9","9","9","9","9","9","9","9",9,0,99,"999999999","99999999999",9,99,99,1,0,0,0,0,99,99,9,999,0,0,0,99,9,9,9,99,99,0,1,99,99999,9,9,99,9,9,9,999,999,99,99,99,99,99,99,9999,99,9999,9,99,99,99,99,1,2,98,1,1,8,1,0,0,99,85,99,9,9,13,"777777777777","777777777777","777777777777",0,0
27,270219,1,1,1,27,8,7,46,1,0,1,0,46,1,18,2,18002,4,1998,"1G4HP52K4WH4","1","G","4","H","P","5","2","K","4","W","H","4",0,0,0,"000000000","00000000000",0,0,0,1,0,0,0,0,0,0,0,55,0,9,5,0,6,2,1,0,0,0,1,46,57026,6,1,0,0,3,0,70,166,0,0,0,0,0,0,0,0,0,9,58,0,0,0,1,2,55,1,1,8,2,0,0,1,10,7,9,4,2,"777777777777","777777777777","777777777777",1,1
27,270220,1,1,9,27,8,15,8,57,0,1,0,26,3,84,884,84884,63,2005,"1HTMKAANX5H1","1","H","T","M","K","A","A","N","X","5","H","1",0,0,88,"888888888","88888888888",3,1,1,1,0,0,0,0,0,7,3,75,0,1,3,12,6,2,1,0,0,0,1,26,49908,6,1,0,0,3,3,73,191,1,4,0,3,1,11,2011,7,2015,9,36,0,0,0,3,2,70,3,1,2,1,0,0,14,13,6,9,4,6,"777777777777","777777777777","777777777777",2,0
27,270221,1,2,1,28,8,0,51,12,2,1,0,27,2,22,20,22020,4,2002,"1G2WP52K22F1","1","G","2","W","P","5","2","K","2","2","F","1",0,0,0,"000000000","00000000000",0,0,0,1,0,0,0,0,0,0,0,998,0,0,0,12,6,2,12,0,0,0,1,27,56364,6,1,0,0,3,1,73,198,0,0,0,0,0,0,0,0,0,9,51,0,0,0,1,2,55,1,1,2,1,0,0,1,54,1,1,1,52,"777777777777","777777777777","777777777777",0,0
27,270221,2,2,1,28,8,0,51,12,2,1,0,27,1,24,3,24003,6,1998,"1G8ZK8278WZ2","1","G","8","Z","K","8","2","7","8","W","Z","2",0,0,0,"000000000","00000000000",0,0,0,1,0,0,0,0,0,0,0,40,0,0,0,12,6,2,12,0,0,0,1,27,56359,6,1,0,0,3,1,74,200,0,0,0,0,0,0,0,0,0,0,0,0,0,0,1,2,55,1,1,2,1,0,0,1,54,9,1,1,52,"777777777777","777777777777","777777777777",1,0
27,270222,1,1,2,30,8,6,14,9,0,1,0,27,2,49,402,49402,14,2002,"JTEHH20V6260","J","T","E","H","H","2","0","V","6","2","6","0",0,0,0,"000000000","00000000000",0,0,0,1,0,0,0,0,0,0,0,30,0,0,0,12,4,5,9,0,0,0,1,27,55901,6,1,0,0,3,0,64,150,2,0,0,0,0,5,2012,11,2014,9,0,0,0,0,2,2,30,1,1,1,1,3,3,11,83,1,1,1,13,"777777777777","777777777777","777777777777",0,0
27,270223,1,1,1,31,8,7,18,42,0,1,0,27,1,20,481,20481,31,2012,"1GC1KXCG4CF2","1","G","C","1","K","X","C","G","4","C","F","2",0,0,0,"000000000","00000000000",0,0,0,1,0,0,0,0,0,0,0,998,0,0,0,12,6,2,42,0,0,0,1,27,55033,6,1,0,0,3,0,71,205,0,0,0,0,0,0,0,0,0,9,0,0,0,0,1,2,55,1,1,2,1,0,0,1,12,1,1,4,6,"777777777777","777777777777","777777777777",1,0
27,270224,1,2,1,31,8,7,20,12,6,1,0,27,3,37,31,37031,4,2016,"19XFC2F54GE0","1","9","X","F","C","2","F","5","4","G","E","0",0,0,0,"000000000","00000000000",0,0,0,1,0,0,0,0,0,0,0,998,0,0,0,9,6,2,12,0,0,0,1,27,55417,6,1,0,0,3,1,66,130,0,0,0,0,0,0,0,0,0,3,31,39,0,0,1,2,30,1,1,8,1,20,3,13,8,1,1,2,92,"777777777777","777777777777","777777777777",1,1
27,270224,2,2,1,31,8,7,20,12,6,1,0,27,3,84,884,84884,63,2002,"1HTMMAAN92H5","1","H","T","M","M","A","A","N","9","2","H","5",0,0,57,"878152","57878152",3,1,1,1,0,0,0,0,0,0,0,998,0,0,0,12,4,5,12,0,0,0,1,27,55070,6,1,6,0,3,1,73,245,1,0,0,0,0,7,2012,7,2012,0,0,0,0,0,1,4,35,1,1,8,1,0,0,1,66,1,1,1,93,"777777777777","777777777777","777777777777",0,0
27,270225,1,2,1,1,9,16,56,12,2,1,0,27,3,82,884,82884,64,2000,"4UZA4FF48YCF","4","U","Z","A","4","F","F","4","8","Y","C","F",0,0,57,"86876","5786876",2,1,2,1,0,0,0,0,0,0,0,5,0,0,0,12,4,3,12,0,0,0,1,27,55315,6,1,0,0,3,0,67,170,0,0,0,0,0,0,0,0,0,0,38,0,0,0,1,2,45,1,1,8,1,0,0,11,15,99,1,1,68,"777777777777","777777777777","777777777777",0,0
27,270225,2,2,1,1,9,16,56,12,2,1,0,27,1,72,706,72706,80,1996,"1HD1BML10TY0","1","H","D","1","B","M","L","1","0","T","Y","0",0,0,0,"000000000","00000000000",0,0,0,1,0,0,0,0,0,0,0,40,0,0,0,12,6,2,12,0,0,0,1,27,55044,6,1,0,0,3,1,69,200,0,0,0,0,0,0,0,0,0,0,0,0,0,0,1,2,40,1,1,8,1,0,0,1,17,98,7,1,69,"777777777777","777777777777","777777777777",1,0
27,270226,1,1,2,1,9,21,30,8,0,1,0,27,1,12,481,12481,31,1994,"1FTEX14Y4RKB","1","F","T","E","X","1","4","Y","4","R","K","B",0,0,0,"000000000","00000000000",0,0,0,1,0,0,0,0,0,0,0,998,0,0,0,12,2,3,8,0,0,0,1,27,56501,6,1,0,0,3,1,70,180,0,0,0,0,0,0,0,0,0,0,29,0,0,0,1,2,60,1,1,2,1,0,0,1,80,1,1,4,13,"777777777777","777777777777","777777777777",0,1
27,270228,1,2,1,3,9,17,10,12,7,1,0,27,1,72,706,72706,80,1997,"1HD1FFR3XVY6","1","H","D","1","F","F","R","3","X","V","Y","6",0,0,0,"000000000","00000000000",0,0,0,1,0,0,0,0,0,0,0,998,0,0,0,2,6,2,1,0,0,0,1,27,56374,6,1,0,0,3,1,69,195,0,0,0,0,0,0,0,0,0,0,80,0,0,0,1,2,55,1,1,8,1,99,9,15,1,15,3,2,44,"777777777777","777777777777","777777777777",1,0
27,270228,2,2,1,3,9,17,10,12,7,1,0,27,1,37,706,37706,80,2003,"1HFSC52033A0","1","H","F","S","C","5","2","0","3","3","A","0",0,0,0,"000000000","00000000000",0,0,0,1,0,0,0,0,0,0,0,998,0,0,0,10,2,5,12,0,0,0,1,27,56332,6,1,0,0,3,1,72,220,0,0,0,0,0,0,0,0,0,0,0,0,0,0,1,2,55,1,1,8,1,99,9,2,61,1,1,1,45,"777777777777","777777777777","777777777777",0,0
27,270229,1,2,2,4,9,9,4,12,6,1,0,27,1,7,442,7442,20,2013,"2C4RDGCG0DR5","2","C","4","R","D","G","C","G","0","D","R","5",0,0,0,"000000000","00000000000",0,0,0,1,0,0,0,0,0,0,0,999,0,0,0,10,6,2,12,0,0,0,1,27,55936,6,1,0,0,3,1,67,227,0,0,0,0,1,6,2016,6,2016,0,38,36,0,0,1,2,30,1,1,2,1,20,3,1,17,1,1,1,89,"777777777777","777777777777","777777777777",0,0
27,270229,2,2,2,4,9,9,4,12,6,1,0,27,1,72,706,72706,80,2007,"1HD1FC4137Y7","1","H","D","1","F","C","4","1","3","7","Y","7",0,0,0,"000000000","00000000000",0,0,0,1,0,0,0,0,0,0,0,50,0,0,0,12,6,2,12,0,0,0,1,27,55976,6,1,6,0,3,0,71,210,0,0,0,0,0,0,0,0,0,0,0,0,0,0,8,4,50,1,1,2,1,0,0,1,66,1,1,1,88,"777777777777","777777777777","777777777777",1,0
27,270230,1,1,6,5,9,4,48,42,0,1,0,27,1,12,442,12442,20,2003,"2FMZA52423BB","2","F","M","Z","A","5","2","4","2","3","B","B",0,0,0,"000000000","00000000000",0,0,0,1,0,0,0,0,0,0,0,55,0,0,0,12,6,2,42,0,0,0,1,27,56641,6,1,0,0,3,1,60,151,0,2,0,1,0,11,2013,4,2014,9,99,99,99,99,1,2,55,1,1,8,2,0,0,1,12,1,1,4,6,"777777777777","777777777777","777777777777",1,0
27,270231,1,2,1,5,9,20,49,12,1,1,0,93,3,82,881,82881,66,2016,"3AKJGLD58GSH","3","A","K","J","G","L","D","5","8","G","S","H",1,1,57,"265891","57265891",3,6,1,1,0,0,0,0,0,0,0,0,0,0,0,6,6,2,12,0,0,0,0,0,99997,7,6,97,7,6,7,998,997,998,998,998,998,998,98,9998,98,9998,8,0,0,0,0,2,2,45,1,1,1,1,0,0,0,98,0,0,0,32,"1GRAA0625DW7","777777777777","777777777777",0,0
27,270231,2,2,1,5,9,20,49,12,1,1,0,27,1,19,24,19024,4,2013,"1G6AH5S38D01","1","G","6","A","H","5","S","3","8","D","0","1",0,0,0,"000000000","00000000000",0,0,0,1,0,0,0,0,0,0,0,90,0,0,0,12,6,2,12,0,0,0,1,27,56001,6,1,0,0,3,0,68,150,0,0,0,1,0,12,2015,12,2015,3,36,0,0,0,2,2,45,1,1,1,1,0,0,1,64,1,1,1,32,"777777777777","777777777777","777777777777",1,0
27,270232,1,2,2,6,9,15,25,12,6,1,0,27,2,35,43,35043,4,2011,"3N1AB6AP5BL6","3","N","1","A","B","6","A","P","5","B","L","6",0,0,0,"000000000","00000000000",0,0,0,1,0,0,0,0,0,0,0,998,0,0,0,12,6,2,12,0,0,0,1,27,55404,0,0,0,0,0,0,70,125,0,0,0,0,0,0,0,0,0,9,39,36,0,0,1,2,30,2,1,8,1,20,3,14,17,99,1,1,88,"777777777777","777777777777","777777777777",0,0
27,270232,2,2,1,6,9,15,25,12,6,1,0,27,1,49,32,49032,4,1994,"1NXAE09B0RZ1","1","N","X","A","E","0","9","B","0","R","Z","1",0,0,0,"000000000","00000000000",0,0,0,1,0,0,0,0,0,0,0,998,0,0,0,10,6,2,12,0,0,0,1,27,55404,6,1,0,0,3,1,63,170,0,0,0,0,0,0,0,0,0,0,0,0,0,0,1,2,30,1,1,8,1,0,0,1,66,1,1,1,89,"777777777777","777777777777","777777777777",1,0
27,270233,1,2,1,8,9,14,10,12,6,1,0,27,1,14,401,14401,14,2010,"4M2EN4JEXAUJ","4","M","2","E","N","4","J","E","X","A","U","J",0,0,0,"000000000","00000000000",0,0,0,1,0,0,0,0,0,0,0,998,0,0,0,12,6,2,12,0,0,0,1,27,56544,6,1,0,0,3,0,64,140,0,0,0,0,0,0,0,0,0,9,0,0,0,0,2,2,50,1,1,8,1,0,0,1,66,1,1,1,83,"777777777777","777777777777","777777777777",0,0
27,270233,2,2,3,8,9,14,10,12,6,1,0,27,1,48,45,48045,5,2011,"4S4BRCKC8B34","4","S","4","B","R","C","K","C","8","B","3","4",0,0,0,"000000000","00000000000",0,0,0,1,0,0,0,0,0,0,0,20,0,0,0,8,6,2,12,0,0,0,1,27,56560,6,1,0,0,3,1,64,180,0,0,0,0,0,0,0,0,0,0,38,0,0,0,1,2,98,1,1,8,1,20,3,11,15,1,1,1,82,"777777777777","777777777777","777777777777",1,0
27,270234,1,1,1,8,9,22,45,1,0,1,0,27,1,72,706,72706,80,2014,"1HD1KRM14EB6","1","H","D","1","K","R","M","1","4","E","B","6",0,0,0,"000000000","00000000000",0,0,0,1,0,0,0,0,0,0,0,998,0,0,0,0,6,2,1,0,0,0,1,27,55009,6,1,0,0,3,0,75,205,0,0,0,0,0,0,0,0,0,3,0,0,0,0,1,2,55,1,1,8,1,0,0,1,6,16,7,4,2,"777777777777","777777777777","777777777777",1,1
27,270235,1,2,3,9,9,6,45,12,2,1,0,27,1,37,37,37037,5,2011,"JHMZE2H72BS0","J","H","M","Z","E","2","H","7","2","B","S","0",0,0,0,"000000000","00000000000",0,0,0,1,0,0,0,0,0,0,0,50,0,1,1,12,6,2,1,0,0,0,1,27,56345,6,1,0,0,3,0,70,230,0,0,0,0,0,0,0,0,0,0,0,0,0,0,1,2,50,1,5,4,2,0,0,1,62,7,9,1,51,"777777777777","777777777777","777777777777",1,0
27,270235,2,2,3,9,9,6,45,12,2,1,0,27,2,7,482,7482,31,2004,"1D7HU18D94S5","1","D","7","H","U","1","8","D","9","4","S","5",0,0,0,"000000000","00000000000",0,0,0,1,0,0,0,0,0,0,0,55,0,1,1,12,6,2,1,0,0,0,1,27,56479,6,1,0,0,3,0,74,150,1,0,0,2,1,9,2013,8,2015,9,28,58,0,0,1,2,50,1,6,4,2,0,0,1,10,15,9,2,50,"777777777777","777777777777","777777777777",0,0
27,270236,1,1,1,9,9,7,0,1,0,1,0,27,9,72,706,72706,80,1992,"1HD1FAL13NY5","1","H","D","1","F","A","L","1","3","N","Y","5",0,0,0,"000000000","00000000000",0,0,0,1,0,0,0,0,0,0,0,55,0,0,0,0,6,2,1,0,0,0,1,27,55106,6,1,0,0,3,0,73,195,2,0,0,2,0,12,2011,3,2016,9,0,0,0,0,1,2,55,3,1,8,1,0,0,14,13,99,9,4,1,"777777777777","777777777777","777777777777",1,1
27,270237,1,2,1,9,9,8,39,12,6,1,0,27,2,12,401,12401,14,2000,"1FMZU83P8YUB","1","F","M","Z","U","8","3","P","8","Y","U","B",0,0,0,"000000000","00000000000",0,0,0,1,0,0,0,0,0,0,0,998,0,0,0,12,6,2,12,0,0,0,1,27,55084,6,1,6,0,3,0,72,280,0,0,0,1,0,1,2015,1,2015,9,0,0,0,0,1,2,50,1,1,8,1,3,3,1,17,1,1,1,86,"777777777777","777777777777","777777777777",0,0
27,270237,2,2,3,9,9,8,39,12,6,1,0,27,1,20,25,20025,4,2014,"1G1PA5SH3E74","1","G","1","P","A","5","S","H","3","E","7","4",0,0,0,"000000000","00000000000",0,0,0,1,0,0,0,0,0,0,0,998,0,1,5,3,6,2,12,0,0,0,1,27,55074,6,1,0,0,3,0,65,130,0,0,0,0,0,0,0,0,0,9,0,0,0,0,1,2,55,1,1,8,1,0,0,1,66,1,1,1,87,"777777777777","777777777777","777777777777",1,0
27,270238,1,2,1,14,9,18,46,12,6,1,0,27,1,37,706,37706,80,2006,"JH2SC57066M2","J","H","2","S","C","5","7","0","6","6","M","2",0,0,0,"000000000","00000000000",0,0,0,1,0,0,0,0,0,0,0,80,0,0,0,12,6,2,12,0,0,0,1,27,56377,6,1,0,0,3,1,71,220,0,0,0,2,0,5,2016,8,2016,3,0,0,0,0,2,3,50,1,1,8,1,0,0,1,6,16,2,1,88,"777777777777","777777777777","777777777777",1,0
27,270238,2,2,1,14,9,18,46,12,6,1,0,27,1,6,441,6441,20,2003,"2C4GP74L83R1","2","C","4","G","P","7","4","L","8","3","R","1",0,0,0,"000000000","00000000000",0,0,0,1,0,0,0,0,0,0,0,15,0,0,0,8,6,2,12,0,0,0,1,27,56301,6,1,0,0,3,1,70,210,0,0,0,0,0,0,0,0,0,0,38,0,0,0,1,2,30,1,1,8,1,20,3,1,17,1,1,1,89,"777777777777","777777777777","777777777777",0,0
27,270239,1,2,2,18,9,17,36,12,1,1,0,27,2,7,442,7442,20,2000,"1B4GP44G1YB6","1","B","4","G","P","4","4","G","1","Y","B","6",0,0,0,"000000000","00000000000",0,0,0,1,0,0,0,0,0,0,0,998,0,0,0,6,6,2,12,0,0,0,1,27,55445,6,1,0,0,3,0,67,146,0,0,0,1,0,8,2014,8,2014,3,0,0,0,0,3,2,55,1,1,2,1,0,0,1,53,1,1,1,25,"777777777777","777777777777","777777777777",0,0
27,270239,2,2,1,18,9,17,36,12,1,1,0,27,3,37,706,37706,80,2009,"JH2SC59049K1","J","H","2","S","C","5","9","0","4","9","K","1",0,0,0,"000000000","00000000000",0,0,0,1,0,0,0,0,0,0,0,100,0,0,0,12,6,2,12,0,0,0,1,27,55428,6,1,0,0,3,0,70,210,0,0,0,2,1,4,2012,7,2015,3,36,0,0,0,3,2,55,1,1,2,1,0,0,15,51,98,9,1,24,"777777777777","777777777777","777777777777",1,0
27,270240,1,1,1,10,9,22,45,8,0,1,1,27,9,35,43,35043,4,2014,"3N1AB7AP8EY2","3","N","1","A","B","7","A","P","8","E","Y","2",0,0,0,"000000000","00000000000",0,0,0,1,0,0,0,0,0,0,0,998,0,0,0,12,4,3,8,0,0,0,1,99,99999,9,9,99,9,9,9,999,999,99,99,99,99,99,99,9999,99,9999,9,99,99,99,99,1,4,30,1,1,8,1,0,0,1,80,99,1,1,13,"777777777777","777777777777","777777777777",0,0
27,270241,1,2,2,16,9,1,34,12,6,1,1,27,2,18,2,18002,4,2001,"1G4HP54K9141","1","G","4","H","P","5","4","K","9","1","4","1",0,0,0,"000000000","00000000000",0,0,0,1,0,0,0,0,0,0,0,55,0,0,0,2,6,2,12,0,0,0,1,27,55069,2,1,0,0,2,0,74,185,0,3,0,0,0,1,2013,1,2016,0,39,36,0,0,1,2,55,1,1,2,2,20,3,1,17,1,1,1,87,"777777777777","777777777777","777777777777",1,1
27,270241,2,2,1,16,9,1,34,12,6,1,0,55,2,23,481,23481,31,1989,"1GTFC24Z1KE5","1","G","T","F","C","2","4","Z","1","K","E","5",0,0,0,"000000000","00000000000",0,0,0,1,0,0,0,0,0,0,0,998,0,0,0,12,6,2,12,0,0,0,1,55,53545,6,1,0,0,3,0,68,150,0,1,1,0,0,1,2013,1,2013,0,0,0,0,0,1,2,55,1,1,2,2,0,0,1,66,1,1,1,86,"777777777777","777777777777","777777777777",0,0