"STATE","ST_CASE","VEH_NO","VE_FORMS","NUMOCCS","DAY","MONTH","HOUR","MINUTE","HARM_EV","MAN_COLL","UNITTYPE","HIT_RUN","REG_STAT","OWNER","MAKE","MODEL","MAK_MOD","BODY_TYP","MOD_YEAR","VIN","VIN_1","VIN_2","VIN_3","VIN_4","VIN_5","VIN_6","VIN_7","VIN_8","VIN_9","VIN_10","VIN_11","VIN_12","TOW_VEH","J_KNIFE","MCARR_I1","MCARR_I2","MCARR_ID","GVWR","V_CONFIG","CARGO_BT","HAZ_INV","HAZ_PLAC","HAZ_ID","HAZ_CNO","HAZ_REL","BUS_USE","SPEC_USE","EMER_USE","TRAV_SP","UNDERIDE","ROLLOVER","ROLINLOC","IMPACT1","DEFORMED","TOWED","M_HARM","VEH_SC1","VEH_SC2","FIRE_EXP","DR_PRES","L_STATE","DR_ZIP","L_STATUS","L_TYPE","CDL_STAT","L_ENDORS","L_COMPL","L_RESTRI","DR_HGT","DR_WGT","PREV_ACC","PREV_SUS","PREV_DWI","PREV_SPD","PREV_OTH","FIRST_MO","FIRST_YR","LAST_MO","LAST_YR","SPEEDREL","DR_SF1","DR_SF2","DR_SF3","DR_SF4","VTRAFWAY","VNUM_LAN","VSPD_LIM","VALIGN","VPROFILE","VPAVETYP","VSURCOND","VTRAFCON","VTCONT_F","P_CRASH1","P_CRASH2","P_CRASH3","PCRASH4","PCRASH5","ACC_TYPE","TRLR1VIN","TRLR2VIN","TRLR3VIN","DEATHS","DR_DRINK"
28,280086,1,2,2,10,3,9,34,12,2,1,0,1,1,12,481,12481,31,2000,"1FTRX18L7YNB","1","F","T","R","X","1","8","L","7","Y","N","B",0,0,0,"000000000","00000000000",0,0,0,1,0,0,0,0,0,0,0,998,0,0,0,12,6,2,12,0,0,0,1,1,35570,6,1,6,0,3,0,72,210,0,0,0,0,0,0,0,0,0,0,0,0,0,0,1,2,55,1,1,2,1,0,0,1,62,1,1,1,51,"777777777777","777777777777","777777777777",0,0
28,280086,2,2,1,10,3,9,34,12,2,1,0,28,1,37,32,37032,4,1994,"JHMCD5636RC0","J","H","M","C","D","5","6","3","6","R","C","0",0,0,0,"000000000","00000000000",0,0,0,1,0,0,0,0,0,0,0,998,0,0,0,12,6,2,12,0,0,0,1,28,38821,6,1,0,0,3,0,70,125,98,0,0,3,0,9,2013,7,2015,0,0,0,0,0,1,2,55,1,1,2,1,0,0,1,10,1,1,2,50,"777777777777","777777777777","777777777777",1,0
28,280087,1,1,2,11,3,1,30,8,0,1,0,28,1,35,473,35473,31,2004,"1N6AA07A04N5","1","N","6","A","A","0","7","A","0","4","N","5",0,0,0,"000000000","00000000000",0,0,0,1,0,0,0,0,0,0,0,998,0,0,0,12,6,2,8,0,0,0,1,28,39532,6,1,0,0,3,0,72,175,98,0,0,1,0,6,2013,6,2013,0,86,0,0,0,3,4,50,1,1,2,1,0,0,1,80,1,1,1,13,"777777777777","777777777777","777777777777",0,0
28,280088,1,1,4,11,3,8,36,42,0,1,0,28,1,12,422,12422,15,2012,"1FMJU1H57CEF","1","F","M","J","U","1","H","5","7","C","E","F",0,0,0,"000000000","00000000000",0,0,0,1,0,0,0,0,0,0,0,998,0,0,0,2,6,2,42,0,0,0,1,28,39574,6,1,0,0,3,0,68,190,98,0,0,0,0,0,0,0,0,4,0,0,0,0,2,4,65,1,1,2,2,0,0,1,13,1,1,4,1,"777777777777","777777777777","777777777777",1,0
28,280089,1,1,2,11,3,17,46,32,0,1,0,28,2,12,481,12481,31,1996,"1FTEX15N3TKA","1","F","T","E","X","1","5","N","3","T","K","A",0,0,0,"000000000","00000000000",0,0,0,1,0,0,0,0,0,0,0,998,0,1,1,12,6,2,1,0,0,0,1,28,39402,1,1,0,0,2,0,72,180,98,0,0,0,0,0,0,0,0,0,0,0,0,0,1,2,45,1,1,2,2,0,0,1,12,1,1,4,6,"777777777777","777777777777","777777777777",1,0
28,280090,1,1,1,12,3,9,52,9,0,1,0,28,3,20,461,20461,21,2007,"1GCGG29VX712","1","G","C","G","G","2","9","V","X","7","1","2",0,0,0,"000000000","00000000000",0,0,0,1,0,0,0,0,0,0,0,998,0,0,0,12,6,2,9,0,0,0,1,22,70438,6,1,0,0,3,0,72,210,0,0,0,0,0,0,0,0,0,0,38,0,0,0,2,4,65,1,1,2,2,0,0,1,83,1,1,1,13,"777777777777","777777777777","777777777777",0,0
28,280091,1,1,1,13,3,3,15,35,0,1,0,28,1,12,17,12017,4,2001,"1FAFP55U11A1","1","F","A","F","P","5","5","U","1","1","A","1",0,0,0,"000000000","00000000000",0,0,0,1,0,0,0,0,0,0,0,998,0,0,0,12,6,2,2,0,0,1,1,28,38868,6,1,0,0,3,0,68,260,98,0,0,0,0,0,0,0,0,0,0,0,0,0,1,2,45,2,1,2,2,0,0,14,12,1,1,4,6,"777777777777","777777777777","777777777777",1,0
28,280092,1,2,1,13,3,16,55,12,6,1,0,28,1,63,38,63038,4,2010,"KNAFW4A34A52","K","N","A","F","W","4","A","3","4","A","5","2",0,0,0,"000000000","00000000000",0,0,0,1,0,0,0,0,0,0,0,998,0,0,0,3,6,2,12,0,0,0,1,28,39044,6,1,0,0,3,0,63,119,98,0,0,0,0,0,0,0,0,0,38,0,0,0,5,5,35,1,1,2,1,0,0,11,15,1,1,2,68,"777777777777","777777777777","777777777777",0,0
28,280092,2,2,1,13,3,16,55,12,6,1,0,28,1,37,706,37706,80,2007,"1HFSC550X7A3","1","H","F","S","C","5","5","0","X","7","A","3",0,0,0,"000000000","00000000000",0,0,0,1,0,0,0,0,0,0,0,998,0,0,0,12,6,2,12,0,0,0,1,28,39272,6,1,0,0,3,0,73,220,98,0,0,0,0,0,0,0,0,0,0,0,0,0,5,5,35,1,1,2,1,0,0,1,67,1,1,1,69,"777777777777","777777777777","777777777777",1,0
28,280093,1,1,1,15,3,20,36,34,0,1,0,28,1,23,481,23481,31,2001,"1GTEC14V01Z2","1","G","T","E","C","1","4","V","0","1","Z","2",0,0,0,"000000000","00000000000",0,0,0,1,0,0,0,0,0,0,0,998,0,1,5,12,6,2,1,0,0,0,1,28,39212,6,1,0,0,3,0,69,160,98,0,0,0,0,0,0,0,0,4,0,0,0,0,1,2,45,3,2,2,1,0,0,14,13,11,1,4,1,"777777777777","777777777777","777777777777",1,0
28,280094,1,3,3,16,3,21,29,12,8,1,0,28,1,18,401,18401,14,2004,"3G5DA03E14S5","3","G","5","D","A","0","3","E","1","4","S","5",0,0,0,"000000000","00000000000",0,0,0,1,0,0,0,0,0,0,0,998,0,0,0,61,6,2,12,0,0,0,1,28,38965,6,1,0,0,3,0,70,190,98,0,0,0,0,0,0,0,0,0,0,0,0,0,1,2,55,1,3,2,1,0,0,1,62,1,1,2,65,"777777777777","777777777777","777777777777",0,0
28,280094,2,3,1,16,3,21,29,12,8,1,0,28,3,51,881,51881,66,2006,"4V4M19GF56N4","4","V","4","M","1","9","G","F","5","6","N","4",2,1,28,"092261","28092261",3,7,1,1,0,0,0,0,0,0,0,998,0,0,0,12,6,2,12,0,0,0,1,28,38901,6,1,6,0,3,0,74,165,98,0,0,0,0,0,0,0,0,0,0,0,0,0,1,2,55,1,3,2,1,0,0,1,62,1,1,1,98,"999999999999","999999999999","777777777777",0,0
28,280094,3,3,1,16,3,21,29,12,8,1,0,1,2,21,20,21020,4,1995,"1G3WH52M6SF3","1","G","3","W","H","5","2","M","6","S","F","3",0,0,0,"000000000","00000000000",0,0,0,1,0,0,0,0,0,0,0,998,0,0,0,61,6,2,12,0,0,1,1,28,38965,1,1,0,0,2,0,68,185,98,0,0,0,0,0,0,0,0,0,0,0,0,0,1,2,55,1,3,2,1,0,0,1,10,1,1,2,64,"777777777777","777777777777","777777777777",1,0
28,280095,1,2,1,18,3,5,5,12,1,1,0,28,1,63,32,63032,4,2010,"KNADH4A31A66","K","N","A","D","H","4","A","3","1","A","6","6",0,0,0,"000000000","00000000000",0,0,0,1,0,0,0,0,0,0,0,998,0,0,0,12,6,2,12,0,0,0,1,28,39209,1,1,0,0,2,0,64,180,98,0,0,0,0,0,0,0,0,0,26,0,0,0,5,5,50,1,1,2,2,3,3,1,50,1,1,1,20,"777777777777","777777777777","777777777777",1,0
28,280095,2,2,1,18,3,5,5,12,1,1,0,28,3,51,881,51881,66,2006,"4V4NC9GH26N3","4","V","4","N","C","9","G","H","2","6","N","3",1,1,48,"1836511","481836511",3,6,11,1,0,0,0,0,0,0,0,0,0,0,0,6,2,5,12,0,0,0,1,28,38751,6,1,6,0,3,0,71,180,98,0,0,0,0,0,0,0,0,0,0,0,0,0,5,5,50,1,1,2,2,3,3,5,53,1,1,1,21,"999999999999","777777777777","777777777777",0,0
28,280096,1,1,1,18,3,13,45,42,0,1,0,28,1,12,398,12398,6,1997,"1FBHV31L6VHB","1","F","B","H","V","3","1","L","6","V","H","B",0,0,0,"000000000","00000000000",0,0,0,1,0,0,0,0,0,0,0,998,0,0,0,12,6,2,42,0,0,0,1,28,38866,6,1,0,0,3,0,72,200,98,0,0,0,0,0,0,0,0,0,0,0,0,0,2,4,70,1,1,2,1,0,0,1,13,1,1,4,1,"777777777777","777777777777","777777777777",1,0
28,280097,1,2,1,18,3,20,1,12,2,1,0,28,1,7,29,7029,4,2015,"1C3CDFAA8FD4","1","C","3","C","D","F","A","A","8","F","D","4",0,0,0,"000000000","00000000000",0,0,0,1,0,0,0,0,0,0,0,998,0,0,0,12,6,2,12,0,0,0,1,28,39073,6,1,0,0,3,0,71,185,98,0,0,1,0,2,2016,2,2016,0,38,0,0,0,1,2,55,1,1,2,2,0,0,1,10,1,1,2,50,"777777777777","777777777777","777777777777",0,0
28,280097,2,2,1,18,3,20,1,12,2,1,0,28,1,20,481,20481,31,1992,"1GCDC14Z4NZ2","1","G","C","D","C","1","4","Z","4","N","Z","2",0,0,0,"000000000","00000000000",0,0,0,1,0,0,0,0,0,0,0,998,0,0,0,12,6,2,12,0,0,0,1,28,39666,6,1,0,0,3,0,69,160,98,0,0,0,0,0,0,0,0,0,0,0,0,0,1,2,55,1,1,2,2,0,0,1,62,1,1,1,51,"777777777777","777777777777","777777777777",1,0
28,280098,1,1,1,19,3,4,38,8,0,1,0,28,2,20,37,20037,4,2002,"1G1ND52J32M5","1","G","1","N","D","5","2","J","3","2","M","5",0,0,0,"000000000","00000000000",0,0,0,1,0,0,0,0,0,0,0,998,0,0,0,12,6,2,8,0,0,0,1,28,39339,0,0,0,0,0,0,999,999,98,0,0,0,0,0,0,0,0,0,86,0,0,0,2,4,65,1,1,2,2,0,0,1,80,1,1,1,13,"777777777777","777777777777","777777777777",0,0
28,280099,1,2,1,21,3,16,42,12,1,1,0,28,1,52,39,52039,2,1997,"999999999999","9","9","9","9","9","9","9","9","9","9","9","9",0,0,0,"000000000","00000000000",0,0,0,1,0,0,0,0,0,0,0,998,0,0,0,6,6,2,12,0,0,0,1,28,38663,6,1,0,0,3,0,62,165,98,0,0,0,0,0,0,0,0,0,0,0,0,0,1,2,55,1,2,2,1,0,0,1,53,1,1,2,25,"777777777777","777777777777","777777777777",1,0
28,280099,2,2,1,21,3,16,42,12,1,1,0,28,1,7,482,7482,31,2000,"1B7HC16X3YS5","1","B","7","H","C","1","6","X","3","Y","S","5",0,0,0,"000000000","00000000000",0,0,0,1,0,0,0,0,0,0,0,998,0,0,0,12,6,2,12,0,0,0,1,28,38663,0,0,0,0,0,0,999,999,98,0,0,0,0,0,0,0,0,0,26,0,0,0,1,2,55,1,2,2,1,0,0,1,51,1,1,2,24,"777777777777","777777777777","777777777777",0,0
28,280100,1,2,3,21,3,23,51,12,2,1,0,28,2,13,398,13398,4,2005,"1LNHM81W05Y6","1","L","N","H","M","8","1","W","0","5","Y","6",0,0,0,"000000000","00000000000",0,0,0,1,0,0,0,0,0,0,0,998,0,0,0,12,6,2,12,0,0,0,1,28,39211,1,7,0,0,2,0,80,185,98,1,0,0,0,0,0,0,0,3,37,0,0,0,1,4,35,1,1,2,1,0,0,1,10,1,1,2,50,"777777777777","777777777777","777777777777",0,0
28,280100,2,2,1,21,3,23,51,12,2,1,0,28,1,37,32,37032,4,2000,"1HGCG5541YA0","1","H","G","C","G","5","5","4","1","Y","A","0",0,0,0,"000000000","00000000000",0,0,0,1,0,0,0,0,0,0,0,998,0,0,0,12,6,2,12,0,0,0,1,28,39209,1,1,0,0,2,0,72,145,98,0,0,0,2,8,2014,10,2014,0,0,0,0,0,1,4,35,1,1,2,1,0,0,1,62,1,1,2,51,"777777777777","777777777777","777777777777",1,0
28,280101,1,1,1,22,3,22,6,1,0,1,0,28,1,35,47,35047,4,2005,"1N4BL11D15C3","1","N","4","B","L","1","1","D","1","5","C","3",0,0,0,"000000000","00000000000",0,0,0,1,0,0,0,0,0,0,0,998,0,1,3,0,6,2,1,0,0,0,1,28,39150,6,1,0,0,3,0,65,160,98,0,0,1,0,7,2015,7,2015,0,0,0,0,0,2,4,70,1,1,2,1,0,0,1,12,9,5,4,6,"777777777777","777777777777","777777777777",1,0
28,280102,1,2,1,24,3,1,40,12,2,1,0,28,1,7,472,7472,31,2005,"1D7HE22K15S3","1","D","7","H","E","2","2","K","1","5","S","3",0,0,0,"000000000","00000000000",0,0,0,1,0,0,0,0,0,0,0,998,0,0,0,12,6,2,12,0,0,0,1,28,38618,6,1,0,0,3,0,72,208,98,0,0,0,0,0,0,0,0,0,0,0,0,0,1,2,45,1,2,2,1,0,0,1,62,1,1,1,51,"777777777777","777777777777","777777777777",1,1
28,280102,2,2,1,24,3,1,40,12,2,1,0,28,1,20,421,20421,15,2004,"1GNEC13Z24J1","1","G","N","E","C","1","3","Z","2","4","J","1",0,0,0,"000000000","00000000000",0,0,0,1,0,0,0,0,0,0,0,998,0,0,0,12,6,2,12,0,0,0,1,28,38668,6,1,0,0,3,0,71,175,98,0,0,0,0,0,0,0,0,0,0,0,0,0,1,2,45,1,2,2,1,0,0,1,10,1,1,2,50,"777777777777","777777777777","777777777777",1,1
28,280103,1,3,1,25,3,11,17,12,1,1,0,39,1,18,2,18002,4,1995,"1G4HP52L3SH4","1","G","4","H","P","5","2","L","3","S","H","4",0,0,0,"000000000","00000000000",0,0,0,1,0,0,0,0,0,0,0,998,0,0,0,6,6,2,12,0,0,0,1,39,43224,9,9,99,9,9,9,999,999,99,99,99,99,99,99,9999,99,9999,0,0,0,0,0,2,4,70,1,1,2,1,0,0,2,53,1,1,2,29,"777777777777","777777777777","777777777777",1,0
28,280103,2,3,2,25,3,11,17,12,1,1,0,47,1,37,31,37031,4,2016,"19XFC1F34GE0","1","9","X","F","C","1","F","3","4","G","E","0",0,0,0,"000000000","00000000000",0,0,0,1,0,0,0,0,0,0,0,998,0,0,0,12,6,2,12,0,0,0,1,47,38018,6,1,0,0,3,0,999,999,0,0,0,0,0,0,0,0,0,0,0,0,0,0,2,4,70,1,1,2,1,0,0,1,52,1,1,1,28,"777777777777","777777777777","777777777777",0,0
28,280103,3,3,1,25,3,11,17,12,1,1,0,28,1,19,24,19024,4,2015,"1G6AA5RA7F01","1","G","6","A","A","5","R","A","7","F","0","1",0,0,0,"000000000","00000000000",0,0,0,1,0,0,0,0,0,0,0,998,0,0,0,12,2,5,12,0,0,0,1,28,39669,6,1,0,0,3,0,65,170,98,0,0,0,0,0,0,0,0,0,0,0,0,0,2,4,70,1,1,2,1,0,0,1,62,1,1,2,98,"777777777777","777777777777","777777777777",0,0
28,280104,1,1,3,25,3,14,21,24,0,1,0,28,1,20,481,20481,31,2009,"3GCEC33J69G1","3","G","C","E","C","3","3","J","6","9","G","1",0,0,0,"000000000","00000000000",0,0,0,1,0,0,0,0,0,0,0,998,0,0,0,12,6,2,24,0,0,0,1,28,39564,6,1,0,0,3,0,68,150,98,0,0,0,0,0,0,0,0,0,0,0,0,0,1,2,35,1,1,1,2,0,0,1,13,1,1,4,1,"777777777777","777777777777","777777777777",1,0
28,280105,1,1,1,25,3,15,33,30,0,1,0,28,0,13,13,13013,4,2006,"3LNHM261X6R6","3","L","N","H","M","2","6","1","X","6","R","6",0,0,0,"000000000","00000000000",0,0,0,1,0,0,0,0,0,0,0,998,0,0,0,12,6,2,30,0,0,0,1,28,38824,6,1,0,0,3,0,61,125,98,0,0,0,0,0,0,0,0,3,0,0,0,0,1,2,55,1,3,2,1,0,0,1,13,1,1,4,1,"777777777777","777777777777","777777777777",1,1
28,280106,1,1,5,27,3,17,19,8,0,1,0,28,2,22,32,22032,6,2003,"5Y2SL62883Z4","5","Y","2","S","L","6","2","8","8","3","Z","4",0,0,0,"000000000","00000000000",0,0,0,1,0,0,0,0,0,0,0,998,0,0,0,12,2,5,8,0,0,0,1,47,38120,6,1,0,0,3,0,73,170,0,2,0,0,0,3,2016,3,2016,0,86,0,0,0,2,4,70,1,1,2,1,0,0,1,80,1,1,1,13,"777777777777","777777777777","777777777777",0,0
28,280107,1,2,1,27,3,19,31,12,6,1,0,28,1,35,399,35399,4,1994,"1N6SD11S9RC3","1","N","6","S","D","1","1","S","9","R","C","3",0,0,0,"000000000","00000000000",0,0,0,1,0,0,0,0,0,0,0,998,0,0,0,4,6,2,12,0,0,0,1,28,39452,6,1,0,0,3,0,71,200,98,0,0,0,0,0,0,0,0,0,38,0,0,0,1,2,98,1,1,2,2,0,0,1,17,1,1,2,87,"777777777777","777777777777","777777777777",1,0
28,280107,2,2,2,27,3,19,31,12,6,1,0,28,1,49,40,49040,4,2007,"4T1BE46K27U5","4","T","1","B","E","4","6","K","2","7","U","5",0,0,0,"000000000","00000000000",0,0,0,1,0,0,0,0,0,0,0,998,0,0,0,12,6,2,12,0,0,0,1,28,39563,6,1,0,0,3,0,68,185,98,0,0,0,0,0,0,0,0,0,0,0,0,0,2,4,65,1,1,2,2,0,0,1,66,1,1,1,86,"777777777777","777777777777","777777777777",0,0
28,280109,1,1,1,28,3,8,49,34,0,1,0,28,2,20,16,20016,2,2004,"1G1JC12FX472","1","G","1","J","C","1","2","F","X","4","7","2",0,0,0,"000000000","00000000000",0,0,0,1,0,0,0,0,0,0,0,998,0,1,5,12,6,2,1,0,0,0,1,28,39564,6,1,0,0,3,0,67,147,98,0,0,0,0,0,0,0,0,0,0,0,0,0,2,4,65,1,2,2,1,0,0,1,13,8,1,4,1,"777777777777","777777777777","777777777777",1,0
28,280110,1,2,2,29,3,13,10,12,6,1,0,28,3,84,884,84884,64,2008,"1HTMKAAN18H6","1","H","T","M","K","A","A","N","1","8","H","6",0,0,28,"1632773","281632773",3,2,1,1,0,0,0,0,0,0,0,998,0,0,0,3,6,2,12,0,0,0,1,28,38804,6,1,0,0,3,0,72,175,98,0,0,0,0,0,0,0,0,0,38,0,0,0,2,4,55,1,1,2,1,21,3,1,17,1,1,2,87,"777777777777","777777777777","777777777777",1,0
28,280110,2,2,1,29,3,13,10,12,6,1,0,28,3,86,881,86881,63,2015,"1M2AX04CXFM0","1","M","2","A","X","0","4","C","X","F","M","0",0,0,99,"999999999","99999999999",3,2,4,1,0,0,0,0,0,0,0,998,0,0,0,12,6,2,12,0,0,0,1,28,38863,6,1,6,0,3,0,67,230,98,0,0,0,0,0,0,0,0,0,0,0,0,0,2,4,55,1,1,2,1,0,0,1,66,1,1,1,86,"777777777777","777777777777","777777777777",0,0
28,280111,1,1,2,21,2,0,21,42,0,1,0,28,1,7,24,7024,4,2013,"2C3CDXBG1DH6","2","C","3","C","D","X","B","G","1","D","H","6",0,0,0,"000000000","00000000000",0,0,0,1,0,0,0,0,0,0,0,998,0,0,0,12,6,2,42,0,0,0,1,28,39307,1,1,0,0,2,0,65,145,98,1,1,0,0,2,2016,2,2016,0,0,0,0,0,1,2,45,2,1,2,1,0,0,14,12,1,1,4,6,"777777777777","777777777777","777777777777",1,1
28,280112,1,2,2,27,1,17,24,12,6,1,0,28,1,2,403,2403,14,1991,"888888888888","8","8","8","8","8","8","8","8","8","8","8","8",0,0,0,"000000000","00000000000",0,0,0,1,0,0,0,0,0,0,0,998,0,0,0,12,6,2,12,0,0,0,1,28,38641,6,1,0,0,3,0,70,255,98,0,0,1,0,8,2014,8,2014,0,0,0,0,0,1,2,45,1,1,2,1,0,0,1,66,1,1,1,88,"777777777777","777777777777","777777777777",0,0
28,280112,2,2,1,27,1,17,24,12,6,1,0,28,1,18,2,18002,4,2005,"888888888888","8","8","8","8","8","8","8","8","8","8","8","8",0,0,0,"000000000","00000000000",0,0,0,1,0,0,0,0,0,0,0,998,0,0,0,9,6,2,12,0,0,0,1,28,38618,6,1,0,0,3,0,65,145,98,0,0,0,0,0,0,0,0,0,38,0,0,0,1,2,25,1,1,2,1,20,3,1,17,1,1,2,89,"777777777777","777777777777","777777777777",1,0
28,280113,1,2,1,12,2,12,1,12,2,1,0,28,1,49,472,49472,30,2016,"5TFCZ5AN4GX0","5","T","F","C","Z","5","A","N","4","G","X","0",0,0,0,"000000000","00000000000",0,0,0,1,0,0,0,0,0,0,0,998,0,0,0,12,6,2,12,0,0,0,1,28,39601,6,1,0,0,3,0,69,175,98,0,0,0,0,0,0,0,0,0,0,0,0,0,1,2,35,1,3,2,1,0,0,1,62,1,1,2,51,"777777777777","777777777777","777777777777",0,0
28,280113,2,2,1,12,2,12,1,12,2,1,0,28,2,35,47,35047,4,2008,"1N4AL21E38C1","1","N","4","A","L","2","1","E","3","8","C","1",0,0,0,"000000000","00000000000",0,0,0,1,0,0,0,0,0,0,0,998,0,0,0,12,6,2,12,0,0,0,1,28,39647,1,1,0,0,2,0,72,240,98,0,0,1,0,1,2016,1,2016,0,0,0,0,0,1,2,35,1,3,2,1,0,0,1,10,1,1,2,50,"777777777777","777777777777","777777777777",1,0
28,280114,1,1,2,17,1,0,30,8,0,1,0,28,1,35,47,35047,4,2005,"1N4AL11D15N4","1","N","4","A","L","1","1","D","1","5","N","4",0,0,0,"000000000","00000000000",0,0,0,1,0,0,0,0,0,0,0,998,0,0,0,12,6,2,8,0,0,0,1,28,39601,6,1,0,0,3,0,68,170,98,0,0,0,0,0,0,0,0,0,86,0,0,0,2,2,70,1,1,2,1,0,0,1,13,1,2,4,98,"777777777777","777777777777","777777777777",0,0
28,280115,1,1,1,18,1,11,40,1,0,1,0,28,1,98,739,98739,90,9999,"888888888888","8","8","8","8","8","8","8","8","8","8","8","8",0,0,0,"000000000","00000000000",0,0,0,1,0,0,0,0,0,0,0,999,0,2,5,0,9,9,1,0,0,0,1,28,39194,6,1,0,0,3,0,72,250,98,0,0,0,0,0,0,0,0,0,0,0,0,0,1,2,99,1,1,2,1,0,0,1,12,12,2,4,6,"777777777777","777777777777","777777777777",1,0
28,280116,1,2,1,24,2,20,55,12,2,1,0,28,0,55,35,55035,4,2009,"KMHDU46D89U6","K","M","H","D","U","4","6","D","8","9","U","6",0,0,0,"000000000","00000000000",0,0,0,1,0,0,0,0,0,0,0,0,0,0,0,12,6,2,12,0,0,0,1,28,39117,6,1,0,0,3,0,64,135,98,0,0,0,0,0,0,0,0,0,0,0,0,0,5,5,40,1,1,2,1,0,0,5,62,1,1,1,51,"777777777777","777777777777","777777777777",1,0
28,280116,2,2,1,24,2,20,55,12,2,1,0,28,1,54,31,54031,3,1993,"JH4DA9484PS0","J","H","4","D","A","9","4","8","4","P","S","0",0,0,0,"000000000","00000000000",0,0,0,1,0,0,0,0,0,0,0,998,0,0,0,12,6,2,12,0,0,0,1,28,39532,6,1,0,0,3,0,69,148,98,0,0,1,0,5,2014,5,2014,0,0,0,0,0,5,5,40,1,1,2,1,0,0,1,10,1,1,2,50,"777777777777","777777777777","777777777777",0,0
28,280117,1,1,1,3,3,23,39,34,0,1,0,28,1,22,2,22002,4,2001,"1G2HX54K3142","1","G","2","H","X","5","4","K","3","1","4","2",0,0,0,"000000000","00000000000",0,0,0,1,0,0,0,0,0,0,0,998,0,0,0,12,6,2,42,0,0,0,1,28,39149,6,1,0,0,3,0,72,175,98,0,0,1,0,12,2015,12,2015,0,0,0,0,0,1,2,55,2,2,2,2,0,0,14,12,1,1,4,6,"777777777777","777777777777","777777777777",1,0
28,280118,1,1,1,4,3,12,5,34,0,1,0,28,2,22,22,22022,4,2007,"1G2ZG58N7742","1","G","2","Z","G","5","8","N","7","7","4","2",0,0,0,"000000000","00000000000",0,0,0,1,0,0,0,0,0,0,0,998,0,1,5,12,6,2,1,0,0,0,1,28,38761,0,0,0,0,0,0,999,999,98,0,0,0,0,0,0,0,0,0,0,0,0,0,2,4,65,1,1,2,1,0,0,1,12,1,1,4,6,"777777777777","777777777777","777777777777",1,0
28,280119,1,1,2,6,3,7,54,42,0,1,0,28,1,49,32,49032,4,2012,"2T1BU4EE7CC8","2","T","1","B","U","4","E","E","7","C","C","8",0,0,0,"000000000","00000000000",0,0,0,1,0,0,0,0,0,0,0,998,0,0,0,12,6,2,42,0,0,0,1,28,39475,6,1,0,0,3,0,56,135,98,0,0,0,0,0,0,0,0,0,0,0,0,0,1,2,35,3,1,2,1,0,0,14,13,1,1,4,1,"777777777777","777777777777","777777777777",1,0
28,280120,1,2,1,7,3,19,19,12,6,1,0,28,1,20,481,20481,31,2000,"1GCEC14V0YZ1","1","G","C","E","C","1","4","V","0","Y","Z","1",0,0,0,"000000000","00000000000",0,0,0,1,0,0,0,0,0,0,0,998,0,0,0,12,6,2,12,0,0,0,1,28,39443,6,1,0,0,3,0,71,225,98,0,0,0,0,0,0,0,0,0,0,0,0,0,1,2,45,1,1,2,1,3,3,1,19,1,1,2,86,"777777777777","777777777777","777777777777",1,0
28,280120,2,2,1,7,3,19,19,12,6,1,0,28,1,23,461,23461,21,2003,"1GTFG25T8311","1","G","T","F","G","2","5","T","8","3","1","1",0,0,0,"000000000","00000000000",0,0,0,1,0,0,0,0,0,0,0,998,0,0,0,2,6,2,12,0,0,0,1,28,39168,6,1,0,0,3,0,73,201,98,0,0,0,0,0,0,0,0,0,0,0,0,0,5,5,45,1,1,2,1,0,0,1,68,1,1,1,87,"777777777777","777777777777","777777777777",0,0
28,280121,1,1,2,23,3,20,9,42,0,1,0,28,1,6,43,6043,4,2008,"1C3LD66M98N2","1","C","3","L","D","6","6","M","9","8","N","2",0,0,0,"000000000","00000000000",0,0,0,1,0,0,0,0,0,0,0,998,0,0,0,12,6,2,42,0,0,0,1,28,39629,6,1,0,0,3,0,71,165,98,0,0,1,0,3,2015,3,2015,0,0,0,0,0,1,2,45,3,1,2,1,0,0,14,13,1,1,4,1,"777777777777","777777777777","777777777777",1,0
28,280122,1,2,2,29,3,14,6,12,2,1,0,28,1,20,2,20002,4,2015,"2G11X5SL2F91","2","G","1","1","X","5","S","L","2","F","9","1",0,0,0,"000000000","00000000000",0,0,0,1,0,0,0,0,0,0,0,998,0,0,0,12,6,2,12,0,0,0,1,28,39601,6,1,0,0,3,0,64,132,98,0,0,0,0,0,0,0,0,0,0,0,0,0,1,2,45,1,3,2,1,0,0,1,62,1,1,1,51,"777777777777","777777777777","777777777777",0,0
28,280122,2,2,4,29,3,14,6,12,2,1,0,28,2,35,51,35051,6,2011,"JN8AS5MT1BW1","J","N","8","A","S","5","M","T","1","B","W","1",0,0,0,"000000000","00000000000",0,0,0,1,0,0,0,0,0,0,0,998,0,0,0,12,6,2,12,0,0,0,1,28,39666,6,1,0,0,3,0,63,130,98,0,0,0,0,0,0,0,0,3,0,0,0,0,1,2,45,1,3,2,1,0,0,1,10,1,1,2,50,"777777777777","777777777777","777777777777",1,0
28,280123,1,1,1,30,3,19,39,1,0,1,0,28,1,18,3,18003,4,2002,"1G4CW54KX241","1","G","4","C","W","5","4","K","X","2","4","1",0,0,0,"000000000","00000000000",0,0,0,1,0,0,0,0,0,0,0,998,0,1,5,0,6,2,1,0,0,0,1,28,38639,6,1,0,0,3,0,72,241,98,0,0,0,0,0,0,0,0,0,0,0,0,0,1,2,55,1,1,2,1,0,0,1,12,12,2,4,6,"777777777777","777777777777","777777777777",1,0