"STATE","ST_CASE","VEH_NO","VE_FORMS","NUMOCCS","DAY","MONTH","HOUR","MINUTE","HARM_EV","MAN_COLL","UNITTYPE","HIT_RUN","REG_STAT","OWNER","MAKE","MODEL","MAK_MOD","BODY_TYP","MOD_YEAR","VIN","VIN_1","VIN_2","VIN_3","VIN_4","VIN_5","VIN_6","VIN_7","VIN_8","VIN_9","VIN_10","VIN_11","VIN_12","TOW_VEH","J_KNIFE","MCARR_I1","MCARR_I2","MCARR_ID","GVWR","V_CONFIG","CARGO_BT","HAZ_INV","HAZ_PLAC","HAZ_ID","HAZ_CNO","HAZ_REL","BUS_USE","SPEC_USE","EMER_USE","TRAV_SP","UNDERIDE","ROLLOVER","ROLINLOC","IMPACT1","DEFORMED","TOWED","M_HARM","VEH_SC1","VEH_SC2","FIRE_EXP","DR_PRES","L_STATE","DR_ZIP","L_STATUS","L_TYPE","CDL_STAT","L_ENDORS","L_COMPL","L_RESTRI","DR_HGT","DR_WGT","PREV_ACC","PREV_SUS","PREV_DWI","PREV_SPD","PREV_OTH","FIRST_MO","FIRST_YR","LAST_MO","LAST_YR","SPEEDREL","DR_SF1","DR_SF2","DR_SF3","DR_SF4","VTRAFWAY","VNUM_LAN","VSPD_LIM","VALIGN","VPROFILE","VPAVETYP","VSURCOND","VTRAFCON","VTCONT_F","P_CRASH1","P_CRASH2","P_CRASH3","PCRASH4","PCRASH5","ACC_TYPE","TRLR1VIN","TRLR2VIN","TRLR3VIN","DEATHS","DR_DRINK"
28,280194,2,3,2,10,5,11,26,12,7,1,0,16,1,2,404,2404,14,2016,"1C4PJMCS6GW1","1","C","4","P","J","M","C","S","6","G","W","1",0,0,0,"000000000","00000000000",0,0,0,1,0,0,0,0,0,0,0,999,0,0,0,6,6,2,12,0,0,0,1,16,83815,6,1,0,0,3,0,72,217,0,0,0,0,0,0,0,0,0,0,0,0,0,0,3,4,70,1,1,2,1,0,0,1,61,1,1,2,98,"777777777777","777777777777","777777777777",0,0
28,280194,3,3,2,10,5,11,26,12,7,1,0,28,1,12,3,12003,1,1999,"1FAFP4445XF1","1","F","A","F","P","4","4","4","5","X","F","1",0,0,0,"000000000","00000000000",0,0,0,1,0,0,0,0,0,0,0,999,0,0,0,61,6,2,12,0,0,0,1,28,39183,6,1,0,0,3,0,67,230,98,0,0,0,0,0,0,0,0,0,0,0,0,0,3,4,70,1,1,2,1,0,0,15,10,1,1,2,47,"777777777777","777777777777","777777777777",1,0
28,280195,1,1,1,10,5,11,29,10,0,1,0,28,1,13,5,13005,4,1994,"1LNLM82W9RY7","1","L","N","L","M","8","2","W","9","R","Y","7",0,0,0,"000000000","00000000000",0,0,0,1,0,0,0,0,0,0,0,998,0,0,0,1,6,2,10,0,0,0,1,28,39307,6,1,0,0,3,0,66,195,98,0,0,0,0,0,0,0,0,0,38,39,0,0,1,2,45,1,1,2,1,65,3,1,17,1,1,2,12,"777777777777","777777777777","777777777777",1,0
28,280196,1,1,1,10,5,22,10,9,0,1,0,28,1,49,40,49040,4,2001,"4T1BG22K51U0","4","T","1","B","G","2","2","K","5","1","U","0",0,0,0,"000000000","00000000000",0,0,0,1,0,0,0,0,0,0,0,999,0,0,0,12,6,2,9,0,0,0,1,28,39705,6,1,0,0,3,0,67,160,98,0,0,0,0,0,0,0,0,0,0,0,0,0,1,2,35,1,1,2,1,0,0,1,83,16,2,3,13,"777777777777","777777777777","777777777777",0,0
28,280197,1,1,1,11,5,15,15,42,0,1,0,28,1,7,41,7041,4,1996,"1B3HD46T5TF1","1","B","3","H","D","4","6","T","5","T","F","1",0,0,0,"000000000","00000000000",0,0,0,1,0,0,0,0,0,0,0,999,0,0,0,12,6,2,42,0,0,0,1,28,38671,6,1,0,0,3,0,69,170,98,0,0,0,0,0,0,0,0,0,0,0,0,0,1,2,35,1,1,2,1,0,0,1,12,1,1,4,6,"777777777777","777777777777","777777777777",1,0
28,280198,1,2,1,11,5,20,3,12,2,1,0,28,1,20,421,20421,15,1999,"1GNCS18W4XK1","1","G","N","C","S","1","8","W","4","X","K","1",0,0,0,"000000000","00000000000",0,0,0,1,0,0,0,0,0,0,0,999,0,0,0,12,6,2,12,0,0,0,1,24,20601,6,1,0,0,3,0,74,155,0,0,0,2,0,12,2013,7,2014,0,0,0,0,0,1,2,45,1,1,2,1,0,0,1,62,1,1,1,51,"777777777777","777777777777","777777777777",1,0
28,280198,2,2,1,11,5,20,3,12,2,1,0,28,1,20,422,20422,15,2005,"3GNGK26G15G1","3","G","N","G","K","2","6","G","1","5","G","1",0,0,0,"000000000","00000000000",0,0,0,1,0,0,0,0,0,0,0,999,0,0,0,12,6,2,12,0,0,0,1,28,39157,6,1,0,0,3,0,63,105,98,0,0,0,0,0,0,0,0,0,0,0,0,0,1,2,45,1,1,2,1,0,0,1,10,1,1,2,50,"777777777777","777777777777","777777777777",0,1
28,280199,1,1,1,12,5,6,0,42,0,1,0,28,1,20,481,20481,31,1996,"2GCEC19W3T11","2","G","C","E","C","1","9","W","3","T","1","1",0,0,0,"000000000","00000000000",0,0,0,1,0,0,0,0,0,0,0,999,0,0,0,12,6,2,42,0,0,0,1,28,39063,6,1,0,0,3,0,69,200,98,0,0,0,0,0,0,0,0,0,0,0,0,0,3,4,70,1,1,2,1,0,0,1,13,1,1,4,1,"777777777777","777777777777","777777777777",1,0
28,280200,1,2,1,12,5,13,55,12,1,1,0,18,1,82,881,82881,66,2010,"1FUJGLDR2ASA","1","F","U","J","G","L","D","R","2","A","S","A",2,1,48,"265752","48265752",3,7,1,1,0,0,0,0,0,0,0,999,0,0,0,12,6,2,12,0,0,0,1,28,38661,6,1,6,0,3,0,64,195,98,0,0,0,0,0,0,0,0,0,26,0,0,0,2,4,70,1,1,2,1,0,0,1,51,1,1,1,24,"888888888888","888888888888","777777777777",0,0
28,280200,2,2,1,12,5,13,55,12,1,1,0,28,1,20,481,20481,31,1989,"1GCDC14K5KE2","1","G","C","D","C","1","4","K","5","K","E","2",0,0,0,"000000000","00000000000",0,0,0,1,0,0,0,0,0,0,0,999,0,0,0,6,6,2,12,0,0,0,1,28,38632,6,1,0,0,3,0,72,210,98,1,0,2,3,12,2015,4,2016,0,0,0,0,0,2,4,70,1,1,2,1,0,0,1,53,1,1,1,25,"777777777777","777777777777","777777777777",1,0
28,280201,1,2,1,12,5,15,59,12,6,1,0,28,1,12,481,12481,31,2007,"1FTPX14V77NA","1","F","T","P","X","1","4","V","7","7","N","A",0,0,0,"000000000","00000000000",0,0,0,1,0,0,0,0,0,0,0,999,0,1,1,12,6,2,12,0,0,0,1,28,39175,6,1,0,0,3,0,68,170,98,0,0,1,0,1,2015,1,2015,0,0,0,0,0,1,2,55,1,1,2,1,0,0,1,71,1,1,1,88,"777777777777","777777777777","777777777777",0,0
28,280201,2,2,1,12,5,15,59,12,6,1,0,28,1,12,481,12481,31,1995,"1FTEF15N5SLA","1","F","T","E","F","1","5","N","5","S","L","A",0,0,0,"000000000","00000000000",0,0,0,1,0,0,0,0,0,0,0,999,0,1,1,9,6,2,12,0,0,0,1,28,39066,6,1,0,0,3,0,65,150,98,0,0,0,0,0,0,0,0,0,38,0,0,0,1,2,55,1,1,2,1,0,0,1,17,1,1,2,89,"777777777777","777777777777","777777777777",1,1
28,280202,1,2,1,13,5,15,34,12,2,1,0,28,1,23,481,23481,31,1999,"1GTEK19T7XE5","1","G","T","E","K","1","9","T","7","X","E","5",0,0,0,"000000000","00000000000",0,0,0,1,0,0,0,0,0,0,0,999,0,0,0,12,2,5,12,0,0,0,1,28,38611,6,1,0,0,3,0,70,175,98,0,1,0,0,3,2015,3,2015,0,38,0,0,0,1,2,55,1,1,2,1,0,0,1,10,1,1,2,50,"777777777777","777777777777","777777777777",0,0
28,280202,2,2,3,13,5,15,34,12,2,1,0,28,1,35,43,35043,4,2007,"3N1AB61E07L6","3","N","1","A","B","6","1","E","0","7","L","6",0,0,0,"000000000","00000000000",0,0,0,1,0,0,0,0,0,0,0,999,0,0,0,12,6,2,12,0,0,0,1,28,38611,6,1,0,0,3,0,60,148,98,0,0,0,0,0,0,0,0,0,0,0,0,0,1,2,55,1,1,2,1,0,0,1,62,1,1,1,51,"777777777777","777777777777","777777777777",1,0
28,280203,1,1,4,13,5,15,30,35,0,1,0,28,2,63,33,63033,4,2002,"KNAFB1218251","K","N","A","F","B","1","2","1","8","2","5","1",0,0,0,"000000000","00000000000",0,0,0,1,0,0,0,0,0,0,0,998,0,1,5,12,6,2,1,0,0,0,1,28,38855,6,1,0,0,3,0,77,279,98,0,0,0,2,4,2014,10,2014,0,0,0,0,0,1,2,45,1,1,2,1,0,0,1,13,8,1,4,1,"777777777777","777777777777","777777777777",3,0
28,280204,1,1,2,13,5,16,41,35,0,1,0,28,1,18,3,18003,4,1997,"1G4CU5218V46","1","G","4","C","U","5","2","1","8","V","4","6",0,0,0,"000000000","00000000000",0,0,0,1,0,0,0,0,0,0,0,999,0,1,5,12,6,2,1,0,0,0,1,28,39744,6,1,0,0,3,0,71,220,98,0,0,0,0,0,0,0,0,3,0,0,0,0,1,2,45,1,1,2,1,0,0,1,13,8,5,4,1,"777777777777","777777777777","777777777777",1,0
28,280205,1,1,1,14,5,5,32,42,0,1,0,28,1,22,18,22018,2,1999,"1G2NW12E5XM7","1","G","2","N","W","1","2","E","5","X","M","7",0,0,0,"000000000","00000000000",0,0,0,1,0,0,0,0,0,0,0,998,0,0,0,12,6,2,42,0,0,0,1,28,39668,6,1,0,0,3,0,64,160,98,0,0,0,0,0,0,0,0,0,0,0,0,0,1,2,45,1,1,2,1,0,0,1,9,8,2,4,1,"777777777777","777777777777","777777777777",1,0
28,280206,1,1,1,14,5,21,11,1,0,1,0,28,1,7,472,7472,31,1995,"1B7GL23Y9SS2","1","B","7","G","L","2","3","Y","9","S","S","2",0,0,0,"000000000","00000000000",0,0,0,1,0,0,0,0,0,0,0,998,0,1,5,0,6,2,1,0,0,0,1,28,39648,6,1,0,0,3,0,71,240,98,0,0,0,0,0,0,0,0,0,0,0,0,0,1,2,45,1,1,2,1,0,0,1,10,9,1,4,1,"777777777777","777777777777","777777777777",1,0
28,280207,1,1,2,15,5,13,19,42,0,1,0,22,1,20,37,20037,4,2005,"1G1ZT52815F3","1","G","1","Z","T","5","2","8","1","5","F","3",0,0,0,"000000000","00000000000",0,0,0,1,0,0,0,0,0,0,0,998,0,0,0,12,6,2,42,0,0,0,1,22,71225,6,1,0,0,3,0,63,165,0,0,0,1,0,7,2012,7,2012,0,0,0,0,0,2,4,65,1,1,2,1,0,0,1,13,1,1,4,1,"777777777777","777777777777","777777777777",2,0
28,280208,1,1,1,15,5,15,50,1,0,1,0,28,1,23,471,23471,30,1998,"1GTCS1446W85","1","G","T","C","S","1","4","4","6","W","8","5",0,0,0,"000000000","00000000000",0,0,0,1,0,0,0,0,0,0,0,999,0,1,1,0,6,2,1,0,0,0,1,28,39451,6,1,0,0,3,0,63,145,98,0,0,0,0,0,0,0,0,3,0,0,0,0,1,2,45,3,1,2,1,0,0,14,6,9,5,3,98,"777777777777","777777777777","777777777777",1,0
28,280209,1,1,1,15,5,21,41,34,0,1,0,28,1,12,471,12471,30,2002,"1FTYR14V32PB","1","F","T","Y","R","1","4","V","3","2","P","B",0,0,0,"000000000","00000000000",0,0,0,1,0,0,0,0,0,0,0,999,0,1,5,12,6,2,1,0,0,0,1,28,39213,0,0,0,0,0,0,999,999,98,0,0,0,0,0,0,0,0,4,0,0,0,0,1,2,50,1,1,2,1,0,0,1,13,8,1,4,1,"777777777777","777777777777","777777777777",1,1
28,280210,1,3,1,16,5,13,30,12,6,1,0,28,1,18,2,18002,4,1998,"1G4HP52K9WH4","1","G","4","H","P","5","2","K","9","W","H","4",0,0,0,"000000000","00000000000",0,0,0,1,0,0,0,0,0,0,0,999,0,0,0,3,6,2,12,0,0,0,1,28,38654,6,1,0,0,3,0,63,155,98,0,0,0,0,0,0,0,0,0,38,0,0,0,5,5,45,1,1,2,1,3,3,11,15,1,1,2,68,"777777777777","777777777777","777777777777",1,0
28,280210,2,3,4,16,5,13,30,12,6,1,0,28,1,20,37,20037,4,2014,"1G11C5SL9EF1","1","G","1","1","C","5","S","L","9","E","F","1",0,0,0,"000000000","00000000000",0,0,0,1,0,0,0,0,0,0,0,999,0,0,0,12,6,2,12,0,0,0,1,47,38125,6,1,0,0,3,0,62,125,0,0,0,1,1,1,2013,3,2014,0,0,0,0,0,5,5,45,1,1,2,1,3,3,1,66,1,1,2,69,"777777777777","777777777777","777777777777",0,0
28,280210,3,3,1,16,5,13,30,12,6,1,0,28,2,35,472,35472,30,2002,"5N1ED28T62C5","5","N","1","E","D","2","8","T","6","2","C","5",0,0,0,"000000000","00000000000",0,0,0,1,0,0,0,0,0,0,0,0,0,0,0,12,2,5,12,0,0,0,1,28,38654,6,1,0,0,3,0,65,140,98,0,0,0,0,0,0,0,0,0,0,0,0,0,5,5,45,1,1,2,1,3,3,5,62,1,1,1,98,"777777777777","777777777777","777777777777",0,0
28,280211,1,2,3,16,5,16,50,12,6,1,0,28,1,35,47,35047,4,2015,"1N4AL3AP1FN3","1","N","4","A","L","3","A","P","1","F","N","3",0,0,0,"000000000","00000000000",0,0,0,1,0,0,0,0,0,0,0,999,0,0,0,12,6,2,12,0,0,0,1,28,39367,6,1,0,0,3,0,71,190,98,0,0,0,0,0,0,0,0,0,0,0,0,0,2,4,65,1,1,2,1,0,0,1,66,6,1,2,88,"777777777777","777777777777","777777777777",0,0
28,280211,2,2,1,16,5,16,50,12,6,1,0,28,2,37,31,37031,2,2006,"2HGFG12616H5","2","H","G","F","G","1","2","6","1","6","H","5",0,0,0,"000000000","00000000000",0,0,0,1,0,0,0,0,0,0,0,998,0,0,0,9,6,2,12,0,0,0,1,28,39773,6,1,0,0,3,0,64,125,98,0,0,0,0,0,0,0,0,0,39,0,0,0,2,4,65,1,1,2,1,20,3,1,17,1,1,2,89,"777777777777","777777777777","777777777777",1,0
28,280212,1,1,1,16,5,18,43,35,0,1,0,28,2,12,422,12422,15,2003,"1FMRU17LX3LA","1","F","M","R","U","1","7","L","X","3","L","A",0,0,0,"000000000","00000000000",0,0,0,1,0,0,0,0,0,0,0,998,0,0,0,12,6,2,42,0,0,0,1,28,39429,6,1,0,0,3,0,63,175,98,0,0,0,0,0,0,0,0,0,0,0,0,0,1,2,45,1,1,2,1,0,0,1,13,8,1,4,1,"777777777777","777777777777","777777777777",1,0
28,280213,1,2,1,17,5,13,27,12,6,1,0,28,3,86,881,86881,66,2015,"1M1AW31Y4FM0","1","M","1","A","W","3","1","Y","4","F","M","0",1,1,39,"090831","39090831",3,6,2,1,0,0,0,0,0,0,0,999,0,0,0,12,2,5,12,0,0,0,1,28,39601,6,1,6,0,3,0,70,150,98,0,0,1,0,11,2014,11,2014,0,0,0,0,0,2,4,45,1,1,2,1,3,3,1,65,1,1,2,77,"888888888888","777777777777","777777777777",0,0
28,280213,2,2,1,17,5,13,27,12,6,1,0,28,1,21,441,21441,20,1995,"1GHDU06L0ST3","1","G","H","D","U","0","6","L","0","S","T","3",0,0,0,"000000000","00000000000",0,0,0,1,0,0,0,0,0,0,0,999,0,0,0,2,6,2,12,0,0,0,1,28,39083,1,1,0,0,2,0,75,175,98,0,0,0,0,0,0,0,0,0,0,0,0,0,2,4,45,1,1,2,1,3,3,11,15,1,1,2,76,"777777777777","777777777777","777777777777",1,1
28,280214,1,1,1,18,5,17,50,34,0,1,0,47,1,49,53,49053,5,2015,"4T3ZA3BB3FU0","4","T","3","Z","A","3","B","B","3","F","U","0",0,0,0,"000000000","00000000000",0,0,0,1,0,0,0,0,0,0,0,998,0,1,5,12,6,2,1,0,0,0,1,47,38017,6,1,0,0,3,0,63,230,0,0,0,0,0,0,0,0,0,0,0,0,0,0,1,2,55,1,1,2,1,0,0,1,13,1,1,4,1,"777777777777","777777777777","777777777777",1,0
28,280215,1,1,3,18,5,18,13,10,0,1,0,28,1,7,482,7482,31,1994,"3B7HC16Z1RM5","3","B","7","H","C","1","6","Z","1","R","M","5",0,0,0,"000000000","00000000000",0,0,0,1,0,0,0,0,0,0,0,998,0,0,0,3,6,2,10,0,0,0,1,28,39071,6,1,0,0,3,0,68,185,98,0,0,0,0,0,0,0,0,0,38,0,0,0,1,2,30,2,1,2,1,65,3,14,17,1,1,1,12,"777777777777","777777777777","777777777777",3,0
28,280216,1,2,1,20,5,6,25,12,6,1,0,28,1,20,25,20025,4,2011,"1G1PG5S99B71","1","G","1","P","G","5","S","9","9","B","7","1",0,0,0,"000000000","00000000000",0,0,0,1,0,0,0,0,0,0,0,999,0,0,0,12,6,2,12,0,0,0,1,28,39301,6,1,0,0,3,0,68,165,98,0,0,0,0,0,0,0,0,0,0,0,0,0,5,5,65,1,1,2,2,0,0,1,65,1,1,2,79,"777777777777","777777777777","777777777777",0,0
28,280216,2,2,4,20,5,6,25,12,6,1,0,28,1,20,37,20037,4,2005,"1G1ZT548X5F1","1","G","1","Z","T","5","4","8","X","5","F","1",0,0,0,"000000000","00000000000",0,0,0,1,0,0,0,0,0,0,0,999,0,0,0,7,6,2,12,0,0,0,1,28,39206,1,1,0,0,2,0,71,195,98,0,0,1,0,5,2014,5,2014,0,38,0,0,0,5,5,65,1,1,2,2,0,0,10,16,1,1,2,78,"777777777777","777777777777","777777777777",1,0
28,280217,1,1,2,20,5,15,49,42,0,1,0,28,1,7,482,7482,31,1998,"3B7HC13Y8WG2","3","B","7","H","C","1","3","Y","8","W","G","2",0,0,0,"000000000","00000000000",0,0,0,1,0,0,0,0,0,0,0,999,0,0,0,12,6,2,42,0,0,0,1,28,39653,6,1,0,0,3,0,71,160,98,0,0,0,0,0,0,0,0,0,0,0,0,0,2,4,70,1,1,2,1,0,0,1,12,1,1,4,6,"777777777777","777777777777","777777777777",1,0
28,280218,1,1,1,21,5,2,30,42,0,1,0,28,1,34,34,34034,4,2006,"WBAVB13556PT","W","B","A","V","B","1","3","5","5","6","P","T",0,0,0,"000000000","00000000000",0,0,0,1,0,0,0,0,0,0,0,999,0,0,0,12,6,2,42,0,0,1,1,28,39503,6,1,0,0,3,0,74,160,98,0,1,0,0,11,2014,11,2014,0,0,0,0,0,1,2,55,3,1,2,1,0,0,14,13,1,1,4,1,"777777777777","777777777777","777777777777",1,0
28,280219,1,1,1,21,5,16,0,42,0,1,0,28,1,20,421,20421,15,1997,"1GNCS13W7V22","1","G","N","C","S","1","3","W","7","V","2","2",0,0,0,"000000000","00000000000",0,0,0,1,0,0,0,0,0,0,0,999,0,1,5,12,6,2,1,0,0,0,1,28,39111,6,1,0,0,3,0,78,235,98,0,0,0,0,0,0,0,0,0,0,0,0,0,1,2,55,1,1,2,1,0,0,1,12,1,1,4,6,"777777777777","777777777777","777777777777",1,1
28,280220,1,1,2,21,5,18,16,5,0,1,0,28,1,98,734,98734,90,2015,"3JBLWAP22FJ0","3","J","B","L","W","A","P","2","2","F","J","0",0,0,0,"000000000","00000000000",0,0,0,1,0,0,0,0,0,0,0,998,0,0,0,0,0,5,5,0,0,0,1,28,39046,6,1,0,0,3,0,74,278,98,0,0,0,0,0,0,0,0,0,0,0,0,0,1,2,98,1,1,2,1,0,0,1,98,1,1,1,0,"777777777777","777777777777","777777777777",1,0
28,280221,1,2,2,21,5,22,4,12,8,1,0,28,1,12,481,12481,31,1998,"1FTZF1725WNA","1","F","T","Z","F","1","7","2","5","W","N","A",0,0,0,"000000000","00000000000",0,0,0,1,0,0,0,0,0,0,0,999,0,0,0,10,6,2,12,0,0,0,1,28,38860,6,1,0,0,3,0,68,200,98,0,0,0,0,0,0,0,0,0,0,0,0,0,1,2,55,1,1,2,1,0,0,1,62,1,1,2,65,"777777777777","777777777777","777777777777",0,0
28,280221,2,2,3,21,5,22,4,12,8,1,0,28,1,49,40,49040,4,2003,"4T1BF32K93U5","4","T","1","B","F","3","2","K","9","3","U","5",0,0,0,"000000000","00000000000",0,0,0,1,0,0,0,0,0,0,0,999,0,0,0,10,6,2,12,0,0,0,1,28,38801,6,1,0,0,3,0,69,155,98,0,0,0,0,0,0,0,0,0,0,0,0,0,1,2,55,1,1,2,1,0,0,1,10,1,1,2,64,"777777777777","777777777777","777777777777",1,0
28,280222,1,2,1,22,5,10,19,12,2,1,0,28,1,18,401,18401,14,2003,"3G5DA03E63S5","3","G","5","D","A","0","3","E","6","3","S","5",0,0,0,"000000000","00000000000",0,0,0,1,0,0,0,0,0,0,0,998,0,0,0,12,6,2,12,0,0,0,1,28,39565,6,1,0,0,3,0,77,290,98,0,0,0,0,0,0,0,0,0,0,0,0,0,1,2,30,3,1,2,1,0,0,14,62,1,1,1,51,"777777777777","777777777777","777777777777",0,0
28,280222,2,2,1,22,5,10,19,12,2,1,0,28,1,63,37,63037,6,2014,"KNFJN1A2XE70","K","N","F","J","N","1","A","2","X","E","7","0",0,0,0,"000000000","00000000000",0,0,0,1,0,0,0,0,0,0,0,999,0,0,0,12,6,2,12,0,0,0,1,28,39565,6,1,0,0,3,0,69,198,98,0,0,0,0,0,0,0,0,0,0,0,0,0,1,2,30,2,1,2,1,0,0,14,10,1,1,2,50,"777777777777","777777777777","777777777777",1,0
28,280223,1,1,1,22,5,14,1,35,0,1,0,28,1,20,471,20471,30,1996,"1GCCS1445T81","1","G","C","C","S","1","4","4","5","T","8","1",0,0,0,"000000000","00000000000",0,0,0,1,0,0,0,0,0,0,0,999,0,1,5,12,6,2,1,0,0,0,1,28,39573,6,1,0,0,3,0,71,210,98,0,0,0,0,0,0,0,0,0,0,0,0,0,1,2,45,1,1,2,1,0,0,1,12,9,1,4,6,"777777777777","777777777777","777777777777",1,0
28,280224,1,1,1,22,5,16,36,1,0,1,0,28,1,20,421,20421,15,2004,"1GNCS18XX4K1","1","G","N","C","S","1","8","X","X","4","K","1",0,0,0,"000000000","00000000000",0,0,0,1,0,0,0,0,0,0,0,998,0,1,5,0,6,2,1,0,0,0,1,28,39573,6,1,0,0,3,0,71,250,98,0,0,0,0,0,0,0,0,0,0,0,0,0,1,2,55,1,1,2,1,28,3,1,12,9,1,4,6,"777777777777","777777777777","777777777777",1,0
28,280225,1,1,2,23,5,9,34,35,0,1,0,28,1,12,481,12481,31,2004,"1FTRW12W74KB","1","F","T","R","W","1","2","W","7","4","K","B",0,0,0,"000000000","00000000000",0,0,0,1,0,0,0,0,0,0,0,999,0,0,0,12,6,2,35,0,0,0,1,28,38647,6,1,0,0,3,0,68,225,98,0,0,0,0,0,0,0,0,0,0,0,0,0,1,2,55,1,1,2,1,0,0,1,13,1,1,4,1,"777777777777","777777777777","777777777777",1,0
28,280226,1,2,1,23,5,15,30,12,2,1,0,1,2,87,884,87884,63,1998,"1XP5DB9XXWD4","1","X","P","5","D","B","9","X","X","W","D","4",0,0,1,"2009128","012009128",3,2,4,1,0,0,0,0,0,0,0,999,0,0,0,12,6,2,12,0,0,0,1,1,36502,6,1,6,0,3,0,71,220,1,0,0,0,1,8,2014,9,2014,0,0,0,0,0,1,2,55,1,1,2,1,0,0,1,62,9,9,1,51,"777777777777","777777777777","777777777777",0,0
28,280226,2,2,1,23,5,15,30,12,2,1,0,28,1,13,1,13001,4,1997,"1LNLM82W0VY7","1","L","N","L","M","8","2","W","0","V","Y","7",0,0,0,"000000000","00000000000",0,0,0,1,0,0,0,0,0,0,0,999,0,0,0,12,6,2,12,0,0,0,1,28,39423,6,1,0,0,3,0,64,135,98,0,0,0,0,0,0,0,0,0,0,0,0,0,1,2,55,1,1,2,1,0,0,1,10,1,1,2,50,"777777777777","777777777777","777777777777",1,0
28,280227,1,1,2,25,5,2,51,42,0,1,0,28,1,37,32,37032,2,2002,"1HGCG22572A0","1","H","G","C","G","2","2","5","7","2","A","0",0,0,0,"000000000","00000000000",0,0,0,1,0,0,0,0,0,0,0,998,0,0,0,12,6,2,42,0,0,0,1,28,39212,1,1,0,0,2,0,68,140,98,0,0,0,0,0,0,0,0,0,0,0,0,0,1,2,30,3,1,2,1,0,0,14,13,1,1,4,1,"777777777777","777777777777","777777777777",1,0
28,280228,1,2,1,25,5,4,5,12,6,1,0,28,1,76,705,76705,80,1999,"JYAVM01E6XA0","J","Y","A","V","M","0","1","E","6","X","A","0",0,0,0,"000000000","00000000000",0,0,0,1,0,0,0,0,0,0,0,998,0,0,0,12,6,2,12,0,0,0,1,28,39581,1,1,0,0,2,0,999,999,98,0,0,0,0,0,0,0,0,0,0,0,0,0,2,4,45,1,1,2,1,0,0,1,66,1,1,1,88,"777777777777","777777777777","777777777777",1,1
28,280228,2,2,1,25,5,4,5,12,6,1,0,1,1,22,22,22022,4,2006,"1G2ZG558X641","1","G","2","Z","G","5","5","8","X","6","4","1",0,0,0,"000000000","00000000000",0,0,0,1,0,0,0,0,0,0,0,999,0,0,0,9,6,2,12,0,0,0,1,1,36695,6,1,0,0,3,0,74,238,0,0,0,0,0,0,0,0,0,0,38,0,0,0,6,2,70,1,1,2,1,20,3,1,17,1,1,1,89,"777777777777","777777777777","777777777777",0,0
28,280229,1,1,1,25,5,23,35,1,0,1,0,28,1,20,481,20481,31,2003,"2GCEC19T8312","2","G","C","E","C","1","9","T","8","3","1","2",0,0,0,"000000000","00000000000",0,0,0,1,0,0,0,0,0,0,0,998,0,1,5,0,6,2,1,0,0,0,1,28,39119,6,1,0,0,3,0,70,155,98,0,0,0,0,0,0,0,0,0,0,0,0,0,2,4,65,1,1,2,1,0,0,1,13,8,3,4,1,"777777777777","777777777777","777777777777",1,0
28,280230,1,2,1,26,5,11,25,12,6,1,0,28,1,12,481,12481,31,2014,"1FTFW1CF6EFA","1","F","T","F","W","1","C","F","6","E","F","A",0,0,0,"000000000","00000000000",0,0,0,1,0,0,0,0,0,0,0,999,0,0,0,12,6,2,12,0,0,0,1,28,38641,6,1,0,0,3,0,62,135,98,0,0,0,0,0,0,0,0,0,0,0,0,0,1,2,55,1,1,2,1,0,0,1,66,1,1,1,88,"777777777777","777777777777","777777777777",0,0
28,280230,2,2,1,26,5,11,25,12,6,1,0,28,1,35,47,35047,4,2011,"1N4AL2AP6BN4","1","N","4","A","L","2","A","P","6","B","N","4",0,0,0,"000000000","00000000000",0,0,0,1,0,0,0,0,0,0,0,999,0,0,0,9,6,2,12,0,0,0,1,28,38672,1,1,0,0,2,0,65,135,98,0,0,0,0,0,0,0,0,0,38,0,0,0,1,2,55,1,1,2,1,20,3,1,17,1,1,1,89,"777777777777","777777777777","777777777777",1,0
28,280231,1,1,1,26,5,12,17,8,0,1,0,28,1,20,2,20002,4,2004,"2G1WH52K7492","2","G","1","W","H","5","2","K","7","4","9","2",0,0,0,"000000000","00000000000",0,0,0,1,0,0,0,0,0,0,0,998,0,0,0,12,2,5,8,0,0,0,1,28,38826,6,1,0,0,3,0,64,233,98,0,0,0,0,0,0,0,0,0,0,0,0,0,1,2,55,1,2,2,1,0,0,1,80,1,1,1,13,"777777777777","777777777777","777777777777",0,0
28,280232,1,1,1,26,5,13,38,34,0,1,0,28,1,20,22,20022,2,2009,"1G1AT18H5972","1","G","1","A","T","1","8","H","5","9","7","2",0,0,0,"000000000","00000000000",0,0,0,1,0,0,0,0,0,0,0,999,0,1,5,12,6,2,1,0,0,0,1,28,38631,6,1,0,0,3,0,63,280,98,0,0,0,0,0,0,0,0,0,0,0,0,0,2,4,65,1,1,2,1,0,0,1,13,8,2,4,1,"777777777777","777777777777","777777777777",1,0
28,280233,1,2,3,27,5,22,29,12,2,1,0,28,1,20,2,20002,4,2008,"2G1WT58K0813","2","G","1","W","T","5","8","K","0","8","1","3",0,0,0,"000000000","00000000000",0,0,0,1,0,0,0,0,0,0,0,999,0,0,0,12,6,2,12,0,0,0,1,28,39483,6,1,0,0,3,0,63,123,98,0,0,0,0,0,0,0,0,0,0,0,0,0,2,4,65,1,3,2,1,0,0,1,62,1,1,2,51,"777777777777","777777777777","777777777777",2,0