"STATE","ST_CASE","VEH_NO","VE_FORMS","NUMOCCS","DAY","MONTH","HOUR","MINUTE","HARM_EV","MAN_COLL","UNITTYPE","HIT_RUN","REG_STAT","OWNER","MAKE","MODEL","MAK_MOD","BODY_TYP","MOD_YEAR","VIN","VIN_1","VIN_2","VIN_3","VIN_4","VIN_5","VIN_6","VIN_7","VIN_8","VIN_9","VIN_10","VIN_11","VIN_12","TOW_VEH","J_KNIFE","MCARR_I1","MCARR_I2","MCARR_ID","GVWR","V_CONFIG","CARGO_BT","HAZ_INV","HAZ_PLAC","HAZ_ID","HAZ_CNO","HAZ_REL","BUS_USE","SPEC_USE","EMER_USE","TRAV_SP","UNDERIDE","ROLLOVER","ROLINLOC","IMPACT1","DEFORMED","TOWED","M_HARM","VEH_SC1","VEH_SC2","FIRE_EXP","DR_PRES","L_STATE","DR_ZIP","L_STATUS","L_TYPE","CDL_STAT","L_ENDORS","L_COMPL","L_RESTRI","DR_HGT","DR_WGT","PREV_ACC","PREV_SUS","PREV_DWI","PREV_SPD","PREV_OTH","FIRST_MO","FIRST_YR","LAST_MO","LAST_YR","SPEEDREL","DR_SF1","DR_SF2","DR_SF3","DR_SF4","VTRAFWAY","VNUM_LAN","VSPD_LIM","VALIGN","VPROFILE","VPAVETYP","VSURCOND","VTRAFCON","VTCONT_F","P_CRASH1","P_CRASH2","P_CRASH3","PCRASH4","PCRASH5","ACC_TYPE","TRLR1VIN","TRLR2VIN","TRLR3VIN","DEATHS","DR_DRINK"
28,280313,2,2,2,1,7,5,36,12,1,1,0,28,1,12,16,12016,4,2009,"2FAHP71V09X1","2","F","A","H","P","7","1","V","0","9","X","1",0,0,0,"000000000","00000000000",0,0,0,1,0,0,0,0,0,0,0,999,0,0,0,12,6,2,12,0,0,0,1,28,39702,6,1,0,0,3,0,71,215,98,0,0,0,0,0,0,0,0,0,0,0,0,0,2,4,70,1,1,2,1,0,0,1,51,1,1,3,24,"777777777777","777777777777","777777777777",2,0
28,280314,1,1,1,1,7,6,24,1,0,1,0,28,1,53,706,53706,80,2014,"JS1GX72B8E21","J","S","1","G","X","7","2","B","8","E","2","1",0,0,0,"000000000","00000000000",0,0,0,1,0,0,0,0,0,0,0,999,0,0,0,0,6,2,1,0,0,0,1,28,38655,6,1,0,0,3,0,74,245,98,0,0,1,0,5,2015,5,2015,0,0,0,0,0,1,2,55,1,1,2,1,0,0,1,12,1,1,4,6,"777777777777","777777777777","777777777777",1,0
28,280315,1,1,2,1,7,11,9,1,0,1,0,28,1,12,481,12481,31,2006,"1FTRF12256NB","1","F","T","R","F","1","2","2","5","6","N","B",0,0,0,"000000000","00000000000",0,0,0,1,0,0,0,0,0,0,0,999,0,1,5,0,6,2,1,0,0,0,1,28,39092,6,1,0,0,3,0,59,97,98,0,0,0,0,0,0,0,0,0,0,0,0,0,1,2,55,1,1,2,1,0,0,1,13,1,1,4,1,"777777777777","777777777777","777777777777",1,1
28,280316,1,1,2,2,7,3,24,8,0,1,0,28,1,23,401,23401,14,2002,"1GKDT13S2221","1","G","K","D","T","1","3","S","2","2","2","1",0,0,0,"000000000","00000000000",0,0,0,1,0,0,0,0,0,0,0,999,0,0,0,12,2,5,8,0,0,0,1,28,39474,6,1,0,0,3,0,71,170,98,0,0,0,0,0,0,0,0,0,0,0,0,0,1,2,40,1,1,2,1,0,0,1,80,1,1,1,13,"777777777777","777777777777","777777777777",0,0
28,280317,1,2,1,2,7,11,38,12,6,1,0,28,1,20,481,20481,31,1999,"1GCEK19R4XR1","1","G","C","E","K","1","9","R","4","X","R","1",0,0,0,"000000000","00000000000",0,0,0,1,0,0,0,0,0,0,0,999,0,0,0,12,6,2,12,0,0,0,1,28,39301,6,1,0,0,3,0,67,180,98,0,0,0,0,0,0,0,0,0,0,0,0,0,1,2,45,1,1,2,1,0,0,1,66,1,1,1,69,"777777777777","777777777777","777777777777",0,0
28,280317,2,2,1,2,7,11,38,12,6,1,0,28,1,20,471,20471,30,1996,"1GCCS19X8T82","1","G","C","C","S","1","9","X","8","T","8","2",0,0,0,"000000000","00000000000",0,0,0,1,0,0,0,0,0,0,0,998,0,0,0,1,6,2,12,0,0,0,1,28,39301,6,1,0,0,3,0,72,160,98,0,0,0,0,0,0,0,0,0,0,0,0,0,1,2,45,1,1,2,1,0,0,11,15,1,1,2,68,"777777777777","777777777777","777777777777",1,0
28,280318,1,1,1,2,7,16,11,35,0,1,0,28,1,6,43,6043,4,2003,"1C3EL56R73N5","1","C","3","E","L","5","6","R","7","3","N","5",0,0,0,"000000000","00000000000",0,0,0,1,0,0,0,0,0,0,0,998,0,1,5,12,6,2,1,0,0,0,1,28,38843,3,1,0,0,2,0,70,180,98,0,0,0,0,0,0,0,0,0,0,0,0,0,1,2,45,1,2,2,1,0,0,1,13,1,1,4,1,"777777777777","777777777777","777777777777",1,0
28,280319,1,1,1,3,7,6,30,30,0,1,0,28,1,52,401,52401,14,1997,"JA4MT31P7VP0","J","A","4","M","T","3","1","P","7","V","P","0",0,0,0,"000000000","00000000000",0,0,0,1,0,0,0,0,0,0,0,998,0,1,5,12,6,2,1,0,0,0,1,28,39301,0,0,0,0,0,0,999,999,98,0,0,0,0,0,0,0,0,0,0,0,0,0,1,2,55,1,1,2,1,0,0,1,12,1,1,4,6,"777777777777","777777777777","777777777777",1,0
28,280320,1,3,2,3,7,14,3,12,6,1,0,28,1,14,6,14006,4,1996,"2MELM74W9TX6","2","M","E","L","M","7","4","W","9","T","X","6",0,0,0,"000000000","00000000000",0,0,0,1,0,0,0,0,0,0,0,998,0,0,0,5,2,5,12,0,0,0,1,28,39203,6,1,0,0,3,0,69,200,98,0,0,0,0,0,0,0,0,0,0,0,0,0,5,5,35,1,1,2,1,0,0,1,60,1,1,2,98,"777777777777","777777777777","777777777777",0,0
28,280320,2,3,1,3,7,14,3,12,6,1,0,28,1,53,705,53705,80,2003,"JS1GN7BA7321","J","S","1","G","N","7","B","A","7","3","2","1",0,0,0,"000000000","00000000000",0,0,0,1,0,0,0,0,0,0,0,998,0,0,0,12,6,2,12,0,0,0,1,28,39209,1,1,0,0,2,0,72,192,98,0,0,0,0,0,0,0,0,0,0,0,0,0,5,5,35,1,1,2,1,0,0,1,62,1,1,2,69,"777777777777","777777777777","777777777777",1,0
28,280320,3,3,1,3,7,14,3,12,6,1,0,28,1,37,32,37032,4,2010,"1HGCP2F79AA0","1","H","G","C","P","2","F","7","9","A","A","0",0,0,0,"000000000","00000000000",0,0,0,1,0,0,0,0,0,0,0,998,0,0,0,3,6,2,12,0,0,0,1,28,39206,6,1,0,0,3,0,69,165,98,0,0,0,0,0,0,0,0,0,38,0,0,0,5,5,35,1,1,2,1,0,0,11,15,1,1,2,68,"777777777777","777777777777","777777777777",0,0
28,280321,1,2,1,3,7,18,7,12,2,1,0,28,1,2,403,2403,14,2015,"1C4AJWAG4FL5","1","C","4","A","J","W","A","G","4","F","L","5",0,0,0,"000000000","00000000000",0,0,0,1,0,0,0,0,0,0,0,999,0,0,0,12,6,2,12,0,0,0,1,28,39365,6,1,0,0,3,0,67,120,98,0,0,0,0,0,0,0,0,0,0,0,0,0,1,2,55,1,1,2,1,0,0,1,10,1,1,2,50,"777777777777","777777777777","777777777777",0,0
28,280321,2,2,1,3,7,18,7,12,2,1,0,28,1,20,23,20023,6,2010,"3GNBAADB2AS5","3","G","N","B","A","A","D","B","2","A","S","5",0,0,0,"000000000","00000000000",0,0,0,1,0,0,0,0,0,0,0,999,0,0,0,12,6,2,12,0,0,0,1,48,78373,6,1,0,0,3,0,999,999,0,0,0,0,0,0,0,0,0,0,0,0,0,0,1,2,55,1,1,2,1,0,0,1,11,1,1,2,51,"777777777777","777777777777","777777777777",1,0
28,280322,1,1,1,4,7,5,1,1,0,1,0,28,1,20,2,20002,4,2013,"2G1WG5E34D12","2","G","1","W","G","5","E","3","4","D","1","2",0,0,0,"000000000","00000000000",0,0,0,1,0,0,0,0,0,0,0,998,0,1,5,0,6,2,2,0,0,1,1,28,38622,6,1,0,0,3,0,65,127,98,0,0,0,0,0,0,0,0,0,0,0,0,0,1,2,55,1,1,2,1,0,0,1,12,1,1,4,6,"777777777777","777777777777","777777777777",1,1
28,280323,1,1,1,4,7,0,41,32,0,1,0,28,1,35,39,35039,4,2004,"1N4BA41E24C8","1","N","4","B","A","4","1","E","2","4","C","8",0,0,0,"000000000","00000000000",0,0,0,1,0,0,0,0,0,0,0,998,0,1,5,12,6,2,1,0,0,0,1,28,39439,6,1,0,0,3,0,71,152,98,0,0,0,0,0,0,0,0,0,0,0,0,0,1,2,55,3,2,2,1,0,0,14,13,1,1,4,1,"777777777777","777777777777","777777777777",1,0
28,280324,1,1,4,4,7,17,10,1,0,1,0,28,1,2,403,2403,14,2000,"1J4FA59S6YP7","1","J","4","F","A","5","9","S","6","Y","P","7",0,0,0,"000000000","00000000000",0,0,0,1,0,0,0,0,0,0,0,999,0,1,5,0,6,2,1,0,0,0,1,28,39047,6,1,0,0,3,0,72,160,98,0,0,0,0,0,0,0,0,3,0,0,0,0,1,2,45,1,1,2,1,0,0,1,12,9,1,4,6,"777777777777","777777777777","777777777777",1,0
28,280325,1,1,6,4,7,18,45,1,0,1,0,28,1,20,421,20421,15,2000,"1GNEC13T0YJ1","1","G","N","E","C","1","3","T","0","Y","J","1",0,0,0,"000000000","00000000000",0,0,0,1,0,0,0,0,0,0,0,999,0,1,3,0,6,2,1,0,0,0,1,22,70006,0,0,0,0,0,0,65,145,0,0,0,0,0,0,0,0,0,0,0,0,0,0,3,4,70,1,1,2,1,0,0,1,12,9,2,4,6,"777777777777","777777777777","777777777777",1,0
28,280326,1,1,1,5,7,5,0,8,0,1,1,99,9,99,999,99999,99,9999,"999999999999","9","9","9","9","9","9","9","9","9","9","9","9",9,0,99,"999999999","99999999999",9,99,99,1,0,0,0,0,0,0,0,999,0,0,0,12,2,5,8,0,0,0,1,99,99999,9,9,99,9,9,9,999,999,99,99,99,99,99,99,9999,99,9999,9,99,99,99,99,1,2,98,1,1,2,1,0,0,1,80,1,1,1,13,"777777777777","777777777777","777777777777",0,0
28,280327,1,2,3,6,7,6,24,12,2,1,0,28,1,20,401,20401,14,2002,"1GNDS13S2223","1","G","N","D","S","1","3","S","2","2","2","3",0,0,0,"000000000","00000000000",0,0,0,1,0,0,0,0,0,0,0,999,0,1,5,12,6,2,12,0,0,0,1,28,39111,6,1,0,0,3,0,70,190,98,0,0,0,0,0,0,0,0,0,0,0,0,0,1,2,45,1,1,2,1,0,0,1,62,1,1,2,51,"777777777777","777777777777","777777777777",0,0
28,280327,2,2,2,6,7,6,24,12,2,1,0,28,1,6,14,6014,4,1992,"1C3XV66R5ND7","1","C","3","X","V","6","6","R","5","N","D","7",0,0,0,"000000000","00000000000",0,0,0,1,0,0,0,0,0,0,0,999,0,1,5,12,6,2,1,0,0,0,1,28,39208,6,1,0,0,3,0,66,155,98,0,0,1,0,12,2014,12,2014,0,28,0,0,0,1,2,45,1,1,2,1,0,0,1,10,1,1,2,50,"777777777777","777777777777","777777777777",1,0
28,280328,1,1,1,7,7,6,39,34,0,1,0,28,1,12,3,12003,2,2006,"1ZVHT82H2652","1","Z","V","H","T","8","2","H","2","6","5","2",0,0,0,"000000000","00000000000",0,0,0,1,0,0,0,0,0,0,0,999,0,0,0,12,6,2,42,0,0,0,1,28,39322,6,1,6,0,1,0,69,155,98,0,0,0,1,6,2014,6,2014,0,0,0,0,0,2,4,65,1,1,2,1,0,0,1,12,1,1,4,6,"777777777777","777777777777","777777777777",1,0
28,280329,1,2,1,7,7,13,17,12,6,1,0,28,1,7,24,7024,4,2006,"2B3KA53H46H3","2","B","3","K","A","5","3","H","4","6","H","3",0,0,0,"000000000","00000000000",0,0,0,1,0,0,0,0,0,0,0,999,0,0,0,12,6,2,12,0,0,0,1,28,39402,6,1,0,0,3,0,72,200,98,0,0,0,0,0,0,0,0,0,0,0,0,0,5,5,45,1,1,2,1,3,3,1,66,1,1,1,88,"777777777777","777777777777","777777777777",0,0
28,280329,2,2,1,7,7,13,17,12,6,1,0,28,1,21,441,21441,20,2004,"1GHDX03E24D1","1","G","H","D","X","0","3","E","2","4","D","1",0,0,0,"000000000","00000000000",0,0,0,1,0,0,0,0,0,0,0,999,0,0,0,9,6,2,12,0,0,0,1,28,39455,6,1,0,0,3,0,71,180,98,0,0,0,0,0,0,0,0,0,0,0,0,0,1,2,45,1,1,2,1,3,3,1,17,1,1,1,89,"777777777777","777777777777","777777777777",1,0
28,280330,1,1,1,7,7,21,13,35,0,1,0,28,1,2,404,2404,14,1998,"1J4GZ78Y5WC3","1","J","4","G","Z","7","8","Y","5","W","C","3",0,0,0,"000000000","00000000000",0,0,0,1,0,0,0,0,0,0,0,999,0,1,5,12,6,2,1,0,0,0,1,28,38614,1,1,0,0,2,0,71,200,98,0,0,1,0,4,2016,4,2016,0,0,0,0,0,1,2,45,1,1,2,1,0,0,1,12,9,2,4,6,"777777777777","777777777777","777777777777",1,0
28,280331,1,2,2,7,7,21,32,12,2,1,0,28,1,20,37,20037,4,2006,"1G1ZU538X6F2","1","G","1","Z","U","5","3","8","X","6","F","2",0,0,0,"000000000","00000000000",0,0,0,1,0,0,0,0,0,0,0,998,0,0,0,12,6,2,12,0,0,0,1,28,39059,6,1,0,0,3,0,68,177,98,0,0,0,0,0,0,0,0,0,0,0,0,0,1,2,55,1,1,2,1,0,0,1,62,1,1,2,51,"777777777777","777777777777","777777777777",0,0
28,280331,2,2,3,7,7,21,32,12,2,1,0,28,1,22,2,22002,4,1998,"1G2HX52K1WH2","1","G","2","H","X","5","2","K","1","W","H","2",0,0,0,"000000000","00000000000",0,0,0,1,0,0,0,0,0,0,0,998,0,0,0,12,6,2,12,0,0,0,1,28,39180,6,1,0,0,3,0,71,175,98,0,0,0,0,0,0,0,0,0,38,0,0,0,1,2,55,1,1,2,1,0,0,1,10,1,1,2,50,"777777777777","777777777777","777777777777",1,0
28,280332,1,1,1,8,7,1,24,8,0,1,0,28,1,20,2,20002,4,2009,"2G1WU57M5911","2","G","1","W","U","5","7","M","5","9","1","1",0,0,0,"000000000","00000000000",0,0,0,1,0,0,0,0,0,0,0,998,0,0,0,12,2,5,8,0,0,0,1,28,39362,6,1,0,0,3,0,68,165,98,0,0,0,0,0,0,0,0,0,0,0,0,0,3,4,65,1,1,2,1,0,0,1,80,1,1,1,13,"777777777777","777777777777","777777777777",0,0
28,280333,1,2,1,9,7,18,33,12,2,1,0,28,1,12,16,12016,4,1999,"2FAFP74WXXX2","2","F","A","F","P","7","4","W","X","X","X","2",0,0,0,"000000000","00000000000",0,0,0,1,0,0,0,0,0,0,0,999,0,0,0,12,6,2,12,0,0,0,1,28,39209,1,1,0,0,2,0,999,999,98,0,0,0,0,0,0,0,0,0,38,0,0,0,1,4,40,1,1,2,1,0,0,11,15,1,1,2,68,"777777777777","777777777777","777777777777",0,0
28,280333,2,2,1,9,7,18,33,12,2,1,0,28,1,73,706,73706,80,2001,"TKAZXBD101B5","T","K","A","Z","X","B","D","1","0","1","B","5",0,0,0,"000000000","00000000000",0,0,0,1,0,0,0,0,0,0,0,999,0,0,0,12,6,2,12,0,0,0,1,28,39213,6,1,6,0,3,0,66,180,98,0,0,0,0,0,0,0,0,0,0,0,0,0,1,4,40,1,1,2,1,0,0,1,62,1,1,1,69,"777777777777","777777777777","777777777777",1,0
28,280334,1,1,1,9,7,21,30,42,0,1,0,28,1,2,405,2405,14,2005,"1J4GL48K55W6","1","J","4","G","L","4","8","K","5","5","W","6",0,0,0,"000000000","00000000000",0,0,0,1,0,0,0,0,0,0,0,999,0,0,0,12,6,2,42,0,0,0,1,28,38827,6,1,0,0,3,0,73,210,98,0,0,0,0,0,0,0,0,0,99,99,99,99,1,2,55,1,1,2,1,20,3,1,14,1,1,4,14,"777777777777","777777777777","777777777777",1,1
28,280335,1,1,3,9,7,23,55,42,0,1,0,28,1,69,54,69054,3,2005,"WMWRC33465TJ","W","M","W","R","C","3","3","4","6","5","T","J",0,0,0,"000000000","00000000000",0,0,0,1,0,0,0,0,0,0,0,999,0,1,5,12,6,2,1,0,0,0,1,28,38651,6,1,0,0,3,0,63,115,98,0,0,0,0,0,0,0,0,4,0,0,0,0,3,4,70,1,1,2,2,0,0,1,6,16,2,4,1,"777777777777","777777777777","777777777777",1,0
28,280336,1,1,1,11,7,19,33,32,0,1,0,28,1,87,884,87884,66,2001,"1XP5DB9X71N5","1","X","P","5","D","B","9","X","7","1","N","5",1,1,28,"1939252","281939252",3,6,97,1,0,0,0,0,0,0,0,999,0,0,0,12,6,2,35,0,0,0,1,28,38916,6,1,6,0,3,0,72,260,98,0,0,0,0,0,0,0,0,0,0,0,0,0,1,2,45,1,1,2,1,0,0,1,13,1,1,4,1,"888888888888","777777777777","777777777777",1,0
28,280337,1,1,4,12,7,4,9,1,0,1,0,22,1,23,431,23431,16,2003,"3GKEC16Z23G3","3","G","K","E","C","1","6","Z","2","3","G","3",0,0,0,"000000000","00000000000",0,0,0,1,0,0,0,0,0,0,0,999,0,1,1,0,6,2,1,0,0,0,1,22,71107,1,1,0,0,2,0,65,175,0,0,0,0,2,11,2012,5,2015,0,0,0,0,0,3,4,70,1,1,2,1,0,0,1,9,1,3,2,98,"777777777777","777777777777","777777777777",1,0
28,280338,1,2,1,12,7,9,21,12,2,1,0,28,1,55,402,55402,14,2006,"KM8JM12B36U4","K","M","8","J","M","1","2","B","3","6","U","4",0,0,0,"000000000","00000000000",0,0,0,1,0,0,0,0,0,0,0,999,0,0,0,12,6,2,12,0,0,0,1,28,38625,6,1,0,0,3,0,78,301,98,0,0,0,0,0,0,0,0,0,0,0,0,0,1,2,55,1,1,2,1,0,0,1,10,1,1,2,50,"777777777777","777777777777","777777777777",1,0
28,280338,2,2,1,12,7,9,21,12,2,1,0,28,1,23,481,23481,31,2005,"1GTEC14V35Z1","1","G","T","E","C","1","4","V","3","5","Z","1",0,0,0,"000000000","00000000000",0,0,0,1,0,0,0,0,0,0,0,999,0,0,0,12,6,2,12,0,0,0,1,28,38625,6,1,0,0,3,0,66,210,98,0,0,0,0,0,0,0,0,0,0,0,0,0,1,2,55,1,1,2,1,0,0,1,62,1,1,2,51,"777777777777","777777777777","777777777777",1,0
28,280339,1,1,4,12,7,16,4,34,0,1,0,1,1,20,421,20421,15,2000,"1GNEC13T9YJ1","1","G","N","E","C","1","3","T","9","Y","J","1",0,0,0,"000000000","00000000000",0,0,0,1,0,0,0,0,0,0,0,998,0,1,3,12,6,2,1,0,0,0,1,1,35062,0,0,0,0,0,0,66,165,0,0,0,1,0,11,2015,11,2015,0,0,0,0,0,2,4,70,1,1,2,1,0,0,1,12,1,1,4,6,"777777777777","777777777777","777777777777",1,0
28,280340,1,1,1,12,7,23,3,8,0,1,0,28,1,20,422,20422,15,2007,"3GNFC16047G3","3","G","N","F","C","1","6","0","4","7","G","3",0,0,0,"000000000","00000000000",0,0,0,1,0,0,0,0,0,0,0,999,0,0,0,12,6,2,8,0,0,0,1,28,39272,6,1,0,0,3,0,73,218,98,0,0,0,0,0,0,0,0,0,0,0,0,0,5,5,40,1,1,2,1,0,0,1,80,1,1,1,13,"777777777777","777777777777","777777777777",0,0
28,280341,1,1,2,12,7,23,25,19,0,1,0,28,1,12,471,12471,30,2000,"1FTYR14V6YTA","1","F","T","Y","R","1","4","V","6","Y","T","A",0,0,0,"000000000","00000000000",0,0,0,1,0,0,0,0,0,0,0,998,0,0,0,12,6,2,19,0,0,0,1,28,39305,6,1,0,0,3,0,75,260,98,0,0,0,0,0,0,0,0,0,0,0,0,0,1,2,35,1,1,2,1,0,0,1,13,1,1,4,1,"777777777777","777777777777","777777777777",1,0
28,280342,1,2,1,13,7,18,5,12,1,1,0,28,1,49,472,49472,40,2004,"5TENL42N44Z3","5","T","E","N","L","4","2","N","4","4","Z","3",0,0,0,"000000000","00000000000",0,0,0,1,0,0,0,0,0,0,0,999,0,1,1,6,6,2,1,0,0,0,1,28,39350,6,1,0,0,3,0,69,200,98,0,0,0,0,0,0,0,0,0,0,0,0,0,2,4,65,1,1,2,1,0,0,1,53,1,1,1,25,"777777777777","777777777777","777777777777",1,0
28,280342,2,2,1,13,7,18,5,12,1,1,0,28,1,58,37,58037,4,2005,"JNKCV51E55M2","J","N","K","C","V","5","1","E","5","5","M","2",0,0,0,"000000000","00000000000",0,0,0,1,0,0,0,0,0,0,0,999,0,0,0,12,6,2,12,0,0,0,1,28,39157,6,1,0,0,3,0,65,125,98,0,0,1,0,7,2014,7,2014,3,26,0,0,0,2,4,65,1,1,2,1,0,0,1,51,1,1,1,24,"777777777777","777777777777","777777777777",0,0
28,280343,1,1,1,13,7,18,25,42,0,1,0,28,1,12,481,12481,31,2008,"1FTPW14558FA","1","F","T","P","W","1","4","5","5","8","F","A",0,0,0,"000000000","00000000000",0,0,0,1,0,0,0,0,0,0,0,999,0,0,0,12,6,2,42,0,0,0,1,28,39401,6,1,0,0,3,0,71,190,98,0,0,0,0,0,0,0,0,0,0,0,0,0,2,4,70,1,1,2,2,0,0,1,12,1,1,4,6,"777777777777","777777777777","777777777777",1,0
28,280344,1,2,2,14,7,21,14,12,6,1,0,22,1,35,43,35043,4,2016,"3N1AB7AP0GY2","3","N","1","A","B","7","A","P","0","G","Y","2",0,0,0,"000000000","00000000000",0,0,0,1,0,0,0,0,0,0,0,999,0,0,0,4,6,2,12,0,0,0,1,22,70458,6,1,0,0,3,0,999,999,0,0,0,0,0,0,0,0,0,0,38,0,0,0,1,2,25,1,1,2,1,20,3,1,17,1,1,2,87,"777777777777","777777777777","777777777777",1,0
28,280344,2,2,2,14,7,21,14,12,6,1,0,28,1,12,27,12027,5,2015,"1FADP5CU1FL1","1","F","A","D","P","5","C","U","1","F","L","1",0,0,0,"000000000","00000000000",0,0,0,1,0,0,0,0,0,0,0,999,0,0,0,12,6,2,12,0,0,0,1,28,39501,6,1,0,0,3,0,70,138,98,0,0,0,0,0,0,0,0,0,0,0,0,0,2,4,45,1,1,2,1,0,0,1,66,1,1,2,86,"777777777777","777777777777","777777777777",0,0
28,280345,1,1,1,15,7,17,30,1,0,1,0,28,1,37,734,37734,90,9999,"888888888888","8","8","8","8","8","8","8","8","8","8","8","8",0,0,0,"000000000","00000000000",0,0,0,1,0,0,0,0,0,0,0,998,0,1,5,0,6,8,1,0,0,0,1,28,38829,6,1,0,0,2,0,70,180,98,0,0,0,0,0,0,0,0,0,0,0,0,0,1,2,98,1,1,2,1,0,0,1,87,15,2,4,99,"777777777777","777777777777","777777777777",1,0
28,280346,1,2,3,5,2,21,30,12,6,1,0,28,1,30,46,30046,4,2001,"WVWPD63B91P1","W","V","W","P","D","6","3","B","9","1","P","1",0,0,0,"000000000","00000000000",0,0,0,1,0,0,0,0,0,0,0,999,0,0,0,12,6,2,12,0,0,0,1,28,38769,6,1,0,0,3,0,68,175,98,0,0,0,0,0,0,0,0,3,0,0,0,0,1,2,45,1,1,2,1,20,3,1,17,1,1,1,69,"777777777777","777777777777","777777777777",1,0
28,280346,2,2,1,5,2,21,30,12,6,1,0,28,1,20,421,20421,15,2004,"1GNEC13Z04R1","1","G","N","E","C","1","3","Z","0","4","R","1",0,0,0,"000000000","00000000000",0,0,0,1,0,0,0,0,0,0,0,999,0,0,0,11,6,2,12,0,0,0,1,28,38646,6,1,0,0,3,0,72,165,98,0,0,0,0,0,0,0,0,0,0,0,0,0,1,2,35,1,1,2,1,20,3,11,66,1,1,2,68,"777777777777","777777777777","777777777777",0,0
28,280347,1,2,2,18,7,18,20,12,6,1,0,28,1,20,422,20422,15,2004,"1GNFK16Z04J1","1","G","N","F","K","1","6","Z","0","4","J","1",0,0,0,"000000000","00000000000",0,0,0,1,0,0,0,0,0,0,0,999,0,0,0,4,2,5,12,0,0,0,1,28,39341,6,1,0,0,3,0,64,107,98,1,0,1,1,5,2015,5,2015,0,0,0,0,0,5,3,35,1,1,2,1,0,0,11,15,1,1,2,68,"777777777777","777777777777","777777777777",0,0
28,280347,2,2,1,18,7,18,20,12,6,1,0,28,1,73,706,73706,80,2007,"JKAZXCD177A0","J","K","A","Z","X","C","D","1","7","7","A","0",0,0,0,"000000000","00000000000",0,0,0,1,0,0,0,0,0,0,0,998,0,0,0,12,6,2,12,0,0,0,1,28,39759,6,1,0,0,3,0,71,175,98,0,0,0,0,0,0,0,0,0,0,0,0,0,5,3,35,1,1,2,1,0,0,1,62,1,1,2,69,"777777777777","777777777777","777777777777",1,0
28,280348,1,2,1,18,7,19,6,12,2,1,0,28,1,7,482,7482,31,2006,"3D7KS29C06G1","3","D","7","K","S","2","9","C","0","6","G","1",0,0,0,"000000000","00000000000",0,0,0,1,0,0,0,0,0,0,0,999,0,0,0,12,2,5,12,0,0,0,1,28,39479,6,1,0,0,3,0,71,265,98,0,0,0,0,0,0,0,0,0,0,0,0,0,1,2,40,3,1,2,1,0,0,14,10,1,1,2,50,"777777777777","777777777777","777777777777",0,0
28,280348,2,2,1,18,7,19,6,12,2,1,0,28,1,76,733,76733,90,2004,"JY4AG02374C0","J","Y","4","A","G","0","2","3","7","4","C","0",0,0,0,"000000000","00000000000",0,0,0,1,0,0,0,0,0,0,0,999,0,0,0,12,6,2,12,0,0,0,1,28,39479,6,7,0,0,2,0,71,132,98,0,0,0,0,0,0,0,0,0,0,0,0,0,1,2,40,2,1,2,1,0,0,14,62,1,1,2,51,"777777777777","777777777777","777777777777",1,0
28,280349,1,2,1,21,7,15,39,12,2,1,0,28,1,20,481,20481,31,1999,"1GCEK19T8XZ1","1","G","C","E","K","1","9","T","8","X","Z","1",0,0,0,"000000000","00000000000",0,0,0,1,0,0,0,0,0,0,0,999,0,0,0,12,6,2,12,0,0,0,1,28,39354,6,1,0,0,3,0,73,196,98,0,0,0,0,0,0,0,0,0,0,0,0,0,1,2,55,1,1,2,1,0,0,1,10,1,1,2,50,"777777777777","777777777777","777777777777",0,0
28,280349,2,2,2,21,7,15,39,12,2,1,0,28,1,63,441,63441,20,2006,"KNDMB2339660","K","N","D","M","B","2","3","3","9","6","6","0",0,0,0,"000000000","00000000000",0,0,0,1,0,0,0,0,0,0,0,999,0,0,0,12,6,2,12,0,0,0,1,28,39325,6,1,0,0,3,0,68,260,98,0,0,0,0,0,0,0,0,0,0,0,0,0,1,2,55,1,1,2,1,0,0,1,62,1,1,2,51,"777777777777","777777777777","777777777777",2,0
28,280351,1,2,2,22,7,12,43,12,1,1,0,22,1,20,2,20002,4,2014,"2G1WB5E38E11","2","G","1","W","B","5","E","3","8","E","1","1",0,0,0,"000000000","00000000000",0,0,0,1,0,0,0,0,0,0,0,999,0,0,0,6,6,2,12,0,0,0,1,22,71360,6,1,0,0,3,0,71,270,0,0,0,0,0,0,0,0,0,0,0,0,0,0,2,4,70,1,1,2,1,0,0,2,53,1,1,1,29,"777777777777","777777777777","777777777777",1,0
28,280351,2,2,1,22,7,12,43,12,1,1,0,28,1,20,2,20002,4,2008,"2G1WT58K7892","2","G","1","W","T","5","8","K","7","8","9","2",0,0,0,"000000000","00000000000",0,0,0,1,0,0,0,0,0,0,0,999,0,0,0,12,6,2,12,0,0,0,1,47,38134,6,1,0,0,3,0,71,270,0,0,0,0,0,0,0,0,0,0,26,0,0,0,2,4,70,1,1,2,1,0,0,1,52,1,1,2,28,"777777777777","777777777777","777777777777",0,0
28,280352,1,1,2,22,7,22,8,42,0,1,0,47,1,7,24,7024,4,2011,"888888888888","8","8","8","8","8","8","8","8","8","8","8","8",0,0,0,"000000000","00000000000",0,0,0,1,0,0,0,0,0,0,0,999,0,0,0,12,6,2,42,0,0,0,1,28,38922,6,1,0,0,3,0,74,185,98,0,0,1,0,2,2015,2,2015,0,0,0,0,0,1,2,30,1,3,2,1,0,0,1,13,1,1,4,1,"777777777777","777777777777","777777777777",1,0
28,280353,1,1,1,23,7,13,54,1,0,1,0,28,1,49,40,49040,4,1993,"4T1SK12E9PU2","4","T","1","S","K","1","2","E","9","P","U","2",0,0,0,"000000000","00000000000",0,0,0,1,0,0,0,0,0,0,0,999,0,1,5,0,6,2,1,0,0,0,1,28,39094,1,1,0,0,2,0,72,170,98,0,1,0,0,2,2015,2,2015,0,0,0,0,0,1,2,55,1,1,2,1,0,0,1,13,8,4,4,1,"777777777777","777777777777","777777777777",1,0