"STATE","ST_CASE","VEH_NO","VE_FORMS","NUMOCCS","DAY","MONTH","HOUR","MINUTE","HARM_EV","MAN_COLL","UNITTYPE","HIT_RUN","REG_STAT","OWNER","MAKE","MODEL","MAK_MOD","BODY_TYP","MOD_YEAR","VIN","VIN_1","VIN_2","VIN_3","VIN_4","VIN_5","VIN_6","VIN_7","VIN_8","VIN_9","VIN_10","VIN_11","VIN_12","TOW_VEH","J_KNIFE","MCARR_I1","MCARR_I2","MCARR_ID","GVWR","V_CONFIG","CARGO_BT","HAZ_INV","HAZ_PLAC","HAZ_ID","HAZ_CNO","HAZ_REL","BUS_USE","SPEC_USE","EMER_USE","TRAV_SP","UNDERIDE","ROLLOVER","ROLINLOC","IMPACT1","DEFORMED","TOWED","M_HARM","VEH_SC1","VEH_SC2","FIRE_EXP","DR_PRES","L_STATE","DR_ZIP","L_STATUS","L_TYPE","CDL_STAT","L_ENDORS","L_COMPL","L_RESTRI","DR_HGT","DR_WGT","PREV_ACC","PREV_SUS","PREV_DWI","PREV_SPD","PREV_OTH","FIRST_MO","FIRST_YR","LAST_MO","LAST_YR","SPEEDREL","DR_SF1","DR_SF2","DR_SF3","DR_SF4","VTRAFWAY","VNUM_LAN","VSPD_LIM","VALIGN","VPROFILE","VPAVETYP","VSURCOND","VTRAFCON","VTCONT_F","P_CRASH1","P_CRASH2","P_CRASH3","PCRASH4","PCRASH5","ACC_TYPE","TRLR1VIN","TRLR2VIN","TRLR3VIN","DEATHS","DR_DRINK"
28,280354,1,1,4,23,7,14,13,42,0,1,0,28,1,37,401,37401,14,2000,"4S6DM58W1Y44","4","S","6","D","M","5","8","W","1","Y","4","4",0,0,0,"000000000","00000000000",0,0,0,1,0,0,0,0,0,0,0,998,0,0,0,6,6,2,42,0,0,0,1,28,39117,0,0,0,0,0,0,999,999,98,0,0,0,0,0,0,0,0,4,0,0,0,0,2,4,70,1,1,2,2,0,0,1,13,8,4,4,1,"777777777777","777777777777","777777777777",2,0
28,280355,1,1,5,25,7,9,14,42,0,1,0,28,1,12,422,12422,15,2004,"1FMEU15W74LB","1","F","M","E","U","1","5","W","7","4","L","B",0,0,0,"000000000","00000000000",0,0,0,1,0,0,0,0,0,0,0,999,0,0,0,12,6,2,42,0,0,0,1,28,38801,6,1,0,0,3,0,65,200,98,0,0,0,0,0,0,0,0,0,80,0,0,0,2,4,70,1,1,2,1,0,0,1,1,8,2,4,1,"777777777777","777777777777","777777777777",2,0
28,280356,1,1,1,25,7,15,30,42,0,1,0,28,1,12,402,12402,14,2008,"1FMCU02Z68KB","1","F","M","C","U","0","2","Z","6","8","K","B",0,0,0,"000000000","00000000000",0,0,0,1,0,0,0,0,0,0,0,999,0,0,0,12,6,2,42,0,0,0,1,28,39730,6,1,0,0,3,0,69,180,98,0,0,0,0,0,0,0,0,0,0,0,0,0,1,2,45,2,3,2,1,0,0,14,13,1,1,4,1,"777777777777","777777777777","777777777777",1,0
28,280357,1,1,1,25,7,23,55,35,0,1,0,28,1,20,481,20481,31,2004,"1GCGK23U34F1","1","G","C","G","K","2","3","U","3","4","F","1",0,0,0,"000000000","00000000000",0,0,0,1,0,0,0,0,0,0,0,998,0,1,5,12,6,2,1,0,0,0,1,28,38951,1,1,0,0,2,0,66,154,98,0,0,0,0,0,0,0,0,0,0,0,0,0,1,2,50,1,1,2,1,0,0,1,13,1,1,4,1,"777777777777","777777777777","777777777777",1,1
28,280358,1,1,4,26,7,22,15,53,0,1,0,28,1,63,33,63033,4,2009,"KNAFE2215955","K","N","A","F","E","2","2","1","5","9","5","5",0,0,0,"000000000","00000000000",0,0,0,1,0,0,0,0,0,0,0,999,0,1,5,12,6,2,1,0,0,0,1,28,39465,0,0,0,0,0,0,999,999,98,0,0,0,0,0,0,0,0,4,0,0,0,0,1,2,35,1,1,2,1,0,0,1,13,1,1,4,1,"777777777777","777777777777","777777777777",1,0
28,280359,1,1,4,27,7,3,4,1,0,1,0,28,1,12,481,12481,31,2002,"1FTSW31F02ED","1","F","T","S","W","3","1","F","0","2","E","D",0,0,0,"000000000","00000000000",0,0,0,1,0,0,0,0,0,0,0,998,0,1,5,0,6,2,1,0,0,0,1,28,39350,6,1,0,0,3,0,72,230,98,0,0,0,0,0,0,0,0,4,0,0,0,0,1,2,55,3,1,2,1,0,0,14,13,8,2,4,1,"777777777777","777777777777","777777777777",1,1
28,280360,1,1,1,27,7,14,30,35,0,1,0,28,1,35,50,35050,5,2011,"3N1BC1CP5BL3","3","N","1","B","C","1","C","P","5","B","L","3",0,0,0,"000000000","00000000000",0,0,0,1,0,0,0,0,0,0,0,999,0,1,5,12,6,2,1,0,0,0,1,28,38756,3,1,0,0,2,0,70,240,98,0,0,0,0,0,0,0,0,0,0,0,0,0,2,4,65,3,1,2,2,0,0,14,13,1,1,4,1,"777777777777","777777777777","777777777777",1,0
28,280361,1,1,1,28,7,13,45,42,0,1,0,28,1,23,481,23481,31,2013,"3GTP2WE78DG3","3","G","T","P","2","W","E","7","8","D","G","3",0,0,0,"000000000","00000000000",0,0,0,1,0,0,0,0,0,0,0,999,0,0,0,12,6,2,42,0,0,0,1,28,38834,6,1,0,0,3,0,74,200,98,0,0,0,0,0,0,0,0,0,0,0,0,0,2,4,65,1,2,2,1,0,0,1,13,1,1,4,1,"777777777777","777777777777","777777777777",1,0
28,280362,1,2,2,29,7,17,22,12,2,1,0,28,1,18,2,18002,4,2003,"1G4HP52K43U1","1","G","4","H","P","5","2","K","4","3","U","1",0,0,0,"000000000","00000000000",0,0,0,1,0,0,0,0,0,0,0,999,0,0,0,12,6,2,12,0,0,0,1,28,39301,1,1,0,0,2,0,66,147,98,1,0,1,2,5,2016,5,2016,0,0,0,0,0,1,2,55,3,1,2,1,0,0,14,62,1,1,2,51,"777777777777","777777777777","777777777777",1,0
28,280362,2,2,1,29,7,17,22,12,2,1,0,28,1,49,32,49032,4,2016,"5YFBURHE6GP4","5","Y","F","B","U","R","H","E","6","G","P","4",0,0,0,"000000000","00000000000",0,0,0,1,0,0,0,0,0,0,0,999,0,0,0,12,6,2,12,0,0,0,1,28,39301,1,1,0,0,2,0,71,150,98,0,0,0,0,0,0,0,0,0,0,0,0,0,1,2,55,2,1,2,1,0,0,14,10,1,1,2,50,"777777777777","777777777777","777777777777",0,0
28,280363,1,1,1,29,7,20,53,35,0,1,0,28,1,49,482,49482,31,2006,"5TBJU32116S4","5","T","B","J","U","3","2","1","1","6","S","4",0,0,0,"000000000","00000000000",0,0,0,1,0,0,0,0,0,0,0,998,0,1,5,12,6,2,1,0,0,0,1,28,39401,6,1,0,0,3,0,69,153,98,0,0,0,0,0,0,0,0,0,0,0,0,0,3,2,70,1,1,2,1,0,0,1,13,1,1,4,1,"777777777777","777777777777","777777777777",1,0
28,280364,1,1,1,30,7,2,4,34,0,1,0,28,1,55,401,55401,14,2009,"5NMSH13E69H2","5","N","M","S","H","1","3","E","6","9","H","2",0,0,0,"000000000","00000000000",0,0,0,1,0,0,0,0,0,0,0,998,0,0,0,12,6,2,31,0,0,0,1,45,29169,6,1,0,0,3,0,60,100,1,0,0,3,1,5,2013,3,2015,0,0,0,0,0,1,2,45,1,1,2,1,0,0,1,13,1,1,4,1,"777777777777","777777777777","777777777777",1,0
28,280366,1,2,2,30,7,16,54,12,1,1,0,28,1,18,2,18002,4,2005,"1G4HP52K45U2","1","G","4","H","P","5","2","K","4","5","U","2",0,0,0,"000000000","00000000000",0,0,0,1,0,0,0,0,0,0,0,999,0,1,1,6,6,2,1,0,0,1,1,28,39213,6,1,0,0,3,0,71,150,98,0,0,0,0,0,0,0,0,0,80,0,0,0,2,4,70,1,1,2,1,0,0,2,53,1,1,2,29,"777777777777","777777777777","777777777777",0,0
28,280366,2,2,3,30,7,16,54,12,1,1,0,28,1,35,402,35402,14,2010,"5N1AN0NU1AC5","5","N","1","A","N","0","N","U","1","A","C","5",0,0,0,"000000000","00000000000",0,0,0,1,0,0,0,0,0,0,0,999,0,1,1,12,6,2,1,0,0,0,1,28,39206,6,1,0,0,3,0,69,205,98,0,0,1,0,5,2016,5,2016,0,0,0,0,0,2,4,70,1,1,2,1,0,0,1,52,1,1,2,28,"777777777777","777777777777","777777777777",1,0
28,280367,1,1,1,30,7,22,23,8,0,1,0,28,1,20,22,20022,2,2006,"1G1AK15F5676","1","G","1","A","K","1","5","F","5","6","7","6",0,0,0,"000000000","00000000000",0,0,0,1,0,0,0,0,0,0,0,999,0,0,0,12,6,2,8,0,0,0,1,28,39073,6,1,0,0,3,0,63,118,98,0,0,0,0,0,0,0,0,0,0,0,0,0,5,5,35,1,1,2,1,0,0,1,80,1,1,1,13,"777777777777","777777777777","777777777777",0,0
28,280368,1,1,3,31,7,1,7,34,0,1,0,28,1,20,403,20403,14,2003,"1GNDT13S9322","1","G","N","D","T","1","3","S","9","3","2","2",0,0,0,"000000000","00000000000",0,0,0,1,0,0,0,0,0,0,0,999,0,1,5,12,6,2,1,0,0,0,1,28,38761,1,1,0,0,2,0,66,172,98,0,2,0,0,2,2016,4,2016,0,0,0,0,0,1,2,55,1,1,2,1,0,0,1,13,1,1,4,1,"777777777777","777777777777","777777777777",1,1
28,280369,1,1,2,31,7,3,17,42,0,1,0,28,1,37,32,37032,4,2008,"1HGCP368X8A0","1","H","G","C","P","3","6","8","X","8","A","0",0,0,0,"000000000","00000000000",0,0,0,1,0,0,0,0,0,0,0,998,0,0,0,12,6,2,2,0,0,1,1,28,39204,1,1,0,0,2,0,71,160,98,0,0,0,0,0,0,0,0,3,0,0,0,0,1,2,25,1,1,2,2,0,0,1,12,1,1,4,6,"777777777777","777777777777","777777777777",1,0
28,280370,1,3,1,1,8,9,46,12,6,1,0,28,1,20,421,20421,15,1998,"1GNCS13W0W21","1","G","N","C","S","1","3","W","0","W","2","1",0,0,0,"000000000","00000000000",0,0,0,1,0,0,0,0,0,0,0,998,0,0,0,12,6,2,12,0,0,0,1,28,38606,6,1,0,0,3,0,69,125,98,0,0,0,0,0,0,0,0,0,39,0,0,0,5,3,45,1,1,2,1,3,3,1,17,1,1,2,88,"777777777777","777777777777","777777777777",1,0
28,280370,2,3,4,1,8,9,46,12,6,1,0,28,1,18,3,18003,4,1999,"1G4CW52K6X46","1","G","4","C","W","5","2","K","6","X","4","6",0,0,0,"000000000","00000000000",0,0,0,1,0,0,0,0,0,0,0,998,0,0,0,61,6,2,12,0,0,0,1,28,38606,6,1,0,0,3,0,66,158,98,0,0,0,0,0,0,0,0,0,0,0,0,0,5,3,45,1,1,2,1,3,3,1,66,1,1,2,89,"777777777777","777777777777","777777777777",0,0
28,280370,3,3,2,1,8,9,46,12,6,1,0,28,1,7,24,7024,4,2006,"2B3KA53H46H2","2","B","3","K","A","5","3","H","4","6","H","2",0,0,0,"000000000","00000000000",0,0,0,1,0,0,0,0,0,0,0,0,0,0,0,12,2,5,12,0,0,0,1,28,38606,6,1,0,0,3,0,77,215,98,0,0,0,0,0,0,0,0,0,0,0,0,0,5,3,45,1,1,2,1,3,3,5,62,1,1,1,98,"777777777777","777777777777","777777777777",0,0
28,280371,1,1,1,2,8,8,52,42,0,1,0,28,1,37,32,37032,4,1996,"1HGCD5530TA2","1","H","G","C","D","5","5","3","0","T","A","2",0,0,0,"000000000","00000000000",0,0,0,1,0,0,0,0,0,0,0,999,0,1,5,12,6,2,1,0,0,0,1,28,39194,3,1,0,0,2,0,68,200,98,0,0,0,0,0,0,0,0,0,0,0,0,0,1,2,45,1,1,2,1,0,0,1,13,1,1,4,1,"777777777777","777777777777","777777777777",1,0
28,280372,1,1,1,2,8,17,24,8,0,1,0,28,3,87,884,87884,66,2007,"1XP5DB9X77N6","1","X","P","5","D","B","9","X","7","7","N","6",1,1,28,"266764","28266764",3,6,3,1,0,0,0,0,0,0,0,999,0,1,1,12,6,2,8,0,0,0,1,28,39114,6,1,6,0,3,0,67,245,98,0,0,0,0,0,0,0,0,0,0,0,0,0,3,4,65,1,1,2,1,0,0,1,80,16,2,2,13,"888888888888","777777777777","777777777777",0,0
28,280373,1,1,1,5,8,5,11,8,0,1,0,28,1,84,884,84884,66,2000,"2HSCEAMR9YC0","2","H","S","C","E","A","M","R","9","Y","C","0",1,1,28,"2442693","282442693",3,6,1,1,0,0,0,0,0,0,0,999,0,0,0,12,2,5,8,0,0,0,1,28,39474,6,1,6,0,3,0,69,170,98,0,0,0,0,0,0,0,0,0,0,0,0,0,3,4,70,1,1,2,1,0,0,1,80,1,1,1,13,"888888888888","777777777777","777777777777",0,0
28,280374,1,1,1,5,8,13,59,14,0,1,0,28,1,12,481,12481,31,2015,"1FTEW1CF1FKE","1","F","T","E","W","1","C","F","1","F","K","E",0,0,0,"000000000","00000000000",0,0,0,1,0,0,0,0,0,0,0,998,0,0,0,12,6,2,8,0,0,0,1,28,39443,6,1,0,0,3,0,72,195,98,0,0,1,0,5,2014,5,2014,0,0,0,0,0,1,2,25,1,1,2,1,0,0,1,50,1,1,2,98,"777777777777","777777777777","777777777777",0,0
28,280375,1,2,1,5,8,15,25,12,2,1,0,28,3,7,24,7024,4,2014,"2C3CDXAT1EH1","2","C","3","C","D","X","A","T","1","E","H","1",0,0,0,"000000000","00000000000",0,0,0,1,0,0,0,0,0,0,0,999,0,0,0,12,6,2,12,0,0,0,1,28,38965,6,1,6,0,3,0,69,200,98,0,0,0,0,0,0,0,0,0,0,0,0,0,2,4,70,1,1,2,1,0,0,1,62,1,1,2,51,"777777777777","777777777777","777777777777",0,0
28,280375,2,2,3,5,8,15,25,12,2,1,0,99,9,12,481,12481,31,2013,"1FTFW1EF5DFC","1","F","T","F","W","1","E","F","5","D","F","C",0,0,0,"000000000","00000000000",0,0,0,1,0,0,0,0,0,0,0,999,0,0,0,12,6,2,12,0,0,0,1,28,39212,0,0,0,0,0,0,999,999,98,0,0,0,0,0,0,0,0,4,33,38,37,0,2,4,70,1,1,2,1,0,0,1,12,9,3,2,50,"777777777777","777777777777","777777777777",1,0
28,280376,1,1,1,6,8,7,10,42,0,1,0,28,1,82,881,82881,66,2007,"1FUJA6CKX7LX","1","F","U","J","A","6","C","K","X","7","L","X",1,1,28,"74432","2874432",3,6,1,1,0,0,0,0,0,0,0,999,0,0,0,12,6,2,2,0,0,1,1,28,39756,6,1,6,0,3,0,71,150,98,0,0,0,0,0,0,0,0,0,0,0,0,0,2,4,70,1,1,2,1,0,0,1,13,1,1,4,1,"888888888888","777777777777","777777777777",1,0
28,280377,1,1,2,6,8,22,48,8,0,1,0,28,1,49,40,49040,4,2000,"4T1BF28K1YU9","4","T","1","B","F","2","8","K","1","Y","U","9",0,0,0,"000000000","00000000000",0,0,0,1,0,0,0,0,0,0,0,998,0,0,0,12,6,2,8,0,0,0,1,28,39556,3,1,0,0,2,0,69,158,98,0,0,0,0,0,0,0,0,0,0,0,0,0,1,2,55,1,1,2,1,0,0,1,80,1,1,2,13,"777777777777","777777777777","777777777777",0,0
28,280378,1,1,3,7,8,12,29,42,0,1,0,28,1,20,20,20020,4,2001,"2G1WL52J0111","2","G","1","W","L","5","2","J","0","1","1","1",0,0,0,"000000000","00000000000",0,0,0,1,0,0,0,0,0,0,0,998,0,1,5,12,6,2,42,0,0,0,1,28,39204,6,1,0,0,3,0,61,210,98,0,0,1,0,8,2014,8,2014,0,0,0,0,0,1,2,55,1,1,2,1,0,0,1,13,1,1,4,1,"777777777777","777777777777","777777777777",2,1
28,280379,1,1,2,9,8,18,27,42,0,1,0,28,1,12,402,12402,14,2006,"1FMCU02ZX6KB","1","F","M","C","U","0","2","Z","X","6","K","B",0,0,0,"000000000","00000000000",0,0,0,1,0,0,0,0,0,0,0,999,0,0,0,12,6,2,42,0,0,0,1,28,39440,3,1,0,0,2,0,68,105,98,0,0,0,0,0,0,0,0,0,0,0,0,0,1,2,45,1,1,2,2,0,0,1,13,1,1,4,1,"777777777777","777777777777","777777777777",1,0
28,280380,1,1,1,10,8,17,44,53,0,1,0,28,1,23,481,23481,31,2003,"1GTEC14X03Z2","1","G","T","E","C","1","4","X","0","3","Z","2",0,0,0,"000000000","00000000000",0,0,0,1,0,0,0,0,0,0,0,999,0,0,0,12,6,2,42,0,0,0,1,22,70041,1,1,0,0,2,0,72,140,0,1,1,1,1,7,2012,2,2016,0,0,0,0,0,1,2,35,1,1,2,1,0,0,1,13,8,1,4,1,"777777777777","777777777777","777777777777",1,0
28,280381,1,2,2,10,8,18,5,12,6,1,0,28,1,55,35,55035,4,2013,"KMHDH4AE3DU7","K","M","H","D","H","4","A","E","3","D","U","7",0,0,0,"000000000","00000000000",0,0,0,1,0,0,0,0,0,0,0,999,0,0,0,3,6,2,12,0,0,0,1,28,39074,1,1,0,0,2,0,70,125,98,0,0,1,0,11,2014,11,2014,0,0,0,0,0,1,2,55,1,1,2,2,0,0,1,10,1,3,2,64,"777777777777","777777777777","777777777777",1,0
28,280381,2,2,1,10,8,18,5,12,6,1,0,28,1,20,404,20404,14,2016,"2GNALCEK4G11","2","G","N","A","L","C","E","K","4","G","1","1",0,0,0,"000000000","00000000000",0,0,0,1,0,0,0,0,0,0,0,999,0,0,0,12,6,2,12,0,0,0,1,28,39307,6,1,0,0,3,0,65,140,98,0,0,0,0,0,0,0,0,0,0,0,0,0,1,2,55,1,1,2,2,0,0,1,62,1,1,1,65,"777777777777","777777777777","777777777777",0,0
28,280383,1,3,1,11,8,4,14,12,1,1,0,48,1,82,881,82881,66,2007,"1FUJA6CK87DY","1","F","U","J","A","6","C","K","8","7","D","Y",1,1,48,"1781088","481781088",3,6,1,1,0,0,0,0,0,0,0,0,0,0,0,6,6,2,12,0,0,0,1,48,75089,6,1,6,0,3,0,999,999,0,0,0,0,1,3,2015,3,2015,0,0,0,0,0,2,4,70,1,1,2,1,0,0,5,53,1,1,1,98,"888888888888","777777777777","777777777777",0,0
28,280383,2,3,2,11,8,4,14,12,1,1,0,13,3,51,881,51881,66,2006,"4V4NC9GH56N3","4","V","4","N","C","9","G","H","5","6","N","3",1,1,13,"1685124","131685124",3,6,1,1,0,0,0,0,0,0,0,0,0,0,0,6,6,2,12,0,0,0,1,13,30294,6,1,6,0,3,0,71,220,98,0,0,0,0,0,0,0,0,0,0,0,0,0,2,4,70,1,1,2,1,0,0,5,53,1,1,1,21,"888888888888","777777777777","777777777777",0,0
28,280383,3,3,1,11,8,4,14,12,1,1,0,18,3,98,809,98809,66,2006,"2FWBA3CG86AV","2","F","W","B","A","3","C","G","8","6","A","V",1,1,77,"777777777","77777777777",3,6,1,1,0,0,0,0,0,0,0,998,0,0,0,12,6,2,12,0,0,0,1,1,35906,6,1,6,0,3,0,68,206,0,0,0,2,0,7,2013,7,2015,0,0,0,0,0,2,4,70,1,1,2,1,0,0,1,50,1,1,1,20,"888888888888","777777777777","777777777777",1,0
28,280384,1,3,1,11,8,9,30,12,7,1,0,28,1,41,51,41051,4,2010,"JM1BL1SF1A12","J","M","1","B","L","1","S","F","1","A","1","2",0,0,0,"000000000","00000000000",0,0,0,1,0,0,0,0,0,0,0,999,0,0,0,2,2,5,12,0,0,0,1,28,39114,6,1,0,0,3,0,64,115,98,0,0,0,0,0,0,0,0,0,0,0,0,0,2,4,45,1,1,2,1,0,0,1,60,1,1,1,45,"777777777777","777777777777","777777777777",0,0
28,280384,2,3,1,11,8,9,30,12,7,1,0,28,1,20,2,20002,4,2010,"2G1WA5EK4A11","2","G","1","W","A","5","E","K","4","A","1","1",0,0,0,"000000000","00000000000",0,0,0,1,0,0,0,0,0,0,0,999,0,0,0,10,6,2,12,0,0,0,1,28,39073,6,1,0,0,3,0,65,150,98,0,0,0,0,0,0,0,0,0,27,0,0,0,2,4,45,1,1,2,1,0,0,15,10,1,1,2,47,"777777777777","777777777777","777777777777",1,0
28,280384,3,3,1,11,8,9,30,12,7,1,0,55,3,82,881,82881,66,2004,"1FUJA6CV74LM","1","F","U","J","A","6","C","V","7","4","L","M",1,1,55,"941923","55941923",3,6,1,1,0,0,0,0,0,0,0,999,0,0,0,14,6,2,12,0,0,0,1,55,54703,6,1,6,0,3,0,70,250,0,0,0,1,1,3,2013,2,2014,0,0,0,0,0,2,4,45,1,1,2,1,0,0,1,62,1,1,2,98,"888888888888","777777777777","777777777777",0,0
28,280385,1,2,1,11,8,13,0,12,2,1,0,28,1,35,472,35472,30,1998,"1N6DD26Y8WC3","1","N","6","D","D","2","6","Y","8","W","C","3",0,0,0,"000000000","00000000000",0,0,0,1,0,0,0,0,0,0,0,999,0,0,0,12,6,2,12,0,0,0,1,28,39452,6,1,0,0,3,0,68,180,98,0,0,1,0,7,2015,7,2015,0,28,0,0,0,1,2,55,1,1,2,2,0,0,1,5,1,2,2,50,"777777777777","777777777777","777777777777",1,0
28,280385,2,2,2,11,8,13,0,12,2,1,0,28,1,23,481,23481,31,2010,"3GTRCUEA4AG2","3","G","T","R","C","U","E","A","4","A","G","2",0,0,0,"000000000","00000000000",0,0,0,1,0,0,0,0,0,0,0,999,0,0,0,12,6,2,12,0,0,0,1,28,39452,6,1,0,0,3,0,71,200,98,0,0,0,0,0,0,0,0,0,0,0,0,0,1,2,55,1,1,2,2,0,0,1,62,1,1,1,51,"777777777777","777777777777","777777777777",0,0
28,280386,1,1,2,12,8,5,0,8,0,1,0,28,1,82,881,82881,63,2008,"1FVNAU0088PZ","1","F","V","N","A","U","0","0","8","8","P","Z",0,0,88,"888888888","88888888888",3,2,2,1,0,0,0,0,0,7,0,999,0,0,0,12,2,5,8,0,0,0,1,28,39466,6,1,6,0,3,0,76,200,98,0,0,0,0,0,0,0,0,0,0,0,0,0,1,2,55,1,1,2,2,0,0,1,80,1,1,1,13,"777777777777","777777777777","777777777777",0,0
28,280387,1,2,2,12,8,19,48,12,2,1,0,28,3,12,881,12881,61,2004,"1FDWF37PX4EB","1","F","D","W","F","3","7","P","X","4","E","B",0,0,88,"888888888","88888888888",2,1,96,1,0,0,0,0,0,0,0,999,0,0,0,12,6,2,12,0,0,0,1,6,38674,1,1,3,0,2,0,67,175,0,5,1,0,1,10,2012,2,2013,0,28,0,0,0,1,2,55,1,1,2,1,0,0,1,10,1,1,2,50,"777777777777","777777777777","777777777777",0,0
28,280387,2,2,2,12,8,19,48,12,2,1,0,28,1,12,23,12023,4,2014,"3FA6P0HD0ER3","3","F","A","6","P","0","H","D","0","E","R","3",0,0,0,"000000000","00000000000",0,0,0,1,0,0,0,0,0,0,0,999,0,0,0,12,6,2,12,0,0,0,1,28,38629,6,1,0,0,3,0,68,160,98,0,0,0,0,0,0,0,0,0,0,0,0,0,1,2,55,1,1,2,1,0,0,1,62,1,1,2,51,"777777777777","777777777777","777777777777",1,0
28,280388,1,1,1,12,8,23,30,8,0,1,1,28,1,2,404,2404,14,1995,"1J4FT78S8SL6","1","J","4","F","T","7","8","S","8","S","L","6",0,0,0,"000000000","00000000000",0,0,0,1,0,0,0,0,0,0,0,998,0,0,0,12,6,2,8,0,0,0,1,28,39213,6,1,0,0,3,0,69,190,98,0,0,0,0,0,0,0,0,0,0,0,0,0,5,5,98,1,1,2,1,0,0,1,80,1,1,1,13,"777777777777","777777777777","777777777777",0,0
28,280389,1,3,1,15,8,7,23,12,1,1,0,28,1,55,35,55035,4,2013,"5NPDH4AEXDH4","5","N","P","D","H","4","A","E","X","D","H","4",0,0,0,"000000000","00000000000",0,0,0,1,0,0,0,0,0,0,0,0,0,0,0,6,6,2,12,0,0,0,1,28,38632,6,1,0,0,3,0,64,115,98,0,0,0,0,0,0,0,0,0,0,0,0,0,2,4,70,1,1,2,1,0,0,5,53,1,1,1,98,"777777777777","777777777777","777777777777",0,0
28,280389,2,3,4,15,8,7,23,12,1,1,0,55,1,2,422,2422,15,2014,"1C4RJFBG7EC3","1","C","4","R","J","F","B","G","7","E","C","3",0,0,0,"000000000","00000000000",0,0,0,1,0,0,0,0,0,0,0,10,0,0,0,6,6,2,12,0,0,0,1,55,53224,6,1,0,0,3,0,71,225,0,0,0,0,1,3,2013,3,2013,0,0,0,0,0,2,4,70,1,1,2,1,0,0,2,53,16,1,1,29,"777777777777","777777777777","777777777777",0,0
28,280389,3,3,1,15,8,7,23,12,1,1,0,28,1,52,46,52046,4,2004,"JA3AJ26E64U0","J","A","3","A","J","2","6","E","6","4","U","0",0,0,0,"000000000","00000000000",0,0,0,1,0,0,0,0,0,0,0,70,0,0,0,12,6,2,12,0,0,0,1,28,38618,0,0,0,0,0,0,999,999,98,0,0,0,0,0,0,0,0,4,0,0,0,0,2,4,70,1,1,2,1,0,0,1,52,1,1,1,28,"777777777777","777777777777","777777777777",1,0
28,280390,1,1,3,15,8,17,30,32,0,1,0,48,1,55,35,55035,4,2014,"ENPDH4AE4EH4","E","N","P","D","H","4","A","E","4","E","H","4",0,0,0,"000000000","00000000000",0,0,0,1,0,0,0,0,0,0,0,999,0,1,5,9,6,2,1,0,0,0,1,48,75604,6,1,0,0,3,0,999,999,0,0,0,0,0,0,0,0,0,4,0,0,0,0,2,4,65,1,1,2,2,0,0,1,13,8,2,4,1,"777777777777","777777777777","777777777777",1,0
28,280391,1,1,1,16,8,5,47,8,0,1,0,28,1,35,50,35050,5,2007,"3N1BC13E17L3","3","N","1","B","C","1","3","E","1","7","L","3",0,0,0,"000000000","00000000000",0,0,0,1,0,0,0,0,0,0,0,999,0,0,0,12,2,5,8,0,0,0,1,28,39503,6,1,0,0,3,0,63,220,98,0,0,0,0,0,0,0,0,0,0,0,0,0,1,2,35,1,1,2,1,0,0,1,80,1,1,1,13,"777777777777","777777777777","777777777777",0,0
28,280392,1,3,1,17,8,10,33,12,6,1,0,28,1,84,881,84881,62,2015,"2HAMMMML0FL5","2","H","A","M","M","M","M","L","0","F","L","5",0,0,17,"397962","17397962",2,1,3,1,0,0,0,0,0,0,0,999,0,0,0,8,6,2,12,0,0,0,1,28,39056,6,1,6,0,3,0,66,245,98,0,0,0,0,0,0,0,0,0,0,0,0,0,5,5,55,1,1,2,1,0,0,11,66,1,1,2,82,"777777777777","777777777777","777777777777",0,0
28,280392,2,3,1,17,8,10,33,12,6,1,0,28,1,84,884,84884,64,2007,"1HTMMAAN87H5","1","H","T","M","M","A","A","N","8","7","H","5",0,0,88,"888888888","88888888888",2,1,3,1,0,0,0,0,0,0,0,999,0,0,0,12,6,2,12,0,0,0,1,28,39443,6,1,6,0,3,0,68,160,98,0,0,0,0,0,0,0,0,0,0,0,0,0,5,5,55,1,1,2,1,0,0,11,51,1,1,2,98,"777777777777","777777777777","777777777777",0,0
28,280392,3,3,1,17,8,10,33,12,6,1,0,28,1,20,471,20471,30,2003,"1GCCS19X5381","1","G","C","C","S","1","9","X","5","3","8","1",0,0,0,"000000000","00000000000",0,0,0,1,0,0,0,0,0,0,0,999,0,0,0,12,6,2,12,0,0,0,1,28,39437,6,1,0,0,3,0,71,230,98,0,0,0,0,0,0,0,0,0,38,0,0,0,5,5,55,1,1,2,1,0,0,1,67,1,1,2,83,"777777777777","777777777777","777777777777",1,0
28,280393,1,2,2,18,8,15,12,12,1,1,0,22,2,49,472,49472,40,1999,"4TASN92N9XZ5","4","T","A","S","N","9","2","N","9","X","Z","5",0,0,0,"000000000","00000000000",0,0,0,1,0,0,0,0,0,0,0,999,0,0,0,12,6,2,12,0,0,0,1,22,70435,6,1,0,0,3,0,71,200,0,0,0,0,0,0,0,0,0,0,26,0,0,0,5,5,55,1,1,2,1,0,0,1,51,1,1,1,24,"777777777777","777777777777","777777777777",1,0
28,280393,2,2,1,18,8,15,12,12,1,1,0,28,3,98,804,98804,63,2013,"5KJJABDR8DPB","5","K","J","J","A","B","D","R","8","D","P","B",1,1,28,"0190318","280190318",3,4,10,1,0,0,0,0,0,0,0,999,0,0,0,6,2,5,12,0,0,0,1,22,70438,6,1,6,0,3,0,73,193,0,0,0,0,0,0,0,0,0,0,0,0,0,0,5,5,55,1,1,2,1,0,0,1,53,1,1,1,25,"888888888888","777777777777","777777777777",0,0