"STATE","ST_CASE","VEH_NO","VE_FORMS","NUMOCCS","DAY","MONTH","HOUR","MINUTE","HARM_EV","MAN_COLL","UNITTYPE","HIT_RUN","REG_STAT","OWNER","MAKE","MODEL","MAK_MOD","BODY_TYP","MOD_YEAR","VIN","VIN_1","VIN_2","VIN_3","VIN_4","VIN_5","VIN_6","VIN_7","VIN_8","VIN_9","VIN_10","VIN_11","VIN_12","TOW_VEH","J_KNIFE","MCARR_I1","MCARR_I2","MCARR_ID","GVWR","V_CONFIG","CARGO_BT","HAZ_INV","HAZ_PLAC","HAZ_ID","HAZ_CNO","HAZ_REL","BUS_USE","SPEC_USE","EMER_USE","TRAV_SP","UNDERIDE","ROLLOVER","ROLINLOC","IMPACT1","DEFORMED","TOWED","M_HARM","VEH_SC1","VEH_SC2","FIRE_EXP","DR_PRES","L_STATE","DR_ZIP","L_STATUS","L_TYPE","CDL_STAT","L_ENDORS","L_COMPL","L_RESTRI","DR_HGT","DR_WGT","PREV_ACC","PREV_SUS","PREV_DWI","PREV_SPD","PREV_OTH","FIRST_MO","FIRST_YR","LAST_MO","LAST_YR","SPEEDREL","DR_SF1","DR_SF2","DR_SF3","DR_SF4","VTRAFWAY","VNUM_LAN","VSPD_LIM","VALIGN","VPROFILE","VPAVETYP","VSURCOND","VTRAFCON","VTCONT_F","P_CRASH1","P_CRASH2","P_CRASH3","PCRASH4","PCRASH5","ACC_TYPE","TRLR1VIN","TRLR2VIN","TRLR3VIN","DEATHS","DR_DRINK"
28,280394,1,1,1,18,8,16,16,1,0,1,0,28,1,72,706,72706,80,2009,"1HD1FC4139Y6","1","H","D","1","F","C","4","1","3","9","Y","6",0,0,0,"000000000","00000000000",0,0,0,1,0,0,0,0,0,0,0,999,0,0,0,0,6,2,1,0,0,0,1,28,39759,1,1,0,0,2,0,72,240,98,0,0,1,0,8,2015,8,2015,3,0,0,0,0,1,2,55,1,1,1,1,0,0,1,6,7,2,2,98,"777777777777","777777777777","777777777777",1,0
28,280395,1,1,1,20,8,1,0,52,0,1,0,28,1,20,471,20471,30,1999,"1GCCS1443X81","1","G","C","C","S","1","4","4","3","X","8","1",0,0,0,"000000000","00000000000",0,0,0,1,0,0,0,0,0,0,0,998,0,0,0,12,6,2,52,0,0,0,1,28,39301,6,1,0,0,3,0,68,200,98,0,1,0,0,9,2013,9,2013,0,0,0,0,0,3,4,65,1,1,2,1,0,0,1,13,1,1,4,1,"777777777777","777777777777","777777777777",1,0
28,280396,1,1,1,20,8,3,36,53,0,1,0,28,1,23,481,23481,31,2007,"1GTHK23D47F1","1","G","T","H","K","2","3","D","4","7","F","1",0,0,0,"000000000","00000000000",0,0,0,1,0,0,0,0,0,0,0,999,0,1,5,12,6,2,1,0,0,0,1,28,39365,6,1,0,0,3,0,76,230,98,0,0,0,0,0,0,0,0,0,0,0,0,0,1,2,55,1,1,2,1,0,0,1,13,8,1,4,1,"777777777777","777777777777","777777777777",1,0
28,280397,1,1,1,20,8,6,17,34,0,1,0,28,1,20,421,20421,15,1999,"1GNDT13W8X21","1","G","N","D","T","1","3","W","8","X","2","1",0,0,0,"000000000","00000000000",0,0,0,1,0,0,0,0,0,0,0,998,0,1,5,12,6,2,1,0,0,0,1,28,39208,6,1,0,0,3,0,67,160,98,0,0,0,0,0,0,0,0,0,0,0,0,0,2,4,55,1,1,2,2,0,0,1,13,1,1,4,1,"777777777777","777777777777","777777777777",1,1
28,280398,1,9,1,20,8,15,2,12,1,1,0,28,1,51,881,51881,66,1998,"4VG7DVRH2WN7","4","V","G","7","D","V","R","H","2","W","N","7",1,1,28,"1912128","281912128",3,6,3,1,0,0,0,0,0,0,0,999,0,0,0,12,6,2,2,0,0,1,1,28,39170,6,1,6,0,3,0,74,190,98,0,0,0,0,0,0,0,0,0,0,0,0,0,3,4,50,1,1,2,1,0,0,2,51,9,2,2,98,"888888888888","777777777777","777777777777",0,0
28,280398,2,9,1,20,8,15,2,12,1,1,0,28,1,20,404,20404,14,2016,"2GNALCEK3G11","2","G","N","A","L","C","E","K","3","G","1","1",0,0,0,"000000000","00000000000",0,0,0,1,0,0,0,0,0,0,0,999,0,0,0,7,6,2,25,0,0,0,1,28,39170,6,1,0,0,3,0,72,175,98,0,0,1,0,3,2015,3,2015,0,0,0,0,0,3,4,50,1,1,2,1,0,0,2,13,1,2,2,98,"777777777777","777777777777","777777777777",0,0
28,280398,3,9,1,20,8,15,2,12,1,1,0,28,1,49,53,49053,5,2009,"4T3ZE11A69U0","4","T","3","Z","E","1","1","A","6","9","U","0",0,0,0,"000000000","00000000000",0,0,0,1,0,0,0,0,0,0,0,999,0,0,0,12,6,2,12,0,0,0,1,28,39047,6,1,0,0,3,0,68,140,98,0,0,0,0,0,0,0,0,0,0,0,0,0,3,4,50,1,1,2,1,0,0,1,54,1,2,3,98,"777777777777","777777777777","777777777777",0,0
28,280398,4,9,1,20,8,15,2,12,1,1,0,22,1,2,404,2404,14,2012,"1C4RJFAGXCC1","1","C","4","R","J","F","A","G","X","C","C","1",0,0,0,"000000000","00000000000",0,0,0,1,0,0,0,0,0,0,0,999,0,0,0,6,6,2,12,0,0,0,1,22,70808,6,1,0,0,3,0,67,170,0,0,0,0,0,0,0,0,0,0,0,0,0,0,3,4,50,1,1,2,1,0,0,2,54,16,5,2,98,"777777777777","777777777777","777777777777",0,0
28,280398,5,9,1,20,8,15,2,12,1,1,0,28,1,20,28,20028,4,2013,"1G1JA5SH4D42","1","G","1","J","A","5","S","H","4","D","4","2",0,0,0,"000000000","00000000000",0,0,0,1,0,0,0,0,0,0,0,999,0,1,1,8,6,2,2,0,0,1,1,28,39203,6,1,0,0,3,0,64,160,98,0,0,1,0,10,2015,10,2015,0,0,0,0,0,3,4,50,1,1,2,1,0,0,1,61,1,2,2,98,"777777777777","777777777777","777777777777",1,0
28,280398,6,9,1,20,8,15,2,12,1,1,0,28,1,20,481,20481,31,1995,"2GCEK19K3S12","2","G","C","E","K","1","9","K","3","S","1","2",0,0,0,"000000000","00000000000",0,0,0,1,0,0,0,0,0,0,0,999,0,0,0,12,6,2,12,0,0,1,1,28,39040,6,1,6,0,3,0,71,270,98,0,0,0,0,0,0,0,0,0,0,0,0,0,3,4,50,1,1,2,1,0,0,1,50,16,2,1,20,"777777777777","777777777777","777777777777",0,0
28,280398,7,9,1,20,8,15,2,12,1,1,0,28,1,20,401,20401,14,2005,"1GNDS13SX621","1","G","N","D","S","1","3","S","X","6","2","1",0,0,0,"000000000","00000000000",0,0,0,1,0,0,0,0,0,0,0,0,0,0,0,6,6,2,2,0,0,1,1,28,39056,6,1,6,0,3,0,74,230,98,0,0,0,0,0,0,0,0,0,0,0,0,0,3,4,50,1,1,2,1,0,0,5,53,1,1,2,98,"777777777777","777777777777","777777777777",0,0
28,280398,8,9,2,20,8,15,2,12,1,1,0,28,1,49,40,49040,4,2011,"4T1BF3EK6BU6","4","T","1","B","F","3","E","K","6","B","U","6",0,0,0,"000000000","00000000000",0,0,0,1,0,0,0,0,0,0,0,0,0,0,0,6,6,2,2,0,0,1,1,28,39272,6,1,0,0,3,0,65,150,98,0,0,1,1,2,2014,8,2014,0,0,0,0,0,3,4,50,1,1,2,1,0,0,5,53,1,1,2,98,"777777777777","777777777777","777777777777",2,0
28,280398,9,9,2,20,8,15,2,12,1,1,0,28,3,87,884,87884,66,2001,"1XP5DB9X61D5","1","X","P","5","D","B","9","X","6","1","D","5",1,1,28,"138986","28138986",3,6,2,1,0,0,0,0,0,0,0,0,0,0,0,6,2,5,12,0,0,0,1,28,39648,6,1,6,0,3,0,72,150,98,0,0,0,0,0,0,0,0,0,0,0,0,0,3,4,50,1,1,2,1,0,0,5,53,1,1,1,21,"888888888888","777777777777","777777777777",0,0
28,280399,1,1,1,20,8,21,45,42,0,1,0,1,1,20,481,20481,31,1994,"1GCEK14KXRZ1","1","G","C","E","K","1","4","K","X","R","Z","1",0,0,0,"000000000","00000000000",0,0,0,1,0,0,0,0,0,0,0,999,0,0,0,12,6,2,42,0,0,0,1,1,35570,2,1,0,0,2,0,78,225,0,0,0,0,1,12,2014,12,2014,0,99,99,99,99,1,2,55,1,1,2,1,20,3,1,14,1,1,4,14,"777777777777","777777777777","777777777777",1,1
28,280400,1,2,1,22,8,6,53,12,2,1,0,28,1,20,481,20481,31,1996,"1GBKC34F1TJ1","1","G","B","K","C","3","4","F","1","T","J","1",0,0,0,"000000000","00000000000",0,0,0,1,0,0,0,0,0,0,0,998,0,0,0,12,6,2,12,0,0,1,1,28,39213,6,1,0,0,3,0,72,175,98,0,0,2,0,5,2014,6,2014,0,0,0,0,0,1,2,55,2,1,2,1,0,0,14,10,1,1,2,50,"777777777777","777777777777","777777777777",1,0
28,280400,2,2,1,22,8,6,53,12,2,1,0,28,1,84,884,84884,66,1999,"2HSFTAER7XC0","2","H","S","F","T","A","E","R","7","X","C","0",1,1,88,"888888888","88888888888",3,6,98,1,0,0,0,0,0,0,0,998,0,0,0,12,6,2,12,0,0,0,1,28,39090,6,1,6,0,3,0,66,250,98,0,0,0,0,0,0,0,0,0,0,0,0,0,1,2,55,3,1,2,1,0,0,14,62,1,1,1,51,"888888888888","777777777777","777777777777",0,0
28,280401,1,2,1,24,8,7,32,12,6,1,0,28,1,82,881,82881,66,1998,"1FUPCSZB8WP9","1","F","U","P","C","S","Z","B","8","W","P","9",1,1,28,"1605061","281605061",3,6,1,1,0,0,0,0,0,0,0,998,0,0,0,12,6,2,12,0,0,0,1,28,39073,6,1,6,0,3,0,72,205,98,0,0,1,1,4,2015,3,2016,0,0,0,0,0,2,4,65,1,1,2,1,0,0,1,66,1,1,1,86,"888888888888","777777777777","777777777777",0,0
28,280401,2,2,2,24,8,7,32,12,6,1,0,28,1,20,471,20471,30,1994,"1GCCS1443R81","1","G","C","C","S","1","4","4","3","R","8","1",0,0,0,"000000000","00000000000",0,0,0,1,0,0,0,0,0,0,0,999,0,0,0,3,6,2,12,0,0,0,1,28,39119,0,0,0,0,0,0,999,999,98,0,0,0,0,0,0,0,0,0,38,0,0,0,2,4,65,1,1,2,1,0,0,1,17,1,1,1,87,"777777777777","777777777777","777777777777",1,0
28,280402,1,1,1,24,8,8,54,35,0,1,0,28,1,12,471,12471,30,1999,"1FTYR14VXXPA","1","F","T","Y","R","1","4","V","X","X","P","A",0,0,0,"000000000","00000000000",0,0,0,1,0,0,0,0,0,0,0,999,0,0,0,12,6,2,35,0,0,0,1,28,39367,6,1,0,0,3,0,74,250,98,0,0,0,0,0,0,0,0,0,0,0,0,0,2,4,65,1,1,2,1,0,0,1,13,1,1,4,1,"777777777777","777777777777","777777777777",1,1
28,280403,1,1,1,24,8,22,23,8,0,1,0,28,1,35,47,35047,4,2005,"1N4AL11D45N4","1","N","4","A","L","1","1","D","4","5","N","4",0,0,0,"000000000","00000000000",0,0,0,1,0,0,0,0,0,0,0,999,0,0,0,12,2,5,8,0,0,0,1,28,38947,6,1,0,0,3,0,66,240,98,0,0,0,0,0,0,0,0,0,0,0,0,0,1,2,25,1,1,2,1,0,0,1,80,1,1,1,13,"777777777777","777777777777","777777777777",0,0
28,280404,1,1,1,25,8,14,33,33,0,1,0,28,2,20,481,20481,31,2003,"2GCEK19T8311","2","G","C","E","K","1","9","T","8","3","1","1",0,0,0,"000000000","00000000000",0,0,0,1,0,0,0,0,0,0,0,999,0,1,1,12,6,2,1,0,0,0,1,28,39208,6,1,0,0,3,0,69,139,98,0,0,0,0,0,0,0,0,3,58,0,0,0,1,2,35,3,1,2,1,0,0,14,6,8,5,4,6,"777777777777","777777777777","777777777777",1,0
28,280405,1,2,1,25,8,15,31,12,2,1,0,28,1,85,884,85884,66,9999,"1NKWGGGG80J4","1","N","K","W","G","G","G","G","8","0","J","4",1,1,28,"1865476","281865476",3,6,3,1,0,0,0,0,0,0,0,998,0,0,0,12,6,2,12,0,0,0,1,28,39150,6,1,6,0,3,0,74,220,98,0,0,1,0,9,2014,9,2014,0,0,0,0,0,1,2,55,2,1,2,2,0,0,14,62,1,1,2,51,"888888888888","777777777777","777777777777",0,0
28,280405,2,2,1,25,8,15,31,12,2,1,0,28,2,12,3,12003,2,1994,"1FALP4045RF1","1","F","A","L","P","4","0","4","5","R","F","1",0,0,0,"000000000","00000000000",0,0,0,1,0,0,0,0,0,0,0,998,0,0,0,12,6,2,12,0,0,0,1,28,39669,0,0,0,0,0,0,71,207,98,0,0,0,0,0,0,0,0,0,0,0,0,0,1,2,55,3,1,2,2,0,0,14,10,1,1,2,50,"777777777777","777777777777","777777777777",1,0
28,280406,1,2,1,25,8,19,53,12,1,1,0,28,1,76,706,76706,80,2008,"JYAVP28E28A0","J","Y","A","V","P","2","8","E","2","8","A","0",0,0,0,"000000000","00000000000",0,0,0,1,0,0,0,0,0,0,0,999,0,0,0,6,6,2,12,0,0,0,1,28,38930,6,1,6,0,3,0,67,219,98,0,0,0,0,0,0,0,0,0,0,0,0,0,3,4,65,1,1,2,1,0,0,1,53,1,1,1,25,"777777777777","777777777777","777777777777",1,0
28,280406,2,2,1,25,8,19,53,12,1,1,0,12,1,12,401,12401,14,2004,"1FMZU73W74ZB","1","F","M","Z","U","7","3","W","7","4","Z","B",0,0,0,"000000000","00000000000",0,0,0,1,0,0,0,0,0,0,0,999,0,0,0,12,6,2,12,0,0,0,1,12,34698,6,1,0,0,3,0,69,999,0,0,0,0,0,0,0,0,0,0,0,0,0,0,3,4,65,1,1,2,1,0,0,1,51,1,1,1,24,"777777777777","777777777777","777777777777",0,0
28,280407,1,1,1,26,8,20,2,8,0,1,0,48,1,42,47,42047,1,2009,"WDBTK56F39T1","W","D","B","T","K","5","6","F","3","9","T","1",0,0,0,"000000000","00000000000",0,0,0,1,0,0,0,0,0,0,0,999,0,0,0,12,6,2,8,0,0,0,1,48,77057,6,1,0,0,3,0,999,999,0,0,0,0,0,0,0,0,0,0,0,0,0,0,3,4,70,1,1,2,1,0,0,1,80,1,1,1,13,"777777777777","777777777777","777777777777",0,0
28,280408,1,2,1,26,8,20,9,12,6,1,0,28,1,72,706,72706,80,2004,"1HD1BJY194Y0","1","H","D","1","B","J","Y","1","9","4","Y","0",0,0,0,"000000000","00000000000",0,0,0,1,0,0,0,0,0,0,0,998,0,0,0,9,6,2,12,0,0,0,1,28,39301,6,1,0,0,3,0,73,230,98,0,0,0,0,0,0,0,0,0,0,0,0,0,2,4,65,1,1,2,1,0,0,1,65,1,1,1,89,"777777777777","777777777777","777777777777",1,0
28,280408,2,2,1,26,8,20,9,12,6,1,0,28,1,12,422,12422,15,2011,"1FMJU1K51BEF","1","F","M","J","U","1","K","5","1","B","E","F",0,0,0,"000000000","00000000000",0,0,0,1,0,0,0,0,0,0,0,998,0,0,0,12,6,2,12,0,0,0,1,28,39307,6,1,0,0,3,0,68,145,98,0,0,0,0,0,0,0,0,0,0,0,0,0,2,4,65,1,1,2,1,0,0,1,17,1,1,2,88,"777777777777","777777777777","777777777777",0,0
28,280409,1,1,1,27,8,1,50,8,0,1,1,28,1,99,999,99999,99,9999,"999999999999","9","9","9","9","9","9","9","9","9","9","9","9",0,0,0,"000000000","00000000000",0,0,0,1,0,0,0,0,0,0,0,999,0,0,0,12,2,5,8,0,0,0,1,99,99999,9,9,99,9,9,9,999,999,99,99,99,99,99,99,9999,99,9999,0,0,0,0,0,1,2,98,1,1,2,1,0,0,1,80,1,1,1,13,"777777777777","777777777777","777777777777",0,0
28,280410,1,2,4,27,8,3,5,12,1,1,0,28,3,49,40,49040,4,2015,"4T1BF1FK8FU9","4","T","1","B","F","1","F","K","8","F","U","9",0,0,0,"000000000","00000000000",0,0,0,1,0,0,0,0,0,0,0,999,0,0,0,6,6,2,12,0,0,0,1,28,38671,6,1,0,0,3,0,70,170,98,0,0,0,0,0,0,0,0,0,0,0,0,0,5,5,55,1,1,2,1,0,0,1,53,1,1,1,25,"777777777777","777777777777","777777777777",1,0
28,280410,2,2,1,27,8,3,5,12,1,1,0,28,1,20,481,20481,31,2002,"2GCEK19T1212","2","G","C","E","K","1","9","T","1","2","1","2",0,0,0,"000000000","00000000000",0,0,0,1,0,0,0,0,0,0,0,999,0,0,0,12,6,2,12,0,0,0,1,28,38701,6,1,0,0,3,0,67,140,98,0,0,0,0,0,0,0,0,3,0,0,0,0,5,5,55,1,1,2,1,0,0,1,51,1,1,1,24,"777777777777","777777777777","777777777777",0,0
28,280411,1,1,1,27,8,21,4,8,0,1,0,28,1,49,472,49472,40,1997,"4TANL42N2VZ2","4","T","A","N","L","4","2","N","2","V","Z","2",0,0,0,"000000000","00000000000",0,0,0,1,0,0,0,0,0,0,0,999,0,0,0,12,6,2,8,0,0,0,1,28,39474,6,1,0,0,3,0,72,210,98,0,0,0,0,0,0,0,0,0,0,0,0,0,1,2,55,1,3,2,1,0,0,1,80,1,1,1,13,"777777777777","777777777777","777777777777",0,0
28,280412,1,1,1,28,8,5,30,1,0,1,0,28,1,12,35,12035,4,1998,"1FAFP6630WK1","1","F","A","F","P","6","6","3","0","W","K","1",0,0,0,"000000000","00000000000",0,0,0,1,0,0,0,0,0,0,0,999,0,1,5,0,6,2,1,0,0,0,1,28,38680,0,0,0,0,0,0,999,999,98,0,0,0,0,0,0,0,0,0,0,0,0,0,1,2,45,1,1,2,1,0,0,1,12,1,1,4,6,"777777777777","777777777777","777777777777",1,0
28,280413,1,1,2,28,8,15,50,35,0,1,0,22,1,7,442,7442,20,2005,"1D4GP25B05S3","1","D","4","G","P","2","5","B","0","5","S","3",0,0,0,"000000000","00000000000",0,0,0,1,0,0,0,0,0,0,0,999,0,0,0,12,6,2,35,0,0,0,1,22,70815,1,1,0,0,2,0,69,230,0,3,0,0,0,6,2014,2,2016,0,0,0,0,0,3,4,65,1,1,2,1,0,0,1,13,1,1,4,1,"777777777777","777777777777","777777777777",1,0
28,280414,1,1,4,28,8,18,33,1,0,1,0,28,1,49,472,49472,30,2008,"5TENX22N28Z5","5","T","E","N","X","2","2","N","2","8","Z","5",0,0,0,"000000000","00000000000",0,0,0,1,0,0,0,0,0,0,0,999,0,1,5,0,6,2,1,0,0,0,1,28,39328,6,1,0,0,3,0,68,204,98,0,0,0,0,0,0,0,0,0,0,0,0,0,1,2,55,3,1,2,1,0,0,14,12,1,1,4,6,"777777777777","777777777777","777777777777",1,0
28,280415,1,1,1,28,8,18,30,42,0,1,0,28,2,20,422,20422,15,2006,"1GNEC16Z76J1","1","G","N","E","C","1","6","Z","7","6","J","1",0,0,0,"000000000","00000000000",0,0,0,1,0,0,0,0,0,0,0,999,0,0,0,12,6,2,42,0,0,0,1,28,38655,0,0,0,0,0,0,999,999,98,0,0,0,0,0,0,0,0,0,0,0,0,0,1,2,45,1,1,2,1,0,0,1,12,1,1,4,6,"777777777777","777777777777","777777777777",1,1
28,280416,1,2,1,29,8,16,22,12,2,1,0,28,1,20,22,20022,4,2010,"1G1AF5F53A72","1","G","1","A","F","5","F","5","3","A","7","2",0,0,0,"000000000","00000000000",0,0,0,1,0,0,0,0,0,0,0,998,0,0,0,12,6,2,12,0,0,0,1,28,39116,6,1,0,0,3,0,63,130,98,0,0,0,0,0,0,0,0,0,0,0,0,0,1,2,55,1,3,2,1,0,0,1,62,1,1,1,51,"777777777777","777777777777","777777777777",1,0
28,280416,2,2,2,29,8,16,22,12,2,1,0,28,1,54,36,54036,4,2002,"JH4KA96502C0","J","H","4","K","A","9","6","5","0","2","C","0",0,0,0,"000000000","00000000000",0,0,0,1,0,0,0,0,0,0,0,999,0,0,0,12,6,2,12,0,0,0,1,28,39443,0,0,0,0,0,0,999,999,98,0,0,0,0,0,0,0,0,0,28,38,0,0,1,2,55,1,3,2,1,0,0,6,10,1,1,2,50,"777777777777","777777777777","777777777777",0,0
28,280417,1,2,1,31,8,6,57,12,1,1,0,28,1,84,884,84884,60,1987,"1HSLRTVN0HHA","1","H","S","L","R","T","V","N","0","H","H","A",0,0,88,"888888888","88888888888",2,1,1,1,0,0,0,0,0,0,0,998,0,0,0,6,2,5,12,0,0,0,1,28,39653,6,1,6,0,3,0,71,200,98,0,1,0,0,8,2016,8,2016,0,0,0,0,0,3,4,65,1,1,2,1,0,0,1,53,1,1,1,25,"777777777777","777777777777","777777777777",0,0
28,280417,2,2,1,31,8,6,57,12,1,1,0,28,1,19,421,19421,15,1999,"1GYEK13R0XR4","1","G","Y","E","K","1","3","R","0","X","R","4",0,0,0,"000000000","00000000000",0,0,0,1,0,0,0,0,0,0,0,998,0,0,0,12,6,2,12,0,0,0,1,28,39630,6,1,0,0,3,0,72,230,98,0,0,0,0,0,0,0,0,0,38,0,0,0,3,4,65,1,1,2,1,0,0,1,51,1,1,2,24,"777777777777","777777777777","777777777777",1,0
28,280418,1,1,3,1,9,1,22,34,0,1,0,28,1,12,401,12401,14,2002,"1FMZU62E32UA","1","F","M","Z","U","6","2","E","3","2","U","A",0,0,0,"000000000","00000000000",0,0,0,1,0,0,0,0,0,0,0,998,0,0,0,12,6,2,34,0,0,0,1,28,39301,1,1,0,0,2,0,69,245,98,0,0,0,0,0,0,0,0,0,0,0,0,0,2,4,65,1,1,2,1,0,0,1,13,1,1,4,1,"777777777777","777777777777","777777777777",1,0
28,280419,1,1,1,1,9,9,11,23,0,1,0,48,1,51,881,51881,66,2006,"4V4NC9TH86N3","4","V","4","N","C","9","T","H","8","6","N","3",1,1,48,"2786829","482786829",3,6,97,1,0,0,0,0,0,0,0,998,0,0,0,12,6,2,42,0,0,0,1,48,77074,6,1,6,0,3,0,999,999,2,0,0,0,1,2,2013,3,2016,0,0,0,0,0,3,4,70,1,1,2,1,0,0,1,13,1,1,4,1,"888888888888","777777777777","777777777777",1,0
28,280420,1,1,1,1,9,11,49,25,0,1,0,28,1,99,998,99998,92,2012,"999999999999","9","9","9","9","9","9","9","9","9","9","9","9",0,0,0,"000000000","00000000000",0,0,0,1,0,0,0,0,0,0,0,999,0,0,0,1,6,2,25,0,0,0,1,28,38824,0,0,0,0,0,0,999,999,98,0,0,0,0,0,0,0,0,0,0,0,0,0,3,4,50,1,1,2,1,0,0,1,13,1,1,4,1,"777777777777","777777777777","777777777777",1,0
28,280421,1,2,1,1,9,20,52,12,6,1,0,28,1,20,431,20431,16,1999,"1GNEC16R1XJ4","1","G","N","E","C","1","6","R","1","X","J","4",0,0,0,"000000000","00000000000",0,0,0,1,0,0,0,0,0,0,0,999,0,0,0,9,6,2,12,0,0,0,1,28,39452,6,1,0,0,3,0,74,170,98,0,0,0,0,0,0,0,0,0,38,39,0,0,1,2,99,1,1,2,1,20,3,10,16,1,1,2,78,"777777777777","777777777777","777777777777",1,0
28,280421,2,2,2,1,9,20,52,12,6,1,0,28,1,13,1,13001,4,2004,"1LNHM83W84Y6","1","L","N","H","M","8","3","W","8","4","Y","6",0,0,0,"000000000","00000000000",0,0,0,1,0,0,0,0,0,0,0,999,0,0,0,12,6,2,12,0,0,0,1,28,39452,6,1,0,0,3,0,72,145,98,0,0,0,0,0,0,0,0,0,0,0,0,0,5,5,65,1,1,2,1,0,0,1,65,1,1,2,79,"777777777777","777777777777","777777777777",0,0
28,280422,1,2,1,2,9,9,19,12,2,1,0,28,1,86,881,86881,66,1999,"1M1AA12Y0XW1","1","M","1","A","A","1","2","Y","0","X","W","1",1,1,28,"2598630","282598630",3,6,10,1,0,0,0,0,0,0,0,999,0,0,0,12,6,2,12,0,0,0,1,28,39330,6,1,0,0,2,0,71,200,98,0,0,0,0,0,0,0,0,0,0,0,0,0,1,2,55,1,1,2,1,0,0,1,62,6,1,2,51,"888888888888","777777777777","777777777777",0,0
28,280422,2,2,1,2,9,9,19,12,2,1,0,28,1,49,40,49040,4,1997,"4T1BG22K1VU1","4","T","1","B","G","2","2","K","1","V","U","1",0,0,0,"000000000","00000000000",0,0,0,1,0,0,0,0,0,0,0,999,0,0,0,12,6,2,12,0,0,0,1,28,39476,6,1,0,0,3,0,65,110,98,0,0,0,0,0,0,0,0,0,0,0,0,0,1,2,55,1,1,2,1,0,0,1,10,1,1,2,50,"777777777777","777777777777","777777777777",1,0
28,280423,1,1,1,20,8,0,47,9,0,1,0,28,1,12,481,12481,31,2004,"1FTPW14594KC","1","F","T","P","W","1","4","5","9","4","K","C",0,0,0,"000000000","00000000000",0,0,0,1,0,0,0,0,0,0,0,999,0,0,0,12,6,2,9,0,0,0,1,28,39565,1,1,0,0,2,0,77,200,98,0,0,0,1,11,2014,11,2014,0,0,0,0,0,5,5,40,1,1,2,1,0,0,1,83,1,1,2,13,"777777777777","777777777777","777777777777",0,0
28,280424,1,1,1,2,9,22,58,52,0,1,0,28,1,72,706,72706,80,1992,"1HD1BLL10NY0","1","H","D","1","B","L","L","1","0","N","Y","0",0,0,0,"000000000","00000000000",0,0,0,1,0,0,0,0,0,0,0,998,0,0,0,12,4,3,52,0,0,0,1,28,38614,6,1,0,0,3,0,70,165,98,0,0,0,0,0,0,0,0,0,0,0,0,0,1,2,45,1,1,2,1,0,0,1,12,1,1,4,6,"777777777777","777777777777","777777777777",1,0
28,280425,1,2,1,5,9,12,13,52,0,1,0,1,1,37,401,37401,14,1998,"4S6CK58W8W44","4","S","6","C","K","5","8","W","8","W","4","4",0,0,0,"000000000","00000000000",0,0,0,1,0,0,0,0,0,0,0,999,0,0,0,12,6,2,12,0,0,0,1,1,36607,6,1,0,0,3,0,68,145,0,4,0,2,1,12,2011,2,2014,0,0,0,0,0,3,4,70,1,1,2,2,0,0,1,13,8,2,4,1,"777777777777","777777777777","777777777777",1,0
28,280425,2,2,2,5,9,12,13,52,0,1,0,13,1,59,36,59036,1,2002,"JTHFN48Y3200","J","T","H","F","N","4","8","Y","3","2","0","0",0,0,0,"000000000","00000000000",0,0,0,1,0,0,0,0,0,0,0,999,0,0,0,12,6,2,12,0,0,0,1,13,31088,6,1,0,0,3,0,68,145,98,4,0,2,0,12,2011,2,2014,0,0,0,0,0,3,4,70,1,1,2,2,0,0,1,62,1,1,2,98,"777777777777","777777777777","777777777777",0,0
28,280426,1,1,1,6,9,6,18,8,0,1,0,28,1,12,481,12481,31,2001,"1FTRW07L51KB","1","F","T","R","W","0","7","L","5","1","K","B",0,0,0,"000000000","00000000000",0,0,0,1,0,0,0,0,0,0,0,999,0,0,0,12,2,5,8,0,0,0,1,28,39191,6,1,0,0,3,0,69,200,98,0,0,1,0,5,2014,5,2014,0,0,0,0,0,1,2,35,1,1,2,1,0,0,1,80,1,1,1,13,"777777777777","777777777777","777777777777",0,0
28,280427,1,2,1,8,9,18,17,12,6,1,0,28,1,49,40,49040,4,2005,"4T1BE32K75U5","4","T","1","B","E","3","2","K","7","5","U","5",0,0,0,"000000000","00000000000",0,0,0,1,0,0,0,0,0,0,0,999,0,0,0,12,6,2,12,0,0,0,1,28,38654,6,1,0,0,3,0,71,130,98,0,0,0,0,0,0,0,0,0,0,0,0,0,1,2,45,1,1,2,1,20,3,1,66,1,1,2,88,"777777777777","777777777777","777777777777",0,0
28,280427,2,2,1,8,9,18,17,12,6,1,0,28,1,13,421,13421,15,2004,"5LMFU27R44LJ","5","L","M","F","U","2","7","R","4","4","L","J",0,0,0,"000000000","00000000000",0,0,0,1,0,0,0,0,0,0,0,999,0,0,0,8,6,2,12,0,0,0,1,28,38671,6,1,0,0,3,0,68,135,98,0,0,0,0,0,0,0,0,0,39,0,0,0,1,2,45,1,1,2,1,20,3,1,17,1,1,1,89,"777777777777","777777777777","777777777777",1,0
28,280428,1,1,3,9,9,9,6,52,0,1,0,28,3,98,884,98884,63,1997,"4P1CT02S4VA0","4","P","1","C","T","0","2","S","4","V","A","0",0,0,88,"888888888","88888888888",3,2,2,1,0,0,0,0,0,7,5,999,0,1,5,12,6,2,1,0,0,0,1,28,39401,6,1,0,0,3,0,70,152,98,0,0,0,0,0,0,0,0,0,0,0,0,0,1,2,40,3,1,2,1,0,0,14,13,1,1,4,1,"777777777777","777777777777","777777777777",1,0