"STATE","ST_CASE","VEH_NO","VE_FORMS","NUMOCCS","DAY","MONTH","HOUR","MINUTE","HARM_EV","MAN_COLL","UNITTYPE","HIT_RUN","REG_STAT","OWNER","MAKE","MODEL","MAK_MOD","BODY_TYP","MOD_YEAR","VIN","VIN_1","VIN_2","VIN_3","VIN_4","VIN_5","VIN_6","VIN_7","VIN_8","VIN_9","VIN_10","VIN_11","VIN_12","TOW_VEH","J_KNIFE","MCARR_I1","MCARR_I2","MCARR_ID","GVWR","V_CONFIG","CARGO_BT","HAZ_INV","HAZ_PLAC","HAZ_ID","HAZ_CNO","HAZ_REL","BUS_USE","SPEC_USE","EMER_USE","TRAV_SP","UNDERIDE","ROLLOVER","ROLINLOC","IMPACT1","DEFORMED","TOWED","M_HARM","VEH_SC1","VEH_SC2","FIRE_EXP","DR_PRES","L_STATE","DR_ZIP","L_STATUS","L_TYPE","CDL_STAT","L_ENDORS","L_COMPL","L_RESTRI","DR_HGT","DR_WGT","PREV_ACC","PREV_SUS","PREV_DWI","PREV_SPD","PREV_OTH","FIRST_MO","FIRST_YR","LAST_MO","LAST_YR","SPEEDREL","DR_SF1","DR_SF2","DR_SF3","DR_SF4","VTRAFWAY","VNUM_LAN","VSPD_LIM","VALIGN","VPROFILE","VPAVETYP","VSURCOND","VTRAFCON","VTCONT_F","P_CRASH1","P_CRASH2","P_CRASH3","PCRASH4","PCRASH5","ACC_TYPE","TRLR1VIN","TRLR2VIN","TRLR3VIN","DEATHS","DR_DRINK"
28,280469,1,2,1,2,10,9,55,12,6,1,0,28,1,20,36,20036,2,1999,"2G1WW12MXX92","2","G","1","W","W","1","2","M","X","X","9","2",0,0,0,"000000000","00000000000",0,0,0,1,0,0,0,0,0,0,0,999,0,0,0,2,6,2,12,0,0,0,1,28,38863,6,2,0,0,3,0,61,110,98,0,0,0,0,0,0,0,0,0,38,0,0,0,1,2,55,1,1,2,1,0,0,11,15,1,1,2,68,"777777777777","777777777777","777777777777",0,0
28,280469,2,2,1,2,10,9,55,12,6,1,0,28,1,76,706,76706,80,1999,"JVAVP04E6XA0","J","V","A","V","P","0","4","E","6","X","A","0",0,0,0,"000000000","00000000000",0,0,0,1,0,0,0,0,0,0,0,999,0,0,0,12,6,2,12,0,0,0,1,28,38863,6,1,0,0,3,0,66,200,98,0,0,0,0,0,0,0,0,0,0,0,0,0,1,2,55,1,1,2,1,0,0,1,62,1,1,1,69,"777777777777","777777777777","777777777777",1,0
28,280470,1,1,1,2,10,12,54,42,0,1,0,28,1,35,47,35047,4,2006,"1N4AL11D76N4","1","N","4","A","L","1","1","D","7","6","N","4",0,0,0,"000000000","00000000000",0,0,0,1,0,0,0,0,0,0,0,999,0,0,0,12,6,2,42,0,0,0,1,28,39041,6,1,0,0,3,0,70,160,98,0,0,0,0,0,0,0,0,0,0,0,0,0,1,2,45,1,1,2,1,0,0,1,12,9,4,4,6,"777777777777","777777777777","777777777777",1,0
28,280471,1,1,3,2,10,22,25,1,0,1,0,28,1,12,481,12481,31,2001,"1FTRW07L91KC","1","F","T","R","W","0","7","L","9","1","K","C",0,0,0,"000000000","00000000000",0,0,0,1,0,0,0,0,0,0,0,998,0,1,5,0,6,2,1,0,0,0,1,28,39189,6,1,0,0,3,0,69,175,98,0,1,0,0,10,2014,10,2014,0,0,0,0,0,1,2,35,3,1,2,1,0,0,14,13,1,1,4,1,"777777777777","777777777777","777777777777",1,1
28,280472,1,1,2,3,10,3,26,35,0,1,0,28,1,20,421,20421,15,1999,"1GNEK13R0XR1","1","G","N","E","K","1","3","R","0","X","R","1",0,0,0,"000000000","00000000000",0,0,0,1,0,0,0,0,0,0,0,999,0,1,5,12,6,2,1,0,0,0,1,28,38614,6,1,0,0,3,0,75,230,98,0,0,1,0,10,2015,10,2015,0,0,0,0,0,2,2,65,1,1,2,1,0,0,1,13,8,2,4,1,"777777777777","777777777777","777777777777",2,0
28,280473,1,1,1,3,10,7,19,42,0,1,0,28,1,20,401,20401,14,2004,"1GNDS13S5422","1","G","N","D","S","1","3","S","5","4","2","2",0,0,0,"000000000","00000000000",0,0,0,1,0,0,0,0,0,0,0,999,0,0,0,9,6,2,42,0,0,0,1,28,38631,6,1,0,0,3,0,61,130,98,0,0,0,0,0,0,0,0,0,0,0,0,0,1,2,45,1,1,2,1,0,0,1,13,1,1,4,1,"777777777777","777777777777","777777777777",1,0
28,280474,1,2,1,3,10,7,40,12,1,1,0,28,3,84,884,84884,66,2006,"1HSXRSCR66J3","1","H","S","X","R","S","C","R","6","6","J","3",1,1,28,"556438","28556438",3,6,3,1,0,0,0,0,0,0,0,999,0,0,0,6,2,5,12,0,0,0,1,28,39437,6,1,6,0,3,0,69,192,98,0,0,0,0,0,0,0,0,0,0,0,0,0,1,2,55,1,2,2,1,0,0,1,53,1,1,1,25,"888888888888","777777777777","777777777777",0,0
28,280474,2,2,1,3,10,7,40,12,1,1,0,28,1,55,36,55036,4,2014,"KMHCT4AE8EU6","K","M","H","C","T","4","A","E","8","E","U","6",0,0,0,"000000000","00000000000",0,0,0,1,0,0,0,0,0,0,0,998,0,0,0,12,6,2,12,0,0,0,1,28,39119,6,1,0,0,3,0,69,170,98,0,0,0,0,0,0,0,0,0,0,0,0,0,1,2,55,1,2,2,1,0,0,1,51,1,1,1,24,"777777777777","777777777777","777777777777",1,0
28,280475,1,2,2,3,10,13,18,12,6,1,0,48,1,30,398,30398,9,1973,"13322558802","1","3","3","2","2","5","5","8","8","0","2","",0,0,0,"000000000","00000000000",0,0,0,1,0,0,0,0,0,0,0,999,0,0,0,12,6,2,12,0,0,0,1,48,76424,6,1,6,0,3,0,999,999,0,0,0,0,0,0,0,0,0,0,0,0,0,0,1,2,35,1,1,2,1,0,0,1,67,1,1,1,83,"777777777777","777777777777","777777777777",2,0
28,280475,2,2,1,3,10,13,18,12,6,1,0,28,1,55,33,55033,4,2006,"5NPEU46F56H0","5","N","P","E","U","4","6","F","5","6","H","0",0,0,0,"000000000","00000000000",0,0,0,1,0,0,0,0,0,0,0,999,0,0,0,9,6,2,12,0,0,0,1,28,39452,6,1,0,0,3,0,73,210,98,0,0,0,0,0,0,0,0,0,38,0,0,0,1,2,35,1,1,2,1,0,0,11,15,1,1,2,82,"777777777777","777777777777","777777777777",0,0
28,280476,1,1,1,4,10,3,27,10,0,1,0,28,1,7,472,7472,31,2000,"1B7GL22X5YS6","1","B","7","G","L","2","2","X","5","Y","S","6",0,0,0,"000000000","00000000000",0,0,0,1,0,0,0,0,0,0,0,998,0,0,0,12,6,2,10,0,0,0,1,28,39702,6,1,0,0,3,0,68,160,98,0,0,0,0,0,0,0,0,3,0,0,0,0,5,3,35,1,1,2,1,65,3,1,17,1,1,1,15,"777777777777","777777777777","777777777777",1,0
28,280477,1,1,1,4,10,13,2,42,0,1,0,28,1,23,481,23481,31,2001,"1GTEK14T01Z1","1","G","T","E","K","1","4","T","0","1","Z","1",0,0,0,"000000000","00000000000",0,0,0,1,0,0,0,0,0,0,0,999,0,0,0,13,6,2,42,0,0,0,1,28,39352,6,1,0,0,3,0,64,189,98,0,0,0,0,0,0,0,0,0,0,0,0,0,2,2,65,1,1,2,1,0,0,1,12,9,2,4,6,"777777777777","777777777777","777777777777",1,0
28,280478,1,2,1,4,10,19,27,12,2,1,0,28,2,49,472,49472,30,2013,"5TFLU4ENXDX0","5","T","F","L","U","4","E","N","X","D","X","0",0,0,0,"000000000","00000000000",0,0,0,1,0,0,0,0,0,0,0,998,0,1,1,12,6,2,1,0,0,0,1,28,39117,6,1,0,0,3,0,70,165,98,0,0,0,0,0,0,0,0,0,0,0,0,0,1,2,55,1,1,2,1,0,0,1,10,1,1,2,50,"777777777777","777777777777","777777777777",1,0
28,280478,2,2,3,4,10,19,27,12,2,1,0,28,1,20,443,20443,20,2003,"1GNDX03E33D1","1","G","N","D","X","0","3","E","3","3","D","1",0,0,0,"000000000","00000000000",0,0,0,1,0,0,0,0,0,0,0,998,0,1,1,12,6,2,12,0,0,0,1,28,39051,0,0,0,0,0,0,999,999,98,0,0,0,0,0,0,0,0,0,0,0,0,0,1,2,55,1,1,2,1,0,0,1,62,1,1,2,51,"777777777777","777777777777","777777777777",0,0
28,280479,1,1,1,5,10,19,51,8,0,1,0,28,1,35,49,35049,6,2006,"JN8AZ08T56W4","J","N","8","A","Z","0","8","T","5","6","W","4",0,0,0,"000000000","00000000000",0,0,0,1,0,0,0,0,0,0,0,999,0,0,0,12,2,5,8,0,0,0,1,28,38917,6,1,0,0,3,0,74,240,98,0,0,0,0,0,0,0,0,0,0,0,0,0,5,5,35,1,1,2,1,0,0,1,80,1,1,1,13,"777777777777","777777777777","777777777777",0,0
28,280480,1,1,1,6,10,5,0,11,0,1,0,28,2,49,482,49482,31,2000,"5TBBT4412YS1","5","T","B","B","T","4","4","1","2","Y","S","1",0,0,0,"000000000","00000000000",0,0,0,1,0,0,0,0,0,0,0,998,0,1,5,12,6,2,1,0,0,0,1,28,38826,6,1,0,0,3,0,70,175,98,0,0,0,0,0,0,0,0,0,83,0,0,0,1,2,55,1,1,2,1,0,0,1,87,1,1,2,13,"777777777777","777777777777","777777777777",1,0
28,280481,1,1,1,6,10,18,24,35,0,1,0,28,1,49,401,49401,14,2000,"JT3GN87R0Y01","J","T","3","G","N","8","7","R","0","Y","0","1",0,0,0,"000000000","00000000000",0,0,0,1,0,0,0,0,0,0,0,999,0,0,0,12,6,2,42,0,0,0,1,28,38863,6,1,0,0,3,0,65,170,98,0,0,0,0,0,0,0,0,0,0,0,0,0,1,2,55,1,1,2,1,0,0,1,12,1,1,4,6,"777777777777","777777777777","777777777777",1,0
28,280482,1,3,1,6,10,21,44,12,6,1,0,28,1,12,17,12017,4,2015,"1FAHP2MK9FG1","1","F","A","H","P","2","M","K","9","F","G","1",0,0,0,"000000000","00000000000",0,0,0,1,0,0,0,0,0,0,0,999,0,0,0,12,6,2,12,0,0,0,1,28,39350,6,1,0,0,3,0,70,198,98,0,0,0,0,0,0,0,0,0,0,0,0,0,1,2,55,1,1,2,1,0,0,1,65,1,1,1,77,"777777777777","777777777777","777777777777",0,0
28,280482,2,3,3,6,10,21,44,12,6,1,0,28,1,7,26,7026,4,2009,"1B3LC56B19N5","1","B","3","L","C","5","6","B","1","9","N","5",0,0,0,"000000000","00000000000",0,0,0,1,0,0,0,0,0,0,0,999,0,0,0,12,6,2,12,0,0,0,1,28,38901,6,1,0,0,3,0,68,190,98,0,0,0,0,0,0,0,0,0,0,0,0,0,1,2,55,1,1,2,1,0,0,1,62,1,1,1,98,"777777777777","777777777777","777777777777",0,0
28,280482,3,3,1,6,10,21,44,12,6,1,0,28,1,37,39,37039,5,2015,"3HGGK5H51FM7","3","H","G","G","K","5","H","5","1","F","M","7",0,0,0,"000000000","00000000000",0,0,0,1,0,0,0,0,0,0,0,999,0,0,0,4,6,2,12,0,0,0,1,28,39346,6,1,0,0,3,0,65,125,98,0,0,0,0,0,0,0,0,0,39,0,0,0,1,2,55,1,1,2,1,20,3,11,15,1,1,2,76,"777777777777","777777777777","777777777777",1,0
28,280483,1,2,2,6,10,23,21,12,2,1,0,28,1,63,38,63038,5,2015,"KNAFK4A63F53","K","N","A","F","K","4","A","6","3","F","5","3",0,0,0,"000000000","00000000000",0,0,0,1,0,0,0,0,0,0,0,999,0,0,0,12,6,2,12,0,0,0,1,28,39401,3,1,0,0,2,0,66,140,98,0,0,0,0,0,0,0,0,0,38,0,0,0,1,2,55,1,1,2,1,0,0,11,67,1,1,1,68,"777777777777","777777777777","777777777777",0,0
28,280483,2,2,1,6,10,23,21,12,2,1,0,28,1,72,706,72706,80,2011,"1HD1GP41XBC3","1","H","D","1","G","P","4","1","X","B","C","3",0,0,0,"000000000","00000000000",0,0,0,1,0,0,0,0,0,0,0,999,0,0,0,12,6,2,12,0,0,0,1,28,39475,6,1,0,0,3,0,73,150,98,0,0,0,0,0,0,0,0,0,0,0,0,0,1,2,55,1,1,2,1,0,0,1,15,1,1,2,69,"777777777777","777777777777","777777777777",1,0
28,280484,1,1,1,7,10,11,1,42,0,1,0,28,1,49,40,49040,4,1999,"JT2BF22KXX02","J","T","2","B","F","2","2","K","X","X","0","2",0,0,0,"000000000","00000000000",0,0,0,1,0,0,0,0,0,0,0,999,0,1,5,12,6,2,1,0,0,0,1,28,39503,1,1,0,0,2,0,72,185,98,0,0,0,0,0,0,0,0,0,0,0,0,0,1,2,55,3,1,2,1,0,0,14,12,16,2,4,6,"777777777777","777777777777","777777777777",1,0
28,280485,1,1,1,7,10,23,17,30,0,1,0,28,1,7,26,7026,4,2014,"1C3CDZAB6EN1","1","C","3","C","D","Z","A","B","6","E","N","1",0,0,0,"000000000","00000000000",0,0,0,1,0,0,0,0,0,0,0,998,0,0,0,12,6,2,30,0,0,0,1,28,39465,0,0,0,0,0,0,999,999,98,0,0,0,0,0,0,0,0,0,0,0,0,0,1,2,30,1,1,2,1,0,0,1,13,1,1,4,1,"777777777777","777777777777","777777777777",1,1
28,280486,1,2,2,8,10,8,30,12,1,1,0,13,1,34,706,34706,80,2003,"WB10555A43ZD","W","B","1","0","5","5","5","A","4","3","Z","D",0,0,0,"000000000","00000000000",0,0,0,1,0,0,0,0,0,0,0,999,0,0,0,6,6,2,42,0,0,0,1,13,30176,6,1,0,0,3,0,68,190,98,0,0,1,0,6,2016,6,2016,0,0,0,0,0,2,2,70,1,1,2,1,0,0,1,53,1,1,1,25,"777777777777","777777777777","777777777777",2,0
28,280486,2,2,1,8,10,8,30,12,1,1,0,28,1,20,481,20481,31,2014,"3GCPCSEC2EG2","3","G","C","P","C","S","E","C","2","E","G","2",0,0,0,"000000000","00000000000",0,0,0,1,0,0,0,0,0,0,0,999,0,0,0,12,2,5,12,0,0,0,1,48,76549,6,1,0,0,3,0,999,999,0,0,0,2,0,8,2013,1,2014,0,38,0,0,0,2,2,70,1,1,2,1,0,0,1,51,1,1,1,24,"777777777777","777777777777","777777777777",0,0
28,280487,1,3,2,8,10,9,35,12,1,1,0,28,1,20,37,20037,4,2012,"1G1ZA5EU4CF3","1","G","1","Z","A","5","E","U","4","C","F","3",0,0,0,"000000000","00000000000",0,0,0,1,0,0,0,0,0,0,0,0,0,0,0,6,6,2,12,0,0,0,1,28,39759,6,1,0,0,3,0,64,281,98,0,0,0,0,0,0,0,0,0,0,0,0,0,5,5,45,1,1,2,1,0,0,5,53,1,1,1,21,"777777777777","777777777777","777777777777",0,0
28,280487,2,3,1,8,10,9,35,12,1,1,0,28,1,35,47,35047,4,2008,"1N4AL21E08C1","1","N","4","A","L","2","1","E","0","8","C","1",0,0,0,"000000000","00000000000",0,0,0,1,0,0,0,0,0,0,0,999,0,0,0,12,6,2,12,0,0,0,1,28,39759,6,1,0,0,3,0,70,200,98,0,0,0,0,0,0,0,0,0,27,0,0,0,5,5,45,1,1,2,1,0,0,15,50,1,1,2,20,"777777777777","777777777777","777777777777",1,0
28,280487,3,3,1,8,10,9,35,12,1,1,0,28,1,59,31,59031,4,2009,"JTHBJ46G8922","J","T","H","B","J","4","6","G","8","9","2","2",0,0,0,"000000000","00000000000",0,0,0,1,0,0,0,0,0,0,0,999,0,0,0,7,2,5,12,0,0,0,1,28,39759,6,1,0,0,3,0,63,160,98,0,0,0,0,0,0,0,0,0,0,0,0,0,5,5,45,1,1,2,1,0,0,1,62,1,1,1,98,"777777777777","777777777777","777777777777",0,0
28,280488,1,1,1,8,10,11,53,1,0,1,0,28,1,53,706,53706,80,2005,"JS1GW71A7521","J","S","1","G","W","7","1","A","7","5","2","1",0,0,0,"000000000","00000000000",0,0,0,1,0,0,0,0,0,0,0,999,0,0,0,0,2,5,1,0,0,0,1,28,39503,6,1,0,0,3,0,75,175,98,0,0,0,0,0,0,0,0,0,0,0,0,0,1,2,25,3,1,2,1,0,0,14,13,1,1,4,1,"777777777777","777777777777","777777777777",1,0
28,280489,1,1,1,10,10,4,15,42,0,1,0,28,1,23,431,23431,16,2003,"3GKFK16Z23G2","3","G","K","F","K","1","6","Z","2","3","G","2",0,0,0,"000000000","00000000000",0,0,0,1,0,0,0,0,0,0,0,998,0,1,5,61,6,2,1,0,0,0,1,28,39773,0,0,0,0,0,0,999,999,98,0,0,0,0,0,0,0,0,0,0,0,0,0,1,2,55,1,1,2,1,0,0,1,12,1,1,4,6,"777777777777","777777777777","777777777777",1,0
28,280490,1,1,1,10,10,9,46,34,0,1,0,28,1,35,47,35047,4,2006,"1N4AL11D46C2","1","N","4","A","L","1","1","D","4","6","C","2",0,0,0,"000000000","00000000000",0,0,0,1,0,0,0,0,0,0,0,999,0,0,0,12,6,2,30,0,0,0,1,28,39663,6,1,0,0,3,0,68,130,98,0,0,0,0,0,0,0,0,0,0,0,0,0,1,2,55,1,3,2,1,0,0,1,13,1,1,4,1,"777777777777","777777777777","777777777777",1,0
28,280491,1,1,1,11,10,11,2,42,0,1,0,28,1,7,481,7481,31,1990,"1B7KE268XL56","1","B","7","K","E","2","6","8","X","L","5","6",0,0,0,"000000000","00000000000",0,0,0,1,0,0,0,0,0,0,0,999,0,0,0,12,6,2,42,0,0,0,1,28,39653,1,1,0,0,2,0,72,200,98,0,0,0,0,0,0,0,0,0,0,0,0,0,1,2,50,1,1,2,1,0,0,1,13,1,1,4,1,"777777777777","777777777777","777777777777",1,0
28,280492,1,4,1,11,10,18,7,12,1,1,0,28,1,20,481,20481,31,1999,"1GCEK14T7XZ1","1","G","C","E","K","1","4","T","7","X","Z","1",0,0,0,"000000000","00000000000",0,0,0,1,0,0,0,0,0,0,0,998,0,0,0,12,6,2,12,0,0,0,1,28,38641,1,1,0,0,2,0,66,165,98,0,2,0,0,4,2015,10,2015,4,26,0,0,0,1,2,45,1,1,2,1,0,0,1,51,1,1,1,24,"777777777777","777777777777","777777777777",0,1
28,280492,2,4,1,11,10,18,7,12,1,1,0,28,1,37,705,37705,80,2003,"JH2PC21363M4","J","H","2","P","C","2","1","3","6","3","M","4",0,0,0,"000000000","00000000000",0,0,0,1,0,0,0,0,0,0,0,998,0,0,0,6,6,2,12,0,0,0,1,28,38637,6,1,0,0,3,0,70,160,98,0,0,0,0,0,0,0,0,0,0,0,0,0,1,2,45,1,1,2,1,0,0,1,53,1,1,1,25,"777777777777","777777777777","777777777777",1,0
28,280492,3,4,1,11,10,18,7,12,1,1,0,47,1,49,482,49482,31,2003,"5TBRT34123S4","5","T","B","R","T","3","4","1","2","3","S","4",0,0,0,"000000000","00000000000",0,0,0,1,0,0,0,0,0,0,0,998,0,0,0,6,6,2,2,0,0,1,1,47,38109,6,1,0,0,3,0,67,196,0,0,0,0,0,0,0,0,0,0,0,0,0,0,1,2,45,1,1,2,1,0,0,1,53,1,1,2,98,"777777777777","777777777777","777777777777",0,0
28,280492,4,4,2,11,10,18,7,12,1,1,0,28,1,6,51,6051,4,2012,"2C3CCACG1CH2","2","C","3","C","C","A","C","G","1","C","H","2",0,0,0,"000000000","00000000000",0,0,0,1,0,0,0,0,0,0,0,999,0,0,0,62,2,5,12,0,0,0,1,47,38141,6,1,0,0,3,0,68,212,1,0,0,0,0,9,2014,9,2014,0,0,0,0,0,1,2,45,1,1,2,1,0,0,1,62,1,1,1,98,"777777777777","777777777777","777777777777",0,0
28,280493,1,1,2,12,10,11,29,10,0,1,0,28,1,20,9,20009,2,1998,"2G1FP22K8W21","2","G","1","F","P","2","2","K","8","W","2","1",0,0,0,"000000000","00000000000",0,0,0,1,0,0,0,0,0,0,0,0,0,0,0,9,6,2,10,0,0,0,1,28,39209,1,1,0,0,2,0,73,220,98,0,0,0,0,0,0,0,0,0,38,0,0,0,1,2,25,1,1,2,1,65,3,1,17,1,1,1,15,"777777777777","777777777777","777777777777",1,0
28,280494,1,2,1,13,10,16,50,12,2,1,0,28,1,49,471,49471,31,1993,"4TARN81A4PZ0","4","T","A","R","N","8","1","A","4","P","Z","0",0,0,0,"000000000","00000000000",0,0,0,1,0,0,0,0,0,0,0,998,0,0,0,12,6,2,12,0,0,0,1,28,39160,6,1,0,0,3,0,66,172,98,0,0,0,0,0,0,0,0,0,0,0,0,0,1,2,55,1,1,2,1,0,0,1,10,1,1,2,50,"777777777777","777777777777","777777777777",1,0
28,280494,2,2,1,13,10,16,50,12,2,1,0,28,1,12,481,12481,31,1998,"1FTZX1761WKB","1","F","T","Z","X","1","7","6","1","W","K","B",0,0,0,"000000000","00000000000",0,0,0,1,0,0,0,0,0,0,0,998,0,0,0,12,6,2,12,0,0,0,1,28,39051,6,1,0,0,3,0,72,172,98,0,0,0,0,0,0,0,0,0,0,0,0,0,1,2,55,1,1,2,1,0,0,2,62,1,1,1,51,"777777777777","777777777777","777777777777",0,0
28,280495,1,1,1,13,10,21,15,42,0,1,0,28,1,37,32,37032,4,1990,"JHMCB7644LC0","J","H","M","C","B","7","6","4","4","L","C","0",0,0,0,"000000000","00000000000",0,0,0,1,0,0,0,0,0,0,0,998,0,0,0,12,6,2,42,0,0,0,1,28,39756,1,1,0,0,2,0,73,170,98,0,0,0,0,0,0,0,0,4,0,0,0,0,1,2,40,1,2,2,1,0,0,1,12,1,1,4,6,"777777777777","777777777777","777777777777",1,0
28,280496,1,1,1,14,10,1,38,1,0,1,0,28,1,20,421,20421,15,2004,"1GNEC13Z74R2","1","G","N","E","C","1","3","Z","7","4","R","2",0,0,0,"000000000","00000000000",0,0,0,1,0,0,0,0,0,0,0,999,0,1,5,0,6,2,1,0,0,0,1,28,38751,6,1,0,0,3,0,62,120,98,0,0,1,0,7,2014,7,2014,0,0,0,0,0,2,4,65,1,1,2,1,0,0,1,9,9,2,4,6,"777777777777","777777777777","777777777777",1,1
28,280497,1,2,1,14,10,14,16,12,6,1,0,5,1,13,5,13005,4,1999,"1LNHM82W8XY6","1","L","N","H","M","8","2","W","8","X","Y","6",0,0,0,"000000000","00000000000",0,0,0,1,0,0,0,0,0,0,0,999,0,0,0,9,6,2,12,0,0,0,1,5,71913,6,1,0,0,3,0,71,225,0,0,0,0,0,0,0,0,0,0,38,0,0,0,2,4,70,1,1,2,2,0,0,15,11,1,1,2,47,"777777777777","777777777777","777777777777",1,0
28,280497,2,2,2,14,10,14,16,12,6,1,0,12,1,7,482,7482,31,2015,"3C63RRGL4FG5","3","C","6","3","R","R","G","L","4","F","G","5",0,0,0,"000000000","00000000000",0,0,0,1,0,0,0,0,0,0,0,999,0,0,0,12,6,2,12,0,0,0,1,5,72653,6,1,0,0,3,0,71,215,0,0,0,0,0,0,0,0,0,0,0,0,0,0,2,4,70,1,1,2,2,0,0,1,64,6,1,2,45,"777777777777","777777777777","777777777777",0,0
28,280498,1,1,1,14,10,22,12,23,0,1,0,28,1,20,481,20481,31,2001,"2GCEK19T4113","2","G","C","E","K","1","9","T","4","1","1","3",0,0,0,"000000000","00000000000",0,0,0,1,0,0,0,0,0,0,0,998,0,1,5,12,6,2,1,0,0,0,1,28,38654,6,1,0,0,3,0,66,135,98,0,0,0,0,0,0,0,0,0,0,0,0,0,1,2,45,1,1,2,1,0,0,1,13,1,1,4,1,"777777777777","777777777777","777777777777",1,0
28,280499,1,2,1,15,10,7,0,12,2,1,0,28,1,20,39,20039,4,2009,"KL1TG56E69B3","K","L","1","T","G","5","6","E","6","9","B","3",0,0,0,"000000000","00000000000",0,0,0,1,0,0,0,0,0,0,0,999,0,0,0,12,6,2,12,0,0,0,1,28,39525,6,1,0,0,3,0,65,145,98,0,0,0,0,0,0,0,0,0,38,0,0,0,2,4,45,1,1,2,1,3,3,11,15,1,1,2,68,"777777777777","777777777777","777777777777",0,0
28,280499,2,2,1,15,10,7,0,12,2,1,0,28,1,72,706,72706,80,2015,"1HD1KHM10FB6","1","H","D","1","K","H","M","1","0","F","B","6",0,0,0,"000000000","00000000000",0,0,0,1,0,0,0,0,0,0,0,999,0,0,0,12,6,2,12,0,0,0,1,28,39507,6,1,0,0,3,0,73,250,98,0,0,0,0,0,0,0,0,0,0,0,0,0,2,4,45,1,1,2,1,3,3,1,67,1,1,2,69,"777777777777","777777777777","777777777777",1,0
28,280500,1,1,1,15,10,16,10,32,0,1,0,28,1,20,2,20002,4,2006,"2G1WB58K1693","2","G","1","W","B","5","8","K","1","6","9","3",0,0,0,"000000000","00000000000",0,0,0,1,0,0,0,0,0,0,0,999,0,0,0,12,6,2,42,0,0,0,1,28,39666,0,0,0,0,0,0,999,999,98,0,0,0,0,0,0,0,0,0,0,0,0,0,1,2,55,3,1,2,1,0,0,14,13,8,2,4,1,"777777777777","777777777777","777777777777",1,0
28,280501,1,1,2,16,10,2,12,35,0,1,0,28,1,12,3,12003,2,2001,"1FAFP42X81F1","1","F","A","F","P","4","2","X","8","1","F","1",0,0,0,"000000000","00000000000",0,0,0,1,0,0,0,0,0,0,0,998,0,1,5,12,6,2,1,0,0,0,1,28,38838,4,1,0,0,2,0,68,175,98,0,0,0,0,0,0,0,0,0,0,0,0,0,1,2,55,1,1,2,1,0,0,1,13,1,1,4,1,"777777777777","777777777777","777777777777",1,1
28,280502,1,1,1,17,10,5,5,8,0,1,0,28,1,12,422,12422,15,2007,"1FMFK17557LA","1","F","M","F","K","1","7","5","5","7","L","A",0,0,0,"000000000","00000000000",0,0,0,1,0,0,0,0,0,0,0,998,0,0,0,12,6,2,8,0,0,0,1,28,39042,6,1,0,0,3,0,76,210,98,0,0,0,0,0,0,0,0,0,0,0,0,0,5,5,55,1,1,2,1,0,0,1,80,1,1,1,13,"777777777777","777777777777","777777777777",0,0
28,280503,1,1,1,17,10,6,1,42,0,1,0,28,1,20,431,20431,16,1988,"1GNER16K1JF1","1","G","N","E","R","1","6","K","1","J","F","1",0,0,0,"000000000","00000000000",0,0,0,1,0,0,0,0,0,0,0,999,0,1,5,12,6,2,42,0,0,0,1,28,38751,6,1,0,0,3,0,75,240,98,0,0,0,0,0,0,0,0,0,0,0,0,0,2,4,65,1,1,2,1,0,0,1,13,8,2,4,1,"777777777777","777777777777","777777777777",1,0
28,280504,1,2,1,17,10,11,52,12,7,1,0,28,1,20,2,20002,4,2007,"2G1WB58K0792","2","G","1","W","B","5","8","K","0","7","9","2",0,0,0,"000000000","00000000000",0,0,0,1,0,0,0,0,0,0,0,999,0,0,0,7,6,2,12,0,0,0,1,28,39206,6,1,0,0,3,0,65,162,98,0,0,0,0,0,0,0,0,0,0,0,0,0,2,4,70,1,1,2,1,0,0,16,10,1,1,2,47,"777777777777","777777777777","777777777777",1,0
28,280504,2,2,1,17,10,11,52,12,7,1,0,28,1,82,881,82881,62,2014,"1FVACWDT0EHF","1","F","V","A","C","W","D","T","0","E","H","F",0,0,88,"888888888","88888888888",2,1,1,1,0,0,0,0,0,0,0,999,0,0,0,82,2,5,12,0,0,0,1,28,39232,6,1,0,0,3,0,69,180,98,0,0,0,0,0,0,0,0,0,0,0,0,0,2,4,70,1,1,2,1,0,0,1,64,1,1,1,45,"777777777777","777777777777","777777777777",0,0
28,280505,1,2,1,17,10,14,33,12,6,1,0,1,1,82,881,82881,66,2016,"3AKJGLD53GSG","3","A","K","J","G","L","D","5","3","G","S","G",1,1,1,"1243338","011243338",3,6,3,1,0,0,0,0,0,0,0,999,0,0,0,7,2,3,12,0,0,0,1,1,36925,6,1,6,0,3,0,67,134,1,0,0,0,0,2,2016,2,2016,0,0,0,0,0,1,2,20,1,1,2,1,20,3,11,15,1,1,2,82,"888888888888","777777777777","777777777777",0,0
28,280505,2,2,2,17,10,14,33,12,6,1,0,28,1,20,404,20404,14,2010,"2CNALDEW2A62","2","C","N","A","L","D","E","W","2","A","6","2",0,0,0,"000000000","00000000000",0,0,0,1,0,0,0,0,0,0,0,999,0,0,0,12,6,2,12,0,0,0,1,28,39180,6,1,0,0,3,0,74,178,98,0,0,0,0,0,0,0,0,0,38,39,0,0,1,2,20,1,1,2,1,20,3,1,67,1,1,1,83,"777777777777","777777777777","777777777777",2,0