"STATE","ST_CASE","VEH_NO","VE_FORMS","NUMOCCS","DAY","MONTH","HOUR","MINUTE","HARM_EV","MAN_COLL","UNITTYPE","HIT_RUN","REG_STAT","OWNER","MAKE","MODEL","MAK_MOD","BODY_TYP","MOD_YEAR","VIN","VIN_1","VIN_2","VIN_3","VIN_4","VIN_5","VIN_6","VIN_7","VIN_8","VIN_9","VIN_10","VIN_11","VIN_12","TOW_VEH","J_KNIFE","MCARR_I1","MCARR_I2","MCARR_ID","GVWR","V_CONFIG","CARGO_BT","HAZ_INV","HAZ_PLAC","HAZ_ID","HAZ_CNO","HAZ_REL","BUS_USE","SPEC_USE","EMER_USE","TRAV_SP","UNDERIDE","ROLLOVER","ROLINLOC","IMPACT1","DEFORMED","TOWED","M_HARM","VEH_SC1","VEH_SC2","FIRE_EXP","DR_PRES","L_STATE","DR_ZIP","L_STATUS","L_TYPE","CDL_STAT","L_ENDORS","L_COMPL","L_RESTRI","DR_HGT","DR_WGT","PREV_ACC","PREV_SUS","PREV_DWI","PREV_SPD","PREV_OTH","FIRST_MO","FIRST_YR","LAST_MO","LAST_YR","SPEEDREL","DR_SF1","DR_SF2","DR_SF3","DR_SF4","VTRAFWAY","VNUM_LAN","VSPD_LIM","VALIGN","VPROFILE","VPAVETYP","VSURCOND","VTRAFCON","VTCONT_F","P_CRASH1","P_CRASH2","P_CRASH3","PCRASH4","PCRASH5","ACC_TYPE","TRLR1VIN","TRLR2VIN","TRLR3VIN","DEATHS","DR_DRINK"
28,280546,1,3,3,12,11,17,33,12,7,1,0,28,1,6,18,6018,4,2015,"1C3CCCAB3FN5","1","C","3","C","C","C","A","B","3","F","N","5",0,0,0,"000000000","00000000000",0,0,0,1,0,0,0,0,0,0,0,999,0,1,5,12,6,2,32,0,0,0,1,28,39095,0,0,0,0,0,0,999,999,98,0,0,0,0,0,0,0,0,0,38,0,0,0,1,2,55,1,1,2,1,0,0,6,10,9,2,2,98,"777777777777","777777777777","777777777777",1,0
28,280546,2,3,1,12,11,17,33,12,7,1,0,28,1,22,20,22020,4,2007,"2G2WP5524712","2","G","2","W","P","5","5","2","4","7","1","2",0,0,0,"000000000","00000000000",0,0,0,1,0,0,0,0,0,0,0,999,0,0,0,82,2,5,12,0,0,0,1,28,39095,1,1,0,0,2,0,74,235,98,0,0,0,0,0,0,0,0,0,0,0,0,0,1,2,55,1,1,2,1,0,0,6,10,9,2,2,46,"777777777777","777777777777","777777777777",0,1
28,280546,3,3,3,12,11,17,33,12,7,1,0,28,1,35,39,35039,4,2011,"1N4AA5AP5BC8","1","N","4","A","A","5","A","P","5","B","C","8",0,0,0,"000000000","00000000000",0,0,0,1,0,0,0,0,0,0,0,999,0,0,0,7,6,2,12,0,0,0,1,28,39095,6,1,0,0,3,0,68,220,98,0,0,0,0,0,0,0,0,0,0,0,0,0,1,2,55,1,1,2,1,0,0,1,60,1,1,1,45,"777777777777","777777777777","777777777777",0,0
28,280547,1,1,1,7,10,14,21,35,0,1,0,28,1,34,34,34034,4,2005,"NBAAZ33455KW","N","B","A","A","Z","3","3","4","5","5","K","W",0,0,0,"000000000","00000000000",0,0,0,1,0,0,0,0,0,0,0,999,0,1,5,12,6,2,1,0,0,0,1,28,38646,6,1,0,0,3,0,64,140,98,0,0,0,0,0,0,0,0,0,0,0,0,0,1,2,55,1,1,2,1,0,0,1,12,1,1,4,6,"777777777777","777777777777","777777777777",1,1
28,280548,1,1,1,13,11,13,55,42,0,1,0,28,1,35,47,35047,4,2008,"1N4AL21E68N4","1","N","4","A","L","2","1","E","6","8","N","4",0,0,0,"000000000","00000000000",0,0,0,1,0,0,0,0,0,0,0,999,0,1,5,6,6,2,1,0,0,0,1,28,39482,6,1,0,0,3,0,74,330,98,0,0,0,0,0,0,0,0,0,0,0,0,0,1,2,55,1,1,2,1,0,0,1,13,8,2,4,1,"777777777777","777777777777","777777777777",1,0
28,280549,1,1,1,14,11,18,0,8,0,1,0,28,1,35,47,35047,4,2008,"1N4AL21E68C1","1","N","4","A","L","2","1","E","6","8","C","1",0,0,0,"000000000","00000000000",0,0,0,1,0,0,0,0,0,0,0,999,0,0,0,12,6,2,8,0,0,0,1,28,39482,6,1,0,0,3,0,73,190,98,0,0,0,0,0,0,0,0,0,0,0,0,0,1,4,65,1,1,2,1,0,0,1,80,1,1,1,13,"777777777777","777777777777","777777777777",0,0
28,280550,1,1,1,15,11,22,27,1,0,1,0,28,1,35,472,35472,30,2006,"1N6AD07W46C4","1","N","6","A","D","0","7","W","4","6","C","4",0,0,0,"000000000","00000000000",0,0,0,1,0,0,0,0,0,0,0,999,0,1,5,0,6,2,42,0,0,0,1,28,39040,6,1,0,0,3,0,71,170,98,0,0,0,0,0,0,0,0,0,0,0,0,0,1,2,55,3,2,2,1,0,0,14,13,8,2,4,1,"777777777777","777777777777","777777777777",1,0
28,280551,1,4,1,18,11,14,6,12,2,1,0,28,1,20,481,20481,31,2012,"1GCRKSE74CZ1","1","G","C","R","K","S","E","7","4","C","Z","1",0,0,0,"000000000","00000000000",0,0,0,1,0,0,0,0,0,0,0,999,0,0,0,12,6,2,12,0,0,0,1,28,39654,6,1,0,0,3,0,75,240,98,0,0,0,0,0,0,0,0,0,0,0,0,0,1,2,55,1,1,2,1,0,0,1,10,1,1,2,50,"777777777777","777777777777","777777777777",0,0
28,280551,2,4,1,18,11,14,6,12,2,1,0,28,1,12,481,12481,31,2014,"1FTFW1CT2EFC","1","F","T","F","W","1","C","T","2","E","F","C",0,0,0,"000000000","00000000000",0,0,0,1,0,0,0,0,0,0,0,999,0,0,0,12,6,2,12,0,0,0,1,28,39429,6,1,0,0,3,0,68,173,98,0,0,0,0,0,0,0,0,0,0,0,0,0,1,2,55,1,1,2,1,0,0,1,62,1,1,1,51,"777777777777","777777777777","777777777777",1,0
28,280551,3,4,4,18,11,14,6,12,2,1,0,28,1,23,422,23422,15,2011,"1GKS2MEF0BR3","1","G","K","S","2","M","E","F","0","B","R","3",0,0,0,"000000000","00000000000",0,0,0,1,0,0,0,0,0,0,0,999,0,0,0,81,6,2,12,0,0,0,1,28,39455,6,1,0,0,3,0,64,160,98,0,0,0,0,0,0,0,0,0,0,0,0,0,1,2,55,1,1,2,1,0,0,1,62,1,1,1,98,"777777777777","777777777777","777777777777",0,0
28,280551,4,4,1,18,11,14,6,12,2,1,0,28,1,63,38,63038,5,2014,"KNAFZ4A80E50","K","N","A","F","Z","4","A","8","0","E","5","0",0,0,0,"000000000","00000000000",0,0,0,1,0,0,0,0,0,0,0,999,0,0,0,61,6,2,12,0,0,0,1,28,39429,6,1,0,0,3,0,62,131,98,0,0,0,0,0,0,0,0,0,0,0,0,0,1,2,55,1,1,2,1,0,0,1,62,1,1,1,98,"777777777777","777777777777","777777777777",0,0
28,280552,1,1,1,18,11,16,48,52,0,1,0,28,1,63,33,63033,4,2008,"KNAFE1222850","K","N","A","F","E","1","2","2","2","8","5","0",0,0,0,"000000000","00000000000",0,0,0,1,0,0,0,0,0,0,0,999,0,0,0,3,6,2,52,0,0,0,1,28,39563,6,1,0,0,3,0,67,165,98,0,0,0,0,0,0,0,0,0,0,0,0,0,1,2,55,3,1,2,1,0,0,14,13,8,2,4,1,"777777777777","777777777777","777777777777",1,0
28,280553,1,1,1,18,11,18,9,1,0,1,0,28,1,12,402,12402,14,2005,"1FMYU93165KA","1","F","M","Y","U","9","3","1","6","5","K","A",0,0,0,"000000000","00000000000",0,0,0,1,0,0,0,0,0,0,0,999,0,1,3,0,6,2,1,0,0,0,1,28,39120,6,1,0,0,3,0,69,190,98,0,0,0,0,0,0,0,0,0,0,0,0,0,2,4,65,1,1,2,1,0,0,1,13,8,2,4,6,"777777777777","777777777777","777777777777",1,1
28,280554,1,1,1,19,11,7,7,35,0,1,0,28,1,24,9,24009,4,2007,"1G8ZS57N77F2","1","G","8","Z","S","5","7","N","7","7","F","2",0,0,0,"000000000","00000000000",0,0,0,1,0,0,0,0,0,0,0,999,0,1,5,12,6,2,3,0,0,0,1,28,38666,6,1,0,0,3,0,63,247,98,0,0,0,0,0,0,0,0,0,0,0,0,0,1,2,55,1,1,2,1,0,0,1,12,1,1,4,6,"777777777777","777777777777","777777777777",1,0
28,280555,1,2,2,19,11,16,19,12,6,1,0,8,1,2,404,2404,14,2004,"1J4GW58N54C1","1","J","4","G","W","5","8","N","5","4","C","1",0,0,0,"000000000","00000000000",0,0,0,1,0,0,0,0,0,0,0,999,0,1,1,12,6,2,1,0,0,0,1,8,80907,6,1,0,0,3,0,66,125,0,0,0,1,0,2,2015,2,2015,0,0,0,0,0,2,4,65,1,1,2,1,0,0,1,65,1,1,1,77,"777777777777","777777777777","777777777777",1,0
28,280555,2,2,2,19,11,16,19,12,6,1,0,28,1,20,482,20482,31,2002,"3GNEK13T32G2","3","G","N","E","K","1","3","T","3","2","G","2",0,0,0,"000000000","00000000000",0,0,0,1,0,0,0,0,0,0,0,999,0,0,0,1,6,2,12,0,0,0,1,28,38771,6,1,0,0,3,0,69,260,98,0,0,0,0,0,0,0,0,0,38,0,0,0,2,4,65,1,1,2,1,0,0,11,15,1,1,2,76,"777777777777","777777777777","777777777777",1,0
28,280556,1,2,5,20,11,5,16,12,6,1,0,28,1,20,421,20421,15,2010,"1GNUCCE03AR2","1","G","N","U","C","C","E","0","3","A","R","2",0,0,0,"000000000","00000000000",0,0,0,1,0,0,0,0,0,0,0,999,0,1,5,12,6,2,1,0,0,0,1,28,39150,6,1,0,0,3,0,70,125,98,0,0,0,0,0,0,0,0,0,38,0,0,0,1,2,35,1,1,2,1,0,0,1,66,1,1,1,88,"777777777777","777777777777","777777777777",0,0
28,280556,2,2,1,20,11,5,16,12,6,1,0,28,1,35,39,35039,4,2001,"JN1CA31D01T6","J","N","1","C","A","3","1","D","0","1","T","6",0,0,0,"000000000","00000000000",0,0,0,1,0,0,0,0,0,0,0,999,0,0,0,9,6,2,12,0,0,0,1,28,39180,0,0,0,0,0,0,999,999,98,0,0,0,0,0,0,0,0,0,0,0,0,0,1,4,25,1,1,2,1,3,3,1,17,1,1,1,89,"777777777777","777777777777","777777777777",1,1
28,280557,1,1,2,20,11,5,58,1,0,1,0,28,1,20,481,20481,31,2012,"1GCPKSE73CF1","1","G","C","P","K","S","E","7","3","C","F","1",0,0,0,"000000000","00000000000",0,0,0,1,0,0,0,0,0,0,0,999,0,1,5,0,6,2,1,0,0,0,1,28,39117,6,1,0,0,3,0,73,205,98,0,0,0,0,0,0,0,0,0,0,0,0,0,2,4,70,1,1,2,1,0,0,1,13,1,1,4,1,"777777777777","777777777777","777777777777",1,0
28,280558,1,2,2,20,11,10,50,12,6,1,0,28,1,12,3,12003,2,2006,"1ZVFT80N3651","1","Z","V","F","T","8","0","N","3","6","5","1",0,0,0,"000000000","00000000000",0,0,0,1,0,0,0,0,0,0,0,999,0,0,0,12,6,2,12,0,0,0,1,28,39564,6,1,0,0,3,0,72,195,98,0,0,0,0,0,0,0,0,0,0,0,0,0,2,4,65,1,1,2,1,0,0,1,65,1,1,1,79,"777777777777","777777777777","777777777777",0,0
28,280558,2,2,1,20,11,10,50,12,6,1,0,28,1,12,402,12402,14,2009,"1FMCU03G29KC","1","F","M","C","U","0","3","G","2","9","K","C",0,0,0,"000000000","00000000000",0,0,0,1,0,0,0,0,0,0,0,999,0,0,0,3,6,2,12,0,0,0,1,28,39451,6,1,0,0,3,0,67,240,98,0,0,0,0,0,0,0,0,0,38,0,0,0,1,2,45,1,1,2,1,0,0,10,16,1,1,2,78,"777777777777","777777777777","777777777777",1,0
28,280559,1,2,1,21,11,16,5,12,6,1,0,28,1,3,402,3402,14,2006,"5GTDN136X681","5","G","T","D","N","1","3","6","X","6","8","1",0,0,0,"000000000","00000000000",0,0,0,1,0,0,0,0,0,0,0,998,0,0,0,1,6,2,12,0,0,0,1,28,39437,6,2,0,0,3,0,64,190,98,0,0,0,0,0,0,0,0,0,38,0,0,0,1,2,55,1,1,2,1,0,0,11,15,1,1,2,76,"777777777777","777777777777","777777777777",0,0
28,280559,2,2,1,21,11,16,5,12,6,1,0,28,1,89,882,89882,63,2004,"5VCDC6BE74H2","5","V","C","D","C","6","B","E","7","4","H","2",0,0,88,"888888888","88888888888",3,2,96,1,0,0,0,0,0,0,0,998,0,1,1,12,6,2,12,0,0,0,1,28,39443,6,1,6,0,3,0,73,190,98,0,0,0,0,0,0,0,0,0,0,0,0,0,1,2,55,2,1,2,1,0,0,14,65,1,1,1,77,"777777777777","777777777777","777777777777",1,0
28,280560,1,1,4,21,11,23,6,42,0,1,0,28,1,20,37,20037,4,2015,"1G11G5SX8FF3","1","G","1","1","G","5","S","X","8","F","F","3",0,0,0,"000000000","00000000000",0,0,0,1,0,0,0,0,0,0,0,999,0,1,5,12,6,2,1,0,0,0,1,28,38659,6,2,0,0,3,0,68,150,98,0,0,0,0,0,0,0,0,0,85,0,0,0,1,2,45,3,3,2,1,0,0,14,13,1,1,4,1,"777777777777","777777777777","777777777777",2,0
28,280561,1,1,1,22,11,4,10,34,0,1,0,28,1,12,401,12401,14,2002,"1FM2U63EX2UA","1","F","M","2","U","6","3","E","X","2","U","A",0,0,0,"000000000","00000000000",0,0,0,1,0,0,0,0,0,0,0,999,0,1,5,12,6,2,1,0,0,0,1,28,39465,6,1,0,0,3,0,71,200,98,0,0,0,0,0,0,0,0,0,0,0,0,0,3,4,70,1,2,2,1,0,0,1,13,1,1,4,1,"777777777777","777777777777","777777777777",1,0
28,280562,1,1,1,22,11,11,39,42,0,1,0,28,1,6,441,6441,20,1994,"1C4GH54L8RX2","1","C","4","G","H","5","4","L","8","R","X","2",0,0,0,"000000000","00000000000",0,0,0,1,0,0,0,0,0,0,0,998,0,0,0,12,6,2,2,0,0,1,1,28,39047,0,0,0,0,0,0,999,999,98,0,0,0,0,0,0,0,0,0,0,0,0,0,1,2,25,1,1,2,1,20,3,1,14,1,1,4,14,"777777777777","777777777777","777777777777",1,0
28,280563,1,1,5,22,11,18,11,1,0,1,0,28,1,12,422,12422,15,2005,"1FMPU17575LA","1","F","M","P","U","1","7","5","7","5","L","A",0,0,0,"000000000","00000000000",0,0,0,1,0,0,0,0,0,0,0,999,0,1,5,0,6,2,1,0,0,0,1,28,39339,6,1,0,0,3,0,66,150,98,0,0,0,0,0,0,0,0,0,0,0,0,0,1,2,55,1,2,2,1,0,0,1,13,8,2,4,1,"777777777777","777777777777","777777777777",1,0
28,280564,1,1,1,23,11,6,29,1,0,1,0,28,1,23,481,23481,31,2007,"1GTEC19J47Z5","1","G","T","E","C","1","9","J","4","7","Z","5",0,0,0,"000000000","00000000000",0,0,0,1,0,0,0,0,0,0,0,998,0,1,5,0,6,2,1,0,0,0,1,28,39437,6,1,0,0,3,0,70,176,98,0,0,1,0,9,2015,9,2015,0,0,0,0,0,1,2,55,1,1,2,1,0,0,1,13,8,2,4,1,"777777777777","777777777777","777777777777",1,0
28,280565,1,2,1,23,11,18,44,12,2,1,0,28,1,23,481,23481,31,2015,"3GTU2VEC5FG1","3","G","T","U","2","V","E","C","5","F","G","1",0,0,0,"000000000","00000000000",0,0,0,1,0,0,0,0,0,0,0,999,0,0,0,12,6,2,12,0,0,0,1,28,38914,6,1,0,0,3,0,67,140,98,0,0,0,0,0,0,0,0,0,0,0,0,0,1,2,45,1,1,2,2,0,0,1,62,1,1,2,51,"777777777777","777777777777","777777777777",0,0
28,280565,2,2,1,23,11,18,44,12,2,1,0,28,1,12,441,12441,20,1997,"1FMDA31U5VZC","1","F","M","D","A","3","1","U","5","V","Z","C",0,0,0,"000000000","00000000000",0,0,0,1,0,0,0,0,0,0,0,999,0,0,0,12,6,2,12,0,0,0,1,28,38901,6,1,6,0,3,0,71,210,98,0,0,0,0,0,0,0,0,0,0,0,0,0,1,2,45,1,1,2,2,0,0,1,10,1,1,2,50,"777777777777","777777777777","777777777777",1,0
28,280566,1,2,1,24,11,1,17,12,2,1,0,28,1,59,31,59031,4,2003,"JTHBF30G4301","J","T","H","B","F","3","0","G","4","3","0","1",0,0,0,"000000000","00000000000",0,0,0,1,0,0,0,0,0,0,0,999,0,0,0,12,6,2,12,0,0,0,1,28,38941,0,0,0,0,0,0,999,999,98,0,0,0,0,0,0,0,0,0,0,0,0,0,3,4,65,1,1,2,1,0,0,1,10,9,2,2,50,"777777777777","777777777777","777777777777",1,0
28,280566,2,2,1,24,11,1,17,12,2,1,0,18,1,82,881,82881,63,2016,"3ALACXCY7GDH","3","A","L","A","C","X","C","Y","7","G","D","H",0,0,17,"807505","17807505",3,1,96,1,0,0,0,0,0,0,0,998,0,0,0,12,6,2,12,0,0,0,1,28,38901,6,1,6,0,3,0,74,190,98,0,0,1,0,2,2014,2,2014,0,0,0,0,0,3,4,65,1,1,2,1,0,0,1,62,1,2,1,51,"777777777777","777777777777","777777777777",0,0
28,280567,1,1,1,25,11,13,46,34,0,1,0,28,1,58,37,58037,4,2011,"JN1CV6ARXBM4","J","N","1","C","V","6","A","R","X","B","M","4",0,0,0,"000000000","00000000000",0,0,0,1,0,0,0,0,0,0,0,999,0,1,5,12,6,2,1,0,0,0,1,28,39170,6,1,0,0,3,0,70,145,98,0,0,0,1,5,2016,5,2016,3,0,0,0,0,1,2,50,1,1,2,1,0,0,1,13,1,1,4,1,"777777777777","777777777777","777777777777",1,0
28,280568,1,1,2,27,11,9,6,59,0,1,0,17,1,20,401,20401,14,2005,"1GNET16S5561","1","G","N","E","T","1","6","S","5","5","6","1",0,0,0,"000000000","00000000000",0,0,0,1,0,0,0,0,0,0,0,999,0,1,1,12,6,2,1,0,0,0,1,17,61415,6,1,0,0,3,0,76,230,0,0,0,0,0,0,0,0,0,0,0,0,0,0,2,4,65,1,1,2,1,0,0,1,12,9,1,4,6,"777777777777","777777777777","777777777777",1,0
28,280569,1,1,1,27,11,20,52,53,0,1,0,22,1,63,441,63441,20,2005,"KNDUP1317566","K","N","D","U","P","1","3","1","7","5","6","6",0,0,0,"000000000","00000000000",0,0,0,1,0,0,0,0,0,0,0,999,0,0,0,12,6,2,42,0,0,0,1,22,70125,0,0,0,0,0,0,73,200,1,2,0,1,0,2,2013,10,2014,0,0,0,0,0,1,2,45,1,1,2,1,0,0,1,13,8,5,4,1,"777777777777","777777777777","777777777777",1,1
28,280570,1,2,1,28,11,12,56,12,2,1,0,28,1,12,16,12016,4,2011,"2FABP7EV8BX1","2","F","A","B","P","7","E","V","8","B","X","1",0,0,0,"000000000","00000000000",0,0,0,1,0,0,0,0,0,0,0,999,0,0,0,12,6,2,12,0,0,0,1,28,39657,6,1,0,0,3,0,71,190,98,0,0,0,0,0,0,0,0,0,38,0,0,0,1,2,55,1,1,2,2,0,0,1,11,1,1,2,50,"777777777777","777777777777","777777777777",1,0
28,280570,2,2,2,28,11,12,56,12,2,1,0,28,1,12,481,12481,31,2012,"1FT7W2AT1CEA","1","F","T","7","W","2","A","T","1","C","E","A",0,0,0,"000000000","00000000000",0,0,0,1,0,0,0,0,0,0,0,999,0,0,0,12,6,2,12,0,0,0,1,28,39648,6,1,0,0,3,0,72,240,98,0,0,0,0,0,0,0,0,0,0,0,0,0,1,2,55,1,1,2,2,0,0,1,63,1,1,1,51,"777777777777","777777777777","777777777777",0,0
28,280571,1,1,3,28,11,15,12,43,0,1,0,28,1,20,481,20481,31,2001,"1GCEK19T01E1","1","G","C","E","K","1","9","T","0","1","E","1",0,0,0,"000000000","00000000000",0,0,0,1,0,0,0,0,0,0,0,999,0,0,0,12,6,2,43,0,0,0,1,28,38921,1,1,0,0,2,0,67,197,98,0,0,0,0,0,0,0,0,0,0,0,0,0,1,2,55,4,2,2,2,0,0,14,12,1,1,4,6,"777777777777","777777777777","777777777777",2,0
28,280572,1,2,1,28,11,17,45,12,2,1,0,28,1,35,471,35471,30,1996,"1N6SD11Y1TC3","1","N","6","S","D","1","1","Y","1","T","C","3",0,0,0,"000000000","00000000000",0,0,0,1,0,0,0,0,0,0,0,999,0,0,0,12,6,2,12,0,0,0,1,28,39367,6,1,0,0,3,0,69,140,98,0,0,0,0,0,0,0,0,0,38,0,0,0,1,2,55,1,1,2,2,0,0,1,10,1,1,2,50,"777777777777","777777777777","777777777777",0,1
28,280572,2,2,4,28,11,17,45,12,2,1,0,28,1,12,441,12441,20,1993,"1FMCA11U1PZC","1","F","M","C","A","1","1","U","1","P","Z","C",0,0,0,"000000000","00000000000",0,0,0,1,0,0,0,0,0,0,0,999,0,0,0,12,6,2,12,0,0,0,1,28,39367,6,1,0,0,3,0,71,225,98,0,0,0,0,0,0,0,0,0,0,0,0,0,1,2,55,1,1,2,2,0,0,1,62,1,1,1,51,"777777777777","777777777777","777777777777",1,0
28,280573,1,2,1,29,11,8,36,12,6,1,0,28,1,20,37,20037,4,2011,"1G1ZC5N15BF2","1","G","1","Z","C","5","N","1","5","B","F","2",0,0,0,"000000000","00000000000",0,0,0,1,0,0,0,0,0,0,0,999,0,0,0,12,6,2,12,0,0,0,1,28,39465,6,1,0,0,3,0,63,175,98,0,0,0,0,0,0,0,0,0,0,0,0,0,3,4,55,1,1,2,1,0,0,1,67,1,1,1,69,"777777777777","777777777777","777777777777",0,0
28,280573,2,2,1,29,11,8,36,12,6,1,0,28,1,14,6,14006,4,2000,"2MEFM75W6YX6","2","M","E","F","M","7","5","W","6","Y","X","6",0,0,0,"000000000","00000000000",0,0,0,1,0,0,0,0,0,0,0,999,0,0,0,3,6,2,12,0,0,0,1,28,39401,6,1,0,0,3,0,66,115,98,0,0,0,0,0,0,0,0,0,38,0,0,0,3,4,55,1,1,2,1,0,0,11,15,1,1,2,68,"777777777777","777777777777","777777777777",1,0
28,280574,1,2,1,30,11,10,29,12,7,1,0,28,1,49,40,49040,4,1999,"4T1BG22K6XU8","4","T","1","B","G","2","2","K","6","X","U","8",0,0,0,"000000000","00000000000",0,0,0,1,0,0,0,0,0,0,0,999,0,0,0,8,6,2,12,0,0,0,1,28,39648,6,1,0,0,3,0,71,190,98,0,0,0,0,0,0,0,0,0,0,0,0,0,5,5,55,1,1,2,1,0,0,1,60,1,1,1,45,"777777777777","777777777777","777777777777",0,0
28,280574,2,2,2,30,11,10,29,12,7,1,0,28,1,12,481,12481,31,2001,"1FTNX20F61EC","1","F","T","N","X","2","0","F","6","1","E","C",0,0,0,"000000000","00000000000",0,0,0,1,0,0,0,0,0,0,0,999,0,1,1,1,6,2,1,0,0,0,1,28,39638,6,1,0,0,3,0,66,185,98,0,0,0,0,0,0,0,0,0,38,0,0,0,5,5,55,1,1,2,1,0,0,15,10,1,1,2,47,"777777777777","777777777777","777777777777",1,0
28,280575,1,1,1,25,11,22,4,38,0,1,0,28,1,63,402,63402,14,2013,"5XYKT3A16DG3","5","X","Y","K","T","3","A","1","6","D","G","3",0,0,0,"000000000","00000000000",0,0,0,1,0,0,0,0,0,0,0,999,0,1,5,12,6,2,2,0,0,1,1,28,39170,6,1,0,0,3,0,67,125,98,0,0,1,0,5,2015,5,2015,0,0,0,0,0,1,2,45,3,1,2,1,0,0,14,13,1,1,4,1,"777777777777","777777777777","777777777777",1,1
28,280576,1,1,1,19,7,15,32,38,0,1,0,28,1,12,481,12481,31,1998,"1FTZX176XWNA","1","F","T","Z","X","1","7","6","X","W","N","A",0,0,0,"000000000","00000000000",0,0,0,1,0,0,0,0,0,0,0,999,0,1,5,12,8,8,1,0,0,0,1,28,39663,6,1,0,0,3,0,71,193,98,0,0,0,0,0,0,0,0,0,0,0,0,0,1,2,98,1,1,2,98,0,0,6,12,1,1,4,6,"777777777777","777777777777","777777777777",1,0
28,280577,1,1,4,13,9,17,33,1,0,1,0,28,1,49,403,49403,14,2001,"JTEGF21A9100","J","T","E","G","F","2","1","A","9","1","0","0",0,0,0,"000000000","00000000000",0,0,0,1,0,0,0,0,0,0,0,999,0,1,5,0,6,2,1,0,0,0,1,28,39360,6,1,0,0,3,0,66,145,98,0,0,0,0,0,0,0,0,0,0,0,0,0,1,2,55,1,2,2,1,0,0,1,13,6,1,4,1,"777777777777","777777777777","777777777777",1,0
28,280578,1,3,1,26,10,12,7,12,1,1,0,28,1,35,50,35050,4,2007,"3N1BC11E97L4","3","N","1","B","C","1","1","E","9","7","L","4",0,0,0,"000000000","00000000000",0,0,0,1,0,0,0,0,0,0,0,0,0,0,0,6,6,2,2,0,0,1,1,28,39153,6,1,0,0,3,0,73,215,98,0,0,0,0,0,0,0,0,0,0,0,0,0,1,2,45,1,1,2,1,0,0,5,53,1,1,1,21,"777777777777","777777777777","777777777777",1,0
28,280578,2,3,1,26,10,12,7,12,1,1,0,28,1,20,481,20481,31,2006,"1GCHC29G26E2","1","G","C","H","C","2","9","G","2","6","E","2",0,0,0,"000000000","00000000000",0,0,0,1,0,0,0,0,0,0,0,998,0,0,0,12,6,2,12,0,0,0,1,28,39443,6,1,0,0,3,0,72,200,98,0,0,0,0,0,0,0,0,0,26,0,0,0,1,2,45,1,1,2,1,0,0,1,50,1,1,1,20,"777777777777","777777777777","777777777777",0,0
28,280578,3,3,1,26,10,12,7,12,1,1,0,28,1,86,884,86884,62,2015,"1M2AX0437LM0","1","M","2","A","X","0","4","3","7","L","M","0",0,0,28,"305400","28305400",2,1,4,1,0,0,0,0,0,0,0,998,0,0,0,12,6,2,2,0,0,1,1,28,39422,6,1,6,0,3,0,66,305,98,0,0,0,0,0,0,0,0,0,0,0,0,0,1,2,45,1,1,2,1,0,0,1,62,1,1,1,98,"777777777777","777777777777","777777777777",0,0
28,280579,1,1,1,23,11,21,25,42,0,1,0,28,1,12,481,12481,31,2003,"1FTNW20P93ED","1","F","T","N","W","2","0","P","9","3","E","D",0,0,0,"000000000","00000000000",0,0,0,1,0,0,0,0,0,0,0,999,0,1,5,12,6,2,1,0,0,0,1,28,39474,6,1,0,0,3,0,70,200,98,0,0,0,0,0,0,0,0,0,87,0,0,0,1,2,55,2,1,2,2,0,0,14,5,99,1,4,6,"777777777777","777777777777","777777777777",1,0
28,280580,1,1,1,5,9,5,7,35,0,1,0,28,1,23,481,23481,31,1996,"1GTEK14WXTZ5","1","G","T","E","K","1","4","W","X","T","Z","5",0,0,0,"000000000","00000000000",0,0,0,1,0,0,0,0,0,0,0,998,0,1,5,12,6,2,1,0,0,0,1,28,39090,6,1,0,0,3,0,71,235,98,0,0,0,0,0,0,0,0,0,0,0,0,0,1,2,50,2,8,2,1,0,0,14,12,9,2,4,6,"777777777777","777777777777","777777777777",1,1
28,280581,1,2,2,11,10,8,18,12,2,1,0,28,1,51,48,51048,6,2006,"YV1MW3823621","Y","V","1","M","W","3","8","2","3","6","2","1",0,0,0,"000000000","00000000000",0,0,0,1,0,0,0,0,0,0,0,91,0,0,0,12,6,2,12,0,0,0,1,28,39157,6,1,0,0,3,0,70,130,98,0,0,0,0,0,0,0,0,0,0,0,0,0,1,2,50,2,1,2,1,0,0,6,10,1,1,2,50,"777777777777","777777777777","777777777777",1,0
28,280581,2,2,1,11,10,8,18,12,2,1,0,28,1,12,481,12481,31,2014,"1FTFW1ET0EFA","1","F","T","F","W","1","E","T","0","E","F","A",0,0,0,"000000000","00000000000",0,0,0,1,0,0,0,0,0,0,0,53,0,0,0,12,6,2,12,0,0,0,1,28,39056,6,1,0,0,3,0,76,260,98,0,0,0,0,0,0,0,0,0,0,0,0,0,1,2,50,3,1,2,1,0,0,14,62,7,1,1,51,"777777777777","777777777777","777777777777",0,0
28,280582,1,1,2,1,12,17,23,34,0,1,0,28,1,23,481,23481,31,2003,"1GTGK13U03F2","1","G","T","G","K","1","3","U","0","3","F","2",0,0,0,"000000000","00000000000",0,0,0,1,0,0,0,0,0,0,0,998,0,0,0,12,6,2,34,0,0,0,1,28,38860,1,1,0,0,2,0,72,185,98,0,1,0,0,6,2016,6,2016,0,0,0,0,0,1,2,45,1,1,2,1,0,0,1,13,1,1,4,1,"777777777777","777777777777","777777777777",1,1