"STATE","ST_CASE","VEH_NO","VE_FORMS","NUMOCCS","DAY","MONTH","HOUR","MINUTE","HARM_EV","MAN_COLL","UNITTYPE","HIT_RUN","REG_STAT","OWNER","MAKE","MODEL","MAK_MOD","BODY_TYP","MOD_YEAR","VIN","VIN_1","VIN_2","VIN_3","VIN_4","VIN_5","VIN_6","VIN_7","VIN_8","VIN_9","VIN_10","VIN_11","VIN_12","TOW_VEH","J_KNIFE","MCARR_I1","MCARR_I2","MCARR_ID","GVWR","V_CONFIG","CARGO_BT","HAZ_INV","HAZ_PLAC","HAZ_ID","HAZ_CNO","HAZ_REL","BUS_USE","SPEC_USE","EMER_USE","TRAV_SP","UNDERIDE","ROLLOVER","ROLINLOC","IMPACT1","DEFORMED","TOWED","M_HARM","VEH_SC1","VEH_SC2","FIRE_EXP","DR_PRES","L_STATE","DR_ZIP","L_STATUS","L_TYPE","CDL_STAT","L_ENDORS","L_COMPL","L_RESTRI","DR_HGT","DR_WGT","PREV_ACC","PREV_SUS","PREV_DWI","PREV_SPD","PREV_OTH","FIRST_MO","FIRST_YR","LAST_MO","LAST_YR","SPEEDREL","DR_SF1","DR_SF2","DR_SF3","DR_SF4","VTRAFWAY","VNUM_LAN","VSPD_LIM","VALIGN","VPROFILE","VPAVETYP","VSURCOND","VTRAFCON","VTCONT_F","P_CRASH1","P_CRASH2","P_CRASH3","PCRASH4","PCRASH5","ACC_TYPE","TRLR1VIN","TRLR2VIN","TRLR3VIN","DEATHS","DR_DRINK"
28,280583,1,2,1,2,12,12,47,12,1,1,0,28,1,98,998,98998,92,9999,"N5C388016000","N","5","C","3","8","8","0","1","6","0","0","0",0,0,0,"000000000","00000000000",0,0,0,1,0,0,0,0,0,0,0,999,0,0,0,6,6,2,12,0,0,0,1,28,39166,6,1,0,0,3,0,73,385,98,0,0,0,0,0,0,0,0,0,0,0,0,0,3,2,65,1,1,2,1,0,0,1,53,1,1,1,25,"777777777777","777777777777","777777777777",1,0
28,280583,2,2,1,2,12,12,47,12,1,1,0,28,1,82,881,82881,66,2007,"1FUJA6CK87LX","1","F","U","J","A","6","C","K","8","7","L","X",1,1,28,"96142","2896142",3,6,1,1,0,0,0,0,0,0,0,999,0,0,0,12,6,2,12,0,0,0,1,28,38701,6,1,6,0,3,0,72,200,98,0,0,0,0,0,0,0,0,0,38,0,0,0,3,2,65,1,1,2,1,0,0,1,51,1,1,1,24,"888888888888","777777777777","777777777777",0,0
28,280584,1,2,2,2,12,20,34,12,6,1,0,28,1,37,31,37031,4,2008,"2HGFA16578H3","2","H","G","F","A","1","6","5","7","8","H","3",0,0,0,"000000000","00000000000",0,0,0,1,0,0,0,0,0,0,0,998,0,0,0,3,6,2,12,0,0,0,1,28,38849,6,1,0,0,3,0,72,175,98,0,0,0,0,0,0,0,0,0,0,0,0,0,3,2,25,1,1,2,1,0,0,1,17,1,1,2,87,"777777777777","777777777777","777777777777",2,0
28,280584,2,2,1,2,12,20,34,12,6,1,0,18,1,82,881,82881,66,2016,"3AKJGED5XGSH","3","A","K","J","G","E","D","5","X","G","S","H",1,1,18,"1402444","181402444",3,6,1,1,0,0,0,0,0,0,0,998,0,0,0,12,6,2,12,0,0,0,1,1,35405,6,1,6,0,3,0,66,201,0,0,0,0,1,4,2013,4,2013,0,0,0,0,0,3,2,25,1,1,2,1,0,0,1,66,1,1,1,86,"888888888888","777777777777","777777777777",0,0
28,280585,1,2,2,3,12,17,13,12,2,1,0,28,1,12,471,12471,30,1993,"1FTCR14U9PPB","1","F","T","C","R","1","4","U","9","P","P","B",0,0,0,"000000000","00000000000",0,0,0,1,0,0,0,0,0,0,0,999,0,0,0,12,6,2,12,0,0,0,1,28,39083,1,1,0,0,2,0,72,165,98,0,0,0,0,0,0,0,0,0,0,0,0,0,1,2,55,1,1,2,2,0,0,1,62,1,1,1,51,"777777777777","777777777777","777777777777",1,0
28,280585,2,2,2,3,12,17,13,12,2,1,0,28,1,12,423,12423,16,2001,"1FMNU40L41EB","1","F","M","N","U","4","0","L","4","1","E","B",0,0,0,"000000000","00000000000",0,0,0,1,0,0,0,0,0,0,0,999,0,0,0,12,6,2,12,0,0,0,1,28,39175,6,1,0,0,3,0,67,189,98,0,0,0,0,0,0,0,0,0,0,0,0,0,1,2,55,1,1,2,2,0,0,1,10,1,1,2,50,"777777777777","777777777777","777777777777",0,0
28,280586,1,1,1,3,12,17,52,8,0,1,0,13,1,12,481,12481,31,2013,"1FTEX1CM3DFA","1","F","T","E","X","1","C","M","3","D","F","A",0,0,0,"000000000","00000000000",0,0,0,1,0,0,0,0,0,0,0,999,0,0,0,12,6,2,8,0,0,0,1,13,30165,6,1,0,0,3,0,68,185,98,0,0,0,0,0,0,0,0,0,0,0,0,0,5,5,45,1,1,2,2,0,0,1,80,1,1,1,13,"777777777777","777777777777","777777777777",0,0
28,280587,1,2,2,4,12,0,16,12,2,1,0,28,1,20,481,20481,31,1999,"2GCEC19T4X11","2","G","C","E","C","1","9","T","4","X","1","1",0,0,0,"000000000","00000000000",0,0,0,1,0,0,0,0,0,0,0,999,0,0,0,12,6,2,12,0,0,0,1,28,39657,6,1,6,0,3,0,69,155,98,0,0,1,0,7,2015,7,2015,0,0,0,0,0,1,2,45,1,1,2,2,0,0,1,54,1,1,1,51,"777777777777","777777777777","777777777777",2,0
28,280587,2,2,1,4,12,0,16,12,2,1,0,28,1,20,461,20461,21,1996,"1GBGC20K5TE1","1","G","B","G","C","2","0","K","5","T","E","1",0,0,0,"000000000","00000000000",0,0,0,1,0,0,0,0,0,0,0,999,0,1,1,12,6,2,2,0,0,1,1,28,39564,0,0,0,0,0,0,999,999,98,0,0,0,0,0,0,0,0,4,51,0,0,0,1,2,45,1,1,2,2,0,0,1,54,1,1,1,50,"777777777777","777777777777","777777777777",0,0
28,280588,1,1,2,4,12,4,20,43,0,1,0,28,1,20,421,20421,15,2004,"1GNEC13V74R1","1","G","N","E","C","1","3","V","7","4","R","1",0,0,0,"000000000","00000000000",0,0,0,1,0,0,0,0,0,0,0,998,0,0,0,12,6,2,43,0,0,0,1,28,39047,6,1,0,0,3,0,74,210,98,0,0,0,0,0,0,0,0,0,0,0,0,0,1,4,40,1,1,2,2,0,0,1,13,1,1,4,1,"777777777777","777777777777","777777777777",1,0
28,280589,1,1,1,4,12,17,30,8,0,1,0,28,1,13,5,13005,4,2001,"1LNHM82W01Y6","1","L","N","H","M","8","2","W","0","1","Y","6",0,0,0,"000000000","00000000000",0,0,0,1,0,0,0,0,0,0,0,999,0,0,0,9,6,2,42,0,0,0,1,28,39328,1,1,0,0,2,0,74,190,98,0,2,0,0,10,2013,10,2015,0,0,0,0,0,1,2,55,1,3,2,2,0,0,1,13,1,1,4,1,"777777777777","777777777777","777777777777",1,1
28,280590,1,2,1,5,12,11,9,12,1,1,0,28,1,7,24,7024,4,2014,"2C3CDXBG8EH1","2","C","3","C","D","X","B","G","8","E","H","1",0,0,0,"000000000","00000000000",0,0,0,1,0,0,0,0,0,0,0,999,0,0,0,12,6,2,12,0,0,0,1,28,39341,1,1,0,0,2,0,66,145,98,0,0,1,0,6,2016,6,2016,0,26,0,0,0,2,2,65,1,2,2,2,0,0,1,51,1,1,1,24,"777777777777","777777777777","777777777777",0,0
28,280590,2,2,1,5,12,11,9,12,1,1,0,28,1,37,402,37402,14,2001,"JHLRD28431S0","J","H","L","R","D","2","8","4","3","1","S","0",0,0,0,"000000000","00000000000",0,0,0,1,0,0,0,0,0,0,0,999,0,1,3,6,6,2,1,0,0,0,1,28,39323,6,1,0,0,3,0,67,150,98,0,0,0,0,0,0,0,0,0,0,0,0,0,2,2,65,1,2,2,2,0,0,1,53,1,1,1,25,"777777777777","777777777777","777777777777",1,0
28,280591,1,3,1,5,12,15,57,12,1,1,0,28,1,20,481,20481,31,1996,"2GCEK19R2T12","2","G","C","E","K","1","9","R","2","T","1","2",0,0,0,"000000000","00000000000",0,0,0,1,0,0,0,0,0,0,0,999,0,0,0,12,6,2,12,0,0,0,1,28,38654,3,1,0,0,2,0,70,160,98,0,0,0,0,0,0,0,0,4,26,0,0,0,1,2,55,1,1,2,2,0,0,1,52,1,1,1,28,"777777777777","777777777777","777777777777",0,0
28,280591,2,3,1,5,12,15,57,12,1,1,0,28,1,35,39,35039,4,2009,"1N4AA51E69C8","1","N","4","A","A","5","1","E","6","9","C","8",0,0,0,"000000000","00000000000",0,0,0,1,0,0,0,0,0,0,0,999,0,0,0,6,2,5,12,0,0,0,1,28,38611,6,1,0,0,3,0,71,155,98,0,0,0,0,0,0,0,0,0,0,0,0,0,1,2,55,1,1,2,2,0,0,2,53,1,1,1,29,"777777777777","777777777777","777777777777",0,0
28,280591,3,3,1,5,12,15,57,12,1,1,0,28,1,54,35,54035,4,1999,"19UUA5645XA0","1","9","U","U","A","5","6","4","5","X","A","0",0,0,0,"000000000","00000000000",0,0,0,1,0,0,0,0,0,0,0,999,0,0,0,12,6,2,12,0,0,0,1,28,38611,6,1,0,0,3,0,69,165,98,0,0,0,0,0,0,0,0,0,0,0,0,0,1,2,55,1,1,2,2,0,0,1,62,1,1,1,98,"777777777777","777777777777","777777777777",1,0
28,280592,1,1,2,18,9,20,38,42,0,1,0,28,1,12,471,12471,30,1989,"1FTCR14T1KPB","1","F","T","C","R","1","4","T","1","K","P","B",0,0,0,"000000000","00000000000",0,0,0,1,0,0,0,0,0,0,0,999,0,1,5,8,6,2,2,0,0,1,1,28,39565,1,1,0,0,2,0,66,185,98,0,0,0,0,0,0,0,0,0,0,0,0,0,1,2,40,1,1,2,1,0,0,1,12,9,2,4,6,"777777777777","777777777777","777777777777",1,1
28,280593,1,1,1,7,12,2,47,43,0,1,0,28,1,18,20,18020,4,1996,"2G4WB52K1T14","2","G","4","W","B","5","2","K","1","T","1","4",0,0,0,"000000000","00000000000",0,0,0,1,0,0,0,0,0,0,0,999,0,1,5,12,6,2,1,0,0,0,1,28,39367,0,0,0,0,0,0,999,999,98,0,0,0,0,0,0,0,0,0,0,0,0,0,2,4,65,1,1,2,1,0,0,1,13,8,3,4,1,"777777777777","777777777777","777777777777",1,0
28,280594,1,1,1,7,12,19,40,42,0,1,0,28,1,35,472,35472,30,2000,"1N6DD21S4YC3","1","N","6","D","D","2","1","S","4","Y","C","3",0,0,0,"000000000","00000000000",0,0,0,1,0,0,0,0,0,0,0,998,0,0,0,12,6,2,42,0,0,0,1,28,39482,6,1,0,0,3,0,70,185,98,0,0,0,0,0,0,0,0,0,0,0,0,0,1,2,45,3,2,2,1,0,0,14,12,1,1,4,6,"777777777777","777777777777","777777777777",1,0
28,280595,1,2,1,8,12,19,9,12,2,1,0,28,1,20,37,20037,4,2008,"1G1ZJ57B5842","1","G","1","Z","J","5","7","B","5","8","4","2",0,0,0,"000000000","00000000000",0,0,0,1,0,0,0,0,0,0,0,998,0,0,0,12,6,2,12,0,0,0,1,28,38862,1,1,0,0,2,0,65,175,98,0,0,0,0,0,0,0,0,0,0,0,0,0,1,2,55,1,1,2,1,0,0,1,10,1,1,2,50,"777777777777","777777777777","777777777777",1,0
28,280595,2,2,1,8,12,19,9,12,2,1,0,28,1,23,481,23481,31,1998,"2GTEC19R4W15","2","G","T","E","C","1","9","R","4","W","1","5",0,0,0,"000000000","00000000000",0,0,0,1,0,0,0,0,0,0,0,998,0,0,0,12,6,2,12,0,0,0,1,28,38868,6,1,0,0,3,0,69,175,98,0,0,0,1,4,2016,4,2016,0,0,0,0,0,1,2,55,1,1,2,1,0,0,1,62,1,1,1,51,"777777777777","777777777777","777777777777",0,0
28,280596,1,1,1,8,10,19,49,34,0,1,0,28,1,72,706,72706,80,2005,"1HD1BMY1X5Y0","1","H","D","1","B","M","Y","1","X","5","Y","0",0,0,0,"000000000","00000000000",0,0,0,1,0,0,0,0,0,0,0,998,0,0,0,12,6,2,35,0,0,0,1,28,38871,6,1,0,0,3,0,74,190,98,0,0,0,0,0,0,0,0,0,0,0,0,0,1,2,98,2,2,2,1,0,0,14,12,1,1,4,6,"777777777777","777777777777","777777777777",1,0
28,280597,1,1,3,9,12,13,16,1,0,1,0,1,1,23,431,23431,16,2002,"1GKFK66UX2J2","1","G","K","F","K","6","6","U","X","2","J","2",0,0,0,"000000000","00000000000",0,0,0,1,0,0,0,0,0,0,0,999,0,1,1,0,6,2,1,0,0,0,1,1,35071,6,1,0,0,3,0,70,272,0,0,0,0,0,0,0,0,0,0,0,0,0,0,2,2,70,1,2,2,1,0,0,1,12,9,2,4,6,"777777777777","777777777777","777777777777",2,0
28,280598,1,1,1,9,12,21,40,32,0,1,0,28,1,18,401,18401,14,2007,"3G5DA03L77S5","3","G","5","D","A","0","3","L","7","7","S","5",0,0,0,"000000000","00000000000",0,0,0,1,0,0,0,0,0,0,0,998,0,1,5,12,6,2,1,0,0,0,1,22,70461,0,0,0,0,0,0,72,230,0,1,1,0,0,1,2016,1,2016,0,0,0,0,0,1,2,55,3,1,2,1,0,0,14,13,1,1,4,1,"777777777777","777777777777","777777777777",1,1
28,280599,1,2,1,10,12,7,31,12,6,1,0,28,1,22,16,22016,2,2005,"3G2JB12F75S1","3","G","2","J","B","1","2","F","7","5","S","1",0,0,0,"000000000","00000000000",0,0,0,1,0,0,0,0,0,0,0,998,0,0,0,9,6,2,12,0,0,0,1,28,38804,6,1,0,0,3,0,64,160,98,0,0,0,0,0,0,0,0,0,38,0,0,0,1,2,45,1,1,2,1,20,3,1,17,1,1,1,89,"777777777777","777777777777","777777777777",1,0
28,280599,2,2,1,10,12,7,31,12,6,1,0,28,1,84,421,84421,15,1977,"G0062GGD3521","G","0","0","6","2","G","G","D","3","5","2","1",0,0,0,"000000000","00000000000",0,0,0,1,0,0,0,0,0,0,0,999,0,0,0,12,6,2,12,0,0,0,1,28,38821,6,1,0,0,3,0,69,210,98,0,0,0,0,0,0,0,0,0,0,0,0,0,2,2,65,1,1,2,1,0,0,1,66,1,1,1,88,"777777777777","777777777777","777777777777",0,0
28,280600,1,1,1,10,12,18,40,42,0,1,0,28,1,23,481,23481,31,2012,"3GTP2WE72CG1","3","G","T","P","2","W","E","7","2","C","G","1",0,0,0,"000000000","00000000000",0,0,0,1,0,0,0,0,0,0,0,999,0,0,0,12,6,2,42,0,0,0,1,28,38858,6,1,6,0,3,0,69,180,98,0,0,0,0,0,0,0,0,0,0,0,0,0,1,2,55,1,1,2,1,0,0,1,12,1,1,4,6,"777777777777","777777777777","777777777777",1,0
28,280601,1,1,1,11,12,2,46,53,0,1,0,28,1,58,401,58401,14,2003,"JNRDR09Y03W3","J","N","R","D","R","0","9","Y","0","3","W","3",0,0,0,"000000000","00000000000",0,0,0,1,0,0,0,0,0,0,0,998,0,1,5,12,6,2,1,0,0,0,1,28,38651,6,1,0,0,3,0,70,160,98,0,0,0,1,10,2015,10,2015,0,0,0,0,0,1,2,98,1,1,2,1,0,0,1,13,8,1,4,1,"777777777777","777777777777","777777777777",1,0
28,280602,1,1,2,11,12,21,27,11,0,1,0,28,1,6,51,6051,4,2010,"2C3CA1CV4AH2","2","C","3","C","A","1","C","V","4","A","H","2",0,0,0,"000000000","00000000000",0,0,0,1,0,0,0,0,0,0,0,998,0,0,0,12,6,2,11,0,0,0,1,28,39046,6,1,0,0,3,0,72,150,98,0,0,1,0,9,2014,9,2014,0,0,0,0,0,1,2,55,1,1,2,1,0,0,1,87,1,1,1,13,"777777777777","777777777777","777777777777",1,0
28,280603,1,1,1,11,12,23,33,31,0,1,0,28,1,55,402,55402,14,2006,"KM8JN12D66U3","K","M","8","J","N","1","2","D","6","6","U","3",0,0,0,"000000000","00000000000",0,0,0,1,0,0,0,0,0,0,0,999,0,0,0,12,6,2,42,0,0,0,1,28,39325,6,1,0,0,3,0,70,175,98,0,0,0,0,0,0,0,0,0,0,0,0,0,1,2,55,1,1,2,1,0,0,1,12,1,1,4,6,"777777777777","777777777777","777777777777",1,0
28,280604,1,1,1,12,12,17,0,30,0,1,0,28,1,18,2,18002,4,1994,"1G4HP52L4RH5","1","G","4","H","P","5","2","L","4","R","H","5",0,0,0,"000000000","00000000000",0,0,0,1,0,0,0,0,0,0,0,999,0,0,0,12,6,2,30,0,0,0,1,28,39562,6,1,0,0,3,0,69,250,98,0,0,0,0,0,0,0,0,0,0,0,0,0,1,2,45,1,1,2,1,0,0,1,12,1,1,4,6,"777777777777","777777777777","777777777777",1,0
28,280605,1,1,4,12,12,20,56,1,0,1,0,28,1,35,47,35047,4,2014,"1N4AL3AP1EN3","1","N","4","A","L","3","A","P","1","E","N","3",0,0,0,"000000000","00000000000",0,0,0,1,0,0,0,0,0,0,0,999,0,1,5,0,6,2,1,0,0,0,1,28,39428,6,1,0,0,3,0,67,141,98,0,0,0,0,0,0,0,0,0,0,0,0,0,1,2,55,2,1,2,2,0,0,14,12,1,1,4,6,"777777777777","777777777777","777777777777",1,0
28,280606,1,2,1,13,12,5,57,12,6,1,0,28,1,12,15,12015,4,1992,"2FAPP37U4NB1","2","F","A","P","P","3","7","U","4","N","B","1",0,0,0,"000000000","00000000000",0,0,0,1,0,0,0,0,0,0,0,998,0,0,0,12,6,2,12,0,0,0,1,28,39307,6,1,0,0,3,0,74,225,98,0,0,0,0,0,0,0,0,0,0,0,0,0,2,2,55,1,1,2,2,0,0,1,66,1,1,1,86,"777777777777","777777777777","777777777777",1,0
28,280606,2,2,1,13,12,5,57,12,6,1,0,29,1,82,881,82881,66,2016,"3AKJGLD58GSF","3","A","K","J","G","L","D","5","8","G","S","F",1,1,29,"660876","29660876",3,6,1,1,0,0,0,0,0,0,0,999,0,0,0,4,6,2,12,0,0,0,1,42,18102,6,1,6,0,3,0,73,999,0,0,0,0,0,0,0,0,0,0,38,0,0,0,2,2,55,1,1,2,2,0,0,1,17,1,1,1,87,"888888888888","777777777777","777777777777",0,0
28,280607,1,2,1,15,12,17,11,12,6,1,0,28,1,55,401,55401,14,2009,"5NMSH13E79H2","5","N","M","S","H","1","3","E","7","9","H","2",0,0,0,"000000000","00000000000",0,0,0,1,0,0,0,0,0,0,0,998,0,0,0,12,6,2,12,0,0,0,1,28,38864,6,1,0,0,3,0,66,160,98,0,0,0,0,0,0,0,0,0,0,0,0,0,2,4,65,1,1,2,1,0,0,1,66,1,1,1,86,"777777777777","777777777777","777777777777",1,0
28,280607,2,2,1,15,12,17,11,12,6,1,0,28,1,7,482,7482,31,2005,"1D7HA18N65S1","1","D","7","H","A","1","8","N","6","5","S","1",0,0,0,"000000000","00000000000",0,0,0,1,0,0,0,0,0,0,0,998,0,0,0,2,6,2,12,0,0,0,1,28,38871,6,1,6,0,3,0,73,250,98,0,0,0,0,0,0,0,0,0,38,0,0,0,1,2,45,1,1,2,1,21,3,1,17,1,1,1,87,"777777777777","777777777777","777777777777",0,0
28,280608,1,1,1,17,12,6,54,42,0,1,0,28,1,21,20,21020,4,1997,"1G2WD52M5VF3","1","G","2","W","D","5","2","M","5","V","F","3",0,0,0,"000000000","00000000000",0,0,0,1,0,0,0,0,0,0,0,999,0,0,0,12,6,2,42,0,0,0,1,28,39110,6,1,0,0,3,0,70,160,98,0,0,0,0,0,0,0,0,0,0,0,0,0,2,3,70,1,2,2,1,0,0,1,13,1,1,4,1,"777777777777","777777777777","777777777777",1,0
28,280609,1,1,1,17,12,13,48,1,0,1,0,28,1,12,401,12401,14,2000,"1FMZU63E6YZB","1","F","M","Z","U","6","3","E","6","Y","Z","B",0,0,0,"000000000","00000000000",0,0,0,1,0,0,0,0,0,0,0,998,0,1,5,0,6,2,1,0,0,0,1,28,38614,6,1,0,0,3,0,74,144,98,0,0,0,0,0,0,0,0,0,0,0,0,0,1,2,45,1,1,2,1,0,0,1,13,8,2,4,1,"777777777777","777777777777","777777777777",1,0
28,280610,1,1,1,17,12,17,27,8,0,1,0,28,1,6,52,6052,6,2007,"3A4FY58B77T5","3","A","4","F","Y","5","8","B","7","7","T","5",0,0,0,"000000000","00000000000",0,0,0,1,0,0,0,0,0,0,0,998,0,0,0,12,6,2,8,0,0,0,1,28,39206,6,1,0,0,3,0,66,180,98,0,0,0,0,0,0,0,0,0,0,0,0,0,5,5,35,1,1,2,1,0,0,1,80,1,1,1,13,"777777777777","777777777777","777777777777",0,0
28,280611,1,2,1,17,12,20,58,12,6,1,0,28,1,72,706,72706,80,1981,"1HD1AAK15BY0","1","H","D","1","A","A","K","1","5","B","Y","0",0,0,0,"000000000","00000000000",0,0,0,1,0,0,0,0,0,0,0,999,0,0,0,12,6,2,12,0,0,0,1,28,39564,6,1,0,0,3,0,70,170,98,0,0,0,0,0,0,0,0,0,0,0,0,0,2,2,55,1,1,2,1,0,0,1,66,1,1,1,88,"777777777777","777777777777","777777777777",1,0
28,280611,2,2,2,17,12,20,58,12,6,1,0,20,3,12,481,12481,31,1990,"1FTHX26M4LKA","1","F","T","H","X","2","6","M","4","L","K","A",0,0,0,"000000000","00000000000",0,0,0,1,0,0,0,0,0,0,0,999,0,0,0,10,6,2,12,0,0,0,1,20,67579,6,1,0,0,3,0,68,240,0,0,1,1,0,9,2016,9,2016,0,0,0,0,0,2,2,55,1,1,2,1,20,3,1,17,1,1,1,89,"777777777777","777777777777","777777777777",0,0
28,280612,1,2,2,18,12,14,58,12,2,1,0,28,1,49,402,49402,14,2013,"2T3WFREV0DW0","2","T","3","W","F","R","E","V","0","D","W","0",0,0,0,"000000000","00000000000",0,0,0,1,0,0,0,0,0,0,0,999,0,0,0,12,6,2,12,0,0,0,1,28,38732,6,1,0,0,3,0,63,150,98,0,0,0,0,0,0,0,0,0,0,0,0,0,2,4,65,1,1,2,1,0,0,1,64,1,1,1,51,"777777777777","777777777777","777777777777",1,0
28,280612,2,2,2,18,12,14,58,12,2,1,0,28,1,14,401,14401,14,2004,"4M2DU86W94ZJ","4","M","2","D","U","8","6","W","9","4","Z","J",0,0,0,"000000000","00000000000",0,0,0,1,0,0,0,0,0,0,0,999,0,0,0,12,6,2,12,0,0,0,1,28,38732,6,1,0,0,3,0,69,190,98,0,0,0,0,0,0,0,0,0,0,0,0,0,2,4,65,1,1,2,1,0,0,1,12,1,1,2,50,"777777777777","777777777777","777777777777",0,0
28,280613,1,1,1,19,12,2,23,42,0,1,0,28,1,35,471,35471,30,1994,"1N6SD11S6RC4","1","N","6","S","D","1","1","S","6","R","C","4",0,0,0,"000000000","00000000000",0,0,0,1,0,0,0,0,0,0,0,999,0,0,0,12,6,2,42,0,0,0,1,45,29374,6,1,0,0,3,0,69,150,1,0,0,1,0,11,2014,12,2015,0,0,0,0,0,1,2,55,3,1,2,1,0,0,14,13,1,1,4,1,"777777777777","777777777777","777777777777",1,0
28,280614,1,5,1,21,12,22,21,12,2,1,0,28,1,30,52,30052,4,2013,"1VWBP7A38DC0","1","V","W","B","P","7","A","3","8","D","C","0",0,0,0,"000000000","00000000000",0,0,0,1,0,0,0,0,0,0,0,998,0,0,0,12,6,2,12,0,0,0,1,28,39212,6,1,0,0,3,0,67,185,98,0,0,1,0,5,2015,5,2015,0,51,0,0,0,2,3,70,1,1,2,1,0,0,1,54,1,1,1,50,"777777777777","777777777777","777777777777",0,0
28,280614,2,5,1,21,12,22,21,12,2,1,0,28,1,35,39,35039,4,2016,"1N4AA6AP9GC9","1","N","4","A","A","6","A","P","9","G","C","9",0,0,0,"000000000","00000000000",0,0,0,1,0,0,0,0,0,0,0,998,0,0,0,12,6,2,12,0,0,0,1,28,39056,6,1,0,0,3,0,66,180,98,0,0,0,0,0,0,0,0,0,0,0,0,0,2,3,70,1,1,2,1,0,0,1,54,1,1,1,51,"777777777777","777777777777","777777777777",1,0
28,280614,3,5,1,21,12,22,21,12,2,1,0,28,1,2,404,2404,14,2003,"1J4GX48S53C5","1","J","4","G","X","4","8","S","5","3","C","5",0,0,0,"000000000","00000000000",0,0,0,1,0,0,0,0,0,0,0,998,0,0,0,1,6,2,12,0,0,0,1,28,39213,1,1,0,0,2,0,66,125,98,0,0,0,0,0,0,0,0,0,0,0,0,0,2,3,70,1,1,2,1,0,0,1,63,1,1,1,98,"777777777777","777777777777","777777777777",0,0
28,280614,4,5,2,21,12,22,21,12,2,1,0,28,1,12,3,12003,1,2010,"1ZVBP8EN5A51","1","Z","V","B","P","8","E","N","5","A","5","1",0,0,0,"000000000","00000000000",0,0,0,1,0,0,0,0,0,0,0,998,0,0,0,12,2,5,34,0,0,0,1,28,39110,6,1,0,0,3,0,65,120,98,0,0,0,0,9,2015,9,2015,0,0,0,0,0,2,3,70,1,1,2,1,0,0,1,13,1,1,4,98,"777777777777","777777777777","777777777777",0,0
28,280614,5,5,1,21,12,22,21,12,2,1,0,28,1,49,32,49032,4,2013,"5YFBU4EE5DP0","5","Y","F","B","U","4","E","E","5","D","P","0",0,0,0,"000000000","00000000000",0,0,0,1,0,0,0,0,0,0,0,999,0,0,0,0,2,5,16,0,0,0,1,28,39071,6,1,0,0,3,0,62,122,98,0,0,0,0,0,0,0,0,0,0,0,0,0,2,3,70,1,1,2,1,0,0,1,92,1,1,1,98,"777777777777","777777777777","777777777777",0,0
28,280615,1,1,1,25,11,17,42,34,0,1,0,40,1,6,441,6441,20,2005,"2C4GP44R55R4","2","C","4","G","P","4","4","R","5","5","R","4",0,0,0,"000000000","00000000000",0,0,0,1,0,0,0,0,0,0,0,999,0,1,5,12,6,2,1,0,0,0,1,40,74447,6,1,0,0,3,0,71,160,0,0,0,0,0,0,0,0,0,0,0,0,0,0,1,2,55,1,1,2,1,0,0,1,13,6,1,4,1,"777777777777","777777777777","777777777777",1,0
28,280616,1,1,2,22,12,7,35,31,0,1,0,28,1,7,482,7482,31,2006,"1D7HA18N46J1","1","D","7","H","A","1","8","N","4","6","J","1",0,0,0,"000000000","00000000000",0,0,0,1,0,0,0,0,0,0,0,998,0,1,5,12,6,2,1,0,0,0,1,28,39503,6,1,0,0,3,0,68,200,98,0,0,0,0,0,0,0,0,0,0,0,0,0,5,5,35,1,1,2,1,0,0,1,13,1,1,4,1,"777777777777","777777777777","777777777777",1,0
28,280617,1,1,1,23,12,21,12,42,0,1,0,28,1,49,32,49032,4,2003,"JTDBR32E6300","J","T","D","B","R","3","2","E","6","3","0","0",0,0,0,"000000000","00000000000",0,0,0,1,0,0,0,0,0,0,0,998,0,0,0,12,6,2,42,0,0,0,1,28,39565,1,1,0,0,2,0,67,192,98,0,0,0,0,0,0,0,0,4,0,0,0,0,1,2,45,1,1,2,1,0,0,1,12,1,1,4,6,"777777777777","777777777777","777777777777",1,0
28,280618,1,1,2,24,12,0,45,18,0,1,0,28,1,20,9,20009,2,2013,"2G1FK1EJ7D91","2","G","1","F","K","1","E","J","7","D","9","1",0,0,0,"000000000","00000000000",0,0,0,1,0,0,0,0,0,0,0,998,0,1,5,12,6,2,1,0,0,1,1,28,38843,1,1,0,0,2,0,70,175,98,0,0,0,0,0,0,0,0,0,0,0,0,0,1,2,55,1,1,2,1,0,0,1,13,1,1,4,1,"777777777777","777777777777","777777777777",2,0
28,280619,1,1,1,24,12,17,0,8,0,1,0,28,1,35,39,35039,4,2007,"1N4BA41E07C8","1","N","4","B","A","4","1","E","0","7","C","8",0,0,0,"000000000","00000000000",0,0,0,1,0,0,0,0,0,0,0,999,0,0,0,12,6,2,8,0,0,0,1,28,38635,6,1,0,0,3,0,67,135,98,0,0,0,0,0,0,0,0,0,0,0,0,0,2,4,70,1,1,2,2,0,0,1,80,1,1,1,13,"777777777777","777777777777","777777777777",0,0
28,280620,1,1,4,24,12,22,4,1,0,1,0,28,1,20,403,20403,14,2003,"1GNDT13S2322","1","G","N","D","T","1","3","S","2","3","2","2",0,0,0,"000000000","00000000000",0,0,0,1,0,0,0,0,0,0,0,999,0,1,5,0,6,2,1,0,0,0,1,28,38866,0,0,0,0,0,0,68,180,98,0,0,0,0,0,0,0,0,0,0,0,0,0,1,2,30,1,1,2,1,0,0,1,12,1,1,4,6,"777777777777","777777777777","777777777777",1,0