"STATE","ST_CASE","VEH_NO","VE_FORMS","NUMOCCS","DAY","MONTH","HOUR","MINUTE","HARM_EV","MAN_COLL","UNITTYPE","HIT_RUN","REG_STAT","OWNER","MAKE","MODEL","MAK_MOD","BODY_TYP","MOD_YEAR","VIN","VIN_1","VIN_2","VIN_3","VIN_4","VIN_5","VIN_6","VIN_7","VIN_8","VIN_9","VIN_10","VIN_11","VIN_12","TOW_VEH","J_KNIFE","MCARR_I1","MCARR_I2","MCARR_ID","GVWR","V_CONFIG","CARGO_BT","HAZ_INV","HAZ_PLAC","HAZ_ID","HAZ_CNO","HAZ_REL","BUS_USE","SPEC_USE","EMER_USE","TRAV_SP","UNDERIDE","ROLLOVER","ROLINLOC","IMPACT1","DEFORMED","TOWED","M_HARM","VEH_SC1","VEH_SC2","FIRE_EXP","DR_PRES","L_STATE","DR_ZIP","L_STATUS","L_TYPE","CDL_STAT","L_ENDORS","L_COMPL","L_RESTRI","DR_HGT","DR_WGT","PREV_ACC","PREV_SUS","PREV_DWI","PREV_SPD","PREV_OTH","FIRST_MO","FIRST_YR","LAST_MO","LAST_YR","SPEEDREL","DR_SF1","DR_SF2","DR_SF3","DR_SF4","VTRAFWAY","VNUM_LAN","VSPD_LIM","VALIGN","VPROFILE","VPAVETYP","VSURCOND","VTRAFCON","VTCONT_F","P_CRASH1","P_CRASH2","P_CRASH3","PCRASH4","PCRASH5","ACC_TYPE","TRLR1VIN","TRLR2VIN","TRLR3VIN","DEATHS","DR_DRINK"
28,280621,1,2,1,26,12,7,27,12,2,1,0,28,1,7,24,7024,4,2014,"2C3CDXHG7EH2","2","C","3","C","D","X","H","G","7","E","H","2",0,0,0,"000000000","00000000000",0,0,0,1,0,0,0,0,0,0,0,998,0,0,0,12,6,2,12,0,0,0,1,28,39209,6,1,0,0,3,0,66,174,98,0,0,0,0,0,0,0,0,0,0,0,0,0,1,4,40,1,1,2,1,0,0,1,62,1,1,1,51,"777777777777","777777777777","777777777777",0,0
28,280621,2,2,1,26,12,7,27,12,2,1,0,28,1,35,47,35047,2,2008,"1N4AL24E78C1","1","N","4","A","L","2","4","E","7","8","C","1",0,0,0,"000000000","00000000000",0,0,0,1,0,0,0,0,0,0,0,998,0,0,0,12,6,2,12,0,0,0,1,28,39189,1,7,0,0,2,0,65,145,98,0,0,0,0,0,0,0,0,0,0,0,0,0,1,4,40,1,1,2,1,0,0,1,10,1,1,2,50,"777777777777","777777777777","777777777777",1,0
28,280622,1,1,3,27,12,2,41,1,0,1,0,28,1,20,481,20481,31,2008,"2GCEC19J8811","2","G","C","E","C","1","9","J","8","8","1","1",0,0,0,"000000000","00000000000",0,0,0,1,0,0,0,0,0,0,0,998,0,1,5,0,6,2,1,0,0,0,1,28,39350,0,0,0,0,0,0,999,999,98,0,0,0,0,0,0,0,0,4,0,0,0,0,1,2,45,1,1,2,2,0,0,1,13,1,1,4,1,"777777777777","777777777777","777777777777",1,0
28,280623,1,2,1,27,12,15,5,12,6,1,0,28,1,35,43,35043,4,2013,"3N1AB7AP4DL6","3","N","1","A","B","7","A","P","4","D","L","6",0,0,0,"000000000","00000000000",0,0,0,1,0,0,0,0,0,0,0,998,0,0,0,12,6,2,12,0,0,0,1,28,38868,6,1,0,0,3,0,63,105,98,0,0,0,0,0,0,0,0,0,0,0,0,0,1,4,65,1,1,2,1,0,0,1,66,1,1,1,88,"777777777777","777777777777","777777777777",0,0
28,280623,2,2,2,27,12,15,5,12,6,1,0,28,1,20,481,20481,31,2014,"1GCCC1AH2EF3","1","G","C","C","C","1","A","H","2","E","F","3",0,0,0,"000000000","00000000000",0,0,0,1,0,0,0,0,0,0,0,998,0,0,0,9,6,2,12,0,0,0,1,28,38967,6,1,0,0,3,0,73,210,98,0,1,0,0,6,2013,6,2013,0,38,0,0,0,1,2,45,1,1,2,1,20,3,1,17,1,1,1,89,"777777777777","777777777777","777777777777",1,0
28,280624,1,1,1,27,12,21,3,1,0,1,0,28,1,12,401,12401,14,1998,"1FMZU32E9WUC","1","F","M","Z","U","3","2","E","9","W","U","C",0,0,0,"000000000","00000000000",0,0,0,1,0,0,0,0,0,0,0,998,0,1,5,0,6,2,1,0,0,0,1,28,38829,6,1,0,0,3,0,69,150,98,0,0,3,0,4,2014,11,2015,0,0,0,0,0,1,2,55,1,3,2,1,0,0,1,12,1,1,4,6,"777777777777","777777777777","777777777777",1,0
28,280625,1,1,1,28,12,15,13,34,0,1,0,28,1,35,43,35043,4,2011,"3N1AB6AP4BL6","3","N","1","A","B","6","A","P","4","B","L","6",0,0,0,"000000000","00000000000",0,0,0,1,0,0,0,0,0,0,0,998,0,0,0,12,6,2,30,0,0,0,1,28,39773,6,1,0,0,3,0,65,175,98,0,0,0,0,0,0,0,0,0,0,0,0,0,1,2,55,1,1,2,1,0,0,1,12,1,1,4,6,"777777777777","777777777777","777777777777",1,0
28,280626,1,1,1,30,12,13,53,42,0,1,0,28,1,23,481,23481,31,2003,"1GTEC14V03Z2","1","G","T","E","C","1","4","V","0","3","Z","2",0,0,0,"000000000","00000000000",0,0,0,1,0,0,0,0,0,0,0,998,0,1,5,12,6,2,1,0,0,0,1,28,39577,6,1,0,0,3,0,71,226,98,0,0,0,0,0,0,0,0,0,0,0,0,0,1,2,30,1,1,2,1,0,0,1,12,9,2,4,6,"777777777777","777777777777","777777777777",1,1
28,280627,1,2,1,30,12,16,27,12,2,1,0,28,1,99,999,99999,99,9999,"888888888888","8","8","8","8","8","8","8","8","8","8","8","8",0,0,0,"000000000","00000000000",0,0,0,1,0,0,0,0,0,0,0,998,0,0,0,12,6,2,12,0,0,0,1,28,39531,6,1,0,0,3,0,70,210,98,0,0,0,0,0,0,0,0,4,0,0,0,0,1,2,55,3,1,2,1,0,0,14,10,1,1,2,50,"777777777777","777777777777","777777777777",1,0
28,280627,2,2,3,30,12,16,27,12,2,1,0,28,1,20,23,20023,6,2009,"3GNCA13B49S5","3","G","N","C","A","1","3","B","4","9","S","5",0,0,0,"000000000","00000000000",0,0,0,1,0,0,0,0,0,0,0,998,0,0,0,12,6,2,12,0,0,0,1,28,38868,6,1,0,0,3,0,63,155,98,0,0,0,0,0,0,0,0,0,0,0,0,0,1,2,55,3,1,2,1,0,0,14,62,1,1,1,51,"777777777777","777777777777","777777777777",0,0
28,280628,1,2,2,30,12,18,13,12,2,1,0,28,1,99,999,99999,99,9999,"999999999999","9","9","9","9","9","9","9","9","9","9","9","9",0,0,0,"000000000","00000000000",0,0,0,1,0,0,0,0,0,0,0,999,0,0,0,12,6,2,2,0,0,1,1,28,38611,1,1,0,0,2,0,68,140,98,0,0,0,0,0,0,0,0,0,0,0,0,0,1,2,45,1,1,2,1,0,0,1,10,1,1,2,50,"777777777777","777777777777","777777777777",0,1
28,280628,2,2,1,30,12,18,13,12,2,1,0,47,1,69,54,69054,3,2008,"WMWMF33548TT","W","M","W","M","F","3","3","5","4","8","T","T",0,0,0,"000000000","00000000000",0,0,0,1,0,0,0,0,0,0,0,999,0,0,0,12,6,2,12,0,0,0,1,47,38118,1,1,1,0,2,0,71,140,1,1,0,1,0,5,2014,6,2015,0,0,0,0,0,1,2,45,1,1,2,1,0,0,1,62,1,1,1,51,"777777777777","777777777777","777777777777",1,0
28,280629,1,1,1,31,12,12,55,42,0,1,0,28,1,12,401,12401,14,2004,"1FMZU63KX4UC","1","F","M","Z","U","6","3","K","X","4","U","C",0,0,0,"000000000","00000000000",0,0,0,1,0,0,0,0,0,0,0,999,0,0,0,12,6,2,42,0,0,0,1,28,39346,6,1,0,0,3,0,72,185,98,0,0,0,0,0,0,0,0,0,0,0,0,0,1,2,45,1,1,2,1,0,0,1,13,1,1,4,1,"777777777777","777777777777","777777777777",1,0
28,280630,1,1,2,31,12,23,11,42,0,1,0,28,1,20,1,20001,4,1976,"1D29Q6D49458","1","D","2","9","Q","6","D","4","9","4","5","8",0,0,0,"000000000","00000000000",0,0,0,1,0,0,0,0,0,0,0,998,0,0,0,3,6,2,42,0,0,0,1,28,39350,0,0,0,0,0,0,999,999,98,0,0,0,0,0,0,0,0,0,0,0,0,0,1,2,55,1,1,2,2,0,0,1,13,8,1,4,1,"777777777777","777777777777","777777777777",1,0
28,280631,1,1,1,3,12,23,31,23,0,1,0,28,1,12,401,12401,14,2005,"1FMDU74E65UB","1","F","M","D","U","7","4","E","6","5","U","B",0,0,0,"000000000","00000000000",0,0,0,1,0,0,0,0,0,0,0,999,0,0,0,12,6,2,23,0,0,0,1,28,39401,0,0,0,0,0,0,999,999,98,0,0,0,0,0,0,0,0,4,0,0,0,0,1,2,30,1,1,2,2,0,0,1,90,1,1,1,12,"777777777777","777777777777","777777777777",1,0
28,280632,1,1,1,10,9,11,14,1,0,1,0,28,1,77,706,77706,80,2000,"5VPC81561V30","5","V","P","C","8","1","5","6","1","V","3","0",0,0,0,"000000000","00000000000",0,0,0,1,0,0,0,0,0,0,0,998,0,0,0,0,0,5,1,0,0,0,1,28,39767,6,1,0,0,3,0,67,205,98,0,0,0,0,0,0,0,0,0,0,0,0,0,1,2,45,3,3,2,1,0,0,14,13,1,1,4,1,"777777777777","777777777777","777777777777",1,0
28,280633,1,2,1,13,9,21,33,12,6,1,0,28,1,35,51,35051,6,2008,"JN8AS58T18W3","J","N","8","A","S","5","8","T","1","8","W","3",0,0,0,"000000000","00000000000",0,0,0,1,0,0,0,0,0,0,0,998,0,0,0,12,6,2,12,0,0,0,1,28,39209,6,1,0,0,3,0,67,130,98,0,0,0,0,0,0,0,0,0,0,0,0,0,1,2,45,1,1,2,1,0,0,1,68,1,1,1,88,"777777777777","777777777777","777777777777",0,0
28,280633,2,2,2,13,9,21,33,12,6,1,0,28,1,49,40,49040,4,2001,"4T1BG22K51U8","4","T","1","B","G","2","2","K","5","1","U","8",0,0,0,"000000000","00000000000",0,0,0,1,0,0,0,0,0,0,0,998,0,0,0,11,6,2,12,0,0,0,1,28,39071,6,1,0,0,3,0,67,150,98,0,0,0,0,0,0,0,0,0,0,0,0,0,1,2,45,1,1,2,1,0,0,1,19,1,1,2,89,"777777777777","777777777777","777777777777",1,0
28,280634,1,1,1,4,10,15,58,8,0,1,0,28,1,14,401,14401,14,2005,"4M2DU66K25ZJ","4","M","2","D","U","6","6","K","2","5","Z","J",0,0,0,"000000000","00000000000",0,0,0,1,0,0,0,0,0,0,0,999,0,0,0,12,6,2,8,0,0,0,1,28,38868,6,1,0,0,3,0,63,155,98,0,0,0,0,0,0,0,0,0,0,0,0,0,1,2,55,1,1,2,1,0,0,1,80,8,2,3,13,"777777777777","777777777777","777777777777",0,0
28,280635,1,1,1,7,10,21,30,1,0,1,0,28,1,37,706,37706,80,1999,"888888888888","8","8","8","8","8","8","8","8","8","8","8","8",0,0,0,"000000000","00000000000",0,0,0,1,0,0,0,0,0,0,0,999,0,0,0,0,2,5,1,0,0,0,1,28,39360,6,1,0,0,3,0,75,200,98,0,0,0,0,0,0,0,0,0,0,0,0,0,1,2,45,1,2,2,1,0,0,1,13,1,1,4,1,"777777777777","777777777777","777777777777",1,0
28,280636,1,1,1,18,11,21,46,8,0,1,0,28,1,37,32,37032,2,2008,"1HGCS12878A0","1","H","G","C","S","1","2","8","7","8","A","0",0,0,0,"000000000","00000000000",0,0,0,1,0,0,0,0,0,0,0,999,0,0,0,12,6,2,8,0,0,0,1,28,39532,6,1,0,0,3,0,68,160,98,0,0,1,1,7,2014,8,2014,0,0,0,0,0,2,2,45,1,1,2,1,0,0,1,80,1,1,1,13,"777777777777","777777777777","777777777777",0,0
28,280637,1,2,2,27,11,14,22,12,6,1,0,22,1,20,23,20023,6,2010,"3GNBAADB1AS5","3","G","N","B","A","A","D","B","1","A","S","5",0,0,0,"000000000","00000000000",0,0,0,1,0,0,0,0,0,0,0,999,0,0,0,12,6,2,12,0,0,0,1,22,70427,6,1,0,0,3,0,67,150,0,0,0,0,0,0,0,0,0,0,0,0,0,0,1,2,55,1,1,2,1,0,0,1,66,1,1,1,86,"777777777777","777777777777","777777777777",1,0
28,280637,2,2,2,27,11,14,22,12,6,1,0,22,1,12,481,12481,31,2006,"1FTPW12V86FA","1","F","T","P","W","1","2","V","8","6","F","A",0,0,0,"000000000","00000000000",0,0,0,1,0,0,0,0,0,0,0,999,0,0,0,1,6,2,12,0,0,0,1,22,70461,6,1,0,0,3,0,67,130,0,0,0,0,0,0,0,0,0,0,38,0,0,0,1,2,55,1,1,2,1,20,3,1,17,1,1,1,87,"777777777777","777777777777","777777777777",0,0
28,280638,1,1,3,10,12,6,27,35,0,1,0,28,1,35,47,35047,4,2008,"1N4AL21E88N5","1","N","4","A","L","2","1","E","8","8","N","5",0,0,0,"000000000","00000000000",0,0,0,1,0,0,0,0,0,0,0,999,0,1,5,12,6,2,1,0,0,0,1,28,39744,6,1,0,0,3,0,63,130,98,0,0,0,0,0,0,0,0,0,0,0,0,0,1,2,45,3,2,2,1,0,0,14,13,8,2,4,1,"777777777777","777777777777","777777777777",1,0
29,290001,1,2,1,3,1,9,35,12,2,1,0,29,1,7,482,7482,31,2009,"1D3HB16T29J5","1","D","3","H","B","1","6","T","2","9","J","5",0,0,0,"000000000","00000000000",0,0,0,1,0,0,0,0,0,0,0,34,0,0,0,12,6,2,12,0,0,0,1,29,65740,6,1,0,0,3,3,74,200,0,0,0,0,0,0,0,0,0,0,28,0,0,0,1,2,45,3,6,2,1,0,0,14,10,99,1,2,51,"777777777777","777777777777","777777777777",0,0
29,290001,2,2,1,3,1,9,35,12,2,1,0,29,1,14,6,14006,4,2005,"2MEFM75W05X6","2","M","E","F","M","7","5","W","0","5","X","6",0,0,0,"000000000","00000000000",0,0,0,1,0,0,0,0,0,0,0,999,0,0,0,12,6,2,12,0,0,0,1,29,65653,6,1,0,0,3,3,67,175,0,0,0,0,0,0,0,0,0,0,0,0,0,0,1,2,45,2,6,2,1,0,0,14,62,99,1,1,50,"777777777777","777777777777","777777777777",1,0
29,290002,1,2,1,3,1,10,30,12,2,1,0,29,2,49,33,49033,2,2003,"JTDDY32T7300","J","T","D","D","Y","3","2","T","7","3","0","0",0,0,0,"000000000","00000000000",0,0,0,1,0,0,0,0,0,0,0,998,0,0,0,12,6,2,12,0,0,0,1,29,65571,6,1,0,0,3,0,65,120,1,0,0,1,0,7,2014,9,2014,0,28,0,0,0,1,2,65,1,6,2,1,0,0,1,10,99,1,2,50,"777777777777","777777777777","777777777777",1,0
29,290002,2,2,1,3,1,10,30,12,2,1,0,18,3,82,898,82898,66,2013,"1FUJGLDR6DSB","1","F","U","J","G","L","D","R","6","D","S","B",1,1,57,"264184","57264184",3,6,1,1,0,0,0,0,0,0,0,998,0,0,0,12,6,2,12,0,0,0,1,29,65753,6,1,6,0,3,3,76,240,0,0,0,0,0,0,0,0,0,0,0,0,0,0,1,2,65,1,6,2,1,0,0,1,62,9,1,1,51,"3H3V532C3FT0","777777777777","777777777777",0,0
29,290003,1,2,1,4,1,10,26,12,1,1,0,29,2,7,472,7472,31,2000,"1B7GG2AN5YS7","1","B","7","G","G","2","A","N","5","Y","S","7",0,0,0,"000000000","00000000000",0,0,0,1,0,0,0,0,0,0,0,998,0,0,0,12,6,2,12,0,0,0,1,29,65265,6,1,0,0,3,0,72,210,0,0,0,0,0,0,0,0,0,0,26,0,0,0,1,2,70,1,1,2,1,0,0,1,51,99,1,1,24,"777777777777","777777777777","777777777777",1,0
29,290003,2,2,1,4,1,10,26,12,1,1,0,29,2,98,998,98998,92,1994,"RW7800H00945","R","W","7","8","0","0","H","0","0","9","4","5",0,0,0,"000000000","00000000000",0,0,0,1,0,0,0,0,0,0,0,998,0,0,0,6,2,5,12,0,0,0,1,29,65231,6,1,6,0,3,3,70,190,0,0,0,0,0,0,0,0,0,0,0,0,0,0,1,2,70,1,1,2,1,0,0,1,53,99,1,1,25,"777777777777","777777777777","777777777777",0,0
29,290004,1,1,1,4,1,13,35,34,0,1,0,29,2,41,51,41051,4,2007,"JM1BK12F3716","J","M","1","B","K","1","2","F","3","7","1","6",0,0,0,"000000000","00000000000",0,0,0,1,0,0,0,0,0,0,0,998,0,1,5,12,6,2,1,0,0,0,1,29,65721,6,1,0,0,3,0,66,125,2,0,0,0,0,6,2014,5,2015,3,0,0,0,0,1,2,45,1,5,2,1,0,0,1,6,1,4,4,7,"777777777777","777777777777","777777777777",1,0
29,290006,1,1,2,4,1,17,58,11,0,1,0,29,2,35,43,35043,4,2012,"3N1AB6AP0CL6","3","N","1","A","B","6","A","P","0","C","L","6",0,0,0,"000000000","00000000000",0,0,0,1,0,0,0,0,0,0,0,55,0,0,0,12,6,2,11,0,0,0,1,29,63781,6,2,0,0,3,0,63,175,1,0,0,0,0,3,2015,3,2015,0,83,0,0,0,1,2,55,1,3,2,1,0,0,1,87,1,1,1,13,"777777777777","777777777777","777777777777",1,0
29,290007,1,1,2,4,1,7,55,34,0,1,0,29,2,18,20,18020,4,2000,"2G4WB55K7Y12","2","G","4","W","B","5","5","K","7","Y","1","2",0,0,0,"000000000","00000000000",0,0,0,1,0,0,0,0,0,0,0,53,0,1,5,11,6,2,1,0,0,0,1,29,64840,6,2,0,0,3,2,62,150,0,0,0,0,0,0,0,0,0,4,73,0,0,0,1,2,50,1,1,4,1,0,0,1,6,8,5,4,2,"777777777777","777777777777","777777777777",1,0
29,290008,1,1,1,5,1,6,25,1,0,1,0,29,1,63,398,63398,5,2005,"KNAFE1619550","K","N","A","F","E","1","6","1","9","5","5","0",0,0,0,"000000000","00000000000",0,0,0,1,0,0,0,0,0,0,0,998,0,1,5,0,4,3,1,0,0,0,1,29,63877,6,1,0,0,3,0,61,176,0,0,0,0,0,0,0,0,0,0,0,0,0,0,1,2,55,1,1,2,1,0,0,1,13,1,1,4,1,"777777777777","777777777777","777777777777",1,0
29,290009,1,1,1,7,1,22,0,42,0,1,0,29,1,19,3,19003,4,1990,"1G6CD5332L42","1","G","6","C","D","5","3","3","2","L","4","2",0,0,0,"000000000","00000000000",0,0,0,1,0,0,0,0,0,0,0,998,0,0,0,12,6,2,42,0,0,1,1,29,65740,6,1,0,0,3,3,70,200,1,0,0,0,0,12,2015,12,2015,4,0,0,0,0,1,2,50,3,6,2,2,0,0,14,13,1,1,4,1,"777777777777","777777777777","777777777777",1,1
29,290010,1,1,3,2,1,21,6,42,0,1,0,29,2,21,21,21021,4,2000,"1G3NF52E7YC3","1","G","3","N","F","5","2","E","7","Y","C","3",0,0,0,"000000000","00000000000",0,0,0,1,0,0,0,0,0,0,0,88,0,0,0,12,6,2,42,0,0,1,1,29,63023,2,1,0,0,2,0,76,220,0,2,0,3,0,7,2013,7,2015,4,0,0,0,0,1,2,45,2,1,2,1,0,0,14,6,1,2,4,7,"777777777777","777777777777","777777777777",2,1
29,290011,1,2,1,6,1,7,42,12,6,1,0,29,1,12,481,12481,31,1995,"1FTEF15N3SLA","1","F","T","E","F","1","5","N","3","S","L","A",0,0,0,"000000000","00000000000",0,0,0,1,0,0,0,0,0,0,0,28,0,0,0,12,6,2,12,0,0,0,1,29,65240,6,1,0,0,3,3,69,169,0,0,0,0,0,0,0,0,0,0,38,39,0,0,1,2,55,1,6,2,2,20,3,1,17,1,1,1,86,"777777777777","777777777777","777777777777",1,0
29,290011,2,2,1,6,1,7,42,12,6,1,0,29,3,12,461,12461,21,2006,"1FTNE24WX6HA","1","F","T","N","E","2","4","W","X","6","H","A",0,0,0,"000000000","00000000000",0,0,0,1,0,0,0,0,0,0,0,30,0,0,0,1,6,2,12,0,0,0,1,29,65202,6,2,0,0,3,0,73,185,0,0,0,1,0,7,2013,7,2013,0,0,0,0,0,1,2,55,1,6,2,2,0,0,1,66,1,1,1,87,"777777777777","777777777777","777777777777",0,0
29,290012,1,2,1,11,1,18,57,12,1,1,0,29,1,20,481,20481,31,2014,"3GCPCREC4EG3","3","G","C","P","C","R","E","C","4","E","G","3",0,0,0,"000000000","00000000000",0,0,0,1,0,0,0,0,0,0,0,76,0,0,0,12,6,2,12,0,0,0,1,29,64843,6,1,0,0,3,3,63,115,0,0,0,0,0,0,0,0,0,0,26,0,0,0,2,2,70,1,1,2,1,0,0,1,51,1,1,1,24,"777777777777","777777777777","777777777777",1,0
29,290012,2,2,1,11,1,18,57,12,1,1,0,18,3,82,898,82898,66,2013,"3AKJGLDVXDSF","3","A","K","J","G","L","D","V","X","D","S","F",1,1,57,"178538","57178538",3,6,3,1,0,0,0,0,0,0,0,8,0,0,0,6,6,2,12,0,0,0,1,28,38751,6,1,0,0,3,0,63,155,98,0,0,0,0,0,0,0,0,0,0,0,0,0,2,2,70,1,1,2,1,0,0,3,53,1,1,1,25,"1RNF48A21ER0","777777777777","777777777777",0,0
29,290013,1,1,1,13,1,9,55,38,0,1,0,29,1,6,52,6052,6,2007,"3A4FY48B97T5","3","A","4","F","Y","4","8","B","9","7","T","5",0,0,0,"000000000","00000000000",0,0,0,1,0,0,0,0,0,0,0,998,0,1,5,12,6,2,1,0,0,0,1,29,64024,6,1,0,0,3,0,62,115,0,0,0,2,1,10,2013,7,2014,0,27,58,0,0,1,2,55,1,6,2,1,0,0,15,12,1,2,4,7,"777777777777","777777777777","777777777777",1,0
29,290014,1,1,2,3,1,19,14,59,0,1,0,29,1,20,481,20481,31,2004,"1GCEK19T04E2","1","G","C","E","K","1","9","T","0","4","E","2",0,0,0,"000000000","00000000000",0,0,0,1,0,0,0,0,0,0,0,998,0,1,5,2,6,2,1,0,0,0,1,29,65559,2,1,0,0,2,0,69,180,0,0,0,0,0,0,0,0,0,3,0,0,0,0,1,2,55,2,3,2,1,0,0,14,13,1,1,4,1,"777777777777","777777777777","777777777777",1,1
29,290015,1,2,1,15,1,7,40,12,2,1,0,29,2,30,46,30046,4,2004,"WVWPD63B94E2","W","V","W","P","D","6","3","B","9","4","E","2",0,0,0,"000000000","00000000000",0,0,0,1,0,0,0,0,0,0,0,65,0,0,0,12,6,2,12,0,0,0,1,29,63901,6,1,0,0,3,0,71,165,0,0,0,0,0,0,0,0,0,0,28,0,0,0,1,2,55,1,1,2,2,0,0,1,10,1,1,2,50,"777777777777","777777777777","777777777777",1,0
29,290015,2,2,1,15,1,7,40,12,2,1,0,29,2,20,481,20481,31,2006,"1GCEK19V76Z2","1","G","C","E","K","1","9","V","7","6","Z","2",0,0,0,"000000000","00000000000",0,0,0,1,0,0,0,0,0,0,0,62,0,0,0,12,6,2,12,0,0,0,1,29,63873,6,1,0,0,3,0,73,210,0,0,0,0,0,0,0,0,0,0,0,0,0,0,1,2,55,1,1,2,2,0,0,1,62,1,1,1,51,"777777777777","777777777777","777777777777",0,0
29,290016,1,1,1,16,1,0,1,42,0,1,0,29,2,37,32,37032,4,2003,"1HGCM56363A0","1","H","G","C","M","5","6","3","6","3","A","0",0,0,0,"000000000","00000000000",0,0,0,1,0,0,0,0,0,0,0,998,0,0,0,2,6,2,42,0,0,0,1,29,65770,6,1,0,0,3,3,64,126,0,0,0,0,0,0,0,0,0,0,58,0,0,0,1,2,55,1,1,2,1,0,0,1,9,6,4,4,7,"777777777777","777777777777","777777777777",1,1
29,290017,1,1,1,4,1,1,3,59,0,1,0,29,2,21,17,21017,2,1984,"1G3AK47Y0ER3","1","G","3","A","K","4","7","Y","0","E","R","3",0,0,0,"000000000","00000000000",0,0,0,1,0,0,0,0,0,0,0,998,0,1,1,14,6,2,2,0,0,1,1,29,64133,2,1,0,0,2,0,71,180,0,1,0,0,0,11,2015,11,2015,3,0,0,0,0,1,4,40,1,6,2,1,0,0,1,13,99,1,4,1,"777777777777","777777777777","777777777777",1,0
29,290018,1,1,1,15,1,23,5,1,0,1,0,92,0,20,2,20002,4,2005,"2G1WF52E2593","2","G","1","W","F","5","2","E","2","5","9","3",0,0,0,"000000000","00000000000",0,0,0,1,0,0,0,0,0,0,0,998,0,1,1,0,6,2,1,0,0,0,1,29,63379,1,1,0,0,2,0,79,300,0,1,1,0,0,4,2011,6,2011,4,58,0,0,0,1,2,55,3,1,2,1,0,0,14,6,6,4,6,98,"777777777777","777777777777","777777777777",1,1
29,290019,1,1,3,16,1,0,1,42,0,1,0,29,2,37,31,37031,2,1998,"1HGEJ8145WL0","1","H","G","E","J","8","1","4","5","W","L","0",0,0,0,"000000000","00000000000",0,0,0,1,0,0,0,0,0,0,0,999,0,0,0,9,6,2,42,0,0,0,1,29,65737,6,1,0,0,3,0,70,200,0,4,0,0,1,6,2011,11,2012,3,0,0,0,0,1,2,50,2,5,2,1,0,0,14,6,1,3,4,7,"777777777777","777777777777","777777777777",1,1
29,290020,1,1,1,16,1,5,20,42,0,1,0,29,1,20,481,20481,31,2007,"3GCEC14X87G2","3","G","C","E","C","1","4","X","8","7","G","2",0,0,0,"000000000","00000000000",0,0,0,1,0,0,0,0,0,0,0,998,0,0,0,12,6,2,42,0,0,0,1,29,64628,6,1,4,0,3,3,73,275,0,0,0,0,0,0,0,0,0,4,0,0,0,0,1,2,25,3,1,2,1,0,0,14,13,1,1,4,1,"777777777777","777777777777","777777777777",1,0
29,290021,1,2,3,6,1,7,40,12,2,1,0,29,1,12,37,12037,4,2003,"1FAFP34383W1","1","F","A","F","P","3","4","3","8","3","W","1",0,0,0,"000000000","00000000000",0,0,0,1,0,0,0,0,0,0,0,998,0,0,0,12,6,2,12,0,0,0,1,29,64024,6,1,0,0,3,3,63,135,0,0,0,0,2,12,2014,11,2015,4,28,58,0,0,1,2,55,1,6,2,3,0,0,1,6,6,2,6,52,"777777777777","777777777777","777777777777",1,0
29,290021,2,2,3,6,1,7,40,12,2,1,0,29,3,84,884,84884,64,2013,"1HTMRAAM1DJ3","1","H","T","M","R","A","A","M","1","D","J","3",0,0,88,"888888888","88888888888",2,1,1,1,0,0,0,0,0,0,0,998,0,0,0,12,6,2,12,0,0,0,1,29,64060,6,1,0,0,3,0,71,190,0,0,0,1,0,6,2013,6,2013,0,0,0,0,0,1,2,55,1,6,2,3,0,0,1,62,16,1,1,52,"777777777777","777777777777","777777777777",0,0
29,290022,1,2,2,9,1,13,30,12,6,1,0,29,2,35,402,35402,14,2005,"5N1AN08WX5C6","5","N","1","A","N","0","8","W","X","5","C","6",0,0,0,"000000000","00000000000",0,0,0,1,0,0,0,0,0,0,0,998,0,0,0,3,6,2,12,0,0,0,1,29,65807,6,1,0,0,3,0,75,180,0,2,1,2,0,10,2011,12,2014,4,0,0,0,0,1,2,60,1,6,2,3,0,0,1,6,1,4,4,64,"777777777777","777777777777","777777777777",1,0
29,290022,2,2,3,9,1,13,30,12,6,1,0,29,1,2,404,2404,14,2013,"1C4RJFAG0DC5","1","C","4","R","J","F","A","G","0","D","C","5",0,0,0,"000000000","00000000000",0,0,0,1,0,0,0,0,0,0,0,998,0,0,0,12,6,2,12,0,0,0,1,29,63456,6,1,0,0,3,3,72,160,0,0,0,0,0,0,0,0,0,0,0,0,0,0,1,2,60,1,6,2,3,0,0,1,62,7,1,4,65,"777777777777","777777777777","777777777777",0,0
29,290023,1,1,1,19,1,10,45,35,0,1,0,29,2,12,17,12017,4,2003,"1FAFP55253G2","1","F","A","F","P","5","5","2","5","3","G","2",0,0,0,"000000000","00000000000",0,0,0,1,0,0,0,0,0,0,0,998,0,1,5,12,6,2,1,0,0,0,1,29,65548,6,1,0,0,3,3,62,165,0,0,0,0,0,0,0,0,0,0,0,0,0,0,1,2,55,1,6,2,1,0,0,1,13,1,1,4,1,"777777777777","777777777777","777777777777",1,0
29,290024,1,1,2,17,1,19,50,42,0,1,0,29,1,55,36,55036,4,2013,"KMHCT4AE8DU4","K","M","H","C","T","4","A","E","8","D","U","4",0,0,0,"000000000","00000000000",0,0,0,1,0,0,0,0,0,0,0,51,0,0,0,12,6,2,42,0,0,0,1,29,63645,6,1,0,0,3,0,67,160,0,0,0,0,1,1,2014,1,2014,0,0,0,0,0,1,2,55,2,6,2,1,0,0,14,12,1,1,4,6,"777777777777","777777777777","777777777777",1,0