"STATE","ST_CASE","VEH_NO","VE_FORMS","NUMOCCS","DAY","MONTH","HOUR","MINUTE","HARM_EV","MAN_COLL","UNITTYPE","HIT_RUN","REG_STAT","OWNER","MAKE","MODEL","MAK_MOD","BODY_TYP","MOD_YEAR","VIN","VIN_1","VIN_2","VIN_3","VIN_4","VIN_5","VIN_6","VIN_7","VIN_8","VIN_9","VIN_10","VIN_11","VIN_12","TOW_VEH","J_KNIFE","MCARR_I1","MCARR_I2","MCARR_ID","GVWR","V_CONFIG","CARGO_BT","HAZ_INV","HAZ_PLAC","HAZ_ID","HAZ_CNO","HAZ_REL","BUS_USE","SPEC_USE","EMER_USE","TRAV_SP","UNDERIDE","ROLLOVER","ROLINLOC","IMPACT1","DEFORMED","TOWED","M_HARM","VEH_SC1","VEH_SC2","FIRE_EXP","DR_PRES","L_STATE","DR_ZIP","L_STATUS","L_TYPE","CDL_STAT","L_ENDORS","L_COMPL","L_RESTRI","DR_HGT","DR_WGT","PREV_ACC","PREV_SUS","PREV_DWI","PREV_SPD","PREV_OTH","FIRST_MO","FIRST_YR","LAST_MO","LAST_YR","SPEEDREL","DR_SF1","DR_SF2","DR_SF3","DR_SF4","VTRAFWAY","VNUM_LAN","VSPD_LIM","VALIGN","VPROFILE","VPAVETYP","VSURCOND","VTRAFCON","VTCONT_F","P_CRASH1","P_CRASH2","P_CRASH3","PCRASH4","PCRASH5","ACC_TYPE","TRLR1VIN","TRLR2VIN","TRLR3VIN","DEATHS","DR_DRINK"
29,290060,1,1,2,8,2,1,15,35,0,1,0,29,9,20,499,20499,31,2003,"1GCHK29G13E1","1","G","C","H","K","2","9","G","1","3","E","1",0,0,0,"000000000","00000000000",0,0,0,1,0,0,0,0,0,0,0,52,0,1,5,14,6,2,1,0,0,0,1,99,99999,9,9,99,9,9,9,999,999,99,99,99,99,99,99,9999,99,9999,9,99,99,99,99,1,2,55,1,6,2,1,0,0,1,9,99,2,4,7,"777777777777","777777777777","777777777777",1,0
29,290061,1,2,1,10,2,22,5,12,1,1,0,29,1,35,51,35051,6,2011,"JN8AS5MV3BW6","J","N","8","A","S","5","M","V","3","B","W","6",0,0,0,"000000000","00000000000",0,0,0,1,0,0,0,0,0,0,0,998,3,0,0,12,6,2,12,0,0,0,1,29,63132,6,1,0,0,3,0,73,180,0,0,0,1,0,12,2015,12,2015,0,28,0,0,0,3,2,70,1,5,2,2,0,0,15,51,1,1,1,24,"777777777777","777777777777","777777777777",1,1
29,290061,2,2,1,10,2,22,5,12,1,1,0,1,3,87,881,87881,66,2014,"1NPXGGG60D24","1","N","P","X","G","G","G","6","0","D","2","4",1,1,57,"1974786","571974786",3,6,1,1,0,0,0,0,0,0,0,998,0,0,0,6,2,5,12,0,0,0,1,1,35750,6,1,6,0,3,3,66,160,1,0,0,1,2,5,2011,2,2015,0,0,0,0,0,3,2,70,1,5,2,2,0,0,3,53,1,1,1,25,"1GRAP0621GJ6","777777777777","777777777777",0,0
29,290062,1,2,1,11,2,6,15,12,2,1,0,29,2,7,472,7472,31,2002,"1B7HG48N52S6","1","B","7","H","G","4","8","N","5","2","S","6",0,0,0,"000000000","00000000000",0,0,0,1,0,0,0,0,0,0,0,57,0,0,0,12,6,2,12,0,0,0,1,29,65301,6,1,0,0,3,0,70,150,0,0,0,0,0,0,0,0,0,0,27,0,0,0,1,2,60,1,1,1,1,0,0,1,10,1,1,2,51,"777777777777","777777777777","777777777777",1,0
29,290062,2,2,1,11,2,6,15,12,2,1,0,29,3,86,881,86881,66,2014,"1M1AN09YXEM0","1","M","1","A","N","0","9","Y","X","E","M","0",1,1,57,"003327","57003327",3,6,2,1,0,0,0,0,0,0,0,59,0,0,0,12,6,2,12,0,0,0,1,29,65332,6,1,6,3,3,0,69,220,0,0,0,0,0,0,0,0,0,0,0,0,0,0,1,2,60,1,1,1,1,0,0,1,62,9,1,1,50,"1W9AA3828G11","777777777777","777777777777",0,0
29,290063,1,1,1,11,2,18,40,35,0,1,0,29,1,12,481,12481,31,2015,"1FTEX1EP7FKF","1","F","T","E","X","1","E","P","7","F","K","F",0,0,0,"000000000","00000000000",0,0,0,1,0,0,0,0,0,0,0,998,0,1,5,12,6,2,1,0,0,0,1,29,63068,6,1,6,0,3,3,69,178,0,0,0,1,0,7,2014,7,2014,3,0,0,0,0,1,2,55,3,6,2,1,0,0,14,13,1,1,4,1,"777777777777","777777777777","777777777777",1,0
29,290064,1,1,1,12,2,18,35,1,0,1,0,29,2,22,20,22020,4,2003,"1G2WP52K73F1","1","G","2","W","P","5","2","K","7","3","F","1",0,0,0,"000000000","00000000000",0,0,0,1,0,0,0,0,0,0,0,998,0,1,5,0,6,2,1,0,0,0,1,29,63077,6,2,0,0,2,0,60,98,0,0,0,0,0,0,0,0,0,4,58,0,0,0,1,2,45,3,1,2,1,0,0,14,13,6,3,4,7,"777777777777","777777777777","777777777777",1,0
29,290065,1,1,1,13,2,23,15,42,0,1,0,29,2,13,12,13012,4,2002,"1LNHM87A92Y6","1","L","N","H","M","8","7","A","9","2","Y","6",0,0,0,"000000000","00000000000",0,0,0,1,0,0,0,0,0,0,0,998,0,0,0,3,6,2,42,0,0,0,1,29,63303,6,1,0,0,3,0,66,140,1,0,0,0,1,6,2012,7,2014,4,58,0,0,0,1,2,55,2,6,2,1,0,0,14,13,6,4,4,7,"777777777777","777777777777","777777777777",1,1
29,290067,1,1,1,15,2,15,35,32,0,1,0,29,0,2,405,2405,14,2006,"1J4GL48K16W1","1","J","4","G","L","4","8","K","1","6","W","1",0,0,0,"000000000","00000000000",0,0,0,1,0,0,0,0,0,0,0,998,0,1,5,12,6,2,1,0,0,0,1,29,64093,6,2,0,0,3,0,68,147,0,0,0,0,0,0,0,0,0,0,99,99,99,99,2,2,65,1,6,2,1,0,0,1,13,1,1,4,1,"777777777777","777777777777","777777777777",1,0
29,290068,1,2,1,15,2,21,30,12,2,1,0,29,1,59,34,59034,4,2010,"2T2BK1BA4AC0","2","T","2","B","K","1","B","A","4","A","C","0",0,0,0,"000000000","00000000000",0,0,0,1,0,0,0,0,0,0,0,29,0,0,0,12,6,2,12,0,0,0,1,29,64098,6,1,0,0,3,0,71,200,0,0,0,0,0,0,0,0,0,0,28,0,0,0,1,2,55,1,1,2,1,0,0,1,10,1,1,2,50,"777777777777","777777777777","777777777777",1,0
29,290068,2,2,1,15,2,21,30,12,2,1,0,20,3,85,884,85884,66,2016,"1XKYDP9X4GJ4","1","X","K","Y","D","P","9","X","4","G","J","4",1,1,57,"69310","5769310",3,6,1,1,0,0,0,0,0,0,0,48,0,0,0,12,6,2,12,0,0,0,1,48,79084,6,1,6,0,3,0,999,999,0,0,0,1,0,7,2011,7,2011,0,0,0,0,0,1,2,55,1,1,2,1,0,0,1,62,7,1,1,51,"1UYVS2487VU0","777777777777","777777777777",0,0
29,290069,1,1,1,25,1,1,34,38,0,1,0,29,1,20,2,20002,4,2006,"2G1WT58K4694","2","G","1","W","T","5","8","K","4","6","9","4",0,0,0,"000000000","00000000000",0,0,0,1,0,0,0,0,0,0,0,998,0,1,5,12,6,2,1,0,0,0,1,29,63135,6,1,0,0,3,0,68,180,2,0,0,0,0,3,2011,5,2012,3,0,0,0,0,1,4,35,2,1,2,98,0,0,14,6,99,5,4,7,"777777777777","777777777777","777777777777",1,0
29,290070,1,1,1,9,2,17,56,42,0,1,0,29,2,2,403,2403,14,2003,"1J4FA59S03P3","1","J","4","F","A","5","9","S","0","3","P","3",0,0,0,"000000000","00000000000",0,0,0,1,0,0,0,0,0,0,0,998,0,0,0,12,6,2,42,0,0,0,1,29,64862,1,1,0,0,2,0,65,150,3,0,0,0,1,7,2013,6,2015,3,58,0,0,0,1,2,35,1,1,2,1,0,0,1,6,7,9,4,2,"777777777777","777777777777","777777777777",1,1
29,290071,1,2,1,9,2,18,36,8,0,1,0,29,1,12,21,12021,4,2005,"1FAFP24105G1","1","F","A","F","P","2","4","1","0","5","G","1",0,0,0,"000000000","00000000000",0,0,0,1,0,0,0,0,0,0,0,998,0,0,0,12,4,3,8,0,0,0,1,29,65807,6,1,0,0,3,3,70,230,0,0,0,2,0,10,2014,11,2015,0,0,0,0,0,5,5,40,1,1,2,1,0,0,1,80,8,9,1,13,"777777777777","777777777777","777777777777",0,0
29,290071,2,2,1,9,2,18,36,8,0,1,1,99,9,99,999,99999,99,9999,"999999999999","9","9","9","9","9","9","9","9","9","9","9","9",0,0,0,"000000000","00000000000",0,0,0,1,0,0,0,0,0,0,0,998,0,0,0,12,9,5,8,0,0,0,1,99,99999,9,9,99,9,9,9,999,999,99,99,99,99,99,99,9999,99,9999,9,99,99,99,99,5,5,40,1,1,2,1,0,0,1,80,99,1,1,98,"777777777777","777777777777","777777777777",0,0
29,290072,1,1,1,9,2,23,47,31,0,1,0,20,1,12,481,12481,31,2002,"1FTRW08642KA","1","F","T","R","W","0","8","6","4","2","K","A",0,0,0,"000000000","00000000000",0,0,0,1,0,0,0,0,0,0,0,998,0,1,5,12,6,2,2,0,0,1,1,29,64134,6,1,0,0,3,3,76,360,0,1,0,1,0,3,2015,12,2015,0,58,0,0,0,6,1,65,1,6,2,1,0,0,1,13,6,1,4,1,"777777777777","777777777777","777777777777",1,0
29,290073,1,1,1,20,2,21,2,35,0,1,0,29,2,14,6,14006,4,2005,"2MHFM75W85X6","2","M","H","F","M","7","5","W","8","5","X","6",0,0,0,"000000000","00000000000",0,0,0,1,0,0,0,0,0,0,0,998,0,1,1,14,6,2,1,0,0,0,1,29,64836,1,1,0,0,2,0,68,173,1,0,0,0,0,1,2013,1,2013,3,58,0,0,0,1,2,35,1,5,4,1,0,0,1,13,6,1,4,1,"777777777777","777777777777","777777777777",1,1
29,290074,1,2,1,16,2,15,0,12,6,1,0,29,1,12,17,12017,4,2004,"1FAFP55U24A1","1","F","A","F","P","5","5","U","2","4","A","1",0,0,0,"000000000","00000000000",0,0,0,1,0,0,0,0,0,0,0,16,0,0,0,8,6,2,12,0,0,0,1,29,64076,6,2,0,0,3,0,71,250,1,0,0,0,0,12,2014,12,2014,0,38,0,0,0,1,2,55,1,6,2,1,4,3,1,17,1,1,1,89,"777777777777","777777777777","777777777777",1,0
29,290074,2,2,1,16,2,15,0,12,6,1,0,29,2,7,402,7402,14,2000,"1B4HS28N2YF2","1","B","4","H","S","2","8","N","2","Y","F","2",0,0,0,"000000000","00000000000",0,0,0,1,0,0,0,0,0,0,0,52,0,0,0,12,6,2,12,0,0,0,1,29,64011,6,1,0,0,3,0,62,115,0,0,0,0,0,0,0,0,0,4,0,0,0,0,1,2,55,1,6,2,1,4,3,1,66,16,2,1,88,"777777777777","777777777777","777777777777",0,0
29,290075,1,1,1,18,2,14,55,42,0,1,0,29,1,20,23,20023,6,2007,"3GNDA33P37S6","3","G","N","D","A","3","3","P","3","7","S","6",0,0,0,"000000000","00000000000",0,0,0,1,0,0,0,0,0,0,0,998,0,0,0,2,6,2,42,0,0,0,1,29,65686,6,1,0,0,3,3,61,260,0,0,0,0,0,0,0,0,0,3,0,0,0,0,1,2,35,3,6,2,1,0,0,14,6,1,2,4,2,"777777777777","777777777777","777777777777",1,0
29,290076,1,4,1,18,2,18,45,12,1,1,0,17,3,87,884,87884,66,2010,"1XPHD49X1AD7","1","X","P","H","D","4","9","X","1","A","D","7",1,1,57,"2575645","572575645",3,6,1,1,0,0,0,0,0,0,0,999,0,0,0,12,2,5,12,0,0,0,1,39,44867,6,1,6,0,3,3,70,185,0,0,0,0,0,0,0,0,0,0,0,0,0,0,3,2,70,1,1,2,1,0,0,2,50,16,2,1,32,"1DW1A5321FB5","777777777777","777777777777",0,0
29,290076,2,4,0,18,2,18,45,12,1,1,0,29,6,49,40,49040,4,2007,"4T1BE46KX7U5","4","T","1","B","E","4","6","K","X","7","U","5",0,0,0,"000000000","00000000000",0,0,0,1,0,0,0,0,0,0,0,0,0,0,0,6,6,2,12,0,0,0,0,0,99997,7,6,97,7,6,7,998,997,998,998,998,998,998,98,9998,98,9998,8,0,0,0,0,3,2,70,1,1,2,1,0,0,0,53,0,0,0,32,"777777777777","777777777777","777777777777",0,0
29,290076,3,4,1,18,2,18,45,12,1,1,0,29,2,12,401,12401,14,2002,"1FMZU73E72UC","1","F","M","Z","U","7","3","E","7","2","U","C",0,0,0,"000000000","00000000000",0,0,0,1,0,0,0,0,0,0,0,999,0,0,0,7,6,2,12,0,0,0,1,29,65752,6,1,0,0,3,0,63,110,0,0,0,1,0,12,2013,12,2013,0,0,0,0,0,3,2,70,1,1,2,1,0,0,1,60,1,1,2,98,"777777777777","777777777777","777777777777",0,0
29,290076,4,4,1,18,2,18,45,12,1,1,1,99,9,99,999,99999,99,9999,"999999999999","9","9","9","9","9","9","9","9","9","9","9","9",1,1,99,"999999999","99999999999",3,99,99,1,0,0,0,0,99,99,9,999,0,0,0,98,9,5,12,99,99,0,1,99,99999,9,9,99,9,9,9,999,999,99,99,99,99,99,99,9999,99,9999,9,0,0,0,0,3,2,70,1,1,2,1,0,0,99,60,99,1,1,98,"999999999999","777777777777","777777777777",0,0
29,290077,1,1,1,19,2,11,20,1,0,1,0,29,1,7,403,7403,14,2010,"1D4PU5GK9AW1","1","D","4","P","U","5","G","K","9","A","W","1",0,0,0,"000000000","00000000000",0,0,0,1,0,0,0,0,0,0,0,998,0,1,5,0,6,2,1,0,0,0,1,29,64850,6,1,0,0,3,0,74,220,0,0,0,0,0,0,0,0,0,0,58,0,0,0,1,2,55,3,1,2,1,0,0,14,13,6,1,4,6,"777777777777","777777777777","777777777777",1,0
29,290078,1,1,1,19,2,2,9,34,0,1,0,29,1,6,52,6052,6,2003,"3C8FY78G03T5","3","C","8","F","Y","7","8","G","0","3","T","5",0,0,0,"000000000","00000000000",0,0,0,1,0,0,0,0,0,0,0,998,0,1,5,12,6,2,1,0,0,0,1,29,65608,6,1,0,0,3,0,68,157,0,0,0,0,0,0,0,0,0,4,0,0,0,0,1,2,55,1,4,2,1,0,0,1,9,1,4,4,7,"777777777777","777777777777","777777777777",1,0
29,290079,1,2,1,19,2,21,27,12,2,1,0,29,1,12,481,12481,31,2001,"1FTRW08L21KB","1","F","T","R","W","0","8","L","2","1","K","B",0,0,0,"000000000","00000000000",0,0,0,1,0,0,0,0,0,0,0,46,0,0,0,12,6,2,12,0,0,0,1,29,64089,6,1,0,0,3,0,69,140,1,0,0,0,0,8,2015,8,2015,0,28,0,0,0,1,2,55,1,3,2,1,0,0,1,10,1,1,2,50,"777777777777","777777777777","777777777777",0,0
29,290079,2,2,1,19,2,21,27,12,2,1,0,29,1,7,25,7025,5,2009,"1B3HB48A49D1","1","B","3","H","B","4","8","A","4","9","D","1",0,0,0,"000000000","00000000000",0,0,0,1,0,0,0,0,0,0,0,48,0,0,0,12,6,2,12,0,0,0,1,29,64062,6,1,0,0,3,0,74,225,0,0,0,0,0,0,0,0,0,0,0,0,0,0,1,2,55,1,3,2,1,0,0,1,62,1,1,1,51,"777777777777","777777777777","777777777777",1,0
29,290080,1,2,3,20,2,1,23,12,2,1,0,29,1,24,2,24002,2,1997,"1G8ZF1286VZ3","1","G","8","Z","F","1","2","8","6","V","Z","3",0,0,0,"000000000","00000000000",0,0,0,1,0,0,0,0,0,0,0,999,0,0,0,12,6,2,12,0,0,0,1,29,63049,6,2,0,0,3,3,66,125,0,0,0,0,0,0,0,0,0,0,0,0,0,0,1,2,30,3,5,2,1,0,0,14,62,1,1,1,51,"777777777777","777777777777","777777777777",0,1
29,290080,2,2,1,20,2,1,23,12,2,1,0,29,1,72,709,72709,80,2007,"1HD1FC4137Y6","1","H","D","1","F","C","4","1","3","7","Y","6",0,0,0,"000000000","00000000000",0,0,0,1,0,0,0,0,0,0,0,999,0,0,0,12,6,2,12,0,0,0,1,29,63050,6,1,0,0,3,0,69,205,0,0,0,0,0,0,0,0,0,4,28,0,0,0,1,2,30,2,5,2,1,0,0,14,6,16,5,2,50,"777777777777","777777777777","777777777777",1,1
29,290081,1,1,1,20,2,4,35,52,0,1,0,29,3,20,401,20401,14,1997,"1GNDT13W2V21","1","G","N","D","T","1","3","W","2","V","2","1",0,0,0,"000000000","00000000000",0,0,0,1,0,0,0,0,0,0,0,998,0,1,5,12,6,2,1,0,0,0,1,29,64012,6,1,0,0,3,0,71,185,1,1,0,1,0,1,2014,6,2015,0,0,0,0,0,3,3,65,1,1,2,1,0,0,1,13,1,1,4,1,"777777777777","777777777777","777777777777",1,1
29,290082,1,1,1,20,2,20,50,59,0,1,0,29,1,72,709,72709,80,2005,"1HD1FVW185Y6","1","H","D","1","F","V","W","1","8","5","Y","6",0,0,0,"000000000","00000000000",0,0,0,1,0,0,0,0,0,0,0,998,0,0,0,12,6,2,1,0,0,0,1,29,64746,6,1,6,0,3,0,72,216,0,0,0,0,0,0,0,0,0,0,0,0,0,0,1,2,60,1,1,2,1,0,0,1,13,1,1,4,1,"777777777777","777777777777","777777777777",1,1
29,290083,1,3,1,2,2,3,51,8,0,1,0,29,1,49,401,49401,14,2005,"JTEBT14R6500","J","T","E","B","T","1","4","R","6","5","0","0",0,0,0,"000000000","00000000000",0,0,0,1,0,0,0,0,0,0,0,998,0,0,0,12,4,3,8,0,0,0,1,29,63021,6,1,0,0,3,0,69,195,0,0,0,0,0,0,0,0,0,0,0,0,0,0,3,4,60,1,1,2,1,0,0,1,80,1,1,1,13,"777777777777","777777777777","777777777777",0,1
29,290083,2,3,1,2,2,3,51,8,0,1,0,29,2,63,401,63401,14,2008,"KNDJF724X874","K","N","D","J","F","7","2","4","X","8","7","4",0,0,0,"000000000","00000000000",0,0,0,1,0,0,0,0,0,0,0,998,0,0,0,14,2,3,8,0,0,0,1,29,63122,6,1,0,0,3,0,69,185,1,0,0,0,0,4,2013,4,2013,0,0,0,0,0,3,4,60,1,1,2,1,0,0,1,80,16,2,1,98,"777777777777","777777777777","777777777777",0,0
29,290083,3,3,1,2,2,3,51,8,0,1,0,29,1,84,884,84884,66,2015,"1HSHXSNR0FH5","1","H","S","H","X","S","N","R","0","F","H","5",1,1,57,"67746","5767746",3,6,2,1,0,0,0,0,0,0,0,998,0,0,0,14,2,3,8,0,0,0,1,29,63379,6,1,6,3,3,3,75,170,0,0,0,0,0,0,0,0,0,0,0,0,0,0,3,4,60,1,1,2,1,0,0,1,80,1,1,1,98,"999999999999","777777777777","777777777777",0,0
29,290084,1,1,3,19,2,16,30,59,0,1,0,5,2,49,50,49050,3,2008,"JTKDE1673802","J","T","K","D","E","1","6","7","3","8","0","2",0,0,0,"000000000","00000000000",0,0,0,1,0,0,0,0,0,0,0,998,0,1,5,12,6,2,1,0,0,0,1,5,72703,6,1,0,0,3,3,66,115,0,0,0,0,0,0,0,0,0,3,58,0,0,0,4,4,70,1,1,2,1,0,0,1,6,16,9,4,2,"777777777777","777777777777","777777777777",1,0
29,290085,1,1,1,26,1,19,6,8,0,1,0,29,1,20,481,20481,31,2003,"2GCEC19V0312","2","G","C","E","C","1","9","V","0","3","1","2",0,0,0,"000000000","00000000000",0,0,0,1,0,0,0,0,0,0,0,998,0,0,0,12,4,3,8,0,0,0,1,29,65803,6,1,0,0,3,0,72,200,1,0,0,0,1,9,2014,10,2014,0,0,0,0,0,5,5,40,1,1,2,1,0,0,1,80,1,1,1,13,"777777777777","777777777777","777777777777",0,0
29,290086,1,1,1,6,2,0,30,35,0,1,0,29,1,20,403,20403,14,2003,"1GCCS14H8381","1","G","C","C","S","1","4","H","8","3","8","1",0,0,0,"000000000","00000000000",0,0,0,1,0,0,0,0,0,0,0,998,0,0,0,14,6,2,35,0,0,0,1,29,65772,6,1,0,0,3,0,70,150,0,0,0,0,2,10,2014,4,2015,0,58,0,0,0,1,2,50,1,6,2,1,0,0,1,9,8,2,4,2,"777777777777","777777777777","777777777777",1,1
29,290088,1,1,1,27,2,17,45,38,0,1,0,92,0,72,706,72706,80,2015,"1HD1GPM12FC3","1","H","D","1","G","P","M","1","2","F","C","3",0,0,0,"000000000","00000000000",0,0,0,1,0,0,0,0,0,0,0,998,0,0,0,12,6,2,38,0,0,0,1,29,64015,6,1,0,0,3,3,71,175,0,0,0,0,0,0,0,0,0,3,0,0,0,0,1,2,25,3,5,2,1,0,0,14,6,16,2,4,2,"777777777777","777777777777","777777777777",1,0
29,290089,1,1,1,16,1,23,37,9,0,1,0,29,2,12,23,12023,4,2006,"3FAHP08146R1","3","F","A","H","P","0","8","1","4","6","R","1",0,0,0,"000000000","00000000000",0,0,0,1,0,0,0,0,0,0,0,998,0,1,5,12,6,2,9,0,0,0,1,29,65807,2,1,0,0,2,0,74,185,0,3,0,1,0,1,2014,8,2015,3,0,0,0,0,5,3,35,1,5,2,1,0,0,1,83,6,1,3,13,"777777777777","777777777777","777777777777",0,0
29,290090,1,2,1,29,1,15,46,12,2,1,0,29,1,50,709,50709,80,2015,"SMTE07BF8FT6","S","M","T","E","0","7","B","F","8","F","T","6",0,0,0,"000000000","00000000000",0,0,0,1,0,0,0,0,0,0,0,998,0,0,0,12,6,2,12,0,0,0,1,29,65803,6,1,0,0,3,3,72,280,0,0,0,0,0,0,0,0,0,0,0,0,0,0,5,5,40,1,1,8,1,0,0,1,71,6,1,2,83,"777777777777","777777777777","777777777777",1,0
29,290090,2,2,1,29,1,15,46,12,2,1,0,29,3,20,37,20037,4,2013,"1G11A5SA9DF3","1","G","1","1","A","5","S","A","9","D","F","3",0,0,0,"000000000","00000000000",0,0,0,1,0,0,0,0,0,0,0,998,0,0,0,12,6,2,12,0,0,0,1,29,65704,6,1,0,0,3,3,71,165,0,0,0,0,0,0,0,0,0,0,38,0,0,0,0,0,0,0,0,0,0,0,0,11,15,1,1,1,82,"777777777777","777777777777","777777777777",0,0
29,290091,1,1,2,25,2,11,50,21,0,1,0,29,1,12,17,12017,4,1999,"1FAFP53U6XA1","1","F","A","F","P","5","3","U","6","X","A","1",0,0,0,"000000000","00000000000",0,0,0,1,0,0,0,0,0,0,0,55,0,0,0,12,6,2,21,0,0,0,1,29,65704,6,1,0,0,3,0,66,250,3,0,0,0,1,2,2012,2,2016,0,6,0,0,0,1,2,55,3,1,2,1,0,0,14,13,1,1,4,1,"777777777777","777777777777","777777777777",1,0
29,290092,1,1,1,28,2,17,50,1,0,1,0,29,1,53,709,53709,80,1998,"JS1VS53AXW21","J","S","1","V","S","5","3","A","X","W","2","1",0,0,0,"000000000","00000000000",0,0,0,1,0,0,0,0,0,0,0,998,0,0,0,0,4,5,1,0,0,0,1,29,65046,6,1,0,0,3,0,68,240,0,0,0,0,0,0,0,0,0,4,0,0,0,0,1,2,55,3,5,2,1,0,0,14,6,1,5,4,2,"777777777777","777777777777","777777777777",1,0
29,290093,1,1,1,28,2,21,40,1,0,1,0,29,3,12,401,12401,14,2001,"1FMYU60E61UA","1","F","M","Y","U","6","0","E","6","1","U","A",0,0,0,"000000000","00000000000",0,0,0,1,0,0,0,0,0,0,0,998,0,1,5,0,6,2,1,0,0,0,1,29,63645,6,2,0,0,3,3,64,130,0,0,0,0,0,0,0,0,0,4,0,0,0,0,1,2,50,3,1,4,1,0,0,14,6,1,4,4,7,"777777777777","777777777777","777777777777",1,0
29,290094,1,1,1,26,2,22,49,59,0,1,0,29,2,12,21,12021,4,2006,"1FAFP23136G1","1","F","A","F","P","2","3","1","3","6","G","1",0,0,0,"000000000","00000000000",0,0,0,1,0,0,0,0,0,0,0,998,0,1,5,7,6,2,42,0,0,0,1,29,64057,1,1,0,0,2,0,72,170,0,0,0,0,0,0,0,0,0,0,0,0,0,0,2,2,50,4,1,2,1,0,0,14,9,99,3,4,2,"777777777777","777777777777","777777777777",1,1
29,290095,1,2,2,15,1,21,0,12,2,1,0,29,4,30,40,30040,4,2015,"3VW2K7AJ7FM2","3","V","W","2","K","7","A","J","7","F","M","2",0,0,0,"000000000","00000000000",0,0,0,1,0,0,0,0,0,0,0,998,0,0,0,12,6,2,12,0,0,0,1,29,63021,6,1,0,0,3,0,70,160,0,0,0,0,0,0,0,0,0,0,28,0,0,0,1,2,35,2,1,1,1,0,0,14,10,1,1,2,50,"777777777777","777777777777","777777777777",1,0
29,290095,2,2,1,15,1,21,0,12,2,1,0,29,1,30,40,30040,4,2007,"3VWXJ71KX7M0","3","V","W","X","J","7","1","K","X","7","M","0",0,0,0,"000000000","00000000000",0,0,0,1,0,0,0,0,0,0,0,998,0,0,0,12,6,2,12,0,0,0,1,55,53546,6,1,0,0,3,0,70,155,0,0,0,1,0,6,2012,6,2012,0,0,0,0,0,1,2,35,3,1,1,1,0,0,14,63,1,1,1,51,"777777777777","777777777777","777777777777",0,0
29,290096,1,1,1,26,2,10,52,8,0,1,1,92,0,20,2,20002,4,2008,"2G1WB58K7812","2","G","1","W","B","5","8","K","7","8","1","2",0,0,0,"000000000","00000000000",0,0,0,1,0,0,0,0,0,0,0,60,0,0,0,12,6,2,8,0,0,0,1,29,63121,2,1,0,0,2,0,63,124,0,5,0,0,0,1,2014,9,2014,3,0,0,0,0,5,3,30,1,6,2,1,0,0,1,80,6,1,1,13,"777777777777","777777777777","777777777777",0,0
29,290097,1,1,1,27,2,23,30,43,0,1,0,29,1,2,404,2404,14,2004,"1J4GW58N84C1","1","J","4","G","W","5","8","N","8","4","C","1",0,0,0,"000000000","00000000000",0,0,0,1,0,0,0,0,0,0,0,998,0,1,5,4,6,2,1,0,0,0,1,29,63332,6,1,0,0,3,0,67,140,0,0,0,2,0,1,2013,10,2014,0,28,0,0,0,1,2,30,3,1,2,1,0,0,14,13,1,1,4,1,"777777777777","777777777777","777777777777",1,1
29,290098,1,2,2,29,1,15,25,12,6,1,0,29,1,14,6,14006,4,2008,"2MEFM75VX8X6","2","M","E","F","M","7","5","V","X","8","X","6",0,0,0,"000000000","00000000000",0,0,0,1,0,0,0,0,0,0,0,998,0,0,0,11,6,2,12,0,0,0,1,29,65483,6,1,0,0,3,3,60,140,0,0,0,0,0,0,0,0,0,0,38,0,0,0,1,2,25,1,1,2,1,20,3,1,17,1,1,1,89,"777777777777","777777777777","777777777777",0,0
29,290098,2,2,2,29,1,15,25,12,6,1,0,29,1,72,709,72709,80,2002,"1HD1FLW182Y6","1","H","D","1","F","L","W","1","8","2","Y","6",0,0,0,"000000000","00000000000",0,0,0,1,0,0,0,0,0,0,0,998,0,0,0,12,6,2,12,0,0,0,1,29,65775,6,1,0,0,3,3,68,200,0,0,0,0,0,0,0,0,0,0,0,0,0,0,5,5,55,1,1,2,1,0,0,1,66,16,2,1,88,"777777777777","777777777777","777777777777",2,1
29,290099,1,1,2,10,1,16,42,33,0,1,0,29,2,18,3,18003,4,1997,"1G4CW52K0V46","1","G","4","C","W","5","2","K","0","V","4","6",0,0,0,"000000000","00000000000",0,0,0,1,0,0,0,0,0,0,0,998,0,0,0,12,6,2,38,0,0,0,1,29,63107,6,1,0,0,3,0,66,130,0,0,0,0,1,11,2015,11,2015,3,0,0,0,0,1,4,30,1,1,2,2,0,0,1,6,1,1,4,6,"777777777777","777777777777","777777777777",1,0
29,290100,1,2,1,1,2,16,0,12,6,1,0,29,1,55,33,55033,4,2013,"5NPEB4AC0DH7","5","N","P","E","B","4","A","C","0","D","H","7",0,0,0,"000000000","00000000000",0,0,0,1,0,0,0,0,0,0,0,998,0,0,0,12,6,2,12,0,0,0,1,29,64082,6,1,0,0,3,0,68,175,0,0,0,0,0,0,0,0,0,0,0,0,0,0,1,2,45,1,1,2,1,0,0,1,62,1,1,1,65,"777777777777","777777777777","777777777777",0,0
29,290100,2,2,3,1,2,16,0,12,6,1,0,29,1,35,43,35043,4,2005,"3N1CB51D05L5","3","N","1","C","B","5","1","D","0","5","L","5",0,0,0,"000000000","00000000000",0,0,0,1,0,0,0,0,0,0,0,998,0,1,5,3,6,2,1,0,0,0,1,29,64081,6,2,0,0,3,2,69,160,1,0,0,0,2,9,2013,12,2015,3,28,58,73,0,1,2,45,1,1,2,1,0,0,1,10,6,4,2,64,"777777777777","777777777777","777777777777",2,0