"STATE","ST_CASE","VEH_NO","VE_FORMS","NUMOCCS","DAY","MONTH","HOUR","MINUTE","HARM_EV","MAN_COLL","UNITTYPE","HIT_RUN","REG_STAT","OWNER","MAKE","MODEL","MAK_MOD","BODY_TYP","MOD_YEAR","VIN","VIN_1","VIN_2","VIN_3","VIN_4","VIN_5","VIN_6","VIN_7","VIN_8","VIN_9","VIN_10","VIN_11","VIN_12","TOW_VEH","J_KNIFE","MCARR_I1","MCARR_I2","MCARR_ID","GVWR","V_CONFIG","CARGO_BT","HAZ_INV","HAZ_PLAC","HAZ_ID","HAZ_CNO","HAZ_REL","BUS_USE","SPEC_USE","EMER_USE","TRAV_SP","UNDERIDE","ROLLOVER","ROLINLOC","IMPACT1","DEFORMED","TOWED","M_HARM","VEH_SC1","VEH_SC2","FIRE_EXP","DR_PRES","L_STATE","DR_ZIP","L_STATUS","L_TYPE","CDL_STAT","L_ENDORS","L_COMPL","L_RESTRI","DR_HGT","DR_WGT","PREV_ACC","PREV_SUS","PREV_DWI","PREV_SPD","PREV_OTH","FIRST_MO","FIRST_YR","LAST_MO","LAST_YR","SPEEDREL","DR_SF1","DR_SF2","DR_SF3","DR_SF4","VTRAFWAY","VNUM_LAN","VSPD_LIM","VALIGN","VPROFILE","VPAVETYP","VSURCOND","VTRAFCON","VTCONT_F","P_CRASH1","P_CRASH2","P_CRASH3","PCRASH4","PCRASH5","ACC_TYPE","TRLR1VIN","TRLR2VIN","TRLR3VIN","DEATHS","DR_DRINK"
29,290179,2,3,2,24,3,0,45,12,99,1,0,29,2,48,38,48038,4,2003,"JF1GD29633G5","J","F","1","G","D","2","9","6","3","3","G","5",0,0,0,"000000000","00000000000",0,0,0,1,0,0,0,0,0,0,0,0,0,0,0,6,6,2,2,0,0,1,1,29,63116,6,1,6,0,3,3,73,240,0,0,0,2,0,7,2014,11,2015,0,0,0,0,0,1,4,30,1,1,2,1,3,3,5,78,1,1,1,99,"777777777777","777777777777","777777777777",2,0
29,290179,3,3,1,24,3,0,45,12,99,1,0,29,1,49,50,49050,3,2007,"JTKDE1771701","J","T","K","D","E","1","7","7","1","7","0","1",0,0,0,"000000000","00000000000",0,0,0,1,0,0,0,0,0,0,0,0,0,0,0,11,6,2,12,0,0,0,1,29,63126,6,1,0,0,3,3,69,150,0,0,0,0,0,0,0,0,0,0,0,0,0,0,1,4,30,1,1,2,1,3,3,5,78,1,1,1,98,"777777777777","777777777777","777777777777",0,0
29,290180,1,1,1,28,3,19,40,35,0,1,0,29,1,12,481,12481,31,1992,"1FTEF14N3NPA","1","F","T","E","F","1","4","N","3","N","P","A",0,0,0,"000000000","00000000000",0,0,0,1,0,0,0,0,0,0,0,998,0,1,5,12,6,2,1,0,0,0,1,29,65203,6,1,0,0,3,0,68,185,0,0,0,0,0,0,0,0,0,4,58,0,0,0,1,2,35,3,5,4,1,0,0,14,6,6,9,4,2,"777777777777","777777777777","777777777777",1,1
29,290181,1,1,2,31,3,7,13,33,0,1,0,29,2,12,481,12481,31,2001,"1FTRX17W11NB","1","F","T","R","X","1","7","W","1","1","N","B",0,0,0,"000000000","00000000000",0,0,0,1,0,0,0,0,0,0,0,998,0,0,0,14,6,2,46,0,0,0,1,29,65807,1,1,0,0,2,0,70,170,0,0,0,0,0,0,0,0,0,0,99,99,99,99,2,2,45,1,1,2,1,3,3,15,9,99,1,4,1,"777777777777","777777777777","777777777777",1,0
29,290182,1,3,2,3,4,15,20,7,0,1,0,17,2,23,431,23431,16,2002,"1GKFK66U02J2","1","G","K","F","K","6","6","U","0","2","J","2",0,0,0,"000000000","00000000000",0,0,0,1,0,0,0,0,0,0,0,998,0,0,0,0,9,5,7,0,0,0,1,29,63120,6,1,0,0,3,0,73,185,1,0,0,0,0,7,2012,7,2012,0,0,0,0,0,3,4,55,1,1,2,1,0,0,1,3,1,1,1,0,"777777777777","777777777777","777777777777",0,0
29,290182,2,3,2,3,4,15,20,7,0,1,0,29,1,49,403,49403,14,2007,"JTEEP21A5702","J","T","E","E","P","2","1","A","5","7","0","2",0,0,0,"000000000","00000000000",0,0,0,1,0,0,0,0,0,0,0,998,0,0,0,13,6,2,25,0,0,0,1,29,63141,6,1,0,0,3,0,68,200,0,0,0,0,0,0,0,0,0,0,0,0,0,0,3,4,55,1,1,2,1,0,0,1,98,1,1,1,98,"777777777777","777777777777","777777777777",1,0
29,290182,3,3,2,3,4,15,20,7,0,1,0,29,1,22,20,22020,2,1999,"1G2WR1215XF2","1","G","2","W","R","1","2","1","5","X","F","2",0,0,0,"000000000","00000000000",0,0,0,1,0,0,0,0,0,0,0,998,0,0,0,12,6,2,54,0,0,0,1,29,63137,6,1,0,0,3,0,72,190,3,0,0,0,0,9,2011,3,2015,0,0,0,0,0,3,4,55,1,1,2,1,0,0,1,98,1,1,1,98,"777777777777","777777777777","777777777777",0,0
29,290183,1,1,1,3,4,17,54,9,0,1,0,29,1,59,31,59031,4,2002,"JTHBF30G5250","J","T","H","B","F","3","0","G","5","2","5","0",0,0,0,"000000000","00000000000",0,0,0,1,0,0,0,0,0,0,0,47,0,0,0,12,4,3,9,0,0,0,1,29,64116,6,1,0,0,3,0,73,200,2,0,0,2,0,8,2011,8,2014,0,28,0,0,0,1,4,25,1,1,2,1,0,0,1,83,1,1,2,13,"777777777777","777777777777","777777777777",0,0
29,290185,1,1,1,10,4,1,48,8,0,1,0,29,1,12,23,12023,4,2010,"3FAHP0HG5AR1","3","F","A","H","P","0","H","G","5","A","R","1",0,0,0,"000000000","00000000000",0,0,0,1,0,0,0,0,0,0,0,998,0,0,0,12,6,2,8,0,0,0,1,29,64504,6,1,0,0,3,0,69,140,0,0,0,0,0,0,0,0,0,3,91,0,0,0,4,2,55,3,1,2,1,0,0,14,80,99,1,4,13,"777777777777","777777777777","777777777777",0,1
29,290186,1,1,1,13,4,0,3,8,0,1,1,99,9,59,31,59031,4,2015,"JTHBK1GG1F21","J","T","H","B","K","1","G","G","1","F","2","1",0,0,0,"000000000","00000000000",0,0,0,1,0,0,0,0,0,0,0,998,0,0,0,1,9,5,8,0,0,0,1,99,99999,9,9,99,9,9,9,999,999,99,99,99,99,99,99,9999,99,9999,3,99,99,99,99,1,4,35,1,1,2,1,0,0,1,80,99,1,1,13,"777777777777","777777777777","777777777777",0,0
29,290187,1,1,1,8,4,8,23,31,0,1,0,29,1,63,34,63034,4,2008,"KNAGE1231852","K","N","A","G","E","1","2","3","1","8","5","2",0,0,0,"000000000","00000000000",0,0,0,1,0,0,0,0,0,0,0,998,0,0,0,1,9,3,42,0,0,0,1,29,63123,6,1,0,0,3,0,72,275,0,0,0,0,0,0,0,0,0,0,0,0,0,0,5,5,40,2,1,2,1,0,0,14,9,99,1,4,6,"777777777777","777777777777","777777777777",1,0
29,290188,1,1,3,16,4,18,45,8,0,1,0,29,1,12,401,12401,14,2016,"1FM5K8F80GGA","1","F","M","5","K","8","F","8","0","G","G","A",0,0,0,"000000000","00000000000",0,0,0,1,0,0,0,0,0,0,0,998,0,0,0,12,9,5,8,0,0,0,1,29,63011,6,1,0,0,3,3,68,140,0,0,0,0,0,0,0,0,0,0,38,0,0,0,5,3,45,1,5,2,1,0,0,11,80,1,1,1,13,"777777777777","777777777777","777777777777",0,0
29,290189,1,1,1,26,3,2,35,8,0,1,0,29,1,12,37,12037,5,2013,"1FADP3K22DL1","1","F","A","D","P","3","K","2","2","D","L","1",0,0,0,"000000000","00000000000",0,0,0,1,0,0,0,0,0,0,0,50,0,0,0,12,6,2,8,0,0,0,1,29,63640,6,1,0,0,3,3,65,115,0,0,0,1,0,10,2012,10,2012,0,0,0,0,0,3,3,60,1,5,2,1,0,0,15,80,8,1,2,13,"777777777777","777777777777","777777777777",0,0
29,290190,1,1,3,26,3,0,35,34,0,1,0,29,2,20,37,20037,4,2008,"1G1ZS58F48F1","1","G","1","Z","S","5","8","F","4","8","F","1",0,0,0,"000000000","00000000000",0,0,0,1,0,0,0,0,0,0,0,63,0,1,5,12,6,2,1,0,0,0,1,29,65254,6,2,0,0,3,2,73,175,0,0,0,0,0,0,0,0,0,0,58,73,0,0,1,2,55,1,6,2,1,0,0,1,13,6,1,4,1,"777777777777","777777777777","777777777777",1,0
29,290191,1,2,2,27,3,0,56,12,1,1,0,92,0,20,25,20025,4,2014,"1G1PC5SB6E71","1","G","1","P","C","5","S","B","6","E","7","1",0,0,0,"000000000","00000000000",0,0,0,1,0,0,0,0,0,0,0,998,0,0,0,12,6,2,12,0,0,0,1,29,63048,6,1,0,0,3,0,64,175,0,0,0,0,0,0,0,0,0,0,27,0,0,0,3,5,65,1,1,1,1,0,0,1,50,1,1,1,20,"777777777777","777777777777","777777777777",1,1
29,290191,2,2,1,27,3,0,56,12,1,1,0,29,1,12,442,12442,20,2000,"2FMZA5245YBA","2","F","M","Z","A","5","2","4","5","Y","B","A",0,0,0,"000000000","00000000000",0,0,0,1,0,0,0,0,0,0,0,0,0,0,0,6,6,2,12,0,0,1,1,29,63010,1,1,0,0,2,0,64,140,1,1,1,0,1,7,2014,3,2016,0,54,0,0,0,3,5,65,1,1,1,1,0,0,5,53,1,1,1,21,"777777777777","777777777777","777777777777",0,1
29,290192,1,1,2,27,3,14,15,58,0,1,0,35,1,12,24,12024,6,2015,"2FMTK3J96FBB","2","F","M","T","K","3","J","9","6","F","B","B",0,0,0,"000000000","00000000000",0,0,0,1,0,0,0,0,0,0,0,66,0,1,5,14,6,2,1,0,0,0,1,35,87015,6,1,0,0,3,0,74,250,98,0,0,0,0,0,0,0,0,0,0,0,0,0,1,2,65,1,5,2,1,0,0,1,13,1,1,4,1,"777777777777","777777777777","777777777777",1,0
29,290193,1,3,1,29,3,16,20,12,1,1,0,29,3,87,881,87881,66,1992,"1XP5DB9X5ND3","1","X","P","5","D","B","9","X","5","N","D","3",1,1,88,"888888888","88888888888",3,6,97,1,0,0,0,0,0,0,0,999,0,0,0,12,6,2,12,0,0,0,1,29,64843,6,1,6,0,3,0,65,190,0,0,0,0,1,4,2015,4,2015,0,0,0,0,0,1,2,55,1,6,2,1,0,0,1,50,1,1,1,20,"11978","777777777777","777777777777",0,0
29,290193,2,3,1,29,3,16,20,12,1,1,0,29,2,12,3,12003,2,1965,"5F07197022","5","F","0","7","1","9","7","0","2","2","","",0,0,0,"000000000","00000000000",0,0,0,1,0,0,0,0,0,0,0,0,0,1,5,6,6,2,12,0,0,0,1,29,64834,6,1,0,0,3,3,70,140,0,0,0,0,0,0,0,0,0,0,0,0,0,0,1,2,55,1,6,2,1,0,0,5,53,1,1,1,21,"777777777777","777777777777","777777777777",1,0
29,290193,3,3,1,29,3,16,20,12,1,1,0,29,1,37,31,37031,2,2008,"2HGFG21538H7","2","H","G","F","G","2","1","5","3","8","H","7",0,0,0,"000000000","00000000000",0,0,0,1,0,0,0,0,0,0,0,999,0,0,0,12,2,5,54,0,0,0,1,29,64801,6,1,0,0,3,0,73,200,0,0,0,0,0,0,0,0,0,0,0,0,0,0,1,2,55,1,6,2,1,0,0,1,98,1,1,1,98,"777777777777","777777777777","777777777777",0,0
29,290194,1,1,3,3,4,3,30,43,0,1,0,29,1,22,22,22022,4,2006,"1G2ZG5589642","1","G","2","Z","G","5","5","8","9","6","4","2",0,0,0,"000000000","00000000000",0,0,0,1,0,0,0,0,0,0,0,998,0,1,5,6,6,2,1,0,0,0,1,29,65069,6,1,0,0,3,0,73,195,0,0,0,1,1,7,2013,2,2015,3,58,0,0,0,1,2,55,1,6,2,1,0,0,1,6,1,4,4,7,"777777777777","777777777777","777777777777",1,1
29,290195,1,1,1,4,4,21,14,59,0,1,0,31,1,6,54,6054,6,2004,"2C8GF68424R1","2","C","8","G","F","6","8","4","2","4","R","1",0,0,0,"000000000","00000000000",0,0,0,1,0,0,0,0,0,0,0,998,0,0,0,12,6,2,42,0,0,0,1,29,65775,6,1,0,0,3,0,72,225,0,0,0,0,0,0,0,0,0,0,0,0,0,0,1,2,55,2,6,2,2,0,0,14,12,1,1,4,6,"777777777777","777777777777","777777777777",1,0
29,290196,1,1,1,5,4,19,44,42,0,1,0,29,2,22,22,22022,4,2007,"1G2ZH58N7742","1","G","2","Z","H","5","8","N","7","7","4","2",0,0,0,"000000000","00000000000",0,0,0,1,0,0,0,0,0,0,0,998,0,0,0,98,6,2,42,0,0,0,1,29,63638,6,2,0,0,3,2,68,140,0,0,0,0,0,0,0,0,0,0,58,73,0,0,1,2,55,3,6,2,1,0,0,14,13,6,3,4,2,"777777777777","777777777777","777777777777",1,0
29,290197,1,1,1,7,4,16,0,34,0,1,0,29,1,51,46,51046,4,2006,"YV1MS3826621","Y","V","1","M","S","3","8","2","6","6","2","1",0,0,0,"000000000","00000000000",0,0,0,1,0,0,0,0,0,0,0,998,0,1,5,14,6,2,1,0,0,0,1,29,63771,6,1,6,0,3,0,66,175,0,0,0,0,0,0,0,0,0,0,0,0,0,0,1,2,60,1,1,2,1,0,0,1,12,1,1,4,6,"777777777777","777777777777","777777777777",1,0
29,290198,1,1,1,7,4,9,15,8,0,1,0,29,2,30,46,30046,6,2003,"WVWWH63B93E1","W","V","W","W","H","6","3","B","9","3","E","1",0,0,0,"000000000","00000000000",0,0,0,1,0,0,0,0,0,0,0,45,0,0,0,12,4,5,8,0,0,0,1,29,65041,6,1,0,0,3,3,71,180,0,0,0,0,0,0,0,0,0,4,38,39,0,0,1,2,55,1,6,2,1,20,3,1,80,1,1,1,13,"777777777777","777777777777","777777777777",0,0
29,290199,1,1,2,8,4,22,22,59,0,1,0,5,2,55,33,55033,4,2000,"KMHWF35V2YA2","K","M","H","W","F","3","5","V","2","Y","A","2",0,0,0,"000000000","00000000000",0,0,0,1,0,0,0,0,0,0,0,88,0,1,5,5,6,2,1,0,0,0,1,29,72601,0,0,0,0,0,0,70,145,2,0,0,0,0,9,2013,10,2015,3,0,0,0,0,1,2,55,3,6,2,1,0,0,14,12,6,4,4,6,"777777777777","777777777777","777777777777",1,1
29,290200,1,3,1,9,4,16,40,12,1,1,0,29,1,7,482,7482,31,2001,"3B7KF23731G2","3","B","7","K","F","2","3","7","3","1","G","2",1,1,0,"000000000","00000000000",0,0,0,1,0,0,0,0,0,0,0,0,0,0,0,6,2,5,12,0,0,0,1,29,64840,6,1,0,0,3,0,72,250,0,0,0,0,0,0,0,0,0,0,0,0,0,0,1,2,55,1,1,2,1,0,0,5,53,1,1,1,21,"DRXMVB002334","777777777777","777777777777",0,0
29,290200,2,3,1,9,4,16,40,12,1,1,0,40,1,12,481,12481,31,1998,"1FTZX176XWKA","1","F","T","Z","X","1","7","6","X","W","K","A",0,0,0,"000000000","00000000000",0,0,0,1,0,0,0,0,0,0,0,999,0,0,0,12,6,2,12,0,0,0,1,29,74107,6,1,0,0,3,3,76,205,0,0,0,0,0,0,0,0,0,0,26,0,0,0,1,2,55,1,1,2,1,0,0,1,50,9,2,1,20,"777777777777","777777777777","777777777777",0,0
29,290200,3,3,2,9,4,16,40,12,1,1,0,29,1,20,481,20481,31,1977,"CKL147Z20012","C","K","L","1","4","7","Z","2","0","0","1","2",0,0,0,"000000000","00000000000",0,0,0,1,0,0,0,0,0,0,0,999,0,0,0,12,6,2,12,0,0,0,1,29,64836,6,1,6,0,3,3,68,145,0,0,0,0,0,0,0,0,0,0,58,0,0,0,1,2,55,1,1,2,1,0,0,1,62,7,1,1,98,"777777777777","777777777777","777777777777",1,1
29,290201,1,2,1,9,4,20,50,12,1,1,0,29,1,53,706,53706,80,2002,"JS1GW71A9221","J","S","1","G","W","7","1","A","9","2","2","1",0,0,0,"000000000","00000000000",0,0,0,1,0,0,0,0,0,0,0,998,0,0,0,12,6,2,12,0,0,0,1,29,63031,1,1,0,0,2,0,70,170,0,0,0,0,0,0,0,0,0,3,0,0,0,0,3,5,60,1,1,2,1,0,0,1,51,1,1,1,24,"777777777777","777777777777","777777777777",1,1
29,290201,2,2,1,9,4,20,50,12,1,1,0,92,0,37,31,37031,4,2001,"1HGES26721L0","1","H","G","E","S","2","6","7","2","1","L","0",0,0,0,"000000000","00000000000",0,0,0,1,0,0,0,0,0,0,0,998,0,0,0,6,6,2,12,0,0,0,1,17,62203,6,1,0,0,3,0,62,130,0,0,0,1,0,12,2015,12,2015,0,0,0,0,0,3,5,60,1,1,2,1,0,0,15,53,1,1,2,25,"777777777777","777777777777","777777777777",0,0
29,290202,1,2,1,9,4,22,25,12,2,1,0,29,1,35,47,35047,4,2013,"1N4AL3AP5DC1","1","N","4","A","L","3","A","P","5","D","C","1",0,0,0,"000000000","00000000000",0,0,0,1,0,0,0,0,0,0,0,998,0,0,0,12,6,2,12,0,0,0,1,29,63304,2,1,0,0,2,3,64,135,2,10,0,1,1,9,2011,2,2015,0,28,0,0,0,1,2,55,1,1,2,1,0,0,1,10,1,1,2,50,"777777777777","777777777777","777777777777",0,1
29,290202,2,2,1,9,4,22,25,12,2,1,0,29,2,49,401,49401,14,2007,"JTEBT17R8780","J","T","E","B","T","1","7","R","8","7","8","0",0,0,0,"000000000","00000000000",0,0,0,1,0,0,0,0,0,0,0,998,0,1,5,12,6,2,12,0,0,0,1,29,63385,6,1,0,0,3,0,70,210,0,0,0,1,0,7,2014,7,2014,0,0,0,0,0,1,2,55,1,1,2,1,0,0,1,62,7,1,1,51,"777777777777","777777777777","777777777777",1,1
29,290203,1,1,2,10,4,17,10,42,0,1,0,29,1,99,739,99739,90,2006,"4UF06ATV46T2","4","U","F","0","6","A","T","V","4","6","T","2",0,0,0,"000000000","00000000000",0,0,0,1,0,0,0,0,0,0,0,998,0,0,0,12,4,5,42,0,0,0,1,29,65681,6,1,0,0,3,3,73,175,0,0,0,0,0,0,0,0,0,4,0,0,0,0,1,2,35,2,6,4,1,0,0,14,6,1,2,4,7,"777777777777","777777777777","777777777777",1,0
29,290204,1,1,1,14,4,21,55,1,0,1,0,29,2,76,705,76705,80,2008,"JYARJ06E58A0","J","Y","A","R","J","0","6","E","5","8","A","0",0,0,0,"000000000","00000000000",0,0,0,1,0,0,0,0,0,0,0,998,0,0,0,0,6,2,1,0,0,0,1,29,65301,6,1,0,0,3,0,71,160,2,0,0,0,0,10,2013,7,2014,3,0,0,0,0,1,2,60,3,6,2,1,0,0,14,13,1,1,4,1,"777777777777","777777777777","777777777777",1,0
29,290205,1,4,1,14,4,12,19,12,6,1,0,29,1,20,2,20002,4,2007,"2G1WT58KX793","2","G","1","W","T","5","8","K","X","7","9","3",0,0,0,"000000000","00000000000",0,0,0,1,0,0,0,0,0,0,0,998,0,0,0,12,6,2,12,0,0,0,1,29,64079,6,1,0,0,3,3,62,140,0,0,0,0,0,0,0,0,0,0,50,0,0,0,3,2,70,1,1,2,1,0,0,1,54,1,1,1,66,"777777777777","777777777777","777777777777",1,0
29,290205,2,4,1,14,4,12,19,12,6,1,0,31,1,37,421,37421,15,2005,"2HKYF18505H5","2","H","K","Y","F","1","8","5","0","5","H","5",0,0,0,"000000000","00000000000",0,0,0,1,0,0,0,0,0,0,0,75,0,1,1,4,6,2,1,0,0,0,1,31,68131,6,1,0,0,3,3,69,170,0,0,0,0,0,0,0,0,0,0,0,0,0,0,3,2,70,1,1,2,1,0,0,1,54,6,1,1,66,"777777777777","777777777777","777777777777",0,0
29,290205,3,4,1,14,4,12,19,12,6,1,0,42,3,87,884,87884,66,2015,"1XPBDP9X7FD2","1","X","P","B","D","P","9","X","7","F","D","2",1,1,57,"10571","5710571",3,6,2,1,0,0,0,0,0,0,0,68,0,0,0,12,6,2,12,0,0,0,1,19,66106,6,1,6,0,3,3,70,240,0,0,0,0,0,0,0,0,0,0,0,0,0,0,3,2,70,1,1,2,1,0,0,1,54,1,1,1,98,"1S9T04320E00","777777777777","777777777777",0,0
29,290205,4,4,1,14,4,12,19,12,6,1,0,29,1,87,884,87884,66,2002,"1XP5DB9X52N5","1","X","P","5","D","B","9","X","5","2","N","5",1,3,57,"956710","57956710",3,6,1,1,0,0,0,0,0,0,0,998,0,0,0,12,6,2,12,0,0,0,1,29,63965,6,1,6,0,3,3,72,215,0,0,0,1,1,6,2014,12,2014,0,0,0,0,0,3,2,70,1,1,2,1,0,0,1,54,1,1,1,98,"1UYVS2536GU4","777777777777","777777777777",0,0
29,290206,1,2,1,8,4,16,19,12,8,1,0,29,1,2,404,2404,14,1993,"1J4GZ78S3PC6","1","J","4","G","Z","7","8","S","3","P","C","6",0,0,0,"000000000","00000000000",0,0,0,1,0,0,0,0,0,0,0,998,0,0,0,11,6,2,12,0,0,0,1,29,65667,6,1,6,0,3,0,72,165,0,0,0,0,0,0,0,0,0,0,28,0,0,0,1,2,40,1,1,2,1,0,0,1,10,99,1,2,64,"777777777777","777777777777","777777777777",1,0
29,290206,2,2,1,8,4,16,19,12,8,1,0,29,2,23,481,23481,31,1993,"2GTEK19K5P15","2","G","T","E","K","1","9","K","5","P","1","5",0,0,0,"000000000","00000000000",0,0,0,1,0,0,0,0,0,0,0,998,0,0,0,8,6,2,12,0,0,0,1,29,65065,6,1,0,0,3,0,71,180,0,0,0,0,0,0,0,0,0,0,0,0,0,0,1,2,40,1,1,2,1,0,0,1,62,7,1,1,65,"777777777777","777777777777","777777777777",0,0
29,290207,1,2,3,9,4,14,11,12,2,1,0,17,2,20,404,20404,14,2007,"2CNDL73F7760","2","C","N","D","L","7","3","F","7","7","6","0",0,0,0,"000000000","00000000000",0,0,0,1,0,0,0,0,0,0,0,998,0,0,0,12,6,2,12,0,0,0,1,29,63111,3,1,0,0,2,0,62,130,0,0,0,0,0,0,0,0,0,0,99,99,99,99,3,3,45,1,1,1,1,3,3,1,62,99,1,1,69,"777777777777","777777777777","777777777777",1,0
29,290207,2,2,1,9,4,14,11,12,2,1,0,29,1,21,20,21020,4,1995,"1G3AJ55MXS64","1","G","3","A","J","5","5","M","X","S","6","4",0,0,0,"000000000","00000000000",0,0,0,1,0,0,0,0,0,0,0,998,0,0,0,12,6,2,12,0,0,0,1,29,63011,6,1,0,0,3,3,71,240,1,0,0,0,0,5,2013,5,2013,0,99,99,99,99,3,3,45,1,1,1,1,3,3,11,15,99,1,1,68,"777777777777","777777777777","777777777777",0,0
29,290208,1,1,5,17,4,15,52,42,0,1,0,29,1,41,51,41051,4,2004,"JM1BK1238411","J","M","1","B","K","1","2","3","8","4","1","1",0,0,0,"000000000","00000000000",0,0,0,1,0,0,0,0,0,0,0,998,0,0,0,12,9,5,42,0,0,0,1,29,63034,6,2,0,0,3,2,65,121,0,0,0,0,0,0,0,0,0,3,73,0,0,0,1,2,35,1,6,2,1,0,0,1,6,1,9,4,15,"777777777777","777777777777","777777777777",1,0
29,290209,1,1,1,23,4,2,44,33,0,1,0,29,2,54,35,54035,4,2005,"19UUA66275A0","1","9","U","U","A","6","6","2","7","5","A","0",0,0,0,"000000000","00000000000",0,0,0,1,0,0,0,0,0,0,0,998,0,0,0,14,6,2,42,0,0,0,1,29,63141,6,2,0,0,3,2,72,170,0,0,0,0,0,0,0,0,0,3,73,0,0,0,1,2,30,1,5,1,1,0,0,1,6,1,1,4,1,"777777777777","777777777777","777777777777",1,1
29,290210,1,1,1,13,3,20,57,33,0,1,0,29,1,6,441,6441,20,2010,"2A4RR4DE7AR2","2","A","4","R","R","4","D","E","7","A","R","2",0,0,0,"000000000","00000000000",0,0,0,1,0,0,0,0,0,0,0,998,0,0,0,12,6,2,30,0,0,0,1,29,63112,6,1,0,0,3,0,66,175,0,0,0,0,0,0,0,0,0,4,0,0,0,0,5,5,25,1,1,2,1,3,3,1,6,99,9,4,15,"777777777777","777777777777","777777777777",1,1
29,290211,1,1,1,9,3,15,18,8,0,1,0,93,3,51,881,51881,66,2005,"4V4MC9GH65N3","4","V","4","M","C","9","G","H","6","5","N","3",1,1,57,"232734","57232734",3,6,11,1,0,0,0,0,0,0,0,998,0,0,0,12,9,5,8,0,0,0,1,29,63125,6,1,6,0,3,0,74,180,0,0,0,0,0,0,0,0,0,0,0,0,0,0,3,4,60,1,1,1,1,0,0,1,80,16,1,1,13,"888888888888","777777777777","777777777777",0,0
29,290212,1,2,2,28,3,14,55,12,6,1,0,29,1,2,403,2403,14,2008,"1J4FA54178L6","1","J","4","F","A","5","4","1","7","8","L","6",0,0,0,"000000000","00000000000",0,0,0,1,0,0,0,0,0,0,0,998,0,0,0,4,6,2,12,0,0,0,1,29,65203,6,1,0,0,3,0,63,145,0,0,0,0,0,0,0,0,0,0,38,0,0,0,2,2,55,1,1,2,1,0,0,11,15,1,1,1,68,"777777777777","777777777777","777777777777",0,0
29,290212,2,2,1,28,3,14,55,12,6,1,0,29,1,73,703,73703,80,2014,"JKAEX8A14EA0","J","K","A","E","X","8","A","1","4","E","A","0",0,0,0,"000000000","00000000000",0,0,0,1,0,0,0,0,0,0,0,998,0,0,0,12,6,2,2,0,0,1,1,29,65203,6,1,0,0,2,3,69,140,0,0,0,0,0,0,0,0,0,0,0,0,0,0,2,2,55,1,1,2,1,0,0,1,66,1,1,1,69,"777777777777","777777777777","777777777777",1,0
29,290213,1,3,1,30,4,18,32,12,6,1,0,29,1,72,706,72706,80,2006,"1HD1JBB106Y0","1","H","D","1","J","B","B","1","0","6","Y","0",0,0,0,"000000000","00000000000",0,0,0,1,0,0,0,0,0,0,0,998,0,0,0,12,6,2,12,0,0,0,1,29,64014,6,1,0,0,2,0,69,165,1,1,0,1,0,4,2011,12,2012,3,0,0,0,0,1,4,35,1,1,1,1,0,0,1,17,16,9,1,69,"777777777777","777777777777","777777777777",1,1
29,290213,2,3,4,30,4,18,32,12,6,1,0,29,2,13,421,13421,15,2003,"5LMFU28RX3LJ","5","L","M","F","U","2","8","R","X","3","L","J",0,0,0,"000000000","00000000000",0,0,0,1,0,0,0,0,0,0,0,998,0,0,0,9,6,2,12,0,0,0,1,29,64052,6,1,0,0,3,0,66,150,0,1,0,2,0,9,2013,4,2014,0,38,0,0,0,1,4,35,1,1,1,1,0,0,11,15,99,1,1,68,"777777777777","777777777777","777777777777",0,0
29,290213,3,3,2,30,4,18,32,12,6,1,0,92,0,72,706,72706,80,2008,"1HD1KB4118Y7","1","H","D","1","K","B","4","1","1","8","Y","7",0,0,0,"000000000","00000000000",0,0,0,1,0,0,0,0,0,0,0,998,0,0,0,98,6,2,12,0,0,0,1,29,64055,6,1,0,0,3,0,68,160,0,0,0,0,0,0,0,0,0,0,0,0,0,0,1,4,35,1,1,1,1,0,0,1,78,99,1,1,98,"777777777777","777777777777","777777777777",0,0
29,290214,1,2,1,8,4,15,20,12,6,1,0,20,2,2,403,2403,14,2014,"1C4HJWDG6EL2","1","C","4","H","J","W","D","G","6","E","L","2",0,0,0,"000000000","00000000000",0,0,0,1,0,0,0,0,0,0,0,998,0,0,0,12,6,2,12,0,0,0,1,20,66217,6,1,0,0,3,0,69,135,0,0,0,0,0,0,0,0,0,0,0,0,0,0,2,2,35,3,1,2,1,0,0,14,66,1,1,1,88,"777777777777","777777777777","777777777777",0,0
29,290214,2,2,1,8,4,15,20,12,6,1,0,29,2,49,472,49472,30,2000,"4TANL42N2YZ6","4","T","A","N","L","4","2","N","2","Y","Z","6",0,0,0,"000000000","00000000000",0,0,0,1,0,0,0,0,0,0,0,998,0,0,0,9,6,2,12,0,0,0,1,29,64114,6,1,0,0,3,3,66,125,0,0,0,0,0,0,0,0,0,0,39,0,0,0,1,4,30,1,2,2,1,20,3,1,66,1,1,1,89,"777777777777","777777777777","777777777777",1,0
29,290215,1,1,2,21,4,1,55,8,0,1,0,93,3,82,881,82881,66,2016,"1FUJGLD51GLH","1","F","U","J","G","L","D","5","1","G","L","H",1,1,57,"01972877","5701972877",3,6,1,1,0,0,0,0,0,0,0,998,0,0,0,12,2,5,8,0,0,0,1,20,66502,6,1,6,0,3,0,71,999,0,0,0,0,1,12,2013,12,2013,0,0,0,0,0,3,2,65,1,1,2,1,0,0,1,80,1,1,1,13,"1DW1A53236S8","777777777777","777777777777",0,0