"STATE","ST_CASE","VEH_NO","VE_FORMS","NUMOCCS","DAY","MONTH","HOUR","MINUTE","HARM_EV","MAN_COLL","UNITTYPE","HIT_RUN","REG_STAT","OWNER","MAKE","MODEL","MAK_MOD","BODY_TYP","MOD_YEAR","VIN","VIN_1","VIN_2","VIN_3","VIN_4","VIN_5","VIN_6","VIN_7","VIN_8","VIN_9","VIN_10","VIN_11","VIN_12","TOW_VEH","J_KNIFE","MCARR_I1","MCARR_I2","MCARR_ID","GVWR","V_CONFIG","CARGO_BT","HAZ_INV","HAZ_PLAC","HAZ_ID","HAZ_CNO","HAZ_REL","BUS_USE","SPEC_USE","EMER_USE","TRAV_SP","UNDERIDE","ROLLOVER","ROLINLOC","IMPACT1","DEFORMED","TOWED","M_HARM","VEH_SC1","VEH_SC2","FIRE_EXP","DR_PRES","L_STATE","DR_ZIP","L_STATUS","L_TYPE","CDL_STAT","L_ENDORS","L_COMPL","L_RESTRI","DR_HGT","DR_WGT","PREV_ACC","PREV_SUS","PREV_DWI","PREV_SPD","PREV_OTH","FIRST_MO","FIRST_YR","LAST_MO","LAST_YR","SPEEDREL","DR_SF1","DR_SF2","DR_SF3","DR_SF4","VTRAFWAY","VNUM_LAN","VSPD_LIM","VALIGN","VPROFILE","VPAVETYP","VSURCOND","VTRAFCON","VTCONT_F","P_CRASH1","P_CRASH2","P_CRASH3","PCRASH4","PCRASH5","ACC_TYPE","TRLR1VIN","TRLR2VIN","TRLR3VIN","DEATHS","DR_DRINK"
29,290216,1,1,1,22,4,12,40,33,0,1,0,20,3,20,880,20880,67,2002,"1GBJK34102E1","1","G","B","J","K","3","4","1","0","2","E","1",0,0,57,"733459","57733459",2,1,97,1,0,0,0,0,0,0,0,998,0,0,0,12,9,3,42,0,0,0,1,20,66062,6,1,6,0,3,0,73,200,0,0,0,0,0,0,0,0,0,0,0,0,0,0,2,2,25,1,1,2,1,0,0,1,9,1,1,4,1,"777777777777","777777777777","777777777777",1,0
29,290217,1,2,1,8,4,7,50,12,6,1,0,29,1,12,422,12422,15,2008,"1FMFU20568LA","1","F","M","F","U","2","0","5","6","8","L","A",0,0,0,"000000000","00000000000",0,0,0,1,0,0,0,0,0,0,0,60,0,0,0,12,6,2,12,0,0,0,1,29,63640,6,1,0,0,3,0,67,170,0,0,0,0,0,0,0,0,0,0,0,0,0,0,3,2,55,1,1,2,1,0,0,1,66,1,1,1,86,"777777777777","777777777777","777777777777",0,0
29,290217,2,2,1,8,4,7,50,12,6,1,0,29,1,20,16,20016,4,2002,"1G1JC5247271","1","G","1","J","C","5","2","4","7","2","7","1",0,0,0,"000000000","00000000000",0,0,0,1,0,0,0,0,0,0,0,35,0,0,0,2,6,2,12,0,0,0,1,29,63640,6,1,0,0,3,3,72,230,3,0,0,0,1,11,2012,7,2014,0,38,0,0,0,1,2,55,1,1,2,1,0,0,1,17,1,1,1,87,"777777777777","777777777777","777777777777",1,0
29,290218,1,1,1,8,4,18,58,1,0,1,0,29,2,99,739,99739,90,2007,"4UF07ATV77T2","4","U","F","0","7","A","T","V","7","7","T","2",0,0,0,"000000000","00000000000",0,0,0,1,0,0,0,0,0,0,0,998,0,1,5,0,2,5,1,0,0,0,1,29,64658,6,1,0,0,3,0,74,215,0,0,0,0,0,0,0,0,0,4,0,0,0,0,1,2,50,1,6,4,1,0,0,1,6,1,4,4,2,"777777777777","777777777777","777777777777",1,0
29,290220,1,1,1,21,4,23,30,34,0,1,0,33,1,2,403,2403,14,2004,"1J4FA39S24P7","1","J","4","F","A","3","9","S","2","4","P","7",0,0,0,"000000000","00000000000",0,0,0,1,0,0,0,0,0,0,0,998,0,1,5,12,6,2,1,0,0,0,1,33,65721,6,1,0,0,9,0,61,150,2,0,0,0,0,5,2013,10,2015,4,0,0,0,0,1,2,35,1,6,4,1,0,0,1,12,1,1,4,6,"777777777777","777777777777","777777777777",1,1
29,290221,1,1,2,22,4,16,13,1,0,1,0,29,3,12,481,12481,31,2001,"1FTZF08201KA","1","F","T","Z","F","0","8","2","0","1","K","A",0,0,0,"000000000","00000000000",0,0,0,1,0,0,0,0,0,0,0,998,0,1,5,0,6,2,1,0,0,0,1,29,65625,6,2,0,0,3,0,69,180,0,0,0,0,0,0,0,0,0,3,0,0,0,0,1,2,55,3,6,2,1,0,0,14,13,6,3,4,2,"777777777777","777777777777","777777777777",2,0
29,290222,1,1,2,23,4,18,50,38,0,1,0,92,0,2,404,2404,14,1999,"1J4GW58V3XC6","1","J","4","G","W","5","8","V","3","X","C","6",0,0,0,"000000000","00000000000",0,0,0,1,0,0,0,0,0,0,0,999,0,0,0,5,6,2,42,0,0,0,1,29,65802,1,1,0,0,2,0,70,205,0,1,0,0,0,2,2016,2,2016,3,0,0,0,0,1,2,60,3,5,2,1,0,0,14,13,1,1,4,1,"777777777777","777777777777","777777777777",1,1
29,290223,1,1,2,23,4,22,19,8,0,1,0,21,1,63,402,63402,14,2016,"5XYPG4A53GG0","5","X","Y","P","G","4","A","5","3","G","G","0",0,0,0,"000000000","00000000000",0,0,0,1,0,0,0,0,0,0,0,999,0,0,0,12,6,2,8,0,0,0,1,21,42211,6,1,0,0,3,0,71,182,0,0,0,0,0,0,0,0,0,0,0,0,0,0,2,2,65,1,1,2,1,0,0,1,80,1,1,1,13,"777777777777","777777777777","777777777777",0,0
29,290225,1,1,2,16,4,19,15,5,0,1,0,29,1,98,739,98739,90,2015,"4XARTE877FT1","4","X","A","R","T","E","8","7","7","F","T","1",0,0,0,"000000000","00000000000",0,0,0,1,0,0,0,0,0,0,0,998,0,0,0,0,2,5,5,0,0,0,1,29,64671,6,1,6,0,3,0,68,200,0,0,0,1,0,4,2014,4,2014,4,58,0,0,0,1,2,50,1,1,4,1,0,0,1,6,7,2,2,0,"777777777777","777777777777","777777777777",1,1
29,290226,1,3,1,21,4,12,54,12,6,1,0,29,1,7,442,7442,20,1999,"2B4GP45G7XR4","2","B","4","G","P","4","5","G","7","X","R","4",0,0,0,"000000000","00000000000",0,0,0,1,0,0,0,0,0,0,0,999,0,0,0,9,6,2,12,0,0,0,1,29,65653,6,1,0,0,3,0,74,180,0,1,0,0,0,11,2013,11,2013,0,99,99,99,99,2,2,65,1,6,2,1,1,3,1,17,1,1,1,89,"777777777777","777777777777","777777777777",1,0
29,290226,2,3,1,21,4,12,54,12,6,1,0,93,3,51,881,51881,66,2003,"4V4NC9GH33N3","4","V","4","N","C","9","G","H","3","3","N","3",1,1,57,"2578585","572578585",3,6,1,1,0,0,0,0,0,0,0,52,0,0,0,12,6,2,12,0,0,0,1,29,65785,6,1,6,0,3,3,71,200,1,0,0,1,0,4,2012,9,2012,0,99,99,99,99,2,2,65,1,6,2,1,1,3,1,66,8,1,2,88,"1JJV532W77L9","777777777777","777777777777",0,0
29,290226,3,3,2,21,4,12,54,12,6,1,0,29,3,7,482,7482,31,2012,"3C6LD5BT0CG3","3","C","6","L","D","5","B","T","0","C","G","3",0,0,0,"000000000","00000000000",0,0,0,1,0,0,0,0,0,0,0,0,0,0,0,11,2,5,12,0,0,0,1,29,65735,6,1,0,0,3,0,74,200,0,0,0,0,0,0,0,0,0,0,0,0,0,0,2,2,65,1,6,2,1,1,3,5,64,1,1,1,98,"777777777777","777777777777","777777777777",0,0
29,290227,1,2,2,23,4,8,10,12,1,1,0,29,1,20,2,20002,4,2010,"2G1WA5EK0A11","2","G","1","W","A","5","E","K","0","A","1","1",0,0,0,"000000000","00000000000",0,0,0,1,0,0,0,0,0,0,0,4,0,0,0,6,6,2,12,0,0,0,1,29,64424,6,1,0,0,3,3,68,170,0,0,0,0,0,0,0,0,0,0,0,0,0,0,2,2,65,1,5,2,1,0,0,1,53,1,1,1,25,"777777777777","777777777777","777777777777",2,0
29,290227,2,2,2,23,4,8,10,12,1,1,0,93,3,51,881,51881,66,2015,"4V4NC9EH9FN9","4","V","4","N","C","9","E","H","9","F","N","9",1,1,57,"1919317","571919317",3,6,1,1,0,0,0,0,0,0,0,64,0,0,0,12,6,2,12,0,0,0,1,6,95206,6,1,6,0,3,0,69,143,0,0,0,0,1,1,2016,1,2016,0,0,0,0,0,2,2,65,1,5,2,1,0,0,1,51,6,1,2,24,"1UYVS253XAU0","777777777777","777777777777",0,0
29,290228,1,1,1,24,4,15,50,18,0,1,0,29,1,37,706,37706,80,2000,"1HFSC3437YA3","1","H","F","S","C","3","4","3","7","Y","A","3",0,0,0,"000000000","00000000000",0,0,0,1,0,0,0,0,0,0,0,998,0,0,0,12,6,2,18,0,0,0,1,29,64735,6,1,6,0,3,0,69,245,1,2,0,0,0,10,2011,5,2012,4,0,0,0,0,1,2,55,3,6,2,1,0,0,14,13,1,1,4,1,"777777777777","777777777777","777777777777",1,0
29,290229,1,1,3,14,3,10,10,34,0,1,0,29,1,55,401,55401,14,2009,"5NMSH13E79H3","5","N","M","S","H","1","3","E","7","9","H","3",0,0,0,"000000000","00000000000",0,0,0,1,0,0,0,0,0,0,0,998,0,0,0,12,6,2,34,0,0,0,1,29,63052,6,1,0,0,3,0,64,145,0,0,0,0,0,0,0,0,0,4,0,0,0,0,1,2,45,1,5,2,1,0,0,1,6,7,9,4,2,"777777777777","777777777777","777777777777",1,0
29,290230,1,1,1,24,3,11,31,24,0,1,0,93,3,87,884,87884,66,2006,"1XPFDB9X76N6","1","X","P","F","D","B","9","X","7","6","N","6",1,1,57,"653783","57653783",3,6,11,1,0,0,0,0,0,0,0,998,0,0,0,12,6,2,24,0,0,0,1,20,66104,6,1,6,0,3,3,75,230,1,0,0,0,0,12,2015,12,2015,0,0,0,0,0,3,2,60,4,1,2,1,0,0,14,12,99,1,4,6,"888888888888","777777777777","777777777777",1,0
29,290231,1,2,1,14,4,17,56,12,6,1,0,29,2,52,471,52471,30,1993,"JA7LS21G4PP0","J","A","7","L","S","2","1","G","4","P","P","0",0,0,0,"000000000","00000000000",0,0,0,1,0,0,0,0,0,0,0,0,0,0,0,4,6,2,12,0,0,0,1,29,64835,6,1,0,0,3,3,66,155,0,0,0,0,0,0,0,0,0,0,99,99,99,99,5,5,40,1,1,2,1,0,0,1,10,99,9,2,64,"777777777777","777777777777","777777777777",1,0
29,290231,2,2,2,14,4,17,56,12,6,1,0,29,1,12,481,12481,31,2004,"1FTNW21PX4EC","1","F","T","N","W","2","1","P","X","4","E","C",0,0,0,"000000000","00000000000",0,0,0,1,0,0,0,0,0,0,0,998,0,0,0,12,6,2,12,0,0,0,1,29,64834,6,1,0,0,3,0,68,175,0,0,0,0,0,0,0,0,0,0,0,0,0,0,5,5,40,1,1,2,1,0,0,1,62,99,1,1,65,"777777777777","777777777777","777777777777",0,0
29,290232,1,2,2,2,4,10,7,12,6,1,0,20,2,24,401,24401,14,2004,"5GZCZ53424S8","5","G","Z","C","Z","5","3","4","2","4","S","8",0,0,0,"000000000","00000000000",0,0,0,1,0,0,0,0,0,0,0,65,0,0,0,12,6,2,12,0,0,0,1,29,64127,9,9,99,9,9,9,999,999,99,99,99,99,99,99,9999,99,9999,3,39,0,0,0,1,4,25,1,1,2,1,3,3,1,17,1,1,1,88,"777777777777","777777777777","777777777777",1,1
29,290232,2,2,1,2,4,10,7,12,6,1,0,29,1,20,422,20422,15,2007,"1GNFK16347J2","1","G","N","F","K","1","6","3","4","7","J","2",0,0,0,"000000000","00000000000",0,0,0,1,0,0,0,0,0,0,0,998,0,0,0,7,6,2,12,0,0,0,1,29,64118,6,1,0,0,3,3,72,190,1,0,0,0,0,8,2014,8,2014,0,0,0,0,0,1,2,30,1,2,2,1,3,3,1,66,1,1,1,89,"777777777777","777777777777","777777777777",0,0
29,290233,1,2,1,3,4,13,25,12,6,1,0,29,1,37,705,37705,80,2004,"JH2PC37034M1","J","H","2","P","C","3","7","0","3","4","M","1",0,0,0,"000000000","00000000000",0,0,0,1,0,0,0,0,0,0,0,25,0,0,0,12,6,2,12,0,0,0,1,29,64150,6,1,0,0,2,0,65,121,0,0,0,2,1,2,2015,10,2015,0,0,0,0,0,5,5,35,1,5,2,1,0,0,1,66,16,2,1,83,"777777777777","777777777777","777777777777",1,0
29,290233,2,2,1,3,4,13,25,12,6,1,0,29,2,7,25,7025,5,2008,"1B3HB48B38D5","1","B","3","H","B","4","8","B","3","8","D","5",0,0,0,"000000000","00000000000",0,0,0,1,0,0,0,0,0,0,0,998,0,0,0,11,6,2,12,0,0,0,1,29,64131,6,1,0,0,3,0,60,125,1,0,0,2,1,8,2012,8,2015,0,38,39,0,0,1,2,25,1,2,2,1,20,3,11,15,1,1,1,82,"777777777777","777777777777","777777777777",0,0
29,290234,1,1,1,28,4,17,58,1,0,1,0,29,2,9,20,9020,4,2001,"1P3ES46CX1D2","1","P","3","E","S","4","6","C","X","1","D","2",0,0,0,"000000000","00000000000",0,0,0,1,0,0,0,0,0,0,0,998,0,2,5,0,6,2,1,0,0,0,1,29,64040,6,1,0,0,3,0,74,280,1,0,0,0,0,2,2012,2,2012,9,99,99,99,99,3,3,65,1,6,2,1,0,0,1,9,1,1,4,1,"777777777777","777777777777","777777777777",1,0
29,290235,1,3,2,28,3,13,36,12,2,1,0,29,1,7,442,7442,20,2013,"2C4RDGCG9DR7","2","C","4","R","D","G","C","G","9","D","R","7",0,0,0,"000000000","00000000000",0,0,0,1,0,0,0,0,0,0,0,998,0,0,0,12,4,3,12,0,0,0,1,29,63125,6,1,0,0,3,3,69,175,0,0,0,0,0,0,0,0,0,0,0,0,0,0,1,2,25,1,1,2,1,3,3,1,66,1,1,1,90,"777777777777","777777777777","777777777777",0,0
29,290235,2,3,1,28,3,13,36,12,2,1,0,29,1,73,706,73706,80,2011,"JKBVNRA1XBA0","J","K","B","V","N","R","A","1","X","B","A","0",0,0,0,"000000000","00000000000",0,0,0,1,0,0,0,0,0,0,0,998,0,0,0,12,4,3,1,0,0,0,1,29,63128,6,1,0,0,3,3,71,205,0,0,0,0,0,0,0,0,0,0,38,0,0,0,1,4,40,1,1,2,1,3,3,1,17,1,1,1,90,"777777777777","777777777777","777777777777",1,0
29,290235,3,3,3,28,3,13,36,12,2,1,0,29,2,2,403,2403,14,2012,"1C4HJWFG5CL1","1","C","4","H","J","W","F","G","5","C","L","1",0,0,0,"000000000","00000000000",0,0,0,1,0,0,0,0,0,0,0,0,0,0,0,12,4,5,12,0,0,0,1,29,65101,6,1,0,0,3,0,64,115,0,0,0,0,0,0,0,0,0,0,0,0,0,0,1,2,25,1,1,2,1,3,3,5,78,1,1,1,98,"777777777777","777777777777","777777777777",0,0
29,290236,1,6,1,31,3,18,12,12,8,1,0,29,1,22,20,22020,4,2006,"2G2WP5527611","2","G","2","W","P","5","5","2","7","6","1","1",0,0,0,"000000000","00000000000",0,0,0,1,0,0,0,0,0,0,0,998,0,0,0,9,6,2,12,0,0,0,1,29,63866,6,1,0,0,3,3,69,185,0,0,0,1,0,11,2012,11,2012,0,51,0,0,0,3,2,70,1,1,2,1,0,0,1,54,1,1,1,64,"777777777777","777777777777","777777777777",1,0
29,290236,2,6,2,31,3,18,12,12,8,1,0,5,1,13,12,13012,4,2002,"1LNHM86SX2Y6","1","L","N","H","M","8","6","S","X","2","Y","6",0,0,0,"000000000","00000000000",0,0,0,1,0,0,0,0,0,0,0,998,0,0,0,9,6,2,12,0,0,0,1,5,72315,6,1,0,0,3,3,67,165,0,0,0,0,0,0,0,0,0,0,0,0,0,0,3,2,70,1,1,2,1,0,0,1,54,16,9,1,65,"777777777777","777777777777","777777777777",0,0
29,290236,3,6,1,31,3,18,12,12,8,1,0,93,3,98,807,98807,51,9999,"999999999999","9","9","9","9","9","9","9","9","9","9","9","9",0,0,57,"1682613","571682613",3,21,22,1,0,0,0,0,5,3,0,998,0,0,0,63,9,5,12,0,0,0,1,97,0,6,1,6,0,3,0,999,999,99,99,99,99,99,99,9999,99,9999,0,0,0,0,0,3,2,70,1,1,2,1,0,0,1,78,99,1,1,98,"777777777777","777777777777","777777777777",0,0
29,290236,4,6,2,31,3,18,12,12,8,1,0,12,4,58,41,58041,4,2015,"JN1BV7APXFM3","J","N","1","B","V","7","A","P","X","F","M","3",0,0,0,"000000000","00000000000",0,0,0,1,0,0,0,0,0,0,0,68,0,0,0,12,6,2,12,0,0,0,1,31,68114,6,1,0,0,3,3,69,250,0,0,0,0,0,0,0,0,0,0,0,0,0,0,3,2,70,1,1,2,1,0,0,1,78,1,1,1,98,"777777777777","777777777777","777777777777",0,0
29,290236,5,6,1,31,3,18,12,12,8,1,0,29,4,49,40,49040,4,2016,"4T1BF1FK3GU1","4","T","1","B","F","1","F","K","3","G","U","1",0,0,0,"000000000","00000000000",0,0,0,1,0,0,0,0,0,0,0,68,0,0,0,12,6,2,12,0,0,0,1,29,63105,6,1,0,0,3,3,68,160,0,0,0,0,0,0,0,0,0,0,0,0,0,0,3,2,70,1,1,2,1,0,0,1,78,1,1,1,98,"777777777777","777777777777","777777777777",0,0
29,290236,6,6,1,31,3,18,12,12,8,1,0,93,3,87,884,87884,66,2015,"1XPBD49X1FD2","1","X","P","B","D","4","9","X","1","F","D","2",1,1,57,"87409","5787409",3,6,3,1,0,0,0,0,0,0,0,998,0,0,0,61,4,5,12,0,0,0,1,19,50112,6,1,6,0,3,3,73,200,0,0,0,0,0,0,0,0,0,0,0,0,0,0,3,2,70,1,1,2,1,0,0,1,78,1,1,1,98,"5DMFABTBX7T0","777777777777","777777777777",0,0
29,290237,1,2,5,28,3,17,42,12,6,1,0,17,1,20,22,20022,4,2005,"1G1AK52F6575","1","G","1","A","K","5","2","F","6","5","7","5",0,0,0,"000000000","00000000000",0,0,0,1,0,0,0,0,0,0,0,998,0,0,0,12,6,2,12,0,0,0,1,29,63122,1,1,0,0,2,0,69,140,0,0,0,0,0,0,0,0,0,0,38,39,0,0,1,2,25,1,5,2,1,20,3,1,17,1,1,1,88,"777777777777","777777777777","777777777777",0,0
29,290237,2,2,1,28,3,17,42,12,6,1,0,92,0,21,21,21021,4,2000,"1G3NL52E3YC4","1","G","3","N","L","5","2","E","3","Y","C","4",0,0,0,"000000000","00000000000",0,0,0,1,0,0,0,0,0,0,0,998,0,0,0,8,4,3,12,0,0,0,1,29,63112,3,1,0,0,2,0,71,159,0,0,0,0,0,0,0,0,0,0,0,0,0,0,1,2,25,9,9,2,1,20,3,1,66,1,1,1,89,"777777777777","777777777777","777777777777",0,0
29,290238,1,5,1,7,4,11,50,12,2,1,0,92,0,54,35,54035,4,2005,"19UUA66285A0","1","9","U","U","A","6","6","2","8","5","A","0",0,0,0,"000000000","00000000000",0,0,0,1,0,0,0,0,0,0,0,998,0,0,0,12,6,2,12,0,0,0,1,29,63136,2,1,0,0,2,0,65,175,1,7,0,0,4,8,2011,6,2015,3,28,35,0,0,2,2,35,4,3,2,1,0,0,14,10,1,1,2,50,"777777777777","777777777777","777777777777",0,0
29,290238,2,5,1,7,4,11,50,12,2,1,0,29,2,35,39,35039,4,2000,"JN1CA31D2YT5","J","N","1","C","A","3","1","D","2","Y","T","5",0,0,0,"000000000","00000000000",0,0,0,1,0,0,0,0,0,0,0,998,0,0,0,12,6,2,12,0,0,0,1,29,63106,3,1,0,0,2,3,64,160,0,0,0,0,0,0,0,0,0,0,0,0,0,0,2,2,35,4,3,2,1,0,0,14,62,16,9,1,51,"777777777777","777777777777","777777777777",1,0
29,290238,3,5,3,7,4,11,50,12,2,1,0,29,3,22,20,22020,4,2005,"2G2WP5227511","2","G","2","W","P","5","2","2","7","5","1","1",0,0,0,"000000000","00000000000",0,0,0,1,0,0,0,0,0,0,0,998,0,0,0,98,2,5,12,0,0,0,1,29,63074,6,1,0,0,3,0,67,200,3,0,0,0,0,12,2013,7,2015,0,0,0,0,0,2,2,35,4,3,2,1,0,0,14,78,1,1,1,98,"777777777777","777777777777","777777777777",0,0
29,290238,4,5,1,7,4,11,50,12,2,1,0,29,2,24,9,24009,4,2008,"1G8ZV57778F1","1","G","8","Z","V","5","7","7","7","8","F","1",0,0,0,"000000000","00000000000",0,0,0,1,0,0,0,0,0,0,0,998,0,0,0,12,2,5,12,0,0,0,1,29,63118,6,1,0,0,3,3,72,165,0,0,0,0,0,0,0,0,0,0,0,0,0,0,2,2,35,4,3,2,1,0,0,14,78,1,1,1,98,"777777777777","777777777777","777777777777",0,0
29,290238,5,5,1,7,4,11,50,12,2,1,0,29,3,86,881,86881,66,1998,"1M1AA13Y2WW0","1","M","1","A","A","1","3","Y","2","W","W","0",1,1,99,"999999999","99999999999",3,6,98,1,0,0,0,0,0,0,0,998,0,0,0,12,9,3,12,0,0,0,1,29,63106,6,1,6,0,3,0,69,250,1,0,0,0,0,5,2013,5,2013,0,0,0,0,0,2,2,35,4,3,2,1,0,0,14,78,1,1,1,98,"888888888888","777777777777","777777777777",0,0
29,290239,1,1,1,12,4,20,53,8,0,1,1,99,9,99,999,99999,99,9999,"999999999999","9","9","9","9","9","9","9","9","9","9","9","9",0,0,0,"000000000","00000000000",0,0,0,1,0,0,0,0,0,0,0,998,0,0,0,12,2,5,8,0,0,0,1,99,99999,9,9,99,9,9,9,999,999,99,99,99,99,99,99,9999,99,9999,9,99,99,99,99,5,7,35,1,1,2,1,0,0,1,80,99,1,2,13,"777777777777","777777777777","777777777777",0,0
29,290240,1,2,1,12,4,7,15,12,6,1,0,5,1,21,21,21021,4,2004,"1G3NL52F94C1","1","G","3","N","L","5","2","F","9","4","C","1",0,0,0,"000000000","00000000000",0,0,0,1,0,0,0,0,0,0,0,65,0,0,0,12,6,2,12,0,0,0,1,29,63730,6,1,0,0,3,0,68,294,0,0,0,0,1,4,2014,4,2014,0,0,0,0,0,1,2,60,1,1,2,1,0,0,1,66,16,1,1,88,"777777777777","777777777777","777777777777",0,0
29,290240,2,2,1,12,4,7,15,12,6,1,0,29,1,12,481,12481,31,2013,"1FTFW1EF1DKF","1","F","T","F","W","1","E","F","1","D","K","F",0,0,0,"000000000","00000000000",0,0,0,1,0,0,0,0,0,0,0,10,0,1,1,11,6,2,12,0,0,0,1,29,63730,6,1,0,0,3,3,70,240,0,0,0,0,0,0,0,0,0,0,38,0,0,0,1,2,45,1,1,9,1,20,3,4,17,16,1,1,89,"777777777777","777777777777","777777777777",1,0
29,290241,1,2,2,17,4,11,10,12,1,1,0,29,1,22,441,22441,20,1998,"1GMDX03E0WD1","1","G","M","D","X","0","3","E","0","W","D","1",0,0,0,"000000000","00000000000",0,0,0,1,0,0,0,0,0,0,0,998,0,0,0,12,2,5,12,0,0,0,1,29,63383,6,1,0,0,3,3,65,120,0,0,0,0,0,0,0,0,0,0,6,0,0,0,1,2,55,2,6,2,1,0,0,14,52,16,1,1,28,"777777777777","777777777777","777777777777",0,0
29,290241,2,2,1,17,4,11,10,12,1,1,0,0,0,99,739,99739,90,2016,"LWGMDTZE4GA0","L","W","G","M","D","T","Z","E","4","G","A","0",0,0,0,"000000000","00000000000",0,0,0,1,0,0,0,0,0,0,0,998,0,0,0,6,4,5,12,0,0,0,1,29,63390,6,1,0,0,3,0,66,150,1,0,0,0,0,7,2014,7,2014,0,0,0,0,0,1,2,55,2,6,2,1,0,0,2,53,1,1,1,29,"777777777777","777777777777","777777777777",1,0
29,290242,1,2,1,18,4,13,44,12,6,1,0,29,1,20,37,20037,4,2010,"1G1ZC5E05AF2","1","G","1","Z","C","5","E","0","5","A","F","2",0,0,0,"000000000","00000000000",0,0,0,1,0,0,0,0,0,0,0,998,0,0,0,1,6,2,12,0,0,0,1,29,65201,6,1,0,0,3,3,71,167,0,1,0,1,1,8,2011,10,2014,0,38,0,0,0,1,2,55,1,1,2,1,0,0,11,15,1,1,1,68,"777777777777","777777777777","777777777777",0,0
29,290242,2,2,1,18,4,13,44,12,6,1,0,29,1,72,709,72709,80,1993,"1HD1BLL11PY0","1","H","D","1","B","L","L","1","1","P","Y","0",0,0,0,"000000000","00000000000",0,0,0,1,0,0,0,0,0,0,0,22,0,0,0,12,6,2,12,0,0,0,1,29,63561,6,1,0,0,3,3,68,240,0,0,0,0,0,0,0,0,0,0,0,0,0,0,1,2,55,1,1,2,1,0,0,1,66,99,9,1,69,"777777777777","777777777777","777777777777",1,0
29,290243,1,2,1,27,4,8,14,12,1,1,0,17,1,12,481,12481,31,1966,"F10AK747631","F","1","0","A","K","7","4","7","6","3","1","",0,0,0,"000000000","00000000000",0,0,0,1,0,0,0,0,0,0,0,998,0,0,0,12,6,2,8,0,0,0,1,17,62221,6,1,6,0,3,0,71,145,0,0,0,0,0,0,0,0,0,0,0,0,0,0,6,1,60,1,1,2,2,0,0,1,50,16,1,1,20,"777777777777","777777777777","777777777777",0,1
29,290243,2,2,1,27,4,8,14,12,1,1,0,29,1,38,402,38402,14,2001,"4S2DM58W5143","4","S","2","D","M","5","8","W","5","1","4","3",0,0,0,"000000000","00000000000",0,0,0,1,0,0,0,0,0,0,0,0,0,0,0,6,6,2,12,0,0,0,1,29,63010,6,1,0,0,3,0,71,220,0,0,0,0,0,0,0,0,0,0,54,0,0,0,6,1,60,1,1,2,2,0,0,5,53,1,1,1,21,"777777777777","777777777777","777777777777",1,0
29,290244,1,1,2,28,4,2,44,33,0,1,0,17,2,24,398,24398,4,2005,"1G8JD54R55Y5","1","G","8","J","D","5","4","R","5","5","Y","5",0,0,0,"000000000","00000000000",0,0,0,1,0,0,0,0,0,0,0,998,0,1,3,14,6,2,1,0,0,0,1,29,63136,2,1,0,0,2,0,73,170,0,2,1,0,1,1,2014,3,2016,3,0,0,0,0,3,2,40,2,6,2,1,3,3,14,6,1,1,4,6,"777777777777","777777777777","777777777777",1,0
29,290245,1,1,1,28,4,18,15,42,0,1,0,93,3,82,881,82881,66,2006,"1FUJA6CK16LM","1","F","U","J","A","6","C","K","1","6","L","M",1,1,57,"154234","57154234",3,6,1,1,0,0,0,0,0,0,0,998,0,0,0,12,6,2,2,0,0,1,1,37,28405,6,1,6,0,3,0,73,999,0,0,0,0,0,0,0,0,0,0,0,0,0,0,3,2,70,1,1,2,1,0,0,1,13,1,1,4,1,"1UYVS2530DM5","777777777777","777777777777",1,0
29,290246,1,1,1,1,5,8,45,1,0,1,0,29,1,20,403,20403,14,2003,"1GCCS14H2381","1","G","C","C","S","1","4","H","2","3","8","1",0,0,0,"000000000","00000000000",0,0,0,1,0,0,0,0,0,0,0,998,0,2,1,0,6,2,1,0,0,0,1,29,65011,6,1,0,0,3,0,69,180,0,0,0,0,0,0,0,0,0,0,58,0,0,0,1,2,55,3,6,2,1,0,0,14,13,6,3,6,98,"777777777777","777777777777","777777777777",1,1
29,290247,1,1,1,13,4,18,6,24,0,1,0,29,2,53,705,53705,80,2008,"JS1VP53A1821","J","S","1","V","P","5","3","A","1","8","2","1",0,0,0,"000000000","00000000000",0,0,0,1,0,0,0,0,0,0,0,998,0,0,0,98,6,2,24,0,0,0,1,29,63104,6,1,0,0,3,0,69,170,0,0,0,0,0,0,0,0,0,3,0,0,0,0,4,2,55,4,1,2,1,0,0,14,6,99,9,4,7,"777777777777","777777777777","777777777777",1,0
29,290248,1,2,2,21,4,16,15,12,2,1,0,29,1,22,16,22016,2,2004,"1G2JB14F0472","1","G","2","J","B","1","4","F","0","4","7","2",0,0,0,"000000000","00000000000",0,0,0,1,0,0,0,0,0,0,0,998,0,0,0,12,6,2,12,0,0,0,1,29,65066,6,1,0,0,3,0,67,140,0,0,0,2,0,2,2014,10,2015,0,28,0,0,0,1,2,55,1,6,2,1,0,0,1,10,1,1,2,50,"777777777777","777777777777","777777777777",1,0
29,290248,2,2,1,21,4,16,15,12,2,1,0,29,3,87,884,87884,66,2007,"1XP5DB9X47D6","1","X","P","5","D","B","9","X","4","7","D","6",1,1,57,"2365842","572365842",3,6,4,1,0,0,0,0,0,0,0,998,0,1,5,12,6,2,1,0,0,0,1,29,65013,6,1,6,0,3,0,75,315,0,0,0,0,0,0,0,0,0,0,0,0,0,0,1,2,55,1,5,2,1,0,0,1,62,1,9,1,51,"5DMDFALB48M0","777777777777","777777777777",0,1