"STATE","ST_CASE","VEH_NO","VE_FORMS","NUMOCCS","DAY","MONTH","HOUR","MINUTE","HARM_EV","MAN_COLL","UNITTYPE","HIT_RUN","REG_STAT","OWNER","MAKE","MODEL","MAK_MOD","BODY_TYP","MOD_YEAR","VIN","VIN_1","VIN_2","VIN_3","VIN_4","VIN_5","VIN_6","VIN_7","VIN_8","VIN_9","VIN_10","VIN_11","VIN_12","TOW_VEH","J_KNIFE","MCARR_I1","MCARR_I2","MCARR_ID","GVWR","V_CONFIG","CARGO_BT","HAZ_INV","HAZ_PLAC","HAZ_ID","HAZ_CNO","HAZ_REL","BUS_USE","SPEC_USE","EMER_USE","TRAV_SP","UNDERIDE","ROLLOVER","ROLINLOC","IMPACT1","DEFORMED","TOWED","M_HARM","VEH_SC1","VEH_SC2","FIRE_EXP","DR_PRES","L_STATE","DR_ZIP","L_STATUS","L_TYPE","CDL_STAT","L_ENDORS","L_COMPL","L_RESTRI","DR_HGT","DR_WGT","PREV_ACC","PREV_SUS","PREV_DWI","PREV_SPD","PREV_OTH","FIRST_MO","FIRST_YR","LAST_MO","LAST_YR","SPEEDREL","DR_SF1","DR_SF2","DR_SF3","DR_SF4","VTRAFWAY","VNUM_LAN","VSPD_LIM","VALIGN","VPROFILE","VPAVETYP","VSURCOND","VTRAFCON","VTCONT_F","P_CRASH1","P_CRASH2","P_CRASH3","PCRASH4","PCRASH5","ACC_TYPE","TRLR1VIN","TRLR2VIN","TRLR3VIN","DEATHS","DR_DRINK"
29,290285,1,2,2,22,2,19,41,12,6,1,0,29,1,35,47,35047,4,2012,"1N4AL2AP4CN4","1","N","4","A","L","2","A","P","4","C","N","4",0,0,0,"000000000","00000000000",0,0,0,1,0,0,0,0,0,0,0,998,0,0,0,12,6,2,12,0,0,0,1,29,63301,6,1,0,0,3,3,71,185,0,0,0,0,0,0,0,0,0,0,38,0,0,0,0,0,0,0,0,0,0,0,0,11,15,1,1,1,82,"777777777777","777777777777","777777777777",0,0
29,290285,2,2,2,22,2,19,41,12,6,1,0,29,2,2,403,2403,14,1994,"1J4FY29S6RP4","1","J","4","F","Y","2","9","S","6","R","P","4",0,0,0,"000000000","00000000000",0,0,0,1,0,0,0,0,0,0,0,998,0,1,1,1,6,2,1,0,0,0,1,29,63366,6,1,0,0,3,0,69,156,1,0,0,0,0,2,2013,2,2013,0,0,0,0,0,1,2,45,1,6,2,1,0,0,1,71,1,1,1,83,"777777777777","777777777777","777777777777",1,0
29,290286,1,1,1,7,5,0,45,8,0,1,0,93,3,87,884,87884,66,2002,"1XP5DB9X42D5","1","X","P","5","D","B","9","X","4","2","D","5",0,0,57,"1476407","571476407",3,5,96,1,0,0,0,0,0,0,0,998,0,0,0,12,4,5,8,0,0,0,1,29,65605,6,1,6,0,3,0,72,220,0,0,0,2,0,11,2013,7,2015,0,0,0,0,0,1,2,65,1,6,2,1,0,0,1,80,8,2,1,13,"777777777777","777777777777","777777777777",0,0
29,290287,1,1,1,10,4,19,59,21,0,1,0,92,0,7,28,7028,2,2014,"2C3CDYAG2EH1","2","C","3","C","D","Y","A","G","2","E","H","1",0,0,0,"000000000","00000000000",0,0,0,1,0,0,0,0,0,0,0,998,0,0,0,98,9,9,21,0,0,0,1,29,63137,1,1,0,0,2,0,73,135,1,3,0,1,1,4,2011,10,2014,3,0,0,0,0,5,5,45,1,1,2,1,99,9,1,6,99,9,4,99,"777777777777","777777777777","777777777777",1,1
29,290288,1,2,1,22,5,11,16,12,6,1,1,99,9,99,999,99999,99,9999,"999999999999","9","9","9","9","9","9","9","9","9","9","9","9",0,0,0,"000000000","00000000000",0,0,0,1,0,0,0,0,0,0,0,998,0,0,0,98,9,5,12,0,0,0,1,99,99999,9,9,99,9,9,9,999,999,99,99,99,99,99,99,9999,99,9999,9,99,99,99,99,1,2,25,1,1,2,1,0,0,1,66,99,1,1,91,"777777777777","777777777777","777777777777",0,0
29,290288,2,2,1,22,5,11,16,12,6,1,0,92,0,98,709,98709,89,2003,"LZDJCJL09310","L","Z","D","J","C","J","L","0","9","3","1","0",0,0,0,"000000000","00000000000",0,0,0,1,0,0,0,0,0,0,0,998,0,0,0,98,9,9,12,0,0,1,1,29,63147,2,1,0,0,2,0,70,155,1,3,0,0,5,11,2011,6,2014,0,39,0,0,0,1,2,25,1,1,2,1,20,3,1,17,1,1,1,91,"777777777777","777777777777","777777777777",1,0
29,290289,1,2,2,26,5,8,9,12,6,1,0,39,3,12,461,12461,21,1998,"1FTSE34F8WHA","1","F","T","S","E","3","4","F","8","W","H","A",0,0,0,"000000000","00000000000",0,0,0,1,0,0,0,0,0,0,0,998,0,0,0,12,6,2,12,0,0,0,1,29,63111,6,1,0,0,3,3,72,165,1,0,0,0,0,3,2014,3,2014,0,0,0,0,0,3,4,65,1,1,2,2,3,3,1,66,99,1,1,86,"777777777777","777777777777","777777777777",0,0
29,290289,2,2,2,26,5,8,9,12,6,1,0,29,1,49,402,49402,14,2011,"JTMBF4DV8BD0","J","T","M","B","F","4","D","V","8","B","D","0",0,0,0,"000000000","00000000000",0,0,0,1,0,0,0,0,0,0,0,998,0,0,0,1,6,2,12,0,0,0,1,29,63028,6,1,0,0,3,3,76,200,0,0,0,0,0,0,0,0,0,0,38,39,0,0,1,2,35,1,1,2,2,3,3,1,17,99,1,1,87,"777777777777","777777777777","777777777777",1,0
29,290290,1,2,1,23,5,17,35,12,1,1,0,29,1,37,703,37703,80,2011,"MLHMC4113B50","M","L","H","M","C","4","1","1","3","B","5","0",0,0,0,"000000000","00000000000",0,0,0,1,0,0,0,0,0,0,0,39,0,0,0,12,6,2,12,0,0,0,1,29,63841,6,1,0,0,3,3,68,162,1,0,0,0,0,11,2012,11,2012,0,35,0,0,0,1,2,60,1,1,2,1,0,0,6,52,16,1,2,28,"777777777777","777777777777","777777777777",1,0
29,290290,2,2,1,23,5,17,35,12,1,1,0,29,1,20,461,20461,21,2007,"1GAHG35U3711","1","G","A","H","G","3","5","U","3","7","1","1",0,0,0,"000000000","00000000000",0,0,0,1,0,0,0,0,0,0,0,998,0,0,0,6,2,5,12,0,0,0,1,29,63771,6,1,0,0,3,3,68,165,0,0,0,0,0,0,0,0,0,0,0,0,0,0,1,2,60,1,1,2,1,0,0,2,53,1,1,1,30,"777777777777","777777777777","777777777777",0,0
29,290291,1,1,1,5,6,17,15,42,0,1,0,29,1,23,481,23481,31,2005,"1GTEC14V05Z1","1","G","T","E","C","1","4","V","0","5","Z","1",0,0,0,"000000000","00000000000",0,0,0,1,0,0,0,0,0,0,0,998,0,0,0,1,6,2,42,0,0,0,1,29,63901,6,1,0,0,3,0,67,210,0,0,0,1,0,8,2015,8,2015,4,0,0,0,0,1,2,30,3,1,2,1,0,0,14,6,1,1,4,1,"777777777777","777777777777","777777777777",1,0
29,290292,1,2,1,28,5,15,9,12,6,1,0,29,1,77,706,77706,80,2005,"5VPCB16D0530","5","V","P","C","B","1","6","D","0","5","3","0",0,0,0,"000000000","00000000000",0,0,0,1,0,0,0,0,0,0,0,998,0,0,0,3,6,2,12,0,0,0,1,29,65802,6,1,0,0,3,3,71,205,0,0,0,0,0,0,0,0,0,0,0,0,0,0,2,3,45,3,1,2,1,3,3,11,66,16,1,1,68,"777777777777","777777777777","777777777777",1,0
29,290292,2,2,4,28,5,15,9,12,6,1,0,29,2,20,2,20002,4,2008,"2G1WT58K3891","2","G","1","W","T","5","8","K","3","8","9","1",0,0,0,"000000000","00000000000",0,0,0,1,0,0,0,0,0,0,0,998,0,0,0,12,6,2,12,0,0,0,1,29,65714,6,1,0,0,3,0,72,140,0,0,0,0,0,0,0,0,0,0,39,0,0,0,2,3,45,2,1,2,1,3,3,14,17,1,1,1,69,"777777777777","777777777777","777777777777",0,0
29,290293,1,3,1,3,6,16,7,12,6,1,0,29,2,76,709,76709,80,2005,"JYARJ06E15A0","J","Y","A","R","J","0","6","E","1","5","A","0",0,0,0,"000000000","00000000000",0,0,0,1,0,0,0,0,0,0,0,67,0,0,0,1,6,2,1,0,0,0,1,29,65605,6,1,0,0,2,0,67,125,3,0,0,1,2,12,2014,4,2016,3,38,39,0,0,1,2,25,1,1,2,1,20,3,1,17,1,1,1,77,"777777777777","777777777777","777777777777",1,0
29,290293,2,3,1,3,6,16,7,12,6,1,0,29,1,14,20,14020,4,2007,"1MEHM43197G6","1","M","E","H","M","4","3","1","9","7","G","6",0,0,0,"000000000","00000000000",0,0,0,1,0,0,0,0,0,0,0,998,0,0,0,12,6,2,12,0,0,0,1,29,65633,6,1,6,0,3,3,67,217,1,0,0,0,0,5,2015,5,2015,0,0,0,0,0,1,2,25,1,1,2,1,20,3,11,65,1,1,1,76,"777777777777","777777777777","777777777777",0,0
29,290293,3,3,1,3,6,16,7,12,6,1,0,8,2,12,471,12471,30,1994,"1FTCR10A6RUD","1","F","T","C","R","1","0","A","6","R","U","D",0,0,0,"000000000","00000000000",0,0,0,1,0,0,0,0,0,0,0,0,0,0,0,12,4,5,12,0,0,0,1,8,81504,6,1,6,0,3,3,66,265,0,0,0,0,0,0,0,0,0,0,0,0,0,0,1,2,25,1,1,2,1,20,3,5,78,1,1,1,98,"777777777777","777777777777","777777777777",0,0
29,290294,1,1,1,2,6,6,45,11,0,1,0,29,2,37,31,37031,2,2006,"2HGFG11616H5","2","H","G","F","G","1","1","6","1","6","H","5",0,0,0,"000000000","00000000000",0,0,0,1,0,0,0,0,0,0,0,998,0,1,5,12,6,2,1,0,0,0,1,29,65360,6,1,0,0,3,3,69,180,1,0,0,0,2,5,2014,3,2015,4,83,0,0,0,1,2,55,1,1,2,1,0,0,1,6,1,1,1,13,"777777777777","777777777777","777777777777",1,0
29,290295,1,1,2,3,6,13,15,42,0,1,0,20,1,67,32,67032,3,2013,"JTKJF5C7XD30","J","T","K","J","F","5","C","7","X","D","3","0",0,0,0,"000000000","00000000000",0,0,0,1,0,0,0,0,0,0,0,998,0,0,0,12,4,3,42,0,0,0,1,20,66048,6,1,0,0,3,3,67,220,1,0,0,0,0,7,2015,7,2015,3,0,0,0,0,1,2,35,2,1,2,1,0,0,14,6,99,9,4,7,"777777777777","777777777777","777777777777",1,1
29,290296,1,1,2,5,5,19,4,42,0,1,0,29,2,18,20,18020,4,2003,"2G4WB52K0311","2","G","4","W","B","5","2","K","0","3","1","1",0,0,0,"000000000","00000000000",0,0,0,1,0,0,0,0,0,0,0,91,0,0,0,12,6,2,42,0,0,0,1,29,64870,1,1,0,0,2,0,73,140,0,1,0,0,0,7,2015,7,2015,3,39,0,0,0,1,2,30,2,5,2,1,20,3,14,12,1,5,4,7,"777777777777","777777777777","777777777777",1,0
29,290297,1,2,1,19,5,23,22,12,1,1,0,29,1,72,706,72706,80,2013,"1HD1KHM1XDB6","1","H","D","1","K","H","M","1","X","D","B","6",0,0,0,"000000000","00000000000",0,0,0,1,0,0,0,0,0,0,0,998,0,0,0,12,6,2,12,0,0,0,1,29,63028,6,1,0,0,3,0,73,250,0,0,0,0,0,0,0,0,0,3,26,0,0,0,3,5,60,3,5,2,1,0,0,14,51,16,2,1,24,"777777777777","777777777777","777777777777",1,1
29,290297,2,2,1,19,5,23,22,12,1,1,0,29,2,49,472,49472,30,2013,"5TFTX4CN0DX0","5","T","F","T","X","4","C","N","0","D","X","0",0,0,0,"000000000","00000000000",0,0,0,1,0,0,0,0,0,0,0,998,0,0,0,6,2,5,12,0,0,0,1,13,63129,3,1,0,0,2,0,76,245,98,0,0,0,1,8,2011,8,2011,0,0,0,0,0,3,5,60,3,5,2,1,0,0,14,53,1,1,1,25,"777777777777","777777777777","777777777777",0,0
29,290298,1,2,1,21,5,18,12,12,6,1,0,29,1,72,706,72706,80,2007,"1HD1CX3197K4","1","H","D","1","C","X","3","1","9","7","K","4",0,0,0,"000000000","00000000000",0,0,0,1,0,0,0,0,0,0,0,40,0,0,0,12,6,2,12,0,0,0,1,29,63957,6,1,0,0,3,0,72,175,0,0,0,0,0,0,0,0,0,3,0,0,0,0,2,2,65,2,6,2,1,0,0,2,64,16,2,1,69,"777777777777","777777777777","777777777777",1,0
29,290298,2,2,1,21,5,18,12,12,6,1,0,29,1,23,481,23481,31,1994,"1GTDC14K5RZ5","1","G","T","D","C","1","4","K","5","R","Z","5",0,0,0,"000000000","00000000000",0,0,0,1,0,0,0,0,0,0,0,999,0,0,0,5,6,2,12,0,0,0,1,29,63070,6,1,0,0,3,0,72,280,0,0,0,0,0,0,0,0,0,0,38,0,0,0,2,2,65,3,6,2,1,0,0,11,15,1,1,1,68,"777777777777","777777777777","777777777777",0,0
29,290299,1,2,1,24,5,6,20,12,2,1,0,29,1,22,18,22018,2,2002,"1G2NV12E92C2","1","G","2","N","V","1","2","E","9","2","C","2",0,0,0,"000000000","00000000000",0,0,0,1,0,0,0,0,0,0,0,998,0,0,0,12,6,2,12,0,0,0,1,29,63555,6,1,0,0,3,0,72,185,0,0,0,0,0,0,0,0,0,4,27,0,0,0,1,2,55,3,1,2,1,0,0,14,6,1,5,2,51,"777777777777","777777777777","777777777777",1,0
29,290299,2,2,1,24,5,6,20,12,2,1,0,19,0,7,472,7472,31,2000,"1B7GG2AN8YS5","1","B","7","G","G","2","A","N","8","Y","S","5",0,0,0,"000000000","00000000000",0,0,0,1,0,0,0,0,0,0,0,57,0,0,0,12,6,2,12,0,0,0,1,19,52537,6,1,0,0,3,3,75,320,0,0,0,0,0,0,0,0,0,0,0,0,0,0,1,2,55,1,1,2,1,0,0,1,62,1,1,1,50,"777777777777","777777777777","777777777777",0,0
29,290300,1,1,4,26,5,18,40,42,0,1,0,92,0,55,35,55035,4,2000,"KMHJF35F7YU0","K","M","H","J","F","3","5","F","7","Y","U","0",0,0,0,"000000000","00000000000",0,0,0,1,0,0,0,0,0,0,0,75,0,0,0,2,6,2,42,0,0,0,1,29,64733,9,1,0,0,9,9,71,165,99,99,99,99,99,99,9999,99,9999,4,58,0,0,0,1,2,60,2,6,2,2,0,0,14,13,1,5,4,7,"777777777777","777777777777","777777777777",2,1
29,290301,1,2,1,28,5,1,30,12,1,1,0,29,1,48,403,48403,14,2015,"JF2GPACC6F83","J","F","2","G","P","A","C","C","6","F","8","3",0,0,0,"000000000","00000000000",0,0,0,1,0,0,0,0,0,0,0,998,0,0,0,12,6,2,12,0,0,0,1,29,64079,6,1,0,0,3,0,75,270,0,0,0,0,0,0,0,0,0,0,6,0,0,0,3,3,70,1,6,2,2,0,0,15,51,1,1,1,24,"777777777777","777777777777","777777777777",0,1
29,290301,2,2,2,28,5,1,30,12,1,1,0,20,1,63,37,63037,6,2016,"KNDJN2A29G78","K","N","D","J","N","2","A","2","9","G","7","8",0,0,0,"000000000","00000000000",0,0,0,1,0,0,0,0,0,0,0,998,0,0,0,6,6,2,12,0,0,0,1,20,66109,6,1,0,0,3,3,70,220,0,0,0,0,0,0,0,0,0,0,0,0,0,0,3,3,70,1,6,2,2,0,0,1,53,1,1,1,25,"777777777777","777777777777","777777777777",1,0
29,290302,1,1,2,28,5,22,14,8,0,1,0,92,0,98,739,98739,90,2014,"4UF14MPV9BT3","4","U","F","1","4","M","P","V","9","B","T","3",0,0,0,"000000000","00000000000",0,0,0,1,0,0,0,0,0,0,0,44,0,0,0,12,2,3,8,0,0,0,1,29,64671,6,1,0,0,3,0,67,165,0,0,0,0,0,0,0,0,0,0,6,0,0,0,1,2,55,1,6,2,1,0,0,1,80,16,2,1,13,"777777777777","777777777777","777777777777",0,1
29,290303,1,2,1,29,5,13,13,12,2,1,0,29,1,12,481,12481,31,2015,"1FT8X3DT2FEB","1","F","T","8","X","3","D","T","2","F","E","B",1,1,0,"000000000","00000000000",0,0,0,1,0,0,0,0,0,0,0,999,0,0,0,12,6,2,12,0,0,0,1,29,65646,6,1,6,0,3,0,68,175,3,0,0,0,0,7,2013,7,2015,0,0,0,0,0,1,2,55,2,6,2,1,0,0,14,10,7,1,2,50,"MOHMTRAILER0","777777777777","777777777777",0,0
29,290303,2,2,1,29,5,13,13,12,2,1,0,29,1,12,481,12481,31,1999,"1FTNW21F7XED","1","F","T","N","W","2","1","F","7","X","E","D",1,3,0,"000000000","00000000000",0,0,0,1,0,0,0,0,0,0,0,999,0,0,0,12,6,2,12,0,0,0,1,29,65646,6,1,0,0,3,0,69,175,0,0,0,0,0,0,0,0,0,0,0,0,0,0,1,2,55,3,6,2,1,0,0,14,62,16,2,1,51,"DRX000162186","777777777777","777777777777",1,0
29,290304,1,1,2,29,5,15,50,35,0,1,0,29,2,14,21,14021,4,2010,"3MEHM0HA0AR6","3","M","E","H","M","0","H","A","0","A","R","6",0,0,0,"000000000","00000000000",0,0,0,1,0,0,0,0,0,0,0,998,0,0,0,11,6,2,35,0,0,0,1,29,64429,6,1,0,0,3,0,73,200,1,0,0,0,0,2,2013,2,2013,4,39,0,0,0,1,2,50,1,6,4,1,20,3,1,14,16,2,4,14,"777777777777","777777777777","777777777777",1,1
29,290305,1,1,2,1,6,17,50,24,0,1,0,29,2,6,441,6441,20,2002,"2C8GP64LX2R6","2","C","8","G","P","6","4","L","X","2","R","6",0,0,0,"000000000","00000000000",0,0,0,1,0,0,0,0,0,0,0,998,0,0,0,12,6,2,35,0,0,0,1,29,63119,2,1,0,0,2,0,64,180,3,0,0,0,0,9,2011,11,2014,4,0,0,0,0,3,5,60,1,1,1,2,0,0,1,13,1,1,4,1,"777777777777","777777777777","777777777777",1,0
29,290306,1,1,2,1,6,20,26,35,0,1,0,29,1,23,422,23422,15,2004,"1GKFK66U44J1","1","G","K","F","K","6","6","U","4","4","J","1",0,0,0,"000000000","00000000000",0,0,0,1,0,0,0,0,0,0,0,66,0,1,5,12,6,2,1,0,0,0,1,29,65560,6,1,0,0,3,0,73,220,1,0,0,0,0,6,2011,6,2011,0,0,0,0,0,2,2,65,1,1,2,1,0,0,1,12,1,1,4,6,"777777777777","777777777777","777777777777",1,0
29,290307,1,1,1,3,6,21,15,24,0,1,0,29,1,20,421,20421,15,1997,"1GNDT13W2VK1","1","G","N","D","T","1","3","W","2","V","K","1",0,0,0,"000000000","00000000000",0,0,0,1,0,0,0,0,0,0,0,998,0,1,5,12,4,3,1,0,0,0,1,29,63601,6,1,0,0,3,3,70,185,0,0,0,0,0,0,0,0,0,0,0,0,0,0,1,2,50,2,1,1,1,0,0,14,12,1,1,4,6,"777777777777","777777777777","777777777777",1,1
29,290308,1,2,1,3,6,23,48,12,2,1,0,15,1,37,471,37471,30,2012,"5FPYK1F72CB0","5","F","P","Y","K","1","F","7","2","C","B","0",0,0,0,"000000000","00000000000",0,0,0,1,0,0,0,0,0,0,0,45,0,0,0,12,6,2,12,0,0,0,1,15,96740,6,1,0,0,3,0,65,125,0,0,0,0,1,2,2014,2,2014,0,50,0,0,0,2,2,70,1,1,2,1,0,0,1,54,1,1,1,52,"777777777777","777777777777","777777777777",0,1
29,290308,2,2,3,3,6,23,48,12,2,1,0,29,2,22,18,22018,4,2000,"1G2NE52T2YM8","1","G","2","N","E","5","2","T","2","Y","M","8",0,0,0,"000000000","00000000000",0,0,0,1,0,0,0,0,0,0,0,64,0,0,0,12,6,2,12,0,0,0,1,29,65026,6,2,0,0,3,2,72,165,0,0,0,0,0,0,0,0,0,0,73,0,0,0,2,2,70,1,1,2,1,0,0,1,54,7,1,1,52,"777777777777","777777777777","777777777777",2,0
29,290309,1,1,5,5,6,0,28,1,0,1,0,29,1,12,481,12481,31,1998,"1FTZX18W7WKB","1","F","T","Z","X","1","8","W","7","W","K","B",0,0,0,"000000000","00000000000",0,0,0,1,0,0,0,0,0,0,0,25,0,1,5,0,6,2,1,0,0,0,1,29,64085,6,1,0,0,3,0,71,180,0,0,0,0,0,0,0,0,0,4,24,0,0,0,1,2,50,3,1,4,1,0,0,14,6,6,4,4,2,"777777777777","777777777777","777777777777",1,1
29,290310,1,2,3,6,6,14,20,12,2,1,0,29,1,51,43,51043,1,2001,"YV1NC56D31J0","Y","V","1","N","C","5","6","D","3","1","J","0",0,0,0,"000000000","00000000000",0,0,0,1,0,0,0,0,0,0,0,998,0,0,0,12,6,2,12,0,0,0,1,29,63623,6,1,0,0,3,0,61,105,0,3,0,0,0,1,2015,12,2015,0,0,0,0,0,1,2,55,3,5,2,1,0,0,14,62,7,1,1,51,"777777777777","777777777777","777777777777",0,0
29,290310,2,2,1,6,6,14,20,12,2,1,0,29,2,77,706,77706,80,2006,"5VPGB26D6630","5","V","P","G","B","2","6","D","6","6","3","0",0,0,0,"000000000","00000000000",0,0,0,1,0,0,0,0,0,0,0,998,0,0,0,12,6,2,12,0,0,0,1,29,63628,6,1,0,0,3,0,68,266,0,0,0,0,0,0,0,0,0,0,28,0,0,0,1,2,55,2,5,2,1,0,0,14,10,16,2,2,50,"777777777777","777777777777","777777777777",1,0
29,290311,1,2,1,7,6,13,50,12,8,1,0,12,1,73,705,73705,80,2012,"JKAZX4R16CA0","J","K","A","Z","X","4","R","1","6","C","A","0",0,0,0,"000000000","00000000000",0,0,0,1,0,0,0,0,0,0,0,998,0,0,0,11,6,2,12,0,0,0,1,29,63390,6,1,0,0,3,0,72,250,0,0,0,1,0,5,2016,5,2016,0,28,0,0,0,1,2,55,2,5,2,1,0,0,14,10,1,5,2,64,"777777777777","777777777777","777777777777",1,0
29,290311,2,2,1,7,6,13,50,12,8,1,0,29,3,84,884,84884,64,2007,"5B4KPD2U7734","5","B","4","K","P","D","2","U","7","7","3","4",0,0,58,"21800","5821800",2,1,1,1,0,0,0,0,0,0,0,998,0,0,0,10,2,3,12,0,0,0,1,29,63303,6,1,0,0,3,0,73,190,1,0,0,0,0,1,2015,1,2015,0,0,0,0,0,1,2,55,3,5,2,1,0,0,14,62,1,1,1,65,"777777777777","777777777777","777777777777",0,0
29,290312,1,2,1,8,6,7,12,12,1,1,0,29,1,20,471,20471,30,2001,"1GCCS14W9182","1","G","C","C","S","1","4","W","9","1","8","2",0,0,0,"000000000","00000000000",0,0,0,1,0,0,0,0,0,0,0,62,0,1,5,12,6,2,12,0,0,0,1,29,65583,6,1,0,0,3,0,71,207,0,0,0,0,0,0,0,0,0,0,0,0,0,0,3,2,70,1,6,2,1,0,0,1,51,1,1,1,24,"777777777777","777777777777","777777777777",1,0
29,290312,2,2,1,8,6,7,12,12,1,1,0,29,1,20,422,20422,15,2010,"1GNUKKE33AR2","1","G","N","U","K","K","E","3","3","A","R","2",0,0,0,"000000000","00000000000",0,0,0,1,0,0,0,0,0,0,0,62,0,0,0,6,4,3,12,0,0,0,1,29,65583,6,1,0,0,3,3,68,200,0,0,0,0,0,0,0,0,0,0,0,0,0,0,3,2,70,1,6,2,1,0,0,1,53,1,1,1,25,"777777777777","777777777777","777777777777",0,0
29,290313,1,2,1,8,6,10,36,12,2,1,0,29,1,21,22,21022,4,1998,"1G3GR62C9W41","1","G","3","G","R","6","2","C","9","W","4","1",0,0,0,"000000000","00000000000",0,0,0,1,0,0,0,0,0,0,0,998,0,0,0,12,6,2,12,0,0,0,1,29,65026,6,1,0,0,3,0,67,130,0,0,0,0,0,0,0,0,0,0,50,0,0,0,2,2,70,1,3,2,1,0,0,1,54,1,1,1,52,"777777777777","777777777777","777777777777",1,0
29,290313,2,2,2,8,6,10,36,12,2,1,0,29,1,23,402,23402,14,2014,"2GKFLXE32E63","2","G","K","F","L","X","E","3","2","E","6","3",0,0,0,"000000000","00000000000",0,0,0,1,0,0,0,0,0,0,0,998,0,0,0,12,6,2,12,0,0,0,1,29,65065,6,1,0,0,3,0,68,160,0,0,0,0,0,0,0,0,0,0,0,0,0,0,2,2,70,1,3,2,1,0,0,1,54,1,1,1,52,"777777777777","777777777777","777777777777",2,0
29,290314,1,1,1,11,6,0,16,8,0,1,0,29,1,20,37,20037,4,2012,"1G1ZG5E76CF2","1","G","1","Z","G","5","E","7","6","C","F","2",0,0,0,"000000000","00000000000",0,0,0,1,0,0,0,0,0,0,0,999,0,0,0,12,6,2,8,0,0,0,1,29,63901,6,1,0,0,3,0,65,165,1,0,0,0,0,11,2011,11,2011,0,0,0,0,0,2,2,65,1,1,2,1,0,0,1,80,1,1,1,13,"777777777777","777777777777","777777777777",0,0
29,290315,1,1,1,11,6,8,15,1,0,1,0,18,3,82,881,82881,66,2014,"3AKJGEDV6ESF","3","A","K","J","G","E","D","V","6","E","S","F",1,1,57,"1203339","571203339",3,6,2,1,0,0,0,0,0,0,0,41,0,1,1,0,6,2,1,0,0,0,1,5,72447,6,1,6,0,3,3,71,195,0,0,0,0,0,0,0,0,0,0,0,0,0,0,1,2,45,1,1,2,1,0,0,1,13,6,1,6,98,"K41307","777777777777","777777777777",1,0
29,290316,1,2,1,12,6,15,3,12,2,1,0,29,1,20,4,20004,2,1987,"1G1YY218XH51","1","G","1","Y","Y","2","1","8","X","H","5","1",0,0,0,"000000000","00000000000",0,0,0,1,0,0,0,0,0,0,0,998,0,0,0,12,6,2,12,0,0,1,1,29,63456,6,1,6,0,3,0,74,200,0,0,0,0,0,0,0,0,0,3,50,0,0,0,2,2,65,1,1,1,1,0,0,1,6,7,5,4,52,"777777777777","777777777777","777777777777",1,0
29,290316,2,2,2,12,6,15,3,12,2,1,0,17,1,49,46,49046,5,2013,"JTDKN3DU9D17","J","T","D","K","N","3","D","U","9","D","1","7",0,0,0,"000000000","00000000000",0,0,0,1,0,0,0,0,0,0,0,998,0,0,0,12,6,2,12,0,0,0,1,17,60540,6,1,0,0,3,3,76,280,0,0,0,0,0,0,0,0,0,0,0,0,0,0,2,2,65,1,1,1,1,0,0,1,64,7,1,4,52,"777777777777","777777777777","777777777777",0,0
29,290317,1,1,1,13,6,2,5,1,0,1,0,29,3,82,881,82881,66,2006,"1FUJA6CK46LW","1","F","U","J","A","6","C","K","4","6","L","W",1,1,57,"583057","57583057",3,6,8,1,0,0,0,0,0,0,0,60,0,1,5,0,6,2,1,0,0,0,1,5,72450,6,1,6,0,3,0,69,237,0,0,0,2,1,2,2012,5,2016,0,0,0,0,0,1,2,60,2,1,2,1,0,0,14,12,1,1,4,6,"1GRAA8423WB0","777777777777","777777777777",1,0
29,290318,1,1,1,14,6,10,29,31,0,1,0,12,3,84,884,84884,66,2009,"2HSCUAPR59C0","2","H","S","C","U","A","P","R","5","9","C","0",1,1,57,"588008","57588008",3,6,1,1,0,0,0,0,0,0,0,73,0,1,5,3,6,2,1,0,0,0,1,12,32052,6,1,6,0,3,3,73,999,0,0,0,0,1,6,2012,6,2012,0,0,0,0,0,3,2,70,1,1,2,1,0,0,1,13,1,1,4,1,"1GRAA06244S7","777777777777","777777777777",1,0
29,290319,1,1,3,10,5,9,20,8,0,1,0,29,2,55,33,55033,4,2001,"KMHWF35V21A3","K","M","H","W","F","3","5","V","2","1","A","3",0,0,0,"000000000","00000000000",0,0,0,1,0,0,0,0,0,0,0,998,0,0,0,12,4,3,8,0,0,0,1,29,63116,6,1,0,0,3,0,60,100,1,0,0,0,0,8,2015,8,2015,0,0,0,0,0,1,2,35,1,1,2,2,3,3,1,80,9,1,1,13,"777777777777","777777777777","777777777777",0,0
29,290320,1,3,4,22,5,22,37,12,6,1,1,29,3,12,24,12024,6,2015,"2FMTK3G88FBC","2","F","M","T","K","3","G","8","8","F","B","C",0,0,0,"000000000","00000000000",0,0,0,1,0,0,0,0,0,0,0,998,0,1,1,12,6,2,1,0,0,0,1,99,99999,9,9,99,9,9,9,999,999,99,99,99,99,99,99,9999,99,9999,3,39,0,0,0,1,4,35,1,1,2,1,3,3,1,17,1,1,1,86,"777777777777","777777777777","777777777777",0,0
29,290320,2,3,1,22,5,22,37,12,6,1,0,29,1,54,35,54035,4,2010,"19UUA9F52AA0","1","9","U","U","A","9","F","5","2","A","A","0",0,0,0,"000000000","00000000000",0,0,0,1,0,0,0,0,0,0,0,998,0,0,0,4,6,2,42,0,0,0,1,29,63104,6,1,0,0,3,0,73,195,0,2,1,0,0,12,2013,6,2014,0,0,0,0,0,1,5,35,1,1,2,1,3,3,1,66,99,9,1,87,"777777777777","777777777777","777777777777",1,0