"STATE","ST_CASE","VEH_NO","VE_FORMS","NUMOCCS","DAY","MONTH","HOUR","MINUTE","HARM_EV","MAN_COLL","UNITTYPE","HIT_RUN","REG_STAT","OWNER","MAKE","MODEL","MAK_MOD","BODY_TYP","MOD_YEAR","VIN","VIN_1","VIN_2","VIN_3","VIN_4","VIN_5","VIN_6","VIN_7","VIN_8","VIN_9","VIN_10","VIN_11","VIN_12","TOW_VEH","J_KNIFE","MCARR_I1","MCARR_I2","MCARR_ID","GVWR","V_CONFIG","CARGO_BT","HAZ_INV","HAZ_PLAC","HAZ_ID","HAZ_CNO","HAZ_REL","BUS_USE","SPEC_USE","EMER_USE","TRAV_SP","UNDERIDE","ROLLOVER","ROLINLOC","IMPACT1","DEFORMED","TOWED","M_HARM","VEH_SC1","VEH_SC2","FIRE_EXP","DR_PRES","L_STATE","DR_ZIP","L_STATUS","L_TYPE","CDL_STAT","L_ENDORS","L_COMPL","L_RESTRI","DR_HGT","DR_WGT","PREV_ACC","PREV_SUS","PREV_DWI","PREV_SPD","PREV_OTH","FIRST_MO","FIRST_YR","LAST_MO","LAST_YR","SPEEDREL","DR_SF1","DR_SF2","DR_SF3","DR_SF4","VTRAFWAY","VNUM_LAN","VSPD_LIM","VALIGN","VPROFILE","VPAVETYP","VSURCOND","VTRAFCON","VTCONT_F","P_CRASH1","P_CRASH2","P_CRASH3","PCRASH4","PCRASH5","ACC_TYPE","TRLR1VIN","TRLR2VIN","TRLR3VIN","DEATHS","DR_DRINK"
29,290359,2,2,1,23,6,9,39,12,1,1,0,29,2,12,471,12471,30,2009,"1FTYR10D49PA","1","F","T","Y","R","1","0","D","4","9","P","A",0,0,0,"000000000","00000000000",0,0,0,1,0,0,0,0,0,0,0,998,0,0,0,12,6,2,8,0,0,0,1,29,63304,6,1,0,0,3,0,68,172,0,0,0,0,0,0,0,0,0,0,0,0,0,0,3,4,60,1,1,1,1,0,0,1,50,16,9,1,32,"777777777777","777777777777","777777777777",0,0
29,290360,1,1,1,23,6,18,59,35,0,1,0,29,1,23,472,23472,30,2009,"1GTCS149X981","1","G","T","C","S","1","4","9","X","9","8","1",0,0,0,"000000000","00000000000",0,0,0,1,0,0,0,0,0,0,0,998,0,0,0,12,6,2,35,0,0,1,1,29,63109,6,1,0,0,3,3,74,170,0,0,0,0,0,0,0,0,0,0,99,99,99,99,6,1,30,2,1,2,1,0,0,14,9,99,1,4,6,"777777777777","777777777777","777777777777",1,0
29,290361,1,2,1,24,6,14,8,12,1,1,0,29,1,12,461,12461,21,1997,"1FTFE2425VHA","1","F","T","F","E","2","4","2","5","V","H","A",0,0,0,"000000000","00000000000",0,0,0,1,0,0,0,0,0,0,0,998,0,0,0,12,6,2,2,0,0,1,1,29,64643,6,1,0,0,3,3,74,170,1,0,0,0,0,3,2012,3,2012,0,26,0,0,0,2,2,65,1,1,2,1,0,0,2,51,16,2,1,24,"777777777777","777777777777","777777777777",1,0
29,290361,2,2,2,24,6,14,8,12,1,1,0,93,3,82,881,82881,66,2005,"1FUJBBCV85LV","1","F","U","J","B","B","C","V","8","5","L","V",1,1,57,"46640","5746640",3,6,1,1,0,0,0,0,0,0,0,998,0,0,0,6,6,2,12,0,0,0,1,55,53403,6,1,6,0,3,0,65,180,0,0,0,1,0,5,2012,5,2012,0,0,0,0,0,2,2,65,1,1,2,1,0,0,1,53,1,1,1,25,"1KKVE5322YL2","777777777777","777777777777",0,0
29,290362,1,1,1,28,6,5,20,21,0,1,0,29,2,20,36,20036,2,2005,"2G1WW12E8591","2","G","1","W","W","1","2","E","8","5","9","1",0,0,0,"000000000","00000000000",0,0,0,1,0,0,0,0,0,0,0,998,0,0,0,12,6,2,21,0,0,0,1,29,64079,6,1,0,0,3,0,72,170,0,0,0,0,0,0,0,0,0,0,99,99,99,99,2,2,70,1,5,2,1,0,0,1,9,1,1,4,1,"777777777777","777777777777","777777777777",1,0
29,290363,1,1,1,28,6,8,52,43,0,1,0,29,1,23,401,23401,14,1997,"1GKDT13W1V25","1","G","K","D","T","1","3","W","1","V","2","5",0,0,0,"000000000","00000000000",0,0,0,1,0,0,0,0,0,0,0,998,0,1,1,12,6,2,1,0,0,0,1,29,63050,6,1,0,0,3,0,74,178,0,0,0,0,0,0,0,0,0,0,58,0,0,0,3,2,65,1,6,2,1,0,0,1,13,6,1,4,1,"777777777777","777777777777","777777777777",1,0
29,290364,1,2,1,28,6,17,36,12,2,1,0,92,0,37,703,37703,83,1994,"JH2ME0308RM6","J","H","2","M","E","0","3","0","8","R","M","6",0,0,0,"000000000","00000000000",0,0,0,1,0,0,0,0,0,0,0,998,0,0,0,12,6,2,1,0,0,0,1,29,64052,6,1,0,0,2,0,73,210,2,0,0,1,1,3,2015,11,2015,3,0,0,0,0,1,2,25,1,6,2,1,0,0,1,71,16,2,1,69,"777777777777","777777777777","777777777777",1,0
29,290364,2,2,1,28,6,17,36,12,2,1,0,48,1,55,33,55033,4,2013,"5NPEB4AC9DH7","5","N","P","E","B","4","A","C","9","D","H","7",0,0,0,"000000000","00000000000",0,0,0,1,0,0,0,0,0,0,0,998,0,0,0,12,4,5,12,0,0,0,1,48,75034,6,1,0,0,3,0,999,999,0,0,0,1,0,2,2016,2,2016,0,38,0,0,0,1,2,25,1,5,2,1,0,0,11,15,1,1,1,68,"777777777777","777777777777","777777777777",0,0
29,290365,1,1,1,30,6,4,10,24,0,1,0,29,1,7,24,7024,4,2006,"2B3KA73WX6H5","2","B","3","K","A","7","3","W","X","6","H","5",0,0,0,"000000000","00000000000",0,0,0,1,0,0,0,0,0,0,0,998,0,1,5,12,6,2,3,0,0,0,1,29,63138,6,1,6,0,3,0,72,265,2,0,0,0,0,6,2013,5,2014,3,0,0,0,0,2,2,55,3,6,7,1,0,0,14,13,99,1,4,1,"777777777777","777777777777","777777777777",1,1
29,290366,1,2,1,4,7,19,19,12,6,1,0,29,1,7,472,7472,31,1996,"1B7GL23X4TS5","1","B","7","G","L","2","3","X","4","T","S","5",0,0,0,"000000000","00000000000",0,0,0,1,0,0,0,0,0,0,0,998,0,0,0,9,6,2,12,0,0,0,1,29,63601,6,1,0,0,3,0,70,160,2,0,0,0,0,10,2013,7,2015,0,38,39,0,0,1,2,55,1,9,2,2,20,3,1,17,1,1,1,89,"777777777777","777777777777","777777777777",1,0
29,290366,2,2,2,4,7,19,19,12,6,1,0,29,1,20,25,20025,4,2011,"1G1PC5SH4B72","1","G","1","P","C","5","S","H","4","B","7","2",0,0,0,"000000000","00000000000",0,0,0,1,0,0,0,0,0,0,0,998,0,0,0,12,6,2,12,0,0,0,1,29,63627,6,1,0,0,3,0,57,108,0,0,0,0,0,0,0,0,0,0,0,0,0,0,2,2,65,1,6,2,2,0,0,1,66,16,1,1,88,"777777777777","777777777777","777777777777",0,0
29,290367,1,1,2,7,7,13,29,1,0,1,0,29,1,20,481,20481,31,2004,"1GCEK14X74Z2","1","G","C","E","K","1","4","X","7","4","Z","2",0,0,0,"000000000","00000000000",0,0,0,1,0,0,0,0,0,0,0,998,0,2,5,0,6,2,1,0,0,0,1,29,63628,6,1,0,0,3,3,67,175,0,0,0,0,0,0,0,0,0,4,0,0,0,0,6,1,70,2,1,2,2,0,0,14,6,99,3,4,7,"777777777777","777777777777","777777777777",1,0
29,290368,1,1,2,26,6,1,45,1,0,1,0,29,1,72,706,72706,80,2012,"1HD1KBM10CB6","1","H","D","1","K","B","M","1","0","C","B","6",0,0,0,"000000000","00000000000",0,0,0,1,0,0,0,0,0,0,0,998,0,0,0,0,6,2,1,0,0,0,1,29,64804,6,1,6,0,3,0,71,189,1,1,0,0,0,4,2012,4,2015,0,6,0,0,0,1,2,55,1,1,2,1,0,0,1,13,6,1,6,98,"777777777777","777777777777","777777777777",1,1
29,290369,1,1,4,29,4,22,26,8,0,1,0,92,0,59,31,59031,4,2008,"JTHCK2626850","J","T","H","C","K","2","6","2","6","8","5","0",0,0,0,"000000000","00000000000",0,0,0,1,0,0,0,0,0,0,0,998,0,0,0,11,4,3,8,0,0,0,1,29,63123,6,1,0,0,3,0,75,210,1,0,0,0,1,3,2014,12,2014,0,0,0,0,0,1,2,25,1,1,2,2,3,3,1,80,1,1,1,13,"777777777777","777777777777","777777777777",0,0
29,290370,1,1,1,31,5,18,59,43,0,1,0,92,0,98,734,98734,90,2016,"4XASYE856GA2","4","X","A","S","Y","E","8","5","6","G","A","2",0,0,0,"000000000","00000000000",0,0,0,1,0,0,0,0,0,0,0,998,0,1,1,98,6,2,1,0,0,0,1,29,64057,6,1,0,0,3,0,72,180,0,0,0,0,0,0,0,0,0,9,99,99,99,99,1,2,35,1,1,7,1,0,0,1,9,99,9,4,7,"777777777777","777777777777","777777777777",1,1
29,290371,1,1,1,3,7,22,10,8,0,1,0,29,2,30,40,30040,4,2005,"3VWRF71K45M6","3","V","W","R","F","7","1","K","4","5","M","6",0,0,0,"000000000","00000000000",0,0,0,1,0,0,0,0,0,0,0,998,0,0,0,12,4,5,8,0,0,0,1,29,64722,6,1,0,0,3,3,72,245,1,0,0,0,0,5,2013,5,2013,0,0,0,0,0,1,2,55,1,5,2,1,0,0,1,80,8,1,1,13,"777777777777","777777777777","777777777777",0,0
29,290372,1,1,1,30,5,23,0,8,0,1,0,37,2,6,441,6441,20,2009,"2A8HR44E99R6","2","A","8","H","R","4","4","E","9","9","R","6",0,0,0,"000000000","00000000000",0,0,0,1,0,0,0,0,0,0,0,47,0,0,0,12,6,2,8,0,0,0,1,13,30080,6,1,0,0,3,3,79,337,98,1,0,1,1,12,2012,1,2013,9,99,99,99,99,5,5,45,1,6,1,1,0,0,1,80,16,1,1,13,"777777777777","777777777777","777777777777",0,0
29,290373,1,1,1,23,5,15,48,42,0,1,0,29,1,20,20,20020,4,1997,"2G1WL52M4V11","2","G","1","W","L","5","2","M","4","V","1","1",0,0,0,"000000000","00000000000",0,0,0,1,0,0,0,0,0,0,0,998,0,1,5,6,6,2,1,0,0,0,1,29,65672,6,1,0,0,3,3,65,150,0,0,0,0,0,0,0,0,0,0,0,0,0,0,1,2,20,1,6,2,1,0,0,13,9,99,9,4,92,"777777777777","777777777777","777777777777",1,0
29,290374,1,1,4,26,6,9,24,35,0,1,0,29,1,52,401,52401,14,1998,"JA4MT41P7WP0","J","A","4","M","T","4","1","P","7","W","P","0",0,0,0,"000000000","00000000000",0,0,0,1,0,0,0,0,0,0,0,998,0,1,5,12,6,2,1,0,0,0,1,29,65616,6,1,0,0,3,0,67,145,0,1,0,1,0,5,2014,6,2014,3,80,0,0,0,3,2,60,2,6,2,1,0,0,14,1,99,9,4,2,"777777777777","777777777777","777777777777",1,0
29,290375,1,1,2,8,6,16,42,30,0,1,0,29,1,20,481,20481,31,2000,"2GCEC19V7Y14","2","G","C","E","C","1","9","V","7","Y","1","4",0,0,0,"000000000","00000000000",0,0,0,1,0,0,0,0,0,0,0,998,0,1,5,11,6,2,1,0,0,0,1,48,76020,6,1,0,0,3,0,999,999,0,0,0,2,0,2,2014,2,2014,0,80,0,0,0,2,2,65,1,1,1,1,0,0,1,1,99,9,4,1,"777777777777","777777777777","777777777777",1,0
29,290376,1,2,1,2,7,19,3,12,2,1,0,29,3,87,884,87884,62,2008,"2NPLHN6XX8M7","2","N","P","L","H","N","6","X","X","8","M","7",0,0,57,"2449986","572449986",2,1,1,1,0,0,0,0,0,0,0,998,0,0,0,12,6,2,12,0,0,0,1,29,64485,6,1,6,0,3,0,70,160,2,0,0,0,0,8,2012,12,2012,0,0,0,0,0,2,2,70,1,6,2,2,0,0,1,62,7,1,1,51,"777777777777","777777777777","777777777777",0,0
29,290376,2,2,1,2,7,19,3,12,2,1,0,20,1,12,16,12016,4,2001,"2FAFP74WX1X1","2","F","A","F","P","7","4","W","X","1","X","1",0,0,0,"000000000","00000000000",0,0,0,1,0,0,0,0,0,0,0,75,0,0,0,12,6,2,12,0,0,0,1,20,66090,6,1,0,0,3,0,69,145,0,0,0,0,0,0,0,0,0,4,87,0,0,0,2,2,70,1,5,2,2,0,0,1,10,99,3,2,50,"777777777777","777777777777","777777777777",1,1
29,290377,1,1,1,2,7,13,20,35,0,1,0,29,3,73,705,73705,80,2011,"JKAZX4R15BA0","J","K","A","Z","X","4","R","1","5","B","A","0",0,0,0,"000000000","00000000000",0,0,0,1,0,0,0,0,0,0,0,998,0,0,0,12,6,2,30,0,0,0,1,29,65807,6,1,0,0,2,0,71,145,3,0,0,1,0,3,2013,11,2014,4,0,0,0,0,3,2,50,1,1,2,1,0,0,1,6,99,9,4,2,"777777777777","777777777777","777777777777",1,0
29,290378,1,3,1,1,7,14,40,12,1,1,0,29,1,49,40,49040,4,2014,"4T4BF1FK4ER4","4","T","4","B","F","1","F","K","4","E","R","4",0,0,0,"000000000","00000000000",0,0,0,1,0,0,0,0,0,0,0,2,0,0,0,6,6,2,12,0,0,0,1,29,64093,6,1,0,0,3,3,71,185,0,0,0,0,0,0,0,0,0,0,0,0,0,0,1,2,60,1,6,2,1,0,0,2,53,1,1,1,25,"777777777777","777777777777","777777777777",1,0
29,290378,2,3,1,1,7,14,40,12,1,1,0,93,3,82,881,82881,66,2009,"1FUJGLDR09LA","1","F","U","J","G","L","D","R","0","9","L","A",1,1,57,"215732","57215732",3,6,1,1,0,0,0,0,0,0,0,63,0,0,0,12,6,2,12,0,0,0,1,29,64029,6,1,6,0,3,3,70,240,0,0,0,0,0,0,0,0,0,0,6,0,0,0,1,2,60,1,6,2,1,0,0,1,52,16,1,1,24,"1DW1A53216B8","777777777777","777777777777",0,0
29,290378,3,3,2,1,7,14,40,12,1,1,0,29,3,12,881,12881,61,2006,"1FDXF46P36EC","1","F","D","X","F","4","6","P","3","6","E","C",0,0,88,"888888888","88888888888",2,1,96,1,0,0,0,0,0,0,0,998,0,0,0,12,6,2,12,0,0,0,1,29,65652,6,1,0,0,3,3,66,155,0,0,0,0,0,0,0,0,0,0,0,0,0,0,1,2,60,1,5,2,1,0,0,1,62,99,1,1,98,"777777777777","777777777777","777777777777",0,0
29,290379,1,3,1,8,7,21,12,12,1,1,0,29,1,34,47,34047,1,2016,"WBA3T7C53G5A","W","B","A","3","T","7","C","5","3","G","5","A",0,0,0,"000000000","00000000000",0,0,0,1,0,0,0,0,0,0,0,998,0,0,0,12,6,2,12,0,0,0,1,29,63303,6,1,0,0,3,3,71,160,0,0,0,0,0,0,0,0,0,3,0,0,0,0,3,2,40,1,1,2,1,0,0,1,51,99,1,1,24,"777777777777","777777777777","777777777777",0,1
29,290379,2,3,1,8,7,21,12,12,1,1,0,29,1,49,401,49401,14,2004,"JTEBT17R4480","J","T","E","B","T","1","7","R","4","4","8","0",0,0,0,"000000000","00000000000",0,0,0,1,0,0,0,0,0,0,0,998,0,0,0,6,6,2,12,0,0,0,1,29,63123,6,1,0,0,3,3,67,200,0,0,0,0,0,0,0,0,0,0,0,0,0,0,3,2,40,1,1,2,1,0,0,1,53,1,1,1,25,"777777777777","777777777777","777777777777",1,0
29,290379,3,3,2,8,7,21,12,12,1,1,0,29,1,12,3,12003,1,2016,"1FATP8FFXG52","1","F","A","T","P","8","F","F","X","G","5","2",0,0,0,"000000000","00000000000",0,0,0,1,0,0,0,0,0,0,0,998,0,0,0,12,6,2,12,0,0,0,1,29,63146,6,1,0,0,3,0,70,175,0,0,0,0,0,0,0,0,0,3,0,0,0,0,3,2,40,1,1,2,1,0,0,1,60,16,1,1,98,"777777777777","777777777777","777777777777",0,1
29,290380,1,1,1,3,6,5,39,33,0,1,0,29,2,2,404,2404,14,2000,"1J4GW48N9YC4","1","J","4","G","W","4","8","N","9","Y","C","4",0,0,0,"000000000","00000000000",0,0,0,1,0,0,0,0,0,0,0,998,0,1,5,12,6,2,1,0,0,0,1,29,63121,1,1,0,0,2,3,65,140,1,2,0,0,0,12,2013,7,2014,3,99,99,99,99,1,4,35,1,1,2,1,0,0,1,6,99,9,4,7,"777777777777","777777777777","777777777777",1,0
29,290381,1,1,1,12,7,6,50,35,0,1,0,29,1,20,471,20471,30,1995,"1GCCS1440S82","1","G","C","C","S","1","4","4","0","S","8","2",0,0,0,"000000000","00000000000",0,0,0,1,0,0,0,0,0,0,0,998,0,1,3,12,6,2,1,0,0,0,1,29,63937,1,1,0,0,2,0,72,190,1,5,1,0,2,2,2012,9,2014,0,0,0,0,0,2,2,65,1,1,1,1,0,0,1,12,1,1,4,6,"777777777777","777777777777","777777777777",1,0
29,290382,1,2,1,8,7,1,0,12,2,1,0,20,1,12,461,12461,21,1995,"1FBJS31H4SHA","1","F","B","J","S","3","1","H","4","S","H","A",0,0,0,"000000000","00000000000",0,0,0,1,0,0,0,0,0,0,0,998,0,0,0,12,6,2,12,0,0,0,1,20,66712,2,1,0,0,2,0,72,190,0,2,1,0,0,2,2016,6,2016,0,51,0,0,0,3,2,70,1,1,2,2,0,0,1,54,1,1,1,52,"777777777777","777777777777","777777777777",1,1
29,290382,2,2,3,8,7,1,0,12,2,1,0,4,1,23,481,23481,31,2013,"1GTR1VE01DZ3","1","G","T","R","1","V","E","0","1","D","Z","3",0,0,0,"000000000","00000000000",0,0,0,1,0,0,0,0,0,0,0,998,0,0,0,12,6,2,12,0,0,0,1,4,85396,6,1,6,0,3,0,72,295,0,0,0,0,0,0,0,0,0,0,0,0,0,0,3,2,70,1,1,2,2,0,0,1,54,1,1,1,52,"777777777777","777777777777","777777777777",1,0
29,290384,1,1,2,22,6,15,0,1,0,1,0,29,2,23,401,23401,14,2001,"1GKDT13W4121","1","G","K","D","T","1","3","W","4","1","2","1",0,0,0,"000000000","00000000000",0,0,0,1,0,0,0,0,0,0,0,999,0,1,1,0,6,2,1,0,0,0,1,29,63937,6,1,0,0,3,0,72,180,0,0,0,1,0,6,2016,6,2016,0,38,58,0,0,1,2,55,2,6,2,1,0,0,14,54,7,4,6,98,"777777777777","777777777777","777777777777",1,1
29,290385,1,3,1,22,6,16,5,12,2,1,0,29,1,7,482,7482,31,2016,"1C6RR7ST7GS1","1","C","6","R","R","7","S","T","7","G","S","1",0,0,0,"000000000","00000000000",0,0,0,1,0,0,0,0,0,0,0,998,0,0,0,12,6,2,12,0,0,0,1,29,65041,6,1,0,0,3,3,69,210,0,0,0,0,0,0,0,0,0,0,38,0,0,0,1,2,55,1,6,2,1,0,0,11,15,1,1,1,68,"777777777777","777777777777","777777777777",0,0
29,290385,2,3,1,22,6,16,5,12,2,1,0,29,0,85,881,85881,66,1995,"1XKAD69X1SR6","1","X","K","A","D","6","9","X","1","S","R","6",1,1,57,"82034","5782034",3,6,3,1,0,0,0,0,0,0,0,998,0,1,1,12,6,2,12,0,0,0,1,29,65556,6,1,6,0,3,3,68,300,0,0,0,0,0,0,0,0,0,0,0,0,0,0,1,2,55,1,6,2,1,0,0,1,63,7,1,1,69,"1R1F04527XK9","777777777777","777777777777",1,0
29,290385,3,3,2,22,6,16,5,12,2,1,0,29,1,55,401,55401,14,2002,"KM8SC73D12U2","K","M","8","S","C","7","3","D","1","2","U","2",0,0,0,"000000000","00000000000",0,0,0,1,0,0,0,0,0,0,0,998,0,0,0,13,6,2,12,0,0,0,1,29,65041,6,1,0,0,3,0,64,152,0,0,0,0,0,0,0,0,0,0,0,0,0,0,1,2,55,1,6,2,1,0,0,1,62,1,1,1,98,"777777777777","777777777777","777777777777",0,0
29,290386,1,2,2,27,6,19,5,12,2,1,0,29,1,35,402,35402,14,2002,"5N1ED28Y72C5","5","N","1","E","D","2","8","Y","7","2","C","5",0,0,0,"000000000","00000000000",0,0,0,1,0,0,0,0,0,0,0,998,0,0,0,12,6,2,12,0,0,0,1,29,63670,6,1,0,0,3,3,69,250,0,0,0,0,0,0,0,0,0,0,0,0,0,0,1,2,55,1,5,2,1,0,0,1,62,99,2,1,51,"777777777777","777777777777","777777777777",1,0
29,290386,2,2,1,27,6,19,5,12,2,1,0,29,1,30,40,30040,4,2014,"3VWD17AJ1EM2","3","V","W","D","1","7","A","J","1","E","M","2",0,0,0,"000000000","00000000000",0,0,0,1,0,0,0,0,0,0,0,998,0,0,0,12,6,2,12,0,0,0,1,29,63670,6,1,0,0,3,0,71,165,1,0,0,0,0,10,2015,10,2015,0,28,0,0,0,1,2,55,1,5,2,1,0,0,1,10,1,1,2,50,"777777777777","777777777777","777777777777",0,0
29,290387,1,1,2,6,7,4,30,8,0,1,0,29,1,23,472,23472,30,2006,"1GTCS1981682","1","G","T","C","S","1","9","8","1","6","8","2",0,0,0,"000000000","00000000000",0,0,0,1,0,0,0,0,0,0,0,998,0,0,0,12,2,5,8,0,0,0,1,29,65542,6,1,0,0,3,0,75,200,0,0,0,1,0,3,2014,3,2014,0,0,0,0,0,1,2,55,1,1,2,1,0,0,1,80,1,1,1,13,"777777777777","777777777777","777777777777",0,0
29,290388,1,3,1,7,7,8,35,12,6,1,0,29,1,14,6,14006,4,1996,"2MELM75W6TX6","2","M","E","L","M","7","5","W","6","T","X","6",0,0,0,"000000000","00000000000",0,0,0,1,0,0,0,0,0,0,0,998,0,0,0,1,6,2,12,0,0,0,1,29,65020,6,1,0,0,3,0,76,230,0,0,0,0,0,0,0,0,0,4,0,0,0,0,1,2,65,3,1,2,2,0,0,14,6,1,5,2,64,"777777777777","777777777777","777777777777",1,0
29,290388,2,3,2,7,7,8,35,12,6,1,0,29,1,6,18,6018,4,2015,"1C3CCCCB0FN5","1","C","3","C","C","C","C","B","0","F","N","5",0,0,0,"000000000","00000000000",0,0,0,1,0,0,0,0,0,0,0,53,0,0,0,11,6,2,12,0,0,0,1,29,65536,6,1,0,0,3,0,63,180,0,0,0,0,0,0,0,0,0,0,0,0,0,0,1,2,65,2,1,2,2,0,0,14,62,16,2,1,65,"777777777777","777777777777","777777777777",0,0
29,290388,3,3,1,7,7,8,35,12,6,1,0,29,3,2,404,2404,14,2014,"1C4PJLAB1EW1","1","C","4","P","J","L","A","B","1","E","W","1",0,0,0,"000000000","00000000000",0,0,0,1,0,0,0,0,0,0,0,54,0,0,0,12,6,2,12,0,0,0,1,29,65079,6,1,0,0,3,0,66,220,0,0,0,0,0,0,0,0,0,0,0,0,0,0,1,2,65,2,1,2,2,0,0,14,62,1,1,1,98,"777777777777","777777777777","777777777777",0,0
29,290389,1,2,1,7,7,17,48,12,6,1,0,29,1,7,482,7482,31,2011,"1D7RV1CT5BS5","1","D","7","R","V","1","C","T","5","B","S","5",0,0,0,"000000000","00000000000",0,0,0,1,0,0,0,0,0,0,0,56,0,0,0,12,6,2,12,0,0,0,1,29,64844,6,1,0,0,3,0,70,200,0,0,0,1,0,9,2013,9,2013,0,38,39,0,0,1,2,55,1,5,2,1,20,3,1,17,1,1,1,88,"777777777777","777777777777","777777777777",0,0
29,290389,2,2,2,7,7,17,48,12,6,1,0,29,1,49,402,49402,14,2012,"2T3ZF4DV5CW1","2","T","3","Z","F","4","D","V","5","C","W","1",0,0,0,"000000000","00000000000",0,0,0,1,0,0,0,0,0,0,0,59,0,1,5,11,6,2,12,0,0,0,1,29,64834,6,1,0,0,3,3,70,260,1,0,0,0,0,2,2012,2,2012,0,0,0,0,0,1,2,55,1,5,2,1,0,0,1,66,1,1,1,89,"777777777777","777777777777","777777777777",2,0
29,290390,1,1,6,8,7,2,55,35,0,1,0,40,1,12,21,12021,4,2005,"1FAHP25165G1","1","F","A","H","P","2","5","1","6","5","G","1",0,0,0,"000000000","00000000000",0,0,0,1,0,0,0,0,0,0,0,71,0,1,5,12,6,2,1,0,0,0,1,5,74631,6,1,0,0,3,0,70,195,0,0,0,0,0,0,0,0,0,4,0,0,0,0,3,2,70,1,6,2,2,0,0,1,6,1,1,4,1,"777777777777","777777777777","777777777777",1,0
29,290391,1,2,1,8,7,4,22,12,2,1,0,17,2,30,47,30047,3,2013,"3VWFP7AT0DM6","3","V","W","F","P","7","A","T","0","D","M","6",0,0,0,"000000000","00000000000",0,0,0,1,0,0,0,0,0,0,0,999,0,0,0,12,6,2,12,0,0,0,1,29,63501,1,1,0,0,2,0,68,190,0,3,0,0,0,3,2012,3,2013,0,28,0,0,0,1,2,60,1,1,2,2,0,0,1,10,1,1,2,50,"777777777777","777777777777","777777777777",1,0
29,290391,2,2,1,8,7,4,22,12,2,1,0,29,3,89,890,89890,63,2010,"5VCACLKF5AH2","5","V","C","A","C","L","K","F","5","A","H","2",0,0,57,"731232","57731232",3,2,7,1,0,0,0,0,0,0,0,61,0,0,0,12,6,2,12,0,0,0,1,29,65020,6,1,6,0,3,3,70,180,0,0,0,0,0,0,0,0,0,0,0,0,0,0,1,2,60,1,1,2,2,0,0,1,62,7,1,1,51,"777777777777","777777777777","777777777777",0,0
29,290392,1,1,1,9,7,7,20,42,0,1,0,29,1,12,471,12471,30,1998,"1FTYR11XXWTA","1","F","T","Y","R","1","1","X","X","W","T","A",0,0,0,"000000000","00000000000",0,0,0,1,0,0,0,0,0,0,0,998,0,1,5,12,6,2,42,0,0,0,1,29,64507,6,1,6,0,3,0,67,165,1,0,0,0,0,8,2014,8,2014,0,0,0,0,0,3,2,70,1,1,2,1,0,0,1,13,1,1,4,1,"777777777777","777777777777","777777777777",1,0
29,290393,1,1,4,10,7,13,50,34,0,1,0,29,2,12,37,12037,3,2005,"3FAFP31N25R1","3","F","A","F","P","3","1","N","2","5","R","1",0,0,0,"000000000","00000000000",0,0,0,1,0,0,0,0,0,0,0,80,0,1,5,12,6,2,1,0,0,0,1,29,65584,2,1,0,0,2,0,69,140,1,1,0,1,1,12,2013,9,2015,4,58,0,0,0,1,2,55,1,5,2,1,0,0,1,13,1,4,4,7,"777777777777","777777777777","777777777777",1,0
29,290394,1,1,2,10,7,18,55,42,0,1,0,29,1,63,34,63034,4,2006,"KNAGE1241650","K","N","A","G","E","1","2","4","1","6","5","0",0,0,0,"000000000","00000000000",0,0,0,1,0,0,0,0,0,0,0,999,0,0,0,12,6,2,42,0,0,0,1,29,64085,6,1,0,0,3,0,63,130,0,0,0,1,0,5,2016,5,2016,4,51,0,0,0,1,2,55,3,6,2,1,0,0,14,6,1,1,4,1,"777777777777","777777777777","777777777777",1,0
29,290395,1,2,1,11,7,3,7,12,2,1,0,29,1,20,471,20471,30,1992,"1GCCS14Z0N81","1","G","C","C","S","1","4","Z","0","N","8","1",0,0,0,"000000000","00000000000",0,0,0,1,0,0,0,0,0,0,0,999,0,0,0,12,6,2,12,0,0,0,1,29,65706,6,1,0,0,3,0,67,155,0,1,1,0,1,9,2011,11,2014,0,50,0,0,0,3,2,70,1,1,2,1,0,0,1,54,1,1,1,52,"777777777777","777777777777","777777777777",0,1
29,290395,2,2,2,11,7,3,7,12,2,1,0,5,1,7,482,7482,31,2002,"1D7HA16K02J2","1","D","7","H","A","1","6","K","0","2","J","2",0,0,0,"000000000","00000000000",0,0,0,1,0,0,0,0,0,0,0,999,0,0,0,12,6,2,12,0,0,0,1,98,72764,0,0,0,0,0,0,999,999,0,0,0,0,0,0,0,0,0,0,0,0,0,0,3,2,70,1,1,2,1,0,0,1,54,16,2,1,52,"777777777777","777777777777","777777777777",1,0
29,290396,1,2,1,11,7,21,12,12,2,1,0,29,1,58,37,58037,4,2006,"JNKCV51F26M6","J","N","K","C","V","5","1","F","2","6","M","6",0,0,0,"000000000","00000000000",0,0,0,1,0,0,0,0,0,0,0,998,0,1,5,12,6,2,12,0,0,0,1,29,65804,6,1,0,0,3,0,69,175,0,1,0,1,0,9,2013,4,2014,0,28,0,0,0,1,2,60,1,1,2,1,0,0,1,10,1,1,2,50,"777777777777","777777777777","777777777777",1,1
29,290396,2,2,1,11,7,21,12,12,2,1,0,29,1,22,20,22020,4,2006,"2G2WP552X612","2","G","2","W","P","5","5","2","X","6","1","2",0,0,0,"000000000","00000000000",0,0,0,1,0,0,0,0,0,0,0,998,0,0,0,12,6,2,12,0,0,0,1,29,64740,6,1,0,0,3,3,61,130,0,0,0,0,0,0,0,0,0,0,0,0,0,0,1,2,60,1,1,2,1,0,0,1,62,7,1,1,51,"777777777777","777777777777","777777777777",0,0