"STATE","ST_CASE","VEH_NO","VE_FORMS","NUMOCCS","DAY","MONTH","HOUR","MINUTE","HARM_EV","MAN_COLL","UNITTYPE","HIT_RUN","REG_STAT","OWNER","MAKE","MODEL","MAK_MOD","BODY_TYP","MOD_YEAR","VIN","VIN_1","VIN_2","VIN_3","VIN_4","VIN_5","VIN_6","VIN_7","VIN_8","VIN_9","VIN_10","VIN_11","VIN_12","TOW_VEH","J_KNIFE","MCARR_I1","MCARR_I2","MCARR_ID","GVWR","V_CONFIG","CARGO_BT","HAZ_INV","HAZ_PLAC","HAZ_ID","HAZ_CNO","HAZ_REL","BUS_USE","SPEC_USE","EMER_USE","TRAV_SP","UNDERIDE","ROLLOVER","ROLINLOC","IMPACT1","DEFORMED","TOWED","M_HARM","VEH_SC1","VEH_SC2","FIRE_EXP","DR_PRES","L_STATE","DR_ZIP","L_STATUS","L_TYPE","CDL_STAT","L_ENDORS","L_COMPL","L_RESTRI","DR_HGT","DR_WGT","PREV_ACC","PREV_SUS","PREV_DWI","PREV_SPD","PREV_OTH","FIRST_MO","FIRST_YR","LAST_MO","LAST_YR","SPEEDREL","DR_SF1","DR_SF2","DR_SF3","DR_SF4","VTRAFWAY","VNUM_LAN","VSPD_LIM","VALIGN","VPROFILE","VPAVETYP","VSURCOND","VTRAFCON","VTCONT_F","P_CRASH1","P_CRASH2","P_CRASH3","PCRASH4","PCRASH5","ACC_TYPE","TRLR1VIN","TRLR2VIN","TRLR3VIN","DEATHS","DR_DRINK"
29,290397,1,2,1,11,7,21,55,12,2,1,0,29,2,12,443,12443,20,2006,"2FMZA52216BA","2","F","M","Z","A","5","2","2","1","6","B","A",0,0,0,"000000000","00000000000",0,0,0,1,0,0,0,0,0,0,0,998,0,0,0,12,6,2,12,0,0,0,1,29,63383,6,1,0,0,3,3,64,180,0,0,0,0,0,0,0,0,0,0,0,0,0,0,1,2,55,3,6,2,1,0,0,14,62,1,1,1,51,"777777777777","777777777777","777777777777",0,0
29,290397,2,2,1,11,7,21,55,12,2,1,0,29,2,7,442,7442,20,1999,"1B4GP44G6XB8","1","B","4","G","P","4","4","G","6","X","B","8",0,0,0,"000000000","00000000000",0,0,0,1,0,0,0,0,0,0,0,998,0,0,0,12,6,2,12,0,0,0,1,29,63349,6,1,0,0,3,3,68,188,0,1,0,1,0,5,2012,3,2014,0,28,0,0,0,1,2,55,1,6,2,1,0,0,1,10,1,1,2,50,"777777777777","777777777777","777777777777",1,0
29,290398,1,2,2,12,7,12,3,59,0,1,0,29,2,49,32,49032,4,2006,"1NXBR32E36Z5","1","N","X","B","R","3","2","E","3","6","Z","5",0,0,0,"000000000","00000000000",0,0,0,1,0,0,0,0,0,0,0,998,0,0,0,12,6,2,12,0,0,0,1,29,65101,6,2,0,0,3,0,67,130,0,0,0,0,0,0,0,0,0,4,58,0,0,0,2,2,70,2,6,1,2,0,0,14,6,1,2,4,7,"777777777777","777777777777","777777777777",2,0
29,290398,2,2,1,12,7,12,3,59,0,1,0,13,3,86,881,86881,66,2015,"1M2AW33Y3FM0","1","M","2","A","W","3","3","Y","3","F","M","0",1,1,57,"850629","57850629",3,6,1,1,0,0,0,0,0,0,0,998,0,0,0,12,6,2,12,0,0,0,1,29,65109,6,1,6,3,3,0,70,220,0,0,0,0,0,0,0,0,0,0,0,0,0,0,2,2,70,3,6,1,2,0,0,14,62,16,2,1,98,"1JJV532W85L9","777777777777","777777777777",0,0
29,290399,1,1,1,12,7,12,35,59,0,1,0,29,2,12,471,12471,30,1999,"1FTZR15V2XTA","1","F","T","Z","R","1","5","V","2","X","T","A",0,0,0,"000000000","00000000000",0,0,0,1,0,0,0,0,0,0,0,998,0,1,5,12,6,2,1,0,0,0,1,29,64701,2,1,0,0,2,3,68,196,3,5,2,0,0,6,2013,6,2015,0,0,0,0,0,1,2,45,1,1,7,1,0,0,1,12,1,1,4,6,"777777777777","777777777777","777777777777",1,1
29,290400,1,1,1,13,7,1,0,59,0,1,0,29,1,12,481,12481,31,2002,"1FTRF17272NA","1","F","T","R","F","1","7","2","7","2","N","A",0,0,0,"000000000","00000000000",0,0,0,1,0,0,0,0,0,0,0,998,0,0,0,12,6,2,42,0,0,0,1,29,63051,6,1,6,0,3,0,72,195,1,0,0,0,4,2,2012,12,2015,4,0,0,0,0,1,2,40,2,5,2,1,0,0,14,12,1,2,4,7,"777777777777","777777777777","777777777777",1,1
29,290401,1,2,1,13,7,17,35,12,2,1,0,29,1,37,31,37031,2,1993,"JHMEG1140PS0","J","H","M","E","G","1","1","4","0","P","S","0",0,0,0,"000000000","00000000000",0,0,0,1,0,0,0,0,0,0,0,998,0,0,0,12,6,2,12,0,0,0,1,29,63379,6,1,0,0,3,3,68,155,1,1,0,1,0,3,2013,3,2016,0,28,0,0,0,1,2,45,1,1,2,1,0,0,1,10,1,1,2,50,"777777777777","777777777777","777777777777",1,0
29,290401,2,2,3,13,7,17,35,12,2,1,0,29,1,23,8,23008,6,2007,"1GKEV33787J1","1","G","K","E","V","3","3","7","8","7","J","1",0,0,0,"000000000","00000000000",0,0,0,1,0,0,0,0,0,0,0,998,0,0,0,12,6,2,12,0,0,0,1,29,63349,1,1,0,0,2,0,72,160,2,2,0,0,1,10,2014,1,2016,0,0,0,0,0,1,2,45,1,1,2,1,0,0,1,62,9,2,1,51,"777777777777","777777777777","777777777777",0,0
29,290402,1,2,1,14,7,21,7,12,2,1,0,29,2,12,471,12471,30,1997,"1FTCR14XXVPA","1","F","T","C","R","1","4","X","X","V","P","A",0,0,0,"000000000","00000000000",0,0,0,1,0,0,0,0,0,0,0,999,0,0,0,12,6,2,12,0,0,0,1,29,63866,3,1,0,0,2,0,65,170,2,0,0,2,0,11,2012,10,2013,0,28,58,0,0,1,2,60,1,1,2,1,0,0,1,10,1,1,6,50,"777777777777","777777777777","777777777777",0,0
29,290402,2,2,3,14,7,21,7,12,2,1,0,29,2,20,473,20473,30,2008,"1GCCS33E2881","1","G","C","C","S","3","3","E","2","8","8","1",0,0,0,"000000000","00000000000",0,0,0,1,0,0,0,0,0,0,0,65,0,1,5,12,6,2,1,0,0,0,1,29,63851,6,1,0,0,3,0,70,225,0,0,0,0,0,0,0,0,0,0,0,0,0,0,1,2,60,1,1,2,1,0,0,1,62,1,1,1,51,"777777777777","777777777777","777777777777",1,0
29,290403,1,1,1,8,7,18,5,58,0,1,0,29,1,12,17,12017,4,1997,"1FALP53SXVG1","1","F","A","L","P","5","3","S","X","V","G","1",0,0,0,"000000000","00000000000",0,0,0,1,0,0,0,0,0,0,0,998,0,1,5,14,6,2,1,0,0,0,1,29,63628,6,1,0,0,3,0,61,135,0,0,0,0,0,0,0,0,0,3,0,0,0,0,1,2,35,3,5,2,1,0,0,14,13,1,1,4,1,"777777777777","777777777777","777777777777",1,1
29,290404,1,1,1,4,3,8,18,8,0,1,1,99,9,99,999,99999,99,9999,"999999999999","9","9","9","9","9","9","9","9","9","9","9","9",0,0,0,"000000000","00000000000",0,0,0,1,0,0,0,0,0,0,0,998,0,0,0,12,9,5,8,0,0,0,1,99,99999,9,9,99,9,9,9,999,999,99,99,99,99,99,99,9999,99,9999,3,99,99,99,99,5,5,35,1,1,2,1,0,0,1,80,1,1,4,15,"777777777777","777777777777","777777777777",0,0
29,290405,1,1,1,24,6,0,1,42,0,1,0,29,2,20,37,20037,4,2007,"1G1ZT58N17F1","1","G","1","Z","T","5","8","N","1","7","F","1",0,0,0,"000000000","00000000000",0,0,0,1,0,0,0,0,0,0,0,998,0,0,0,9,6,2,42,0,0,0,1,29,64083,6,1,0,0,3,0,69,175,0,0,0,1,0,12,2014,12,2014,4,0,0,0,0,2,2,40,2,1,2,1,0,0,14,6,99,9,4,6,"777777777777","777777777777","777777777777",1,1
29,290406,1,1,1,30,6,0,31,59,0,1,0,92,0,63,402,63402,14,2005,"KNDJC733X553","K","N","D","J","C","7","3","3","X","5","5","3",0,0,0,"000000000","00000000000",0,0,0,1,0,0,0,0,0,0,0,998,0,1,5,98,4,3,2,0,0,1,1,29,64106,6,1,0,0,3,3,67,160,0,0,0,0,0,0,0,0,0,4,0,0,0,0,3,3,55,3,1,2,1,0,0,14,6,99,4,4,2,"777777777777","777777777777","777777777777",1,1
29,290407,1,1,1,1,7,22,14,8,0,1,0,29,1,55,33,55033,4,2012,"KMHEC4A47CA0","K","M","H","E","C","4","A","4","7","C","A","0",0,0,0,"000000000","00000000000",0,0,0,1,0,0,0,0,0,0,0,38,0,0,0,12,4,5,8,0,0,0,1,29,64086,6,1,0,0,3,0,72,215,0,0,0,0,0,0,0,0,0,0,0,0,0,0,2,2,45,1,6,2,1,0,0,1,80,8,1,2,13,"777777777777","777777777777","777777777777",0,0
29,290408,1,2,1,26,6,19,43,12,2,1,0,29,1,7,442,7442,20,2000,"1B4GP44G3YB6","1","B","4","G","P","4","4","G","3","Y","B","6",0,0,0,"000000000","00000000000",0,0,0,1,0,0,0,0,0,0,0,998,0,0,0,12,6,2,12,0,0,0,1,29,64870,6,1,0,0,3,3,62,242,0,0,0,0,0,0,0,0,0,0,28,0,0,0,5,5,45,1,1,2,2,0,0,1,10,99,1,2,50,"777777777777","777777777777","777777777777",1,0
29,290408,2,2,2,26,6,19,43,12,2,1,0,29,1,23,431,23431,16,1999,"1GKFK16R5XJ7","1","G","K","F","K","1","6","R","5","X","J","7",0,0,0,"000000000","00000000000",0,0,0,1,0,0,0,0,0,0,0,998,0,0,0,12,6,2,12,0,0,0,1,29,64801,6,1,0,0,3,3,68,225,0,0,0,0,0,0,0,0,0,0,0,0,0,0,5,5,45,1,1,2,2,0,0,1,62,99,9,1,51,"777777777777","777777777777","777777777777",0,0
29,290409,1,1,1,5,7,23,30,42,0,1,0,29,2,20,471,20471,30,1998,"1GCDT19X7W81","1","G","C","D","T","1","9","X","7","W","8","1",0,0,0,"000000000","00000000000",0,0,0,1,0,0,0,0,0,0,0,998,0,0,0,12,6,2,42,0,0,0,1,29,65733,2,1,0,0,2,0,72,200,0,7,0,0,0,3,2012,3,2015,0,0,0,0,0,1,2,55,1,1,2,1,0,0,1,12,1,1,4,6,"777777777777","777777777777","777777777777",1,0
29,290410,1,3,3,17,7,22,31,8,0,1,0,29,1,20,2,20002,4,2002,"2G1WH55K8292","2","G","1","W","H","5","5","K","8","2","9","2",0,0,0,"000000000","00000000000",0,0,0,1,0,0,0,0,0,0,0,998,0,0,0,12,4,3,8,0,0,0,1,29,64014,6,1,0,0,3,3,74,150,0,0,0,0,0,0,0,0,0,9,99,99,99,99,3,3,65,1,1,2,1,0,0,1,80,9,2,1,13,"777777777777","777777777777","777777777777",0,0
29,290410,2,3,1,17,7,22,31,8,0,1,0,29,3,23,402,23402,14,2016,"2GKALMEK2G62","2","G","K","A","L","M","E","K","2","G","6","2",0,0,0,"000000000","00000000000",0,0,0,1,0,0,0,0,0,0,0,0,0,0,0,9,6,2,12,0,0,0,1,29,64014,6,1,0,0,3,0,72,215,2,0,0,1,0,5,2015,7,2016,0,54,0,0,0,3,3,65,1,1,2,1,0,0,5,53,1,1,1,98,"777777777777","777777777777","777777777777",0,1
29,290410,3,3,3,17,7,22,31,8,0,1,0,29,1,13,421,13421,15,2014,"5LMJJ2J55EEL","5","L","M","J","J","2","J","5","5","E","E","L",0,0,0,"000000000","00000000000",0,0,0,1,0,0,0,0,0,0,0,998,0,0,0,19,2,5,8,0,0,0,1,29,64029,6,1,0,0,3,0,60,120,0,0,0,1,0,7,2013,7,2013,0,0,0,0,0,3,3,65,1,1,2,1,0,0,1,98,1,1,1,98,"777777777777","777777777777","777777777777",0,0
29,290411,1,1,1,19,7,8,15,43,0,1,0,92,0,35,39,35039,4,2001,"JN1CA31A11T3","J","N","1","C","A","3","1","A","1","1","T","3",0,0,0,"000000000","00000000000",0,0,0,1,0,0,0,0,0,0,0,998,0,1,5,12,6,2,1,0,0,0,1,29,64106,6,1,0,0,3,0,66,199,0,1,0,0,0,11,2015,11,2015,4,0,0,0,0,1,2,25,2,1,2,1,0,0,14,6,99,9,4,7,"777777777777","777777777777","777777777777",1,1
29,290412,1,2,1,22,6,23,20,12,6,1,0,92,0,98,703,98703,88,2009,"LF3TCK6099B0","L","F","3","T","C","K","6","0","9","9","B","0",0,0,0,"000000000","00000000000",0,0,0,1,0,0,0,0,0,0,0,998,0,0,0,12,6,2,12,0,0,0,1,29,65613,6,1,0,0,3,0,68,130,0,0,0,0,0,0,0,0,0,9,99,99,99,99,5,3,40,1,1,2,1,3,3,1,66,1,1,1,69,"777777777777","777777777777","777777777777",1,0
29,290412,2,2,2,22,6,23,20,12,6,1,0,29,2,20,37,20037,4,2005,"1G1ZT62895F3","1","G","1","Z","T","6","2","8","9","5","F","3",0,0,0,"000000000","00000000000",0,0,0,1,0,0,0,0,0,0,0,998,0,0,0,1,4,5,12,0,0,0,1,29,65613,6,1,0,0,3,3,67,150,0,0,0,1,0,5,2016,5,2016,0,38,0,0,0,5,3,40,1,1,2,1,3,3,11,15,1,1,1,68,"777777777777","777777777777","777777777777",0,0
29,290413,1,1,1,24,6,21,12,8,0,1,1,99,9,20,499,20499,14,9999,"999999999999","9","9","9","9","9","9","9","9","9","9","9","9",0,0,0,"000000000","00000000000",0,0,0,1,0,0,0,0,0,0,0,998,0,0,0,98,9,5,8,0,0,0,1,99,99999,9,9,99,9,9,9,999,999,99,99,99,99,99,99,9999,99,9999,9,99,99,99,99,2,2,25,3,1,2,1,0,0,14,80,99,9,1,13,"777777777777","777777777777","777777777777",0,0
29,290414,1,2,1,30,5,21,38,12,1,1,0,29,2,24,5,24005,4,2002,"1G8JS54F32Y5","1","G","8","J","S","5","4","F","3","2","Y","5",0,0,0,"000000000","00000000000",0,0,0,1,0,0,0,0,0,0,0,998,0,0,0,12,4,3,12,0,0,0,1,29,65441,6,1,0,0,3,0,72,220,1,0,0,2,1,8,2013,4,2016,0,0,0,0,0,1,2,55,1,1,2,1,0,0,1,51,1,1,1,24,"777777777777","777777777777","777777777777",0,0
29,290414,2,2,2,30,5,21,38,12,1,1,0,92,0,98,701,98701,88,2012,"LHJTLBBN2CB1","L","H","J","T","L","B","B","N","2","C","B","1",0,0,0,"000000000","00000000000",0,0,0,1,0,0,0,0,0,0,0,998,0,0,0,6,6,2,12,0,0,0,1,29,65441,6,1,0,0,3,3,70,150,0,0,0,0,0,0,0,0,0,0,0,0,0,0,1,2,55,1,1,2,1,0,0,1,53,1,1,1,25,"777777777777","777777777777","777777777777",1,0
29,290415,1,1,4,12,7,9,26,34,0,1,0,29,1,6,43,6043,4,2005,"1C3AL56R55N6","1","C","3","A","L","5","6","R","5","5","N","6",0,0,0,"000000000","00000000000",0,0,0,1,0,0,0,0,0,0,0,998,0,0,0,1,6,2,30,0,0,0,1,29,63077,6,1,0,0,3,0,67,150,0,0,0,1,0,3,2016,3,2016,4,6,0,0,0,1,2,55,2,6,2,2,0,0,14,12,1,4,4,7,"777777777777","777777777777","777777777777",1,0
29,290416,1,3,1,15,7,14,40,12,6,1,0,29,1,20,404,20404,14,2005,"2CNDL73F8561","2","C","N","D","L","7","3","F","8","5","6","1",0,0,0,"000000000","00000000000",0,0,0,1,0,0,0,0,0,0,0,998,0,0,0,11,6,2,12,0,0,1,1,29,64082,6,1,0,0,3,3,67,161,0,0,0,0,0,0,0,0,0,0,38,39,0,0,1,2,35,1,8,2,1,20,3,1,17,1,1,1,89,"777777777777","777777777777","777777777777",1,0
29,290416,2,3,1,15,7,14,40,12,6,1,0,29,3,12,444,12444,20,2015,"NM0LS7E72F12","N","M","0","L","S","7","E","7","2","F","1","2",0,0,0,"000000000","00000000000",0,0,0,1,0,0,0,0,0,0,0,998,0,0,0,12,6,2,12,0,0,0,1,29,64015,6,1,6,0,3,0,67,215,0,0,0,0,0,0,0,0,0,0,0,0,0,0,1,2,55,1,3,2,1,0,0,1,66,1,1,1,88,"777777777777","777777777777","777777777777",0,0
29,290416,3,3,1,15,7,14,40,12,6,1,0,29,2,35,402,35402,14,2004,"5N1ED28T44C6","5","N","1","E","D","2","8","T","4","4","C","6",0,0,0,"000000000","00000000000",0,0,0,1,0,0,0,0,0,0,0,998,0,0,0,12,6,2,12,0,0,0,1,29,64034,6,2,0,0,3,0,69,155,1,0,0,0,0,12,2013,12,2013,0,0,0,0,0,1,2,55,1,3,2,1,0,0,1,62,1,1,1,98,"777777777777","777777777777","777777777777",0,0
29,290417,1,1,2,16,7,5,35,1,0,1,0,29,2,12,37,12037,5,2006,"1FAFP37N06W2","1","F","A","F","P","3","7","N","0","6","W","2",0,0,0,"000000000","00000000000",0,0,0,1,0,0,0,0,0,0,0,998,0,9,5,0,6,2,1,0,0,0,1,29,64119,6,1,0,0,3,3,64,150,0,0,0,0,0,0,0,0,0,0,0,0,0,0,3,2,70,1,6,2,1,0,0,1,12,7,5,4,98,"777777777777","777777777777","777777777777",2,0
29,290418,1,3,1,18,7,6,30,12,6,1,0,29,1,13,1,13001,4,2001,"1LNHM82W11Y6","1","L","N","H","M","8","2","W","1","1","Y","6",0,0,0,"000000000","00000000000",0,0,0,1,0,0,0,0,0,0,0,70,0,0,0,9,6,2,12,0,0,0,1,29,65240,6,1,0,0,3,0,62,110,0,0,0,0,0,0,0,0,0,0,35,0,0,0,1,2,60,1,5,2,1,0,0,15,54,7,3,2,64,"777777777777","777777777777","777777777777",1,0
29,290418,2,3,1,18,7,6,30,12,6,1,0,29,1,23,481,23481,31,1998,"1GTEC14W9WZ5","1","G","T","E","C","1","4","W","9","W","Z","5",0,0,0,"000000000","00000000000",0,0,0,1,0,0,0,0,0,0,0,998,0,0,0,12,6,2,12,0,0,0,1,29,65240,6,1,0,0,3,0,69,210,0,4,0,1,2,5,2013,9,2014,0,0,0,0,0,1,2,60,1,5,2,1,0,0,1,62,1,1,1,65,"777777777777","777777777777","777777777777",0,0
29,290418,3,3,1,18,7,6,30,12,6,1,0,29,1,22,22,22022,4,2009,"1G2ZH57N1941","1","G","2","Z","H","5","7","N","1","9","4","1",0,0,0,"000000000","00000000000",0,0,0,1,0,0,0,0,0,0,0,55,0,0,0,98,6,2,12,0,0,0,1,29,65240,6,1,0,0,3,3,73,246,0,0,0,0,0,0,0,0,0,0,0,0,0,0,1,2,60,1,5,2,1,0,0,1,62,7,1,1,98,"777777777777","777777777777","777777777777",0,0
29,290419,1,1,1,18,7,10,30,58,0,1,0,29,1,12,481,12481,31,2006,"1FTPW14V46FB","1","F","T","P","W","1","4","V","4","6","F","B",0,0,0,"000000000","00000000000",0,0,0,1,0,0,0,0,0,0,0,998,0,1,5,14,6,2,1,0,0,0,1,29,64673,6,1,0,0,3,3,72,180,0,0,0,0,0,0,0,0,0,4,58,0,0,0,1,2,55,3,6,2,2,0,0,14,13,1,3,4,7,"777777777777","777777777777","777777777777",1,0
29,290420,1,2,1,18,7,12,8,12,2,1,0,19,2,20,2,20002,4,2005,"2G1WF52E1592","2","G","1","W","F","5","2","E","1","5","9","2",0,0,0,"000000000","00000000000",0,0,0,1,0,0,0,0,0,0,0,998,0,0,0,12,6,2,12,0,0,0,1,19,51632,6,1,0,0,3,3,77,250,0,0,0,0,0,0,0,0,0,0,28,0,0,0,1,2,60,2,1,2,2,0,0,14,10,1,1,2,50,"777777777777","777777777777","777777777777",1,0
29,290420,2,2,1,18,7,12,8,12,2,1,0,31,3,84,884,84884,66,2013,"1HSDJSJRXDJ3","1","H","S","D","J","S","J","R","X","D","J","3",1,1,57,"00072097","5700072097",3,6,3,1,0,0,0,0,0,0,0,998,0,0,0,12,6,2,12,0,0,0,1,42,18657,6,1,6,3,3,0,72,999,0,0,0,0,0,0,0,0,0,0,0,0,0,0,1,2,60,3,1,2,2,0,0,14,62,6,1,3,51,"1RNF53A28DR0","777777777777","777777777777",0,0
29,290421,1,1,1,18,7,13,20,1,0,1,0,29,1,37,33,37033,2,1997,"JHMBB6247VC0","J","H","M","B","B","6","2","4","7","V","C","0",0,0,0,"000000000","00000000000",0,0,0,1,0,0,0,0,0,0,0,998,0,1,5,0,6,2,1,0,0,0,1,29,63628,6,1,0,0,3,0,69,156,2,0,0,0,2,7,2013,2,2016,4,0,0,0,0,6,1,70,2,6,2,1,0,0,10,6,1,3,4,2,"777777777777","777777777777","777777777777",1,0
29,290422,1,1,1,22,7,3,45,34,0,1,0,29,2,12,17,12017,4,2003,"1FAFP55243G2","1","F","A","F","P","5","5","2","4","3","G","2",0,0,0,"000000000","00000000000",0,0,0,1,0,0,0,0,0,0,0,998,0,2,5,14,6,2,1,0,0,0,1,29,65807,2,1,0,0,2,3,74,235,2,10,1,2,0,3,2013,7,2016,0,0,0,0,0,1,2,55,1,6,2,1,0,0,1,13,1,1,4,1,"777777777777","777777777777","777777777777",1,1
29,290423,1,1,1,23,7,18,30,42,0,1,0,29,2,12,481,12481,31,1994,"1FTEF15NXRNA","1","F","T","E","F","1","5","N","X","R","N","A",0,0,0,"000000000","00000000000",0,0,0,1,0,0,0,0,0,0,0,998,0,0,0,98,6,2,42,0,0,0,1,29,65605,2,1,0,0,2,0,64,180,2,9,3,2,1,3,2012,9,2014,0,58,0,0,0,1,2,55,3,6,2,1,0,0,14,13,1,4,4,7,"777777777777","777777777777","777777777777",1,0
29,290424,1,2,1,12,7,17,30,12,6,1,0,29,2,53,706,53706,80,2000,"JS1GR7HA6Y21","J","S","1","G","R","7","H","A","6","Y","2","1",0,0,0,"000000000","00000000000",0,0,0,1,0,0,0,0,0,0,0,998,0,0,0,12,6,2,12,0,0,0,1,29,63137,2,1,0,0,2,0,70,220,0,1,0,0,0,3,2015,3,2015,9,99,99,99,99,1,4,35,1,1,1,1,3,3,1,71,99,9,1,98,"777777777777","777777777777","777777777777",1,0
29,290424,2,2,1,12,7,17,30,12,6,1,0,17,1,58,37,58037,4,2005,"JNKCV51E75M2","J","N","K","C","V","5","1","E","7","5","M","2",0,0,0,"000000000","00000000000",0,0,0,1,0,0,0,0,0,0,0,998,0,0,0,7,4,3,12,0,0,0,1,29,63107,1,1,0,0,2,0,63,160,0,0,0,0,0,0,0,0,0,0,48,0,0,0,0,0,0,0,0,0,0,3,3,12,21,99,1,1,98,"777777777777","777777777777","777777777777",0,0
29,290425,1,2,1,19,7,8,25,12,2,1,0,29,2,37,441,37441,20,2010,"5FNRL3H75AB0","5","F","N","R","L","3","H","7","5","A","B","0",0,0,0,"000000000","00000000000",0,0,0,1,0,0,0,0,0,0,0,998,0,0,0,12,6,2,12,0,0,0,1,29,65613,6,1,0,0,3,0,65,120,0,0,0,0,0,0,0,0,0,0,38,48,0,0,1,2,55,3,1,2,1,0,0,10,10,1,1,2,84,"777777777777","777777777777","777777777777",0,0
29,290425,2,2,1,19,7,8,25,12,2,1,0,29,1,20,401,20401,14,2002,"1GNDT13S8223","1","G","N","D","T","1","3","S","8","2","2","3",0,0,0,"000000000","00000000000",0,0,0,1,0,0,0,0,0,0,0,37,0,0,0,12,6,2,12,0,0,0,1,29,65650,6,1,0,0,3,0,67,170,0,0,0,0,0,0,0,0,0,0,0,0,0,0,1,2,55,3,1,2,1,0,0,14,66,16,1,1,84,"777777777777","777777777777","777777777777",1,0
29,290426,1,2,1,13,7,23,30,12,1,1,0,5,2,20,36,20036,2,2005,"2G1WW12E7593","2","G","1","W","W","1","2","E","7","5","9","3",0,0,0,"000000000","00000000000",0,0,0,1,0,0,0,0,0,0,0,998,0,1,5,12,6,2,1,0,0,1,1,29,63877,6,1,0,0,3,0,66,130,0,0,0,0,0,0,0,0,0,0,26,27,0,0,3,2,70,1,1,1,1,0,0,15,51,1,1,2,24,"777777777777","777777777777","777777777777",1,0
29,290426,2,2,1,13,7,23,30,12,1,1,0,5,1,20,401,20401,14,1992,"1GNEK18K1NJ3","1","G","N","E","K","1","8","K","1","N","J","3",0,0,0,"000000000","00000000000",0,0,0,1,0,0,0,0,0,0,0,998,0,0,0,6,6,2,12,0,0,0,1,5,72370,6,1,0,0,3,3,75,240,0,0,0,0,0,0,0,0,0,0,0,0,0,0,3,2,70,1,1,1,1,0,0,1,53,1,1,1,25,"777777777777","777777777777","777777777777",0,0
29,290427,1,1,2,17,7,11,30,58,0,1,0,29,1,34,39,34039,1,1999,"4USCH9330XLF","4","U","S","C","H","9","3","3","0","X","L","F",0,0,0,"000000000","00000000000",0,0,0,1,0,0,0,0,0,0,0,998,0,0,0,82,6,2,58,0,0,0,1,29,63304,6,1,0,0,3,3,70,230,0,0,0,0,0,0,0,0,0,4,0,0,0,0,1,2,55,3,5,2,1,0,0,14,12,1,4,4,7,"777777777777","777777777777","777777777777",1,0
29,290428,1,2,2,20,7,9,15,12,1,1,0,29,1,12,37,12037,4,2004,"1FAFP34Z84W1","1","F","A","F","P","3","4","Z","8","4","W","1",0,0,0,"000000000","00000000000",0,0,0,1,0,0,0,0,0,0,0,998,0,0,0,6,6,2,12,0,0,0,1,29,64072,6,1,0,0,3,3,76,180,0,0,0,0,0,0,0,0,0,0,0,0,0,0,1,2,60,1,3,2,1,0,0,2,53,1,1,1,29,"777777777777","777777777777","777777777777",1,0
29,290428,2,2,1,20,7,9,15,12,1,1,0,29,1,49,32,49032,4,2005,"2T1BR32E75C5","2","T","1","B","R","3","2","E","7","5","C","5",0,0,0,"000000000","00000000000",0,0,0,1,0,0,0,0,0,0,0,64,0,0,0,12,6,2,12,0,0,0,1,29,64624,6,1,0,0,3,0,74,220,0,0,0,0,0,0,0,0,0,0,26,0,0,0,1,2,60,1,3,2,1,0,0,1,52,1,1,1,28,"777777777777","777777777777","777777777777",0,0
29,290429,1,1,1,21,7,13,27,1,0,1,0,29,3,85,881,85881,64,2007,"1NKDX0TX07R1","1","N","K","D","X","0","T","X","0","7","R","1",0,0,57,"937397","57937397",3,2,4,1,0,0,0,0,0,0,0,999,0,1,5,0,6,2,1,0,0,0,1,29,65612,6,1,6,0,3,0,74,275,1,0,0,0,1,9,2015,11,2015,0,80,0,0,0,2,2,65,1,1,1,1,0,0,1,3,1,5,4,2,"777777777777","777777777777","777777777777",1,0
29,290430,1,1,2,21,7,14,38,1,0,1,0,29,1,18,402,18402,14,2004,"5GAET13P4422","5","G","A","E","T","1","3","P","4","4","2","2",0,0,0,"000000000","00000000000",0,0,0,1,0,0,0,0,0,0,0,74,0,1,1,0,6,2,1,0,0,0,1,29,65724,6,1,0,0,3,0,59,190,1,0,0,0,1,4,2014,7,2014,0,58,0,0,0,2,2,65,1,6,2,1,0,0,1,12,6,5,7,98,"777777777777","777777777777","777777777777",1,0
29,290431,1,1,1,22,7,19,15,9,0,1,0,92,0,35,472,35472,30,1999,"1N6ED26Y0XC3","1","N","6","E","D","2","6","Y","0","X","C","3",0,0,0,"000000000","00000000000",0,0,0,1,0,0,0,0,0,0,0,998,0,0,0,12,4,3,9,0,0,0,1,29,65350,6,1,0,0,3,0,72,195,1,0,0,2,0,8,2011,1,2014,0,26,38,0,0,1,2,55,1,1,2,1,0,0,1,83,1,1,1,13,"777777777777","777777777777","777777777777",0,0
29,290432,1,1,6,23,7,7,20,42,0,1,0,17,2,23,421,23421,15,2000,"1GKEK13T5YJ1","1","G","K","E","K","1","3","T","5","Y","J","1",0,0,0,"000000000","00000000000",0,0,0,1,0,0,0,0,0,0,0,999,0,1,5,7,6,2,42,0,0,0,1,17,60652,9,9,99,9,9,9,999,999,99,99,99,99,99,99,9999,99,9999,0,58,0,0,0,3,2,70,1,1,2,1,0,0,17,8,16,4,4,2,"777777777777","777777777777","777777777777",1,0
29,290433,1,1,3,24,7,9,0,35,0,1,0,95,1,20,481,20481,31,2005,"2GCEK13TX511","2","G","C","E","K","1","3","T","X","5","1","1",0,0,0,"000000000","00000000000",0,0,0,1,0,0,0,0,0,0,0,998,0,2,5,14,6,2,1,0,0,0,1,95,0,9,9,99,9,9,9,999,999,99,99,99,99,99,99,9999,99,9999,0,0,0,0,0,2,2,65,1,6,2,1,0,0,1,13,1,1,4,1,"777777777777","777777777777","777777777777",2,0