"STATE","ST_CASE","VEH_NO","VE_FORMS","NUMOCCS","DAY","MONTH","HOUR","MINUTE","HARM_EV","MAN_COLL","UNITTYPE","HIT_RUN","REG_STAT","OWNER","MAKE","MODEL","MAK_MOD","BODY_TYP","MOD_YEAR","VIN","VIN_1","VIN_2","VIN_3","VIN_4","VIN_5","VIN_6","VIN_7","VIN_8","VIN_9","VIN_10","VIN_11","VIN_12","TOW_VEH","J_KNIFE","MCARR_I1","MCARR_I2","MCARR_ID","GVWR","V_CONFIG","CARGO_BT","HAZ_INV","HAZ_PLAC","HAZ_ID","HAZ_CNO","HAZ_REL","BUS_USE","SPEC_USE","EMER_USE","TRAV_SP","UNDERIDE","ROLLOVER","ROLINLOC","IMPACT1","DEFORMED","TOWED","M_HARM","VEH_SC1","VEH_SC2","FIRE_EXP","DR_PRES","L_STATE","DR_ZIP","L_STATUS","L_TYPE","CDL_STAT","L_ENDORS","L_COMPL","L_RESTRI","DR_HGT","DR_WGT","PREV_ACC","PREV_SUS","PREV_DWI","PREV_SPD","PREV_OTH","FIRST_MO","FIRST_YR","LAST_MO","LAST_YR","SPEEDREL","DR_SF1","DR_SF2","DR_SF3","DR_SF4","VTRAFWAY","VNUM_LAN","VSPD_LIM","VALIGN","VPROFILE","VPAVETYP","VSURCOND","VTRAFCON","VTCONT_F","P_CRASH1","P_CRASH2","P_CRASH3","PCRASH4","PCRASH5","ACC_TYPE","TRLR1VIN","TRLR2VIN","TRLR3VIN","DEATHS","DR_DRINK"
29,290746,1,1,6,13,11,15,28,1,0,1,0,29,1,20,481,20481,31,2001,"1GCHK29U81Z2","1","G","C","H","K","2","9","U","8","1","Z","2",0,0,0,"000000000","00000000000",0,0,0,1,0,0,0,0,0,0,0,73,0,1,1,0,6,2,1,0,0,0,1,29,63561,6,1,6,0,3,0,68,150,0,0,0,0,0,0,0,0,0,3,58,0,0,0,1,2,55,1,6,2,1,0,0,1,6,1,9,2,98,"777777777777","777777777777","777777777777",3,1
29,290747,1,1,1,13,11,3,59,59,0,1,0,4,3,12,23,12023,4,2016,"3FA6P0H99GR3","3","F","A","6","P","0","H","9","9","G","R","3",0,0,0,"000000000","00000000000",0,0,0,1,0,0,0,0,0,0,0,998,0,0,0,12,6,2,21,0,0,1,1,29,64119,6,1,0,0,3,0,73,235,0,0,0,0,0,0,0,0,0,0,0,0,0,0,2,2,70,3,1,2,1,0,0,1,13,1,1,4,1,"777777777777","777777777777","777777777777",1,0
29,290748,1,1,1,14,11,15,9,42,0,1,0,29,1,2,404,2404,14,2000,"1J4GW58N5YC3","1","J","4","G","W","5","8","N","5","Y","C","3",0,0,0,"000000000","00000000000",0,0,0,1,0,0,0,0,0,0,0,998,0,0,0,12,6,2,42,0,0,0,1,29,63390,6,1,6,0,3,0,70,230,0,0,0,0,0,0,0,0,0,0,0,0,0,0,1,2,40,2,1,2,1,0,0,14,12,1,1,4,6,"777777777777","777777777777","777777777777",1,0
29,290749,1,1,1,15,11,21,7,52,0,1,0,29,1,20,880,20880,67,2015,"1GC4KYC89FF1","1","G","C","4","K","Y","C","8","9","F","F","1",0,0,88,"888888888","88888888888",2,1,97,1,0,0,0,0,0,0,0,998,0,0,0,12,6,2,52,0,0,0,1,29,65738,6,1,0,0,3,0,68,195,0,0,0,2,0,10,2012,8,2016,0,0,0,0,0,2,2,70,1,5,1,1,0,0,1,12,1,1,4,6,"777777777777","777777777777","777777777777",1,1
29,290750,1,1,1,15,11,17,25,11,0,1,0,29,1,12,481,12481,31,2002,"1FTNW21F52EC","1","F","T","N","W","2","1","F","5","2","E","C",0,0,0,"000000000","00000000000",0,0,0,1,0,0,0,0,0,0,0,998,0,0,0,12,6,2,11,0,0,0,1,29,65648,6,1,4,0,3,0,71,180,0,0,0,0,0,0,0,0,0,0,83,0,0,0,1,2,55,1,5,2,1,0,0,1,87,1,1,1,13,"777777777777","777777777777","777777777777",1,0
29,290751,1,1,2,16,11,23,41,1,0,1,0,92,0,23,481,23481,31,2013,"1GTGC24M0DF7","1","G","T","G","C","2","4","M","0","D","F","7",0,0,0,"000000000","00000000000",0,0,0,1,0,0,0,0,0,0,0,97,0,1,5,0,6,2,1,0,0,0,1,29,65658,2,2,0,0,2,2,67,195,1,2,0,0,0,4,2013,5,2015,3,58,73,0,0,1,2,45,1,5,2,1,0,0,1,13,7,1,4,98,"777777777777","777777777777","777777777777",1,1
29,290752,1,1,3,16,11,15,10,31,0,1,0,29,2,12,37,12037,4,2014,"1FADP3F2XEL4","1","F","A","D","P","3","F","2","X","E","L","4",0,0,0,"000000000","00000000000",0,0,0,1,0,0,0,0,0,0,0,998,0,0,0,98,6,2,42,0,0,0,1,29,64064,6,2,0,0,3,3,72,200,0,0,0,0,0,0,0,0,0,3,0,0,0,0,1,2,25,3,6,2,1,0,0,14,6,16,2,4,2,"777777777777","777777777777","777777777777",1,1
29,290753,1,1,1,17,11,16,43,8,0,1,0,29,1,2,406,2406,14,2007,"1J8HG48K27C6","1","J","8","H","G","4","8","K","2","7","C","6",0,0,0,"000000000","00000000000",0,0,0,1,0,0,0,0,0,0,0,998,0,0,0,12,2,5,8,0,0,0,1,29,63031,6,1,0,0,3,0,70,185,0,0,0,1,0,3,2016,3,2016,0,0,0,0,0,1,4,30,1,1,1,1,0,0,2,80,1,1,1,13,"777777777777","777777777777","777777777777",0,0
29,290754,1,1,1,19,11,16,49,35,0,1,0,29,1,48,34,48034,6,2002,"4S3BH6659276","4","S","3","B","H","6","6","5","9","2","7","6",0,0,0,"000000000","00000000000",0,0,0,1,0,0,0,0,0,0,0,998,0,1,5,2,6,2,1,0,0,0,1,29,65556,6,1,0,0,3,3,67,125,0,0,0,1,0,12,2013,12,2013,0,0,0,0,0,1,2,55,3,5,2,1,0,0,14,13,1,1,4,1,"777777777777","777777777777","777777777777",1,0
29,290755,1,1,1,20,11,22,5,39,0,1,0,29,2,23,481,23481,31,2003,"2GTEK19T8312","2","G","T","E","K","1","9","T","8","3","1","2",0,0,0,"000000000","00000000000",0,0,0,1,0,0,0,0,0,0,0,998,0,0,0,12,6,2,39,0,0,0,1,29,63084,6,2,0,0,2,0,64,127,1,0,0,0,0,8,2013,8,2013,0,0,0,0,0,1,2,55,2,5,2,1,0,0,14,12,1,1,4,6,"777777777777","777777777777","777777777777",1,0
29,290756,1,1,1,19,7,14,35,42,0,1,0,29,1,20,473,20473,30,2005,"1GCDT1363582","1","G","C","D","T","1","3","6","3","5","8","2",0,0,0,"000000000","00000000000",0,0,0,1,0,0,0,0,0,0,0,998,0,0,0,12,6,2,42,0,0,0,1,29,63383,6,1,0,0,3,3,65,125,0,0,0,0,0,0,0,0,0,0,83,0,0,0,1,2,55,1,1,2,1,0,0,17,88,6,2,4,7,"777777777777","777777777777","777777777777",1,0
29,290757,1,1,1,25,7,9,56,42,0,1,0,29,1,59,31,59031,4,2015,"JTHBW1GG9F20","J","T","H","B","W","1","G","G","9","F","2","0",0,0,0,"000000000","00000000000",0,0,0,1,0,0,0,0,0,0,0,998,0,0,0,12,6,2,42,0,0,0,1,29,63105,6,1,0,0,3,3,68,165,0,0,0,0,0,0,0,0,0,0,0,0,0,0,1,4,25,1,1,2,1,0,0,1,9,99,9,4,7,"777777777777","777777777777","777777777777",1,0
29,290758,1,2,1,15,9,18,18,1,0,1,0,92,0,37,706,37706,80,2002,"1HFSC49152A0","1","H","F","S","C","4","9","1","5","2","A","0",0,0,0,"000000000","00000000000",0,0,0,1,0,0,0,0,0,0,0,998,0,0,0,0,6,2,1,0,0,0,1,29,65804,6,1,0,0,3,0,72,415,0,0,0,0,0,0,0,0,0,0,0,0,0,0,5,5,40,1,3,2,1,3,3,1,66,16,2,1,98,"777777777777","777777777777","777777777777",1,0
29,290758,2,2,2,15,9,18,18,1,0,1,0,29,3,12,461,12461,21,2013,"1FTNE2EW2DDA","1","F","T","N","E","2","E","W","2","D","D","A",0,0,0,"000000000","00000000000",0,0,0,1,0,0,0,0,0,0,0,998,0,0,0,1,6,2,12,0,0,0,1,29,65807,6,1,0,0,3,0,70,215,0,0,0,0,0,0,0,0,0,0,38,0,0,0,5,5,40,1,3,2,1,3,3,11,15,1,1,1,98,"777777777777","777777777777","777777777777",0,0
29,290759,1,1,3,20,9,20,42,42,0,1,0,92,0,22,18,22018,4,2000,"1G2NE52T7YM8","1","G","2","N","E","5","2","T","7","Y","M","8",0,0,0,"000000000","00000000000",0,0,0,1,0,0,0,0,0,0,0,52,0,0,0,9,6,2,42,0,0,0,1,29,63016,6,1,0,0,3,0,71,155,1,0,0,0,0,5,2013,5,2013,4,0,0,0,0,1,2,30,3,5,2,1,0,0,14,6,9,2,4,7,"777777777777","777777777777","777777777777",1,0
29,290760,1,1,1,2,10,11,15,35,0,1,0,48,1,12,481,12481,31,2003,"2FTRX17W83CA","2","F","T","R","X","1","7","W","8","3","C","A",0,0,0,"000000000","00000000000",0,0,0,1,0,0,0,0,0,0,0,998,0,0,0,12,6,2,35,0,0,0,1,48,78389,6,1,0,0,3,3,71,160,0,0,0,0,0,0,0,0,0,0,0,0,0,0,3,2,70,1,1,2,1,0,0,1,9,99,9,4,6,"777777777777","777777777777","777777777777",1,1
29,290761,1,1,1,12,10,3,35,25,0,1,0,29,1,12,17,12017,4,2003,"1FAFP53U43G1","1","F","A","F","P","5","3","U","4","3","G","1",0,0,0,"000000000","00000000000",0,0,0,1,0,0,0,0,0,0,0,998,0,1,5,12,6,2,1,0,0,0,1,29,63118,0,0,0,0,0,0,66,135,0,0,0,0,0,0,0,0,0,9,99,99,99,99,3,4,55,1,5,2,1,0,0,1,12,99,9,4,7,"777777777777","777777777777","777777777777",1,1
29,290762,1,4,1,24,10,12,11,12,1,1,0,29,1,12,401,12401,14,1998,"1FMYU24E5WUB","1","F","M","Y","U","2","4","E","5","W","U","B",0,0,0,"000000000","00000000000",0,0,0,1,0,0,0,0,0,0,0,998,0,0,0,12,6,2,12,0,0,0,1,29,63368,6,1,0,0,3,0,70,200,2,0,0,0,0,10,2011,1,2014,0,91,0,0,0,1,2,60,3,5,2,1,0,0,14,50,7,1,1,20,"777777777777","777777777777","777777777777",0,0
29,290762,2,4,1,24,10,12,11,12,1,1,0,29,2,72,706,72706,80,2015,"1HD1KKL13FB6","1","H","D","1","K","K","L","1","3","F","B","6",0,0,0,"000000000","00000000000",0,0,0,1,0,0,0,0,0,0,0,0,0,0,0,6,6,2,12,0,0,0,1,29,65401,6,1,0,0,3,3,64,150,0,0,0,0,0,0,0,0,0,0,0,0,0,0,1,2,60,3,5,2,1,0,0,5,53,1,1,1,21,"777777777777","777777777777","777777777777",1,0
29,290762,3,4,1,24,10,12,11,12,1,1,0,29,1,72,706,72706,80,2009,"1HD1FC41X9Y6","1","H","D","1","F","C","4","1","X","9","Y","6",0,0,0,"000000000","00000000000",0,0,0,1,0,0,0,0,0,0,0,0,0,0,0,6,6,2,12,0,0,0,1,29,65401,6,1,0,0,3,3,68,180,0,0,0,0,0,0,0,0,0,0,0,0,0,0,1,2,60,3,5,2,1,0,0,5,53,1,1,1,98,"777777777777","777777777777","777777777777",0,0
29,290762,4,4,1,24,10,12,11,12,1,1,0,29,1,41,54,41054,6,2010,"JM3TB3MA8A02","J","M","3","T","B","3","M","A","8","A","0","2",0,0,0,"000000000","00000000000",0,0,0,1,0,0,0,0,0,0,0,998,0,0,0,13,2,5,54,0,0,0,1,29,65401,6,1,0,0,3,0,63,170,0,0,0,0,0,0,0,0,0,0,0,0,0,0,1,2,60,2,6,2,1,0,0,14,10,1,1,1,98,"777777777777","777777777777","777777777777",0,0
29,290763,1,1,1,9,9,21,33,33,0,1,0,29,1,37,706,37706,80,2015,"JH2SC61P2FK1","J","H","2","S","C","6","1","P","2","F","K","1",0,0,0,"000000000","00000000000",0,0,0,1,0,0,0,0,0,0,0,998,0,0,0,3,6,2,59,0,0,0,1,29,63021,6,1,0,0,3,0,69,175,0,0,0,0,0,0,0,0,0,4,58,0,0,0,3,6,45,4,6,1,2,3,3,14,6,99,9,4,7,"777777777777","777777777777","777777777777",1,1
29,290764,1,1,1,10,10,22,10,33,0,1,0,29,1,20,4,20004,2,2002,"1G1YY22G6251","1","G","1","Y","Y","2","2","G","6","2","5","1",0,0,0,"000000000","00000000000",0,0,0,1,0,0,0,0,0,0,0,998,0,1,5,12,6,2,1,0,0,0,1,29,64116,6,1,0,0,3,3,70,170,0,0,0,1,0,4,2014,4,2014,3,0,0,0,0,1,2,45,3,1,2,2,0,0,14,6,99,9,4,2,"777777777777","777777777777","777777777777",1,1
29,290765,1,1,1,28,10,22,20,8,0,1,0,29,1,20,37,20037,4,2013,"1G11G5SX6DF2","1","G","1","1","G","5","S","X","6","D","F","2",0,0,0,"000000000","00000000000",0,0,0,1,0,0,0,0,0,0,0,998,0,0,0,12,6,2,8,0,0,0,1,29,63033,6,1,4,0,3,0,68,225,0,0,0,1,0,1,2013,1,2013,0,0,0,0,0,2,5,40,1,1,2,1,3,3,1,80,1,1,1,13,"777777777777","777777777777","777777777777",0,0
29,290766,1,2,1,8,11,12,37,12,1,1,0,29,3,12,17,12017,4,2015,"1FAHP2F82FG1","1","F","A","H","P","2","F","8","2","F","G","1",0,0,0,"000000000","00000000000",0,0,0,1,0,0,0,0,0,0,0,62,0,0,0,12,4,3,12,0,0,0,1,20,66224,6,1,0,0,3,3,72,185,0,0,0,0,0,0,0,0,0,0,0,0,0,0,3,4,65,1,5,2,1,0,0,1,50,16,2,1,20,"777777777777","777777777777","777777777777",0,0
29,290766,2,2,1,8,11,12,37,12,1,1,0,29,1,18,3,18003,4,1995,"1G4CW52K1SH6","1","G","4","C","W","5","2","K","1","S","H","6",0,0,0,"000000000","00000000000",0,0,0,1,0,0,0,0,0,0,0,0,0,0,0,6,6,2,2,0,0,1,1,29,64128,6,1,0,0,3,3,69,200,0,0,0,0,0,0,0,0,0,0,99,99,99,99,3,4,65,1,5,2,1,0,0,5,53,1,1,1,21,"777777777777","777777777777","777777777777",1,0
29,290767,1,2,1,17,11,7,18,12,2,1,0,92,0,20,481,20481,31,2007,"1GCEC19037Z5","1","G","C","E","C","1","9","0","3","7","Z","5",0,0,0,"000000000","00000000000",0,0,0,1,0,0,0,0,0,0,0,998,0,0,0,12,4,3,12,0,0,0,1,20,66048,6,1,0,0,3,0,74,305,0,0,0,0,0,0,0,0,0,0,38,0,0,0,1,3,55,1,3,2,1,3,3,11,15,99,1,1,68,"777777777777","777777777777","777777777777",0,0
29,290767,2,2,1,17,11,7,18,12,2,1,0,29,1,53,706,53706,80,2007,"JS1GT77A2721","J","S","1","G","T","7","7","A","2","7","2","1",0,0,0,"000000000","00000000000",0,0,0,1,0,0,0,0,0,0,0,998,0,0,0,12,6,2,12,0,0,0,1,29,64098,6,1,6,0,3,0,75,250,0,0,0,0,0,0,0,0,0,0,0,0,0,0,1,2,55,1,3,2,1,3,3,1,66,99,1,1,69,"777777777777","777777777777","777777777777",1,0
29,290768,1,1,1,19,11,23,56,8,0,1,1,99,9,99,999,99999,99,9999,"999999999999","9","9","9","9","9","9","9","9","9","9","9","9",0,0,0,"000000000","00000000000",0,0,0,1,0,0,0,0,0,0,0,998,0,0,0,12,4,5,8,0,0,0,1,99,99999,9,9,99,9,9,9,999,999,99,99,99,99,99,99,9999,99,9999,9,99,99,99,99,1,6,35,1,1,2,1,98,9,1,80,99,1,1,13,"777777777777","777777777777","777777777777",0,0
29,290769,1,1,4,23,11,10,19,42,0,1,0,29,2,20,2,20002,4,2000,"2G1WH55K6Y92","2","G","1","W","H","5","5","K","6","Y","9","2",0,0,0,"000000000","00000000000",0,0,0,1,0,0,0,0,0,0,0,68,0,0,0,3,6,2,42,0,0,0,1,29,64134,0,0,0,0,0,0,999,999,0,0,0,0,0,0,0,0,0,3,0,0,0,0,1,2,25,3,6,2,1,0,0,14,6,7,4,4,7,"777777777777","777777777777","777777777777",1,0
29,290770,1,1,2,23,11,19,15,8,0,1,0,29,1,20,25,20025,4,2012,"1G1PF5SC6C73","1","G","1","P","F","5","S","C","6","C","7","3",0,0,0,"000000000","00000000000",0,0,0,1,0,0,0,0,0,0,0,998,0,0,0,12,4,3,8,0,0,0,1,29,63133,6,1,0,0,3,0,61,165,0,0,0,1,0,4,2016,4,2016,0,0,0,0,0,1,4,35,1,1,2,2,0,0,1,80,1,1,1,13,"777777777777","777777777777","777777777777",0,0
29,290771,1,2,3,25,11,20,0,12,6,1,0,29,2,23,8,23008,6,2011,"1GKKRREDXBJ1","1","G","K","K","R","R","E","D","X","B","J","1",0,0,0,"000000000","00000000000",0,0,0,1,0,0,0,0,0,0,0,998,0,0,0,12,6,2,12,0,0,0,1,29,65301,6,1,0,0,3,0,60,130,0,0,0,0,0,0,0,0,0,0,0,0,0,0,5,5,45,1,1,2,1,3,3,1,66,99,1,1,69,"777777777777","777777777777","777777777777",0,0
29,290771,2,2,2,25,11,20,0,12,6,1,0,29,1,2,404,2404,14,1998,"1J4FJ78S6WL2","1","J","4","F","J","7","8","S","6","W","L","2",0,0,0,"000000000","00000000000",0,0,0,1,0,0,0,0,0,0,0,998,0,0,0,3,6,2,12,0,0,0,1,29,64077,6,1,0,0,3,3,70,230,0,0,0,0,0,0,0,0,0,0,38,0,0,0,5,5,45,1,1,2,1,3,3,11,15,99,1,1,68,"777777777777","777777777777","777777777777",1,0
29,290772,1,2,1,27,11,17,5,59,0,1,0,29,2,20,401,20401,14,2002,"1GNDT13S5223","1","G","N","D","T","1","3","S","5","2","2","3",0,0,0,"000000000","00000000000",0,0,0,1,0,0,0,0,0,0,0,998,0,0,0,98,6,2,12,0,0,0,1,29,63549,6,1,0,0,3,3,74,190,0,0,0,1,0,6,2015,6,2015,0,99,99,99,99,2,2,60,1,1,1,2,0,0,1,9,99,9,4,7,"777777777777","777777777777","777777777777",1,0
29,290772,2,2,1,27,11,17,5,59,0,1,0,29,3,2,422,2422,15,2014,"1C4RJFBMXEC4","1","C","4","R","J","F","B","M","X","E","C","4",0,0,0,"000000000","00000000000",0,0,0,1,0,0,0,0,0,0,0,998,0,0,0,12,6,2,12,0,0,0,1,29,65101,6,1,0,0,3,3,67,190,1,0,0,0,0,5,2015,5,2015,0,0,0,0,0,2,2,60,1,1,1,2,0,0,1,66,99,1,1,98,"777777777777","777777777777","777777777777",0,0
29,290773,1,1,1,3,12,2,6,42,0,1,0,29,2,35,48,35048,2,2006,"JN1AZ34D36M3","J","N","1","A","Z","3","4","D","3","6","M","3",0,0,0,"000000000","00000000000",0,0,0,1,0,0,0,0,0,0,0,998,0,0,0,12,6,2,42,0,0,0,1,29,63123,6,1,0,0,3,0,67,145,1,0,0,0,3,3,2014,10,2016,3,0,0,0,0,1,4,35,1,5,2,1,0,0,1,6,99,9,4,2,"777777777777","777777777777","777777777777",1,1
29,290774,1,1,1,3,12,21,20,8,0,1,0,29,2,12,473,12473,30,2001,"1FMZU67E11UC","1","F","M","Z","U","6","7","E","1","1","U","C",0,0,0,"000000000","00000000000",0,0,0,1,0,0,0,0,0,0,0,998,0,0,0,12,4,3,8,0,0,0,1,29,63104,6,1,0,0,3,0,66,170,0,0,0,0,0,0,0,0,0,3,0,0,0,0,5,5,40,1,1,2,1,0,0,1,80,1,1,1,13,"777777777777","777777777777","777777777777",0,0
29,290775,1,1,2,4,12,0,20,59,0,1,1,29,1,63,32,63032,5,2011,"KNADH4A36B67","K","N","A","D","H","4","A","3","6","B","6","7",0,0,0,"000000000","00000000000",0,0,0,1,0,0,0,0,0,0,0,998,0,0,0,12,4,3,20,0,0,0,1,29,63026,6,1,0,0,3,0,65,160,0,1,0,0,1,7,2013,6,2014,0,0,0,0,0,1,2,35,3,1,2,1,0,0,14,13,1,9,4,2,"777777777777","777777777777","777777777777",1,1
29,290776,1,2,1,5,12,12,0,12,1,1,0,29,1,35,472,35472,30,2009,"1N6AD07W99C4","1","N","6","A","D","0","7","W","9","9","C","4",0,0,0,"000000000","00000000000",0,0,0,1,0,0,0,0,0,0,0,998,0,0,0,12,6,2,12,0,0,0,1,29,64116,6,1,0,0,3,3,75,202,0,0,0,0,0,0,0,0,0,0,26,0,0,0,3,3,65,1,5,2,1,0,0,1,52,99,9,1,24,"777777777777","777777777777","777777777777",1,0
29,290776,2,2,1,5,12,12,0,12,1,1,0,93,3,82,881,82881,66,2015,"3AKJGLD50FSG","3","A","K","J","G","L","D","5","0","F","S","G",1,1,57,"0080806","570080806",3,6,1,1,0,0,0,0,0,0,0,998,0,0,0,6,4,3,12,0,0,0,1,48,75035,6,1,6,0,3,0,999,999,0,0,0,0,0,0,0,0,0,0,99,99,99,99,3,3,65,1,5,2,1,0,0,1,53,1,1,1,25,"888888888888","777777777777","777777777777",0,0
29,290777,1,1,1,17,12,16,50,32,0,1,0,29,1,20,2,20002,4,2012,"2G1WG5E34C11","2","G","1","W","G","5","E","3","4","C","1","1",0,0,0,"000000000","00000000000",0,0,0,1,0,0,0,0,0,0,0,998,0,1,5,12,6,2,1,0,0,0,1,29,65706,6,1,0,0,3,0,65,160,0,0,0,0,0,0,0,0,0,0,0,0,0,0,1,2,45,1,5,2,4,0,0,1,13,99,1,4,1,"777777777777","777777777777","777777777777",1,1
29,290778,1,1,1,18,12,19,20,8,0,1,0,29,1,7,482,7482,31,2001,"1B7HC16X21S6","1","B","7","H","C","1","6","X","2","1","S","6",0,0,0,"000000000","00000000000",0,0,0,1,0,0,0,0,0,0,0,998,0,0,0,12,2,5,8,0,0,0,1,29,64138,6,1,0,0,3,0,66,158,0,0,0,0,0,0,0,0,0,0,0,0,0,0,1,4,40,4,3,2,2,0,0,14,80,99,1,1,13,"777777777777","777777777777","777777777777",0,0
29,290779,1,1,1,15,10,17,48,35,0,1,0,29,1,72,706,72706,80,2011,"1HD1GV411BC3","1","H","D","1","G","V","4","1","1","B","C","3",0,0,0,"000000000","00000000000",0,0,0,1,0,0,0,0,0,0,0,998,0,0,0,12,6,2,35,0,0,0,1,29,65203,6,1,0,0,3,3,69,190,0,1,0,0,0,9,2016,9,2016,0,0,0,0,0,1,2,45,1,1,2,1,0,0,1,9,1,9,4,2,"777777777777","777777777777","777777777777",1,1
29,290780,1,2,1,31,10,16,11,12,6,1,0,29,1,12,24,12024,6,2014,"2FMDK3JC0EBB","2","F","M","D","K","3","J","C","0","E","B","B",0,0,0,"000000000","00000000000",0,0,0,1,0,0,0,0,0,0,0,998,0,0,0,1,6,2,12,0,0,0,1,29,65340,6,1,0,0,3,3,65,250,0,0,0,1,0,8,2015,8,2015,0,38,0,0,0,2,3,35,1,1,1,1,3,3,11,15,1,1,1,68,"777777777777","777777777777","777777777777",0,0
29,290780,2,2,1,31,10,16,11,12,6,1,0,29,1,76,705,76705,80,2009,"JYARJ06E29A0","J","Y","A","R","J","0","6","E","2","9","A","0",0,0,0,"000000000","00000000000",0,0,0,1,0,0,0,0,0,0,0,998,0,0,0,12,6,2,12,0,0,0,1,29,65202,6,1,0,0,3,0,67,185,0,0,0,2,1,3,2012,7,2013,0,0,0,0,0,2,2,35,1,1,1,1,3,3,1,66,1,1,1,69,"777777777777","777777777777","777777777777",1,0
29,290781,1,2,1,19,12,6,17,12,6,1,0,29,1,20,25,20025,4,2011,"1G1PF5S91B71","1","G","1","P","F","5","S","9","1","B","7","1",0,0,0,"000000000","00000000000",0,0,0,1,0,0,0,0,0,0,0,998,0,0,0,12,6,2,12,0,0,0,1,29,63136,6,1,0,0,3,3,68,185,1,0,0,0,0,8,2013,8,2013,9,99,99,99,99,5,5,40,4,5,1,1,0,0,14,56,99,1,1,93,"777777777777","777777777777","777777777777",1,0
29,290781,2,2,1,19,12,6,17,12,6,1,0,93,3,82,881,82881,66,2014,"3AKJGEDV6ESF","3","A","K","J","G","E","D","V","6","E","S","F",1,1,57,"0187903","570187903",3,6,1,1,0,0,0,0,0,0,0,998,0,0,0,9,4,5,12,0,0,0,1,20,66203,6,1,6,0,3,3,72,240,0,0,0,1,1,8,2014,11,2016,0,0,0,0,0,5,5,40,4,5,1,1,0,0,13,20,1,1,1,92,"888888888888","777777777777","777777777777",0,0
29,290782,1,2,1,29,10,11,0,30,0,1,0,29,1,76,706,76706,80,2015,"JYARN33E0FA0","J","Y","A","R","N","3","3","E","0","F","A","0",0,0,0,"000000000","00000000000",0,0,0,1,0,0,0,0,0,0,0,998,0,0,0,12,6,2,12,0,0,0,1,29,63146,6,1,0,0,2,0,68,160,0,0,0,0,0,0,0,0,0,0,0,0,0,0,3,3,40,1,6,1,1,3,3,1,12,1,1,4,6,"777777777777","777777777777","777777777777",1,0
29,290782,2,2,1,29,10,11,0,30,0,1,0,29,1,21,441,21441,20,2002,"1GHDX13E92D2","1","G","H","D","X","1","3","E","9","2","D","2",0,0,0,"000000000","00000000000",0,0,0,1,0,0,0,0,0,0,0,998,0,0,0,14,2,5,12,0,0,0,1,29,63133,6,1,0,0,3,3,66,175,0,0,0,0,0,0,0,0,0,0,0,0,0,0,3,3,40,1,6,1,1,3,3,1,60,7,1,1,98,"777777777777","777777777777","777777777777",0,0
29,290783,1,2,1,4,11,12,22,12,6,1,0,29,2,73,705,73705,80,2006,"JKAKLEA176DA","J","K","A","K","L","E","A","1","7","6","D","A",0,0,0,"000000000","00000000000",0,0,0,1,0,0,0,0,0,0,0,998,0,0,0,1,6,2,12,0,0,0,1,29,65301,6,1,6,0,2,0,72,205,0,0,0,0,0,0,0,0,0,0,38,39,0,0,1,2,45,1,5,2,1,20,3,1,17,1,1,1,87,"777777777777","777777777777","777777777777",0,0
29,290783,2,2,1,4,11,12,22,12,6,1,0,29,1,72,706,72706,80,2010,"1HD1JD514AB0","1","H","D","1","J","D","5","1","4","A","B","0",0,0,0,"000000000","00000000000",0,0,0,1,0,0,0,0,0,0,0,50,0,0,0,4,6,2,12,0,0,0,1,29,65337,6,1,0,0,3,0,67,160,1,0,0,0,0,6,2013,6,2013,9,99,99,99,99,1,2,45,1,2,2,1,0,0,1,66,16,2,1,86,"777777777777","777777777777","777777777777",1,1
29,290784,1,1,1,4,11,23,30,11,0,1,0,31,1,37,31,37031,2,2008,"2HGFG12638H5","2","H","G","F","G","1","2","6","3","8","H","5",0,0,0,"000000000","00000000000",0,0,0,1,0,0,0,0,0,0,0,998,0,1,5,12,6,2,1,0,0,0,1,31,68164,6,1,0,0,3,3,73,175,1,0,1,0,0,9,2014,10,2015,0,58,83,0,0,1,2,60,3,5,2,1,0,0,14,87,7,2,1,13,"777777777777","777777777777","777777777777",1,1
29,290785,1,2,1,5,11,12,10,12,2,1,0,29,1,23,481,23481,31,2001,"1GTHK24G41E3","1","G","T","H","K","2","4","G","4","1","E","3",0,0,0,"000000000","00000000000",0,0,0,1,0,0,0,0,0,0,0,998,0,0,0,12,6,2,12,0,0,0,1,29,63555,6,1,0,0,3,0,72,210,0,0,0,0,0,0,0,0,0,0,28,0,0,0,1,2,50,1,3,4,1,0,0,1,62,1,1,1,52,"777777777777","777777777777","777777777777",1,0
29,290785,2,2,2,5,11,12,10,12,2,1,0,29,2,7,482,7482,31,2004,"3D7KU28C94G2","3","D","7","K","U","2","8","C","9","4","G","2",0,0,0,"000000000","00000000000",0,0,0,1,0,0,0,0,0,0,0,998,0,0,0,12,6,2,12,0,0,0,1,29,63563,6,2,0,0,3,2,66,160,0,0,0,0,0,0,0,0,0,0,28,73,0,0,1,2,50,1,3,4,1,0,0,1,10,1,1,1,52,"777777777777","777777777777","777777777777",0,0
29,290786,1,1,2,5,11,22,10,42,0,1,0,29,2,2,404,2404,14,1993,"1J4FJ68S7PL5","1","J","4","F","J","6","8","S","7","P","L","5",0,0,0,"000000000","00000000000",0,0,0,1,0,0,0,0,0,0,0,999,0,1,5,12,6,2,1,0,0,0,1,29,65462,6,1,0,0,3,3,71,220,1,0,0,0,0,8,2014,8,2014,0,0,0,0,0,1,2,55,3,6,2,1,0,0,14,1,1,2,4,2,"777777777777","777777777777","777777777777",1,0