"STATE","ST_CASE","VEH_NO","VE_FORMS","NUMOCCS","DAY","MONTH","HOUR","MINUTE","HARM_EV","MAN_COLL","UNITTYPE","HIT_RUN","REG_STAT","OWNER","MAKE","MODEL","MAK_MOD","BODY_TYP","MOD_YEAR","VIN","VIN_1","VIN_2","VIN_3","VIN_4","VIN_5","VIN_6","VIN_7","VIN_8","VIN_9","VIN_10","VIN_11","VIN_12","TOW_VEH","J_KNIFE","MCARR_I1","MCARR_I2","MCARR_ID","GVWR","V_CONFIG","CARGO_BT","HAZ_INV","HAZ_PLAC","HAZ_ID","HAZ_CNO","HAZ_REL","BUS_USE","SPEC_USE","EMER_USE","TRAV_SP","UNDERIDE","ROLLOVER","ROLINLOC","IMPACT1","DEFORMED","TOWED","M_HARM","VEH_SC1","VEH_SC2","FIRE_EXP","DR_PRES","L_STATE","DR_ZIP","L_STATUS","L_TYPE","CDL_STAT","L_ENDORS","L_COMPL","L_RESTRI","DR_HGT","DR_WGT","PREV_ACC","PREV_SUS","PREV_DWI","PREV_SPD","PREV_OTH","FIRST_MO","FIRST_YR","LAST_MO","LAST_YR","SPEEDREL","DR_SF1","DR_SF2","DR_SF3","DR_SF4","VTRAFWAY","VNUM_LAN","VSPD_LIM","VALIGN","VPROFILE","VPAVETYP","VSURCOND","VTRAFCON","VTCONT_F","P_CRASH1","P_CRASH2","P_CRASH3","PCRASH4","PCRASH5","ACC_TYPE","TRLR1VIN","TRLR2VIN","TRLR3VIN","DEATHS","DR_DRINK"
29,290862,1,2,2,13,12,9,34,12,6,1,0,17,5,12,17,12017,4,2002,"1FAFP53U52A1","1","F","A","F","P","5","3","U","5","2","A","1",0,0,0,"000000000","00000000000",0,0,0,1,0,0,0,0,0,0,0,998,0,0,0,12,6,2,12,0,0,0,1,29,63137,0,0,0,0,0,0,68,163,1,0,0,0,0,4,2016,4,2016,3,39,0,0,0,5,5,35,1,1,1,2,3,3,1,17,99,1,1,88,"777777777777","777777777777","777777777777",2,0
29,290862,2,2,2,13,12,9,34,12,6,1,0,93,3,51,881,51881,66,2016,"4V4NC9EH0GN9","4","V","4","N","C","9","E","H","0","G","N","9",1,1,57,"432307","57432307",3,6,1,1,0,0,0,0,0,0,0,998,0,0,0,8,6,2,12,0,0,0,1,29,63121,6,1,6,0,3,0,68,190,1,0,0,0,0,8,2014,8,2014,0,0,0,0,0,1,2,30,1,8,1,2,3,3,1,66,99,1,1,89,"888888888888","777777777777","777777777777",0,0
29,290863,1,2,1,9,12,16,28,12,6,1,1,99,9,7,422,7422,15,2004,"1D4HB38NX4F2","1","D","4","H","B","3","8","N","X","4","F","2",0,0,0,"000000000","00000000000",0,0,0,1,0,0,0,0,0,0,0,998,0,0,0,12,4,5,12,0,0,0,1,99,99999,9,9,99,9,9,9,999,999,99,99,99,99,99,99,9999,99,9999,9,48,0,0,0,1,2,35,1,1,2,1,3,3,12,21,99,1,1,98,"777777777777","777777777777","777777777777",0,0
29,290863,2,2,1,9,12,16,28,12,6,1,0,29,2,22,20,22020,4,2005,"2G2WP5220511","2","G","2","W","P","5","2","2","0","5","1","1",0,0,0,"000000000","00000000000",0,0,0,1,0,0,0,0,0,0,0,998,0,0,0,9,6,2,12,0,0,0,1,29,63115,3,1,0,0,2,0,73,175,1,0,0,0,0,9,2015,9,2015,0,0,0,0,0,1,4,35,1,1,2,1,3,3,1,65,99,1,1,98,"777777777777","777777777777","777777777777",0,0
29,290864,1,2,1,30,11,1,9,12,6,1,0,29,1,18,7,18007,4,2002,"2G4WY55J8212","2","G","4","W","Y","5","5","J","8","2","1","2",0,0,0,"000000000","00000000000",0,0,0,1,0,0,0,0,0,0,0,42,0,0,0,12,4,3,12,0,0,0,1,29,64062,6,1,0,0,3,3,72,190,1,0,0,0,0,9,2014,9,2014,0,0,0,0,0,1,2,35,1,1,2,1,3,3,1,66,99,1,2,69,"777777777777","777777777777","777777777777",0,0
29,290864,2,2,2,30,11,1,9,12,6,1,0,29,1,24,1,24001,4,1999,"1G8ZK5275XZ1","1","G","8","Z","K","5","2","7","5","X","Z","1",0,0,0,"000000000","00000000000",0,0,0,1,0,0,0,0,0,0,0,998,0,0,0,2,4,3,12,0,0,0,1,29,64155,1,1,0,0,2,3,67,160,0,0,0,0,0,0,0,0,0,0,38,0,0,0,1,2,35,1,1,2,1,3,3,11,15,99,1,1,68,"777777777777","777777777777","777777777777",1,1
29,290865,1,1,2,5,12,2,45,1,0,1,0,29,1,62,421,62421,15,2005,"SALME11465A1","S","A","L","M","E","1","1","4","6","5","A","1",0,0,0,"000000000","00000000000",0,0,0,1,0,0,0,0,0,0,0,998,0,2,5,0,6,2,1,0,0,0,1,29,64138,1,1,0,0,2,0,73,180,0,1,0,0,0,7,2016,7,2016,0,0,0,0,0,1,2,35,3,1,1,1,0,0,14,9,99,1,4,1,"777777777777","777777777777","777777777777",1,1
29,290866,1,1,3,28,10,22,57,1,0,1,0,20,2,20,401,20401,14,2005,"1GNDT13S9521","1","G","N","D","T","1","3","S","9","5","2","1",0,0,0,"000000000","00000000000",0,0,0,1,0,0,0,0,0,0,0,998,0,2,5,0,6,2,1,0,0,0,1,20,66210,6,1,0,0,3,3,63,180,1,0,0,0,1,10,2015,5,2016,4,0,0,0,0,1,2,35,1,6,2,1,0,0,1,6,99,9,4,2,"777777777777","777777777777","777777777777",1,1
29,290867,1,3,1,29,3,13,25,12,8,1,0,29,1,20,25,20025,4,2014,"1G1PA5SH0E71","1","G","1","P","A","5","S","H","0","E","7","1",0,0,0,"000000000","00000000000",0,0,0,1,0,0,0,0,0,0,0,998,0,0,0,10,6,2,12,0,0,0,1,29,63031,6,1,0,0,3,3,72,135,1,0,0,0,0,9,2014,9,2014,9,99,99,99,99,5,5,30,1,1,2,1,0,0,1,10,99,1,2,64,"777777777777","777777777777","777777777777",1,0
29,290867,2,3,2,29,3,13,25,12,8,1,0,29,3,12,481,12481,31,2003,"1FTNW21F33EA","1","F","T","N","W","2","1","F","3","3","E","A",0,0,0,"000000000","00000000000",0,0,0,1,0,0,0,0,0,0,0,998,0,0,0,8,6,2,12,0,0,0,1,29,63055,6,1,0,0,3,3,72,205,2,0,0,0,0,7,2011,5,2012,0,0,0,0,0,5,5,30,1,1,2,1,0,0,1,62,99,1,1,65,"777777777777","777777777777","777777777777",0,0
29,290867,3,3,2,29,3,13,25,12,8,1,0,29,1,20,2,20002,4,2002,"2G1WF52E7293","2","G","1","W","F","5","2","E","7","2","9","3",0,0,0,"000000000","00000000000",0,0,0,1,0,0,0,0,0,0,0,998,0,0,0,12,6,2,12,0,0,0,1,29,63042,6,1,0,0,3,0,67,150,0,0,0,0,0,0,0,0,0,0,0,0,0,0,5,5,30,1,1,2,1,0,0,1,62,1,1,1,98,"777777777777","777777777777","777777777777",0,0
29,290868,1,1,1,31,12,17,2,8,0,1,0,29,1,12,481,12481,31,2003,"1FTSW31P83ED","1","F","T","S","W","3","1","P","8","3","E","D",0,0,0,"000000000","00000000000",0,0,0,1,0,0,0,0,0,0,0,998,0,0,0,1,2,5,8,0,0,0,1,29,63640,6,1,0,0,3,0,69,175,0,0,0,0,0,0,0,0,0,0,0,0,0,0,0,0,0,0,0,0,0,0,0,1,80,1,1,1,13,"777777777777","777777777777","777777777777",0,0
29,290869,1,1,1,3,11,16,55,2,0,1,0,29,1,20,2,20002,4,2012,"2G1WB5E39C12","2","G","1","W","B","5","E","3","9","C","1","2",0,0,0,"000000000","00000000000",0,0,0,1,0,0,0,0,0,0,0,998,0,0,0,0,6,2,2,0,0,1,1,29,63862,6,1,0,0,3,0,67,204,0,0,0,0,0,0,0,0,0,0,0,0,0,0,1,2,98,1,1,4,1,0,0,1,98,1,1,1,0,"777777777777","777777777777","777777777777",1,0
29,290870,1,1,3,8,12,6,25,35,0,1,0,29,2,12,401,12401,14,2002,"1FMDU73EX2ZB","1","F","M","D","U","7","3","E","X","2","Z","B",0,0,0,"000000000","00000000000",0,0,0,1,0,0,0,0,0,0,0,57,0,1,1,9,6,2,1,0,0,0,1,29,65775,6,1,0,0,3,0,68,150,3,1,0,1,0,1,2012,4,2016,3,58,0,0,0,1,2,55,1,5,2,1,0,0,6,12,1,5,4,7,"777777777777","777777777777","777777777777",1,0
29,290871,1,2,1,9,12,21,35,12,2,1,0,29,1,12,37,12037,5,2012,"1FAHP3K27CL1","1","F","A","H","P","3","K","2","7","C","L","1",0,0,0,"000000000","00000000000",0,0,0,1,0,0,0,0,0,0,0,25,0,0,0,12,6,2,12,0,0,0,1,15,64052,6,1,0,0,3,0,72,210,0,0,0,0,0,0,0,0,0,0,51,0,0,0,2,2,65,1,1,2,1,0,0,1,54,1,1,1,52,"777777777777","777777777777","777777777777",1,1
29,290871,2,2,1,9,12,21,35,12,2,1,0,29,1,2,1,2001,6,2008,"1J8FF47W38D6","1","J","8","F","F","4","7","W","3","8","D","6",0,0,0,"000000000","00000000000",0,0,0,1,0,0,0,0,0,0,0,69,0,0,0,12,6,2,12,0,0,0,1,29,64070,6,1,0,0,3,3,66,135,0,0,0,0,0,0,0,0,0,0,0,0,0,0,2,2,65,1,1,2,1,0,0,1,54,1,1,1,52,"777777777777","777777777777","777777777777",0,0
29,290872,1,1,1,13,12,14,4,53,0,1,0,29,1,20,471,20471,30,2002,"1GCCS1456281","1","G","C","C","S","1","4","5","6","2","8","1",0,0,0,"000000000","00000000000",0,0,0,1,0,0,0,0,0,0,0,998,0,0,0,12,6,2,42,0,0,0,1,29,65326,6,1,0,0,3,0,72,185,0,0,0,0,0,0,0,0,0,4,0,0,0,0,1,2,55,2,6,2,1,0,0,14,12,1,1,4,6,"777777777777","777777777777","777777777777",1,0
29,290873,1,3,2,16,12,7,16,12,7,1,0,92,0,82,881,82881,66,2017,"3ALXGF001HDH","3","A","L","X","G","F","0","0","1","H","D","H",2,3,57,"265752","57265752",3,7,1,1,0,0,0,0,0,0,0,998,0,0,0,98,6,2,12,0,0,0,1,36,11223,6,1,6,3,3,0,74,999,0,0,0,0,0,0,0,0,0,4,0,0,0,0,3,2,70,1,1,2,4,0,0,6,6,1,2,2,47,"1DW1A28196S8","1KKVD28188L2","777777777777",0,0
29,290873,2,3,2,16,12,7,16,12,7,1,0,29,1,20,481,20481,31,2007,"1GCHK33677F5","1","G","C","H","K","3","3","6","7","7","F","5",1,1,0,"000000000","00000000000",0,0,0,1,0,0,0,0,0,0,0,998,0,0,0,10,4,5,12,0,0,0,1,29,63013,6,1,0,0,3,0,72,225,0,0,0,0,0,0,0,0,0,0,0,0,0,0,3,2,70,1,1,2,4,0,0,1,60,1,1,1,45,"888888888888","777777777777","777777777777",0,0
29,290873,3,3,3,16,12,7,16,12,7,1,0,29,1,2,408,2408,14,2015,"ZACCJBBT9FPC","Z","A","C","C","J","B","B","T","9","F","P","C",0,0,0,"000000000","00000000000",0,0,0,1,0,0,0,0,0,0,0,998,0,0,0,12,6,2,12,0,0,0,1,29,65722,6,1,0,0,3,3,61,110,0,0,0,0,0,0,0,0,0,0,0,0,0,0,3,2,70,1,1,2,4,0,0,1,64,7,1,1,98,"777777777777","777777777777","777777777777",1,0
29,290874,1,3,2,16,12,15,45,12,2,1,0,17,1,37,441,37441,20,2002,"2HKRL18632H5","2","H","K","R","L","1","8","6","3","2","H","5",0,0,0,"000000000","00000000000",0,0,0,1,0,0,0,0,0,0,0,999,0,0,0,12,6,2,12,0,0,0,1,29,63070,6,1,0,0,3,0,60,175,0,0,0,0,0,0,0,0,0,4,28,58,0,0,1,2,50,3,5,2,2,0,0,14,10,8,4,2,50,"777777777777","777777777777","777777777777",1,0
29,290874,2,3,4,16,12,15,45,12,2,1,0,29,1,23,8,23008,6,2010,"1GKLVLED7AJ1","1","G","K","L","V","L","E","D","7","A","J","1",0,0,0,"000000000","00000000000",0,0,0,1,0,0,0,0,0,0,0,37,0,0,0,12,6,2,12,0,0,0,1,29,63129,6,1,6,0,3,0,73,240,0,0,0,0,0,0,0,0,0,0,0,0,0,0,1,2,50,3,5,2,2,0,0,15,62,15,1,1,51,"777777777777","777777777777","777777777777",0,0
29,290874,3,3,1,16,12,15,45,12,2,1,0,29,1,20,481,20481,31,2015,"1GCVKREC5FZ3","1","G","C","V","K","R","E","C","5","F","Z","3",0,0,0,"000000000","00000000000",0,0,0,1,0,0,0,0,0,0,0,999,0,0,0,10,4,5,12,0,0,0,1,29,63028,6,1,6,0,3,3,72,180,0,0,0,0,0,0,0,0,0,0,0,0,0,0,1,2,50,1,1,2,2,0,0,1,60,9,1,1,98,"777777777777","777777777777","777777777777",0,0
29,290875,1,2,2,23,12,22,28,12,2,1,0,29,2,12,471,12471,30,2007,"1FTZR45EX7PA","1","F","T","Z","R","4","5","E","X","7","P","A",0,0,0,"000000000","00000000000",0,0,0,1,0,0,0,0,0,0,0,999,0,0,0,12,6,2,12,0,0,0,1,29,65803,6,1,0,0,3,0,67,135,0,0,0,0,0,0,0,0,0,0,28,0,0,0,1,2,45,1,5,2,2,0,0,1,10,1,1,2,50,"777777777777","777777777777","777777777777",1,1
29,290875,2,2,1,23,12,22,28,12,2,1,0,29,2,18,7,18007,4,1994,"3G4AG55M6RS6","3","G","4","A","G","5","5","M","6","R","S","6",0,0,0,"000000000","00000000000",0,0,0,1,0,0,0,0,0,0,0,999,0,0,0,12,6,2,12,0,0,0,1,29,65803,6,1,0,0,3,0,72,175,0,2,1,0,0,12,2012,1,2013,0,0,0,0,0,1,2,45,1,5,2,2,0,0,1,62,1,1,1,51,"777777777777","777777777777","777777777777",1,0
29,290876,1,1,1,24,12,16,20,1,0,1,0,29,2,20,471,20471,30,1995,"1GCDT14Z6S81","1","G","C","D","T","1","4","Z","6","S","8","1",0,0,0,"000000000","00000000000",0,0,0,1,0,0,0,0,0,0,0,998,0,1,1,0,6,2,1,0,0,0,1,29,65775,6,1,0,0,3,3,64,200,1,0,0,0,0,8,2016,8,2016,4,0,0,0,0,2,2,65,1,1,2,1,0,0,1,13,6,3,6,98,"777777777777","777777777777","777777777777",1,0
29,290877,1,1,1,29,12,1,18,43,0,1,0,29,2,20,20,20020,4,1999,"2G1WL52M0X91","2","G","1","W","L","5","2","M","0","X","9","1",0,0,0,"000000000","00000000000",0,0,0,1,0,0,0,0,0,0,0,998,0,1,5,6,6,2,1,0,0,0,1,29,65203,2,1,0,0,2,0,62,135,0,4,1,0,0,11,2012,3,2016,3,58,0,0,0,1,2,30,2,3,2,1,0,0,14,6,7,2,4,2,"777777777777","777777777777","777777777777",1,1
29,290878,1,2,1,26,11,23,3,12,99,1,1,99,9,6,51,6051,4,2003,"2C3HE66G03H5","2","C","3","H","E","6","6","G","0","3","H","5",0,0,0,"000000000","00000000000",0,0,0,1,0,0,0,0,0,0,0,998,0,0,0,98,4,5,12,0,0,0,1,99,99999,9,9,99,9,9,9,999,999,99,99,99,99,99,99,9999,99,9999,9,38,0,0,0,4,3,35,1,1,2,1,3,3,11,15,99,9,9,99,"777777777777","777777777777","777777777777",0,0
29,290878,2,2,2,26,11,23,3,12,99,1,0,92,0,20,2,20002,4,2008,"2G1WB58K4891","2","G","1","W","B","5","8","K","4","8","9","1",0,0,0,"000000000","00000000000",0,0,0,1,0,0,0,0,0,0,0,998,0,0,0,98,6,2,12,0,0,0,1,29,64128,1,1,0,0,2,0,71,170,1,0,0,1,0,5,2013,8,2014,0,0,0,0,0,2,2,35,9,9,2,1,3,3,1,78,99,9,9,99,"777777777777","777777777777","777777777777",1,0
29,290879,1,1,1,18,9,0,0,8,0,1,0,29,2,7,482,7482,31,2001,"3B7HF13Z81M2","3","B","7","H","F","1","3","Z","8","1","M","2",0,0,0,"000000000","00000000000",0,0,0,1,0,0,0,0,0,0,0,998,0,0,0,12,4,5,8,0,0,0,1,29,64078,6,1,0,0,3,0,72,155,0,0,0,1,0,11,2014,11,2014,9,99,99,99,99,1,2,45,1,1,2,1,0,0,1,80,99,1,1,13,"777777777777","777777777777","777777777777",0,0
29,290880,1,1,1,4,9,10,43,35,0,1,0,29,1,18,2,18002,4,2004,"1G4HR54K64U1","1","G","4","H","R","5","4","K","6","4","U","1",0,0,0,"000000000","00000000000",0,0,0,1,0,0,0,0,0,0,0,998,0,0,0,12,4,3,38,0,0,0,1,29,65622,6,1,0,0,3,0,64,140,0,0,0,0,0,0,0,0,0,0,0,0,0,0,1,2,35,1,5,2,1,20,3,1,14,99,1,4,14,"777777777777","777777777777","777777777777",1,0
29,290881,1,2,2,30,7,13,49,12,1,1,0,29,1,41,37,41037,4,2002,"1YVGF22C8252","1","Y","V","G","F","2","2","C","8","2","5","2",0,0,0,"000000000","00000000000",0,0,0,1,0,0,0,0,0,0,0,998,0,0,0,12,6,2,12,0,0,0,1,29,63034,6,1,0,0,3,3,70,240,0,0,0,0,0,0,0,0,0,4,0,0,0,0,5,5,40,1,1,1,1,0,0,1,50,99,9,1,20,"777777777777","777777777777","777777777777",1,0
29,290881,2,2,5,30,7,13,49,12,1,1,0,29,2,35,39,35039,4,2005,"1N4BA41E45C8","1","N","4","B","A","4","1","E","4","5","C","8",0,0,0,"000000000","00000000000",0,0,0,1,0,0,0,0,0,0,0,0,0,0,0,6,6,2,12,0,0,0,1,29,63031,6,1,0,0,3,0,71,140,0,0,0,1,0,7,2014,7,2014,0,0,0,0,0,5,5,40,1,1,1,1,0,0,5,53,1,1,1,21,"777777777777","777777777777","777777777777",0,0
29,290882,1,1,1,27,12,6,27,8,0,1,0,17,1,20,25,20025,4,2014,"1G1PA5SHXE73","1","G","1","P","A","5","S","H","X","E","7","3",0,0,0,"000000000","00000000000",0,0,0,1,0,0,0,0,0,0,0,998,0,0,0,12,6,2,8,0,0,0,1,29,63376,6,1,0,0,3,0,67,165,1,0,0,0,0,2,2016,2,2016,0,0,0,0,0,5,3,35,1,1,1,1,0,0,1,80,1,1,1,13,"777777777777","777777777777","777777777777",0,0
29,290883,1,2,1,4,12,12,56,12,6,1,0,29,1,73,706,73706,80,1999,"JKBVNAA14XA0","J","K","B","V","N","A","A","1","4","X","A","0",0,0,0,"000000000","00000000000",0,0,0,1,0,0,0,0,0,0,0,998,0,0,0,12,6,2,12,0,0,0,1,29,64836,6,1,0,0,3,0,71,210,0,0,0,0,0,0,0,0,0,0,38,0,0,0,3,3,50,2,1,2,1,3,3,14,17,99,1,1,83,"777777777777","777777777777","777777777777",1,0
29,290883,2,2,1,4,12,12,56,12,6,1,0,40,1,22,441,22441,20,2004,"1GMDX03E84D1","1","G","M","D","X","0","3","E","8","4","D","1",0,0,0,"000000000","00000000000",0,0,0,1,0,0,0,0,0,0,0,998,0,0,0,10,6,2,12,0,0,0,1,40,74729,6,1,6,0,3,0,72,205,0,0,0,0,0,0,0,0,0,0,0,0,0,0,1,3,30,1,8,2,1,3,3,11,66,99,1,1,82,"777777777777","777777777777","777777777777",0,0
29,290884,1,2,1,30,12,20,42,12,6,1,0,29,1,55,39,55039,4,2008,"KMHFC46F98A2","K","M","H","F","C","4","6","F","9","8","A","2",0,0,0,"000000000","00000000000",0,0,0,1,0,0,0,0,0,0,0,998,0,0,0,12,6,2,12,0,0,0,1,29,65109,2,1,0,0,2,0,72,185,1,4,1,0,0,5,2014,7,2016,3,35,0,0,0,1,2,35,1,1,1,1,0,0,6,10,1,1,1,83,"777777777777","777777777777","777777777777",0,1
29,290884,2,2,2,30,12,20,42,12,6,1,0,29,1,55,33,55033,4,2005,"KMHWF25S45A1","K","M","H","W","F","2","5","S","4","5","A","1",0,0,0,"000000000","00000000000",0,0,0,1,0,0,0,0,0,0,0,998,0,1,5,11,6,2,1,0,0,0,1,29,65202,6,1,6,0,3,0,75,200,1,0,0,0,0,8,2012,8,2012,0,0,0,0,0,1,2,25,1,8,2,1,20,3,11,62,99,1,1,82,"777777777777","777777777777","777777777777",1,1
29,290885,1,2,1,8,11,16,48,12,6,1,0,29,1,63,37,63037,6,2010,"KNDJT2A20A70","K","N","D","J","T","2","A","2","0","A","7","0",0,0,0,"000000000","00000000000",0,0,0,1,0,0,0,0,0,0,0,998,0,0,0,11,6,2,12,0,0,0,1,29,63366,6,1,0,0,3,3,69,200,1,0,0,0,0,1,2016,1,2016,0,38,0,0,0,1,2,25,1,1,1,1,20,3,1,17,1,1,1,89,"777777777777","777777777777","777777777777",1,0
29,290885,2,2,1,8,11,16,48,12,6,1,0,29,1,12,481,12481,31,2004,"1FTNW21P14EB","1","F","T","N","W","2","1","P","1","4","E","B",0,0,0,"000000000","00000000000",0,0,0,1,0,0,0,0,0,0,0,998,0,0,0,12,6,2,12,0,0,0,1,29,63366,6,1,0,0,3,0,72,190,0,1,0,2,3,12,2013,8,2014,0,0,0,0,0,5,5,45,1,1,1,1,0,0,1,66,6,1,1,88,"777777777777","777777777777","777777777777",0,0
29,290886,1,1,1,11,12,0,24,8,0,1,1,99,9,99,999,99999,99,9999,"999999999999","9","9","9","9","9","9","9","9","9","9","9","9",0,0,0,"000000000","00000000000",0,0,0,1,0,0,0,0,0,0,0,998,0,0,0,98,9,5,8,0,0,0,1,99,99999,9,9,99,9,9,9,999,999,99,99,99,99,99,99,9999,99,9999,9,99,99,99,99,3,2,35,4,3,1,1,0,0,14,80,99,9,1,13,"777777777777","777777777777","777777777777",0,0
29,290887,1,2,1,9,12,18,0,12,2,1,0,29,1,7,442,7442,20,2002,"1B4GP25382B6","1","B","4","G","P","2","5","3","8","2","B","6",0,0,0,"000000000","00000000000",0,0,0,1,0,0,0,0,0,0,0,998,0,0,0,12,6,2,12,0,0,0,1,29,63084,6,1,0,0,3,0,65,165,1,3,1,1,1,7,2012,10,2016,0,28,0,0,0,5,5,40,2,1,1,1,0,0,14,10,99,1,2,50,"777777777777","777777777777","777777777777",1,0
29,290887,2,2,1,9,12,18,0,12,2,1,0,29,1,20,481,20481,31,2009,"3GCEC23J99G1","3","G","C","E","C","2","3","J","9","9","G","1",0,0,0,"000000000","00000000000",0,0,0,1,0,0,0,0,0,0,0,998,0,0,0,12,6,2,12,0,0,0,1,29,63084,6,1,0,0,3,0,73,225,0,0,0,0,0,0,0,0,0,0,0,0,0,0,5,5,40,3,1,1,1,0,0,14,62,99,1,1,51,"777777777777","777777777777","777777777777",0,1
29,290888,1,1,1,25,12,14,40,14,0,1,0,29,2,20,473,20473,30,2008,"1GCDT13E0881","1","G","C","D","T","1","3","E","0","8","8","1",0,0,0,"000000000","00000000000",0,0,0,1,0,0,0,0,0,0,0,998,0,0,0,12,6,2,14,0,0,0,1,29,65706,6,1,0,0,3,3,73,250,0,0,0,0,0,0,0,0,0,0,0,0,0,0,1,2,55,2,6,2,2,0,0,14,12,99,1,4,6,"777777777777","777777777777","777777777777",1,0
29,290889,1,2,1,26,10,13,4,12,6,1,0,29,2,53,40,53040,9,2007,"JS2YB413X751","J","S","2","Y","B","4","1","3","X","7","5","1",0,0,0,"000000000","00000000000",0,0,0,1,0,0,0,0,0,0,0,998,0,0,0,12,4,5,12,0,0,0,1,29,63936,6,2,0,0,3,3,63,190,0,0,0,0,0,0,0,0,0,0,0,0,0,0,1,2,35,1,1,2,1,20,3,1,17,99,1,1,88,"777777777777","777777777777","777777777777",0,0
29,290889,2,2,1,26,10,13,4,12,6,1,0,29,1,53,705,53705,88,2007,"JS1CP51AX721","J","S","1","C","P","5","1","A","X","7","2","1",0,0,0,"000000000","00000000000",0,0,0,1,0,0,0,0,0,0,0,998,0,0,0,9,4,5,12,0,0,0,1,29,63801,6,1,0,0,3,0,68,210,0,0,0,0,0,0,0,0,0,0,0,0,0,0,1,2,35,1,1,2,1,0,0,1,66,99,1,1,89,"777777777777","777777777777","777777777777",1,0
29,290890,1,2,1,22,12,13,21,12,1,1,0,20,3,7,482,7482,31,2011,"1D7RV1GP9BS5","1","D","7","R","V","1","G","P","9","B","S","5",0,0,0,"000000000","00000000000",0,0,0,1,0,0,0,0,0,0,0,0,0,0,0,6,4,5,12,0,0,0,1,20,67042,6,1,0,0,3,3,74,217,0,0,0,0,0,0,0,0,0,0,0,0,0,0,2,2,45,1,1,2,1,0,0,5,53,1,1,1,21,"777777777777","777777777777","777777777777",0,0
29,290890,2,2,1,22,12,13,21,12,1,1,0,29,1,20,471,20471,30,2002,"1GCCS1957282","1","G","C","C","S","1","9","5","7","2","8","2",0,0,0,"000000000","00000000000",0,0,0,1,0,0,0,0,0,0,0,998,0,0,0,12,6,2,12,0,0,0,1,29,64644,6,1,0,0,3,3,73,230,1,0,0,0,0,8,2015,8,2015,0,26,38,0,0,2,2,45,1,1,2,1,0,0,1,50,99,1,1,20,"777777777777","777777777777","777777777777",1,0
29,290891,1,2,2,15,12,17,40,12,2,1,0,29,1,12,471,12471,31,2007,"1FTYR14U67PA","1","F","T","Y","R","1","4","U","6","7","P","A",0,0,0,"000000000","00000000000",0,0,0,1,0,0,0,0,0,0,0,998,0,0,0,12,6,2,12,0,0,0,1,29,63050,6,1,0,0,3,0,72,148,2,2,1,0,2,9,2012,3,2014,0,0,0,0,0,1,2,35,1,6,2,1,0,0,1,62,16,1,1,51,"777777777777","777777777777","777777777777",0,0
29,290891,2,2,2,15,12,17,40,12,2,1,0,29,1,21,441,21441,20,2003,"1GHDX03E43D2","1","G","H","D","X","0","3","E","4","3","D","2",0,0,0,"000000000","00000000000",0,0,0,1,0,0,0,0,0,0,0,998,0,0,0,12,6,2,12,0,0,0,1,29,63020,6,1,0,0,3,0,61,140,2,0,0,0,1,9,2014,12,2015,0,28,0,0,0,1,2,35,1,6,2,1,0,0,1,10,1,1,2,50,"777777777777","777777777777","777777777777",1,0
29,290892,1,1,1,1,11,13,0,42,0,1,0,29,1,7,482,7482,31,2001,"3B7HF13Z91M2","3","B","7","H","F","1","3","Z","9","1","M","2",0,0,0,"000000000","00000000000",0,0,0,1,0,0,0,0,0,0,0,998,0,1,5,12,6,2,1,0,0,0,1,29,65340,6,1,0,0,3,0,67,145,1,0,0,0,0,6,2012,6,2012,0,0,0,0,0,1,2,55,3,5,2,1,0,0,14,13,6,1,4,6,"777777777777","777777777777","777777777777",1,0
29,290893,1,1,1,24,9,22,20,1,0,1,0,92,0,76,739,76739,90,9999,"999999999999","9","9","9","9","9","9","9","9","9","9","9","9",0,0,0,"000000000","00000000000",0,0,0,1,0,0,0,0,0,0,0,998,0,2,1,0,4,5,1,0,0,0,1,29,63301,6,1,0,0,3,3,68,120,0,0,0,0,1,12,2013,12,2013,0,6,0,0,0,1,2,55,1,1,1,1,0,0,1,98,99,1,1,98,"777777777777","777777777777","777777777777",1,0
29,290894,1,1,1,27,10,10,35,19,0,1,0,29,1,7,442,7442,20,2001,"1B4GP44351B2","1","B","4","G","P","4","4","3","5","1","B","2",0,0,0,"000000000","00000000000",0,0,0,1,0,0,0,0,0,0,0,998,0,0,0,12,6,2,19,0,0,0,1,29,63447,6,1,0,0,3,3,63,185,0,0,0,0,1,10,2014,10,2014,0,0,0,0,0,1,2,45,1,1,2,1,0,0,1,12,1,1,4,6,"777777777777","777777777777","777777777777",1,0
29,290895,1,2,2,4,5,8,30,12,2,1,0,29,2,34,34,34034,2,2001,"WBABN33481JW","W","B","A","B","N","3","3","4","8","1","J","W",0,0,0,"000000000","00000000000",0,0,0,1,0,0,0,0,0,0,0,998,0,0,0,12,6,2,12,0,0,0,1,29,65109,1,1,0,0,2,0,70,160,0,0,0,0,0,0,0,0,0,0,28,0,0,0,1,2,60,3,1,1,1,0,0,14,10,99,1,2,50,"777777777777","777777777777","777777777777",1,0
29,290895,2,2,1,4,5,8,30,12,2,1,0,29,1,20,421,20421,15,2002,"1GNEK13Z72R1","1","G","N","E","K","1","3","Z","7","2","R","1",0,0,0,"000000000","00000000000",0,0,0,1,0,0,0,0,0,0,0,998,0,0,0,12,6,2,12,0,0,0,1,29,65202,6,1,0,0,3,3,71,164,0,0,0,1,0,4,2014,4,2014,0,0,0,0,0,1,2,60,2,1,1,1,0,0,14,62,99,1,1,51,"777777777777","777777777777","777777777777",0,0