"STATE","ST_CASE","VEH_NO","VE_FORMS","NUMOCCS","DAY","MONTH","HOUR","MINUTE","HARM_EV","MAN_COLL","UNITTYPE","HIT_RUN","REG_STAT","OWNER","MAKE","MODEL","MAK_MOD","BODY_TYP","MOD_YEAR","VIN","VIN_1","VIN_2","VIN_3","VIN_4","VIN_5","VIN_6","VIN_7","VIN_8","VIN_9","VIN_10","VIN_11","VIN_12","TOW_VEH","J_KNIFE","MCARR_I1","MCARR_I2","MCARR_ID","GVWR","V_CONFIG","CARGO_BT","HAZ_INV","HAZ_PLAC","HAZ_ID","HAZ_CNO","HAZ_REL","BUS_USE","SPEC_USE","EMER_USE","TRAV_SP","UNDERIDE","ROLLOVER","ROLINLOC","IMPACT1","DEFORMED","TOWED","M_HARM","VEH_SC1","VEH_SC2","FIRE_EXP","DR_PRES","L_STATE","DR_ZIP","L_STATUS","L_TYPE","CDL_STAT","L_ENDORS","L_COMPL","L_RESTRI","DR_HGT","DR_WGT","PREV_ACC","PREV_SUS","PREV_DWI","PREV_SPD","PREV_OTH","FIRST_MO","FIRST_YR","LAST_MO","LAST_YR","SPEEDREL","DR_SF1","DR_SF2","DR_SF3","DR_SF4","VTRAFWAY","VNUM_LAN","VSPD_LIM","VALIGN","VPROFILE","VPAVETYP","VSURCOND","VTRAFCON","VTCONT_F","P_CRASH1","P_CRASH2","P_CRASH3","PCRASH4","PCRASH5","ACC_TYPE","TRLR1VIN","TRLR2VIN","TRLR3VIN","DEATHS","DR_DRINK"
30,300001,1,1,1,3,1,3,30,38,0,1,0,30,1,19,3,19003,4,1993,"1G6DW5273PR7","1","G","6","D","W","5","2","7","3","P","R","7",0,0,0,"000000000","00000000000",0,0,0,1,0,0,0,0,0,0,0,80,0,0,0,99,6,2,42,0,0,0,1,30,59803,1,1,0,0,2,2,999,999,98,1,1,1,0,2,2012,8,2013,3,74,0,0,0,1,2,35,1,1,2,3,0,0,1,12,7,3,4,6,"777777777777","777777777777","777777777777",1,1
30,300002,1,1,2,6,1,21,29,31,0,1,0,30,2,51,42,51042,4,1993,"YV1LS5503P20","Y","V","1","L","S","5","5","0","3","P","2","0",0,0,0,"000000000","00000000000",0,0,0,1,0,0,0,0,0,0,0,998,0,0,0,11,6,2,35,0,0,0,1,30,59804,6,7,0,0,2,2,999,999,98,0,0,0,0,0,0,0,0,0,6,58,52,73,5,2,65,1,1,2,1,0,0,1,13,6,3,4,2,"777777777777","777777777777","777777777777",1,0
30,300003,1,1,1,13,1,10,15,8,0,1,0,30,1,20,481,20481,31,2013,"1GC1KYCG5DF1","1","G","C","1","K","Y","C","G","5","D","F","1",0,0,0,"000000000","00000000000",0,0,0,1,0,0,0,0,0,0,0,998,0,0,0,14,0,5,8,33,0,0,1,30,59106,6,1,0,0,3,1,999,999,98,0,0,0,0,0,0,0,0,0,6,87,0,0,1,2,70,1,1,2,3,0,0,13,80,1,1,1,92,"777777777777","777777777777","777777777777",0,0
30,300004,1,1,1,14,1,13,10,31,0,1,0,30,1,21,2,21002,4,1996,"1G3HN52K0T48","1","G","3","H","N","5","2","K","0","T","4","8",0,0,0,"000000000","00000000000",0,0,0,1,0,0,0,0,0,0,0,998,0,1,5,1,6,2,43,0,0,0,1,30,59421,6,1,0,0,3,0,999,999,98,0,0,0,0,0,0,0,0,0,6,0,0,0,1,2,55,2,1,2,1,0,0,14,12,1,1,4,6,"777777777777","777777777777","777777777777",1,0
30,300005,1,2,1,14,1,11,55,12,1,1,0,18,3,85,884,85884,66,2015,"1XKYD49X1FJ4","1","X","K","Y","D","4","9","X","1","F","J","4",1,1,57,"054283000","57054283000",3,6,1,1,0,0,0,0,0,0,0,998,0,0,0,12,4,3,12,0,0,0,1,8,80232,6,1,6,1,3,0,65,120,0,0,0,1,0,4,2013,4,2013,0,6,0,0,0,1,3,60,1,5,2,2,0,0,1,59,9,1,1,24,"999999999999","777777777777","777777777777",0,0
30,300005,2,2,3,14,1,11,55,12,1,1,0,30,1,12,401,12401,14,1998,"1FMYU24E0WUB","1","F","M","Y","U","2","4","E","0","W","U","B",0,0,0,"000000000","00000000000",0,0,0,1,0,0,0,0,0,0,0,998,0,9,1,6,6,2,12,0,0,0,1,30,59016,0,0,0,0,0,0,999,999,98,0,0,0,0,0,0,0,0,0,48,0,0,0,1,3,60,1,5,2,2,0,0,11,53,1,1,1,25,"777777777777","777777777777","777777777777",1,0
30,300006,1,1,1,27,1,17,21,1,0,1,0,30,1,12,481,12481,31,2005,"1FTPX14535KD","1","F","T","P","X","1","4","5","3","5","K","D",0,0,0,"000000000","00000000000",0,0,0,1,0,0,0,0,0,0,0,998,0,1,5,0,6,2,1,0,0,0,1,30,59043,1,1,0,0,2,2,999,999,98,0,0,0,0,0,0,0,0,0,6,58,74,0,1,2,70,2,5,2,1,0,0,14,12,6,4,4,7,"777777777777","777777777777","777777777777",1,1
30,300007,1,2,2,1,2,21,20,12,6,1,0,4,2,49,482,49482,31,2000,"5TBBT4819YS0","5","T","B","B","T","4","8","1","9","Y","S","0",0,0,0,"000000000","00000000000",0,0,0,1,0,0,0,0,0,0,0,998,0,0,0,9,6,2,12,0,0,1,1,4,86323,1,1,0,0,2,0,999,999,0,0,0,0,0,0,0,0,0,4,6,0,0,0,2,4,80,1,1,2,4,0,0,6,10,99,3,2,64,"777777777777","777777777777","777777777777",2,0
30,300007,2,2,1,1,2,21,20,12,6,1,0,30,1,82,881,82881,66,1996,"1FUYDXYB4TP6","1","F","U","Y","D","X","Y","B","4","T","P","6",1,1,57,"014561100","57014561100",3,6,6,1,0,0,0,0,0,0,0,998,0,0,0,12,6,2,12,0,0,1,1,30,59801,6,1,6,1,3,1,999,999,98,0,0,0,0,0,0,0,0,0,0,0,0,0,2,4,80,1,1,2,4,0,0,1,54,1,1,1,65,"1B9CS4524TP2","777777777777","777777777777",0,0
30,300008,1,1,1,6,2,7,0,1,0,1,0,30,1,7,482,7482,31,2006,"3D7LX38C16G2","3","D","7","L","X","3","8","C","1","6","G","2",0,0,0,"000000000","00000000000",0,0,0,1,0,0,0,0,0,0,0,998,0,1,5,0,6,2,1,0,0,0,1,30,59740,6,1,0,0,3,1,999,999,98,0,0,2,4,7,2011,10,2015,0,6,58,0,0,1,2,70,1,1,2,99,0,0,1,12,7,3,4,7,"777777777777","777777777777","777777777777",1,1
30,300009,1,2,1,7,2,13,25,12,2,1,0,30,1,20,25,20025,4,2014,"1G1PC5SB8E73","1","G","1","P","C","5","S","B","8","E","7","3",0,0,0,"000000000","00000000000",0,0,0,1,0,0,0,0,0,0,0,72,0,0,0,12,6,2,12,0,0,0,1,30,59523,6,1,0,0,3,0,999,999,98,0,0,0,0,0,0,0,0,0,36,0,0,0,1,2,70,1,1,2,1,0,0,1,10,1,1,2,50,"777777777777","777777777777","777777777777",1,0
30,300009,2,2,1,7,2,13,25,12,2,1,0,95,2,51,881,51881,66,2015,"4V4NC9EH4FN9","4","V","4","N","C","9","E","H","4","F","N","9",1,1,57,"108750500","57108750500",3,6,1,1,0,0,0,0,0,0,0,998,0,0,0,12,6,2,12,0,0,1,1,95,0,6,1,6,1,3,0,999,999,99,99,99,99,99,99,9999,99,9999,0,0,0,0,0,1,2,70,1,1,2,1,0,0,1,62,9,1,1,51,"999999999999","777777777777","777777777777",0,0
30,300010,1,2,1,8,2,6,30,11,0,1,0,30,1,20,481,20481,31,1999,"1GCEK19R8XR1","1","G","C","E","K","1","9","R","8","X","R","1",0,0,0,"000000000","00000000000",0,0,0,1,0,0,0,0,0,0,0,998,0,0,0,12,6,2,12,0,0,0,1,30,59044,6,1,0,0,3,0,999,999,98,0,0,1,0,1,2013,1,2013,0,83,0,0,0,2,2,65,1,1,2,1,0,0,1,87,1,1,1,13,"777777777777","777777777777","777777777777",0,0
30,300010,2,2,1,8,2,6,30,11,0,1,0,30,2,12,481,12481,31,1987,"1FTEF14N2HKA","1","F","T","E","F","1","4","N","2","H","K","A",0,0,0,"000000000","00000000000",0,0,0,1,0,0,0,0,0,0,0,998,0,0,0,12,6,2,12,0,0,0,1,30,59014,6,1,0,0,3,1,999,999,98,0,0,0,0,0,0,0,0,0,0,0,0,0,1,2,98,1,1,2,1,0,0,1,62,1,1,1,98,"777777777777","777777777777","777777777777",1,0
30,300011,1,1,1,8,2,6,20,1,0,1,0,30,2,7,25,7025,5,2007,"1B3HB48B17D1","1","B","3","H","B","4","8","B","1","7","D","1",0,0,0,"000000000","00000000000",0,0,0,1,0,0,0,0,0,0,0,998,0,1,1,0,6,2,1,0,0,0,1,30,59405,6,1,0,0,3,1,999,999,98,0,0,0,0,0,0,0,0,0,58,81,0,0,1,2,65,1,1,2,1,0,0,1,90,7,4,6,98,"777777777777","777777777777","777777777777",1,0
30,300012,1,1,3,8,2,18,11,8,0,1,0,30,1,12,481,12481,31,2009,"1FTRX14W19FA","1","F","T","R","X","1","4","W","1","9","F","A",0,0,0,"000000000","00000000000",0,0,0,1,0,0,0,0,0,0,0,998,0,0,0,12,2,3,8,0,0,0,1,30,59066,6,1,0,0,3,1,999,999,98,0,0,1,0,8,2014,8,2014,0,6,0,0,0,1,2,45,1,1,2,1,29,3,1,80,1,1,1,13,"777777777777","777777777777","777777777777",0,0
30,300013,1,1,1,8,2,6,47,9,0,1,0,30,1,12,481,12481,31,2003,"1FTNW21S53ED","1","F","T","N","W","2","1","S","5","3","E","D",0,0,0,"000000000","00000000000",0,0,0,1,0,0,0,0,0,0,0,998,0,0,0,1,6,2,9,0,0,0,1,30,59105,6,1,0,0,3,0,999,999,98,0,0,0,2,6,2012,4,2013,0,0,0,0,0,4,4,35,1,2,2,1,0,0,1,83,8,2,1,13,"777777777777","777777777777","777777777777",0,0
30,300014,1,1,2,13,2,2,30,1,0,1,0,30,1,20,481,20481,31,2004,"1GCGK23U34F1","1","G","C","G","K","2","3","U","3","4","F","1",0,0,0,"000000000","00000000000",0,0,0,1,0,0,0,0,0,0,0,998,0,1,5,0,6,2,1,0,0,0,1,30,59263,6,1,0,0,3,0,999,999,98,0,0,1,0,1,2012,1,2012,3,36,0,0,0,1,2,35,2,1,2,1,40,3,14,12,9,3,4,7,"777777777777","777777777777","777777777777",1,1
30,300015,1,1,1,14,2,2,20,42,0,1,0,53,1,12,481,12481,31,2006,"1FTWW31P66ED","1","F","T","W","W","3","1","P","6","6","E","D",0,0,0,"000000000","00000000000",0,0,0,1,0,0,0,0,0,0,0,88,0,1,5,8,6,2,1,0,0,0,1,53,98248,6,1,0,0,3,0,70,220,0,0,0,3,2,10,2013,9,2015,3,6,58,0,0,1,3,65,1,6,2,1,0,0,1,12,6,3,4,7,"777777777777","777777777777","777777777777",1,1
30,300016,1,1,3,21,2,7,24,35,0,1,0,30,1,20,402,20402,14,2000,"2CNBJ1869Y69","2","C","N","B","J","1","8","6","9","Y","6","9",0,0,0,"000000000","00000000000",0,0,0,1,0,0,0,0,0,0,0,998,0,1,5,14,6,2,1,0,0,0,1,30,59031,6,1,0,0,3,0,999,999,98,1,1,0,0,3,2011,3,2011,0,36,0,0,0,1,2,60,1,6,2,1,29,3,1,13,1,1,4,1,"777777777777","777777777777","777777777777",1,1
30,300017,1,1,1,24,2,15,59,17,0,1,0,30,1,48,44,48044,10,2003,"4S4BT61C0361","4","S","4","B","T","6","1","C","0","3","6","1",0,0,0,"000000000","00000000000",0,0,0,1,0,0,0,0,0,0,0,998,0,0,0,5,6,2,42,0,0,0,1,30,59920,6,1,0,0,3,0,999,999,98,1,1,0,0,11,2011,11,2011,4,6,0,0,0,1,2,35,3,5,2,1,0,0,14,13,1,1,4,1,"777777777777","777777777777","777777777777",1,1
30,300018,1,2,1,25,2,9,30,12,6,1,0,30,2,20,481,20481,31,1994,"1GCEK19K5RE2","1","G","C","E","K","1","9","K","5","R","E","2",0,0,0,"000000000","00000000000",0,0,0,1,0,0,0,0,0,0,0,998,0,0,0,1,6,2,12,0,0,0,1,30,59086,6,1,6,0,3,0,999,999,98,1,0,0,0,7,2015,7,2015,0,38,6,0,0,1,2,60,1,1,2,1,0,0,11,55,6,1,1,76,"777777777777","777777777777","777777777777",0,0
30,300018,2,2,1,25,2,9,30,12,6,1,0,30,2,85,881,85881,63,1994,"1NKDLB9X5RS6","1","N","K","D","L","B","9","X","5","R","S","6",1,1,57,"2161571","572161571",3,4,3,1,0,0,0,0,0,0,0,998,0,1,5,11,6,2,1,0,0,0,1,30,59086,6,1,6,1,3,1,999,999,98,2,1,0,1,10,2013,10,2015,0,0,0,0,0,1,2,60,1,1,2,1,0,0,1,51,7,2,1,77,"wa7811202300","777777777777","777777777777",1,0
30,300019,1,1,1,26,2,22,40,31,0,1,0,30,1,22,2,22002,4,1994,"1G2HX52L6R42","1","G","2","H","X","5","2","L","6","R","4","2",0,0,0,"000000000","00000000000",0,0,0,1,0,0,0,0,0,0,0,998,0,1,1,12,6,2,1,0,0,0,1,30,59417,0,0,0,0,0,0,999,999,99,99,99,99,99,99,9999,99,9999,0,6,58,0,0,1,2,65,3,5,2,1,0,0,14,13,6,4,4,98,"777777777777","777777777777","777777777777",1,1
30,300020,1,1,2,27,2,18,12,1,0,1,0,30,2,12,402,12402,14,2005,"1FMCU931X5KA","1","F","M","C","U","9","3","1","X","5","K","A",0,0,0,"000000000","00000000000",0,0,0,1,0,0,0,0,0,0,0,998,0,1,3,0,6,2,1,0,0,0,1,30,59101,1,1,0,0,2,2,999,999,98,0,0,0,0,0,0,0,0,0,36,74,0,0,2,2,80,2,6,2,1,0,0,14,12,7,3,4,6,"777777777777","777777777777","777777777777",1,1
30,300021,1,1,1,29,2,18,0,35,0,1,0,30,2,20,2,20002,4,2012,"2G1WC5E3XC12","2","G","1","W","C","5","E","3","X","C","1","2",0,0,0,"000000000","00000000000",0,0,0,1,0,0,0,0,0,0,0,100,0,1,6,12,6,2,1,0,0,0,1,30,59255,0,0,0,0,0,0,999,999,98,0,0,0,0,0,0,0,0,3,36,8,58,0,1,2,55,2,6,2,3,0,0,14,12,7,3,4,6,"777777777777","777777777777","777777777777",1,1
30,300022,1,1,8,1,3,15,10,1,0,1,0,30,2,20,421,20421,15,2002,"1GNEK13Z42J1","1","G","N","E","K","1","3","Z","4","2","J","1",0,0,0,"000000000","00000000000",0,0,0,1,0,0,0,0,0,0,0,998,0,1,5,0,6,2,1,0,0,0,1,30,59255,6,1,0,0,3,1,999,999,98,1,1,0,0,6,2011,6,2011,0,6,58,0,0,1,2,70,1,3,2,1,0,0,1,12,7,3,4,6,"777777777777","777777777777","777777777777",1,0
30,300023,1,1,1,3,3,21,12,8,0,1,1,30,2,12,481,12481,31,1997,"1FTEX18LXVKC","1","F","T","E","X","1","8","L","X","V","K","C",0,0,0,"000000000","00000000000",0,0,0,1,0,0,0,0,0,0,0,998,0,0,0,12,4,3,8,0,0,0,1,30,59213,0,0,0,0,0,0,999,999,98,0,0,0,0,99,9999,99,9999,0,36,86,0,0,1,2,55,1,1,2,1,0,0,1,80,1,1,1,13,"777777777777","777777777777","777777777777",0,1
30,300024,1,2,2,5,3,19,12,12,2,1,0,30,1,14,17,14017,4,2000,"1MEFM50U8YG6","1","M","E","F","M","5","0","U","8","Y","G","6",0,0,0,"000000000","00000000000",0,0,0,1,0,0,0,0,0,0,0,998,0,0,0,12,6,2,12,0,0,0,1,30,59230,6,1,0,0,3,0,999,999,98,1,0,0,0,11,2013,11,2013,0,36,50,0,0,2,2,80,3,1,2,1,0,0,14,10,1,1,4,50,"777777777777","777777777777","777777777777",2,1
30,300024,2,2,1,5,3,19,12,12,2,1,0,30,1,23,481,23481,31,2014,"3GTU2VEC4EG2","3","G","T","U","2","V","E","C","4","E","G","2",0,0,0,"000000000","00000000000",0,0,0,1,0,0,0,0,0,0,0,998,0,0,0,12,6,2,12,0,0,0,1,30,59230,6,1,0,0,3,0,999,999,98,0,0,0,0,0,0,0,0,0,0,0,0,0,2,2,80,2,1,2,1,0,0,14,62,1,1,1,51,"777777777777","777777777777","777777777777",1,0
30,300025,1,2,1,7,3,18,40,12,2,1,0,30,2,37,31,37031,4,1995,"JHMEG8659SS0","J","H","M","E","G","8","6","5","9","S","S","0",0,0,0,"000000000","00000000000",0,0,0,1,0,0,0,0,0,0,0,998,0,0,0,12,6,2,12,0,0,0,1,30,59101,6,1,0,0,3,0,999,999,98,0,0,0,0,0,0,0,0,0,6,38,0,0,1,2,45,1,1,2,1,20,3,11,55,1,1,2,82,"777777777777","777777777777","777777777777",0,0
30,300025,2,2,1,7,3,18,40,12,2,1,0,30,2,73,706,73706,80,1983,"JKAKZBL18DA0","J","K","A","K","Z","B","L","1","8","D","A","0",0,0,0,"000000000","00000000000",0,0,0,1,0,0,0,0,0,0,0,998,0,0,0,12,6,2,12,0,0,0,1,30,59101,1,1,0,0,2,2,999,999,98,2,2,0,1,8,2011,11,2014,0,74,0,0,0,1,2,55,1,1,2,1,0,0,1,67,8,1,1,83,"777777777777","777777777777","777777777777",1,0
30,300026,1,1,1,9,3,14,32,1,0,1,0,30,1,49,401,49401,14,1998,"JT3GN87R3W00","J","T","3","G","N","8","7","R","3","W","0","0",0,0,0,"000000000","00000000000",0,0,0,1,0,0,0,0,0,0,0,59,0,9,5,0,6,2,1,0,0,0,1,30,59901,6,1,0,0,3,0,999,999,98,0,0,1,0,7,2013,7,2013,0,36,58,0,0,1,2,55,3,1,2,1,0,0,14,12,6,4,4,7,"777777777777","777777777777","777777777777",1,0
30,300027,1,1,1,8,3,7,55,8,0,1,0,30,1,23,481,23481,31,1998,"2GTEK19R6W15","2","G","T","E","K","1","9","R","6","W","1","5",0,0,0,"000000000","00000000000",0,0,0,1,0,0,0,0,0,0,0,998,0,0,0,12,4,5,8,0,0,0,1,30,59102,6,1,0,0,3,0,999,999,98,0,0,0,0,0,0,0,0,0,0,0,0,0,1,2,25,1,1,2,1,2,3,10,80,1,1,1,13,"777777777777","777777777777","777777777777",0,0
30,300028,1,1,1,12,3,0,24,1,0,1,0,30,3,12,461,12461,21,2001,"1FTNE24L71HB","1","F","T","N","E","2","4","L","7","1","H","B",0,0,0,"000000000","00000000000",0,0,0,1,0,0,0,0,0,0,0,998,0,1,5,0,6,2,1,0,0,0,1,30,59714,1,1,0,0,2,2,999,999,98,1,1,0,2,6,2012,2,2015,0,6,58,74,0,2,2,80,2,1,2,1,0,0,14,13,6,4,4,2,"777777777777","777777777777","777777777777",1,1
30,300029,1,1,5,12,3,14,25,1,0,1,0,30,2,12,481,12481,31,2007,"1FTPW145X7FA","1","F","T","P","W","1","4","5","X","7","F","A",0,0,0,"000000000","00000000000",0,0,0,1,0,0,0,0,0,0,0,998,0,1,5,0,6,2,1,0,0,0,1,30,59105,6,1,0,0,3,1,999,999,98,0,0,2,0,12,2015,1,2016,4,36,58,0,0,1,2,70,3,1,2,1,40,3,14,13,6,4,4,2,"777777777777","777777777777","777777777777",1,0
30,300030,1,1,1,13,3,1,30,1,0,1,0,30,1,48,34,48034,6,2001,"4S3BH6658176","4","S","3","B","H","6","6","5","8","1","7","6",0,0,0,"000000000","00000000000",0,0,0,1,0,0,0,0,0,0,0,90,0,1,3,0,6,2,1,0,0,0,1,30,59715,6,1,0,0,3,1,999,999,98,1,1,0,0,2,2012,3,2014,0,58,0,0,0,2,2,80,2,1,2,1,0,0,14,12,7,3,4,7,"777777777777","777777777777","777777777777",1,1
30,300031,1,1,1,17,2,19,40,1,0,1,0,16,3,87,881,87881,63,2016,"1NPCX4TX2GD3","1","N","P","C","X","4","T","X","2","G","D","3",0,0,57,"231942500","57231942500",3,2,97,1,0,0,0,0,0,13,2,998,0,1,5,0,6,2,1,0,0,0,1,16,83440,6,1,6,1,3,0,72,190,1,0,0,1,0,3,2014,3,2014,0,6,58,0,0,1,2,55,1,1,2,1,0,0,1,13,6,4,4,1,"777777777777","777777777777","777777777777",1,0
30,300032,1,2,1,17,3,7,30,12,6,1,0,30,2,7,41,7041,4,2003,"2B3HD56M83H5","2","B","3","H","D","5","6","M","8","3","H","5",0,0,0,"000000000","00000000000",0,0,0,1,0,0,0,0,0,0,0,998,0,0,0,3,6,2,12,0,0,0,1,30,59917,6,1,0,0,3,0,999,999,98,0,0,0,0,0,0,0,0,0,58,0,0,0,1,2,60,2,1,2,2,0,0,14,13,7,4,6,64,"777777777777","777777777777","777777777777",1,0
30,300032,2,2,2,17,3,7,30,12,6,1,0,30,1,7,482,7482,31,2004,"1D7HU18D24S6","1","D","7","H","U","1","8","D","2","4","S","6",0,0,0,"000000000","00000000000",0,0,0,1,0,0,0,0,0,0,0,998,0,0,0,12,6,2,12,0,0,0,1,30,59901,6,1,0,0,3,1,999,999,98,0,0,0,0,0,0,0,0,0,0,0,0,0,1,2,60,3,1,2,2,0,0,14,62,1,1,1,65,"777777777777","777777777777","777777777777",0,0
30,300033,1,1,3,21,3,2,40,1,0,1,0,16,1,20,431,20431,16,1993,"1GNFK16K6PJ3","1","G","N","F","K","1","6","K","6","P","J","3",0,0,0,"000000000","00000000000",0,0,0,1,0,0,0,0,0,0,0,998,0,1,5,0,6,2,1,0,0,0,1,16,83440,6,1,0,0,3,0,66,214,0,0,0,0,0,0,0,0,0,0,36,58,0,0,3,2,80,1,1,2,1,0,0,1,13,6,4,4,2,"777777777777","777777777777","777777777777",1,0
30,300034,1,1,1,24,3,6,17,8,0,1,0,30,1,49,403,49403,14,2011,"5TDBK3EH9BS0","5","T","D","B","K","3","E","H","9","B","S","0",0,0,0,"000000000","00000000000",0,0,0,1,0,0,0,0,0,0,0,998,0,0,0,14,0,5,8,0,0,0,1,30,59019,6,1,0,0,3,0,999,999,98,0,0,1,0,2,2016,2,2016,0,86,0,0,0,1,2,60,1,1,2,1,0,0,1,80,1,1,1,13,"777777777777","777777777777","777777777777",0,0
30,300035,1,1,1,25,3,13,25,1,0,1,0,30,2,20,22,20022,4,2006,"1G1AL55F2676","1","G","1","A","L","5","5","F","2","6","7","6",0,0,0,"000000000","00000000000",0,0,0,1,0,0,0,0,0,0,0,85,0,1,3,0,6,2,1,0,0,0,1,30,59404,6,1,0,0,3,0,999,999,98,0,0,0,0,0,0,0,0,4,87,0,0,0,2,2,80,3,5,2,10,0,0,14,12,99,4,4,7,"777777777777","777777777777","777777777777",1,0
30,300036,1,2,1,12,3,19,20,12,1,1,0,30,2,12,481,12481,31,1990,"2FTEF14N1LCA","2","F","T","E","F","1","4","N","1","L","C","A",0,0,0,"000000000","00000000000",0,0,0,1,0,0,0,0,0,0,0,998,0,0,0,12,6,2,12,0,0,0,1,30,59865,6,1,0,0,3,0,999,999,98,0,0,0,0,0,0,0,0,3,36,28,0,0,5,3,45,1,1,2,2,0,0,98,50,1,1,1,20,"777777777777","777777777777","777777777777",1,1
30,300036,2,2,3,12,3,19,20,12,1,1,0,30,2,20,481,20481,31,2011,"3GCPKSE34BG1","3","G","C","P","K","S","E","3","4","B","G","1",0,0,0,"000000000","00000000000",0,0,0,1,0,0,0,0,0,0,0,0,0,0,0,6,6,2,12,0,0,0,1,30,59930,6,1,0,0,3,0,999,999,98,0,0,0,0,0,0,0,0,0,0,0,0,0,1,3,45,1,1,2,2,0,0,5,53,1,1,1,21,"777777777777","777777777777","777777777777",0,0
30,300037,1,1,1,30,3,21,52,8,0,1,0,30,1,2,407,2407,14,2014,"1C4NJRBB8ED8","1","C","4","N","J","R","B","B","8","E","D","8",0,0,0,"000000000","00000000000",0,0,0,1,0,0,0,0,0,0,0,998,0,0,0,12,0,5,8,0,0,0,1,8,81623,6,1,0,0,3,0,71,190,0,0,0,2,0,9,2011,6,2012,0,6,86,0,0,1,5,35,1,2,2,1,2,3,1,80,1,1,1,13,"777777777777","777777777777","777777777777",0,0
30,300038,1,2,1,31,3,16,35,12,2,1,0,29,3,2,407,2407,14,2016,"1C4NJPBA1GD5","1","C","4","N","J","P","B","A","1","G","D","5",0,0,0,"000000000","00000000000",0,0,0,1,0,0,0,0,0,0,0,998,0,0,0,12,6,2,12,0,0,0,1,30,59003,6,1,0,0,3,0,999,999,98,1,1,0,0,8,2014,8,2014,0,6,35,0,0,1,2,70,1,1,2,1,0,0,6,54,1,1,2,50,"777777777777","777777777777","777777777777",1,0
30,300038,2,2,1,31,3,16,35,12,2,1,0,46,1,23,8,23008,6,2007,"1GKEV33717J1","1","G","K","E","V","3","3","7","1","7","J","1",0,0,0,"000000000","00000000000",0,0,0,1,0,0,0,0,0,0,0,998,0,0,0,12,6,2,12,0,0,0,1,99,99999,9,9,99,9,9,9,999,99,99,99,99,99,99,99,9999,99,9999,0,0,0,0,0,1,2,70,1,1,2,1,0,0,1,54,1,1,1,51,"777777777777","777777777777","777777777777",0,0
30,300039,1,1,4,2,4,16,42,1,0,1,0,92,0,2,404,2404,14,2001,"1J4GW58NX1C5","1","J","4","G","W","5","8","N","X","1","C","5",0,0,0,"000000000","00000000000",0,0,0,1,0,0,0,0,0,0,0,100,0,2,1,0,6,2,1,0,0,0,1,98,59016,0,0,0,0,0,0,999,999,99,99,99,99,99,99,9999,99,9999,3,36,28,58,0,1,2,70,1,1,2,1,0,0,1,10,7,4,2,98,"777777777777","777777777777","777777777777",2,1
30,300040,1,1,2,3,4,19,2,35,0,1,0,30,1,12,481,12481,31,1989,"1FTEF25N1KPA","1","F","T","E","F","2","5","N","1","K","P","A",0,0,0,"000000000","00000000000",0,0,0,1,0,0,0,0,0,0,0,998,0,0,0,12,6,2,35,0,0,0,1,30,59860,6,1,0,0,3,3,999,999,98,0,0,2,0,2,2013,4,2015,0,36,58,0,0,1,2,65,3,4,2,1,0,0,14,13,7,3,4,2,"777777777777","777777777777","777777777777",1,1
30,300041,1,1,2,9,4,15,45,31,0,1,0,30,2,19,3,19003,4,1998,"1G6KD54YXWU7","1","G","6","K","D","5","4","Y","X","W","U","7",0,0,0,"000000000","00000000000",0,0,0,1,0,0,0,0,0,0,0,998,0,1,5,12,6,2,1,0,0,0,1,30,99999,9,9,99,9,9,9,999,999,99,99,99,99,99,99,9999,99,9999,5,36,58,0,0,1,2,70,1,1,2,1,0,0,1,12,7,4,4,7,"777777777777","777777777777","777777777777",1,0
30,300042,1,2,2,8,4,19,30,12,6,1,0,30,1,72,709,72709,80,2015,"1HD1BWV1XFB0","1","H","D","1","B","W","V","1","X","F","B","0",0,0,0,"000000000","00000000000",0,0,0,1,0,0,0,0,0,0,0,998,0,0,0,12,6,2,12,0,0,0,1,30,59711,6,1,0,0,2,0,999,999,98,0,0,0,0,0,0,0,0,0,0,0,0,0,3,2,70,1,1,2,1,0,0,1,55,1,1,1,83,"777777777777","777777777777","777777777777",1,0
30,300042,2,2,1,8,4,19,30,12,6,1,0,30,1,20,481,20481,31,1998,"2GCEK19R2W12","2","G","C","E","K","1","9","R","2","W","1","2",0,0,0,"000000000","00000000000",0,0,0,1,0,0,0,0,0,0,0,998,0,0,0,8,6,2,12,0,0,0,1,30,59711,6,1,0,0,3,1,999,999,98,0,0,0,1,9,2014,9,2014,0,6,0,0,0,3,2,70,1,1,2,1,0,0,11,55,1,1,1,82,"777777777777","777777777777","777777777777",0,0
30,300043,1,1,2,12,4,2,5,1,0,1,0,30,1,41,471,41471,30,1994,"4F4CR17U2RTN","4","F","4","C","R","1","7","U","2","R","T","N",0,0,0,"000000000","00000000000",0,0,0,1,0,0,0,0,0,0,0,998,0,9,3,0,6,2,1,0,0,0,1,30,59711,6,1,0,0,3,0,999,999,98,0,0,0,0,0,0,0,0,0,31,58,0,0,2,2,80,2,1,2,1,29,3,14,12,7,3,4,7,"777777777777","777777777777","777777777777",1,1