"STATE","ST_CASE","VEH_NO","VE_FORMS","NUMOCCS","DAY","MONTH","HOUR","MINUTE","HARM_EV","MAN_COLL","UNITTYPE","HIT_RUN","REG_STAT","OWNER","MAKE","MODEL","MAK_MOD","BODY_TYP","MOD_YEAR","VIN","VIN_1","VIN_2","VIN_3","VIN_4","VIN_5","VIN_6","VIN_7","VIN_8","VIN_9","VIN_10","VIN_11","VIN_12","TOW_VEH","J_KNIFE","MCARR_I1","MCARR_I2","MCARR_ID","GVWR","V_CONFIG","CARGO_BT","HAZ_INV","HAZ_PLAC","HAZ_ID","HAZ_CNO","HAZ_REL","BUS_USE","SPEC_USE","EMER_USE","TRAV_SP","UNDERIDE","ROLLOVER","ROLINLOC","IMPACT1","DEFORMED","TOWED","M_HARM","VEH_SC1","VEH_SC2","FIRE_EXP","DR_PRES","L_STATE","DR_ZIP","L_STATUS","L_TYPE","CDL_STAT","L_ENDORS","L_COMPL","L_RESTRI","DR_HGT","DR_WGT","PREV_ACC","PREV_SUS","PREV_DWI","PREV_SPD","PREV_OTH","FIRST_MO","FIRST_YR","LAST_MO","LAST_YR","SPEEDREL","DR_SF1","DR_SF2","DR_SF3","DR_SF4","VTRAFWAY","VNUM_LAN","VSPD_LIM","VALIGN","VPROFILE","VPAVETYP","VSURCOND","VTRAFCON","VTCONT_F","P_CRASH1","P_CRASH2","P_CRASH3","PCRASH4","PCRASH5","ACC_TYPE","TRLR1VIN","TRLR2VIN","TRLR3VIN","DEATHS","DR_DRINK"
30,300135,1,2,1,17,9,14,45,12,8,1,0,30,1,21,21,21021,4,2000,"1G3NK52T3YC3","1","G","3","N","K","5","2","T","3","Y","C","3",0,0,0,"000000000","00000000000",0,0,0,1,0,0,0,0,0,0,0,998,0,0,0,11,6,2,12,0,0,0,1,30,59639,6,1,0,0,3,0,999,999,98,0,0,0,2,2,2016,4,2016,0,6,27,0,0,1,3,70,1,3,2,1,0,0,1,10,1,1,2,64,"777777777777","777777777777","777777777777",1,0
30,300135,2,2,1,17,9,14,45,12,8,1,0,30,1,7,880,7880,67,2004,"3D7MU48D44G1","3","D","7","M","U","4","8","D","4","4","G","1",1,1,88,"888888888","88888888888",2,4,97,1,0,0,0,0,0,0,0,998,0,0,0,9,4,5,12,0,0,0,1,30,59864,6,1,0,0,3,0,999,999,98,0,0,1,0,9,2016,9,2016,0,0,0,0,0,1,3,70,1,3,2,1,0,0,1,54,1,1,1,65,"1ZEAAFKB52A0","777777777777","777777777777",0,0
30,300136,1,2,1,19,9,21,5,12,2,1,0,30,1,59,32,59032,4,1990,"JT8UF11E3L00","J","T","8","U","F","1","1","E","3","L","0","0",0,0,0,"000000000","00000000000",0,0,0,1,0,0,0,0,0,0,0,998,0,0,0,12,6,2,12,0,0,0,1,30,59806,6,1,0,0,3,0,999,999,98,0,0,0,0,0,0,0,0,0,36,51,28,0,1,2,65,1,1,2,1,0,0,1,54,1,1,2,50,"777777777777","777777777777","777777777777",1,0
30,300136,2,2,1,19,9,21,5,12,2,1,0,30,1,48,401,48401,14,2004,"JF1SG65614H7","J","F","1","S","G","6","5","6","1","4","H","7",0,0,0,"000000000","00000000000",0,0,0,1,0,0,0,0,0,0,0,998,0,0,0,12,6,2,12,0,0,0,1,30,59823,6,1,0,0,3,0,999,999,98,0,0,1,0,4,2013,4,2013,0,0,0,0,0,1,2,65,1,1,2,1,0,0,1,54,7,2,1,51,"777777777777","777777777777","777777777777",0,0
30,300137,1,1,1,16,9,15,0,38,0,1,0,38,2,19,20,19020,6,2013,"3GYFNHE39DS5","3","G","Y","F","N","H","E","3","9","D","S","5",0,0,0,"000000000","00000000000",0,0,0,1,0,0,0,0,0,0,0,88,0,1,5,10,6,2,1,0,0,0,1,38,58201,6,1,0,0,3,0,60,120,1,0,0,2,0,11,2015,4,2016,3,6,58,0,0,2,2,80,2,6,2,1,0,0,14,12,7,3,4,2,"777777777777","777777777777","777777777777",1,0
30,300138,1,1,2,22,9,13,52,1,0,1,0,30,3,20,461,20461,29,2014,"1GCZGTCG0E11","1","G","C","Z","G","T","C","G","0","E","1","1",0,0,0,"000000000","00000000000",0,0,0,1,0,0,0,0,0,0,0,998,0,1,3,0,6,2,1,0,0,0,1,30,59105,6,1,0,0,3,0,999,999,98,0,0,0,0,0,0,0,0,0,6,58,0,0,2,2,80,1,6,2,1,0,0,1,12,7,3,4,7,"777777777777","777777777777","777777777777",1,0
30,300139,1,2,1,26,9,6,36,12,8,1,0,30,2,49,471,49471,31,1985,"JT4RN55D4F01","J","T","4","R","N","5","5","D","4","F","0","1",0,0,0,"000000000","00000000000",0,0,0,1,0,0,0,0,0,0,0,998,0,0,0,11,6,2,12,0,0,0,1,30,59101,1,1,0,0,2,0,999,999,98,1,0,0,3,1,2015,8,2016,0,28,6,36,0,1,2,55,1,1,2,1,0,0,1,54,1,1,2,64,"777777777777","777777777777","777777777777",1,0
30,300139,2,2,1,26,9,6,36,12,8,1,0,30,2,12,481,12481,31,2011,"1FD8W3HT9BEB","1","F","D","8","W","3","H","T","9","B","E","B",0,0,57,"996639000","57996639000",2,1,3,1,0,0,0,0,0,0,0,998,0,0,0,11,6,2,12,0,0,0,1,30,59701,6,1,6,1,3,0,999,999,98,0,0,1,0,4,2015,4,2015,0,0,0,0,0,1,2,55,1,1,2,1,0,0,1,54,7,2,1,65,"777777777777","777777777777","777777777777",0,0
30,300140,1,1,3,17,9,17,30,5,0,1,0,30,1,49,401,49401,14,1998,"JT3HN87R6W90","J","T","3","H","N","8","7","R","6","W","9","0",0,0,0,"000000000","00000000000",0,0,0,1,0,0,0,0,0,0,0,998,0,0,0,0,0,5,5,0,0,0,1,30,59801,6,1,0,0,3,0,999,999,98,0,0,0,0,0,0,0,0,0,0,0,0,0,1,2,45,3,1,5,1,0,0,14,98,1,1,1,0,"777777777777","777777777777","777777777777",1,0
30,300141,1,1,1,1,10,10,45,24,0,1,0,30,1,12,471,12471,30,2003,"1FTZR45E13PB","1","F","T","Z","R","4","5","E","1","3","P","B",0,0,0,"000000000","00000000000",0,0,0,1,0,0,0,0,0,0,0,998,0,0,0,12,6,2,24,0,0,0,1,30,59858,6,1,0,0,3,1,999,999,98,0,0,0,0,0,0,0,0,0,58,0,0,0,1,2,70,3,5,2,1,0,0,14,13,6,4,4,2,"777777777777","777777777777","777777777777",1,0
30,300142,1,2,2,1,10,13,13,12,6,1,0,30,1,12,481,12481,31,2003,"1FTRX18L73NB","1","F","T","R","X","1","8","L","7","3","N","B",0,0,0,"000000000","00000000000",0,0,0,1,0,0,0,0,0,0,0,998,0,1,5,12,6,2,12,0,0,0,1,30,59920,6,1,0,0,3,1,999,999,98,0,0,0,0,0,0,0,0,0,0,0,0,0,1,2,55,1,1,2,1,0,0,1,66,1,1,1,88,"777777777777","777777777777","777777777777",0,0
30,300142,2,2,1,1,10,13,13,12,6,1,0,30,2,20,2,20002,4,2000,"2G1WF52K0Y93","2","G","1","W","F","5","2","K","0","Y","9","3",0,0,0,"000000000","00000000000",0,0,0,1,0,0,0,0,0,0,0,998,0,1,5,9,6,2,12,0,0,0,1,30,59901,6,1,0,0,3,1,999,999,98,0,0,0,0,0,0,0,0,0,6,38,0,0,1,2,35,1,1,2,1,20,3,1,17,1,1,1,89,"777777777777","777777777777","777777777777",1,0
30,300143,1,3,2,8,10,16,58,12,6,1,0,30,1,12,23,12023,4,2014,"3FA6P0HD6ER1","3","F","A","6","P","0","H","D","6","E","R","1",0,0,0,"000000000","00000000000",0,0,0,1,0,0,0,0,0,0,0,998,0,1,1,12,6,2,1,0,0,0,1,30,59701,6,1,0,0,3,0,999,999,98,0,0,0,0,0,0,0,0,0,36,0,0,0,2,4,80,1,1,2,1,0,0,1,54,99,9,2,64,"777777777777","777777777777","777777777777",1,1
30,300143,2,3,1,8,10,16,58,12,6,1,0,41,2,51,881,51881,66,2016,"4V4NC9EHXGN9","4","V","4","N","C","9","E","H","X","G","N","9",1,1,57,"062164000","57062164000",3,6,1,1,0,0,0,0,0,0,0,998,0,0,0,7,6,2,12,0,0,0,1,16,83544,6,1,6,1,3,0,999,999,0,0,0,0,0,0,0,0,0,0,0,0,0,0,2,4,80,1,1,2,1,0,0,1,54,1,1,1,65,"1JJV532D0FL6","777777777777","777777777777",0,0
30,300143,3,3,2,8,10,16,58,12,6,1,0,27,2,14,21,14021,4,2007,"3MEHM07Z17R6","3","M","E","H","M","0","7","Z","1","7","R","6",0,0,0,"000000000","00000000000",0,0,0,1,0,0,0,0,0,0,0,998,0,0,0,12,6,2,12,0,0,0,1,27,55805,6,1,0,0,3,0,999,999,0,0,0,0,0,0,0,0,0,0,0,0,0,0,2,4,80,1,1,2,1,0,0,1,54,99,1,1,98,"777777777777","777777777777","777777777777",0,0
30,300144,1,1,2,5,10,0,10,38,0,1,0,30,2,20,405,20405,14,2013,"3GNAL2EK4DS6","3","G","N","A","L","2","E","K","4","D","S","6",0,0,0,"000000000","00000000000",0,0,0,1,0,0,0,0,0,0,0,116,0,9,6,12,6,2,1,0,0,0,1,30,59201,1,1,0,0,2,0,999,999,98,0,0,0,0,0,0,0,0,3,36,0,0,0,1,2,65,1,6,2,1,0,0,1,12,1,9,4,6,"777777777777","777777777777","777777777777",1,1
30,300145,1,1,2,9,10,2,30,17,0,1,0,30,2,20,2,20002,4,2009,"2G1WT57N6911","2","G","1","W","T","5","7","N","6","9","1","1",0,0,0,"000000000","00000000000",0,0,0,1,0,0,0,0,0,0,0,998,0,1,6,10,6,2,1,0,0,0,1,30,59923,6,1,0,0,3,0,999,999,98,1,1,1,3,2,2012,8,2015,3,6,0,0,0,1,2,35,3,6,2,1,0,0,14,13,6,9,4,2,"777777777777","777777777777","777777777777",1,1
30,300146,1,2,4,11,10,7,15,1,0,1,0,30,1,20,403,20403,14,2008,"1GNET16M6561","1","G","N","E","T","1","6","M","6","5","6","1",0,0,0,"000000000","00000000000",0,0,0,1,0,0,0,0,0,0,0,75,0,1,3,0,6,2,1,0,0,0,1,30,59714,6,1,0,0,3,3,999,999,98,0,0,0,0,0,0,0,0,4,6,87,0,0,2,2,80,1,6,2,4,0,0,1,12,99,4,4,7,"777777777777","777777777777","777777777777",1,0
30,300146,2,2,1,11,10,7,15,1,0,1,0,17,1,51,881,51881,66,2001,"4V4NC9JHX1N3","4","V","4","N","C","9","J","H","X","1","N","3",1,1,57,"781203000","57781203000",3,6,1,1,0,0,0,0,0,0,0,998,0,0,0,12,6,2,12,0,0,0,1,17,61015,6,1,6,0,3,0,74,200,0,0,0,0,0,0,0,0,0,0,0,0,0,0,2,2,65,1,5,2,4,0,0,1,62,1,1,1,98,"999999999999","777777777777","777777777777",0,0
30,300147,1,1,2,19,10,18,50,3,0,1,0,30,1,48,34,48034,6,1999,"4S3BG6850X66","4","S","3","B","G","6","8","5","0","X","6","6",0,0,0,"000000000","00000000000",0,0,0,1,0,0,0,0,0,0,0,998,0,0,0,0,6,2,3,0,0,0,1,30,59634,6,1,0,0,3,0,999,999,98,0,0,2,0,5,2013,5,2013,5,36,0,0,0,1,2,30,1,5,4,1,0,0,10,12,1,1,4,0,"777777777777","777777777777","777777777777",1,1
30,300148,1,1,2,23,10,10,15,18,0,1,0,30,2,38,402,38402,14,1992,"4S2CG58Z6N43","4","S","2","C","G","5","8","Z","6","N","4","3",0,0,0,"000000000","00000000000",0,0,0,1,0,0,0,0,0,0,0,998,0,1,5,99,6,2,1,0,0,0,1,30,59032,6,1,0,0,3,3,999,999,98,0,0,0,0,0,0,0,0,0,6,58,81,0,1,2,70,1,1,2,1,0,0,1,90,1,1,1,12,"777777777777","777777777777","777777777777",1,1
30,300149,1,1,1,26,10,15,30,1,0,1,0,30,1,35,401,35401,14,1994,"JN8HD17Y9RW2","J","N","8","H","D","1","7","Y","9","R","W","2",0,0,0,"000000000","00000000000",0,0,0,1,0,0,0,0,0,0,0,998,0,1,1,0,6,2,1,0,0,0,1,30,59911,6,9,0,0,3,0,999,999,98,0,0,0,0,0,0,0,0,0,36,28,58,0,1,2,70,1,1,2,2,0,0,1,12,1,5,6,98,"777777777777","777777777777","777777777777",1,1
30,300150,1,1,1,16,10,18,44,17,0,1,0,30,1,7,442,7442,20,2004,"1D8GP24R64B5","1","D","8","G","P","2","4","R","6","4","B","5",0,0,0,"000000000","00000000000",0,0,0,1,0,0,0,0,0,0,0,998,0,0,0,12,6,2,17,0,0,0,1,30,59802,6,1,6,0,3,3,999,999,98,0,0,0,0,0,0,0,0,0,0,0,0,0,1,2,35,1,5,2,1,0,0,1,12,1,1,4,6,"777777777777","777777777777","777777777777",1,0
30,300151,1,1,1,3,11,21,41,8,0,1,0,30,2,49,32,49032,4,2013,"5YFBU4EE7DP1","5","Y","F","B","U","4","E","E","7","D","P","1",0,0,0,"000000000","00000000000",0,0,0,1,0,0,0,0,0,0,0,998,0,0,0,12,4,5,8,0,0,0,1,30,59101,1,1,0,0,2,0,999,999,98,1,0,1,0,3,2012,3,2012,9,0,0,0,0,1,5,25,1,1,2,98,0,0,1,80,99,1,1,13,"777777777777","777777777777","777777777777",0,0
30,300152,1,1,1,5,11,17,35,38,0,1,0,30,2,23,441,23441,20,1994,"1GKEL19W9RB5","1","G","K","E","L","1","9","W","9","R","B","5",0,0,0,"000000000","00000000000",0,0,0,1,0,0,0,0,0,0,0,998,0,1,6,99,6,2,1,0,0,0,1,30,59034,1,1,0,0,2,2,999,999,98,1,0,0,0,6,2012,8,2012,3,36,74,0,0,2,2,80,1,1,2,1,0,0,1,12,99,4,4,6,"777777777777","777777777777","777777777777",1,1
30,300153,1,1,3,6,11,0,15,31,0,1,0,30,2,49,46,49046,5,2011,"JTDKN3DU0B13","J","T","D","K","N","3","D","U","0","B","1","3",0,0,0,"000000000","00000000000",0,0,0,1,0,0,0,0,0,0,0,998,0,1,6,12,6,2,1,0,0,0,1,51,22310,6,1,0,0,3,0,68,150,0,0,0,0,0,0,0,0,0,0,6,58,0,0,2,2,80,3,1,2,1,0,0,14,13,6,4,4,1,"777777777777","777777777777","777777777777",1,0
30,300154,1,1,1,7,11,0,14,42,0,1,0,16,1,7,482,7482,31,1994,"1B7HF16Y8RS5","1","B","7","H","F","1","6","Y","8","R","S","5",0,0,0,"000000000","00000000000",0,0,0,1,0,0,0,0,0,0,0,998,0,9,5,12,6,2,1,0,0,0,1,16,83804,6,1,0,0,3,0,999,999,0,0,0,0,0,0,0,0,0,0,58,0,0,0,1,2,65,3,1,2,2,40,3,14,13,99,1,4,1,"777777777777","777777777777","777777777777",1,1
30,300155,1,2,1,29,10,16,32,12,2,1,0,30,1,2,404,2404,14,2000,"1J4GW48S5YC1","1","J","4","G","W","4","8","S","5","Y","C","1",0,0,0,"000000000","00000000000",0,0,0,1,0,0,0,0,0,0,0,998,0,0,0,12,6,2,12,0,0,0,1,30,59802,6,1,0,0,3,0,999,999,98,0,0,0,2,6,2014,10,2014,3,36,84,0,0,5,5,55,1,1,2,1,0,0,6,10,6,2,2,50,"777777777777","777777777777","777777777777",1,1
30,300155,2,2,2,29,10,16,32,12,2,1,0,30,1,12,17,12017,4,2009,"1FAHP25W99G1","1","F","A","H","P","2","5","W","9","9","G","1",0,0,0,"000000000","00000000000",0,0,0,1,0,0,0,0,0,0,0,998,0,0,0,12,6,2,12,0,0,0,1,30,59803,6,1,0,0,3,0,999,999,98,0,0,0,0,0,0,0,0,0,0,0,0,0,5,5,55,1,1,2,1,0,0,1,62,1,1,1,51,"777777777777","777777777777","777777777777",2,0
30,300156,1,1,1,8,11,0,30,1,0,1,0,30,2,12,401,12401,14,2003,"1FMZU73K23ZB","1","F","M","Z","U","7","3","K","2","3","Z","B",0,0,0,"000000000","00000000000",0,0,0,1,0,0,0,0,0,0,0,998,0,9,6,0,6,2,1,0,0,0,1,30,59926,6,1,0,0,3,2,999,999,98,0,0,0,0,0,0,0,0,0,6,74,0,0,1,2,35,3,1,2,1,0,0,11,99,1,9,4,1,"777777777777","777777777777","777777777777",1,0
30,300157,1,1,1,9,11,5,0,1,0,1,0,30,2,2,404,2404,14,1999,"1J4GW68S4XC6","1","J","4","G","W","6","8","S","4","X","C","6",0,0,0,"000000000","00000000000",0,0,0,1,0,0,0,0,0,0,0,998,0,1,1,0,6,2,1,0,0,0,1,30,59417,1,1,0,0,2,2,999,999,98,1,0,0,0,0,0,0,0,0,74,58,0,0,1,2,65,1,1,2,1,0,0,1,12,6,4,6,98,"777777777777","777777777777","777777777777",1,1
30,300158,1,1,1,12,11,14,30,1,0,1,0,30,1,7,482,7482,31,2013,"1C6RR7LT8DS5","1","C","6","R","R","7","L","T","8","D","S","5",0,0,0,"000000000","00000000000",0,0,0,1,0,0,0,0,0,0,0,998,0,1,5,0,6,2,1,0,0,0,1,30,59417,6,1,0,0,3,0,999,999,98,0,0,0,0,0,0,0,0,4,36,82,58,0,1,2,98,1,1,5,1,0,0,1,13,6,4,4,1,"777777777777","777777777777","777777777777",1,1
30,300159,1,3,1,12,11,18,16,12,1,1,0,30,2,49,482,49482,31,2002,"5TBBT44162S2","5","T","B","B","T","4","4","1","6","2","S","2",0,0,0,"000000000","00000000000",0,0,0,1,0,0,0,0,0,0,0,998,0,0,0,12,6,2,12,0,0,0,1,30,59901,6,1,0,0,3,0,999,999,98,0,0,0,0,0,0,0,0,0,6,26,0,0,1,2,65,1,1,2,2,0,0,1,51,1,1,1,24,"777777777777","777777777777","777777777777",0,1
30,300159,2,3,4,12,11,18,16,12,1,1,0,30,2,12,15,12015,4,1992,"2FAPP36X1NB1","2","F","A","P","P","3","6","X","1","N","B","1",0,0,0,"000000000","00000000000",0,0,0,1,0,0,0,0,0,0,0,998,0,0,0,6,6,2,12,0,0,0,1,12,33417,6,1,0,0,3,0,999,999,0,0,0,0,0,0,0,0,0,0,0,0,0,0,1,2,65,1,1,2,2,0,0,1,53,1,1,1,25,"777777777777","777777777777","777777777777",3,0
30,300159,3,3,2,12,11,18,16,12,1,1,0,30,2,2,403,2403,14,2014,"1C4BJWEG4EL1","1","C","4","B","J","W","E","G","4","E","L","1",0,0,0,"000000000","00000000000",0,0,0,1,0,0,0,0,0,0,0,998,0,0,0,12,6,2,12,0,0,0,1,30,59923,6,1,0,0,3,0,999,999,98,0,0,0,0,0,0,0,0,0,0,0,0,0,1,2,65,1,1,2,2,0,0,1,62,99,1,1,98,"777777777777","777777777777","777777777777",0,0
30,300160,1,1,1,11,11,18,55,1,0,1,0,30,1,98,734,98734,90,2015,"4XAXEA576FAZ","4","X","A","X","E","A","5","7","6","F","A","Z",0,0,0,"000000000","00000000000",0,0,0,1,0,0,0,0,0,0,0,998,0,1,1,0,4,3,1,0,0,0,1,30,59201,2,1,0,0,2,2,999,999,98,1,1,0,5,12,2012,1,2016,5,36,58,74,0,1,2,25,1,1,2,1,20,3,1,10,6,4,2,98,"777777777777","777777777777","777777777777",1,1
30,300161,1,1,1,15,11,0,10,1,0,1,0,30,1,23,401,23401,14,2004,"1GKET12P8461","1","G","K","E","T","1","2","P","8","4","6","1",0,0,0,"000000000","00000000000",0,0,0,1,0,0,0,0,0,0,0,998,0,1,3,0,6,2,1,0,0,0,1,30,59701,1,1,0,0,2,2,999,999,98,0,0,0,0,0,0,0,0,0,6,58,74,0,2,2,80,1,1,2,1,0,0,1,13,6,4,4,7,"777777777777","777777777777","777777777777",1,0
30,300162,1,2,1,15,11,17,8,12,2,1,0,30,2,12,24,12024,6,2010,"2FMDK4KC5ABA","2","F","M","D","K","4","K","C","5","A","B","A",0,0,0,"000000000","00000000000",0,0,0,1,0,0,0,0,0,0,0,998,0,0,0,12,6,2,12,0,0,0,1,30,59270,0,0,0,0,0,0,999,999,98,0,0,0,0,0,0,0,0,0,36,51,0,0,1,2,65,1,1,2,1,0,0,1,10,99,1,2,50,"777777777777","777777777777","777777777777",0,1
30,300162,2,2,1,15,11,17,8,12,2,1,0,30,1,12,481,12481,31,1992,"1FTEX14N1NKB","1","F","T","E","X","1","4","N","1","N","K","B",0,0,0,"000000000","00000000000",0,0,0,1,0,0,0,0,0,0,0,998,0,0,0,12,6,2,12,0,0,0,1,30,59262,6,1,0,0,3,3,999,999,98,0,0,0,0,0,0,0,0,0,0,0,0,0,1,2,65,1,1,2,1,0,0,1,54,7,1,1,51,"777777777777","777777777777","777777777777",1,0
30,300163,1,1,1,17,11,6,12,1,0,1,0,30,1,2,404,2404,14,1997,"1J4GZ58SXVC5","1","J","4","G","Z","5","8","S","X","V","C","5",0,0,0,"000000000","00000000000",0,0,0,1,0,0,0,0,0,0,0,998,0,9,5,0,6,2,1,0,0,0,1,30,59935,6,1,0,0,3,1,999,999,98,0,0,0,0,0,0,0,0,9,0,0,0,0,1,2,55,1,5,2,2,0,0,1,12,7,3,4,6,"777777777777","777777777777","777777777777",1,0
30,300164,1,1,1,13,11,22,12,1,0,1,0,30,1,30,40,30040,4,2001,"3VWSK69M71M1","3","V","W","S","K","6","9","M","7","1","M","1",0,0,0,"000000000","00000000000",0,0,0,1,0,0,0,0,0,0,0,77,0,1,5,0,6,2,1,0,0,0,1,30,59442,6,1,0,0,3,0,999,999,98,1,0,1,5,12,2014,5,2016,3,36,58,0,0,1,2,65,1,1,2,1,0,0,1,13,99,3,4,2,"777777777777","777777777777","777777777777",1,1
30,300165,1,1,2,24,11,16,10,9,0,1,1,30,2,20,403,20403,14,2003,"1GNES16S0321","1","G","N","E","S","1","6","S","0","3","2","1",0,0,0,"000000000","00000000000",0,0,0,1,0,0,0,0,0,0,0,998,0,0,0,14,0,3,9,0,0,0,1,30,59864,6,1,0,0,3,2,999,999,98,0,0,0,0,0,0,0,0,0,36,74,31,86,9,2,10,1,1,4,2,0,0,8,83,1,1,7,13,"777777777777","777777777777","777777777777",0,0
30,300166,1,1,2,26,11,3,8,1,0,1,0,30,2,12,401,12401,14,1999,"1FMYU24E0XUA","1","F","M","Y","U","2","4","E","0","X","U","A",0,0,0,"000000000","00000000000",0,0,0,1,0,0,0,0,0,0,0,61,0,9,1,0,6,2,1,0,0,0,1,30,59540,6,1,0,0,3,0,999,999,98,0,0,0,0,0,0,0,0,0,6,58,0,0,2,2,80,2,1,2,2,0,0,14,12,6,4,6,98,"777777777777","777777777777","777777777777",1,0
30,300167,1,1,1,10,12,1,30,1,0,1,0,30,1,12,481,12481,31,2008,"1FTSX21R78EA","1","F","T","S","X","2","1","R","7","8","E","A",0,0,0,"000000000","00000000000",0,0,0,1,0,0,0,0,0,0,0,998,0,1,5,0,6,2,1,0,0,0,1,30,59077,6,1,6,0,3,0,999,999,98,0,0,0,0,0,0,0,0,0,6,58,0,0,1,2,65,3,3,2,1,0,0,14,13,6,4,4,7,"777777777777","777777777777","777777777777",1,1
30,300168,1,1,3,11,12,0,52,31,0,1,0,30,2,20,481,20481,31,2004,"1GCHK23134F1","1","G","C","H","K","2","3","1","3","4","F","1",0,0,0,"000000000","00000000000",0,0,0,1,0,0,0,0,0,0,0,998,0,1,5,12,6,2,1,0,0,0,1,30,59417,2,1,0,0,2,2,999,999,98,0,0,0,0,0,0,0,0,0,36,58,74,0,1,2,65,1,5,2,3,0,0,1,13,6,4,4,1,"777777777777","777777777777","777777777777",1,1
30,300169,1,1,4,23,12,21,20,8,0,1,0,53,1,37,402,37402,14,2011,"5J6RE4H75BL0","5","J","6","R","E","4","H","7","5","B","L","0",0,0,0,"000000000","00000000000",0,0,0,1,0,0,0,0,0,0,0,998,0,0,0,14,0,5,8,0,0,0,1,53,99224,6,1,0,0,3,0,999,999,0,0,0,0,0,0,0,0,0,0,87,0,0,0,1,2,65,2,1,2,4,0,0,14,50,9,2,1,13,"777777777777","777777777777","777777777777",0,0
30,300170,1,2,1,23,12,15,54,12,2,1,0,30,3,12,481,12481,31,2008,"1FTNF21508EB","1","F","T","N","F","2","1","5","0","8","E","B",0,0,0,"000000000","00000000000",0,0,0,1,0,0,0,0,0,0,0,998,0,0,0,12,6,2,12,0,0,0,1,30,59922,6,1,0,0,3,3,999,999,98,0,0,0,0,0,0,0,0,4,36,35,87,0,1,2,70,1,1,2,4,0,0,6,10,7,2,2,50,"777777777777","777777777777","777777777777",1,0
30,300170,2,2,1,23,12,15,54,12,2,1,0,30,3,84,884,84884,66,2007,"2HSCHAPR27C4","2","H","S","C","H","A","P","R","2","7","C","4",2,1,57,"005059600","57005059600",3,7,2,2,2,1203,3,1,0,0,0,998,0,0,0,12,6,2,12,0,0,0,1,30,59821,6,1,6,1,3,0,999,999,98,0,0,0,0,0,0,0,0,0,0,0,0,0,1,2,60,1,1,2,4,0,0,1,62,1,1,1,51,"1PMA25352850","1BN1M17255B0","777777777777",0,0
30,300171,1,2,1,29,12,15,0,12,2,1,0,30,1,20,481,20481,31,2014,"3GCUKSEC8EG1","3","G","C","U","K","S","E","C","8","E","G","1",0,0,0,"000000000","00000000000",0,0,0,1,0,0,0,0,0,0,0,998,0,0,0,12,6,2,12,0,0,0,1,30,59875,6,1,0,0,3,0,999,999,98,0,0,0,0,0,0,0,0,0,99,99,99,99,1,4,70,1,1,2,1,0,0,1,10,1,1,2,50,"777777777777","777777777777","777777777777",1,0
30,300171,2,2,2,29,12,15,0,12,2,1,0,30,1,7,472,7472,30,2001,"1B7GG2AN11S2","1","B","7","G","G","2","A","N","1","1","S","2",0,0,0,"000000000","00000000000",0,0,0,1,0,0,0,0,0,0,0,998,0,0,0,12,6,2,12,0,0,0,1,30,59640,6,1,0,0,3,0,999,999,98,0,0,0,0,0,0,0,0,0,0,0,0,0,1,4,70,1,1,2,1,0,0,1,62,1,1,1,51,"777777777777","777777777777","777777777777",2,0
31,310001,1,1,4,3,1,2,8,35,0,1,0,31,2,37,32,37032,4,1995,"JHMCD5664SC0","J","H","M","C","D","5","6","6","4","S","C","0",0,0,0,"000000000","00000000000",0,0,0,1,0,0,0,0,0,0,0,998,0,1,5,12,6,2,1,0,0,0,1,31,69101,6,1,0,0,3,0,72,155,0,1,1,3,0,2,2014,4,2015,0,99,99,99,99,1,2,50,2,1,4,1,0,0,14,5,99,4,4,7,"777777777777","777777777777","777777777777",1,1
31,310002,1,1,1,8,1,7,55,32,0,1,0,31,1,20,25,20025,4,2012,"1G1PF5SC8C72","1","G","1","P","F","5","S","C","8","C","7","2",0,0,0,"000000000","00000000000",0,0,0,1,0,0,0,0,0,0,0,998,0,1,5,12,6,2,32,0,0,0,1,31,69001,6,1,0,0,3,3,70,189,0,0,0,0,0,0,0,0,0,0,28,0,0,0,1,2,65,2,1,2,1,0,0,14,12,99,1,4,6,"777777777777","777777777777","777777777777",1,0
31,310003,1,2,1,12,1,7,11,11,0,1,0,31,1,22,2,22002,4,2003,"1G2HY52K8341","1","G","2","H","Y","5","2","K","8","3","4","1",0,0,0,"000000000","00000000000",0,0,0,1,0,0,0,0,0,0,0,998,0,0,0,12,6,2,12,0,0,0,1,31,68649,6,1,0,0,3,3,68,215,0,0,0,0,0,0,0,0,0,0,0,0,0,0,1,2,60,1,1,2,4,0,0,1,62,99,1,1,98,"777777777777","777777777777","777777777777",0,0
31,310003,2,2,1,12,1,7,11,11,0,1,0,31,1,39,32,39032,4,2003,"SAJDA15B43MF","S","A","J","D","A","1","5","B","4","3","M","F",0,0,0,"000000000","00000000000",0,0,0,1,0,0,0,0,0,0,0,998,0,0,0,14,6,2,12,0,0,0,1,31,68025,6,1,3,0,3,0,69,165,0,0,0,0,0,0,0,0,0,0,83,28,0,0,1,2,60,1,1,2,4,0,0,1,87,99,1,1,13,"777777777777","777777777777","777777777777",1,0
31,310004,1,1,1,13,1,17,56,8,0,1,0,31,1,20,404,20404,14,2011,"2CNFLNE52B63","2","C","N","F","L","N","E","5","2","B","6","3",0,0,0,"000000000","00000000000",0,0,0,1,0,0,0,0,0,0,0,998,0,0,0,12,4,3,8,0,0,0,1,31,68132,6,1,0,0,3,0,67,170,0,0,0,0,0,0,0,0,0,0,0,0,0,0,2,2,40,1,2,2,1,0,0,1,80,99,1,1,13,"777777777777","777777777777","777777777777",0,0