"STATE","ST_CASE","VEH_NO","VE_FORMS","NUMOCCS","DAY","MONTH","HOUR","MINUTE","HARM_EV","MAN_COLL","UNITTYPE","HIT_RUN","REG_STAT","OWNER","MAKE","MODEL","MAK_MOD","BODY_TYP","MOD_YEAR","VIN","VIN_1","VIN_2","VIN_3","VIN_4","VIN_5","VIN_6","VIN_7","VIN_8","VIN_9","VIN_10","VIN_11","VIN_12","TOW_VEH","J_KNIFE","MCARR_I1","MCARR_I2","MCARR_ID","GVWR","V_CONFIG","CARGO_BT","HAZ_INV","HAZ_PLAC","HAZ_ID","HAZ_CNO","HAZ_REL","BUS_USE","SPEC_USE","EMER_USE","TRAV_SP","UNDERIDE","ROLLOVER","ROLINLOC","IMPACT1","DEFORMED","TOWED","M_HARM","VEH_SC1","VEH_SC2","FIRE_EXP","DR_PRES","L_STATE","DR_ZIP","L_STATUS","L_TYPE","CDL_STAT","L_ENDORS","L_COMPL","L_RESTRI","DR_HGT","DR_WGT","PREV_ACC","PREV_SUS","PREV_DWI","PREV_SPD","PREV_OTH","FIRST_MO","FIRST_YR","LAST_MO","LAST_YR","SPEEDREL","DR_SF1","DR_SF2","DR_SF3","DR_SF4","VTRAFWAY","VNUM_LAN","VSPD_LIM","VALIGN","VPROFILE","VPAVETYP","VSURCOND","VTRAFCON","VTCONT_F","P_CRASH1","P_CRASH2","P_CRASH3","PCRASH4","PCRASH5","ACC_TYPE","TRLR1VIN","TRLR2VIN","TRLR3VIN","DEATHS","DR_DRINK"
32,320090,1,1,1,20,4,12,41,1,0,1,0,0,0,98,701,98701,88,2015,"L9NTEACU4E12","L","9","N","T","E","A","C","U","4","E","1","2",0,0,0,"000000000","00000000000",0,0,0,1,0,0,0,0,0,0,0,28,0,0,0,0,4,3,1,0,0,0,1,32,89146,0,0,0,0,0,0,68,125,0,0,0,0,0,0,0,0,0,0,99,99,99,99,2,3,35,1,1,2,7,0,0,1,5,16,3,2,98,"777777777777","777777777777","777777777777",1,0
32,320091,1,1,3,13,5,22,38,42,0,1,0,32,2,20,2,20002,4,1987,"1G1BU51H6H91","1","G","1","B","U","5","1","H","6","H","9","1",0,0,0,"000000000","00000000000",0,0,0,1,0,0,0,0,0,0,0,53,0,1,5,81,6,2,1,0,0,0,1,32,89025,2,1,0,0,2,0,66,195,0,1,0,0,0,3,2015,3,2015,3,91,6,8,36,1,2,25,3,6,2,1,0,0,14,6,6,4,4,2,"777777777777","777777777777","777777777777",1,1
32,320092,1,1,5,18,5,16,30,31,0,1,0,32,1,49,401,49401,14,1997,"JT3GN87R7V00","J","T","3","G","N","8","7","R","7","V","0","0",0,0,0,"000000000","00000000000",0,0,0,1,0,0,0,0,0,0,0,60,0,1,3,81,6,2,1,0,0,0,1,32,89121,1,1,0,0,2,0,60,150,0,0,0,0,1,1,2016,1,2016,0,91,58,80,21,2,2,75,1,1,2,1,0,0,1,1,6,4,4,7,"777777777777","777777777777","777777777777",1,0
32,320093,1,2,1,18,5,12,45,12,6,1,0,32,2,20,422,20422,15,2005,"3GNEC16Z95G2","3","G","N","E","C","1","6","Z","9","5","G","2",0,0,0,"000000000","00000000000",0,0,0,1,0,0,0,0,0,0,0,998,0,0,0,3,4,3,12,0,0,0,1,32,89031,6,1,0,0,3,3,64,140,0,0,0,0,0,0,0,0,0,0,91,38,0,0,2,4,45,1,1,2,1,0,0,11,15,1,1,1,68,"777777777777","777777777777","777777777777",0,0
32,320093,2,2,1,18,5,12,45,12,6,1,0,32,1,37,706,37706,80,2015,"JH2RC7919FK1","J","H","2","R","C","7","9","1","9","F","K","1",0,0,0,"000000000","00000000000",0,0,0,1,0,0,0,0,0,0,0,998,0,0,0,12,6,2,12,0,0,0,1,32,89052,6,1,0,0,3,3,66,180,0,0,0,2,0,12,2012,12,2012,0,0,0,0,0,2,4,45,1,5,2,1,0,0,1,62,16,2,2,69,"777777777777","777777777777","777777777777",1,0
32,320094,1,1,1,27,3,18,15,33,0,1,0,32,2,76,705,76705,80,2007,"JYARJ12Y87A0","J","Y","A","R","J","1","2","Y","8","7","A","0",0,0,0,"000000000","00000000000",0,0,0,1,0,0,0,0,0,0,0,998,0,0,0,61,6,2,42,0,0,0,1,32,89431,0,0,0,0,0,0,999,999,0,0,0,0,0,0,0,0,0,0,0,0,0,0,2,2,40,3,1,2,1,0,0,14,13,1,1,4,1,"777777777777","777777777777","777777777777",1,1
32,320095,1,2,2,2,4,12,42,12,6,1,0,32,2,7,482,7482,31,1999,"3B7KF2369XG1","3","B","7","K","F","2","3","6","9","X","G","1",0,0,0,"000000000","00000000000",0,0,0,1,0,0,0,0,0,0,0,14,0,0,0,12,4,5,12,0,0,0,1,32,89045,6,1,6,0,3,0,73,230,0,0,0,0,0,0,0,0,0,0,91,38,0,0,0,0,0,0,0,0,0,0,0,1,17,1,1,1,88,"777777777777","777777777777","777777777777",0,0
32,320095,2,2,1,2,4,12,42,12,6,1,0,32,2,53,705,53705,80,2005,"JS1GN7CA4521","J","S","1","G","N","7","C","A","4","5","2","1",0,0,0,"000000000","00000000000",0,0,0,1,0,0,0,0,0,0,0,59,0,0,0,61,4,3,43,0,0,0,1,32,89147,6,1,0,0,2,0,70,165,0,0,0,0,0,0,0,0,0,3,0,0,0,0,5,6,45,1,5,2,1,0,0,1,71,1,1,1,89,"777777777777","777777777777","777777777777",1,0
32,320096,1,1,1,17,4,21,14,1,0,1,0,32,2,76,734,76734,90,2001,"JY43GD0391C0","J","Y","4","3","G","D","0","3","9","1","C","0",0,0,0,"000000000","00000000000",0,0,0,1,0,0,0,0,0,0,0,998,0,1,1,0,2,5,1,0,0,0,1,32,89119,6,1,0,0,1,0,66,140,0,2,0,0,0,11,2011,2,2015,0,99,99,99,99,1,2,25,1,1,2,1,98,3,1,98,1,1,1,98,"777777777777","777777777777","777777777777",1,1
32,320097,1,5,1,24,3,16,3,12,1,1,0,32,1,6,18,6018,1,2012,"1C3BCBEB6CN2","1","C","3","B","C","B","E","B","6","C","N","2",0,0,0,"000000000","00000000000",0,0,0,1,0,0,0,0,0,0,0,82,0,0,0,12,6,2,12,0,0,0,1,32,89117,6,1,0,0,3,0,70,125,0,0,0,0,0,0,0,0,0,3,91,4,36,6,2,5,45,1,1,2,1,2,3,1,50,1,1,1,20,"777777777777","777777777777","777777777777",0,0
32,320097,2,5,1,24,3,16,3,12,1,1,0,32,1,49,40,49040,4,2002,"4T1BE32K72U6","4","T","1","B","E","3","2","K","7","2","U","6",0,0,0,"000000000","00000000000",0,0,0,1,0,0,0,0,0,0,0,0,0,0,0,6,6,2,12,0,0,0,1,32,89144,6,1,0,0,3,0,65,160,0,0,0,0,0,0,0,0,0,0,0,0,0,0,2,5,45,1,1,2,1,2,3,5,53,1,1,1,21,"777777777777","777777777777","777777777777",1,0
32,320097,3,5,1,24,3,16,3,12,1,1,0,32,1,49,40,49040,4,2005,"4T1BE32K45U0","4","T","1","B","E","3","2","K","4","5","U","0",0,0,0,"000000000","00000000000",0,0,0,1,0,0,0,0,0,0,0,0,0,0,0,6,4,3,12,0,0,0,1,32,89134,6,1,0,0,3,1,62,110,0,0,0,0,0,0,0,0,0,0,0,0,0,0,2,5,45,1,1,2,1,2,3,5,53,1,1,1,98,"777777777777","777777777777","777777777777",0,0
32,320097,4,5,2,24,3,16,3,12,1,1,0,32,2,12,401,12401,14,1999,"1FMZU32E5XZA","1","F","M","Z","U","3","2","E","5","X","Z","A",0,0,0,"000000000","00000000000",0,0,0,1,0,0,0,0,0,0,0,18,0,0,0,61,4,3,12,0,0,0,1,32,89128,6,1,0,0,3,0,66,200,0,0,0,0,0,0,0,0,0,0,0,0,0,0,2,6,45,1,8,2,1,2,3,11,66,1,1,1,98,"777777777777","777777777777","777777777777",0,0
32,320097,5,5,1,24,3,16,3,12,1,1,0,32,1,42,43,42043,4,2008,"WDDNG71X08A1","W","D","D","N","G","7","1","X","0","8","A","1",0,0,0,"000000000","00000000000",0,0,0,1,0,0,0,0,0,0,0,8,0,0,0,11,4,5,12,0,0,0,1,32,89145,6,1,0,0,3,0,72,175,0,0,0,1,0,2,2015,2,2015,0,0,0,0,0,2,6,45,1,8,2,1,2,3,11,66,1,1,1,98,"777777777777","777777777777","777777777777",0,0
32,320098,1,1,99,22,4,21,58,8,0,1,1,99,9,99,999,99999,99,9999,"888888888888","8","8","8","8","8","8","8","8","8","8","8","8",9,0,99,"999999999","99999999999",8,99,99,1,0,0,0,0,0,0,0,36,0,0,0,12,4,5,8,0,0,0,1,99,99999,9,9,99,9,9,9,999,999,99,99,99,99,99,99,9999,99,9999,3,0,0,0,0,4,2,30,1,6,2,1,0,0,1,80,1,1,1,13,"777777777777","777777777777","777777777777",0,0
32,320099,1,3,1,21,4,14,19,12,6,1,0,32,2,59,32,59032,4,1999,"JT8BH28F3X01","J","T","8","B","H","2","8","F","3","X","0","1",0,0,0,"000000000","00000000000",0,0,0,1,0,0,0,0,0,0,0,998,0,0,0,61,6,2,12,0,0,0,1,53,98373,6,1,0,0,3,3,62,197,0,0,0,0,0,0,0,0,0,0,38,0,0,0,0,0,0,0,0,0,0,20,3,11,15,1,1,1,82,"777777777777","777777777777","777777777777",1,0
32,320099,2,3,1,21,4,14,19,12,6,1,0,32,3,82,881,82881,62,2016,"3ALACWDT0GDG","3","A","L","A","C","W","D","T","0","G","D","G",0,0,88,"888888888","88888888888",2,1,1,1,0,0,0,0,0,0,0,52,0,0,0,12,4,3,12,0,0,0,1,32,89117,6,1,0,0,3,3,71,155,0,0,0,0,0,0,0,0,0,3,84,0,0,0,5,5,30,1,1,2,1,0,0,1,72,8,2,2,83,"777777777777","777777777777","777777777777",0,0
32,320099,3,3,1,21,4,14,19,12,6,1,0,32,1,49,32,49032,4,2014,"5YFBURHE6EP0","5","Y","F","B","U","R","H","E","6","E","P","0",0,0,0,"000000000","00000000000",0,0,0,1,0,0,0,0,0,0,0,998,0,0,0,12,4,3,12,0,0,0,1,32,89131,6,1,0,0,3,0,68,100,0,0,0,0,0,0,0,0,0,0,0,0,0,0,5,5,30,1,1,2,1,0,0,1,62,16,1,1,98,"777777777777","777777777777","777777777777",0,0
32,320100,1,1,1,14,5,0,16,41,0,1,0,32,2,37,705,37705,80,2004,"JH2PC37194M1","J","H","2","P","C","3","7","1","9","4","M","1",0,0,0,"000000000","00000000000",0,0,0,1,0,0,0,0,0,0,0,998,0,0,0,12,6,2,42,0,0,0,1,32,89434,6,1,0,0,2,0,72,185,0,2,0,1,0,9,2012,5,2014,0,99,99,99,99,2,2,35,2,9,2,1,0,0,14,12,99,9,4,10,"777777777777","777777777777","777777777777",1,1
32,320101,1,1,1,15,5,16,1,8,0,1,0,32,2,13,14,13014,6,2011,"2LMDJ6JK3BBJ","2","L","M","D","J","6","J","K","3","B","B","J",0,0,0,"000000000","00000000000",0,0,0,1,0,0,0,0,0,0,0,998,0,0,0,12,4,3,8,0,0,0,1,32,89519,6,1,0,0,3,0,73,190,0,0,0,0,0,0,0,0,0,3,0,0,0,0,1,4,35,1,1,2,1,0,0,1,80,1,1,1,13,"777777777777","777777777777","777777777777",0,0
32,320102,1,2,1,18,5,20,11,12,2,1,0,6,4,7,29,7029,4,2015,"1C3CDFBB9FD4","1","C","3","C","D","F","B","B","9","F","D","4",0,0,0,"000000000","00000000000",0,0,0,1,0,0,0,0,0,0,0,14,0,0,0,12,6,2,12,0,0,0,1,6,91606,6,1,0,0,3,0,61,102,0,0,0,0,0,0,0,0,0,0,91,28,0,0,1,6,35,1,1,2,1,0,0,1,10,1,1,2,50,"777777777777","777777777777","777777777777",0,0
32,320102,2,2,1,18,5,20,11,12,2,1,0,32,1,37,705,37705,80,2006,"JH2RC444X6M0","J","H","2","R","C","4","4","4","X","6","M","0",0,0,0,"000000000","00000000000",0,0,0,1,0,0,0,0,0,0,0,998,0,0,0,12,6,2,12,0,0,0,1,32,89142,6,1,0,0,3,0,69,225,0,0,0,0,0,0,0,0,0,0,0,0,0,0,1,6,35,1,1,2,1,0,0,1,62,16,2,1,51,"777777777777","777777777777","777777777777",1,0
32,320103,1,1,1,19,5,23,54,8,0,1,0,32,1,72,706,72706,80,2006,"1HD1FFW126Y6","1","H","D","1","F","F","W","1","2","6","Y","6",0,0,0,"000000000","00000000000",0,0,0,1,0,0,0,0,0,0,0,56,0,0,0,12,6,2,8,0,0,0,1,32,89015,6,1,0,0,3,0,72,190,0,0,0,1,0,7,2014,7,2014,0,0,0,0,0,2,4,40,1,1,2,1,0,0,1,80,1,1,1,13,"777777777777","777777777777","777777777777",0,0
32,320104,1,1,6,7,5,8,15,1,0,1,0,53,2,49,442,49442,20,2010,"5TDKK4CC9AS3","5","T","D","K","K","4","C","C","9","A","S","3",0,0,0,"000000000","00000000000",0,0,0,1,0,0,0,0,0,0,0,65,0,1,5,0,6,2,1,0,0,0,1,53,98662,6,1,0,0,3,0,62,160,0,0,0,0,0,0,0,0,0,4,91,0,0,0,1,2,60,1,9,2,2,0,0,6,6,1,9,4,7,"777777777777","777777777777","777777777777",1,0
32,320105,1,1,1,18,5,13,35,9,0,1,0,32,1,7,442,7442,20,1997,"1B4GP44R9VB3","1","B","4","G","P","4","4","R","9","V","B","3",0,0,0,"000000000","00000000000",0,0,0,1,0,0,0,0,0,0,0,998,0,0,0,12,4,3,9,0,0,0,1,32,89502,6,1,0,0,3,0,69,145,0,0,0,0,0,0,0,0,0,0,86,0,0,0,1,5,50,1,6,2,1,0,0,1,83,9,2,1,13,"777777777777","777777777777","777777777777",0,0
32,320106,1,1,1,24,5,18,30,17,0,1,0,53,2,76,706,76706,80,2005,"JYARN13E95A0","J","Y","A","R","N","1","3","E","9","5","A","0",0,0,0,"000000000","00000000000",0,0,0,1,0,0,0,0,0,0,0,75,0,0,0,12,6,2,17,0,0,0,1,32,89119,6,1,0,0,2,0,67,160,0,0,0,4,1,2,2013,3,2016,3,0,0,0,0,1,2,35,3,5,2,1,0,0,14,13,1,1,4,1,"777777777777","777777777777","777777777777",1,0
32,320107,1,1,1,28,5,9,55,33,0,1,0,32,1,20,4,20004,2,1989,"1G1YY2184K51","1","G","1","Y","Y","2","1","8","4","K","5","1",0,0,0,"000000000","00000000000",0,0,0,1,0,0,0,0,0,0,0,51,0,0,0,98,6,2,42,0,0,0,1,32,89101,6,1,0,0,3,0,69,165,0,0,0,0,0,0,0,0,0,0,6,8,36,0,1,5,35,1,1,2,1,0,0,1,6,1,3,4,2,"777777777777","777777777777","777777777777",1,0
32,320108,1,2,1,27,5,23,4,12,2,1,0,32,1,63,32,63032,5,2003,"KNADC125X362","K","N","A","D","C","1","2","5","X","3","6","2",0,0,0,"000000000","00000000000",0,0,0,1,0,0,0,0,0,0,0,50,0,0,0,12,4,3,12,0,0,1,1,32,89511,6,1,0,0,3,0,70,145,0,0,0,0,0,0,0,0,0,0,51,0,0,0,1,2,55,1,1,2,1,0,0,1,54,1,1,1,52,"777777777777","777777777777","777777777777",1,0
32,320108,2,2,1,27,5,23,4,12,2,1,0,32,2,12,402,12402,14,2005,"1FMCU95H05KD","1","F","M","C","U","9","5","H","0","5","K","D",0,0,0,"000000000","00000000000",0,0,0,1,0,0,0,0,0,0,0,40,0,0,0,12,4,3,12,0,0,0,1,32,89441,6,1,0,0,3,0,59,102,0,0,0,0,0,0,0,0,0,0,0,0,0,0,1,2,45,1,1,2,1,0,0,1,54,1,1,1,52,"777777777777","777777777777","777777777777",0,0
32,320109,1,1,3,29,5,17,45,1,0,1,0,32,2,49,472,49472,40,1998,"4TAVL52N7WZ0","4","T","A","V","L","5","2","N","7","W","Z","0",0,0,0,"000000000","00000000000",0,0,0,1,0,0,0,0,0,0,0,45,0,9,1,0,6,2,1,0,0,0,1,32,89406,6,1,0,0,3,1,68,180,0,0,0,1,1,1,2012,5,2014,0,58,0,0,0,1,2,35,3,8,2,1,0,0,14,13,99,4,6,98,"777777777777","777777777777","777777777777",1,0
32,320110,1,4,1,1,6,22,45,12,6,1,0,32,1,41,403,41403,14,2014,"JM3KE2DY7E03","J","M","3","K","E","2","D","Y","7","E","0","3",0,0,0,"000000000","00000000000",0,0,0,1,0,0,0,0,0,0,0,86,0,0,0,1,6,2,12,0,0,0,1,32,89015,6,1,0,0,3,0,72,154,0,0,0,0,0,0,0,0,0,3,91,36,39,38,1,5,45,1,1,2,1,1,3,1,17,99,1,1,83,"777777777777","777777777777","777777777777",0,1
32,320110,2,4,1,1,6,22,45,12,6,1,0,12,0,35,43,35043,4,2011,"3N1AB6AP9BL6","3","N","1","A","B","6","A","P","9","B","L","6",0,0,0,"000000000","00000000000",0,0,0,1,0,0,0,0,0,0,0,15,0,0,0,12,6,2,12,0,0,0,1,12,32824,6,1,0,0,3,0,63,999,0,2,0,0,0,11,2011,9,2014,0,0,0,0,0,6,2,65,3,8,2,1,1,3,11,66,16,1,1,82,"777777777777","777777777777","777777777777",0,0
32,320110,3,4,1,1,6,22,45,12,6,1,0,32,1,49,40,49040,4,2007,"JTNBE46K3730","J","T","N","B","E","4","6","K","3","7","3","0",0,0,0,"000000000","00000000000",0,0,0,1,0,0,0,0,0,0,0,8,0,0,0,62,6,2,12,0,0,0,1,32,89011,6,1,0,0,3,1,65,122,0,0,0,0,0,0,0,0,0,0,0,0,0,0,6,2,65,3,8,2,1,1,3,11,66,99,1,1,98,"777777777777","777777777777","777777777777",1,0
32,320110,4,4,1,1,6,22,45,12,6,1,0,32,1,35,472,35472,30,2007,"1N6AD07U87C4","1","N","6","A","D","0","7","U","8","7","C","4",0,0,0,"000000000","00000000000",0,0,0,1,0,0,0,0,0,0,0,0,0,0,0,7,2,5,12,0,0,0,1,32,89120,6,1,0,0,3,1,67,220,0,0,0,1,0,6,2012,6,2012,0,0,0,0,0,1,5,45,1,1,2,1,1,3,5,62,1,1,1,98,"777777777777","777777777777","777777777777",0,0
32,320111,1,3,1,1,6,13,50,12,6,1,0,32,1,37,39,37039,5,2016,"JHMGK5H5XGX0","J","H","M","G","K","5","H","5","X","G","X","0",0,0,0,"000000000","00000000000",0,0,0,1,0,0,0,0,0,0,0,13,0,0,0,1,4,3,12,0,0,0,1,32,89142,6,1,0,0,3,0,62,154,1,0,0,0,0,3,2014,3,2014,0,91,38,0,0,5,5,45,1,1,2,1,0,0,11,15,99,1,1,68,"777777777777","777777777777","777777777777",0,0
32,320111,2,3,1,1,6,13,50,12,6,1,0,32,2,73,703,73703,80,2012,"JKAEXMJ13CDA","J","K","A","E","X","M","J","1","3","C","D","A",0,0,0,"000000000","00000000000",0,0,0,1,0,0,0,0,0,0,0,40,0,0,0,12,6,2,12,0,0,0,1,32,89142,6,1,0,0,3,0,69,210,0,0,0,0,0,0,0,0,0,0,0,0,0,0,5,5,45,1,1,2,1,0,0,1,62,99,1,1,69,"777777777777","777777777777","777777777777",1,0
32,320111,3,3,1,1,6,13,50,12,6,1,0,6,1,49,32,49032,4,2013,"5YFBU4EE8DP1","5","Y","F","B","U","4","E","E","8","D","P","1",0,0,0,"000000000","00000000000",0,0,0,1,0,0,0,0,0,0,0,0,0,0,0,8,2,3,12,0,0,0,1,6,91040,6,1,0,0,3,0,65,120,0,0,0,0,0,0,0,0,0,0,0,0,0,0,1,3,25,1,1,2,1,20,3,5,62,1,1,1,98,"777777777777","777777777777","777777777777",0,0
32,320112,1,4,1,3,6,19,34,12,7,1,0,32,1,23,431,23431,16,1997,"3GKGK26J1VG5","3","G","K","G","K","2","6","J","1","V","G","5",0,0,0,"000000000","00000000000",0,0,0,1,0,0,0,0,0,0,0,998,0,0,0,1,6,2,8,0,0,0,1,32,89506,6,1,0,0,3,3,72,230,1,0,0,0,0,3,2016,3,2016,0,91,6,0,0,1,2,30,1,5,2,1,0,0,1,50,1,1,1,48,"777777777777","777777777777","777777777777",0,0
32,320112,2,4,0,3,6,19,34,12,7,1,0,32,6,12,401,12401,14,2005,"1FMZU72K55ZA","1","F","M","Z","U","7","2","K","5","5","Z","A",0,0,0,"000000000","00000000000",0,0,0,1,0,0,0,0,0,0,0,0,0,0,0,62,2,3,12,0,0,0,0,0,99997,7,6,97,7,6,7,998,997,998,998,998,998,998,98,9998,98,9998,8,54,0,0,0,1,2,30,1,5,2,1,0,0,0,53,0,0,0,48,"777777777777","777777777777","777777777777",0,0
32,320112,3,4,0,3,6,19,34,12,7,1,0,32,6,92,988,92988,52,2004,"15GGD2914410","1","5","G","G","D","2","9","1","4","4","1","0",0,0,88,"888888888","88888888888",3,21,22,1,0,0,0,0,6,3,0,0,0,0,0,7,2,3,12,0,0,0,0,0,99997,7,6,97,7,6,7,998,997,998,998,998,998,998,98,9998,98,9998,8,54,0,0,0,1,2,30,1,5,2,1,0,0,0,53,0,0,0,98,"777777777777","777777777777","777777777777",0,0
32,320112,4,4,1,3,6,19,34,12,7,1,0,32,3,63,402,63402,14,2007,"KNDJD7367757","K","N","D","J","D","7","3","6","7","7","5","7",0,0,0,"000000000","00000000000",0,0,0,1,0,0,0,0,0,0,0,998,0,0,0,12,2,5,12,0,0,0,1,13,30101,6,1,0,0,3,0,67,160,98,0,0,0,0,0,0,0,0,0,0,0,0,0,1,2,30,1,5,2,1,0,0,1,50,1,1,1,98,"777777777777","777777777777","777777777777",0,0
32,320113,1,2,1,5,6,15,43,12,6,1,0,32,2,19,14,19014,4,2003,"1G6KS54Y83U2","1","G","6","K","S","5","4","Y","8","3","U","2",0,0,0,"000000000","00000000000",0,0,0,1,0,0,0,0,0,0,0,58,7,1,5,12,6,2,12,0,0,0,1,32,89129,2,7,0,0,2,3,66,140,0,5,0,0,1,12,2015,4,2016,3,38,39,0,0,1,2,35,1,8,2,1,20,3,1,17,99,1,1,88,"777777777777","777777777777","777777777777",1,0
32,320113,2,2,2,5,6,15,43,12,6,1,0,32,2,54,31,54031,3,1996,"JH4DC4453TS0","J","H","4","D","C","4","4","5","3","T","S","0",0,0,0,"000000000","00000000000",0,0,0,1,0,0,0,0,0,0,0,998,0,0,0,62,6,2,12,0,0,0,1,32,89129,6,1,0,0,3,0,68,175,0,0,0,0,0,0,0,0,0,0,0,0,0,0,1,2,45,1,1,2,1,0,0,1,66,99,1,1,89,"777777777777","777777777777","777777777777",0,0
32,320114,1,1,1,7,6,5,26,34,0,1,0,32,2,48,34,48034,6,2000,"4S3BH6752Y66","4","S","3","B","H","6","7","5","2","Y","6","6",0,0,0,"000000000","00000000000",0,0,0,1,0,0,0,0,0,0,0,79,0,1,5,12,6,2,1,0,0,0,1,32,89508,6,1,0,0,3,1,67,118,0,0,0,0,0,0,0,0,0,3,58,0,0,0,1,2,55,1,6,2,1,0,0,1,6,7,3,4,2,"777777777777","777777777777","777777777777",1,0
32,320115,1,1,1,9,6,20,30,24,0,1,0,32,1,53,706,53706,80,2006,"JS1GW71A8621","J","S","1","G","W","7","1","A","8","6","2","1",0,0,0,"000000000","00000000000",0,0,0,1,0,0,0,0,0,0,0,998,0,0,0,12,4,3,24,0,0,0,1,32,89434,6,1,0,0,3,0,71,195,0,1,0,0,0,8,2013,8,2013,3,99,99,99,99,2,2,70,3,1,2,1,0,0,14,13,99,1,4,1,"777777777777","777777777777","777777777777",1,1
32,320116,1,2,5,12,6,20,30,12,6,1,0,92,0,23,421,23421,15,1990,"1GTEV18K2LF5","1","G","T","E","V","1","8","K","2","L","F","5",0,0,0,"000000000","00000000000",0,0,0,1,0,0,0,0,0,0,0,10,0,0,0,12,6,2,12,0,0,0,1,32,89045,6,1,6,0,3,1,69,295,0,0,0,2,0,2,2013,9,2014,0,39,48,0,0,1,2,98,1,1,2,1,20,3,11,98,99,4,3,82,"777777777777","777777777777","777777777777",1,1
32,320116,2,2,2,12,6,20,30,12,6,1,0,32,1,12,481,12481,31,2012,"1FTFW1ET6CKD","1","F","T","F","W","1","E","T","6","C","K","D",1,1,0,"000000000","00000000000",0,0,0,1,0,0,0,0,0,0,0,45,0,0,0,1,6,2,12,0,0,0,1,32,89045,6,1,0,0,3,3,75,190,0,0,0,0,0,0,0,0,0,0,84,0,0,0,1,2,45,1,1,2,1,0,0,1,67,9,2,2,83,"DC9LE22D08DC","777777777777","777777777777",0,0
32,320117,1,1,1,18,6,10,15,17,0,1,0,6,1,42,48,42048,4,2005,"WDBUF26J05A5","W","D","B","U","F","2","6","J","0","5","A","5",0,0,0,"000000000","00000000000",0,0,0,1,0,0,0,0,0,0,0,45,0,1,5,12,6,2,1,0,0,0,1,6,90274,6,1,0,0,3,3,69,195,0,0,0,0,0,0,0,0,0,0,0,0,0,0,1,2,45,3,3,2,1,0,0,14,13,1,1,4,1,"777777777777","777777777777","777777777777",1,0
32,320118,1,2,1,19,6,8,20,12,6,1,0,48,1,7,482,7482,31,2014,"3C6UR5FL3EG2","3","C","6","U","R","5","F","L","3","E","G","2",1,1,0,"000000000","00000000000",0,0,0,1,0,0,0,0,0,0,0,8,0,0,0,3,4,5,12,0,0,0,1,32,89512,6,1,0,0,3,0,68,200,0,0,0,1,1,8,2013,5,2014,0,91,38,0,0,1,2,65,1,1,2,1,0,0,11,15,1,1,1,68,"4X4FWCD29ET0","777777777777","777777777777",0,0
32,320118,2,2,1,19,6,8,20,12,6,1,0,53,1,72,706,72706,80,2004,"1HD1BWB374Y0","1","H","D","1","B","W","B","3","7","4","Y","0",0,0,0,"000000000","00000000000",0,0,0,1,0,0,0,0,0,0,0,60,0,0,0,12,6,2,12,0,0,0,1,53,98498,6,1,0,0,3,0,68,200,0,0,0,0,0,0,0,0,0,0,84,0,0,0,1,2,65,1,1,2,1,0,0,1,62,16,2,3,69,"777777777777","777777777777","777777777777",1,0
32,320119,1,1,2,22,6,20,12,8,0,1,1,32,1,2,404,2404,14,2004,"1J8GW58N34C2","1","J","8","G","W","5","8","N","3","4","C","2",0,0,0,"000000000","00000000000",0,0,0,1,0,0,0,0,0,0,0,12,0,0,0,12,2,3,8,0,0,0,1,32,89801,6,1,0,0,3,0,72,260,0,0,0,0,0,0,0,0,0,0,91,38,0,0,4,2,25,1,1,2,1,0,0,1,80,16,2,1,13,"777777777777","777777777777","777777777777",0,1
32,320120,1,2,1,22,6,10,21,12,6,1,0,32,1,13,1,13001,4,1996,"1LNLM81W5TY6","1","L","N","L","M","8","1","W","5","T","Y","6",0,0,0,"000000000","00000000000",0,0,0,1,0,0,0,0,0,0,0,998,0,0,0,62,4,3,12,0,0,0,1,32,89052,6,1,0,0,3,0,71,215,0,0,0,0,0,0,0,0,0,0,38,0,0,0,0,0,0,0,0,0,0,20,3,11,15,1,1,1,82,"777777777777","777777777777","777777777777",1,0
32,320120,2,2,1,22,6,10,21,12,6,1,0,32,1,49,32,49032,3,1987,"1NXAE89G4HZ4","1","N","X","A","E","8","9","G","4","H","Z","4",0,0,0,"000000000","00000000000",0,0,0,1,0,0,0,0,0,0,0,998,0,0,0,12,6,2,12,0,0,0,1,32,89052,6,1,0,0,3,0,76,215,0,0,0,0,0,0,0,0,0,0,0,0,0,0,1,7,45,1,1,2,1,0,0,1,72,16,2,1,83,"777777777777","777777777777","777777777777",0,0
32,320121,1,3,1,24,6,23,0,12,2,1,0,32,2,59,402,59402,14,2004,"JTJBT20X3400","J","T","J","B","T","2","0","X","3","4","0","0",0,0,0,"000000000","00000000000",0,0,0,1,0,0,0,0,0,0,0,998,7,1,1,12,6,2,12,0,0,0,1,32,89506,1,1,0,0,2,0,71,150,0,2,0,0,0,10,2013,6,2015,0,91,28,0,0,5,5,45,2,5,2,1,0,0,14,10,99,1,2,50,"777777777777","777777777777","777777777777",0,1
32,320121,2,3,1,24,6,23,0,12,2,1,0,32,2,7,25,7025,5,2010,"1B3CB4HA3AD5","1","B","3","C","B","4","H","A","3","A","D","5",0,0,0,"000000000","00000000000",0,0,0,1,0,0,0,0,0,0,0,998,0,0,0,12,6,2,12,0,0,0,1,32,89506,6,1,0,0,3,0,64,130,0,0,0,0,1,11,2011,11,2011,0,99,99,99,99,5,5,45,3,5,2,1,0,0,14,62,99,1,1,51,"777777777777","777777777777","777777777777",1,0