"STATE","ST_CASE","VEH_NO","VE_FORMS","NUMOCCS","DAY","MONTH","HOUR","MINUTE","HARM_EV","MAN_COLL","UNITTYPE","HIT_RUN","REG_STAT","OWNER","MAKE","MODEL","MAK_MOD","BODY_TYP","MOD_YEAR","VIN","VIN_1","VIN_2","VIN_3","VIN_4","VIN_5","VIN_6","VIN_7","VIN_8","VIN_9","VIN_10","VIN_11","VIN_12","TOW_VEH","J_KNIFE","MCARR_I1","MCARR_I2","MCARR_ID","GVWR","V_CONFIG","CARGO_BT","HAZ_INV","HAZ_PLAC","HAZ_ID","HAZ_CNO","HAZ_REL","BUS_USE","SPEC_USE","EMER_USE","TRAV_SP","UNDERIDE","ROLLOVER","ROLINLOC","IMPACT1","DEFORMED","TOWED","M_HARM","VEH_SC1","VEH_SC2","FIRE_EXP","DR_PRES","L_STATE","DR_ZIP","L_STATUS","L_TYPE","CDL_STAT","L_ENDORS","L_COMPL","L_RESTRI","DR_HGT","DR_WGT","PREV_ACC","PREV_SUS","PREV_DWI","PREV_SPD","PREV_OTH","FIRST_MO","FIRST_YR","LAST_MO","LAST_YR","SPEEDREL","DR_SF1","DR_SF2","DR_SF3","DR_SF4","VTRAFWAY","VNUM_LAN","VSPD_LIM","VALIGN","VPROFILE","VPAVETYP","VSURCOND","VTRAFCON","VTCONT_F","P_CRASH1","P_CRASH2","P_CRASH3","PCRASH4","PCRASH5","ACC_TYPE","TRLR1VIN","TRLR2VIN","TRLR3VIN","DEATHS","DR_DRINK"
32,320197,2,2,1,15,10,15,37,12,2,1,0,32,1,12,481,12481,31,2005,"1FTPW14565KD","1","F","T","P","W","1","4","5","6","5","K","D",0,0,0,"000000000","00000000000",0,0,0,1,0,0,0,0,0,0,0,44,0,0,0,12,6,2,12,0,0,0,1,32,89447,6,1,0,0,3,0,999,999,0,0,0,0,0,0,0,0,0,0,0,0,0,0,1,2,70,3,5,2,1,0,0,14,62,99,1,1,51,"777777777777","777777777777","777777777777",0,0
32,320198,1,1,1,22,10,3,43,18,0,1,0,32,0,73,706,73706,80,1995,"JKAZXBD18SB5","J","K","A","Z","X","B","D","1","8","S","B","5",0,0,0,"000000000","00000000000",0,0,0,1,0,0,0,0,0,0,0,85,0,0,0,12,6,2,1,0,0,0,1,32,89701,6,1,0,0,3,0,70,325,0,2,0,0,4,12,2011,5,2013,3,36,37,0,0,6,1,55,3,5,2,1,0,0,14,11,99,9,4,1,"777777777777","777777777777","777777777777",1,0
32,320199,1,1,1,19,8,1,25,59,0,1,0,32,1,53,705,53705,80,2006,"JS1GN7DA2621","J","S","1","G","N","7","D","A","2","6","2","1",0,0,0,"000000000","00000000000",0,0,0,1,0,0,0,0,0,0,0,110,0,0,0,12,6,2,52,0,0,0,1,32,89139,6,1,0,0,3,0,65,130,0,1,0,1,1,11,2013,8,2014,3,0,0,0,0,3,4,65,1,6,1,1,40,3,1,13,99,1,4,1,"777777777777","777777777777","777777777777",1,1
32,320200,1,2,1,23,8,11,43,1,0,1,0,32,1,76,706,76706,80,2012,"JYARN17E1CA0","J","Y","A","R","N","1","7","E","1","C","A","0",0,0,0,"000000000","00000000000",0,0,0,1,0,0,0,0,0,0,0,27,0,0,0,0,6,2,12,0,0,0,1,32,89183,6,1,0,0,3,3,76,160,0,0,0,0,0,0,0,0,0,0,99,99,99,99,4,3,65,1,6,2,1,2,3,1,66,16,3,2,98,"777777777777","777777777777","777777777777",1,0
32,320200,2,2,2,23,8,11,43,1,0,1,0,53,2,20,431,20431,16,1997,"3GNFK16R4VG1","3","G","N","F","K","1","6","R","4","V","G","1",0,0,0,"000000000","00000000000",0,0,0,1,0,0,0,0,0,0,0,35,0,0,0,3,4,5,12,0,0,0,1,13,30043,1,1,0,0,2,0,67,185,98,0,0,0,1,2,2016,2,2016,0,0,0,0,0,2,3,25,1,1,2,1,2,3,1,66,1,1,1,98,"777777777777","777777777777","777777777777",0,0
32,320201,1,1,1,28,8,6,7,31,0,1,0,49,1,49,401,49401,14,2004,"JTEBT14R8400","J","T","E","B","T","1","4","R","8","4","0","0",0,0,0,"000000000","00000000000",0,0,0,1,0,0,0,0,0,0,0,998,0,1,3,12,6,2,1,0,0,0,1,49,84107,6,1,0,0,3,0,65,145,98,0,0,0,0,0,0,0,0,9,58,0,0,0,2,2,75,1,1,2,1,0,0,1,13,7,4,4,98,"777777777777","777777777777","777777777777",1,1
32,320202,1,1,1,28,8,7,49,8,0,1,0,32,1,49,40,49040,4,2015,"4T4BF1FK4FR4","4","T","4","B","F","1","F","K","4","F","R","4",0,0,0,"000000000","00000000000",0,0,0,1,0,0,0,0,0,0,0,998,0,0,0,12,4,3,8,0,0,0,1,32,89120,0,0,0,0,0,0,999,999,0,0,0,0,0,0,0,0,0,0,0,0,0,0,3,6,65,1,1,2,1,0,0,1,80,1,1,1,13,"777777777777","777777777777","777777777777",0,0
32,320203,1,2,2,1,9,14,48,12,6,1,0,32,1,7,442,7442,20,1999,"2B4GP44R7XR3","2","B","4","G","P","4","4","R","7","X","R","3",0,0,0,"000000000","00000000000",0,0,0,1,0,0,0,0,0,0,0,998,0,0,0,3,6,2,12,0,0,0,1,32,89121,3,1,0,0,2,3,69,175,0,0,0,0,1,12,2015,12,2015,0,39,28,48,0,2,6,45,1,1,2,1,2,3,11,17,99,1,3,68,"777777777777","777777777777","777777777777",1,0
32,320203,2,2,1,1,9,14,48,12,6,1,0,32,2,13,401,13401,14,2004,"5LMEU68H14ZJ","5","L","M","E","U","6","8","H","1","4","Z","J",0,0,0,"000000000","00000000000",0,0,0,1,0,0,0,0,0,0,0,998,0,0,0,12,6,2,12,0,0,0,1,32,89110,0,0,0,0,0,0,999,999,0,0,0,0,0,0,0,0,0,0,0,0,0,0,2,6,45,1,1,2,1,2,3,1,62,16,2,1,69,"777777777777","777777777777","777777777777",0,0
32,320204,1,2,1,2,9,21,14,12,1,1,0,32,1,76,706,76706,80,2004,"JYARN13Y24A0","J","Y","A","R","N","1","3","Y","2","4","A","0",0,0,0,"000000000","00000000000",0,0,0,1,0,0,0,0,0,0,0,85,0,0,0,12,6,2,12,0,0,0,1,32,89445,6,1,0,0,3,0,70,185,0,0,0,0,1,10,2014,10,2014,3,6,36,26,0,1,2,35,1,1,2,1,0,0,1,51,16,2,1,24,"777777777777","777777777777","777777777777",1,0
32,320204,2,2,1,2,9,21,14,12,1,1,0,32,1,12,481,12481,31,2006,"1FTPW14V86FB","1","F","T","P","W","1","4","V","8","6","F","B",0,0,0,"000000000","00000000000",0,0,0,1,0,0,0,0,0,0,0,30,0,0,0,6,6,2,12,0,0,0,1,32,89445,6,1,0,0,3,0,63,150,0,0,0,0,0,0,0,0,0,0,0,0,0,0,1,2,35,1,1,2,1,0,0,1,53,1,1,1,25,"777777777777","777777777777","777777777777",0,0
32,320205,1,1,1,5,9,20,27,8,0,1,0,32,1,76,706,76706,80,2012,"JYAVP28E7CA0","J","Y","A","V","P","2","8","E","7","C","A","0",0,0,0,"000000000","00000000000",0,0,0,1,0,0,0,0,0,0,0,39,0,0,0,12,2,3,8,0,0,0,1,32,89030,6,1,0,0,3,3,72,250,0,0,0,1,0,2,2015,2,2015,0,86,0,0,0,5,7,35,1,1,2,1,0,0,1,80,16,2,1,13,"777777777777","777777777777","777777777777",0,0
32,320206,1,1,1,11,9,20,47,9,0,1,1,32,2,12,481,12481,31,2001,"3FTNW20S31MA","3","F","T","N","W","2","0","S","3","1","M","A",0,0,0,"000000000","00000000000",0,0,0,1,0,0,0,0,0,0,0,41,0,0,0,12,6,2,9,0,0,0,1,32,89107,0,0,0,0,0,0,999,999,0,0,0,0,0,0,0,0,0,3,91,0,0,0,5,5,25,3,1,2,1,0,0,14,6,99,3,4,15,"777777777777","777777777777","777777777777",0,1
32,320207,1,3,1,14,9,20,12,12,7,1,0,32,1,37,706,37706,82,2002,"1HFSC47062A1","1","H","F","S","C","4","7","0","6","2","A","1",0,0,0,"000000000","00000000000",0,0,0,1,0,0,0,0,0,0,0,998,0,0,0,9,6,2,12,0,0,0,1,32,89147,6,1,0,0,3,0,67,198,0,0,0,0,0,0,0,0,0,0,6,84,0,0,2,5,45,1,1,2,1,0,0,1,50,16,2,1,45,"777777777777","777777777777","777777777777",1,0
32,320207,2,3,1,14,9,20,12,12,7,1,0,32,1,20,28,20028,4,2012,"1G1JC5SH1C41","1","G","1","J","C","5","S","H","1","C","4","1",0,0,0,"000000000","00000000000",0,0,0,1,0,0,0,0,0,0,0,0,0,0,0,81,4,5,12,0,0,0,1,32,89119,6,1,0,0,3,3,65,145,0,1,0,0,0,6,2013,6,2013,0,0,0,0,0,2,5,45,1,1,2,1,2,3,5,53,1,1,1,44,"777777777777","777777777777","777777777777",0,0
32,320207,3,3,2,14,9,20,12,12,7,1,0,32,2,55,33,55033,4,2014,"5NPEB4AC7EH9","5","N","P","E","B","4","A","C","7","E","H","9",0,0,0,"000000000","00000000000",0,0,0,1,0,0,0,0,0,0,0,0,0,0,0,6,4,5,12,0,0,0,1,32,89102,6,1,0,0,3,3,65,155,0,0,0,0,0,0,0,0,0,0,0,0,0,0,2,5,45,1,1,2,1,2,3,5,53,1,1,1,98,"777777777777","777777777777","777777777777",0,0
32,320208,1,1,1,17,9,11,10,17,0,1,0,32,2,72,706,72706,80,1993,"1HD1BJL47PY0","1","H","D","1","B","J","L","4","7","P","Y","0",0,0,0,"000000000","00000000000",0,0,0,1,0,0,0,0,0,0,0,998,0,0,0,61,6,2,1,0,0,0,1,32,89183,6,1,0,0,3,0,74,250,0,0,0,0,0,0,0,0,0,3,0,0,0,0,1,2,55,3,6,2,1,0,0,14,6,99,1,4,1,"777777777777","777777777777","777777777777",1,0
32,320209,1,1,1,17,9,0,54,1,0,1,0,32,0,73,705,73705,80,2007,"JKAZX4J157A0","J","K","A","Z","X","4","J","1","5","7","A","0",0,0,0,"000000000","00000000000",0,0,0,1,0,0,0,0,0,0,0,73,0,0,0,0,6,2,1,0,0,0,1,32,89156,6,1,0,0,2,0,70,150,0,6,0,1,0,10,2014,4,2016,3,36,6,0,0,5,5,35,1,1,2,1,0,0,1,6,16,2,2,98,"777777777777","777777777777","777777777777",1,1
32,320210,1,1,1,22,9,19,23,8,0,1,0,32,2,12,481,12481,31,2002,"1FTRW07312KD","1","F","T","R","W","0","7","3","1","2","K","D",0,0,0,"000000000","00000000000",0,0,0,1,0,0,0,0,0,0,0,998,0,0,0,12,2,3,8,0,0,0,1,32,89030,6,1,0,0,3,0,60,210,0,0,0,0,0,0,0,0,0,0,0,0,0,0,5,7,35,1,1,2,1,0,0,1,80,7,1,1,13,"777777777777","777777777777","777777777777",0,0
32,320211,1,1,2,1,10,2,28,25,0,1,0,32,2,22,8,22008,2,2004,"6G2VX12G64L3","6","G","2","V","X","1","2","G","6","4","L","3",0,0,0,"000000000","00000000000",0,0,0,1,0,0,0,0,0,0,0,998,0,0,0,12,6,2,25,0,0,1,1,32,89122,0,0,0,0,0,0,999,999,0,0,0,0,0,0,0,0,0,3,91,36,28,39,1,2,35,1,1,2,1,28,3,1,14,99,9,4,14,"777777777777","777777777777","777777777777",1,1
32,320212,1,2,1,13,8,19,53,12,6,1,0,6,1,37,31,37031,4,2012,"2HGFB2F59CH3","2","H","G","F","B","2","F","5","9","C","H","3",0,0,0,"000000000","00000000000",0,0,0,1,0,0,0,0,0,0,0,998,0,0,0,12,6,2,12,0,0,0,1,32,89431,6,1,0,0,3,0,65,165,0,1,0,1,1,7,2012,12,2015,0,39,38,0,0,2,4,50,1,1,2,1,3,3,1,17,99,1,1,86,"777777777777","777777777777","777777777777",0,1
32,320212,2,2,2,13,8,19,53,12,6,1,0,32,2,7,26,7026,4,2010,"1B3CC4FB1AN1","1","B","3","C","C","4","F","B","1","A","N","1",0,0,0,"000000000","00000000000",0,0,0,1,0,0,0,0,0,0,0,998,0,1,1,3,6,2,12,0,0,0,1,32,89434,6,1,0,0,3,0,77,198,0,0,0,1,0,10,2012,10,2012,9,99,99,99,99,2,3,50,1,1,2,1,3,3,1,66,99,1,1,87,"777777777777","777777777777","777777777777",2,0
32,320213,1,1,1,12,8,21,55,43,0,1,0,32,1,2,404,2404,14,1995,"1J4GZ58SXSC7","1","J","4","G","Z","5","8","S","X","S","C","7",0,0,0,"000000000","00000000000",0,0,0,1,0,0,0,0,0,0,0,998,0,1,5,81,6,2,42,0,0,0,1,32,89502,6,1,0,0,3,0,64,170,1,2,1,0,0,6,2012,8,2012,3,28,0,0,0,2,4,50,1,1,2,1,0,0,1,12,1,1,4,6,"777777777777","777777777777","777777777777",1,1
32,320214,1,2,1,6,9,10,56,1,0,1,0,32,1,37,705,37705,80,2004,"JH2PC37054M1","J","H","2","P","C","3","7","0","5","4","M","1",0,0,0,"000000000","00000000000",0,0,0,1,0,0,0,0,0,0,0,998,0,0,0,0,6,2,54,0,0,0,1,32,89502,6,1,0,0,3,0,66,165,0,0,0,0,0,0,0,0,0,4,27,0,0,0,1,4,35,1,5,2,1,0,0,15,52,16,2,2,98,"777777777777","777777777777","777777777777",1,0
32,320214,2,2,1,6,9,10,56,1,0,1,0,6,3,51,881,51881,66,2013,"4V4NC9TH5DN5","4","V","4","N","C","9","T","H","5","D","N","5",1,1,57,"01317227","5701317227",3,6,1,1,0,0,0,0,0,0,0,998,0,0,0,6,0,5,54,0,0,0,1,53,98001,6,1,6,0,3,0,70,190,0,0,0,0,0,0,0,0,0,0,0,0,0,0,1,4,35,1,5,2,1,0,0,2,53,1,1,1,98,"1UYVS2530GP3","777777777777","777777777777",0,0
32,320215,1,2,1,15,9,18,11,33,0,1,0,32,1,37,706,37706,80,2004,"1HFSC02114DA","1","H","F","S","C","0","2","1","1","4","D","A",0,0,0,"000000000","00000000000",0,0,0,1,0,0,0,0,0,0,0,998,0,0,0,12,6,2,54,0,0,0,1,32,89508,3,1,0,0,2,0,72,200,0,5,0,0,9,10,2011,8,2016,4,28,0,0,0,1,4,40,1,1,2,1,1,3,1,12,99,9,4,6,"777777777777","777777777777","777777777777",1,1
32,320215,2,2,3,15,9,18,11,33,0,1,0,32,1,49,32,49032,4,2014,"5YFBURHE9EP1","5","Y","F","B","U","R","H","E","9","E","P","1",0,0,0,"000000000","00000000000",0,0,0,1,0,0,0,0,0,0,0,0,0,0,0,11,6,2,54,0,0,0,1,32,89436,6,1,0,0,3,0,71,220,0,0,0,0,0,0,0,0,0,0,0,0,0,0,1,5,40,1,1,2,1,1,3,5,98,1,1,1,98,"777777777777","777777777777","777777777777",0,0
32,320216,1,1,2,12,11,22,4,8,0,1,1,6,1,58,401,58401,14,1997,"JNRAR05Y5VW0","J","N","R","A","R","0","5","Y","5","V","W","0",0,0,0,"000000000","00000000000",0,0,0,1,0,0,0,0,0,0,0,998,0,0,0,11,2,5,8,0,0,0,1,6,95823,0,0,0,0,0,0,68,155,0,0,0,0,0,0,0,0,0,0,38,91,0,0,1,4,35,1,2,2,1,2,3,1,80,99,1,1,13,"777777777777","777777777777","777777777777",0,0
32,320217,1,1,1,9,11,0,33,8,0,1,0,32,1,37,421,37421,15,2003,"2HKYF18483H5","2","H","K","Y","F","1","8","4","8","3","H","5",0,0,0,"000000000","00000000000",0,0,0,1,0,0,0,0,0,0,0,998,0,0,0,12,2,3,8,0,0,0,1,32,89508,6,1,0,0,3,0,68,160,0,1,0,1,2,6,2013,8,2016,0,0,0,0,0,5,5,98,1,1,2,1,0,0,1,80,1,1,1,13,"777777777777","777777777777","777777777777",0,0
32,320218,1,2,99,15,11,18,45,8,0,1,1,99,9,97,997,97997,98,9998,"888888888888","8","8","8","8","8","8","8","8","8","8","8","8",0,0,0,"000000000","00000000000",0,0,0,1,0,0,0,0,0,0,0,998,0,0,0,12,9,5,8,0,0,0,1,99,99999,9,9,99,0,9,9,999,999,99,99,99,99,99,99,9999,99,9999,9,0,0,0,0,5,5,35,1,1,2,1,2,3,1,82,99,9,9,13,"777777777777","777777777777","777777777777",0,0
32,320218,2,2,2,15,11,18,45,8,0,1,0,32,1,20,401,20401,14,1992,"1GNCS13W6N22","1","G","N","C","S","1","3","W","6","N","2","2",0,0,0,"000000000","00000000000",0,0,0,1,0,0,0,0,0,0,0,998,0,0,0,12,2,5,8,0,0,0,1,6,99999,6,1,0,0,3,0,68,285,0,0,0,0,0,0,0,0,0,0,0,0,0,0,5,5,35,1,1,2,1,2,3,1,80,99,1,1,98,"777777777777","777777777777","777777777777",0,0
32,320219,1,1,6,14,10,20,15,5,0,1,0,32,2,20,441,20441,20,1997,"1GNDM19W7VB1","1","G","N","D","M","1","9","W","7","V","B","1",0,0,0,"000000000","00000000000",0,0,0,1,0,0,0,0,0,0,0,998,0,0,0,0,0,3,5,0,0,0,1,32,89030,1,1,0,0,2,0,70,200,0,0,0,0,0,0,0,0,0,0,0,0,0,0,1,2,25,1,1,2,1,0,0,1,98,99,1,1,0,"777777777777","777777777777","777777777777",1,0
32,320220,1,1,2,18,10,19,4,8,0,1,0,32,1,12,3,12003,2,2001,"1FAFP40461F1","1","F","A","F","P","4","0","4","6","1","F","1",0,0,0,"000000000","00000000000",0,0,0,1,0,0,0,0,0,0,0,29,0,0,0,12,2,3,8,0,0,0,1,32,89156,6,1,0,0,3,0,67,190,0,1,0,0,0,1,2014,1,2014,0,0,0,0,0,5,5,45,1,1,2,1,0,0,1,80,1,1,1,13,"777777777777","777777777777","777777777777",0,0
32,320221,1,2,1,27,10,12,19,1,0,1,0,32,0,37,706,37706,80,2012,"JH2SC5948CK4","J","H","2","S","C","5","9","4","8","C","K","4",0,0,0,"000000000","00000000000",0,0,0,1,0,0,0,0,0,0,0,998,0,0,0,0,6,2,12,0,0,0,1,32,89031,6,1,0,0,3,0,68,200,0,0,0,0,0,0,0,0,0,3,39,84,0,0,1,2,25,1,1,2,1,20,3,2,17,16,4,3,98,"777777777777","777777777777","777777777777",1,0
32,320221,2,2,3,27,10,12,19,1,0,1,0,32,2,7,26,7026,4,2012,"1C3CDZAB6CN1","1","C","3","C","D","Z","A","B","6","C","N","1",0,0,0,"000000000","00000000000",0,0,0,1,0,0,0,0,0,0,0,998,0,0,0,7,4,3,12,0,0,0,1,32,89081,1,1,0,0,2,0,67,180,0,6,0,0,2,5,2012,1,2014,0,0,0,0,0,1,2,25,1,1,2,1,0,0,1,66,1,1,1,98,"777777777777","777777777777","777777777777",0,0
32,320222,1,1,1,8,11,19,43,8,0,1,0,6,1,42,47,42047,2,2004,"WDBTJ76H04F0","W","D","B","T","J","7","6","H","0","4","F","0",0,0,0,"000000000","00000000000",0,0,0,1,0,0,0,0,0,0,0,47,0,0,0,12,4,3,8,0,0,0,1,6,92648,6,1,0,0,3,3,999,999,0,0,0,0,0,0,0,0,0,0,0,0,0,0,2,2,35,1,1,2,1,0,0,1,80,99,1,1,13,"777777777777","777777777777","777777777777",0,0
32,320223,1,1,3,10,11,11,21,8,0,1,0,32,1,42,42,42042,4,1996,"WDBHA22E6TF4","W","D","B","H","A","2","2","E","6","T","F","4",0,0,0,"000000000","00000000000",0,0,0,1,0,0,0,0,0,0,0,42,0,0,0,12,6,2,8,0,0,0,1,32,89015,6,1,0,0,3,0,72,130,0,0,0,0,0,0,0,0,0,0,0,0,0,0,2,3,45,1,1,2,1,0,0,1,80,16,9,1,13,"777777777777","777777777777","777777777777",0,0
32,320224,1,1,1,14,11,13,5,8,0,1,0,32,1,35,473,35473,31,2004,"1N6AA07A84N5","1","N","6","A","A","0","7","A","8","4","N","5",0,0,0,"000000000","00000000000",0,0,0,1,0,0,0,0,0,0,0,23,0,0,0,12,2,5,8,0,0,0,1,32,89120,6,1,0,0,3,0,71,172,0,0,0,0,0,0,0,0,0,0,0,0,0,0,1,2,35,1,1,2,1,0,0,1,80,99,1,1,13,"777777777777","777777777777","777777777777",0,0
32,320225,1,2,1,4,10,18,54,12,2,1,0,41,1,49,442,49442,20,2008,"5TDZK23CX8S1","5","T","D","Z","K","2","3","C","X","8","S","1",0,0,0,"000000000","00000000000",0,0,0,1,0,0,0,0,0,0,0,73,0,0,0,12,6,2,12,0,0,0,1,41,97814,6,1,0,0,3,0,68,170,0,0,0,0,0,0,0,0,0,0,28,39,0,0,1,2,70,1,1,2,1,28,3,1,10,99,1,2,50,"777777777777","777777777777","777777777777",1,0
32,320225,2,2,2,4,10,18,54,12,2,1,0,32,1,23,481,23481,31,1995,"2GTEK19K4S15","2","G","T","E","K","1","9","K","4","S","1","5",0,0,0,"000000000","00000000000",0,0,0,1,0,0,0,0,0,0,0,73,0,0,0,12,6,2,12,0,0,0,1,32,89407,6,1,0,0,3,0,69,155,0,1,0,3,1,12,2011,6,2016,0,91,0,0,0,1,2,70,1,1,2,1,28,3,1,62,1,1,1,51,"777777777777","777777777777","777777777777",0,1
32,320226,1,1,4,24,7,0,55,7,0,1,0,32,1,20,481,20481,31,2007,"2GCEC19Y1716","2","G","C","E","C","1","9","Y","1","7","1","6",0,0,0,"000000000","00000000000",0,0,0,1,0,0,0,0,0,0,0,87,0,1,5,0,6,2,1,0,0,0,1,32,89031,6,1,0,0,3,0,68,160,0,0,0,2,0,12,2014,4,2016,3,6,8,36,58,1,2,45,1,3,2,1,28,3,1,6,6,1,1,0,"777777777777","777777777777","777777777777",1,1
32,320227,1,1,1,27,10,5,40,8,0,1,0,32,1,53,706,53706,80,2012,"JS1GX72A4C21","J","S","1","G","X","7","2","A","4","C","2","1",0,0,0,"000000000","00000000000",0,0,0,1,0,0,0,0,0,0,0,998,0,0,0,12,2,5,8,0,0,0,1,32,89169,6,1,6,0,3,0,76,243,0,5,1,0,0,3,2012,1,2013,0,86,0,0,0,2,2,35,1,1,2,1,2,3,1,80,9,2,1,13,"777777777777","777777777777","777777777777",0,0
32,320228,1,1,2,15,11,8,14,1,0,1,0,32,3,7,880,7880,67,2008,"3D7MX38AX8G1","3","D","7","M","X","3","8","A","X","8","G","1",0,0,57,"89445","5789445",2,1,97,1,0,0,0,0,0,0,0,67,0,1,1,0,6,2,1,0,0,0,1,32,89445,6,1,6,0,3,3,72,225,0,1,0,0,0,4,2016,4,2016,3,58,0,0,0,1,2,45,1,1,2,1,0,0,1,13,6,4,6,98,"777777777777","777777777777","777777777777",1,1
32,320229,1,2,1,1,10,14,53,12,2,1,0,32,1,72,706,72706,80,2011,"1HD1KHM34BB6","1","H","D","1","K","H","M","3","4","B","B","6",0,0,0,"000000000","00000000000",0,0,0,1,0,0,0,0,0,0,0,998,0,0,0,12,6,2,12,0,0,1,1,32,89523,2,1,0,0,2,0,999,999,1,0,0,3,0,8,2012,1,2016,9,28,0,0,0,1,2,98,4,9,2,1,0,0,14,10,99,9,2,50,"777777777777","777777777777","777777777777",1,1
32,320229,2,2,1,1,10,14,53,12,2,1,0,32,1,12,481,12481,31,2006,"1FTPW14586KA","1","F","T","P","W","1","4","5","8","6","K","A",0,0,0,"000000000","00000000000",0,0,0,1,0,0,0,0,0,0,0,998,0,0,0,12,6,2,12,0,0,0,1,32,89403,6,1,0,0,3,0,74,150,0,0,0,0,0,0,0,0,0,0,0,0,0,0,1,2,98,4,9,2,1,0,0,14,62,99,9,1,51,"777777777777","777777777777","777777777777",0,0
32,320230,1,3,1,24,11,15,24,12,6,1,0,32,1,7,482,7482,31,1998,"1B7HC13Z9WJ2","1","B","7","H","C","1","3","Z","9","W","J","2",0,0,0,"000000000","00000000000",0,0,0,1,0,0,0,0,0,0,0,998,0,0,0,3,6,2,12,0,0,0,1,32,89156,6,1,0,0,3,1,75,226,0,0,0,0,0,0,0,0,0,0,38,0,0,0,2,4,35,1,1,2,1,3,3,11,15,1,1,1,68,"777777777777","777777777777","777777777777",1,0
32,320230,2,3,2,24,11,15,24,12,6,1,0,32,1,12,23,12023,4,2008,"3FAHP07Z78R2","3","F","A","H","P","0","7","Z","7","8","R","2",0,0,0,"000000000","00000000000",0,0,0,1,0,0,0,0,0,0,0,998,0,0,0,12,6,2,12,0,0,0,1,32,89706,6,1,0,0,3,0,64,175,1,0,0,0,0,10,2015,10,2015,0,0,0,0,0,2,3,35,1,1,2,1,3,3,1,62,99,1,1,69,"777777777777","777777777777","777777777777",1,0
32,320230,3,3,2,24,11,15,24,12,6,1,0,32,1,20,37,20037,4,2010,"1G1ZA5EB1A41","1","G","1","Z","A","5","E","B","1","A","4","1",0,0,0,"000000000","00000000000",0,0,0,1,0,0,0,0,0,0,0,0,0,0,0,12,4,5,12,0,0,0,1,32,89081,6,1,0,0,3,0,66,187,0,0,0,1,0,3,2016,3,2016,0,0,0,0,0,2,6,35,1,1,2,1,3,3,5,62,1,1,1,98,"777777777777","777777777777","777777777777",0,0
32,320231,1,2,1,15,8,20,2,12,2,1,0,32,2,37,32,37032,4,2002,"1HGCG164X2A0","1","H","G","C","G","1","6","4","X","2","A","0",0,0,0,"000000000","00000000000",0,0,0,1,0,0,0,0,0,0,0,998,0,0,0,12,6,8,12,0,0,0,1,32,89509,6,1,0,0,3,3,69,245,0,0,0,0,0,0,0,0,0,0,51,0,0,0,1,4,50,3,2,2,1,0,0,14,54,99,1,1,52,"777777777777","777777777777","777777777777",1,1
32,320231,2,2,1,15,8,20,2,12,2,1,0,32,2,34,34,34034,4,2002,"WBAEU33462PF","W","B","A","E","U","3","3","4","6","2","P","F",0,0,0,"000000000","00000000000",0,0,0,1,0,0,0,0,0,0,0,998,0,0,0,12,6,8,12,0,0,0,1,6,95356,6,1,0,0,3,0,62,110,0,0,0,0,0,0,0,0,0,0,0,0,0,0,1,4,50,2,2,2,1,0,0,14,54,99,1,1,52,"777777777777","777777777777","777777777777",0,0
32,320232,1,1,1,17,11,11,2,42,0,1,0,32,1,37,31,37031,2,1995,"2HGEJ2122SH5","2","H","G","E","J","2","1","2","2","S","H","5",0,0,0,"000000000","00000000000",0,0,0,1,0,0,0,0,0,0,0,998,0,0,0,12,6,2,42,0,0,0,1,32,89503,6,1,0,0,3,0,65,150,0,0,0,2,0,6,2012,5,2014,0,0,0,0,0,1,5,45,1,1,2,1,0,0,1,12,1,1,4,6,"777777777777","777777777777","777777777777",1,0
32,320233,1,1,2,16,11,18,0,8,0,1,0,32,1,37,31,37031,4,1997,"2HGEJ6622VH5","2","H","G","E","J","6","6","2","2","V","H","5",0,0,0,"000000000","00000000000",0,0,0,1,0,0,0,0,0,0,0,998,0,0,0,12,6,2,8,0,0,0,1,32,89512,6,1,0,0,3,3,64,160,0,0,0,0,0,0,0,0,0,0,38,0,0,0,1,7,30,1,1,2,1,0,0,1,80,99,1,1,13,"777777777777","777777777777","777777777777",0,0
32,320234,1,1,1,3,12,23,0,1,0,1,0,6,1,63,32,63032,4,2004,"KNADC1251463","K","N","A","D","C","1","2","5","1","4","6","3",0,0,0,"000000000","00000000000",0,0,0,1,0,0,0,0,0,0,0,73,0,9,3,0,6,2,1,0,0,0,1,6,95240,6,1,0,0,3,0,66,155,0,0,0,0,0,0,0,0,0,0,36,0,0,0,2,2,75,1,6,2,1,0,0,1,12,99,3,4,6,"777777777777","777777777777","777777777777",1,1
32,320235,1,1,1,11,12,16,45,8,0,1,0,32,2,20,481,20481,31,2014,"1GCVKREC7EZ2","1","G","C","V","K","R","E","C","7","E","Z","2",0,0,0,"000000000","00000000000",0,0,0,1,0,0,0,0,0,0,0,19,0,0,0,11,2,5,8,0,0,0,1,32,89117,6,1,0,0,3,0,71,180,0,0,0,0,0,0,0,0,0,0,91,38,0,0,5,5,30,1,1,2,1,40,3,1,80,1,1,1,13,"777777777777","777777777777","777777777777",0,0
32,320236,1,1,1,8,11,4,40,1,0,1,0,6,3,87,884,87884,66,2012,"1XPVDP9X0CD1","1","X","P","V","D","P","9","X","0","C","D","1",2,1,57,"733279","57733279",3,7,3,1,0,0,0,0,0,0,0,70,0,1,3,0,6,2,1,0,0,0,1,6,95358,6,1,6,1,3,0,67,207,1,0,0,1,1,9,2014,5,2015,0,58,0,0,0,2,2,75,2,1,2,1,28,3,14,12,7,1,4,6,"1T9A6162XJ10","999999999999","777777777777",1,0