"STATE","ST_CASE","VEH_NO","VE_FORMS","NUMOCCS","DAY","MONTH","HOUR","MINUTE","HARM_EV","MAN_COLL","UNITTYPE","HIT_RUN","REG_STAT","OWNER","MAKE","MODEL","MAK_MOD","BODY_TYP","MOD_YEAR","VIN","VIN_1","VIN_2","VIN_3","VIN_4","VIN_5","VIN_6","VIN_7","VIN_8","VIN_9","VIN_10","VIN_11","VIN_12","TOW_VEH","J_KNIFE","MCARR_I1","MCARR_I2","MCARR_ID","GVWR","V_CONFIG","CARGO_BT","HAZ_INV","HAZ_PLAC","HAZ_ID","HAZ_CNO","HAZ_REL","BUS_USE","SPEC_USE","EMER_USE","TRAV_SP","UNDERIDE","ROLLOVER","ROLINLOC","IMPACT1","DEFORMED","TOWED","M_HARM","VEH_SC1","VEH_SC2","FIRE_EXP","DR_PRES","L_STATE","DR_ZIP","L_STATUS","L_TYPE","CDL_STAT","L_ENDORS","L_COMPL","L_RESTRI","DR_HGT","DR_WGT","PREV_ACC","PREV_SUS","PREV_DWI","PREV_SPD","PREV_OTH","FIRST_MO","FIRST_YR","LAST_MO","LAST_YR","SPEEDREL","DR_SF1","DR_SF2","DR_SF3","DR_SF4","VTRAFWAY","VNUM_LAN","VSPD_LIM","VALIGN","VPROFILE","VPAVETYP","VSURCOND","VTRAFCON","VTCONT_F","P_CRASH1","P_CRASH2","P_CRASH3","PCRASH4","PCRASH5","ACC_TYPE","TRLR1VIN","TRLR2VIN","TRLR3VIN","DEATHS","DR_DRINK"
32,320272,1,3,2,17,11,17,32,33,0,1,1,32,2,12,3,12003,2,2010,"1ZVBP8JS5A51","1","Z","V","B","P","8","J","S","5","A","5","1",0,0,0,"000000000","00000000000",0,0,0,1,0,0,0,0,0,0,0,54,0,0,0,8,6,2,12,0,0,0,1,32,89106,0,0,0,0,0,0,999,999,0,0,0,0,0,0,0,0,0,0,58,28,0,0,2,4,45,1,6,2,1,0,0,1,9,8,9,4,7,"777777777777","777777777777","777777777777",1,0
32,320272,2,3,1,17,11,17,32,33,0,1,0,32,1,35,481,35481,31,2008,"1N6BA06A78N3","1","N","6","B","A","0","6","A","7","8","N","3",0,0,0,"000000000","00000000000",0,0,0,1,0,0,0,0,0,0,0,998,0,0,0,12,6,2,12,0,0,0,1,32,89147,6,1,0,0,3,0,70,205,0,0,0,0,0,0,0,0,0,0,0,0,0,0,2,4,45,1,6,2,1,0,0,1,62,99,1,1,98,"777777777777","777777777777","777777777777",0,0
32,320272,3,3,1,17,11,17,32,33,0,1,0,32,1,20,22,20022,4,2008,"1G1AL58F4871","1","G","1","A","L","5","8","F","4","8","7","1",0,0,0,"000000000","00000000000",0,0,0,1,0,0,0,0,0,0,0,998,0,0,0,82,6,2,12,0,0,0,1,32,89104,6,1,0,0,3,0,63,128,0,2,0,0,0,6,2015,12,2015,0,0,0,0,0,2,4,45,1,6,2,1,0,0,1,62,99,1,1,98,"777777777777","777777777777","777777777777",0,0
32,320273,1,2,1,25,10,7,0,12,1,1,0,4,3,82,881,82881,66,1997,"1FUYSSEBXVL8","1","F","U","Y","S","S","E","B","X","V","L","8",1,1,57,"1651990","571651990",3,6,1,1,0,0,0,0,0,0,0,998,0,0,0,12,4,5,12,0,0,0,1,6,0,6,1,6,0,3,1,67,160,0,0,0,0,0,0,0,0,0,4,91,6,0,0,2,2,75,1,5,2,2,0,0,1,51,99,1,1,24,"1JJV532W16L9","777777777777","777777777777",0,0
32,320273,2,2,1,25,10,7,0,12,1,1,0,32,2,37,705,37705,80,2007,"JH2RC44067M1","J","H","2","R","C","4","4","0","6","7","M","1",0,0,0,"000000000","00000000000",0,0,0,1,0,0,0,0,0,0,0,38,0,0,0,6,4,3,12,0,0,0,1,6,99999,6,1,0,0,3,0,68,250,0,0,0,0,0,0,0,0,0,0,0,0,0,0,2,2,75,1,5,2,2,0,0,1,53,1,1,1,25,"777777777777","777777777777","777777777777",1,0
32,320274,1,2,1,11,11,17,35,1,0,1,0,32,3,37,441,37441,20,2001,"2HKRL187X1H5","2","H","K","R","L","1","8","7","X","1","H","5",0,0,0,"000000000","00000000000",0,0,0,1,0,0,0,0,0,0,0,998,0,0,0,6,4,5,54,0,0,0,1,32,89084,6,1,0,0,3,3,66,138,0,0,0,0,0,0,0,0,0,0,0,0,0,0,2,4,45,1,1,2,1,0,0,12,21,99,1,1,98,"777777777777","777777777777","777777777777",0,0
32,320274,2,2,1,11,11,17,35,1,0,1,0,32,1,73,706,73706,80,2011,"JKAZXCJ19BA0","J","K","A","Z","X","C","J","1","9","B","A","0",0,0,0,"000000000","00000000000",0,0,0,1,0,0,0,0,0,0,0,998,0,0,0,0,6,2,54,0,0,0,1,32,89129,6,1,0,0,3,0,72,200,0,0,0,0,0,0,0,0,0,0,0,0,0,0,2,3,45,1,1,2,1,0,0,1,62,16,3,2,98,"777777777777","777777777777","777777777777",1,0
32,320275,1,1,3,22,9,23,40,9,0,1,0,32,3,67,31,67031,6,2015,"JTLZE4FE6FJ0","J","T","L","Z","E","4","F","E","6","F","J","0",0,0,0,"000000000","00000000000",0,0,0,1,0,0,0,0,0,1,0,998,0,0,0,12,4,3,9,0,0,0,1,32,89005,6,1,0,0,3,0,74,375,0,0,0,0,0,0,0,0,0,0,0,0,0,0,2,5,45,1,6,2,1,2,3,1,83,16,1,1,13,"777777777777","777777777777","777777777777",0,0
32,320276,1,2,1,24,9,3,55,12,6,1,0,32,2,12,481,12481,31,2002,"1FTRW086X2KD","1","F","T","R","W","0","8","6","X","2","K","D",0,0,0,"000000000","00000000000",0,0,0,1,0,0,0,0,0,0,0,50,0,0,0,12,6,2,12,0,0,0,1,32,89061,6,1,0,0,3,0,62,130,0,0,0,3,1,10,2012,2,2014,3,91,39,0,0,1,2,25,1,6,2,1,20,3,1,17,99,1,1,86,"777777777777","777777777777","777777777777",0,1
32,320276,2,2,2,24,9,3,55,12,6,1,0,32,1,20,9,20009,1,1991,"1G1FP33EXML1","1","G","1","F","P","3","3","E","X","M","L","1",0,0,0,"000000000","00000000000",0,0,0,1,0,0,0,0,0,0,0,23,0,0,0,3,6,2,12,0,0,0,1,32,89049,6,1,0,0,3,0,71,176,0,0,0,0,0,0,0,0,0,0,0,0,0,0,1,2,45,1,1,2,1,0,0,1,66,99,1,1,87,"777777777777","777777777777","777777777777",1,0
32,320277,1,2,1,20,9,18,56,12,6,1,0,92,0,37,703,37703,83,2004,"JH2ME1031440","J","H","2","M","E","1","0","3","1","4","4","0",0,0,0,"000000000","00000000000",0,0,0,1,0,0,0,0,0,0,0,998,0,0,0,12,4,3,12,0,0,0,1,32,89145,0,0,0,0,0,0,999,999,0,0,0,0,0,0,0,0,0,3,39,0,0,0,2,4,98,1,1,2,1,2,3,1,17,99,1,1,88,"777777777777","777777777777","777777777777",1,0
32,320277,2,2,1,20,9,18,56,12,6,1,0,6,2,49,402,49402,14,2015,"JTMZFREV7FD0","J","T","M","Z","F","R","E","V","7","F","D","0",0,0,0,"000000000","00000000000",0,0,0,1,0,0,0,0,0,0,0,998,0,0,0,10,4,5,12,0,0,0,1,6,99999,6,1,0,0,3,0,999,999,99,99,99,99,99,99,9999,99,9999,0,0,0,0,0,2,4,45,1,1,2,1,2,3,1,66,99,1,1,89,"777777777777","777777777777","777777777777",0,0
32,320278,1,1,1,29,9,11,23,8,0,1,0,32,3,82,881,82881,66,2012,"1FUJGNDR6CDB","1","F","U","J","G","N","D","R","6","C","D","B",1,1,57,"191949","57191949",3,6,8,1,0,0,0,0,0,0,0,998,0,0,0,9,0,5,8,0,0,0,1,32,89031,6,1,6,1,3,3,70,280,0,0,0,0,0,0,0,0,0,0,0,0,0,0,3,3,65,3,2,2,1,0,0,14,80,99,1,1,13,"1TKLC44384W0","777777777777","777777777777",0,0
32,320279,1,1,1,8,12,22,13,24,0,1,0,32,2,24,7,24007,4,2004,"1G8AJ52F14Z1","1","G","8","A","J","5","2","F","1","4","Z","1",0,0,0,"000000000","00000000000",0,0,0,1,0,0,0,0,0,0,0,68,0,0,0,2,6,2,24,0,0,0,1,32,89506,6,1,0,0,3,3,69,206,1,0,0,0,0,5,2016,5,2016,0,0,0,0,0,3,7,65,1,6,1,1,0,0,1,13,1,1,4,1,"777777777777","777777777777","777777777777",1,1
32,320280,1,2,4,28,12,14,14,12,2,1,0,32,1,7,482,7482,31,2007,"3D7KS29CX7G7","3","D","7","K","S","2","9","C","X","7","G","7",1,1,88,"888888888","88888888888",2,4,3,1,0,0,0,0,0,0,0,67,7,1,1,12,6,2,12,0,0,0,1,32,89049,6,1,0,0,3,0,71,210,0,0,0,0,0,0,0,0,0,0,28,0,0,0,1,2,70,1,5,2,1,0,0,1,10,99,1,2,50,"5F7US1822FU0","777777777777","777777777777",1,0
32,320280,2,2,2,28,12,14,14,12,2,1,0,32,1,52,401,52401,14,1998,"JA4MT31P4WP0","J","A","4","M","T","3","1","P","4","W","P","0",0,0,0,"000000000","00000000000",0,0,0,1,0,0,0,0,0,0,0,73,0,0,0,12,6,2,12,0,0,0,1,32,89013,6,1,6,0,3,3,71,165,0,0,0,0,0,0,0,0,0,0,0,0,0,0,1,2,70,1,6,2,1,0,0,1,62,99,1,1,51,"777777777777","777777777777","777777777777",2,0
32,320281,1,3,1,29,12,6,53,12,6,1,0,32,1,41,37,41037,4,2000,"1YVGF22C7Y51","1","Y","V","G","F","2","2","C","7","Y","5","1",0,0,0,"000000000","00000000000",0,0,0,1,0,0,0,0,0,0,0,998,0,0,0,9,6,2,12,0,0,0,1,32,89706,6,1,0,0,3,3,64,135,0,0,0,0,0,0,0,0,0,0,38,0,0,0,1,2,98,1,1,2,1,4,3,1,17,99,1,1,89,"777777777777","777777777777","777777777777",1,0
32,320281,2,3,1,29,12,6,53,12,6,1,0,6,2,23,481,23481,31,1995,"2GTFK29K4S15","2","G","T","F","K","2","9","K","4","S","1","5",0,0,0,"000000000","00000000000",0,0,0,1,0,0,0,0,0,0,0,55,0,0,0,12,6,2,12,0,0,0,1,32,89410,6,1,0,0,3,0,68,165,0,0,0,0,0,0,0,0,0,0,0,0,0,0,1,4,55,1,1,2,1,0,0,1,66,99,1,1,88,"777777777777","777777777777","777777777777",0,0
32,320281,3,3,1,29,12,6,53,12,6,1,0,32,1,7,482,7482,31,1996,"1B7KF23C3TJ1","1","B","7","K","F","2","3","C","3","T","J","1",0,0,0,"000000000","00000000000",0,0,0,1,0,0,0,0,0,0,0,0,0,0,0,12,2,5,12,0,0,0,1,32,89460,6,1,0,0,3,3,70,152,0,0,0,0,0,0,0,0,0,0,0,0,0,0,1,4,55,1,1,2,1,0,0,5,62,1,1,1,98,"777777777777","777777777777","777777777777",0,0
32,320282,1,2,2,28,9,11,41,12,6,1,0,32,4,55,33,55033,4,2016,"5NPE24AF0GH4","5","N","P","E","2","4","A","F","0","G","H","4",0,0,0,"000000000","00000000000",0,0,0,1,0,0,0,0,0,0,0,998,0,0,0,82,6,2,12,0,0,0,1,17,60102,6,1,0,0,3,0,68,180,0,0,0,0,1,11,2012,11,2012,0,39,0,0,0,1,2,30,1,1,2,1,20,3,1,17,99,1,1,87,"777777777777","777777777777","777777777777",0,0
32,320282,2,2,1,28,9,11,41,12,6,1,0,32,1,55,42,55042,3,2012,"KMHTC6AD5CU0","K","M","H","T","C","6","A","D","5","C","U","0",0,0,0,"000000000","00000000000",0,0,0,1,0,0,0,0,0,0,0,998,0,0,0,12,6,2,12,0,0,0,1,32,89108,6,1,0,0,3,0,72,206,0,0,0,0,0,0,0,0,0,3,0,0,0,0,4,2,30,1,1,2,1,0,0,1,66,99,1,1,86,"777777777777","777777777777","777777777777",1,0
32,320283,1,1,1,28,9,2,22,59,0,1,0,32,2,76,706,76706,80,2008,"JYARN20E58A0","J","Y","A","R","N","2","0","E","5","8","A","0",0,0,0,"000000000","00000000000",0,0,0,1,0,0,0,0,0,0,0,998,0,0,0,12,6,2,52,0,0,0,1,97,99999,3,1,0,0,2,9,999,999,99,99,99,99,99,99,9999,99,9999,5,36,6,0,0,2,2,45,1,1,2,1,0,0,1,6,99,5,4,2,"777777777777","777777777777","777777777777",1,0
32,320284,1,1,1,24,9,23,44,1,0,1,0,32,1,55,37,55037,2,2004,"KMHHN65F44U1","K","M","H","H","N","6","5","F","4","4","U","1",0,0,0,"000000000","00000000000",0,0,0,1,0,0,0,0,0,0,0,998,0,1,5,0,6,2,1,0,0,0,1,32,89019,6,1,0,0,3,0,63,119,0,0,0,0,0,0,0,0,0,4,0,0,0,0,1,2,45,1,1,2,1,0,0,1,6,16,4,4,7,"777777777777","777777777777","777777777777",1,1
32,320285,1,1,1,1,10,13,25,1,0,1,0,92,0,76,705,76705,80,2016,"JYARJ16EXGA0","J","Y","A","R","J","1","6","E","X","G","A","0",0,0,0,"000000000","00000000000",0,0,0,1,0,0,0,0,0,0,0,998,0,0,0,0,6,2,19,0,0,0,1,32,89121,6,1,0,0,3,0,70,150,0,1,0,0,0,9,2012,9,2012,5,8,0,0,0,1,2,25,1,1,2,1,0,0,1,14,16,3,4,98,"777777777777","777777777777","777777777777",1,0
32,320286,1,1,1,6,10,17,5,1,0,1,0,49,1,98,734,98734,97,2014,"4XAVH76A8EF2","4","X","A","V","H","7","6","A","8","E","F","2",0,0,0,"000000000","00000000000",0,0,0,1,0,0,0,0,0,0,0,998,0,9,5,0,2,3,1,0,0,0,1,32,89149,6,1,0,0,1,0,75,230,0,0,0,0,0,0,0,0,0,9,0,0,0,0,1,2,50,1,2,5,1,0,0,1,13,99,9,4,5,"777777777777","777777777777","777777777777",1,1
32,320287,1,1,99,8,11,18,55,8,0,1,1,99,9,99,999,99999,99,9999,"999999999999","9","9","9","9","9","9","9","9","9","9","9","9",0,0,0,"000000000","00000000000",0,0,0,1,0,0,0,0,0,0,0,998,0,0,0,12,9,5,8,0,0,0,1,99,99999,9,9,99,9,9,9,999,999,99,99,99,99,99,99,9999,99,9999,9,0,0,0,0,1,4,35,1,1,2,1,0,0,1,80,99,9,3,13,"777777777777","777777777777","777777777777",0,0
32,320288,1,2,1,15,11,14,56,12,6,1,0,32,2,12,442,12442,20,2000,"2FMZA5146YBA","2","F","M","Z","A","5","1","4","6","Y","B","A",0,0,0,"000000000","00000000000",0,0,0,1,0,0,0,0,0,0,0,998,0,0,0,81,6,2,12,0,0,0,1,32,89019,0,0,0,0,0,0,999,999,0,0,0,0,0,0,0,0,0,3,58,27,0,0,1,2,35,4,6,2,1,0,0,14,6,99,4,2,64,"777777777777","777777777777","777777777777",1,1
32,320288,2,2,2,15,11,14,56,12,6,1,0,32,1,12,473,12473,30,2001,"1FMZU77E11UA","1","F","M","Z","U","7","7","E","1","1","U","A",0,0,0,"000000000","00000000000",0,0,0,1,0,0,0,0,0,0,0,998,0,0,0,12,6,2,12,0,0,0,1,32,89019,4,1,0,0,2,0,62,124,0,1,0,0,0,1,2012,1,2012,0,0,0,0,0,1,2,35,4,6,2,1,0,0,14,62,99,1,1,65,"777777777777","777777777777","777777777777",0,0
32,320289,1,1,1,23,11,21,10,8,0,1,1,32,1,49,481,49481,31,1998,"JT4TN14D7W00","J","T","4","T","N","1","4","D","7","W","0","0",0,0,0,"000000000","00000000000",0,0,0,1,0,0,0,0,0,0,0,998,0,0,0,12,2,3,8,0,0,0,1,32,89506,6,1,6,0,3,3,71,220,0,0,0,1,0,12,2011,12,2011,9,99,99,99,99,1,5,35,1,2,2,1,0,0,1,80,99,1,1,13,"777777777777","777777777777","777777777777",0,0
32,320290,1,1,1,15,11,5,2,8,0,1,0,32,2,49,32,49032,4,2006,"1NXBR30E86Z6","1","N","X","B","R","3","0","E","8","6","Z","6",0,0,0,"000000000","00000000000",0,0,0,1,0,0,0,0,0,0,0,998,0,0,0,12,4,5,8,0,0,0,1,32,89002,6,1,0,0,3,3,61,100,0,0,0,0,1,1,2015,1,2015,0,0,0,0,0,2,5,45,1,1,2,1,2,3,1,80,99,1,1,13,"777777777777","777777777777","777777777777",0,0
32,320291,1,1,4,18,11,15,37,1,0,1,0,32,2,52,401,52401,14,2002,"JA4MT31R62P0","J","A","4","M","T","3","1","R","6","2","P","0",0,0,0,"000000000","00000000000",0,0,0,1,0,0,0,0,0,0,0,998,0,1,1,0,6,2,1,0,0,0,1,32,89043,0,0,0,0,0,0,999,999,0,0,0,0,0,0,0,0,0,0,58,0,0,0,1,2,55,1,2,2,1,0,0,1,98,7,3,6,98,"777777777777","777777777777","777777777777",1,0
32,320292,1,1,1,2,9,12,16,34,0,1,0,32,1,6,52,6052,6,2008,"3A8FY48B18T1","3","A","8","F","Y","4","8","B","1","8","T","1",0,0,0,"000000000","00000000000",0,0,0,1,0,0,0,0,0,0,0,86,0,9,6,12,6,2,34,0,0,0,1,32,89434,6,1,0,0,3,3,68,180,0,0,0,0,0,0,0,0,0,5,0,0,0,0,1,2,65,2,1,2,1,0,0,14,13,99,1,4,1,"777777777777","777777777777","777777777777",1,0
32,320293,1,3,2,1,12,21,20,12,6,1,0,32,1,59,35,59035,4,2010,"JTHCF5C26A20","J","T","H","C","F","5","C","2","6","A","2","0",0,0,0,"000000000","00000000000",0,0,0,1,0,0,0,0,0,0,0,998,0,0,0,9,6,2,12,0,0,0,1,32,89031,6,1,0,0,3,0,66,145,0,3,0,0,0,11,2014,7,2015,9,38,0,0,0,1,3,25,1,1,2,1,20,3,1,17,99,1,1,89,"777777777777","777777777777","777777777777",0,0
32,320293,2,3,1,1,12,21,20,12,6,1,0,32,1,76,709,76709,80,1997,"JYA4YWE09VA0","J","Y","A","4","Y","W","E","0","9","V","A","0",0,0,0,"000000000","00000000000",0,0,0,1,0,0,0,0,0,0,0,998,0,0,0,12,6,2,12,0,0,0,1,32,89130,6,1,0,0,3,3,69,220,0,0,0,0,0,0,0,0,0,0,99,99,99,99,2,4,45,1,1,2,1,0,0,1,66,16,2,1,88,"777777777777","777777777777","777777777777",1,0
32,320293,3,3,2,1,12,21,20,12,6,1,0,32,1,20,422,20422,15,2004,"1GNEC16Z44J2","1","G","N","E","C","1","6","Z","4","4","J","2",0,0,0,"000000000","00000000000",0,0,0,1,0,0,0,0,0,0,0,998,0,0,0,10,4,3,12,0,0,0,1,32,89031,6,1,0,0,3,3,69,243,0,0,0,0,0,0,0,0,0,0,99,99,99,99,2,4,45,1,1,2,1,0,0,1,62,7,1,2,98,"777777777777","777777777777","777777777777",0,0
32,320294,1,2,1,6,12,12,50,12,6,1,0,32,1,49,46,49046,5,2008,"JTDKB20U4834","J","T","D","K","B","2","0","U","4","8","3","4",0,0,0,"000000000","00000000000",0,0,0,1,0,0,0,0,0,0,0,18,0,0,0,82,6,2,12,0,0,0,1,32,89052,6,1,0,0,3,3,64,125,0,0,0,0,1,11,2012,11,2012,0,38,0,0,0,2,3,45,2,6,2,1,0,0,11,15,1,1,1,68,"777777777777","777777777777","777777777777",0,0
32,320294,2,2,1,6,12,12,50,12,6,1,0,32,1,53,705,53705,80,2014,"JS1SP46A7E21","J","S","1","S","P","4","6","A","7","E","2","1",0,0,0,"000000000","00000000000",0,0,0,1,0,0,0,0,0,0,0,40,0,0,0,12,6,2,12,0,0,0,1,32,89044,6,1,0,0,3,0,69,200,0,0,0,0,0,0,0,0,0,0,0,0,0,0,2,2,45,3,5,2,1,0,0,14,62,99,1,1,69,"777777777777","777777777777","777777777777",1,0
32,320295,1,3,1,11,10,12,49,12,1,1,0,32,3,20,881,20881,61,2007,"1GBJC34U67E1","1","G","B","J","C","3","4","U","6","7","E","1",0,0,88,"888888888","88888888888",2,1,3,1,0,0,0,0,0,0,0,35,0,0,0,12,2,5,12,0,0,0,1,32,89147,6,1,0,0,3,3,68,150,1,0,0,0,2,8,2012,12,2013,0,91,26,84,0,5,8,45,1,1,2,1,2,3,1,50,9,9,1,20,"777777777777","777777777777","777777777777",0,0
32,320295,2,3,1,11,10,12,49,12,1,1,0,32,1,59,404,59404,14,2014,"JTJBM7FX4E50","J","T","J","B","M","7","F","X","4","E","5","0",0,0,0,"000000000","00000000000",0,0,0,1,0,0,0,0,0,0,0,0,0,0,0,6,4,3,12,0,0,0,1,32,89052,6,1,0,0,3,3,67,158,0,0,0,0,0,0,0,0,0,0,0,0,0,0,5,8,45,1,1,2,1,2,3,5,53,1,1,1,21,"777777777777","777777777777","777777777777",0,0
32,320295,3,3,1,11,10,12,49,12,1,1,0,32,1,37,703,37703,88,2013,"MLHKF1215D50","M","L","H","K","F","1","2","1","5","D","5","0",0,0,0,"000000000","00000000000",0,0,0,1,0,0,0,0,0,0,0,35,0,0,0,12,4,3,12,0,0,0,1,32,89147,6,1,0,0,2,3,69,250,0,0,0,0,0,0,0,0,0,0,84,0,0,0,5,8,45,1,1,2,1,2,3,2,60,16,2,1,98,"777777777777","777777777777","777777777777",1,0
32,320296,1,1,1,3,12,22,18,25,0,1,0,6,2,42,42,42042,4,2015,"55SWF4JB7FU0","5","5","S","W","F","4","J","B","7","F","U","0",0,0,0,"000000000","00000000000",0,0,0,1,0,0,0,0,0,0,0,998,0,1,6,10,6,2,1,0,0,0,1,32,89113,6,1,0,0,3,3,76,220,0,2,0,0,0,10,2012,11,2012,5,99,99,99,99,1,5,35,1,1,2,1,20,3,1,14,7,1,4,14,"777777777777","777777777777","777777777777",1,0
32,320297,1,1,1,9,12,21,51,8,0,1,1,6,2,54,36,54036,4,1997,"JH4KA9648VC0","J","H","4","K","A","9","6","4","8","V","C","0",0,0,0,"000000000","00000000000",0,0,0,1,0,0,0,0,0,0,0,998,0,0,0,12,6,2,8,0,0,0,1,32,89107,9,1,0,0,9,0,70,165,0,1,0,1,1,7,2013,9,2014,0,0,0,0,0,5,5,45,1,1,2,1,0,0,1,80,99,1,1,13,"777777777777","777777777777","777777777777",0,1
32,320298,1,1,5,11,12,19,36,8,0,1,0,32,2,24,10,24010,6,2007,"5GZER33797J1","5","G","Z","E","R","3","3","7","9","7","J","1",0,0,0,"000000000","00000000000",0,0,0,1,0,0,0,0,0,0,0,998,0,0,0,2,4,5,8,0,0,0,1,6,99999,6,1,0,0,3,0,999,999,99,99,99,99,99,99,9999,99,9999,0,0,0,0,0,2,3,45,1,1,2,1,0,0,1,80,99,1,1,13,"777777777777","777777777777","777777777777",0,0
32,320299,1,2,1,12,12,18,22,12,1,1,0,18,2,41,51,41051,4,2008,"JM1BK32F9818","J","M","1","B","K","3","2","F","9","8","1","8",0,0,0,"000000000","00000000000",0,0,0,1,0,0,0,0,0,0,0,998,0,0,0,12,6,2,12,0,0,0,1,47,37042,6,1,0,0,3,0,72,180,0,0,0,0,0,0,0,0,0,4,99,99,99,99,2,2,75,1,5,2,1,0,0,1,51,99,1,1,24,"777777777777","777777777777","777777777777",1,1
32,320299,2,2,1,12,12,18,22,12,1,1,0,16,3,51,881,51881,66,2016,"4V4NC9EJ0GN2","4","V","4","N","C","9","E","J","0","G","N","2",1,1,57,"01494325","5701494325",3,6,3,1,0,0,0,0,0,0,0,998,0,0,0,6,4,5,12,0,0,0,1,49,84401,6,1,6,0,3,0,68,170,98,0,0,0,0,0,0,0,0,0,0,0,0,0,2,2,75,1,5,2,1,0,0,1,53,1,1,1,25,"1R1F2482X7K5","777777777777","777777777777",0,0
32,320300,1,1,1,15,12,20,27,33,0,1,0,32,1,20,421,20421,15,2003,"1GNEC13V13R2","1","G","N","E","C","1","3","V","1","3","R","2",0,0,0,"000000000","00000000000",0,0,0,1,0,0,0,0,0,0,0,998,0,1,6,12,6,2,1,0,0,0,1,32,89081,6,1,0,0,3,0,70,210,0,0,0,0,0,0,0,0,0,3,0,0,0,0,1,2,35,3,1,2,1,40,3,14,14,99,1,4,14,"777777777777","777777777777","777777777777",1,1
32,320301,1,1,4,20,12,19,26,8,0,1,0,32,2,59,405,59405,14,2016,"JTJYARBZ2G20","J","T","J","Y","A","R","B","Z","2","G","2","0",0,0,0,"000000000","00000000000",0,0,0,1,0,0,0,0,0,0,0,998,0,0,0,12,4,3,8,0,0,0,1,32,89052,6,1,0,0,3,0,65,160,0,0,0,0,0,0,0,0,0,0,0,0,0,0,2,3,45,1,1,2,1,2,3,1,80,99,1,1,13,"777777777777","777777777777","777777777777",0,0
32,320302,1,1,1,25,12,4,46,8,0,1,0,32,1,2,404,2404,14,2016,"1C4PJMBSXGW2","1","C","4","P","J","M","B","S","X","G","W","2",0,0,0,"000000000","00000000000",0,0,0,1,0,0,0,0,0,0,0,42,0,0,0,12,4,3,8,0,0,0,1,32,89120,6,1,0,0,3,3,60,125,0,0,0,0,0,0,0,0,0,0,0,0,0,0,2,3,45,1,1,2,1,0,0,1,80,99,1,1,13,"777777777777","777777777777","777777777777",0,1
32,320303,1,1,1,29,12,7,37,9,0,1,0,18,3,87,881,87881,63,2009,"1NPWL40XX9D7","1","N","P","W","L","4","0","X","X","9","D","7",0,0,57,"1936338","571936338",3,2,2,2,2,1203,3,1,0,0,0,998,0,0,0,12,2,5,9,0,0,0,1,32,89108,6,1,6,1,3,3,68,200,0,0,0,0,0,0,0,0,0,0,0,0,0,0,2,3,45,1,1,2,1,2,3,10,83,1,1,1,13,"777777777777","777777777777","777777777777",0,0
32,320304,1,1,1,22,12,22,11,1,0,1,0,32,2,35,47,35047,4,1995,"1N4BU31D5SC1","1","N","4","B","U","3","1","D","5","S","C","1",0,0,0,"000000000","00000000000",0,0,0,1,0,0,0,0,0,0,0,65,0,1,5,0,6,2,1,0,0,1,1,32,89045,6,1,0,0,3,0,63,120,0,0,0,0,0,0,0,0,0,0,58,0,0,0,1,2,70,3,1,2,1,28,3,14,13,6,3,4,2,"777777777777","777777777777","777777777777",1,1
33,330001,1,1,3,2,1,19,39,1,0,1,0,25,2,35,49,35049,6,2003,"JN8AZ08W93W2","J","N","8","A","Z","0","8","W","9","3","W","2",0,0,0,"000000000","00000000000",0,0,0,1,0,0,0,0,0,0,0,998,0,1,3,0,6,2,1,0,0,0,1,25,2370,1,1,0,0,2,2,68,999,0,1,0,1,0,4,2015,6,2015,4,58,74,0,0,2,2,65,3,1,2,1,0,0,14,12,9,2,4,7,"777777777777","777777777777","777777777777",1,0
33,330002,1,1,1,8,1,20,46,8,0,1,0,25,1,30,40,30040,4,2003,"3VWSK69M43M1","3","V","W","S","K","6","9","M","4","3","M","1",0,0,0,"000000000","00000000000",0,0,0,1,0,0,0,0,0,0,0,998,0,0,0,12,4,3,8,0,0,0,1,25,1844,6,1,0,0,3,0,68,999,1,1,0,0,0,4,2015,6,2015,0,0,0,0,0,1,3,30,1,1,2,1,0,0,1,80,16,2,1,13,"777777777777","777777777777","777777777777",0,0
33,330003,1,1,1,12,1,7,23,42,0,1,0,33,1,37,403,37403,14,2011,"5J6YH2H75BL0","5","J","6","Y","H","2","H","7","5","B","L","0",0,0,0,"000000000","00000000000",0,0,0,1,0,0,0,0,0,0,0,998,0,0,0,12,6,2,42,0,0,0,1,33,3304,6,1,0,0,3,0,70,210,0,0,0,0,0,0,0,0,0,0,0,0,0,0,3,2,70,2,1,2,2,0,0,14,8,1,1,4,6,"777777777777","777777777777","777777777777",1,0
33,330004,1,1,1,12,1,20,4,8,0,1,0,33,2,2,403,2403,14,2006,"1J4FA64S96P7","1","J","4","F","A","6","4","S","9","6","P","7",0,0,0,"000000000","00000000000",0,0,0,1,0,0,0,0,0,0,0,998,0,0,0,12,4,3,8,0,0,0,1,33,3038,6,2,0,0,3,0,75,205,1,0,0,0,0,9,2015,9,2015,4,36,0,0,0,1,2,30,2,1,2,3,0,0,14,6,8,2,1,13,"777777777777","777777777777","777777777777",0,0
33,330005,1,1,1,16,1,17,33,42,0,1,0,40,3,7,29,7029,4,2015,"1C3CDFBB1FD3","1","C","3","C","D","F","B","B","1","F","D","3",0,0,0,"000000000","00000000000",0,0,0,1,0,0,0,0,0,0,0,90,0,0,0,12,6,2,42,0,0,0,1,33,3249,6,1,0,0,3,2,70,200,0,1,1,3,1,5,2012,12,2015,3,36,33,74,0,1,2,30,2,1,2,2,0,0,14,6,9,1,4,6,"777777777777","777777777777","777777777777",1,1