"STATE","ST_CASE","VEH_NO","VE_FORMS","NUMOCCS","DAY","MONTH","HOUR","MINUTE","HARM_EV","MAN_COLL","UNITTYPE","HIT_RUN","REG_STAT","OWNER","MAKE","MODEL","MAK_MOD","BODY_TYP","MOD_YEAR","VIN","VIN_1","VIN_2","VIN_3","VIN_4","VIN_5","VIN_6","VIN_7","VIN_8","VIN_9","VIN_10","VIN_11","VIN_12","TOW_VEH","J_KNIFE","MCARR_I1","MCARR_I2","MCARR_ID","GVWR","V_CONFIG","CARGO_BT","HAZ_INV","HAZ_PLAC","HAZ_ID","HAZ_CNO","HAZ_REL","BUS_USE","SPEC_USE","EMER_USE","TRAV_SP","UNDERIDE","ROLLOVER","ROLINLOC","IMPACT1","DEFORMED","TOWED","M_HARM","VEH_SC1","VEH_SC2","FIRE_EXP","DR_PRES","L_STATE","DR_ZIP","L_STATUS","L_TYPE","CDL_STAT","L_ENDORS","L_COMPL","L_RESTRI","DR_HGT","DR_WGT","PREV_ACC","PREV_SUS","PREV_DWI","PREV_SPD","PREV_OTH","FIRST_MO","FIRST_YR","LAST_MO","LAST_YR","SPEEDREL","DR_SF1","DR_SF2","DR_SF3","DR_SF4","VTRAFWAY","VNUM_LAN","VSPD_LIM","VALIGN","VPROFILE","VPAVETYP","VSURCOND","VTRAFCON","VTCONT_F","P_CRASH1","P_CRASH2","P_CRASH3","PCRASH4","PCRASH5","ACC_TYPE","TRLR1VIN","TRLR2VIN","TRLR3VIN","DEATHS","DR_DRINK"
33,330048,2,3,1,3,6,16,39,12,1,1,0,33,1,12,481,12481,31,2004,"1FTSX31P54EA","1","F","T","S","X","3","1","P","5","4","E","A",0,0,0,"000000000","00000000000",0,0,0,1,0,0,0,0,0,0,0,0,0,0,0,6,6,2,12,0,0,0,1,33,3833,6,1,6,0,3,0,71,165,0,0,0,0,0,0,0,0,0,0,0,0,0,0,1,2,55,1,1,2,1,0,0,5,53,1,1,1,22,"777777777777","777777777777","777777777777",0,0
33,330048,3,3,1,3,6,16,39,12,1,1,0,33,2,20,403,20403,14,2003,"1GNDT13S8322","1","G","N","D","T","1","3","S","8","3","2","2",0,0,0,"000000000","00000000000",0,0,0,1,0,0,0,0,0,0,0,998,0,0,0,12,6,2,12,0,0,0,1,33,3858,6,1,0,0,3,0,63,125,0,0,0,0,0,0,0,0,0,0,0,0,0,0,1,2,55,1,1,2,1,0,0,1,62,1,1,1,98,"777777777777","777777777777","777777777777",1,0
33,330049,1,1,1,5,6,6,37,42,0,1,0,33,2,49,43,49043,4,2015,"4T1BK1EB4FU1","4","T","1","B","K","1","E","B","4","F","U","1",0,0,0,"000000000","00000000000",0,0,0,1,0,0,0,0,0,0,0,998,0,0,0,12,6,2,42,0,0,0,1,33,3820,6,1,0,0,3,1,65,165,0,0,0,0,0,0,0,0,0,0,0,0,0,0,1,2,40,2,1,2,1,0,0,14,8,1,1,4,6,"777777777777","777777777777","777777777777",1,0
33,330050,1,2,1,9,6,15,44,12,6,1,0,33,1,37,705,37705,80,2014,"MLHPC4564E51","M","L","H","P","C","4","5","6","4","E","5","1",0,0,0,"000000000","00000000000",0,0,0,1,0,0,0,0,0,0,0,998,0,0,0,12,6,2,12,0,0,0,1,33,3249,6,1,0,0,3,0,71,160,0,0,0,0,3,12,2012,8,2013,3,36,38,0,0,1,2,30,1,5,2,1,0,0,1,62,16,2,1,69,"777777777777","777777777777","777777777777",1,0
33,330050,2,2,2,9,6,15,44,12,6,1,0,33,1,55,33,55033,4,2013,"5NPEB4AC8DH7","5","N","P","E","B","4","A","C","8","D","H","7",0,0,0,"000000000","00000000000",0,0,0,1,0,0,0,0,0,0,0,998,0,0,0,10,4,3,12,0,0,0,1,33,3253,6,1,0,0,3,1,62,155,0,0,0,0,0,0,0,0,0,0,0,0,0,0,1,2,30,1,6,2,1,0,0,11,15,1,1,1,68,"777777777777","777777777777","777777777777",0,0
33,330051,1,2,3,12,6,11,1,12,6,1,0,25,1,63,402,63402,14,2014,"5XYKTDA65EG4","5","X","Y","K","T","D","A","6","5","E","G","4",0,0,0,"000000000","00000000000",0,0,0,1,0,0,0,0,0,0,0,998,0,0,0,12,4,3,12,0,0,0,1,25,1453,6,1,0,0,3,1,58,999,0,0,0,0,0,0,0,0,0,0,38,0,0,0,1,2,55,1,5,2,1,0,0,11,15,1,1,1,82,"777777777777","777777777777","777777777777",0,0
33,330051,2,2,2,12,6,11,1,12,6,1,0,33,1,72,706,72706,80,2002,"1HD1DJV112Y6","1","H","D","1","D","J","V","1","1","2","Y","6",0,0,0,"000000000","00000000000",0,0,0,1,0,0,0,0,0,0,0,998,0,0,0,81,6,2,12,0,0,0,1,33,3044,6,1,0,0,3,0,69,175,0,0,0,0,0,0,0,0,0,0,0,0,0,0,1,2,55,1,6,2,1,0,0,1,71,16,2,1,83,"777777777777","777777777777","777777777777",1,0
33,330052,1,2,1,17,6,16,21,12,2,1,0,33,2,20,2,20002,4,2009,"2G1WT57N2912","2","G","1","W","T","5","7","N","2","9","1","2",0,0,0,"000000000","00000000000",0,0,0,1,0,0,0,0,0,0,0,998,0,0,0,12,6,2,12,0,0,0,1,33,3053,6,1,0,0,3,0,75,220,1,1,0,0,2,7,2015,4,2016,3,28,0,0,0,1,2,55,1,1,2,1,0,0,1,10,1,1,2,50,"777777777777","777777777777","777777777777",0,1
33,330052,2,2,1,17,6,16,21,12,2,1,0,33,1,72,706,72706,80,1997,"1HD1DDL19VY6","1","H","D","1","D","D","L","1","9","V","Y","6",0,0,0,"000000000","00000000000",0,0,0,1,0,0,0,0,0,0,0,998,0,0,0,12,6,2,12,0,0,0,1,33,3079,6,1,0,0,3,0,71,195,0,0,0,1,0,10,2013,10,2013,0,0,0,0,0,1,2,55,1,1,2,1,0,0,1,62,99,1,1,51,"777777777777","777777777777","777777777777",1,0
33,330053,1,1,1,18,6,22,38,24,0,1,0,33,1,12,481,12481,31,2005,"1FTPX14575FA","1","F","T","P","X","1","4","5","7","5","F","A",0,0,0,"000000000","00000000000",0,0,0,1,0,0,0,0,0,0,0,998,0,1,5,62,6,2,1,0,0,0,1,33,3868,6,1,0,0,3,0,70,160,0,0,0,0,0,0,0,0,0,3,36,0,0,0,3,3,65,1,1,2,1,0,0,1,6,99,1,4,6,"777777777777","777777777777","777777777777",1,1
33,330054,1,1,4,20,6,18,49,1,0,1,0,50,2,23,481,23481,31,2008,"1GTEK19058Z3","1","G","T","E","K","1","9","0","5","8","Z","3",1,3,0,"000000000","00000000000",0,0,0,1,0,0,0,0,0,0,0,998,0,1,1,0,6,2,1,0,0,0,1,50,5676,6,1,0,0,3,0,72,220,0,1,0,0,0,7,2015,7,2015,0,0,0,0,0,2,2,65,3,1,2,1,0,0,14,9,9,3,2,98,"888888888888","777777777777","777777777777",1,0
33,330055,1,1,2,17,6,10,46,1,0,1,0,0,0,98,998,98998,95,2011,"52RL36221BG0","5","2","R","L","3","6","2","2","1","B","G","0",0,0,0,"000000000","00000000000",0,0,0,1,0,0,0,0,0,0,0,998,0,2,1,0,4,3,1,0,0,0,1,33,3844,6,1,0,0,1,0,69,160,1,0,1,1,0,6,2012,8,2013,4,36,0,0,0,1,2,25,3,1,2,1,0,0,14,6,9,4,2,98,"777777777777","777777777777","777777777777",1,0
33,330056,1,2,1,30,6,19,15,12,1,1,1,36,9,99,999,99999,99,9999,"999999999999","9","9","9","9","9","9","9","9","9","9","9","9",0,0,0,"000000000","00000000000",0,0,0,1,0,0,0,0,0,0,0,0,0,0,0,6,9,5,12,99,99,0,1,99,99999,9,9,99,9,9,9,999,999,99,99,99,99,99,99,9999,99,9999,9,99,99,99,99,1,2,55,1,1,2,1,0,0,99,99,99,9,9,21,"777777777777","777777777777","777777777777",0,0
33,330056,2,2,1,30,6,19,15,12,1,1,0,23,1,72,706,72706,80,2014,"1HD1LF314EC4","1","H","D","1","L","F","3","1","4","E","C","4",0,0,0,"000000000","00000000000",0,0,0,1,0,0,0,0,0,0,0,998,0,0,0,12,6,2,12,0,0,0,1,23,4009,6,1,0,0,3,0,71,170,0,0,0,0,0,0,0,0,0,3,8,26,0,0,1,2,55,1,1,2,1,0,0,1,50,16,2,1,20,"777777777777","777777777777","777777777777",1,0
33,330057,1,2,1,22,6,11,30,12,2,1,0,33,1,63,38,63038,5,2014,"KNAFK4A65E50","K","N","A","F","K","4","A","6","5","E","5","0",0,0,0,"000000000","00000000000",0,0,0,1,0,0,0,0,0,0,0,998,0,0,0,12,6,2,12,0,0,0,1,33,3037,6,1,0,0,3,1,61,135,0,0,0,0,0,0,0,0,0,0,28,0,0,0,1,2,35,1,1,2,1,0,0,1,10,1,1,2,50,"777777777777","777777777777","777777777777",1,0
33,330057,2,2,1,22,6,11,30,12,2,1,0,33,3,82,870,82870,62,2007,"4UZAAPCP27CY","4","U","Z","A","A","P","C","P","2","7","C","Y",0,0,57,"0044591","570044591",2,1,1,1,0,0,0,0,0,0,0,998,0,0,0,12,6,2,12,0,0,0,1,33,3079,6,1,6,0,3,1,70,205,0,0,0,0,0,0,0,0,0,0,0,0,0,0,1,2,35,1,1,2,1,0,0,1,60,9,2,1,51,"777777777777","777777777777","777777777777",0,0
33,330058,1,1,1,2,7,22,25,19,0,1,0,33,2,35,43,35043,4,2004,"3N1CB51A54L5","3","N","1","C","B","5","1","A","5","4","L","5",0,0,0,"000000000","00000000000",0,0,0,1,0,0,0,0,0,0,0,998,0,0,0,12,6,2,19,0,0,0,1,33,3857,6,1,0,0,3,0,71,185,0,1,0,1,0,8,2012,10,2015,3,36,0,0,0,1,2,25,3,1,2,1,0,0,14,13,1,1,4,1,"777777777777","777777777777","777777777777",1,1
33,330059,1,1,1,6,7,14,59,35,0,1,0,33,1,82,462,82462,40,2005,"4UZAANBW45CV","4","U","Z","A","A","N","B","W","4","5","C","V",0,0,57,"265752","57265752",2,1,1,1,0,0,0,0,0,0,0,998,0,1,5,62,6,2,1,0,0,0,1,33,3086,6,1,0,0,3,1,72,225,2,0,0,1,0,9,2012,6,2015,0,0,0,0,0,1,2,40,1,1,2,1,0,0,1,8,1,1,4,6,"777777777777","777777777777","777777777777",1,0
33,330060,1,1,1,15,7,2,30,8,0,1,0,33,2,7,482,7482,31,2013,"1C6RR7TT3DS6","1","C","6","R","R","7","T","T","3","D","S","6",0,0,0,"000000000","00000000000",0,0,0,1,0,0,0,0,0,0,0,998,0,0,0,12,2,3,8,0,0,0,1,33,3082,6,2,0,0,3,0,64,115,0,0,0,0,0,0,0,0,0,0,36,0,0,0,1,2,35,1,6,2,1,0,0,1,12,1,1,4,98,"777777777777","777777777777","777777777777",0,0
33,330061,1,2,1,17,7,6,0,12,2,1,0,33,2,49,32,49032,4,2009,"2T1BU40EX9C0","2","T","1","B","U","4","0","E","X","9","C","0",0,0,0,"000000000","00000000000",0,0,0,1,0,0,0,0,0,0,0,998,0,0,0,12,6,2,12,0,0,0,1,33,3244,6,1,0,0,3,0,73,285,0,0,0,0,2,10,2014,5,2015,4,36,28,0,0,1,2,55,3,5,2,2,0,0,14,10,8,1,2,50,"777777777777","777777777777","777777777777",1,1
33,330061,2,2,2,17,7,6,0,12,2,1,0,33,1,12,24,12024,6,2016,"2FMPK4J98GBB","2","F","M","P","K","4","J","9","8","G","B","B",0,0,0,"000000000","00000000000",0,0,0,1,0,0,0,0,0,0,0,998,0,0,0,12,6,2,12,0,0,0,1,33,3455,6,1,0,0,3,0,71,290,0,0,0,0,0,0,0,0,0,0,0,0,0,0,1,2,55,2,6,2,2,0,0,14,62,9,2,2,51,"777777777777","777777777777","777777777777",0,0
33,330062,1,1,1,17,7,9,35,42,0,1,0,33,1,12,37,12037,4,2005,"1FAFP34N35W1","1","F","A","F","P","3","4","N","3","5","W","1",0,0,0,"000000000","00000000000",0,0,0,1,0,0,0,0,0,0,0,998,0,1,5,12,6,2,1,0,0,1,1,33,3833,6,1,0,0,3,0,66,140,0,0,0,0,0,0,0,0,0,0,0,0,0,0,1,2,55,2,1,2,1,0,0,14,12,1,1,4,6,"777777777777","777777777777","777777777777",1,0
33,330063,1,1,1,20,7,13,55,1,0,1,0,33,1,20,2,20002,4,2005,"2G1WH55K8592","2","G","1","W","H","5","5","K","8","5","9","2",0,0,0,"000000000","00000000000",0,0,0,1,0,0,0,0,0,0,0,998,0,1,5,0,6,2,1,0,0,0,1,33,3109,6,1,0,0,3,0,66,170,0,0,0,0,0,0,0,0,0,3,0,0,0,0,3,5,55,1,6,2,1,0,0,1,8,1,3,4,2,"777777777777","777777777777","777777777777",1,0
33,330064,1,2,1,20,7,22,56,12,2,1,1,33,1,20,481,20481,31,2011,"1GCRKTE0XBZ3","1","G","C","R","K","T","E","0","X","B","Z","3",0,0,0,"000000000","00000000000",0,0,0,1,0,0,0,0,0,0,0,998,0,0,0,12,6,2,12,0,0,0,1,33,3836,6,1,0,0,3,0,69,145,2,0,0,1,0,8,2014,10,2015,3,36,28,0,0,1,2,40,2,6,2,1,0,0,14,10,1,1,2,50,"777777777777","777777777777","777777777777",0,1
33,330064,2,2,1,20,7,22,56,12,2,1,0,23,1,20,37,20037,4,2004,"1G1ZS528X4F2","1","G","1","Z","S","5","2","8","X","4","F","2",0,0,0,"000000000","00000000000",0,0,0,1,0,0,0,0,0,0,0,998,0,0,0,12,6,2,12,0,0,0,1,23,4020,6,1,0,0,3,0,68,185,0,0,0,0,0,0,0,0,0,0,0,0,0,0,1,2,40,3,5,2,1,0,0,14,62,1,1,1,51,"777777777777","777777777777","777777777777",1,0
33,330065,1,1,2,25,7,4,43,42,0,1,0,33,1,37,32,37032,4,1996,"1HGCD5631TA0","1","H","G","C","D","5","6","3","1","T","A","0",0,0,0,"000000000","00000000000",0,0,0,1,0,0,0,0,0,0,0,998,0,1,5,12,6,2,42,0,0,0,1,33,3038,6,1,0,0,3,1,76,210,0,0,0,0,1,4,2016,4,2016,3,36,58,0,0,3,4,65,1,1,2,1,0,0,1,6,8,3,4,2,"777777777777","777777777777","777777777777",1,0
33,330066,1,1,1,23,7,6,24,35,0,1,0,44,4,22,16,22016,2,2004,"1G2JB12F1472","1","G","2","J","B","1","2","F","1","4","7","2",0,0,0,"000000000","00000000000",0,0,0,1,0,0,0,0,0,0,0,998,0,1,5,6,6,2,1,0,0,0,1,44,2909,6,1,0,0,3,0,60,150,1,0,0,0,0,12,2014,12,2014,3,36,58,0,0,1,2,40,1,1,2,1,0,0,1,6,9,4,4,7,"777777777777","777777777777","777777777777",1,1
33,330067,1,2,1,27,7,14,30,12,7,1,0,50,1,72,706,72706,80,2010,"1HD1BW516AB0","1","H","D","1","B","W","5","1","6","A","B","0",0,0,0,"000000000","00000000000",0,0,0,1,0,0,0,0,0,0,0,998,0,0,0,82,6,2,12,0,0,0,1,50,5156,6,1,0,0,3,0,70,180,0,0,0,0,0,0,0,0,0,3,35,36,0,0,1,2,50,1,1,2,1,0,0,6,10,16,2,2,98,"777777777777","777777777777","777777777777",1,0
33,330067,2,2,2,27,7,14,30,12,7,1,0,33,3,84,884,84884,64,2013,"1HTWDAAR4DH2","1","H","T","W","D","A","A","R","4","D","H","2",0,0,88,"888888888","88888888888",3,1,4,1,0,0,0,0,0,0,0,998,0,0,0,63,2,3,12,0,0,0,1,33,3602,6,1,6,1,3,0,70,230,0,0,0,0,0,0,0,0,0,0,0,0,0,0,1,2,50,1,1,2,1,0,0,11,53,8,1,1,98,"777777777777","777777777777","777777777777",0,0
33,330068,1,1,1,27,7,17,52,9,0,1,1,33,3,82,881,82881,66,2012,"1FUBGDDV8CSB","1","F","U","B","G","D","D","V","8","C","S","B",1,1,57,"086260","57086260",3,6,1,1,0,0,0,0,0,0,0,998,0,0,0,4,0,5,9,0,0,0,1,33,3276,6,1,6,1,3,0,72,195,1,0,0,0,0,3,2012,3,2012,0,0,0,0,0,1,2,30,1,1,2,1,0,0,1,83,1,1,1,13,"2MN01ARJ2910","777777777777","777777777777",0,0
33,330069,1,1,1,28,7,11,58,24,0,1,0,33,1,24,1,24001,4,2000,"1G8ZK527XYZ1","1","G","8","Z","K","5","2","7","X","Y","Z","1",0,0,0,"000000000","00000000000",0,0,0,1,0,0,0,0,0,0,0,998,0,0,0,82,6,2,24,0,0,0,1,33,3234,6,1,0,0,3,0,70,185,0,0,0,0,0,0,0,0,0,0,27,0,0,0,3,2,65,1,1,2,1,0,0,1,13,1,1,4,1,"777777777777","777777777777","777777777777",1,1
33,330070,1,1,2,29,7,23,26,8,0,1,0,33,2,52,34,52034,4,2003,"4A3AA46G63E1","4","A","3","A","A","4","6","G","6","3","E","1",0,0,0,"000000000","00000000000",0,0,0,1,0,0,0,0,0,0,0,998,0,0,0,12,4,3,8,0,0,0,1,33,3303,6,1,0,0,3,0,70,245,1,0,0,1,0,3,2014,7,2015,0,0,0,0,0,3,2,55,1,6,2,2,0,0,1,80,16,2,1,13,"777777777777","777777777777","777777777777",0,0
33,330071,1,1,3,29,7,14,46,30,0,1,0,33,1,35,47,35047,4,2005,"1N4AL11D85C2","1","N","4","A","L","1","1","D","8","5","C","2",0,0,0,"000000000","00000000000",0,0,0,1,0,0,0,0,0,0,0,998,0,1,6,62,6,2,1,0,0,0,1,33,3103,6,1,0,0,3,0,70,185,0,0,0,0,0,0,0,0,0,3,36,0,0,0,1,2,35,1,1,2,1,0,0,1,6,6,1,4,6,"777777777777","777777777777","777777777777",1,1
33,330072,1,2,1,29,7,15,54,12,1,1,0,25,2,49,402,49402,14,2010,"2T3BF4DV5AW0","2","T","3","B","F","4","D","V","5","A","W","0",0,0,0,"000000000","00000000000",0,0,0,1,0,0,0,0,0,0,0,998,0,0,0,12,6,2,12,0,0,0,1,25,1770,6,1,0,0,3,0,70,999,0,0,0,0,0,0,0,0,0,3,6,26,0,0,3,2,70,1,1,2,2,0,0,1,52,1,1,1,24,"777777777777","777777777777","777777777777",0,0
33,330072,2,2,2,29,7,15,54,12,1,1,0,33,1,2,404,2404,14,1995,"1J4GZ58S6SC6","1","J","4","G","Z","5","8","S","6","S","C","6",0,0,0,"000000000","00000000000",0,0,0,1,0,0,0,0,0,0,0,998,0,0,0,6,6,2,42,0,0,0,1,33,3103,6,1,0,0,3,0,69,260,1,0,0,1,0,2,2014,6,2014,0,0,0,0,0,3,2,70,1,1,2,2,0,0,1,53,1,1,1,25,"777777777777","777777777777","777777777777",1,0
33,330073,1,2,1,30,7,15,36,12,6,1,0,33,1,14,6,14006,4,2005,"2MHHM75WX5X6","2","M","H","H","M","7","5","W","X","5","X","6",0,0,0,"000000000","00000000000",0,0,0,1,0,0,0,0,0,0,0,998,0,0,0,5,4,3,12,0,0,0,1,33,3110,6,1,0,0,3,1,71,180,0,0,0,0,0,0,0,0,0,0,38,39,0,0,1,2,40,1,1,2,1,1,3,11,15,11,1,1,68,"777777777777","777777777777","777777777777",0,0
33,330073,2,2,1,30,7,15,36,12,6,1,0,33,1,53,706,53706,80,2003,"JS1GV77A4321","J","S","1","G","V","7","7","A","4","3","2","1",0,0,0,"000000000","00000000000",0,0,0,1,0,0,0,0,0,0,0,998,0,0,0,12,6,2,12,0,0,0,1,33,3054,6,1,0,0,3,0,66,140,0,0,0,2,0,2,2014,3,2014,0,0,0,0,0,1,2,40,1,1,2,1,1,3,1,62,16,2,1,69,"777777777777","777777777777","777777777777",1,0
33,330074,1,2,1,1,8,16,38,12,6,1,0,33,1,7,442,7442,20,2003,"1D4GP25353B2","1","D","4","G","P","2","5","3","5","3","B","2",0,0,0,"000000000","00000000000",0,0,0,1,0,0,0,0,0,0,0,998,0,0,0,12,6,2,12,0,0,0,1,33,3276,6,1,0,0,3,0,60,175,0,0,0,0,0,0,0,0,0,0,28,0,0,0,1,2,40,1,1,2,2,0,0,1,8,1,1,2,64,"777777777777","777777777777","777777777777",1,0
33,330074,2,2,1,1,8,16,38,12,6,1,0,33,1,12,481,12481,31,2003,"1FDXF47PX3ED","1","F","D","X","F","4","7","P","X","3","E","D",0,0,0,"000000000","00000000000",0,0,0,1,0,0,0,0,0,0,0,998,0,0,0,8,4,3,12,0,0,0,1,33,3220,6,1,0,0,3,0,66,240,0,0,0,0,0,0,0,0,0,0,0,0,0,0,1,2,40,1,1,2,2,0,0,1,62,7,1,1,65,"777777777777","777777777777","777777777777",0,0
33,330075,1,1,1,2,8,19,32,14,0,1,0,33,1,72,706,72706,80,2006,"1HD1GP1136K3","1","H","D","1","G","P","1","1","3","6","K","3",0,0,0,"000000000","00000000000",0,0,0,1,0,0,0,0,0,0,0,998,0,0,0,12,6,2,14,0,0,0,1,33,3079,6,1,0,0,3,0,71,205,0,0,0,0,0,0,0,0,0,4,36,0,0,0,1,2,30,2,1,2,1,0,0,14,6,9,2,4,7,"777777777777","777777777777","777777777777",1,1
33,330076,1,1,1,4,8,16,46,17,0,1,0,95,1,37,706,37706,80,2015,"JH2SC6822FK2","J","H","2","S","C","6","8","2","2","F","K","2",0,0,0,"000000000","00000000000",0,0,0,1,0,0,0,0,0,0,0,998,0,0,0,12,6,2,17,0,0,0,1,95,0,6,1,0,0,3,0,73,220,99,99,99,99,99,99,9999,99,9999,3,0,0,0,0,1,2,50,3,5,2,1,0,0,14,6,6,1,4,1,"777777777777","777777777777","777777777777",1,0
33,330077,1,1,1,8,8,22,44,42,0,1,0,33,1,30,40,30040,4,2001,"3VWSD29M41M0","3","V","W","S","D","2","9","M","4","1","M","0",0,0,0,"000000000","00000000000",0,0,0,1,0,0,0,0,0,0,0,998,0,0,0,12,6,2,42,0,0,0,1,33,3886,6,1,0,0,3,0,70,220,0,0,0,1,0,8,2015,8,2015,3,37,36,0,0,1,2,40,1,6,2,1,0,0,1,6,10,1,4,1,"777777777777","777777777777","777777777777",1,0
33,330078,1,1,3,10,8,6,56,5,0,1,1,33,1,7,482,7482,31,2013,"3C6UR5DL6DG5","3","C","6","U","R","5","D","L","6","D","G","5",0,0,0,"000000000","00000000000",0,0,0,1,0,0,0,0,0,0,0,998,0,0,0,0,0,3,5,0,0,0,1,33,3570,6,1,0,0,3,0,67,170,1,0,0,1,3,4,2012,2,2015,3,36,0,0,0,1,2,25,1,5,2,1,0,0,1,98,1,1,1,0,"777777777777","777777777777","777777777777",1,0
33,330079,1,1,3,19,8,17,11,42,0,1,0,33,1,12,481,12481,31,2013,"1FTFW1EF0DKG","1","F","T","F","W","1","E","F","0","D","K","G",0,0,0,"000000000","00000000000",0,0,0,1,0,0,0,0,0,0,0,998,0,0,0,12,6,2,42,0,0,0,1,33,3262,6,1,6,0,3,1,71,300,1,0,0,0,0,8,2015,8,2015,3,36,0,0,0,3,2,65,2,1,2,1,0,0,14,12,1,1,4,6,"777777777777","777777777777","777777777777",1,0
33,330080,1,2,1,20,8,19,47,12,2,1,0,25,1,72,706,72706,80,2013,"1HD1KEM2XDB6","1","H","D","1","K","E","M","2","X","D","B","6",0,0,0,"000000000","00000000000",0,0,0,1,0,0,0,0,0,0,0,998,0,0,0,12,6,2,12,0,0,0,1,25,1469,6,1,0,0,3,0,70,999,0,0,0,1,0,10,2012,10,2012,3,28,0,0,0,1,2,50,3,5,2,1,0,0,14,10,6,1,2,50,"777777777777","777777777777","777777777777",1,1
33,330080,2,2,1,20,8,19,47,12,2,1,0,42,2,48,45,48045,6,2012,"4S4BRBGC2C32","4","S","4","B","R","B","G","C","2","C","3","2",0,0,0,"000000000","00000000000",0,0,0,1,0,0,0,0,0,0,0,998,0,0,0,12,6,2,12,0,0,0,1,42,17363,6,1,0,0,3,0,64,999,0,0,0,0,0,0,0,0,0,0,0,0,0,0,1,2,50,2,6,2,1,0,0,14,62,7,1,1,51,"777777777777","777777777777","777777777777",0,0
33,330081,1,1,1,28,8,4,20,35,0,1,0,33,1,22,22,22022,4,2005,"1G2ZG5281541","1","G","2","Z","G","5","2","8","1","5","4","1",0,0,0,"000000000","00000000000",0,0,0,1,0,0,0,0,0,0,0,998,0,1,5,62,6,2,1,0,0,0,1,33,3037,6,1,0,0,3,1,71,160,0,0,0,3,1,10,2011,5,2014,3,36,0,0,0,1,2,30,1,2,2,1,0,0,1,6,10,1,4,6,"777777777777","777777777777","777777777777",1,0
33,330082,1,1,1,19,8,19,3,30,0,1,0,33,2,37,706,37706,80,2000,"JH2SC4533YM0","J","H","2","S","C","4","5","3","3","Y","M","0",0,0,0,"000000000","00000000000",0,0,0,1,0,0,0,0,0,0,0,998,0,0,0,12,6,2,30,0,0,0,1,21,41042,6,1,0,0,2,2,76,195,0,0,0,0,0,0,0,0,0,3,34,52,53,74,1,2,35,1,1,2,1,0,0,1,6,11,1,4,1,"777777777777","777777777777","777777777777",1,0
33,330083,1,2,2,1,9,17,25,12,2,1,0,25,2,37,31,37031,2,1998,"1HGEJ6229WL0","1","H","G","E","J","6","2","2","9","W","L","0",0,0,0,"000000000","00000000000",0,0,0,1,0,0,0,0,0,0,0,998,0,0,0,12,6,2,12,0,0,0,1,25,1040,2,1,0,0,2,2,68,999,0,1,0,0,0,8,2013,8,2013,3,6,28,74,0,1,2,35,1,1,2,1,0,0,1,10,1,1,2,50,"777777777777","777777777777","777777777777",1,0
33,330083,2,2,1,1,9,17,25,12,2,1,0,50,1,48,401,48401,14,2009,"JF2SH61689G7","J","F","2","S","H","6","1","6","8","9","G","7",0,0,0,"000000000","00000000000",0,0,0,1,0,0,0,0,0,0,0,998,0,0,0,12,6,2,12,0,0,0,1,50,5342,6,1,0,0,3,1,73,220,0,0,0,0,0,0,0,0,0,0,0,0,0,0,1,2,35,1,1,2,1,0,0,1,62,1,1,1,51,"777777777777","777777777777","777777777777",0,0
33,330084,1,2,2,5,9,10,29,12,2,1,0,33,1,49,47,49047,6,2003,"2T1LR32EX3C0","2","T","1","L","R","3","2","E","X","3","C","0",0,0,0,"000000000","00000000000",0,0,0,1,0,0,0,0,0,0,0,998,0,0,0,12,6,2,12,0,0,0,1,33,3597,6,1,0,0,3,1,64,230,0,0,0,0,0,0,0,0,0,0,28,0,0,0,1,2,55,1,1,2,1,0,0,1,10,1,1,2,50,"777777777777","777777777777","777777777777",1,0
33,330084,2,2,2,5,9,10,29,12,2,1,0,33,1,12,481,12481,31,2015,"1FTEX1EP8FFC","1","F","T","E","X","1","E","P","8","F","F","C",0,0,0,"000000000","00000000000",0,0,0,1,0,0,0,0,0,0,0,998,0,0,0,12,6,2,12,0,0,0,1,33,3741,6,1,6,0,3,0,69,290,0,0,0,0,0,0,0,0,0,0,0,0,0,0,1,2,55,1,1,2,1,0,0,1,62,16,1,1,51,"777777777777","777777777777","777777777777",0,0
33,330085,1,1,2,5,9,16,18,24,0,1,0,33,1,72,706,72706,80,1990,"1HD4CFM17LY1","1","H","D","4","C","F","M","1","7","L","Y","1",0,0,0,"000000000","00000000000",0,0,0,1,0,0,0,0,0,0,0,998,0,0,0,81,6,2,24,0,0,0,1,33,3820,6,1,0,0,2,2,71,185,0,0,0,0,1,3,2015,3,2015,0,74,0,0,0,1,2,50,1,1,2,1,0,0,1,8,1,1,4,1,"777777777777","777777777777","777777777777",1,0
33,330086,1,1,2,6,9,13,22,30,0,1,0,33,2,55,35,55035,4,2007,"KMHDU46D17U2","K","M","H","D","U","4","6","D","1","7","U","2",0,0,0,"000000000","00000000000",0,0,0,1,0,0,0,0,0,0,0,998,0,0,0,12,6,2,30,0,0,0,1,33,3868,6,1,0,0,3,0,68,225,0,0,0,0,0,0,0,0,0,0,0,0,0,0,1,2,40,1,1,2,1,0,0,1,8,1,1,4,1,"777777777777","777777777777","777777777777",1,0
33,330087,1,1,1,6,9,21,20,17,0,1,0,33,1,48,38,48038,6,2013,"JF1GPAU63D28","J","F","1","G","P","A","U","6","3","D","2","8",0,0,0,"000000000","00000000000",0,0,0,1,0,0,0,0,0,0,0,998,0,1,5,12,6,2,1,0,0,0,1,33,3826,6,1,0,0,3,0,59,160,0,0,0,0,0,0,0,0,0,0,0,0,0,0,1,2,30,1,1,2,1,0,0,1,12,10,1,4,6,"777777777777","777777777777","777777777777",1,1