"STATE","ST_CASE","VEH_NO","VE_FORMS","NUMOCCS","DAY","MONTH","HOUR","MINUTE","HARM_EV","MAN_COLL","UNITTYPE","HIT_RUN","REG_STAT","OWNER","MAKE","MODEL","MAK_MOD","BODY_TYP","MOD_YEAR","VIN","VIN_1","VIN_2","VIN_3","VIN_4","VIN_5","VIN_6","VIN_7","VIN_8","VIN_9","VIN_10","VIN_11","VIN_12","TOW_VEH","J_KNIFE","MCARR_I1","MCARR_I2","MCARR_ID","GVWR","V_CONFIG","CARGO_BT","HAZ_INV","HAZ_PLAC","HAZ_ID","HAZ_CNO","HAZ_REL","BUS_USE","SPEC_USE","EMER_USE","TRAV_SP","UNDERIDE","ROLLOVER","ROLINLOC","IMPACT1","DEFORMED","TOWED","M_HARM","VEH_SC1","VEH_SC2","FIRE_EXP","DR_PRES","L_STATE","DR_ZIP","L_STATUS","L_TYPE","CDL_STAT","L_ENDORS","L_COMPL","L_RESTRI","DR_HGT","DR_WGT","PREV_ACC","PREV_SUS","PREV_DWI","PREV_SPD","PREV_OTH","FIRST_MO","FIRST_YR","LAST_MO","LAST_YR","SPEEDREL","DR_SF1","DR_SF2","DR_SF3","DR_SF4","VTRAFWAY","VNUM_LAN","VSPD_LIM","VALIGN","VPROFILE","VPAVETYP","VSURCOND","VTRAFCON","VTCONT_F","P_CRASH1","P_CRASH2","P_CRASH3","PCRASH4","PCRASH5","ACC_TYPE","TRLR1VIN","TRLR2VIN","TRLR3VIN","DEATHS","DR_DRINK"
33,330128,1,2,2,20,12,16,50,12,2,1,0,33,2,49,47,49047,6,2010,"2T1LE4EE3AC0","2","T","1","L","E","4","E","E","3","A","C","0",0,0,0,"000000000","00000000000",0,0,0,1,0,0,0,0,0,0,0,998,0,0,0,12,6,2,12,0,0,0,1,33,3104,1,1,0,0,2,2,69,220,1,0,0,3,2,11,2014,10,2016,3,36,28,74,0,1,3,40,1,1,2,2,0,0,1,10,1,1,2,50,"777777777777","777777777777","777777777777",0,0
33,330128,2,2,1,20,12,16,50,12,2,1,0,33,2,20,481,20481,31,1997,"1GCEK19R2VE1","1","G","C","E","K","1","9","R","2","V","E","1",0,0,0,"000000000","00000000000",0,0,0,1,0,0,0,0,0,0,0,998,0,0,0,12,6,2,12,0,0,0,1,33,3585,6,1,0,0,3,0,71,165,0,1,0,0,3,3,2014,10,2014,0,0,0,0,0,1,3,40,1,1,2,2,0,0,1,62,1,1,1,51,"777777777777","777777777777","777777777777",1,0
33,330129,1,1,1,27,12,22,50,42,0,1,0,33,1,35,49,35049,6,2013,"JN8AZ1MW9DW3","J","N","8","A","Z","1","M","W","9","D","W","3",0,0,0,"000000000","00000000000",0,0,0,1,0,0,0,0,0,0,0,998,0,0,0,12,6,2,42,0,0,0,1,33,3841,1,1,0,0,2,2,68,195,0,1,1,1,1,12,2015,10,2016,4,36,74,0,0,1,2,35,3,1,2,1,0,0,14,6,8,4,4,7,"777777777777","777777777777","777777777777",1,1
33,330130,1,1,1,28,12,13,10,24,0,1,0,33,1,48,401,48401,14,2014,"JF2SJAHCXEH4","J","F","2","S","J","A","H","C","X","E","H","4",0,0,0,"000000000","00000000000",0,0,0,1,0,0,0,0,0,0,0,998,0,0,0,62,6,2,42,0,0,0,1,33,3303,6,1,0,0,3,1,65,220,0,0,0,0,0,0,0,0,0,0,0,0,0,0,2,2,70,1,1,2,1,0,0,1,8,1,1,4,6,"777777777777","777777777777","777777777777",1,0
34,340001,1,1,1,3,1,4,26,42,0,1,0,10,1,69,54,69054,1,2005,"WMWRF33475TF","W","M","W","R","F","3","3","4","7","5","T","F",0,0,0,"000000000","00000000000",0,0,0,1,0,0,0,0,0,0,0,998,0,0,0,11,6,2,42,0,0,0,1,10,19805,6,1,6,0,3,0,74,275,0,0,0,2,1,8,2011,6,2015,0,0,0,0,0,3,3,65,1,1,2,1,0,0,1,12,99,2,4,6,"777777777777","777777777777","777777777777",1,1
34,340002,1,1,1,2,1,0,33,33,0,1,0,34,2,54,39,54039,4,2007,"JH4CL96857C0","J","H","4","C","L","9","6","8","5","7","C","0",0,0,0,"000000000","00000000000",0,0,0,1,0,0,0,0,0,0,0,998,0,0,0,2,6,2,30,0,0,0,1,34,7723,6,1,0,0,3,0,68,999,0,0,0,0,0,0,0,0,0,5,0,0,0,0,1,2,35,3,1,2,1,0,0,14,13,99,9,4,1,"777777777777","777777777777","777777777777",1,1
34,340003,1,1,3,30,1,3,3,48,0,1,0,34,2,7,20,7020,4,2005,"1B3ES66S95D2","1","B","3","E","S","6","6","S","9","5","D","2",0,0,0,"000000000","00000000000",0,0,0,1,0,0,0,0,0,0,0,998,0,1,1,2,6,2,1,0,0,0,1,34,8879,6,1,0,0,3,0,74,999,0,0,2,0,4,6,2012,4,2013,9,91,28,36,53,1,2,40,3,6,2,1,0,0,14,13,1,9,4,1,"777777777777","777777777777","777777777777",1,1
34,340004,1,2,1,22,1,9,18,12,2,1,0,34,3,55,35,55035,4,2015,"5NPDH4AE7FH6","5","N","P","D","H","4","A","E","7","F","H","6",0,0,0,"000000000","00000000000",0,0,0,1,0,0,0,0,0,0,0,998,0,0,0,12,6,2,12,0,0,0,1,34,8759,6,1,0,0,3,3,68,999,1,0,0,1,0,9,2014,12,2014,0,28,0,0,0,1,2,50,1,1,2,1,0,0,1,10,99,1,2,50,"777777777777","777777777777","777777777777",1,0
34,340004,2,2,1,22,1,9,18,12,2,1,0,34,1,55,401,55401,14,2011,"5XYZG3AB5BG0","5","X","Y","Z","G","3","A","B","5","B","G","0",0,0,0,"000000000","00000000000",0,0,0,1,0,0,0,0,0,0,0,998,0,0,0,12,6,2,12,0,0,0,1,34,8759,6,1,0,0,3,0,70,999,0,0,0,0,0,0,0,0,0,0,0,0,0,0,1,2,50,1,1,2,1,0,0,1,62,6,1,1,51,"777777777777","777777777777","777777777777",0,0
34,340005,1,1,1,22,1,15,6,24,0,1,0,42,2,42,421,42421,15,2008,"4JGBF22E78A3","4","J","G","B","F","2","2","E","7","8","A","3",0,0,0,"000000000","00000000000",0,0,0,1,0,0,0,0,0,0,0,998,0,2,6,1,6,2,24,0,0,0,1,42,18428,6,1,0,0,3,3,65,170,0,0,0,0,0,0,0,0,0,0,0,0,0,0,1,2,35,3,1,2,1,0,0,14,13,1,1,4,1,"777777777777","777777777777","777777777777",1,0
34,340006,1,2,3,1,1,5,13,12,6,1,0,34,1,35,443,35443,20,2009,"5N1BV28U79N1","5","N","1","B","V","2","8","U","7","9","N","1",0,0,0,"000000000","00000000000",0,0,0,1,0,0,0,0,0,0,0,998,0,0,0,12,6,2,12,0,0,0,1,34,8902,6,1,0,0,3,0,71,999,2,0,0,0,5,2,2012,11,2015,0,38,39,0,0,1,2,55,1,1,2,1,3,3,1,17,99,1,1,86,"777777777777","777777777777","777777777777",0,0
34,340006,2,2,5,1,1,5,13,12,6,1,0,34,2,35,43,35043,4,2005,"3N1CB51D85L5","3","N","1","C","B","5","1","D","8","5","L","5",0,0,0,"000000000","00000000000",0,0,0,1,0,0,0,0,0,0,0,998,0,0,0,3,6,2,12,0,0,0,1,34,8753,6,1,0,0,3,0,66,999,0,0,0,1,2,5,2012,9,2015,0,0,0,0,0,1,2,55,1,1,2,1,3,3,1,66,99,1,1,87,"777777777777","777777777777","777777777777",1,0
34,340007,1,1,1,2,1,20,30,8,0,1,0,34,1,30,46,30046,4,2012,"1VWBP7A37CC0","1","V","W","B","P","7","A","3","7","C","C","0",0,0,0,"000000000","00000000000",0,0,0,1,0,0,0,0,0,0,0,998,0,0,0,12,6,2,8,0,0,0,1,34,7017,6,1,0,0,3,0,73,999,0,0,0,0,2,3,2012,7,2015,5,36,0,0,0,1,4,25,1,1,2,1,0,0,1,80,1,1,1,13,"777777777777","777777777777","777777777777",0,0
34,340008,1,1,2,20,1,7,19,42,0,1,0,34,2,49,32,49032,4,1994,"2T1AE09B4RC0","2","T","1","A","E","0","9","B","4","R","C","0",0,0,0,"000000000","00000000000",0,0,0,1,0,0,0,0,0,0,0,998,0,0,0,2,6,2,42,0,0,0,1,34,8360,6,2,0,0,3,0,62,999,0,0,0,1,2,7,2015,12,2015,0,0,0,0,0,2,2,65,1,1,2,1,0,0,1,9,99,4,4,7,"777777777777","777777777777","777777777777",1,0
34,340009,1,2,1,29,1,18,1,12,2,1,0,34,1,12,23,12023,4,2014,"1FA6P0HD2E53","1","F","A","6","P","0","H","D","2","E","5","3",0,0,0,"000000000","00000000000",0,0,0,1,0,0,0,0,0,0,0,998,0,0,0,12,8,2,12,0,0,0,1,34,7461,6,1,0,0,3,0,72,999,0,0,0,0,1,9,2014,9,2014,0,36,28,0,0,1,2,40,1,2,2,1,0,0,1,10,1,1,2,50,"777777777777","777777777777","777777777777",0,1
34,340009,2,2,1,29,1,18,1,12,2,1,0,12,1,12,13,12013,2,2002,"3FAFP113X2R1","3","F","A","F","P","1","1","3","X","2","R","1",0,0,0,"000000000","00000000000",0,0,0,1,0,0,0,0,0,0,0,998,0,0,0,12,8,2,12,0,0,0,1,36,10925,6,1,0,0,3,0,67,999,0,0,0,0,0,0,0,0,0,0,0,0,0,0,1,2,40,1,2,2,1,0,0,1,62,1,1,1,51,"777777777777","777777777777","777777777777",1,0
34,340010,1,1,1,6,1,1,18,8,0,1,1,99,9,99,999,99999,99,9999,"999999999999","9","9","9","9","9","9","9","9","9","9","9","9",0,0,0,"000000000","00000000000",0,0,0,1,0,0,0,0,0,0,0,998,0,0,0,99,9,5,8,0,0,0,1,99,99999,9,9,99,9,9,9,999,999,99,99,99,99,99,99,9999,99,9999,9,99,99,99,99,1,2,50,1,1,2,1,0,0,99,99,99,9,4,13,"777777777777","777777777777","777777777777",0,0
34,340011,1,1,3,12,1,20,43,8,0,1,0,34,2,12,401,12401,14,2004,"1FMZU73E94ZB","1","F","M","Z","U","7","3","E","9","4","Z","B",0,0,0,"000000000","00000000000",0,0,0,1,0,0,0,0,0,0,0,998,0,0,0,12,8,3,8,0,0,0,1,34,8232,6,1,0,0,3,3,69,999,0,0,0,0,1,10,2013,10,2013,0,0,0,0,0,2,2,50,1,1,2,1,0,0,1,80,7,1,1,13,"777777777777","777777777777","777777777777",0,0
34,340012,1,2,1,8,1,21,38,12,6,1,0,34,2,12,37,12037,3,2002,"3FAFP31362R1","3","F","A","F","P","3","1","3","6","2","R","1",0,0,0,"000000000","00000000000",0,0,0,1,0,0,0,0,0,0,0,998,0,0,0,2,6,2,12,0,0,0,1,34,8094,6,2,0,0,3,3,62,999,0,0,0,0,1,5,2014,5,2014,0,38,0,0,0,2,2,50,1,1,2,1,0,0,11,15,1,1,1,68,"777777777777","777777777777","777777777777",0,0
34,340012,2,2,1,8,1,21,38,12,6,1,0,34,2,72,706,72706,80,1993,"1HD1BLL18PY0","1","H","D","1","B","L","L","1","8","P","Y","0",0,0,0,"000000000","00000000000",0,0,0,1,0,0,0,0,0,0,0,998,0,0,0,12,6,2,12,0,0,0,1,34,8083,6,1,0,0,3,0,76,999,0,0,0,0,2,11,2011,5,2012,0,84,0,0,0,2,2,50,1,1,2,1,0,0,1,62,9,2,2,69,"777777777777","777777777777","777777777777",1,0
34,340013,1,1,1,17,1,4,50,38,0,1,0,34,5,63,421,63421,15,2009,"KNDJJ7423950","K","N","D","J","J","7","4","2","3","9","5","0",0,0,0,"000000000","00000000000",0,0,0,1,0,0,0,0,0,0,0,998,0,9,6,12,6,2,1,0,0,0,1,34,8085,1,1,0,0,2,0,68,999,0,2,0,0,2,6,2015,9,2015,5,0,0,0,0,1,2,50,2,1,2,1,0,0,14,12,1,1,4,6,"777777777777","777777777777","777777777777",1,0
34,340014,1,1,2,16,1,3,4,33,0,1,0,34,0,54,31,54031,3,1996,"JH4DC4357TS0","J","H","4","D","C","4","3","5","7","T","S","0",0,0,0,"000000000","00000000000",0,0,0,1,0,0,0,0,0,0,0,998,0,0,0,11,8,2,24,0,0,0,1,34,7666,6,1,0,0,3,0,72,999,1,0,0,0,3,4,2012,3,2015,5,0,0,0,0,3,3,50,1,1,2,2,0,0,1,9,1,3,4,2,"777777777777","777777777777","777777777777",1,0
34,340015,1,2,1,21,1,6,45,12,2,1,0,34,3,12,461,12461,21,2011,"1FTNE2EW3BDA","1","F","T","N","E","2","E","W","3","B","D","A",0,0,0,"000000000","00000000000",0,0,0,1,0,0,0,0,0,0,0,998,0,0,0,12,6,2,12,0,0,0,1,34,8050,6,1,0,0,3,0,69,999,2,0,0,0,1,7,2013,10,2014,0,38,0,0,0,1,2,55,2,1,2,1,0,0,11,10,99,1,2,68,"777777777777","777777777777","777777777777",1,0
34,340015,2,2,1,21,1,6,45,12,2,1,0,34,3,87,881,87881,63,2013,"1NPSXPEX8DD1","1","N","P","S","X","P","E","X","8","D","D","1",0,0,57,"1381306","571381306",3,2,4,1,0,0,0,0,0,0,0,998,0,1,1,12,6,2,12,0,0,0,1,34,8757,6,1,6,1,3,3,72,999,1,0,0,0,1,1,2013,4,2015,0,0,0,0,0,1,2,55,3,1,2,1,0,0,14,67,16,1,1,69,"777777777777","777777777777","777777777777",0,0
34,340016,1,2,4,21,1,13,43,12,1,1,0,34,3,20,461,20461,29,2013,"1GAZGZFG3D11","1","G","A","Z","G","Z","F","G","3","D","1","1",0,0,0,"000000000","00000000000",0,0,0,1,0,0,0,0,0,0,0,998,0,0,0,12,6,2,12,0,0,0,1,34,8015,6,1,0,0,3,0,73,999,1,0,0,0,0,1,2015,1,2015,0,38,0,0,0,2,2,55,1,1,2,1,0,0,1,51,99,1,1,24,"777777777777","777777777777","777777777777",1,0
34,340016,2,2,2,21,1,13,43,12,1,1,0,34,3,7,881,7881,61,2015,"3C7WRMDL5FG7","3","C","7","W","R","M","D","L","5","F","G","7",0,0,57,"779459","57779459",2,1,1,1,0,0,0,0,0,0,0,998,0,0,0,6,8,2,12,0,0,0,1,34,8320,6,1,0,0,3,0,78,999,0,0,0,0,3,4,2014,1,2016,0,0,0,0,0,2,2,55,1,1,2,1,0,0,1,53,99,1,1,25,"777777777777","777777777777","777777777777",0,0
34,340017,1,2,2,26,2,6,19,12,2,1,0,34,1,24,401,24401,14,2004,"5GZCZ63444S8","5","G","Z","C","Z","6","3","4","4","4","S","8",0,0,0,"000000000","00000000000",0,0,0,1,0,0,0,0,0,0,0,998,0,0,0,12,8,2,12,0,0,0,1,34,7860,6,1,0,0,3,0,70,999,0,0,0,0,0,0,0,0,0,0,0,0,0,0,1,2,45,1,1,2,4,0,0,1,62,1,1,1,51,"777777777777","777777777777","777777777777",0,0
34,340017,2,2,2,26,2,6,19,12,2,1,0,34,2,35,43,35043,4,2007,"3N1AB61E17L7","3","N","1","A","B","6","1","E","1","7","L","7",0,0,0,"000000000","00000000000",0,0,0,1,0,0,0,0,0,0,0,998,0,0,0,12,8,2,12,0,0,0,1,34,7060,6,2,0,0,3,0,61,999,0,0,0,0,0,0,0,0,0,0,79,0,0,0,1,2,45,1,1,2,4,0,0,1,5,1,2,2,50,"777777777777","777777777777","777777777777",1,0
34,340018,1,2,1,25,1,8,14,12,6,1,0,34,2,22,441,22441,20,2001,"1GMDX03E11D2","1","G","M","D","X","0","3","E","1","1","D","2",0,0,0,"000000000","00000000000",0,0,0,1,0,0,0,0,0,0,0,998,0,0,0,10,6,2,12,0,0,0,1,34,8079,6,1,0,0,3,3,73,999,0,0,0,0,0,0,0,0,0,0,38,0,0,0,0,0,0,0,0,0,0,0,0,10,16,1,1,1,78,"777777777777","777777777777","777777777777",1,0
34,340018,2,2,1,25,1,8,14,12,6,1,0,34,1,23,461,23461,21,2000,"1GTHG39J3Y11","1","G","T","H","G","3","9","J","3","Y","1","1",0,0,0,"000000000","00000000000",0,0,0,1,0,0,0,0,0,0,0,998,0,0,0,12,8,5,12,0,0,0,1,34,8079,6,1,0,0,3,3,74,999,0,0,0,0,0,0,0,0,0,0,0,0,0,0,1,2,35,1,1,2,2,0,0,1,65,99,1,1,79,"777777777777","777777777777","777777777777",0,0
34,340019,1,1,1,26,2,5,0,8,0,1,0,3,3,23,881,23881,64,2004,"J8DE5B149479","J","8","D","E","5","B","1","4","9","4","7","9",0,0,77,"777777777","77777777777",2,1,1,1,0,0,0,0,0,0,0,998,0,0,0,6,8,2,8,0,0,0,1,34,7070,6,1,0,0,3,0,71,999,3,0,0,0,9,7,2011,10,2015,0,6,36,0,0,1,2,50,1,2,2,1,0,0,98,98,1,1,1,13,"777777777777","777777777777","777777777777",0,0
34,340020,1,1,1,13,2,18,31,8,0,1,0,34,1,37,32,37032,4,1999,"1HGCG1648XA0","1","H","G","C","G","1","6","4","8","X","A","0",0,0,0,"000000000","00000000000",0,0,0,1,0,0,0,0,0,0,0,998,0,0,0,12,8,2,8,0,0,0,1,34,7719,6,1,0,0,3,0,72,999,1,0,0,4,2,9,2011,5,2015,0,0,0,0,0,2,3,30,1,1,2,1,0,0,1,80,1,1,1,13,"777777777777","777777777777","777777777777",0,0
34,340021,1,1,1,24,2,19,58,8,0,1,0,34,3,12,481,12481,31,2015,"1FDUF5GT6FEB","1","F","D","U","F","5","G","T","6","F","E","B",0,0,0,"000000000","00000000000",0,0,0,1,0,0,0,0,0,13,0,998,0,0,0,11,8,2,8,0,0,0,1,34,8829,6,1,6,9,8,0,70,999,1,0,0,0,0,5,2015,5,2015,0,0,0,0,0,1,2,40,1,1,2,2,0,0,1,80,1,1,1,13,"777777777777","777777777777","777777777777",0,0
34,340022,1,1,2,15,3,21,13,8,0,1,0,34,2,18,7,18007,4,1998,"2G4WY52M7W15","2","G","4","W","Y","5","2","M","7","W","1","5",0,0,0,"000000000","00000000000",0,0,0,1,0,0,0,0,0,0,0,998,0,0,0,12,6,2,8,0,0,0,1,34,8210,6,2,0,0,3,3,69,999,0,0,0,0,1,8,2015,8,2015,0,0,0,0,0,1,2,35,1,1,2,1,0,0,1,80,99,1,1,13,"777777777777","777777777777","777777777777",0,0
34,340023,1,1,1,2,1,18,9,8,0,1,0,34,1,20,37,20037,4,2001,"1G1NE52J4161","1","G","1","N","E","5","2","J","4","1","6","1",0,0,0,"000000000","00000000000",0,0,0,1,0,0,0,0,0,0,0,998,0,0,0,12,4,3,8,0,0,0,1,34,7747,6,1,0,0,3,0,64,999,0,0,0,0,0,0,0,0,0,0,0,0,0,0,3,2,50,1,1,2,1,3,3,1,80,99,1,1,13,"777777777777","777777777777","777777777777",0,0
34,340024,1,1,1,20,1,6,41,8,0,1,0,34,1,7,472,7472,31,1997,"1B7FL26XXVS1","1","B","7","F","L","2","6","X","X","V","S","1",0,0,0,"000000000","00000000000",0,0,0,1,0,0,0,0,0,0,0,998,0,0,0,12,8,5,8,0,0,0,1,34,7055,6,1,0,0,3,3,65,999,0,0,0,1,1,3,2012,3,2012,0,0,0,0,0,1,2,25,1,1,2,1,0,0,1,80,1,1,1,13,"777777777777","777777777777","777777777777",0,0
34,340025,1,2,1,15,3,12,23,12,2,1,0,34,3,12,402,12402,14,2011,"1FMCU9DG3BKC","1","F","M","C","U","9","D","G","3","B","K","C",0,0,0,"000000000","00000000000",0,0,0,1,0,0,0,0,0,0,0,998,0,0,0,12,8,2,12,0,0,0,1,34,7731,6,1,0,0,3,3,70,999,0,0,0,0,0,0,0,0,0,5,50,0,0,0,3,3,55,1,1,2,1,0,0,1,12,99,1,4,50,"777777777777","777777777777","777777777777",1,0
34,340025,2,2,4,15,3,12,23,12,2,1,0,34,2,37,32,37032,4,2005,"1HGCM66365A0","1","H","G","C","M","6","6","3","6","5","A","0",0,0,0,"000000000","00000000000",0,0,0,1,0,0,0,0,0,0,0,998,0,0,0,12,8,2,12,0,0,0,1,34,7728,6,1,0,0,3,3,60,999,2,0,0,0,2,5,2012,7,2014,0,0,0,0,0,3,3,55,1,1,2,1,0,0,1,62,99,1,1,51,"777777777777","777777777777","777777777777",2,0
34,340026,1,1,1,2,3,6,51,30,0,1,0,34,2,49,32,49032,4,2002,"1NXBR12E42Z6","1","N","X","B","R","1","2","E","4","2","Z","6",0,0,0,"000000000","00000000000",0,0,0,1,0,0,0,0,0,0,0,998,0,0,0,3,8,2,30,0,0,0,1,34,8043,6,1,0,0,3,3,68,999,0,0,0,0,0,0,0,0,0,0,0,0,0,0,1,2,50,3,1,2,2,0,0,14,9,1,4,4,7,"777777777777","777777777777","777777777777",1,0
34,340027,1,2,1,26,3,11,17,12,6,1,0,34,2,30,46,30046,4,2005,"WVWAD63B45P0","W","V","W","A","D","6","3","B","4","5","P","0",0,0,0,"000000000","00000000000",0,0,0,1,0,0,0,0,0,0,0,0,0,0,0,11,8,5,12,0,0,0,1,34,8030,6,1,0,0,3,0,61,999,0,0,0,0,0,0,0,0,0,0,6,0,0,0,1,3,40,1,1,2,1,0,0,11,62,1,1,1,68,"777777777777","777777777777","777777777777",0,0
34,340027,2,2,1,26,3,11,17,12,6,1,0,34,1,72,706,72706,80,2013,"1HD1MAM10DB8","1","H","D","1","M","A","M","1","0","D","B","8",0,0,0,"000000000","00000000000",0,0,0,1,0,0,0,0,0,0,0,998,0,1,1,8,8,2,12,30,0,0,1,34,8078,6,1,0,0,3,3,70,999,0,0,0,0,0,0,0,0,0,0,0,0,0,0,1,3,40,1,1,2,1,0,0,1,8,8,1,1,69,"777777777777","777777777777","777777777777",1,0
34,340028,1,1,1,28,3,11,39,30,0,1,0,36,2,18,3,18003,4,1998,"1G4CU5210W46","1","G","4","C","U","5","2","1","0","W","4","6",0,0,0,"000000000","00000000000",0,0,0,1,0,0,0,0,0,0,0,998,0,0,0,1,6,2,42,0,0,0,1,36,12729,6,1,6,0,3,3,70,350,0,0,0,0,0,0,0,0,0,0,6,0,0,0,1,2,45,2,1,2,2,0,0,14,13,99,1,4,1,"777777777777","777777777777","777777777777",1,0
34,340029,1,1,1,22,3,21,0,34,0,1,0,34,2,34,34,34034,2,1995,"WBABF4326SEK","W","B","A","B","F","4","3","2","6","S","E","K",0,0,0,"000000000","00000000000",0,0,0,1,0,0,0,0,0,0,0,998,0,0,0,12,8,2,42,0,0,0,1,34,7461,6,2,0,0,3,0,81,999,0,0,0,0,0,0,0,0,0,0,0,0,0,0,1,2,0,3,2,2,1,0,0,14,13,99,1,4,1,"777777777777","777777777777","777777777777",1,0
34,340030,1,1,3,3,3,16,54,35,0,1,0,34,2,49,33,49033,3,2001,"JTDDY38T3100","J","T","D","D","Y","3","8","T","3","1","0","0",0,0,0,"000000000","00000000000",0,0,0,1,0,0,0,0,0,0,0,998,0,0,0,99,6,2,42,0,0,0,1,98,7002,0,0,0,0,0,0,60,100,0,0,0,0,0,0,0,0,0,0,6,0,0,0,3,4,65,1,1,2,1,0,0,15,12,99,4,4,6,"777777777777","777777777777","777777777777",3,1
34,340031,1,1,1,22,3,13,56,19,0,1,0,34,1,49,48,49048,5,2005,"JTKKT6042501","J","T","K","K","T","6","0","4","2","5","0","1",0,0,0,"000000000","00000000000",0,0,0,1,0,0,0,0,0,0,0,998,0,0,0,12,6,2,19,0,0,0,1,34,7470,6,1,0,0,3,0,70,999,0,0,0,0,0,0,0,0,0,0,0,0,0,0,1,2,25,2,1,2,1,0,0,14,10,1,1,4,6,"777777777777","777777777777","777777777777",1,0
34,340032,1,1,1,22,3,6,54,42,0,1,0,34,3,12,481,12481,31,2009,"1FDWX30579EA","1","F","D","W","X","3","0","5","7","9","E","A",0,0,0,"000000000","00000000000",0,0,0,1,0,0,0,0,0,0,0,998,0,0,0,1,6,2,42,0,0,0,1,34,8210,6,1,6,0,3,0,67,999,2,0,0,1,5,7,2012,1,2016,5,0,0,0,0,3,2,65,4,1,2,1,0,0,14,12,7,1,4,6,"777777777777","777777777777","777777777777",1,1
34,340033,1,2,1,17,3,16,31,12,2,1,0,34,1,59,402,59402,14,2006,"JTJBT20XX601","J","T","J","B","T","2","0","X","X","6","0","1",0,0,0,"000000000","00000000000",0,0,0,1,0,0,0,0,0,0,0,998,0,0,0,12,6,2,12,0,0,0,1,34,8759,6,1,0,0,3,0,71,999,0,0,0,0,0,0,0,0,0,0,0,0,0,0,1,2,40,1,1,2,2,0,0,1,10,99,1,2,50,"777777777777","777777777777","777777777777",0,1
34,340033,2,2,1,17,3,16,31,12,2,1,0,34,3,12,402,12402,14,2016,"1FMCU0F70GUA","1","F","M","C","U","0","F","7","0","G","U","A",0,0,0,"000000000","00000000000",0,0,0,1,0,0,0,0,0,0,0,998,0,0,0,12,6,2,12,0,0,0,1,34,8759,6,1,0,0,3,3,74,999,0,0,0,0,0,0,0,0,0,0,0,0,0,0,1,2,40,1,1,2,2,0,0,1,62,99,1,1,51,"777777777777","777777777777","777777777777",1,0
34,340034,1,1,1,14,3,22,24,8,0,1,0,4,1,20,481,20481,31,2001,"1GCEK19T01E1","1","G","C","E","K","1","9","T","0","1","E","1",0,0,0,"000000000","00000000000",0,0,0,1,0,0,0,0,0,0,0,998,0,0,0,12,2,5,8,0,0,0,1,34,7728,6,1,0,0,3,0,68,999,0,0,0,0,0,0,0,0,0,0,0,0,0,0,1,2,35,1,1,2,2,0,0,1,80,99,1,9,13,"777777777777","777777777777","777777777777",0,0
34,340035,1,1,1,22,3,8,38,45,0,1,0,34,1,48,401,48401,14,2011,"JF2SHABC0BH7","J","F","2","S","H","A","B","C","0","B","H","7",0,0,0,"000000000","00000000000",0,0,0,1,0,0,0,0,0,0,0,998,0,0,0,12,8,2,45,0,0,0,1,34,8008,6,1,0,0,3,0,70,999,0,0,0,1,0,4,2012,4,2012,0,6,0,0,0,1,2,45,1,1,2,1,0,0,1,50,99,1,1,98,"777777777777","777777777777","777777777777",0,0
34,340036,1,1,3,10,1,22,44,8,0,1,0,34,1,41,50,41050,4,2010,"1YVHZ8CH7A5M","1","Y","V","H","Z","8","C","H","7","A","5","M",0,0,0,"000000000","00000000000",0,0,0,1,0,0,0,0,0,0,0,998,0,0,0,12,8,2,8,0,0,0,1,34,8723,6,1,0,0,3,0,70,999,1,0,0,0,0,3,2013,3,2013,0,0,0,0,0,3,2,55,1,1,2,1,0,0,1,80,1,1,1,13,"777777777777","777777777777","777777777777",0,0
34,340037,1,1,1,9,1,13,49,42,0,1,0,42,1,20,37,20037,4,2014,"1G11E5SL0EF1","1","G","1","1","E","5","S","L","0","E","F","1",0,0,0,"000000000","00000000000",0,0,0,1,0,0,0,0,0,0,0,998,0,0,0,61,6,2,42,0,0,0,1,42,19438,6,1,0,0,3,0,999,999,0,0,0,0,0,0,0,0,0,9,99,99,99,99,1,2,50,3,1,2,1,0,0,14,13,1,1,4,1,"777777777777","777777777777","777777777777",1,0
34,340038,1,1,1,15,3,6,11,42,0,1,0,34,1,48,401,48401,14,2009,"JF2SH63699H7","J","F","2","S","H","6","3","6","9","9","H","7",0,0,0,"000000000","00000000000",0,0,0,1,0,0,0,0,0,0,0,998,0,0,0,81,6,2,42,0,0,0,1,34,8094,6,1,0,0,3,3,59,999,0,0,0,0,0,0,0,0,0,0,0,0,0,0,3,2,65,4,1,2,2,0,0,14,13,99,1,4,1,"777777777777","777777777777","777777777777",1,0
34,340039,1,1,1,7,3,20,26,8,0,1,0,34,1,55,33,55033,4,2013,"5NPEB4AC4DH5","5","N","P","E","B","4","A","C","4","D","H","5",0,0,0,"000000000","00000000000",0,0,0,1,0,0,0,0,0,0,0,998,0,0,0,12,8,2,8,0,0,0,1,34,7733,6,1,0,0,3,0,67,999,0,0,0,0,1,10,2011,10,2011,0,99,99,99,99,3,3,65,4,2,2,1,0,0,14,80,99,1,1,13,"777777777777","777777777777","777777777777",0,0