"STATE","ST_CASE","VEH_NO","VE_FORMS","NUMOCCS","DAY","MONTH","HOUR","MINUTE","HARM_EV","MAN_COLL","UNITTYPE","HIT_RUN","REG_STAT","OWNER","MAKE","MODEL","MAK_MOD","BODY_TYP","MOD_YEAR","VIN","VIN_1","VIN_2","VIN_3","VIN_4","VIN_5","VIN_6","VIN_7","VIN_8","VIN_9","VIN_10","VIN_11","VIN_12","TOW_VEH","J_KNIFE","MCARR_I1","MCARR_I2","MCARR_ID","GVWR","V_CONFIG","CARGO_BT","HAZ_INV","HAZ_PLAC","HAZ_ID","HAZ_CNO","HAZ_REL","BUS_USE","SPEC_USE","EMER_USE","TRAV_SP","UNDERIDE","ROLLOVER","ROLINLOC","IMPACT1","DEFORMED","TOWED","M_HARM","VEH_SC1","VEH_SC2","FIRE_EXP","DR_PRES","L_STATE","DR_ZIP","L_STATUS","L_TYPE","CDL_STAT","L_ENDORS","L_COMPL","L_RESTRI","DR_HGT","DR_WGT","PREV_ACC","PREV_SUS","PREV_DWI","PREV_SPD","PREV_OTH","FIRST_MO","FIRST_YR","LAST_MO","LAST_YR","SPEEDREL","DR_SF1","DR_SF2","DR_SF3","DR_SF4","VTRAFWAY","VNUM_LAN","VSPD_LIM","VALIGN","VPROFILE","VPAVETYP","VSURCOND","VTRAFCON","VTCONT_F","P_CRASH1","P_CRASH2","P_CRASH3","PCRASH4","PCRASH5","ACC_TYPE","TRLR1VIN","TRLR2VIN","TRLR3VIN","DEATHS","DR_DRINK"
34,340040,1,1,2,2,3,16,18,8,0,1,0,34,3,20,461,20461,21,2009,"1GBJG31K6911","1","G","B","J","G","3","1","K","6","9","1","1",0,0,0,"000000000","00000000000",0,0,0,1,0,0,0,0,1,2,0,998,0,0,0,12,8,5,8,0,0,0,1,34,7063,6,1,6,1,3,3,70,999,1,0,0,0,0,9,2014,9,2014,0,6,0,0,0,1,4,35,1,1,2,1,3,3,11,80,1,1,1,13,"777777777777","777777777777","777777777777",0,0
34,340041,1,1,2,26,3,2,29,42,0,1,0,34,2,7,39,7039,3,1992,"JB3XE74C9NY0","J","B","3","X","E","7","4","C","9","N","Y","0",0,0,0,"000000000","00000000000",0,0,0,1,0,0,0,0,0,0,0,998,0,0,0,3,6,2,42,0,0,0,1,34,7727,6,1,0,0,3,3,67,999,1,0,0,0,4,9,2011,5,2015,5,28,0,0,0,1,2,45,2,1,2,1,0,0,14,9,99,4,4,7,"777777777777","777777777777","777777777777",2,1
34,340042,1,1,2,25,3,15,5,42,0,1,0,24,1,55,401,55401,14,2013,"5XYZW3LA3DG0","5","X","Y","Z","W","3","L","A","3","D","G","0",0,0,0,"000000000","00000000000",0,0,0,1,0,0,0,0,0,0,0,998,0,2,1,12,6,2,1,0,0,0,1,24,21921,6,1,0,0,3,0,70,175,0,0,0,0,0,0,0,0,0,0,0,0,0,0,1,2,50,1,1,2,1,0,0,1,13,99,1,4,1,"777777777777","777777777777","777777777777",1,0
34,340043,1,2,1,21,3,1,50,12,1,1,0,34,1,32,48,32048,5,2015,"WAUBFGFF8F10","W","A","U","B","F","G","F","F","8","F","1","0",0,0,0,"000000000","00000000000",0,0,0,1,0,0,0,0,0,0,0,998,0,0,0,12,6,2,12,0,0,0,1,34,8243,6,1,0,0,3,0,72,999,0,0,0,0,0,0,0,0,0,0,0,0,0,0,3,2,65,1,1,2,2,0,0,1,51,1,1,1,24,"777777777777","777777777777","777777777777",1,1
34,340043,2,2,1,21,3,1,50,12,1,1,0,34,3,87,881,87881,63,2006,"1NP5LU0X56D8","1","N","P","5","L","U","0","X","5","6","D","8",0,0,57,"2359150","572359150",3,2,97,1,0,0,0,0,0,0,0,998,0,0,0,6,6,2,12,0,0,0,1,42,19120,6,1,6,3,8,0,68,999,0,0,0,0,0,0,0,0,0,0,0,0,0,0,3,2,65,1,1,2,3,0,0,1,53,1,1,1,26,"777777777777","777777777777","777777777777",0,0
34,340044,1,2,1,1,3,14,0,12,8,1,0,34,2,12,422,12422,15,1999,"1FMPU18L7XLA","1","F","M","P","U","1","8","L","7","X","L","A",0,0,0,"000000000","00000000000",0,0,0,1,0,0,0,0,0,0,0,998,0,0,0,11,6,2,12,0,0,0,1,42,19126,6,1,0,0,3,0,69,999,0,0,0,0,0,0,0,0,0,0,28,0,0,0,1,2,45,1,1,2,1,0,0,1,10,1,1,2,64,"777777777777","777777777777","777777777777",1,0
34,340044,2,2,1,1,3,14,0,12,8,1,0,34,3,12,481,12481,40,1995,"1FDLF47F1SEA","1","F","D","L","F","4","7","F","1","S","E","A",1,1,0,"000000000","00000000000",0,0,0,1,0,0,0,0,0,0,0,998,0,0,0,9,6,2,12,0,0,0,1,34,8234,6,1,6,0,3,0,72,999,1,0,0,0,1,7,2014,10,2014,0,0,0,0,0,1,2,45,1,1,2,1,0,0,1,62,7,1,1,65,"HMDCP2003164","777777777777","777777777777",0,0
34,340045,1,3,1,15,4,7,9,12,1,1,0,34,2,37,31,37031,2,2013,"2HGFG4A53DH7","2","H","G","F","G","4","A","5","3","D","H","7",0,0,0,"000000000","00000000000",0,0,0,1,0,0,0,0,0,0,0,998,0,0,0,6,6,2,12,0,0,0,1,34,8055,6,1,0,0,3,3,71,999,0,0,0,0,0,0,0,0,0,0,0,0,0,0,1,2,55,1,1,2,1,0,0,2,53,1,1,1,29,"777777777777","777777777777","777777777777",0,0
34,340045,2,3,1,15,4,7,9,12,1,1,0,34,1,37,31,37031,2,1998,"1HGEJ8148WL0","1","H","G","E","J","8","1","4","8","W","L","0",0,0,0,"000000000","00000000000",0,0,0,1,0,0,0,0,0,0,0,998,0,0,0,12,6,2,12,0,0,0,1,34,8015,6,1,0,0,3,0,71,999,1,4,0,1,5,5,2012,2,2016,0,0,0,0,0,1,2,55,1,1,2,1,0,0,1,52,1,1,1,28,"777777777777","777777777777","777777777777",1,0
34,340045,3,3,2,15,4,7,9,12,1,1,0,34,1,49,40,49040,4,2009,"4T1BE46K29U8","4","T","1","B","E","4","6","K","2","9","U","8",0,0,0,"000000000","00000000000",0,0,0,1,0,0,0,0,0,0,0,998,0,0,0,12,6,2,12,0,0,0,1,34,8759,6,1,0,0,3,3,70,999,0,0,0,0,0,0,0,0,0,0,0,0,0,0,1,2,55,1,1,2,1,0,0,1,62,1,1,1,98,"777777777777","777777777777","777777777777",0,0
34,340046,1,2,1,16,4,12,56,12,6,1,0,34,1,72,706,72706,80,2000,"1HD4CJM17YK1","1","H","D","4","C","J","M","1","7","Y","K","1",0,0,0,"000000000","00000000000",0,0,0,1,0,0,0,0,0,0,0,998,0,0,0,12,8,2,12,0,0,0,1,34,7076,6,1,0,0,3,0,68,999,0,0,0,0,2,4,2013,6,2015,0,0,0,0,0,1,4,35,1,2,2,1,3,3,1,62,99,1,1,69,"777777777777","777777777777","777777777777",1,0
34,340046,2,2,2,16,4,12,56,12,6,1,0,34,1,37,32,37032,4,2008,"1HGCP26898A0","1","H","G","C","P","2","6","8","9","8","A","0",0,0,0,"000000000","00000000000",0,0,0,1,0,0,0,0,0,0,0,998,0,0,0,3,6,2,12,0,0,0,1,34,8817,6,1,0,0,3,0,62,999,0,0,0,1,1,8,2013,12,2015,0,6,38,0,0,1,4,35,1,2,2,1,3,3,11,15,1,1,1,68,"777777777777","777777777777","777777777777",0,0
34,340047,1,1,1,19,4,6,12,8,0,1,1,34,2,35,47,35047,4,2015,"1N4AL3AP3FC4","1","N","4","A","L","3","A","P","3","F","C","4",0,0,0,"000000000","00000000000",0,0,0,1,0,0,0,0,0,0,0,998,0,0,0,99,8,2,8,0,0,0,1,34,8691,6,2,0,0,3,3,62,999,0,0,0,0,0,0,0,0,0,0,52,86,0,0,1,2,45,1,1,2,1,0,0,1,80,99,1,1,13,"777777777777","777777777777","777777777777",0,0
34,340048,1,3,1,7,1,15,4,12,7,1,0,34,1,55,35,55035,4,2005,"KMHDN46D95U0","K","M","H","D","N","4","6","D","9","5","U","0",0,0,0,"000000000","00000000000",0,0,0,1,0,0,0,0,0,0,0,998,0,0,0,9,6,2,12,0,0,0,1,34,8054,6,1,0,0,3,0,65,999,1,0,0,0,0,2,2014,2,2014,0,6,39,0,0,1,4,40,1,2,2,1,3,3,1,10,1,1,2,45,"777777777777","777777777777","777777777777",0,0
34,340048,2,3,2,7,1,15,4,12,7,1,0,34,1,55,33,55033,4,2012,"5NPEB4AC8CH4","5","N","P","E","B","4","A","C","8","C","H","4",0,0,0,"000000000","00000000000",0,0,0,1,0,0,0,0,0,0,0,0,0,0,0,3,8,5,12,0,0,0,1,34,8088,6,1,0,0,3,0,63,999,0,0,0,1,1,1,2013,5,2014,0,0,0,0,0,1,4,40,1,2,2,1,3,3,5,61,1,1,1,44,"777777777777","777777777777","777777777777",0,0
34,340048,3,3,1,7,1,15,4,12,7,1,0,34,1,18,2,18002,4,1990,"1G4HP54C3LH4","1","G","4","H","P","5","4","C","3","L","H","4",0,0,0,"000000000","00000000000",0,0,0,1,0,0,0,0,0,0,0,998,0,0,0,9,6,2,12,0,0,0,1,34,8075,6,1,0,0,3,0,61,999,0,0,0,0,0,0,0,0,0,0,0,0,0,0,1,2,45,1,1,2,1,3,3,1,17,1,1,1,98,"777777777777","777777777777","777777777777",1,0
34,340049,1,1,1,4,1,3,50,8,0,1,0,42,3,38,882,38882,61,2014,"JALC4W167E70","J","A","L","C","4","W","1","6","7","E","7","0",0,0,77,"777777777","77777777777",2,1,1,1,0,0,0,0,0,0,0,998,0,0,0,1,6,2,8,0,0,0,1,34,8043,6,1,0,0,3,0,73,999,1,0,0,0,0,8,2015,8,2015,0,0,0,0,0,3,3,65,1,1,2,1,0,0,1,80,99,1,1,13,"777777777777","777777777777","777777777777",0,0
34,340050,1,2,1,22,2,12,2,12,6,1,0,34,1,54,35,54035,4,2003,"19UUA56663A0","1","9","U","U","A","5","6","6","6","3","A","0",0,0,0,"000000000","00000000000",0,0,0,1,0,0,0,0,0,0,0,998,0,0,0,12,6,2,12,0,0,0,1,34,7730,6,2,0,0,3,0,74,999,0,2,0,1,3,12,2012,11,2015,0,0,0,0,0,3,3,25,1,1,2,1,3,3,1,67,99,1,1,69,"777777777777","777777777777","777777777777",0,0
34,340050,2,2,1,22,2,12,2,12,6,1,0,34,2,49,40,49040,4,2010,"4T1BF3EK2AU0","4","T","1","B","F","3","E","K","2","A","U","0",0,0,0,"000000000","00000000000",0,0,0,1,0,0,0,0,0,0,0,998,0,0,0,3,6,2,12,0,0,0,1,34,7722,6,1,0,0,3,3,65,999,0,0,0,0,0,0,0,0,0,0,38,48,0,0,3,3,25,1,1,2,1,3,3,11,15,99,1,1,68,"777777777777","777777777777","777777777777",1,0
34,340051,1,1,1,15,2,18,53,42,0,1,0,34,1,12,3,12003,1,2014,"1ZVBP8EM0E52","1","Z","V","B","P","8","E","M","0","E","5","2",0,0,0,"000000000","00000000000",0,0,0,1,0,0,0,0,0,0,0,998,0,0,0,12,6,2,42,0,0,0,1,34,8402,1,1,0,0,2,0,66,999,0,0,0,0,1,5,2014,5,2014,5,6,0,0,0,2,2,65,3,1,2,2,0,0,14,6,99,2,4,2,"777777777777","777777777777","777777777777",1,0
34,340052,1,1,1,15,2,15,46,42,0,1,0,34,2,42,42,42042,4,2013,"WDDGF8AB2DR2","W","D","D","G","F","8","A","B","2","D","R","2",0,0,0,"000000000","00000000000",0,0,0,1,0,0,0,0,0,0,0,998,0,0,0,9,6,2,42,0,0,0,1,34,7901,6,1,0,0,3,0,71,999,2,0,0,0,0,6,2014,9,2015,4,0,0,0,0,3,3,65,1,1,2,10,0,0,1,6,99,3,4,7,"777777777777","777777777777","777777777777",1,0
34,340053,1,2,2,3,1,11,35,12,6,1,0,34,1,37,31,37031,4,2000,"2HGEJ6671YH6","2","H","G","E","J","6","6","7","1","Y","H","6",0,0,0,"000000000","00000000000",0,0,0,1,0,0,0,0,0,0,0,998,0,0,0,3,6,2,12,0,0,0,1,34,8610,6,1,0,0,3,0,63,999,0,0,0,0,0,0,0,0,0,0,38,6,0,0,2,2,35,1,1,2,1,0,0,11,15,99,1,1,68,"777777777777","777777777777","777777777777",1,0
34,340053,2,2,4,3,1,11,35,12,6,1,0,34,2,24,1,24001,4,2001,"1G8ZH52881Z2","1","G","8","Z","H","5","2","8","8","1","Z","2",0,0,0,"000000000","00000000000",0,0,0,1,0,0,0,0,0,0,0,998,0,0,0,12,6,2,12,0,0,0,1,34,8610,6,1,0,0,3,0,65,999,3,0,0,0,3,8,2014,1,2016,0,21,0,0,0,2,2,35,1,1,2,1,0,0,1,62,99,1,1,69,"777777777777","777777777777","777777777777",0,0
34,340054,1,1,2,16,1,15,10,8,0,1,0,34,1,59,34,59034,4,2013,"JTHCE1BL5D50","J","T","H","C","E","1","B","L","5","D","5","0",0,0,0,"000000000","00000000000",0,0,0,1,0,0,0,0,0,0,0,998,0,0,0,98,6,2,8,0,0,0,1,34,8854,6,2,0,0,3,0,71,999,0,0,0,0,0,0,0,0,0,0,36,0,0,0,1,4,40,1,2,1,1,0,0,1,13,99,1,4,1,"777777777777","777777777777","777777777777",0,0
34,340055,1,2,1,28,1,8,1,12,6,1,0,34,3,87,884,87884,66,2013,"1XPWDP9X7DD2","1","X","P","W","D","P","9","X","7","D","D","2",1,1,57,"00043217","5700043217",3,6,2,1,0,0,0,0,0,0,0,998,0,0,0,12,6,2,12,0,0,0,1,10,19702,6,1,6,0,3,3,72,200,0,0,0,0,0,0,0,0,0,0,0,0,0,0,1,2,35,1,1,2,1,0,0,1,62,99,1,1,65,"10BFB7232BF0","777777777777","777777777777",0,0
34,340055,2,2,1,28,1,8,1,12,6,1,0,34,2,37,31,37031,4,2004,"1HGEM22934L0","1","H","G","E","M","2","2","9","3","4","L","0",0,0,0,"000000000","00000000000",0,0,0,1,0,0,0,0,0,0,0,998,0,0,0,3,6,2,12,0,0,0,1,34,8012,6,1,0,0,3,3,75,999,0,0,0,0,1,11,2015,11,2015,0,6,28,0,0,1,2,35,1,1,2,4,0,0,1,5,99,4,2,64,"777777777777","777777777777","777777777777",1,0
34,340056,1,1,1,20,2,13,27,24,0,1,0,34,2,76,705,76705,80,2001,"JYARJ04E71A0","J","Y","A","R","J","0","4","E","7","1","A","0",0,0,0,"000000000","00000000000",0,0,0,1,0,0,0,0,0,0,0,998,0,0,0,3,6,2,24,0,0,0,1,34,8701,1,1,0,0,2,0,999,999,1,0,4,0,0,1,2014,10,2014,0,6,0,0,0,3,3,55,4,1,2,1,0,0,14,13,99,4,4,1,"777777777777","777777777777","777777777777",1,0
34,340057,1,1,2,28,2,18,30,8,0,1,0,34,2,6,18,6018,4,2015,"1C3CCCAB3FN5","1","C","3","C","C","C","A","B","3","F","N","5",0,0,0,"000000000","00000000000",0,0,0,1,0,0,0,0,0,0,0,998,0,0,0,12,8,8,8,0,0,0,1,34,7644,6,1,0,0,3,0,69,999,0,0,0,0,1,12,2013,12,2013,0,0,0,0,0,1,2,25,1,1,2,1,0,0,1,80,99,1,1,13,"777777777777","777777777777","777777777777",0,0
34,340058,1,2,2,15,2,17,34,12,6,1,0,34,1,49,40,49040,4,2003,"4T1BE32K33U7","4","T","1","B","E","3","2","K","3","3","U","7",0,0,0,"000000000","00000000000",0,0,0,1,0,0,0,0,0,0,0,998,0,0,0,12,6,2,12,0,0,0,1,34,8835,6,1,0,0,3,3,69,999,1,0,0,0,0,8,2015,8,2015,0,87,0,0,0,1,2,40,3,1,2,3,0,0,14,9,1,5,2,66,"777777777777","777777777777","777777777777",1,0
34,340058,2,2,1,15,2,17,34,12,6,1,0,42,3,98,804,98804,63,2014,"5KKHAEBG6EPF","5","K","K","H","A","E","B","G","6","E","P","F",1,1,77,"777777777","77777777777",3,4,6,1,0,0,0,0,0,0,0,998,0,0,0,11,4,5,12,0,0,0,1,42,19030,6,1,6,0,3,0,67,999,0,0,0,0,0,0,0,0,0,0,0,0,0,0,1,2,40,2,1,2,3,0,0,14,62,6,1,1,66,"888888888888","777777777777","777777777777",0,0
34,340059,1,1,2,6,2,18,46,30,0,1,0,34,2,2,403,2403,14,2015,"1C4AJWAG2FL5","1","C","4","A","J","W","A","G","2","F","L","5",0,0,0,"000000000","00000000000",0,0,0,1,0,0,0,0,0,0,0,998,0,1,5,12,6,2,1,0,0,0,1,34,8736,6,1,0,0,3,0,65,999,0,0,0,0,0,0,0,0,0,0,0,0,0,0,1,2,45,2,1,2,1,0,0,14,13,1,1,4,1,"777777777777","777777777777","777777777777",1,0
34,340060,1,1,1,4,2,21,51,33,0,1,0,34,1,49,403,49403,14,2006,"JTEBU14R0600","J","T","E","B","U","1","4","R","0","6","0","0",0,0,0,"000000000","00000000000",0,0,0,1,0,0,0,0,0,0,0,998,0,1,5,99,6,2,30,0,0,0,1,34,7105,6,1,0,0,3,0,69,278,0,0,0,0,1,10,2015,10,2015,0,28,0,0,0,6,2,30,2,1,2,1,0,0,14,12,99,1,4,6,"777777777777","777777777777","777777777777",1,1
34,340061,1,2,1,10,2,15,40,12,6,1,0,34,2,6,52,6052,1,2008,"3C3HY55X68T1","3","C","3","H","Y","5","5","X","6","8","T","1",0,0,0,"000000000","00000000000",0,0,0,1,0,0,0,0,0,0,0,998,0,0,0,9,6,2,12,0,0,0,1,34,8008,6,1,0,0,3,0,61,999,0,0,0,0,2,3,2015,6,2015,0,38,39,0,0,1,3,25,1,1,2,1,3,3,1,17,99,1,1,89,"777777777777","777777777777","777777777777",1,1
34,340061,2,2,1,10,2,15,40,12,6,1,0,34,1,12,880,12880,67,2009,"1FTWW31Y89EA","1","F","T","W","W","3","1","Y","8","9","E","A",0,0,88,"888888888","88888888888",2,1,97,1,0,0,0,0,0,0,0,998,0,0,0,12,6,2,12,0,0,0,1,34,8087,6,1,0,0,3,0,72,999,0,0,0,0,1,3,2014,3,2014,0,0,0,0,0,2,3,40,1,1,2,1,3,3,1,66,99,1,1,88,"777777777777","777777777777","777777777777",0,0
34,340062,1,2,1,4,3,19,28,12,6,1,0,42,1,7,482,7482,31,2004,"1D7HU18D34J2","1","D","7","H","U","1","8","D","3","4","J","2",0,0,0,"000000000","00000000000",0,0,0,1,0,0,0,0,0,0,0,998,0,0,0,1,8,2,12,0,0,0,1,42,19426,6,1,0,0,3,0,75,999,0,0,0,0,0,0,0,0,0,0,0,0,0,0,1,2,50,2,1,2,1,0,0,11,54,99,1,1,68,"777777777777","777777777777","777777777777",0,0
34,340062,2,2,1,4,3,19,28,12,6,1,0,92,0,37,739,37739,90,2013,"999999999999","9","9","9","9","9","9","9","9","9","9","9","9",0,0,0,"000000000","00000000000",0,0,0,1,0,0,0,0,0,0,0,998,0,1,1,1,6,2,12,0,0,0,1,34,7823,0,0,0,0,0,0,999,999,0,0,0,0,0,0,0,0,0,0,39,51,0,0,1,2,35,1,1,2,1,20,3,1,98,1,1,1,69,"777777777777","777777777777","777777777777",1,0
34,340063,1,1,1,21,3,12,57,8,0,1,0,34,1,49,403,49403,14,2015,"5TDJKRFH6FS2","5","T","D","J","K","R","F","H","6","F","S","2",0,0,0,"000000000","00000000000",0,0,0,1,0,0,0,0,0,0,0,998,0,0,0,6,2,5,8,0,0,0,1,34,8817,6,1,0,0,3,0,72,999,1,0,0,0,0,1,2013,1,2013,0,0,0,0,0,1,2,35,1,1,2,1,0,0,13,80,16,1,1,92,"777777777777","777777777777","777777777777",0,0
34,340064,1,1,1,17,3,16,24,30,0,1,0,34,1,37,705,37705,80,2015,"MLHRC7408F51","M","L","H","R","C","7","4","0","8","F","5","1",0,0,0,"000000000","00000000000",0,0,0,1,0,0,0,0,0,0,0,998,0,0,0,3,8,2,30,0,0,0,1,54,26675,3,1,0,0,2,0,68,180,0,0,0,0,1,4,2014,4,2014,5,0,0,0,0,1,2,35,1,1,2,2,0,0,1,13,6,1,4,1,"777777777777","777777777777","777777777777",1,0
34,340065,1,1,1,16,4,14,28,30,0,1,0,34,1,63,402,63402,14,2011,"5XYKTCA1XBG1","5","X","Y","K","T","C","A","1","X","B","G","1",0,0,0,"000000000","00000000000",0,0,0,1,0,0,0,0,0,0,0,998,0,0,0,12,8,2,19,0,0,0,1,34,8087,6,1,0,0,3,0,71,999,0,0,0,0,0,0,0,0,0,0,0,0,0,0,1,2,25,1,1,2,1,0,0,1,10,1,1,4,6,"777777777777","777777777777","777777777777",1,0
34,340066,1,1,1,29,4,7,23,30,0,1,0,34,1,35,47,35047,4,2005,"1N4AL11D15C1","1","N","4","A","L","1","1","D","1","5","C","1",0,0,0,"000000000","00000000000",0,0,0,1,0,0,0,0,0,0,0,998,0,0,0,9,6,2,30,0,0,1,1,34,8302,6,2,0,0,3,0,59,999,0,0,0,0,0,0,0,0,0,5,52,0,0,0,1,2,50,3,1,2,1,0,0,14,8,6,3,4,2,"777777777777","777777777777","777777777777",1,1
34,340067,1,1,1,18,2,1,17,38,0,1,0,34,1,12,481,12481,31,2007,"1FTPW14V57FA","1","F","T","P","W","1","4","V","5","7","F","A",0,0,0,"000000000","00000000000",0,0,0,1,0,0,0,0,0,0,0,998,0,0,0,12,6,2,99,0,0,0,1,34,8361,6,1,0,0,3,0,71,999,0,0,0,0,3,10,2013,5,2014,5,28,0,0,0,1,2,50,1,1,2,1,0,0,1,12,99,9,4,10,"777777777777","777777777777","777777777777",1,1
34,340068,1,1,1,18,2,2,18,33,0,1,0,34,1,23,402,23402,14,2012,"2GKALMEK9C63","2","G","K","A","L","M","E","K","9","C","6","3",0,0,0,"000000000","00000000000",0,0,0,1,0,0,0,0,0,0,0,998,0,1,3,98,6,2,31,0,0,0,1,34,7069,6,1,0,0,3,0,72,999,1,0,0,0,0,6,2012,6,2012,0,99,99,99,99,2,2,45,1,1,2,1,0,0,1,12,99,1,4,6,"777777777777","777777777777","777777777777",1,1
34,340069,1,2,1,4,2,7,42,12,6,1,0,34,2,49,402,49402,14,2001,"JTEHH20V2100","J","T","E","H","H","2","0","V","2","1","0","0",0,0,0,"000000000","00000000000",0,0,0,1,0,0,0,0,0,0,0,998,0,0,0,12,6,2,12,0,0,0,1,34,8302,6,1,0,0,3,0,73,999,0,1,0,0,1,7,2014,10,2014,0,28,0,0,0,1,2,45,1,1,2,2,0,0,1,10,99,1,2,64,"777777777777","777777777777","777777777777",1,0
34,340069,2,2,6,4,2,7,42,12,6,1,0,34,3,20,870,20870,55,2006,"1GBJG31U8612","1","G","B","J","G","3","1","U","8","6","1","2",0,0,88,"888888888","88888888888",2,21,22,1,0,0,0,0,1,2,0,998,0,1,5,10,6,2,1,0,0,0,1,34,8302,6,1,6,2,3,1,66,999,0,0,0,0,0,0,0,0,0,0,0,0,0,0,1,2,45,1,2,2,2,0,0,1,62,7,1,4,65,"777777777777","777777777777","777777777777",0,0
34,340070,1,1,1,21,2,1,12,30,0,1,0,34,2,42,43,42043,4,1999,"WDBGA43G5XA4","W","D","B","G","A","4","3","G","5","X","A","4",0,0,0,"000000000","00000000000",0,0,0,1,0,0,0,0,0,0,0,998,0,1,5,12,6,2,30,0,0,0,1,34,8094,6,1,0,0,3,0,70,999,1,0,0,0,3,9,2013,1,2015,0,99,99,99,99,1,2,25,1,1,2,1,0,0,1,12,99,1,4,6,"777777777777","777777777777","777777777777",1,1
34,340071,1,1,1,19,4,3,11,30,0,1,0,34,2,20,36,20036,2,2006,"2G1WJ15K1694","2","G","1","W","J","1","5","K","1","6","9","4",0,0,0,"000000000","00000000000",0,0,0,1,0,0,0,0,0,0,0,998,0,0,0,9,6,2,30,0,0,0,1,34,8332,6,2,0,0,3,2,61,999,0,0,0,0,0,0,0,0,0,5,73,0,0,0,1,2,35,2,1,2,1,0,0,14,10,7,3,4,1,"777777777777","777777777777","777777777777",1,0
34,340072,1,2,1,8,1,10,41,12,6,1,0,34,1,49,51,49051,5,2012,"JTDKTUD33CD5","J","T","D","K","T","U","D","3","3","C","D","5",0,0,0,"000000000","00000000000",0,0,0,1,0,0,0,0,0,0,0,998,0,0,0,1,8,2,12,0,0,0,1,34,7928,6,1,0,0,3,0,73,999,1,0,0,0,0,9,2015,9,2015,0,38,39,0,0,1,2,35,1,2,2,1,20,3,1,17,99,1,1,88,"777777777777","777777777777","777777777777",1,0
34,340072,2,2,2,8,1,10,41,12,6,1,0,34,2,30,40,30040,4,2011,"3VWDZ7AJ2BM0","3","V","W","D","Z","7","A","J","2","B","M","0",0,0,0,"000000000","00000000000",0,0,0,1,0,0,0,0,0,0,0,998,0,0,0,11,6,2,12,0,0,0,1,34,7920,6,1,0,0,3,0,63,999,0,0,0,0,0,0,0,0,0,0,0,0,0,0,1,2,40,1,2,2,1,0,0,1,66,99,1,1,89,"777777777777","777777777777","777777777777",0,0
34,340073,1,1,1,13,2,20,6,33,0,1,0,36,1,41,54,41054,6,2012,"JM3TB3CV3C03","J","M","3","T","B","3","C","V","3","C","0","3",0,0,0,"000000000","00000000000",0,0,0,1,0,0,0,0,0,0,0,998,0,0,0,12,6,2,31,0,0,1,1,36,11224,6,1,0,0,3,0,65,999,0,0,0,0,0,0,0,0,0,0,0,0,0,0,2,4,65,2,2,2,1,0,0,14,12,99,1,4,6,"777777777777","777777777777","777777777777",1,0
34,340074,1,1,1,24,4,4,39,1,0,1,0,42,2,23,481,23481,31,2003,"3GKFK16Z23G2","3","G","K","F","K","1","6","Z","2","3","G","2",0,0,0,"000000000","00000000000",0,0,0,1,0,0,0,0,0,0,0,998,0,2,3,0,6,2,1,0,0,0,1,42,19464,6,1,0,0,3,0,62,999,0,0,0,0,0,0,0,0,0,0,0,0,0,0,3,2,65,3,1,2,1,0,0,14,11,6,1,4,6,"777777777777","777777777777","777777777777",1,1
34,340075,1,3,1,1,2,17,4,12,8,1,0,34,3,19,3,19003,4,2005,"1G6KD54Y25U2","1","G","6","K","D","5","4","Y","2","5","U","2",0,0,0,"000000000","00000000000",0,0,0,1,0,0,0,0,0,0,0,998,0,0,0,11,6,2,12,0,0,0,1,34,8050,6,1,0,0,3,0,62,999,0,0,0,0,0,0,0,0,0,0,28,0,0,0,2,1,55,3,1,2,2,0,0,14,10,99,1,2,64,"777777777777","777777777777","777777777777",1,0
34,340075,2,3,1,1,2,17,4,12,8,1,0,34,3,12,881,12881,61,2006,"1FDWF35P56EB","1","F","D","W","F","3","5","P","5","6","E","B",0,0,77,"777777777","77777777777",2,1,96,1,0,0,0,0,0,0,0,0,0,0,0,11,6,2,12,0,0,0,1,34,8005,6,1,0,0,3,0,68,999,0,0,0,0,1,5,2013,5,2013,0,0,0,0,0,1,3,55,2,1,2,2,0,0,5,62,1,1,1,65,"777777777777","777777777777","777777777777",0,0
34,340075,3,3,2,1,2,17,4,12,8,1,0,34,3,20,461,20461,21,2000,"1GCFG25W9Y12","1","G","C","F","G","2","5","W","9","Y","1","2",0,0,0,"000000000","00000000000",0,0,0,1,0,0,0,0,0,0,0,998,0,0,0,9,2,5,12,0,0,0,1,34,8611,6,1,0,0,3,0,65,999,0,0,0,0,0,0,0,0,0,0,0,0,0,0,2,1,55,3,1,2,2,0,0,14,62,99,1,1,98,"777777777777","777777777777","777777777777",0,0
34,340076,1,1,2,6,2,22,36,8,0,1,0,34,2,35,403,35403,14,2013,"JN8AF5MV3DT2","J","N","8","A","F","5","M","V","3","D","T","2",0,0,0,"000000000","00000000000",0,0,0,1,0,0,0,0,0,0,0,998,0,0,0,12,6,2,8,0,0,0,1,34,7081,6,1,0,0,3,3,75,999,1,0,0,0,3,3,2013,9,2014,0,0,0,0,0,3,2,65,1,1,2,1,0,0,1,80,99,1,1,13,"777777777777","777777777777","777777777777",0,0
34,340077,1,1,4,20,2,4,23,53,0,1,0,34,2,49,40,49040,4,1998,"4T1BG22K9WU8","4","T","1","B","G","2","2","K","9","W","U","8",0,0,0,"000000000","00000000000",0,0,0,1,0,0,0,0,0,0,0,998,0,0,0,12,6,2,42,0,0,0,1,34,8360,1,1,0,0,2,0,69,999,0,2,0,0,5,6,2011,1,2013,0,28,0,0,0,1,2,50,1,1,2,1,0,0,1,12,99,1,4,6,"777777777777","777777777777","777777777777",1,1