"STATE","ST_CASE","VEH_NO","VE_FORMS","NUMOCCS","DAY","MONTH","HOUR","MINUTE","HARM_EV","MAN_COLL","UNITTYPE","HIT_RUN","REG_STAT","OWNER","MAKE","MODEL","MAK_MOD","BODY_TYP","MOD_YEAR","VIN","VIN_1","VIN_2","VIN_3","VIN_4","VIN_5","VIN_6","VIN_7","VIN_8","VIN_9","VIN_10","VIN_11","VIN_12","TOW_VEH","J_KNIFE","MCARR_I1","MCARR_I2","MCARR_ID","GVWR","V_CONFIG","CARGO_BT","HAZ_INV","HAZ_PLAC","HAZ_ID","HAZ_CNO","HAZ_REL","BUS_USE","SPEC_USE","EMER_USE","TRAV_SP","UNDERIDE","ROLLOVER","ROLINLOC","IMPACT1","DEFORMED","TOWED","M_HARM","VEH_SC1","VEH_SC2","FIRE_EXP","DR_PRES","L_STATE","DR_ZIP","L_STATUS","L_TYPE","CDL_STAT","L_ENDORS","L_COMPL","L_RESTRI","DR_HGT","DR_WGT","PREV_ACC","PREV_SUS","PREV_DWI","PREV_SPD","PREV_OTH","FIRST_MO","FIRST_YR","LAST_MO","LAST_YR","SPEEDREL","DR_SF1","DR_SF2","DR_SF3","DR_SF4","VTRAFWAY","VNUM_LAN","VSPD_LIM","VALIGN","VPROFILE","VPAVETYP","VSURCOND","VTRAFCON","VTCONT_F","P_CRASH1","P_CRASH2","P_CRASH3","PCRASH4","PCRASH5","ACC_TYPE","TRLR1VIN","TRLR2VIN","TRLR3VIN","DEATHS","DR_DRINK"
34,340162,1,2,1,25,5,12,41,12,6,1,0,51,3,84,884,84884,66,2007,"2HSCNAPR97C4","2","H","S","C","N","A","P","R","9","7","C","4",1,1,57,"084328","57084328",3,6,1,1,0,0,0,0,0,0,0,998,0,0,0,12,8,2,12,0,0,0,1,54,25159,6,1,6,1,3,0,68,220,0,0,0,0,0,0,0,0,0,0,0,0,0,0,3,3,65,1,1,2,1,0,0,1,55,1,1,1,48,"1JJV532D9FL8","777777777777","777777777777",0,0
34,340162,2,2,1,25,5,12,41,12,6,1,0,42,1,55,36,55036,4,2004,"KMHCG45C44U5","K","M","H","C","G","4","5","C","4","4","U","5",0,0,0,"000000000","00000000000",0,0,0,1,0,0,0,0,0,0,0,998,0,0,0,9,6,2,12,0,0,0,1,42,18045,6,1,0,0,3,3,61,180,0,0,0,0,0,0,0,0,0,0,27,0,0,0,3,3,65,1,1,2,1,0,0,98,98,1,1,7,48,"777777777777","777777777777","777777777777",1,0
34,340163,1,1,1,11,5,5,11,59,0,1,0,34,1,12,25,12025,6,2009,"2FMEK63C39BA","2","F","M","E","K","6","3","C","3","9","B","A",0,0,0,"000000000","00000000000",0,0,0,1,0,0,0,0,0,0,0,998,0,0,0,12,8,2,42,0,0,0,1,34,8757,6,1,6,0,3,0,72,999,0,0,0,0,0,0,0,0,0,0,28,0,0,0,1,2,50,1,1,2,1,0,0,1,10,1,1,4,6,"777777777777","777777777777","777777777777",1,1
34,340164,1,1,1,15,5,14,52,42,0,1,0,34,1,72,706,72706,80,2003,"1HD1BMY423Y0","1","H","D","1","B","M","Y","4","2","3","Y","0",0,0,0,"000000000","00000000000",0,0,0,1,0,0,0,0,0,0,0,998,0,0,0,12,8,2,42,0,0,0,1,34,7740,6,1,0,0,3,3,72,999,0,0,0,0,1,3,2013,3,2013,0,0,0,0,0,1,2,35,4,1,2,1,0,0,14,13,1,1,4,1,"777777777777","777777777777","777777777777",1,0
34,340165,1,2,1,12,5,7,41,12,1,1,0,34,1,71,706,71706,80,2009,"ZDM1RACP49B0","Z","D","M","1","R","A","C","P","4","9","B","0",0,0,0,"000000000","00000000000",0,0,0,1,0,0,0,0,0,0,0,998,0,0,0,12,6,2,12,0,0,0,1,34,7746,6,1,0,0,3,0,67,999,0,0,0,0,0,0,0,0,0,5,99,99,99,99,1,2,35,4,3,2,1,0,0,14,50,99,9,1,20,"777777777777","777777777777","777777777777",1,0
34,340165,2,2,1,12,5,7,41,12,1,1,0,34,3,90,981,90981,50,2009,"1BAKFCPH89F2","1","B","A","K","F","C","P","H","8","9","F","2",0,0,88,"888888888","88888888888",2,21,22,1,0,0,0,0,1,2,0,0,0,0,0,6,8,2,12,0,0,0,1,34,8527,6,1,6,1,3,0,62,999,2,0,0,0,1,3,2012,1,2013,0,0,0,0,0,1,2,35,4,3,2,1,0,0,5,53,1,1,1,21,"777777777777","777777777777","777777777777",0,0
34,340166,1,1,1,14,5,5,9,1,0,1,0,34,1,58,37,58037,2,2005,"JNKCV54E15M4","J","N","K","C","V","5","4","E","1","5","M","4",0,0,0,"000000000","00000000000",0,0,0,1,0,0,0,0,0,0,0,998,0,2,3,0,6,2,1,0,0,0,1,34,7731,6,1,0,0,3,0,69,999,1,1,1,0,3,3,2013,10,2015,0,28,0,0,0,3,3,65,1,1,2,1,0,0,1,12,99,5,4,6,"777777777777","777777777777","777777777777",1,1
34,340167,1,1,1,26,5,9,31,8,0,1,0,34,3,98,982,98982,52,2001,"1M8SDMRA01P0","1","M","8","S","D","M","R","A","0","1","P","0",0,0,57,"86607","5786607",3,21,22,1,0,0,0,0,6,3,0,998,0,0,0,12,8,2,8,0,0,0,1,34,8840,6,1,6,1,3,0,68,999,1,0,0,0,0,5,2015,5,2015,0,38,0,0,0,1,2,25,1,1,2,1,3,3,11,80,1,1,1,13,"777777777777","777777777777","777777777777",0,0
34,340168,1,1,2,5,5,21,33,10,0,1,0,34,2,42,48,42048,6,1999,"WDBJH82FXXX0","W","D","B","J","H","8","2","F","X","X","X","0",0,0,0,"000000000","00000000000",0,0,0,1,0,0,0,0,0,0,0,998,0,0,0,3,8,2,10,0,0,0,1,34,8077,6,1,0,0,3,0,67,999,0,0,0,0,0,0,0,0,0,0,39,6,0,0,1,2,25,1,1,2,1,65,3,11,98,1,1,3,98,"777777777777","777777777777","777777777777",1,0
34,340169,1,1,1,14,5,13,17,42,0,1,0,34,1,53,706,53706,80,2007,"JS1GR7KA0721","J","S","1","G","R","7","K","A","0","7","2","1",0,0,0,"000000000","00000000000",0,0,0,1,0,0,0,0,0,0,0,55,0,0,0,12,6,2,42,0,0,0,1,34,7740,6,1,0,0,2,0,73,999,0,0,0,0,4,8,2013,11,2015,3,28,0,0,0,1,2,40,2,1,2,1,0,0,14,10,16,9,4,6,"777777777777","777777777777","777777777777",1,0
34,340170,1,2,2,31,5,18,36,12,6,1,1,34,2,49,482,49482,31,2010,"5TFHY5F13AX1","5","T","F","H","Y","5","F","1","3","A","X","1",0,0,0,"000000000","00000000000",0,0,0,1,0,0,0,0,0,0,0,998,0,0,0,12,4,3,12,0,0,0,1,34,8638,0,0,0,0,0,0,999,999,0,0,0,0,0,0,0,0,0,0,39,36,0,0,1,3,45,1,1,2,1,3,3,11,15,1,1,1,84,"777777777777","777777777777","777777777777",0,0
34,340170,2,2,1,31,5,18,36,12,6,1,0,34,1,73,705,73705,80,2000,"JKAVNDA16YB5","J","K","A","V","N","D","A","1","6","Y","B","5",0,0,0,"000000000","00000000000",0,0,0,1,0,0,0,0,0,0,0,998,0,0,0,3,6,2,12,0,0,0,1,34,8648,6,1,0,0,3,3,73,999,0,0,0,0,1,10,2012,10,2012,0,0,0,0,0,1,3,40,1,1,2,1,3,3,11,66,16,1,1,84,"777777777777","777777777777","777777777777",1,0
34,340171,1,2,1,29,5,11,16,12,1,1,0,24,1,35,47,35047,4,2005,"1N4BL11D75C1","1","N","4","B","L","1","1","D","7","5","C","1",0,0,0,"000000000","00000000000",0,0,0,1,0,0,0,0,0,0,0,998,0,0,0,12,6,2,12,0,0,0,1,24,21222,6,1,0,0,3,0,61,124,0,0,0,0,0,0,0,0,0,9,99,99,99,99,1,2,50,1,1,2,1,0,0,99,51,1,1,9,24,"777777777777","777777777777","777777777777",1,0
34,340171,2,2,1,29,5,11,16,12,1,1,0,34,3,12,471,12471,30,2002,"1FTYR10U52TA","1","F","T","Y","R","1","0","U","5","2","T","A",0,0,0,"000000000","00000000000",0,0,0,1,0,0,0,0,0,0,0,998,0,0,0,6,6,2,12,0,0,0,1,34,8318,6,1,6,0,3,0,72,999,0,0,0,0,0,0,0,0,0,0,0,0,0,0,1,2,50,1,1,2,1,0,0,1,53,1,1,1,26,"777777777777","777777777777","777777777777",0,0
34,340172,1,1,1,26,3,1,49,33,0,1,0,34,1,42,42,42042,4,1997,"WDBHA23EXVF5","W","D","B","H","A","2","3","E","X","V","F","5",0,0,0,"000000000","00000000000",0,0,0,1,0,0,0,0,0,0,0,998,0,0,0,7,6,2,30,0,0,0,1,34,7740,6,1,0,0,3,0,70,999,1,0,0,0,4,4,2012,8,2015,3,28,0,0,0,1,2,40,2,1,2,1,0,0,14,10,7,3,4,7,"777777777777","777777777777","777777777777",1,1
34,340173,1,2,1,26,4,17,12,12,2,1,0,34,2,49,40,49040,4,2005,"4T1BE32KX5U5","4","T","1","B","E","3","2","K","X","5","U","5",0,0,0,"000000000","00000000000",0,0,0,1,0,0,0,0,0,0,0,998,0,0,0,12,6,2,12,0,0,0,1,34,7863,6,1,0,0,3,3,71,999,0,0,0,0,0,0,0,0,0,0,27,0,0,0,1,4,50,4,2,2,1,0,0,14,61,6,1,4,50,"777777777777","777777777777","777777777777",1,0
34,340173,2,2,1,26,4,17,12,12,2,1,0,34,1,12,461,12461,21,2002,"1FBSS31L62HB","1","F","B","S","S","3","1","L","6","2","H","B",0,0,0,"000000000","00000000000",0,0,0,1,0,0,0,0,0,0,0,998,0,1,2,12,6,2,12,0,0,0,1,34,7863,6,1,0,0,3,0,75,999,2,0,0,0,2,10,2011,7,2013,0,0,0,0,0,1,4,50,4,2,2,1,0,0,14,62,7,1,4,51,"777777777777","777777777777","777777777777",0,0
34,340174,1,2,1,21,4,13,8,12,6,1,0,34,1,13,12,13012,4,2004,"1LNHM86S24Y6","1","L","N","H","M","8","6","S","2","4","Y","6",0,0,0,"000000000","00000000000",0,0,0,1,0,0,0,0,0,0,0,998,0,0,0,9,6,2,12,0,0,0,1,34,8527,6,1,0,0,3,0,71,999,0,0,0,0,0,0,0,0,0,0,6,36,0,0,0,0,0,0,0,0,0,0,0,11,55,1,1,1,82,"777777777777","777777777777","777777777777",1,0
34,340174,2,2,1,21,4,13,8,12,6,1,0,34,3,12,481,12481,31,2003,"1FTSX31L63EA","1","F","T","S","X","3","1","L","6","3","E","A",1,1,0,"000000000","00000000000",0,0,0,1,0,0,0,0,0,0,0,998,0,0,0,12,6,2,12,0,0,0,1,34,8755,6,1,0,0,3,0,69,999,0,0,0,1,0,9,2014,9,2014,0,0,0,0,0,1,2,35,1,1,2,1,0,0,1,55,1,1,1,83,"5HCKC18261E0","777777777777","777777777777",0,0
34,340175,1,2,1,3,4,15,50,12,1,1,0,34,2,49,40,49040,4,2003,"4T1BE32K03U1","4","T","1","B","E","3","2","K","0","3","U","1",0,0,0,"000000000","00000000000",0,0,0,1,0,0,0,0,0,0,0,998,0,0,0,12,6,2,12,0,0,0,1,34,8901,6,1,0,0,3,0,62,999,0,0,0,0,0,0,0,0,0,0,41,0,0,0,3,4,65,1,1,2,1,0,0,1,50,16,9,1,20,"777777777777","777777777777","777777777777",1,0
34,340175,2,2,1,3,4,15,50,12,1,1,0,48,3,82,881,82881,66,2012,"1FUJGLDR6CLB","1","F","U","J","G","L","D","R","6","C","L","B",1,1,57,"843546","57843546",3,6,1,1,0,0,0,0,0,0,0,0,0,0,0,6,6,2,12,0,0,0,1,48,76504,6,1,6,1,3,0,999,999,0,0,0,0,0,0,0,0,0,0,0,0,0,0,3,4,65,1,1,2,1,0,0,5,53,1,1,1,21,"999999999999","777777777777","777777777777",0,0
34,340176,1,1,1,30,5,3,55,8,0,1,1,99,9,99,999,99999,99,9999,"999999999999","9","9","9","9","9","9","9","9","9","9","9","9",0,0,0,"000000000","00000000000",0,0,0,1,0,0,0,0,0,0,0,998,0,0,0,99,9,5,8,0,0,0,1,99,99999,9,9,99,9,9,9,999,999,99,99,99,99,99,99,9999,99,9999,9,99,99,99,99,1,2,35,1,1,2,2,0,0,99,99,99,9,9,13,"777777777777","777777777777","777777777777",0,0
34,340177,1,1,1,4,5,16,30,42,0,1,0,34,1,7,472,7472,30,1987,"1B7GN14M4HS3","1","B","7","G","N","1","4","M","4","H","S","3",0,0,0,"000000000","00000000000",0,0,0,1,0,0,0,0,0,0,0,998,0,0,0,12,6,2,42,0,0,0,1,34,8721,6,1,0,0,3,3,72,999,0,0,0,0,0,0,0,0,0,0,0,0,0,0,1,2,55,1,2,2,2,0,0,1,11,1,1,4,1,"777777777777","777777777777","777777777777",1,0
34,340178,1,2,1,29,5,15,17,12,2,1,0,34,1,51,43,51043,6,2005,"YV1SW5923524","Y","V","1","S","W","5","9","2","3","5","2","4",0,0,0,"000000000","00000000000",0,0,0,1,0,0,0,0,0,0,0,998,0,0,0,12,6,2,12,0,0,0,1,34,8002,6,1,0,0,3,0,67,999,0,0,0,0,0,0,0,0,0,0,0,0,0,0,1,4,40,1,1,2,1,0,0,1,10,1,1,2,50,"777777777777","777777777777","777777777777",1,0
34,340178,2,2,1,29,5,15,17,12,2,1,0,34,3,37,32,37032,2,2014,"1HGCT1B89EA0","1","H","G","C","T","1","B","8","9","E","A","0",0,0,0,"000000000","00000000000",0,0,0,1,0,0,0,0,0,0,0,998,0,0,0,12,6,2,12,0,0,0,1,34,8054,6,1,0,0,3,0,62,999,0,0,0,0,0,0,0,0,0,0,0,0,0,0,1,4,40,1,1,2,1,0,0,1,62,1,1,1,51,"777777777777","777777777777","777777777777",0,0
34,340179,1,2,2,28,5,20,33,12,1,1,0,34,2,9,442,9442,20,1999,"2P4FP2533XR3","2","P","4","F","P","2","5","3","3","X","R","3",0,0,0,"000000000","00000000000",0,0,0,1,0,0,0,0,0,0,0,998,0,0,0,6,8,2,12,0,0,0,1,34,7677,6,2,0,0,3,0,74,999,0,0,0,0,0,0,0,0,0,0,36,0,0,0,3,3,55,1,1,2,1,0,0,2,53,1,1,1,29,"777777777777","777777777777","777777777777",0,0
34,340179,2,2,1,28,5,20,33,12,1,1,0,34,1,72,706,72706,80,2008,"1HD1JM5408Y0","1","H","D","1","J","M","5","4","0","8","Y","0",0,0,0,"000000000","00000000000",0,0,0,1,0,0,0,0,0,0,0,998,0,0,0,12,8,2,12,0,0,0,1,34,7057,6,1,6,0,3,0,73,999,2,0,0,0,0,10,2011,5,2013,0,26,0,0,0,3,3,55,1,1,2,1,0,0,1,52,16,1,1,28,"777777777777","777777777777","777777777777",1,1
34,340180,1,1,1,29,5,20,48,8,0,1,0,34,1,55,33,55033,4,2011,"5NPEB4AC1BH1","5","N","P","E","B","4","A","C","1","B","H","1",0,0,0,"000000000","00000000000",0,0,0,1,0,0,0,0,0,0,0,998,0,0,0,12,8,2,8,0,0,0,1,34,7650,6,1,0,0,3,0,59,999,2,0,0,0,0,5,2013,12,2015,0,36,0,0,0,1,4,25,1,1,2,1,0,0,1,80,1,1,1,13,"777777777777","777777777777","777777777777",0,1
34,340181,1,1,1,28,5,0,48,42,0,1,0,34,2,73,705,73705,80,1996,"JKAZXDP15TA0","J","K","A","Z","X","D","P","1","5","T","A","0",0,0,0,"000000000","00000000000",0,0,0,1,0,0,0,0,0,0,0,998,0,0,0,99,6,2,42,0,0,0,1,34,7103,6,1,0,0,3,0,72,999,1,0,0,0,2,1,2012,2,2014,9,99,99,99,99,1,2,25,1,1,2,1,0,0,1,13,99,9,9,1,"777777777777","777777777777","777777777777",1,1
34,340182,1,1,1,24,5,17,37,33,0,1,0,34,1,49,32,49032,4,2002,"2T1BR12E32C5","2","T","1","B","R","1","2","E","3","2","C","5",0,0,0,"000000000","00000000000",0,0,0,1,0,0,0,0,0,0,0,998,0,0,0,14,8,2,42,0,0,0,1,34,8817,6,1,0,0,3,0,73,999,1,0,0,0,1,4,2013,4,2013,0,0,0,0,0,1,2,25,1,1,2,1,0,0,1,10,1,1,4,6,"777777777777","777777777777","777777777777",1,0
34,340183,1,2,1,24,6,10,35,12,6,1,0,34,1,63,37,63037,6,2013,"KNDJT2A65D75","K","N","D","J","T","2","A","6","5","D","7","5",0,0,0,"000000000","00000000000",0,0,0,1,0,0,0,0,0,0,0,998,0,0,0,11,6,2,12,0,0,0,1,34,8759,6,1,0,0,3,3,72,999,0,0,0,0,0,0,0,0,0,0,38,0,0,0,1,2,40,1,1,2,1,20,3,11,55,1,1,1,82,"777777777777","777777777777","777777777777",1,0
34,340183,2,2,1,24,6,10,35,12,6,1,0,34,3,23,881,23881,63,2000,"1GDM7C1C1YJ5","1","G","D","M","7","C","1","C","1","Y","J","5",0,0,57,"980945","57980945",3,1,98,1,0,0,0,0,0,0,0,998,0,0,0,11,6,2,12,0,0,0,1,36,10305,6,1,6,1,3,0,67,999,0,0,0,0,0,0,0,0,0,0,0,0,0,0,1,2,55,1,1,2,1,0,0,1,55,1,1,1,83,"777777777777","777777777777","777777777777",0,0
34,340184,1,1,1,19,6,19,54,33,0,1,0,34,1,51,50,51050,6,2015,"YV4940RC4F26","Y","V","4","9","4","0","R","C","4","F","2","6",0,0,0,"000000000","00000000000",0,0,0,1,0,0,0,0,0,0,0,998,0,0,0,12,8,2,8,0,0,0,1,34,7656,6,1,0,0,3,3,67,999,0,0,0,0,0,0,0,0,0,0,36,6,38,0,1,2,35,1,2,2,1,0,0,1,11,1,1,4,1,"777777777777","777777777777","777777777777",0,0
34,340185,1,1,1,30,5,3,10,9,0,1,0,34,1,35,47,35047,4,2006,"1N4AL11E36N3","1","N","4","A","L","1","1","E","3","6","N","3",0,0,0,"000000000","00000000000",0,0,0,1,0,0,0,0,0,0,0,998,0,0,0,12,6,2,9,0,0,0,1,34,7205,6,1,0,0,3,0,67,999,0,0,0,0,1,11,2015,11,2015,0,0,0,0,0,1,2,98,1,3,2,2,0,0,17,83,1,1,1,13,"777777777777","777777777777","777777777777",0,0
34,340186,1,2,1,13,6,22,39,12,6,1,0,34,1,53,706,53706,80,2005,"JS1GR7JA7521","J","S","1","G","R","7","J","A","7","5","2","1",0,0,0,"000000000","00000000000",0,0,0,1,0,0,0,0,0,0,0,998,0,0,0,12,6,2,12,0,0,0,1,34,8088,6,1,0,0,2,0,70,999,1,0,0,0,6,8,2012,3,2016,3,36,38,0,0,2,4,50,1,2,2,1,3,3,1,17,1,1,1,69,"777777777777","777777777777","777777777777",1,0
34,340186,2,2,1,13,6,22,39,12,6,1,0,24,3,34,37,34037,4,2004,"WBAGL63514DP","W","B","A","G","L","6","3","5","1","4","D","P",0,0,0,"000000000","00000000000",0,0,0,1,0,0,0,0,0,0,0,998,0,0,0,3,6,2,12,0,0,0,1,24,20603,6,1,0,0,3,0,69,170,0,0,0,0,0,0,0,0,0,0,0,0,0,0,2,5,50,1,2,2,1,3,3,11,54,1,1,1,68,"777777777777","777777777777","777777777777",0,0
34,340187,1,1,1,15,6,19,20,35,0,1,0,10,1,37,31,37031,2,2002,"1HGEM229X2L0","1","H","G","E","M","2","2","9","X","2","L","0",0,0,0,"000000000","00000000000",0,0,0,1,0,0,0,0,0,0,0,998,0,1,6,99,6,2,1,0,0,0,1,10,19808,9,9,99,9,9,9,999,999,99,99,99,99,99,99,9999,99,9999,9,6,0,0,0,3,3,65,1,1,2,1,0,0,1,10,7,3,4,1,"777777777777","777777777777","777777777777",1,0
34,340188,1,6,1,27,6,3,43,12,7,1,0,34,2,37,701,37701,88,2006,"JH2AF58436K2","J","H","2","A","F","5","8","4","3","6","K","2",0,0,0,"000000000","00000000000",0,0,0,1,0,0,0,0,0,0,0,998,0,0,0,7,8,2,12,0,0,0,1,34,8873,6,1,0,0,2,0,67,999,0,0,0,0,4,2,2013,12,2015,0,27,0,0,0,3,3,65,1,1,2,1,0,0,15,10,1,1,2,47,"777777777777","777777777777","777777777777",1,1
34,340188,2,6,1,27,6,3,43,12,7,1,0,34,1,41,50,41050,4,2016,"JM1GJ1V57G14","J","M","1","G","J","1","V","5","7","G","1","4",0,0,0,"000000000","00000000000",0,0,0,1,0,0,0,0,0,0,0,998,0,0,0,1,8,2,12,0,0,0,1,34,8807,6,1,0,0,3,0,63,999,2,0,0,0,3,7,2012,8,2015,0,0,0,0,0,3,3,65,1,1,2,1,0,0,1,61,1,1,1,45,"777777777777","777777777777","777777777777",0,0
34,340188,3,6,1,27,6,3,43,12,7,1,0,34,2,7,29,7029,4,2014,"1C3CDFEB8ED8","1","C","3","C","D","F","E","B","8","E","D","8",0,0,0,"000000000","00000000000",0,0,0,1,0,0,0,0,0,0,0,998,0,0,0,14,8,2,12,0,0,0,1,34,7737,6,1,0,0,3,0,74,999,2,0,0,2,1,8,2014,10,2015,0,0,0,0,0,3,3,65,1,1,2,1,0,0,1,50,1,1,1,98,"777777777777","777777777777","777777777777",0,0
34,340188,4,6,1,27,6,3,43,12,7,1,0,34,2,12,24,12024,6,2010,"2FMDK3GC9ABA","2","F","M","D","K","3","G","C","9","A","B","A",0,0,0,"000000000","00000000000",0,0,0,1,0,0,0,0,0,0,0,998,0,0,0,14,8,2,12,0,0,0,1,34,8829,6,1,6,0,3,0,69,999,1,0,0,0,4,3,2012,12,2015,0,0,0,0,0,3,3,65,1,1,2,1,0,0,1,50,1,1,1,98,"777777777777","777777777777","777777777777",0,0
34,340188,5,6,1,27,6,3,43,12,7,1,0,18,3,84,884,84884,66,2016,"3HSDJAPR4GN2","3","H","S","D","J","A","P","R","4","G","N","2",1,1,57,"1880751","571880751",3,6,98,1,0,0,0,0,0,0,0,998,0,0,0,14,8,2,12,0,0,0,1,42,17057,6,1,6,1,3,0,67,999,2,0,0,0,0,8,2012,2,2015,0,0,0,0,0,3,3,65,1,1,2,1,0,0,1,50,1,1,1,98,"999999999999","777777777777","777777777777",0,0
34,340188,6,6,2,27,6,3,43,12,7,1,0,34,2,35,51,35051,6,2015,"KNMAT2MV2FP5","K","N","M","A","T","2","M","V","2","F","P","5",0,0,0,"000000000","00000000000",0,0,0,1,0,0,0,0,0,0,0,998,0,0,0,14,8,2,12,0,0,0,1,34,7438,6,1,0,0,3,0,71,999,3,0,0,0,1,5,2012,7,2013,0,0,0,0,0,3,3,65,1,1,2,1,0,0,1,50,1,1,1,98,"777777777777","777777777777","777777777777",0,0
34,340189,1,1,1,20,6,8,32,42,0,1,0,34,1,35,43,35043,2,1992,"1N4EB32A8NC8","1","N","4","E","B","3","2","A","8","N","C","8",0,0,0,"000000000","00000000000",0,0,0,1,0,0,0,0,0,0,0,998,0,0,0,12,6,2,42,0,0,0,1,34,8019,6,1,0,0,3,3,70,999,0,0,0,0,0,0,0,0,0,0,0,0,0,0,1,2,50,1,1,2,1,0,0,1,10,1,1,4,6,"777777777777","777777777777","777777777777",1,0
34,340190,1,2,1,12,6,2,23,12,6,1,0,34,1,34,401,34401,14,2002,"5UXFA53512LP","5","U","X","F","A","5","3","5","1","2","L","P",0,0,0,"000000000","00000000000",0,0,0,1,0,0,0,0,0,0,0,998,0,0,0,12,8,2,12,0,0,0,1,34,7960,6,1,0,0,3,0,66,999,0,0,0,0,1,6,2016,6,2016,0,0,0,0,0,3,3,65,1,1,2,1,0,0,1,54,1,1,1,65,"777777777777","777777777777","777777777777",0,1
34,340190,2,2,1,12,6,2,23,12,6,1,0,34,1,39,36,39036,4,2005,"SAJWA51C25WE","S","A","J","W","A","5","1","C","2","5","W","E",0,0,0,"000000000","00000000000",0,0,0,1,0,0,0,0,0,0,0,998,0,0,0,3,8,2,12,0,0,0,1,34,7024,6,1,0,0,3,0,74,999,0,0,0,0,0,0,0,0,0,0,50,0,0,0,3,3,65,1,1,2,1,0,0,1,54,6,1,1,64,"777777777777","777777777777","777777777777",1,1
34,340191,1,2,1,15,6,15,0,12,2,1,0,34,2,12,37,12037,4,2003,"1FAFP34P03W3","1","F","A","F","P","3","4","P","0","3","W","3",0,0,0,"000000000","00000000000",0,0,0,1,0,0,0,0,0,0,0,998,0,0,0,12,8,2,12,0,0,0,1,34,7033,6,2,0,0,3,3,70,999,0,0,0,0,0,0,0,0,0,3,28,0,0,0,1,2,25,1,2,2,1,0,0,1,10,1,1,2,50,"777777777777","777777777777","777777777777",1,0
34,340191,2,2,1,15,6,15,0,12,2,1,0,34,1,12,24,12024,6,2012,"2FMDK4AK8CBA","2","F","M","D","K","4","A","K","8","C","B","A",0,0,0,"000000000","00000000000",0,0,0,1,0,0,0,0,0,0,0,998,0,0,0,12,8,2,12,0,0,0,1,34,8820,6,1,0,0,3,3,69,999,0,0,0,0,1,4,2014,4,2014,0,0,0,0,0,1,2,25,1,2,2,1,0,0,1,62,1,1,1,51,"777777777777","777777777777","777777777777",0,0
34,340192,1,1,1,4,6,4,35,42,0,1,0,34,2,48,38,48038,5,2011,"JF1GR7E6XBG8","J","F","1","G","R","7","E","6","X","B","G","8",0,0,0,"000000000","00000000000",0,0,0,1,0,0,0,0,0,0,0,998,0,0,0,3,6,2,42,0,0,0,1,34,8361,6,1,0,0,3,0,69,999,0,2,1,2,4,10,2011,8,2013,3,28,0,0,0,1,2,50,2,1,2,1,0,0,14,10,99,3,4,6,"777777777777","777777777777","777777777777",1,1
34,340193,1,2,3,4,6,9,37,33,0,1,0,34,1,35,39,35039,4,2012,"1N4AA5APXCC8","1","N","4","A","A","5","A","P","X","C","C","8",0,0,0,"000000000","00000000000",0,0,0,1,0,0,0,0,0,0,0,998,0,0,0,1,8,2,12,0,0,0,1,34,7083,6,1,0,0,3,0,63,999,0,0,0,0,0,0,0,0,0,0,0,0,0,0,3,2,45,4,3,2,1,0,0,14,61,1,1,1,98,"777777777777","777777777777","777777777777",1,0
34,340193,2,2,1,4,6,9,37,33,0,1,0,34,2,51,47,51047,4,2004,"YV1RH52Y5423","Y","V","1","R","H","5","2","Y","5","4","2","3",0,0,0,"000000000","00000000000",0,0,0,1,0,0,0,0,0,0,0,998,0,0,0,3,8,2,12,0,0,0,1,34,8816,6,1,0,0,3,0,69,999,5,1,2,0,5,10,2011,4,2016,5,6,0,0,0,3,2,45,4,3,2,1,0,0,14,11,1,1,4,1,"777777777777","777777777777","777777777777",0,0
34,340194,1,2,1,1,6,20,54,12,6,1,0,34,1,37,705,37705,80,2015,"MLHRC7408F51","M","L","H","R","C","7","4","0","8","F","5","1",0,0,0,"000000000","00000000000",0,0,0,1,0,0,0,0,0,0,0,998,0,0,0,12,6,2,12,0,0,0,1,34,8344,6,1,0,0,3,0,73,999,1,0,0,0,2,9,2012,1,2015,5,0,0,0,0,1,4,45,1,1,2,1,0,0,1,55,99,9,9,69,"777777777777","777777777777","777777777777",1,0
34,340194,2,2,3,1,6,20,54,12,6,1,0,34,2,12,13,12013,4,1998,"1FAFP10P9WW2","1","F","A","F","P","1","0","P","9","W","W","2",0,0,0,"000000000","00000000000",0,0,0,1,0,0,0,0,0,0,0,998,0,0,0,3,4,3,12,0,0,0,1,34,8332,6,2,0,0,3,2,62,999,1,0,0,0,1,4,2014,6,2014,0,38,73,0,0,1,4,45,1,1,2,1,0,0,11,55,1,1,1,68,"777777777777","777777777777","777777777777",0,1
34,340195,1,2,1,25,6,16,18,12,6,1,0,34,3,23,472,23472,30,2010,"1GTJTCDE3A81","1","G","T","J","T","C","D","E","3","A","8","1",0,0,0,"000000000","00000000000",0,0,0,1,0,0,0,0,0,0,0,998,0,0,0,11,6,2,12,0,0,0,1,34,7728,6,1,0,0,3,0,62,999,0,0,0,0,0,0,0,0,0,0,0,0,0,0,0,0,0,0,0,0,0,0,0,11,55,1,1,1,82,"777777777777","777777777777","777777777777",1,0
34,340195,2,2,1,25,6,16,18,12,6,1,0,34,2,42,42,42042,4,2008,"WDDGF81X68F1","W","D","D","G","F","8","1","X","6","8","F","1",0,0,0,"000000000","00000000000",0,0,0,1,0,0,0,0,0,0,0,998,0,0,0,1,6,2,12,0,0,0,1,34,7728,6,1,0,0,3,0,66,999,1,0,0,3,6,1,2012,12,2015,0,0,0,0,0,1,2,45,1,1,2,1,0,0,1,71,8,9,2,83,"777777777777","777777777777","777777777777",0,0