"STATE","ST_CASE","VEH_NO","VE_FORMS","NUMOCCS","DAY","MONTH","HOUR","MINUTE","HARM_EV","MAN_COLL","UNITTYPE","HIT_RUN","REG_STAT","OWNER","MAKE","MODEL","MAK_MOD","BODY_TYP","MOD_YEAR","VIN","VIN_1","VIN_2","VIN_3","VIN_4","VIN_5","VIN_6","VIN_7","VIN_8","VIN_9","VIN_10","VIN_11","VIN_12","TOW_VEH","J_KNIFE","MCARR_I1","MCARR_I2","MCARR_ID","GVWR","V_CONFIG","CARGO_BT","HAZ_INV","HAZ_PLAC","HAZ_ID","HAZ_CNO","HAZ_REL","BUS_USE","SPEC_USE","EMER_USE","TRAV_SP","UNDERIDE","ROLLOVER","ROLINLOC","IMPACT1","DEFORMED","TOWED","M_HARM","VEH_SC1","VEH_SC2","FIRE_EXP","DR_PRES","L_STATE","DR_ZIP","L_STATUS","L_TYPE","CDL_STAT","L_ENDORS","L_COMPL","L_RESTRI","DR_HGT","DR_WGT","PREV_ACC","PREV_SUS","PREV_DWI","PREV_SPD","PREV_OTH","FIRST_MO","FIRST_YR","LAST_MO","LAST_YR","SPEEDREL","DR_SF1","DR_SF2","DR_SF3","DR_SF4","VTRAFWAY","VNUM_LAN","VSPD_LIM","VALIGN","VPROFILE","VPAVETYP","VSURCOND","VTRAFCON","VTCONT_F","P_CRASH1","P_CRASH2","P_CRASH3","PCRASH4","PCRASH5","ACC_TYPE","TRLR1VIN","TRLR2VIN","TRLR3VIN","DEATHS","DR_DRINK"
34,340196,1,2,2,3,6,13,11,12,6,1,0,34,1,37,31,37031,4,2004,"2HGES16504H5","2","H","G","E","S","1","6","5","0","4","H","5",0,0,0,"000000000","00000000000",0,0,0,1,0,0,0,0,0,0,0,998,0,0,0,3,6,2,12,0,0,0,1,34,8361,6,1,0,0,3,0,74,999,0,0,0,0,0,0,0,0,0,0,39,0,0,0,1,2,40,1,1,2,1,20,3,1,17,1,1,1,87,"777777777777","777777777777","777777777777",1,0
34,340196,2,2,1,3,6,13,11,12,6,1,0,34,2,35,421,35421,15,2007,"5N1AA08T27N7","5","N","1","A","A","0","8","T","2","7","N","7",0,0,0,"000000000","00000000000",0,0,0,1,0,0,0,0,0,0,0,998,0,0,0,12,4,3,12,0,0,0,1,34,8361,6,1,0,0,3,3,63,999,0,0,0,0,1,11,2012,11,2012,0,0,0,0,0,1,2,40,1,1,2,1,0,0,1,17,1,1,1,86,"777777777777","777777777777","777777777777",0,0
34,340197,1,1,1,25,6,12,12,8,0,1,0,18,3,82,881,82881,66,2012,"1FUJGEDV3CSB","1","F","U","J","G","E","D","V","3","C","S","B",1,1,57,"327574","57327574",3,6,1,1,0,0,0,0,0,0,0,998,0,0,0,12,8,5,8,0,0,0,1,42,18042,6,1,6,9,8,0,69,999,1,0,0,0,1,3,2013,8,2015,0,0,0,0,0,1,4,25,1,1,2,1,3,3,11,80,1,1,1,13,"999999999999","777777777777","777777777777",0,0
34,340198,1,3,1,14,4,16,6,12,11,1,0,36,2,76,705,76705,80,2008,"JYARJ16E88A0","J","Y","A","R","J","1","6","E","8","8","A","0",0,0,0,"000000000","00000000000",0,0,0,1,0,0,0,0,0,0,0,998,0,0,0,12,6,2,99,0,0,0,1,34,7011,0,0,0,0,0,0,999,999,0,0,0,0,3,5,2014,12,2014,4,33,0,0,0,3,3,55,1,1,2,1,0,0,6,11,99,1,6,48,"777777777777","777777777777","777777777777",1,1
34,340198,2,3,1,14,4,16,6,12,11,1,0,34,1,41,50,41050,4,2004,"1YVFP84D045N","1","Y","V","F","P","8","4","D","0","4","5","N",0,0,0,"000000000","00000000000",0,0,0,1,0,0,0,0,0,0,0,998,0,0,0,10,2,5,12,0,0,0,1,34,7513,6,1,0,0,3,0,70,999,0,0,0,1,2,5,2013,3,2016,0,0,0,0,0,3,3,55,1,1,2,1,0,0,2,61,1,1,1,48,"777777777777","777777777777","777777777777",0,0
34,340198,3,3,1,14,4,16,6,12,11,1,0,34,2,35,403,35403,14,2013,"JN8AF5MR0DT2","J","N","8","A","F","5","M","R","0","D","T","2",0,0,0,"000000000","00000000000",0,0,0,1,0,0,0,0,0,0,0,0,0,0,0,7,2,5,54,0,0,0,1,34,7675,6,1,0,0,3,3,62,999,0,0,0,0,1,8,2013,8,2013,0,0,0,0,0,3,3,55,1,1,2,1,0,0,5,98,1,1,1,98,"777777777777","777777777777","777777777777",0,0
34,340199,1,3,1,5,4,13,47,12,8,1,0,4,3,12,461,12461,21,2007,"999999999999","9","9","9","9","9","9","9","9","9","9","9","9",0,0,0,"000000000","00000000000",0,0,0,1,0,0,0,0,0,0,0,998,0,0,0,11,6,2,12,0,0,0,1,42,18064,6,1,0,0,3,0,67,999,0,0,0,0,0,0,0,0,0,0,36,51,0,0,1,4,45,1,1,2,1,0,0,3,10,1,1,2,64,"777777777777","777777777777","777777777777",0,0
34,340199,2,3,1,5,4,13,47,12,8,1,0,34,2,12,401,12401,14,1999,"1FMZU34E0XZB","1","F","M","Z","U","3","4","E","0","X","Z","B",0,0,0,"000000000","00000000000",0,0,0,1,0,0,0,0,0,0,0,998,0,0,0,10,8,2,12,0,0,0,1,97,7733,9,9,99,9,9,9,999,999,99,99,99,99,99,99,9999,99,9999,0,0,0,0,0,1,4,45,1,1,2,1,0,0,1,62,7,1,1,65,"777777777777","777777777777","777777777777",0,0
34,340199,3,3,1,5,4,13,47,12,8,1,0,34,1,22,18,22018,4,1994,"1G2NE55M0RM5","1","G","2","N","E","5","5","M","0","R","M","5",0,0,0,"000000000","00000000000",0,0,0,1,0,0,0,0,0,0,0,998,0,0,0,12,6,2,12,0,0,0,1,34,8817,6,1,6,0,3,0,69,999,0,0,0,0,0,0,0,0,0,0,0,0,0,0,1,4,45,1,1,2,1,0,0,1,54,99,9,1,98,"777777777777","777777777777","777777777777",1,0
34,340200,1,3,1,18,4,21,58,12,7,1,0,34,1,32,49,32049,1,2009,"WAUDK78T49A0","W","A","U","D","K","7","8","T","4","9","A","0",0,0,0,"000000000","00000000000",0,0,0,1,0,0,0,0,0,0,0,998,0,0,0,11,8,2,12,0,0,0,1,34,7512,6,1,0,0,3,0,69,999,1,0,0,0,0,7,2013,7,2013,0,28,0,0,0,3,5,55,1,1,2,1,0,0,1,10,1,1,2,48,"777777777777","777777777777","777777777777",1,1
34,340200,2,3,2,18,4,21,58,12,7,1,0,36,1,49,46,49046,5,2012,"JTDKN3DU8C15","J","T","D","K","N","3","D","U","8","C","1","5",0,0,0,"000000000","00000000000",0,0,0,1,0,0,0,0,0,0,0,998,0,0,0,5,8,2,12,0,0,0,1,36,10453,6,1,0,0,3,0,63,999,2,0,0,0,0,1,2015,1,2015,0,0,0,0,0,3,5,55,1,1,2,1,0,0,1,61,99,1,1,48,"777777777777","777777777777","777777777777",0,0
34,340200,3,3,1,18,4,21,58,12,7,1,0,4,3,37,39,37039,5,2007,"JHMGD37477S0","J","H","M","G","D","3","7","4","7","7","S","0",0,0,0,"000000000","00000000000",0,0,0,1,0,0,0,0,0,0,0,998,0,0,0,5,8,2,38,0,0,0,1,36,10706,6,1,6,9,3,3,72,999,1,1,0,0,0,5,2015,12,2015,0,0,0,0,0,3,5,55,1,1,2,1,0,0,1,61,99,1,1,98,"777777777777","777777777777","777777777777",0,0
34,340201,1,1,1,18,4,20,53,9,0,1,0,42,1,49,402,49402,14,2011,"2T3DK4DV0BW0","2","T","3","D","K","4","D","V","0","B","W","0",0,0,0,"000000000","00000000000",0,0,0,1,0,0,0,0,0,0,0,998,0,0,0,11,8,3,9,0,0,0,1,42,18343,6,1,0,0,3,0,72,999,0,0,0,0,0,0,0,0,0,0,0,0,0,0,1,2,50,2,1,2,1,0,0,14,83,99,1,1,13,"777777777777","777777777777","777777777777",0,0
34,340202,1,1,1,3,5,5,35,24,0,1,0,34,2,49,32,49032,4,2007,"2T1BR32E07C8","2","T","1","B","R","3","2","E","0","7","C","8",0,0,0,"000000000","00000000000",0,0,0,1,0,0,0,0,0,0,0,998,0,0,0,10,8,2,42,0,0,0,1,34,8330,6,1,0,0,3,0,69,999,1,0,0,0,0,1,2016,1,2016,0,0,0,0,0,3,3,65,3,1,2,2,0,0,14,12,99,9,4,10,"777777777777","777777777777","777777777777",1,0
34,340203,1,1,1,7,5,6,1,42,0,1,0,34,1,12,37,12037,4,2014,"1FADP3F23EL2","1","F","A","D","P","3","F","2","3","E","L","2",0,0,0,"000000000","00000000000",0,0,0,1,0,0,0,0,0,0,0,998,0,1,5,12,6,2,42,0,0,0,1,34,7960,6,1,0,0,3,0,70,999,1,0,0,0,2,8,2013,7,2015,9,99,99,99,99,3,2,55,3,1,2,2,0,0,14,13,99,2,4,1,"777777777777","777777777777","777777777777",1,1
34,340204,1,1,2,25,4,9,52,8,0,1,1,34,2,19,3,19003,4,2001,"1G6KD54Y91U2","1","G","6","K","D","5","4","Y","9","1","U","2",0,0,0,"000000000","00000000000",0,0,0,1,0,0,0,0,0,0,0,998,0,0,0,11,8,3,8,0,0,0,1,34,8104,0,0,0,0,0,0,999,999,0,0,0,0,0,0,0,0,0,5,38,39,0,0,1,2,25,1,1,2,1,20,3,11,80,99,1,1,13,"777777777777","777777777777","777777777777",0,0
34,340205,1,1,1,11,5,4,15,30,0,1,0,34,2,51,46,51046,4,2006,"YV1MS382X622","Y","V","1","M","S","3","8","2","X","6","2","2",0,0,0,"000000000","00000000000",0,0,0,1,0,0,0,0,0,0,0,998,0,0,0,12,6,2,30,0,0,0,1,34,8252,1,1,0,0,2,0,73,161,0,1,0,0,0,2,2015,2,2015,4,0,0,0,0,1,2,50,3,1,2,2,0,0,14,6,99,9,4,5,"777777777777","777777777777","777777777777",1,1
34,340206,1,2,2,14,5,12,29,12,6,1,0,34,1,12,21,12021,4,2006,"1FAFP25146G1","1","F","A","F","P","2","5","1","4","6","G","1",0,0,0,"000000000","00000000000",0,0,0,1,0,0,0,0,0,0,0,998,0,0,0,9,6,2,12,0,0,0,1,34,8318,6,1,0,0,3,0,60,180,0,0,0,0,0,0,0,0,0,0,38,0,0,0,1,2,50,1,1,2,1,4,3,11,17,1,1,1,74,"777777777777","777777777777","777777777777",2,0
34,340206,2,2,1,14,5,12,29,12,6,1,0,34,3,12,461,12461,21,1999,"1FTPE2421XHA","1","F","T","P","E","2","4","2","1","X","H","A",0,0,0,"000000000","00000000000",0,0,0,1,0,0,0,0,0,0,0,998,0,0,0,12,6,2,12,0,0,0,1,34,8318,6,1,6,0,3,0,71,999,0,0,0,0,0,0,0,0,0,0,0,0,0,0,1,2,50,1,1,2,1,4,3,1,66,8,2,2,74,"777777777777","777777777777","777777777777",0,0
34,340207,1,2,1,17,5,0,11,8,0,1,0,36,1,59,403,59403,14,2006,"JTJHW31U0600","J","T","J","H","W","3","1","U","0","6","0","0",0,0,0,"000000000","00000000000",0,0,0,1,0,0,0,0,0,0,0,998,0,0,0,1,8,2,8,0,0,0,1,36,10128,1,1,0,0,2,0,66,999,0,2,0,0,2,1,2013,8,2014,0,0,0,0,0,3,4,55,1,1,2,1,0,0,1,80,99,9,3,13,"777777777777","777777777777","777777777777",0,0
34,340207,2,2,1,17,5,0,11,8,0,1,0,34,2,48,401,48401,14,2009,"JF2SH64659H7","J","F","2","S","H","6","4","6","5","9","H","7",0,0,0,"000000000","00000000000",0,0,0,1,0,0,0,0,0,0,0,998,0,0,0,1,8,2,8,0,0,0,1,34,7410,6,1,0,0,3,0,67,999,0,0,0,0,0,0,0,0,0,0,0,0,0,0,3,4,55,1,1,2,1,0,0,1,80,99,9,3,98,"777777777777","777777777777","777777777777",0,0
34,340208,1,1,1,24,6,21,31,8,0,1,1,99,9,99,999,99999,99,9999,"999999999999","9","9","9","9","9","9","9","9","9","9","9","9",9,0,99,"999999999","99999999999",9,99,99,1,0,0,0,0,99,99,9,998,0,0,0,12,8,5,8,99,99,0,1,99,99999,9,9,99,9,9,9,999,999,99,99,99,99,99,99,9999,99,9999,9,38,0,0,0,1,4,35,1,1,2,1,0,0,1,80,99,9,9,13,"777777777777","777777777777","777777777777",0,0
34,340209,1,2,1,2,6,18,25,12,6,1,0,34,2,49,40,49040,4,2005,"4T1BF30KX5U0","4","T","1","B","F","3","0","K","X","5","U","0",0,0,0,"000000000","00000000000",0,0,0,1,0,0,0,0,0,0,0,998,0,0,0,11,8,2,12,0,0,0,1,34,7003,6,1,0,0,3,0,71,999,0,0,0,0,0,0,0,0,0,0,0,0,0,0,1,2,25,1,1,2,1,20,3,11,15,1,1,1,84,"777777777777","777777777777","777777777777",0,0
34,340209,2,2,1,2,6,18,25,12,6,1,0,34,1,73,706,73706,80,2004,"JKBVNAL174A0","J","K","B","V","N","A","L","1","7","4","A","0",0,0,0,"000000000","00000000000",0,0,0,1,0,0,0,0,0,0,0,998,0,0,0,12,8,2,12,0,0,0,1,34,7424,6,1,6,0,3,3,64,999,0,0,0,0,0,0,0,0,0,0,35,0,0,0,1,2,25,1,1,2,1,0,0,6,67,99,9,9,84,"777777777777","777777777777","777777777777",1,0
34,340210,1,1,2,3,5,19,20,8,0,1,0,34,2,12,3,12003,2,2002,"1FAFP42X92F2","1","F","A","F","P","4","2","X","9","2","F","2",0,0,0,"000000000","00000000000",0,0,0,1,0,0,0,0,0,0,0,998,0,0,0,12,6,2,8,0,0,0,1,34,7105,6,2,0,0,3,0,64,999,0,0,0,0,0,0,0,0,0,4,6,0,0,0,1,2,98,1,1,2,2,0,0,1,6,99,2,4,2,"777777777777","777777777777","777777777777",0,0
34,340211,1,1,1,22,5,5,13,31,0,1,0,34,2,49,32,49032,4,2010,"1NXBU4EE1AZ3","1","N","X","B","U","4","E","E","1","A","Z","3",0,0,0,"000000000","00000000000",0,0,0,1,0,0,0,0,0,0,0,998,0,0,0,12,6,2,42,0,0,0,1,34,7003,1,1,0,0,2,0,63,130,2,1,0,4,3,4,2013,3,2016,0,36,0,0,0,3,3,55,4,3,2,2,0,0,14,9,1,3,4,2,"777777777777","777777777777","777777777777",1,1
34,340212,1,1,3,20,5,18,41,8,0,1,0,34,2,37,32,37032,4,2009,"1HGCP26309A0","1","H","G","C","P","2","6","3","0","9","A","0",0,0,0,"000000000","00000000000",0,0,0,1,0,0,0,0,0,0,0,998,0,0,0,12,8,2,8,0,0,0,1,34,8854,6,7,0,0,3,0,59,999,0,0,0,0,0,0,0,0,0,0,52,0,0,0,1,8,15,1,1,2,1,0,0,1,80,1,1,2,13,"777777777777","777777777777","777777777777",0,0
34,340213,1,1,1,7,6,20,11,33,0,1,0,34,1,76,705,76705,80,2006,"JYARJ12E76A0","J","Y","A","R","J","1","2","E","7","6","A","0",0,0,0,"000000000","00000000000",0,0,0,1,0,0,0,0,0,0,0,998,0,0,0,12,8,2,33,0,0,0,1,34,7304,6,1,0,0,2,0,70,999,1,1,0,0,5,8,2014,5,2016,5,0,0,0,0,1,2,25,3,1,2,1,0,0,14,13,99,1,4,1,"777777777777","777777777777","777777777777",1,0
34,340214,1,1,2,18,6,1,41,42,0,1,0,24,1,2,404,2404,14,2000,"1J4GW48N6YC3","1","J","4","G","W","4","8","N","6","Y","C","3",0,0,0,"000000000","00000000000",0,0,0,1,0,0,0,0,0,0,0,998,0,0,0,12,6,2,42,0,0,1,1,24,20737,6,1,0,0,3,0,63,999,0,0,0,0,1,12,2015,12,2015,3,36,0,0,0,3,4,65,1,1,2,1,0,0,1,11,1,1,4,1,"777777777777","777777777777","777777777777",1,1
34,340215,1,1,2,1,4,21,16,8,0,1,0,34,2,49,402,49402,14,2007,"JTMBD33V9750","J","T","M","B","D","3","3","V","9","7","5","0",0,0,0,"000000000","00000000000",0,0,0,1,0,0,0,0,0,0,0,998,0,0,0,12,6,2,8,0,0,0,1,34,8034,1,2,0,0,2,0,70,999,0,2,0,0,10,4,2013,1,2016,0,0,0,0,0,3,3,45,1,1,2,2,0,0,1,80,1,1,1,13,"777777777777","777777777777","777777777777",0,0
34,340216,1,2,2,27,5,20,39,12,98,1,0,34,2,35,401,35401,14,2015,"5N1AR2MMXFC6","5","N","1","A","R","2","M","M","X","F","C","6",0,0,0,"000000000","00000000000",0,0,0,1,0,0,0,0,0,0,0,998,0,0,0,98,8,2,12,0,0,0,1,34,7003,6,2,0,0,2,0,69,999,2,0,0,0,2,9,2015,12,2015,9,36,91,0,0,1,2,25,8,8,2,98,97,8,1,10,99,9,2,99,"777777777777","777777777777","777777777777",0,0
34,340216,2,2,1,27,5,20,39,12,98,1,0,34,2,20,403,20403,14,2003,"1GNDT13S4323","1","G","N","D","T","1","3","S","4","3","2","3",0,0,0,"000000000","00000000000",0,0,0,1,0,0,0,0,0,0,0,998,0,0,0,98,8,2,12,0,0,0,1,34,7109,6,1,6,0,3,3,67,999,2,0,0,0,1,10,2012,5,2015,0,0,0,0,0,1,2,25,8,8,2,98,97,8,1,62,99,9,9,99,"777777777777","777777777777","777777777777",1,0
34,340217,1,2,1,7,5,2,44,12,1,1,0,36,3,98,981,98981,58,2009,"999999999999","9","9","9","9","9","9","9","9","9","9","9","9",0,0,88,"888888888","88888888888",8,21,22,1,0,0,0,0,98,0,0,998,0,0,0,6,8,2,12,0,0,0,1,42,18360,6,1,6,9,3,0,66,999,0,0,0,1,0,3,2015,3,2015,0,0,0,0,0,3,3,35,1,1,2,2,0,0,1,53,99,1,1,26,"777777777777","777777777777","777777777777",0,0
34,340217,2,2,4,7,5,2,44,12,1,1,0,34,2,3,421,3421,15,1994,"999999999999","9","9","9","9","9","9","9","9","9","9","9","9",0,0,0,"000000000","00000000000",0,0,0,1,0,0,0,0,0,0,0,998,0,0,0,12,8,2,12,0,0,0,1,34,7410,6,1,0,0,3,0,74,999,0,0,0,0,7,2,2012,9,2014,5,99,99,99,99,3,3,35,1,1,2,2,0,0,1,51,99,9,9,24,"777777777777","777777777777","777777777777",1,1
34,340218,1,2,1,14,5,20,45,12,6,1,0,34,2,30,40,30040,4,2003,"3VWSE69M23M1","3","V","W","S","E","6","9","M","2","3","M","1",0,0,0,"000000000","00000000000",0,0,0,1,0,0,0,0,0,0,0,998,0,0,0,3,6,2,12,0,0,1,1,24,21044,6,1,0,0,3,0,65,999,0,0,0,0,0,0,0,0,0,3,39,28,0,0,1,4,50,1,1,2,2,3,3,17,6,6,4,2,64,"777777777777","777777777777","777777777777",1,1
34,340218,2,2,1,14,5,20,45,12,6,1,0,34,1,12,25,12025,6,2011,"2FMGK5BC8BBD","2","F","M","G","K","5","B","C","8","B","B","D",0,0,0,"000000000","00000000000",0,0,0,1,0,0,0,0,0,0,0,998,0,0,0,12,6,2,12,0,0,0,1,34,8060,6,1,0,0,3,0,73,999,0,0,0,0,0,0,0,0,0,0,0,0,0,0,1,4,50,1,1,2,2,3,3,1,62,1,1,1,65,"777777777777","777777777777","777777777777",0,0
34,340219,1,1,1,16,6,21,56,8,0,1,0,34,2,48,38,48038,4,2016,"JF1GJAA61GH0","J","F","1","G","J","A","A","6","1","G","H","0",0,0,0,"000000000","00000000000",0,0,0,1,0,0,0,0,0,0,0,998,0,0,0,1,8,2,8,0,0,0,1,34,8854,6,1,0,0,3,3,73,999,0,0,0,0,0,0,0,0,0,0,0,0,0,0,3,2,55,1,1,2,1,3,3,1,80,1,1,1,13,"777777777777","777777777777","777777777777",0,1
34,340220,1,1,4,14,5,3,47,42,0,1,0,34,2,6,52,6052,6,2003,"3C8FY78G13T6","3","C","8","F","Y","7","8","G","1","3","T","6",0,0,0,"000000000","00000000000",0,0,0,1,0,0,0,0,0,0,0,998,0,0,0,12,6,2,42,0,0,0,1,34,8320,6,2,0,0,3,2,64,999,0,0,0,0,0,0,0,0,0,0,6,73,0,0,1,2,50,2,1,2,1,0,0,14,12,1,1,4,6,"777777777777","777777777777","777777777777",2,0
34,340221,1,1,2,5,6,2,9,33,0,1,0,34,1,7,24,7024,4,2013,"2C3CDXBG5DH5","2","C","3","C","D","X","B","G","5","D","H","5",0,0,0,"000000000","00000000000",0,0,0,1,0,0,0,0,0,0,0,998,0,0,0,10,6,2,30,0,0,0,1,10,8069,2,1,0,0,2,0,75,195,0,0,0,0,0,0,0,0,0,5,6,0,0,0,2,1,50,3,1,2,1,0,0,14,6,1,1,4,6,"777777777777","777777777777","777777777777",1,1
34,340222,1,2,1,8,6,18,15,33,0,1,0,34,1,37,441,37441,20,2006,"5FNRL38276B0","5","F","N","R","L","3","8","2","7","6","B","0",0,0,0,"000000000","00000000000",0,0,0,1,0,0,0,0,0,0,0,998,0,0,0,9,6,2,12,0,0,0,1,34,8690,6,1,0,0,3,0,66,999,2,0,0,0,2,11,2011,11,2013,0,0,0,0,0,1,4,40,1,1,2,1,0,0,11,15,1,1,1,98,"777777777777","777777777777","777777777777",1,0
34,340222,2,2,1,8,6,18,15,33,0,1,0,12,1,7,472,7472,31,2005,"1D7HE22K25S2","1","D","7","H","E","2","2","K","2","5","S","2",0,0,0,"000000000","00000000000",0,0,0,1,0,0,0,0,0,0,0,998,0,0,0,98,6,2,12,0,0,0,1,12,34135,6,1,0,0,3,0,74,999,0,0,0,0,1,12,2015,12,2015,0,0,0,0,0,1,4,40,1,1,2,1,0,0,1,72,7,1,4,3,"777777777777","777777777777","777777777777",0,0
34,340223,1,1,1,2,6,18,23,8,0,1,0,34,3,82,870,82870,62,2014,"4UZAEEDV1ECF","4","U","Z","A","E","E","D","V","1","E","C","F",0,0,57,"021800","57021800",2,1,1,1,0,0,0,0,0,0,0,998,0,0,0,1,0,3,8,0,0,0,1,34,8832,6,1,0,0,3,0,67,999,2,0,0,0,0,11,2014,11,2015,9,99,99,99,99,1,2,25,1,1,2,1,0,0,4,80,1,1,1,13,"777777777777","777777777777","777777777777",0,0
34,340224,1,1,1,10,6,22,37,19,0,1,0,34,2,7,482,7482,31,2002,"1D7HA16N72J1","1","D","7","H","A","1","6","N","7","2","J","1",0,0,0,"000000000","00000000000",0,0,0,1,0,0,0,0,0,0,0,999,0,0,0,1,6,2,19,0,0,0,1,34,8066,1,1,0,0,2,0,75,201,0,0,0,0,0,0,0,0,0,3,34,0,0,0,1,2,50,1,1,2,1,0,0,6,6,1,4,4,9,"777777777777","777777777777","777777777777",1,0
34,340225,1,2,1,20,6,18,26,12,1,1,0,13,3,87,884,87884,66,2005,"3HSCNAPR15N0","3","H","S","C","N","A","P","R","1","5","N","0",2,3,57,"102313","57102313",3,7,97,1,0,0,0,0,0,0,0,998,0,0,0,12,6,2,12,0,0,0,1,37,28383,6,1,6,1,3,3,71,999,0,0,0,0,2,5,2014,5,2014,9,99,99,99,99,3,3,65,1,1,2,1,0,0,1,99,16,2,2,33,"1D9K12823X12","1D9A12812Y12","777777777777",0,0
34,340225,2,2,1,20,6,18,26,12,1,1,0,34,3,38,884,38884,63,2000,"4GTJ7C137YJ7","4","G","T","J","7","C","1","3","7","Y","J","7",0,0,57,"680150","57680150",3,1,1,1,0,0,0,0,0,0,0,998,0,1,5,6,6,2,1,0,0,0,1,34,7109,6,1,6,9,8,0,62,999,0,0,0,0,1,1,2014,1,2014,9,99,99,99,99,3,3,65,1,1,2,1,0,0,1,99,99,1,1,33,"777777777777","777777777777","777777777777",1,0
34,340226,1,1,4,25,6,0,53,24,0,1,0,36,1,35,39,35039,4,2016,"1N4AA6AP4GC4","1","N","4","A","A","6","A","P","4","G","C","4",0,0,0,"000000000","00000000000",0,0,0,1,0,0,0,0,0,0,0,998,0,1,5,12,6,2,1,0,0,0,1,36,11212,6,1,0,0,3,0,67,190,0,1,0,0,4,7,2013,3,2015,5,0,0,0,0,3,3,65,2,2,2,1,0,0,14,6,99,3,4,2,"777777777777","777777777777","777777777777",2,1
34,340227,1,2,1,25,6,1,24,12,2,1,0,34,2,34,34,34034,4,2001,"WBAAN37461ND","W","B","A","A","N","3","7","4","6","1","N","D",0,0,0,"000000000","00000000000",0,0,0,1,0,0,0,0,0,0,0,40,0,0,0,12,6,2,12,0,0,0,1,34,7111,6,1,0,0,3,0,69,999,2,1,0,0,10,1,2012,3,2016,3,28,0,0,0,1,2,25,2,1,2,1,0,0,14,10,99,1,2,50,"777777777777","777777777777","777777777777",0,1
34,340227,2,2,3,25,6,1,24,12,2,1,0,34,1,35,49,35049,6,2004,"JN8AZ08W44W3","J","N","8","A","Z","0","8","W","4","4","W","3",0,0,0,"000000000","00000000000",0,0,0,1,0,0,0,0,0,0,0,998,0,0,0,12,6,2,12,0,0,0,1,34,7088,6,1,0,0,3,0,68,999,0,0,0,0,0,0,0,0,0,0,0,0,0,0,1,2,25,2,1,2,1,0,0,14,62,99,1,1,51,"777777777777","777777777777","777777777777",1,0
34,340228,1,1,1,28,6,10,25,59,0,1,0,34,2,49,482,49482,31,2010,"5TFUY5F1XAX1","5","T","F","U","Y","5","F","1","X","A","X","1",0,0,0,"000000000","00000000000",0,0,0,1,0,0,0,0,0,0,0,998,0,0,0,12,6,2,42,0,0,0,1,34,8330,6,1,0,0,3,0,71,999,1,0,0,1,0,10,2014,5,2015,9,28,0,0,0,2,2,55,2,2,2,99,0,0,1,12,1,1,4,6,"777777777777","777777777777","777777777777",1,1
34,340229,1,2,3,29,6,7,38,12,6,1,0,42,3,12,461,12461,21,2012,"1FDEE3FS1CDA","1","F","D","E","E","3","F","S","1","C","D","A",0,0,99,"999999999","99999999999",2,20,22,1,0,0,0,0,0,0,0,998,0,0,0,3,6,2,12,0,0,0,1,34,8330,6,1,6,0,3,0,71,999,0,0,0,0,1,12,2013,12,2013,0,0,0,0,0,2,2,55,1,2,2,1,0,0,11,15,1,1,1,68,"777777777777","777777777777","777777777777",0,0
34,340229,2,2,1,29,6,7,38,12,6,1,0,34,1,37,706,37706,80,2000,"JH2SC4408YM0","J","H","2","S","C","4","4","0","8","Y","M","0",0,0,0,"000000000","00000000000",0,0,0,1,0,0,0,0,0,0,0,998,0,0,0,12,6,2,12,0,0,0,1,34,8021,6,1,0,0,2,0,72,999,1,0,0,0,5,7,2012,6,2016,3,36,0,0,0,2,2,55,1,2,2,1,0,0,1,62,16,2,1,69,"777777777777","777777777777","777777777777",1,0
34,340230,1,1,2,26,6,21,41,53,0,1,0,34,2,20,2,20002,4,2001,"2G1WF55K5193","2","G","1","W","F","5","5","K","5","1","9","3",0,0,0,"000000000","00000000000",0,0,0,1,0,0,0,0,0,0,0,998,0,0,0,12,6,2,42,0,0,0,1,34,7866,6,1,0,0,3,0,63,999,1,0,1,0,2,4,2014,7,2015,0,99,99,99,99,1,2,25,3,1,2,1,0,0,1,13,99,1,4,1,"777777777777","777777777777","777777777777",1,1
34,340231,1,2,1,29,6,13,15,12,2,1,0,34,1,12,422,12422,15,2000,"1FMPU16L5YLA","1","F","M","P","U","1","6","L","5","Y","L","A",0,0,0,"000000000","00000000000",0,0,0,1,0,0,0,0,0,0,0,998,0,0,0,12,8,2,12,0,0,0,1,34,8270,6,1,0,0,3,0,64,999,5,0,0,0,1,2,2015,6,2016,9,28,6,91,0,1,2,50,2,1,2,1,0,0,14,10,1,1,2,50,"777777777777","777777777777","777777777777",0,0
34,340231,2,2,3,29,6,13,15,12,2,1,0,42,1,49,401,49401,14,2007,"JTEBT17R2700","J","T","E","B","T","1","7","R","2","7","0","0",0,0,0,"000000000","00000000000",0,0,0,1,0,0,0,0,0,0,0,998,0,0,0,12,8,2,12,0,0,0,1,42,19343,6,1,0,0,3,0,68,999,0,0,0,0,0,0,0,0,0,0,0,0,0,0,1,2,50,3,1,2,1,0,0,14,62,6,1,1,51,"777777777777","777777777777","777777777777",1,0
34,340232,1,1,1,9,6,15,42,33,0,1,0,34,1,30,40,30040,4,2014,"3VW5T7AJ1EM3","3","V","W","5","T","7","A","J","1","E","M","3",0,0,0,"000000000","00000000000",0,0,0,1,0,0,0,0,0,0,0,998,0,0,0,12,6,2,31,0,0,0,1,34,8879,6,1,0,0,3,0,67,999,1,0,0,0,2,9,2015,3,2016,0,0,0,0,0,6,1,65,2,5,2,1,0,0,14,12,99,2,4,7,"777777777777","777777777777","777777777777",1,1