"STATE","ST_CASE","VEH_NO","VE_FORMS","NUMOCCS","DAY","MONTH","HOUR","MINUTE","HARM_EV","MAN_COLL","UNITTYPE","HIT_RUN","REG_STAT","OWNER","MAKE","MODEL","MAK_MOD","BODY_TYP","MOD_YEAR","VIN","VIN_1","VIN_2","VIN_3","VIN_4","VIN_5","VIN_6","VIN_7","VIN_8","VIN_9","VIN_10","VIN_11","VIN_12","TOW_VEH","J_KNIFE","MCARR_I1","MCARR_I2","MCARR_ID","GVWR","V_CONFIG","CARGO_BT","HAZ_INV","HAZ_PLAC","HAZ_ID","HAZ_CNO","HAZ_REL","BUS_USE","SPEC_USE","EMER_USE","TRAV_SP","UNDERIDE","ROLLOVER","ROLINLOC","IMPACT1","DEFORMED","TOWED","M_HARM","VEH_SC1","VEH_SC2","FIRE_EXP","DR_PRES","L_STATE","DR_ZIP","L_STATUS","L_TYPE","CDL_STAT","L_ENDORS","L_COMPL","L_RESTRI","DR_HGT","DR_WGT","PREV_ACC","PREV_SUS","PREV_DWI","PREV_SPD","PREV_OTH","FIRST_MO","FIRST_YR","LAST_MO","LAST_YR","SPEEDREL","DR_SF1","DR_SF2","DR_SF3","DR_SF4","VTRAFWAY","VNUM_LAN","VSPD_LIM","VALIGN","VPROFILE","VPAVETYP","VSURCOND","VTRAFCON","VTCONT_F","P_CRASH1","P_CRASH2","P_CRASH3","PCRASH4","PCRASH5","ACC_TYPE","TRLR1VIN","TRLR2VIN","TRLR3VIN","DEATHS","DR_DRINK"
34,340233,1,1,2,20,6,9,17,42,0,1,0,34,2,59,402,59402,14,2007,"JTJBT20X9701","J","T","J","B","T","2","0","X","9","7","0","1",0,0,0,"000000000","00000000000",0,0,0,1,0,0,0,0,0,0,0,998,0,1,5,2,6,2,1,0,0,0,1,34,7082,6,2,0,0,3,0,70,999,3,0,0,0,4,7,2014,11,2015,0,6,0,0,0,3,2,65,3,3,1,1,0,0,14,13,1,1,4,1,"777777777777","777777777777","777777777777",2,0
34,340234,1,2,1,15,6,14,18,12,2,1,0,34,1,12,13,12013,4,1998,"1FAFP13P7WW2","1","F","A","F","P","1","3","P","7","W","W","2",0,0,0,"000000000","00000000000",0,0,0,1,0,0,0,0,0,0,0,998,0,0,0,12,6,2,12,0,0,0,1,34,7114,1,1,0,0,2,0,69,999,1,0,0,0,7,10,2012,5,2015,0,0,0,0,0,1,2,25,1,1,2,1,0,0,2,62,99,1,1,59,"777777777777","777777777777","777777777777",0,0
34,340234,2,2,2,15,6,14,18,12,2,1,0,34,1,59,31,59031,4,1999,"JT8BF28G4X50","J","T","8","B","F","2","8","G","4","X","5","0",0,0,0,"000000000","00000000000",0,0,0,1,0,0,0,0,0,0,0,998,0,0,0,12,6,2,12,0,0,0,1,34,7111,6,1,0,0,3,0,67,999,0,0,0,0,1,7,2013,7,2013,0,85,0,0,0,1,2,25,1,1,2,1,0,0,17,72,6,1,2,58,"777777777777","777777777777","777777777777",1,0
34,340235,1,3,1,24,7,14,9,12,6,1,0,34,1,49,472,49472,40,2001,"5TENL42N91Z8","5","T","E","N","L","4","2","N","9","1","Z","8",0,0,0,"000000000","00000000000",0,0,0,1,0,0,0,0,0,0,0,998,0,0,0,3,6,2,12,0,0,0,1,34,8109,6,1,0,0,3,0,70,999,0,0,0,0,1,2,2016,2,2016,0,28,0,0,0,1,4,50,1,1,2,1,0,0,1,9,99,4,2,64,"777777777777","777777777777","777777777777",1,0
34,340235,2,3,2,24,7,14,9,12,6,1,0,34,1,20,481,20481,31,2010,"3GCRKSE3XAG1","3","G","C","R","K","S","E","3","X","A","G","1",0,0,0,"000000000","00000000000",0,0,0,1,0,0,0,0,0,0,0,998,0,0,0,12,6,2,12,0,0,0,1,34,8004,6,1,0,0,3,0,67,999,0,0,0,0,0,0,0,0,0,0,0,0,0,0,1,4,50,1,1,2,1,0,0,1,62,1,1,1,65,"777777777777","777777777777","777777777777",0,0
34,340235,3,3,2,24,7,14,9,12,6,1,0,34,1,12,23,12023,4,2009,"3FAHP07Z09R1","3","F","A","H","P","0","7","Z","0","9","R","1",0,0,0,"000000000","00000000000",0,0,0,1,0,0,0,0,0,0,0,998,0,0,0,12,6,2,12,0,0,0,1,34,8049,6,1,0,0,3,0,70,999,0,1,1,0,1,4,2013,6,2014,0,0,0,0,0,1,4,50,1,1,2,1,0,0,1,52,1,1,1,98,"777777777777","777777777777","777777777777",0,0
34,340236,1,1,1,22,7,12,54,8,0,1,0,34,3,12,461,12461,21,2005,"1FTRE14W95HA","1","F","T","R","E","1","4","W","9","5","H","A",0,0,0,"000000000","00000000000",0,0,0,1,0,0,0,0,0,0,0,998,0,0,0,10,8,2,8,0,0,0,1,34,7022,6,1,0,0,3,0,65,999,1,0,0,0,2,10,2014,4,2016,5,0,0,0,0,1,2,25,1,1,2,1,0,0,1,80,7,1,1,13,"777777777777","777777777777","777777777777",0,0
34,340237,1,3,1,3,7,17,44,12,6,1,0,34,1,53,706,53706,80,2007,"JS1GT77A4721","J","S","1","G","T","7","7","A","4","7","2","1",0,0,0,"000000000","00000000000",0,0,0,1,0,0,0,0,0,0,0,998,0,0,0,12,6,2,12,0,0,0,1,34,8004,6,1,0,0,3,0,74,999,1,0,0,1,1,10,2012,10,2015,5,0,0,0,0,1,4,55,1,2,2,1,0,0,1,17,1,1,1,69,"777777777777","777777777777","777777777777",1,0
34,340237,2,3,1,3,7,17,44,12,6,1,0,42,2,54,35,54035,4,2001,"19UUA56641A0","1","9","U","U","A","5","6","6","4","1","A","0",0,0,0,"000000000","00000000000",0,0,0,1,0,0,0,0,0,0,0,998,0,0,0,1,6,2,12,0,0,0,1,42,19135,1,1,0,0,2,0,69,999,0,1,0,0,0,3,2014,3,2014,0,0,0,0,0,1,4,55,1,2,2,1,0,0,11,55,1,1,1,68,"777777777777","777777777777","777777777777",0,0
34,340237,3,3,2,3,7,17,44,12,6,1,0,34,1,2,404,2404,14,2011,"1J4RR6GG6BC5","1","J","4","R","R","6","G","G","6","B","C","5",0,0,0,"000000000","00000000000",0,0,0,1,0,0,0,0,0,0,0,998,0,0,0,12,8,5,54,0,0,0,1,34,8340,6,1,0,0,3,0,68,999,0,0,0,0,0,0,0,0,0,0,0,0,0,0,1,4,55,1,2,2,1,0,0,1,62,1,1,1,98,"777777777777","777777777777","777777777777",0,0
34,340238,1,1,1,21,7,0,19,33,0,1,0,34,1,72,706,72706,80,2006,"1HD1GM1156K3","1","H","D","1","G","M","1","1","5","6","K","3",0,0,0,"000000000","00000000000",0,0,0,1,0,0,0,0,0,0,0,998,0,0,0,12,6,2,33,0,0,0,1,34,7071,6,1,0,0,3,0,70,198,0,0,0,0,1,8,2015,8,2015,0,36,0,0,0,6,1,55,2,2,2,1,0,0,14,10,1,1,4,6,"777777777777","777777777777","777777777777",1,1
34,340239,1,3,2,3,7,18,52,12,6,1,0,36,1,59,31,59031,4,2013,"JTHBK1GG1D20","J","T","H","B","K","1","G","G","1","D","2","0",0,0,0,"000000000","00000000000",0,0,0,1,0,0,0,0,0,0,0,998,0,0,0,9,6,2,12,0,0,0,1,36,10312,6,1,0,0,3,0,74,999,0,0,0,0,0,0,0,0,0,0,39,0,0,0,1,2,50,1,1,2,1,20,3,1,17,1,1,1,89,"777777777777","777777777777","777777777777",1,0
34,340239,2,3,1,3,7,18,52,12,6,1,0,34,2,63,37,63037,6,2011,"KNDJT2A1XB72","K","N","D","J","T","2","A","1","X","B","7","2",0,0,0,"000000000","00000000000",0,0,0,1,0,0,0,0,0,0,0,998,0,0,0,12,6,2,12,0,0,0,1,34,8527,6,1,0,0,3,3,70,999,0,0,0,0,1,4,2016,4,2016,0,0,0,0,0,1,2,50,1,1,2,1,0,0,1,55,1,1,1,88,"777777777777","777777777777","777777777777",0,0
34,340239,3,3,1,3,7,18,52,12,6,1,0,34,1,37,31,37031,4,2010,"2HGFA1F57AH3","2","H","G","F","A","1","F","5","7","A","H","3",0,0,0,"000000000","00000000000",0,0,0,1,0,0,0,0,0,0,0,998,0,0,0,12,2,5,12,0,0,0,1,34,8527,6,1,0,0,3,0,69,999,0,0,0,2,0,9,2013,10,2014,0,0,0,0,0,1,2,50,1,1,2,1,0,0,1,62,7,1,1,98,"777777777777","777777777777","777777777777",0,0
34,340240,1,1,1,14,7,6,0,42,0,1,0,34,1,7,20,7020,4,2004,"1B3ES56C74D5","1","B","3","E","S","5","6","C","7","4","D","5",0,0,0,"000000000","00000000000",0,0,0,1,0,0,0,0,0,0,0,998,0,1,6,12,6,2,42,0,0,0,1,34,8360,6,1,0,0,3,0,69,999,1,3,0,0,2,9,2012,2,2016,5,0,0,0,0,1,2,50,1,1,2,1,0,0,1,10,1,1,4,6,"777777777777","777777777777","777777777777",1,0
34,340241,1,1,1,11,7,19,42,35,0,1,0,36,2,20,16,20016,4,2001,"1G1JF5242172","1","G","1","J","F","5","2","4","2","1","7","2",0,0,0,"000000000","00000000000",0,0,0,1,0,0,0,0,0,0,0,998,0,0,0,99,6,2,42,0,0,0,1,36,10913,6,1,0,0,3,0,61,145,0,0,0,0,0,0,0,0,0,0,28,0,0,0,3,2,65,1,2,2,1,0,0,1,12,1,1,5,6,"777777777777","777777777777","777777777777",1,0
34,340242,1,1,1,31,7,6,27,1,0,1,0,34,2,12,401,12401,14,2001,"1FMZU73E01UB","1","F","M","Z","U","7","3","E","0","1","U","B",0,0,0,"000000000","00000000000",0,0,0,1,0,0,0,0,0,0,0,998,0,2,3,0,6,2,1,0,0,0,1,34,7017,6,1,0,0,3,0,67,999,0,0,0,0,3,3,2014,8,2014,0,28,0,0,0,3,3,65,1,1,2,2,0,0,1,10,1,1,4,98,"777777777777","777777777777","777777777777",1,0
34,340243,1,2,1,20,7,4,22,12,6,1,0,34,0,73,703,73703,80,2005,"JKAKXMNC25A0","J","K","A","K","X","M","N","C","2","5","A","0",0,0,0,"000000000","00000000000",0,0,0,1,0,0,0,0,0,0,0,998,0,0,0,12,8,2,12,0,0,0,1,34,8873,1,1,0,0,2,0,66,999,2,1,0,2,11,1,2013,4,2016,0,39,0,0,0,3,2,55,1,1,2,1,3,3,1,17,1,1,1,88,"777777777777","777777777777","777777777777",1,0
34,340243,2,2,1,20,7,4,22,12,6,1,0,34,1,12,481,12481,31,2013,"1FTFX1EF9DFC","1","F","T","F","X","1","E","F","9","D","F","C",0,0,0,"000000000","00000000000",0,0,0,1,0,0,0,0,0,0,0,998,0,0,0,10,8,2,12,0,0,0,1,34,8844,6,1,0,0,3,0,70,999,1,0,0,0,0,10,2014,10,2014,0,0,0,0,0,1,3,35,1,1,2,1,3,3,1,55,1,1,1,89,"777777777777","777777777777","777777777777",0,0
34,340244,1,3,1,19,7,13,36,12,1,1,0,34,1,12,23,12023,4,2009,"3FAHP08ZX9R1","3","F","A","H","P","0","8","Z","X","9","R","1",0,0,0,"000000000","00000000000",0,0,0,1,0,0,0,0,0,0,0,998,0,0,0,12,8,2,12,0,0,0,1,34,8736,6,1,0,0,3,0,70,999,0,0,0,0,0,0,0,0,0,0,6,0,0,0,3,2,50,1,3,2,1,0,0,1,52,1,1,1,28,"777777777777","777777777777","777777777777",1,0
34,340244,2,3,4,19,7,13,36,12,1,1,0,9,2,42,48,42048,4,2006,"WDBUF26J46A8","W","D","B","U","F","2","6","J","4","6","A","8",0,0,0,"000000000","00000000000",0,0,0,1,0,0,0,0,0,0,0,998,0,0,0,6,8,2,12,0,0,0,1,36,11230,6,1,0,0,3,0,73,999,0,0,0,0,0,0,0,0,0,0,0,0,0,0,3,2,50,1,3,2,1,0,0,2,53,1,1,1,29,"777777777777","777777777777","777777777777",0,0
34,340244,3,3,1,19,7,13,36,12,1,1,0,34,2,2,404,2404,14,1993,"1J4GZ58S6PC7","1","J","4","G","Z","5","8","S","6","P","C","7",0,0,0,"000000000","00000000000",0,0,0,1,0,0,0,0,0,0,0,0,0,0,0,6,2,5,12,0,0,0,1,34,7719,6,1,0,0,3,3,69,999,1,0,0,0,3,8,2013,10,2013,0,0,0,0,0,3,2,50,1,3,2,1,0,0,5,53,1,1,1,98,"777777777777","777777777777","777777777777",0,0
34,340245,1,5,1,1,7,8,26,12,1,1,0,17,2,34,401,34401,14,2009,"5UXFF03559LJ","5","U","X","F","F","0","3","5","5","9","L","J",0,0,0,"000000000","00000000000",0,0,0,1,0,0,0,0,0,0,0,998,0,0,0,12,8,2,12,0,0,0,1,17,60610,6,1,0,0,3,0,69,145,0,0,0,0,1,1,2015,1,2015,0,99,99,99,99,1,2,45,1,2,2,1,0,0,1,50,1,1,1,20,"777777777777","777777777777","777777777777",0,0
34,340245,2,5,1,1,7,8,26,12,1,1,0,34,3,12,23,12023,4,2016,"3FA6P0T96GR2","3","F","A","6","P","0","T","9","6","G","R","2",0,0,0,"000000000","00000000000",0,0,0,1,0,0,0,0,0,0,0,0,0,0,0,6,8,2,12,0,0,0,1,34,7006,6,1,0,0,3,0,63,999,2,0,0,1,1,3,2012,9,2012,0,0,0,0,0,1,2,45,1,2,2,1,3,3,5,53,1,1,1,21,"777777777777","777777777777","777777777777",1,0
34,340245,3,5,1,1,7,8,26,12,1,1,0,34,3,20,421,20421,15,2014,"1GNSK2E03ER1","1","G","N","S","K","2","E","0","3","E","R","1",0,0,0,"000000000","00000000000",0,0,0,1,0,0,0,0,0,5,0,0,0,0,0,6,8,5,12,0,0,0,1,34,7470,6,1,6,0,3,0,75,999,0,0,0,0,0,0,0,0,0,0,0,0,0,0,1,2,45,1,2,2,1,3,3,5,53,1,1,1,98,"777777777777","777777777777","777777777777",0,0
34,340245,4,5,1,1,7,8,26,12,1,1,0,34,3,12,481,12481,31,2016,"1FT7X2B67GEB","1","F","T","7","X","2","B","6","7","G","E","B",0,0,0,"000000000","00000000000",0,0,0,1,0,0,0,0,0,0,0,0,0,0,0,6,8,5,12,0,0,0,1,34,7083,6,1,6,0,3,0,66,999,1,1,0,0,4,11,2011,12,2015,0,0,0,0,0,1,2,45,1,2,2,1,3,3,5,53,1,1,1,98,"777777777777","777777777777","777777777777",0,0
34,340245,5,5,1,1,7,8,26,12,1,1,0,34,3,41,50,41050,4,2016,"JM1GJ1W56G14","J","M","1","G","J","1","W","5","6","G","1","4",0,0,0,"000000000","00000000000",0,0,0,1,0,0,0,0,0,0,0,0,0,0,0,9,8,2,12,0,0,0,1,34,7052,6,1,0,0,3,0,72,999,1,0,0,0,0,8,2015,8,2015,0,0,0,0,0,1,2,45,1,2,2,1,3,3,5,53,1,1,1,98,"777777777777","777777777777","777777777777",0,0
34,340246,1,1,1,4,7,2,36,42,0,1,0,34,2,2,404,2404,14,1997,"1J4GZ58S6VC7","1","J","4","G","Z","5","8","S","6","V","C","7",0,0,0,"000000000","00000000000",0,0,0,1,0,0,0,0,0,0,0,998,0,0,0,3,6,2,42,0,0,0,1,34,8004,6,1,0,0,3,0,71,999,0,0,1,0,10,12,2011,1,2016,0,28,0,0,0,1,2,50,1,1,2,1,0,0,1,13,6,4,4,7,"777777777777","777777777777","777777777777",1,0
34,340247,1,1,1,3,7,4,10,30,0,1,0,34,1,37,31,37031,4,1997,"JHMEJ662XVS0","J","H","M","E","J","6","6","2","X","V","S","0",0,0,0,"000000000","00000000000",0,0,0,1,0,0,0,0,0,0,0,998,0,0,0,12,8,2,30,0,0,0,1,34,8232,1,2,0,0,2,2,65,999,1,2,0,0,1,5,2015,6,2016,0,28,73,0,0,1,2,35,1,1,2,1,0,0,1,12,1,1,4,6,"777777777777","777777777777","777777777777",1,1
34,340248,1,1,2,9,7,22,35,8,0,1,0,34,1,58,37,58037,2,2004,"JNKCV54E24M8","J","N","K","C","V","5","4","E","2","4","M","8",0,0,0,"000000000","00000000000",0,0,0,1,0,0,0,0,0,0,0,998,0,0,0,12,8,2,8,0,0,0,1,34,7047,6,1,0,0,3,0,68,999,2,0,0,0,5,7,2013,3,2016,5,0,0,0,0,1,4,25,1,1,2,2,0,0,1,80,99,1,1,13,"777777777777","777777777777","777777777777",0,0
34,340249,1,2,1,19,7,19,39,12,6,1,0,34,2,2,404,2404,14,2010,"1J4PR4GK1AC1","1","J","4","P","R","4","G","K","1","A","C","1",0,0,0,"000000000","00000000000",0,0,0,1,0,0,0,0,0,0,0,998,0,0,0,9,6,2,12,0,0,0,1,36,11228,6,1,0,0,3,0,63,999,0,0,0,0,0,0,0,0,0,0,0,0,0,0,1,3,98,1,1,2,1,3,3,11,15,1,1,1,82,"777777777777","777777777777","777777777777",0,0
34,340249,2,2,1,19,7,19,39,12,6,1,0,34,1,37,705,37705,80,2006,"JH2PC37046M3","J","H","2","P","C","3","7","0","4","6","M","3",0,0,0,"000000000","00000000000",0,0,0,1,0,0,0,0,0,0,0,998,0,0,0,12,6,2,12,0,0,0,1,34,8857,6,1,0,0,2,0,75,999,2,1,1,1,10,1,2012,9,2015,5,39,38,36,27,1,4,45,1,1,2,1,3,3,6,17,1,1,9,83,"777777777777","777777777777","777777777777",1,1
34,340250,1,1,1,7,7,15,18,8,0,1,0,34,1,12,481,12481,31,2004,"1FTSW31P84ED","1","F","T","S","W","3","1","P","8","4","E","D",1,1,0,"000000000","00000000000",0,0,0,1,0,0,0,0,0,0,0,998,0,0,0,12,8,2,8,0,0,0,1,34,8314,6,1,6,0,3,3,73,999,2,0,0,0,4,8,2012,10,2014,0,0,0,0,0,1,2,45,1,1,2,1,0,0,1,80,1,1,1,13,"888888888888","777777777777","777777777777",0,0
34,340251,1,1,1,8,7,16,6,33,0,1,0,34,2,12,461,12461,21,2008,"1FTNS24W98DA","1","F","T","N","S","2","4","W","9","8","D","A",0,0,0,"000000000","00000000000",0,0,0,1,0,0,0,0,0,0,0,75,0,1,5,82,6,2,72,0,0,1,1,34,8859,6,1,0,0,3,0,67,999,4,2,0,0,4,6,2012,9,2015,3,27,36,0,0,2,2,45,1,2,2,1,0,0,15,10,7,9,4,2,"777777777777","777777777777","777777777777",1,0
34,340252,1,1,2,9,7,15,36,8,0,1,0,34,2,55,33,55033,4,2016,"5NPE24AF0GH3","5","N","P","E","2","4","A","F","0","G","H","3",0,0,0,"000000000","00000000000",0,0,0,1,0,0,0,0,0,0,0,998,0,0,0,11,8,2,8,0,0,0,1,34,8302,6,1,0,0,3,0,68,999,1,2,0,0,4,7,2013,2,2016,0,0,0,0,0,2,6,45,1,1,1,1,0,0,1,80,99,1,1,13,"777777777777","777777777777","777777777777",0,1
34,340253,1,1,1,16,7,18,53,1,0,1,0,34,2,72,706,72706,80,1999,"1HD4CAM35XK1","1","H","D","4","C","A","M","3","5","X","K","1",0,0,0,"000000000","00000000000",0,0,0,1,0,0,0,0,0,0,0,998,0,0,0,0,8,2,1,0,0,0,1,34,8879,1,1,0,0,2,0,69,999,0,5,0,0,8,3,2012,4,2016,4,36,27,0,0,1,4,35,3,5,2,2,0,0,14,6,1,9,3,98,"777777777777","777777777777","777777777777",1,1
34,340254,1,2,1,22,7,21,6,12,6,1,0,34,1,51,43,51043,4,1999,"YV1LS55A9X25","Y","V","1","L","S","5","5","A","9","X","2","5",0,0,0,"000000000","00000000000",0,0,0,1,0,0,0,0,0,0,0,998,0,0,0,4,8,2,12,0,0,0,1,34,8346,6,1,1,0,3,0,71,999,0,2,0,1,5,2,2012,4,2016,0,38,0,0,0,1,2,35,1,1,2,1,0,0,11,15,1,1,2,68,"777777777777","777777777777","777777777777",0,0
34,340254,2,2,1,22,7,21,6,12,6,1,0,34,0,53,706,53706,80,2002,"JS1GT74A0221","J","S","1","G","T","7","4","A","0","2","2","1",0,0,0,"000000000","00000000000",0,0,0,1,0,0,0,0,0,0,0,998,0,0,0,12,8,2,12,0,0,0,1,34,8346,6,1,0,0,3,3,72,999,0,0,0,0,8,6,2012,2,2016,0,0,0,0,0,1,2,35,1,1,2,1,0,0,1,62,98,1,1,69,"777777777777","777777777777","777777777777",1,1
34,340255,1,1,3,26,7,21,3,8,0,1,0,42,2,49,40,49040,4,2012,"4T4BF1FK4CR2","4","T","4","B","F","1","F","K","4","C","R","2",0,0,0,"000000000","00000000000",0,0,0,1,0,0,0,0,0,0,0,998,0,0,0,12,6,2,8,0,0,0,1,42,19317,6,1,0,0,3,3,68,999,0,0,0,0,1,5,2015,5,2015,0,0,0,0,0,3,3,50,1,2,2,1,0,0,1,80,1,1,1,13,"777777777777","777777777777","777777777777",0,0
34,340256,1,1,1,30,7,1,56,24,0,1,0,34,2,12,3,12003,2,2006,"1ZVHT82H6652","1","Z","V","H","T","8","2","H","6","6","5","2",0,0,0,"000000000","00000000000",0,0,0,1,0,0,0,0,0,0,0,998,0,0,0,3,6,2,30,0,0,0,1,34,7726,6,1,0,0,3,0,64,999,2,0,0,1,6,1,2013,12,2015,0,0,0,0,0,1,2,50,3,1,2,1,0,0,14,13,1,1,4,1,"777777777777","777777777777","777777777777",1,1
34,340257,1,1,1,27,7,16,33,24,0,1,0,34,1,37,706,37706,80,2015,"JH2SC595XFK7","J","H","2","S","C","5","9","5","X","F","K","7",0,0,0,"000000000","00000000000",0,0,0,1,0,0,0,0,0,0,0,998,0,0,0,3,8,2,24,0,0,0,1,34,7644,6,1,0,0,3,0,73,999,1,0,0,0,1,4,2012,1,2014,0,0,0,0,0,1,2,0,3,2,2,1,0,0,14,13,16,2,4,2,"777777777777","777777777777","777777777777",1,0
34,340258,1,1,3,21,7,23,15,8,0,1,0,51,2,59,405,59405,14,2015,"JTJBARBZ6F20","J","T","J","B","A","R","B","Z","6","F","2","0",0,0,0,"000000000","00000000000",0,0,0,1,0,0,0,0,0,0,0,998,0,0,0,12,6,2,8,0,0,0,1,51,22209,6,1,0,0,3,0,69,175,0,0,0,0,0,0,0,0,0,0,0,0,0,0,3,3,65,2,5,2,1,0,0,14,80,1,1,1,13,"777777777777","777777777777","777777777777",0,0
34,340259,1,1,3,29,7,23,30,24,0,1,0,34,2,48,38,48038,4,2002,"JF1GD29602G5","J","F","1","G","D","2","9","6","0","2","G","5",0,0,0,"000000000","00000000000",0,0,0,1,0,0,0,0,0,0,0,998,0,0,0,11,6,2,24,0,0,1,1,34,7462,6,1,0,0,3,0,71,999,1,0,0,0,1,8,2013,5,2016,2,36,0,0,0,3,3,50,3,2,2,1,0,0,14,6,99,5,4,2,"777777777777","777777777777","777777777777",1,0
34,340260,1,2,1,8,7,7,8,12,8,1,0,34,1,37,32,37032,4,2010,"1HGCP2F83AA0","1","H","G","C","P","2","F","8","3","A","A","0",0,0,0,"000000000","00000000000",0,0,0,1,0,0,0,0,0,0,0,998,0,0,0,11,6,2,12,0,0,0,1,34,7747,6,1,0,0,3,0,69,999,1,0,0,0,1,10,2012,11,2013,0,28,0,0,0,1,2,40,4,1,2,1,0,0,14,10,9,1,2,64,"777777777777","777777777777","777777777777",1,0
34,340260,2,2,1,8,7,7,8,12,8,1,0,34,3,7,463,7463,21,2014,"3C6TRVAG5EE1","3","C","6","T","R","V","A","G","5","E","E","1",0,0,0,"000000000","00000000000",0,0,0,1,0,0,0,0,0,0,0,998,0,0,0,11,6,2,12,0,0,0,1,34,7065,6,1,0,0,3,0,72,999,0,0,0,0,0,0,0,0,0,0,0,0,0,0,1,2,40,1,1,2,1,0,0,1,62,1,1,1,65,"777777777777","777777777777","777777777777",0,0
34,340261,1,1,1,18,7,3,45,18,0,1,0,34,1,49,402,49402,14,1997,"JT3HP10VXV70","J","T","3","H","P","1","0","V","X","V","7","0",0,0,0,"000000000","00000000000",0,0,0,1,0,0,0,0,0,0,0,998,0,1,6,12,6,2,99,0,0,0,1,34,8846,6,1,0,0,3,0,72,999,0,0,0,0,0,0,0,0,0,0,99,99,99,99,3,2,45,1,1,2,1,40,3,1,98,1,1,4,9,"777777777777","777777777777","777777777777",1,1
34,340262,1,1,1,1,7,5,28,24,0,1,0,34,2,20,421,20421,15,1999,"1GNDT13W0XK1","1","G","N","D","T","1","3","W","0","X","K","1",0,0,0,"000000000","00000000000",0,0,0,1,0,0,0,0,0,0,0,998,0,1,5,11,6,2,1,0,0,0,1,34,8002,6,1,0,0,3,0,74,999,0,2,0,2,9,5,2013,11,2015,0,58,6,0,0,3,3,65,4,1,2,1,0,0,14,12,1,1,4,6,"777777777777","777777777777","777777777777",1,1
34,340263,1,1,1,4,7,3,26,8,0,1,0,12,3,87,884,87884,66,2014,"1XPHD49X1ED2","1","X","P","H","D","4","9","X","1","E","D","2",1,1,57,"202183","57202183",3,6,1,1,0,0,0,0,0,0,0,998,0,0,0,12,8,2,8,0,0,0,1,12,32141,6,1,6,1,3,0,71,999,0,0,0,0,1,7,2013,7,2013,0,86,0,0,0,3,3,65,1,1,2,1,0,0,1,80,6,1,1,13,"888888888888","777777777777","777777777777",0,0
34,340264,1,1,14,1,7,18,48,24,0,1,0,34,1,12,461,12461,21,2001,"1FBSS31L11HA","1","F","B","S","S","3","1","L","1","1","H","A",0,0,0,"000000000","00000000000",0,0,0,1,0,0,0,0,0,0,0,998,0,0,0,11,6,2,21,0,0,0,1,34,7201,6,1,0,0,3,0,60,999,2,0,0,0,1,10,2013,5,2016,4,0,0,0,0,3,2,65,1,1,2,2,0,0,1,6,1,3,4,2,"777777777777","777777777777","777777777777",2,0
34,340265,1,1,1,27,7,9,8,8,0,1,0,34,1,49,40,49040,4,1994,"4T1SK12E8RU4","4","T","1","S","K","1","2","E","8","R","U","4",0,0,0,"000000000","00000000000",0,0,0,1,0,0,0,0,0,0,0,998,0,0,0,12,8,2,8,0,0,0,1,34,7920,6,1,0,0,3,0,74,999,1,0,0,1,5,2,2013,5,2016,0,38,0,0,0,1,2,25,8,8,8,98,3,3,1,80,1,1,1,13,"777777777777","777777777777","777777777777",0,0
34,340266,1,2,1,1,7,0,31,12,7,1,0,34,2,7,29,7029,4,2014,"1C3CDFEB5ED7","1","C","3","C","D","F","E","B","5","E","D","7",0,0,0,"000000000","00000000000",0,0,0,1,0,0,0,0,0,0,0,998,0,1,1,1,6,2,12,0,0,0,1,34,7860,6,1,0,0,3,0,66,999,1,0,0,1,2,1,2012,10,2013,5,27,0,0,0,1,2,45,1,1,2,1,0,0,6,10,1,1,2,48,"777777777777","777777777777","777777777777",1,1
34,340266,2,2,1,1,7,0,31,12,7,1,0,34,1,12,881,12881,61,2006,"1FDXX47P76EA","1","F","D","X","X","4","7","P","7","6","E","A",0,0,88,"888888888","88888888888",2,1,96,1,0,0,0,0,0,0,0,998,0,0,0,7,8,2,12,0,0,0,1,34,7882,6,1,0,0,3,0,63,999,0,0,0,2,2,12,2012,8,2015,0,0,0,0,0,1,2,45,1,1,2,1,0,0,1,53,99,1,1,48,"777777777777","777777777777","777777777777",0,0
34,340267,1,2,1,3,7,14,23,12,6,1,0,34,1,50,706,50706,80,2011,"SMTN00PK1BJ4","S","M","T","N","0","0","P","K","1","B","J","4",0,0,0,"000000000","00000000000",0,0,0,1,0,0,0,0,0,0,0,998,0,0,0,12,8,2,12,0,0,0,1,34,8527,6,1,0,0,3,3,72,163,1,0,0,0,0,6,2014,6,2014,0,0,0,0,0,1,2,50,1,2,2,1,0,0,1,66,16,2,1,86,"777777777777","777777777777","777777777777",1,0
34,340267,2,2,2,3,7,14,23,12,6,1,0,9,4,20,25,20025,4,2016,"1G1BE5SM3G72","1","G","1","B","E","5","S","M","3","G","7","2",0,0,0,"000000000","00000000000",0,0,0,1,0,0,0,0,0,0,0,998,0,0,0,2,8,2,12,0,0,0,1,9,6824,9,9,99,9,9,9,999,999,99,99,99,99,99,99,9999,99,9999,0,38,0,0,0,1,2,98,1,8,2,1,20,3,4,17,1,1,1,87,"777777777777","777777777777","777777777777",0,0