"STATE","ST_CASE","VEH_NO","VE_FORMS","NUMOCCS","DAY","MONTH","HOUR","MINUTE","HARM_EV","MAN_COLL","UNITTYPE","HIT_RUN","REG_STAT","OWNER","MAKE","MODEL","MAK_MOD","BODY_TYP","MOD_YEAR","VIN","VIN_1","VIN_2","VIN_3","VIN_4","VIN_5","VIN_6","VIN_7","VIN_8","VIN_9","VIN_10","VIN_11","VIN_12","TOW_VEH","J_KNIFE","MCARR_I1","MCARR_I2","MCARR_ID","GVWR","V_CONFIG","CARGO_BT","HAZ_INV","HAZ_PLAC","HAZ_ID","HAZ_CNO","HAZ_REL","BUS_USE","SPEC_USE","EMER_USE","TRAV_SP","UNDERIDE","ROLLOVER","ROLINLOC","IMPACT1","DEFORMED","TOWED","M_HARM","VEH_SC1","VEH_SC2","FIRE_EXP","DR_PRES","L_STATE","DR_ZIP","L_STATUS","L_TYPE","CDL_STAT","L_ENDORS","L_COMPL","L_RESTRI","DR_HGT","DR_WGT","PREV_ACC","PREV_SUS","PREV_DWI","PREV_SPD","PREV_OTH","FIRST_MO","FIRST_YR","LAST_MO","LAST_YR","SPEEDREL","DR_SF1","DR_SF2","DR_SF3","DR_SF4","VTRAFWAY","VNUM_LAN","VSPD_LIM","VALIGN","VPROFILE","VPAVETYP","VSURCOND","VTRAFCON","VTCONT_F","P_CRASH1","P_CRASH2","P_CRASH3","PCRASH4","PCRASH5","ACC_TYPE","TRLR1VIN","TRLR2VIN","TRLR3VIN","DEATHS","DR_DRINK"
34,340268,1,1,4,7,7,13,9,57,0,1,0,36,3,37,32,37032,4,2013,"1HGCR2F79DA0","1","H","G","C","R","2","F","7","9","D","A","0",0,0,0,"000000000","00000000000",0,0,0,1,0,0,0,0,0,0,0,998,0,0,0,3,8,2,57,0,0,0,1,36,10453,1,1,0,0,2,0,999,999,0,2,0,2,2,10,2014,5,2015,0,0,0,0,0,1,2,25,1,1,4,2,0,0,1,13,99,1,4,1,"777777777777","777777777777","777777777777",1,0
34,340269,1,2,2,5,7,11,34,12,2,1,0,34,2,37,421,37421,15,2008,"5FNYF18318B0","5","F","N","Y","F","1","8","3","1","8","B","0",0,0,0,"000000000","00000000000",0,0,0,1,0,0,0,0,0,0,0,25,0,0,0,12,6,2,12,0,0,0,1,34,8863,6,2,0,0,3,0,65,999,0,0,0,0,0,0,0,0,0,0,0,0,0,0,1,4,35,1,1,2,1,3,3,1,62,99,1,1,51,"777777777777","777777777777","777777777777",0,0
34,340269,2,2,1,5,7,11,34,12,2,1,0,34,1,6,51,6051,4,2005,"2C3JA53G75H5","2","C","3","J","A","5","3","G","7","5","H","5",0,0,0,"000000000","00000000000",0,0,0,1,0,0,0,0,0,0,0,998,0,0,0,12,6,2,12,0,0,0,1,34,7064,6,1,0,0,3,0,68,999,0,0,0,0,0,0,0,0,0,0,28,0,0,0,1,4,35,1,1,2,1,3,3,1,98,1,1,2,50,"777777777777","777777777777","777777777777",1,0
34,340270,1,1,3,10,7,4,28,33,0,1,0,42,2,20,401,20401,14,2004,"1GNDS13S2423","1","G","N","D","S","1","3","S","2","4","2","3",0,0,0,"000000000","00000000000",0,0,0,1,0,0,0,0,0,0,0,998,0,0,0,12,6,2,42,0,0,0,1,34,8251,9,9,99,9,9,9,999,999,99,99,99,99,99,99,9999,99,9999,0,0,0,0,0,2,2,65,3,1,2,2,0,0,14,12,99,1,4,6,"777777777777","777777777777","777777777777",2,1
34,340271,1,1,1,13,7,7,17,24,0,1,0,34,3,82,881,82881,66,2015,"1FUJGED61FLG","1","F","U","J","G","E","D","6","1","F","L","G",1,1,77,"777777777","77777777777",3,6,1,1,0,0,0,0,0,0,0,998,0,1,3,11,6,2,2,0,0,1,1,34,8846,6,1,6,9,8,0,71,999,1,0,0,0,0,7,2012,7,2012,0,80,0,0,0,3,3,65,1,1,2,1,0,0,1,1,99,2,4,9,"888888888888","777777777777","777777777777",1,0
34,340272,1,3,1,17,7,2,51,12,2,1,0,34,1,53,705,53705,80,2007,"JS1GR7KA5721","J","S","1","G","R","7","K","A","5","7","2","1",0,0,0,"000000000","00000000000",0,0,0,1,0,0,0,0,0,0,0,998,0,0,0,12,6,2,12,0,0,0,1,34,7424,6,1,0,0,3,0,65,999,0,0,0,0,6,3,2012,11,2013,0,51,0,0,0,3,4,55,1,1,2,1,0,0,1,54,99,1,1,52,"777777777777","777777777777","777777777777",1,1
34,340272,2,3,1,17,7,2,51,12,2,1,0,34,1,37,32,37032,4,2001,"1HGCG16531A0","1","H","G","C","G","1","6","5","3","1","A","0",0,0,0,"000000000","00000000000",0,0,0,1,0,0,0,0,0,0,0,998,0,0,0,12,8,2,12,0,0,0,1,34,7014,6,1,0,0,3,0,73,999,0,2,0,0,9,2,2012,6,2016,0,84,0,0,0,3,4,55,1,1,2,1,0,0,1,54,7,1,4,52,"777777777777","777777777777","777777777777",0,0
34,340272,3,3,1,17,7,2,51,12,2,1,1,99,9,99,999,99999,99,9999,"999999999999","9","9","9","9","9","9","9","9","9","9","9","9",0,0,0,"000000000","00000000000",0,0,0,1,0,0,0,0,0,0,0,998,0,0,0,14,8,5,54,99,99,0,1,99,99999,9,9,99,9,9,9,999,999,99,99,99,99,99,99,9999,99,9999,0,0,0,0,0,3,4,55,1,1,2,1,0,0,1,98,99,9,9,98,"777777777777","777777777777","777777777777",0,0
34,340273,1,1,1,17,7,21,9,8,0,1,0,34,1,42,44,42044,1,1998,"WDBFA67F6WF1","W","D","B","F","A","6","7","F","6","W","F","1",0,0,0,"000000000","00000000000",0,0,0,1,0,0,0,0,0,0,0,998,0,0,0,12,6,2,8,0,0,0,1,34,8094,6,1,0,0,3,0,71,999,0,0,0,0,1,1,2012,1,2012,0,0,0,0,0,2,2,50,1,1,2,1,3,3,1,80,1,1,1,13,"777777777777","777777777777","777777777777",0,0
34,340274,1,1,1,22,7,16,17,42,0,1,0,34,1,12,481,12481,31,2013,"1FTMF1EM8DKE","1","F","T","M","F","1","E","M","8","D","K","E",0,0,0,"000000000","00000000000",0,0,0,1,0,0,0,0,0,0,0,998,0,0,0,3,6,2,42,0,0,0,1,34,8318,6,1,0,0,3,3,68,999,2,0,0,0,1,10,2013,11,2014,9,6,0,0,0,1,2,40,2,1,2,1,0,0,14,13,99,1,4,1,"777777777777","777777777777","777777777777",1,0
34,340275,1,2,3,22,7,10,53,12,7,1,0,36,1,12,23,12023,4,2010,"3FAHP0HA0AR4","3","F","A","H","P","0","H","A","0","A","R","4",0,0,0,"000000000","00000000000",0,0,0,1,0,0,0,0,0,0,0,998,0,0,0,9,6,2,12,0,0,0,1,36,10312,6,1,0,0,3,3,65,999,0,1,0,0,0,5,2014,5,2014,9,99,99,99,99,2,4,65,1,2,2,1,40,3,15,10,99,1,2,47,"777777777777","777777777777","777777777777",0,0
34,340275,2,2,2,22,7,10,53,12,7,1,0,13,2,7,482,7482,31,2001,"3B7KF236X1G8","3","B","7","K","F","2","3","6","X","1","G","8",1,1,0,"000000000","00000000000",0,0,0,1,0,0,0,0,0,0,0,998,0,1,3,5,6,2,1,32,0,0,1,13,30555,6,1,6,0,3,0,65,130,98,0,0,0,0,0,0,0,0,9,99,99,99,99,2,4,65,1,2,2,1,40,3,1,61,8,2,1,45,"888888888888","777777777777","777777777777",1,0
34,340276,1,2,1,29,7,4,57,12,7,1,0,34,1,20,482,20482,31,2003,"3GNEK13T33G2","3","G","N","E","K","1","3","T","3","3","G","2",0,0,0,"000000000","00000000000",0,0,0,1,0,0,0,0,0,0,0,998,0,0,0,4,6,2,12,0,0,0,1,34,8105,6,1,0,0,3,0,73,999,0,0,0,1,0,5,2012,5,2012,0,80,0,0,0,3,6,55,1,1,2,2,0,0,1,1,1,2,2,48,"777777777777","777777777777","777777777777",0,0
34,340276,2,2,1,29,7,4,57,12,7,1,0,18,3,82,881,82881,66,2014,"1FUJGBDV9ELF","1","F","U","J","G","B","D","V","9","E","L","F",0,0,57,"054283","57054283",3,5,96,1,0,0,0,0,0,0,0,998,0,0,0,11,6,2,99,0,0,0,1,34,8107,6,1,6,1,3,0,77,260,1,0,0,1,0,10,2013,5,2016,0,99,99,99,99,3,6,55,1,1,2,2,0,0,1,62,99,1,1,48,"777777777777","777777777777","777777777777",1,1
34,340277,1,2,1,31,3,14,30,12,6,1,0,34,3,7,24,7024,4,2014,"2C3CDXAT7EH3","2","C","3","C","D","X","A","T","7","E","H","3",0,0,0,"000000000","00000000000",0,0,0,1,0,0,0,0,0,5,0,998,0,0,0,12,6,2,12,0,0,0,1,34,7410,6,1,0,0,3,3,71,999,3,0,0,0,0,1,2013,1,2015,0,0,0,0,0,1,2,25,1,1,2,1,0,0,1,17,1,1,1,83,"777777777777","777777777777","777777777777",0,0
34,340277,2,2,1,31,3,14,30,12,6,1,0,34,2,41,37,41037,4,2001,"1YVGF22C7152","1","Y","V","G","F","2","2","C","7","1","5","2",0,0,0,"000000000","00000000000",0,0,0,1,0,0,0,0,0,0,0,998,0,0,0,9,6,2,12,0,0,0,1,34,7601,6,1,0,0,3,0,72,999,0,0,0,0,0,0,0,0,0,0,41,0,0,0,1,2,25,1,1,2,1,20,3,11,55,1,1,1,82,"777777777777","777777777777","777777777777",1,0
34,340279,1,1,1,21,5,3,50,33,0,1,0,34,1,49,402,49402,14,2005,"JTEHD20V8560","J","T","E","H","D","2","0","V","8","5","6","0",0,0,0,"000000000","00000000000",0,0,0,1,0,0,0,0,0,0,0,998,0,0,0,14,6,2,30,0,0,0,1,34,8015,6,1,0,0,3,0,68,999,0,0,0,0,1,6,2012,6,2012,0,99,99,99,99,3,2,55,1,2,2,1,0,0,1,11,1,1,4,1,"777777777777","777777777777","777777777777",1,1
34,340280,1,1,1,13,6,22,14,9,0,1,0,34,1,12,24,12024,6,2008,"2FMDK48C18BA","2","F","M","D","K","4","8","C","1","8","B","A",0,0,0,"000000000","00000000000",0,0,0,1,0,0,0,0,0,0,0,998,0,0,0,1,8,2,9,0,0,0,1,34,8109,6,2,0,0,3,3,68,999,0,0,0,2,0,5,2015,3,2016,0,0,0,0,0,3,3,45,1,1,2,1,3,3,1,84,1,1,1,13,"777777777777","777777777777","777777777777",0,0
34,340281,1,2,1,11,6,3,50,12,6,1,1,42,9,12,401,12401,14,2013,"1FM5K8D87DGB","1","F","M","5","K","8","D","8","7","D","G","B",0,0,0,"000000000","00000000000",0,0,0,1,0,0,0,0,0,0,0,998,0,0,0,11,8,2,12,0,0,0,1,99,99999,9,9,99,9,9,9,999,999,99,99,99,99,99,99,9999,99,9999,9,99,99,99,99,1,2,25,1,1,2,1,0,0,1,55,99,1,1,89,"777777777777","777777777777","777777777777",0,0
34,340281,2,2,3,11,6,3,50,12,6,1,0,34,3,12,481,12481,31,2000,"1FTNW21F9YEC","1","F","T","N","W","2","1","F","9","Y","E","C",0,0,0,"000000000","00000000000",0,0,0,1,0,0,0,0,0,0,0,998,0,0,0,12,8,2,12,0,0,0,1,34,7011,0,0,0,0,0,0,67,999,1,1,0,0,4,8,2012,2,2016,0,39,0,0,0,1,2,98,1,1,2,1,20,3,1,17,1,1,1,88,"777777777777","777777777777","777777777777",1,0
34,340282,1,1,1,19,6,22,7,8,0,1,0,34,1,49,442,49442,20,2014,"5TDKK3DC0ES4","5","T","D","K","K","3","D","C","0","E","S","4",0,0,0,"000000000","00000000000",0,0,0,1,0,0,0,0,0,0,0,998,0,0,0,12,8,2,8,0,0,0,1,34,8701,1,1,0,0,2,3,70,999,1,0,0,1,1,1,2014,9,2014,0,0,0,0,0,1,4,40,1,1,2,1,0,0,1,80,1,1,1,13,"777777777777","777777777777","777777777777",0,0
34,340283,1,2,1,21,6,16,34,12,7,1,0,34,1,73,705,73705,80,2015,"JKBZXJE10FA0","J","K","B","Z","X","J","E","1","0","F","A","0",0,0,0,"000000000","00000000000",0,0,0,1,0,0,0,0,0,0,0,998,0,0,0,3,6,2,12,0,0,0,1,34,7885,6,1,0,0,3,0,71,180,3,0,0,1,2,10,2011,10,2014,0,0,0,0,0,4,2,40,1,1,2,1,0,0,1,61,1,1,1,45,"777777777777","777777777777","777777777777",1,0
34,340283,2,2,4,21,6,16,34,12,7,1,0,34,2,2,403,2403,14,2010,"1J4HA5H19AL1","1","J","4","H","A","5","H","1","9","A","L","1",0,0,0,"000000000","00000000000",0,0,0,1,0,0,0,0,0,0,0,998,0,0,0,11,8,2,12,0,0,0,1,34,7834,6,2,0,0,3,2,67,999,0,0,0,0,0,0,0,0,0,0,27,73,0,0,4,2,40,1,1,2,1,0,0,15,10,1,1,2,47,"777777777777","777777777777","777777777777",0,0
34,340284,1,1,1,6,8,12,6,9,0,1,0,34,1,14,38,14038,3,2000,"1ZWFT61LXY56","1","Z","W","F","T","6","1","L","X","Y","5","6",0,0,0,"000000000","00000000000",0,0,0,1,0,0,0,0,0,0,0,998,0,0,0,12,8,2,9,0,0,0,1,34,8520,6,1,0,0,3,3,70,999,0,0,0,0,0,0,0,0,0,0,0,0,0,0,1,2,45,1,1,2,1,0,0,1,83,6,1,1,13,"777777777777","777777777777","777777777777",0,0
34,340285,1,2,1,27,8,3,8,12,2,1,0,34,3,82,881,82881,66,2003,"1FUJBBCG93LL","1","F","U","J","B","B","C","G","9","3","L","L",0,0,57,"1454112","571454112",3,5,96,1,0,0,0,0,0,0,0,998,0,0,0,12,8,2,12,0,0,0,1,34,7208,6,1,6,1,3,0,65,999,2,0,0,0,2,1,2014,10,2015,0,0,0,0,0,4,2,98,1,1,2,1,0,0,1,54,8,1,1,42,"777777777777","777777777777","777777777777",0,0
34,340285,2,2,1,27,8,3,8,12,2,1,0,36,2,54,35,54035,4,2012,"19UUA9F56CA0","1","9","U","U","A","9","F","5","6","C","A","0",0,0,0,"000000000","00000000000",0,0,0,1,0,0,0,0,0,0,0,998,0,0,0,12,8,2,12,0,0,0,1,36,10301,6,1,0,0,3,0,999,999,0,2,1,0,0,2,2014,5,2015,0,50,0,0,0,6,2,98,1,1,2,1,0,0,1,54,6,3,2,42,"777777777777","777777777777","777777777777",1,1
34,340286,1,1,1,8,8,7,52,8,0,1,1,34,2,20,481,20481,31,1999,"1GCEK19V5XZ1","1","G","C","E","K","1","9","V","5","X","Z","1",0,0,0,"000000000","00000000000",0,0,0,1,0,0,0,0,0,0,0,998,0,0,0,12,4,3,8,0,0,0,1,34,8758,6,1,0,0,3,0,62,999,3,0,0,1,3,4,2012,7,2016,3,36,86,0,0,1,2,35,1,1,2,1,0,0,1,11,1,1,4,13,"777777777777","777777777777","777777777777",0,0
34,340287,1,2,1,9,8,12,23,12,2,1,0,34,1,20,37,20037,4,2006,"1G1ZT53876F2","1","G","1","Z","T","5","3","8","7","6","F","2",0,0,0,"000000000","00000000000",0,0,0,1,0,0,0,0,0,0,0,998,0,0,0,12,6,2,12,0,0,0,1,34,8094,6,1,0,0,3,0,68,999,1,0,0,0,0,3,2015,3,2015,0,28,0,0,0,1,2,35,1,1,2,1,0,0,1,10,1,1,2,50,"777777777777","777777777777","777777777777",1,0
34,340287,2,2,1,9,8,12,23,12,2,1,0,34,1,23,8,23008,6,2011,"1GKKRRED5BJ2","1","G","K","K","R","R","E","D","5","B","J","2",0,0,0,"000000000","00000000000",0,0,0,1,0,0,0,0,0,0,0,998,0,0,0,12,6,2,12,0,0,0,1,34,8094,6,1,0,0,3,3,72,999,0,0,0,0,0,0,0,0,0,0,0,0,0,0,1,2,35,1,1,2,1,0,0,1,62,1,1,1,51,"777777777777","777777777777","777777777777",0,0
34,340288,1,1,3,20,8,11,58,1,0,1,0,42,1,20,443,20443,20,2002,"1GNDX03E12D1","1","G","N","D","X","0","3","E","1","2","D","1",0,0,0,"000000000","00000000000",0,0,0,1,0,0,0,0,0,0,0,998,0,2,1,0,8,2,1,0,0,0,1,42,19604,6,1,0,0,3,3,61,999,0,0,0,0,0,0,0,0,0,0,28,36,6,0,3,2,65,1,1,2,1,0,0,1,12,99,3,6,98,"777777777777","777777777777","777777777777",1,0
34,340289,1,4,1,28,8,13,25,35,0,1,0,34,1,62,421,62421,15,2014,"SALGS2TF9EA1","S","A","L","G","S","2","T","F","9","E","A","1",0,0,0,"000000000","00000000000",0,0,0,1,0,0,0,0,0,0,0,998,0,0,0,12,8,2,12,0,0,0,1,34,8801,6,1,0,0,3,0,66,999,0,0,0,0,0,0,0,0,0,0,28,0,0,0,3,3,65,1,1,2,1,0,0,1,12,1,1,4,6,"777777777777","777777777777","777777777777",0,0
34,340289,2,4,2,28,8,13,25,35,0,1,0,34,2,59,34,59034,4,2007,"JTHCE96S6700","J","T","H","C","E","9","6","S","6","7","0","0",0,0,0,"000000000","00000000000",0,0,0,1,0,0,0,0,0,0,0,998,0,0,0,7,8,2,12,0,0,0,1,34,7746,6,1,0,0,3,0,72,999,1,1,0,0,6,6,2012,7,2014,0,0,0,0,0,3,3,65,1,1,2,1,0,0,1,62,1,1,1,98,"777777777777","777777777777","777777777777",0,0
34,340289,3,4,4,28,8,13,25,35,0,1,0,34,1,37,32,37032,4,2007,"1HGCM56727A2","1","H","G","C","M","5","6","7","2","7","A","2",0,0,0,"000000000","00000000000",0,0,0,1,0,0,0,0,0,0,0,998,0,0,0,7,8,2,12,0,0,0,1,34,8857,6,1,0,0,3,0,67,999,0,0,0,0,1,9,2015,9,2015,0,0,0,0,0,3,3,65,1,1,2,1,0,0,1,62,1,1,1,98,"777777777777","777777777777","777777777777",1,0
34,340289,4,4,1,28,8,13,25,35,0,1,0,34,1,12,422,12422,15,1998,"1FMPU18L9WLB","1","F","M","P","U","1","8","L","9","W","L","B",0,0,0,"000000000","00000000000",0,0,0,1,0,0,0,0,0,0,0,998,0,0,0,12,8,2,12,0,0,0,1,34,8865,6,1,0,0,3,3,64,999,1,0,0,0,6,1,2013,5,2015,0,0,0,0,0,3,3,65,1,1,2,1,0,0,1,62,1,1,1,98,"777777777777","777777777777","777777777777",0,0
34,340290,1,1,1,29,8,22,35,8,0,1,0,34,1,35,402,35402,14,2006,"5N1AN08W06C5","5","N","1","A","N","0","8","W","0","6","C","5",0,0,0,"000000000","00000000000",0,0,0,1,0,0,0,0,0,0,0,998,0,0,0,12,6,2,8,0,0,0,1,34,7630,6,1,0,0,3,0,63,999,2,0,0,0,0,7,2014,8,2015,0,86,0,0,0,1,2,25,1,1,2,1,0,0,1,80,1,1,1,13,"777777777777","777777777777","777777777777",0,0
34,340291,1,2,1,5,8,6,52,12,1,1,0,34,3,86,881,86881,63,2005,"1M2AG11C65M0","1","M","2","A","G","1","1","C","6","5","M","0",0,0,99,"999999999","99999999999",3,2,4,1,0,0,0,0,0,0,0,998,0,0,0,6,8,2,12,0,0,0,1,34,8816,6,1,6,3,8,0,71,999,0,0,0,0,1,6,2014,6,2014,0,0,0,0,0,3,3,55,1,1,2,1,0,0,1,53,1,1,1,25,"777777777777","777777777777","777777777777",0,0
34,340291,2,2,2,5,8,6,52,12,1,1,0,34,3,38,882,38882,61,2013,"54DC4W1B2DS8","5","4","D","C","4","W","1","B","2","D","S","8",9,0,88,"888888888","88888888888",2,1,98,1,0,0,0,0,0,0,0,998,0,0,0,12,6,2,12,0,0,0,1,34,8879,6,1,0,0,3,0,66,999,6,0,0,0,2,1,2012,5,2016,0,6,27,26,0,3,3,55,1,1,2,1,0,0,15,60,7,1,2,24,"777777777777","777777777777","777777777777",1,0
34,340292,1,2,1,7,8,19,55,12,6,1,0,42,1,48,401,48401,14,2015,"JF2SJADC9FG5","J","F","2","S","J","A","D","C","9","F","G","5",0,0,0,"000000000","00000000000",0,0,0,1,0,0,0,0,0,0,0,998,0,0,0,11,8,2,12,0,0,0,1,42,19067,6,1,0,0,3,0,60,999,0,0,0,0,0,0,0,0,0,0,0,0,0,0,1,2,45,1,1,2,1,3,3,1,17,1,1,1,89,"777777777777","777777777777","777777777777",0,0
34,340292,2,2,2,7,8,19,55,12,6,1,0,34,1,37,706,37706,80,2015,"JH2SC68Y1FK1","J","H","2","S","C","6","8","Y","1","F","K","1",0,0,0,"000000000","00000000000",0,0,0,1,0,0,0,0,0,0,0,998,0,0,0,12,8,2,12,0,0,0,1,34,8562,6,1,0,0,3,3,72,999,0,0,0,0,0,0,0,0,0,0,0,0,0,0,1,2,50,1,1,2,1,3,3,1,17,1,1,1,88,"777777777777","777777777777","777777777777",1,0
34,340293,1,1,2,8,8,14,5,42,0,1,0,34,1,6,18,6018,4,2015,"1C3CCCAB7FN7","1","C","3","C","C","C","A","B","7","F","N","7",0,0,0,"000000000","00000000000",0,0,0,1,0,0,0,0,0,0,0,998,0,0,0,12,6,2,42,0,0,0,1,34,8759,6,1,0,0,3,0,71,999,0,0,0,0,0,0,0,0,0,5,0,0,0,0,1,2,55,1,1,2,1,0,0,1,13,1,1,4,1,"777777777777","777777777777","777777777777",2,0
34,340294,1,1,1,10,8,18,4,30,0,1,0,34,1,49,40,49040,4,2005,"4T1BE30K15U6","4","T","1","B","E","3","0","K","1","5","U","6",0,0,0,"000000000","00000000000",0,0,0,1,0,0,0,0,0,0,0,998,0,0,0,12,8,2,30,0,0,0,1,34,8098,6,1,0,0,3,0,64,999,1,0,0,0,2,8,2012,11,2015,0,0,0,0,0,1,2,50,1,1,2,1,0,0,1,11,1,1,4,1,"777777777777","777777777777","777777777777",1,0
34,340295,1,2,1,12,8,10,39,12,1,1,0,34,1,59,403,59403,14,2007,"2T2HK31U97C0","2","T","2","H","K","3","1","U","9","7","C","0",0,0,0,"000000000","00000000000",0,0,0,1,0,0,0,0,0,0,0,998,0,0,0,12,6,2,12,0,0,0,1,12,32963,6,1,0,0,3,0,68,230,99,99,99,99,99,99,9999,99,9999,0,0,0,0,0,3,2,50,1,1,2,1,0,0,1,51,1,1,1,24,"777777777777","777777777777","777777777777",1,0
34,340295,2,2,1,12,8,10,39,12,1,1,0,34,3,87,884,87884,66,2006,"1XPFDB0X96N8","1","X","P","F","D","B","0","X","9","6","N","8",1,1,57,"2555999","572555999",3,6,1,1,0,0,0,0,0,0,0,998,0,0,0,6,8,2,12,0,0,0,1,34,7728,6,1,6,1,3,3,73,999,1,0,0,0,2,9,2012,5,2015,0,0,0,0,0,3,2,50,1,1,2,1,0,0,4,53,1,1,1,25,"1S8AL4575X00","777777777777","777777777777",0,0
34,340297,1,1,1,17,8,1,37,9,0,1,0,42,3,86,881,86881,66,2015,"1M1AW02Y9FM0","1","M","1","A","W","0","2","Y","9","F","M","0",1,1,57,"420170","57420170",3,6,98,2,2,1203,3,1,0,0,0,998,0,0,0,3,8,5,9,0,0,0,1,34,8037,6,1,6,1,3,0,75,999,0,0,0,0,0,0,0,0,0,0,99,99,99,99,1,2,45,1,1,2,1,0,0,1,85,99,9,9,13,"1PMA24323C50","777777777777","777777777777",0,0
34,340298,1,2,1,17,8,8,30,12,6,1,0,34,2,7,482,7482,31,2013,"1C6RR6GGXDS5","1","C","6","R","R","6","G","G","X","D","S","5",0,0,0,"000000000","00000000000",0,0,0,1,0,0,0,0,0,0,0,998,0,0,0,1,8,2,12,0,0,0,1,34,8046,1,1,0,0,2,0,73,999,0,1,0,0,1,7,2014,2,2016,5,39,0,0,0,3,2,40,1,1,2,1,3,3,1,17,1,1,1,73,"777777777777","777777777777","777777777777",0,0
34,340298,2,2,1,17,8,8,30,12,6,1,0,34,1,35,47,35047,4,2003,"1N4AL11D83C1","1","N","4","A","L","1","1","D","8","3","C","1",0,0,0,"000000000","00000000000",0,0,0,1,0,0,0,0,0,0,0,998,0,0,0,10,8,2,12,0,0,0,1,34,8046,6,1,0,0,3,3,63,999,0,0,0,0,1,2,2012,2,2012,0,0,0,0,0,4,2,40,1,1,2,1,3,3,11,17,1,1,1,72,"777777777777","777777777777","777777777777",1,0
34,340299,1,1,1,12,7,6,42,42,0,1,0,42,1,2,404,2404,14,2013,"1C4RJFCG0DC6","1","C","4","R","J","F","C","G","0","D","C","6",0,0,0,"000000000","00000000000",0,0,0,1,0,0,0,0,0,0,0,998,0,1,3,9,6,2,1,0,0,0,1,34,8226,6,1,0,0,3,0,71,999,0,0,0,0,1,11,2013,11,2013,0,0,0,0,0,3,3,65,1,1,2,1,0,0,1,10,1,1,4,6,"777777777777","777777777777","777777777777",1,0
34,340300,1,1,1,29,7,21,51,25,0,1,0,42,1,42,48,42048,4,1999,"WDBJF65H5XA8","W","D","B","J","F","6","5","H","5","X","A","8",0,0,0,"000000000","00000000000",0,0,0,1,0,0,0,0,0,0,0,998,0,0,0,12,6,2,25,0,0,0,1,42,19032,6,1,0,0,3,0,68,999,0,0,0,0,0,0,0,0,0,0,0,0,0,0,3,2,65,1,1,2,1,0,0,1,12,6,4,4,7,"777777777777","777777777777","777777777777",1,0
34,340301,1,2,1,3,8,16,49,12,6,1,0,34,1,73,706,73706,80,2001,"JKAZGCA111B5","J","K","A","Z","G","C","A","1","1","1","B","5",0,0,0,"000000000","00000000000",0,0,0,1,0,0,0,0,0,0,0,998,0,0,0,12,6,2,12,0,0,0,1,34,8094,6,1,0,0,3,3,70,999,0,0,0,0,0,0,0,0,0,0,38,0,0,0,1,2,25,1,1,2,1,20,3,1,17,99,1,1,88,"777777777777","777777777777","777777777777",1,0
34,340301,2,2,1,3,8,16,49,12,6,1,0,34,1,20,25,20025,4,2013,"1G1PA5SH1D72","1","G","1","P","A","5","S","H","1","D","7","2",0,0,0,"000000000","00000000000",0,0,0,1,0,0,0,0,0,0,0,998,0,0,0,11,6,2,12,0,0,0,1,34,8098,6,1,0,0,3,0,71,999,0,0,0,1,1,7,2015,11,2015,0,0,0,0,0,1,2,50,1,1,2,1,0,0,1,17,1,1,1,89,"777777777777","777777777777","777777777777",0,0
34,340302,1,1,2,21,8,21,26,8,0,1,0,34,1,59,403,59403,14,2013,"2T2BK1BA3DC1","2","T","2","B","K","1","B","A","3","D","C","1",0,0,0,"000000000","00000000000",0,0,0,1,0,0,0,0,0,0,0,998,0,0,0,12,8,2,8,0,0,0,1,34,7719,6,1,0,0,3,0,68,999,0,0,0,0,0,0,0,0,0,0,86,0,0,0,3,2,50,1,1,2,2,0,0,1,80,1,1,1,13,"777777777777","777777777777","777777777777",0,0
34,340303,1,1,1,29,8,17,21,9,0,1,0,34,2,35,50,35050,4,2013,"3N1CN7AP6DL8","3","N","1","C","N","7","A","P","6","D","L","8",0,0,0,"000000000","00000000000",0,0,0,1,0,0,0,0,0,0,0,998,0,0,0,12,6,2,9,0,0,0,1,34,7701,6,1,0,0,3,0,74,999,0,0,0,0,0,0,0,0,0,0,0,0,0,0,1,3,45,1,1,2,1,3,3,1,83,1,1,1,13,"777777777777","777777777777","777777777777",0,0
34,340304,1,1,2,18,8,19,51,41,0,1,0,34,2,12,442,12442,20,1998,"2FMZA5144WBE","2","F","M","Z","A","5","1","4","4","W","B","E",0,0,0,"000000000","00000000000",0,0,0,1,0,0,0,0,0,0,0,998,0,2,6,99,6,2,1,0,0,0,1,34,7205,6,1,0,0,3,3,61,212,0,0,0,0,0,0,0,0,0,0,0,0,0,0,3,4,55,1,1,2,1,0,0,1,13,1,1,4,1,"777777777777","777777777777","777777777777",1,0
34,340305,1,1,1,15,8,12,0,42,0,1,0,34,1,21,2,21002,4,1991,"1G3HN54C3MH3","1","G","3","H","N","5","4","C","3","M","H","3",0,0,0,"000000000","00000000000",0,0,0,1,0,0,0,0,0,0,0,998,0,0,0,12,6,2,2,0,0,1,1,34,8088,6,1,0,0,3,0,69,999,0,0,0,0,0,0,0,0,0,9,0,0,0,0,1,2,45,1,1,2,1,0,0,1,13,1,1,4,1,"777777777777","777777777777","777777777777",1,0
34,340306,1,2,1,5,8,20,57,12,6,1,0,34,2,76,705,76705,80,2009,"JYARJ06E09A0","J","Y","A","R","J","0","6","E","0","9","A","0",0,0,0,"000000000","00000000000",0,0,0,1,0,0,0,0,0,0,0,998,0,0,0,12,8,2,12,0,0,0,1,34,7726,6,1,0,0,3,0,71,999,0,0,0,0,3,11,2015,2,2016,3,36,0,0,0,1,2,45,1,1,2,1,0,0,1,51,1,1,1,79,"777777777777","777777777777","777777777777",1,0