"STATE","ST_CASE","VEH_NO","VE_FORMS","NUMOCCS","DAY","MONTH","HOUR","MINUTE","HARM_EV","MAN_COLL","UNITTYPE","HIT_RUN","REG_STAT","OWNER","MAKE","MODEL","MAK_MOD","BODY_TYP","MOD_YEAR","VIN","VIN_1","VIN_2","VIN_3","VIN_4","VIN_5","VIN_6","VIN_7","VIN_8","VIN_9","VIN_10","VIN_11","VIN_12","TOW_VEH","J_KNIFE","MCARR_I1","MCARR_I2","MCARR_ID","GVWR","V_CONFIG","CARGO_BT","HAZ_INV","HAZ_PLAC","HAZ_ID","HAZ_CNO","HAZ_REL","BUS_USE","SPEC_USE","EMER_USE","TRAV_SP","UNDERIDE","ROLLOVER","ROLINLOC","IMPACT1","DEFORMED","TOWED","M_HARM","VEH_SC1","VEH_SC2","FIRE_EXP","DR_PRES","L_STATE","DR_ZIP","L_STATUS","L_TYPE","CDL_STAT","L_ENDORS","L_COMPL","L_RESTRI","DR_HGT","DR_WGT","PREV_ACC","PREV_SUS","PREV_DWI","PREV_SPD","PREV_OTH","FIRST_MO","FIRST_YR","LAST_MO","LAST_YR","SPEEDREL","DR_SF1","DR_SF2","DR_SF3","DR_SF4","VTRAFWAY","VNUM_LAN","VSPD_LIM","VALIGN","VPROFILE","VPAVETYP","VSURCOND","VTRAFCON","VTCONT_F","P_CRASH1","P_CRASH2","P_CRASH3","PCRASH4","PCRASH5","ACC_TYPE","TRLR1VIN","TRLR2VIN","TRLR3VIN","DEATHS","DR_DRINK"
34,340344,1,1,1,19,8,2,37,14,0,1,1,34,2,7,24,7024,4,2008,"2B3KA43GX8H2","2","B","3","K","A","4","3","G","X","8","H","2",0,0,0,"000000000","00000000000",0,0,0,1,0,0,0,0,0,0,0,81,0,0,0,1,6,2,8,0,0,0,1,34,7104,0,0,0,0,0,0,66,999,0,0,0,0,0,0,0,0,0,5,36,27,37,91,4,2,25,3,1,2,1,0,0,14,6,99,2,4,11,"777777777777","777777777777","777777777777",0,0
34,340345,1,2,19,19,8,6,5,12,6,1,0,34,3,98,983,98983,52,2011,"1N9416040BA1","1","N","9","4","1","6","0","4","0","B","A","1",0,0,57,"074293","57074293",3,21,22,1,0,0,0,0,6,3,0,998,0,0,0,3,6,2,12,0,0,0,1,34,7003,6,1,6,1,3,0,71,999,0,0,0,0,0,0,0,0,0,0,0,0,0,0,2,3,98,1,1,2,1,3,3,1,66,99,1,1,87,"777777777777","777777777777","777777777777",1,0
34,340345,2,2,1,19,8,6,5,12,6,1,0,34,3,98,983,98983,52,2010,"1N9416033AA1","1","N","9","4","1","6","0","3","3","A","A","1",0,0,57,"074293","57074293",3,21,22,1,0,0,0,0,6,3,0,998,0,0,0,12,6,2,12,0,0,0,1,34,7083,6,1,0,2,2,0,66,999,0,0,0,0,0,0,0,0,0,0,39,38,28,0,1,4,25,1,1,2,1,3,3,1,17,1,1,1,86,"777777777777","777777777777","777777777777",1,0
34,340346,1,1,1,9,8,0,32,8,0,1,0,34,2,63,38,63038,4,2016,"KNAFX4A69G56","K","N","A","F","X","4","A","6","9","G","5","6",0,0,0,"000000000","00000000000",0,0,0,1,0,0,0,0,0,0,0,998,0,0,0,12,8,3,8,0,0,0,1,34,8723,6,1,0,0,3,3,71,999,1,0,0,0,0,9,2014,9,2014,0,0,0,0,0,3,3,55,1,1,2,1,0,0,1,80,1,1,1,13,"777777777777","777777777777","777777777777",0,0
34,340347,1,1,1,29,5,7,45,9,0,1,0,42,2,12,23,12023,4,2016,"3FA6P0H75GR2","3","F","A","6","P","0","H","7","5","G","R","2",0,0,0,"000000000","00000000000",0,0,0,1,0,0,0,0,0,0,0,998,0,0,0,12,8,3,9,0,0,0,1,42,18966,6,1,0,0,3,3,66,999,0,0,0,0,0,0,0,0,0,0,0,0,0,0,1,2,25,1,1,2,1,0,0,1,80,1,1,1,13,"777777777777","777777777777","777777777777",0,0
34,340348,1,2,1,6,8,1,38,12,1,1,0,34,2,76,706,76706,80,2006,"JYARN15E56A0","J","Y","A","R","N","1","5","E","5","6","A","0",0,0,0,"000000000","00000000000",0,0,0,1,0,0,0,0,0,0,0,998,0,0,0,12,6,2,12,0,0,0,1,34,7103,6,1,0,0,3,0,72,999,0,0,0,0,0,0,0,0,0,0,26,6,0,0,3,5,50,1,1,2,1,0,0,1,51,99,1,1,24,"777777777777","777777777777","777777777777",1,1
34,340348,2,2,3,6,8,1,38,12,1,1,0,34,1,35,39,35039,4,2012,"1N4AA5AP1CC8","1","N","4","A","A","5","A","P","1","C","C","8",0,0,0,"000000000","00000000000",0,0,0,1,0,0,0,0,0,0,0,998,0,0,0,6,6,2,12,0,0,0,1,34,7832,6,1,0,0,3,3,66,999,0,0,0,0,4,8,2015,7,2016,0,0,0,0,0,3,5,50,1,1,2,1,0,0,1,53,99,1,1,25,"777777777777","777777777777","777777777777",0,0
34,340349,1,1,1,27,8,2,11,14,0,1,0,34,1,37,31,37031,4,2000,"JHMEJ6672YS0","J","H","M","E","J","6","6","7","2","Y","S","0",0,0,0,"000000000","00000000000",0,0,0,1,0,0,0,0,0,0,0,998,0,0,0,12,8,2,8,0,0,0,1,34,7104,6,1,0,0,3,0,69,999,0,0,0,0,0,0,0,0,0,0,91,0,0,0,1,4,25,1,1,2,1,0,0,1,13,99,1,4,98,"777777777777","777777777777","777777777777",0,1
34,340350,1,2,4,18,9,13,35,12,7,1,0,36,2,37,421,37421,15,2009,"5FNYF48449B0","5","F","N","Y","F","4","8","4","4","9","B","0",0,0,0,"000000000","00000000000",0,0,0,1,0,0,0,0,0,0,0,998,0,0,0,9,6,2,30,0,0,0,1,36,10457,6,1,0,0,3,0,999,999,1,0,0,0,0,8,2015,8,2015,0,0,0,0,0,3,5,55,1,1,2,1,0,0,1,60,1,1,1,45,"777777777777","777777777777","777777777777",1,0
34,340350,2,2,2,18,9,13,35,12,7,1,0,36,1,37,31,37031,2,2013,"2HGFG3B02DH5","2","H","G","F","G","3","B","0","2","D","H","5",0,0,0,"000000000","00000000000",0,0,0,1,0,0,0,0,0,0,0,998,0,0,0,2,8,2,12,0,0,0,1,36,11222,6,1,0,0,3,0,999,999,99,99,99,99,99,99,9999,99,9999,0,36,27,42,0,3,5,55,1,1,2,1,0,0,15,11,1,1,2,46,"777777777777","777777777777","777777777777",0,0
34,340351,1,1,3,27,9,6,49,24,0,1,0,23,2,12,423,12423,16,2000,"1FMNU43S6YEE","1","F","M","N","U","4","3","S","6","Y","E","E",0,0,0,"000000000","00000000000",0,0,0,1,0,0,0,0,0,0,0,998,0,1,5,11,6,2,1,0,0,0,1,23,4901,1,1,0,0,2,0,74,195,99,99,99,99,99,99,9999,99,9999,0,28,0,0,0,3,3,65,1,1,2,2,0,0,1,10,1,1,4,6,"777777777777","777777777777","777777777777",1,0
34,340352,1,2,3,12,9,21,59,12,6,1,0,34,2,20,401,20401,14,2004,"1GNET16S4461","1","G","N","E","T","1","6","S","4","4","6","1",0,0,0,"000000000","00000000000",0,0,0,1,0,0,0,0,0,0,0,91,0,0,0,12,6,2,12,0,0,1,1,34,8527,1,1,0,0,2,0,70,999,0,1,1,1,1,8,2014,9,2015,3,36,39,0,0,3,2,35,1,1,2,1,3,3,1,17,16,1,1,69,"777777777777","777777777777","777777777777",0,0
34,340352,2,2,1,12,9,21,59,12,6,1,0,34,2,37,31,37031,4,2016,"19XFC1F38GE2","1","9","X","F","C","1","F","3","8","G","E","2",0,0,0,"000000000","00000000000",0,0,0,1,0,0,0,0,0,0,0,998,0,0,0,3,6,2,12,0,0,0,1,34,8629,6,1,0,0,3,0,66,190,0,0,0,0,1,8,2015,8,2015,0,0,0,0,0,3,2,35,1,1,2,1,3,3,11,15,1,1,1,68,"777777777777","777777777777","777777777777",1,0
34,340353,1,2,1,28,9,8,20,12,1,1,0,34,2,42,43,42043,4,2000,"WDBNG70J1YA0","W","D","B","N","G","7","0","J","1","Y","A","0",0,0,0,"000000000","00000000000",0,0,0,1,0,0,0,0,0,0,0,998,0,0,0,12,8,2,12,0,0,0,1,34,7734,6,1,0,0,3,3,63,999,1,0,0,0,0,7,2012,7,2012,0,36,0,0,0,1,2,35,1,1,2,1,0,0,1,50,16,1,1,20,"777777777777","777777777777","777777777777",0,0
34,340353,2,2,2,28,9,8,20,12,1,1,0,34,2,49,32,49032,4,2011,"2T1BU4EE5BC6","2","T","1","B","U","4","E","E","5","B","C","6",0,0,0,"000000000","00000000000",0,0,0,1,0,0,0,0,0,0,0,0,0,0,0,6,8,2,8,0,0,0,1,34,7734,6,1,6,0,3,3,71,999,1,0,0,0,1,1,2012,1,2012,0,0,0,0,0,1,2,35,1,1,2,1,0,0,5,53,1,1,1,21,"777777777777","777777777777","777777777777",0,0
34,340354,1,1,1,20,9,12,21,30,0,1,0,42,1,12,481,12481,31,2008,"1FTRX14W48FB","1","F","T","R","X","1","4","W","4","8","F","B",0,0,0,"000000000","00000000000",0,0,0,1,0,0,0,0,0,0,0,998,0,1,5,11,8,2,1,0,0,0,1,42,16901,6,1,0,0,3,3,70,999,0,0,0,0,0,0,0,0,0,0,28,0,0,0,1,2,45,1,1,2,1,0,0,1,10,1,1,4,6,"777777777777","777777777777","777777777777",1,0
34,340355,1,2,2,7,9,12,43,12,6,1,0,34,1,37,31,37031,4,2015,"19XFB2F5XFE2","1","9","X","F","B","2","F","5","X","F","E","2",0,0,0,"000000000","00000000000",0,0,0,1,0,0,0,0,0,0,0,998,0,0,0,12,4,3,12,0,0,0,1,34,8360,6,1,0,0,3,3,68,999,0,0,0,0,0,0,0,0,0,0,39,0,0,0,1,2,45,1,1,2,1,20,3,1,17,1,1,1,88,"777777777777","777777777777","777777777777",1,0
34,340355,2,2,1,7,9,12,43,12,6,1,0,42,3,20,423,20423,15,2013,"1GNKRFEDXDJ1","1","G","N","K","R","F","E","D","X","D","J","1",0,0,0,"000000000","00000000000",0,0,0,1,0,0,0,0,0,0,0,998,0,0,0,9,6,2,12,0,0,0,1,34,8360,6,1,6,0,3,3,71,999,0,0,0,0,0,0,0,0,0,0,0,0,0,0,1,2,45,1,1,2,1,0,0,1,17,1,1,1,89,"777777777777","777777777777","777777777777",0,0
34,340356,1,2,2,27,9,13,23,12,6,1,0,34,1,37,32,37032,4,2004,"1HGCM56394A1","1","H","G","C","M","5","6","3","9","4","A","1",0,0,0,"000000000","00000000000",0,0,0,1,0,0,0,0,0,0,0,998,0,0,0,3,8,2,12,0,0,0,1,34,8831,6,1,0,0,3,3,71,999,0,0,0,0,2,12,2013,11,2015,0,6,0,0,0,2,5,50,1,1,2,1,3,3,11,15,1,1,2,68,"777777777777","777777777777","777777777777",1,0
34,340356,2,2,1,27,9,13,23,12,6,1,0,42,2,34,35,34035,4,1998,"WBADD6322WBW","W","B","A","D","D","6","3","2","2","W","B","W",0,0,0,"000000000","00000000000",0,0,0,1,0,0,0,0,0,0,0,998,0,0,0,12,8,2,12,0,0,0,1,42,19152,6,1,6,0,3,0,65,999,0,0,0,0,0,0,0,0,0,0,0,0,0,0,2,5,50,1,1,2,1,3,3,1,17,16,1,1,69,"777777777777","777777777777","777777777777",0,0
34,340357,1,1,1,7,9,20,8,8,0,1,0,34,1,55,33,55033,4,2012,"5NPEB4ACXCH4","5","N","P","E","B","4","A","C","X","C","H","4",0,0,0,"000000000","00000000000",0,0,0,1,0,0,0,0,0,0,0,998,0,0,0,12,6,2,8,0,0,0,1,34,8005,6,1,0,0,3,0,69,999,0,0,0,0,0,0,0,0,0,0,0,0,0,0,1,2,45,4,1,2,1,0,0,14,80,16,1,1,13,"777777777777","777777777777","777777777777",0,0
34,340358,1,1,1,17,9,23,34,1,0,1,0,34,1,72,706,72706,80,2000,"1HD4CAM12YK1","1","H","D","4","C","A","M","1","2","Y","K","1",0,0,0,"000000000","00000000000",0,0,0,1,0,0,0,0,0,0,0,998,0,0,0,0,6,2,1,0,0,0,1,34,8011,6,1,6,0,3,3,70,999,1,0,0,0,0,9,2015,9,2015,0,0,0,0,0,1,2,50,3,1,2,1,0,0,14,11,1,1,2,98,"777777777777","777777777777","777777777777",1,1
34,340359,1,2,1,24,9,3,47,12,11,1,0,34,1,35,43,35043,4,2015,"3N1AB7AP8FY2","3","N","1","A","B","7","A","P","8","F","Y","2",0,0,0,"000000000","00000000000",0,0,0,1,0,0,0,0,0,0,0,998,0,0,0,12,6,2,12,0,0,0,1,34,8757,6,1,0,0,3,0,68,999,2,0,0,1,2,5,2013,1,2015,0,0,0,0,0,3,4,65,1,1,2,1,0,0,1,50,1,1,1,98,"777777777777","777777777777","777777777777",1,0
34,340359,2,2,0,24,9,3,47,12,11,1,0,18,6,82,881,82881,63,2013,"1FVACXDT3DHF","1","F","V","A","C","X","D","T","3","D","H","F",0,0,57,"380226","57380226",3,1,1,1,0,0,0,0,0,0,0,0,0,0,0,14,8,2,12,0,0,0,0,0,99997,7,6,97,7,6,7,998,997,998,998,998,998,998,98,9998,98,9998,8,0,0,0,0,3,4,65,1,1,2,1,0,0,0,53,0,0,0,98,"777777777777","777777777777","777777777777",0,0
34,340360,1,2,1,28,9,7,44,12,1,1,0,34,1,7,442,7442,20,2002,"2B8GP54L72R7","2","B","8","G","P","5","4","L","7","2","R","7",0,0,0,"000000000","00000000000",0,0,0,1,0,0,0,0,0,0,0,998,0,0,0,6,6,2,12,0,0,0,1,12,33321,6,1,0,0,3,0,68,999,0,0,0,0,0,0,0,0,0,0,0,0,0,0,1,2,35,1,1,2,1,0,0,1,53,1,1,1,26,"777777777777","777777777777","777777777777",0,0
34,340360,2,2,2,28,9,7,44,12,1,1,0,34,1,20,37,20037,4,2016,"1G11C5SA1GF1","1","G","1","1","C","5","S","A","1","G","F","1",0,0,0,"000000000","00000000000",0,0,0,1,0,0,0,0,0,0,0,998,0,0,0,12,6,2,12,0,0,0,1,34,8721,6,1,0,0,3,3,60,999,0,0,0,0,0,0,0,0,0,0,6,0,0,0,1,2,35,1,1,2,1,0,0,1,51,1,1,1,24,"777777777777","777777777777","777777777777",1,0
34,340361,1,2,1,17,9,11,23,12,6,1,0,34,1,49,40,49040,4,2008,"4T1BE46K78U7","4","T","1","B","E","4","6","K","7","8","U","7",0,0,0,"000000000","00000000000",0,0,0,1,0,0,0,0,0,0,0,998,0,0,0,3,6,2,12,0,0,0,1,34,8759,6,1,0,0,3,3,62,999,0,0,0,0,1,6,2012,6,2012,0,39,38,0,0,1,2,45,1,1,2,1,20,3,1,17,1,1,1,87,"777777777777","777777777777","777777777777",1,0
34,340361,2,2,2,17,9,11,23,12,6,1,0,34,2,30,40,30040,4,2016,"3VWL17AJ7GM2","3","V","W","L","1","7","A","J","7","G","M","2",0,0,0,"000000000","00000000000",0,0,0,1,0,0,0,0,0,0,0,998,0,0,0,12,6,2,12,0,0,0,1,34,8510,6,2,0,0,3,1,67,999,0,0,0,0,0,0,0,0,0,0,0,0,0,0,1,2,50,1,1,2,1,0,0,1,66,1,1,1,86,"777777777777","777777777777","777777777777",0,0
34,340362,1,2,3,17,9,20,53,12,2,1,0,34,1,14,38,14038,3,2001,"1ZWFT61L5156","1","Z","W","F","T","6","1","L","5","1","5","6",0,0,0,"000000000","00000000000",0,0,0,1,0,0,0,0,0,0,0,998,0,0,0,12,6,2,12,0,0,0,1,34,8087,6,1,0,0,3,3,64,999,1,0,0,0,3,6,2012,5,2015,0,28,6,0,0,1,2,55,3,2,2,1,0,0,14,10,99,1,2,50,"777777777777","777777777777","777777777777",2,1
34,340362,2,2,2,17,9,20,53,12,2,1,0,42,1,37,402,37402,14,2002,"JHLRD78842C0","J","H","L","R","D","7","8","8","4","2","C","0",0,0,0,"000000000","00000000000",0,0,0,1,0,0,0,0,0,0,0,998,0,1,2,12,6,2,12,0,0,0,1,42,19047,6,1,0,0,3,0,65,999,0,0,0,0,0,0,0,0,0,0,0,0,0,0,1,2,55,2,2,2,1,0,0,14,62,99,1,1,51,"777777777777","777777777777","777777777777",1,0
34,340363,1,1,1,17,9,10,35,1,0,1,0,34,3,98,809,98809,63,2001,"2FZNEWEB21AH","2","F","Z","N","E","W","E","B","2","1","A","H",0,0,57,"570427","57570427",3,2,4,1,0,0,0,0,0,0,0,998,0,1,3,0,6,2,1,0,0,0,1,34,8012,6,1,6,9,8,0,74,999,0,0,0,0,0,0,0,0,0,0,80,0,0,0,2,2,65,1,1,2,1,0,0,1,1,99,2,4,9,"777777777777","777777777777","777777777777",1,0
34,340364,1,2,1,11,9,14,51,12,6,1,0,34,2,37,706,37706,80,2014,"JH2SC5959EK6","J","H","2","S","C","5","9","5","9","E","K","6",0,0,0,"000000000","00000000000",0,0,0,1,0,0,0,0,0,0,0,998,0,0,0,12,6,2,12,0,0,0,1,34,8332,6,1,0,0,3,0,73,999,1,0,0,0,2,1,2013,4,2013,5,6,0,0,0,1,2,50,1,2,2,1,0,0,1,67,99,1,1,83,"777777777777","777777777777","777777777777",1,1
34,340364,2,2,4,11,9,14,51,12,6,1,0,34,1,12,401,12401,14,2006,"1FMEU74E26UA","1","F","M","E","U","7","4","E","2","6","U","A",0,0,0,"000000000","00000000000",0,0,0,1,0,0,0,0,0,0,0,998,0,0,0,9,6,2,12,0,0,0,1,34,8332,6,1,0,0,3,0,67,999,0,0,0,0,0,0,0,0,0,0,38,0,0,0,1,2,98,1,9,2,1,20,3,11,15,1,1,1,82,"777777777777","777777777777","777777777777",0,0
34,340365,1,1,1,20,9,3,51,52,0,1,0,12,4,20,2,20002,4,2016,"2G1WB5E37G11","2","G","1","W","B","5","E","3","7","G","1","1",0,0,0,"000000000","00000000000",0,0,0,1,0,0,0,0,0,0,0,998,0,0,0,11,6,2,52,0,0,0,1,34,8094,6,1,0,0,3,0,64,999,2,1,0,1,3,1,2013,4,2016,0,0,0,0,0,3,3,65,1,1,2,2,0,0,1,12,99,1,4,6,"777777777777","777777777777","777777777777",1,0
34,340366,1,1,2,25,9,11,11,24,0,1,0,34,1,73,706,73706,80,1994,"JKAZGCA13RB5","J","K","A","Z","G","C","A","1","3","R","B","5",0,0,0,"000000000","00000000000",0,0,0,1,0,0,0,0,0,0,0,998,0,0,0,1,6,2,24,0,0,0,1,34,7419,6,1,0,0,3,0,73,265,0,0,0,0,1,3,2016,3,2016,0,0,0,0,0,3,5,55,1,1,2,1,0,0,1,13,99,1,4,1,"777777777777","777777777777","777777777777",2,0
34,340367,1,2,1,30,9,8,24,12,6,1,0,42,1,35,401,35401,14,2015,"5N1AR2MM2FC7","5","N","1","A","R","2","M","M","2","F","C","7",0,0,0,"000000000","00000000000",0,0,0,1,0,0,0,0,0,0,0,998,0,0,0,9,6,2,12,0,0,0,1,42,19380,6,1,0,0,3,0,68,999,0,0,0,0,0,0,0,0,0,0,39,38,0,0,1,2,50,1,1,2,2,20,3,1,17,99,1,1,89,"777777777777","777777777777","777777777777",1,0
34,340367,2,2,2,30,9,8,24,12,6,1,0,34,2,12,481,12481,31,2012,"1FTFW1ET9CFC","1","F","T","F","W","1","E","T","9","C","F","C",0,0,0,"000000000","00000000000",0,0,0,1,0,0,0,0,0,0,0,998,0,0,0,12,6,2,12,0,0,0,1,34,8085,1,1,0,0,2,0,62,999,0,2,0,0,5,3,2012,3,2015,0,91,0,0,0,1,2,50,1,1,2,2,0,0,1,66,1,1,1,88,"777777777777","777777777777","777777777777",0,0
34,340368,1,2,1,4,9,16,55,12,1,1,0,34,1,22,20,22020,4,2002,"1G2WR52142F1","1","G","2","W","R","5","2","1","4","2","F","1",0,0,0,"000000000","00000000000",0,0,0,1,0,0,0,0,0,0,0,998,0,0,0,12,8,2,12,0,0,0,1,34,8302,6,1,0,0,3,3,67,999,0,0,0,0,2,2,2013,2,2015,4,26,91,0,0,1,2,50,1,1,2,1,3,3,1,50,1,1,1,20,"777777777777","777777777777","777777777777",0,0
34,340368,2,2,1,4,9,16,55,12,1,1,0,34,1,72,706,72706,80,2009,"1HD1FC4109Y6","1","H","D","1","F","C","4","1","0","9","Y","6",0,0,0,"000000000","00000000000",0,0,0,1,0,0,0,0,0,0,0,0,0,0,0,6,8,2,12,0,0,0,1,34,8302,6,1,6,0,3,0,74,999,0,0,0,0,0,0,0,0,0,0,0,0,0,0,1,2,50,1,1,2,1,3,3,5,53,1,1,1,21,"777777777777","777777777777","777777777777",1,0
34,340369,1,2,1,6,9,20,7,12,6,1,0,34,0,12,402,12402,14,2001,"1FMYU04131KF","1","F","M","Y","U","0","4","1","3","1","K","F",0,0,0,"000000000","00000000000",0,0,0,1,0,0,0,0,0,0,0,998,0,0,0,12,6,2,12,0,0,0,1,34,8094,6,2,0,0,3,3,60,999,0,0,0,0,0,0,0,0,0,0,39,38,0,0,2,2,45,1,1,2,1,3,3,1,17,99,1,1,69,"777777777777","777777777777","777777777777",0,0
34,340369,2,2,4,6,9,20,7,12,6,1,0,34,1,35,403,35403,14,2015,"JN8AF5MVXFT5","J","N","8","A","F","5","M","V","X","F","T","5",0,0,0,"000000000","00000000000",0,0,0,1,0,0,0,0,0,0,0,998,0,0,0,3,6,2,12,0,0,0,1,34,8087,6,1,0,0,3,0,61,999,0,0,0,0,1,9,2012,9,2012,0,0,0,0,0,1,6,45,1,1,2,1,3,3,11,62,1,1,1,68,"777777777777","777777777777","777777777777",1,0
34,340370,1,1,1,9,9,14,18,59,0,1,0,34,2,49,402,49402,14,2005,"JTEHD20V1560","J","T","E","H","D","2","0","V","1","5","6","0",0,0,0,"000000000","00000000000",0,0,0,1,0,0,0,0,0,0,0,998,0,1,5,12,6,2,42,0,0,0,1,34,8050,6,1,0,0,3,0,69,999,0,0,0,0,0,0,0,0,0,0,0,0,0,0,3,3,65,1,1,2,1,0,0,1,13,99,1,4,1,"777777777777","777777777777","777777777777",1,0
34,340371,1,3,1,22,9,5,45,12,8,1,0,34,1,20,481,20481,31,2004,"1GCEK19T14Z1","1","G","C","E","K","1","9","T","1","4","Z","1",0,0,0,"000000000","00000000000",0,0,0,1,0,0,0,0,0,0,0,998,0,0,0,11,6,2,12,0,0,0,1,34,8349,6,1,0,0,3,3,71,999,1,0,0,0,4,4,2012,9,2016,0,28,0,0,0,1,2,50,1,1,2,1,0,0,1,10,1,1,1,64,"777777777777","777777777777","777777777777",0,0
34,340371,2,3,1,22,9,5,45,12,8,1,0,42,1,12,37,12037,5,2015,"1FADP3K20FL3","1","F","A","D","P","3","K","2","0","F","L","3",0,0,0,"000000000","00000000000",0,0,0,1,0,0,0,0,0,0,0,998,0,0,0,11,6,2,12,0,0,0,1,42,19147,6,1,0,0,3,3,66,170,0,0,0,0,0,0,0,0,0,0,99,99,99,99,1,2,50,1,1,2,1,0,0,1,62,99,1,1,65,"777777777777","777777777777","777777777777",1,0
34,340371,3,3,1,22,9,5,45,12,8,1,0,24,4,82,881,82881,66,2016,"3AKJGBDV6GDH","3","A","K","J","G","B","D","V","6","G","D","H",1,1,57,"2029816","572029816",3,6,8,1,0,0,0,0,0,0,0,998,0,0,0,12,8,2,12,0,0,0,1,24,21207,6,1,0,0,3,0,71,195,0,0,0,0,0,0,0,0,0,0,0,0,0,0,1,2,50,1,1,2,1,0,0,1,62,1,1,1,98,"888888888888","777777777777","777777777777",0,0
34,340372,1,2,1,25,9,13,36,12,7,1,0,34,2,30,46,30046,4,2014,"1VWAP7A37EC0","1","V","W","A","P","7","A","3","7","E","C","0",0,0,0,"000000000","00000000000",0,0,0,1,0,0,0,0,0,0,0,998,0,0,0,2,8,5,12,0,0,0,1,34,7866,6,1,0,0,3,0,72,999,0,0,0,0,0,0,0,0,0,0,27,85,0,0,1,4,25,1,2,2,1,3,3,17,11,1,1,2,48,"777777777777","777777777777","777777777777",0,0
34,340372,2,2,1,25,9,13,36,12,7,1,0,34,1,72,706,72706,80,2008,"1HD1GM4158K3","1","H","D","1","G","M","4","1","5","8","K","3",0,0,0,"000000000","00000000000",0,0,0,1,0,0,0,0,0,0,0,998,0,0,0,9,8,2,12,0,0,0,1,34,7825,6,1,0,0,3,3,68,999,0,0,0,0,0,0,0,0,0,0,0,0,0,0,1,4,25,1,2,2,1,3,3,1,60,99,1,1,48,"777777777777","777777777777","777777777777",1,0
34,340373,1,2,2,25,9,13,34,12,2,1,0,34,2,20,481,20481,31,2002,"2GCEK19T1212","2","G","C","E","K","1","9","T","1","2","1","2",0,0,0,"000000000","00000000000",0,0,0,1,0,0,0,0,0,0,0,998,0,0,0,12,6,2,12,0,0,0,1,34,8322,6,1,0,0,3,0,68,999,2,0,0,0,4,5,2012,5,2014,0,38,6,0,0,1,2,50,1,1,2,1,0,0,11,15,1,1,1,68,"777777777777","777777777777","777777777777",0,0
34,340373,2,2,1,25,9,13,34,12,2,1,0,34,1,72,706,72706,80,2009,"1HD4CR2129K4","1","H","D","4","C","R","2","1","2","9","K","4",0,0,0,"000000000","00000000000",0,0,0,1,0,0,0,0,0,0,0,998,0,0,0,12,8,2,12,0,0,0,1,34,8094,6,1,6,0,3,0,70,999,0,0,0,0,0,0,0,0,0,0,84,0,0,0,1,2,50,1,1,2,1,0,0,1,62,16,2,1,69,"777777777777","777777777777","777777777777",1,0
34,340374,1,2,1,16,9,9,11,12,6,1,0,34,1,49,43,49043,4,2004,"4T1BF28B64U3","4","T","1","B","F","2","8","B","6","4","U","3",0,0,0,"000000000","00000000000",0,0,0,1,0,0,0,0,0,0,0,998,0,0,0,10,8,2,12,0,0,0,1,12,99999,9,9,99,9,9,9,999,999,99,99,99,99,99,99,9999,99,9999,0,38,0,0,0,1,2,50,1,1,2,1,20,3,11,15,1,1,1,82,"777777777777","777777777777","777777777777",1,1
34,340374,2,2,1,16,9,9,11,12,6,1,0,34,3,86,884,86884,63,2007,"1M2AT04C77M0","1","M","2","A","T","0","4","C","7","7","M","0",0,0,57,"2519600","572519600",3,2,4,1,0,0,0,0,0,0,0,998,0,0,0,12,8,2,12,0,0,0,1,34,8232,6,1,6,9,8,0,68,999,3,0,0,0,1,6,2012,3,2013,0,0,0,0,0,1,2,50,1,1,2,1,0,0,1,67,6,1,1,83,"777777777777","777777777777","777777777777",0,0
34,340375,1,2,1,13,9,11,11,12,6,1,0,42,1,12,37,12037,4,2001,"1FAFP34331W3","1","F","A","F","P","3","4","3","3","1","W","3",0,0,0,"000000000","00000000000",0,0,0,1,0,0,0,0,0,0,0,998,0,0,0,3,6,2,12,0,0,0,1,42,19020,6,1,0,0,3,3,66,999,0,0,0,0,0,0,0,0,0,0,48,39,53,0,2,3,50,1,1,2,1,3,3,11,15,1,1,1,68,"777777777777","777777777777","777777777777",1,0
34,340375,2,2,1,13,9,11,11,12,6,1,0,18,3,82,881,82881,66,2000,"1FUYDMDB8YPF","1","F","U","Y","D","M","D","B","8","Y","P","F",1,1,57,"38111","5738111",3,6,1,1,0,0,0,0,0,0,0,998,0,0,0,12,6,2,12,0,0,0,1,34,8629,6,1,6,1,3,0,66,999,1,0,0,0,3,10,2013,2,2015,0,0,0,0,0,2,3,50,1,1,2,1,3,3,1,62,16,1,1,69,"888888888888","777777777777","777777777777",0,0
34,340376,1,1,1,27,9,19,50,33,0,1,0,34,1,49,422,49422,15,2004,"5TDBT48A64S2","5","T","D","B","T","4","8","A","6","4","S","2",0,0,0,"000000000","00000000000",0,0,0,1,0,0,0,0,0,0,0,998,0,0,0,12,6,2,8,0,0,0,1,34,8530,6,1,0,0,3,0,69,999,0,0,0,0,0,0,0,0,0,5,0,0,0,0,1,2,35,2,1,2,1,0,0,14,12,1,1,4,6,"777777777777","777777777777","777777777777",0,0
34,340377,1,1,1,8,9,21,18,8,0,1,0,34,1,20,22,20022,4,2008,"1G1AL58F6871","1","G","1","A","L","5","8","F","6","8","7","1",0,0,0,"000000000","00000000000",0,0,0,1,0,0,0,0,0,0,0,998,0,0,0,2,4,3,8,0,0,0,1,34,8015,6,1,0,0,3,0,62,999,1,0,0,1,8,11,2012,10,2015,0,0,0,0,0,1,2,45,1,1,2,1,0,0,1,80,1,1,1,13,"777777777777","777777777777","777777777777",0,0