"STATE","ST_CASE","VEH_NO","VE_FORMS","NUMOCCS","DAY","MONTH","HOUR","MINUTE","HARM_EV","MAN_COLL","UNITTYPE","HIT_RUN","REG_STAT","OWNER","MAKE","MODEL","MAK_MOD","BODY_TYP","MOD_YEAR","VIN","VIN_1","VIN_2","VIN_3","VIN_4","VIN_5","VIN_6","VIN_7","VIN_8","VIN_9","VIN_10","VIN_11","VIN_12","TOW_VEH","J_KNIFE","MCARR_I1","MCARR_I2","MCARR_ID","GVWR","V_CONFIG","CARGO_BT","HAZ_INV","HAZ_PLAC","HAZ_ID","HAZ_CNO","HAZ_REL","BUS_USE","SPEC_USE","EMER_USE","TRAV_SP","UNDERIDE","ROLLOVER","ROLINLOC","IMPACT1","DEFORMED","TOWED","M_HARM","VEH_SC1","VEH_SC2","FIRE_EXP","DR_PRES","L_STATE","DR_ZIP","L_STATUS","L_TYPE","CDL_STAT","L_ENDORS","L_COMPL","L_RESTRI","DR_HGT","DR_WGT","PREV_ACC","PREV_SUS","PREV_DWI","PREV_SPD","PREV_OTH","FIRST_MO","FIRST_YR","LAST_MO","LAST_YR","SPEEDREL","DR_SF1","DR_SF2","DR_SF3","DR_SF4","VTRAFWAY","VNUM_LAN","VSPD_LIM","VALIGN","VPROFILE","VPAVETYP","VSURCOND","VTRAFCON","VTCONT_F","P_CRASH1","P_CRASH2","P_CRASH3","PCRASH4","PCRASH5","ACC_TYPE","TRLR1VIN","TRLR2VIN","TRLR3VIN","DEATHS","DR_DRINK"
34,340378,1,2,2,23,4,20,9,8,0,1,1,34,2,49,51,49051,4,2011,"JTDBT4K38B14","J","T","D","B","T","4","K","3","8","B","1","4",0,0,0,"000000000","00000000000",0,0,0,1,0,0,0,0,0,0,0,998,0,0,0,12,4,3,8,0,0,0,1,34,8084,6,2,0,0,3,0,69,999,0,1,1,0,6,7,2013,1,2016,3,29,34,0,0,3,2,45,1,1,2,1,0,0,6,80,16,1,1,13,"777777777777","777777777777","777777777777",0,0
34,340378,2,2,4,23,4,20,9,8,0,1,0,34,1,49,442,49442,20,2010,"5TDKK4CC6AS3","5","T","D","K","K","4","C","C","6","A","S","3",0,0,0,"000000000","00000000000",0,0,0,1,0,0,0,0,0,0,0,0,0,0,0,6,0,5,54,0,0,0,1,34,8081,6,1,0,0,3,0,74,999,1,0,0,0,0,6,2015,6,2015,0,0,0,0,0,3,2,45,1,1,2,1,0,0,5,53,1,1,1,98,"777777777777","777777777777","777777777777",0,0
34,340379,1,1,4,13,10,18,35,1,0,1,0,34,1,7,472,7472,30,1992,"1B7FL23X2NS6","1","B","7","F","L","2","3","X","2","N","S","6",0,0,0,"000000000","00000000000",0,0,0,1,0,0,0,0,0,0,0,998,0,2,6,0,6,2,1,0,0,0,1,34,7040,6,1,0,0,3,0,63,999,3,1,0,1,3,3,2012,6,2016,0,58,83,0,0,3,2,65,1,1,2,2,0,0,1,87,7,4,4,2,"777777777777","777777777777","777777777777",1,0
34,340380,1,1,1,4,10,18,46,25,0,1,0,34,2,35,43,35043,4,2015,"3N1AB7AP8FY3","3","N","1","A","B","7","A","P","8","F","Y","3",0,0,0,"000000000","00000000000",0,0,0,1,0,0,0,0,0,0,0,998,0,0,0,12,8,2,25,0,0,0,1,34,8759,1,1,0,0,2,3,69,187,0,4,1,0,6,3,2012,9,2016,0,39,0,0,0,3,2,35,1,1,2,1,20,3,1,12,1,1,4,6,"777777777777","777777777777","777777777777",1,0
34,340381,1,1,1,5,10,13,16,24,0,1,0,34,1,59,31,59031,4,1999,"JT8BF28GXX02","J","T","8","B","F","2","8","G","X","X","0","2",0,0,0,"000000000","00000000000",0,0,0,1,0,0,0,0,0,0,0,998,0,2,3,61,6,2,1,0,0,0,1,34,8087,6,1,0,0,3,0,74,999,3,2,0,0,8,10,2012,9,2016,5,6,0,0,0,3,3,65,1,1,2,1,0,0,1,10,7,4,4,6,"777777777777","777777777777","777777777777",1,0
34,340382,1,1,2,12,10,18,38,35,0,1,0,34,1,18,7,18007,4,2003,"2G4WS52J4311","2","G","4","W","S","5","2","J","4","3","1","1",0,0,0,"000000000","00000000000",0,0,0,1,0,0,0,0,0,0,0,998,0,0,0,12,6,2,42,0,0,0,1,34,8831,6,1,0,0,3,0,62,999,0,0,0,0,0,0,0,0,0,0,28,0,0,0,1,2,35,1,1,2,1,0,0,1,13,1,1,4,1,"777777777777","777777777777","777777777777",1,0
34,340383,1,2,1,21,10,6,9,12,1,1,0,34,1,20,481,20481,31,2001,"1GCHK23G91F1","1","G","C","H","K","2","3","G","9","1","F","1",0,0,0,"000000000","00000000000",0,0,0,1,0,0,0,0,0,0,0,0,0,0,0,6,6,2,12,0,0,0,1,34,7461,6,1,0,0,3,0,77,999,0,0,0,1,2,5,2013,3,2015,0,0,0,0,0,1,2,50,1,6,2,1,0,0,5,60,1,1,5,98,"777777777777","777777777777","777777777777",0,0
34,340383,2,2,11,21,10,6,9,12,1,1,0,34,3,12,461,12461,21,2001,"1FBSS31L41HA","1","F","B","S","S","3","1","L","4","1","H","A",0,0,0,"000000000","00000000000",0,0,0,1,0,0,0,0,0,0,0,998,0,1,6,12,6,2,12,0,0,1,1,34,7505,6,1,0,0,3,0,69,999,1,0,0,0,1,8,2013,5,2016,0,6,0,0,0,1,2,50,1,6,2,1,0,0,1,11,1,1,4,98,"777777777777","777777777777","777777777777",1,0
34,340384,1,1,1,10,10,5,55,8,0,1,0,34,2,20,481,20481,31,2012,"1GCRKPE73CZ3","1","G","C","R","K","P","E","7","3","C","Z","3",0,0,0,"000000000","00000000000",0,0,0,1,0,0,0,0,0,0,0,998,0,0,0,12,8,2,8,0,0,0,1,34,8330,6,1,0,0,3,0,72,999,0,0,0,0,8,2,2012,11,2015,0,36,0,0,0,3,3,45,1,1,2,1,3,3,1,80,1,1,1,13,"777777777777","777777777777","777777777777",0,1
34,340385,1,2,1,5,10,18,15,1,0,1,0,51,3,82,881,82881,66,2010,"1FUJGLDR8ALA","1","F","U","J","G","L","D","R","8","A","L","A",1,1,57,"853087","57853087",3,6,1,1,0,0,0,0,0,0,0,998,0,2,1,0,6,2,1,0,0,0,1,37,27105,6,1,6,9,3,3,74,999,1,0,0,0,1,2,2015,12,2015,0,0,0,0,0,6,2,50,2,1,2,1,0,0,14,8,7,1,2,98,"999999999999","777777777777","777777777777",0,0
34,340385,2,2,1,5,10,18,15,1,0,1,0,10,1,35,472,35472,30,2013,"1N6AD0EV4DN7","1","N","6","A","D","0","E","V","4","D","N","7",0,0,0,"000000000","00000000000",0,0,0,1,0,0,0,0,0,0,0,998,0,0,0,13,6,2,12,0,0,0,1,10,19702,6,1,0,0,3,3,70,275,0,0,0,0,0,0,0,0,0,0,0,0,0,0,6,2,50,2,1,2,1,0,0,14,60,1,1,1,98,"777777777777","777777777777","777777777777",1,0
34,340386,1,1,2,16,10,15,51,5,0,1,0,34,3,13,1,13001,4,2008,"2LNHM84W38X6","2","L","N","H","M","8","4","W","3","8","X","6",0,0,0,"000000000","00000000000",0,0,0,1,0,0,0,0,0,0,0,998,0,0,0,0,0,3,5,0,0,0,1,36,11779,6,1,0,0,3,0,69,999,0,0,0,0,0,0,0,0,0,0,0,0,0,0,3,4,65,1,2,2,1,0,0,1,98,1,1,1,0,"777777777777","777777777777","777777777777",1,0
34,340387,1,2,2,25,10,12,44,12,2,1,0,34,1,20,403,20403,14,2003,"1GNDT13S2323","1","G","N","D","T","1","3","S","2","3","2","3",0,0,0,"000000000","00000000000",0,0,0,1,0,0,0,0,0,0,0,998,0,0,0,12,6,2,12,0,0,0,1,34,8243,6,1,0,0,3,3,66,999,0,0,0,0,0,0,0,0,0,0,85,28,0,0,1,2,45,1,1,2,1,0,0,17,10,6,1,2,50,"777777777777","777777777777","777777777777",1,0
34,340387,2,2,1,25,10,12,44,12,2,1,0,34,3,12,481,12481,31,2003,"1FTNX21P93EC","1","F","T","N","X","2","1","P","9","3","E","C",0,0,0,"000000000","00000000000",0,0,0,1,0,0,0,0,0,0,0,998,0,0,0,12,4,3,12,0,0,0,1,34,8223,6,1,0,0,3,3,72,999,0,0,0,0,1,8,2015,8,2015,0,0,0,0,0,1,2,45,1,1,2,1,0,0,1,62,7,1,1,51,"777777777777","777777777777","777777777777",0,0
34,340388,1,1,1,16,10,12,6,42,0,1,0,34,2,34,706,34706,80,2010,"WB1051704AZV","W","B","1","0","5","1","7","0","4","A","Z","V",0,0,0,"000000000","00000000000",0,0,0,1,0,0,0,0,0,0,0,998,0,0,0,12,6,2,2,0,0,1,1,97,0,9,9,99,9,9,9,69,185,99,99,99,99,99,99,9999,99,9999,0,6,0,0,0,1,2,35,3,5,2,1,0,0,14,13,1,1,4,1,"777777777777","777777777777","777777777777",1,0
34,340389,1,1,1,16,10,20,51,42,0,1,0,34,1,20,481,20481,31,2005,"1GCEK19B05E1","1","G","C","E","K","1","9","B","0","5","E","1",0,0,0,"000000000","00000000000",0,0,0,1,0,0,0,0,0,0,0,998,0,0,0,9,6,2,42,0,0,0,1,34,8204,6,1,0,0,3,0,75,999,1,0,0,1,1,3,2012,4,2015,0,0,0,0,0,3,2,65,1,1,2,1,0,0,1,13,1,1,4,1,"777777777777","777777777777","777777777777",1,1
34,340390,1,2,0,21,10,0,8,12,6,1,0,51,6,49,32,49032,4,2015,"2T1BURHE3FC2","2","T","1","B","U","R","H","E","3","F","C","2",0,0,0,"000000000","00000000000",0,0,0,1,0,0,0,0,0,0,0,0,0,0,0,8,6,2,12,0,0,0,0,0,99997,7,6,97,7,6,7,998,997,998,998,998,998,998,98,9998,98,9998,8,20,0,0,0,3,3,65,1,1,2,1,0,0,0,98,0,0,0,98,"777777777777","777777777777","777777777777",0,0
34,340390,2,2,1,21,10,0,8,12,6,1,0,34,1,39,37,39037,4,2011,"SAJWA0GB6BLR","S","A","J","W","A","0","G","B","6","B","L","R",0,0,0,"000000000","00000000000",0,0,0,1,0,0,0,0,0,0,0,998,0,0,0,1,6,2,12,0,0,0,1,34,7302,6,1,0,0,3,0,71,999,0,0,0,0,1,7,2013,7,2013,0,0,0,0,0,3,3,65,1,1,2,1,0,0,1,50,6,1,2,98,"777777777777","777777777777","777777777777",0,0
34,340391,1,1,1,21,10,13,47,9,0,1,1,34,2,35,47,35047,4,2015,"1N4AL3AP3FC1","1","N","4","A","L","3","A","P","3","F","C","1",0,0,0,"000000000","00000000000",0,0,0,1,0,0,0,0,0,0,0,998,0,0,0,1,8,5,9,0,0,0,1,34,8205,1,1,0,0,2,3,71,999,0,1,0,0,1,9,2014,9,2016,0,28,0,0,0,1,2,40,1,1,2,1,0,0,1,83,1,1,1,13,"777777777777","777777777777","777777777777",0,0
34,340392,1,5,0,5,10,19,39,12,1,1,0,34,3,7,442,7442,20,2016,"2C4RDGCG0GR3","2","C","4","R","D","G","C","G","0","G","R","3",0,0,0,"000000000","00000000000",0,0,0,1,0,0,0,0,0,0,0,999,0,0,0,6,6,2,8,0,0,0,0,0,99997,7,6,97,7,6,7,998,997,998,998,998,998,998,98,9998,98,9998,8,0,0,0,0,3,5,55,1,1,1,1,0,0,0,98,0,0,0,98,"777777777777","777777777777","777777777777",0,0
34,340392,2,5,1,5,10,19,39,12,1,1,0,34,1,35,47,35047,4,2014,"1N4AL3AP0EC2","1","N","4","A","L","3","A","P","0","E","C","2",0,0,0,"000000000","00000000000",0,0,0,1,0,0,0,0,0,0,0,999,0,0,0,12,6,2,12,0,0,0,1,34,8901,6,1,0,0,3,3,73,999,0,0,0,0,1,12,2012,12,2012,0,0,0,0,0,3,5,55,1,1,1,1,0,0,1,64,1,1,1,98,"777777777777","777777777777","777777777777",0,0
34,340392,3,5,1,5,10,19,39,12,1,1,0,34,1,55,35,55035,4,2017,"5NPD84LF9HH1","5","N","P","D","8","4","L","F","9","H","H","1",0,0,0,"000000000","00000000000",0,0,0,1,0,0,0,0,0,0,0,999,0,0,0,6,6,2,12,0,0,0,1,34,8820,1,1,0,0,2,0,68,999,0,5,0,3,5,4,2012,9,2016,0,0,0,0,0,3,5,55,1,1,1,1,0,0,1,61,16,1,1,98,"777777777777","777777777777","777777777777",0,0
34,340392,4,5,2,5,10,19,39,12,1,1,0,34,1,37,32,37032,4,1999,"1HGCG6656XA1","1","H","G","C","G","6","6","5","6","X","A","1",0,0,0,"000000000","00000000000",0,0,0,1,0,0,0,0,0,0,0,999,0,0,0,12,6,2,12,0,0,0,1,34,7109,6,1,0,0,3,0,68,999,0,0,0,0,2,10,2013,5,2016,0,0,0,0,0,3,5,55,1,1,1,1,0,0,1,52,16,2,1,98,"777777777777","777777777777","777777777777",0,0
34,340392,5,5,4,5,10,19,39,12,1,1,0,34,1,49,32,49032,4,2013,"2T1BU4EE3DC9","2","T","1","B","U","4","E","E","3","D","C","9",0,0,0,"000000000","00000000000",0,0,0,1,0,0,0,0,0,0,0,998,0,0,0,9,4,3,12,0,0,0,1,34,7103,6,1,0,0,3,0,66,999,1,0,0,0,0,5,2016,5,2016,0,0,0,0,0,3,5,55,1,1,1,1,0,0,1,60,7,1,4,98,"777777777777","777777777777","777777777777",0,0
34,340393,1,2,2,6,10,2,46,12,1,1,0,34,3,87,884,87884,63,1988,"1XPAL2EX7JN2","1","X","P","A","L","2","E","X","7","J","N","2",9,0,57,"802689","57802689",3,2,98,1,0,0,0,0,0,0,0,998,0,0,0,6,8,2,12,0,0,0,1,12,32442,6,1,6,1,3,0,67,999,0,0,0,3,1,2,2014,5,2015,0,0,0,0,0,3,4,65,1,1,2,1,0,0,1,53,1,1,1,25,"777777777777","777777777777","777777777777",0,0
34,340393,2,2,1,6,10,2,46,12,1,1,0,34,1,63,34,63034,4,2013,"5XXGM4A70DG2","5","X","X","G","M","4","A","7","0","D","G","2",0,0,0,"000000000","00000000000",0,0,0,1,0,0,0,0,0,0,0,998,0,0,0,12,6,2,12,0,0,0,1,34,7701,6,1,0,0,3,0,71,999,0,6,1,2,13,4,2013,9,2016,0,26,0,0,0,3,4,65,1,1,2,1,0,0,1,51,1,1,1,24,"777777777777","777777777777","777777777777",1,1
34,340394,1,1,1,13,10,23,33,8,0,1,0,34,1,2,405,2405,14,2009,"1J8GN28K49W5","1","J","8","G","N","2","8","K","4","9","W","5",0,0,0,"000000000","00000000000",0,0,0,1,0,0,0,0,0,0,0,998,0,0,0,12,8,2,8,0,0,0,1,34,8016,6,1,0,0,3,0,79,999,1,0,0,0,3,6,2012,6,2014,0,0,0,0,0,3,3,65,1,1,2,1,0,0,1,80,1,1,1,13,"777777777777","777777777777","777777777777",0,0
34,340395,1,2,1,30,10,10,57,12,6,1,0,34,2,37,441,37441,20,2009,"5FNRL38409B4","5","F","N","R","L","3","8","4","0","9","B","4",0,0,0,"000000000","00000000000",0,0,0,1,0,0,0,0,0,0,0,998,0,0,0,3,6,2,12,0,0,0,1,34,8088,6,1,0,0,3,3,66,999,0,0,0,0,0,0,0,0,0,0,38,0,0,0,1,2,45,1,1,2,1,0,0,11,15,1,1,1,68,"777777777777","777777777777","777777777777",0,0
34,340395,2,2,1,30,10,10,57,12,6,1,0,34,1,72,706,72706,80,1997,"1HD4CEM10VY2","1","H","D","4","C","E","M","1","0","V","Y","2",0,0,0,"000000000","00000000000",0,0,0,1,0,0,0,0,0,0,0,998,0,0,0,12,6,2,12,0,0,0,1,34,8054,6,1,6,0,3,3,73,999,0,0,0,2,2,4,2015,4,2016,0,0,0,0,0,1,2,45,1,1,2,1,0,0,1,55,16,9,1,69,"777777777777","777777777777","777777777777",1,0
34,340396,1,1,1,30,10,3,25,8,0,1,0,34,1,20,9,20009,2,2014,"2G1FA1E3XE92","2","G","1","F","A","1","E","3","X","E","9","2",0,0,0,"000000000","00000000000",0,0,0,1,0,0,0,0,0,0,0,998,0,0,0,12,8,2,8,0,0,0,1,34,8094,6,1,0,0,3,0,62,999,0,0,0,0,0,0,0,0,0,0,0,0,0,0,3,3,65,1,1,2,1,0,0,1,80,99,1,1,13,"777777777777","777777777777","777777777777",0,0
34,340397,1,1,2,28,10,23,51,42,0,1,0,34,1,12,481,12481,31,2009,"1FDNF21519EA","1","F","D","N","F","2","1","5","1","9","E","A",0,0,0,"000000000","00000000000",0,0,0,1,0,0,0,0,0,0,0,998,0,1,6,12,6,2,1,0,0,0,1,34,8510,6,1,0,0,3,0,74,270,2,0,0,0,3,10,2012,6,2016,3,28,0,0,0,1,2,40,2,2,2,1,0,0,14,10,1,1,4,6,"777777777777","777777777777","777777777777",1,1
34,340398,1,1,1,30,10,9,29,42,0,1,0,34,2,49,43,49043,4,2000,"4T1BF28B5YU0","4","T","1","B","F","2","8","B","5","Y","U","0",0,0,0,"000000000","00000000000",0,0,0,1,0,0,0,0,0,0,0,998,0,0,0,12,6,2,42,0,0,0,1,34,7746,6,1,0,0,3,0,69,212,0,0,0,0,2,6,2013,10,2013,0,0,0,0,0,1,2,50,4,2,2,1,0,0,14,13,1,1,4,1,"777777777777","777777777777","777777777777",1,0
34,340399,1,1,1,19,10,18,52,42,0,1,0,34,2,24,7,24007,4,2005,"1G8AG52F75Z1","1","G","8","A","G","5","2","F","7","5","Z","1",0,0,0,"000000000","00000000000",0,0,0,1,0,0,0,0,0,0,0,998,0,0,0,10,6,2,2,0,0,1,1,34,8345,1,1,0,0,2,0,71,999,1,6,0,0,10,2,2012,9,2016,0,28,0,0,0,1,2,50,1,1,2,1,0,0,1,10,16,1,4,6,"777777777777","777777777777","777777777777",1,1
34,340400,1,1,1,5,10,20,4,8,0,1,0,34,1,37,32,37032,2,2002,"1HGCG22582A0","1","H","G","C","G","2","2","5","8","2","A","0",0,0,0,"000000000","00000000000",0,0,0,1,0,0,0,0,0,0,0,998,0,0,0,10,6,2,8,0,0,0,1,34,8205,6,1,0,0,3,3,67,999,1,0,0,0,2,7,2016,7,2016,0,0,0,0,0,1,6,45,1,1,2,1,0,0,1,80,1,1,1,13,"777777777777","777777777777","777777777777",0,0
34,340401,1,1,1,3,10,20,8,33,0,1,0,34,1,12,401,12401,14,2001,"1FMYU70E81UC","1","F","M","Y","U","7","0","E","8","1","U","C",0,0,0,"000000000","00000000000",0,0,0,1,0,0,0,0,0,0,0,998,0,1,5,99,8,2,1,0,0,0,1,34,7604,6,1,0,0,3,0,72,999,0,0,0,0,0,0,0,0,0,0,99,99,99,99,3,3,55,1,1,2,1,0,0,99,11,16,1,4,1,"777777777777","777777777777","777777777777",1,0
34,340402,1,1,1,2,10,20,50,8,0,1,0,34,1,12,21,12021,4,2006,"1FAFP27166G1","1","F","A","F","P","2","7","1","6","6","G","1",0,0,0,"000000000","00000000000",0,0,0,1,0,0,0,0,0,0,0,998,0,0,0,12,6,2,8,0,0,0,1,34,8536,6,1,0,0,3,3,70,999,0,0,0,0,0,0,0,0,0,0,0,0,0,0,3,2,55,1,1,2,1,0,0,1,80,1,1,1,13,"777777777777","777777777777","777777777777",0,0
34,340403,1,2,1,15,10,2,52,33,0,1,0,34,1,48,38,48038,6,2006,"JF1GG67656H8","J","F","1","G","G","6","7","6","5","6","H","8",0,0,0,"000000000","00000000000",0,0,0,1,0,0,0,0,0,0,0,998,0,0,0,1,6,2,19,0,0,0,1,34,7202,1,1,0,0,2,3,66,999,0,0,0,0,0,0,0,0,0,5,99,99,99,99,1,2,30,3,1,2,1,0,0,14,13,1,1,4,98,"777777777777","777777777777","777777777777",1,1
34,340403,2,2,1,15,10,2,52,33,0,1,0,34,1,35,43,35043,4,2008,"3N1AB61EX8L6","3","N","1","A","B","6","1","E","X","8","L","6",0,0,0,"000000000","00000000000",0,0,0,1,0,0,0,0,0,0,0,998,0,0,0,99,6,2,30,0,0,0,1,34,7036,6,1,0,0,3,0,61,999,0,0,0,0,4,6,2012,2,2016,5,99,99,99,99,1,2,30,3,1,2,1,0,0,14,11,1,1,4,98,"777777777777","777777777777","777777777777",1,1
34,340404,1,1,1,6,10,7,55,8,0,1,0,34,2,49,442,49442,20,2008,"5TDZK23C08S2","5","T","D","Z","K","2","3","C","0","8","S","2",0,0,0,"000000000","00000000000",0,0,0,1,0,0,0,0,0,0,0,998,0,0,0,12,8,2,8,0,0,0,1,34,7920,6,1,0,0,3,0,68,999,0,0,0,0,0,0,0,0,0,0,6,0,0,0,1,3,35,4,1,2,1,0,0,11,80,1,1,1,13,"777777777777","777777777777","777777777777",0,0
34,340405,1,1,1,4,10,6,33,9,0,1,0,34,1,2,403,2403,14,1994,"1J4FY19P6RP4","1","J","4","F","Y","1","9","P","6","R","P","4",0,0,0,"000000000","00000000000",0,0,0,1,0,0,0,0,0,0,0,998,0,0,0,12,6,2,9,0,0,0,1,34,8347,6,1,0,0,3,0,69,999,0,0,0,0,3,5,2013,11,2015,0,99,99,99,99,1,2,40,1,1,2,1,0,0,1,85,1,1,9,13,"777777777777","777777777777","777777777777",0,0
34,340406,1,1,2,28,10,17,29,58,0,1,0,34,2,37,32,37032,4,2010,"1HGCP2F31AA1","1","H","G","C","P","2","F","3","1","A","A","1",0,0,0,"000000000","00000000000",0,0,0,1,0,0,0,0,0,0,0,998,0,0,0,14,6,2,42,0,0,0,1,34,8757,1,1,0,0,2,0,73,999,0,5,0,0,8,10,2012,7,2016,3,28,0,0,0,1,2,50,1,1,2,1,0,0,1,8,1,1,1,98,"777777777777","777777777777","777777777777",2,1
34,340407,1,1,1,13,10,18,55,8,0,1,0,34,2,24,1,24001,4,2002,"1G8ZH52842Z2","1","G","8","Z","H","5","2","8","4","2","Z","2",0,0,0,"000000000","00000000000",0,0,0,1,0,0,0,0,0,0,0,998,0,0,0,1,8,2,8,0,0,0,1,34,7002,6,1,0,0,3,0,71,999,1,0,0,0,0,4,2013,4,2013,0,0,0,0,0,1,2,25,1,1,2,1,3,3,1,80,1,1,1,13,"777777777777","777777777777","777777777777",0,0
34,340408,1,1,1,26,10,13,36,8,0,1,0,34,3,37,32,37032,4,2016,"1HGCR2F71GA1","1","H","G","C","R","2","F","7","1","G","A","1",0,0,0,"000000000","00000000000",0,0,0,1,0,0,0,0,0,0,0,998,0,0,0,12,8,2,8,0,0,0,1,34,7726,6,1,0,0,3,0,62,999,0,0,0,3,5,3,2013,6,2016,0,0,0,0,0,1,2,40,1,1,2,1,0,0,1,80,1,1,1,13,"777777777777","777777777777","777777777777",0,0
34,340409,1,2,3,23,10,13,25,12,2,1,0,34,1,55,33,55033,4,2015,"5NPE34AF7FH2","5","N","P","E","3","4","A","F","7","F","H","2",0,0,0,"000000000","00000000000",0,0,0,1,0,0,0,0,0,0,0,998,0,0,0,12,8,2,12,0,0,0,1,34,7843,6,1,0,0,3,0,62,999,0,0,0,0,0,0,0,0,0,0,0,0,0,0,1,2,40,1,2,2,1,0,0,1,17,1,1,1,69,"777777777777","777777777777","777777777777",1,0
34,340409,2,2,1,23,10,13,25,12,2,1,0,34,2,35,39,35039,4,2006,"1N4BA41E06C8","1","N","4","B","A","4","1","E","0","6","C","8",0,0,0,"000000000","00000000000",0,0,0,1,0,0,0,0,0,0,0,998,0,0,0,12,8,2,12,0,0,0,1,34,7821,6,1,0,0,3,0,69,999,0,0,0,0,1,8,2014,8,2014,0,6,0,0,0,1,2,40,1,2,2,1,0,0,11,15,1,1,1,68,"777777777777","777777777777","777777777777",0,0
34,340410,1,2,3,12,11,17,20,12,2,1,0,34,1,12,401,12401,14,2010,"1FMEU7E85AUA","1","F","M","E","U","7","E","8","5","A","U","A",0,0,0,"000000000","00000000000",0,0,0,1,0,0,0,0,0,0,0,998,0,0,0,12,6,2,12,0,0,0,1,34,8831,6,1,0,0,3,3,67,999,1,0,0,0,0,9,2013,9,2013,0,0,0,0,0,1,2,35,1,1,2,1,0,0,1,62,99,1,1,51,"777777777777","777777777777","777777777777",0,0
34,340410,2,2,1,12,11,17,20,12,2,1,0,34,1,35,47,35047,4,2015,"1N4AL3APXFC4","1","N","4","A","L","3","A","P","X","F","C","4",0,0,0,"000000000","00000000000",0,0,0,1,0,0,0,0,0,0,0,998,0,0,0,12,6,2,12,0,0,0,1,34,7726,6,1,0,0,3,0,60,999,0,0,0,0,0,0,0,0,0,0,28,0,0,0,1,2,35,1,1,2,1,0,0,1,10,1,1,2,50,"777777777777","777777777777","777777777777",1,0
34,340411,1,3,2,24,11,15,30,12,6,1,0,34,1,37,32,37032,4,2009,"1HGCP26459A1","1","H","G","C","P","2","6","4","5","9","A","1",0,0,0,"000000000","00000000000",0,0,0,1,0,0,0,0,0,0,0,998,0,0,0,12,8,2,12,0,0,0,1,34,7307,6,1,0,0,3,3,66,999,0,0,0,0,0,0,0,0,0,0,39,0,0,0,1,2,35,1,2,2,1,3,3,1,17,1,1,1,88,"777777777777","777777777777","777777777777",0,0
34,340411,2,3,1,24,11,15,30,12,6,1,0,36,1,37,31,37031,4,2002,"2HGES16552H5","2","H","G","E","S","1","6","5","5","2","H","5",0,0,0,"000000000","00000000000",0,0,0,1,0,0,0,0,0,0,0,998,0,0,0,9,8,2,12,0,0,0,1,36,10956,9,9,99,9,9,9,999,999,99,99,99,99,99,99,9999,99,9999,0,0,0,0,0,1,2,35,1,2,2,1,3,3,1,17,1,1,1,89,"777777777777","777777777777","777777777777",1,0
34,340411,4,3,3,24,11,15,30,12,6,1,0,34,1,13,1,13001,4,2007,"1LNHM84W37Y6","1","L","N","H","M","8","4","W","3","7","Y","6",0,0,0,"000000000","00000000000",0,0,0,1,0,0,0,0,0,0,0,998,0,0,0,10,8,5,12,0,0,0,1,34,7666,6,1,0,0,3,3,72,999,2,0,0,0,4,2,2013,11,2015,0,0,0,0,0,1,2,35,1,2,2,1,0,0,9,60,1,1,1,98,"777777777777","777777777777","777777777777",0,0
34,340412,1,1,1,21,11,6,55,8,0,1,0,34,2,48,45,48045,6,2004,"4S3BH6751476","4","S","3","B","H","6","7","5","1","4","7","6",0,0,0,"000000000","00000000000",0,0,0,1,0,0,0,0,0,0,0,998,0,0,0,12,8,2,8,0,0,0,1,34,7646,6,1,0,0,3,0,68,999,2,0,0,0,0,3,2013,7,2015,0,6,38,0,0,1,2,35,1,1,2,1,0,0,1,80,1,1,1,13,"777777777777","777777777777","777777777777",0,0
34,340413,1,2,2,8,11,21,22,12,6,1,0,48,3,51,881,51881,66,2005,"4V4NC9TJX5N3","4","V","4","N","C","9","T","J","X","5","N","3",1,1,57,"2062743","572062743",3,6,3,1,0,0,0,0,0,0,0,998,0,0,0,99,8,2,12,0,0,0,1,48,77520,6,1,6,3,8,0,999,999,0,0,0,0,2,10,2014,1,2016,0,38,0,0,0,3,2,55,1,2,2,1,3,3,1,17,1,1,1,83,"999999999999","777777777777","777777777777",0,0
34,340413,2,2,2,8,11,21,22,12,6,1,0,13,1,12,444,12444,20,2016,"NM0GE9F7XG12","N","M","0","G","E","9","F","7","X","G","1","2",0,0,0,"000000000","00000000000",0,0,0,1,0,0,0,0,0,0,0,998,0,0,0,99,8,2,12,0,0,0,1,13,30228,6,1,0,0,3,0,68,320,98,1,0,2,1,12,2014,9,2016,0,0,0,0,0,4,2,40,8,8,2,1,3,3,11,55,1,1,1,82,"777777777777","777777777777","777777777777",1,0
34,340414,1,2,2,6,11,18,16,12,1,1,0,36,2,51,47,51047,4,2002,"YV1RS61R7221","Y","V","1","R","S","6","1","R","7","2","2","1",0,0,0,"000000000","00000000000",0,0,0,1,0,0,0,0,0,0,0,0,0,0,0,6,6,2,12,0,0,0,1,36,10456,2,1,0,0,2,0,67,999,0,0,0,0,0,0,0,0,0,0,0,0,0,0,3,3,65,1,1,2,1,0,0,7,53,1,1,1,23,"777777777777","777777777777","777777777777",1,0
34,340414,2,2,2,6,11,18,16,12,1,1,0,36,2,35,47,35047,4,2010,"1N4BL2AP3AN4","1","N","4","B","L","2","A","P","3","A","N","4",0,0,0,"000000000","00000000000",0,0,0,1,0,0,0,0,0,0,0,998,0,0,0,12,6,2,12,0,0,0,1,36,11576,6,1,0,0,3,0,73,999,0,0,0,0,0,0,0,0,0,0,0,0,0,0,3,3,65,1,1,2,1,0,0,1,50,1,1,1,20,"777777777777","777777777777","777777777777",0,0