"STATE","ST_CASE","VEH_NO","VE_FORMS","NUMOCCS","DAY","MONTH","HOUR","MINUTE","HARM_EV","MAN_COLL","UNITTYPE","HIT_RUN","REG_STAT","OWNER","MAKE","MODEL","MAK_MOD","BODY_TYP","MOD_YEAR","VIN","VIN_1","VIN_2","VIN_3","VIN_4","VIN_5","VIN_6","VIN_7","VIN_8","VIN_9","VIN_10","VIN_11","VIN_12","TOW_VEH","J_KNIFE","MCARR_I1","MCARR_I2","MCARR_ID","GVWR","V_CONFIG","CARGO_BT","HAZ_INV","HAZ_PLAC","HAZ_ID","HAZ_CNO","HAZ_REL","BUS_USE","SPEC_USE","EMER_USE","TRAV_SP","UNDERIDE","ROLLOVER","ROLINLOC","IMPACT1","DEFORMED","TOWED","M_HARM","VEH_SC1","VEH_SC2","FIRE_EXP","DR_PRES","L_STATE","DR_ZIP","L_STATUS","L_TYPE","CDL_STAT","L_ENDORS","L_COMPL","L_RESTRI","DR_HGT","DR_WGT","PREV_ACC","PREV_SUS","PREV_DWI","PREV_SPD","PREV_OTH","FIRST_MO","FIRST_YR","LAST_MO","LAST_YR","SPEEDREL","DR_SF1","DR_SF2","DR_SF3","DR_SF4","VTRAFWAY","VNUM_LAN","VSPD_LIM","VALIGN","VPROFILE","VPAVETYP","VSURCOND","VTRAFCON","VTCONT_F","P_CRASH1","P_CRASH2","P_CRASH3","PCRASH4","PCRASH5","ACC_TYPE","TRLR1VIN","TRLR2VIN","TRLR3VIN","DEATHS","DR_DRINK"
34,340488,1,1,1,30,11,9,20,42,0,1,0,34,1,14,20,14020,4,2007,"1MEHM42147G6","1","M","E","H","M","4","2","1","4","7","G","6",0,0,0,"000000000","00000000000",0,0,0,1,0,0,0,0,0,0,0,50,0,0,0,9,6,2,42,0,0,0,1,34,7605,1,1,0,0,2,0,64,150,1,0,0,0,3,4,2016,9,2016,4,6,58,0,0,1,2,35,2,1,2,2,0,0,14,6,99,4,4,2,"777777777777","777777777777","777777777777",1,0
34,340489,1,1,1,19,10,6,31,8,0,1,0,34,1,37,31,37031,4,2005,"2HGES15505H6","2","H","G","E","S","1","5","5","0","5","H","6",0,0,0,"000000000","00000000000",0,0,0,1,0,0,0,0,0,0,0,998,0,0,0,12,8,2,8,0,0,0,1,34,8021,6,1,6,0,3,0,60,999,0,0,0,0,1,11,2013,11,2013,0,0,0,0,0,1,2,45,1,1,2,1,0,0,1,80,16,1,1,13,"777777777777","777777777777","777777777777",0,0
34,340490,1,1,1,14,10,8,8,8,0,1,0,34,2,12,461,12461,21,2001,"1FDXE45F21HA","1","F","D","X","E","4","5","F","2","1","H","A",0,0,57,"126733","57126733",1,20,22,1,0,0,0,0,98,0,0,25,0,0,0,12,8,2,8,0,0,0,1,34,7208,1,1,1,2,2,0,70,999,9,3,0,0,10,12,2012,6,2016,0,0,0,0,0,1,2,25,1,1,2,1,3,3,1,80,1,1,1,13,"777777777777","777777777777","777777777777",0,0
34,340491,1,2,1,10,10,6,32,8,0,1,0,34,2,12,401,12401,14,2015,"1FM5K8D82FGB","1","F","M","5","K","8","D","8","2","F","G","B",0,0,0,"000000000","00000000000",0,0,0,1,0,0,0,0,0,0,0,998,0,0,0,12,8,2,8,0,0,0,1,34,8055,6,1,0,0,3,0,65,999,0,0,0,0,0,0,0,0,0,0,0,0,0,0,3,2,45,1,1,2,1,0,0,1,80,99,9,9,13,"777777777777","777777777777","777777777777",0,0
34,340491,2,2,1,10,10,6,32,8,0,1,0,34,1,35,39,35039,4,2004,"1N4BA41E14C9","1","N","4","B","A","4","1","E","1","4","C","9",0,0,0,"000000000","00000000000",0,0,0,1,0,0,0,0,0,0,0,998,0,0,0,12,8,5,8,0,0,0,1,34,8053,6,1,0,0,3,3,64,999,0,0,0,0,0,0,0,0,0,0,0,0,0,0,3,2,45,1,1,2,1,0,0,1,80,1,1,1,98,"777777777777","777777777777","777777777777",0,0
34,340492,1,2,1,12,10,5,44,12,6,1,0,18,3,84,881,84881,66,2012,"1HSDJSJR1CJ5","1","H","S","D","J","S","J","R","1","C","J","5",1,1,99,"999999999","99999999999",3,6,9,1,0,0,0,0,0,0,0,998,0,0,0,2,8,2,12,0,0,0,1,42,19067,6,1,6,1,3,3,65,999,0,0,0,0,0,0,0,0,0,0,0,0,0,0,1,2,45,1,1,2,1,0,0,13,20,1,1,1,98,"999999999999","777777777777","777777777777",0,0
34,340492,2,2,1,12,10,5,44,12,6,1,0,34,1,12,13,12013,2,2003,"3FAFP11323R1","3","F","A","F","P","1","1","3","2","3","R","1",0,0,0,"000000000","00000000000",0,0,0,1,0,0,0,0,0,0,0,998,0,0,0,12,8,2,12,0,0,0,1,34,8046,6,1,0,0,3,3,72,999,0,0,0,0,0,0,0,0,0,0,0,0,0,0,1,2,45,1,1,2,1,0,0,1,56,1,1,1,98,"777777777777","777777777777","777777777777",1,0
34,340493,1,1,1,28,8,2,40,8,0,1,1,99,9,99,999,99999,99,9999,"999999999999","9","9","9","9","9","9","9","9","9","9","9","9",0,0,0,"000000000","00000000000",0,0,0,1,0,0,0,0,0,0,0,998,0,0,0,99,8,5,8,0,0,0,1,99,99999,9,9,99,9,9,9,999,999,99,99,99,99,99,99,9999,99,9999,9,99,99,99,99,3,3,25,2,1,2,1,3,3,14,80,99,9,9,13,"777777777777","777777777777","777777777777",0,0
34,340494,1,1,1,2,10,3,1,8,0,1,0,34,1,49,46,49046,5,2007,"JTDKB20U2775","J","T","D","K","B","2","0","U","2","7","7","5",0,0,0,"000000000","00000000000",0,0,0,1,0,0,0,0,0,0,0,998,0,0,0,12,8,2,8,0,0,0,1,34,8034,6,1,0,0,3,3,72,999,0,0,0,0,4,8,2013,10,2015,0,0,0,0,0,3,3,50,1,1,2,2,0,0,1,80,1,1,1,13,"777777777777","777777777777","777777777777",0,0
34,340495,1,1,1,13,9,20,18,9,0,1,0,34,2,13,14,13014,6,2008,"2LMDU88C38BJ","2","L","M","D","U","8","8","C","3","8","B","J",0,0,0,"000000000","00000000000",0,0,0,1,0,0,0,0,0,0,0,998,0,0,0,1,6,2,9,0,0,0,1,34,7087,6,1,0,0,3,0,69,999,0,0,0,0,1,9,2015,9,2015,0,36,0,0,0,1,2,25,1,1,2,1,0,0,1,83,1,1,1,13,"777777777777","777777777777","777777777777",0,0
34,340496,1,1,1,12,9,21,0,9,0,1,0,34,1,49,421,49421,15,1995,"JT3DJ81W1S01","J","T","3","D","J","8","1","W","1","S","0","1",0,0,0,"000000000","00000000000",0,0,0,1,0,0,0,0,0,0,0,998,0,0,0,12,8,2,9,0,0,0,1,34,7018,6,1,6,0,3,0,62,999,0,0,0,0,1,3,2012,3,2012,0,0,0,0,0,2,4,98,2,1,2,1,3,3,14,83,1,1,1,13,"777777777777","777777777777","777777777777",0,0
34,340497,1,1,1,3,9,3,25,8,0,1,1,99,9,99,999,99999,99,9999,"999999999999","9","9","9","9","9","9","9","9","9","9","9","9",0,0,0,"000000000","00000000000",0,0,0,1,0,0,0,0,0,0,0,998,0,0,0,12,9,5,8,0,0,0,1,99,99999,9,9,99,9,9,9,999,999,99,99,99,99,99,99,9999,99,9999,9,99,99,99,99,1,6,35,1,1,2,1,3,3,1,80,1,1,9,13,"777777777777","777777777777","777777777777",0,0
34,340498,1,1,1,9,8,5,2,8,0,1,0,34,2,19,18,19018,4,2006,"1G6DM57T3601","1","G","6","D","M","5","7","T","3","6","0","1",0,0,0,"000000000","00000000000",0,0,0,1,0,0,0,0,0,0,0,998,0,0,0,12,8,2,8,0,0,0,1,34,8046,1,1,0,0,2,0,67,999,3,0,0,0,3,7,2012,12,2015,0,0,0,0,0,3,2,45,1,1,2,1,0,0,1,80,1,1,1,13,"777777777777","777777777777","777777777777",0,0
34,340499,1,2,1,3,11,8,14,12,2,1,0,34,2,53,41,53041,4,2010,"JS2RF9A53A61","J","S","2","R","F","9","A","5","3","A","6","1",0,0,0,"000000000","00000000000",0,0,0,1,0,0,0,0,0,0,0,998,0,0,0,12,8,2,12,0,0,0,1,34,7407,6,1,0,0,3,3,60,999,0,0,0,0,0,0,0,0,0,0,38,0,0,0,1,2,35,1,1,2,1,20,3,11,15,99,1,1,76,"777777777777","777777777777","777777777777",0,0
34,340499,2,2,1,3,11,8,14,12,2,1,0,34,1,53,705,53705,80,2008,"JS1VP53BX821","J","S","1","V","P","5","3","B","X","8","2","1",0,0,0,"000000000","00000000000",0,0,0,1,0,0,0,0,0,0,0,998,0,0,0,12,8,2,12,0,0,0,1,34,7010,6,1,1,0,3,0,65,999,1,0,0,0,4,6,2012,11,2014,0,0,0,0,0,1,2,35,1,1,2,1,0,0,1,65,1,1,1,77,"777777777777","777777777777","777777777777",1,0
34,340500,1,2,2,29,11,14,39,12,6,1,0,34,2,20,2,20002,4,2003,"2G1WF52E8394","2","G","1","W","F","5","2","E","8","3","9","4",0,0,0,"000000000","00000000000",0,0,0,1,0,0,0,0,0,0,0,998,0,0,0,3,6,2,12,0,0,0,1,34,8087,6,1,0,0,3,0,72,999,0,0,0,0,0,0,0,0,0,0,38,0,0,0,1,3,25,1,1,2,2,3,3,11,15,1,1,1,76,"777777777777","777777777777","777777777777",1,0
34,340500,2,2,2,29,11,14,39,12,6,1,0,34,2,12,481,12481,31,1993,"2FTEF15N8PCB","2","F","T","E","F","1","5","N","8","P","C","B",0,0,0,"000000000","00000000000",0,0,0,1,0,0,0,0,0,0,0,998,0,0,0,12,6,2,12,0,0,0,1,34,8731,6,1,0,0,3,0,68,999,1,0,0,0,0,6,2016,6,2016,0,0,0,0,0,1,5,45,1,1,2,2,3,3,1,65,1,1,1,77,"777777777777","777777777777","777777777777",0,0
34,340501,1,1,1,2,11,20,38,8,0,1,0,34,1,35,47,35047,4,2003,"1N4AL11D53C2","1","N","4","A","L","1","1","D","5","3","C","2",0,0,0,"000000000","00000000000",0,0,0,1,0,0,0,0,0,0,0,998,0,0,0,12,6,2,8,0,0,0,1,34,8037,6,2,0,0,3,1,66,999,0,0,0,0,2,4,2016,10,2016,0,6,0,0,0,1,2,50,1,1,2,1,0,0,1,13,1,1,4,13,"777777777777","777777777777","777777777777",0,0
34,340502,1,1,1,14,11,17,3,8,0,1,0,34,1,12,481,12481,31,2001,"1FTRW08L01KE","1","F","T","R","W","0","8","L","0","1","K","E",0,0,0,"000000000","00000000000",0,0,0,1,0,0,0,0,0,0,0,998,0,0,0,12,2,3,8,0,0,0,1,34,8232,6,1,0,0,3,3,69,999,0,1,0,1,5,10,2014,8,2016,0,0,0,0,0,1,4,45,1,1,2,2,2,3,11,80,1,1,1,13,"777777777777","777777777777","777777777777",0,0
34,340503,1,1,1,11,11,20,13,8,0,1,1,34,1,12,481,12481,31,2002,"1FTRF17252NA","1","F","T","R","F","1","7","2","5","2","N","A",0,0,0,"000000000","00000000000",0,0,0,1,0,0,0,0,0,0,0,998,0,0,0,2,2,5,8,0,0,0,1,34,7002,1,2,0,0,2,0,74,999,0,5,0,0,4,7,2015,10,2016,9,38,0,0,0,1,2,25,1,1,2,1,3,3,1,80,99,1,1,13,"777777777777","777777777777","777777777777",0,0
34,340504,1,1,2,19,11,3,57,30,0,1,0,34,2,2,1,2001,6,2014,"1C4NJDCB0ED7","1","C","4","N","J","D","C","B","0","E","D","7",0,0,0,"000000000","00000000000",0,0,0,1,0,0,0,0,0,0,0,999,0,0,0,1,6,2,30,0,0,0,1,34,7522,1,1,0,0,2,0,70,999,0,0,0,0,0,0,0,0,0,9,6,0,0,0,3,3,55,1,1,2,1,0,0,1,13,99,4,4,1,"777777777777","777777777777","777777777777",1,1
34,340505,1,1,1,21,9,22,9,14,0,1,0,34,1,55,33,55033,4,2004,"KMHWF35H34A0","K","M","H","W","F","3","5","H","3","4","A","0",0,0,0,"000000000","00000000000",0,0,0,1,0,0,0,0,0,0,0,998,0,0,0,12,6,2,14,0,0,0,1,34,7201,6,2,0,0,3,0,70,999,0,4,0,1,11,7,2012,9,2015,5,0,0,0,0,1,2,25,1,1,2,1,0,0,1,11,99,9,4,11,"777777777777","777777777777","777777777777",1,0
34,340506,1,1,1,5,11,22,50,8,0,1,0,34,3,98,982,98982,52,2002,"1M8SDMRA22P0","1","M","8","S","D","M","R","A","2","2","P","0",0,0,88,"888888888","88888888888",3,21,22,1,0,0,0,0,6,3,0,998,0,0,0,12,8,3,8,0,0,0,1,34,8012,6,1,6,1,3,0,68,999,0,0,0,0,1,5,2013,5,2013,0,0,0,0,0,1,4,30,1,1,2,1,0,0,1,80,16,2,1,13,"777777777777","777777777777","777777777777",0,0
34,340507,1,2,3,24,11,13,11,12,1,1,0,34,1,49,49,49049,6,2006,"JTLKT3246640","J","T","L","K","T","3","2","4","6","6","4","0",0,0,0,"000000000","00000000000",0,0,0,1,0,0,0,0,0,0,0,998,0,0,0,6,6,2,12,0,0,0,1,34,7666,6,1,0,0,3,3,70,999,0,0,0,0,0,0,0,0,0,0,0,0,0,0,3,3,60,1,1,2,1,0,0,1,53,1,1,1,25,"777777777777","777777777777","777777777777",1,0
34,340507,2,2,1,24,11,13,11,12,1,1,0,34,2,52,46,52046,4,2014,"JA32W8FV2EU0","J","A","3","2","W","8","F","V","2","E","U","0",0,0,0,"000000000","00000000000",0,0,0,1,0,0,0,0,0,0,0,998,0,0,0,12,6,2,12,0,0,0,1,34,7631,6,1,0,0,3,3,74,999,0,0,0,1,1,9,2014,3,2016,0,26,0,0,0,3,3,60,1,1,2,1,0,0,1,51,16,1,1,24,"777777777777","777777777777","777777777777",0,0
34,340508,1,1,2,29,11,8,41,33,0,1,0,24,2,12,3,12003,2,2001,"1FAFP40451F2","1","F","A","F","P","4","0","4","5","1","F","2",0,0,0,"000000000","00000000000",0,0,0,1,0,0,0,0,0,0,0,998,0,0,0,98,6,2,30,0,0,0,1,34,7047,0,0,0,0,0,0,999,999,0,0,0,0,0,0,0,0,0,5,36,0,0,0,1,2,35,1,2,2,2,0,0,1,6,99,3,4,2,"777777777777","777777777777","777777777777",1,0
34,340509,1,1,1,7,11,19,44,8,0,1,1,99,9,99,999,99999,99,9999,"999999999999","9","9","9","9","9","9","9","9","9","9","9","9",9,0,99,"999999999","99999999999",9,99,99,1,0,0,0,0,99,99,9,998,0,0,0,99,9,5,8,99,99,0,1,99,99999,9,9,99,9,9,9,999,999,99,99,99,99,99,99,9999,99,9999,9,99,99,99,99,0,0,0,0,0,0,0,0,0,99,80,99,9,9,99,"777777777777","777777777777","777777777777",0,0
34,340510,1,1,1,8,10,22,40,8,0,1,1,99,9,99,999,99999,99,9999,"999999999999","9","9","9","9","9","9","9","9","9","9","9","9",0,0,0,"000000000","00000000000",0,0,0,1,0,0,0,0,0,0,0,998,0,0,0,99,9,5,8,0,0,0,1,99,99999,9,9,99,9,9,9,999,999,99,99,99,99,99,99,9999,99,9999,9,99,99,99,99,1,2,25,8,8,8,98,0,0,99,82,99,9,9,13,"777777777777","777777777777","777777777777",0,0
34,340511,1,2,1,8,10,19,27,24,0,1,0,34,1,53,705,53705,80,2007,"JS1GN7DA1721","J","S","1","G","N","7","D","A","1","7","2","1",0,0,0,"000000000","00000000000",0,0,0,1,0,0,0,0,0,0,0,998,0,0,0,99,8,2,12,0,0,0,1,34,7421,6,1,0,0,3,3,69,999,0,0,0,0,1,10,2016,10,2016,5,35,0,0,0,1,2,40,4,1,2,1,0,0,6,10,99,9,4,6,"777777777777","777777777777","777777777777",1,0
34,340511,2,2,1,8,10,19,27,24,0,1,0,34,1,72,706,72706,80,2000,"1HD1CAP17YK1","1","H","D","1","C","A","P","1","7","Y","K","1",0,0,0,"000000000","00000000000",0,0,0,1,0,0,0,0,0,0,0,998,0,0,0,99,8,2,12,0,0,0,1,34,7403,6,1,0,0,3,3,73,999,1,1,0,1,2,2,2013,8,2016,0,0,0,0,0,1,2,40,4,1,2,1,0,0,6,51,99,9,3,98,"777777777777","777777777777","777777777777",0,0
34,340512,1,1,1,22,11,21,51,5,0,1,0,34,1,72,706,72706,80,2000,"1HD1GEV12YY3","1","H","D","1","G","E","V","1","2","Y","Y","3",0,0,0,"000000000","00000000000",0,0,0,1,0,0,0,0,0,0,0,998,0,0,0,0,8,2,5,0,0,0,1,34,8619,6,1,0,0,3,0,68,190,1,5,0,1,5,6,2012,6,2015,9,99,99,99,99,3,3,40,2,1,2,1,0,0,99,99,1,9,9,0,"777777777777","777777777777","777777777777",1,1
34,340513,1,2,0,29,11,14,23,12,1,1,0,34,6,84,881,84881,62,1999,"1HTSCAAM2XH6","1","H","T","S","C","A","A","M","2","X","H","6",0,0,57,"1624610","571624610",2,1,3,1,0,0,0,0,0,0,0,0,0,0,0,6,6,2,12,0,0,0,0,0,99997,7,6,97,7,6,7,998,997,998,998,998,998,998,98,9998,98,9998,8,20,0,0,0,1,2,50,1,1,2,2,0,0,0,53,0,0,0,98,"777777777777","777777777777","777777777777",0,0
34,340513,2,2,1,29,11,14,23,12,1,1,0,34,1,12,471,12471,30,2002,"1FTZR45E22TA","1","F","T","Z","R","4","5","E","2","2","T","A",0,0,0,"000000000","00000000000",0,0,0,1,0,0,0,0,0,0,0,998,0,1,1,12,6,2,1,0,0,0,1,34,8848,6,1,0,0,3,0,68,999,0,0,0,0,0,0,0,0,0,0,28,6,0,0,1,2,50,1,1,2,2,0,0,1,50,1,1,1,98,"777777777777","777777777777","777777777777",1,0
34,340514,1,1,1,4,11,18,55,33,0,1,0,34,1,7,20,7020,4,2004,"1B3ES56C44D5","1","B","3","E","S","5","6","C","4","4","D","5",0,0,0,"000000000","00000000000",0,0,0,1,0,0,0,0,0,0,0,998,0,0,0,12,8,2,30,0,0,0,1,34,8094,6,1,0,0,3,0,70,999,1,0,0,2,5,9,2012,6,2016,0,0,0,0,0,3,2,50,1,1,2,1,0,0,1,11,1,1,4,1,"777777777777","777777777777","777777777777",1,0
34,340515,1,2,2,12,11,18,9,12,6,1,0,34,1,7,27,7027,6,2010,"3D4PG5FV6AT1","3","D","4","P","G","5","F","V","6","A","T","1",0,0,0,"000000000","00000000000",0,0,0,1,0,0,0,0,0,0,0,998,0,0,0,9,6,2,12,0,0,0,1,34,8302,6,1,0,0,3,3,64,999,0,0,0,0,0,0,0,0,0,0,38,0,0,0,1,2,45,1,1,2,1,4,3,1,17,1,1,1,89,"777777777777","777777777777","777777777777",1,0
34,340515,2,2,1,12,11,18,9,12,6,1,0,34,1,23,881,23881,66,1978,"999999999999","9","9","9","9","9","9","9","9","9","9","9","9",1,1,57,"403930","57403930",3,6,1,1,0,0,0,0,0,0,0,998,0,0,0,12,6,2,12,0,0,0,1,34,8302,6,1,6,1,3,0,70,999,0,0,0,0,4,10,2014,9,2016,0,0,0,0,0,1,2,50,1,1,2,1,4,3,1,55,16,1,1,88,"999999999999","777777777777","777777777777",0,0
34,340517,1,1,1,18,12,3,30,33,0,1,0,34,1,23,421,23421,15,2007,"1GKFK63867J3","1","G","K","F","K","6","3","8","6","7","J","3",0,0,0,"000000000","00000000000",0,0,0,1,0,0,0,0,0,0,0,998,0,0,0,12,6,2,42,0,0,0,1,34,8619,6,1,6,0,3,0,67,999,1,2,2,0,4,10,2013,7,2015,0,28,0,0,0,1,2,45,2,1,2,2,0,0,14,10,1,1,4,6,"777777777777","777777777777","777777777777",1,0
34,340518,1,2,1,9,12,16,58,12,2,1,0,34,2,20,16,20016,4,2000,"1G1JF5243Y74","1","G","1","J","F","5","2","4","3","Y","7","4",0,0,0,"000000000","00000000000",0,0,0,1,0,0,0,0,0,0,0,998,0,0,0,12,6,2,12,0,0,0,1,34,7438,6,1,0,0,3,0,66,260,0,0,0,0,0,0,0,0,0,0,0,0,0,0,1,2,45,4,1,2,1,0,0,14,62,1,1,1,51,"777777777777","777777777777","777777777777",1,0
34,340518,2,2,1,9,12,16,58,12,2,1,0,34,2,37,441,37441,20,2001,"2HKRL18681H5","2","H","K","R","L","1","8","6","8","1","H","5",0,0,0,"000000000","00000000000",0,0,0,1,0,0,0,0,0,0,0,998,0,0,0,12,6,2,12,0,0,0,1,34,7460,6,1,0,0,3,0,62,999,1,0,0,0,0,4,2016,4,2016,0,28,0,0,0,1,2,45,4,1,2,1,0,0,14,10,1,1,2,50,"777777777777","777777777777","777777777777",0,0
34,340519,1,1,1,1,11,22,29,8,0,1,1,34,9,35,47,35047,4,2010,"1N4BL2AP4AN4","1","N","4","B","L","2","A","P","4","A","N","4",0,0,0,"000000000","00000000000",0,0,0,1,0,0,0,0,0,0,0,998,0,0,0,12,8,5,8,0,0,0,1,99,99999,9,9,99,9,9,9,999,999,99,99,99,99,99,99,9999,99,9999,5,99,99,99,99,1,2,25,1,1,2,1,0,0,1,80,1,1,1,13,"777777777777","777777777777","777777777777",0,0
34,340520,1,1,1,3,10,4,54,8,0,1,0,0,0,98,701,98701,88,9999,"999999999999","9","9","9","9","9","9","9","9","9","9","9","9",0,0,0,"000000000","00000000000",0,0,0,1,0,0,0,0,0,0,0,998,0,0,0,12,8,2,7,0,0,0,1,34,7306,0,0,0,0,1,0,999,999,0,0,0,0,0,0,0,0,0,0,0,0,0,0,1,4,25,1,1,2,1,3,3,1,80,1,1,1,13,"777777777777","777777777777","777777777777",1,0
34,340521,1,1,1,16,8,0,54,39,0,1,0,36,2,37,705,37705,80,2007,"JH2PC40027M0","J","H","2","P","C","4","0","0","2","7","M","0",0,0,0,"000000000","00000000000",0,0,0,1,0,0,0,0,0,0,0,998,0,0,0,99,9,9,39,0,0,0,1,34,7631,1,1,0,0,2,3,71,999,3,2,0,1,13,9,2012,7,2016,9,99,99,99,99,4,3,98,8,8,8,98,0,0,99,99,99,9,9,99,"777777777777","777777777777","777777777777",1,0
34,340522,1,1,1,22,12,16,17,8,0,1,0,34,1,49,40,49040,4,2006,"4T1BE32K96U6","4","T","1","B","E","3","2","K","9","6","U","6",0,0,0,"000000000","00000000000",0,0,0,1,0,0,0,0,0,0,0,998,0,0,0,1,2,5,8,0,0,0,1,34,7960,6,1,0,0,3,3,64,999,0,0,0,0,0,0,0,0,0,0,0,0,0,0,1,2,25,3,1,2,1,0,0,14,80,1,1,1,13,"777777777777","777777777777","777777777777",0,0
34,340523,1,1,1,15,12,0,12,33,0,1,0,34,2,12,17,12017,4,2013,"1FAHP2KT6DG1","1","F","A","H","P","2","K","T","6","D","G","1",0,0,0,"000000000","00000000000",0,0,0,1,0,0,0,0,0,0,0,998,0,1,5,81,6,2,42,0,0,0,1,34,8080,1,1,0,0,2,0,71,999,1,5,4,0,2,12,2012,12,2016,4,58,36,37,0,1,2,50,3,1,2,3,0,0,14,6,99,4,4,7,"777777777777","777777777777","777777777777",1,1
34,340524,1,2,1,5,12,18,59,12,2,1,0,34,1,49,32,49032,4,2014,"2T1BURHE1EC1","2","T","1","B","U","R","H","E","1","E","C","1",0,0,0,"000000000","00000000000",0,0,0,1,0,0,0,0,0,0,0,998,0,0,0,12,6,2,12,0,0,0,1,34,8318,6,1,0,0,3,3,67,999,1,0,0,0,0,9,2014,9,2014,9,99,99,99,99,3,2,55,1,1,2,1,0,0,1,54,99,1,1,52,"777777777777","777777777777","777777777777",1,0
34,340524,2,2,1,5,12,18,59,12,2,1,0,34,3,12,16,12016,4,2011,"2FABP7BV2BX1","2","F","A","B","P","7","B","V","2","B","X","1",0,0,0,"000000000","00000000000",0,0,0,1,0,0,0,0,0,0,0,998,0,0,0,12,6,2,12,0,0,0,1,34,8628,6,1,0,0,3,0,71,999,0,0,0,0,0,0,0,0,0,9,51,0,0,0,3,2,55,1,1,2,1,0,0,1,54,99,1,4,52,"777777777777","777777777777","777777777777",1,0
34,340525,1,1,1,7,12,3,7,14,0,1,1,24,3,82,881,82881,66,2013,"1FUJGLDR8DLB","1","F","U","J","G","L","D","R","8","D","L","B",2,1,57,"265752","57265752",3,7,1,1,0,0,0,0,0,0,0,998,0,0,0,1,4,3,8,0,0,0,1,24,20770,6,1,6,0,3,0,71,170,0,0,0,0,2,5,2016,9,2016,0,28,0,0,0,3,5,65,1,1,2,2,0,0,1,11,1,1,4,11,"1GRAA5612HB7","3H3J201S5HT6","777777777777",0,0
34,340526,1,1,1,3,12,20,35,42,0,1,0,34,1,35,43,35043,2,1995,"1N4AB42D4SC5","1","N","4","A","B","4","2","D","4","S","C","5",0,0,0,"000000000","00000000000",0,0,0,1,0,0,0,0,0,0,0,998,0,0,0,12,8,2,42,0,0,0,1,34,8251,6,2,0,0,3,0,66,999,0,0,0,0,1,9,2016,9,2016,5,28,0,0,0,1,2,45,3,1,2,1,0,0,14,10,1,1,4,6,"777777777777","777777777777","777777777777",1,0
34,340527,1,2,1,9,12,4,50,12,2,1,0,34,2,2,405,2405,14,2002,"1J4GL48K02W3","1","J","4","G","L","4","8","K","0","2","W","3",0,0,0,"000000000","00000000000",0,0,0,1,0,0,0,0,0,0,0,998,0,0,0,12,6,2,12,0,0,0,1,34,7304,6,2,0,0,3,0,62,999,0,0,0,0,1,9,2016,9,2016,0,87,0,0,0,1,4,35,1,1,2,4,0,0,1,5,1,2,2,50,"777777777777","777777777777","777777777777",1,0
34,340527,2,2,1,9,12,4,50,12,2,1,0,9,3,51,881,51881,66,2009,"4V4M19EF99N2","4","V","4","M","1","9","E","F","9","9","N","2",1,1,57,"010670","57010670",3,6,1,1,0,0,0,0,0,0,0,998,0,0,0,12,6,2,12,0,0,0,1,42,18509,6,1,6,0,3,0,999,999,0,0,0,0,0,0,0,0,0,0,0,0,0,0,1,4,35,1,1,2,4,0,0,1,62,99,1,1,51,"1GRAP0624FB7","777777777777","777777777777",0,0
34,340528,1,1,1,16,12,15,7,35,0,1,0,34,2,63,34,63034,4,2006,"KNAGD1262654","K","N","A","G","D","1","2","6","2","6","5","4",0,0,0,"000000000","00000000000",0,0,0,1,0,0,0,0,0,0,0,998,0,1,5,11,6,2,1,0,0,0,1,34,8341,0,0,0,0,2,0,61,110,0,0,0,0,0,0,0,0,0,0,0,0,0,0,1,2,35,1,1,5,1,0,0,1,9,6,4,4,7,"777777777777","777777777777","777777777777",1,0
34,340529,1,1,1,13,12,16,56,8,0,1,0,34,2,12,422,12422,15,2003,"1FMFU18LX3LA","1","F","M","F","U","1","8","L","X","3","L","A",0,0,0,"000000000","00000000000",0,0,0,1,0,0,0,0,0,0,0,998,0,0,0,1,6,2,8,0,0,0,1,34,7513,0,0,0,0,0,0,999,999,0,0,0,0,0,0,0,0,0,0,0,0,0,0,1,2,25,1,1,2,1,0,0,1,80,99,1,1,13,"777777777777","777777777777","777777777777",0,0
34,340530,1,1,1,15,12,7,13,33,0,1,0,42,3,12,481,12481,31,2005,"1FTSX21PX5EB","1","F","T","S","X","2","1","P","X","5","E","B",0,0,0,"000000000","00000000000",0,0,0,1,0,0,0,0,0,0,0,998,0,1,5,12,6,2,1,0,0,0,1,34,8244,6,1,0,0,3,0,71,999,1,0,0,0,4,7,2013,9,2016,5,0,0,0,0,6,2,65,2,6,2,1,40,3,14,13,99,3,4,2,"777777777777","777777777777","777777777777",1,0
34,340531,1,1,1,17,12,11,31,42,0,1,0,34,1,12,481,12481,31,2004,"1FTRX14W84NC","1","F","T","R","X","1","4","W","8","4","N","C",0,0,0,"000000000","00000000000",0,0,0,1,0,0,0,0,0,0,0,998,0,0,0,1,6,2,42,0,0,0,1,34,8009,6,1,0,0,3,0,68,999,0,0,0,0,1,7,2014,7,2014,4,6,87,0,0,1,2,50,1,1,2,10,0,0,1,6,99,4,4,7,"777777777777","777777777777","777777777777",1,0
34,340532,1,2,1,20,12,4,30,12,2,1,0,34,2,13,1,13001,4,2004,"1LNHM83W84Y6","1","L","N","H","M","8","3","W","8","4","Y","6",0,0,0,"000000000","00000000000",0,0,0,1,0,0,0,0,0,0,0,998,0,0,0,12,6,2,12,0,0,0,1,34,8873,6,1,0,0,3,0,66,999,2,0,0,0,4,8,2012,2,2015,0,0,0,0,0,5,3,45,1,1,2,1,0,0,1,62,99,1,1,51,"777777777777","777777777777","777777777777",1,0