"STATE","ST_CASE","VEH_NO","VE_FORMS","NUMOCCS","DAY","MONTH","HOUR","MINUTE","HARM_EV","MAN_COLL","UNITTYPE","HIT_RUN","REG_STAT","OWNER","MAKE","MODEL","MAK_MOD","BODY_TYP","MOD_YEAR","VIN","VIN_1","VIN_2","VIN_3","VIN_4","VIN_5","VIN_6","VIN_7","VIN_8","VIN_9","VIN_10","VIN_11","VIN_12","TOW_VEH","J_KNIFE","MCARR_I1","MCARR_I2","MCARR_ID","GVWR","V_CONFIG","CARGO_BT","HAZ_INV","HAZ_PLAC","HAZ_ID","HAZ_CNO","HAZ_REL","BUS_USE","SPEC_USE","EMER_USE","TRAV_SP","UNDERIDE","ROLLOVER","ROLINLOC","IMPACT1","DEFORMED","TOWED","M_HARM","VEH_SC1","VEH_SC2","FIRE_EXP","DR_PRES","L_STATE","DR_ZIP","L_STATUS","L_TYPE","CDL_STAT","L_ENDORS","L_COMPL","L_RESTRI","DR_HGT","DR_WGT","PREV_ACC","PREV_SUS","PREV_DWI","PREV_SPD","PREV_OTH","FIRST_MO","FIRST_YR","LAST_MO","LAST_YR","SPEEDREL","DR_SF1","DR_SF2","DR_SF3","DR_SF4","VTRAFWAY","VNUM_LAN","VSPD_LIM","VALIGN","VPROFILE","VPAVETYP","VSURCOND","VTRAFCON","VTCONT_F","P_CRASH1","P_CRASH2","P_CRASH3","PCRASH4","PCRASH5","ACC_TYPE","TRLR1VIN","TRLR2VIN","TRLR3VIN","DEATHS","DR_DRINK"
34,340567,1,2,1,16,12,17,50,12,2,1,0,34,1,23,471,23471,30,1997,"1GTCS14X6VK5","1","G","T","C","S","1","4","X","6","V","K","5",0,0,0,"000000000","00000000000",0,0,0,1,0,0,0,0,0,0,0,998,0,0,0,12,8,2,42,0,0,0,1,34,7076,1,1,0,0,2,0,69,999,0,0,0,0,0,0,0,0,0,0,28,0,0,0,1,2,35,1,1,2,1,0,0,1,10,1,1,2,50,"777777777777","777777777777","777777777777",1,0
34,340567,2,2,2,16,12,17,50,12,2,1,0,34,2,37,441,37441,20,2016,"5FNRL5H93GB0","5","F","N","R","L","5","H","9","3","G","B","0",0,0,0,"000000000","00000000000",0,0,0,1,0,0,0,0,0,0,0,998,0,0,0,12,6,2,12,0,0,0,1,34,7920,6,1,0,0,3,3,62,999,1,0,0,0,0,4,2016,4,2016,0,0,0,0,0,1,2,35,1,1,2,1,0,0,1,62,1,1,1,51,"777777777777","777777777777","777777777777",0,0
34,340568,1,2,1,16,12,22,46,12,2,1,0,34,1,37,32,37032,4,2010,"1HGCP2F34AA1","1","H","G","C","P","2","F","3","4","A","A","1",0,0,0,"000000000","00000000000",0,0,0,1,0,0,0,0,0,0,0,998,0,0,0,12,8,2,12,0,0,0,1,34,7042,6,1,0,0,3,0,75,190,0,1,2,0,3,7,2013,3,2014,0,28,6,0,0,1,2,25,1,1,2,1,0,0,1,10,1,1,2,50,"777777777777","777777777777","777777777777",1,1
34,340568,2,2,2,16,12,22,46,12,2,1,0,34,1,34,401,34401,14,2007,"4USFE435X7LY","4","U","S","F","E","4","3","5","X","7","L","Y",0,0,0,"000000000","00000000000",0,0,0,1,0,0,0,0,0,0,0,998,0,0,0,12,8,2,12,0,0,0,1,34,7111,0,0,0,0,0,0,999,999,0,0,0,0,0,0,0,0,0,0,0,0,0,0,1,2,25,1,1,2,1,0,0,1,62,1,1,1,51,"777777777777","777777777777","777777777777",0,0
34,340569,1,2,1,12,12,17,57,8,0,1,0,34,2,7,482,7482,31,2000,"3B7HF13Z2YG1","3","B","7","H","F","1","3","Z","2","Y","G","1",0,0,0,"000000000","00000000000",0,0,0,1,0,0,0,0,0,0,0,998,0,0,0,12,8,2,8,0,0,0,1,13,30044,6,1,0,0,3,0,68,999,98,0,0,0,0,0,0,0,0,0,0,0,0,0,1,2,50,1,1,2,1,0,0,1,80,1,1,1,13,"777777777777","777777777777","777777777777",0,0
34,340569,2,2,1,12,12,17,57,8,0,1,0,34,1,12,23,12023,4,2011,"3FAHP0HA9BR2","3","F","A","H","P","0","H","A","9","B","R","2",0,0,0,"000000000","00000000000",0,0,0,1,0,0,0,0,0,0,0,998,0,0,0,12,8,2,8,0,0,0,1,34,8759,6,1,0,0,3,0,70,999,0,0,0,0,4,6,2015,8,2016,0,0,0,0,0,1,2,50,1,1,2,1,0,0,1,80,1,1,1,98,"777777777777","777777777777","777777777777",0,0
34,340570,1,1,2,27,7,2,39,39,0,1,0,99,9,99,709,99709,80,9999,"999999999999","9","9","9","9","9","9","9","9","9","9","9","9",0,0,0,"000000000","00000000000",0,0,0,1,0,0,0,0,0,0,0,998,0,0,0,99,9,9,99,0,0,0,1,99,99999,9,9,99,9,9,9,999,999,99,99,99,99,99,99,9999,99,9999,3,99,99,99,99,4,3,98,8,8,8,98,0,0,99,99,99,9,9,99,"777777777777","777777777777","777777777777",1,0
34,340571,1,2,1,13,12,18,24,8,0,1,0,34,1,20,401,20401,14,1997,"1GNDT13W8V22","1","G","N","D","T","1","3","W","8","V","2","2",0,0,0,"000000000","00000000000",0,0,0,1,0,0,0,0,0,0,0,998,0,0,0,12,8,5,8,0,0,0,1,34,8009,6,1,0,0,3,0,72,999,0,0,0,0,2,9,2014,4,2016,0,0,0,0,0,1,4,40,1,1,2,1,2,3,1,80,1,1,1,13,"777777777777","777777777777","777777777777",0,0
34,340571,2,2,1,13,12,18,24,8,0,1,0,34,2,55,36,55036,3,2010,"KMHCM3AC2AU1","K","M","H","C","M","3","A","C","2","A","U","1",0,0,0,"000000000","00000000000",0,0,0,1,0,0,0,0,0,0,0,998,0,0,0,12,8,5,8,0,0,0,1,34,8003,6,1,0,0,3,0,60,999,1,0,0,0,0,12,2012,12,2012,0,0,0,0,0,1,4,40,1,1,2,1,2,3,1,80,1,1,1,98,"777777777777","777777777777","777777777777",0,0
34,340572,1,2,1,24,12,20,50,12,1,1,0,34,1,20,22,20022,4,2006,"1G1AK55F2677","1","G","1","A","K","5","5","F","2","6","7","7",0,0,0,"000000000","00000000000",0,0,0,1,0,0,0,0,0,0,0,998,0,0,0,12,6,2,12,0,0,0,1,34,7060,0,0,0,0,0,0,999,999,0,0,0,0,1,9,2016,9,2016,3,36,0,0,0,1,2,30,1,1,2,2,3,3,1,50,1,1,1,20,"777777777777","777777777777","777777777777",1,1
34,340572,2,2,1,24,12,20,50,12,1,1,0,34,3,12,401,12401,14,2015,"1FM5K8AR1FGB","1","F","M","5","K","8","A","R","1","F","G","B",0,0,0,"000000000","00000000000",0,0,0,1,0,0,0,0,0,0,0,0,0,0,0,6,6,2,12,0,0,0,1,34,7062,6,1,0,0,3,3,68,999,3,0,0,0,1,7,2012,7,2016,0,0,0,0,0,1,2,30,1,1,2,2,3,3,5,53,1,1,1,21,"777777777777","777777777777","777777777777",0,0
34,340573,1,2,1,22,12,1,51,12,6,1,0,34,2,20,401,20401,14,1996,"1GNCT18W5TK1","1","G","N","C","T","1","8","W","5","T","K","1",0,0,0,"000000000","00000000000",0,0,0,1,0,0,0,0,0,0,0,998,0,0,0,1,6,2,12,0,0,0,1,34,8361,6,1,0,0,3,0,72,999,0,0,0,0,0,0,0,0,0,0,0,0,0,0,1,2,45,1,1,2,1,0,0,1,17,99,1,1,88,"777777777777","777777777777","777777777777",0,0
34,340573,2,2,1,22,12,1,51,12,6,1,0,34,1,6,44,6044,4,2000,"1C3EJ56H7YN1","1","C","3","E","J","5","6","H","7","Y","N","1",0,0,0,"000000000","00000000000",0,0,0,1,0,0,0,0,0,0,0,998,0,0,0,9,6,2,12,0,0,0,1,34,8360,1,1,0,0,2,0,65,160,0,0,1,0,3,4,2012,10,2016,0,39,0,0,0,1,2,45,1,1,2,1,20,3,1,17,1,1,1,89,"777777777777","777777777777","777777777777",1,1
34,340574,1,2,2,18,12,23,2,8,0,1,0,34,3,35,51,35051,6,2008,"JN8AS58V68W1","J","N","8","A","S","5","8","V","6","8","W","1",0,0,0,"000000000","00000000000",0,0,0,1,0,0,0,0,0,0,0,998,0,0,0,12,8,2,8,0,0,0,1,24,99999,9,9,99,9,9,9,999,999,99,99,99,99,99,99,9999,99,9999,0,0,0,0,0,4,2,55,1,1,1,1,0,0,1,80,1,1,1,13,"777777777777","777777777777","777777777777",0,0
34,340574,2,2,5,18,12,23,2,8,0,1,0,34,2,59,35,59035,4,2016,"JTHCM1D29G50","J","T","H","C","M","1","D","2","9","G","5","0",0,0,0,"000000000","00000000000",0,0,0,1,0,0,0,0,0,0,0,998,0,0,0,12,8,2,8,0,0,0,1,34,8836,6,1,0,0,3,0,64,999,0,0,0,1,0,8,2016,8,2016,0,0,0,0,0,4,2,55,1,1,1,1,0,0,1,80,1,1,1,98,"777777777777","777777777777","777777777777",0,0
34,340575,1,1,1,5,12,11,24,1,0,1,0,34,3,87,884,87884,63,2006,"1NPALU0X76N8","1","N","P","A","L","U","0","X","7","6","N","8",0,0,57,"1911077","571911077",3,2,4,1,0,0,0,0,0,0,0,998,0,2,1,0,8,2,1,0,0,0,1,34,7023,6,1,6,1,3,3,68,999,1,0,0,0,5,7,2012,8,2016,9,99,99,99,99,1,2,45,4,1,2,1,0,0,14,99,99,9,2,98,"777777777777","777777777777","777777777777",1,0
35,350001,1,1,2,24,1,20,0,1,0,1,0,35,2,20,481,20481,31,2007,"2GCEC19C8717","2","G","C","E","C","1","9","C","8","7","1","7",0,0,0,"000000000","00000000000",0,0,0,1,0,0,0,0,0,0,0,998,0,1,5,0,6,2,1,0,0,0,1,40,73001,6,1,0,0,9,0,73,190,0,0,0,0,0,0,0,0,0,4,0,0,0,0,1,2,25,1,2,2,1,0,0,1,6,99,4,4,6,"777777777777","777777777777","777777777777",1,0
35,350002,1,1,1,8,1,20,19,8,0,1,0,35,3,20,2,20002,4,2006,"2G1WS5512693","2","G","1","W","S","5","5","1","2","6","9","3",0,0,0,"000000000","00000000000",0,0,0,1,0,0,0,0,0,0,0,998,0,0,0,12,4,3,8,0,0,0,1,35,87112,6,1,0,0,3,0,71,150,98,0,0,0,0,0,0,0,0,0,0,0,0,0,2,2,75,1,2,2,2,0,0,1,80,99,1,1,13,"777777777777","777777777777","777777777777",0,0
35,350003,1,1,2,3,1,21,27,8,0,1,0,4,2,20,399,20399,9,2006,"1GNDV23L96D2","1","G","N","D","V","2","3","L","9","6","D","2",0,0,0,"000000000","00000000000",0,0,0,1,0,0,0,0,0,0,0,998,0,0,0,12,4,5,8,0,0,0,1,4,85283,6,1,0,0,3,9,82,180,0,0,0,0,0,0,0,0,0,0,0,0,0,0,2,2,60,1,1,2,1,0,0,1,80,6,1,1,13,"777777777777","777777777777","777777777777",0,0
35,350004,1,2,1,2,1,6,56,12,1,1,0,35,1,42,42,42042,4,2008,"WDDGF56X48F0","W","D","D","G","F","5","6","X","4","8","F","0",0,0,0,"000000000","00000000000",0,0,0,1,0,0,0,0,0,0,0,0,0,0,0,6,6,2,12,0,0,0,1,35,87122,6,1,0,0,3,3,70,148,98,0,0,0,0,0,0,0,0,0,0,0,0,0,1,2,35,1,1,2,1,3,3,5,53,99,1,1,21,"777777777777","777777777777","777777777777",1,0
35,350004,2,2,1,2,1,6,56,12,1,1,0,35,2,12,471,12471,30,1994,"1FTCR10A9RTA","1","F","T","C","R","1","0","A","9","R","T","A",0,0,0,"000000000","00000000000",0,0,0,1,0,0,0,0,0,0,0,998,0,0,0,12,6,2,12,0,0,0,1,35,87114,6,1,0,0,3,0,62,105,98,0,0,0,0,0,0,0,0,0,39,0,0,0,1,2,35,1,1,2,1,3,3,1,50,99,1,1,20,"777777777777","777777777777","777777777777",0,0
35,350005,1,1,1,6,1,22,38,8,0,1,0,35,2,24,1,24001,4,2000,"1G8ZF5280YZ1","1","G","8","Z","F","5","2","8","0","Y","Z","1",0,0,0,"000000000","00000000000",0,0,0,1,0,0,0,0,0,0,0,998,0,0,0,62,4,5,8,0,0,0,1,35,87109,6,1,0,0,3,0,66,110,98,0,0,0,0,0,0,0,0,0,0,0,0,0,6,3,45,1,1,2,1,0,0,1,80,99,1,1,13,"777777777777","777777777777","777777777777",0,0
35,350006,1,1,1,8,1,16,42,38,0,1,0,35,2,52,37,52037,3,1993,"4A3CF34B3PE0","4","A","3","C","F","3","4","B","3","P","E","0",0,0,0,"000000000","00000000000",0,0,0,1,0,0,0,0,0,0,0,998,0,1,5,99,6,2,1,0,0,0,1,35,87566,6,1,0,0,3,0,68,160,98,0,0,1,1,12,2013,12,2013,5,0,0,0,0,1,2,45,1,1,2,1,0,0,1,19,98,2,4,1,"777777777777","777777777777","777777777777",1,1
35,350007,1,2,1,7,1,22,8,8,0,1,0,35,1,55,33,55033,4,2003,"KMHWF35H93A7","K","M","H","W","F","3","5","H","9","3","A","7",0,0,0,"000000000","00000000000",0,0,0,1,0,0,0,0,0,0,0,998,0,0,0,82,4,5,8,0,0,0,1,35,87108,6,1,6,0,3,0,65,180,98,0,0,0,0,0,0,0,0,0,0,0,0,0,2,3,40,1,1,2,2,0,0,1,80,6,1,2,13,"777777777777","777777777777","777777777777",0,0
35,350007,2,2,1,7,1,22,8,8,0,1,1,99,9,99,999,99999,99,9999,"999999999999","9","9","9","9","9","9","9","9","9","9","9","9",0,0,0,"000000000","00000000000",0,0,0,1,0,0,0,0,0,0,0,998,0,0,0,99,9,5,8,99,99,0,1,99,99999,9,9,99,9,9,9,999,999,99,99,99,99,99,99,9999,99,9999,0,99,99,99,99,2,3,40,1,1,2,2,0,0,1,80,99,1,1,98,"777777777777","777777777777","777777777777",0,0
35,350008,1,2,1,9,1,1,14,33,0,1,0,35,1,12,3,12003,2,2012,"1ZVBP8AM4C52","1","Z","V","B","P","8","A","M","4","C","5","2",0,0,0,"000000000","00000000000",0,0,0,1,0,0,0,0,0,0,0,998,0,0,0,12,6,2,12,0,0,0,1,35,87120,6,1,0,0,3,0,70,136,98,0,0,0,0,0,0,0,0,0,0,0,0,0,2,2,45,1,1,2,1,3,3,1,62,99,1,1,98,"777777777777","777777777777","777777777777",1,0
35,350008,2,2,1,9,1,1,14,33,0,1,0,35,1,23,401,23401,14,2005,"1GTDT1360581","1","G","T","D","T","1","3","6","0","5","8","1",0,0,0,"000000000","00000000000",0,0,0,1,0,0,0,0,0,0,0,998,0,0,0,99,6,2,12,0,0,0,1,35,87105,6,1,0,0,3,0,64,165,98,0,0,0,0,0,0,0,0,5,58,0,0,0,2,2,45,1,1,2,1,3,3,1,11,99,3,4,98,"777777777777","777777777777","777777777777",0,1
35,350009,1,1,1,11,2,14,56,1,0,1,0,35,2,12,481,12481,31,2003,"1FTRX07283KD","1","F","T","R","X","0","7","2","8","3","K","D",0,0,0,"000000000","00000000000",0,0,0,1,0,0,0,0,0,0,0,998,0,1,3,0,6,2,1,0,0,0,1,35,87124,6,1,0,0,3,0,70,165,98,0,0,0,1,9,2015,9,2015,5,58,0,0,0,2,2,70,1,1,2,1,0,0,1,13,99,5,4,6,"777777777777","777777777777","777777777777",1,0
35,350010,1,1,1,24,1,20,18,8,0,1,1,99,9,99,999,99999,99,9999,"999999999999","9","9","9","9","9","9","9","9","9","9","9","9",9,0,0,"000000000","00000000000",0,0,0,1,0,0,0,0,0,0,0,998,0,0,0,99,9,5,8,0,0,0,1,99,99999,9,9,99,9,9,9,999,999,99,99,99,99,99,99,9999,99,9999,9,99,99,99,99,1,2,98,1,1,2,1,0,0,99,82,99,9,9,13,"777777777777","777777777777","777777777777",0,0
35,350011,1,1,3,1,2,9,45,1,0,1,0,6,2,49,401,49401,14,1988,"JT4YN63G7J00","J","T","4","Y","N","6","3","G","7","J","0","0",0,0,0,"000000000","00000000000",0,0,0,1,0,0,0,0,0,0,0,998,0,2,5,0,6,2,1,0,0,0,1,6,92804,6,1,0,0,3,0,73,190,0,0,0,0,0,0,0,0,0,4,6,87,0,0,2,2,75,1,1,2,3,0,0,6,6,6,4,4,2,"777777777777","777777777777","777777777777",1,0
35,350012,1,2,1,26,1,13,43,33,0,1,0,35,1,54,35,54035,4,2009,"19UUA86269A0","1","9","U","U","A","8","6","2","6","9","A","0",0,0,0,"000000000","00000000000",0,0,0,1,0,0,0,0,0,0,0,998,0,0,0,12,6,2,12,0,0,0,1,35,87102,6,1,0,0,3,0,68,200,98,0,0,0,0,0,0,0,0,0,0,0,0,0,2,2,40,1,1,2,1,0,0,1,62,99,1,1,98,"777777777777","777777777777","777777777777",0,0
35,350012,2,2,1,26,1,13,43,33,0,1,0,35,1,21,20,21020,2,1994,"1G3WH15M7RD3","1","G","3","W","H","1","5","M","7","R","D","3",0,0,0,"000000000","00000000000",0,0,0,1,0,0,0,0,0,0,0,998,0,0,0,98,6,2,12,0,0,0,1,35,87107,6,1,0,0,3,3,67,120,98,0,0,0,0,0,0,0,0,0,0,0,0,0,2,2,40,1,1,2,1,0,0,1,10,99,1,4,98,"777777777777","777777777777","777777777777",1,0
35,350013,1,1,1,17,1,7,30,1,0,1,0,35,1,37,402,37402,14,2001,"JHLRD28461S0","J","H","L","R","D","2","8","4","6","1","S","0",0,0,0,"000000000","00000000000",0,0,0,1,0,0,0,0,0,0,0,998,0,2,5,0,6,2,3,0,0,0,1,35,87114,6,1,0,0,3,0,74,175,98,0,0,0,0,0,0,0,0,0,0,0,0,0,8,1,15,4,1,5,1,0,0,13,13,99,2,4,98,"777777777777","777777777777","777777777777",1,1
35,350014,1,2,1,20,1,21,23,12,2,1,0,30,2,20,481,20481,31,2004,"1GCHK29154E1","1","G","C","H","K","2","9","1","5","4","E","1",0,0,0,"000000000","00000000000",0,0,0,1,0,0,0,0,0,0,0,998,0,1,1,12,6,2,12,0,0,0,1,30,59901,6,1,0,0,3,9,999,999,98,0,0,0,0,0,0,0,0,0,36,0,0,0,2,4,45,4,1,2,1,0,0,14,10,99,1,2,50,"777777777777","777777777777","777777777777",1,1
35,350014,2,2,1,20,1,21,23,12,2,1,0,35,1,49,40,49040,4,2000,"JT2BF28K4Y02","J","T","2","B","F","2","8","K","4","Y","0","2",0,0,0,"000000000","00000000000",0,0,0,1,0,0,0,0,0,0,0,998,0,0,0,12,6,2,12,0,0,0,1,35,87047,6,1,0,0,3,0,66,130,98,0,0,0,0,0,0,0,0,0,0,0,0,0,2,4,45,4,1,2,1,0,0,14,62,99,1,1,51,"777777777777","777777777777","777777777777",0,0
35,350015,1,1,1,14,1,10,44,33,0,1,0,35,1,49,40,49040,4,1999,"JT2BG28K1X03","J","T","2","B","G","2","8","K","1","X","0","3",0,0,0,"000000000","00000000000",0,0,0,1,0,0,0,0,0,0,0,998,0,0,0,11,6,2,42,0,0,1,1,35,87123,6,1,0,0,3,0,70,160,98,0,0,0,0,0,0,0,0,0,0,0,0,0,2,3,40,1,1,2,1,0,0,1,12,99,1,4,6,"777777777777","777777777777","777777777777",1,0
35,350016,1,2,1,22,1,12,32,12,1,1,0,48,1,20,461,20461,21,2004,"1GCGG25V0411","1","G","C","G","G","2","5","V","0","4","1","1",0,0,0,"000000000","00000000000",0,0,0,1,0,0,0,0,0,0,0,998,0,0,0,12,6,2,12,0,0,0,1,48,79935,6,1,0,0,3,0,999,999,2,0,0,0,0,5,2011,2,2013,0,26,0,0,0,2,2,75,1,1,2,1,0,0,1,51,15,4,2,24,"777777777777","777777777777","777777777777",0,0
35,350016,2,2,1,22,1,12,32,12,1,1,0,35,2,72,706,72706,80,1987,"1HD1FAL1XHY5","1","H","D","1","F","A","L","1","X","H","Y","5",0,0,0,"000000000","00000000000",0,0,0,1,0,0,0,0,0,0,0,998,0,0,0,6,6,2,12,0,0,0,1,4,85705,6,1,0,0,3,0,70,190,1,0,0,1,2,2,2012,4,2015,0,0,0,0,0,2,2,75,1,1,2,1,0,0,1,53,99,1,1,25,"777777777777","777777777777","777777777777",1,0
35,350017,1,1,5,5,2,2,5,33,0,1,0,40,1,7,28,7028,2,2014,"2C3CDYBT3EH1","2","C","3","C","D","Y","B","T","3","E","H","1",0,0,0,"000000000","00000000000",0,0,0,1,0,0,0,0,0,0,0,998,0,1,5,98,6,2,1,0,0,0,1,40,73503,6,1,0,0,3,9,999,999,99,99,99,99,99,99,9999,99,9999,5,39,0,0,0,2,2,30,1,2,2,1,20,3,1,14,99,1,4,14,"777777777777","777777777777","777777777777",3,1
35,350018,1,2,1,20,1,8,37,12,1,1,0,30,1,12,481,12481,31,2010,"1FTFW1EV9AFB","1","F","T","F","W","1","E","V","9","A","F","B",0,0,0,"000000000","00000000000",0,0,0,1,0,0,0,0,0,0,0,998,0,0,0,12,6,2,12,0,0,0,1,40,73501,6,1,0,0,3,0,71,215,0,0,0,0,0,0,0,0,0,0,0,0,0,0,2,2,75,1,1,2,1,0,0,1,51,1,1,1,24,"777777777777","777777777777","777777777777",0,0
35,350018,2,2,2,20,1,8,37,12,1,1,0,48,2,30,47,30047,1,2006,"3VWRF31Y96M3","3","V","W","R","F","3","1","Y","9","6","M","3",0,0,0,"000000000","00000000000",0,0,0,1,0,0,0,0,0,0,0,998,0,0,0,6,6,2,12,0,0,0,1,22,71047,0,0,0,0,0,0,62,160,0,0,0,0,0,0,0,0,0,0,45,80,0,0,2,2,75,1,1,2,1,0,0,1,53,1,1,1,25,"777777777777","777777777777","777777777777",1,0
35,350019,1,1,1,26,1,0,20,9,0,1,1,99,9,99,399,99399,9,9999,"999999999999","9","9","9","9","9","9","9","9","9","9","9","9",0,0,0,"000000000","00000000000",0,0,0,1,0,0,0,0,0,0,0,998,0,0,0,12,4,5,9,0,0,0,1,99,99999,9,9,99,9,9,9,999,999,99,99,99,99,99,99,9999,99,9999,9,99,99,99,99,1,2,65,1,1,2,1,0,0,1,83,99,1,9,13,"777777777777","777777777777","777777777777",0,0
35,350020,1,1,2,23,1,1,55,8,0,1,0,35,2,12,401,12401,14,2005,"1FMZU73KX5UB","1","F","M","Z","U","7","3","K","X","5","U","B",0,0,0,"000000000","00000000000",0,0,0,1,0,0,0,0,0,0,0,998,0,0,0,82,6,2,8,0,0,0,1,35,87317,6,1,0,0,3,3,63,125,98,0,0,0,0,0,0,0,0,0,0,0,0,0,2,2,55,1,1,2,1,0,0,1,80,6,1,2,13,"777777777777","777777777777","777777777777",0,1
35,350021,1,1,0,3,2,20,0,8,0,1,0,35,6,38,401,38401,14,1991,"JACCH58R3M89","J","A","C","C","H","5","8","R","3","M","8","9",0,0,0,"000000000","00000000000",0,0,0,1,0,0,0,0,0,0,0,998,0,0,0,99,0,5,8,0,0,0,0,0,99997,7,6,97,7,6,7,998,997,998,998,998,998,998,98,9998,98,9998,8,0,0,0,0,1,2,10,1,3,5,4,0,0,0,80,0,0,0,98,"777777777777","777777777777","777777777777",0,0
35,350022,1,1,5,2,2,3,0,1,0,1,0,32,1,35,421,35421,15,2008,"5N1AA08C58N6","5","N","1","A","A","0","8","C","5","8","N","6",1,1,0,"000000000","00000000000",0,0,0,1,0,0,0,0,0,0,0,998,0,9,5,0,6,2,1,0,0,0,1,32,89433,6,1,0,0,3,0,67,200,0,0,0,1,0,5,2011,5,2011,0,0,0,0,0,2,2,75,1,1,2,1,0,0,1,10,7,1,4,1,"16HPB1422VU0","777777777777","777777777777",1,0
35,350023,1,2,1,15,2,22,51,12,2,1,0,35,2,6,43,6043,2,2002,"4C3AG52H32E1","4","C","3","A","G","5","2","H","3","2","E","1",0,0,0,"000000000","00000000000",0,0,0,1,0,0,0,0,0,0,0,998,0,0,0,12,6,2,12,0,0,0,1,35,88345,6,1,0,0,3,0,71,160,98,0,0,3,1,10,2014,8,2015,0,0,0,0,0,2,2,60,1,1,2,1,0,0,1,10,7,1,2,50,"777777777777","777777777777","777777777777",1,0
35,350023,2,2,1,15,2,22,51,12,2,1,0,93,3,82,881,82881,66,2008,"1FUJBBCK88LZ","1","F","U","J","B","B","C","K","8","8","L","Z",1,1,57,"1461512","571461512",3,6,1,1,0,0,0,0,0,0,0,998,0,1,1,12,6,2,12,0,0,0,1,4,85366,6,1,6,3,3,3,65,179,0,0,0,0,0,0,0,0,0,0,0,0,0,0,2,2,60,1,1,2,1,0,0,1,62,7,1,1,51,"999999999999","777777777777","777777777777",0,0
35,350024,1,1,2,22,2,16,15,1,0,1,0,35,1,12,401,12401,14,1995,"1FMDU24X0SUB","1","F","M","D","U","2","4","X","0","S","U","B",0,0,0,"000000000","00000000000",0,0,0,1,0,0,0,0,0,0,0,998,0,1,1,0,6,2,1,0,0,0,1,35,87008,6,1,6,0,3,0,61,120,98,0,0,0,0,0,0,0,0,0,0,0,0,0,2,2,70,1,1,2,2,0,0,1,13,7,3,6,98,"777777777777","777777777777","777777777777",2,0
35,350025,1,1,1,7,2,20,50,42,0,1,0,35,1,12,481,12481,31,2006,"1FTPX14V06NB","1","F","T","P","X","1","4","V","0","6","N","B",0,0,0,"000000000","00000000000",0,0,0,1,0,0,0,0,0,0,0,998,0,0,0,61,6,2,42,0,0,0,1,35,88061,6,1,0,0,3,3,66,160,98,0,0,0,0,0,0,0,0,3,58,0,0,0,1,2,55,4,1,2,1,0,0,14,10,7,3,4,1,"777777777777","777777777777","777777777777",1,1
35,350026,1,4,1,5,1,17,40,12,8,1,0,35,2,34,37,34037,4,1995,"WBAGF6321SDH","W","B","A","G","F","6","3","2","1","S","D","H",0,0,0,"000000000","00000000000",0,0,0,1,0,0,0,0,0,0,0,998,0,0,0,61,6,2,12,0,0,1,1,41,88101,1,1,0,0,2,0,68,160,0,5,0,0,0,6,2011,6,2015,3,0,0,0,0,1,2,65,1,1,2,1,0,0,6,54,7,1,2,64,"777777777777","777777777777","777777777777",1,1
35,350026,2,4,1,5,1,17,40,12,8,1,0,93,3,82,881,82881,66,2012,"1FUJGLDR9CSB","1","F","U","J","G","L","D","R","9","C","S","B",1,1,57,"2099791","572099791",3,6,98,1,0,0,0,0,0,0,0,998,0,0,0,62,6,2,12,0,0,0,1,8,80012,6,1,6,3,3,3,72,180,0,0,0,0,0,0,0,0,0,0,0,0,0,0,1,2,65,1,1,2,1,28,3,1,62,9,1,1,65,"999999999999","777777777777","777777777777",0,0
35,350026,3,4,4,5,1,17,40,12,8,1,0,8,2,19,421,19421,15,2008,"1GYFK63828R1","1","G","Y","F","K","6","3","8","2","8","R","1",1,1,0,"000000000","00000000000",0,0,0,1,0,0,0,0,0,0,0,998,0,1,5,61,6,2,1,0,0,0,1,8,80249,6,1,0,0,3,0,64,145,0,0,0,0,0,0,0,0,0,0,0,0,0,0,1,2,65,1,1,2,1,0,0,1,61,1,2,4,98,"999999999999","777777777777","777777777777",0,0
35,350026,4,4,5,5,1,17,40,12,8,1,0,8,2,7,422,7422,15,2004,"1D4HB38N74F1","1","D","4","H","B","3","8","N","7","4","F","1",0,0,0,"000000000","00000000000",0,0,0,1,0,0,0,0,0,0,0,998,0,0,0,12,6,2,12,0,0,0,1,8,80249,6,7,0,0,3,3,63,155,0,0,0,0,2,1,2011,11,2013,0,0,0,0,0,1,2,65,1,1,2,1,0,0,1,62,16,1,1,98,"777777777777","777777777777","777777777777",0,0
35,350027,1,1,3,10,1,20,11,8,0,1,0,38,2,7,482,7482,31,2010,"1D7RV1CT1AS2","1","D","7","R","V","1","C","T","1","A","S","2",0,0,0,"000000000","00000000000",0,0,0,1,0,0,0,0,0,0,0,998,0,0,0,12,6,2,8,0,0,0,1,4,85641,6,1,0,0,3,3,66,125,0,0,0,0,0,0,0,0,0,0,0,0,0,0,2,2,75,1,1,2,1,0,0,1,80,9,1,2,13,"777777777777","777777777777","777777777777",0,0
35,350028,1,1,1,19,2,17,5,33,0,1,0,35,1,12,481,12481,31,2006,"1FTSF21P96EB","1","F","T","S","F","2","1","P","9","6","E","B",0,0,0,"000000000","00000000000",0,0,0,1,0,0,0,0,0,0,0,998,0,1,5,11,6,2,1,0,0,0,1,35,87109,6,1,0,0,3,0,69,175,98,0,0,0,0,0,0,0,0,5,0,0,0,0,6,2,98,4,8,2,1,0,0,14,12,7,1,4,6,"777777777777","777777777777","777777777777",1,0