"STATE","ST_CASE","VEH_NO","VE_FORMS","NUMOCCS","DAY","MONTH","HOUR","MINUTE","HARM_EV","MAN_COLL","UNITTYPE","HIT_RUN","REG_STAT","OWNER","MAKE","MODEL","MAK_MOD","BODY_TYP","MOD_YEAR","VIN","VIN_1","VIN_2","VIN_3","VIN_4","VIN_5","VIN_6","VIN_7","VIN_8","VIN_9","VIN_10","VIN_11","VIN_12","TOW_VEH","J_KNIFE","MCARR_I1","MCARR_I2","MCARR_ID","GVWR","V_CONFIG","CARGO_BT","HAZ_INV","HAZ_PLAC","HAZ_ID","HAZ_CNO","HAZ_REL","BUS_USE","SPEC_USE","EMER_USE","TRAV_SP","UNDERIDE","ROLLOVER","ROLINLOC","IMPACT1","DEFORMED","TOWED","M_HARM","VEH_SC1","VEH_SC2","FIRE_EXP","DR_PRES","L_STATE","DR_ZIP","L_STATUS","L_TYPE","CDL_STAT","L_ENDORS","L_COMPL","L_RESTRI","DR_HGT","DR_WGT","PREV_ACC","PREV_SUS","PREV_DWI","PREV_SPD","PREV_OTH","FIRST_MO","FIRST_YR","LAST_MO","LAST_YR","SPEEDREL","DR_SF1","DR_SF2","DR_SF3","DR_SF4","VTRAFWAY","VNUM_LAN","VSPD_LIM","VALIGN","VPROFILE","VPAVETYP","VSURCOND","VTRAFCON","VTCONT_F","P_CRASH1","P_CRASH2","P_CRASH3","PCRASH4","PCRASH5","ACC_TYPE","TRLR1VIN","TRLR2VIN","TRLR3VIN","DEATHS","DR_DRINK"
35,350029,1,2,1,5,1,6,10,12,6,1,0,35,1,24,2,24002,2,2001,"1G8ZY12741Z2","1","G","8","Z","Y","1","2","7","4","1","Z","2",0,0,0,"000000000","00000000000",0,0,0,1,0,0,0,0,0,0,0,998,0,0,0,81,6,2,12,0,0,0,1,35,87042,6,1,0,0,3,0,63,170,98,0,0,0,0,0,0,0,0,4,87,0,0,0,1,2,40,1,1,2,3,0,0,1,5,99,4,2,66,"777777777777","777777777777","777777777777",1,0
35,350029,2,2,2,5,1,6,10,12,6,1,0,35,2,12,17,12017,4,2002,"1FAFP53U22G1","1","F","A","F","P","5","3","U","2","2","G","1",0,0,0,"000000000","00000000000",0,0,0,1,0,0,0,0,0,0,0,998,0,0,0,12,6,2,12,0,0,0,1,35,87031,6,1,6,0,3,3,68,260,98,0,0,0,0,0,0,0,0,4,0,0,0,0,1,2,40,1,1,2,3,0,0,1,59,99,1,1,66,"777777777777","777777777777","777777777777",0,0
35,350030,1,2,5,6,2,19,39,5,0,1,0,6,1,20,481,20481,31,1996,"1GCEC14R3TZ1","1","G","C","E","C","1","4","R","3","T","Z","1",0,0,0,"000000000","00000000000",0,0,0,1,0,0,0,0,0,0,0,55,0,0,0,0,0,5,5,0,0,0,1,6,92115,6,1,0,0,3,0,74,158,0,1,0,0,0,12,2013,12,2013,0,0,0,0,0,2,2,75,1,1,2,1,0,0,1,52,1,1,1,0,"777777777777","777777777777","777777777777",1,0
35,350030,2,2,1,6,2,19,39,5,0,1,0,6,3,51,881,51881,66,2015,"4V4NC9EH5FN1","4","V","4","N","C","9","E","H","5","F","N","1",1,1,57,"01262453","5701262453",3,6,1,1,0,0,0,0,0,0,0,998,0,0,0,82,2,5,73,0,0,0,1,6,92340,6,1,6,1,3,0,82,250,0,0,0,0,0,0,0,0,0,0,0,0,0,0,2,2,75,1,1,2,1,0,0,1,90,6,1,3,98,"1JJV53W97L04","777777777777","777777777777",0,0
35,350031,1,1,1,5,2,22,46,31,0,1,0,4,1,20,481,20481,31,2005,"1GCEC14X45Z2","1","G","C","E","C","1","4","X","4","5","Z","2",0,0,0,"000000000","00000000000",0,0,0,1,0,0,0,0,0,0,0,998,0,0,0,12,6,2,43,0,0,0,1,4,86054,6,1,0,0,3,3,83,198,0,0,0,0,0,0,0,0,0,0,0,0,0,0,2,2,45,4,1,2,1,0,0,14,10,6,4,4,6,"777777777777","777777777777","777777777777",1,0
35,350032,1,2,1,12,2,12,55,24,0,1,0,35,2,2,405,2405,14,2005,"1J4GL38K55W5","1","J","4","G","L","3","8","K","5","5","W","5",0,0,0,"000000000","00000000000",0,0,0,1,0,0,0,0,0,0,0,998,0,1,1,12,6,2,1,0,0,0,1,35,87501,6,1,0,0,3,0,63,160,98,0,0,0,0,0,0,0,0,0,58,0,0,0,3,2,75,1,1,2,1,0,0,6,10,7,2,4,1,"777777777777","777777777777","777777777777",1,0
35,350032,2,2,2,12,2,12,55,24,0,1,0,46,2,19,421,19421,15,2004,"3GYFK66N94G3","3","G","Y","F","K","6","6","N","9","4","G","3",0,0,0,"000000000","00000000000",0,0,0,1,0,0,0,0,0,0,0,998,0,0,0,12,6,2,12,0,0,0,1,46,57186,6,1,0,0,3,0,79,284,0,0,0,0,0,0,0,0,0,0,0,0,0,0,3,2,75,1,1,2,1,0,0,1,50,16,1,1,98,"777777777777","777777777777","777777777777",0,0
35,350033,1,1,4,22,2,20,30,8,0,1,0,35,2,12,401,12401,14,2003,"1FMZU73K23ZA","1","F","M","Z","U","7","3","K","2","3","Z","A",0,0,0,"000000000","00000000000",0,0,0,1,0,0,0,0,0,0,0,998,0,0,0,1,2,5,8,0,0,0,1,35,87507,6,1,0,0,3,3,58,120,98,0,0,0,0,0,0,0,0,0,0,0,0,0,2,2,35,1,1,2,1,0,0,1,80,7,1,2,13,"777777777777","777777777777","777777777777",0,0
35,350034,1,1,4,18,2,12,52,1,0,1,0,48,3,12,481,12481,31,2015,"1FT7W3A66FEA","1","F","T","7","W","3","A","6","6","F","E","A",1,1,0,"000000000","00000000000",0,0,0,1,0,0,0,0,0,0,0,998,0,2,5,0,6,2,1,0,0,0,1,48,79110,6,1,0,0,3,0,999,999,1,0,0,1,2,7,2011,1,2015,3,80,0,0,0,2,2,70,1,1,2,1,0,0,1,13,6,1,4,1,"999999999999","777777777777","777777777777",1,0
35,350035,1,1,1,26,2,6,28,1,0,1,0,35,1,12,401,12401,14,1999,"1FMZU35P2XZA","1","F","M","Z","U","3","5","P","2","X","Z","A",0,0,0,"000000000","00000000000",0,0,0,1,0,0,0,0,0,0,0,998,0,2,4,0,6,2,1,0,0,0,1,35,87144,6,2,0,0,3,0,64,120,98,0,0,0,0,0,0,0,0,4,27,0,0,0,3,4,65,1,1,2,1,0,0,15,13,99,9,4,1,"777777777777","777777777777","777777777777",1,1
35,350036,1,2,4,27,2,6,0,12,1,1,0,18,2,20,481,20481,31,2006,"1GCHC29D56E1","1","G","C","H","C","2","9","D","5","6","E","1",0,0,0,"000000000","00000000000",0,0,0,1,0,0,0,0,0,0,0,998,0,1,3,12,6,2,1,0,0,0,1,29,64867,6,1,0,0,3,0,69,210,1,0,0,0,0,6,2014,6,2014,0,0,0,0,0,2,2,75,1,1,2,1,0,0,1,51,1,1,1,24,"777777777777","777777777777","777777777777",1,1
35,350036,2,2,1,27,2,6,0,12,1,1,0,48,1,22,20,22020,4,2008,"2G2WC55C6811","2","G","2","W","C","5","5","C","6","8","1","1",1,1,0,"000000000","00000000000",0,0,0,1,0,0,0,0,0,0,0,998,0,0,0,6,6,2,12,0,0,0,1,35,87401,6,1,0,0,3,0,73,184,98,0,0,0,0,0,0,0,0,0,0,0,0,0,2,2,75,1,1,2,1,0,0,1,53,1,1,1,25,"888888888888","777777777777","777777777777",0,0
35,350037,1,1,1,20,2,23,30,8,0,1,0,35,1,42,42,42042,4,2005,"WDBRF40J25F5","W","D","B","R","F","4","0","J","2","5","F","5",0,0,0,"000000000","00000000000",0,0,0,1,0,0,0,0,0,0,0,998,0,0,0,12,6,2,8,0,0,0,1,35,87031,6,1,0,0,3,0,65,134,98,0,0,0,1,4,2014,4,2014,0,0,0,0,0,3,4,65,1,1,2,1,0,0,1,80,1,1,1,13,"777777777777","777777777777","777777777777",0,0
35,350038,1,1,1,26,2,16,13,1,0,1,0,35,2,72,706,72706,80,2015,"1HD1KBM17FB6","1","H","D","1","K","B","M","1","7","F","B","6",0,0,0,"000000000","00000000000",0,0,0,1,0,0,0,0,0,0,0,998,0,0,0,0,6,2,1,0,0,0,1,35,88210,1,1,1,0,2,3,71,240,98,3,0,5,5,11,2013,2,2016,4,0,0,0,0,2,2,35,3,2,2,1,0,0,14,13,99,1,4,1,"777777777777","777777777777","777777777777",1,1
35,350039,1,1,1,20,2,19,23,8,0,1,1,99,9,99,999,99999,99,9999,"999999999999","9","9","9","9","9","9","9","9","9","9","9","9",0,0,0,"000000000","00000000000",0,0,0,1,0,0,0,0,0,0,0,998,0,0,0,12,9,5,8,99,99,0,1,99,99999,9,9,99,9,9,9,999,999,99,99,99,99,99,99,9999,99,9999,9,99,99,99,99,1,2,35,1,1,2,1,0,0,1,80,99,1,1,13,"777777777777","777777777777","777777777777",0,0
35,350040,1,1,4,9,2,21,28,5,0,1,1,4,2,35,43,35043,4,2004,"3N1CB51D54L8","3","N","1","C","B","5","1","D","5","4","L","8",0,0,0,"000000000","00000000000",0,0,0,1,0,0,0,0,0,0,0,998,0,0,0,0,0,3,5,0,0,0,1,35,87417,2,1,0,0,2,0,65,145,98,0,0,0,0,0,0,0,0,0,91,0,0,0,1,3,35,1,1,2,1,0,0,1,80,1,1,1,0,"777777777777","777777777777","777777777777",1,1
35,350041,1,1,1,1,1,7,11,24,0,1,0,35,1,12,481,12481,31,2003,"1FTNX21S93EA","1","F","T","N","X","2","1","S","9","3","E","A",0,0,0,"000000000","00000000000",0,0,0,1,0,0,0,0,0,0,0,998,0,1,2,82,6,2,1,0,0,0,1,35,87007,2,1,0,0,2,3,68,175,98,1,0,0,0,6,2015,6,2015,0,87,0,0,0,2,2,75,1,2,2,4,0,0,1,5,99,9,4,1,"777777777777","777777777777","777777777777",1,0
35,350042,1,2,1,4,2,12,21,12,8,1,0,48,1,23,481,23481,31,2011,"1GT22ZCG3BZ3","1","G","T","2","2","Z","C","G","3","B","Z","3",0,0,0,"000000000","00000000000",0,0,0,1,0,0,0,0,0,0,0,998,0,1,1,62,6,2,12,0,0,0,1,48,77357,6,1,0,0,3,3,999,999,0,2,1,1,0,6,2013,10,2015,5,0,0,0,0,1,2,65,1,1,2,1,0,0,1,10,1,1,4,64,"777777777777","777777777777","777777777777",1,1
35,350042,2,2,1,4,2,12,21,12,8,1,0,48,1,20,481,20481,31,2015,"1GC4K0C80FF5","1","G","C","4","K","0","C","8","0","F","F","5",1,1,0,"000000000","00000000000",0,0,0,1,0,0,0,0,0,0,0,998,0,0,0,61,6,2,12,0,0,0,1,48,79756,6,1,6,0,3,0,999,999,0,0,0,0,0,0,0,0,0,0,0,0,0,0,1,2,65,1,1,2,1,0,0,1,62,9,1,4,65,"888888888888","777777777777","777777777777",0,0
35,350043,1,1,1,28,2,14,16,1,0,1,0,35,1,23,422,23422,15,2012,"1GKS2CE01CR1","1","G","K","S","2","C","E","0","1","C","R","1",0,0,0,"000000000","00000000000",0,0,0,1,0,0,0,0,0,0,0,998,0,2,5,0,6,2,1,0,0,0,1,35,88011,6,1,0,0,3,0,68,158,98,0,0,1,0,7,2013,7,2013,4,58,0,0,0,2,2,65,1,1,2,1,0,0,1,10,7,4,4,2,"777777777777","777777777777","777777777777",1,0
35,350044,1,1,7,8,2,16,46,1,0,1,0,35,2,20,421,20421,15,2001,"1GNEC13T51R2","1","G","N","E","C","1","3","T","5","1","R","2",0,0,0,"000000000","00000000000",0,0,0,1,0,0,0,0,0,0,0,998,0,1,1,0,6,2,1,0,0,0,1,35,87121,2,1,0,0,2,0,59,125,98,1,0,0,0,12,2015,12,2015,3,58,0,0,0,1,2,35,3,3,2,1,0,0,14,10,7,3,6,98,"777777777777","777777777777","777777777777",4,0
35,350045,1,1,1,17,2,17,42,8,0,1,0,55,5,37,703,37703,80,2013,"MLHKF121XD50","M","L","H","K","F","1","2","1","X","D","5","0",0,0,0,"000000000","00000000000",0,0,0,1,0,0,0,0,0,0,0,998,0,0,0,12,6,2,8,0,0,0,1,35,87031,0,0,0,0,0,0,67,150,98,0,0,0,0,0,0,0,0,3,0,0,0,0,1,2,35,1,2,2,1,0,0,1,80,1,1,1,13,"777777777777","777777777777","777777777777",0,0
35,350046,1,1,1,1,2,21,30,1,0,1,0,35,1,72,706,72706,80,2015,"1HD1MAL17FB8","1","H","D","1","M","A","L","1","7","F","B","8",0,0,0,"000000000","00000000000",0,0,0,1,0,0,0,0,0,0,0,998,0,0,0,0,6,2,33,0,0,0,1,35,88210,6,1,0,0,3,3,67,270,98,0,0,0,0,0,0,0,0,0,0,0,0,0,2,3,65,2,1,2,1,0,0,10,10,7,3,4,7,"777777777777","777777777777","777777777777",1,0
35,350047,1,1,2,2,2,6,37,8,0,1,0,35,1,20,404,20404,14,2016,"2GNALBEK1G11","2","G","N","A","L","B","E","K","1","G","1","1",0,0,0,"000000000","00000000000",0,0,0,1,0,0,0,0,0,0,0,998,0,0,0,12,4,5,8,0,0,0,1,35,87121,6,1,0,0,3,0,63,130,98,0,0,0,0,0,0,0,0,0,0,0,0,0,2,4,45,1,1,2,1,2,3,1,80,99,1,1,13,"777777777777","777777777777","777777777777",0,0
35,350048,1,1,1,3,3,8,29,1,0,1,0,35,2,6,43,6043,4,2007,"1C3LC56R17N5","1","C","3","L","C","5","6","R","1","7","N","5",0,0,0,"000000000","00000000000",0,0,0,1,0,0,0,0,0,0,0,998,0,2,3,0,6,2,1,0,0,0,1,35,87015,6,7,0,0,3,3,67,130,98,0,0,0,0,0,0,0,0,3,58,0,0,0,2,2,75,1,1,2,1,0,0,1,10,7,4,4,6,"777777777777","777777777777","777777777777",1,0
35,350049,1,2,2,7,3,16,0,12,6,1,0,18,3,85,884,85884,66,2016,"1XKYD49XXGJ4","1","X","K","Y","D","4","9","X","X","G","J","4",1,1,57,"054283","57054283",3,6,1,1,0,0,0,0,0,0,0,998,0,0,0,12,6,2,12,0,0,0,1,12,33881,6,1,6,0,3,0,70,999,0,0,0,2,1,11,2012,11,2015,0,6,0,0,0,2,2,75,2,2,2,1,0,0,14,10,99,1,4,64,"1GRAA0624FB7","777777777777","777777777777",0,0
35,350049,2,2,2,7,3,16,0,12,6,1,0,19,1,2,404,2404,14,2014,"1C4PJMCS0EW2","1","C","4","P","J","M","C","S","0","E","W","2",0,0,0,"000000000","00000000000",0,0,0,1,0,0,0,0,0,0,0,998,0,1,5,62,6,2,1,0,0,0,1,19,52501,6,1,0,0,3,0,71,250,0,0,0,0,0,0,0,0,0,0,0,0,0,0,2,2,75,1,2,2,1,0,0,1,62,99,1,1,65,"777777777777","777777777777","777777777777",2,0
35,350050,1,1,2,7,3,23,39,1,0,1,0,8,2,23,421,23421,15,2006,"2GTEK13T5611","2","G","T","E","K","1","3","T","5","6","1","1",0,0,0,"000000000","00000000000",0,0,0,1,0,0,0,0,0,0,0,998,0,1,6,0,6,2,1,0,0,0,1,8,81137,6,7,0,0,3,3,73,149,0,0,0,0,0,0,0,0,0,3,91,0,0,0,1,2,55,3,2,2,1,0,0,14,13,1,1,4,1,"777777777777","777777777777","777777777777",1,1
35,350051,1,1,3,4,3,15,30,30,0,1,0,35,2,12,401,12401,14,1998,"1FMZU32P2WZA","1","F","M","Z","U","3","2","P","2","W","Z","A",0,0,0,"000000000","00000000000",0,0,0,1,0,0,0,0,0,0,0,998,0,1,5,12,6,2,30,0,0,0,1,35,87144,0,0,0,0,0,0,72,150,98,0,0,0,0,0,0,0,0,3,0,0,0,0,2,3,40,1,1,2,1,0,0,1,11,1,1,4,1,"777777777777","777777777777","777777777777",1,0
35,350052,1,2,1,16,3,22,11,12,2,1,0,35,1,20,481,20481,31,2008,"1GCEK14C38Z2","1","G","C","E","K","1","4","C","3","8","Z","2",0,0,0,"000000000","00000000000",0,0,0,1,0,0,0,0,0,0,0,998,0,0,0,12,6,2,12,0,0,1,1,35,87455,6,1,0,0,3,3,68,220,98,0,0,0,0,0,0,0,0,3,35,0,0,0,1,2,65,1,1,2,1,0,0,6,54,99,1,2,50,"777777777777","777777777777","777777777777",1,1
35,350052,2,2,2,16,3,22,11,12,2,1,0,35,3,12,23,12023,4,2015,"3FA6P0G75FR2","3","F","A","6","P","0","G","7","5","F","R","2",0,0,0,"000000000","00000000000",0,0,0,1,0,0,0,0,0,0,0,998,0,0,0,12,6,2,12,0,0,0,1,35,87401,6,1,6,0,3,3,78,220,98,0,0,0,0,0,0,0,0,0,0,0,0,0,1,2,65,1,1,2,1,0,0,1,54,99,1,1,51,"777777777777","777777777777","777777777777",2,0
35,350053,1,1,5,20,3,8,45,1,0,1,0,48,2,23,481,23481,31,2001,"1GTEC19T41Z1","1","G","T","E","C","1","9","T","4","1","Z","1",0,0,0,"000000000","00000000000",0,0,0,1,0,0,0,0,0,0,0,998,0,1,5,0,6,2,1,0,0,0,1,48,79072,6,1,0,0,3,3,999,999,0,0,0,0,0,0,0,0,0,0,0,0,0,0,1,2,65,2,1,2,1,0,0,14,11,6,4,4,1,"777777777777","777777777777","777777777777",1,0
35,350054,1,1,1,21,3,2,53,42,0,1,0,35,2,20,421,20421,15,2001,"1GNEC13T51R2","1","G","N","E","C","1","3","T","5","1","R","2",0,0,0,"000000000","00000000000",0,0,0,1,0,0,0,0,0,0,0,998,0,1,5,82,6,2,1,0,0,0,1,35,88316,6,1,0,0,3,0,67,110,98,0,0,0,0,0,0,0,0,0,58,0,0,0,1,2,55,1,1,2,1,0,0,1,90,7,5,4,3,"777777777777","777777777777","777777777777",1,0
35,350055,1,1,1,19,3,7,50,24,0,1,0,8,2,12,481,12481,31,1995,"1FTEF14N0SLB","1","F","T","E","F","1","4","N","0","S","L","B",0,0,0,"000000000","00000000000",0,0,0,1,0,0,0,0,0,0,0,998,0,1,3,62,6,2,1,0,0,0,1,8,80219,6,1,0,0,3,0,66,178,0,0,0,1,1,12,2012,2,2013,4,87,0,0,0,3,2,75,2,1,2,4,0,0,14,5,99,2,4,7,"777777777777","777777777777","777777777777",1,0
35,350056,1,2,1,31,3,12,38,12,6,1,0,35,1,35,49,35049,6,2007,"JN8AZ08T17W5","J","N","8","A","Z","0","8","T","1","7","W","5",0,0,0,"000000000","00000000000",0,0,0,1,0,0,0,0,0,0,0,998,0,0,0,11,4,3,12,0,0,0,1,35,88101,2,1,2,0,2,0,69,180,98,2,1,0,0,4,2012,5,2012,0,38,0,0,0,1,2,30,1,1,2,1,21,3,11,15,99,1,1,82,"777777777777","777777777777","777777777777",0,1
35,350056,2,2,1,31,3,12,38,12,6,1,0,35,2,73,703,73703,80,2012,"JKAEXMJ14CDA","J","K","A","E","X","M","J","1","4","C","D","A",0,0,0,"000000000","00000000000",0,0,0,1,0,0,0,0,0,0,0,998,0,0,0,12,6,2,12,0,0,0,1,35,88101,6,1,0,0,2,3,65,115,98,0,0,1,0,8,2015,8,2015,0,0,0,0,0,1,2,30,1,1,2,1,0,0,1,67,99,1,1,83,"777777777777","777777777777","777777777777",1,1
35,350057,1,1,1,11,3,21,14,8,0,1,0,35,2,49,472,49472,30,2013,"3TMLU4ENXDM1","3","T","M","L","U","4","E","N","X","D","M","1",0,0,0,"000000000","00000000000",0,0,0,1,0,0,0,0,0,0,0,998,0,0,0,12,2,5,8,0,0,0,1,35,88061,6,1,0,0,3,0,60,147,98,0,0,3,0,8,2015,2,2016,0,6,0,0,0,1,2,15,1,1,2,1,2,3,11,80,1,1,1,13,"777777777777","777777777777","777777777777",0,0
35,350058,1,1,1,4,3,14,43,1,0,1,0,35,1,72,706,72706,80,2015,"1HD1TAN19FB9","1","H","D","1","T","A","N","1","9","F","B","9",0,0,0,"000000000","00000000000",0,0,0,1,0,0,0,0,0,0,0,998,0,0,0,0,6,2,1,0,0,0,1,35,87122,6,1,0,0,3,3,72,170,98,0,0,1,0,6,2013,6,2013,5,34,0,0,0,1,2,40,3,2,2,1,0,0,14,13,99,4,5,1,"777777777777","777777777777","777777777777",1,0
35,350059,1,1,1,14,3,11,30,1,0,1,0,35,2,12,481,12481,31,2010,"1FTEX1EV6AFB","1","F","T","E","X","1","E","V","6","A","F","B",0,0,0,"000000000","00000000000",0,0,0,1,0,0,0,0,0,0,0,998,0,2,6,0,6,2,3,0,0,0,1,35,88119,6,1,0,0,3,0,75,180,98,0,0,0,0,0,0,0,0,0,0,0,0,0,1,2,25,1,2,5,1,0,0,1,13,99,2,4,1,"777777777777","777777777777","777777777777",1,0
35,350060,1,1,2,5,3,2,44,1,0,1,0,35,1,52,46,52046,4,2003,"JA3AJ86E93U0","J","A","3","A","J","8","6","E","9","3","U","0",0,0,0,"000000000","00000000000",0,0,0,1,0,0,0,0,0,0,0,998,0,1,1,0,6,2,1,0,0,0,1,35,88203,6,1,6,0,3,3,66,130,98,0,0,1,1,2,2013,8,2013,0,0,0,0,0,2,2,70,1,1,2,1,0,0,1,10,99,3,2,98,"777777777777","777777777777","777777777777",1,1
35,350061,1,1,1,11,3,2,20,1,0,1,0,48,2,37,32,37032,4,1996,"1HGCD5554TA0","1","H","G","C","D","5","5","5","4","T","A","0",0,0,0,"000000000","00000000000",0,0,0,1,0,0,0,0,0,0,0,998,0,1,1,0,6,2,1,0,0,0,1,99,88081,9,9,99,0,9,9,999,999,99,99,99,99,99,99,9999,99,9999,4,0,0,0,0,1,2,25,1,1,2,1,0,0,1,19,99,5,6,98,"777777777777","777777777777","777777777777",1,1
35,350062,1,2,1,22,3,13,44,12,2,1,0,35,2,7,43,7043,4,1997,"1B3EJ46C3VN5","1","B","3","E","J","4","6","C","3","V","N","5",0,0,0,"000000000","00000000000",0,0,0,1,0,0,0,0,0,0,0,998,0,0,0,12,6,2,12,0,0,0,1,35,87420,2,1,0,0,2,2,68,200,98,5,1,0,3,2,2015,1,2016,0,28,74,0,0,1,2,55,1,3,2,1,0,0,1,54,7,1,1,51,"777777777777","777777777777","777777777777",1,0
35,350062,2,2,2,22,3,13,44,12,2,1,0,35,2,12,23,12023,4,2007,"3FAHP07Z87R2","3","F","A","H","P","0","7","Z","8","7","R","2",0,0,0,"000000000","00000000000",0,0,0,1,0,0,0,0,0,0,0,998,0,0,0,12,6,2,12,0,0,0,1,35,87420,6,1,0,0,3,0,62,125,98,0,0,0,0,0,0,0,0,0,0,0,0,0,1,2,55,1,3,2,1,0,0,1,62,6,1,2,50,"777777777777","777777777777","777777777777",0,0
35,350063,1,1,2,20,3,19,10,35,0,1,1,35,2,20,498,20498,31,1991,"1GCDK14K9ME1","1","G","C","D","K","1","4","K","9","M","E","1",0,0,0,"000000000","00000000000",0,0,0,1,0,0,0,0,0,0,0,998,0,0,0,98,6,2,42,0,0,0,1,35,87326,0,0,0,0,0,0,69,280,98,0,0,0,0,0,0,0,0,4,0,0,0,0,1,2,55,3,2,2,1,0,0,14,13,99,1,4,1,"777777777777","777777777777","777777777777",1,1
35,350064,1,1,2,22,3,12,47,1,0,1,0,35,1,58,401,58401,14,1999,"JNRAR05Y1XW0","J","N","R","A","R","0","5","Y","1","X","W","0",0,0,0,"000000000","00000000000",0,0,0,1,0,0,0,0,0,0,0,998,0,1,5,0,6,2,1,0,0,0,1,35,87701,6,1,0,0,3,3,66,209,98,0,0,0,0,0,0,0,0,0,0,0,0,0,2,2,75,1,1,2,1,0,0,1,12,7,5,4,1,"777777777777","777777777777","777777777777",1,0
35,350065,1,1,7,15,3,14,10,1,0,1,0,48,1,12,422,12422,15,2004,"1FMFU17L84LB","1","F","M","F","U","1","7","L","8","4","L","B",0,0,0,"000000000","00000000000",0,0,0,1,0,0,0,0,0,0,0,998,0,1,3,0,6,2,1,0,0,0,1,48,79104,0,0,0,0,0,0,999,999,0,0,0,0,0,0,0,0,0,0,80,0,0,0,2,2,70,1,1,2,1,0,0,1,1,8,4,4,7,"777777777777","777777777777","777777777777",1,0
35,350066,1,1,1,9,2,22,19,8,0,1,1,99,9,99,999,99999,99,9999,"999999999999","9","9","9","9","9","9","9","9","9","9","9","9",0,0,0,"000000000","00000000000",0,0,0,1,0,0,0,0,0,0,0,998,0,0,0,99,9,5,8,0,0,0,1,99,99999,9,9,99,9,9,9,999,999,99,99,99,99,99,99,9999,99,9999,0,0,0,0,0,2,2,65,1,1,2,1,0,0,1,80,99,1,1,13,"777777777777","777777777777","777777777777",0,0
35,350067,1,1,1,14,3,12,13,45,0,1,0,35,1,20,481,20481,31,2008,"2GCEK19J6812","2","G","C","E","K","1","9","J","6","8","1","2",0,0,0,"000000000","00000000000",0,0,0,1,0,0,0,0,0,0,0,998,0,0,0,12,6,2,8,0,0,0,1,35,87743,4,1,4,0,2,0,69,180,98,0,0,0,0,0,0,0,0,0,0,0,0,0,1,1,55,1,1,2,1,0,0,1,50,1,1,1,12,"777777777777","777777777777","777777777777",0,0
35,350068,1,1,2,28,2,5,2,20,0,1,0,35,1,37,31,37031,2,2006,"2HGFG12866H5","2","H","G","F","G","1","2","8","6","6","H","5",0,0,0,"000000000","00000000000",0,0,0,1,0,0,0,0,0,0,0,998,0,0,0,12,6,2,20,0,0,0,1,35,88005,6,1,0,0,3,0,73,150,98,0,0,0,0,0,0,0,0,0,91,0,0,0,3,1,45,1,1,2,1,40,3,1,11,1,1,4,1,"777777777777","777777777777","777777777777",1,1
35,350069,1,1,2,2,2,9,14,34,0,1,1,35,2,12,481,12481,31,1993,"2FTHF26C5PCB","2","F","T","H","F","2","6","C","5","P","C","B",0,0,0,"000000000","00000000000",0,0,0,1,0,0,0,0,0,0,0,54,0,1,5,98,6,2,1,0,0,0,1,99,99999,9,9,99,0,9,9,999,999,99,99,99,99,99,99,9999,99,9999,0,99,99,99,99,1,2,98,2,8,5,3,0,0,14,12,16,2,4,6,"777777777777","777777777777","777777777777",1,0
35,350070,1,2,1,10,3,0,22,12,2,1,0,35,2,49,40,49040,4,1993,"JT2SK12E8P01","J","T","2","S","K","1","2","E","8","P","0","1",0,0,0,"000000000","00000000000",0,0,0,1,0,0,0,0,0,0,0,998,0,0,0,12,6,2,12,0,0,0,1,35,87508,6,1,0,0,3,0,62,110,98,0,0,2,2,8,2014,10,2015,0,6,28,0,0,1,2,50,1,3,2,1,0,0,1,10,1,1,2,50,"777777777777","777777777777","777777777777",0,0
35,350070,2,2,1,10,3,0,22,12,2,1,0,35,2,55,35,55035,4,2003,"KMHDN45DX3U5","K","M","H","D","N","4","5","D","X","3","U","5",0,0,0,"000000000","00000000000",0,0,0,1,0,0,0,0,0,0,0,998,0,0,0,12,6,2,12,0,0,0,1,35,87123,6,1,0,0,3,0,67,165,98,0,0,0,0,0,0,0,0,0,0,0,0,0,1,2,50,1,3,2,1,0,0,1,62,1,1,1,51,"777777777777","777777777777","777777777777",1,0
35,350071,1,3,1,29,3,19,29,33,0,1,0,35,2,49,402,49402,14,2002,"JTEHH20V4260","J","T","E","H","H","2","0","V","4","2","6","0",0,0,0,"000000000","00000000000",0,0,0,1,0,0,0,0,0,0,0,998,0,0,0,8,2,5,12,0,0,0,1,35,87501,6,1,6,0,3,3,65,110,98,0,0,1,0,1,2015,1,2015,0,0,0,0,0,2,2,35,1,2,2,1,0,0,1,64,1,1,1,98,"777777777777","777777777777","777777777777",0,0
35,350071,2,3,1,29,3,19,29,33,0,1,0,35,2,35,473,35473,31,2006,"1N6AA07A06N5","1","N","6","A","A","0","7","A","0","6","N","5",0,0,0,"000000000","00000000000",0,0,0,1,0,0,0,0,0,0,0,998,0,0,0,12,6,2,12,0,0,0,1,35,88005,6,1,0,0,3,3,71,220,98,0,0,0,0,0,0,0,0,0,0,0,0,0,2,2,35,1,2,2,1,0,0,1,64,1,1,1,98,"777777777777","777777777777","777777777777",0,0
35,350071,3,3,1,29,3,19,29,33,0,1,0,16,2,53,709,53709,80,2004,"JS1GN7CA2421","J","S","1","G","N","7","C","A","2","4","2","1",0,0,0,"000000000","00000000000",0,0,0,1,0,0,0,0,0,0,0,998,0,0,0,12,6,2,12,0,0,0,1,53,98841,1,1,0,0,2,0,64,130,1,3,0,2,3,9,2014,4,2015,3,37,51,38,0,2,2,35,1,2,2,1,0,0,1,6,8,2,5,98,"777777777777","777777777777","777777777777",1,0