"STATE","ST_CASE","VEH_NO","VE_FORMS","NUMOCCS","DAY","MONTH","HOUR","MINUTE","HARM_EV","MAN_COLL","UNITTYPE","HIT_RUN","REG_STAT","OWNER","MAKE","MODEL","MAK_MOD","BODY_TYP","MOD_YEAR","VIN","VIN_1","VIN_2","VIN_3","VIN_4","VIN_5","VIN_6","VIN_7","VIN_8","VIN_9","VIN_10","VIN_11","VIN_12","TOW_VEH","J_KNIFE","MCARR_I1","MCARR_I2","MCARR_ID","GVWR","V_CONFIG","CARGO_BT","HAZ_INV","HAZ_PLAC","HAZ_ID","HAZ_CNO","HAZ_REL","BUS_USE","SPEC_USE","EMER_USE","TRAV_SP","UNDERIDE","ROLLOVER","ROLINLOC","IMPACT1","DEFORMED","TOWED","M_HARM","VEH_SC1","VEH_SC2","FIRE_EXP","DR_PRES","L_STATE","DR_ZIP","L_STATUS","L_TYPE","CDL_STAT","L_ENDORS","L_COMPL","L_RESTRI","DR_HGT","DR_WGT","PREV_ACC","PREV_SUS","PREV_DWI","PREV_SPD","PREV_OTH","FIRST_MO","FIRST_YR","LAST_MO","LAST_YR","SPEEDREL","DR_SF1","DR_SF2","DR_SF3","DR_SF4","VTRAFWAY","VNUM_LAN","VSPD_LIM","VALIGN","VPROFILE","VPAVETYP","VSURCOND","VTRAFCON","VTCONT_F","P_CRASH1","P_CRASH2","P_CRASH3","PCRASH4","PCRASH5","ACC_TYPE","TRLR1VIN","TRLR2VIN","TRLR3VIN","DEATHS","DR_DRINK"
35,350186,2,3,2,30,7,13,47,12,2,1,0,40,1,35,43,35043,4,2012,"3N1AB6AP8CL7","3","N","1","A","B","6","A","P","8","C","L","7",0,0,0,"000000000","00000000000",0,0,0,1,0,0,0,0,0,0,0,998,0,0,0,12,6,2,12,0,0,0,1,40,74135,6,1,0,0,3,3,71,200,0,0,0,0,0,0,0,0,0,0,0,0,0,0,5,5,45,1,1,2,1,0,0,1,62,1,1,1,98,"777777777777","777777777777","777777777777",0,0
35,350186,3,3,2,30,7,13,47,12,2,1,0,35,2,12,401,12401,14,1994,"1FMDU34X2RUB","1","F","M","D","U","3","4","X","2","R","U","B",0,0,0,"000000000","00000000000",0,0,0,1,0,0,0,0,0,0,0,998,0,0,0,12,6,2,12,0,0,0,1,35,87571,9,9,99,0,9,9,999,999,99,99,99,99,99,99,9999,99,9999,5,99,99,99,99,5,5,45,1,1,2,1,0,0,1,10,99,1,2,50,"777777777777","777777777777","777777777777",1,0
35,350187,1,1,1,4,7,22,53,1,0,1,0,35,1,22,18,22018,4,2000,"1G2NF52E9YM8","1","G","2","N","F","5","2","E","9","Y","M","8",0,0,0,"000000000","00000000000",0,0,0,1,0,0,0,0,0,0,0,998,0,1,5,0,6,2,1,0,0,0,1,35,87120,6,1,0,0,3,0,60,160,98,0,0,0,0,0,0,0,0,0,0,0,0,0,2,2,75,1,1,2,1,0,0,1,13,99,3,4,1,"777777777777","777777777777","777777777777",1,0
35,350188,1,1,2,9,7,12,40,1,0,1,0,8,2,24,2,24002,9,1996,"1G8ZH5284TZ2","1","G","8","Z","H","5","2","8","4","T","Z","2",0,0,0,"000000000","00000000000",0,0,0,1,0,0,0,0,0,0,0,998,0,1,5,0,6,2,1,0,0,0,1,6,92040,6,1,0,0,3,0,69,150,0,0,0,0,0,0,0,0,0,0,0,0,0,0,2,2,75,1,2,2,1,0,0,1,13,99,1,4,1,"777777777777","777777777777","777777777777",1,0
35,350189,1,1,2,11,7,16,20,1,0,1,0,35,2,20,473,20473,30,2007,"1GCCS1999781","1","G","C","C","S","1","9","9","9","7","8","1",0,0,0,"000000000","00000000000",0,0,0,1,0,0,0,0,0,0,0,998,0,1,5,0,6,2,1,0,0,0,1,35,88210,6,2,0,0,3,3,66,190,98,0,0,0,0,0,0,0,0,0,0,0,0,0,2,2,70,1,1,2,1,0,0,1,13,6,9,5,1,"777777777777","777777777777","777777777777",1,1
35,350190,1,2,3,16,7,2,37,11,0,1,0,8,2,24,10,24010,6,2009,"5GZER23D19J1","5","G","Z","E","R","2","3","D","1","9","J","1",0,0,0,"000000000","00000000000",0,0,0,1,0,0,0,0,0,0,0,998,0,0,0,12,6,2,12,0,0,1,1,8,80219,0,0,0,0,0,0,999,999,0,0,0,0,0,0,0,0,0,4,0,0,0,0,1,2,65,1,1,2,1,0,0,1,87,99,9,1,13,"777777777777","777777777777","777777777777",3,0
35,350190,2,2,1,16,7,2,37,11,0,1,0,18,3,51,881,51881,66,2013,"4V4NC9TG9DN5","4","V","4","N","C","9","T","G","9","D","N","5",1,1,57,"0054283","570054283",3,6,1,1,0,0,0,0,0,0,0,998,0,0,0,12,6,2,2,0,0,1,1,6,92243,6,1,6,9,3,0,72,209,0,0,0,0,0,0,0,0,0,0,0,0,0,0,1,2,65,1,1,2,1,0,0,1,62,99,1,1,98,"888888888888","777777777777","777777777777",0,0
35,350191,1,1,1,17,7,17,40,24,0,1,0,35,2,7,482,7482,31,2003,"1D7HA18N63S1","1","D","7","H","A","1","8","N","6","3","S","1",0,0,0,"000000000","00000000000",0,0,0,1,0,0,0,0,0,0,0,998,0,1,5,81,6,2,1,0,0,0,1,35,87901,6,1,0,0,3,0,69,210,98,0,1,1,0,7,2013,11,2014,5,28,58,0,0,2,2,75,4,3,2,1,0,0,14,12,7,3,4,2,"777777777777","777777777777","777777777777",1,0
35,350192,1,1,5,18,7,3,0,59,0,1,0,8,1,7,422,7422,15,2005,"1D4HB48N05F5","1","D","4","H","B","4","8","N","0","5","F","5",0,0,0,"000000000","00000000000",0,0,0,1,0,0,0,0,0,0,0,998,0,1,1,98,6,2,1,0,0,0,1,8,80540,6,1,0,0,3,3,66,340,0,0,0,0,0,0,0,0,0,5,0,0,0,0,1,4,45,1,1,2,1,0,0,1,13,1,1,5,1,"777777777777","777777777777","777777777777",1,0
35,350193,1,2,1,21,6,19,33,12,2,1,0,35,2,76,706,76706,80,1999,"JYARN02Y7XA0","J","Y","A","R","N","0","2","Y","7","X","A","0",0,0,0,"000000000","00000000000",0,0,0,1,0,0,0,0,0,0,0,998,0,0,0,12,6,2,12,0,0,0,1,35,87109,6,1,0,0,2,0,73,165,98,0,0,0,0,0,0,0,0,0,0,0,0,0,2,4,40,1,2,2,1,2,3,1,62,99,1,1,69,"777777777777","777777777777","777777777777",1,0
35,350193,2,2,2,21,6,19,33,12,2,1,0,8,0,7,482,7482,31,2012,"1C6RD7FT3CS3","1","C","6","R","D","7","F","T","3","C","S","3",0,0,0,"000000000","00000000000",0,0,0,1,0,0,0,0,0,0,0,998,0,0,0,12,4,3,12,0,0,0,1,8,80525,6,1,0,0,3,3,69,195,0,0,0,0,0,0,0,0,0,0,38,0,0,0,2,4,40,1,2,2,1,2,3,11,15,1,1,1,68,"777777777777","777777777777","777777777777",0,0
35,350194,1,2,1,19,7,7,28,12,1,1,0,35,3,87,884,87884,66,2003,"1XPFDB9X33D8","1","X","P","F","D","B","9","X","3","3","D","8",1,1,57,"00119873","5700119873",3,6,4,1,0,0,0,0,0,0,0,998,0,0,0,6,2,5,12,0,0,0,1,35,88401,6,1,6,1,3,3,69,190,98,0,0,1,0,7,2014,7,2014,0,0,0,0,0,1,2,65,1,1,2,1,0,0,10,53,1,1,1,27,"1C9CB40B7WM1","777777777777","777777777777",0,0
35,350194,2,2,1,19,7,7,28,12,1,1,0,8,1,12,481,12481,31,2005,"1FTWW31P15EB","1","F","T","W","W","3","1","P","1","5","E","B",0,0,0,"000000000","00000000000",0,0,0,1,0,0,0,0,0,0,0,998,0,0,0,12,6,2,12,0,0,0,1,8,80013,6,1,0,0,3,3,70,275,0,1,0,1,0,3,2016,4,2016,5,0,0,0,0,1,2,65,1,1,2,1,0,0,1,51,1,1,1,24,"777777777777","777777777777","777777777777",1,0
35,350195,1,1,5,27,6,19,4,1,0,1,0,48,2,12,481,12481,31,2000,"1FTRX17W2YNB","1","F","T","R","X","1","7","W","2","Y","N","B",0,0,0,"000000000","00000000000",0,0,0,1,0,0,0,0,0,0,0,998,0,9,5,0,6,2,1,0,0,0,1,48,78852,6,1,0,0,3,0,999,999,0,0,0,0,0,0,0,0,0,0,0,0,0,0,1,2,65,1,1,2,1,0,0,1,1,99,9,4,7,"777777777777","777777777777","777777777777",1,0
35,350196,1,1,1,24,7,16,48,38,0,1,0,35,2,48,34,48034,6,1997,"4S3BG6856V76","4","S","3","B","G","6","8","5","6","V","7","6",0,0,0,"000000000","00000000000",0,0,0,1,0,0,0,0,0,0,0,998,0,0,0,98,6,2,42,0,0,0,1,35,87942,6,1,0,0,3,3,66,130,98,0,0,0,0,0,0,0,0,0,0,0,0,0,1,2,40,1,1,2,1,0,0,1,12,1,1,5,6,"777777777777","777777777777","777777777777",1,0
35,350197,1,2,3,22,7,23,5,12,6,1,0,47,1,13,13,13013,4,2008,"3LNHM26T08R6","3","L","N","H","M","2","6","T","0","8","R","6",0,0,0,"000000000","00000000000",0,0,0,1,0,0,0,0,0,0,0,998,0,0,0,9,6,2,12,0,0,0,1,47,37205,6,1,0,0,3,0,68,150,1,0,0,1,0,7,2013,5,2014,0,0,0,0,0,6,3,40,3,1,2,1,2,3,11,66,99,1,1,82,"777777777777","777777777777","777777777777",1,0
35,350197,2,2,1,22,7,23,5,12,6,1,0,35,2,12,481,12481,31,2011,"1FTFW1EF6BKD","1","F","T","F","W","1","E","F","6","B","K","D",0,0,0,"000000000","00000000000",0,0,0,1,0,0,0,0,0,0,0,998,0,0,0,12,6,2,12,0,0,0,1,35,87317,6,1,0,0,3,0,71,205,98,0,0,0,1,11,2013,11,2013,5,39,0,0,0,2,5,40,1,1,1,1,2,3,1,67,99,1,1,83,"777777777777","777777777777","777777777777",0,1
35,350198,1,1,1,27,7,10,28,5,0,1,0,35,1,72,706,72706,80,2008,"1HD1JK5128Y0","1","H","D","1","J","K","5","1","2","8","Y","0",0,0,0,"000000000","00000000000",0,0,0,1,0,0,0,0,0,0,0,998,0,0,0,0,6,2,58,0,0,0,1,35,87745,6,1,0,0,3,3,66,160,98,0,0,0,0,0,0,0,0,0,0,0,0,0,1,2,45,2,3,2,1,0,0,14,13,1,1,4,0,"777777777777","777777777777","777777777777",1,1
35,350199,1,1,2,30,7,5,39,46,0,1,0,35,3,20,423,20423,15,2015,"1GNKVGKD9FJ2","1","G","N","K","V","G","K","D","9","F","J","2",0,0,0,"000000000","00000000000",0,0,0,1,0,0,0,0,0,0,0,998,0,0,0,12,6,2,46,0,0,0,1,35,87109,0,0,0,0,0,0,70,190,98,0,0,0,0,0,0,0,0,0,91,0,0,0,1,5,20,1,1,2,1,2,3,1,62,7,1,4,3,"777777777777","777777777777","777777777777",1,1
35,350200,1,1,2,15,7,20,55,8,0,1,0,35,2,21,2,21002,4,1999,"1G3HN52K2X48","1","G","3","H","N","5","2","K","2","X","4","8",0,0,0,"000000000","00000000000",0,0,0,1,0,0,0,0,0,0,0,998,0,0,0,12,6,2,8,0,0,0,1,35,87514,6,1,0,0,3,0,64,110,98,0,0,0,0,0,0,0,0,0,0,0,0,0,5,3,30,1,1,2,1,0,0,1,80,99,1,1,13,"777777777777","777777777777","777777777777",0,0
35,350201,1,3,1,9,7,2,32,12,2,1,0,8,2,37,31,37031,2,2005,"1HGEM21975L0","1","H","G","E","M","2","1","9","7","5","L","0",0,0,0,"000000000","00000000000",0,0,0,1,0,0,0,0,0,0,0,998,0,0,0,12,6,2,12,0,0,0,1,35,87420,6,1,0,0,3,3,60,160,98,0,0,0,1,7,2015,7,2015,0,51,0,0,0,2,2,60,2,1,2,1,0,0,14,54,99,1,1,52,"777777777777","777777777777","777777777777",1,1
35,350201,2,3,3,9,7,2,32,12,2,1,0,35,2,20,9,20009,2,1988,"1G1FP21E9JL1","1","G","1","F","P","2","1","E","9","J","L","1",0,0,0,"000000000","00000000000",0,0,0,1,0,0,0,0,0,0,0,998,0,0,0,12,6,2,12,0,0,0,1,35,87417,6,1,0,0,3,0,64,125,98,0,0,0,0,0,0,0,0,0,0,0,0,0,2,2,60,2,1,2,1,0,0,14,54,99,1,1,52,"777777777777","777777777777","777777777777",2,1
35,350201,3,3,1,9,7,2,32,12,2,1,0,35,1,20,37,20037,4,2013,"1G11B5SAXDF3","1","G","1","1","B","5","S","A","X","D","F","3",0,0,0,"000000000","00000000000",0,0,0,1,0,0,0,0,0,0,0,998,0,0,0,12,6,2,12,0,0,0,1,35,87420,6,1,0,0,3,3,67,250,98,0,0,0,0,0,0,0,0,0,0,0,0,0,2,2,60,2,1,2,1,0,0,14,62,99,1,1,98,"777777777777","777777777777","777777777777",0,1
35,350202,1,1,2,19,7,20,28,38,0,1,0,35,2,12,471,12471,30,2007,"1FTYR10DX7PA","1","F","T","Y","R","1","0","D","X","7","P","A",0,0,0,"000000000","00000000000",0,0,0,1,0,0,0,0,0,0,0,998,0,1,5,98,6,2,1,0,0,0,1,35,88029,0,0,0,0,0,0,999,999,98,0,0,0,0,0,0,0,0,5,6,0,0,0,1,2,35,1,1,5,1,0,0,1,6,16,4,4,7,"777777777777","777777777777","777777777777",1,0
35,350203,1,2,2,17,6,1,14,12,2,1,0,48,2,49,401,49401,14,2004,"JTEZU14R7400","J","T","E","Z","U","1","4","R","7","4","0","0",0,0,0,"000000000","00000000000",0,0,0,1,0,0,0,0,0,0,0,998,0,0,0,12,6,2,12,0,0,0,1,48,76179,6,1,0,0,3,3,999,999,0,0,0,0,0,0,0,0,0,0,0,0,0,0,2,2,75,1,3,2,1,0,0,1,62,99,9,1,51,"777777777777","777777777777","777777777777",1,0
35,350203,2,2,1,17,6,1,14,12,2,1,0,35,1,12,481,12481,31,2006,"1FTWW31PX6EB","1","F","T","W","W","3","1","P","X","6","E","B",0,0,0,"000000000","00000000000",0,0,0,1,0,0,0,0,0,0,0,998,0,0,0,12,6,2,12,0,0,0,1,35,87557,6,1,0,0,3,0,73,200,98,0,1,0,1,6,2014,9,2014,0,91,0,0,0,2,2,75,1,3,2,1,0,0,1,12,99,9,7,50,"777777777777","777777777777","777777777777",0,1
35,350204,1,1,1,27,6,3,8,8,0,1,1,99,9,99,399,99399,9,9999,"999999999999","9","9","9","9","9","9","9","9","9","9","9","9",0,0,0,"000000000","00000000000",0,0,0,1,0,0,0,0,0,0,0,998,0,0,0,12,9,5,8,0,0,0,1,99,99999,9,9,99,0,9,9,999,999,99,99,99,99,99,99,9999,99,9999,9,99,99,99,99,1,2,0,1,8,5,98,0,0,1,80,99,1,1,13,"777777777777","777777777777","777777777777",0,0
35,350205,1,2,2,22,7,7,30,12,1,1,0,35,2,24,401,24401,14,2005,"5GZCZ63405S8","5","G","Z","C","Z","6","3","4","0","5","S","8",0,0,0,"000000000","00000000000",0,0,0,1,0,0,0,0,0,0,0,998,0,1,5,12,6,2,1,0,0,0,1,35,87301,6,1,0,0,3,0,64,150,98,0,0,2,1,1,2015,9,2015,0,28,34,0,0,2,2,75,1,2,2,1,0,0,1,51,1,1,1,24,"777777777777","777777777777","777777777777",2,0
35,350205,2,2,1,22,7,7,30,12,1,1,0,6,3,82,881,82881,66,2014,"3AKGGLDV6ESF","3","A","K","G","G","L","D","V","6","E","S","F",1,1,57,"369463","57369463",3,6,1,1,0,0,0,0,0,0,0,998,0,0,0,6,4,5,12,0,0,0,1,4,86401,6,1,6,1,3,3,75,365,0,2,0,0,0,7,2013,7,2013,0,0,0,0,0,2,2,75,1,2,2,1,0,0,1,53,1,1,1,25,"5HTSN4226Y7U","777777777777","777777777777",0,0
35,350206,1,1,2,28,5,23,47,8,0,1,0,35,1,7,20,7020,4,2005,"1B3ES56CX5D1","1","B","3","E","S","5","6","C","X","5","D","1",0,0,0,"000000000","00000000000",0,0,0,1,0,0,0,0,0,0,0,34,0,0,0,12,4,3,8,0,0,0,1,35,87417,6,1,0,0,3,3,66,145,98,0,0,0,0,0,0,0,0,0,0,0,0,0,2,2,35,1,1,2,1,0,0,1,80,1,1,1,13,"777777777777","777777777777","777777777777",0,0
35,350207,1,1,6,8,8,11,28,1,0,1,0,35,2,14,401,14401,14,2005,"4M2ZU86E65UJ","4","M","2","Z","U","8","6","E","6","5","U","J",0,0,0,"000000000","00000000000",0,0,0,1,0,0,0,0,0,0,0,998,0,1,3,0,6,2,1,0,0,0,1,35,87801,6,7,0,0,3,3,70,243,98,0,0,0,0,0,0,0,0,0,80,0,0,0,2,2,75,1,1,2,1,0,0,1,1,99,4,4,7,"777777777777","777777777777","777777777777",1,0
35,350208,1,1,1,27,8,22,55,1,0,1,0,35,1,7,482,7482,31,1999,"1B7KF2362XJ5","1","B","7","K","F","2","3","6","2","X","J","5",0,0,0,"000000000","00000000000",0,0,0,1,0,0,0,0,0,0,0,998,0,1,1,0,6,2,1,0,0,0,1,35,87566,6,1,0,0,3,0,70,200,98,0,0,0,0,0,0,0,0,0,0,0,0,0,1,3,60,3,1,2,1,0,0,14,13,6,5,6,98,"777777777777","777777777777","777777777777",1,1
35,350209,1,1,2,30,8,15,5,1,0,1,0,35,2,2,999,2999,49,1983,"1JCCE87E6DT0","1","J","C","C","E","8","7","E","6","D","T","0",0,0,0,"000000000","00000000000",0,0,0,1,0,0,0,0,0,0,0,998,0,9,5,0,4,3,1,0,0,0,1,35,87123,0,0,0,0,0,0,69,150,98,0,0,0,0,0,0,0,0,0,91,0,0,0,1,2,35,2,1,2,2,0,0,14,13,6,1,4,6,"777777777777","777777777777","777777777777",1,1
35,350210,1,4,5,6,8,14,50,12,8,1,0,35,2,55,33,55033,4,2005,"KMHWF25S85A1","K","M","H","W","F","2","5","S","8","5","A","1",0,0,0,"000000000","00000000000",0,0,0,1,0,0,0,0,0,0,0,998,0,1,1,63,6,2,1,0,0,0,1,35,87041,0,0,0,0,0,0,61,168,98,0,0,0,0,0,0,0,0,5,58,0,0,0,1,2,55,4,2,2,1,0,0,14,10,7,3,2,64,"777777777777","777777777777","777777777777",1,0
35,350210,2,4,2,6,8,14,50,12,8,1,0,35,1,72,706,72706,80,2011,"1HD1JM515BB0","1","H","D","1","J","M","5","1","5","B","B","0",0,0,0,"000000000","00000000000",0,0,0,1,0,0,0,0,0,0,0,998,0,0,0,81,6,2,12,0,0,0,1,35,87111,1,1,0,0,2,0,70,210,98,1,0,0,0,11,2015,11,2015,0,0,0,0,0,1,2,55,4,2,2,1,0,0,14,62,1,1,1,65,"777777777777","777777777777","777777777777",0,0
35,350210,3,4,2,6,8,14,50,12,8,1,0,35,1,72,706,72706,80,2014,"1HD1KBM12EB6","1","H","D","1","K","B","M","1","2","E","B","6",0,0,0,"000000000","00000000000",0,0,0,1,0,0,0,0,0,0,0,998,0,0,0,61,4,3,12,0,0,0,1,35,87015,6,1,6,0,2,0,71,190,98,0,0,0,0,0,0,0,0,0,0,0,0,0,1,2,55,4,2,2,1,0,0,14,62,16,1,1,98,"777777777777","777777777777","777777777777",0,0
35,350210,4,4,1,6,8,14,50,12,8,1,0,35,1,72,706,72706,80,2015,"1HD1PXN13FB9","1","H","D","1","P","X","N","1","3","F","B","9",0,0,0,"000000000","00000000000",0,0,0,1,0,0,0,0,0,0,0,998,0,0,0,0,4,3,1,0,0,0,1,35,87015,6,1,0,0,3,0,72,195,98,0,0,0,0,0,0,0,0,0,0,0,0,0,1,2,55,4,2,2,1,0,0,14,62,15,7,4,98,"777777777777","777777777777","777777777777",0,0
35,350211,1,2,1,18,8,14,41,12,6,1,0,35,1,49,472,49472,30,2014,"3TMLU4EN0EM1","3","T","M","L","U","4","E","N","0","E","M","1",0,0,0,"000000000","00000000000",0,0,0,1,0,0,0,0,0,0,0,73,0,0,0,81,6,2,12,0,0,1,1,35,87410,6,1,0,0,3,3,61,150,98,0,0,0,1,4,2014,4,2014,4,87,0,0,0,2,2,70,1,1,2,2,0,0,1,6,99,4,7,64,"777777777777","777777777777","777777777777",1,0
35,350211,2,2,1,18,8,14,41,12,6,1,0,35,1,12,481,12481,31,2012,"1FTFW1CT2CFC","1","F","T","F","W","1","C","T","2","C","F","C",0,0,0,"000000000","00000000000",0,0,0,1,0,0,0,0,0,0,0,73,0,0,0,12,6,2,2,0,0,1,1,35,87124,6,1,0,0,3,3,72,205,98,0,0,0,0,0,0,0,0,0,0,0,0,0,2,2,70,1,1,2,2,0,0,1,62,1,1,1,65,"777777777777","777777777777","777777777777",1,0
35,350212,1,2,1,19,8,20,42,25,0,1,0,35,1,49,402,49402,14,2012,"JTMBF4DV5C50","J","T","M","B","F","4","D","V","5","C","5","0",0,0,0,"000000000","00000000000",0,0,0,1,0,0,0,0,0,0,0,998,0,0,0,12,6,2,12,0,0,0,1,35,87535,6,1,0,0,3,0,67,158,98,0,0,0,0,0,0,0,0,0,0,0,0,0,3,2,75,1,4,2,1,0,0,1,50,16,1,1,98,"777777777777","777777777777","777777777777",0,0
35,350212,2,2,1,19,8,20,42,25,0,1,0,8,0,37,39,37039,5,2008,"JHMGD37648S0","J","H","M","G","D","3","7","6","4","8","S","0",0,0,0,"000000000","00000000000",0,0,0,1,0,0,0,0,0,0,0,998,0,0,0,11,6,2,12,0,0,0,1,35,87121,6,1,0,0,3,0,66,168,98,0,0,0,0,0,0,0,0,0,28,0,0,0,3,2,75,1,4,2,1,0,0,1,12,99,1,4,6,"777777777777","777777777777","777777777777",1,0
35,350213,1,2,3,3,8,19,5,12,6,1,0,4,1,55,35,55035,4,2013,"5NPDH4AE8DH3","5","N","P","D","H","4","A","E","8","D","H","3",0,0,0,"000000000","00000000000",0,0,0,1,0,0,0,0,0,0,0,998,0,0,0,3,6,2,12,0,0,0,1,4,86547,6,1,0,0,3,3,63,170,0,0,0,0,0,0,0,0,0,0,38,48,0,0,1,2,55,1,1,2,2,0,0,11,15,1,1,1,68,"777777777777","777777777777","777777777777",1,0
35,350213,2,2,3,3,8,19,5,12,6,1,0,35,1,12,481,12481,31,1995,"1FTEF14N1SNB","1","F","T","E","F","1","4","N","1","S","N","B",0,0,0,"000000000","00000000000",0,0,0,1,0,0,0,0,0,0,0,998,0,0,0,1,6,2,12,0,0,0,1,35,87310,6,1,0,0,3,3,70,215,98,1,0,0,0,4,2016,4,2016,0,0,0,0,0,1,2,55,1,1,2,2,0,0,1,62,6,1,1,69,"777777777777","777777777777","777777777777",0,0
35,350214,1,1,2,4,8,3,58,1,0,1,0,23,2,22,401,22401,14,2004,"3G7DA03E24S5","3","G","7","D","A","0","3","E","2","4","S","5",0,0,0,"000000000","00000000000",0,0,0,1,0,0,0,0,0,0,0,998,0,1,1,0,6,2,1,0,0,0,1,23,4757,6,1,6,0,3,0,72,145,0,0,0,0,0,0,0,0,0,0,0,0,0,0,2,2,75,1,1,2,1,0,0,1,12,8,4,6,98,"777777777777","777777777777","777777777777",1,0
35,350215,1,1,1,8,8,8,36,58,0,1,0,35,3,20,461,20461,29,2003,"1GBJG31UX311","1","G","B","J","G","3","1","U","X","3","1","1",0,0,0,"000000000","00000000000",0,0,0,1,0,0,0,0,0,0,0,998,0,0,0,14,6,2,42,0,0,0,1,35,87506,6,1,3,0,3,3,74,184,98,0,0,0,0,0,0,0,0,0,28,0,0,0,1,2,65,1,1,2,1,0,0,1,12,99,1,4,6,"777777777777","777777777777","777777777777",1,1
35,350216,1,3,1,15,8,9,42,12,6,1,0,35,1,12,16,12016,4,1996,"2FALP71W6TX1","2","F","A","L","P","7","1","W","6","T","X","1",0,0,0,"000000000","00000000000",0,0,0,1,0,0,0,0,0,0,0,998,0,0,0,5,6,2,12,0,0,0,1,35,87301,6,1,0,0,3,3,74,350,98,0,0,2,0,7,2014,10,2015,0,48,0,0,0,2,2,75,1,1,2,1,0,0,12,21,1,1,7,98,"777777777777","777777777777","777777777777",1,0
35,350216,2,3,2,15,8,9,42,12,6,1,0,48,4,20,461,20461,21,2016,"1GAZGPFG7G12","1","G","A","Z","G","P","F","G","7","G","1","2",1,1,0,"000000000","00000000000",0,0,0,1,0,0,0,0,0,0,0,998,0,0,0,12,2,5,12,0,0,0,1,4,85206,6,1,0,0,3,3,68,175,0,0,0,1,1,9,2011,3,2012,0,0,0,0,0,2,2,75,1,1,2,1,0,0,1,64,99,1,1,98,"999999999999","777777777777","777777777777",0,0
35,350216,3,3,1,15,8,9,42,12,6,1,0,35,1,20,481,20481,31,2016,"3GCPCREC1GG1","3","G","C","P","C","R","E","C","1","G","G","1",0,0,0,"000000000","00000000000",0,0,0,1,0,0,0,0,0,0,0,998,0,0,0,12,6,2,12,0,0,0,1,35,88101,6,1,0,0,3,3,69,195,98,0,0,0,0,0,0,0,0,0,0,0,0,0,2,2,75,1,1,2,1,0,0,1,62,1,1,1,98,"777777777777","777777777777","777777777777",0,0
35,350217,1,1,1,21,8,22,14,42,0,1,0,4,1,12,481,12481,31,2007,"1FTRF12267KC","1","F","T","R","F","1","2","2","6","7","K","C",0,0,0,"000000000","00000000000",0,0,0,1,0,0,0,0,0,0,0,998,0,0,0,7,6,2,42,0,0,0,1,4,86515,6,1,0,0,3,0,70,150,0,0,0,0,0,0,0,0,0,4,58,0,0,0,3,2,75,1,1,2,2,0,0,1,13,99,9,4,1,"777777777777","777777777777","777777777777",1,1
35,350218,1,1,1,25,8,19,45,9,0,1,1,35,1,12,481,12481,31,1999,"1FTZX1726XKB","1","F","T","Z","X","1","7","2","6","X","K","B",0,0,0,"000000000","00000000000",0,0,0,1,0,0,0,0,0,0,0,998,0,0,0,12,2,5,9,0,0,0,1,35,88021,6,1,0,0,3,0,69,200,98,0,0,0,0,0,0,0,0,0,0,0,0,0,1,2,25,1,1,2,1,0,0,1,83,99,1,1,13,"777777777777","777777777777","777777777777",0,0
35,350219,1,2,1,27,8,19,45,8,0,1,1,99,9,85,999,85999,99,9999,"999999999999","9","9","9","9","9","9","9","9","9","9","9","9",9,0,99,"999999999","99999999999",9,99,99,1,0,0,0,0,0,0,0,998,0,0,0,12,9,5,8,0,0,0,1,99,99999,9,9,99,9,9,9,999,999,99,99,99,99,99,99,9999,99,9999,0,99,99,99,99,3,2,65,1,1,2,1,0,0,1,80,6,1,3,13,"777777777777","777777777777","777777777777",0,0
35,350219,2,2,1,27,8,19,45,8,0,1,0,38,3,82,881,82881,66,2016,"3AKJGLD55GSG","3","A","K","J","G","L","D","5","5","G","S","G",1,1,57,"507308","57507308",3,6,98,1,0,0,0,0,0,0,0,998,0,0,0,14,4,5,18,0,0,0,1,42,16150,6,1,6,9,3,0,999,999,99,99,99,99,99,99,9999,99,9999,0,0,0,0,0,3,2,65,1,1,2,1,0,0,1,90,1,1,1,98,"1GRAA0621FW7","777777777777","777777777777",0,0
35,350220,1,1,1,31,8,22,47,1,0,1,0,35,3,20,39,20039,4,2011,"KL1TD5DE0BB1","K","L","1","T","D","5","D","E","0","B","B","1",0,0,0,"000000000","00000000000",0,0,0,1,0,0,0,0,0,0,0,998,0,9,1,0,6,2,1,0,0,0,1,35,87364,6,1,0,0,3,0,64,135,98,0,0,0,0,0,0,0,0,5,0,0,0,0,1,2,55,1,1,2,1,0,0,1,13,6,5,6,98,"777777777777","777777777777","777777777777",1,0
35,350221,1,2,1,3,9,16,6,1,0,1,0,35,1,72,706,72706,80,2013,"1HD1TC812DB9","1","H","D","1","T","C","8","1","2","D","B","9",0,0,0,"000000000","00000000000",0,0,0,1,0,0,0,0,0,0,0,998,0,0,0,0,6,2,1,0,0,0,1,35,87301,6,1,0,0,2,0,72,240,98,0,0,0,0,0,0,0,0,5,39,0,0,0,1,2,35,1,1,2,1,20,3,1,14,16,2,4,98,"777777777777","777777777777","777777777777",1,1
35,350221,2,2,1,3,9,16,6,1,0,1,0,35,2,72,706,72706,80,2005,"1HD1BWB115Y0","1","H","D","1","B","W","B","1","1","5","Y","0",0,0,0,"000000000","00000000000",0,0,0,1,0,0,0,0,0,0,0,998,0,0,0,0,6,2,1,0,0,0,1,35,87301,6,1,0,0,2,0,72,225,98,0,0,0,0,0,0,0,0,5,39,0,0,0,1,2,35,1,1,2,1,20,3,1,14,16,2,4,98,"777777777777","777777777777","777777777777",1,1