"STATE","ST_CASE","VEH_NO","VE_FORMS","NUMOCCS","DAY","MONTH","HOUR","MINUTE","HARM_EV","MAN_COLL","UNITTYPE","HIT_RUN","REG_STAT","OWNER","MAKE","MODEL","MAK_MOD","BODY_TYP","MOD_YEAR","VIN","VIN_1","VIN_2","VIN_3","VIN_4","VIN_5","VIN_6","VIN_7","VIN_8","VIN_9","VIN_10","VIN_11","VIN_12","TOW_VEH","J_KNIFE","MCARR_I1","MCARR_I2","MCARR_ID","GVWR","V_CONFIG","CARGO_BT","HAZ_INV","HAZ_PLAC","HAZ_ID","HAZ_CNO","HAZ_REL","BUS_USE","SPEC_USE","EMER_USE","TRAV_SP","UNDERIDE","ROLLOVER","ROLINLOC","IMPACT1","DEFORMED","TOWED","M_HARM","VEH_SC1","VEH_SC2","FIRE_EXP","DR_PRES","L_STATE","DR_ZIP","L_STATUS","L_TYPE","CDL_STAT","L_ENDORS","L_COMPL","L_RESTRI","DR_HGT","DR_WGT","PREV_ACC","PREV_SUS","PREV_DWI","PREV_SPD","PREV_OTH","FIRST_MO","FIRST_YR","LAST_MO","LAST_YR","SPEEDREL","DR_SF1","DR_SF2","DR_SF3","DR_SF4","VTRAFWAY","VNUM_LAN","VSPD_LIM","VALIGN","VPROFILE","VPAVETYP","VSURCOND","VTRAFCON","VTCONT_F","P_CRASH1","P_CRASH2","P_CRASH3","PCRASH4","PCRASH5","ACC_TYPE","TRLR1VIN","TRLR2VIN","TRLR3VIN","DEATHS","DR_DRINK"
35,350222,1,1,5,26,7,8,22,1,0,1,0,96,1,49,32,49032,4,2006,"JTDBT9K30G14","J","T","D","B","T","9","K","3","0","G","1","4",0,0,0,"000000000","00000000000",0,0,0,1,0,0,0,0,0,0,0,998,0,1,2,0,6,2,1,0,0,0,1,96,0,6,1,0,0,3,0,999,999,99,99,99,99,99,99,9999,99,9999,0,6,0,0,0,2,2,75,1,1,2,1,0,0,1,9,99,4,5,98,"777777777777","777777777777","777777777777",1,0
35,350223,1,2,1,7,8,19,44,12,1,1,0,35,0,98,706,98706,80,2004,"1W9DNEE294P2","1","W","9","D","N","E","E","2","9","4","P","2",0,0,0,"000000000","00000000000",0,0,0,1,0,0,0,0,0,0,0,998,0,0,0,6,6,2,12,0,0,0,1,35,87505,6,1,0,0,3,0,72,188,98,0,0,0,0,0,0,0,0,0,0,0,0,0,2,4,45,1,1,2,1,2,1,2,53,1,1,1,29,"777777777777","777777777777","777777777777",1,0
35,350223,2,2,1,7,8,19,44,12,1,1,0,35,2,12,27,12027,5,2013,"1FADP5AU6DL5","1","F","A","D","P","5","A","U","6","D","L","5",0,0,0,"000000000","00000000000",0,0,0,1,0,0,0,0,0,0,0,998,0,0,0,12,2,3,12,0,0,0,1,35,87552,6,1,0,0,3,3,61,105,98,0,0,0,0,0,0,0,0,0,0,0,0,0,2,4,45,1,1,2,1,2,1,1,52,1,1,1,28,"777777777777","777777777777","777777777777",0,0
35,350224,1,1,1,19,8,22,53,8,0,1,0,35,2,23,481,23481,31,2001,"2GTEC19V5112","2","G","T","E","C","1","9","V","5","1","1","2",0,0,0,"000000000","00000000000",0,0,0,1,0,0,0,0,0,0,0,998,0,0,0,12,2,5,8,0,0,0,1,35,87123,1,1,0,0,2,3,68,230,98,1,0,0,1,1,2016,3,2016,0,0,0,0,0,2,3,45,1,1,2,1,0,0,15,80,1,1,3,13,"777777777777","777777777777","777777777777",0,0
35,350225,1,1,1,30,8,9,59,8,0,1,0,35,1,49,402,49402,14,2014,"2T3WFREV7EW1","2","T","3","W","F","R","E","V","7","E","W","1",0,0,0,"000000000","00000000000",0,0,0,1,0,0,0,0,0,0,0,998,0,0,0,12,2,5,8,0,0,0,1,35,87109,6,1,0,0,3,3,63,173,98,0,0,0,0,0,0,0,0,0,0,0,0,0,2,3,40,1,1,2,1,0,0,1,80,99,1,1,13,"777777777777","777777777777","777777777777",0,0
35,350226,1,2,1,31,8,19,0,12,6,1,0,35,2,20,28,20028,4,2015,"1G1JC5SH0F42","1","G","1","J","C","5","S","H","0","F","4","2",0,0,0,"000000000","00000000000",0,0,0,1,0,0,0,0,0,0,0,998,0,0,0,8,4,3,12,0,0,0,1,4,85040,6,1,0,0,3,0,76,235,0,0,0,0,0,0,0,0,0,0,38,0,0,0,1,2,98,1,1,2,1,20,3,11,15,10,1,1,82,"777777777777","777777777777","777777777777",0,0
35,350226,2,2,1,31,8,19,0,12,6,1,0,35,1,37,705,37705,80,2003,"JH2RC44J23M1","J","H","2","R","C","4","4","J","2","3","M","1",0,0,0,"000000000","00000000000",0,0,0,1,0,0,0,0,0,0,0,998,0,0,0,12,6,2,12,0,0,0,1,35,87105,6,1,0,0,2,3,70,180,98,0,1,0,1,7,2015,9,2015,0,0,0,0,0,2,3,40,1,1,2,1,0,0,1,67,1,1,1,83,"777777777777","777777777777","777777777777",1,1
35,350227,1,2,1,6,9,14,22,12,98,1,0,35,1,73,705,73705,80,2009,"JKAZX4R169A0","J","K","A","Z","X","4","R","1","6","9","A","0",0,0,0,"000000000","00000000000",0,0,0,1,0,0,0,0,0,0,0,998,0,0,0,98,6,2,12,0,0,0,1,35,88201,6,7,0,0,3,3,64,130,98,0,0,0,0,0,0,0,0,0,0,0,0,0,1,4,30,1,1,2,1,0,0,1,67,99,9,1,83,"777777777777","777777777777","777777777777",1,0
35,350227,2,2,4,6,9,14,22,12,98,1,0,35,2,7,21,7021,6,2005,"2D4FV48V55H6","2","D","4","F","V","4","8","V","5","5","H","6",0,0,0,"000000000","00000000000",0,0,0,1,0,0,0,0,0,0,0,998,0,0,0,98,4,5,12,0,0,0,1,35,88203,6,1,0,0,3,0,66,180,98,0,0,2,2,10,2014,9,2015,0,0,0,0,0,1,2,30,1,1,2,1,20,3,11,15,1,1,1,82,"777777777777","777777777777","777777777777",0,0
35,350228,1,2,3,20,7,21,41,8,0,1,1,35,2,49,472,49472,30,2009,"3TMLU42N69M0","3","T","M","L","U","4","2","N","6","9","M","0",1,1,0,"000000000","00000000000",0,0,0,1,0,0,0,0,0,0,0,998,0,0,0,12,2,5,8,0,0,0,1,35,87507,6,1,0,0,3,0,70,160,98,0,0,3,0,9,2014,8,2015,0,0,0,0,0,5,5,45,1,1,2,1,0,0,1,80,1,1,1,13,"1MDKNKM129A4","777777777777","777777777777",0,0
35,350228,2,2,2,20,7,21,41,8,0,1,0,35,1,12,422,12422,15,2005,"1FMPU16505LA","1","F","M","P","U","1","6","5","0","5","L","A",0,0,0,"000000000","00000000000",0,0,0,1,0,0,0,0,0,0,0,998,0,0,0,8,0,5,18,0,0,0,1,35,87510,6,1,8,0,3,3,74,250,98,0,0,0,0,0,0,0,0,0,0,0,0,0,5,5,45,1,1,2,1,0,0,1,90,1,1,1,98,"777777777777","777777777777","777777777777",0,0
35,350229,1,2,2,6,9,22,58,12,6,1,0,37,3,82,881,82881,66,2015,"1FUGGHDV5FLG","1","F","U","G","G","H","D","V","5","F","L","G",1,1,57,"2324960","572324960",3,6,1,1,0,0,0,0,0,0,0,998,0,0,0,8,4,3,12,0,0,0,1,37,27707,6,1,6,9,3,3,70,999,0,3,0,0,3,9,2011,10,2015,0,0,0,0,0,1,2,0,1,1,2,1,0,0,11,15,1,1,1,82,"888888888888","777777777777","777777777777",0,0
35,350229,2,2,1,6,9,22,58,12,6,1,0,35,1,6,52,6052,6,2009,"3A8FY48959T6","3","A","8","F","Y","4","8","9","5","9","T","6",0,0,0,"000000000","00000000000",0,0,0,1,0,0,0,0,0,0,0,998,2,0,0,12,6,2,12,0,0,0,1,35,87124,6,1,0,0,3,3,65,140,98,0,0,0,0,0,0,0,0,0,38,0,0,0,1,2,55,1,1,2,1,0,0,1,67,16,1,1,83,"777777777777","777777777777","777777777777",1,0
35,350230,1,2,1,22,9,20,40,12,2,1,0,35,1,30,36,30036,3,2009,"WVWBA71K09W1","W","V","W","B","A","7","1","K","0","9","W","1",0,0,0,"000000000","00000000000",0,0,0,1,0,0,0,0,0,0,0,998,0,0,0,12,6,2,12,0,0,0,1,35,87530,6,1,0,0,3,3,62,185,98,0,0,0,0,0,0,0,0,0,0,0,0,0,1,2,60,1,1,2,1,0,0,1,62,99,1,1,51,"777777777777","777777777777","777777777777",1,0
35,350230,2,2,1,22,9,20,40,12,2,1,0,35,2,48,34,48034,4,1991,"JF2BC63C7MG6","J","F","2","B","C","6","3","C","7","M","G","6",0,0,0,"000000000","00000000000",0,0,0,1,0,0,0,0,0,0,0,998,0,1,1,12,6,2,12,0,0,0,1,35,87510,6,1,0,0,3,0,70,120,98,0,0,0,0,0,0,0,0,5,28,0,0,0,1,2,60,1,1,2,1,0,0,1,10,99,1,2,50,"777777777777","777777777777","777777777777",1,1
35,350231,1,1,1,24,8,2,40,8,0,1,0,35,2,49,46,49046,5,2011,"JTDKN3DU8B02","J","T","D","K","N","3","D","U","8","B","0","2",0,0,0,"000000000","00000000000",0,0,0,1,0,0,0,0,0,0,0,998,0,0,0,1,8,5,8,0,0,0,1,35,87107,6,1,0,0,3,0,65,140,98,0,2,0,0,5,2012,9,2014,0,0,0,0,0,2,2,50,8,8,2,1,0,0,1,80,6,1,3,13,"777777777777","777777777777","777777777777",0,0
35,350232,1,2,4,29,7,12,44,12,1,1,0,35,2,12,24,12024,6,2011,"2FMDK3GC7BBB","2","F","M","D","K","3","G","C","7","B","B","B",0,0,0,"000000000","00000000000",0,0,0,1,0,0,0,0,0,0,0,78,0,0,0,12,6,2,12,0,0,1,1,35,87045,2,1,2,0,2,0,69,240,98,2,1,0,0,6,2015,6,2015,0,6,0,0,0,2,2,75,1,1,2,1,0,0,1,64,6,1,1,24,"777777777777","777777777777","777777777777",1,0
35,350232,2,2,1,29,7,12,44,12,1,1,0,27,3,51,881,51881,66,2005,"4V4NC9GH35N3","4","V","4","N","C","9","G","H","3","5","N","3",1,1,57,"169877","57169877",3,6,1,1,0,0,0,0,0,0,0,998,0,0,0,6,4,5,12,0,0,0,1,4,85283,6,1,6,9,3,0,68,289,0,2,0,0,0,8,2011,9,2011,0,42,0,0,0,2,2,75,1,1,2,1,0,0,8,53,1,1,1,26,"1JJV532W38L0","777777777777","777777777777",0,0
35,350233,1,1,1,21,8,15,38,1,0,1,0,35,1,20,481,20481,31,2006,"1GCEC19Z36Z2","1","G","C","E","C","1","9","Z","3","6","Z","2",0,0,0,"000000000","00000000000",0,0,0,1,0,0,0,0,0,0,0,998,0,1,5,0,6,2,1,0,0,0,1,35,87114,6,1,0,0,3,3,72,155,98,0,0,0,0,0,0,0,0,0,58,0,0,0,1,2,55,1,4,2,1,0,0,1,13,6,3,4,7,"777777777777","777777777777","777777777777",1,0
35,350234,1,2,1,29,8,1,52,12,2,1,0,6,1,12,401,12401,14,2000,"1FMZU62X2YZC","1","F","M","Z","U","6","2","X","2","Y","Z","C",0,0,0,"000000000","00000000000",0,0,0,1,0,0,0,0,0,0,0,998,0,0,0,12,6,2,12,0,0,0,1,6,90065,6,1,0,0,3,3,67,165,0,0,0,0,0,0,0,0,0,0,51,0,0,0,2,2,75,1,1,2,1,0,0,1,54,99,1,1,52,"777777777777","777777777777","777777777777",1,0
35,350234,2,2,3,29,8,1,52,12,2,1,0,48,2,12,481,12481,31,2011,"1FT8W3CT4BED","1","F","T","8","W","3","C","T","4","B","E","D",1,1,0,"000000000","00000000000",0,0,0,1,0,0,0,0,0,0,0,998,0,0,0,12,6,2,12,0,0,1,1,48,77707,6,1,0,0,3,0,999,999,0,0,0,0,0,0,0,0,0,0,0,0,0,0,2,2,75,1,1,2,1,0,0,1,54,99,1,1,52,"888888888888","777777777777","777777777777",0,0
35,350235,1,1,1,1,9,15,49,24,0,1,0,35,2,12,481,12481,31,2005,"1FTSX21555EC","1","F","T","S","X","2","1","5","5","5","E","C",0,0,0,"000000000","00000000000",0,0,0,1,0,0,0,0,0,0,0,998,0,1,3,98,6,2,1,0,0,0,1,35,88001,6,1,0,0,3,0,69,205,98,0,0,0,2,9,2014,9,2014,0,36,87,0,0,3,2,65,1,2,2,2,0,0,1,13,99,1,4,1,"777777777777","777777777777","777777777777",1,0
35,350236,1,1,1,3,9,3,41,8,0,1,0,35,1,30,46,30046,6,2005,"WVWCD63B65E1","W","V","W","C","D","6","3","B","6","5","E","1",0,0,0,"000000000","00000000000",0,0,0,1,0,0,0,0,0,0,0,998,0,0,0,12,6,2,8,0,0,0,1,35,88001,6,1,0,0,3,0,65,120,98,0,0,1,0,8,2016,8,2016,0,0,0,0,0,2,2,65,1,1,2,2,0,0,15,80,1,1,1,13,"777777777777","777777777777","777777777777",0,0
35,350237,1,1,1,3,9,16,55,1,0,1,0,35,1,72,706,72706,80,2015,"1HD1KHM11FB6","1","H","D","1","K","H","M","1","1","F","B","6",0,0,0,"000000000","00000000000",0,0,0,1,0,0,0,0,0,0,0,998,0,0,0,0,6,2,1,0,0,0,1,35,87507,6,1,3,0,3,0,71,200,98,0,0,1,0,1,2012,1,2012,0,0,0,0,0,1,2,30,2,2,2,1,0,0,14,12,99,1,4,6,"777777777777","777777777777","777777777777",1,1
35,350238,1,1,1,5,9,6,25,35,0,1,0,22,1,98,734,98734,90,2012,"4XATH7EA6C26","4","X","A","T","H","7","E","A","6","C","2","6",0,0,0,"000000000","00000000000",0,0,0,1,0,0,0,0,0,0,0,998,0,1,5,2,2,3,1,0,0,0,1,22,71251,6,1,6,0,3,0,76,245,0,0,0,0,0,0,0,0,0,5,0,0,0,0,1,2,30,3,1,5,1,0,0,14,12,6,4,4,7,"777777777777","777777777777","777777777777",1,0
35,350239,1,1,1,13,8,9,0,34,0,1,0,35,2,18,23,18023,4,2006,"1G4HP57246U1","1","G","4","H","P","5","7","2","4","6","U","1",0,0,0,"000000000","00000000000",0,0,0,1,0,0,0,0,0,0,0,998,0,1,5,98,6,2,34,0,0,0,1,35,87825,0,0,0,0,0,0,999,999,98,0,0,0,0,0,0,0,0,5,0,0,0,0,1,2,65,1,1,2,1,0,0,1,13,99,9,4,1,"777777777777","777777777777","777777777777",1,0
35,350240,1,3,1,4,9,10,14,12,7,1,0,48,3,85,884,85884,66,2016,"1XKWD49X8GJ1","1","X","K","W","D","4","9","X","8","G","J","1",1,1,57,"2126776","572126776",3,6,2,2,2,1267,3,2,0,0,0,998,0,0,0,98,6,2,2,0,0,1,1,48,78711,6,1,6,3,3,0,999,999,2,0,0,0,4,10,2012,10,2013,5,28,0,0,0,1,2,65,1,1,2,1,0,0,1,52,6,1,2,48,"888888888888","777777777777","777777777777",1,0
35,350240,2,3,1,4,9,10,14,12,7,1,0,48,3,87,884,87884,66,2001,"1XPFDT9X81D5","1","X","P","F","D","T","9","X","8","1","D","5",1,2,57,"1966149","571966149",3,6,2,1,0,0,0,0,0,0,0,998,0,0,0,12,6,2,2,0,0,1,1,35,88240,6,1,6,9,3,0,67,180,98,0,0,0,0,0,0,0,0,0,0,0,0,0,1,2,65,1,1,2,1,0,0,1,62,99,1,1,98,"888888888888","777777777777","777777777777",1,0
35,350240,3,3,1,4,9,10,14,12,7,1,0,35,3,85,884,85884,66,2008,"1XKWDB9X08R2","1","X","K","W","D","B","9","X","0","8","R","2",1,1,57,"451545","57451545",3,6,2,1,0,0,0,0,0,0,0,998,0,0,0,7,2,5,12,0,0,0,1,48,79905,6,1,6,9,3,0,999,999,1,0,0,0,0,10,2012,10,2012,0,0,0,0,0,1,2,65,1,1,2,1,0,0,2,53,1,1,1,48,"4T9TK4221G11","777777777777","777777777777",0,0
35,350241,1,4,1,17,9,14,42,12,1,1,0,35,1,41,51,41051,4,2004,"JM1BK12F7411","J","M","1","B","K","1","2","F","7","4","1","1",0,0,0,"000000000","00000000000",0,0,0,1,0,0,0,0,0,0,0,998,1,0,0,12,6,2,12,0,0,0,1,35,87507,6,1,0,0,3,3,68,208,98,0,0,2,0,10,2014,1,2015,0,0,0,0,0,3,2,75,1,1,2,1,0,0,1,50,1,1,1,20,"777777777777","777777777777","777777777777",1,0
35,350241,2,4,8,17,9,14,42,12,1,1,0,35,1,20,481,20481,31,2015,"3GCUKREC6FG4","3","G","C","U","K","R","E","C","6","F","G","4",0,0,0,"000000000","00000000000",0,0,0,1,0,0,0,0,0,0,0,0,0,0,0,6,6,2,12,0,0,0,1,35,87523,6,1,0,0,3,3,67,167,98,0,0,1,0,12,2015,12,2015,0,0,0,0,0,3,2,75,1,1,2,1,0,0,5,53,1,1,1,21,"777777777777","777777777777","777777777777",0,0
35,350241,3,4,3,17,9,14,42,12,1,1,0,35,1,20,422,20422,15,2007,"3GNFK163X7G1","3","G","N","F","K","1","6","3","X","7","G","1",0,0,0,"000000000","00000000000",0,0,0,1,0,0,0,0,0,0,0,0,0,0,0,6,4,5,12,0,0,0,1,35,87537,6,1,0,0,3,3,68,185,98,0,0,0,0,0,0,0,0,0,0,0,0,0,3,2,75,1,1,2,1,0,0,5,53,1,1,1,98,"777777777777","777777777777","777777777777",0,0
35,350241,4,4,4,17,9,14,42,12,1,1,0,35,0,37,32,37032,4,2010,"1HGCP2F74AA1","1","H","G","C","P","2","F","7","4","A","A","1",0,0,0,"000000000","00000000000",0,0,0,1,0,0,0,0,0,0,0,0,0,0,0,6,4,5,12,0,0,0,1,35,87537,6,1,0,0,3,0,68,220,98,0,0,0,0,0,0,0,0,0,0,0,0,0,3,2,75,1,1,2,1,0,0,5,53,1,1,1,98,"777777777777","777777777777","777777777777",0,0
35,350242,1,1,3,7,8,15,30,33,0,1,0,35,2,49,422,49422,15,2005,"5TDZT38A05S2","5","T","D","Z","T","3","8","A","0","5","S","2",0,0,0,"000000000","00000000000",0,0,0,1,0,0,0,0,0,0,0,998,0,0,0,98,6,2,30,0,0,0,1,35,87108,6,1,0,0,3,0,63,118,98,0,0,0,0,0,0,0,0,0,0,0,0,0,1,4,30,3,2,2,1,0,0,14,8,98,7,4,7,"777777777777","777777777777","777777777777",1,0
35,350243,1,2,1,31,8,19,11,12,6,1,0,30,1,35,402,35402,14,2002,"5N1MD28Y82C5","5","N","1","M","D","2","8","Y","8","2","C","5",0,0,0,"000000000","00000000000",0,0,0,1,0,0,0,0,0,0,0,998,0,9,1,98,6,2,1,0,0,0,1,35,87571,6,1,0,0,3,0,71,179,98,0,0,2,0,3,2015,6,2015,5,6,33,0,0,2,2,45,1,1,2,1,0,0,6,61,99,9,1,73,"777777777777","777777777777","777777777777",1,1
35,350243,2,2,2,31,8,19,11,12,6,1,0,35,0,37,31,37031,4,2004,"JHMES96674S0","J","H","M","E","S","9","6","6","7","4","S","0",0,0,0,"000000000","00000000000",0,0,0,1,0,0,0,0,0,0,0,998,0,0,0,98,6,2,12,0,0,0,1,35,87501,6,1,0,0,3,0,69,150,98,0,0,0,0,0,0,0,0,0,0,0,0,0,2,2,45,1,1,2,1,0,0,11,60,1,1,1,72,"777777777777","777777777777","777777777777",0,0
35,350244,1,1,2,5,8,23,44,1,0,1,0,35,1,55,36,55036,4,2003,"KMHCG45C93U4","K","M","H","C","G","4","5","C","9","3","U","4",0,0,0,"000000000","00000000000",0,0,0,1,0,0,0,0,0,0,0,998,0,9,4,0,6,2,1,0,0,0,1,35,87121,6,1,0,0,3,3,63,130,98,0,0,0,0,0,0,0,0,0,91,0,0,0,6,1,45,1,2,2,1,0,0,1,9,16,2,4,2,"777777777777","777777777777","777777777777",1,1
35,350245,1,1,2,11,8,20,21,1,0,1,0,35,2,38,402,38402,14,1997,"4S2CM58V9V43","4","S","2","C","M","5","8","V","9","V","4","3",0,0,0,"000000000","00000000000",0,0,0,1,0,0,0,0,0,0,0,998,0,9,5,0,6,2,1,0,0,0,1,35,87002,6,2,6,0,3,0,67,218,98,0,0,1,0,4,2014,4,2014,0,80,0,0,0,3,2,75,1,1,2,1,0,0,1,1,99,9,4,2,"777777777777","777777777777","777777777777",1,1
35,350246,1,1,1,14,9,17,21,1,0,1,0,8,1,19,20,19020,6,2005,"1GYEE63A9501","1","G","Y","E","E","6","3","A","9","5","0","1",0,0,0,"000000000","00000000000",0,0,0,1,0,0,0,0,0,0,0,998,0,9,5,0,6,2,3,0,0,0,1,8,81147,6,1,0,0,3,0,64,134,0,0,0,0,0,0,0,0,0,4,0,0,0,0,2,2,70,1,1,2,10,0,0,1,6,99,9,4,2,"777777777777","777777777777","777777777777",1,0
35,350247,1,1,4,16,9,16,46,1,0,1,0,35,1,49,422,49422,15,2002,"5TDBT48A32S0","5","T","D","B","T","4","8","A","3","2","S","0",0,0,0,"000000000","00000000000",0,0,0,1,0,0,0,0,0,0,0,998,0,9,3,0,6,2,1,0,0,0,1,35,88240,6,1,0,0,3,0,67,190,98,0,0,0,0,0,0,0,0,0,58,0,0,0,2,2,70,1,1,2,1,0,0,1,51,6,4,4,8,"777777777777","777777777777","777777777777",1,0
35,350248,1,2,3,18,9,14,9,12,6,1,0,35,2,37,31,37031,2,2011,"2HGFG1B65BH5","2","H","G","F","G","1","B","6","5","B","H","5",0,0,0,"000000000","00000000000",0,0,0,1,0,0,0,0,0,0,0,998,0,0,0,61,6,2,12,0,0,0,1,35,87113,6,1,0,0,3,0,62,105,98,0,0,0,0,0,0,0,0,0,38,48,0,0,1,2,55,1,1,2,1,0,0,12,21,1,1,3,98,"777777777777","777777777777","777777777777",1,0
35,350248,2,2,3,18,9,14,9,12,6,1,0,35,1,7,482,7482,31,2007,"3D7KR28C67G7","3","D","7","K","R","2","8","C","6","7","G","7",0,0,0,"000000000","00000000000",0,0,0,1,0,0,0,0,0,0,0,998,0,0,0,12,6,2,12,0,0,0,1,35,87312,6,1,0,0,3,3,70,185,98,0,0,0,0,0,0,0,0,0,0,0,0,0,1,2,55,1,1,2,1,0,0,1,64,6,1,2,98,"777777777777","777777777777","777777777777",0,0
35,350249,1,1,1,18,9,14,14,1,0,1,0,35,1,12,401,12401,14,2001,"1FMZU64E61ZA","1","F","M","Z","U","6","4","E","6","1","Z","A",0,0,0,"000000000","00000000000",0,0,0,1,0,0,0,0,0,0,0,998,0,1,1,0,6,2,1,0,0,0,1,35,87048,6,1,0,0,3,0,60,140,98,0,0,3,1,9,2014,8,2015,5,58,0,0,0,1,2,55,1,1,2,1,0,0,1,9,99,5,3,98,"777777777777","777777777777","777777777777",1,0
35,350250,1,1,1,19,9,20,6,8,0,1,1,99,9,99,399,99399,9,9999,"999999999999","9","9","9","9","9","9","9","9","9","9","9","9",0,0,0,"000000000","00000000000",0,0,0,1,0,0,0,0,0,0,0,998,0,0,0,98,9,5,8,0,0,0,1,99,99999,9,9,99,0,9,9,999,999,99,99,99,99,99,99,9999,99,9999,0,0,0,0,0,5,5,45,1,1,2,1,0,0,16,80,99,1,1,13,"777777777777","777777777777","777777777777",0,0
35,350251,1,1,1,21,9,5,58,1,0,1,0,35,3,87,884,87884,66,2003,"1XPGDU9X83D8","1","X","P","G","D","U","9","X","8","3","D","8",1,1,57,"1331834","571331834",3,6,2,1,0,0,0,0,0,0,0,998,0,9,1,0,6,2,25,0,0,0,1,48,87121,6,1,6,1,3,3,999,999,0,0,0,0,0,0,0,0,0,5,0,0,0,0,1,2,20,2,2,2,1,0,0,14,6,99,9,3,98,"4J8B04829VT0","777777777777","777777777777",1,0
35,350252,1,2,1,24,9,23,46,12,2,1,0,35,1,20,421,20421,15,2003,"1GNEK13Z83J1","1","G","N","E","K","1","3","Z","8","3","J","1",0,0,0,"000000000","00000000000",0,0,0,1,0,0,0,0,0,0,0,998,7,1,1,12,6,2,12,0,0,1,1,35,87507,6,1,0,0,3,0,63,133,98,0,0,1,0,4,2014,4,2014,0,51,0,0,0,3,2,75,2,3,2,1,0,0,14,54,1,1,1,52,"777777777777","777777777777","777777777777",1,1
35,350252,2,2,1,24,9,23,46,12,2,1,0,35,1,30,402,30402,14,2013,"WVGBV7AX4DW5","W","V","G","B","V","7","A","X","4","D","W","5",0,0,0,"000000000","00000000000",0,0,0,1,0,0,0,0,0,0,0,998,0,0,0,12,6,2,2,0,0,1,1,35,87505,6,1,0,0,3,0,72,145,98,0,0,1,0,9,2015,9,2015,0,0,0,0,0,3,2,75,3,3,2,1,0,0,14,54,1,1,1,52,"777777777777","777777777777","777777777777",1,0
35,350253,1,1,4,9,9,16,52,1,0,1,0,35,2,23,481,23481,31,2008,"1GTEC14X18Z2","1","G","T","E","C","1","4","X","1","8","Z","2",0,0,0,"000000000","00000000000",0,0,0,1,0,0,0,0,0,0,0,80,0,1,5,0,6,2,1,0,0,0,1,35,87357,6,1,0,0,3,3,68,182,98,0,0,0,0,0,0,0,0,5,58,0,0,0,1,2,45,2,3,4,1,0,0,14,6,6,4,4,7,"777777777777","777777777777","777777777777",2,1
35,350254,1,2,1,1,9,12,11,12,8,1,0,4,1,37,706,37706,80,2009,"JH2SC59GX9K0","J","H","2","S","C","5","9","G","X","9","K","0",0,0,0,"000000000","00000000000",0,0,0,1,0,0,0,0,0,0,0,0,0,0,0,63,9,5,12,0,0,0,1,4,85706,6,1,0,0,3,0,71,215,0,2,0,3,1,8,2013,1,2015,0,0,0,0,0,1,6,35,1,1,2,1,2,3,5,67,1,1,1,81,"777777777777","777777777777","777777777777",1,0
35,350254,2,2,1,1,9,12,11,12,8,1,0,35,1,20,9,20009,2,2013,"2G1FZ1EP7D98","2","G","1","F","Z","1","E","P","7","D","9","8",0,0,0,"000000000","00000000000",0,0,0,1,0,0,0,0,0,0,0,998,0,0,0,63,9,5,12,0,0,0,1,35,87111,6,1,0,0,3,3,61,110,98,0,1,0,1,3,2014,6,2014,5,48,0,0,0,2,4,35,1,1,2,1,2,3,10,10,1,1,2,80,"777777777777","777777777777","777777777777",0,0
35,350255,1,2,2,17,9,18,15,12,1,1,0,35,1,72,706,72706,80,2014,"1HD1KBM13EB6","1","H","D","1","K","B","M","1","3","E","B","6",0,0,0,"000000000","00000000000",0,0,0,1,0,0,0,0,0,0,0,998,0,0,0,12,6,2,12,0,0,0,1,35,88220,6,1,0,0,3,0,69,170,98,0,0,0,0,0,0,0,0,5,0,0,0,0,1,4,45,1,2,2,1,0,0,1,60,16,2,1,24,"777777777777","777777777777","777777777777",1,0
35,350255,2,2,1,17,9,18,15,12,1,1,0,48,2,20,22,20022,2,2006,"1G1AL15F5676","1","G","1","A","L","1","5","F","5","6","7","6",0,0,0,"000000000","00000000000",0,0,0,1,0,0,0,0,0,0,0,998,0,0,0,6,2,5,12,0,0,0,1,48,79925,6,1,0,0,3,0,999,999,0,0,0,1,0,5,2016,5,2016,0,27,0,0,0,1,4,45,1,2,2,1,0,0,16,11,1,1,2,27,"777777777777","777777777777","777777777777",0,0
35,350256,1,1,1,27,9,6,10,1,0,1,0,8,2,20,461,20461,21,2004,"1GCGG25V5412","1","G","C","G","G","2","5","V","5","4","1","2",0,0,0,"000000000","00000000000",0,0,0,1,0,0,0,0,0,0,0,998,0,1,5,0,6,2,1,0,0,0,1,8,81321,6,1,0,0,3,0,73,200,0,0,0,1,0,4,2015,4,2015,5,0,0,0,0,1,2,65,1,1,2,1,0,0,1,12,6,9,4,7,"777777777777","777777777777","777777777777",1,0
35,350257,1,1,1,5,9,7,35,10,0,1,0,48,1,20,481,20481,31,2006,"2GCEK13T0612","2","G","C","E","K","1","3","T","0","6","1","2",0,0,0,"000000000","00000000000",0,0,0,1,0,0,0,0,0,0,0,998,0,1,1,1,6,2,10,0,0,0,1,48,78734,6,1,0,0,3,0,999,999,0,0,0,0,0,0,0,0,0,0,38,0,0,0,1,2,0,1,2,2,1,65,3,1,90,1,1,1,15,"777777777777","777777777777","777777777777",1,0
35,350258,1,2,2,5,9,18,59,12,6,1,0,6,1,49,402,49402,14,2016,"2T3WFREV5GW2","2","T","3","W","F","R","E","V","5","G","W","2",0,0,0,"000000000","00000000000",0,0,0,1,0,0,0,0,0,0,0,998,0,0,0,4,6,2,12,0,0,0,1,6,92082,6,1,0,0,3,3,64,140,0,0,0,0,0,0,0,0,0,0,38,0,0,0,2,4,40,1,1,2,1,2,3,12,21,1,1,1,98,"777777777777","777777777777","777777777777",2,0