"STATE","ST_CASE","VEH_NO","VE_FORMS","NUMOCCS","DAY","MONTH","HOUR","MINUTE","HARM_EV","MAN_COLL","UNITTYPE","HIT_RUN","REG_STAT","OWNER","MAKE","MODEL","MAK_MOD","BODY_TYP","MOD_YEAR","VIN","VIN_1","VIN_2","VIN_3","VIN_4","VIN_5","VIN_6","VIN_7","VIN_8","VIN_9","VIN_10","VIN_11","VIN_12","TOW_VEH","J_KNIFE","MCARR_I1","MCARR_I2","MCARR_ID","GVWR","V_CONFIG","CARGO_BT","HAZ_INV","HAZ_PLAC","HAZ_ID","HAZ_CNO","HAZ_REL","BUS_USE","SPEC_USE","EMER_USE","TRAV_SP","UNDERIDE","ROLLOVER","ROLINLOC","IMPACT1","DEFORMED","TOWED","M_HARM","VEH_SC1","VEH_SC2","FIRE_EXP","DR_PRES","L_STATE","DR_ZIP","L_STATUS","L_TYPE","CDL_STAT","L_ENDORS","L_COMPL","L_RESTRI","DR_HGT","DR_WGT","PREV_ACC","PREV_SUS","PREV_DWI","PREV_SPD","PREV_OTH","FIRST_MO","FIRST_YR","LAST_MO","LAST_YR","SPEEDREL","DR_SF1","DR_SF2","DR_SF3","DR_SF4","VTRAFWAY","VNUM_LAN","VSPD_LIM","VALIGN","VPROFILE","VPAVETYP","VSURCOND","VTRAFCON","VTCONT_F","P_CRASH1","P_CRASH2","P_CRASH3","PCRASH4","PCRASH5","ACC_TYPE","TRLR1VIN","TRLR2VIN","TRLR3VIN","DEATHS","DR_DRINK"
35,350342,1,1,1,1,12,20,56,1,0,1,0,35,1,37,32,37032,2,2001,"1HGCG22571A0","1","H","G","C","G","2","2","5","7","1","A","0",0,0,0,"000000000","00000000000",0,0,0,1,0,0,0,0,0,0,0,998,0,9,3,0,6,2,1,0,0,0,1,35,87112,6,1,0,0,3,0,73,140,98,0,0,1,0,5,2015,5,2015,5,6,0,0,0,2,2,55,1,1,2,1,0,0,1,6,99,4,4,7,"777777777777","777777777777","777777777777",1,0
35,350343,1,1,1,3,12,1,30,14,0,1,0,35,1,20,2,20002,4,2011,"2G1WG5EK1B12","2","G","1","W","G","5","E","K","1","B","1","2",0,0,0,"000000000","00000000000",0,0,0,1,0,0,0,0,0,0,0,998,0,0,0,12,6,2,14,0,0,0,1,35,88101,2,1,0,0,2,3,70,160,98,1,1,4,0,10,2014,9,2016,5,0,0,0,0,1,2,30,1,1,2,2,0,0,1,90,99,1,4,11,"777777777777","777777777777","777777777777",1,0
35,350344,1,2,1,8,12,9,11,12,1,1,0,48,2,49,401,49401,14,1998,"JT3HN86R9W01","J","T","3","H","N","8","6","R","9","W","0","1",0,0,0,"000000000","00000000000",0,0,0,1,0,0,0,0,0,0,0,998,0,9,3,6,6,2,1,0,0,0,1,48,76657,6,1,0,0,3,3,999,999,0,0,0,0,0,0,0,0,0,0,28,35,0,0,2,2,75,1,2,2,1,0,0,6,10,99,1,2,33,"777777777777","777777777777","777777777777",1,0
35,350344,2,2,1,8,12,9,11,12,1,1,0,35,1,20,2,20002,4,2014,"2G1WC5E32E11","2","G","1","W","C","5","E","3","2","E","1","1",0,0,0,"000000000","00000000000",0,0,0,1,0,0,0,0,0,0,0,998,0,0,0,12,6,2,12,0,0,0,1,35,87016,6,1,0,0,3,3,65,165,98,0,0,0,0,0,0,0,0,0,0,0,0,0,2,2,75,1,2,2,1,0,0,1,61,99,1,1,33,"777777777777","777777777777","777777777777",0,0
35,350345,1,2,1,6,11,17,3,12,6,1,0,35,2,12,3,12003,1,2005,"1ZVFT84N7552","1","Z","V","F","T","8","4","N","7","5","5","2",0,0,0,"000000000","00000000000",0,0,0,1,0,0,0,0,0,0,0,998,0,0,0,12,6,2,12,0,0,0,1,35,87114,6,1,0,0,3,0,66,125,98,0,0,0,0,0,0,0,0,0,0,0,0,0,2,3,70,1,1,2,1,0,0,1,67,99,1,1,83,"777777777777","777777777777","777777777777",0,0
35,350345,2,2,2,6,11,17,3,12,6,1,0,35,2,35,39,35039,4,2000,"JN1CA31A1YT0","J","N","1","C","A","3","1","A","1","Y","T","0",0,0,0,"000000000","00000000000",0,0,0,1,0,0,0,0,0,0,0,998,0,0,0,9,6,2,12,0,0,0,1,35,87013,6,1,6,0,3,1,72,241,98,0,0,2,1,1,2012,3,2015,0,39,0,0,0,1,3,60,1,1,2,1,20,3,11,66,99,1,1,82,"777777777777","777777777777","777777777777",2,1
35,350346,1,2,2,8,12,16,5,12,6,1,0,35,1,12,471,12471,30,2000,"1FTZR15X3YPA","1","F","T","Z","R","1","5","X","3","Y","P","A",0,0,0,"000000000","00000000000",0,0,0,1,0,0,0,0,0,0,0,998,0,0,0,12,6,2,12,0,0,0,1,35,87549,6,1,0,0,3,0,71,160,98,0,0,0,0,0,0,0,0,0,0,0,0,0,2,4,55,1,1,2,1,0,0,1,67,99,1,1,83,"777777777777","777777777777","777777777777",0,0
35,350346,2,2,2,8,12,16,5,12,6,1,0,35,1,49,40,49040,4,2001,"4T1BF28K91U1","4","T","1","B","F","2","8","K","9","1","U","1",0,0,0,"000000000","00000000000",0,0,0,1,0,0,0,0,0,0,0,998,0,0,0,62,6,2,12,0,0,0,1,35,87109,6,1,0,0,3,0,66,163,98,0,0,0,0,0,0,0,0,0,38,0,0,0,1,3,40,1,1,2,1,20,3,11,66,99,1,1,82,"777777777777","777777777777","777777777777",1,1
35,350347,1,1,1,18,12,5,30,38,0,1,0,35,1,12,422,12422,15,2015,"1FMJU1JT6FEF","1","F","M","J","U","1","J","T","6","F","E","F",0,0,0,"000000000","00000000000",0,0,0,1,0,0,0,0,0,0,0,998,0,0,0,98,6,2,42,0,0,0,1,35,88130,6,1,0,0,3,0,75,250,98,0,0,0,0,0,0,0,0,4,87,0,0,0,1,2,35,1,1,2,4,0,0,1,5,99,2,4,7,"777777777777","777777777777","777777777777",1,1
35,350348,1,2,2,16,12,20,20,12,6,1,0,35,1,20,22,20022,2,2006,"1G1AL15FX676","1","G","1","A","L","1","5","F","X","6","7","6",0,0,0,"000000000","00000000000",0,0,0,1,0,0,0,0,0,0,0,998,0,0,0,62,6,2,12,0,0,0,1,35,87505,6,1,0,0,3,0,71,130,98,0,1,0,0,7,2012,7,2012,0,0,0,0,0,2,1,25,1,2,2,1,20,3,11,66,99,1,1,82,"777777777777","777777777777","777777777777",2,0
35,350348,2,2,1,16,12,20,20,12,6,1,0,35,1,34,34,34034,2,2012,"WBAKF9C54CE6","W","B","A","K","F","9","C","5","4","C","E","6",0,0,0,"000000000","00000000000",0,0,0,1,0,0,0,0,0,0,0,998,0,0,0,12,6,2,12,0,0,0,1,35,87501,6,1,0,0,3,0,68,155,98,0,0,0,1,12,2011,12,2011,0,0,0,0,0,1,3,25,1,2,2,1,20,3,1,67,99,1,1,83,"777777777777","777777777777","777777777777",0,0
35,350349,1,3,1,17,12,10,0,12,9,1,0,47,1,82,881,82881,66,1997,"1FUPDWEB3VH5","1","F","U","P","D","W","E","B","3","V","H","5",1,2,57,"152518","57152518",3,6,1,1,0,0,0,0,0,0,0,998,0,0,0,82,6,2,12,0,0,0,1,29,63932,6,1,6,9,3,0,69,380,0,0,0,0,1,9,2014,9,2014,0,87,0,0,0,2,2,75,1,2,2,3,0,0,1,5,8,4,1,98,"888888888888","777777777777","777777777777",0,0
35,350349,2,3,1,17,12,10,0,12,9,1,0,17,6,20,481,20481,31,2014,"3GCUKTEJ7EG3","3","G","C","U","K","T","E","J","7","E","G","3",1,1,0,"000000000","00000000000",0,0,0,1,0,0,0,0,0,0,0,0,2,0,0,6,6,2,12,0,0,0,0,0,99997,7,6,97,7,6,7,998,997,998,998,998,998,998,98,9998,98,9998,8,0,0,0,0,2,2,75,1,2,2,3,0,0,0,53,0,0,0,98,"888888888888","777777777777","777777777777",1,0
35,350349,3,3,1,17,12,10,0,12,9,1,0,40,2,87,884,87884,66,2016,"1XPBDP9X3GD3","1","X","P","B","D","P","9","X","3","G","D","3",1,1,57,"0273897","570273897",3,6,1,1,0,0,0,0,0,0,0,0,0,0,0,7,2,5,12,0,0,0,1,35,87701,6,1,6,9,3,3,71,302,98,0,0,0,0,0,0,0,0,0,0,0,0,0,2,2,75,1,2,2,3,0,0,5,53,1,1,1,98,"888888888888","777777777777","777777777777",0,0
35,350350,1,2,2,3,12,19,5,8,0,1,0,35,1,49,403,49403,14,2012,"5TDBK3EHXCS1","5","T","D","B","K","3","E","H","X","C","S","1",0,0,0,"000000000","00000000000",0,0,0,1,0,0,0,0,0,0,0,998,0,0,0,12,2,5,8,0,0,0,1,35,87375,6,1,0,0,3,3,66,190,98,0,0,0,0,0,0,0,0,0,0,0,0,0,2,2,55,1,1,2,1,0,0,1,80,6,1,3,13,"777777777777","777777777777","777777777777",0,0
35,350350,2,2,3,3,12,19,5,8,0,1,0,35,2,12,401,12401,14,1998,"1FMYU22E6WUD","1","F","M","Y","U","2","2","E","6","W","U","D",0,0,0,"000000000","00000000000",0,0,0,1,0,0,0,0,0,0,0,998,0,0,0,98,0,5,8,0,0,0,1,35,87416,6,1,0,0,3,0,69,220,98,0,0,0,0,0,0,0,0,0,0,0,0,0,2,2,55,1,1,2,1,0,0,1,80,6,1,3,98,"777777777777","777777777777","777777777777",0,0
35,350351,1,1,1,23,10,0,24,33,0,1,0,35,1,53,706,53706,80,2015,"JS1GX72B5F21","J","S","1","G","X","7","2","B","5","F","2","1",0,0,0,"000000000","00000000000",0,0,0,1,0,0,0,0,0,0,0,998,0,0,0,98,6,2,33,0,0,0,1,35,87036,6,2,0,0,3,3,69,155,98,0,0,0,0,0,0,0,0,4,0,0,0,0,2,1,35,1,1,2,1,0,0,1,6,99,9,4,2,"777777777777","777777777777","777777777777",1,0
35,350352,1,2,5,21,12,17,50,12,1,1,0,35,1,37,402,37402,14,2010,"JHLRE3H55AC0","J","H","L","R","E","3","H","5","5","A","C","0",0,0,0,"000000000","00000000000",0,0,0,1,0,0,0,0,0,0,0,998,0,0,0,6,6,2,12,0,0,0,1,35,87121,6,1,0,0,3,0,69,190,98,0,0,0,0,0,0,0,0,0,0,0,0,0,3,4,65,1,1,2,1,0,0,2,53,1,1,1,29,"777777777777","777777777777","777777777777",0,0
35,350352,2,2,2,21,12,17,50,12,1,1,0,35,1,20,37,20037,4,2004,"1G1ZT54884F2","1","G","1","Z","T","5","4","8","8","4","F","2",0,0,0,"000000000","00000000000",0,0,0,1,0,0,0,0,0,0,0,998,0,0,0,12,6,2,12,0,0,0,1,35,87105,6,1,0,0,3,0,70,160,98,0,0,0,0,0,0,0,0,0,6,0,0,0,3,4,65,1,1,2,1,0,0,1,52,99,1,1,28,"777777777777","777777777777","777777777777",1,0
35,350353,1,2,2,18,12,13,28,12,6,1,0,35,1,6,18,6018,4,2013,"1C3CCBCG9DN5","1","C","3","C","C","B","C","G","9","D","N","5",0,0,0,"000000000","00000000000",0,0,0,1,0,0,0,0,0,0,0,998,0,0,0,11,6,2,12,0,0,0,1,35,87109,6,1,0,0,3,0,71,200,98,0,0,0,0,0,0,0,0,0,0,0,0,0,2,3,40,1,1,2,1,2,3,1,66,99,1,1,89,"777777777777","777777777777","777777777777",1,0
35,350353,2,2,3,18,12,13,28,12,6,1,0,35,1,49,401,49401,14,1999,"JT3HM84R6X00","J","T","3","H","M","8","4","R","6","X","0","0",0,0,0,"000000000","00000000000",0,0,0,1,0,0,0,0,0,0,0,998,0,0,0,12,6,2,12,0,0,0,1,35,87110,6,1,0,0,3,0,74,150,98,0,0,0,0,0,0,0,0,0,39,0,0,0,2,2,35,1,1,2,1,2,3,1,17,99,1,1,88,"777777777777","777777777777","777777777777",0,1
35,350354,1,1,2,6,12,16,9,1,0,1,0,30,2,38,402,38402,14,2001,"4S2CK58D1143","4","S","2","C","K","5","8","D","1","1","4","3",0,0,0,"000000000","00000000000",0,0,0,1,0,0,0,0,0,0,0,998,0,9,5,0,6,2,1,0,0,0,1,4,86514,6,1,0,0,3,0,67,189,0,2,1,0,0,10,2014,7,2015,5,0,0,0,0,1,2,55,1,2,2,1,0,0,1,13,6,5,5,6,"777777777777","777777777777","777777777777",1,1
35,350355,1,2,4,17,12,20,23,12,6,1,0,35,1,12,422,12422,15,1999,"1FMPU18L7XLB","1","F","M","P","U","1","8","L","7","X","L","B",0,0,0,"000000000","00000000000",0,0,0,1,0,0,0,0,0,0,0,998,0,0,0,12,6,2,12,0,0,0,1,35,88005,6,1,0,0,3,0,61,125,98,0,0,0,0,0,0,0,0,0,0,0,0,0,4,4,35,1,1,2,1,2,3,1,17,99,1,1,88,"777777777777","777777777777","777777777777",0,0
35,350355,2,2,1,17,12,20,23,12,6,1,0,35,1,6,14,6014,4,1993,"1C3XV66R1PD1","1","C","3","X","V","6","6","R","1","P","D","1",0,0,0,"000000000","00000000000",0,0,0,1,0,0,0,0,0,0,0,998,0,0,0,61,6,2,12,0,0,0,1,35,88001,6,1,0,0,3,3,62,185,98,0,0,0,0,0,0,0,0,0,0,0,0,0,2,2,35,1,1,2,1,2,3,1,66,99,1,1,89,"777777777777","777777777777","777777777777",1,0
35,350356,1,1,2,19,11,15,48,42,0,1,0,35,2,6,43,6043,4,2008,"1C3LC46K98N2","1","C","3","L","C","4","6","K","9","8","N","2",0,0,0,"000000000","00000000000",0,0,0,1,0,0,0,0,0,0,0,998,0,0,0,98,6,2,42,0,0,0,1,35,87417,2,1,0,0,2,0,65,175,98,1,1,2,1,5,2014,6,2015,4,37,0,0,0,1,2,25,1,2,2,1,0,0,1,12,99,9,4,6,"777777777777","777777777777","777777777777",1,1
35,350357,1,1,1,27,12,6,1,8,0,1,0,35,1,12,471,12471,30,1993,"1FTDR15X8PTA","1","F","T","D","R","1","5","X","8","P","T","A",0,0,0,"000000000","00000000000",0,0,0,1,0,0,0,0,0,0,0,998,0,0,0,12,2,3,8,0,0,0,1,35,87417,6,1,8,0,3,0,65,200,98,0,0,2,0,11,2015,8,2016,0,0,0,0,0,5,5,45,1,1,2,1,0,0,1,80,1,1,1,13,"777777777777","777777777777","777777777777",0,0
35,350358,1,1,1,3,12,2,53,24,0,1,0,35,2,12,37,12037,4,2005,"1FAFP34N75W2","1","F","A","F","P","3","4","N","7","5","W","2",0,0,0,"000000000","00000000000",0,0,0,1,0,0,0,0,0,0,0,998,0,1,5,98,6,2,1,0,0,0,1,35,87105,6,1,0,0,3,0,68,400,98,0,0,0,0,0,0,0,0,4,6,0,0,0,1,4,50,3,1,2,2,0,0,14,13,99,9,4,1,"777777777777","777777777777","777777777777",1,1
35,350360,1,1,2,14,12,19,37,8,0,1,0,48,2,12,481,12481,31,2014,"1FTFW1ET4EKE","1","F","T","F","W","1","E","T","4","E","K","E",0,0,0,"000000000","00000000000",0,0,0,1,0,0,0,0,0,0,0,998,0,0,0,12,2,5,8,0,0,0,1,48,77429,6,1,0,0,3,3,999,999,0,0,0,3,0,6,2013,11,2016,0,0,0,0,0,2,3,75,1,1,2,1,0,0,1,81,6,1,3,13,"777777777777","777777777777","777777777777",0,0
35,350361,1,1,2,31,10,22,40,11,0,1,0,35,2,22,18,22018,4,2003,"1G2NW52E83M6","1","G","2","N","W","5","2","E","8","3","M","6",0,0,0,"000000000","00000000000",0,0,0,1,0,0,0,0,0,0,0,998,0,9,6,12,6,2,1,0,0,0,1,35,87557,6,2,0,0,3,3,65,105,98,0,0,0,0,0,0,0,0,5,58,0,0,0,1,2,60,2,2,2,1,0,0,14,87,99,1,1,13,"777777777777","777777777777","777777777777",1,0
36,360001,1,1,3,2,1,12,34,35,0,1,0,36,2,42,421,42421,15,2008,"4JGBF71E68A2","4","J","G","B","F","7","1","E","6","8","A","2",0,0,0,"000000000","00000000000",0,0,0,1,0,0,0,0,0,0,0,999,0,0,0,12,6,2,35,0,0,0,1,36,10506,6,1,0,0,3,0,70,999,1,0,0,0,2,8,2014,2,2015,0,0,0,0,0,1,2,99,1,1,1,1,0,0,1,12,99,4,4,7,"777777777777","777777777777","777777777777",1,0
36,360002,1,1,2,4,1,5,20,14,0,1,0,36,2,34,37,34037,4,2004,"WBAGN63494DS","W","B","A","G","N","6","3","4","9","4","D","S",0,0,0,"000000000","00000000000",0,0,0,1,0,0,0,0,0,0,0,999,0,0,0,12,6,2,42,0,0,0,1,36,10035,0,0,0,0,0,0,999,999,0,0,0,0,0,0,0,0,0,5,0,0,0,0,1,4,25,1,1,2,1,0,0,1,6,99,1,4,11,"777777777777","777777777777","777777777777",1,1
36,360003,1,1,1,1,1,4,57,1,0,1,0,36,2,12,471,12471,30,2000,"1FTZR15X1YTA","1","F","T","Z","R","1","5","X","1","Y","T","A",0,0,0,"000000000","00000000000",0,0,0,1,0,0,0,0,0,0,0,67,0,2,2,0,6,2,1,0,0,0,1,36,12550,1,1,0,0,2,2,71,999,1,1,0,0,0,9,2011,12,2015,3,74,0,0,0,1,4,40,1,2,2,1,0,0,1,6,7,5,4,2,"777777777777","777777777777","777777777777",1,1
36,360004,1,1,2,5,1,6,55,8,0,1,0,36,1,55,33,55033,4,2013,"5NPEB4AC3DH7","5","N","P","E","B","4","A","C","3","D","H","7",0,0,0,"000000000","00000000000",0,0,0,1,0,0,0,0,0,0,0,999,0,0,0,12,8,2,8,0,0,0,1,36,11701,6,1,0,0,3,3,67,999,0,0,0,0,0,0,0,0,0,0,0,0,0,0,3,2,40,1,1,2,1,0,0,1,80,99,1,1,13,"777777777777","777777777777","777777777777",0,0
36,360005,1,1,1,7,1,18,41,8,0,1,0,34,1,37,421,37421,15,2005,"5FNYF18575B0","5","F","N","Y","F","1","8","5","7","5","B","0",0,0,0,"000000000","00000000000",0,0,0,1,0,0,0,0,0,0,0,999,0,0,0,12,8,5,8,0,0,0,1,34,7009,6,1,0,0,3,0,73,999,1,0,0,0,0,7,2014,7,2014,0,0,0,0,0,1,4,25,1,1,2,1,0,0,1,80,99,1,1,13,"777777777777","777777777777","777777777777",0,0
36,360006,1,1,1,7,1,18,59,35,0,1,0,36,1,63,441,63441,20,2004,"KNDUP1312466","K","N","D","U","P","1","3","1","2","4","6","6",0,0,0,"000000000","00000000000",0,0,0,1,0,0,0,0,0,0,0,999,0,0,0,12,8,2,35,0,0,0,1,36,12414,6,1,6,0,3,0,70,999,0,0,0,0,0,0,0,0,0,0,24,0,0,0,1,2,55,3,1,2,1,0,0,14,13,99,1,4,1,"777777777777","777777777777","777777777777",1,0
36,360007,1,1,1,8,1,0,35,8,0,1,1,36,2,49,40,49040,4,2011,"4T1BF3EK4BU1","4","T","1","B","F","3","E","K","4","B","U","1",0,0,0,"000000000","00000000000",0,0,0,1,0,0,0,0,0,0,0,999,0,0,0,99,9,5,8,0,0,0,1,36,11106,6,1,0,0,3,0,70,999,0,0,0,0,0,0,0,0,0,9,99,99,99,99,3,3,40,4,1,2,1,0,0,99,99,99,9,3,13,"777777777777","777777777777","777777777777",0,0
36,360008,1,3,1,8,1,23,14,8,0,1,1,99,9,99,999,99999,99,9999,"999999999999","9","9","9","9","9","9","9","9","9","9","9","9",0,0,0,"000000000","00000000000",0,0,0,1,0,0,0,0,0,0,0,999,0,0,0,12,8,5,8,0,0,0,1,99,99999,9,9,99,9,9,9,999,999,99,99,99,99,99,99,9999,99,9999,9,99,99,99,99,1,4,25,1,2,2,1,3,3,1,80,99,1,1,13,"777777777777","777777777777","777777777777",0,0
36,360008,2,3,1,8,1,23,14,8,0,1,1,99,9,99,999,99999,99,9999,"999999999999","9","9","9","9","9","9","9","9","9","9","9","9",0,0,0,"000000000","00000000000",0,0,0,1,0,0,0,0,0,0,0,999,0,0,0,12,8,5,8,0,0,0,1,99,99999,9,9,99,9,9,9,999,999,99,99,99,99,99,99,9999,99,9999,9,99,99,99,99,1,4,25,1,2,2,1,3,3,1,80,99,1,1,98,"777777777777","777777777777","777777777777",0,0
36,360008,3,3,4,8,1,23,14,8,0,1,0,36,1,34,401,34401,14,2009,"5UXFE43529L2","5","U","X","F","E","4","3","5","2","9","L","2",0,0,0,"000000000","00000000000",0,0,0,1,0,0,0,0,0,0,0,999,0,0,0,12,8,5,8,0,0,0,1,36,10457,6,1,0,0,3,3,69,999,0,0,0,0,0,0,0,0,0,0,0,0,0,0,1,4,25,1,2,2,1,3,3,1,80,99,1,1,98,"777777777777","777777777777","777777777777",0,0
36,360009,1,1,1,8,1,10,29,42,0,1,0,36,3,20,481,20481,31,2011,"1GCNCPEA8BF1","1","G","C","N","C","P","E","A","8","B","F","1",0,0,0,"000000000","00000000000",0,0,0,1,0,0,0,0,0,0,0,999,0,0,0,12,8,2,42,0,0,0,1,36,14120,6,1,0,0,3,0,70,999,0,0,0,0,0,0,0,0,0,0,0,0,0,0,3,2,65,1,1,2,1,0,0,1,12,99,1,4,6,"777777777777","777777777777","777777777777",1,0
36,360010,1,1,1,8,1,6,50,8,0,1,0,36,2,34,34,34034,4,2003,"WBAEU33463PF","W","B","A","E","U","3","3","4","6","3","P","F",0,0,0,"000000000","00000000000",0,0,0,1,0,0,0,0,0,0,0,25,0,0,0,12,8,5,8,0,0,0,1,36,12305,6,1,0,0,3,0,71,999,1,0,0,0,1,9,2012,7,2014,0,0,0,0,0,1,6,30,1,1,2,1,3,3,11,80,99,1,1,13,"777777777777","777777777777","777777777777",0,0
36,360011,1,2,1,8,1,6,54,12,2,1,0,36,3,98,907,98907,52,2010,"1VHFF3G28A67","1","V","H","F","F","3","G","2","8","A","6","7",0,0,99,"999999999","99999999999",3,21,22,1,0,0,0,0,6,3,0,999,0,0,0,12,8,2,12,0,0,0,1,36,11901,6,1,6,0,3,0,73,999,1,0,0,0,0,10,2014,10,2014,0,0,0,0,0,1,2,45,3,2,2,3,0,0,14,62,99,1,1,51,"777777777777","777777777777","777777777777",0,0
36,360011,2,2,1,8,1,6,54,12,2,1,0,36,2,20,401,20401,14,2002,"1GNDT13S1223","1","G","N","D","T","1","3","S","1","2","2","3",0,0,0,"000000000","00000000000",0,0,0,1,0,0,0,0,0,0,0,999,0,0,0,12,8,2,12,0,0,0,1,36,11937,0,0,0,0,0,0,999,999,0,0,0,0,0,0,0,0,0,4,87,28,0,0,1,2,45,2,2,2,3,0,0,14,5,99,5,2,50,"777777777777","777777777777","777777777777",1,0
36,360012,1,2,1,8,1,14,46,12,2,1,0,36,3,20,870,20870,61,2013,"1GB3G4CG7D11","1","G","B","3","G","4","C","G","7","D","1","1",0,0,57,"261956","57261956",2,1,1,1,0,0,0,0,0,0,0,999,0,0,0,12,8,5,12,0,0,0,1,36,12962,6,1,0,0,3,0,74,999,0,0,0,0,0,0,0,0,0,0,28,0,0,0,1,2,55,3,1,2,1,0,0,6,10,6,1,4,52,"777777777777","777777777777","777777777777",0,0
36,360012,2,2,2,8,1,14,46,12,2,1,0,36,1,37,402,37402,14,2013,"2HKRM4H3XDH6","2","H","K","R","M","4","H","3","X","D","H","6",0,0,0,"000000000","00000000000",0,0,0,1,0,0,0,0,0,0,0,999,0,0,0,12,6,2,12,0,0,0,1,36,12917,6,1,0,0,3,0,62,999,0,0,0,0,0,0,0,0,0,0,0,0,0,0,1,2,55,3,1,2,1,0,0,14,62,7,1,4,52,"777777777777","777777777777","777777777777",2,0
36,360013,1,1,1,9,1,19,1,8,0,1,0,36,1,7,482,7482,31,2013,"3C63R3GL1DG6","3","C","6","3","R","3","G","L","1","D","G","6",0,0,0,"000000000","00000000000",0,0,0,1,0,0,0,0,0,0,0,999,0,0,0,12,8,5,8,0,0,0,1,36,14482,6,1,0,0,3,3,67,999,2,0,0,0,1,4,2011,3,2014,0,38,0,0,0,1,5,30,1,1,2,1,2,3,10,80,99,1,1,13,"777777777777","777777777777","777777777777",0,0
36,360014,1,1,2,10,1,8,40,42,0,1,0,36,2,7,482,7482,31,2004,"1D7HG48N84S5","1","D","7","H","G","4","8","N","8","4","S","5",0,0,0,"000000000","00000000000",0,0,0,1,0,0,0,0,0,0,0,999,0,0,0,6,8,2,42,0,0,0,1,36,14845,6,1,0,0,3,3,74,999,1,0,0,0,1,8,2011,8,2011,5,87,0,0,0,1,2,55,1,1,2,2,0,0,1,6,99,4,4,7,"777777777777","777777777777","777777777777",1,0
36,360015,1,2,1,11,1,12,45,12,2,1,0,36,1,72,706,72706,80,2005,"1HD1BNY165Y0","1","H","D","1","B","N","Y","1","6","5","Y","0",0,0,0,"000000000","00000000000",0,0,0,1,0,0,0,0,0,0,0,999,0,0,0,12,6,2,12,0,0,0,1,36,12524,1,1,0,0,2,0,75,999,1,1,0,1,1,12,2012,4,2015,4,28,0,0,0,1,2,55,2,2,2,1,0,0,14,10,99,1,2,50,"777777777777","777777777777","777777777777",1,0
36,360015,2,2,1,11,1,12,45,12,2,1,0,36,3,12,461,12461,21,2006,"1FTRE14W36DA","1","F","T","R","E","1","4","W","3","6","D","A",0,0,0,"000000000","00000000000",0,0,0,1,0,0,0,0,0,0,0,999,0,0,0,12,8,2,12,0,0,0,1,36,10958,3,1,0,0,2,0,72,999,0,0,0,0,0,0,0,0,0,0,0,0,0,0,1,2,55,3,2,2,1,0,0,14,62,99,1,1,51,"777777777777","777777777777","777777777777",0,0
36,360016,1,1,1,11,1,18,5,8,0,1,0,36,2,49,40,49040,4,2009,"4T1BE46K79U2","4","T","1","B","E","4","6","K","7","9","U","2",0,0,0,"000000000","00000000000",0,0,0,1,0,0,0,0,0,0,0,999,0,0,0,3,8,5,8,0,0,0,1,36,10469,6,1,0,0,3,0,76,999,0,0,0,0,1,1,2015,1,2015,0,0,0,0,0,1,2,98,1,1,2,1,0,0,1,80,99,1,1,13,"777777777777","777777777777","777777777777",0,0
36,360017,1,2,1,11,1,10,21,12,2,1,0,36,3,49,402,49402,14,2003,"999999999999","9","9","9","9","9","9","9","9","9","9","9","9",0,0,0,"000000000","00000000000",0,0,0,1,0,0,0,0,0,0,0,999,0,0,0,12,6,2,12,0,0,0,1,42,18840,6,1,0,0,3,3,68,999,0,0,0,0,0,0,0,0,0,0,28,0,0,0,1,2,55,1,2,2,1,0,0,1,10,1,1,2,50,"777777777777","777777777777","777777777777",1,0
36,360017,2,2,1,11,1,10,21,12,2,1,0,36,1,23,481,23481,31,2002,"1GTEK19TX2E2","1","G","T","E","K","1","9","T","X","2","E","2",0,0,0,"000000000","00000000000",0,0,0,1,0,0,0,0,0,0,0,999,0,0,0,12,6,2,12,0,0,0,1,36,13460,6,1,6,0,3,3,74,999,0,0,0,0,0,0,0,0,0,0,0,0,0,0,1,2,55,1,2,2,1,0,0,1,62,1,1,1,51,"777777777777","777777777777","777777777777",0,0
36,360018,1,1,1,12,1,13,29,15,0,1,1,36,3,86,881,86881,63,2010,"1M2AX04C3AM0","1","M","2","A","X","0","4","C","3","A","M","0",0,0,99,"999999999","99999999999",3,2,1,1,0,0,0,0,0,0,0,999,0,0,0,6,8,5,15,0,0,0,1,36,11550,6,1,6,1,3,3,70,999,1,0,0,0,4,8,2011,8,2015,0,0,0,0,0,3,4,25,1,1,2,1,0,0,15,83,99,1,1,13,"777777777777","777777777777","777777777777",0,0
36,360019,1,2,1,10,1,4,18,8,0,1,0,36,2,20,421,20421,15,2015,"1GNSKCKC4FR1","1","G","N","S","K","C","K","C","4","F","R","1",0,0,0,"000000000","00000000000",0,0,0,1,0,0,0,0,0,0,0,999,0,0,0,12,8,5,8,0,0,0,1,36,11238,6,1,0,0,3,0,64,999,0,0,0,0,0,0,0,0,0,0,0,0,0,0,3,4,25,1,1,2,2,3,3,1,80,99,1,1,13,"777777777777","777777777777","777777777777",0,0
36,360019,2,2,2,10,1,4,18,8,0,1,1,36,1,58,38,58038,4,2007,"JNKAY01E07M3","J","N","K","A","Y","0","1","E","0","7","M","3",0,0,0,"000000000","00000000000",0,0,0,1,0,0,0,0,0,0,0,999,0,0,0,12,8,2,8,0,0,0,1,36,11208,6,1,6,0,3,0,63,999,0,0,0,0,2,7,2011,8,2012,9,0,0,0,0,3,4,25,1,1,2,2,3,3,1,50,6,1,2,98,"777777777777","777777777777","777777777777",0,0