"STATE","ST_CASE","VEH_NO","VE_FORMS","NUMOCCS","DAY","MONTH","HOUR","MINUTE","HARM_EV","MAN_COLL","UNITTYPE","HIT_RUN","REG_STAT","OWNER","MAKE","MODEL","MAK_MOD","BODY_TYP","MOD_YEAR","VIN","VIN_1","VIN_2","VIN_3","VIN_4","VIN_5","VIN_6","VIN_7","VIN_8","VIN_9","VIN_10","VIN_11","VIN_12","TOW_VEH","J_KNIFE","MCARR_I1","MCARR_I2","MCARR_ID","GVWR","V_CONFIG","CARGO_BT","HAZ_INV","HAZ_PLAC","HAZ_ID","HAZ_CNO","HAZ_REL","BUS_USE","SPEC_USE","EMER_USE","TRAV_SP","UNDERIDE","ROLLOVER","ROLINLOC","IMPACT1","DEFORMED","TOWED","M_HARM","VEH_SC1","VEH_SC2","FIRE_EXP","DR_PRES","L_STATE","DR_ZIP","L_STATUS","L_TYPE","CDL_STAT","L_ENDORS","L_COMPL","L_RESTRI","DR_HGT","DR_WGT","PREV_ACC","PREV_SUS","PREV_DWI","PREV_SPD","PREV_OTH","FIRST_MO","FIRST_YR","LAST_MO","LAST_YR","SPEEDREL","DR_SF1","DR_SF2","DR_SF3","DR_SF4","VTRAFWAY","VNUM_LAN","VSPD_LIM","VALIGN","VPROFILE","VPAVETYP","VSURCOND","VTRAFCON","VTCONT_F","P_CRASH1","P_CRASH2","P_CRASH3","PCRASH4","PCRASH5","ACC_TYPE","TRLR1VIN","TRLR2VIN","TRLR3VIN","DEATHS","DR_DRINK"
36,360020,1,2,1,12,1,16,23,12,2,1,0,95,3,87,890,87890,66,2003,"999999999999","9","9","9","9","9","9","9","9","9","9","9","9",1,1,57,"297996","57297996",3,6,3,1,0,0,0,0,0,0,0,999,0,0,0,12,6,2,12,0,0,0,1,95,0,9,9,99,3,9,9,999,999,99,99,99,99,99,99,9999,99,9999,0,0,0,0,0,1,2,55,1,1,2,3,0,0,1,62,99,1,1,51,"888888888888","777777777777","777777777777",0,0
36,360020,2,2,3,12,1,16,23,12,2,1,0,36,3,23,461,23461,21,2011,"1GDZ7UCL9B11","1","G","D","Z","7","U","C","L","9","B","1","1",0,0,0,"000000000","00000000000",0,0,0,1,0,0,0,0,0,6,3,999,0,0,0,12,6,2,12,0,0,0,1,36,11550,6,1,0,0,3,3,67,999,1,0,0,0,0,9,2015,9,2015,0,28,85,87,0,1,2,55,1,1,2,3,0,0,1,6,16,2,2,50,"777777777777","777777777777","777777777777",1,0
36,360021,1,1,1,14,1,17,6,8,0,1,0,36,1,71,706,71706,80,1999,"ZDM1RC4N4XB0","Z","D","M","1","R","C","4","N","4","X","B","0",0,0,0,"000000000","00000000000",0,0,0,1,0,0,0,0,0,0,0,999,0,0,0,12,8,2,8,0,0,0,1,36,10128,6,1,0,0,3,0,70,999,0,0,0,1,3,3,2014,5,2015,0,0,0,0,0,1,3,99,1,1,2,1,3,3,1,80,99,1,1,13,"777777777777","777777777777","777777777777",0,0
36,360022,1,1,1,14,1,20,43,8,0,1,0,42,2,69,54,69054,3,2011,"VMWZC3C50BWH","V","M","W","Z","C","3","C","5","0","B","W","H",0,0,0,"000000000","00000000000",0,0,0,1,0,0,0,0,0,0,0,999,0,0,0,12,8,2,8,0,0,0,1,36,12866,6,1,0,0,3,0,68,999,0,0,0,0,0,0,0,0,0,0,0,0,0,0,1,4,55,1,1,2,1,0,0,1,80,99,1,1,13,"777777777777","777777777777","777777777777",0,0
36,360023,1,1,1,15,1,4,0,40,0,1,0,34,3,63,34,63034,4,2015,"5XXGM4A73FG4","5","X","X","G","M","4","A","7","3","F","G","4",0,0,0,"000000000","00000000000",0,0,0,1,0,0,0,0,0,0,0,999,0,1,5,12,6,2,1,0,0,0,1,36,10306,6,1,0,0,3,3,69,999,1,0,0,0,0,2,2012,2,2012,0,0,0,0,0,1,2,25,1,1,2,1,3,3,1,13,99,1,4,1,"777777777777","777777777777","777777777777",1,0
36,360024,1,1,1,15,1,17,12,59,0,1,0,12,2,48,499,48499,14,2014,"999999999999","9","9","9","9","9","9","9","9","9","9","9","9",0,0,0,"000000000","00000000000",0,0,0,1,0,0,0,0,0,0,0,999,0,1,6,12,8,2,1,0,0,0,1,12,32771,0,0,0,0,0,0,67,999,99,99,99,99,99,99,9999,99,9999,3,0,0,0,0,1,2,30,1,2,2,1,4,3,1,13,99,1,4,1,"777777777777","777777777777","777777777777",1,1
36,360025,1,1,1,15,1,19,50,59,0,1,0,36,1,23,421,23421,15,2012,"1GKS2CE03CR1","1","G","K","S","2","C","E","0","3","C","R","1",0,0,0,"000000000","00000000000",0,0,0,1,0,0,0,0,0,0,0,999,0,0,0,12,6,2,2,0,0,1,1,36,12185,6,1,6,0,3,0,76,999,0,0,0,0,0,0,0,0,0,5,0,0,0,0,1,2,30,3,1,2,1,0,0,14,6,99,1,4,1,"777777777777","777777777777","777777777777",1,1
36,360026,1,1,1,16,1,9,48,24,0,1,0,34,3,12,444,12444,20,2013,"NM0LS7AN2DT1","N","M","0","L","S","7","A","N","2","D","T","1",0,0,0,"000000000","00000000000",0,0,0,1,0,0,0,0,0,0,0,999,0,1,5,12,8,2,1,0,0,0,1,34,8701,6,1,0,0,3,0,67,999,2,0,0,1,7,3,2011,5,2015,0,0,0,0,0,3,2,50,4,1,2,2,0,0,14,12,99,1,4,6,"777777777777","777777777777","777777777777",1,0
36,360027,1,2,1,16,1,11,43,1,0,1,0,36,1,73,709,73709,80,2008,"JKAEXEA128A0","J","K","A","E","X","E","A","1","2","8","A","0",0,0,0,"000000000","00000000000",0,0,0,1,0,0,0,0,0,0,0,90,0,0,0,0,6,2,12,0,0,0,1,36,10306,6,1,0,0,3,0,66,999,0,0,0,0,1,8,2014,8,2014,4,28,0,0,0,1,4,40,2,1,2,1,0,0,14,6,1,4,2,98,"777777777777","777777777777","777777777777",1,0
36,360027,2,2,1,16,1,11,43,1,0,1,0,36,1,55,401,55401,14,2008,"5NMSG13D28H1","5","N","M","S","G","1","3","D","2","8","H","1",0,0,0,"000000000","00000000000",0,0,0,1,0,0,0,0,0,0,0,999,0,0,0,12,8,2,12,0,0,0,1,36,10309,6,1,0,0,3,0,62,999,1,0,0,0,0,8,2012,8,2012,0,0,0,0,0,1,4,40,3,1,2,1,0,0,14,62,99,1,1,98,"777777777777","777777777777","777777777777",0,0
36,360028,1,1,1,18,1,9,47,9,0,1,0,36,1,37,31,37031,4,2008,"1HGFA165X8L0","1","H","G","F","A","1","6","5","X","8","L","0",0,0,0,"000000000","00000000000",0,0,0,1,0,0,0,0,0,0,0,999,0,0,0,12,8,5,9,0,0,0,1,36,10801,6,1,0,0,3,0,61,999,0,0,0,0,0,0,0,0,0,0,0,0,0,0,4,1,99,1,1,2,1,3,3,11,83,99,1,1,13,"777777777777","777777777777","777777777777",0,0
36,360029,1,1,1,19,1,17,3,9,0,1,1,18,3,84,881,84881,62,2016,"1HTMMMMN1GH1","1","H","T","M","M","M","M","N","1","G","H","1",0,0,99,"999999999","99999999999",2,1,1,1,0,0,0,0,0,0,0,999,0,0,0,5,8,5,9,0,0,0,1,12,33068,6,1,6,1,3,0,69,999,0,0,0,0,0,0,0,0,0,0,0,0,0,0,1,2,98,1,1,2,1,0,0,1,83,99,1,1,13,"777777777777","777777777777","777777777777",0,0
36,360030,1,2,1,17,1,21,2,12,2,1,0,36,1,49,472,49472,30,2008,"5TELU42N18Z5","5","T","E","L","U","4","2","N","1","8","Z","5",0,0,0,"000000000","00000000000",0,0,0,1,0,0,0,0,0,0,0,999,0,0,0,12,8,2,12,0,0,0,1,36,10598,6,1,6,0,3,0,72,999,0,0,0,0,0,0,0,0,0,0,28,0,0,0,1,2,40,3,1,2,3,0,0,14,6,99,1,2,50,"777777777777","777777777777","777777777777",1,1
36,360030,2,2,1,17,1,21,2,12,2,1,0,36,2,12,401,12401,14,2013,"1FM5K8F83DGA","1","F","M","5","K","8","F","8","3","D","G","A",0,0,0,"000000000","00000000000",0,0,0,1,0,0,0,0,0,0,0,999,0,0,0,12,8,2,12,0,0,0,1,36,10505,6,1,0,0,3,3,63,999,0,0,0,0,0,0,0,0,0,0,0,0,0,0,1,2,40,2,1,2,3,0,0,14,62,7,1,1,51,"777777777777","777777777777","777777777777",0,0
36,360031,1,1,1,19,1,19,10,8,0,1,0,36,1,55,35,55035,4,2005,"KMHDN46D55U1","K","M","H","D","N","4","6","D","5","5","U","1",0,0,0,"000000000","00000000000",0,0,0,1,0,0,0,0,0,0,0,999,0,0,0,12,8,2,8,0,0,0,1,36,11361,6,1,0,0,3,0,66,999,0,0,0,0,0,0,0,0,0,0,0,0,0,0,1,5,35,1,2,2,1,0,0,1,80,99,1,1,13,"777777777777","777777777777","777777777777",0,0
36,360032,1,1,2,20,1,15,30,42,0,1,0,36,1,7,482,7482,31,1996,"1B7HC16Y1TS6","1","B","7","H","C","1","6","Y","1","T","S","6",0,0,0,"000000000","00000000000",0,0,0,1,0,0,0,0,0,0,0,999,0,0,0,12,6,2,42,0,0,0,1,36,12419,6,1,0,0,3,0,72,999,0,0,0,0,0,0,0,0,0,0,0,0,0,0,1,2,35,1,1,2,1,0,0,1,12,99,1,4,6,"777777777777","777777777777","777777777777",2,0
36,360033,1,1,1,20,1,20,14,8,0,1,0,36,1,49,402,49402,14,2012,"2T3DF4DV0CW2","2","T","3","D","F","4","D","V","0","C","W","2",0,0,0,"000000000","00000000000",0,0,0,1,0,0,0,0,0,0,0,999,0,0,0,12,8,2,8,0,0,0,1,36,12553,6,1,0,0,3,3,60,999,1,0,0,0,0,7,2015,7,2015,0,0,0,0,0,1,5,40,1,1,2,1,0,0,1,80,99,1,1,13,"777777777777","777777777777","777777777777",0,1
36,360034,1,3,1,21,1,4,40,12,1,1,0,36,2,20,22,20022,4,2010,"1G1AF5F56A71","1","G","1","A","F","5","F","5","6","A","7","1",0,0,0,"000000000","00000000000",0,0,0,1,0,0,0,0,0,0,0,999,0,0,0,12,8,2,12,0,0,0,1,36,13760,6,1,0,0,3,0,72,999,0,0,0,0,0,0,0,0,0,0,26,0,0,0,2,2,65,1,1,2,3,0,0,1,51,99,1,1,24,"777777777777","777777777777","777777777777",1,0
36,360034,2,3,2,21,1,4,40,12,1,1,0,36,3,23,461,23461,21,2004,"1GTGG25V0419","1","G","T","G","G","2","5","V","0","4","1","9",0,0,0,"000000000","00000000000",0,0,0,1,0,0,0,0,0,0,0,999,0,0,0,6,8,2,12,0,0,0,1,36,12828,6,1,0,0,3,3,68,999,0,0,0,1,0,8,2011,8,2011,0,0,0,0,0,2,2,65,1,1,2,3,0,0,1,53,99,1,1,25,"777777777777","777777777777","777777777777",0,0
36,360034,3,3,1,21,1,4,40,12,1,1,0,36,3,85,884,85884,66,2005,"1XKWDB9X65J0","1","X","K","W","D","B","9","X","6","5","J","0",1,1,57,"2309350","572309350",3,6,1,1,0,0,0,0,0,0,0,999,0,0,0,12,8,2,12,0,0,0,1,36,11379,6,1,6,1,3,0,66,999,4,5,1,0,4,4,2012,6,2015,0,0,0,0,0,2,2,65,1,1,2,3,0,0,1,50,99,1,1,98,"1JJV532W51L7","777777777777","777777777777",0,0
36,360035,1,1,1,21,1,19,27,8,0,1,0,36,2,42,54,42054,4,2014,"WDDSJ4EB9EN1","W","D","D","S","J","4","E","B","9","E","N","1",0,0,0,"000000000","00000000000",0,0,0,1,0,0,0,0,0,0,0,999,0,0,0,12,8,2,8,0,0,0,1,36,10453,6,1,0,0,3,0,67,999,0,3,0,0,6,1,2011,7,2015,0,0,0,0,0,2,6,40,1,1,2,1,0,0,1,80,99,1,1,13,"777777777777","777777777777","777777777777",0,0
36,360036,1,1,1,22,1,9,21,8,0,1,0,36,3,86,881,86881,63,2003,"1M2B209C63M0","1","M","2","B","2","0","9","C","6","3","M","0",0,0,57,"1884498","571884498",3,2,5,1,0,0,0,0,0,0,0,999,0,0,0,98,0,5,8,0,0,0,1,36,11411,6,1,6,1,3,0,65,999,0,0,0,0,0,0,0,0,0,0,0,0,0,0,1,2,25,1,1,2,1,2,3,10,80,1,1,1,13,"777777777777","777777777777","777777777777",0,0
36,360037,1,1,1,22,1,0,16,8,0,1,0,36,3,12,481,12481,31,2015,"1FTRF3BT0FEC","1","F","T","R","F","3","B","T","0","F","E","C",0,0,0,"000000000","00000000000",0,0,0,1,0,0,0,0,0,0,0,999,0,0,0,12,8,5,14,0,0,0,1,36,14485,6,1,0,0,3,3,72,999,1,0,0,0,1,2,2014,8,2015,0,0,0,0,0,1,2,55,1,2,2,2,0,0,1,80,6,1,1,13,"777777777777","777777777777","777777777777",0,0
36,360038,1,1,1,23,1,14,53,53,0,1,0,36,1,18,22,18022,4,2007,"2G4WD5828711","2","G","4","W","D","5","8","2","8","7","1","1",0,0,0,"000000000","00000000000",0,0,0,1,0,0,0,0,0,0,0,999,0,0,0,12,8,2,42,0,0,0,1,36,13440,6,7,0,0,2,2,69,999,0,1,0,0,1,7,2015,9,2015,0,73,0,0,0,1,2,30,1,1,2,1,0,0,1,13,99,1,4,1,"777777777777","777777777777","777777777777",1,0
36,360039,1,1,1,23,1,4,20,1,0,1,0,36,2,12,401,12401,14,2002,"1FMZU73K72ZD","1","F","M","Z","U","7","3","K","7","2","Z","D",0,0,0,"000000000","00000000000",0,0,0,1,0,0,0,0,0,0,0,999,0,2,3,0,6,2,1,0,0,0,1,36,10924,0,0,0,0,0,0,999,999,99,99,99,99,99,99,9999,99,9999,3,0,0,0,0,3,2,65,1,1,2,1,0,0,1,12,99,1,4,6,"777777777777","777777777777","777777777777",1,1
36,360040,1,1,1,3,1,19,11,53,0,1,0,36,1,12,442,12442,20,2003,"2FMZA52403BB","2","F","M","Z","A","5","2","4","0","3","B","B",0,0,0,"000000000","00000000000",0,0,0,1,0,0,0,0,0,0,0,999,0,1,6,12,6,2,3,0,0,0,1,36,13501,6,1,0,0,3,0,67,999,0,0,0,0,0,0,0,0,0,0,0,0,0,0,1,2,45,1,2,2,2,0,0,1,13,99,1,4,1,"777777777777","777777777777","777777777777",1,1
36,360041,1,1,1,25,1,22,15,8,0,1,1,36,1,37,402,37402,14,2014,"2HKRM4H3XEH6","2","H","K","R","M","4","H","3","X","E","H","6",0,0,0,"000000000","00000000000",0,0,0,1,0,0,0,0,0,0,0,999,0,0,0,12,8,5,8,0,0,0,1,36,11735,6,1,0,0,3,3,65,999,3,1,0,1,0,2,2011,10,2014,0,0,0,0,0,2,4,40,1,1,2,3,0,0,1,80,99,1,1,13,"777777777777","777777777777","777777777777",0,1
36,360042,1,2,1,25,1,21,21,12,2,1,0,36,1,49,32,49032,4,2011,"JTDBU4EE6B91","J","T","D","B","U","4","E","E","6","B","9","1",0,0,0,"000000000","00000000000",0,0,0,1,0,0,0,0,0,0,0,999,0,0,0,12,8,2,12,0,0,0,1,36,11542,1,1,0,0,2,2,73,999,0,8,0,0,0,9,2013,9,2015,0,74,0,0,0,2,3,55,1,1,2,2,3,3,11,15,99,1,1,68,"777777777777","777777777777","777777777777",1,0
36,360042,2,2,1,25,1,21,21,12,2,1,0,36,1,32,43,32043,4,2014,"WAUBFAFL4EN0","W","A","U","B","F","A","F","L","4","E","N","0",0,0,0,"000000000","00000000000",0,0,0,1,0,0,0,0,0,0,0,999,0,0,0,12,8,2,12,0,0,0,1,36,11732,6,1,0,0,3,0,71,999,0,0,0,0,0,0,0,0,0,0,0,0,0,0,2,3,55,1,1,2,2,3,3,1,66,99,1,1,69,"777777777777","777777777777","777777777777",0,0
36,360043,1,1,1,26,1,15,44,42,0,1,0,36,1,55,35,55035,4,2008,"KMHDU46D48U4","K","M","H","D","U","4","6","D","4","8","U","4",0,0,0,"000000000","00000000000",0,0,0,1,0,0,0,0,0,0,0,999,0,1,5,5,6,2,3,0,0,0,1,36,12955,6,1,0,0,3,3,67,999,2,0,0,0,2,7,2014,8,2015,5,87,0,0,0,1,2,55,1,2,2,3,0,0,1,6,99,4,4,2,"777777777777","777777777777","777777777777",1,0
36,360044,1,1,2,14,1,20,2,8,0,1,0,36,1,14,6,14006,4,1999,"2MEFM75W8XX6","2","M","E","F","M","7","5","W","8","X","X","6",0,0,0,"000000000","00000000000",0,0,0,1,0,0,0,0,0,0,0,999,0,0,0,12,8,2,8,0,0,0,1,36,13856,6,1,0,0,3,3,68,999,0,0,0,0,0,0,0,0,0,0,0,0,0,0,1,2,30,3,2,2,2,0,0,14,80,6,1,3,13,"777777777777","777777777777","777777777777",0,0
36,360045,1,1,1,26,1,11,32,42,0,1,0,42,1,35,481,35481,31,2007,"1N6AA07B77N2","1","N","6","A","A","0","7","B","7","7","N","2",0,0,0,"000000000","00000000000",0,0,0,1,0,0,0,0,0,0,0,999,0,1,5,12,6,2,42,0,0,0,1,42,18810,6,1,0,0,3,0,70,999,0,0,0,0,0,0,0,0,0,0,0,0,0,0,1,2,35,1,1,2,1,0,0,1,13,99,1,4,1,"777777777777","777777777777","777777777777",1,0
36,360046,1,1,1,27,1,11,45,14,0,1,0,36,1,19,22,19022,4,2006,"1G6KD57Y96U1","1","G","6","K","D","5","7","Y","9","6","U","1",0,0,0,"000000000","00000000000",0,0,0,1,0,0,0,0,0,0,0,999,0,0,0,12,8,2,14,0,0,0,1,36,13815,6,1,0,0,3,0,62,999,0,0,0,0,0,0,0,0,0,0,0,0,0,0,1,4,30,1,1,1,2,0,0,1,13,99,1,4,11,"777777777777","777777777777","777777777777",1,0
36,360047,1,1,1,27,1,11,13,34,0,1,0,36,1,12,471,12471,30,2003,"1FTYR15E33TA","1","F","T","Y","R","1","5","E","3","3","T","A",0,0,0,"000000000","00000000000",0,0,0,1,0,0,0,0,0,0,0,999,0,1,1,12,8,2,1,0,0,0,1,36,13734,6,1,0,0,3,0,68,999,0,0,0,0,0,0,0,0,0,5,87,0,0,0,1,2,40,3,2,2,3,0,0,14,6,99,2,4,7,"777777777777","777777777777","777777777777",1,0
36,360048,1,2,1,26,1,11,27,12,6,1,0,36,2,13,1,13001,4,1998,"1LNFM82W2WY6","1","L","N","F","M","8","2","W","2","W","Y","6",0,0,0,"000000000","00000000000",0,0,0,1,0,0,0,0,0,0,0,999,0,0,0,9,6,2,12,0,0,0,1,36,14424,6,1,0,0,3,0,64,999,0,0,0,0,0,0,0,0,0,0,38,0,0,0,1,2,55,1,1,2,1,20,3,1,17,99,1,1,89,"777777777777","777777777777","777777777777",1,0
36,360048,2,2,1,26,1,11,27,12,6,1,0,36,1,20,481,20481,31,2015,"1GC1KWE82FF6","1","G","C","1","K","W","E","8","2","F","F","6",1,1,0,"000000000","00000000000",0,0,0,1,0,0,0,0,0,0,0,999,0,0,0,12,8,2,12,0,0,0,1,36,14424,6,1,6,0,3,0,66,999,1,0,0,0,1,9,2012,10,2015,0,0,0,0,0,1,2,55,1,1,2,1,0,0,1,66,99,1,1,88,"13skb2625f1k","777777777777","777777777777",0,0
36,360049,1,1,1,27,1,9,21,9,0,1,0,36,1,48,401,48401,14,2008,"JF1SG66638H7","J","F","1","S","G","6","6","6","3","8","H","7",0,0,0,"000000000","00000000000",0,0,0,1,0,0,0,0,0,0,0,999,0,0,0,12,8,2,9,0,0,0,1,36,12010,6,1,0,0,3,3,69,999,0,0,0,0,0,0,0,0,0,0,0,0,0,0,2,4,55,1,1,2,1,0,0,1,13,99,1,4,13,"777777777777","777777777777","777777777777",0,0
36,360050,1,1,1,28,1,7,3,42,0,1,0,36,1,32,52,32052,2,2011,"WAUCVAFR0BA0","W","A","U","C","V","A","F","R","0","B","A","0",0,0,0,"000000000","00000000000",0,0,0,1,0,0,0,0,0,0,0,999,0,1,5,11,6,2,1,0,0,0,1,36,12737,6,1,0,0,3,0,71,999,0,0,0,0,1,4,2014,4,2014,5,87,0,0,0,1,2,55,2,1,2,3,0,0,14,6,99,2,4,7,"777777777777","777777777777","777777777777",1,0
36,360051,1,1,1,28,1,13,4,8,0,1,0,36,2,18,3,18003,4,1999,"1G4CW52KXX46","1","G","4","C","W","5","2","K","X","X","4","6",0,0,0,"000000000","00000000000",0,0,0,1,0,0,0,0,0,0,0,999,0,0,0,12,8,2,8,0,0,0,1,36,11414,6,1,0,0,3,0,70,999,0,0,0,0,0,0,0,0,0,0,38,0,0,0,1,2,25,1,1,2,1,3,3,11,80,99,1,1,13,"777777777777","777777777777","777777777777",0,0
36,360052,1,1,3,28,1,23,35,35,0,1,0,36,1,12,402,12402,14,2005,"1FMYU92Z95KA","1","F","M","Y","U","9","2","Z","9","5","K","A",0,0,0,"000000000","00000000000",0,0,0,1,0,0,0,0,0,0,0,999,0,1,5,11,6,2,1,0,0,0,1,36,10467,1,1,0,0,2,2,66,999,1,4,0,1,0,2,2015,11,2015,0,74,0,0,0,3,2,65,1,2,2,1,0,0,1,13,99,3,4,2,"777777777777","777777777777","777777777777",1,0
36,360053,1,1,1,29,1,19,46,15,0,1,0,36,1,20,25,20025,4,2011,"1G1PC5SH5B71","1","G","1","P","C","5","S","H","5","B","7","1",0,0,0,"000000000","00000000000",0,0,0,1,0,0,0,0,0,0,0,999,0,0,0,12,8,2,15,0,0,0,1,36,14221,6,1,0,0,3,3,62,999,0,0,0,0,0,0,0,0,0,5,0,0,0,0,1,2,35,1,1,2,1,0,0,1,83,16,1,1,13,"777777777777","777777777777","777777777777",0,0
36,360054,1,2,1,30,1,3,49,8,0,1,0,36,2,34,34,34034,4,2009,"WBSPM93579E2","W","B","S","P","M","9","3","5","7","9","E","2",0,0,0,"000000000","00000000000",0,0,0,1,0,0,0,0,0,0,0,999,0,0,0,12,8,2,8,0,0,0,1,36,10452,6,1,0,0,3,0,73,999,0,0,0,1,0,7,2015,7,2015,0,0,0,0,0,3,2,25,1,1,2,3,0,0,1,80,99,1,1,13,"777777777777","777777777777","777777777777",0,1
36,360054,2,2,2,30,1,3,49,8,0,1,0,24,2,12,481,12481,31,2011,"1FTFW1ET8BFB","1","F","T","F","W","1","E","T","8","B","F","B",0,0,0,"000000000","00000000000",0,0,0,1,0,0,0,0,0,0,0,999,0,0,0,7,8,2,12,0,0,0,1,53,98444,6,1,0,0,3,0,67,150,0,0,0,1,0,9,2014,9,2014,0,0,0,0,0,3,2,25,1,1,2,3,0,0,16,98,99,1,1,98,"777777777777","777777777777","777777777777",0,0
36,360055,1,1,1,1,2,7,35,8,0,1,0,36,2,35,51,35051,6,2013,"JN8AS5MVXDW6","J","N","8","A","S","5","M","V","X","D","W","6",0,0,0,"000000000","00000000000",0,0,0,1,0,0,0,0,0,0,0,999,0,0,0,12,8,2,8,0,0,0,1,36,11691,6,1,0,0,3,0,72,999,0,3,0,0,0,3,2013,5,2013,0,0,0,0,0,1,2,30,1,1,2,1,3,3,1,80,99,1,1,13,"777777777777","777777777777","777777777777",0,0
36,360056,1,1,2,30,1,5,56,48,0,1,0,36,1,52,46,52046,4,2008,"JA3AU26U08U0","J","A","3","A","U","2","6","U","0","8","U","0",0,0,0,"000000000","00000000000",0,0,0,1,0,0,0,0,0,0,0,999,0,1,5,99,8,2,42,0,0,0,1,36,13413,6,1,0,0,3,0,72,999,1,0,0,0,0,5,2012,5,2012,5,0,0,0,0,1,2,55,3,2,2,2,0,0,14,13,99,1,4,1,"777777777777","777777777777","777777777777",1,0
36,360057,1,2,1,3,2,19,16,12,2,1,0,36,1,35,43,35043,4,2009,"3N1AB61E59L6","3","N","1","A","B","6","1","E","5","9","L","6",0,0,0,"000000000","00000000000",0,0,0,1,0,0,0,0,0,0,0,999,0,0,0,12,8,2,12,0,0,0,1,36,13309,6,1,0,0,3,3,68,999,0,0,0,0,0,0,0,0,0,0,28,0,0,0,1,2,55,1,1,2,2,0,0,1,10,99,1,2,50,"777777777777","777777777777","777777777777",1,0
36,360057,2,2,1,3,2,19,16,12,2,1,0,36,3,82,881,82881,62,2007,"1FVACWCS67HX","1","F","V","A","C","W","C","S","6","7","H","X",0,0,57,"1736462","571736462",2,1,1,1,0,0,0,0,0,0,0,999,0,0,0,12,8,2,12,0,0,0,1,36,13654,6,1,6,1,3,0,65,999,0,0,0,0,0,0,0,0,0,0,0,0,0,0,1,2,55,1,1,2,2,0,0,1,62,6,1,1,51,"777777777777","777777777777","777777777777",0,0
36,360058,1,1,1,3,2,6,23,8,0,1,0,36,2,12,461,12461,21,2005,"1FBSS31S75HA","1","F","B","S","S","3","1","S","7","5","H","A",0,0,0,"000000000","00000000000",0,0,0,1,0,0,0,0,0,0,0,999,0,0,0,12,8,2,8,0,0,0,1,36,11218,6,1,0,0,3,3,65,999,0,0,0,0,0,0,0,0,0,0,0,0,0,0,1,4,25,1,1,2,2,3,3,1,80,99,1,1,13,"777777777777","777777777777","777777777777",0,0
36,360059,1,1,4,5,2,19,15,8,0,1,0,36,1,7,442,7442,20,2005,"1D4GP24R15B3","1","D","4","G","P","2","4","R","1","5","B","3",0,0,0,"000000000","00000000000",0,0,0,1,0,0,0,0,0,0,0,999,0,0,0,12,8,2,8,0,0,0,1,36,12566,6,1,0,0,3,0,64,999,0,0,0,0,0,0,0,0,0,0,0,0,0,0,1,2,55,1,1,2,1,0,0,1,80,99,1,1,13,"777777777777","777777777777","777777777777",0,0
36,360060,1,1,1,6,2,10,14,8,0,1,0,36,1,35,47,35047,4,2006,"1N4AL11E56N3","1","N","4","A","L","1","1","E","5","6","N","3",0,0,0,"000000000","00000000000",0,0,0,1,0,0,0,0,0,0,0,999,0,0,0,12,8,2,8,0,0,0,1,36,11203,6,1,0,0,3,0,67,999,2,2,0,0,0,6,2011,7,2015,3,0,0,0,0,4,1,25,1,1,2,1,0,0,1,80,99,1,1,13,"777777777777","777777777777","777777777777",0,0
36,360061,1,1,1,5,2,18,34,40,0,1,0,36,3,90,981,90981,50,2009,"1BAKFCKA79F2","1","B","A","K","F","C","K","A","7","9","F","2",0,0,88,"888888888","88888888888",9,21,22,1,0,0,0,0,1,2,0,999,0,0,0,12,8,2,8,0,0,0,1,36,11234,6,1,6,1,3,3,70,999,1,0,0,0,1,5,2014,2,2015,5,0,0,0,0,3,3,25,1,1,2,1,0,0,1,13,99,1,4,1,"777777777777","777777777777","777777777777",0,0
36,360062,1,1,1,10,2,20,48,8,0,1,0,36,3,12,881,12881,62,2015,"3FRNF6HDXFV7","3","F","R","N","F","6","H","D","X","F","V","7",0,0,99,"999999999","99999999999",2,1,1,1,0,0,0,0,0,0,0,999,0,0,0,12,0,3,8,0,0,0,1,36,11210,6,1,0,9,8,3,69,999,0,0,0,0,3,3,2011,10,2014,0,38,0,0,0,3,3,25,1,1,2,1,3,3,10,80,99,1,1,13,"777777777777","777777777777","777777777777",0,0
36,360063,1,2,1,9,2,13,44,12,2,1,0,36,1,2,422,2422,15,2015,"1C4RJFBG6FC8","1","C","4","R","J","F","B","G","6","F","C","8",0,0,0,"000000000","00000000000",0,0,0,1,0,0,0,0,0,0,0,999,0,1,1,12,6,2,12,0,0,0,1,36,14733,6,1,0,0,3,0,67,999,0,0,0,0,1,11,2012,11,2012,0,28,0,0,0,1,2,55,1,3,2,1,0,0,1,10,99,1,2,50,"777777777777","777777777777","777777777777",0,0
36,360063,2,2,1,9,2,13,44,12,2,1,0,36,1,22,2,22002,4,2001,"1G2HY54K5141","1","G","2","H","Y","5","4","K","5","1","4","1",0,0,0,"000000000","00000000000",0,0,0,1,0,0,0,0,0,0,0,999,0,0,0,12,6,2,12,0,0,0,1,36,14740,6,1,0,0,3,3,66,999,0,0,0,0,0,0,0,0,0,0,0,0,0,0,1,2,55,1,3,2,1,0,0,1,62,99,1,1,51,"777777777777","777777777777","777777777777",1,0
36,360064,1,2,1,10,2,23,7,12,6,1,0,36,1,2,403,2403,14,2014,"1C4AJWAG7EL2","1","C","4","A","J","W","A","G","7","E","L","2",0,0,0,"000000000","00000000000",0,0,0,1,0,0,0,0,0,0,0,999,0,0,0,12,8,2,12,0,0,0,1,36,14612,6,1,0,0,3,3,71,999,1,0,0,0,0,5,2013,5,2013,2,0,0,0,0,1,4,35,1,1,2,3,0,0,1,62,99,1,1,65,"777777777777","777777777777","777777777777",0,0