"STATE","ST_CASE","VEH_NO","VE_FORMS","NUMOCCS","DAY","MONTH","HOUR","MINUTE","HARM_EV","MAN_COLL","UNITTYPE","HIT_RUN","REG_STAT","OWNER","MAKE","MODEL","MAK_MOD","BODY_TYP","MOD_YEAR","VIN","VIN_1","VIN_2","VIN_3","VIN_4","VIN_5","VIN_6","VIN_7","VIN_8","VIN_9","VIN_10","VIN_11","VIN_12","TOW_VEH","J_KNIFE","MCARR_I1","MCARR_I2","MCARR_ID","GVWR","V_CONFIG","CARGO_BT","HAZ_INV","HAZ_PLAC","HAZ_ID","HAZ_CNO","HAZ_REL","BUS_USE","SPEC_USE","EMER_USE","TRAV_SP","UNDERIDE","ROLLOVER","ROLINLOC","IMPACT1","DEFORMED","TOWED","M_HARM","VEH_SC1","VEH_SC2","FIRE_EXP","DR_PRES","L_STATE","DR_ZIP","L_STATUS","L_TYPE","CDL_STAT","L_ENDORS","L_COMPL","L_RESTRI","DR_HGT","DR_WGT","PREV_ACC","PREV_SUS","PREV_DWI","PREV_SPD","PREV_OTH","FIRST_MO","FIRST_YR","LAST_MO","LAST_YR","SPEEDREL","DR_SF1","DR_SF2","DR_SF3","DR_SF4","VTRAFWAY","VNUM_LAN","VSPD_LIM","VALIGN","VPROFILE","VPAVETYP","VSURCOND","VTRAFCON","VTCONT_F","P_CRASH1","P_CRASH2","P_CRASH3","PCRASH4","PCRASH5","ACC_TYPE","TRLR1VIN","TRLR2VIN","TRLR3VIN","DEATHS","DR_DRINK"
36,360227,2,2,3,30,4,19,45,12,6,1,0,36,2,24,1,24001,4,2000,"1G8ZK5278YZ2","1","G","8","Z","K","5","2","7","8","Y","Z","2",0,0,0,"000000000","00000000000",0,0,0,1,0,0,0,0,0,0,0,999,0,0,0,11,8,2,12,0,0,0,1,36,10467,6,1,0,0,3,0,61,999,0,0,0,0,0,0,0,0,0,0,0,0,0,0,1,4,99,1,3,2,1,0,0,1,62,99,1,1,65,"777777777777","777777777777","777777777777",1,0
36,360228,1,1,2,30,4,5,25,1,0,1,0,36,2,35,43,35043,4,2003,"3N1AB51D13L7","3","N","1","A","B","5","1","D","1","3","L","7",0,0,0,"000000000","00000000000",0,0,0,1,0,0,0,0,0,0,0,999,0,1,5,0,6,2,30,0,0,0,1,36,10925,6,2,0,0,3,3,72,999,0,0,0,0,0,0,0,0,0,5,0,0,0,0,1,2,55,1,1,2,2,0,0,1,12,99,3,4,7,"777777777777","777777777777","777777777777",1,0
36,360229,1,2,2,30,4,13,37,12,6,1,0,36,1,35,43,35043,4,2014,"3N1AB7AP2EY2","3","N","1","A","B","7","A","P","2","E","Y","2",0,0,0,"000000000","00000000000",0,0,0,1,0,0,0,0,0,0,0,999,0,1,5,12,6,2,42,0,0,0,1,36,14047,6,1,0,0,3,0,72,999,0,0,0,1,0,2,2013,2,2013,0,28,0,0,0,1,4,55,1,1,2,1,0,0,1,10,99,1,2,64,"777777777777","777777777777","777777777777",1,0
36,360229,2,2,1,30,4,13,37,12,6,1,0,36,1,72,706,72706,80,2010,"1HD1LA61XAC4","1","H","D","1","L","A","6","1","X","A","C","4",0,0,0,"000000000","00000000000",0,0,0,1,0,0,0,0,0,0,0,999,0,0,0,62,8,2,12,0,0,0,1,36,14304,6,1,0,0,3,3,66,999,0,0,0,0,0,0,0,0,0,0,0,0,0,0,1,4,55,1,1,2,1,0,0,1,62,99,1,1,65,"777777777777","777777777777","777777777777",0,0
36,360230,1,1,1,1,5,19,58,8,0,1,0,36,2,32,42,32042,4,2002,"WAULD64B22N1","W","A","U","L","D","6","4","B","2","2","N","1",0,0,0,"000000000","00000000000",0,0,0,1,0,0,0,0,0,0,0,999,0,0,0,99,0,5,8,0,0,0,1,34,7424,6,1,0,0,3,3,72,999,0,0,0,0,1,7,2015,7,2015,0,0,0,0,0,1,4,99,1,1,2,2,0,0,1,80,99,1,1,13,"777777777777","777777777777","777777777777",0,0
36,360231,1,1,1,2,5,5,55,33,0,1,0,34,1,55,35,55035,4,2013,"KMHDH4AE6DU6","K","M","H","D","H","4","A","E","6","D","U","6",0,0,0,"000000000","00000000000",0,0,0,1,0,0,0,0,0,0,0,999,0,0,0,12,6,2,42,0,0,0,1,34,7087,9,9,99,0,9,9,999,999,99,99,99,99,99,99,9999,99,9999,5,0,0,0,0,2,2,55,1,3,2,2,0,0,1,12,16,1,4,6,"777777777777","777777777777","777777777777",1,0
36,360232,1,1,2,3,5,20,34,8,0,1,0,36,2,49,40,49040,4,2011,"4T1BF3EK3BU6","4","T","1","B","F","3","E","K","3","B","U","6",0,0,0,"000000000","00000000000",0,0,0,1,0,0,0,0,0,0,0,999,0,0,0,12,8,2,8,0,0,0,1,36,11367,6,1,0,0,3,0,69,999,0,0,0,0,0,0,0,0,0,0,0,0,0,0,1,2,35,1,1,2,2,0,0,1,80,99,1,1,13,"777777777777","777777777777","777777777777",0,0
36,360233,1,1,1,2,5,10,35,26,0,1,0,36,1,37,705,37705,80,2014,"MLHPC4468E51","M","L","H","P","C","4","4","6","8","E","5","1",0,0,0,"000000000","00000000000",0,0,0,1,0,0,0,0,0,0,0,999,0,0,0,1,8,2,26,0,0,0,1,36,11209,6,1,0,0,3,0,69,999,1,0,0,2,1,10,2011,7,2015,0,27,0,0,0,3,3,50,1,1,2,1,0,0,15,90,99,1,2,12,"777777777777","777777777777","777777777777",1,0
36,360234,1,1,2,6,5,11,9,30,0,1,0,36,2,18,25,18025,4,2014,"1G4PP5SK6E41","1","G","4","P","P","5","S","K","6","E","4","1",0,0,0,"000000000","00000000000",0,0,0,1,0,0,0,0,0,0,0,999,0,0,0,12,8,2,30,0,0,0,1,36,11236,6,1,0,0,3,3,60,999,0,0,0,0,0,0,0,0,0,0,0,0,0,0,4,1,25,1,1,2,2,0,0,1,8,99,3,4,14,"777777777777","777777777777","777777777777",2,0
36,360235,1,2,2,5,5,13,11,12,6,1,0,36,1,12,443,12443,20,2007,"1FMZK02107GA","1","F","M","Z","K","0","2","1","0","7","G","A",0,0,0,"000000000","00000000000",0,0,0,1,0,0,0,0,0,0,0,999,0,0,0,12,6,2,12,0,0,0,1,36,12110,6,1,0,0,3,0,74,999,0,0,0,0,0,0,0,0,0,0,38,0,0,0,1,4,99,1,1,2,1,2,2,1,19,99,1,1,86,"777777777777","777777777777","777777777777",1,0
36,360235,2,2,5,5,5,13,11,12,6,1,0,36,3,92,981,92981,52,2013,"15GGD2716D11","1","5","G","G","D","2","7","1","6","D","1","1",0,0,99,"999999999","99999999999",3,21,22,1,0,0,0,0,6,3,0,999,0,0,0,5,8,2,12,0,0,0,1,36,12198,6,1,6,1,3,0,70,999,0,0,0,0,0,0,0,0,0,0,0,0,0,0,1,4,99,1,1,2,1,3,3,1,68,99,1,1,87,"777777777777","777777777777","777777777777",0,0
36,360236,1,1,5,7,5,1,4,30,0,1,0,36,2,20,22,20022,4,2005,"1G1AL52FX576","1","G","1","A","L","5","2","F","X","5","7","6",0,0,0,"000000000","00000000000",0,0,0,1,0,0,0,0,0,0,0,999,0,1,5,5,8,2,1,0,0,0,1,36,14717,6,1,0,0,3,0,72,999,1,0,0,0,0,2,2016,2,2016,5,0,0,0,0,1,2,55,1,1,2,1,0,0,1,13,99,4,4,2,"777777777777","777777777777","777777777777",1,1
36,360237,1,1,1,8,5,2,34,8,0,1,1,99,9,99,999,99999,99,9999,"999999999999","9","9","9","9","9","9","9","9","9","9","9","9",0,0,0,"000000000","00000000000",0,0,0,1,0,0,0,0,0,0,0,999,0,0,0,12,0,5,8,0,0,0,1,99,99999,9,9,99,9,9,9,999,999,99,99,99,99,99,99,9999,99,9999,9,0,0,0,0,1,2,25,1,1,2,1,0,0,1,80,99,1,1,13,"777777777777","777777777777","777777777777",0,0
36,360238,1,2,1,8,5,15,6,12,6,1,0,36,1,19,421,19421,15,2002,"1GYEK63N52R2","1","G","Y","E","K","6","3","N","5","2","R","2",0,0,0,"000000000","00000000000",0,0,0,1,0,0,0,0,0,0,0,999,0,0,0,12,8,2,12,0,0,0,1,36,13905,6,1,0,0,3,0,73,999,1,0,0,0,2,12,2013,4,2015,5,28,0,0,0,1,2,40,1,2,2,1,0,0,1,10,99,1,3,65,"777777777777","777777777777","777777777777",0,0
36,360238,2,2,3,8,5,15,6,12,6,1,0,36,2,49,40,49040,4,1998,"4T1BG22K2WU8","4","T","1","B","G","2","2","K","2","W","U","8",0,0,0,"000000000","00000000000",0,0,0,1,0,0,0,0,0,0,0,999,0,0,0,3,8,2,12,0,0,0,1,36,13901,6,2,0,0,3,0,64,999,0,0,0,0,0,0,0,0,0,0,0,0,0,0,1,2,40,1,2,2,1,0,0,1,62,99,1,1,64,"777777777777","777777777777","777777777777",1,0
36,360239,1,1,1,7,5,15,33,24,0,1,0,36,1,72,706,72706,80,1990,"1HD1BLL13LY0","1","H","D","1","B","L","L","1","3","L","Y","0",0,0,0,"000000000","00000000000",0,0,0,1,0,0,0,0,0,0,0,999,0,0,0,12,8,2,24,0,0,0,1,36,14870,6,1,6,0,3,0,72,999,0,0,0,0,0,0,0,0,0,5,0,0,0,0,6,1,99,1,1,2,1,0,0,1,6,99,2,3,98,"777777777777","777777777777","777777777777",1,1
36,360240,1,2,1,9,5,21,53,12,6,1,0,36,1,37,32,37032,4,2012,"1HGCP2F85CA0","1","H","G","C","P","2","F","8","5","C","A","0",0,0,0,"000000000","00000000000",0,0,0,1,0,0,0,0,0,0,0,999,0,0,0,12,8,2,9,0,0,0,1,36,11235,6,1,0,0,3,0,69,999,1,0,0,0,0,9,2015,9,2015,0,38,0,0,0,1,4,25,1,1,2,1,3,3,1,17,99,1,1,88,"777777777777","777777777777","777777777777",0,0
36,360240,2,2,1,9,5,21,53,12,6,1,0,36,2,58,41,58041,4,2015,"JN1BV7AR3FM4","J","N","1","B","V","7","A","R","3","F","M","4",0,0,0,"000000000","00000000000",0,0,0,1,0,0,0,0,0,0,0,999,0,0,0,9,8,2,12,0,0,0,1,36,11235,6,1,0,0,3,0,71,999,0,0,0,0,0,0,0,0,0,0,0,0,0,0,1,4,25,1,1,2,1,3,3,1,66,99,1,1,89,"777777777777","777777777777","777777777777",0,0
36,360241,1,1,4,8,5,21,52,42,0,1,0,36,1,37,31,37031,2,2003,"1HGEM229X3L0","1","H","G","E","M","2","2","9","X","3","L","0",0,0,0,"000000000","00000000000",0,0,0,1,0,0,0,0,0,0,0,999,0,0,0,61,8,2,42,0,0,0,1,36,11691,6,1,0,0,3,0,65,999,0,0,0,0,0,0,0,0,0,4,0,0,0,0,3,2,30,1,1,2,1,0,0,15,6,99,3,4,2,"777777777777","777777777777","777777777777",1,0
36,360242,1,1,1,9,5,23,6,8,0,1,0,36,1,49,53,49053,5,2014,"4T3ZK3BB5EU0","4","T","3","Z","K","3","B","B","5","E","U","0",0,0,0,"000000000","00000000000",0,0,0,1,0,0,0,0,0,0,0,999,0,0,0,12,0,3,8,0,0,0,1,36,11365,6,1,0,0,3,0,69,999,2,1,0,0,1,10,2011,1,2012,0,0,0,0,0,3,3,50,1,1,2,1,0,0,1,80,99,1,1,13,"777777777777","777777777777","777777777777",0,0
36,360243,1,1,4,7,3,2,34,42,0,1,0,36,2,20,37,20037,4,2005,"1G1ZT52865F3","1","G","1","Z","T","5","2","8","6","5","F","3",0,0,0,"000000000","00000000000",0,0,0,1,0,0,0,0,0,0,0,61,0,0,0,12,6,2,42,0,0,0,1,36,13204,0,0,0,0,0,0,60,999,0,0,0,0,1,4,2011,4,2011,5,0,0,0,0,2,3,40,1,1,2,1,0,0,1,12,99,1,4,6,"777777777777","777777777777","777777777777",3,1
36,360244,1,1,1,10,5,21,25,8,0,1,0,36,1,37,402,37402,14,2013,"2HKRM3H72DH5","2","H","K","R","M","3","H","7","2","D","H","5",0,0,0,"000000000","00000000000",0,0,0,1,0,0,0,0,0,0,0,999,0,0,0,12,8,5,8,0,0,0,1,36,10306,6,1,0,0,3,3,75,999,0,0,0,0,0,0,0,0,0,0,0,0,0,0,3,4,50,1,1,2,1,0,0,1,80,7,1,1,13,"777777777777","777777777777","777777777777",0,0
36,360245,1,1,1,10,5,10,32,8,0,1,0,36,2,55,35,55035,4,2016,"5NPDH4AE5GH7","5","N","P","D","H","4","A","E","5","G","H","7",0,0,0,"000000000","00000000000",0,0,0,1,0,0,0,0,0,0,0,999,0,0,0,6,8,2,8,0,0,0,1,36,12443,6,1,0,0,3,3,68,999,0,0,0,0,0,0,0,0,0,0,31,0,0,0,1,4,25,1,1,2,1,3,3,13,80,99,1,1,92,"777777777777","777777777777","777777777777",0,0
36,360246,1,2,2,3,4,21,3,12,6,1,0,36,1,20,481,20481,31,2014,"1GCVKREC7EZ3","1","G","C","V","K","R","E","C","7","E","Z","3",0,0,0,"000000000","00000000000",0,0,0,1,0,0,0,0,0,0,0,998,0,0,0,11,6,2,12,0,0,0,1,36,11763,6,1,0,0,3,0,67,999,0,0,0,0,0,0,0,0,0,0,0,0,0,0,5,5,98,1,1,2,1,0,0,11,15,99,1,1,82,"777777777777","777777777777","777777777777",2,0
36,360246,2,2,1,3,4,21,3,12,6,1,0,36,2,32,43,32043,4,2012,"WAUBFAFL6CN0","W","A","U","B","F","A","F","L","6","C","N","0",0,0,0,"000000000","00000000000",0,0,0,1,0,0,0,0,0,0,0,998,0,0,0,12,6,2,12,0,0,0,1,36,11716,1,1,0,0,2,2,70,999,0,2,0,0,1,7,2013,3,2015,0,74,0,0,0,5,5,98,1,1,2,1,0,0,1,66,99,1,1,83,"777777777777","777777777777","777777777777",0,0
36,360247,1,2,1,11,5,0,7,12,6,1,0,36,1,42,48,42048,4,2013,"WDDHF8JB5DA7","W","D","D","H","F","8","J","B","5","D","A","7",0,0,0,"000000000","00000000000",0,0,0,1,0,0,0,0,0,0,0,999,0,0,0,62,8,2,12,0,0,0,1,36,11550,6,1,0,0,3,0,74,999,0,0,0,0,0,0,0,0,0,0,31,38,48,0,1,4,35,1,1,1,1,0,0,12,98,99,1,7,98,"777777777777","777777777777","777777777777",0,0
36,360247,2,2,1,11,5,0,7,12,6,1,0,36,2,53,705,53705,80,2006,"JS1GN7DA5621","J","S","1","G","N","7","D","A","5","6","2","1",0,0,0,"000000000","00000000000",0,0,0,1,0,0,0,0,0,0,0,999,0,0,0,12,6,2,12,0,0,0,1,36,11010,6,1,0,0,3,0,66,999,2,0,0,1,0,4,2014,3,2016,0,0,0,0,0,1,4,35,1,1,1,1,0,0,1,64,99,1,1,98,"777777777777","777777777777","777777777777",1,0
36,360248,1,1,1,6,4,21,14,8,0,1,0,36,2,2,404,2404,14,2000,"1J4FF48S2YL1","1","J","4","F","F","4","8","S","2","Y","L","1",0,0,0,"000000000","00000000000",0,0,0,1,0,0,0,0,0,0,0,999,0,0,0,12,8,2,8,0,0,0,1,36,11706,6,1,6,0,3,3,70,999,1,0,0,0,2,5,2012,6,2014,0,0,0,0,0,3,4,99,1,1,2,1,3,3,1,80,99,1,1,13,"777777777777","777777777777","777777777777",0,0
36,360249,1,1,2,6,4,20,0,8,0,1,0,36,1,55,35,55035,4,2001,"KMHDN45D31U2","K","M","H","D","N","4","5","D","3","1","U","2",0,0,0,"000000000","00000000000",0,0,0,1,0,0,0,0,0,0,0,40,0,0,0,12,8,2,8,0,0,0,1,36,11722,6,1,0,0,3,3,65,999,0,0,0,0,0,0,0,0,0,0,0,0,0,0,2,2,40,1,1,2,1,0,0,1,80,99,1,1,13,"777777777777","777777777777","777777777777",0,0
36,360250,1,2,1,4,3,9,55,12,2,1,0,36,1,54,38,54038,3,2006,"JH4DC54836S0","J","H","4","D","C","5","4","8","3","6","S","0",0,0,0,"000000000","00000000000",0,0,0,1,0,0,0,0,0,0,0,999,0,0,0,12,8,2,12,0,0,0,1,36,13317,6,1,0,0,3,0,67,999,0,0,0,0,0,0,0,0,0,0,28,0,0,0,1,2,55,2,1,2,1,0,0,14,10,99,1,2,50,"777777777777","777777777777","777777777777",1,0
36,360250,2,2,1,4,3,9,55,12,2,1,0,36,2,7,402,7402,14,2003,"1D4HS38N73F5","1","D","4","H","S","3","8","N","7","3","F","5",0,0,0,"000000000","00000000000",0,0,0,1,0,0,0,0,0,0,0,999,0,0,0,12,8,2,12,0,0,0,1,36,12072,6,1,0,0,3,0,69,999,0,0,0,0,0,0,0,0,0,0,0,0,0,0,1,2,55,3,1,2,1,0,0,14,62,9,1,1,51,"777777777777","777777777777","777777777777",0,0
36,360251,1,2,1,4,3,15,46,12,2,1,0,36,1,53,405,53405,14,2003,"JS3TX92V2341","J","S","3","T","X","9","2","V","2","3","4","1",0,0,0,"000000000","00000000000",0,0,0,1,0,0,0,0,0,0,0,999,0,0,0,12,6,2,12,0,0,0,1,36,10567,6,1,0,0,3,0,64,999,0,3,0,0,0,8,2012,11,2012,5,28,0,0,0,1,2,55,1,2,2,1,0,0,98,10,99,1,2,50,"777777777777","777777777777","777777777777",0,0
36,360251,2,2,2,4,3,15,46,12,2,1,0,36,3,37,31,37031,4,2011,"2HGFA1F52BH5","2","H","G","F","A","1","F","5","2","B","H","5",0,0,0,"000000000","00000000000",0,0,0,1,0,0,0,0,0,0,0,999,0,0,0,12,6,2,12,0,0,0,1,36,10589,6,1,0,0,3,3,66,999,0,0,0,0,0,0,0,0,0,0,0,0,0,0,1,2,55,1,2,2,1,0,0,1,62,99,1,1,51,"777777777777","777777777777","777777777777",1,0
36,360252,1,1,1,17,4,22,30,8,0,1,0,36,1,35,39,35039,4,1999,"JN1CA21DXXT8","J","N","1","C","A","2","1","D","X","X","T","8",0,0,0,"000000000","00000000000",0,0,0,1,0,0,0,0,0,0,0,999,0,0,0,12,8,2,8,0,0,0,1,36,11746,6,1,0,0,3,0,66,999,1,0,0,0,0,6,2015,6,2015,0,0,0,0,0,1,2,30,1,1,2,1,0,0,1,80,99,1,1,13,"777777777777","777777777777","777777777777",0,1
36,360253,1,1,1,20,4,12,23,8,0,1,0,36,3,12,461,12461,21,2013,"1FTNE2EW2DDB","1","F","T","N","E","2","E","W","2","D","D","B",0,0,0,"000000000","00000000000",0,0,0,1,0,0,0,0,0,0,0,999,0,0,0,12,0,5,8,0,0,0,1,36,11218,6,1,6,0,3,0,68,999,2,0,0,0,2,1,2013,4,2016,0,38,0,0,0,1,2,25,1,1,2,1,3,3,11,80,99,1,1,13,"777777777777","777777777777","777777777777",0,0
36,360254,1,3,1,23,4,12,3,12,1,1,0,36,1,53,705,53705,80,2005,"JS1GN7CA0521","J","S","1","G","N","7","C","A","0","5","2","1",0,0,0,"000000000","00000000000",0,0,0,1,0,0,0,0,0,0,0,999,0,0,0,12,6,2,12,0,0,0,1,36,13219,6,1,0,0,2,2,69,999,1,0,0,0,0,4,2016,4,2016,5,8,74,0,0,3,3,55,1,1,2,1,0,0,1,51,99,1,1,24,"777777777777","777777777777","777777777777",1,0
36,360254,2,3,1,23,4,12,3,12,1,1,0,36,1,53,705,53705,80,2004,"JS1GN7CA1421","J","S","1","G","N","7","C","A","1","4","2","1",0,0,0,"000000000","00000000000",0,0,0,1,0,0,0,0,0,0,0,999,0,0,0,6,0,3,12,0,0,0,1,36,13207,6,1,0,0,3,0,72,999,2,0,0,0,0,6,2011,2,2014,0,0,0,0,0,3,3,55,1,1,2,1,0,0,1,53,99,1,1,25,"777777777777","777777777777","777777777777",0,0
36,360254,3,3,1,23,4,12,3,12,1,1,0,36,1,37,402,37402,14,2015,"5J6RM4H31FL1","5","J","6","R","M","4","H","3","1","F","L","1",0,0,0,"000000000","00000000000",0,0,0,1,0,0,0,0,0,0,0,999,0,0,0,11,8,2,12,0,0,0,1,36,13206,6,1,0,0,3,3,65,999,0,0,0,0,0,0,0,0,0,0,0,0,0,0,3,3,55,1,1,2,1,0,0,1,98,99,1,1,98,"777777777777","777777777777","777777777777",0,0
36,360255,1,1,4,27,4,3,19,24,0,1,0,36,2,23,481,23481,31,2014,"1GTV2UEC9EZ3","1","G","T","V","2","U","E","C","9","E","Z","3",0,0,0,"000000000","00000000000",0,0,0,1,0,0,0,0,0,0,0,999,0,1,3,12,6,2,1,0,0,0,1,36,13606,6,1,0,0,3,0,72,999,0,0,0,0,2,6,2011,5,2015,5,0,0,0,0,3,2,65,4,1,2,1,0,0,14,13,99,1,4,6,"777777777777","777777777777","777777777777",1,1
36,360256,1,2,1,1,5,12,46,12,6,1,0,36,2,37,32,37032,4,2016,"1HGCR2F51GA0","1","H","G","C","R","2","F","5","1","G","A","0",0,0,0,"000000000","00000000000",0,0,0,1,0,0,0,0,0,0,0,999,0,0,0,5,8,2,12,0,0,0,1,36,11236,6,7,0,0,2,2,69,999,0,0,0,0,0,0,0,0,0,0,73,87,0,0,4,1,25,1,1,2,2,20,3,1,66,99,1,1,87,"777777777777","777777777777","777777777777",0,0
36,360256,2,2,2,1,5,12,46,12,6,1,1,36,5,49,401,49401,14,1997,"JT3HN86R2V00","J","T","3","H","N","8","6","R","2","V","0","0",0,0,0,"000000000","00000000000",0,0,0,1,0,0,0,0,0,0,0,999,0,0,0,12,8,2,8,0,0,0,1,99,99999,9,9,99,9,9,9,999,999,99,99,99,99,99,99,9999,99,9999,0,8,0,0,0,1,2,25,1,1,2,2,0,0,1,17,99,1,1,86,"777777777777","777777777777","777777777777",0,1
36,360257,1,2,1,24,4,19,20,12,6,1,0,36,2,73,706,73706,80,2000,"JKAZX9A10YA0","J","K","A","Z","X","9","A","1","0","Y","A","0",0,0,0,"000000000","00000000000",0,0,0,1,0,0,0,0,0,0,0,999,0,0,0,12,8,2,12,0,0,0,1,36,14215,6,1,0,0,3,0,71,999,3,1,0,0,1,7,2011,5,2015,5,0,0,0,0,1,2,99,1,1,2,1,3,3,1,62,99,1,1,69,"777777777777","777777777777","777777777777",1,1
36,360257,2,2,3,24,4,19,20,12,6,1,0,36,2,14,6,14006,4,2003,"2MEFM74W23X6","2","M","E","F","M","7","4","W","2","3","X","6",0,0,0,"000000000","00000000000",0,0,0,1,0,0,0,0,0,0,0,999,0,0,0,3,8,2,12,0,0,0,1,36,14202,6,1,0,0,3,0,71,999,0,0,0,0,0,0,0,0,0,0,0,0,0,0,1,2,99,1,1,2,1,3,3,11,15,99,1,1,68,"777777777777","777777777777","777777777777",0,0
36,360258,1,1,1,15,5,18,58,42,0,1,0,36,1,53,706,53706,80,2003,"JS1GR7GA5321","J","S","1","G","R","7","G","A","5","3","2","1",0,0,0,"000000000","00000000000",0,0,0,1,0,0,0,0,0,0,0,999,0,0,0,12,6,2,42,0,0,0,1,36,14094,6,1,0,0,3,0,69,999,0,0,0,1,1,5,2011,11,2013,4,0,0,0,0,1,2,40,2,1,2,1,0,0,14,12,99,1,4,6,"777777777777","777777777777","777777777777",1,0
36,360259,1,1,1,16,5,8,5,8,0,1,0,36,2,35,47,35047,4,2014,"1N4AL3AP1EC3","1","N","4","A","L","3","A","P","1","E","C","3",0,0,0,"000000000","00000000000",0,0,0,1,0,0,0,0,0,0,0,999,0,0,0,12,0,5,8,0,0,0,1,36,10472,6,1,0,0,3,3,71,999,0,0,0,0,0,0,0,0,0,0,0,0,0,0,4,1,25,1,1,2,1,2,3,11,80,99,1,1,13,"777777777777","777777777777","777777777777",0,0
36,360260,1,1,1,3,5,5,35,25,0,1,0,36,3,12,471,12471,30,2005,"1FTYR10D15PA","1","F","T","Y","R","1","0","D","1","5","P","A",0,0,0,"000000000","00000000000",0,0,0,1,0,0,0,0,0,0,0,999,0,1,1,11,6,2,25,0,0,0,1,36,11756,6,1,0,0,3,0,62,999,1,0,0,0,0,2,2014,2,2014,0,0,0,0,0,3,3,55,1,1,1,2,0,0,1,6,99,2,4,7,"777777777777","777777777777","777777777777",1,0
36,360261,1,2,1,12,5,10,23,12,1,1,0,36,3,84,884,84884,64,2015,"1HTJTSKN1FH6","1","H","T","J","T","S","K","N","1","F","H","6",0,0,99,"999999999","99999999999",3,1,96,1,0,0,0,0,0,0,0,999,0,0,0,6,8,2,12,0,0,0,1,36,11942,6,1,6,0,3,0,70,999,0,0,0,0,0,0,0,0,0,0,0,0,0,0,1,2,50,1,2,2,1,0,0,1,53,99,1,1,25,"777777777777","777777777777","777777777777",0,0
36,360261,2,2,2,12,5,10,23,12,1,1,0,36,1,55,402,55402,14,2008,"KM8JN12D78U8","K","M","8","J","N","1","2","D","7","8","U","8",0,0,0,"000000000","00000000000",0,0,0,1,0,0,0,0,0,0,0,999,0,0,0,12,6,2,12,0,0,0,1,36,11972,6,1,0,0,3,0,68,999,0,0,0,0,0,0,0,0,0,0,0,0,0,0,1,2,50,1,2,2,1,0,0,1,51,99,1,1,24,"777777777777","777777777777","777777777777",1,0
36,360262,1,4,1,9,5,16,34,12,2,1,0,36,1,2,404,2404,14,2001,"1J4FF48S01L5","1","J","4","F","F","4","8","S","0","1","L","5",0,0,0,"000000000","00000000000",0,0,0,1,0,0,0,0,0,0,0,999,0,0,0,12,6,2,12,0,0,0,1,36,12528,6,1,0,0,3,0,69,999,1,1,1,0,2,12,2012,11,2015,0,28,0,0,0,1,2,55,2,2,2,1,0,0,14,10,99,1,2,50,"777777777777","777777777777","777777777777",1,0
36,360262,2,4,1,9,5,16,34,12,2,1,0,18,3,82,881,82881,63,2016,"3AKJGLBG6GSH","3","A","K","J","G","L","B","G","6","G","S","H",1,1,57,"1880751","571880751",3,4,1,1,0,0,0,0,0,0,0,999,0,0,0,12,6,2,12,0,0,0,1,42,17111,6,1,6,1,3,0,66,999,0,0,0,0,1,9,2015,9,2015,0,0,0,0,0,1,2,55,3,2,2,1,0,0,14,62,99,1,1,51,"999999999999","777777777777","777777777777",0,0
36,360262,3,4,1,9,5,16,34,12,2,1,0,36,1,48,34,48034,6,2008,"JF1GH61658H8","J","F","1","G","H","6","1","6","5","8","H","8",0,0,0,"000000000","00000000000",0,0,0,1,0,0,0,0,0,0,0,999,0,0,0,12,6,2,12,0,0,0,1,36,10017,6,1,0,0,3,0,67,999,0,0,0,0,0,0,0,0,0,0,0,0,0,0,1,2,55,2,2,2,1,0,0,14,62,99,1,1,98,"777777777777","777777777777","777777777777",0,0
36,360262,4,4,1,9,5,16,34,12,2,1,0,36,1,49,403,49403,14,2002,"JTEHF21A5200","J","T","E","H","F","2","1","A","5","2","0","0",0,0,0,"000000000","00000000000",0,0,0,1,0,0,0,0,0,0,0,999,0,0,0,12,0,5,12,0,0,0,1,36,12601,6,1,0,0,3,3,71,999,0,3,0,1,2,12,2011,12,2015,0,0,0,0,0,1,2,55,2,2,2,1,0,0,14,90,99,1,1,98,"777777777777","777777777777","777777777777",0,0
36,360263,1,1,2,17,5,16,9,38,0,1,0,36,2,14,6,14006,4,1999,"2MEFM74W3XX7","2","M","E","F","M","7","4","W","3","X","X","7",0,0,0,"000000000","00000000000",0,0,0,1,0,0,0,0,0,0,0,999,0,0,0,9,8,2,42,0,0,0,1,36,11706,6,1,0,0,3,3,63,999,0,0,0,0,0,0,0,0,0,0,0,0,0,0,5,5,40,1,1,2,1,0,0,1,13,99,4,4,2,"777777777777","777777777777","777777777777",2,0
36,360264,1,1,2,19,5,22,22,42,0,1,0,36,2,49,46,49046,4,2013,"JTDKN3DU1D56","J","T","D","K","N","3","D","U","1","D","5","6",0,0,0,"000000000","00000000000",0,0,0,1,0,0,0,0,0,0,0,999,0,0,0,6,6,2,42,0,0,0,1,36,14304,6,1,0,0,3,3,72,999,0,0,0,0,0,0,0,0,0,4,0,0,0,0,1,2,55,3,1,2,1,0,0,14,13,99,4,4,2,"777777777777","777777777777","777777777777",1,0
36,360265,1,2,1,18,5,19,33,12,6,1,0,36,1,30,46,30046,4,1999,"WVWMA63B9XE3","W","V","W","M","A","6","3","B","9","X","E","3",0,0,0,"000000000","00000000000",0,0,0,1,0,0,0,0,0,0,0,999,0,0,0,2,8,5,12,0,0,0,1,36,10970,6,1,6,0,3,3,68,999,0,0,0,0,0,0,0,0,0,0,38,0,0,0,5,5,40,1,1,2,1,2,3,11,15,99,1,1,68,"777777777777","777777777777","777777777777",0,0