"STATE","ST_CASE","VEH_NO","VE_FORMS","NUMOCCS","DAY","MONTH","HOUR","MINUTE","HARM_EV","MAN_COLL","UNITTYPE","HIT_RUN","REG_STAT","OWNER","MAKE","MODEL","MAK_MOD","BODY_TYP","MOD_YEAR","VIN","VIN_1","VIN_2","VIN_3","VIN_4","VIN_5","VIN_6","VIN_7","VIN_8","VIN_9","VIN_10","VIN_11","VIN_12","TOW_VEH","J_KNIFE","MCARR_I1","MCARR_I2","MCARR_ID","GVWR","V_CONFIG","CARGO_BT","HAZ_INV","HAZ_PLAC","HAZ_ID","HAZ_CNO","HAZ_REL","BUS_USE","SPEC_USE","EMER_USE","TRAV_SP","UNDERIDE","ROLLOVER","ROLINLOC","IMPACT1","DEFORMED","TOWED","M_HARM","VEH_SC1","VEH_SC2","FIRE_EXP","DR_PRES","L_STATE","DR_ZIP","L_STATUS","L_TYPE","CDL_STAT","L_ENDORS","L_COMPL","L_RESTRI","DR_HGT","DR_WGT","PREV_ACC","PREV_SUS","PREV_DWI","PREV_SPD","PREV_OTH","FIRST_MO","FIRST_YR","LAST_MO","LAST_YR","SPEEDREL","DR_SF1","DR_SF2","DR_SF3","DR_SF4","VTRAFWAY","VNUM_LAN","VSPD_LIM","VALIGN","VPROFILE","VPAVETYP","VSURCOND","VTRAFCON","VTCONT_F","P_CRASH1","P_CRASH2","P_CRASH3","PCRASH4","PCRASH5","ACC_TYPE","TRLR1VIN","TRLR2VIN","TRLR3VIN","DEATHS","DR_DRINK"
36,360342,2,2,2,10,6,21,59,12,6,1,0,36,2,49,442,49442,20,2001,"4T3ZF19C31U4","4","T","3","Z","F","1","9","C","3","1","U","4",0,0,0,"000000000","00000000000",0,0,0,1,0,0,0,0,0,0,0,999,0,0,0,3,6,2,12,0,0,0,1,36,11236,6,1,0,0,3,0,67,999,0,0,0,0,0,0,0,0,0,0,0,0,0,0,1,2,30,1,1,2,1,0,0,1,66,99,1,1,87,"777777777777","777777777777","777777777777",1,0
36,360343,1,2,1,14,3,19,29,12,1,1,0,36,2,30,40,30040,4,2007,"3VWRF71K57M0","3","V","W","R","F","7","1","K","5","7","M","0",0,0,0,"000000000","00000000000",0,0,0,1,0,0,0,0,0,0,0,999,0,0,0,12,8,2,12,0,0,0,1,36,12789,6,1,6,0,3,0,72,999,2,3,1,0,1,5,2011,3,2016,0,26,0,0,0,3,2,65,1,1,2,2,0,0,1,51,99,1,1,24,"777777777777","777777777777","777777777777",0,0
36,360343,2,2,1,14,3,19,29,12,1,1,0,36,1,36,38,36038,2,2012,"3C3CFFBR5CT1","3","C","3","C","F","F","B","R","5","C","T","1",0,0,0,"000000000","00000000000",0,0,0,1,0,0,0,0,0,0,0,999,0,1,5,6,6,2,1,0,0,0,1,36,10924,6,1,0,0,3,3,69,999,0,0,0,0,3,1,2012,11,2015,0,0,0,0,0,3,2,65,1,1,2,2,0,0,1,53,99,1,1,25,"777777777777","777777777777","777777777777",1,0
36,360344,1,1,1,11,6,17,12,8,0,1,0,36,3,23,422,23422,15,2013,"1GKS2KE73DR3","1","G","K","S","2","K","E","7","3","D","R","3",0,0,0,"000000000","00000000000",0,0,0,1,0,0,0,0,0,1,0,998,0,0,0,12,0,3,8,0,0,0,1,36,11373,6,1,0,0,3,3,66,999,0,0,0,0,4,12,2011,11,2013,0,38,0,0,0,4,3,98,1,1,2,1,1,2,11,80,99,1,1,13,"777777777777","777777777777","777777777777",0,0
36,360345,1,1,1,11,6,19,52,9,0,1,1,34,3,12,481,12481,31,2011,"1FTFW1E68BFA","1","F","T","F","W","1","E","6","8","B","F","A",0,0,0,"000000000","00000000000",0,0,0,1,0,0,0,0,0,0,0,999,0,0,0,99,0,3,9,0,0,0,1,24,20852,6,1,0,0,3,0,66,999,0,0,0,0,0,0,0,0,0,0,38,0,0,0,3,6,25,1,1,2,1,3,3,10,83,99,1,1,13,"777777777777","777777777777","777777777777",0,1
36,360346,1,2,1,11,6,9,24,12,2,1,0,36,1,37,31,37031,4,2012,"2HGFB2F56CH5","2","H","G","F","B","2","F","5","6","C","H","5",0,0,0,"000000000","00000000000",0,0,0,1,0,0,0,0,0,0,0,999,0,0,0,12,6,2,12,0,0,0,1,36,12528,6,1,0,0,3,0,60,999,0,5,0,0,6,4,2012,1,2015,9,28,0,0,0,5,3,55,1,1,2,1,0,0,1,10,99,1,2,50,"777777777777","777777777777","777777777777",1,0
36,360346,2,2,1,11,6,9,24,12,2,1,0,36,1,49,40,49040,4,2002,"4T1BE32K32U5","4","T","1","B","E","3","2","K","3","2","U","5",0,0,0,"000000000","00000000000",0,0,0,1,0,0,0,0,0,0,0,55,0,0,0,12,6,2,12,0,0,0,1,36,12528,6,1,0,0,3,0,67,999,0,0,0,0,0,0,0,0,0,0,0,0,0,0,5,3,55,1,1,2,1,0,0,1,62,99,1,1,51,"777777777777","777777777777","777777777777",0,0
36,360347,1,1,1,11,6,0,42,9,0,1,1,99,9,99,999,99999,99,9999,"999999999999","9","9","9","9","9","9","9","9","9","9","9","9",0,0,0,"000000000","00000000000",0,0,0,1,0,0,0,0,0,0,0,999,0,0,0,12,8,5,9,0,0,0,1,99,99999,9,9,99,9,9,9,999,999,99,99,99,99,99,99,9999,99,9999,0,0,0,0,0,1,4,25,1,1,2,1,0,0,1,83,99,1,1,13,"777777777777","777777777777","777777777777",0,0
36,360348,1,1,1,12,6,1,18,8,0,1,1,99,9,99,999,99999,99,9999,"999999999999","9","9","9","9","9","9","9","9","9","9","9","9",0,0,0,"000000000","00000000000",0,0,0,1,0,0,0,0,0,0,0,999,0,0,0,12,9,5,8,0,0,0,1,99,99999,9,9,99,0,9,9,999,999,99,99,99,99,99,99,9999,99,9999,9,0,0,0,0,1,4,25,1,1,2,1,1,2,1,80,99,1,1,13,"777777777777","777777777777","777777777777",0,0
36,360349,1,2,1,11,6,14,52,12,6,1,0,36,1,20,481,20481,31,2007,"2GCEK1904716","2","G","C","E","K","1","9","0","4","7","1","6",0,0,0,"000000000","00000000000",0,0,0,1,0,0,0,0,0,0,0,999,0,0,0,12,8,2,12,0,0,0,1,36,14608,6,1,6,0,3,0,74,999,0,0,0,0,0,0,0,0,0,5,0,0,0,0,1,2,30,1,1,2,1,0,0,1,66,99,1,1,88,"777777777777","777777777777","777777777777",0,0
36,360349,2,2,2,11,6,14,52,12,6,1,0,36,1,63,32,63032,4,2009,"KNADE2438965","K","N","A","D","E","2","4","3","8","9","6","5",0,0,0,"000000000","00000000000",0,0,0,1,0,0,0,0,0,0,0,999,0,0,0,9,8,2,12,0,0,0,1,36,14622,6,1,0,0,3,3,66,999,0,0,0,0,0,0,0,0,0,0,39,38,0,0,1,2,30,1,1,2,1,20,3,1,17,99,1,1,89,"777777777777","777777777777","777777777777",1,0
36,360350,1,2,1,13,6,19,58,12,6,1,0,36,1,37,31,37031,4,2000,"2HGEJ6618YH5","2","H","G","E","J","6","6","1","8","Y","H","5",0,0,0,"000000000","00000000000",0,0,0,1,0,0,0,0,0,0,0,999,0,0,0,9,6,2,12,0,0,0,1,36,11385,6,1,0,0,3,3,70,999,0,0,0,1,0,10,2014,10,2014,0,38,39,0,0,1,2,25,1,1,2,1,20,3,11,15,99,1,1,82,"777777777777","777777777777","777777777777",1,1
36,360350,2,2,1,13,6,19,58,12,6,1,0,36,3,20,461,20461,21,2006,"1GBHG31V8612","1","G","B","H","G","3","1","V","8","6","1","2",0,0,0,"000000000","00000000000",0,0,0,1,0,0,0,0,0,0,0,999,0,0,0,12,8,2,12,0,0,0,1,36,11369,6,1,0,0,3,0,74,999,1,0,0,0,0,6,2014,6,2014,0,0,0,0,0,1,2,25,1,1,2,1,0,0,1,66,99,1,1,83,"777777777777","777777777777","777777777777",0,0
36,360351,1,2,2,14,6,18,1,12,6,1,0,36,1,18,2,18002,4,2004,"1G4HR54K44U1","1","G","4","H","R","5","4","K","4","4","U","1",0,0,0,"000000000","00000000000",0,0,0,1,0,0,0,0,0,0,0,999,0,0,0,11,8,2,12,0,0,0,1,36,13069,6,1,0,0,3,3,68,999,0,0,0,0,1,2,2016,2,2016,0,38,0,0,0,1,2,98,1,1,2,1,20,3,1,17,99,1,1,89,"777777777777","777777777777","777777777777",1,0
36,360351,2,2,1,14,6,18,1,12,6,1,0,36,1,12,481,12481,31,1991,"1FDKF38M7MNA","1","F","D","K","F","3","8","M","7","M","N","A",0,0,0,"000000000","00000000000",0,0,0,1,0,0,0,0,0,0,0,999,0,0,0,12,8,2,12,0,0,0,1,36,13069,6,1,0,0,3,0,68,999,0,0,0,0,0,0,0,0,0,0,0,0,0,0,1,2,55,1,1,2,1,0,0,1,66,99,1,1,88,"777777777777","777777777777","777777777777",0,0
36,360352,1,1,2,13,6,2,17,24,0,1,0,36,2,34,35,34035,4,2013,"WBAFR9C59DDX","W","B","A","F","R","9","C","5","9","D","D","X",0,0,0,"000000000","00000000000",0,0,0,1,0,0,0,0,0,0,0,999,0,1,5,12,6,2,1,0,0,0,1,36,10472,2,1,0,0,2,2,70,999,0,0,0,0,0,0,0,0,0,4,74,0,0,0,6,1,25,2,5,2,1,0,0,14,98,99,1,1,98,"777777777777","777777777777","777777777777",2,1
36,360353,1,3,1,13,6,13,32,12,2,1,0,36,2,37,32,37032,4,2015,"1HGCR2F8XFA1","1","H","G","C","R","2","F","8","X","F","A","1",0,0,0,"000000000","00000000000",0,0,0,1,0,0,0,0,0,0,0,999,0,0,0,12,8,2,12,0,0,0,1,36,12065,6,1,0,0,3,3,65,999,1,0,0,0,0,6,2015,6,2015,0,28,0,0,0,1,2,45,1,1,2,1,0,0,1,10,99,1,2,50,"777777777777","777777777777","777777777777",0,0
36,360353,2,3,2,13,6,13,32,12,2,1,0,36,2,35,50,35050,4,2009,"3N1BC11EX9L4","3","N","1","B","C","1","1","E","X","9","L","4",0,0,0,"000000000","00000000000",0,0,0,1,0,0,0,0,0,0,0,999,0,0,0,12,8,2,12,0,0,0,1,36,12118,6,1,0,0,3,0,64,999,0,0,0,0,0,0,0,0,0,0,0,0,0,0,1,2,45,1,1,2,1,0,0,1,62,99,1,1,51,"777777777777","777777777777","777777777777",1,0
36,360353,3,3,1,13,6,13,32,12,2,1,0,36,1,20,22,20022,4,2007,"1G1AK55F7771","1","G","1","A","K","5","5","F","7","7","7","1",0,0,0,"000000000","00000000000",0,0,0,1,0,0,0,0,0,0,0,999,0,0,0,11,8,2,12,0,0,0,1,36,12834,6,1,6,0,3,0,71,999,0,1,0,0,0,9,2013,9,2013,0,0,0,0,0,1,2,45,1,1,2,1,0,0,1,62,99,1,1,98,"777777777777","777777777777","777777777777",0,0
36,360354,1,1,1,17,3,8,10,9,0,1,0,36,1,37,32,37032,4,2009,"1HGCP36819A0","1","H","G","C","P","3","6","8","1","9","A","0",0,0,0,"000000000","00000000000",0,0,0,1,0,0,0,0,0,0,0,999,0,0,0,12,8,2,9,0,0,0,1,36,14211,6,1,0,0,3,0,65,999,3,1,0,0,1,4,2013,5,2015,0,0,0,0,0,1,2,30,1,1,2,1,0,0,1,83,99,1,1,13,"777777777777","777777777777","777777777777",0,0
36,360355,1,1,1,16,6,18,38,8,0,1,0,36,1,49,43,49043,4,2008,"4T1BK36B98U3","4","T","1","B","K","3","6","B","9","8","U","3",0,0,0,"000000000","00000000000",0,0,0,1,0,0,0,0,0,0,0,999,0,0,0,12,8,2,8,0,0,0,1,36,12144,6,1,0,0,3,0,69,999,0,0,0,0,0,0,0,0,0,3,0,0,0,0,3,3,40,1,1,2,1,2,3,1,80,99,1,1,13,"777777777777","777777777777","777777777777",0,0
36,360356,1,1,2,16,6,22,19,8,0,1,0,36,1,49,40,49040,4,2016,"4T1BF1FK1GU1","4","T","1","B","F","1","F","K","1","G","U","1",0,0,0,"000000000","00000000000",0,0,0,1,0,0,0,0,0,0,0,999,0,0,0,12,8,5,8,0,0,0,1,36,11374,6,1,0,0,3,0,74,999,0,0,0,0,0,0,0,0,0,0,0,0,0,0,1,6,98,1,1,2,1,3,3,1,80,99,1,1,13,"777777777777","777777777777","777777777777",0,0
36,360357,1,1,1,17,6,11,13,8,0,1,0,36,1,12,443,12443,20,2004,"2FMDA58234BA","2","F","M","D","A","5","8","2","3","4","B","A",0,0,0,"000000000","00000000000",0,0,0,1,0,0,0,0,0,0,0,999,0,0,0,12,8,2,8,0,0,0,1,36,11358,6,1,0,0,3,0,71,999,0,0,0,0,0,0,0,0,0,0,0,0,0,0,1,4,25,1,1,2,1,2,3,1,80,99,1,1,13,"777777777777","777777777777","777777777777",0,0
36,360358,1,1,3,17,6,18,18,42,0,1,0,36,1,49,402,49402,14,2013,"2T3BFREV1DW0","2","T","3","B","F","R","E","V","1","D","W","0",0,0,0,"000000000","00000000000",0,0,0,1,0,0,0,0,0,0,0,999,0,0,0,12,8,2,42,0,0,0,1,36,14741,6,1,0,0,3,3,69,999,0,0,0,0,0,0,0,0,0,0,0,0,0,0,1,2,35,1,1,1,1,0,0,1,17,99,1,4,1,"777777777777","777777777777","777777777777",1,0
36,360359,1,2,1,16,6,4,40,8,0,1,0,36,2,2,405,2405,14,2012,"1C4PJMAK8CW2","1","C","4","P","J","M","A","K","8","C","W","2",0,0,0,"000000000","00000000000",0,0,0,1,0,0,0,0,0,0,0,999,0,0,0,12,8,3,8,0,0,0,1,36,11374,6,1,6,0,3,0,69,999,0,0,0,0,0,0,0,0,0,0,0,0,0,0,3,4,50,1,1,2,2,0,0,1,80,99,1,1,13,"777777777777","777777777777","777777777777",0,0
36,360359,2,2,1,16,6,4,40,8,0,1,1,99,9,99,999,99999,99,9999,"999999999999","9","9","9","9","9","9","9","9","9","9","9","9",0,0,0,"000000000","00000000000",0,0,0,1,0,0,0,0,0,0,0,999,0,0,0,12,9,5,8,0,0,0,1,99,99999,9,9,99,9,9,9,999,999,99,99,99,99,99,99,9999,99,9999,0,0,0,0,0,3,4,50,1,1,2,2,0,0,1,80,99,1,1,98,"777777777777","777777777777","777777777777",0,0
36,360360,1,2,1,18,6,13,10,12,6,1,0,36,1,20,461,20461,21,1995,"1GCHG39K7SF2","1","G","C","H","G","3","9","K","7","S","F","2",0,0,0,"000000000","00000000000",0,0,0,1,0,0,0,0,0,0,0,999,0,0,0,12,8,5,12,0,0,0,1,36,12442,6,1,0,0,3,3,73,999,0,0,0,0,0,0,0,0,0,0,38,0,0,0,5,4,55,2,2,2,1,0,0,11,15,1,1,1,68,"777777777777","777777777777","777777777777",0,0
36,360360,2,2,1,18,6,13,10,12,6,1,0,36,1,72,706,72706,80,2016,"1HD1JRV19GB0","1","H","D","1","J","R","V","1","9","G","B","0",0,0,0,"000000000","00000000000",0,0,0,1,0,0,0,0,0,0,0,999,0,0,0,9,8,2,12,0,0,0,1,36,12534,6,1,0,0,3,0,74,999,1,0,0,0,0,12,2012,12,2012,0,0,0,0,0,5,4,55,3,2,2,1,0,0,14,62,99,1,1,69,"777777777777","777777777777","777777777777",1,0
36,360361,1,1,1,19,6,21,56,8,0,1,0,36,1,35,43,35043,4,2010,"3N1AB6AP9AL6","3","N","1","A","B","6","A","P","9","A","L","6",0,0,0,"000000000","00000000000",0,0,0,1,0,0,0,0,0,0,0,999,0,0,0,12,8,2,8,0,0,0,1,36,10304,6,1,0,0,3,0,73,999,0,0,0,0,0,0,0,0,0,0,0,0,0,0,1,4,25,1,1,2,1,3,3,1,80,99,1,1,13,"777777777777","777777777777","777777777777",0,0
36,360362,1,1,1,18,6,3,37,8,0,1,1,36,3,86,882,86882,66,1996,"1M2K185C0TM0","1","M","2","K","1","8","5","C","0","T","M","0",0,0,57,"2633643","572633643",3,2,7,1,0,0,0,0,0,0,0,999,0,0,0,12,0,5,8,0,0,0,1,36,10603,6,1,6,1,3,0,67,999,0,0,0,0,0,0,0,0,0,0,0,0,0,0,3,3,25,1,1,2,1,2,3,1,80,99,1,1,13,"777777777777","777777777777","777777777777",0,0
36,360363,1,2,1,18,6,13,0,12,1,1,0,36,1,34,34,34034,4,2013,"WBA3C3C57DF9","W","B","A","3","C","3","C","5","7","D","F","9",0,0,0,"000000000","00000000000",0,0,0,1,0,0,0,0,0,0,0,999,0,0,0,12,6,2,35,0,0,0,1,36,12570,6,1,0,0,3,0,63,999,0,0,0,0,0,0,0,0,0,3,27,0,0,0,2,6,65,1,2,2,1,0,0,15,51,99,1,1,24,"777777777777","777777777777","777777777777",1,0
36,360363,2,2,2,18,6,13,0,12,1,1,0,36,1,12,401,12401,14,2002,"1FMZU73E52ZC","1","F","M","Z","U","7","3","E","5","2","Z","C",0,0,0,"000000000","00000000000",0,0,0,1,0,0,0,0,0,0,0,999,0,1,1,6,6,2,1,0,0,0,1,36,10541,6,1,0,0,3,0,74,999,0,0,0,0,0,0,0,0,0,0,0,0,0,0,2,6,65,1,2,2,1,0,0,1,53,99,1,1,25,"777777777777","777777777777","777777777777",0,0
36,360364,1,1,1,15,2,4,50,1,0,1,0,36,1,13,1,13001,4,1989,"1LNBM81F0KY6","1","L","N","B","M","8","1","F","0","K","Y","6",0,0,0,"000000000","00000000000",0,0,0,1,0,0,0,0,0,0,0,999,0,2,2,0,8,2,1,0,0,0,1,36,11518,6,1,6,0,3,0,67,999,5,0,0,0,2,2,2013,2,2016,0,0,0,0,0,3,3,99,1,1,2,1,0,0,1,13,99,1,4,1,"777777777777","777777777777","777777777777",1,0
36,360365,1,2,2,19,6,4,56,12,6,1,0,12,2,34,399,34399,4,1992,"WBAHD5315NBF","W","B","A","H","D","5","3","1","5","N","B","F",0,0,0,"000000000","00000000000",0,0,0,1,0,0,0,0,0,0,0,999,0,0,0,82,6,2,12,0,0,0,1,36,10469,6,1,0,0,3,0,71,999,0,1,1,0,0,4,2012,4,2012,3,38,39,0,0,5,3,30,1,1,2,1,2,3,1,17,99,1,1,87,"777777777777","777777777777","777777777777",0,0
36,360365,2,2,4,19,6,4,56,12,6,1,0,13,9,19,399,19399,6,2004,"999999999999","9","9","9","9","9","9","9","9","9","9","9","9",0,0,0,"000000000","00000000000",0,0,0,1,0,0,0,0,0,0,0,999,0,1,1,12,6,2,12,0,0,0,1,36,10469,0,0,0,0,0,0,999,999,99,99,99,99,99,99,9999,99,9999,0,0,0,0,0,4,1,25,1,1,2,1,2,3,1,66,99,1,1,86,"777777777777","777777777777","777777777777",1,0
36,360366,1,1,1,19,6,4,40,42,0,1,0,36,2,12,481,12481,31,2015,"1FTEX1EPXFFC","1","F","T","E","X","1","E","P","X","F","F","C",0,0,0,"000000000","00000000000",0,0,0,1,0,0,0,0,0,0,0,999,0,0,0,12,6,2,42,0,0,0,1,36,13440,0,0,0,0,0,0,999,999,99,99,99,99,99,99,9999,99,9999,4,37,0,0,0,1,2,55,2,1,2,1,0,0,14,10,99,1,4,6,"777777777777","777777777777","777777777777",1,1
36,360367,1,2,1,21,6,17,41,12,6,1,0,36,2,59,403,59403,14,2007,"2T2HK31U77C0","2","T","2","H","K","3","1","U","7","7","C","0",0,0,0,"000000000","00000000000",0,0,0,1,0,0,0,0,0,0,0,999,0,0,0,9,8,2,12,0,0,0,1,36,14223,6,1,0,0,3,0,72,999,0,0,0,0,0,0,0,0,0,0,0,0,0,0,1,2,30,1,1,2,1,20,3,4,17,99,1,1,89,"777777777777","777777777777","777777777777",0,0
36,360367,2,2,1,21,6,17,41,12,6,1,0,36,1,98,709,98709,80,2003,"1B9BPY8A93A3","1","B","9","B","P","Y","8","A","9","3","A","3",0,0,0,"000000000","00000000000",0,0,0,1,0,0,0,0,0,0,0,999,0,0,0,12,8,5,12,0,0,0,1,36,14225,6,1,6,0,3,0,67,999,5,0,0,0,2,8,2011,3,2016,3,0,0,0,0,1,4,30,1,1,2,1,0,0,1,66,99,1,1,88,"777777777777","777777777777","777777777777",1,0
36,360368,1,1,3,17,6,14,3,9,0,1,0,36,2,7,442,7442,20,2000,"1B4GP44L8YB7","1","B","4","G","P","4","4","L","8","Y","B","7",0,0,0,"000000000","00000000000",0,0,0,1,0,0,0,0,0,0,0,999,0,0,0,3,8,5,9,0,0,0,1,36,14810,6,1,0,0,3,3,62,999,0,1,0,0,0,4,2015,4,2015,0,0,0,0,0,1,2,25,1,1,2,1,0,0,1,83,6,1,1,13,"777777777777","777777777777","777777777777",0,0
36,360369,1,1,1,22,6,22,23,8,0,1,0,36,2,55,33,55033,4,2015,"5NPE34AF9FH2","5","N","P","E","3","4","A","F","9","F","H","2",0,0,0,"000000000","00000000000",0,0,0,1,0,0,0,0,0,0,0,999,0,0,0,12,8,2,8,0,0,0,1,36,11050,6,1,0,0,3,0,70,999,1,0,0,1,1,4,2012,12,2013,0,0,0,0,0,5,5,40,1,1,2,1,2,3,4,80,99,1,1,13,"777777777777","777777777777","777777777777",0,0
36,360370,1,2,1,20,6,21,18,12,6,1,0,36,2,49,442,49442,20,2009,"5TDZK23CX9S2","5","T","D","Z","K","2","3","C","X","9","S","2",0,0,0,"000000000","00000000000",0,0,0,1,0,0,0,0,0,0,0,999,0,0,0,83,8,2,12,0,0,0,1,36,11559,6,1,0,0,3,3,67,999,1,0,0,0,2,2,2012,2,2016,0,0,0,0,0,3,5,30,1,1,1,1,3,3,11,15,99,1,1,68,"777777777777","777777777777","777777777777",0,0
36,360370,2,2,1,20,6,21,18,12,6,1,0,36,1,72,706,72706,80,2007,"1HD1FF4197Y6","1","H","D","1","F","F","4","1","9","7","Y","6",0,0,0,"000000000","00000000000",0,0,0,1,0,0,0,0,0,0,0,999,0,0,0,12,8,2,12,0,0,0,1,36,11003,6,1,0,0,3,0,68,999,1,1,0,0,1,4,2012,6,2013,0,0,0,0,0,3,5,30,1,1,1,1,3,3,1,62,99,1,1,69,"777777777777","777777777777","777777777777",1,0
36,360371,1,9,1,19,6,13,45,12,1,1,0,36,1,59,35,59035,4,2014,"JTHCF1D28E50","J","T","H","C","F","1","D","2","8","E","5","0",0,0,0,"000000000","00000000000",0,0,0,1,0,0,0,0,0,0,0,999,0,0,0,12,6,2,12,0,0,0,1,36,10301,6,1,0,0,3,3,67,999,0,0,0,0,0,0,0,0,0,5,0,0,0,0,1,4,25,1,1,2,1,3,3,1,50,99,1,1,20,"777777777777","777777777777","777777777777",1,0
36,360371,2,9,2,19,6,13,45,12,1,1,0,34,1,55,401,55401,14,2002,"KM8SC73DX2U3","K","M","8","S","C","7","3","D","X","2","U","3",0,0,0,"000000000","00000000000",0,0,0,1,0,0,0,0,0,0,0,0,0,0,0,6,6,2,12,0,0,0,1,34,7002,6,1,6,0,3,0,71,999,1,0,0,0,0,1,2015,1,2015,0,0,0,0,0,1,4,25,1,1,2,1,3,3,5,53,99,1,1,21,"777777777777","777777777777","777777777777",2,0
36,360371,3,9,1,19,6,13,45,12,1,1,0,36,1,34,36,34036,2,2015,"WBSLX9C57FD1","W","B","S","L","X","9","C","5","7","F","D","1",0,0,0,"000000000","00000000000",0,0,0,1,0,0,0,0,0,0,0,0,0,0,0,6,8,2,12,0,0,0,1,36,10314,6,1,0,0,3,0,68,999,0,0,0,0,1,3,2015,3,2015,0,0,0,0,0,1,4,25,1,1,2,1,3,3,5,98,99,1,1,98,"777777777777","777777777777","777777777777",0,0
36,360371,4,9,3,19,6,13,45,12,1,1,0,34,1,12,23,12023,4,2016,"3FA6P0H71GR2","3","F","A","6","P","0","H","7","1","G","R","2",0,0,0,"000000000","00000000000",0,0,0,1,0,0,0,0,0,0,0,0,0,0,0,12,8,2,12,0,0,0,1,36,10312,6,1,0,0,3,0,66,999,0,2,0,0,1,12,2012,3,2013,0,0,0,0,0,1,4,25,1,1,2,1,3,3,5,62,99,1,1,98,"777777777777","777777777777","777777777777",0,0
36,360371,5,9,3,19,6,13,45,12,1,1,0,36,2,49,40,49040,4,2015,"4T1BF1FK9FU0","4","T","1","B","F","1","F","K","9","F","U","0",0,0,0,"000000000","00000000000",0,0,0,1,0,0,0,0,0,0,0,0,0,0,0,7,8,2,12,0,0,0,1,36,10309,6,1,6,0,3,0,70,999,1,0,0,1,1,4,2012,10,2014,0,0,0,0,0,1,4,25,1,1,2,1,3,3,5,62,99,1,1,98,"777777777777","777777777777","777777777777",0,0
36,360371,6,9,3,19,6,13,45,12,1,1,0,36,2,12,481,12481,31,2012,"1FTFW1EF0CFA","1","F","T","F","W","1","E","F","0","C","F","A",0,0,0,"000000000","00000000000",0,0,0,1,0,0,0,0,0,0,0,999,0,0,0,1,8,2,12,0,0,0,1,36,11209,1,1,0,0,2,2,66,999,0,27,0,1,8,12,2011,4,2016,0,74,0,0,0,1,4,25,1,1,2,1,3,3,1,62,99,1,1,98,"777777777777","777777777777","777777777777",0,0
36,360371,7,9,1,19,6,13,45,12,1,1,0,36,1,20,4,20004,1,2001,"1G1YY32G0151","1","G","1","Y","Y","3","2","G","0","1","5","1",0,0,0,"000000000","00000000000",0,0,0,1,0,0,0,0,0,0,0,999,0,0,0,12,8,2,12,0,0,0,1,36,12409,6,1,0,0,3,3,70,999,0,0,0,0,0,0,0,0,0,0,0,0,0,0,1,4,25,1,1,2,1,3,3,11,98,99,1,1,98,"777777777777","777777777777","777777777777",0,0
36,360371,8,9,1,19,6,13,45,12,1,1,0,12,2,59,403,59403,14,2015,"2T2BK1BA4FC3","2","T","2","B","K","1","B","A","4","F","C","3",0,0,0,"000000000","00000000000",0,0,0,1,0,0,0,0,0,0,0,999,0,0,0,5,8,5,12,0,0,0,1,36,11214,6,1,0,0,3,0,63,999,0,1,0,0,1,2,2012,4,2016,0,0,0,0,0,1,4,25,1,1,2,1,3,3,11,98,99,1,1,98,"777777777777","777777777777","777777777777",0,0
36,360371,9,9,2,19,6,13,45,12,1,1,0,17,3,12,23,12023,4,2016,"3FA6P0K96GR2","3","F","A","6","P","0","K","9","6","G","R","2",0,0,0,"000000000","00000000000",0,0,0,1,0,0,0,0,0,0,0,999,0,0,0,1,8,5,12,0,0,0,1,53,98270,6,1,0,0,3,0,70,999,0,0,0,0,0,0,0,0,0,0,0,0,0,0,1,4,25,1,1,2,1,3,3,1,98,99,1,1,98,"777777777777","777777777777","777777777777",0,0
36,360372,1,1,1,24,6,11,1,8,0,1,0,36,1,23,481,23481,31,2003,"1GKEK63U83J1","1","G","K","E","K","6","3","U","8","3","J","1",0,0,0,"000000000","00000000000",0,0,0,1,0,0,0,0,0,0,0,999,0,0,0,11,8,5,8,0,0,0,1,36,11368,6,1,0,0,3,3,68,999,0,0,0,0,0,0,0,0,0,0,38,0,0,0,1,4,25,1,1,2,1,2,3,11,80,99,1,1,13,"777777777777","777777777777","777777777777",0,0
36,360373,1,1,1,24,6,10,12,31,0,1,0,42,1,72,706,72706,80,2008,"1HD1FF4128Y6","1","H","D","1","F","F","4","1","2","8","Y","6",0,0,0,"000000000","00000000000",0,0,0,1,0,0,0,0,0,0,0,22,0,0,0,12,8,2,31,0,0,0,1,42,18431,6,1,0,0,3,0,69,999,0,0,0,0,0,0,0,0,0,0,85,0,0,0,1,2,40,1,1,2,1,0,0,1,13,9,1,4,1,"777777777777","777777777777","777777777777",1,0
36,360374,1,1,1,25,6,7,15,1,0,1,0,36,1,12,471,12471,30,2003,"1FTZR15E53TA","1","F","T","Z","R","1","5","E","5","3","T","A",0,0,0,"000000000","00000000000",0,0,0,1,0,0,0,0,0,0,0,999,0,2,1,0,6,2,1,0,0,0,1,36,14513,6,1,0,0,3,0,70,999,0,2,0,0,2,8,2015,11,2015,3,85,0,0,0,3,2,65,1,1,2,1,0,0,6,13,6,1,4,98,"777777777777","777777777777","777777777777",1,1
36,360375,1,1,1,23,6,11,51,1,0,1,0,36,1,53,709,53709,80,1978,"GS1000511429","G","S","1","0","0","0","5","1","1","4","2","9",0,0,0,"000000000","00000000000",0,0,0,1,0,0,0,0,0,0,0,999,0,0,0,0,8,2,1,0,0,0,1,36,13736,6,1,6,0,3,0,72,999,0,0,0,0,1,7,2012,7,2012,5,0,0,0,0,1,2,55,3,2,2,1,0,0,14,13,99,1,3,98,"777777777777","777777777777","777777777777",1,0