"STATE","ST_CASE","VEH_NO","VE_FORMS","NUMOCCS","DAY","MONTH","HOUR","MINUTE","HARM_EV","MAN_COLL","UNITTYPE","HIT_RUN","REG_STAT","OWNER","MAKE","MODEL","MAK_MOD","BODY_TYP","MOD_YEAR","VIN","VIN_1","VIN_2","VIN_3","VIN_4","VIN_5","VIN_6","VIN_7","VIN_8","VIN_9","VIN_10","VIN_11","VIN_12","TOW_VEH","J_KNIFE","MCARR_I1","MCARR_I2","MCARR_ID","GVWR","V_CONFIG","CARGO_BT","HAZ_INV","HAZ_PLAC","HAZ_ID","HAZ_CNO","HAZ_REL","BUS_USE","SPEC_USE","EMER_USE","TRAV_SP","UNDERIDE","ROLLOVER","ROLINLOC","IMPACT1","DEFORMED","TOWED","M_HARM","VEH_SC1","VEH_SC2","FIRE_EXP","DR_PRES","L_STATE","DR_ZIP","L_STATUS","L_TYPE","CDL_STAT","L_ENDORS","L_COMPL","L_RESTRI","DR_HGT","DR_WGT","PREV_ACC","PREV_SUS","PREV_DWI","PREV_SPD","PREV_OTH","FIRST_MO","FIRST_YR","LAST_MO","LAST_YR","SPEEDREL","DR_SF1","DR_SF2","DR_SF3","DR_SF4","VTRAFWAY","VNUM_LAN","VSPD_LIM","VALIGN","VPROFILE","VPAVETYP","VSURCOND","VTRAFCON","VTCONT_F","P_CRASH1","P_CRASH2","P_CRASH3","PCRASH4","PCRASH5","ACC_TYPE","TRLR1VIN","TRLR2VIN","TRLR3VIN","DEATHS","DR_DRINK"
36,360412,2,2,1,21,6,5,45,12,2,1,0,36,1,48,34,48034,6,2002,"4S3BH6757276","4","S","3","B","H","6","7","5","7","2","7","6",0,0,0,"000000000","00000000000",0,0,0,1,0,0,0,0,0,0,0,999,0,0,0,12,8,2,12,0,0,0,1,36,11763,6,1,0,0,3,3,70,999,1,0,0,0,0,10,2015,10,2015,0,28,0,0,0,1,2,50,2,1,2,2,0,0,14,10,99,1,2,50,"777777777777","777777777777","777777777777",0,0
36,360413,1,2,4,23,6,21,40,12,2,1,0,36,1,2,403,2403,14,2016,"ZACCJBBT9GPD","Z","A","C","C","J","B","B","T","9","G","P","D",0,0,0,"000000000","00000000000",0,0,0,1,0,0,0,0,0,0,0,999,0,0,0,12,8,2,12,0,0,0,1,36,11713,6,1,6,0,3,0,76,999,0,0,0,0,0,0,0,0,0,0,0,0,0,0,5,3,40,1,1,2,1,0,0,1,62,99,1,1,51,"777777777777","777777777777","777777777777",0,0
36,360413,2,2,1,23,6,21,40,12,2,1,0,36,1,35,47,35047,4,2002,"1N4AL11D52C2","1","N","4","A","L","1","1","D","5","2","C","2",0,0,0,"000000000","00000000000",0,0,0,1,0,0,0,0,0,0,0,999,0,0,0,12,8,2,12,0,0,0,1,36,11772,6,1,0,0,3,0,65,999,0,0,0,0,0,0,0,0,0,0,28,0,0,0,5,3,40,1,1,2,1,0,0,1,10,99,1,2,50,"777777777777","777777777777","777777777777",1,0
36,360414,1,1,1,15,6,12,5,34,0,1,0,36,3,85,881,85881,61,1998,"1NKDLB0X8WJ7","1","N","K","D","L","B","0","X","8","W","J","7",0,0,57,"0147288","570147288",2,2,4,1,0,0,0,0,0,0,0,998,0,0,0,12,6,2,30,0,0,0,1,36,13152,6,1,6,0,3,3,73,999,1,0,0,0,0,5,2015,5,2015,0,0,0,0,0,1,2,98,1,3,2,1,0,0,1,13,99,1,4,1,"777777777777","777777777777","777777777777",1,0
36,360415,1,2,1,22,6,6,53,12,6,1,0,36,2,37,31,37031,4,2013,"19XFB2F57DE2","1","9","X","F","B","2","F","5","7","D","E","2",0,0,0,"000000000","00000000000",0,0,0,1,0,0,0,0,0,0,0,999,0,0,0,81,8,2,12,0,0,0,1,36,11782,6,1,0,0,3,3,61,999,0,0,0,0,0,0,0,0,0,0,0,0,0,0,5,5,98,1,1,2,1,0,0,11,15,99,1,1,68,"777777777777","777777777777","777777777777",0,0
36,360415,2,2,1,22,6,6,53,12,6,1,0,92,0,76,706,76706,80,2016,"JYARN33E5GA0","J","Y","A","R","N","3","3","E","5","G","A","0",0,0,0,"000000000","00000000000",0,0,0,1,0,0,0,0,0,0,0,999,0,0,0,12,6,2,12,0,0,0,1,36,11772,2,1,2,0,2,2,72,999,0,7,2,0,1,1,2013,8,2015,5,52,74,0,0,5,5,98,1,1,2,1,0,0,1,62,99,1,1,69,"777777777777","777777777777","777777777777",1,1
36,360416,1,3,1,23,6,17,6,12,2,1,0,36,2,37,402,37402,14,2012,"JHLRM4H52CC0","J","H","L","R","M","4","H","5","2","C","C","0",0,0,0,"000000000","00000000000",0,0,0,1,0,0,0,0,0,0,0,999,0,0,0,12,6,2,12,0,0,0,1,36,13152,6,1,0,0,3,0,71,999,0,0,0,0,0,0,0,0,0,0,0,0,0,0,1,2,55,1,2,2,1,28,3,1,62,99,1,1,51,"777777777777","777777777777","777777777777",0,0
36,360416,2,3,2,23,6,17,6,12,2,1,0,36,2,22,22,22022,4,2009,"1G2ZG57N5941","1","G","2","Z","G","5","7","N","5","9","4","1",0,0,0,"000000000","00000000000",0,0,0,1,0,0,0,0,0,0,0,999,0,1,5,12,6,2,12,0,0,0,1,36,14519,6,1,0,0,3,0,65,999,1,1,0,0,2,4,2013,7,2015,0,28,35,0,0,1,2,55,1,2,2,1,28,3,6,54,99,1,2,50,"777777777777","777777777777","777777777777",1,0
36,360416,3,3,1,23,6,17,6,12,2,1,0,49,3,82,881,82881,66,2017,"3AKJGLDR7HSH","3","A","K","J","G","L","D","R","7","H","S","H",1,1,57,"1473958","571473958",3,6,2,1,0,0,0,0,0,0,0,999,0,0,0,12,6,2,12,0,0,0,1,36,14616,6,1,6,1,3,3,72,999,0,0,0,0,0,0,0,0,0,0,0,0,0,0,1,2,55,1,2,2,1,28,3,1,60,99,1,1,98,"888888888888","777777777777","777777777777",0,0
36,360417,1,1,1,30,6,14,25,26,0,1,0,36,1,2,405,2405,14,2008,"1J8FF57W98D6","1","J","8","F","F","5","7","W","9","8","D","6",0,0,0,"000000000","00000000000",0,0,0,1,0,0,0,0,0,0,0,999,0,0,0,12,6,2,10,0,0,0,1,36,14822,6,1,0,0,3,0,69,999,3,0,0,0,1,2,2014,10,2015,0,39,0,0,0,1,2,40,1,1,2,1,65,3,1,91,1,1,1,15,"777777777777","777777777777","777777777777",1,0
36,360418,1,1,4,24,6,5,55,41,0,1,0,36,2,12,37,12037,4,2002,"1FAFP34P82W3","1","F","A","F","P","3","4","P","8","2","W","3",0,0,0,"000000000","00000000000",0,0,0,1,0,0,0,0,0,0,0,999,0,1,5,12,6,2,1,0,0,0,1,36,12058,6,2,0,0,3,2,63,999,0,0,0,0,0,0,0,0,0,0,73,0,0,0,1,2,55,2,2,2,1,0,0,14,12,99,1,4,6,"777777777777","777777777777","777777777777",1,0
36,360419,1,2,1,6,7,11,32,5,0,1,0,36,1,73,705,73705,80,2001,"JKAKLEA181A0","J","K","A","K","L","E","A","1","8","1","A","0",0,0,0,"000000000","00000000000",0,0,0,1,0,0,0,0,0,0,0,999,0,0,0,0,6,2,12,0,0,0,1,36,14469,6,1,0,0,3,0,68,999,0,0,0,0,0,0,0,0,0,0,27,0,0,0,1,2,40,1,1,2,1,0,0,6,54,6,1,2,0,"777777777777","777777777777","777777777777",1,0
36,360419,2,2,1,6,7,11,32,5,0,1,0,36,2,18,401,18401,14,2004,"3G5DA03E24S5","3","G","5","D","A","0","3","E","2","4","S","5",0,0,0,"000000000","00000000000",0,0,0,1,0,0,0,0,0,0,0,999,0,0,0,12,8,2,12,0,0,0,1,36,14420,6,1,0,0,3,0,65,999,0,0,0,0,1,11,2011,11,2011,0,0,0,0,0,1,2,40,1,1,2,1,0,0,1,54,99,1,1,98,"777777777777","777777777777","777777777777",0,0
36,360420,1,1,1,7,7,8,5,9,0,1,1,99,9,99,999,99999,99,9999,"999999999999","9","9","9","9","9","9","9","9","9","9","9","9",0,0,0,"000000000","00000000000",0,0,0,1,0,0,0,0,0,0,0,999,0,0,0,12,9,5,9,0,0,0,1,99,99999,9,9,99,9,9,9,999,999,99,99,99,99,99,99,9999,99,9999,0,0,0,0,0,1,4,25,1,1,2,1,3,3,11,80,99,1,1,13,"777777777777","777777777777","777777777777",0,0
36,360421,1,2,1,31,5,14,25,12,2,1,0,36,2,55,35,55035,4,2003,"KMHDN45D23U4","K","M","H","D","N","4","5","D","2","3","U","4",0,0,0,"000000000","00000000000",0,0,0,1,0,0,0,0,0,0,0,999,0,0,0,12,8,2,12,0,0,0,1,36,14207,6,1,0,0,3,3,61,999,0,0,0,0,0,0,0,0,0,0,28,0,0,0,1,2,35,1,1,2,1,0,0,1,10,99,1,2,50,"777777777777","777777777777","777777777777",1,0
36,360421,2,2,1,31,5,14,25,12,2,1,0,36,1,30,40,30040,4,2011,"3VW2K7AJ5BM3","3","V","W","2","K","7","A","J","5","B","M","3",0,0,0,"000000000","00000000000",0,0,0,1,0,0,0,0,0,0,0,999,0,0,0,12,8,2,12,0,0,0,1,36,14222,6,1,0,0,3,0,66,999,0,0,0,0,0,0,0,0,0,0,0,0,0,0,1,2,35,1,1,2,1,0,0,1,62,99,1,1,51,"777777777777","777777777777","777777777777",0,0
36,360422,1,1,1,5,7,21,30,30,0,1,0,92,0,73,706,73706,80,1997,"JKAZXDP15VA0","J","K","A","Z","X","D","P","1","5","V","A","0",0,0,0,"000000000","00000000000",0,0,0,1,0,0,0,0,0,0,0,999,0,0,0,12,6,2,30,0,0,0,1,36,12589,6,1,0,0,3,0,71,999,1,5,0,1,1,8,2012,2,2014,4,37,0,0,0,1,2,40,3,2,2,1,0,0,14,13,99,1,4,1,"777777777777","777777777777","777777777777",1,1
36,360423,1,2,1,7,7,13,0,12,6,1,0,36,2,34,402,34402,14,2004,"WBXPA734X4WC","W","B","X","P","A","7","3","4","X","4","W","C",0,0,0,"000000000","00000000000",0,0,0,1,0,0,0,0,0,0,0,999,0,0,0,12,6,2,12,0,0,0,1,36,11691,0,0,0,0,0,0,999,999,0,0,0,0,0,0,0,0,0,5,0,0,0,0,1,2,25,1,1,2,1,3,3,1,17,99,1,1,88,"777777777777","777777777777","777777777777",0,0
36,360423,2,2,1,7,7,13,0,12,6,1,0,36,1,24,7,24007,4,2006,"1G8AL58F96Z1","1","G","8","A","L","5","8","F","9","6","Z","1",0,0,0,"000000000","00000000000",0,0,0,1,0,0,0,0,0,0,0,999,0,0,0,7,6,2,12,0,0,0,1,36,11413,6,1,0,0,3,3,62,999,0,0,0,0,0,0,0,0,0,0,0,0,0,0,1,2,25,1,1,2,1,3,3,1,66,99,1,1,89,"777777777777","777777777777","777777777777",1,0
36,360424,1,3,1,19,1,6,35,12,6,1,0,36,1,35,47,35047,4,2003,"1N4AL11D73C1","1","N","4","A","L","1","1","D","7","3","C","1",0,0,0,"000000000","00000000000",0,0,0,1,0,0,0,0,0,0,0,999,0,0,0,1,8,2,12,0,0,0,1,36,11731,6,1,6,0,3,0,70,999,2,0,0,0,0,12,2011,11,2012,0,28,0,0,0,3,4,99,1,1,2,1,0,0,1,10,99,1,2,64,"777777777777","777777777777","777777777777",1,0
36,360424,2,3,1,19,1,6,35,12,6,1,0,36,1,55,35,55035,4,2008,"KMHDU46D38U4","K","M","H","D","U","4","6","D","3","8","U","4",0,0,0,"000000000","00000000000",0,0,0,1,0,0,0,0,0,0,0,999,0,0,0,12,8,2,12,0,0,0,1,36,11234,6,1,0,0,3,0,69,999,0,0,0,0,0,0,0,0,0,0,0,0,0,0,3,4,99,1,1,2,1,0,0,1,62,99,1,1,65,"777777777777","777777777777","777777777777",0,0
36,360424,3,3,1,19,1,6,35,12,6,1,0,36,1,35,401,35401,14,2008,"5N1AR18B58C6","5","N","1","A","R","1","8","B","5","8","C","6",0,0,0,"000000000","00000000000",0,0,0,1,0,0,0,0,0,0,0,999,0,0,0,12,8,5,12,0,0,0,1,36,11434,6,1,0,0,3,0,65,999,0,0,0,0,0,0,0,0,0,0,0,0,0,0,3,4,99,1,1,2,1,0,0,1,62,99,1,1,98,"777777777777","777777777777","777777777777",0,0
36,360425,1,1,1,8,7,22,31,8,0,1,0,36,1,59,32,59032,4,2010,"JTHCL5EF8A50","J","T","H","C","L","5","E","F","8","A","5","0",0,0,0,"000000000","00000000000",0,0,0,1,0,0,0,0,0,0,0,999,0,0,0,12,8,2,8,0,0,0,1,36,10312,6,1,0,0,3,0,70,999,3,0,0,0,3,1,2012,5,2016,0,0,0,0,0,3,3,50,1,1,2,1,0,0,1,80,99,1,1,13,"777777777777","777777777777","777777777777",0,0
36,360426,1,3,1,8,2,14,15,12,2,1,0,36,1,48,401,48401,14,2011,"JF2SHADC0BH7","J","F","2","S","H","A","D","C","0","B","H","7",0,0,0,"000000000","00000000000",0,0,0,1,0,0,0,0,0,0,0,999,0,0,0,12,8,5,12,0,0,0,1,36,11501,6,1,0,0,3,3,70,999,1,0,0,0,0,5,2015,5,2015,0,28,0,0,0,2,4,99,1,1,2,3,0,0,1,10,99,1,2,50,"777777777777","777777777777","777777777777",1,1
36,360426,2,3,1,8,2,14,15,12,2,1,0,36,1,35,51,35051,6,2015,"KNMAT2MV1FP5","K","N","M","A","T","2","M","V","1","F","P","5",0,0,0,"000000000","00000000000",0,0,0,1,0,0,0,0,0,0,0,999,0,0,0,12,8,2,12,0,0,0,1,36,11771,6,1,0,0,3,0,62,999,0,0,0,0,0,0,0,0,0,0,0,0,0,0,2,4,99,1,1,2,3,0,0,1,62,99,1,1,51,"777777777777","777777777777","777777777777",0,0
36,360426,3,3,1,8,2,14,15,12,2,1,0,36,3,98,806,98806,64,2001,"JHBFE2JS512S","J","H","B","F","E","2","J","S","5","1","2","S",0,0,99,"999999999","99999999999",2,1,1,1,0,0,0,0,0,0,0,999,0,0,0,7,8,5,12,0,0,0,1,36,11357,6,1,6,1,3,0,68,999,0,0,0,0,1,1,2014,1,2014,0,0,0,0,0,2,4,99,1,1,2,3,0,0,1,62,99,1,1,98,"777777777777","777777777777","777777777777",0,0
36,360427,1,1,2,9,7,1,25,26,0,1,0,36,3,49,442,49442,20,2012,"5TDKK3DC7CS2","5","T","D","K","K","3","D","C","7","C","S","2",0,0,0,"000000000","00000000000",0,0,0,1,0,0,0,0,0,0,0,999,0,0,0,12,8,2,19,0,0,0,1,36,12083,6,1,0,0,3,3,74,999,0,0,0,0,0,0,0,0,0,0,0,0,0,0,4,1,30,1,1,2,2,2,3,1,13,1,1,4,1,"777777777777","777777777777","777777777777",1,0
36,360428,1,1,2,8,7,13,30,34,0,1,0,36,1,7,442,7442,20,2006,"1D4GP25B16B5","1","D","4","G","P","2","5","B","1","6","B","5",0,0,0,"000000000","00000000000",0,0,0,1,0,0,0,0,0,0,0,999,0,1,3,12,6,2,1,0,0,0,1,36,10473,6,1,0,0,3,0,71,999,1,0,0,0,0,2,2013,2,2013,0,0,0,0,0,3,2,65,2,2,2,1,0,0,14,12,99,1,4,6,"777777777777","777777777777","777777777777",1,0
36,360429,1,2,1,9,6,12,15,24,0,1,0,36,1,73,706,73706,80,2003,"JKAZX9C173A0","J","K","A","Z","X","9","C","1","7","3","A","0",0,0,0,"000000000","00000000000",0,0,0,1,0,0,0,0,0,0,0,999,0,0,0,12,6,2,12,0,0,0,1,36,12413,6,1,0,0,2,2,74,999,2,0,0,0,0,8,2011,8,2013,0,52,74,0,0,3,2,65,1,2,2,1,0,0,6,10,99,1,4,6,"777777777777","777777777777","777777777777",1,0
36,360429,2,2,1,9,6,12,15,24,0,1,0,36,3,87,884,87884,66,2013,"1XPHD49X6DD2","1","X","P","H","D","4","9","X","6","D","D","2",2,1,57,"130073","57130073",3,7,1,1,0,0,0,0,0,0,0,999,0,0,0,7,8,2,12,0,0,0,1,36,12302,6,1,6,0,3,3,71,999,0,0,0,0,0,0,0,0,0,0,0,0,0,0,3,2,65,1,2,2,1,0,0,1,60,99,1,1,98,"000000000000","000000000000","777777777777",0,0
36,360430,1,1,10,10,7,16,47,1,0,1,0,8,2,52,401,52401,14,2003,"JA4NW51S43J0","J","A","4","N","W","5","1","S","4","3","J","0",0,0,0,"000000000","00000000000",0,0,0,1,0,0,0,0,0,0,0,999,0,2,5,0,6,2,1,0,0,0,1,12,32796,6,1,0,0,3,3,64,999,0,0,0,0,0,0,0,0,0,0,58,0,0,0,1,2,45,1,1,2,1,0,0,1,13,1,1,4,1,"777777777777","777777777777","777777777777",1,0
36,360431,1,2,2,12,7,21,58,5,0,1,0,36,3,49,40,49040,4,2014,"4T1BF1FK0EU4","4","T","1","B","F","1","F","K","0","E","U","4",0,0,0,"000000000","00000000000",0,0,0,1,0,0,0,0,0,0,0,999,0,0,0,0,0,3,5,0,0,0,1,36,10473,6,1,0,0,3,0,66,999,2,0,0,0,0,8,2012,9,2013,0,0,0,0,0,1,2,25,1,1,2,1,1,3,11,98,99,1,1,0,"777777777777","777777777777","777777777777",1,0
36,360431,2,2,1,12,7,21,58,5,0,1,1,99,9,99,999,99999,99,9999,"999999999999","9","9","9","9","9","9","9","9","9","9","9","9",0,0,0,"000000000","00000000000",0,0,0,1,0,0,0,0,0,0,0,998,0,0,0,12,8,5,18,0,0,0,1,99,99999,9,9,99,0,9,9,999,999,99,99,99,99,99,99,9999,99,9999,9,0,0,0,0,1,2,25,1,1,2,1,1,3,99,98,98,9,1,98,"777777777777","777777777777","777777777777",0,0
36,360432,1,1,3,11,7,0,23,8,0,1,0,36,2,34,401,34401,14,2016,"5UXKR0C58G0P","5","U","X","K","R","0","C","5","8","G","0","P",0,0,0,"000000000","00000000000",0,0,0,1,0,0,0,0,0,0,0,999,0,0,0,12,8,2,8,0,0,0,1,36,10458,6,1,0,0,3,0,67,999,1,16,0,4,5,11,2011,5,2016,3,0,0,0,0,3,2,30,1,1,2,1,0,0,1,80,99,1,1,13,"777777777777","777777777777","777777777777",0,0
36,360433,1,2,1,13,7,19,2,12,2,1,0,36,1,53,705,53705,80,2005,"VTTGM51A5521","V","T","T","G","M","5","1","A","5","5","2","1",0,0,0,"000000000","00000000000",0,0,0,1,0,0,0,0,0,0,0,999,0,0,0,12,6,2,12,0,0,0,1,36,12443,6,1,0,0,2,3,70,999,3,0,0,0,0,4,2013,4,2014,0,28,52,0,0,1,2,55,2,1,2,1,0,0,14,10,99,1,2,50,"777777777777","777777777777","777777777777",1,0
36,360433,2,2,2,13,7,19,2,12,2,1,0,36,1,35,472,35472,30,2000,"1N6ED27Y0YC3","1","N","6","E","D","2","7","Y","0","Y","C","3",0,0,0,"000000000","00000000000",0,0,0,1,0,0,0,0,0,0,0,999,0,0,0,12,8,2,12,0,0,0,1,36,12477,6,1,0,0,3,3,60,999,0,0,0,0,0,0,0,0,0,0,0,0,0,0,1,2,55,3,1,2,1,0,0,14,62,99,1,1,51,"777777777777","777777777777","777777777777",0,0
36,360434,1,1,1,19,6,21,4,8,0,1,0,36,1,35,47,35047,4,2000,"1N4DL01A3YC1","1","N","4","D","L","0","1","A","3","Y","C","1",0,0,0,"000000000","00000000000",0,0,0,1,0,0,0,0,0,0,0,999,0,0,0,12,8,2,8,0,0,0,1,36,14212,6,7,0,0,2,2,68,999,0,0,0,0,0,0,0,0,0,3,73,0,0,0,1,2,98,1,1,2,1,0,0,1,80,1,1,1,13,"777777777777","777777777777","777777777777",0,0
36,360435,1,1,2,3,7,16,22,24,0,1,0,36,1,72,706,72706,80,2016,"1HD1LC31XGC4","1","H","D","1","L","C","3","1","X","G","C","4",0,0,0,"000000000","00000000000",0,0,0,1,0,0,0,0,0,0,0,999,0,0,0,12,8,2,24,0,0,0,1,36,13780,6,1,6,0,3,0,70,999,1,0,0,2,0,7,2011,8,2011,3,0,0,0,0,1,2,55,1,2,2,1,0,0,1,13,99,2,4,2,"777777777777","777777777777","777777777777",2,0
36,360436,1,1,1,11,7,10,14,35,0,1,0,55,3,84,884,84884,66,9999,"3HSDJAPR8HN4","3","H","S","D","J","A","P","R","8","H","N","4",1,1,57,"74481","5774481",3,6,1,1,0,0,0,0,0,0,0,999,0,0,0,12,6,2,2,0,0,1,1,17,61605,6,1,6,0,3,0,68,999,0,0,0,0,0,0,0,0,0,0,0,0,0,0,3,2,65,1,3,2,1,0,0,1,13,99,1,4,1,"999999999999","777777777777","777777777777",1,0
36,360437,1,1,2,14,7,9,0,34,0,1,0,36,1,41,35,41035,4,2001,"JM1BJ2220104","J","M","1","B","J","2","2","2","0","1","0","4",0,0,0,"000000000","00000000000",0,0,0,1,0,0,0,0,0,0,0,999,0,1,5,12,6,2,1,0,0,0,1,36,13605,6,1,0,0,3,0,69,999,1,1,1,1,0,5,2015,12,2015,0,27,0,0,0,1,2,55,2,2,2,1,0,0,14,12,99,4,4,7,"777777777777","777777777777","777777777777",1,0
36,360438,1,1,1,7,7,21,14,8,0,1,0,36,2,37,402,37402,14,2004,"SHSRD78834U2","S","H","S","R","D","7","8","8","3","4","U","2",0,0,0,"000000000","00000000000",0,0,0,1,0,0,0,0,0,0,0,999,0,0,0,6,8,2,8,0,0,0,1,36,14216,6,1,0,0,3,0,68,999,0,0,0,0,0,0,0,0,0,0,0,0,0,0,1,2,99,1,1,2,1,0,0,13,80,99,1,4,92,"777777777777","777777777777","777777777777",0,0
36,360439,1,1,1,1,7,21,52,8,0,1,0,36,1,14,21,14021,4,2009,"3MEHM08ZX9R6","3","M","E","H","M","0","8","Z","X","9","R","6",0,0,0,"000000000","00000000000",0,0,0,1,0,0,0,0,0,0,0,999,0,0,0,12,0,5,8,0,0,0,1,36,12771,6,1,0,0,3,3,69,999,1,0,0,0,1,12,2014,1,2015,0,0,0,0,0,4,2,25,1,1,2,2,3,3,1,80,99,1,1,13,"777777777777","777777777777","777777777777",0,0
36,360440,1,1,1,15,7,5,11,11,0,1,0,36,1,53,706,53706,80,2007,"JS1NP41A8721","J","S","1","N","P","4","1","A","8","7","2","1",0,0,0,"000000000","00000000000",0,0,0,1,0,0,0,0,0,0,0,999,0,0,0,12,8,2,11,0,0,0,1,36,13045,6,1,0,0,3,0,66,999,0,0,0,0,0,0,0,0,0,0,0,0,0,0,1,2,55,1,1,2,1,0,0,1,87,99,1,1,13,"777777777777","777777777777","777777777777",1,0
36,360441,1,2,1,16,7,7,21,12,2,1,0,42,3,12,402,12402,14,2015,"1FMCU9G98FUA","1","F","M","C","U","9","G","9","8","F","U","A",0,0,0,"000000000","00000000000",0,0,0,1,0,0,0,0,0,0,0,999,0,0,0,12,8,2,12,0,0,0,1,42,18508,6,1,0,0,3,3,69,999,0,0,0,0,0,0,0,0,0,0,0,0,0,0,1,2,55,1,1,2,1,0,0,1,62,99,1,1,51,"777777777777","777777777777","777777777777",0,0
36,360441,2,2,1,16,7,7,21,12,2,1,0,36,1,20,2,20002,4,2004,"2G1WF55E4493","2","G","1","W","F","5","5","E","4","4","9","3",0,0,0,"000000000","00000000000",0,0,0,1,0,0,0,0,0,0,0,999,0,0,0,12,8,2,12,0,0,1,1,36,13491,6,7,0,0,3,2,73,999,1,0,0,0,3,11,2011,9,2014,0,28,73,0,0,1,2,55,1,1,2,1,0,0,1,10,99,1,2,50,"777777777777","777777777777","777777777777",1,0
36,360442,1,1,4,8,7,3,19,33,0,1,0,36,1,58,37,58037,2,2008,"JNKCV64E38M1","J","N","K","C","V","6","4","E","3","8","M","1",0,0,0,"000000000","00000000000",0,0,0,1,0,0,0,0,0,0,0,999,0,1,5,14,6,2,42,0,0,0,1,36,14222,6,1,0,0,3,3,69,999,0,0,0,2,0,9,2014,4,2015,4,0,0,0,0,2,2,98,1,1,2,1,0,0,1,6,99,5,4,2,"777777777777","777777777777","777777777777",1,1
36,360443,1,3,2,11,7,12,36,12,6,1,0,12,2,37,705,37705,80,2007,"JH2RC44007M1","J","H","2","R","C","4","4","0","0","7","M","1",0,0,0,"000000000","00000000000",0,0,0,1,0,0,0,0,0,0,0,999,0,0,0,12,6,2,12,0,0,0,1,36,14424,1,1,0,0,2,2,65,999,2,0,0,0,2,1,2013,4,2016,0,38,39,74,0,1,5,45,1,1,2,1,3,3,1,17,99,1,1,69,"777777777777","777777777777","777777777777",2,0
36,360443,2,3,2,11,7,12,36,12,6,1,0,36,1,20,406,20406,14,2015,"KL7CJRSB4FB2","K","L","7","C","J","R","S","B","4","F","B","2",0,0,0,"000000000","00000000000",0,0,0,1,0,0,0,0,0,0,0,999,0,0,0,1,8,2,12,0,0,0,1,36,14450,6,1,0,0,3,0,73,999,0,0,0,0,0,0,0,0,0,0,0,0,0,0,1,5,45,1,1,2,1,3,3,11,66,99,1,1,68,"777777777777","777777777777","777777777777",0,0
36,360443,3,3,2,11,7,12,36,12,6,1,0,36,1,35,47,35047,4,2009,"1N4AL21E59C1","1","N","4","A","L","2","1","E","5","9","C","1",0,0,0,"000000000","00000000000",0,0,0,1,0,0,0,0,0,0,0,0,0,0,0,12,8,5,12,0,0,0,1,36,14502,6,1,0,0,3,3,64,999,0,0,0,0,0,0,0,0,0,0,0,0,0,0,1,5,45,1,1,2,1,3,3,5,98,99,1,1,98,"777777777777","777777777777","777777777777",0,0
36,360444,1,1,1,16,7,3,2,8,0,1,0,36,1,7,422,7422,15,2012,"1C4SDJET5CC3","1","C","4","S","D","J","E","T","5","C","C","3",0,0,0,"000000000","00000000000",0,0,0,1,0,0,0,0,0,0,0,999,0,0,0,12,8,2,19,0,0,0,1,36,11222,6,1,0,0,3,3,68,999,0,0,0,0,0,0,0,0,0,0,8,0,0,0,4,1,25,1,1,2,1,0,0,1,13,99,1,4,1,"777777777777","777777777777","777777777777",0,1
36,360445,1,1,1,17,7,12,54,24,0,1,0,95,1,73,709,73709,80,2009,"999999999999","9","9","9","9","9","9","9","9","9","9","9","9",0,0,0,"000000000","00000000000",0,0,0,1,0,0,0,0,0,0,0,999,0,0,0,12,8,2,24,0,0,0,1,95,0,9,9,99,9,9,9,999,999,99,99,99,99,99,99,9999,99,9999,0,0,0,0,0,1,2,40,3,1,2,1,0,0,14,6,16,4,4,2,"777777777777","777777777777","777777777777",1,0
36,360446,1,2,2,17,7,17,6,12,6,1,0,36,2,34,401,34401,14,2002,"5UXFB33552LH","5","U","X","F","B","3","3","5","5","2","L","H",0,0,0,"000000000","00000000000",0,0,0,1,0,0,0,0,0,0,0,0,0,0,0,12,8,2,12,0,0,0,1,36,11420,6,1,0,0,3,0,65,999,0,0,1,0,2,9,2012,3,2016,5,39,0,0,0,1,2,25,1,1,2,1,3,3,1,17,99,1,1,86,"777777777777","777777777777","777777777777",0,0
36,360446,2,2,4,17,7,17,6,12,6,1,0,36,1,49,32,49032,4,2010,"2T1BU4EEXAC3","2","T","1","B","U","4","E","E","X","A","C","3",0,0,0,"000000000","00000000000",0,0,0,1,0,0,0,0,0,0,0,0,0,0,0,5,8,2,12,0,0,0,1,36,11416,6,1,0,0,3,0,67,999,0,0,0,0,0,0,0,0,0,0,0,0,0,0,1,2,25,1,1,2,1,3,3,1,66,99,1,1,87,"777777777777","777777777777","777777777777",1,0
36,360447,1,1,3,17,7,2,53,33,0,1,0,36,5,12,443,12443,20,2004,"2FMZA52204BA","2","F","M","Z","A","5","2","2","0","4","B","A",0,0,0,"000000000","00000000000",0,0,0,1,0,0,0,0,0,0,0,999,0,1,5,14,6,2,1,0,0,0,1,36,12307,0,0,0,0,0,0,999,999,0,0,0,0,0,0,0,0,0,5,37,0,0,0,5,5,40,1,1,2,1,0,0,1,6,99,3,4,2,"777777777777","777777777777","777777777777",1,0