"STATE","ST_CASE","VEH_NO","VE_FORMS","NUMOCCS","DAY","MONTH","HOUR","MINUTE","HARM_EV","MAN_COLL","UNITTYPE","HIT_RUN","REG_STAT","OWNER","MAKE","MODEL","MAK_MOD","BODY_TYP","MOD_YEAR","VIN","VIN_1","VIN_2","VIN_3","VIN_4","VIN_5","VIN_6","VIN_7","VIN_8","VIN_9","VIN_10","VIN_11","VIN_12","TOW_VEH","J_KNIFE","MCARR_I1","MCARR_I2","MCARR_ID","GVWR","V_CONFIG","CARGO_BT","HAZ_INV","HAZ_PLAC","HAZ_ID","HAZ_CNO","HAZ_REL","BUS_USE","SPEC_USE","EMER_USE","TRAV_SP","UNDERIDE","ROLLOVER","ROLINLOC","IMPACT1","DEFORMED","TOWED","M_HARM","VEH_SC1","VEH_SC2","FIRE_EXP","DR_PRES","L_STATE","DR_ZIP","L_STATUS","L_TYPE","CDL_STAT","L_ENDORS","L_COMPL","L_RESTRI","DR_HGT","DR_WGT","PREV_ACC","PREV_SUS","PREV_DWI","PREV_SPD","PREV_OTH","FIRST_MO","FIRST_YR","LAST_MO","LAST_YR","SPEEDREL","DR_SF1","DR_SF2","DR_SF3","DR_SF4","VTRAFWAY","VNUM_LAN","VSPD_LIM","VALIGN","VPROFILE","VPAVETYP","VSURCOND","VTRAFCON","VTCONT_F","P_CRASH1","P_CRASH2","P_CRASH3","PCRASH4","PCRASH5","ACC_TYPE","TRLR1VIN","TRLR2VIN","TRLR3VIN","DEATHS","DR_DRINK"
36,360482,3,4,1,7,6,8,9,12,1,1,0,36,1,41,51,41051,4,2010,"JM1BL1SG2A12","J","M","1","B","L","1","S","G","2","A","1","2",0,0,0,"000000000","00000000000",0,0,0,1,0,0,0,0,0,0,0,0,0,0,0,6,8,5,12,0,0,0,1,36,11772,6,1,0,0,3,0,69,999,0,0,0,0,0,0,0,0,0,0,0,0,0,0,3,3,55,1,1,1,1,0,0,5,53,99,1,1,98,"777777777777","777777777777","777777777777",0,0
36,360482,4,4,1,7,6,8,9,12,1,1,0,36,1,53,706,53706,80,2006,"JS1GW71A4621","J","S","1","G","W","7","1","A","4","6","2","1",0,0,0,"000000000","00000000000",0,0,0,1,0,0,0,0,0,0,0,999,0,0,0,12,8,2,1,0,0,0,1,36,11788,6,1,0,0,3,0,68,999,0,0,0,0,0,0,0,0,0,0,26,0,0,0,3,3,55,1,1,1,1,0,0,2,52,99,1,1,28,"777777777777","777777777777","777777777777",1,0
36,360483,1,1,1,30,6,13,52,24,0,1,0,36,1,72,706,72706,80,2001,"1HD1FRW121Y6","1","H","D","1","F","R","W","1","2","1","Y","6",0,0,0,"000000000","00000000000",0,0,0,1,0,0,0,0,0,0,0,999,0,0,0,12,8,2,24,0,0,0,1,36,13057,6,1,0,0,3,0,69,999,3,0,0,0,0,9,2014,11,2015,0,0,0,0,0,1,2,98,3,1,2,1,0,0,14,13,99,1,4,1,"777777777777","777777777777","777777777777",1,0
36,360484,1,1,3,8,8,11,25,42,0,1,0,36,2,30,40,30040,4,2014,"3VWD17AJ9EM2","3","V","W","D","1","7","A","J","9","E","M","2",0,0,0,"000000000","00000000000",0,0,0,1,0,0,0,0,0,0,0,999,0,0,0,12,6,2,42,0,0,0,1,36,12020,6,1,0,0,3,0,68,999,1,0,0,0,0,8,2015,8,2015,0,0,0,0,0,1,2,45,1,1,2,1,0,0,1,13,99,1,4,1,"777777777777","777777777777","777777777777",1,0
36,360485,1,2,1,3,8,9,37,12,2,1,0,36,1,12,471,12471,30,1996,"1FTCR10A8TTA","1","F","T","C","R","1","0","A","8","T","T","A",0,0,0,"000000000","00000000000",0,0,0,1,0,0,0,0,0,0,0,999,0,0,0,12,8,2,12,0,0,0,1,36,12154,6,1,0,0,3,0,68,999,1,0,0,0,1,11,2011,10,2012,0,28,0,0,0,1,2,55,1,1,2,1,0,0,1,10,99,1,2,50,"777777777777","777777777777","777777777777",1,0
36,360485,2,2,2,3,8,9,37,12,2,1,0,34,1,35,472,35472,30,2013,"1N6AD0EV1DN7","1","N","6","A","D","0","E","V","1","D","N","7",0,0,0,"000000000","00000000000",0,0,0,1,0,0,0,0,0,0,0,999,0,0,0,12,8,2,12,0,0,0,1,34,7093,6,1,0,0,3,0,73,999,1,0,0,0,0,3,2016,3,2016,0,0,0,0,0,1,2,55,1,1,2,1,0,0,1,62,99,1,1,51,"777777777777","777777777777","777777777777",0,0
36,360486,1,6,1,13,7,12,25,12,1,1,0,42,3,82,881,82881,66,2004,"1FUJA6CK24LN","1","F","U","J","A","6","C","K","2","4","L","N",1,1,57,"2514796","572514796",3,6,1,1,0,0,0,0,0,0,0,999,0,0,0,12,6,2,12,0,0,0,1,42,17046,6,1,6,1,3,0,67,999,1,0,0,0,0,10,2014,10,2014,0,0,0,0,0,3,2,65,1,1,2,1,0,0,1,52,99,1,1,28,"999999999999","777777777777","777777777777",0,0
36,360486,2,6,2,13,7,12,25,12,1,1,0,24,2,7,482,7482,31,2010,"999999999999","9","9","9","9","9","9","9","9","9","9","9","9",0,0,0,"000000000","00000000000",0,0,0,1,0,0,0,0,0,0,0,999,0,1,3,6,6,2,1,0,0,0,1,24,21157,6,1,0,0,3,0,71,999,0,0,0,0,0,0,0,0,0,0,0,0,0,0,3,2,65,1,1,2,1,0,0,2,53,99,1,1,29,"777777777777","777777777777","777777777777",0,0
36,360486,3,6,2,13,7,12,25,12,1,1,0,36,3,98,498,98498,21,2003,"WD2YD7429355","W","D","2","Y","D","7","4","2","9","3","5","5",0,0,0,"000000000","00000000000",0,0,0,1,0,0,0,0,0,0,0,0,0,0,0,6,6,2,12,0,0,0,1,36,10918,6,1,0,0,3,0,71,999,1,0,0,0,0,12,2015,12,2015,0,0,0,0,0,3,2,65,1,1,2,1,0,0,5,53,99,1,1,98,"777777777777","777777777777","777777777777",1,0
36,360486,4,6,3,13,7,12,25,12,1,1,0,9,1,52,399,52399,4,2014,"999999999999","9","9","9","9","9","9","9","9","9","9","9","9",0,0,0,"000000000","00000000000",0,0,0,1,0,0,0,0,0,0,0,0,0,0,0,6,6,2,12,0,0,0,1,9,6111,9,9,99,0,9,9,999,999,99,99,99,99,99,99,9999,99,9999,0,0,0,0,0,3,2,65,1,1,2,1,0,0,5,98,99,1,1,98,"777777777777","777777777777","777777777777",0,0
36,360486,5,6,1,13,7,12,25,12,1,1,0,29,3,82,881,82881,66,2016,"3AKJGLD55GSF","3","A","K","J","G","L","D","5","5","G","S","F",1,1,57,"660776","57660776",3,6,1,1,0,0,0,0,0,0,0,0,1,0,0,6,6,2,12,0,0,0,1,26,49021,6,1,6,0,3,0,71,185,0,0,0,0,0,0,0,0,0,0,0,0,0,0,3,2,65,1,1,2,1,0,0,5,98,99,1,1,98,"999999999999","777777777777","777777777777",0,0
36,360486,6,6,2,13,7,12,25,12,1,1,0,12,2,55,401,55401,14,2016,"5XYZU3LB7GG3","5","X","Y","Z","U","3","L","B","7","G","G","3",0,0,0,"000000000","00000000000",0,0,0,1,0,0,0,0,0,0,0,0,0,0,0,6,6,2,12,0,0,0,1,12,34771,4,1,5,0,2,2,76,999,0,0,0,0,0,0,0,0,0,0,74,0,0,0,3,2,65,1,1,2,1,0,0,5,98,99,1,1,98,"777777777777","777777777777","777777777777",0,0
36,360487,1,2,1,19,7,7,30,12,2,1,0,36,1,48,401,48401,14,2002,"JF1SF65532H7","J","F","1","S","F","6","5","5","3","2","H","7",0,0,0,"000000000","00000000000",0,0,0,1,0,0,0,0,0,0,0,999,0,0,0,12,8,2,12,0,0,0,1,36,13215,6,1,0,0,3,0,66,999,0,0,0,0,0,0,0,0,0,0,28,0,0,0,1,2,30,1,1,2,1,0,0,1,10,99,1,2,50,"777777777777","777777777777","777777777777",1,0
36,360487,2,2,1,19,7,7,30,12,2,1,0,36,1,55,401,55401,14,2013,"5XYZWDLA8DG1","5","X","Y","Z","W","D","L","A","8","D","G","1",0,0,0,"000000000","00000000000",0,0,0,1,0,0,0,0,0,0,0,999,0,0,0,12,8,2,12,0,0,0,1,36,13057,6,1,6,0,3,0,73,999,1,0,0,0,0,2,2015,2,2015,0,0,0,0,0,1,2,30,1,1,2,1,0,0,1,62,99,1,1,51,"777777777777","777777777777","777777777777",0,0
36,360488,1,1,1,3,8,11,17,35,0,1,0,12,1,72,706,72706,80,1998,"1HD4CEM15WK1","1","H","D","4","C","E","M","1","5","W","K","1",0,0,0,"000000000","00000000000",0,0,0,1,0,0,0,0,0,0,0,999,0,0,0,12,8,8,35,0,0,0,1,12,33770,6,1,0,0,3,0,63,999,1,0,0,0,2,12,2011,6,2015,4,0,0,0,0,1,2,55,3,2,2,1,0,0,14,6,99,1,4,1,"777777777777","777777777777","777777777777",1,0
36,360489,1,1,1,17,7,3,23,35,0,1,0,36,2,53,705,53705,80,1999,"JS1GR7DAXX21","J","S","1","G","R","7","D","A","X","X","2","1",0,0,0,"000000000","00000000000",0,0,0,1,0,0,0,0,0,0,0,999,0,0,0,12,6,2,35,0,0,0,1,36,13601,2,1,0,0,2,2,68,999,0,2,0,0,0,8,2014,8,2014,4,74,0,0,0,1,2,55,3,3,2,1,0,0,14,6,99,2,4,2,"777777777777","777777777777","777777777777",1,1
36,360490,1,1,1,4,8,6,0,5,0,1,0,36,1,37,706,37706,80,1996,"1HFSC3207TA1","1","H","F","S","C","3","2","0","7","T","A","1",0,0,0,"000000000","00000000000",0,0,0,1,0,0,0,0,0,0,0,999,0,0,0,0,8,2,5,0,0,0,1,36,12920,6,1,6,0,3,3,73,999,2,0,0,1,0,8,2011,1,2016,5,0,0,0,0,1,2,55,1,1,2,1,0,0,2,98,16,1,1,0,"777777777777","777777777777","777777777777",1,0
36,360491,1,1,1,4,8,20,48,24,0,1,0,36,1,20,23,20023,6,2008,"3GCDA85D28S5","3","G","C","D","A","8","5","D","2","8","S","5",0,0,0,"000000000","00000000000",0,0,0,1,0,0,0,0,0,0,0,80,0,2,5,82,6,2,1,0,0,0,1,36,13083,6,1,0,0,3,3,64,999,0,0,0,0,0,0,0,0,0,3,0,0,0,0,3,2,65,1,1,2,1,0,0,1,11,99,1,4,1,"777777777777","777777777777","777777777777",1,1
36,360492,1,2,1,6,8,19,8,12,2,1,0,36,2,37,32,37032,2,1998,"1HGCG225XWA0","1","H","G","C","G","2","2","5","X","W","A","0",0,0,0,"000000000","00000000000",0,0,0,1,0,0,0,0,0,0,0,5,0,0,0,12,8,2,12,0,0,0,1,36,14559,6,1,0,0,3,0,63,999,1,0,0,0,0,3,2012,3,2012,0,38,0,0,0,1,2,55,1,1,2,1,0,0,11,15,99,1,1,68,"777777777777","777777777777","777777777777",0,0
36,360492,2,2,1,6,8,19,8,12,2,1,0,36,1,72,706,72706,80,2002,"1HD1CAP182K1","1","H","D","1","C","A","P","1","8","2","K","1",0,0,0,"000000000","00000000000",0,0,0,1,0,0,0,0,0,0,0,999,0,0,0,12,6,2,12,0,0,0,1,36,14559,6,1,0,0,3,0,65,999,0,0,0,0,1,7,2014,7,2014,0,0,0,0,0,1,2,55,1,1,2,1,0,0,1,66,99,1,1,69,"777777777777","777777777777","777777777777",1,1
36,360493,1,2,1,4,8,22,46,12,6,1,0,36,1,20,431,20431,16,1999,"1GNFK16R7XJ3","1","G","N","F","K","1","6","R","7","X","J","3",0,0,0,"000000000","00000000000",0,0,0,1,0,0,0,0,0,0,0,999,0,0,0,83,8,2,12,0,0,0,1,36,10603,6,1,0,0,3,3,71,999,0,0,0,0,0,0,0,0,0,0,0,0,0,0,1,4,30,1,2,2,1,2,3,11,15,99,1,1,68,"777777777777","777777777777","777777777777",0,0
36,360493,2,2,1,4,8,22,46,12,6,1,0,36,2,34,706,34706,80,2010,"WB1051701AZV","W","B","1","0","5","1","7","0","1","A","Z","V",0,0,0,"000000000","00000000000",0,0,0,1,0,0,0,0,0,0,0,999,0,0,0,12,8,2,12,0,0,0,1,36,10603,6,1,6,0,3,0,70,999,5,3,0,2,2,10,2011,11,2015,5,0,0,0,0,1,4,30,1,2,2,1,2,3,1,62,99,1,1,69,"777777777777","777777777777","777777777777",1,0
36,360494,1,1,1,6,8,21,0,8,0,1,0,36,1,7,442,7442,20,2005,"1D4GP25B25B1","1","D","4","G","P","2","5","B","2","5","B","1",0,0,0,"000000000","00000000000",0,0,0,1,0,0,0,0,0,0,0,999,0,0,0,12,8,5,8,0,0,0,1,36,10459,6,1,0,0,3,3,72,999,0,0,0,0,1,11,2014,11,2014,0,0,0,0,0,1,2,25,1,1,2,1,3,3,1,80,99,1,1,13,"777777777777","777777777777","777777777777",0,0
36,360495,1,1,1,8,8,17,40,38,0,1,0,36,2,7,43,7043,2,2005,"4B3AG42G45E0","4","B","3","A","G","4","2","G","4","5","E","0",0,0,0,"000000000","00000000000",0,0,0,1,0,0,0,0,0,0,0,65,0,0,0,12,8,2,42,0,0,0,1,36,12823,1,1,0,0,2,2,66,999,0,7,0,0,0,5,2012,10,2014,4,74,0,0,0,1,2,55,2,1,2,1,0,0,14,12,99,1,4,6,"777777777777","777777777777","777777777777",1,0
36,360496,1,2,2,7,8,11,40,12,6,1,0,13,2,35,47,35047,4,2013,"1N4AL3AP8DC1","1","N","4","A","L","3","A","P","8","D","C","1",0,0,0,"000000000","00000000000",0,0,0,1,0,0,0,0,0,0,0,999,0,0,0,12,0,5,12,0,0,0,1,36,11233,6,1,0,0,3,0,77,999,0,0,0,0,0,0,0,0,0,5,0,0,0,0,4,1,25,1,1,2,1,0,0,1,98,99,1,1,48,"777777777777","777777777777","777777777777",0,0
36,360496,2,2,1,7,8,11,40,12,6,1,0,36,0,99,709,99709,88,9999,"999999999999","9","9","9","9","9","9","9","9","9","9","9","9",0,0,0,"000000000","00000000000",0,0,0,1,0,0,0,0,0,0,0,999,0,0,0,9,6,2,12,0,0,0,1,36,11420,2,1,0,0,2,2,63,999,0,0,0,0,0,0,0,0,0,0,74,0,0,0,4,1,25,1,1,2,1,0,0,1,98,99,1,1,48,"777777777777","777777777777","777777777777",1,0
36,360497,1,2,1,6,8,18,52,12,11,1,0,36,1,53,705,53705,80,2004,"JS1GR7JA8421","J","S","1","G","R","7","J","A","8","4","2","1",0,0,0,"000000000","00000000000",0,0,0,1,0,0,0,0,0,0,0,999,0,0,0,14,6,2,12,0,0,0,1,36,14624,6,1,0,0,2,1,76,999,1,0,0,0,2,7,2014,5,2016,3,38,39,0,0,5,6,45,1,1,2,1,3,3,1,66,99,1,1,83,"777777777777","777777777777","777777777777",1,1
36,360497,2,2,2,6,8,18,52,12,11,1,0,36,1,49,402,49402,14,2013,"JTMRFREV3D50","J","T","M","R","F","R","E","V","3","D","5","0",0,0,0,"000000000","00000000000",0,0,0,1,0,0,0,0,0,0,0,999,0,0,0,9,8,2,12,0,0,0,1,36,14616,6,1,0,0,3,0,67,999,1,0,0,0,0,3,2012,3,2012,0,0,0,0,0,5,6,45,1,1,2,1,3,3,11,15,99,1,1,82,"777777777777","777777777777","777777777777",0,0
36,360498,1,1,2,4,8,7,46,9,0,1,0,6,2,12,481,12481,31,2010,"1FTEW1C8XAKE","1","F","T","E","W","1","C","8","X","A","K","E",0,0,0,"000000000","00000000000",0,0,0,1,0,0,0,0,0,0,0,47,0,0,0,12,8,2,9,0,0,0,1,26,48661,6,1,0,0,3,0,69,999,0,0,0,0,0,0,0,0,0,0,0,0,0,0,1,2,45,1,2,2,1,1,3,1,83,1,1,1,13,"777777777777","777777777777","777777777777",0,0
36,360499,1,1,2,9,8,5,40,8,0,1,0,36,2,12,402,12402,14,2012,"1FMCU0D7XCKB","1","F","M","C","U","0","D","7","X","C","K","B",0,0,0,"000000000","00000000000",0,0,0,1,0,0,0,0,0,0,0,999,0,0,0,6,8,3,8,0,0,0,1,36,10472,6,1,6,0,3,0,69,999,1,0,0,0,5,1,2012,3,2016,0,31,0,0,0,4,3,25,1,1,2,1,2,3,13,80,1,1,1,98,"777777777777","777777777777","777777777777",0,0
36,360500,1,2,3,9,8,3,9,8,0,1,0,36,2,12,17,12017,4,2011,"1FAHP2EWXBG1","1","F","A","H","P","2","E","W","X","B","G","1",0,0,0,"000000000","00000000000",0,0,0,1,0,0,0,0,0,0,0,999,0,0,0,14,0,5,8,0,0,0,1,36,14517,6,1,0,0,3,3,69,999,0,0,0,0,0,0,0,0,0,0,0,0,0,0,1,2,55,1,1,2,1,0,0,1,80,1,1,1,13,"777777777777","777777777777","777777777777",0,0
36,360500,2,2,1,9,8,3,9,8,0,1,0,36,2,7,20,7020,4,2004,"1B3ES56C94D5","1","B","3","E","S","5","6","C","9","4","D","5",0,0,0,"000000000","00000000000",0,0,0,1,0,0,0,0,0,0,0,999,0,0,0,12,8,5,8,0,0,0,1,36,14510,6,1,0,0,3,0,67,999,0,0,0,1,3,12,2011,10,2015,0,0,0,0,0,1,2,55,1,1,2,1,0,0,1,80,99,1,1,98,"777777777777","777777777777","777777777777",0,0
36,360501,1,1,1,12,8,20,47,42,0,1,0,36,1,2,403,2403,14,2014,"1C4AJWAG6EL2","1","C","4","A","J","W","A","G","6","E","L","2",0,0,0,"000000000","00000000000",0,0,0,1,0,0,0,0,0,0,0,80,0,0,0,12,6,2,42,0,0,1,1,36,13363,6,1,0,0,3,0,71,999,0,0,0,0,1,3,2012,3,2012,5,0,0,0,0,1,2,55,1,1,2,1,20,3,1,12,99,1,4,6,"777777777777","777777777777","777777777777",1,1
36,360502,1,2,1,10,8,18,25,12,7,1,0,36,2,7,482,7482,31,2014,"1C6RR7FT3ES2","1","C","6","R","R","7","F","T","3","E","S","2",0,0,0,"000000000","00000000000",0,0,0,1,0,0,0,0,0,0,0,55,0,0,0,63,8,8,12,0,0,0,1,36,11702,6,1,0,0,3,0,65,999,2,0,0,0,0,11,2015,12,2015,4,87,0,0,0,3,3,55,2,2,1,2,0,0,6,6,99,3,2,48,"777777777777","777777777777","777777777777",0,0
36,360502,2,2,1,10,8,18,25,12,7,1,0,36,1,2,403,2403,14,2013,"1C4AJWAG2DL5","1","C","4","A","J","W","A","G","2","D","L","5",0,0,0,"000000000","00000000000",0,0,0,1,0,0,0,0,0,0,0,55,0,1,1,82,8,8,1,0,0,0,1,36,11782,6,1,0,0,3,0,67,999,2,0,0,0,0,4,2016,5,2016,0,0,0,0,0,1,2,55,2,2,1,2,0,0,14,61,99,1,1,48,"777777777777","777777777777","777777777777",1,0
36,360503,1,2,1,9,8,23,6,12,1,1,0,36,1,34,706,34706,80,2013,"WB1053404DZL","W","B","1","0","5","3","4","0","4","D","Z","L",0,0,0,"000000000","00000000000",0,0,0,1,0,0,0,0,0,0,0,999,0,0,0,12,8,2,12,0,0,0,1,36,14611,6,1,0,0,3,0,71,999,0,3,0,0,1,9,2011,4,2015,5,0,0,0,0,3,4,50,1,1,2,1,0,0,1,51,99,1,1,24,"777777777777","777777777777","777777777777",1,0
36,360503,2,2,2,9,8,23,6,12,1,1,0,36,1,49,402,49402,14,2014,"2T3DFREV4EW2","2","T","3","D","F","R","E","V","4","E","W","2",0,0,0,"000000000","00000000000",0,0,0,1,0,0,0,0,0,0,0,999,0,0,0,6,8,2,12,0,0,0,1,36,11368,6,1,0,0,3,0,65,999,0,0,0,0,2,2,2016,2,2016,0,0,0,0,0,3,4,50,1,1,2,1,0,0,1,53,99,1,1,25,"777777777777","777777777777","777777777777",0,0
36,360504,1,1,1,13,8,23,29,38,0,1,0,36,1,37,31,37031,4,2000,"2HGEJ6614YH5","2","H","G","E","J","6","6","1","4","Y","H","5",0,0,0,"000000000","00000000000",0,0,0,1,0,0,0,0,0,0,0,40,0,0,0,62,8,2,35,0,0,0,1,36,12522,6,1,0,0,3,3,71,999,2,0,0,1,0,1,2012,4,2016,0,0,0,0,0,1,2,45,2,2,2,2,0,0,14,12,99,1,4,6,"777777777777","777777777777","777777777777",1,0
36,360505,1,2,2,19,3,15,57,12,1,1,0,36,2,54,35,54035,4,2000,"19UUA5664YA0","1","9","U","U","A","5","6","6","4","Y","A","0",0,0,0,"000000000","00000000000",0,0,0,1,0,0,0,0,0,0,0,999,0,1,5,12,6,2,1,0,0,0,1,36,12721,0,0,0,0,0,0,61,999,0,0,0,0,3,10,2011,7,2012,3,26,0,0,0,1,2,55,1,1,2,1,0,0,6,51,6,1,1,24,"777777777777","777777777777","777777777777",1,0
36,360505,2,2,2,19,3,15,57,12,1,1,0,36,1,35,50,35050,4,2007,"3N1BC13EX7L3","3","N","1","B","C","1","3","E","X","7","L","3",0,0,0,"000000000","00000000000",0,0,0,1,0,0,0,0,0,0,0,999,0,0,0,6,8,5,12,0,0,0,1,36,12771,6,1,0,0,3,0,70,999,1,0,0,0,0,4,2011,4,2011,0,0,0,0,0,1,2,55,1,1,2,1,0,0,1,53,99,1,1,25,"777777777777","777777777777","777777777777",0,0
36,360506,1,2,1,21,5,0,40,12,2,1,0,36,1,13,1,13001,4,1998,"1LNFM97VXWY7","1","L","N","F","M","9","7","V","X","W","Y","7",0,0,0,"000000000","00000000000",0,0,0,1,0,0,0,0,0,0,0,999,0,0,0,12,8,2,12,0,0,0,1,36,13208,6,1,0,0,3,0,66,999,0,0,0,0,0,0,0,0,0,0,28,0,0,0,1,4,40,1,1,2,1,0,0,1,10,99,1,1,50,"777777777777","777777777777","777777777777",1,1
36,360506,2,2,1,21,5,0,40,12,2,1,0,36,1,42,48,42048,4,2013,"WDDHF8JB0DA7","W","D","D","H","F","8","J","B","0","D","A","7",0,0,0,"000000000","00000000000",0,0,0,1,0,0,0,0,0,0,0,999,0,0,0,12,8,2,12,0,0,0,1,36,13208,6,1,0,0,3,0,68,999,1,0,0,0,0,9,2013,9,2013,0,0,0,0,0,1,4,40,1,1,2,1,0,0,1,62,99,1,1,51,"777777777777","777777777777","777777777777",0,0
36,360507,1,2,2,6,7,17,2,12,2,1,0,36,2,12,32,12032,4,2015,"3FADP4EJ1FM1","3","F","A","D","P","4","E","J","1","F","M","1",0,0,0,"000000000","00000000000",0,0,0,1,0,0,0,0,0,0,0,999,0,0,0,12,8,2,12,0,0,0,1,36,12953,6,1,0,0,3,0,68,999,0,0,0,0,0,0,0,0,0,0,28,0,0,0,1,2,55,2,2,2,1,0,0,14,10,99,1,2,50,"777777777777","777777777777","777777777777",1,0
36,360507,2,2,1,6,7,17,2,12,2,1,0,36,1,12,402,12402,14,2016,"1FMCU9GXXGUA","1","F","M","C","U","9","G","X","X","G","U","A",0,0,0,"000000000","00000000000",0,0,0,1,0,0,0,0,0,0,0,999,0,0,0,12,8,2,12,0,0,0,1,36,12966,6,1,0,0,3,0,63,999,0,0,0,0,0,0,0,0,0,0,0,0,0,0,1,2,55,3,2,2,1,0,0,14,62,99,1,1,51,"777777777777","777777777777","777777777777",0,0
36,360508,1,2,1,30,7,19,21,5,0,1,0,36,2,53,704,53704,80,2015,"JS1SK44A5F21","J","S","1","S","K","4","4","A","5","F","2","1",0,0,0,"000000000","00000000000",0,0,0,1,0,0,0,0,0,0,0,999,0,0,0,0,8,2,12,0,0,0,1,36,12189,6,1,0,0,3,0,65,999,1,0,0,0,4,6,2014,5,2016,0,8,0,0,0,1,2,30,1,1,2,1,0,0,1,8,99,9,2,0,"777777777777","777777777777","777777777777",1,0
36,360508,2,2,2,30,7,19,21,5,0,1,0,36,1,20,25,20025,4,2013,"1G1PE5SB0D71","1","G","1","P","E","5","S","B","0","D","7","1",0,0,0,"000000000","00000000000",0,0,0,1,0,0,0,0,0,0,0,999,0,0,0,12,8,2,12,0,0,0,1,36,12183,6,1,0,0,3,0,67,999,2,0,0,0,1,10,2014,4,2016,0,0,0,0,0,1,2,30,1,1,2,1,0,0,1,62,99,1,1,98,"777777777777","777777777777","777777777777",0,0
36,360509,1,1,1,29,7,23,0,8,0,1,0,36,1,12,461,12461,21,1994,"1FTFE24Y3RHA","1","F","T","F","E","2","4","Y","3","R","H","A",0,0,0,"000000000","00000000000",0,0,0,1,0,0,0,0,0,0,0,998,0,0,0,12,8,2,8,0,0,0,1,36,11951,6,1,0,0,3,3,69,999,0,1,0,0,1,7,2014,6,2016,0,0,0,0,0,1,2,30,1,1,2,1,0,0,1,80,99,1,1,13,"777777777777","777777777777","777777777777",0,0
36,360510,1,2,1,8,8,16,40,12,6,1,0,36,1,48,34,48034,6,2003,"4S3BH6758376","4","S","3","B","H","6","7","5","8","3","7","6",0,0,0,"000000000","00000000000",0,0,0,1,0,0,0,0,0,0,0,999,0,0,0,9,8,2,12,0,0,0,1,36,12571,6,1,0,0,3,0,63,999,0,0,0,0,0,0,0,0,0,0,38,0,0,0,1,2,40,1,1,2,1,20,3,11,15,99,1,1,82,"777777777777","777777777777","777777777777",0,0
36,360510,2,2,2,8,8,16,40,12,6,1,0,36,1,20,2,20002,4,2007,"2G1WT58N9791","2","G","1","W","T","5","8","N","9","7","9","1",0,0,0,"000000000","00000000000",0,0,0,1,0,0,0,0,0,0,0,999,0,0,0,12,8,2,12,0,0,0,1,36,12603,6,1,0,0,3,3,68,999,0,0,0,0,0,0,0,0,0,0,0,0,0,0,1,2,40,1,1,2,1,0,0,1,67,99,1,1,83,"777777777777","777777777777","777777777777",1,0
36,360511,1,2,1,14,8,2,42,12,7,1,0,36,2,37,705,37705,80,2006,"JH2PC35096M7","J","H","2","P","C","3","5","0","9","6","M","7",0,0,0,"000000000","00000000000",0,0,0,1,0,0,0,0,0,0,0,999,0,0,0,82,8,2,12,0,0,0,1,36,11428,6,1,0,0,3,3,70,999,1,3,1,0,1,12,2014,8,2015,0,28,52,0,0,6,2,25,2,2,1,1,0,0,14,11,99,1,2,44,"777777777777","777777777777","777777777777",1,0
36,360511,2,2,1,14,8,2,42,12,7,1,0,33,1,49,403,49403,14,2011,"5TDBK3EH2BS0","5","T","D","B","K","3","E","H","2","B","S","0",0,0,0,"000000000","00000000000",0,0,0,1,0,0,0,0,0,0,0,999,0,0,0,62,8,5,12,0,0,0,1,33,3103,6,1,6,0,3,3,66,160,0,0,0,1,0,8,2012,8,2012,0,0,0,0,0,6,2,25,2,2,1,1,0,0,14,60,99,1,1,45,"777777777777","777777777777","777777777777",0,0
36,360512,1,1,1,12,8,16,59,8,0,1,1,99,9,99,999,99999,99,9999,"999999999999","9","9","9","9","9","9","9","9","9","9","9","9",0,0,0,"000000000","00000000000",0,0,0,1,0,0,0,0,0,0,0,998,0,0,0,2,0,5,8,0,0,0,1,99,99999,9,9,99,0,9,9,999,999,99,99,99,99,99,99,9999,99,9999,9,0,0,0,0,2,6,35,1,1,2,1,0,0,1,80,99,1,1,13,"777777777777","777777777777","777777777777",0,0
36,360513,1,1,1,14,8,7,19,8,0,1,0,36,1,63,402,63402,14,2014,"5XYKW4A77EG5","5","X","Y","K","W","4","A","7","7","E","G","5",0,0,0,"000000000","00000000000",0,0,0,1,0,0,0,0,0,0,0,999,0,0,0,12,0,3,8,0,0,0,1,36,11233,6,1,0,0,3,0,63,999,0,0,0,0,0,0,0,0,0,0,0,0,0,0,5,5,25,1,1,2,1,3,3,11,80,99,1,1,13,"777777777777","777777777777","777777777777",0,0
36,360514,1,1,1,17,8,4,53,8,0,1,0,36,3,12,16,12016,4,2008,"2FAHP71V98X1","2","F","A","H","P","7","1","V","9","8","X","1",0,0,0,"000000000","00000000000",0,0,0,1,0,0,0,0,0,0,0,999,0,0,0,12,8,3,8,0,0,0,1,36,10307,6,1,0,0,3,0,68,999,0,0,0,1,0,11,2015,11,2015,0,0,0,0,0,4,3,25,1,2,2,1,0,0,1,80,99,1,1,13,"777777777777","777777777777","777777777777",0,0
36,360515,1,1,1,15,8,10,49,31,0,1,0,36,1,55,33,55033,4,2007,"5NPET46C17H2","5","N","P","E","T","4","6","C","1","7","H","2",0,0,0,"000000000","00000000000",0,0,0,1,0,0,0,0,0,0,0,55,0,0,0,12,6,2,42,0,0,0,1,36,12206,6,1,0,0,3,3,72,999,1,0,0,0,0,6,2013,6,2013,0,0,0,0,0,1,2,55,1,1,2,1,0,0,1,13,99,1,4,1,"777777777777","777777777777","777777777777",1,0