"STATE","ST_CASE","VEH_NO","VE_FORMS","NUMOCCS","DAY","MONTH","HOUR","MINUTE","HARM_EV","MAN_COLL","UNITTYPE","HIT_RUN","REG_STAT","OWNER","MAKE","MODEL","MAK_MOD","BODY_TYP","MOD_YEAR","VIN","VIN_1","VIN_2","VIN_3","VIN_4","VIN_5","VIN_6","VIN_7","VIN_8","VIN_9","VIN_10","VIN_11","VIN_12","TOW_VEH","J_KNIFE","MCARR_I1","MCARR_I2","MCARR_ID","GVWR","V_CONFIG","CARGO_BT","HAZ_INV","HAZ_PLAC","HAZ_ID","HAZ_CNO","HAZ_REL","BUS_USE","SPEC_USE","EMER_USE","TRAV_SP","UNDERIDE","ROLLOVER","ROLINLOC","IMPACT1","DEFORMED","TOWED","M_HARM","VEH_SC1","VEH_SC2","FIRE_EXP","DR_PRES","L_STATE","DR_ZIP","L_STATUS","L_TYPE","CDL_STAT","L_ENDORS","L_COMPL","L_RESTRI","DR_HGT","DR_WGT","PREV_ACC","PREV_SUS","PREV_DWI","PREV_SPD","PREV_OTH","FIRST_MO","FIRST_YR","LAST_MO","LAST_YR","SPEEDREL","DR_SF1","DR_SF2","DR_SF3","DR_SF4","VTRAFWAY","VNUM_LAN","VSPD_LIM","VALIGN","VPROFILE","VPAVETYP","VSURCOND","VTRAFCON","VTCONT_F","P_CRASH1","P_CRASH2","P_CRASH3","PCRASH4","PCRASH5","ACC_TYPE","TRLR1VIN","TRLR2VIN","TRLR3VIN","DEATHS","DR_DRINK"
36,360516,1,1,1,17,8,20,16,35,0,1,0,36,2,55,33,55033,4,2011,"5NPEC4AC9BH1","5","N","P","E","C","4","A","C","9","B","H","1",0,0,0,"000000000","00000000000",0,0,0,1,0,0,0,0,0,0,0,999,0,1,5,14,8,2,1,0,0,0,1,36,11961,6,1,0,0,3,0,66,999,0,0,0,0,0,0,0,0,0,0,0,0,0,0,3,2,45,3,2,2,1,0,0,14,13,99,1,4,1,"777777777777","777777777777","777777777777",1,0
36,360517,1,1,2,26,5,17,5,9,0,1,1,36,3,12,461,12461,21,2011,"1FTNE2EW9BDA","1","F","T","N","E","2","E","W","9","B","D","A",0,0,0,"000000000","00000000000",0,0,0,1,0,0,0,0,0,0,0,999,0,0,0,12,8,5,9,0,0,0,1,36,11207,0,0,0,0,0,0,75,999,0,8,0,0,0,10,2011,10,2011,0,38,0,0,0,1,2,25,1,1,2,1,3,3,11,83,99,1,1,13,"777777777777","777777777777","777777777777",0,0
36,360518,1,1,1,16,8,22,36,8,0,1,0,36,2,37,32,37032,4,2001,"1HGCG16581A0","1","H","G","C","G","1","6","5","8","1","A","0",0,0,0,"000000000","00000000000",0,0,0,1,0,0,0,0,0,0,0,999,0,0,0,12,8,2,8,0,0,0,1,36,11434,6,1,0,0,3,3,70,999,0,0,0,0,2,2,2014,3,2014,0,0,0,0,0,2,4,25,1,1,2,1,0,0,1,80,99,1,1,13,"777777777777","777777777777","777777777777",0,0
36,360519,1,2,1,23,7,23,15,12,6,1,0,36,1,53,705,53705,80,2003,"JS1GN7BA4321","J","S","1","G","N","7","B","A","4","3","2","1",0,0,0,"000000000","00000000000",0,0,0,1,0,0,0,0,0,0,0,999,0,0,0,12,8,5,12,0,0,0,1,36,11726,6,1,6,0,3,0,70,999,1,1,0,0,0,10,2013,2,2015,0,0,0,0,0,1,4,99,1,1,2,1,3,3,1,67,99,1,1,69,"777777777777","777777777777","777777777777",1,1
36,360519,2,2,1,23,7,23,15,12,6,1,0,36,1,12,481,12481,31,2012,"1FTFX1EF1CFC","1","F","T","F","X","1","E","F","1","C","F","C",0,0,0,"000000000","00000000000",0,0,0,1,0,0,0,0,0,0,0,999,0,0,0,3,8,5,12,0,0,0,1,36,11774,6,1,0,0,3,3,68,999,0,0,0,0,0,0,0,0,0,0,38,0,0,0,1,4,99,1,1,2,1,3,3,11,15,99,1,1,68,"777777777777","777777777777","777777777777",0,1
36,360520,1,1,1,20,8,18,21,42,0,1,0,36,2,63,35,63035,4,2004,"KNALD1240450","K","N","A","L","D","1","2","4","0","4","5","0",0,0,0,"000000000","00000000000",0,0,0,1,0,0,0,0,0,0,0,999,0,1,5,12,6,2,42,0,0,0,1,36,14489,6,1,0,0,3,3,72,999,0,0,0,1,2,8,2015,11,2015,4,0,0,0,0,2,2,30,2,1,2,1,0,0,14,6,16,2,4,7,"777777777777","777777777777","777777777777",1,0
36,360521,1,2,5,4,7,22,46,12,98,1,0,36,1,35,47,35047,4,2014,"1N4AL3AP4EN2","1","N","4","A","L","3","A","P","4","E","N","2",0,0,0,"000000000","00000000000",0,0,0,1,0,0,0,0,0,0,0,999,0,0,0,98,6,2,2,0,0,1,1,36,11953,6,1,0,0,3,0,69,999,0,0,0,0,0,0,0,0,0,0,0,0,0,0,1,2,40,4,1,2,2,0,0,14,62,99,1,1,98,"777777777777","777777777777","777777777777",3,0
36,360521,2,2,1,4,7,22,46,12,98,1,0,36,1,20,481,20481,31,1990,"1GCGK24K2LE2","1","G","C","G","K","2","4","K","2","L","E","2",0,0,0,"000000000","00000000000",0,0,0,1,0,0,0,0,0,0,0,999,0,1,1,98,6,2,2,0,0,1,1,36,11961,1,1,0,0,2,2,68,999,1,1,0,0,1,8,2012,2,2016,5,28,74,0,0,1,2,40,4,1,2,2,0,0,14,6,99,5,2,98,"777777777777","777777777777","777777777777",1,1
36,360522,1,1,1,20,8,0,18,8,0,1,0,36,1,24,401,24401,14,2006,"5GZCZ63486S8","5","G","Z","C","Z","6","3","4","8","6","S","8",0,0,0,"000000000","00000000000",0,0,0,1,0,0,0,0,0,0,0,999,0,0,0,12,8,2,8,0,0,0,1,36,14120,6,1,0,0,3,0,65,999,1,0,0,0,0,1,2015,1,2015,5,6,0,0,0,1,2,55,1,1,2,1,0,0,1,80,99,1,1,13,"777777777777","777777777777","777777777777",0,0
36,360523,1,1,2,20,8,20,9,8,0,1,0,36,1,41,55,41055,5,2013,"JM1DE1KZ6D01","J","M","1","D","E","1","K","Z","6","D","0","1",0,0,0,"000000000","00000000000",0,0,0,1,0,0,0,0,0,0,0,999,0,0,0,12,8,2,8,0,0,0,1,36,10459,6,1,0,0,3,0,62,999,0,0,0,0,0,0,0,0,0,0,0,0,0,0,2,4,65,1,1,2,1,0,0,1,80,99,1,1,13,"777777777777","777777777777","777777777777",0,0
36,360524,1,2,1,22,8,11,46,8,0,1,0,36,1,76,706,76706,80,2000,"JYARN05E0YA0","J","Y","A","R","N","0","5","E","0","Y","A","0",0,0,0,"000000000","00000000000",0,0,0,1,0,0,0,0,0,0,0,40,0,0,0,12,6,2,8,0,0,0,1,36,14609,1,1,0,0,2,2,66,999,0,0,0,0,0,0,0,0,0,5,74,0,0,0,5,5,35,1,1,2,1,0,0,1,80,99,1,1,13,"777777777777","777777777777","777777777777",0,0
36,360524,2,2,1,22,8,11,46,8,0,1,0,36,3,98,988,98988,52,2012,"5FYD8FV12CB0","5","F","Y","D","8","F","V","1","2","C","B","0",0,0,99,"999999999","99999999999",3,21,22,1,0,0,0,0,6,3,0,0,0,0,0,11,8,5,12,0,0,0,1,36,14609,6,1,6,1,3,0,70,999,1,0,0,0,0,10,2015,10,2015,0,0,0,0,0,5,5,35,1,1,2,1,0,0,5,60,99,1,1,98,"777777777777","777777777777","777777777777",0,0
36,360525,1,1,1,23,8,10,24,35,0,1,0,36,1,20,444,20444,20,2005,"1GNDV23L75D2","1","G","N","D","V","2","3","L","7","5","D","2",0,0,0,"000000000","00000000000",0,0,0,1,0,0,0,0,0,0,0,999,0,0,0,12,8,2,42,0,0,0,1,36,13438,6,1,0,0,3,0,72,999,0,0,0,0,0,0,0,0,0,5,0,0,0,0,1,2,55,1,1,2,1,0,0,1,9,99,2,4,2,"777777777777","777777777777","777777777777",1,1
36,360526,1,2,1,23,8,17,22,12,2,1,0,36,2,18,20,18020,4,1999,"2G4WB52K9X15","2","G","4","W","B","5","2","K","9","X","1","5",0,0,0,"000000000","00000000000",0,0,0,1,0,0,0,0,0,0,0,999,0,0,0,12,8,2,12,0,0,0,1,36,14043,6,1,0,0,3,0,63,999,1,0,0,0,0,7,2015,7,2015,0,38,0,0,0,5,5,30,1,1,1,1,0,0,11,15,99,1,1,74,"777777777777","777777777777","777777777777",0,0
36,360526,2,2,1,23,8,17,22,12,2,1,0,36,1,37,701,37701,88,2007,"JH2AF60657K3","J","H","2","A","F","6","0","6","5","7","K","3",0,0,0,"000000000","00000000000",0,0,0,1,0,0,0,0,0,0,0,999,0,0,0,12,6,2,12,0,0,0,1,36,14212,6,1,0,0,3,0,66,999,1,0,0,0,1,6,2012,6,2015,0,0,0,0,0,5,5,30,1,1,1,1,0,0,1,66,99,1,1,74,"777777777777","777777777777","777777777777",1,0
36,360527,1,2,1,21,8,15,29,12,1,1,0,36,2,76,706,76706,80,2015,"JYARJ16E1FA0","J","Y","A","R","J","1","6","E","1","F","A","0",0,0,0,"000000000","00000000000",0,0,0,1,0,0,0,0,0,0,0,999,0,0,0,12,6,2,12,0,0,0,1,36,10462,1,1,0,0,2,2,70,999,0,6,0,0,4,10,2013,5,2015,5,28,74,0,0,3,2,25,1,1,2,1,0,0,6,98,99,1,2,98,"777777777777","777777777777","777777777777",1,0
36,360527,2,2,5,21,8,15,29,12,1,1,0,36,1,37,32,37032,4,2005,"1HGCM66585A0","1","H","G","C","M","6","6","5","8","5","A","0",0,0,0,"000000000","00000000000",0,0,0,1,0,0,0,0,0,0,0,25,0,0,0,6,8,5,12,0,0,0,1,36,11412,6,1,0,0,3,0,70,999,0,0,0,0,1,9,2012,9,2012,0,0,0,0,0,3,2,25,1,1,2,1,0,0,1,53,99,1,1,98,"777777777777","777777777777","777777777777",0,0
36,360528,1,1,1,22,6,12,30,35,0,1,0,36,1,23,421,23421,15,2009,"1GKFK06289R3","1","G","K","F","K","0","6","2","8","9","R","3",0,0,0,"000000000","00000000000",0,0,0,1,0,0,0,0,0,0,0,999,0,0,0,12,8,2,30,0,0,0,1,36,12572,6,1,0,0,3,0,67,999,0,0,0,0,0,0,0,0,0,0,80,0,0,0,1,2,55,1,1,2,1,0,0,1,1,99,9,4,7,"777777777777","777777777777","777777777777",1,0
36,360529,1,1,1,24,8,6,36,9,0,1,0,36,1,20,2,20002,4,2009,"2G1WD57CX912","2","G","1","W","D","5","7","C","X","9","1","2",0,0,0,"000000000","00000000000",0,0,0,1,0,0,0,0,0,0,0,999,0,0,0,12,8,2,9,0,0,0,1,36,11030,6,1,0,0,3,3,73,999,0,0,0,0,0,0,0,0,0,0,0,0,0,0,1,5,25,1,3,2,1,0,0,1,83,99,1,1,13,"777777777777","777777777777","777777777777",0,0
36,360530,1,1,2,3,3,9,24,8,0,1,0,36,1,35,401,35401,14,2014,"5N1AR2MM7EC7","5","N","1","A","R","2","M","M","7","E","C","7",0,0,0,"000000000","00000000000",0,0,0,1,0,0,0,0,0,0,0,999,0,0,0,12,8,2,8,0,0,0,1,36,10503,6,1,0,0,3,0,68,999,0,0,0,0,0,0,0,0,0,0,0,0,0,0,1,2,99,1,1,2,1,0,0,1,80,99,1,1,13,"777777777777","777777777777","777777777777",0,0
36,360531,1,2,3,22,7,13,12,12,11,1,0,36,2,12,473,12473,30,2001,"1FMZU77E81UA","1","F","M","Z","U","7","7","E","8","1","U","A",0,0,0,"000000000","00000000000",0,0,0,1,0,0,0,0,0,0,0,999,0,1,1,82,8,2,1,0,0,0,1,36,13440,6,2,0,0,3,0,69,999,0,0,0,0,0,0,0,0,0,5,28,0,0,0,1,2,55,1,2,2,1,0,0,1,8,15,4,4,98,"777777777777","777777777777","777777777777",1,0
36,360531,2,2,3,22,7,13,12,12,11,1,0,36,1,37,402,37402,14,2014,"5J6RM4H76EL0","5","J","6","R","M","4","H","7","6","E","L","0",0,0,0,"000000000","00000000000",0,0,0,1,0,0,0,0,0,0,0,999,0,0,0,82,8,2,12,0,0,0,1,36,13357,6,1,0,0,3,0,65,999,0,0,0,0,0,0,0,0,0,0,0,0,0,0,1,2,55,1,2,2,1,0,0,98,98,1,1,4,98,"777777777777","777777777777","777777777777",0,0
36,360532,1,2,1,25,8,15,35,12,1,1,0,36,2,37,421,37421,15,2012,"5FNYF4H27CB0","5","F","N","Y","F","4","H","2","7","C","B","0",0,0,0,"000000000","00000000000",0,0,0,1,0,0,0,0,0,0,0,999,0,0,0,12,8,2,12,0,0,0,1,36,14437,6,1,0,0,3,3,68,999,1,0,0,1,0,10,2011,6,2013,0,0,0,0,0,1,2,55,3,1,2,1,0,0,14,50,7,1,1,20,"777777777777","777777777777","777777777777",0,0
36,360532,2,2,1,25,8,15,35,12,1,1,0,36,1,7,25,7025,5,2009,"1B3HB48AX9D1","1","B","3","H","B","4","8","A","X","9","D","1",0,0,0,"000000000","00000000000",0,0,0,1,0,0,0,0,0,0,0,0,0,0,0,6,8,2,12,0,0,0,1,36,14525,6,1,0,0,3,3,63,999,0,0,0,0,0,0,0,0,0,0,0,0,0,0,1,2,55,3,1,2,1,0,0,5,53,99,1,1,21,"777777777777","777777777777","777777777777",1,0
36,360533,1,1,1,26,8,13,30,42,0,1,0,36,2,59,32,59032,4,2004,"JTHBN36F4401","J","T","H","B","N","3","6","F","4","4","0","1",0,0,0,"000000000","00000000000",0,0,0,1,0,0,0,0,0,0,0,999,0,0,0,12,8,2,42,0,0,0,1,36,11005,6,1,0,0,3,0,70,999,0,0,0,0,0,0,0,0,0,0,0,0,0,0,4,3,45,1,1,2,1,0,0,1,12,99,1,4,6,"777777777777","777777777777","777777777777",1,0
36,360534,1,1,1,13,8,23,20,8,0,1,0,36,1,20,481,20481,31,2008,"1GCJK336X8F2","1","G","C","J","K","3","3","6","X","8","F","2",0,0,0,"000000000","00000000000",0,0,0,1,0,0,0,0,0,0,0,999,0,0,0,5,0,5,8,0,0,0,1,36,12944,6,1,6,0,3,0,66,999,0,0,0,0,0,0,0,0,0,0,0,0,0,0,1,2,55,1,2,2,2,0,0,4,80,99,1,1,13,"777777777777","777777777777","777777777777",0,0
36,360535,1,1,1,27,8,11,19,31,0,1,0,36,1,72,706,72706,80,2010,"1HD1JD51XAB0","1","H","D","1","J","D","5","1","X","A","B","0",0,0,0,"000000000","00000000000",0,0,0,1,0,0,0,0,0,0,0,50,0,0,0,12,8,2,24,0,0,0,1,36,12304,6,1,0,0,3,0,70,999,1,0,0,0,0,7,2016,7,2016,0,0,0,0,0,1,2,55,3,1,2,1,0,0,14,13,99,1,4,1,"777777777777","777777777777","777777777777",1,0
36,360537,1,1,2,29,8,13,18,8,0,1,0,36,3,7,881,7881,71,2010,"3D6WC6GL8AG1","3","D","6","W","C","6","G","L","8","A","G","1",0,0,88,"888888888","88888888888",2,19,1,1,0,0,0,0,0,0,0,999,0,0,0,12,0,5,8,0,0,0,1,36,11201,6,1,0,0,3,0,70,999,0,0,0,0,0,0,0,0,0,0,0,0,0,0,1,4,25,1,1,2,1,3,2,11,80,99,1,1,13,"777777777777","777777777777","777777777777",0,0
36,360538,1,1,1,28,8,2,35,5,0,1,0,36,2,73,705,73705,80,2007,"JKAZX4P137A0","J","K","A","Z","X","4","P","1","3","7","A","0",0,0,0,"000000000","00000000000",0,0,0,1,0,0,0,0,0,0,0,999,0,0,0,0,8,2,5,0,0,0,1,36,14211,6,1,0,0,3,0,67,999,0,5,0,1,0,12,2011,2,2015,5,0,0,0,0,1,2,30,1,1,2,1,0,0,1,6,99,1,1,0,"777777777777","777777777777","777777777777",1,0
36,360539,1,3,1,29,8,2,48,12,1,1,0,42,2,34,35,34035,4,2011,"WBAFR1C53BC7","W","B","A","F","R","1","C","5","3","B","C","7",0,0,0,"000000000","00000000000",0,0,0,1,0,0,0,0,0,0,0,999,0,0,0,12,8,2,8,0,0,0,1,34,7024,6,1,0,0,3,0,71,999,0,0,0,0,3,7,2012,3,2014,5,0,0,0,0,3,3,50,1,2,2,1,0,0,1,50,99,1,1,98,"777777777777","777777777777","777777777777",0,1
36,360539,2,3,1,29,8,2,48,12,1,1,0,42,6,20,39,20039,4,2005,"KL1TG62605B4","K","L","1","T","G","6","2","6","0","5","B","4",0,0,0,"000000000","00000000000",0,0,0,1,0,0,0,0,0,0,0,0,0,0,0,6,8,2,12,0,0,0,0,0,99997,7,6,97,7,6,7,998,997,998,998,998,998,998,98,9998,98,9998,8,20,0,0,0,3,3,50,1,2,2,1,0,0,0,53,0,0,0,98,"777777777777","777777777777","777777777777",0,0
36,360539,3,3,0,29,8,2,48,12,1,1,0,13,6,49,402,49402,14,1997,"999999999999","9","9","9","9","9","9","9","9","9","9","9","9",0,0,0,"000000000","00000000000",0,0,0,1,0,0,0,0,0,0,0,0,0,0,0,6,8,2,12,0,0,0,0,0,99997,7,6,97,7,6,7,998,997,998,998,998,998,998,98,9998,98,9998,8,20,0,0,0,3,3,50,1,2,2,1,0,0,0,53,0,0,0,98,"777777777777","777777777777","777777777777",0,0
36,360540,1,1,1,30,8,12,41,9,0,1,0,36,2,59,31,59031,4,2011,"JTHBK1EG8B24","J","T","H","B","K","1","E","G","8","B","2","4",0,0,0,"000000000","00000000000",0,0,0,1,0,0,0,0,0,0,0,35,0,0,0,12,8,2,9,0,0,0,1,36,11957,6,1,0,0,3,0,69,999,1,0,0,0,0,1,2012,1,2012,0,0,0,0,0,1,2,40,3,1,2,1,0,0,14,13,99,1,4,13,"777777777777","777777777777","777777777777",0,0
36,360541,1,1,1,20,8,19,50,17,0,1,0,36,2,53,706,53706,80,2006,"JS1GT76A5621","J","S","1","G","T","7","6","A","5","6","2","1",0,0,0,"000000000","00000000000",0,0,0,1,0,0,0,0,0,0,0,50,0,0,0,12,6,2,17,0,0,0,1,34,8053,6,1,0,0,3,0,70,999,0,0,0,0,0,0,0,0,0,4,0,0,0,0,1,2,30,2,2,2,1,0,0,14,12,99,1,4,6,"777777777777","777777777777","777777777777",1,1
36,360542,1,2,2,1,8,9,5,12,6,1,0,36,2,12,481,12481,31,2016,"1FTMF1C82GFB","1","F","T","M","F","1","C","8","2","G","F","B",0,0,0,"000000000","00000000000",0,0,0,1,0,0,0,0,0,0,0,999,0,1,1,12,6,2,12,0,0,0,1,12,14770,6,1,0,0,3,0,67,999,0,0,0,0,0,0,0,0,0,0,28,0,0,0,1,2,55,3,1,2,1,0,0,14,10,99,1,2,64,"777777777777","777777777777","777777777777",0,0
36,360542,2,2,1,1,8,9,5,12,6,1,0,36,1,41,51,41051,4,2014,"JM1BM1M30E12","J","M","1","B","M","1","M","3","0","E","1","2",0,0,0,"000000000","00000000000",0,0,0,1,0,0,0,0,0,0,0,999,0,0,0,62,6,2,12,0,0,0,1,36,10591,6,1,0,0,3,3,70,999,0,0,0,0,0,0,0,0,0,0,0,0,0,0,1,2,55,3,1,2,1,0,0,14,62,99,1,1,65,"777777777777","777777777777","777777777777",1,0
36,360543,1,3,2,14,7,0,17,12,2,1,0,36,1,6,441,6441,20,2006,"1A4GP45R46B5","1","A","4","G","P","4","5","R","4","6","B","5",0,0,0,"000000000","00000000000",0,0,0,1,0,0,0,0,0,0,0,999,0,0,0,12,8,2,12,0,0,0,1,36,14057,6,1,0,0,3,0,71,999,0,0,0,0,0,0,0,0,0,0,39,38,0,0,1,2,55,1,1,2,1,20,3,11,15,99,1,1,74,"777777777777","777777777777","777777777777",0,0
36,360543,2,3,1,14,7,0,17,12,2,1,0,36,1,72,706,72706,80,2006,"1HD1KBW156Y6","1","H","D","1","K","B","W","1","5","6","Y","6",0,0,0,"000000000","00000000000",0,0,0,1,0,0,0,0,0,0,0,999,0,0,0,12,6,2,12,0,0,0,1,36,14086,6,1,0,0,3,0,71,999,0,0,0,0,0,0,0,0,0,0,0,0,0,0,1,2,55,1,1,2,1,0,0,1,67,99,1,1,74,"777777777777","777777777777","777777777777",1,0
36,360543,3,3,1,14,7,0,17,12,2,1,0,36,2,82,881,82881,66,2012,"1FUJGLDR6CLB","1","F","U","J","G","L","D","R","6","C","L","B",1,1,57,"00026467","5700026467",3,6,1,1,0,0,0,0,0,0,0,999,0,0,0,12,8,2,12,0,0,0,1,36,14094,6,1,6,0,3,0,68,999,0,0,0,0,0,0,0,0,0,0,0,0,0,0,1,2,55,1,1,2,1,0,0,1,98,99,1,1,98,"888888888888","777777777777","777777777777",0,0
36,360544,1,2,1,3,8,17,24,12,2,1,0,36,1,20,404,20404,14,2005,"2CNDL23F4560","2","C","N","D","L","2","3","F","4","5","6","0",0,0,0,"000000000","00000000000",0,0,0,1,0,0,0,0,0,0,0,999,0,0,0,12,8,2,12,0,0,0,1,36,13413,6,1,0,0,3,0,62,999,0,0,0,0,0,0,0,0,0,0,28,0,0,0,3,2,65,1,1,2,1,0,0,1,98,99,1,1,98,"777777777777","777777777777","777777777777",1,0
36,360544,2,2,1,3,8,17,24,12,2,1,0,36,3,12,481,12481,31,2014,"1FT8W3BT9EEB","1","F","T","8","W","3","B","T","9","E","E","B",0,0,0,"000000000","00000000000",0,0,0,1,0,0,0,0,0,0,0,999,0,0,0,12,8,2,12,0,0,0,1,36,13502,6,1,0,0,3,0,71,999,0,0,0,0,0,0,0,0,0,0,0,0,0,0,3,2,65,1,1,2,1,0,0,1,54,99,1,1,98,"777777777777","777777777777","777777777777",0,0
36,360545,1,2,1,9,8,16,32,12,6,1,0,36,1,48,401,48401,14,2007,"JF1SG63607H7","J","F","1","S","G","6","3","6","0","7","H","7",0,0,0,"000000000","00000000000",0,0,0,1,0,0,0,0,0,0,0,999,0,0,0,63,8,2,12,0,0,0,1,36,12018,6,1,0,0,3,3,67,999,0,1,0,0,0,6,2015,6,2015,0,38,0,0,0,1,2,30,1,1,2,1,0,0,11,15,99,1,1,82,"777777777777","777777777777","777777777777",0,0
36,360545,2,2,1,9,8,16,32,12,6,1,0,36,2,72,706,72706,80,2015,"1HD1GZM13FC3","1","H","D","1","G","Z","M","1","3","F","C","3",0,0,0,"000000000","00000000000",0,0,0,1,0,0,0,0,0,0,0,999,0,0,0,12,8,2,12,0,0,0,1,36,12196,6,1,0,0,3,0,72,999,0,0,0,0,0,0,0,0,0,0,0,0,0,0,1,2,30,1,1,2,1,0,0,1,72,99,1,1,83,"777777777777","777777777777","777777777777",1,0
36,360546,1,2,2,6,8,15,11,12,2,1,0,36,1,98,739,98739,90,2016,"999999999999","9","9","9","9","9","9","9","9","9","9","9","9",0,0,0,"000000000","00000000000",0,0,0,1,0,0,0,0,0,0,0,999,0,0,0,12,8,2,12,0,0,0,1,36,13327,6,1,0,0,3,3,72,999,2,1,0,0,0,1,2015,3,2015,0,28,0,0,0,1,2,55,4,2,4,1,0,0,14,10,8,1,1,50,"777777777777","777777777777","777777777777",0,0
36,360546,2,2,1,6,8,15,11,12,2,1,0,36,1,53,739,53739,90,2008,"999999999999","9","9","9","9","9","9","9","9","9","9","9","9",0,0,0,"000000000","00000000000",0,0,0,1,0,0,0,0,0,0,0,999,0,0,0,12,8,2,12,0,0,0,1,36,13904,6,1,0,0,3,0,66,999,2,5,1,0,3,8,2011,3,2016,0,38,0,0,0,1,2,55,4,2,4,1,0,0,4,62,99,1,1,51,"777777777777","777777777777","777777777777",1,0
36,360547,1,1,2,18,1,13,20,42,0,1,0,36,1,35,47,35047,4,2008,"1N4AL21E38N5","1","N","4","A","L","2","1","E","3","8","N","5",0,0,0,"000000000","00000000000",0,0,0,1,0,0,0,0,0,0,0,998,0,0,0,12,8,2,42,0,0,0,1,36,11793,6,1,0,0,3,0,72,999,1,0,0,0,0,9,2012,9,2012,0,0,0,0,0,1,4,40,1,1,2,1,0,0,1,13,99,1,4,1,"777777777777","777777777777","777777777777",1,0
36,360548,1,1,1,30,7,14,30,8,0,1,0,36,1,20,481,20481,31,2004,"2GCEK19T8413","2","G","C","E","K","1","9","T","8","4","1","3",0,0,0,"000000000","00000000000",0,0,0,1,0,0,0,0,0,0,0,62,0,0,0,12,8,2,8,0,0,0,1,36,14613,6,1,0,0,3,0,72,999,0,0,0,0,2,5,2014,4,2016,0,0,0,0,0,3,3,55,1,3,2,1,0,0,1,80,99,1,4,13,"777777777777","777777777777","777777777777",0,0
36,360549,1,1,4,9,1,18,16,8,0,1,0,36,2,24,401,24401,14,2004,"5GZCZ53464S8","5","G","Z","C","Z","5","3","4","6","4","S","8",0,0,0,"000000000","00000000000",0,0,0,1,0,0,0,0,0,0,0,999,0,0,0,12,8,5,8,0,0,0,1,36,11735,6,1,0,0,3,0,63,999,0,3,0,0,0,8,2012,4,2014,0,0,0,0,0,1,2,98,1,1,2,1,0,0,1,80,99,1,1,13,"777777777777","777777777777","777777777777",0,0
36,360550,1,1,1,15,4,10,20,1,0,1,0,36,1,98,703,98703,80,2012,"LC2U8J105CC0","L","C","2","U","8","J","1","0","5","C","C","0",0,0,0,"000000000","00000000000",0,0,0,1,0,0,0,0,0,0,0,998,0,0,0,0,8,8,1,0,0,0,1,36,10303,6,1,0,0,2,3,67,999,1,0,0,0,0,4,2016,4,2016,0,0,0,0,0,1,4,98,1,1,2,11,0,0,1,5,99,1,1,98,"777777777777","777777777777","777777777777",1,0
36,360551,1,2,1,22,6,8,14,12,7,1,0,36,1,72,706,72706,80,2000,"1HD1BRY17YY0","1","H","D","1","B","R","Y","1","7","Y","Y","0",0,0,0,"000000000","00000000000",0,0,0,1,0,0,0,0,0,0,0,999,0,0,0,3,8,2,12,0,0,0,1,36,11706,6,1,0,0,3,0,67,999,0,0,0,0,0,0,0,0,0,0,38,28,0,0,6,1,55,1,1,2,1,0,0,6,51,99,1,1,48,"777777777777","777777777777","777777777777",1,0
36,360551,2,2,1,22,6,8,14,12,7,1,0,36,1,20,37,20037,4,2013,"1G11G5SX9DF2","1","G","1","1","G","5","S","X","9","D","F","2",0,0,0,"000000000","00000000000",0,0,0,1,0,0,0,0,0,0,0,999,0,0,0,7,8,2,12,0,0,0,1,36,11703,6,1,0,0,3,0,67,999,2,2,0,2,1,8,2011,4,2016,0,0,0,0,0,6,1,55,1,1,2,1,0,0,2,53,99,1,1,48,"777777777777","777777777777","777777777777",0,0
36,360552,1,1,1,16,8,16,19,18,0,1,0,36,1,63,34,63034,4,2013,"KNAGM4A79D53","K","N","A","G","M","4","A","7","9","D","5","3",0,0,0,"000000000","00000000000",0,0,0,1,0,0,0,0,0,0,0,30,0,0,0,13,6,2,18,0,0,0,1,36,14120,6,1,0,0,3,3,70,999,0,0,0,0,0,0,0,0,0,0,0,0,0,0,1,2,30,1,2,2,1,0,0,1,98,99,1,1,98,"777777777777","777777777777","777777777777",1,0
36,360553,1,1,2,18,8,23,24,9,0,1,0,36,3,86,881,86881,63,2005,"1M2AC07C95M0","1","M","2","A","C","0","7","C","9","5","M","0",0,0,57,"2381703","572381703",3,2,7,1,0,0,0,0,0,0,0,999,0,0,0,3,0,3,9,0,0,0,1,36,11207,6,1,6,1,3,0,71,999,2,0,0,0,0,4,2012,11,2015,0,0,0,0,0,1,2,25,1,3,2,1,2,3,1,83,99,1,1,13,"777777777777","777777777777","777777777777",0,0
36,360555,1,1,2,20,8,3,6,53,0,1,0,36,2,49,40,49040,4,2009,"4T4BE46K89R0","4","T","4","B","E","4","6","K","8","9","R","0",0,0,0,"000000000","00000000000",0,0,0,1,0,0,0,0,0,0,0,999,0,0,0,6,6,2,42,0,0,0,1,36,14211,6,1,0,0,3,3,70,999,0,0,0,0,0,0,0,0,0,5,37,0,0,0,1,2,55,3,2,2,1,0,0,14,6,99,4,4,7,"777777777777","777777777777","777777777777",1,0
36,360556,1,1,1,13,8,19,16,7,0,1,0,36,1,72,706,72706,80,2000,"1HD1FBW17YY6","1","H","D","1","F","B","W","1","7","Y","Y","6",0,0,0,"000000000","00000000000",0,0,0,1,0,0,0,0,0,0,0,999,0,0,0,0,6,2,7,0,0,0,1,36,12042,6,1,0,0,3,0,69,999,0,0,0,0,0,0,0,0,0,4,0,0,0,0,1,2,55,2,2,2,1,0,0,14,12,99,1,4,0,"777777777777","777777777777","777777777777",1,1