"STATE","ST_CASE","VEH_NO","VE_FORMS","NUMOCCS","DAY","MONTH","HOUR","MINUTE","HARM_EV","MAN_COLL","UNITTYPE","HIT_RUN","REG_STAT","OWNER","MAKE","MODEL","MAK_MOD","BODY_TYP","MOD_YEAR","VIN","VIN_1","VIN_2","VIN_3","VIN_4","VIN_5","VIN_6","VIN_7","VIN_8","VIN_9","VIN_10","VIN_11","VIN_12","TOW_VEH","J_KNIFE","MCARR_I1","MCARR_I2","MCARR_ID","GVWR","V_CONFIG","CARGO_BT","HAZ_INV","HAZ_PLAC","HAZ_ID","HAZ_CNO","HAZ_REL","BUS_USE","SPEC_USE","EMER_USE","TRAV_SP","UNDERIDE","ROLLOVER","ROLINLOC","IMPACT1","DEFORMED","TOWED","M_HARM","VEH_SC1","VEH_SC2","FIRE_EXP","DR_PRES","L_STATE","DR_ZIP","L_STATUS","L_TYPE","CDL_STAT","L_ENDORS","L_COMPL","L_RESTRI","DR_HGT","DR_WGT","PREV_ACC","PREV_SUS","PREV_DWI","PREV_SPD","PREV_OTH","FIRST_MO","FIRST_YR","LAST_MO","LAST_YR","SPEEDREL","DR_SF1","DR_SF2","DR_SF3","DR_SF4","VTRAFWAY","VNUM_LAN","VSPD_LIM","VALIGN","VPROFILE","VPAVETYP","VSURCOND","VTRAFCON","VTCONT_F","P_CRASH1","P_CRASH2","P_CRASH3","PCRASH4","PCRASH5","ACC_TYPE","TRLR1VIN","TRLR2VIN","TRLR3VIN","DEATHS","DR_DRINK"
36,360557,1,1,1,23,8,17,39,8,0,1,0,36,1,2,403,2403,14,2014,"1C4AJWAG5EL1","1","C","4","A","J","W","A","G","5","E","L","1",0,0,0,"000000000","00000000000",0,0,0,1,0,0,0,0,0,0,0,999,0,0,0,12,8,5,8,0,0,0,1,36,10306,6,1,0,0,3,3,67,999,0,0,0,0,1,10,2013,10,2013,0,0,0,0,0,2,4,35,1,1,2,1,0,0,1,80,99,1,1,13,"777777777777","777777777777","777777777777",0,0
36,360558,1,2,1,29,8,18,31,12,6,1,0,36,1,76,705,76705,80,2008,"JYARJ16E98A0","J","Y","A","R","J","1","6","E","9","8","A","0",0,0,0,"000000000","00000000000",0,0,0,1,0,0,0,0,0,0,0,999,0,0,0,12,6,2,12,0,0,0,1,36,12198,6,1,0,0,3,0,68,999,2,1,1,0,1,12,2012,7,2016,5,0,0,0,0,1,2,35,1,2,2,1,0,0,1,66,99,1,1,83,"777777777777","777777777777","777777777777",1,0
36,360558,2,2,1,29,8,18,31,12,6,1,0,36,3,82,870,82870,62,2016,"4UZAC2DV5GCH","4","U","Z","A","C","2","D","V","5","G","C","H",0,0,77,"777777777","77777777777",2,1,1,1,0,0,0,0,0,0,0,999,0,0,0,8,8,2,12,0,0,0,1,36,12095,6,1,0,0,3,0,67,999,0,4,1,0,0,2,2012,6,2012,0,0,0,0,0,1,2,35,1,2,2,1,20,3,11,15,99,1,1,82,"777777777777","777777777777","777777777777",0,0
36,360559,1,1,1,26,8,16,27,35,0,1,0,36,1,37,709,37709,80,1986,"999999999999","9","9","9","9","9","9","9","9","9","9","9","9",0,0,0,"000000000","00000000000",0,0,0,1,0,0,0,0,0,0,0,999,0,0,0,99,6,2,42,0,0,0,1,36,13027,6,1,0,0,2,2,72,999,0,0,0,0,0,0,0,0,0,0,52,74,0,0,3,3,55,1,1,2,1,0,0,1,12,99,1,4,6,"777777777777","777777777777","777777777777",1,0
36,360560,1,2,2,29,8,5,30,12,1,1,0,36,3,12,461,12461,21,2007,"1FTNE14L27DB","1","F","T","N","E","1","4","L","2","7","D","B",0,0,0,"000000000","00000000000",0,0,0,1,0,0,0,0,0,0,0,999,0,0,0,12,8,2,38,0,0,0,1,36,11789,6,1,0,0,3,3,71,999,0,0,0,0,0,0,0,0,0,0,26,0,0,0,5,7,40,1,1,2,1,2,3,1,50,99,1,1,20,"777777777777","777777777777","777777777777",1,0
36,360560,2,2,1,29,8,5,30,12,1,1,0,36,3,20,445,20445,20,2015,"1GB6G5CG5F11","1","G","B","6","G","5","C","G","5","F","1","1",0,0,0,"000000000","00000000000",0,0,0,1,0,0,0,0,0,0,0,0,0,0,0,6,8,5,12,0,0,0,1,36,11726,6,1,0,0,3,3,71,999,1,0,0,0,0,4,2016,4,2016,0,0,0,0,0,5,7,40,1,1,2,1,2,3,5,53,1,1,1,21,"777777777777","777777777777","777777777777",0,0
36,360561,1,1,1,27,8,18,0,8,0,1,0,51,1,22,441,22441,20,2000,"1GMDX03E2YD1","1","G","M","D","X","0","3","E","2","Y","D","1",0,0,0,"000000000","00000000000",0,0,0,1,0,0,0,0,0,0,0,15,0,0,0,6,0,3,8,0,0,0,1,51,23513,0,0,0,0,0,0,999,999,0,4,0,0,1,9,2014,10,2015,0,31,0,0,0,4,1,25,1,1,2,1,0,0,9,80,99,1,3,92,"777777777777","777777777777","777777777777",0,0
36,360562,1,1,1,14,7,11,20,42,0,1,0,36,2,20,403,20403,14,2003,"1GNDT13S0322","1","G","N","D","T","1","3","S","0","3","2","2",0,0,0,"000000000","00000000000",0,0,0,1,0,0,0,0,0,0,0,999,0,0,0,13,8,2,42,0,0,0,1,36,11766,6,1,0,0,3,3,71,999,0,0,0,2,3,9,2013,2,2016,5,0,0,0,0,1,2,50,3,1,2,1,0,0,14,12,99,1,4,6,"777777777777","777777777777","777777777777",1,0
36,360563,1,2,2,15,8,12,55,12,6,1,0,36,2,12,401,12401,14,2004,"1FMZU73E94ZA","1","F","M","Z","U","7","3","E","9","4","Z","A",0,0,0,"000000000","00000000000",0,0,0,1,0,0,0,0,0,0,0,999,0,0,0,5,8,2,12,0,0,0,1,36,11720,6,1,0,0,3,3,62,999,0,0,0,0,0,0,0,0,0,0,0,0,0,0,1,3,30,1,1,2,1,3,3,1,66,99,1,1,79,"777777777777","777777777777","777777777777",0,0
36,360563,2,2,1,15,8,12,55,12,6,1,0,36,2,12,401,12401,14,2001,"1FMCU70E91UC","1","F","M","C","U","7","0","E","9","1","U","C",0,0,0,"000000000","00000000000",0,0,0,1,0,0,0,0,0,0,0,999,0,0,0,12,8,2,12,0,0,0,1,36,11772,6,1,0,0,3,0,66,999,0,0,0,0,0,0,0,0,0,5,39,0,0,0,1,3,30,1,1,2,1,3,3,10,16,99,1,1,78,"777777777777","777777777777","777777777777",1,0
36,360564,1,4,1,21,8,9,35,57,0,1,0,36,1,37,31,37031,4,2013,"19XFB2F83DE2","1","9","X","F","B","2","F","8","3","D","E","2",0,0,0,"000000000","00000000000",0,0,0,1,0,0,0,0,0,0,0,999,0,0,0,63,8,5,12,0,0,0,1,36,10522,6,1,0,0,3,0,67,999,0,0,0,0,0,0,0,0,0,0,0,0,0,0,3,3,55,1,2,2,1,0,0,1,62,99,1,1,98,"777777777777","777777777777","777777777777",0,0
36,360564,2,4,5,21,8,9,35,57,0,1,0,36,2,48,45,48045,6,2007,"4S4BP61C7763","4","S","4","B","P","6","1","C","7","7","6","3",0,0,0,"000000000","00000000000",0,0,0,1,0,0,0,0,0,0,0,90,0,1,3,12,6,2,12,0,0,0,1,36,11801,6,1,0,0,3,0,69,999,2,0,0,1,1,9,2011,6,2013,3,0,0,0,0,3,3,55,1,2,2,1,0,0,1,6,99,1,4,6,"777777777777","777777777777","777777777777",3,0
36,360564,3,4,2,21,8,9,35,57,0,1,0,36,1,37,31,37031,4,2014,"2HGFB2F99EH5","2","H","G","F","B","2","F","9","9","E","H","5",0,0,0,"000000000","00000000000",0,0,0,1,0,0,0,0,0,0,0,65,0,0,0,13,6,2,12,0,0,0,1,36,11786,6,1,0,0,3,0,69,999,1,0,0,1,2,3,2012,5,2016,0,0,0,0,0,3,3,55,1,2,2,1,0,0,1,62,99,1,1,98,"777777777777","777777777777","777777777777",1,0
36,360564,4,4,4,21,8,9,35,57,0,1,0,36,1,34,34,34034,4,2016,"WBA8B7C55GK4","W","B","A","8","B","7","C","5","5","G","K","4",0,0,0,"000000000","00000000000",0,0,0,1,0,0,0,0,0,0,0,999,0,0,0,12,6,2,12,0,0,0,1,36,11978,6,1,0,0,3,3,68,999,0,0,0,0,0,0,0,0,0,0,0,0,0,0,3,3,55,1,2,2,1,0,0,1,62,99,1,1,98,"777777777777","777777777777","777777777777",2,0
36,360565,1,2,2,21,8,17,14,12,1,1,0,36,1,49,32,49032,4,2011,"2T1BU4EE3BC7","2","T","1","B","U","4","E","E","3","B","C","7",0,0,0,"000000000","00000000000",0,0,0,1,0,0,0,0,0,0,0,999,0,0,0,6,6,2,12,0,0,0,1,34,8021,6,1,0,0,3,0,67,999,0,0,0,0,0,0,0,0,0,0,0,0,0,0,1,3,99,1,1,2,1,0,0,1,53,99,1,1,25,"777777777777","777777777777","777777777777",1,0
36,360565,2,2,1,21,8,17,14,12,1,1,1,36,2,35,39,35039,4,1995,"JN1CA21D7ST0","J","N","1","C","A","2","1","D","7","S","T","0",0,0,0,"000000000","00000000000",0,0,0,1,0,0,0,0,0,0,0,999,0,0,0,12,8,2,12,0,0,0,1,36,11727,0,0,0,0,0,0,999,999,0,1,0,0,0,6,2016,6,2016,0,35,0,0,0,1,3,99,1,1,2,1,0,0,6,51,99,1,1,24,"777777777777","777777777777","777777777777",0,1
36,360566,1,1,2,18,5,18,50,30,0,1,0,36,2,37,31,37031,4,2000,"2HGEJ6615YH5","2","H","G","E","J","6","6","1","5","Y","H","5",0,0,0,"000000000","00000000000",0,0,0,1,0,0,0,0,0,0,0,999,0,0,0,11,8,2,30,0,0,0,1,36,12481,6,2,0,0,3,0,68,999,0,0,0,0,0,0,0,0,0,0,0,0,0,0,1,2,55,2,1,2,1,0,0,14,12,99,3,4,7,"777777777777","777777777777","777777777777",1,0
36,360567,1,1,1,30,8,21,15,8,0,1,0,36,1,37,441,37441,20,2000,"2HKRL1857YH5","2","H","K","R","L","1","8","5","7","Y","H","5",0,0,0,"000000000","00000000000",0,0,0,1,0,0,0,0,0,0,0,999,0,0,0,12,8,2,8,0,0,0,1,36,10462,6,1,0,0,3,0,65,999,0,0,0,0,0,0,0,0,0,0,0,0,0,0,1,4,25,1,1,2,1,0,0,1,80,99,1,1,13,"777777777777","777777777777","777777777777",0,0
36,360568,1,2,1,1,8,16,44,12,6,1,0,36,3,86,881,86881,63,1989,"1M2B197C5KW0","1","M","2","B","1","9","7","C","5","K","W","0",0,0,57,"0490781","570490781",3,2,4,1,0,0,0,0,0,0,0,999,0,0,0,3,8,5,12,0,0,0,1,36,14011,6,1,6,0,3,0,68,999,0,0,0,0,0,0,0,0,0,0,38,26,0,0,1,2,45,1,1,1,1,0,0,11,15,99,1,1,68,"777777777777","777777777777","777777777777",0,0
36,360568,2,2,1,1,8,16,44,12,6,1,0,36,1,20,2,20002,4,2014,"2G1WB5E30E11","2","G","1","W","B","5","E","3","0","E","1","1",0,0,0,"000000000","00000000000",0,0,0,1,0,0,0,0,0,0,0,999,0,0,0,12,6,2,12,0,0,0,1,36,14525,6,1,0,0,3,3,76,999,4,0,0,0,1,11,2012,3,2015,0,0,0,0,0,1,2,45,1,1,1,1,0,0,1,62,99,1,1,69,"777777777777","777777777777","777777777777",1,0
36,360569,1,2,5,31,8,4,17,25,0,1,0,36,1,58,37,58037,4,2010,"JN1CV6AR4AM2","J","N","1","C","V","6","A","R","4","A","M","2",0,0,0,"000000000","00000000000",0,0,0,1,0,0,0,0,0,0,0,999,0,0,0,9,6,2,25,0,0,0,1,36,11364,6,1,6,0,3,0,69,999,3,0,0,0,2,5,2013,10,2013,5,0,0,0,0,3,3,40,4,1,2,1,0,0,14,6,99,3,4,7,"777777777777","777777777777","777777777777",3,1
36,360569,2,2,1,31,8,4,17,25,0,1,0,36,1,54,35,54035,4,2012,"19UUA9F57CA0","1","9","U","U","A","9","F","5","7","C","A","0",0,0,0,"000000000","00000000000",0,0,0,1,0,0,0,0,0,0,0,999,0,0,0,12,6,2,12,0,0,0,1,36,11205,6,1,0,0,3,0,62,999,0,2,1,1,0,2,2013,9,2013,0,0,0,0,0,3,3,40,4,1,2,1,0,0,14,98,99,1,1,98,"777777777777","777777777777","777777777777",0,0
36,360570,1,1,1,18,8,11,42,32,0,1,0,36,1,7,472,7472,31,2005,"1D7HW48K95S1","1","D","7","H","W","4","8","K","9","5","S","1",0,0,0,"000000000","00000000000",0,0,0,1,0,0,0,0,0,0,0,999,0,0,0,12,8,2,32,0,0,0,1,36,13077,6,1,0,0,3,0,69,999,0,0,0,0,0,0,0,0,0,0,0,0,0,0,1,2,55,4,2,2,1,0,0,14,13,99,1,4,1,"777777777777","777777777777","777777777777",1,0
36,360571,1,2,1,7,8,18,15,12,1,1,0,92,0,76,709,76709,80,2010,"999999999999","9","9","9","9","9","9","9","9","9","9","9","9",0,0,0,"000000000","00000000000",0,0,0,1,0,0,0,0,0,0,0,999,0,0,0,12,6,2,12,0,0,0,1,36,14534,6,1,0,0,3,0,70,999,0,0,0,0,0,0,0,0,0,5,26,0,0,0,1,2,40,1,1,2,1,0,0,1,51,99,1,1,24,"777777777777","777777777777","777777777777",1,0
36,360571,2,2,1,7,8,18,15,12,1,1,0,36,1,49,403,49403,14,2010,"JTEBK3EH0A21","J","T","E","B","K","3","E","H","0","A","2","1",0,0,0,"000000000","00000000000",0,0,0,1,0,0,0,0,0,0,0,40,0,0,0,6,8,5,12,0,0,0,1,36,14534,6,1,0,0,3,3,72,999,0,0,0,0,0,0,0,0,0,0,0,0,0,0,1,2,40,1,1,2,1,0,0,1,53,99,1,1,25,"777777777777","777777777777","777777777777",0,0
36,360572,1,1,1,30,8,9,33,8,0,1,0,36,3,12,881,12881,61,2008,"1FDXF46R88ED","1","F","D","X","F","4","6","R","8","8","E","D",0,0,77,"777777777","77777777777",2,1,3,1,0,0,0,0,0,0,0,999,0,0,0,12,0,3,8,0,0,0,1,36,11206,1,1,1,1,2,0,67,999,1,18,0,0,3,11,2011,6,2016,0,38,0,0,0,1,4,25,1,1,2,1,3,3,10,80,99,1,1,13,"777777777777","777777777777","777777777777",0,0
36,360573,1,2,1,1,9,12,12,12,2,1,0,36,1,37,39,37039,5,2015,"3HGGK5H85FM7","3","H","G","G","K","5","H","8","5","F","M","7",0,0,0,"000000000","00000000000",0,0,0,1,0,0,0,0,0,0,0,999,0,0,0,12,8,2,12,0,0,0,1,36,12986,6,1,0,0,3,3,70,999,2,0,0,0,0,7,2013,11,2013,0,28,0,0,0,1,2,55,1,1,2,1,0,0,6,10,99,2,2,50,"777777777777","777777777777","777777777777",1,0
36,360573,2,2,1,1,9,12,12,12,2,1,0,36,1,37,39,37039,5,2011,"JHMGE8H55BC0","J","H","M","G","E","8","H","5","5","B","C","0",0,0,0,"000000000","00000000000",0,0,0,1,0,0,0,0,0,0,0,999,0,1,5,12,8,2,12,0,0,0,1,36,13669,6,1,0,0,3,3,78,999,0,0,0,0,0,0,0,0,0,0,0,0,0,0,1,2,55,1,1,2,1,0,0,1,62,99,1,1,51,"777777777777","777777777777","777777777777",1,0
36,360574,1,1,1,1,9,23,45,24,0,1,0,36,1,58,37,58037,4,2006,"JNKCV51E86M5","J","N","K","C","V","5","1","E","8","6","M","5",0,0,0,"000000000","00000000000",0,0,0,1,0,0,0,0,0,0,0,999,0,0,0,12,6,2,3,0,0,0,1,36,11779,6,1,0,0,3,0,67,999,2,0,0,0,2,12,2012,8,2016,5,0,0,0,0,3,2,30,1,1,2,1,0,0,1,12,99,4,4,7,"777777777777","777777777777","777777777777",1,0
36,360575,1,2,1,2,9,21,57,12,7,1,0,12,1,53,705,53705,80,2006,"JS1GN7DA6621","J","S","1","G","N","7","D","A","6","6","2","1",0,0,0,"000000000","00000000000",0,0,0,1,0,0,0,0,0,0,0,999,0,0,0,11,8,2,12,0,0,0,1,36,10466,6,1,0,0,3,3,67,999,2,0,0,1,1,10,2012,4,2015,0,28,0,0,0,3,3,50,1,1,2,1,0,0,1,51,99,1,2,45,"777777777777","777777777777","777777777777",1,0
36,360575,2,2,3,2,9,21,57,12,7,1,0,36,2,34,47,34047,2,2015,"WBS3R9C51FF7","W","B","S","3","R","9","C","5","1","F","F","7",0,0,0,"000000000","00000000000",0,0,0,1,0,0,0,0,0,0,0,999,0,0,0,5,0,5,12,0,0,0,1,36,11416,6,1,0,0,3,0,61,999,1,0,0,0,0,6,2016,6,2016,0,0,0,0,0,3,3,50,1,1,2,1,0,0,1,53,99,1,1,44,"777777777777","777777777777","777777777777",0,0
36,360576,1,1,2,24,8,20,49,8,0,1,0,36,1,49,442,49442,20,2009,"5TDZK23C89S2","5","T","D","Z","K","2","3","C","8","9","S","2",0,0,0,"000000000","00000000000",0,0,0,1,0,0,0,0,0,0,0,999,0,0,0,12,8,2,8,0,0,0,1,36,10952,6,1,0,0,3,3,70,999,0,0,0,0,0,0,0,0,0,5,28,0,0,0,1,2,40,1,2,2,1,0,0,1,80,99,1,1,13,"777777777777","777777777777","777777777777",0,0
36,360577,1,2,1,2,9,21,12,12,6,1,0,36,3,35,50,35050,4,2013,"3N1CN7APXDL8","3","N","1","C","N","7","A","P","X","D","L","8",0,0,0,"000000000","00000000000",0,0,0,1,0,0,0,0,0,1,0,999,0,0,0,3,8,2,12,0,0,0,1,36,14782,6,1,0,0,3,0,70,999,0,0,0,0,0,0,0,0,0,0,0,0,0,0,1,2,55,3,2,2,1,0,0,14,68,99,1,1,87,"777777777777","777777777777","777777777777",1,0
36,360577,2,2,1,2,9,21,12,12,6,1,0,36,1,7,482,7482,31,2016,"1C6RR7VM2GS2","1","C","6","R","R","7","V","M","2","G","S","2",0,0,0,"000000000","00000000000",0,0,0,1,0,0,0,0,0,0,0,999,0,0,0,12,6,2,12,0,0,0,1,36,14750,6,1,0,0,3,3,71,999,1,0,0,1,0,9,2013,6,2016,0,39,0,0,0,1,2,55,1,1,2,1,20,3,1,55,99,1,1,86,"777777777777","777777777777","777777777777",0,1
36,360578,1,1,2,2,9,12,18,15,0,1,0,36,1,37,421,37421,15,2008,"5FNYF18728B0","5","F","N","Y","F","1","8","7","2","8","B","0",0,0,0,"000000000","00000000000",0,0,0,1,0,0,0,0,0,0,0,999,0,0,0,12,8,2,15,0,0,0,1,36,12308,6,1,0,0,3,3,60,999,2,0,0,0,1,8,2012,5,2014,0,38,0,0,0,2,2,30,1,1,2,1,1,3,11,83,99,1,1,13,"777777777777","777777777777","777777777777",0,0
36,360579,1,1,1,22,8,10,2,8,0,1,0,36,3,86,881,86881,63,2005,"1M2AG11C65M0","1","M","2","A","G","1","1","C","6","5","M","0",0,0,57,"1429060","571429060",3,2,4,1,0,0,0,0,0,0,0,999,0,0,0,1,0,5,8,0,0,0,1,36,11379,6,1,6,1,3,0,73,999,0,0,0,0,0,0,0,0,0,0,0,0,0,0,4,3,25,1,1,2,1,2,3,1,80,99,1,1,13,"777777777777","777777777777","777777777777",0,0
36,360580,1,1,1,1,9,16,3,8,0,1,0,36,2,12,27,12027,5,2013,"1FADP5BU3DL5","1","F","A","D","P","5","B","U","3","D","L","5",0,0,0,"000000000","00000000000",0,0,0,1,0,0,0,0,0,0,0,999,0,0,0,12,8,2,8,0,0,0,1,36,11208,6,1,0,0,3,3,65,999,0,0,0,0,0,0,0,0,0,0,0,0,0,0,1,4,30,1,1,2,1,0,0,1,80,99,1,1,13,"777777777777","777777777777","777777777777",0,0
36,360581,1,1,2,2,7,13,40,8,0,1,0,55,3,82,881,82881,66,2013,"3AKJGLDV8DSF","3","A","K","J","G","L","D","V","8","D","S","F",1,1,57,"0468111","570468111",3,6,1,1,0,0,0,0,0,0,0,999,0,0,0,12,8,2,8,0,0,0,1,36,13033,6,1,6,1,3,0,64,999,1,0,0,0,0,1,2015,1,2015,0,0,0,0,0,3,2,65,1,1,2,1,0,0,1,80,99,1,1,13,"999999999999","777777777777","777777777777",0,0
36,360582,1,1,1,3,9,5,0,1,0,1,0,36,2,37,733,37733,90,1991,"478TE1509MA3","4","7","8","T","E","1","5","0","9","M","A","3",0,0,0,"000000000","00000000000",0,0,0,1,0,0,0,0,0,0,0,999,0,2,1,0,0,3,1,0,0,0,1,36,14559,1,1,0,0,1,0,74,999,0,1,0,0,1,6,2012,8,2016,3,0,0,0,0,1,2,15,1,1,2,1,0,0,1,9,99,1,1,98,"777777777777","777777777777","777777777777",1,1
36,360583,1,2,1,3,9,11,25,12,2,1,0,36,1,37,31,37031,2,2009,"2HGFG12869H5","2","H","G","F","G","1","2","8","6","9","H","5",0,0,0,"000000000","00000000000",0,0,0,1,0,0,0,0,0,0,0,999,0,0,0,12,6,2,12,0,0,0,1,36,11758,6,1,0,0,3,3,69,999,3,0,0,0,1,11,2011,6,2015,5,28,0,0,0,1,2,35,1,2,2,1,0,0,1,10,99,1,1,50,"777777777777","777777777777","777777777777",1,0
36,360583,2,2,1,3,9,11,25,12,2,1,0,36,2,49,403,49403,14,2010,"JTEJW3EH3A20","J","T","E","J","W","3","E","H","3","A","2","0",0,0,0,"000000000","00000000000",0,0,0,1,0,0,0,0,0,0,0,999,0,0,0,12,6,2,12,0,0,0,1,36,11971,6,1,0,0,3,0,61,999,0,0,0,1,1,5,2015,8,2015,0,0,0,0,0,1,2,35,1,2,2,1,0,0,1,62,99,1,1,51,"777777777777","777777777777","777777777777",0,0
36,360584,1,2,1,3,9,0,22,8,0,1,0,36,1,42,47,42047,2,1998,"WDBLJ65G8WF0","W","D","B","L","J","6","5","G","8","W","F","0",0,0,0,"000000000","00000000000",0,0,0,1,0,0,0,0,0,0,0,999,0,0,0,12,8,2,12,0,0,0,1,36,14605,6,1,0,0,3,0,71,999,1,1,0,2,3,12,2011,8,2015,3,36,0,0,0,1,4,35,1,1,2,1,0,0,1,80,6,1,1,13,"777777777777","777777777777","777777777777",0,0
36,360584,2,2,1,3,9,0,22,8,0,1,0,36,1,37,31,37031,4,2006,"2HGFA16506H5","2","H","G","F","A","1","6","5","0","6","H","5",0,0,0,"000000000","00000000000",0,0,0,1,0,0,0,0,0,0,0,999,0,0,0,6,8,2,12,0,0,0,1,36,14609,6,1,0,0,3,0,62,999,0,0,0,2,3,9,2011,1,2016,0,0,0,0,0,1,4,35,1,1,2,1,0,0,1,61,99,1,1,98,"777777777777","777777777777","777777777777",0,0
36,360585,1,1,1,30,8,5,43,8,0,1,0,36,2,12,402,12402,14,2007,"1FMCU93137KB","1","F","M","C","U","9","3","1","3","7","K","B",0,0,0,"000000000","00000000000",0,0,0,1,0,0,0,0,0,0,0,999,0,0,0,12,8,2,8,0,0,0,1,36,14223,6,1,0,0,3,0,70,999,1,0,0,0,0,5,2014,5,2014,0,0,0,0,0,5,5,35,1,1,2,1,0,0,1,80,99,1,1,13,"777777777777","777777777777","777777777777",0,0
36,360586,1,1,1,4,9,13,31,8,0,1,0,36,1,35,47,35047,4,2010,"3N1AB6APXAL6","3","N","1","A","B","6","A","P","X","A","L","6",0,0,0,"000000000","00000000000",0,0,0,1,0,0,0,0,0,0,0,999,0,0,0,12,8,2,8,0,0,0,1,36,14086,6,1,0,0,3,3,64,999,4,0,0,0,0,6,2013,6,2016,0,0,0,0,0,5,5,40,1,1,2,1,0,0,1,11,99,1,4,13,"777777777777","777777777777","777777777777",0,0
36,360587,1,2,4,3,9,11,48,12,2,1,0,36,2,23,421,23421,15,2007,"1GKFK638X7J3","1","G","K","F","K","6","3","8","X","7","J","3",0,0,0,"000000000","00000000000",0,0,0,1,0,0,0,0,0,0,0,999,0,0,0,12,8,2,12,0,0,0,1,36,14626,6,1,0,0,3,3,63,999,1,1,0,1,1,11,2011,12,2015,0,38,0,0,0,1,2,30,1,1,2,1,0,0,11,15,99,1,1,68,"777777777777","777777777777","777777777777",0,0
36,360587,2,2,1,3,9,11,48,12,2,1,0,36,2,53,705,53705,80,2014,"JS1SP46A8E21","J","S","1","S","P","4","6","A","8","E","2","1",0,0,0,"000000000","00000000000",0,0,0,1,0,0,0,0,0,0,0,999,0,0,0,12,8,2,12,0,0,0,1,36,14621,6,1,0,0,3,0,68,999,0,0,0,0,1,11,2013,11,2013,0,0,0,0,0,1,2,30,1,1,2,1,0,0,1,62,99,1,1,69,"777777777777","777777777777","777777777777",1,0
36,360588,1,2,1,4,9,20,22,12,7,1,0,36,1,37,705,37705,80,2008,"JH2PC40078M1","J","H","2","P","C","4","0","0","7","8","M","1",0,0,0,"000000000","00000000000",0,0,0,1,0,0,0,0,0,0,0,999,0,0,0,1,8,2,12,0,0,0,1,36,10012,6,1,0,0,3,0,71,999,0,1,1,0,2,4,2012,12,2015,5,0,0,0,0,3,3,50,1,1,2,1,0,0,1,11,99,1,2,44,"777777777777","777777777777","777777777777",1,1
36,360588,2,2,1,4,9,20,22,12,7,1,0,36,2,6,51,6051,4,2005,"2C3AA53G35H6","2","C","3","A","A","5","3","G","3","5","H","6",0,0,0,"000000000","00000000000",0,0,0,1,0,0,0,0,0,0,0,999,0,0,0,7,8,5,12,0,0,0,1,36,10473,6,1,0,0,3,0,64,999,0,0,0,0,1,2,2013,2,2013,0,0,0,0,0,3,3,50,1,1,2,1,0,0,1,60,99,1,1,45,"777777777777","777777777777","777777777777",0,0
36,360589,1,2,1,5,9,2,46,12,1,1,1,34,9,54,39,54039,4,2005,"999999999999","9","9","9","9","9","9","9","9","9","9","9","9",0,0,0,"000000000","00000000000",0,0,0,1,0,0,0,0,0,0,0,999,0,0,0,12,6,2,12,0,0,0,1,36,10701,6,7,0,0,2,2,64,999,0,0,0,0,0,0,0,0,0,3,27,74,0,0,3,3,50,1,1,2,1,0,0,1,50,99,1,1,20,"777777777777","777777777777","777777777777",0,0
36,360589,2,2,2,5,9,2,46,12,1,1,0,36,2,35,43,35043,4,2005,"3N1CB51D45L5","3","N","1","C","B","5","1","D","4","5","L","5",0,0,0,"000000000","00000000000",0,0,0,1,0,0,0,0,0,0,0,0,0,0,0,6,6,2,12,0,0,0,1,36,10705,6,1,0,0,3,0,67,999,0,0,0,0,0,0,0,0,0,0,0,0,0,0,3,3,50,1,1,2,1,0,0,5,53,99,1,1,23,"777777777777","777777777777","777777777777",1,0
36,360590,1,1,1,6,9,21,28,8,0,1,0,36,1,7,482,7482,31,2013,"1C6RR7GT1DS7","1","C","6","R","R","7","G","T","1","D","S","7",0,0,0,"000000000","00000000000",0,0,0,1,0,0,0,0,0,0,0,999,0,0,0,12,8,2,8,0,0,0,1,36,12461,6,1,0,0,3,0,73,999,0,0,0,0,0,0,0,0,0,0,38,0,0,0,5,5,45,1,1,2,1,1,3,1,80,99,1,1,13,"777777777777","777777777777","777777777777",0,1
36,360591,1,2,1,5,9,16,59,12,6,1,0,36,1,2,404,2404,14,2002,"1J4GW48S82C2","1","J","4","G","W","4","8","S","8","2","C","2",0,0,0,"000000000","00000000000",0,0,0,1,0,0,0,0,0,0,0,999,0,0,0,12,8,2,12,0,0,0,1,36,13787,6,1,0,0,3,0,69,999,0,0,0,0,0,0,0,0,0,0,38,0,0,0,1,2,99,1,1,2,1,3,3,1,17,16,2,3,69,"777777777777","777777777777","777777777777",0,1
36,360591,2,2,1,5,9,16,59,12,6,1,0,36,2,72,709,72709,80,1977,"999999999999","9","9","9","9","9","9","9","9","9","9","9","9",0,0,0,"000000000","00000000000",0,0,0,1,0,0,0,0,0,0,0,999,0,0,0,9,8,2,12,0,0,0,1,36,13901,6,1,0,0,3,0,70,999,0,0,0,0,0,0,0,0,0,0,0,0,0,0,1,2,99,1,1,2,1,0,0,11,66,99,1,1,68,"777777777777","777777777777","777777777777",1,0