"STATE","ST_CASE","VEH_NO","VE_FORMS","NUMOCCS","DAY","MONTH","HOUR","MINUTE","HARM_EV","MAN_COLL","UNITTYPE","HIT_RUN","REG_STAT","OWNER","MAKE","MODEL","MAK_MOD","BODY_TYP","MOD_YEAR","VIN","VIN_1","VIN_2","VIN_3","VIN_4","VIN_5","VIN_6","VIN_7","VIN_8","VIN_9","VIN_10","VIN_11","VIN_12","TOW_VEH","J_KNIFE","MCARR_I1","MCARR_I2","MCARR_ID","GVWR","V_CONFIG","CARGO_BT","HAZ_INV","HAZ_PLAC","HAZ_ID","HAZ_CNO","HAZ_REL","BUS_USE","SPEC_USE","EMER_USE","TRAV_SP","UNDERIDE","ROLLOVER","ROLINLOC","IMPACT1","DEFORMED","TOWED","M_HARM","VEH_SC1","VEH_SC2","FIRE_EXP","DR_PRES","L_STATE","DR_ZIP","L_STATUS","L_TYPE","CDL_STAT","L_ENDORS","L_COMPL","L_RESTRI","DR_HGT","DR_WGT","PREV_ACC","PREV_SUS","PREV_DWI","PREV_SPD","PREV_OTH","FIRST_MO","FIRST_YR","LAST_MO","LAST_YR","SPEEDREL","DR_SF1","DR_SF2","DR_SF3","DR_SF4","VTRAFWAY","VNUM_LAN","VSPD_LIM","VALIGN","VPROFILE","VPAVETYP","VSURCOND","VTRAFCON","VTCONT_F","P_CRASH1","P_CRASH2","P_CRASH3","PCRASH4","PCRASH5","ACC_TYPE","TRLR1VIN","TRLR2VIN","TRLR3VIN","DEATHS","DR_DRINK"
36,360592,1,1,1,5,9,0,48,9,0,1,0,36,2,41,441,41441,20,2004,"JM3LW28A5405","J","M","3","L","W","2","8","A","5","4","0","5",0,0,0,"000000000","00000000000",0,0,0,1,0,0,0,0,0,0,0,999,0,0,0,12,8,2,9,0,0,0,1,36,11102,6,1,0,0,3,0,68,999,0,0,0,0,2,4,2013,9,2013,0,0,0,0,0,3,4,50,4,1,2,1,0,0,14,83,99,1,1,13,"777777777777","777777777777","777777777777",0,0
36,360593,1,1,3,3,9,3,14,59,0,1,0,36,2,30,40,30040,4,2001,"3VWTG69MX1M1","3","V","W","T","G","6","9","M","X","1","M","1",0,0,0,"000000000","00000000000",0,0,0,1,0,0,0,0,0,0,0,999,0,0,0,12,6,2,42,0,0,1,1,36,13832,6,1,0,0,3,0,71,999,0,1,0,1,2,3,2014,11,2015,4,0,0,0,0,1,2,55,3,2,2,1,0,0,14,6,99,1,4,1,"777777777777","777777777777","777777777777",3,1
36,360594,1,1,1,6,9,10,34,8,0,1,0,36,2,49,40,49040,4,2002,"4T1BF32K62U5","4","T","1","B","F","3","2","K","6","2","U","5",0,0,0,"000000000","00000000000",0,0,0,1,0,0,0,0,0,0,0,8,0,0,0,99,8,5,8,0,0,0,1,36,11235,6,1,0,0,3,0,71,999,0,0,0,0,0,0,0,0,0,0,0,0,0,0,1,2,25,1,1,2,1,0,0,1,80,99,1,1,13,"777777777777","777777777777","777777777777",0,0
36,360595,1,1,1,8,9,11,4,42,0,1,0,36,1,52,401,52401,14,1999,"JA4MT31H6XP0","J","A","4","M","T","3","1","H","6","X","P","0",0,0,0,"000000000","00000000000",0,0,0,1,0,0,0,0,0,0,0,999,0,1,5,12,6,2,42,0,0,0,1,36,10703,6,1,0,0,3,3,68,999,0,0,0,0,0,0,0,0,0,0,0,0,0,0,2,6,55,1,1,2,1,0,0,1,13,99,1,4,1,"777777777777","777777777777","777777777777",1,0
36,360596,1,2,1,8,9,14,24,12,6,1,0,36,1,72,706,72706,80,1999,"1HD1FFW12XY6","1","H","D","1","F","F","W","1","2","X","Y","6",0,0,0,"000000000","00000000000",0,0,0,1,0,0,0,0,0,0,0,999,0,0,0,12,8,2,12,0,0,0,1,33,3246,6,1,0,0,3,0,70,999,0,0,0,1,0,7,2014,7,2014,0,38,39,0,0,1,2,45,1,1,2,1,20,3,11,17,99,1,1,82,"777777777777","777777777777","777777777777",1,0
36,360596,2,2,1,8,9,14,24,12,6,1,0,36,3,86,881,86881,66,2014,"1M1AN07Y7EM0","1","M","1","A","N","0","7","Y","7","E","M","0",1,1,57,"227832","57227832",3,6,2,1,0,0,0,0,0,0,0,999,0,0,0,4,8,2,12,0,0,0,1,36,12831,6,1,6,1,3,0,72,999,1,0,0,0,0,8,2013,8,2013,0,0,0,0,0,1,2,45,1,1,2,1,0,0,1,67,99,1,1,83,"999999999999","777777777777","777777777777",0,0
36,360597,1,1,1,8,9,20,0,38,0,1,0,36,1,12,401,12401,14,2005,"1FMZU73K95UB","1","F","M","Z","U","7","3","K","9","5","U","B",0,0,0,"000000000","00000000000",0,0,0,1,0,0,0,0,0,0,0,999,0,0,0,12,8,2,42,0,0,0,1,36,14211,6,1,0,0,3,0,68,999,0,0,0,0,0,0,0,0,0,0,0,0,0,0,3,2,65,1,1,2,2,0,0,1,13,99,1,4,1,"777777777777","777777777777","777777777777",1,0
36,360598,1,1,1,7,9,0,39,42,0,1,0,36,2,49,472,49472,30,2006,"5TEUU42N16Z2","5","T","E","U","U","4","2","N","1","6","Z","2",0,0,0,"000000000","00000000000",0,0,0,1,0,0,0,0,0,0,0,999,0,0,0,62,6,2,42,0,0,0,1,36,11971,0,0,0,0,0,0,999,999,0,0,0,0,0,0,0,0,0,0,0,0,0,0,2,2,55,1,1,2,1,0,0,1,13,99,1,4,1,"777777777777","777777777777","777777777777",1,1
36,360599,1,1,2,8,9,22,56,42,0,1,0,36,1,20,36,20036,2,2004,"2G1WW12E2492","2","G","1","W","W","1","2","E","2","4","9","2",0,0,0,"000000000","00000000000",0,0,0,1,0,0,0,0,0,0,0,999,0,0,0,12,8,2,42,0,0,0,1,36,13045,6,1,6,0,3,0,72,999,1,1,0,0,2,12,2012,4,2013,4,87,0,0,0,3,2,65,1,1,2,2,0,0,1,13,98,7,4,2,"777777777777","777777777777","777777777777",1,0
36,360600,1,2,1,3,8,7,5,12,1,1,0,17,3,84,881,84881,63,2009,"2HSCUAPR79C1","2","H","S","C","U","A","P","R","7","9","C","1",1,1,57,"2871285","572871285",3,4,3,1,0,0,0,0,0,0,0,999,0,0,0,6,6,2,12,0,0,0,1,30,59101,6,1,6,1,3,3,999,999,98,0,0,2,2,5,2014,1,2016,0,0,0,0,0,3,2,65,1,2,2,1,0,0,1,53,1,1,1,25,"888888888888","777777777777","777777777777",0,0
36,360600,2,2,1,3,8,7,5,12,1,1,0,36,3,12,461,12461,21,2011,"1FTSS3EL8BDA","1","F","T","S","S","3","E","L","8","B","D","A",0,0,0,"000000000","00000000000",0,0,0,1,0,0,0,0,0,0,0,999,0,0,0,12,6,2,42,0,0,0,1,36,12303,6,1,0,0,3,3,72,999,0,0,0,0,0,0,0,0,0,0,0,0,0,0,3,2,65,1,2,2,1,0,0,1,51,99,1,1,24,"777777777777","777777777777","777777777777",1,0
36,360601,1,2,2,30,8,18,10,12,2,1,0,36,1,7,26,7026,4,2009,"1B3LC46B29N5","1","B","3","L","C","4","6","B","2","9","N","5",0,0,0,"000000000","00000000000",0,0,0,1,0,0,0,0,0,0,0,999,0,0,0,12,8,2,12,0,0,0,1,36,14072,6,1,0,0,3,0,71,999,4,0,0,1,1,10,2011,7,2016,0,28,0,0,0,1,2,40,1,1,2,1,0,0,1,10,99,1,2,50,"777777777777","777777777777","777777777777",1,1
36,360601,2,2,1,30,8,18,10,12,2,1,0,36,1,12,471,12471,30,2011,"1FTKR1EE3BPB","1","F","T","K","R","1","E","E","3","B","P","B",0,0,0,"000000000","00000000000",0,0,0,1,0,0,0,0,0,0,0,999,0,0,0,12,6,2,12,0,0,0,1,36,14072,6,1,0,0,3,3,61,999,0,0,0,0,1,11,2015,11,2015,0,0,0,0,0,1,2,40,1,1,2,1,0,0,1,10,99,1,2,51,"777777777777","777777777777","777777777777",0,0
36,360602,1,1,1,10,9,17,24,57,0,1,0,36,1,20,401,20401,14,2000,"1GNCT18W6YK2","1","G","N","C","T","1","8","W","6","Y","K","2",0,0,0,"000000000","00000000000",0,0,0,1,0,0,0,0,0,0,0,999,0,1,5,1,6,2,1,0,0,0,1,36,12701,6,1,0,0,3,0,67,999,0,0,0,0,0,0,0,0,0,4,0,0,0,0,1,2,55,3,1,2,1,0,0,14,13,99,1,4,1,"777777777777","777777777777","777777777777",1,1
36,360603,1,1,3,23,8,15,50,8,0,1,0,34,3,82,881,82881,62,2004,"1FVACWAK34HM","1","F","V","A","C","W","A","K","3","4","H","M",0,0,77,"777777777","77777777777",2,1,1,1,0,0,0,0,0,0,0,999,0,0,0,12,0,3,8,0,0,0,1,24,21108,6,1,0,0,3,0,70,999,0,0,0,0,1,5,2015,5,2015,0,0,0,0,0,2,3,25,1,1,2,1,3,3,11,80,99,1,1,13,"777777777777","777777777777","777777777777",0,0
36,360604,1,2,7,11,9,4,23,12,6,1,0,36,1,32,42,32042,4,2004,"WAUCD64B24N0","W","A","U","C","D","6","4","B","2","4","N","0",0,0,0,"000000000","00000000000",0,0,0,1,0,0,0,0,0,0,0,999,0,1,5,12,8,2,1,0,0,0,1,36,11432,6,1,0,0,3,0,70,999,0,0,0,0,0,0,0,0,0,0,38,39,0,0,1,2,25,1,1,2,1,20,3,1,17,99,1,1,88,"777777777777","777777777777","777777777777",1,0
36,360604,2,2,1,11,9,4,23,12,6,1,0,51,1,37,32,37032,4,1993,"JHMCB7676PC0","J","H","M","C","B","7","6","7","6","P","C","0",0,0,0,"000000000","00000000000",0,0,0,1,0,0,0,0,0,0,0,999,0,0,0,11,8,2,12,0,0,0,1,36,11432,0,0,0,0,0,0,66,999,1,3,0,0,0,7,2012,2,2015,0,0,0,0,0,1,2,25,1,1,2,1,0,0,1,66,99,1,1,89,"777777777777","777777777777","777777777777",0,0
36,360605,1,1,1,11,9,9,10,42,0,1,0,36,1,49,472,49472,30,2002,"5TENL42N12Z0","5","T","E","N","L","4","2","N","1","2","Z","0",0,0,0,"000000000","00000000000",0,0,0,1,0,0,0,0,0,0,0,999,0,0,0,12,8,2,42,0,0,0,1,36,12477,6,1,0,0,3,3,70,999,1,0,0,0,1,10,2015,10,2015,0,83,0,0,0,1,2,30,3,2,2,2,0,0,14,87,7,1,4,1,"777777777777","777777777777","777777777777",1,0
36,360606,1,2,1,25,7,22,15,12,1,1,0,36,3,49,40,49040,4,2013,"4T1BF1FKXDU2","4","T","1","B","F","1","F","K","X","D","U","2",0,0,0,"000000000","00000000000",0,0,0,1,0,0,0,0,0,0,0,999,0,0,0,6,6,2,12,0,0,0,1,36,10040,6,1,0,0,3,0,66,999,1,1,0,1,6,4,2012,3,2016,0,31,0,0,0,3,3,55,3,2,2,2,0,0,13,98,99,1,1,98,"777777777777","777777777777","777777777777",1,0
36,360606,2,2,1,25,7,22,15,12,1,1,0,36,1,49,402,49402,14,2010,"2T3BF4DV5AW0","2","T","3","B","F","4","D","V","5","A","W","0",0,0,0,"000000000","00000000000",0,0,0,1,0,0,0,0,0,0,0,999,0,0,0,12,6,2,12,0,0,0,1,36,11692,0,0,0,0,0,0,66,999,0,0,0,0,0,0,0,0,0,0,0,0,0,0,3,3,55,3,2,2,2,0,0,14,56,99,1,1,98,"777777777777","777777777777","777777777777",0,1
36,360607,1,1,1,13,9,17,35,52,0,1,0,42,1,24,7,24007,4,2007,"1G8AZ55F17Z1","1","G","8","A","Z","5","5","F","1","7","Z","1",0,0,0,"000000000","00000000000",0,0,0,1,0,0,0,0,0,0,0,999,0,0,0,12,6,2,52,0,0,0,1,42,18405,6,1,0,0,3,0,67,999,0,0,0,0,0,0,0,0,0,0,0,0,0,0,1,2,55,1,1,2,1,0,0,1,13,99,1,4,1,"777777777777","777777777777","777777777777",1,0
36,360608,1,1,2,13,9,19,41,8,0,1,0,36,1,24,401,24401,14,2009,"3GSDL53719S5","3","G","S","D","L","5","3","7","1","9","S","5",0,0,0,"000000000","00000000000",0,0,0,1,0,0,0,0,0,0,0,999,0,0,0,12,0,3,8,0,0,0,1,36,11423,6,1,0,0,3,0,71,999,0,0,0,0,0,0,0,0,0,0,0,0,0,0,1,2,25,1,1,2,1,0,0,1,80,99,1,1,13,"777777777777","777777777777","777777777777",0,0
36,360609,1,2,1,13,9,8,36,12,2,1,0,47,3,82,881,82881,66,2014,"3AKJGLD54ESF","3","A","K","J","G","L","D","5","4","E","S","F",1,1,57,"2445137","572445137",3,6,1,1,0,0,0,0,0,0,0,999,0,0,0,12,6,2,12,0,0,0,1,36,14526,6,1,6,1,3,0,71,999,2,0,0,0,0,7,2012,10,2013,0,38,0,0,0,5,5,55,1,1,2,1,0,0,11,15,99,1,1,68,"888888888888","777777777777","777777777777",0,0
36,360609,2,2,1,13,9,8,36,12,2,1,0,36,1,37,703,37703,80,1995,"JH2MC2400SK4","J","H","2","M","C","2","4","0","0","S","K","4",0,0,0,"000000000","00000000000",0,0,0,1,0,0,0,0,0,0,0,999,0,0,0,12,6,2,12,0,0,0,1,36,12144,6,1,0,0,2,3,67,999,0,1,0,0,1,7,2013,2,2016,0,0,0,0,0,5,5,55,1,1,2,1,0,0,1,62,99,1,1,69,"777777777777","777777777777","777777777777",1,0
36,360610,1,1,1,11,9,1,50,24,0,1,0,36,2,35,39,35039,4,2002,"JN1DA31D12T4","J","N","1","D","A","3","1","D","1","2","T","4",0,0,0,"000000000","00000000000",0,0,0,1,0,0,0,0,0,0,0,999,0,0,0,12,6,2,24,0,0,0,1,36,11412,6,1,0,0,3,0,72,999,1,0,0,0,0,12,2015,12,2015,5,0,0,0,0,3,2,55,3,1,2,1,0,0,14,6,98,7,4,7,"777777777777","777777777777","777777777777",1,1
36,360611,1,2,1,23,8,12,24,12,6,1,0,36,2,7,482,7482,31,2005,"1D7HU18D15S3","1","D","7","H","U","1","8","D","1","5","S","3",0,0,0,"000000000","00000000000",0,0,0,1,0,0,0,0,0,0,0,999,0,0,0,12,8,2,12,0,0,0,1,36,11542,6,1,0,0,3,0,72,999,1,0,0,0,1,3,2012,6,2015,0,0,0,0,0,5,5,40,1,1,2,1,0,0,1,68,99,1,1,88,"777777777777","777777777777","777777777777",0,0
36,360611,2,2,1,23,8,12,24,12,6,1,0,36,1,20,16,20016,2,1997,"1G1JC124XV71","1","G","1","J","C","1","2","4","X","V","7","1",0,0,0,"000000000","00000000000",0,0,0,1,0,0,0,0,0,0,0,999,0,0,0,9,8,2,12,0,0,0,1,36,11701,6,1,0,0,3,0,67,999,0,0,0,0,0,0,0,0,0,0,38,0,0,0,5,5,40,1,1,2,1,20,3,1,17,99,1,1,89,"777777777777","777777777777","777777777777",1,0
36,360612,1,1,1,20,5,10,29,42,0,1,0,36,1,37,31,37031,4,2005,"2HGES16325H5","2","H","G","E","S","1","6","3","2","5","H","5",0,0,0,"000000000","00000000000",0,0,0,1,0,0,0,0,0,0,0,999,0,0,0,12,8,2,42,0,0,0,1,36,14610,6,1,0,0,3,0,69,999,1,0,0,0,0,6,2015,6,2015,0,0,0,0,0,1,2,99,1,1,2,1,3,3,2,13,99,1,4,1,"777777777777","777777777777","777777777777",1,0
36,360613,1,2,1,8,9,13,16,5,0,1,1,99,9,99,999,99999,99,9999,"999999999999","9","9","9","9","9","9","9","9","9","9","9","9",0,0,0,"000000000","00000000000",0,0,0,1,0,0,0,0,0,0,0,999,0,0,0,12,8,5,12,0,0,0,1,99,99999,9,9,99,0,9,9,999,999,99,99,99,99,99,99,9999,99,9999,9,0,0,0,0,1,2,98,1,1,2,1,0,0,1,62,99,1,1,98,"777777777777","777777777777","777777777777",0,0
36,360613,2,2,1,8,9,13,16,5,0,1,0,36,2,37,706,37706,80,2007,"JH2RC504X7M3","J","H","2","R","C","5","0","4","X","7","M","3",0,0,0,"000000000","00000000000",0,0,0,1,0,0,0,0,0,0,0,999,0,0,0,0,6,2,12,0,0,0,1,36,11553,0,0,0,0,0,0,999,999,99,99,99,99,99,99,9999,99,9999,0,8,28,0,0,1,2,98,1,1,2,1,0,0,6,59,98,1,2,0,"777777777777","777777777777","777777777777",1,0
36,360614,1,1,1,12,9,22,50,42,0,1,0,36,2,20,443,20443,20,2003,"1GNDX03EX3D2","1","G","N","D","X","0","3","E","X","3","D","2",0,0,0,"000000000","00000000000",0,0,0,1,0,0,0,0,0,0,0,999,0,0,0,12,6,2,42,0,0,0,1,36,18840,0,0,0,0,0,0,73,999,0,2,0,0,0,7,2014,7,2014,0,0,0,0,0,1,2,55,1,1,2,1,0,0,1,12,99,1,4,6,"777777777777","777777777777","777777777777",1,0
36,360615,1,1,1,10,9,16,5,1,0,1,0,36,1,32,40,32040,4,2001,"WAURD68D41A0","W","A","U","R","D","6","8","D","4","1","A","0",0,0,0,"000000000","00000000000",0,0,0,1,0,0,0,0,0,0,0,999,0,2,5,0,6,2,1,0,0,0,1,36,14712,6,1,0,0,3,0,64,999,2,0,0,1,1,7,2014,1,2016,5,0,0,0,0,1,2,55,3,2,2,1,0,0,14,13,99,1,4,1,"777777777777","777777777777","777777777777",1,1
36,360616,1,2,1,14,9,3,31,12,1,1,0,95,3,82,881,82881,66,2016,"3ALXA7CG7GDH","3","A","L","X","A","7","C","G","7","G","D","H",1,1,95,"687521","95687521",3,6,1,1,0,0,0,0,0,0,0,999,0,0,0,12,8,5,12,0,0,0,1,95,0,9,9,99,3,9,9,999,999,99,99,99,99,99,99,9999,99,9999,0,26,27,0,0,3,2,65,1,1,2,1,0,0,6,51,99,1,1,24,"888888888888","777777777777","777777777777",0,0
36,360616,2,2,2,14,9,3,31,12,1,1,0,18,1,20,481,20481,31,2016,"3GCUKSEC8GG2","3","G","C","U","K","S","E","C","8","G","G","2",0,0,0,"000000000","00000000000",0,0,0,1,0,0,0,0,0,0,0,999,0,1,1,6,6,2,1,0,0,0,1,18,46221,6,1,0,0,3,3,69,999,0,0,0,0,0,0,0,0,0,0,0,0,0,0,3,2,65,1,1,2,1,0,0,1,53,99,1,1,27,"777777777777","777777777777","777777777777",1,0
36,360617,1,1,3,29,8,15,1,9,0,1,0,36,2,49,402,49402,14,2011,"2T3DF4DV3BW1","2","T","3","D","F","4","D","V","3","B","W","1",0,0,0,"000000000","00000000000",0,0,0,1,0,0,0,0,0,0,0,999,0,0,0,12,8,2,9,0,0,0,1,36,13601,6,1,0,0,3,0,64,999,0,0,0,0,0,0,0,0,0,0,0,0,0,0,1,2,55,1,2,2,1,0,0,1,83,99,1,3,13,"777777777777","777777777777","777777777777",0,0
36,360618,1,1,2,15,9,9,47,42,0,1,0,36,1,7,482,7482,31,1998,"1B7HC16X6WS5","1","B","7","H","C","1","6","X","6","W","S","5",0,0,0,"000000000","00000000000",0,0,0,1,0,0,0,0,0,0,0,50,0,0,0,12,6,2,42,0,0,0,1,36,14525,6,1,6,0,3,3,72,999,1,0,0,0,0,9,2015,9,2015,0,0,0,0,0,1,2,55,2,1,2,1,0,0,14,12,99,1,4,6,"777777777777","777777777777","777777777777",1,0
36,360619,1,1,1,16,9,23,5,30,0,1,0,12,1,72,706,72706,80,2008,"1HD1KB4188Y6","1","H","D","1","K","B","4","1","8","8","Y","6",0,0,0,"000000000","00000000000",0,0,0,1,0,0,0,0,0,0,0,998,0,0,0,12,8,2,30,0,0,0,1,12,34608,6,1,0,0,3,3,999,999,0,0,0,0,0,0,0,0,0,0,0,0,0,0,1,2,30,3,2,2,1,0,0,14,12,99,1,4,6,"777777777777","777777777777","777777777777",1,1
36,360620,1,1,1,14,9,23,18,34,0,1,0,36,1,20,22,20022,4,2010,"1G1AD5F56A71","1","G","1","A","D","5","F","5","6","A","7","1",0,0,0,"000000000","00000000000",0,0,0,1,0,0,0,0,0,0,0,64,0,1,5,12,8,2,34,0,0,0,1,36,14009,6,1,0,0,3,0,72,999,2,4,0,0,0,10,2011,9,2012,0,0,0,0,0,1,2,55,1,1,2,1,0,0,1,8,99,5,4,2,"777777777777","777777777777","777777777777",1,1
36,360621,2,1,2,9,9,14,49,14,0,1,0,34,1,35,401,35401,14,2004,"999999999999","9","9","9","9","9","9","9","9","9","9","9","9",0,0,0,"000000000","00000000000",0,0,0,1,0,0,0,0,0,0,0,999,0,0,0,12,8,2,14,0,0,0,1,36,10512,6,1,0,0,3,0,61,999,2,1,0,1,0,6,2012,3,2015,0,0,0,0,0,3,3,65,2,2,1,1,0,0,14,11,1,1,4,11,"777777777777","777777777777","777777777777",0,0
36,360622,1,3,2,14,9,8,58,12,1,1,0,34,3,82,881,82881,66,2012,"1FUJGLBG3CSB","1","F","U","J","G","L","B","G","3","C","S","B",1,1,57,"2792230","572792230",3,6,1,1,0,0,0,0,0,0,0,999,0,0,0,6,8,5,12,0,0,0,1,34,7202,6,1,6,1,3,0,69,999,3,0,0,0,1,6,2013,10,2015,0,0,0,0,0,3,3,55,1,2,2,1,0,0,2,53,99,1,1,25,"999999999999","777777777777","777777777777",0,0
36,360622,2,3,1,14,9,8,58,12,1,1,0,36,3,84,884,84884,66,2006,"2HSCEAPR06C2","2","H","S","C","E","A","P","R","0","6","C","2",1,1,57,"242020","57242020",3,6,1,1,0,0,0,0,0,0,0,999,0,0,0,12,6,2,2,0,0,1,1,36,13141,6,1,6,1,3,0,71,999,1,0,0,0,0,1,2016,1,2016,0,26,0,0,0,3,3,55,1,2,2,1,0,0,1,52,99,1,1,24,"999999999999","777777777777","777777777777",1,0
36,360622,3,3,2,14,9,8,58,12,1,1,0,31,3,82,881,82881,66,2016,"3AKJGLD52GSH","3","A","K","J","G","L","D","5","2","G","S","H",1,1,57,"053467","57053467",3,6,1,1,0,0,0,0,0,0,0,999,0,0,0,12,6,2,2,0,0,1,1,36,10472,6,1,6,1,3,0,70,999,0,0,0,0,0,0,0,0,0,0,0,0,0,0,3,3,55,1,2,2,1,0,0,2,52,99,1,1,98,"999999999999","777777777777","777777777777",0,0
36,360623,1,1,1,16,9,20,12,8,0,1,0,36,1,20,2,20002,4,2007,"2G1WB55K5791","2","G","1","W","B","5","5","K","5","7","9","1",0,0,0,"000000000","00000000000",0,0,0,1,0,0,0,0,0,0,0,999,0,0,0,12,8,5,8,0,0,0,1,36,10950,6,1,0,0,3,0,74,999,1,0,0,1,0,2,2014,10,2014,0,0,0,0,0,1,4,55,4,2,2,1,0,0,14,80,99,1,1,13,"777777777777","777777777777","777777777777",0,0
36,360624,1,3,1,31,8,11,23,12,7,1,1,99,9,99,999,99999,99,9999,"999999999999","9","9","9","9","9","9","9","9","9","9","9","9",0,0,0,"000000000","00000000000",0,0,0,1,0,0,0,0,0,0,0,999,0,0,0,5,8,5,12,0,0,0,1,99,99999,9,9,99,0,9,9,999,999,99,99,99,99,99,99,9999,99,9999,0,0,0,0,0,3,3,45,1,1,2,1,0,0,1,98,99,1,1,44,"777777777777","777777777777","777777777777",0,0
36,360624,2,3,1,31,8,11,23,12,7,1,0,36,2,53,706,53706,80,2007,"JS1GR7KA3721","J","S","1","G","R","7","K","A","3","7","2","1",0,0,0,"000000000","00000000000",0,0,0,1,0,0,0,0,0,0,0,999,0,0,0,11,6,2,12,0,0,0,1,36,10465,6,1,0,0,3,0,67,999,3,2,0,0,0,10,2011,3,2014,3,27,0,0,0,3,3,45,1,1,2,1,0,0,6,98,99,1,1,45,"777777777777","777777777777","777777777777",1,0
36,360624,3,3,1,31,8,11,23,12,7,1,0,40,3,51,881,51881,66,2012,"4V4MC9EH9CN5","4","V","4","M","C","9","E","H","9","C","N","5",1,1,57,"00014811","5700014811",3,6,1,1,0,0,0,0,0,0,0,999,0,0,0,14,8,5,12,0,0,0,1,42,17111,6,1,6,1,3,0,72,999,0,0,0,0,0,0,0,0,0,0,0,0,0,0,3,3,45,1,1,2,1,0,0,1,98,99,1,1,98,"888888888888","777777777777","777777777777",0,0
36,360625,1,1,1,16,9,11,58,34,0,1,0,36,2,18,404,18404,14,2014,"KL4CJGSB6EB7","K","L","4","C","J","G","S","B","6","E","B","7",0,0,0,"000000000","00000000000",0,0,0,1,0,0,0,0,0,0,0,999,0,0,0,12,8,2,24,0,0,0,1,36,14031,6,1,0,0,3,3,67,999,0,0,0,0,0,0,0,0,0,0,0,0,0,0,1,2,45,1,3,2,1,0,0,1,13,99,1,4,1,"777777777777","777777777777","777777777777",1,0
36,360626,1,1,1,13,8,11,57,8,0,1,0,36,1,20,404,20404,14,2016,"2GNFLFEK4G62","2","G","N","F","L","F","E","K","4","G","6","2",0,0,0,"000000000","00000000000",0,0,0,1,0,0,0,0,0,0,0,999,0,0,0,1,0,5,8,0,0,0,1,36,11372,6,1,0,0,3,0,62,999,0,0,0,0,0,0,0,0,0,0,38,0,0,0,4,1,25,1,1,2,1,2,3,10,80,99,1,1,13,"777777777777","777777777777","777777777777",0,0
36,360627,1,1,5,17,9,10,41,8,0,1,0,36,1,20,423,20423,15,2015,"1GNKVFKD7FJ1","1","G","N","K","V","F","K","D","7","F","J","1",0,0,0,"000000000","00000000000",0,0,0,1,0,0,0,0,0,0,0,999,0,0,0,6,8,5,8,0,0,0,1,36,11364,6,1,0,0,3,0,75,999,0,2,0,2,2,1,2012,11,2015,0,38,31,0,0,4,4,25,1,1,2,1,3,3,13,80,99,1,1,92,"777777777777","777777777777","777777777777",0,0
36,360628,1,1,1,20,9,20,40,30,0,1,0,36,2,54,38,54038,3,2005,"JH4DC53845S0","J","H","4","D","C","5","3","8","4","5","S","0",0,0,0,"000000000","00000000000",0,0,0,1,0,0,0,0,0,0,0,999,0,0,0,9,6,2,30,0,0,0,1,36,14568,6,1,0,0,3,0,68,999,0,0,0,0,0,0,0,0,0,4,0,0,0,0,1,2,50,2,1,2,1,0,0,14,12,99,3,4,7,"777777777777","777777777777","777777777777",1,0
36,360629,1,1,1,20,9,16,22,8,0,1,1,99,9,99,999,99999,99,9999,"999999999999","9","9","9","9","9","9","9","9","9","9","9","9",0,0,0,"000000000","00000000000",0,0,0,1,0,0,0,0,0,0,0,999,0,0,0,14,8,5,8,0,0,0,1,99,99999,9,9,99,0,9,9,999,999,99,99,99,99,99,99,9999,99,9999,0,0,0,0,0,1,2,30,1,1,2,1,0,0,4,80,99,1,1,13,"777777777777","777777777777","777777777777",0,0
36,360630,1,3,1,20,9,15,8,12,1,1,0,50,1,49,46,49046,4,2006,"JTDKB20U0631","J","T","D","K","B","2","0","U","0","6","3","1",0,0,0,"000000000","00000000000",0,0,0,1,0,0,0,0,0,0,0,999,0,0,0,12,8,2,12,0,0,0,1,50,5253,6,1,0,0,3,0,62,119,0,0,0,1,0,1,2012,1,2012,5,26,0,0,0,1,2,55,1,1,2,1,0,0,1,50,16,1,1,20,"777777777777","777777777777","777777777777",0,0
36,360630,2,3,1,20,9,15,8,12,1,1,0,36,1,2,403,2403,14,2002,"1J4FA39S22P7","1","J","4","F","A","3","9","S","2","2","P","7",0,0,0,"000000000","00000000000",0,0,0,1,0,0,0,0,0,0,0,0,0,0,0,6,8,2,12,0,0,0,1,36,12182,6,1,0,0,3,0,70,999,0,0,0,1,0,8,2014,8,2014,0,0,0,0,0,1,2,55,1,1,2,1,0,0,5,53,99,1,1,21,"777777777777","777777777777","777777777777",0,0
36,360630,3,3,2,20,9,15,8,12,1,1,0,12,3,41,56,41056,5,2016,"3MZBM1K79GM2","3","M","Z","B","M","1","K","7","9","G","M","2",0,0,0,"000000000","00000000000",0,0,0,1,0,0,0,0,0,0,0,999,0,0,0,12,8,2,12,0,0,0,1,34,8002,6,1,0,0,3,0,68,999,0,0,0,0,0,0,0,0,0,0,0,0,0,0,1,2,55,1,1,2,1,0,0,1,62,99,1,1,98,"777777777777","777777777777","777777777777",1,0
36,360631,1,2,2,21,9,16,33,12,1,1,0,36,1,72,706,72706,82,2010,"1HD1MBM15AB8","1","H","D","1","M","B","M","1","5","A","B","8",0,0,0,"000000000","00000000000",0,0,0,1,0,0,0,0,0,0,0,999,0,0,0,12,6,2,12,0,0,0,1,36,13440,6,1,6,0,3,3,68,999,0,0,0,0,0,0,0,0,0,0,0,0,0,0,3,2,55,1,1,2,1,0,0,6,51,99,1,2,24,"777777777777","777777777777","777777777777",1,1