"STATE","ST_CASE","VEH_NO","VE_FORMS","NUMOCCS","DAY","MONTH","HOUR","MINUTE","HARM_EV","MAN_COLL","UNITTYPE","HIT_RUN","REG_STAT","OWNER","MAKE","MODEL","MAK_MOD","BODY_TYP","MOD_YEAR","VIN","VIN_1","VIN_2","VIN_3","VIN_4","VIN_5","VIN_6","VIN_7","VIN_8","VIN_9","VIN_10","VIN_11","VIN_12","TOW_VEH","J_KNIFE","MCARR_I1","MCARR_I2","MCARR_ID","GVWR","V_CONFIG","CARGO_BT","HAZ_INV","HAZ_PLAC","HAZ_ID","HAZ_CNO","HAZ_REL","BUS_USE","SPEC_USE","EMER_USE","TRAV_SP","UNDERIDE","ROLLOVER","ROLINLOC","IMPACT1","DEFORMED","TOWED","M_HARM","VEH_SC1","VEH_SC2","FIRE_EXP","DR_PRES","L_STATE","DR_ZIP","L_STATUS","L_TYPE","CDL_STAT","L_ENDORS","L_COMPL","L_RESTRI","DR_HGT","DR_WGT","PREV_ACC","PREV_SUS","PREV_DWI","PREV_SPD","PREV_OTH","FIRST_MO","FIRST_YR","LAST_MO","LAST_YR","SPEEDREL","DR_SF1","DR_SF2","DR_SF3","DR_SF4","VTRAFWAY","VNUM_LAN","VSPD_LIM","VALIGN","VPROFILE","VPAVETYP","VSURCOND","VTRAFCON","VTCONT_F","P_CRASH1","P_CRASH2","P_CRASH3","PCRASH4","PCRASH5","ACC_TYPE","TRLR1VIN","TRLR2VIN","TRLR3VIN","DEATHS","DR_DRINK"
36,360631,2,2,1,21,9,16,33,12,1,1,0,36,2,82,881,82881,64,2000,"1FV6HJAC7YHG","1","F","V","6","H","J","A","C","7","Y","H","G",0,0,99,"999999999","99999999999",2,1,1,1,0,0,0,0,0,0,0,999,0,0,0,6,8,5,12,0,0,0,1,97,0,9,9,99,9,9,9,999,999,99,99,99,99,99,99,9999,99,9999,0,0,0,0,0,3,2,55,1,1,2,1,0,0,1,53,99,1,1,25,"777777777777","777777777777","777777777777",0,0
36,360632,1,2,2,22,9,16,16,12,6,1,0,36,2,49,403,49403,14,2014,"5TDDKRFH3ES0","5","T","D","D","K","R","F","H","3","E","S","0",0,0,0,"000000000","00000000000",0,0,0,1,0,0,0,0,0,0,0,999,0,0,0,12,8,2,12,0,0,0,1,36,11776,6,1,0,0,3,0,62,999,0,0,0,0,0,0,0,0,0,0,0,0,0,0,5,5,45,1,1,2,1,2,3,1,62,99,1,1,69,"777777777777","777777777777","777777777777",0,0
36,360632,2,2,2,22,9,16,16,12,6,1,0,36,1,20,37,20037,4,1999,"1G1NE52J9X62","1","G","1","N","E","5","2","J","9","X","6","2",0,0,0,"000000000","00000000000",0,0,0,1,0,0,0,0,0,0,0,999,0,0,0,3,8,2,12,0,0,0,1,36,11789,6,1,0,0,3,0,60,999,0,0,0,0,0,0,0,0,0,0,38,0,0,0,5,5,45,1,1,2,1,2,3,11,15,99,1,1,68,"777777777777","777777777777","777777777777",1,0
36,360633,1,1,1,14,8,23,27,8,0,1,0,36,2,49,402,49402,14,2006,"JTMBD31V3660","J","T","M","B","D","3","1","V","3","6","6","0",0,0,0,"000000000","00000000000",0,0,0,1,0,0,0,0,0,0,0,999,0,0,0,12,8,2,8,0,0,0,1,36,11758,6,1,0,0,3,0,70,999,0,0,0,0,0,0,0,0,0,0,0,0,0,0,1,2,55,1,1,2,1,0,0,1,80,98,1,1,13,"777777777777","777777777777","777777777777",0,0
36,360634,1,1,1,19,6,5,36,35,0,1,0,9,2,35,47,35047,4,2005,"1N4AL11DX5C3","1","N","4","A","L","1","1","D","X","5","C","3",0,0,0,"000000000","00000000000",0,0,0,1,0,0,0,0,0,0,0,999,0,1,5,12,8,2,1,0,0,0,1,9,6018,6,1,0,0,3,0,65,999,98,0,0,0,1,5,2016,5,2016,4,58,0,0,0,1,2,30,3,2,2,1,0,0,14,11,99,1,4,1,"777777777777","777777777777","777777777777",1,1
36,360635,1,1,1,13,9,11,50,15,0,1,0,36,2,19,3,19003,4,2005,"1G6KD54Y55U1","1","G","6","K","D","5","4","Y","5","5","U","1",0,0,0,"000000000","00000000000",0,0,0,1,0,0,0,0,0,0,0,999,0,0,0,12,8,2,15,0,0,0,1,36,11792,6,1,0,0,3,0,63,999,1,0,0,0,1,4,2015,8,2016,0,0,0,0,0,1,2,50,1,1,2,1,0,0,1,83,99,1,1,13,"777777777777","777777777777","777777777777",0,0
36,360636,1,1,1,22,9,16,56,49,0,1,0,36,1,48,401,48401,14,2002,"JF1SF63572H7","J","F","1","S","F","6","3","5","7","2","H","7",0,0,0,"000000000","00000000000",0,0,0,1,0,0,0,0,0,0,0,999,0,0,0,12,8,2,49,0,0,0,1,36,14767,6,1,0,0,3,3,65,999,3,0,0,1,0,1,2012,2,2016,0,26,0,0,0,1,2,55,1,2,2,1,0,0,1,83,99,1,1,13,"777777777777","777777777777","777777777777",0,0
36,360637,1,1,1,22,9,23,48,8,0,1,1,36,9,55,399,55399,4,9999,"999999999999","9","9","9","9","9","9","9","9","9","9","9","9",0,0,0,"000000000","00000000000",0,0,0,1,0,0,0,0,0,0,0,999,0,0,0,12,8,5,8,0,0,0,1,99,99999,9,9,99,0,9,9,999,999,99,99,99,99,99,99,9999,99,9999,0,38,0,0,0,1,2,30,1,1,2,1,0,0,1,80,99,1,1,13,"777777777777","777777777777","777777777777",0,0
36,360638,1,2,1,22,9,16,26,12,6,1,0,36,1,49,32,49032,4,2007,"2T1BR32E77C7","2","T","1","B","R","3","2","E","7","7","C","7",0,0,0,"000000000","00000000000",0,0,0,1,0,0,0,0,0,0,0,999,0,0,0,9,8,2,12,0,0,0,1,36,12523,6,1,0,0,3,3,71,999,0,0,0,0,0,0,0,0,0,0,38,0,0,0,1,2,55,1,1,2,1,20,3,1,17,99,1,1,89,"777777777777","777777777777","777777777777",1,0
36,360638,2,2,1,22,9,16,26,12,6,1,0,36,1,6,441,6441,20,2015,"2C4RC1BG5FR6","2","C","4","R","C","1","B","G","5","F","R","6",0,0,0,"000000000","00000000000",0,0,0,1,0,0,0,0,0,0,0,999,0,0,0,12,8,2,12,0,0,0,1,36,12503,6,1,0,0,3,0,64,999,0,0,0,0,0,0,0,0,0,0,0,0,0,0,1,2,55,1,1,2,1,0,0,1,66,99,1,1,88,"777777777777","777777777777","777777777777",0,0
36,360639,1,1,1,23,9,10,53,34,0,1,0,36,2,72,706,72706,80,2005,"1HD4CMM135K4","1","H","D","4","C","M","M","1","3","5","K","4",0,0,0,"000000000","00000000000",0,0,0,1,0,0,0,0,0,0,0,999,0,0,0,12,6,2,34,0,0,0,1,36,13361,1,1,0,0,2,0,72,999,1,0,0,0,0,8,2015,8,2015,4,0,0,0,0,1,2,55,3,2,2,1,0,0,14,13,99,1,4,1,"777777777777","777777777777","777777777777",1,0
36,360640,1,1,1,23,9,20,6,8,0,1,1,36,2,49,51,49051,5,2012,"JTDKTUD35CD5","J","T","D","K","T","U","D","3","5","C","D","5",0,0,0,"000000000","00000000000",0,0,0,1,0,0,0,0,0,0,0,999,0,0,0,12,8,2,8,0,0,0,1,36,11229,1,1,0,0,2,2,72,999,0,2,0,1,1,12,2011,7,2013,0,74,0,0,0,1,2,25,1,1,2,1,0,0,1,80,99,1,1,13,"777777777777","777777777777","777777777777",0,0
36,360641,1,1,1,24,9,14,0,8,0,1,0,36,1,49,43,49043,4,2002,"4T1BF28B42U2","4","T","1","B","F","2","8","B","4","2","U","2",0,0,0,"000000000","00000000000",0,0,0,1,0,0,0,0,0,0,0,999,0,0,0,12,8,2,8,0,0,0,1,36,12589,6,1,0,0,3,0,72,999,0,0,0,0,0,0,0,0,0,0,0,0,0,0,1,2,30,1,1,2,1,0,0,1,80,99,1,1,13,"777777777777","777777777777","777777777777",0,0
36,360642,1,1,1,24,9,20,46,42,0,1,0,36,1,98,734,98734,90,2016,"3JBLGAT25GJ0","3","J","B","L","G","A","T","2","5","G","J","0",0,0,0,"000000000","00000000000",0,0,0,1,0,0,0,0,0,0,0,999,0,0,0,12,8,2,42,0,0,0,1,36,13456,6,1,0,0,1,0,69,999,0,0,0,0,0,0,0,0,0,4,0,0,0,0,1,2,55,2,2,2,1,0,0,14,6,99,1,4,6,"777777777777","777777777777","777777777777",1,1
36,360643,1,2,1,24,9,10,25,12,1,1,0,36,1,49,51,49051,5,2009,"JTDKT9035952","J","T","D","K","T","9","0","3","5","9","5","2",0,0,0,"000000000","00000000000",0,0,0,1,0,0,0,0,0,0,0,999,0,0,0,6,8,2,12,0,0,0,1,36,12411,6,1,0,0,3,3,60,999,0,0,0,0,1,3,2015,3,2015,0,0,0,0,0,1,2,45,1,1,2,1,0,0,2,53,99,1,1,29,"777777777777","777777777777","777777777777",0,0
36,360643,2,2,1,24,9,10,25,12,1,1,0,36,1,72,706,72706,80,2013,"1HD1JNV14DB0","1","H","D","1","J","N","V","1","4","D","B","0",0,0,0,"000000000","00000000000",0,0,0,1,0,0,0,0,0,0,0,999,0,0,0,12,8,2,12,0,0,0,1,36,10566,6,1,0,0,3,3,70,999,0,0,0,0,0,0,0,0,0,0,26,0,0,0,1,2,45,1,1,2,1,0,0,1,51,99,1,1,28,"777777777777","777777777777","777777777777",1,0
36,360644,1,1,1,24,9,2,38,42,0,1,0,36,1,22,18,22018,4,2001,"1G2NE52T51M6","1","G","2","N","E","5","2","T","5","1","M","6",0,0,0,"000000000","00000000000",0,0,0,1,0,0,0,0,0,0,0,999,0,0,0,83,6,2,42,0,0,0,1,36,12771,6,1,0,0,3,0,72,999,0,0,0,0,0,0,0,0,0,4,58,0,0,0,1,2,55,3,1,2,1,0,0,14,11,6,4,4,7,"777777777777","777777777777","777777777777",1,1
36,360645,1,1,1,27,9,6,20,8,0,1,0,36,1,20,404,20404,14,2005,"2CNDL23F6560","2","C","N","D","L","2","3","F","6","5","6","0",0,0,0,"000000000","00000000000",0,0,0,1,0,0,0,0,0,0,0,999,0,0,0,12,8,5,8,0,0,0,1,36,11693,6,1,0,0,3,3,70,999,0,0,0,0,0,0,0,0,0,0,0,0,0,0,1,2,25,1,1,2,2,0,0,1,80,99,1,1,13,"777777777777","777777777777","777777777777",0,0
36,360646,1,1,1,29,9,6,40,8,0,1,0,36,1,23,481,23481,31,2006,"1GTEK19Z66Z1","1","G","T","E","K","1","9","Z","6","6","Z","1",0,0,0,"000000000","00000000000",0,0,0,1,0,0,0,0,0,0,0,40,0,0,0,12,8,2,8,0,0,0,1,36,14120,6,1,0,0,3,0,73,999,0,0,0,0,0,0,0,0,0,0,0,0,0,0,5,6,45,1,1,2,2,2,3,1,80,99,1,1,13,"777777777777","777777777777","777777777777",0,0
36,360647,1,2,1,26,9,14,24,12,6,1,0,36,1,12,17,12017,4,2006,"1FAFP53U06A1","1","F","A","F","P","5","3","U","0","6","A","1",0,0,0,"000000000","00000000000",0,0,0,1,0,0,0,0,0,0,0,999,0,0,0,12,8,5,12,0,0,0,1,36,14901,6,1,0,0,3,3,71,999,1,0,0,0,1,2,2012,2,2014,0,48,38,0,0,1,2,45,1,1,2,1,0,0,12,21,99,1,2,98,"777777777777","777777777777","777777777777",0,0
36,360647,2,2,1,26,9,14,24,12,6,1,0,36,1,76,705,76705,80,2001,"JYAVM01E41A0","J","Y","A","V","M","0","1","E","4","1","A","0",0,0,0,"000000000","00000000000",0,0,0,1,0,0,0,0,0,0,0,999,0,0,0,9,8,2,12,0,0,0,1,36,14814,6,1,0,0,3,3,71,999,1,0,0,0,1,11,2012,12,2012,0,0,0,0,0,1,2,45,1,1,2,1,0,0,1,62,7,1,1,98,"777777777777","777777777777","777777777777",1,0
36,360648,1,1,1,30,9,19,3,8,0,1,0,36,1,37,441,37441,20,2002,"2HKRL18042H5","2","H","K","R","L","1","8","0","4","2","H","5",0,0,0,"000000000","00000000000",0,0,0,1,0,0,0,0,0,0,0,999,0,0,0,12,8,5,8,0,0,0,1,36,14611,6,1,0,0,3,3,66,999,0,0,0,0,0,0,0,0,0,0,0,0,0,0,1,3,45,1,1,2,2,0,0,2,80,16,1,1,13,"777777777777","777777777777","777777777777",0,0
36,360649,1,1,1,30,9,12,16,8,0,1,0,36,1,55,421,55421,15,2011,"KM8NU4CC4BU1","K","M","8","N","U","4","C","C","4","B","U","1",0,0,0,"000000000","00000000000",0,0,0,1,0,0,0,0,0,0,0,999,0,0,0,12,8,5,8,0,0,0,1,36,10304,6,1,0,0,3,3,69,999,0,0,0,0,1,5,2014,5,2014,0,0,0,0,0,1,2,25,1,1,2,2,20,3,11,80,99,1,1,13,"777777777777","777777777777","777777777777",0,0
36,360650,1,1,1,19,9,6,31,8,0,1,0,36,2,23,421,23421,15,2002,"1GKEK63U62J3","1","G","K","E","K","6","3","U","6","2","J","3",0,0,0,"000000000","00000000000",0,0,0,1,0,0,0,0,0,0,0,999,0,0,0,12,8,5,8,0,0,0,1,36,11216,6,1,0,0,3,0,69,999,1,0,0,0,0,11,2011,11,2011,0,0,0,0,0,3,3,25,1,1,7,2,0,0,1,80,99,1,1,13,"777777777777","777777777777","777777777777",0,0
36,360651,1,1,1,29,9,16,45,8,0,1,0,36,1,18,22,18022,4,2013,"1G4GL5E33DF2","1","G","4","G","L","5","E","3","3","D","F","2",0,0,0,"000000000","00000000000",0,0,0,1,0,0,0,0,0,0,0,999,0,0,0,1,0,5,8,0,0,0,1,36,11420,6,1,0,0,3,0,66,999,0,0,0,0,0,0,0,0,0,0,38,0,0,0,1,2,25,1,1,2,2,2,3,10,80,99,1,1,13,"777777777777","777777777777","777777777777",0,0
36,360652,1,1,4,1,10,4,45,30,0,1,0,36,1,35,47,35047,4,1998,"1N4DL01D1WC1","1","N","4","D","L","0","1","D","1","W","C","1",0,0,0,"000000000","00000000000",0,0,0,1,0,0,0,0,0,0,0,999,0,0,0,12,6,2,42,0,0,0,1,36,11758,6,1,0,0,3,0,69,999,1,0,0,0,1,6,2014,1,2016,5,0,0,0,0,1,2,30,1,1,2,2,0,0,1,13,99,1,4,1,"777777777777","777777777777","777777777777",1,0
36,360653,1,1,1,26,2,1,59,42,0,1,0,36,1,12,17,12017,4,2006,"1FAFP53U26A1","1","F","A","F","P","5","3","U","2","6","A","1",0,0,0,"000000000","00000000000",0,0,0,1,0,0,0,0,0,0,0,44,0,0,0,3,8,2,42,0,0,0,1,36,13501,6,1,0,0,3,0,71,999,1,0,0,0,0,11,2015,11,2015,4,87,0,0,0,1,2,30,1,2,2,3,0,0,1,12,99,3,4,7,"777777777777","777777777777","777777777777",1,1
36,360654,1,1,2,23,9,21,21,8,0,1,0,36,2,12,24,12024,6,2007,"2FMDK48CX7BB","2","F","M","D","K","4","8","C","X","7","B","B",0,0,0,"000000000","00000000000",0,0,0,1,0,0,0,0,0,0,0,30,0,0,0,12,8,5,8,0,0,0,1,36,11575,6,1,6,0,3,0,75,999,1,0,0,0,0,3,2013,3,2013,0,0,0,0,0,1,4,30,1,1,1,1,3,3,1,80,99,1,1,13,"777777777777","777777777777","777777777777",0,0
36,360655,1,2,1,1,10,16,35,53,0,1,0,36,1,12,37,12037,4,2005,"3FAFP37N05R1","3","F","A","F","P","3","7","N","0","5","R","1",0,0,0,"000000000","00000000000",0,0,0,1,0,0,0,0,0,0,0,999,0,0,0,82,6,2,12,0,0,0,1,36,14610,6,1,0,0,3,3,65,999,1,0,0,0,0,12,2012,12,2012,0,28,0,0,0,1,2,55,1,1,2,2,0,0,1,13,99,1,4,1,"777777777777","777777777777","777777777777",1,0
36,360655,2,2,3,1,10,16,35,53,0,1,0,36,1,37,402,37402,14,2011,"JHLRE4H48BC0","J","H","L","R","E","4","H","4","8","B","C","0",0,0,0,"000000000","00000000000",0,0,0,1,0,0,0,0,0,0,0,35,0,0,0,12,6,2,12,0,0,0,1,36,14411,6,1,0,0,3,0,69,999,0,0,0,0,0,0,0,0,0,0,0,0,0,0,1,2,55,1,1,2,2,0,0,1,62,99,1,1,98,"777777777777","777777777777","777777777777",0,0
36,360656,1,1,1,4,9,16,34,9,0,1,0,36,2,37,402,37402,14,2016,"2HKRM4H71GH6","2","H","K","R","M","4","H","7","1","G","H","6",0,0,0,"000000000","00000000000",0,0,0,1,0,0,0,0,0,0,0,999,0,0,0,11,8,5,9,0,0,0,1,36,11572,6,1,0,0,3,0,63,999,0,0,0,0,0,0,0,0,0,0,0,0,0,0,1,2,25,1,1,1,1,20,3,1,83,99,1,1,13,"777777777777","777777777777","777777777777",0,0
36,360657,1,1,1,29,9,6,8,8,0,1,0,36,3,49,40,49040,4,2014,"4T1BF1FK9EU3","4","T","1","B","F","1","F","K","9","E","U","3",0,0,0,"000000000","00000000000",0,0,0,1,0,0,0,0,0,0,0,999,0,0,0,12,8,5,8,0,0,0,1,36,10472,6,1,0,0,3,3,71,999,0,0,0,0,2,1,2014,9,2015,0,0,0,0,0,1,2,25,1,1,2,1,2,3,1,80,1,1,1,13,"777777777777","777777777777","777777777777",0,0
36,360658,1,1,1,1,10,15,28,11,0,1,0,36,1,37,705,37705,80,2007,"JH2PC40067M0","J","H","2","P","C","4","0","0","6","7","M","0",0,0,0,"000000000","00000000000",0,0,0,1,0,0,0,0,0,0,0,999,0,0,0,12,6,2,1,0,0,0,1,36,14063,6,1,0,0,3,0,67,999,0,0,0,0,1,10,2015,10,2015,5,0,0,0,0,1,2,55,1,1,2,1,0,0,1,87,99,1,1,13,"777777777777","777777777777","777777777777",1,0
36,360659,1,1,1,16,9,19,45,39,0,1,0,36,2,20,481,20481,31,1999,"1GCGK24U2XE2","1","G","C","G","K","2","4","U","2","X","E","2",0,0,0,"000000000","00000000000",0,0,0,1,0,0,0,0,0,0,0,999,0,0,0,63,6,2,39,0,0,0,1,36,12850,6,1,0,0,3,0,65,999,1,1,0,0,0,8,2015,4,2016,4,0,0,0,0,1,2,45,1,1,1,1,0,0,1,13,6,3,4,7,"777777777777","777777777777","777777777777",1,0
36,360660,1,2,1,2,10,2,7,12,2,1,0,36,2,12,37,12037,4,2010,"1FAHP3HN9AW2","1","F","A","H","P","3","H","N","9","A","W","2",0,0,0,"000000000","00000000000",0,0,0,1,0,0,0,0,0,0,0,999,0,0,0,12,8,2,12,0,0,0,1,20,67357,1,1,0,0,2,3,71,999,0,0,0,0,0,0,0,0,0,0,50,0,0,0,3,2,65,1,1,2,2,0,0,1,54,99,1,1,52,"777777777777","777777777777","777777777777",1,1
36,360660,2,2,1,2,10,2,7,12,2,1,0,36,1,2,405,2405,14,2002,"1J4GL48K32W3","1","J","4","G","L","4","8","K","3","2","W","3",0,0,0,"000000000","00000000000",0,0,0,1,0,0,0,0,0,0,0,999,0,0,0,12,8,2,12,0,0,0,1,36,14610,6,1,0,0,3,3,70,999,0,0,0,0,0,0,0,0,0,0,0,0,0,0,3,2,65,1,1,2,2,0,0,1,54,99,1,1,52,"777777777777","777777777777","777777777777",0,0
36,360661,1,1,1,4,10,9,49,8,0,1,0,36,3,98,988,98988,52,2012,"4RKYS92UXC45","4","R","K","Y","S","9","2","U","X","C","4","5",0,0,99,"999999999","99999999999",3,21,22,1,0,0,0,0,6,3,0,999,0,0,0,12,0,5,8,0,0,0,1,36,11203,6,1,6,1,3,3,67,999,0,0,0,0,0,0,0,0,0,0,0,0,0,0,3,3,25,1,1,2,1,3,3,11,80,99,1,1,13,"777777777777","777777777777","777777777777",0,0
36,360662,1,1,1,5,10,0,9,8,0,1,0,36,1,6,54,6054,6,2005,"2C8GM68495R3","2","C","8","G","M","6","8","4","9","5","R","3",0,0,0,"000000000","00000000000",0,0,0,1,0,0,0,0,0,0,0,999,0,0,0,12,8,5,8,0,0,0,1,53,98125,6,1,0,0,3,0,69,999,0,0,0,0,0,0,0,0,0,0,0,0,0,0,3,3,50,1,1,2,1,0,0,1,80,99,1,1,13,"777777777777","777777777777","777777777777",0,0
36,360663,1,1,1,4,10,21,16,8,0,1,0,36,1,76,706,76706,80,2006,"JYARN15E26A0","J","Y","A","R","N","1","5","E","2","6","A","0",0,0,0,"000000000","00000000000",0,0,0,1,0,0,0,0,0,0,0,999,0,0,0,12,8,2,8,0,0,0,1,36,14172,6,1,0,0,3,0,70,999,1,0,0,0,0,9,2014,9,2014,0,0,0,0,0,1,2,50,1,1,2,1,0,0,1,80,99,1,1,13,"777777777777","777777777777","777777777777",0,0
36,360664,1,2,1,4,10,15,1,12,2,1,0,36,1,14,6,14006,4,2001,"2MEFM75WX1X6","2","M","E","F","M","7","5","W","X","1","X","6",0,0,0,"000000000","00000000000",0,0,0,1,0,0,0,0,0,0,0,999,0,0,0,12,6,2,12,0,0,0,1,36,14901,6,1,0,0,3,3,70,999,0,0,0,0,0,0,0,0,0,0,51,0,0,0,2,4,65,3,2,2,1,0,0,14,54,99,1,1,52,"777777777777","777777777777","777777777777",1,0
36,360664,2,2,1,4,10,15,1,12,2,1,0,42,1,2,404,2404,14,2012,"1C4RJFCG8CC1","1","C","4","R","J","F","C","G","8","C","C","1",0,0,0,"000000000","00000000000",0,0,0,1,0,0,0,0,0,0,0,999,0,0,0,12,6,2,12,0,0,0,1,42,18837,6,1,0,0,3,0,65,999,0,0,0,0,0,0,0,0,0,0,0,0,0,0,2,4,65,2,2,2,1,0,0,14,54,99,1,1,52,"777777777777","777777777777","777777777777",0,0
36,360665,1,1,1,24,9,1,58,30,0,1,0,36,1,6,18,6018,4,2014,"1C3CCBBB3EN1","1","C","3","C","C","B","B","B","3","E","N","1",0,0,0,"000000000","00000000000",0,0,0,1,0,0,0,0,0,0,0,999,0,1,5,12,6,2,1,0,0,0,1,36,13334,6,1,0,0,3,0,72,999,0,0,0,0,0,0,0,0,0,5,0,0,0,0,1,2,55,1,2,2,1,0,0,1,13,99,1,4,1,"777777777777","777777777777","777777777777",1,1
36,360666,1,2,1,29,8,18,22,12,2,1,0,36,2,2,403,2403,14,2016,"1C4BJWDG0GL1","1","C","4","B","J","W","D","G","0","G","L","1",0,0,0,"000000000","00000000000",0,0,0,1,0,0,0,0,0,0,0,999,0,0,0,12,8,2,12,0,0,0,1,36,12549,6,2,0,0,3,0,63,999,0,0,0,0,0,0,0,0,0,0,28,0,0,0,1,2,55,1,1,2,1,0,0,1,10,99,1,1,50,"777777777777","777777777777","777777777777",0,0
36,360666,2,2,2,29,8,18,22,12,2,1,0,36,2,55,33,55033,4,2012,"5NPEC4AC4CH4","5","N","P","E","C","4","A","C","4","C","H","4",0,0,0,"000000000","00000000000",0,0,0,1,0,0,0,0,0,0,0,999,0,0,0,12,8,2,12,0,0,0,1,36,12577,6,1,0,0,3,0,68,999,0,0,0,0,0,0,0,0,0,0,0,0,0,0,1,2,55,1,1,2,1,0,0,1,62,99,1,1,51,"777777777777","777777777777","777777777777",2,0
36,360667,1,2,1,5,10,21,51,12,1,1,0,36,1,6,51,6051,4,2012,"2C3CCACG5CH1","2","C","3","C","C","A","C","G","5","C","H","1",0,0,0,"000000000","00000000000",0,0,0,1,0,0,0,0,0,0,0,999,0,0,0,12,8,2,12,0,0,0,1,36,11226,6,1,0,0,3,3,74,999,0,0,0,0,0,0,0,0,0,0,0,0,0,0,2,6,35,1,1,2,1,3,3,1,50,99,1,4,20,"777777777777","777777777777","777777777777",1,0
36,360667,2,2,1,5,10,21,51,12,1,1,0,36,1,49,403,49403,14,2013,"5TDBK3EH3DS1","5","T","D","B","K","3","E","H","3","D","S","1",0,0,0,"000000000","00000000000",0,0,0,1,0,0,0,0,0,0,0,0,0,0,0,6,0,5,12,0,0,0,1,36,10456,6,1,0,0,3,0,66,999,0,0,0,0,1,3,2012,3,2012,0,0,0,0,0,2,6,35,1,1,2,1,3,3,5,53,99,1,1,21,"777777777777","777777777777","777777777777",0,0
36,360668,1,1,1,6,10,21,22,30,0,1,0,36,2,47,35,47035,5,2000,"YS3DD58HXY20","Y","S","3","D","D","5","8","H","X","Y","2","0",0,0,0,"000000000","00000000000",0,0,0,1,0,0,0,0,0,0,0,79,0,2,5,9,6,2,1,0,0,0,1,36,14080,6,1,0,0,3,0,62,999,0,3,0,0,0,3,2012,10,2013,5,8,0,0,0,1,2,55,1,1,2,1,0,0,15,8,99,3,4,2,"777777777777","777777777777","777777777777",1,0
36,360669,1,1,1,7,10,20,17,42,0,1,0,36,1,14,21,14021,4,2007,"3MEHM08Z17R6","3","M","E","H","M","0","8","Z","1","7","R","6",0,0,0,"000000000","00000000000",0,0,0,1,0,0,0,0,0,0,0,999,0,0,0,12,6,2,42,0,0,0,1,36,13135,6,1,0,0,3,0,69,999,1,0,0,1,0,6,2013,6,2013,5,0,0,0,0,1,2,55,1,1,2,1,0,0,1,13,99,1,4,1,"777777777777","777777777777","777777777777",1,1
36,360670,1,3,1,7,10,6,16,12,7,1,0,36,2,24,1,24001,4,1999,"1G8ZH5281XZ3","1","G","8","Z","H","5","2","8","1","X","Z","3",0,0,0,"000000000","00000000000",0,0,0,1,0,0,0,0,0,0,0,999,0,0,0,82,8,2,12,0,0,0,1,36,14094,0,0,0,0,0,0,64,999,0,0,0,0,0,0,0,0,0,0,35,0,0,0,1,2,45,1,1,2,1,0,0,6,10,7,1,2,46,"777777777777","777777777777","777777777777",1,0
36,360670,2,3,2,7,10,6,16,12,7,1,0,36,1,20,403,20403,14,2003,"1GNDT13X63K1","1","G","N","D","T","1","3","X","6","3","K","1",0,0,0,"000000000","00000000000",0,0,0,1,0,0,0,0,0,0,0,999,0,0,0,62,8,5,12,0,0,0,1,36,14304,6,1,0,0,3,0,71,999,0,0,0,1,0,6,2016,6,2016,0,0,0,0,0,1,2,45,1,1,2,1,0,0,1,60,99,1,1,45,"777777777777","777777777777","777777777777",0,0
36,360670,3,3,1,7,10,6,16,12,7,1,0,36,1,63,402,63402,14,2016,"5XYPG4A30GG0","5","X","Y","P","G","4","A","3","0","G","G","0",0,0,0,"000000000","00000000000",0,0,0,1,0,0,0,0,0,0,0,999,0,0,0,12,8,2,12,0,0,0,1,36,14304,6,1,0,0,3,0,71,999,0,2,1,0,0,2,2013,4,2013,0,0,0,0,0,1,2,45,1,1,2,1,0,0,1,62,99,1,1,98,"777777777777","777777777777","777777777777",0,0
36,360671,1,1,1,24,7,3,32,32,0,1,0,36,1,37,706,37706,80,2005,"JH2SC57175M1","J","H","2","S","C","5","7","1","7","5","M","1",0,0,0,"000000000","00000000000",0,0,0,1,0,0,0,0,0,0,0,999,0,0,0,12,6,2,42,0,0,0,1,36,13029,6,1,0,0,3,0,72,999,1,0,0,0,0,7,2014,7,2014,5,0,0,0,0,1,2,99,4,1,2,1,0,0,14,13,99,1,4,1,"777777777777","777777777777","777777777777",1,1
36,360672,1,1,1,9,9,19,57,8,0,1,0,36,1,19,18,19018,4,2004,"1G6DM5773401","1","G","6","D","M","5","7","7","3","4","0","1",0,0,0,"000000000","00000000000",0,0,0,1,0,0,0,0,0,0,0,999,0,0,0,12,8,5,8,0,0,0,1,36,11717,6,1,0,0,3,0,66,999,0,0,0,0,1,6,2012,6,2012,0,0,0,0,0,5,3,40,1,1,2,1,0,0,1,80,99,1,1,13,"777777777777","777777777777","777777777777",0,0
36,360673,1,1,1,13,9,16,27,8,0,1,0,36,2,48,38,48038,4,2002,"JF1GD67552G5","J","F","1","G","D","6","7","5","5","2","G","5",0,0,0,"000000000","00000000000",0,0,0,1,0,0,0,0,0,0,0,999,0,0,0,12,8,2,8,0,0,0,1,36,11766,6,1,0,0,3,3,64,999,0,0,0,0,0,0,0,0,0,0,0,0,0,0,3,5,99,1,1,2,1,0,0,1,80,99,1,1,13,"777777777777","777777777777","777777777777",0,0
36,360674,1,1,2,9,9,21,25,42,0,1,0,95,1,37,32,37032,4,2016,"999999999999","9","9","9","9","9","9","9","9","9","9","9","9",0,0,0,"000000000","00000000000",0,0,0,1,0,0,0,0,0,0,0,999,0,0,0,12,8,2,42,0,0,0,1,95,0,9,9,99,0,9,9,999,999,99,99,99,99,99,99,9999,99,9999,4,0,0,0,0,2,4,30,1,1,2,1,1,3,1,14,99,1,4,14,"777777777777","777777777777","777777777777",1,0