"STATE","ST_CASE","VEH_NO","VE_FORMS","NUMOCCS","DAY","MONTH","HOUR","MINUTE","HARM_EV","MAN_COLL","UNITTYPE","HIT_RUN","REG_STAT","OWNER","MAKE","MODEL","MAK_MOD","BODY_TYP","MOD_YEAR","VIN","VIN_1","VIN_2","VIN_3","VIN_4","VIN_5","VIN_6","VIN_7","VIN_8","VIN_9","VIN_10","VIN_11","VIN_12","TOW_VEH","J_KNIFE","MCARR_I1","MCARR_I2","MCARR_ID","GVWR","V_CONFIG","CARGO_BT","HAZ_INV","HAZ_PLAC","HAZ_ID","HAZ_CNO","HAZ_REL","BUS_USE","SPEC_USE","EMER_USE","TRAV_SP","UNDERIDE","ROLLOVER","ROLINLOC","IMPACT1","DEFORMED","TOWED","M_HARM","VEH_SC1","VEH_SC2","FIRE_EXP","DR_PRES","L_STATE","DR_ZIP","L_STATUS","L_TYPE","CDL_STAT","L_ENDORS","L_COMPL","L_RESTRI","DR_HGT","DR_WGT","PREV_ACC","PREV_SUS","PREV_DWI","PREV_SPD","PREV_OTH","FIRST_MO","FIRST_YR","LAST_MO","LAST_YR","SPEEDREL","DR_SF1","DR_SF2","DR_SF3","DR_SF4","VTRAFWAY","VNUM_LAN","VSPD_LIM","VALIGN","VPROFILE","VPAVETYP","VSURCOND","VTRAFCON","VTCONT_F","P_CRASH1","P_CRASH2","P_CRASH3","PCRASH4","PCRASH5","ACC_TYPE","TRLR1VIN","TRLR2VIN","TRLR3VIN","DEATHS","DR_DRINK"
36,360834,1,2,1,21,11,11,44,12,2,1,0,36,1,19,14,19014,4,2002,"1G6KY549X2U2","1","G","6","K","Y","5","4","9","X","2","U","2",0,0,0,"000000000","00000000000",0,0,0,1,0,0,0,0,0,0,0,999,0,0,0,12,8,2,12,0,0,0,1,36,10970,6,1,0,0,3,0,67,999,0,0,0,0,0,0,0,0,0,0,38,0,0,0,1,2,45,1,1,2,1,0,0,11,15,99,1,1,68,"777777777777","777777777777","777777777777",0,0
36,360834,2,2,1,21,11,11,44,12,2,1,0,36,1,37,31,37031,4,2001,"1HGES16551L0","1","H","G","E","S","1","6","5","5","1","L","0",0,0,0,"000000000","00000000000",0,0,0,1,0,0,0,0,0,0,0,999,0,0,0,12,8,2,12,0,0,0,1,36,10931,6,1,0,0,3,0,60,999,0,0,0,0,0,0,0,0,0,0,0,0,0,0,1,2,45,1,1,2,1,0,0,1,62,99,1,1,69,"777777777777","777777777777","777777777777",1,0
36,360835,1,1,2,3,12,2,5,8,0,1,1,36,2,34,34,34034,4,2013,"WBA3B5C55DF5","W","B","A","3","B","5","C","5","5","D","F","5",0,0,0,"000000000","00000000000",0,0,0,1,0,0,0,0,0,0,0,999,0,0,0,62,0,5,8,0,0,0,1,36,13903,6,1,0,0,3,0,67,999,1,0,0,0,2,12,2012,6,2016,0,0,0,0,0,3,3,30,1,1,2,2,0,0,1,80,99,1,1,13,"777777777777","777777777777","777777777777",0,0
36,360836,1,1,2,28,10,8,17,14,0,1,0,23,2,12,402,12402,14,2013,"1FMCU9H93DUD","1","F","M","C","U","9","H","9","3","D","U","D",0,0,0,"000000000","00000000000",0,0,0,1,0,0,0,0,0,0,0,999,0,1,2,12,6,2,8,0,0,0,1,23,4009,1,1,1,0,2,2,70,160,0,0,0,0,0,0,0,0,0,5,74,0,0,0,3,2,65,1,2,2,2,0,0,1,13,99,1,4,11,"777777777777","777777777777","777777777777",0,0
36,360837,1,2,1,5,12,18,11,12,2,1,0,36,1,48,34,48034,6,1998,"4S3BG6858W76","4","S","3","B","G","6","8","5","8","W","7","6",0,0,0,"000000000","00000000000",0,0,0,1,0,0,0,0,0,0,0,999,0,0,0,12,8,2,12,0,0,0,1,36,13420,6,1,0,0,3,3,70,999,0,0,0,0,0,0,0,0,0,0,51,0,0,0,2,4,55,1,1,2,2,0,0,1,54,99,1,1,52,"777777777777","777777777777","777777777777",1,1
36,360837,2,2,1,5,12,18,11,12,2,1,0,36,1,20,2,20002,4,2011,"2G1WF5EK1B12","2","G","1","W","F","5","E","K","1","B","1","2",0,0,0,"000000000","00000000000",0,0,0,1,0,0,0,0,0,0,0,999,0,0,0,12,8,2,12,0,0,0,1,36,13440,6,1,0,0,3,3,63,999,1,0,0,0,0,2,2014,2,2014,0,0,0,0,0,2,4,55,1,1,2,2,0,0,1,54,99,1,1,52,"777777777777","777777777777","777777777777",0,0
36,360838,1,1,1,5,11,18,6,8,0,1,1,99,9,99,999,99999,99,9999,"999999999999","9","9","9","9","9","9","9","9","9","9","9","9",0,0,0,"000000000","00000000000",0,0,0,1,0,0,0,0,0,0,0,999,0,0,0,99,8,5,8,0,0,0,1,99,99999,9,9,99,9,9,9,999,999,99,99,99,99,99,99,9999,99,9999,0,0,0,0,0,1,2,99,1,2,2,1,0,0,99,80,99,1,1,13,"777777777777","777777777777","777777777777",0,0
36,360839,3,1,1,6,12,17,40,38,0,1,0,36,3,20,481,20481,31,2006,"1FTSW21P96EC","1","F","T","S","W","2","1","P","9","6","E","C",0,0,0,"000000000","00000000000",0,0,0,1,0,0,0,0,0,0,0,999,0,0,0,12,8,2,14,0,0,0,1,36,11742,6,1,0,0,3,0,71,999,2,0,0,0,0,10,2013,9,2014,0,0,0,0,0,5,3,30,1,1,2,1,0,0,1,13,99,1,4,1,"777777777777","777777777777","777777777777",1,0
36,360840,1,1,1,7,12,19,10,42,0,1,0,36,1,49,401,49401,14,2010,"JTEBU5JR3A50","J","T","E","B","U","5","J","R","3","A","5","0",0,0,0,"000000000","00000000000",0,0,0,1,0,0,0,0,0,0,0,999,0,0,0,12,8,2,42,0,0,0,1,36,11766,6,1,0,0,3,3,76,999,1,0,0,0,0,7,2013,7,2013,0,0,0,0,0,1,2,30,1,2,2,1,0,0,1,13,99,1,4,1,"777777777777","777777777777","777777777777",1,0
36,360841,1,1,1,7,12,17,8,8,0,1,0,36,1,47,401,47401,14,2005,"5S3ET13M2528","5","S","3","E","T","1","3","M","2","5","2","8",0,0,0,"000000000","00000000000",0,0,0,1,0,0,0,0,0,0,0,999,0,0,0,12,8,2,8,0,0,0,1,36,12866,6,1,0,0,3,0,68,999,0,2,1,0,0,9,2015,6,2016,0,0,0,0,0,5,4,55,1,1,2,2,0,0,1,80,99,1,1,13,"777777777777","777777777777","777777777777",0,0
36,360842,1,1,1,9,12,12,43,30,0,1,0,36,1,12,13,12013,6,1996,"1FASP15J0TW1","1","F","A","S","P","1","5","J","0","T","W","1",0,0,0,"000000000","00000000000",0,0,0,1,0,0,0,0,0,0,0,999,0,0,0,12,8,2,30,0,0,0,1,36,11375,6,1,0,0,3,3,66,999,0,0,0,0,0,0,0,0,0,0,0,0,0,0,1,4,25,1,1,2,1,0,0,1,13,99,1,4,1,"777777777777","777777777777","777777777777",1,0
36,360843,1,2,1,9,12,23,50,8,0,1,1,99,9,99,999,99999,99,9999,"999999999999","9","9","9","9","9","9","9","9","9","9","9","9",0,0,0,"000000000","00000000000",0,0,0,1,0,0,0,0,0,0,0,999,0,0,0,12,8,5,8,0,0,0,1,99,99999,9,9,99,9,9,9,999,999,99,99,99,99,99,99,9999,99,9999,0,0,0,0,0,1,4,30,1,3,2,1,3,3,1,80,99,1,1,13,"777777777777","777777777777","777777777777",0,0
36,360843,2,2,2,9,12,23,50,8,0,1,0,36,1,41,402,41402,14,2004,"4F2YZ94194KM","4","F","2","Y","Z","9","4","1","9","4","K","M",0,0,0,"000000000","00000000000",0,0,0,1,0,0,0,0,0,0,0,999,0,0,0,12,8,5,8,0,0,0,1,36,14605,6,1,0,0,3,0,67,999,0,0,0,0,0,0,0,0,0,0,0,0,0,0,1,4,30,1,3,2,1,3,3,1,80,99,1,1,98,"777777777777","777777777777","777777777777",0,0
36,360844,1,1,1,9,12,19,57,9,0,1,0,36,2,2,407,2407,14,2015,"1C4NJRBB3FD3","1","C","4","N","J","R","B","B","3","F","D","3",0,0,0,"000000000","00000000000",0,0,0,1,0,0,0,0,0,0,0,30,0,0,0,12,8,2,9,0,0,0,1,36,11560,6,1,0,0,3,0,63,999,0,0,0,0,0,0,0,0,0,0,0,0,0,0,1,2,30,1,1,2,1,0,0,1,83,99,1,1,13,"777777777777","777777777777","777777777777",0,0
36,360845,1,1,2,30,8,6,7,31,0,1,0,36,2,37,32,37032,2,2005,"1HGCM72715A0","1","H","G","C","M","7","2","7","1","5","A","0",0,0,0,"000000000","00000000000",0,0,0,1,0,0,0,0,0,0,0,999,0,0,0,9,6,2,42,0,0,0,1,36,12553,6,1,0,0,3,0,64,999,1,15,0,2,0,9,2011,7,2016,5,0,0,0,0,6,1,99,2,2,2,1,0,0,14,13,99,1,1,98,"777777777777","777777777777","777777777777",1,0
36,360846,1,1,1,9,12,17,32,8,0,1,0,36,1,20,36,20036,2,2007,"2G1WJ15K5794","2","G","1","W","J","1","5","K","5","7","9","4",0,0,0,"000000000","00000000000",0,0,0,1,0,0,0,0,0,0,0,999,0,0,0,12,8,2,8,0,0,0,1,36,13802,6,2,0,0,3,3,73,999,1,1,0,0,1,11,2013,4,2016,0,24,0,0,0,1,2,45,2,1,2,2,0,0,14,13,99,1,4,13,"777777777777","777777777777","777777777777",0,0
36,360847,1,2,1,2,10,22,10,12,2,1,0,36,2,2,405,2405,14,2011,"1J4PN2GK1BW5","1","J","4","P","N","2","G","K","1","B","W","5",0,0,0,"000000000","00000000000",0,0,0,1,0,0,0,0,0,0,0,999,0,0,0,12,6,2,12,0,0,0,1,36,11727,6,1,0,0,3,0,68,999,3,0,0,0,3,2,2015,7,2016,0,0,0,0,0,1,2,99,1,1,2,2,3,3,1,68,99,1,1,90,"777777777777","777777777777","777777777777",0,0
36,360847,2,2,1,2,10,22,10,12,2,1,0,36,1,2,405,2405,14,2002,"1J4GL48K32W1","1","J","4","G","L","4","8","K","3","2","W","1",0,0,0,"000000000","00000000000",0,0,0,1,0,0,0,0,0,0,0,999,0,0,0,12,6,2,12,0,0,0,1,36,11767,6,1,0,0,3,0,70,999,1,0,0,0,0,6,2015,6,2015,0,38,0,0,0,1,3,99,1,1,2,1,20,3,99,19,99,1,1,90,"777777777777","777777777777","777777777777",1,0
36,360848,1,1,1,7,10,3,35,8,0,1,0,36,1,37,32,37032,4,2003,"1HGCM56303A1","1","H","G","C","M","5","6","3","0","3","A","1",0,0,0,"000000000","00000000000",0,0,0,1,0,0,0,0,0,0,0,999,0,0,0,12,8,5,8,0,0,0,1,36,11701,6,1,6,0,3,0,66,999,0,0,0,0,0,0,0,0,0,0,0,0,0,0,5,3,30,1,1,2,1,0,0,1,80,99,1,1,13,"777777777777","777777777777","777777777777",0,0
36,360849,1,2,4,14,2,2,47,12,2,1,0,36,3,99,898,99898,78,2008,"999999999999","9","9","9","9","9","9","9","9","9","9","9","9",0,0,77,"777777777","77777777777",3,19,98,1,0,0,0,0,0,7,5,999,0,0,0,12,8,2,12,0,0,0,1,36,10701,6,1,6,0,3,3,67,999,0,1,0,0,0,12,2012,12,2012,0,0,0,0,0,1,2,30,4,1,2,1,0,0,14,62,99,1,1,51,"777777777777","777777777777","777777777777",0,0
36,360849,2,2,1,14,2,2,47,12,2,1,0,36,1,49,403,49403,14,2003,"JTEHF21A8301","J","T","E","H","F","2","1","A","8","3","0","1",0,0,0,"000000000","00000000000",0,0,0,1,0,0,0,0,0,0,0,999,0,0,0,12,8,2,12,0,0,0,1,36,10701,6,1,0,0,3,0,66,999,0,0,0,0,0,0,0,0,0,0,28,0,0,0,1,2,30,4,1,2,1,0,0,14,10,99,1,2,50,"777777777777","777777777777","777777777777",1,1
36,360850,1,2,1,12,11,5,11,12,1,1,0,34,3,84,884,84884,66,2013,"1HTMMAAN5DH4","1","H","T","M","M","A","A","N","5","D","H","4",1,1,99,"999999999","99999999999",3,6,1,1,0,0,0,0,0,0,0,999,0,1,9,6,0,3,12,0,0,0,1,34,7631,1,1,1,2,2,2,66,999,3,1,0,0,3,9,2012,6,2016,0,74,0,0,0,3,5,99,1,1,2,1,0,0,1,53,99,1,1,25,"999999999999","777777777777","777777777777",0,0
36,360850,2,2,2,12,11,5,11,12,1,1,0,36,2,19,18,19018,2,2012,"1G6DL1E32C01","1","G","6","D","L","1","E","3","2","C","0","1",0,0,0,"000000000","00000000000",0,0,0,1,0,0,0,0,0,0,0,999,0,0,0,12,6,2,12,0,0,0,1,36,11365,6,1,0,0,3,0,71,999,0,2,0,1,3,2,2012,4,2015,5,27,0,0,0,3,5,99,1,1,2,1,0,0,15,51,99,1,1,24,"777777777777","777777777777","777777777777",1,1
36,360851,1,1,1,9,12,16,51,8,0,1,0,34,3,82,881,82881,63,2006,"1FVHCYCS66HW","1","F","V","H","C","Y","C","S","6","6","H","W",0,0,57,"1655336","571655336",3,2,3,1,0,0,0,0,0,0,0,999,0,0,0,12,8,5,8,0,0,0,1,34,7501,6,1,6,1,3,0,71,999,0,0,0,0,7,3,2012,8,2016,0,38,0,0,0,4,4,25,1,1,2,1,3,3,11,80,99,1,1,13,"777777777777","777777777777","777777777777",0,0
36,360852,1,1,1,8,12,16,59,8,0,1,0,36,1,55,33,55033,4,2009,"5NPET46C19H4","5","N","P","E","T","4","6","C","1","9","H","4",0,0,0,"000000000","00000000000",0,0,0,1,0,0,0,0,0,0,0,40,0,0,0,12,8,2,8,0,0,0,1,36,14420,6,1,0,0,3,0,68,999,1,0,0,1,1,2,2012,11,2016,0,0,0,0,0,5,5,40,1,1,2,1,0,0,1,80,99,1,1,13,"777777777777","777777777777","777777777777",0,0
36,360853,1,1,2,1,12,6,36,34,0,1,0,36,1,30,40,30040,4,2004,"3VWSE69M34M0","3","V","W","S","E","6","9","M","3","4","M","0",0,0,0,"000000000","00000000000",0,0,0,1,0,0,0,0,0,0,0,999,0,1,5,12,6,2,42,0,0,1,1,36,14009,6,1,0,0,3,0,68,999,1,0,0,0,0,9,2014,9,2014,4,0,0,0,0,1,2,55,1,2,2,2,0,0,1,12,99,1,4,6,"777777777777","777777777777","777777777777",1,0
36,360854,1,2,1,7,9,7,4,12,2,1,0,36,2,7,403,7403,14,2010,"1J4AA2D19AL1","1","J","4","A","A","2","D","1","9","A","L","1",0,0,0,"000000000","00000000000",0,0,0,1,0,0,0,0,0,0,0,52,0,1,1,12,8,2,12,0,0,0,1,36,12827,6,1,0,0,3,0,67,999,1,0,0,0,1,5,2014,5,2014,3,28,0,0,0,1,2,40,2,2,2,1,0,0,14,10,99,1,2,50,"777777777777","777777777777","777777777777",0,0
36,360854,2,2,1,7,9,7,4,12,2,1,0,36,1,37,31,37031,2,1997,"1HGEJ8141VL0","1","H","G","E","J","8","1","4","1","V","L","0",0,0,0,"000000000","00000000000",0,0,0,1,0,0,0,0,0,0,0,999,0,0,0,12,8,2,12,0,0,0,1,36,12887,6,1,0,0,3,0,66,999,0,0,0,0,0,0,0,0,0,0,0,0,0,0,1,2,40,3,2,2,1,0,0,14,62,99,1,1,51,"777777777777","777777777777","777777777777",1,0
36,360855,1,2,1,15,11,0,49,12,1,1,0,36,1,48,34,48034,6,2003,"4S3BH6355363","4","S","3","B","H","6","3","5","5","3","6","3",0,0,0,"000000000","00000000000",0,0,0,1,0,0,0,0,0,0,0,0,0,1,2,6,6,2,1,0,0,0,1,36,12801,6,1,0,0,3,0,63,999,0,1,0,0,0,9,2015,9,2015,0,0,0,0,0,2,3,65,4,1,2,1,0,0,7,50,99,1,1,21,"777777777777","777777777777","777777777777",1,0
36,360855,2,2,1,15,11,0,49,12,1,1,0,18,1,84,884,84884,66,2016,"3HSDJAPR0GN2","3","H","S","D","J","A","P","R","0","G","N","2",1,1,57,"1880751","571880751",3,6,1,1,0,0,0,0,0,0,0,999,0,0,0,12,8,2,12,0,0,0,1,42,17315,6,1,6,1,3,0,999,999,1,0,0,1,0,6,2014,1,2016,0,0,0,0,0,2,3,65,4,1,2,1,0,0,14,50,99,1,1,20,"999999999999","777777777777","777777777777",0,0
36,360856,1,1,1,10,12,11,50,38,0,1,0,36,1,12,471,12471,30,2003,"1FTYR10D23TA","1","F","T","Y","R","1","0","D","2","3","T","A",0,0,0,"000000000","00000000000",0,0,0,1,0,0,0,0,0,0,0,999,0,0,0,12,8,2,19,0,0,0,1,36,11743,6,1,0,0,3,0,72,999,1,0,0,0,0,4,2016,4,2016,0,0,0,0,0,1,2,30,1,1,2,1,0,0,1,12,99,1,4,6,"777777777777","777777777777","777777777777",1,0
36,360857,1,1,1,7,8,17,36,1,0,1,0,36,1,77,706,77706,80,2010,"5VPEB36D6A30","5","V","P","E","B","3","6","D","6","A","3","0",0,0,0,"000000000","00000000000",0,0,0,1,0,0,0,0,0,0,0,47,0,0,0,0,8,5,1,0,0,0,1,36,14612,6,1,6,0,3,0,70,999,0,0,0,0,0,0,0,0,0,0,0,0,0,0,1,2,55,3,2,2,1,0,0,14,13,99,1,4,1,"777777777777","777777777777","777777777777",1,0
36,360858,1,2,1,27,11,4,0,12,2,1,0,36,2,20,461,20461,21,2001,"1GAGG25R4112","1","G","A","G","G","2","5","R","4","1","1","2",0,0,0,"000000000","00000000000",0,0,0,1,0,0,0,0,0,0,0,55,0,0,0,12,8,2,12,0,0,0,1,36,11967,6,1,0,0,3,0,69,999,0,0,0,0,0,0,0,0,0,0,0,0,0,0,3,2,55,1,1,2,1,0,0,1,54,99,1,1,52,"777777777777","777777777777","777777777777",1,0
36,360858,2,2,2,27,11,4,0,12,2,1,0,36,2,58,37,58037,2,2004,"JNKCV54E14M8","J","N","K","C","V","5","4","E","1","4","M","8",0,0,0,"000000000","00000000000",0,0,0,1,0,0,0,0,0,0,0,100,0,0,0,12,8,2,12,0,0,0,1,36,11717,6,1,0,0,3,0,69,999,2,2,0,0,2,9,2012,11,2014,3,39,50,0,0,3,2,55,1,1,2,1,28,3,1,54,99,1,1,52,"777777777777","777777777777","777777777777",2,1
36,360859,1,1,1,10,11,17,0,8,0,1,0,36,1,37,31,37031,4,2016,"2HGFC2F58GH5","2","H","G","F","C","2","F","5","8","G","H","5",0,0,0,"000000000","00000000000",0,0,0,1,0,0,0,0,0,0,0,998,0,0,0,12,8,2,8,0,0,0,1,36,11767,6,1,0,0,3,0,61,999,0,0,0,0,0,0,0,0,0,0,0,0,0,0,5,4,98,1,1,2,1,1,3,1,80,99,1,1,13,"777777777777","777777777777","777777777777",0,0
36,360860,1,2,1,27,9,4,37,12,2,1,0,36,3,12,462,12462,21,2016,"1FTYR2CM0GKA","1","F","T","Y","R","2","C","M","0","G","K","A",0,0,0,"000000000","00000000000",0,0,0,1,0,0,0,0,0,0,0,999,0,0,0,12,8,8,12,0,0,0,1,36,11706,1,1,0,0,2,2,65,999,0,3,0,0,0,7,2016,7,2016,0,74,0,0,0,3,3,99,1,1,2,2,0,0,1,54,99,1,1,98,"777777777777","777777777777","777777777777",1,0
36,360860,2,2,1,27,9,4,37,12,2,1,0,36,2,35,401,35401,14,2000,"JN8AR07Y3YW4","J","N","8","A","R","0","7","Y","3","Y","W","4",0,0,0,"000000000","00000000000",0,0,0,1,0,0,0,0,0,0,0,999,0,0,0,12,8,8,2,0,0,1,1,36,11735,6,1,0,0,3,0,74,999,0,0,0,0,0,0,0,0,0,0,51,0,0,0,3,3,99,1,1,2,2,0,0,1,54,99,1,1,98,"777777777777","777777777777","777777777777",0,0
36,360861,1,1,1,23,11,16,11,48,0,1,0,36,1,12,481,12481,31,2003,"1FTRX17273NA","1","F","T","R","X","1","7","2","7","3","N","A",0,0,0,"000000000","00000000000",0,0,0,1,0,0,0,0,0,0,0,30,0,0,0,12,0,3,48,0,0,0,1,36,13165,6,1,0,0,3,0,66,999,0,0,0,0,0,0,0,0,0,0,0,0,0,0,1,2,30,1,1,2,2,0,0,1,12,99,1,4,6,"777777777777","777777777777","777777777777",1,0
36,360862,1,1,1,14,10,9,30,9,0,1,0,36,2,49,40,49040,4,1998,"4T1BF22K8WU0","4","T","1","B","F","2","2","K","8","W","U","0",0,0,0,"000000000","00000000000",0,0,0,1,0,0,0,0,0,0,0,999,0,0,0,12,8,2,9,0,0,0,1,36,11779,6,1,0,0,3,0,67,999,0,0,0,0,0,0,0,0,0,0,0,0,0,0,2,5,98,1,1,2,1,3,3,11,83,99,1,1,13,"777777777777","777777777777","777777777777",0,0
36,360863,1,2,1,7,9,23,50,12,7,1,0,36,2,37,32,37032,4,2008,"1HGCP267X8A0","1","H","G","C","P","2","6","7","X","8","A","0",0,0,0,"000000000","00000000000",0,0,0,1,0,0,0,0,0,0,0,999,0,0,0,62,8,2,12,0,0,0,1,42,18505,6,1,0,0,3,0,73,999,0,0,0,0,0,0,0,0,0,0,48,0,0,0,1,2,50,1,1,2,1,0,0,11,15,99,1,1,72,"777777777777","777777777777","777777777777",0,0
36,360863,2,2,1,7,9,23,50,12,7,1,0,36,1,59,35,59035,4,2016,"JTHCM1D23G50","J","T","H","C","M","1","D","2","3","G","5","0",0,0,0,"000000000","00000000000",0,0,0,1,0,0,0,0,0,0,0,999,0,1,5,82,6,2,1,0,0,0,1,36,10901,6,1,0,0,3,0,68,999,1,1,0,0,0,7,2012,8,2015,3,35,0,0,0,1,2,50,1,1,2,1,0,0,6,52,6,1,2,73,"777777777777","777777777777","777777777777",0,0
36,360864,1,1,1,17,10,20,48,8,0,1,0,36,1,6,43,6043,4,2008,"1C3LC56J28N1","1","C","3","L","C","5","6","J","2","8","N","1",0,0,0,"000000000","00000000000",0,0,0,1,0,0,0,0,0,0,0,29,0,0,0,12,8,2,8,0,0,0,1,36,13413,6,1,0,0,3,0,64,999,0,0,0,1,1,7,2012,8,2016,0,0,0,0,0,5,5,40,1,1,2,1,3,3,1,80,99,1,1,13,"777777777777","777777777777","777777777777",0,0
36,360865,1,1,1,4,12,17,7,8,0,1,0,36,2,35,43,35043,4,2005,"3N1CB51DX5L4","3","N","1","C","B","5","1","D","X","5","L","4",0,0,0,"000000000","00000000000",0,0,0,1,0,0,0,0,0,0,0,999,0,0,0,12,8,2,8,0,0,0,1,36,11746,0,0,0,0,0,0,999,999,0,0,0,0,0,0,0,0,0,0,0,0,0,0,2,3,30,1,3,2,1,0,0,1,80,99,1,1,13,"777777777777","777777777777","777777777777",0,0
36,360866,1,2,2,1,12,22,25,12,2,1,0,36,1,48,403,48403,14,2015,"JF2GPAPC7FH2","J","F","2","G","P","A","P","C","7","F","H","2",0,0,0,"000000000","00000000000",0,0,0,1,0,0,0,0,0,0,0,999,0,0,0,12,6,2,12,0,0,0,1,36,12037,6,1,0,0,3,3,62,999,0,0,0,0,0,0,0,0,0,0,38,0,0,0,1,3,50,2,2,2,1,3,3,11,15,99,1,1,68,"777777777777","777777777777","777777777777",0,0
36,360866,2,2,4,1,12,22,25,12,2,1,0,36,1,37,31,37031,2,2004,"1HGEM22334L0","1","H","G","E","M","2","2","3","3","4","L","0",0,0,0,"000000000","00000000000",0,0,0,1,0,0,0,0,0,0,0,999,0,0,0,12,6,2,12,0,0,0,1,36,12015,6,1,0,0,3,0,64,999,0,0,0,0,0,0,0,0,0,0,0,0,0,0,1,3,50,3,2,2,1,3,3,14,62,99,1,1,69,"777777777777","777777777777","777777777777",1,0
36,360867,1,1,1,13,12,16,50,8,0,1,0,36,1,48,401,48401,14,2013,"JF2SHADC5DH4","J","F","2","S","H","A","D","C","5","D","H","4",0,0,0,"000000000","00000000000",0,0,0,1,0,0,0,0,0,0,0,999,0,0,0,12,8,2,8,0,0,0,1,36,10461,6,1,0,0,3,0,66,999,0,0,0,0,0,0,0,0,0,0,0,0,0,0,3,3,50,1,1,2,1,0,0,1,80,99,1,1,13,"777777777777","777777777777","777777777777",0,0
36,360868,1,1,1,5,12,5,45,8,0,1,0,42,3,20,461,20461,29,2012,"1GCWGGCGXC12","1","G","C","W","G","G","C","G","X","C","1","2",0,0,0,"000000000","00000000000",0,0,0,1,0,0,0,0,0,0,0,999,0,0,0,12,8,2,8,0,0,0,1,36,11787,6,1,0,0,3,0,65,999,0,0,0,0,0,0,0,0,0,0,0,0,0,0,1,4,40,2,2,2,2,3,3,14,80,99,1,1,13,"777777777777","777777777777","777777777777",0,0
36,360869,1,2,1,14,12,6,55,12,2,1,0,36,3,98,806,98806,61,2014,"JHHSDM2H7EK0","J","H","H","S","D","M","2","H","7","E","K","0",0,0,57,"1742245","571742245",2,1,1,1,0,0,0,0,0,0,0,999,0,0,0,12,8,2,12,0,0,0,1,36,12779,6,1,0,0,3,0,63,999,0,0,0,0,0,0,0,0,0,0,28,0,0,0,1,2,55,1,1,2,1,0,0,1,10,99,1,2,50,"777777777777","777777777777","777777777777",1,0
36,360869,2,2,1,14,12,6,55,12,2,1,0,18,3,82,881,82881,66,2016,"3AKJGLD57GSG","3","A","K","J","G","L","D","5","7","G","S","G",1,1,57,"264184","57264184",3,6,1,1,0,0,0,0,0,0,0,999,0,0,0,12,8,2,12,0,0,0,1,29,65301,6,1,6,1,3,0,72,240,0,0,0,1,0,9,2013,9,2013,0,0,0,0,0,1,2,55,1,1,2,1,0,0,1,62,99,1,1,51,"999999999999","777777777777","777777777777",1,0
36,360870,1,1,1,15,12,6,48,9,0,1,0,36,3,86,881,86881,63,2016,"1M2AX04CXGM0","1","M","2","A","X","0","4","C","X","G","M","0",0,0,57,"1383751","571383751",3,2,5,1,0,0,0,0,0,0,0,999,0,0,0,12,0,5,9,0,0,0,1,36,11552,6,1,6,1,3,0,72,999,0,0,0,0,0,0,0,0,0,0,38,0,0,0,4,2,35,1,1,2,1,2,3,10,83,99,1,1,13,"777777777777","777777777777","777777777777",0,0
36,360871,1,2,2,14,12,12,1,12,2,1,0,36,1,20,431,20431,16,1993,"1GNGC26N6PJ3","1","G","N","G","C","2","6","N","6","P","J","3",0,0,0,"000000000","00000000000",0,0,0,1,0,0,0,0,0,0,0,999,0,0,0,12,8,2,12,0,0,0,1,36,14589,6,1,0,0,3,0,69,999,0,0,0,0,0,0,0,0,0,0,27,38,0,0,3,3,55,1,1,2,1,3,3,11,15,99,1,1,68,"777777777777","777777777777","777777777777",1,0
36,360871,2,2,1,14,12,12,1,12,2,1,0,36,1,18,22,18022,4,2016,"1G4GE5G39GF1","1","G","4","G","E","5","G","3","9","G","F","1",0,0,0,"000000000","00000000000",0,0,0,1,0,0,0,0,0,0,0,37,0,0,0,12,8,2,12,0,0,0,1,36,14590,6,1,0,0,3,3,68,999,0,0,0,0,0,0,0,0,0,0,0,0,0,0,3,3,55,1,1,2,1,3,3,1,62,99,1,1,69,"777777777777","777777777777","777777777777",0,0
36,360872,1,2,2,15,12,9,37,12,6,1,0,36,2,20,37,20037,4,2006,"1G1ZS51F46F2","1","G","1","Z","S","5","1","F","4","6","F","2",0,0,0,"000000000","00000000000",0,0,0,1,0,0,0,0,0,0,0,999,0,0,0,3,6,2,12,0,0,0,1,36,13135,6,7,0,0,2,2,73,999,0,0,0,0,1,8,2016,8,2016,5,73,28,0,0,1,2,55,2,2,2,3,0,0,14,6,99,4,2,62,"777777777777","777777777777","777777777777",1,0
36,360872,2,2,2,15,12,9,37,12,6,1,0,36,1,18,22,18022,4,2012,"1G4GB5ER7CF3","1","G","4","G","B","5","E","R","7","C","F","3",0,0,0,"000000000","00000000000",0,0,0,1,0,0,0,0,0,0,0,999,0,0,0,12,8,2,12,0,0,0,1,36,13069,6,1,0,0,3,0,67,999,0,0,0,0,0,0,0,0,0,0,0,0,0,0,1,2,55,2,2,2,3,0,0,14,62,99,1,1,62,"777777777777","777777777777","777777777777",0,0