"STATE","ST_CASE","VEH_NO","VE_FORMS","NUMOCCS","DAY","MONTH","HOUR","MINUTE","HARM_EV","MAN_COLL","UNITTYPE","HIT_RUN","REG_STAT","OWNER","MAKE","MODEL","MAK_MOD","BODY_TYP","MOD_YEAR","VIN","VIN_1","VIN_2","VIN_3","VIN_4","VIN_5","VIN_6","VIN_7","VIN_8","VIN_9","VIN_10","VIN_11","VIN_12","TOW_VEH","J_KNIFE","MCARR_I1","MCARR_I2","MCARR_ID","GVWR","V_CONFIG","CARGO_BT","HAZ_INV","HAZ_PLAC","HAZ_ID","HAZ_CNO","HAZ_REL","BUS_USE","SPEC_USE","EMER_USE","TRAV_SP","UNDERIDE","ROLLOVER","ROLINLOC","IMPACT1","DEFORMED","TOWED","M_HARM","VEH_SC1","VEH_SC2","FIRE_EXP","DR_PRES","L_STATE","DR_ZIP","L_STATUS","L_TYPE","CDL_STAT","L_ENDORS","L_COMPL","L_RESTRI","DR_HGT","DR_WGT","PREV_ACC","PREV_SUS","PREV_DWI","PREV_SPD","PREV_OTH","FIRST_MO","FIRST_YR","LAST_MO","LAST_YR","SPEEDREL","DR_SF1","DR_SF2","DR_SF3","DR_SF4","VTRAFWAY","VNUM_LAN","VSPD_LIM","VALIGN","VPROFILE","VPAVETYP","VSURCOND","VTRAFCON","VTCONT_F","P_CRASH1","P_CRASH2","P_CRASH3","PCRASH4","PCRASH5","ACC_TYPE","TRLR1VIN","TRLR2VIN","TRLR3VIN","DEATHS","DR_DRINK"
36,360908,1,1,1,29,12,6,45,8,0,1,1,99,9,99,999,99999,99,9999,"999999999999","9","9","9","9","9","9","9","9","9","9","9","9",0,0,0,"000000000","00000000000",0,0,0,1,0,0,0,0,0,0,0,999,0,0,0,12,8,5,8,0,0,0,1,99,99999,9,9,99,9,9,9,999,999,99,99,99,99,99,99,9999,99,9999,0,0,0,0,0,3,3,55,3,1,1,1,0,0,14,80,99,1,1,13,"777777777777","777777777777","777777777777",0,0
36,360909,1,2,1,30,12,5,54,12,2,1,0,36,2,2,404,2404,14,2007,"1J8GR48KX7C6","1","J","8","G","R","4","8","K","X","7","C","6",0,0,0,"000000000","00000000000",0,0,0,1,0,0,0,0,0,0,0,999,0,0,0,12,8,2,12,0,0,0,1,36,11789,6,1,0,0,3,0,64,999,0,0,0,0,0,0,0,0,0,0,0,0,0,0,1,6,35,1,1,2,1,3,3,1,17,99,1,1,74,"777777777777","777777777777","777777777777",0,0
36,360909,2,2,1,30,12,5,54,12,2,1,0,36,3,12,481,12481,31,2005,"1FTPW14545FA","1","F","T","P","W","1","4","5","4","5","F","A",0,0,0,"000000000","00000000000",0,0,0,1,0,0,0,0,0,0,0,999,0,0,0,12,8,2,12,0,0,0,1,36,11952,6,8,0,0,3,0,68,999,0,0,0,0,0,0,0,0,0,0,38,0,0,0,1,6,35,1,1,2,1,3,3,11,15,99,1,1,74,"777777777777","777777777777","777777777777",1,0
36,360910,1,1,2,6,12,14,3,42,0,1,0,36,1,6,421,6421,15,2008,"1A8HW58N58F1","1","A","8","H","W","5","8","N","5","8","F","1",0,0,0,"000000000","00000000000",0,0,0,1,0,0,0,0,0,0,0,999,0,0,0,12,6,2,42,0,0,0,1,36,12477,6,1,0,0,3,3,75,999,0,0,0,0,0,0,0,0,0,0,0,0,0,0,1,2,45,1,1,2,2,0,0,1,13,99,1,4,1,"777777777777","777777777777","777777777777",1,0
36,360911,1,1,3,20,11,2,22,8,0,1,0,36,3,12,16,12016,4,2007,"2FAHP71W27X1","2","F","A","H","P","7","1","W","2","7","X","1",0,0,0,"000000000","00000000000",0,0,0,1,0,0,0,0,0,0,0,999,0,0,0,12,8,5,8,0,0,0,1,36,11954,6,1,0,0,3,0,67,999,1,0,0,0,0,1,2015,1,2015,0,0,0,0,0,3,2,55,1,1,1,2,0,0,1,80,99,1,1,13,"777777777777","777777777777","777777777777",0,0
36,360912,1,2,3,30,12,1,57,12,6,1,0,36,2,37,32,37032,4,2006,"1HGCM564X6A0","1","H","G","C","M","5","6","4","X","6","A","0",0,0,0,"000000000","00000000000",0,0,0,1,0,0,0,0,0,0,0,999,0,0,0,3,6,2,12,0,0,0,1,36,13501,6,1,0,0,3,0,67,999,0,0,0,0,0,0,0,0,0,5,28,87,0,0,1,2,55,1,1,2,3,0,0,1,6,99,1,2,64,"777777777777","777777777777","777777777777",1,0
36,360912,2,2,1,30,12,1,57,12,6,1,0,36,1,37,31,37031,4,2014,"2HGFB2F53EH5","2","H","G","F","B","2","F","5","3","E","H","5",0,0,0,"000000000","00000000000",0,0,0,1,0,0,0,0,0,0,0,999,0,0,0,12,6,2,12,0,0,0,1,36,13501,6,1,0,0,3,0,68,999,1,0,0,0,0,2,2014,2,2014,0,0,0,0,0,1,2,55,1,1,2,3,0,0,1,62,7,1,1,65,"777777777777","777777777777","777777777777",0,0
36,360913,1,1,2,23,12,13,24,42,0,1,0,36,1,20,444,20444,20,2007,"1GNDV23107D1","1","G","N","D","V","2","3","1","0","7","D","1",0,0,0,"000000000","00000000000",0,0,0,1,0,0,0,0,0,0,0,999,0,0,0,12,6,2,42,0,0,0,1,36,14120,6,1,0,0,3,0,72,999,0,0,0,0,0,0,0,0,0,0,0,0,0,0,1,2,45,1,1,2,1,0,0,1,13,99,1,4,1,"777777777777","777777777777","777777777777",1,0
36,360914,1,2,1,22,12,5,58,12,1,1,0,36,2,49,32,49032,4,2003,"JTDBR32E5320","J","T","D","B","R","3","2","E","5","3","2","0",0,0,0,"000000000","00000000000",0,0,0,1,0,0,0,0,0,0,0,999,0,0,0,12,6,2,12,0,0,0,1,36,12160,2,1,0,0,2,2,68,999,0,2,0,0,0,10,2016,11,2016,0,74,0,0,0,2,3,65,1,1,2,3,0,0,1,65,99,1,1,98,"777777777777","777777777777","777777777777",1,0
36,360914,2,2,1,22,12,5,58,12,1,1,0,36,3,86,881,86881,63,2007,"1M2AG11C77M0","1","M","2","A","G","1","1","C","7","7","M","0",0,0,99,"999999999","99999999999",3,2,4,1,0,0,0,0,0,0,0,11,0,0,0,6,8,2,12,0,0,0,1,36,12828,6,1,6,0,3,0,67,999,1,0,0,0,0,2,2014,2,2014,0,87,38,0,0,2,3,65,1,1,2,3,0,0,11,15,99,1,1,98,"777777777777","777777777777","777777777777",0,0
36,360915,1,1,1,29,12,2,36,8,0,1,0,36,2,7,43,7043,4,2004,"1B3EL36X44N1","1","B","3","E","L","3","6","X","4","4","N","1",0,0,0,"000000000","00000000000",0,0,0,1,0,0,0,0,0,0,0,5,0,0,0,6,8,2,8,0,0,0,1,36,14620,2,1,0,0,2,2,65,999,1,2,1,0,0,1,2013,1,2016,0,74,0,0,0,1,2,99,1,1,2,1,0,0,13,98,99,1,4,92,"777777777777","777777777777","777777777777",0,1
36,360916,1,1,1,28,12,5,27,42,0,1,0,12,1,21,23,21023,2,1999,"1G3WH52H8XF3","1","G","3","W","H","5","2","H","8","X","F","3",0,0,0,"000000000","00000000000",0,0,0,1,0,0,0,0,0,0,0,999,0,1,5,12,6,2,42,0,0,0,1,12,34683,9,9,99,0,9,9,999,999,99,99,99,99,99,99,9999,99,9999,0,0,0,0,0,1,2,55,1,2,2,1,0,0,1,12,99,1,4,6,"777777777777","777777777777","777777777777",1,0
36,360917,1,1,3,13,10,0,11,30,0,1,0,36,1,55,41,55041,2,2016,"KMHHU6KJ9GU1","K","M","H","H","U","6","K","J","9","G","U","1",0,0,0,"000000000","00000000000",0,0,0,1,0,0,0,0,0,0,0,999,0,0,0,12,6,2,42,0,0,0,1,36,14850,6,1,0,0,3,0,74,999,2,4,1,1,1,5,2014,8,2016,5,0,0,0,0,6,1,65,2,1,1,1,0,0,14,13,99,1,4,1,"777777777777","777777777777","777777777777",1,1
36,360918,1,1,1,14,12,0,2,1,0,1,0,36,1,35,50,35050,4,2011,"3N1BC1AP9BL4","3","N","1","B","C","1","A","P","9","B","L","4",0,0,0,"000000000","00000000000",0,0,0,1,0,0,0,0,0,0,0,999,0,2,5,0,8,2,1,0,0,0,1,36,13502,6,1,0,0,3,0,68,999,0,0,0,0,0,0,0,0,0,0,0,0,0,0,1,2,45,1,1,2,1,0,0,1,13,99,1,4,1,"777777777777","777777777777","777777777777",1,0
36,360919,1,1,1,24,1,11,5,8,0,1,0,36,1,20,461,20461,21,2001,"1GNFG65R8112","1","G","N","F","G","6","5","R","8","1","1","2",0,0,0,"000000000","00000000000",0,0,0,1,0,0,0,0,0,0,0,999,0,0,0,12,8,2,8,0,0,0,1,36,10570,6,1,0,0,3,0,70,999,2,0,0,0,1,11,2013,1,2015,0,0,0,0,0,1,2,30,1,1,2,10,0,0,1,80,99,1,1,13,"777777777777","777777777777","777777777777",0,0
36,360920,1,1,1,16,12,20,41,8,0,1,0,36,1,37,31,37031,4,2003,"2HGES26873H5","2","H","G","E","S","2","6","8","7","3","H","5",0,0,0,"000000000","00000000000",0,0,0,1,0,0,0,0,0,0,0,999,0,0,0,12,8,2,8,0,0,0,1,36,10457,6,1,6,0,3,3,68,999,0,0,0,0,4,7,2014,11,2016,0,0,0,0,0,1,2,25,1,1,2,1,3,3,1,80,99,1,1,13,"777777777777","777777777777","777777777777",0,0
36,360921,1,2,1,4,12,2,13,12,6,1,0,36,1,73,705,73705,80,2007,"JKAZX4P107A0","J","K","A","Z","X","4","P","1","0","7","A","0",0,0,0,"000000000","00000000000",0,0,0,1,0,0,0,0,0,0,0,999,0,0,0,62,6,2,12,0,0,0,1,36,11218,6,1,0,0,3,0,71,999,0,2,0,1,4,2,2012,7,2015,0,39,0,0,0,4,1,25,1,1,2,1,3,3,1,66,99,1,1,89,"777777777777","777777777777","777777777777",1,0
36,360921,2,2,1,4,12,2,13,12,6,1,0,36,3,49,40,49040,4,2013,"4T4BF1FK2DR3","4","T","4","B","F","1","F","K","2","D","R","3",0,0,0,"000000000","00000000000",0,0,0,1,0,0,0,0,0,0,0,26,0,0,0,12,8,2,12,0,0,0,1,36,11219,6,1,0,0,3,0,64,999,1,0,0,0,0,11,2015,11,2015,0,0,0,0,0,1,2,25,1,1,2,1,3,3,1,17,99,1,1,88,"777777777777","777777777777","777777777777",0,0
36,360922,1,1,1,9,12,22,31,9,0,1,0,36,1,20,421,20421,15,2007,"1GNFK130X7R2","1","G","N","F","K","1","3","0","X","7","R","2",0,0,0,"000000000","00000000000",0,0,0,1,0,0,0,0,0,0,0,999,0,0,0,12,8,2,9,0,0,0,1,36,13021,6,1,0,0,3,0,67,999,1,0,0,1,1,4,2015,11,2016,0,6,0,0,0,1,2,55,1,2,2,2,0,0,1,83,99,1,1,13,"777777777777","777777777777","777777777777",0,1
36,360923,1,1,1,21,9,16,45,32,0,1,0,36,1,63,38,63038,4,2016,"KNAFX4A88G54","K","N","A","F","X","4","A","8","8","G","5","4",0,0,0,"000000000","00000000000",0,0,0,1,0,0,0,0,0,0,0,999,0,1,5,12,6,2,1,0,0,0,1,36,13440,6,1,0,0,3,3,67,999,0,0,0,0,0,0,0,0,0,0,0,0,0,0,1,2,55,1,2,2,1,0,0,1,13,99,1,4,1,"777777777777","777777777777","777777777777",1,0
36,360924,1,1,2,20,7,23,55,8,0,1,0,36,1,63,38,63038,2,2014,"KNAFX6A85E51","K","N","A","F","X","6","A","8","5","E","5","1",0,0,0,"000000000","00000000000",0,0,0,1,0,0,0,0,0,0,0,999,0,0,0,12,8,5,8,0,0,0,1,36,11590,6,1,0,0,3,0,68,999,2,0,0,0,1,11,2011,12,2015,0,0,0,0,0,5,5,98,1,1,2,1,3,3,1,80,99,1,1,13,"777777777777","777777777777","777777777777",0,0
36,360925,1,1,1,15,9,11,35,8,0,1,0,36,1,6,441,6441,20,2015,"2C4RC1BG7FR6","2","C","4","R","C","1","B","G","7","F","R","6",0,0,0,"000000000","00000000000",0,0,0,1,0,0,0,0,0,0,0,998,0,0,0,6,8,5,8,0,0,0,1,36,11024,6,1,0,0,3,0,67,999,0,0,0,0,0,0,0,0,0,0,31,0,0,0,1,2,98,1,1,2,1,0,0,13,80,99,1,1,92,"777777777777","777777777777","777777777777",0,0
36,360926,1,1,1,18,9,5,30,46,0,1,0,36,2,35,49,35049,6,2010,"JN8AZ1MW7AW1","J","N","8","A","Z","1","M","W","7","A","W","1",0,0,0,"000000000","00000000000",0,0,0,1,0,0,0,0,0,0,0,998,0,0,0,12,8,2,46,0,0,0,1,36,11596,6,7,0,0,2,2,68,999,0,0,0,0,0,0,0,0,0,0,73,0,0,0,1,4,98,1,1,2,1,1,3,1,13,99,1,4,1,"777777777777","777777777777","777777777777",1,0
36,360927,1,1,1,30,9,9,50,8,0,1,1,99,9,99,999,99999,99,9999,"999999999999","9","9","9","9","9","9","9","9","9","9","9","9",0,0,0,"000000000","00000000000",0,0,0,1,0,0,0,0,0,0,0,998,0,0,0,12,8,5,8,0,0,0,1,99,99999,9,9,99,0,9,9,999,999,99,99,99,99,99,99,9999,99,9999,3,0,0,0,0,1,4,98,1,2,2,1,0,0,1,80,99,1,1,13,"777777777777","777777777777","777777777777",0,0
36,360928,1,1,1,29,12,2,26,42,0,1,0,36,2,20,482,20482,31,2004,"3GNEK12T84G1","3","G","N","E","K","1","2","T","8","4","G","1",0,0,0,"000000000","00000000000",0,0,0,1,0,0,0,0,0,0,0,999,0,0,0,12,6,2,42,0,0,0,1,36,13126,6,1,0,0,3,0,62,999,0,0,0,0,0,0,0,0,0,4,0,0,0,0,1,2,45,1,2,2,2,0,0,1,6,99,4,4,7,"777777777777","777777777777","777777777777",1,1
36,360929,1,1,1,21,8,12,23,33,0,1,0,36,1,99,709,99709,80,2009,"ZAPM610X1950","Z","A","P","M","6","1","0","X","1","9","5","0",0,0,0,"000000000","00000000000",0,0,0,1,0,0,0,0,0,0,0,999,0,0,0,12,6,2,33,0,0,0,1,36,11021,1,2,0,0,2,2,81,999,4,7,0,0,3,12,2011,5,2016,0,74,0,0,0,5,3,99,1,1,2,1,0,0,1,13,99,1,4,1,"777777777777","777777777777","777777777777",1,0
36,360930,1,4,2,30,11,8,1,12,6,1,0,36,1,12,37,12037,4,2014,"1FADP3F23EL3","1","F","A","D","P","3","F","2","3","E","L","3",0,0,0,"000000000","00000000000",0,0,0,1,0,0,0,0,0,0,0,998,0,0,0,12,8,2,12,0,0,0,1,36,12020,6,1,0,0,3,0,70,999,0,0,0,0,0,0,0,0,0,0,38,48,0,0,5,3,40,1,1,2,2,0,0,11,15,99,1,1,68,"777777777777","777777777777","777777777777",1,0
36,360930,2,4,1,30,11,8,1,12,6,1,0,36,1,12,481,12481,32,1997,"1FTDX18W8VNB","1","F","T","D","X","1","8","W","8","V","N","B",0,0,0,"000000000","00000000000",0,0,0,1,0,0,0,0,0,0,0,998,0,0,0,11,8,2,12,0,0,0,1,36,12866,6,1,6,0,3,3,73,999,1,0,0,0,0,5,2012,5,2012,0,0,0,0,0,5,3,40,1,1,2,2,0,0,1,62,99,1,1,69,"777777777777","777777777777","777777777777",0,0
36,360930,3,4,1,30,11,8,1,12,6,1,0,36,3,86,881,86881,63,2009,"1M2AX04C89M0","1","M","2","A","X","0","4","C","8","9","M","0",0,0,77,"777777777","77777777777",3,2,3,1,0,0,0,0,0,0,0,0,0,0,0,12,8,5,12,0,0,0,1,36,12019,6,1,6,1,3,3,70,999,2,0,0,0,0,12,2013,1,2016,0,0,0,0,0,1,2,98,1,1,2,2,21,3,5,98,99,1,1,98,"777777777777","777777777777","777777777777",0,0
36,360930,4,4,1,30,11,8,1,12,6,1,0,36,1,49,402,49402,14,2008,"JTMBK31V2850","J","T","M","B","K","3","1","V","2","8","5","0",0,0,0,"000000000","00000000000",0,0,0,1,0,0,0,0,0,0,0,0,0,0,0,9,8,2,12,0,0,0,1,36,12831,6,1,0,0,3,3,66,999,0,0,0,0,0,0,0,0,0,0,0,0,0,0,1,2,98,1,1,2,2,21,3,5,98,99,1,1,98,"777777777777","777777777777","777777777777",0,0
36,360931,1,2,2,16,12,17,12,12,8,1,0,36,1,37,402,37402,14,2010,"5J6RE4H73AL0","5","J","6","R","E","4","H","7","3","A","L","0",0,0,0,"000000000","00000000000",0,0,0,1,0,0,0,0,0,0,0,999,0,0,0,62,8,2,12,0,0,0,1,36,10598,6,1,0,0,3,0,66,999,0,0,0,0,0,0,0,0,0,0,0,0,0,0,1,2,98,1,1,2,1,0,0,1,62,99,1,1,65,"777777777777","777777777777","777777777777",0,0
36,360931,2,2,1,16,12,17,12,12,8,1,0,36,1,49,40,49040,4,2004,"4T1BE32K54U7","4","T","1","B","E","3","2","K","5","4","U","7",0,0,0,"000000000","00000000000",0,0,0,1,0,0,0,0,0,0,0,999,0,0,0,62,8,2,12,0,0,0,1,36,10603,6,1,0,0,3,0,66,999,1,0,0,0,0,10,2014,10,2014,0,28,0,0,0,1,2,98,1,1,2,1,0,0,1,10,99,1,2,64,"777777777777","777777777777","777777777777",1,0
36,360932,1,1,1,7,12,10,49,31,0,1,0,36,1,48,403,48403,14,2014,"JF2GPBCCXEH3","J","F","2","G","P","B","C","C","X","E","H","3",0,0,0,"000000000","00000000000",0,0,0,1,0,0,0,0,0,0,0,999,0,0,0,12,6,2,42,0,0,0,1,36,13753,6,1,0,0,3,3,69,999,3,0,0,0,0,10,2014,5,2015,0,0,0,0,0,3,3,65,1,1,2,2,0,0,1,13,99,1,4,1,"777777777777","777777777777","777777777777",1,0
36,360933,1,2,1,26,11,2,11,12,2,1,0,36,1,18,22,18022,4,2008,"2G4WN58C6812","2","G","4","W","N","5","8","C","6","8","1","2",0,0,0,"000000000","00000000000",0,0,0,1,0,0,0,0,0,0,0,999,0,0,0,12,8,2,12,0,0,0,1,36,14215,6,1,0,0,3,0,66,999,0,0,0,0,4,4,2012,3,2014,0,48,0,0,0,5,3,99,1,1,2,2,0,0,11,15,99,1,1,68,"777777777777","777777777777","777777777777",0,0
36,360933,2,2,1,26,11,2,11,12,2,1,0,36,2,76,705,76705,80,2007,"JYAVM01EX7A1","J","Y","A","V","M","0","1","E","X","7","A","1",0,0,0,"000000000","00000000000",0,0,0,1,0,0,0,0,0,0,0,999,0,0,0,12,8,2,12,0,0,0,1,36,14209,1,1,0,0,2,2,67,999,0,0,0,0,0,0,0,0,0,5,74,0,0,0,5,3,99,1,1,2,2,0,0,1,62,99,1,1,69,"777777777777","777777777777","777777777777",1,0
36,360934,1,2,1,14,12,7,7,12,2,1,0,36,1,13,13,13013,4,2006,"3LNHM26136R6","3","L","N","H","M","2","6","1","3","6","R","6",0,0,0,"000000000","00000000000",0,0,0,1,0,0,0,0,0,0,0,999,0,0,0,12,8,2,12,0,0,0,1,36,12754,6,1,0,0,3,0,72,999,0,1,0,0,0,10,2013,10,2013,0,28,0,0,0,1,2,55,1,1,2,2,0,0,1,10,99,1,2,50,"777777777777","777777777777","777777777777",1,0
36,360934,2,2,1,14,12,7,7,12,2,1,0,36,1,49,402,49402,14,2015,"JTMBFREV7FJ0","J","T","M","B","F","R","E","V","7","F","J","0",0,0,0,"000000000","00000000000",0,0,0,1,0,0,0,0,0,0,0,999,0,0,0,12,8,2,12,0,0,0,1,36,12759,6,1,0,0,3,0,68,999,0,0,0,0,0,0,0,0,0,0,0,0,0,0,1,2,55,1,1,2,2,0,0,1,62,99,1,1,51,"777777777777","777777777777","777777777777",0,0
36,360935,1,1,1,15,12,99,99,3,0,1,0,36,1,52,47,52047,6,2015,"4A4AR4AW2FE0","4","A","4","A","R","4","A","W","2","F","E","0",0,0,0,"000000000","00000000000",0,0,0,1,0,0,0,0,0,0,0,999,0,0,0,0,8,2,3,0,0,0,1,36,13090,6,1,0,0,3,3,67,999,0,0,0,0,0,0,0,0,0,0,0,0,0,0,1,4,30,2,1,2,3,0,0,14,12,99,1,4,0,"777777777777","777777777777","777777777777",1,0
36,360936,1,1,2,17,12,12,56,1,0,1,0,36,1,2,404,2404,14,1997,"1J4FJ68S8VL5","1","J","4","F","J","6","8","S","8","V","L","5",0,0,0,"000000000","00000000000",0,0,0,1,0,0,0,0,0,0,0,999,0,2,1,0,6,2,1,0,0,0,1,36,11731,6,1,0,0,3,0,70,999,1,1,0,1,0,4,2014,6,2015,5,87,0,0,0,3,2,55,1,1,2,2,0,0,1,8,99,5,1,98,"777777777777","777777777777","777777777777",1,0
36,360937,1,1,1,27,11,4,48,8,0,1,0,36,1,41,51,41051,4,2008,"JM1BK3248818","J","M","1","B","K","3","2","4","8","8","1","8",0,0,0,"000000000","00000000000",0,0,0,1,0,0,0,0,0,0,0,998,0,0,0,12,8,2,8,0,0,0,1,36,11961,6,1,0,0,3,0,67,999,1,0,0,0,0,10,2014,10,2014,0,0,0,0,0,3,3,98,1,1,2,1,0,0,1,80,99,1,1,13,"777777777777","777777777777","777777777777",0,0
36,360938,1,4,1,31,12,5,0,12,1,1,0,36,1,35,401,35401,14,2001,"JN8DR09Y71W5","J","N","8","D","R","0","9","Y","7","1","W","5",0,0,0,"000000000","00000000000",0,0,0,1,0,0,0,0,0,0,0,999,0,0,0,6,8,2,12,0,0,0,1,36,11717,6,1,6,0,3,0,66,999,0,0,0,0,0,0,0,0,0,0,0,0,0,0,3,3,55,1,1,2,1,0,0,1,53,99,1,1,25,"777777777777","777777777777","777777777777",0,0
36,360938,2,4,2,31,12,5,0,12,1,1,0,36,2,49,402,49402,14,2016,"2T3RFREV7GW4","2","T","3","R","F","R","E","V","7","G","W","4",0,0,0,"000000000","00000000000",0,0,0,1,0,0,0,0,0,0,0,999,0,0,0,6,8,2,12,0,0,0,1,36,11722,6,1,0,0,3,0,64,999,1,0,0,0,0,8,2014,8,2014,0,0,0,0,0,3,3,55,1,1,2,1,0,0,1,53,99,1,1,98,"777777777777","777777777777","777777777777",0,0
36,360938,3,4,1,31,12,5,0,12,1,1,0,36,2,37,32,37032,2,2013,"1HGCT1B30DA0","1","H","G","C","T","1","B","3","0","D","A","0",0,0,0,"000000000","00000000000",0,0,0,1,0,0,0,0,0,0,0,999,0,0,0,12,8,2,12,0,0,0,1,36,11726,6,1,0,0,3,3,61,999,0,1,0,0,1,4,2016,9,2016,0,0,0,0,0,3,3,55,1,1,2,1,0,0,1,51,99,1,1,24,"777777777777","777777777777","777777777777",0,0
36,360938,4,4,1,31,12,5,0,12,1,1,0,36,2,35,51,35051,6,2016,"KNMAT2MV6GP7","K","N","M","A","T","2","M","V","6","G","P","7",0,0,0,"000000000","00000000000",0,0,0,1,0,0,0,0,0,0,0,999,0,0,0,12,8,2,12,0,0,0,1,36,11706,0,0,0,0,0,0,999,999,0,0,0,0,0,0,0,0,0,0,0,0,0,0,3,3,55,1,1,2,1,0,0,1,61,99,1,1,98,"777777777777","777777777777","777777777777",1,1
36,360939,1,1,2,23,11,17,14,8,0,1,0,36,2,30,40,30040,4,2010,"3VWAZ7AJ6AM1","3","V","W","A","Z","7","A","J","6","A","M","1",0,0,0,"000000000","00000000000",0,0,0,1,0,0,0,0,0,0,0,999,0,0,0,12,8,2,8,0,0,0,1,36,11706,6,1,0,0,3,0,67,999,0,0,0,0,0,0,0,0,0,0,0,0,0,0,1,2,99,1,1,2,1,0,0,1,80,99,1,1,13,"777777777777","777777777777","777777777777",0,0
36,360940,1,1,4,4,12,17,11,8,0,1,0,36,2,7,482,7482,31,2012,"1C6RD7FT1CS3","1","C","6","R","D","7","F","T","1","C","S","3",0,0,0,"000000000","00000000000",0,0,0,1,0,0,0,0,0,0,0,999,0,0,0,12,8,5,8,0,0,0,1,36,13053,6,1,0,0,3,0,70,999,2,2,1,0,5,3,2012,11,2015,0,0,0,0,0,1,2,45,1,2,2,1,0,0,1,80,99,1,1,13,"777777777777","777777777777","777777777777",0,0
36,360941,1,2,1,31,10,22,40,12,2,1,0,36,2,35,50,35050,4,2012,"3N1CN7AP4CL9","3","N","1","C","N","7","A","P","4","C","L","9",0,0,0,"000000000","00000000000",0,0,0,1,0,0,0,0,0,0,0,999,0,0,0,12,6,2,12,0,0,0,1,36,13088,6,1,0,0,3,3,62,999,1,0,0,0,0,9,2013,9,2013,0,28,0,0,0,5,5,45,1,1,2,1,0,0,1,10,99,1,2,50,"777777777777","777777777777","777777777777",1,0
36,360941,2,2,1,31,10,22,40,12,2,1,0,9,3,82,881,82881,63,2017,"3ALACXCY8HDJ","3","A","L","A","C","X","C","Y","8","H","D","J",0,0,57,"655344","57655344",3,1,1,1,0,0,0,0,0,0,0,999,0,0,0,12,6,2,12,0,0,0,1,9,6704,6,1,0,0,2,2,69,999,98,0,0,0,0,0,0,0,0,0,74,0,0,0,5,5,45,1,1,2,1,0,0,1,62,99,1,1,51,"777777777777","777777777777","777777777777",0,0
36,360942,1,2,1,28,12,22,45,12,1,1,0,36,1,22,9,22009,2,2001,"2G2FV22G8121","2","G","2","F","V","2","2","G","8","1","2","1",0,0,0,"000000000","00000000000",0,0,0,1,0,0,0,0,0,0,0,999,0,0,0,12,6,2,12,0,0,0,1,36,13787,6,1,0,0,3,3,69,999,1,0,0,1,4,12,2011,1,2015,3,0,0,0,0,2,6,65,1,2,2,1,0,0,1,51,99,1,1,24,"777777777777","777777777777","777777777777",0,1
36,360942,2,2,2,28,12,22,45,12,1,1,0,36,2,20,441,20441,20,2000,"1GNDM19W5YB1","1","G","N","D","M","1","9","W","5","Y","B","1",0,0,0,"000000000","00000000000",0,0,0,1,0,0,0,0,0,0,0,999,0,1,5,6,6,2,1,0,0,0,1,36,13730,6,1,0,0,3,0,62,999,0,0,0,0,0,0,0,0,0,0,0,0,0,0,2,6,65,1,2,2,1,0,0,1,53,99,1,1,27,"777777777777","777777777777","777777777777",1,0
36,360943,1,1,1,10,11,19,46,8,0,1,0,36,1,7,482,7482,31,2001,"2B7HB11Y51K5","2","B","7","H","B","1","1","Y","5","1","K","5",0,0,0,"000000000","00000000000",0,0,0,1,0,0,0,0,0,0,0,999,0,0,0,12,8,2,8,0,0,0,1,36,14621,6,1,0,0,3,3,68,999,0,0,0,0,0,0,0,0,0,0,0,0,0,0,5,5,35,1,1,2,2,2,3,1,80,98,1,1,13,"777777777777","777777777777","777777777777",0,0
36,360944,1,1,1,4,12,11,57,8,0,1,0,36,3,20,421,20421,15,2012,"1GNSK2E03CR2","1","G","N","S","K","2","E","0","3","C","R","2",0,0,0,"000000000","00000000000",0,0,0,1,0,0,0,0,0,0,0,45,0,0,0,12,8,2,8,0,0,0,1,36,14612,6,1,0,0,3,0,74,999,0,0,0,0,0,0,0,0,0,0,0,0,0,0,1,2,35,1,1,2,1,0,0,1,80,99,1,1,13,"777777777777","777777777777","777777777777",0,0
36,360945,1,1,2,26,12,14,2,24,0,1,0,36,1,14,17,14017,4,2001,"1MEFM55S51A6","1","M","E","F","M","5","5","S","5","1","A","6",0,0,0,"000000000","00000000000",0,0,0,1,0,0,0,0,0,0,0,999,0,1,5,11,8,2,1,0,0,0,1,36,12763,6,1,0,0,3,0,67,999,0,0,0,0,0,0,0,0,0,4,87,0,0,0,1,2,35,2,2,2,4,0,0,14,5,99,3,4,7,"777777777777","777777777777","777777777777",1,0
36,360946,1,1,1,14,12,22,0,8,0,1,0,36,3,7,422,7422,15,2004,"1D4HB38N44F1","1","D","4","H","B","3","8","N","4","4","F","1",0,0,0,"000000000","00000000000",0,0,0,1,0,0,0,0,0,5,5,999,0,0,0,12,8,2,8,0,0,0,1,36,11704,6,1,0,0,3,3,69,999,1,0,0,0,0,10,2014,10,2014,0,16,0,0,0,1,2,30,1,1,2,1,0,0,1,80,99,1,1,13,"777777777777","777777777777","777777777777",0,0
36,360947,1,1,2,22,12,13,47,42,0,1,0,36,2,23,481,23481,31,2003,"2GTFK69U5313","2","G","T","F","K","6","9","U","5","3","1","3",0,0,0,"000000000","00000000000",0,0,0,1,0,0,0,0,0,0,0,999,0,0,0,12,8,2,42,0,0,0,1,36,12401,6,1,0,0,3,0,75,999,2,1,0,0,2,7,2013,10,2014,5,0,0,0,0,1,2,45,1,1,2,1,0,0,1,13,99,1,4,1,"777777777777","777777777777","777777777777",1,1