"STATE","ST_CASE","VEH_NO","VE_FORMS","NUMOCCS","DAY","MONTH","HOUR","MINUTE","HARM_EV","MAN_COLL","UNITTYPE","HIT_RUN","REG_STAT","OWNER","MAKE","MODEL","MAK_MOD","BODY_TYP","MOD_YEAR","VIN","VIN_1","VIN_2","VIN_3","VIN_4","VIN_5","VIN_6","VIN_7","VIN_8","VIN_9","VIN_10","VIN_11","VIN_12","TOW_VEH","J_KNIFE","MCARR_I1","MCARR_I2","MCARR_ID","GVWR","V_CONFIG","CARGO_BT","HAZ_INV","HAZ_PLAC","HAZ_ID","HAZ_CNO","HAZ_REL","BUS_USE","SPEC_USE","EMER_USE","TRAV_SP","UNDERIDE","ROLLOVER","ROLINLOC","IMPACT1","DEFORMED","TOWED","M_HARM","VEH_SC1","VEH_SC2","FIRE_EXP","DR_PRES","L_STATE","DR_ZIP","L_STATUS","L_TYPE","CDL_STAT","L_ENDORS","L_COMPL","L_RESTRI","DR_HGT","DR_WGT","PREV_ACC","PREV_SUS","PREV_DWI","PREV_SPD","PREV_OTH","FIRST_MO","FIRST_YR","LAST_MO","LAST_YR","SPEEDREL","DR_SF1","DR_SF2","DR_SF3","DR_SF4","VTRAFWAY","VNUM_LAN","VSPD_LIM","VALIGN","VPROFILE","VPAVETYP","VSURCOND","VTRAFCON","VTCONT_F","P_CRASH1","P_CRASH2","P_CRASH3","PCRASH4","PCRASH5","ACC_TYPE","TRLR1VIN","TRLR2VIN","TRLR3VIN","DEATHS","DR_DRINK"
37,370016,4,5,2,6,1,9,53,12,1,1,0,37,1,23,8,23008,6,2012,"1GKKRPED6CJ3","1","G","K","K","R","P","E","D","6","C","J","3",0,0,0,"000000000","00000000000",0,0,0,1,0,0,0,0,0,0,0,0,0,0,0,6,4,9,54,0,0,0,1,37,28562,6,1,0,0,3,0,76,999,2,0,0,0,3,4,2011,10,2014,0,0,0,0,0,1,2,55,1,1,2,1,0,0,5,53,1,1,1,98,"777777777777","777777777777","777777777777",0,0
37,370016,5,5,1,6,1,9,53,12,1,1,0,51,3,82,881,82881,66,2009,"1FUJA6CK99DA","1","F","U","J","A","6","C","K","9","9","D","A",1,1,57,"2552754","572552754",3,6,1,1,0,0,0,0,0,0,0,55,0,0,0,11,6,2,12,0,0,0,1,51,23324,6,1,6,0,3,0,76,260,0,0,0,0,0,0,0,0,0,0,0,0,0,0,1,2,55,1,1,2,1,0,0,1,62,1,1,1,98,"888888888888","777777777777","777777777777",0,0
37,370017,1,1,1,26,1,22,6,52,0,1,0,37,2,37,31,37031,2,2008,"2HGFG11608H5","2","H","G","F","G","1","1","6","0","8","H","5",0,0,0,"000000000","00000000000",0,0,0,1,0,0,0,0,0,0,0,55,0,1,5,12,6,2,52,0,0,0,1,37,28562,6,1,0,0,3,0,61,999,2,1,0,3,0,11,2013,11,2015,0,0,0,0,0,2,2,55,1,1,2,1,0,0,1,13,99,1,4,1,"777777777777","777777777777","777777777777",1,1
37,370018,1,1,3,15,1,23,55,42,0,1,0,37,2,37,31,37031,2,2007,"2HGFG12807H5","2","H","G","F","G","1","2","8","0","7","H","5",0,0,0,"000000000","00000000000",0,0,0,1,0,0,0,0,0,0,0,95,0,0,0,9,6,2,42,0,0,0,1,37,28390,6,1,0,0,3,3,71,999,3,1,1,0,1,10,2011,11,2013,3,0,0,0,0,1,2,55,3,2,2,2,0,0,14,6,99,4,4,2,"777777777777","777777777777","777777777777",2,1
37,370019,1,2,1,16,1,17,33,12,2,1,0,37,1,37,32,37032,4,2000,"1HGCG5661YA1","1","H","G","C","G","5","6","6","1","Y","A","1",0,0,0,"000000000","00000000000",0,0,0,1,0,0,0,0,0,0,0,50,0,0,0,12,6,2,12,0,0,0,1,37,28348,6,1,0,0,3,3,67,999,1,3,1,3,1,5,2011,3,2015,3,6,36,0,0,2,2,45,1,1,2,1,0,0,1,12,99,1,6,50,"777777777777","777777777777","777777777777",0,0
37,370019,2,2,1,16,1,17,33,12,2,1,0,37,1,72,706,72706,80,2015,"1HD1KTM13FB7","1","H","D","1","K","T","M","1","3","F","B","7",0,0,0,"000000000","00000000000",0,0,0,1,0,0,0,0,0,0,0,45,0,0,0,12,6,2,12,0,0,0,1,37,28348,6,1,0,0,3,3,68,999,0,0,0,0,2,4,2012,4,2013,0,0,0,0,0,2,2,45,1,1,2,1,0,0,1,62,1,1,1,51,"777777777777","777777777777","777777777777",1,0
37,370020,1,2,1,13,1,16,5,12,6,1,0,37,3,7,482,7482,31,2003,"3D7LU38603G7","3","D","7","L","U","3","8","6","0","3","G","7",0,0,0,"000000000","00000000000",0,0,0,1,0,0,0,0,0,0,0,55,0,1,5,12,4,3,12,0,0,0,1,37,27948,6,1,0,0,3,0,67,999,0,0,0,3,1,1,2011,4,2014,0,0,0,0,0,1,5,55,1,1,2,1,0,0,1,62,9,2,1,69,"777777777777","777777777777","777777777777",0,0
37,370020,2,2,3,13,1,16,5,12,6,1,0,37,1,35,47,35047,4,2006,"1N4AL11D66C2","1","N","4","A","L","1","1","D","6","6","C","2",0,0,0,"000000000","00000000000",0,0,0,1,0,0,0,0,0,0,0,25,0,0,0,3,6,2,12,0,0,0,1,37,27948,6,1,0,0,3,0,64,999,0,0,0,0,0,0,0,0,0,0,38,0,0,0,1,5,55,1,1,2,1,0,0,11,15,1,1,1,68,"777777777777","777777777777","777777777777",1,0
37,370021,1,1,3,1,1,19,28,8,0,1,1,37,2,20,461,20461,21,2005,"1GCHG39U5512","1","G","C","H","G","3","9","U","5","5","1","2",0,0,0,"000000000","00000000000",0,0,0,1,0,0,0,0,0,0,0,35,0,0,0,11,2,3,8,0,0,0,1,37,27292,0,0,0,0,0,0,63,999,0,1,0,0,0,11,2015,11,2015,0,91,0,0,0,1,2,35,1,1,2,1,0,0,1,80,1,1,1,13,"777777777777","777777777777","777777777777",0,1
37,370022,1,1,1,9,1,20,48,8,0,1,0,37,1,49,40,49040,4,1999,"4T1BG22K1XU8","4","T","1","B","G","2","2","K","1","X","U","8",0,0,0,"000000000","00000000000",0,0,0,1,0,0,0,0,0,0,0,35,0,0,0,12,2,3,8,0,0,0,1,37,27292,6,1,0,0,3,0,69,999,0,0,0,0,1,1,2011,1,2011,0,0,0,0,0,1,2,35,1,1,2,2,0,0,1,80,1,1,1,13,"777777777777","777777777777","777777777777",0,0
37,370023,1,1,2,30,1,20,46,34,0,1,0,37,2,2,403,2403,14,1991,"2J4FY29S7MJ1","2","J","4","F","Y","2","9","S","7","M","J","1",0,0,0,"000000000","00000000000",0,0,0,1,0,0,0,0,0,0,0,60,0,1,5,1,6,2,1,0,0,0,1,37,27360,1,1,0,0,2,0,70,999,0,6,0,1,1,7,2011,11,2015,3,6,36,0,0,1,2,45,2,1,2,1,0,0,14,13,99,1,4,1,"777777777777","777777777777","777777777777",1,0
37,370024,1,3,3,30,1,19,37,12,6,1,0,37,2,2,404,2404,14,2000,"1J4GW58N2YC2","1","J","4","G","W","5","8","N","2","Y","C","2",0,0,0,"000000000","00000000000",0,0,0,1,0,0,0,0,0,0,0,45,0,1,5,1,6,2,12,0,0,0,1,37,27104,6,2,0,0,3,3,65,999,0,0,0,0,0,0,0,0,0,0,39,91,0,0,1,2,55,1,1,2,1,20,3,1,17,1,1,1,87,"777777777777","777777777777","777777777777",1,0
37,370024,2,3,3,30,1,19,37,12,6,1,0,37,1,55,33,55033,4,2012,"5NPEC4AC1CH3","5","N","P","E","C","4","A","C","1","C","H","3",0,0,0,"000000000","00000000000",0,0,0,1,0,0,0,0,0,0,0,55,0,0,0,12,6,2,12,0,0,0,1,37,27028,6,1,0,0,3,0,69,999,0,0,0,0,1,12,2014,12,2014,0,0,0,0,0,2,2,55,1,1,2,1,0,0,1,66,1,1,1,86,"777777777777","777777777777","777777777777",0,0
37,370024,3,3,2,30,1,19,37,12,6,1,0,37,1,37,32,37032,4,1999,"1HGCG6651XA0","1","H","G","C","G","6","6","5","1","X","A","0",0,0,0,"000000000","00000000000",0,0,0,1,0,0,0,0,0,0,0,0,0,0,0,12,2,5,12,0,0,0,1,37,28634,6,1,0,0,3,0,65,999,1,0,0,0,0,10,2012,10,2012,0,54,0,0,0,1,2,55,1,1,2,1,20,3,5,64,16,1,1,98,"777777777777","777777777777","777777777777",0,0
37,370025,1,1,1,4,1,23,8,1,0,1,0,37,2,35,49,35049,6,2007,"JN8AZ08TX7W5","J","N","8","A","Z","0","8","T","X","7","W","5",0,0,0,"000000000","00000000000",0,0,0,1,0,0,0,0,0,0,0,100,0,1,3,0,6,2,1,0,0,0,1,37,27704,0,0,0,0,0,0,60,999,0,0,0,0,0,0,0,0,0,3,6,36,0,0,2,2,45,2,2,2,1,0,0,14,12,99,1,4,6,"777777777777","777777777777","777777777777",1,1
37,370026,1,2,2,20,1,16,18,12,2,1,0,37,2,37,32,37032,4,1999,"1HGCG6657XA1","1","H","G","C","G","6","6","5","7","X","A","1",0,0,0,"000000000","00000000000",0,0,0,1,0,0,0,0,0,0,0,20,0,0,0,12,4,3,12,0,0,0,1,37,27284,6,1,0,0,3,0,66,999,1,0,0,0,0,6,2014,6,2014,0,28,87,0,0,1,2,45,2,2,2,4,0,0,14,5,99,4,2,50,"777777777777","777777777777","777777777777",1,0
37,370026,2,2,2,20,1,16,18,12,2,1,0,37,3,20,481,20481,31,2013,"1GC1CVC88DF1","1","G","C","1","C","V","C","8","8","D","F","1",0,0,0,"000000000","00000000000",0,0,0,1,0,0,0,0,0,0,0,15,0,0,0,12,6,2,12,0,0,0,1,37,27051,3,1,5,0,2,0,71,999,0,1,0,0,0,5,2011,5,2011,0,0,0,0,0,1,2,45,3,2,2,2,0,0,14,62,99,1,1,51,"777777777777","777777777777","777777777777",0,0
37,370027,1,1,2,10,1,23,17,42,0,1,0,37,2,12,3,12003,2,1996,"1FALP42X8TF1","1","F","A","L","P","4","2","X","8","T","F","1",0,0,0,"000000000","00000000000",0,0,0,1,0,0,0,0,0,0,0,70,0,0,0,3,6,2,42,0,0,0,1,37,28164,0,0,0,0,0,0,66,999,0,2,0,0,0,12,2012,4,2015,3,58,0,0,0,1,2,45,1,1,2,1,0,0,1,12,15,4,4,7,"777777777777","777777777777","777777777777",1,1
37,370028,1,1,1,30,1,2,15,42,0,1,0,37,1,37,32,37032,4,2004,"1HGCM556X4A1","1","H","G","C","M","5","5","6","X","4","A","1",0,0,0,"000000000","00000000000",0,0,0,1,0,0,0,0,0,0,0,65,0,1,5,61,6,2,1,0,0,0,1,37,28016,6,1,0,0,3,0,66,999,0,1,0,0,1,3,2014,12,2014,3,6,36,0,0,3,3,60,1,1,2,1,0,0,1,6,99,3,4,2,"777777777777","777777777777","777777777777",1,1
37,370029,1,2,1,8,1,23,13,12,2,1,0,37,1,12,37,12037,4,2014,"1FADP3F26EL3","1","F","A","D","P","3","F","2","6","E","L","3",0,0,0,"000000000","00000000000",0,0,0,1,0,0,0,0,0,0,0,55,0,0,0,12,6,2,12,0,0,0,1,37,27525,6,1,0,0,3,0,72,999,0,0,0,0,0,0,0,0,0,0,28,0,0,0,1,2,55,1,2,2,2,0,0,1,10,99,1,2,50,"777777777777","777777777777","777777777777",1,0
37,370029,2,2,1,8,1,23,13,12,2,1,0,37,2,12,471,12471,30,2002,"1FTYR14V12TA","1","F","T","Y","R","1","4","V","1","2","T","A",0,0,0,"000000000","00000000000",0,0,0,1,0,0,0,0,0,0,0,55,0,1,5,12,6,2,12,0,0,0,1,37,27704,1,1,0,0,2,0,70,999,0,1,0,0,1,9,2012,11,2015,0,0,0,0,0,1,2,55,1,2,2,2,0,0,1,62,1,1,1,51,"777777777777","777777777777","777777777777",1,0
37,370030,1,2,1,18,1,9,33,12,6,1,0,37,1,49,40,49040,4,1991,"4T1SV24E9MU3","4","T","1","S","V","2","4","E","9","M","U","3",0,0,0,"000000000","00000000000",0,0,0,1,0,0,0,0,0,0,0,35,0,0,0,12,6,2,12,0,0,0,1,37,27260,6,1,0,0,3,0,71,999,0,0,0,0,0,0,0,0,0,0,38,39,0,0,1,6,35,1,1,2,1,3,3,1,17,1,1,1,83,"777777777777","777777777777","777777777777",1,0
37,370030,2,2,1,18,1,9,33,12,6,1,0,37,1,20,481,20481,31,2012,"1GCPKSE7XCF1","1","G","C","P","K","S","E","7","X","C","F","1",0,0,0,"000000000","00000000000",0,0,0,1,0,0,0,0,0,0,0,10,0,0,0,62,6,2,12,0,0,0,1,37,27263,6,1,0,0,3,0,71,999,0,0,0,0,0,0,0,0,0,0,0,0,0,0,1,3,35,1,1,2,1,3,3,11,66,1,1,1,82,"777777777777","777777777777","777777777777",0,0
37,370031,1,1,99,16,1,23,12,8,0,1,1,99,9,99,999,99999,99,9999,"999999999999","9","9","9","9","9","9","9","9","9","9","9","9",9,0,0,"000000000","00000000000",0,0,0,1,0,0,0,0,0,0,0,55,0,0,0,12,2,5,8,0,0,0,1,99,99999,9,9,99,0,9,9,999,999,99,99,99,99,99,99,9999,99,9999,0,0,0,0,0,1,2,55,1,1,2,1,0,0,1,80,99,1,1,13,"777777777777","777777777777","777777777777",0,0
37,370032,1,1,1,26,1,20,47,35,0,1,0,37,1,12,471,12471,30,1991,"1FTCR11T3MTA","1","F","T","C","R","1","1","T","3","M","T","A",0,0,0,"000000000","00000000000",0,0,0,1,0,0,0,0,0,0,0,60,0,1,5,12,6,2,35,0,0,0,1,37,28785,6,1,0,0,3,0,72,999,0,0,0,0,0,0,0,0,0,0,6,36,0,0,3,2,60,1,2,2,2,0,0,1,13,99,2,4,1,"777777777777","777777777777","777777777777",1,1
37,370033,1,1,2,2,1,18,54,9,0,1,0,37,1,38,402,38402,14,2001,"4S2CM57W3143","4","S","2","C","M","5","7","W","3","1","4","3",0,0,0,"000000000","00000000000",0,0,0,1,0,0,0,0,0,0,0,45,0,0,0,12,2,3,9,0,0,0,1,37,28306,6,1,0,0,3,3,67,999,1,0,0,0,0,11,2013,11,2013,0,0,0,0,0,1,2,45,1,1,2,1,0,0,1,83,1,1,1,13,"777777777777","777777777777","777777777777",0,0
37,370034,1,1,2,14,1,18,25,30,0,1,0,37,1,7,472,7472,30,1993,"1B7FL26X0PS2","1","B","7","F","L","2","6","X","0","P","S","2",0,0,0,"000000000","00000000000",0,0,0,1,0,0,0,0,0,0,0,45,0,0,0,9,6,2,30,0,0,0,1,37,28117,6,1,0,0,3,1,71,999,1,1,0,0,0,6,2013,8,2015,0,58,0,0,0,1,2,45,3,2,2,1,0,0,14,13,7,3,4,2,"777777777777","777777777777","777777777777",1,0
37,370035,1,1,4,22,1,13,50,14,0,1,0,37,2,12,481,12481,31,2005,"1FTPX145X5NA","1","F","T","P","X","1","4","5","X","5","N","A",0,0,0,"000000000","00000000000",0,0,0,1,0,0,0,0,0,0,0,45,0,0,0,7,6,2,14,0,0,0,1,37,28677,0,0,0,0,0,0,999,999,0,0,0,0,0,0,0,0,0,4,58,87,91,0,3,2,65,1,1,2,4,0,0,1,6,1,3,4,11,"777777777777","777777777777","777777777777",1,0
37,370036,1,2,3,11,1,18,26,12,2,1,0,37,2,7,28,7028,2,2010,"2B3CJ4DV4AH3","2","B","3","C","J","4","D","V","4","A","H","3",0,0,0,"000000000","00000000000",0,0,0,1,0,0,0,0,0,0,0,100,0,0,0,12,6,2,12,0,0,0,1,37,27524,0,0,0,0,0,0,999,999,0,1,0,0,0,7,2013,7,2013,3,6,28,36,58,1,2,55,3,1,2,1,0,0,14,10,8,4,2,50,"777777777777","777777777777","777777777777",0,0
37,370036,2,2,1,11,1,18,26,12,2,1,0,37,1,20,481,20481,31,1981,"1GCCC14DXBB1","1","G","C","C","C","1","4","D","X","B","B","1",0,0,0,"000000000","00000000000",0,0,0,1,0,0,0,0,0,0,0,55,0,0,0,12,6,2,12,0,0,0,1,37,27557,6,1,0,0,3,3,77,999,0,0,0,0,0,0,0,0,0,0,0,0,0,0,1,2,55,1,1,2,1,0,0,1,62,16,2,1,51,"777777777777","777777777777","777777777777",1,0
37,370037,1,2,1,22,1,8,21,51,0,1,0,48,3,85,881,85881,66,2015,"1XKYD49X9FJ4","1","X","K","Y","D","4","9","X","9","F","J","4",1,2,57,"079466","57079466",3,6,1,1,0,0,0,0,0,0,0,40,0,0,0,0,6,2,12,0,0,0,1,48,77047,6,1,6,0,3,3,999,999,0,2,0,0,0,1,2011,8,2011,4,28,87,0,0,3,2,65,1,1,2,4,0,0,1,6,1,3,2,0,"888888888888","777777777777","777777777777",0,0
37,370037,2,2,2,22,1,8,21,51,0,1,0,51,2,7,472,7472,31,2008,"1D7HW48NX8S5","1","D","7","H","W","4","8","N","X","8","S","5",0,0,0,"000000000","00000000000",0,0,0,1,0,0,0,0,0,0,0,55,0,0,0,12,6,2,12,0,0,0,1,51,23834,6,1,0,0,3,0,64,175,0,0,0,0,0,0,0,0,0,0,0,0,0,0,3,2,65,1,1,2,4,0,0,1,61,7,1,1,98,"777777777777","777777777777","777777777777",1,0
37,370038,1,1,2,19,1,7,32,10,0,1,0,37,1,7,442,7442,20,2002,"2B7JB21Y52K1","2","B","7","J","B","2","1","Y","5","2","K","1",0,0,0,"000000000","00000000000",0,0,0,1,0,0,0,0,0,0,0,5,0,0,0,12,6,2,10,0,0,0,1,37,28501,6,1,0,0,3,0,71,999,0,0,0,0,0,0,0,0,0,0,39,0,0,0,1,5,45,1,1,2,1,65,3,1,98,99,1,1,98,"777777777777","777777777777","777777777777",1,0
37,370039,1,2,1,26,1,15,2,12,1,1,0,37,1,72,706,72706,80,1999,"1HD1FFW14XY6","1","H","D","1","F","F","W","1","4","X","Y","6",0,0,0,"000000000","00000000000",0,0,0,1,0,0,0,0,0,0,0,39,0,0,0,12,6,2,12,0,0,0,1,37,28501,6,1,0,0,3,0,67,999,0,0,0,2,0,9,2011,10,2012,0,0,0,0,0,3,3,45,1,1,2,1,3,3,1,51,16,2,1,24,"777777777777","777777777777","777777777777",1,0
37,370039,2,2,1,26,1,15,2,12,1,1,0,37,1,12,422,12422,15,2003,"1FMRU15W43LB","1","F","M","R","U","1","5","W","4","3","L","B",0,0,0,"000000000","00000000000",0,0,0,1,0,0,0,0,0,0,0,5,0,0,0,6,6,2,12,0,0,0,1,37,28551,6,1,0,0,3,3,63,999,0,0,0,0,0,0,0,0,0,0,0,0,0,0,3,3,45,1,1,2,1,3,3,3,53,1,1,1,25,"777777777777","777777777777","777777777777",0,0
37,370040,1,1,2,27,1,0,31,34,0,1,0,37,2,7,472,7472,30,1993,"1B7FL26X7PS1","1","B","7","F","L","2","6","X","7","P","S","1",0,0,0,"000000000","00000000000",0,0,0,1,0,0,0,0,0,0,0,75,0,1,5,12,6,2,1,0,0,0,1,37,28551,6,1,0,0,3,0,69,999,0,0,0,0,0,0,0,0,0,3,0,0,0,0,1,2,55,1,1,2,1,0,0,1,12,99,2,4,6,"777777777777","777777777777","777777777777",1,1
37,370041,1,2,1,23,1,18,41,8,0,1,0,37,2,23,401,23401,14,2004,"1GKET16S5461","1","G","K","E","T","1","6","S","5","4","6","1",0,0,0,"000000000","00000000000",0,0,0,1,0,0,0,0,0,0,0,45,0,0,0,12,6,2,8,0,0,0,1,37,28752,1,1,0,0,2,3,61,999,2,2,1,0,0,9,2014,4,2015,0,0,0,0,0,1,2,55,1,2,2,1,0,0,1,80,1,1,1,13,"777777777777","777777777777","777777777777",0,0
37,370041,2,2,1,23,1,18,41,8,0,1,0,37,1,20,481,20481,31,2004,"2GCEK13T6413","2","G","C","E","K","1","3","T","6","4","1","3",0,0,0,"000000000","00000000000",0,0,0,1,0,0,0,0,0,0,0,45,0,0,0,7,2,5,8,0,0,0,1,37,28752,6,1,0,0,3,0,66,999,1,0,0,0,0,11,2012,11,2012,0,0,0,0,0,1,2,55,1,2,2,1,0,0,1,80,1,1,1,98,"777777777777","777777777777","777777777777",0,0
37,370042,1,1,1,11,1,19,37,30,0,1,0,20,3,7,27,7027,6,2016,"3C4PDCBG0GT1","3","C","4","P","D","C","B","G","0","G","T","1",0,0,0,"000000000","00000000000",0,0,0,1,0,0,0,0,0,0,0,30,0,0,0,12,6,2,30,0,0,0,1,34,8822,6,1,0,0,3,3,76,999,0,0,0,0,0,0,0,0,0,0,0,0,0,0,3,4,45,1,1,2,1,0,0,1,12,99,1,4,6,"777777777777","777777777777","777777777777",1,0
37,370043,1,2,1,15,1,12,0,12,2,1,0,37,2,37,32,37032,4,1997,"1HGCD5603VA0","1","H","G","C","D","5","6","0","3","V","A","0",0,0,0,"000000000","00000000000",0,0,0,1,0,0,0,0,0,0,0,33,0,0,0,12,6,2,12,0,0,0,1,37,28203,1,1,0,0,2,0,72,999,0,0,0,0,0,0,0,0,0,0,28,0,0,0,1,4,35,1,1,2,2,0,0,1,10,99,1,2,50,"777777777777","777777777777","777777777777",1,1
37,370043,2,2,1,15,1,12,0,12,2,1,0,37,1,2,404,2404,14,1999,"1J4FF28S4XL5","1","J","4","F","F","2","8","S","4","X","L","5",0,0,0,"000000000","00000000000",0,0,0,1,0,0,0,0,0,0,0,35,0,0,0,12,6,2,12,0,0,0,1,37,28215,6,1,0,0,3,0,75,999,1,0,0,1,0,3,2012,6,2014,0,0,0,0,0,1,4,45,1,1,2,2,0,0,1,62,1,1,1,51,"777777777777","777777777777","777777777777",0,0
37,370044,1,1,6,17,1,17,6,8,0,1,0,37,1,32,56,32056,4,2014,"WAUKGAFLXEA0","W","A","U","K","G","A","F","L","X","E","A","0",0,0,0,"000000000","00000000000",0,0,0,1,0,0,0,0,0,0,0,51,0,0,0,12,6,2,8,0,0,0,1,37,28173,6,1,0,0,3,2,70,999,1,1,1,0,0,4,2012,5,2014,3,6,36,91,74,1,4,35,1,1,2,1,0,0,1,80,1,1,1,13,"777777777777","777777777777","777777777777",0,1
37,370045,1,2,3,19,1,19,26,12,6,1,0,37,2,49,50,49050,3,2008,"JTKDE1679802","J","T","K","D","E","1","6","7","9","8","0","2",0,0,0,"000000000","00000000000",0,0,0,1,0,0,0,0,0,0,0,62,0,0,0,9,6,2,12,0,0,0,1,37,28037,6,1,0,0,3,0,63,999,0,0,0,0,1,4,2013,4,2013,3,58,91,0,0,1,2,55,1,1,2,1,0,0,1,10,99,3,2,64,"777777777777","777777777777","777777777777",1,0
37,370045,2,2,2,19,1,19,26,12,6,1,0,37,1,20,473,20473,30,2007,"1GCCS13E9781","1","G","C","C","S","1","3","E","9","7","8","1",0,0,0,"000000000","00000000000",0,0,0,1,0,0,0,0,0,0,0,52,0,0,0,12,6,2,12,0,0,0,1,37,28037,6,1,0,0,3,3,63,999,1,0,0,0,0,4,2014,4,2014,0,0,0,0,0,1,2,55,1,1,2,1,0,0,1,62,1,1,1,65,"777777777777","777777777777","777777777777",0,0
37,370046,1,1,2,28,1,23,49,42,0,1,0,37,1,20,481,20481,31,1997,"1GCGC33R2VF0","1","G","C","G","C","3","3","R","2","V","F","0",0,0,0,"000000000","00000000000",0,0,0,1,0,0,0,0,0,0,0,47,0,0,0,12,6,2,42,0,0,0,1,37,28213,0,0,0,0,0,0,999,999,0,0,0,0,0,0,0,0,0,3,0,0,0,0,1,2,25,2,1,2,1,0,0,14,12,16,2,4,6,"777777777777","777777777777","777777777777",1,1
37,370047,1,1,1,27,1,18,14,8,0,1,0,37,2,37,32,37032,4,2003,"1HGCM56603A0","1","H","G","C","M","5","6","6","0","3","A","0",0,0,0,"000000000","00000000000",0,0,0,1,0,0,0,0,0,0,0,35,0,0,0,12,2,5,8,0,0,0,1,37,27882,6,1,0,0,3,0,63,999,1,0,0,0,0,9,2011,9,2011,0,0,0,0,0,1,2,35,1,2,2,1,0,0,1,80,1,1,1,13,"777777777777","777777777777","777777777777",0,0
37,370048,1,2,1,28,1,9,6,12,2,1,0,37,2,35,50,35050,4,2013,"3N1CN7AP9DL8","3","N","1","C","N","7","A","P","9","D","L","8",0,0,0,"000000000","00000000000",0,0,0,1,0,0,0,0,0,0,0,45,0,0,0,12,6,2,12,0,0,0,1,37,27856,6,1,0,0,3,3,65,999,1,0,0,0,0,2,2012,2,2012,0,28,0,0,0,1,2,45,1,1,2,1,0,0,1,10,99,1,2,50,"777777777777","777777777777","777777777777",1,0
37,370048,2,2,2,28,1,9,6,12,2,1,0,37,3,12,461,12461,21,2009,"1FTDS34L39DA","1","F","T","D","S","3","4","L","3","9","D","A",0,0,0,"000000000","00000000000",0,0,0,1,0,0,0,0,0,0,0,40,0,0,0,12,6,2,12,0,0,0,1,37,27803,6,1,0,0,3,0,66,999,0,0,0,0,0,0,0,0,0,0,0,0,0,0,1,2,45,1,1,2,1,0,0,1,62,16,2,1,51,"777777777777","777777777777","777777777777",0,0
37,370049,1,1,1,3,1,22,41,8,0,1,1,37,1,37,32,37032,4,1998,"1HGCG1652WA0","1","H","G","C","G","1","6","5","2","W","A","0",0,0,0,"000000000","00000000000",0,0,0,1,0,0,0,0,0,0,0,40,0,0,0,14,0,5,8,0,0,0,1,37,27713,6,1,0,0,3,0,62,999,1,0,0,1,2,2,2011,11,2015,0,0,0,0,0,2,3,45,1,1,2,1,3,3,1,80,1,1,1,13,"777777777777","777777777777","777777777777",0,0
37,370050,1,1,1,14,1,1,22,33,0,1,0,37,2,12,3,12003,2,2014,"1ZVBP8AM3E52","1","Z","V","B","P","8","A","M","3","E","5","2",0,0,0,"000000000","00000000000",0,0,0,1,0,0,0,0,0,0,0,35,0,1,2,2,6,2,3,0,0,0,1,37,28460,1,1,0,0,2,0,62,999,1,2,1,0,1,5,2013,1,2015,0,28,0,0,0,1,2,45,1,1,2,1,0,0,1,10,1,1,4,6,"777777777777","777777777777","777777777777",1,1
37,370051,1,1,1,26,1,21,7,42,0,1,0,37,1,19,23,19023,4,2016,"2G61P5S38G91","2","G","6","1","P","5","S","3","8","G","9","1",0,0,0,"000000000","00000000000",0,0,0,1,0,0,0,0,0,0,0,55,0,0,0,12,6,2,42,0,0,0,1,37,28518,6,1,0,0,3,3,73,999,0,0,0,1,0,3,2014,3,2014,0,58,0,0,0,1,2,55,1,1,2,1,0,0,1,11,1,1,4,1,"777777777777","777777777777","777777777777",1,0
37,370052,1,3,1,31,1,18,14,12,6,1,0,37,2,20,471,20471,30,1988,"1GCCS14R3J22","1","G","C","C","S","1","4","R","3","J","2","2",0,0,0,"000000000","00000000000",0,0,0,1,0,0,0,0,0,0,0,15,0,0,0,11,6,2,12,0,0,0,1,37,28540,6,1,0,0,3,0,64,999,0,1,0,0,2,8,2015,1,2016,0,38,0,0,0,1,2,45,1,1,2,1,0,0,11,15,1,1,1,68,"777777777777","777777777777","777777777777",0,1
37,370052,2,3,1,31,1,18,14,12,6,1,0,37,1,72,706,72706,80,2006,"1HD1JDB196Y0","1","H","D","1","J","D","B","1","9","6","Y","0",0,0,0,"000000000","00000000000",0,0,0,1,0,0,0,0,0,0,0,45,0,0,0,12,6,2,12,0,0,0,1,37,28539,6,1,0,0,3,0,63,999,0,0,0,0,0,0,0,0,0,0,0,0,0,0,1,2,45,1,1,2,1,0,0,1,54,1,1,1,69,"777777777777","777777777777","777777777777",1,0
37,370052,3,3,1,31,1,18,14,12,6,1,0,37,2,72,706,72706,80,2006,"1HD1CWP406K4","1","H","D","1","C","W","P","4","0","6","K","4",0,0,0,"000000000","00000000000",0,0,0,1,0,0,0,0,0,0,0,45,0,0,0,0,2,5,1,0,0,0,1,37,28539,4,1,5,0,2,0,69,999,1,0,0,0,1,6,2015,12,2015,0,0,0,0,0,1,2,45,1,1,2,1,0,0,1,98,6,1,2,98,"777777777777","777777777777","777777777777",0,0