"STATE","ST_CASE","VEH_NO","VE_FORMS","NUMOCCS","DAY","MONTH","HOUR","MINUTE","HARM_EV","MAN_COLL","UNITTYPE","HIT_RUN","REG_STAT","OWNER","MAKE","MODEL","MAK_MOD","BODY_TYP","MOD_YEAR","VIN","VIN_1","VIN_2","VIN_3","VIN_4","VIN_5","VIN_6","VIN_7","VIN_8","VIN_9","VIN_10","VIN_11","VIN_12","TOW_VEH","J_KNIFE","MCARR_I1","MCARR_I2","MCARR_ID","GVWR","V_CONFIG","CARGO_BT","HAZ_INV","HAZ_PLAC","HAZ_ID","HAZ_CNO","HAZ_REL","BUS_USE","SPEC_USE","EMER_USE","TRAV_SP","UNDERIDE","ROLLOVER","ROLINLOC","IMPACT1","DEFORMED","TOWED","M_HARM","VEH_SC1","VEH_SC2","FIRE_EXP","DR_PRES","L_STATE","DR_ZIP","L_STATUS","L_TYPE","CDL_STAT","L_ENDORS","L_COMPL","L_RESTRI","DR_HGT","DR_WGT","PREV_ACC","PREV_SUS","PREV_DWI","PREV_SPD","PREV_OTH","FIRST_MO","FIRST_YR","LAST_MO","LAST_YR","SPEEDREL","DR_SF1","DR_SF2","DR_SF3","DR_SF4","VTRAFWAY","VNUM_LAN","VSPD_LIM","VALIGN","VPROFILE","VPAVETYP","VSURCOND","VTRAFCON","VTCONT_F","P_CRASH1","P_CRASH2","P_CRASH3","PCRASH4","PCRASH5","ACC_TYPE","TRLR1VIN","TRLR2VIN","TRLR3VIN","DEATHS","DR_DRINK"
37,370053,1,1,2,21,1,19,0,42,0,1,0,37,1,12,399,12399,9,1950,"B0NR167077","B","0","N","R","1","6","7","0","7","7","","",0,0,0,"000000000","00000000000",0,0,0,1,0,0,0,0,0,0,0,80,0,0,0,82,6,2,42,0,0,0,1,37,27574,6,1,0,0,3,0,73,999,0,0,0,1,0,7,2012,7,2012,3,36,58,0,0,1,2,35,3,2,2,1,0,0,14,11,1,1,4,6,"777777777777","777777777777","777777777777",1,1
37,370054,1,1,1,25,1,21,41,8,0,1,0,37,1,23,401,23401,14,2002,"1GKEK63U62J1","1","G","K","E","K","6","3","U","6","2","J","1",0,0,0,"000000000","00000000000",0,0,0,1,0,0,0,0,0,0,0,45,0,0,0,12,4,3,8,0,0,0,1,37,27828,6,1,0,0,3,0,68,999,0,0,0,0,0,0,0,0,0,0,0,0,0,0,1,3,45,1,1,2,1,0,0,15,80,1,1,1,13,"777777777777","777777777777","777777777777",0,0
37,370055,1,1,1,29,1,2,15,24,0,1,0,18,3,82,898,82898,66,2016,"1FUJGED58GLH","1","F","U","J","G","E","D","5","8","G","L","H",1,1,57,"268015","57268015",3,6,97,1,0,0,0,0,0,0,0,65,0,1,3,61,6,2,1,0,0,0,1,45,29036,6,1,6,0,3,0,72,185,0,0,0,0,0,0,0,0,0,0,0,0,0,0,3,2,65,1,1,2,1,0,0,1,12,1,1,4,6,"888888888888","777777777777","777777777777",1,0
37,370056,1,2,2,26,1,14,5,12,7,1,0,37,1,12,401,12401,14,2000,"1FMZU72X8YZA","1","F","M","Z","U","7","2","X","8","Y","Z","A",0,0,0,"000000000","00000000000",0,0,0,1,0,0,0,0,0,0,0,70,0,1,1,8,6,2,12,0,0,0,1,37,27239,6,1,0,0,3,3,64,999,1,0,0,0,1,2,2013,4,2014,0,0,0,0,0,2,3,70,1,1,2,1,0,0,1,61,1,1,1,48,"777777777777","777777777777","777777777777",1,0
37,370056,2,2,3,26,1,14,5,12,7,1,0,37,1,37,31,37031,4,1995,"JHMEH9599SS0","J","H","M","E","H","9","5","9","9","S","S","0",0,0,0,"000000000","00000000000",0,0,0,1,0,0,0,0,0,0,0,75,0,0,0,1,6,2,12,0,0,0,1,37,27370,1,1,0,0,2,0,67,999,0,5,0,1,7,3,2012,12,2015,3,36,58,0,0,2,3,70,1,1,2,1,0,0,1,11,1,1,2,48,"777777777777","777777777777","777777777777",0,1
37,370057,1,2,1,21,1,19,28,12,2,1,0,37,1,54,35,54035,4,1999,"19UUA5648XA0","1","9","U","U","A","5","6","4","8","X","A","0",0,0,0,"000000000","00000000000",0,0,0,1,0,0,0,0,0,0,0,65,0,0,0,12,6,2,12,0,0,0,1,37,28277,6,1,0,0,3,0,65,999,0,0,0,0,1,10,2013,10,2013,0,28,0,0,0,3,2,70,1,1,2,1,0,0,1,10,1,1,2,52,"777777777777","777777777777","777777777777",1,0
37,370057,2,2,1,21,1,19,28,12,2,1,0,37,1,37,402,37402,14,2015,"2HKRM3H73FH5","2","H","K","R","M","3","H","7","3","F","H","5",0,0,0,"000000000","00000000000",0,0,0,1,0,0,0,0,0,0,0,65,0,0,0,12,6,2,12,0,0,0,1,37,28435,6,1,0,0,3,3,57,999,0,0,0,0,0,0,0,0,0,0,0,0,0,0,3,2,70,1,1,2,1,0,0,1,54,1,1,1,52,"777777777777","777777777777","777777777777",1,0
37,370058,1,1,1,3,1,3,26,42,0,1,0,37,1,20,471,20471,30,1991,"1GCCS14Z8M82","1","G","C","C","S","1","4","Z","8","M","8","2",0,0,0,"000000000","00000000000",0,0,0,1,0,0,0,0,0,0,0,55,0,1,5,5,6,2,42,0,0,0,1,37,28358,1,1,0,0,2,0,70,999,2,17,0,2,21,8,2012,6,2015,0,58,0,0,0,1,2,55,3,1,2,1,0,0,14,10,1,1,4,6,"777777777777","777777777777","777777777777",1,0
37,370059,1,3,1,26,1,6,50,12,8,1,0,37,2,20,2,20002,4,2005,"2G1WF52E9592","2","G","1","W","F","5","2","E","9","5","9","2",0,0,0,"000000000","00000000000",0,0,0,1,0,0,0,0,0,0,0,55,0,0,0,11,6,2,12,0,0,0,1,37,28306,1,1,0,0,2,0,69,999,2,5,1,2,6,3,2011,12,2014,0,28,0,0,0,1,2,55,1,1,2,1,0,0,1,10,1,1,2,64,"777777777777","777777777777","777777777777",0,0
37,370059,2,3,1,26,1,6,50,12,8,1,0,37,1,7,472,7472,31,2008,"3D7MX48A78G2","3","D","7","M","X","4","8","A","7","8","G","2",0,0,0,"000000000","00000000000",0,0,0,1,0,0,0,0,0,0,0,55,0,0,0,11,6,2,12,0,0,0,1,12,32305,6,1,6,0,3,0,71,999,0,0,0,0,0,0,0,0,0,0,0,0,0,0,1,2,55,1,1,2,1,0,0,1,54,1,1,1,65,"777777777777","777777777777","777777777777",0,0
37,370059,3,3,1,26,1,6,50,12,8,1,0,37,1,23,431,23431,16,1999,"3GKEC16R6XG5","3","G","K","E","C","1","6","R","6","X","G","5",0,0,0,"000000000","00000000000",0,0,0,1,0,0,0,0,0,0,0,55,0,0,0,11,6,2,12,0,0,0,1,37,28386,6,1,0,0,3,0,72,999,0,0,0,0,1,9,2015,9,2015,0,0,0,0,0,1,2,55,1,1,2,1,0,0,1,54,1,1,1,98,"777777777777","777777777777","777777777777",1,0
37,370060,1,1,1,13,1,0,58,1,0,1,0,37,1,41,441,41441,20,2000,"JM3LW28G3Y01","J","M","3","L","W","2","8","G","3","Y","0","1",0,0,0,"000000000","00000000000",0,0,0,1,0,0,0,0,0,0,0,60,0,2,5,0,6,2,42,0,0,0,1,37,28081,4,1,5,0,2,0,69,999,2,0,0,0,1,7,2012,12,2015,0,28,0,0,0,1,2,55,1,1,2,1,0,0,1,10,1,1,4,6,"777777777777","777777777777","777777777777",1,0
37,370061,1,2,1,14,1,13,59,12,7,1,0,37,1,12,481,12481,31,2003,"1FTRX08L03KD","1","F","T","R","X","0","8","L","0","3","K","D",0,0,0,"000000000","00000000000",0,0,0,1,0,0,0,0,0,0,0,85,0,1,5,1,6,2,12,0,0,0,1,37,28398,1,1,0,0,2,0,71,999,0,0,0,0,1,3,2015,3,2015,3,36,0,0,0,3,4,65,1,1,2,1,0,0,16,11,1,1,2,46,"777777777777","777777777777","777777777777",1,0
37,370061,2,2,1,14,1,13,59,12,7,1,0,37,2,55,35,55035,4,2006,"KMHDN46D06U3","K","M","H","D","N","4","6","D","0","6","U","3",0,0,0,"000000000","00000000000",0,0,0,1,0,0,0,0,0,0,0,65,0,0,0,7,6,2,12,0,0,0,1,37,28144,1,1,0,0,2,0,999,999,0,0,0,1,4,1,2012,1,2015,0,0,0,0,0,3,4,65,1,1,2,1,0,0,1,61,1,1,1,45,"777777777777","777777777777","777777777777",0,0
37,370062,1,1,2,31,1,19,57,42,0,1,0,37,2,12,471,12471,30,1995,"1FTCR14U2STA","1","F","T","C","R","1","4","U","2","S","T","A",0,0,0,"000000000","00000000000",0,0,0,1,0,0,0,0,0,0,0,60,0,0,0,12,6,2,42,0,0,0,1,37,27028,6,1,0,0,3,0,77,999,1,1,0,0,1,8,2014,9,2015,0,28,0,0,0,1,2,55,1,2,2,1,0,0,1,10,1,1,4,6,"777777777777","777777777777","777777777777",1,0
37,370063,1,1,1,6,1,19,11,59,0,1,0,37,1,20,481,20481,31,2005,"1GCEC14TX5Z1","1","G","C","E","C","1","4","T","X","5","Z","1",0,0,0,"000000000","00000000000",0,0,0,1,0,0,0,0,0,0,0,55,0,1,5,12,6,2,1,0,0,0,1,37,28334,6,1,0,0,3,3,70,999,0,0,0,0,1,5,2013,5,2013,4,36,0,0,0,1,2,55,3,1,2,1,0,0,14,11,1,1,4,1,"777777777777","777777777777","777777777777",1,0
37,370064,1,2,2,14,1,13,20,12,2,1,0,34,2,21,17,21017,4,1993,"1G3AG55N3P64","1","G","3","A","G","5","5","N","3","P","6","4",0,0,0,"000000000","00000000000",0,0,0,1,0,0,0,0,0,0,0,55,0,0,0,12,6,2,12,0,0,0,1,34,28318,6,1,0,0,3,0,62,999,0,1,1,1,1,5,2013,9,2014,0,28,0,0,0,1,2,55,2,1,2,1,0,0,14,10,1,1,2,50,"777777777777","777777777777","777777777777",1,0
37,370064,2,2,3,14,1,13,20,12,2,1,0,37,1,6,18,6018,4,2011,"1C3BC1FG6BN5","1","C","3","B","C","1","F","G","6","B","N","5",0,0,0,"000000000","00000000000",0,0,0,1,0,0,0,0,0,0,0,55,0,0,0,12,6,2,12,0,0,0,1,37,28382,6,1,0,0,3,3,62,999,2,0,0,0,0,6,2011,2,2015,0,0,0,0,0,1,2,55,3,1,2,1,0,0,14,62,1,1,1,51,"777777777777","777777777777","777777777777",0,0
37,370065,1,1,1,10,1,11,14,8,0,1,0,37,1,20,473,20473,30,2005,"1GCDT1360581","1","G","C","D","T","1","3","6","0","5","8","1",0,0,0,"000000000","00000000000",0,0,0,1,0,0,0,0,0,0,0,5,0,0,0,12,6,2,8,0,0,0,1,37,28328,6,2,0,0,3,1,66,999,0,1,0,0,0,2,2014,2,2014,0,0,0,0,0,1,2,10,1,1,2,1,0,0,1,81,1,1,1,13,"777777777777","777777777777","777777777777",0,0
37,370066,1,1,3,31,1,5,6,35,0,1,0,37,2,37,32,37032,4,2012,"1HGCP2F68CA1","1","H","G","C","P","2","F","6","8","C","A","1",0,0,0,"000000000","00000000000",0,0,0,1,0,0,0,0,0,0,0,55,0,0,0,12,6,2,35,0,0,0,1,37,28328,0,0,0,0,0,0,999,999,0,0,0,0,0,0,0,0,0,0,0,0,0,0,1,2,55,1,2,2,1,0,0,1,12,16,2,4,6,"777777777777","777777777777","777777777777",1,0
37,370067,1,2,2,27,1,21,27,12,6,1,0,27,1,24,7,24007,4,2005,"1G8AZ52F75Z1","1","G","8","A","Z","5","2","F","7","5","Z","1",0,0,0,"000000000","00000000000",0,0,0,1,0,0,0,0,0,0,0,10,0,0,0,61,6,2,12,0,0,0,1,27,55423,6,7,0,0,3,0,70,180,1,8,0,1,1,7,2011,6,2013,0,38,0,0,0,1,2,55,3,2,2,1,20,3,3,17,1,1,1,89,"777777777777","777777777777","777777777777",1,0
37,370067,2,2,1,27,1,21,27,12,6,1,0,45,1,20,421,20421,15,2000,"1GNEK13R4YR1","1","G","N","E","K","1","3","R","4","Y","R","1",1,1,0,"000000000","00000000000",0,0,0,1,0,0,0,0,0,0,0,55,0,0,0,12,6,2,12,0,0,0,1,45,29745,6,1,0,0,3,0,71,180,0,0,0,0,0,0,0,0,0,0,0,0,0,0,1,2,55,3,2,2,1,0,0,14,66,1,1,1,88,"888888888888","777777777777","777777777777",0,0
37,370068,1,1,1,20,1,17,45,59,0,1,0,37,1,12,17,12017,4,1999,"1FAFP53S6XA2","1","F","A","F","P","5","3","S","6","X","A","2",0,0,0,"000000000","00000000000",0,0,0,1,0,0,0,0,0,0,0,45,0,1,5,12,6,2,3,0,0,0,1,37,27021,6,1,0,0,3,0,63,999,0,0,0,0,0,0,0,0,0,4,0,0,0,0,1,2,45,2,2,2,3,0,0,14,6,99,2,4,7,"777777777777","777777777777","777777777777",1,0
37,370069,1,2,1,8,1,15,55,12,6,1,0,37,1,12,17,12017,4,2002,"1FAFP53U22A1","1","F","A","F","P","5","3","U","2","2","A","1",0,0,0,"000000000","00000000000",0,0,0,1,0,0,0,0,0,0,0,70,0,0,0,9,6,2,12,0,0,0,1,37,27030,6,1,0,0,3,3,66,999,0,0,0,0,0,0,0,0,0,0,6,36,0,0,2,2,70,3,1,2,2,0,0,14,11,6,1,6,48,"777777777777","777777777777","777777777777",1,0
37,370069,2,2,1,8,1,15,55,12,6,1,0,8,1,41,402,41402,14,2008,"4F2CZ02Z68KM","4","F","2","C","Z","0","2","Z","6","8","K","M",0,0,0,"000000000","00000000000",0,0,0,1,0,0,0,0,0,0,0,70,0,0,0,12,6,2,12,0,0,0,1,8,80206,6,1,0,0,3,3,64,120,0,0,0,2,0,12,2011,7,2013,0,0,0,0,0,2,2,70,3,1,2,2,0,0,14,52,6,1,2,48,"777777777777","777777777777","777777777777",0,0
37,370070,1,1,1,28,1,23,1,24,0,1,0,37,1,49,472,49472,30,2007,"5TEUU42N77Z4","5","T","E","U","U","4","2","N","7","7","Z","4",0,0,0,"000000000","00000000000",0,0,0,1,0,0,0,0,0,0,0,80,0,1,5,12,6,2,42,0,0,0,1,37,27017,6,1,0,0,3,0,69,999,0,0,0,0,0,0,0,0,0,3,6,36,58,0,3,2,70,2,1,2,1,0,0,14,12,7,4,4,2,"777777777777","777777777777","777777777777",1,1
37,370071,1,1,1,20,1,22,47,42,0,1,0,37,1,12,17,12017,6,1999,"1FAFP58S4XA1","1","F","A","F","P","5","8","S","4","X","A","1",0,0,0,"000000000","00000000000",0,0,0,1,0,0,0,0,0,0,0,70,0,1,5,13,6,2,42,0,0,0,1,37,28163,6,1,0,0,3,0,65,999,1,0,0,0,0,8,2013,8,2013,3,0,0,0,0,1,2,55,3,2,2,1,0,0,14,13,16,2,4,1,"777777777777","777777777777","777777777777",1,1
37,370072,1,1,1,23,1,21,44,8,0,1,0,37,1,12,481,12481,31,2002,"1FTRX17W22NA","1","F","T","R","X","1","7","W","2","2","N","A",0,0,0,"000000000","00000000000",0,0,0,1,0,0,0,0,0,0,0,40,0,0,0,12,2,5,8,0,0,0,1,37,28103,6,1,1,0,3,3,73,999,1,0,0,0,0,9,2014,9,2014,0,0,0,0,0,2,3,40,1,1,2,1,0,0,1,81,1,1,1,13,"777777777777","777777777777","777777777777",0,0
37,370073,1,1,1,6,1,18,26,42,0,1,0,37,1,12,471,12471,30,2004,"1FTYR14UX4PA","1","F","T","Y","R","1","4","U","X","4","P","A",0,0,0,"000000000","00000000000",0,0,0,1,0,0,0,0,0,0,0,55,0,0,0,12,4,3,42,0,0,0,1,37,27537,6,1,0,0,3,3,67,999,2,0,0,0,1,1,2012,11,2015,3,6,36,0,0,1,2,45,1,1,2,1,0,0,1,11,6,3,4,7,"777777777777","777777777777","777777777777",1,0
37,370074,1,2,1,4,1,14,44,12,2,1,0,37,1,37,705,37705,80,2002,"JH2PC35062M3","J","H","2","P","C","3","5","0","6","2","M","3",0,0,0,"000000000","00000000000",0,0,0,1,0,0,0,0,0,0,0,50,0,0,0,12,6,2,12,0,0,0,1,37,27616,6,1,0,0,3,3,65,999,0,0,0,0,0,0,0,0,0,3,28,0,0,0,5,5,35,2,2,2,1,0,0,14,6,99,3,2,50,"777777777777","777777777777","777777777777",1,0
37,370074,2,2,1,4,1,14,44,12,2,1,0,37,1,12,23,12023,4,2011,"3FAHP0JA5BR1","3","F","A","H","P","0","J","A","5","B","R","1",0,0,0,"000000000","00000000000",0,0,0,1,0,0,0,0,0,0,0,35,0,0,0,12,6,2,12,0,0,0,1,37,27613,6,1,0,0,3,0,68,999,0,0,0,0,0,0,0,0,0,0,0,0,0,0,5,5,35,3,2,2,1,0,0,14,62,16,1,1,51,"777777777777","777777777777","777777777777",0,0
37,370075,1,1,1,27,1,6,35,34,0,1,0,37,1,12,481,12481,31,1999,"1FTZX172XXNB","1","F","T","Z","X","1","7","2","X","X","N","B",0,0,0,"000000000","00000000000",0,0,0,1,0,0,0,0,0,0,0,65,0,0,0,12,6,2,42,0,0,0,1,37,27603,0,0,0,0,0,0,72,999,1,0,0,0,0,5,2014,5,2014,3,58,0,0,0,1,2,35,2,2,2,2,0,0,14,13,6,4,4,7,"777777777777","777777777777","777777777777",1,0
37,370076,1,1,1,27,1,16,26,8,0,1,0,37,3,45,421,45421,15,2015,"WP1AE2A20FLA","W","P","1","A","E","2","A","2","0","F","L","A",0,0,0,"000000000","00000000000",0,0,0,1,0,0,0,0,0,0,0,75,0,0,0,12,6,2,8,0,0,0,1,37,27520,6,1,0,0,3,0,72,999,1,0,0,1,0,4,2015,8,2015,3,6,36,38,0,6,2,55,3,1,2,1,0,0,14,13,99,1,4,1,"777777777777","777777777777","777777777777",0,0
37,370077,1,1,1,9,1,11,56,24,0,1,0,37,1,20,37,20037,4,2002,"1G1ND52J12M5","1","G","1","N","D","5","2","J","1","2","M","5",0,0,0,"000000000","00000000000",0,0,0,1,0,0,0,0,0,0,0,65,0,0,0,1,6,2,42,0,0,0,1,37,27534,6,1,0,0,3,3,70,999,0,0,0,0,0,0,0,0,0,3,0,0,0,0,1,4,45,3,3,2,1,3,3,14,13,99,1,4,1,"777777777777","777777777777","777777777777",1,0
37,370079,1,2,2,20,1,19,20,12,2,1,0,37,2,49,472,49472,30,1996,"4TAVL52N2TZ0","4","T","A","V","L","5","2","N","2","T","Z","0",0,0,0,"000000000","00000000000",0,0,0,1,0,0,0,0,0,0,0,35,0,0,0,12,6,2,12,0,0,0,1,37,28659,0,0,0,0,0,0,69,999,0,6,0,0,0,12,2012,2,2014,4,28,0,0,0,1,2,45,1,1,2,3,0,0,1,6,99,4,2,50,"777777777777","777777777777","777777777777",1,0
37,370079,2,2,1,20,1,19,20,12,2,1,0,37,1,35,472,35472,30,1998,"1N6DD26Y5WC3","1","N","6","D","D","2","6","Y","5","W","C","3",0,0,0,"000000000","00000000000",0,0,0,1,0,0,0,0,0,0,0,25,0,0,0,12,6,2,12,0,0,0,1,37,28635,6,1,0,0,3,0,67,999,0,0,0,0,0,0,0,0,0,0,0,0,0,0,1,2,45,1,1,2,3,0,0,1,62,99,1,1,51,"777777777777","777777777777","777777777777",0,0
37,370080,1,2,1,26,1,19,0,12,6,1,0,37,1,12,17,12017,6,2001,"1FAFP58U51A2","1","F","A","F","P","5","8","U","5","1","A","2",0,0,0,"000000000","00000000000",0,0,0,1,0,0,0,0,0,0,0,45,0,0,0,12,6,2,12,0,0,0,1,37,27703,6,1,0,0,3,3,60,999,2,0,0,0,0,9,2011,7,2012,0,38,0,0,0,5,5,45,1,1,2,2,3,3,11,15,1,1,1,68,"777777777777","777777777777","777777777777",1,1
37,370080,2,2,1,26,1,19,0,12,6,1,0,37,1,63,402,63402,14,2011,"5XYKWDA22BG1","5","X","Y","K","W","D","A","2","2","B","G","1",0,0,0,"000000000","00000000000",0,0,0,1,0,0,0,0,0,0,0,45,0,0,0,11,6,2,12,0,0,0,1,37,27574,6,1,0,0,3,0,65,999,0,0,0,0,1,2,2012,2,2012,0,0,0,0,0,5,5,45,1,1,2,2,3,3,1,62,1,1,1,69,"777777777777","777777777777","777777777777",0,0
37,370081,1,2,2,14,1,14,21,12,6,1,0,37,1,63,38,63038,4,2016,"KNAFK4A63G54","K","N","A","F","K","4","A","6","3","G","5","4",0,0,0,"000000000","00000000000",0,0,0,1,0,0,0,0,0,0,0,35,0,0,0,12,6,2,12,0,0,0,1,37,27025,6,1,0,0,3,0,66,999,0,0,0,0,0,0,0,0,0,0,38,39,0,0,3,3,35,1,3,2,1,3,3,1,17,99,1,1,69,"777777777777","777777777777","777777777777",0,0
37,370081,2,2,2,14,1,14,21,12,6,1,0,37,1,37,31,37031,4,2010,"19XFA1F81AE0","1","9","X","F","A","1","F","8","1","A","E","0",0,0,0,"000000000","00000000000",0,0,0,1,0,0,0,0,0,0,0,15,0,0,0,3,6,2,12,0,0,0,1,37,27405,6,1,0,0,3,3,64,999,0,0,0,0,0,0,0,0,0,0,0,0,0,0,3,3,35,1,3,2,1,3,3,11,63,99,1,1,68,"777777777777","777777777777","777777777777",1,0
37,370082,1,1,1,10,1,17,19,42,0,1,0,37,2,7,472,7472,30,2006,"1D7HW42N36S5","1","D","7","H","W","4","2","N","3","6","S","5",0,0,0,"000000000","00000000000",0,0,0,1,0,0,0,0,0,0,0,60,0,0,0,12,6,2,42,0,0,0,1,37,27332,6,1,6,0,3,0,70,999,2,0,0,0,0,4,2014,3,2015,3,0,0,0,0,1,2,50,2,2,2,1,0,0,14,6,9,3,4,7,"777777777777","777777777777","777777777777",1,0
37,370083,1,2,1,24,1,17,17,12,6,1,0,18,3,82,881,82881,66,2013,"3AKJGLDR8DSF","3","A","K","J","G","L","D","R","8","D","S","F",1,1,57,"028406","57028406",3,6,1,1,0,0,0,0,0,0,0,0,0,0,0,4,6,2,12,0,0,0,1,51,23501,6,1,6,0,3,0,69,270,1,2,0,0,1,9,2014,10,2015,0,54,0,0,0,2,2,45,1,1,2,1,0,0,7,53,1,1,1,48,"888888888888","777777777777","777777777777",0,0
37,370083,2,2,2,24,1,17,17,12,6,1,0,37,1,63,34,63034,4,2013,"5XXGN4A71DG1","5","X","X","G","N","4","A","7","1","D","G","1",0,0,0,"000000000","00000000000",0,0,0,1,0,0,0,0,0,0,0,40,0,0,0,12,6,2,12,0,0,0,1,37,27530,0,0,0,0,0,0,999,999,0,0,0,0,0,0,0,0,0,0,0,0,0,0,2,2,45,1,1,2,1,0,0,1,50,1,1,1,48,"777777777777","777777777777","777777777777",1,0
37,370084,1,1,1,5,2,19,6,8,0,1,0,45,2,49,43,49043,4,2008,"4T1BK36B28U2","4","T","1","B","K","3","6","B","2","8","U","2",0,0,0,"000000000","00000000000",0,0,0,1,0,0,0,0,0,0,0,55,0,0,0,12,4,3,8,0,0,0,1,45,29566,6,1,0,0,3,0,66,160,0,0,0,0,0,0,0,0,0,0,0,0,0,0,2,2,55,1,3,2,1,0,0,1,80,1,1,1,13,"777777777777","777777777777","777777777777",0,0
37,370085,1,1,3,10,2,4,0,23,0,1,0,37,2,37,32,37032,4,2007,"1HGCM66417A0","1","H","G","C","M","6","6","4","1","7","A","0",0,0,0,"000000000","00000000000",0,0,0,1,0,0,0,0,0,0,0,65,0,0,0,4,6,2,23,0,0,0,1,37,28467,3,2,0,0,2,2,71,999,0,0,0,0,1,5,2015,5,2015,3,6,36,73,0,1,2,35,1,1,2,1,0,0,1,6,99,4,4,7,"777777777777","777777777777","777777777777",1,0
37,370086,1,2,1,6,2,0,17,12,2,1,0,37,2,37,32,37032,4,2004,"1HGCM56844A0","1","H","G","C","M","5","6","8","4","4","A","0",0,0,0,"000000000","00000000000",0,0,0,1,0,0,0,0,0,0,0,45,0,0,0,12,6,2,12,0,0,0,1,37,28715,6,1,0,0,3,0,67,999,1,1,0,1,0,5,2014,1,2016,0,28,0,0,0,1,2,45,1,2,2,1,0,0,1,10,99,1,2,50,"777777777777","777777777777","777777777777",1,0
37,370086,2,2,1,6,2,0,17,12,2,1,0,37,2,2,403,2403,14,1997,"1J4FY29P6VP4","1","J","4","F","Y","2","9","P","6","V","P","4",0,0,0,"000000000","00000000000",0,0,0,1,0,0,0,0,0,0,0,45,0,0,0,12,6,2,12,0,0,0,1,37,28715,6,1,0,0,3,0,72,999,2,0,0,0,0,3,2013,7,2014,0,0,0,0,0,1,2,45,1,2,2,1,0,0,1,62,16,2,1,51,"777777777777","777777777777","777777777777",0,0
37,370087,1,1,3,10,2,14,29,42,0,1,0,37,1,59,31,59031,4,2007,"JTHBJ46G2720","J","T","H","B","J","4","6","G","2","7","2","0",0,0,0,"000000000","00000000000",0,0,0,1,0,0,0,0,0,0,0,33,0,0,0,12,6,2,42,0,0,0,1,37,28792,6,1,0,0,3,0,63,999,0,0,0,0,0,0,0,0,0,0,0,0,0,0,1,2,45,2,2,2,1,0,0,14,13,99,1,4,1,"777777777777","777777777777","777777777777",1,0
37,370088,1,1,1,17,2,22,22,25,0,1,0,37,1,72,706,72706,80,2013,"1HD1KBM10DB6","1","H","D","1","K","B","M","1","0","D","B","6",0,0,0,"000000000","00000000000",0,0,0,1,0,0,0,0,0,0,0,45,0,0,0,12,6,2,25,0,0,0,1,37,28792,6,1,0,0,3,0,72,999,0,0,0,0,0,0,0,0,0,0,0,0,0,0,3,2,45,1,1,2,1,3,3,1,12,99,1,4,6,"777777777777","777777777777","777777777777",1,0
37,370089,1,2,1,27,2,16,38,26,0,1,0,37,1,42,31,42031,6,1993,"WDBEA92E3PF2","W","D","B","E","A","9","2","E","3","P","F","2",0,0,0,"000000000","00000000000",0,0,0,1,0,0,0,0,0,0,0,100,0,1,5,61,6,2,1,0,0,0,1,37,28804,6,1,0,0,3,0,73,999,0,0,0,0,0,0,0,0,0,3,6,36,0,0,5,5,45,3,2,2,1,0,0,14,6,16,3,4,7,"777777777777","777777777777","777777777777",1,1
37,370089,2,2,3,27,2,16,38,26,0,1,0,37,1,49,403,49403,14,2002,"JTEGD21A6200","J","T","E","G","D","2","1","A","6","2","0","0",0,0,0,"000000000","00000000000",0,0,0,1,0,0,0,0,0,0,0,45,0,0,0,12,2,5,54,0,0,0,1,37,28730,6,1,0,0,3,3,65,999,0,0,0,0,0,0,0,0,0,0,0,0,0,0,5,5,45,2,2,2,1,0,0,14,91,16,1,1,98,"777777777777","777777777777","777777777777",0,0
37,370090,1,1,2,24,2,18,30,8,0,1,0,37,2,63,35,63035,4,2006,"KNALD1246651","K","N","A","L","D","1","2","4","6","6","5","1",0,0,0,"000000000","00000000000",0,0,0,1,0,0,0,0,0,0,0,50,0,0,0,12,2,5,8,0,0,0,1,37,28655,6,1,0,0,3,0,71,999,1,0,0,0,0,4,2015,4,2015,0,0,0,0,0,1,2,55,3,2,2,2,0,0,14,80,16,2,1,13,"777777777777","777777777777","777777777777",0,0
37,370091,1,1,1,16,2,21,21,42,0,1,0,37,2,35,472,35472,30,2014,"1N6AD0EVXEN7","1","N","6","A","D","0","E","V","X","E","N","7",0,0,0,"000000000","00000000000",0,0,0,1,0,0,0,0,0,0,0,75,0,0,0,12,6,2,42,0,0,0,1,37,27932,6,1,0,0,3,0,64,999,0,0,0,0,0,0,0,0,0,3,6,36,0,0,1,2,55,3,1,2,1,0,0,14,6,99,4,4,2,"777777777777","777777777777","777777777777",1,1
37,370092,1,1,1,28,2,22,34,53,0,1,0,37,2,23,481,23481,31,1997,"1GDEC19R4VE5","1","G","D","E","C","1","9","R","4","V","E","5",0,0,0,"000000000","00000000000",0,0,0,1,0,0,0,0,0,0,0,35,0,0,0,12,6,2,2,0,0,1,1,37,28086,6,1,0,0,3,0,78,999,0,0,0,0,0,0,0,0,0,0,6,36,0,0,1,2,35,2,1,2,1,0,0,14,12,1,1,4,6,"777777777777","777777777777","777777777777",0,0
37,370093,1,2,1,9,2,14,12,12,6,1,0,45,3,87,881,87881,66,1998,"1XP5DB9X2WN4","1","X","P","5","D","B","9","X","2","W","N","4",1,1,57,"486116","57486116",3,6,8,1,0,0,0,0,0,0,0,55,0,0,0,12,6,2,12,0,0,0,1,45,29545,6,1,6,0,3,0,77,260,1,1,0,2,1,10,2012,6,2015,0,0,0,0,0,1,2,55,1,1,2,1,0,0,1,66,6,1,2,88,"888888888888","777777777777","777777777777",0,0