"STATE","ST_CASE","VEH_NO","VE_FORMS","NUMOCCS","DAY","MONTH","HOUR","MINUTE","HARM_EV","MAN_COLL","UNITTYPE","HIT_RUN","REG_STAT","OWNER","MAKE","MODEL","MAK_MOD","BODY_TYP","MOD_YEAR","VIN","VIN_1","VIN_2","VIN_3","VIN_4","VIN_5","VIN_6","VIN_7","VIN_8","VIN_9","VIN_10","VIN_11","VIN_12","TOW_VEH","J_KNIFE","MCARR_I1","MCARR_I2","MCARR_ID","GVWR","V_CONFIG","CARGO_BT","HAZ_INV","HAZ_PLAC","HAZ_ID","HAZ_CNO","HAZ_REL","BUS_USE","SPEC_USE","EMER_USE","TRAV_SP","UNDERIDE","ROLLOVER","ROLINLOC","IMPACT1","DEFORMED","TOWED","M_HARM","VEH_SC1","VEH_SC2","FIRE_EXP","DR_PRES","L_STATE","DR_ZIP","L_STATUS","L_TYPE","CDL_STAT","L_ENDORS","L_COMPL","L_RESTRI","DR_HGT","DR_WGT","PREV_ACC","PREV_SUS","PREV_DWI","PREV_SPD","PREV_OTH","FIRST_MO","FIRST_YR","LAST_MO","LAST_YR","SPEEDREL","DR_SF1","DR_SF2","DR_SF3","DR_SF4","VTRAFWAY","VNUM_LAN","VSPD_LIM","VALIGN","VPROFILE","VPAVETYP","VSURCOND","VTRAFCON","VTCONT_F","P_CRASH1","P_CRASH2","P_CRASH3","PCRASH4","PCRASH5","ACC_TYPE","TRLR1VIN","TRLR2VIN","TRLR3VIN","DEATHS","DR_DRINK"
37,370167,2,2,1,8,3,17,5,12,6,1,0,37,1,53,706,53706,80,2008,"JS1GX72A6821","J","S","1","G","X","7","2","A","6","8","2","1",0,0,0,"000000000","00000000000",0,0,0,1,0,0,0,0,0,0,0,55,0,0,0,12,6,2,12,0,0,0,1,37,28625,6,1,6,0,3,0,72,999,1,0,0,0,0,1,2016,1,2016,0,0,0,0,0,1,2,55,1,3,2,1,0,0,1,62,16,2,1,69,"777777777777","777777777777","777777777777",1,0
37,370168,1,1,1,14,3,8,15,8,0,1,0,37,2,37,31,37031,4,2015,"2HGFB2F70FH5","2","H","G","F","B","2","F","7","0","F","H","5",0,0,0,"000000000","00000000000",0,0,0,1,0,0,0,0,0,0,0,35,0,0,0,1,4,3,8,0,0,0,1,37,28075,6,2,0,0,3,3,66,999,0,0,0,0,0,0,0,0,0,3,38,0,0,0,1,2,25,1,2,2,1,0,0,1,80,99,1,1,13,"777777777777","777777777777","777777777777",0,0
37,370169,1,1,1,4,3,12,9,42,0,1,0,37,1,23,481,23481,31,2011,"1GTR1UEA9BZ1","1","G","T","R","1","U","E","A","9","B","Z","1",0,0,0,"000000000","00000000000",0,0,0,1,0,0,0,0,0,0,0,55,0,0,0,12,6,2,42,0,0,0,1,37,28532,6,1,0,0,3,3,71,999,2,0,0,0,0,12,2013,9,2015,0,0,0,0,0,1,2,55,1,1,2,1,0,0,1,12,99,4,4,6,"777777777777","777777777777","777777777777",1,0
37,370170,1,1,1,13,3,22,59,32,0,1,0,37,1,23,481,23481,31,1998,"1GTEK19R3WR5","1","G","T","E","K","1","9","R","3","W","R","5",0,0,0,"000000000","00000000000",0,0,0,1,0,0,0,0,0,0,0,75,0,0,0,12,6,2,42,0,0,0,1,37,28528,6,1,0,0,3,0,62,999,0,0,0,0,0,0,0,0,0,3,6,36,0,0,1,2,45,3,1,2,1,0,0,14,6,16,2,4,2,"777777777777","777777777777","777777777777",1,0
37,370171,1,2,1,1,3,99,99,12,6,1,0,37,1,49,43,49043,4,2008,"4T1BK36B38U3","4","T","1","B","K","3","6","B","3","8","U","3",0,0,0,"000000000","00000000000",0,0,0,1,0,0,0,0,0,0,0,5,0,0,0,62,6,2,12,0,0,0,1,37,28150,6,1,0,0,3,3,71,999,0,0,0,0,0,0,0,0,0,0,38,0,0,0,1,2,35,1,2,2,1,0,0,11,15,99,1,1,82,"777777777777","777777777777","777777777777",0,0
37,370171,2,2,1,1,3,99,99,12,6,1,0,37,1,49,402,49402,14,1996,"JT3GP10V9T00","J","T","3","G","P","1","0","V","9","T","0","0",0,0,0,"000000000","00000000000",0,0,0,1,0,0,0,0,0,0,0,35,0,0,0,12,6,2,12,0,0,0,1,37,28152,6,1,0,0,3,0,75,999,0,0,0,0,0,0,0,0,0,0,0,0,0,0,1,2,35,1,2,2,1,0,0,1,67,99,1,1,83,"777777777777","777777777777","777777777777",1,0
37,370172,1,2,1,15,3,17,25,12,2,1,0,37,1,98,701,98701,81,2015,"LYDY6TBB8F15","L","Y","D","Y","6","T","B","B","8","F","1","5",0,0,0,"000000000","00000000000",0,0,0,1,0,0,0,0,0,0,0,10,0,0,0,12,6,2,12,0,0,0,1,37,28073,1,1,0,0,1,0,71,999,0,2,0,0,0,4,2011,4,2012,0,38,0,0,0,1,2,45,1,1,2,1,0,0,11,15,99,1,1,82,"777777777777","777777777777","777777777777",1,1
37,370172,2,2,1,15,3,17,25,12,2,1,0,37,3,20,481,20481,31,2007,"1GBHC24K27E5","1","G","B","H","C","2","4","K","2","7","E","5",1,1,0,"000000000","00000000000",0,0,0,1,0,0,0,0,0,0,0,40,0,0,0,12,4,5,12,0,0,0,1,37,28086,6,1,0,0,3,3,68,999,0,0,0,0,1,1,2016,1,2016,0,0,0,0,0,1,2,45,1,1,2,1,0,0,1,67,99,1,1,83,"888888888888","777777777777","777777777777",0,0
37,370173,1,1,1,9,3,17,22,59,0,1,0,37,2,34,34,34034,1,2008,"WBAWL73548PX","W","B","A","W","L","7","3","5","4","8","P","X",0,0,0,"000000000","00000000000",0,0,0,1,0,0,0,0,0,0,0,75,0,1,5,12,6,2,1,0,0,0,1,37,27713,6,1,0,0,3,3,68,999,1,0,0,0,1,7,2015,10,2015,0,6,36,0,0,1,2,35,3,3,2,1,0,0,14,6,99,1,4,6,"777777777777","777777777777","777777777777",1,0
37,370174,1,1,2,6,3,17,9,24,0,1,0,37,2,72,709,72709,80,2006,"1HD1CGP176K4","1","H","D","1","C","G","P","1","7","6","K","4",0,0,0,"000000000","00000000000",0,0,0,1,0,0,0,0,0,0,0,998,0,0,0,98,6,8,24,0,0,0,1,37,27041,6,1,0,0,3,0,71,999,0,0,0,0,1,10,2012,10,2012,9,0,0,0,0,3,2,98,4,2,2,1,0,0,14,12,99,1,4,6,"777777777777","777777777777","777777777777",1,1
37,370175,1,1,1,11,3,20,14,1,0,1,0,37,1,12,471,12471,30,1997,"1FTCR15U1VPA","1","F","T","C","R","1","5","U","1","V","P","A",0,0,0,"000000000","00000000000",0,0,0,1,0,0,0,0,0,0,0,90,0,1,5,0,6,2,1,0,0,0,1,37,27105,6,1,0,0,3,1,68,999,1,0,0,0,0,12,2013,12,2013,3,58,0,0,0,3,2,65,1,2,2,1,0,0,1,13,99,1,4,1,"777777777777","777777777777","777777777777",1,0
37,370176,1,1,1,10,3,16,49,34,0,1,0,37,2,37,32,37032,4,2006,"1HGCM564X6A1","1","H","G","C","M","5","6","4","X","6","A","1",0,0,0,"000000000","00000000000",0,0,0,1,0,0,0,0,0,0,0,70,0,0,0,5,6,2,42,0,0,0,1,37,27313,1,1,0,0,2,0,70,999,1,3,1,0,1,6,2011,11,2012,0,36,58,0,0,1,2,45,3,2,2,1,0,0,14,13,99,1,4,1,"777777777777","777777777777","777777777777",1,1
37,370177,1,1,1,7,3,14,12,32,0,1,0,47,1,72,706,72706,82,2015,"1HD1MAL14GB8","1","H","D","1","M","A","L","1","4","G","B","8",0,0,0,"000000000","00000000000",0,0,0,1,0,0,0,0,0,0,0,25,0,1,5,12,6,2,1,0,0,0,1,47,37862,6,1,0,0,3,0,70,260,1,0,0,0,0,1,2016,1,2016,0,0,0,0,0,1,2,55,3,2,2,1,0,0,14,13,99,1,4,1,"777777777777","777777777777","777777777777",1,0
37,370178,1,1,1,16,3,12,14,34,0,1,0,37,1,20,499,20499,48,1978,"CCL148F42847","C","C","L","1","4","8","F","4","2","8","4","7",0,0,0,"000000000","00000000000",0,0,0,1,0,0,0,0,0,0,0,55,0,0,0,12,6,2,42,0,0,0,1,37,27330,6,1,0,0,3,3,66,999,0,0,0,0,0,0,0,0,0,0,28,0,0,0,1,2,55,1,1,2,1,0,0,1,12,99,1,4,6,"777777777777","777777777777","777777777777",1,0
37,370179,1,3,1,8,3,7,58,12,8,1,0,37,1,49,471,49471,30,1994,"JT4VN13G1R51","J","T","4","V","N","1","3","G","1","R","5","1",0,0,0,"000000000","00000000000",0,0,0,1,0,0,0,0,0,0,0,55,0,0,0,11,6,2,12,0,0,0,1,37,28092,6,1,6,0,3,0,72,999,2,0,0,2,0,8,2011,4,2014,0,28,0,0,0,1,2,55,1,1,2,1,0,0,1,10,99,1,2,64,"777777777777","777777777777","777777777777",0,0
37,370179,2,3,1,8,3,7,58,12,8,1,0,37,3,20,481,20481,31,2011,"1GC0KVCG0BF1","1","G","C","0","K","V","C","G","0","B","F","1",0,0,0,"000000000","00000000000",0,0,0,1,0,0,0,0,0,0,0,55,0,0,0,7,6,2,12,0,0,0,1,37,28602,6,1,6,0,3,3,69,999,0,0,0,0,0,0,0,0,0,0,0,0,0,0,1,2,55,1,1,2,1,0,0,1,62,99,1,1,65,"777777777777","777777777777","777777777777",0,0
37,370179,3,3,3,8,3,7,58,12,8,1,0,37,2,7,442,7442,20,2012,"2C4RDGBG1CR1","2","C","4","R","D","G","B","G","1","C","R","1",0,0,0,"000000000","00000000000",0,0,0,1,0,0,0,0,0,0,0,50,0,0,0,12,6,2,12,0,0,0,1,37,28092,6,1,0,0,3,0,63,999,0,0,0,0,0,0,0,0,0,0,0,0,0,0,1,2,55,1,1,2,1,0,0,1,62,99,1,1,98,"777777777777","777777777777","777777777777",1,0
37,370180,1,1,1,13,3,19,37,1,0,1,0,37,1,72,706,72706,80,2006,"1HD1GN1186K3","1","H","D","1","G","N","1","1","8","6","K","3",0,0,0,"000000000","00000000000",0,0,0,1,0,0,0,0,0,0,0,50,0,0,0,0,6,2,1,0,0,0,1,37,27892,6,1,0,0,3,0,69,999,0,0,0,0,0,0,0,0,0,4,0,0,0,0,1,2,35,1,1,2,2,0,0,1,9,99,1,1,98,"777777777777","777777777777","777777777777",1,0
37,370181,1,1,1,6,3,19,17,42,0,1,0,37,2,12,401,12401,14,2004,"1FMZU77K94UB","1","F","M","Z","U","7","7","K","9","4","U","B",0,0,0,"000000000","00000000000",0,0,0,1,0,0,0,0,0,0,0,100,0,0,0,9,6,2,42,0,0,0,1,37,28752,1,1,0,0,2,0,71,999,3,4,2,1,1,3,2011,8,2014,3,36,0,0,0,1,2,55,1,2,2,1,0,0,6,13,99,1,4,1,"777777777777","777777777777","777777777777",1,0
37,370182,1,2,1,4,3,16,4,12,6,1,0,37,1,35,47,35047,4,2014,"1N4AL3AP9EC1","1","N","4","A","L","3","A","P","9","E","C","1",0,0,0,"000000000","00000000000",0,0,0,1,0,0,0,0,0,0,0,55,0,0,0,12,6,2,12,0,0,0,1,37,28214,6,2,0,0,3,0,67,999,0,0,0,1,0,11,2015,11,2015,3,39,0,0,0,2,4,45,1,1,2,1,3,3,1,17,99,1,1,69,"777777777777","777777777777","777777777777",0,0
37,370182,2,2,2,4,3,16,4,12,6,1,0,37,1,49,40,49040,4,2012,"4T1BF1FK4CU5","4","T","1","B","F","1","F","K","4","C","U","5",0,0,0,"000000000","00000000000",0,0,0,1,0,0,0,0,0,0,0,998,0,0,0,1,6,2,12,0,0,0,1,37,28054,6,1,0,0,3,0,68,999,2,0,0,0,0,12,2012,12,2015,0,0,0,0,0,2,4,55,1,1,2,1,3,3,11,66,99,1,1,68,"777777777777","777777777777","777777777777",1,0
37,370183,1,1,1,6,3,4,3,8,0,1,0,37,3,12,444,12444,20,2010,"NM0LS7CN6AT0","N","M","0","L","S","7","C","N","6","A","T","0",0,0,0,"000000000","00000000000",0,0,0,1,0,0,0,0,0,0,0,70,0,0,0,12,4,3,8,0,0,0,1,37,28215,6,1,0,0,3,3,68,999,0,0,0,1,1,4,2011,9,2011,0,0,0,0,0,3,3,70,1,1,2,1,0,0,1,80,99,1,1,13,"777777777777","777777777777","777777777777",0,0
37,370184,1,1,1,9,3,19,22,8,0,1,0,37,1,54,31,54031,3,1999,"JH4DC4455XS0","J","H","4","D","C","4","4","5","5","X","S","0",0,0,0,"000000000","00000000000",0,0,0,1,0,0,0,0,0,0,0,998,0,0,0,12,6,2,8,0,0,0,1,37,28205,6,1,0,0,3,0,66,999,0,0,0,0,1,2,2012,2,2012,0,0,0,0,0,2,5,45,1,1,2,1,0,0,1,80,16,1,1,13,"777777777777","777777777777","777777777777",0,0
37,370185,1,1,1,4,3,22,6,8,0,1,0,37,2,20,36,20036,2,2003,"2G1WX12K4391","2","G","1","W","X","1","2","K","4","3","9","1",0,0,0,"000000000","00000000000",0,0,0,1,0,0,0,0,0,0,0,70,0,0,0,12,6,2,8,0,0,0,1,37,27909,6,1,0,0,3,0,71,999,0,0,0,1,0,7,2012,7,2012,0,0,0,0,0,2,2,60,1,1,2,1,0,0,15,80,99,1,2,13,"777777777777","777777777777","777777777777",0,0
37,370186,1,1,1,1,3,20,36,9,0,1,0,37,1,12,481,12481,31,1988,"1FTEF14N8JNB","1","F","T","E","F","1","4","N","8","J","N","B",0,0,0,"000000000","00000000000",0,0,0,1,0,0,0,0,0,0,0,35,0,0,0,1,4,5,9,0,0,0,1,37,28425,6,1,0,0,3,3,71,999,0,0,0,0,0,0,0,0,0,0,0,0,0,0,1,2,45,1,1,2,1,0,0,1,80,1,1,1,13,"777777777777","777777777777","777777777777",0,0
37,370187,1,1,1,13,3,0,10,35,0,1,0,37,1,49,44,49044,2,1999,"2T1CF22P4XC1","2","T","1","C","F","2","2","P","4","X","C","1",0,0,0,"000000000","00000000000",0,0,0,1,0,0,0,0,0,0,0,45,0,1,5,12,6,2,1,0,0,0,1,37,27205,6,1,0,0,3,3,65,999,0,0,0,0,0,0,0,0,0,0,58,0,0,0,1,2,45,1,2,2,1,0,0,1,13,1,1,4,6,"777777777777","777777777777","777777777777",1,0
37,370188,1,2,1,12,3,3,52,12,2,1,0,37,3,82,881,82881,66,2006,"1FUJA6CK66LV","1","F","U","J","A","6","C","K","6","6","L","V",1,1,57,"660955","57660955",3,6,1,1,0,0,0,0,0,0,0,65,7,0,0,12,6,2,12,0,0,0,1,45,29532,6,1,6,0,3,0,66,350,0,0,0,0,0,0,0,0,0,0,0,0,0,0,3,2,65,3,1,2,1,0,0,14,54,6,1,2,52,"888888888888","777777777777","777777777777",0,0
37,370188,2,2,1,12,3,3,52,12,2,1,0,37,2,7,24,7024,4,2006,"2B3KA43G56H1","2","B","3","K","A","4","3","G","5","6","H","1",0,0,0,"000000000","00000000000",0,0,0,1,0,0,0,0,0,0,0,80,0,0,0,12,6,2,12,0,0,0,1,37,28338,0,0,0,0,0,0,999,999,0,0,0,0,0,0,0,0,0,3,28,36,0,0,3,2,65,2,1,2,1,0,0,14,54,1,1,2,52,"777777777777","777777777777","777777777777",1,1
37,370189,1,2,2,3,3,20,27,24,0,1,0,24,3,84,884,84884,66,2006,"1HTTVSBT3611","1","H","T","T","V","S","B","T","3","6","1","1",1,3,57,"2590628","572590628",3,6,3,1,0,0,0,0,0,0,0,70,0,0,0,12,6,2,12,0,0,0,1,24,21040,6,1,6,0,3,0,74,180,0,1,0,0,0,12,2014,12,2014,4,36,58,0,0,3,2,65,4,1,2,2,0,0,14,13,1,1,6,98,"888888888888","777777777777","777777777777",0,0
37,370189,2,2,2,3,3,20,27,24,0,1,0,45,1,13,421,13421,15,2002,"5LMFU28R32LJ","5","L","M","F","U","2","8","R","3","2","L","J",0,0,0,"000000000","00000000000",0,0,0,1,0,0,0,0,0,0,0,65,0,0,0,12,6,2,12,0,0,0,1,37,28340,0,0,0,0,0,0,999,999,0,0,0,0,0,0,0,0,0,0,0,0,0,0,3,2,65,1,1,2,2,0,0,1,62,1,1,1,98,"777777777777","777777777777","777777777777",1,0
37,370190,1,2,1,5,3,18,31,12,1,1,0,37,2,76,705,76705,80,2007,"JYARJ12E27A0","J","Y","A","R","J","1","2","E","2","7","A","0",0,0,0,"000000000","00000000000",0,0,0,1,0,0,0,0,0,0,0,90,0,0,0,12,6,2,12,0,0,0,1,37,27288,6,1,0,0,3,0,73,999,1,0,0,0,0,8,2014,8,2014,3,36,0,0,0,1,2,55,1,1,2,1,0,0,1,50,1,1,1,20,"777777777777","777777777777","777777777777",0,0
37,370190,2,2,1,5,3,18,31,12,1,1,0,37,1,76,706,76706,80,2003,"JYARN10E93A0","J","Y","A","R","N","1","0","E","9","3","A","0",0,0,0,"000000000","00000000000",0,0,0,1,0,0,0,0,0,0,0,0,0,0,0,6,6,2,12,0,0,0,1,37,27288,3,1,0,0,2,0,72,999,0,0,0,1,2,5,2012,12,2015,0,0,0,0,0,1,2,55,1,1,2,1,0,0,5,98,1,1,1,21,"777777777777","777777777777","777777777777",1,0
37,370191,1,1,1,10,3,11,29,42,0,1,0,37,1,23,401,23401,14,1997,"1GKDT13W3V25","1","G","K","D","T","1","3","W","3","V","2","5",0,0,0,"000000000","00000000000",0,0,0,1,0,0,0,0,0,0,0,65,0,0,0,9,6,2,42,0,0,0,1,37,27288,6,1,0,0,3,0,62,999,0,0,0,0,0,0,0,0,0,0,28,0,0,0,1,3,55,1,1,2,1,0,0,1,10,1,1,4,6,"777777777777","777777777777","777777777777",1,0
37,370192,1,1,4,11,3,11,54,35,0,1,0,37,2,12,401,12401,14,2002,"1FMZU73WX2UA","1","F","M","Z","U","7","3","W","X","2","U","A",0,0,0,"000000000","00000000000",0,0,0,1,0,0,0,0,0,0,0,70,0,1,5,9,6,2,1,0,0,0,1,37,27311,1,1,0,0,2,0,64,999,0,1,0,0,2,9,2014,12,2014,0,58,0,0,0,3,2,70,1,1,2,1,0,0,6,51,6,1,4,1,"777777777777","777777777777","777777777777",1,0
37,370193,1,3,2,15,3,8,25,12,6,1,0,37,1,55,33,55033,4,2012,"5NPEC4AC4CH3","5","N","P","E","C","4","A","C","4","C","H","3",0,0,0,"000000000","00000000000",0,0,0,1,0,0,0,0,0,0,0,10,0,0,0,81,6,2,12,0,0,0,1,37,28129,6,1,0,0,3,0,62,999,0,0,0,0,0,0,0,0,0,0,38,0,0,0,1,2,55,1,1,2,1,0,0,11,15,1,1,1,68,"777777777777","777777777777","777777777777",0,0
37,370193,2,3,1,15,3,8,25,12,6,1,0,37,1,72,706,72706,80,2012,"1HD1GX412CC3","1","H","D","1","G","X","4","1","2","C","C","3",0,0,0,"000000000","00000000000",0,0,0,1,0,0,0,0,0,0,0,55,0,0,0,12,6,2,12,0,0,0,1,37,28103,6,1,0,0,3,0,72,999,0,0,0,0,3,7,2012,1,2016,0,0,0,0,0,1,2,55,1,1,2,1,0,0,1,62,1,1,1,69,"777777777777","777777777777","777777777777",1,0
37,370193,3,3,1,15,3,8,25,12,6,1,0,37,2,20,25,20025,4,2012,"1G1PK5SC8C71","1","G","1","P","K","5","S","C","8","C","7","1",0,0,0,"000000000","00000000000",0,0,0,1,0,0,0,0,0,0,0,55,0,0,0,12,4,5,54,0,0,0,1,37,28001,6,1,0,0,3,3,66,999,0,0,0,0,0,0,0,0,0,0,0,0,0,0,1,2,55,1,1,2,1,0,0,1,54,7,1,1,98,"777777777777","777777777777","777777777777",0,0
37,370194,1,1,1,1,3,12,44,34,0,1,0,37,3,62,401,62401,14,2000,"SALTY1248YA2","S","A","L","T","Y","1","2","4","8","Y","A","2",0,0,0,"000000000","00000000000",0,0,0,1,0,0,0,0,0,0,0,65,0,0,0,12,6,2,42,0,0,0,1,37,28075,6,1,0,0,3,3,66,999,0,0,0,0,0,0,0,0,0,0,58,0,0,0,3,2,65,1,2,2,1,0,0,1,13,1,1,4,1,"777777777777","777777777777","777777777777",1,0
37,370195,1,1,1,6,3,23,17,34,0,1,0,37,1,12,17,12017,4,2000,"1FAFP55S8YA1","1","F","A","F","P","5","5","S","8","Y","A","1",0,0,0,"000000000","00000000000",0,0,0,1,0,0,0,0,0,0,0,70,0,1,5,10,6,2,42,0,0,0,1,37,28227,6,1,0,0,3,3,67,999,1,7,2,1,5,11,2013,1,2016,3,36,58,0,0,1,2,55,1,1,2,1,0,0,1,11,1,1,4,6,"777777777777","777777777777","777777777777",1,1
37,370196,1,1,1,3,3,11,39,8,0,1,0,37,3,85,884,85884,66,2015,"1XKWD49X2FJ4","1","X","K","W","D","4","9","X","2","F","J","4",1,1,57,"466751","57466751",3,6,3,1,0,0,0,0,0,0,0,45,0,0,0,12,2,5,8,0,0,0,1,37,27549,6,1,6,0,3,1,71,999,0,0,0,1,1,3,2011,1,2015,0,0,0,0,0,1,2,45,1,1,2,1,0,0,1,80,1,1,1,13,"888888888888","777777777777","777777777777",0,0
37,370197,1,2,1,8,3,22,4,12,1,1,0,37,1,53,706,53706,80,2008,"JS1GX71A1821","J","S","1","G","X","7","1","A","1","8","2","1",0,0,0,"000000000","00000000000",0,0,0,1,0,0,0,0,0,0,0,90,0,0,0,12,6,2,12,0,0,0,1,37,27703,6,1,0,0,3,0,76,999,0,0,0,1,1,10,2014,9,2015,3,36,0,0,0,3,4,65,1,1,2,1,0,0,1,51,1,1,1,24,"777777777777","777777777777","777777777777",1,1
37,370197,2,2,1,8,3,22,4,12,1,1,0,37,1,20,481,20481,31,2006,"2GCEK13ZX613","2","G","C","E","K","1","3","Z","X","6","1","3",0,0,0,"000000000","00000000000",0,0,0,1,0,0,0,0,0,0,0,65,0,0,0,6,6,2,12,0,0,0,1,37,27707,6,1,0,0,3,3,68,999,0,0,0,0,1,7,2014,7,2014,0,0,0,0,0,3,4,65,1,1,2,1,0,0,1,53,1,1,1,25,"777777777777","777777777777","777777777777",0,0
37,370198,1,1,1,14,3,6,33,42,0,1,0,37,3,12,461,12461,21,2011,"1FTNE2EL7BDB","1","F","T","N","E","2","E","L","7","B","D","B",0,0,0,"000000000","00000000000",0,0,0,1,0,0,0,0,0,0,0,70,0,0,0,12,6,2,42,0,0,0,1,37,27606,6,1,0,0,3,3,72,999,4,0,0,1,0,8,2011,6,2015,3,36,0,0,0,6,1,55,2,2,2,2,0,0,14,11,1,1,4,6,"777777777777","777777777777","777777777777",1,0
37,370199,1,1,1,14,3,20,0,8,0,1,0,37,1,37,32,37032,4,2003,"1HGCM56353A1","1","H","G","C","M","5","6","3","5","3","A","1",0,0,0,"000000000","00000000000",0,0,0,1,0,0,0,0,0,0,0,55,0,0,0,1,6,2,8,0,0,0,1,37,27607,6,1,0,0,3,3,72,999,0,0,0,0,0,0,0,0,0,0,0,0,0,0,2,4,55,1,1,2,1,0,0,1,80,1,1,1,13,"777777777777","777777777777","777777777777",0,0
37,370200,1,3,2,5,3,15,34,12,8,1,0,51,1,37,32,37032,4,2013,"1HGCR2F85DA2","1","H","G","C","R","2","F","8","5","D","A","2",0,0,0,"000000000","00000000000",0,0,0,1,0,0,0,0,0,0,0,55,0,0,0,11,6,2,12,0,0,0,1,51,23233,6,1,0,0,3,0,71,180,0,0,0,0,0,0,0,0,0,0,28,0,0,0,1,2,55,1,2,2,1,0,0,1,10,1,1,2,64,"777777777777","777777777777","777777777777",1,1
37,370200,2,3,1,5,3,15,34,12,8,1,0,37,1,20,498,20498,31,1988,"1GCDK14K4JZ1","1","G","C","D","K","1","4","K","4","J","Z","1",0,0,0,"000000000","00000000000",0,0,0,1,0,0,0,0,0,0,0,55,0,0,0,11,6,2,12,0,0,0,1,37,27055,6,1,5,0,3,0,73,999,0,0,0,0,1,3,2011,3,2011,0,0,0,0,0,1,2,55,1,2,2,1,0,0,1,62,1,1,1,65,"777777777777","777777777777","777777777777",0,0
37,370200,3,3,1,5,3,15,34,12,8,1,0,37,2,18,7,18007,4,2002,"2G4WS52J9212","2","G","4","W","S","5","2","J","9","2","1","2",0,0,0,"000000000","00000000000",0,0,0,1,0,0,0,0,0,0,0,55,0,0,0,12,6,2,12,0,0,0,1,37,27055,6,1,0,0,3,3,73,999,0,0,0,0,0,0,0,0,0,0,0,0,0,0,1,2,55,1,2,2,1,0,0,1,62,1,1,1,98,"777777777777","777777777777","777777777777",1,0
37,370201,1,2,1,7,1,15,55,12,6,1,0,37,1,63,34,63034,4,2004,"KNAGD1280453","K","N","A","G","D","1","2","8","0","4","5","3",0,0,0,"000000000","00000000000",0,0,0,1,0,0,0,0,0,0,0,35,0,0,0,1,6,2,12,0,0,0,1,37,28690,6,1,0,0,3,3,61,999,0,0,0,0,0,0,0,0,0,0,38,48,0,0,1,4,35,1,3,2,1,0,0,11,15,1,1,1,68,"777777777777","777777777777","777777777777",1,0
37,370201,2,2,1,7,1,15,55,12,6,1,0,37,1,20,401,20401,14,2003,"1GCCT19X9382","1","G","C","C","T","1","9","X","9","3","8","2",0,0,0,"000000000","00000000000",0,0,0,1,0,0,0,0,0,0,0,35,0,0,0,12,6,2,12,0,0,0,1,37,28690,6,1,0,0,3,0,74,999,0,5,0,0,0,1,2011,4,2014,0,0,0,0,0,1,4,35,1,3,2,1,0,0,1,66,1,1,1,69,"777777777777","777777777777","777777777777",0,0
37,370202,1,2,1,27,1,11,34,12,2,1,0,37,1,7,482,7482,31,2014,"1C6RR6KT0ES1","1","C","6","R","R","6","K","T","0","E","S","1",0,0,0,"000000000","00000000000",0,0,0,1,0,0,0,0,0,0,0,45,0,0,0,12,6,2,12,0,0,0,1,37,28327,6,1,0,0,3,0,64,999,0,0,0,1,0,3,2013,3,2013,0,28,0,0,0,1,2,45,2,2,2,1,0,0,14,10,1,1,2,50,"777777777777","777777777777","777777777777",1,0
37,370202,2,2,1,27,1,11,34,12,2,1,0,36,2,32,402,32402,14,2015,"WA1CFAFP7FA0","W","A","1","C","F","A","F","P","7","F","A","0",0,0,0,"000000000","00000000000",0,0,0,1,0,0,0,0,0,0,0,45,0,0,0,12,6,2,12,0,0,0,1,36,11959,6,1,0,0,3,0,61,999,0,0,0,0,0,0,0,0,0,0,0,0,0,0,1,2,45,3,2,2,1,0,0,14,62,1,1,1,51,"777777777777","777777777777","777777777777",0,0
37,370203,1,1,1,26,1,18,34,1,0,1,0,37,1,18,22,18022,4,2009,"2G4WD5826911","2","G","4","W","D","5","8","2","6","9","1","1",0,0,0,"000000000","00000000000",0,0,0,1,0,0,0,0,0,0,0,70,0,2,5,0,6,2,1,0,0,0,1,37,27409,6,1,0,0,3,0,68,999,0,0,0,0,1,8,2012,8,2012,3,36,0,0,0,3,2,65,1,1,2,2,0,0,1,13,1,1,4,1,"777777777777","777777777777","777777777777",1,0
37,370204,1,2,1,15,1,23,55,12,8,1,0,37,1,69,54,69054,3,2012,"WMWZP3C55CT2","W","M","W","Z","P","3","C","5","5","C","T","2",0,0,0,"000000000","00000000000",0,0,0,1,0,0,0,0,0,0,0,55,0,1,5,11,6,2,12,0,0,0,1,37,28677,6,1,0,0,3,3,72,999,0,1,0,2,1,11,2011,6,2015,0,28,51,0,0,3,2,65,1,1,2,1,0,0,1,54,1,1,2,66,"777777777777","777777777777","777777777777",1,1
37,370204,2,2,2,15,1,23,55,12,8,1,0,37,1,7,472,7472,30,2001,"1B7GL22X31S2","1","B","7","G","L","2","2","X","3","1","S","2",0,0,0,"000000000","00000000000",0,0,0,1,0,0,0,0,0,0,0,60,0,0,0,11,6,2,12,0,0,0,1,37,28602,6,1,0,0,3,0,63,999,1,0,0,0,0,7,2014,7,2014,0,0,0,0,0,3,2,65,1,1,2,1,0,0,1,54,1,1,1,66,"777777777777","777777777777","777777777777",0,0
37,370205,1,1,1,29,1,0,6,24,0,1,0,37,2,22,2,22002,4,1998,"1G2HX52K2W42","1","G","2","H","X","5","2","K","2","W","4","2",0,0,0,"000000000","00000000000",0,0,0,1,0,0,0,0,0,0,0,70,0,1,5,12,6,2,1,0,0,0,1,37,28677,6,1,0,0,3,3,72,999,0,0,0,0,0,0,0,0,0,3,36,0,0,0,1,2,35,3,2,2,1,0,0,14,13,1,1,4,1,"777777777777","777777777777","777777777777",1,1