"STATE","ST_CASE","VEH_NO","VE_FORMS","NUMOCCS","DAY","MONTH","HOUR","MINUTE","HARM_EV","MAN_COLL","UNITTYPE","HIT_RUN","REG_STAT","OWNER","MAKE","MODEL","MAK_MOD","BODY_TYP","MOD_YEAR","VIN","VIN_1","VIN_2","VIN_3","VIN_4","VIN_5","VIN_6","VIN_7","VIN_8","VIN_9","VIN_10","VIN_11","VIN_12","TOW_VEH","J_KNIFE","MCARR_I1","MCARR_I2","MCARR_ID","GVWR","V_CONFIG","CARGO_BT","HAZ_INV","HAZ_PLAC","HAZ_ID","HAZ_CNO","HAZ_REL","BUS_USE","SPEC_USE","EMER_USE","TRAV_SP","UNDERIDE","ROLLOVER","ROLINLOC","IMPACT1","DEFORMED","TOWED","M_HARM","VEH_SC1","VEH_SC2","FIRE_EXP","DR_PRES","L_STATE","DR_ZIP","L_STATUS","L_TYPE","CDL_STAT","L_ENDORS","L_COMPL","L_RESTRI","DR_HGT","DR_WGT","PREV_ACC","PREV_SUS","PREV_DWI","PREV_SPD","PREV_OTH","FIRST_MO","FIRST_YR","LAST_MO","LAST_YR","SPEEDREL","DR_SF1","DR_SF2","DR_SF3","DR_SF4","VTRAFWAY","VNUM_LAN","VSPD_LIM","VALIGN","VPROFILE","VPAVETYP","VSURCOND","VTRAFCON","VTCONT_F","P_CRASH1","P_CRASH2","P_CRASH3","PCRASH4","PCRASH5","ACC_TYPE","TRLR1VIN","TRLR2VIN","TRLR3VIN","DEATHS","DR_DRINK"
37,370239,2,2,1,22,3,8,28,12,6,1,0,37,3,84,881,84881,66,2007,"2HSCNAPR67C4","2","H","S","C","N","A","P","R","6","7","C","4",1,1,57,"2459217","572459217",3,6,3,1,0,0,0,0,0,0,0,45,0,0,0,12,6,2,12,0,0,0,1,37,27893,6,1,6,9,3,0,71,999,1,0,0,0,0,11,2014,11,2014,0,0,0,0,0,1,2,45,1,1,2,1,0,0,1,66,99,1,1,86,"888888888888","777777777777","777777777777",0,0
37,370240,1,1,2,13,3,22,6,34,0,1,0,37,1,54,35,54035,4,1997,"JH4UA2654VC0","J","H","4","U","A","2","6","5","4","V","C","0",0,0,0,"000000000","00000000000",0,0,0,1,0,0,0,0,0,0,0,75,0,0,0,12,6,2,42,0,0,1,1,37,27537,6,1,0,0,3,0,66,999,0,3,0,0,1,5,2012,6,2013,0,36,0,0,0,1,2,55,2,1,2,2,0,0,14,12,99,1,4,6,"777777777777","777777777777","777777777777",2,1
37,370241,1,1,2,13,3,13,7,42,0,1,0,37,2,48,45,48045,4,2005,"4S3BL6768542","4","S","3","B","L","6","7","6","8","5","4","2",0,0,0,"000000000","00000000000",0,0,0,1,0,0,0,0,0,0,0,60,0,0,0,11,6,2,42,0,0,0,1,37,28604,6,2,0,0,3,3,66,999,0,0,0,0,0,0,0,0,0,4,0,0,0,0,1,2,55,2,1,2,2,0,0,14,6,99,1,4,6,"777777777777","777777777777","777777777777",1,0
37,370242,1,2,1,16,3,11,54,12,2,1,0,37,1,49,442,49442,20,2000,"4T3ZF13C9YU2","4","T","3","Z","F","1","3","C","9","Y","U","2",0,0,0,"000000000","00000000000",0,0,0,1,0,0,0,0,0,0,0,55,0,0,0,12,6,2,12,0,0,0,1,37,27534,6,1,0,0,3,3,71,999,0,0,0,0,0,0,0,0,0,0,0,0,0,0,1,2,55,3,2,2,1,0,0,14,62,99,1,1,51,"777777777777","777777777777","777777777777",0,0
37,370242,2,2,1,16,3,11,54,12,2,1,0,37,1,53,706,53706,80,2003,"JS1GW71A6321","J","S","1","G","W","7","1","A","6","3","2","1",0,0,0,"000000000","00000000000",0,0,0,1,0,0,0,0,0,0,0,130,0,0,0,12,6,2,12,0,0,0,1,37,27530,6,1,0,0,3,0,70,999,0,0,0,1,0,8,2014,8,2014,3,33,36,0,0,1,2,55,2,2,2,1,0,0,6,10,99,1,2,50,"777777777777","777777777777","777777777777",1,0
37,370243,1,2,1,8,3,14,12,12,2,1,0,37,2,37,441,37441,20,2003,"5FNRL18023B1","5","F","N","R","L","1","8","0","2","3","B","1",0,0,0,"000000000","00000000000",0,0,0,1,0,0,0,0,0,0,0,45,0,0,0,12,6,2,12,0,0,0,1,37,27888,6,1,0,0,3,3,65,999,1,2,1,1,1,9,2011,11,2014,0,28,0,0,0,1,2,55,1,1,2,1,0,0,1,10,99,1,2,50,"777777777777","777777777777","777777777777",0,0
37,370243,2,2,4,8,3,14,12,12,2,1,0,37,2,12,481,12481,31,2005,"1FTRX12WX5NB","1","F","T","R","X","1","2","W","X","5","N","B",0,0,0,"000000000","00000000000",0,0,0,1,0,0,0,0,0,0,0,55,0,0,0,12,6,2,12,0,0,0,1,37,28551,0,0,0,0,0,0,999,999,0,0,0,0,0,0,0,0,0,0,0,0,0,0,1,2,55,1,1,2,1,0,0,1,62,99,1,1,51,"777777777777","777777777777","777777777777",2,0
37,370244,1,1,2,18,3,19,0,42,0,1,0,37,2,12,481,12481,31,1994,"1FTEF14N9RNB","1","F","T","E","F","1","4","N","9","R","N","B",0,0,0,"000000000","00000000000",0,0,0,1,0,0,0,0,0,0,0,80,0,0,0,12,6,2,42,0,0,0,1,37,27359,6,1,0,0,3,0,70,999,0,0,0,0,0,0,0,0,0,3,6,36,0,0,1,2,45,3,1,2,1,0,0,14,6,99,2,4,2,"777777777777","777777777777","777777777777",1,1
37,370245,1,2,1,26,3,16,45,12,2,1,0,37,1,20,4,20004,1,1966,"194676S10725","1","9","4","6","7","6","S","1","0","7","2","5",0,0,0,"000000000","00000000000",0,0,0,1,0,0,0,0,0,0,0,50,0,0,0,12,6,2,12,0,0,0,1,37,27889,6,1,0,0,3,0,69,999,1,0,0,0,0,2,2013,2,2013,0,6,36,28,0,1,2,55,1,1,2,1,0,0,1,9,99,3,2,50,"777777777777","777777777777","777777777777",1,0
37,370245,2,2,1,26,3,16,45,12,2,1,0,37,2,19,421,19421,15,2004,"3GYFK66N74G1","3","G","Y","F","K","6","6","N","7","4","G","1",0,0,0,"000000000","00000000000",0,0,0,1,0,0,0,0,0,0,0,55,0,0,0,12,6,2,12,0,0,0,1,37,27810,6,1,0,0,3,0,71,999,0,0,0,0,0,0,0,0,0,0,0,0,0,0,1,2,55,1,1,2,1,0,0,1,62,6,1,1,51,"777777777777","777777777777","777777777777",0,0
37,370246,1,2,1,30,3,15,23,12,1,1,0,37,1,98,709,98709,81,2009,"000000000000","0","0","0","0","0","0","0","0","0","0","0","0",0,0,0,"000000000","00000000000",0,0,0,1,0,0,0,0,0,0,0,35,0,0,0,12,6,2,12,0,0,0,1,37,27889,1,1,0,0,1,0,73,999,0,3,1,0,0,2,2012,10,2014,0,0,0,0,0,5,5,55,1,1,2,1,0,0,1,50,1,1,1,20,"777777777777","777777777777","777777777777",1,0
37,370246,2,2,2,30,3,15,23,12,1,1,0,37,3,12,880,12880,67,2012,"1FDUF5GT5CEC","1","F","D","U","F","5","G","T","5","C","E","C",0,0,88,"888888888","88888888888",2,1,97,1,0,0,0,0,0,0,0,0,0,0,0,6,2,5,12,0,0,0,1,37,27817,6,1,6,0,3,3,62,999,0,0,0,0,0,0,0,0,0,0,0,0,0,0,5,5,55,1,1,2,1,0,0,5,53,99,1,1,21,"777777777777","777777777777","777777777777",0,0
37,370247,1,1,1,28,3,6,33,14,0,1,0,45,2,20,37,20037,4,2010,"1G1ZB5EB0AF3","1","G","1","Z","B","5","E","B","0","A","F","3",0,0,0,"000000000","00000000000",0,0,0,1,0,0,0,0,0,0,0,60,0,0,0,12,6,2,14,0,0,0,1,37,28467,6,1,0,0,3,0,66,999,0,0,0,2,1,1,2012,3,2016,3,6,36,0,0,2,2,55,1,1,2,1,0,0,1,13,99,2,4,1,"777777777777","777777777777","777777777777",1,0
37,370248,1,1,2,28,3,10,14,34,0,1,0,37,1,49,442,49442,20,2004,"5TDZA23C44S1","5","T","D","Z","A","2","3","C","4","4","S","1",0,0,0,"000000000","00000000000",0,0,0,1,0,0,0,0,0,0,0,40,0,1,5,12,6,2,42,0,0,0,1,37,28461,6,1,0,0,3,3,67,999,0,0,0,0,0,0,0,0,0,0,0,0,0,0,1,2,55,2,4,2,1,0,0,14,12,99,2,4,6,"777777777777","777777777777","777777777777",2,0
37,370249,1,1,1,25,3,7,30,1,0,1,0,37,1,98,998,98998,95,2000,"000000000000","0","0","0","0","0","0","0","0","0","0","0","0",0,0,0,"000000000","00000000000",0,0,0,1,0,0,0,0,0,0,0,10,0,1,5,0,2,5,1,0,0,0,1,37,28789,6,1,0,0,1,0,68,999,0,0,0,0,0,0,0,0,0,0,0,0,0,0,1,2,55,1,1,2,1,0,0,1,13,99,1,4,1,"777777777777","777777777777","777777777777",1,0
37,370250,1,1,1,27,3,22,8,59,0,1,0,37,1,49,472,49472,30,2010,"5TELU4ENXAZ6","5","T","E","L","U","4","E","N","X","A","Z","6",0,0,0,"000000000","00000000000",0,0,0,1,0,0,0,0,0,0,0,65,0,1,5,12,4,5,1,0,0,0,1,37,28715,1,1,0,0,2,3,73,999,1,2,1,0,0,1,2013,7,2015,3,6,36,0,0,6,2,55,3,2,2,2,0,0,14,6,99,2,4,2,"777777777777","777777777777","777777777777",1,1
37,370251,1,1,4,26,3,21,8,8,0,1,0,37,1,12,442,12442,20,1999,"2FMZA5140XBC","2","F","M","Z","A","5","1","4","0","X","B","C",0,0,0,"000000000","00000000000",0,0,0,1,0,0,0,0,0,0,0,55,0,0,0,12,6,2,8,0,0,0,1,37,28523,6,1,0,0,3,0,62,999,0,0,0,0,0,0,0,0,0,0,0,0,0,0,1,2,55,1,1,2,1,0,0,1,80,99,1,1,13,"777777777777","777777777777","777777777777",0,0
37,370252,1,3,1,30,3,11,56,12,1,1,0,37,1,12,401,12401,14,2010,"1FMEU6DE0AUA","1","F","M","E","U","6","D","E","0","A","U","A",0,0,0,"000000000","00000000000",0,0,0,1,0,0,0,0,0,0,0,0,0,0,0,6,2,5,12,0,0,0,1,37,27949,6,1,0,0,3,3,65,999,0,0,0,0,0,0,0,0,0,0,54,0,0,0,5,2,55,1,1,2,1,0,0,5,53,99,1,1,98,"777777777777","777777777777","777777777777",0,0
37,370252,2,3,3,30,3,11,56,12,1,1,0,37,1,12,17,12017,4,2005,"1FAFP56255A2","1","F","A","F","P","5","6","2","5","5","A","2",0,0,0,"000000000","00000000000",0,0,0,1,0,0,0,0,0,0,0,0,2,0,0,6,6,2,12,0,0,0,1,37,27939,6,1,0,0,3,3,71,999,0,0,0,0,0,0,0,0,0,0,54,0,0,0,5,2,55,2,1,1,2,0,0,5,53,99,1,1,21,"777777777777","777777777777","777777777777",1,0
37,370252,3,3,1,30,3,11,56,12,1,1,0,37,3,12,880,12880,67,2002,"1FTWW32F02ED","1","F","T","W","W","3","2","F","0","2","E","D",0,0,88,"888888888","88888888888",2,1,97,1,0,0,0,0,0,0,0,55,0,0,0,12,2,5,12,0,0,0,1,37,27947,6,1,0,0,3,3,67,999,0,0,0,0,0,0,0,0,0,0,0,0,0,0,5,2,55,1,1,2,1,0,0,1,50,16,1,1,20,"777777777777","777777777777","777777777777",0,0
37,370253,1,1,4,27,3,19,38,21,0,1,0,37,2,35,47,35047,4,2008,"1N4AL21E28C2","1","N","4","A","L","2","1","E","2","8","C","2",0,0,0,"000000000","00000000000",0,0,0,1,0,0,0,0,0,0,0,70,0,0,0,3,6,2,21,0,0,0,1,37,28216,6,1,0,0,3,3,65,999,0,1,0,4,0,10,2011,10,2014,4,0,0,0,0,3,3,70,1,1,1,2,0,0,1,6,99,4,4,2,"777777777777","777777777777","777777777777",1,0
37,370254,1,1,1,30,3,0,10,8,0,1,1,99,9,99,999,99999,99,9999,"999999999999","9","9","9","9","9","9","9","9","9","9","9","9",9,0,0,"000000000","00000000000",0,0,0,1,0,0,0,0,0,0,0,999,0,0,0,12,9,5,8,0,0,0,1,99,99999,9,9,99,0,9,9,999,999,99,99,99,99,99,99,9999,99,9999,9,0,0,0,0,1,2,35,1,1,2,1,0,0,1,12,99,2,4,6,"777777777777","777777777777","777777777777",0,0
37,370255,1,1,1,22,3,15,55,8,0,1,0,37,1,20,25,20025,4,2015,"1G1PA5SH2F72","1","G","1","P","A","5","S","H","2","F","7","2",0,0,0,"000000000","00000000000",0,0,0,1,0,0,0,0,0,0,0,45,0,0,0,12,2,3,8,0,0,0,1,37,27549,6,1,0,0,3,3,64,999,1,0,0,0,0,9,2015,9,2015,0,0,0,0,0,1,2,45,1,1,2,1,0,0,1,81,99,1,1,13,"777777777777","777777777777","777777777777",0,0
37,370256,1,2,1,25,3,1,22,12,2,1,0,37,1,72,706,72706,80,2015,"1HD1KTM1XFB6","1","H","D","1","K","T","M","1","X","F","B","6",0,0,0,"000000000","00000000000",0,0,0,1,0,0,0,0,0,0,0,65,0,0,0,12,6,2,12,0,0,0,1,37,27522,6,1,0,0,3,0,72,999,0,0,0,0,1,2,2012,2,2012,3,28,36,0,0,1,2,55,1,1,2,1,0,0,1,10,1,1,2,50,"777777777777","777777777777","777777777777",1,1
37,370256,2,2,1,25,3,1,22,12,2,1,0,37,1,2,404,2404,14,1998,"1J4FJ68S8WL2","1","J","4","F","J","6","8","S","8","W","L","2",0,0,0,"000000000","00000000000",0,0,0,1,0,0,0,0,0,0,0,55,0,1,5,12,6,2,12,0,0,0,1,37,27565,6,1,0,0,3,0,72,999,0,2,0,0,1,9,2011,8,2012,0,0,0,0,0,1,2,55,1,1,2,1,0,0,1,62,1,1,1,51,"777777777777","777777777777","777777777777",0,1
37,370257,1,1,1,19,3,10,29,8,0,1,0,37,1,18,2,18002,4,1993,"1G4HP53L2PH5","1","G","4","H","P","5","3","L","2","P","H","5",0,0,0,"000000000","00000000000",0,0,0,1,0,0,0,0,0,0,0,50,0,0,0,12,6,2,8,0,0,0,1,37,27214,6,1,0,0,3,0,67,999,0,0,0,0,1,7,2012,7,2012,0,58,0,0,0,1,2,50,1,2,2,2,0,0,1,80,7,1,6,13,"777777777777","777777777777","777777777777",0,0
37,370258,1,2,1,29,3,12,38,12,6,1,0,37,2,35,43,35043,4,2012,"3N1AB6AP2CL6","3","N","1","A","B","6","A","P","2","C","L","6",0,0,0,"000000000","00000000000",0,0,0,1,0,0,0,0,0,0,0,15,0,0,0,9,6,2,12,0,0,0,1,37,27880,6,1,0,0,3,0,56,999,0,0,0,0,0,0,0,0,0,0,38,0,0,0,1,2,45,1,2,2,1,20,3,11,15,1,1,1,82,"777777777777","777777777777","777777777777",0,0
37,370258,2,2,2,29,3,12,38,12,6,1,0,37,1,72,706,72706,80,1992,"1HD1BJL45NY0","1","H","D","1","B","J","L","4","5","N","Y","0",0,0,0,"000000000","00000000000",0,0,0,1,0,0,0,0,0,0,0,45,0,0,0,12,6,2,12,0,0,0,1,37,27048,6,1,0,0,3,0,70,999,0,0,0,0,0,0,0,0,0,0,0,0,0,0,1,3,45,1,2,2,1,0,0,1,66,1,1,1,83,"777777777777","777777777777","777777777777",1,0
37,370259,1,2,2,28,3,7,34,12,8,1,0,37,3,87,884,87884,63,2015,"3BPZHJ7XXFF2","3","B","P","Z","H","J","7","X","X","F","F","2",0,0,57,"2402063","572402063",3,1,7,1,0,0,0,0,0,0,0,45,0,0,0,9,6,2,12,0,0,0,1,37,27870,6,1,6,0,3,0,64,999,0,0,0,0,0,0,0,0,0,0,0,0,0,0,1,2,55,1,1,2,1,0,0,1,62,1,1,1,65,"777777777777","777777777777","777777777777",0,0
37,370259,2,2,1,28,3,7,34,12,8,1,0,37,1,12,3,12003,2,1993,"1FACP41MXPF2","1","F","A","C","P","4","1","M","X","P","F","2",0,0,0,"000000000","00000000000",0,0,0,1,0,0,0,0,0,0,0,50,0,0,0,61,6,2,12,0,0,0,1,37,27870,1,1,0,0,2,0,67,999,0,3,0,0,0,7,2011,7,2012,0,28,0,0,0,1,2,55,1,1,2,1,0,0,1,10,1,1,2,64,"777777777777","777777777777","777777777777",1,0
37,370260,1,2,1,25,3,9,11,12,6,1,0,37,1,54,38,54038,3,2006,"JH4DC53826S0","J","H","4","D","C","5","3","8","2","6","S","0",0,0,0,"000000000","00000000000",0,0,0,1,0,0,0,0,0,0,0,55,0,0,0,3,6,2,12,0,0,0,1,37,28716,6,1,0,0,3,0,74,999,0,0,0,1,1,3,2011,4,2012,0,28,0,0,0,3,2,55,1,2,2,1,0,0,1,10,1,1,2,66,"777777777777","777777777777","777777777777",1,0
37,370260,2,2,1,25,3,9,11,12,6,1,0,37,1,37,31,37031,2,2005,"1HGEM21575L0","1","H","G","E","M","2","1","5","7","5","L","0",0,0,0,"000000000","00000000000",0,0,0,1,0,0,0,0,0,0,0,55,0,0,0,12,6,2,12,0,0,0,1,37,28713,6,1,0,0,3,3,64,999,2,0,0,0,0,11,2013,3,2015,0,0,0,0,0,3,2,55,1,1,2,1,0,0,1,62,1,1,1,66,"777777777777","777777777777","777777777777",0,0
37,370261,1,2,2,21,3,11,7,12,6,1,0,37,1,37,39,37039,5,2013,"JHMGE8H52DC0","J","H","M","G","E","8","H","5","2","D","C","0",0,0,0,"000000000","00000000000",0,0,0,1,0,0,0,0,0,0,0,20,0,0,0,1,6,2,12,0,0,0,1,37,28139,6,1,0,0,3,3,72,999,1,0,0,0,0,5,2012,5,2012,0,0,0,0,0,2,5,45,1,1,2,1,3,3,11,15,1,1,1,68,"777777777777","777777777777","777777777777",1,0
37,370261,2,2,1,21,3,11,7,12,6,1,0,37,3,84,884,84884,66,2012,"1HSHWSJN1CJ0","1","H","S","H","W","S","J","N","1","C","J","0",1,1,57,"2189903","572189903",3,6,1,1,0,0,0,0,0,0,0,30,0,0,0,12,6,2,12,0,0,0,1,37,28630,6,1,6,0,3,0,71,999,0,0,0,0,1,12,2013,12,2013,0,0,0,0,0,2,5,45,1,1,2,1,3,3,16,66,9,1,2,69,"888888888888","777777777777","777777777777",0,0
37,370262,1,2,1,24,3,5,29,12,6,1,0,37,3,86,881,86881,66,1999,"1M1AA13YXXW1","1","M","1","A","A","1","3","Y","X","X","W","1",1,1,57,"1079630","571079630",3,6,97,1,0,0,0,0,0,0,0,5,7,0,0,9,4,3,12,0,0,0,1,37,28147,6,1,6,0,3,3,74,999,0,0,0,0,0,0,0,0,0,0,31,0,0,0,1,2,55,1,1,2,1,0,0,13,20,1,1,1,92,"888888888888","777777777777","777777777777",0,0
37,370262,2,2,1,24,3,5,29,12,6,1,0,37,1,14,444,14444,20,2004,"2MRDA20224BJ","2","M","R","D","A","2","0","2","2","4","B","J",0,0,0,"000000000","00000000000",0,0,0,1,0,0,0,0,0,0,0,55,0,0,0,12,6,2,12,0,0,0,1,37,28115,6,1,0,0,3,3,62,999,0,0,0,0,0,0,0,0,0,0,0,0,0,0,1,2,55,1,1,2,1,0,0,1,56,1,1,1,93,"777777777777","777777777777","777777777777",1,0
37,370263,1,2,1,18,3,1,8,12,2,1,0,37,3,7,24,7024,4,2015,"2C3CDXAT5FH9","2","C","3","C","D","X","A","T","5","F","H","9",0,0,0,"000000000","00000000000",0,0,0,1,0,0,0,0,0,5,2,30,0,0,0,12,6,2,12,0,0,0,1,37,27332,6,1,3,0,3,3,72,999,0,0,0,0,0,0,0,0,0,0,0,0,0,0,1,2,25,1,2,2,1,0,0,1,62,1,1,1,51,"777777777777","777777777777","777777777777",0,0
37,370263,2,2,1,18,3,1,8,12,2,1,0,37,1,37,732,37732,90,2004,"999999999999","9","9","9","9","9","9","9","9","9","9","9","9",0,0,0,"000000000","00000000000",0,0,0,1,0,0,0,0,0,0,0,40,0,0,0,12,6,2,12,0,0,0,1,37,27330,1,1,0,0,1,0,70,999,0,2,0,0,2,12,2015,2,2016,0,28,0,0,0,1,2,25,1,2,2,1,0,0,1,10,1,1,2,50,"777777777777","777777777777","777777777777",1,1
37,370264,1,1,2,29,3,19,54,34,0,1,0,37,2,7,442,7442,20,2001,"2B8GP54L51R1","2","B","8","G","P","5","4","L","5","1","R","1",0,0,0,"000000000","00000000000",0,0,0,1,0,0,0,0,0,0,0,70,0,1,5,12,6,2,1,0,0,0,1,37,28365,6,1,0,0,3,3,74,999,3,2,1,1,3,12,2012,2,2016,3,36,0,0,0,1,2,55,3,1,2,1,0,0,14,13,1,1,4,1,"777777777777","777777777777","777777777777",1,1
37,370265,1,2,2,23,3,14,49,12,2,1,0,37,1,23,481,23481,31,1994,"2GTEK19K7R15","2","G","T","E","K","1","9","K","7","R","1","5",0,0,0,"000000000","00000000000",0,0,0,1,0,0,0,0,0,0,0,55,0,0,0,12,6,2,12,0,0,1,1,37,28665,6,1,0,0,3,0,73,999,0,0,0,1,4,7,2011,2,2015,0,28,0,0,0,1,2,55,2,1,2,1,0,0,14,10,1,1,2,50,"777777777777","777777777777","777777777777",2,0
37,370265,2,2,1,23,3,14,49,12,2,1,0,37,3,23,461,23461,21,2008,"1GTFH1541812","1","G","T","F","H","1","5","4","1","8","1","2",0,0,0,"000000000","00000000000",0,0,0,1,0,0,0,0,0,0,0,55,0,0,0,12,6,2,12,0,0,0,1,37,28657,6,1,0,0,3,0,73,999,0,0,0,0,1,4,2011,4,2011,0,0,0,0,0,1,2,55,3,1,2,1,0,0,14,62,1,1,1,51,"777777777777","777777777777","777777777777",1,0
37,370266,1,2,1,31,3,16,2,12,6,1,0,37,1,12,481,12481,31,1997,"1FTDF1769VNA","1","F","T","D","F","1","7","6","9","V","N","A",0,0,0,"000000000","00000000000",0,0,0,1,0,0,0,0,0,0,0,50,0,0,0,1,6,2,12,0,0,0,1,37,27962,6,2,0,0,3,0,72,999,0,0,0,0,0,0,0,0,0,4,36,0,0,0,1,2,45,3,2,2,1,0,0,14,10,1,1,2,66,"777777777777","777777777777","777777777777",0,0
37,370266,2,2,5,31,3,16,2,12,6,1,0,37,2,53,36,53036,5,2006,"KL5JD66Z36K4","K","L","5","J","D","6","6","Z","3","6","K","4",0,0,0,"000000000","00000000000",0,0,0,1,0,0,0,0,0,0,0,45,0,0,0,9,6,2,12,0,0,0,1,37,27888,0,0,0,0,0,0,999,999,0,0,0,0,0,0,0,0,0,0,0,0,0,0,1,2,45,2,2,2,1,0,0,14,62,1,1,1,66,"777777777777","777777777777","777777777777",1,0
37,370267,1,1,4,1,3,9,13,42,0,1,0,37,1,52,37,52037,2,2000,"4A3AC84L0YE1","4","A","3","A","C","8","4","L","0","Y","E","1",0,0,0,"000000000","00000000000",0,0,0,1,0,0,0,0,0,0,0,998,0,0,0,4,6,2,42,0,0,0,1,37,28214,0,0,0,0,0,0,68,999,0,0,0,0,0,0,0,0,0,5,36,0,0,0,1,2,35,1,1,2,1,0,0,1,9,1,5,4,7,"777777777777","777777777777","777777777777",1,0
37,370268,1,2,2,22,3,2,52,12,1,1,0,37,3,85,881,85881,63,1995,"1XKDDR9X1SJ6","1","X","K","D","D","R","9","X","1","S","J","6",0,0,57,"225922","57225922",3,2,4,1,0,0,0,0,0,0,0,30,0,0,0,6,6,2,12,0,0,0,1,37,28080,6,1,6,0,3,3,71,999,1,1,0,0,1,10,2011,7,2012,0,0,0,0,0,3,3,55,1,3,2,1,0,0,1,53,1,1,1,25,"777777777777","777777777777","777777777777",0,0
37,370268,2,2,1,22,3,2,52,12,1,1,0,45,1,35,39,35039,4,2004,"1N4BA41E04C8","1","N","4","B","A","4","1","E","0","4","C","8",0,0,0,"000000000","00000000000",0,0,0,1,0,0,0,0,0,0,0,60,0,0,0,12,6,2,12,0,0,1,1,45,29607,6,1,0,0,3,0,73,230,0,0,0,0,0,0,0,0,0,3,36,0,0,0,3,3,55,1,3,2,1,0,0,1,51,1,1,1,24,"777777777777","777777777777","777777777777",1,1
37,370269,1,1,1,13,3,23,39,42,0,1,0,37,1,19,3,19003,4,1997,"1G6KD54Y8VU2","1","G","6","K","D","5","4","Y","8","V","U","2",0,0,0,"000000000","00000000000",0,0,0,1,0,0,0,0,0,0,0,60,0,0,0,11,6,2,42,0,0,0,1,37,28374,6,1,0,0,3,3,70,999,0,1,0,0,2,3,2012,6,2013,0,0,0,0,0,1,2,55,1,1,2,1,0,0,1,13,1,1,4,1,"777777777777","777777777777","777777777777",1,1
37,370270,1,2,1,21,3,20,26,12,6,1,0,37,1,20,481,20481,31,2002,"1GNEK13Z82R3","1","G","N","E","K","1","3","Z","8","2","R","3",0,0,0,"000000000","00000000000",0,0,0,1,0,0,0,0,0,0,0,58,0,0,0,12,6,2,12,0,0,0,1,37,27801,6,1,0,0,3,3,68,999,1,1,0,1,2,2,2012,2,2015,0,0,0,0,0,2,4,55,1,1,2,1,3,3,1,17,1,1,1,69,"777777777777","777777777777","777777777777",0,1
37,370270,2,2,4,21,3,20,26,12,6,1,0,37,2,12,37,12037,4,2000,"1FAFP3430YW3","1","F","A","F","P","3","4","3","0","Y","W","3",0,0,0,"000000000","00000000000",0,0,0,1,0,0,0,0,0,0,0,13,0,0,0,3,6,2,12,0,0,0,1,37,27610,6,1,0,0,3,0,63,999,0,0,0,0,0,0,0,0,0,0,38,0,0,0,2,4,55,1,1,2,1,3,3,11,15,1,1,1,68,"777777777777","777777777777","777777777777",4,0
37,370271,1,3,1,19,3,19,54,12,2,1,0,37,2,52,401,52401,14,2001,"JA4MW31R91J0","J","A","4","M","W","3","1","R","9","1","J","0",0,0,0,"000000000","00000000000",0,0,0,1,0,0,0,0,0,0,0,55,0,0,0,12,6,2,12,0,0,0,1,37,28409,6,1,0,0,3,0,71,999,1,0,0,0,0,11,2015,11,2015,0,28,0,0,0,1,2,55,1,1,2,1,0,0,1,10,1,1,2,50,"777777777777","777777777777","777777777777",0,0
37,370271,2,3,2,19,3,19,54,12,2,1,0,37,1,20,473,20473,30,2008,"1GCCS39E1882","1","G","C","C","S","3","9","E","1","8","8","2",0,0,0,"000000000","00000000000",0,0,0,1,0,0,0,0,0,0,0,55,0,0,0,12,6,2,12,0,0,0,1,37,28412,6,1,0,0,3,3,72,999,0,0,0,0,0,0,0,0,0,0,0,0,0,0,1,2,55,1,1,2,1,0,0,1,62,1,1,1,51,"777777777777","777777777777","777777777777",1,0
37,370271,3,3,1,19,3,19,54,12,2,1,0,37,1,49,401,49401,14,2013,"JTEBU5JR3D51","J","T","E","B","U","5","J","R","3","D","5","1",0,0,0,"000000000","00000000000",0,0,0,1,0,0,0,0,0,0,0,55,0,0,0,11,6,2,12,0,0,0,1,37,28412,6,1,0,0,3,3,66,999,0,0,0,0,0,0,0,0,0,0,28,0,0,0,1,2,55,1,1,2,1,0,0,1,62,6,1,2,98,"777777777777","777777777777","777777777777",0,0
37,370272,1,2,1,20,3,2,44,12,2,1,0,37,1,49,33,49033,2,1988,"JT2ST65C5J72","J","T","2","S","T","6","5","C","5","J","7","2",0,0,0,"000000000","00000000000",0,0,0,1,0,0,0,0,0,0,0,65,0,0,0,12,6,2,12,0,0,0,1,37,28409,6,1,0,0,3,0,74,999,1,5,0,1,6,9,2013,5,2015,3,28,36,0,0,1,4,35,1,1,2,1,0,0,1,10,1,1,2,50,"777777777777","777777777777","777777777777",1,1
37,370272,2,2,3,20,3,2,44,12,2,1,0,37,3,7,442,7442,20,2005,"1D8GP45RX5B2","1","D","8","G","P","4","5","R","X","5","B","2",0,0,0,"000000000","00000000000",0,0,0,1,0,0,0,0,0,0,0,45,0,0,0,12,6,2,12,0,0,0,1,37,28401,6,1,0,0,3,0,74,999,1,0,0,0,0,11,2012,11,2012,0,0,0,0,0,1,4,35,1,1,2,1,0,0,1,62,1,1,1,51,"777777777777","777777777777","777777777777",0,0
37,370273,1,1,1,30,3,7,31,8,0,1,0,37,1,55,36,55036,4,2010,"KMHCN4AC4AU4","K","M","H","C","N","4","A","C","4","A","U","4",0,0,0,"000000000","00000000000",0,0,0,1,0,0,0,0,0,0,0,12,0,0,0,12,2,5,8,0,0,0,1,37,27205,6,1,0,0,3,0,60,999,0,0,0,0,0,0,0,0,0,5,36,0,0,0,1,2,55,1,2,2,1,0,0,1,80,1,1,1,13,"777777777777","777777777777","777777777777",0,0