"STATE","ST_CASE","VEH_NO","VE_FORMS","NUMOCCS","DAY","MONTH","HOUR","MINUTE","HARM_EV","MAN_COLL","UNITTYPE","HIT_RUN","REG_STAT","OWNER","MAKE","MODEL","MAK_MOD","BODY_TYP","MOD_YEAR","VIN","VIN_1","VIN_2","VIN_3","VIN_4","VIN_5","VIN_6","VIN_7","VIN_8","VIN_9","VIN_10","VIN_11","VIN_12","TOW_VEH","J_KNIFE","MCARR_I1","MCARR_I2","MCARR_ID","GVWR","V_CONFIG","CARGO_BT","HAZ_INV","HAZ_PLAC","HAZ_ID","HAZ_CNO","HAZ_REL","BUS_USE","SPEC_USE","EMER_USE","TRAV_SP","UNDERIDE","ROLLOVER","ROLINLOC","IMPACT1","DEFORMED","TOWED","M_HARM","VEH_SC1","VEH_SC2","FIRE_EXP","DR_PRES","L_STATE","DR_ZIP","L_STATUS","L_TYPE","CDL_STAT","L_ENDORS","L_COMPL","L_RESTRI","DR_HGT","DR_WGT","PREV_ACC","PREV_SUS","PREV_DWI","PREV_SPD","PREV_OTH","FIRST_MO","FIRST_YR","LAST_MO","LAST_YR","SPEEDREL","DR_SF1","DR_SF2","DR_SF3","DR_SF4","VTRAFWAY","VNUM_LAN","VSPD_LIM","VALIGN","VPROFILE","VPAVETYP","VSURCOND","VTRAFCON","VTCONT_F","P_CRASH1","P_CRASH2","P_CRASH3","PCRASH4","PCRASH5","ACC_TYPE","TRLR1VIN","TRLR2VIN","TRLR3VIN","DEATHS","DR_DRINK"
37,370274,1,1,2,20,3,4,43,38,0,1,0,37,2,49,43,49043,4,2000,"4T1BF28B0YU0","4","T","1","B","F","2","8","B","0","Y","U","0",0,0,0,"000000000","00000000000",0,0,0,1,0,0,0,0,0,0,0,60,0,0,0,10,6,2,38,0,0,0,1,37,28379,0,0,0,0,0,0,69,999,0,0,0,0,1,12,2015,12,2015,4,36,0,0,0,1,2,55,2,2,2,2,0,0,14,6,1,2,4,2,"777777777777","777777777777","777777777777",1,1
37,370275,1,1,2,26,3,0,13,42,0,1,0,37,1,7,20,7020,4,2005,"1B3ES56C65D1","1","B","3","E","S","5","6","C","6","5","D","1",0,0,0,"000000000","00000000000",0,0,0,1,0,0,0,0,0,0,0,50,0,0,0,12,6,2,42,0,0,0,1,37,28382,6,1,0,0,3,0,64,999,0,0,0,0,0,0,0,0,0,3,28,36,0,0,1,2,35,2,1,2,1,0,0,14,10,1,1,4,6,"777777777777","777777777777","777777777777",1,0
37,370276,1,1,2,26,3,8,9,42,0,1,0,37,1,20,481,20481,31,2006,"1GCEK19Z36Z1","1","G","C","E","K","1","9","Z","3","6","Z","1",0,0,0,"000000000","00000000000",0,0,0,1,0,0,0,0,0,0,0,75,0,1,5,99,6,2,42,0,0,0,1,37,27052,3,1,0,0,2,0,74,999,0,0,0,0,1,3,2014,3,2014,3,36,0,0,0,1,2,55,4,2,2,1,0,0,14,11,1,1,4,1,"777777777777","777777777777","777777777777",1,1
37,370277,1,2,2,20,3,2,15,12,2,1,0,37,1,20,481,20481,31,2005,"1GCEK19Z45Z1","1","G","C","E","K","1","9","Z","4","5","Z","1",0,0,0,"000000000","00000000000",0,0,0,1,0,0,0,0,0,0,0,70,0,1,5,12,6,2,12,0,0,0,1,37,27562,6,1,0,0,3,0,63,999,1,0,0,0,0,8,2014,8,2014,3,36,0,0,0,2,4,55,4,3,2,2,3,3,14,17,1,1,1,84,"777777777777","777777777777","777777777777",1,1
37,370277,2,2,1,20,3,2,15,12,2,1,0,37,1,2,404,2404,14,2015,"1C4PJLCB0FW5","1","C","4","P","J","L","C","B","0","F","W","5",0,0,0,"000000000","00000000000",0,0,0,1,0,0,0,0,0,0,0,25,0,0,0,12,6,2,12,0,0,0,1,37,27540,6,1,0,0,2,0,67,999,0,4,1,2,3,4,2011,7,2015,0,99,99,99,99,2,4,55,4,3,2,2,3,3,11,66,1,1,1,84,"777777777777","777777777777","777777777777",0,1
37,370278,1,4,1,22,3,16,32,12,1,1,0,37,2,82,881,82881,63,2004,"1FVACXCS44HL","1","F","V","A","C","X","C","S","4","4","H","L",0,0,88,"888888888","88888888888",3,1,97,1,0,0,0,0,0,0,0,60,0,0,0,12,6,2,12,0,0,0,1,37,27707,6,1,6,9,3,0,68,999,0,8,0,0,4,7,2012,10,2014,5,36,0,0,0,2,4,55,1,1,2,1,0,0,1,50,1,1,1,20,"777777777777","777777777777","777777777777",0,0
37,370278,2,4,1,22,3,16,32,12,1,1,0,51,1,49,442,49442,20,2004,"5TDZA22C84S0","5","T","D","Z","A","2","2","C","8","4","S","0",0,0,0,"000000000","00000000000",0,0,0,1,0,0,0,0,0,0,0,0,0,0,0,6,6,2,12,0,0,0,1,37,27587,6,1,0,0,3,0,63,999,0,0,0,0,0,0,0,0,0,0,0,0,0,0,2,4,55,1,1,2,1,0,0,5,53,1,1,1,21,"777777777777","777777777777","777777777777",1,0
37,370278,3,4,1,22,3,16,32,12,1,1,0,51,3,82,881,82881,66,2011,"1FUJGEDR8BSA","1","F","U","J","G","E","D","R","8","B","S","A",1,1,57,"263863","57263863",3,6,4,1,0,0,0,0,0,0,0,0,0,0,0,6,4,3,12,0,0,0,1,51,24541,6,1,6,0,3,0,73,270,0,0,0,1,0,1,2013,1,2013,0,0,0,0,0,2,4,55,1,1,2,1,0,0,5,53,1,1,1,98,"888888888888","777777777777","777777777777",0,0
37,370278,4,4,1,22,3,16,32,12,1,1,0,37,1,37,32,37032,4,2015,"1HGCR2F36FA1","1","H","G","C","R","2","F","3","6","F","A","1",0,0,0,"000000000","00000000000",0,0,0,1,0,0,0,0,0,0,0,0,0,0,0,6,4,5,12,0,0,0,1,37,27587,6,1,0,0,3,3,69,999,0,0,0,1,0,7,2015,7,2015,0,0,0,0,0,2,4,55,1,1,2,1,0,0,5,53,1,1,1,98,"777777777777","777777777777","777777777777",0,0
37,370279,1,2,1,24,3,2,22,12,1,1,0,37,2,12,401,12401,14,2000,"1FMZU62X1YZB","1","F","M","Z","U","6","2","X","1","Y","Z","B",0,0,0,"000000000","00000000000",0,0,0,1,0,0,0,0,0,0,0,70,0,0,0,12,6,2,12,0,0,0,1,37,27591,6,1,0,0,3,3,73,999,0,0,0,0,0,0,0,0,0,0,28,0,0,0,3,3,70,1,1,2,1,0,0,1,98,1,1,2,20,"777777777777","777777777777","777777777777",1,0
37,370279,2,2,2,24,3,2,22,12,1,1,0,37,3,98,806,98806,63,2014,"5PVNE8JP2E4S","5","P","V","N","E","8","J","P","2","E","4","S",0,0,88,"888888888","88888888888",3,1,98,1,0,0,0,0,0,0,0,0,0,0,0,6,6,2,12,0,0,0,1,37,27522,6,1,3,0,3,0,71,999,0,0,0,0,0,0,0,0,0,0,0,0,0,0,3,3,70,1,1,2,1,0,0,5,19,1,9,1,21,"777777777777","777777777777","777777777777",0,0
37,370280,1,1,1,27,3,11,17,15,0,1,0,37,1,59,31,59031,4,2002,"JTHBF30G2250","J","T","H","B","F","3","0","G","2","2","5","0",0,0,0,"000000000","00000000000",0,0,0,1,0,0,0,0,0,0,0,45,0,0,0,12,6,2,15,0,0,0,1,37,27610,6,1,0,0,3,0,67,999,3,1,0,2,2,2,2012,3,2016,5,36,0,0,0,1,6,45,1,1,2,2,0,0,1,80,1,1,1,13,"777777777777","777777777777","777777777777",0,0
37,370281,1,1,5,31,3,7,2,23,0,1,0,37,4,12,481,12481,31,2016,"1FD0W5HY1GEA","1","F","D","0","W","5","H","Y","1","G","E","A",0,0,0,"000000000","00000000000",0,0,0,1,0,0,0,0,0,0,0,70,0,0,0,12,6,2,3,0,0,1,1,37,27603,0,0,0,0,0,0,999,999,0,0,0,0,0,0,0,0,0,0,0,0,0,0,2,3,70,1,1,1,1,0,0,1,12,1,1,4,6,"777777777777","777777777777","777777777777",1,0
37,370282,1,1,1,17,3,2,6,8,0,1,0,39,3,51,881,51881,66,2004,"4V4NC9GG44N3","4","V","4","N","C","9","G","G","4","4","N","3",0,0,57,"090831","57090831",3,5,96,1,0,0,0,0,0,0,0,65,0,0,0,12,6,2,8,0,0,0,1,37,28083,6,1,6,0,3,0,72,999,0,0,0,0,1,6,2014,6,2014,0,0,0,0,0,3,2,65,1,2,1,1,0,0,1,80,99,1,1,13,"777777777777","777777777777","777777777777",0,1
37,370283,1,1,1,20,3,5,13,30,0,1,0,24,2,59,403,59403,14,2007,"JTJHW31U8720","J","T","J","H","W","3","1","U","8","7","2","0",0,0,0,"000000000","00000000000",0,0,0,1,0,0,0,0,0,0,0,73,0,0,0,12,6,2,30,0,0,0,1,37,28311,6,1,0,0,3,0,68,999,0,3,0,0,1,5,2012,4,2015,3,0,0,0,0,5,5,45,1,1,2,1,0,0,1,6,99,4,4,7,"777777777777","777777777777","777777777777",1,1
37,370284,1,1,1,28,3,17,47,42,0,1,0,37,2,55,35,55035,4,2003,"KMHDN55D33U0","K","M","H","D","N","5","5","D","3","3","U","0",0,0,0,"000000000","00000000000",0,0,0,1,0,0,0,0,0,0,0,65,0,0,0,1,6,2,42,0,0,0,1,37,28792,0,0,0,0,0,0,68,999,0,0,0,0,0,0,0,0,0,3,6,36,58,0,1,2,45,1,1,2,1,0,0,1,13,8,4,4,7,"777777777777","777777777777","777777777777",1,0
37,370285,1,1,1,30,3,1,33,24,0,1,0,37,1,41,50,41050,5,2006,"1YVHP84D265M","1","Y","V","H","P","8","4","D","2","6","5","M",0,0,0,"000000000","00000000000",0,0,0,1,0,0,0,0,0,0,0,35,0,0,0,61,6,2,24,0,0,0,1,37,27610,6,1,0,0,3,0,72,999,0,0,0,2,1,2,2012,9,2015,0,58,0,0,0,1,2,45,3,2,2,1,0,0,14,13,16,2,4,7,"777777777777","777777777777","777777777777",1,0
37,370286,1,2,2,23,3,15,23,12,2,1,0,37,1,23,401,23401,14,2001,"1GKDT13W2121","1","G","K","D","T","1","3","W","2","1","2","1",0,0,0,"000000000","00000000000",0,0,0,1,0,0,0,0,0,0,0,30,0,0,0,12,6,2,12,0,0,0,1,37,27298,6,1,0,0,3,0,63,999,0,0,0,0,0,0,0,0,0,0,91,28,0,0,1,2,55,2,2,2,1,0,0,11,10,99,1,2,82,"777777777777","777777777777","777777777777",0,0
37,370286,2,2,1,23,3,15,23,12,2,1,0,37,1,98,709,98709,81,2005,"000000000000","0","0","0","0","0","0","0","0","0","0","0","0",0,0,0,"000000000","00000000000",0,0,0,1,0,0,0,0,0,0,0,0,0,0,0,12,6,2,12,0,0,0,1,37,27317,1,1,0,0,1,0,72,999,0,0,0,0,0,0,0,0,0,0,0,0,0,0,1,2,55,1,2,2,1,20,3,5,67,99,1,1,83,"777777777777","777777777777","777777777777",1,0
37,370287,1,1,3,23,3,5,10,42,0,1,0,37,2,6,43,6043,4,2002,"1C3EL56R62N2","1","C","3","E","L","5","6","R","6","2","N","2",0,0,0,"000000000","00000000000",0,0,0,1,0,0,0,0,0,0,0,70,0,0,0,3,6,2,42,0,0,0,1,37,27288,1,1,0,0,2,0,74,999,0,7,0,0,1,4,2014,11,2015,3,6,36,58,0,1,2,35,2,1,2,1,0,0,14,13,8,4,4,7,"777777777777","777777777777","777777777777",1,0
37,370288,1,2,1,11,3,5,50,12,6,1,1,37,2,23,401,23401,14,2000,"1GKDT13W1Y21","1","G","K","D","T","1","3","W","1","Y","2","1",0,0,0,"000000000","00000000000",0,0,0,1,0,0,0,0,0,0,0,25,0,0,0,12,4,3,12,0,0,0,1,37,27536,0,0,0,0,0,0,999,999,0,6,0,0,0,7,2011,8,2015,0,6,36,38,91,1,2,45,1,1,2,1,0,0,11,15,99,1,2,68,"777777777777","777777777777","777777777777",0,1
37,370288,2,2,1,11,3,5,50,12,6,1,0,37,1,98,709,98709,81,2013,"000000000000","0","0","0","0","0","0","0","0","0","0","0","0",0,0,0,"000000000","00000000000",0,0,0,1,0,0,0,0,0,0,0,30,0,0,0,61,6,2,12,0,0,0,1,37,27536,0,0,0,0,0,0,67,999,0,0,0,0,0,0,0,0,0,0,0,0,0,0,1,2,45,1,1,2,1,0,0,1,62,99,1,1,69,"777777777777","777777777777","777777777777",1,0
37,370289,1,1,1,2,4,11,37,42,0,1,0,37,2,41,35,41035,4,1997,"JM1BC1420V01","J","M","1","B","C","1","4","2","0","V","0","1",0,0,0,"000000000","00000000000",0,0,0,1,0,0,0,0,0,0,0,60,0,1,5,12,6,2,1,0,0,0,1,37,28601,1,1,0,0,2,0,67,999,2,10,2,0,4,8,2011,8,2015,3,0,0,0,0,1,2,45,1,1,2,1,0,0,1,13,99,2,4,1,"777777777777","777777777777","777777777777",1,0
37,370290,1,2,1,6,4,19,33,12,2,1,0,37,2,20,421,20421,15,1999,"1GNEK13R3XR1","1","G","N","E","K","1","3","R","3","X","R","1",0,0,0,"000000000","00000000000",0,0,0,1,0,0,0,0,0,0,0,60,2,1,1,12,6,2,12,0,0,0,1,37,28027,1,1,0,0,2,0,65,999,1,3,1,2,1,4,2011,4,2015,3,28,0,0,0,1,2,55,3,1,2,1,0,0,14,10,99,1,3,50,"777777777777","777777777777","777777777777",1,1
37,370290,2,2,1,6,4,19,33,12,2,1,0,37,3,52,882,52882,61,2004,"JL6AAE1HX4K0","J","L","6","A","A","E","1","H","X","4","K","0",0,0,88,"888888888","88888888888",2,1,1,1,0,0,0,0,0,0,0,45,0,1,5,12,6,2,12,0,0,0,1,37,28163,6,1,0,0,3,0,67,999,1,0,0,0,0,1,2016,1,2016,0,0,0,0,0,1,2,55,2,1,2,1,0,0,14,62,7,1,1,51,"777777777777","777777777777","777777777777",0,0
37,370291,1,3,1,12,4,9,9,12,2,1,0,37,3,12,981,12981,50,1996,"1FDXB80C9TVA","1","F","D","X","B","8","0","C","9","T","V","A",0,0,88,"888888888","88888888888",3,21,22,1,0,0,0,0,1,2,0,50,0,0,0,12,6,2,12,0,0,0,1,37,28083,6,1,6,1,3,3,65,999,0,0,0,0,0,0,0,0,0,0,0,0,0,0,1,2,55,2,1,2,2,0,0,14,62,16,2,1,51,"777777777777","777777777777","777777777777",0,0
37,370291,2,3,1,12,4,9,9,12,2,1,0,37,1,24,5,24005,4,2003,"1G8JU54F53Y5","1","G","8","J","U","5","4","F","5","3","Y","5",0,0,0,"000000000","00000000000",0,0,0,1,0,0,0,0,0,0,0,50,0,0,0,12,6,2,12,0,0,0,1,37,28037,6,1,0,0,3,0,68,999,0,0,0,0,0,0,0,0,0,0,28,0,0,0,1,2,55,3,1,2,2,0,0,14,10,99,1,2,50,"777777777777","777777777777","777777777777",1,0
37,370291,3,3,2,12,4,9,9,12,2,1,0,37,1,6,43,6043,4,2006,"1C3EL46X46N1","1","C","3","E","L","4","6","X","4","6","N","1",0,0,0,"000000000","00000000000",0,0,0,1,0,0,0,0,0,0,0,55,2,0,0,12,6,2,12,0,0,0,1,37,28262,6,1,0,0,3,3,72,999,2,0,0,2,0,2,2012,1,2016,0,0,0,0,0,1,2,55,2,1,2,2,0,0,14,52,16,1,1,98,"777777777777","777777777777","777777777777",0,0
37,370292,1,2,1,7,4,7,48,12,2,1,0,37,1,20,16,20016,4,1987,"1G1JC5114HK1","1","G","1","J","C","5","1","1","4","H","K","1",0,0,0,"000000000","00000000000",0,0,0,1,0,0,0,0,0,0,0,50,0,0,0,12,6,2,12,0,0,0,1,37,27379,6,1,0,0,3,3,68,999,1,0,0,0,0,7,2011,7,2011,0,28,0,0,0,1,2,50,1,1,2,2,0,0,1,10,99,1,2,50,"777777777777","777777777777","777777777777",1,1
37,370292,2,2,3,7,4,7,48,12,2,1,0,37,2,12,37,12037,4,2013,"1FADP3F27DL3","1","F","A","D","P","3","F","2","7","D","L","3",0,0,0,"000000000","00000000000",0,0,0,1,0,0,0,0,0,0,0,50,0,0,0,12,6,2,12,0,0,0,1,37,27320,6,2,0,0,3,3,61,999,0,0,0,0,0,0,0,0,0,0,0,0,0,0,1,2,50,1,1,2,2,0,0,1,62,99,1,1,51,"777777777777","777777777777","777777777777",0,0
37,370293,1,1,1,6,4,19,7,8,0,1,0,37,2,12,16,12016,4,2003,"2FAFP73W73X1","2","F","A","F","P","7","3","W","7","3","X","1",0,0,0,"000000000","00000000000",0,0,0,1,0,0,0,0,0,0,0,15,0,0,0,10,2,5,8,0,0,0,1,37,28311,0,0,0,0,0,0,67,999,2,6,0,0,0,1,2012,3,2016,0,38,0,0,0,1,2,45,1,1,2,1,20,3,11,80,99,1,1,13,"777777777777","777777777777","777777777777",0,0
37,370294,1,2,2,2,4,15,14,12,6,1,0,37,1,20,481,20481,31,2000,"2GCEC19T0Y12","2","G","C","E","C","1","9","T","0","Y","1","2",0,0,0,"000000000","00000000000",0,0,0,1,0,0,0,0,0,0,0,90,0,0,0,12,6,2,12,0,0,0,1,37,27292,6,1,0,0,3,0,70,999,1,0,0,2,1,2,2012,1,2014,3,6,36,0,0,1,2,55,1,2,2,1,0,0,1,67,16,1,1,83,"777777777777","777777777777","777777777777",0,0
37,370294,2,2,1,2,4,15,14,12,6,1,0,37,1,6,52,6052,6,2002,"3C8FY68B92T3","3","C","8","F","Y","6","8","B","9","2","T","3",0,0,0,"000000000","00000000000",0,0,0,1,0,0,0,0,0,0,0,10,0,0,0,9,6,2,12,0,0,0,1,37,27292,6,1,0,0,3,0,71,999,0,0,0,0,0,0,0,0,0,0,38,0,0,0,1,2,55,1,2,2,1,20,3,11,15,99,1,1,82,"777777777777","777777777777","777777777777",1,0
37,370295,1,2,1,11,4,15,53,12,6,1,0,37,1,98,709,98709,81,2014,"000000000000","0","0","0","0","0","0","0","0","0","0","0","0",0,0,0,"000000000","00000000000",0,0,0,1,0,0,0,0,0,0,0,15,0,0,0,12,6,2,12,0,0,0,1,37,27263,1,1,0,0,1,0,73,999,0,2,1,0,0,1,2013,5,2015,0,38,48,0,0,1,2,45,1,1,2,1,20,3,11,15,99,1,1,82,"777777777777","777777777777","777777777777",1,1
37,370295,2,2,1,11,4,15,53,12,6,1,0,37,2,3,402,3402,14,2008,"5GTEN13E8881","5","G","T","E","N","1","3","E","8","8","8","1",0,0,0,"000000000","00000000000",0,0,0,1,0,0,0,0,0,0,0,40,0,0,0,1,4,5,12,0,0,0,1,37,27360,6,1,0,0,3,0,65,999,1,0,0,0,0,10,2014,10,2014,0,0,0,0,0,5,5,45,1,1,2,1,0,0,1,67,99,1,1,83,"777777777777","777777777777","777777777777",0,0
37,370296,1,1,1,9,4,18,25,35,0,1,0,37,1,72,706,72706,80,2015,"1HD1KRM15FB6","1","H","D","1","K","R","M","1","5","F","B","6",0,0,0,"000000000","00000000000",0,0,0,1,0,0,0,0,0,0,0,65,0,0,0,12,6,2,42,0,0,0,1,37,27597,6,1,0,0,2,0,74,999,0,0,0,2,0,4,2014,1,2015,3,0,0,0,0,1,2,45,3,1,2,1,0,0,14,13,99,2,4,1,"777777777777","777777777777","777777777777",1,1
37,370297,1,1,1,1,4,21,56,33,0,1,0,37,1,98,709,98709,81,2009,"000000000000","0","0","0","0","0","0","0","0","0","0","0","0",0,0,0,"000000000","00000000000",0,0,0,1,0,0,0,0,0,0,0,25,0,0,0,1,2,5,1,0,0,0,1,37,28052,0,0,0,0,0,0,71,999,0,0,0,0,0,0,0,0,0,0,0,0,0,0,1,2,35,3,1,2,1,0,0,14,13,99,1,4,1,"777777777777","777777777777","777777777777",1,0
37,370298,1,2,1,5,4,8,1,12,2,1,0,37,1,54,39,54039,4,2010,"JH4CU2F67AC0","J","H","4","C","U","2","F","6","7","A","C","0",0,0,0,"000000000","00000000000",0,0,0,1,0,0,0,0,0,0,0,67,3,0,0,12,6,2,12,0,0,0,1,37,27587,6,1,0,0,3,3,71,999,1,0,0,0,0,10,2011,10,2011,3,33,0,0,0,1,2,45,2,1,2,1,0,0,14,10,6,3,4,52,"777777777777","777777777777","777777777777",1,0
37,370298,2,2,1,5,4,8,1,12,2,1,0,37,1,12,880,12880,67,2006,"1FDXW47P86ED","1","F","D","X","W","4","7","P","8","6","E","D",0,0,88,"888888888","88888888888",2,1,97,1,0,0,0,0,0,0,0,40,0,0,0,12,6,2,12,0,0,0,1,37,27522,6,1,6,0,3,0,73,999,0,0,0,0,0,0,0,0,0,0,0,0,0,0,1,2,45,3,1,2,1,0,0,14,62,7,2,4,52,"777777777777","777777777777","777777777777",0,0
37,370299,1,1,1,1,4,12,42,42,0,1,0,37,2,53,34,53034,4,2005,"KL5JD56Z65K0","K","L","5","J","D","5","6","Z","6","5","K","0",0,0,0,"000000000","00000000000",0,0,0,1,0,0,0,0,0,0,0,50,0,0,0,61,6,2,42,0,0,0,1,37,27262,1,1,0,0,2,0,68,999,0,4,1,0,0,8,2011,1,2016,3,28,0,0,0,1,2,35,4,2,2,99,0,0,1,12,99,1,4,6,"777777777777","777777777777","777777777777",1,1
37,370300,1,2,1,11,4,3,11,12,2,1,0,18,3,82,881,82881,66,2014,"1FUJGLD67ELF","1","F","U","J","G","L","D","6","7","E","L","F",1,1,57,"183949","57183949",3,6,1,1,0,0,0,0,0,0,0,60,0,0,0,12,6,2,12,0,0,1,1,37,28098,6,1,6,0,3,3,66,999,0,0,0,0,1,11,2011,11,2011,0,0,0,0,0,3,2,60,4,1,2,1,0,0,1,54,99,1,1,52,"888888888888","777777777777","777777777777",0,0
37,370300,2,2,1,11,4,3,11,12,2,1,0,42,1,7,461,7461,21,2003,"2D6WB11Y33K5","2","D","6","W","B","1","1","Y","3","3","K","5",0,0,0,"000000000","00000000000",0,0,0,1,0,0,0,0,0,0,0,60,0,0,0,12,6,2,12,0,0,1,1,42,17015,6,1,0,0,3,0,71,999,0,0,0,0,0,0,0,0,0,0,51,0,0,0,3,2,60,4,1,2,1,0,0,1,54,99,1,1,52,"777777777777","777777777777","777777777777",1,0
37,370301,1,1,1,12,4,0,35,42,0,1,0,37,2,37,32,37032,4,2010,"1HGCP2F41AA0","1","H","G","C","P","2","F","4","1","A","A","0",0,0,0,"000000000","00000000000",0,0,0,1,0,0,0,0,0,0,0,95,0,0,0,12,6,2,42,0,0,1,1,37,28376,0,0,0,0,0,0,68,999,0,0,0,0,0,0,0,0,0,3,36,0,0,0,1,2,45,1,1,2,1,0,0,1,9,99,1,4,1,"777777777777","777777777777","777777777777",1,1
37,370302,1,1,1,1,4,12,16,8,0,1,0,45,3,86,890,86890,63,2010,"1M2AV02C9AM0","1","M","2","A","V","0","2","C","9","A","M","0",0,0,57,"731232","57731232",3,2,97,1,0,0,0,0,0,0,0,998,0,0,0,12,0,3,8,0,0,0,1,45,29732,6,1,6,0,3,0,72,220,0,0,0,1,0,2,2014,2,2014,0,38,0,0,0,1,2,25,1,1,2,1,3,3,11,15,99,1,1,13,"777777777777","777777777777","777777777777",0,0
37,370303,1,1,5,2,4,4,5,42,0,1,0,37,2,37,32,37032,4,2004,"1HGCM56624A0","1","H","G","C","M","5","6","6","2","4","A","0",0,0,0,"000000000","00000000000",0,0,0,1,0,0,0,0,0,0,0,998,0,0,0,81,6,2,42,0,0,0,1,37,28227,6,2,0,0,3,3,67,999,0,0,0,0,0,0,0,0,0,3,36,0,0,0,1,2,45,2,1,2,2,0,0,14,6,99,4,4,7,"777777777777","777777777777","777777777777",1,0
37,370304,1,1,3,11,4,20,55,24,0,1,0,27,2,49,40,49040,2,1999,"2T1CF22P9XC1","2","T","1","C","F","2","2","P","9","X","C","1",0,0,0,"000000000","00000000000",0,0,0,1,0,0,0,0,0,0,0,998,0,1,1,1,6,2,1,0,0,0,1,27,55734,3,1,0,0,2,0,65,130,0,9,0,0,0,2,2013,9,2015,0,0,0,0,0,2,3,45,1,2,2,1,0,0,1,13,99,1,4,1,"777777777777","777777777777","777777777777",2,1
37,370305,1,2,1,10,4,17,13,12,2,1,0,37,1,20,473,20473,30,2012,"1GCESBF90C81","1","G","C","E","S","B","F","9","0","C","8","1",0,0,0,"000000000","00000000000",0,0,0,1,0,0,0,0,0,0,0,10,0,0,0,12,6,2,12,0,0,0,1,37,27325,6,1,6,0,3,3,67,999,0,0,0,0,0,0,0,0,0,0,38,0,0,0,1,2,55,1,2,2,1,0,0,11,15,99,1,1,82,"777777777777","777777777777","777777777777",0,0
37,370305,2,2,1,10,4,17,13,12,2,1,0,37,1,72,706,72706,80,2014,"1HD1HHH18EC8","1","H","D","1","H","H","H","1","8","E","C","8",0,0,0,"000000000","00000000000",0,0,0,1,0,0,0,0,0,0,0,70,0,0,0,12,6,2,12,0,0,0,1,37,27325,6,1,6,0,3,3,69,999,1,0,0,1,0,11,2013,3,2015,4,0,0,0,0,1,2,55,1,2,2,1,0,0,1,71,99,1,2,83,"777777777777","777777777777","777777777777",1,0
37,370306,1,2,1,4,4,9,5,12,6,1,0,37,2,35,472,35472,30,2010,"1N6AD0CW2AC4","1","N","6","A","D","0","C","W","2","A","C","4",0,0,0,"000000000","00000000000",0,0,0,1,0,0,0,0,0,0,0,55,0,0,0,12,6,2,12,0,0,0,1,37,27882,6,1,0,0,3,3,74,999,0,2,1,0,0,12,2011,8,2013,0,38,39,0,0,1,2,55,1,2,2,1,20,3,1,17,99,1,1,86,"777777777777","777777777777","777777777777",0,0
37,370306,2,2,1,4,4,9,5,12,6,1,0,37,1,55,33,55033,4,2002,"KMHWF25S42A5","K","M","H","W","F","2","5","S","4","2","A","5",0,0,0,"000000000","00000000000",0,0,0,1,0,0,0,0,0,0,0,50,0,0,0,3,6,2,12,0,0,0,1,37,27856,6,1,0,0,3,0,62,999,0,0,0,0,0,0,0,0,0,0,0,0,0,0,1,2,55,1,2,2,1,0,0,1,66,99,1,1,87,"777777777777","777777777777","777777777777",1,0
37,370307,1,1,2,6,4,5,39,8,0,1,0,51,2,42,48,42048,4,2008,"WDBUF22X48B2","W","D","B","U","F","2","2","X","4","8","B","2",0,0,0,"000000000","00000000000",0,0,0,1,0,0,0,0,0,0,0,70,0,0,0,12,6,2,8,0,0,0,1,51,22032,6,1,0,0,3,0,68,160,0,0,0,0,0,0,0,0,0,0,0,0,0,0,3,2,70,1,1,2,1,0,0,1,80,99,1,1,13,"777777777777","777777777777","777777777777",0,0
37,370308,1,2,1,4,4,14,17,59,0,1,0,45,2,2,405,2405,14,2011,"1J4PN2GK6BW5","1","J","4","P","N","2","G","K","6","B","W","5",0,0,0,"000000000","00000000000",0,0,0,1,0,0,0,0,0,0,0,70,0,1,5,12,6,2,1,0,0,0,1,45,29571,6,1,0,0,3,3,75,205,1,0,0,0,0,5,2015,5,2015,0,36,0,0,0,2,2,70,1,1,2,1,0,0,1,6,99,1,4,1,"777777777777","777777777777","777777777777",0,0
37,370308,2,2,2,4,4,14,17,59,0,1,0,45,1,23,401,23401,14,2004,"1GKDT13S5424","1","G","K","D","T","1","3","S","5","4","2","4",0,0,0,"000000000","00000000000",0,0,0,1,0,0,0,0,0,0,0,70,0,1,5,3,6,2,1,0,0,0,1,42,18337,6,1,0,0,3,3,68,999,0,0,0,0,0,0,0,0,0,0,0,0,0,0,3,2,70,1,1,2,1,0,0,1,60,99,1,1,98,"777777777777","777777777777","777777777777",1,0
37,370309,1,1,1,4,4,19,20,8,0,1,0,37,1,38,421,38421,15,2004,"4NUES16S5461","4","N","U","E","S","1","6","S","5","4","6","1",0,0,0,"000000000","00000000000",0,0,0,1,0,0,0,0,0,0,0,5,0,0,0,14,0,5,8,0,0,0,1,37,28043,6,1,0,0,3,0,67,999,1,0,0,0,2,2,2012,10,2013,0,31,0,0,0,1,2,35,1,1,2,1,0,0,13,20,99,1,1,92,"777777777777","777777777777","777777777777",0,0
37,370310,1,1,1,5,4,14,45,19,0,1,0,37,1,49,472,49472,30,2001,"5TEHN72N31Z7","5","T","E","H","N","7","2","N","3","1","Z","7",0,0,0,"000000000","00000000000",0,0,0,1,0,0,0,0,0,0,0,30,0,0,0,12,6,2,19,0,0,0,1,37,27024,6,1,0,0,3,0,71,999,0,0,0,0,0,0,0,0,0,0,28,0,0,0,1,2,35,2,2,2,1,0,0,14,8,99,1,4,6,"777777777777","777777777777","777777777777",1,0