"STATE","ST_CASE","VEH_NO","VE_FORMS","NUMOCCS","DAY","MONTH","HOUR","MINUTE","HARM_EV","MAN_COLL","UNITTYPE","HIT_RUN","REG_STAT","OWNER","MAKE","MODEL","MAK_MOD","BODY_TYP","MOD_YEAR","VIN","VIN_1","VIN_2","VIN_3","VIN_4","VIN_5","VIN_6","VIN_7","VIN_8","VIN_9","VIN_10","VIN_11","VIN_12","TOW_VEH","J_KNIFE","MCARR_I1","MCARR_I2","MCARR_ID","GVWR","V_CONFIG","CARGO_BT","HAZ_INV","HAZ_PLAC","HAZ_ID","HAZ_CNO","HAZ_REL","BUS_USE","SPEC_USE","EMER_USE","TRAV_SP","UNDERIDE","ROLLOVER","ROLINLOC","IMPACT1","DEFORMED","TOWED","M_HARM","VEH_SC1","VEH_SC2","FIRE_EXP","DR_PRES","L_STATE","DR_ZIP","L_STATUS","L_TYPE","CDL_STAT","L_ENDORS","L_COMPL","L_RESTRI","DR_HGT","DR_WGT","PREV_ACC","PREV_SUS","PREV_DWI","PREV_SPD","PREV_OTH","FIRST_MO","FIRST_YR","LAST_MO","LAST_YR","SPEEDREL","DR_SF1","DR_SF2","DR_SF3","DR_SF4","VTRAFWAY","VNUM_LAN","VSPD_LIM","VALIGN","VPROFILE","VPAVETYP","VSURCOND","VTRAFCON","VTCONT_F","P_CRASH1","P_CRASH2","P_CRASH3","PCRASH4","PCRASH5","ACC_TYPE","TRLR1VIN","TRLR2VIN","TRLR3VIN","DEATHS","DR_DRINK"
37,370498,2,2,1,27,5,15,11,12,1,1,0,37,1,13,1,13001,4,1998,"1LNFM81W8WY6","1","L","N","F","M","8","1","W","8","W","Y","6",0,0,0,"000000000","00000000000",0,0,0,1,0,0,0,0,0,0,0,0,0,0,0,6,4,5,12,0,0,0,1,37,28360,6,1,0,0,3,0,69,999,0,0,0,1,0,2,2016,2,2016,0,0,0,0,0,1,2,55,1,1,2,1,0,0,5,53,1,1,1,21,"777777777777","777777777777","777777777777",0,0
37,370499,1,2,1,26,5,5,4,12,1,1,0,17,3,82,881,82881,66,2015,"3AKJGLD5XFSG","3","A","K","J","G","L","D","5","X","F","S","G",1,1,57,"2028041","572028041",3,6,1,1,0,0,0,0,0,0,0,55,0,0,0,12,6,2,12,0,0,0,1,17,60458,6,1,6,0,3,0,69,188,0,0,0,0,0,0,0,0,0,0,0,0,0,0,3,4,65,1,1,2,1,0,0,1,50,1,1,1,32,"888888888888","777777777777","777777777777",0,0
37,370499,2,2,0,26,5,5,4,12,1,1,0,37,6,18,2,18002,4,1997,"1G4HP52K6VH4","1","G","4","H","P","5","2","K","6","V","H","4",0,0,0,"000000000","00000000000",0,0,0,1,0,0,0,0,0,0,0,0,0,0,0,6,6,2,12,0,0,0,0,0,99997,7,6,97,7,6,7,998,997,998,998,998,998,998,98,9998,98,9998,8,54,0,0,0,3,4,65,1,1,2,1,0,0,0,98,0,0,0,32,"777777777777","777777777777","777777777777",0,0
37,370500,1,1,2,28,5,20,48,34,0,1,0,37,2,37,32,37032,4,1998,"1HGCG5644WA0","1","H","G","C","G","5","6","4","4","W","A","0",0,0,0,"000000000","00000000000",0,0,0,1,0,0,0,0,0,0,0,70,0,1,5,11,6,2,1,0,0,0,1,37,27587,6,1,0,0,3,0,74,999,1,0,0,0,0,9,2011,9,2011,3,28,36,0,0,1,2,45,1,1,2,1,0,0,1,11,1,1,4,1,"777777777777","777777777777","777777777777",2,1
37,370501,1,1,1,28,5,13,40,42,0,1,0,37,2,12,23,12023,4,2008,"3FAHP06Z78R1","3","F","A","H","P","0","6","Z","7","8","R","1",0,0,0,"000000000","00000000000",0,0,0,1,0,0,0,0,0,0,0,70,0,0,0,11,6,2,42,0,0,0,1,51,23704,1,1,0,0,2,0,72,180,0,2,0,0,2,6,2011,3,2013,3,28,36,0,0,1,2,55,1,1,2,1,0,0,1,10,1,1,4,6,"777777777777","777777777777","777777777777",1,0
37,370502,1,2,1,27,5,17,0,12,6,1,0,37,1,98,701,98701,88,2012,"LC2U6A038CC0","L","C","2","U","6","A","0","3","8","C","C","0",0,0,0,"000000000","00000000000",0,0,0,1,0,0,0,0,0,0,0,10,0,0,0,9,6,2,12,0,0,0,1,37,28669,1,1,0,0,1,0,63,999,0,8,4,0,5,6,2011,3,2016,0,38,0,0,0,1,2,55,3,1,2,1,0,0,11,15,1,1,1,82,"777777777777","777777777777","777777777777",1,1
37,370502,2,2,1,27,5,17,0,12,6,1,0,37,2,20,481,20481,31,1998,"2GCEK19R9W12","2","G","C","E","K","1","9","R","9","W","1","2",0,0,0,"000000000","00000000000",0,0,0,1,0,0,0,0,0,0,0,50,0,0,0,12,6,2,12,0,0,0,1,37,28635,6,1,0,0,3,0,70,999,0,0,0,0,0,0,0,0,0,0,84,0,0,0,1,2,55,2,1,2,1,0,0,14,54,6,1,2,83,"777777777777","777777777777","777777777777",0,0
37,370503,1,1,2,1,6,22,51,42,0,1,0,37,2,49,401,49401,14,1986,"JT4RN63R9G00","J","T","4","R","N","6","3","R","9","G","0","0",0,0,0,"000000000","00000000000",0,0,0,1,0,0,0,0,0,0,0,55,0,0,0,12,6,2,42,0,0,0,1,37,28655,1,1,0,0,2,0,64,999,1,1,1,1,1,3,2012,4,2016,4,28,36,0,0,1,2,45,2,2,2,1,0,0,14,10,1,1,4,6,"777777777777","777777777777","777777777777",1,1
37,370504,1,1,1,5,6,6,47,59,0,1,0,37,1,37,404,37404,14,2016,"3CZRU5H57GM7","3","C","Z","R","U","5","H","5","7","G","M","7",0,0,0,"000000000","00000000000",0,0,0,1,0,0,0,0,0,0,0,45,0,0,0,12,6,2,42,0,0,0,1,37,28601,6,1,0,0,3,0,70,999,0,0,0,0,0,0,0,0,0,4,36,0,0,0,1,2,45,3,1,2,1,0,0,14,13,1,1,4,1,"777777777777","777777777777","777777777777",1,1
37,370505,1,2,1,3,6,18,25,12,2,1,0,37,1,53,706,53706,80,2002,"JS1GW71A8221","J","S","1","G","W","7","1","A","8","2","2","1",0,0,0,"000000000","00000000000",0,0,0,1,0,0,0,0,0,0,0,65,0,0,0,12,6,2,12,0,0,0,1,37,28168,6,1,0,0,3,0,72,999,0,0,0,0,0,0,0,0,0,4,28,0,0,0,1,2,55,2,1,2,1,0,0,14,10,1,1,2,50,"777777777777","777777777777","777777777777",1,1
37,370505,2,2,1,3,6,18,25,12,2,1,0,37,1,20,16,20016,4,1994,"1G1JC5449R72","1","G","1","J","C","5","4","4","9","R","7","2",0,0,0,"000000000","00000000000",0,0,0,1,0,0,0,0,0,0,0,55,0,0,0,12,6,2,12,0,0,0,1,37,28168,6,1,0,0,3,0,69,999,0,0,0,0,0,0,0,0,0,0,0,0,0,0,1,2,55,3,1,2,1,0,0,14,62,1,1,1,51,"777777777777","777777777777","777777777777",0,0
37,370506,1,2,1,4,6,0,12,12,2,1,0,37,1,22,22,22022,2,2007,"1G2ZH3615741","1","G","2","Z","H","3","6","1","5","7","4","1",0,0,0,"000000000","00000000000",0,0,0,1,0,0,0,0,0,0,0,100,0,0,0,12,6,2,12,0,0,0,1,37,27344,6,1,0,0,3,0,72,999,0,0,0,3,0,6,2012,1,2015,3,28,36,0,0,1,2,55,2,3,2,1,0,0,14,10,1,1,2,50,"777777777777","777777777777","777777777777",1,1
37,370506,2,2,2,4,6,0,12,12,2,1,0,37,1,20,444,20444,20,2007,"1GNDV33187D2","1","G","N","D","V","3","3","1","8","7","D","2",0,0,0,"000000000","00000000000",0,0,0,1,0,0,0,0,0,0,0,55,0,1,5,12,6,2,12,0,0,0,1,37,27316,6,1,0,0,3,0,65,999,0,0,0,0,0,0,0,0,0,0,0,0,0,0,1,2,55,3,3,2,1,0,0,14,62,1,1,1,51,"777777777777","777777777777","777777777777",1,0
37,370507,1,2,1,3,6,23,15,12,1,1,0,37,1,76,706,76706,80,2004,"JYARN13E24A0","J","Y","A","R","N","1","3","E","2","4","A","0",0,0,0,"000000000","00000000000",0,0,0,1,0,0,0,0,0,0,0,120,0,0,0,12,6,2,12,0,0,0,1,37,27012,1,1,0,0,2,0,73,999,0,19,3,1,17,12,2011,5,2015,3,36,0,0,0,3,3,65,1,1,2,1,0,0,1,51,1,1,1,24,"777777777777","777777777777","777777777777",1,1
37,370507,2,2,2,3,6,23,15,12,1,1,0,37,1,49,482,49482,31,2008,"5TBRV54108S4","5","T","B","R","V","5","4","1","0","8","S","4",0,0,0,"000000000","00000000000",0,0,0,1,0,0,0,0,0,0,0,65,0,1,1,6,6,2,1,0,0,0,1,37,28078,6,1,0,0,3,0,74,999,0,0,0,0,0,0,0,0,0,0,0,0,0,0,3,3,65,1,1,2,1,0,0,1,53,1,1,1,25,"777777777777","777777777777","777777777777",0,0
37,370508,1,2,1,2,6,19,33,12,2,1,0,37,1,52,48,52048,5,2015,"ML32A4HJ1FH0","M","L","3","2","A","4","H","J","1","F","H","0",0,0,0,"000000000","00000000000",0,0,0,1,0,0,0,0,0,0,0,70,0,0,0,12,6,2,12,0,0,0,1,37,28602,1,1,0,0,2,0,69,999,2,4,0,1,3,7,2012,5,2016,3,36,0,0,0,2,5,45,1,2,2,1,0,0,1,10,6,1,2,50,"777777777777","777777777777","777777777777",1,0
37,370508,2,2,1,2,6,19,33,12,2,1,0,13,2,55,33,55033,4,2015,"5NPE24AF0FH1","5","N","P","E","2","4","A","F","0","F","H","1",0,0,0,"000000000","00000000000",0,0,0,1,0,0,0,0,0,0,0,45,0,0,0,12,6,2,12,0,0,0,1,13,30341,6,1,0,0,3,0,71,175,98,0,0,0,0,0,0,0,0,0,0,0,0,0,2,5,45,1,1,2,1,0,0,1,62,1,1,1,51,"777777777777","777777777777","777777777777",0,0
37,370509,1,1,1,2,6,14,55,32,0,1,0,37,2,12,17,12017,4,1994,"1FALP54P0RA2","1","F","A","L","P","5","4","P","0","R","A","2",0,0,0,"000000000","00000000000",0,0,0,1,0,0,0,0,0,0,0,85,0,1,5,12,6,2,42,0,0,0,1,37,28092,6,1,0,0,3,0,71,999,0,0,0,0,0,0,0,0,0,3,36,0,0,0,1,2,45,3,4,2,1,0,0,14,11,1,1,4,1,"777777777777","777777777777","777777777777",1,1
37,370510,1,1,2,4,6,3,20,34,0,1,0,37,2,7,472,7472,30,2006,"1D7HE48K76S6","1","D","7","H","E","4","8","K","7","6","S","6",0,0,0,"000000000","00000000000",0,0,0,1,0,0,0,0,0,0,0,95,0,1,5,1,6,2,1,0,0,1,1,37,28364,1,1,0,0,2,0,72,999,0,3,1,0,5,2,2013,2,2016,3,36,0,0,0,1,2,55,1,1,2,1,0,0,1,10,1,1,4,1,"777777777777","777777777777","777777777777",1,1
37,370511,1,2,1,2,6,8,39,12,2,1,0,37,0,98,709,98709,88,9999,"000000000000","0","0","0","0","0","0","0","0","0","0","0","0",0,0,0,"000000000","00000000000",0,0,0,1,0,0,0,0,0,0,0,998,0,0,0,12,4,8,12,0,0,0,1,37,28081,1,1,0,0,1,0,74,999,0,2,2,0,3,3,2012,5,2015,0,99,99,99,99,1,4,35,1,2,2,1,0,0,1,10,1,1,2,50,"777777777777","777777777777","777777777777",1,0
37,370511,2,2,1,2,6,8,39,12,2,1,0,37,3,94,981,94981,50,2008,"4UZABRCS28CY","4","U","Z","A","B","R","C","S","2","8","C","Y",0,0,88,"888888888","88888888888",2,21,22,1,0,0,0,0,1,2,0,35,0,0,0,12,2,5,12,0,0,0,1,37,28147,6,1,6,0,3,3,64,999,0,0,0,0,0,0,0,0,0,0,0,0,0,0,1,4,35,1,2,2,1,0,0,1,62,1,1,1,51,"777777777777","777777777777","777777777777",0,0
37,370512,1,1,1,5,6,3,54,1,0,1,0,37,1,35,34,35034,2,1993,"JN1RZ24H6PX5","J","N","1","R","Z","2","4","H","6","P","X","5",0,0,0,"000000000","00000000000",0,0,0,1,0,0,0,0,0,0,0,45,0,2,5,0,6,2,1,0,0,0,1,37,27043,6,1,0,0,3,0,73,999,0,3,0,0,0,10,2012,2,2013,0,58,0,0,0,1,2,45,1,2,2,1,0,0,1,13,1,1,4,1,"777777777777","777777777777","777777777777",1,1
37,370513,1,1,1,5,6,1,22,34,0,1,0,37,1,20,431,20431,16,2002,"1GNEC16Z22J2","1","G","N","E","C","1","6","Z","2","2","J","2",0,0,0,"000000000","00000000000",0,0,0,1,0,0,0,0,0,0,0,70,0,0,0,9,6,2,42,0,0,0,1,37,27606,6,1,0,0,3,3,64,999,0,0,0,0,0,0,0,0,0,4,36,0,0,0,6,1,70,1,1,2,2,0,0,98,10,1,1,4,6,"777777777777","777777777777","777777777777",1,1
37,370514,1,1,4,3,6,20,56,8,0,1,0,37,1,37,32,37032,4,2005,"1HGCM66865A0","1","H","G","C","M","6","6","8","6","5","A","0",0,0,0,"000000000","00000000000",0,0,0,1,0,0,0,0,0,0,0,45,0,0,0,12,6,2,8,0,0,0,1,37,27613,6,2,0,0,3,0,72,999,0,0,0,1,0,5,2014,5,2014,0,0,0,0,0,1,3,55,4,2,2,2,0,0,14,80,1,1,1,13,"777777777777","777777777777","777777777777",0,0
37,370515,1,1,1,3,3,14,39,42,0,1,0,37,1,12,23,12023,4,2011,"3FAHP0HA7BR1","3","F","A","H","P","0","H","A","7","B","R","1",0,0,0,"000000000","00000000000",0,0,0,1,0,0,0,0,0,0,0,10,0,0,0,12,6,2,42,0,0,0,1,37,28906,6,1,0,0,3,3,71,999,0,0,0,0,0,0,0,0,0,0,0,0,0,0,1,2,35,1,1,2,2,20,3,1,14,99,1,4,14,"777777777777","777777777777","777777777777",1,0
37,370516,1,2,1,24,3,17,18,12,1,1,0,39,3,7,462,7462,21,2003,"WD2YD5423355","W","D","2","Y","D","5","4","2","3","3","5","5",0,0,0,"000000000","00000000000",0,0,0,1,0,0,0,0,0,0,0,65,0,0,0,12,6,2,12,0,0,0,1,37,28610,6,1,0,0,3,3,72,999,0,0,0,0,0,0,0,0,0,4,0,0,0,0,2,2,65,1,1,2,1,0,0,1,64,99,1,1,24,"777777777777","777777777777","777777777777",0,0
37,370516,2,2,1,24,3,17,18,12,1,1,0,37,1,2,404,2404,14,2001,"1J4GX48S81C7","1","J","4","G","X","4","8","S","8","1","C","7",0,0,0,"000000000","00000000000",0,0,0,1,0,0,0,0,0,0,0,40,0,1,5,6,6,2,1,0,0,0,1,37,28092,6,1,0,0,3,0,72,999,0,0,0,0,0,0,0,0,0,0,0,0,0,0,2,2,65,1,1,2,1,0,0,8,19,99,1,7,25,"777777777777","777777777777","777777777777",1,0
37,370517,1,1,1,1,4,12,28,35,0,1,0,37,1,19,3,19003,4,1991,"1G6CD53B1M42","1","G","6","C","D","5","3","B","1","M","4","2",0,0,0,"000000000","00000000000",0,0,0,1,0,0,0,0,0,0,0,35,0,0,0,12,6,2,32,0,0,0,1,37,27320,6,1,0,0,3,3,64,999,0,0,0,0,0,0,0,0,0,0,0,0,0,0,1,2,40,3,2,2,1,0,0,14,13,99,1,4,1,"777777777777","777777777777","777777777777",1,0
37,370518,1,2,1,20,5,19,47,12,2,1,0,37,1,7,482,7482,31,2004,"1D7HA16D54J2","1","D","7","H","A","1","6","D","5","4","J","2",0,0,0,"000000000","00000000000",0,0,0,1,0,0,0,0,0,0,0,45,0,0,0,12,6,2,12,0,0,0,1,37,28655,6,1,6,0,3,3,71,999,1,0,0,0,0,9,2014,9,2014,0,28,0,0,0,1,2,35,1,2,2,2,0,0,1,10,99,1,2,50,"777777777777","777777777777","777777777777",1,0
37,370518,2,2,4,20,5,19,47,12,2,1,0,37,1,7,442,7442,20,2005,"1D4GP25B15B4","1","D","4","G","P","2","5","B","1","5","B","4",0,0,0,"000000000","00000000000",0,0,0,1,0,0,0,0,0,0,0,40,0,0,0,12,6,2,12,0,0,0,1,37,28655,6,1,0,0,3,3,77,999,0,0,0,0,0,0,0,0,0,0,0,0,0,0,1,2,35,1,2,2,2,0,0,1,62,99,1,1,51,"777777777777","777777777777","777777777777",1,0
37,370519,1,1,1,6,5,13,33,42,0,1,0,37,2,12,401,12401,14,2002,"1FMYU60EX2UC","1","F","M","Y","U","6","0","E","X","2","U","C",1,1,0,"000000000","00000000000",0,0,0,1,0,0,0,0,0,0,0,45,0,0,0,12,6,2,42,0,0,0,1,37,28107,6,1,0,0,3,3,71,999,0,0,0,0,0,0,0,0,0,0,28,0,0,0,1,2,45,1,1,2,1,0,0,1,12,99,1,4,6,"000000000000","777777777777","777777777777",1,0
37,370520,1,2,2,19,5,13,39,12,2,1,0,37,1,20,9,20009,2,1996,"2G1FP22K0T21","2","G","1","F","P","2","2","K","0","T","2","1",0,0,0,"000000000","00000000000",0,0,0,1,0,0,0,0,0,0,0,57,0,0,0,12,6,2,12,0,0,0,1,37,28716,0,0,0,0,0,0,64,999,0,0,0,0,0,0,0,0,0,0,28,0,0,0,1,2,50,1,2,2,1,0,0,1,10,99,1,2,50,"777777777777","777777777777","777777777777",0,0
37,370520,2,2,1,19,5,13,39,12,2,1,0,37,1,48,401,48401,14,2011,"JF2SHADCXBH7","J","F","2","S","H","A","D","C","X","B","H","7",0,0,0,"000000000","00000000000",0,0,0,1,0,0,0,0,0,0,0,45,0,0,0,12,6,2,12,0,0,0,1,37,28785,6,1,0,0,3,3,66,999,0,0,0,0,0,0,0,0,0,0,0,0,0,0,1,2,50,1,2,2,1,0,0,1,62,99,1,1,51,"777777777777","777777777777","777777777777",1,0
37,370521,1,2,1,14,5,15,58,12,1,1,0,51,2,12,23,12023,4,2015,"3FA6P0H7XFR2","3","F","A","6","P","0","H","7","X","F","R","2",0,0,0,"000000000","00000000000",0,0,0,1,0,0,0,0,0,0,0,60,0,0,0,12,6,2,12,0,0,0,1,45,29906,6,1,0,0,3,0,65,165,2,1,0,3,1,10,2012,6,2014,4,0,0,0,0,1,6,45,1,1,2,1,3,3,1,52,99,1,2,28,"777777777777","777777777777","777777777777",0,0
37,370521,2,2,2,14,5,15,58,12,1,1,0,37,2,12,461,12461,21,1999,"1FDRE14W7XHA","1","F","D","R","E","1","4","W","7","X","H","A",0,0,0,"000000000","00000000000",0,0,0,1,0,0,0,0,0,0,0,20,0,0,0,6,6,2,12,0,0,0,1,37,28546,6,1,0,0,3,3,74,999,1,0,0,1,0,5,2011,5,2016,0,0,0,0,0,1,6,45,1,1,2,1,3,3,2,53,99,1,1,29,"777777777777","777777777777","777777777777",1,0
37,370522,1,1,1,25,5,6,16,8,0,1,1,37,1,20,481,20481,31,2002,"1GCEK19T32E1","1","G","C","E","K","1","9","T","3","2","E","1",0,0,0,"000000000","00000000000",0,0,0,1,0,0,0,0,0,0,0,60,0,0,0,12,2,5,8,0,0,0,1,37,28445,1,1,0,0,2,3,72,999,1,1,1,0,1,7,2011,3,2016,0,99,99,99,99,2,2,55,1,2,2,1,0,0,1,80,99,1,1,13,"777777777777","777777777777","777777777777",0,0
37,370523,1,1,2,19,5,4,56,14,0,1,0,42,1,2,405,2405,14,2004,"1J4GL48K64W3","1","J","4","G","L","4","8","K","6","4","W","3",0,0,0,"000000000","00000000000",0,0,0,1,0,0,0,0,0,0,0,80,0,0,0,1,4,5,8,0,0,0,1,42,15143,6,1,0,0,3,0,66,999,0,0,0,0,0,0,0,0,0,4,38,0,0,0,3,2,65,1,1,2,1,0,0,1,13,99,1,4,11,"777777777777","777777777777","777777777777",0,0
37,370524,1,1,1,29,5,18,40,42,0,1,0,37,2,7,482,7482,31,2005,"1D7HA16D15J5","1","D","7","H","A","1","6","D","1","5","J","5",0,0,0,"000000000","00000000000",0,0,0,1,0,0,0,0,0,0,0,55,0,0,0,12,6,2,42,0,0,0,1,37,27052,6,1,0,0,3,0,72,999,0,0,0,0,0,0,0,0,0,0,28,0,0,0,1,2,55,1,4,2,1,0,0,1,12,99,1,4,6,"777777777777","777777777777","777777777777",1,1
37,370525,1,2,1,30,5,6,3,12,1,1,0,37,1,23,401,23401,14,2002,"1GKDT13S9224","1","G","K","D","T","1","3","S","9","2","2","4",0,0,0,"000000000","00000000000",0,0,0,1,0,0,0,0,0,0,0,70,0,0,0,12,6,2,12,0,0,0,1,37,27545,6,1,0,0,3,0,69,999,2,2,1,0,2,10,2012,1,2016,0,0,0,0,0,3,2,70,1,1,2,2,0,0,1,51,1,1,1,24,"777777777777","777777777777","777777777777",0,0
37,370525,2,2,3,30,5,6,3,12,1,1,0,37,1,22,403,22403,14,2008,"2CKDL33F0860","2","C","K","D","L","3","3","F","0","8","6","0",0,0,0,"000000000","00000000000",0,0,0,1,0,0,0,0,0,0,0,5,0,1,5,6,6,2,12,0,0,0,1,37,27597,6,1,0,0,3,3,66,999,0,0,0,0,0,0,0,0,0,0,38,0,0,0,3,2,70,1,1,2,2,0,0,4,53,1,1,1,25,"777777777777","777777777777","777777777777",1,0
37,370526,1,1,1,7,6,9,46,34,0,1,0,37,2,12,13,12013,2,1999,"3FAKP1136XR1","3","F","A","K","P","1","1","3","6","X","R","1",0,0,0,"000000000","00000000000",0,0,0,1,0,0,0,0,0,0,0,65,0,0,0,12,6,2,42,0,0,0,1,37,27884,1,1,0,0,2,0,68,999,0,2,0,0,1,6,2011,12,2012,3,36,0,0,0,1,2,55,3,1,2,2,0,0,14,13,1,1,4,6,"777777777777","777777777777","777777777777",1,0
37,370527,1,2,1,12,6,22,22,12,2,1,0,37,1,12,36,12036,3,1995,"KNJLT05H8S61","K","N","J","L","T","0","5","H","8","S","6","1",0,0,0,"000000000","00000000000",0,0,0,1,0,0,0,0,0,0,0,55,0,0,0,12,6,2,12,0,0,0,1,37,27983,6,1,0,0,3,0,64,999,0,0,0,0,0,0,0,0,0,0,28,0,0,0,1,2,55,1,1,2,1,0,0,1,10,1,1,2,50,"777777777777","777777777777","777777777777",1,1
37,370527,2,2,4,12,6,22,22,12,2,1,0,37,2,35,47,35047,4,2012,"1N4AL2AP5CC1","1","N","4","A","L","2","A","P","5","C","C","1",0,0,0,"000000000","00000000000",0,0,0,1,0,0,0,0,0,0,0,55,0,0,0,12,6,2,12,0,0,0,1,37,27983,6,1,0,0,3,0,73,999,0,0,0,2,1,10,2011,4,2016,0,0,0,0,0,1,2,55,1,1,2,1,0,0,1,62,7,1,1,51,"777777777777","777777777777","777777777777",0,0
37,370528,1,2,2,13,6,8,23,12,2,1,0,37,2,59,32,59032,4,1992,"JT8UF11E0N01","J","T","8","U","F","1","1","E","0","N","0","1",0,0,0,"000000000","00000000000",0,0,0,1,0,0,0,0,0,0,0,55,0,0,0,12,6,2,12,0,0,0,1,37,28655,6,1,0,0,3,0,69,999,0,0,0,0,0,0,0,0,0,0,0,0,0,0,1,2,55,1,3,2,1,0,0,1,10,1,1,2,50,"777777777777","777777777777","777777777777",0,1
37,370528,2,2,1,13,6,8,23,12,2,1,0,13,3,7,24,7024,4,2016,"2C3CDXHG4GH1","2","C","3","C","D","X","H","G","4","G","H","1",0,0,0,"000000000","00000000000",0,0,0,1,0,0,0,0,0,0,0,55,0,0,0,12,6,2,12,0,0,0,1,37,28655,6,1,0,0,3,0,69,999,0,0,0,0,0,0,0,0,0,0,0,0,0,0,1,2,55,1,3,2,1,0,0,1,62,1,1,1,51,"777777777777","777777777777","777777777777",1,0
37,370529,1,2,2,12,6,12,59,12,6,1,0,37,1,22,20,22020,4,1998,"1G2WJ52K7WF2","1","G","2","W","J","5","2","K","7","W","F","2",0,0,0,"000000000","00000000000",0,0,0,1,0,0,0,0,0,0,0,20,0,0,0,3,6,2,12,0,0,0,1,37,28645,6,1,0,0,3,0,67,999,0,0,0,0,0,0,0,0,0,0,38,0,0,0,1,5,45,1,1,2,1,20,3,1,17,1,1,1,87,"777777777777","777777777777","777777777777",1,0
37,370529,2,2,1,12,6,12,59,12,6,1,0,37,1,2,404,2404,14,1992,"1J4FJ88S5NL1","1","J","4","F","J","8","8","S","5","N","L","1",0,0,0,"000000000","00000000000",0,0,0,1,0,0,0,0,0,0,0,45,0,0,0,12,6,2,12,0,0,0,1,37,28645,6,1,0,0,3,0,70,999,0,0,0,0,0,0,0,0,0,0,0,0,0,0,1,5,45,1,1,2,1,0,0,1,54,1,1,1,86,"777777777777","777777777777","777777777777",0,0
37,370530,1,1,2,11,6,20,29,34,0,1,0,37,1,20,481,20481,31,1999,"2GCEK19TXX12","2","G","C","E","K","1","9","T","X","X","1","2",0,0,0,"000000000","00000000000",0,0,0,1,0,0,0,0,0,0,0,75,0,1,5,1,6,2,1,0,0,0,1,37,27330,6,1,0,0,3,0,70,999,0,0,0,0,0,0,0,0,0,3,28,36,58,0,1,2,55,3,2,2,1,0,0,14,10,1,1,4,6,"777777777777","777777777777","777777777777",1,0
37,370531,1,1,1,11,6,16,32,34,0,1,0,37,2,30,42,30042,3,1995,"WVWBC81EXSK0","W","V","W","B","C","8","1","E","X","S","K","0",0,0,0,"000000000","00000000000",0,0,0,1,0,0,0,0,0,0,0,55,0,1,5,12,6,2,42,0,0,0,1,37,28430,6,1,0,0,3,0,63,999,0,1,0,0,1,8,2014,1,2016,0,58,0,0,0,1,2,55,1,1,2,1,0,0,1,10,1,1,4,6,"777777777777","777777777777","777777777777",1,0
37,370532,1,3,2,11,6,12,27,12,1,1,0,37,1,20,481,20481,31,2015,"1GC2KVEG3FZ5","1","G","C","2","K","V","E","G","3","F","Z","5",0,0,0,"000000000","00000000000",0,0,0,1,0,0,0,0,0,0,0,60,0,0,0,12,6,2,12,0,0,0,1,37,28634,6,1,0,0,3,3,72,999,2,0,0,0,1,10,2013,6,2015,4,36,0,0,0,3,2,70,1,2,2,1,0,0,1,50,1,1,1,20,"777777777777","777777777777","777777777777",0,0
37,370532,2,3,3,11,6,12,27,12,1,1,0,37,1,2,404,2404,14,2007,"1J8HR58P37C5","1","J","8","H","R","5","8","P","3","7","C","5",0,0,0,"000000000","00000000000",0,0,0,1,0,0,0,0,0,0,0,0,0,0,0,6,6,2,12,0,0,0,1,37,27028,6,1,0,0,3,3,68,999,1,0,0,1,0,9,2012,11,2015,0,0,0,0,0,3,2,70,1,2,2,1,0,0,5,98,1,1,1,21,"777777777777","777777777777","777777777777",0,0
37,370532,3,3,1,11,6,12,27,12,1,1,0,47,1,72,706,72706,80,2007,"1HD1FY4167Y7","1","H","D","1","F","Y","4","1","6","7","Y","7",0,0,0,"000000000","00000000000",0,0,0,1,0,0,0,0,0,0,0,0,0,0,0,6,6,2,12,0,0,0,1,47,38340,6,1,0,0,3,3,71,215,0,0,0,2,0,10,2014,7,2015,0,0,0,0,0,3,2,70,1,2,2,1,0,0,5,98,1,1,1,98,"777777777777","777777777777","777777777777",1,0
37,370533,1,1,1,4,6,13,26,32,0,1,0,37,1,37,706,37706,80,2003,"1HFSC43023A3","1","H","F","S","C","4","3","0","2","3","A","3",0,0,0,"000000000","00000000000",0,0,0,1,0,0,0,0,0,0,0,45,0,0,0,9,6,2,1,0,0,0,1,37,27214,6,1,0,0,3,0,73,999,1,0,0,0,0,10,2014,10,2014,0,0,0,0,0,1,2,45,3,1,2,1,0,0,14,13,1,1,4,1,"777777777777","777777777777","777777777777",1,0
37,370534,1,2,1,3,6,18,3,12,6,1,0,37,1,22,20,22020,4,2003,"1G2WK52J23F1","1","G","2","W","K","5","2","J","2","3","F","1",0,0,0,"000000000","00000000000",0,0,0,1,0,0,0,0,0,0,0,50,0,0,0,2,6,2,12,0,0,0,1,37,28726,6,1,0,0,3,0,69,999,2,0,0,0,1,8,2012,4,2015,3,36,0,0,0,1,2,35,2,2,2,6,0,0,14,10,1,1,2,66,"777777777777","777777777777","777777777777",1,0
37,370534,2,2,2,3,6,18,3,12,6,1,0,37,2,12,17,12017,4,2007,"1FAFP53U97A1","1","F","A","F","P","5","3","U","9","7","A","1",0,0,0,"000000000","00000000000",0,0,0,1,0,0,0,0,0,0,0,35,0,0,0,12,6,2,12,0,0,0,1,37,28791,6,1,0,0,3,3,67,999,0,0,0,0,0,0,0,0,0,0,0,0,0,0,1,2,35,3,2,2,6,0,0,14,62,1,1,1,66,"777777777777","777777777777","777777777777",0,0