"STATE","ST_CASE","VEH_NO","VE_FORMS","NUMOCCS","DAY","MONTH","HOUR","MINUTE","HARM_EV","MAN_COLL","UNITTYPE","HIT_RUN","REG_STAT","OWNER","MAKE","MODEL","MAK_MOD","BODY_TYP","MOD_YEAR","VIN","VIN_1","VIN_2","VIN_3","VIN_4","VIN_5","VIN_6","VIN_7","VIN_8","VIN_9","VIN_10","VIN_11","VIN_12","TOW_VEH","J_KNIFE","MCARR_I1","MCARR_I2","MCARR_ID","GVWR","V_CONFIG","CARGO_BT","HAZ_INV","HAZ_PLAC","HAZ_ID","HAZ_CNO","HAZ_REL","BUS_USE","SPEC_USE","EMER_USE","TRAV_SP","UNDERIDE","ROLLOVER","ROLINLOC","IMPACT1","DEFORMED","TOWED","M_HARM","VEH_SC1","VEH_SC2","FIRE_EXP","DR_PRES","L_STATE","DR_ZIP","L_STATUS","L_TYPE","CDL_STAT","L_ENDORS","L_COMPL","L_RESTRI","DR_HGT","DR_WGT","PREV_ACC","PREV_SUS","PREV_DWI","PREV_SPD","PREV_OTH","FIRST_MO","FIRST_YR","LAST_MO","LAST_YR","SPEEDREL","DR_SF1","DR_SF2","DR_SF3","DR_SF4","VTRAFWAY","VNUM_LAN","VSPD_LIM","VALIGN","VPROFILE","VPAVETYP","VSURCOND","VTRAFCON","VTCONT_F","P_CRASH1","P_CRASH2","P_CRASH3","PCRASH4","PCRASH5","ACC_TYPE","TRLR1VIN","TRLR2VIN","TRLR3VIN","DEATHS","DR_DRINK"
37,370535,1,1,2,4,6,11,57,33,0,1,0,37,1,13,12,13012,4,2000,"1LNHM87AXYY8","1","L","N","H","M","8","7","A","X","Y","Y","8",0,0,0,"000000000","00000000000",0,0,0,1,0,0,0,0,0,0,0,65,0,0,0,1,6,2,42,0,0,0,1,37,27805,6,1,0,0,3,0,61,999,0,0,0,0,0,0,0,0,0,0,36,0,0,0,1,3,45,1,3,2,1,0,0,1,13,99,1,4,1,"777777777777","777777777777","777777777777",1,1
37,370536,1,1,2,9,6,1,40,8,0,1,1,37,2,49,32,49032,4,2013,"5YFBU4EE4DP1","5","Y","F","B","U","4","E","E","4","D","P","1",0,0,0,"000000000","00000000000",0,0,0,1,0,0,0,0,0,0,0,35,0,0,0,12,4,3,8,0,0,0,1,37,28213,6,1,0,0,3,0,62,999,1,0,0,2,0,1,2012,5,2014,0,0,0,0,0,3,2,35,1,1,2,1,0,0,1,80,99,1,1,13,"777777777777","777777777777","777777777777",0,0
37,370537,1,2,1,10,6,12,1,12,2,1,0,26,1,37,706,37706,80,1994,"1HFSC2208RA6","1","H","F","S","C","2","2","0","8","R","A","6",0,0,0,"000000000","00000000000",0,0,0,1,0,0,0,0,0,0,0,45,0,0,0,12,6,2,12,0,0,0,1,26,48184,6,1,0,0,3,0,73,230,0,0,0,0,0,0,0,0,0,0,28,0,0,0,1,2,45,2,2,2,1,0,0,14,10,99,1,2,50,"777777777777","777777777777","777777777777",1,0
37,370537,2,2,2,10,6,12,1,12,2,1,0,45,1,7,482,7482,31,1997,"1B6MF36D1VJ5","1","B","6","M","F","3","6","D","1","V","J","5",0,0,0,"000000000","00000000000",0,0,0,1,0,0,0,0,0,0,0,35,0,0,0,12,6,2,12,0,0,0,1,45,29341,6,1,0,0,3,3,72,210,1,0,0,0,0,9,2012,9,2012,0,0,0,0,0,1,2,45,3,2,2,1,0,0,14,62,99,1,1,51,"777777777777","777777777777","777777777777",0,0
37,370538,1,2,2,6,6,17,40,12,2,1,0,37,2,20,461,20461,21,2005,"1GCGG25V6511","1","G","C","G","G","2","5","V","6","5","1","1",0,0,0,"000000000","00000000000",0,0,0,1,0,0,0,0,0,0,0,49,0,1,5,12,6,2,12,0,0,0,1,37,28110,0,0,0,0,0,0,999,999,0,0,0,1,0,5,2015,5,2015,4,28,0,0,0,1,2,45,2,1,2,1,0,0,14,10,99,1,2,50,"777777777777","777777777777","777777777777",1,0
37,370538,2,2,1,6,6,17,40,12,2,1,0,37,2,55,35,55035,4,2011,"5NPDH4AE6BH0","5","N","P","D","H","4","A","E","6","B","H","0",0,0,0,"000000000","00000000000",0,0,0,1,0,0,0,0,0,0,0,40,0,0,0,12,6,2,12,0,0,0,1,37,28278,6,1,6,0,3,3,65,999,0,0,0,0,0,0,0,0,0,0,0,0,0,0,1,2,45,3,1,2,1,0,0,14,62,99,1,1,51,"777777777777","777777777777","777777777777",1,0
37,370539,1,1,2,11,6,23,41,8,0,1,0,37,2,37,32,37032,4,1995,"JHMCD5532SC0","J","H","M","C","D","5","5","3","2","S","C","0",0,0,0,"000000000","00000000000",0,0,0,1,0,0,0,0,0,0,0,52,0,0,0,12,4,5,8,0,0,0,1,37,27891,6,1,0,0,3,0,71,999,1,0,0,0,0,6,2012,6,2012,0,0,0,0,0,2,3,50,3,1,2,1,0,0,14,80,15,1,1,13,"777777777777","777777777777","777777777777",0,0
37,370540,1,1,1,3,6,23,51,33,0,1,0,37,2,53,706,53706,80,2015,"JS1GX72B6F21","J","S","1","G","X","7","2","B","6","F","2","1",0,0,0,"000000000","00000000000",0,0,0,1,0,0,0,0,0,0,0,100,0,0,0,12,6,2,43,0,0,0,1,37,28358,1,1,0,0,2,3,68,999,0,8,1,3,2,7,2011,10,2015,3,36,0,0,0,1,4,35,2,1,2,1,0,0,14,6,99,1,4,6,"777777777777","777777777777","777777777777",1,1
37,370541,1,1,1,4,6,18,23,53,0,1,0,37,2,53,706,53706,80,2008,"JS1GR7LA3821","J","S","1","G","R","7","L","A","3","8","2","1",0,0,0,"000000000","00000000000",0,0,0,1,0,0,0,0,0,0,0,85,0,0,0,12,6,2,1,0,0,0,1,37,28384,1,1,0,0,2,3,73,999,0,8,0,1,3,9,2012,4,2014,3,36,0,0,0,1,2,55,3,1,2,1,0,0,14,6,99,1,4,1,"777777777777","777777777777","777777777777",1,0
37,370542,1,2,1,6,6,14,16,12,2,1,0,37,1,37,31,37031,4,2014,"19XFB2F82EE0","1","9","X","F","B","2","F","8","2","E","E","0",0,0,0,"000000000","00000000000",0,0,0,1,0,0,0,0,0,0,0,70,0,0,0,12,6,2,12,0,0,0,1,37,28083,6,1,0,0,3,0,60,999,0,0,0,0,2,5,2014,9,2014,3,58,0,0,0,1,2,55,3,1,2,1,0,0,14,10,99,1,2,50,"777777777777","777777777777","777777777777",0,0
37,370542,2,2,2,6,6,14,16,12,2,1,0,37,1,20,399,20399,9,1958,"585237010","5","8","5","2","3","7","0","1","0","","","",0,0,0,"000000000","00000000000",0,0,0,1,0,0,0,0,0,0,0,55,0,0,0,12,6,2,12,0,0,0,1,37,28083,6,1,0,0,3,0,73,999,0,0,0,0,0,0,0,0,0,0,0,0,0,0,1,2,55,1,1,2,1,0,0,1,62,99,1,1,51,"777777777777","777777777777","777777777777",1,0
37,370543,1,1,1,8,6,15,58,34,0,1,0,37,2,20,481,20481,31,1996,"2GCEC19M3T11","2","G","C","E","C","1","9","M","3","T","1","1",0,0,0,"000000000","00000000000",0,0,0,1,0,0,0,0,0,0,0,95,0,1,5,11,6,2,1,0,0,0,1,37,28146,6,1,0,0,3,3,64,999,0,1,0,0,0,5,2015,5,2015,0,36,0,0,0,1,2,55,2,1,2,1,0,0,14,13,99,4,4,2,"777777777777","777777777777","777777777777",1,1
37,370544,1,2,1,10,6,16,6,12,6,1,0,37,2,37,402,37402,14,2006,"SHSRD78566U4","S","H","S","R","D","7","8","5","6","6","U","4",0,0,0,"000000000","00000000000",0,0,0,1,0,0,0,0,0,0,0,15,0,0,0,9,6,2,12,0,0,0,1,37,28001,6,1,0,0,3,0,72,999,0,0,0,0,0,0,0,0,0,0,38,0,0,0,1,2,55,1,1,2,1,20,3,4,17,99,1,1,89,"777777777777","777777777777","777777777777",1,0
37,370544,2,2,1,10,6,16,6,12,6,1,0,37,2,12,37,12037,4,2004,"1FAFP38Z64W1","1","F","A","F","P","3","8","Z","6","4","W","1",0,0,0,"000000000","00000000000",0,0,0,1,0,0,0,0,0,0,0,55,0,0,0,12,6,2,12,0,0,0,1,37,28124,6,1,0,0,3,3,60,999,0,0,0,0,0,0,0,0,0,0,0,0,0,0,2,4,55,1,2,2,1,0,0,1,66,99,1,1,88,"777777777777","777777777777","777777777777",0,0
37,370545,1,2,3,11,6,14,14,12,6,1,0,37,1,49,403,49403,14,2007,"JTEDW21A7700","J","T","E","D","W","2","1","A","7","7","0","0",0,0,0,"000000000","00000000000",0,0,0,1,0,0,0,0,0,0,0,35,0,0,0,9,6,2,12,0,0,0,1,37,28110,6,1,0,0,3,3,75,999,0,0,0,0,0,0,0,0,0,0,39,0,0,0,1,2,55,1,1,2,1,20,3,1,17,99,1,1,89,"777777777777","777777777777","777777777777",0,0
37,370545,2,2,1,11,6,14,14,12,6,1,0,37,1,76,706,76706,80,2006,"JYARN17E26A0","J","Y","A","R","N","1","7","E","2","6","A","0",0,0,0,"000000000","00000000000",0,0,0,1,0,0,0,0,0,0,0,55,0,0,0,12,6,2,12,0,0,0,1,37,28277,6,1,0,0,3,0,65,999,0,0,0,0,0,0,0,0,0,0,0,0,0,0,1,2,55,1,1,2,1,0,0,1,66,99,1,1,88,"777777777777","777777777777","777777777777",1,0
37,370546,1,2,1,26,4,10,45,12,6,1,0,37,2,82,884,82884,66,1994,"1FUYDSYB5RH4","1","F","U","Y","D","S","Y","B","5","R","H","4",1,1,57,"2473103","572473103",3,6,1,1,0,0,0,0,0,0,0,53,0,0,0,12,6,2,12,0,0,0,1,12,33563,6,1,6,1,3,3,67,999,0,0,0,0,1,10,2011,10,2011,0,0,0,0,0,1,2,55,1,1,2,1,0,0,1,54,1,1,1,88,"888888888888","777777777777","777777777777",0,0
37,370546,2,2,2,26,4,10,45,12,6,1,0,51,2,6,441,6441,20,2008,"2A8HR44H08R7","2","A","8","H","R","4","4","H","0","8","R","7",0,0,0,"000000000","00000000000",0,0,0,1,0,0,0,0,0,0,0,55,0,1,5,9,6,2,12,0,0,0,1,11,99999,9,9,99,9,9,9,999,999,99,99,99,99,99,99,9999,99,9999,0,39,0,0,0,1,2,55,1,1,2,1,20,3,1,66,1,1,1,89,"777777777777","777777777777","777777777777",1,0
37,370547,1,2,1,25,5,10,0,12,6,1,0,37,3,89,890,89890,63,2013,"5VCACLLE4DH2","5","V","C","A","C","L","L","E","4","D","H","2",0,0,57,"198696","57198696",3,2,1,1,0,0,0,0,0,0,0,40,0,0,0,12,4,3,12,0,0,0,1,37,28451,6,1,6,9,3,3,66,999,0,0,0,0,1,1,2012,1,2012,0,0,0,0,0,1,2,55,1,1,2,1,0,0,1,62,1,1,1,66,"777777777777","777777777777","777777777777",0,0
37,370547,2,2,1,25,5,10,0,12,6,1,0,37,2,20,431,20431,16,2001,"3GNFK16T01G2","3","G","N","F","K","1","6","T","0","1","G","2",0,0,0,"000000000","00000000000",0,0,0,1,0,0,0,0,0,0,0,55,0,0,0,3,6,2,12,0,0,0,1,37,28465,6,1,0,0,3,3,57,999,1,0,0,0,1,7,2015,8,2015,0,28,58,0,0,1,2,55,1,1,2,1,0,0,1,10,1,1,2,66,"777777777777","777777777777","777777777777",1,0
37,370548,1,1,1,10,5,10,38,9,0,1,0,37,3,20,481,20481,31,2016,"3GCUKREC3GG1","3","G","C","U","K","R","E","C","3","G","G","1",0,0,0,"000000000","00000000000",0,0,0,1,0,0,0,0,0,0,0,55,0,0,0,12,4,3,9,0,0,0,1,37,27703,6,1,0,0,3,0,67,999,2,1,0,1,3,9,2012,7,2015,4,36,0,0,0,1,2,55,1,1,2,1,0,0,1,80,1,1,1,13,"777777777777","777777777777","777777777777",0,0
37,370549,1,1,1,7,5,20,22,34,0,1,0,37,1,98,739,98739,90,2000,"000000000000","0","0","0","0","0","0","0","0","0","0","0","0",0,0,0,"000000000","00000000000",0,0,0,1,0,0,0,0,0,0,0,25,0,2,5,12,6,2,1,0,0,0,1,37,27565,6,1,0,0,1,0,68,999,0,0,0,0,1,4,2015,4,2015,0,58,0,0,0,1,2,55,1,1,2,1,0,0,1,13,1,1,4,1,"777777777777","777777777777","777777777777",1,1
37,370550,1,1,1,20,5,6,38,8,0,1,0,37,2,7,482,7482,31,2003,"1D7HU18NX3S1","1","D","7","H","U","1","8","N","X","3","S","1",0,0,0,"000000000","00000000000",0,0,0,1,0,0,0,0,0,0,0,45,0,0,0,12,4,5,8,0,0,0,1,37,27242,6,1,0,0,3,3,72,999,2,1,0,0,3,9,2013,1,2016,0,99,99,99,99,2,2,45,1,1,2,2,0,0,1,80,1,1,1,13,"777777777777","777777777777","777777777777",0,0
37,370551,1,1,4,14,5,23,32,8,0,1,0,37,2,58,421,58421,15,2011,"JN8AZ2NE5B90","J","N","8","A","Z","2","N","E","5","B","9","0",0,0,0,"000000000","00000000000",0,0,0,1,0,0,0,0,0,0,0,59,0,0,0,12,6,2,8,0,0,0,1,37,28540,6,1,0,0,3,0,77,999,2,0,0,0,0,9,2014,10,2015,0,0,0,0,0,2,2,55,1,1,2,1,0,0,1,80,1,1,1,13,"777777777777","777777777777","777777777777",0,0
37,370552,1,1,2,7,5,20,45,53,0,1,0,0,0,76,739,76739,90,2007,"JY4AJ20Y87C0","J","Y","4","A","J","2","0","Y","8","7","C","0",0,0,0,"000000000","00000000000",0,0,0,1,0,0,0,0,0,0,0,35,0,0,0,12,2,3,53,0,0,0,1,37,28146,6,1,0,0,1,0,70,999,1,3,0,2,1,9,2011,2,2016,0,36,0,0,0,1,2,35,1,1,2,1,0,0,1,13,1,1,4,1,"777777777777","777777777777","777777777777",1,1
37,370553,1,2,1,17,6,9,12,12,6,1,0,37,2,35,39,35039,4,2002,"JN1DA31A22T0","J","N","1","D","A","3","1","A","2","2","T","0",0,0,0,"000000000","00000000000",0,0,0,1,0,0,0,0,0,0,0,55,0,0,0,12,6,2,12,0,0,1,1,37,28681,1,1,0,0,2,0,63,999,0,11,0,0,12,2,2013,8,2014,0,39,0,0,0,1,2,55,1,2,2,1,20,3,1,54,1,1,1,86,"777777777777","777777777777","777777777777",0,0
37,370553,2,2,2,17,6,9,12,12,6,1,0,37,2,49,40,49040,4,1994,"JT2SK12E2R02","J","T","2","S","K","1","2","E","2","R","0","2",0,0,0,"000000000","00000000000",0,0,0,1,0,0,0,0,0,0,0,55,0,0,0,3,6,2,12,0,0,0,1,37,28613,6,1,0,0,3,0,72,999,1,2,0,1,3,10,2011,1,2015,0,0,0,0,0,1,2,55,1,2,2,1,0,0,1,17,1,1,1,87,"777777777777","777777777777","777777777777",1,0
37,370554,1,1,1,14,6,8,10,24,0,1,0,37,1,21,17,21017,4,1989,"1G3AJ51NXKG3","1","G","3","A","J","5","1","N","X","K","G","3",0,0,0,"000000000","00000000000",0,0,0,1,0,0,0,0,0,0,0,40,0,1,5,1,6,2,1,0,0,0,1,37,28615,3,1,0,0,2,0,64,999,0,0,0,0,0,0,0,0,0,0,99,99,99,99,1,2,55,3,2,2,1,0,0,14,13,1,1,4,1,"777777777777","777777777777","777777777777",1,0
37,370555,1,1,2,20,6,20,5,42,0,1,0,37,1,49,472,49472,30,2007,"5TETU62N57Z3","5","T","E","T","U","6","2","N","5","7","Z","3",0,0,0,"000000000","00000000000",0,0,0,1,0,0,0,0,0,0,0,75,0,0,0,12,6,2,42,0,0,0,1,37,28645,6,1,0,0,3,0,72,999,1,0,0,0,0,10,2015,10,2015,3,28,36,0,0,1,2,35,2,2,2,1,0,0,14,10,1,1,4,6,"777777777777","777777777777","777777777777",2,1
37,370556,1,1,4,12,6,23,0,42,0,1,0,37,1,41,51,41051,4,2011,"JM1BL1K5XB13","J","M","1","B","L","1","K","5","X","B","1","3",0,0,0,"000000000","00000000000",0,0,0,1,0,0,0,0,0,0,0,80,0,0,0,12,6,2,42,0,0,0,1,37,28152,6,1,0,0,3,3,66,999,0,1,0,1,1,11,2011,3,2014,3,36,0,0,0,1,2,55,3,2,2,1,0,0,14,13,1,1,4,1,"777777777777","777777777777","777777777777",4,1
37,370557,1,2,2,3,6,12,17,12,1,1,0,37,2,12,471,12471,31,1999,"1FTYR14V6XTA","1","F","T","Y","R","1","4","V","6","X","T","A",0,0,0,"000000000","00000000000",0,0,0,1,0,0,0,0,0,0,0,6,0,0,0,6,6,2,12,0,0,0,1,37,28348,6,1,0,0,3,3,66,999,0,0,0,0,0,0,0,0,0,0,38,0,0,0,1,2,55,1,1,2,1,0,0,2,18,1,1,1,29,"777777777777","777777777777","777777777777",1,0
37,370557,2,2,1,3,6,12,17,12,1,1,1,37,2,20,884,20884,61,1979,"CCL339V13900","C","C","L","3","3","9","V","1","3","9","0","0",0,0,88,"888888888","88888888888",2,1,1,1,0,0,0,0,0,0,0,60,0,0,0,12,6,2,12,0,0,0,1,37,28371,1,1,0,0,2,0,72,999,0,30,0,0,9,10,2012,1,2015,0,0,0,0,0,1,2,55,1,1,2,1,0,0,1,52,1,1,1,28,"777777777777","777777777777","777777777777",0,0
37,370558,1,2,1,10,6,18,19,32,0,1,0,37,1,53,706,53706,80,2000,"JS1VT52A4Y21","J","S","1","V","T","5","2","A","4","Y","2","1",0,0,0,"000000000","00000000000",0,0,0,1,0,0,0,0,0,0,0,100,0,0,0,12,6,2,21,0,0,0,1,37,27295,1,1,0,0,2,0,69,999,0,1,0,0,1,6,2014,8,2014,3,36,0,0,0,3,3,70,1,2,2,1,0,0,1,13,1,1,4,1,"777777777777","777777777777","777777777777",1,0
37,370558,2,2,2,10,6,18,19,32,0,1,0,51,1,59,31,59031,4,2016,"JTHBK1GG7G22","J","T","H","B","K","1","G","G","7","G","2","2",0,0,0,"000000000","00000000000",0,0,0,1,0,0,0,0,0,0,0,70,0,0,0,4,2,5,54,0,0,0,1,51,23435,6,1,6,0,3,0,70,194,0,0,0,0,0,0,0,0,0,0,0,0,0,0,3,3,70,1,1,2,1,0,0,1,90,1,1,1,98,"777777777777","777777777777","777777777777",0,0
37,370559,1,1,1,15,6,5,18,42,0,1,0,37,2,54,31,54031,4,1998,"JH4DB7658WS0","J","H","4","D","B","7","6","5","8","W","S","0",0,0,0,"000000000","00000000000",0,0,0,1,0,0,0,0,0,0,0,85,0,0,0,3,6,2,42,0,0,0,1,37,27260,6,1,0,0,3,0,70,999,1,0,0,0,0,9,2015,9,2015,3,36,0,0,0,3,3,70,1,1,2,1,0,0,1,12,1,1,4,6,"777777777777","777777777777","777777777777",1,0
37,370560,1,3,1,9,6,12,10,12,7,1,1,99,9,87,884,87884,78,9999,"999999999999","9","9","9","9","9","9","9","9","9","9","9","9",1,1,99,"999999999","99999999999",3,19,98,1,0,0,0,0,0,0,0,55,0,0,0,8,0,5,12,0,0,0,1,99,99999,9,9,99,9,9,9,999,999,99,99,99,99,99,99,9999,99,9999,0,0,0,0,0,2,4,55,1,1,2,1,0,0,1,61,1,1,1,98,"888888888888","777777777777","777777777777",0,0
37,370560,2,3,1,9,6,12,10,12,7,1,0,37,1,72,706,72706,80,2007,"1HD1CX31X7K4","1","H","D","1","C","X","3","1","X","7","K","4",0,0,0,"000000000","00000000000",0,0,0,1,0,0,0,0,0,0,0,55,0,0,0,12,6,2,12,0,0,0,1,37,27051,6,1,6,0,2,0,71,999,0,9,0,0,11,8,2011,2,2015,0,0,0,0,0,2,4,55,1,1,2,1,0,0,1,51,1,1,1,48,"777777777777","777777777777","777777777777",1,0
37,370560,3,3,1,9,6,12,10,12,7,1,0,37,2,41,402,41402,14,2005,"4F2YZ02Z65KM","4","F","2","Y","Z","0","2","Z","6","5","K","M",0,0,0,"000000000","00000000000",0,0,0,1,0,0,0,0,0,0,0,55,0,0,0,5,4,5,12,0,0,0,1,6,27127,6,1,0,0,3,0,70,170,0,0,0,0,0,0,0,0,0,0,0,0,0,0,2,4,55,1,1,2,1,0,0,1,62,1,1,1,48,"777777777777","777777777777","777777777777",0,0
37,370561,1,2,1,11,6,4,21,12,2,1,0,47,3,84,884,84884,66,2014,"1HSDESNNXEH7","1","H","S","D","E","S","N","N","X","E","H","7",2,1,57,"63419","5763419",3,7,1,1,0,0,0,0,0,0,0,60,0,0,0,12,6,2,12,0,0,1,1,51,23321,6,1,6,0,3,0,72,230,0,0,0,1,0,9,2011,9,2011,0,0,0,0,0,3,4,65,1,2,1,1,0,0,1,54,1,1,1,52,"888888888888","888888888888","777777777777",0,0
37,370561,2,2,1,11,6,4,21,12,2,1,0,37,2,20,403,20403,14,2004,"1GNDS13SX422","1","G","N","D","S","1","3","S","X","4","2","2",0,0,0,"000000000","00000000000",0,0,0,1,0,0,0,0,0,0,0,65,0,0,0,12,6,2,12,0,0,1,1,37,27282,6,1,0,0,3,0,72,999,0,0,0,0,2,1,2013,11,2013,4,36,0,0,0,3,4,65,1,2,1,1,0,0,1,54,1,1,2,52,"777777777777","777777777777","777777777777",1,1
37,370562,1,2,3,15,6,21,24,12,8,1,0,37,1,37,31,37031,4,2009,"2HGFA165X9H5","2","H","G","F","A","1","6","5","X","9","H","5",0,0,0,"000000000","00000000000",0,0,0,1,0,0,0,0,0,0,0,45,0,0,0,61,6,2,12,0,0,0,1,37,27890,6,1,0,0,3,0,65,999,0,0,0,0,0,0,0,0,0,0,28,0,0,0,1,2,45,1,1,2,2,0,0,1,10,1,1,2,64,"777777777777","777777777777","777777777777",1,0
37,370562,2,2,1,15,6,21,24,12,8,1,0,37,3,84,884,84884,66,2007,"2HSCNAPR37C4","2","H","S","C","N","A","P","R","3","7","C","4",1,1,57,"1809744","571809744",3,6,1,1,0,0,0,0,0,0,0,45,0,0,0,63,0,5,12,0,0,0,1,37,27846,6,1,6,9,3,0,74,999,2,0,0,0,3,2,2013,9,2015,0,0,0,0,0,1,2,45,1,1,2,2,0,0,1,62,1,1,1,65,"888888888888","777777777777","777777777777",0,0
37,370563,1,1,2,7,6,19,20,42,0,1,0,37,2,12,3,12003,2,2001,"1FAFP45X61F1","1","F","A","F","P","4","5","X","6","1","F","1",0,0,0,"000000000","00000000000",0,0,0,1,0,0,0,0,0,0,0,80,0,0,0,3,6,2,42,0,0,0,1,37,28334,6,2,0,0,3,3,76,999,0,0,0,0,0,0,0,0,0,3,28,36,0,0,1,2,55,4,3,2,1,0,0,14,13,1,1,4,6,"777777777777","777777777777","777777777777",2,0
37,370564,1,2,1,14,6,9,40,12,2,1,0,37,1,12,37,12037,4,2012,"1FAHP3K2XCL4","1","F","A","H","P","3","K","2","X","C","L","4",0,0,0,"000000000","00000000000",0,0,0,1,0,0,0,0,0,0,0,55,0,0,0,12,6,2,12,0,0,0,1,37,28377,6,1,0,0,3,3,65,999,0,0,0,0,1,9,2014,9,2014,0,0,0,0,0,1,2,55,1,3,2,1,0,0,1,54,1,1,1,84,"777777777777","777777777777","777777777777",1,0
37,370564,2,2,3,14,6,9,40,12,2,1,0,1,2,52,34,52034,4,2006,"4A3AB36F86E0","4","A","3","A","B","3","6","F","8","6","E","0",0,0,0,"000000000","00000000000",0,0,0,1,0,0,0,0,0,0,0,35,0,0,0,12,6,2,12,0,0,0,1,1,35903,0,0,0,0,0,0,65,185,0,0,0,0,0,0,0,0,0,0,38,0,0,0,1,2,55,1,3,2,1,0,0,11,10,1,1,2,84,"777777777777","777777777777","777777777777",0,0
37,370565,1,4,2,17,6,9,44,12,1,1,1,37,2,19,22,19022,4,2008,"1G6KD57YX8U1","1","G","6","K","D","5","7","Y","X","8","U","1",0,0,0,"000000000","00000000000",0,0,0,1,0,0,0,0,0,0,0,55,0,0,0,12,6,2,12,0,0,0,1,37,28376,6,1,0,0,3,0,73,999,2,1,0,0,4,9,2011,6,2016,4,36,0,0,0,1,2,55,1,2,2,1,0,0,1,50,1,1,1,20,"777777777777","777777777777","777777777777",0,0
37,370565,2,4,2,17,6,9,44,12,1,1,0,37,1,35,51,35051,6,2015,"JN8AS5MT7FW6","J","N","8","A","S","5","M","T","7","F","W","6",0,0,0,"000000000","00000000000",0,0,0,1,0,0,0,0,0,0,0,0,0,0,0,6,6,2,12,0,0,0,1,37,28371,6,1,0,0,3,3,65,999,0,0,0,0,0,0,0,0,0,0,0,0,0,0,1,2,55,1,2,2,1,0,0,5,98,1,1,1,21,"777777777777","777777777777","777777777777",1,0
37,370565,3,4,1,17,6,9,44,12,1,1,0,37,1,7,26,7026,4,2013,"1C3CDZCGXDN7","1","C","3","C","D","Z","C","G","X","D","N","7",0,0,0,"000000000","00000000000",0,0,0,1,0,0,0,0,0,0,0,55,0,0,0,12,4,3,12,0,0,0,1,37,28376,6,1,0,0,3,0,71,999,0,0,0,0,0,0,0,0,0,0,0,0,0,0,1,2,55,1,2,2,1,0,0,1,62,1,1,1,98,"777777777777","777777777777","777777777777",0,0
37,370565,4,4,1,17,6,9,44,12,1,1,0,37,1,13,14,13014,6,2013,"2LMDJ6JK0DBL","2","L","M","D","J","6","J","K","0","D","B","L",0,0,0,"000000000","00000000000",0,0,0,1,0,0,0,0,0,0,0,0,0,0,0,5,4,5,12,0,0,0,1,37,28304,6,1,0,0,3,3,60,999,0,0,0,0,0,0,0,0,0,0,0,0,0,0,1,2,55,1,2,2,1,0,0,5,98,1,1,1,98,"777777777777","777777777777","777777777777",0,0
37,370566,1,1,1,18,6,9,30,24,0,1,0,45,1,72,706,72706,80,2007,"1HD1KB4157Y6","1","H","D","1","K","B","4","1","5","7","Y","6",0,0,0,"000000000","00000000000",0,0,0,1,0,0,0,0,0,0,0,65,0,0,0,9,6,2,24,0,0,0,1,45,29671,6,1,0,0,3,3,71,175,0,0,0,0,0,0,0,0,0,0,58,0,0,0,3,2,65,1,1,2,1,0,0,1,12,1,1,4,6,"777777777777","777777777777","777777777777",1,0
37,370567,1,2,2,9,6,2,25,12,1,1,0,37,1,98,706,98706,80,2016,"2BXNAAC29GV0","2","B","X","N","A","A","C","2","9","G","V","0",0,0,0,"000000000","00000000000",0,0,0,1,0,0,0,0,0,0,0,998,0,0,0,12,6,2,12,0,0,0,1,37,28105,6,1,0,0,2,0,70,999,0,0,0,0,0,0,0,0,0,5,36,0,0,0,3,3,55,1,1,2,1,0,0,1,51,1,1,1,24,"777777777777","777777777777","777777777777",1,1
37,370567,2,2,1,9,6,2,25,12,1,1,1,99,9,99,999,99999,99,9999,"999999999999","9","9","9","9","9","9","9","9","9","9","9","9",0,0,0,"000000000","00000000000",0,0,0,1,0,0,0,0,0,0,0,999,0,0,0,6,9,5,12,0,0,0,1,99,99999,9,9,99,9,9,9,999,999,99,99,99,99,99,99,9999,99,9999,9,99,99,99,99,3,3,55,1,1,2,1,0,0,1,53,1,1,1,25,"777777777777","777777777777","777777777777",0,0
37,370568,1,2,1,9,6,21,25,12,7,1,1,37,1,12,481,12481,31,2007,"1FTRF12207KD","1","F","T","R","F","1","2","2","0","7","K","D",0,0,0,"000000000","00000000000",0,0,0,1,0,0,0,0,0,0,0,50,0,0,0,81,0,5,12,0,0,0,1,37,28213,6,1,0,0,3,0,68,999,0,0,0,0,0,0,0,0,0,5,36,0,0,0,3,4,50,1,1,1,1,0,0,1,61,1,1,2,48,"777777777777","777777777777","777777777777",0,1
37,370568,2,2,1,9,6,21,25,12,7,1,0,37,2,72,706,72706,80,2004,"1HD1BMY134Y0","1","H","D","1","B","M","Y","1","3","4","Y","0",0,0,0,"000000000","00000000000",0,0,0,1,0,0,0,0,0,0,0,56,0,0,0,9,6,2,12,0,0,0,1,37,28269,6,1,0,0,3,0,64,999,1,0,0,0,0,9,2011,9,2011,0,27,0,0,0,3,4,50,1,1,2,1,0,0,1,9,1,1,2,48,"777777777777","777777777777","777777777777",1,0
37,370569,1,1,1,16,6,8,44,30,0,1,0,24,5,51,47,51047,4,2006,"YV1RS5927625","Y","V","1","R","S","5","9","2","7","6","2","5",0,0,0,"000000000","00000000000",0,0,0,1,0,0,0,0,0,0,0,80,0,0,0,12,6,2,30,0,0,0,1,37,28216,6,1,0,0,3,0,74,999,1,0,0,0,1,9,2014,10,2015,3,36,0,0,0,3,2,45,1,1,2,1,0,0,1,11,1,1,4,1,"777777777777","777777777777","777777777777",1,0