"STATE","ST_CASE","VEH_NO","VE_FORMS","NUMOCCS","DAY","MONTH","HOUR","MINUTE","HARM_EV","MAN_COLL","UNITTYPE","HIT_RUN","REG_STAT","OWNER","MAKE","MODEL","MAK_MOD","BODY_TYP","MOD_YEAR","VIN","VIN_1","VIN_2","VIN_3","VIN_4","VIN_5","VIN_6","VIN_7","VIN_8","VIN_9","VIN_10","VIN_11","VIN_12","TOW_VEH","J_KNIFE","MCARR_I1","MCARR_I2","MCARR_ID","GVWR","V_CONFIG","CARGO_BT","HAZ_INV","HAZ_PLAC","HAZ_ID","HAZ_CNO","HAZ_REL","BUS_USE","SPEC_USE","EMER_USE","TRAV_SP","UNDERIDE","ROLLOVER","ROLINLOC","IMPACT1","DEFORMED","TOWED","M_HARM","VEH_SC1","VEH_SC2","FIRE_EXP","DR_PRES","L_STATE","DR_ZIP","L_STATUS","L_TYPE","CDL_STAT","L_ENDORS","L_COMPL","L_RESTRI","DR_HGT","DR_WGT","PREV_ACC","PREV_SUS","PREV_DWI","PREV_SPD","PREV_OTH","FIRST_MO","FIRST_YR","LAST_MO","LAST_YR","SPEEDREL","DR_SF1","DR_SF2","DR_SF3","DR_SF4","VTRAFWAY","VNUM_LAN","VSPD_LIM","VALIGN","VPROFILE","VPAVETYP","VSURCOND","VTRAFCON","VTCONT_F","P_CRASH1","P_CRASH2","P_CRASH3","PCRASH4","PCRASH5","ACC_TYPE","TRLR1VIN","TRLR2VIN","TRLR3VIN","DEATHS","DR_DRINK"
37,370602,3,3,1,25,5,19,42,12,1,1,0,37,2,53,734,53734,90,2002,"JS1DK433X221","J","S","1","D","K","4","3","3","X","2","2","1",0,0,0,"000000000","00000000000",0,0,0,1,0,0,0,0,0,0,0,40,0,0,0,6,6,2,12,0,0,0,1,37,27834,1,1,0,0,1,0,67,999,1,0,0,0,0,7,2013,7,2013,0,36,0,0,0,1,2,50,1,1,2,1,0,0,2,18,1,1,1,98,"777777777777","777777777777","777777777777",0,0
37,370603,1,2,1,25,6,11,47,1,0,1,0,37,1,53,706,53706,80,2016,"JS1GT79A7G21","J","S","1","G","T","7","9","A","7","G","2","1",0,0,0,"000000000","00000000000",0,0,0,1,0,0,0,0,0,0,0,65,0,0,0,0,6,2,12,0,0,0,1,37,28305,6,1,0,0,3,0,68,999,2,1,0,1,5,8,2011,12,2013,0,33,0,0,0,1,2,55,1,2,2,1,0,0,6,9,1,1,1,98,"777777777777","777777777777","777777777777",1,0
37,370603,2,2,1,25,6,11,47,1,0,1,0,37,3,12,481,12481,31,1997,"1FTHX26G6VEC","1","F","T","H","X","2","6","G","6","V","E","C",0,0,0,"000000000","00000000000",0,0,0,1,0,0,0,0,0,0,0,5,0,0,0,6,4,5,12,0,0,0,1,37,28622,6,1,0,0,3,0,71,999,2,0,0,0,0,1,2012,8,2014,0,0,0,0,0,1,2,55,1,2,2,1,0,0,13,20,1,1,1,98,"777777777777","777777777777","777777777777",0,0
37,370604,1,1,1,26,6,22,44,34,0,1,0,37,2,20,481,20481,31,1996,"1GCGC29R5TE2","1","G","C","G","C","2","9","R","5","T","E","2",0,0,0,"000000000","00000000000",0,0,0,1,0,0,0,0,0,0,0,70,0,1,5,11,6,2,1,0,0,0,1,37,28436,6,1,0,0,3,0,70,999,0,0,0,0,1,5,2013,5,2013,3,36,0,0,0,1,2,55,3,1,2,1,0,0,14,9,1,1,4,1,"777777777777","777777777777","777777777777",1,1
37,370605,1,2,6,26,6,2,28,12,7,1,0,37,2,23,401,23401,14,2003,"1GKDS13S7322","1","G","K","D","S","1","3","S","7","3","2","2",0,0,0,"000000000","00000000000",0,0,0,1,0,0,0,0,0,0,0,60,0,0,0,4,6,2,12,0,0,0,1,37,28311,1,1,0,0,2,0,74,999,1,7,0,0,9,6,2013,10,2015,3,36,0,0,0,2,5,45,1,4,2,1,0,0,6,10,1,1,2,48,"777777777777","777777777777","777777777777",1,1
37,370605,2,2,1,26,6,2,28,12,7,1,0,37,2,12,401,12401,14,2002,"1FMYU60E12UC","1","F","M","Y","U","6","0","E","1","2","U","C",0,0,0,"000000000","00000000000",0,0,0,1,0,0,0,0,0,0,0,45,0,0,0,7,2,5,12,0,0,0,1,37,28303,6,1,0,0,3,0,66,999,0,0,0,0,0,0,0,0,0,0,0,0,0,0,2,5,45,1,4,2,1,0,0,1,53,1,1,1,48,"777777777777","777777777777","777777777777",0,0
37,370606,1,1,1,27,6,0,39,9,0,1,0,37,3,98,890,98890,66,1994,"1HLA3A7B1R7H","1","H","L","A","3","A","7","B","1","R","7","H",1,1,57,"108483","57108483",3,6,97,1,0,0,0,0,0,0,0,60,0,0,0,12,2,5,9,0,0,0,1,37,27910,6,1,6,0,3,3,71,999,0,0,0,0,0,0,0,0,0,0,0,0,0,0,1,5,55,1,1,2,1,0,0,1,80,1,1,1,13,"888888888888","777777777777","777777777777",0,0
37,370607,1,2,1,29,6,9,53,12,6,1,0,37,3,82,881,82881,66,2007,"1FUJA6CK87DY","1","F","U","J","A","6","C","K","8","7","D","Y",1,1,57,"2847426","572847426",3,6,4,1,0,0,0,0,0,0,0,55,0,0,0,12,6,2,12,0,0,0,1,37,28301,6,1,6,0,3,3,64,999,2,0,0,0,0,12,2015,2,2016,0,0,0,0,0,1,2,55,1,1,2,1,0,0,1,66,1,1,1,86,"888888888888","777777777777","777777777777",0,0
37,370607,2,2,1,29,6,9,53,12,6,1,0,37,1,14,20,14020,4,2006,"1MEFM40106G6","1","M","E","F","M","4","0","1","0","6","G","6",0,0,0,"000000000","00000000000",0,0,0,1,0,0,0,0,0,0,0,15,0,0,0,3,6,2,12,0,0,0,1,37,28464,6,1,0,0,3,3,63,999,0,0,0,0,0,0,0,0,0,0,38,0,0,0,1,2,55,1,1,2,1,20,3,1,17,1,1,1,87,"777777777777","777777777777","777777777777",1,0
37,370608,1,1,1,25,6,19,46,34,0,1,0,37,1,35,48,35048,2,2005,"JN1AZ36A75M7","J","N","1","A","Z","3","6","A","7","5","M","7",0,0,0,"000000000","00000000000",0,0,0,1,0,0,0,0,0,0,0,90,0,0,0,14,6,2,42,0,0,0,1,37,27040,6,1,0,0,3,3,68,999,0,0,0,0,0,0,0,0,0,3,36,58,0,0,2,2,45,1,1,2,1,0,0,1,13,1,1,4,6,"777777777777","777777777777","777777777777",1,1
37,370609,1,1,1,25,6,19,38,34,0,1,0,37,2,7,482,7482,31,1999,"3B7HF13ZXXM5","3","B","7","H","F","1","3","Z","X","X","M","5",0,0,0,"000000000","00000000000",0,0,0,1,0,0,0,0,0,0,0,35,0,0,0,7,4,3,14,0,0,0,1,37,27040,1,1,0,0,2,0,73,999,0,10,0,0,9,6,2011,5,2016,0,99,99,99,99,1,2,35,1,2,2,1,0,0,1,10,1,1,4,6,"777777777777","777777777777","777777777777",1,0
37,370610,1,2,2,1,6,23,38,12,1,1,0,37,1,20,481,20481,31,2012,"1GCRKSEA7CZ3","1","G","C","R","K","S","E","A","7","C","Z","3",0,0,0,"000000000","00000000000",0,0,0,1,0,0,0,0,0,0,0,70,0,0,0,12,6,2,12,0,0,0,1,37,28114,6,1,0,0,3,3,69,999,0,0,0,0,1,9,2012,9,2012,4,36,0,0,0,2,3,65,2,1,2,1,0,0,14,51,1,1,1,24,"777777777777","777777777777","777777777777",0,1
37,370610,2,2,4,1,6,23,38,12,1,1,0,54,1,12,401,12401,14,1992,"1FMDU34X7NUD","1","F","M","D","U","3","4","X","7","N","U","D",0,0,0,"000000000","00000000000",0,0,0,1,0,0,0,0,0,0,0,45,0,0,0,6,6,2,12,0,0,0,1,54,25801,6,1,0,0,3,0,64,230,0,1,0,1,1,10,2012,10,2015,0,0,0,0,0,2,3,65,2,1,2,1,0,0,14,53,1,1,1,25,"777777777777","777777777777","777777777777",1,0
37,370611,1,1,1,24,6,19,52,42,0,1,0,47,1,49,472,49472,32,1995,"JT4VD22FXS00","J","T","4","V","D","2","2","F","X","S","0","0",0,0,0,"000000000","00000000000",0,0,0,1,0,0,0,0,0,0,0,15,0,0,0,11,6,2,42,0,0,0,1,47,37863,6,1,0,0,3,0,68,125,0,0,0,0,0,0,0,0,0,0,0,0,0,0,1,2,55,2,2,2,1,0,0,14,12,1,1,4,6,"777777777777","777777777777","777777777777",1,0
37,370612,1,1,1,25,6,21,3,9,0,1,0,37,1,37,31,37031,2,2000,"1HGEJ8248YL0","1","H","G","E","J","8","2","4","8","Y","L","0",0,0,0,"000000000","00000000000",0,0,0,1,0,0,0,0,0,0,0,45,0,0,0,12,4,3,9,0,0,0,1,37,27855,6,1,0,0,3,0,65,999,1,0,0,0,0,1,2015,1,2015,0,36,0,0,0,1,2,45,1,2,2,1,0,0,1,80,1,1,1,13,"777777777777","777777777777","777777777777",0,0
37,370613,1,1,3,12,6,21,49,31,0,1,0,37,1,12,481,12481,31,2005,"1FTSX20545EB","1","F","T","S","X","2","0","5","4","5","E","B",0,0,0,"000000000","00000000000",0,0,0,1,0,0,0,0,0,0,0,65,0,1,5,2,6,2,1,0,0,0,1,37,28636,6,1,0,0,3,0,75,999,1,0,0,0,0,4,2016,4,2016,3,36,0,0,0,1,2,55,3,2,2,1,0,0,14,13,1,1,4,6,"777777777777","777777777777","777777777777",1,1
37,370614,1,1,1,24,6,20,22,53,0,1,0,37,1,72,706,72706,80,2003,"1HD1CGP103K4","1","H","D","1","C","G","P","1","0","3","K","4",0,0,0,"000000000","00000000000",0,0,0,1,0,0,0,0,0,0,0,45,0,0,0,12,6,2,53,0,0,0,1,37,28115,1,1,0,0,2,0,66,999,0,11,5,0,5,7,2011,10,2015,0,99,99,99,99,1,2,45,3,1,2,1,0,0,14,13,1,1,4,1,"777777777777","777777777777","777777777777",1,1
37,370615,1,2,2,29,6,20,7,12,6,1,0,37,2,20,481,20481,31,2012,"1GC1KYEG2CF1","1","G","C","1","K","Y","E","G","2","C","F","1",0,0,0,"000000000","00000000000",0,0,0,1,0,0,0,0,0,0,0,35,0,0,0,12,6,2,12,0,0,0,1,37,27524,6,1,0,0,3,0,70,999,2,0,0,0,1,11,2013,2,2015,0,0,0,0,0,1,2,35,1,1,2,1,0,0,1,54,1,1,1,88,"777777777777","777777777777","777777777777",0,0
37,370615,2,2,1,29,6,20,7,12,6,1,0,37,2,98,702,98702,83,2007,"LUAHYF205710","L","U","A","H","Y","F","2","0","5","7","1","0",0,0,0,"000000000","00000000000",0,0,0,1,0,0,0,0,0,0,0,15,0,0,0,9,6,2,12,0,0,0,1,37,27524,0,0,0,0,1,0,61,999,0,0,0,0,0,0,0,0,0,0,38,0,0,0,1,2,35,1,1,2,1,0,0,1,54,1,1,1,89,"777777777777","777777777777","777777777777",1,1
37,370616,1,1,1,30,6,17,42,34,0,1,0,37,2,9,442,9442,20,1994,"1P4GH44R2RX1","1","P","4","G","H","4","4","R","2","R","X","1",0,0,0,"000000000","00000000000",0,0,0,1,0,0,0,0,0,0,0,60,0,1,5,1,6,2,34,0,0,0,1,37,28168,6,1,0,0,3,0,73,999,0,0,0,0,0,0,0,0,0,4,28,36,0,0,1,2,55,3,1,2,1,0,0,14,13,1,1,4,1,"777777777777","777777777777","777777777777",1,1
37,370617,1,1,1,3,6,7,39,35,0,1,0,37,1,76,739,76739,90,2004,"000000000000","0","0","0","0","0","0","0","0","0","0","0","0",0,0,0,"000000000","00000000000",0,0,0,1,0,0,0,0,0,0,0,40,0,0,0,12,6,2,35,0,0,0,1,37,28753,6,1,0,0,1,0,70,999,2,0,0,1,0,6,2011,11,2012,4,36,0,0,0,1,2,55,3,1,2,1,0,0,14,13,1,1,4,1,"777777777777","777777777777","777777777777",1,1
37,370618,1,1,1,8,6,7,23,25,0,1,0,37,2,12,401,12401,14,2016,"1FM5K8D8XGGA","1","F","M","5","K","8","D","8","X","G","G","A",0,0,0,"000000000","00000000000",0,0,0,1,0,0,0,0,0,0,0,55,0,0,0,12,6,2,25,0,0,0,1,37,28117,6,1,0,0,3,0,65,999,0,0,0,0,0,0,0,0,0,0,99,99,99,99,3,3,35,1,3,2,1,3,3,1,13,1,1,4,1,"777777777777","777777777777","777777777777",1,0
37,370619,1,2,1,19,6,21,55,12,1,1,0,37,1,7,472,7472,30,1999,"1B7GL22X8XS2","1","B","7","G","L","2","2","X","8","X","S","2",0,0,0,"000000000","00000000000",0,0,0,1,0,0,0,0,0,0,0,0,0,0,0,6,6,2,12,0,0,0,1,37,27526,4,1,5,0,2,0,72,999,0,0,0,0,2,4,2012,1,2016,0,54,0,0,0,2,2,65,1,1,2,1,0,0,5,98,1,1,1,21,"777777777777","777777777777","777777777777",1,0
37,370619,2,2,4,19,6,21,55,12,1,1,0,37,2,49,442,49442,20,2012,"5TDYK3DC0CS2","5","T","D","Y","K","3","D","C","0","C","S","2",0,0,0,"000000000","00000000000",0,0,0,1,0,0,0,0,0,0,0,70,0,0,0,12,6,2,12,0,0,0,1,37,27104,6,1,0,0,3,0,72,999,0,2,0,0,3,10,2011,5,2015,4,36,0,0,0,2,2,65,1,1,2,1,0,0,1,50,1,1,1,20,"777777777777","777777777777","777777777777",0,0
37,370620,1,1,2,22,6,16,38,59,0,1,0,37,2,20,20,20020,4,1995,"2G1WL52MXS91","2","G","1","W","L","5","2","M","X","S","9","1",0,0,0,"000000000","00000000000",0,0,0,1,0,0,0,0,0,0,0,55,0,0,0,3,6,2,42,0,0,0,1,37,28071,6,1,0,0,3,3,61,999,0,0,0,0,0,0,0,0,0,4,36,0,0,0,1,5,55,3,1,2,2,0,0,14,11,1,1,4,1,"777777777777","777777777777","777777777777",1,0
37,370621,1,1,2,23,6,12,19,59,0,1,0,1,1,37,706,37706,80,2003,"1HFSC47033A2","1","H","F","S","C","4","7","0","3","3","A","2",0,0,0,"000000000","00000000000",0,0,0,1,0,0,0,0,0,0,0,30,0,0,0,12,6,2,59,0,0,0,1,1,35501,6,1,0,0,3,3,72,187,0,0,0,0,0,0,0,0,0,4,36,0,0,0,1,2,30,3,1,2,1,0,0,14,13,1,1,4,1,"777777777777","777777777777","777777777777",1,0
37,370622,1,2,2,7,6,17,17,12,6,1,0,37,1,49,32,49032,4,1995,"1NXAE09B5SZ3","1","N","X","A","E","0","9","B","5","S","Z","3",0,0,0,"000000000","00000000000",0,0,0,1,0,0,0,0,0,0,0,80,0,0,0,3,6,2,12,0,0,0,1,37,28714,6,1,0,0,3,0,71,999,0,0,0,0,0,0,0,0,0,3,36,0,0,0,1,2,55,1,1,2,1,0,0,6,10,1,1,2,66,"777777777777","777777777777","777777777777",1,0
37,370622,2,2,2,7,6,17,17,12,6,1,0,37,1,12,471,12471,30,1999,"1FTZR15V8XTB","1","F","T","Z","R","1","5","V","8","X","T","B",0,0,0,"000000000","00000000000",0,0,0,1,0,0,0,0,0,0,0,66,0,0,0,12,6,2,12,0,0,0,1,37,28714,6,1,0,0,3,0,69,999,0,0,0,0,0,0,0,0,0,0,0,0,0,0,1,2,55,1,1,2,1,0,0,1,62,1,1,1,66,"777777777777","777777777777","777777777777",0,0
37,370623,1,2,1,23,5,16,31,12,6,1,0,37,1,12,23,12023,4,2015,"3FA6P0HD2FR1","3","F","A","6","P","0","H","D","2","F","R","1",0,0,0,"000000000","00000000000",0,0,0,1,0,0,0,0,0,0,0,20,0,0,0,12,6,2,12,0,0,0,1,37,27915,6,1,0,0,3,0,73,999,0,0,0,1,1,10,2011,11,2015,0,0,0,0,0,1,2,25,2,1,2,2,0,0,14,73,99,1,1,93,"777777777777","777777777777","777777777777",1,0
37,370623,2,2,1,23,5,16,31,12,6,1,0,37,2,12,481,12481,31,1997,"1FTDF1766VLA","1","F","T","D","F","1","7","6","6","V","L","A",0,0,0,"000000000","00000000000",0,0,0,1,0,0,0,0,0,0,0,5,0,0,0,5,4,5,12,0,0,0,1,12,32504,6,1,0,0,2,0,75,999,1,0,1,3,1,9,2012,7,2015,0,31,0,0,0,1,2,25,4,1,2,2,0,0,13,20,99,1,1,92,"777777777777","777777777777","777777777777",0,0
37,370624,1,2,2,25,5,9,36,12,1,1,0,37,2,14,17,14017,4,2002,"1MEFM50U52A6","1","M","E","F","M","5","0","U","5","2","A","6",0,0,0,"000000000","00000000000",0,0,0,1,0,0,0,0,0,0,0,80,0,0,0,12,6,2,12,0,0,1,1,37,28751,6,1,0,0,3,0,68,999,0,0,0,0,0,0,0,0,0,3,36,0,0,0,3,2,60,1,1,2,1,0,0,1,11,99,1,2,24,"777777777777","777777777777","777777777777",0,0
37,370624,2,2,1,25,5,9,36,12,1,1,0,37,1,49,472,49472,30,2004,"5TENL42N94Z3","5","T","E","N","L","4","2","N","9","4","Z","3",0,0,0,"000000000","00000000000",0,0,0,1,0,0,0,0,0,0,0,60,0,1,5,6,6,2,12,0,0,0,1,37,28789,6,1,0,0,3,0,72,999,0,0,0,0,0,0,0,0,0,0,0,0,0,0,3,2,60,1,1,2,1,0,0,1,61,99,1,1,25,"777777777777","777777777777","777777777777",1,0
37,370625,1,1,1,27,5,23,18,8,0,1,0,37,2,22,403,22403,14,2006,"2CKDL63F8660","2","C","K","D","L","6","3","F","8","6","6","0",0,0,0,"000000000","00000000000",0,0,0,1,0,0,0,0,0,0,0,35,0,0,0,12,4,5,8,0,0,0,1,13,30034,1,1,0,0,2,0,72,198,98,0,0,0,0,0,0,0,0,0,0,0,0,0,1,4,35,1,1,2,1,0,0,1,80,15,1,1,13,"777777777777","777777777777","777777777777",0,0
37,370626,1,2,1,25,5,9,59,12,7,1,0,42,1,65,31,65031,2,2016,"WMEFJ5DA1GK0","W","M","E","F","J","5","D","A","1","G","K","0",0,0,0,"000000000","00000000000",0,0,0,1,0,0,0,0,0,0,0,70,0,1,5,1,6,2,1,0,0,0,1,42,17233,6,1,0,0,3,0,73,999,0,0,0,0,0,0,0,0,0,0,27,0,0,0,3,2,70,1,1,2,1,0,0,15,11,99,1,2,47,"777777777777","777777777777","777777777777",1,0
37,370626,2,2,3,25,5,9,59,12,7,1,0,37,1,63,441,63441,20,2005,"KNDUP1324566","K","N","D","U","P","1","3","2","4","5","6","6",0,0,0,"000000000","00000000000",0,0,0,1,0,0,0,0,0,0,0,70,0,1,5,7,6,2,1,0,0,0,1,37,27020,6,1,0,0,3,0,63,999,0,0,0,0,0,0,0,0,0,0,0,0,0,0,3,2,70,1,1,2,1,0,0,1,61,99,1,1,45,"777777777777","777777777777","777777777777",0,0
37,370627,1,1,3,15,6,20,4,42,0,1,0,37,2,23,401,23401,14,2004,"1GKDS13S0424","1","G","K","D","S","1","3","S","0","4","2","4",0,0,0,"000000000","00000000000",0,0,0,1,0,0,0,0,0,0,0,55,0,0,0,9,6,2,42,0,0,0,1,37,27249,6,1,0,0,3,0,72,999,0,0,0,1,0,4,2014,4,2014,4,58,0,0,0,1,2,50,1,1,2,2,0,0,1,13,99,1,4,1,"777777777777","777777777777","777777777777",1,1
37,370628,1,1,1,27,6,18,0,34,0,1,0,37,2,49,40,49040,4,1997,"4T1BG22K0VU1","4","T","1","B","G","2","2","K","0","V","U","1",0,0,0,"000000000","00000000000",0,0,0,1,0,0,0,0,0,0,0,55,0,1,5,61,6,2,1,0,0,0,1,37,27312,6,1,0,0,3,0,73,999,0,0,0,0,0,0,0,0,0,0,28,0,0,0,1,2,55,2,1,2,1,0,0,14,12,99,1,4,6,"777777777777","777777777777","777777777777",1,0
37,370629,1,3,1,26,6,1,36,12,8,1,0,12,1,49,32,49032,4,2013,"2T1BU4EE4DC9","2","T","1","B","U","4","E","E","4","D","C","9",0,0,0,"000000000","00000000000",0,0,0,1,0,0,0,0,0,0,0,65,0,0,0,1,6,2,12,0,0,0,1,12,33174,1,1,5,0,2,0,68,999,0,3,0,0,0,10,2015,12,2015,3,28,51,0,0,3,2,45,1,3,2,1,0,0,1,17,99,1,1,66,"777777777777","777777777777","777777777777",0,1
37,370629,2,3,2,26,6,1,36,12,8,1,0,47,1,72,706,72706,80,1999,"1HD1FRW15XY6","1","H","D","1","F","R","W","1","5","X","Y","6",0,0,0,"000000000","00000000000",0,0,0,1,0,0,0,0,0,0,0,45,0,0,0,81,6,2,12,0,0,0,1,21,42001,6,1,0,0,2,0,70,175,0,0,0,0,0,0,0,0,0,0,0,0,0,0,3,2,45,1,3,2,1,0,0,1,54,99,1,1,66,"777777777777","777777777777","777777777777",2,0
37,370629,3,3,1,26,6,1,36,12,8,1,0,37,2,54,36,54036,4,2000,"JH4KA9650YC0","J","H","4","K","A","9","6","5","0","Y","C","0",0,0,0,"000000000","00000000000",0,0,0,1,0,0,0,0,0,0,0,40,0,0,0,12,6,2,12,0,0,0,1,37,28376,6,1,0,0,3,0,68,999,0,0,0,0,0,0,0,0,0,0,0,0,0,0,3,2,45,1,3,2,1,0,0,1,62,99,1,1,98,"777777777777","777777777777","777777777777",0,0
37,370630,1,3,6,29,6,20,6,12,6,1,0,37,2,12,3,12003,2,2000,"1FAFP4040YF1","1","F","A","F","P","4","0","4","0","Y","F","1",0,0,0,"000000000","00000000000",0,0,0,1,0,0,0,0,0,0,0,62,0,1,1,3,6,2,12,0,0,0,1,37,28303,6,1,0,0,3,0,70,999,0,0,0,0,1,4,2016,4,2016,3,28,36,0,0,1,5,45,1,1,2,1,0,0,1,6,99,4,2,64,"777777777777","777777777777","777777777777",4,0
37,370630,2,3,1,29,6,20,6,12,6,1,0,37,1,63,37,63037,6,2013,"KNDJT2A51D76","K","N","D","J","T","2","A","5","1","D","7","6",0,0,0,"000000000","00000000000",0,0,0,1,0,0,0,0,0,0,0,49,0,0,0,12,6,2,12,0,0,0,1,37,28314,6,1,0,0,3,0,64,999,1,0,0,0,0,11,2014,11,2014,0,0,0,0,0,1,5,45,1,1,2,1,0,0,1,62,99,1,1,65,"777777777777","777777777777","777777777777",1,0
37,370630,3,3,1,29,6,20,6,12,6,1,0,37,1,12,16,12016,4,1995,"2FALP74W2SX1","2","F","A","L","P","7","4","W","2","S","X","1",0,0,0,"000000000","00000000000",0,0,0,1,0,0,0,0,0,0,0,45,0,0,0,9,6,2,12,0,0,0,1,37,28314,1,1,0,0,2,0,66,999,1,3,0,4,2,9,2011,6,2016,0,0,0,0,0,1,5,45,1,1,2,1,0,0,1,62,99,1,1,98,"777777777777","777777777777","777777777777",0,0
37,370631,1,2,7,21,6,14,42,12,6,1,0,37,2,20,431,20431,16,2002,"3GNFK16Z02G2","3","G","N","F","K","1","6","Z","0","2","G","2",0,0,0,"000000000","00000000000",0,0,0,1,0,0,0,0,0,0,0,55,0,0,0,12,6,2,12,0,0,0,1,37,27949,6,1,0,0,3,3,66,999,0,0,0,0,1,6,2014,6,2014,0,0,0,0,0,1,5,55,2,1,2,1,0,0,14,62,99,1,1,65,"777777777777","777777777777","777777777777",0,0
37,370631,2,2,1,21,6,14,42,12,6,1,0,51,2,42,48,42048,4,1999,"WDBJF65H2XA7","W","D","B","J","F","6","5","H","2","X","A","7",0,0,0,"000000000","00000000000",0,0,0,1,0,0,0,0,0,0,0,65,0,0,0,9,6,2,12,0,0,0,1,51,22952,6,1,0,0,3,0,70,160,0,0,0,0,0,0,0,0,0,3,28,58,0,0,1,5,55,3,1,2,1,0,0,14,10,99,1,6,64,"777777777777","777777777777","777777777777",1,0
37,370632,1,1,1,24,6,23,54,33,0,1,0,37,2,20,9,20009,2,2014,"2G1FK1EJ2E92","2","G","1","F","K","1","E","J","2","E","9","2",0,0,0,"000000000","00000000000",0,0,0,1,0,0,0,0,0,0,0,125,0,0,0,12,6,2,35,0,0,1,1,37,27406,1,1,0,0,2,0,69,999,0,4,0,1,0,7,2011,11,2011,0,36,37,0,0,1,2,35,1,2,2,1,0,0,1,13,99,1,4,1,"777777777777","777777777777","777777777777",1,1
37,370633,1,1,1,27,6,21,12,8,0,1,0,37,2,41,35,41035,4,2002,"JM1BJ2254215","J","M","1","B","J","2","2","5","4","2","1","5",0,0,0,"000000000","00000000000",0,0,0,1,0,0,0,0,0,0,0,55,0,0,0,12,6,2,8,0,0,0,1,37,27546,6,1,0,0,3,3,70,999,3,0,0,1,0,7,2013,6,2016,0,0,0,0,0,1,2,55,1,1,2,1,0,0,6,80,99,1,2,13,"777777777777","777777777777","777777777777",0,0
37,370634,1,1,1,24,6,1,53,8,0,1,1,37,1,12,481,12481,31,2013,"1FT7W2BT3DEA","1","F","T","7","W","2","B","T","3","D","E","A",0,0,0,"000000000","00000000000",0,0,0,1,0,0,0,0,0,0,0,45,0,0,0,12,4,5,8,0,0,0,1,37,27316,6,1,0,0,3,3,62,999,0,3,1,1,2,7,2013,9,2015,0,0,0,0,0,1,5,45,1,1,2,2,0,0,1,80,99,1,1,13,"777777777777","777777777777","777777777777",0,0
37,370635,1,1,2,18,6,18,56,1,0,1,0,37,2,20,421,20421,15,2003,"1GNDT13X33K1","1","G","N","D","T","1","3","X","3","3","K","1",0,0,0,"000000000","00000000000",0,0,0,1,0,0,0,0,0,0,0,60,0,2,1,0,6,2,1,0,0,0,1,37,28138,6,1,0,0,3,0,69,999,0,0,0,0,0,0,0,0,0,4,58,0,0,0,1,2,55,3,2,2,1,0,0,14,12,99,3,2,98,"777777777777","777777777777","777777777777",1,0
37,370636,1,2,1,1,7,13,45,12,8,1,0,37,1,12,481,12481,31,2002,"1FTRF18252NB","1","F","T","R","F","1","8","2","5","2","N","B",0,0,0,"000000000","00000000000",0,0,0,1,0,0,0,0,0,0,0,55,0,0,0,11,6,2,12,0,0,0,1,37,28655,6,1,0,0,3,0,72,999,0,0,0,0,0,0,0,0,0,0,36,0,0,0,1,2,55,2,2,2,1,0,0,14,10,99,1,2,64,"777777777777","777777777777","777777777777",0,0
37,370636,2,2,1,1,7,13,45,12,8,1,0,45,2,49,44,49044,1,2005,"4T1FA38P05U0","4","T","1","F","A","3","8","P","0","5","U","0",0,0,0,"000000000","00000000000",0,0,0,1,0,0,0,0,0,0,0,45,0,0,0,11,6,2,12,0,0,0,1,45,29501,6,1,0,0,3,3,68,124,0,0,0,0,0,0,0,0,0,0,0,0,0,0,1,2,55,3,2,2,1,0,0,14,62,99,1,1,65,"777777777777","777777777777","777777777777",1,0
37,370637,1,1,1,7,7,21,36,8,0,1,1,37,2,7,482,7482,31,2005,"1D7HA18N45S2","1","D","7","H","A","1","8","N","4","5","S","2",0,0,0,"000000000","00000000000",0,0,0,1,0,0,0,0,0,0,0,50,0,0,0,12,4,5,8,0,0,0,1,37,28630,6,1,0,0,3,0,73,999,0,0,0,0,0,0,0,0,0,0,0,0,0,0,1,2,45,1,1,2,1,0,0,1,80,1,1,1,13,"777777777777","777777777777","777777777777",0,0
37,370638,1,1,1,2,7,6,59,32,0,1,0,12,2,37,32,37032,4,2005,"1HGCM56485A0","1","H","G","C","M","5","6","4","8","5","A","0",0,0,0,"000000000","00000000000",0,0,0,1,0,0,0,0,0,0,0,75,0,0,0,12,6,2,42,0,0,0,1,37,27320,1,1,0,0,2,0,65,999,0,10,0,2,6,9,2011,3,2015,3,28,36,0,0,1,2,50,1,1,2,1,0,0,1,10,1,1,4,6,"777777777777","777777777777","777777777777",1,0
37,370639,1,2,1,12,7,9,36,12,6,1,0,37,2,18,22,18022,4,2010,"1G4GE5EV7AF2","1","G","4","G","E","5","E","V","7","A","F","2",0,0,0,"000000000","00000000000",0,0,0,1,0,0,0,0,0,0,0,45,0,0,0,9,6,2,12,0,0,0,1,37,28673,6,1,0,0,3,0,65,999,0,0,0,0,0,0,0,0,0,0,39,0,0,0,1,2,45,4,1,2,1,3,3,14,17,1,1,1,89,"777777777777","777777777777","777777777777",0,0