"STATE","ST_CASE","VEH_NO","VE_FORMS","NUMOCCS","DAY","MONTH","HOUR","MINUTE","HARM_EV","MAN_COLL","UNITTYPE","HIT_RUN","REG_STAT","OWNER","MAKE","MODEL","MAK_MOD","BODY_TYP","MOD_YEAR","VIN","VIN_1","VIN_2","VIN_3","VIN_4","VIN_5","VIN_6","VIN_7","VIN_8","VIN_9","VIN_10","VIN_11","VIN_12","TOW_VEH","J_KNIFE","MCARR_I1","MCARR_I2","MCARR_ID","GVWR","V_CONFIG","CARGO_BT","HAZ_INV","HAZ_PLAC","HAZ_ID","HAZ_CNO","HAZ_REL","BUS_USE","SPEC_USE","EMER_USE","TRAV_SP","UNDERIDE","ROLLOVER","ROLINLOC","IMPACT1","DEFORMED","TOWED","M_HARM","VEH_SC1","VEH_SC2","FIRE_EXP","DR_PRES","L_STATE","DR_ZIP","L_STATUS","L_TYPE","CDL_STAT","L_ENDORS","L_COMPL","L_RESTRI","DR_HGT","DR_WGT","PREV_ACC","PREV_SUS","PREV_DWI","PREV_SPD","PREV_OTH","FIRST_MO","FIRST_YR","LAST_MO","LAST_YR","SPEEDREL","DR_SF1","DR_SF2","DR_SF3","DR_SF4","VTRAFWAY","VNUM_LAN","VSPD_LIM","VALIGN","VPROFILE","VPAVETYP","VSURCOND","VTRAFCON","VTCONT_F","P_CRASH1","P_CRASH2","P_CRASH3","PCRASH4","PCRASH5","ACC_TYPE","TRLR1VIN","TRLR2VIN","TRLR3VIN","DEATHS","DR_DRINK"
37,370673,2,3,1,10,7,16,29,12,1,1,0,47,1,35,48,35048,2,2015,"JN1AZ4EH6FM4","J","N","1","A","Z","4","E","H","6","F","M","4",0,0,0,"000000000","00000000000",0,0,0,1,0,0,0,0,0,0,0,0,0,0,0,6,6,2,12,0,0,0,1,47,37742,6,1,0,0,3,0,71,240,2,0,0,0,0,4,2012,7,2012,0,0,0,0,0,1,2,30,1,2,2,1,0,0,5,53,1,1,1,21,"777777777777","777777777777","777777777777",0,0
37,370673,3,3,2,10,7,16,29,12,1,1,0,47,1,7,482,7482,31,2014,"1C6RR6FT0ES1","1","C","6","R","R","6","F","T","0","E","S","1",0,0,0,"000000000","00000000000",0,0,0,1,0,0,0,0,0,0,0,30,0,0,0,12,4,5,12,0,0,0,1,47,37721,6,1,0,0,3,0,76,350,1,0,0,0,0,12,2013,12,2013,0,0,0,0,0,1,2,30,1,2,2,1,0,0,1,62,99,1,1,98,"777777777777","777777777777","777777777777",0,0
37,370674,1,1,1,3,7,3,29,33,0,1,0,37,3,20,22,20022,4,2009,"1G1AT58H7972","1","G","1","A","T","5","8","H","7","9","7","2",0,0,0,"000000000","00000000000",0,0,0,1,0,0,0,0,0,0,0,60,0,0,0,14,6,2,42,0,0,0,1,36,11691,0,0,0,0,0,0,70,999,0,0,0,0,0,0,0,0,0,3,36,0,0,0,1,7,45,1,2,2,2,0,0,1,13,99,1,4,1,"777777777777","777777777777","777777777777",1,1
37,370675,1,1,1,4,7,20,38,34,0,1,0,37,1,54,31,54031,3,1996,"JH4DC4454TS0","J","H","4","D","C","4","4","5","4","T","S","0",0,0,0,"000000000","00000000000",0,0,0,1,0,0,0,0,0,0,0,65,0,1,5,1,6,2,42,0,0,0,1,37,27591,6,1,0,0,3,0,66,999,0,0,0,0,0,0,0,0,0,3,58,0,0,0,1,2,55,3,2,2,1,0,0,14,12,99,1,4,6,"777777777777","777777777777","777777777777",1,0
37,370676,1,2,1,7,7,18,51,12,6,1,0,48,3,82,881,82881,66,2015,"1FUJGLD50FLG","1","F","U","J","G","L","D","5","0","F","L","G",0,0,57,"007989","57007989",3,5,96,1,0,0,0,0,0,0,0,50,0,0,0,12,6,2,12,0,0,0,1,48,75218,6,1,3,0,3,0,999,999,0,0,0,0,1,5,2013,5,2013,0,0,0,0,0,1,2,55,2,1,2,2,0,0,14,62,99,1,1,65,"777777777777","777777777777","777777777777",0,0
37,370676,2,2,1,7,7,18,51,12,6,1,0,37,2,49,32,49032,4,2004,"2T1BR32E94C3","2","T","1","B","R","3","2","E","9","4","C","3",0,0,0,"000000000","00000000000",0,0,0,1,0,0,0,0,0,0,0,55,0,0,0,9,6,2,12,0,0,0,1,37,28365,0,0,0,0,0,0,999,999,0,0,0,0,0,0,0,0,0,4,58,0,0,0,1,2,55,3,1,2,2,0,0,14,6,99,2,2,64,"777777777777","777777777777","777777777777",1,0
37,370677,1,1,2,3,7,22,5,53,0,1,0,37,2,20,37,20037,4,2006,"1G1ZS51F06F1","1","G","1","Z","S","5","1","F","0","6","F","1",0,0,0,"000000000","00000000000",0,0,0,1,0,0,0,0,0,0,0,70,0,1,5,81,6,2,1,0,0,0,1,37,27893,0,0,0,0,0,0,66,999,0,0,0,0,0,0,0,0,0,0,58,0,0,0,1,2,45,1,1,2,1,0,0,1,12,99,1,4,6,"777777777777","777777777777","777777777777",1,1
37,370678,1,1,1,25,4,21,45,38,0,1,0,37,1,7,482,7482,31,2008,"1D7HA18218S6","1","D","7","H","A","1","8","2","1","8","S","6",0,0,0,"000000000","00000000000",0,0,0,1,0,0,0,0,0,0,0,85,0,0,0,1,6,2,42,0,0,0,1,37,28376,6,1,0,0,3,3,68,999,1,0,0,0,0,4,2014,4,2014,3,6,36,0,0,1,2,55,1,1,2,1,0,0,1,13,16,2,4,1,"777777777777","777777777777","777777777777",1,1
37,370679,1,4,1,28,6,12,21,12,1,1,0,37,3,51,881,51881,63,2002,"4V5KC9UH52N3","4","V","5","K","C","9","U","H","5","2","N","3",0,0,57,"2473475","572473475",3,2,4,1,0,0,0,0,0,0,0,55,0,0,0,12,6,2,12,0,0,0,1,37,28306,6,1,6,1,3,0,75,999,1,0,0,1,1,1,2014,2,2016,0,0,0,0,0,1,2,55,1,1,2,2,0,0,1,62,1,1,1,98,"777777777777","777777777777","777777777777",0,0
37,370679,2,4,1,28,6,12,21,12,1,1,0,37,1,49,40,49040,4,2014,"4T1BF1FK9EU4","4","T","1","B","F","1","F","K","9","E","U","4",0,0,0,"000000000","00000000000",0,0,0,1,0,0,0,0,0,0,0,35,0,1,5,6,6,2,12,0,0,0,1,37,28312,6,1,0,0,3,0,64,999,0,0,0,0,0,0,0,0,0,0,0,0,0,0,1,2,55,1,1,2,2,0,0,1,53,1,1,1,25,"777777777777","777777777777","777777777777",1,0
37,370679,3,4,1,28,6,12,21,12,1,1,0,37,2,49,32,49032,4,1997,"1NXBA02EXVZ6","1","N","X","B","A","0","2","E","X","V","Z","6",0,0,0,"000000000","00000000000",0,0,0,1,0,0,0,0,0,0,0,55,0,0,0,12,6,2,38,0,0,0,1,37,28306,6,1,0,0,3,0,67,999,1,0,0,0,1,8,2015,5,2016,0,26,0,0,0,1,2,55,1,1,2,2,0,0,1,13,7,1,4,98,"777777777777","777777777777","777777777777",0,0
37,370679,4,4,2,28,6,12,21,12,1,1,1,37,2,12,3,12003,2,1999,"1FAFP4448XF2","1","F","A","F","P","4","4","4","8","X","F","2",0,0,0,"000000000","00000000000",0,0,0,1,0,0,0,0,0,0,0,55,0,0,0,12,6,2,12,0,0,0,1,37,28312,1,1,0,0,2,0,66,999,0,1,0,0,1,12,2011,1,2013,0,36,0,0,0,1,2,55,1,1,2,2,0,0,1,51,1,1,1,24,"777777777777","777777777777","777777777777",0,0
37,370680,1,1,1,26,6,3,59,34,0,1,0,37,2,49,32,49032,4,1995,"1NXAE09B7SZ3","1","N","X","A","E","0","9","B","7","S","Z","3",0,0,0,"000000000","00000000000",0,0,0,1,0,0,0,0,0,0,0,60,0,1,5,1,6,2,1,0,0,0,1,37,28578,0,0,0,0,0,0,999,999,0,1,0,1,5,2,2015,4,2016,4,36,0,0,0,1,2,55,2,2,2,1,0,0,14,13,1,1,4,1,"777777777777","777777777777","777777777777",1,1
37,370681,1,2,1,17,6,12,40,12,1,1,0,31,3,85,881,85881,66,2012,"1XKAD49X9CJ3","1","X","K","A","D","4","9","X","9","C","J","3",1,1,57,"53467","5753467",3,6,2,1,0,0,0,0,0,0,0,5,0,0,0,6,2,5,12,0,0,0,1,12,33309,6,1,6,0,3,0,66,999,0,0,0,1,1,8,2012,6,2014,0,38,0,0,0,3,3,65,1,2,2,1,0,0,2,18,1,1,1,29,"888888888888","777777777777","777777777777",0,0
37,370681,2,2,2,17,6,12,40,12,1,1,0,37,3,23,898,23898,71,1999,"JALC4B145X70","J","A","L","C","4","B","1","4","5","X","7","0",0,0,88,"888888888","88888888888",2,19,98,1,0,0,0,0,0,0,0,65,0,0,0,12,6,2,12,0,0,0,1,37,28152,6,1,0,0,3,0,66,999,2,0,0,0,0,9,2011,5,2016,0,0,0,0,0,3,3,65,1,2,2,1,0,0,1,52,1,1,1,28,"777777777777","777777777777","777777777777",1,0
37,370682,1,2,2,29,7,5,51,12,8,1,0,37,1,24,401,24401,14,2002,"5GZCZ63B52S8","5","G","Z","C","Z","6","3","B","5","2","S","8",0,0,0,"000000000","00000000000",0,0,0,1,0,0,0,0,0,0,0,55,0,0,0,11,6,2,12,0,0,0,1,37,28636,6,1,0,0,3,0,62,999,1,0,0,1,0,10,2011,12,2015,0,28,0,0,0,1,2,55,1,1,2,1,0,0,1,10,1,1,2,64,"777777777777","777777777777","777777777777",0,0
37,370682,2,2,1,29,7,5,51,12,8,1,0,37,1,37,32,37032,4,1991,"JHMCB7686MC0","J","H","M","C","B","7","6","8","6","M","C","0",0,0,0,"000000000","00000000000",0,0,0,1,0,0,0,0,0,0,0,55,0,0,0,11,6,2,12,0,0,0,1,37,28681,6,1,0,0,3,3,68,999,0,0,0,0,0,0,0,0,0,0,0,0,0,0,1,2,55,1,1,2,1,0,0,1,62,1,1,1,65,"777777777777","777777777777","777777777777",1,1
37,370683,1,2,1,24,7,21,7,12,8,1,0,37,2,37,32,37032,4,1998,"1HGCG1650WA0","1","H","G","C","G","1","6","5","0","W","A","0",0,0,0,"000000000","00000000000",0,0,0,1,0,0,0,0,0,0,0,55,0,0,0,11,6,2,12,0,0,0,1,37,28444,6,1,0,0,3,0,65,999,0,0,0,0,0,0,0,0,0,0,28,0,0,0,1,2,55,1,1,2,1,0,0,1,10,1,1,2,64,"777777777777","777777777777","777777777777",1,0
37,370683,2,2,1,24,7,21,7,12,8,1,0,37,1,48,47,48047,4,2015,"JF1VA2L68F98","J","F","1","V","A","2","L","6","8","F","9","8",0,0,0,"000000000","00000000000",0,0,0,1,0,0,0,0,0,0,0,55,0,0,0,11,6,2,12,0,0,0,1,37,28472,6,1,0,0,3,3,66,999,0,0,0,0,0,0,0,0,0,0,0,0,0,0,1,2,55,1,1,2,1,0,0,1,62,1,1,1,65,"777777777777","777777777777","777777777777",0,0
37,370684,1,1,2,31,7,23,4,8,0,1,0,45,2,35,47,35047,4,2015,"1N4AL3APXFC1","1","N","4","A","L","3","A","P","X","F","C","1",0,0,0,"000000000","00000000000",0,0,0,1,0,0,0,0,0,0,0,45,0,0,0,2,4,3,8,0,0,0,1,45,29526,6,1,0,0,3,0,63,140,0,0,0,0,0,0,0,0,0,0,0,0,0,0,1,2,45,2,1,2,1,0,0,14,80,1,1,1,13,"777777777777","777777777777","777777777777",0,0
37,370685,1,1,1,30,7,0,32,35,0,1,0,37,1,37,402,37402,14,2004,"SHSRD68454U2","S","H","S","R","D","6","8","4","5","4","U","2",0,0,0,"000000000","00000000000",0,0,0,1,0,0,0,0,0,0,0,70,0,1,5,2,6,2,1,0,0,0,1,37,28778,6,1,0,0,3,0,62,999,1,0,0,0,0,1,2015,1,2015,3,36,0,0,0,1,5,45,3,1,2,1,0,0,14,13,1,1,4,1,"777777777777","777777777777","777777777777",1,1
37,370686,1,1,1,24,7,17,45,1,0,1,0,37,1,72,706,72706,80,2013,"1HD1FFM11DB6","1","H","D","1","F","F","M","1","1","D","B","6",0,0,0,"000000000","00000000000",0,0,0,1,0,0,0,0,0,0,0,70,0,0,0,0,6,2,1,0,0,0,1,37,28521,6,1,0,0,3,0,67,999,0,1,0,0,4,10,2011,8,2015,3,36,0,0,0,1,2,55,1,1,2,1,0,0,1,9,1,1,1,98,"777777777777","777777777777","777777777777",1,1
37,370687,1,1,1,28,7,22,2,32,0,1,0,37,1,53,705,53705,80,2006,"JS1GN7DAX621","J","S","1","G","N","7","D","A","X","6","2","1",0,0,0,"000000000","00000000000",0,0,0,1,0,0,0,0,0,0,0,65,0,0,0,3,6,2,32,0,0,0,1,37,28601,6,1,0,0,3,3,70,999,0,1,0,1,2,10,2012,10,2014,3,36,0,0,0,1,2,45,3,2,2,1,0,0,14,13,1,1,4,1,"777777777777","777777777777","777777777777",1,0
37,370688,1,1,1,21,7,4,56,8,0,1,0,37,1,7,482,7482,31,1999,"3B7HC12YXXG2","3","B","7","H","C","1","2","Y","X","X","G","2",0,0,0,"000000000","00000000000",0,0,0,1,0,0,0,0,0,0,0,42,0,0,0,12,2,5,8,0,0,0,1,37,28086,6,1,6,0,3,0,65,999,2,0,0,0,1,7,2012,12,2013,3,36,0,0,0,1,4,35,1,3,2,1,0,0,1,80,8,1,2,13,"777777777777","777777777777","777777777777",0,0
37,370689,1,2,1,29,7,17,57,12,6,1,0,37,2,7,472,7472,31,1997,"1B7GL23X4VS3","1","B","7","G","L","2","3","X","4","V","S","3",0,0,0,"000000000","00000000000",0,0,0,1,0,0,0,0,0,0,0,25,0,0,0,4,6,2,12,0,0,0,1,37,27360,6,1,0,0,3,0,62,999,0,0,0,0,0,0,0,0,0,0,38,0,0,0,1,2,55,1,1,2,1,0,0,11,15,1,1,1,68,"777777777777","777777777777","777777777777",0,0
37,370689,2,2,1,29,7,17,57,12,6,1,0,37,1,53,706,53706,80,2008,"JS1VS55A4821","J","S","1","V","S","5","5","A","4","8","2","1",0,0,0,"000000000","00000000000",0,0,0,1,0,0,0,0,0,0,0,45,0,0,0,12,6,2,12,0,0,0,1,37,28438,6,1,0,0,3,0,70,999,0,0,0,0,0,0,0,0,0,0,0,0,0,0,1,2,55,1,1,2,1,0,0,1,54,1,1,1,69,"777777777777","777777777777","777777777777",1,0
37,370690,1,2,1,10,7,9,50,12,6,1,0,37,1,20,22,20022,4,2008,"1G1AK58F4871","1","G","1","A","K","5","8","F","4","8","7","1",0,0,0,"000000000","00000000000",0,0,0,1,0,0,0,0,0,0,0,65,0,0,0,1,6,2,42,0,0,0,1,37,28312,6,1,0,0,3,0,69,999,0,0,0,0,0,0,0,0,0,3,36,0,0,0,1,2,55,1,2,2,1,0,0,6,10,1,1,2,73,"777777777777","777777777777","777777777777",1,0
37,370690,2,2,2,10,7,9,50,12,6,1,0,37,1,20,2,20002,4,2009,"2G1WB57K2911","2","G","1","W","B","5","7","K","2","9","1","1",0,0,0,"000000000","00000000000",0,0,0,1,0,0,0,0,0,0,0,55,0,0,0,9,6,2,12,0,0,0,1,37,28391,6,1,0,0,3,3,69,999,0,0,0,0,0,0,0,0,0,0,0,0,0,0,1,2,55,1,2,2,1,0,0,11,53,1,1,1,72,"777777777777","777777777777","777777777777",0,0
37,370691,1,1,1,18,7,18,32,42,0,1,0,18,3,82,881,82881,66,2014,"3AKJGBDV0ESB","3","A","K","J","G","B","D","V","0","E","S","B",1,3,57,"28406","5728406",3,6,1,1,0,0,0,0,0,0,0,65,0,0,0,12,6,2,2,0,0,1,1,37,27520,6,1,6,0,3,1,67,999,0,0,0,0,0,0,0,0,0,0,99,99,99,99,3,2,65,1,1,2,1,0,0,1,13,1,1,4,1,"888888888888","777777777777","777777777777",1,0
37,370692,1,2,2,9,7,15,22,12,6,1,0,37,1,12,17,12017,4,2003,"1FAFP55U53A2","1","F","A","F","P","5","5","U","5","3","A","2",0,0,0,"000000000","00000000000",0,0,0,1,0,0,0,0,0,0,0,20,0,0,0,3,6,2,12,0,0,0,1,37,27205,6,1,0,0,3,3,76,999,0,0,0,0,0,0,0,0,0,0,38,0,0,0,1,2,55,1,2,2,1,20,3,4,17,1,1,1,87,"777777777777","777777777777","777777777777",1,0
37,370692,2,2,1,9,7,15,22,12,6,1,0,37,1,12,3,12003,2,2006,"1ZVFT82H6651","1","Z","V","F","T","8","2","H","6","6","5","1",0,0,0,"000000000","00000000000",0,0,0,1,0,0,0,0,0,0,0,55,0,0,0,12,6,2,12,0,0,0,1,37,27360,6,1,0,0,3,3,68,999,1,0,0,0,0,9,2013,9,2013,0,0,0,0,0,1,2,55,1,2,2,1,0,0,1,54,1,1,1,86,"777777777777","777777777777","777777777777",0,0
37,370693,1,2,1,13,7,12,8,12,6,1,0,37,1,18,23,18023,4,2010,"1G4HA5EM9AU1","1","G","4","H","A","5","E","M","9","A","U","1",0,0,0,"000000000","00000000000",0,0,0,1,0,0,0,0,0,0,0,30,0,0,0,12,6,2,12,0,0,0,1,37,27360,6,1,0,0,3,3,69,999,1,0,0,0,0,4,2014,4,2014,0,39,0,0,0,1,2,35,1,1,2,1,3,3,1,17,1,1,1,88,"777777777777","777777777777","777777777777",0,0
37,370693,2,2,1,13,7,12,8,12,6,1,0,37,1,37,32,37032,4,1992,"1HGCB7642NA0","1","H","G","C","B","7","6","4","2","N","A","0",0,0,0,"000000000","00000000000",0,0,0,1,0,0,0,0,0,0,0,10,0,0,0,8,6,2,12,0,0,0,1,37,27360,6,1,0,0,3,0,74,999,1,0,0,0,0,3,2015,3,2015,0,0,0,0,0,1,2,35,1,1,2,1,3,3,4,66,1,1,1,89,"777777777777","777777777777","777777777777",1,0
37,370694,1,3,2,28,7,22,18,12,7,1,0,34,2,49,44,49044,2,2004,"4T1CA30P94U0","4","T","1","C","A","3","0","P","9","4","U","0",0,0,0,"000000000","00000000000",0,0,0,1,0,0,0,0,0,0,0,95,0,0,0,1,6,2,42,0,0,1,1,12,32810,6,1,0,0,3,0,73,999,0,0,0,0,0,0,0,0,0,3,36,0,0,0,2,3,70,1,1,2,1,0,0,16,11,1,1,2,44,"777777777777","777777777777","777777777777",2,0
37,370694,2,3,6,28,7,22,18,12,7,1,0,24,1,49,442,49442,20,2008,"5TDZK22C18S1","5","T","D","Z","K","2","2","C","1","8","S","1",0,0,0,"000000000","00000000000",0,0,0,1,0,0,0,0,0,0,0,60,0,0,0,7,2,5,12,0,0,0,1,24,21208,6,1,0,0,3,0,74,235,0,0,0,0,0,0,0,0,0,0,0,0,0,0,2,3,70,1,1,2,1,0,0,1,61,1,1,1,45,"777777777777","777777777777","777777777777",0,0
37,370694,3,3,2,28,7,22,18,12,7,1,0,37,1,12,481,12481,31,2006,"1FTWW32P46EC","1","F","T","W","W","3","2","P","4","6","E","C",0,0,0,"000000000","00000000000",0,0,0,1,0,0,0,0,0,0,0,70,0,0,0,3,2,5,12,0,0,0,1,37,28107,6,1,0,0,3,0,72,999,0,0,0,2,3,5,2012,10,2014,0,0,0,0,0,2,3,70,1,1,2,1,0,0,1,60,1,1,1,98,"777777777777","777777777777","777777777777",0,0
37,370695,1,1,1,10,7,15,10,32,0,1,0,37,1,72,706,72706,80,2015,"1HD1MAL16FB8","1","H","D","1","M","A","L","1","6","F","B","8",0,0,0,"000000000","00000000000",0,0,0,1,0,0,0,0,0,0,0,55,0,0,0,12,6,2,1,0,0,0,1,37,28466,6,1,0,0,3,0,70,999,0,0,0,0,2,11,2013,10,2015,0,99,99,99,99,1,2,55,1,1,2,1,0,0,1,13,1,1,4,1,"777777777777","777777777777","777777777777",1,0
37,370696,1,1,1,23,7,13,29,34,0,1,0,37,1,20,481,20481,31,2000,"1GCEC19T0YZ2","1","G","C","E","C","1","9","T","0","Y","Z","2",0,0,0,"000000000","00000000000",0,0,0,1,0,0,0,0,0,0,0,55,0,0,0,12,6,2,34,0,0,0,1,37,28525,6,1,0,0,3,0,72,999,1,0,0,0,1,10,2012,7,2013,0,58,0,0,0,1,2,55,1,1,2,1,0,0,1,13,1,1,4,6,"777777777777","777777777777","777777777777",1,0
37,370697,1,1,2,10,7,22,21,32,0,1,0,37,1,20,4,20004,2,2014,"1G1YL2D72E51","1","G","1","Y","L","2","D","7","2","E","5","1",0,0,0,"000000000","00000000000",0,0,0,1,0,0,0,0,0,0,0,85,0,1,5,1,6,2,42,0,0,0,1,37,27023,6,1,0,0,3,3,71,999,0,0,0,0,0,0,0,0,0,0,36,0,0,0,1,2,45,3,1,2,1,0,0,14,13,1,1,4,1,"777777777777","777777777777","777777777777",1,0
37,370698,1,2,1,15,7,23,12,12,6,1,0,37,2,12,481,12481,31,1995,"1FTEF15NXSLC","1","F","T","E","F","1","5","N","X","S","L","C",0,0,0,"000000000","00000000000",0,0,0,1,0,0,0,0,0,0,0,55,0,0,0,12,6,2,12,0,0,0,1,37,27105,1,1,0,0,2,0,68,999,0,5,0,0,5,3,2012,11,2015,0,39,0,0,0,2,6,55,1,1,2,1,3,3,1,17,1,1,1,84,"777777777777","777777777777","777777777777",0,1
37,370698,2,2,2,15,7,23,12,12,6,1,0,51,1,37,31,37031,4,2007,"JHMFA36247S0","J","H","M","F","A","3","6","2","4","7","S","0",0,0,0,"000000000","00000000000",0,0,0,1,0,0,0,0,0,0,0,20,0,0,0,9,6,2,12,0,0,0,1,51,24317,6,1,0,0,3,0,68,200,0,0,0,0,0,0,0,0,0,0,0,0,0,0,2,6,45,1,1,2,1,3,3,11,15,1,1,1,84,"777777777777","777777777777","777777777777",2,0
37,370699,1,2,1,22,7,18,22,12,6,1,0,17,3,51,881,51881,66,2008,"4V4NC9EJ58N4","4","V","4","N","C","9","E","J","5","8","N","4",1,1,57,"2561331","572561331",3,6,1,1,0,0,0,0,0,0,0,55,0,0,0,12,6,2,12,0,0,0,1,12,32821,6,1,6,9,3,0,71,999,0,0,0,2,1,1,2015,11,2015,0,0,0,0,0,1,2,55,1,1,2,1,0,0,1,54,6,1,2,83,"888888888888","777777777777","777777777777",0,0
37,370699,2,2,2,22,7,18,22,12,6,1,0,37,2,49,482,49482,31,2006,"5TBDT44116S5","5","T","B","D","T","4","4","1","1","6","S","5",0,0,0,"000000000","00000000000",0,0,0,1,0,0,0,0,0,0,0,10,0,1,5,9,6,2,12,0,0,0,1,37,27406,6,1,0,0,3,3,68,999,0,0,0,0,0,0,0,0,0,0,38,0,0,0,1,2,55,1,1,2,1,20,3,11,15,1,1,1,82,"777777777777","777777777777","777777777777",2,0
37,370700,1,1,1,28,7,0,2,42,0,1,0,37,1,7,482,7482,31,2007,"3D7KS28AX7G7","3","D","7","K","S","2","8","A","X","7","G","7",0,0,0,"000000000","00000000000",0,0,0,1,0,0,0,0,0,0,0,65,0,0,0,9,6,2,42,0,0,0,1,37,27360,6,1,0,0,3,0,67,999,0,0,0,0,1,3,2016,3,2016,0,0,0,0,0,3,2,65,2,1,2,99,0,0,14,12,1,1,4,6,"777777777777","777777777777","777777777777",1,1
37,370701,1,3,2,23,7,17,5,12,8,1,0,37,2,35,47,35047,4,2006,"1N4AL11DX6C1","1","N","4","A","L","1","1","D","X","6","C","1",0,0,0,"000000000","00000000000",0,0,0,1,0,0,0,0,0,0,0,80,0,0,0,11,6,2,12,0,0,0,1,37,28054,1,1,0,0,2,0,74,999,0,1,0,0,0,10,2011,10,2011,3,28,36,39,0,1,4,45,1,2,2,1,3,3,1,10,1,1,2,66,"777777777777","777777777777","777777777777",1,0
37,370701,2,3,2,23,7,17,5,12,8,1,0,37,2,7,26,7026,4,2014,"1C3CDZAG1EN2","1","C","3","C","D","Z","A","G","1","E","N","2",0,0,0,"000000000","00000000000",0,0,0,1,0,0,0,0,0,0,0,0,0,0,0,2,6,2,12,0,0,0,1,37,28034,6,1,0,0,3,3,70,999,1,0,0,0,0,5,2013,5,2013,0,0,0,0,0,1,4,45,1,2,2,1,3,3,5,62,1,1,1,98,"777777777777","777777777777","777777777777",0,0
37,370701,3,3,1,23,7,17,5,12,8,1,0,37,1,41,55,41055,5,2013,"JM1DE1KY5D01","J","M","1","D","E","1","K","Y","5","D","0","1",0,0,0,"000000000","00000000000",0,0,0,1,0,0,0,0,0,0,0,45,0,0,0,6,2,5,12,0,0,0,1,37,28056,6,1,0,0,3,0,70,999,0,0,0,0,0,0,0,0,0,0,0,0,0,0,2,4,45,1,2,2,1,3,3,1,62,1,1,1,66,"777777777777","777777777777","777777777777",0,0
37,370702,1,2,1,17,7,7,57,12,2,1,0,37,1,12,3,12003,2,1996,"1FALP4041TF1","1","F","A","L","P","4","0","4","1","T","F","1",0,0,0,"000000000","00000000000",0,0,0,1,0,0,0,0,0,0,0,70,0,0,0,12,6,2,12,0,0,0,1,37,27581,6,1,0,0,3,3,67,999,1,1,0,2,1,2,2015,3,2016,3,28,36,0,0,1,2,55,1,1,2,1,0,0,1,10,1,1,2,50,"777777777777","777777777777","777777777777",1,0
37,370702,2,2,1,17,7,7,57,12,2,1,0,37,2,7,472,7472,31,1994,"1B7FL26X6RW1","1","B","7","F","L","2","6","X","6","R","W","1",0,0,0,"000000000","00000000000",0,0,0,1,0,0,0,0,0,0,0,55,0,0,0,12,6,2,12,0,0,0,1,37,27565,6,1,0,0,3,3,71,999,1,0,0,0,0,8,2015,8,2015,0,0,0,0,0,1,2,55,1,1,2,1,0,0,1,62,1,1,1,51,"777777777777","777777777777","777777777777",0,0
37,370703,1,1,1,11,7,21,15,8,0,1,1,99,9,99,999,99999,99,9999,"999999999999","9","9","9","9","9","9","9","9","9","9","9","9",0,0,0,"000000000","00000000000",0,0,0,1,0,0,0,0,0,0,0,20,0,0,0,1,2,5,8,0,0,0,1,99,99999,9,9,99,9,9,9,999,999,99,99,99,99,99,99,9999,99,9999,0,38,0,0,0,1,2,35,1,3,2,1,0,0,1,80,99,1,1,13,"777777777777","777777777777","777777777777",0,0
37,370704,1,1,1,24,7,3,10,53,0,1,0,37,2,12,481,12481,31,1999,"1FTNW21F6XEF","1","F","T","N","W","2","1","F","6","X","E","F",0,0,0,"000000000","00000000000",0,0,0,1,0,0,0,0,0,0,0,75,0,1,5,12,6,2,1,0,0,0,1,37,27407,6,1,0,0,3,3,70,999,0,0,0,1,0,8,2015,8,2015,3,36,0,0,0,1,2,45,3,1,2,1,0,0,14,13,1,1,5,6,"777777777777","777777777777","777777777777",1,1
37,370705,1,1,1,27,7,11,57,53,0,1,0,37,2,20,404,20404,14,2010,"2CNFLFEY9A63","2","C","N","F","L","F","E","Y","9","A","6","3",0,0,0,"000000000","00000000000",0,0,0,1,0,0,0,0,0,0,0,35,0,0,0,12,6,2,42,0,0,0,1,37,27263,6,1,0,0,3,0,71,999,0,0,0,0,1,9,2013,9,2013,0,99,99,99,99,1,4,35,1,4,2,1,0,0,1,13,1,1,4,1,"777777777777","777777777777","777777777777",1,0
37,370706,1,1,1,16,7,5,52,8,0,1,1,37,2,18,2,18002,4,1997,"1G4HR52K5VH5","1","G","4","H","R","5","2","K","5","V","H","5",0,0,0,"000000000","00000000000",0,0,0,1,0,0,0,0,0,0,0,55,0,0,0,12,2,5,8,0,0,0,1,37,27805,0,0,0,0,0,0,65,999,0,0,0,0,0,0,0,0,0,0,0,0,0,0,1,2,55,1,1,2,1,0,0,1,80,1,1,1,13,"777777777777","777777777777","777777777777",0,0
37,370707,1,1,1,21,7,7,57,9,0,1,0,37,2,63,402,63402,14,2005,"KNDJD7337554","K","N","D","J","D","7","3","3","7","5","5","4",0,0,0,"000000000","00000000000",0,0,0,1,0,0,0,0,0,0,0,55,0,0,0,12,6,2,9,0,0,0,1,37,27540,1,1,0,0,2,0,73,999,0,0,0,0,0,0,0,0,0,0,0,0,0,0,1,2,55,1,1,2,1,0,0,1,83,1,1,1,13,"777777777777","777777777777","777777777777",0,0
37,370708,1,1,1,21,7,0,41,33,0,1,0,37,1,76,705,76705,80,2004,"JYARJ08EX4A0","J","Y","A","R","J","0","8","E","X","4","A","0",0,0,0,"000000000","00000000000",0,0,0,1,0,0,0,0,0,0,0,60,0,0,0,81,6,2,1,0,0,0,1,37,28786,6,1,0,0,2,3,70,999,0,4,1,0,2,7,2013,1,2016,3,0,0,0,0,2,5,45,1,1,2,1,0,0,1,13,1,1,4,1,"777777777777","777777777777","777777777777",1,1