"STATE","ST_CASE","VEH_NO","VE_FORMS","NUMOCCS","DAY","MONTH","HOUR","MINUTE","HARM_EV","MAN_COLL","UNITTYPE","HIT_RUN","REG_STAT","OWNER","MAKE","MODEL","MAK_MOD","BODY_TYP","MOD_YEAR","VIN","VIN_1","VIN_2","VIN_3","VIN_4","VIN_5","VIN_6","VIN_7","VIN_8","VIN_9","VIN_10","VIN_11","VIN_12","TOW_VEH","J_KNIFE","MCARR_I1","MCARR_I2","MCARR_ID","GVWR","V_CONFIG","CARGO_BT","HAZ_INV","HAZ_PLAC","HAZ_ID","HAZ_CNO","HAZ_REL","BUS_USE","SPEC_USE","EMER_USE","TRAV_SP","UNDERIDE","ROLLOVER","ROLINLOC","IMPACT1","DEFORMED","TOWED","M_HARM","VEH_SC1","VEH_SC2","FIRE_EXP","DR_PRES","L_STATE","DR_ZIP","L_STATUS","L_TYPE","CDL_STAT","L_ENDORS","L_COMPL","L_RESTRI","DR_HGT","DR_WGT","PREV_ACC","PREV_SUS","PREV_DWI","PREV_SPD","PREV_OTH","FIRST_MO","FIRST_YR","LAST_MO","LAST_YR","SPEEDREL","DR_SF1","DR_SF2","DR_SF3","DR_SF4","VTRAFWAY","VNUM_LAN","VSPD_LIM","VALIGN","VPROFILE","VPAVETYP","VSURCOND","VTRAFCON","VTCONT_F","P_CRASH1","P_CRASH2","P_CRASH3","PCRASH4","PCRASH5","ACC_TYPE","TRLR1VIN","TRLR2VIN","TRLR3VIN","DEATHS","DR_DRINK"
37,370787,1,1,1,27,6,21,3,8,0,1,0,37,1,20,481,20481,31,2001,"2GCEC19T9113","2","G","C","E","C","1","9","T","9","1","1","3",0,0,0,"000000000","00000000000",0,0,0,1,0,0,0,0,0,0,0,30,0,0,0,12,4,5,8,0,0,0,1,37,27320,6,1,0,0,3,0,73,999,0,0,0,0,0,0,0,0,0,0,0,0,0,0,1,2,45,1,1,2,1,3,3,1,80,6,1,2,13,"777777777777","777777777777","777777777777",0,0
37,370788,1,1,1,14,6,3,45,8,0,1,0,45,1,23,431,23431,16,1997,"1GKEC16R0VJ7","1","G","K","E","C","1","6","R","0","V","J","7",0,0,0,"000000000","00000000000",0,0,0,1,0,0,0,0,0,0,0,45,0,0,0,14,0,5,8,0,0,0,1,45,29009,6,1,0,0,3,3,63,200,0,0,0,0,0,0,0,0,0,0,0,0,0,0,1,2,55,1,1,2,1,0,0,1,80,1,1,1,13,"777777777777","777777777777","777777777777",0,0
37,370789,1,1,1,29,7,16,1,1,0,1,0,37,1,98,709,98709,81,2013,"L9NTEACB3D12","L","9","N","T","E","A","C","B","3","D","1","2",0,0,0,"000000000","00000000000",0,0,0,1,0,0,0,0,0,0,0,30,0,0,0,0,4,3,1,0,0,0,1,37,28451,6,1,0,0,1,0,75,999,0,0,0,0,0,0,0,0,0,0,99,99,99,99,1,2,35,4,1,2,1,0,0,14,13,1,1,4,1,"777777777777","777777777777","777777777777",1,0
37,370790,1,2,2,21,7,1,12,12,8,1,0,37,2,2,404,2404,14,2000,"1J4G248N7YC4","1","J","4","G","2","4","8","N","7","Y","C","4",0,0,0,"000000000","00000000000",0,0,0,1,0,0,0,0,0,0,0,35,0,0,0,11,6,2,12,0,0,0,1,37,27332,6,1,0,0,3,0,67,999,7,3,0,0,4,8,2011,6,2016,0,28,0,0,0,1,2,35,1,3,2,1,0,0,1,10,1,1,2,66,"777777777777","777777777777","777777777777",0,0
37,370790,2,2,1,21,7,1,12,12,8,1,0,37,1,76,706,76706,80,2007,"JYARN20E07A0","J","Y","A","R","N","2","0","E","0","7","A","0",0,0,0,"000000000","00000000000",0,0,0,1,0,0,0,0,0,0,0,35,0,0,0,9,6,2,12,0,0,0,1,37,28303,6,1,0,0,3,1,71,999,0,0,0,0,0,0,0,0,0,0,0,0,0,0,1,2,35,1,3,2,1,0,0,1,62,1,1,1,66,"777777777777","777777777777","777777777777",1,1
37,370791,1,1,4,31,7,3,19,53,0,1,0,37,1,12,24,12024,6,2011,"2FMDK3KC6BBA","2","F","M","D","K","3","K","C","6","B","B","A",0,0,0,"000000000","00000000000",0,0,0,1,0,0,0,0,0,0,0,45,0,0,0,12,6,2,42,0,0,0,1,37,28385,6,1,0,0,3,0,63,999,1,1,0,0,3,5,2012,2,2014,0,0,0,0,0,1,2,45,1,1,2,1,0,0,1,13,1,1,4,1,"777777777777","777777777777","777777777777",1,0
37,370792,1,2,2,17,7,12,48,12,6,1,0,37,1,52,47,52047,6,2009,"JA4LS21W79Z0","J","A","4","L","S","2","1","W","7","9","Z","0",0,0,0,"000000000","00000000000",0,0,0,1,0,0,0,0,0,0,0,30,0,0,0,2,6,2,12,0,0,0,1,37,27604,6,1,0,0,3,0,70,999,0,0,0,0,0,0,0,0,0,0,38,0,0,0,1,4,45,1,1,2,1,3,3,11,15,1,1,1,68,"777777777777","777777777777","777777777777",1,0
37,370792,2,2,1,17,7,12,48,12,6,1,0,37,1,7,26,7026,4,2013,"1C3CDZAB0DN6","1","C","3","C","D","Z","A","B","0","D","N","6",0,0,0,"000000000","00000000000",0,0,0,1,0,0,0,0,0,0,0,45,0,0,0,12,6,2,12,0,0,0,1,37,27610,6,1,0,0,3,0,67,999,1,0,0,1,1,9,2011,3,2015,0,0,0,0,0,1,4,45,1,1,2,1,3,3,1,54,1,1,1,69,"777777777777","777777777777","777777777777",0,0
37,370793,1,1,1,22,8,3,46,34,0,1,0,37,1,59,34,59034,4,2002,"JT8BD69S7201","J","T","8","B","D","6","9","S","7","2","0","1",0,0,0,"000000000","00000000000",0,0,0,1,0,0,0,0,0,0,0,55,0,1,5,1,6,2,42,0,0,0,1,37,27983,6,1,0,0,3,0,66,999,2,1,0,1,1,8,2011,1,2016,0,28,58,0,0,1,2,55,1,1,2,1,0,0,1,13,1,1,4,1,"777777777777","777777777777","777777777777",1,1
37,370794,1,1,1,28,8,1,29,42,0,1,0,37,1,12,481,12481,31,2007,"1FTRX14WX7NA","1","F","T","R","X","1","4","W","X","7","N","A",0,0,0,"000000000","00000000000",0,0,0,1,0,0,0,0,0,0,0,65,0,0,0,11,6,2,42,0,0,0,1,37,28461,6,1,0,0,3,0,71,999,2,0,0,0,0,6,2014,8,2016,3,28,0,0,0,1,2,55,1,1,2,1,0,0,1,10,1,1,4,6,"777777777777","777777777777","777777777777",1,1
37,370795,1,2,4,28,8,15,1,12,6,1,0,37,1,63,34,63034,4,2012,"5XXGM4A7XCG0","5","X","X","G","M","4","A","7","X","C","G","0",0,0,0,"000000000","00000000000",0,0,0,1,0,0,0,0,0,0,0,25,0,0,0,10,6,2,12,0,0,0,1,37,28645,6,1,0,0,3,3,70,999,1,0,0,0,0,4,2012,4,2012,0,38,0,0,0,1,2,35,1,1,2,1,20,3,4,19,1,1,1,89,"777777777777","777777777777","777777777777",0,0
37,370795,2,2,1,28,8,15,1,12,6,1,0,37,2,63,37,63037,6,2013,"KNDJT2A6XD75","K","N","D","J","T","2","A","6","X","D","7","5",0,0,0,"000000000","00000000000",0,0,0,1,0,0,0,0,0,0,0,45,0,0,0,12,6,2,12,0,0,0,1,37,28655,6,1,0,0,3,0,70,999,0,0,0,0,0,0,0,0,0,0,0,0,0,0,1,5,45,1,1,2,1,0,0,1,54,1,1,1,88,"777777777777","777777777777","777777777777",1,0
37,370796,1,1,1,9,8,11,36,8,0,1,0,47,3,86,881,86881,66,2015,"1M1AW07Y3FM0","1","M","1","A","W","0","7","Y","3","F","M","0",1,1,57,"91655","5791655",3,6,4,1,0,0,0,0,0,0,0,50,0,0,0,5,0,5,8,0,0,0,1,47,37917,6,1,6,0,3,0,72,185,0,0,0,0,0,0,0,0,0,0,0,0,0,0,1,2,55,3,2,2,2,0,0,14,80,1,1,1,13,"888888888888","777777777777","777777777777",0,0
37,370797,1,1,1,26,8,16,58,42,0,1,0,37,2,37,31,37031,4,2010,"2HGFA1F3XAH3","2","H","G","F","A","1","F","3","X","A","H","3",0,0,0,"000000000","00000000000",0,0,0,1,0,0,0,0,0,0,0,80,0,0,0,8,6,2,42,0,0,0,1,37,28150,6,1,0,0,3,0,71,999,3,0,0,0,4,3,2012,1,2016,3,36,0,0,0,1,2,45,3,2,2,1,0,0,14,13,1,1,4,1,"777777777777","777777777777","777777777777",1,0
37,370798,1,2,1,19,8,16,53,12,2,1,0,37,3,84,881,84881,63,2000,"1HTMGABM7YA0","1","H","T","M","G","A","B","M","7","Y","A","0",0,0,57,"265751","57265751",3,1,1,1,0,0,0,0,0,0,0,55,0,0,0,12,6,2,12,0,0,0,1,37,27843,6,1,6,9,3,0,66,999,1,0,0,0,5,2,2012,3,2016,0,0,0,0,0,1,2,55,1,1,2,2,0,0,1,62,1,1,1,51,"777777777777","777777777777","777777777777",0,0
37,370798,2,2,1,19,8,16,53,12,2,1,0,37,1,20,481,20481,31,2005,"1GCEC19X25Z1","1","G","C","E","C","1","9","X","2","5","Z","1",0,0,0,"000000000","00000000000",0,0,0,1,0,0,0,0,0,0,0,55,0,0,0,12,6,2,12,0,0,0,1,37,28586,1,1,0,0,2,0,70,999,4,1,0,0,4,8,2012,11,2015,4,24,28,36,0,1,2,55,1,1,2,2,0,0,1,10,1,1,2,50,"777777777777","777777777777","777777777777",1,0
37,370799,1,2,1,17,8,14,51,12,6,1,0,37,1,12,481,12481,31,2004,"1FTPW12584KA","1","F","T","P","W","1","2","5","8","4","K","A",0,0,0,"000000000","00000000000",0,0,0,1,0,0,0,0,0,0,0,8,0,0,0,2,6,2,12,0,0,0,1,37,27707,6,1,0,0,3,3,69,999,0,0,0,0,0,0,0,0,0,0,38,0,0,0,1,5,35,1,2,2,1,3,3,11,15,1,1,1,68,"777777777777","777777777777","777777777777",0,0
37,370799,2,2,1,17,8,14,51,12,6,1,0,37,1,76,705,76705,80,1996,"JYA4TEE02TA0","J","Y","A","4","T","E","E","0","2","T","A","0",0,0,0,"000000000","00000000000",0,0,0,1,0,0,0,0,0,0,0,65,0,0,0,12,6,2,12,0,0,1,1,37,27704,1,1,0,0,2,0,69,999,0,1,0,0,2,11,2015,5,2016,3,36,0,0,0,1,5,35,1,2,2,1,3,3,1,54,1,1,1,69,"777777777777","777777777777","777777777777",1,0
37,370800,1,1,1,21,8,15,37,42,0,1,0,37,2,12,401,12401,14,1999,"1FMDU32P2XZA","1","F","M","D","U","3","2","P","2","X","Z","A",0,0,0,"000000000","00000000000",0,0,0,1,0,0,0,0,0,0,0,45,0,0,0,12,6,2,42,0,0,0,1,37,27537,6,1,0,0,3,0,65,999,1,0,0,0,0,1,2014,1,2014,0,0,0,0,0,1,2,45,3,1,2,1,0,0,14,13,1,1,4,1,"777777777777","777777777777","777777777777",1,1
37,370801,1,5,1,18,8,5,20,12,2,1,0,37,1,34,34,34034,6,2004,"WBAEN33434PC","W","B","A","E","N","3","3","4","3","4","P","C",0,0,0,"000000000","00000000000",0,0,0,1,0,0,0,0,0,0,0,70,0,0,0,12,6,2,12,0,0,0,1,37,27042,6,1,0,0,3,0,71,999,0,0,0,0,0,0,0,0,0,3,35,36,0,0,1,2,50,1,2,2,1,0,0,6,10,1,1,2,50,"777777777777","777777777777","777777777777",1,1
37,370801,2,5,1,18,8,5,20,12,2,1,0,37,3,23,461,23461,21,2004,"1GDHG31U2419","1","G","D","H","G","3","1","U","2","4","1","9",0,0,0,"000000000","00000000000",0,0,0,1,0,0,0,0,0,0,0,50,0,1,5,12,6,2,12,0,0,0,1,37,27360,6,1,0,0,3,3,70,999,1,0,0,1,0,8,2013,9,2015,0,0,0,0,0,1,2,50,1,2,2,1,0,0,1,62,1,1,1,51,"777777777777","777777777777","777777777777",1,0
37,370801,3,5,3,18,8,5,20,12,2,1,0,37,2,63,32,63032,4,2011,"KNADH4A3XB67","K","N","A","D","H","4","A","3","X","B","6","7",0,0,0,"000000000","00000000000",0,0,0,1,0,0,0,0,0,0,0,50,0,0,0,10,6,2,12,0,0,0,1,37,27253,6,1,0,0,3,0,67,999,0,0,0,0,1,11,2014,11,2014,0,0,0,0,0,1,2,50,1,2,2,1,0,0,1,53,1,1,1,98,"777777777777","777777777777","777777777777",0,0
37,370801,4,5,1,18,8,5,20,12,2,1,0,37,1,49,482,49482,31,2010,"5TFDW5F11AX1","5","T","F","D","W","5","F","1","1","A","X","1",0,0,0,"000000000","00000000000",0,0,0,1,0,0,0,0,0,0,0,50,0,0,0,4,4,5,18,0,0,0,1,37,27025,6,1,0,0,3,3,72,999,0,0,0,0,3,3,2014,1,2016,0,0,0,0,0,1,2,50,1,2,2,1,0,0,1,90,1,1,1,98,"777777777777","777777777777","777777777777",0,0
37,370801,5,5,1,18,8,5,20,12,2,1,0,37,1,20,404,20404,14,2013,"2GNALDEK5D11","2","G","N","A","L","D","E","K","5","D","1","1",0,0,0,"000000000","00000000000",0,0,0,1,0,0,0,0,0,0,0,50,0,0,0,8,4,5,18,0,0,0,1,37,27027,6,1,0,0,3,3,66,999,0,0,0,0,0,0,0,0,0,0,0,0,0,0,1,2,50,1,2,2,1,0,0,1,90,1,1,1,98,"777777777777","777777777777","777777777777",0,0
37,370802,1,1,2,23,8,19,36,1,0,1,0,37,2,52,37,52037,2,1999,"4A3AX55F6XE0","4","A","3","A","X","5","5","F","6","X","E","0",0,0,0,"000000000","00000000000",0,0,0,1,0,0,0,0,0,0,0,90,0,2,5,0,6,2,1,0,0,1,1,37,27249,6,2,0,0,3,0,69,999,1,0,0,0,0,11,2015,11,2015,3,36,58,0,0,1,2,55,1,3,2,1,0,0,1,13,1,1,4,1,"777777777777","777777777777","777777777777",1,0
37,370803,1,1,2,6,8,2,24,1,0,1,0,37,2,37,31,37031,4,2003,"2HGES15163H5","2","H","G","E","S","1","5","1","6","3","H","5",0,0,0,"000000000","00000000000",0,0,0,1,0,0,0,0,0,0,0,80,0,2,5,0,6,2,42,0,0,0,1,32,89147,6,1,0,0,3,0,67,195,0,0,0,1,0,10,2014,10,2014,3,36,0,0,0,1,2,55,3,2,2,1,0,0,14,13,1,1,4,1,"777777777777","777777777777","777777777777",1,1
37,370804,1,1,4,28,8,2,55,1,0,1,0,37,2,23,421,23421,15,2000,"3GKFK16T4YG1","3","G","K","F","K","1","6","T","4","Y","G","1",0,0,0,"000000000","00000000000",0,0,0,1,0,0,0,0,0,0,0,65,0,2,5,0,6,2,1,0,0,0,1,37,28334,6,1,0,0,3,0,76,999,0,8,0,1,2,1,2014,7,2016,3,28,36,0,0,1,2,55,3,1,2,1,0,0,14,10,1,1,4,6,"777777777777","777777777777","777777777777",1,1
37,370805,1,1,3,25,8,20,33,42,0,1,1,37,2,59,34,59034,4,2000,"JT8BH68X1Y00","J","T","8","B","H","6","8","X","1","Y","0","0",0,0,0,"000000000","00000000000",0,0,0,1,0,0,0,0,0,0,0,60,0,1,5,12,6,2,42,0,0,0,1,37,27330,1,1,0,0,2,0,68,999,0,2,0,0,0,5,2014,9,2015,0,58,0,0,0,1,2,55,1,2,2,1,0,0,1,13,1,1,4,1,"777777777777","777777777777","777777777777",1,0
37,370806,1,2,1,1,8,16,2,12,2,1,0,37,3,84,884,84884,64,2007,"1HTMMAAL97H4","1","H","T","M","M","A","A","L","9","7","H","4",0,0,57,"269871","57269871",2,1,3,1,0,0,0,0,0,0,0,50,0,0,0,12,6,2,12,0,0,0,1,37,28217,6,1,6,0,3,3,74,999,0,0,0,0,0,0,0,0,0,0,0,0,0,0,1,2,50,3,1,2,1,0,0,14,62,6,1,2,51,"777777777777","777777777777","777777777777",0,0
37,370806,2,2,3,1,8,16,2,12,2,1,0,37,1,37,31,37031,4,2016,"19XFC1F99GE0","1","9","X","F","C","1","F","9","9","G","E","0",0,0,0,"000000000","00000000000",0,0,0,1,0,0,0,0,0,0,0,50,0,0,0,12,6,2,12,0,0,0,1,37,28080,6,1,0,0,3,3,63,999,0,0,0,0,0,0,0,0,0,0,28,0,0,0,1,2,50,2,1,2,1,0,0,14,10,1,1,2,50,"777777777777","777777777777","777777777777",1,0
37,370807,1,1,1,25,8,14,14,42,0,1,0,37,2,20,473,20473,30,2006,"1GCCS1364682","1","G","C","C","S","1","3","6","4","6","8","2",0,0,0,"000000000","00000000000",0,0,0,1,0,0,0,0,0,0,0,50,0,0,0,12,6,2,42,0,0,0,1,37,27892,6,1,0,0,3,0,62,999,0,0,0,0,0,0,0,0,0,0,28,0,0,0,1,2,45,2,1,2,1,0,0,14,10,1,1,4,6,"777777777777","777777777777","777777777777",1,1
37,370808,1,1,1,14,8,3,30,42,0,1,0,37,2,18,2,18002,4,1997,"1G4HP52K9VH5","1","G","4","H","P","5","2","K","9","V","H","5",0,0,0,"000000000","00000000000",0,0,0,1,0,0,0,0,0,0,0,92,0,0,0,9,6,2,42,0,0,0,1,45,29720,1,1,5,0,2,3,76,230,0,2,2,2,0,2,2014,10,2015,3,58,0,0,0,2,2,45,3,1,2,1,0,0,14,13,1,1,4,1,"777777777777","777777777777","777777777777",1,1
37,370809,1,2,1,18,8,15,18,12,2,1,0,37,3,12,884,12884,63,1973,"U912VR34237","U","9","1","2","V","R","3","4","2","3","7","",0,0,57,"237946","57237946",3,2,4,1,0,0,0,0,0,0,0,998,0,0,0,12,6,2,12,0,0,0,1,37,28147,6,1,6,0,3,0,75,999,1,0,0,0,1,5,2013,3,2016,0,0,0,0,0,1,2,45,1,1,2,1,0,0,1,62,8,1,2,51,"777777777777","777777777777","777777777777",0,0
37,370809,2,2,1,18,8,15,18,12,2,1,0,53,2,52,34,52034,4,2002,"4A3AA46G12E1","4","A","3","A","A","4","6","G","1","2","E","1",0,0,0,"000000000","00000000000",0,0,0,1,0,0,0,0,0,0,0,998,0,0,0,12,6,2,12,0,0,0,1,37,28052,6,1,0,0,3,0,67,999,2,3,0,1,2,12,2012,3,2015,0,28,0,0,0,1,2,45,1,1,2,1,0,0,1,10,1,1,2,50,"777777777777","777777777777","777777777777",1,0
37,370810,1,1,1,20,8,13,32,24,0,1,0,37,1,76,705,76705,80,2014,"JYARJ16E4EA0","J","Y","A","R","J","1","6","E","4","E","A","0",0,0,0,"000000000","00000000000",0,0,0,1,0,0,0,0,0,0,0,50,0,0,0,9,6,2,24,0,0,0,1,37,28540,6,1,0,0,3,0,71,999,0,0,0,0,1,10,2013,10,2013,4,36,0,0,0,3,4,50,3,1,2,1,0,0,14,10,1,1,4,6,"777777777777","777777777777","777777777777",1,0
37,370811,1,2,1,18,8,12,6,12,2,1,0,37,1,63,33,63033,4,2008,"KNAFE1214855","K","N","A","F","E","1","2","1","4","8","5","5",0,0,0,"000000000","00000000000",0,0,0,1,0,0,0,0,0,0,0,55,0,0,0,12,6,2,12,0,0,0,1,37,27705,6,1,0,0,3,0,64,999,0,0,0,1,0,1,2013,1,2013,0,28,0,0,0,1,2,55,1,1,2,1,0,0,1,10,1,1,2,50,"777777777777","777777777777","777777777777",1,0
37,370811,2,2,2,18,8,12,6,12,2,1,0,37,1,20,404,20404,14,2016,"1GNALCEK8GZ1","1","G","N","A","L","C","E","K","8","G","Z","1",0,0,0,"000000000","00000000000",0,0,0,1,0,0,0,0,0,0,0,55,0,0,0,12,6,2,12,0,0,0,1,37,27288,6,1,0,0,3,0,66,999,0,0,0,1,0,12,2011,12,2011,0,0,0,0,0,1,2,55,1,1,2,1,0,0,1,62,1,1,1,51,"777777777777","777777777777","777777777777",0,0
37,370812,1,1,2,21,8,14,3,1,0,1,0,37,1,23,401,23401,14,2005,"1GKES16S7561","1","G","K","E","S","1","6","S","7","5","6","1",0,0,0,"000000000","00000000000",0,0,0,1,0,0,0,0,0,0,0,70,0,2,5,0,6,2,1,0,0,0,1,37,28466,6,1,0,0,3,3,66,999,0,0,0,0,2,1,2012,6,2012,0,0,0,0,0,3,2,70,1,1,2,1,0,0,1,1,1,1,4,98,"777777777777","777777777777","777777777777",1,0
37,370813,1,3,1,20,8,17,20,12,2,1,0,37,1,20,9,20009,2,1998,"2G1FP22G1W21","2","G","1","F","P","2","2","G","1","W","2","1",0,0,0,"000000000","00000000000",0,0,0,1,0,0,0,0,0,0,0,80,0,0,0,12,6,2,12,0,0,0,1,37,28147,6,1,0,0,0,0,67,999,0,0,0,0,0,0,0,0,0,3,28,36,0,0,3,5,50,2,1,2,1,0,0,14,10,1,1,2,50,"777777777777","777777777777","777777777777",1,0
37,370813,2,3,1,20,8,17,20,12,2,1,0,37,2,20,481,20481,31,2013,"3GCPCSE09DG1","3","G","C","P","C","S","E","0","9","D","G","1",0,0,0,"000000000","00000000000",0,0,0,1,0,0,0,0,0,0,0,50,0,0,0,12,6,2,12,0,0,0,1,37,27405,0,0,0,0,0,0,67,999,0,0,0,0,0,0,0,0,0,0,24,0,0,0,3,5,50,3,1,2,1,0,0,14,62,7,1,1,51,"777777777777","777777777777","777777777777",0,0
37,370813,3,3,1,20,8,17,20,12,2,1,0,42,1,22,401,22401,14,2003,"3G7DA03E53S5","3","G","7","D","A","0","3","E","5","3","S","5",0,0,0,"000000000","00000000000",0,0,0,1,0,0,0,0,0,0,0,50,0,0,0,12,6,2,12,0,0,0,1,4,86023,6,1,0,0,3,0,61,125,0,1,0,0,0,9,2011,9,2011,0,0,0,0,0,3,5,50,3,1,2,1,0,0,14,61,1,1,1,98,"777777777777","777777777777","777777777777",0,0
37,370814,1,2,1,16,8,16,58,12,6,1,0,45,1,12,461,12461,21,2007,"1FBSS31L27DA","1","F","B","S","S","3","1","L","2","7","D","A",0,0,0,"000000000","00000000000",0,0,0,1,0,0,0,0,0,0,0,45,0,1,1,12,6,2,12,0,0,0,1,37,28056,0,0,0,0,0,0,999,999,1,0,0,0,0,12,2014,12,2014,0,39,0,0,0,1,2,45,1,1,2,1,20,3,1,17,1,1,1,88,"777777777777","777777777777","777777777777",0,0
37,370814,2,2,1,16,8,16,58,12,6,1,0,37,1,35,47,35047,2,2010,"1N4AL2EPXAC1","1","N","4","A","L","2","E","P","X","A","C","1",0,0,0,"000000000","00000000000",0,0,0,1,0,0,0,0,0,0,0,40,0,0,0,10,6,2,12,0,0,0,1,37,28056,6,1,0,0,3,3,67,999,2,0,0,0,0,2,2012,1,2013,0,0,0,0,0,1,2,45,1,1,2,1,0,0,1,66,1,1,1,89,"777777777777","777777777777","777777777777",1,0
37,370815,1,1,7,21,8,2,30,30,0,1,0,37,2,38,402,38402,14,1995,"4S2CY58VXS43","4","S","2","C","Y","5","8","V","X","S","4","3",0,0,0,"000000000","00000000000",0,0,0,1,0,0,0,0,0,0,0,50,0,1,5,2,6,2,42,0,0,0,1,37,27530,1,1,0,0,2,0,999,999,0,2,1,0,3,11,2011,2,2016,0,58,0,0,0,2,4,35,3,1,2,1,0,0,14,13,1,1,4,1,"777777777777","777777777777","777777777777",3,1
37,370816,1,1,1,26,8,22,13,8,0,1,0,37,2,12,17,12017,4,2005,"1FAFP53U35A2","1","F","A","F","P","5","3","U","3","5","A","2",0,0,0,"000000000","00000000000",0,0,0,1,0,0,0,0,0,0,0,65,0,0,0,12,6,2,8,0,0,0,1,37,27604,6,1,0,0,3,0,68,999,0,0,0,0,0,0,0,0,0,0,0,0,0,0,3,2,65,1,2,1,1,0,0,1,80,1,1,1,13,"777777777777","777777777777","777777777777",0,0
37,370817,1,1,1,19,8,4,32,23,0,1,0,37,2,20,471,20471,30,1999,"1GCCS1940X81","1","G","C","C","S","1","9","4","0","X","8","1",0,0,0,"000000000","00000000000",0,0,0,1,0,0,0,0,0,0,0,55,0,1,5,1,6,2,1,0,0,0,1,37,27962,6,1,0,0,3,3,65,999,1,0,0,0,0,6,2015,6,2015,0,28,0,0,0,1,2,55,1,1,2,1,0,0,1,10,1,1,4,6,"777777777777","777777777777","777777777777",1,0
37,370818,1,1,1,8,8,0,21,42,0,1,0,37,1,6,43,6043,4,2007,"1C3LC46R57N5","1","C","3","L","C","4","6","R","5","7","N","5",0,0,0,"000000000","00000000000",0,0,0,1,0,0,0,0,0,0,0,85,0,0,0,12,6,2,42,0,0,0,1,37,28365,6,1,0,0,3,0,66,999,2,0,0,0,0,12,2015,2,2016,3,28,36,58,0,1,2,45,3,1,2,1,0,0,14,10,1,1,4,6,"777777777777","777777777777","777777777777",1,1
37,370819,1,1,2,20,8,20,54,8,0,1,0,37,1,20,24,20024,6,2009,"1GNER23D79S1","1","G","N","E","R","2","3","D","7","9","S","1",0,0,0,"000000000","00000000000",0,0,0,1,0,0,0,0,0,0,0,55,0,0,0,11,4,5,8,0,0,0,1,37,28578,6,1,0,0,3,0,64,999,0,0,0,0,0,0,0,0,0,0,0,0,0,0,1,2,55,1,1,2,1,0,0,1,80,7,1,1,13,"777777777777","777777777777","777777777777",0,0
37,370820,1,2,1,16,8,13,17,12,2,1,0,37,1,13,1,13001,4,1997,"1LNLM82W6VY7","1","L","N","L","M","8","2","W","6","V","Y","7",0,0,0,"000000000","00000000000",0,0,0,1,0,0,0,0,0,0,0,45,0,0,0,12,6,2,12,0,0,0,1,37,28651,6,1,0,0,3,0,64,999,0,0,0,0,0,0,0,0,0,0,28,0,0,0,1,2,45,1,1,2,1,0,0,1,10,1,1,2,50,"777777777777","777777777777","777777777777",0,0
37,370820,2,2,1,16,8,13,17,12,2,1,0,37,2,49,402,49402,14,1997,"JT3HP10V0V01","J","T","3","H","P","1","0","V","0","V","0","1",0,0,0,"000000000","00000000000",0,0,0,1,0,0,0,0,0,0,0,40,0,0,0,12,6,2,12,0,0,0,1,37,28651,6,1,0,0,3,3,63,999,0,0,0,0,0,0,0,0,0,0,0,0,0,0,1,2,45,1,1,2,1,0,0,1,62,1,1,1,51,"777777777777","777777777777","777777777777",1,0
37,370821,1,1,1,10,8,15,5,58,0,1,0,37,3,12,884,12884,63,1984,"1FTXR90WXEVA","1","F","T","X","R","9","0","W","X","E","V","A",0,0,88,"888888888","88888888888",3,1,97,1,0,0,0,0,0,0,0,45,0,0,0,12,6,2,58,0,0,0,1,37,27883,6,1,6,0,3,0,69,999,1,0,0,0,0,7,2016,7,2016,0,28,0,0,0,1,2,55,2,1,2,1,0,0,14,10,1,1,4,6,"777777777777","777777777777","777777777777",1,0
37,370822,1,1,1,29,6,21,29,8,0,1,0,37,1,20,423,20423,15,2016,"1GNKRGKD6GJ1","1","G","N","K","R","G","K","D","6","G","J","1",0,0,0,"000000000","00000000000",0,0,0,1,0,0,0,0,0,0,0,45,0,0,0,12,4,3,8,0,0,0,1,37,28472,6,1,0,0,3,0,72,999,0,0,0,1,0,11,2011,11,2011,0,0,0,0,0,1,2,45,1,1,2,1,0,0,1,80,1,1,1,13,"777777777777","777777777777","777777777777",0,0
37,370823,1,1,1,30,7,2,15,8,0,1,1,99,9,99,999,99999,99,9999,"999999999999","9","9","9","9","9","9","9","9","9","9","9","9",0,0,0,"000000000","00000000000",0,0,0,1,0,0,0,0,0,0,0,65,0,0,0,12,4,5,8,0,0,0,1,99,99999,9,9,99,9,9,9,999,999,99,99,99,99,99,99,9999,99,9999,3,36,0,0,0,2,9,45,1,1,2,1,3,3,99,80,1,1,1,13,"777777777777","777777777777","777777777777",0,0
37,370824,1,2,1,13,8,12,7,12,8,1,0,0,0,98,998,98998,92,2002,"000000000000","0","0","0","0","0","0","0","0","0","0","0","0",0,0,0,"000000000","00000000000",0,0,0,1,0,0,0,0,0,0,0,15,0,0,0,7,2,5,12,0,0,0,1,37,28320,6,1,0,0,1,0,70,999,0,0,0,0,0,0,0,0,0,0,0,0,0,0,1,2,55,1,1,2,1,0,0,1,98,1,1,1,66,"777777777777","777777777777","777777777777",0,0
37,370824,2,2,2,13,8,12,7,12,8,1,0,37,1,23,421,23421,15,2007,"1GKFC13007R2","1","G","K","F","C","1","3","0","0","7","R","2",0,0,0,"000000000","00000000000",0,0,0,1,0,0,0,0,0,0,0,45,0,0,0,11,6,2,12,0,0,0,1,37,28320,6,1,0,0,3,0,60,999,0,0,0,0,0,0,0,0,0,0,0,0,0,0,1,2,55,1,1,2,1,0,0,1,98,1,1,1,66,"777777777777","777777777777","777777777777",1,0