"STATE","ST_CASE","VEH_NO","VE_FORMS","NUMOCCS","DAY","MONTH","HOUR","MINUTE","HARM_EV","MAN_COLL","UNITTYPE","HIT_RUN","REG_STAT","OWNER","MAKE","MODEL","MAK_MOD","BODY_TYP","MOD_YEAR","VIN","VIN_1","VIN_2","VIN_3","VIN_4","VIN_5","VIN_6","VIN_7","VIN_8","VIN_9","VIN_10","VIN_11","VIN_12","TOW_VEH","J_KNIFE","MCARR_I1","MCARR_I2","MCARR_ID","GVWR","V_CONFIG","CARGO_BT","HAZ_INV","HAZ_PLAC","HAZ_ID","HAZ_CNO","HAZ_REL","BUS_USE","SPEC_USE","EMER_USE","TRAV_SP","UNDERIDE","ROLLOVER","ROLINLOC","IMPACT1","DEFORMED","TOWED","M_HARM","VEH_SC1","VEH_SC2","FIRE_EXP","DR_PRES","L_STATE","DR_ZIP","L_STATUS","L_TYPE","CDL_STAT","L_ENDORS","L_COMPL","L_RESTRI","DR_HGT","DR_WGT","PREV_ACC","PREV_SUS","PREV_DWI","PREV_SPD","PREV_OTH","FIRST_MO","FIRST_YR","LAST_MO","LAST_YR","SPEEDREL","DR_SF1","DR_SF2","DR_SF3","DR_SF4","VTRAFWAY","VNUM_LAN","VSPD_LIM","VALIGN","VPROFILE","VPAVETYP","VSURCOND","VTRAFCON","VTCONT_F","P_CRASH1","P_CRASH2","P_CRASH3","PCRASH4","PCRASH5","ACC_TYPE","TRLR1VIN","TRLR2VIN","TRLR3VIN","DEATHS","DR_DRINK"
37,370825,1,4,1,27,8,15,44,12,1,1,0,45,1,7,482,7482,31,2007,"3D7KS28A77G8","3","D","7","K","S","2","8","A","7","7","G","8",0,0,0,"000000000","00000000000",0,0,0,1,0,0,0,0,0,0,0,55,0,0,0,12,4,3,12,0,0,0,1,45,29450,6,1,6,0,3,3,68,200,2,0,0,0,0,9,2012,10,2015,4,36,0,0,0,1,2,55,1,1,2,1,0,0,1,52,1,1,1,28,"777777777777","777777777777","777777777777",0,1
37,370825,2,4,1,27,8,15,44,12,1,1,0,37,2,20,403,20403,14,2006,"1GNES16S2661","1","G","N","E","S","1","6","S","2","6","6","1",0,0,0,"000000000","00000000000",0,0,0,1,0,0,0,0,0,0,0,55,0,0,0,6,6,2,12,0,0,0,1,37,28337,6,1,0,0,3,0,64,999,0,0,0,0,0,0,0,0,0,0,0,0,0,0,1,2,45,1,1,2,1,0,0,2,18,1,1,1,29,"777777777777","777777777777","777777777777",0,0
37,370825,3,4,4,27,8,15,44,12,1,1,0,37,1,37,421,37421,15,2012,"5FNYF3H23CB0","5","F","N","Y","F","3","H","2","3","C","B","0",0,0,0,"000000000","00000000000",0,0,0,1,0,0,0,0,0,0,0,55,0,0,0,11,6,2,12,0,0,0,1,37,28320,6,1,0,0,3,0,62,999,0,0,0,0,1,2,2012,2,2012,0,0,0,0,0,1,2,55,1,1,2,1,0,0,1,62,1,1,1,98,"777777777777","777777777777","777777777777",2,0
37,370825,4,4,1,27,8,15,44,12,1,1,0,37,1,7,442,7442,20,2006,"1D4GP25E56B6","1","D","4","G","P","2","5","E","5","6","B","6",0,0,0,"000000000","00000000000",0,0,0,1,0,0,0,0,0,0,0,50,0,0,0,11,6,2,12,0,0,0,1,37,28441,6,1,0,0,3,0,63,999,0,0,0,0,0,0,0,0,0,0,0,0,0,0,1,2,55,1,1,2,1,0,0,1,62,1,1,1,98,"777777777777","777777777777","777777777777",0,0
37,370826,1,2,1,21,8,18,6,12,6,1,0,37,2,49,32,49032,4,2007,"JTDBR32E8701","J","T","D","B","R","3","2","E","8","7","0","1",0,0,0,"000000000","00000000000",0,0,0,1,0,0,0,0,0,0,0,15,0,0,0,9,6,2,12,0,0,0,1,37,28451,6,2,0,0,3,3,69,999,1,0,0,0,1,10,2013,3,2016,0,38,0,0,0,2,4,55,1,1,2,1,20,3,4,17,1,1,1,89,"777777777777","777777777777","777777777777",1,0
37,370826,2,2,2,21,8,18,6,12,6,1,0,37,1,13,16,13016,6,2010,"2LMHJ5AT4ABJ","2","L","M","H","J","5","A","T","4","A","B","J",0,0,0,"000000000","00000000000",0,0,0,1,0,0,0,0,0,0,0,55,0,0,0,12,6,2,12,0,0,0,1,37,28392,6,1,0,0,3,0,68,999,0,0,0,0,0,0,0,0,0,0,0,0,0,0,2,4,55,1,1,2,1,0,0,1,54,1,1,1,88,"777777777777","777777777777","777777777777",0,0
37,370827,1,2,1,25,8,20,45,12,2,1,0,37,1,24,1,24001,4,1999,"1G8ZF5287XZ3","1","G","8","Z","F","5","2","8","7","X","Z","3",0,0,0,"000000000","00000000000",0,0,0,1,0,0,0,0,0,0,0,55,0,0,0,12,6,2,12,0,0,0,1,37,28071,6,1,0,0,3,0,65,999,3,0,0,0,0,7,2014,6,2015,0,28,0,0,0,1,2,55,1,3,2,1,0,0,1,10,1,1,2,50,"777777777777","777777777777","777777777777",1,0
37,370827,2,2,1,25,8,20,45,12,2,1,0,37,2,37,31,37031,4,2002,"1HGES16572L0","1","H","G","E","S","1","6","5","7","2","L","0",0,0,0,"000000000","00000000000",0,0,0,1,0,0,0,0,0,0,0,55,0,0,0,12,6,2,12,0,0,0,1,37,27292,6,1,0,0,3,3,60,999,0,0,0,0,1,8,2015,8,2015,0,0,0,0,0,1,2,55,1,3,2,1,0,0,1,62,1,1,1,51,"777777777777","777777777777","777777777777",0,0
37,370828,1,1,1,1,8,11,58,58,0,1,0,37,1,20,421,20421,15,2000,"1GNCS13W6Y22","1","G","N","C","S","1","3","W","6","Y","2","2",0,0,0,"000000000","00000000000",0,0,0,1,0,0,0,0,0,0,0,45,0,1,5,9,6,2,1,0,0,0,1,37,28613,6,1,0,0,3,0,71,999,0,0,0,0,0,0,0,0,0,4,36,0,0,0,1,2,45,3,2,2,1,0,0,14,13,1,1,4,1,"777777777777","777777777777","777777777777",1,0
37,370829,1,1,1,30,8,14,1,42,0,1,0,37,1,37,31,37031,4,2015,"19XFB2F59FE0","1","9","X","F","B","2","F","5","9","F","E","0",0,0,0,"000000000","00000000000",0,0,0,1,0,0,0,0,0,0,0,60,0,0,0,12,6,2,42,0,0,0,1,37,28017,6,1,0,0,3,3,58,999,0,0,0,0,0,0,0,0,0,3,36,0,0,0,1,2,45,3,2,2,1,0,0,14,13,1,1,4,1,"777777777777","777777777777","777777777777",1,0
37,370830,1,2,1,11,8,13,42,12,6,1,0,37,3,82,881,82881,66,2012,"1FUJGEDR2CLB","1","F","U","J","G","E","D","R","2","C","L","B",1,1,57,"614816","57614816",3,6,1,1,0,0,0,0,0,0,0,50,0,0,0,12,6,2,12,0,0,0,1,37,28431,6,1,6,0,3,0,71,999,1,0,0,0,0,7,2016,7,2016,0,0,0,0,0,1,2,55,1,1,2,1,0,0,1,54,1,1,1,88,"888888888888","777777777777","777777777777",0,0
37,370830,2,2,1,11,8,13,42,12,6,1,0,37,1,20,39,20039,4,2004,"KL1TD62604B2","K","L","1","T","D","6","2","6","0","4","B","2",0,0,0,"000000000","00000000000",0,0,0,1,0,0,0,0,0,0,0,10,0,0,0,9,6,2,12,0,0,0,1,37,28358,0,0,0,0,0,0,61,999,1,0,0,0,1,1,2014,3,2015,0,38,0,0,0,1,2,55,1,1,2,1,20,3,4,17,1,1,1,89,"777777777777","777777777777","777777777777",1,0
37,370831,1,1,1,13,8,1,14,24,0,1,0,37,1,73,706,73706,80,2002,"JKAZX2F1X2A0","J","K","A","Z","X","2","F","1","X","2","A","0",0,0,0,"000000000","00000000000",0,0,0,1,0,0,0,0,0,0,0,90,0,0,0,3,6,2,24,0,0,0,1,37,28304,6,1,0,0,2,0,70,999,0,0,0,0,0,0,0,0,0,3,36,0,0,0,3,3,60,4,1,2,1,0,0,14,13,1,1,4,1,"777777777777","777777777777","777777777777",1,0
37,370832,1,1,1,26,8,20,46,8,0,1,0,37,2,7,26,7026,4,2010,"1B3CC5FB2AN2","1","B","3","C","C","5","F","B","2","A","N","2",0,0,0,"000000000","00000000000",0,0,0,1,0,0,0,0,0,0,0,35,0,0,0,12,6,2,8,0,0,0,1,37,28304,6,1,0,0,3,0,66,999,0,3,0,0,0,9,2014,9,2014,0,0,0,0,0,1,3,35,1,1,2,1,0,0,1,80,1,1,1,13,"777777777777","777777777777","777777777777",0,0
37,370833,1,1,1,6,8,20,23,9,0,1,0,51,3,7,880,7880,67,2003,"3D7MU48D33G8","3","D","7","M","U","4","8","D","3","3","G","8",0,0,88,"888888888","88888888888",2,1,97,1,0,0,0,0,0,0,0,40,0,0,0,12,4,5,9,0,0,0,1,51,23803,6,1,0,0,3,0,75,215,0,0,1,0,0,6,2015,6,2015,0,0,0,0,0,1,2,35,1,1,2,1,0,0,1,80,1,1,1,13,"777777777777","777777777777","777777777777",0,0
37,370834,1,2,1,15,8,21,6,12,6,1,0,37,1,98,709,98709,81,2014,"L9NTEACT0E10","L","9","N","T","E","A","C","T","0","E","1","0",0,0,0,"000000000","00000000000",0,0,0,1,0,0,0,0,0,0,0,10,0,0,0,9,6,2,12,0,0,0,1,37,27292,1,1,0,0,1,0,63,999,0,0,0,0,0,0,0,0,0,0,38,0,0,0,1,2,35,1,1,2,1,20,3,11,15,1,1,1,82,"777777777777","777777777777","777777777777",1,1
37,370834,2,2,1,15,8,21,6,12,6,1,0,37,1,12,16,12016,4,2008,"2FAFP71V18X1","2","F","A","F","P","7","1","V","1","8","X","1",0,0,0,"000000000","00000000000",0,0,0,1,0,0,0,0,0,0,0,50,0,0,0,12,6,2,12,0,0,0,1,37,27360,6,1,0,0,3,0,70,999,0,0,0,0,0,0,0,0,0,0,0,0,0,0,1,3,35,1,1,2,1,0,0,1,54,1,1,1,83,"777777777777","777777777777","777777777777",0,0
37,370835,1,1,1,23,8,9,29,8,0,1,0,37,1,12,13,12013,6,1995,"1FASP15J5SW2","1","F","A","S","P","1","5","J","5","S","W","2",0,0,0,"000000000","00000000000",0,0,0,1,0,0,0,0,0,0,0,45,0,0,0,1,6,2,8,0,0,0,1,37,27295,6,1,0,0,3,3,60,999,0,0,0,0,0,0,0,0,0,4,36,0,0,0,1,2,45,3,1,2,1,0,0,14,81,7,1,4,1,"777777777777","777777777777","777777777777",0,0
37,370836,1,1,2,11,8,21,58,11,0,1,0,37,1,49,40,49040,4,2010,"4T1BF3EK7AU1","4","T","1","B","F","3","E","K","7","A","U","1",0,0,0,"000000000","00000000000",0,0,0,1,0,0,0,0,0,0,0,75,0,0,0,12,6,2,42,0,0,0,1,37,28458,6,1,0,0,3,3,72,999,2,0,0,0,6,8,2011,8,2016,3,36,0,0,0,1,2,55,1,1,2,1,0,0,1,87,1,1,1,13,"777777777777","777777777777","777777777777",1,1
37,370837,1,1,1,29,8,4,37,8,0,1,0,42,3,82,881,82881,66,2007,"1FUJA6CV07LZ","1","F","U","J","A","6","C","V","0","7","L","Z",1,1,57,"84850","5784850",3,6,1,1,0,0,0,0,0,0,0,55,0,0,0,11,4,5,8,0,0,0,1,42,16671,6,1,6,0,3,0,72,999,0,0,0,1,1,5,2013,12,2015,0,0,0,0,0,3,4,55,1,1,2,1,0,0,1,80,1,1,1,13,"888888888888","777777777777","777777777777",0,0
37,370838,1,7,1,22,8,9,50,12,1,1,0,37,1,20,481,20481,31,2015,"3GCUKREC0FG3","3","G","C","U","K","R","E","C","0","F","G","3",0,0,0,"000000000","00000000000",0,0,0,1,0,0,0,0,0,0,0,0,0,0,0,6,6,2,12,0,0,0,1,37,27591,6,1,0,0,3,0,73,999,0,0,0,1,0,5,2012,5,2012,0,0,0,0,0,3,4,65,1,1,2,1,0,0,5,98,1,1,1,21,"777777777777","777777777777","777777777777",0,0
37,370838,2,7,1,22,8,9,50,12,1,1,0,37,1,59,31,59031,4,2005,"JTHBA30G7551","J","T","H","B","A","3","0","G","7","5","5","1",0,0,0,"000000000","00000000000",0,0,0,1,0,0,0,0,0,0,0,60,0,0,0,12,6,2,12,0,0,0,1,37,27606,6,1,0,0,3,0,74,999,0,0,0,1,1,4,2013,11,2013,4,36,0,0,0,3,4,65,1,1,2,1,0,0,1,50,1,1,1,20,"777777777777","777777777777","777777777777",0,0
37,370838,3,7,1,22,8,9,50,12,1,1,0,37,1,59,403,59403,14,2012,"JTJZB1BAXC24","J","T","J","Z","B","1","B","A","X","C","2","4",0,0,0,"000000000","00000000000",0,0,0,1,0,0,0,0,0,0,0,60,0,0,0,6,6,2,2,0,0,1,1,37,27612,6,1,0,0,3,0,69,999,1,0,0,0,0,7,2013,7,2013,0,0,0,0,0,3,4,65,1,1,2,1,0,0,2,18,1,1,1,98,"777777777777","777777777777","777777777777",0,0
37,370838,4,7,1,22,8,9,50,12,1,1,0,37,1,49,53,49053,5,2015,"4T3BK3BB7FU1","4","T","3","B","K","3","B","B","7","F","U","1",0,0,0,"000000000","00000000000",0,0,0,1,0,0,0,0,0,0,0,60,0,0,0,12,6,2,2,0,0,1,1,37,28655,6,1,0,0,3,0,62,999,0,0,0,0,0,0,0,0,0,4,36,0,0,0,3,4,65,1,1,2,1,0,0,1,52,1,1,1,98,"777777777777","777777777777","777777777777",0,0
37,370838,5,7,2,22,8,9,50,12,1,1,0,37,1,20,421,20421,15,2003,"1GNCS13X03K1","1","G","N","C","S","1","3","X","0","3","K","1",0,0,0,"000000000","00000000000",0,0,0,1,0,0,0,0,0,0,0,60,0,1,1,12,6,2,2,0,0,1,1,37,27896,6,1,0,0,3,0,71,999,1,0,0,0,0,1,2012,1,2012,4,36,0,0,0,3,4,65,1,1,2,1,0,0,1,52,1,1,1,98,"777777777777","777777777777","777777777777",1,0
37,370838,6,7,1,22,8,9,50,12,1,1,0,37,1,55,35,55035,4,2010,"KMHDU4AD0AU8","K","M","H","D","U","4","A","D","0","A","U","8",0,0,0,"000000000","00000000000",0,0,0,1,0,0,0,0,0,0,0,60,0,0,0,11,6,2,12,0,0,0,1,37,27604,6,1,0,0,3,3,59,999,0,0,0,0,0,0,0,0,0,0,0,0,0,0,3,4,65,1,1,2,1,0,0,2,52,1,1,1,98,"777777777777","777777777777","777777777777",0,0
37,370838,7,7,1,22,8,9,50,12,1,1,0,37,1,49,472,49472,30,2009,"5TENX22N19Z6","5","T","E","N","X","2","2","N","1","9","Z","6",0,0,0,"000000000","00000000000",0,0,0,1,0,0,0,0,0,0,0,60,0,0,0,12,6,2,12,0,0,0,1,37,27896,6,1,0,0,3,3,68,999,0,0,0,0,0,0,0,0,0,4,36,0,0,0,3,4,65,1,1,2,1,0,0,1,52,1,1,1,98,"777777777777","777777777777","777777777777",0,0
37,370839,1,1,3,23,8,1,47,1,0,1,0,37,2,12,422,12422,15,2001,"1FMPU16L51LA","1","F","M","P","U","1","6","L","5","1","L","A",0,0,0,"000000000","00000000000",0,0,0,1,0,0,0,0,0,0,0,70,0,2,5,0,6,2,1,0,0,0,1,36,10550,0,0,0,0,0,0,72,999,0,0,0,0,0,0,0,0,0,0,58,0,0,0,3,2,70,1,1,2,1,0,0,1,13,1,1,4,1,"777777777777","777777777777","777777777777",1,0
37,370840,1,1,1,18,8,18,36,42,0,1,0,37,1,12,481,12481,31,1996,"1FTJX35F7TEB","1","F","T","J","X","3","5","F","7","T","E","B",0,0,0,"000000000","00000000000",0,0,0,1,0,0,0,0,0,0,0,100,0,0,0,12,6,2,42,0,0,0,1,37,27526,6,1,0,0,3,0,73,999,0,0,0,2,0,11,2011,11,2012,3,28,36,0,0,1,2,55,1,1,2,1,0,0,1,10,1,1,4,1,"777777777777","777777777777","777777777777",1,1
37,370841,1,3,1,12,8,13,22,12,1,1,0,13,3,84,884,84884,63,2015,"3HAGSSNT5FL7","3","H","A","G","S","S","N","T","5","F","L","7",0,0,57,"344666","57344666",3,2,3,1,0,0,0,0,0,0,0,45,0,0,0,12,6,2,12,0,0,0,1,13,30172,6,1,6,0,3,0,71,210,98,0,0,0,0,0,0,0,0,3,36,0,0,0,2,5,45,1,2,2,1,0,0,1,50,1,1,1,20,"777777777777","777777777777","777777777777",0,0
37,370841,2,3,3,12,8,13,22,12,1,1,0,37,1,12,22,12022,6,2006,"1FMDK02186GA","1","F","M","D","K","0","2","1","8","6","G","A",0,0,0,"000000000","00000000000",0,0,0,1,0,0,0,0,0,0,0,0,0,1,1,6,6,2,12,0,0,0,1,37,28681,6,1,0,0,3,3,66,999,0,0,0,0,0,0,0,0,0,0,0,0,0,0,2,5,45,1,2,2,1,0,0,5,53,1,1,1,21,"777777777777","777777777777","777777777777",1,0
37,370841,3,3,2,12,8,13,22,12,1,1,0,51,1,51,50,51050,6,2012,"YV4952DZ0C23","Y","V","4","9","5","2","D","Z","0","C","2","3",0,0,0,"000000000","00000000000",0,0,0,1,0,0,0,0,0,0,0,0,0,0,0,11,6,2,12,0,0,0,1,51,23009,6,1,0,0,3,0,68,170,0,0,0,0,0,0,0,0,0,0,0,0,0,0,2,2,45,1,2,2,1,0,0,5,98,1,1,1,98,"777777777777","777777777777","777777777777",0,0
37,370842,1,1,2,10,8,13,1,42,0,1,0,37,2,49,40,49040,4,1998,"4T1BG22K6WU2","4","T","1","B","G","2","2","K","6","W","U","2",0,0,0,"000000000","00000000000",0,0,0,1,0,0,0,0,0,0,0,65,0,1,5,12,6,2,1,0,0,0,1,37,28704,3,1,0,0,2,0,67,999,0,0,0,0,0,0,0,0,0,3,36,0,0,0,1,2,45,1,1,2,2,0,0,1,10,1,1,4,6,"777777777777","777777777777","777777777777",1,0
37,370843,1,1,1,28,8,9,13,42,0,1,0,37,1,59,32,59032,4,1998,"JT8BH28FXW01","J","T","8","B","H","2","8","F","X","W","0","1",0,0,0,"000000000","00000000000",0,0,0,1,0,0,0,0,0,0,0,65,0,1,5,4,6,2,42,0,0,0,1,37,27855,6,1,0,0,3,0,66,999,0,1,0,0,1,9,2011,1,2012,3,36,0,0,0,1,2,55,3,2,2,1,0,0,14,13,1,1,4,1,"777777777777","777777777777","777777777777",1,1
37,370844,1,2,4,23,8,21,34,12,6,1,0,37,2,18,7,18007,4,1993,"1G4AG55N3P64","1","G","4","A","G","5","5","N","3","P","6","4",0,0,0,"000000000","00000000000",0,0,0,1,0,0,0,0,0,0,0,55,0,0,0,9,6,2,12,0,0,0,1,37,28373,6,1,0,0,3,3,71,999,0,0,0,0,1,1,2016,1,2016,0,39,0,0,0,1,2,55,1,3,2,1,20,3,1,17,1,1,1,89,"777777777777","777777777777","777777777777",1,0
37,370844,2,2,3,23,8,21,34,12,6,1,0,37,1,18,22,18022,4,2010,"1G4GA5EC6AF3","1","G","4","G","A","5","E","C","6","A","F","3",0,0,0,"000000000","00000000000",0,0,0,1,0,0,0,0,0,0,0,55,0,0,0,12,6,2,12,0,0,0,1,37,28387,1,1,0,0,2,0,66,999,1,2,0,0,4,5,2013,6,2016,0,0,0,0,0,1,2,55,1,3,2,1,0,0,1,54,1,1,1,88,"777777777777","777777777777","777777777777",0,0
37,370845,1,2,1,31,8,19,49,12,6,1,0,37,3,82,881,82881,66,2005,"1FUJA6CK15LN","1","F","U","J","A","6","C","K","1","5","L","N",1,1,57,"973514","57973514",3,6,97,1,0,0,0,0,0,0,0,55,0,0,0,11,6,2,12,0,0,0,1,37,28328,6,1,6,0,3,3,74,999,0,1,0,0,2,10,2011,12,2015,0,0,0,0,0,1,2,55,1,1,2,1,0,0,1,54,1,1,1,89,"888888888888","777777777777","777777777777",0,0
37,370845,2,2,1,31,8,19,49,12,6,1,0,37,1,41,50,41050,4,2005,"1YVFP80C555M","1","Y","V","F","P","8","0","C","5","5","5","M",0,0,0,"000000000","00000000000",0,0,0,1,0,0,0,0,0,0,0,55,0,0,0,12,6,2,12,0,0,0,1,37,28376,6,1,0,0,3,3,74,999,1,0,0,0,0,4,2013,4,2013,0,39,0,0,0,1,2,55,1,1,2,1,20,3,1,17,1,1,1,88,"777777777777","777777777777","777777777777",1,0
37,370846,1,1,1,10,8,8,52,8,0,1,1,99,9,99,999,99999,99,9999,"999999999999","9","9","9","9","9","9","9","9","9","9","9","9",0,0,0,"000000000","00000000000",0,0,0,1,0,0,0,0,0,0,0,999,0,0,0,99,9,5,8,0,0,0,1,99,99999,9,9,99,9,9,9,999,999,99,99,99,99,99,99,9999,99,9999,9,99,99,99,99,2,2,70,1,1,2,1,0,0,1,80,1,1,1,13,"777777777777","777777777777","777777777777",0,0
37,370847,1,1,3,18,8,0,24,30,0,1,0,37,1,7,482,7482,31,2014,"1C6RR7KT5ES1","1","C","6","R","R","7","K","T","5","E","S","1",0,0,0,"000000000","00000000000",0,0,0,1,0,0,0,0,0,0,0,71,0,0,0,3,6,2,30,0,0,0,1,37,28079,6,1,0,0,3,3,68,999,0,0,0,3,4,4,2012,1,2016,3,36,0,0,0,2,4,45,3,1,2,1,0,0,14,13,1,1,4,1,"777777777777","777777777777","777777777777",1,1
37,370848,1,2,1,20,8,2,12,12,2,1,0,45,1,55,35,55035,4,2013,"KMHDH4AE3DU6","K","M","H","D","H","4","A","E","3","D","U","6",0,0,0,"000000000","00000000000",0,0,0,1,0,0,0,0,0,0,0,998,0,0,0,12,6,2,12,0,0,0,1,45,29710,6,1,0,0,3,3,68,140,2,0,1,0,1,3,2013,10,2014,9,28,0,0,0,2,4,45,1,1,2,1,0,0,1,10,1,1,2,50,"777777777777","777777777777","777777777777",0,1
37,370848,2,2,4,20,8,2,12,12,2,1,0,37,1,49,40,49040,4,2015,"4T1BF1FK1FU9","4","T","1","B","F","1","F","K","1","F","U","9",0,0,0,"000000000","00000000000",0,0,0,1,0,0,0,0,0,0,0,998,0,0,0,12,6,2,12,0,0,0,1,37,28278,6,1,0,0,3,3,70,999,1,0,0,0,0,6,2015,6,2015,9,0,0,0,0,2,4,45,1,1,2,1,0,0,1,62,1,1,1,51,"777777777777","777777777777","777777777777",1,0
37,370849,1,2,1,23,8,17,5,12,6,1,0,37,2,12,401,12401,14,2002,"1FMZU63K52ZC","1","F","M","Z","U","6","3","K","5","2","Z","C",0,0,0,"000000000","00000000000",0,0,0,1,0,0,0,0,0,0,0,998,0,0,0,1,6,2,12,0,0,0,1,37,28210,6,1,0,0,3,0,61,999,0,0,0,0,0,0,0,0,0,0,38,0,0,0,1,4,40,1,2,2,1,3,3,11,15,1,1,1,68,"777777777777","777777777777","777777777777",1,0
37,370849,2,2,2,23,8,17,5,12,6,1,0,37,3,82,881,82881,62,2006,"1FVACWCS96HW","1","F","V","A","C","W","C","S","9","6","H","W",0,0,88,"888888888","88888888888",2,1,1,1,0,0,0,0,0,0,0,998,0,0,0,12,6,2,12,0,0,0,1,37,28212,6,1,0,0,3,0,66,999,1,0,0,1,0,2,2013,7,2016,0,0,0,0,0,1,4,40,1,1,2,1,3,3,1,54,1,1,1,69,"777777777777","777777777777","777777777777",0,0
37,370850,1,1,1,20,8,23,40,8,0,1,0,37,3,51,43,51043,4,1999,"YV1LS55A0X26","Y","V","1","L","S","5","5","A","0","X","2","6",0,0,0,"000000000","00000000000",0,0,0,1,0,0,0,0,0,0,0,45,0,0,0,12,6,2,8,0,0,0,1,37,28270,6,1,0,0,3,0,64,999,1,1,0,1,0,6,2012,1,2014,0,0,0,0,0,1,2,35,1,1,2,1,0,0,1,80,1,1,1,13,"777777777777","777777777777","777777777777",0,0
37,370851,1,1,2,19,8,4,53,8,0,1,0,12,1,18,401,18401,14,2004,"3G5DA03E24S5","3","G","5","D","A","0","3","E","2","4","S","5",0,0,0,"000000000","00000000000",0,0,0,1,0,0,0,0,0,0,0,65,0,0,0,12,4,5,8,0,0,0,1,12,33437,6,1,0,0,3,0,63,999,0,1,0,0,0,5,2012,5,2012,0,0,0,0,0,2,2,70,1,1,2,1,0,0,1,80,1,1,1,13,"777777777777","777777777777","777777777777",0,0
37,370852,1,1,1,29,8,22,44,8,0,1,0,37,2,7,472,7472,30,2004,"1D7HG48NX4S6","1","D","7","H","G","4","8","N","X","4","S","6",0,0,0,"000000000","00000000000",0,0,0,1,0,0,0,0,0,0,0,51,0,0,0,12,6,2,8,0,0,0,1,37,27804,1,1,0,0,2,0,70,999,3,7,0,0,6,9,2011,7,2016,4,36,0,0,0,1,2,45,1,1,2,1,0,0,1,81,7,1,4,13,"777777777777","777777777777","777777777777",0,1
37,370853,1,3,2,21,8,1,52,9,0,1,0,37,2,59,31,59031,4,2006,"JTHBA30G0651","J","T","H","B","A","3","0","G","0","6","5","1",0,0,0,"000000000","00000000000",0,0,0,1,0,0,0,0,0,0,0,40,0,0,0,12,6,2,9,0,0,0,1,37,28405,6,1,0,0,3,0,70,999,0,0,0,0,0,0,0,0,0,0,0,0,0,0,1,3,45,1,1,2,2,0,0,1,83,1,1,1,13,"777777777777","777777777777","777777777777",0,0
37,370853,2,3,1,21,8,1,52,9,0,1,0,37,1,14,36,14036,6,1998,"3MEFM15P4WR6","3","M","E","F","M","1","5","P","4","W","R","6",0,0,0,"000000000","00000000000",0,0,0,1,0,0,0,0,0,0,0,40,0,0,0,14,2,5,9,0,0,0,1,37,28401,6,1,0,0,3,0,70,999,0,0,0,0,0,0,0,0,0,0,0,0,0,0,1,3,45,1,1,2,2,0,0,1,81,1,1,1,98,"777777777777","777777777777","777777777777",0,0
37,370853,3,3,3,21,8,1,52,9,0,1,0,37,2,49,32,49032,4,2001,"1NXBR12E61Z4","1","N","X","B","R","1","2","E","6","1","Z","4",0,0,0,"000000000","00000000000",0,0,0,1,0,0,0,0,0,0,0,40,0,0,0,14,2,5,9,0,0,0,1,37,28433,6,1,0,0,3,0,73,999,0,0,0,0,0,0,0,0,0,0,0,0,0,0,1,3,45,1,1,2,2,0,0,1,80,1,1,1,98,"777777777777","777777777777","777777777777",0,0
37,370854,1,1,1,30,8,22,37,8,0,1,0,37,1,20,481,20481,31,2001,"1GCEC14V71Z2","1","G","C","E","C","1","4","V","7","1","Z","2",0,0,0,"000000000","00000000000",0,0,0,1,0,0,0,0,0,0,0,45,0,0,0,14,0,5,8,0,0,0,1,37,28040,6,1,0,0,3,3,63,999,0,0,0,0,0,0,0,0,0,0,0,0,0,0,1,2,55,1,3,2,1,0,0,1,80,1,1,1,13,"777777777777","777777777777","777777777777",0,0
37,370855,1,2,1,31,8,21,9,12,6,1,0,37,3,85,884,85884,63,2016,"1NKZXPEXXGJ1","1","N","K","Z","X","P","E","X","X","G","J","1",0,0,57,"2360001","572360001",3,2,4,1,0,0,0,0,0,0,0,5,0,0,0,5,2,3,12,0,0,0,1,37,27511,6,1,6,0,3,3,71,999,0,0,0,0,0,0,0,0,0,0,31,0,0,0,2,6,45,1,2,2,1,0,0,12,21,1,1,2,98,"777777777777","777777777777","777777777777",0,0
37,370855,2,2,1,31,8,21,9,12,6,1,0,37,1,35,43,35043,4,2003,"3N1CB51DX3L7","3","N","1","C","B","5","1","D","X","3","L","7",0,0,0,"000000000","00000000000",0,0,0,1,0,0,0,0,0,0,0,45,0,0,0,12,6,2,12,0,0,0,1,37,27606,6,1,0,0,3,0,61,999,1,2,0,1,3,6,2012,2,2016,0,99,99,99,99,2,6,45,1,2,2,1,0,0,1,56,1,1,1,98,"777777777777","777777777777","777777777777",1,1
37,370856,1,3,2,15,2,19,47,12,1,1,0,37,1,20,2,20002,4,2005,"2G1WH52K1592","2","G","1","W","H","5","2","K","1","5","9","2",0,0,0,"000000000","00000000000",0,0,0,1,0,0,0,0,0,0,0,30,0,0,0,12,6,2,12,0,0,0,1,37,28152,6,1,0,0,3,0,64,999,1,0,0,2,0,10,2014,12,2015,4,28,36,0,0,1,2,35,2,3,2,4,0,0,14,50,1,1,1,20,"777777777777","777777777777","777777777777",1,0
37,370856,2,3,2,15,2,19,47,12,1,1,0,37,1,2,404,2404,14,2001,"1J4GW48S21C5","1","J","4","G","W","4","8","S","2","1","C","5",0,0,0,"000000000","00000000000",0,0,0,1,0,0,0,0,0,0,0,0,0,0,0,6,4,5,12,0,0,0,1,37,28092,6,1,0,0,3,0,72,999,0,0,0,0,0,0,0,0,0,0,0,0,0,0,1,2,35,2,3,2,4,0,0,14,98,1,1,1,21,"777777777777","777777777777","777777777777",0,0