"STATE","ST_CASE","VEH_NO","VE_FORMS","NUMOCCS","DAY","MONTH","HOUR","MINUTE","HARM_EV","MAN_COLL","UNITTYPE","HIT_RUN","REG_STAT","OWNER","MAKE","MODEL","MAK_MOD","BODY_TYP","MOD_YEAR","VIN","VIN_1","VIN_2","VIN_3","VIN_4","VIN_5","VIN_6","VIN_7","VIN_8","VIN_9","VIN_10","VIN_11","VIN_12","TOW_VEH","J_KNIFE","MCARR_I1","MCARR_I2","MCARR_ID","GVWR","V_CONFIG","CARGO_BT","HAZ_INV","HAZ_PLAC","HAZ_ID","HAZ_CNO","HAZ_REL","BUS_USE","SPEC_USE","EMER_USE","TRAV_SP","UNDERIDE","ROLLOVER","ROLINLOC","IMPACT1","DEFORMED","TOWED","M_HARM","VEH_SC1","VEH_SC2","FIRE_EXP","DR_PRES","L_STATE","DR_ZIP","L_STATUS","L_TYPE","CDL_STAT","L_ENDORS","L_COMPL","L_RESTRI","DR_HGT","DR_WGT","PREV_ACC","PREV_SUS","PREV_DWI","PREV_SPD","PREV_OTH","FIRST_MO","FIRST_YR","LAST_MO","LAST_YR","SPEEDREL","DR_SF1","DR_SF2","DR_SF3","DR_SF4","VTRAFWAY","VNUM_LAN","VSPD_LIM","VALIGN","VPROFILE","VPAVETYP","VSURCOND","VTRAFCON","VTCONT_F","P_CRASH1","P_CRASH2","P_CRASH3","PCRASH4","PCRASH5","ACC_TYPE","TRLR1VIN","TRLR2VIN","TRLR3VIN","DEATHS","DR_DRINK"
37,371044,1,2,1,23,10,21,18,12,2,1,0,37,2,12,473,12473,30,2007,"1FMEU31K57UA","1","F","M","E","U","3","1","K","5","7","U","A",0,0,0,"000000000","00000000000",0,0,0,1,0,0,0,0,0,0,0,50,0,0,0,12,6,2,12,0,0,0,1,37,27606,1,1,0,0,2,0,999,999,0,1,0,0,1,8,2015,8,2015,0,28,0,0,0,3,4,60,1,1,2,1,0,0,1,10,1,1,2,52,"777777777777","777777777777","777777777777",0,1
37,371044,2,2,1,23,10,21,18,12,2,1,0,37,2,55,33,55033,4,2013,"KMHEC4A42DA0","K","M","H","E","C","4","A","4","2","D","A","0",0,0,0,"000000000","00000000000",0,0,0,1,0,0,0,0,0,0,0,55,0,0,0,12,6,2,12,0,0,0,1,37,27617,6,1,0,0,3,3,70,999,0,0,0,1,0,9,2015,9,2015,0,0,0,0,0,3,4,60,1,1,2,1,0,0,1,54,1,1,1,52,"777777777777","777777777777","777777777777",1,0
37,371045,1,1,2,2,10,1,41,24,0,1,0,37,2,55,33,55033,4,2004,"KMHWF35H44A0","K","M","H","W","F","3","5","H","4","4","A","0",0,0,0,"000000000","00000000000",0,0,0,1,0,0,0,0,0,0,0,50,0,0,0,2,6,2,42,0,0,0,1,37,28211,6,1,0,0,3,3,64,999,0,1,0,1,1,11,2011,9,2013,3,36,0,0,0,1,2,35,3,2,2,1,0,0,14,13,1,1,4,1,"777777777777","777777777777","777777777777",1,1
37,371046,1,2,1,12,10,7,56,12,2,1,0,37,3,84,884,84884,63,1999,"1HTTGAST8XJ0","1","H","T","T","G","A","S","T","8","X","J","0",0,0,57,"2484315","572484315",3,2,4,1,0,0,0,0,0,0,0,55,0,0,0,12,6,2,12,0,0,0,1,37,28777,6,1,6,0,3,0,69,999,0,0,0,0,0,0,0,0,0,4,28,36,0,0,1,3,55,3,2,2,1,0,0,14,50,6,1,2,50,"777777777777","777777777777","777777777777",0,0
37,371046,2,2,1,12,10,7,56,12,2,1,0,37,2,37,31,37031,4,2001,"2HGES26711H6","2","H","G","E","S","2","6","7","1","1","H","6",0,0,0,"000000000","00000000000",0,0,0,1,0,0,0,0,0,0,0,55,0,0,0,12,6,2,12,0,0,0,1,37,28681,6,1,0,0,3,0,64,999,0,0,0,0,0,0,0,0,0,0,0,0,0,0,1,3,55,2,5,2,1,0,0,14,62,1,1,1,51,"777777777777","777777777777","777777777777",1,0
37,371047,1,2,1,11,10,17,19,12,2,1,0,37,2,7,482,7482,31,2015,"3C6UR5CL2FG5","3","C","6","U","R","5","C","L","2","F","G","5",0,0,0,"000000000","00000000000",0,0,0,1,0,0,0,0,0,0,0,70,0,1,5,12,6,2,12,0,0,0,1,37,28365,6,1,0,0,3,3,71,999,0,0,0,0,1,2,2012,2,2012,3,28,36,0,0,1,2,55,2,1,2,1,0,0,14,10,1,1,2,50,"777777777777","777777777777","777777777777",0,1
37,371047,2,2,2,11,10,17,19,12,2,1,0,37,1,35,472,35472,30,2008,"1N6BD06T28C4","1","N","6","B","D","0","6","T","2","8","C","4",0,0,0,"000000000","00000000000",0,0,0,1,0,0,0,0,0,0,0,50,0,0,0,12,6,2,12,0,0,0,1,37,28560,6,1,0,0,3,0,70,999,1,0,0,0,0,12,2011,12,2011,0,0,0,0,0,1,2,55,3,1,2,1,0,0,14,62,1,1,1,51,"777777777777","777777777777","777777777777",1,0
37,371048,1,1,1,15,10,16,9,1,0,1,0,37,1,53,706,53706,80,2002,"JS1GW71AX221","J","S","1","G","W","7","1","A","X","2","2","1",0,0,0,"000000000","00000000000",0,0,0,1,0,0,0,0,0,0,0,45,0,0,0,0,6,2,32,0,0,0,1,37,28333,6,1,0,0,3,0,69,999,0,0,0,0,1,8,2016,8,2016,3,36,0,0,0,1,2,25,3,1,2,1,0,0,14,13,1,1,4,1,"777777777777","777777777777","777777777777",1,0
37,371049,1,1,1,10,10,9,25,3,0,1,0,37,2,45,40,45040,1,1999,"WP0CA2981XU6","W","P","0","C","A","2","9","8","1","X","U","6",0,0,0,"000000000","00000000000",0,0,0,1,0,0,0,0,0,0,0,55,0,0,0,0,6,2,3,0,0,0,1,37,27880,1,1,0,0,2,0,63,999,0,7,5,0,0,5,2012,9,2015,0,99,99,99,99,1,2,55,1,4,2,6,0,0,1,98,1,1,1,0,"777777777777","777777777777","777777777777",1,1
37,371050,1,3,1,23,9,13,23,12,6,1,0,37,3,84,884,84884,63,2012,"1HTMKAAN0CH6","1","H","T","M","K","A","A","N","0","C","H","6",0,0,57,"282018","57282018",3,1,3,1,0,0,0,0,0,0,0,15,0,0,0,9,6,2,12,0,0,0,1,37,27455,6,1,6,0,3,3,65,999,0,0,0,0,0,0,0,0,0,0,0,0,0,0,1,3,35,1,1,2,1,3,3,11,15,1,1,1,82,"777777777777","777777777777","777777777777",0,0
37,371050,2,3,2,23,9,13,23,12,6,1,0,37,1,49,40,49040,4,2014,"4T1BF1FK6EU8","4","T","1","B","F","1","F","K","6","E","U","8",0,0,0,"000000000","00000000000",0,0,0,1,0,0,0,0,0,0,0,15,0,0,0,9,6,2,12,0,0,0,1,37,27284,6,1,0,0,3,3,76,999,0,0,0,0,0,0,0,0,0,0,0,0,0,0,1,3,35,1,1,2,1,3,3,11,15,1,1,1,98,"777777777777","777777777777","777777777777",1,0
37,371050,3,3,1,23,9,13,23,12,6,1,0,37,3,12,481,12481,31,2003,"1FTWW33P83ED","1","F","T","W","W","3","3","P","8","3","E","D",0,0,0,"000000000","00000000000",0,0,0,1,0,0,0,0,0,0,0,35,0,0,0,12,4,5,12,0,0,0,1,37,27358,6,1,6,0,3,0,72,999,1,0,0,0,0,3,2013,3,2013,5,36,0,0,0,1,3,35,1,1,2,1,3,3,1,17,1,1,1,83,"777777777777","777777777777","777777777777",0,0
37,371051,1,2,1,19,9,9,36,12,2,1,0,37,1,22,441,22441,20,2006,"1GMDV33L16D1","1","G","M","D","V","3","3","L","1","6","D","1",0,0,0,"000000000","00000000000",0,0,0,1,0,0,0,0,0,0,0,45,0,0,0,12,6,2,12,0,0,0,1,37,28555,6,1,0,0,3,3,64,999,0,0,0,0,0,0,0,0,0,4,36,0,0,0,1,2,55,1,1,2,1,0,0,1,98,1,1,1,52,"777777777777","777777777777","777777777777",1,0
37,371051,2,2,1,19,9,9,36,12,2,1,0,37,0,98,998,98998,92,2015,"000000000000","0","0","0","0","0","0","0","0","0","0","0","0",0,0,0,"000000000","00000000000",0,0,0,1,0,0,0,0,0,0,0,15,0,0,0,12,4,5,12,0,0,0,1,37,28551,0,0,0,0,0,0,999,999,0,0,0,0,0,0,0,0,0,0,0,0,0,0,1,2,55,1,1,2,1,0,0,1,98,1,1,1,52,"777777777777","777777777777","777777777777",0,0
37,371052,1,2,1,19,10,11,31,12,2,1,0,37,2,42,48,42048,4,2003,"WDBUF70J73A1","W","D","B","U","F","7","0","J","7","3","A","1",0,0,0,"000000000","00000000000",0,0,0,1,0,0,0,0,0,0,0,25,0,0,0,12,6,2,12,0,0,0,1,37,27253,6,1,0,0,3,0,67,999,0,0,0,0,0,0,0,0,0,0,38,0,0,0,1,2,55,1,1,2,1,0,0,11,15,1,1,1,84,"777777777777","777777777777","777777777777",0,0
37,371052,2,2,1,19,10,11,31,12,2,1,0,37,1,37,32,37032,4,1990,"1HGCB7660LA1","1","H","G","C","B","7","6","6","0","L","A","1",0,0,0,"000000000","00000000000",0,0,0,1,0,0,0,0,0,0,0,45,0,0,0,12,6,2,12,0,0,0,1,37,27302,6,1,0,0,3,3,73,999,1,0,0,0,0,11,2015,11,2015,0,0,0,0,0,1,2,55,1,1,2,1,0,0,1,54,1,1,1,84,"777777777777","777777777777","777777777777",1,0
37,371053,1,1,1,29,10,15,0,24,0,1,0,37,1,72,706,72706,80,2016,"1HD1BWV1XGB0","1","H","D","1","B","W","V","1","X","G","B","0",0,0,0,"000000000","00000000000",0,0,0,1,0,0,0,0,0,0,0,35,0,0,0,12,6,2,24,0,0,0,1,37,27371,6,1,0,0,3,0,61,999,0,0,0,0,0,0,0,0,0,0,58,0,0,0,1,2,55,3,2,2,1,0,0,14,13,1,1,4,1,"777777777777","777777777777","777777777777",1,0
37,371054,1,1,1,19,10,17,51,32,0,1,0,92,0,76,703,76703,80,2005,"888888888888","8","8","8","8","8","8","8","8","8","8","8","8",0,0,0,"000000000","00000000000",0,0,0,1,0,0,0,0,0,0,0,55,0,0,0,12,6,2,32,0,0,0,1,37,27817,0,0,0,0,0,0,999,999,0,0,0,0,0,0,0,0,0,0,36,0,0,0,1,2,55,1,1,2,1,0,0,1,13,1,1,4,1,"777777777777","777777777777","777777777777",1,0
37,371055,1,1,1,31,10,22,35,40,0,1,0,37,1,35,48,35048,2,2007,"JN1BZ36A37M6","J","N","1","B","Z","3","6","A","3","7","M","6",0,0,0,"000000000","00000000000",0,0,0,1,0,0,0,0,0,0,0,100,0,1,5,9,6,2,1,0,0,0,1,37,28791,6,1,0,0,3,0,69,999,1,0,0,1,0,2,2016,10,2016,3,36,0,0,0,1,5,45,1,2,2,1,0,0,1,11,1,1,4,1,"777777777777","777777777777","777777777777",1,1
37,371056,1,1,1,16,10,5,53,8,0,1,0,37,3,85,881,85881,66,2008,"1XKAD49X18J2","1","X","K","A","D","4","9","X","1","8","J","2",1,1,57,"2559923","572559923",3,6,1,1,0,0,0,0,0,0,0,55,0,0,0,12,6,2,8,0,0,0,1,37,27207,6,1,6,0,3,0,70,999,1,0,0,0,0,10,2016,10,2016,0,0,0,0,0,2,2,60,1,1,2,1,0,0,1,80,1,1,1,13,"888888888888","777777777777","777777777777",0,0
37,371057,1,1,1,21,10,6,37,9,0,1,0,37,3,20,481,20481,31,2006,"3GCEC14V66G2","3","G","C","E","C","1","4","V","6","6","G","2",0,0,0,"000000000","00000000000",0,0,0,1,0,0,0,0,0,0,0,60,0,0,0,1,4,3,9,0,0,0,1,37,27523,6,1,0,0,3,0,66,999,1,2,0,2,1,5,2012,3,2016,4,36,0,0,0,1,2,55,1,1,2,1,0,0,1,80,1,1,1,13,"777777777777","777777777777","777777777777",0,0
37,371058,1,1,1,5,10,6,45,8,0,1,0,37,2,12,481,12481,31,1995,"1FTDF15Y2SLB","1","F","T","D","F","1","5","Y","2","S","L","B",0,0,0,"000000000","00000000000",0,0,0,1,0,0,0,0,0,0,0,50,0,0,0,12,4,5,8,0,0,0,1,37,28510,6,1,0,0,3,0,70,999,0,0,0,1,0,6,2014,6,2014,0,0,0,0,0,2,4,50,1,1,2,1,0,0,1,80,1,1,1,13,"777777777777","777777777777","777777777777",0,0
37,371059,1,1,1,20,10,20,2,8,0,1,0,37,2,41,471,41471,30,1995,"4F4CR12A5STM","4","F","4","C","R","1","2","A","5","S","T","M",0,0,0,"000000000","00000000000",0,0,0,1,0,0,0,0,0,0,0,40,0,0,0,12,4,5,8,0,0,0,1,37,28560,6,1,0,0,3,0,70,999,0,0,0,0,0,0,0,0,0,0,0,0,0,0,1,5,35,1,1,2,1,0,0,1,80,1,1,1,13,"777777777777","777777777777","777777777777",0,0
37,371060,1,2,1,21,10,20,23,12,6,1,0,37,2,14,6,14006,4,1994,"2MELM75W8RX6","2","M","E","L","M","7","5","W","8","R","X","6",0,0,0,"000000000","00000000000",0,0,0,1,0,0,0,0,0,0,0,10,0,0,0,9,6,2,12,0,0,0,1,37,27360,6,1,0,0,3,0,63,999,0,0,0,0,0,0,0,0,0,0,38,0,0,0,1,2,35,1,1,2,1,20,3,4,17,1,1,1,89,"777777777777","777777777777","777777777777",1,0
37,371060,2,2,1,21,10,20,23,12,6,1,0,37,1,12,481,12481,31,2000,"1FTSX31F4YEC","1","F","T","S","X","3","1","F","4","Y","E","C",0,0,0,"000000000","00000000000",0,0,0,1,0,0,0,0,0,0,0,55,0,0,0,12,4,5,12,0,0,0,1,37,27360,6,1,0,0,3,0,73,999,0,0,0,0,0,0,0,0,0,0,0,0,0,0,1,2,55,1,1,2,1,0,0,1,66,1,1,1,88,"777777777777","777777777777","777777777777",0,0
37,371061,1,1,1,29,10,15,56,30,0,1,0,37,1,37,32,37032,4,2012,"1HGCP3F8XCA0","1","H","G","C","P","3","F","8","X","C","A","0",0,0,0,"000000000","00000000000",0,0,0,1,0,0,0,0,0,0,0,60,0,0,0,12,6,2,30,0,0,0,1,37,27107,6,1,0,0,3,0,64,999,1,1,0,0,2,2,2013,1,2014,0,0,0,0,0,2,5,55,1,1,2,1,3,3,1,10,1,1,4,6,"777777777777","777777777777","777777777777",1,1
37,371062,1,1,1,9,10,20,40,16,0,1,0,37,1,98,703,98703,80,2008,"LFFWKT3C6831","L","F","F","W","K","T","3","C","6","8","3","1",0,0,0,"000000000","00000000000",0,0,0,1,0,0,0,0,0,0,0,35,0,0,0,0,6,2,16,0,0,0,1,37,28453,1,1,0,0,2,0,68,999,1,0,0,0,1,8,2013,9,2015,0,0,0,0,0,1,2,55,1,1,2,1,0,0,1,98,1,1,1,0,"777777777777","777777777777","777777777777",1,0
37,371063,1,2,1,6,10,21,29,12,6,1,0,37,1,49,43,49043,4,1997,"4T1BF12B7VU1","4","T","1","B","F","1","2","B","7","V","U","1",0,0,0,"000000000","00000000000",0,0,0,1,0,0,0,0,0,0,0,15,0,0,0,2,4,5,12,0,0,0,1,37,27705,6,1,0,0,3,0,71,999,0,0,0,0,0,0,0,0,0,0,0,0,0,0,1,2,35,1,3,2,1,3,3,11,15,1,1,1,68,"777777777777","777777777777","777777777777",0,0
37,371063,2,2,1,6,10,21,29,12,6,1,0,37,2,37,705,37705,80,2006,"JH2PC37026M3","J","H","2","P","C","3","7","0","2","6","M","3",0,0,0,"000000000","00000000000",0,0,0,1,0,0,0,0,0,0,0,45,0,0,0,12,2,5,12,0,0,0,1,4,85266,1,1,0,0,2,0,69,160,1,8,0,3,2,5,2012,3,2014,0,39,0,0,0,1,2,35,1,3,2,1,3,3,1,17,1,1,1,69,"777777777777","777777777777","777777777777",1,1
37,371064,1,2,2,26,10,18,41,12,6,1,0,37,4,49,40,49040,4,2017,"4T1BF1FK2HU3","4","T","1","B","F","1","F","K","2","H","U","3",0,0,0,"000000000","00000000000",0,0,0,1,0,0,0,0,0,0,0,0,0,0,0,12,6,2,12,0,0,0,1,37,27701,1,1,0,0,2,0,68,999,0,2,0,0,2,9,2012,8,2013,0,0,0,0,0,1,2,35,1,1,2,1,0,0,11,61,1,1,1,82,"777777777777","777777777777","777777777777",0,0
37,371064,2,2,1,26,10,18,41,12,6,1,0,37,2,37,32,37032,4,1996,"1HGCD5632TA2","1","H","G","C","D","5","6","3","2","T","A","2",0,0,0,"000000000","00000000000",0,0,0,1,0,0,0,0,0,0,0,55,0,0,0,2,6,2,12,0,0,0,1,37,27536,1,1,0,0,2,0,63,999,0,0,0,0,0,0,0,0,0,3,36,58,0,0,1,2,35,1,1,2,1,0,0,1,11,1,1,1,83,"777777777777","777777777777","777777777777",1,0
37,371065,1,1,1,20,10,19,2,8,0,1,0,37,1,37,441,37441,20,2001,"2HKRL18501H6","2","H","K","R","L","1","8","5","0","1","H","6",0,0,0,"000000000","00000000000",0,0,0,1,0,0,0,0,0,0,0,42,0,0,0,12,2,5,8,0,0,0,1,37,27105,3,1,0,0,2,0,60,999,0,0,0,0,2,3,2013,1,2015,0,0,0,0,0,1,2,45,1,1,2,1,0,0,1,80,1,1,1,13,"777777777777","777777777777","777777777777",0,0
37,371066,1,1,1,12,10,21,34,8,0,1,1,99,9,99,999,99999,99,9999,"999999999999","9","9","9","9","9","9","9","9","9","9","9","9",0,0,0,"000000000","00000000000",0,0,0,1,0,0,0,0,0,0,0,55,0,0,0,12,4,5,8,0,0,0,1,99,99999,9,9,99,9,9,9,999,999,99,99,99,99,99,99,9999,99,9999,0,0,0,0,0,1,2,55,1,1,2,1,0,0,1,80,1,1,1,13,"777777777777","777777777777","777777777777",0,0
37,371067,1,2,1,18,10,13,28,12,6,1,0,37,1,12,3,12003,2,2011,"1ZVBP8EM8B51","1","Z","V","B","P","8","E","M","8","B","5","1",0,0,0,"000000000","00000000000",0,0,0,1,0,0,0,0,0,0,0,55,0,0,0,9,6,2,12,0,0,0,1,37,28079,6,1,0,0,3,0,66,999,0,0,0,0,0,0,0,0,0,0,38,0,0,0,1,2,55,4,2,2,1,20,3,11,15,1,1,1,82,"777777777777","777777777777","777777777777",1,0
37,371067,2,2,3,18,10,13,28,12,6,1,0,37,1,63,34,63034,4,2013,"5XXGR4A6XDG1","5","X","X","G","R","4","A","6","X","D","G","1",0,0,0,"000000000","00000000000",0,0,0,1,0,0,0,0,0,0,0,55,0,0,0,12,6,2,12,0,0,0,1,37,27536,6,1,0,0,3,0,65,999,0,0,0,0,0,0,0,0,0,0,0,0,0,0,1,2,55,1,1,2,1,0,0,1,54,1,1,1,83,"777777777777","777777777777","777777777777",0,0
37,371068,1,2,1,24,10,9,0,12,2,1,0,37,2,12,422,12422,15,2004,"1FMRU15WX4LA","1","F","M","R","U","1","5","W","X","4","L","A",0,0,0,"000000000","00000000000",0,0,0,1,0,0,0,0,0,0,0,45,0,0,0,12,6,2,12,0,0,0,1,37,27587,6,1,0,0,3,0,72,999,1,0,0,0,0,10,2014,10,2014,0,28,0,0,0,1,2,45,2,1,2,1,0,0,14,10,1,1,2,50,"777777777777","777777777777","777777777777",1,0
37,371068,2,2,2,24,10,9,0,12,2,1,0,37,3,84,881,84881,63,2001,"1HTSCABM21H3","1","H","T","S","C","A","B","M","2","1","H","3",0,0,88,"888888888","88888888888",3,1,1,1,0,0,0,0,0,0,0,40,0,0,0,12,6,2,12,0,0,0,1,37,27549,6,1,6,0,3,3,71,999,0,0,0,0,0,0,0,0,0,0,0,0,0,0,1,2,45,3,1,2,1,0,0,14,62,1,1,1,51,"777777777777","777777777777","777777777777",0,0
37,371069,1,1,1,28,10,21,44,8,0,1,1,37,2,23,8,23008,6,2008,"1GKER23768J2","1","G","K","E","R","2","3","7","6","8","J","2",0,0,0,"000000000","00000000000",0,0,0,1,0,0,0,0,0,0,0,45,0,0,0,12,2,5,8,0,0,0,1,37,28054,6,1,0,0,3,0,62,999,1,1,0,1,1,3,2013,7,2016,3,36,0,0,0,1,2,35,1,2,2,1,0,0,1,80,1,1,1,13,"777777777777","777777777777","777777777777",0,0
37,371070,1,1,1,28,10,23,12,14,0,1,0,92,0,98,703,98703,80,2010,"L08YGJEB0A10","L","0","8","Y","G","J","E","B","0","A","1","0",0,0,0,"000000000","00000000000",0,0,0,1,0,0,0,0,0,0,0,35,0,0,0,12,6,2,14,0,0,0,1,37,27406,1,1,0,0,2,0,66,999,1,3,1,0,3,12,2014,10,2016,0,0,0,0,0,1,2,35,1,2,2,1,0,0,1,50,1,1,4,11,"777777777777","777777777777","777777777777",1,1
37,371071,1,2,1,28,10,13,42,12,6,1,0,37,2,35,39,35039,4,1996,"JN1CA21D5TM4","J","N","1","C","A","2","1","D","5","T","M","4",0,0,0,"000000000","00000000000",0,0,0,1,0,0,0,0,0,0,0,65,0,1,5,12,6,2,1,0,0,0,1,37,27525,6,1,0,0,3,0,75,999,0,0,0,2,0,12,2015,5,2016,0,24,39,0,0,1,2,55,1,1,2,1,20,3,1,17,1,1,1,86,"777777777777","777777777777","777777777777",1,0
37,371071,2,2,2,28,10,13,42,12,6,1,0,37,1,12,21,12021,4,2005,"1FAFP24135G1","1","F","A","F","P","2","4","1","3","5","G","1",0,0,0,"000000000","00000000000",0,0,0,1,0,0,0,0,0,0,0,55,0,0,0,1,6,2,12,0,0,0,1,37,27850,6,1,0,0,3,0,65,999,0,0,0,0,0,0,0,0,0,0,0,0,0,0,1,2,55,1,1,2,1,0,0,1,66,1,1,1,87,"777777777777","777777777777","777777777777",0,0
37,371072,1,2,1,13,10,17,37,12,2,1,0,37,1,35,39,35039,4,2004,"1N4BA41E64C8","1","N","4","B","A","4","1","E","6","4","C","8",0,0,0,"000000000","00000000000",0,0,0,1,0,0,0,0,0,0,0,55,0,0,0,12,9,5,12,0,0,0,1,37,27332,6,1,0,0,3,0,72,999,1,0,0,0,0,3,2016,3,2016,0,0,0,0,0,1,2,55,1,2,2,1,0,0,1,54,1,1,1,74,"777777777777","777777777777","777777777777",0,0
37,371072,2,2,1,13,10,17,37,12,2,1,0,37,0,76,739,76739,90,2007,"999999999999","9","9","9","9","9","9","9","9","9","9","9","9",0,0,0,"000000000","00000000000",0,0,0,1,0,0,0,0,0,0,0,30,0,0,0,12,6,2,12,0,0,0,1,37,27332,3,1,0,0,2,0,69,999,0,0,0,0,0,0,0,0,0,0,38,0,0,0,1,2,55,1,2,2,1,0,0,11,15,1,1,1,74,"777777777777","777777777777","777777777777",1,1
37,371073,1,1,1,24,10,7,1,1,0,1,0,37,1,2,403,2403,14,1997,"1J4FY19S8VP5","1","J","4","F","Y","1","9","S","8","V","P","5",0,0,0,"000000000","00000000000",0,0,0,1,0,0,0,0,0,0,0,70,0,2,3,0,6,2,1,0,0,0,1,37,27330,6,1,0,0,3,3,69,999,2,3,1,1,1,1,2012,5,2016,3,36,0,0,0,2,4,55,1,1,2,1,0,0,1,10,1,1,4,6,"777777777777","777777777777","777777777777",1,1
37,371074,1,2,1,30,10,17,36,1,0,1,0,37,1,76,706,76706,80,1986,"JYA1RM00XGA0","J","Y","A","1","R","M","0","0","X","G","A","0",0,0,0,"000000000","00000000000",0,0,0,1,0,0,0,0,0,0,0,55,0,0,0,0,6,2,12,0,0,0,1,37,28716,6,1,0,0,3,0,68,999,0,0,0,0,1,10,2016,10,2016,3,28,36,0,0,1,2,35,2,1,2,1,0,0,14,10,1,1,2,98,"777777777777","777777777777","777777777777",1,0
37,371074,2,2,3,30,10,17,36,1,0,1,0,37,1,20,421,20421,15,2007,"1GNFC13007R3","1","G","N","F","C","1","3","0","0","7","R","3",0,0,0,"000000000","00000000000",0,0,0,1,0,0,0,0,0,0,0,35,0,0,0,10,6,2,12,0,0,0,1,37,28786,6,1,0,0,3,3,73,999,0,0,0,0,2,1,2012,2,2016,0,0,0,0,0,1,2,35,3,1,2,1,0,0,14,62,1,1,1,98,"777777777777","777777777777","777777777777",0,0
37,371075,1,1,3,5,10,22,48,8,0,1,0,37,1,37,441,37441,20,2016,"5FNRL5H32GB0","5","F","N","R","L","5","H","3","2","G","B","0",0,0,0,"000000000","00000000000",0,0,0,1,0,0,0,0,0,0,0,65,0,0,0,12,6,2,8,0,0,0,1,37,28269,6,1,0,0,3,0,65,999,1,0,0,1,0,4,2015,1,2016,0,0,0,0,0,2,3,65,1,1,2,1,0,0,1,80,1,1,1,13,"777777777777","777777777777","777777777777",0,0
37,371076,1,2,1,12,10,7,45,30,0,1,1,37,2,7,422,7422,15,2016,"1C4SDHCTXGC4","1","C","4","S","D","H","C","T","X","G","C","4",0,0,0,"000000000","00000000000",0,0,0,1,0,0,0,0,0,0,0,100,0,0,0,3,6,2,12,0,0,0,1,37,28269,6,1,0,0,3,0,67,999,3,0,0,3,0,2,2012,10,2015,3,36,38,0,0,1,3,45,1,1,2,1,3,3,1,11,1,1,4,1,"777777777777","777777777777","777777777777",0,1
37,371076,2,2,1,12,10,7,45,30,0,1,0,37,2,35,43,35043,4,2014,"3N1AB7AP0EL6","3","N","1","A","B","7","A","P","0","E","L","6",0,0,0,"000000000","00000000000",0,0,0,1,0,0,0,0,0,0,0,3,0,0,0,9,6,2,12,0,0,0,1,37,28115,6,1,0,0,3,0,66,999,0,0,0,0,0,0,0,0,0,0,0,0,0,0,1,3,40,1,1,2,1,3,3,4,66,1,1,1,98,"777777777777","777777777777","777777777777",1,0
37,371077,1,2,4,17,10,9,23,12,6,1,0,37,2,14,17,14017,4,2000,"1MEFM53U8YA6","1","M","E","F","M","5","3","U","8","Y","A","6",0,0,0,"000000000","00000000000",0,0,0,1,0,0,0,0,0,0,0,55,0,0,0,12,6,2,12,0,0,0,1,37,28723,6,1,0,0,3,3,64,999,0,0,0,0,1,6,2012,6,2012,0,0,0,0,0,3,4,55,1,2,2,1,0,0,1,54,1,1,1,88,"777777777777","777777777777","777777777777",0,0
37,371077,2,2,2,17,10,9,23,12,6,1,0,45,4,49,32,49032,4,2016,"5YFBURHE6GP5","5","Y","F","B","U","R","H","E","6","G","P","5",0,0,0,"000000000","00000000000",0,0,0,1,0,0,0,0,0,0,0,10,0,0,0,9,6,2,12,0,0,0,1,12,33179,6,1,0,0,3,0,75,999,0,1,0,2,5,6,2013,10,2016,0,38,0,0,0,3,4,55,1,2,2,1,20,3,4,15,1,1,1,89,"777777777777","777777777777","777777777777",1,0
37,371078,1,2,1,19,10,13,28,12,1,1,0,12,3,82,881,82881,66,2000,"1FUPCSZB5YLA","1","F","U","P","C","S","Z","B","5","Y","L","A",1,1,57,"2724961","572724961",3,6,1,1,0,0,0,0,0,0,0,0,0,0,0,6,4,5,12,0,0,1,1,12,33033,6,1,6,0,3,0,71,999,0,0,0,0,2,12,2013,7,2015,0,0,0,0,0,3,2,65,1,1,2,1,0,0,5,98,1,1,1,21,"888888888888","777777777777","777777777777",0,0
37,371078,2,2,1,19,10,13,28,12,1,1,0,42,1,12,850,12850,65,2014,"1F66F5DYXE0A","1","F","6","6","F","5","D","Y","X","E","0","A",0,0,0,"000000000","00000000000",0,0,0,1,0,0,0,0,0,0,0,60,0,0,0,12,6,2,12,0,0,1,1,42,15218,6,1,0,0,3,0,71,999,0,0,0,0,0,0,0,0,0,4,36,0,0,0,3,2,65,1,1,2,1,0,0,1,50,1,1,1,20,"777777777777","777777777777","777777777777",1,0
37,371079,1,1,1,29,10,23,59,43,0,1,0,37,2,49,43,49043,4,2006,"4T1BK36B36U0","4","T","1","B","K","3","6","B","3","6","U","0",0,0,0,"000000000","00000000000",0,0,0,1,0,0,0,0,0,0,0,65,0,0,0,12,6,2,43,0,0,0,1,37,28031,6,1,0,0,3,0,62,999,0,0,0,0,1,12,2011,12,2011,3,36,0,0,0,1,2,35,2,1,2,1,0,0,14,13,1,1,4,1,"777777777777","777777777777","777777777777",1,1
37,371080,1,1,2,25,10,18,39,1,0,1,0,47,1,12,481,12481,31,2007,"1FTPX14V07FB","1","F","T","P","X","1","4","V","0","7","F","B",0,0,0,"000000000","00000000000",0,0,0,1,0,0,0,0,0,0,0,60,0,2,5,0,6,2,42,0,0,0,1,47,37841,6,1,0,0,3,0,67,145,0,0,0,2,0,11,2013,1,2014,3,36,0,0,0,1,2,55,2,2,2,1,0,0,14,10,1,1,4,6,"777777777777","777777777777","777777777777",1,1