"STATE","ST_CASE","VEH_NO","VE_FORMS","NUMOCCS","DAY","MONTH","HOUR","MINUTE","HARM_EV","MAN_COLL","UNITTYPE","HIT_RUN","REG_STAT","OWNER","MAKE","MODEL","MAK_MOD","BODY_TYP","MOD_YEAR","VIN","VIN_1","VIN_2","VIN_3","VIN_4","VIN_5","VIN_6","VIN_7","VIN_8","VIN_9","VIN_10","VIN_11","VIN_12","TOW_VEH","J_KNIFE","MCARR_I1","MCARR_I2","MCARR_ID","GVWR","V_CONFIG","CARGO_BT","HAZ_INV","HAZ_PLAC","HAZ_ID","HAZ_CNO","HAZ_REL","BUS_USE","SPEC_USE","EMER_USE","TRAV_SP","UNDERIDE","ROLLOVER","ROLINLOC","IMPACT1","DEFORMED","TOWED","M_HARM","VEH_SC1","VEH_SC2","FIRE_EXP","DR_PRES","L_STATE","DR_ZIP","L_STATUS","L_TYPE","CDL_STAT","L_ENDORS","L_COMPL","L_RESTRI","DR_HGT","DR_WGT","PREV_ACC","PREV_SUS","PREV_DWI","PREV_SPD","PREV_OTH","FIRST_MO","FIRST_YR","LAST_MO","LAST_YR","SPEEDREL","DR_SF1","DR_SF2","DR_SF3","DR_SF4","VTRAFWAY","VNUM_LAN","VSPD_LIM","VALIGN","VPROFILE","VPAVETYP","VSURCOND","VTRAFCON","VTCONT_F","P_CRASH1","P_CRASH2","P_CRASH3","PCRASH4","PCRASH5","ACC_TYPE","TRLR1VIN","TRLR2VIN","TRLR3VIN","DEATHS","DR_DRINK"
37,371081,1,2,1,21,10,20,9,12,6,1,0,37,2,59,32,59032,4,1995,"JT8UF22E7S00","J","T","8","U","F","2","2","E","7","S","0","0",0,0,0,"000000000","00000000000",0,0,0,1,0,0,0,0,0,0,0,998,0,1,5,3,6,2,12,0,0,0,1,37,28227,6,1,0,0,3,0,63,999,0,1,0,0,0,11,2012,11,2012,5,28,36,0,0,2,4,35,1,1,2,1,0,0,1,11,1,1,6,66,"777777777777","777777777777","777777777777",1,1
37,371081,2,2,1,21,10,20,9,12,6,1,0,37,2,18,2,18002,4,1997,"1G4HP52K9VH5","1","G","4","H","P","5","2","K","9","V","H","5",0,0,0,"000000000","00000000000",0,0,0,1,0,0,0,0,0,0,0,998,0,0,0,12,6,2,12,0,0,0,1,37,28216,0,0,0,0,0,0,60,999,0,0,0,0,0,0,0,0,0,9,0,0,0,0,2,4,35,1,1,2,1,0,0,1,62,1,1,1,66,"777777777777","777777777777","777777777777",0,0
37,371082,1,1,1,27,10,20,8,42,0,1,0,37,1,37,402,37402,14,2002,"JHLRD684X2C0","J","H","L","R","D","6","8","4","X","2","C","0",0,0,0,"000000000","00000000000",0,0,0,1,0,0,0,0,0,0,0,35,0,0,0,12,6,2,42,0,0,0,1,37,28227,6,1,0,0,3,0,64,999,0,0,0,0,0,0,0,0,0,0,58,0,0,0,2,2,35,2,1,2,1,0,0,14,13,99,1,4,1,"777777777777","777777777777","777777777777",1,0
37,371083,1,1,2,24,10,22,33,21,0,1,0,37,3,37,32,37032,4,1998,"1HGCG5652WA2","1","H","G","C","G","5","6","5","2","W","A","2",0,0,0,"000000000","00000000000",0,0,0,1,0,0,0,0,0,0,0,76,0,1,5,12,6,2,21,0,0,0,1,37,27801,1,1,0,0,2,0,67,999,0,2,0,0,2,1,2015,2,2016,3,99,99,99,99,3,2,65,1,1,2,1,0,0,1,13,1,1,4,1,"777777777777","777777777777","777777777777",1,0
37,371084,1,1,1,28,10,7,57,59,0,1,0,37,1,12,401,12401,14,1998,"1FMZU34X9WUC","1","F","M","Z","U","3","4","X","9","W","U","C",0,0,0,"000000000","00000000000",0,0,0,1,0,0,0,0,0,0,0,60,0,1,5,4,6,2,42,0,0,0,1,37,27882,6,1,0,0,3,3,68,999,3,2,0,0,0,2,2012,6,2016,4,36,58,0,0,1,2,55,3,1,2,1,0,0,14,10,1,1,4,6,"777777777777","777777777777","777777777777",1,0
37,371085,1,1,1,29,10,22,26,42,0,1,0,37,1,20,481,20481,31,1985,"1GCCS14B2F21","1","G","C","C","S","1","4","B","2","F","2","1",0,0,0,"000000000","00000000000",0,0,0,1,0,0,0,0,0,0,0,80,0,0,0,9,6,2,42,0,0,0,1,37,27804,6,1,0,0,3,3,71,999,0,1,0,0,2,3,2012,2,2014,3,36,0,0,0,1,2,35,1,1,2,1,0,0,1,10,1,1,4,6,"777777777777","777777777777","777777777777",1,1
37,371086,1,4,1,23,10,14,51,12,8,1,0,37,1,18,2,18002,4,1991,"1G4HP54C5MH4","1","G","4","H","P","5","4","C","5","M","H","4",0,0,0,"000000000","00000000000",0,0,0,1,0,0,0,0,0,0,0,55,0,0,0,11,6,2,12,0,0,0,1,37,28508,6,1,0,0,3,0,66,999,0,0,0,0,1,9,2015,9,2015,0,28,0,0,0,1,2,55,1,1,2,1,0,0,1,10,1,1,2,64,"777777777777","777777777777","777777777777",1,0
37,371086,2,4,1,23,10,14,51,12,8,1,0,95,1,37,421,37421,15,2008,"5FNYF186X8B5","5","F","N","Y","F","1","8","6","X","8","B","5",0,0,0,"000000000","00000000000",0,0,0,1,0,0,0,0,0,0,0,55,0,0,0,10,6,2,12,0,0,0,1,95,0,9,9,99,9,9,9,999,999,99,99,99,99,99,99,9999,99,9999,0,0,0,0,0,1,2,55,1,1,2,1,0,0,1,62,7,1,1,65,"777777777777","777777777777","777777777777",0,0
37,371086,3,4,1,23,10,14,51,12,8,1,0,37,1,49,402,49402,14,2014,"2T3YFREV2EW1","2","T","3","Y","F","R","E","V","2","E","W","1",0,0,0,"000000000","00000000000",0,0,0,1,0,0,0,0,0,0,0,55,0,0,0,12,6,2,12,0,0,0,1,37,27864,6,1,0,0,3,0,61,999,0,0,0,0,0,0,0,0,0,0,0,0,0,0,1,2,55,1,1,2,1,0,0,1,62,1,1,1,98,"777777777777","777777777777","777777777777",0,0
37,371086,4,4,2,23,10,14,51,12,8,1,0,37,1,12,481,12481,31,2009,"1FTPW12V89FA","1","F","T","P","W","1","2","V","8","9","F","A",0,0,0,"000000000","00000000000",0,0,0,1,0,0,0,0,0,0,0,55,0,0,0,11,4,5,12,0,0,0,1,37,28572,6,1,6,0,3,0,72,999,1,0,0,1,0,6,2014,5,2015,0,0,0,0,0,1,2,55,1,1,2,1,0,0,1,62,1,1,1,98,"777777777777","777777777777","777777777777",0,0
37,371087,1,2,1,29,10,19,17,8,0,1,0,37,1,24,11,24011,3,2008,"W08AT2715850","W","0","8","A","T","2","7","1","5","8","5","0",0,0,0,"000000000","00000000000",0,0,0,1,0,0,0,0,0,0,0,55,0,0,0,12,6,2,8,0,0,0,1,37,28546,6,1,0,0,3,3,72,999,0,0,0,1,0,1,2016,1,2016,0,0,0,0,0,2,5,55,1,1,2,1,0,0,1,80,1,9,1,13,"777777777777","777777777777","777777777777",0,0
37,371087,2,2,1,29,10,19,17,8,0,1,0,37,1,12,471,12471,30,1999,"1FTYR10V3XUB","1","F","T","Y","R","1","0","V","3","X","U","B",0,0,0,"000000000","00000000000",0,0,0,1,0,0,0,0,0,0,0,50,0,0,0,12,2,5,8,0,0,0,1,39,44676,6,1,0,0,3,3,71,999,0,1,0,0,1,1,2015,1,2015,0,0,0,0,0,1,5,55,1,1,2,1,0,0,1,80,1,9,9,98,"777777777777","777777777777","777777777777",0,0
37,371088,1,1,1,22,10,14,29,35,0,1,0,37,1,12,401,12401,14,2004,"1FMZU63K24UB","1","F","M","Z","U","6","3","K","2","4","U","B",0,0,0,"000000000","00000000000",0,0,0,1,0,0,0,0,0,0,0,70,0,1,5,12,6,2,1,0,0,0,1,37,27278,6,1,0,0,3,3,72,999,0,0,0,0,0,0,0,0,0,0,0,0,0,0,1,2,55,3,1,2,1,0,0,14,6,1,9,9,6,"777777777777","777777777777","777777777777",1,0
37,371089,1,2,1,28,10,14,40,12,6,1,0,37,1,35,47,35047,4,2014,"1N4AL3AP8EC4","1","N","4","A","L","3","A","P","8","E","C","4",0,0,0,"000000000","00000000000",0,0,0,1,0,0,0,0,0,0,0,15,0,1,1,81,6,2,12,0,0,0,1,37,28560,6,1,0,0,3,0,64,999,1,0,0,0,0,5,2013,5,2013,0,0,0,0,0,1,5,55,1,1,2,1,20,3,11,55,1,9,9,68,"777777777777","777777777777","777777777777",1,0
37,371089,2,2,1,28,10,14,40,12,6,1,0,37,2,20,25,20025,4,2015,"1G1PC5SB3F71","1","G","1","P","C","5","S","B","3","F","7","1",0,0,0,"000000000","00000000000",0,0,0,1,0,0,0,0,0,0,0,55,0,0,0,12,6,2,12,0,0,0,1,37,28556,6,2,0,0,3,0,60,999,0,0,0,0,0,0,0,0,0,0,0,0,0,0,1,5,55,1,1,2,1,0,0,1,17,1,2,1,69,"777777777777","777777777777","777777777777",0,0
37,371090,1,1,2,18,10,22,46,1,0,1,0,37,1,2,404,2404,14,1999,"1J4GW58S1XC6","1","J","4","G","W","5","8","S","1","X","C","6",0,0,0,"000000000","00000000000",0,0,0,1,0,0,0,0,0,0,0,70,0,1,1,0,6,2,1,0,0,0,1,37,28451,6,1,0,0,3,3,73,999,1,1,0,0,0,3,2016,9,2016,0,6,0,0,0,2,4,60,1,1,2,1,0,0,1,6,1,9,9,99,"777777777777","777777777777","777777777777",1,1
37,371091,1,2,2,31,10,15,40,12,6,1,0,37,2,49,442,49442,20,2012,"5TDKK3DC7CS2","5","T","D","K","K","3","D","C","7","C","S","2",0,0,0,"000000000","00000000000",0,0,0,1,0,0,0,0,0,0,0,15,0,0,0,61,6,2,12,0,0,0,1,37,28513,6,1,0,0,3,3,60,999,0,0,0,0,0,0,0,0,0,0,0,0,0,0,1,2,55,1,1,2,1,20,3,11,16,1,9,9,68,"777777777777","777777777777","777777777777",0,0
37,371091,2,2,1,31,10,15,40,12,6,1,0,37,1,55,35,55035,4,2003,"KMHDN45D93U5","K","M","H","D","N","4","5","D","9","3","U","5",0,0,0,"000000000","00000000000",0,0,0,1,0,0,0,0,0,0,0,50,0,0,0,12,6,2,12,0,0,0,1,37,28590,6,1,0,0,3,3,67,999,0,0,0,0,0,0,0,0,0,0,0,0,0,0,1,2,55,1,1,2,1,0,0,1,17,1,9,9,69,"777777777777","777777777777","777777777777",1,0
37,371092,1,1,1,21,10,20,37,42,0,1,0,37,1,35,39,35039,4,2005,"1N4BA41E05C8","1","N","4","B","A","4","1","E","0","5","C","8",0,0,0,"000000000","00000000000",0,0,0,1,0,0,0,0,0,0,0,100,0,0,0,61,6,2,42,0,0,0,1,37,27205,6,1,0,0,3,0,64,999,2,0,0,0,0,5,2013,2,2016,0,0,0,0,0,2,2,55,4,1,2,1,0,0,14,6,1,9,9,1,"777777777777","777777777777","777777777777",1,0
37,371093,1,1,1,30,10,8,10,42,0,1,0,37,2,37,31,37031,2,1995,"1HGEJ1227SL0","1","H","G","E","J","1","2","2","7","S","L","0",0,0,0,"000000000","00000000000",0,0,0,1,0,0,0,0,0,0,0,75,0,0,0,61,6,2,42,0,0,0,1,37,27326,6,1,0,0,3,0,72,999,1,0,0,0,0,7,2013,7,2013,0,0,0,0,0,1,2,55,1,1,2,1,0,0,1,12,1,9,9,6,"777777777777","777777777777","777777777777",1,1
37,371094,1,2,3,10,10,14,43,12,6,1,0,37,2,24,1,24001,4,2000,"1G8ZH5288YZ2","1","G","8","Z","H","5","2","8","8","Y","Z","2",0,0,0,"000000000","00000000000",0,0,0,1,0,0,0,0,0,0,0,15,0,0,0,12,6,2,12,0,0,0,1,37,28670,1,1,0,0,2,0,68,999,0,1,0,0,0,11,2014,11,2014,0,91,0,0,0,1,5,45,1,1,2,1,0,0,1,17,1,9,1,88,"777777777777","777777777777","777777777777",0,0
37,371094,2,2,1,10,10,14,43,12,6,1,0,37,1,72,706,72706,80,2015,"1HD1BWV1XFB0","1","H","D","1","B","W","V","1","X","F","B","0",0,0,0,"000000000","00000000000",0,0,0,1,0,0,0,0,0,0,0,45,0,0,0,61,6,2,12,0,0,0,1,37,28621,6,1,0,0,3,0,72,999,0,0,0,0,3,1,2013,5,2014,0,0,0,0,0,1,5,45,1,1,2,1,0,0,1,17,1,9,1,89,"777777777777","777777777777","777777777777",1,0
37,371095,1,2,1,4,10,16,3,12,6,1,0,37,2,49,32,49032,4,2004,"1NXBR32E94Z2","1","N","X","B","R","3","2","E","9","4","Z","2",0,0,0,"000000000","00000000000",0,0,0,1,0,0,0,0,0,0,0,40,0,0,0,81,4,5,12,0,0,0,1,37,28110,6,1,6,0,3,0,70,999,1,0,0,0,0,8,2015,8,2015,0,0,0,0,0,1,2,45,1,1,2,1,0,0,1,17,1,9,1,87,"777777777777","777777777777","777777777777",1,0
37,371095,2,2,1,4,10,16,3,12,6,1,0,37,1,84,884,84884,64,2014,"1HTMMAAN5EH7","1","H","T","M","M","A","A","N","5","E","H","7",9,0,37,"560435549","37560435549",3,2,98,1,0,0,0,0,0,0,0,15,0,0,0,12,6,2,12,0,0,0,1,37,28079,6,1,0,0,3,3,63,999,0,0,0,0,0,0,0,0,0,0,0,0,0,0,1,2,45,1,1,1,1,20,3,1,17,1,9,1,86,"777777777777","777777777777","777777777777",0,0
37,371096,1,2,1,26,10,20,30,12,2,1,0,45,2,51,881,51881,78,2017,"4V4NC9EH8HN9","4","V","4","N","C","9","E","H","8","H","N","9",0,0,77,"777777777","77777777777",3,19,98,1,0,0,0,0,0,0,0,50,0,0,0,12,6,2,12,0,0,0,1,45,29058,6,1,0,0,3,0,999,999,0,0,0,0,0,0,0,0,0,0,0,0,0,0,1,2,55,1,1,2,1,0,0,1,17,16,9,1,98,"777777777777","777777777777","777777777777",0,0
37,371096,2,2,3,26,10,20,30,12,2,1,0,45,2,12,401,12401,14,2003,"1FMZU62K73UC","1","F","M","Z","U","6","2","K","7","3","U","C",0,0,0,"000000000","00000000000",0,0,0,1,0,0,0,0,0,0,0,50,0,0,0,12,6,2,12,0,0,0,1,45,29718,1,1,0,0,2,0,68,999,0,2,0,0,1,2,2012,1,2014,0,0,0,0,0,1,2,55,1,1,2,1,20,3,11,15,1,9,9,98,"777777777777","777777777777","777777777777",2,1
37,371097,1,1,1,27,10,6,45,8,0,1,0,37,2,63,401,63401,14,2007,"KNDJF7245774","K","N","D","J","F","7","2","4","5","7","7","4",0,0,0,"000000000","00000000000",0,0,0,1,0,0,0,0,0,0,0,40,0,0,0,12,6,2,8,0,0,0,1,37,28110,6,1,0,0,3,0,64,999,0,0,0,0,0,0,0,0,0,0,0,0,0,0,1,2,55,1,1,2,1,0,0,1,80,1,9,9,13,"777777777777","777777777777","777777777777",0,0
37,371098,1,1,1,28,10,21,3,1,0,1,0,37,2,35,472,35472,30,1999,"1N6DD26S4XC3","1","N","6","D","D","2","6","S","4","X","C","3",0,0,0,"000000000","00000000000",0,0,0,1,0,0,0,0,0,0,0,85,0,1,1,0,6,2,1,0,0,0,1,37,28103,6,1,0,0,3,0,61,999,0,0,0,0,0,0,0,0,0,0,0,0,0,0,1,2,55,1,1,2,1,0,0,1,6,1,9,9,98,"777777777777","777777777777","777777777777",1,0
37,371099,1,1,1,23,10,5,20,34,0,1,0,37,1,37,32,37032,4,1997,"JHMCD5633VC0","J","H","M","C","D","5","6","3","3","V","C","0",0,0,0,"000000000","00000000000",0,0,0,1,0,0,0,0,0,0,0,65,0,0,0,12,6,2,42,0,0,0,1,37,27537,1,1,0,0,2,0,68,999,0,2,0,0,0,7,2015,2,2016,0,0,0,0,0,1,2,55,1,1,2,1,0,0,1,6,1,9,4,98,"777777777777","777777777777","777777777777",1,0
37,371100,1,2,2,22,10,3,7,12,6,1,0,37,2,7,402,7402,14,2000,"1B4HS28N6YF1","1","B","4","H","S","2","8","N","6","Y","F","1",0,0,0,"000000000","00000000000",0,0,0,1,0,0,0,0,0,0,0,45,0,0,0,12,6,2,12,0,0,0,1,37,27609,6,1,0,0,3,0,69,999,0,1,0,2,2,9,2012,8,2016,0,0,0,0,0,1,6,35,1,1,2,1,7,3,1,17,1,9,1,86,"777777777777","777777777777","777777777777",0,1
37,371100,2,2,1,22,10,3,7,12,6,1,0,37,2,54,39,54039,4,2004,"JH4CL95874C0","J","H","4","C","L","9","5","8","7","4","C","0",0,0,0,"000000000","00000000000",0,0,0,1,0,0,0,0,0,0,0,45,0,0,0,81,6,2,12,0,0,0,1,37,27610,6,1,0,0,3,0,73,999,1,0,0,0,1,10,2013,8,2014,0,0,0,0,0,1,6,45,1,1,1,1,7,3,1,17,1,9,1,87,"777777777777","777777777777","777777777777",1,0
37,371101,1,1,1,27,10,19,13,8,0,1,0,37,1,12,17,12017,4,1997,"1FALP53S7VA2","1","F","A","L","P","5","3","S","7","V","A","2",0,0,0,"000000000","00000000000",0,0,0,1,0,0,0,0,0,0,0,45,0,0,0,12,6,2,8,0,0,0,1,37,27587,6,1,0,0,3,0,66,999,0,0,0,0,2,6,2012,6,2013,0,0,0,0,0,2,5,45,1,1,2,1,0,0,1,80,1,9,1,13,"777777777777","777777777777","777777777777",0,1
37,371102,1,1,1,29,10,10,27,34,0,1,0,37,2,14,17,14017,4,2003,"1MEFM50U23A6","1","M","E","F","M","5","0","U","2","3","A","6",0,0,0,"000000000","00000000000",0,0,0,1,0,0,0,0,0,0,0,45,0,1,5,12,6,2,34,0,0,0,1,37,27545,6,1,0,0,3,3,66,999,0,0,0,0,0,0,0,0,0,0,0,0,0,0,1,2,45,1,1,1,1,0,0,1,13,1,9,4,1,"777777777777","777777777777","777777777777",1,0
37,371103,1,1,1,16,10,19,47,8,0,1,0,37,1,20,24,20024,6,2012,"1GNKRGED4CJ2","1","G","N","K","R","G","E","D","4","C","J","2",0,0,0,"000000000","00000000000",0,0,0,1,0,0,0,0,0,0,0,35,0,0,0,12,4,5,8,0,0,0,1,37,27893,6,1,0,0,3,0,63,999,0,0,0,0,0,0,0,0,0,0,0,0,0,0,2,6,35,1,1,2,1,20,3,1,80,1,9,1,13,"777777777777","777777777777","777777777777",0,0
37,371104,1,1,1,23,10,6,30,1,0,1,0,37,1,49,472,49472,30,2002,"5TEWN72N12Z0","5","T","E","W","N","7","2","N","1","2","Z","0",0,0,0,"000000000","00000000000",0,0,0,1,0,0,0,0,0,0,0,65,0,1,5,0,6,2,1,0,0,0,1,37,28651,6,1,0,0,3,0,75,999,0,0,0,0,2,12,2013,11,2014,0,0,0,0,0,3,4,65,1,1,2,1,0,0,1,13,1,9,4,98,"777777777777","777777777777","777777777777",1,1
37,371105,1,2,1,11,11,4,0,12,2,1,0,37,1,12,402,12402,14,2008,"1FMCU93178KB","1","F","M","C","U","9","3","1","7","8","K","B",0,0,0,"000000000","00000000000",0,0,0,1,0,0,0,0,0,0,0,80,0,0,0,12,6,2,12,0,0,0,1,37,28734,6,1,0,0,3,0,74,999,2,0,0,0,2,11,2012,7,2016,0,0,0,0,0,3,4,60,1,1,2,1,0,0,1,10,1,9,9,98,"777777777777","777777777777","777777777777",1,1
37,371105,2,2,1,11,11,4,0,12,2,1,1,37,1,20,473,20473,30,2016,"1GCGTDE33G13","1","G","C","G","T","D","E","3","3","G","1","3",0,0,0,"000000000","00000000000",0,0,0,1,0,0,0,0,0,0,0,55,0,0,0,12,6,2,12,0,0,0,1,37,28704,6,1,0,0,3,0,72,999,1,0,0,1,1,3,2016,7,2016,0,0,0,0,0,3,4,60,1,1,2,1,0,0,1,52,1,9,1,98,"777777777777","777777777777","777777777777",0,0
37,371106,1,2,1,9,11,12,52,12,2,1,0,37,1,49,442,49442,20,2000,"4T3ZF13C7YU1","4","T","3","Z","F","1","3","C","7","Y","U","1",0,0,0,"000000000","00000000000",0,0,0,1,0,0,0,0,0,0,0,55,0,0,0,12,6,2,12,0,0,0,1,37,28532,6,1,0,0,3,0,69,999,0,0,0,0,0,0,0,0,0,0,0,0,0,0,1,2,55,1,1,1,1,0,0,1,17,1,9,2,50,"777777777777","777777777777","777777777777",0,0
37,371106,2,2,2,9,11,12,52,12,2,1,0,37,1,37,402,37402,14,2009,"5J6RE38329L0","5","J","6","R","E","3","8","3","2","9","L","0",0,0,0,"000000000","00000000000",0,0,0,1,0,0,0,0,0,0,0,45,0,0,0,12,6,2,12,0,0,0,1,37,28516,6,1,0,0,3,3,68,999,0,0,0,0,0,0,0,0,0,0,0,0,0,0,1,2,55,1,1,2,1,0,0,1,54,1,9,1,51,"777777777777","777777777777","777777777777",1,0
37,371107,1,2,1,4,11,9,31,12,6,1,0,37,1,85,881,85881,66,1994,"1XKAA68X3RJ6","1","X","K","A","A","6","8","X","3","R","J","6",1,1,37,"000047927","37000047927",3,6,1,1,0,0,0,0,0,0,0,30,0,0,0,81,6,2,12,0,0,0,1,37,28602,6,1,6,0,3,0,76,999,0,0,0,0,0,0,0,0,0,0,0,0,0,0,1,2,35,1,1,2,1,20,3,1,18,6,9,1,65,"888888888888","777777777777","777777777777",0,0
37,371107,2,2,1,4,11,9,31,12,6,1,0,37,1,20,2,20002,4,2003,"2G1WH55K4393","2","G","1","W","H","5","5","K","4","3","9","3",0,0,0,"000000000","00000000000",0,0,0,1,0,0,0,0,0,0,0,33,3,0,0,12,6,2,12,0,0,0,1,37,28601,6,1,0,0,3,3,61,999,0,0,0,0,1,4,2013,4,2013,0,0,0,0,0,1,2,35,1,1,2,1,20,3,1,16,1,9,9,64,"777777777777","777777777777","777777777777",1,0
37,371108,1,1,1,3,11,18,42,24,0,1,0,37,1,35,39,35039,4,2011,"1N4AA5AP0BC8","1","N","4","A","A","5","A","P","0","B","C","8",0,0,0,"000000000","00000000000",0,0,0,1,0,0,0,0,0,0,0,90,0,1,5,81,6,2,24,0,0,0,1,37,28144,1,1,0,0,2,0,71,999,1,1,0,0,2,12,2015,9,2016,0,0,0,0,0,3,4,65,1,1,2,1,0,0,1,13,1,9,4,1,"777777777777","777777777777","777777777777",1,0
37,371109,1,1,1,11,11,22,31,38,0,1,0,37,1,20,443,20443,20,2003,"1GNDX03E43D3","1","G","N","D","X","0","3","E","4","3","D","3",0,0,0,"000000000","00000000000",0,0,0,1,0,0,0,0,0,0,0,55,0,0,0,12,6,2,38,0,0,0,1,37,28152,6,1,0,0,3,0,76,999,0,0,0,0,0,0,0,0,0,0,0,0,0,0,1,2,45,2,1,2,1,0,0,14,12,1,9,4,6,"777777777777","777777777777","777777777777",1,1
37,371110,1,2,1,5,11,19,45,12,2,1,0,37,1,72,706,72706,80,1997,"1HD1FJL10VY6","1","H","D","1","F","J","L","1","0","V","Y","6",0,0,0,"000000000","00000000000",0,0,0,1,0,0,0,0,0,0,0,55,0,0,0,12,6,2,12,0,0,0,1,37,27295,6,1,0,0,3,0,67,999,0,0,0,0,0,0,0,0,0,0,0,0,0,0,1,2,50,1,1,2,1,0,0,1,10,1,9,2,50,"777777777777","777777777777","777777777777",1,1
37,371110,2,2,1,5,11,19,45,12,2,1,0,37,1,12,471,12471,31,1994,"1FTCR14X0RPB","1","F","T","C","R","1","4","X","0","R","P","B",0,0,0,"000000000","00000000000",0,0,0,1,0,0,0,0,0,0,0,50,0,0,0,12,6,2,12,0,0,0,1,37,27028,4,1,0,0,2,0,65,999,0,1,0,0,0,3,2013,3,2013,0,0,0,0,0,1,2,50,1,1,2,1,0,0,1,62,1,9,1,51,"777777777777","777777777777","777777777777",0,0
37,371111,1,1,1,4,11,9,9,1,0,1,0,37,1,37,31,37031,2,1998,"1HGEJ6228WL0","1","H","G","E","J","6","2","2","8","W","L","0",0,0,0,"000000000","00000000000",0,0,0,1,0,0,0,0,0,0,0,65,0,1,5,0,6,2,1,0,0,0,1,37,27886,4,1,0,0,2,0,999,999,0,0,0,0,2,3,2015,5,2015,0,0,0,0,0,1,2,55,2,1,2,1,0,0,14,12,1,9,4,6,"777777777777","777777777777","777777777777",1,1
37,371112,1,3,1,8,11,12,46,12,1,1,0,37,1,49,40,49040,4,2002,"4T1BE32K62U6","4","T","1","B","E","3","2","K","6","2","U","6",0,0,0,"000000000","00000000000",0,0,0,1,0,0,0,0,0,0,0,35,0,0,0,12,6,2,12,0,0,0,1,37,27265,6,1,0,0,3,0,65,999,0,0,0,0,0,0,0,0,0,0,0,0,0,0,1,2,35,1,1,2,1,7,1,1,50,1,9,1,20,"777777777777","777777777777","777777777777",1,0
37,371112,2,3,1,8,11,12,46,12,1,1,0,37,1,49,32,49032,4,1992,"JT2AE94A5N02","J","T","2","A","E","9","4","A","5","N","0","2",0,0,0,"000000000","00000000000",0,0,0,1,0,0,0,0,0,0,0,0,0,0,0,6,6,2,12,0,0,0,1,37,27265,1,1,0,0,2,0,69,999,1,2,0,0,0,3,2013,3,2016,0,0,0,0,0,1,2,35,1,1,2,1,7,1,5,50,1,9,1,21,"777777777777","777777777777","777777777777",0,0
37,371112,3,3,1,8,11,12,46,12,1,1,0,37,1,49,402,49402,14,2015,"JTMZFREV3FD0","J","T","M","Z","F","R","E","V","3","F","D","0",0,0,0,"000000000","00000000000",0,0,0,1,0,0,0,0,0,0,0,0,0,0,0,6,4,5,12,0,0,0,1,37,27407,6,1,0,0,3,0,65,999,0,0,0,0,0,0,0,0,0,0,0,0,0,0,1,2,35,1,1,2,1,7,1,5,53,1,9,1,98,"777777777777","777777777777","777777777777",0,0
37,371113,1,1,1,3,11,21,38,8,0,1,0,17,1,51,881,51881,78,2009,"4V4NC9TG79N2","4","V","4","N","C","9","T","G","7","9","N","2",0,0,17,"002483509","17002483509",3,19,98,1,0,0,0,0,0,0,0,65,0,0,0,12,4,5,8,0,0,0,1,17,60047,6,1,0,0,3,0,999,999,0,0,0,0,0,0,0,0,0,0,0,0,0,0,3,2,65,1,1,2,1,0,0,1,80,1,9,1,13,"777777777777","777777777777","777777777777",0,0
37,371114,1,2,2,4,11,17,47,24,0,1,0,37,1,20,401,20401,14,2001,"1GNCS13W0122","1","G","N","C","S","1","3","W","0","1","2","2",0,0,0,"000000000","00000000000",0,0,0,1,0,0,0,0,0,0,0,70,0,1,1,12,6,2,1,0,0,0,1,37,27592,6,1,0,0,3,0,64,999,0,0,0,0,1,5,2016,5,2016,0,0,0,0,0,3,4,70,1,1,2,1,0,0,1,1,1,9,4,98,"777777777777","777777777777","777777777777",1,0
37,371114,2,2,6,4,11,17,47,24,0,1,0,24,1,18,24,18024,6,2010,"5GALRBED0AJ1","5","G","A","L","R","B","E","D","0","A","J","1",0,0,0,"000000000","00000000000",0,0,0,1,0,0,0,0,0,0,0,70,0,0,0,12,6,2,12,0,0,0,1,24,21703,1,1,2,3,2,0,69,999,0,0,0,0,0,0,0,0,0,0,0,0,0,0,3,4,70,1,1,2,1,0,0,1,62,1,9,4,98,"777777777777","777777777777","777777777777",0,0
37,371115,1,1,1,6,11,19,25,34,0,1,0,37,1,12,17,12017,6,2000,"1FAFP58S0YG1","1","F","A","F","P","5","8","S","0","Y","G","1",0,0,0,"000000000","00000000000",0,0,0,1,0,0,0,0,0,0,0,70,0,1,5,61,6,2,1,0,0,0,1,37,27576,1,1,0,0,2,0,69,999,0,1,0,0,0,1,2012,1,2012,0,0,0,0,0,1,2,55,2,1,2,1,0,0,14,12,1,9,4,6,"777777777777","777777777777","777777777777",1,0
37,371116,1,1,1,1,11,1,29,39,0,1,0,37,1,72,706,72706,80,1999,"1HD1BKL15XY0","1","H","D","1","B","K","L","1","5","X","Y","0",0,0,0,"000000000","00000000000",0,0,0,1,0,0,0,0,0,0,0,60,0,0,0,81,6,2,39,0,0,0,1,37,28763,6,1,0,0,3,3,72,999,1,0,0,1,0,2,2015,3,2015,0,0,0,0,0,1,2,35,2,1,2,1,0,0,14,13,1,9,4,1,"777777777777","777777777777","777777777777",1,1
37,371117,1,3,1,3,11,6,50,12,1,1,0,37,2,12,481,12481,31,2010,"1FTFW1EV2AKB","1","F","T","F","W","1","E","V","2","A","K","B",0,0,0,"000000000","00000000000",0,0,0,1,0,0,0,0,0,0,0,54,0,0,0,12,6,2,12,0,0,0,1,37,28163,6,1,0,0,3,0,70,999,0,1,0,0,1,6,2015,7,2016,0,0,0,0,0,1,2,55,1,1,2,1,0,0,1,50,1,9,1,20,"777777777777","777777777777","777777777777",0,0