"STATE","ST_CASE","VEH_NO","VE_FORMS","NUMOCCS","DAY","MONTH","HOUR","MINUTE","HARM_EV","MAN_COLL","UNITTYPE","HIT_RUN","REG_STAT","OWNER","MAKE","MODEL","MAK_MOD","BODY_TYP","MOD_YEAR","VIN","VIN_1","VIN_2","VIN_3","VIN_4","VIN_5","VIN_6","VIN_7","VIN_8","VIN_9","VIN_10","VIN_11","VIN_12","TOW_VEH","J_KNIFE","MCARR_I1","MCARR_I2","MCARR_ID","GVWR","V_CONFIG","CARGO_BT","HAZ_INV","HAZ_PLAC","HAZ_ID","HAZ_CNO","HAZ_REL","BUS_USE","SPEC_USE","EMER_USE","TRAV_SP","UNDERIDE","ROLLOVER","ROLINLOC","IMPACT1","DEFORMED","TOWED","M_HARM","VEH_SC1","VEH_SC2","FIRE_EXP","DR_PRES","L_STATE","DR_ZIP","L_STATUS","L_TYPE","CDL_STAT","L_ENDORS","L_COMPL","L_RESTRI","DR_HGT","DR_WGT","PREV_ACC","PREV_SUS","PREV_DWI","PREV_SPD","PREV_OTH","FIRST_MO","FIRST_YR","LAST_MO","LAST_YR","SPEEDREL","DR_SF1","DR_SF2","DR_SF3","DR_SF4","VTRAFWAY","VNUM_LAN","VSPD_LIM","VALIGN","VPROFILE","VPAVETYP","VSURCOND","VTRAFCON","VTCONT_F","P_CRASH1","P_CRASH2","P_CRASH3","PCRASH4","PCRASH5","ACC_TYPE","TRLR1VIN","TRLR2VIN","TRLR3VIN","DEATHS","DR_DRINK"
37,371155,1,2,2,11,11,14,12,12,6,1,0,37,1,12,32,12032,4,2014,"3FADP4BJ8EM2","3","F","A","D","P","4","B","J","8","E","M","2",0,0,0,"000000000","00000000000",0,0,0,1,0,0,0,0,0,0,0,15,0,0,0,9,6,2,12,0,0,0,1,37,27018,6,1,0,0,3,3,65,999,1,0,0,0,0,5,2014,5,2014,0,38,0,0,0,1,5,45,1,1,2,1,0,0,11,15,1,1,1,82,"777777777777","777777777777","777777777777",1,0
37,371155,2,2,1,11,11,14,12,12,6,1,0,37,3,49,472,49472,30,2016,"5TFRX5GN2GX0","5","T","F","R","X","5","G","N","2","G","X","0",0,0,0,"000000000","00000000000",0,0,0,1,0,0,0,0,0,0,0,45,0,0,0,12,6,2,12,0,0,0,1,37,27106,6,1,0,0,3,0,65,999,0,0,0,0,0,0,0,0,0,0,0,0,0,0,1,5,45,1,1,2,1,0,0,1,54,1,1,1,83,"777777777777","777777777777","777777777777",0,0
37,371156,1,1,2,24,11,15,16,32,0,1,0,37,2,37,32,37032,4,1998,"1HGCG165XWA0","1","H","G","C","G","1","6","5","X","W","A","0",0,0,0,"000000000","00000000000",0,0,0,1,0,0,0,0,0,0,0,70,0,1,5,8,6,2,42,0,0,0,1,37,27606,1,1,0,0,2,0,64,999,1,1,0,0,1,6,2016,8,2016,3,28,35,58,0,1,2,55,1,1,2,1,0,0,1,10,1,1,4,6,"777777777777","777777777777","777777777777",1,0
37,371157,1,1,1,17,11,21,21,8,0,1,0,51,3,82,881,82881,66,2016,"1FUJGLD6XGLH","1","F","U","J","G","L","D","6","X","G","L","H",1,1,57,"0016130","570016130",3,6,1,1,0,0,0,0,0,0,0,35,0,0,0,12,4,5,8,0,0,0,1,51,24333,6,1,6,0,3,0,71,320,0,0,0,0,0,0,0,0,0,0,0,0,0,0,3,4,35,1,1,2,1,0,0,1,80,1,1,1,13,"888888888888","777777777777","777777777777",0,0
37,371158,1,1,1,20,11,0,19,42,0,1,0,37,2,12,17,12017,4,2004,"1FAFP53U04A1","1","F","A","F","P","5","3","U","0","4","A","1",0,0,0,"000000000","00000000000",0,0,0,1,0,0,0,0,0,0,0,70,0,0,0,9,6,2,42,0,0,0,1,37,28052,1,1,0,0,2,0,66,999,0,0,0,0,0,0,0,0,0,3,28,36,0,0,2,2,35,2,2,2,1,0,0,14,10,1,1,4,6,"777777777777","777777777777","777777777777",1,1
37,371159,1,2,1,14,11,9,59,12,2,1,0,37,1,98,709,98709,88,2014,"L9NTEACX1E13","L","9","N","T","E","A","C","X","1","E","1","3",0,0,0,"000000000","00000000000",0,0,0,1,0,0,0,0,0,0,0,30,0,0,0,12,6,2,12,0,0,0,1,37,27565,1,1,0,0,1,0,71,999,0,0,0,0,0,0,0,0,0,0,28,0,0,0,1,2,55,1,2,2,2,0,0,1,10,1,1,2,50,"777777777777","777777777777","777777777777",1,0
37,371159,2,2,1,14,11,9,59,12,2,1,0,0,0,98,998,98998,92,1974,"000000000000","0","0","0","0","0","0","0","0","0","0","0","0",0,0,0,"000000000","00000000000",0,0,0,1,0,0,0,0,0,0,0,3,0,0,0,12,0,5,12,0,0,0,1,37,27565,6,1,0,0,1,0,68,999,0,0,0,1,0,10,2013,10,2013,0,0,0,0,0,1,2,55,1,2,2,2,0,0,1,62,1,1,1,51,"777777777777","777777777777","777777777777",0,0
37,371160,1,2,1,10,11,9,26,12,1,1,0,37,1,12,17,12017,4,2010,"1FAHP2DW8AG1","1","F","A","H","P","2","D","W","8","A","G","1",0,0,0,"000000000","00000000000",0,0,0,1,0,0,0,0,0,0,0,55,0,0,0,12,6,2,12,0,0,0,1,37,27265,6,1,0,0,3,0,78,999,0,0,0,2,2,5,2012,6,2016,5,36,0,0,0,3,4,55,1,3,2,1,0,0,1,51,1,1,1,24,"777777777777","777777777777","777777777777",1,0
37,371160,2,2,1,10,11,9,26,12,1,1,0,37,3,86,881,86881,63,2003,"1M2AG12C33M0","1","M","2","A","G","1","2","C","3","3","M","0",0,0,57,"1696974","571696974",3,2,4,1,0,0,0,0,0,0,0,30,0,0,0,6,6,2,12,0,0,0,1,37,27320,6,1,6,0,3,3,71,999,0,0,0,0,2,3,2014,7,2015,0,0,0,0,0,3,4,55,1,3,2,1,0,0,1,53,1,1,1,25,"777777777777","777777777777","777777777777",0,0
37,371161,1,1,1,10,11,15,36,30,0,1,0,37,1,20,37,20037,4,2001,"1G1NE52J7162","1","G","1","N","E","5","2","J","7","1","6","2",0,0,0,"000000000","00000000000",0,0,0,1,0,0,0,0,0,0,0,55,0,1,5,2,6,2,1,0,0,0,1,37,28334,6,1,0,0,3,3,67,999,0,0,0,0,0,0,0,0,0,0,0,0,0,0,1,2,55,3,1,2,1,0,0,14,10,1,1,4,6,"777777777777","777777777777","777777777777",1,0
37,371162,1,1,2,11,11,10,14,42,0,1,0,37,1,49,32,49032,4,1994,"JT2AE09B1R00","J","T","2","A","E","0","9","B","1","R","0","0",0,0,0,"000000000","00000000000",0,0,0,1,0,0,0,0,0,0,0,50,0,0,0,12,6,2,42,0,0,0,1,37,28792,6,1,0,0,3,0,71,999,0,1,0,2,3,2,2013,1,2015,0,0,0,0,0,1,2,45,1,2,2,1,0,0,1,13,1,1,4,1,"777777777777","777777777777","777777777777",1,0
37,371163,1,1,1,15,11,21,55,34,0,1,0,51,1,20,401,20401,14,2002,"1GNDT13S8223","1","G","N","D","T","1","3","S","8","2","2","3",0,0,0,"000000000","00000000000",0,0,0,1,0,0,0,0,0,0,0,100,0,1,5,1,6,2,42,0,0,0,1,51,23061,6,1,0,0,3,0,66,150,0,1,0,3,1,11,2013,8,2016,3,28,36,0,0,1,2,55,2,1,2,1,0,0,14,10,1,1,4,6,"777777777777","777777777777","777777777777",1,0
37,371164,1,1,1,18,11,21,42,32,0,1,0,37,1,34,37,34037,4,1997,"WBAGJ8321VDM","W","B","A","G","J","8","3","2","1","V","D","M",0,0,0,"000000000","00000000000",0,0,0,1,0,0,0,0,0,0,0,90,0,1,5,1,6,2,1,0,0,0,1,37,27986,6,2,0,0,3,0,72,999,0,0,0,0,0,0,0,0,0,3,36,58,0,0,1,2,45,1,1,2,1,0,0,1,11,1,1,4,1,"777777777777","777777777777","777777777777",1,0
37,371165,1,1,2,12,11,19,54,34,0,1,0,37,2,12,401,12401,14,1996,"1FMDU34X6TUA","1","F","M","D","U","3","4","X","6","T","U","A",0,0,0,"000000000","00000000000",0,0,0,1,0,0,0,0,0,0,0,70,0,1,5,14,6,2,1,0,0,0,1,37,28634,1,1,0,0,2,0,66,999,0,2,0,0,2,8,2016,10,2016,3,36,0,0,0,1,2,55,1,1,2,1,0,0,1,13,1,1,4,1,"777777777777","777777777777","777777777777",1,0
37,371166,1,1,1,22,11,12,22,1,0,1,0,37,2,2,405,2405,14,2003,"1J4GL48K73W5","1","J","4","G","L","4","8","K","7","3","W","5",0,0,0,"000000000","00000000000",0,0,0,1,0,0,0,0,0,0,0,55,0,2,5,0,6,2,42,0,0,0,1,37,28779,6,1,0,0,3,0,67,999,0,0,0,0,0,0,0,0,0,3,36,0,0,0,1,2,35,3,2,2,1,0,0,14,10,1,1,4,6,"777777777777","777777777777","777777777777",1,0
37,371167,1,1,7,10,11,19,46,32,0,1,0,37,1,19,421,19421,15,2007,"1GYFK66877R4","1","G","Y","F","K","6","6","8","7","7","R","4",0,0,0,"000000000","00000000000",0,0,0,1,0,0,0,0,0,0,0,80,0,1,5,12,6,2,1,0,0,1,1,37,27576,6,1,0,0,3,0,74,999,1,0,0,0,2,4,2014,9,2016,3,36,58,0,0,1,2,55,1,1,2,1,0,0,1,11,1,1,4,1,"777777777777","777777777777","777777777777",1,1
37,371168,1,1,1,24,11,23,18,34,0,1,0,37,1,20,481,20481,31,2005,"2GCEK13T2511","2","G","C","E","K","1","3","T","2","5","1","1",0,0,0,"000000000","00000000000",0,0,0,1,0,0,0,0,0,0,0,85,0,0,0,12,6,2,42,0,0,0,1,37,27542,6,1,0,0,3,3,68,999,0,0,0,0,0,0,0,0,0,3,36,0,0,0,1,2,55,3,1,2,1,0,0,14,11,1,1,4,1,"777777777777","777777777777","777777777777",1,1
37,371169,1,1,1,1,11,6,29,42,0,1,0,37,2,59,403,59403,14,2013,"2T2ZK1BA9DC1","2","T","2","Z","K","1","B","A","9","D","C","1",0,0,0,"000000000","00000000000",0,0,0,1,0,0,0,0,0,0,0,65,0,1,5,8,6,2,1,0,0,0,1,37,28210,6,1,0,0,3,0,69,999,2,0,0,1,1,7,2012,6,2016,3,36,0,0,0,1,2,35,3,1,2,1,0,0,14,13,1,1,4,1,"777777777777","777777777777","777777777777",1,1
37,371170,1,2,1,3,11,22,42,12,6,1,1,37,1,20,401,20401,14,2002,"1GNDS13SX222","1","G","N","D","S","1","3","S","X","2","2","2",0,0,0,"000000000","00000000000",0,0,0,1,0,0,0,0,0,0,0,998,0,0,0,10,4,3,12,0,0,0,1,45,29203,6,1,0,0,3,3,67,150,0,1,0,0,0,5,2014,5,2014,9,38,0,0,0,1,4,45,1,1,2,1,20,3,11,15,1,1,2,82,"777777777777","777777777777","777777777777",0,1
37,371170,2,2,1,3,11,22,42,12,6,1,0,37,2,98,703,98703,81,2012,"L8YTCKPM5CMC","L","8","Y","T","C","K","P","M","5","C","M","C",0,0,0,"000000000","00000000000",0,0,0,1,0,0,0,0,0,0,0,42,0,0,0,12,6,2,12,0,0,0,1,37,28205,1,1,0,0,1,0,67,999,0,0,0,0,0,0,0,0,0,0,0,0,0,0,1,4,45,1,1,2,1,0,0,1,66,1,1,1,83,"777777777777","777777777777","777777777777",1,0
37,371171,1,1,1,8,11,4,27,38,0,1,0,37,1,20,481,20481,31,2008,"2GCEC13J5811","2","G","C","E","C","1","3","J","5","8","1","1",0,0,0,"000000000","00000000000",0,0,0,1,0,0,0,0,0,0,0,998,0,0,0,12,6,2,43,0,0,0,1,37,28216,6,1,0,0,3,0,74,999,0,0,0,0,0,0,0,0,0,9,99,99,99,99,1,8,98,1,1,2,1,0,0,1,14,1,1,4,14,"777777777777","777777777777","777777777777",1,0
37,371172,1,1,1,9,11,8,22,30,0,1,0,45,2,37,32,37032,4,1999,"1HGCG1658XA0","1","H","G","C","G","1","6","5","8","X","A","0",0,0,0,"000000000","00000000000",0,0,0,1,0,0,0,0,0,0,0,77,0,0,0,12,6,2,42,0,0,0,1,37,28273,0,0,0,0,0,0,999,999,0,0,0,0,0,0,0,0,0,5,36,0,0,0,3,2,98,3,1,2,1,0,0,14,13,1,1,4,1,"777777777777","777777777777","777777777777",1,0
37,371173,1,3,2,18,11,15,27,12,6,1,0,37,1,37,402,37402,14,2010,"5J6RE4H72AL0","5","J","6","R","E","4","H","7","2","A","L","0",0,0,0,"000000000","00000000000",0,0,0,1,0,0,0,0,0,0,0,15,0,0,0,3,6,2,12,0,0,0,1,37,28031,6,1,0,0,3,0,73,999,0,0,0,0,0,0,0,0,0,0,0,0,0,0,2,4,45,1,1,2,1,3,3,11,15,1,1,1,68,"777777777777","777777777777","777777777777",2,0
37,371173,2,3,1,18,11,15,27,12,6,1,0,37,1,20,421,20421,15,2014,"1GNSKCE04ER2","1","G","N","S","K","C","E","0","4","E","R","2",0,0,0,"000000000","00000000000",0,0,0,1,0,0,0,0,0,0,0,70,0,1,5,12,6,2,12,0,0,0,1,37,28036,6,1,0,0,3,3,69,999,0,0,0,0,1,5,2012,5,2012,3,36,0,0,0,2,4,45,1,1,2,1,3,3,1,67,1,1,1,69,"777777777777","777777777777","777777777777",0,0
37,371173,3,3,1,18,11,15,27,12,6,1,0,37,1,6,43,6043,2,1996,"3C3EL55H1TT2","3","C","3","E","L","5","5","H","1","T","T","2",0,0,0,"000000000","00000000000",0,0,0,1,0,0,0,0,0,0,0,5,0,0,0,10,6,2,12,0,0,0,1,37,28078,6,1,0,0,3,3,73,999,0,0,0,0,0,0,0,0,0,0,0,0,0,0,2,4,45,1,1,2,1,3,3,4,17,1,1,1,98,"777777777777","777777777777","777777777777",0,0
37,371174,1,1,3,19,11,2,18,42,0,1,0,37,2,12,16,12016,4,2001,"2FAFP71W41X1","2","F","A","F","P","7","1","W","4","1","X","1",0,0,0,"000000000","00000000000",0,0,0,1,0,0,0,0,0,0,0,998,0,0,0,12,6,2,42,0,0,0,1,37,28213,1,1,0,0,2,0,72,999,0,1,0,0,1,12,2014,2,2015,3,36,0,0,0,2,2,45,3,1,2,1,0,0,14,13,1,1,4,1,"777777777777","777777777777","777777777777",3,1
37,371175,1,1,2,23,11,10,22,24,0,1,0,37,1,20,431,20431,16,2000,"3GNEC16T0YG1","3","G","N","E","C","1","6","T","0","Y","G","1",0,0,0,"000000000","00000000000",0,0,0,1,0,0,0,0,0,0,0,65,0,0,0,1,6,2,24,0,0,0,1,37,27370,6,1,0,0,3,3,66,999,0,0,0,0,0,0,0,0,0,0,58,0,0,0,2,4,65,3,1,2,1,0,0,14,13,1,1,4,1,"777777777777","777777777777","777777777777",2,0
37,371176,1,1,1,13,11,8,59,42,0,1,0,37,2,13,1,13001,4,1998,"1LNFM97VXWY6","1","L","N","F","M","9","7","V","X","W","Y","6",0,0,0,"000000000","00000000000",0,0,0,1,0,0,0,0,0,0,0,45,0,0,0,12,6,2,42,0,0,0,1,37,28374,4,1,0,0,2,0,69,999,2,7,0,0,0,2,2014,4,2016,3,36,0,0,0,1,2,35,1,1,2,1,0,0,1,13,1,1,4,1,"777777777777","777777777777","777777777777",1,1
37,371177,1,3,1,10,11,18,5,12,2,1,0,37,1,54,35,54035,4,2005,"19UUA66225A0","1","9","U","U","A","6","6","2","2","5","A","0",0,0,0,"000000000","00000000000",0,0,0,1,0,0,0,0,0,0,0,55,0,0,0,12,6,2,12,0,0,0,1,37,28457,6,1,0,0,3,0,64,999,0,0,0,0,0,0,0,0,0,0,0,0,0,0,1,2,55,1,1,2,1,0,0,1,62,1,1,1,51,"777777777777","777777777777","777777777777",0,0
37,371177,2,3,1,10,11,18,5,12,2,1,0,37,1,30,46,30046,4,2013,"1VWBN7A38DC1","1","V","W","B","N","7","A","3","8","D","C","1",0,0,0,"000000000","00000000000",0,0,0,1,0,0,0,0,0,0,0,60,0,0,0,12,6,2,12,0,0,0,1,37,28443,6,1,0,0,3,3,68,999,0,0,0,0,0,0,0,0,0,0,28,35,0,0,1,2,55,1,1,2,1,0,0,6,10,1,1,2,50,"777777777777","777777777777","777777777777",1,0
37,371177,3,3,1,10,11,18,5,12,2,1,0,37,1,49,404,49404,14,2010,"JTEBU4BF5AK0","J","T","E","B","U","4","B","F","5","A","K","0",0,0,0,"000000000","00000000000",0,0,0,1,0,0,0,0,0,0,0,55,0,0,0,12,4,3,12,0,0,0,1,37,28443,6,1,0,0,3,0,72,999,0,0,0,0,1,10,2013,10,2013,0,0,0,0,0,1,2,55,1,1,2,1,0,0,1,62,1,1,1,98,"777777777777","777777777777","777777777777",0,0
37,371178,1,1,1,17,11,23,47,32,0,1,0,37,2,98,701,98701,81,2014,"L8YTCAPFXEY3","L","8","Y","T","C","A","P","F","X","E","Y","3",0,0,0,"000000000","00000000000",0,0,0,1,0,0,0,0,0,0,0,30,0,0,0,12,6,2,30,0,0,0,1,37,28409,1,1,0,0,1,0,69,999,2,3,1,0,4,1,2013,9,2016,0,0,0,0,0,1,2,45,1,1,2,1,0,0,98,98,1,1,5,4,"777777777777","777777777777","777777777777",1,0
37,371179,1,1,1,2,11,9,38,42,0,1,0,37,2,14,6,14006,4,2004,"2MEFM75W84X6","2","M","E","F","M","7","5","W","8","4","X","6",0,0,0,"000000000","00000000000",0,0,0,1,0,0,0,0,0,0,0,80,0,0,0,2,6,2,42,0,0,0,1,37,27862,6,1,0,0,3,3,69,999,0,0,0,0,0,0,0,0,0,3,28,36,0,0,1,2,55,3,1,2,1,0,0,14,10,1,1,4,6,"777777777777","777777777777","777777777777",1,0
37,371180,1,1,1,7,11,14,45,34,0,1,0,37,1,20,481,20481,31,1994,"1GCEC14K9RE1","1","G","C","E","C","1","4","K","9","R","E","1",0,0,0,"000000000","00000000000",0,0,0,1,0,0,0,0,0,0,0,55,0,0,0,8,6,2,30,0,0,0,1,37,28447,6,1,0,0,3,3,66,999,0,0,0,0,0,0,0,0,0,0,28,0,0,0,1,2,55,1,1,2,1,0,0,1,10,1,1,4,6,"777777777777","777777777777","777777777777",1,0
37,371181,1,2,1,18,11,7,40,12,2,1,0,37,1,24,9,24009,4,2009,"1G8ZS57B79F1","1","G","8","Z","S","5","7","B","7","9","F","1",0,0,0,"000000000","00000000000",0,0,0,1,0,0,0,0,0,0,0,55,0,0,0,12,6,2,12,0,0,0,1,37,28386,6,1,0,0,3,0,67,999,0,0,0,1,0,2,2016,2,2016,0,28,0,0,0,1,2,55,1,1,2,1,0,0,1,10,1,1,2,50,"777777777777","777777777777","777777777777",1,0
37,371181,2,2,1,18,11,7,40,12,2,1,0,37,2,20,482,20482,31,2003,"3GNEC13T13G2","3","G","N","E","C","1","3","T","1","3","G","2",0,0,0,"000000000","00000000000",0,0,0,1,0,0,0,0,0,0,0,40,0,0,0,12,6,2,12,0,0,0,1,37,28358,0,0,0,0,0,0,999,999,0,0,0,0,0,0,0,0,0,0,24,0,0,0,1,2,55,1,1,2,1,0,0,1,62,1,1,1,51,"777777777777","777777777777","777777777777",0,0
37,371182,1,1,1,25,11,18,27,8,0,1,0,37,1,12,481,12481,31,2000,"1FTZX1721YNA","1","F","T","Z","X","1","7","2","1","Y","N","A",0,0,0,"000000000","00000000000",0,0,0,1,0,0,0,0,0,0,0,35,0,0,0,12,4,5,8,0,0,0,1,37,28139,6,1,0,0,3,0,71,999,0,0,0,0,0,0,0,0,0,0,0,0,0,0,1,2,55,1,2,2,1,0,0,1,80,1,1,1,13,"777777777777","777777777777","777777777777",0,0
37,371183,1,1,1,25,11,4,50,32,0,1,0,37,1,49,32,49032,4,2015,"5YFBURHE1FP2","5","Y","F","B","U","R","H","E","1","F","P","2",0,0,0,"000000000","00000000000",0,0,0,1,0,0,0,0,0,0,0,80,0,1,5,14,6,2,1,0,0,0,1,37,28128,6,1,0,0,3,0,70,999,0,0,0,1,0,3,2015,3,2015,3,24,36,0,0,1,2,55,3,2,2,1,0,0,14,13,1,1,4,1,"777777777777","777777777777","777777777777",1,0
37,371184,1,1,1,6,11,18,9,8,0,1,0,37,1,6,52,6052,6,2007,"3A4FY58B07T5","3","A","4","F","Y","5","8","B","0","7","T","5",0,0,0,"000000000","00000000000",0,0,0,1,0,0,0,0,0,0,0,45,0,0,0,12,4,3,8,0,0,0,1,37,27047,6,1,0,0,3,3,68,999,0,0,0,0,0,0,0,0,0,0,0,0,0,0,2,4,55,1,1,2,1,0,0,1,80,1,1,1,13,"777777777777","777777777777","777777777777",0,0
37,371185,1,2,1,16,11,10,30,12,1,1,0,37,1,12,473,12473,30,2007,"1FMEU53807UA","1","F","M","E","U","5","3","8","0","7","U","A",0,0,0,"000000000","00000000000",0,0,0,1,0,0,0,0,0,0,0,65,0,0,0,12,6,2,12,0,0,0,1,37,27030,6,1,0,0,3,0,66,999,0,0,0,0,0,0,0,0,0,3,36,0,0,0,2,2,55,1,1,2,1,0,0,1,51,1,1,1,24,"777777777777","777777777777","777777777777",1,0
37,371185,2,2,3,16,11,10,30,12,1,1,0,37,3,12,881,12881,61,2007,"1FDAF56P07EB","1","F","D","A","F","5","6","P","0","7","E","B",0,0,88,"888888888","88888888888",2,1,98,1,0,0,0,0,0,0,0,15,0,0,0,6,4,5,12,0,0,0,1,51,24317,6,1,0,0,3,0,82,180,0,0,0,0,0,0,0,0,0,0,0,0,0,0,2,2,55,1,1,2,1,0,0,1,53,1,1,1,25,"777777777777","777777777777","777777777777",0,0
37,371186,1,1,1,14,11,20,27,30,0,1,0,37,1,73,706,73706,80,2008,"JKBZXNC108A0","J","K","B","Z","X","N","C","1","0","8","A","0",0,0,0,"000000000","00000000000",0,0,0,1,0,0,0,0,0,0,0,90,0,0,0,12,6,2,30,0,0,0,1,37,28110,6,1,0,0,3,0,72,999,1,0,0,0,0,9,2013,9,2013,3,36,0,0,0,1,2,45,2,1,2,1,0,0,14,10,1,1,4,6,"777777777777","777777777777","777777777777",1,1
37,371187,1,1,2,14,11,20,34,35,0,1,0,37,2,12,3,12003,2,1993,"1FACP41M7PF2","1","F","A","C","P","4","1","M","7","P","F","2",0,0,0,"000000000","00000000000",0,0,0,1,0,0,0,0,0,0,0,55,0,1,5,2,6,2,1,0,0,1,1,37,28110,6,1,0,0,3,3,65,999,3,0,0,0,4,10,2013,4,2016,4,36,0,0,0,1,2,55,3,2,2,1,0,0,14,13,1,1,4,1,"777777777777","777777777777","777777777777",1,1
37,371188,1,3,1,17,11,15,29,12,6,1,0,37,2,53,705,53705,80,2000,"JS1GR7HA3Y21","J","S","1","G","R","7","H","A","3","Y","2","1",0,0,0,"000000000","00000000000",0,0,0,1,0,0,0,0,0,0,0,60,0,0,0,12,6,2,12,0,0,0,1,37,27610,1,1,0,0,2,0,72,999,0,8,0,0,8,1,2012,11,2016,3,36,0,0,0,1,5,35,1,1,2,1,0,0,1,54,1,1,1,83,"777777777777","777777777777","777777777777",1,0
37,371188,2,3,1,17,11,15,29,12,6,1,0,37,1,37,32,37032,2,1995,"1HGCD7254SA0","1","H","G","C","D","7","2","5","4","S","A","0",0,0,0,"000000000","00000000000",0,0,0,1,0,0,0,0,0,0,0,5,0,0,0,10,6,2,12,0,0,0,1,37,27610,6,1,0,0,3,0,70,999,0,0,0,0,1,6,2014,6,2014,0,0,0,0,0,1,5,35,1,1,2,1,0,0,11,15,1,1,1,82,"777777777777","777777777777","777777777777",0,0
37,371188,3,3,1,17,11,15,29,12,6,1,0,37,1,49,32,49032,4,2007,"1NXBR32E17Z7","1","N","X","B","R","3","2","E","1","7","Z","7",0,0,0,"000000000","00000000000",0,0,0,1,0,0,0,0,0,0,0,35,0,0,0,12,2,5,12,0,0,0,1,37,27610,6,1,0,0,3,0,63,999,0,0,0,0,0,0,0,0,0,0,0,0,0,0,1,5,35,1,1,2,1,0,0,1,62,1,1,1,98,"777777777777","777777777777","777777777777",0,0
37,371189,1,1,1,19,11,18,1,8,0,1,0,37,1,12,3,12003,2,2015,"1FA6P8CF4F53","1","F","A","6","P","8","C","F","4","F","5","3",0,0,0,"000000000","00000000000",0,0,0,1,0,0,0,0,0,0,0,59,0,0,0,12,6,2,8,0,0,0,1,37,27526,6,1,6,0,3,0,69,999,0,0,0,0,0,0,0,0,0,0,0,0,0,0,2,2,55,1,1,2,1,0,0,1,80,1,1,1,13,"777777777777","777777777777","777777777777",0,0
37,371190,1,1,1,21,11,6,34,8,0,1,0,37,1,35,50,35050,4,2014,"3N1CN7AP3EL8","3","N","1","C","N","7","A","P","3","E","L","8",0,0,0,"000000000","00000000000",0,0,0,1,0,0,0,0,0,0,0,40,0,0,0,12,6,2,8,0,0,0,1,37,27613,6,1,0,0,3,0,61,999,2,0,0,0,2,10,2012,7,2014,0,0,0,0,0,2,3,45,1,2,2,1,0,0,1,80,1,1,1,13,"777777777777","777777777777","777777777777",0,0
37,371191,1,2,4,22,11,18,22,12,6,1,0,37,1,63,32,63032,4,2004,"KNADC1651462","K","N","A","D","C","1","6","5","1","4","6","2",0,0,0,"000000000","00000000000",0,0,0,1,0,0,0,0,0,0,0,15,0,0,0,3,6,2,12,0,0,0,1,37,27616,6,1,6,0,3,0,73,999,0,0,0,0,0,0,0,0,0,0,38,0,0,0,2,4,45,1,1,2,1,3,3,11,15,1,1,1,68,"777777777777","777777777777","777777777777",1,0
37,371191,2,2,1,22,11,18,22,12,6,1,0,37,3,12,461,12461,21,1990,"1FTEE14Y1LHB","1","F","T","E","E","1","4","Y","1","L","H","B",0,0,0,"000000000","00000000000",0,0,0,1,0,0,0,0,0,0,0,36,0,0,0,1,6,2,12,0,0,0,1,37,27613,6,1,0,0,3,0,66,999,0,1,0,0,0,1,2012,1,2012,0,0,0,0,0,2,4,45,1,1,2,1,3,3,1,17,1,1,1,69,"777777777777","777777777777","777777777777",0,0
37,371192,1,2,2,24,11,18,46,12,6,1,0,37,1,37,31,37031,2,2001,"1HGEM22991L0","1","H","G","E","M","2","2","9","9","1","L","0",0,0,0,"000000000","00000000000",0,0,0,1,0,0,0,0,0,0,0,15,0,0,0,9,6,2,12,0,0,0,1,37,27616,6,1,0,0,3,3,62,999,1,0,0,1,0,9,2016,9,2016,0,38,0,0,0,1,4,45,1,2,2,1,20,3,11,15,1,1,1,82,"777777777777","777777777777","777777777777",1,0
37,371192,2,2,3,24,11,18,46,12,6,1,0,37,2,49,422,49422,15,2007,"5TDZT34A47S2","5","T","D","Z","T","3","4","A","4","7","S","2",0,0,0,"000000000","00000000000",0,0,0,1,0,0,0,0,0,0,0,50,0,0,0,12,6,2,12,0,0,0,1,37,27529,6,1,0,0,3,0,71,999,0,0,0,0,0,0,0,0,0,0,0,0,0,0,1,5,45,1,2,2,1,0,0,1,67,1,1,1,83,"777777777777","777777777777","777777777777",0,0
37,371193,1,1,1,27,11,18,38,33,0,1,0,37,1,72,706,72706,80,2008,"1HD1PT91X8Y9","1","H","D","1","P","T","9","1","X","8","Y","9",0,0,0,"000000000","00000000000",0,0,0,1,0,0,0,0,0,0,0,45,0,0,0,12,6,2,42,0,0,0,1,37,27511,6,1,0,0,3,0,72,999,0,0,0,0,0,0,0,0,0,0,0,0,0,0,2,2,45,3,1,2,1,0,0,14,12,1,1,4,6,"777777777777","777777777777","777777777777",1,0
37,371194,1,2,1,21,11,10,45,12,6,1,0,37,2,20,37,20037,4,2007,"1G1ZS58N77F2","1","G","1","Z","S","5","8","N","7","7","F","2",0,0,0,"000000000","00000000000",0,0,0,1,0,0,0,0,0,0,0,10,0,0,0,9,6,2,12,0,0,0,1,37,28333,1,1,0,0,2,0,65,999,0,1,0,0,1,4,2012,4,2014,0,39,0,0,0,3,4,45,1,1,2,1,3,3,1,17,1,1,1,89,"777777777777","777777777777","777777777777",1,0
37,371194,2,2,1,21,11,10,45,12,6,1,0,37,1,12,481,12481,31,2006,"1FTSF30526EA","1","F","T","S","F","3","0","5","2","6","E","A",1,3,0,"000000000","00000000000",0,0,0,1,0,0,0,0,0,0,0,50,0,0,0,12,6,2,12,0,0,0,1,37,27524,6,1,0,0,3,0,66,999,1,0,0,0,0,6,2016,6,2016,0,0,0,0,0,3,4,50,1,1,2,1,3,3,1,66,1,1,1,88,"888888888888","777777777777","777777777777",0,0