"STATE","ST_CASE","VEH_NO","VE_FORMS","NUMOCCS","DAY","MONTH","HOUR","MINUTE","HARM_EV","MAN_COLL","UNITTYPE","HIT_RUN","REG_STAT","OWNER","MAKE","MODEL","MAK_MOD","BODY_TYP","MOD_YEAR","VIN","VIN_1","VIN_2","VIN_3","VIN_4","VIN_5","VIN_6","VIN_7","VIN_8","VIN_9","VIN_10","VIN_11","VIN_12","TOW_VEH","J_KNIFE","MCARR_I1","MCARR_I2","MCARR_ID","GVWR","V_CONFIG","CARGO_BT","HAZ_INV","HAZ_PLAC","HAZ_ID","HAZ_CNO","HAZ_REL","BUS_USE","SPEC_USE","EMER_USE","TRAV_SP","UNDERIDE","ROLLOVER","ROLINLOC","IMPACT1","DEFORMED","TOWED","M_HARM","VEH_SC1","VEH_SC2","FIRE_EXP","DR_PRES","L_STATE","DR_ZIP","L_STATUS","L_TYPE","CDL_STAT","L_ENDORS","L_COMPL","L_RESTRI","DR_HGT","DR_WGT","PREV_ACC","PREV_SUS","PREV_DWI","PREV_SPD","PREV_OTH","FIRST_MO","FIRST_YR","LAST_MO","LAST_YR","SPEEDREL","DR_SF1","DR_SF2","DR_SF3","DR_SF4","VTRAFWAY","VNUM_LAN","VSPD_LIM","VALIGN","VPROFILE","VPAVETYP","VSURCOND","VTRAFCON","VTCONT_F","P_CRASH1","P_CRASH2","P_CRASH3","PCRASH4","PCRASH5","ACC_TYPE","TRLR1VIN","TRLR2VIN","TRLR3VIN","DEATHS","DR_DRINK"
37,371229,1,4,1,10,12,10,51,12,6,1,0,37,2,49,32,49032,4,1999,"1NXBR12E4XZ2","1","N","X","B","R","1","2","E","4","X","Z","2",0,0,0,"000000000","00000000000",0,0,0,1,0,0,0,0,0,0,0,55,0,0,0,1,6,2,12,0,0,0,1,37,27217,6,1,0,0,3,3,65,999,0,0,0,0,0,0,0,0,0,0,38,0,0,0,1,2,55,1,1,2,1,0,0,11,15,1,1,1,68,"777777777777","777777777777","777777777777",1,0
37,371229,2,4,1,10,12,10,51,12,6,1,0,37,1,12,23,12023,4,2017,"3FA6P0RU7HR2","3","F","A","6","P","0","R","U","7","H","R","2",0,0,0,"000000000","00000000000",0,0,0,1,0,0,0,0,0,0,0,55,0,0,0,12,6,2,12,0,0,0,1,37,27253,6,1,0,0,3,3,69,999,1,0,0,0,0,10,2013,10,2013,0,0,0,0,0,1,2,55,1,1,2,1,0,0,1,54,1,1,1,69,"777777777777","777777777777","777777777777",0,0
37,371229,3,4,1,10,12,10,51,12,6,1,0,37,1,12,21,12021,4,2006,"1FAFP23116G1","1","F","A","F","P","2","3","1","1","6","G","1",0,0,0,"000000000","00000000000",0,0,0,1,0,0,0,0,0,0,0,55,0,0,0,12,6,2,12,0,0,0,1,37,27127,6,1,6,0,3,3,72,999,0,0,0,1,3,6,2013,11,2014,0,0,0,0,0,1,2,55,1,1,2,1,0,0,1,54,1,1,1,98,"777777777777","777777777777","777777777777",0,0
37,371229,4,4,1,10,12,10,51,12,6,1,0,37,1,22,32,22032,6,2008,"5Y2SL65818Z4","5","Y","2","S","L","6","5","8","1","8","Z","4",0,0,0,"000000000","00000000000",0,0,0,1,0,0,0,0,0,0,0,55,0,0,0,11,6,2,12,0,0,0,1,37,27253,6,1,0,0,3,3,64,999,0,0,0,0,0,0,0,0,0,0,0,0,0,0,1,2,55,1,1,2,1,0,0,1,51,1,1,1,98,"777777777777","777777777777","777777777777",0,0
37,371230,1,1,1,2,12,12,6,11,0,1,0,54,1,53,706,53706,80,2006,"JS1VS55A2621","J","S","1","V","S","5","5","A","2","6","2","1",0,0,0,"000000000","00000000000",0,0,0,1,0,0,0,0,0,0,0,35,0,0,0,12,6,2,11,0,0,0,1,37,28678,6,1,0,0,3,0,75,999,0,0,0,0,0,0,0,0,0,0,0,0,0,0,1,2,35,1,3,2,1,0,0,1,87,1,1,1,13,"777777777777","777777777777","777777777777",1,0
37,371231,1,1,1,17,12,14,31,32,0,1,0,37,1,19,21,19021,4,2005,"1G6DC67A4501","1","G","6","D","C","6","7","A","4","5","0","1",0,0,0,"000000000","00000000000",0,0,0,1,0,0,0,0,0,0,0,75,0,1,5,3,6,2,1,0,0,0,1,37,27889,6,1,0,0,3,0,71,999,2,0,0,2,6,5,2014,7,2016,3,36,0,0,0,1,2,55,3,2,2,1,0,0,14,13,1,1,4,1,"777777777777","777777777777","777777777777",1,1
37,371232,1,1,4,22,12,6,2,42,0,1,0,37,2,35,47,35047,4,2003,"1N4AL11DX3C1","1","N","4","A","L","1","1","D","X","3","C","1",0,0,0,"000000000","00000000000",0,0,0,1,0,0,0,0,0,0,0,85,0,0,0,3,6,2,42,0,0,0,1,37,27889,1,1,0,0,2,0,999,999,0,1,0,0,0,9,2015,9,2015,3,36,0,0,0,2,2,55,3,2,2,1,0,0,14,13,1,1,4,1,"777777777777","777777777777","777777777777",2,0
37,371233,1,1,2,1,12,18,17,8,0,1,0,37,2,54,38,54038,3,2003,"JH4DC530X3S0","J","H","4","D","C","5","3","0","X","3","S","0",0,0,0,"000000000","00000000000",0,0,0,1,0,0,0,0,0,0,0,45,0,0,0,12,6,2,8,0,0,0,1,37,28801,0,0,0,0,0,0,999,999,0,0,0,0,1,6,2016,6,2016,0,99,99,99,99,1,5,45,1,2,2,1,0,0,1,80,1,1,1,13,"777777777777","777777777777","777777777777",0,0
37,371234,1,1,1,30,12,19,26,8,0,1,0,37,1,49,32,49032,4,2009,"JTDBL40E39J0","J","T","D","B","L","4","0","E","3","9","J","0",0,0,0,"000000000","00000000000",0,0,0,1,0,0,0,0,0,0,0,40,0,0,0,12,4,5,8,0,0,0,1,37,28711,6,1,0,0,3,0,73,999,0,0,0,0,0,0,0,0,0,0,0,0,0,0,2,2,45,1,1,2,1,0,0,1,80,1,1,1,13,"777777777777","777777777777","777777777777",0,0
37,371235,1,1,3,16,12,13,0,1,0,1,0,37,1,38,403,38403,14,1994,"JACCY07E8R98","J","A","C","C","Y","0","7","E","8","R","9","8",0,0,0,"000000000","00000000000",0,0,0,1,0,0,0,0,0,0,0,55,0,2,5,0,6,2,1,0,0,0,1,37,28630,6,1,0,0,3,0,62,999,1,1,0,0,3,2,2012,2,2016,3,36,0,0,0,1,2,45,1,1,2,1,0,0,1,9,1,1,4,6,"777777777777","777777777777","777777777777",1,0
37,371236,1,2,1,20,12,15,42,12,6,1,0,37,1,48,34,48034,6,2016,"4S4BSBCC7G32","4","S","4","B","S","B","C","C","7","G","3","2",0,0,0,"000000000","00000000000",0,0,0,1,0,0,0,0,0,0,0,10,0,0,0,10,6,2,12,0,0,0,1,37,28655,6,1,0,0,3,3,67,999,0,0,0,0,0,0,0,0,0,0,38,0,0,0,1,2,55,1,2,2,1,20,3,4,19,1,1,1,89,"777777777777","777777777777","777777777777",1,0
37,371236,2,2,1,20,12,15,42,12,6,1,0,37,1,18,404,18404,14,2015,"KL4CJBSB0FB2","K","L","4","C","J","B","S","B","0","F","B","2",0,0,0,"000000000","00000000000",0,0,0,1,0,0,0,0,0,0,0,45,0,0,0,12,6,2,12,0,0,0,1,37,28645,6,1,0,0,3,0,68,999,0,0,0,0,1,8,2014,8,2014,0,0,0,0,0,1,2,55,1,2,2,1,0,0,1,54,1,1,1,88,"777777777777","777777777777","777777777777",0,0
37,371237,1,1,1,25,12,17,57,53,0,1,0,37,2,49,32,49032,4,2011,"2T1BU4EE9BC5","2","T","1","B","U","4","E","E","9","B","C","5",0,0,0,"000000000","00000000000",0,0,0,1,0,0,0,0,0,0,0,45,0,0,0,1,6,2,8,0,0,0,1,37,28655,6,2,0,0,3,3,67,999,1,0,0,0,0,12,2015,12,2015,4,36,0,0,0,1,2,45,1,2,2,1,0,0,1,13,1,1,4,1,"777777777777","777777777777","777777777777",0,0
37,371238,1,3,1,19,12,7,1,12,7,1,0,37,2,22,20,22020,4,2006,"2G2WP5527611","2","G","2","W","P","5","5","2","7","6","1","1",0,0,0,"000000000","00000000000",0,0,0,1,0,0,0,0,0,0,0,70,0,0,0,9,6,2,42,0,0,0,1,37,28107,6,1,0,0,3,3,66,999,0,0,0,0,0,0,0,0,0,3,36,58,0,0,2,4,55,1,2,2,2,0,0,1,9,1,1,2,44,"777777777777","777777777777","777777777777",0,0
37,371238,2,3,1,19,12,7,1,12,7,1,0,37,2,12,23,12023,4,2006,"3FAFP07176R2","3","F","A","F","P","0","7","1","7","6","R","2",0,0,0,"000000000","00000000000",0,0,0,1,0,0,0,0,0,0,0,65,0,0,0,3,6,2,12,0,0,0,1,37,28025,6,1,0,0,3,0,62,999,0,0,0,0,0,0,0,0,0,3,36,0,0,0,2,4,55,1,2,2,2,0,0,1,60,1,1,1,45,"777777777777","777777777777","777777777777",1,0
37,371238,3,3,1,19,12,7,1,12,7,1,0,37,1,12,24,12024,6,2010,"2FMDK3KC4ABA","2","F","M","D","K","3","K","C","4","A","B","A",0,0,0,"000000000","00000000000",0,0,0,1,0,0,0,0,0,0,0,55,0,0,0,11,6,2,12,0,0,0,1,37,28269,6,1,0,0,3,0,72,999,1,1,0,1,3,1,2012,8,2015,0,0,0,0,0,2,4,55,1,2,2,2,0,0,1,62,1,1,1,98,"777777777777","777777777777","777777777777",0,0
37,371239,1,2,1,22,12,17,46,12,2,1,0,37,1,20,481,20481,31,2005,"1GCEK19Z45Z2","1","G","C","E","K","1","9","Z","4","5","Z","2",0,0,0,"000000000","00000000000",0,0,0,1,0,0,0,0,0,0,0,15,0,0,0,12,4,5,12,0,0,0,1,37,28205,6,1,0,0,3,0,74,999,2,0,0,0,0,11,2012,1,2013,0,38,0,0,0,1,2,55,1,1,2,1,0,0,6,10,1,1,2,50,"777777777777","777777777777","777777777777",0,0
37,371239,2,2,2,22,12,17,46,12,2,1,0,37,1,12,17,12017,4,2001,"1FAFP56S81A2","1","F","A","F","P","5","6","S","8","1","A","2",0,0,0,"000000000","00000000000",0,0,0,1,0,0,0,0,0,0,0,25,0,0,0,12,6,2,12,0,0,0,1,37,28081,6,1,0,0,3,0,65,999,1,0,0,0,0,6,2015,6,2015,0,0,0,0,0,1,2,55,1,1,2,1,0,0,1,62,1,1,1,51,"777777777777","777777777777","777777777777",1,0
37,371240,1,1,1,8,12,21,9,38,0,1,0,37,1,49,45,49045,2,2002,"JTDAT1232202","J","T","D","A","T","1","2","3","2","2","0","2",0,0,0,"000000000","00000000000",0,0,0,1,0,0,0,0,0,0,0,60,0,1,5,2,6,2,1,0,0,0,1,37,28645,6,1,0,0,3,0,59,999,1,0,0,0,0,6,2016,6,2016,0,0,0,0,0,1,2,55,1,1,2,1,0,0,1,10,1,1,4,6,"777777777777","777777777777","777777777777",1,0
37,371241,1,1,1,5,12,18,1,34,0,1,0,37,1,49,442,49442,20,2005,"5TDBA22C75S0","5","T","D","B","A","2","2","C","7","5","S","0",0,0,0,"000000000","00000000000",0,0,0,1,0,0,0,0,0,0,0,85,0,1,5,11,6,2,1,0,0,0,1,37,27314,1,1,0,0,2,0,72,999,0,7,0,0,0,9,2014,8,2016,3,28,36,58,0,1,2,55,1,2,2,1,0,0,1,9,1,1,4,1,"777777777777","777777777777","777777777777",1,1
37,371242,1,2,2,6,12,18,22,12,6,1,0,37,3,20,481,20481,31,2002,"1GBHK23U02F2","1","G","B","H","K","2","3","U","0","2","F","2",0,0,0,"000000000","00000000000",0,0,0,1,0,0,0,0,0,0,0,55,0,0,0,12,6,2,12,0,0,0,1,37,28658,1,1,0,0,2,0,72,999,2,3,1,0,1,8,2012,8,2015,0,39,0,0,0,1,5,50,1,2,2,1,3,3,1,17,1,1,1,83,"777777777777","777777777777","777777777777",0,1
37,371242,2,2,4,6,12,18,22,12,6,1,0,37,1,37,441,37441,20,2007,"5FNRL38617B4","5","F","N","R","L","3","8","6","1","7","B","4",0,0,0,"000000000","00000000000",0,0,0,1,0,0,0,0,0,0,0,35,0,0,0,9,6,2,12,0,0,0,1,37,28630,6,1,0,0,3,0,69,999,1,0,0,0,0,3,2012,3,2012,0,0,0,0,0,1,5,50,1,2,2,1,3,3,11,54,1,1,1,82,"777777777777","777777777777","777777777777",1,0
37,371243,1,1,1,7,12,10,27,8,0,1,0,37,1,49,40,49040,4,2009,"4T1BE46K29U3","4","T","1","B","E","4","6","K","2","9","U","3",0,0,0,"000000000","00000000000",0,0,0,1,0,0,0,0,0,0,0,45,0,0,0,12,6,2,8,0,0,0,1,37,28650,6,1,0,0,3,0,67,999,1,0,0,2,1,12,2012,10,2014,0,0,0,0,0,2,3,45,1,1,2,1,0,0,1,80,1,1,1,13,"777777777777","777777777777","777777777777",0,0
37,371244,1,2,3,6,12,12,14,12,6,1,0,37,1,24,1,24001,4,1992,"1G8ZH5492NZ1","1","G","8","Z","H","5","4","9","2","N","Z","1",0,0,0,"000000000","00000000000",0,0,0,1,0,0,0,0,0,0,0,10,0,0,0,9,6,2,12,0,0,0,1,37,28602,6,1,0,0,3,0,68,999,0,0,0,0,0,0,0,0,0,0,38,0,0,0,1,2,25,1,1,2,2,20,3,4,54,1,1,1,89,"777777777777","777777777777","777777777777",1,0
37,371244,2,2,2,6,12,12,14,12,6,1,0,37,1,49,46,49046,4,2009,"JTDKB20U9934","J","T","D","K","B","2","0","U","9","9","3","4",0,0,0,"000000000","00000000000",0,0,0,1,0,0,0,0,0,0,0,25,0,0,0,12,6,2,12,0,0,0,1,37,28601,6,1,0,0,3,0,66,999,2,0,0,0,0,4,2016,7,2016,0,0,0,0,0,1,2,25,1,1,2,2,0,0,1,54,1,1,1,88,"777777777777","777777777777","777777777777",0,0
37,371245,1,1,3,18,12,12,57,8,0,1,0,37,1,37,471,37471,30,2006,"2HJYK16416H5","2","H","J","Y","K","1","6","4","1","6","H","5",0,0,0,"000000000","00000000000",0,0,0,1,0,0,0,0,0,0,0,45,0,0,0,12,6,2,8,0,0,0,1,37,28090,6,1,0,0,3,3,69,999,1,0,0,0,0,5,2016,5,2016,0,0,0,0,0,1,2,45,1,1,2,2,0,0,1,80,1,1,1,13,"777777777777","777777777777","777777777777",0,0
37,371246,1,2,1,24,12,18,2,12,1,1,0,37,1,12,401,12401,14,2002,"1FMDU74E92ZA","1","F","M","D","U","7","4","E","9","2","Z","A",0,0,0,"000000000","00000000000",0,0,0,1,0,0,0,0,0,0,0,55,0,0,0,12,6,2,12,0,0,0,1,37,28150,6,1,0,0,3,0,69,999,0,1,1,0,0,7,2012,12,2014,0,0,0,0,0,2,4,55,1,2,2,1,0,0,1,51,1,1,1,24,"777777777777","777777777777","777777777777",0,0
37,371246,2,2,1,24,12,18,2,12,1,1,0,37,1,98,709,98709,88,2014,"000000000000","0","0","0","0","0","0","0","0","0","0","0","0",0,0,0,"000000000","00000000000",0,0,0,1,0,0,0,0,0,0,0,30,0,0,0,6,6,2,12,0,0,0,1,37,28152,1,1,0,0,1,0,65,999,0,0,0,0,0,0,0,0,0,0,0,0,0,0,2,4,55,1,2,2,1,0,0,1,53,1,1,1,25,"777777777777","777777777777","777777777777",1,0
37,371247,1,1,1,25,12,5,2,24,0,1,0,37,1,20,37,20037,4,2004,"1G1ZU54874F2","1","G","1","Z","U","5","4","8","7","4","F","2",0,0,0,"000000000","00000000000",0,0,0,1,0,0,0,0,0,0,0,30,0,0,0,11,6,2,2,0,0,1,1,37,28043,6,1,0,0,3,0,64,999,0,0,0,0,1,6,2016,6,2016,0,99,99,99,99,1,2,35,4,4,2,1,0,0,14,10,1,1,4,6,"777777777777","777777777777","777777777777",1,0
37,371248,1,2,2,5,12,8,0,12,6,1,0,37,2,12,3,12003,2,2006,"1ZVFT80N3651","1","Z","V","F","T","8","0","N","3","6","5","1",0,0,0,"000000000","00000000000",0,0,0,1,0,0,0,0,0,0,0,70,0,0,0,7,6,2,12,0,0,0,1,37,28472,6,1,0,0,3,3,68,999,0,0,0,0,1,10,2015,10,2015,3,33,36,0,0,1,2,55,1,1,2,2,0,0,6,10,1,1,6,66,"777777777777","777777777777","777777777777",0,1
37,371248,2,2,3,5,12,8,0,12,6,1,0,37,1,20,481,20481,31,2000,"2GCEC19T2Y12","2","G","C","E","C","1","9","T","2","Y","1","2",0,0,0,"000000000","00000000000",0,0,0,1,0,0,0,0,0,0,0,55,0,0,0,12,6,2,12,0,0,0,1,37,28431,6,1,0,0,3,0,62,999,0,0,0,0,1,8,2016,8,2016,0,0,0,0,0,1,2,55,1,1,2,2,0,0,1,62,1,1,1,66,"777777777777","777777777777","777777777777",1,0
37,371249,1,2,1,17,12,18,34,12,6,1,0,37,1,20,20,20020,4,1998,"2G1WL52M7W93","2","G","1","W","L","5","2","M","7","W","9","3",0,0,0,"000000000","00000000000",0,0,0,1,0,0,0,0,0,0,0,5,0,0,0,9,6,2,12,0,0,0,1,37,28562,6,1,0,0,3,0,66,999,0,0,0,0,0,0,0,0,0,0,38,0,0,0,2,4,55,1,1,2,1,20,3,4,17,1,1,1,89,"777777777777","777777777777","777777777777",1,0
37,371249,2,2,7,17,12,18,34,12,6,1,0,37,2,20,431,20431,16,1999,"1GNEC16RXXJ3","1","G","N","E","C","1","6","R","X","X","J","3",0,0,0,"000000000","00000000000",0,0,0,1,0,0,0,0,0,0,0,55,0,0,0,12,6,2,12,0,0,0,1,37,28516,3,1,3,0,2,0,61,999,1,0,0,0,4,11,2013,12,2014,0,0,0,0,0,2,4,55,1,1,2,1,0,0,1,54,1,1,1,88,"777777777777","777777777777","777777777777",0,0
37,371250,1,2,1,24,12,19,47,12,6,1,0,37,1,49,44,49044,2,2005,"4T1CE38P25U5","4","T","1","C","E","3","8","P","2","5","U","5",0,0,0,"000000000","00000000000",0,0,0,1,0,0,0,0,0,0,0,55,0,0,0,3,6,2,12,0,0,0,1,37,28562,6,1,0,0,3,0,66,999,0,1,0,0,1,6,2013,7,2013,0,28,0,0,0,2,4,55,1,1,2,1,0,0,1,10,1,1,6,66,"777777777777","777777777777","777777777777",1,0
37,371250,2,2,2,24,12,19,47,12,6,1,0,37,1,20,37,20037,4,2011,"1G1ZC5EU5BF3","1","G","1","Z","C","5","E","U","5","B","F","3",0,0,0,"000000000","00000000000",0,0,0,1,0,0,0,0,0,0,0,55,0,0,0,12,6,2,12,0,0,0,1,6,93551,6,1,0,0,3,0,68,130,0,0,0,0,0,0,0,0,0,0,0,0,0,0,2,4,55,1,1,2,1,0,0,1,62,1,1,1,66,"777777777777","777777777777","777777777777",0,0
37,371251,1,1,1,27,12,18,24,34,0,1,0,51,1,37,31,37031,4,2012,"2HGFB2F83CH3","2","H","G","F","B","2","F","8","3","C","H","3",0,0,0,"000000000","00000000000",0,0,0,1,0,0,0,0,0,0,0,55,0,0,0,11,6,2,3,0,0,0,1,51,23510,6,1,0,0,3,0,72,180,0,0,0,0,0,0,0,0,0,0,28,0,0,0,1,2,55,1,1,2,1,0,0,1,10,1,1,4,6,"777777777777","777777777777","777777777777",1,0
37,371252,1,1,1,31,12,2,47,34,0,1,0,37,1,12,401,12401,14,2004,"1FMZU63K64UA","1","F","M","Z","U","6","3","K","6","4","U","A",0,0,0,"000000000","00000000000",0,0,0,1,0,0,0,0,0,0,0,65,0,1,5,12,6,2,42,0,0,0,1,37,28560,1,1,0,0,2,0,69,999,0,1,0,0,1,6,2016,8,2016,3,36,0,0,0,1,2,35,1,1,2,1,0,0,1,13,1,1,4,1,"777777777777","777777777777","777777777777",1,1
37,371253,1,1,1,1,12,15,20,8,0,1,0,37,1,49,43,49043,4,2014,"4T1BK1EB9EU0","4","T","1","B","K","1","E","B","9","E","U","0",0,0,0,"000000000","00000000000",0,0,0,1,0,0,0,0,0,0,0,40,0,0,0,12,4,3,8,0,0,0,1,37,28314,6,1,0,0,3,0,73,999,1,0,0,1,2,1,2012,2,2014,0,0,0,0,0,1,5,45,1,3,2,1,0,0,1,80,1,1,1,13,"777777777777","777777777777","777777777777",0,0
37,371254,1,1,1,12,12,2,20,8,0,1,0,37,1,20,481,20481,31,2002,"2GCEC19T1211","2","G","C","E","C","1","9","T","1","2","1","1",0,0,0,"000000000","00000000000",0,0,0,1,0,0,0,0,0,0,0,32,0,0,0,12,4,5,8,0,0,0,1,37,28376,6,1,0,0,3,3,70,999,2,0,0,1,0,6,2013,7,2016,0,0,0,0,0,1,2,35,1,1,2,1,0,0,1,80,1,1,1,13,"777777777777","777777777777","777777777777",0,0
37,371255,1,1,2,16,12,14,18,30,0,1,0,37,2,54,38,54038,3,2002,"JH4DC54832C0","J","H","4","D","C","5","4","8","3","2","C","0",0,0,0,"000000000","00000000000",0,0,0,1,0,0,0,0,0,0,0,75,0,0,0,9,6,2,30,0,0,0,1,37,28306,6,1,0,0,3,3,68,999,0,0,0,0,0,0,0,0,0,3,36,58,0,0,1,2,55,2,1,2,1,0,0,14,13,1,1,4,1,"777777777777","777777777777","777777777777",2,0
37,371256,1,1,1,19,12,22,9,1,0,1,0,37,2,37,401,37401,14,1997,"4S6CM58V5V44","4","S","6","C","M","5","8","V","5","V","4","4",0,0,0,"000000000","00000000000",0,0,0,1,0,0,0,0,0,0,0,75,0,2,5,0,6,2,42,0,0,0,1,37,27028,6,1,0,0,3,0,69,999,0,0,0,0,0,0,0,0,0,3,36,58,0,0,1,2,45,3,1,2,1,0,0,14,13,1,1,4,1,"777777777777","777777777777","777777777777",1,0
37,371257,1,1,1,19,12,22,24,59,0,1,0,37,1,22,401,22401,14,2001,"3G7DA03E91S5","3","G","7","D","A","0","3","E","9","1","S","5",0,0,0,"000000000","00000000000",0,0,0,1,0,0,0,0,0,0,0,70,0,0,0,11,6,2,42,0,0,0,1,37,28466,6,1,0,0,3,0,66,999,0,0,0,1,0,4,2014,4,2014,3,36,0,0,0,1,2,55,1,1,2,2,0,0,1,13,1,1,4,1,"777777777777","777777777777","777777777777",1,0
37,371258,1,1,2,6,12,23,53,25,0,1,0,37,1,55,36,55036,4,2013,"KMHCT4AE7DU5","K","M","H","C","T","4","A","E","7","D","U","5",0,0,0,"000000000","00000000000",0,0,0,1,0,0,0,0,0,0,0,80,0,0,0,12,6,2,25,0,0,0,1,37,28379,6,1,0,0,3,0,68,999,1,0,0,0,1,4,2016,9,2016,3,36,0,0,0,3,2,60,1,1,2,1,0,0,1,11,1,1,4,1,"777777777777","777777777777","777777777777",1,1
37,371259,1,2,1,29,12,2,56,12,1,1,0,37,3,34,37,34037,4,2000,"WBAGH8345YDP","W","B","A","G","H","8","3","4","5","Y","D","P",0,0,0,"000000000","00000000000",0,0,0,1,0,0,0,0,0,0,0,0,0,0,0,6,6,2,12,0,0,0,1,37,28409,6,1,0,0,3,0,68,999,1,0,0,0,0,12,2016,12,2016,0,99,99,99,99,3,4,65,1,1,2,1,0,0,5,98,1,1,1,21,"777777777777","777777777777","777777777777",1,1
37,371259,2,2,1,29,12,2,56,12,1,1,0,37,3,98,806,98806,63,2013,"5PVNE8JT5D4S","5","P","V","N","E","8","J","T","5","D","4","S",0,0,88,"888888888","88888888888",3,2,98,1,0,0,0,0,0,0,0,60,0,0,0,12,6,2,12,0,0,0,1,37,27527,6,1,0,0,2,0,72,999,0,0,0,0,0,0,0,0,0,0,0,0,0,0,3,4,65,1,1,2,1,0,0,1,50,1,1,1,20,"777777777777","777777777777","777777777777",0,0
37,371260,1,1,1,3,12,2,39,32,0,1,0,24,2,34,34,34034,4,2013,"WBA3B5C56DF5","W","B","A","3","B","5","C","5","6","D","F","5",0,0,0,"000000000","00000000000",0,0,0,1,0,0,0,0,0,0,0,70,0,1,5,12,6,2,1,0,0,0,1,37,27964,1,1,0,0,2,0,67,999,0,6,0,0,4,11,2012,5,2015,3,36,0,0,0,1,2,55,3,1,2,1,0,0,14,13,1,1,4,1,"777777777777","777777777777","777777777777",1,1
37,371261,1,2,1,28,12,17,17,12,2,1,0,37,1,49,40,49040,4,1999,"JT2BG22K5X03","J","T","2","B","G","2","2","K","5","X","0","3",0,0,0,"000000000","00000000000",0,0,0,1,0,0,0,0,0,0,0,50,0,0,0,12,6,2,12,0,0,0,1,37,27019,6,1,0,0,3,0,73,999,0,0,0,0,0,0,0,0,0,0,28,0,0,0,1,2,45,1,1,2,1,0,0,1,10,1,1,2,50,"777777777777","777777777777","777777777777",1,0
37,371261,2,2,3,28,12,17,17,12,2,1,0,37,2,18,7,18007,4,2000,"2G4WS52JXY11","2","G","4","W","S","5","2","J","X","Y","1","1",0,0,0,"000000000","00000000000",0,0,0,1,0,0,0,0,0,0,0,50,0,0,0,12,6,2,12,0,0,0,1,37,27052,6,1,0,0,3,0,72,999,2,0,0,0,0,2,2014,10,2014,0,0,0,0,0,1,2,45,1,1,2,1,0,0,1,62,1,1,1,51,"777777777777","777777777777","777777777777",0,0
37,371262,1,2,2,5,12,15,11,12,6,1,0,37,2,49,401,49401,14,2015,"JTEBU5JR5F52","J","T","E","B","U","5","J","R","5","F","5","2",0,0,0,"000000000","00000000000",0,0,0,1,0,0,0,0,0,0,0,45,0,0,0,1,6,2,12,0,0,0,1,37,27597,6,1,0,0,3,0,64,999,0,0,0,0,0,0,0,0,0,0,38,0,0,0,1,2,45,1,1,2,1,0,0,11,15,1,1,1,68,"777777777777","777777777777","777777777777",0,0
37,371262,2,2,1,5,12,15,11,12,6,1,0,37,1,12,481,12481,31,1998,"1FTZX1762WNB","1","F","T","Z","X","1","7","6","2","W","N","B",0,0,0,"000000000","00000000000",0,0,0,1,0,0,0,0,0,0,0,45,0,1,5,11,6,2,1,0,0,0,1,37,27596,6,2,0,0,3,1,69,999,0,0,0,0,0,0,0,0,0,0,0,0,0,0,1,2,45,1,1,2,1,0,0,1,54,1,1,1,69,"777777777777","777777777777","777777777777",1,0
37,371263,1,2,2,30,12,18,41,12,6,1,0,37,1,22,20,22020,4,2002,"1G2WP52K32F2","1","G","2","W","P","5","2","K","3","2","F","2",0,0,0,"000000000","00000000000",0,0,0,1,0,0,0,0,0,0,0,10,0,0,0,3,6,2,12,0,0,0,1,37,27522,1,1,0,0,2,0,65,999,0,0,0,0,0,0,0,0,0,0,38,0,0,0,2,4,45,1,1,2,1,20,3,1,17,1,1,1,87,"777777777777","777777777777","777777777777",1,0
37,371263,2,2,2,30,12,18,41,12,6,1,0,37,2,12,481,12481,31,1998,"1FTZX1720WNC","1","F","T","Z","X","1","7","2","0","W","N","C",0,0,0,"000000000","00000000000",0,0,0,1,0,0,0,0,0,0,0,45,0,0,0,12,6,2,12,0,0,0,1,37,27544,1,1,0,0,2,0,62,999,0,9,0,0,10,2,2012,2,2015,0,0,0,0,0,2,4,45,1,1,2,1,0,0,1,54,1,1,1,86,"777777777777","777777777777","777777777777",0,0
37,371264,1,2,1,21,12,14,22,12,2,1,0,29,2,20,37,20037,4,2008,"1G1ZT58N68F1","1","G","1","Z","T","5","8","N","6","8","F","1",0,0,0,"000000000","00000000000",0,0,0,1,0,0,0,0,0,0,0,58,0,0,0,12,6,2,12,0,0,0,1,37,28056,6,1,0,0,3,0,69,999,0,1,0,1,0,2,2014,2,2014,0,28,0,0,0,1,2,45,2,1,2,1,0,0,14,10,1,1,2,50,"777777777777","777777777777","777777777777",1,0
37,371264,2,2,1,21,12,14,22,12,2,1,0,37,1,49,401,49401,14,2001,"JT3HN87R9103","J","T","3","H","N","8","7","R","9","1","0","3",0,0,0,"000000000","00000000000",0,0,0,1,0,0,0,0,0,0,0,45,0,0,0,12,6,2,12,0,0,0,1,37,28032,6,1,0,0,3,0,69,999,0,0,0,0,0,0,0,0,0,0,0,0,0,0,1,2,45,3,1,2,1,0,0,14,62,1,1,1,51,"777777777777","777777777777","777777777777",0,0
37,371265,1,3,1,5,12,11,57,12,1,1,0,37,1,20,23,20023,6,2010,"3GCAAADB0AS5","3","G","C","A","A","A","D","B","0","A","S","5",0,0,0,"000000000","00000000000",0,0,0,1,0,0,0,0,0,0,0,10,0,0,0,6,6,2,12,0,0,0,1,37,27406,6,1,0,0,3,0,73,999,0,0,0,0,1,12,2015,12,2015,0,0,0,0,0,3,4,70,1,1,1,1,0,0,2,18,1,1,1,29,"777777777777","777777777777","777777777777",1,0