"STATE","ST_CASE","VEH_NO","VE_FORMS","NUMOCCS","DAY","MONTH","HOUR","MINUTE","HARM_EV","MAN_COLL","UNITTYPE","HIT_RUN","REG_STAT","OWNER","MAKE","MODEL","MAK_MOD","BODY_TYP","MOD_YEAR","VIN","VIN_1","VIN_2","VIN_3","VIN_4","VIN_5","VIN_6","VIN_7","VIN_8","VIN_9","VIN_10","VIN_11","VIN_12","TOW_VEH","J_KNIFE","MCARR_I1","MCARR_I2","MCARR_ID","GVWR","V_CONFIG","CARGO_BT","HAZ_INV","HAZ_PLAC","HAZ_ID","HAZ_CNO","HAZ_REL","BUS_USE","SPEC_USE","EMER_USE","TRAV_SP","UNDERIDE","ROLLOVER","ROLINLOC","IMPACT1","DEFORMED","TOWED","M_HARM","VEH_SC1","VEH_SC2","FIRE_EXP","DR_PRES","L_STATE","DR_ZIP","L_STATUS","L_TYPE","CDL_STAT","L_ENDORS","L_COMPL","L_RESTRI","DR_HGT","DR_WGT","PREV_ACC","PREV_SUS","PREV_DWI","PREV_SPD","PREV_OTH","FIRST_MO","FIRST_YR","LAST_MO","LAST_YR","SPEEDREL","DR_SF1","DR_SF2","DR_SF3","DR_SF4","VTRAFWAY","VNUM_LAN","VSPD_LIM","VALIGN","VPROFILE","VPAVETYP","VSURCOND","VTRAFCON","VTCONT_F","P_CRASH1","P_CRASH2","P_CRASH3","PCRASH4","PCRASH5","ACC_TYPE","TRLR1VIN","TRLR2VIN","TRLR3VIN","DEATHS","DR_DRINK"
37,371265,2,3,1,5,12,11,57,12,1,1,0,37,1,37,402,37402,14,2006,"SHSRD78876U4","S","H","S","R","D","7","8","8","7","6","U","4",0,0,0,"000000000","00000000000",0,0,0,1,0,0,0,0,0,0,0,70,0,0,0,12,6,2,12,0,0,0,1,37,28394,6,1,0,0,3,0,67,999,0,0,0,0,1,5,2015,5,2015,0,0,0,0,0,3,4,70,1,1,1,1,0,0,1,52,1,1,1,28,"777777777777","777777777777","777777777777",0,0
37,371265,3,3,1,5,12,11,57,12,1,1,0,37,1,49,40,49040,4,2012,"4T1BF1FK9CU5","4","T","1","B","F","1","F","K","9","C","U","5",0,0,0,"000000000","00000000000",0,0,0,1,0,0,0,0,0,0,0,70,0,0,0,12,6,2,12,0,0,0,1,37,27406,6,1,0,0,3,3,65,999,0,0,0,0,0,0,0,0,0,0,0,0,0,0,3,4,70,1,1,1,1,0,0,1,52,1,1,1,98,"777777777777","777777777777","777777777777",0,0
37,371266,1,2,1,7,12,12,29,12,1,1,0,37,3,20,461,20461,21,2015,"1GCWGGCG1F12","1","G","C","W","G","G","C","G","1","F","1","2",0,0,0,"000000000","00000000000",0,0,0,1,0,0,0,0,0,0,0,70,0,0,0,12,6,2,12,0,0,0,1,37,28086,6,1,0,0,3,0,66,999,0,0,0,0,1,9,2012,9,2012,0,0,0,0,0,3,4,70,1,1,2,1,0,0,1,50,1,1,1,98,"777777777777","777777777777","777777777777",0,0
37,371266,2,2,1,7,12,12,29,12,1,1,0,37,6,14,6,14006,4,2001,"2MEFM74W91X6","2","M","E","F","M","7","4","W","9","1","X","6",0,0,0,"000000000","00000000000",0,0,0,1,0,0,0,0,0,0,0,0,0,0,0,6,6,2,12,0,0,1,0,0,99997,7,6,97,7,6,7,998,997,998,998,998,998,998,98,9998,98,9998,8,20,0,0,0,3,4,70,1,1,2,1,0,0,0,98,0,0,0,98,"777777777777","777777777777","777777777777",1,0
37,371267,1,2,1,16,12,18,29,12,6,1,0,37,1,59,35,59035,4,2007,"JTHCK2626750","J","T","H","C","K","2","6","2","6","7","5","0",0,0,0,"000000000","00000000000",0,0,0,1,0,0,0,0,0,0,0,69,0,0,0,12,6,2,12,0,0,0,1,37,27407,6,1,0,0,3,0,62,999,0,0,0,0,1,3,2014,3,2014,3,36,39,0,0,1,2,35,1,2,2,1,3,3,1,17,1,1,1,88,"777777777777","777777777777","777777777777",0,0
37,371267,2,2,1,16,12,18,29,12,6,1,0,37,1,49,32,49032,4,1999,"1NXBR12EXXZ2","1","N","X","B","R","1","2","E","X","X","Z","2",0,0,0,"000000000","00000000000",0,0,0,1,0,0,0,0,0,0,0,25,0,0,0,9,6,2,12,0,0,0,1,37,27401,6,1,0,0,3,0,68,999,0,0,0,0,0,0,0,0,0,0,0,0,0,0,1,2,35,1,2,2,1,3,3,1,66,1,1,1,89,"777777777777","777777777777","777777777777",1,0
37,371268,1,2,1,18,12,4,41,12,7,1,0,37,3,82,881,82881,66,2017,"1FUJGEDR3HLJ","1","F","U","J","G","E","D","R","3","H","L","J",1,1,57,"2258283","572258283",3,6,1,1,0,0,0,0,0,0,0,45,0,0,0,10,2,5,12,0,0,0,1,37,27127,6,1,6,0,3,1,72,999,0,0,0,0,1,10,2012,10,2012,0,0,0,0,0,3,5,65,1,2,2,2,0,0,1,61,1,1,2,45,"888888888888","777777777777","777777777777",0,0
37,371268,2,2,4,18,12,4,41,12,7,1,0,34,4,7,442,7442,20,2016,"2C4RDGEG3GR3","2","C","4","R","D","G","E","G","3","G","R","3",0,0,0,"000000000","00000000000",0,0,0,1,0,0,0,0,0,0,0,80,0,1,5,4,6,2,1,0,0,0,1,35,87144,6,1,0,0,3,0,75,240,98,0,0,0,0,0,0,0,0,3,27,36,58,0,3,5,65,1,2,2,2,0,0,15,11,1,1,2,44,"777777777777","777777777777","777777777777",1,0
37,371269,1,2,1,18,12,12,43,12,2,1,0,37,2,34,401,34401,14,2001,"WBAFB33591LH","W","B","A","F","B","3","3","5","9","1","L","H",0,0,0,"000000000","00000000000",0,0,0,1,0,0,0,0,0,0,0,50,0,0,0,12,6,2,12,0,0,0,1,37,27265,6,1,0,0,3,0,74,999,0,0,0,0,1,3,2015,3,2015,3,28,36,0,0,1,2,45,3,1,2,2,0,0,6,10,1,1,2,50,"777777777777","777777777777","777777777777",0,0
37,371269,2,2,2,18,12,12,43,12,2,1,0,37,2,19,18,19018,4,2007,"1G6DM57TX701","1","G","6","D","M","5","7","T","X","7","0","1",0,0,0,"000000000","00000000000",0,0,0,1,0,0,0,0,0,0,0,45,0,0,0,12,6,2,12,0,0,0,1,37,27040,6,1,6,0,3,0,66,999,0,0,0,0,0,0,0,0,0,0,0,0,0,0,1,2,45,2,1,2,2,0,0,14,62,1,1,1,51,"777777777777","777777777777","777777777777",2,0
37,371270,1,1,6,22,12,22,28,1,0,1,0,37,2,52,34,52034,4,2002,"4A3AA46G72E1","4","A","3","A","A","4","6","G","7","2","E","1",0,0,0,"000000000","00000000000",0,0,0,1,0,0,0,0,0,0,0,55,0,2,5,0,6,2,1,0,0,0,1,37,27405,0,0,0,0,0,0,67,999,0,0,0,0,0,0,0,0,0,0,58,0,0,0,3,3,55,3,1,2,1,0,0,14,9,99,1,4,1,"777777777777","777777777777","777777777777",1,0
37,371271,1,1,2,9,12,21,8,8,0,1,0,37,1,6,52,6052,6,2002,"3C4FY48BX2T3","3","C","4","F","Y","4","8","B","X","2","T","3",0,0,0,"000000000","00000000000",0,0,0,1,0,0,0,0,0,0,0,45,0,0,0,12,4,3,8,0,0,0,1,37,27870,6,1,0,0,3,0,67,999,1,2,0,1,2,11,2012,8,2015,0,35,0,0,0,1,3,45,1,1,2,1,0,0,6,80,99,1,1,13,"777777777777","777777777777","777777777777",0,0
37,371272,1,1,1,26,12,22,32,1,0,1,0,37,2,18,2,18002,4,1997,"1G4HP52K4VH5","1","G","4","H","P","5","2","K","4","V","H","5",0,0,0,"000000000","00000000000",0,0,0,1,0,0,0,0,0,0,0,70,0,2,5,0,6,2,1,0,0,0,1,51,23224,0,0,0,0,0,0,70,999,0,0,0,0,0,0,0,0,0,3,36,58,0,0,1,2,55,3,1,2,1,0,0,14,6,99,1,4,1,"777777777777","777777777777","777777777777",1,1
37,371273,1,2,1,28,12,18,17,12,1,1,0,31,3,82,881,82881,66,2014,"1FUJGLDVXELF","1","F","U","J","G","L","D","V","X","E","L","F",1,1,57,"073705","57073705",3,6,1,1,0,0,0,0,0,0,0,0,0,0,0,6,6,2,12,0,0,0,1,12,33068,6,1,6,0,3,0,69,999,0,0,0,0,1,9,2014,9,2014,0,0,0,0,0,3,2,70,1,1,2,1,0,0,98,98,1,1,5,21,"888888888888","777777777777","777777777777",0,0
37,371273,2,2,1,28,12,18,17,12,1,1,0,51,1,59,32,59032,4,2011,"JTHCL5EF5B50","J","T","H","C","L","5","E","F","5","B","5","0",0,0,0,"000000000","00000000000",0,0,0,1,0,0,0,0,0,0,0,70,0,0,0,12,6,2,12,0,0,0,1,51,20112,6,1,0,0,3,0,69,175,1,0,0,0,0,9,2016,9,2016,0,0,0,0,0,3,2,70,1,1,2,1,0,0,1,13,99,1,5,20,"777777777777","777777777777","777777777777",1,0
37,371274,1,1,1,8,12,6,36,26,0,1,0,37,1,20,481,20481,31,2000,"1GCEC14T9YZ2","1","G","C","E","C","1","4","T","9","Y","Z","2",0,0,0,"000000000","00000000000",0,0,0,1,0,0,0,0,0,0,0,55,0,1,5,12,6,2,1,0,0,0,1,37,28390,6,1,0,0,3,0,67,999,0,1,0,0,1,1,2012,7,2013,3,36,0,0,0,1,2,35,1,1,2,1,0,0,1,90,99,1,1,98,"777777777777","777777777777","777777777777",1,1
37,371275,1,1,1,7,12,6,10,8,0,1,1,37,2,7,24,7024,4,2015,"2C3CDXCT0FH8","2","C","3","C","D","X","C","T","0","F","H","8",0,0,0,"000000000","00000000000",0,0,0,1,0,0,0,0,0,0,0,55,0,0,0,12,4,5,8,0,0,0,1,37,27521,0,0,0,0,0,0,66,999,0,0,0,0,0,0,0,0,0,0,0,0,0,0,1,2,55,1,1,2,1,0,0,1,80,99,1,1,13,"777777777777","777777777777","777777777777",0,0
37,371276,1,2,2,15,12,7,30,12,6,1,0,37,2,6,41,6041,4,2000,"2C3HD46RXYH3","2","C","3","H","D","4","6","R","X","Y","H","3",0,0,0,"000000000","00000000000",0,0,0,1,0,0,0,0,0,0,0,55,0,0,0,9,6,2,12,0,0,0,1,37,27330,6,1,0,0,3,0,76,999,0,1,0,0,2,5,2015,7,2016,0,39,0,0,0,1,2,55,1,1,2,1,20,3,1,17,99,1,1,89,"777777777777","777777777777","777777777777",1,0
37,371276,2,2,1,15,12,7,30,12,6,1,0,37,1,12,23,12023,4,2014,"3FA6P0H96ER3","3","F","A","6","P","0","H","9","6","E","R","3",0,0,0,"000000000","00000000000",0,0,0,1,0,0,0,0,0,0,0,66,0,0,0,12,6,2,12,0,0,0,1,37,27526,6,1,0,0,3,0,62,999,0,0,0,0,0,0,0,0,0,0,0,0,0,0,1,2,55,1,1,2,1,0,0,1,17,99,1,1,88,"777777777777","777777777777","777777777777",0,0
37,371277,1,1,1,26,12,17,37,8,0,1,0,37,1,12,471,12471,30,1998,"1FTYR14CXWTA","1","F","T","Y","R","1","4","C","X","W","T","A",0,0,0,"000000000","00000000000",0,0,0,1,0,0,0,0,0,0,0,45,0,0,0,12,6,2,8,0,0,0,1,37,28334,6,1,0,0,3,0,69,999,0,0,0,1,0,5,2012,5,2012,0,0,0,0,0,1,3,45,1,2,2,1,0,0,1,80,1,1,1,13,"777777777777","777777777777","777777777777",0,1
37,371278,1,3,1,22,12,19,56,12,2,1,0,37,1,34,34,34034,4,2012,"WBA3A5G56CNP","W","B","A","3","A","5","G","5","6","C","N","P",0,0,0,"000000000","00000000000",0,0,0,1,0,0,0,0,0,0,0,60,0,0,0,12,6,2,12,0,0,0,1,37,28739,6,1,0,0,3,0,70,999,3,0,0,2,1,1,2012,3,2014,3,33,36,0,0,1,2,40,1,2,2,1,0,0,6,10,99,1,2,50,"777777777777","777777777777","777777777777",0,1
37,371278,2,3,1,22,12,19,56,12,2,1,0,37,2,20,471,20471,30,1991,"1GCCS14R4M82","1","G","C","C","S","1","4","R","4","M","8","2",0,0,0,"000000000","00000000000",0,0,0,1,0,0,0,0,0,0,0,40,0,0,0,12,6,2,12,0,0,0,1,37,28739,6,2,0,0,3,3,72,999,0,0,0,0,0,0,0,0,0,0,0,0,0,0,1,2,40,1,2,2,1,0,0,1,62,99,1,1,51,"777777777777","777777777777","777777777777",1,0
37,371278,3,3,1,22,12,19,56,12,2,1,0,37,1,20,481,20481,31,2007,"3GCEK13M77G5","3","G","C","E","K","1","3","M","7","7","G","5",0,0,0,"000000000","00000000000",0,0,0,1,0,0,0,0,0,0,0,40,0,0,0,9,6,2,12,0,0,0,1,37,28739,6,1,0,0,3,0,71,999,0,0,0,0,0,0,0,0,0,0,0,0,0,0,1,2,40,1,2,2,1,0,0,1,53,99,1,1,98,"777777777777","777777777777","777777777777",0,0
37,371279,1,1,1,30,12,15,12,42,0,1,0,37,1,12,481,12481,31,2004,"1FTRX12W64NC","1","F","T","R","X","1","2","W","6","4","N","C",0,0,0,"000000000","00000000000",0,0,0,1,0,0,0,0,0,0,0,100,0,0,0,3,6,2,42,0,0,0,1,37,27910,6,1,0,0,3,9,70,999,2,4,3,0,2,10,2012,7,2016,3,28,36,0,0,1,2,55,1,1,2,1,0,0,6,10,6,1,4,6,"777777777777","777777777777","777777777777",1,1
37,371280,1,1,1,24,12,11,21,35,0,1,0,37,2,20,401,20401,14,2005,"1GNDS13S3521","1","G","N","D","S","1","3","S","3","5","2","1",0,0,0,"000000000","00000000000",0,0,0,1,0,0,0,0,0,0,0,70,0,0,0,12,6,2,42,0,0,0,1,37,28376,1,1,0,0,2,0,69,999,0,10,0,0,14,1,2012,7,2015,3,28,36,58,0,1,2,55,3,1,2,1,0,0,14,10,6,1,4,6,"777777777777","777777777777","777777777777",1,0
37,371281,1,3,1,19,12,17,53,12,6,1,0,37,1,18,18,18018,4,1997,"1G4NJ52M2VC4","1","G","4","N","J","5","2","M","2","V","C","4",0,0,0,"000000000","00000000000",0,0,0,1,0,0,0,0,0,0,0,0,0,0,0,11,2,5,12,0,0,0,1,37,28783,6,1,0,0,3,3,67,999,0,0,0,0,0,0,0,0,0,0,0,0,0,0,1,2,45,1,1,2,1,20,3,5,66,1,1,1,98,"777777777777","777777777777","777777777777",0,0
37,371281,2,3,2,19,12,17,53,12,6,1,0,37,1,12,473,12473,30,2007,"1FMEU51K57UA","1","F","M","E","U","5","1","K","5","7","U","A",0,0,0,"000000000","00000000000",0,0,0,1,0,0,0,0,0,0,0,15,0,0,0,2,6,2,12,0,0,0,1,37,28783,6,1,0,0,3,0,72,999,1,0,0,0,0,8,2016,8,2016,0,99,99,99,99,1,2,45,1,1,2,1,0,0,11,17,99,1,1,68,"777777777777","777777777777","777777777777",1,0
37,371281,3,3,2,19,12,17,53,12,6,1,0,47,1,49,472,49472,30,1996,"4TAWN72N7TZ1","4","T","A","W","N","7","2","N","7","T","Z","1",0,0,0,"000000000","00000000000",0,0,0,1,0,0,0,0,0,0,0,45,0,0,0,12,6,2,12,0,0,0,1,37,28779,0,0,0,0,0,0,999,999,0,0,0,0,0,0,0,0,0,0,99,99,99,99,1,2,45,1,1,2,1,0,0,1,54,99,1,1,69,"777777777777","777777777777","777777777777",0,0
37,371282,1,1,1,1,12,8,24,8,0,1,0,37,2,63,32,63032,4,2006,"KNADE1236661","K","N","A","D","E","1","2","3","6","6","6","1",0,0,0,"000000000","00000000000",0,0,0,1,0,0,0,0,0,0,0,10,0,0,0,12,2,3,8,0,0,0,1,37,27504,0,0,0,0,0,0,999,999,0,0,0,0,0,0,0,0,0,0,0,0,0,0,1,2,15,1,1,1,1,0,0,1,80,99,1,1,13,"777777777777","777777777777","777777777777",0,0
37,371283,1,2,2,6,12,1,32,12,1,1,0,37,1,19,5,19005,2,1977,"6L47S7Q13556","6","L","4","7","S","7","Q","1","3","5","5","6",0,0,0,"000000000","00000000000",0,0,0,1,0,0,0,0,0,0,0,0,0,0,0,6,6,2,12,0,0,0,1,37,28306,6,1,0,0,3,0,68,999,1,0,0,0,3,4,2015,1,2016,0,24,0,0,0,3,4,70,1,1,2,2,0,0,5,98,1,1,1,21,"777777777777","777777777777","777777777777",1,0
37,371283,2,2,1,6,12,1,32,12,1,1,0,18,3,82,881,82881,63,2012,"1FUJGEDR2CSB","1","F","U","J","G","E","D","R","2","C","S","B",0,0,88,"888888888","88888888888",3,2,97,1,0,0,0,0,0,0,0,60,0,0,0,12,6,2,12,0,0,0,1,37,27549,6,1,6,0,3,0,72,999,0,4,0,0,0,7,2015,9,2015,0,0,0,0,0,3,2,70,1,1,2,2,0,0,1,50,1,1,1,20,"777777777777","777777777777","777777777777",0,0
37,371284,1,1,1,26,12,21,31,42,0,1,0,37,1,49,482,49482,31,2006,"5TBDT44176S5","5","T","B","D","T","4","4","1","7","6","S","5",0,0,0,"000000000","00000000000",0,0,0,1,0,0,0,0,0,0,0,65,0,0,0,12,6,2,42,0,0,0,1,37,27524,6,1,6,0,3,0,70,999,0,0,0,0,0,0,0,0,0,4,36,0,0,0,1,2,55,3,1,2,2,0,0,14,10,1,1,4,6,"777777777777","777777777777","777777777777",1,1
37,371285,1,1,1,28,12,18,32,34,0,1,0,37,1,12,473,12473,30,2002,"1FMZU67E72UD","1","F","M","Z","U","6","7","E","7","2","U","D",0,0,0,"000000000","00000000000",0,0,0,1,0,0,0,0,0,0,0,55,0,1,1,1,6,2,1,0,0,0,1,37,27576,6,1,0,0,3,0,71,999,0,0,0,0,0,0,0,0,0,0,58,0,0,0,1,2,55,3,1,2,1,0,0,14,13,99,1,4,1,"777777777777","777777777777","777777777777",1,0
37,371286,1,1,1,29,12,13,31,38,0,1,0,37,1,76,706,76706,80,2014,"JYAVP27E9EA0","J","Y","A","V","P","2","7","E","9","E","A","0",0,0,0,"000000000","00000000000",0,0,0,1,0,0,0,0,0,0,0,70,0,0,0,9,6,2,42,0,0,0,1,37,27520,6,1,0,0,3,1,69,999,0,0,0,0,0,0,0,0,0,3,36,0,0,0,3,2,65,3,2,2,1,0,0,14,13,1,1,4,1,"777777777777","777777777777","777777777777",1,0
37,371287,1,2,1,2,12,21,39,12,6,1,0,37,1,20,481,20481,31,2009,"1GCEK29J89Z1","1","G","C","E","K","2","9","J","8","9","Z","1",0,0,0,"000000000","00000000000",0,0,0,1,0,0,0,0,0,0,0,55,0,0,0,12,6,2,12,0,0,0,1,37,27858,6,1,0,0,3,0,71,999,2,1,0,0,0,9,2012,1,2016,0,39,0,0,0,1,4,45,1,1,2,1,3,3,1,17,99,1,1,83,"777777777777","777777777777","777777777777",0,1
37,371287,2,2,4,2,12,21,39,12,6,1,0,37,2,49,43,49043,4,2016,"4T1BK1EB6GU2","4","T","1","B","K","1","E","B","6","G","U","2",0,0,0,"000000000","00000000000",0,0,0,1,0,0,0,0,0,0,0,15,0,0,0,8,6,2,12,0,0,0,1,37,27543,6,1,0,0,3,0,67,999,0,0,0,0,1,8,2012,8,2012,0,0,0,0,0,1,4,45,1,1,2,1,3,3,11,15,99,1,1,82,"777777777777","777777777777","777777777777",1,0
37,371288,1,2,1,29,12,12,2,12,2,1,0,37,3,84,884,84884,66,2016,"3HSDGAPN3GN7","3","H","S","D","G","A","P","N","3","G","N","7",1,1,57,"121018","57121018",3,6,1,1,0,0,0,0,0,0,0,20,0,0,0,12,2,5,12,0,0,0,1,37,28748,6,1,6,0,3,0,69,999,0,0,0,0,0,0,0,0,0,0,0,0,0,0,1,5,45,1,1,2,1,0,0,1,62,1,1,1,51,"888888888888","777777777777","777777777777",0,0
37,371288,2,2,1,29,12,12,2,12,2,1,0,37,1,98,709,98709,81,2001,"999999999999","9","9","9","9","9","9","9","9","9","9","9","9",0,0,0,"000000000","00000000000",0,0,0,1,0,0,0,0,0,0,0,30,0,0,0,12,6,2,12,0,0,0,1,37,28752,1,1,0,0,2,0,68,999,0,7,0,0,8,6,2012,3,2016,0,28,0,0,0,1,5,45,1,1,2,1,0,0,1,54,99,1,2,50,"777777777777","777777777777","777777777777",1,0
37,371289,1,1,1,4,12,12,48,42,0,1,0,13,2,23,481,23481,31,1991,"1GTDK14H8ME5","1","G","T","D","K","1","4","H","8","M","E","5",0,0,0,"000000000","00000000000",0,0,0,1,0,0,0,0,0,0,0,60,0,1,5,10,6,2,1,0,0,0,1,13,30557,6,1,0,0,3,3,60,200,98,0,0,0,0,0,0,0,0,4,36,0,0,0,1,5,55,1,1,2,2,0,0,1,10,99,1,4,6,"777777777777","777777777777","777777777777",1,0
37,371290,1,1,4,3,12,16,41,1,0,1,0,37,1,12,401,12401,14,1998,"1FMZU35P3WZA","1","F","M","Z","U","3","5","P","3","W","Z","A",0,0,0,"000000000","00000000000",0,0,0,1,0,0,0,0,0,0,0,35,0,2,5,0,6,2,1,0,0,0,1,37,28216,6,1,0,0,3,0,72,999,0,0,0,1,0,9,2015,9,2015,0,28,0,0,0,1,2,35,1,1,2,1,0,0,1,13,99,1,4,1,"777777777777","777777777777","777777777777",1,0
37,371291,1,2,1,5,12,21,16,12,1,1,0,42,3,82,881,82881,66,2017,"1FUJGLBG8ELF","1","F","U","J","G","L","B","G","8","E","L","F",1,1,57,"154193","57154193",3,6,1,1,0,0,0,0,0,0,0,998,0,0,0,6,2,5,12,0,0,0,1,45,29532,6,1,6,0,3,1,70,160,0,1,0,2,0,1,2013,8,2016,0,0,0,0,0,3,4,45,1,1,2,2,3,3,3,98,1,1,1,32,"888888888888","777777777777","777777777777",0,0
37,371291,2,2,2,5,12,21,16,12,1,1,0,37,2,37,32,37032,4,2001,"1HGCG56411A1","1","H","G","C","G","5","6","4","1","1","A","1",0,0,0,"000000000","00000000000",0,0,0,1,0,0,0,0,0,0,0,998,0,0,0,12,6,2,12,0,0,0,1,37,28078,6,1,0,0,3,3,67,999,2,2,1,0,1,4,2012,8,2016,9,0,0,0,0,3,4,45,1,1,2,2,3,3,1,51,1,1,1,32,"777777777777","777777777777","777777777777",1,1
37,371292,1,1,1,6,12,1,16,26,0,1,0,37,1,12,473,12473,30,2001,"1FMZU67E31UA","1","F","M","Z","U","6","7","E","3","1","U","A",0,0,0,"000000000","00000000000",0,0,0,1,0,0,0,0,0,0,0,60,0,1,5,11,6,2,1,0,0,0,1,37,28208,1,1,0,0,2,0,69,999,0,1,0,0,1,5,2015,7,2016,0,79,0,0,0,3,3,55,2,1,2,2,0,0,14,10,1,1,4,6,"777777777777","777777777777","777777777777",1,1
37,371293,1,1,1,11,12,23,58,8,0,1,0,37,2,35,47,35047,4,2015,"1N4AL3AP5FC2","1","N","4","A","L","3","A","P","5","F","C","2",0,0,0,"000000000","00000000000",0,0,0,1,0,0,0,0,0,0,0,71,0,0,0,12,4,3,8,0,0,0,1,37,28079,6,1,0,0,3,0,72,999,1,0,0,1,0,3,2015,8,2015,3,36,0,0,0,2,4,45,1,4,2,1,3,3,1,80,1,1,1,13,"777777777777","777777777777","777777777777",0,0
37,371294,1,1,3,14,12,23,50,42,0,1,0,45,2,12,23,12023,4,2008,"3FAHP08118R1","3","F","A","H","P","0","8","1","1","8","R","1",0,0,0,"000000000","00000000000",0,0,0,1,0,0,0,0,0,0,0,106,0,1,5,11,6,2,1,0,0,0,1,37,28269,0,0,0,0,0,0,999,999,0,0,0,0,0,0,0,0,0,3,36,0,0,0,3,3,55,2,3,2,1,0,0,14,13,1,1,4,1,"777777777777","777777777777","777777777777",1,0
37,371295,1,1,1,17,12,5,32,35,0,1,0,37,1,13,1,13001,4,1998,"1LNFM81W7WY7","1","L","N","F","M","8","1","W","7","W","Y","7",0,0,0,"000000000","00000000000",0,0,0,1,0,0,0,0,0,0,0,45,0,0,0,12,6,2,42,0,0,0,1,37,28269,1,1,0,0,2,0,67,999,0,0,0,0,1,6,2016,6,2016,0,0,0,0,0,2,2,45,3,2,2,4,0,0,14,10,1,1,4,6,"777777777777","777777777777","777777777777",1,0
37,371296,1,1,1,17,12,5,44,1,0,1,0,45,1,35,401,35401,14,2000,"JN8AR07Y3YW4","J","N","8","A","R","0","7","Y","3","Y","W","4",0,0,0,"000000000","00000000000",0,0,0,1,0,0,0,0,0,0,0,61,0,2,5,0,6,2,42,0,0,0,1,45,29745,6,1,0,0,3,3,67,139,1,0,0,0,0,3,2015,3,2015,4,36,0,0,0,1,4,45,3,1,2,4,0,0,14,10,1,1,4,6,"777777777777","777777777777","777777777777",1,0
37,371297,1,1,2,19,12,4,18,8,0,1,0,37,1,20,2,20002,4,2003,"2G1WF52E2394","2","G","1","W","F","5","2","E","2","3","9","4",0,0,0,"000000000","00000000000",0,0,0,1,0,0,0,0,0,0,0,60,0,0,0,11,6,2,8,0,0,0,1,37,28217,1,1,0,0,2,0,70,999,0,0,0,0,1,8,2016,8,2016,0,0,0,0,0,3,5,60,1,1,1,1,0,0,1,80,1,1,1,13,"777777777777","777777777777","777777777777",0,0
37,371298,1,2,1,30,12,2,11,12,2,1,0,37,2,49,40,49040,4,2001,"JT2BG28K5105","J","T","2","B","G","2","8","K","5","1","0","5",0,0,0,"000000000","00000000000",0,0,0,1,0,0,0,0,0,0,0,75,0,0,0,12,6,2,12,0,0,0,1,37,28080,6,1,0,0,3,0,63,999,0,0,0,1,1,3,2013,1,2016,0,28,0,0,0,3,4,60,1,1,2,1,0,0,1,10,1,1,2,52,"777777777777","777777777777","777777777777",1,1
37,371298,2,2,2,30,12,2,11,12,2,1,0,37,1,12,16,12016,4,2006,"2FAHP70W86X1","2","F","A","H","P","7","0","W","8","6","X","1",0,0,0,"000000000","00000000000",0,0,0,1,0,0,0,0,0,0,0,65,0,0,0,12,6,2,12,0,0,0,1,37,28120,6,1,0,0,3,0,68,999,1,0,0,0,0,8,2016,8,2016,0,99,99,99,99,3,4,60,1,1,2,1,0,0,1,54,1,1,1,52,"777777777777","777777777777","777777777777",1,0
37,371299,1,3,1,31,12,3,37,12,2,1,0,37,2,37,32,37032,4,2002,"1HGCG165X2A0","1","H","G","C","G","1","6","5","X","2","A","0",0,0,0,"000000000","00000000000",0,0,0,1,0,0,0,0,0,0,0,90,0,0,0,12,6,2,12,0,0,0,1,37,28273,6,1,0,0,3,0,68,999,0,0,0,1,3,1,2013,1,2016,3,28,36,0,0,3,4,60,1,1,2,1,0,0,1,10,1,1,2,52,"777777777777","777777777777","777777777777",1,1
37,371299,2,3,1,31,12,3,37,12,2,1,0,37,2,2,405,2405,14,2006,"1J4GL48KX6W2","1","J","4","G","L","4","8","K","X","6","W","2",0,0,0,"000000000","00000000000",0,0,0,1,0,0,0,0,0,0,0,65,0,0,0,12,6,2,12,0,0,0,1,39,44017,6,1,0,0,3,0,67,160,0,0,0,0,0,0,0,0,0,0,0,0,0,0,3,4,60,1,1,2,1,0,0,1,54,1,1,1,52,"777777777777","777777777777","777777777777",0,0
37,371299,3,3,1,31,12,3,37,12,2,1,0,37,1,20,431,20431,16,1995,"1GNFK16K8SJ3","1","G","N","F","K","1","6","K","8","S","J","3",0,0,0,"000000000","00000000000",0,0,0,1,0,0,0,0,0,0,0,60,0,0,0,9,6,2,12,0,0,0,1,37,28012,6,1,0,0,3,0,74,999,1,0,0,0,0,10,2012,10,2012,0,0,0,0,0,3,4,60,1,1,2,1,0,0,1,54,1,1,1,98,"777777777777","777777777777","777777777777",0,0
37,371300,1,1,1,5,12,15,59,42,0,1,0,37,3,20,422,20422,15,2005,"1GNFK16Z95J2","1","G","N","F","K","1","6","Z","9","5","J","2",0,0,0,"000000000","00000000000",0,0,0,1,0,0,0,0,0,0,0,55,0,0,0,10,6,2,42,0,0,0,1,37,28374,6,1,0,0,3,0,73,999,0,0,0,0,1,3,2016,3,2016,0,28,0,0,0,1,2,55,1,1,2,1,0,0,1,10,1,1,4,6,"777777777777","777777777777","777777777777",1,0
37,371301,1,3,1,1,12,14,45,12,2,1,0,37,1,20,481,20481,31,2007,"1GCHC23D87F1","1","G","C","H","C","2","3","D","8","7","F","1",0,0,0,"000000000","00000000000",0,0,0,1,0,0,0,0,0,0,0,60,0,0,0,12,6,2,12,0,0,0,1,37,27306,6,1,0,0,3,0,72,999,0,0,0,0,0,0,0,0,0,0,28,0,0,0,1,2,55,3,2,2,1,0,0,14,10,1,1,2,50,"777777777777","777777777777","777777777777",1,0