"STATE","ST_CASE","VEH_NO","VE_FORMS","NUMOCCS","DAY","MONTH","HOUR","MINUTE","HARM_EV","MAN_COLL","UNITTYPE","HIT_RUN","REG_STAT","OWNER","MAKE","MODEL","MAK_MOD","BODY_TYP","MOD_YEAR","VIN","VIN_1","VIN_2","VIN_3","VIN_4","VIN_5","VIN_6","VIN_7","VIN_8","VIN_9","VIN_10","VIN_11","VIN_12","TOW_VEH","J_KNIFE","MCARR_I1","MCARR_I2","MCARR_ID","GVWR","V_CONFIG","CARGO_BT","HAZ_INV","HAZ_PLAC","HAZ_ID","HAZ_CNO","HAZ_REL","BUS_USE","SPEC_USE","EMER_USE","TRAV_SP","UNDERIDE","ROLLOVER","ROLINLOC","IMPACT1","DEFORMED","TOWED","M_HARM","VEH_SC1","VEH_SC2","FIRE_EXP","DR_PRES","L_STATE","DR_ZIP","L_STATUS","L_TYPE","CDL_STAT","L_ENDORS","L_COMPL","L_RESTRI","DR_HGT","DR_WGT","PREV_ACC","PREV_SUS","PREV_DWI","PREV_SPD","PREV_OTH","FIRST_MO","FIRST_YR","LAST_MO","LAST_YR","SPEEDREL","DR_SF1","DR_SF2","DR_SF3","DR_SF4","VTRAFWAY","VNUM_LAN","VSPD_LIM","VALIGN","VPROFILE","VPAVETYP","VSURCOND","VTRAFCON","VTCONT_F","P_CRASH1","P_CRASH2","P_CRASH3","PCRASH4","PCRASH5","ACC_TYPE","TRLR1VIN","TRLR2VIN","TRLR3VIN","DEATHS","DR_DRINK"
38,380021,1,1,1,5,5,19,19,1,0,1,0,38,1,72,706,72706,80,2010,"1HD1KEM17AB6","1","H","D","1","K","E","M","1","7","A","B","6",0,0,0,"000000000","00000000000",0,0,0,1,0,0,0,0,0,0,0,998,0,0,0,0,6,2,1,0,0,0,1,38,58545,6,1,0,0,3,0,70,250,0,0,0,0,0,0,0,0,0,0,0,0,0,0,1,2,65,2,1,2,1,0,0,14,13,99,1,4,1,"777777777777","777777777777","777777777777",1,1
38,380022,1,2,1,8,5,6,40,12,2,1,0,38,1,20,481,20481,31,2013,"1GC1KYE87DF1","1","G","C","1","K","Y","E","8","7","D","F","1",0,0,0,"000000000","00000000000",0,0,0,1,0,0,0,0,0,0,0,998,0,1,5,12,6,2,12,0,0,1,1,38,58601,6,1,0,0,3,0,73,211,0,0,0,0,1,8,2013,8,2013,3,51,0,0,0,2,4,65,1,6,1,1,0,0,1,10,1,1,2,50,"777777777777","777777777777","777777777777",1,1
38,380022,2,2,1,8,5,6,40,12,2,1,0,56,3,85,884,85884,66,2011,"1NKWX4EX3BJ2","1","N","K","W","X","4","E","X","3","B","J","2",1,1,1,"00351","0100351",3,6,2,2,2,1267,3,1,0,0,0,60,0,0,0,12,6,2,12,0,0,0,1,38,58801,6,1,6,1,3,0,71,220,1,0,0,0,0,11,2014,11,2014,0,0,0,0,0,2,4,65,1,6,1,1,0,0,1,62,8,1,3,51,"888888888888","777777777777","777777777777",0,0
38,380023,1,1,1,9,5,0,47,33,0,1,0,38,1,98,706,98706,80,2003,"1A9TX0338313","1","A","9","T","X","0","3","3","8","3","1","3",0,0,0,"000000000","00000000000",0,0,0,1,0,0,0,0,0,0,0,999,0,0,0,12,6,2,30,0,0,0,1,38,58554,6,1,6,0,3,0,69,210,2,2,1,0,0,7,2012,11,2012,9,0,0,0,0,1,4,35,2,1,2,1,0,0,14,12,99,2,4,6,"777777777777","777777777777","777777777777",1,1
38,380024,1,2,1,11,5,14,41,12,1,1,0,38,2,20,422,20422,15,2006,"1GNFK16ZX6J1","1","G","N","F","K","1","6","Z","X","6","J","1",0,0,0,"000000000","00000000000",0,0,0,1,0,0,0,0,0,0,0,998,0,0,0,12,6,2,12,0,0,0,1,38,58356,6,1,0,0,3,1,69,225,0,0,0,1,1,9,2013,8,2015,3,0,0,0,0,2,2,70,1,6,2,1,0,0,1,51,1,1,1,24,"777777777777","777777777777","777777777777",0,0
38,380024,2,2,1,11,5,14,41,12,1,1,0,38,1,72,706,72706,80,2008,"1HD1BW5118Y0","1","H","D","1","B","W","5","1","1","8","Y","0",0,0,0,"000000000","00000000000",0,0,0,1,0,0,0,0,0,0,0,999,0,0,0,6,6,2,12,0,0,0,1,38,58401,6,1,6,0,3,0,68,185,0,0,0,1,1,7,2013,6,2015,0,0,0,0,0,2,2,70,1,6,2,1,0,0,1,53,1,1,1,25,"777777777777","777777777777","777777777777",1,0
38,380025,1,1,1,15,5,2,0,1,0,1,0,38,1,20,481,20481,31,2006,"2GCEK13Z5612","2","G","C","E","K","1","3","Z","5","6","1","2",0,0,0,"000000000","00000000000",0,0,0,1,0,0,0,0,0,0,0,999,0,1,5,0,6,2,2,0,0,1,1,38,58318,6,1,0,0,3,1,68,160,0,0,0,0,0,0,0,0,0,9,0,0,0,0,1,2,65,1,1,2,1,0,0,1,12,7,5,4,1,"777777777777","777777777777","777777777777",1,1
38,380026,1,1,1,17,5,15,35,9,0,1,0,38,3,84,884,84884,63,1995,"2HSFHAMR2SC0","2","H","S","F","H","A","M","R","2","S","C","0",0,0,57,"00870431","5700870431",3,2,4,1,0,0,0,0,0,0,0,998,0,0,0,1,2,5,9,0,0,0,1,38,58401,6,1,6,0,3,0,67,170,0,0,0,0,1,9,2015,9,2015,0,0,0,0,0,1,2,25,1,1,1,1,0,0,1,83,1,1,1,13,"777777777777","777777777777","777777777777",0,0
38,380027,1,1,1,19,5,0,8,1,0,1,0,38,2,20,16,20016,2,2000,"1G1JC124XY74","1","G","1","J","C","1","2","4","X","Y","7","4",0,0,0,"000000000","00000000000",0,0,0,1,0,0,0,0,0,0,0,998,0,1,5,0,6,2,1,0,0,0,1,12,32955,2,1,0,0,2,0,69,999,0,0,0,0,0,0,0,0,0,9,58,0,0,0,1,2,65,3,1,2,1,0,0,14,12,99,4,4,7,"777777777777","777777777777","777777777777",1,1
38,380028,1,2,1,20,5,21,30,12,6,1,0,38,1,7,24,7024,4,2011,"2B3CL3CG6BH5","2","B","3","C","L","3","C","G","6","B","H","5",0,0,0,"000000000","00000000000",0,0,0,1,0,0,0,0,0,0,0,998,0,0,0,12,6,2,12,0,0,0,1,38,58329,6,1,6,0,3,1,65,160,0,0,0,0,0,0,0,0,0,9,39,38,0,0,1,2,55,1,1,2,99,20,3,1,17,1,1,1,86,"777777777777","777777777777","777777777777",0,1
38,380028,2,2,2,20,5,21,30,12,6,1,0,38,1,12,24,12024,6,2015,"2FMTK4J96FBC","2","F","M","T","K","4","J","9","6","F","B","C",0,0,0,"000000000","00000000000",0,0,0,1,0,0,0,0,0,0,0,998,0,0,0,3,6,2,12,0,0,0,1,38,58316,6,1,0,0,3,0,70,250,0,0,0,0,0,0,0,0,0,9,0,0,0,0,1,2,55,1,1,2,99,0,0,1,66,99,1,1,87,"777777777777","777777777777","777777777777",2,1
38,380029,1,1,4,21,5,16,46,8,0,1,1,38,2,14,36,14036,4,1995,"3MASM10JXSR6","3","M","A","S","M","1","0","J","X","S","R","6",0,0,0,"000000000","00000000000",0,0,0,1,0,0,0,0,0,0,0,998,0,0,0,99,9,5,8,0,0,0,1,38,58370,0,0,0,0,0,0,70,185,0,0,0,0,0,0,0,0,0,9,91,0,0,0,1,2,55,1,1,2,98,0,0,1,80,1,1,1,13,"777777777777","777777777777","777777777777",0,1
38,380030,1,1,2,28,5,2,21,1,0,1,0,38,1,2,404,2404,14,1993,"1J4GZ58S5PC6","1","J","4","G","Z","5","8","S","5","P","C","6",0,0,0,"000000000","00000000000",0,0,0,1,0,0,0,0,0,0,0,998,0,1,5,0,6,2,1,0,0,0,1,38,58416,6,1,0,0,3,0,69,220,0,0,0,0,1,12,2014,12,2014,9,58,0,0,0,1,2,65,1,1,2,1,0,0,1,12,6,9,4,2,"777777777777","777777777777","777777777777",1,1
38,380031,1,1,1,28,5,16,27,49,0,1,0,38,1,20,481,20481,31,2006,"1GCHK23276F1","1","G","C","H","K","2","3","2","7","6","F","1",0,0,0,"000000000","00000000000",0,0,0,1,0,0,0,0,0,0,0,50,0,0,0,12,6,2,49,0,0,0,1,38,58385,6,1,0,0,3,1,70,200,0,0,0,0,0,0,0,0,0,0,0,0,0,0,1,2,65,1,1,2,1,0,0,1,83,1,1,1,13,"777777777777","777777777777","777777777777",0,0
38,380032,1,2,1,3,6,12,40,12,6,1,0,27,1,7,482,7482,31,2015,"3C6UR5DL8FG6","3","C","6","U","R","5","D","L","8","F","G","6",0,0,0,"000000000","00000000000",0,0,0,1,0,0,0,0,0,0,0,65,0,0,0,12,6,2,12,0,0,0,1,27,56115,6,1,0,0,3,0,73,210,0,0,0,1,0,11,2011,11,2011,0,0,0,0,0,1,2,65,1,1,1,2,0,0,1,74,16,1,1,83,"777777777777","777777777777","777777777777",0,0
38,380032,2,2,2,3,6,12,40,12,6,1,0,29,1,63,401,63401,14,2007,"KNDJF7237773","K","N","D","J","F","7","2","3","7","7","7","3",0,0,0,"000000000","00000000000",0,0,0,1,0,0,0,0,0,0,0,999,0,0,0,9,6,2,12,0,0,0,1,29,63376,6,1,0,0,3,1,69,145,0,0,0,0,0,0,0,0,0,0,38,48,0,0,6,2,65,1,1,1,2,0,0,11,21,1,1,1,82,"777777777777","777777777777","777777777777",2,0
38,380033,1,1,1,6,6,13,40,1,0,1,0,38,1,37,706,37706,80,1983,"1HFSC0211DA3","1","H","F","S","C","0","2","1","1","D","A","3",0,0,0,"000000000","00000000000",0,0,0,1,0,0,0,0,0,0,0,998,0,0,0,0,4,3,1,0,0,0,1,38,58503,6,1,6,0,3,0,69,240,0,0,0,0,0,0,0,0,0,9,0,0,0,0,2,2,70,2,1,2,1,0,0,14,12,7,1,4,6,"777777777777","777777777777","777777777777",1,0
38,380034,1,2,2,7,6,16,26,12,1,1,0,38,1,12,481,12481,31,2006,"1FTPW14546FB","1","F","T","P","W","1","4","5","4","6","F","B",0,0,0,"000000000","00000000000",0,0,0,1,0,0,0,0,0,0,0,998,0,0,0,12,6,2,12,0,0,0,1,38,58554,6,1,3,0,3,0,76,260,0,1,0,0,1,3,2014,4,2014,5,26,36,0,0,1,2,55,1,5,2,1,0,0,98,51,1,1,1,24,"777777777777","777777777777","777777777777",0,0
38,380034,2,2,1,7,6,16,26,12,1,1,0,38,1,20,481,20481,31,1970,"CS330J132756","C","S","3","3","0","J","1","3","2","7","5","6",0,0,0,"000000000","00000000000",0,0,0,1,0,0,0,0,0,0,0,999,0,0,0,6,6,2,12,0,0,0,1,38,58563,6,1,0,0,3,1,71,220,0,0,0,0,0,0,0,0,0,0,0,0,0,0,1,2,55,1,5,2,1,0,0,1,53,1,1,1,25,"777777777777","777777777777","777777777777",1,0
38,380035,1,2,1,12,6,22,35,12,6,1,0,38,1,12,481,12481,31,2015,"1FT7W2BT0FEB","1","F","T","7","W","2","B","T","0","F","E","B",0,0,0,"000000000","00000000000",0,0,0,1,0,0,0,0,0,0,0,998,3,0,0,12,6,2,12,0,0,0,1,38,58701,6,1,0,0,3,1,75,185,0,0,0,0,0,0,0,0,0,0,0,0,0,0,2,2,70,1,1,2,1,0,0,1,66,1,1,1,88,"777777777777","777777777777","777777777777",0,0
38,380035,2,2,1,12,6,22,35,12,6,1,0,0,0,98,998,98998,92,2015,"000000000000","0","0","0","0","0","0","0","0","0","0","0","0",0,0,0,"000000000","00000000000",0,0,0,1,0,0,0,0,0,0,0,998,0,0,0,62,6,2,12,0,0,0,1,38,58540,6,1,6,0,3,1,70,200,0,0,0,0,1,5,2016,5,2016,0,0,0,0,0,1,2,55,1,1,2,1,20,3,1,17,1,1,1,89,"777777777777","777777777777","777777777777",1,0
38,380036,1,2,1,14,6,17,45,12,6,1,0,38,1,7,481,7481,31,1993,"3B7KM23C1PM1","3","B","7","K","M","2","3","C","1","P","M","1",0,0,0,"000000000","00000000000",0,0,0,1,0,0,0,0,0,0,0,45,0,0,0,11,6,2,12,0,0,0,1,38,58723,6,1,6,0,3,0,76,280,0,0,0,1,1,7,2014,1,2016,0,0,0,0,0,1,2,55,3,5,4,1,0,0,14,54,1,1,1,65,"777777777777","777777777777","777777777777",0,0
38,380036,2,2,2,14,6,17,45,12,6,1,0,38,1,48,38,48038,4,2007,"JF1GD74627G5","J","F","1","G","D","7","4","6","2","7","G","5",0,0,0,"000000000","00000000000",0,0,0,1,0,0,0,0,0,0,0,998,0,0,0,9,6,2,12,0,0,0,1,38,58701,6,1,0,0,3,0,69,130,0,6,0,5,2,10,2014,3,2016,9,36,0,0,0,1,2,55,2,6,4,1,0,0,14,8,1,3,2,64,"777777777777","777777777777","777777777777",1,0
38,380037,1,1,1,23,6,16,15,35,0,1,0,38,2,20,421,20421,15,1994,"1GNDT13W0R01","1","G","N","D","T","1","3","W","0","R","0","1",0,0,0,"000000000","00000000000",0,0,0,1,0,0,0,0,0,0,0,999,0,1,5,99,6,2,1,0,0,0,1,38,58545,0,0,0,0,0,0,75,222,0,5,2,0,1,10,2011,7,2012,0,36,0,0,0,2,2,75,1,6,1,1,0,0,1,13,1,5,4,2,"777777777777","777777777777","777777777777",1,1
38,380038,1,1,1,28,6,0,30,1,0,1,0,30,1,7,482,7482,31,2003,"3D7KU28693G7","3","D","7","K","U","2","8","6","9","3","G","7",0,0,0,"000000000","00000000000",0,0,0,1,0,0,0,0,0,0,0,999,0,1,5,0,6,2,1,0,0,0,1,30,59741,6,1,6,0,3,0,999,999,98,0,0,0,1,5,2015,5,2015,9,58,0,0,0,1,2,65,3,6,2,1,0,0,14,12,6,4,4,2,"777777777777","777777777777","777777777777",1,1
38,380039,1,1,2,28,6,8,28,35,0,1,0,38,2,35,39,35039,4,2014,"1N4AA5AP3EC4","1","N","4","A","A","5","A","P","3","E","C","4",0,0,0,"000000000","00000000000",0,0,0,1,0,0,0,0,0,0,0,998,0,1,5,99,6,2,1,0,0,0,1,46,57703,6,1,0,0,3,0,69,180,0,0,0,1,1,12,2015,12,2015,3,0,0,0,0,1,2,50,1,1,2,1,0,0,1,12,7,1,4,6,"777777777777","777777777777","777777777777",1,0
38,380040,1,1,1,29,6,15,5,1,0,1,0,38,3,82,884,82884,66,1997,"1FUYDZYB9VL8","1","F","U","Y","D","Z","Y","B","9","V","L","8",1,1,88,"888888888","88888888888",3,6,2,1,0,0,0,0,0,0,0,999,0,2,1,0,6,2,1,0,0,0,1,38,58622,6,1,6,1,3,0,71,190,0,0,0,0,0,0,0,0,0,0,0,0,0,0,6,1,55,3,1,1,1,0,0,14,9,16,9,1,98,"888888888888","777777777777","777777777777",1,0
38,380041,1,1,1,1,7,21,8,1,0,1,0,38,1,98,734,98734,90,2006,"4UF06ATV86T2","4","U","F","0","6","A","T","V","8","6","T","2",0,0,0,"000000000","00000000000",0,0,0,1,0,0,0,0,0,0,0,999,0,1,5,0,2,5,5,0,0,0,1,38,58474,6,1,0,0,3,0,70,290,0,0,0,0,0,0,0,0,0,9,0,0,0,0,1,2,10,1,1,1,1,0,0,1,13,1,1,4,1,"777777777777","777777777777","777777777777",1,1
38,380042,1,1,2,2,7,5,40,1,0,1,0,38,3,82,881,82881,64,2006,"1FVACXDC16HV","1","F","V","A","C","X","D","C","1","6","H","V",0,0,57,"709575","57709575",3,1,1,1,0,0,0,0,0,0,0,999,0,1,5,0,6,2,1,0,0,0,1,38,58203,6,1,6,0,3,1,72,150,0,0,0,0,0,0,0,0,0,9,58,0,0,0,1,2,65,3,6,2,1,0,0,14,11,6,4,4,7,"777777777777","777777777777","777777777777",1,0
38,380043,1,2,3,5,7,16,8,12,1,1,0,98,2,7,482,7482,31,2008,"1D7HU18208J1","1","D","7","H","U","1","8","2","0","8","J","1",0,0,0,"000000000","00000000000",0,0,0,1,0,0,0,0,0,0,0,998,0,0,0,12,6,2,12,0,0,0,1,38,58329,0,0,0,0,0,0,999,999,0,0,0,0,0,0,0,0,0,9,0,0,0,0,1,2,65,1,6,2,1,0,0,1,51,1,1,1,24,"777777777777","777777777777","777777777777",0,1
38,380043,2,2,2,5,7,16,8,12,1,1,0,98,1,12,17,12017,4,2006,"1FAFP53U46A1","1","F","A","F","P","5","3","U","4","6","A","1",0,0,0,"000000000","00000000000",0,0,0,1,0,0,0,0,0,0,0,5,0,0,0,6,6,2,12,0,0,0,1,38,58316,0,0,0,0,0,0,999,999,0,1,0,0,1,9,2011,9,2011,0,0,0,0,0,1,2,65,1,6,2,1,0,0,2,53,1,1,1,25,"777777777777","777777777777","777777777777",2,0
38,380044,1,1,1,9,7,19,4,1,0,1,0,30,3,85,881,85881,66,2013,"1XKDP4EX8DR3","1","X","K","D","P","4","E","X","8","D","R","3",1,1,57,"672046","57672046",3,6,2,2,2,1267,3,1,0,0,0,57,0,1,5,0,6,2,1,0,0,0,1,48,78641,6,1,6,1,3,1,999,999,0,0,0,0,0,0,0,0,0,4,0,0,0,0,4,1,55,2,1,1,1,0,0,14,12,99,1,4,6,"888888888888","777777777777","777777777777",1,0
38,380045,1,1,2,10,7,16,30,34,0,1,0,38,1,12,481,12481,31,2005,"1FTPW14525FA","1","F","T","P","W","1","4","5","2","5","F","A",0,0,0,"000000000","00000000000",0,0,0,1,0,0,0,0,0,0,0,998,0,1,5,98,6,2,1,0,0,0,1,38,58784,6,1,0,0,3,1,71,200,0,0,0,0,0,0,0,0,0,9,0,0,0,0,1,2,35,1,5,4,1,0,0,1,11,6,3,4,2,"777777777777","777777777777","777777777777",1,0
38,380046,1,2,3,16,7,21,25,12,6,1,0,38,1,20,481,20481,31,2003,"1GCEC19X43Z1","1","G","C","E","C","1","9","X","4","3","Z","1",0,0,0,"000000000","00000000000",0,0,0,1,0,0,0,0,0,0,0,998,0,0,0,12,6,2,12,0,0,0,1,38,58318,6,1,6,0,3,0,69,165,0,0,0,0,0,0,0,0,0,0,0,0,0,0,1,2,65,1,1,2,1,0,0,1,66,16,1,1,86,"777777777777","777777777777","777777777777",0,0
38,380046,2,2,4,16,7,21,25,12,6,1,0,38,1,20,481,20481,31,1994,"2GCEK19K8R12","2","G","C","E","K","1","9","K","8","R","1","2",0,0,0,"000000000","00000000000",0,0,0,1,0,0,0,0,0,0,0,998,0,1,5,3,6,2,12,0,0,0,1,38,58318,6,1,0,0,3,0,67,250,0,0,0,0,1,11,2013,11,2013,0,38,0,0,0,1,2,55,1,1,4,1,21,3,1,17,1,1,1,87,"777777777777","777777777777","777777777777",1,1
38,380047,1,1,1,17,7,16,59,3,0,1,0,12,1,37,32,37032,6,2011,"5J6TF2H55BL0","5","J","6","T","F","2","H","5","5","B","L","0",0,0,0,"000000000","00000000000",0,0,0,1,0,0,0,0,0,0,0,998,0,0,0,0,6,2,3,0,0,0,1,12,58701,6,1,0,0,3,1,63,999,0,0,0,0,2,12,2011,11,2013,0,0,0,0,0,1,4,25,3,1,2,1,0,0,14,13,1,1,4,0,"777777777777","777777777777","777777777777",1,0
38,380048,1,1,1,21,7,9,30,1,0,1,0,38,2,12,884,12884,63,1993,"1FTYS95L0PVA","1","F","T","Y","S","9","5","L","0","P","V","A",1,3,77,"777777777","77777777777",3,4,3,1,0,0,0,0,0,0,0,998,0,1,5,0,6,2,1,0,0,0,1,12,32656,6,1,6,0,3,1,70,999,0,0,0,1,0,5,2016,5,2016,9,0,0,0,0,2,4,75,1,1,1,1,0,0,1,13,16,1,4,1,"888888888888","777777777777","777777777777",1,0
38,380049,1,2,1,21,7,15,39,12,8,1,0,38,2,12,16,12016,4,1985,"2FABP43F3FX2","2","F","A","B","P","4","3","F","3","F","X","2",0,0,0,"000000000","00000000000",0,0,0,1,0,0,0,0,0,0,0,999,0,0,0,11,4,3,12,0,0,0,1,38,58563,6,1,0,0,3,1,73,160,0,0,0,0,0,0,0,0,0,9,0,0,0,0,2,4,75,1,1,1,1,0,0,99,12,99,1,4,64,"777777777777","777777777777","777777777777",1,0
38,380049,2,2,2,21,7,15,39,12,8,1,0,47,2,19,18,19018,4,2010,"1G6KH5EY5AU1","1","G","6","K","H","5","E","Y","5","A","U","1",0,0,0,"000000000","00000000000",0,0,0,1,0,0,0,0,0,0,0,81,0,0,0,7,4,3,12,0,0,0,1,47,37863,6,1,0,0,3,1,70,205,0,0,0,0,0,0,0,0,0,3,0,0,0,0,2,4,75,1,1,1,1,0,0,1,62,10,1,1,65,"777777777777","777777777777","777777777777",0,0
38,380050,1,1,1,22,7,11,56,35,0,1,0,38,1,2,404,2404,14,1996,"1J4GZ58Y6TC1","1","J","4","G","Z","5","8","Y","6","T","C","1",0,0,0,"000000000","00000000000",0,0,0,1,0,0,0,0,0,0,0,998,0,1,5,12,6,2,1,0,0,0,1,38,58368,6,1,0,0,3,1,69,210,0,0,0,0,0,0,0,0,0,9,0,0,0,0,1,2,65,1,1,2,1,0,0,1,13,1,1,4,1,"777777777777","777777777777","777777777777",1,0
38,380051,1,2,2,24,7,14,39,12,6,1,0,38,1,53,706,53706,80,1982,"JS1GU71L0C21","J","S","1","G","U","7","1","L","0","C","2","1",0,0,0,"000000000","00000000000",0,0,0,1,0,0,0,0,0,0,0,998,0,0,0,12,6,2,12,0,0,0,1,38,58504,6,1,0,0,3,0,61,135,0,0,0,0,0,0,0,0,0,0,0,0,0,0,1,4,35,1,1,2,1,2,3,1,62,16,2,1,69,"777777777777","777777777777","777777777777",1,0
38,380051,2,2,2,24,7,14,39,12,6,1,0,38,1,20,481,20481,31,1994,"2GCEC19K2R11","2","G","C","E","C","1","9","K","2","R","1","1",0,0,0,"000000000","00000000000",0,0,0,1,0,0,0,0,0,0,0,998,0,0,0,3,2,3,12,0,0,0,1,38,58790,6,1,0,0,3,1,72,224,0,0,0,0,0,0,0,0,0,0,38,0,0,0,1,4,35,1,1,2,1,2,3,11,15,1,1,1,68,"777777777777","777777777777","777777777777",0,0
38,380052,1,2,1,24,7,18,15,12,6,1,0,38,1,72,706,72706,80,1998,"1HD1BML47WY0","1","H","D","1","B","M","L","4","7","W","Y","0",0,0,0,"000000000","00000000000",0,0,0,1,0,0,0,0,0,0,0,998,0,0,0,12,6,2,12,0,0,0,1,38,58722,6,1,6,0,2,0,71,188,1,0,0,0,0,1,2016,1,2016,0,0,0,0,0,1,2,55,1,5,2,1,0,0,1,67,16,2,1,83,"777777777777","777777777777","777777777777",1,0
38,380052,2,2,1,24,7,18,15,12,6,1,0,38,2,12,18,12018,3,1996,"1ZVLT22B3T51","1","Z","V","L","T","2","2","B","3","T","5","1",0,0,0,"000000000","00000000000",0,0,0,1,0,0,0,0,0,0,0,998,0,0,0,11,6,2,12,0,0,0,1,38,58701,6,1,0,0,3,1,69,155,0,0,0,4,0,5,2014,6,2016,0,38,0,0,0,1,2,45,1,5,2,1,20,3,11,15,1,1,1,82,"777777777777","777777777777","777777777777",0,0
38,380053,1,1,1,26,7,22,37,52,0,1,0,38,1,12,17,12017,4,2013,"1FAHP2F89DG2","1","F","A","H","P","2","F","8","9","D","G","2",0,0,0,"000000000","00000000000",0,0,0,1,0,0,0,0,0,0,0,998,0,0,0,12,6,2,52,0,0,1,1,38,58103,1,1,0,0,2,2,71,200,0,2,1,0,1,12,2011,3,2012,0,37,50,74,0,2,2,75,1,1,1,1,0,0,1,11,1,1,4,1,"777777777777","777777777777","777777777777",1,1
38,380054,1,2,2,31,7,9,48,12,6,1,0,30,1,7,482,7482,31,2014,"1C6RR7TT7ES3","1","C","6","R","R","7","T","T","7","E","S","3",0,0,0,"000000000","00000000000",0,0,0,1,0,0,0,0,0,0,0,998,0,0,0,12,6,2,12,0,0,0,1,30,59243,6,1,0,0,3,1,999,999,98,0,0,0,0,0,0,0,0,0,38,0,0,0,1,2,45,1,1,1,1,20,3,1,17,1,1,1,86,"777777777777","777777777777","777777777777",0,0
38,380054,2,2,2,31,7,9,48,12,6,1,0,38,2,12,401,12401,14,1995,"1FMDU34X7SZA","1","F","M","D","U","3","4","X","7","S","Z","A",0,0,0,"000000000","00000000000",0,0,0,1,0,0,0,0,0,0,0,998,0,1,5,81,6,2,1,0,0,0,1,38,58576,6,1,0,0,3,1,67,225,0,0,0,1,0,2,2014,2,2014,0,0,0,0,0,1,2,65,1,1,1,1,0,0,1,66,1,1,1,87,"777777777777","777777777777","777777777777",1,0
38,380055,1,1,2,31,7,18,30,1,0,1,0,38,2,49,472,49472,30,2015,"3TMMU4FN9FM0","3","T","M","M","U","4","F","N","9","F","M","0",0,0,0,"000000000","00000000000",0,0,0,1,0,0,0,0,0,0,0,998,0,1,5,0,6,2,1,0,0,0,1,38,58201,1,1,0,0,2,0,66,180,2,3,1,0,2,1,2016,3,2016,9,0,0,0,0,1,2,30,3,1,2,1,0,0,14,15,6,1,4,1,"777777777777","777777777777","777777777777",1,1
38,380056,1,1,1,3,8,14,34,1,0,1,0,38,3,86,881,86881,63,2005,"1M2AG02C65M0","1","M","2","A","G","0","2","C","6","5","M","0",0,0,38,"271939","38271939",3,2,5,1,0,0,0,0,0,0,0,53,0,1,5,0,6,2,1,0,0,0,1,38,58638,6,1,6,0,3,0,73,240,0,0,0,0,0,0,0,0,0,0,0,0,0,0,1,2,55,1,1,2,1,0,0,1,13,8,1,4,6,"777777777777","777777777777","777777777777",1,1
38,380057,1,1,1,5,8,12,0,32,0,1,0,38,1,7,24,7024,4,2007,"2B3KA43R87H8","2","B","3","K","A","4","3","R","8","7","H","8",0,0,0,"000000000","00000000000",0,0,0,1,0,0,0,0,0,0,0,999,0,1,5,14,6,2,34,0,0,0,1,12,32174,6,1,0,0,3,0,71,999,0,1,1,3,0,4,2013,8,2013,9,0,0,0,0,1,3,65,1,1,2,1,0,0,1,12,1,1,4,6,"777777777777","777777777777","777777777777",1,0
38,380058,1,1,1,9,8,14,25,1,0,1,0,38,2,12,481,12481,31,1997,"1FTFX28L1VNB","1","F","T","F","X","2","8","L","1","V","N","B",0,0,0,"000000000","00000000000",0,0,0,1,0,0,0,0,0,0,0,55,0,1,5,0,6,2,1,0,0,0,1,38,58621,0,0,0,0,0,0,71,234,0,0,0,0,0,0,0,0,0,4,6,58,0,0,1,2,55,2,1,4,11,0,0,14,6,7,3,4,2,"777777777777","777777777777","777777777777",1,0
38,380059,1,2,1,15,8,15,38,12,6,1,0,38,2,63,402,63402,14,2016,"5XYPG4A5XGG0","5","X","Y","P","G","4","A","5","X","G","G","0",0,0,0,"000000000","00000000000",0,0,0,1,0,0,0,0,0,0,0,998,0,0,0,11,6,2,12,0,0,0,1,38,58401,6,1,0,0,3,1,67,120,1,1,0,3,1,1,2015,10,2015,0,38,48,0,0,1,3,55,1,1,2,1,0,0,12,21,1,1,1,98,"777777777777","777777777777","777777777777",0,0
38,380059,2,2,1,15,8,15,38,12,6,1,0,38,2,37,705,37705,80,2007,"JH2RC44517M1","J","H","2","R","C","4","4","5","1","7","M","1",0,0,0,"000000000","00000000000",0,0,0,1,0,0,0,0,0,0,0,998,0,0,0,12,6,2,12,0,0,0,1,38,58552,6,1,0,0,2,1,72,250,0,0,0,1,0,6,2014,6,2014,9,0,0,0,0,1,3,55,1,1,2,1,0,0,99,72,99,1,1,98,"777777777777","777777777777","777777777777",1,0
38,380060,1,2,1,19,8,21,30,11,0,1,0,38,1,72,706,72706,80,2016,"1HD1TAN19GB9","1","H","D","1","T","A","N","1","9","G","B","9",0,0,0,"000000000","00000000000",0,0,0,1,0,0,0,0,0,0,0,998,0,0,0,12,6,2,12,0,0,0,1,38,58746,6,1,6,0,3,0,74,230,0,0,0,0,0,0,0,0,0,0,0,0,0,0,1,2,65,1,1,2,1,0,0,1,87,16,2,2,13,"777777777777","777777777777","777777777777",1,1
38,380060,2,2,5,19,8,21,30,11,0,1,0,95,1,37,441,37441,20,2011,"5FNRL5H64BB5","5","F","N","R","L","5","H","6","4","B","B","5",0,0,0,"000000000","00000000000",0,0,0,1,0,0,0,0,0,0,0,998,0,0,0,1,6,2,12,0,0,0,1,95,0,6,1,0,0,3,0,66,999,0,0,0,0,0,0,0,0,0,0,0,0,0,0,1,2,65,1,1,2,1,0,0,1,62,1,1,1,98,"777777777777","777777777777","777777777777",0,0