"STATE","ST_CASE","VEH_NO","VE_FORMS","NUMOCCS","DAY","MONTH","HOUR","MINUTE","HARM_EV","MAN_COLL","UNITTYPE","HIT_RUN","REG_STAT","OWNER","MAKE","MODEL","MAK_MOD","BODY_TYP","MOD_YEAR","VIN","VIN_1","VIN_2","VIN_3","VIN_4","VIN_5","VIN_6","VIN_7","VIN_8","VIN_9","VIN_10","VIN_11","VIN_12","TOW_VEH","J_KNIFE","MCARR_I1","MCARR_I2","MCARR_ID","GVWR","V_CONFIG","CARGO_BT","HAZ_INV","HAZ_PLAC","HAZ_ID","HAZ_CNO","HAZ_REL","BUS_USE","SPEC_USE","EMER_USE","TRAV_SP","UNDERIDE","ROLLOVER","ROLINLOC","IMPACT1","DEFORMED","TOWED","M_HARM","VEH_SC1","VEH_SC2","FIRE_EXP","DR_PRES","L_STATE","DR_ZIP","L_STATUS","L_TYPE","CDL_STAT","L_ENDORS","L_COMPL","L_RESTRI","DR_HGT","DR_WGT","PREV_ACC","PREV_SUS","PREV_DWI","PREV_SPD","PREV_OTH","FIRST_MO","FIRST_YR","LAST_MO","LAST_YR","SPEEDREL","DR_SF1","DR_SF2","DR_SF3","DR_SF4","VTRAFWAY","VNUM_LAN","VSPD_LIM","VALIGN","VPROFILE","VPAVETYP","VSURCOND","VTRAFCON","VTCONT_F","P_CRASH1","P_CRASH2","P_CRASH3","PCRASH4","PCRASH5","ACC_TYPE","TRLR1VIN","TRLR2VIN","TRLR3VIN","DEATHS","DR_DRINK"
38,380061,1,1,2,21,8,2,45,1,0,1,0,38,1,12,481,12481,31,1997,"1FTHX26G8VEA","1","F","T","H","X","2","6","G","8","V","E","A",0,0,0,"000000000","00000000000",0,0,0,1,0,0,0,0,0,0,0,48,0,1,5,0,6,2,1,0,0,0,1,38,58540,6,1,0,0,3,0,71,180,0,0,0,1,2,2,2015,9,2015,0,58,0,0,0,1,2,55,1,1,4,1,0,0,1,11,99,1,4,1,"777777777777","777777777777","777777777777",1,1
38,380062,1,2,1,23,8,18,25,12,1,1,0,27,0,23,481,23481,31,2016,"1GT12TE83GF1","1","G","T","1","2","T","E","8","3","G","F","1",0,0,0,"000000000","00000000000",0,0,0,1,0,0,0,0,0,0,0,998,0,1,5,12,6,2,12,0,0,0,1,12,32626,6,1,6,0,3,1,69,999,0,0,0,4,0,4,2013,7,2016,9,6,26,0,0,1,2,65,1,1,2,1,50,3,1,50,1,1,1,20,"777777777777","777777777777","777777777777",0,0
38,380062,2,2,4,23,8,18,25,12,1,1,0,38,1,12,16,12016,4,2006,"2FAHP71W76X1","2","F","A","H","P","7","1","W","7","6","X","1",0,0,0,"000000000","00000000000",0,0,0,1,0,0,0,0,0,0,0,0,0,1,5,6,6,2,12,0,0,0,1,38,58830,6,1,0,0,3,0,72,190,0,0,0,0,1,4,2016,4,2016,0,0,0,0,0,1,2,65,1,1,2,1,50,3,5,53,1,1,1,21,"777777777777","777777777777","777777777777",3,0
38,380063,1,1,1,27,8,20,50,8,0,1,0,38,2,23,421,23421,15,2003,"1GKEK13Z23J2","1","G","K","E","K","1","3","Z","2","3","J","2",0,0,0,"000000000","00000000000",0,0,0,1,0,0,0,0,0,0,0,998,0,0,0,12,6,2,8,0,0,0,1,38,58249,6,1,6,0,3,1,74,165,0,0,0,4,4,10,2013,7,2016,9,0,0,0,0,1,2,65,1,1,1,1,0,0,1,80,1,1,1,13,"777777777777","777777777777","777777777777",0,0
38,380064,1,1,2,30,8,19,20,1,0,1,0,38,1,20,4,20004,1,1979,"1Z8749S40733","1","Z","8","7","4","9","S","4","0","7","3","3",0,0,0,"000000000","00000000000",0,0,0,1,0,0,0,0,0,0,0,998,0,1,5,0,6,2,1,0,0,0,1,38,58230,6,1,0,0,3,0,73,205,0,0,0,0,0,0,0,0,0,9,58,0,0,0,1,2,65,3,6,2,1,0,0,14,13,6,4,4,6,"777777777777","777777777777","777777777777",1,1
38,380065,1,2,1,31,8,22,55,12,2,1,0,38,2,22,2,22002,4,2001,"1G2HY54K4142","1","G","2","H","Y","5","4","K","4","1","4","2",0,0,0,"000000000","00000000000",0,0,0,1,0,0,0,0,0,0,0,998,0,0,0,12,6,2,12,0,0,0,1,38,58049,6,1,0,0,3,1,68,200,0,2,0,0,2,10,2013,6,2014,0,0,0,0,0,1,2,65,1,1,2,1,0,0,1,10,1,1,2,50,"777777777777","777777777777","777777777777",0,1
38,380065,2,2,1,31,8,22,55,12,2,1,0,38,2,49,32,49032,4,2007,"2T1BR32E27C8","2","T","1","B","R","3","2","E","2","7","C","8",0,0,0,"000000000","00000000000",0,0,0,1,0,0,0,0,0,0,0,998,0,0,0,12,6,2,12,0,0,0,1,38,58458,6,1,4,0,3,1,68,250,0,0,0,0,0,0,0,0,0,0,0,0,0,0,1,2,65,1,1,2,1,0,0,1,62,7,1,1,51,"777777777777","777777777777","777777777777",1,0
38,380066,1,1,2,28,8,17,5,1,0,1,0,46,1,20,481,20481,31,1991,"2GCEK19K8M11","2","G","C","E","K","1","9","K","8","M","1","1",0,0,0,"000000000","00000000000",0,0,0,1,0,0,0,0,0,0,0,998,0,1,5,0,6,2,1,0,0,0,1,46,57764,6,1,0,0,3,0,74,290,0,0,0,0,1,10,2015,10,2015,4,58,0,0,0,1,2,55,2,1,2,1,0,0,14,6,7,4,4,7,"777777777777","777777777777","777777777777",1,1
38,380067,1,1,1,3,9,2,43,33,0,1,0,27,2,37,706,37706,80,1991,"JH2SC2405MM1","J","H","2","S","C","2","4","0","5","M","M","1",0,0,0,"000000000","00000000000",0,0,0,1,0,0,0,0,0,0,0,998,0,0,0,12,6,2,1,0,0,0,1,38,58501,6,1,6,0,2,1,73,235,0,0,0,0,0,0,0,0,0,3,36,0,0,0,1,2,25,2,1,2,1,0,0,14,10,16,1,4,6,"777777777777","777777777777","777777777777",1,0
38,380068,1,2,1,6,9,15,20,12,6,1,0,38,2,37,32,37032,4,1998,"1HGCG5655WA2","1","H","G","C","G","5","6","5","5","W","A","2",0,0,0,"000000000","00000000000",0,0,0,1,0,0,0,0,0,0,0,56,0,1,5,12,6,2,12,0,0,0,1,38,58102,6,1,0,0,3,0,69,160,0,0,0,1,0,7,2015,7,2015,0,0,0,0,0,1,2,55,1,1,2,1,0,0,1,66,9,1,1,86,"777777777777","777777777777","777777777777",0,0
38,380068,2,2,3,6,9,15,20,12,6,1,0,38,2,20,441,20441,20,2004,"1GNEL19X34B1","1","G","N","E","L","1","9","X","3","4","B","1",0,0,0,"000000000","00000000000",0,0,0,1,0,0,0,0,0,0,0,998,0,1,5,2,6,2,1,0,0,0,1,38,58103,0,0,0,0,0,0,69,170,0,0,0,0,0,0,0,0,0,0,39,0,0,0,1,2,55,1,1,2,1,20,3,1,17,1,1,1,87,"777777777777","777777777777","777777777777",1,1
38,380069,1,1,1,10,9,20,15,1,0,1,0,38,1,23,481,23481,31,2003,"2GTEK19T9312","2","G","T","E","K","1","9","T","9","3","1","2",0,0,0,"000000000","00000000000",0,0,0,1,0,0,0,0,0,0,0,998,0,1,5,0,6,2,1,0,0,0,1,38,58735,6,1,0,0,3,0,70,190,0,0,0,0,0,0,0,0,0,0,0,0,0,0,1,2,65,1,1,2,1,0,0,1,13,99,4,4,6,"777777777777","777777777777","777777777777",1,1
38,380070,1,1,1,16,9,20,19,35,0,1,0,38,1,20,498,20498,31,1994,"1GCGK24KXRE2","1","G","C","G","K","2","4","K","X","R","E","2",0,0,0,"000000000","00000000000",0,0,0,1,0,0,0,0,0,0,0,998,0,0,0,12,6,2,35,0,0,0,1,38,58554,6,1,0,0,3,0,69,170,0,0,0,0,0,0,0,0,0,0,0,0,0,0,1,2,65,3,1,2,1,0,0,14,13,16,1,4,1,"777777777777","777777777777","777777777777",1,1
38,380071,1,2,1,23,9,17,47,12,1,1,0,38,3,7,482,7482,31,2016,"1C6RR7TT4GS3","1","C","6","R","R","7","T","T","4","G","S","3",0,0,0,"000000000","00000000000",0,0,0,1,0,0,0,0,0,0,0,999,0,0,0,12,6,2,12,0,0,0,1,38,58504,6,1,0,0,3,0,79,310,0,0,0,0,0,0,0,0,0,9,0,0,0,0,2,2,75,1,4,1,2,0,0,1,51,1,1,1,24,"777777777777","777777777777","777777777777",1,0
38,380071,2,2,1,23,9,17,47,12,1,1,0,38,1,12,471,12471,31,1987,"1FTBR10T0HUA","1","F","T","B","R","1","0","T","0","H","U","A",1,1,0,"000000000","00000000000",0,0,0,1,0,0,0,0,0,0,0,50,0,1,2,6,6,2,1,0,0,0,1,38,58563,6,1,0,0,3,0,68,150,0,0,0,1,0,9,2015,9,2015,0,0,0,0,0,2,2,75,1,4,1,2,0,0,1,53,7,1,1,25,"888888888888","777777777777","777777777777",0,0
38,380072,1,1,1,23,9,18,2,1,0,1,0,38,1,12,481,12481,31,1992,"2FTJW36M7NCA","2","F","T","J","W","3","6","M","7","N","C","A",0,0,0,"000000000","00000000000",0,0,0,1,0,0,0,0,0,0,0,999,0,1,5,0,6,2,1,0,0,0,1,38,58572,1,1,1,0,2,1,72,190,0,3,1,1,2,9,2012,3,2016,9,58,0,0,0,1,2,65,1,3,2,2,0,0,1,13,7,1,4,1,"777777777777","777777777777","777777777777",1,1
38,380073,1,1,2,24,9,6,33,33,0,1,0,16,2,6,52,6052,6,2001,"3C8FY4BB31T6","3","C","8","F","Y","4","B","B","3","1","T","6",0,0,0,"000000000","00000000000",0,0,0,1,0,0,0,0,0,0,0,998,0,0,0,2,6,2,42,0,0,0,1,97,58770,9,9,99,0,9,9,68,154,99,99,99,99,99,99,9999,99,9999,3,36,58,0,0,1,2,25,1,6,2,2,0,0,1,13,9,1,4,1,"777777777777","777777777777","777777777777",1,1
38,380074,1,1,1,28,9,15,0,1,0,1,0,38,3,85,881,85881,66,1996,"1XKWDR9X7TR7","1","X","K","W","D","R","9","X","7","T","R","7",1,1,57,"124419","57124419",3,6,3,1,0,0,0,0,0,0,0,999,0,1,5,0,6,2,1,0,0,0,1,38,58639,6,1,6,0,3,0,67,190,0,0,1,1,0,9,2011,2,2013,0,58,0,0,0,1,2,45,1,5,4,1,0,0,1,12,7,1,4,6,"4L5AB4537AF0","777777777777","777777777777",1,1
38,380075,1,1,1,29,9,19,8,35,0,1,0,38,1,7,442,7442,20,1999,"2B4GP44G7XR4","2","B","4","G","P","4","4","G","7","X","R","4",0,0,0,"000000000","00000000000",0,0,0,1,0,0,0,0,0,0,0,998,0,0,0,12,6,2,35,0,0,0,1,38,58052,6,1,0,0,3,1,72,210,0,2,1,1,1,10,2013,10,2013,9,0,0,0,0,1,2,65,1,1,2,1,0,0,1,13,99,1,4,1,"777777777777","777777777777","777777777777",1,0
38,380076,1,2,1,2,10,15,40,59,0,1,0,38,1,9,442,9442,20,1996,"1P4GP45R2TB5","1","P","4","G","P","4","5","R","2","T","B","5",0,0,0,"000000000","00000000000",0,0,0,1,0,0,0,0,0,0,0,998,0,0,0,12,6,2,12,0,0,0,1,38,58701,6,1,0,0,3,0,76,240,0,0,0,0,0,0,0,0,0,0,0,0,0,0,2,2,70,2,1,2,1,0,0,14,12,1,1,4,98,"777777777777","777777777777","777777777777",0,0
38,380076,2,2,1,2,10,15,40,59,0,1,0,38,1,37,31,37031,4,2012,"2HGFB2F58CH5","2","H","G","F","B","2","F","5","8","C","H","5",0,0,0,"000000000","00000000000",0,0,0,1,0,0,0,0,0,0,0,998,0,0,0,12,6,2,12,0,0,0,1,38,58078,6,1,0,0,3,0,62,120,1,0,0,0,0,8,2015,8,2015,0,0,0,0,0,2,2,60,3,1,2,1,0,0,14,62,1,1,1,98,"777777777777","777777777777","777777777777",1,0
38,380077,1,2,2,8,10,14,24,12,6,1,0,38,2,23,8,23008,6,2011,"1GKKVSED5BJ1","1","G","K","K","V","S","E","D","5","B","J","1",0,0,0,"000000000","00000000000",0,0,0,1,0,0,0,0,0,0,0,58,0,0,0,12,6,2,12,0,0,0,1,38,58045,6,1,0,0,3,0,69,150,0,0,0,0,0,0,0,0,0,0,39,0,0,0,1,2,55,1,1,2,1,20,3,1,17,1,1,1,88,"777777777777","777777777777","777777777777",0,0
38,380077,2,2,2,8,10,14,24,12,6,1,0,38,1,18,22,18022,4,2013,"1G4GC5E38DF2","1","G","4","G","C","5","E","3","8","D","F","2",0,0,0,"000000000","00000000000",0,0,0,1,0,0,0,0,0,0,0,66,0,1,5,9,6,2,12,0,0,0,1,38,58504,6,1,0,0,3,1,66,230,0,0,0,0,0,0,0,0,0,0,0,0,0,0,1,2,65,1,1,2,1,0,0,1,66,12,1,1,89,"777777777777","777777777777","777777777777",1,0
38,380078,1,2,1,10,10,7,24,12,1,1,0,38,2,7,28,7028,2,2010,"2B3CJ4DV1AH1","2","B","3","C","J","4","D","V","1","A","H","1",0,0,0,"000000000","00000000000",0,0,0,1,0,0,0,0,0,0,0,998,0,0,0,12,6,2,12,0,0,0,1,38,58504,1,1,0,0,2,0,64,210,0,2,0,2,2,6,2016,8,2016,3,36,26,0,0,2,4,55,3,6,2,1,0,0,14,51,1,1,1,24,"777777777777","777777777777","777777777777",0,1
38,380078,2,2,2,10,10,7,24,12,1,1,0,38,1,20,473,20473,30,2008,"1GCDT33E1881","1","G","C","D","T","3","3","E","1","8","8","1",0,0,0,"000000000","00000000000",0,0,0,1,0,0,0,0,0,0,0,55,0,1,5,6,6,2,1,0,0,0,1,38,58503,6,1,0,0,3,0,69,190,0,0,0,0,0,0,0,0,0,0,0,0,0,0,2,4,55,3,6,2,1,0,0,14,53,1,1,1,25,"777777777777","777777777777","777777777777",1,0
38,380079,1,1,1,10,10,8,25,21,0,1,0,38,1,12,473,12473,30,2007,"1FMEU51867UA","1","F","M","E","U","5","1","8","6","7","U","A",0,0,0,"000000000","00000000000",0,0,0,1,0,0,0,0,0,0,0,999,0,0,0,12,6,2,21,0,0,0,1,27,56560,6,1,0,0,3,0,67,230,0,0,0,0,1,12,2015,12,2015,9,0,0,0,0,2,2,75,1,1,2,1,0,0,1,12,1,1,4,6,"777777777777","777777777777","777777777777",1,0
38,380080,1,1,1,13,10,23,40,8,0,1,0,29,1,12,481,12481,31,2001,"3FTNW21F71MA","3","F","T","N","W","2","1","F","7","1","M","A",0,0,0,"000000000","00000000000",0,0,0,1,0,0,0,0,0,0,0,998,0,0,0,1,6,2,8,0,0,0,1,29,64643,6,1,0,0,3,0,73,270,0,0,0,0,0,0,0,0,0,0,0,0,0,0,2,2,75,1,1,1,1,0,0,2,80,6,1,2,13,"777777777777","777777777777","777777777777",0,0
38,380081,1,1,1,15,10,10,47,1,0,1,0,92,0,12,35,12035,4,1998,"1FALP6531WK1","1","F","A","L","P","6","5","3","1","W","K","1",0,0,0,"000000000","00000000000",0,0,0,1,0,0,0,0,0,0,0,998,0,1,5,0,6,2,1,0,0,0,1,38,58370,0,0,0,0,0,0,71,250,0,4,1,0,4,1,2014,12,2014,0,58,0,0,0,1,2,65,3,1,2,1,0,0,14,13,6,4,4,7,"777777777777","777777777777","777777777777",1,1
38,380082,1,2,2,17,10,17,24,12,6,1,0,38,1,18,22,18022,4,2008,"2G4WD5821812","2","G","4","W","D","5","8","2","1","8","1","2",0,0,0,"000000000","00000000000",0,0,0,1,0,0,0,0,0,0,0,60,0,0,0,1,6,2,12,0,0,0,1,38,58701,6,1,0,0,3,0,66,150,0,0,0,0,0,0,0,0,0,0,0,0,0,0,1,2,55,1,1,2,1,0,0,1,62,16,1,1,69,"777777777777","777777777777","777777777777",0,0
38,380082,2,2,1,17,10,17,24,12,6,1,0,38,0,22,32,22032,6,2005,"5Y2SL63855Z4","5","Y","2","S","L","6","3","8","5","5","Z","4",0,0,0,"000000000","00000000000",0,0,0,1,0,0,0,0,0,0,0,998,0,0,0,1,6,2,12,0,0,0,1,38,58736,6,1,0,0,3,1,60,160,1,0,0,0,0,11,2013,11,2013,0,0,0,0,0,1,2,55,1,1,2,1,0,0,11,15,99,1,1,68,"777777777777","777777777777","777777777777",1,0
38,380083,1,2,2,17,10,21,35,12,6,1,0,94,3,20,481,20481,31,2016,"3GCUKNEC4GG1","3","G","C","U","K","N","E","C","4","G","G","1",0,0,0,"000000000","00000000000",0,0,0,1,0,0,0,0,0,0,0,998,0,0,0,12,6,2,12,0,0,0,1,48,76205,6,1,0,0,3,1,999,999,0,0,0,0,0,0,0,0,0,0,0,0,0,0,1,4,65,1,1,1,1,0,0,1,66,1,1,1,88,"777777777777","777777777777","777777777777",0,0
38,380083,2,2,5,17,10,21,35,12,6,1,0,38,2,12,17,12017,4,2001,"1FAFP55281G2","1","F","A","F","P","5","5","2","8","1","G","2",0,0,0,"000000000","00000000000",0,0,0,1,0,0,0,0,0,0,0,999,0,1,5,9,6,2,12,0,0,0,1,38,58757,6,7,0,0,3,2,66,270,0,0,0,0,0,0,0,0,0,0,39,73,0,0,1,3,65,1,1,1,1,20,3,99,17,1,1,1,89,"777777777777","777777777777","777777777777",4,1
38,380084,1,1,2,21,10,0,14,1,0,1,0,38,3,85,881,85881,66,2015,"1XKDP4EX9FJ4","1","X","K","D","P","4","E","X","9","F","J","4",1,1,77,"777777777","77777777777",3,6,2,1,0,0,0,0,0,0,0,998,0,2,1,0,6,2,1,0,0,0,1,38,58601,6,1,6,1,3,0,70,200,0,0,0,2,3,3,2014,6,2016,3,6,0,0,0,1,2,55,2,6,2,1,0,0,14,6,16,2,2,98,"1UNST4227AL0","777777777777","777777777777",1,0
38,380085,1,2,1,22,10,12,21,12,6,1,0,38,2,20,481,20481,31,2004,"1GCHK23104F1","1","G","C","H","K","2","3","1","0","4","F","1",0,0,0,"000000000","00000000000",0,0,0,1,0,0,0,0,0,0,0,998,0,0,0,12,6,2,12,0,0,0,1,38,58523,6,1,6,0,3,0,74,220,0,0,0,0,1,5,2016,5,2016,9,0,0,0,0,1,4,45,1,1,2,1,4,3,1,66,16,1,1,86,"777777777777","777777777777","777777777777",0,0
38,380085,2,2,4,22,10,12,21,12,6,1,0,38,1,7,442,7442,20,2000,"1B4GP44G3YB6","1","B","4","G","P","4","4","G","3","Y","B","6",0,0,0,"000000000","00000000000",0,0,0,1,0,0,0,0,0,0,0,998,0,0,0,3,6,2,12,0,0,0,1,38,58601,6,1,0,0,3,1,66,185,0,0,0,0,0,0,0,0,0,9,6,0,0,0,1,4,45,1,1,2,1,20,3,1,17,99,1,1,87,"777777777777","777777777777","777777777777",1,0
38,380086,1,2,1,27,10,6,39,12,2,1,0,38,1,20,19,20019,4,1996,"1G1LD55M0TY2","1","G","1","L","D","5","5","M","0","T","Y","2",0,0,0,"000000000","00000000000",0,0,0,1,0,0,0,0,0,0,0,999,0,0,0,12,6,2,12,0,0,0,1,38,58075,6,1,6,0,3,1,72,200,0,0,0,3,2,2,2014,1,2015,0,0,0,0,0,1,2,55,1,1,2,1,0,0,1,62,1,1,1,69,"777777777777","777777777777","777777777777",1,0
38,380086,2,2,1,27,10,6,39,12,2,1,0,38,3,84,881,84881,63,1998,"1HTGCADT0WH5","1","H","T","G","C","A","D","T","0","W","H","5",0,0,77,"777777777","77777777777",3,2,4,1,0,0,0,0,0,0,0,998,0,0,0,12,6,2,12,0,0,0,1,27,56547,6,1,0,0,2,0,66,190,0,0,0,0,0,0,0,0,0,0,48,0,0,0,1,2,55,1,1,2,1,0,0,11,15,7,1,1,68,"777777777777","777777777777","777777777777",0,0
38,380087,1,1,1,2,11,14,45,9,0,1,0,38,1,7,482,7482,31,2016,"1C6RR7LT9GS2","1","C","6","R","R","7","L","T","9","G","S","2",0,0,0,"000000000","00000000000",0,0,0,1,0,0,0,0,0,0,0,998,0,0,0,1,2,3,9,0,0,0,1,38,58425,0,0,0,0,0,0,72,150,0,0,0,0,0,0,0,0,0,0,35,0,0,0,1,2,55,1,1,2,1,0,0,1,83,8,1,1,13,"777777777777","777777777777","777777777777",0,0
38,380088,1,1,1,4,11,5,30,8,0,1,1,38,1,20,471,20471,30,2001,"1GCDT19W3181","1","G","C","D","T","1","9","W","3","1","8","1",0,0,0,"000000000","00000000000",0,0,0,1,0,0,0,0,0,0,0,71,0,0,0,12,6,2,8,0,0,0,1,38,58040,1,1,1,0,2,2,72,200,2,5,0,3,4,3,2014,9,2016,3,86,74,0,0,1,2,65,1,1,2,1,0,0,1,80,1,1,1,13,"777777777777","777777777777","777777777777",0,0
38,380089,1,1,1,5,11,19,0,34,0,1,0,0,0,98,734,98734,90,2012,"4XATH7EA9C42","4","X","A","T","H","7","E","A","9","C","4","2",0,0,0,"000000000","00000000000",0,0,0,1,0,0,0,0,0,0,0,999,0,1,5,99,2,5,1,0,0,0,1,38,58237,6,1,0,0,3,0,70,165,0,1,1,0,0,10,2014,1,2015,9,0,0,0,0,1,2,55,1,1,4,1,0,0,1,9,99,4,4,7,"777777777777","777777777777","777777777777",1,1
38,380090,1,1,1,6,11,99,99,34,0,1,0,48,1,20,421,20421,15,2002,"1GNEC13Z52R3","1","G","N","E","C","1","3","Z","5","2","R","3",0,0,0,"000000000","00000000000",0,0,0,1,0,0,0,0,0,0,0,999,0,1,5,99,6,2,1,0,0,0,1,48,78574,1,1,0,0,2,0,999,999,0,3,0,0,1,1,2015,6,2016,9,0,0,0,0,1,2,65,1,6,2,1,0,0,99,9,99,4,4,7,"777777777777","777777777777","777777777777",1,1
38,380091,1,1,1,10,11,22,13,34,0,1,0,99,9,7,24,7024,4,2012,"888888888888","8","8","8","8","8","8","8","8","8","8","8","8",0,0,0,"000000000","00000000000",0,0,0,1,0,0,0,0,0,0,0,998,0,1,5,98,9,9,35,0,0,0,1,38,58335,2,1,0,0,2,0,78,300,1,1,1,0,1,4,2015,8,2016,9,0,0,0,0,1,2,98,2,1,2,98,0,0,14,12,99,9,4,6,"777777777777","777777777777","777777777777",1,1
38,380092,1,1,1,12,11,20,34,1,0,1,0,38,1,20,481,20481,31,2001,"1GCHK29G91E2","1","G","C","H","K","2","9","G","9","1","E","2",0,0,0,"000000000","00000000000",0,0,0,1,0,0,0,0,0,0,0,998,0,1,5,0,6,5,1,0,0,0,1,38,58501,6,1,0,0,3,1,71,205,0,0,0,0,0,0,0,0,0,0,58,0,0,0,1,2,65,2,1,2,1,0,0,14,12,7,3,4,2,"777777777777","777777777777","777777777777",1,1
38,380093,1,1,1,14,11,14,40,9,0,1,0,38,1,20,481,20481,31,2016,"1GCVKREC0GZ2","1","G","C","V","K","R","E","C","0","G","Z","2",0,0,0,"000000000","00000000000",0,0,0,1,0,0,0,0,0,0,0,998,0,0,0,11,2,5,9,0,0,0,1,38,58103,6,1,0,0,3,0,68,190,0,0,0,1,0,12,2015,12,2015,0,0,0,0,0,1,2,35,1,1,2,1,0,0,11,83,1,1,1,13,"777777777777","777777777777","777777777777",0,0
38,380094,1,2,2,16,11,11,22,12,1,1,0,38,2,63,401,63401,14,2013,"KNDPCCA20D73","K","N","D","P","C","C","A","2","0","D","7","3",0,0,0,"000000000","00000000000",0,0,0,1,0,0,0,0,0,0,0,998,0,0,0,12,6,2,12,0,0,0,1,38,58621,6,1,0,0,3,0,67,130,0,0,0,1,0,12,2014,12,2014,9,6,0,0,0,2,2,75,1,5,1,1,0,0,1,51,1,1,1,33,"777777777777","777777777777","777777777777",0,0
38,380094,2,2,1,16,11,11,22,12,1,1,0,38,1,18,7,18007,4,1992,"1G4AG54N9N64","1","G","4","A","G","5","4","N","9","N","6","4",0,0,0,"000000000","00000000000",0,0,0,1,0,0,0,0,0,0,0,999,0,0,0,6,6,2,12,0,0,0,1,38,58701,6,1,0,0,3,0,68,160,0,0,0,0,0,0,0,0,0,0,0,0,0,0,2,2,75,1,5,1,1,0,0,99,99,99,1,1,33,"777777777777","777777777777","777777777777",1,0
38,380095,1,1,1,20,11,2,24,8,0,1,0,38,1,7,482,7482,31,2000,"1B7KF23W2YJ1","1","B","7","K","F","2","3","W","2","Y","J","1",0,0,0,"000000000","00000000000",0,0,0,1,0,0,0,0,0,0,0,998,0,0,0,12,2,5,8,0,0,0,1,38,58521,6,1,6,0,3,0,74,220,0,0,0,0,0,0,0,0,0,0,0,0,0,0,1,2,55,1,1,4,1,0,0,1,80,16,2,1,13,"777777777777","777777777777","777777777777",0,1
38,380096,1,1,2,26,11,12,34,1,0,1,0,38,2,20,421,20421,15,2000,"1GNCT18W2YK1","1","G","N","C","T","1","8","W","2","Y","K","1",0,0,0,"000000000","00000000000",0,0,0,1,0,0,0,0,0,0,0,998,0,1,5,0,6,2,1,0,0,0,1,38,58775,6,1,0,0,3,0,64,282,0,0,0,2,0,7,2014,1,2015,9,0,0,0,0,1,2,65,1,1,2,1,0,0,1,13,7,3,4,1,"777777777777","777777777777","777777777777",1,1
38,380097,1,1,1,3,12,3,0,1,0,1,0,38,1,12,481,12481,31,2001,"1FTRW08L31KE","1","F","T","R","W","0","8","L","3","1","K","E",0,0,0,"000000000","00000000000",0,0,0,1,0,0,0,0,0,0,0,999,0,1,5,0,6,2,1,0,0,0,1,38,58301,6,1,0,0,3,0,70,130,0,1,1,0,0,7,2013,8,2013,9,58,0,0,0,1,2,55,1,1,2,1,0,0,1,12,6,4,4,6,"777777777777","777777777777","777777777777",1,1
38,380098,1,2,3,3,12,20,54,12,6,1,0,38,1,7,482,7482,31,2012,"3C6UD5NL4CG1","3","C","6","U","D","5","N","L","4","C","G","1",0,0,0,"000000000","00000000000",0,0,0,1,0,0,0,0,0,0,0,998,0,0,0,12,6,2,12,0,0,0,1,38,58854,6,1,0,0,3,0,72,265,0,0,0,1,0,3,2016,3,2016,0,0,0,0,0,1,3,65,1,5,2,4,0,0,1,62,7,1,1,98,"777777777777","777777777777","777777777777",1,0
38,380098,2,2,1,3,12,20,54,12,6,1,0,38,3,12,481,12481,31,2012,"1FT7W2B61CEA","1","F","T","7","W","2","B","6","1","C","E","A",1,2,0,"000000000","00000000000",0,0,0,1,0,0,0,0,0,0,0,998,0,1,5,7,6,2,12,0,0,0,1,16,83202,6,1,6,0,3,0,68,140,0,0,0,1,0,4,2016,4,2016,4,87,0,0,0,1,3,65,1,5,2,4,0,0,1,6,9,3,2,98,"888888888888","777777777777","777777777777",0,0
38,380099,1,1,1,9,12,11,28,42,0,1,0,38,1,12,481,12481,31,2007,"1FTPW14V37KD","1","F","T","P","W","1","4","V","3","7","K","D",0,0,0,"000000000","00000000000",0,0,0,1,0,0,0,0,0,0,0,998,0,0,0,3,6,2,42,0,0,0,1,38,58401,6,1,0,0,3,1,70,192,0,1,0,0,0,1,2015,1,2015,4,87,0,0,0,1,2,25,1,1,4,4,0,0,11,6,1,5,4,14,"777777777777","777777777777","777777777777",1,0
38,380100,1,1,1,2,3,10,56,1,0,1,0,38,2,20,401,20401,14,2005,"1GNDT13S0522","1","G","N","D","T","1","3","S","0","5","2","2",0,0,0,"000000000","00000000000",0,0,0,1,0,0,0,0,0,0,0,998,0,9,5,0,6,2,1,0,0,0,1,38,58528,0,0,0,0,0,0,999,999,0,0,0,0,0,0,0,0,0,9,0,0,0,0,1,2,65,1,1,2,99,0,0,1,12,99,1,4,6,"777777777777","777777777777","777777777777",1,0
38,380101,1,1,2,20,4,21,17,8,0,1,0,38,1,20,404,20404,14,2010,"2CNFLGEW6A63","2","C","N","F","L","G","E","W","6","A","6","3",0,0,0,"000000000","00000000000",0,0,0,1,0,0,0,0,0,0,0,998,0,0,0,12,6,2,8,0,0,0,1,38,58538,6,1,0,0,3,1,72,260,0,0,0,0,0,0,0,0,0,9,0,0,0,0,1,2,30,1,1,2,1,0,0,1,80,99,1,1,13,"777777777777","777777777777","777777777777",0,0
38,380102,1,1,3,17,8,7,2,8,0,1,0,38,1,7,482,7482,31,2006,"3D7LX39C06G2","3","D","7","L","X","3","9","C","0","6","G","2",0,0,0,"000000000","00000000000",0,0,0,1,0,0,0,0,0,0,0,998,0,0,0,6,0,5,8,0,0,0,1,38,58367,3,1,0,0,2,1,72,270,0,0,0,0,1,8,2016,8,2016,0,0,0,0,0,1,2,25,1,1,4,1,0,0,13,80,1,1,1,92,"777777777777","777777777777","777777777777",0,0