"STATE","ST_CASE","VEH_NO","VE_FORMS","NUMOCCS","DAY","MONTH","HOUR","MINUTE","HARM_EV","MAN_COLL","UNITTYPE","HIT_RUN","REG_STAT","OWNER","MAKE","MODEL","MAK_MOD","BODY_TYP","MOD_YEAR","VIN","VIN_1","VIN_2","VIN_3","VIN_4","VIN_5","VIN_6","VIN_7","VIN_8","VIN_9","VIN_10","VIN_11","VIN_12","TOW_VEH","J_KNIFE","MCARR_I1","MCARR_I2","MCARR_ID","GVWR","V_CONFIG","CARGO_BT","HAZ_INV","HAZ_PLAC","HAZ_ID","HAZ_CNO","HAZ_REL","BUS_USE","SPEC_USE","EMER_USE","TRAV_SP","UNDERIDE","ROLLOVER","ROLINLOC","IMPACT1","DEFORMED","TOWED","M_HARM","VEH_SC1","VEH_SC2","FIRE_EXP","DR_PRES","L_STATE","DR_ZIP","L_STATUS","L_TYPE","CDL_STAT","L_ENDORS","L_COMPL","L_RESTRI","DR_HGT","DR_WGT","PREV_ACC","PREV_SUS","PREV_DWI","PREV_SPD","PREV_OTH","FIRST_MO","FIRST_YR","LAST_MO","LAST_YR","SPEEDREL","DR_SF1","DR_SF2","DR_SF3","DR_SF4","VTRAFWAY","VNUM_LAN","VSPD_LIM","VALIGN","VPROFILE","VPAVETYP","VSURCOND","VTRAFCON","VTCONT_F","P_CRASH1","P_CRASH2","P_CRASH3","PCRASH4","PCRASH5","ACC_TYPE","TRLR1VIN","TRLR2VIN","TRLR3VIN","DEATHS","DR_DRINK"
39,390074,1,1,1,20,1,9,17,42,0,1,0,39,1,18,2,18002,4,1997,"1G4HP52K2VH6","1","G","4","H","P","5","2","K","2","V","H","6",0,0,0,"000000000","00000000000",0,0,0,1,0,0,0,0,0,0,0,998,0,0,0,81,6,2,42,0,0,0,1,39,45135,6,1,0,0,3,0,68,130,0,0,0,0,0,0,0,0,0,4,27,0,0,0,1,2,55,1,1,2,3,0,0,1,6,99,1,4,1,"777777777777","777777777777","777777777777",1,0
39,390075,1,1,1,8,2,0,42,35,0,1,0,39,1,42,42,42042,4,2010,"WDDGF8BB8AF4","W","D","D","G","F","8","B","B","8","A","F","4",0,0,0,"000000000","00000000000",0,0,0,1,0,0,0,0,0,0,0,998,0,0,0,12,6,2,42,0,0,0,1,39,44110,6,1,0,0,3,3,64,160,0,0,0,2,0,8,2011,7,2013,3,36,0,0,0,6,1,35,1,6,2,1,0,0,1,6,1,4,4,98,"777777777777","777777777777","777777777777",1,1
39,390076,1,1,1,19,2,18,39,33,0,1,0,39,1,49,32,49032,4,2016,"2T1BURHE8GC5","2","T","1","B","U","R","H","E","8","G","C","5",0,0,0,"000000000","00000000000",0,0,0,1,0,0,0,0,0,0,0,45,0,0,0,12,6,2,42,0,0,0,1,39,43229,6,1,0,0,3,0,67,220,0,0,0,0,0,0,0,0,0,0,27,0,0,0,1,4,45,2,1,2,1,0,0,1,12,1,1,4,6,"777777777777","777777777777","777777777777",1,0
39,390078,1,1,1,3,2,16,49,33,0,1,0,39,1,53,706,53706,80,2008,"JS1GR7LA4821","J","S","1","G","R","7","L","A","4","8","2","1",0,0,0,"000000000","00000000000",0,0,0,1,0,0,0,0,0,0,0,998,0,0,0,12,6,2,39,0,0,0,1,39,44281,6,1,6,0,3,0,63,190,0,0,0,0,0,0,0,0,0,0,27,0,0,0,1,2,98,2,1,2,1,0,0,1,13,99,1,4,1,"777777777777","777777777777","777777777777",1,0
39,390079,1,2,1,2,3,11,13,20,0,1,0,39,3,98,806,98806,61,2015,"JHHSDM2H7FK0","J","H","H","S","D","M","2","H","7","F","K","0",0,0,88,"888888888","88888888888",2,1,1,1,0,0,0,0,0,0,0,998,0,0,0,12,6,2,20,0,0,0,1,39,44319,6,1,0,0,3,0,73,275,0,0,0,0,0,0,0,0,0,0,27,0,0,0,3,2,65,1,1,2,1,0,0,1,13,99,1,4,1,"777777777777","777777777777","777777777777",0,0
39,390079,2,2,1,2,3,11,13,20,0,1,0,39,1,20,39,20039,4,2009,"KL1TD56E99B3","K","L","1","T","D","5","6","E","9","9","B","3",0,0,0,"000000000","00000000000",0,0,0,1,0,0,0,0,0,0,0,65,0,0,0,12,6,8,12,0,0,0,1,39,43123,6,1,0,0,3,0,62,130,0,0,0,0,0,0,0,0,0,0,99,99,99,99,3,2,65,1,1,2,1,0,0,1,50,99,1,1,98,"777777777777","777777777777","777777777777",1,0
39,390080,1,2,1,5,2,9,18,12,6,1,0,40,3,84,884,84884,66,2005,"999999999999","9","9","9","9","9","9","9","9","9","9","9","9",1,3,57,"661173","57661173",3,6,1,1,0,0,0,0,0,0,0,47,9,0,0,11,6,2,12,0,0,0,1,39,43213,6,1,6,3,3,0,76,250,0,0,0,0,1,3,2012,3,2012,0,0,0,0,0,1,2,55,1,1,2,1,0,0,1,62,99,1,1,66,"999999999999","777777777777","777777777777",0,0
39,390080,2,2,1,5,2,9,18,12,6,1,0,39,1,20,2,20002,4,2006,"2G1WT58K1691","2","G","1","W","T","5","8","K","1","6","9","1",0,0,0,"000000000","00000000000",0,0,0,1,0,0,0,0,0,0,0,91,0,0,0,1,6,2,12,0,0,0,1,39,43080,6,1,0,0,3,0,70,300,0,0,0,0,0,0,0,0,0,4,27,35,0,0,1,2,55,1,1,2,1,0,0,6,6,99,4,2,66,"777777777777","777777777777","777777777777",1,0
39,390081,1,1,1,10,2,0,7,30,0,1,0,39,2,12,422,12422,15,2003,"1FMPU16L53LB","1","F","M","P","U","1","6","L","5","3","L","B",0,0,0,"000000000","00000000000",0,0,0,1,0,0,0,0,0,0,0,998,0,0,0,62,6,2,30,0,0,0,1,39,45327,6,1,0,0,3,0,72,260,0,2,0,0,2,10,2012,1,2013,0,27,0,0,0,1,2,55,1,1,2,2,0,0,1,13,99,1,4,1,"777777777777","777777777777","777777777777",1,0
39,390082,1,3,1,11,2,15,59,12,6,1,0,39,1,63,32,63032,4,2016,"KNADM4A37G65","K","N","A","D","M","4","A","3","7","G","6","5",0,0,0,"000000000","00000000000",0,0,0,1,0,0,0,0,0,0,0,998,0,0,0,81,6,2,12,0,0,0,1,39,45154,6,1,0,0,3,0,66,190,0,0,0,0,1,8,2013,8,2013,0,38,0,0,0,2,2,60,1,1,2,1,0,0,4,15,1,1,1,87,"777777777777","777777777777","777777777777",1,0
39,390082,2,3,2,11,2,15,59,12,6,1,0,39,2,35,481,35481,31,2011,"1N6AA0EC4BN3","1","N","6","A","A","0","E","C","4","B","N","3",0,0,0,"000000000","00000000000",0,0,0,1,0,0,0,0,0,0,0,998,0,0,0,12,6,2,12,0,0,0,1,39,45697,6,1,5,0,3,0,71,185,0,0,0,0,0,0,0,0,0,0,0,0,0,0,2,2,60,1,1,2,1,0,0,1,64,99,1,1,86,"777777777777","777777777777","777777777777",0,0
39,390082,3,3,2,11,2,15,59,12,6,1,0,39,2,20,37,20037,4,2007,"1G1ZS58F57F3","1","G","1","Z","S","5","8","F","5","7","F","3",0,0,0,"000000000","00000000000",0,0,0,1,0,0,0,0,0,0,0,0,0,0,0,62,6,9,12,0,0,0,1,39,45697,6,1,0,0,3,3,61,160,0,0,0,0,0,0,0,0,0,0,0,0,0,0,2,2,55,1,1,2,1,20,3,4,62,1,1,1,98,"777777777777","777777777777","777777777777",0,0
39,390083,1,2,1,22,2,6,50,12,2,1,0,39,3,84,884,84884,64,2013,"1HTMKAAN3DH1","1","H","T","M","K","A","A","N","3","D","H","1",0,0,57,"330879","57330879",3,1,1,1,0,0,0,0,0,0,0,998,0,0,0,12,6,2,12,0,0,0,1,39,43910,6,1,6,0,3,0,67,156,0,0,0,0,0,0,0,0,0,0,0,0,0,0,1,2,45,1,2,2,1,0,0,1,62,99,1,1,51,"777777777777","777777777777","777777777777",0,0
39,390083,2,2,1,22,2,6,50,12,2,1,0,39,2,20,39,20039,4,2007,"KL1TD56667B1","K","L","1","T","D","5","6","6","6","7","B","1",0,0,0,"000000000","00000000000",0,0,0,1,0,0,0,0,0,0,0,998,0,0,0,12,6,2,12,0,0,0,1,39,43901,1,1,0,0,2,0,73,170,1,0,0,0,3,6,2011,12,2015,0,28,0,0,0,1,2,45,1,2,2,1,0,0,1,10,99,1,2,50,"777777777777","777777777777","777777777777",1,1
39,390084,1,1,1,27,2,8,0,30,0,1,0,39,2,6,52,6052,6,2004,"3C4FY48B94T2","3","C","4","F","Y","4","8","B","9","4","T","2",0,0,0,"000000000","00000000000",0,0,0,1,0,0,0,0,0,0,0,70,0,1,5,81,6,2,1,0,0,0,1,39,43462,6,1,0,0,3,0,65,225,0,0,0,1,0,11,2015,11,2015,0,27,0,0,0,1,2,55,1,1,2,1,0,0,1,12,99,4,4,7,"777777777777","777777777777","777777777777",1,1
39,390085,1,1,1,12,2,18,0,1,0,1,0,39,1,37,31,37031,2,2014,"2HGFG3B57EH5","2","H","G","F","G","3","B","5","7","E","H","5",0,0,0,"000000000","00000000000",0,0,0,1,0,0,0,0,0,0,0,998,0,1,5,0,6,2,1,0,0,0,1,39,45401,6,1,0,0,3,0,71,140,0,0,0,0,0,0,0,0,0,4,6,0,0,0,6,2,65,2,2,2,3,0,0,14,13,99,3,4,2,"777777777777","777777777777","777777777777",1,0
39,390086,1,2,1,13,2,3,2,12,2,1,0,39,1,13,1,13001,4,1998,"1LNFM83WXWY7","1","L","N","F","M","8","3","W","X","W","Y","7",0,0,0,"000000000","00000000000",0,0,0,1,0,0,0,0,0,0,0,55,0,0,0,12,6,2,12,0,0,0,1,39,45410,6,1,0,0,3,0,72,240,0,0,0,0,0,0,0,0,0,0,51,0,0,0,3,3,45,3,1,1,2,28,3,1,54,99,1,1,52,"777777777777","777777777777","777777777777",1,1
39,390086,2,2,4,13,2,3,2,12,2,1,0,39,2,37,402,37402,14,2004,"JHLRD78874C0","J","H","L","R","D","7","8","8","7","4","C","0",0,0,0,"000000000","00000000000",0,0,0,1,0,0,0,0,0,0,0,998,0,0,0,12,6,2,12,0,0,0,1,39,45344,6,1,0,0,3,0,72,200,0,0,0,1,1,7,2013,2,2015,0,0,0,0,0,3,3,45,1,1,1,2,0,0,1,54,99,1,1,52,"777777777777","777777777777","777777777777",4,1
39,390087,1,1,1,14,2,16,36,42,0,1,0,39,2,49,32,49032,9,2009,"1NXBU40E29Z1","1","N","X","B","U","4","0","E","2","9","Z","1",0,0,0,"000000000","00000000000",0,0,0,1,0,0,0,0,0,0,0,50,0,0,0,12,6,2,42,0,0,0,1,39,45839,6,1,0,0,3,0,73,190,0,0,0,1,0,5,2015,5,2015,0,6,0,0,0,1,2,55,1,1,2,1,0,0,1,12,99,1,4,6,"777777777777","777777777777","777777777777",1,0
39,390088,1,2,1,16,2,15,47,12,2,1,0,39,1,41,51,41051,4,2011,"JM1BL1VF0B13","J","M","1","B","L","1","V","F","0","B","1","3",0,0,0,"000000000","00000000000",0,0,0,1,0,0,0,0,0,0,0,55,0,0,0,12,6,2,12,0,0,0,1,39,45840,6,1,0,0,3,3,71,165,0,0,0,0,0,0,0,0,0,0,27,0,0,0,1,2,55,1,1,2,2,0,0,1,10,99,1,2,50,"777777777777","777777777777","777777777777",1,0
39,390088,2,2,1,16,2,15,47,12,2,1,0,39,1,2,406,2406,14,2007,"1J8HG48K97C6","1","J","8","H","G","4","8","K","9","7","C","6",0,0,0,"000000000","00000000000",0,0,0,1,0,0,0,0,0,0,0,55,0,0,0,12,6,2,12,0,0,0,1,39,45858,6,1,0,0,3,0,68,145,0,1,0,2,0,5,2012,9,2013,0,0,0,0,0,1,2,55,1,1,2,2,0,0,1,62,99,1,1,51,"777777777777","777777777777","777777777777",0,0
39,390089,1,1,3,16,2,11,20,1,0,1,0,39,2,49,401,49401,14,1995,"JT3VN39W9S01","J","T","3","V","N","3","9","W","9","S","0","1",0,0,0,"000000000","00000000000",0,0,0,1,0,0,0,0,0,0,0,998,0,1,5,0,6,2,42,0,0,0,1,39,43119,6,1,0,0,3,3,68,118,0,0,0,0,0,0,0,0,0,4,6,36,0,0,1,2,55,3,2,2,2,0,0,14,13,99,9,4,2,"777777777777","777777777777","777777777777",1,0
39,390090,1,2,1,17,2,3,0,12,2,1,0,39,1,37,441,37441,20,2014,"5FNRL5H25EB0","5","F","N","R","L","5","H","2","5","E","B","0",0,0,0,"000000000","00000000000",0,0,0,1,0,0,0,0,0,0,0,45,0,0,0,12,6,2,12,0,0,0,1,39,45231,6,1,0,0,3,0,65,120,1,0,0,0,2,7,2013,8,2013,0,51,0,0,0,3,4,45,3,1,2,1,0,0,1,54,99,1,1,52,"777777777777","777777777777","777777777777",0,1
39,390090,2,2,1,17,2,3,0,12,2,1,0,21,1,20,16,20016,2,2001,"1G1JC1243171","1","G","1","J","C","1","2","4","3","1","7","1",0,0,0,"000000000","00000000000",0,0,0,1,0,0,0,0,0,0,0,45,0,0,0,12,6,2,12,0,0,0,1,21,41042,6,1,0,0,3,0,62,122,0,0,0,0,0,0,0,0,0,0,0,0,0,0,3,4,45,2,1,2,1,0,0,1,54,99,1,3,52,"777777777777","777777777777","777777777777",1,0
39,390091,1,1,1,19,2,2,14,30,0,1,0,39,2,22,19,22019,2,2007,"1G2AL15F2771","1","G","2","A","L","1","5","F","2","7","7","1",0,0,0,"000000000","00000000000",0,0,0,1,0,0,0,0,0,0,0,70,0,0,0,81,6,2,30,0,0,0,1,17,45439,6,1,0,0,3,0,75,163,0,0,0,0,0,0,0,0,0,4,36,0,0,0,1,2,40,4,2,2,1,0,0,1,12,99,4,4,7,"777777777777","777777777777","777777777777",1,1
39,390092,1,1,3,4,2,0,58,30,0,1,0,39,2,24,6,24006,6,2003,"1G8JU54FX3Y5","1","G","8","J","U","5","4","F","X","3","Y","5",0,0,0,"000000000","00000000000",0,0,0,1,0,0,0,0,0,0,0,998,0,0,0,81,6,2,30,0,0,0,1,39,44128,0,0,0,0,0,0,999,999,0,0,0,0,0,0,0,0,0,4,27,0,0,0,1,5,35,1,1,2,1,0,0,1,6,1,4,4,98,"777777777777","777777777777","777777777777",1,1
39,390093,1,2,1,16,2,16,40,12,2,1,0,39,1,37,32,37032,4,1993,"1HGCB7678PA0","1","H","G","C","B","7","6","7","8","P","A","0",0,0,0,"000000000","00000000000",0,0,0,1,0,0,0,0,0,0,0,998,0,0,0,12,6,2,12,0,0,0,1,39,45766,6,1,0,0,3,0,68,300,0,0,0,1,0,7,2012,7,2012,0,28,0,0,0,1,2,55,2,2,2,2,0,0,14,10,99,1,2,50,"777777777777","777777777777","777777777777",1,0
39,390093,2,2,1,16,2,16,40,12,2,1,0,39,1,37,402,37402,14,2015,"5J6RM4H34FL0","5","J","6","R","M","4","H","3","4","F","L","0",0,0,0,"000000000","00000000000",0,0,0,1,0,0,0,0,0,0,0,25,0,1,5,12,6,2,12,0,0,0,1,39,45701,6,1,0,0,3,3,66,155,0,0,0,1,0,6,2014,6,2014,0,0,0,0,0,1,2,55,3,2,2,2,0,0,14,62,99,1,1,51,"777777777777","777777777777","777777777777",0,0
39,390094,1,3,1,21,2,17,31,12,6,1,0,39,3,2,407,2407,14,2016,"1C4NJRBB2GD5","1","C","4","N","J","R","B","B","2","G","D","5",0,0,0,"000000000","00000000000",0,0,0,1,0,0,0,0,0,0,0,0,0,0,0,12,4,8,12,0,0,0,1,39,44123,6,1,0,0,3,0,72,215,0,0,0,1,1,9,2011,1,2012,0,0,0,0,0,1,2,25,1,1,2,1,3,3,5,66,1,1,1,98,"777777777777","777777777777","777777777777",0,0
39,390094,2,3,1,21,2,17,31,12,6,1,0,39,1,35,43,35043,4,2009,"3N1AB61E19L6","3","N","1","A","B","6","1","E","1","9","L","6",0,0,0,"000000000","00000000000",0,0,0,1,0,0,0,0,0,0,0,25,0,0,0,12,6,2,12,0,0,0,1,39,44130,6,1,0,0,3,0,60,100,1,0,0,1,4,9,2014,10,2015,0,0,0,0,0,1,2,25,1,1,2,1,3,3,1,66,99,1,1,88,"777777777777","777777777777","777777777777",0,0
39,390094,3,3,3,21,2,17,31,12,6,1,0,39,2,7,442,7442,20,2002,"2B4GP74L22R5","2","B","4","G","P","7","4","L","2","2","R","5",0,0,0,"000000000","00000000000",0,0,0,1,0,0,0,0,0,0,0,998,0,0,0,61,6,2,30,0,0,0,1,39,44128,0,0,0,0,0,0,999,999,0,0,0,0,0,0,0,0,0,3,39,0,0,0,1,2,25,1,1,2,1,3,3,1,17,99,1,1,89,"777777777777","777777777777","777777777777",1,0
39,390095,1,2,1,2,2,2,37,12,2,1,0,39,1,20,22,20022,4,2010,"1G1AD5F59A72","1","G","1","A","D","5","F","5","9","A","7","2",0,0,0,"000000000","00000000000",0,0,0,1,0,0,0,0,0,0,0,55,0,0,0,12,6,2,12,0,0,0,1,39,44107,6,1,0,0,3,3,71,170,1,0,0,5,3,2,2013,12,2015,0,51,0,0,0,3,4,60,3,2,2,1,0,0,1,54,99,1,1,52,"777777777777","777777777777","777777777777",1,1
39,390095,2,2,1,2,2,2,37,12,2,1,0,39,2,20,431,20431,16,1999,"3GNEC16R3XG2","3","G","N","E","C","1","6","R","3","X","G","2",0,0,0,"000000000","00000000000",0,0,0,1,0,0,0,0,0,0,0,55,0,0,0,12,6,2,12,0,0,0,1,39,44135,6,1,0,0,3,0,63,133,0,1,0,2,2,7,2012,5,2014,0,0,0,0,0,3,4,60,2,2,2,1,0,0,1,54,99,1,1,52,"777777777777","777777777777","777777777777",1,1
39,390096,1,1,1,19,2,21,33,8,0,1,1,99,9,99,999,99999,99,9999,"999999999999","9","9","9","9","9","9","9","9","9","9","9","9",9,0,0,"000000000","00000000000",0,0,0,1,0,0,0,0,99,99,9,999,0,0,0,99,9,5,8,99,99,0,9,0,99997,7,6,97,7,6,7,998,997,998,998,998,998,998,98,9998,98,9998,8,38,0,0,0,3,5,25,1,1,1,1,2,3,0,99,0,0,0,15,"777777777777","777777777777","777777777777",0,0
39,390097,1,1,4,20,2,22,8,42,0,1,0,39,2,2,404,2404,14,2001,"1J4GW58N61C6","1","J","4","G","W","5","8","N","6","1","C","6",0,0,0,"000000000","00000000000",0,0,0,1,0,0,0,0,0,0,0,998,0,1,5,81,6,8,1,0,0,0,1,39,43609,3,1,0,0,2,0,71,229,0,2,2,0,0,12,2012,10,2014,0,27,0,0,0,3,1,25,2,1,2,1,0,0,1,13,99,1,4,1,"777777777777","777777777777","777777777777",1,1
39,390098,1,2,2,27,2,23,47,12,8,1,0,39,2,7,402,7402,14,1998,"1B4HS28Z8WF1","1","B","4","H","S","2","8","Z","8","W","F","1",0,0,0,"000000000","00000000000",0,0,0,1,0,0,0,0,0,0,0,998,0,0,0,62,6,2,12,0,0,0,1,39,44449,6,1,0,0,3,0,70,250,0,0,0,2,1,9,2012,12,2014,0,28,0,0,0,1,2,55,2,2,2,1,0,0,14,10,99,1,2,64,"777777777777","777777777777","777777777777",1,1
39,390098,2,2,2,27,2,23,47,12,8,1,0,39,1,23,421,23421,15,2008,"1GTHK23658F2","1","G","T","H","K","2","3","6","5","8","F","2",0,0,0,"000000000","00000000000",0,0,0,1,0,0,0,0,0,0,0,50,0,0,0,62,6,2,12,0,0,0,1,39,44406,6,1,6,0,3,3,70,150,0,0,0,1,0,4,2015,4,2015,0,0,0,0,0,1,2,55,3,2,2,1,0,0,14,62,99,1,1,65,"777777777777","777777777777","777777777777",0,0
39,390099,1,2,1,19,2,23,11,12,6,1,0,39,1,19,3,19003,4,2003,"1G6KD54Y03U1","1","G","6","K","D","5","4","Y","0","3","U","1",0,0,0,"000000000","00000000000",0,0,0,1,0,0,0,0,0,0,0,60,0,0,0,81,6,2,12,0,0,0,1,39,45219,6,1,0,0,3,0,75,225,0,0,0,0,0,0,0,0,0,0,36,0,0,0,1,2,35,2,2,2,2,0,0,1,11,99,3,2,64,"777777777777","777777777777","777777777777",1,1
39,390099,2,2,1,19,2,23,11,12,6,1,0,39,3,23,881,23881,62,2004,"1GBG5C1114F5","1","G","B","G","5","C","1","1","1","4","F","5",0,0,57,"2193469","572193469",2,1,3,1,0,0,0,0,0,99,0,35,0,0,0,12,6,2,12,42,0,0,1,39,45215,6,1,0,0,3,0,70,180,0,1,0,0,0,6,2014,6,2014,0,0,0,0,0,1,2,35,3,2,2,2,0,0,1,62,99,1,1,65,"777777777777","777777777777","777777777777",0,0
39,390100,1,2,1,22,2,7,6,12,1,1,0,39,1,37,401,37401,14,1996,"4S6CM58V5T44","4","S","6","C","M","5","8","V","5","T","4","4",0,0,0,"000000000","00000000000",0,0,0,1,0,0,0,0,0,0,0,998,0,0,0,12,6,2,12,0,0,0,1,39,45171,3,1,0,0,2,2,57,100,0,3,0,1,3,5,2012,2,2013,0,26,74,0,0,1,2,55,1,1,2,2,0,0,1,52,16,1,1,28,"777777777777","777777777777","777777777777",1,0
39,390100,2,2,5,22,2,7,6,12,1,1,0,39,3,90,981,90981,50,2015,"1BAKGCPA4FF3","1","B","A","K","G","C","P","A","4","F","F","3",0,0,99,"999999999","99999999999",2,21,22,1,0,0,0,0,1,2,0,998,0,0,0,6,2,5,12,42,0,0,1,39,45697,6,1,6,3,3,3,66,160,0,0,0,0,0,0,0,0,0,0,0,0,0,0,1,2,55,1,1,2,2,0,0,2,53,1,1,1,29,"777777777777","777777777777","777777777777",0,0
39,390101,1,2,1,22,2,11,22,12,2,1,0,39,2,20,37,20037,4,2006,"1G1ZT53F96F2","1","G","1","Z","T","5","3","F","9","6","F","2",0,0,0,"000000000","00000000000",0,0,0,1,0,0,0,0,0,0,0,55,0,0,0,12,6,2,12,0,0,0,1,39,45344,1,1,0,0,2,0,67,135,0,2,0,1,2,5,2011,1,2016,5,27,0,0,0,1,2,40,1,1,2,1,0,0,1,10,99,1,2,50,"777777777777","777777777777","777777777777",0,0
39,390101,2,2,2,22,2,11,22,12,2,1,0,39,2,35,402,35402,14,2004,"5N1ED28Y64C6","5","N","1","E","D","2","8","Y","6","4","C","6",0,0,0,"000000000","00000000000",0,0,0,1,0,0,0,0,0,0,0,40,0,0,0,12,6,2,12,0,0,0,1,39,45414,6,1,0,0,3,0,68,199,1,0,0,1,0,11,2011,5,2012,0,0,0,0,0,1,2,40,1,1,2,1,0,0,1,62,99,1,1,51,"777777777777","777777777777","777777777777",1,0
39,390103,1,1,1,27,2,12,12,8,0,1,1,39,1,20,403,20403,14,2005,"1GNDT13S1521","1","G","N","D","T","1","3","S","1","5","2","1",0,0,0,"000000000","00000000000",0,0,0,1,0,0,0,0,0,0,0,998,0,0,0,3,4,3,8,0,0,0,1,39,44410,6,1,0,0,3,0,74,225,0,2,1,1,1,9,2014,9,2015,0,27,0,0,0,1,2,45,1,2,2,1,0,0,1,13,99,1,4,1,"777777777777","777777777777","777777777777",0,1
39,390104,1,2,1,11,3,23,10,12,2,1,0,39,1,7,43,7043,4,2000,"1B3EJ46X9YN1","1","B","3","E","J","4","6","X","9","Y","N","1",0,0,0,"000000000","00000000000",0,0,0,1,0,0,0,0,0,0,0,35,0,0,0,12,6,2,12,0,0,0,1,39,45223,6,1,0,0,3,0,66,160,1,0,0,0,0,5,2013,5,2013,0,28,0,0,0,1,4,35,3,2,2,1,0,0,1,10,99,1,2,50,"777777777777","777777777777","777777777777",1,0
39,390104,2,2,1,11,3,23,10,12,2,1,0,39,1,20,2,20002,4,2008,"2G1WT58K8812","2","G","1","W","T","5","8","K","8","8","1","2",0,0,0,"000000000","00000000000",0,0,0,1,0,0,0,0,0,0,0,30,0,0,0,12,6,2,12,0,0,0,1,39,45219,6,1,0,0,3,3,74,225,0,0,0,1,0,4,2014,4,2014,0,0,0,0,0,1,4,35,2,2,2,1,0,0,1,62,99,1,1,51,"777777777777","777777777777","777777777777",0,1
39,390105,1,1,2,28,2,19,40,15,0,1,0,39,1,7,482,7482,31,2006,"1D7KS28C56J2","1","D","7","K","S","2","8","C","5","6","J","2",0,0,0,"000000000","00000000000",0,0,0,1,0,0,0,0,0,0,0,998,0,1,5,12,6,2,1,0,0,0,1,39,44606,6,1,0,0,3,0,69,145,0,0,0,3,0,12,2014,5,2015,0,0,0,0,0,1,2,55,1,2,2,1,0,0,1,87,16,5,3,13,"777777777777","777777777777","777777777777",1,0
39,390106,1,4,1,2,3,15,45,24,0,1,0,39,2,37,32,37032,4,2016,"1HGCR2F69GA0","1","H","G","C","R","2","F","6","9","G","A","0",0,0,0,"000000000","00000000000",0,0,0,1,0,0,0,0,0,0,0,998,0,0,0,12,6,2,99,0,0,0,1,39,44260,6,1,0,0,3,0,73,220,0,0,0,0,0,0,0,0,0,0,27,6,0,0,2,2,55,1,1,2,1,0,0,1,13,99,1,4,1,"777777777777","777777777777","777777777777",0,0
39,390106,2,4,2,2,3,15,45,24,0,1,0,39,1,22,18,22018,4,2000,"1G2NE52T3YM8","1","G","2","N","E","5","2","T","3","Y","M","8",0,0,0,"000000000","00000000000",0,0,0,1,0,0,0,0,0,0,0,998,0,0,0,12,6,2,12,0,0,0,1,39,44307,6,1,0,0,3,0,64,154,0,1,0,1,2,5,2012,4,2015,0,0,0,0,0,2,2,55,1,2,2,1,0,0,1,61,99,1,3,98,"777777777777","777777777777","777777777777",1,0
39,390106,3,4,2,2,3,15,45,24,0,1,0,39,1,12,24,12024,6,2010,"2FMDK4KC6ABA","2","F","M","D","K","4","K","C","6","A","B","A",0,0,0,"000000000","00000000000",0,0,0,1,0,0,0,0,0,0,0,998,0,0,0,6,2,5,12,0,0,0,1,39,44256,6,1,0,0,3,0,70,185,0,0,0,0,0,0,0,0,0,0,36,0,0,0,2,2,55,1,1,2,1,0,0,17,64,6,7,2,98,"777777777777","777777777777","777777777777",0,0
39,390106,4,4,1,2,3,15,45,24,0,1,0,39,1,41,54,41054,6,2012,"JM3TB3DA0C03","J","M","3","T","B","3","D","A","0","C","0","3",0,0,0,"000000000","00000000000",0,0,0,1,0,0,0,0,0,0,0,998,0,0,0,12,2,5,12,0,0,0,1,39,44203,6,1,0,0,3,3,73,165,0,0,0,0,0,0,0,0,0,0,26,0,0,0,2,2,55,1,1,2,1,0,0,1,51,99,1,1,98,"777777777777","777777777777","777777777777",0,0
39,390107,1,3,2,2,3,18,19,12,6,1,0,39,1,12,443,12443,20,2004,"2FMZA51634BA","2","F","M","Z","A","5","1","6","3","4","B","A",0,0,0,"000000000","00000000000",0,0,0,1,0,0,0,0,0,0,0,998,0,0,0,12,6,2,12,0,0,0,1,39,43701,6,1,0,0,3,3,65,216,1,0,0,0,0,6,2014,6,2014,4,36,0,0,0,1,2,55,1,1,2,1,0,0,15,51,99,5,2,64,"777777777777","777777777777","777777777777",0,0
39,390107,2,3,3,2,3,18,19,12,6,1,0,39,1,20,999,20999,49,1995,"1GCGK24K2SE1","1","G","C","G","K","2","4","K","2","S","E","1",0,0,0,"000000000","00000000000",0,0,0,1,0,0,0,0,0,0,0,998,0,0,0,13,2,5,24,0,0,0,1,39,43731,6,1,0,0,3,0,70,270,0,1,0,1,2,5,2011,10,2014,0,0,0,0,0,1,2,55,1,1,2,1,0,0,1,53,9,1,4,98,"777777777777","777777777777","777777777777",0,0
39,390107,3,3,2,2,3,18,19,12,6,1,0,39,1,55,35,55035,9,1999,"KMHVD14N8XU4","K","M","H","V","D","1","4","N","8","X","U","4",0,0,0,"000000000","00000000000",0,0,0,1,0,0,0,0,0,0,0,998,0,0,0,61,6,2,12,0,0,0,1,39,43731,6,1,4,0,3,3,70,260,3,0,0,1,4,8,2011,5,2014,0,0,0,0,0,1,2,55,1,1,2,1,0,0,1,62,99,1,1,65,"777777777777","777777777777","777777777777",1,0