"STATE","ST_CASE","VEH_NO","VE_FORMS","NUMOCCS","DAY","MONTH","HOUR","MINUTE","HARM_EV","MAN_COLL","UNITTYPE","HIT_RUN","REG_STAT","OWNER","MAKE","MODEL","MAK_MOD","BODY_TYP","MOD_YEAR","VIN","VIN_1","VIN_2","VIN_3","VIN_4","VIN_5","VIN_6","VIN_7","VIN_8","VIN_9","VIN_10","VIN_11","VIN_12","TOW_VEH","J_KNIFE","MCARR_I1","MCARR_I2","MCARR_ID","GVWR","V_CONFIG","CARGO_BT","HAZ_INV","HAZ_PLAC","HAZ_ID","HAZ_CNO","HAZ_REL","BUS_USE","SPEC_USE","EMER_USE","TRAV_SP","UNDERIDE","ROLLOVER","ROLINLOC","IMPACT1","DEFORMED","TOWED","M_HARM","VEH_SC1","VEH_SC2","FIRE_EXP","DR_PRES","L_STATE","DR_ZIP","L_STATUS","L_TYPE","CDL_STAT","L_ENDORS","L_COMPL","L_RESTRI","DR_HGT","DR_WGT","PREV_ACC","PREV_SUS","PREV_DWI","PREV_SPD","PREV_OTH","FIRST_MO","FIRST_YR","LAST_MO","LAST_YR","SPEEDREL","DR_SF1","DR_SF2","DR_SF3","DR_SF4","VTRAFWAY","VNUM_LAN","VSPD_LIM","VALIGN","VPROFILE","VPAVETYP","VSURCOND","VTRAFCON","VTCONT_F","P_CRASH1","P_CRASH2","P_CRASH3","PCRASH4","PCRASH5","ACC_TYPE","TRLR1VIN","TRLR2VIN","TRLR3VIN","DEATHS","DR_DRINK"
39,390108,1,2,1,4,2,6,17,12,6,1,0,39,1,37,32,37032,4,2013,"1HGCR2F59DA0","1","H","G","C","R","2","F","5","9","D","A","0",0,0,0,"000000000","00000000000",0,0,0,1,0,0,0,0,0,0,0,998,0,0,0,62,6,9,12,0,0,0,1,39,44714,6,1,6,0,3,0,69,180,1,0,0,2,0,10,2011,11,2013,0,40,0,0,0,1,2,35,1,1,2,1,65,3,98,17,1,1,1,89,"777777777777","777777777777","777777777777",1,0
39,390108,2,2,1,4,2,6,17,12,6,1,0,0,0,98,998,98998,97,9999,"999999999999","9","9","9","9","9","9","9","9","9","9","9","9",0,0,0,"000000000","00000000000",8,0,0,1,0,0,0,0,0,0,0,998,9,0,0,12,2,5,12,99,99,0,1,42,16116,6,1,0,0,3,0,73,999,0,0,0,0,0,0,0,0,0,0,0,0,0,0,1,2,35,1,1,2,1,65,3,1,66,99,1,1,88,"777777777777","777777777777","777777777777",0,0
39,390109,1,1,1,5,2,22,34,43,0,1,0,39,1,54,39,54039,4,2012,"JH4CU2F47CC0","J","H","4","C","U","2","F","4","7","C","C","0",0,0,0,"000000000","00000000000",0,0,0,1,0,0,0,0,0,0,0,999,0,1,5,12,6,2,43,0,0,0,1,39,43054,6,1,0,0,3,0,68,185,0,0,0,1,0,5,2011,5,2011,0,27,0,0,0,1,2,99,4,1,2,1,0,0,14,13,99,9,4,2,"777777777777","777777777777","777777777777",1,1
39,390110,1,2,1,21,2,2,22,12,2,1,0,39,2,19,3,19003,4,1998,"1G6KD54YXWU7","1","G","6","K","D","5","4","Y","X","W","U","7",0,0,0,"000000000","00000000000",0,0,0,1,0,0,0,0,0,0,0,40,0,0,0,12,6,2,12,0,0,0,1,39,45214,1,1,0,0,2,0,73,155,0,0,0,0,0,0,0,0,0,0,28,0,0,0,5,5,35,1,1,1,2,0,0,1,10,99,1,2,50,"777777777777","777777777777","777777777777",1,1
39,390110,2,2,1,21,2,2,22,12,2,1,0,39,1,6,43,6043,4,2007,"1C3LC56R87N5","1","C","3","L","C","5","6","R","8","7","N","5",0,0,0,"000000000","00000000000",0,0,0,1,0,0,0,0,0,0,0,35,0,0,0,12,6,2,12,0,0,0,1,12,45231,6,1,0,0,3,0,68,999,0,0,0,0,0,0,0,0,0,0,0,0,0,0,5,5,35,1,1,1,2,0,0,1,62,99,1,1,51,"777777777777","777777777777","777777777777",0,0
39,390111,1,2,1,4,3,8,23,12,6,1,0,39,2,37,402,37402,14,2001,"JHLRD284X1C0","J","H","L","R","D","2","8","4","X","1","C","0",0,0,0,"000000000","00000000000",0,0,0,1,0,0,0,0,0,0,0,998,0,0,0,81,6,2,12,0,0,0,1,39,43064,6,1,0,0,3,0,66,129,0,0,0,0,0,0,0,0,0,0,38,0,0,0,1,2,20,1,1,2,2,23,3,11,15,1,1,1,68,"777777777777","777777777777","777777777777",1,0
39,390111,2,2,1,4,3,8,23,12,6,1,0,18,3,82,881,82881,66,2013,"1FUJGEDV6DSF","1","F","U","J","G","E","D","V","6","D","S","F",1,3,57,"1121330","571121330",3,6,1,1,0,0,0,0,0,0,0,60,0,0,0,12,6,2,12,42,0,0,1,39,45368,6,1,6,3,3,0,67,300,2,0,0,0,0,10,2011,10,2012,4,39,0,0,0,1,2,20,1,1,2,2,23,3,1,62,99,1,1,69,"999999999999","777777777777","777777777777",0,0
39,390112,1,3,1,11,3,9,27,12,7,1,0,39,1,53,704,53704,80,2003,"JS1CK43A4321","J","S","1","C","K","4","3","A","4","3","2","1",0,0,0,"000000000","00000000000",0,0,0,1,0,0,0,0,0,0,0,55,0,0,0,81,4,3,12,0,0,0,1,39,43223,6,1,0,0,3,0,70,210,0,0,0,0,1,9,2015,9,2015,0,27,0,0,0,3,4,55,1,2,2,1,0,0,1,52,99,1,1,44,"777777777777","777777777777","777777777777",1,0
39,390112,2,3,1,11,3,9,27,12,7,1,0,39,1,49,32,49032,4,2002,"2T1BR12E12C5","2","T","1","B","R","1","2","E","1","2","C","5",0,0,0,"000000000","00000000000",0,0,0,1,0,0,0,0,0,0,0,20,0,0,0,61,2,5,12,0,0,0,1,39,43221,6,1,0,0,3,3,61,115,0,0,0,0,0,0,0,0,0,0,0,0,0,0,3,4,55,1,2,2,1,0,0,2,53,99,1,1,45,"777777777777","777777777777","777777777777",0,0
39,390112,3,3,1,11,3,9,27,12,7,1,0,31,3,84,881,84881,66,2014,"3HSDJSJR2EN7","3","H","S","D","J","S","J","R","2","E","N","7",1,1,57,"073705","57073705",3,6,1,1,0,0,0,0,0,0,0,55,0,0,0,81,0,5,12,0,0,0,1,13,30349,6,1,6,0,3,0,70,196,98,0,0,0,0,0,0,0,0,0,0,0,0,0,3,4,55,1,2,2,1,0,0,1,60,99,1,1,98,"888888888888","777777777777","777777777777",0,0
39,390113,1,1,4,4,3,19,53,8,0,1,0,39,1,2,404,2404,14,2003,"1J4GW48S43C5","1","J","4","G","W","4","8","S","4","3","C","5",0,0,0,"000000000","00000000000",0,0,0,1,0,0,0,0,0,0,0,998,0,0,0,12,6,2,8,0,0,0,1,39,44004,6,1,0,0,3,3,71,245,0,0,0,0,0,0,0,0,0,0,0,0,0,0,1,4,45,1,1,2,2,0,0,1,80,99,1,1,13,"777777777777","777777777777","777777777777",0,0
39,390114,1,1,1,8,3,1,17,8,0,1,0,39,1,20,2,20002,4,2012,"2G1WG5E39C11","2","G","1","W","G","5","E","3","9","C","1","1",0,0,0,"000000000","00000000000",0,0,0,1,0,0,0,0,0,0,0,998,0,0,0,12,4,3,8,0,0,0,1,39,45406,6,1,0,0,3,0,65,153,1,1,1,0,0,4,2011,5,2014,0,0,0,0,0,1,2,40,1,2,2,1,0,0,1,80,99,1,9,13,"777777777777","777777777777","777777777777",0,0
39,390115,1,1,1,11,3,19,50,32,0,1,0,39,1,51,47,51047,4,2002,"YV1RS61R8221","Y","V","1","R","S","6","1","R","8","2","2","1",0,0,0,"000000000","00000000000",0,0,0,1,0,0,0,0,0,0,0,55,0,0,0,12,6,2,42,0,0,0,1,39,43344,6,1,6,0,3,3,70,180,0,0,0,1,2,1,2014,2,2016,0,36,0,0,0,1,2,55,1,1,2,1,0,0,1,12,99,1,4,6,"777777777777","777777777777","777777777777",1,0
39,390116,1,2,1,7,3,11,0,12,6,1,0,39,3,55,35,55035,4,2015,"5NPDH4AE6FH6","5","N","P","D","H","4","A","E","6","F","H","6",0,0,0,"000000000","00000000000",0,0,0,1,0,0,0,0,0,0,0,70,0,0,0,12,6,2,12,0,0,0,1,39,43214,6,1,0,0,3,3,63,160,1,0,0,0,0,8,2014,8,2014,0,0,0,0,0,2,2,70,1,1,2,1,0,0,1,66,99,1,1,88,"777777777777","777777777777","777777777777",0,0
39,390116,2,2,1,7,3,11,0,12,6,1,0,39,1,20,37,20037,4,2009,"1G1ZH57B3941","1","G","1","Z","H","5","7","B","3","9","4","1",0,0,0,"000000000","00000000000",0,0,0,1,0,0,0,0,0,0,0,998,0,0,0,61,6,2,12,0,0,0,1,39,45880,6,1,0,0,3,3,63,137,0,0,0,0,0,0,0,0,0,0,38,0,0,0,2,2,70,1,1,2,1,20,3,1,17,99,1,1,89,"777777777777","777777777777","777777777777",1,0
39,390117,1,1,1,12,3,19,32,42,0,1,0,39,1,7,482,7482,40,2003,"1D7HU16D13J6","1","D","7","H","U","1","6","D","1","3","J","6",0,0,0,"000000000","00000000000",0,0,0,1,0,0,0,0,0,0,0,998,0,1,5,81,6,2,1,0,0,0,1,39,43920,3,1,0,0,2,0,71,200,0,0,0,0,0,0,0,0,0,0,27,0,0,0,1,2,55,3,1,2,1,0,0,14,13,99,1,4,1,"777777777777","777777777777","777777777777",1,1
39,390118,1,3,6,12,3,23,41,9,0,1,1,39,2,20,443,20443,20,2004,"1GNDU03E14D2","1","G","N","D","U","0","3","E","1","4","D","2",0,0,0,"000000000","00000000000",0,0,0,1,0,0,0,0,0,0,0,998,0,0,0,12,4,5,9,0,0,0,1,39,43223,6,7,0,0,3,3,70,165,0,0,0,0,0,0,0,0,0,0,0,0,0,0,1,2,40,1,1,2,1,0,0,99,83,99,1,9,13,"777777777777","777777777777","777777777777",0,0
39,390118,2,3,1,12,3,23,41,9,0,1,0,39,2,37,402,37402,14,2001,"JHLRD18761S0","J","H","L","R","D","1","8","7","6","1","S","0",0,0,0,"000000000","00000000000",0,0,0,1,0,0,0,0,0,0,0,998,0,0,0,11,2,5,9,0,0,0,1,39,43015,6,1,0,0,3,0,67,200,0,0,0,0,0,0,0,0,0,0,0,0,0,0,1,2,40,1,1,2,1,0,0,1,83,16,1,1,98,"777777777777","777777777777","777777777777",0,0
39,390118,3,3,1,12,3,23,41,9,0,1,0,39,2,35,47,35047,4,2008,"1N4AL21E18C1","1","N","4","A","L","2","1","E","1","8","C","1",0,0,0,"000000000","00000000000",0,0,0,1,0,0,0,0,0,0,0,998,0,0,0,12,2,5,9,0,0,0,1,39,43065,6,1,0,0,3,0,62,245,2,0,0,1,2,5,2013,5,2015,0,0,0,0,0,1,2,40,1,1,2,1,0,0,1,83,1,1,1,98,"777777777777","777777777777","777777777777",0,0
39,390120,1,1,1,10,3,19,43,8,0,1,1,39,3,51,898,51898,66,2015,"4V5NC9UG9FN9","4","V","5","N","C","9","U","G","9","F","N","9",1,1,57,"774374","57774374",3,6,1,1,0,0,0,0,0,0,0,998,0,0,0,12,2,5,8,42,0,0,1,39,43567,6,1,6,3,3,3,72,275,0,0,0,0,0,0,0,0,0,0,26,0,0,0,1,2,35,1,1,2,2,20,3,10,80,1,1,1,13,"1S12E95347E5","777777777777","777777777777",0,0
39,390121,1,1,1,7,3,2,30,30,0,1,0,39,1,35,48,35048,2,2004,"JN1AZ34D44T1","J","N","1","A","Z","3","4","D","4","4","T","1",0,0,0,"000000000","00000000000",0,0,0,1,0,0,0,0,0,0,0,998,0,1,5,81,6,8,1,0,0,0,1,39,43207,6,1,6,0,3,0,72,240,2,0,0,1,1,7,2012,7,2015,0,27,0,0,0,1,2,50,1,2,2,1,0,0,1,12,99,4,4,7,"777777777777","777777777777","777777777777",1,1
39,390122,1,2,1,10,3,6,30,12,8,1,0,39,2,2,405,2405,14,2004,"1J4GL48K44W1","1","J","4","G","L","4","8","K","4","4","W","1",0,0,0,"000000000","00000000000",0,0,0,1,0,0,0,0,0,0,0,50,0,0,0,61,6,2,12,0,0,0,1,39,44255,6,1,0,0,3,0,71,160,3,0,0,0,2,4,2011,12,2015,0,28,0,0,0,1,4,50,2,1,2,2,0,0,1,10,99,1,2,64,"777777777777","777777777777","777777777777",1,0
39,390122,2,2,1,10,3,6,30,12,8,1,0,39,3,12,481,12481,31,2001,"1FDXF46F51EC","1","F","D","X","F","4","6","F","5","1","E","C",0,0,88,"888888888","88888888888",3,1,4,1,0,0,0,0,0,0,0,45,0,0,0,61,6,2,12,0,0,0,1,39,44255,6,1,6,0,3,3,72,225,0,0,0,0,0,0,0,0,0,0,0,0,0,0,1,4,45,3,1,2,2,0,0,1,62,99,1,1,65,"777777777777","777777777777","777777777777",0,0
39,390123,1,2,1,17,3,1,25,12,6,1,0,18,3,20,2,20002,4,2016,"2G1WC5E36G11","2","G","1","W","C","5","E","3","6","G","1","1",0,0,0,"000000000","00000000000",0,0,0,1,0,0,0,0,0,0,0,80,0,0,0,12,6,2,12,0,0,0,1,39,45402,1,1,0,0,2,0,61,180,0,1,0,0,2,7,2014,1,2016,4,36,0,0,0,1,4,45,1,1,2,1,3,3,1,17,99,1,1,88,"777777777777","777777777777","777777777777",0,1
39,390123,2,2,2,17,3,1,25,12,6,1,0,39,1,20,401,20401,14,1993,"1GNCS13W8P21","1","G","N","C","S","1","3","W","8","P","2","1",0,0,0,"000000000","00000000000",0,0,0,1,0,0,0,0,0,0,0,35,0,0,0,61,6,2,12,0,0,0,1,39,45385,6,1,0,0,3,3,67,163,0,0,0,1,0,10,2012,10,2012,0,0,0,0,0,1,4,35,1,1,2,1,3,3,1,66,99,1,1,89,"777777777777","777777777777","777777777777",1,1
39,390124,1,3,1,16,3,6,40,12,6,1,0,39,1,14,402,14402,14,2008,"4M2CU81Z28KJ","4","M","2","C","U","8","1","Z","2","8","K","J",0,0,0,"000000000","00000000000",0,0,0,1,0,0,0,0,0,0,0,998,0,0,0,12,6,2,12,0,0,0,1,39,43081,6,1,0,0,3,0,68,195,0,0,0,0,0,0,0,0,0,0,27,0,0,0,2,3,55,1,2,2,1,0,0,99,12,99,1,2,88,"777777777777","777777777777","777777777777",1,0
39,390124,2,3,1,16,3,6,40,12,6,1,0,39,1,12,23,12023,4,2010,"3FADP0L30AR4","3","F","A","D","P","0","L","3","0","A","R","4",0,0,0,"000000000","00000000000",0,0,0,1,0,0,0,0,0,0,0,47,0,0,0,62,6,2,12,0,0,0,1,39,43231,6,1,0,0,3,0,71,155,0,0,0,0,0,0,0,0,0,0,0,0,0,0,2,3,55,1,2,2,1,0,0,1,62,99,1,1,89,"777777777777","777777777777","777777777777",0,0
39,390124,3,3,1,16,3,6,40,12,6,1,0,39,3,49,32,49032,4,2014,"2T1BURHE4EC1","2","T","1","B","U","R","H","E","4","E","C","1",0,0,0,"000000000","00000000000",0,0,0,1,0,0,0,0,0,0,0,42,0,0,0,61,4,3,12,0,0,0,1,39,43081,6,1,0,0,3,0,67,165,0,0,0,0,0,0,0,0,0,0,0,0,0,0,2,3,55,1,2,2,1,0,0,1,62,7,1,2,98,"777777777777","777777777777","777777777777",0,0
39,390125,1,1,1,20,2,17,0,52,0,1,0,39,1,72,706,72706,80,2007,"1HD1JL5187Y0","1","H","D","1","J","L","5","1","8","7","Y","0",0,0,0,"000000000","00000000000",0,0,0,1,0,0,0,0,0,0,0,998,0,0,0,99,6,2,52,0,0,0,1,39,44312,6,1,0,0,2,3,72,250,1,0,0,4,1,5,2011,9,2014,4,36,27,0,0,1,2,35,1,3,2,1,0,0,1,70,9,3,4,2,"777777777777","777777777777","777777777777",1,0
39,390126,1,2,2,8,3,19,57,12,2,1,0,39,2,55,402,55402,14,2016,"KM8J3CA26GU0","K","M","8","J","3","C","A","2","6","G","U","0",0,0,0,"000000000","00000000000",0,0,0,1,0,0,0,0,0,0,0,998,0,1,5,12,6,2,12,0,0,0,1,39,45424,6,1,0,0,3,0,73,210,0,1,1,0,1,4,2011,1,2015,0,28,0,0,0,1,2,55,1,2,2,1,0,0,1,10,99,1,2,50,"777777777777","777777777777","777777777777",1,1
39,390126,2,2,1,8,3,19,57,12,2,1,0,39,1,20,37,20037,4,2006,"1G1ZU63856F1","1","G","1","Z","U","6","3","8","5","6","F","1",0,0,0,"000000000","00000000000",0,0,0,1,0,0,0,0,0,0,0,998,0,0,0,12,6,2,12,0,0,0,1,39,45402,6,1,0,0,3,3,62,152,0,0,0,1,0,2,2012,2,2012,0,0,0,0,0,1,2,55,1,2,2,1,0,0,1,62,99,1,1,51,"777777777777","777777777777","777777777777",0,1
39,390127,1,1,1,27,2,21,50,8,0,1,1,39,2,63,33,63033,4,2003,"KNAFB1214352","K","N","A","F","B","1","2","1","4","3","5","2",0,0,0,"000000000","00000000000",0,0,0,1,0,0,0,0,0,0,0,998,0,0,0,12,9,5,8,0,0,0,1,39,44137,6,1,0,0,3,3,63,114,0,0,0,0,1,6,2013,6,2013,0,99,99,99,99,1,4,35,1,2,1,1,0,0,1,80,99,1,9,13,"777777777777","777777777777","777777777777",0,0
39,390128,1,1,1,27,2,22,45,38,0,1,0,39,2,20,4,20004,3,1989,"1G1442184K51","1","G","1","4","4","2","1","8","4","K","5","1",0,0,0,"000000000","00000000000",0,0,0,1,0,0,0,0,0,0,0,998,0,1,5,82,6,2,1,0,0,0,1,39,45070,6,1,0,0,3,0,68,155,0,0,0,0,1,10,2015,10,2015,0,27,36,0,0,1,2,55,1,2,2,1,0,0,1,13,99,9,4,2,"777777777777","777777777777","777777777777",1,0
39,390130,1,2,1,24,2,9,58,12,6,1,0,39,3,98,881,98881,66,2006,"2FWJA3CV16AV","2","F","W","J","A","3","C","V","1","6","A","V",1,3,57,"190180","57190180",3,6,1,1,0,0,0,0,0,0,0,998,0,0,0,12,6,2,12,42,0,0,1,42,15084,6,1,6,3,3,3,72,999,0,0,0,0,0,0,0,0,0,0,0,0,0,0,2,2,60,1,2,2,2,0,0,1,66,99,1,1,86,"999999999999","777777777777","777777777777",1,0
39,390130,2,2,2,24,2,9,58,12,6,1,0,42,3,82,881,82881,64,2014,"3ALACWCY9EDF","3","A","L","A","C","W","C","Y","9","E","D","F",0,0,57,"2520451","572520451",2,1,1,1,0,0,0,0,0,0,0,998,0,0,0,81,6,2,12,0,0,0,1,42,15084,6,1,0,0,2,3,77,999,2,0,0,0,0,4,2013,1,2016,0,38,0,0,0,1,2,45,1,2,2,2,20,3,1,17,99,1,1,87,"777777777777","777777777777","777777777777",0,0
39,390131,1,1,1,14,3,14,10,9,0,1,0,39,1,20,2,20002,4,2007,"2G1WC58R6792","2","G","1","W","C","5","8","R","6","7","9","2",0,0,0,"000000000","00000000000",0,0,0,1,0,0,0,0,0,0,0,30,0,0,0,82,4,8,9,0,0,0,1,39,43130,6,1,0,0,3,3,63,175,0,0,0,0,1,12,2011,12,2011,0,26,0,0,0,1,2,45,1,1,2,1,0,0,1,83,99,1,1,13,"777777777777","777777777777","777777777777",0,0
39,390132,1,2,1,18,3,18,59,12,1,1,0,39,1,7,422,7422,15,2005,"1D4HB58D95F5","1","D","4","H","B","5","8","D","9","5","F","5",0,0,0,"000000000","00000000000",0,0,0,1,0,0,0,0,0,0,0,998,0,0,0,12,6,8,12,0,0,0,1,39,43204,6,1,0,0,3,3,67,115,0,0,0,0,0,0,0,0,0,0,26,0,0,0,1,2,35,1,1,2,1,0,0,1,50,99,1,1,20,"777777777777","777777777777","777777777777",1,0
39,390132,2,2,2,18,3,18,59,12,1,1,0,39,3,92,988,92988,52,2008,"15GGD2712810","1","5","G","G","D","2","7","1","2","8","1","0",0,0,88,"888888888","88888888888",8,21,22,1,0,0,0,0,6,3,0,0,0,0,0,6,4,8,12,0,0,0,1,39,43207,6,1,6,1,3,3,72,280,0,0,0,1,0,2,2012,2,2012,0,0,0,0,0,1,2,35,1,1,2,1,0,0,5,53,1,1,1,21,"777777777777","777777777777","777777777777",0,0
39,390133,1,4,2,21,3,9,48,33,0,1,0,39,1,49,422,49422,15,2003,"5TDBT48A73S2","5","T","D","B","T","4","8","A","7","3","S","2",0,0,0,"000000000","00000000000",0,0,0,1,0,0,0,0,0,0,0,40,0,1,1,98,6,2,12,0,0,0,1,39,45069,6,1,0,0,3,0,72,218,1,0,0,0,0,1,2015,1,2015,0,27,0,0,0,5,5,40,1,1,2,1,3,3,1,13,99,1,4,1,"777777777777","777777777777","777777777777",1,0
39,390133,2,4,2,21,3,9,48,33,0,1,0,39,2,20,422,20422,15,2010,"1GNUKJE38AR2","1","G","N","U","K","J","E","3","8","A","R","2",0,0,0,"000000000","00000000000",0,0,0,1,0,0,0,0,0,0,0,0,0,0,0,63,2,5,12,0,0,0,1,39,45044,6,1,0,0,3,0,71,234,0,0,0,0,0,0,0,0,0,0,0,0,0,0,5,5,40,1,1,2,1,0,0,5,53,99,1,1,98,"777777777777","777777777777","777777777777",0,0
39,390133,3,4,1,21,3,9,48,33,0,1,0,39,3,51,50,51050,6,2016,"YV440MDJ2G28","Y","V","4","4","0","M","D","J","2","G","2","8",0,0,0,"000000000","00000000000",0,0,0,1,0,0,0,0,0,0,0,35,0,0,0,82,6,2,12,0,0,0,1,39,45238,6,1,0,0,3,3,74,185,0,0,0,1,1,12,2012,3,2013,0,0,0,0,0,5,5,40,1,1,2,1,0,0,1,53,99,1,1,98,"777777777777","777777777777","777777777777",0,0
39,390133,4,4,1,21,3,9,48,33,0,1,0,39,1,2,405,2405,14,2003,"1J4GL48K93W6","1","J","4","G","L","4","8","K","9","3","W","6",0,0,0,"000000000","00000000000",0,0,0,1,0,0,0,0,0,0,0,998,0,0,0,19,2,5,18,0,0,0,1,39,45140,6,1,0,0,3,0,63,110,1,0,0,0,0,9,2015,9,2015,0,0,0,0,0,5,5,40,1,1,2,1,0,0,1,98,99,1,1,98,"777777777777","777777777777","777777777777",0,0
39,390134,1,2,2,15,3,16,9,12,2,1,0,39,1,49,32,49032,4,2010,"1NXBU4EE1AZ3","1","N","X","B","U","4","E","E","1","A","Z","3",0,0,0,"000000000","00000000000",0,0,0,1,0,0,0,0,0,0,0,70,0,0,0,12,6,2,12,0,0,0,1,39,43123,6,1,0,0,3,0,65,150,0,0,0,0,0,0,0,0,0,4,35,27,0,0,1,2,55,2,2,2,1,0,0,6,10,99,1,2,50,"777777777777","777777777777","777777777777",1,0
39,390134,2,2,1,15,3,16,9,12,2,1,0,51,1,49,40,49040,4,2001,"4T1BG22KX1U8","4","T","1","B","G","2","2","K","X","1","U","8",0,0,0,"000000000","00000000000",0,0,0,1,0,0,0,0,0,0,0,998,0,0,0,12,6,2,12,0,0,0,1,51,24517,6,1,0,0,3,0,71,150,0,0,0,0,0,0,0,0,0,0,0,0,0,0,1,2,55,3,2,2,1,0,0,1,62,99,1,1,51,"777777777777","777777777777","777777777777",0,0
39,390135,1,2,1,17,3,17,20,12,2,1,0,39,2,20,25,20025,4,2015,"1G1PG5SB1F72","1","G","1","P","G","5","S","B","1","F","7","2",0,0,0,"000000000","00000000000",0,0,0,1,0,0,0,0,0,0,0,998,0,0,0,12,6,2,12,0,0,0,1,39,43758,6,1,0,0,3,0,67,130,0,0,0,0,0,0,0,0,0,0,27,0,0,0,1,2,55,4,2,2,1,0,0,1,10,99,1,2,50,"777777777777","777777777777","777777777777",0,0
39,390135,2,2,3,17,3,17,20,12,2,1,0,39,2,55,37,55037,2,2006,"KMHHN65F26U2","K","M","H","H","N","6","5","F","2","6","U","2",0,0,0,"000000000","00000000000",0,0,0,1,0,0,0,0,0,0,0,998,0,0,0,12,6,2,12,0,0,0,1,39,43731,6,1,0,0,3,0,62,96,1,1,0,0,1,7,2015,8,2015,0,0,0,0,0,1,2,55,4,2,2,1,0,0,1,62,99,1,1,51,"777777777777","777777777777","777777777777",2,0
39,390136,1,2,1,19,3,11,52,12,2,1,0,39,1,20,23,20023,6,2011,"3GNBABFW8BS6","3","G","N","B","A","B","F","W","8","B","S","6",0,0,0,"000000000","00000000000",0,0,0,1,0,0,0,0,0,0,0,998,0,0,0,12,6,2,12,0,0,0,1,39,44837,6,1,0,0,3,0,71,200,2,0,0,0,0,2,2014,1,2015,0,27,0,0,0,1,2,50,2,2,2,1,0,0,14,10,1,1,2,50,"777777777777","777777777777","777777777777",1,0
39,390136,2,2,2,19,3,11,52,12,2,1,0,39,3,48,401,48401,14,2009,"JF2SH66639H7","J","F","2","S","H","6","6","6","3","9","H","7",0,0,0,"000000000","00000000000",0,0,0,1,0,0,0,0,0,0,0,998,0,0,0,12,6,2,12,0,0,0,1,39,44805,6,1,0,0,3,0,71,200,0,0,0,0,0,0,0,0,0,0,0,0,0,0,1,2,50,1,2,2,1,0,0,1,62,1,1,1,51,"777777777777","777777777777","777777777777",0,0
39,390137,1,2,1,16,3,19,21,12,6,1,0,39,2,12,481,12481,31,1994,"1FTEF14Y7RNA","1","F","T","E","F","1","4","Y","7","R","N","A",0,0,0,"000000000","00000000000",0,0,0,1,0,0,0,0,0,0,0,998,0,1,1,81,6,2,12,0,0,0,1,39,45341,6,1,0,0,3,3,60,200,2,2,0,0,4,3,2011,7,2015,0,38,0,0,0,1,2,45,1,1,2,1,0,0,11,15,1,1,1,68,"777777777777","777777777777","777777777777",0,0
39,390137,2,2,1,16,3,19,21,12,6,1,0,39,1,72,706,72706,80,2003,"1HD1FCW193Y6","1","H","D","1","F","C","W","1","9","3","Y","6",0,0,0,"000000000","00000000000",0,0,0,1,0,0,0,0,0,0,0,998,0,0,0,12,6,2,12,0,0,0,1,39,45373,6,1,0,0,3,3,74,295,1,0,0,1,0,8,2012,5,2014,0,0,0,0,0,1,2,45,1,1,2,1,0,0,1,62,99,1,1,69,"777777777777","777777777777","777777777777",1,0
39,390138,1,2,2,22,3,10,20,12,6,1,0,39,1,2,404,2404,14,2005,"1J4GR48K25C6","1","J","4","G","R","4","8","K","2","5","C","6",0,0,0,"000000000","00000000000",0,0,0,1,0,0,0,0,0,0,0,998,0,0,0,61,6,2,12,0,0,0,1,39,43019,6,1,0,0,3,0,66,160,0,0,0,0,0,0,0,0,0,0,38,0,0,0,1,2,55,1,1,2,1,20,3,11,15,1,1,1,68,"777777777777","777777777777","777777777777",1,0
39,390138,2,2,1,22,3,10,20,12,6,1,0,39,2,85,881,85881,66,2005,"1XKDDU9X85J0","1","X","K","D","D","U","9","X","8","5","J","0",1,1,57,"2497337","572497337",3,6,4,1,0,0,0,0,0,0,0,998,0,0,0,12,4,3,12,0,0,0,1,39,43334,6,1,6,3,3,3,70,180,0,0,0,0,0,0,0,0,0,0,0,0,0,0,1,2,55,1,1,2,1,0,0,1,66,16,1,1,69,"999999999999","777777777777","777777777777",0,0
39,390139,1,1,1,10,3,19,15,8,0,1,1,39,2,37,32,37032,4,1995,"1HGCD5656SA1","1","H","G","C","D","5","6","5","6","S","A","1",0,0,0,"000000000","00000000000",0,0,0,1,0,0,0,0,0,0,0,35,0,0,0,62,4,5,8,0,0,0,1,39,43219,3,1,0,0,2,3,70,180,0,1,0,0,0,1,2016,1,2016,0,99,99,99,99,1,5,35,1,1,2,2,0,0,1,80,99,1,3,13,"777777777777","777777777777","777777777777",0,0
39,390140,1,3,2,15,3,11,8,12,6,1,0,39,2,20,23,20023,6,2006,"3GNDA23D46S5","3","G","N","D","A","2","3","D","4","6","S","5",0,0,0,"000000000","00000000000",0,0,0,1,0,0,0,0,0,0,0,998,0,0,0,61,6,2,12,0,0,0,1,39,44672,6,1,0,0,3,3,62,170,0,0,0,0,0,0,0,0,0,0,38,0,0,0,1,2,45,1,1,2,1,20,3,1,17,99,1,1,89,"777777777777","777777777777","777777777777",2,0
39,390140,2,3,3,15,3,11,8,12,6,1,0,39,3,23,421,23421,15,2007,"1GKFK66887J3","1","G","K","F","K","6","6","8","8","7","J","3",0,0,0,"000000000","00000000000",0,0,0,1,0,0,0,0,0,0,0,998,0,0,0,12,6,2,12,0,0,0,1,39,44460,6,1,0,0,3,0,68,120,1,2,0,2,1,2,2013,7,2015,0,0,0,0,0,1,2,45,1,1,2,1,0,0,1,66,99,1,1,88,"777777777777","777777777777","777777777777",0,0