"STATE","ST_CASE","VEH_NO","VE_FORMS","NUMOCCS","DAY","MONTH","HOUR","MINUTE","HARM_EV","MAN_COLL","UNITTYPE","HIT_RUN","REG_STAT","OWNER","MAKE","MODEL","MAK_MOD","BODY_TYP","MOD_YEAR","VIN","VIN_1","VIN_2","VIN_3","VIN_4","VIN_5","VIN_6","VIN_7","VIN_8","VIN_9","VIN_10","VIN_11","VIN_12","TOW_VEH","J_KNIFE","MCARR_I1","MCARR_I2","MCARR_ID","GVWR","V_CONFIG","CARGO_BT","HAZ_INV","HAZ_PLAC","HAZ_ID","HAZ_CNO","HAZ_REL","BUS_USE","SPEC_USE","EMER_USE","TRAV_SP","UNDERIDE","ROLLOVER","ROLINLOC","IMPACT1","DEFORMED","TOWED","M_HARM","VEH_SC1","VEH_SC2","FIRE_EXP","DR_PRES","L_STATE","DR_ZIP","L_STATUS","L_TYPE","CDL_STAT","L_ENDORS","L_COMPL","L_RESTRI","DR_HGT","DR_WGT","PREV_ACC","PREV_SUS","PREV_DWI","PREV_SPD","PREV_OTH","FIRST_MO","FIRST_YR","LAST_MO","LAST_YR","SPEEDREL","DR_SF1","DR_SF2","DR_SF3","DR_SF4","VTRAFWAY","VNUM_LAN","VSPD_LIM","VALIGN","VPROFILE","VPAVETYP","VSURCOND","VTRAFCON","VTCONT_F","P_CRASH1","P_CRASH2","P_CRASH3","PCRASH4","PCRASH5","ACC_TYPE","TRLR1VIN","TRLR2VIN","TRLR3VIN","DEATHS","DR_DRINK"
39,390179,1,2,1,6,4,18,46,12,6,1,0,39,1,12,13,12013,2,2002,"3FAFP11352R1","3","F","A","F","P","1","1","3","5","2","R","1",0,0,0,"000000000","00000000000",0,0,0,1,0,0,0,0,0,0,0,998,0,0,0,61,6,2,12,0,0,0,1,39,44203,6,1,0,0,3,3,69,205,0,0,0,0,0,0,0,0,0,0,38,0,0,0,1,2,55,1,1,2,2,20,3,11,15,99,1,1,82,"777777777777","777777777777","777777777777",1,0
39,390179,2,2,2,6,4,18,46,12,6,1,0,39,1,20,481,20481,31,2002,"1GCHK23182F1","1","G","C","H","K","2","3","1","8","2","F","1",0,0,0,"000000000","00000000000",0,0,0,1,0,0,0,0,0,0,0,998,0,0,0,12,6,2,12,0,0,0,1,39,44606,6,1,0,0,3,0,74,190,0,1,0,3,0,9,2011,6,2015,0,0,0,0,0,1,2,55,1,1,2,2,0,0,1,67,99,1,1,83,"777777777777","777777777777","777777777777",0,0
39,390180,1,1,2,23,3,21,14,42,0,1,0,39,2,6,43,6043,4,2004,"1C3EL56R44N3","1","C","3","E","L","5","6","R","4","4","N","3",0,0,0,"000000000","00000000000",0,0,0,1,0,0,0,0,0,0,0,998,0,1,5,82,6,2,42,0,0,0,1,39,45177,6,1,0,0,3,0,65,220,1,0,0,0,1,4,2015,4,2015,0,27,36,0,0,2,3,55,3,2,2,1,0,0,14,12,99,1,4,6,"777777777777","777777777777","777777777777",2,0
39,390181,2,1,1,9,4,21,40,8,0,1,0,39,1,35,50,35050,5,2011,"3N1BC1CP4BL5","3","N","1","B","C","1","C","P","4","B","L","5",0,0,0,"000000000","00000000000",0,0,0,1,0,0,0,0,0,0,0,998,0,0,0,83,6,2,14,0,0,0,1,39,44901,6,1,0,0,3,3,67,280,0,0,0,1,0,12,2012,12,2012,4,27,0,0,0,3,3,70,1,1,2,4,0,0,1,12,99,4,4,7,"777777777777","777777777777","777777777777",0,0
39,390182,1,1,1,24,3,16,10,31,0,1,0,22,1,20,2,20002,4,2003,"2G1WH52K5391","2","G","1","W","H","5","2","K","5","3","9","1",0,0,0,"000000000","00000000000",0,0,0,1,0,0,0,0,0,0,0,100,0,1,5,81,6,2,1,0,0,0,1,22,71418,3,1,0,0,2,0,72,220,0,0,0,0,0,0,0,0,0,3,36,0,0,0,1,2,55,3,2,2,1,0,0,14,6,99,4,4,2,"777777777777","777777777777","777777777777",1,1
39,390183,1,1,2,9,4,8,32,23,0,1,0,39,1,7,482,7482,31,1996,"1B7HF13Z5TJ1","1","B","7","H","F","1","3","Z","5","T","J","1",0,0,0,"000000000","00000000000",0,0,0,1,0,0,0,0,0,0,0,998,0,0,0,82,6,8,8,0,0,0,1,39,43113,6,1,0,0,3,0,71,190,0,0,0,3,0,12,2012,7,2015,0,27,0,0,0,6,1,50,3,2,2,4,0,0,14,13,99,1,4,1,"777777777777","777777777777","777777777777",0,0
39,390186,1,1,1,24,2,19,30,8,0,1,0,39,1,20,481,20481,31,1989,"1GCDC14K7KZ1","1","G","C","D","C","1","4","K","7","K","Z","1",0,0,0,"000000000","00000000000",0,0,0,1,0,0,0,0,0,0,0,998,0,0,0,12,4,3,8,0,0,0,1,39,45402,6,1,0,0,3,0,69,240,0,0,0,1,1,7,2012,12,2014,0,0,0,0,0,1,2,35,1,1,2,2,0,0,1,80,99,1,1,13,"777777777777","777777777777","777777777777",0,0
39,390187,1,2,1,24,3,8,32,12,2,1,0,21,1,55,35,55035,4,2001,"KMHDN45D11U1","K","M","H","D","N","4","5","D","1","1","U","1",0,0,0,"000000000","00000000000",0,0,0,1,0,0,0,0,0,0,0,998,0,0,0,12,6,2,12,0,0,1,1,21,41018,6,1,0,0,3,0,66,135,0,0,0,0,0,0,0,0,0,0,0,0,0,0,2,2,55,1,2,2,1,0,0,1,64,99,1,1,98,"777777777777","777777777777","777777777777",0,0
39,390187,2,2,1,24,3,8,32,12,2,1,0,39,1,20,10,20010,2,1987,"1G1GZ11GXHP1","1","G","1","G","Z","1","1","G","X","H","P","1",0,0,0,"000000000","00000000000",0,0,0,1,0,0,0,0,0,0,0,998,0,0,0,12,6,2,12,0,0,0,1,39,45245,9,9,99,9,9,9,70,170,99,99,99,99,99,99,9999,99,9999,0,51,0,0,0,2,2,55,1,2,2,1,0,0,1,8,99,9,6,98,"777777777777","777777777777","777777777777",1,0
39,390188,1,3,2,26,3,15,12,12,2,1,0,39,1,72,706,72706,80,2005,"1HD1JDB155Y0","1","H","D","1","J","D","B","1","5","5","Y","0",0,0,0,"000000000","00000000000",0,0,0,1,0,0,0,0,0,0,0,998,0,0,0,12,6,2,12,0,0,0,1,39,43723,6,1,6,0,3,0,71,190,2,4,2,0,3,10,2011,5,2012,0,0,0,0,0,1,2,55,3,1,2,1,0,0,14,62,99,1,1,69,"777777777777","777777777777","777777777777",2,0
39,390188,2,3,1,26,3,15,12,12,2,1,0,39,3,23,402,23402,14,2012,"2GKFLREK6C63","2","G","K","F","L","R","E","K","6","C","6","3",0,0,0,"000000000","00000000000",0,0,0,1,0,0,0,0,0,0,0,998,0,0,0,62,6,2,12,0,0,0,1,39,43723,6,1,0,0,3,0,71,190,0,0,0,0,0,0,0,0,0,0,0,0,0,0,1,2,45,1,1,8,1,20,3,3,78,7,1,1,98,"777777777777","777777777777","777777777777",0,0
39,390188,3,3,1,26,3,15,12,12,2,1,0,39,1,35,403,35403,14,2014,"JN8AF5MV7ET4","J","N","8","A","F","5","M","V","7","E","T","4",0,0,0,"000000000","00000000000",0,0,0,1,0,0,0,0,0,0,0,998,0,0,0,12,6,2,12,0,0,0,1,39,43725,6,1,0,0,3,3,64,160,0,0,0,0,0,0,0,0,0,0,38,0,0,0,1,2,55,2,1,2,1,0,0,11,15,1,1,1,68,"777777777777","777777777777","777777777777",0,0
39,390189,1,2,1,25,2,12,50,12,6,1,0,39,1,12,402,12402,14,2014,"1FMCU0F79EUE","1","F","M","C","U","0","F","7","9","E","U","E",0,0,0,"000000000","00000000000",0,0,0,1,0,0,0,0,0,0,0,5,0,0,0,82,6,2,12,0,0,0,1,39,43146,6,1,0,0,3,3,67,185,2,0,0,1,0,10,2011,12,2015,0,38,0,0,0,2,2,60,1,1,2,2,3,3,11,15,99,1,1,68,"777777777777","777777777777","777777777777",1,0
39,390189,2,2,1,25,2,12,50,12,6,1,0,39,1,12,471,12471,30,1999,"1FTYR11V6XPA","1","F","T","Y","R","1","1","V","6","X","P","A",0,0,0,"000000000","00000000000",0,0,0,1,0,0,0,0,0,0,0,55,0,0,0,12,6,2,12,0,0,0,1,39,43106,6,1,0,0,3,0,74,188,0,0,0,1,1,10,2013,5,2015,0,0,0,0,0,2,2,60,1,1,2,2,3,3,1,67,99,1,1,69,"777777777777","777777777777","777777777777",0,0
39,390190,1,1,3,24,3,4,46,30,0,1,0,39,2,20,2,20002,4,2000,"2G1WF52E5Y93","2","G","1","W","F","5","2","E","5","Y","9","3",0,0,0,"000000000","00000000000",0,0,0,1,0,0,0,0,0,0,0,998,0,1,5,12,6,2,1,0,0,0,1,39,44203,0,0,0,0,0,0,999,999,0,0,0,0,0,0,0,0,0,3,27,0,0,0,1,2,35,2,1,2,1,0,0,14,6,99,1,4,98,"777777777777","777777777777","777777777777",1,0
39,390191,1,1,2,3,4,0,31,35,0,1,0,39,1,12,481,12481,31,2008,"1FTWF31RX8EE","1","F","T","W","F","3","1","R","X","8","E","E",0,0,0,"000000000","00000000000",0,0,0,1,0,0,0,0,0,0,0,998,0,1,5,82,6,2,42,0,0,0,1,39,44253,6,1,0,0,3,0,74,180,0,1,1,1,0,6,2011,11,2013,4,27,0,0,0,1,2,55,1,1,2,3,0,0,1,13,99,1,4,1,"777777777777","777777777777","777777777777",2,1
39,390192,1,2,1,27,3,23,23,12,6,1,0,39,2,22,20,22020,2,2001,"1G2WP12K81F2","1","G","2","W","P","1","2","K","8","1","F","2",0,0,0,"000000000","00000000000",0,0,0,1,0,0,0,0,0,0,0,998,0,0,0,12,6,2,12,0,0,0,1,39,45416,6,1,0,0,3,0,65,160,0,0,0,2,0,12,2012,11,2013,0,99,99,99,99,1,2,30,1,1,2,2,2,3,1,66,99,1,1,88,"777777777777","777777777777","777777777777",0,1
39,390192,2,2,1,27,3,23,23,12,6,1,0,39,2,22,2,22002,4,2000,"1G2HZ5415Y42","1","G","2","H","Z","5","4","1","5","Y","4","2",0,0,0,"000000000","00000000000",0,0,0,1,0,0,0,0,0,0,0,998,0,0,0,61,6,2,12,0,0,0,1,39,45406,1,1,0,0,2,0,69,198,0,3,0,0,2,6,2011,9,2013,0,99,99,99,99,1,2,30,1,1,2,2,2,3,1,66,99,1,1,89,"777777777777","777777777777","777777777777",1,1
39,390194,1,1,2,28,3,0,17,52,0,1,0,39,2,18,22,18022,4,2006,"2G4WC5827612","2","G","4","W","C","5","8","2","7","6","1","2",0,0,0,"000000000","00000000000",0,0,0,1,0,0,0,0,0,0,0,998,0,0,0,61,6,9,52,0,0,0,1,39,43605,1,1,0,0,2,0,64,121,0,3,0,0,6,6,2015,2,2016,0,27,0,0,0,3,2,60,1,1,2,2,0,0,1,5,99,5,4,2,"777777777777","777777777777","777777777777",1,1
39,390195,1,2,1,29,3,14,30,12,6,1,0,39,1,12,23,12023,4,2010,"3FAHP0HA9AR1","3","F","A","H","P","0","H","A","9","A","R","1",0,0,0,"000000000","00000000000",0,0,0,1,0,0,0,0,0,0,0,998,0,0,0,61,4,5,12,0,0,0,1,39,44092,6,1,0,0,3,3,74,200,0,0,0,1,0,10,2011,10,2011,0,0,0,0,0,1,4,35,1,1,2,1,0,0,11,66,99,1,1,98,"777777777777","777777777777","777777777777",0,0
39,390195,2,2,1,29,3,14,30,12,6,1,0,0,0,99,709,99709,88,9999,"000000000000","0","0","0","0","0","0","0","0","0","0","0","0",0,0,0,"000000000","00000000000",0,0,0,1,0,0,0,0,0,0,0,998,0,0,0,12,9,9,12,99,99,0,1,39,44121,4,1,0,0,2,0,68,250,1,2,0,0,2,7,2012,12,2015,0,36,48,0,0,1,2,35,1,1,2,1,0,0,12,10,99,1,2,98,"777777777777","777777777777","777777777777",1,0
39,390196,1,2,1,12,1,0,7,12,6,1,0,39,2,6,43,6043,4,2007,"1C3LC66MX7N6","1","C","3","L","C","6","6","M","X","7","N","6",0,0,0,"000000000","00000000000",0,0,0,1,0,0,0,0,0,0,0,81,0,0,0,12,6,2,12,0,0,0,1,39,44510,6,1,0,0,3,3,67,150,0,0,0,0,0,0,0,0,0,4,0,0,0,0,5,5,35,1,1,2,3,0,0,1,6,99,1,1,98,"777777777777","777777777777","777777777777",0,1
39,390196,2,2,3,12,1,0,7,12,6,1,0,39,2,20,37,20037,4,2005,"1G1ND52F65M1","1","G","1","N","D","5","2","F","6","5","M","1",0,0,0,"000000000","00000000000",0,0,0,1,0,0,0,0,0,0,0,15,0,0,0,81,6,2,12,0,0,0,1,39,44502,6,1,0,0,3,3,66,195,1,0,0,1,0,6,2014,7,2014,0,0,0,0,0,5,5,35,1,1,2,3,0,0,11,15,99,1,1,98,"777777777777","777777777777","777777777777",1,1
39,390197,1,2,1,14,4,18,31,53,0,1,0,39,1,20,481,20481,31,2009,"3GCEK23M49G1","3","G","C","E","K","2","3","M","4","9","G","1",0,0,0,"000000000","00000000000",0,0,0,1,0,0,0,0,0,0,0,0,0,0,0,0,0,5,7,0,0,0,1,39,43055,6,1,0,0,3,0,72,200,2,0,0,0,1,7,2012,6,2015,0,54,0,0,0,1,2,55,1,1,2,1,0,0,5,98,1,1,1,98,"777777777777","777777777777","777777777777",0,0
39,390197,2,2,1,14,4,18,31,53,0,1,0,39,2,20,37,20037,4,1998,"1G1ND52T4WY1","1","G","1","N","D","5","2","T","4","W","Y","1",0,0,0,"000000000","00000000000",0,0,0,1,0,0,0,0,0,0,0,998,0,0,0,62,6,2,42,0,0,1,1,39,43739,1,1,0,0,2,3,71,154,0,1,1,0,1,7,2014,7,2014,0,27,0,0,0,1,2,55,1,1,2,1,0,0,1,50,6,1,4,8,"777777777777","777777777777","777777777777",1,1
39,390198,1,1,1,30,3,18,2,35,0,1,0,39,1,73,706,73706,80,2012,"JKBZGNC12CA0","J","K","B","Z","G","N","C","1","2","C","A","0",0,0,0,"000000000","00000000000",0,0,0,1,0,0,0,0,0,0,0,35,0,0,0,81,2,3,35,0,0,0,1,39,43832,6,1,6,0,3,0,68,160,0,0,0,0,0,0,0,0,0,4,27,0,0,0,1,2,55,1,2,2,1,0,0,1,6,1,2,4,2,"777777777777","777777777777","777777777777",1,1
39,390199,1,2,1,1,4,9,57,12,6,1,0,39,1,12,471,12471,30,1999,"1FTYR10C4XPB","1","F","T","Y","R","1","0","C","4","X","P","B",0,0,0,"000000000","00000000000",0,0,0,1,0,0,0,0,0,0,0,998,0,0,0,61,6,2,12,0,0,0,1,39,44805,6,1,0,0,3,3,69,175,1,0,0,1,0,4,2011,9,2014,0,39,0,0,0,1,2,55,1,1,2,1,20,3,1,17,99,1,1,89,"777777777777","777777777777","777777777777",1,0
39,390199,2,2,1,1,4,9,57,12,6,1,0,17,3,82,881,82881,66,2007,"1FUJBBCK97LV","1","F","U","J","B","B","C","K","9","7","L","V",1,3,57,"241572","57241572",3,6,1,1,0,0,0,0,0,0,0,998,0,0,0,12,6,2,12,42,0,0,1,8,80640,6,1,6,3,3,0,66,160,0,0,0,0,0,0,0,0,0,0,0,0,0,0,1,2,55,1,1,2,1,0,0,1,66,99,1,1,88,"1GRAA06277J6","777777777777","777777777777",0,0
39,390200,1,2,2,1,4,14,11,12,2,1,0,39,1,35,47,35047,4,2005,"1N4AL11E85C1","1","N","4","A","L","1","1","E","8","5","C","1",0,0,0,"000000000","00000000000",0,0,0,1,0,0,0,0,0,0,0,998,0,0,0,12,6,2,12,0,0,0,1,39,43326,6,1,0,0,3,0,69,155,1,2,0,2,0,4,2014,3,2016,0,27,36,0,0,1,2,55,1,1,2,2,0,0,1,10,99,1,2,50,"777777777777","777777777777","777777777777",2,0
39,390200,2,2,1,1,4,14,11,12,2,1,0,39,2,23,421,23421,15,2005,"1GKEK13V55J1","1","G","K","E","K","1","3","V","5","5","J","1",0,0,0,"000000000","00000000000",0,0,0,1,0,0,0,0,0,0,0,998,0,0,0,12,6,2,12,0,0,0,1,39,45850,6,1,0,0,3,0,64,140,0,0,0,0,1,12,2015,12,2015,0,0,0,0,0,1,2,55,1,1,2,2,0,0,1,62,9,1,1,51,"777777777777","777777777777","777777777777",0,0
39,390201,1,2,2,2,4,22,34,12,6,1,0,39,1,12,481,12481,31,2004,"1FDWW37P74EA","1","F","D","W","W","3","7","P","7","4","E","A",0,0,0,"000000000","00000000000",0,0,0,1,0,0,0,0,0,0,0,998,0,0,0,61,6,2,12,0,0,0,1,39,45341,6,1,0,0,3,0,69,215,0,0,0,0,0,0,0,0,0,0,0,0,0,0,1,2,55,1,1,2,2,0,0,9,62,8,1,4,65,"777777777777","777777777777","777777777777",0,0
39,390201,2,2,1,2,4,22,34,12,6,1,0,39,2,22,20,22020,4,1997,"1G2WP52K4VF2","1","G","2","W","P","5","2","K","4","V","F","2",0,0,0,"000000000","00000000000",0,0,0,1,0,0,0,0,0,0,0,998,0,0,0,12,6,2,12,0,0,0,1,39,45344,6,1,0,0,3,0,68,158,0,0,0,1,0,10,2015,10,2015,0,27,35,0,0,1,2,55,1,1,2,2,0,0,15,15,99,1,4,64,"777777777777","777777777777","777777777777",1,0
39,390202,1,2,1,5,4,5,55,12,2,1,0,39,1,63,402,63402,14,2011,"5XYKT3A15BG0","5","X","Y","K","T","3","A","1","5","B","G","0",0,0,0,"000000000","00000000000",0,0,0,1,0,0,0,0,0,0,0,998,0,0,0,12,6,2,12,0,0,0,1,39,45690,6,1,0,0,3,3,70,165,2,2,0,1,2,6,2011,3,2014,0,0,0,0,0,1,2,55,1,1,2,1,0,0,1,62,16,1,1,50,"777777777777","777777777777","777777777777",0,0
39,390202,2,2,1,5,4,5,55,12,2,1,0,39,2,20,16,20016,2,1997,"1G1JC124XV72","1","G","1","J","C","1","2","4","X","V","7","2",0,0,0,"000000000","00000000000",0,0,0,1,0,0,0,0,0,0,0,998,0,0,0,12,6,2,12,0,0,0,1,39,45612,1,1,0,0,2,0,66,135,1,2,0,0,1,12,2013,4,2014,0,27,0,0,0,1,2,55,1,1,2,1,0,0,1,10,99,1,2,51,"777777777777","777777777777","777777777777",1,0
39,390203,1,2,1,6,4,6,25,12,2,1,0,39,1,20,2,20002,4,2005,"2G1WF52E8593","2","G","1","W","F","5","2","E","8","5","9","3",0,0,0,"000000000","00000000000",0,0,0,1,0,0,0,0,0,0,0,998,0,0,0,12,6,2,12,0,0,0,1,39,43406,6,1,6,0,3,0,70,200,0,0,0,0,0,0,0,0,0,0,27,0,0,0,1,2,55,1,1,2,1,0,0,1,10,99,1,2,50,"777777777777","777777777777","777777777777",1,0
39,390203,2,2,1,6,4,6,25,12,2,1,0,39,3,12,481,12481,31,2013,"1FD0W4GT5DEA","1","F","D","0","W","4","G","T","5","D","E","A",0,0,0,"000000000","00000000000",0,0,0,1,0,0,0,0,0,0,0,998,0,0,0,12,6,2,12,0,0,0,1,39,44846,6,1,6,3,3,3,74,260,0,0,0,1,0,6,2014,6,2014,0,0,0,0,0,1,2,55,1,1,2,1,0,0,1,62,6,1,2,51,"777777777777","777777777777","777777777777",0,0
39,390204,1,2,1,9,3,5,48,8,0,1,0,39,1,18,3,18003,4,1999,"1G4CW52K8X46","1","G","4","C","W","5","2","K","8","X","4","6",0,0,0,"000000000","00000000000",0,0,0,1,0,0,0,0,0,0,0,998,0,0,0,12,4,3,8,0,0,0,1,39,45817,6,1,0,0,3,3,70,200,1,0,0,0,1,6,2012,1,2014,0,0,0,0,0,1,2,55,1,1,2,1,0,0,1,80,1,1,1,13,"777777777777","777777777777","777777777777",0,0
39,390204,2,2,1,9,3,5,48,8,0,1,0,39,1,12,402,12402,14,2009,"1FMCU03G59KA","1","F","M","C","U","0","3","G","5","9","K","A",0,0,0,"000000000","00000000000",0,0,0,1,0,0,0,0,0,0,0,998,0,0,0,12,0,5,8,0,0,0,1,39,44804,6,1,0,0,3,0,64,206,0,0,0,0,0,0,0,0,0,0,0,0,0,0,1,2,55,1,1,2,1,0,0,1,80,1,1,1,98,"777777777777","777777777777","777777777777",0,0
39,390205,1,2,1,4,4,8,19,12,2,1,0,39,1,12,23,12023,4,2007,"3FAHP02117R1","3","F","A","H","P","0","2","1","1","7","R","1",0,0,0,"000000000","00000000000",0,0,0,1,0,0,0,0,0,0,0,82,0,0,0,12,6,2,12,0,0,0,1,39,45426,1,1,0,0,2,3,64,190,2,3,1,2,4,5,2011,3,2016,3,6,27,36,0,1,2,35,1,1,2,2,0,0,1,10,16,9,2,50,"777777777777","777777777777","777777777777",1,1
39,390205,2,2,1,4,4,8,19,12,2,1,0,39,1,37,441,37441,20,2010,"5FNRL3H66AB1","5","F","N","R","L","3","H","6","6","A","B","1",0,0,0,"000000000","00000000000",0,0,0,1,0,0,0,0,0,0,0,10,0,0,0,12,6,2,12,0,0,0,1,39,45342,6,1,0,0,3,3,66,262,0,0,0,1,0,12,2014,12,2014,0,0,0,0,0,1,2,35,1,1,2,2,0,0,1,62,99,1,1,51,"777777777777","777777777777","777777777777",1,0
39,390206,1,2,1,8,4,1,34,12,2,1,0,39,1,20,22,20022,2,2008,"1G1AL18F8871","1","G","1","A","L","1","8","F","8","8","7","1",0,0,0,"000000000","00000000000",0,0,0,1,0,0,0,0,0,0,0,65,0,0,0,12,6,2,12,0,0,0,1,39,43040,6,1,0,0,3,0,64,102,0,2,0,0,1,8,2014,8,2014,0,28,50,0,0,3,3,65,1,1,2,1,0,0,1,54,99,1,1,52,"777777777777","777777777777","777777777777",1,1
39,390206,2,2,1,8,4,1,34,12,2,1,0,39,1,29,5,29005,5,2015,"5YJSA1H20FFP","5","Y","J","S","A","1","H","2","0","F","F","P",0,0,0,"000000000","00000000000",0,0,0,1,0,0,0,0,0,0,0,65,0,0,0,12,6,2,12,0,0,0,1,39,43017,6,1,0,0,3,3,69,145,1,2,1,4,1,7,2011,3,2016,0,0,0,0,0,3,3,65,1,1,2,1,0,0,1,54,99,1,1,52,"777777777777","777777777777","777777777777",0,1
39,390207,1,1,2,8,4,19,45,31,0,1,0,39,1,49,32,49032,4,2001,"1NXBR12E11Z4","1","N","X","B","R","1","2","E","1","1","Z","4",0,0,0,"000000000","00000000000",0,0,0,1,0,0,0,0,0,0,0,998,0,0,0,12,6,2,42,0,0,0,1,39,45426,6,1,0,0,3,0,64,130,1,0,0,0,2,10,2014,1,2015,0,6,0,0,0,1,2,35,1,1,2,2,0,0,1,9,99,5,4,2,"777777777777","777777777777","777777777777",1,1
39,390208,1,2,1,9,4,18,15,12,6,1,0,39,1,23,401,23401,14,1996,"1GKDT13W9T25","1","G","K","D","T","1","3","W","9","T","2","5",0,0,0,"000000000","00000000000",0,0,0,1,0,0,0,0,0,0,0,998,0,0,0,12,6,2,12,0,0,0,1,39,45628,6,1,0,0,3,0,68,160,0,0,0,0,0,0,0,0,0,4,0,0,0,0,1,2,55,1,1,2,1,0,0,1,62,99,1,1,69,"777777777777","777777777777","777777777777",0,0
39,390208,2,2,1,9,4,18,15,12,6,1,0,39,1,49,401,49401,14,1989,"JT4RN93PXK00","J","T","4","R","N","9","3","P","X","K","0","0",0,0,0,"000000000","00000000000",0,0,0,1,0,0,0,0,0,0,0,998,0,1,5,82,6,2,12,0,0,0,1,39,45628,6,1,6,0,3,0,73,250,0,0,0,0,0,0,0,0,0,0,38,0,0,0,1,2,55,1,1,2,1,0,0,11,15,99,1,1,68,"777777777777","777777777777","777777777777",1,1
39,390209,1,2,1,29,2,13,14,12,6,1,0,39,2,37,31,37031,4,2004,"1HGES26864L0","1","H","G","E","S","2","6","8","6","4","L","0",0,0,0,"000000000","00000000000",0,0,0,1,0,0,0,0,0,0,0,15,0,0,0,61,4,3,12,0,0,0,1,39,45373,6,1,0,0,3,3,65,175,0,0,0,0,0,0,0,0,0,0,38,0,0,0,1,5,50,1,1,2,1,0,0,11,15,1,1,1,68,"777777777777","777777777777","777777777777",0,0
39,390209,2,2,2,29,2,13,14,12,6,1,0,18,2,72,706,72706,80,2008,"1HD1FC4148Y6","1","H","D","1","F","C","4","1","4","8","Y","6",0,0,0,"000000000","00000000000",0,0,0,1,0,0,0,0,0,0,0,998,0,0,0,12,6,2,12,0,0,0,1,39,45373,1,1,0,0,2,0,68,130,0,0,0,1,0,2,2016,2,2016,0,99,99,99,99,1,5,50,1,1,2,1,0,0,1,66,99,1,1,69,"777777777777","777777777777","777777777777",1,1
39,390210,1,2,1,9,4,16,20,12,2,1,0,39,2,63,33,63033,4,2009,"KNAFE2220956","K","N","A","F","E","2","2","2","0","9","5","6",0,0,0,"000000000","00000000000",0,0,0,1,0,0,0,0,0,0,0,998,0,0,0,12,6,2,12,0,0,0,1,39,44101,6,1,0,0,3,3,74,250,0,0,0,0,1,11,2014,11,2014,0,0,0,0,0,1,4,25,1,2,2,1,0,0,1,62,99,1,1,51,"777777777777","777777777777","777777777777",1,0
39,390210,2,2,2,9,4,16,20,12,2,1,0,39,2,22,2,22002,4,1998,"1G2HX52K6WH2","1","G","2","H","X","5","2","K","6","W","H","2",0,0,0,"000000000","00000000000",0,0,0,1,0,0,0,0,0,0,0,998,0,0,0,12,6,2,12,0,0,0,1,39,44101,1,1,0,0,2,0,65,120,1,6,1,1,6,7,2012,2,2016,0,27,37,0,0,1,4,25,2,2,2,1,0,0,14,10,99,1,2,50,"777777777777","777777777777","777777777777",1,0
39,390211,1,1,2,9,4,2,57,30,0,1,0,39,2,7,24,7024,4,2008,"2B3KA43G28H3","2","B","3","K","A","4","3","G","2","8","H","3",0,0,0,"000000000","00000000000",0,0,0,1,0,0,0,0,0,0,0,80,0,0,0,81,6,9,30,0,0,0,1,39,43232,0,0,0,0,0,0,72,180,99,99,99,99,99,99,9999,99,9999,4,36,27,0,0,1,5,35,1,1,2,1,0,0,1,6,99,4,4,7,"777777777777","777777777777","777777777777",1,1
39,390212,1,1,2,13,4,0,24,31,0,1,0,39,1,35,443,35443,20,2000,"4N2XN11T3YD8","4","N","2","X","N","1","1","T","3","Y","D","8",0,0,0,"000000000","00000000000",0,0,0,1,0,0,0,0,0,0,0,998,0,0,0,81,6,2,31,0,0,0,1,39,45656,6,1,0,0,3,0,63,185,0,0,0,0,0,0,0,0,0,4,27,6,0,0,2,2,70,3,1,2,1,0,0,14,13,6,1,4,1,"777777777777","777777777777","777777777777",1,0
39,390213,1,1,1,14,4,15,36,30,0,1,1,39,1,49,43,49043,4,1997,"4T1BF12B6VU1","4","T","1","B","F","1","2","B","6","V","U","1",0,0,0,"000000000","00000000000",0,0,0,1,0,0,0,0,0,0,0,30,0,0,0,12,6,2,30,0,0,0,1,39,45205,6,1,0,0,3,3,62,135,0,0,0,0,0,0,0,0,0,0,27,0,0,0,1,4,35,1,1,2,1,0,0,1,9,99,9,4,2,"777777777777","777777777777","777777777777",1,0
39,390214,1,3,1,15,4,21,8,12,2,1,0,51,2,12,17,12017,4,2003,"1FAFP53U23G1","1","F","A","F","P","5","3","U","2","3","G","1",0,0,0,"000000000","00000000000",0,0,0,1,0,0,0,0,0,0,0,76,0,0,0,12,6,2,12,0,0,0,1,51,23432,6,1,0,0,3,3,62,140,0,0,0,1,0,2,2014,2,2014,9,35,0,0,0,1,2,55,3,1,1,1,0,0,6,54,1,1,2,50,"777777777777","777777777777","777777777777",1,0
39,390214,2,3,2,15,4,21,8,12,2,1,0,39,2,6,51,6051,4,2005,"2C3AA63H55H1","2","C","3","A","A","6","3","H","5","5","H","1",0,0,0,"000000000","00000000000",0,0,0,1,0,0,0,0,0,0,0,50,0,0,0,12,6,2,12,0,0,1,1,39,43130,1,1,0,0,2,0,72,204,2,5,0,3,4,7,2012,3,2016,0,0,0,0,0,1,2,55,2,1,1,1,0,0,1,54,1,1,1,51,"777777777777","777777777777","777777777777",2,0