"STATE","ST_CASE","VEH_NO","VE_FORMS","NUMOCCS","DAY","MONTH","HOUR","MINUTE","HARM_EV","MAN_COLL","UNITTYPE","HIT_RUN","REG_STAT","OWNER","MAKE","MODEL","MAK_MOD","BODY_TYP","MOD_YEAR","VIN","VIN_1","VIN_2","VIN_3","VIN_4","VIN_5","VIN_6","VIN_7","VIN_8","VIN_9","VIN_10","VIN_11","VIN_12","TOW_VEH","J_KNIFE","MCARR_I1","MCARR_I2","MCARR_ID","GVWR","V_CONFIG","CARGO_BT","HAZ_INV","HAZ_PLAC","HAZ_ID","HAZ_CNO","HAZ_REL","BUS_USE","SPEC_USE","EMER_USE","TRAV_SP","UNDERIDE","ROLLOVER","ROLINLOC","IMPACT1","DEFORMED","TOWED","M_HARM","VEH_SC1","VEH_SC2","FIRE_EXP","DR_PRES","L_STATE","DR_ZIP","L_STATUS","L_TYPE","CDL_STAT","L_ENDORS","L_COMPL","L_RESTRI","DR_HGT","DR_WGT","PREV_ACC","PREV_SUS","PREV_DWI","PREV_SPD","PREV_OTH","FIRST_MO","FIRST_YR","LAST_MO","LAST_YR","SPEEDREL","DR_SF1","DR_SF2","DR_SF3","DR_SF4","VTRAFWAY","VNUM_LAN","VSPD_LIM","VALIGN","VPROFILE","VPAVETYP","VSURCOND","VTRAFCON","VTCONT_F","P_CRASH1","P_CRASH2","P_CRASH3","PCRASH4","PCRASH5","ACC_TYPE","TRLR1VIN","TRLR2VIN","TRLR3VIN","DEATHS","DR_DRINK"
39,390214,3,3,2,15,4,21,8,12,2,1,0,39,3,84,884,84884,64,2002,"1HTMMAAN82H5","1","H","T","M","M","A","A","N","8","2","H","5",1,3,99,"999999999","99999999999",3,4,1,1,0,0,0,0,0,0,0,55,0,0,0,62,6,2,12,42,0,0,1,39,43130,6,1,6,3,3,3,67,170,0,0,0,1,0,11,2011,11,2011,0,0,0,0,0,1,2,55,3,1,1,1,0,0,1,53,99,1,1,98,"000000000000","777777777777","777777777777",0,0
39,390215,1,2,2,16,4,13,12,12,6,1,0,39,1,37,32,37032,4,2006,"1HGCM56716A0","1","H","G","C","M","5","6","7","1","6","A","0",0,0,0,"000000000","00000000000",0,0,0,1,0,0,0,0,0,0,0,998,0,0,0,81,6,2,12,0,0,0,1,39,44820,6,1,0,0,3,3,61,160,0,0,0,0,0,0,0,0,0,0,38,0,0,0,1,2,55,1,1,2,1,0,0,1,17,16,2,1,87,"777777777777","777777777777","777777777777",1,0
39,390215,2,2,3,16,4,13,12,12,6,1,0,39,1,41,402,41402,14,2008,"4F2CZ06158KM","4","F","2","C","Z","0","6","1","5","8","K","M",0,0,0,"000000000","00000000000",0,0,0,1,0,0,0,0,0,0,0,998,0,0,0,12,6,2,12,0,0,0,1,39,43015,6,1,0,0,3,3,69,210,0,0,0,0,0,0,0,0,0,0,0,0,0,0,2,2,55,1,1,2,1,0,0,1,66,16,2,1,86,"777777777777","777777777777","777777777777",0,0
39,390216,1,2,2,20,4,20,9,12,6,1,0,39,1,12,481,12481,31,2005,"1FTWW31P65EC","1","F","T","W","W","3","1","P","6","5","E","C",0,0,0,"000000000","00000000000",0,0,0,1,0,0,0,0,0,0,0,998,0,0,0,12,6,2,12,0,0,0,1,39,44275,6,1,0,0,3,0,67,195,0,0,0,1,0,5,2011,5,2011,0,39,0,0,0,1,2,99,1,1,2,1,20,3,1,17,99,1,1,88,"777777777777","777777777777","777777777777",0,1
39,390216,2,2,2,20,4,20,9,12,6,1,0,39,2,22,20,22020,4,2006,"2G2WP5526611","2","G","2","W","P","5","5","2","6","6","1","1",0,0,0,"000000000","00000000000",0,0,0,1,0,0,0,0,0,0,0,998,0,0,0,62,6,2,30,0,0,0,1,39,44907,6,1,0,0,3,0,69,180,0,2,0,3,0,3,2013,8,2015,0,0,0,0,0,1,2,55,1,1,2,1,0,0,1,66,99,1,9,89,"777777777777","777777777777","777777777777",1,0
39,390217,1,1,2,26,4,14,46,52,0,1,0,39,1,18,7,18007,4,1995,"1G4AG55M1S64","1","G","4","A","G","5","5","M","1","S","6","4",0,0,0,"000000000","00000000000",0,0,0,1,0,0,0,0,0,0,0,998,0,1,5,12,6,2,1,0,0,0,1,39,45601,6,1,0,0,3,0,66,190,1,0,0,0,0,5,2011,5,2011,0,27,0,0,0,1,2,55,1,1,2,1,0,0,1,13,99,1,4,1,"777777777777","777777777777","777777777777",1,0
39,390218,1,1,1,5,1,23,23,35,0,1,0,39,1,20,471,20471,30,1997,"1GCCS14X1VK2","1","G","C","C","S","1","4","X","1","V","K","2",0,0,0,"000000000","00000000000",0,0,0,1,0,0,0,0,0,0,0,65,0,0,0,82,6,2,58,0,0,0,1,39,43071,6,1,0,0,3,3,73,150,0,0,0,0,0,0,0,0,0,3,27,36,0,0,1,2,55,1,2,2,1,0,0,1,6,99,4,4,2,"777777777777","777777777777","777777777777",1,1
39,390219,1,2,1,4,2,12,45,12,6,1,0,39,1,6,54,6054,6,2004,"2C8GF68464R5","2","C","8","G","F","6","8","4","6","4","R","5",0,0,0,"000000000","00000000000",0,0,0,1,0,0,0,0,0,0,0,47,0,0,0,12,6,2,12,0,0,0,1,39,43031,6,1,0,0,3,3,65,210,0,0,0,0,0,0,0,0,0,0,0,0,0,0,1,2,55,1,1,2,1,0,0,1,66,99,1,1,86,"777777777777","777777777777","777777777777",0,0
39,390219,2,2,3,4,2,12,45,12,6,1,0,39,1,37,32,37032,4,2004,"1HGCM56374A0","1","H","G","C","M","5","6","3","7","4","A","0",0,0,0,"000000000","00000000000",0,0,0,1,0,0,0,0,0,0,0,43,0,0,0,81,6,2,12,0,0,0,1,39,43229,6,1,0,0,3,3,65,150,0,0,0,0,0,0,0,0,0,0,39,38,0,0,1,2,55,1,1,3,1,20,3,1,17,99,1,1,87,"777777777777","777777777777","777777777777",1,0
39,390220,1,2,1,22,4,16,4,12,2,1,0,39,1,20,16,20016,2,1998,"1G1JC124XW73","1","G","1","J","C","1","2","4","X","W","7","3",0,0,0,"000000000","00000000000",0,0,0,1,0,0,0,0,0,0,0,998,0,0,0,12,6,2,12,0,0,0,1,39,45880,6,1,0,0,3,3,67,135,2,1,1,0,1,6,2011,6,2012,0,36,27,0,0,1,2,55,1,1,2,2,0,0,15,10,1,1,2,50,"777777777777","777777777777","777777777777",0,1
39,390220,2,2,1,22,4,16,4,12,2,1,0,39,1,23,481,23481,31,2002,"1GTEC14W92Z1","1","G","T","E","C","1","4","W","9","2","Z","1",1,1,0,"000000000","00000000000",0,0,0,1,0,0,0,0,0,0,0,998,0,0,0,12,6,2,12,0,0,0,1,39,45849,6,1,0,0,3,0,72,230,0,0,0,0,0,0,0,0,0,0,0,0,0,0,1,2,55,1,1,2,2,0,0,1,62,99,1,1,51,"999999999999","777777777777","777777777777",1,0
39,390221,1,1,1,31,1,15,54,9,0,1,1,39,2,2,404,2404,14,2004,"1J4GW48S04C3","1","J","4","G","W","4","8","S","0","4","C","3",0,0,0,"000000000","00000000000",0,0,0,1,0,0,0,0,0,0,0,998,0,0,0,12,6,2,9,0,0,0,1,39,45102,1,1,0,0,2,0,67,150,1,0,0,1,1,6,2014,11,2014,0,27,0,0,0,2,2,60,1,1,2,1,0,0,1,83,99,1,4,13,"777777777777","777777777777","777777777777",0,0
39,390222,1,1,1,29,4,22,15,8,0,1,0,39,3,7,24,7024,4,2014,"2C3CDXBG4EH2","2","C","3","C","D","X","B","G","4","E","H","2",0,0,0,"000000000","00000000000",0,0,0,1,0,0,0,0,0,0,0,998,0,0,0,62,6,9,8,42,0,0,1,39,45405,6,1,0,0,3,3,66,150,3,0,0,1,1,1,2012,1,2016,0,99,99,99,99,1,5,35,1,1,2,1,0,0,1,80,99,1,1,13,"777777777777","777777777777","777777777777",0,0
39,390223,1,1,1,20,2,20,32,8,0,1,0,39,1,20,403,20403,14,2003,"1GNET16S9361","1","G","N","E","T","1","6","S","9","3","6","1",0,0,0,"000000000","00000000000",0,0,0,1,0,0,0,0,0,0,0,998,0,0,0,12,4,3,8,0,0,0,1,39,43822,6,1,0,0,3,0,62,150,0,0,0,0,0,0,0,0,0,0,0,0,0,0,1,2,45,1,2,2,1,0,0,1,80,99,1,1,13,"777777777777","777777777777","777777777777",0,0
39,390224,1,1,1,9,4,19,7,24,0,1,0,39,1,37,402,37402,14,2014,"5J6RM3H3XEL0","5","J","6","R","M","3","H","3","X","E","L","0",0,0,0,"000000000","00000000000",0,0,0,1,0,0,0,0,0,0,0,998,0,1,5,82,6,2,1,0,0,0,1,39,43724,6,1,0,0,3,3,65,220,0,0,0,2,0,12,2012,12,2014,4,0,0,0,0,1,2,55,3,2,2,2,0,0,14,6,99,1,4,1,"777777777777","777777777777","777777777777",1,0
39,390225,1,1,1,10,4,16,13,42,0,1,0,39,2,18,18,18018,4,1997,"1G4NJ52M2VC4","1","G","4","N","J","5","2","M","2","V","C","4",0,0,0,"000000000","00000000000",0,0,0,1,0,0,0,0,0,0,0,111,0,0,0,81,6,2,42,0,0,0,1,39,45414,1,1,0,0,2,0,72,175,0,1,0,0,0,4,2013,4,2013,3,27,0,0,0,3,2,60,1,1,2,1,0,0,1,6,99,1,4,98,"777777777777","777777777777","777777777777",1,0
39,390226,1,2,1,12,4,16,43,12,6,1,0,39,1,23,481,23481,31,2013,"1GT423C86DF2","1","G","T","4","2","3","C","8","6","D","F","2",0,0,0,"000000000","00000000000",0,0,0,1,0,0,0,0,0,0,0,998,0,0,0,81,6,2,12,0,0,0,1,39,43512,6,1,0,0,3,0,71,200,0,0,0,0,0,0,0,0,0,0,48,38,0,0,1,2,55,1,1,2,1,0,0,11,15,99,1,1,68,"777777777777","777777777777","777777777777",0,0
39,390226,2,2,1,12,4,16,43,12,6,1,0,39,1,37,705,37705,80,1984,"JH2RC2106EM0","J","H","2","R","C","2","1","0","6","E","M","0",0,0,0,"000000000","00000000000",0,0,0,1,0,0,0,0,0,0,0,998,0,0,0,12,6,2,12,0,0,1,1,39,43512,6,1,0,0,3,0,65,180,0,0,0,1,2,2,2012,7,2014,0,0,0,0,0,1,2,55,1,1,2,1,0,0,1,67,99,1,1,69,"777777777777","777777777777","777777777777",1,0
39,390227,1,1,1,15,4,12,10,42,0,1,0,39,2,20,481,20481,31,1998,"1GCCS19XXWK1","1","G","C","C","S","1","9","X","X","W","K","1",0,0,0,"000000000","00000000000",0,0,0,1,0,0,0,0,0,0,0,35,0,0,0,12,6,2,42,0,0,0,1,39,43019,6,1,0,0,3,0,67,220,1,0,0,0,1,2,2016,2,2016,0,27,0,0,0,1,2,25,2,2,2,1,0,0,14,12,99,1,4,6,"777777777777","777777777777","777777777777",1,0
39,390228,1,2,1,16,4,7,50,12,2,1,0,39,2,20,481,20481,31,2005,"1GCHK23235F8","1","G","C","H","K","2","3","2","3","5","F","8",0,0,0,"000000000","00000000000",0,0,0,1,0,0,0,0,0,0,0,998,0,1,5,12,6,2,12,0,0,0,1,39,43019,6,1,0,0,3,3,73,180,0,0,0,0,0,0,0,0,0,0,28,0,0,0,1,2,55,2,2,2,1,0,0,14,10,99,1,2,50,"777777777777","777777777777","777777777777",0,1
39,390228,2,2,1,16,4,7,50,12,2,1,0,39,1,37,32,37032,4,1998,"1HGCG5643WA1","1","H","G","C","G","5","6","4","3","W","A","1",0,0,0,"000000000","00000000000",0,0,0,1,0,0,0,0,0,0,0,998,0,0,0,12,6,2,12,0,0,0,1,39,43019,6,1,0,0,3,0,65,140,0,0,0,0,0,0,0,0,0,0,0,0,0,0,1,2,55,3,2,2,1,0,0,1,62,99,1,1,51,"777777777777","777777777777","777777777777",1,0
39,390229,1,1,1,17,4,20,35,9,0,1,0,39,1,20,443,20443,20,2004,"1GNDX13E84D1","1","G","N","D","X","1","3","E","8","4","D","1",0,0,0,"000000000","00000000000",0,0,0,1,0,0,0,0,0,0,0,998,0,0,0,82,4,3,9,0,0,0,1,39,45832,6,1,6,0,3,0,66,170,2,0,0,0,1,4,2015,10,2015,0,26,36,0,0,1,2,55,1,1,2,1,0,0,1,83,99,1,1,13,"777777777777","777777777777","777777777777",0,0
39,390230,1,1,2,25,4,7,1,52,0,1,0,39,1,12,17,12017,4,2006,"1FAFP53U56A1","1","F","A","F","P","5","3","U","5","6","A","1",0,0,0,"000000000","00000000000",0,0,0,1,0,0,0,0,0,0,0,998,0,1,5,12,6,2,52,0,0,0,1,39,45133,6,1,0,0,3,0,60,185,1,0,0,0,0,10,2014,10,2014,0,27,0,0,0,1,2,55,2,2,2,1,0,0,14,13,1,1,4,1,"777777777777","777777777777","777777777777",1,0
39,390231,1,2,1,30,4,13,23,12,6,1,0,51,2,6,43,6043,1,2006,"1C3EL75R76N1","1","C","3","E","L","7","5","R","7","6","N","1",0,0,0,"000000000","00000000000",0,0,0,1,0,0,0,0,0,0,0,55,0,0,0,81,6,2,12,0,0,0,1,51,24065,6,1,0,0,3,3,66,107,0,0,0,0,0,0,0,0,0,0,58,0,0,0,1,2,55,3,2,2,2,0,0,14,10,6,1,6,66,"777777777777","777777777777","777777777777",1,0
39,390231,2,2,1,30,4,13,23,12,6,1,0,39,1,20,431,20431,16,1999,"3GNGK26J5XG1","3","G","N","G","K","2","6","J","5","X","G","1",0,0,0,"000000000","00000000000",0,0,0,1,0,0,0,0,0,0,0,998,0,0,0,12,6,2,12,0,0,0,1,39,43802,6,1,0,0,3,0,75,250,0,0,0,0,0,0,0,0,0,0,0,0,0,0,1,2,55,2,2,2,2,0,0,1,62,99,1,1,66,"777777777777","777777777777","777777777777",0,0
39,390232,1,1,3,4,5,13,55,59,0,1,0,55,2,6,441,6441,20,2009,"2A8HR64X59R5","2","A","8","H","R","6","4","X","5","9","R","5",0,0,0,"000000000","00000000000",0,0,0,1,0,0,0,0,0,0,0,998,0,0,0,62,6,2,52,0,0,0,1,55,53072,6,1,0,0,3,3,74,210,0,0,0,0,0,0,0,0,0,0,27,0,0,0,3,2,70,1,1,2,2,0,0,1,12,99,1,4,6,"777777777777","777777777777","777777777777",2,0
39,390233,1,1,2,7,4,6,43,8,0,1,0,39,1,22,22,22022,4,2006,"1G2ZF55B2642","1","G","2","Z","F","5","5","B","2","6","4","2",0,0,0,"000000000","00000000000",0,0,0,1,0,0,0,0,0,0,0,998,0,0,0,82,2,3,8,0,0,0,1,39,44120,0,0,0,0,0,0,999,999,99,99,99,99,99,99,9999,99,9999,0,99,99,99,99,1,4,25,1,1,2,2,2,3,1,80,99,1,1,13,"777777777777","777777777777","777777777777",0,0
39,390235,1,3,5,26,3,2,45,12,6,1,0,39,2,12,16,12016,4,2001,"2FAFP71W71X1","2","F","A","F","P","7","1","W","7","1","X","1",0,0,0,"000000000","00000000000",0,0,0,1,0,0,0,0,0,0,0,998,0,0,0,62,6,2,12,0,0,1,1,39,44108,1,1,0,0,2,0,73,225,1,1,1,0,1,8,2011,6,2014,2,6,0,0,0,1,4,35,1,1,2,1,0,0,1,6,99,1,1,74,"777777777777","777777777777","777777777777",2,1
39,390235,2,3,1,26,3,2,45,12,6,1,0,39,1,20,16,20016,4,2004,"1G1JC52F9471","1","G","1","J","C","5","2","F","9","4","7","1",0,0,0,"000000000","00000000000",0,0,0,1,0,0,0,0,0,0,0,89,0,0,0,12,4,3,12,0,0,0,1,39,44112,6,1,0,0,3,0,65,135,1,0,0,0,1,4,2011,9,2015,2,6,0,0,0,1,4,35,1,1,2,1,0,0,1,6,99,1,1,98,"777777777777","777777777777","777777777777",0,1
39,390235,3,3,1,26,3,2,45,12,6,1,0,39,1,18,7,18007,4,2000,"2G4WY55J1Y12","2","G","4","W","Y","5","5","J","1","Y","1","2",0,0,0,"000000000","00000000000",0,0,0,1,0,0,0,0,0,0,0,998,0,0,0,12,6,2,12,0,0,0,1,39,44108,6,1,0,0,3,0,69,200,2,0,0,0,1,6,2015,7,2015,0,38,0,0,0,1,4,25,1,1,2,1,0,0,11,15,99,1,1,74,"777777777777","777777777777","777777777777",0,1
39,390236,1,1,2,25,4,21,47,33,0,1,0,39,2,12,17,12017,6,2003,"1FAFP59S13A1","1","F","A","F","P","5","9","S","1","3","A","1",0,0,0,"000000000","00000000000",0,0,0,1,0,0,0,0,0,0,0,75,0,0,0,61,6,2,31,0,0,0,1,39,45506,6,1,0,0,3,0,70,135,0,0,0,0,0,0,0,0,0,4,27,0,0,0,3,2,35,2,2,2,1,0,0,1,6,99,3,4,98,"777777777777","777777777777","777777777777",1,1
39,390237,1,1,1,27,4,23,40,34,0,1,0,39,1,20,404,20404,14,2008,"2CNDL33F0863","2","C","N","D","L","3","3","F","0","8","6","3",0,0,0,"000000000","00000000000",0,0,0,1,0,0,0,0,0,0,0,998,0,1,5,82,6,2,1,0,0,0,1,39,44065,6,1,0,0,3,3,70,160,1,0,1,2,0,10,2011,9,2013,4,27,0,0,0,1,2,45,3,2,2,1,0,0,14,13,99,1,4,1,"777777777777","777777777777","777777777777",1,1
39,390238,1,2,1,28,4,13,41,12,6,1,0,39,1,37,32,37032,4,2002,"1HGCG32032A0","1","H","G","C","G","3","2","0","3","2","A","0",0,0,0,"000000000","00000000000",0,0,0,1,0,0,0,0,0,0,0,998,0,0,0,81,6,2,12,0,0,0,1,39,43110,6,1,0,0,3,3,61,102,0,0,0,0,0,0,0,0,0,0,38,0,0,0,2,2,55,1,1,2,1,1,3,11,15,1,1,1,68,"777777777777","777777777777","777777777777",1,0
39,390238,2,2,2,28,4,13,41,12,6,1,0,39,1,20,2,20002,4,2006,"2G1WD58C1691","2","G","1","W","D","5","8","C","1","6","9","1",0,0,0,"000000000","00000000000",0,0,0,1,0,0,0,0,0,0,0,998,0,0,0,12,6,2,12,0,0,0,1,39,43223,6,1,0,0,3,3,74,260,0,5,2,1,1,9,2011,3,2015,0,0,0,0,0,2,2,55,1,1,2,1,1,3,1,66,99,1,1,69,"777777777777","777777777777","777777777777",0,0
39,390239,1,2,1,8,5,0,12,12,6,1,0,39,2,49,40,49040,4,2000,"4T1BG22K0YU9","4","T","1","B","G","2","2","K","0","Y","U","9",0,0,0,"000000000","00000000000",0,0,0,1,0,0,0,0,0,0,0,998,0,0,0,82,6,2,12,0,0,0,1,39,43227,6,1,0,0,3,3,66,117,0,0,0,0,0,0,0,0,0,0,38,0,0,0,1,3,98,1,1,2,1,3,3,11,15,99,1,1,68,"777777777777","777777777777","777777777777",0,0
39,390239,2,2,4,8,5,0,12,12,6,1,0,39,2,20,2,20002,4,2010,"2G1WA5EK8A11","2","G","1","W","A","5","E","K","8","A","1","1",0,0,0,"000000000","00000000000",0,0,0,1,0,0,0,0,0,0,0,998,0,0,0,12,6,2,12,0,0,0,1,39,43219,3,8,0,0,2,0,63,112,0,0,0,0,0,0,0,0,0,0,0,0,0,0,1,3,98,1,1,2,1,3,3,1,67,99,1,1,69,"777777777777","777777777777","777777777777",1,1
39,390240,1,2,1,28,4,0,48,8,0,1,0,39,3,82,881,82881,66,2015,"1FVXA7A84FLF","1","F","V","X","A","7","A","8","4","F","L","F",1,1,57,"158325","57158325",3,6,1,1,0,0,0,0,0,0,0,998,0,0,0,82,2,5,8,42,0,0,1,39,45373,6,1,6,3,3,0,67,165,0,0,0,0,1,9,2015,9,2015,0,0,0,0,0,3,3,55,1,2,2,2,0,0,1,80,99,1,1,13,"999999999999","777777777777","777777777777",0,0
39,390240,2,2,3,28,4,0,48,8,0,1,0,39,2,24,441,24441,20,2005,"5GZDV23L55D2","5","G","Z","D","V","2","3","L","5","5","D","2",0,0,0,"000000000","00000000000",0,0,0,1,0,0,0,0,0,0,0,998,0,0,0,12,2,5,18,0,0,0,1,39,45449,6,1,0,0,3,0,72,260,0,0,0,0,0,0,0,0,0,0,0,0,0,0,3,3,55,1,2,2,2,0,0,1,80,99,1,1,98,"777777777777","777777777777","777777777777",0,0
39,390241,1,1,1,30,4,7,0,21,0,1,0,39,1,32,43,32043,4,2007,"WAUDF78E87A1","W","A","U","D","F","7","8","E","8","7","A","1",0,0,0,"000000000","00000000000",0,0,0,1,0,0,0,0,0,0,0,998,0,0,0,62,6,2,2,0,0,1,1,39,43016,6,1,0,0,3,3,71,160,0,0,0,3,0,8,2011,12,2014,0,27,0,0,0,1,5,55,1,2,2,1,0,0,1,10,99,1,4,6,"777777777777","777777777777","777777777777",1,0
39,390242,1,2,1,29,4,20,57,7,0,1,0,39,2,39,36,39036,4,2005,"SAJWA51C85WE","S","A","J","W","A","5","1","C","8","5","W","E",0,0,0,"000000000","00000000000",0,0,0,1,0,0,0,0,0,0,0,998,0,0,0,0,6,2,24,0,0,0,1,39,45011,1,1,0,0,2,0,67,170,0,2,0,0,2,3,2014,3,2015,4,36,58,0,0,1,4,35,1,1,2,1,0,0,1,98,6,1,1,0,"777777777777","777777777777","777777777777",1,1
39,390242,2,2,1,29,4,20,57,7,0,1,0,39,2,30,443,30443,20,2013,"2C4RVABG7ER1","2","C","4","R","V","A","B","G","7","E","R","1",0,0,0,"000000000","00000000000",0,0,0,1,0,0,0,0,0,0,0,998,0,0,0,0,0,5,7,0,0,0,1,39,45044,6,1,0,0,3,3,61,170,0,0,0,0,0,0,0,0,0,0,0,0,0,0,1,4,35,1,1,2,1,0,0,11,98,99,1,1,98,"777777777777","777777777777","777777777777",0,0
39,390243,1,1,2,30,4,21,19,30,0,1,0,39,1,37,31,37031,9,2008,"2HGFA55558H7","2","H","G","F","A","5","5","5","5","8","H","7",0,0,0,"000000000","00000000000",0,0,0,1,0,0,0,0,0,0,0,998,0,1,5,81,6,9,30,0,0,0,1,39,43143,6,1,0,0,3,0,70,130,0,0,0,1,0,4,2016,4,2016,0,36,0,0,0,1,2,55,1,1,2,2,0,0,1,9,99,9,4,7,"777777777777","777777777777","777777777777",1,0
39,390244,1,3,1,5,5,11,39,12,2,1,0,39,1,37,32,37032,4,1993,"JHMCB8678PC0","J","H","M","C","B","8","6","7","8","P","C","0",0,0,0,"000000000","00000000000",0,0,0,1,0,0,0,0,0,0,0,45,0,0,0,12,6,2,12,0,0,0,1,39,45226,6,1,0,0,3,0,75,310,1,0,0,0,0,9,2015,9,2015,0,28,0,0,0,1,5,45,1,1,2,1,0,0,1,10,99,1,2,50,"777777777777","777777777777","777777777777",1,0
39,390244,2,3,1,5,5,11,39,12,2,1,0,39,1,12,37,12037,4,2014,"1FADP3F21EL1","1","F","A","D","P","3","F","2","1","E","L","1",0,0,0,"000000000","00000000000",0,0,0,1,0,0,0,0,0,0,0,40,0,0,0,12,6,2,12,0,0,0,1,21,41017,6,1,0,0,3,3,64,191,0,0,0,0,0,0,0,0,0,0,0,0,0,0,1,5,45,1,1,2,1,0,0,1,62,99,1,1,51,"777777777777","777777777777","777777777777",0,0
39,390244,3,3,1,5,5,11,39,12,2,1,0,39,1,12,461,12461,21,2001,"1FTNE24L51HA","1","F","T","N","E","2","4","L","5","1","H","A",0,0,0,"000000000","00000000000",0,0,0,1,0,0,0,0,0,0,0,35,0,0,0,12,6,2,12,0,0,0,1,39,45238,6,1,0,0,3,0,66,175,0,0,0,0,1,5,2012,5,2012,0,0,0,0,0,1,5,45,1,1,2,1,0,0,1,56,99,1,1,98,"777777777777","777777777777","777777777777",0,0
39,390245,1,4,1,5,5,21,8,12,6,1,0,39,1,19,21,19021,4,2005,"1G6DC67A4501","1","G","6","D","C","6","7","A","4","5","0","1",0,0,0,"000000000","00000000000",0,0,0,1,0,0,0,0,0,0,0,998,0,0,0,12,6,8,12,0,0,0,1,39,43223,6,1,0,0,3,0,62,100,0,0,0,1,0,7,2013,7,2013,0,28,0,0,0,1,2,50,1,2,2,1,0,0,1,10,99,1,2,66,"777777777777","777777777777","777777777777",1,1
39,390245,2,4,1,5,5,21,8,12,6,1,0,39,1,9,442,9442,20,1994,"1P4GH44R0RX2","1","P","4","G","H","4","4","R","0","R","X","2",0,0,0,"000000000","00000000000",0,0,0,1,0,0,0,0,0,0,0,998,0,0,0,61,6,8,12,0,0,0,1,39,43207,6,1,0,0,3,0,70,170,1,0,0,1,1,12,2012,12,2014,0,0,0,0,0,1,2,50,1,2,2,1,0,0,1,62,99,1,1,66,"777777777777","777777777777","777777777777",0,0
39,390245,3,4,2,5,5,21,8,12,6,1,0,39,1,6,441,6441,20,2005,"2C4GP44R15R4","2","C","4","G","P","4","4","R","1","5","R","4",0,0,0,"000000000","00000000000",0,0,0,1,0,0,0,0,0,0,0,998,0,0,0,12,6,8,12,0,0,0,1,39,43130,6,1,0,0,3,0,72,200,0,0,0,0,0,0,0,0,0,0,0,0,0,0,1,2,50,1,2,2,1,0,0,1,62,99,1,1,98,"777777777777","777777777777","777777777777",0,0
39,390245,4,4,1,5,5,21,8,12,6,1,0,39,1,35,47,35047,4,2015,"1N4AL3AP9FC1","1","N","4","A","L","3","A","P","9","F","C","1",0,0,0,"000000000","00000000000",0,0,0,1,0,0,0,0,0,0,0,998,0,0,0,19,2,5,18,0,0,0,1,39,43207,6,1,0,0,3,3,71,210,1,0,0,1,0,2,2014,7,2014,0,0,0,0,0,1,2,50,1,2,2,1,0,0,1,98,99,1,1,98,"777777777777","777777777777","777777777777",0,0
39,390246,1,2,1,3,5,9,55,12,6,1,0,39,3,87,884,87884,61,2011,"2NP2HM6X6BM1","2","N","P","2","H","M","6","X","6","B","M","1",0,0,99,"999999999","99999999999",2,1,3,1,0,0,0,0,0,99,0,998,0,0,0,12,6,2,12,42,0,0,1,39,43015,6,1,0,0,3,0,68,270,1,0,0,0,1,10,2015,10,2015,0,0,0,0,0,3,3,55,1,1,2,1,1,3,1,62,99,1,1,69,"777777777777","777777777777","777777777777",0,0
39,390246,2,2,1,3,5,9,55,12,6,1,0,39,1,13,12,13012,4,2004,"1LNHM86S24Y6","1","L","N","H","M","8","6","S","2","4","Y","6",0,0,0,"000000000","00000000000",0,0,0,1,0,0,0,0,0,0,0,998,0,0,0,81,6,2,12,0,0,0,1,39,43015,6,1,0,0,3,0,61,140,0,0,0,0,0,0,0,0,0,0,38,0,0,0,3,3,55,1,1,2,1,1,3,11,15,1,1,1,68,"777777777777","777777777777","777777777777",1,0
39,390247,1,2,1,8,5,1,27,12,6,1,0,39,1,7,482,7482,31,2015,"1C6RR7KG1FS7","1","C","6","R","R","7","K","G","1","F","S","7",0,0,0,"000000000","00000000000",0,0,0,1,0,0,0,0,0,0,0,20,0,0,0,61,6,2,12,0,0,0,1,39,43055,6,1,0,0,3,3,68,175,0,0,0,1,0,7,2015,7,2015,0,0,0,0,0,1,2,35,2,2,2,1,3,3,1,66,99,1,1,89,"777777777777","777777777777","777777777777",1,0
39,390247,2,2,1,8,5,1,27,12,6,1,0,39,2,59,403,59403,14,2004,"2T2HA31U54C0","2","T","2","H","A","3","1","U","5","4","C","0",0,0,0,"000000000","00000000000",0,0,0,1,0,0,0,0,0,0,0,45,0,0,0,12,6,2,12,0,0,0,1,39,43055,6,1,0,0,3,0,60,135,0,0,0,0,1,1,2014,1,2014,0,38,0,0,0,1,2,35,2,2,2,1,3,3,1,17,99,1,1,88,"777777777777","777777777777","777777777777",0,1
39,390248,1,2,2,10,5,22,49,12,2,1,0,20,2,12,442,12442,20,2000,"2FMZ15146YBC","2","F","M","Z","1","5","1","4","6","Y","B","C",0,0,0,"000000000","00000000000",0,0,0,1,0,0,0,0,0,0,0,998,0,0,0,12,6,2,12,0,0,0,1,39,43201,3,8,0,0,2,0,69,154,0,0,0,0,0,0,0,0,0,0,50,0,0,0,2,2,70,1,1,2,1,0,0,1,54,99,1,1,52,"777777777777","777777777777","777777777777",1,0
39,390248,2,2,4,10,5,22,49,12,2,1,0,25,1,7,442,7442,20,2004,"1D4GP45R64B5","1","D","4","G","P","4","5","R","6","4","B","5",0,0,0,"000000000","00000000000",0,0,0,1,0,0,0,0,0,0,0,998,0,0,0,12,6,2,12,0,0,0,1,25,1840,6,1,0,0,3,0,59,999,0,0,0,0,0,0,0,0,0,0,0,0,0,0,2,2,70,1,1,2,1,0,0,1,54,99,1,1,52,"777777777777","777777777777","777777777777",0,0