"STATE","ST_CASE","VEH_NO","VE_FORMS","NUMOCCS","DAY","MONTH","HOUR","MINUTE","HARM_EV","MAN_COLL","UNITTYPE","HIT_RUN","REG_STAT","OWNER","MAKE","MODEL","MAK_MOD","BODY_TYP","MOD_YEAR","VIN","VIN_1","VIN_2","VIN_3","VIN_4","VIN_5","VIN_6","VIN_7","VIN_8","VIN_9","VIN_10","VIN_11","VIN_12","TOW_VEH","J_KNIFE","MCARR_I1","MCARR_I2","MCARR_ID","GVWR","V_CONFIG","CARGO_BT","HAZ_INV","HAZ_PLAC","HAZ_ID","HAZ_CNO","HAZ_REL","BUS_USE","SPEC_USE","EMER_USE","TRAV_SP","UNDERIDE","ROLLOVER","ROLINLOC","IMPACT1","DEFORMED","TOWED","M_HARM","VEH_SC1","VEH_SC2","FIRE_EXP","DR_PRES","L_STATE","DR_ZIP","L_STATUS","L_TYPE","CDL_STAT","L_ENDORS","L_COMPL","L_RESTRI","DR_HGT","DR_WGT","PREV_ACC","PREV_SUS","PREV_DWI","PREV_SPD","PREV_OTH","FIRST_MO","FIRST_YR","LAST_MO","LAST_YR","SPEEDREL","DR_SF1","DR_SF2","DR_SF3","DR_SF4","VTRAFWAY","VNUM_LAN","VSPD_LIM","VALIGN","VPROFILE","VPAVETYP","VSURCOND","VTRAFCON","VTCONT_F","P_CRASH1","P_CRASH2","P_CRASH3","PCRASH4","PCRASH5","ACC_TYPE","TRLR1VIN","TRLR2VIN","TRLR3VIN","DEATHS","DR_DRINK"
39,390249,1,2,1,1,4,15,10,12,6,1,0,39,1,18,7,18007,4,1986,"1G4AL19R4GT4","1","G","4","A","L","1","9","R","4","G","T","4",0,0,0,"000000000","00000000000",0,0,0,1,0,0,0,0,0,0,0,998,0,0,0,12,6,2,12,0,0,0,1,39,45662,6,1,0,0,3,0,66,170,0,0,0,0,0,0,0,0,0,0,39,0,0,0,1,2,55,1,1,2,1,3,3,1,62,99,1,1,69,"777777777777","777777777777","777777777777",1,0
39,390249,2,2,1,1,4,15,10,12,6,1,0,39,2,12,13,12013,2,2001,"3FAFP11341R1","3","F","A","F","P","1","1","3","4","1","R","1",0,0,0,"000000000","00000000000",0,0,0,1,0,0,0,0,0,0,0,998,0,0,0,82,6,2,12,0,0,0,1,39,45684,6,1,0,0,3,0,70,247,0,0,0,0,0,0,0,0,0,0,0,0,0,0,1,2,55,1,1,2,1,3,3,11,15,99,1,1,68,"777777777777","777777777777","777777777777",0,0
39,390250,1,2,1,1,5,6,6,12,2,1,0,39,1,49,43,49043,4,2001,"4T1BF28B41U1","4","T","1","B","F","2","8","B","4","1","U","1",0,0,0,"000000000","00000000000",0,0,0,1,0,0,0,0,0,0,0,45,0,0,0,12,6,2,12,0,0,0,1,39,45240,6,1,0,0,3,0,77,245,1,0,0,1,2,10,2011,2,2012,0,28,0,0,0,1,4,45,4,2,2,2,0,0,98,10,99,1,2,50,"777777777777","777777777777","777777777777",0,0
39,390250,2,2,1,1,5,6,6,12,2,1,0,39,1,37,705,37705,80,1998,"JH2RC4461WM0","J","H","2","R","C","4","4","6","1","W","M","0",0,0,0,"000000000","00000000000",0,0,0,1,0,0,0,0,0,0,0,45,0,0,0,12,6,2,12,0,0,0,1,39,45240,6,1,0,0,3,3,68,205,3,0,0,0,2,12,2011,6,2012,0,0,0,0,0,1,4,45,4,2,2,2,0,0,1,62,99,1,1,51,"777777777777","777777777777","777777777777",1,0
39,390251,1,1,1,15,4,3,44,33,0,1,0,39,3,20,37,20037,4,2013,"1G11A5SA4DF2","1","G","1","1","A","5","S","A","4","D","F","2",0,0,0,"000000000","00000000000",0,0,0,1,0,0,0,0,0,0,0,998,0,0,0,12,6,9,42,42,0,0,1,39,44104,1,1,0,0,2,0,75,185,0,2,0,0,1,7,2012,2,2014,0,6,27,0,0,1,4,35,1,2,1,1,0,0,1,10,99,1,4,6,"777777777777","777777777777","777777777777",1,1
39,390252,1,1,1,18,4,17,35,40,0,1,0,39,1,37,705,37705,80,1996,"JH2PC2503TM5","J","H","2","P","C","2","5","0","3","T","M","5",0,0,0,"000000000","00000000000",0,0,0,1,0,0,0,0,0,0,0,55,0,0,0,13,6,2,40,0,0,0,1,39,44040,6,1,0,0,3,0,73,200,0,0,0,1,0,8,2015,8,2015,0,27,0,0,0,1,2,40,3,1,2,1,0,0,1,13,99,1,4,1,"777777777777","777777777777","777777777777",1,0
39,390253,1,1,1,1,5,21,55,11,0,1,0,39,1,72,706,72706,80,2008,"1HD1FC4438Y6","1","H","D","1","F","C","4","4","3","8","Y","6",0,0,0,"000000000","00000000000",0,0,0,1,0,0,0,0,0,0,0,998,0,0,0,12,6,2,5,0,0,0,1,39,44064,6,1,0,0,3,0,71,245,2,0,0,0,1,1,2013,8,2014,0,0,0,0,0,1,2,40,1,1,2,1,0,0,1,87,16,2,1,13,"777777777777","777777777777","777777777777",1,1
39,390254,1,2,1,11,5,2,47,1,0,1,0,29,3,82,881,82881,66,2013,"1FUJGLDR8DLF","1","F","U","J","G","L","D","R","8","D","L","F",1,3,57,"778178","57778178",3,6,1,1,0,0,0,0,0,0,0,998,0,1,1,0,6,2,12,42,0,0,1,29,63901,6,1,6,3,3,0,67,200,0,0,0,1,0,1,2015,1,2015,0,6,36,0,0,2,2,70,1,1,2,1,0,0,1,9,99,1,3,98,"1UYVS25376P7","777777777777","777777777777",1,0
39,390254,2,2,1,11,5,2,47,1,0,1,0,47,3,85,881,85881,66,2012,"1XKAD49XXCJ3","1","X","K","A","D","4","9","X","X","C","J","3",1,1,57,"1471253","571471253",3,6,1,1,0,0,0,0,0,0,0,998,7,0,0,12,6,2,12,42,0,0,1,47,37090,6,1,6,3,3,3,72,290,0,0,0,0,0,0,0,0,0,0,0,0,0,0,2,2,70,1,1,2,1,0,0,1,50,99,9,1,98,"1GRAA06201B1","777777777777","777777777777",0,0
39,390255,1,1,1,13,5,15,44,8,0,1,0,39,3,92,988,92988,52,2012,"15GGD271XC11","1","5","G","G","D","2","7","1","X","C","1","1",0,0,99,"999999999","99999999999",2,21,22,1,0,0,0,0,6,3,0,998,0,0,0,83,0,5,8,42,0,0,1,39,43017,6,1,6,1,3,0,67,160,2,0,0,0,1,5,2015,9,2015,0,0,0,0,0,1,4,35,1,1,2,1,0,0,8,80,1,1,1,13,"777777777777","777777777777","777777777777",0,0
39,390256,1,1,7,6,5,17,0,1,0,1,0,39,1,7,402,7402,14,2000,"1B4HS28N0YF1","1","B","4","H","S","2","8","N","0","Y","F","1",0,0,0,"000000000","00000000000",0,0,0,1,0,0,0,0,0,0,0,70,0,1,5,0,6,2,1,0,0,0,1,39,44502,6,1,0,0,3,0,67,190,1,1,0,0,0,5,2013,3,2016,0,0,0,0,0,3,3,70,1,1,2,1,0,0,1,1,99,4,4,2,"777777777777","777777777777","777777777777",1,0
39,390257,1,3,1,16,5,16,25,12,7,1,0,39,1,37,421,37421,15,2004,"2HKYF18714H5","2","H","K","Y","F","1","8","7","1","4","H","5",0,0,0,"000000000","00000000000",0,0,0,1,0,0,0,0,0,0,0,50,0,0,0,82,6,2,12,0,0,0,1,39,43360,6,1,0,0,3,0,65,132,0,0,0,2,0,4,2015,2,2016,0,27,0,0,0,1,4,50,1,1,2,1,0,0,1,50,8,1,2,44,"777777777777","777777777777","777777777777",1,0
39,390257,2,3,1,16,5,16,25,12,7,1,0,39,2,20,403,20403,14,2003,"1GCCT19X3382","1","G","C","C","T","1","9","X","3","3","8","2",0,0,0,"000000000","00000000000",0,0,0,1,0,0,0,0,0,0,0,0,0,0,0,63,6,2,12,0,0,0,1,39,43358,6,1,0,0,3,3,67,140,0,0,0,0,0,0,0,0,0,0,0,0,0,0,1,4,50,1,1,2,1,0,0,5,53,1,1,1,45,"777777777777","777777777777","777777777777",0,0
39,390257,3,3,1,16,5,16,25,12,7,1,0,39,1,12,473,12473,30,2001,"1FMZU77E41UB","1","F","M","Z","U","7","7","E","4","1","U","B",0,0,0,"000000000","00000000000",0,0,0,1,0,0,0,0,0,0,0,50,0,0,0,12,6,2,12,0,0,0,1,39,43311,6,1,0,0,3,0,65,110,0,0,0,0,0,0,0,0,0,0,0,0,0,0,1,4,50,1,1,2,1,0,0,1,62,99,1,1,98,"777777777777","777777777777","777777777777",0,0
39,390259,1,1,1,11,5,5,7,42,0,1,0,39,1,35,50,35050,4,2015,"3N1CN7AP5FL8","3","N","1","C","N","7","A","P","5","F","L","8",0,0,0,"000000000","00000000000",0,0,0,1,0,0,0,0,0,0,0,80,0,0,0,12,6,2,2,0,0,1,1,39,44202,6,1,0,0,3,0,72,170,0,0,0,0,0,0,0,0,0,4,6,36,0,0,1,2,40,3,2,2,1,0,0,14,13,99,1,4,1,"777777777777","777777777777","777777777777",1,0
39,390260,1,1,1,11,4,16,6,30,0,1,0,39,2,63,402,63402,14,2007,"KNDJD7365756","K","N","D","J","D","7","3","6","5","7","5","6",0,0,0,"000000000","00000000000",0,0,0,1,0,0,0,0,0,0,0,35,0,0,0,62,6,8,30,0,0,0,1,39,44288,6,1,0,0,3,0,77,300,0,0,0,0,0,0,0,0,0,0,99,99,99,99,1,4,35,1,1,2,2,0,0,1,13,99,1,4,1,"777777777777","777777777777","777777777777",1,0
39,390261,1,1,1,23,4,8,10,8,0,1,0,39,1,37,31,37031,4,2015,"19XFB2F55FE1","1","9","X","F","B","2","F","5","5","F","E","1",0,0,0,"000000000","00000000000",0,0,0,1,0,0,0,0,0,0,0,30,0,0,0,12,4,8,8,0,0,0,1,39,43623,1,1,0,0,2,0,65,155,3,0,0,0,3,11,2011,12,2015,0,0,0,0,0,1,2,35,1,1,2,1,0,0,1,80,99,1,1,13,"777777777777","777777777777","777777777777",0,0
39,390262,1,1,1,16,5,19,43,30,0,1,0,39,1,12,17,12017,4,2003,"1FAFP55U13A1","1","F","A","F","P","5","5","U","1","3","A","1",0,0,0,"000000000","00000000000",0,0,0,1,0,0,0,0,0,0,0,998,0,1,5,61,6,2,30,0,0,0,1,39,45036,6,1,0,0,3,0,65,140,0,2,1,0,0,8,2015,8,2015,4,6,27,0,0,1,2,55,3,2,2,1,0,0,1,13,99,1,4,1,"777777777777","777777777777","777777777777",1,1
39,390263,1,1,2,1,5,21,40,59,0,1,0,39,2,12,17,12017,4,2002,"1FAHP55S22G1","1","F","A","H","P","5","5","S","2","2","G","1",0,0,0,"000000000","00000000000",0,0,0,1,0,0,0,0,0,0,0,998,0,1,5,12,6,2,1,0,0,0,1,39,44430,0,0,0,0,0,0,999,999,0,0,0,0,0,0,0,0,0,0,27,0,0,0,1,2,45,3,1,2,1,0,0,1,13,99,1,4,1,"777777777777","777777777777","777777777777",1,1
39,390264,1,1,1,13,5,14,22,42,0,1,0,39,1,35,50,35050,4,2014,"3N1CN7AP1EK4","3","N","1","C","N","7","A","P","1","E","K","4",0,0,0,"000000000","00000000000",0,0,0,1,0,0,0,0,0,0,0,998,0,0,0,12,6,2,42,0,0,0,1,39,44904,6,1,0,0,3,0,72,210,0,0,0,0,0,0,0,0,0,0,27,0,0,0,1,2,35,1,1,2,1,0,0,1,13,1,1,4,1,"777777777777","777777777777","777777777777",1,0
39,390265,1,2,2,5,5,18,7,12,6,1,0,39,1,52,402,52402,14,2007,"4A4MM31S37E0","4","A","4","M","M","3","1","S","3","7","E","0",0,0,0,"000000000","00000000000",0,0,0,1,0,0,0,0,0,0,0,998,0,1,1,12,6,2,1,0,0,0,1,39,44004,3,1,0,0,2,0,67,140,0,0,0,0,1,3,2015,3,2015,0,27,0,0,0,1,2,55,2,1,1,1,0,0,15,52,1,1,2,83,"777777777777","777777777777","777777777777",0,0
39,390265,2,2,1,5,5,18,7,12,6,1,0,39,1,52,34,52034,4,2002,"4A3AA46G52E0","4","A","3","A","A","4","6","G","5","2","E","0",0,0,0,"000000000","00000000000",0,0,0,1,0,0,0,0,0,0,0,998,0,0,0,61,6,2,12,0,0,0,1,39,44041,6,1,0,0,3,0,70,205,0,0,0,0,0,0,0,0,0,0,30,0,0,0,1,2,55,2,1,1,1,0,0,11,53,1,1,2,82,"777777777777","777777777777","777777777777",1,0
39,390266,1,2,1,5,5,8,10,12,2,1,0,39,1,41,402,41402,14,2004,"4F2CZ96154KM","4","F","2","C","Z","9","6","1","5","4","K","M",0,0,0,"000000000","00000000000",0,0,0,1,0,0,0,0,0,0,0,998,0,0,0,12,6,2,12,0,0,0,1,39,43050,6,1,0,0,3,0,68,170,1,3,0,0,3,12,2012,11,2014,0,99,99,99,99,1,2,55,3,1,2,2,0,0,1,62,99,1,3,51,"777777777777","777777777777","777777777777",1,0
39,390266,2,2,1,5,5,8,10,12,2,1,0,39,2,55,401,55401,14,2005,"KM8SC13D75U8","K","M","8","S","C","1","3","D","7","5","U","8",0,0,0,"000000000","00000000000",0,0,0,1,0,0,0,0,0,0,0,998,0,0,0,12,6,2,12,0,0,0,1,39,43050,6,1,0,0,3,3,65,220,1,0,0,1,0,6,2011,12,2014,0,99,99,99,99,1,2,55,2,1,2,2,0,0,1,62,99,1,3,50,"777777777777","777777777777","777777777777",1,0
39,390267,1,2,2,7,5,10,55,12,6,1,0,12,3,49,40,49040,4,2016,"4T1BF1FK6GU5","4","T","1","B","F","1","F","K","6","G","U","5",0,0,0,"000000000","00000000000",0,0,0,1,0,0,0,0,0,0,0,998,0,0,0,82,6,2,12,0,0,0,1,39,45402,1,1,0,0,2,0,69,170,0,3,0,0,3,12,2014,7,2015,0,39,0,0,0,1,2,25,1,2,2,1,20,3,1,17,99,1,1,87,"777777777777","777777777777","777777777777",1,0
39,390267,2,2,2,7,5,10,55,12,6,1,0,36,3,6,18,6018,4,2015,"1C3CCCAB1FN7","1","C","3","C","C","C","A","B","1","F","N","7",0,0,0,"000000000","00000000000",0,0,0,1,0,0,0,0,0,0,0,998,0,0,0,12,6,2,12,0,0,0,1,39,43125,1,1,0,0,2,0,76,160,0,5,0,0,3,11,2013,12,2015,0,99,99,99,99,1,2,25,1,2,2,1,0,0,1,66,99,1,1,86,"777777777777","777777777777","777777777777",0,0
39,390268,1,2,1,25,4,19,48,33,0,1,0,39,2,37,31,37031,4,2012,"JHMFB4F30CS0","J","H","M","F","B","4","F","3","0","C","S","0",0,0,0,"000000000","00000000000",0,0,0,1,0,0,0,0,0,0,0,95,0,0,0,82,6,2,33,0,0,0,1,39,44128,1,1,0,0,2,0,69,195,0,3,2,0,3,3,2013,3,2014,3,6,36,0,0,1,2,35,1,1,2,1,0,0,1,6,99,2,4,2,"777777777777","777777777777","777777777777",1,1
39,390268,2,2,2,25,4,19,48,33,0,1,0,39,2,63,34,63034,4,2013,"5XXGM4A79DG2","5","X","X","G","M","4","A","7","9","D","G","2",0,0,0,"000000000","00000000000",0,0,0,1,0,0,0,0,0,0,0,998,0,0,0,83,2,5,12,0,0,0,1,39,44128,6,1,0,0,3,3,64,160,0,0,0,0,0,0,0,0,0,0,0,0,0,0,1,2,35,1,1,2,1,0,0,1,52,99,1,1,98,"777777777777","777777777777","777777777777",0,0
39,390269,1,1,2,23,4,13,22,8,0,1,0,39,1,20,2,20002,4,2011,"2G1WF5EK6B11","2","G","1","W","F","5","E","K","6","B","1","1",0,0,0,"000000000","00000000000",0,0,0,1,0,0,0,0,0,0,0,998,0,0,0,82,2,3,8,0,0,0,1,39,44125,1,1,0,0,2,0,74,210,0,0,0,0,1,3,2014,3,2014,3,0,0,0,0,1,2,25,1,1,2,1,0,0,1,80,99,1,1,13,"777777777777","777777777777","777777777777",0,0
39,390270,1,2,1,9,5,8,58,12,6,1,0,39,1,37,32,37032,4,2008,"1HGCP36878A0","1","H","G","C","P","3","6","8","7","8","A","0",0,0,0,"000000000","00000000000",0,0,0,1,0,0,0,0,0,0,0,998,0,0,0,12,6,2,12,0,0,0,1,39,44691,6,1,0,0,3,3,64,150,0,0,0,1,0,5,2011,5,2011,0,0,0,0,0,1,2,25,1,1,2,1,0,0,1,66,99,1,1,86,"777777777777","777777777777","777777777777",0,0
39,390270,2,2,2,9,5,8,58,12,6,1,0,39,2,49,442,49442,20,2015,"5TDKK3DC5FS5","5","T","D","K","K","3","D","C","5","F","S","5",0,0,0,"000000000","00000000000",0,0,0,1,0,0,0,0,0,0,0,998,0,1,5,82,6,2,59,0,0,0,1,39,44691,6,1,0,0,3,3,64,145,0,0,0,0,0,0,0,0,0,0,39,0,0,0,1,2,25,1,1,2,1,20,2,1,17,99,1,1,87,"777777777777","777777777777","777777777777",1,0
39,390271,1,1,1,15,5,18,40,35,0,1,0,39,1,20,9,20009,2,1999,"2G1FP22G2X21","2","G","1","F","P","2","2","G","2","X","2","1",0,0,0,"000000000","00000000000",0,0,0,1,0,0,0,0,0,0,0,998,0,1,5,82,6,2,1,0,0,0,1,39,45656,6,1,0,0,3,0,67,126,0,0,1,0,3,7,2012,3,2014,0,27,0,0,0,1,2,55,2,1,2,1,0,0,14,13,99,1,4,1,"777777777777","777777777777","777777777777",1,1
39,390272,1,2,3,11,5,12,10,1,0,1,0,39,2,12,481,12481,31,1998,"2FTZX1722WCA","2","F","T","Z","X","1","7","2","2","W","C","A",0,0,0,"000000000","00000000000",0,0,0,1,0,0,0,0,0,0,0,998,0,0,0,83,2,3,12,0,0,0,1,39,45344,6,1,0,0,3,3,75,210,0,0,0,0,0,0,0,0,0,0,38,0,0,0,1,2,55,1,1,2,1,0,0,11,15,99,1,1,98,"777777777777","777777777777","777777777777",0,0
39,390272,2,2,1,11,5,12,10,1,0,1,0,39,1,76,705,76705,80,2005,"JYAVM01E35A0","J","Y","A","V","M","0","1","E","3","5","A","0",0,0,0,"000000000","00000000000",0,0,0,1,0,0,0,0,0,0,0,998,0,0,0,0,6,2,1,0,0,0,1,39,45344,6,7,0,0,3,3,70,205,0,0,0,0,0,0,0,0,0,0,0,0,0,0,1,2,55,1,1,2,1,0,0,1,62,16,2,5,3,"777777777777","777777777777","777777777777",1,0
39,390273,1,1,3,11,5,14,58,9,0,1,0,39,1,20,401,20401,14,2002,"1GNET16S9261","1","G","N","E","T","1","6","S","9","2","6","1",0,0,0,"000000000","00000000000",0,0,0,1,0,0,0,0,0,0,0,998,0,0,0,12,2,5,9,0,0,0,1,39,45405,6,1,0,0,3,0,67,170,0,0,0,0,0,0,0,0,0,0,99,99,99,99,1,2,25,1,2,3,1,20,3,1,80,99,1,1,13,"777777777777","777777777777","777777777777",0,0
39,390274,1,1,1,11,5,22,56,8,0,1,1,39,1,20,481,20481,31,2006,"1GCHK29U46E1","1","G","C","H","K","2","9","U","4","6","E","1",0,0,0,"000000000","00000000000",0,0,0,1,0,0,0,0,0,0,0,55,0,0,0,12,4,3,8,0,0,0,1,39,45895,6,1,0,0,3,0,71,160,0,3,1,0,0,7,2011,9,2012,0,34,84,86,0,1,2,55,1,1,2,1,0,0,1,50,7,1,4,3,"777777777777","777777777777","777777777777",0,1
39,390275,1,1,1,3,5,3,35,52,0,1,0,39,1,18,2,18002,4,1989,"1G4HP54C5KH4","1","G","4","H","P","5","4","C","5","K","H","4",0,0,0,"000000000","00000000000",0,0,0,1,0,0,0,0,0,0,0,998,0,1,5,12,6,2,1,0,0,0,1,39,44657,1,1,0,0,2,0,69,145,1,1,1,1,1,6,2012,11,2014,4,27,0,0,0,1,2,55,2,1,2,1,0,0,14,12,99,1,4,6,"777777777777","777777777777","777777777777",1,1
39,390276,1,1,1,19,5,22,5,8,0,1,1,99,9,99,999,99999,99,9999,"999999999999","9","9","9","9","9","9","9","9","9","9","9","9",9,0,99,"999999999","99999999999",9,99,99,1,0,0,0,0,99,99,0,999,0,0,0,12,9,5,8,0,0,0,1,99,99999,9,9,99,9,9,9,999,999,99,99,99,99,99,99,9999,99,9999,9,99,99,99,99,1,4,35,1,1,2,1,0,0,99,99,99,9,9,13,"777777777777","777777777777","777777777777",0,0
39,390277,1,1,1,12,5,19,41,21,0,1,0,39,1,72,706,72706,80,2001,"1HD1BWB121Y0","1","H","D","1","B","W","B","1","2","1","Y","0",0,0,0,"000000000","00000000000",0,0,0,1,0,0,0,0,0,0,0,998,0,0,0,12,6,2,21,0,0,0,1,39,44875,6,1,0,0,3,0,75,240,2,2,1,0,0,4,2012,12,2013,4,27,0,0,0,1,2,45,3,1,2,1,0,0,14,13,1,1,4,1,"777777777777","777777777777","777777777777",1,1
39,390278,1,2,1,14,5,18,30,12,6,1,0,39,1,20,2,20002,4,2004,"2G1WF52EX492","2","G","1","W","F","5","2","E","X","4","9","2",0,0,0,"000000000","00000000000",0,0,0,1,0,0,0,0,0,0,0,998,0,0,0,61,6,2,12,0,0,0,1,39,45805,6,1,0,0,3,3,65,152,1,0,0,0,0,9,2013,9,2013,0,38,0,0,0,1,2,55,1,1,2,1,20,3,1,17,16,2,1,89,"777777777777","777777777777","777777777777",1,0
39,390278,2,2,2,14,5,18,30,12,6,1,0,39,1,20,481,20481,31,2015,"1GCVKREC0FZ2","1","G","C","V","K","R","E","C","0","F","Z","2",0,0,0,"000000000","00000000000",0,0,0,1,0,0,0,0,0,0,0,998,0,0,0,12,6,2,12,0,0,0,1,39,43512,6,1,0,0,3,0,72,160,0,0,0,0,0,0,0,0,0,0,0,0,0,0,1,2,55,1,1,2,1,0,0,1,66,99,1,1,88,"777777777777","777777777777","777777777777",0,0
39,390279,1,1,1,19,2,0,26,18,0,1,0,39,1,63,441,63441,20,2005,"KNDUP1325567","K","N","D","U","P","1","3","2","5","5","6","7",0,0,0,"000000000","00000000000",0,0,0,1,0,0,0,0,0,0,0,998,0,1,5,12,6,2,2,0,0,1,1,39,43615,6,1,0,0,3,0,68,180,1,0,0,0,1,7,2013,3,2015,0,27,0,0,0,1,2,35,3,1,2,1,0,0,14,13,99,1,4,1,"777777777777","777777777777","777777777777",1,1
39,390280,1,2,2,15,5,16,17,12,7,1,0,39,1,76,706,76706,80,2007,"JYAVP11E77A0","J","Y","A","V","P","1","1","E","7","7","A","0",0,0,0,"000000000","00000000000",0,0,0,1,0,0,0,0,0,0,0,998,0,0,0,62,6,2,5,0,0,0,1,39,43055,6,1,0,0,3,0,67,205,0,2,1,0,1,5,2012,5,2012,0,27,0,0,0,1,2,55,1,1,2,1,0,0,6,51,99,1,2,47,"777777777777","777777777777","777777777777",1,0
39,390280,2,2,2,15,5,16,17,12,7,1,0,39,1,72,706,72706,80,2014,"1HD1KBM1XEB6","1","H","D","1","K","B","M","1","X","E","B","6",0,0,0,"000000000","00000000000",0,0,0,1,0,0,0,0,0,0,0,998,0,0,0,83,2,5,12,0,0,0,1,39,43056,6,1,0,0,3,0,71,190,0,0,0,0,0,0,0,0,0,0,27,0,0,0,1,2,55,1,1,2,1,0,0,6,51,99,1,2,45,"777777777777","777777777777","777777777777",0,0
39,390281,1,1,2,16,5,15,50,34,0,1,0,26,1,12,422,12422,15,2005,"1FMPU18585LA","1","F","M","P","U","1","8","5","8","5","L","A",0,0,0,"000000000","00000000000",0,0,0,1,0,0,0,0,0,0,0,998,0,1,5,61,6,2,1,0,0,0,1,26,49266,6,1,0,0,3,0,65,140,0,1,0,0,2,6,2014,2,2016,3,27,0,0,0,1,2,55,1,1,2,1,0,0,1,13,99,1,4,1,"777777777777","777777777777","777777777777",1,0
39,390282,1,1,2,1,4,23,51,33,0,1,0,21,1,6,18,6018,4,2014,"1C3CCBCG0EN1","1","C","3","C","C","B","C","G","0","E","N","1",0,0,0,"000000000","00000000000",0,0,0,1,0,0,0,0,0,0,0,43,0,0,0,62,6,2,24,0,0,0,1,21,41560,1,1,0,0,2,3,73,299,0,0,0,0,0,0,0,0,0,3,27,0,0,0,1,2,25,2,2,2,1,0,0,14,6,99,1,4,6,"777777777777","777777777777","777777777777",1,1
39,390283,1,1,2,11,5,19,47,34,0,1,0,39,1,7,472,7472,31,2006,"1D7HE42K66S7","1","D","7","H","E","4","2","K","6","6","S","7",0,0,0,"000000000","00000000000",0,0,0,1,0,0,0,0,0,0,0,55,0,1,5,98,6,2,1,0,0,0,1,39,45123,6,1,0,0,3,0,70,180,0,0,0,0,0,0,0,0,0,0,27,0,0,0,1,2,55,1,1,2,1,0,0,1,13,99,1,4,1,"777777777777","777777777777","777777777777",1,0
39,390284,1,1,2,14,5,22,20,8,0,1,1,39,2,20,37,20037,4,2014,"1G11B5SL4EF2","1","G","1","1","B","5","S","L","4","E","F","2",0,0,0,"000000000","00000000000",0,0,0,1,0,0,0,0,0,0,0,998,0,0,0,12,4,3,8,0,0,0,1,39,44047,6,1,0,0,3,3,68,150,0,0,0,1,0,4,2015,4,2015,0,99,99,99,99,1,2,55,1,1,2,2,0,0,1,80,99,1,1,13,"777777777777","777777777777","777777777777",0,0
39,390285,1,1,3,15,5,20,18,24,0,1,0,39,1,37,441,37441,20,2002,"2HKRL186X2H5","2","H","K","R","L","1","8","6","X","2","H","5",0,0,0,"000000000","00000000000",0,0,0,1,0,0,0,0,0,0,0,60,0,0,0,62,6,8,24,0,0,0,1,39,43068,1,1,0,0,2,0,64,110,2,0,0,0,1,11,2013,2,2016,0,6,0,0,0,3,3,65,1,1,2,1,0,0,1,13,99,1,4,1,"777777777777","777777777777","777777777777",1,0
39,390286,1,1,1,19,5,19,9,9,0,1,1,99,9,99,999,99999,99,9999,"999999999999","9","9","9","9","9","9","9","9","9","9","9","9",9,0,0,"000000000","00000000000",0,0,0,1,0,0,0,0,99,99,9,999,0,0,0,12,2,5,9,0,0,0,1,99,99999,9,9,99,9,9,9,999,999,99,99,99,99,99,99,9999,99,9999,0,99,99,99,99,1,2,35,1,1,2,1,2,3,99,83,99,9,9,13,"777777777777","777777777777","777777777777",0,0
39,390287,1,3,1,24,5,12,35,12,2,1,0,39,1,12,3,12003,2,1998,"1FAFP4048WF1","1","F","A","F","P","4","0","4","8","W","F","1",0,0,0,"000000000","00000000000",0,0,0,1,0,0,0,0,0,0,0,998,0,0,0,12,6,2,12,0,0,0,1,39,45612,6,1,0,0,3,0,64,125,1,0,0,0,2,10,2013,3,2016,0,27,0,0,0,1,2,55,2,2,2,1,0,0,14,10,99,1,2,50,"777777777777","777777777777","777777777777",1,0
39,390287,2,3,1,24,5,12,35,12,2,1,0,39,2,49,402,49402,14,2012,"2T3BF4DV7CW2","2","T","3","B","F","4","D","V","7","C","W","2",0,0,0,"000000000","00000000000",0,0,0,1,0,0,0,0,0,0,0,998,0,0,0,12,6,2,12,0,0,0,1,39,45612,6,1,0,0,3,0,63,112,0,0,0,0,0,0,0,0,0,0,0,0,0,0,1,2,55,3,2,2,1,0,0,14,62,16,1,1,51,"777777777777","777777777777","777777777777",0,0
39,390287,3,3,1,24,5,12,35,12,2,1,0,39,1,7,43,7043,4,2004,"1B3EL36X24N1","1","B","3","E","L","3","6","X","2","4","N","1",0,0,0,"000000000","00000000000",0,0,0,1,0,0,0,0,0,0,0,998,0,0,0,82,2,5,24,0,0,0,1,39,45601,6,1,0,0,3,3,60,98,1,1,0,7,0,6,2011,10,2015,0,0,0,0,0,1,2,55,3,2,2,1,0,0,14,52,9,2,4,98,"777777777777","777777777777","777777777777",0,0
39,390288,1,1,1,20,5,18,55,32,0,1,0,39,1,73,706,73706,80,2008,"JKBVNKD128A0","J","K","B","V","N","K","D","1","2","8","A","0",0,0,0,"000000000","00000000000",0,0,0,1,0,0,0,0,0,0,0,998,0,0,0,62,6,2,32,0,0,0,1,39,44622,6,1,6,0,3,0,70,200,0,0,0,0,0,0,0,0,0,4,36,27,0,0,1,2,55,3,2,2,1,0,0,14,13,99,1,4,1,"777777777777","777777777777","777777777777",1,1
39,390289,1,1,1,22,5,19,30,41,0,1,0,39,2,12,481,12481,31,2000,"1FTPX18L7YNA","1","F","T","P","X","1","8","L","7","Y","N","A",0,0,0,"000000000","00000000000",0,0,0,1,0,0,0,0,0,0,0,998,0,0,0,81,6,2,42,0,0,0,1,39,45663,6,1,0,0,3,0,68,130,0,0,0,0,0,0,0,0,0,4,27,0,0,0,1,2,55,1,1,2,1,0,0,1,12,99,4,4,7,"777777777777","777777777777","777777777777",1,1