"STATE","ST_CASE","VEH_NO","VE_FORMS","NUMOCCS","DAY","MONTH","HOUR","MINUTE","HARM_EV","MAN_COLL","UNITTYPE","HIT_RUN","REG_STAT","OWNER","MAKE","MODEL","MAK_MOD","BODY_TYP","MOD_YEAR","VIN","VIN_1","VIN_2","VIN_3","VIN_4","VIN_5","VIN_6","VIN_7","VIN_8","VIN_9","VIN_10","VIN_11","VIN_12","TOW_VEH","J_KNIFE","MCARR_I1","MCARR_I2","MCARR_ID","GVWR","V_CONFIG","CARGO_BT","HAZ_INV","HAZ_PLAC","HAZ_ID","HAZ_CNO","HAZ_REL","BUS_USE","SPEC_USE","EMER_USE","TRAV_SP","UNDERIDE","ROLLOVER","ROLINLOC","IMPACT1","DEFORMED","TOWED","M_HARM","VEH_SC1","VEH_SC2","FIRE_EXP","DR_PRES","L_STATE","DR_ZIP","L_STATUS","L_TYPE","CDL_STAT","L_ENDORS","L_COMPL","L_RESTRI","DR_HGT","DR_WGT","PREV_ACC","PREV_SUS","PREV_DWI","PREV_SPD","PREV_OTH","FIRST_MO","FIRST_YR","LAST_MO","LAST_YR","SPEEDREL","DR_SF1","DR_SF2","DR_SF3","DR_SF4","VTRAFWAY","VNUM_LAN","VSPD_LIM","VALIGN","VPROFILE","VPAVETYP","VSURCOND","VTRAFCON","VTCONT_F","P_CRASH1","P_CRASH2","P_CRASH3","PCRASH4","PCRASH5","ACC_TYPE","TRLR1VIN","TRLR2VIN","TRLR3VIN","DEATHS","DR_DRINK"
39,390435,1,1,2,3,7,1,45,53,0,1,0,39,2,37,32,37032,2,2009,"1HGCS12799A0","1","H","G","C","S","1","2","7","9","9","A","0",0,0,0,"000000000","00000000000",0,0,0,1,0,0,0,0,0,0,0,998,0,0,0,62,6,2,42,0,0,0,1,39,44004,1,1,0,0,2,0,70,180,1,1,0,2,3,11,2012,12,2015,4,6,0,0,0,1,2,40,2,2,2,1,0,0,14,12,99,1,4,6,"777777777777","777777777777","777777777777",1,1
39,390436,1,2,1,24,6,22,51,12,6,1,0,18,1,12,481,12481,31,1988,"1FTER15Y2JNB","1","F","T","E","R","1","5","Y","2","J","N","B",0,0,0,"000000000","00000000000",0,0,0,1,0,0,0,0,0,0,0,998,0,0,0,12,6,2,12,0,0,0,1,39,43543,6,1,0,0,3,0,71,165,0,0,0,0,1,5,2014,5,2014,0,39,0,0,0,1,2,55,1,2,2,1,20,3,1,17,99,1,1,86,"777777777777","777777777777","777777777777",1,1
39,390436,2,2,1,24,6,22,51,12,6,1,0,39,1,20,431,20431,16,1994,"1GNGC26N3RJ3","1","G","N","G","C","2","6","N","3","R","J","3",0,0,0,"000000000","00000000000",0,0,0,1,0,0,0,0,0,0,0,998,0,0,0,81,6,2,12,0,0,0,1,39,43517,6,1,0,0,3,0,67,170,0,0,0,0,0,0,0,0,0,0,0,0,0,0,1,2,55,1,2,2,1,0,0,1,66,99,1,1,87,"777777777777","777777777777","777777777777",0,0
39,390437,1,1,1,25,6,19,33,33,0,1,0,39,2,73,709,73709,80,1981,"999999999999","9","9","9","9","9","9","9","9","9","9","9","9",0,0,0,"000000000","00000000000",0,0,0,1,0,0,0,0,0,0,0,998,0,0,0,12,6,2,38,0,0,0,1,39,45417,6,1,0,0,3,0,68,152,0,0,0,0,0,0,0,0,0,0,36,0,0,0,1,2,30,3,1,2,1,0,0,1,13,99,1,4,1,"777777777777","777777777777","777777777777",1,1
39,390438,1,1,2,25,6,0,10,34,0,1,0,39,1,2,403,2403,14,2011,"1J4AA2D12BL5","1","J","4","A","A","2","D","1","2","B","L","5",0,0,0,"000000000","00000000000",0,0,0,1,0,0,0,0,0,0,0,998,0,1,5,81,6,2,1,0,0,0,1,39,43606,6,1,0,0,3,3,74,300,0,0,0,0,0,0,0,0,0,0,27,0,0,0,1,2,55,1,1,2,1,0,0,1,13,1,1,4,1,"777777777777","777777777777","777777777777",1,0
39,390439,1,2,1,25,6,15,50,12,6,1,0,0,0,98,998,98998,97,2005,"GXL118B05165","G","X","L","1","1","8","B","0","5","1","6","5",0,0,0,"000000000","00000000000",0,0,0,1,0,0,0,0,0,0,0,998,0,1,1,61,6,2,12,0,0,0,1,39,43512,6,1,0,0,3,0,64,120,0,0,0,0,1,4,2016,4,2016,0,30,48,38,0,1,2,55,1,1,2,1,0,0,11,15,1,1,7,72,"777777777777","777777777777","777777777777",1,0
39,390439,2,2,1,25,6,15,50,12,6,1,0,39,2,37,705,37705,80,2003,"JH2PC37053M0","J","H","2","P","C","3","7","0","5","3","M","0",0,0,0,"000000000","00000000000",0,0,0,1,0,0,0,0,0,0,0,998,0,0,0,12,6,2,12,0,0,0,1,39,43512,6,1,0,0,3,3,71,200,0,0,0,0,0,0,0,0,0,0,0,0,0,0,1,2,55,1,1,2,1,0,0,1,64,16,2,1,73,"777777777777","777777777777","777777777777",0,1
39,390440,1,2,1,26,6,19,51,33,0,1,0,39,1,37,32,37032,4,2002,"1HGCG16502A0","1","H","G","C","G","1","6","5","0","2","A","0",0,0,0,"000000000","00000000000",0,0,0,1,0,0,0,0,0,0,0,998,0,0,0,99,6,2,12,0,0,0,1,39,45014,6,1,0,0,3,3,63,127,0,0,0,0,0,0,0,0,0,4,27,0,0,0,2,2,45,1,1,2,1,0,0,1,6,16,2,4,15,"777777777777","777777777777","777777777777",1,0
39,390440,2,2,1,26,6,19,51,33,0,1,0,39,1,23,401,23401,14,2003,"1GKET16P2361","1","G","K","E","T","1","6","P","2","3","6","1",0,0,0,"000000000","00000000000",0,0,0,1,0,0,0,0,0,0,0,998,0,0,0,12,6,2,12,0,0,0,1,39,45042,6,1,0,0,3,0,65,126,0,0,0,0,0,0,0,0,0,0,0,0,0,0,2,2,45,1,1,2,1,0,0,1,64,99,1,1,98,"777777777777","777777777777","777777777777",0,0
39,390441,1,1,1,27,6,18,0,42,0,1,0,39,1,53,706,53706,80,1993,"JS1GR78AXP21","J","S","1","G","R","7","8","A","X","P","2","1",0,0,0,"000000000","00000000000",0,0,0,1,0,0,0,0,0,0,0,998,0,0,0,12,2,3,42,0,0,0,1,39,43973,1,1,0,0,2,0,71,150,1,1,0,0,1,5,2014,8,2014,4,27,0,0,0,1,2,55,3,2,4,11,0,0,1,13,99,1,4,1,"777777777777","777777777777","777777777777",1,0
39,390442,1,1,4,27,6,13,17,1,0,1,0,39,2,12,401,12401,14,2002,"1FMZU73W42UC","1","F","M","Z","U","7","3","W","4","2","U","C",0,0,0,"000000000","00000000000",0,0,0,1,0,0,0,0,0,0,0,998,0,1,3,0,6,2,1,0,0,0,1,39,45251,6,1,0,0,3,0,70,170,0,0,0,0,0,0,0,0,0,4,27,36,0,0,2,2,70,1,1,2,1,0,0,1,6,99,4,4,7,"777777777777","777777777777","777777777777",1,0
39,390443,1,2,1,30,6,22,18,12,1,1,0,39,1,37,705,37705,80,1981,"JH2PC0202BM0","J","H","2","P","C","0","2","0","2","B","M","0",0,0,0,"000000000","00000000000",0,0,0,1,0,0,0,0,0,0,0,60,0,0,0,12,6,2,12,0,0,0,1,39,44501,1,1,0,0,2,3,68,160,1,0,0,0,0,3,2013,3,2013,0,27,36,0,0,1,6,40,1,1,2,1,3,3,15,50,99,1,1,20,"777777777777","777777777777","777777777777",1,1
39,390443,2,2,2,30,6,22,18,12,1,1,0,39,2,32,43,32043,4,1998,"WAUED68D3WA0","W","A","U","E","D","6","8","D","3","W","A","0",0,0,0,"000000000","00000000000",0,0,0,1,0,0,0,0,0,0,0,0,0,0,0,6,4,3,12,0,0,0,1,39,44514,6,1,0,0,3,0,73,210,0,0,0,0,0,0,0,0,0,0,0,0,0,0,1,6,40,1,1,2,1,3,3,5,53,1,1,1,21,"777777777777","777777777777","777777777777",0,0
39,390444,1,1,1,3,7,23,30,38,0,1,0,39,2,20,401,20401,14,1984,"1GCBS14B1E21","1","G","C","B","S","1","4","B","1","E","2","1",0,0,0,"000000000","00000000000",0,0,0,1,0,0,0,0,0,0,0,998,0,0,0,61,6,2,42,0,0,0,1,39,45640,6,1,0,0,3,0,66,125,0,1,1,0,0,7,2011,10,2011,0,58,0,0,0,1,2,55,1,2,2,1,0,0,1,13,99,1,4,1,"777777777777","777777777777","777777777777",1,1
39,390445,1,2,1,29,6,7,22,12,6,1,0,39,3,51,881,51881,66,2007,"4V4NC9GH97N4","4","V","4","N","C","9","G","H","9","7","N","4",1,1,57,"01103170","5701103170",3,6,1,1,0,0,0,0,0,0,0,998,0,0,0,81,6,2,12,42,0,0,1,39,43311,6,1,6,3,3,3,69,230,0,0,0,3,1,3,2012,6,2015,0,38,0,0,0,1,2,55,1,1,2,1,0,0,11,15,99,1,1,68,"888888888888","777777777777","777777777777",0,0
39,390445,2,2,1,29,6,7,22,12,6,1,0,39,1,72,706,72706,80,2006,"1HD1GP1116K3","1","H","D","1","G","P","1","1","1","6","K","3",0,0,0,"000000000","00000000000",0,0,0,1,0,0,0,0,0,0,0,998,0,0,0,12,6,2,12,0,0,0,1,39,45331,6,1,0,0,3,3,67,160,0,0,0,0,0,0,0,0,0,0,0,0,0,0,1,2,55,1,1,2,1,0,0,1,62,99,1,1,69,"777777777777","777777777777","777777777777",1,0
39,390446,1,1,2,6,7,20,51,35,0,1,0,39,1,72,706,72706,80,2002,"1HD1JBB1X2Y0","1","H","D","1","J","B","B","1","X","2","Y","0",0,0,0,"000000000","00000000000",0,0,0,1,0,0,0,0,0,0,0,998,0,0,0,12,4,3,42,0,0,0,1,39,44446,6,1,0,0,3,0,71,220,0,0,0,0,0,0,0,0,0,0,27,0,0,0,2,2,60,3,1,2,2,0,0,14,13,99,1,4,1,"777777777777","777777777777","777777777777",1,0
39,390448,1,1,1,21,3,19,57,26,0,1,0,39,1,63,38,63038,5,2013,"KNAFT4A20D56","K","N","A","F","T","4","A","2","0","D","5","6",0,0,0,"000000000","00000000000",0,0,0,1,0,0,0,0,0,0,0,55,0,0,0,12,6,2,26,0,0,0,1,39,45839,6,1,0,0,3,0,63,135,0,2,0,1,1,9,2011,9,2011,0,6,36,0,0,1,2,55,1,1,2,1,40,3,1,19,99,1,1,15,"777777777777","777777777777","777777777777",1,1
39,390449,1,1,3,27,5,5,20,8,0,1,0,39,1,6,18,6018,4,2015,"1C3CCCCB1FN6","1","C","3","C","C","C","C","B","1","F","N","6",0,0,0,"000000000","00000000000",0,0,0,1,0,0,0,0,0,0,0,998,0,0,0,82,9,3,8,0,0,0,1,39,43613,6,1,0,0,3,0,66,182,0,2,0,2,3,10,2013,9,2015,0,0,0,0,0,1,5,45,1,1,2,1,0,0,1,80,99,1,1,13,"777777777777","777777777777","777777777777",0,0
39,390450,1,2,1,24,3,7,48,12,8,1,0,39,1,2,405,2405,14,2003,"1J4GL58KX3W5","1","J","4","G","L","5","8","K","X","3","W","5",0,0,0,"000000000","00000000000",0,0,0,1,0,0,0,0,0,0,0,998,0,1,5,61,6,2,1,0,0,0,1,39,45840,6,1,0,0,3,3,63,125,0,0,0,0,0,0,0,0,0,0,28,0,0,0,1,2,55,1,1,2,1,0,0,1,10,99,1,2,64,"777777777777","777777777777","777777777777",1,0
39,390450,2,2,1,24,3,7,48,12,8,1,0,39,1,23,481,23481,31,1992,"2GTEC19K5N15","2","G","T","E","C","1","9","K","5","N","1","5",0,0,0,"000000000","00000000000",0,0,0,1,0,0,0,0,0,0,0,998,0,0,0,61,2,3,12,0,0,0,1,39,45858,6,1,0,0,3,3,62,220,1,0,0,0,0,2,2015,2,2015,0,0,0,0,0,1,2,55,1,1,2,1,0,0,1,62,7,1,1,65,"777777777777","777777777777","777777777777",0,0
39,390451,1,1,2,29,5,21,55,8,0,1,0,39,2,62,401,62401,14,2002,"SALTY12462A7","S","A","L","T","Y","1","2","4","6","2","A","7",0,0,0,"000000000","00000000000",0,0,0,1,0,0,0,0,0,0,0,998,0,0,0,12,2,3,8,0,0,0,1,39,43613,6,1,0,0,3,0,65,165,0,0,0,0,3,11,2012,9,2013,0,0,0,0,0,1,4,35,1,1,2,1,0,0,1,80,99,1,1,13,"777777777777","777777777777","777777777777",0,0
39,390452,1,1,4,11,6,4,36,25,0,1,0,39,2,12,402,12402,14,2001,"1FMYU02171KA","1","F","M","Y","U","0","2","1","7","1","K","A",0,0,0,"000000000","00000000000",0,0,0,1,0,0,0,0,0,0,0,998,0,1,2,12,6,2,25,0,0,0,1,39,43606,1,1,0,0,2,0,64,116,1,0,0,1,1,1,2016,2,2016,0,58,0,0,0,3,2,60,1,1,2,1,0,0,1,12,6,1,4,6,"777777777777","777777777777","777777777777",1,1
39,390453,1,4,1,23,6,20,14,12,1,1,0,17,3,82,881,82881,66,2012,"1FUJGLDR8CSB","1","F","U","J","G","L","D","R","8","C","S","B",1,1,57,"2250414","572250414",3,6,1,1,0,0,0,0,0,0,0,998,9,0,0,12,6,2,2,42,0,1,1,39,45504,6,1,6,3,3,0,70,200,2,0,0,0,3,9,2011,4,2015,0,26,0,0,0,2,2,70,1,1,2,1,0,0,1,50,1,1,1,20,"3H3V532C6FT3","777777777777","777777777777",1,0
39,390453,2,4,2,23,6,20,14,12,1,1,0,19,3,82,881,82881,66,2016,"1FUJGHDV6GLG","1","F","U","J","G","H","D","V","6","G","L","G",1,1,57,"101263","57101263",3,6,2,2,2,1966,2,2,0,0,0,0,9,0,0,6,6,2,2,42,0,1,1,18,46706,6,1,6,3,3,3,74,210,0,0,0,1,0,8,2013,8,2013,0,0,0,0,0,2,2,70,1,1,2,1,0,0,5,53,1,1,1,21,"1GLHY15M9NB6","777777777777","777777777777",0,0
39,390453,3,4,2,23,6,20,14,12,1,1,0,18,3,85,884,85884,66,2000,"1XKTDB9X8YJ8","1","X","K","T","D","B","9","X","8","Y","J","8",1,1,57,"125550","57125550",3,6,1,1,0,0,0,0,0,0,0,0,9,0,0,6,6,2,12,42,0,0,1,42,18847,6,1,6,3,3,3,72,999,0,0,0,0,0,0,0,0,0,0,0,0,0,0,2,2,70,1,1,2,1,0,0,5,50,1,1,1,98,"1KKVE5321SL1","777777777777","777777777777",0,0
39,390453,4,4,1,23,6,20,14,12,1,1,0,17,3,82,884,82884,66,2013,"3AKJGLDR5DSB","3","A","K","J","G","L","D","R","5","D","S","B",1,1,57,"1165309","571165309",3,6,1,1,0,0,0,0,0,0,0,0,9,0,0,6,4,5,12,42,0,0,1,17,60827,6,1,6,3,3,0,70,180,0,0,0,0,0,0,0,0,0,0,0,0,0,0,2,2,70,1,1,2,1,0,0,5,50,1,1,1,98,"1UYVS2536AU8","777777777777","777777777777",0,0
39,390454,1,2,1,28,6,17,47,12,2,1,0,39,2,20,441,20441,20,1995,"1GBDM19W9SB1","1","G","B","D","M","1","9","W","9","S","B","1",0,0,0,"000000000","00000000000",0,0,0,1,0,0,0,0,0,0,0,998,0,0,0,12,6,2,12,0,0,0,1,39,44052,6,1,0,0,3,3,64,160,0,0,0,0,0,0,0,0,0,0,28,0,0,0,1,4,45,1,1,2,1,0,0,15,10,6,1,2,50,"777777777777","777777777777","777777777777",0,0
39,390454,2,2,1,28,6,17,47,12,2,1,0,39,2,20,37,20037,4,1998,"1G1NE52M2W62","1","G","1","N","E","5","2","M","2","W","6","2",0,0,0,"000000000","00000000000",0,0,0,1,0,0,0,0,0,0,0,998,0,0,0,12,6,2,12,0,0,0,1,39,44035,6,1,0,0,3,3,64,95,0,0,0,0,0,0,0,0,0,0,0,0,0,0,1,4,45,1,1,2,1,0,0,1,62,99,1,1,51,"777777777777","777777777777","777777777777",1,0
39,390455,1,3,1,2,7,7,9,12,1,1,0,39,2,20,431,20431,16,2002,"1GNEC16Z52J2","1","G","N","E","C","1","6","Z","5","2","J","2",0,0,0,"000000000","00000000000",0,0,0,1,0,0,0,0,0,0,0,998,0,0,0,12,6,2,12,0,0,0,1,39,44035,6,1,0,0,3,3,74,320,0,0,0,3,1,7,2012,4,2015,0,26,0,0,0,5,5,55,1,1,2,1,3,3,1,50,99,1,1,20,"777777777777","777777777777","777777777777",0,0
39,390455,2,3,3,2,7,7,9,12,1,1,0,39,1,20,25,20025,4,2014,"1G1PC5SB1E72","1","G","1","P","C","5","S","B","1","E","7","2",0,0,0,"000000000","00000000000",0,0,0,1,0,0,0,0,0,0,0,0,0,0,0,6,6,2,12,0,0,0,1,39,44052,6,1,0,0,3,3,67,155,1,0,0,0,0,10,2011,10,2011,0,0,0,0,0,5,5,55,1,1,2,1,3,3,5,53,1,1,1,22,"777777777777","777777777777","777777777777",2,0
39,390455,3,3,1,2,7,7,9,12,1,1,0,39,1,20,850,20850,73,1976,"CGV156U17116","C","G","V","1","5","6","U","1","7","1","1","6",0,0,0,"000000000","00000000000",0,0,0,1,0,0,0,0,0,0,0,0,0,0,0,63,6,2,12,0,0,0,1,39,44052,6,1,0,0,3,3,69,195,0,0,0,0,0,0,0,0,0,0,0,0,0,0,5,5,55,1,1,2,1,3,3,5,53,1,1,1,98,"777777777777","777777777777","777777777777",0,0
39,390456,1,3,1,7,7,14,55,12,6,1,0,39,3,87,884,87884,66,1997,"1XP5DB9X9VN4","1","X","P","5","D","B","9","X","9","V","N","4",1,1,57,"1031218","571031218",3,6,4,1,0,0,0,0,0,0,0,998,0,0,0,12,6,2,12,0,0,0,1,39,44444,6,1,6,0,3,0,71,221,0,0,0,0,0,0,0,0,0,0,38,0,0,0,1,2,45,1,1,2,1,0,0,1,66,99,1,1,86,"888888888888","777777777777","777777777777",0,0
39,390456,2,3,2,7,7,14,55,12,6,1,0,39,1,22,20,22020,4,2004,"2G2WS5220412","2","G","2","W","S","5","2","2","0","4","1","2",0,0,0,"000000000","00000000000",0,0,0,1,0,0,0,0,0,0,0,998,0,0,0,81,6,2,12,0,0,0,1,39,44460,1,1,0,0,2,0,75,230,0,0,0,1,0,5,2014,5,2014,0,38,0,0,0,1,2,45,1,1,2,1,98,3,1,17,99,1,1,87,"777777777777","777777777777","777777777777",1,0
39,390456,3,3,1,7,7,14,55,12,6,1,0,39,1,20,37,20037,4,2015,"1G11C5SL7FF3","1","G","1","1","C","5","S","L","7","F","F","3",0,0,0,"000000000","00000000000",0,0,0,1,0,0,0,0,0,0,0,0,0,0,0,12,2,5,18,0,0,0,1,39,44484,6,1,0,0,3,3,64,137,0,0,0,0,0,0,0,0,0,0,0,0,0,0,1,2,45,1,1,2,1,20,3,5,98,1,1,1,98,"777777777777","777777777777","777777777777",0,0
39,390457,1,2,1,8,7,10,21,12,2,1,0,39,2,7,422,7422,15,2006,"1D4HB48N26F1","1","D","4","H","B","4","8","N","2","6","F","1",0,0,0,"000000000","00000000000",0,0,0,1,0,0,0,0,0,0,0,998,0,0,0,12,6,2,12,0,0,0,1,54,25504,6,1,0,0,3,3,68,180,0,0,0,0,0,0,0,0,0,0,28,0,0,0,1,4,35,1,1,2,1,0,0,1,10,99,1,2,50,"777777777777","777777777777","777777777777",0,0
39,390457,2,2,3,8,7,10,21,12,2,1,0,39,1,7,472,7472,31,2002,"1B7GL12X42S5","1","B","7","G","L","1","2","X","4","2","S","5",0,0,0,"000000000","00000000000",0,0,0,1,0,0,0,0,0,0,0,998,0,0,0,12,6,2,12,0,0,0,1,39,43302,6,1,0,0,3,0,74,185,0,1,0,0,1,10,2014,2,2016,0,0,0,0,0,1,4,35,1,1,2,1,0,0,1,62,99,1,1,51,"777777777777","777777777777","777777777777",1,0
39,390458,1,2,1,14,7,22,29,12,1,1,0,39,2,49,482,49482,31,2008,"5TBBV54138S5","5","T","B","B","V","5","4","1","3","8","S","5",0,0,0,"000000000","00000000000",0,0,0,1,0,0,0,0,0,0,0,70,0,0,0,12,6,2,43,0,0,0,1,39,45238,6,1,0,0,3,0,72,190,0,0,0,1,1,4,2014,6,2014,0,26,0,0,0,5,5,35,1,1,2,1,0,0,1,51,99,1,1,24,"777777777777","777777777777","777777777777",0,1
39,390458,2,2,1,14,7,22,29,12,1,1,0,39,1,39,36,39036,4,2004,"SAJEA51C44WD","S","A","J","E","A","5","1","C","4","4","W","D",0,0,0,"000000000","00000000000",0,0,0,1,0,0,0,0,0,0,0,50,0,0,0,6,6,2,43,0,0,0,1,39,45238,6,1,0,0,3,0,71,215,0,0,0,2,0,9,2012,5,2013,0,0,0,0,0,5,5,35,1,1,2,1,0,0,1,53,99,1,1,25,"777777777777","777777777777","777777777777",1,0
39,390459,1,3,2,25,6,9,16,12,6,1,0,39,1,72,706,72706,80,2012,"1HD1BWV1XCB0","1","H","D","1","B","W","V","1","X","C","B","0",0,0,0,"000000000","00000000000",0,0,0,1,0,0,0,0,0,0,0,0,0,0,0,61,4,3,12,0,0,0,1,39,44601,6,1,6,0,3,3,69,192,0,0,0,0,0,0,0,0,0,0,39,0,0,0,2,2,65,1,2,2,1,28,3,5,64,1,1,5,98,"777777777777","777777777777","777777777777",1,0
39,390459,2,3,2,25,6,9,16,12,6,1,0,39,2,72,706,72706,80,2013,"1HD1FCM1XDB6","1","H","D","1","F","C","M","1","X","D","B","6",0,0,0,"000000000","00000000000",0,0,0,1,0,0,0,0,0,0,0,0,0,0,0,61,4,3,12,0,0,0,1,39,44601,6,1,0,0,3,3,72,245,0,0,0,0,1,5,2015,5,2015,0,39,0,0,0,2,2,65,1,2,2,1,28,3,5,19,1,1,5,98,"777777777777","777777777777","777777777777",0,0
39,390459,3,3,1,25,6,9,16,12,6,1,0,48,3,51,881,51881,66,2009,"4V4NC9TG39N2","4","V","4","N","C","9","T","G","3","9","N","2",1,1,57,"2329203","572329203",3,6,2,2,2,1268,3,1,0,0,0,998,9,0,0,12,4,3,12,0,0,0,1,48,78002,6,1,6,1,3,0,999,999,1,0,0,1,0,3,2012,9,2015,0,99,99,99,99,2,2,65,1,2,2,1,0,0,17,52,6,1,4,98,"1T9TA442XER7","777777777777","777777777777",0,0
39,390460,1,1,2,29,6,22,58,8,0,1,0,39,1,20,2,20002,4,2005,"2G1WF52EX591","2","G","1","W","F","5","2","E","X","5","9","1",0,0,0,"000000000","00000000000",0,0,0,1,0,0,0,0,0,0,0,45,0,0,0,12,6,2,8,0,0,0,1,39,43223,6,1,0,0,3,0,67,165,1,2,0,2,1,11,2013,11,2014,0,0,0,0,0,1,5,45,1,1,2,1,0,0,1,80,99,1,1,13,"777777777777","777777777777","777777777777",0,0
39,390461,1,1,2,1,7,17,28,34,0,1,0,39,2,7,20,7020,4,2004,"1B3ES66S14D5","1","B","3","E","S","6","6","S","1","4","D","5",0,0,0,"000000000","00000000000",0,0,0,1,0,0,0,0,0,0,0,998,0,1,5,61,6,2,1,0,0,0,1,39,44672,6,1,0,0,3,3,69,160,1,1,0,2,5,7,2011,6,2016,4,27,36,0,0,1,2,35,2,2,2,1,0,0,14,12,99,3,4,7,"777777777777","777777777777","777777777777",1,0
39,390462,1,1,5,2,7,16,25,34,0,1,0,39,1,63,441,63441,20,2002,"KNDUP1316263","K","N","D","U","P","1","3","1","6","2","6","3",0,0,0,"000000000","00000000000",0,0,0,1,0,0,0,0,0,0,0,998,0,1,5,61,6,2,1,0,0,0,1,39,43986,6,1,0,0,3,0,64,184,0,0,0,0,0,0,0,0,0,0,27,0,0,0,1,2,55,3,1,2,1,0,0,14,12,8,3,4,7,"777777777777","777777777777","777777777777",1,1
39,390463,1,1,1,6,6,18,33,30,0,1,0,39,1,23,481,23481,31,2012,"1GTR2VE75CZ2","1","G","T","R","2","V","E","7","5","C","Z","2",0,0,0,"000000000","00000000000",0,0,0,1,0,0,0,0,0,0,0,70,0,1,5,63,6,2,42,0,0,0,1,39,43844,6,1,0,0,3,0,69,200,1,0,0,0,1,12,2013,5,2016,4,36,27,0,0,1,2,55,1,2,2,2,0,0,1,12,99,3,4,7,"777777777777","777777777777","777777777777",1,1
39,390464,1,2,1,28,6,16,50,12,2,1,0,39,1,23,402,23402,14,2015,"2GKFLYEK2F61","2","G","K","F","L","Y","E","K","2","F","6","1",0,0,0,"000000000","00000000000",0,0,0,1,0,0,0,0,0,0,0,15,0,0,0,12,4,3,12,0,0,0,1,39,45365,6,1,0,0,3,3,63,97,0,0,0,0,0,0,0,0,0,0,38,0,0,0,1,2,55,1,1,2,1,0,0,11,15,99,1,1,74,"777777777777","777777777777","777777777777",0,0
39,390464,2,2,1,28,6,16,50,12,2,1,0,39,1,37,703,37703,80,2008,"JH2MC13098K4","J","H","2","M","C","1","3","0","9","8","K","4",0,0,0,"000000000","00000000000",0,0,0,1,0,0,0,0,0,0,0,40,0,0,0,12,6,2,12,0,0,0,1,39,45365,6,1,0,0,3,0,65,135,0,0,0,0,0,0,0,0,0,0,0,0,0,0,1,2,55,1,1,2,1,0,0,1,62,99,1,1,74,"777777777777","777777777777","777777777777",1,0
39,390465,1,1,1,28,6,18,24,25,0,1,0,26,1,72,706,72706,80,2006,"1HD1GM1176K3","1","H","D","1","G","M","1","1","7","6","K","3",0,0,0,"000000000","00000000000",0,0,0,1,0,0,0,0,0,0,0,998,0,0,0,62,4,3,25,0,0,0,1,26,49247,6,1,0,0,3,0,72,170,3,0,0,0,1,4,2014,8,2015,0,27,0,0,0,3,2,50,1,1,2,1,0,0,1,12,99,1,4,6,"777777777777","777777777777","777777777777",1,0
39,390466,1,2,1,29,6,18,40,12,1,1,0,39,1,37,709,37709,80,1975,"2A28841H5","2","A","2","8","8","4","1","H","5","","","",0,0,0,"000000000","00000000000",0,0,0,1,0,0,0,0,0,0,0,998,0,0,0,12,6,2,30,0,0,0,1,39,45103,6,1,99,9,2,9,72,220,0,0,0,1,2,12,2012,1,2015,0,26,0,0,0,1,2,45,3,1,2,1,0,0,14,51,99,1,1,24,"777777777777","777777777777","777777777777",1,1
39,390466,2,2,1,29,6,18,40,12,1,1,0,39,1,72,706,72706,80,2007,"1HD1FF4187Y7","1","H","D","1","F","F","4","1","8","7","Y","7",0,0,0,"000000000","00000000000",0,0,0,1,0,0,0,0,0,0,0,998,0,0,0,6,2,5,12,0,0,0,1,39,45103,6,1,0,0,3,3,71,175,1,0,0,0,0,6,2012,6,2012,0,0,0,0,0,1,2,45,3,1,2,1,0,0,14,53,1,1,1,25,"777777777777","777777777777","777777777777",0,0
39,390467,1,1,1,5,7,10,56,15,0,1,0,39,1,23,402,23402,14,2015,"2GKFLWE37F61","2","G","K","F","L","W","E","3","7","F","6","1",0,0,0,"000000000","00000000000",0,0,0,1,0,0,0,0,0,0,0,998,0,0,0,62,2,5,15,0,0,0,1,39,44483,6,1,0,0,3,3,64,150,0,0,0,0,0,0,0,0,0,0,99,99,99,99,1,2,35,1,1,2,1,20,3,11,15,99,1,1,13,"777777777777","777777777777","777777777777",0,0
39,390468,1,1,1,16,7,1,43,25,0,1,0,39,1,49,32,49032,4,1998,"1NXBR18EXWZ0","1","N","X","B","R","1","8","E","X","W","Z","0",0,0,0,"000000000","00000000000",0,0,0,1,0,0,0,0,0,0,0,80,0,0,0,12,6,2,25,0,0,0,1,39,43215,6,1,0,0,3,0,63,218,0,0,0,0,0,0,0,0,0,0,27,0,0,0,3,4,55,2,2,2,1,0,0,14,12,99,1,4,6,"777777777777","777777777777","777777777777",1,1
39,390469,1,2,2,17,7,0,45,12,7,1,0,39,1,53,706,53706,80,2006,"JS1GW71A3621","J","S","1","G","W","7","1","A","3","6","2","1",0,0,0,"000000000","00000000000",0,0,0,1,0,0,0,0,0,0,0,998,0,0,0,61,4,3,12,0,0,0,1,39,45205,1,1,0,0,2,0,67,215,0,1,0,0,0,12,2013,12,2013,0,99,99,99,99,5,5,35,1,1,2,1,0,0,1,60,99,1,1,45,"777777777777","777777777777","777777777777",1,0
39,390469,2,2,2,17,7,0,45,12,7,1,0,39,1,20,2,20002,4,2007,"2G1WU58R0791","2","G","1","W","U","5","8","R","0","7","9","1",0,0,0,"000000000","00000000000",0,0,0,1,0,0,0,0,0,0,0,998,0,0,0,83,4,3,12,0,0,0,1,39,45205,6,1,0,0,3,0,63,200,0,0,0,0,0,0,0,0,0,0,99,99,99,99,5,5,35,1,1,2,1,0,0,15,11,99,1,2,47,"777777777777","777777777777","777777777777",0,0