"STATE","ST_CASE","VEH_NO","VE_FORMS","NUMOCCS","DAY","MONTH","HOUR","MINUTE","HARM_EV","MAN_COLL","UNITTYPE","HIT_RUN","REG_STAT","OWNER","MAKE","MODEL","MAK_MOD","BODY_TYP","MOD_YEAR","VIN","VIN_1","VIN_2","VIN_3","VIN_4","VIN_5","VIN_6","VIN_7","VIN_8","VIN_9","VIN_10","VIN_11","VIN_12","TOW_VEH","J_KNIFE","MCARR_I1","MCARR_I2","MCARR_ID","GVWR","V_CONFIG","CARGO_BT","HAZ_INV","HAZ_PLAC","HAZ_ID","HAZ_CNO","HAZ_REL","BUS_USE","SPEC_USE","EMER_USE","TRAV_SP","UNDERIDE","ROLLOVER","ROLINLOC","IMPACT1","DEFORMED","TOWED","M_HARM","VEH_SC1","VEH_SC2","FIRE_EXP","DR_PRES","L_STATE","DR_ZIP","L_STATUS","L_TYPE","CDL_STAT","L_ENDORS","L_COMPL","L_RESTRI","DR_HGT","DR_WGT","PREV_ACC","PREV_SUS","PREV_DWI","PREV_SPD","PREV_OTH","FIRST_MO","FIRST_YR","LAST_MO","LAST_YR","SPEEDREL","DR_SF1","DR_SF2","DR_SF3","DR_SF4","VTRAFWAY","VNUM_LAN","VSPD_LIM","VALIGN","VPROFILE","VPAVETYP","VSURCOND","VTRAFCON","VTCONT_F","P_CRASH1","P_CRASH2","P_CRASH3","PCRASH4","PCRASH5","ACC_TYPE","TRLR1VIN","TRLR2VIN","TRLR3VIN","DEATHS","DR_DRINK"
39,390470,1,1,2,1,7,2,21,14,0,1,0,54,1,12,402,12402,14,2008,"1FMCU03118KC","1","F","M","C","U","0","3","1","1","8","K","C",0,0,0,"000000000","00000000000",0,0,0,1,0,0,0,0,0,0,0,998,0,1,2,12,6,2,14,0,0,0,1,54,26003,6,1,0,0,3,3,67,170,0,3,0,0,2,1,2013,12,2013,0,36,0,0,0,2,2,70,1,1,2,1,0,0,1,13,99,1,4,1,"777777777777","777777777777","777777777777",1,1
39,390471,1,1,2,3,7,23,6,59,0,1,0,39,1,7,442,7442,20,2015,"2C4RDGBG8FR5","2","C","4","R","D","G","B","G","8","F","R","5",0,0,0,"000000000","00000000000",0,0,0,1,0,0,0,0,0,0,0,998,0,1,5,12,6,2,1,0,0,0,1,39,43338,6,1,0,0,3,0,72,250,0,0,0,0,0,0,0,0,0,0,27,0,0,0,1,2,55,1,1,2,1,0,0,1,13,1,1,4,1,"777777777777","777777777777","777777777777",1,0
39,390472,1,2,1,4,7,1,20,12,6,1,0,39,1,30,46,30046,4,2005,"WVWAD63B45P0","W","V","W","A","D","6","3","B","4","5","P","0",0,0,0,"000000000","00000000000",0,0,0,1,0,0,0,0,0,0,0,998,0,0,0,61,6,2,12,0,0,0,1,39,44280,6,1,0,0,3,0,66,210,0,0,0,1,1,5,2013,11,2013,0,39,0,0,0,1,2,55,1,1,2,1,20,3,1,17,99,1,1,89,"777777777777","777777777777","777777777777",1,1
39,390472,2,2,2,4,7,1,20,12,6,1,0,39,2,49,32,49032,4,2010,"1NXBU4EE7AZ1","1","N","X","B","U","4","E","E","7","A","Z","1",0,0,0,"000000000","00000000000",0,0,0,1,0,0,0,0,0,0,0,998,0,0,0,12,6,2,12,0,0,0,1,39,45405,6,1,0,0,3,0,61,150,0,0,0,0,0,0,0,0,0,0,0,0,0,0,1,2,55,1,1,2,1,0,0,1,66,99,1,1,88,"777777777777","777777777777","777777777777",0,0
39,390473,1,2,1,5,7,21,35,12,6,1,0,39,1,7,24,7024,4,2007,"2B3LA73W57H7","2","B","3","L","A","7","3","W","5","7","H","7",0,0,0,"000000000","00000000000",0,0,0,1,0,0,0,0,0,0,0,998,0,0,0,61,4,3,12,0,0,0,1,39,45207,6,1,0,0,3,3,70,180,2,0,0,2,1,9,2012,3,2016,0,27,35,48,0,2,3,35,1,2,2,1,0,0,12,21,1,1,2,98,"777777777777","777777777777","777777777777",0,0
39,390473,2,2,1,5,7,21,35,12,6,1,0,39,1,53,706,53706,80,2003,"JS1GT75A8321","J","S","1","G","T","7","5","A","8","3","2","1",0,0,0,"000000000","00000000000",0,0,0,1,0,0,0,0,0,0,0,50,0,0,0,12,6,2,12,0,0,0,1,39,45227,1,1,0,0,2,3,68,175,0,3,3,2,5,7,2011,4,2016,3,6,0,0,0,2,3,35,1,2,2,1,0,0,1,61,99,1,1,98,"777777777777","777777777777","777777777777",1,0
39,390475,1,2,1,12,6,20,31,12,6,1,0,39,1,72,706,72706,80,2013,"1HD1KEM12DB6","1","H","D","1","K","E","M","1","2","D","B","6",0,0,0,"000000000","00000000000",0,0,0,1,0,0,0,0,0,0,0,998,0,0,0,12,6,2,12,0,0,0,1,39,43616,6,1,6,0,3,0,70,230,1,0,0,0,0,5,2014,5,2014,0,0,0,0,0,5,5,35,1,1,2,1,3,3,1,67,99,1,1,69,"777777777777","777777777777","777777777777",1,0
39,390475,2,2,1,12,6,20,31,12,6,1,0,39,2,22,32,22032,6,2009,"5Y2SP67069Z4","5","Y","2","S","P","6","7","0","6","9","Z","4",0,0,0,"000000000","00000000000",0,0,0,1,0,0,0,0,0,0,0,998,0,0,0,81,4,8,12,0,0,0,1,39,43616,6,1,0,0,3,0,65,120,1,0,0,0,0,3,2014,3,2014,0,38,0,0,0,5,5,35,1,1,2,1,3,3,11,15,99,1,1,68,"777777777777","777777777777","777777777777",0,0
39,390476,1,1,2,13,6,13,24,42,0,1,0,39,2,37,31,37031,4,2013,"19XFB2F86DE0","1","9","X","F","B","2","F","8","6","D","E","0",0,0,0,"000000000","00000000000",0,0,0,1,0,0,0,0,0,0,0,998,0,0,0,61,6,2,42,0,0,0,1,39,45152,6,1,0,0,3,3,64,110,0,0,0,0,0,0,0,0,0,0,27,36,0,0,1,2,40,1,2,2,1,0,0,1,13,99,1,4,1,"777777777777","777777777777","777777777777",1,0
39,390477,1,2,2,28,6,14,1,12,6,1,0,39,1,18,2,18002,4,2005,"1G4HR54K75U2","1","G","4","H","R","5","4","K","7","5","U","2",0,0,0,"000000000","00000000000",0,0,0,1,0,0,0,0,0,0,0,15,0,0,0,61,6,2,12,0,0,0,1,39,43615,6,1,0,0,3,3,66,175,0,0,0,0,0,0,0,0,0,0,39,0,0,0,1,2,55,1,1,2,1,20,3,1,17,99,1,1,89,"777777777777","777777777777","777777777777",1,0
39,390477,2,2,1,28,6,14,1,12,6,1,0,26,1,6,51,6051,4,2007,"2C3KA53G67H6","2","C","3","K","A","5","3","G","6","7","H","6",0,0,0,"000000000","00000000000",0,0,0,1,0,0,0,0,0,0,0,998,0,0,0,12,6,2,12,0,0,0,1,26,49255,6,1,0,0,3,3,61,175,0,0,0,0,0,0,0,0,0,0,0,0,0,0,1,2,55,1,1,2,1,0,0,1,66,99,1,1,88,"777777777777","777777777777","777777777777",0,0
39,390478,1,2,1,9,7,15,18,12,6,1,0,18,3,12,462,12462,21,2015,"1FTNR3XG2FKS","1","F","T","N","R","3","X","G","2","F","K","S",0,0,0,"000000000","00000000000",0,0,0,1,0,0,0,0,0,0,0,998,0,0,0,62,6,2,12,0,0,0,1,18,46737,1,1,0,0,2,0,74,295,0,1,0,2,2,7,2012,3,2016,0,39,0,0,0,1,2,55,1,1,2,1,20,3,1,17,99,1,1,89,"777777777777","777777777777","777777777777",1,0
39,390478,2,2,2,9,7,15,18,12,6,1,0,39,1,20,481,20481,31,2005,"1GCHK23U05F8","1","G","C","H","K","2","3","U","0","5","F","8",0,0,0,"000000000","00000000000",0,0,0,1,0,0,0,0,0,0,0,998,0,0,0,12,6,2,12,0,0,0,1,39,43076,6,1,6,0,3,0,73,185,0,0,0,0,0,0,0,0,0,0,0,0,0,0,1,2,55,1,1,2,1,0,0,1,66,99,1,1,88,"777777777777","777777777777","777777777777",0,0
39,390479,1,2,2,28,6,7,37,12,6,1,0,39,1,49,482,49482,31,2016,"5TFUW5F18GX5","5","T","F","U","W","5","F","1","8","G","X","5",0,0,0,"000000000","00000000000",0,0,0,1,0,0,0,0,0,0,0,3,0,1,1,12,6,2,12,0,0,0,1,39,45867,6,1,0,0,3,0,68,180,0,0,0,1,0,6,2015,6,2015,0,38,0,0,0,1,2,55,1,1,2,1,20,3,3,17,1,1,1,88,"777777777777","777777777777","777777777777",0,0
39,390479,2,2,4,28,6,7,37,12,6,1,0,39,2,2,406,2406,14,2007,"1J8HG48P17C6","1","J","8","H","G","4","8","P","1","7","C","6",0,0,0,"000000000","00000000000",0,0,0,1,0,0,0,0,0,0,0,55,0,0,0,62,6,2,19,0,0,0,1,39,45843,6,1,0,0,3,3,67,120,1,1,0,3,0,1,2013,4,2015,0,0,0,0,0,1,2,55,1,1,2,1,0,0,1,66,99,1,1,89,"777777777777","777777777777","777777777777",1,0
39,390480,1,2,2,29,6,13,5,12,6,1,0,39,1,6,441,6441,20,2007,"2A8GP54LX7R3","2","A","8","G","P","5","4","L","X","7","R","3",0,0,0,"000000000","00000000000",0,0,0,1,0,0,0,0,0,0,0,998,0,0,0,12,6,2,8,0,0,0,1,39,45405,6,1,0,0,3,0,57,125,0,0,0,0,0,0,0,0,0,0,39,0,0,0,1,5,30,1,1,2,1,3,3,1,17,99,1,1,86,"777777777777","777777777777","777777777777",0,0
39,390480,2,2,1,29,6,13,5,12,6,1,0,39,1,20,2,20002,4,2008,"2G1WB58K6813","2","G","1","W","B","5","8","K","6","8","1","3",0,0,0,"000000000","00000000000",0,0,0,1,0,0,0,0,0,0,0,998,0,0,0,82,6,2,12,0,0,0,1,39,45208,6,1,0,0,3,3,66,165,0,0,0,0,0,0,0,0,0,0,0,0,0,0,1,5,30,1,1,2,1,3,3,1,17,99,1,1,87,"777777777777","777777777777","777777777777",0,0
39,390481,1,1,1,24,6,23,15,43,0,1,0,39,1,20,421,20421,15,2003,"1GNDT13X03K1","1","G","N","D","T","1","3","X","0","3","K","1",0,0,0,"000000000","00000000000",0,0,0,1,0,0,0,0,0,0,0,55,0,1,5,12,6,2,1,0,0,0,1,39,43613,6,1,0,0,3,0,69,180,2,0,0,2,3,11,2011,9,2015,4,36,0,0,0,1,2,55,3,2,2,1,65,3,14,13,99,1,4,12,"777777777777","777777777777","777777777777",1,1
39,390482,1,2,1,11,7,8,58,12,6,1,0,39,1,6,51,6051,4,2011,"2C3CA6CT2BH5","2","C","3","C","A","6","C","T","2","B","H","5",0,0,0,"000000000","00000000000",0,0,0,1,0,0,0,0,0,0,0,50,0,0,0,12,6,2,2,0,0,1,1,39,45310,6,1,0,0,3,3,62,162,0,0,0,1,0,3,2012,3,2012,0,39,0,0,0,1,2,55,1,1,2,1,20,3,1,17,99,1,1,88,"777777777777","777777777777","777777777777",0,0
39,390482,2,2,1,11,7,8,58,12,6,1,0,39,3,20,421,20421,15,2016,"1GNSKBKC5GR1","1","G","N","S","K","B","K","C","5","G","R","1",0,0,0,"000000000","00000000000",0,0,0,1,0,0,0,0,0,0,0,55,0,1,5,62,6,2,12,0,0,0,1,39,45356,6,1,0,0,3,3,65,210,0,0,0,0,0,0,0,0,0,0,0,0,0,0,1,2,55,1,1,2,1,0,0,1,66,99,1,1,89,"777777777777","777777777777","777777777777",1,0
39,390483,1,2,2,5,7,22,45,12,2,1,0,39,2,7,482,7482,31,2005,"1D7HU18N35J6","1","D","7","H","U","1","8","N","3","5","J","6",0,0,0,"000000000","00000000000",0,0,0,1,0,0,0,0,0,0,0,998,0,0,0,12,6,2,12,0,0,0,1,39,45424,6,1,0,0,3,3,71,220,2,3,0,0,4,6,2012,5,2016,0,36,0,0,0,1,2,45,1,1,2,1,0,0,1,10,99,1,2,50,"777777777777","777777777777","777777777777",1,0
39,390483,2,2,1,5,7,22,45,12,2,1,0,39,1,20,28,20028,4,2015,"1G1JC5SH0F41","1","G","1","J","C","5","S","H","0","F","4","1",0,0,0,"000000000","00000000000",0,0,0,1,0,0,0,0,0,0,0,998,0,1,5,12,6,2,12,0,0,0,1,39,45424,6,1,0,0,3,3,74,250,0,0,0,0,1,11,2011,11,2011,0,0,0,0,0,1,2,45,1,1,2,1,0,0,1,62,99,1,1,51,"777777777777","777777777777","777777777777",1,0
39,390484,1,2,1,11,7,14,16,34,0,1,0,39,3,51,881,51881,66,2007,"4V4NC9GH57N4","4","V","4","N","C","9","G","H","5","7","N","4",1,1,88,"888888888","88888888888",3,6,2,1,0,0,0,0,0,0,0,998,0,1,5,13,6,2,1,0,0,0,1,39,45812,6,1,6,1,3,1,77,180,1,1,0,1,2,7,2012,10,2015,0,27,0,0,0,1,2,55,1,1,2,1,0,0,1,13,99,1,4,1,"888888888888","777777777777","777777777777",1,0
39,390484,2,2,1,11,7,14,16,34,0,1,0,39,1,23,401,23401,14,2004,"1GKDS13S2422","1","G","K","D","S","1","3","S","2","4","2","2",0,0,0,"000000000","00000000000",0,0,0,1,0,0,0,0,0,0,0,998,0,0,0,0,0,5,7,0,0,0,1,39,43511,6,1,0,0,3,0,72,200,1,0,0,0,0,8,2014,8,2014,0,0,0,0,0,1,2,55,1,1,2,1,0,0,1,98,99,1,1,98,"777777777777","777777777777","777777777777",0,0
39,390485,1,1,1,14,7,15,27,34,0,1,0,39,1,12,401,12401,14,2003,"1FMZU72KX3ZB","1","F","M","Z","U","7","2","K","X","3","Z","B",0,0,0,"000000000","00000000000",0,0,0,1,0,0,0,0,0,0,0,998,0,1,5,62,6,2,1,0,0,0,1,39,44047,6,1,0,0,3,0,74,250,1,0,2,0,1,3,2012,5,2016,0,27,0,0,0,1,2,55,1,2,2,1,0,0,1,12,99,1,4,6,"777777777777","777777777777","777777777777",1,1
39,390486,1,1,1,17,7,5,25,58,0,1,0,39,2,19,18,19018,4,2004,"1G6DM5771401","1","G","6","D","M","5","7","7","1","4","0","1",0,0,0,"000000000","00000000000",0,0,0,1,0,0,0,0,0,0,0,998,0,0,0,81,6,2,30,0,0,0,1,39,43351,6,1,0,0,3,0,75,182,0,1,0,1,1,2,2012,8,2015,4,6,0,0,0,1,2,55,1,2,2,1,65,3,1,6,99,1,1,98,"777777777777","777777777777","777777777777",1,1
39,390487,1,3,1,6,7,14,50,12,8,1,0,34,3,38,882,38882,62,2015,"JALC4W167F70","J","A","L","C","4","W","1","6","7","F","7","0",0,0,57,"2135745","572135745",2,1,1,1,0,0,0,0,0,0,0,998,0,0,0,62,4,5,12,42,0,0,1,39,44203,3,1,0,0,2,0,77,265,1,1,0,1,0,2,2014,3,2016,0,27,0,0,0,1,2,55,2,1,2,1,0,0,14,10,1,1,2,64,"777777777777","777777777777","777777777777",0,0
39,390487,2,3,2,6,7,14,50,12,8,1,0,26,1,24,401,24401,14,2007,"5GZCZ33D17S8","5","G","Z","C","Z","3","3","D","1","7","S","8",0,0,0,"000000000","00000000000",0,0,0,1,0,0,0,0,0,0,0,998,0,0,0,61,6,2,12,0,0,0,1,26,48917,6,1,0,0,3,0,67,175,0,0,0,1,0,1,2015,1,2015,0,0,0,0,0,1,2,55,3,1,2,1,0,0,14,62,99,1,1,65,"777777777777","777777777777","777777777777",1,0
39,390487,3,3,1,6,7,14,50,12,8,1,0,39,1,7,24,7024,4,2006,"2B3KA53H66H5","2","B","3","K","A","5","3","H","6","6","H","5",0,0,0,"000000000","00000000000",0,0,0,1,0,0,0,0,0,0,0,998,0,0,0,19,6,2,18,0,0,0,1,39,43464,6,1,0,0,3,0,70,200,1,0,0,2,1,9,2014,9,2015,0,0,0,0,0,1,2,55,2,1,2,1,0,0,14,62,99,1,1,98,"777777777777","777777777777","777777777777",0,0
39,390488,1,1,3,8,7,10,10,34,0,1,0,39,2,20,471,20471,30,1998,"1GCCS1440W81","1","G","C","C","S","1","4","4","0","W","8","1",0,0,0,"000000000","00000000000",0,0,0,1,0,0,0,0,0,0,0,998,0,1,5,62,6,2,34,0,0,0,1,39,44820,1,1,0,0,2,0,71,190,1,5,0,0,2,12,2013,4,2016,0,36,0,0,0,1,2,55,1,1,2,1,0,0,1,12,99,2,4,7,"777777777777","777777777777","777777777777",1,1
39,390490,1,4,1,8,7,13,3,12,2,1,0,39,1,18,2,18002,4,2000,"1G4HP54K6Y42","1","G","4","H","P","5","4","K","6","Y","4","2",0,0,0,"000000000","00000000000",0,0,0,1,0,0,0,0,0,0,0,998,0,0,0,12,6,2,12,0,0,1,1,39,44240,6,1,0,0,3,3,66,225,0,0,0,0,1,12,2015,12,2015,0,27,28,0,0,1,3,45,1,1,2,1,0,0,1,50,16,2,1,74,"777777777777","777777777777","777777777777",1,0
39,390490,2,4,1,8,7,13,3,12,2,1,0,39,2,2,404,2404,14,2000,"999999999999","9","9","9","9","9","9","9","9","9","9","9","9",0,0,0,"000000000","00000000000",0,0,0,1,0,0,0,0,0,0,0,0,0,0,0,12,6,2,12,0,0,0,1,39,44306,6,1,6,0,3,0,72,240,0,0,0,3,0,8,2011,4,2014,0,0,0,0,0,1,3,45,1,1,2,1,0,0,11,54,1,1,1,74,"777777777777","777777777777","777777777777",0,0
39,390490,3,4,2,8,7,13,3,12,2,1,0,39,3,12,481,12481,31,2015,"1FD8X3HT1FED","1","F","D","8","X","3","H","T","1","F","E","D",1,1,57,"1499091","571499091",1,4,0,1,0,0,0,0,0,0,0,998,0,0,0,12,6,2,12,42,0,0,1,39,43140,6,1,0,0,3,3,71,175,1,2,1,2,3,1,2013,12,2015,0,0,0,0,0,1,3,45,1,1,2,1,0,0,1,62,16,2,1,98,"888888888888","777777777777","777777777777",0,0
39,390490,4,4,2,8,7,13,3,12,2,1,0,39,2,12,23,12023,4,2014,"3FA6P0H93ER1","3","F","A","6","P","0","H","9","3","E","R","1",0,0,0,"000000000","00000000000",0,0,0,1,0,0,0,0,0,0,0,998,0,0,0,12,6,2,12,0,0,0,1,39,44266,6,1,0,0,3,3,64,170,0,0,0,0,0,0,0,0,0,0,27,0,0,0,1,3,45,1,1,2,1,0,0,17,50,6,1,2,98,"777777777777","777777777777","777777777777",0,0
39,390491,1,1,1,9,7,3,6,24,0,1,0,39,2,2,403,2403,14,2012,"1C4BJWDG1CL2","1","C","4","B","J","W","D","G","1","C","L","2",0,0,0,"000000000","00000000000",0,0,0,1,0,0,0,0,0,0,0,45,0,1,5,63,6,2,1,0,0,0,1,39,44087,6,1,0,0,3,0,66,110,0,0,0,0,1,2,2013,2,2013,4,36,0,0,0,6,1,65,3,2,2,1,0,0,14,13,99,4,4,2,"777777777777","777777777777","777777777777",1,1
39,390492,1,1,1,9,7,22,0,25,0,1,0,12,1,72,706,72706,80,2007,"1HD1PR8187Y9","1","H","D","1","P","R","8","1","8","7","Y","9",0,0,0,"000000000","00000000000",0,0,0,1,0,0,0,0,0,0,0,998,0,0,0,81,4,9,25,0,0,0,1,12,43614,6,1,6,0,2,0,72,190,0,0,0,2,0,3,2012,3,2012,4,27,36,0,0,3,4,60,3,2,2,1,0,0,1,11,99,1,4,1,"777777777777","777777777777","777777777777",1,1
39,390493,1,1,1,2,7,1,57,34,0,1,0,39,1,7,482,7482,31,2005,"1D7HA18D25S1","1","D","7","H","A","1","8","D","2","5","S","1",0,0,0,"000000000","00000000000",0,0,0,1,0,0,0,0,0,0,0,65,0,1,9,82,6,2,34,0,0,0,1,39,43207,6,1,0,0,3,0,75,512,0,5,0,0,1,11,2011,12,2013,4,36,0,0,0,6,1,45,3,1,2,1,0,0,14,13,99,4,4,2,"777777777777","777777777777","777777777777",1,1
39,390495,1,2,1,11,7,17,0,12,2,1,0,39,2,7,482,7482,31,1996,"1B7KF26C5TJ1","1","B","7","K","F","2","6","C","5","T","J","1",0,0,0,"000000000","00000000000",0,0,0,1,0,0,0,0,0,0,0,998,0,0,0,12,6,2,12,0,0,0,1,39,43351,6,1,0,0,3,0,70,155,1,1,0,2,0,12,2012,4,2014,0,80,27,0,0,1,2,55,3,1,2,1,0,0,14,4,99,4,2,50,"777777777777","777777777777","777777777777",0,0
39,390495,2,2,1,11,7,17,0,12,2,1,0,39,1,12,23,12023,4,2009,"3FAHP07129R1","3","F","A","H","P","0","7","1","2","9","R","1",0,0,0,"000000000","00000000000",0,0,0,1,0,0,0,0,0,0,0,998,0,0,0,12,6,2,12,0,0,0,1,39,44883,6,1,0,0,3,3,67,140,0,0,0,0,0,0,0,0,0,0,0,0,0,0,1,2,55,2,1,2,1,0,0,14,62,99,1,1,51,"777777777777","777777777777","777777777777",1,0
39,390496,1,2,1,29,6,22,36,12,2,1,0,39,2,30,40,30040,4,2007,"3VWHF71K07M1","3","V","W","H","F","7","1","K","0","7","M","1",0,0,0,"000000000","00000000000",0,0,0,1,0,0,0,0,0,0,0,998,0,0,0,12,6,2,12,0,0,0,1,39,45150,6,1,0,0,3,0,66,120,0,0,0,0,0,0,0,0,0,0,0,0,0,0,1,2,40,1,2,2,1,0,0,1,62,99,1,1,51,"777777777777","777777777777","777777777777",0,0
39,390496,2,2,2,29,6,22,36,12,2,1,0,39,2,37,31,37031,2,1998,"1HGEJ8241WL1","1","H","G","E","J","8","2","4","1","W","L","1",0,0,0,"000000000","00000000000",0,0,0,1,0,0,0,0,0,0,0,998,0,0,0,12,6,2,12,0,0,0,1,39,45162,6,1,0,0,3,0,69,145,0,0,0,0,0,0,0,0,0,0,28,0,0,0,1,2,40,1,2,2,1,0,0,1,10,99,1,2,50,"777777777777","777777777777","777777777777",1,1
39,390497,1,1,1,11,7,5,43,8,0,1,1,99,9,99,999,99999,99,9999,"999999999999","9","9","9","9","9","9","9","9","9","9","9","9",0,0,0,"000000000","00000000000",0,0,0,1,0,0,0,0,0,0,0,998,0,0,0,12,9,5,8,0,0,0,1,99,99999,9,9,99,9,9,9,999,999,99,99,99,99,99,99,9999,99,9999,0,99,99,99,99,3,3,98,1,2,2,1,0,0,1,80,99,1,1,13,"777777777777","777777777777","777777777777",0,0
39,390498,1,1,2,16,7,2,48,59,0,1,0,39,2,7,20,7020,4,2002,"1B3ES56C02D5","1","B","3","E","S","5","6","C","0","2","D","5",0,0,0,"000000000","00000000000",0,0,0,1,0,0,0,0,0,0,0,998,0,1,4,82,6,2,1,0,0,0,1,39,44301,1,1,0,0,2,0,67,165,0,0,0,0,0,0,0,0,0,0,27,0,0,0,3,2,65,1,2,2,1,0,0,1,13,99,1,4,1,"777777777777","777777777777","777777777777",1,1
39,390499,1,1,3,16,7,18,47,30,0,1,0,39,1,20,402,20402,14,1999,"2CNBE13C8X69","2","C","N","B","E","1","3","C","8","X","6","9",0,0,0,"000000000","00000000000",0,0,0,1,0,0,0,0,0,0,0,998,0,0,0,82,6,2,30,0,0,0,1,39,45662,6,1,0,0,3,0,76,296,2,0,0,3,2,3,2012,11,2015,0,27,0,0,0,1,2,55,1,1,2,1,0,0,1,13,99,1,4,1,"777777777777","777777777777","777777777777",2,0
39,390500,1,2,1,20,7,23,6,12,1,1,0,39,2,72,706,72706,80,2005,"1HD1CGP195K4","1","H","D","1","C","G","P","1","9","5","K","4",0,0,0,"000000000","00000000000",0,0,0,1,0,0,0,0,0,0,0,110,0,0,0,12,6,8,12,0,0,0,1,39,43229,6,1,0,0,3,0,70,150,0,0,0,2,3,12,2013,11,2014,4,26,0,0,0,3,4,55,1,1,2,1,0,0,1,51,99,1,1,24,"777777777777","777777777777","777777777777",1,1
39,390500,2,2,1,20,7,23,6,12,1,1,0,39,1,20,37,20037,4,2008,"1G1ZK5771842","1","G","1","Z","K","5","7","7","1","8","4","2",0,0,0,"000000000","00000000000",0,0,0,1,0,0,0,0,0,0,0,998,0,0,0,6,6,2,12,0,0,0,1,39,43209,6,1,0,0,3,3,65,180,1,0,0,2,0,6,2012,1,2014,0,0,0,0,0,3,4,55,1,1,2,1,0,0,1,53,99,1,1,25,"777777777777","777777777777","777777777777",0,0
39,390501,1,1,1,20,7,14,25,35,0,1,0,39,1,7,482,7482,31,2003,"1D7HU18N43S1","1","D","7","H","U","1","8","N","4","3","S","1",0,0,0,"000000000","00000000000",0,0,0,1,0,0,0,0,0,0,0,998,0,1,5,62,6,2,1,0,0,0,1,39,44883,6,1,0,0,3,3,64,162,0,0,0,0,0,0,0,0,0,0,58,0,0,0,1,2,55,1,1,2,1,0,0,1,13,7,1,4,1,"777777777777","777777777777","777777777777",1,0
39,390502,1,1,1,23,7,18,1,21,0,1,0,39,1,55,35,55035,2,2000,"KMHJF35F4YU0","K","M","H","J","F","3","5","F","4","Y","U","0",0,0,0,"000000000","00000000000",0,0,0,1,0,0,0,0,0,0,0,70,0,0,0,12,6,2,21,0,0,0,1,39,43821,6,1,0,0,3,0,72,160,2,1,1,1,2,10,2011,2,2016,3,6,0,0,0,1,2,55,1,1,2,1,40,3,1,6,1,1,1,98,"777777777777","777777777777","777777777777",1,1
39,390503,1,2,3,11,7,16,22,12,6,1,0,39,1,30,40,30040,4,2006,"3VWCT71K96M8","3","V","W","C","T","7","1","K","9","6","M","8",0,0,0,"000000000","00000000000",0,0,0,1,0,0,0,0,0,0,0,998,0,0,0,61,6,2,12,0,0,0,1,39,44281,6,1,0,0,3,0,64,180,0,0,0,0,0,0,0,0,0,0,38,0,0,0,2,4,55,3,1,2,1,20,3,1,17,1,1,1,89,"777777777777","777777777777","777777777777",1,1
39,390503,2,2,1,11,7,16,22,12,6,1,0,39,2,20,481,20481,31,2015,"1GCVKREH4FZ2","1","G","C","V","K","R","E","H","4","F","Z","2",0,0,0,"000000000","00000000000",0,0,0,1,0,0,0,0,0,0,0,998,0,0,0,12,6,2,12,0,0,0,1,39,44839,6,1,0,0,3,0,67,150,1,0,0,1,0,9,2011,11,2013,0,0,0,0,0,2,4,55,3,1,2,1,0,0,1,66,16,2,1,88,"777777777777","777777777777","777777777777",0,0
39,390504,1,1,1,13,7,0,24,33,0,1,0,39,1,72,706,72706,80,2014,"1HD1KRM16EB6","1","H","D","1","K","R","M","1","6","E","B","6",0,0,0,"000000000","00000000000",0,0,0,1,0,0,0,0,0,0,0,998,0,0,0,62,6,2,1,0,0,0,1,39,44012,6,1,0,0,3,3,74,170,3,2,1,2,4,8,2011,1,2016,4,36,0,0,0,1,4,40,3,1,2,1,0,0,14,13,16,2,4,1,"777777777777","777777777777","777777777777",1,1
39,390505,1,1,1,14,7,23,45,9,0,1,1,99,9,99,399,99399,9,9999,"999999999999","9","9","9","9","9","9","9","9","9","9","9","9",0,0,0,"000000000","00000000000",0,0,0,1,0,0,0,0,0,0,0,998,0,0,0,12,9,5,9,99,99,0,1,99,99999,9,9,99,9,9,9,999,999,99,99,99,99,99,99,9999,99,9999,9,0,0,0,0,1,2,99,1,1,2,1,97,8,1,83,99,9,3,13,"777777777777","777777777777","777777777777",0,0
39,390506,1,1,1,14,7,22,40,17,0,1,0,39,2,49,45,49045,4,2001,"JTDBT1231101","J","T","D","B","T","1","2","3","1","1","0","1",0,0,0,"000000000","00000000000",0,0,0,1,0,0,0,0,0,0,0,998,0,1,5,61,6,2,18,0,0,0,1,39,43110,1,1,0,0,2,0,70,145,2,5,0,1,3,1,2015,7,2016,0,27,0,0,0,1,2,55,1,1,2,1,0,0,1,13,99,1,4,1,"777777777777","777777777777","777777777777",1,1
39,390507,1,1,1,16,7,22,40,8,0,1,0,39,1,48,38,48038,4,2007,"JF1GD61627G5","J","F","1","G","D","6","1","6","2","7","G","5",0,0,0,"000000000","00000000000",0,0,0,1,0,0,0,0,0,0,0,998,0,0,0,12,6,2,8,0,0,0,1,39,45140,6,1,0,0,3,0,71,183,0,0,0,0,0,0,0,0,0,0,0,0,0,0,1,2,55,1,1,2,1,0,0,1,80,99,1,1,13,"777777777777","777777777777","777777777777",0,0