"STATE","ST_CASE","VEH_NO","VE_FORMS","NUMOCCS","DAY","MONTH","HOUR","MINUTE","HARM_EV","MAN_COLL","UNITTYPE","HIT_RUN","REG_STAT","OWNER","MAKE","MODEL","MAK_MOD","BODY_TYP","MOD_YEAR","VIN","VIN_1","VIN_2","VIN_3","VIN_4","VIN_5","VIN_6","VIN_7","VIN_8","VIN_9","VIN_10","VIN_11","VIN_12","TOW_VEH","J_KNIFE","MCARR_I1","MCARR_I2","MCARR_ID","GVWR","V_CONFIG","CARGO_BT","HAZ_INV","HAZ_PLAC","HAZ_ID","HAZ_CNO","HAZ_REL","BUS_USE","SPEC_USE","EMER_USE","TRAV_SP","UNDERIDE","ROLLOVER","ROLINLOC","IMPACT1","DEFORMED","TOWED","M_HARM","VEH_SC1","VEH_SC2","FIRE_EXP","DR_PRES","L_STATE","DR_ZIP","L_STATUS","L_TYPE","CDL_STAT","L_ENDORS","L_COMPL","L_RESTRI","DR_HGT","DR_WGT","PREV_ACC","PREV_SUS","PREV_DWI","PREV_SPD","PREV_OTH","FIRST_MO","FIRST_YR","LAST_MO","LAST_YR","SPEEDREL","DR_SF1","DR_SF2","DR_SF3","DR_SF4","VTRAFWAY","VNUM_LAN","VSPD_LIM","VALIGN","VPROFILE","VPAVETYP","VSURCOND","VTRAFCON","VTCONT_F","P_CRASH1","P_CRASH2","P_CRASH3","PCRASH4","PCRASH5","ACC_TYPE","TRLR1VIN","TRLR2VIN","TRLR3VIN","DEATHS","DR_DRINK"
39,390508,1,3,2,29,6,22,30,12,6,1,0,39,1,37,706,37706,80,2004,"JH2SC57014M0","J","H","2","S","C","5","7","0","1","4","M","0",0,0,0,"000000000","00000000000",0,0,0,1,0,0,0,0,0,0,0,998,0,0,0,12,6,2,12,0,0,0,1,39,43612,6,1,0,0,3,0,70,160,1,2,2,0,0,9,2014,11,2015,0,0,0,0,0,1,2,45,1,1,2,1,3,3,1,67,99,1,1,69,"777777777777","777777777777","777777777777",2,1
39,390508,2,3,1,29,6,22,30,12,6,1,0,39,1,23,402,23402,14,2015,"2GKALSEK6F63","2","G","K","A","L","S","E","K","6","F","6","3",0,0,0,"000000000","00000000000",0,0,0,1,0,0,0,0,0,0,0,998,0,0,0,81,4,3,12,0,0,0,1,39,43614,6,1,0,0,3,0,61,116,0,0,0,2,0,12,2014,9,2015,0,38,0,0,0,1,2,45,1,1,2,1,3,3,11,15,99,1,1,68,"777777777777","777777777777","777777777777",0,1
39,390508,3,3,1,29,6,22,30,12,6,1,0,39,2,73,706,73706,80,2008,"JKAZXCE128A0","J","K","A","Z","X","C","E","1","2","8","A","0",0,0,0,"000000000","00000000000",0,0,0,1,0,0,0,0,0,0,0,998,0,0,0,12,4,8,1,0,0,0,1,39,43609,3,1,0,0,2,0,74,153,1,0,0,0,4,2,2014,9,2015,0,26,6,0,0,1,2,45,1,1,2,1,3,3,1,51,1,1,1,98,"777777777777","777777777777","777777777777",0,0
39,390509,1,1,1,14,7,22,40,24,0,1,0,39,2,37,709,37709,80,2015,"999999999999","9","9","9","9","9","9","9","9","9","9","9","9",0,0,0,"000000000","00000000000",0,0,0,1,0,0,0,0,0,0,0,998,0,0,0,82,6,2,24,0,0,0,1,39,44012,6,1,0,0,3,0,73,170,1,0,0,1,2,3,2013,7,2013,3,36,0,0,0,3,4,60,1,1,2,1,0,0,1,13,99,1,4,1,"777777777777","777777777777","777777777777",1,1
39,390510,1,2,1,14,7,10,53,24,0,1,0,39,1,7,461,7461,21,1997,"2B7HB21YXVK5","2","B","7","H","B","2","1","Y","X","V","K","5",0,0,0,"000000000","00000000000",0,0,0,1,0,0,0,0,0,0,0,998,0,0,0,81,4,3,12,0,0,0,1,39,45238,1,1,0,0,2,0,72,155,0,4,0,0,1,1,2013,10,2015,0,36,0,0,0,3,1,45,2,2,2,1,0,0,1,50,99,1,4,1,"777777777777","777777777777","777777777777",0,0
39,390510,2,2,0,14,7,10,53,24,0,1,0,39,6,18,7,18007,4,2002,"2G4WS52J2211","2","G","4","W","S","5","2","J","2","2","1","1",0,0,0,"000000000","00000000000",0,0,0,1,0,0,0,0,0,0,0,0,0,0,0,6,4,3,8,0,0,0,0,0,99997,7,6,97,7,6,7,998,997,998,998,998,998,998,98,9998,98,9998,8,0,0,0,0,3,1,45,2,2,2,1,0,0,0,80,0,0,0,98,"777777777777","777777777777","777777777777",0,0
39,390511,1,2,1,16,7,1,44,12,1,1,0,39,1,48,38,48038,4,2011,"JF1GE6A62BH5","J","F","1","G","E","6","A","6","2","B","H","5",0,0,0,"000000000","00000000000",0,0,0,1,0,0,0,0,0,0,0,998,0,0,0,12,6,2,12,0,0,0,1,39,43231,6,1,0,0,3,3,74,175,1,0,0,0,1,2,2014,2,2014,0,26,0,0,0,2,4,55,1,1,1,1,2,3,1,51,99,1,1,33,"777777777777","777777777777","777777777777",0,1
39,390511,2,2,2,16,7,1,44,12,1,1,0,39,1,73,706,73706,80,2005,"JKBVNCB1X5B5","J","K","B","V","N","C","B","1","X","5","B","5",0,0,0,"000000000","00000000000",0,0,0,1,0,0,0,0,0,0,0,998,0,0,0,6,6,2,12,0,0,0,1,39,43004,6,1,0,0,3,0,72,160,0,0,0,0,0,0,0,0,0,0,0,0,0,0,2,4,55,1,1,1,1,2,3,1,53,1,1,1,33,"777777777777","777777777777","777777777777",1,0
39,390512,1,1,1,14,6,13,48,8,0,1,0,42,3,12,32,12032,5,2014,"3FADP4EJ3EM2","3","F","A","D","P","4","E","J","3","E","M","2",0,0,0,"000000000","00000000000",0,0,0,1,0,0,0,0,0,0,0,998,0,0,0,12,2,3,8,0,0,0,1,42,44138,6,1,0,0,3,0,68,999,0,0,0,0,0,0,0,0,0,0,0,0,0,0,1,5,35,1,1,1,1,0,0,4,80,16,2,1,13,"777777777777","777777777777","777777777777",0,0
39,390513,1,1,1,22,7,0,15,34,0,1,0,39,1,50,706,50706,80,2015,"SMTN01PK8FJ6","S","M","T","N","0","1","P","K","8","F","J","6",0,0,0,"000000000","00000000000",0,0,0,1,0,0,0,0,0,0,0,998,0,0,0,12,6,2,19,0,0,0,1,39,44288,6,1,0,0,3,0,73,205,0,0,0,0,0,0,0,0,0,4,27,0,0,0,1,2,45,4,1,2,1,0,0,1,14,99,1,4,14,"777777777777","777777777777","777777777777",1,1
39,390514,1,2,1,17,6,1,32,12,6,1,0,93,3,82,881,82881,66,2012,"1FUJGEDV9CSB","1","F","U","J","G","E","D","V","9","C","S","B",1,1,57,"369138","57369138",3,6,11,1,0,0,0,0,0,0,0,998,7,0,0,61,6,2,12,42,0,0,1,54,25550,6,1,6,3,3,3,74,175,0,0,0,0,0,0,0,0,0,0,0,0,0,0,1,2,35,1,1,2,2,0,0,1,66,99,1,1,89,"888888888888","777777777777","777777777777",0,0
39,390514,2,2,1,17,6,1,32,12,6,1,0,39,2,37,402,37402,14,1998,"JHLRD1848WC0","J","H","L","R","D","1","8","4","8","W","C","0",0,0,0,"000000000","00000000000",0,0,0,1,0,0,0,0,0,0,0,35,0,0,0,12,6,2,12,0,0,0,1,39,43311,6,1,0,0,3,0,66,140,0,4,0,1,2,11,2012,3,2016,0,39,38,0,0,1,2,35,1,1,2,2,20,3,1,17,99,1,1,88,"777777777777","777777777777","777777777777",1,1
39,390515,1,5,1,21,6,18,12,12,1,1,0,26,1,20,481,20481,31,2004,"1GCHK23134F1","1","G","C","H","K","2","3","1","3","4","F","1",0,0,0,"000000000","00000000000",0,0,0,1,0,0,0,0,0,0,0,0,0,0,0,6,2,3,12,0,0,0,1,26,49221,6,1,0,0,3,0,74,250,3,0,0,4,1,10,2011,6,2015,0,0,0,0,0,3,2,50,1,2,2,1,0,0,2,50,16,1,1,21,"777777777777","777777777777","777777777777",0,0
39,390515,2,5,1,21,6,18,12,12,1,1,0,39,1,72,706,72706,80,2003,"1HD1FCW113Y6","1","H","D","1","F","C","W","1","1","3","Y","6",0,0,0,"000000000","00000000000",0,0,0,1,0,0,0,0,0,0,0,998,0,0,0,12,6,2,12,0,0,0,1,39,43612,6,1,0,0,3,0,74,185,0,0,0,0,0,0,0,0,0,0,26,0,0,0,3,2,50,1,2,2,1,0,0,1,52,16,1,1,20,"777777777777","777777777777","777777777777",1,0
39,390515,3,5,1,21,6,18,12,12,1,1,0,39,1,35,402,35402,14,2008,"5N1AN08W78C5","5","N","1","A","N","0","8","W","7","8","C","5",0,0,0,"000000000","00000000000",0,0,0,1,0,0,0,0,0,0,0,0,0,0,0,6,4,3,12,0,0,0,1,39,43623,6,1,0,0,3,3,68,245,0,0,0,2,1,7,2012,2,2015,0,0,0,0,0,3,2,50,1,2,2,1,0,0,2,50,16,1,1,98,"777777777777","777777777777","777777777777",0,0
39,390515,4,5,1,21,6,18,12,12,1,1,0,95,3,84,884,84884,66,2010,"999999999999","9","9","9","9","9","9","9","9","9","9","9","9",1,1,57,"425337","57425337",3,6,98,1,0,0,0,0,0,0,0,998,0,0,0,12,4,5,12,42,0,0,1,95,0,9,9,99,9,9,9,999,999,99,99,99,99,99,99,9999,99,9999,0,26,0,0,0,3,2,50,1,2,2,1,0,0,1,50,99,1,1,98,"999999999999","777777777777","777777777777",0,0
39,390515,5,5,1,21,6,18,12,12,1,1,0,39,3,51,881,51881,66,2014,"4V4NC9EG7EN1","4","V","4","N","C","9","E","G","7","E","N","1",1,1,57,"774374","57774374",3,6,98,1,0,0,0,0,0,0,0,998,0,0,0,12,6,2,12,42,0,0,1,26,48335,6,1,6,3,3,0,72,150,1,0,0,1,0,12,2011,12,2012,0,26,0,0,0,3,2,50,1,2,2,1,0,0,1,50,99,1,1,98,"999999999999","777777777777","777777777777",0,0
39,390516,1,1,1,16,7,16,50,34,0,1,0,39,1,2,404,2404,14,1999,"1J4GW68N0XC7","1","J","4","G","W","6","8","N","0","X","C","7",0,0,0,"000000000","00000000000",0,0,0,1,0,0,0,0,0,0,0,998,0,0,0,62,6,2,42,0,0,0,1,18,44035,0,0,0,0,0,0,66,133,0,0,0,0,0,0,0,0,0,4,27,0,0,0,1,2,45,1,1,2,1,0,0,6,51,11,1,4,6,"777777777777","777777777777","777777777777",1,0
39,390517,1,1,1,20,6,21,50,33,0,1,0,39,2,37,705,37705,80,1997,"JH2PC2504VM6","J","H","2","P","C","2","5","0","4","V","M","6",0,0,0,"000000000","00000000000",0,0,0,1,0,0,0,0,0,0,0,51,0,0,0,81,6,2,17,0,0,0,1,39,44111,6,8,0,0,3,0,71,265,0,0,0,0,0,0,0,0,0,3,36,0,0,0,1,4,35,1,1,2,1,1,3,1,62,7,1,4,3,"777777777777","777777777777","777777777777",1,0
39,390519,1,1,6,9,7,0,13,42,0,1,0,39,2,22,22,22022,2,2006,"1G2ZH1582642","1","G","2","Z","H","1","5","8","2","6","4","2",0,0,0,"000000000","00000000000",0,0,0,1,0,0,0,0,0,0,0,85,0,0,0,81,6,2,42,0,0,0,1,39,44103,6,1,0,0,3,0,73,220,0,0,0,0,0,0,0,0,0,3,36,0,0,0,1,2,25,2,1,2,2,0,0,1,6,99,4,4,2,"777777777777","777777777777","777777777777",3,1
39,390520,1,1,1,10,7,21,53,33,0,1,0,39,1,72,706,72706,80,2005,"1HD1FRW125Y6","1","H","D","1","F","R","W","1","2","5","Y","6",0,0,0,"000000000","00000000000",0,0,0,1,0,0,0,0,0,0,0,998,0,0,0,12,6,2,33,0,0,0,1,39,44144,6,1,6,0,3,3,68,170,2,0,0,0,2,6,2012,7,2016,4,36,0,0,0,1,4,40,3,1,1,1,1,3,14,6,99,1,4,1,"777777777777","777777777777","777777777777",1,1
39,390521,1,1,1,16,7,15,30,24,0,1,1,39,1,37,705,37705,80,2000,"JH2RC4462YM2","J","H","2","R","C","4","4","6","2","Y","M","2",0,0,0,"000000000","00000000000",0,0,0,1,0,0,0,0,0,0,0,998,0,0,0,12,6,2,42,0,0,0,1,39,43103,6,1,6,0,3,0,70,272,0,0,0,0,1,3,2012,3,2012,4,27,0,0,0,1,2,55,3,2,2,1,0,0,14,13,1,1,4,1,"777777777777","777777777777","777777777777",1,0
39,390522,1,2,1,7,7,10,13,12,6,1,0,39,1,49,46,49046,5,2014,"JTDKN3DU8E17","J","T","D","K","N","3","D","U","8","E","1","7",0,0,0,"000000000","00000000000",0,0,0,1,0,0,0,0,0,0,0,998,0,0,0,12,6,2,12,0,0,0,1,39,43532,6,1,0,0,3,3,63,122,0,0,0,0,0,0,0,0,0,0,39,0,0,0,1,2,55,1,1,2,1,20,3,1,17,1,1,1,88,"777777777777","777777777777","777777777777",0,0
39,390522,2,2,1,7,7,10,13,12,6,1,0,39,1,18,2,18002,4,1999,"1G4HR52K0XH4","1","G","4","H","R","5","2","K","0","X","H","4",0,0,0,"000000000","00000000000",0,0,0,1,0,0,0,0,0,0,0,998,0,0,0,61,6,2,12,0,0,0,1,39,43515,6,1,0,0,3,3,67,135,0,0,0,0,0,0,0,0,0,0,0,0,0,0,1,2,55,1,1,2,1,0,0,1,66,1,1,1,89,"777777777777","777777777777","777777777777",1,0
39,390523,1,2,1,17,7,14,8,12,6,1,0,39,1,49,472,49472,30,2015,"5TFUX4ENXFX0","5","T","F","U","X","4","E","N","X","F","X","0",0,0,0,"000000000","00000000000",0,0,0,1,0,0,0,0,0,0,0,998,0,0,0,12,6,2,12,0,0,0,1,39,45244,6,1,0,0,3,3,70,197,0,0,0,0,0,0,0,0,0,0,38,0,0,0,1,2,45,1,2,2,1,20,3,11,15,99,1,1,84,"777777777777","777777777777","777777777777",0,0
39,390523,2,2,1,17,7,14,8,12,6,1,0,39,1,72,706,72706,80,2002,"1HD1BJY182Y0","1","H","D","1","B","J","Y","1","8","2","Y","0",0,0,0,"000000000","00000000000",0,0,0,1,0,0,0,0,0,0,0,998,0,0,0,81,6,2,12,0,0,0,1,39,45130,6,1,0,0,3,0,72,155,0,0,0,0,0,0,0,0,0,0,0,0,0,0,1,2,45,1,2,2,1,0,0,1,67,99,1,1,84,"777777777777","777777777777","777777777777",1,0
39,390524,1,2,2,16,7,21,44,12,2,1,0,39,1,20,37,20037,4,2003,"1G1ND52J93M6","1","G","1","N","D","5","2","J","9","3","M","6",0,0,0,"000000000","00000000000",0,0,0,1,0,0,0,0,0,0,0,998,0,0,0,12,6,2,12,0,0,0,1,39,45669,6,1,0,0,3,3,70,180,0,0,0,1,0,5,2012,5,2012,0,27,0,0,0,1,2,55,3,2,2,1,0,0,6,54,7,1,6,50,"777777777777","777777777777","777777777777",1,0
39,390524,2,2,3,16,7,21,44,12,2,1,0,39,1,6,441,6441,20,2014,"2C4RC1BG2ER2","2","C","4","R","C","1","B","G","2","E","R","2",0,0,0,"000000000","00000000000",0,0,0,1,0,0,0,0,0,0,0,998,0,0,0,12,6,2,12,0,0,0,1,39,45669,6,1,0,0,3,3,63,160,0,0,0,0,0,0,0,0,0,0,0,0,0,0,1,2,55,2,2,2,1,0,0,1,62,1,1,1,51,"777777777777","777777777777","777777777777",0,0
39,390525,1,1,1,23,7,0,57,53,0,1,0,39,1,20,2,20002,4,2008,"2G1WC5837891","2","G","1","W","C","5","8","3","7","8","9","1",0,0,0,"000000000","00000000000",0,0,0,1,0,0,0,0,0,0,0,998,0,0,0,82,6,8,30,0,0,0,1,39,43224,1,1,0,0,2,0,73,230,2,1,0,1,1,3,2015,7,2016,0,27,0,0,0,1,2,35,1,1,2,1,0,0,1,13,99,1,4,1,"777777777777","777777777777","777777777777",1,0
39,390526,1,2,2,29,7,13,8,12,6,1,0,39,2,12,481,12481,31,2007,"1FTSW20587EB","1","F","T","S","W","2","0","5","8","7","E","B",0,0,0,"000000000","00000000000",0,0,0,1,0,0,0,0,0,0,0,998,0,0,0,12,6,2,12,0,0,0,1,39,44047,6,1,0,0,3,3,75,250,1,0,0,1,0,10,2012,5,2013,0,0,0,0,0,1,2,55,1,1,2,1,0,0,1,67,99,1,1,83,"777777777777","777777777777","777777777777",0,0
39,390526,2,2,3,29,7,13,8,12,6,1,0,39,2,63,34,63034,4,2009,"KNAGE2289952","K","N","A","G","E","2","2","8","9","9","5","2",0,0,0,"000000000","00000000000",0,0,0,1,0,0,0,0,0,0,0,998,0,0,0,61,6,2,12,0,0,0,1,39,44004,6,7,0,0,3,0,63,125,0,0,0,0,0,0,0,0,0,0,38,0,0,0,1,2,55,1,1,2,1,20,3,11,15,99,1,1,82,"777777777777","777777777777","777777777777",1,0
39,390527,1,2,2,29,7,21,51,12,2,1,0,39,1,7,402,7402,14,2002,"1B4HS38N62F2","1","B","4","H","S","3","8","N","6","2","F","2",0,0,0,"000000000","00000000000",0,0,0,1,0,0,0,0,0,0,0,60,0,0,0,12,6,8,12,0,0,0,1,39,43110,6,1,0,0,3,3,71,130,0,1,1,0,1,1,2013,6,2015,0,28,0,0,0,1,2,60,1,1,2,1,0,0,1,10,99,1,2,50,"777777777777","777777777777","777777777777",0,1
39,390527,2,2,1,29,7,21,51,12,2,1,0,39,1,49,32,49032,4,1996,"2T1BA02E3TC1","2","T","1","B","A","0","2","E","3","T","C","1",0,0,0,"000000000","00000000000",0,0,0,1,0,0,0,0,0,0,0,60,0,0,0,12,6,8,12,0,0,0,1,39,43227,6,1,0,0,3,0,64,190,0,0,0,0,0,0,0,0,0,0,0,0,0,0,1,2,60,1,1,2,1,0,0,1,62,99,1,1,51,"777777777777","777777777777","777777777777",1,0
39,390528,1,2,2,12,6,17,53,12,6,1,0,39,1,20,404,20404,14,2016,"2GNALDEK7G11","2","G","N","A","L","D","E","K","7","G","1","1",0,0,0,"000000000","00000000000",0,0,0,1,0,0,0,0,0,0,0,10,0,0,0,61,6,2,12,0,0,0,1,39,44904,6,1,0,0,3,0,71,170,1,0,0,0,1,7,2012,7,2012,0,39,0,0,0,1,2,35,1,1,2,1,20,3,1,17,1,1,1,89,"777777777777","777777777777","777777777777",1,0
39,390528,2,2,1,12,6,17,53,12,6,1,0,39,2,7,482,7482,31,2004,"1D7HU18D74S5","1","D","7","H","U","1","8","D","7","4","S","5",0,0,0,"000000000","00000000000",0,0,0,1,0,0,0,0,0,0,0,998,0,0,0,12,6,2,12,0,0,0,1,39,44906,6,1,0,0,3,0,67,130,0,1,0,1,0,5,2013,11,2013,0,0,0,0,0,1,2,35,1,1,2,1,0,0,1,66,99,1,1,88,"777777777777","777777777777","777777777777",0,0
39,390529,1,2,1,22,7,17,25,12,8,1,0,39,3,87,884,87884,66,2006,"1XP5DB9X56D6","1","X","P","5","D","B","9","X","5","6","D","6",1,1,57,"1872730","571872730",3,6,3,1,0,0,0,0,0,0,0,998,0,0,0,62,6,2,12,0,0,0,1,39,44851,6,1,6,0,3,0,80,250,2,0,0,2,0,4,2013,10,2015,0,0,0,0,0,1,2,55,1,1,2,1,0,0,1,62,99,1,1,65,"888888888888","777777777777","777777777777",0,0
39,390529,2,2,1,22,7,17,25,12,8,1,0,39,2,22,16,22016,2,1998,"1G2JB124XW75","1","G","2","J","B","1","2","4","X","W","7","5",0,0,0,"000000000","00000000000",0,0,0,1,0,0,0,0,0,0,0,998,0,1,5,62,6,2,12,0,0,0,1,39,44905,6,1,0,0,3,0,71,145,0,0,0,0,0,0,0,0,0,0,28,0,0,0,1,2,55,1,1,2,1,0,0,1,10,99,1,2,64,"777777777777","777777777777","777777777777",1,0
39,390530,1,2,1,23,7,18,20,12,2,1,0,39,1,22,20,22020,4,2004,"2G2WP5227412","2","G","2","W","P","5","2","2","7","4","1","2",0,0,0,"000000000","00000000000",0,0,0,1,0,0,0,0,0,0,0,998,0,0,0,12,6,2,12,0,0,0,1,39,43512,6,1,0,0,3,3,67,130,1,1,1,0,0,6,2012,7,2012,0,28,36,0,0,1,2,55,1,1,2,1,0,0,1,10,99,1,2,50,"777777777777","777777777777","777777777777",1,1
39,390530,2,2,1,23,7,18,20,12,2,1,0,39,2,87,881,87881,66,1995,"1XP5DB8X9SN3","1","X","P","5","D","B","8","X","9","S","N","3",1,1,57,"979784","57979784",3,6,8,1,0,0,0,0,0,0,0,998,0,0,0,12,6,2,12,0,0,0,1,39,43543,6,1,6,0,3,0,71,180,0,0,0,0,1,5,2013,5,2013,0,0,0,0,0,1,2,55,1,1,2,1,0,0,1,62,99,1,1,51,"888888888888","777777777777","777777777777",0,0
39,390531,1,1,3,26,6,19,17,34,0,1,0,39,1,20,9,20009,2,2010,"2G1FT1EW2A92","2","G","1","F","T","1","E","W","2","A","9","2",0,0,0,"000000000","00000000000",0,0,0,1,0,0,0,0,0,0,0,998,0,1,5,82,6,2,30,0,0,0,1,39,45013,6,1,0,0,3,0,75,170,0,0,0,0,1,11,2015,11,2015,0,36,0,0,0,1,2,55,1,1,2,1,0,0,1,9,99,3,4,2,"777777777777","777777777777","777777777777",1,0
39,390532,1,2,1,2,8,3,9,12,2,1,0,39,1,14,6,14006,4,2001,"2MEFM75W01X6","2","M","E","F","M","7","5","W","0","1","X","6",0,0,0,"000000000","00000000000",0,0,0,1,0,0,0,0,0,0,0,45,0,0,0,12,6,8,12,0,0,0,1,39,43229,6,1,0,0,3,0,67,190,0,0,0,0,0,0,0,0,0,0,28,0,0,0,1,2,35,1,1,2,1,0,0,1,10,99,1,2,50,"777777777777","777777777777","777777777777",1,1
39,390532,2,2,1,2,8,3,9,12,2,1,0,39,2,49,403,49403,14,2007,"JTEEP21A6702","J","T","E","E","P","2","1","A","6","7","0","2",0,0,0,"000000000","00000000000",0,0,0,1,0,0,0,0,0,0,0,45,0,0,0,12,6,8,12,0,0,0,1,39,43207,1,1,0,0,2,0,68,160,0,0,0,0,0,0,0,0,0,0,0,0,0,0,1,2,35,1,1,2,1,0,0,1,62,99,1,1,51,"777777777777","777777777777","777777777777",0,1
39,390533,1,1,1,13,7,0,53,42,0,1,0,39,2,22,22,22022,4,2007,"1G2ZF58B8741","1","G","2","Z","F","5","8","B","8","7","4","1",0,0,0,"000000000","00000000000",0,0,0,1,0,0,0,0,0,0,0,80,0,1,5,81,6,2,42,0,0,0,1,39,43160,6,1,0,0,3,3,73,165,0,0,0,0,0,0,0,0,0,3,36,0,0,0,1,2,55,1,1,2,1,0,0,1,6,99,9,4,7,"777777777777","777777777777","777777777777",1,0
39,390534,1,2,2,17,7,17,37,12,2,1,0,39,2,72,706,72706,80,2008,"1HD1FS4188Y6","1","H","D","1","F","S","4","1","8","8","Y","6",0,0,0,"000000000","00000000000",0,0,0,1,0,0,0,0,0,0,0,998,0,0,0,12,6,2,5,0,0,0,1,39,45338,6,1,6,0,3,0,69,170,0,0,0,0,0,0,0,0,0,4,27,36,0,0,1,2,55,2,1,2,1,0,0,14,6,1,1,2,50,"777777777777","777777777777","777777777777",2,0
39,390534,2,2,1,17,7,17,37,12,2,1,0,39,1,12,473,12473,30,2004,"1FMZU77K64UB","1","F","M","Z","U","7","7","K","6","4","U","B",0,0,0,"000000000","00000000000",0,0,0,1,0,0,0,0,0,0,0,998,0,0,0,12,6,2,12,0,0,0,1,39,45304,6,1,0,0,3,3,63,135,0,0,0,0,0,0,0,0,0,0,0,0,0,0,1,2,55,1,1,2,1,0,0,2,62,16,2,1,51,"777777777777","777777777777","777777777777",0,0
39,390535,1,2,1,4,3,12,40,12,1,1,0,39,1,63,402,63402,14,2011,"5XYKU4A26BG0","5","X","Y","K","U","4","A","2","6","B","G","0",0,0,0,"000000000","00000000000",0,0,0,1,0,0,0,0,0,0,0,998,0,0,0,12,2,5,12,0,0,0,1,39,44122,6,1,0,0,3,3,71,220,1,0,0,0,1,5,2015,12,2015,0,26,0,0,0,5,5,35,1,1,2,2,0,0,1,50,99,1,1,20,"777777777777","777777777777","777777777777",0,0
39,390535,2,2,2,4,3,12,40,12,1,1,0,39,3,6,441,6441,20,2010,"2A4RR5D12AR4","2","A","4","R","R","5","D","1","2","A","R","4",0,0,0,"000000000","00000000000",0,0,0,1,0,0,0,0,0,0,0,0,0,0,0,6,2,5,12,0,0,0,1,39,44121,6,1,0,0,3,3,61,217,0,0,0,0,0,0,0,0,0,0,0,0,0,0,5,5,35,1,1,2,2,0,0,5,53,99,1,1,21,"777777777777","777777777777","777777777777",1,0
39,390536,1,1,1,19,7,15,7,30,0,1,0,39,1,20,2,20002,6,1985,"1G1BN35H5FX1","1","G","1","B","N","3","5","H","5","F","X","1",0,0,0,"000000000","00000000000",0,0,0,1,0,0,0,0,0,0,0,998,0,0,0,12,6,2,30,0,0,0,1,39,44646,6,1,0,0,3,3,69,200,1,0,0,0,1,9,2015,10,2015,0,27,0,0,0,1,4,40,1,1,2,1,0,0,1,13,99,1,4,1,"777777777777","777777777777","777777777777",1,0
39,390537,1,1,1,18,7,5,2,21,0,1,0,39,2,20,37,20037,4,2005,"1G1ZS52F65F2","1","G","1","Z","S","5","2","F","6","5","F","2",0,0,0,"000000000","00000000000",0,0,0,1,0,0,0,0,0,0,0,998,0,0,0,12,6,2,2,0,0,1,1,39,44110,0,0,0,0,0,0,78,305,0,0,0,0,0,0,0,0,0,0,27,0,0,0,3,3,60,1,1,2,1,0,0,1,12,99,1,4,6,"777777777777","777777777777","777777777777",1,0
39,390538,1,1,3,24,7,4,40,35,0,1,0,39,1,7,482,7482,31,1998,"3B7HF13Y1WG1","3","B","7","H","F","1","3","Y","1","W","G","1",0,0,0,"000000000","00000000000",0,0,0,1,0,0,0,0,0,0,0,998,0,1,5,82,6,2,1,0,0,0,1,39,45177,6,1,0,0,3,0,63,155,2,1,0,2,3,3,2013,7,2016,4,27,0,0,0,1,2,55,2,2,2,1,0,0,14,12,99,1,4,6,"777777777777","777777777777","777777777777",1,1
39,390539,1,2,1,19,7,14,37,12,2,1,0,39,1,72,706,72706,80,2014,"1HD1TEN17EB9","1","H","D","1","T","E","N","1","7","E","B","9",0,0,0,"000000000","00000000000",0,0,0,1,0,0,0,0,0,0,0,55,0,0,0,12,6,2,12,0,0,0,1,39,43105,6,1,0,0,3,3,73,185,1,0,0,0,1,2,2013,8,2013,0,27,0,0,0,1,2,55,3,2,2,1,0,0,14,10,99,1,2,50,"777777777777","777777777777","777777777777",1,1
39,390539,2,2,1,19,7,14,37,12,2,1,0,18,3,82,884,82884,62,9999,"1FVACWDT9FHG","1","F","V","A","C","W","D","T","9","F","H","G",0,0,57,"175882","57175882",2,1,1,1,0,0,0,0,0,0,0,50,0,0,0,12,6,2,12,42,0,0,1,39,44685,6,1,0,0,8,3,72,250,1,0,0,1,0,10,2012,11,2012,0,0,0,0,0,1,2,55,1,2,2,1,0,0,1,62,6,1,1,51,"777777777777","777777777777","777777777777",0,0
39,390540,1,1,1,18,7,8,27,9,0,1,0,39,1,20,461,20461,21,1995,"1GBEG25H8SF2","1","G","B","E","G","2","5","H","8","S","F","2",0,0,0,"000000000","00000000000",0,0,0,1,0,0,0,0,0,0,0,998,0,0,0,81,2,5,9,0,0,0,1,39,44035,6,1,0,0,3,3,71,180,0,0,0,0,0,0,0,0,0,0,27,26,0,0,1,2,55,1,1,2,1,0,0,1,85,99,1,9,13,"777777777777","777777777777","777777777777",0,0
39,390541,1,1,2,20,7,19,4,11,0,1,0,39,1,53,705,53705,88,2009,"JS1CP51AX921","J","S","1","C","P","5","1","A","X","9","2","1",0,0,0,"000000000","00000000000",0,0,0,1,0,0,0,0,0,0,0,998,0,0,0,61,6,2,1,0,0,0,1,39,43135,6,1,0,0,3,3,70,196,2,0,0,2,1,3,2013,1,2014,0,0,0,0,0,1,2,55,1,1,2,1,0,0,1,87,99,1,1,13,"777777777777","777777777777","777777777777",1,0
39,390542,1,2,1,21,7,19,4,12,8,1,0,39,1,72,706,72706,80,2016,"1HD4NBB19GC5","1","H","D","4","N","B","B","1","9","G","C","5",0,0,0,"000000000","00000000000",0,0,0,1,0,0,0,0,0,0,0,55,0,0,0,61,6,2,12,0,0,0,1,39,43065,6,7,0,0,3,3,66,175,0,0,0,1,1,4,2012,1,2016,0,27,0,0,0,1,2,55,1,1,2,1,0,0,1,10,99,1,2,64,"777777777777","777777777777","777777777777",1,1