"STATE","ST_CASE","VEH_NO","VE_FORMS","NUMOCCS","DAY","MONTH","HOUR","MINUTE","HARM_EV","MAN_COLL","UNITTYPE","HIT_RUN","REG_STAT","OWNER","MAKE","MODEL","MAK_MOD","BODY_TYP","MOD_YEAR","VIN","VIN_1","VIN_2","VIN_3","VIN_4","VIN_5","VIN_6","VIN_7","VIN_8","VIN_9","VIN_10","VIN_11","VIN_12","TOW_VEH","J_KNIFE","MCARR_I1","MCARR_I2","MCARR_ID","GVWR","V_CONFIG","CARGO_BT","HAZ_INV","HAZ_PLAC","HAZ_ID","HAZ_CNO","HAZ_REL","BUS_USE","SPEC_USE","EMER_USE","TRAV_SP","UNDERIDE","ROLLOVER","ROLINLOC","IMPACT1","DEFORMED","TOWED","M_HARM","VEH_SC1","VEH_SC2","FIRE_EXP","DR_PRES","L_STATE","DR_ZIP","L_STATUS","L_TYPE","CDL_STAT","L_ENDORS","L_COMPL","L_RESTRI","DR_HGT","DR_WGT","PREV_ACC","PREV_SUS","PREV_DWI","PREV_SPD","PREV_OTH","FIRST_MO","FIRST_YR","LAST_MO","LAST_YR","SPEEDREL","DR_SF1","DR_SF2","DR_SF3","DR_SF4","VTRAFWAY","VNUM_LAN","VSPD_LIM","VALIGN","VPROFILE","VPAVETYP","VSURCOND","VTRAFCON","VTCONT_F","P_CRASH1","P_CRASH2","P_CRASH3","PCRASH4","PCRASH5","ACC_TYPE","TRLR1VIN","TRLR2VIN","TRLR3VIN","DEATHS","DR_DRINK"
39,390542,2,2,1,21,7,19,4,12,8,1,0,39,1,20,481,20481,31,2004,"2GCEK19T2412","2","G","C","E","K","1","9","T","2","4","1","2",0,0,0,"000000000","00000000000",0,0,0,1,0,0,0,0,0,0,0,998,0,0,0,62,6,2,12,0,0,0,1,39,43334,6,1,0,0,3,0,74,280,1,0,0,0,0,10,2015,10,2015,0,0,0,0,0,1,2,55,1,1,2,1,0,0,1,62,16,2,1,65,"777777777777","777777777777","777777777777",0,0
39,390543,1,2,2,22,7,22,55,12,6,1,0,39,2,22,20,22020,4,2001,"1G2WK52J51F1","1","G","2","W","K","5","2","J","5","1","F","1",0,0,0,"000000000","00000000000",0,0,0,1,0,0,0,0,0,0,0,998,0,0,0,12,6,2,12,0,0,0,1,39,43612,1,1,0,0,2,3,70,180,1,2,1,2,1,11,2013,8,2015,0,39,0,0,0,1,2,35,1,1,2,1,20,3,1,17,99,1,1,88,"777777777777","777777777777","777777777777",0,1
39,390543,2,2,1,22,7,22,55,12,6,1,0,39,1,37,31,37031,2,2006,"2HGFG21536H7","2","H","G","F","G","2","1","5","3","6","H","7",0,0,0,"000000000","00000000000",0,0,0,1,0,0,0,0,0,0,0,998,0,1,9,62,6,2,1,0,0,0,1,39,43558,6,1,0,0,3,0,69,195,1,0,0,0,0,8,2013,8,2013,0,0,0,0,0,1,5,55,1,1,2,1,0,0,1,66,99,1,1,89,"777777777777","777777777777","777777777777",1,0
39,390544,1,1,1,24,7,18,17,34,0,1,0,39,1,37,705,37705,80,1986,"JH2RC1907GM2","J","H","2","R","C","1","9","0","7","G","M","2",0,0,0,"000000000","00000000000",0,0,0,1,0,0,0,0,0,0,0,998,0,0,0,61,6,2,34,0,0,0,1,39,43103,6,1,0,0,3,3,63,190,1,0,0,0,0,12,2013,12,2013,0,27,0,0,0,1,2,99,3,2,2,1,0,0,14,13,99,1,4,1,"777777777777","777777777777","777777777777",1,0
39,390545,1,2,3,25,7,14,38,12,6,1,0,39,1,12,481,12481,31,1997,"1FTJW35F7VEC","1","F","T","J","W","3","5","F","7","V","E","C",0,0,0,"000000000","00000000000",0,0,0,1,0,0,0,0,0,0,0,998,0,0,0,12,6,2,12,0,0,0,1,39,43074,6,1,0,0,3,0,71,195,2,0,0,0,0,6,2012,6,2012,0,0,0,0,0,1,4,55,1,1,2,1,0,0,1,67,99,1,1,69,"777777777777","777777777777","777777777777",0,0
39,390545,2,2,2,25,7,14,38,12,6,1,0,39,2,41,50,41050,4,2003,"1YVFP80C535M","1","Y","V","F","P","8","0","C","5","3","5","M",0,0,0,"000000000","00000000000",0,0,0,1,0,0,0,0,0,0,0,998,0,0,0,61,6,2,12,0,0,0,1,39,43021,6,1,0,0,3,0,72,160,0,0,0,0,0,0,0,0,0,0,38,0,0,0,1,4,55,1,1,2,1,20,3,11,15,99,1,1,68,"777777777777","777777777777","777777777777",1,0
39,390546,1,1,1,30,7,23,30,38,0,1,0,39,1,18,2,18002,4,2004,"1G4HP52K74U1","1","G","4","H","P","5","2","K","7","4","U","1",0,0,0,"000000000","00000000000",0,0,0,1,0,0,0,0,0,0,0,998,0,1,5,62,6,2,42,0,0,0,1,39,45660,6,1,0,0,3,0,73,335,1,0,0,0,0,3,2015,3,2015,4,27,0,0,0,1,2,55,2,2,2,1,0,0,14,6,99,1,4,6,"777777777777","777777777777","777777777777",1,1
39,390547,1,1,1,2,6,12,23,9,0,1,0,39,3,23,461,23461,22,2007,"1GTGG29V7711","1","G","T","G","G","2","9","V","7","7","1","1",0,0,0,"000000000","00000000000",0,0,0,1,0,0,0,0,0,0,0,998,0,0,0,82,2,5,9,0,0,0,1,39,44681,6,1,6,0,3,0,72,275,0,0,0,0,0,0,0,0,0,0,27,0,0,0,1,2,55,1,2,2,1,0,0,6,83,99,1,2,13,"777777777777","777777777777","777777777777",0,0
39,390548,1,2,1,17,7,13,17,1,0,1,0,39,1,7,402,7402,14,2002,"1B4HS48N42F1","1","B","4","H","S","4","8","N","4","2","F","1",0,0,0,"000000000","00000000000",0,0,0,1,0,0,0,0,0,0,0,998,0,0,0,83,2,5,12,0,0,0,1,39,45724,6,1,0,0,3,0,72,195,0,0,0,0,0,0,0,0,0,0,0,0,0,0,1,2,55,1,3,2,1,0,0,11,15,99,1,1,98,"777777777777","777777777777","777777777777",0,0
39,390548,2,2,1,17,7,13,17,1,0,1,0,39,1,76,705,76705,80,2013,"JYARJ18E2DA0","J","Y","A","R","J","1","8","E","2","D","A","0",0,0,0,"000000000","00000000000",0,0,0,1,0,0,0,0,0,0,0,68,0,0,0,0,6,2,1,0,0,0,1,39,45714,6,1,0,0,3,0,72,150,0,0,0,0,0,0,0,0,0,4,6,0,0,0,1,2,55,1,3,2,1,0,0,1,6,99,1,3,98,"777777777777","777777777777","777777777777",1,0
39,390550,1,4,1,15,7,7,43,12,1,1,0,39,2,20,404,20404,14,2015,"2GNFLFEK4F63","2","G","N","F","L","F","E","K","4","F","6","3",0,0,0,"000000000","00000000000",0,0,0,1,0,0,0,0,0,0,0,0,0,0,0,6,6,2,12,0,0,0,1,39,44121,6,1,0,0,3,0,61,240,0,0,0,0,1,9,2014,9,2014,0,0,0,0,0,1,4,25,1,1,2,1,1,3,5,53,1,1,1,21,"777777777777","777777777777","777777777777",0,0
39,390550,2,4,1,15,7,7,43,12,1,1,0,39,2,12,23,12023,4,2006,"3FAFP08196R1","3","F","A","F","P","0","8","1","9","6","R","1",0,0,0,"000000000","00000000000",0,0,0,1,0,0,0,0,0,0,0,998,0,0,0,63,6,2,12,0,0,0,1,39,44105,6,1,0,0,3,0,64,180,0,0,0,0,0,0,0,0,0,0,0,0,0,0,1,4,25,1,1,2,1,1,3,3,53,1,1,1,98,"777777777777","777777777777","777777777777",0,0
39,390550,3,4,1,15,7,7,43,12,1,1,0,39,2,20,25,20025,4,2014,"1G1PA5SH5E72","1","G","1","P","A","5","S","H","5","E","7","2",0,0,0,"000000000","00000000000",0,0,0,1,0,0,0,0,0,0,0,15,0,0,0,12,6,2,12,0,0,0,1,39,44136,6,1,0,0,3,0,74,275,1,0,0,4,2,8,2012,1,2016,0,0,0,0,0,1,4,25,1,1,2,1,1,3,1,62,99,1,1,98,"777777777777","777777777777","777777777777",0,0
39,390550,4,4,2,15,7,7,43,12,1,1,0,39,1,18,398,18398,2,1978,"4X37X8H60961","4","X","3","7","X","8","H","6","0","9","6","1",0,0,0,"000000000","00000000000",0,0,0,1,0,0,0,0,0,0,0,50,0,0,0,12,6,2,12,0,0,0,1,39,44110,2,1,0,0,2,3,78,280,0,2,0,1,0,9,2012,6,2016,4,36,0,0,0,1,4,25,1,1,2,1,1,3,1,50,99,1,2,20,"777777777777","777777777777","777777777777",1,0
39,390551,1,2,1,23,7,12,3,12,7,1,0,39,1,42,51,42051,4,2006,"WDDDJ75X86A0","W","D","D","D","J","7","5","X","8","6","A","0",0,0,0,"000000000","00000000000",0,0,0,1,0,0,0,0,0,0,0,998,0,0,0,61,4,3,12,0,0,0,1,39,45640,6,1,0,0,3,1,70,210,0,0,0,0,0,0,0,0,0,0,0,0,0,0,1,2,25,3,1,2,1,0,0,14,53,99,1,1,44,"777777777777","777777777777","777777777777",0,0
39,390551,2,2,4,23,7,12,3,12,7,1,0,39,2,12,17,12017,4,1997,"1FALP52U2VA2","1","F","A","L","P","5","2","U","2","V","A","2",0,0,0,"000000000","00000000000",0,0,0,1,0,0,0,0,0,0,0,998,0,0,0,81,6,2,30,0,0,0,1,39,45656,2,1,0,0,2,0,69,205,0,0,0,0,1,10,2014,10,2014,3,27,37,0,0,1,2,25,3,1,2,1,0,0,6,51,98,1,3,45,"777777777777","777777777777","777777777777",1,0
39,390552,1,2,4,26,7,18,14,12,6,1,0,39,2,12,17,12017,4,2004,"1FAFP53U54G1","1","F","A","F","P","5","3","U","5","4","G","1",0,0,0,"000000000","00000000000",0,0,0,1,0,0,0,0,0,0,0,998,0,0,0,61,6,2,12,0,0,0,1,39,43613,6,1,0,0,3,3,72,172,0,0,0,0,0,0,0,0,0,0,28,0,0,0,1,2,55,1,1,2,1,0,0,1,10,99,1,2,66,"777777777777","777777777777","777777777777",1,0
39,390552,2,2,1,26,7,18,14,12,6,1,0,39,1,59,401,59401,14,2003,"JTJHF10U3303","J","T","J","H","F","1","0","U","3","3","0","3",0,0,0,"000000000","00000000000",0,0,0,1,0,0,0,0,0,0,0,998,0,0,0,12,6,2,12,0,0,0,1,39,43554,6,1,0,0,3,3,61,140,0,0,0,0,1,4,2012,4,2012,0,0,0,0,0,1,2,55,1,1,2,1,0,0,2,62,99,1,1,66,"777777777777","777777777777","777777777777",0,0
39,390553,1,2,1,26,7,9,22,12,6,1,0,39,1,7,442,7442,20,2000,"2B4FP25B3YR6","2","B","4","F","P","2","5","B","3","Y","R","6",0,0,0,"000000000","00000000000",0,0,0,1,0,0,0,0,0,0,0,998,0,0,0,62,6,2,12,0,0,0,1,39,44287,6,1,0,0,3,3,66,125,0,0,0,0,0,0,0,0,0,0,39,0,0,0,1,2,55,1,1,2,1,20,3,10,16,99,1,1,78,"777777777777","777777777777","777777777777",1,0
39,390553,2,2,2,26,7,9,22,12,6,1,0,39,1,7,482,7482,31,2013,"1C6RR7PT2DS6","1","C","6","R","R","7","P","T","2","D","S","6",0,0,0,"000000000","00000000000",0,0,0,1,0,0,0,0,0,0,0,998,0,0,0,12,6,2,12,0,0,0,1,39,44883,6,1,6,0,3,3,69,195,0,0,0,2,0,1,2012,5,2012,0,0,0,0,0,1,2,55,1,1,2,1,0,0,1,65,1,1,1,79,"777777777777","777777777777","777777777777",0,0
39,390554,1,1,1,27,7,18,9,35,0,1,0,39,2,49,40,49040,4,2000,"4T1BG22K5YU9","4","T","1","B","G","2","2","K","5","Y","U","9",0,0,0,"000000000","00000000000",0,0,0,1,0,0,0,0,0,0,0,998,0,1,5,62,6,2,1,0,0,0,1,39,45644,6,1,0,0,3,3,68,211,0,0,0,0,0,0,0,0,0,0,27,0,0,0,1,2,35,1,1,2,1,0,0,1,12,99,1,4,6,"777777777777","777777777777","777777777777",1,1
39,390555,1,1,1,29,7,7,27,34,0,1,0,39,1,73,706,73706,80,2004,"JKAZXCC144A0","J","K","A","Z","X","C","C","1","4","4","A","0",0,0,0,"000000000","00000000000",0,0,0,1,0,0,0,0,0,0,0,998,0,0,0,81,6,2,35,0,0,0,1,39,45324,6,1,0,0,3,0,71,195,0,0,0,0,0,0,0,0,0,0,27,0,0,0,1,2,55,1,2,2,1,0,0,1,13,99,1,4,1,"777777777777","777777777777","777777777777",1,0
39,390556,1,2,1,1,8,13,6,12,2,1,0,39,2,18,25,18025,4,2014,"1G4PP5SKXE41","1","G","4","P","P","5","S","K","X","E","4","1",0,0,0,"000000000","00000000000",0,0,0,1,0,0,0,0,0,0,0,998,0,0,0,12,6,2,12,0,0,0,1,39,44501,6,1,0,0,3,3,61,158,0,0,0,0,0,0,0,0,0,0,28,0,0,0,1,2,55,1,1,2,1,0,0,1,10,99,1,2,50,"777777777777","777777777777","777777777777",0,0
39,390556,2,2,1,1,8,13,6,12,2,1,0,39,2,37,402,37402,14,2005,"JHLRD78505C0","J","H","L","R","D","7","8","5","0","5","C","0",0,0,0,"000000000","00000000000",0,0,0,1,0,0,0,0,0,0,0,55,0,1,5,12,6,2,12,0,0,0,1,39,44481,6,1,0,0,3,3,72,250,1,0,0,1,0,3,2012,3,2013,0,0,0,0,0,1,2,55,1,1,2,1,0,0,1,62,99,1,1,51,"777777777777","777777777777","777777777777",1,0
39,390557,1,1,1,1,8,10,26,42,0,1,0,39,1,20,37,20037,4,2007,"1G1ZS67N17F1","1","G","1","Z","S","6","7","N","1","7","F","1",0,0,0,"000000000","00000000000",0,0,0,1,0,0,0,0,0,0,0,65,0,0,0,83,6,2,42,0,0,0,1,39,44004,6,1,0,0,3,3,65,110,0,0,0,1,0,7,2016,7,2016,0,27,0,0,0,1,2,45,1,1,2,2,0,0,1,12,99,4,4,7,"777777777777","777777777777","777777777777",1,0
39,390559,1,1,1,29,7,7,54,31,0,1,0,39,1,20,481,20481,31,1998,"2GCEK19R3W12","2","G","C","E","K","1","9","R","3","W","1","2",0,0,0,"000000000","00000000000",0,0,0,1,0,0,0,0,0,0,0,998,0,0,0,12,6,2,2,0,0,1,1,39,43558,2,1,0,0,2,3,75,240,0,2,0,0,0,3,2016,3,2016,0,27,0,0,0,1,2,55,1,1,2,1,0,0,1,12,99,1,4,6,"777777777777","777777777777","777777777777",1,1
39,390560,1,1,1,1,8,16,45,24,0,1,0,39,1,37,705,37705,80,2003,"JH2PC35063M4","J","H","2","P","C","3","5","0","6","3","M","4",0,0,0,"000000000","00000000000",0,0,0,1,0,0,0,0,0,0,0,998,0,0,0,61,4,3,1,0,0,0,1,39,43420,6,1,0,0,2,0,77,200,0,1,0,2,1,5,2014,6,2016,4,27,36,0,0,6,1,65,2,2,2,1,0,0,3,12,99,1,4,6,"777777777777","777777777777","777777777777",1,0
39,390561,1,2,1,5,8,17,28,12,6,1,0,39,1,30,40,30040,4,2003,"3VWRK69M53M0","3","V","W","R","K","6","9","M","5","3","M","0",0,0,0,"000000000","00000000000",0,0,0,1,0,0,0,0,0,0,0,998,0,0,0,81,6,2,30,0,0,0,1,39,43616,6,1,0,0,3,3,66,150,0,0,0,0,0,0,0,0,0,0,0,0,0,0,1,2,55,1,1,2,1,0,0,1,66,99,1,1,87,"777777777777","777777777777","777777777777",1,0
39,390561,2,2,1,5,8,17,28,12,6,1,0,39,1,12,481,12481,31,2001,"1FTNF20L71EC","1","F","T","N","F","2","0","L","7","1","E","C",0,0,0,"000000000","00000000000",0,0,0,1,0,0,0,0,0,0,0,998,0,0,0,12,2,3,12,0,0,0,1,39,43445,6,1,0,0,3,3,64,155,0,0,0,2,0,4,2012,1,2016,0,38,0,0,0,1,2,55,1,1,2,1,20,3,4,17,1,1,7,86,"777777777777","777777777777","777777777777",0,0
39,390562,1,1,1,6,8,3,12,1,0,1,0,39,1,72,706,72706,80,2001,"1HD1FMW101Y6","1","H","D","1","F","M","W","1","0","1","Y","6",0,0,0,"000000000","00000000000",0,0,0,1,0,0,0,0,0,0,0,998,0,0,0,0,2,3,1,0,0,0,1,39,45424,6,1,0,0,3,3,73,286,0,2,1,0,0,6,2014,10,2014,0,36,0,0,0,1,5,50,1,1,2,2,1,3,10,16,99,2,1,98,"777777777777","777777777777","777777777777",1,1
39,390563,1,1,2,11,8,22,40,31,0,1,0,39,2,38,402,38402,14,2002,"4S2CM57WX243","4","S","2","C","M","5","7","W","X","2","4","3",0,0,0,"000000000","00000000000",0,0,0,1,0,0,0,0,0,0,0,998,0,0,0,14,6,2,31,0,0,0,1,39,45244,1,1,0,0,2,0,74,200,0,1,0,0,0,5,2016,5,2016,0,36,0,0,0,1,4,35,1,1,2,1,0,0,1,13,99,1,4,1,"777777777777","777777777777","777777777777",1,1
39,390564,1,1,1,7,8,0,45,35,0,1,0,39,1,53,706,53706,80,2013,"JS1VY53A7D21","J","S","1","V","Y","5","3","A","7","D","2","1",0,0,0,"000000000","00000000000",0,0,0,1,0,0,0,0,0,0,0,998,0,0,0,12,6,2,42,0,0,0,1,39,44004,6,1,0,0,3,0,66,180,0,0,0,0,0,0,0,0,0,4,27,0,0,0,1,2,45,2,2,2,1,0,0,14,6,99,1,4,6,"777777777777","777777777777","777777777777",1,1
39,390565,1,1,1,3,6,2,8,8,0,1,0,40,3,51,881,51881,66,2013,"4V5M39VE8DN1","4","V","5","M","3","9","V","E","8","D","N","1",1,1,57,"0142187","570142187",3,6,1,1,0,0,0,0,0,0,0,998,0,0,0,12,0,5,8,0,0,0,1,39,44662,6,1,6,0,3,0,71,228,0,0,0,2,0,1,2013,4,2015,0,0,0,0,0,1,2,50,1,5,2,1,0,0,1,80,1,1,1,13,"888888888888","777777777777","777777777777",0,0
39,390566,1,4,1,21,7,14,9,12,1,1,0,39,1,12,481,12481,31,2010,"1FTEX1CW5AFA","1","F","T","E","X","1","C","W","5","A","F","A",0,0,0,"000000000","00000000000",0,0,0,1,0,0,0,0,0,0,0,998,0,0,0,12,9,3,12,0,0,0,1,39,45449,6,1,0,0,3,3,70,182,2,0,0,0,0,4,2012,12,2014,9,99,99,99,99,2,4,45,1,2,2,1,1,3,1,17,99,1,1,83,"777777777777","777777777777","777777777777",0,0
39,390566,2,4,3,21,7,14,9,12,1,1,0,39,2,49,40,49040,4,2005,"4T1BE32K15U4","4","T","1","B","E","3","2","K","1","5","U","4",0,0,0,"000000000","00000000000",0,0,0,1,0,0,0,0,0,0,0,10,0,0,0,6,6,2,12,0,0,0,1,39,45325,6,1,0,0,3,0,68,170,0,0,0,0,0,0,0,0,0,0,99,99,99,99,2,4,45,1,2,2,1,1,3,11,66,1,1,1,82,"777777777777","777777777777","777777777777",1,0
39,390566,3,4,1,21,7,14,9,12,1,1,0,39,2,20,37,20037,4,2013,"1G11F5SR8DF1","1","G","1","1","F","5","S","R","8","D","F","1",0,0,0,"000000000","00000000000",0,0,0,1,0,0,0,0,0,0,0,998,0,0,0,62,4,3,12,0,0,0,1,39,45420,6,1,0,0,3,3,68,178,0,0,0,0,0,0,0,0,0,9,99,99,99,99,2,4,45,1,2,2,1,1,3,11,66,1,1,1,98,"777777777777","777777777777","777777777777",0,0
39,390566,4,4,1,21,7,14,9,12,1,1,0,39,2,19,20,19020,6,2010,"3GYFNBEY3AS6","3","G","Y","F","N","B","E","Y","3","A","S","6",0,0,0,"000000000","00000000000",0,0,0,1,0,0,0,0,0,0,0,0,0,0,0,62,2,5,12,0,0,0,1,39,45458,6,1,0,0,3,3,66,165,0,0,0,0,0,0,0,0,0,0,99,99,99,99,2,4,45,1,2,2,1,1,3,5,62,1,1,1,98,"777777777777","777777777777","777777777777",0,0
39,390567,1,2,1,5,7,5,8,12,7,1,0,39,1,2,406,2406,14,2007,"1J8HG48K47C6","1","J","8","H","G","4","8","K","4","7","C","6",0,0,0,"000000000","00000000000",0,0,0,1,0,0,0,0,0,0,0,67,0,1,1,82,6,2,12,0,0,0,1,39,43055,6,1,0,0,3,0,71,190,0,0,0,1,0,11,2015,11,2015,3,6,0,0,0,3,2,55,1,1,2,1,0,0,15,11,99,1,2,46,"777777777777","777777777777","777777777777",1,0
39,390567,2,2,1,5,7,5,8,12,7,1,0,39,3,38,898,38898,61,2006,"JALB4B164670","J","A","L","B","4","B","1","6","4","6","7","0",0,0,77,"777777777","77777777777",2,1,1,1,0,0,0,0,0,0,0,998,0,0,0,63,2,5,12,0,0,0,1,39,43062,6,1,0,0,3,3,74,160,0,0,0,0,0,0,0,0,0,0,0,0,0,0,3,2,55,1,1,2,1,0,0,1,60,99,1,1,45,"777777777777","777777777777","777777777777",0,0
39,390568,1,1,1,8,7,0,40,53,0,1,0,39,1,12,481,12481,31,2006,"1FTRF12216NA","1","F","T","R","F","1","2","2","1","6","N","A",0,0,0,"000000000","00000000000",0,0,0,1,0,0,0,0,0,0,0,998,0,0,0,12,6,2,42,0,0,0,1,39,44630,6,1,6,0,3,0,73,240,0,0,0,0,0,0,0,0,0,0,27,0,0,0,1,2,45,2,1,2,1,0,0,14,12,99,1,4,6,"777777777777","777777777777","777777777777",1,1
39,390569,1,2,1,10,7,9,28,12,2,1,0,39,2,49,402,49402,14,2005,"JTEGD20V9500","J","T","E","G","D","2","0","V","9","5","0","0",0,0,0,"000000000","00000000000",0,0,0,1,0,0,0,0,0,0,0,35,0,0,0,12,6,2,12,0,0,0,1,39,44039,6,1,0,0,3,0,66,235,1,1,1,0,2,5,2013,12,2014,0,28,0,0,0,1,2,35,1,1,2,1,0,0,1,10,99,1,2,50,"777777777777","777777777777","777777777777",1,1
39,390569,2,2,1,10,7,9,28,12,2,1,0,39,2,12,481,12481,31,2003,"1FTRX18W43NB","1","F","T","R","X","1","8","W","4","3","N","B",0,0,0,"000000000","00000000000",0,0,0,1,0,0,0,0,0,0,0,30,0,0,0,12,6,2,12,0,0,0,1,39,44138,6,1,0,0,3,3,67,177,0,0,0,0,1,5,2016,5,2016,0,0,0,0,0,1,2,35,1,1,2,1,0,0,1,62,99,1,1,51,"777777777777","777777777777","777777777777",0,0
39,390570,1,1,1,18,7,22,30,8,0,1,0,39,1,55,401,55401,14,2004,"KM8SB12B24U6","K","M","8","S","B","1","2","B","2","4","U","6",0,0,0,"000000000","00000000000",0,0,0,1,0,0,0,0,0,0,0,998,0,0,0,62,4,3,8,0,0,0,1,26,48144,6,1,0,0,3,3,74,170,0,0,0,0,1,7,2015,7,2015,0,0,0,0,0,1,2,35,1,1,2,1,0,0,1,80,99,1,1,13,"777777777777","777777777777","777777777777",0,1
39,390571,1,1,1,20,7,1,44,42,0,1,0,39,1,37,31,37031,2,2013,"2HGFG4A56DH7","2","H","G","F","G","4","A","5","6","D","H","7",0,0,0,"000000000","00000000000",0,0,0,1,0,0,0,0,0,0,0,50,0,0,0,62,6,2,42,0,0,0,1,39,43311,1,1,0,0,2,0,67,180,0,2,0,2,1,9,2012,6,2016,0,27,0,0,0,1,2,55,2,2,2,1,0,0,14,12,99,1,4,6,"777777777777","777777777777","777777777777",1,0
39,390572,1,1,1,25,7,6,35,35,0,1,0,39,1,23,401,23401,14,2006,"1GKDT13S4622","1","G","K","D","T","1","3","S","4","6","2","2",0,0,0,"000000000","00000000000",0,0,0,1,0,0,0,0,0,0,0,63,0,1,3,81,6,2,1,0,0,0,1,39,43701,6,1,0,0,3,0,67,280,0,0,0,1,0,12,2015,12,2015,4,27,0,0,0,3,2,70,3,2,2,1,0,0,1,12,6,1,4,6,"777777777777","777777777777","777777777777",1,0
39,390573,1,1,2,30,7,22,31,1,0,1,0,39,2,72,706,72706,80,2009,"1HD1FB4199Y6","1","H","D","1","F","B","4","1","9","9","Y","6",0,0,0,"000000000","00000000000",0,0,0,1,0,0,0,0,0,0,0,998,0,0,0,0,2,5,1,0,0,0,1,39,45648,6,1,0,0,3,3,68,200,1,0,0,0,2,3,2014,10,2014,0,0,0,0,0,1,2,55,2,2,2,11,0,0,14,98,99,2,1,98,"777777777777","777777777777","777777777777",1,0
39,390574,1,2,1,28,7,22,21,12,6,1,0,39,3,6,51,6051,4,2015,"1C3CCCAB8FN6","1","C","3","C","C","C","A","B","8","F","N","6",0,0,0,"000000000","00000000000",0,0,0,1,0,0,0,0,0,0,0,5,0,0,0,61,6,2,12,0,0,0,1,39,45106,6,1,0,0,3,3,75,330,2,1,0,1,1,4,2016,7,2016,0,30,38,0,0,1,2,25,1,2,2,1,0,0,4,17,1,1,1,89,"777777777777","777777777777","777777777777",0,0
39,390574,2,2,1,28,7,22,21,12,6,1,0,39,1,22,403,22403,14,2006,"2CKDL63F6661","2","C","K","D","L","6","3","F","6","6","6","1",0,0,0,"000000000","00000000000",0,0,0,1,0,0,0,0,0,0,0,45,0,0,0,12,6,2,12,0,0,0,1,39,45160,6,1,0,0,3,0,66,180,0,0,0,0,0,0,0,0,0,0,0,0,0,0,1,2,25,1,2,2,1,0,0,1,71,99,1,1,88,"777777777777","777777777777","777777777777",1,0
39,390575,1,2,3,2,8,17,13,12,6,1,0,39,1,37,402,37402,14,1999,"JHLRD1860XC0","J","H","L","R","D","1","8","6","0","X","C","0",0,0,0,"000000000","00000000000",0,0,0,1,0,0,0,0,0,0,0,30,0,0,0,61,6,2,12,0,0,0,1,39,45331,6,1,0,0,3,0,70,165,0,0,0,0,0,0,0,0,0,0,38,0,0,0,2,2,55,1,1,2,1,20,3,1,17,99,1,1,89,"777777777777","777777777777","777777777777",1,0
39,390575,2,2,3,2,8,17,13,12,6,1,0,18,1,12,481,12481,31,2006,"1FTWW31PX6EA","1","F","T","W","W","3","1","P","X","6","E","A",0,0,0,"000000000","00000000000",0,0,0,1,0,0,0,0,0,0,0,998,0,0,0,12,6,2,12,0,0,0,1,18,45740,6,1,0,0,3,3,68,160,1,0,0,0,2,2,2013,5,2016,0,0,0,0,0,2,2,60,1,1,2,1,0,0,1,66,99,1,1,88,"777777777777","777777777777","777777777777",0,0
39,390576,1,1,1,5,8,20,47,30,0,1,0,18,2,2,404,2404,14,1998,"1J4GZ48YXWC3","1","J","4","G","Z","4","8","Y","X","W","C","3",0,0,0,"000000000","00000000000",0,0,0,1,0,0,0,0,0,0,0,998,0,1,5,12,6,2,1,0,0,0,1,39,45771,6,1,0,0,3,3,71,270,0,0,0,0,0,0,0,0,0,0,27,0,0,0,1,2,45,3,1,2,1,0,0,14,13,99,1,4,1,"777777777777","777777777777","777777777777",1,0
39,390577,1,1,1,5,8,12,42,1,0,1,0,39,3,87,881,87881,78,2013,"1NPSL50X0DD1","1","N","P","S","L","5","0","X","0","D","D","1",0,0,57,"2468203","572468203",3,2,5,1,0,0,0,0,0,0,0,65,0,1,5,0,6,2,1,0,0,0,1,39,43123,6,1,6,0,3,3,69,258,0,0,0,3,0,11,2013,10,2014,0,80,0,0,0,2,2,70,1,1,2,1,0,0,1,1,99,1,4,98,"777777777777","777777777777","777777777777",1,0
39,390578,1,1,1,31,7,3,20,8,0,1,0,39,2,9,38,9038,4,1998,"1P3EJ46C2WN2","1","P","3","E","J","4","6","C","2","W","N","2",0,0,0,"000000000","00000000000",0,0,0,1,0,0,0,0,0,0,0,998,0,0,0,14,2,3,8,0,0,0,1,39,45810,6,1,0,0,3,0,69,150,0,0,0,0,1,11,2015,11,2015,0,0,0,0,0,1,2,55,4,1,2,1,0,0,1,80,1,1,1,13,"777777777777","777777777777","777777777777",0,0
39,390579,1,1,1,8,8,14,15,43,0,1,0,39,1,54,421,54421,15,2010,"2HNYD2H22AH5","2","H","N","Y","D","2","H","2","2","A","H","5",0,0,0,"000000000","00000000000",0,0,0,1,0,0,0,0,0,0,0,998,0,0,0,12,6,2,42,0,0,0,1,39,45054,6,1,0,0,3,3,68,150,0,0,0,0,0,0,0,0,0,4,27,0,0,0,1,2,55,1,1,2,1,0,0,1,12,99,1,4,6,"777777777777","777777777777","777777777777",1,0