"STATE","ST_CASE","VEH_NO","VE_FORMS","NUMOCCS","DAY","MONTH","HOUR","MINUTE","HARM_EV","MAN_COLL","UNITTYPE","HIT_RUN","REG_STAT","OWNER","MAKE","MODEL","MAK_MOD","BODY_TYP","MOD_YEAR","VIN","VIN_1","VIN_2","VIN_3","VIN_4","VIN_5","VIN_6","VIN_7","VIN_8","VIN_9","VIN_10","VIN_11","VIN_12","TOW_VEH","J_KNIFE","MCARR_I1","MCARR_I2","MCARR_ID","GVWR","V_CONFIG","CARGO_BT","HAZ_INV","HAZ_PLAC","HAZ_ID","HAZ_CNO","HAZ_REL","BUS_USE","SPEC_USE","EMER_USE","TRAV_SP","UNDERIDE","ROLLOVER","ROLINLOC","IMPACT1","DEFORMED","TOWED","M_HARM","VEH_SC1","VEH_SC2","FIRE_EXP","DR_PRES","L_STATE","DR_ZIP","L_STATUS","L_TYPE","CDL_STAT","L_ENDORS","L_COMPL","L_RESTRI","DR_HGT","DR_WGT","PREV_ACC","PREV_SUS","PREV_DWI","PREV_SPD","PREV_OTH","FIRST_MO","FIRST_YR","LAST_MO","LAST_YR","SPEEDREL","DR_SF1","DR_SF2","DR_SF3","DR_SF4","VTRAFWAY","VNUM_LAN","VSPD_LIM","VALIGN","VPROFILE","VPAVETYP","VSURCOND","VTRAFCON","VTCONT_F","P_CRASH1","P_CRASH2","P_CRASH3","PCRASH4","PCRASH5","ACC_TYPE","TRLR1VIN","TRLR2VIN","TRLR3VIN","DEATHS","DR_DRINK"
39,390619,5,10,1,14,8,14,0,12,1,1,0,26,1,34,43,34043,2,2011,"WBAUP7C51BVM","W","B","A","U","P","7","C","5","1","B","V","M",0,0,0,"000000000","00000000000",0,0,0,1,0,0,0,0,0,0,0,0,0,0,0,83,6,2,12,0,0,0,1,26,48158,6,1,0,0,3,3,70,250,0,0,0,0,0,0,0,0,0,0,0,0,0,0,3,3,50,1,1,2,1,28,3,5,50,1,1,1,98,"777777777777","777777777777","777777777777",0,0
39,390619,6,10,5,14,8,14,0,12,1,1,0,36,1,12,481,12481,31,2008,"1FTPW14518FB","1","F","T","P","W","1","4","5","1","8","F","B",0,0,0,"000000000","00000000000",0,0,0,1,0,0,0,0,0,0,0,0,0,0,0,6,6,2,12,0,0,0,1,36,12494,6,1,0,0,3,0,69,999,1,0,0,0,0,1,2015,1,2015,0,0,0,0,0,3,3,50,1,1,2,1,28,3,5,50,1,1,1,98,"777777777777","777777777777","777777777777",1,0
39,390619,7,10,2,14,8,14,0,12,1,1,0,39,2,32,402,32402,14,2014,"WA1CFAFP7EA0","W","A","1","C","F","A","F","P","7","E","A","0",1,1,0,"000000000","00000000000",0,0,0,1,0,0,0,0,0,0,0,0,0,0,0,6,6,2,12,0,0,0,1,39,44236,6,1,0,0,3,0,70,150,0,0,0,0,0,0,0,0,0,0,0,0,0,0,3,3,50,1,1,2,1,28,3,5,50,1,1,1,98,"5HCKC0819BE0","777777777777","777777777777",0,0
39,390619,8,10,4,14,8,14,0,12,1,1,0,39,1,37,32,37032,4,2006,"1HGCM56846A0","1","H","G","C","M","5","6","8","4","6","A","0",0,0,0,"000000000","00000000000",0,0,0,1,0,0,0,0,0,0,0,998,0,0,0,6,6,2,12,0,0,0,1,39,44134,6,1,0,0,3,0,71,200,0,1,0,2,2,3,2014,8,2016,0,0,0,0,0,3,3,50,1,1,2,1,28,3,1,50,1,1,1,98,"777777777777","777777777777","777777777777",0,0
39,390619,9,10,1,14,8,14,0,12,1,1,0,17,3,51,881,51881,66,2007,"4V4NC9TG07N4","4","V","4","N","C","9","T","G","0","7","N","4",1,1,57,"2573567","572573567",3,6,1,1,0,0,0,0,0,0,0,998,0,0,0,12,6,2,12,42,0,0,1,13,30127,6,1,6,3,3,0,75,395,98,0,0,0,1,11,2013,11,2013,4,26,0,0,0,3,3,50,1,1,2,1,28,3,1,50,99,1,3,20,"1UYVS253XEP0","777777777777","777777777777",0,0
39,390619,10,10,3,14,8,14,0,12,1,1,0,17,3,12,402,12402,14,2016,"1FMCU9J99GUA","1","F","M","C","U","9","J","9","9","G","U","A",0,0,0,"000000000","00000000000",0,0,0,1,0,0,0,0,0,0,0,0,0,0,0,6,2,5,12,0,0,0,1,6,94062,6,1,6,0,3,0,69,195,0,0,0,0,0,0,0,0,0,0,0,0,0,0,3,3,50,1,1,2,1,28,3,5,50,1,1,1,98,"777777777777","777777777777","777777777777",0,0
39,390620,1,2,1,17,8,14,19,12,2,1,0,39,1,20,481,20481,31,2000,"1GCEC14W0YE2","1","G","C","E","C","1","4","W","0","Y","E","2",0,0,0,"000000000","00000000000",0,0,0,1,0,0,0,0,0,0,0,998,0,0,0,12,6,2,12,0,0,0,1,39,43003,6,1,0,0,3,0,62,190,0,2,2,0,0,4,2013,5,2013,0,58,28,0,0,1,2,55,1,1,2,1,0,0,1,10,99,1,6,50,"777777777777","777777777777","777777777777",1,1
39,390620,2,2,1,17,8,14,19,12,2,1,0,39,1,7,442,7442,20,2015,"2C4RDGCG2FR5","2","C","4","R","D","G","C","G","2","F","R","5",0,0,0,"000000000","00000000000",0,0,0,1,0,0,0,0,0,0,0,998,0,0,0,12,6,2,12,0,0,0,1,39,43302,6,1,0,0,3,3,70,265,1,0,0,0,1,12,2014,1,2015,0,0,0,0,0,1,2,55,1,1,2,1,0,0,1,62,99,1,1,51,"777777777777","777777777777","777777777777",0,0
39,390621,1,1,1,23,8,13,29,10,0,1,0,39,1,58,421,58421,15,2004,"5N3AA08C14N8","5","N","3","A","A","0","8","C","1","4","N","8",0,0,0,"000000000","00000000000",0,0,0,1,0,0,0,0,0,0,0,998,0,0,0,61,6,2,10,0,0,0,1,39,45011,6,1,0,0,3,3,71,132,1,0,0,1,0,12,2011,2,2012,0,40,0,0,0,1,4,45,1,1,2,1,65,3,98,98,99,1,2,98,"777777777777","777777777777","777777777777",1,0
39,390622,1,2,1,3,8,17,35,12,9,1,0,39,1,73,705,73705,80,2008,"JKAEXEA118A0","J","K","A","E","X","E","A","1","1","8","A","0",0,0,0,"000000000","00000000000",0,0,0,1,0,0,0,0,0,0,0,998,0,0,0,6,8,8,12,0,0,0,1,39,44128,6,1,0,0,3,3,65,220,0,0,0,2,1,5,2012,7,2016,0,0,0,0,0,1,4,35,1,1,2,1,0,0,1,53,99,1,1,48,"777777777777","777777777777","777777777777",1,0
39,390622,2,2,2,3,8,17,35,12,9,1,1,39,1,6,43,6043,4,2004,"1C3EL56R64N2","1","C","3","E","L","5","6","R","6","4","N","2",0,0,0,"000000000","00000000000",0,0,0,1,0,0,0,0,0,0,0,998,0,0,0,81,2,3,12,0,0,0,1,39,44108,6,1,0,0,3,0,64,133,2,0,0,0,0,9,2012,8,2013,0,27,0,0,0,1,4,35,1,1,2,1,0,0,15,51,99,1,1,48,"777777777777","777777777777","777777777777",0,0
39,390623,1,2,4,4,8,0,44,12,6,1,1,39,1,20,37,20037,4,2001,"1G1ND52J6161","1","G","1","N","D","5","2","J","6","1","6","1",0,0,0,"000000000","00000000000",0,0,0,1,0,0,0,0,0,0,0,20,0,0,0,82,6,2,12,0,0,0,1,39,44108,1,1,0,0,2,0,72,145,0,0,0,1,1,8,2011,4,2016,0,38,0,0,0,1,4,35,1,1,2,1,3,3,11,15,99,1,1,68,"777777777777","777777777777","777777777777",0,0
39,390623,2,2,1,4,8,0,44,12,6,1,0,39,2,72,706,72706,80,2016,"1HD1KRM12GB6","1","H","D","1","K","R","M","1","2","G","B","6",0,0,0,"000000000","00000000000",0,0,0,1,0,0,0,0,0,0,0,45,0,0,0,12,6,2,12,0,0,0,1,39,44123,6,1,0,0,3,0,71,185,1,1,0,0,2,6,2012,1,2013,0,0,0,0,0,1,4,35,1,1,2,1,3,3,1,67,99,1,1,69,"777777777777","777777777777","777777777777",1,1
39,390624,1,2,1,27,7,23,35,12,1,1,0,39,2,49,40,49040,4,2007,"JTNBE46K5731","J","T","N","B","E","4","6","K","5","7","3","1",0,0,0,"000000000","00000000000",0,0,0,1,0,0,0,0,0,0,0,998,0,0,0,6,6,2,12,0,0,0,1,39,44122,6,1,0,0,3,0,62,120,0,3,2,3,2,9,2011,5,2016,0,30,38,0,0,1,2,45,1,2,2,1,0,0,4,19,1,1,3,33,"777777777777","777777777777","777777777777",0,0
39,390624,2,2,1,27,7,23,35,12,1,1,0,39,1,72,706,72706,80,1994,"1HD1BKL13RY0","1","H","D","1","B","K","L","1","3","R","Y","0",0,0,0,"000000000","00000000000",0,0,0,1,0,0,0,0,0,0,0,998,0,0,0,12,6,2,12,0,0,0,1,39,44062,6,1,6,0,3,3,70,140,2,2,0,4,4,9,2011,2,2015,0,0,0,0,0,1,2,45,1,2,2,1,0,0,1,73,99,9,1,33,"777777777777","777777777777","777777777777",1,1
39,390625,1,2,2,24,4,20,58,12,1,1,1,39,2,20,481,20481,31,2003,"2GCEC19V8311","2","G","C","E","C","1","9","V","8","3","1","1",0,0,0,"000000000","00000000000",0,0,0,1,0,0,0,0,0,0,0,998,0,0,0,12,6,2,12,0,0,0,1,39,43062,1,1,0,0,2,0,72,185,0,3,0,0,0,12,2011,4,2016,0,26,0,0,0,1,2,55,1,1,2,1,0,0,1,52,6,1,2,28,"777777777777","777777777777","777777777777",0,1
39,390625,2,2,2,24,4,20,58,12,1,1,0,39,1,73,706,73706,80,2015,"JKBVNRK19FA0","J","K","B","V","N","R","K","1","9","F","A","0",0,0,0,"000000000","00000000000",0,0,0,1,0,0,0,0,0,0,0,15,0,0,0,6,6,2,12,0,0,0,1,39,43062,6,1,0,0,3,0,72,225,0,0,0,1,1,7,2012,5,2013,0,0,0,0,0,1,2,55,1,1,2,1,0,0,2,53,1,1,1,31,"777777777777","777777777777","777777777777",1,0
39,390626,1,2,1,1,8,14,4,12,7,1,0,39,2,37,706,37706,80,2005,"JH2SC57005M1","J","H","2","S","C","5","7","0","0","5","M","1",0,0,0,"000000000","00000000000",0,0,0,1,0,0,0,0,0,0,0,998,0,0,0,81,4,3,12,0,0,0,1,39,44730,6,1,0,0,3,0,66,225,0,1,0,2,2,1,2012,11,2015,0,26,0,0,0,1,2,55,2,1,2,1,0,0,2,53,16,2,1,73,"777777777777","777777777777","777777777777",1,0
39,390626,2,2,1,1,8,14,4,12,7,1,1,39,1,53,705,53705,80,2004,"JS1GN79AX421","J","S","1","G","N","7","9","A","X","4","2","1",0,0,0,"000000000","00000000000",0,0,0,1,0,0,0,0,0,0,0,998,0,0,0,61,2,5,12,0,0,0,1,39,44705,6,1,0,0,3,0,73,200,0,0,0,0,0,0,0,0,0,0,0,0,0,0,1,2,55,2,1,2,1,0,0,11,53,99,1,1,72,"777777777777","777777777777","777777777777",0,0
39,390627,1,1,1,13,8,18,50,30,0,1,0,39,2,20,4,20004,2,1999,"1G1YY22G0X51","1","G","1","Y","Y","2","2","G","0","X","5","1",0,0,0,"000000000","00000000000",0,0,0,1,0,0,0,0,0,0,0,998,0,0,0,83,6,2,42,0,0,0,1,39,44288,6,1,0,0,3,3,64,165,0,0,0,0,0,0,0,0,0,4,27,33,0,0,1,2,55,1,1,2,1,0,0,6,51,6,1,4,6,"777777777777","777777777777","777777777777",1,0
39,390628,1,2,1,18,8,3,39,12,2,1,0,39,1,12,37,12037,4,2007,"1FAFP34N87W2","1","F","A","F","P","3","4","N","8","7","W","2",0,0,0,"000000000","00000000000",0,0,0,1,0,0,0,0,0,0,0,998,0,0,0,12,6,2,12,0,0,0,1,39,44805,6,1,0,0,3,0,68,190,0,0,0,0,0,0,0,0,0,0,27,51,0,0,1,2,55,1,1,2,1,0,0,1,10,99,1,2,50,"777777777777","777777777777","777777777777",1,1
39,390628,2,2,1,18,8,3,39,12,2,1,0,39,3,87,884,87884,66,2016,"1XPCDP9X2GD3","1","X","P","C","D","P","9","X","2","G","D","3",1,3,57,"0445014","570445014",3,6,2,1,0,0,0,0,0,0,0,998,0,0,0,12,6,2,12,42,0,0,1,39,43952,6,1,6,0,3,0,73,260,0,0,0,0,0,0,0,0,0,0,0,0,0,0,1,2,55,1,1,2,1,0,0,1,62,16,2,1,51,"888888888888","777777777777","777777777777",0,0
39,390629,1,1,4,21,8,14,0,53,0,1,0,39,2,53,40,53040,9,2008,"JS2YC4147851","J","S","2","Y","C","4","1","4","7","8","5","1",0,0,0,"000000000","00000000000",0,0,0,1,0,0,0,0,0,0,0,998,0,0,0,61,4,3,42,0,0,0,1,39,45692,6,2,0,0,3,2,66,120,0,0,0,0,0,0,0,0,0,0,27,74,0,0,1,2,55,1,1,2,1,0,0,1,8,98,2,4,2,"777777777777","777777777777","777777777777",1,0
39,390630,1,1,1,13,7,18,58,30,0,1,0,39,1,37,471,37471,30,2011,"5FPYK1F52BB0","5","F","P","Y","K","1","F","5","2","B","B","0",0,0,0,"000000000","00000000000",0,0,0,1,0,0,0,0,0,0,0,35,0,0,0,12,6,2,42,0,0,0,1,39,44044,6,1,0,0,3,0,70,260,0,0,0,2,0,11,2011,12,2014,0,27,0,0,0,1,2,35,1,1,2,1,0,0,1,12,99,1,4,6,"777777777777","777777777777","777777777777",1,0
39,390631,1,1,1,16,7,16,10,1,0,1,0,39,1,50,706,50706,80,2012,"SMT910K11CT5","S","M","T","9","1","0","K","1","1","C","T","5",0,0,0,"000000000","00000000000",0,0,0,1,0,0,0,0,0,0,0,998,0,0,0,0,6,2,1,0,0,0,1,39,44883,6,1,6,0,3,3,72,245,1,0,0,0,0,4,2014,4,2014,0,99,99,99,99,3,2,65,1,1,2,1,0,0,1,99,99,9,2,98,"777777777777","777777777777","777777777777",1,0
39,390633,1,1,1,18,8,17,10,9,0,1,0,39,1,87,881,87881,66,2009,"1XP7D49X89D7","1","X","P","7","D","4","9","X","8","9","D","7",1,1,57,"1519324","571519324",3,6,1,1,0,0,0,0,0,0,0,998,0,0,0,12,0,5,9,0,0,0,1,39,43201,6,1,6,0,3,0,66,180,3,0,0,4,1,10,2011,5,2016,0,0,0,0,0,1,4,35,1,1,2,1,3,3,1,83,99,1,1,13,"888888888888","777777777777","777777777777",0,0
39,390634,1,2,1,22,8,11,25,12,2,1,0,18,3,84,881,84881,64,2016,"1HTMMMML6GH4","1","H","T","M","M","M","M","L","6","G","H","4",0,0,57,"630913","57630913",2,1,1,1,0,0,0,0,0,0,0,998,0,0,0,12,6,2,12,42,0,0,1,39,44301,6,1,0,0,3,3,72,280,0,0,0,0,1,1,2015,1,2015,0,0,0,0,0,1,2,55,1,1,2,1,0,0,1,62,1,1,1,51,"777777777777","777777777777","777777777777",0,0
39,390634,2,2,1,22,8,11,25,12,2,1,0,39,1,22,16,22016,2,2002,"1G2JB1240274","1","G","2","J","B","1","2","4","0","2","7","4",0,0,0,"000000000","00000000000",0,0,0,1,0,0,0,0,0,0,0,998,0,0,0,12,6,2,12,0,0,0,1,39,44431,6,1,0,0,3,0,66,120,0,1,0,0,0,5,2012,5,2012,0,27,0,0,0,1,2,55,1,1,2,1,0,0,1,10,1,1,2,50,"777777777777","777777777777","777777777777",1,0
39,390635,1,1,1,22,8,1,0,52,0,1,0,39,2,37,31,37031,2,2012,"2HGFG3B51CH5","2","H","G","F","G","3","B","5","1","C","H","5",0,0,0,"000000000","00000000000",0,0,0,1,0,0,0,0,0,0,0,998,0,1,5,12,6,2,1,0,0,0,1,39,43334,6,1,0,0,3,3,68,160,0,0,0,1,0,9,2015,9,2015,0,27,0,0,0,1,2,55,3,1,2,1,0,0,14,13,99,1,4,1,"777777777777","777777777777","777777777777",1,0
39,390636,1,1,1,24,8,14,21,38,0,1,0,39,1,20,37,20037,4,2010,"1G1ZC5EB1AF1","1","G","1","Z","C","5","E","B","1","A","F","1",0,0,0,"000000000","00000000000",0,0,0,1,0,0,0,0,0,0,0,85,0,0,0,82,6,2,38,0,0,1,1,39,45405,1,1,0,0,2,0,72,142,1,2,0,2,2,10,2014,5,2016,4,36,0,0,0,6,2,65,3,2,2,1,0,0,1,13,99,1,4,1,"777777777777","777777777777","777777777777",1,0
39,390637,1,1,1,17,7,2,35,33,0,1,0,37,2,76,706,76706,80,1996,"JYA2WEE05TA0","J","Y","A","2","W","E","E","0","5","T","A","0",0,0,0,"000000000","00000000000",0,0,0,1,0,0,0,0,0,0,0,36,0,0,0,12,6,2,30,0,0,0,1,37,44223,6,1,0,0,2,0,73,999,3,1,0,0,3,12,2011,9,2015,0,36,0,0,0,4,4,35,2,2,2,1,3,3,1,12,1,1,4,6,"777777777777","777777777777","777777777777",1,1
39,390638,1,2,1,23,8,6,40,12,2,1,0,39,2,52,46,52046,4,2008,"JA3AU26U58U0","J","A","3","A","U","2","6","U","5","8","U","0",0,0,0,"000000000","00000000000",0,0,0,1,0,0,0,0,0,0,0,3,0,0,0,12,6,2,12,0,0,0,1,39,44134,6,1,0,0,3,3,71,170,0,0,0,1,0,9,2013,9,2013,0,38,0,0,0,5,3,35,1,1,2,1,0,0,11,15,1,1,1,74,"777777777777","777777777777","777777777777",0,0
39,390638,2,2,1,23,8,6,40,12,2,1,0,39,1,37,706,37706,80,2000,"JH2SC4415YM0","J","H","2","S","C","4","4","1","5","Y","M","0",0,0,0,"000000000","00000000000",0,0,0,1,0,0,0,0,0,0,0,40,0,0,0,12,6,2,12,0,0,0,1,39,44137,6,1,0,0,3,0,69,225,2,1,1,0,1,12,2012,2,2015,0,0,0,0,0,5,3,35,1,1,2,1,0,0,1,62,99,1,1,74,"777777777777","777777777777","777777777777",1,0
39,390639,1,3,1,19,8,12,25,12,7,1,0,39,1,41,45,41045,1,2001,"JM1NB3538102","J","M","1","N","B","3","5","3","8","1","0","2",0,0,0,"000000000","00000000000",0,0,0,1,0,0,0,0,0,0,0,70,3,0,0,61,6,2,12,0,0,0,1,39,44120,6,1,0,0,3,3,60,130,0,0,0,0,0,0,0,0,0,0,0,0,0,0,3,4,60,1,1,2,1,0,0,1,60,16,2,1,45,"777777777777","777777777777","777777777777",1,0
39,390639,2,3,1,19,8,12,25,12,7,1,0,39,3,51,881,51881,62,2004,"4V4NC9GH44N3","4","V","4","N","C","9","G","H","4","4","N","3",0,0,57,"1509245","571509245",2,2,1,1,0,0,0,0,0,0,0,68,7,0,0,82,4,3,12,0,0,0,1,39,44116,6,1,0,0,3,0,68,155,1,0,0,1,1,8,2013,10,2014,0,27,0,0,0,3,4,60,1,1,2,1,0,0,15,11,1,1,2,46,"777777777777","777777777777","777777777777",0,0
39,390639,3,3,1,19,8,12,25,12,7,1,0,39,2,20,461,20461,21,2002,"1GCGG25RX211","1","G","C","G","G","2","5","R","X","2","1","1",0,0,0,"000000000","00000000000",0,0,0,1,0,0,0,0,0,0,0,60,0,0,0,82,4,3,12,0,0,0,1,39,44107,6,1,6,0,3,0,69,167,0,0,0,0,1,5,2012,5,2012,0,0,0,0,0,3,4,60,1,1,2,1,0,0,1,61,1,1,1,98,"777777777777","777777777777","777777777777",0,0
39,390640,1,1,1,22,8,1,5,31,0,1,0,39,1,98,709,98709,80,1976,"AZ217249","A","Z","2","1","7","2","4","9","","","","",0,0,0,"000000000","00000000000",0,0,0,1,0,0,0,0,0,0,0,998,0,0,0,61,6,2,30,0,0,0,1,39,43302,6,1,0,0,3,0,67,150,0,2,1,0,0,5,2012,5,2012,0,27,0,0,0,1,2,55,3,1,2,1,0,0,14,13,99,1,4,1,"777777777777","777777777777","777777777777",1,1
39,390641,1,1,1,13,7,22,33,1,0,1,0,39,1,73,703,73703,80,2007,"JKAEXMF127DA","J","K","A","E","X","M","F","1","2","7","D","A",0,0,0,"000000000","00000000000",0,0,0,1,0,0,0,0,0,0,0,20,0,0,0,0,2,3,1,0,0,0,1,39,44095,6,8,0,0,3,2,75,280,0,0,0,0,0,0,0,0,0,0,74,81,87,0,1,2,25,1,1,2,2,0,0,99,99,99,1,3,98,"777777777777","777777777777","777777777777",1,0
39,390642,1,2,2,30,7,15,38,12,2,1,0,17,1,98,706,98706,80,2015,"X8JMH0373FU2","X","8","J","M","H","0","3","7","3","F","U","2",0,0,0,"000000000","00000000000",0,0,0,1,0,0,0,0,0,0,0,998,0,0,0,12,6,2,12,30,0,0,1,17,62450,6,1,0,0,3,3,72,200,0,0,0,0,0,0,0,0,0,0,27,0,0,0,1,2,55,2,2,2,1,0,0,14,9,99,9,2,53,"777777777777","777777777777","777777777777",1,0
39,390642,2,2,2,30,7,15,38,12,2,1,0,39,2,12,402,12402,14,2016,"1FMCU9J92GUC","1","F","M","C","U","9","J","9","2","G","U","C",0,0,0,"000000000","00000000000",0,0,0,1,0,0,0,0,0,0,0,998,0,0,0,12,6,2,12,0,0,0,1,39,45252,6,1,0,0,3,3,64,140,0,0,0,0,0,0,0,0,0,0,0,0,0,0,1,2,55,3,2,2,1,0,0,14,62,16,1,1,53,"777777777777","777777777777","777777777777",0,0
39,390643,1,1,1,29,4,22,48,24,0,1,0,39,1,51,46,51046,4,2005,"YV1MS3828520","Y","V","1","M","S","3","8","2","8","5","2","0",0,0,0,"000000000","00000000000",0,0,0,1,0,0,0,0,0,0,0,35,0,0,0,82,6,2,24,0,0,0,1,39,44685,6,1,0,0,3,0,70,180,0,0,0,2,0,7,2015,2,2016,0,6,0,0,0,6,1,25,3,2,1,1,0,0,14,13,99,1,4,1,"777777777777","777777777777","777777777777",1,1
39,390644,1,2,0,28,5,4,2,8,0,1,0,39,2,12,471,12471,30,1997,"1FTCR14XXVPA","1","F","T","C","R","1","4","X","X","V","P","A",0,0,0,"000000000","00000000000",0,0,0,1,0,0,0,0,0,0,0,0,0,0,0,6,6,2,12,0,0,0,0,0,99997,7,6,97,7,6,7,998,997,998,998,998,998,998,98,9998,98,9998,8,54,0,0,0,2,2,55,1,1,2,1,0,0,0,53,0,0,0,98,"777777777777","777777777777","777777777777",0,0
39,390644,2,2,1,28,5,4,2,8,0,1,0,39,2,49,442,49442,20,2009,"5TDZK23C69S2","5","T","D","Z","K","2","3","C","6","9","S","2",0,0,0,"000000000","00000000000",0,0,0,1,0,0,0,0,0,0,0,998,0,0,0,12,6,2,8,0,0,0,1,39,45405,6,1,0,0,3,3,82,245,2,0,0,1,2,10,2011,5,2016,0,26,0,0,0,2,2,55,1,1,2,1,0,0,1,80,99,1,1,13,"777777777777","777777777777","777777777777",0,0
39,390645,1,1,1,20,6,23,37,14,0,1,0,39,2,72,706,72706,80,1985,"999999999999","9","9","9","9","9","9","9","9","9","9","9","9",0,0,0,"000000000","00000000000",0,0,0,1,0,0,0,0,0,0,0,50,0,0,0,12,4,3,14,0,0,0,1,39,43130,6,8,0,0,3,0,75,208,0,0,0,0,0,0,0,0,0,0,27,0,0,0,1,2,35,3,1,2,1,0,0,1,13,99,1,4,1,"777777777777","777777777777","777777777777",1,1
39,390646,1,2,1,6,8,14,15,12,6,1,0,39,1,63,37,63037,6,2014,"KNDJP3A5XE70","K","N","D","J","P","3","A","5","X","E","7","0",0,0,0,"000000000","00000000000",0,0,0,1,0,0,0,0,0,0,0,998,0,0,0,81,4,3,12,0,0,0,1,39,44053,6,1,0,0,3,0,64,190,0,0,0,0,0,0,0,0,0,0,38,0,0,0,1,2,25,1,1,2,1,0,0,11,15,1,1,1,68,"777777777777","777777777777","777777777777",0,0
39,390646,2,2,1,6,8,14,15,12,6,1,0,39,1,37,705,37705,80,1991,"JH2PC2507MM0","J","H","2","P","C","2","5","0","7","M","M","0",0,0,0,"000000000","00000000000",0,0,0,1,0,0,0,0,0,0,0,998,0,0,0,12,6,2,12,0,0,0,1,39,44053,6,1,0,0,3,0,70,220,0,6,1,1,1,9,2011,5,2016,0,0,0,0,0,1,2,25,1,1,2,1,0,0,1,62,99,1,1,69,"777777777777","777777777777","777777777777",1,0
39,390647,1,2,2,15,7,14,44,12,6,1,0,39,1,20,443,20443,20,1997,"1GNDX06EXVD1","1","G","N","D","X","0","6","E","X","V","D","1",0,0,0,"000000000","00000000000",0,0,0,1,0,0,0,0,0,0,0,998,0,0,0,12,6,2,34,0,0,0,1,39,44830,1,1,0,0,2,0,68,130,0,0,0,0,0,0,0,0,0,0,27,0,0,0,1,2,55,1,1,2,1,0,0,1,72,6,1,2,83,"777777777777","777777777777","777777777777",1,0
39,390647,2,2,1,15,7,14,44,12,6,1,0,39,3,38,882,38882,62,2015,"JALE5W164F79","J","A","L","E","5","W","1","6","4","F","7","9",0,0,88,"888888888","88888888888",2,1,1,1,0,0,0,0,0,0,0,998,0,0,0,62,6,2,12,0,0,0,1,39,45801,6,1,0,0,3,0,72,270,1,0,0,3,2,9,2011,12,2015,0,38,0,0,0,1,2,55,1,1,2,1,0,0,11,15,99,1,1,82,"777777777777","777777777777","777777777777",0,0
39,390648,1,1,1,30,7,11,58,24,0,1,0,39,1,72,706,72706,80,2005,"1HD1FVW1X5Y6","1","H","D","1","F","V","W","1","X","5","Y","6",0,0,0,"000000000","00000000000",0,0,0,1,0,0,0,0,0,0,0,998,0,0,0,81,4,3,35,0,0,0,1,39,44129,6,1,0,0,3,3,72,160,0,0,0,0,0,0,0,0,0,0,27,0,0,0,1,2,55,3,1,2,1,0,0,14,13,99,1,4,1,"777777777777","777777777777","777777777777",1,0
39,390649,1,1,1,31,7,17,37,34,0,1,0,39,1,98,706,98706,82,2015,"2BXNADD19FV0","2","B","X","N","A","D","D","1","9","F","V","0",0,0,0,"000000000","00000000000",0,0,0,1,0,0,0,0,0,0,0,998,0,0,0,82,2,3,34,0,0,0,1,39,43953,6,1,6,0,3,3,74,250,1,0,0,0,0,12,2014,12,2014,0,27,0,0,0,1,2,55,1,2,2,1,0,0,1,13,99,1,4,1,"777777777777","777777777777","777777777777",1,0
39,390650,1,2,1,18,8,18,57,12,6,1,0,39,1,2,404,2404,14,2015,"1C4PJMCB5FW6","1","C","4","P","J","M","C","B","5","F","W","6",0,0,0,"000000000","00000000000",0,0,0,1,0,0,0,0,0,0,0,998,0,0,0,81,4,3,12,0,0,0,1,39,44870,6,1,0,0,3,0,68,160,1,0,0,1,0,10,2012,7,2014,0,38,0,0,0,1,2,55,1,2,2,1,3,3,11,15,99,1,1,68,"777777777777","777777777777","777777777777",0,0
39,390650,2,2,1,18,8,18,57,12,6,1,0,39,1,76,706,76706,80,2001,"1HD1BXB111Y0","1","H","D","1","B","X","B","1","1","1","Y","0",0,0,0,"000000000","00000000000",0,0,0,1,0,0,0,0,0,0,0,998,0,0,0,12,6,2,12,0,0,0,1,39,44053,6,1,0,0,3,3,74,200,0,0,0,0,0,0,0,0,0,0,0,0,0,0,1,2,55,1,2,2,1,3,3,1,67,99,1,1,69,"777777777777","777777777777","777777777777",1,0
39,390651,1,2,3,19,8,15,49,12,2,1,0,39,1,7,482,7482,31,2011,"1D7RV1CTXBS5","1","D","7","R","V","1","C","T","X","B","S","5",0,0,0,"000000000","00000000000",0,0,0,1,0,0,0,0,0,0,0,998,0,0,0,12,6,2,12,0,0,0,1,39,43616,6,1,0,0,3,0,71,195,1,0,0,0,0,9,2015,9,2015,0,28,0,0,0,1,2,55,1,1,2,1,0,0,1,10,99,1,2,50,"777777777777","777777777777","777777777777",0,0
39,390651,2,2,1,19,8,15,49,12,2,1,0,39,1,53,706,53706,80,2006,"JS1GT76A5621","J","S","1","G","T","7","6","A","5","6","2","1",0,0,0,"000000000","00000000000",0,0,0,1,0,0,0,0,0,0,0,998,0,0,0,12,6,2,12,0,0,0,1,39,43616,6,1,0,0,3,3,70,190,0,0,0,3,3,11,2011,10,2015,0,0,0,0,0,1,2,55,1,1,2,1,0,0,1,62,99,1,1,51,"777777777777","777777777777","777777777777",1,0
39,390652,1,1,1,21,8,13,9,42,0,1,0,39,1,12,1,12001,9,1964,"4R01T162816","4","R","0","1","T","1","6","2","8","1","6","",0,0,0,"000000000","00000000000",0,0,0,1,0,0,0,0,0,0,0,998,0,0,0,81,6,2,42,0,0,0,1,39,45371,6,1,0,0,3,3,73,205,0,0,0,0,0,0,0,0,0,0,27,0,0,0,1,2,98,3,1,2,1,0,0,1,12,99,1,4,6,"777777777777","777777777777","777777777777",1,0