"STATE","ST_CASE","VEH_NO","VE_FORMS","NUMOCCS","DAY","MONTH","HOUR","MINUTE","HARM_EV","MAN_COLL","UNITTYPE","HIT_RUN","REG_STAT","OWNER","MAKE","MODEL","MAK_MOD","BODY_TYP","MOD_YEAR","VIN","VIN_1","VIN_2","VIN_3","VIN_4","VIN_5","VIN_6","VIN_7","VIN_8","VIN_9","VIN_10","VIN_11","VIN_12","TOW_VEH","J_KNIFE","MCARR_I1","MCARR_I2","MCARR_ID","GVWR","V_CONFIG","CARGO_BT","HAZ_INV","HAZ_PLAC","HAZ_ID","HAZ_CNO","HAZ_REL","BUS_USE","SPEC_USE","EMER_USE","TRAV_SP","UNDERIDE","ROLLOVER","ROLINLOC","IMPACT1","DEFORMED","TOWED","M_HARM","VEH_SC1","VEH_SC2","FIRE_EXP","DR_PRES","L_STATE","DR_ZIP","L_STATUS","L_TYPE","CDL_STAT","L_ENDORS","L_COMPL","L_RESTRI","DR_HGT","DR_WGT","PREV_ACC","PREV_SUS","PREV_DWI","PREV_SPD","PREV_OTH","FIRST_MO","FIRST_YR","LAST_MO","LAST_YR","SPEEDREL","DR_SF1","DR_SF2","DR_SF3","DR_SF4","VTRAFWAY","VNUM_LAN","VSPD_LIM","VALIGN","VPROFILE","VPAVETYP","VSURCOND","VTRAFCON","VTCONT_F","P_CRASH1","P_CRASH2","P_CRASH3","PCRASH4","PCRASH5","ACC_TYPE","TRLR1VIN","TRLR2VIN","TRLR3VIN","DEATHS","DR_DRINK"
39,390760,1,2,2,24,9,14,23,12,8,1,0,39,2,7,482,7482,31,2014,"1C6RR7GT9ES1","1","C","6","R","R","7","G","T","9","E","S","1",0,0,0,"000000000","00000000000",0,0,0,1,0,0,0,0,0,0,0,998,0,0,0,62,6,2,42,0,0,0,1,39,45688,6,1,0,0,3,3,69,150,0,0,0,0,0,0,0,0,0,0,27,0,0,0,1,2,55,3,1,2,1,0,0,14,10,1,1,2,64,"777777777777","777777777777","777777777777",1,0
39,390760,2,2,1,24,9,14,23,12,8,1,0,39,1,20,481,20481,31,2000,"1GCEC14T2YZ1","1","G","C","E","C","1","4","T","2","Y","Z","1",0,0,0,"000000000","00000000000",0,0,0,1,0,0,0,0,0,0,0,998,0,0,0,62,6,2,12,0,0,0,1,39,45680,6,1,6,0,3,0,67,280,0,0,0,0,0,0,0,0,0,0,0,0,0,0,1,2,55,2,1,2,1,0,0,14,62,99,1,1,65,"777777777777","777777777777","777777777777",0,0
39,390761,1,1,1,27,9,5,30,24,0,1,0,39,2,49,482,49482,31,2004,"5TBBT44194S4","5","T","B","B","T","4","4","1","9","4","S","4",0,0,0,"000000000","00000000000",0,0,0,1,0,0,0,0,0,0,0,998,0,0,0,14,6,2,42,0,0,0,1,39,44695,6,1,0,0,3,3,66,175,2,1,0,1,2,7,2013,8,2016,4,27,36,0,0,1,2,55,3,2,2,1,0,0,14,12,1,4,4,7,"777777777777","777777777777","777777777777",1,0
39,390762,1,2,1,16,9,3,25,12,1,1,0,39,3,98,998,98998,93,2007,"000000000000","0","0","0","0","0","0","0","0","0","0","0","0",0,0,77,"777777777","77777777777",9,99,99,1,0,0,0,0,0,0,0,998,0,0,0,6,2,5,12,39,0,0,1,39,44811,6,1,0,0,3,0,72,210,0,0,0,0,0,0,0,0,0,0,0,0,0,0,2,2,40,1,1,2,1,3,3,2,53,1,1,1,29,"777777777777","777777777777","777777777777",0,0
39,390762,2,2,1,16,9,3,25,12,1,1,0,39,1,12,402,12402,14,2005,"1FMYU93175KA","1","F","M","Y","U","9","3","1","7","5","K","A",0,0,0,"000000000","00000000000",0,0,0,1,0,0,0,0,0,0,0,998,3,0,0,12,6,2,12,0,0,0,1,39,44870,6,1,0,0,3,0,71,160,0,0,0,0,0,0,0,0,0,0,26,0,0,0,2,2,40,1,1,2,1,3,3,1,52,1,1,3,28,"777777777777","777777777777","777777777777",1,1
39,390763,1,1,2,24,9,5,20,31,0,1,0,39,1,7,482,7482,31,2005,"3D7KS28CX5G7","3","D","7","K","S","2","8","C","X","5","G","7",0,0,0,"000000000","00000000000",0,0,0,1,0,0,0,0,0,0,0,998,0,1,5,62,6,2,1,0,0,0,1,39,44890,6,1,0,0,3,0,70,150,1,0,0,0,1,12,2015,1,2016,4,6,0,0,0,1,2,55,1,1,2,1,0,0,6,13,99,1,4,1,"777777777777","777777777777","777777777777",2,1
39,390764,1,1,1,29,9,18,0,43,0,1,0,39,1,20,473,20473,30,2011,"1GCCSBF97B81","1","G","C","C","S","B","F","9","7","B","8","1",0,0,0,"000000000","00000000000",0,0,0,1,0,0,0,0,0,0,0,998,0,1,5,12,6,2,1,0,0,0,1,39,43420,6,1,0,0,3,3,69,255,0,0,0,1,0,5,2012,5,2012,0,27,0,0,0,1,2,55,1,1,2,2,0,0,1,12,99,1,4,6,"777777777777","777777777777","777777777777",1,0
39,390765,1,2,3,1,10,12,53,12,6,1,0,39,2,7,43,7043,4,2000,"1B3EJ46X7YN1","1","B","3","E","J","4","6","X","7","Y","N","1",0,0,0,"000000000","00000000000",0,0,0,1,0,0,0,0,0,0,0,998,0,1,5,12,6,2,12,0,0,0,1,39,44836,6,1,0,0,3,0,67,200,0,0,0,0,0,0,0,0,0,0,38,0,0,0,1,2,55,1,1,2,1,20,3,1,17,99,1,1,88,"777777777777","777777777777","777777777777",1,0
39,390765,2,2,1,1,10,12,53,12,6,1,0,39,1,12,481,12481,31,2012,"1FTWF1ET5CFC","1","F","T","W","F","1","E","T","5","C","F","C",0,0,0,"000000000","00000000000",0,0,0,1,0,0,0,0,0,0,0,998,0,1,5,61,6,2,12,0,0,0,1,39,43449,6,1,0,0,3,0,72,195,0,0,0,0,0,0,0,0,0,0,0,0,0,0,1,2,55,1,1,2,1,0,0,1,66,99,1,1,89,"777777777777","777777777777","777777777777",0,0
39,390766,1,1,1,25,9,15,50,1,0,1,0,92,0,99,739,99739,90,1979,"4UF04ATV04T2","4","U","F","0","4","A","T","V","0","4","T","2",0,0,0,"000000000","00000000000",0,0,0,1,0,0,0,0,0,0,0,998,0,1,1,0,4,5,1,0,0,0,1,39,44865,6,1,6,0,3,0,66,165,0,0,0,0,0,0,0,0,0,4,6,36,0,0,1,2,55,3,2,2,1,0,0,14,6,6,7,3,98,"777777777777","777777777777","777777777777",1,1
39,390767,1,2,1,30,9,13,55,12,2,1,0,39,2,12,471,12471,30,1998,"1FTYR10C2WTA","1","F","T","Y","R","1","0","C","2","W","T","A",0,0,0,"000000000","00000000000",0,0,0,1,0,0,0,0,0,0,0,998,0,0,0,12,6,2,12,0,0,0,1,39,43130,6,1,0,0,3,0,66,135,0,0,0,0,0,0,0,0,0,0,27,0,0,0,1,2,45,2,1,2,1,0,0,1,10,1,1,2,50,"777777777777","777777777777","777777777777",0,0
39,390767,2,2,1,30,9,13,55,12,2,1,0,39,1,35,50,35050,4,2015,"3N1CN7AP1FL9","3","N","1","C","N","7","A","P","1","F","L","9",0,0,0,"000000000","00000000000",0,0,0,1,0,0,0,0,0,0,0,45,0,0,0,12,6,2,12,0,0,0,1,39,43130,6,1,0,0,3,0,69,175,0,0,0,0,0,0,0,0,0,0,0,0,0,0,1,2,45,3,1,2,1,0,0,1,62,1,1,1,51,"777777777777","777777777777","777777777777",1,0
39,390768,1,2,1,25,9,18,39,12,6,1,0,39,1,22,32,22032,6,2009,"5Y2SP67009Z4","5","Y","2","S","P","6","7","0","0","9","Z","4",0,0,0,"000000000","00000000000",0,0,0,1,0,0,0,0,0,0,0,998,0,1,5,81,6,2,12,0,0,0,1,39,44851,6,1,0,0,3,3,64,125,0,0,0,0,1,2,2016,2,2016,0,39,0,0,0,1,2,55,1,1,2,1,20,3,1,17,1,1,1,87,"777777777777","777777777777","777777777777",1,0
39,390768,2,2,3,25,9,18,39,12,6,1,0,39,1,12,481,12481,31,2010,"1FTEX1E60AFC","1","F","T","E","X","1","E","6","0","A","F","C",0,0,0,"000000000","00000000000",0,0,0,1,0,0,0,0,0,0,0,998,0,1,5,12,6,2,12,0,0,0,1,39,44641,6,1,0,0,3,3,71,170,0,0,0,0,0,0,0,0,0,0,0,0,0,0,1,2,55,1,1,2,1,0,0,1,66,16,2,1,86,"777777777777","777777777777","777777777777",0,0
39,390770,1,2,1,13,9,17,30,12,6,1,0,39,1,23,441,23441,20,1996,"1GDDM19W1TB5","1","G","D","D","M","1","9","W","1","T","B","5",0,0,0,"000000000","00000000000",0,0,0,1,0,0,0,0,0,0,0,35,0,0,0,82,6,2,12,0,0,0,1,39,45377,6,1,0,0,3,0,74,250,0,0,0,1,0,6,2016,6,2016,0,39,0,0,0,1,2,35,1,2,2,1,20,3,1,17,99,1,1,87,"777777777777","777777777777","777777777777",1,0
39,390770,2,2,1,13,9,17,30,12,6,1,0,39,3,84,881,84881,66,2011,"1HSDJSJR2BJ4","1","H","S","D","J","S","J","R","2","B","J","4",1,1,57,"0027330","570027330",3,6,1,1,0,0,0,0,0,0,0,29,0,0,0,12,6,2,12,0,0,0,1,39,45405,6,1,6,0,3,3,68,200,0,0,0,1,1,9,2011,3,2016,0,0,0,0,0,1,2,35,1,2,2,1,0,0,1,66,99,1,1,86,"888888888888","777777777777","777777777777",0,0
39,390771,1,2,1,2,10,14,38,12,6,1,0,39,1,24,1,24001,4,2002,"1G8ZK52712Z1","1","G","8","Z","K","5","2","7","1","2","Z","1",0,0,0,"000000000","00000000000",0,0,0,1,0,0,0,0,0,0,0,60,0,0,0,12,6,2,12,0,0,0,1,39,43402,6,1,0,0,3,3,57,86,0,0,0,1,0,4,2016,4,2016,0,28,0,0,0,1,2,55,1,1,2,1,0,0,99,10,99,1,2,66,"777777777777","777777777777","777777777777",1,0
39,390771,2,2,1,2,10,14,38,12,6,1,0,19,3,85,881,85881,66,2016,"1XKYD49X6GJ1","1","X","K","Y","D","4","9","X","6","G","J","1",1,1,57,"69852","5769852",3,6,1,1,0,0,0,0,0,0,0,998,0,0,0,63,6,8,12,0,0,0,1,31,68745,6,1,6,0,3,3,71,205,0,0,0,0,0,0,0,0,0,0,0,0,0,0,1,2,55,1,1,2,1,0,0,1,62,99,1,1,66,"888888888888","777777777777","777777777777",0,0
39,390772,1,1,1,14,9,15,52,34,0,1,0,39,1,72,706,72706,80,2002,"1HD1BHY142Y0","1","H","D","1","B","H","Y","1","4","2","Y","0",0,0,0,"000000000","00000000000",0,0,0,1,0,0,0,0,0,0,0,998,0,0,0,81,6,2,1,0,0,0,1,39,45663,6,1,0,0,3,0,73,165,0,1,0,6,3,2,2013,4,2015,4,6,27,0,0,1,2,55,3,1,2,1,0,0,14,13,1,1,4,1,"777777777777","777777777777","777777777777",1,0
39,390773,1,2,1,10,9,2,30,1,0,1,0,39,1,73,706,73706,80,2006,"JKBZXNA146A0","J","K","B","Z","X","N","A","1","4","6","A","0",0,0,0,"000000000","00000000000",0,0,0,1,0,0,0,0,0,0,0,60,0,0,0,0,6,2,12,0,0,0,1,39,44144,6,1,0,0,3,0,75,290,1,0,0,2,1,6,2013,3,2015,3,6,0,0,0,1,4,35,1,2,2,1,3,3,1,62,98,1,1,98,"777777777777","777777777777","777777777777",1,1
39,390773,2,2,1,10,9,2,30,1,0,1,0,39,1,12,17,12017,4,2013,"1FAHP2F84DG1","1","F","A","H","P","2","F","8","4","D","G","1",0,0,0,"000000000","00000000000",0,0,0,1,0,0,0,0,0,0,0,25,0,0,0,82,6,2,12,0,0,0,1,39,44111,6,1,0,0,3,0,63,150,3,0,0,1,4,12,2011,1,2016,0,38,0,0,0,1,4,35,1,2,2,1,3,3,11,10,1,1,1,98,"777777777777","777777777777","777777777777",0,0
39,390774,1,2,2,17,8,17,30,12,11,1,0,39,1,7,18,7018,4,1990,"1B3XC56R9LD7","1","B","3","X","C","5","6","R","9","L","D","7",0,0,0,"000000000","00000000000",0,0,0,1,0,0,0,0,0,0,0,20,0,0,0,62,6,2,12,0,0,0,1,39,44634,6,1,0,0,3,3,67,177,1,0,0,1,0,12,2013,7,2016,0,38,0,0,0,1,2,55,1,2,2,1,20,3,11,15,99,1,1,84,"777777777777","777777777777","777777777777",1,0
39,390774,2,2,1,17,8,17,30,12,11,1,0,39,1,18,25,18025,4,2014,"1G4PR5SK7E41","1","G","4","P","R","5","S","K","7","E","4","1",0,0,0,"000000000","00000000000",0,0,0,1,0,0,0,0,0,0,0,55,0,0,0,82,6,2,12,0,0,0,1,39,44601,6,1,0,0,3,0,62,160,0,0,0,0,0,0,0,0,0,0,0,0,0,0,1,2,55,1,2,2,1,0,0,1,67,99,1,1,84,"777777777777","777777777777","777777777777",0,0
39,390775,1,2,1,15,9,15,23,12,1,1,0,39,1,37,441,37441,20,2010,"5FNRL3H46AB0","5","F","N","R","L","3","H","4","6","A","B","0",0,0,0,"000000000","00000000000",0,0,0,1,0,0,0,0,0,0,0,998,0,0,0,6,4,9,12,0,0,0,1,39,44135,6,1,0,0,3,0,63,180,0,0,0,0,0,0,0,0,0,0,0,0,0,0,3,4,60,3,1,2,1,0,0,1,60,1,1,1,25,"777777777777","777777777777","777777777777",0,0
39,390775,2,2,3,15,9,15,23,12,1,1,0,39,2,18,401,18401,14,2003,"3G5DA03E13S5","3","G","5","D","A","0","3","E","1","3","S","5",0,0,0,"000000000","00000000000",0,0,0,1,0,0,0,0,0,0,0,70,0,1,5,12,6,2,1,0,0,0,1,39,44135,6,1,0,0,3,0,63,198,0,0,0,0,1,5,2016,5,2016,4,36,58,0,0,3,4,60,3,1,2,1,0,0,1,51,6,4,2,24,"777777777777","777777777777","777777777777",1,0
39,390776,1,1,1,18,9,16,10,1,0,1,0,39,1,72,706,72706,80,2016,"1HD1KRM10GB6","1","H","D","1","K","R","M","1","0","G","B","6",0,0,0,"000000000","00000000000",0,0,0,1,0,0,0,0,0,0,0,998,0,0,0,0,6,2,1,0,0,0,1,39,44035,6,1,0,0,3,0,71,240,1,0,0,0,4,9,2013,8,2015,0,27,0,0,0,1,2,55,1,1,2,1,0,0,1,12,99,4,4,7,"777777777777","777777777777","777777777777",1,0
39,390777,1,3,1,20,9,1,30,12,2,1,0,95,3,51,881,51881,66,2016,"4V4NC9EH2GN9","4","V","4","N","C","9","E","H","2","G","N","9",1,1,57,"1892405","571892405",3,6,1,1,0,0,0,0,0,0,0,998,0,0,0,12,6,2,12,42,0,0,1,95,0,9,9,99,9,9,9,999,999,99,99,99,99,99,99,9999,99,9999,0,0,0,0,0,3,2,50,1,1,1,1,98,3,1,78,1,1,1,52,"999999999999","777777777777","777777777777",0,0
39,390777,2,3,1,20,9,1,30,12,2,1,0,42,3,86,881,86881,66,2015,"1M1AW02Y8FM0","1","M","1","A","W","0","2","Y","8","F","M","0",1,1,57,"38073","5738073",3,6,1,1,0,0,0,0,0,0,0,998,0,0,0,12,6,2,12,42,0,0,1,42,18407,6,1,6,1,3,3,72,999,0,0,0,0,2,10,2014,1,2015,0,0,0,0,0,3,2,50,1,1,1,1,98,3,1,62,99,1,1,98,"999999999999","777777777777","777777777777",0,0
39,390777,3,3,1,20,9,1,30,12,2,1,0,39,1,35,472,35472,30,2015,"1N6AD0EV7FN7","1","N","6","A","D","0","E","V","7","F","N","7",0,0,0,"000000000","00000000000",0,0,0,1,0,0,0,0,0,0,0,998,0,1,1,12,6,2,12,0,0,1,1,39,43606,6,1,0,0,3,3,68,170,0,0,0,1,0,7,2016,7,2016,0,28,50,0,0,3,2,50,1,1,1,1,98,3,1,54,99,1,1,52,"777777777777","777777777777","777777777777",1,1
39,390778,1,1,1,24,9,18,0,33,0,1,0,39,2,73,705,73705,80,2007,"JKAZX4J117A0","J","K","A","Z","X","4","J","1","1","7","A","0",0,0,0,"000000000","00000000000",0,0,0,1,0,0,0,0,0,0,0,30,0,0,0,99,6,2,42,0,0,0,1,39,45219,6,1,0,0,2,0,71,185,0,1,0,0,2,6,2014,8,2014,4,36,0,0,0,1,4,25,1,1,2,1,0,0,1,6,10,7,4,2,"777777777777","777777777777","777777777777",1,0
39,390779,1,2,2,17,9,15,21,12,6,1,0,39,1,37,32,37032,4,1999,"1HGCG5651XA0","1","H","G","C","G","5","6","5","1","X","A","0",0,0,0,"000000000","00000000000",0,0,0,1,0,0,0,0,0,0,0,15,0,0,0,81,6,2,12,0,0,0,1,39,45324,6,1,0,0,3,3,69,160,0,0,0,0,0,0,0,0,0,0,38,0,0,0,2,2,35,1,2,2,1,20,3,11,15,1,1,1,76,"777777777777","777777777777","777777777777",2,0
39,390779,2,2,1,17,9,15,21,12,6,1,0,39,1,12,481,12481,31,2005,"1FTPX14545NB","1","F","T","P","X","1","4","5","4","5","N","B",0,0,0,"000000000","00000000000",0,0,0,1,0,0,0,0,0,0,0,998,0,0,0,12,6,2,12,0,0,0,1,39,45505,6,1,0,0,3,0,74,230,0,0,0,1,0,2,2016,2,2016,0,0,0,0,0,2,2,35,1,2,2,1,0,0,1,65,99,1,1,77,"777777777777","777777777777","777777777777",0,0
39,390780,1,1,1,1,10,20,45,8,0,1,1,39,3,12,881,12881,61,2012,"1FDUF4HT1CEC","1","F","D","U","F","4","H","T","1","C","E","C",0,0,57,"500579","57500579",2,1,1,1,0,0,0,0,0,0,0,998,0,0,0,82,2,3,8,42,0,0,1,39,44212,6,1,0,0,3,0,71,190,1,0,0,0,0,7,2015,7,2015,0,27,36,0,0,2,4,60,1,1,2,1,0,0,1,13,1,1,4,13,"777777777777","777777777777","777777777777",0,0
39,390781,1,2,2,2,10,14,59,12,6,1,0,39,1,18,25,18025,4,2012,"1G4PP5SKXC41","1","G","4","P","P","5","S","K","X","C","4","1",0,0,0,"000000000","00000000000",0,0,0,1,0,0,0,0,0,0,0,998,0,0,0,63,6,2,12,0,0,0,1,39,45504,6,1,0,0,3,3,70,200,0,0,0,0,0,0,0,0,0,0,38,0,0,0,2,3,50,1,2,2,1,20,3,11,15,99,1,1,68,"777777777777","777777777777","777777777777",1,0
39,390781,2,2,1,2,10,14,59,12,6,1,0,39,2,63,401,63401,14,2005,"KNDJF7238571","K","N","D","J","F","7","2","3","8","5","7","1",0,0,0,"000000000","00000000000",0,0,0,1,0,0,0,0,0,0,0,998,0,0,0,12,6,2,12,0,0,0,1,39,45344,6,1,0,0,3,0,72,140,0,0,0,0,0,0,0,0,0,0,0,0,0,0,2,3,50,1,2,2,1,0,0,1,66,99,1,1,69,"777777777777","777777777777","777777777777",0,0
39,390782,1,1,1,4,9,15,50,1,0,1,0,39,1,98,709,98709,80,1996,"1D9SS64DXSH2","1","D","9","S","S","6","4","D","X","S","H","2",0,0,0,"000000000","00000000000",0,0,0,1,0,0,0,0,0,0,0,998,0,0,0,0,2,5,1,0,0,0,1,39,45248,6,1,0,0,3,0,70,170,0,0,0,0,0,0,0,0,0,0,27,36,0,0,1,2,35,1,2,2,1,0,0,1,10,99,1,2,98,"777777777777","777777777777","777777777777",1,0
39,390783,1,2,1,2,10,16,41,12,6,1,1,39,2,35,443,35443,20,1996,"4N2DN11W6TD8","4","N","2","D","N","1","1","W","6","T","D","8",0,0,0,"000000000","00000000000",0,0,0,1,0,0,0,0,0,0,0,998,0,0,0,61,6,2,12,0,0,0,1,99,99999,9,9,99,9,9,9,999,999,99,99,99,99,99,99,9999,99,9999,9,38,0,0,0,1,2,30,1,1,2,1,20,3,11,15,99,1,1,68,"777777777777","777777777777","777777777777",0,0
39,390783,2,2,1,2,10,16,41,12,6,1,0,39,5,72,709,72709,80,2010,"999999999999","9","9","9","9","9","9","9","9","9","9","9","9",0,0,0,"000000000","00000000000",0,0,0,1,0,0,0,0,0,0,0,998,0,0,0,12,6,2,12,0,0,0,1,39,45401,1,1,0,0,2,0,69,175,1,3,0,0,1,11,2011,11,2013,9,0,0,0,0,1,5,99,1,1,2,1,0,0,1,67,99,1,1,69,"777777777777","777777777777","777777777777",1,0
39,390784,1,2,1,3,10,6,33,12,6,1,0,39,1,37,32,37032,4,1999,"1HGCG5649XA1","1","H","G","C","G","5","6","4","9","X","A","1",0,0,0,"000000000","00000000000",0,0,0,1,0,0,0,0,0,0,0,16,0,0,0,12,6,9,12,0,0,0,1,39,45069,6,1,0,0,3,0,70,200,0,2,0,1,1,9,2012,11,2013,0,38,0,0,0,1,2,50,1,1,2,1,20,3,11,15,99,1,1,82,"777777777777","777777777777","777777777777",0,0
39,390784,2,2,1,3,10,6,33,12,6,1,0,39,1,72,706,72706,80,2009,"1HD1GN41X9K3","1","H","D","1","G","N","4","1","X","9","K","3",0,0,0,"000000000","00000000000",0,0,0,1,0,0,0,0,0,0,0,31,0,0,0,81,6,9,12,0,0,0,1,39,45042,6,1,0,0,3,0,73,205,1,0,0,0,1,6,2014,1,2015,0,0,0,0,0,1,2,50,1,1,2,1,0,0,1,66,99,1,1,83,"777777777777","777777777777","777777777777",1,0
39,390785,1,1,1,6,10,20,15,11,0,1,0,39,2,72,706,72706,80,2013,"1HD1KBM12DB6","1","H","D","1","K","B","M","1","2","D","B","6",0,0,0,"000000000","00000000000",0,0,0,1,0,0,0,0,0,0,0,55,0,0,0,12,6,2,11,0,0,0,1,39,45822,6,1,0,0,3,0,71,190,0,0,0,0,0,0,0,0,0,0,0,0,0,0,1,2,55,3,1,2,1,0,0,1,87,1,1,1,13,"777777777777","777777777777","777777777777",1,0
39,390786,1,1,4,7,10,14,9,34,0,1,0,36,1,37,31,37031,4,1996,"1HGEJ6521TL0","1","H","G","E","J","6","5","2","1","T","L","0",0,0,0,"000000000","00000000000",0,0,0,1,0,0,0,0,0,0,0,998,0,0,0,61,6,2,42,0,0,0,1,36,14518,6,1,0,0,3,0,66,999,0,0,0,0,1,4,2016,4,2016,0,27,0,0,0,3,3,70,1,2,2,1,0,0,15,99,99,2,4,2,"777777777777","777777777777","777777777777",1,0
39,390787,1,2,1,21,9,8,57,12,2,1,0,39,1,12,37,12037,4,2007,"1FAHP34N87W1","1","F","A","H","P","3","4","N","8","7","W","1",0,0,0,"000000000","00000000000",0,0,0,1,0,0,0,0,0,0,0,998,0,0,0,12,6,2,12,0,0,0,1,39,44067,6,1,6,0,3,0,73,200,0,0,0,0,1,4,2016,4,2016,0,27,0,0,0,1,2,35,1,1,2,1,2,3,1,10,99,1,2,50,"777777777777","777777777777","777777777777",1,0
39,390787,2,2,1,21,9,8,57,12,2,1,0,39,3,30,46,30046,4,2014,"1VWBT7A30EC0","1","V","W","B","T","7","A","3","0","E","C","0",0,0,0,"000000000","00000000000",0,0,0,1,0,0,0,0,0,0,0,998,0,0,0,12,6,2,12,0,0,0,1,39,44147,6,1,0,0,3,3,70,160,0,0,0,0,0,0,0,0,0,0,0,0,0,0,1,2,35,1,1,2,1,2,3,1,62,99,1,1,51,"777777777777","777777777777","777777777777",0,0
39,390788,1,2,2,25,9,0,12,12,2,1,0,39,1,20,37,20037,4,2005,"1G1ZS52F45F1","1","G","1","Z","S","5","2","F","4","5","F","1",0,0,0,"000000000","00000000000",0,0,0,1,0,0,0,0,0,0,0,55,0,0,0,12,6,2,12,0,0,0,1,39,44103,3,8,0,0,2,0,61,133,0,0,0,0,1,5,2016,5,2016,3,51,36,0,0,1,4,35,1,2,2,1,0,0,15,10,99,1,2,50,"777777777777","777777777777","777777777777",1,1
39,390788,2,2,1,25,9,0,12,12,2,1,0,39,2,7,27,7027,6,2012,"3C4PDCBG5CT2","3","C","4","P","D","C","B","G","5","C","T","2",0,0,0,"000000000","00000000000",0,0,0,1,0,0,0,0,0,0,0,35,0,0,0,12,6,2,12,0,0,0,1,39,44143,6,1,0,0,3,0,66,158,2,3,0,1,5,4,2012,6,2016,0,0,0,0,0,1,4,35,1,2,2,1,0,0,1,62,99,1,1,51,"777777777777","777777777777","777777777777",0,0
39,390789,1,2,1,6,10,10,37,12,6,1,0,39,1,49,402,49402,14,2003,"JTEGH20V4300","J","T","E","G","H","2","0","V","4","3","0","0",0,0,0,"000000000","00000000000",0,0,0,1,0,0,0,0,0,0,0,5,0,0,0,61,6,2,12,0,0,0,1,39,44721,6,1,0,0,3,3,67,160,0,0,0,0,0,0,0,0,0,0,38,30,0,0,1,4,35,1,2,2,1,0,0,11,15,1,1,7,68,"777777777777","777777777777","777777777777",1,0
39,390789,2,2,2,6,10,10,37,12,6,1,0,47,2,35,402,35402,14,2000,"5N1ED28T5YC6","5","N","1","E","D","2","8","T","5","Y","C","6",0,0,0,"000000000","00000000000",0,0,0,1,0,0,0,0,0,0,0,998,0,1,1,12,6,2,12,0,0,0,1,39,44720,6,1,0,0,3,0,75,240,0,0,0,0,0,0,0,0,0,0,0,0,0,0,1,4,35,1,2,2,1,0,0,1,71,99,1,1,69,"777777777777","777777777777","777777777777",0,0
39,390790,1,1,1,8,10,17,23,1,0,1,0,39,1,72,706,72706,80,2006,"1HD1FSW136Y6","1","H","D","1","F","S","W","1","3","6","Y","6",0,0,0,"000000000","00000000000",0,0,0,1,0,0,0,0,0,0,0,15,0,0,0,0,2,3,1,0,0,0,1,39,44134,6,1,0,0,3,3,67,195,0,0,0,0,0,0,0,0,0,0,36,0,0,0,1,5,99,1,1,2,1,0,0,1,52,16,2,1,98,"777777777777","777777777777","777777777777",1,1
39,390791,1,1,1,8,10,22,59,34,0,1,0,39,1,19,421,19421,15,2004,"1GYEK63N04R2","1","G","Y","E","K","6","3","N","0","4","R","2",0,0,0,"000000000","00000000000",0,0,0,1,0,0,0,0,0,0,0,50,0,1,5,63,6,2,34,0,0,0,1,39,43701,6,1,0,0,3,0,60,155,0,0,0,0,0,0,0,0,0,0,36,58,0,0,1,2,55,1,2,2,1,0,0,1,13,6,2,4,2,"777777777777","777777777777","777777777777",1,1
39,390792,1,1,1,1,5,0,50,8,0,1,1,39,1,19,3,19003,4,2001,"1G6KF57901U1","1","G","6","K","F","5","7","9","0","1","U","1",0,0,0,"000000000","00000000000",0,0,0,1,0,0,0,0,0,0,0,12,0,0,0,6,2,5,8,0,0,0,1,39,44320,1,1,0,0,2,0,74,260,0,0,0,1,0,4,2016,4,2016,0,31,0,0,0,1,2,25,1,2,2,2,0,0,13,80,99,1,1,13,"777777777777","777777777777","777777777777",0,0
39,390793,1,1,1,11,5,2,25,8,0,1,0,39,1,20,422,20422,15,2011,"1GNSKJE31BR3","1","G","N","S","K","J","E","3","1","B","R","3",0,0,0,"000000000","00000000000",0,0,0,1,0,0,0,0,0,0,0,998,0,0,0,14,9,5,8,0,0,0,1,39,43201,6,1,0,0,3,0,76,240,0,0,0,1,0,1,2013,1,2013,0,0,0,0,0,3,3,65,1,1,2,1,0,0,1,80,1,1,1,13,"777777777777","777777777777","777777777777",0,0
39,390794,1,1,1,9,10,1,25,30,0,1,0,39,1,72,706,72706,80,2002,"1HD1FFW182Y6","1","H","D","1","F","F","W","1","8","2","Y","6",0,0,0,"000000000","00000000000",0,0,0,1,0,0,0,0,0,0,0,998,0,0,0,12,6,2,30,0,0,0,1,39,43410,6,1,6,0,3,2,71,195,1,1,0,0,2,8,2012,9,2015,0,27,74,0,0,1,2,55,3,2,2,1,0,0,14,13,16,2,4,2,"777777777777","777777777777","777777777777",1,1
39,390795,1,2,2,9,10,20,14,12,2,1,0,39,2,72,706,72706,80,2008,"1HD1PT9448Y9","1","H","D","1","P","T","9","4","4","8","Y","9",0,0,0,"000000000","00000000000",0,0,0,1,0,0,0,0,0,0,0,998,0,0,0,12,6,2,12,0,0,0,1,39,43123,6,1,0,0,3,3,69,160,0,1,1,0,0,10,2013,10,2013,0,27,36,0,0,1,2,55,3,2,2,1,0,0,14,10,1,1,2,50,"777777777777","777777777777","777777777777",2,1
39,390795,2,2,1,9,10,20,14,12,2,1,0,39,1,49,442,49442,20,2015,"5TDYK3DCXFS5","5","T","D","Y","K","3","D","C","X","F","S","5",0,0,0,"000000000","00000000000",0,0,0,1,0,0,0,0,0,0,0,998,0,0,0,12,6,9,12,0,0,0,1,39,43146,6,1,0,0,3,0,63,110,2,0,0,0,0,4,2013,6,2013,0,0,0,0,0,1,2,55,1,1,2,1,0,0,1,62,99,1,1,51,"777777777777","777777777777","777777777777",0,0