"STATE","ST_CASE","VEH_NO","VE_FORMS","NUMOCCS","DAY","MONTH","HOUR","MINUTE","HARM_EV","MAN_COLL","UNITTYPE","HIT_RUN","REG_STAT","OWNER","MAKE","MODEL","MAK_MOD","BODY_TYP","MOD_YEAR","VIN","VIN_1","VIN_2","VIN_3","VIN_4","VIN_5","VIN_6","VIN_7","VIN_8","VIN_9","VIN_10","VIN_11","VIN_12","TOW_VEH","J_KNIFE","MCARR_I1","MCARR_I2","MCARR_ID","GVWR","V_CONFIG","CARGO_BT","HAZ_INV","HAZ_PLAC","HAZ_ID","HAZ_CNO","HAZ_REL","BUS_USE","SPEC_USE","EMER_USE","TRAV_SP","UNDERIDE","ROLLOVER","ROLINLOC","IMPACT1","DEFORMED","TOWED","M_HARM","VEH_SC1","VEH_SC2","FIRE_EXP","DR_PRES","L_STATE","DR_ZIP","L_STATUS","L_TYPE","CDL_STAT","L_ENDORS","L_COMPL","L_RESTRI","DR_HGT","DR_WGT","PREV_ACC","PREV_SUS","PREV_DWI","PREV_SPD","PREV_OTH","FIRST_MO","FIRST_YR","LAST_MO","LAST_YR","SPEEDREL","DR_SF1","DR_SF2","DR_SF3","DR_SF4","VTRAFWAY","VNUM_LAN","VSPD_LIM","VALIGN","VPROFILE","VPAVETYP","VSURCOND","VTRAFCON","VTCONT_F","P_CRASH1","P_CRASH2","P_CRASH3","PCRASH4","PCRASH5","ACC_TYPE","TRLR1VIN","TRLR2VIN","TRLR3VIN","DEATHS","DR_DRINK"
39,390835,1,1,1,14,9,13,5,33,0,1,0,39,1,14,6,14006,4,2001,"2MEFM74WX1X6","2","M","E","F","M","7","4","W","X","1","X","6",0,0,0,"000000000","00000000000",0,0,0,1,0,0,0,0,0,0,0,998,0,0,0,99,6,2,42,0,0,0,1,39,44108,6,1,0,0,3,3,65,210,0,0,0,0,0,0,0,0,0,4,36,0,0,0,1,2,25,1,2,2,1,0,0,10,6,99,2,4,7,"777777777777","777777777777","777777777777",1,0
39,390836,1,2,3,18,9,20,50,12,6,1,0,54,1,12,401,12401,14,2007,"1FMEU73E47UB","1","F","M","E","U","7","3","E","4","7","U","B",0,0,0,"000000000","00000000000",0,0,0,1,0,0,0,0,0,0,0,998,0,0,0,81,6,2,12,0,0,0,1,54,25259,6,1,0,0,3,3,999,999,0,0,0,0,0,0,0,0,0,0,38,0,0,0,2,2,98,1,1,2,1,20,3,1,17,99,1,1,87,"777777777777","777777777777","777777777777",2,0
39,390836,2,2,1,18,9,20,50,12,6,1,0,39,1,7,482,7482,31,2006,"3D7KS28C46G2","3","D","7","K","S","2","8","C","4","6","G","2",0,0,0,"000000000","00000000000",0,0,0,1,0,0,0,0,0,0,0,998,0,0,0,12,6,2,12,0,0,0,1,39,45678,6,1,0,0,3,0,70,150,0,0,0,0,0,0,0,0,0,0,0,0,0,0,2,2,60,1,1,2,1,0,0,1,66,99,1,1,86,"777777777777","777777777777","777777777777",0,0
39,390837,1,2,0,12,10,19,49,12,6,1,0,39,6,7,442,7442,20,1999,"1B4GP44G4XB5","1","B","4","G","P","4","4","G","4","X","B","5",0,0,0,"000000000","00000000000",0,0,0,1,0,0,0,0,0,0,0,998,0,0,0,81,6,2,12,33,0,0,0,0,99997,7,6,97,7,6,7,998,997,998,998,998,998,998,98,9998,98,9998,8,22,0,0,0,1,2,60,1,1,2,1,0,0,0,98,0,0,0,98,"777777777777","777777777777","777777777777",0,0
39,390837,2,2,1,12,10,19,49,12,6,1,0,39,3,12,481,12481,31,2014,"1FT8W3BT8EEB","1","F","T","8","W","3","B","T","8","E","E","B",0,0,0,"000000000","00000000000",0,0,0,1,0,0,0,0,0,0,0,998,0,0,0,12,6,2,12,0,0,0,1,18,47060,6,1,0,0,3,0,75,250,0,0,0,0,0,0,0,0,0,0,0,0,0,0,2,2,60,1,1,2,1,0,0,1,98,99,1,1,98,"777777777777","777777777777","777777777777",0,0
39,390838,1,1,1,16,10,15,45,32,0,1,0,39,1,72,706,72706,80,2008,"1HD1BW5158Y0","1","H","D","1","B","W","5","1","5","8","Y","0",0,0,0,"000000000","00000000000",0,0,0,1,0,0,0,0,0,0,0,998,0,0,0,12,6,2,1,0,0,0,1,39,45458,6,1,0,0,3,0,70,160,0,0,0,0,1,9,2014,9,2014,0,27,0,0,0,1,2,55,3,5,2,1,0,0,14,6,99,2,4,2,"777777777777","777777777777","777777777777",1,0
39,390839,1,1,3,12,10,15,35,42,0,1,0,39,2,22,20,22020,4,2001,"1G2WR52181F2","1","G","2","W","R","5","2","1","8","1","F","2",0,0,0,"000000000","00000000000",0,0,0,1,0,0,0,0,0,0,0,998,0,0,0,61,6,2,42,0,0,0,1,39,45882,6,1,0,0,3,3,61,155,0,0,0,0,0,0,0,0,0,4,27,58,0,0,1,2,55,3,1,2,1,98,3,14,12,6,1,4,6,"777777777777","777777777777","777777777777",1,0
39,390840,1,2,3,13,10,9,52,12,6,1,0,18,1,23,401,23401,14,2005,"1GKET66M7562","1","G","K","E","T","6","6","M","7","5","6","2",0,0,0,"000000000","00000000000",0,0,0,1,0,0,0,0,0,0,0,999,0,0,0,12,2,3,12,0,0,0,1,18,46714,6,1,0,0,3,3,65,150,0,0,0,1,0,4,2016,4,2016,0,39,0,0,0,1,2,55,1,1,2,1,20,3,1,17,99,1,1,86,"777777777777","777777777777","777777777777",1,0
39,390840,2,2,1,13,10,9,52,12,6,1,0,18,3,82,881,82881,66,2012,"1FUJGLDR3CLB","1","F","U","J","G","L","D","R","3","C","L","B",1,1,57,"327574","57327574",3,6,1,1,0,0,0,0,0,0,0,998,0,0,0,81,6,2,12,0,0,0,1,39,45874,6,1,6,0,3,0,70,230,1,0,0,0,1,7,2012,7,2012,0,0,0,0,0,1,2,55,1,1,2,1,0,0,1,66,99,1,1,87,"888888888888","777777777777","777777777777",0,0
39,390841,1,1,1,14,10,17,4,32,0,1,0,39,2,22,22,22022,4,2007,"1G2ZG58N7741","1","G","2","Z","G","5","8","N","7","7","4","1",0,0,0,"000000000","00000000000",0,0,0,1,0,0,0,0,0,0,0,998,0,1,5,98,6,2,1,0,0,0,1,39,45672,6,1,0,0,3,3,72,175,0,1,0,1,1,9,2013,12,2014,4,6,0,0,0,1,2,55,2,1,2,1,0,0,14,13,99,1,4,1,"777777777777","777777777777","777777777777",1,1
39,390842,1,1,1,14,10,5,43,15,0,1,0,39,1,20,471,20471,30,2001,"1GCCS14531K1","1","G","C","C","S","1","4","5","3","1","K","1",0,0,0,"000000000","00000000000",0,0,0,1,0,0,0,0,0,0,0,998,0,0,0,12,6,2,15,0,0,0,1,39,44606,6,1,0,0,3,0,66,170,0,0,0,0,0,0,0,0,0,0,26,0,0,0,1,2,55,1,6,2,1,0,0,1,87,99,1,1,13,"777777777777","777777777777","777777777777",0,0
39,390843,1,1,2,21,10,3,10,34,0,1,0,39,2,20,421,20421,15,1997,"1GNDT13W8V21","1","G","N","D","T","1","3","W","8","V","2","1",0,0,0,"000000000","00000000000",0,0,0,1,0,0,0,0,0,0,0,998,0,1,5,62,6,2,1,0,0,0,1,39,43207,1,1,0,0,2,0,73,200,1,2,0,4,2,7,2012,9,2016,4,36,0,0,0,2,2,65,1,1,2,2,0,0,1,13,99,2,4,2,"777777777777","777777777777","777777777777",1,0
39,390844,1,1,2,15,10,2,32,30,0,1,0,39,2,18,19,18019,4,2012,"2G4GS5EK1C91","2","G","4","G","S","5","E","K","1","C","9","1",0,0,0,"000000000","00000000000",0,0,0,1,0,0,0,0,0,0,0,998,0,1,5,12,6,2,30,0,0,0,1,39,43512,6,1,0,0,3,3,75,180,0,0,0,0,0,0,0,0,0,0,27,0,0,0,1,2,55,1,1,2,1,0,0,1,12,99,1,4,6,"777777777777","777777777777","777777777777",1,1
39,390845,1,1,2,16,10,16,46,34,0,1,0,39,2,72,706,72706,80,2002,"1HD1FCW132Y6","1","H","D","1","F","C","W","1","3","2","Y","6",0,0,0,"000000000","00000000000",0,0,0,1,0,0,0,0,0,0,0,998,0,0,0,81,6,2,42,0,0,0,1,39,43946,6,1,0,0,3,3,72,190,0,0,0,0,0,0,0,0,0,4,27,0,0,0,1,2,55,3,2,2,1,0,0,14,13,99,1,4,1,"777777777777","777777777777","777777777777",1,0
39,390846,1,2,1,17,10,15,57,12,6,1,0,39,1,7,482,7482,31,1999,"1B7HF13Y1XJ6","1","B","7","H","F","1","3","Y","1","X","J","6",0,0,0,"000000000","00000000000",0,0,0,1,0,0,0,0,0,0,0,998,0,0,0,83,6,2,12,0,0,0,1,39,43440,6,1,0,0,3,0,71,197,0,0,0,1,1,2,2014,6,2014,0,38,0,0,0,1,2,55,1,1,2,1,0,0,11,15,99,1,1,68,"777777777777","777777777777","777777777777",0,0
39,390846,2,2,1,17,10,15,57,12,6,1,0,39,1,71,705,71705,80,2009,"ZDM1RADN29B0","Z","D","M","1","R","A","D","N","2","9","B","0",0,0,0,"000000000","00000000000",0,0,0,1,0,0,0,0,0,0,0,998,0,0,0,12,6,2,12,0,0,0,1,39,44212,6,1,0,0,3,0,66,150,0,0,0,2,0,9,2014,9,2016,0,0,0,0,0,1,2,55,1,1,2,1,0,0,1,62,99,1,1,69,"777777777777","777777777777","777777777777",1,0
39,390847,1,2,1,17,10,9,25,20,0,1,0,39,1,12,3,12003,2,2011,"1ZVBP8CF8B51","1","Z","V","B","P","8","C","F","8","B","5","1",0,0,0,"000000000","00000000000",0,0,0,1,0,0,0,0,0,0,0,998,0,0,0,12,6,2,20,0,0,0,1,39,43229,6,1,6,0,3,0,70,185,0,0,0,0,0,0,0,0,0,0,6,0,0,0,3,2,55,1,1,2,1,0,0,1,13,99,1,4,1,"777777777777","777777777777","777777777777",1,0
39,390847,2,2,4,17,10,9,25,20,0,1,0,39,3,12,481,12481,31,2013,"1FD8W3H65DEA","1","F","D","8","W","3","H","6","5","D","E","A",0,0,0,"000000000","00000000000",0,0,0,1,0,0,0,0,0,0,0,998,0,0,0,12,6,2,12,0,0,0,1,39,45249,6,1,0,0,3,0,72,254,0,0,0,2,1,7,2012,6,2015,0,0,0,0,0,3,2,55,1,1,2,1,0,0,1,61,99,1,1,98,"777777777777","777777777777","777777777777",0,0
39,390849,1,2,1,19,10,22,26,12,6,1,0,39,1,12,481,12481,31,1994,"1GCCS14Z0RK1","1","G","C","C","S","1","4","Z","0","R","K","1",0,0,0,"000000000","00000000000",0,0,0,1,0,0,0,0,0,0,0,50,0,0,0,81,6,2,12,0,0,0,1,39,45426,6,1,0,0,3,0,65,125,0,0,0,0,0,0,0,0,0,0,27,0,0,0,1,2,55,1,1,2,2,0,0,1,10,99,4,6,66,"777777777777","777777777777","777777777777",1,1
39,390849,2,2,1,19,10,22,26,12,6,1,0,39,1,20,473,20473,30,2008,"1GCDS43E8881","1","G","C","D","S","4","3","E","8","8","8","1",0,0,0,"000000000","00000000000",0,0,0,1,0,0,0,0,0,0,0,998,0,0,0,12,6,2,12,0,0,0,1,39,45380,6,1,6,0,3,3,67,175,1,0,0,1,0,7,2013,10,2013,0,0,0,0,0,1,2,55,1,1,2,2,0,0,1,62,99,1,1,66,"777777777777","777777777777","777777777777",0,0
39,390850,1,1,1,23,10,3,40,34,0,1,0,42,1,63,402,63402,14,2009,"KNDJC7355958","K","N","D","J","C","7","3","5","5","9","5","8",0,0,0,"000000000","00000000000",0,0,0,1,0,0,0,0,0,0,0,998,0,1,5,82,6,2,1,0,0,0,1,42,16120,6,1,0,0,3,0,72,999,0,0,0,0,0,0,0,0,0,4,27,0,0,0,1,2,55,3,1,2,1,0,0,1,13,99,1,4,1,"777777777777","777777777777","777777777777",1,1
39,390851,1,3,3,24,10,13,3,12,7,1,0,39,2,7,20,7020,4,2004,"1B3ES56C04D5","1","B","3","E","S","5","6","C","0","4","D","5",0,0,0,"000000000","00000000000",0,0,0,1,0,0,0,0,0,0,0,998,0,0,0,83,6,2,12,0,0,0,1,39,45414,1,1,0,0,2,0,73,140,1,0,0,2,1,8,2014,6,2016,3,27,0,0,0,1,2,40,2,1,2,1,0,0,6,54,7,1,2,46,"777777777777","777777777777","777777777777",1,0
39,390851,2,3,1,24,10,13,3,12,7,1,0,39,1,53,34,53034,4,2004,"KL5JD52Z24K0","K","L","5","J","D","5","2","Z","2","4","K","0",0,0,0,"000000000","00000000000",0,0,0,1,0,0,0,0,0,0,0,998,0,0,0,62,2,3,12,0,0,0,1,39,45459,6,1,0,0,3,3,66,130,0,0,0,1,0,6,2013,6,2013,0,0,0,0,0,1,2,45,2,1,2,1,0,0,1,60,99,1,1,45,"777777777777","777777777777","777777777777",0,0
39,390851,3,3,1,24,10,13,3,12,7,1,0,39,2,37,402,37402,14,2004,"JHLRD68424C0","J","H","L","R","D","6","8","4","2","4","C","0",0,0,0,"000000000","00000000000",0,0,0,1,0,0,0,0,0,0,0,998,0,0,0,12,6,2,12,0,0,0,1,39,45415,6,1,0,0,3,0,70,240,0,0,0,0,0,0,0,0,0,0,0,0,0,0,1,2,40,3,1,2,1,0,0,1,62,99,1,1,98,"777777777777","777777777777","777777777777",0,0
39,390852,1,1,1,14,10,20,33,8,0,1,0,39,1,35,49,35049,6,2014,"JN8AZ1MW2EW5","J","N","8","A","Z","1","M","W","2","E","W","5",0,0,0,"000000000","00000000000",0,0,0,1,0,0,0,0,0,0,0,998,0,0,0,82,4,3,8,0,0,0,1,39,45669,6,1,0,0,3,3,65,130,0,0,0,2,0,11,2013,5,2016,0,0,0,0,0,1,2,40,1,1,2,1,0,0,1,80,1,1,1,13,"777777777777","777777777777","777777777777",0,0
39,390853,1,2,1,29,10,15,23,12,6,1,0,39,1,22,32,22032,6,2009,"5Y2SM67069Z4","5","Y","2","S","M","6","7","0","6","9","Z","4",0,0,0,"000000000","00000000000",0,0,0,1,0,0,0,0,0,0,0,15,0,0,0,61,6,2,12,0,0,0,1,39,44811,6,1,0,0,3,3,62,165,0,0,0,0,0,0,0,0,0,0,38,0,0,0,2,2,45,1,1,2,1,20,3,4,17,1,1,1,89,"777777777777","777777777777","777777777777",1,0
39,390853,2,2,5,29,10,15,23,12,6,1,0,48,2,7,482,7482,31,2004,"1D7HA18N54S5","1","D","7","H","A","1","8","N","5","4","S","5",0,0,0,"000000000","00000000000",0,0,0,1,0,0,0,0,0,0,0,998,0,0,0,12,6,2,12,0,0,0,1,39,43551,6,1,0,0,3,0,67,125,0,0,0,0,0,0,0,0,0,0,0,0,0,0,2,2,45,1,1,2,1,0,0,1,66,6,1,1,88,"777777777777","777777777777","777777777777",0,0
39,390854,1,2,1,30,5,16,12,59,0,1,0,39,1,12,17,12017,4,2003,"1FAFP55S93A1","1","F","A","F","P","5","5","S","9","3","A","1",0,0,0,"000000000","00000000000",0,0,0,1,0,0,0,0,0,0,0,30,0,0,0,82,6,2,12,0,0,0,1,39,43004,6,1,0,0,3,0,64,150,0,0,0,0,1,5,2013,5,2013,0,0,0,0,0,1,3,50,1,1,2,1,3,3,1,67,9,1,4,1,"777777777777","777777777777","777777777777",0,0
39,390854,2,2,2,30,5,16,12,59,0,1,0,39,1,37,32,37032,4,2001,"1HGCG56411A0","1","H","G","C","G","5","6","4","1","1","A","0",0,0,0,"000000000","00000000000",0,0,0,1,0,0,0,0,0,0,0,20,0,0,0,82,6,2,12,0,0,0,1,39,43062,6,1,0,0,3,0,68,170,0,0,0,0,0,0,0,0,0,0,38,0,0,0,1,3,50,1,1,2,1,0,0,11,15,99,1,1,98,"777777777777","777777777777","777777777777",1,0
39,390855,1,1,1,6,10,17,38,23,0,1,0,39,1,37,706,37706,80,1997,"JH2SC2609VM7","J","H","2","S","C","2","6","0","9","V","M","7",0,0,0,"000000000","00000000000",0,0,0,1,0,0,0,0,0,0,0,998,0,1,5,82,6,2,1,30,0,0,1,39,44004,6,1,0,0,3,3,61,180,0,0,0,0,0,0,0,0,0,0,80,27,0,0,3,2,70,1,1,1,1,0,0,1,13,1,1,4,1,"777777777777","777777777777","777777777777",1,0
39,390856,1,2,2,24,9,19,11,12,6,1,0,39,1,20,441,20441,20,1995,"1GNDM19W1SB1","1","G","N","D","M","1","9","W","1","S","B","1",0,0,0,"000000000","00000000000",0,0,0,1,0,0,0,0,0,0,0,998,0,1,5,81,6,2,12,0,0,0,1,39,43522,6,1,0,0,3,3,66,200,0,0,0,0,0,0,0,0,0,0,39,0,0,0,1,2,55,1,1,2,1,20,3,1,17,99,1,1,87,"777777777777","777777777777","777777777777",1,0
39,390856,2,2,1,24,9,19,11,12,6,1,0,39,2,12,481,12481,31,1998,"1FTRX18L9WNB","1","F","T","R","X","1","8","L","9","W","N","B",0,0,0,"000000000","00000000000",0,0,0,1,0,0,0,0,0,0,0,998,0,0,0,12,6,2,12,0,0,0,1,39,43515,6,1,0,0,3,0,67,174,0,0,0,0,0,0,0,0,0,0,0,0,0,0,1,2,55,1,1,2,1,0,0,1,66,99,1,1,86,"777777777777","777777777777","777777777777",0,0
39,390857,1,2,1,2,10,16,10,12,6,1,0,54,3,23,481,23481,31,2012,"1GD412CG1CF2","1","G","D","4","1","2","C","G","1","C","F","2",0,0,0,"000000000","00000000000",0,0,0,1,0,0,0,0,0,0,0,998,0,0,0,62,6,2,12,0,0,0,1,54,26150,6,1,0,0,3,0,999,999,0,0,0,0,0,0,0,0,0,0,38,0,0,0,2,2,60,1,1,2,1,20,3,1,17,99,1,1,89,"777777777777","777777777777","777777777777",0,0
39,390857,2,2,1,2,10,16,10,12,6,1,0,39,1,98,706,98706,80,2014,"56KCCVAA3E33","5","6","K","C","C","V","A","A","3","E","3","3",0,0,0,"000000000","00000000000",0,0,0,1,0,0,0,0,0,0,0,998,0,0,0,12,6,2,12,0,0,0,1,39,43420,6,1,0,0,3,0,76,270,1,0,0,0,0,4,2012,4,2012,0,0,0,0,0,2,2,60,1,1,2,1,0,0,1,66,99,1,1,88,"777777777777","777777777777","777777777777",1,0
39,390858,1,1,1,12,10,5,6,33,0,1,0,39,1,7,24,7024,4,2007,"2B3KA43G97H6","2","B","3","K","A","4","3","G","9","7","H","6",0,0,0,"000000000","00000000000",0,0,0,1,0,0,0,0,0,0,0,998,0,0,0,12,6,2,19,0,0,0,1,39,45157,6,1,0,0,3,0,72,210,0,0,0,0,0,0,0,0,0,0,27,0,0,0,1,2,40,1,1,2,1,3,3,1,14,1,1,4,14,"777777777777","777777777777","777777777777",1,0
39,390859,1,1,1,22,10,7,35,32,0,1,0,39,2,20,2,20002,4,2001,"2G1WH55K1191","2","G","1","W","H","5","5","K","1","1","9","1",0,0,0,"000000000","00000000000",0,0,0,1,0,0,0,0,0,0,0,998,0,0,0,62,6,2,42,0,0,0,1,39,45612,1,1,0,0,2,0,64,125,0,0,0,0,0,0,0,0,0,0,27,0,0,0,1,2,55,1,1,2,1,0,0,1,13,6,1,4,1,"777777777777","777777777777","777777777777",1,0
39,390861,1,1,1,22,10,18,0,1,0,1,0,39,1,20,471,20471,30,1995,"1GCCS1949S82","1","G","C","C","S","1","9","4","9","S","8","2",0,0,0,"000000000","00000000000",0,0,0,1,0,0,0,0,0,0,0,998,0,1,1,0,6,2,1,0,0,0,1,39,43332,6,1,0,0,3,0,76,230,2,1,0,0,4,6,2013,6,2016,0,27,36,58,0,1,2,55,1,1,2,1,0,0,1,13,9,2,4,4,"777777777777","777777777777","777777777777",1,1
39,390862,1,1,1,24,10,5,54,24,0,1,0,39,2,2,405,2405,14,2002,"1J4GL48KX2W3","1","J","4","G","L","4","8","K","X","2","W","3",0,0,0,"000000000","00000000000",0,0,0,1,0,0,0,0,0,0,0,998,0,1,9,82,6,2,1,0,0,0,1,39,45690,6,1,0,0,3,3,72,220,0,3,1,0,0,6,2015,2,2016,0,27,36,0,0,3,2,70,1,1,2,1,0,0,1,13,99,1,4,1,"777777777777","777777777777","777777777777",1,0
39,390863,1,2,1,26,10,15,26,12,2,1,0,39,1,20,16,20016,9,2003,"999999999999","9","9","9","9","9","9","9","9","9","9","9","9",0,0,0,"000000000","00000000000",0,0,0,1,0,0,0,0,0,0,0,998,0,0,0,12,6,2,12,0,0,0,1,39,45629,0,0,0,0,0,0,999,999,99,99,99,99,99,99,9999,99,9999,0,27,0,0,0,1,2,55,2,1,2,1,0,0,1,10,99,1,2,50,"777777777777","777777777777","777777777777",1,0
39,390863,2,2,1,26,10,15,26,12,2,1,0,39,1,20,481,20481,31,2009,"1GCEK29099Z2","1","G","C","E","K","2","9","0","9","9","Z","2",0,0,0,"000000000","00000000000",0,0,0,1,0,0,0,0,0,0,0,998,0,0,0,12,6,2,12,0,0,0,1,39,45657,6,1,0,0,3,0,73,185,0,0,0,0,1,2,2013,2,2013,0,0,0,0,0,1,2,55,3,1,2,1,0,0,2,62,99,1,1,51,"777777777777","777777777777","777777777777",0,0
39,390864,1,2,1,1,11,12,45,12,1,1,0,39,1,72,706,72706,80,2000,"1HD1CHP14YK1","1","H","D","1","C","H","P","1","4","Y","K","1",0,0,0,"000000000","00000000000",0,0,0,1,0,0,0,0,0,0,0,0,0,0,0,6,6,2,12,0,0,0,1,39,45723,6,1,0,0,3,0,71,177,0,0,0,0,0,0,0,0,0,0,54,0,0,0,2,2,60,1,2,2,1,0,0,5,53,1,1,1,21,"777777777777","777777777777","777777777777",1,0
39,390864,2,2,3,1,11,12,45,12,1,1,0,39,1,20,481,20481,31,2008,"1GCEK19C58E1","1","G","C","E","K","1","9","C","5","8","E","1",0,0,0,"000000000","00000000000",0,0,0,1,0,0,0,0,0,0,0,998,0,0,0,12,6,2,12,0,0,0,1,39,45710,6,1,0,0,3,3,73,175,0,0,0,0,0,0,0,0,0,0,26,0,0,0,2,2,60,1,2,2,1,0,0,1,50,1,1,1,20,"777777777777","777777777777","777777777777",0,0
39,390865,1,2,1,23,10,21,51,12,1,1,0,39,1,20,421,20421,15,2005,"1GNEK13T15R2","1","G","N","E","K","1","3","T","1","5","R","2",0,0,0,"000000000","00000000000",0,0,0,1,0,0,0,0,0,0,0,998,0,0,0,12,6,2,12,0,0,0,1,39,43545,6,1,0,0,3,0,70,180,0,0,0,1,0,2,2012,2,2012,0,26,0,0,0,2,2,65,1,1,2,1,0,0,1,51,99,1,1,24,"777777777777","777777777777","777777777777",0,0
39,390865,2,2,1,23,10,21,51,12,1,1,0,18,2,98,709,98709,81,2013,"LYHZ4BGA6DJ1","L","Y","H","Z","4","B","G","A","6","D","J","1",0,0,0,"000000000","00000000000",0,0,0,1,0,0,0,0,0,0,0,998,0,0,0,6,6,2,1,0,0,0,1,39,43512,0,0,0,0,0,0,69,300,0,0,0,0,0,0,0,0,0,0,0,0,0,0,2,2,65,1,1,2,1,0,0,1,53,99,1,1,25,"777777777777","777777777777","777777777777",1,0
39,390866,1,3,3,22,10,17,4,12,2,1,0,39,1,12,442,12442,20,2003,"2FMZA51423BB","2","F","M","Z","A","5","1","4","2","3","B","B",0,0,0,"000000000","00000000000",0,0,0,1,0,0,0,0,0,0,0,998,0,0,0,12,6,2,12,0,0,0,1,39,44052,6,1,0,0,3,0,62,105,1,2,0,0,3,1,2015,12,2015,0,0,0,0,0,2,2,55,1,1,2,1,0,0,1,64,7,1,2,51,"777777777777","777777777777","777777777777",0,0
39,390866,2,3,1,22,10,17,4,12,2,1,0,39,2,63,33,63033,5,2008,"KNAFE1619850","K","N","A","F","E","1","6","1","9","8","5","0",0,0,0,"000000000","00000000000",0,0,0,1,0,0,0,0,0,0,0,998,0,1,1,12,6,2,12,0,0,0,1,39,44035,6,1,0,0,3,0,73,180,0,0,0,0,1,10,2013,10,2013,0,27,0,0,0,2,2,55,2,1,2,1,0,0,14,12,99,1,2,50,"777777777777","777777777777","777777777777",1,1
39,390866,3,3,1,22,10,17,4,12,2,1,0,39,1,49,40,49040,4,2010,"4T4BF3EK3AR0","4","T","4","B","F","3","E","K","3","A","R","0",0,0,0,"000000000","00000000000",0,0,0,1,0,0,0,0,0,0,0,998,0,0,0,12,6,2,12,0,0,0,1,39,44070,6,1,0,0,3,3,70,175,1,0,0,2,0,5,2012,4,2016,0,0,0,0,0,2,2,55,1,1,2,1,0,0,1,64,1,1,1,98,"777777777777","777777777777","777777777777",0,0
39,390867,1,2,2,25,10,6,40,12,2,1,0,39,2,12,444,12444,20,2010,"NM0LS7DNXAT0","N","M","0","L","S","7","D","N","X","A","T","0",0,0,0,"000000000","00000000000",0,0,0,1,0,0,0,0,0,0,0,998,0,0,0,12,6,2,12,0,0,0,1,39,43076,1,1,0,0,2,0,64,185,0,0,0,0,0,0,0,0,0,0,28,0,0,0,1,2,55,1,2,2,1,0,0,1,10,99,1,2,50,"777777777777","777777777777","777777777777",1,0
39,390867,2,2,2,25,10,6,40,12,2,1,0,39,1,7,482,7482,31,2008,"3D7KS28A88G1","3","D","7","K","S","2","8","A","8","8","G","1",0,0,0,"000000000","00000000000",0,0,0,1,0,0,0,0,0,0,0,998,0,0,0,12,4,3,12,0,0,0,1,39,43076,6,1,6,0,3,3,68,240,0,0,0,0,0,0,0,0,0,0,0,0,0,0,1,2,55,1,2,2,1,0,0,1,62,99,1,1,51,"777777777777","777777777777","777777777777",1,0
39,390868,1,1,2,28,10,20,42,34,0,1,0,39,2,20,402,20402,14,2002,"2CNBJ6344269","2","C","N","B","J","6","3","4","4","2","6","9",0,0,0,"000000000","00000000000",0,0,0,1,0,0,0,0,0,0,0,998,0,1,5,62,6,2,1,0,0,0,1,39,44601,6,1,0,0,3,0,62,140,0,0,0,1,0,8,2016,8,2016,0,27,0,0,0,3,3,70,1,1,2,1,0,0,1,13,99,3,4,2,"777777777777","777777777777","777777777777",1,0
39,390869,1,2,1,29,10,15,14,12,6,1,0,39,2,12,481,12481,31,2015,"1FTBF2B66FED","1","F","T","B","F","2","B","6","6","F","E","D",0,0,0,"000000000","00000000000",0,0,0,1,0,0,0,0,0,0,0,998,0,0,0,12,4,5,12,0,0,0,1,39,45036,6,1,6,0,3,3,73,187,0,0,0,2,0,1,2012,4,2016,0,0,0,0,0,1,2,55,1,1,2,1,0,0,1,66,99,1,1,86,"777777777777","777777777777","777777777777",0,0
39,390869,2,2,1,29,10,15,14,12,6,1,0,39,1,72,706,72706,80,2012,"1HD1GPM1XCC3","1","H","D","1","G","P","M","1","X","C","C","3",0,0,0,"000000000","00000000000",0,0,0,1,0,0,0,0,0,0,0,998,0,0,0,83,6,2,12,0,0,0,1,39,45122,6,1,0,0,3,0,74,237,0,0,0,0,0,0,0,0,0,0,38,0,0,0,1,2,55,1,1,2,1,20,3,1,17,99,1,1,87,"777777777777","777777777777","777777777777",1,0
39,390870,1,3,4,4,11,16,18,12,1,1,0,4,3,12,481,12481,31,2014,"1FDXE4FS5EDA","1","F","D","X","E","4","F","S","5","E","D","A",0,0,88,"888888888","88888888888",2,1,1,1,0,0,0,0,0,0,0,998,0,0,0,12,6,2,12,0,0,0,1,47,37774,6,1,0,0,3,0,69,200,0,0,0,0,0,0,0,0,0,0,26,0,0,0,2,2,70,1,2,2,1,0,0,15,51,99,1,1,28,"777777777777","777777777777","777777777777",1,0
39,390870,2,3,3,4,11,16,18,12,1,1,0,26,2,12,481,12481,31,2014,"1FT7W2B60EEB","1","F","T","7","W","2","B","6","0","E","E","B",0,0,0,"000000000","00000000000",0,0,0,1,0,0,0,0,0,0,0,998,0,0,0,6,6,2,12,0,0,0,1,26,48043,6,1,0,0,3,0,80,180,0,0,0,0,0,0,0,0,0,0,0,0,0,0,2,2,70,1,2,2,1,0,0,2,53,99,1,1,29,"777777777777","777777777777","777777777777",0,0