"STATE","ST_CASE","VEH_NO","VE_FORMS","NUMOCCS","DAY","MONTH","HOUR","MINUTE","HARM_EV","MAN_COLL","UNITTYPE","HIT_RUN","REG_STAT","OWNER","MAKE","MODEL","MAK_MOD","BODY_TYP","MOD_YEAR","VIN","VIN_1","VIN_2","VIN_3","VIN_4","VIN_5","VIN_6","VIN_7","VIN_8","VIN_9","VIN_10","VIN_11","VIN_12","TOW_VEH","J_KNIFE","MCARR_I1","MCARR_I2","MCARR_ID","GVWR","V_CONFIG","CARGO_BT","HAZ_INV","HAZ_PLAC","HAZ_ID","HAZ_CNO","HAZ_REL","BUS_USE","SPEC_USE","EMER_USE","TRAV_SP","UNDERIDE","ROLLOVER","ROLINLOC","IMPACT1","DEFORMED","TOWED","M_HARM","VEH_SC1","VEH_SC2","FIRE_EXP","DR_PRES","L_STATE","DR_ZIP","L_STATUS","L_TYPE","CDL_STAT","L_ENDORS","L_COMPL","L_RESTRI","DR_HGT","DR_WGT","PREV_ACC","PREV_SUS","PREV_DWI","PREV_SPD","PREV_OTH","FIRST_MO","FIRST_YR","LAST_MO","LAST_YR","SPEEDREL","DR_SF1","DR_SF2","DR_SF3","DR_SF4","VTRAFWAY","VNUM_LAN","VSPD_LIM","VALIGN","VPROFILE","VPAVETYP","VSURCOND","VTRAFCON","VTCONT_F","P_CRASH1","P_CRASH2","P_CRASH3","PCRASH4","PCRASH5","ACC_TYPE","TRLR1VIN","TRLR2VIN","TRLR3VIN","DEATHS","DR_DRINK"
39,390983,2,2,1,7,12,18,38,12,2,1,0,39,2,37,32,37032,4,1997,"1HGCD5656VA1","1","H","G","C","D","5","6","5","6","V","A","1",0,0,0,"000000000","00000000000",0,0,0,1,0,0,0,0,0,0,0,998,0,0,0,12,6,2,12,0,0,0,1,39,43061,6,1,0,0,3,3,69,190,0,0,0,0,0,0,0,0,0,0,28,0,0,0,1,2,55,3,1,2,1,0,0,14,10,99,1,2,50,"777777777777","777777777777","777777777777",1,0
39,390984,1,1,2,26,11,0,25,52,0,1,0,39,2,37,31,37031,2,2007,"2HGFG12847H5","2","H","G","F","G","1","2","8","4","7","H","5",0,0,0,"000000000","00000000000",0,0,0,1,0,0,0,0,0,0,0,998,0,1,5,62,6,2,1,0,0,0,1,39,45628,6,1,0,0,3,0,72,135,2,0,0,2,0,3,2013,9,2015,4,6,0,0,0,1,2,55,2,2,2,1,0,0,14,6,99,4,4,7,"777777777777","777777777777","777777777777",1,1
39,390985,1,3,1,28,11,2,55,12,2,1,0,39,1,49,32,49032,4,2004,"1NXBR32E84Z2","1","N","X","B","R","3","2","E","8","4","Z","2",0,0,0,"000000000","00000000000",0,0,0,1,0,0,0,0,0,0,0,60,0,0,0,12,6,9,12,0,0,0,1,39,43228,6,1,0,0,3,0,59,115,1,0,0,1,0,4,2013,5,2013,0,28,50,23,0,2,2,45,1,1,2,1,0,0,1,54,99,1,1,52,"777777777777","777777777777","777777777777",1,1
39,390985,2,3,2,28,11,2,55,12,2,1,0,39,2,2,404,2404,14,2015,"1C4PJMBS3FW7","1","C","4","P","J","M","B","S","3","F","W","7",0,0,0,"000000000","00000000000",0,0,0,1,0,0,0,0,0,0,0,60,0,0,0,12,6,9,12,0,0,0,1,39,43734,6,1,0,0,3,3,64,170,0,0,0,0,0,0,0,0,0,0,0,0,0,0,2,2,45,1,1,2,1,0,0,1,54,99,1,1,52,"777777777777","777777777777","777777777777",0,0
39,390985,3,3,1,28,11,2,55,12,2,1,0,39,1,49,51,49051,9,2008,"JTDJT9232852","J","T","D","J","T","9","2","3","2","8","5","2",0,0,0,"000000000","00000000000",0,0,0,1,0,0,0,0,0,0,0,60,0,0,0,19,6,9,18,0,0,0,1,39,45647,6,1,6,0,3,3,70,200,1,0,0,0,2,6,2015,1,2016,0,0,0,0,0,2,2,45,1,1,2,1,0,0,1,54,99,1,1,98,"777777777777","777777777777","777777777777",0,0
39,390986,1,1,1,28,11,17,25,8,0,1,0,39,1,12,17,12017,4,2002,"1FAFP53U72G1","1","F","A","F","P","5","3","U","7","2","G","1",0,0,0,"000000000","00000000000",0,0,0,1,0,0,0,0,0,0,0,998,0,0,0,12,4,3,8,0,0,0,1,39,44814,6,1,0,0,3,0,72,175,0,0,0,0,0,0,0,0,0,0,0,0,0,0,1,2,55,1,1,2,2,0,0,1,80,1,1,1,13,"777777777777","777777777777","777777777777",0,0
39,390987,1,1,1,30,11,1,20,42,0,1,0,39,2,14,6,14006,4,2002,"2MEFM74W12X6","2","M","E","F","M","7","4","W","1","2","X","6",0,0,0,"000000000","00000000000",0,0,0,1,0,0,0,0,0,0,0,40,0,0,0,12,6,2,42,0,0,0,1,39,45230,6,1,0,0,3,0,74,300,0,0,0,0,0,0,0,0,0,0,27,0,0,0,1,2,35,3,2,2,1,0,0,1,13,99,1,4,1,"777777777777","777777777777","777777777777",1,0
39,390988,1,3,1,30,11,14,43,12,2,1,0,39,1,2,1,2001,6,2008,"1J8FF47W98D7","1","J","8","F","F","4","7","W","9","8","D","7",0,0,0,"000000000","00000000000",0,0,0,1,0,0,0,0,0,0,0,998,0,0,0,12,6,2,12,0,0,0,1,39,43040,6,1,0,0,3,0,68,170,0,0,0,0,1,8,2012,8,2012,0,28,50,0,0,2,2,70,1,2,2,1,0,0,1,9,99,3,2,98,"777777777777","777777777777","777777777777",1,1
39,390988,2,3,1,30,11,14,43,12,2,1,0,39,3,84,884,84884,66,1996,"2HSFMAHR3TC0","2","H","S","F","M","A","H","R","3","T","C","0",1,3,57,"641336","57641336",3,6,2,1,0,0,0,0,0,0,0,998,0,1,3,12,6,2,12,42,0,0,1,39,43076,6,1,6,3,3,0,72,180,0,0,0,0,0,0,0,0,0,0,0,0,0,0,2,2,70,1,2,2,1,0,0,1,64,99,1,1,98,"999999999999","777777777777","777777777777",0,0
39,390988,3,3,1,30,11,14,43,12,2,1,0,39,1,19,421,19421,15,2010,"888888888888","8","8","8","8","8","8","8","8","8","8","8","8",0,0,0,"000000000","00000000000",0,0,0,1,0,0,0,0,0,0,0,998,0,0,0,6,2,5,12,0,0,0,1,39,43348,6,1,0,0,3,0,75,250,0,1,0,2,0,8,2012,8,2016,0,0,0,0,0,2,2,70,1,2,2,1,0,0,1,59,99,1,1,98,"777777777777","777777777777","777777777777",0,0
39,390989,1,2,1,1,8,19,10,18,0,1,0,39,1,72,706,72706,80,1988,"1HD1DJL25JY5","1","H","D","1","D","J","L","2","5","J","Y","5",0,0,0,"000000000","00000000000",0,0,0,1,0,0,0,0,0,0,0,45,0,0,0,19,4,3,54,0,0,0,1,39,44035,6,1,0,0,3,0,71,190,1,0,0,0,0,9,2012,9,2012,0,36,0,0,0,1,2,35,1,1,2,1,0,0,11,53,99,5,3,98,"777777777777","777777777777","777777777777",1,0
39,390989,2,2,2,1,8,19,10,18,0,1,0,39,2,72,706,72706,80,1990,"1HD1BKL19LY0","1","H","D","1","B","K","L","1","9","L","Y","0",0,0,0,"000000000","00000000000",0,0,0,1,0,0,0,0,0,0,0,998,0,0,0,19,0,5,54,0,0,0,1,39,44089,6,7,0,0,3,0,71,201,0,1,0,0,0,1,2013,1,2013,0,0,0,0,0,1,2,35,1,1,2,1,0,0,11,52,1,1,1,15,"777777777777","777777777777","777777777777",0,0
39,390990,1,2,3,15,11,14,30,12,2,1,0,39,2,6,441,6441,20,2008,"2A8HR54P78R8","2","A","8","H","R","5","4","P","7","8","R","8",0,0,0,"000000000","00000000000",0,0,0,1,0,0,0,0,0,0,0,35,0,0,0,12,6,8,12,0,0,0,1,39,44221,6,1,0,0,3,3,58,130,0,0,0,0,0,0,0,0,0,0,28,0,0,0,1,2,35,1,1,2,1,0,0,1,10,99,1,2,50,"777777777777","777777777777","777777777777",1,1
39,390990,2,2,1,15,11,14,30,12,2,1,0,39,2,6,441,6441,20,2016,"2C4RC1BG0GR2","2","C","4","R","C","1","B","G","0","G","R","2",0,0,0,"000000000","00000000000",0,0,0,1,0,0,0,0,0,0,0,35,0,0,0,12,6,8,12,0,0,0,1,39,44260,6,1,0,0,3,0,61,180,0,0,0,0,0,0,0,0,0,0,0,0,0,0,1,2,35,1,1,2,1,0,0,1,62,99,1,1,51,"777777777777","777777777777","777777777777",0,0
39,390991,1,2,1,9,12,4,40,12,6,1,0,39,2,12,402,12402,14,2005,"1FMYU92Z85KA","1","F","M","Y","U","9","2","Z","8","5","K","A",0,0,0,"000000000","00000000000",0,0,0,1,0,0,0,0,0,0,0,998,0,0,0,61,6,2,12,0,0,0,1,39,44667,6,1,0,0,3,0,75,265,0,0,0,0,0,0,0,0,0,0,28,0,0,0,1,2,55,1,2,2,3,0,0,1,10,99,1,2,66,"777777777777","777777777777","777777777777",1,0
39,390991,2,2,3,9,12,4,40,12,6,1,0,39,1,7,482,7482,31,2011,"1D7RV1GT5BS6","1","D","7","R","V","1","G","T","5","B","S","6",0,0,0,"000000000","00000000000",0,0,0,1,0,0,0,0,0,0,0,998,0,0,0,12,6,2,12,0,0,0,1,39,44606,6,1,0,0,3,0,69,150,0,0,0,1,1,1,2014,6,2015,0,0,0,0,0,1,2,55,1,2,2,3,0,0,1,62,99,1,1,66,"777777777777","777777777777","777777777777",0,0
39,390992,1,1,1,11,12,2,46,43,0,1,0,39,2,24,1,24001,4,2002,"1G8ZH52872Z3","1","G","8","Z","H","5","2","8","7","2","Z","3",0,0,0,"000000000","00000000000",0,0,0,1,0,0,0,0,0,0,0,50,0,0,0,81,6,2,30,0,0,0,1,39,44212,6,1,0,0,3,3,72,300,0,1,1,0,0,9,2013,10,2013,0,27,0,0,0,1,2,35,1,1,1,3,0,0,1,12,99,1,4,6,"777777777777","777777777777","777777777777",1,1
39,390993,1,1,1,15,12,17,35,8,0,1,1,99,9,99,999,99999,99,9999,"999999999999","9","9","9","9","9","9","9","9","9","9","9","9",0,0,0,"000000000","00000000000",0,0,0,1,0,0,0,0,0,0,0,999,0,0,0,99,9,5,8,0,0,0,1,99,99999,9,9,99,9,9,9,999,999,99,99,99,99,99,99,9999,99,9999,9,99,99,99,99,1,4,35,1,1,2,1,0,0,99,80,99,9,3,13,"777777777777","777777777777","777777777777",0,0
39,390994,1,1,1,1,12,12,25,33,0,1,0,39,1,37,402,37402,14,2011,"5J6RE3H5XBL0","5","J","6","R","E","3","H","5","X","B","L","0",0,0,0,"000000000","00000000000",0,0,0,1,0,0,0,0,0,0,0,998,0,0,0,82,6,2,31,0,0,0,1,39,43125,6,1,0,0,3,0,62,162,0,0,0,0,0,0,0,0,0,0,27,0,0,0,1,2,35,3,2,2,1,0,0,14,11,99,1,4,1,"777777777777","777777777777","777777777777",1,0
39,390995,1,1,0,3,10,19,14,8,0,1,0,39,6,2,999,2999,49,1948,"000000000000","0","0","0","0","0","0","0","0","0","0","0","0",0,0,0,"000000000","00000000000",0,0,0,1,0,0,0,0,0,0,0,998,0,0,0,19,6,2,33,0,0,0,0,0,99997,7,6,97,7,6,7,998,997,998,998,998,998,998,98,9998,98,9998,8,0,0,0,0,1,2,25,1,2,2,1,0,0,0,85,0,0,0,98,"777777777777","777777777777","777777777777",0,0
39,390996,1,1,1,26,11,0,13,34,0,1,0,39,1,18,2,18002,4,2001,"1G4HP54K31U2","1","G","4","H","P","5","4","K","3","1","U","2",0,0,0,"000000000","00000000000",0,0,0,1,0,0,0,0,0,0,0,998,0,1,5,98,6,2,1,0,0,0,1,39,43787,6,1,0,0,3,0,72,240,1,0,0,1,0,11,2013,1,2015,4,27,0,0,0,1,2,55,2,2,2,1,0,0,14,12,99,1,4,6,"777777777777","777777777777","777777777777",1,1
39,390997,1,1,1,1,12,7,53,21,0,1,0,39,2,49,33,49033,3,2001,"JTDDR32T6100","J","T","D","D","R","3","2","T","6","1","0","0",0,0,0,"000000000","00000000000",0,0,0,1,0,0,0,0,0,0,0,999,0,1,5,62,6,2,1,0,0,0,1,39,45681,6,1,0,0,3,0,61,100,0,0,0,0,0,0,0,0,0,4,58,0,0,0,1,2,55,3,1,2,1,0,0,1,6,7,1,4,98,"777777777777","777777777777","777777777777",1,0
39,390998,1,1,1,5,12,11,22,34,0,1,0,39,2,12,481,12481,31,2007,"1FTPX14V27NA","1","F","T","P","X","1","4","V","2","7","N","A",0,0,0,"000000000","00000000000",0,0,0,1,0,0,0,0,0,0,0,998,0,1,5,14,6,2,1,0,0,0,1,39,43140,1,1,0,0,2,0,59,170,0,0,0,0,0,0,0,0,0,0,27,0,0,0,1,2,55,1,2,2,1,0,0,1,13,99,1,4,1,"777777777777","777777777777","777777777777",1,1
39,390999,1,1,4,2,12,14,17,34,0,1,0,26,1,37,31,37031,4,2009,"JHMFA36239S0","J","H","M","F","A","3","6","2","3","9","S","0",0,0,0,"000000000","00000000000",0,0,0,1,0,0,0,0,0,0,0,998,0,1,5,12,6,2,34,0,0,0,1,26,48237,6,1,0,0,3,0,62,200,0,0,0,1,0,3,2016,3,2016,0,27,0,0,0,2,2,70,1,1,2,1,0,0,1,8,1,1,4,1,"777777777777","777777777777","777777777777",1,0
39,391000,1,1,3,3,12,1,20,14,0,1,0,39,1,20,37,20037,4,2001,"1G1ND52J91M6","1","G","1","N","D","5","2","J","9","1","M","6",0,0,0,"000000000","00000000000",0,0,0,1,0,0,0,0,0,0,0,68,0,0,0,62,6,2,14,0,0,0,1,39,44256,6,1,0,0,3,3,70,145,1,1,0,0,1,10,2016,11,2016,4,27,6,36,0,1,2,25,2,1,2,2,20,3,1,6,99,3,4,7,"777777777777","777777777777","777777777777",1,1
39,391001,1,2,1,9,12,8,5,12,7,1,0,12,3,12,401,12401,14,2016,"1FM5K7F84GGC","1","F","M","5","K","7","F","8","4","G","G","C",0,0,0,"000000000","00000000000",0,0,0,1,0,0,0,0,0,0,0,998,0,0,0,63,2,5,12,0,0,0,1,26,48167,6,1,0,0,3,0,73,215,0,0,0,1,0,8,2014,8,2014,0,0,0,0,0,3,3,70,3,1,2,1,0,0,1,19,1,1,1,45,"777777777777","777777777777","777777777777",0,0
39,391001,2,2,4,9,12,8,5,12,7,1,0,39,1,7,43,7043,4,2004,"1B3EL36R24N3","1","B","3","E","L","3","6","R","2","4","N","3",0,0,0,"000000000","00000000000",0,0,0,1,0,0,0,0,0,0,0,998,0,1,5,82,6,2,1,0,0,0,1,39,43601,6,1,0,0,3,0,70,205,1,0,0,0,0,7,2015,7,2015,4,27,0,0,0,3,3,70,3,1,2,1,0,0,15,19,1,1,2,46,"777777777777","777777777777","777777777777",1,0
39,391002,1,1,1,9,12,18,32,8,0,1,0,39,1,49,402,49402,14,2015,"JTMZFREV3FD0","J","T","M","Z","F","R","E","V","3","F","D","0",0,0,0,"000000000","00000000000",0,0,0,1,0,0,0,0,0,0,0,998,0,0,0,82,4,3,8,0,0,0,1,39,45504,6,1,0,0,3,0,62,145,1,0,0,0,1,1,2015,1,2015,0,0,0,0,0,1,2,55,1,1,2,1,0,0,1,81,1,1,1,13,"777777777777","777777777777","777777777777",0,0
39,391003,1,1,1,10,12,23,28,24,0,1,0,39,1,30,40,30040,4,1999,"3VWSA29M9XM0","3","V","W","S","A","2","9","M","9","X","M","0",0,0,0,"000000000","00000000000",0,0,0,1,0,0,0,0,0,0,0,998,0,1,5,62,6,2,3,0,0,0,1,39,43567,6,1,0,0,3,3,71,145,0,0,0,1,0,1,2015,1,2015,0,27,0,0,0,1,2,55,1,1,2,3,0,0,1,13,99,1,4,1,"777777777777","777777777777","777777777777",1,1
39,391004,1,2,1,13,12,13,38,12,2,1,0,42,1,2,405,2405,14,2002,"1J4GL58K02W2","1","J","4","G","L","5","8","K","0","2","W","2",0,0,0,"000000000","00000000000",0,0,0,1,0,0,0,0,0,0,0,998,0,0,0,12,6,2,12,0,0,0,1,42,16137,6,1,0,0,3,0,66,999,0,0,0,0,0,0,0,0,0,4,28,0,0,0,1,2,55,1,1,2,3,0,0,1,10,99,4,2,50,"777777777777","777777777777","777777777777",0,0
39,391004,2,2,1,13,12,13,38,12,2,1,0,39,1,20,39,20039,4,2005,"KL1TD52605B4","K","L","1","T","D","5","2","6","0","5","B","4",0,0,0,"000000000","00000000000",0,0,0,1,0,0,0,0,0,0,0,998,0,0,0,12,6,2,12,0,0,0,1,39,44420,6,1,0,0,3,0,66,175,0,0,0,0,0,0,0,0,0,0,0,0,0,0,1,2,55,1,1,2,3,0,0,1,62,99,1,1,51,"777777777777","777777777777","777777777777",1,0
39,391005,1,3,1,19,12,2,51,12,1,1,0,39,1,55,33,55033,4,2012,"KMHEC4A46CA0","K","M","H","E","C","4","A","4","6","C","A","0",0,0,0,"000000000","00000000000",0,0,0,1,0,0,0,0,0,0,0,70,0,0,0,12,6,2,12,0,0,0,1,39,43211,6,1,0,0,3,0,70,150,1,0,0,1,0,4,2014,9,2015,4,26,0,0,0,1,2,35,1,1,2,3,0,0,1,51,99,1,1,24,"777777777777","777777777777","777777777777",0,1
39,391005,2,3,1,19,12,2,51,12,1,1,0,39,1,55,402,55402,14,2007,"KM8JM12BX7U5","K","M","8","J","M","1","2","B","X","7","U","5",0,0,0,"000000000","00000000000",0,0,0,1,0,0,0,0,0,0,0,25,0,0,0,6,6,2,12,0,0,0,1,39,43219,6,1,0,0,3,3,64,155,0,0,0,1,0,7,2013,7,2013,0,0,0,0,0,1,2,35,1,1,2,3,0,0,1,53,99,1,1,25,"777777777777","777777777777","777777777777",1,1
39,391005,3,3,1,19,12,2,51,12,1,1,0,17,2,51,881,51881,66,2004,"4V4M19GF64N3","4","V","4","M","1","9","G","F","6","4","N","3",1,1,57,"649914","57649914",3,6,11,1,0,0,0,0,0,0,0,998,0,0,0,62,6,2,12,0,0,0,1,39,43081,6,1,6,0,3,0,75,198,1,0,0,1,0,8,2012,9,2012,0,0,0,0,0,1,2,35,1,1,2,3,0,0,1,62,99,1,1,98,"888888888888","777777777777","777777777777",0,0
39,391006,1,2,1,1,10,20,6,12,6,1,0,39,2,12,13,12013,4,1997,"1FALP13P8VW1","1","F","A","L","P","1","3","P","8","V","W","1",0,0,0,"000000000","00000000000",0,0,0,1,0,0,0,0,0,0,0,22,0,0,0,12,4,3,12,0,0,0,1,39,44704,6,1,0,0,3,0,67,180,0,0,0,0,0,0,0,0,0,0,39,0,0,0,1,2,25,1,1,2,1,20,3,1,17,99,1,1,88,"777777777777","777777777777","777777777777",0,0
39,391006,2,2,1,1,10,20,6,12,6,1,0,39,1,72,706,72706,80,1998,"1HD1DDL15WY6","1","H","D","1","D","D","L","1","5","W","Y","6",0,0,0,"000000000","00000000000",0,0,0,1,0,0,0,0,0,0,0,27,0,0,0,63,6,2,12,0,0,0,1,39,44705,6,1,0,0,3,0,69,145,0,0,0,0,1,8,2014,8,2014,0,0,0,0,0,1,2,25,1,1,2,1,0,0,1,66,99,1,1,89,"777777777777","777777777777","777777777777",1,1
39,391007,1,2,1,1,11,19,1,12,6,1,0,39,3,12,870,12870,55,2016,"1FDFE4FS0GDC","1","F","D","F","E","4","F","S","0","G","D","C",0,0,77,"777777777","77777777777",2,21,22,1,0,0,0,0,99,3,0,5,0,0,0,82,4,3,12,42,0,0,1,39,45231,6,1,6,3,3,3,66,180,2,0,0,0,0,7,2014,3,2016,0,38,0,0,0,1,2,25,1,1,2,1,0,0,11,15,1,1,1,68,"777777777777","777777777777","777777777777",0,0
39,391007,2,2,1,1,11,19,1,12,6,1,0,39,2,73,705,73705,80,1999,"JKAZXDP17XA0","J","K","A","Z","X","D","P","1","7","X","A","0",0,0,0,"000000000","00000000000",0,0,0,1,0,0,0,0,0,0,0,30,0,0,0,12,6,2,12,0,0,0,1,39,45236,1,1,0,0,2,0,75,250,1,9,0,0,2,7,2012,6,2015,0,0,0,0,0,1,2,25,1,1,2,1,0,0,1,62,99,1,1,69,"777777777777","777777777777","777777777777",1,0
39,391008,1,1,1,13,11,0,0,21,0,1,0,39,2,20,37,20037,4,2012,"1G1ZD5E04CF2","1","G","1","Z","D","5","E","0","4","C","F","2",0,0,0,"000000000","00000000000",0,0,0,1,0,0,0,0,0,0,0,50,0,0,0,12,6,8,21,0,0,0,1,39,43207,1,1,0,0,2,0,68,225,0,4,0,0,1,6,2014,8,2016,3,27,0,0,0,1,2,25,1,2,2,1,0,0,1,9,1,2,4,7,"777777777777","777777777777","777777777777",1,0
39,391009,1,1,1,8,10,18,23,8,0,1,0,39,1,12,401,12401,14,2002,"1FMZU73EX2ZB","1","F","M","Z","U","7","3","E","X","2","Z","B",0,0,0,"000000000","00000000000",0,0,0,1,0,0,0,0,0,0,0,10,0,0,0,12,0,5,8,0,0,0,1,39,44105,6,1,0,0,3,3,66,240,0,0,0,0,0,0,0,0,0,0,38,0,0,0,1,2,35,1,2,2,1,3,3,11,80,99,1,1,13,"777777777777","777777777777","777777777777",0,0
39,391010,1,1,1,23,11,21,46,24,0,1,0,39,1,37,32,37032,4,1997,"1HGCD5657VA0","1","H","G","C","D","5","6","5","7","V","A","0",0,0,0,"000000000","00000000000",0,0,0,1,0,0,0,0,0,0,0,998,0,0,0,12,6,2,24,0,0,0,1,39,44121,6,1,0,0,3,0,80,205,1,0,0,0,0,10,2016,10,2016,0,27,0,0,0,3,2,65,1,1,1,1,0,0,1,12,99,9,4,6,"777777777777","777777777777","777777777777",1,0
39,391012,1,2,1,10,12,6,35,12,6,1,0,39,1,7,482,7482,31,2006,"3D7KS29C76G1","3","D","7","K","S","2","9","C","7","6","G","1",0,0,0,"000000000","00000000000",0,0,0,1,0,0,0,0,0,0,0,45,0,0,0,12,6,2,12,0,0,0,1,39,44260,6,1,6,0,3,0,73,260,0,0,0,2,0,2,2012,7,2013,0,39,0,0,0,1,2,55,1,1,2,1,20,3,1,17,99,1,1,88,"777777777777","777777777777","777777777777",1,0
39,391012,2,2,1,10,12,6,35,12,6,1,0,39,3,84,884,84884,66,2005,"3HSCNAPR25N0","3","H","S","C","N","A","P","R","2","5","N","0",1,3,57,"0244723","570244723",3,6,1,1,0,0,0,0,0,0,0,998,0,1,5,62,6,2,1,42,0,0,1,36,14201,9,9,99,9,9,9,999,999,99,99,99,99,99,99,9999,99,9999,0,0,0,0,0,1,2,55,1,1,2,1,0,0,1,66,1,1,1,89,"888888888888","777777777777","777777777777",0,0
39,391014,1,1,1,17,12,0,9,14,0,1,0,39,1,20,37,20037,4,2010,"1G1ZE5EB8AF1","1","G","1","Z","E","5","E","B","8","A","F","1",0,0,0,"000000000","00000000000",0,0,0,1,0,0,0,0,0,0,0,998,0,0,0,62,6,8,14,0,0,0,1,39,45601,6,1,0,0,3,0,73,231,0,0,0,3,0,6,2012,10,2014,0,87,0,0,0,4,1,65,1,1,2,4,0,0,1,5,99,3,4,2,"777777777777","777777777777","777777777777",0,0
39,391015,1,2,1,18,12,14,38,12,2,1,0,39,1,49,32,49032,4,2011,"2T1BU4EE4BC7","2","T","1","B","U","4","E","E","4","B","C","7",0,0,0,"000000000","00000000000",0,0,0,1,0,0,0,0,0,0,0,35,0,0,0,12,6,2,12,0,0,0,1,39,43220,1,1,0,0,2,0,66,145,3,0,0,1,1,10,2014,10,2016,0,28,0,0,0,1,2,35,2,1,2,2,0,0,14,10,99,1,2,50,"777777777777","777777777777","777777777777",1,0
39,391015,2,2,1,18,12,14,38,12,2,1,0,39,1,49,32,49032,4,1995,"1NXAE09B4SZ3","1","N","X","A","E","0","9","B","4","S","Z","3",0,0,0,"000000000","00000000000",0,0,0,1,0,0,0,0,0,0,0,35,0,0,0,12,6,2,12,0,0,0,1,39,43221,6,1,0,0,3,0,67,155,0,0,0,0,0,0,0,0,0,0,0,0,0,0,1,2,35,3,1,2,2,0,0,14,62,99,1,1,51,"777777777777","777777777777","777777777777",0,0
39,391016,1,1,2,10,12,0,29,30,0,1,0,39,1,22,441,22441,20,2002,"1GMDX13E82D2","1","G","M","D","X","1","3","E","8","2","D","2",0,0,0,"000000000","00000000000",0,0,0,1,0,0,0,0,0,0,0,998,0,0,0,12,6,2,30,0,0,0,1,39,44310,1,1,0,0,2,0,71,258,2,2,0,5,7,3,2012,10,2016,0,27,0,0,0,1,2,35,1,2,2,2,0,0,1,13,1,1,4,1,"777777777777","777777777777","777777777777",1,1
39,391017,1,2,1,10,12,7,40,12,6,1,0,39,2,12,461,12461,21,1998,"1FBSS31S6WHB","1","F","B","S","S","3","1","S","6","W","H","B",0,0,0,"000000000","00000000000",0,0,0,1,0,0,0,0,0,0,0,998,0,1,1,82,6,2,12,0,0,0,1,39,44046,6,1,6,0,3,3,72,290,0,0,0,0,2,1,2016,7,2016,0,27,0,0,0,1,2,55,1,1,2,2,0,0,1,10,99,4,2,64,"777777777777","777777777777","777777777777",1,0
39,391017,2,2,1,10,12,7,40,12,6,1,0,39,1,12,481,12481,31,2005,"1FTPX145X5NB","1","F","T","P","X","1","4","5","X","5","N","B",0,0,0,"000000000","00000000000",0,0,0,1,0,0,0,0,0,0,0,998,0,0,0,12,6,2,12,0,0,0,1,39,44046,6,1,0,0,3,0,67,178,0,0,0,0,0,0,0,0,0,0,0,0,0,0,1,2,55,1,1,2,2,0,0,1,62,99,1,1,65,"777777777777","777777777777","777777777777",0,0
39,391019,1,1,3,14,12,2,32,34,0,1,0,39,2,32,44,32044,4,2006,"WAUML44E26N0","W","A","U","M","L","4","4","E","2","6","N","0",0,0,0,"000000000","00000000000",0,0,0,1,0,0,0,0,0,0,0,999,0,0,0,12,6,2,42,0,0,0,1,39,43015,1,1,0,0,2,3,70,170,0,2,0,0,0,2,2013,3,2014,0,27,0,0,0,1,2,55,3,1,2,4,0,0,14,13,99,1,4,1,"777777777777","777777777777","777777777777",1,1
39,391020,1,1,1,15,12,6,50,8,0,1,0,39,1,12,17,12017,6,1995,"1FALP57U1SA2","1","F","A","L","P","5","7","U","1","S","A","2",0,0,0,"000000000","00000000000",0,0,0,1,0,0,0,0,0,0,0,998,0,0,0,62,4,3,8,0,0,0,1,39,45324,6,1,0,0,3,0,70,170,2,0,0,0,1,12,2012,10,2015,0,0,0,0,0,2,2,65,1,1,2,1,0,0,1,80,99,1,1,13,"777777777777","777777777777","777777777777",0,0
39,391021,1,2,1,11,12,11,6,12,6,1,0,39,2,37,441,37441,20,2014,"5FNRL5H66EB0","5","F","N","R","L","5","H","6","6","E","B","0",0,0,0,"000000000","00000000000",0,0,0,1,0,0,0,0,0,0,0,998,0,0,0,12,6,2,12,0,0,0,1,39,45373,6,1,0,0,3,0,65,128,0,0,0,0,0,0,0,0,0,0,0,0,0,0,1,2,99,1,1,2,2,0,0,1,62,99,1,1,64,"777777777777","777777777777","777777777777",0,0
39,391021,2,2,2,11,12,11,6,12,6,1,0,39,1,35,50,35050,5,2010,"3N1BC1CP5AL3","3","N","1","B","C","1","C","P","5","A","L","3",0,0,0,"000000000","00000000000",0,0,0,1,0,0,0,0,0,0,0,998,0,0,0,61,6,2,12,0,0,0,1,39,45377,6,1,0,0,3,0,62,124,2,0,0,0,2,8,2013,10,2014,0,27,58,0,0,1,2,99,1,1,2,2,0,0,1,8,99,5,2,65,"777777777777","777777777777","777777777777",2,0
39,391022,1,1,1,16,12,23,51,30,0,1,0,39,3,85,881,85881,66,2013,"1XKBD59XXDJ3","1","X","K","B","D","5","9","X","X","D","J","3",1,1,57,"015781","57015781",3,6,1,1,0,0,0,0,0,0,0,999,0,1,5,61,6,2,1,0,0,0,1,39,43060,6,1,6,0,3,3,72,200,2,0,0,3,1,3,2012,11,2016,4,6,0,0,0,1,2,55,2,1,2,4,0,0,14,6,99,1,4,98,"888888888888","777777777777","777777777777",1,0