"STATE","ST_CASE","VEH_NO","VE_FORMS","NUMOCCS","DAY","MONTH","HOUR","MINUTE","HARM_EV","MAN_COLL","UNITTYPE","HIT_RUN","REG_STAT","OWNER","MAKE","MODEL","MAK_MOD","BODY_TYP","MOD_YEAR","VIN","VIN_1","VIN_2","VIN_3","VIN_4","VIN_5","VIN_6","VIN_7","VIN_8","VIN_9","VIN_10","VIN_11","VIN_12","TOW_VEH","J_KNIFE","MCARR_I1","MCARR_I2","MCARR_ID","GVWR","V_CONFIG","CARGO_BT","HAZ_INV","HAZ_PLAC","HAZ_ID","HAZ_CNO","HAZ_REL","BUS_USE","SPEC_USE","EMER_USE","TRAV_SP","UNDERIDE","ROLLOVER","ROLINLOC","IMPACT1","DEFORMED","TOWED","M_HARM","VEH_SC1","VEH_SC2","FIRE_EXP","DR_PRES","L_STATE","DR_ZIP","L_STATUS","L_TYPE","CDL_STAT","L_ENDORS","L_COMPL","L_RESTRI","DR_HGT","DR_WGT","PREV_ACC","PREV_SUS","PREV_DWI","PREV_SPD","PREV_OTH","FIRST_MO","FIRST_YR","LAST_MO","LAST_YR","SPEEDREL","DR_SF1","DR_SF2","DR_SF3","DR_SF4","VTRAFWAY","VNUM_LAN","VSPD_LIM","VALIGN","VPROFILE","VPAVETYP","VSURCOND","VTRAFCON","VTCONT_F","P_CRASH1","P_CRASH2","P_CRASH3","PCRASH4","PCRASH5","ACC_TYPE","TRLR1VIN","TRLR2VIN","TRLR3VIN","DEATHS","DR_DRINK"
40,400252,2,2,1,1,6,19,0,1,0,1,0,40,1,7,472,7472,31,2006,"1D7HE42N86S6","1","D","7","H","E","4","2","N","8","6","S","6",0,0,0,"000000000","00000000000",0,0,0,1,0,0,0,0,0,0,0,998,0,0,0,1,6,2,12,0,0,0,1,40,74368,6,1,0,0,3,0,63,180,0,0,0,0,0,0,0,0,0,0,0,0,0,0,1,2,65,3,5,2,1,0,0,14,62,7,9,3,98,"777777777777","777777777777","777777777777",0,0
40,400253,1,1,1,2,6,4,5,8,0,1,1,99,9,99,999,99999,99,9999,"999999999999","9","9","9","9","9","9","9","9","9","9","9","9",0,0,0,"000000000","00000000000",0,0,0,1,0,0,0,0,0,0,0,998,0,0,0,12,9,5,8,0,0,0,1,99,99999,9,9,99,9,9,9,999,999,99,99,99,99,99,99,9999,99,9999,9,99,99,99,99,1,2,65,1,1,2,2,40,3,1,80,99,9,9,13,"777777777777","777777777777","777777777777",0,0
40,400254,1,1,1,3,6,22,34,8,0,1,0,40,2,37,31,37031,3,1997,"2HGEJ6321VH1","2","H","G","E","J","6","3","2","1","V","H","1",0,0,0,"000000000","00000000000",0,0,0,1,0,0,0,0,0,0,0,998,0,0,0,12,6,2,8,0,0,0,1,40,74012,6,1,0,0,3,0,61,105,0,0,0,0,0,0,0,0,0,0,0,0,0,0,5,4,40,1,4,2,1,0,0,1,80,1,1,1,13,"777777777777","777777777777","777777777777",0,0
40,400255,1,1,2,13,6,15,45,59,0,1,0,40,1,20,481,20481,31,1973,"CCY243S17194","C","C","Y","2","4","3","S","1","7","1","9","4",1,2,0,"000000000","00000000000",0,0,0,1,0,0,0,0,0,0,0,998,0,1,5,12,6,2,1,0,0,0,1,40,74361,6,1,0,0,3,3,66,180,0,0,0,0,0,0,0,0,0,5,88,0,0,0,3,2,75,1,1,1,1,0,0,1,98,99,9,4,1,"888888888888","777777777777","777777777777",1,0
40,400256,1,2,3,13,6,19,37,12,6,1,0,40,2,6,51,6051,4,2001,"2C3HE66G61H6","2","C","3","H","E","6","6","G","6","1","H","6",0,0,0,"000000000","00000000000",0,0,0,1,0,0,0,0,0,0,0,998,0,0,0,3,6,2,12,0,0,0,1,40,73062,6,7,0,0,3,3,72,281,0,0,0,0,0,0,0,0,0,0,39,0,0,0,1,2,45,1,1,4,1,20,3,1,17,99,1,1,87,"777777777777","777777777777","777777777777",1,0
40,400256,2,2,3,13,6,19,37,12,6,1,0,40,1,7,880,7880,67,2001,"1B7MC33681J5","1","B","7","M","C","3","3","6","8","1","J","5",0,0,88,"888888888","88888888888",2,1,97,1,0,0,0,0,0,0,0,998,0,0,0,12,4,3,12,0,0,0,1,40,74436,6,1,6,0,3,0,72,240,0,0,0,0,0,0,0,0,0,0,0,0,0,0,1,2,45,1,1,4,1,0,0,1,66,99,1,1,86,"777777777777","777777777777","777777777777",0,0
40,400257,1,1,1,15,6,5,40,11,0,1,0,40,1,20,37,20037,4,2012,"1G1ZC5EU6CF1","1","G","1","Z","C","5","E","U","6","C","F","1",0,0,0,"000000000","00000000000",0,0,0,1,0,0,0,0,0,0,0,998,0,0,0,12,6,2,11,0,0,0,1,40,73005,6,1,6,0,3,3,75,260,0,0,0,0,0,0,0,0,0,0,83,0,0,0,2,2,70,1,1,2,1,0,0,1,87,99,1,1,13,"777777777777","777777777777","777777777777",1,0
40,400258,1,2,1,21,6,14,28,12,2,1,0,40,2,41,471,41471,30,1996,"4F4CR16A5TTM","4","F","4","C","R","1","6","A","5","T","T","M",0,0,0,"000000000","00000000000",0,0,0,1,0,0,0,0,0,0,0,998,0,0,0,12,6,2,12,0,0,0,1,40,74801,6,1,0,0,3,0,71,180,0,0,0,0,0,0,0,0,0,0,35,0,0,0,1,2,65,1,6,2,1,0,0,6,54,1,1,2,50,"777777777777","777777777777","777777777777",1,0
40,400258,2,2,1,21,6,14,28,12,2,1,0,40,1,7,482,7482,31,2004,"1D7HA18N54J2","1","D","7","H","A","1","8","N","5","4","J","2",0,0,0,"000000000","00000000000",0,0,0,1,0,0,0,0,0,0,0,998,0,0,0,12,6,2,12,0,0,0,1,40,74818,6,1,0,0,3,0,68,185,0,0,0,0,0,0,0,0,0,0,0,0,0,0,1,2,65,1,5,2,1,0,0,1,54,99,1,1,51,"777777777777","777777777777","777777777777",1,0
40,400259,1,2,1,21,6,16,45,12,6,1,0,48,2,23,481,23481,31,1995,"1GTEC14Z1SZ5","1","G","T","E","C","1","4","Z","1","S","Z","5",0,0,0,"000000000","00000000000",0,0,0,1,0,0,0,0,0,0,0,998,0,1,5,11,6,2,99,0,0,0,1,48,75020,1,1,0,0,2,0,999,999,1,10,0,0,1,8,2011,4,2016,0,0,0,0,0,3,2,70,1,5,2,1,0,0,1,52,7,9,3,48,"777777777777","777777777777","777777777777",1,0
40,400259,2,2,1,21,6,16,45,12,6,1,0,45,3,82,881,82881,66,2011,"1FUJGLDRXBSB","1","F","U","J","G","L","D","R","X","B","S","B",1,1,57,"2289508","572289508",3,6,1,1,0,0,0,0,0,0,0,998,0,0,0,5,6,2,12,0,0,0,1,13,31312,6,1,6,0,3,3,73,179,98,0,0,0,0,0,0,0,0,0,0,0,0,0,3,2,70,1,5,2,1,0,0,2,53,1,1,1,48,"888888888888","777777777777","777777777777",0,0
40,400260,1,2,4,22,6,15,10,12,6,1,0,40,1,63,441,63441,20,2005,"KNDUP1321566","K","N","D","U","P","1","3","2","1","5","6","6",0,0,0,"000000000","00000000000",0,0,0,1,0,0,0,0,0,0,0,998,0,0,0,1,6,2,12,0,0,0,1,40,73028,6,1,0,0,3,3,65,130,0,0,0,1,1,12,2013,2,2015,0,0,0,0,0,2,2,65,1,1,2,1,0,0,99,62,99,1,3,65,"777777777777","777777777777","777777777777",2,0
40,400260,2,2,1,22,6,15,10,12,6,1,0,40,1,20,22,20022,4,2006,"1G1AL55F9677","1","G","1","A","L","5","5","F","9","6","7","7",0,0,0,"000000000","00000000000",0,0,0,1,0,0,0,0,0,0,0,998,0,1,5,11,6,2,12,0,0,0,1,40,73028,6,1,6,0,3,0,66,200,0,0,0,0,0,0,0,0,0,0,28,0,0,0,2,2,65,1,1,2,1,0,0,99,10,99,9,2,64,"777777777777","777777777777","777777777777",1,0
40,400261,1,1,1,23,6,0,0,42,0,1,0,40,3,7,482,7482,31,2016,"3C6UR5FL9GG1","3","C","6","U","R","5","F","L","9","G","G","1",0,0,0,"000000000","00000000000",0,0,0,1,0,0,0,0,0,0,0,998,0,1,5,10,6,2,42,0,0,0,1,40,74966,6,1,6,0,3,0,71,210,0,0,0,2,2,2,2012,5,2015,4,28,0,0,0,1,2,65,2,5,2,1,0,0,1,12,1,9,4,6,"777777777777","777777777777","777777777777",1,1
40,400262,1,1,1,23,6,0,13,8,0,1,0,40,3,82,881,82881,66,2007,"1FUJA6CK87LX","1","F","U","J","A","6","C","K","8","7","L","X",1,1,57,"859109","57859109",3,6,1,1,0,0,0,0,0,0,0,998,0,0,0,10,2,5,8,0,0,0,1,40,73099,6,1,6,0,3,3,70,220,0,0,0,0,0,0,0,0,0,0,0,0,0,0,3,3,60,1,1,1,1,0,0,1,80,1,1,1,13,"888888888888","777777777777","777777777777",0,0
40,400263,1,1,1,24,6,13,1,10,0,1,0,93,3,87,884,87884,66,2013,"1XPHD49X5DD1","1","X","P","H","D","4","9","X","5","D","D","1",1,1,57,"2638721","572638721",3,6,8,1,0,0,0,0,0,0,0,998,0,0,0,3,6,2,10,0,0,0,1,29,64850,6,1,6,0,3,3,70,250,0,0,0,0,0,0,0,0,0,0,38,0,0,0,1,2,45,1,1,7,1,65,3,1,90,99,1,1,15,"888888888888","777777777777","777777777777",1,0
40,400264,1,1,2,24,6,23,37,1,0,1,0,92,0,98,998,98998,97,2012,"000000000000","0","0","0","0","0","0","0","0","0","0","0","0",0,0,0,"000000000","00000000000",0,0,0,1,0,0,0,0,0,0,0,998,0,1,1,0,2,3,1,0,0,0,1,40,73170,6,1,0,0,1,0,72,225,0,0,0,0,0,0,0,0,0,4,58,0,0,0,1,2,25,1,6,4,1,0,0,1,8,1,4,3,98,"777777777777","777777777777","777777777777",1,1
40,400265,1,2,1,26,6,16,5,12,6,1,0,40,1,72,706,72706,80,2013,"1HD1KGM11DB6","1","H","D","1","K","G","M","1","1","D","B","6",0,0,0,"000000000","00000000000",0,0,0,1,0,0,0,0,0,0,0,998,0,0,0,12,6,2,12,0,0,0,1,40,73083,6,1,0,0,3,0,66,160,0,0,0,0,0,0,0,0,0,0,0,0,0,0,1,4,65,1,1,1,1,3,3,1,66,1,1,1,86,"777777777777","777777777777","777777777777",1,1
40,400265,2,2,1,26,6,16,5,12,6,1,0,40,1,7,482,7482,31,2005,"1D7HU18D75J5","1","D","7","H","U","1","8","D","7","5","J","5",0,0,0,"000000000","00000000000",0,0,0,1,0,0,0,0,0,0,0,998,0,0,0,4,6,2,12,0,0,0,1,40,73742,6,1,0,0,3,0,68,150,0,0,0,0,0,0,0,0,0,0,38,0,0,0,1,2,45,1,1,1,1,20,3,1,17,1,1,1,87,"777777777777","777777777777","777777777777",0,0
40,400266,1,2,2,27,6,17,43,12,1,1,0,6,2,49,40,49040,4,2015,"4T1BF1FK2FU0","4","T","1","B","F","1","F","K","2","F","U","0",0,0,0,"000000000","00000000000",0,0,0,1,0,0,0,0,0,0,0,998,0,0,0,6,6,2,12,0,0,0,1,48,65803,6,1,0,0,3,3,999,999,0,0,0,0,0,0,0,0,0,0,0,0,0,0,3,3,70,1,1,2,1,0,0,99,53,99,1,1,25,"777777777777","777777777777","777777777777",1,0
40,400266,2,2,2,27,6,17,43,12,1,1,0,6,3,51,881,51881,66,2015,"4V4NC9EJ2FN9","4","V","4","N","C","9","E","J","2","F","N","9",1,1,57,"1835079","571835079",3,6,11,1,0,0,0,0,0,0,0,998,0,0,0,12,6,2,12,0,0,0,1,6,91790,6,1,6,0,3,3,69,135,1,0,0,0,0,3,2016,3,2016,0,0,0,0,0,3,3,70,1,1,2,1,0,0,1,51,99,1,1,24,"888888888888","777777777777","777777777777",0,0
40,400267,1,1,1,30,6,19,39,21,0,1,0,40,1,20,28,20028,4,2013,"1G1JE5SB0D42","1","G","1","J","E","5","S","B","0","D","4","2",0,0,0,"000000000","00000000000",0,0,0,1,0,0,0,0,0,0,0,998,0,0,0,12,6,2,21,0,0,1,1,1,73170,6,1,0,0,3,3,72,170,0,0,0,0,0,0,0,0,0,0,0,0,0,0,2,2,70,1,1,2,1,0,0,1,13,99,1,4,1,"777777777777","777777777777","777777777777",1,1
40,400268,1,2,3,1,6,15,42,12,6,1,0,40,1,20,37,20037,4,2003,"1G1ND52J73M6","1","G","1","N","D","5","2","J","7","3","M","6",0,0,0,"000000000","00000000000",0,0,0,1,0,0,0,0,0,0,0,998,0,0,0,4,6,2,12,0,0,0,1,40,74105,6,1,0,0,3,0,62,115,0,0,0,0,0,0,0,0,0,0,38,0,0,0,1,4,50,1,1,2,2,0,0,11,15,99,1,1,68,"777777777777","777777777777","777777777777",1,0
40,400268,2,2,1,1,6,15,42,12,6,1,0,40,1,7,472,7472,31,2008,"1D7HW38K58S5","1","D","7","H","W","3","8","K","5","8","S","5",0,0,0,"000000000","00000000000",0,0,0,1,0,0,0,0,0,0,0,998,0,0,0,12,6,2,12,0,0,0,1,40,74038,6,1,0,0,3,0,70,205,0,0,0,1,0,7,2012,7,2012,0,99,99,99,99,1,4,50,1,1,2,2,0,0,1,62,16,2,3,69,"777777777777","777777777777","777777777777",0,0
40,400269,1,1,1,6,6,99,99,1,0,1,0,40,1,72,706,72706,80,2011,"1HD1JP523BB0","1","H","D","1","J","P","5","2","3","B","B","0",0,0,0,"000000000","00000000000",0,0,0,1,0,0,0,0,0,0,0,998,0,0,0,0,6,2,1,0,0,0,1,40,74047,2,1,0,0,2,0,71,220,0,2,1,0,3,12,2013,2,2015,4,0,0,0,0,1,2,45,3,6,2,1,0,0,1,13,99,9,4,1,"777777777777","777777777777","777777777777",1,1
40,400270,1,2,1,29,6,12,36,12,6,1,0,35,1,20,481,20481,31,2008,"3GCEK13J68G2","3","G","C","E","K","1","3","J","6","8","G","2",0,0,0,"000000000","00000000000",0,0,0,1,0,0,0,0,0,0,0,998,0,0,0,12,6,2,12,0,0,0,1,35,73527,6,1,0,0,3,3,70,190,98,0,0,1,1,5,2014,11,2014,0,38,0,0,0,1,2,45,1,1,2,1,20,3,1,17,99,1,1,88,"777777777777","777777777777","777777777777",0,0
40,400270,2,2,1,29,6,12,36,12,6,1,0,40,1,55,421,55421,15,2011,"KM8NUDCC9BU1","K","M","8","N","U","D","C","C","9","B","U","1",0,0,0,"000000000","00000000000",0,0,0,1,0,0,0,0,0,0,0,998,0,0,0,11,6,2,12,0,0,0,1,40,73527,6,1,0,0,3,3,61,115,0,0,0,0,0,0,0,0,0,0,0,0,0,0,1,2,55,1,3,2,1,40,3,1,66,99,1,1,89,"777777777777","777777777777","777777777777",1,0
40,400271,1,2,2,3,7,4,57,12,2,1,0,40,1,23,8,23008,6,2008,"1GKER23728J2","1","G","K","E","R","2","3","7","2","8","J","2",0,0,0,"000000000","00000000000",0,0,0,1,0,0,0,0,0,0,0,998,0,0,0,12,6,2,12,0,0,1,1,40,73110,6,1,0,0,3,3,67,140,0,0,0,0,2,6,2015,5,2016,0,51,0,0,0,3,2,70,1,1,1,2,0,0,1,54,7,9,1,52,"777777777777","777777777777","777777777777",2,1
40,400271,2,2,2,3,7,4,57,12,2,1,0,6,2,85,884,85884,66,2015,"1XKYD49X8FJ4","1","X","K","Y","D","4","9","X","8","F","J","4",1,1,57,"2346847","572346847",3,6,1,1,0,0,0,0,0,0,0,998,0,0,0,12,6,2,2,0,0,1,1,6,93313,6,1,6,0,3,0,70,210,1,0,0,0,1,10,2011,2,2015,0,0,0,0,0,3,2,70,1,1,1,2,0,0,1,54,7,9,1,52,"888888888888","777777777777","777777777777",0,0
40,400272,1,1,4,20,6,21,28,42,0,1,0,40,2,20,481,20481,31,2003,"1GCEK19V23Z1","1","G","C","E","K","1","9","V","2","3","Z","1",1,1,0,"000000000","00000000000",0,0,0,1,0,0,0,0,0,0,0,998,0,0,0,12,6,2,42,0,0,0,1,40,74352,6,2,0,0,3,3,69,190,0,0,0,0,0,0,0,0,0,0,39,0,0,0,1,2,45,1,1,2,1,20,3,1,14,99,1,4,14,"888888888888","777777777777","777777777777",1,0
40,400273,1,2,1,10,3,7,21,12,2,1,0,40,2,53,706,53706,80,2013,"JS1GT78A5D21","J","S","1","G","T","7","8","A","5","D","2","1",0,0,0,"000000000","00000000000",0,0,0,1,0,0,0,0,0,0,0,998,0,0,0,12,6,2,12,0,0,0,1,40,73054,6,2,0,0,3,3,73,200,0,0,0,1,0,7,2015,7,2015,9,39,37,0,0,1,4,35,1,1,2,1,3,3,1,17,1,1,1,69,"777777777777","777777777777","777777777777",1,0
40,400273,2,2,1,10,3,7,21,12,2,1,0,40,1,37,32,37032,4,2010,"1HGCP3F86AA0","1","H","G","C","P","3","F","8","6","A","A","0",0,0,0,"000000000","00000000000",0,0,0,1,0,0,0,0,0,0,0,998,0,0,0,12,6,2,12,0,0,0,1,40,73012,6,1,0,0,3,0,74,185,0,0,0,0,0,0,0,0,0,0,0,0,0,0,1,4,45,1,1,2,1,3,3,11,62,1,1,1,68,"777777777777","777777777777","777777777777",0,0
40,400274,1,1,1,24,3,20,57,8,0,1,1,40,2,7,20,7020,4,2005,"1B3ES56C95D1","1","B","3","E","S","5","6","C","9","5","D","1",0,0,0,"000000000","00000000000",0,0,0,1,0,0,0,0,0,0,0,998,0,0,0,2,4,5,8,0,0,0,1,40,73054,6,2,0,0,3,0,72,155,0,0,0,0,0,0,0,0,0,0,0,0,0,0,1,2,65,1,1,2,1,0,0,1,80,1,1,1,13,"777777777777","777777777777","777777777777",0,0
40,400275,1,2,1,9,7,10,50,12,6,1,0,40,3,18,7,18007,4,2001,"2G4WS52J1112","2","G","4","W","S","5","2","J","1","1","1","2",0,0,0,"000000000","00000000000",0,0,0,1,0,0,0,0,0,0,0,998,0,0,0,11,6,2,12,0,0,0,1,40,73055,6,1,0,0,3,3,63,100,0,0,0,0,0,0,0,0,0,0,28,0,0,0,1,2,55,1,6,2,1,0,0,1,10,99,9,2,64,"777777777777","777777777777","777777777777",0,0
40,400275,2,2,1,9,7,10,50,12,6,1,0,40,1,13,5,13005,4,1999,"1LNHM82W9XY6","1","L","N","H","M","8","2","W","9","X","Y","6",0,0,0,"000000000","00000000000",0,0,0,1,0,0,0,0,0,0,0,998,0,0,0,11,6,2,12,0,0,0,1,40,73055,6,1,0,0,3,3,65,165,0,0,0,0,1,9,2013,9,2013,0,0,0,0,0,1,2,55,1,5,2,1,0,0,1,62,99,9,3,65,"777777777777","777777777777","777777777777",1,0
40,400276,1,2,1,5,6,15,48,12,2,1,0,40,1,49,472,49472,30,2014,"5TFJX4GN6EX0","5","T","F","J","X","4","G","N","6","E","X","0",0,0,0,"000000000","00000000000",0,0,0,1,0,0,0,0,0,0,0,998,0,0,0,12,6,2,12,0,0,0,1,40,74856,6,1,6,0,3,3,72,275,1,0,0,0,2,9,2011,11,2015,0,28,0,0,0,1,2,65,2,1,2,1,0,0,14,10,99,9,2,50,"777777777777","777777777777","777777777777",1,0
40,400276,2,2,3,5,6,15,48,12,2,1,0,40,1,12,481,12481,31,2001,"1FTNX21S41EA","1","F","T","N","X","2","1","S","4","1","E","A",0,0,0,"000000000","00000000000",0,0,0,1,0,0,0,0,0,0,0,998,0,0,0,12,6,2,12,0,0,0,1,40,74873,6,1,6,0,3,3,72,230,0,0,0,0,1,5,2015,5,2015,0,0,0,0,0,1,2,65,3,1,2,1,0,0,14,62,99,1,1,51,"777777777777","777777777777","777777777777",0,0
40,400277,1,2,1,16,6,21,8,12,1,1,0,40,1,12,481,12481,31,2006,"1FTRF12286NB","1","F","T","R","F","1","2","2","8","6","N","B",0,0,0,"000000000","00000000000",0,0,0,1,0,0,0,0,0,0,0,998,0,0,0,12,6,2,12,0,0,0,1,40,73048,6,1,0,0,3,0,66,250,0,0,0,0,0,0,0,0,0,4,0,0,0,0,3,4,70,1,1,1,1,40,3,1,52,99,1,1,28,"777777777777","777777777777","777777777777",1,0
40,400277,2,2,1,16,6,21,8,12,1,1,0,18,3,85,881,85881,66,2014,"1NKAA38XXEJ4","1","N","K","A","A","3","8","X","X","E","J","4",2,1,57,"21800","5721800",3,7,1,1,0,0,0,0,0,0,0,998,0,0,0,6,6,2,12,0,0,0,1,48,79119,6,1,6,1,3,3,999,999,0,0,0,1,0,10,2014,10,2014,0,0,0,0,0,3,4,70,1,1,1,1,40,3,2,53,1,1,1,29,"888888888888","888888888888","777777777777",0,0
40,400278,1,1,2,12,7,23,33,8,0,1,0,40,1,35,47,35047,4,2015,"1N4AL3AP0FC5","1","N","4","A","L","3","A","P","0","F","C","5",0,0,0,"000000000","00000000000",0,0,0,1,0,0,0,0,0,0,0,998,0,0,0,12,6,2,8,0,0,0,1,40,74554,6,1,0,0,3,3,66,120,0,0,0,0,0,0,0,0,0,0,0,0,0,0,2,2,65,1,6,1,1,0,0,1,80,1,1,1,13,"777777777777","777777777777","777777777777",0,0
40,400279,1,2,1,25,6,13,56,12,6,1,0,40,2,6,441,6441,20,2005,"2C4GP64L95R1","2","C","4","G","P","6","4","L","9","5","R","1",0,0,0,"000000000","00000000000",0,0,0,1,0,0,0,0,0,0,0,998,0,0,0,9,6,2,12,0,0,0,1,40,74342,6,1,0,0,3,0,68,130,0,0,0,0,1,5,2016,5,2016,0,38,0,0,0,1,2,55,1,1,2,1,0,0,4,17,1,1,1,89,"777777777777","777777777777","777777777777",1,0
40,400279,2,2,2,25,6,13,56,12,6,1,0,40,1,20,481,20481,31,2001,"1GCHK29UX1Z3","1","G","C","H","K","2","9","U","X","1","Z","3",0,0,0,"000000000","00000000000",0,0,0,1,0,0,0,0,0,0,0,998,0,0,0,12,6,2,12,0,0,0,1,40,74342,6,1,0,0,3,0,66,170,0,0,0,0,0,0,0,0,0,0,0,0,0,0,1,2,55,1,1,2,1,0,0,1,68,16,2,1,88,"777777777777","777777777777","777777777777",0,0
40,400280,1,1,1,7,7,99,99,30,0,1,0,20,1,37,705,37705,80,2009,"JH2PC40029K2","J","H","2","P","C","4","0","0","2","9","K","2",0,0,0,"000000000","00000000000",0,0,0,1,0,0,0,0,0,0,0,998,0,0,0,12,6,2,30,0,0,0,1,20,66442,6,1,0,0,3,0,71,165,0,0,0,1,1,5,2016,6,2016,4,0,0,0,0,1,2,55,3,1,2,1,0,0,1,13,99,1,4,1,"777777777777","777777777777","777777777777",1,0
40,400281,1,1,1,10,7,0,35,1,0,1,0,40,1,72,706,72706,80,1998,"1HD1BRL12WY0","1","H","D","1","B","R","L","1","2","W","Y","0",0,0,0,"000000000","00000000000",0,0,0,1,0,0,0,0,0,0,0,998,0,0,0,0,6,2,1,0,0,0,1,40,74350,6,1,0,0,3,0,72,185,0,0,0,0,1,1,2014,1,2014,4,0,0,0,0,1,2,65,3,1,2,1,0,0,1,13,16,5,4,2,"777777777777","777777777777","777777777777",1,1
40,400282,1,2,1,16,6,14,10,12,1,1,0,40,1,23,481,23481,31,1998,"1GTEC19M3WR5","1","G","T","E","C","1","9","M","3","W","R","5",0,0,0,"000000000","00000000000",0,0,0,1,0,0,0,0,0,0,0,998,0,0,0,12,6,2,12,0,0,0,1,40,74337,6,1,0,0,3,0,68,195,0,0,0,0,1,11,2014,11,2014,0,0,0,0,0,2,2,55,1,1,2,1,3,3,1,51,1,1,1,24,"777777777777","777777777777","777777777777",1,0
40,400282,2,2,1,16,6,14,10,12,1,1,0,48,3,7,880,7880,67,2016,"3C63RRGL3GG1","3","C","6","3","R","R","G","L","3","G","G","1",1,1,57,"2799044","572799044",2,4,3,1,0,0,0,0,0,0,0,998,0,0,0,6,6,2,12,0,0,0,1,48,76458,6,1,0,0,3,3,999,999,0,0,0,0,0,0,0,0,0,0,0,0,0,0,2,2,55,1,1,2,1,3,3,4,53,1,1,1,25,"888888888888","777777777777","777777777777",0,0
40,400283,1,1,1,28,6,0,47,34,0,1,0,40,2,12,17,12017,4,2004,"1FAFP55S34G1","1","F","A","F","P","5","5","S","3","4","G","1",0,0,0,"000000000","00000000000",0,0,0,1,0,0,0,0,0,0,0,998,0,0,0,10,6,2,30,0,0,0,1,40,73179,2,1,0,0,2,0,68,160,0,0,0,0,0,0,0,0,0,3,28,0,0,0,1,2,40,1,1,2,1,0,0,1,12,7,3,4,7,"777777777777","777777777777","777777777777",1,1
40,400284,1,2,3,14,6,22,10,12,7,1,0,48,2,49,403,49403,14,2005,"JTEEP21A4500","J","T","E","E","P","2","1","A","4","5","0","0",0,0,0,"000000000","00000000000",0,0,0,1,0,0,0,0,0,0,0,998,0,0,0,7,2,3,12,32,0,0,1,48,75007,6,1,0,0,3,0,999,999,0,0,0,1,0,8,2015,8,2015,0,0,0,0,0,1,2,45,1,6,2,1,0,0,1,53,1,1,1,45,"777777777777","777777777777","777777777777",0,0
40,400284,2,2,1,14,6,22,10,12,7,1,0,40,2,37,32,37032,4,2001,"1HGCG165X1A0","1","H","G","C","G","1","6","5","X","1","A","0",0,0,0,"000000000","00000000000",0,0,0,1,0,0,0,0,0,0,0,998,0,1,6,1,6,2,1,0,0,0,1,20,67212,6,1,0,0,3,0,67,143,0,1,0,0,1,3,2015,6,2015,0,0,0,0,0,1,2,45,1,6,2,1,0,0,6,51,1,1,3,46,"777777777777","777777777777","777777777777",1,1
40,400285,1,2,1,7,7,17,5,12,2,1,0,40,1,23,481,23481,31,2001,"2GTEK19T2111","2","G","T","E","K","1","9","T","2","1","1","1",0,0,0,"000000000","00000000000",0,0,0,1,0,0,0,0,0,0,0,998,0,0,0,12,6,2,12,0,0,0,1,40,74110,6,1,0,0,3,0,67,135,0,0,0,0,0,0,0,0,0,5,28,0,0,0,1,2,45,3,1,2,1,40,3,14,10,1,1,2,50,"777777777777","777777777777","777777777777",0,0
40,400285,2,2,1,7,7,17,5,12,2,1,0,40,1,35,50,35050,5,2016,"3N1CE2CP5GL3","3","N","1","C","E","2","C","P","5","G","L","3",0,0,0,"000000000","00000000000",0,0,0,1,0,0,0,0,0,0,0,998,0,0,0,12,6,2,12,0,0,0,1,40,74136,6,1,0,0,3,0,65,200,0,1,0,0,0,8,2014,8,2014,0,0,0,0,0,1,2,45,2,1,2,1,40,3,14,62,99,1,3,51,"777777777777","777777777777","777777777777",1,0
40,400286,1,1,2,10,7,1,28,38,0,1,0,40,2,23,401,23401,14,2002,"1GKDS13S5223","1","G","K","D","S","1","3","S","5","2","2","3",0,0,0,"000000000","00000000000",0,0,0,1,0,0,0,0,0,0,0,998,0,1,6,9,6,2,1,0,0,0,1,40,73660,6,1,6,0,3,3,78,265,0,0,0,0,0,0,0,0,0,0,0,0,0,0,1,2,55,1,1,4,1,0,0,1,6,1,3,4,2,"777777777777","777777777777","777777777777",1,1
40,400287,1,1,1,11,7,22,19,9,0,1,0,40,1,37,471,37471,30,2008,"2HJYK16428H5","2","H","J","Y","K","1","6","4","2","8","H","5",0,0,0,"000000000","00000000000",0,0,0,1,0,0,0,0,0,0,0,998,0,0,0,1,4,5,9,0,0,0,1,40,74006,6,1,0,0,3,0,70,175,0,0,0,2,0,9,2014,3,2015,0,0,0,0,0,1,5,45,1,1,1,1,0,0,1,83,1,1,1,13,"777777777777","777777777777","777777777777",0,0
40,400288,1,2,1,4,6,10,37,12,6,1,0,40,1,12,442,12442,20,2002,"2FMZA51442BA","2","F","M","Z","A","5","1","4","4","2","B","A",0,0,0,"000000000","00000000000",0,0,0,1,0,0,0,0,0,0,0,998,0,0,0,9,6,2,12,0,0,0,1,48,74556,3,1,0,0,2,3,999,999,0,0,0,0,0,0,0,0,0,0,38,0,0,0,2,2,55,1,1,2,1,20,3,1,17,99,1,1,89,"777777777777","777777777777","777777777777",1,0
40,400288,2,2,2,4,6,10,37,12,6,1,0,40,1,7,482,7482,31,2011,"1D7RB1GT0BS5","1","D","7","R","B","1","G","T","0","B","S","5",0,0,0,"000000000","00000000000",0,0,0,1,0,0,0,0,0,0,0,998,0,0,0,12,6,2,12,0,0,0,1,40,74525,6,1,6,0,3,3,71,205,0,0,0,0,0,0,0,0,0,0,0,0,0,0,2,2,55,1,1,2,1,0,0,1,68,1,1,1,88,"777777777777","777777777777","777777777777",0,0