"STATE","ST_CASE","VEH_NO","VE_FORMS","NUMOCCS","DAY","MONTH","HOUR","MINUTE","HARM_EV","MAN_COLL","UNITTYPE","HIT_RUN","REG_STAT","OWNER","MAKE","MODEL","MAK_MOD","BODY_TYP","MOD_YEAR","VIN","VIN_1","VIN_2","VIN_3","VIN_4","VIN_5","VIN_6","VIN_7","VIN_8","VIN_9","VIN_10","VIN_11","VIN_12","TOW_VEH","J_KNIFE","MCARR_I1","MCARR_I2","MCARR_ID","GVWR","V_CONFIG","CARGO_BT","HAZ_INV","HAZ_PLAC","HAZ_ID","HAZ_CNO","HAZ_REL","BUS_USE","SPEC_USE","EMER_USE","TRAV_SP","UNDERIDE","ROLLOVER","ROLINLOC","IMPACT1","DEFORMED","TOWED","M_HARM","VEH_SC1","VEH_SC2","FIRE_EXP","DR_PRES","L_STATE","DR_ZIP","L_STATUS","L_TYPE","CDL_STAT","L_ENDORS","L_COMPL","L_RESTRI","DR_HGT","DR_WGT","PREV_ACC","PREV_SUS","PREV_DWI","PREV_SPD","PREV_OTH","FIRST_MO","FIRST_YR","LAST_MO","LAST_YR","SPEEDREL","DR_SF1","DR_SF2","DR_SF3","DR_SF4","VTRAFWAY","VNUM_LAN","VSPD_LIM","VALIGN","VPROFILE","VPAVETYP","VSURCOND","VTRAFCON","VTCONT_F","P_CRASH1","P_CRASH2","P_CRASH3","PCRASH4","PCRASH5","ACC_TYPE","TRLR1VIN","TRLR2VIN","TRLR3VIN","DEATHS","DR_DRINK"
40,400326,2,2,1,2,8,15,46,12,6,1,0,20,2,12,481,12481,31,2014,"1FTEX1EM8EKD","1","F","T","E","X","1","E","M","8","E","K","D",0,0,0,"000000000","00000000000",0,0,0,1,0,0,0,0,0,0,0,998,0,1,1,4,6,2,1,0,0,0,1,20,67347,6,1,0,0,3,3,63,190,0,0,0,0,0,0,0,0,0,0,0,0,0,0,3,2,65,1,1,2,1,0,0,1,66,1,1,1,87,"777777777777","777777777777","777777777777",1,0
40,400327,1,2,2,9,8,7,4,12,6,1,0,40,2,63,37,63037,6,2012,"KNDJT2A66C73","K","N","D","J","T","2","A","6","6","C","7","3",0,0,0,"000000000","00000000000",0,0,0,1,0,0,0,0,0,0,0,998,0,0,0,1,6,2,12,0,0,0,1,40,74538,1,1,0,0,2,0,67,175,0,0,0,0,0,0,0,0,0,0,28,0,0,0,1,2,65,1,1,2,1,0,0,1,10,1,1,2,64,"777777777777","777777777777","777777777777",2,0
40,400327,2,2,1,9,8,7,4,12,6,1,0,40,1,12,481,12481,31,2000,"1FTZF1725YKA","1","F","T","Z","F","1","7","2","5","Y","K","A",0,0,0,"000000000","00000000000",0,0,0,1,0,0,0,0,0,0,0,998,0,0,0,1,6,2,12,0,0,0,1,40,74536,6,1,0,0,3,0,67,190,0,0,0,0,0,0,0,0,0,0,0,0,0,0,1,2,65,1,1,2,1,0,0,1,62,1,1,1,65,"777777777777","777777777777","777777777777",0,0
40,400328,1,2,1,9,8,8,56,12,2,1,0,40,1,2,407,2407,14,2008,"1J8FF28W48D6","1","J","8","F","F","2","8","W","4","8","D","6",0,0,0,"000000000","00000000000",0,0,0,1,0,0,0,0,0,0,0,998,0,0,0,12,6,2,12,0,0,0,1,40,73078,6,1,0,0,3,3,70,140,0,0,0,0,0,0,0,0,0,0,28,0,0,0,1,2,45,2,5,2,1,0,0,14,10,7,9,2,50,"777777777777","777777777777","777777777777",1,0
40,400328,2,2,1,9,8,8,56,12,2,1,0,40,1,7,482,7482,31,2004,"3D7KU28C54G1","3","D","7","K","U","2","8","C","5","4","G","1",0,0,0,"000000000","00000000000",0,0,0,1,0,0,0,0,0,0,0,998,0,0,0,12,6,2,12,0,0,0,1,40,73099,6,1,0,0,3,0,71,200,0,0,0,0,0,0,0,0,0,0,0,0,0,0,1,2,45,3,6,2,1,0,0,14,62,1,1,1,51,"777777777777","777777777777","777777777777",0,0
40,400329,1,1,4,11,8,10,5,35,0,1,0,40,1,49,53,49053,5,2013,"4T3ZK3BB1DU0","4","T","3","Z","K","3","B","B","1","D","U","0",0,0,0,"000000000","00000000000",0,0,0,1,0,0,0,0,0,0,0,998,0,0,0,12,6,2,35,0,0,0,1,40,73110,6,1,0,0,3,0,70,198,0,0,0,0,0,0,0,0,0,0,0,0,0,0,1,2,65,1,1,2,1,0,0,1,12,6,1,4,6,"777777777777","777777777777","777777777777",2,0
40,400330,1,3,3,21,3,23,19,12,2,1,0,40,1,12,461,12461,21,1995,"1FTEE14N7SHC","1","F","T","E","E","1","4","N","7","S","H","C",0,0,0,"000000000","00000000000",0,0,0,1,0,0,0,0,0,0,0,998,0,0,0,12,6,2,12,0,0,0,1,40,74804,1,1,0,0,2,0,70,165,0,0,0,4,0,3,2012,6,2014,0,28,0,0,0,1,2,65,1,1,1,1,0,0,1,10,1,1,2,50,"777777777777","777777777777","777777777777",3,0
40,400330,2,3,1,21,3,23,19,12,2,1,0,40,1,2,404,2404,14,2005,"1J4HR58245C5","1","J","4","H","R","5","8","2","4","5","C","5",0,0,0,"000000000","00000000000",0,0,0,1,0,0,0,0,0,0,0,998,0,0,0,12,6,2,12,0,0,0,1,40,73071,6,1,0,0,3,3,69,260,0,0,0,0,0,0,0,0,0,0,0,0,0,0,1,2,65,1,1,1,1,0,0,1,62,99,1,1,51,"777777777777","777777777777","777777777777",1,0
40,400330,3,3,1,21,3,23,19,12,2,1,0,40,2,37,32,37032,4,2008,"JHMCP26818C0","J","H","M","C","P","2","6","8","1","8","C","0",0,0,0,"000000000","00000000000",0,0,0,1,0,0,0,0,0,0,0,998,0,0,0,12,6,2,54,0,0,0,1,40,73160,6,1,0,0,3,0,67,125,0,0,0,1,0,4,2014,4,2014,0,0,0,0,0,1,2,65,1,1,1,1,0,0,1,98,1,1,1,98,"777777777777","777777777777","777777777777",0,0
40,400331,1,4,1,13,8,17,43,12,6,1,0,40,2,20,481,20481,31,2001,"1GCEC14T81Z2","1","G","C","E","C","1","4","T","8","1","Z","2",0,0,0,"000000000","00000000000",0,0,0,1,0,0,0,0,0,0,0,998,0,0,0,11,6,2,12,0,0,0,1,40,74872,6,1,0,0,3,0,64,287,0,0,0,0,0,0,0,0,0,0,28,0,0,0,1,2,65,1,1,2,1,0,0,1,10,1,1,2,64,"777777777777","777777777777","777777777777",1,0
40,400331,2,4,1,13,8,17,43,12,6,1,0,48,1,12,481,12481,31,2003,"1FTRW07L03KC","1","F","T","R","W","0","7","L","0","3","K","C",1,1,0,"000000000","00000000000",0,0,0,1,0,0,0,0,0,0,0,998,0,0,0,10,2,5,12,0,0,0,1,48,76248,6,1,0,0,3,0,999,999,0,0,0,0,0,0,0,0,0,0,0,0,0,0,1,2,65,1,1,2,1,0,0,1,62,1,1,1,65,"888888888888","777777777777","777777777777",0,0
40,400331,3,4,1,13,8,17,43,12,6,1,0,40,1,12,481,12481,31,2010,"1FTEW1C82AKE","1","F","T","E","W","1","C","8","2","A","K","E",0,0,0,"000000000","00000000000",0,0,0,1,0,0,0,0,0,0,0,998,0,1,5,11,6,2,12,0,0,0,1,40,74872,6,1,0,0,3,0,67,140,0,0,0,0,0,0,0,0,0,0,0,0,0,0,1,2,65,1,1,2,1,0,0,1,62,7,9,3,98,"777777777777","777777777777","777777777777",1,0
40,400331,4,4,3,13,8,17,43,12,6,1,0,40,1,12,402,12402,14,2013,"1FMCU0J93DUC","1","F","M","C","U","0","J","9","3","D","U","C",0,0,0,"000000000","00000000000",0,0,0,1,0,0,0,0,0,0,0,998,0,0,0,12,6,2,12,0,0,0,1,40,74801,6,1,0,0,3,0,66,150,0,0,0,0,0,0,0,0,0,0,0,0,0,0,1,2,65,1,1,2,1,0,0,1,66,1,1,1,98,"777777777777","777777777777","777777777777",0,0
40,400332,1,2,1,14,8,19,46,12,1,1,0,40,3,12,401,12401,14,2014,"1FM5K8GT1EGA","1","F","M","5","K","8","G","T","1","E","G","A",0,0,0,"000000000","00000000000",0,0,0,1,0,0,0,0,0,0,0,998,0,0,0,12,6,2,12,0,0,0,1,40,74016,6,1,0,0,3,0,71,160,0,0,0,2,0,10,2012,9,2014,0,0,0,0,0,1,2,65,1,1,2,1,0,0,1,50,1,1,1,20,"777777777777","777777777777","777777777777",0,0
40,400332,2,2,1,14,8,19,46,12,1,1,0,40,1,37,31,37031,4,2008,"1HGFA16508L0","1","H","G","F","A","1","6","5","0","8","L","0",0,0,0,"000000000","00000000000",0,0,0,1,0,0,0,0,0,0,0,0,0,0,0,6,6,2,12,0,0,0,1,40,74019,6,1,0,0,3,3,64,120,0,0,0,0,0,0,0,0,0,0,0,0,0,0,1,2,65,1,1,2,1,0,0,5,53,1,1,1,22,"777777777777","777777777777","777777777777",1,0
40,400333,1,1,1,14,8,99,99,42,0,1,0,40,1,20,481,20481,31,1995,"2GCEK19K1S11","2","G","C","E","K","1","9","K","1","S","1","1",0,0,0,"000000000","00000000000",0,0,0,1,0,0,0,0,0,0,0,998,0,0,0,12,6,2,42,0,0,0,1,40,74464,6,1,0,0,3,0,73,210,0,0,0,0,0,0,0,0,0,0,0,0,0,0,1,2,45,2,1,4,1,0,0,14,12,99,1,4,6,"777777777777","777777777777","777777777777",1,1
40,400334,1,2,1,11,6,10,40,12,6,1,0,40,3,82,870,82870,61,2005,"4UZAANCP85CV","4","U","Z","A","A","N","C","P","8","5","C","V",0,0,88,"888888888","88888888888",2,1,96,1,0,0,0,0,0,0,0,998,0,0,0,1,6,2,12,0,0,0,1,40,73132,6,1,0,0,3,0,69,170,0,0,0,0,0,0,0,0,0,0,38,0,0,0,1,2,50,1,1,2,1,20,3,1,17,1,1,1,87,"777777777777","777777777777","777777777777",1,0
40,400334,2,2,1,11,6,10,40,12,6,1,0,40,1,49,404,49404,14,2011,"JTEBU4BF7BK1","J","T","E","B","U","4","B","F","7","B","K","1",0,0,0,"000000000","00000000000",0,0,0,1,0,0,0,0,0,0,0,998,0,0,0,11,6,2,12,0,0,0,1,40,73080,6,1,0,0,3,0,63,120,0,0,0,0,0,0,0,0,0,0,0,0,0,0,1,4,55,1,1,2,1,0,0,1,66,16,1,1,86,"777777777777","777777777777","777777777777",0,0
40,400335,1,1,1,11,6,16,44,1,0,1,0,40,3,53,706,53706,80,2005,"JS1VY52A5521","J","S","1","V","Y","5","2","A","5","5","2","1",0,0,0,"000000000","00000000000",0,0,0,1,0,0,0,0,0,0,0,998,0,0,0,0,6,2,1,0,0,0,1,40,74738,6,1,0,0,2,0,69,170,0,0,0,0,0,0,0,0,0,0,0,0,0,0,2,2,65,2,1,2,1,0,0,14,12,99,1,4,6,"777777777777","777777777777","777777777777",1,0
40,400336,1,1,1,12,8,17,35,58,0,1,0,40,2,23,8,23008,6,2011,"1GKKRRED7BJ1","1","G","K","K","R","R","E","D","7","B","J","1",0,0,0,"000000000","00000000000",0,0,0,1,0,0,0,0,0,0,0,998,0,1,5,12,6,2,42,0,0,0,1,20,67901,6,1,0,0,3,0,67,180,0,0,1,0,0,8,2011,8,2011,5,37,0,0,0,1,2,55,1,1,2,1,0,0,1,6,1,1,1,15,"777777777777","777777777777","777777777777",1,1
40,400337,1,1,2,13,8,1,40,44,0,1,0,40,1,37,706,37706,80,2003,"1HFSC46093A1","1","H","F","S","C","4","6","0","9","3","A","1",0,0,0,"000000000","00000000000",0,0,0,1,0,0,0,0,0,0,0,998,0,0,0,0,4,3,1,35,0,0,1,40,74126,6,1,6,0,3,3,70,270,0,0,0,0,1,7,2012,7,2012,0,0,0,0,0,1,2,45,1,6,2,1,0,0,1,98,7,9,4,0,"777777777777","777777777777","777777777777",1,0
40,400338,1,1,2,14,8,5,54,1,0,1,0,40,1,12,481,12481,31,1997,"1FTDF0867VKA","1","F","T","D","F","0","8","6","7","V","K","A",0,0,0,"000000000","00000000000",0,0,0,1,0,0,0,0,0,0,0,998,0,1,5,0,6,2,42,0,0,0,1,40,74133,6,1,0,0,3,3,69,215,0,0,0,0,0,0,0,0,0,4,58,28,0,0,1,2,65,3,6,2,1,0,0,1,13,6,4,4,7,"777777777777","777777777777","777777777777",1,0
40,400339,1,1,1,15,8,0,25,9,0,1,0,40,3,82,881,82881,66,2016,"3AKJGLD58GSH","3","A","K","J","G","L","D","5","8","G","S","H",1,1,57,"597240","57597240",3,6,3,1,0,0,0,0,0,0,0,998,0,0,0,1,2,5,9,0,0,0,1,40,74631,6,1,6,0,3,0,70,225,0,0,0,0,0,0,0,0,0,0,0,0,0,0,3,2,65,1,1,1,1,0,0,1,13,1,1,4,13,"888888888888","777777777777","777777777777",0,0
40,400340,1,1,1,20,8,0,0,8,0,1,1,99,9,99,999,99999,99,9999,"999999999999","9","9","9","9","9","9","9","9","9","9","9","9",0,0,0,"000000000","00000000000",0,0,0,1,0,0,0,0,0,0,0,998,0,0,0,99,9,5,8,0,0,0,1,99,99999,9,9,99,9,9,9,999,999,99,99,99,99,99,99,9999,99,9999,9,99,99,99,99,2,2,65,1,1,2,2,0,0,99,99,99,9,9,13,"777777777777","777777777777","777777777777",0,0
40,400341,1,1,2,5,7,13,18,58,0,1,0,40,1,19,23,19023,4,2016,"2G61N5S39G91","2","G","6","1","N","5","S","3","9","G","9","1",0,0,0,"000000000","00000000000",0,0,0,1,0,0,0,0,0,0,0,998,0,0,0,1,6,2,24,0,0,0,1,40,74464,6,1,0,0,3,0,70,150,0,0,0,0,0,0,0,0,0,0,0,0,0,0,1,2,45,1,6,2,1,20,3,1,98,99,1,1,98,"777777777777","777777777777","777777777777",1,0
40,400342,1,2,6,4,8,21,8,12,6,1,0,39,1,12,461,12461,21,2013,"1FBSS3BL7DDA","1","F","B","S","S","3","B","L","7","D","D","A",0,0,0,"000000000","00000000000",0,0,0,1,0,0,0,0,0,0,0,998,0,1,1,12,6,2,12,0,0,0,1,39,43821,6,1,6,0,3,0,78,300,0,0,0,0,0,0,0,0,0,0,99,99,99,99,1,2,55,1,1,5,1,0,0,1,17,99,1,1,86,"777777777777","777777777777","777777777777",1,0
40,400342,2,2,1,4,8,21,8,12,6,1,0,93,3,87,884,87884,66,2007,"1XP5DB9X37D6","1","X","P","5","D","B","9","X","3","7","D","6",1,1,57,"2268456","572268456",3,6,8,1,0,0,0,0,0,0,0,998,0,1,5,3,6,2,12,0,0,0,1,48,75661,6,1,6,0,3,3,999,999,0,7,0,1,0,9,2012,7,2016,0,0,0,0,0,1,2,55,1,1,5,1,0,0,1,66,99,1,1,87,"888888888888","777777777777","777777777777",0,0
40,400343,1,2,1,10,8,21,21,12,6,1,0,40,2,20,481,20481,31,2003,"1GCEK19T33Z1","1","G","C","E","K","1","9","T","3","3","Z","1",0,0,0,"000000000","00000000000",0,0,0,1,0,0,0,0,0,0,0,998,0,1,1,12,6,2,12,0,0,0,1,40,74834,6,1,0,0,3,0,72,225,0,1,0,2,2,5,2012,7,2015,0,28,0,0,0,1,2,65,1,1,2,1,0,0,1,10,1,1,2,64,"777777777777","777777777777","777777777777",0,1
40,400343,2,2,1,10,8,21,21,12,6,1,0,40,1,49,401,49401,14,1998,"JT3GN86R3W00","J","T","3","G","N","8","6","R","3","W","0","0",0,0,0,"000000000","00000000000",0,0,0,1,0,0,0,0,0,0,0,998,0,0,0,11,6,2,12,0,0,0,1,48,77378,6,1,0,0,3,0,999,999,0,0,0,0,0,0,0,0,0,0,0,0,0,0,1,2,65,1,1,2,1,0,0,1,62,16,2,1,65,"777777777777","777777777777","777777777777",1,0
40,400344,1,2,1,21,7,6,41,12,6,1,0,40,1,20,473,20473,30,2005,"1GCCS1488581","1","G","C","C","S","1","4","8","8","5","8","1",0,0,0,"000000000","00000000000",0,0,0,1,0,0,0,0,0,0,0,998,0,0,0,12,6,2,12,0,0,0,1,40,74048,6,1,6,0,3,3,71,220,0,0,0,0,0,0,0,0,0,0,28,0,0,0,1,2,65,1,1,2,1,0,0,1,10,1,1,2,64,"777777777777","777777777777","777777777777",1,0
40,400344,2,2,1,21,7,6,41,12,6,1,0,40,3,82,881,82881,66,2012,"1FUJGEDR4CSB","1","F","U","J","G","E","D","R","4","C","S","B",1,1,57,"2041486","572041486",3,6,3,1,0,0,0,0,0,0,0,998,0,1,5,8,6,2,12,0,0,0,1,40,74115,6,1,6,0,3,0,71,203,0,0,0,0,0,0,0,0,0,0,0,0,0,0,1,2,65,1,1,2,1,0,0,1,62,7,1,4,65,"888888888888","777777777777","777777777777",0,0
40,400345,1,1,1,3,8,12,49,53,0,1,0,40,1,20,24,20024,6,2009,"1GNER13D89S1","1","G","N","E","R","1","3","D","8","9","S","1",0,0,0,"000000000","00000000000",0,0,0,1,0,0,0,0,0,0,0,998,0,0,0,12,6,2,42,0,0,0,1,40,74036,6,1,0,0,3,3,64,125,0,0,0,0,0,0,0,0,0,5,0,0,0,0,2,2,65,1,1,1,1,0,0,1,13,99,3,4,2,"777777777777","777777777777","777777777777",1,0
40,400346,1,1,1,9,8,16,30,31,0,1,0,40,1,23,481,23481,31,2001,"1GTEC14W91Z1","1","G","T","E","C","1","4","W","9","1","Z","1",0,0,0,"000000000","00000000000",0,0,0,1,0,0,0,0,0,0,0,998,0,1,6,12,6,2,1,0,0,0,1,40,74834,0,0,0,0,0,0,999,999,0,0,0,0,0,0,0,0,0,0,0,0,0,0,1,2,65,1,1,2,1,0,0,1,13,99,5,4,2,"777777777777","777777777777","777777777777",1,1
40,400347,1,2,1,10,8,6,10,12,6,1,0,6,1,12,24,12024,6,2011,"2FMDK3KC8BBA","2","F","M","D","K","3","K","C","8","B","B","A",0,0,0,"000000000","00000000000",0,0,0,1,0,0,0,0,0,0,0,998,0,0,0,3,6,2,12,0,0,0,1,6,92395,1,1,0,0,2,0,999,999,0,0,0,0,0,0,0,0,0,0,38,0,0,0,2,4,70,1,1,2,1,21,3,11,15,1,1,1,68,"777777777777","777777777777","777777777777",1,0
40,400347,2,2,1,10,8,6,10,12,6,1,0,40,3,85,881,85881,66,1995,"1XKADB9XXSR6","1","X","K","A","D","B","9","X","X","S","R","6",1,1,57,"1751060","571751060",3,6,4,1,0,0,0,0,0,0,0,998,0,0,0,12,6,2,12,0,0,0,1,40,73115,6,1,6,0,3,0,67,160,0,0,0,0,0,0,0,0,0,0,0,0,0,0,2,4,70,1,6,2,1,0,0,1,62,1,1,1,69,"888888888888","777777777777","777777777777",0,0
40,400348,1,2,1,18,8,15,7,12,6,1,0,40,2,21,401,21401,14,1999,"1GHDT13WXX27","1","G","H","D","T","1","3","W","X","X","2","7",0,0,0,"000000000","00000000000",0,0,0,1,0,0,0,0,0,0,0,998,0,0,0,11,6,2,12,0,0,0,1,40,73701,2,1,0,0,2,3,63,140,0,0,0,0,0,0,0,0,0,0,28,0,0,0,1,2,65,1,1,2,1,0,0,1,10,99,1,4,64,"777777777777","777777777777","777777777777",0,0
40,400348,2,2,1,18,8,15,7,12,6,1,0,40,2,12,37,12037,4,2008,"1FAHP35N88W2","1","F","A","H","P","3","5","N","8","8","W","2",0,0,0,"000000000","00000000000",0,0,0,1,0,0,0,0,0,0,0,998,0,0,0,11,6,2,12,0,0,0,1,40,73701,6,1,0,0,3,0,67,290,0,0,0,0,0,0,0,0,0,0,0,0,0,0,1,2,65,1,1,2,1,0,0,1,62,9,2,4,65,"777777777777","777777777777","777777777777",1,0
40,400349,1,1,1,21,8,12,12,42,0,1,0,40,1,98,706,98706,80,1997,"ZGUKFAKF2VM1","Z","G","U","K","F","A","K","F","2","V","M","1",0,0,0,"000000000","00000000000",0,0,0,1,0,0,0,0,0,0,0,998,0,0,0,12,6,2,42,0,0,0,1,40,73132,6,1,0,0,3,3,72,140,0,0,0,0,0,0,0,0,0,4,28,0,0,0,1,2,55,2,6,2,1,0,0,1,12,1,1,4,6,"777777777777","777777777777","777777777777",1,0
40,400350,1,1,2,24,8,15,34,38,0,1,0,40,2,12,3,12003,2,2012,"1ZVBP8CF4C52","1","Z","V","B","P","8","C","F","4","C","5","2",0,0,0,"000000000","00000000000",0,0,0,1,0,0,0,0,0,0,0,998,0,1,6,9,6,2,1,0,0,0,1,40,74020,6,1,0,0,3,0,68,130,0,0,0,0,0,0,0,0,0,3,28,0,0,0,1,2,40,2,1,2,1,0,0,1,12,99,5,4,7,"777777777777","777777777777","777777777777",1,1
40,400351,1,2,1,7,7,11,10,12,7,1,0,40,3,82,884,82884,66,1995,"1FUYDXYB9SP6","1","F","U","Y","D","X","Y","B","9","S","P","6",1,1,57,"269808","57269808",3,6,1,1,0,0,0,0,0,0,0,998,0,0,0,11,2,5,12,0,0,0,1,40,74038,6,1,6,0,3,3,72,200,0,0,0,0,0,0,0,0,0,0,27,0,0,0,3,3,65,3,5,1,1,98,3,15,10,1,1,2,47,"888888888888","777777777777","777777777777",0,0
40,400351,2,2,2,7,7,11,10,12,7,1,0,40,1,7,880,7880,67,2002,"3B7MC33602M2","3","B","7","M","C","3","3","6","0","2","M","2",1,1,88,"888888888","88888888888",2,4,3,1,0,0,0,0,0,0,0,998,0,1,5,5,6,2,1,0,0,0,1,40,74085,6,1,0,0,3,3,66,120,0,0,0,0,0,0,0,0,0,0,0,0,0,0,3,3,65,3,5,1,1,98,3,14,61,1,1,1,45,"888888888888","777777777777","777777777777",1,0
40,400352,1,2,1,17,8,11,32,12,2,1,0,40,3,20,401,20401,14,2004,"1GNDS13S2423","1","G","N","D","S","1","3","S","2","4","2","3",0,0,0,"000000000","00000000000",0,0,0,1,0,0,0,0,0,0,0,998,0,0,0,12,6,2,12,0,0,0,1,40,74033,6,1,0,0,3,0,70,215,0,0,0,0,0,0,0,0,0,0,28,0,0,0,1,4,35,1,5,2,1,0,0,1,10,1,1,2,50,"777777777777","777777777777","777777777777",1,0
40,400352,2,2,1,17,8,11,32,12,2,1,0,40,3,7,482,7482,31,2006,"1D7KS28C06J2","1","D","7","K","S","2","8","C","0","6","J","2",0,0,0,"000000000","00000000000",0,0,0,1,0,0,0,0,0,0,0,998,0,0,0,12,6,2,12,0,0,0,1,40,74047,6,1,6,0,3,0,73,229,0,0,0,2,2,4,2012,7,2015,0,0,0,0,0,1,4,35,1,6,2,1,0,0,1,62,1,1,1,51,"777777777777","777777777777","777777777777",0,0
40,400353,1,1,1,25,8,4,1,8,0,1,0,40,3,82,881,82881,66,2000,"1FUY3MDB2YDF","1","F","U","Y","3","M","D","B","2","Y","D","F",1,1,57,"2150536","572150536",3,6,2,1,0,0,0,0,0,0,0,998,0,0,0,1,2,5,8,0,0,0,1,20,67124,6,1,6,2,3,3,74,285,0,0,0,0,0,0,0,0,0,0,0,0,0,0,3,3,65,2,1,1,1,0,0,14,80,6,9,3,13,"888888888888","777777777777","777777777777",0,0
40,400354,1,2,2,26,8,6,22,12,6,1,0,40,2,55,35,55035,4,2012,"5NPDH4AE5CH0","5","N","P","D","H","4","A","E","5","C","H","0",0,0,0,"000000000","00000000000",0,0,0,1,0,0,0,0,0,0,0,998,0,1,1,9,6,2,12,0,0,0,1,40,73099,6,2,0,0,3,3,72,195,0,0,0,0,0,0,0,0,0,0,38,0,0,0,1,2,45,1,1,2,1,20,3,4,17,1,1,1,89,"777777777777","777777777777","777777777777",1,0
40,400354,2,2,1,26,8,6,22,12,6,1,0,40,3,84,884,84884,66,2001,"2HSCEAMR91C0","2","H","S","C","E","A","M","R","9","1","C","0",1,1,57,"1820652","571820652",3,6,4,1,0,0,0,0,0,0,0,998,0,0,0,1,2,5,12,0,0,0,1,48,73108,6,1,6,0,3,3,999,999,0,3,0,0,1,2,2013,9,2015,0,0,0,0,0,1,2,45,1,1,2,1,4,3,1,66,16,2,1,88,"888888888888","777777777777","777777777777",0,0
40,400355,1,1,2,21,8,1,17,42,0,1,0,40,1,7,27,7027,6,2014,"3C4PDCBB6ET2","3","C","4","P","D","C","B","B","6","E","T","2",0,0,0,"000000000","00000000000",0,0,0,1,0,0,0,0,0,0,0,998,0,1,5,12,6,2,42,0,0,0,1,40,74432,6,1,0,0,3,3,74,230,0,0,0,0,0,0,0,0,0,4,28,0,0,0,1,2,55,2,1,2,1,40,3,1,9,99,9,4,7,"777777777777","777777777777","777777777777",2,1
40,400356,1,2,1,22,8,6,1,12,2,1,0,40,3,20,481,20481,31,2007,"1GCEK14C07Z5","1","G","C","E","K","1","4","C","0","7","Z","5",0,0,0,"000000000","00000000000",0,0,0,1,0,0,0,0,0,0,0,998,0,0,0,12,6,2,12,0,0,0,1,40,73703,6,1,6,0,3,3,70,218,0,0,0,0,0,0,0,0,0,0,28,0,0,0,1,2,65,1,6,2,1,0,0,1,10,1,1,2,50,"777777777777","777777777777","777777777777",0,0
40,400356,2,2,1,22,8,6,1,12,2,1,0,40,2,37,705,37705,80,1985,"JH2RC2109FM1","J","H","2","R","C","2","1","0","9","F","M","1",0,0,0,"000000000","00000000000",0,0,0,1,0,0,0,0,0,0,0,998,0,0,0,12,6,2,12,0,0,0,1,40,73018,6,1,0,0,2,3,71,220,0,0,0,0,0,0,0,0,0,0,0,0,0,0,1,2,65,1,5,2,1,0,0,1,62,1,1,1,51,"777777777777","777777777777","777777777777",1,0
40,400357,1,1,1,23,8,17,38,1,0,1,0,40,1,77,706,77706,80,2007,"5VPCB26D0730","5","V","P","C","B","2","6","D","0","7","3","0",0,0,0,"000000000","00000000000",0,0,0,1,0,0,0,0,0,0,0,998,0,0,0,0,6,2,1,0,0,0,1,40,73159,6,1,0,0,2,0,68,200,0,0,0,0,0,0,0,0,0,4,0,0,0,0,1,2,65,3,1,2,1,0,0,14,13,99,1,4,1,"777777777777","777777777777","777777777777",1,0
40,400358,1,1,1,26,8,19,25,35,0,1,0,48,2,59,404,59404,14,2015,"JTJBM7FXXF51","J","T","J","B","M","7","F","X","X","F","5","1",0,0,0,"000000000","00000000000",0,0,0,1,0,0,0,0,0,0,0,998,0,1,5,9,6,2,8,0,0,0,1,40,73179,6,1,6,0,3,3,69,175,0,0,0,1,1,5,2014,5,2014,0,0,0,0,0,3,3,70,1,6,1,2,0,0,1,13,99,9,4,1,"777777777777","777777777777","777777777777",0,0
40,400359,1,1,1,28,6,16,21,1,0,1,0,40,1,72,706,72706,80,1988,"1HD1DJL3XJY5","1","H","D","1","D","J","L","3","X","J","Y","5",0,0,0,"000000000","00000000000",0,0,0,1,0,0,0,0,0,0,0,998,0,0,0,0,4,3,1,0,0,0,1,40,74467,6,1,6,0,3,3,71,210,0,0,0,0,0,0,0,0,0,3,28,0,0,0,1,2,45,1,6,2,1,0,0,1,10,99,9,2,98,"777777777777","777777777777","777777777777",1,0
40,400360,1,1,1,28,8,4,48,42,0,1,0,40,1,20,481,20481,31,1998,"1GCGC29R7WE2","1","G","C","G","C","2","9","R","7","W","E","2",0,0,0,"000000000","00000000000",0,0,0,1,0,0,0,0,0,0,0,998,0,0,0,12,6,2,42,0,0,0,1,40,74344,6,1,0,0,3,3,76,250,0,0,0,0,0,0,0,0,0,3,28,0,0,0,1,2,35,1,6,2,1,0,0,1,12,99,9,4,6,"777777777777","777777777777","777777777777",1,1
40,400361,1,2,2,12,7,13,55,12,6,1,0,40,2,55,35,55035,4,2012,"5NPDH4AE8CH0","5","N","P","D","H","4","A","E","8","C","H","0",0,0,0,"000000000","00000000000",0,0,0,1,0,0,0,0,0,0,0,998,0,0,0,9,6,2,12,0,0,0,1,40,73108,6,1,0,0,3,0,66,160,0,0,0,0,0,0,0,0,0,0,38,0,0,0,1,2,45,1,1,2,1,20,3,11,15,99,1,1,82,"777777777777","777777777777","777777777777",1,0
40,400361,2,2,1,12,7,13,55,12,6,1,0,40,1,12,481,12481,31,2012,"1FT7W2BT3CEC","1","F","T","7","W","2","B","T","3","C","E","C",0,0,0,"000000000","00000000000",0,0,0,1,0,0,0,0,0,0,0,998,0,0,0,12,6,2,12,0,0,0,1,40,73724,6,1,0,0,3,0,70,180,0,0,0,0,0,0,0,0,0,0,0,0,0,0,1,2,45,1,1,2,1,0,0,1,67,99,1,1,83,"777777777777","777777777777","777777777777",0,0