"STATE","ST_CASE","VEH_NO","VE_FORMS","NUMOCCS","DAY","MONTH","HOUR","MINUTE","HARM_EV","MAN_COLL","UNITTYPE","HIT_RUN","REG_STAT","OWNER","MAKE","MODEL","MAK_MOD","BODY_TYP","MOD_YEAR","VIN","VIN_1","VIN_2","VIN_3","VIN_4","VIN_5","VIN_6","VIN_7","VIN_8","VIN_9","VIN_10","VIN_11","VIN_12","TOW_VEH","J_KNIFE","MCARR_I1","MCARR_I2","MCARR_ID","GVWR","V_CONFIG","CARGO_BT","HAZ_INV","HAZ_PLAC","HAZ_ID","HAZ_CNO","HAZ_REL","BUS_USE","SPEC_USE","EMER_USE","TRAV_SP","UNDERIDE","ROLLOVER","ROLINLOC","IMPACT1","DEFORMED","TOWED","M_HARM","VEH_SC1","VEH_SC2","FIRE_EXP","DR_PRES","L_STATE","DR_ZIP","L_STATUS","L_TYPE","CDL_STAT","L_ENDORS","L_COMPL","L_RESTRI","DR_HGT","DR_WGT","PREV_ACC","PREV_SUS","PREV_DWI","PREV_SPD","PREV_OTH","FIRST_MO","FIRST_YR","LAST_MO","LAST_YR","SPEEDREL","DR_SF1","DR_SF2","DR_SF3","DR_SF4","VTRAFWAY","VNUM_LAN","VSPD_LIM","VALIGN","VPROFILE","VPAVETYP","VSURCOND","VTRAFCON","VTCONT_F","P_CRASH1","P_CRASH2","P_CRASH3","PCRASH4","PCRASH5","ACC_TYPE","TRLR1VIN","TRLR2VIN","TRLR3VIN","DEATHS","DR_DRINK"
40,400405,2,2,1,24,8,15,57,21,0,1,0,40,1,7,482,7482,31,2016,"1C6RR7NT1GS2","1","C","6","R","R","7","N","T","1","G","S","2",0,0,0,"000000000","00000000000",0,0,0,1,0,0,0,0,0,0,0,998,0,0,0,10,4,5,54,0,0,0,1,40,74748,6,1,0,0,3,0,66,123,0,0,0,0,0,0,0,0,0,0,0,0,0,0,1,2,55,1,5,1,1,0,0,1,98,1,1,1,98,"777777777777","777777777777","777777777777",0,0
40,400406,1,1,2,20,8,4,24,8,0,1,0,40,1,12,402,12402,14,2005,"1FMYU03115KA","1","F","M","Y","U","0","3","1","1","5","K","A",0,0,0,"000000000","00000000000",0,0,0,1,0,0,0,0,0,0,0,998,0,0,0,1,4,3,8,0,0,0,1,40,74012,6,1,0,0,3,3,68,168,0,0,0,2,2,5,2012,7,2016,0,99,99,99,99,3,3,60,1,1,1,2,0,0,1,80,6,9,9,13,"777777777777","777777777777","777777777777",0,1
40,400407,1,2,1,4,9,11,27,12,2,1,0,40,1,18,3,18003,4,2002,"1G4CW54K3242","1","G","4","C","W","5","4","K","3","2","4","2",0,0,0,"000000000","00000000000",0,0,0,1,0,0,0,0,0,0,0,998,0,0,0,12,6,2,12,0,0,0,1,40,74464,6,1,0,0,3,3,71,260,0,0,0,0,0,0,0,0,0,0,28,0,0,0,1,2,65,1,1,2,1,0,0,1,10,1,1,2,50,"777777777777","777777777777","777777777777",1,0
40,400407,2,2,7,4,9,11,27,12,2,1,0,40,1,7,422,7422,15,2011,"1D4SE5GT3BC5","1","D","4","S","E","5","G","T","3","B","C","5",0,0,0,"000000000","00000000000",0,0,0,1,0,0,0,0,0,0,0,998,0,0,0,12,6,2,12,0,0,0,1,35,73099,6,1,0,0,3,0,66,165,98,0,0,1,0,11,2015,11,2015,0,0,0,0,0,1,2,65,3,1,2,1,0,0,14,62,16,2,1,51,"777777777777","777777777777","777777777777",0,0
40,400408,1,2,2,5,9,18,41,12,6,1,0,40,1,20,481,20481,31,2011,"3GCPKTE36BG1","3","G","C","P","K","T","E","3","6","B","G","1",0,0,0,"000000000","00000000000",0,0,0,1,0,0,0,0,0,0,0,998,0,0,0,9,6,2,12,0,0,0,1,40,73601,6,1,0,0,3,0,73,190,0,0,0,0,0,0,0,0,0,0,38,0,0,0,2,2,35,1,1,2,1,20,3,1,17,1,1,1,89,"777777777777","777777777777","777777777777",1,0
40,400408,2,2,4,5,9,18,41,12,6,1,0,48,1,7,482,7482,31,2009,"3D7KS28L79G5","3","D","7","K","S","2","8","L","7","9","G","5",0,0,0,"000000000","00000000000",0,0,0,1,0,0,0,0,0,0,0,998,0,1,5,12,6,2,12,0,0,0,1,48,79007,6,1,0,0,3,3,999,999,0,0,0,0,0,0,0,0,0,0,0,0,0,0,2,2,65,1,1,2,1,4,3,1,66,1,1,1,88,"777777777777","777777777777","777777777777",1,0
40,400409,1,1,1,19,9,19,6,7,0,1,0,40,1,76,706,76706,80,2009,"JYAVP27E79A0","J","Y","A","V","P","2","7","E","7","9","A","0",0,0,0,"000000000","00000000000",0,0,0,1,0,0,0,0,0,0,0,998,0,0,0,0,6,2,1,0,0,0,1,40,74851,6,1,0,0,3,0,70,195,0,0,0,0,0,0,0,0,0,0,0,0,0,0,2,4,65,1,1,2,1,0,0,1,98,1,9,1,0,"777777777777","777777777777","777777777777",1,0
40,400410,1,2,1,19,9,9,40,12,6,1,0,48,1,20,481,20481,31,2013,"3GCPCSE07DG2","3","G","C","P","C","S","E","0","7","D","G","2",0,0,0,"000000000","00000000000",0,0,0,1,0,0,0,0,0,0,0,998,0,0,0,9,6,2,12,0,0,0,1,48,75462,6,1,0,0,3,3,999,999,0,0,0,0,0,0,0,0,0,0,38,0,0,0,1,2,65,1,1,2,1,20,3,11,15,1,1,1,82,"777777777777","777777777777","777777777777",1,0
40,400410,2,2,2,19,9,9,40,12,6,1,0,40,3,82,881,82881,66,2017,"3ALXFBCG2HDJ","3","A","L","X","F","B","C","G","2","H","D","J",1,1,57,"1202784","571202784",3,6,2,2,2,1203,3,2,0,0,0,998,0,1,5,12,6,2,1,0,0,0,1,40,74701,6,1,6,1,3,3,68,200,0,0,0,0,0,0,0,0,0,0,0,0,0,0,1,2,65,1,1,2,1,0,0,1,67,8,9,3,83,"888888888888","777777777777","777777777777",0,0
40,400411,1,1,1,31,8,20,26,8,0,1,0,48,1,20,421,20421,15,2002,"1GNEK13Z62R2","1","G","N","E","K","1","3","Z","6","2","R","2",0,0,0,"000000000","00000000000",0,0,0,1,0,0,0,0,0,0,0,998,0,0,0,1,6,2,8,0,0,0,1,48,75420,6,1,0,0,3,3,999,999,0,0,0,0,0,0,0,0,0,0,0,0,0,0,3,2,70,1,1,1,1,0,0,1,80,1,1,1,13,"777777777777","777777777777","777777777777",0,1
40,400412,1,1,2,23,9,22,18,5,0,1,0,48,1,20,481,20481,31,1999,"2GCEC19T5X11","2","G","C","E","C","1","9","T","5","X","1","1",0,0,0,"000000000","00000000000",0,0,0,1,0,0,0,0,0,0,0,998,0,0,0,0,0,5,5,0,0,0,1,40,73562,6,1,0,0,3,3,72,200,0,0,0,2,0,1,2014,2,2014,0,99,99,99,99,1,2,65,1,5,2,1,0,0,1,98,1,1,1,0,"777777777777","777777777777","777777777777",1,0
40,400413,1,1,1,30,9,11,25,8,0,1,0,40,1,7,481,7481,31,1993,"3B7KE23C4PM1","3","B","7","K","E","2","3","C","4","P","M","1",0,0,0,"000000000","00000000000",0,0,0,1,0,0,0,0,0,0,0,998,0,0,0,1,4,3,8,0,0,0,1,28,39745,6,1,0,0,3,3,67,190,98,0,0,0,0,0,0,0,0,0,0,0,0,0,1,2,70,1,1,2,1,0,0,1,80,98,1,1,13,"777777777777","777777777777","777777777777",0,0
40,400414,1,1,2,17,5,0,12,8,0,1,0,40,1,12,481,12481,31,1997,"2FTEX07L7VCA","2","F","T","E","X","0","7","L","7","V","C","A",0,0,0,"000000000","00000000000",0,0,0,1,0,0,0,0,0,0,0,998,0,0,0,12,4,3,8,0,0,0,1,40,73018,6,1,0,0,3,3,66,135,0,0,0,1,0,1,2016,1,2016,0,0,0,0,0,2,2,70,1,1,1,1,0,0,15,80,1,1,1,13,"777777777777","777777777777","777777777777",0,0
40,400415,1,1,1,8,5,0,30,8,0,1,0,40,1,77,706,77706,80,2011,"5VPGB36N9B30","5","V","P","G","B","3","6","N","9","B","3","0",0,0,0,"000000000","00000000000",0,0,0,1,0,0,0,0,0,0,0,998,0,0,0,12,6,2,8,0,0,0,1,40,73031,6,1,0,0,3,3,69,210,0,0,0,0,0,0,0,0,0,0,0,0,0,0,1,2,65,1,6,2,1,0,0,2,80,99,9,9,13,"777777777777","777777777777","777777777777",0,1
40,400416,1,2,2,26,9,7,51,12,6,1,0,40,2,18,24,18024,6,2008,"5GAER23718J2","5","G","A","E","R","2","3","7","1","8","J","2",0,0,0,"000000000","00000000000",0,0,0,1,0,0,0,0,0,0,0,998,0,0,0,11,6,2,12,0,0,0,1,40,74464,6,1,0,0,3,0,69,220,0,0,0,0,0,0,0,0,0,0,38,0,0,0,1,2,25,1,5,1,1,20,3,11,15,1,1,1,82,"777777777777","777777777777","777777777777",0,0
40,400416,2,2,1,26,9,7,51,12,6,1,0,40,1,73,706,73706,80,2001,"JKBVNAR171A0","J","K","B","V","N","A","R","1","7","1","A","0",0,0,0,"000000000","00000000000",0,0,0,1,0,0,0,0,0,0,0,998,0,0,0,12,6,2,12,0,0,0,1,40,74427,6,1,6,0,3,0,71,210,0,0,0,0,0,0,0,0,0,0,0,0,0,0,1,4,65,1,5,1,1,0,0,1,65,1,1,1,83,"777777777777","777777777777","777777777777",1,0
40,400417,1,1,2,1,10,22,10,42,0,1,0,40,2,12,37,12037,4,2005,"1FAFP38Z85W1","1","F","A","F","P","3","8","Z","8","5","W","1",0,0,0,"000000000","00000000000",0,0,0,1,0,0,0,0,0,0,0,998,0,1,5,11,6,2,42,0,0,0,1,40,73449,0,0,0,0,0,0,70,150,0,1,0,0,1,5,2014,5,2014,0,0,0,0,0,1,2,45,1,1,2,1,0,0,1,13,1,5,4,2,"777777777777","777777777777","777777777777",1,1
40,400418,1,2,1,14,8,9,51,12,6,1,0,40,2,7,403,7403,14,2010,"1D4PU5GK9AW1","1","D","4","P","U","5","G","K","9","A","W","1",0,0,0,"000000000","00000000000",0,0,0,1,0,0,0,0,0,0,0,998,0,0,0,12,6,2,12,0,0,0,1,40,74369,6,2,0,0,3,3,71,190,0,0,0,0,0,0,0,0,0,0,38,0,0,0,1,2,45,1,1,4,1,0,0,1,17,1,1,1,88,"777777777777","777777777777","777777777777",0,0
40,400418,2,2,4,14,8,9,51,12,6,1,0,40,1,12,401,12401,14,2000,"1FMZU63EXYUB","1","F","M","Z","U","6","3","E","X","Y","U","B",0,0,0,"000000000","00000000000",0,0,0,1,0,0,0,0,0,0,0,998,0,1,1,8,6,2,12,0,0,0,1,40,74369,6,1,0,0,3,0,71,175,0,0,0,0,0,0,0,0,0,0,0,0,0,0,1,2,45,1,1,4,1,0,0,1,66,1,1,1,89,"777777777777","777777777777","777777777777",1,0
40,400419,1,1,1,30,8,19,30,35,0,1,0,40,2,55,35,55035,4,2010,"KMHDU4AD5AU1","K","M","H","D","U","4","A","D","5","A","U","1",0,0,0,"000000000","00000000000",0,0,0,1,0,0,0,0,0,0,0,998,0,1,5,12,6,2,1,0,0,0,1,40,73448,0,0,0,0,0,0,999,999,0,0,0,0,0,0,0,0,0,4,0,0,0,0,1,2,45,1,1,4,1,0,0,1,6,99,5,4,2,"777777777777","777777777777","777777777777",1,1
40,400420,1,1,2,17,9,13,18,1,0,1,0,40,2,35,472,35472,30,2003,"5N1ED28TX3C6","5","N","1","E","D","2","8","T","X","3","C","6",0,0,0,"000000000","00000000000",0,0,0,1,0,0,0,0,0,0,0,998,0,1,1,0,6,2,1,0,0,0,1,40,73086,6,1,0,0,3,0,72,260,0,0,0,0,0,0,0,0,0,0,0,0,0,0,1,4,55,1,6,2,1,0,0,17,10,8,5,2,98,"777777777777","777777777777","777777777777",1,0
40,400421,1,2,1,30,9,16,20,12,7,1,0,40,2,87,884,87884,63,2003,"2NPNLD9X53M8","2","N","P","N","L","D","9","X","5","3","M","8",0,0,57,"842845","57842845",3,2,4,1,0,0,0,0,0,0,0,998,0,0,0,8,2,3,12,0,0,0,1,5,71866,6,1,6,0,3,0,66,170,0,0,0,0,0,0,0,0,0,0,48,0,0,0,2,2,65,1,1,2,1,0,0,11,15,1,1,1,84,"777777777777","777777777777","777777777777",0,0
40,400421,2,2,1,30,9,16,20,12,7,1,0,40,1,37,706,37706,80,2005,"1HFSC52345A2","1","H","F","S","C","5","2","3","4","5","A","2",0,0,0,"000000000","00000000000",0,0,0,1,0,0,0,0,0,0,0,998,0,0,0,10,6,2,12,0,0,0,1,40,74745,6,1,0,0,3,0,69,190,0,0,0,0,0,0,0,0,0,0,0,0,0,0,2,2,65,1,1,2,1,0,0,1,64,99,9,3,84,"777777777777","777777777777","777777777777",1,0
40,400422,1,1,1,30,9,19,7,35,0,1,0,40,1,37,706,37706,80,1985,"1HFSC1412FA1","1","H","F","S","C","1","4","1","2","F","A","1",0,0,0,"000000000","00000000000",0,0,0,1,0,0,0,0,0,0,0,998,0,0,0,2,6,2,1,0,0,0,1,40,73566,6,1,0,0,2,3,65,205,0,0,0,0,0,0,0,0,0,0,0,0,0,0,1,2,55,1,1,2,1,0,0,1,13,99,1,4,1,"777777777777","777777777777","777777777777",1,0
40,400423,1,2,1,6,7,16,50,12,6,1,0,48,3,82,884,82884,66,1996,"1FUYDSEB0TP5","1","F","U","Y","D","S","E","B","0","T","P","5",1,1,57,"052767","57052767",3,6,11,1,0,0,0,0,0,0,0,998,0,0,0,8,2,5,12,0,0,0,1,40,73169,6,1,6,0,3,3,71,175,1,0,0,0,2,2,2014,1,2016,0,38,0,0,0,1,4,55,1,1,2,1,20,3,11,15,1,1,1,82,"888888888888","777777777777","777777777777",0,0
40,400423,2,2,1,6,7,16,50,12,6,1,0,40,1,20,481,20481,31,1996,"1GCEK14W6TZ1","1","G","C","E","K","1","4","W","6","T","Z","1",0,0,0,"000000000","00000000000",0,0,0,1,0,0,0,0,0,0,0,998,0,0,0,12,6,2,12,0,0,0,1,40,74063,6,1,0,0,3,0,76,180,0,0,0,0,1,10,2011,10,2011,0,0,0,0,0,1,4,65,1,1,2,1,0,0,1,67,99,9,3,83,"777777777777","777777777777","777777777777",1,1
40,400424,1,1,1,25,9,2,47,1,0,1,0,40,1,12,481,12481,31,1998,"999999999999","9","9","9","9","9","9","9","9","9","9","9","9",0,0,0,"000000000","00000000000",0,0,0,1,0,0,0,0,0,0,0,998,0,1,5,0,6,2,1,0,0,0,1,40,74021,2,1,0,0,2,0,71,250,0,2,0,0,2,1,2016,6,2016,0,0,0,0,0,1,2,55,1,1,2,1,0,0,1,13,99,9,4,1,"777777777777","777777777777","777777777777",1,1
40,400425,1,2,1,18,9,19,52,12,8,1,0,48,3,12,3,12003,2,2007,"1ZVHT82H9753","1","Z","V","H","T","8","2","H","9","7","5","3",0,0,0,"000000000","00000000000",0,0,0,1,0,0,0,0,0,0,0,998,0,0,0,10,6,2,12,0,0,0,1,48,79360,6,1,0,0,3,3,999,999,0,0,0,0,0,0,0,0,0,5,83,58,0,0,2,2,65,2,1,1,1,0,0,14,87,6,5,6,64,"777777777777","777777777777","777777777777",1,0
40,400425,2,2,1,18,9,19,52,12,8,1,0,95,3,82,881,82881,66,2016,"1FUJGLD57GLH","1","F","U","J","G","L","D","5","7","G","L","H",1,1,57,"1772407","571772407",3,6,1,1,0,0,0,0,0,0,0,998,0,0,0,7,6,2,12,0,0,0,1,95,0,6,1,6,0,3,3,999,999,99,99,99,99,99,99,9999,99,9999,0,0,0,0,0,2,2,65,3,1,1,1,0,0,14,62,1,1,1,65,"888888888888","777777777777","777777777777",0,0
40,400426,1,1,2,10,10,18,24,1,0,1,0,40,2,14,401,14401,14,1999,"4M2DU55P8XUJ","4","M","2","D","U","5","5","P","8","X","U","J",0,0,0,"000000000","00000000000",0,0,0,1,0,0,0,0,0,0,0,998,0,1,5,0,6,2,1,0,0,0,1,40,74403,6,2,0,0,3,0,61,89,0,0,0,0,0,0,0,0,0,5,0,0,0,0,1,2,45,1,1,2,1,0,0,6,9,99,3,4,2,"777777777777","777777777777","777777777777",1,0
40,400427,1,1,2,5,9,17,6,34,0,1,0,40,2,12,481,12481,31,2004,"1FTPW125X4KC","1","F","T","P","W","1","2","5","X","4","K","C",0,0,0,"000000000","00000000000",0,0,0,1,0,0,0,0,0,0,0,998,0,0,0,14,6,2,42,0,0,0,1,40,74366,6,1,6,0,3,3,72,250,0,0,0,0,1,10,2013,10,2013,0,0,0,0,0,2,2,75,3,1,1,1,0,0,14,13,99,9,4,1,"777777777777","777777777777","777777777777",1,0
40,400428,1,1,1,23,9,99,99,1,0,1,0,40,3,72,706,72706,80,2012,"1HD1FRM11CB6","1","H","D","1","F","R","M","1","1","C","B","6",0,0,0,"000000000","00000000000",0,0,0,1,0,0,0,0,0,0,0,998,0,0,0,0,6,2,1,0,0,0,1,40,74114,6,1,0,0,3,0,72,240,0,0,0,3,0,1,2013,6,2016,0,0,0,0,0,1,2,45,3,1,2,1,0,0,14,13,99,9,4,1,"777777777777","777777777777","777777777777",1,0
40,400429,2,2,1,28,9,17,26,12,7,1,0,40,1,20,37,20037,4,2014,"1G11B5SL4EF2","1","G","1","1","B","5","S","L","4","E","F","2",0,0,0,"000000000","00000000000",0,0,0,1,0,0,0,0,0,0,0,0,0,0,0,5,6,2,12,0,0,0,1,40,74447,6,1,0,0,3,0,63,118,0,0,0,0,0,0,0,0,0,0,0,0,0,0,3,2,65,1,6,2,1,0,0,5,53,1,1,1,48,"777777777777","777777777777","777777777777",0,0
40,400429,3,2,1,28,9,17,26,12,7,1,0,40,1,12,402,12402,14,2013,"1FMCU0H91DUB","1","F","M","C","U","0","H","9","1","D","U","B",0,0,0,"000000000","00000000000",0,0,0,1,0,0,0,0,0,0,0,998,0,0,0,11,6,2,8,0,0,0,1,40,74447,6,1,0,0,3,0,68,220,0,0,0,0,0,0,0,0,0,0,0,0,0,0,3,2,65,1,6,2,1,0,0,1,50,9,9,3,48,"777777777777","777777777777","777777777777",0,0
40,400430,1,2,1,6,10,12,44,12,6,1,0,18,3,82,881,82881,66,2014,"1FUJGLD5XELF","1","F","U","J","G","L","D","5","X","E","L","F",1,1,57,"033952","57033952",3,6,1,1,0,0,0,0,0,0,0,998,0,0,0,3,6,2,12,0,0,0,1,35,88345,6,1,6,0,3,0,76,195,98,0,0,1,0,10,2012,10,2012,0,38,0,0,0,1,2,65,1,6,1,1,0,0,11,15,1,1,1,68,"888888888888","777777777777","777777777777",0,0
40,400430,2,2,3,6,10,12,44,12,6,1,0,40,1,12,881,12881,61,1993,"1FDKF37GXPNA","1","F","D","K","F","3","7","G","X","P","N","A",0,0,88,"888888888","88888888888",2,1,97,1,0,0,0,0,0,0,0,998,0,0,0,12,6,2,12,0,0,0,1,40,74002,6,1,6,0,3,0,70,230,0,0,0,0,3,10,2013,9,2014,0,0,0,0,0,1,2,65,1,6,1,1,0,0,1,62,99,1,1,69,"777777777777","777777777777","777777777777",1,0
40,400431,1,1,3,8,10,21,18,42,0,1,0,40,2,20,481,20481,31,2009,"3GCEK33M89G1","3","G","C","E","K","3","3","M","8","9","G","1",0,0,0,"000000000","00000000000",0,0,0,1,0,0,0,0,0,0,0,998,0,0,0,11,6,2,42,0,0,0,1,40,74728,6,1,0,0,3,0,63,150,0,2,2,1,2,1,2012,9,2016,0,28,0,0,0,1,2,65,1,6,2,1,0,0,1,12,1,9,4,6,"777777777777","777777777777","777777777777",1,1
40,400432,1,1,1,9,9,17,27,42,0,1,0,40,2,35,39,35039,4,2001,"JN1CA31A01T3","J","N","1","C","A","3","1","A","0","1","T","3",0,0,0,"000000000","00000000000",0,0,0,1,0,0,0,0,0,0,0,998,0,0,0,11,6,2,42,0,0,0,1,40,74016,6,1,0,0,3,3,71,175,0,1,0,0,1,12,2011,7,2014,3,0,0,0,0,1,2,25,1,1,2,1,0,0,1,13,16,5,4,2,"777777777777","777777777777","777777777777",1,1
40,400433,1,2,1,12,9,8,55,12,1,1,0,40,1,72,706,72706,80,2003,"1HD1FRW163Y7","1","H","D","1","F","R","W","1","6","3","Y","7",0,0,0,"000000000","00000000000",0,0,0,1,0,0,0,0,0,0,0,998,0,0,0,12,6,2,12,0,0,0,1,40,74820,6,1,6,0,3,3,69,190,0,0,0,0,0,0,0,0,0,0,26,0,0,0,1,2,45,1,5,2,1,0,0,1,52,99,1,1,28,"777777777777","777777777777","777777777777",1,0
40,400433,2,2,1,12,9,8,55,12,1,1,0,48,1,7,482,7482,31,2004,"3D7KU26C24G2","3","D","7","K","U","2","6","C","2","4","G","2",0,0,0,"000000000","00000000000",0,0,0,1,0,0,0,0,0,0,0,998,0,0,0,6,2,5,12,0,0,0,1,48,76464,6,1,0,0,3,0,999,999,0,0,0,0,0,0,0,0,0,0,0,0,0,0,1,2,45,1,5,2,1,0,0,2,53,1,1,1,31,"777777777777","777777777777","777777777777",0,0
40,400434,1,2,1,14,9,5,50,12,6,1,0,40,1,49,482,49482,31,2011,"5TFEM5F19BX0","5","T","F","E","M","5","F","1","9","B","X","0",0,0,0,"000000000","00000000000",0,0,0,1,0,0,0,0,0,0,0,998,0,0,0,12,6,2,12,0,0,0,1,40,74361,6,1,0,0,3,0,70,160,0,0,0,0,0,0,0,0,0,0,38,0,0,0,1,2,45,1,1,1,1,20,3,1,17,1,1,1,88,"777777777777","777777777777","777777777777",0,0
40,400434,2,2,1,14,9,5,50,12,6,1,0,40,1,21,21,21021,2,2001,"1G3NL12T31C1","1","G","3","N","L","1","2","T","3","1","C","1",0,0,0,"000000000","00000000000",0,0,0,1,0,0,0,0,0,0,0,998,0,0,0,9,6,2,12,0,0,0,1,40,74365,6,1,0,0,3,3,68,200,0,0,0,0,0,0,0,0,0,0,0,0,0,0,2,2,65,1,1,2,1,0,0,1,66,1,1,1,89,"777777777777","777777777777","777777777777",1,0
40,400435,1,2,3,25,9,4,47,12,2,1,0,40,2,3,421,3421,15,2003,"5GRGN23UX3H1","5","G","R","G","N","2","3","U","X","3","H","1",0,0,0,"000000000","00000000000",0,0,0,1,0,0,0,0,0,0,0,998,0,0,0,12,6,2,12,0,0,0,1,40,79701,1,1,0,0,2,0,70,155,0,0,0,0,0,0,0,0,0,0,28,0,0,0,1,2,65,1,1,2,2,0,0,1,10,99,9,2,50,"777777777777","777777777777","777777777777",0,1
40,400435,2,2,3,25,9,4,47,12,2,1,0,40,2,2,408,2408,14,2015,"ZACCJBBT4FPB","Z","A","C","C","J","B","B","T","4","F","P","B",0,0,0,"000000000","00000000000",0,0,0,1,0,0,0,0,0,0,0,998,0,0,0,12,6,2,12,0,0,0,1,40,74523,6,1,0,0,3,0,66,175,0,0,0,0,0,0,0,0,0,0,0,0,0,0,1,2,65,1,1,2,2,0,0,1,62,7,9,3,51,"777777777777","777777777777","777777777777",2,0
40,400436,1,1,1,30,9,8,12,1,0,1,0,40,1,23,472,23472,30,2005,"1GTDS1968582","1","G","T","D","S","1","9","6","8","5","8","2",0,0,0,"000000000","00000000000",0,0,0,1,0,0,0,0,0,0,0,998,0,1,5,0,6,2,1,0,0,0,1,40,74865,6,1,0,0,3,3,67,240,0,0,0,0,0,0,0,0,0,0,58,0,0,0,1,2,65,1,1,2,1,0,0,1,13,6,3,4,2,"777777777777","777777777777","777777777777",1,0
40,400437,1,2,1,4,10,12,15,12,2,1,0,40,2,37,706,37706,80,2003,"1HFSC43033A3","1","H","F","S","C","4","3","0","3","3","A","3",0,0,0,"000000000","00000000000",0,0,0,1,0,0,0,0,0,0,0,998,0,0,0,12,6,2,12,0,0,1,1,40,74820,0,0,0,0,0,0,73,180,0,0,0,0,0,0,0,0,0,0,35,0,0,0,1,2,65,1,1,2,1,0,0,6,10,1,1,2,50,"777777777777","777777777777","777777777777",1,1
40,400437,2,2,1,4,10,12,15,12,2,1,0,40,1,32,55,32055,4,2013,"WAUBGAFL2DA2","W","A","U","B","G","A","F","L","2","D","A","2",0,0,0,"000000000","00000000000",0,0,0,1,0,0,0,0,0,0,0,998,0,0,0,12,6,2,12,0,0,0,1,40,74820,6,1,0,0,3,3,71,205,0,0,0,0,0,0,0,0,0,0,0,0,0,0,1,2,65,1,1,2,1,0,0,1,62,1,1,1,51,"777777777777","777777777777","777777777777",0,0
40,400438,1,2,1,8,10,11,40,12,1,1,0,40,1,51,46,51046,4,2004,"YV1VS27514F0","Y","V","1","V","S","2","7","5","1","4","F","0",0,0,0,"000000000","00000000000",0,0,0,1,0,0,0,0,0,0,0,998,0,0,0,12,6,2,12,0,0,0,1,40,74021,6,1,0,0,3,3,76,205,0,0,0,0,1,12,2014,12,2014,0,0,0,0,0,2,4,70,1,1,1,1,0,0,1,52,16,2,3,28,"777777777777","777777777777","777777777777",1,0
40,400438,2,2,1,8,10,11,40,12,1,1,0,18,3,82,881,82881,66,2014,"1FUJGLD53ELF","1","F","U","J","G","L","D","5","3","E","L","F",1,1,57,"054283","57054283",3,6,1,1,0,0,0,0,0,0,0,998,0,0,0,6,2,5,12,0,0,0,1,6,94080,6,1,6,0,3,0,66,165,0,0,0,1,2,9,2014,5,2016,0,0,0,0,0,2,4,70,1,1,1,1,0,0,2,53,1,1,1,31,"888888888888","777777777777","777777777777",0,0
40,400439,1,2,1,8,9,12,27,12,1,1,0,40,2,73,706,73706,80,2009,"JKAZXCE1X9A0","J","K","A","Z","X","C","E","1","X","9","A","0",0,0,0,"000000000","00000000000",0,0,0,1,0,0,0,0,0,0,0,998,0,0,0,12,6,2,12,0,0,0,1,40,74066,6,1,0,0,3,3,70,190,0,1,0,1,1,11,2013,9,2014,4,0,0,0,0,3,3,65,1,1,2,1,0,0,1,50,16,2,3,20,"777777777777","777777777777","777777777777",1,1
40,400439,2,2,1,8,9,12,27,12,1,1,0,40,2,37,32,37032,4,2008,"JHMCP26898C0","J","H","M","C","P","2","6","8","9","8","C","0",0,0,0,"000000000","00000000000",0,0,0,1,0,0,0,0,0,0,0,0,0,0,0,6,6,2,12,0,0,0,1,40,74021,6,1,0,0,3,0,68,120,0,0,0,0,0,0,0,0,0,0,0,0,0,0,3,3,65,1,1,2,1,0,0,5,53,1,1,1,21,"777777777777","777777777777","777777777777",0,0
40,400440,1,1,1,10,9,19,0,24,0,1,0,40,1,53,705,53705,80,2011,"JS1GN7FA1B21","J","S","1","G","N","7","F","A","1","B","2","1",0,0,0,"000000000","00000000000",0,0,0,1,0,0,0,0,0,0,0,998,0,0,0,2,6,2,24,0,0,0,1,40,74133,6,1,0,0,3,0,69,130,0,0,0,0,0,0,0,0,0,4,0,0,0,0,6,1,60,3,6,1,1,0,0,14,13,99,9,4,1,"777777777777","777777777777","777777777777",1,0
40,400441,1,1,2,9,10,2,25,8,0,1,0,40,2,12,37,12037,4,2014,"1FADP3F29EL2","1","F","A","D","P","3","F","2","9","E","L","2",0,0,0,"000000000","00000000000",0,0,0,1,0,0,0,0,0,0,0,998,0,0,0,12,6,2,8,0,0,0,1,40,73120,6,1,0,0,3,0,65,130,0,0,0,0,0,0,0,0,0,0,0,0,0,0,6,1,65,1,5,1,1,0,0,1,80,1,1,1,13,"777777777777","777777777777","777777777777",0,0
40,400442,1,2,1,12,10,18,2,12,1,1,0,48,3,82,881,82881,66,2007,"1FUJBBCK97LW","1","F","U","J","B","B","C","K","9","7","L","W",1,1,57,"006556071","57006556071",3,6,11,1,0,0,0,0,0,0,0,0,0,0,0,6,2,3,12,0,0,0,1,48,78045,6,1,6,0,3,0,999,999,0,0,0,0,0,0,0,0,0,0,0,0,0,0,2,2,45,1,5,2,1,0,0,5,53,1,1,1,21,"888888888888","777777777777","777777777777",0,0
40,400442,2,2,1,12,10,18,2,12,1,1,0,48,1,35,481,35481,31,2014,"1N6BA0EC3EN5","1","N","6","B","A","0","E","C","3","E","N","5",0,0,0,"000000000","00000000000",0,0,0,1,0,0,0,0,0,0,0,998,0,0,0,12,6,2,12,0,0,0,1,48,76022,6,1,0,0,3,3,999,999,0,0,0,0,0,0,0,0,0,0,0,0,0,0,2,2,45,1,5,2,1,0,0,1,50,1,1,1,20,"777777777777","777777777777","777777777777",1,0