"STATE","ST_CASE","VEH_NO","VE_FORMS","NUMOCCS","DAY","MONTH","HOUR","MINUTE","HARM_EV","MAN_COLL","UNITTYPE","HIT_RUN","REG_STAT","OWNER","MAKE","MODEL","MAK_MOD","BODY_TYP","MOD_YEAR","VIN","VIN_1","VIN_2","VIN_3","VIN_4","VIN_5","VIN_6","VIN_7","VIN_8","VIN_9","VIN_10","VIN_11","VIN_12","TOW_VEH","J_KNIFE","MCARR_I1","MCARR_I2","MCARR_ID","GVWR","V_CONFIG","CARGO_BT","HAZ_INV","HAZ_PLAC","HAZ_ID","HAZ_CNO","HAZ_REL","BUS_USE","SPEC_USE","EMER_USE","TRAV_SP","UNDERIDE","ROLLOVER","ROLINLOC","IMPACT1","DEFORMED","TOWED","M_HARM","VEH_SC1","VEH_SC2","FIRE_EXP","DR_PRES","L_STATE","DR_ZIP","L_STATUS","L_TYPE","CDL_STAT","L_ENDORS","L_COMPL","L_RESTRI","DR_HGT","DR_WGT","PREV_ACC","PREV_SUS","PREV_DWI","PREV_SPD","PREV_OTH","FIRST_MO","FIRST_YR","LAST_MO","LAST_YR","SPEEDREL","DR_SF1","DR_SF2","DR_SF3","DR_SF4","VTRAFWAY","VNUM_LAN","VSPD_LIM","VALIGN","VPROFILE","VPAVETYP","VSURCOND","VTRAFCON","VTCONT_F","P_CRASH1","P_CRASH2","P_CRASH3","PCRASH4","PCRASH5","ACC_TYPE","TRLR1VIN","TRLR2VIN","TRLR3VIN","DEATHS","DR_DRINK"
40,400443,1,2,2,16,10,21,10,1,0,1,0,40,3,12,37,12037,4,2007,"1FAFP34N87W3","1","F","A","F","P","3","4","N","8","7","W","3",0,0,0,"000000000","00000000000",0,0,0,1,0,0,0,0,0,0,0,998,0,0,0,12,6,2,12,0,0,0,1,40,74135,1,1,0,0,2,0,70,180,1,1,0,0,2,12,2013,12,2015,0,0,0,0,0,3,3,65,1,1,1,1,0,0,1,61,11,2,3,98,"777777777777","777777777777","777777777777",0,0
40,400443,2,2,1,16,10,21,10,1,0,1,0,20,1,72,706,72706,80,2013,"1HD1LC315DC4","1","H","D","1","L","C","3","1","5","D","C","4",0,0,0,"000000000","00000000000",0,0,0,1,0,0,0,0,0,0,0,76,0,0,0,0,6,2,12,0,0,0,1,20,74104,6,1,0,0,3,3,72,165,0,0,0,2,2,10,2015,12,2015,5,28,0,0,0,3,3,65,1,1,1,1,0,0,1,9,6,5,2,98,"777777777777","777777777777","777777777777",1,0
40,400444,1,2,1,17,10,14,49,12,6,1,0,40,1,12,402,12402,14,2005,"1FMYU93125KA","1","F","M","Y","U","9","3","1","2","5","K","A",0,0,0,"000000000","00000000000",0,0,0,1,0,0,0,0,0,0,0,998,0,1,5,11,6,2,12,0,0,0,1,40,74734,6,1,0,0,3,0,69,130,0,0,0,0,0,0,0,0,0,0,28,0,0,0,1,2,55,1,1,2,1,0,0,1,10,1,1,2,64,"777777777777","777777777777","777777777777",1,1
40,400444,2,2,1,17,10,14,49,12,6,1,0,40,3,98,804,98804,63,2015,"5KKXAFCG1FPG","5","K","K","X","A","F","C","G","1","F","P","G",0,0,57,"981267","57981267",3,2,10,1,0,0,0,0,0,0,0,998,0,1,5,11,6,2,2,0,0,1,1,5,71833,6,1,6,0,3,0,72,190,0,0,0,0,2,12,2015,2,2016,0,0,0,0,0,1,2,55,1,1,2,1,0,0,1,62,1,1,1,65,"777777777777","777777777777","777777777777",1,0
40,400445,1,2,1,16,9,22,56,12,2,1,0,40,3,23,481,23481,31,2003,"1GTEC19T93Z1","1","G","T","E","C","1","9","T","9","3","Z","1",0,0,0,"000000000","00000000000",0,0,0,1,0,0,0,0,0,0,0,998,0,0,0,12,6,2,12,0,0,0,1,40,73160,6,1,0,0,3,0,68,195,0,0,0,0,0,0,0,0,0,0,51,0,0,0,2,2,70,1,1,2,1,0,0,1,54,1,1,1,52,"777777777777","777777777777","777777777777",1,0
40,400445,2,2,1,16,9,22,56,12,2,1,0,55,3,82,881,82881,66,2004,"1FUJA6CGX4LM","1","F","U","J","A","6","C","G","X","4","L","M",1,1,57,"941923","57941923",3,6,1,1,0,0,0,0,0,0,0,998,0,0,0,12,6,2,2,0,0,1,1,55,53545,6,1,6,0,3,3,68,257,0,0,0,0,0,0,0,0,0,0,0,0,0,0,2,2,70,1,1,2,1,0,0,6,54,1,1,2,52,"888888888888","777777777777","777777777777",0,0
40,400446,1,1,1,5,10,4,52,35,0,1,0,40,1,14,401,14401,14,1998,"4M2ZU52P1WUJ","4","M","2","Z","U","5","2","P","1","W","U","J",0,0,0,"000000000","00000000000",0,0,0,1,0,0,0,0,0,0,0,998,0,1,5,1,6,2,1,0,0,0,1,40,74016,6,1,0,0,3,0,68,140,0,0,0,0,0,0,0,0,0,0,0,0,0,0,1,2,55,1,6,2,2,0,0,99,9,99,3,4,7,"777777777777","777777777777","777777777777",1,0
40,400447,1,1,1,8,10,23,20,8,0,1,1,99,9,99,999,99999,99,9999,"999999999999","9","9","9","9","9","9","9","9","9","9","9","9",0,0,0,"000000000","00000000000",0,0,0,1,0,0,0,0,0,0,0,998,0,0,0,99,9,5,8,0,0,0,1,99,99999,9,9,99,9,9,9,999,999,99,99,99,99,99,99,9999,99,9999,0,0,0,0,0,1,4,40,1,1,2,1,0,0,1,80,8,9,3,13,"777777777777","777777777777","777777777777",0,0
40,400448,1,1,2,14,10,0,0,59,0,1,0,40,2,20,481,20481,31,2003,"2GCEC19V7311","2","G","C","E","C","1","9","V","7","3","1","1",0,0,0,"000000000","00000000000",0,0,0,1,0,0,0,0,0,0,0,998,0,1,6,12,6,2,1,0,0,0,1,40,74826,6,1,6,0,3,0,74,200,0,0,0,1,4,10,2011,9,2016,0,38,0,0,0,1,2,65,1,6,2,2,20,3,1,13,1,1,4,1,"777777777777","777777777777","777777777777",1,1
40,400449,1,1,1,14,10,99,99,58,0,1,0,40,1,37,32,37032,4,2001,"1HGCG16501A0","1","H","G","C","G","1","6","5","0","1","A","0",0,0,0,"000000000","00000000000",0,0,0,1,0,0,0,0,0,0,0,998,0,0,0,1,6,2,58,0,0,0,1,40,74427,6,1,0,0,3,0,66,150,0,0,0,0,0,0,0,0,0,4,28,0,0,0,1,2,55,2,6,2,2,0,0,14,12,99,1,4,6,"777777777777","777777777777","777777777777",1,0
40,400450,1,2,1,24,10,15,11,12,6,1,0,40,3,20,481,20481,31,2015,"1GC1CVEG0FF6","1","G","C","1","C","V","E","G","0","F","F","6",0,0,0,"000000000","00000000000",0,0,0,1,0,0,0,0,0,0,0,998,0,0,0,12,0,5,12,0,0,0,1,40,73099,6,1,0,0,3,3,70,225,0,0,0,0,0,0,0,0,0,0,38,0,0,0,1,2,45,1,1,2,1,21,3,1,17,99,1,1,88,"777777777777","777777777777","777777777777",0,0
40,400450,2,2,1,24,10,15,11,12,6,1,0,40,1,72,706,72706,80,2016,"1HD1BFV10GB0","1","H","D","1","B","F","V","1","0","G","B","0",0,0,0,"000000000","00000000000",0,0,0,1,0,0,0,0,0,0,0,998,0,0,0,9,6,2,12,0,0,0,1,40,73179,6,1,0,0,3,0,74,230,0,0,0,0,0,0,0,0,0,0,0,0,0,0,2,2,45,1,1,2,1,0,0,1,66,99,1,1,89,"777777777777","777777777777","777777777777",1,0
40,400451,1,1,2,2,7,22,45,34,0,1,0,40,3,72,706,72706,80,2001,"1HD4CAM101K1","1","H","D","4","C","A","M","1","0","1","K","1",0,0,0,"000000000","00000000000",0,0,0,1,0,0,0,0,0,0,0,998,0,0,0,12,6,2,32,0,0,0,1,40,74363,6,1,0,0,3,0,72,210,0,0,0,0,0,0,0,0,0,0,28,0,0,0,1,2,35,3,2,2,1,0,0,1,12,99,1,4,6,"777777777777","777777777777","777777777777",1,1
40,400452,1,1,2,14,10,21,15,42,0,1,0,40,2,49,32,49032,4,1981,"JT2TE72E2B06","J","T","2","T","E","7","2","E","2","B","0","6",0,0,0,"000000000","00000000000",0,0,0,1,0,0,0,0,0,0,0,998,0,1,5,12,6,2,42,0,0,0,1,40,73159,6,1,0,0,3,0,69,220,0,0,0,1,0,3,2014,3,2014,3,28,0,0,0,4,2,45,1,1,2,1,0,0,1,12,99,9,4,6,"777777777777","777777777777","777777777777",1,1
40,400453,1,1,1,19,10,16,11,8,0,1,0,40,3,6,43,6043,4,2001,"1C3EL56U61N7","1","C","3","E","L","5","6","U","6","1","N","7",0,0,0,"000000000","00000000000",0,0,0,1,0,0,0,0,0,0,0,998,0,0,0,12,4,3,8,0,0,0,1,40,73112,6,1,0,0,3,0,71,135,0,0,0,0,1,5,2013,5,2013,0,0,0,0,0,1,4,40,1,1,2,1,0,0,1,80,1,1,1,13,"777777777777","777777777777","777777777777",0,0
40,400454,1,1,1,21,10,16,52,58,0,1,0,40,1,12,481,12481,31,2004,"2FTRX18W44CA","2","F","T","R","X","1","8","W","4","4","C","A",0,0,0,"000000000","00000000000",0,0,0,1,0,0,0,0,0,0,0,998,0,1,5,14,6,2,58,0,0,0,1,40,74728,6,1,0,0,3,0,73,165,0,0,0,0,0,0,0,0,0,0,0,0,0,0,1,2,65,3,5,2,1,0,0,99,13,99,1,4,1,"777777777777","777777777777","777777777777",1,1
40,400455,1,1,1,30,8,22,16,8,0,1,0,40,3,12,481,12481,31,2014,"1FTEW1CM1EKG","1","F","T","E","W","1","C","M","1","E","K","G",0,0,0,"000000000","00000000000",0,0,0,1,0,0,0,0,0,0,0,998,0,0,0,12,4,5,8,0,0,0,1,40,74133,6,1,0,0,3,0,75,200,1,0,0,0,1,6,2014,8,2014,0,0,0,0,0,3,2,65,1,1,2,1,97,8,1,80,1,1,1,13,"777777777777","777777777777","777777777777",0,0
40,400456,1,1,2,24,9,10,35,33,0,1,0,40,1,22,9,22009,2,2000,"2G2FS22K3Y21","2","G","2","F","S","2","2","K","3","Y","2","1",0,0,0,"000000000","00000000000",0,0,0,1,0,0,0,0,0,0,0,998,0,0,0,11,6,2,30,0,0,0,1,40,74115,0,0,0,0,0,0,999,999,0,0,0,0,0,0,0,0,0,0,28,0,0,0,1,2,40,1,1,2,1,0,0,1,12,1,1,4,6,"777777777777","777777777777","777777777777",1,0
40,400457,1,1,1,25,9,21,12,8,0,1,0,40,1,2,406,2406,14,2007,"1J8HH48P97C6","1","J","8","H","H","4","8","P","9","7","C","6",0,0,0,"000000000","00000000000",0,0,0,1,0,0,0,0,0,0,0,998,0,0,0,12,6,2,8,0,0,0,1,40,74115,1,1,0,0,2,0,66,115,0,0,0,0,0,0,0,0,0,0,38,91,0,0,3,4,25,1,1,2,1,97,8,1,80,99,1,1,13,"777777777777","777777777777","777777777777",0,1
40,400458,1,1,2,15,10,18,34,35,0,1,0,48,1,19,20,19020,6,2006,"1GYEE6374601","1","G","Y","E","E","6","3","7","4","6","0","1",0,0,0,"000000000","00000000000",0,0,0,1,0,0,0,0,0,0,0,998,0,1,6,9,6,2,1,0,0,0,1,48,76126,6,1,7,0,3,0,999,999,0,0,0,0,0,0,0,0,0,4,0,0,0,0,3,2,70,3,1,1,1,0,0,99,13,99,5,4,2,"777777777777","777777777777","777777777777",1,0
40,400459,1,2,4,25,10,22,36,12,6,1,0,40,2,24,1,24001,4,1999,"1G8ZK5273XZ2","1","G","8","Z","K","5","2","7","3","X","Z","2",0,0,0,"000000000","00000000000",0,0,0,1,0,0,0,0,0,0,0,998,0,0,0,11,6,2,12,0,0,0,1,40,74941,1,1,0,0,2,0,66,200,0,1,0,0,0,9,2015,9,2015,0,28,0,0,0,1,2,65,1,1,2,1,0,0,1,10,1,1,2,64,"777777777777","777777777777","777777777777",1,0
40,400459,2,2,1,25,10,22,36,12,6,1,0,40,1,20,481,20481,31,2004,"2GCEK19T3412","2","G","C","E","K","1","9","T","3","4","1","2",0,0,0,"000000000","00000000000",0,0,0,1,0,0,0,0,0,0,0,998,0,1,5,11,6,2,12,0,0,0,1,40,74940,6,1,0,0,3,0,72,185,0,0,0,0,0,0,0,0,0,0,0,0,0,0,1,2,65,1,1,2,1,0,0,1,62,7,9,3,65,"777777777777","777777777777","777777777777",0,0
40,400460,1,1,4,23,10,21,43,8,0,1,0,40,2,6,18,6018,4,2013,"1C3CCBBG0DN7","1","C","3","C","C","B","B","G","0","D","N","7",0,0,0,"000000000","00000000000",0,0,0,1,0,0,0,0,0,0,0,998,0,0,0,12,6,2,8,0,0,0,1,40,74427,6,2,0,0,3,3,65,105,0,0,0,0,0,0,0,0,0,0,0,0,0,0,3,3,60,1,6,2,1,0,0,1,80,1,1,1,13,"777777777777","777777777777","777777777777",0,0
40,400461,1,2,1,29,10,3,3,1,0,1,0,40,1,53,705,53705,80,2011,"JS1GN7FA5B21","J","S","1","G","N","7","F","A","5","B","2","1",0,0,0,"000000000","00000000000",0,0,0,1,0,0,0,0,0,0,0,998,0,0,0,0,6,2,30,0,0,0,1,40,74881,6,1,0,0,3,0,70,180,0,1,0,1,2,8,2013,6,2016,3,0,0,0,0,1,4,40,1,1,1,1,0,0,6,13,1,5,4,2,"777777777777","777777777777","777777777777",1,0
40,400461,2,2,4,29,10,3,3,1,0,1,0,40,3,20,461,20461,29,2012,"1GAZG1FG0C11","1","G","A","Z","G","1","F","G","0","C","1","1",0,0,0,"000000000","00000000000",0,0,0,1,0,0,0,0,0,0,0,998,0,0,0,12,6,2,2,0,0,1,1,40,73115,6,1,0,0,3,0,73,185,0,0,0,0,0,0,0,0,0,0,0,0,0,0,1,4,40,1,1,1,1,0,0,1,98,1,1,1,98,"777777777777","777777777777","777777777777",0,0
40,400462,1,1,4,13,10,22,22,1,0,1,0,40,1,7,482,7482,31,2011,"3D7TT2CT0BG5","3","D","7","T","T","2","C","T","0","B","G","5",0,0,0,"000000000","00000000000",0,0,0,1,0,0,0,0,0,0,0,998,0,1,5,0,6,2,1,0,0,0,1,40,73086,6,1,0,0,3,0,69,230,0,0,0,0,0,0,0,0,0,0,28,58,0,0,1,2,65,1,1,2,2,0,0,1,13,6,4,4,7,"777777777777","777777777777","777777777777",1,1
40,400463,1,1,2,18,10,22,18,42,0,1,0,40,2,2,403,2403,14,2007,"1J4FA24157L1","1","J","4","F","A","2","4","1","5","7","L","1",0,0,0,"000000000","00000000000",0,0,0,1,0,0,0,0,0,0,0,998,0,0,0,1,6,2,42,0,0,0,1,40,73075,0,0,0,0,0,0,69,160,0,0,0,0,0,0,0,0,0,0,28,0,0,0,1,2,45,1,1,2,1,0,0,1,13,6,9,4,6,"777777777777","777777777777","777777777777",1,0
40,400464,1,1,5,14,10,0,3,25,0,1,0,40,2,49,40,49040,4,2001,"4T1BF22K11U1","4","T","1","B","F","2","2","K","1","1","U","1",0,0,0,"000000000","00000000000",0,0,0,1,0,0,0,0,0,0,0,998,0,1,3,12,6,2,1,0,0,0,1,40,74115,0,0,0,0,0,0,999,999,0,0,0,0,0,0,0,0,0,0,37,0,0,0,3,3,65,1,6,1,1,0,0,1,12,99,9,4,6,"777777777777","777777777777","777777777777",2,0
40,400465,1,2,1,15,10,10,57,12,6,1,0,40,2,12,401,12401,14,2000,"1FMZU72E6YZB","1","F","M","Z","U","7","2","E","6","Y","Z","B",0,0,0,"000000000","00000000000",0,0,0,1,0,0,0,0,0,0,0,998,0,0,0,1,6,2,12,0,0,0,1,40,74017,6,2,0,0,3,3,72,230,0,0,0,0,0,0,0,0,0,0,28,0,0,0,1,2,65,1,1,2,1,0,0,1,13,6,9,6,64,"777777777777","777777777777","777777777777",0,0
40,400465,2,2,2,15,10,10,57,12,6,1,0,40,1,3,431,3431,16,2004,"5GRGN23U84H1","5","G","R","G","N","2","3","U","8","4","H","1",0,0,0,"000000000","00000000000",0,0,0,1,0,0,0,0,0,0,0,998,0,1,5,11,6,2,12,0,0,0,1,40,74080,6,1,0,0,3,0,77,270,0,0,0,0,0,0,0,0,0,0,0,0,0,0,1,2,65,1,1,2,1,0,0,1,62,7,9,3,65,"777777777777","777777777777","777777777777",1,0
40,400466,1,1,1,16,9,4,15,34,0,1,0,40,1,59,403,59403,14,2009,"2T2GK31U09C0","2","T","2","G","K","3","1","U","0","9","C","0",0,0,0,"000000000","00000000000",0,0,0,1,0,0,0,0,0,0,0,998,0,1,5,1,6,2,1,0,0,0,1,40,74134,6,1,0,0,3,0,65,130,0,0,0,1,1,2,2015,9,2015,3,0,0,0,0,1,2,30,1,1,2,1,0,0,1,13,99,9,4,1,"777777777777","777777777777","777777777777",1,1
40,400467,1,1,1,27,9,13,48,8,0,1,0,40,2,55,35,55035,4,2008,"KMHDU46D48U3","K","M","H","D","U","4","6","D","4","8","U","3",0,0,0,"000000000","00000000000",0,0,0,1,0,0,0,0,0,0,0,998,0,0,0,1,6,2,8,0,0,0,1,40,74840,6,1,0,0,3,0,65,120,0,0,0,0,0,0,0,0,0,0,0,0,0,0,1,2,65,1,5,2,1,0,0,1,80,1,1,1,13,"777777777777","777777777777","777777777777",0,0
40,400468,1,1,1,6,10,5,22,11,0,1,0,40,2,37,32,37032,4,2007,"1HGCM56317A1","1","H","G","C","M","5","6","3","1","7","A","1",0,0,0,"000000000","00000000000",0,0,0,1,0,0,0,0,0,0,0,998,0,0,0,12,6,2,11,0,0,0,1,40,74530,6,1,0,0,3,0,75,200,0,0,0,0,0,0,0,0,0,0,83,0,0,0,1,2,55,1,1,2,1,0,0,1,87,1,1,1,13,"777777777777","777777777777","777777777777",1,0
40,400469,1,1,1,13,10,20,40,42,0,1,0,40,1,12,481,12481,31,2007,"1FTRX12W97KD","1","F","T","R","X","1","2","W","9","7","K","D",0,0,0,"000000000","00000000000",0,0,0,1,0,0,0,0,0,0,0,998,0,0,0,12,6,2,42,0,0,0,1,40,73047,6,1,0,0,3,0,66,150,0,0,0,0,0,0,0,0,0,0,0,0,0,0,3,2,70,1,6,2,2,0,0,1,13,99,9,4,6,"777777777777","777777777777","777777777777",1,0
40,400470,1,1,2,18,10,15,10,1,0,1,0,40,2,2,405,2405,14,2004,"1J4GL48KX4W1","1","J","4","G","L","4","8","K","X","4","W","1",0,0,0,"000000000","00000000000",0,0,0,1,0,0,0,0,0,0,0,998,0,1,5,0,6,2,1,0,0,0,1,40,73950,0,0,0,0,0,0,72,180,0,0,0,0,0,0,0,0,0,3,83,58,0,0,1,2,55,1,1,2,1,0,0,1,87,7,5,4,2,"777777777777","777777777777","777777777777",1,0
40,400471,1,2,1,21,10,7,58,12,6,1,0,40,1,20,481,20481,31,2005,"1GCHK29265E1","1","G","C","H","K","2","9","2","6","5","E","1",0,0,0,"000000000","00000000000",0,0,0,1,0,0,0,0,0,0,0,998,0,0,0,12,6,2,12,0,0,0,1,40,73003,6,1,6,0,3,0,72,210,0,0,0,0,0,0,0,0,0,0,99,99,99,99,2,3,45,3,1,2,1,0,0,14,66,1,1,1,88,"777777777777","777777777777","777777777777",0,0
40,400471,2,2,1,21,10,7,58,12,6,1,0,40,1,22,32,22032,6,2007,"5Y2SL65827Z4","5","Y","2","S","L","6","5","8","2","7","Z","4",0,0,0,"000000000","00000000000",0,0,0,1,0,0,0,0,0,0,0,998,0,0,0,9,6,2,12,0,0,0,1,40,73044,6,1,0,0,3,3,69,175,0,0,0,0,0,0,0,0,0,0,99,99,99,99,1,2,45,1,1,2,1,20,3,1,17,1,1,1,89,"777777777777","777777777777","777777777777",1,0
40,400472,1,2,2,3,11,1,30,8,0,1,0,40,1,23,402,23402,14,2011,"2CTALMEC3B63","2","C","T","A","L","M","E","C","3","B","6","3",0,0,0,"000000000","00000000000",0,0,0,1,0,0,0,0,0,0,0,998,0,0,0,11,6,2,8,0,0,0,1,40,73106,1,1,0,0,2,0,64,195,0,0,0,0,0,0,0,0,0,0,0,0,0,0,1,4,40,1,1,1,2,0,0,1,80,1,1,1,13,"777777777777","777777777777","777777777777",0,0
40,400472,2,2,1,3,11,1,30,8,0,1,1,99,9,99,999,99999,49,9999,"999999999999","9","9","9","9","9","9","9","9","9","9","9","9",0,0,0,"000000000","00000000000",0,0,0,1,0,0,0,0,0,0,0,998,0,0,0,99,9,5,8,0,0,0,1,99,99999,9,9,99,9,9,9,999,999,99,99,99,99,99,99,9999,99,9999,0,99,99,99,99,1,4,40,1,1,1,2,0,0,1,80,99,9,9,98,"777777777777","777777777777","777777777777",0,0
40,400473,1,1,1,3,11,8,10,42,0,1,0,40,1,30,47,30047,3,2008,"3VWPW31C88M5","3","V","W","P","W","3","1","C","8","8","M","5",0,0,0,"000000000","00000000000",0,0,0,1,0,0,0,0,0,0,0,998,0,1,6,12,6,2,35,0,0,0,1,40,74079,6,1,0,0,3,3,65,142,0,0,0,0,0,0,0,0,0,0,28,0,0,0,1,2,65,1,1,2,2,0,0,1,90,6,9,4,6,"777777777777","777777777777","777777777777",1,0
40,400474,1,1,2,21,10,15,3,38,0,1,0,40,2,77,706,77706,80,2006,"5VPHB26D3630","5","V","P","H","B","2","6","D","3","6","3","0",0,0,0,"000000000","00000000000",0,0,0,1,0,0,0,0,0,0,0,998,0,0,0,12,6,2,19,0,0,0,1,40,73044,6,1,5,0,3,3,74,185,0,1,0,0,1,9,2015,10,2015,0,0,0,0,0,2,2,70,3,6,2,1,0,0,1,13,99,1,4,1,"777777777777","777777777777","777777777777",1,0
40,400475,1,2,1,22,9,18,54,12,6,1,0,40,2,24,1,24001,4,1998,"1G8ZF5287WZ2","1","G","8","Z","F","5","2","8","7","W","Z","2",0,0,0,"000000000","00000000000",0,0,0,1,0,0,0,0,0,0,0,998,0,0,0,3,6,2,12,0,0,0,1,13,74074,1,1,0,0,2,0,72,190,98,1,1,0,0,10,2013,11,2013,0,38,0,0,0,1,2,35,1,5,2,1,20,3,1,17,1,1,1,87,"777777777777","777777777777","777777777777",1,0
40,400475,2,2,1,22,9,18,54,12,6,1,0,40,1,12,481,12481,31,2014,"1FTFX1EFXEFA","1","F","T","F","X","1","E","F","X","E","F","A",0,0,0,"000000000","00000000000",0,0,0,1,0,0,0,0,0,0,0,998,0,1,5,12,6,2,12,0,0,0,1,40,74074,6,1,0,0,3,0,67,110,0,0,0,0,0,0,0,0,0,0,0,0,0,0,1,2,35,1,5,2,1,0,0,1,66,1,1,1,86,"777777777777","777777777777","777777777777",0,0
40,400476,1,2,1,26,8,19,50,12,6,1,0,40,2,7,482,7482,31,1995,"3B7KF23C9SM1","3","B","7","K","F","2","3","C","9","S","M","1",0,0,0,"000000000","00000000000",0,0,0,1,0,0,0,0,0,0,0,998,0,0,0,11,6,2,12,0,0,0,1,40,74723,6,1,0,0,3,0,70,190,0,1,0,2,1,4,2012,2,2015,0,0,0,0,0,1,2,65,1,1,2,2,0,0,1,60,99,1,1,65,"777777777777","777777777777","777777777777",1,1
40,400476,2,2,1,26,8,19,50,12,6,1,0,48,3,87,884,87884,66,2015,"1XPCP4EX3FD2","1","X","P","C","P","4","E","X","3","F","D","2",1,1,57,"692863","57692863",3,6,3,1,0,0,0,0,0,0,0,998,0,0,0,11,2,3,12,0,0,0,1,96,0,6,1,6,0,3,0,999,999,99,99,99,99,99,99,9999,99,9999,0,21,0,0,0,1,2,65,1,1,2,2,0,0,1,10,1,1,1,64,"888888888888","777777777777","777777777777",0,0
40,400477,1,1,5,15,10,3,20,21,0,1,0,40,1,20,481,20481,31,1999,"2GCEC19V2X11","2","G","C","E","C","1","9","V","2","X","1","1",0,0,0,"000000000","00000000000",0,0,0,1,0,0,0,0,0,0,0,998,0,0,0,12,6,2,35,0,0,0,1,40,74643,6,1,0,0,3,0,66,130,0,0,0,0,0,0,0,0,0,0,0,0,0,0,1,2,45,1,6,7,1,40,3,1,14,1,1,4,14,"777777777777","777777777777","777777777777",1,1
40,400478,1,2,1,29,10,11,22,12,6,1,0,40,2,22,18,22018,2,1990,"1G2NE14U9LC2","1","G","2","N","E","1","4","U","9","L","C","2",0,0,0,"000000000","00000000000",0,0,0,1,0,0,0,0,0,0,0,998,0,0,0,9,6,2,12,0,0,0,1,40,73717,6,1,0,0,3,3,61,145,0,0,0,1,0,11,2013,11,2013,0,38,0,0,0,1,2,65,1,1,2,1,20,3,1,17,1,1,1,89,"777777777777","777777777777","777777777777",1,0
40,400478,2,2,3,29,10,11,22,12,6,1,0,5,1,12,481,12481,31,2003,"1FTRX18L03NA","1","F","T","R","X","1","8","L","0","3","N","A",0,0,0,"000000000","00000000000",0,0,0,1,0,0,0,0,0,0,0,998,0,0,0,12,6,2,12,0,0,0,1,5,72776,6,1,0,0,3,0,74,190,0,0,0,0,0,0,0,0,0,0,0,0,0,0,1,4,65,1,1,2,1,0,0,1,66,7,9,2,88,"777777777777","777777777777","777777777777",0,0
40,400479,1,1,5,6,11,18,15,8,0,1,0,40,3,7,442,7442,20,2012,"2C4RDGCG0CR2","2","C","4","R","D","G","C","G","0","C","R","2",0,0,0,"000000000","00000000000",0,0,0,1,0,0,0,0,0,0,0,998,0,0,0,12,4,5,8,0,0,0,1,40,73034,6,1,0,0,3,3,67,180,0,0,0,0,0,0,0,0,0,0,0,0,0,0,1,4,40,1,1,2,2,0,0,1,80,1,1,1,13,"777777777777","777777777777","777777777777",0,0
40,400480,1,1,1,7,9,23,45,1,0,1,0,40,1,37,705,37705,80,2005,"JH2RC44005M8","J","H","2","R","C","4","4","0","0","5","M","8",0,0,0,"000000000","00000000000",0,0,0,1,0,0,0,0,0,0,0,998,0,0,0,0,2,3,1,0,0,0,1,55,74522,6,1,0,0,2,0,67,250,0,0,0,0,0,0,0,0,0,5,0,0,0,0,1,2,65,1,1,2,1,0,0,12,9,1,5,3,98,"777777777777","777777777777","777777777777",1,1
40,400481,1,1,1,9,9,12,30,8,0,1,0,40,3,20,461,20461,29,2012,"1GCSGAFX6C11","1","G","C","S","G","A","F","X","6","C","1","1",1,1,0,"000000000","00000000000",0,0,0,1,0,0,0,0,0,0,0,998,0,0,0,1,2,5,8,0,0,0,1,40,73099,6,1,0,0,3,3,67,140,0,0,0,0,0,0,0,0,0,0,0,0,0,0,3,3,60,1,1,2,1,0,0,1,80,16,2,1,13,"888888888888","777777777777","777777777777",0,0
40,400482,1,2,1,23,10,12,26,12,6,1,0,40,1,20,2,20002,4,2004,"2G1WF52E0491","2","G","1","W","F","5","2","E","0","4","9","1",0,0,0,"000000000","00000000000",0,0,0,1,0,0,0,0,0,0,0,998,0,1,5,1,6,2,12,0,0,0,1,40,73739,6,1,0,0,3,3,60,130,0,0,0,0,0,0,0,0,0,0,39,0,0,0,1,2,65,1,1,2,1,20,3,1,17,1,1,1,87,"777777777777","777777777777","777777777777",1,0
40,400482,2,2,2,23,10,12,26,12,6,1,0,40,1,2,403,2403,14,2015,"1C4BJWDG9FL6","1","C","4","B","J","W","D","G","9","F","L","6",0,0,0,"000000000","00000000000",0,0,0,1,0,0,0,0,0,0,0,998,0,0,0,12,6,2,12,0,0,0,1,40,73703,6,1,0,0,3,0,72,220,0,0,0,0,0,0,0,0,0,0,0,0,0,0,2,2,65,1,1,2,1,0,0,1,66,1,1,1,86,"777777777777","777777777777","777777777777",0,0
40,400483,2,1,1,24,10,20,0,14,0,1,0,40,1,12,481,12481,31,2015,"1FT7W2BT4FEC","1","F","T","7","W","2","B","T","4","F","E","C",0,0,0,"000000000","00000000000",0,0,0,1,0,0,0,0,0,0,0,998,0,0,0,12,4,3,14,0,0,0,1,40,73448,6,1,0,0,3,0,72,185,0,0,0,1,0,8,2014,8,2014,0,0,0,0,0,3,2,70,1,1,1,1,0,0,1,13,1,1,4,1,"777777777777","777777777777","777777777777",0,0
40,400484,1,1,1,29,10,1,40,21,0,1,0,20,2,20,481,20481,31,2012,"3GCPKSE74CG1","3","G","C","P","K","S","E","7","4","C","G","1",0,0,0,"000000000","00000000000",0,0,0,1,0,0,0,0,0,0,0,998,0,1,5,11,6,2,32,0,0,0,1,20,67735,6,1,0,0,3,0,64,125,0,0,0,0,1,11,2014,11,2014,0,28,0,0,0,1,2,55,1,1,2,1,0,0,1,12,99,9,4,6,"777777777777","777777777777","777777777777",1,1