"STATE","ST_CASE","VEH_NO","VE_FORMS","NUMOCCS","DAY","MONTH","HOUR","MINUTE","HARM_EV","MAN_COLL","UNITTYPE","HIT_RUN","REG_STAT","OWNER","MAKE","MODEL","MAK_MOD","BODY_TYP","MOD_YEAR","VIN","VIN_1","VIN_2","VIN_3","VIN_4","VIN_5","VIN_6","VIN_7","VIN_8","VIN_9","VIN_10","VIN_11","VIN_12","TOW_VEH","J_KNIFE","MCARR_I1","MCARR_I2","MCARR_ID","GVWR","V_CONFIG","CARGO_BT","HAZ_INV","HAZ_PLAC","HAZ_ID","HAZ_CNO","HAZ_REL","BUS_USE","SPEC_USE","EMER_USE","TRAV_SP","UNDERIDE","ROLLOVER","ROLINLOC","IMPACT1","DEFORMED","TOWED","M_HARM","VEH_SC1","VEH_SC2","FIRE_EXP","DR_PRES","L_STATE","DR_ZIP","L_STATUS","L_TYPE","CDL_STAT","L_ENDORS","L_COMPL","L_RESTRI","DR_HGT","DR_WGT","PREV_ACC","PREV_SUS","PREV_DWI","PREV_SPD","PREV_OTH","FIRST_MO","FIRST_YR","LAST_MO","LAST_YR","SPEEDREL","DR_SF1","DR_SF2","DR_SF3","DR_SF4","VTRAFWAY","VNUM_LAN","VSPD_LIM","VALIGN","VPROFILE","VPAVETYP","VSURCOND","VTRAFCON","VTCONT_F","P_CRASH1","P_CRASH2","P_CRASH3","PCRASH4","PCRASH5","ACC_TYPE","TRLR1VIN","TRLR2VIN","TRLR3VIN","DEATHS","DR_DRINK"
40,400485,1,1,2,4,11,20,30,42,0,1,0,40,2,76,706,76706,80,2005,"JYAVP17E05A0","J","Y","A","V","P","1","7","E","0","5","A","0",0,0,0,"000000000","00000000000",0,0,0,1,0,0,0,0,0,0,0,998,0,0,0,12,6,2,42,0,0,0,1,40,74871,6,1,0,0,2,3,70,220,0,0,0,2,0,1,2015,8,2016,4,0,0,0,0,1,2,45,3,6,2,1,0,0,1,13,99,1,4,1,"777777777777","777777777777","777777777777",1,0
40,400486,1,1,1,6,11,1,26,8,0,1,1,99,9,99,999,99999,99,9999,"999999999999","9","9","9","9","9","9","9","9","9","9","9","9",0,0,0,"000000000","00000000000",0,0,0,1,0,0,0,0,0,0,0,998,0,0,0,99,9,5,8,0,0,0,1,99,99999,9,9,99,9,9,9,999,999,99,99,99,99,99,99,9999,99,9999,9,99,99,99,99,1,2,40,1,3,2,1,0,0,99,80,99,9,9,13,"777777777777","777777777777","777777777777",0,0
40,400487,1,2,1,7,11,4,45,12,2,1,0,5,1,67,35,67035,2,2013,"JF1ZNAA15D17","J","F","1","Z","N","A","A","1","5","D","1","7",0,0,0,"000000000","00000000000",0,0,0,1,0,0,0,0,0,0,0,998,0,0,0,12,6,2,12,0,0,1,1,5,71832,6,1,0,0,3,3,66,130,0,0,0,4,2,4,2014,10,2016,0,28,0,0,0,1,2,65,1,1,2,2,0,0,1,10,1,1,2,50,"777777777777","777777777777","777777777777",1,0
40,400487,2,2,1,7,11,4,45,12,2,1,0,40,3,86,881,86881,66,2013,"1M1AN09Y6DM0","1","M","1","A","N","0","9","Y","6","D","M","0",1,1,57,"003327","57003327",3,6,3,1,0,0,0,0,0,0,0,998,0,1,5,12,6,2,2,0,0,1,1,40,74766,6,1,6,0,3,3,74,220,0,0,0,0,3,10,2012,1,2014,0,0,0,0,0,1,2,65,1,1,2,2,0,0,1,62,1,1,1,51,"888888888888","777777777777","777777777777",0,0
40,400488,1,3,1,7,11,7,46,12,6,1,0,40,2,41,51,41051,4,2011,"JM1BL1UF1B13","J","M","1","B","L","1","U","F","1","B","1","3",0,0,0,"000000000","00000000000",0,0,0,1,0,0,0,0,0,0,0,998,0,0,0,11,6,2,12,0,0,0,1,40,73018,6,1,0,0,3,0,70,130,0,0,0,0,3,12,2011,9,2014,0,28,0,0,0,2,2,65,3,1,2,2,0,0,14,10,1,1,2,64,"777777777777","777777777777","777777777777",1,0
40,400488,2,3,5,7,11,7,46,12,6,1,0,40,1,37,441,37441,20,2015,"5FNRL5H63FB0","5","F","N","R","L","5","H","6","3","F","B","0",0,0,0,"000000000","00000000000",0,0,0,1,0,0,0,0,0,0,0,998,0,0,0,11,6,2,12,0,0,0,1,40,73541,6,1,0,0,3,3,67,250,0,0,0,0,0,0,0,0,0,0,0,0,0,0,2,2,65,2,1,2,2,0,0,14,62,1,1,1,65,"777777777777","777777777777","777777777777",0,0
40,400488,3,3,1,7,11,7,46,12,6,1,0,40,1,7,482,7482,31,2007,"1D7HA18257S1","1","D","7","H","A","1","8","2","5","7","S","1",0,0,0,"000000000","00000000000",0,0,0,1,0,0,0,0,0,0,0,998,0,0,0,1,2,5,12,0,0,0,1,40,73541,6,1,0,0,3,0,74,255,0,0,0,0,0,0,0,0,0,0,0,0,0,0,2,2,65,2,1,2,2,0,0,14,62,7,9,4,98,"777777777777","777777777777","777777777777",0,0
40,400489,1,1,1,2,11,7,15,15,0,1,0,40,1,48,34,48034,4,2016,"4S3BNBC62G30","4","S","3","B","N","B","C","6","2","G","3","0",0,0,0,"000000000","00000000000",0,0,0,1,0,0,0,0,0,0,0,998,0,0,0,12,4,3,15,0,0,0,1,40,74012,6,1,0,0,3,3,61,112,0,0,0,0,0,0,0,0,0,0,0,0,0,0,1,4,30,1,1,2,1,0,0,1,83,1,1,1,13,"777777777777","777777777777","777777777777",0,0
40,400490,1,2,2,13,5,23,30,12,1,1,0,40,1,12,17,12017,4,2006,"1FAFP53U86A2","1","F","A","F","P","5","3","U","8","6","A","2",0,0,0,"000000000","00000000000",0,0,0,1,0,0,0,0,0,0,0,0,0,0,0,6,6,2,12,0,0,0,1,40,74723,6,1,6,0,3,0,75,270,0,0,0,0,0,0,0,0,0,0,54,0,0,0,1,2,65,1,1,2,1,0,0,5,53,1,1,1,21,"777777777777","777777777777","777777777777",1,0
40,400490,2,2,1,13,5,23,30,12,1,1,0,40,2,23,481,23481,31,2003,"1GTEC14X03Z3","1","G","T","E","C","1","4","X","0","3","Z","3",0,0,0,"000000000","00000000000",0,0,0,1,0,0,0,0,0,0,0,998,0,0,0,12,6,2,12,0,0,0,1,40,74701,6,2,0,0,3,3,66,200,0,0,0,0,0,0,0,0,0,0,0,0,0,0,1,2,65,1,1,2,1,0,0,1,50,1,1,1,20,"777777777777","777777777777","777777777777",0,0
40,400491,1,2,1,20,10,13,0,12,6,1,0,40,1,60,999,60999,9,9999,"999999999999","9","9","9","9","9","9","9","9","9","9","9","9",0,0,0,"000000000","00000000000",0,0,0,1,0,0,0,0,0,0,0,998,0,0,0,3,6,2,12,0,0,0,1,40,73659,6,1,0,0,3,0,69,140,0,0,0,0,0,0,0,0,0,0,48,38,0,0,1,2,65,1,3,2,1,0,0,11,15,1,1,1,68,"777777777777","777777777777","777777777777",1,0
40,400491,2,2,1,20,10,13,0,12,6,1,0,40,3,12,481,12481,31,2008,"1FDSF35Y08EE","1","F","D","S","F","3","5","Y","0","8","E","E",1,1,0,"000000000","00000000000",0,0,0,1,0,0,0,0,0,0,0,998,0,0,0,12,6,2,12,0,0,0,1,40,73639,6,1,6,0,3,3,72,190,0,0,0,0,0,0,0,0,0,0,0,0,0,0,1,2,65,1,3,2,1,0,0,1,62,99,1,1,69,"888888888888","777777777777","777777777777",0,0
40,400492,1,2,1,23,10,3,18,12,2,1,0,40,1,35,39,35039,4,1999,"JN1CA21D6XT2","J","N","1","C","A","2","1","D","6","X","T","2",0,0,0,"000000000","00000000000",0,0,0,1,0,0,0,0,0,0,0,998,0,0,0,12,6,2,12,0,0,0,1,40,74126,6,1,6,0,3,0,65,160,0,0,0,0,0,0,0,0,0,0,51,0,0,0,3,2,65,1,1,1,1,0,0,1,54,1,1,1,52,"777777777777","777777777777","777777777777",1,1
40,400492,2,2,2,23,10,3,18,12,2,1,0,6,2,49,401,49401,14,2009,"JTEZU14R19K0","J","T","E","Z","U","1","4","R","1","9","K","0",0,0,0,"000000000","00000000000",0,0,0,1,0,0,0,0,0,0,0,998,0,0,0,12,6,2,12,0,0,0,1,40,73120,6,1,0,0,3,0,69,150,0,0,0,1,0,12,2013,12,2013,0,0,0,0,0,3,2,65,1,1,1,1,0,0,1,54,1,1,1,52,"777777777777","777777777777","777777777777",0,1
40,400493,1,1,2,2,11,20,33,42,0,1,0,40,5,19,21,19021,4,2007,"1G6DW677X701","1","G","6","D","W","6","7","7","X","7","0","1",0,0,0,"000000000","00000000000",0,0,0,1,0,0,0,0,0,0,0,998,0,1,6,13,6,2,1,0,0,0,1,40,74132,0,0,0,0,0,0,999,999,0,0,0,0,0,0,0,0,0,0,37,0,0,0,1,2,35,1,1,2,1,0,0,1,13,99,9,4,1,"777777777777","777777777777","777777777777",1,0
40,400494,1,2,4,19,8,16,43,12,6,1,0,40,1,20,16,20016,4,2003,"1G1JC52F0373","1","G","1","J","C","5","2","F","0","3","7","3",0,0,0,"000000000","00000000000",0,0,0,1,0,0,0,0,0,0,0,998,0,0,0,1,6,2,12,0,0,0,1,40,73644,6,1,0,0,3,0,76,200,0,0,0,0,0,0,0,0,0,0,0,0,0,0,1,4,35,1,1,2,2,0,0,1,50,8,4,2,98,"777777777777","777777777777","777777777777",1,0
40,400494,2,2,1,19,8,16,43,12,6,1,0,40,1,55,401,55401,14,2008,"5NMSG13D88H1","5","N","M","S","G","1","3","D","8","8","H","1",0,0,0,"000000000","00000000000",0,0,0,1,0,0,0,0,0,0,0,0,0,0,0,5,6,2,12,0,0,0,1,40,73644,6,1,0,0,3,3,62,130,0,0,0,0,0,0,0,0,0,0,0,0,0,0,1,4,35,1,1,2,2,0,0,7,53,1,1,1,98,"777777777777","777777777777","777777777777",0,0
40,400495,1,2,1,28,10,20,26,12,6,1,0,48,3,87,884,87884,66,2006,"1XP5DB9X36D8","1","X","P","5","D","B","9","X","3","6","D","8",1,1,57,"488422","57488422",3,6,2,2,2,1993,3,1,0,0,0,998,0,0,0,5,6,2,12,0,0,0,1,48,76234,6,1,6,1,3,0,999,999,0,12,0,2,1,12,2011,3,2016,0,48,0,0,0,1,2,65,1,3,2,1,0,0,11,15,1,1,1,68,"888888888888","777777777777","777777777777",0,0
40,400495,2,2,2,28,10,20,26,12,6,1,0,40,2,14,6,14006,4,1999,"2MEFM75W8XX6","2","M","E","F","M","7","5","W","8","X","X","6",0,0,0,"000000000","00000000000",0,0,0,1,0,0,0,0,0,0,0,998,0,0,0,12,6,2,12,0,0,0,1,40,73010,6,1,0,0,3,0,69,165,0,0,0,0,0,0,0,0,0,0,0,0,0,0,1,2,65,1,3,2,1,0,0,1,62,7,9,3,69,"777777777777","777777777777","777777777777",1,0
40,400496,1,1,1,3,11,19,19,8,0,1,1,99,9,99,999,99999,99,9999,"999999999999","9","9","9","9","9","9","9","9","9","9","9","9",0,0,0,"000000000","00000000000",0,0,0,1,0,0,0,0,0,0,0,998,0,0,0,12,4,5,8,0,0,0,1,99,99999,9,9,99,9,9,9,999,999,99,99,99,99,99,99,9999,99,9999,9,0,0,0,0,1,4,40,1,1,2,1,0,0,1,80,99,1,1,13,"777777777777","777777777777","777777777777",0,0
40,400497,1,1,1,19,10,16,48,35,0,1,0,40,1,72,706,72706,80,2016,"1HD1KHM10GB6","1","H","D","1","K","H","M","1","0","G","B","6",0,0,0,"000000000","00000000000",0,0,0,1,0,0,0,0,0,0,0,998,0,0,0,1,6,2,35,0,0,0,1,40,74361,6,1,0,0,2,0,76,270,0,0,0,1,0,1,2012,1,2012,4,0,0,0,0,1,2,55,3,6,2,2,0,0,14,13,99,1,4,1,"777777777777","777777777777","777777777777",1,0
40,400498,1,1,1,3,11,23,10,8,0,1,1,99,9,99,999,99999,99,9999,"999999999999","9","9","9","9","9","9","9","9","9","9","9","9",0,0,0,"000000000","00000000000",0,0,0,1,0,0,0,0,0,0,0,998,0,0,0,1,9,5,8,0,0,0,1,99,99999,9,9,99,9,9,9,999,999,99,99,99,99,99,99,9999,99,9999,0,99,99,99,99,2,2,50,1,1,2,1,0,0,1,80,99,1,1,13,"777777777777","777777777777","777777777777",0,0
40,400499,1,2,4,4,11,18,14,12,6,1,0,40,2,49,43,49043,4,2014,"4T1BK1EB2EU1","4","T","1","B","K","1","E","B","2","E","U","1",0,0,0,"000000000","00000000000",0,0,0,1,0,0,0,0,0,0,0,998,0,0,0,4,6,2,12,0,0,0,1,40,73703,6,1,0,0,3,0,70,170,0,0,0,0,0,0,0,0,0,0,38,0,0,0,1,2,65,1,1,2,1,21,3,1,17,99,1,1,87,"777777777777","777777777777","777777777777",2,0
40,400499,2,2,1,4,11,18,14,12,6,1,0,40,1,12,481,12481,31,2012,"1FTFW1ETXCFA","1","F","T","F","W","1","E","T","X","C","F","A",0,0,0,"000000000","00000000000",0,0,0,1,0,0,0,0,0,0,0,998,0,0,0,12,6,2,12,0,0,0,1,40,74074,6,1,0,0,3,0,71,210,0,0,0,0,0,0,0,0,0,0,0,0,0,0,2,2,65,1,1,1,1,0,0,1,66,7,9,3,86,"777777777777","777777777777","777777777777",0,0
40,400500,1,2,1,16,11,15,49,12,6,1,0,40,2,41,52,41052,6,2008,"JM1CR2939803","J","M","1","C","R","2","9","3","9","8","0","3",0,0,0,"000000000","00000000000",0,0,0,1,0,0,0,0,0,0,0,998,0,0,0,10,6,2,12,0,0,0,1,40,73084,6,1,0,0,3,0,62,125,0,0,0,0,0,0,0,0,0,0,38,0,0,0,1,2,25,1,1,2,1,20,3,11,15,1,1,1,82,"777777777777","777777777777","777777777777",1,0
40,400500,2,2,1,16,11,15,49,12,6,1,0,22,3,51,881,51881,66,2014,"4V4M19EH6EN1","4","V","4","M","1","9","E","H","6","E","N","1",1,1,57,"029124","57029124",3,6,1,1,0,0,0,0,0,0,0,998,0,0,0,12,6,2,12,0,0,0,1,40,73160,6,1,6,0,3,3,75,226,0,0,0,1,0,2,2014,2,2014,0,0,0,0,0,1,4,50,1,1,2,1,0,0,1,67,1,1,1,83,"888888888888","777777777777","777777777777",0,0
40,400501,1,1,1,23,10,15,59,5,0,1,0,40,2,73,705,73705,80,1999,"JKAZX4G1XXA0","J","K","A","Z","X","4","G","1","X","X","A","0",0,0,0,"000000000","00000000000",0,0,0,1,0,0,0,0,0,0,0,998,0,0,0,0,6,2,5,0,0,0,1,40,73044,0,0,0,0,0,0,72,155,0,2,0,0,0,8,2014,2,2015,3,0,0,0,0,1,2,98,3,6,2,1,0,0,14,13,99,9,4,0,"777777777777","777777777777","777777777777",1,1
40,400502,1,1,2,8,11,15,40,58,0,1,0,40,1,23,481,23481,31,2011,"3GTP2VE3XBG1","3","G","T","P","2","V","E","3","X","B","G","1",0,0,0,"000000000","00000000000",0,0,0,1,0,0,0,0,0,0,0,998,0,1,5,14,6,2,1,0,0,0,1,40,73801,6,1,0,0,3,0,75,180,0,0,0,0,0,0,0,0,0,3,0,0,0,0,1,2,55,1,5,5,1,0,0,1,6,1,1,1,12,"777777777777","777777777777","777777777777",1,1
40,400503,1,2,2,14,11,8,40,12,2,1,0,40,2,37,32,37032,4,2002,"1HGCG56692A1","1","H","G","C","G","5","6","6","9","2","A","1",0,0,0,"000000000","00000000000",0,0,0,1,0,0,0,0,0,0,0,998,0,0,0,12,6,2,12,0,0,0,1,40,74820,0,0,0,0,0,0,71,160,0,0,0,0,0,0,0,0,0,0,28,0,0,0,1,2,65,1,1,1,1,0,0,1,10,1,1,2,50,"777777777777","777777777777","777777777777",1,0
40,400503,2,2,1,14,11,8,40,12,2,1,0,18,3,82,881,82881,66,2015,"3AKJGEDV7FDG","3","A","K","J","G","E","D","V","7","F","D","G",1,1,57,"2494613","572494613",3,6,7,1,0,0,0,0,0,0,0,998,0,0,0,12,6,2,12,0,0,0,1,40,74105,6,1,6,0,3,3,75,180,0,0,0,0,0,0,0,0,0,0,0,0,0,0,1,2,65,1,1,1,1,0,0,1,62,7,9,3,51,"888888888888","777777777777","777777777777",0,0
40,400504,1,1,2,16,10,21,45,8,0,1,0,40,2,49,402,49402,14,2013,"2T3WFREV8DW0","2","T","3","W","F","R","E","V","8","D","W","0",0,0,0,"000000000","00000000000",0,0,0,1,0,0,0,0,0,0,0,998,0,0,0,12,4,3,8,0,0,0,1,40,74059,6,1,0,0,3,3,73,220,0,0,0,1,1,9,2016,9,2016,0,99,99,99,99,1,2,35,1,5,1,1,0,0,1,13,1,1,4,13,"777777777777","777777777777","777777777777",0,0
40,400505,1,1,1,3,11,16,59,58,0,1,0,40,1,7,482,7482,31,1996,"3B7HC13Z3TG1","3","B","7","H","C","1","3","Z","3","T","G","1",0,0,0,"000000000","00000000000",0,0,0,1,0,0,0,0,0,0,0,998,0,0,0,98,2,3,5,0,0,0,1,40,73059,2,1,0,0,2,0,64,115,0,1,0,1,1,2,2014,7,2016,0,0,0,0,0,1,2,45,1,6,4,1,0,0,1,12,99,1,4,6,"777777777777","777777777777","777777777777",1,0
40,400506,1,2,3,14,11,18,55,12,1,1,0,40,2,12,481,12481,31,2001,"1FTNX20L01EB","1","F","T","N","X","2","0","L","0","1","E","B",0,0,0,"000000000","00000000000",0,0,0,1,0,0,0,0,0,0,0,998,0,0,0,6,6,2,12,0,0,0,1,40,74730,6,1,0,0,3,3,72,180,0,0,0,1,0,12,2015,12,2015,0,0,0,0,0,1,4,55,1,1,2,1,0,0,15,53,7,1,3,25,"777777777777","777777777777","777777777777",0,0
40,400506,2,2,1,14,11,18,55,12,1,1,0,40,2,35,39,35039,4,2000,"JN1CA31D1YT7","J","N","1","C","A","3","1","D","1","Y","T","7",0,0,0,"000000000","00000000000",0,0,0,1,0,0,0,0,0,0,0,998,0,0,0,12,6,2,12,0,0,0,1,40,73449,1,1,0,0,2,0,65,160,1,0,0,0,1,12,2015,4,2016,3,0,0,0,0,1,4,55,1,1,2,1,0,0,1,51,1,1,1,24,"777777777777","777777777777","777777777777",1,1
40,400507,1,1,1,20,11,4,17,52,0,1,0,40,2,12,481,12481,31,1994,"1FTDF15Y3RLA","1","F","T","D","F","1","5","Y","3","R","L","A",0,0,0,"000000000","00000000000",0,0,0,1,0,0,0,0,0,0,0,998,0,0,0,12,6,2,52,0,0,1,1,40,74027,6,1,0,0,3,3,62,120,0,0,0,0,0,0,0,0,0,0,0,0,0,0,1,2,65,1,1,2,1,0,0,1,13,1,1,4,1,"777777777777","777777777777","777777777777",1,1
40,400508,1,1,1,21,11,12,15,1,0,1,0,40,1,7,43,7043,4,2003,"1B3EL36X73N5","1","B","3","E","L","3","6","X","7","3","N","5",0,0,0,"000000000","00000000000",0,0,0,1,0,0,0,0,0,0,0,998,0,2,5,0,6,2,59,0,0,0,1,40,73099,6,1,0,0,3,0,63,105,0,0,0,0,0,0,0,0,0,0,27,0,0,0,3,2,75,1,6,2,1,0,0,17,10,7,3,4,2,"777777777777","777777777777","777777777777",1,0
40,400509,1,1,1,23,11,2,25,8,0,1,1,99,9,99,999,99999,99,9999,"999999999999","9","9","9","9","9","9","9","9","9","9","9","9",0,0,0,"000000000","00000000000",0,0,0,1,0,0,0,0,0,0,0,998,0,0,0,12,9,5,8,0,0,0,1,99,99999,9,9,99,9,9,9,999,999,99,99,99,99,99,99,9999,99,9999,0,0,0,0,0,1,4,40,1,1,2,1,0,0,1,80,99,9,3,13,"777777777777","777777777777","777777777777",0,0
40,400510,1,2,1,5,11,0,17,12,2,1,0,40,1,20,36,20036,2,2005,"2G1WW12E7592","2","G","1","W","W","1","2","E","7","5","9","2",0,0,0,"000000000","00000000000",0,0,0,1,0,0,0,0,0,0,0,998,0,0,0,12,6,2,12,0,0,0,1,40,73110,2,1,0,0,2,3,70,210,0,4,1,0,4,10,2013,8,2016,0,28,0,0,0,1,4,45,1,1,2,1,0,0,1,10,1,1,2,50,"777777777777","777777777777","777777777777",1,1
40,400510,2,2,1,5,11,0,17,12,2,1,0,40,1,49,442,49442,20,2012,"5TDDK3DC0CS0","5","T","D","D","K","3","D","C","0","C","S","0",0,0,0,"000000000","00000000000",0,0,0,1,0,0,0,0,0,0,0,998,0,0,0,12,6,2,12,0,0,0,1,40,73110,6,1,0,0,3,0,68,210,0,0,0,0,0,0,0,0,0,0,0,0,0,0,1,4,45,1,1,2,1,0,0,1,62,1,1,1,51,"777777777777","777777777777","777777777777",0,0
40,400511,1,2,1,16,11,16,6,12,6,1,0,40,2,30,40,30040,4,2012,"3VWLL7AJ1CM3","3","V","W","L","L","7","A","J","1","C","M","3",0,0,0,"000000000","00000000000",0,0,0,1,0,0,0,0,0,0,0,998,0,0,0,11,6,2,12,0,0,0,1,40,73010,0,0,0,0,0,0,999,999,0,0,0,0,0,0,0,0,0,0,38,0,0,0,1,2,45,3,1,2,1,20,3,11,15,1,1,1,82,"777777777777","777777777777","777777777777",1,0
40,400511,2,2,1,16,11,16,6,12,6,1,0,40,3,98,809,98809,64,2000,"2FZNEXYB3YAF","2","F","Z","N","E","X","Y","B","3","Y","A","F",0,0,57,"817976","57817976",3,1,4,1,0,0,0,0,0,0,0,998,0,0,0,11,4,5,12,0,0,0,1,40,73170,6,1,6,0,3,3,67,180,0,0,0,0,0,0,0,0,0,0,0,0,0,0,1,2,45,3,1,2,1,0,0,14,67,1,1,1,83,"777777777777","777777777777","777777777777",0,0
40,400512,1,2,2,17,11,6,6,12,1,1,0,40,2,63,38,63038,5,2014,"KNAFX4A69E50","K","N","A","F","X","4","A","6","9","E","5","0",0,0,0,"000000000","00000000000",0,0,0,1,0,0,0,0,0,0,0,998,0,0,0,6,6,2,12,0,0,0,1,40,73112,0,0,0,0,0,0,70,195,0,0,0,0,0,0,0,0,0,0,0,0,0,0,1,4,50,1,1,2,1,3,3,4,53,1,1,1,25,"777777777777","777777777777","777777777777",0,0
40,400512,2,2,1,17,11,6,6,12,1,1,0,40,2,37,402,37402,14,2002,"JHLRD78862C0","J","H","L","R","D","7","8","8","6","2","C","0",0,0,0,"000000000","00000000000",0,0,0,1,0,0,0,0,0,0,0,998,0,0,0,12,6,2,12,0,0,0,1,40,73160,6,1,0,0,3,3,72,225,0,0,0,0,0,0,0,0,0,0,0,0,0,0,1,4,50,1,1,2,1,3,3,1,51,1,1,1,24,"777777777777","777777777777","777777777777",1,0
40,400513,1,1,1,17,11,18,35,8,0,1,0,40,3,12,16,12016,4,2006,"2FAFP71W76X1","2","F","A","F","P","7","1","W","7","6","X","1",0,0,0,"000000000","00000000000",0,0,0,1,0,0,0,0,0,0,0,998,0,0,0,1,4,3,8,0,0,0,1,40,73075,6,1,0,0,3,3,72,240,0,0,0,0,0,0,0,0,0,0,0,0,0,0,2,2,45,1,1,2,1,0,0,1,80,1,1,1,13,"777777777777","777777777777","777777777777",0,0
40,400514,1,1,1,22,11,23,27,42,0,1,0,40,0,14,38,14038,3,1999,"1ZWFT61L1X56","1","Z","W","F","T","6","1","L","1","X","5","6",0,0,0,"000000000","00000000000",0,0,0,1,0,0,0,0,0,0,0,998,0,0,0,9,6,2,42,0,0,0,1,40,74354,6,1,0,0,3,0,61,110,0,0,0,0,0,0,0,0,0,0,0,0,0,0,1,2,55,1,5,2,2,0,0,99,13,99,9,4,2,"777777777777","777777777777","777777777777",1,0
40,400515,1,1,1,25,11,99,99,8,0,1,1,40,1,12,481,12481,31,2006,"1FTRW12W76KC","1","F","T","R","W","1","2","W","7","6","K","C",0,0,0,"000000000","00000000000",0,0,0,1,0,0,0,0,0,0,0,998,0,0,0,1,4,5,8,0,0,0,1,40,74146,0,0,0,0,0,0,66,200,0,1,0,0,1,3,2016,3,2016,0,0,0,0,0,1,2,45,1,1,2,4,0,0,1,80,1,1,1,13,"777777777777","777777777777","777777777777",0,0
40,400516,1,2,4,25,11,23,0,12,6,1,0,40,1,12,3,12003,2,2012,"1ZVBP8AMXC52","1","Z","V","B","P","8","A","M","X","C","5","2",0,0,0,"000000000","00000000000",0,0,0,1,0,0,0,0,0,0,0,998,0,0,0,4,6,2,12,0,0,0,1,40,73542,6,1,0,0,3,0,64,130,0,0,0,0,0,0,0,0,0,0,38,0,0,0,1,2,55,1,1,2,1,20,3,1,17,1,1,1,87,"777777777777","777777777777","777777777777",1,0
40,400516,2,2,1,25,11,23,0,12,6,1,0,28,3,82,881,82881,66,2015,"3AKJGLD58FSF","3","A","K","J","G","L","D","5","8","F","S","F",1,1,57,"154237","57154237",3,6,1,1,0,0,0,0,0,0,0,998,0,0,0,12,6,2,12,0,0,0,1,29,65203,6,8,6,0,3,0,69,230,0,0,0,0,0,0,0,0,0,0,0,0,0,0,1,2,65,1,1,2,1,0,0,1,66,16,2,3,86,"888888888888","777777777777","777777777777",0,0
40,400517,1,1,1,26,11,2,15,24,0,1,0,40,1,39,36,39036,4,2005,"SAJWA51A25WE","S","A","J","W","A","5","1","A","2","5","W","E",0,0,0,"000000000","00000000000",0,0,0,1,0,0,0,0,0,0,0,998,0,1,5,1,6,2,24,0,0,1,1,40,74106,6,1,0,0,3,3,65,220,0,0,0,0,0,0,0,0,0,3,0,0,0,0,3,3,55,2,5,2,1,0,0,14,13,99,3,4,2,"777777777777","777777777777","777777777777",1,1
40,400518,1,3,1,12,11,22,49,12,1,1,0,40,3,72,706,72706,80,2013,"1HD4CR216DC4","1","H","D","4","C","R","2","1","6","D","C","4",0,0,0,"000000000","00000000000",0,0,0,1,0,0,0,0,0,0,0,998,0,0,0,6,6,2,54,0,0,0,1,40,74857,6,1,0,0,3,0,73,148,1,0,0,1,1,4,2013,5,2016,0,38,0,0,0,2,2,65,1,1,2,1,0,0,16,11,1,1,7,32,"777777777777","777777777777","777777777777",1,0
40,400518,2,3,2,12,11,22,49,12,1,1,0,40,1,12,401,12401,14,2006,"1FMEU62EX6UA","1","F","M","E","U","6","2","E","X","6","U","A",0,0,0,"000000000","00000000000",0,0,0,1,0,0,0,0,0,0,0,998,0,0,0,12,6,2,12,0,0,0,1,40,74105,6,1,0,0,3,0,63,250,0,0,0,0,0,0,0,0,0,0,0,0,0,0,2,2,65,1,1,2,1,0,0,1,64,1,1,1,32,"777777777777","777777777777","777777777777",0,0
40,400518,3,3,3,12,11,22,49,12,1,1,0,40,1,59,403,59403,14,2007,"2T2GK31U37C0","2","T","2","G","K","3","1","U","3","7","C","0",0,0,0,"000000000","00000000000",0,0,0,1,0,0,0,0,0,0,0,998,0,0,0,14,2,5,54,0,0,0,1,40,74055,6,1,0,0,3,0,64,150,0,0,0,0,0,0,0,0,0,0,0,0,0,0,2,2,65,1,1,2,1,0,0,1,98,1,1,1,98,"777777777777","777777777777","777777777777",0,0
40,400519,1,2,3,16,7,10,53,12,6,1,0,40,1,13,1,13001,4,2006,"1LNHM81V96Y6","1","L","N","H","M","8","1","V","9","6","Y","6",0,0,0,"000000000","00000000000",0,0,0,1,0,0,0,0,0,0,0,998,0,0,0,2,6,2,12,0,0,0,1,40,73072,6,1,0,0,3,3,73,205,0,0,0,0,0,0,0,0,0,0,48,0,0,0,1,4,40,1,1,2,1,0,0,11,15,1,1,1,68,"777777777777","777777777777","777777777777",1,0
40,400519,2,2,1,16,7,10,53,12,6,1,0,40,1,12,481,12481,31,2011,"1FT7W2BT2BEB","1","F","T","7","W","2","B","T","2","B","E","B",0,0,0,"000000000","00000000000",0,0,0,1,0,0,0,0,0,0,0,998,0,0,0,1,6,2,12,0,0,0,1,40,73071,6,1,0,0,3,0,68,160,0,0,0,1,1,6,2013,7,2014,0,0,0,0,0,1,4,40,1,1,2,1,0,0,1,62,1,1,1,69,"777777777777","777777777777","777777777777",0,0
40,400520,1,2,1,25,10,9,7,12,6,1,0,40,1,63,36,63036,6,2008,"KNAFG5262871","K","N","A","F","G","5","2","6","2","8","7","1",0,0,0,"000000000","00000000000",0,0,0,1,0,0,0,0,0,0,0,998,0,0,0,11,6,2,12,0,0,0,1,40,74112,6,1,0,0,3,3,69,165,0,0,0,0,0,0,0,0,0,0,28,0,0,0,1,2,65,1,1,2,1,0,0,1,10,1,1,2,64,"777777777777","777777777777","777777777777",1,0