"STATE","ST_CASE","VEH_NO","VE_FORMS","NUMOCCS","DAY","MONTH","HOUR","MINUTE","HARM_EV","MAN_COLL","UNITTYPE","HIT_RUN","REG_STAT","OWNER","MAKE","MODEL","MAK_MOD","BODY_TYP","MOD_YEAR","VIN","VIN_1","VIN_2","VIN_3","VIN_4","VIN_5","VIN_6","VIN_7","VIN_8","VIN_9","VIN_10","VIN_11","VIN_12","TOW_VEH","J_KNIFE","MCARR_I1","MCARR_I2","MCARR_ID","GVWR","V_CONFIG","CARGO_BT","HAZ_INV","HAZ_PLAC","HAZ_ID","HAZ_CNO","HAZ_REL","BUS_USE","SPEC_USE","EMER_USE","TRAV_SP","UNDERIDE","ROLLOVER","ROLINLOC","IMPACT1","DEFORMED","TOWED","M_HARM","VEH_SC1","VEH_SC2","FIRE_EXP","DR_PRES","L_STATE","DR_ZIP","L_STATUS","L_TYPE","CDL_STAT","L_ENDORS","L_COMPL","L_RESTRI","DR_HGT","DR_WGT","PREV_ACC","PREV_SUS","PREV_DWI","PREV_SPD","PREV_OTH","FIRST_MO","FIRST_YR","LAST_MO","LAST_YR","SPEEDREL","DR_SF1","DR_SF2","DR_SF3","DR_SF4","VTRAFWAY","VNUM_LAN","VSPD_LIM","VALIGN","VPROFILE","VPAVETYP","VSURCOND","VTRAFCON","VTCONT_F","P_CRASH1","P_CRASH2","P_CRASH3","PCRASH4","PCRASH5","ACC_TYPE","TRLR1VIN","TRLR2VIN","TRLR3VIN","DEATHS","DR_DRINK"
40,400555,1,1,1,28,11,6,24,8,0,1,0,93,3,85,881,85881,66,1993,"2XKWDB9X9PM5","2","X","K","W","D","B","9","X","9","P","M","5",1,1,57,"185040","57185040",3,6,98,1,0,0,0,0,0,0,0,998,0,0,0,12,2,3,8,0,0,0,1,40,73065,6,1,6,0,3,0,67,200,0,0,0,0,0,0,0,0,0,0,0,0,0,0,1,2,65,1,1,2,1,0,0,1,80,99,1,1,13,"888888888888","777777777777","777777777777",0,0
40,400556,1,1,1,9,12,4,0,52,0,1,0,40,2,35,50,35050,5,2010,"3N1BC1CP0AL4","3","N","1","B","C","1","C","P","0","A","L","4",0,0,0,"000000000","00000000000",0,0,0,1,0,0,0,0,0,0,0,998,0,1,3,9,6,2,1,0,0,0,1,40,74021,6,1,0,0,3,3,65,130,0,0,0,0,0,0,0,0,0,0,99,99,99,99,3,2,65,2,1,1,1,29,3,14,12,99,9,4,6,"777777777777","777777777777","777777777777",1,0
40,400557,1,2,2,13,12,23,10,12,6,1,0,40,2,6,52,6052,6,2007,"3A4FY58B57T5","3","A","4","F","Y","5","8","B","5","7","T","5",1,1,0,"000000000","00000000000",0,0,0,1,0,0,0,0,0,0,0,998,0,0,0,11,4,3,12,0,0,0,1,40,74727,6,1,0,0,3,0,70,190,0,0,0,0,0,0,0,0,0,0,0,0,0,0,2,2,70,1,1,1,1,0,0,1,65,7,9,3,77,"888888888888","777777777777","777777777777",0,0
40,400557,2,2,1,13,12,23,10,12,6,1,0,40,1,41,50,41050,4,2011,"1YVHZ8BH2B5M","1","Y","V","H","Z","8","B","H","2","B","5","M",0,0,0,"000000000","00000000000",0,0,0,1,0,0,0,0,0,0,0,998,0,0,0,3,6,2,12,0,0,0,1,40,74743,6,1,0,0,3,0,62,160,0,0,0,0,0,0,0,0,0,0,48,0,0,0,2,2,70,1,1,1,1,21,3,11,15,1,1,1,76,"777777777777","777777777777","777777777777",1,1
40,400558,1,4,1,15,12,18,10,12,6,1,0,40,1,20,481,20481,31,2002,"2GCEC19T0213","2","G","C","E","C","1","9","T","0","2","1","3",0,0,0,"000000000","00000000000",0,0,0,1,0,0,0,0,0,0,0,0,0,0,0,6,4,5,12,0,0,0,1,40,73119,6,1,0,0,3,0,68,210,0,0,0,0,0,0,0,0,0,0,54,0,0,0,3,3,60,1,3,1,4,0,0,7,78,1,1,1,98,"777777777777","777777777777","777777777777",0,0
40,400558,2,4,1,15,12,18,10,12,6,1,0,40,1,34,43,34043,2,2012,"WBAUP7C5XCVP","W","B","A","U","P","7","C","5","X","C","V","P",0,0,0,"000000000","00000000000",0,0,0,1,0,0,0,0,0,0,0,0,0,0,0,3,6,2,12,0,0,0,1,40,73170,6,1,0,0,3,0,69,145,0,0,0,0,0,0,0,0,0,0,54,0,0,0,3,3,60,1,3,1,4,0,0,7,78,1,1,1,98,"777777777777","777777777777","777777777777",0,0
40,400558,3,4,2,15,12,18,10,12,6,1,0,40,1,49,48,49048,5,2005,"JTKKT624X500","J","T","K","K","T","6","2","4","X","5","0","0",0,0,0,"000000000","00000000000",0,0,0,1,0,0,0,0,0,0,0,0,0,0,0,9,6,2,12,0,0,0,1,40,73132,6,1,0,0,3,0,65,130,0,0,0,0,0,0,0,0,0,0,54,0,0,0,3,3,60,1,3,1,4,0,0,7,78,1,1,1,48,"777777777777","777777777777","777777777777",1,0
40,400558,4,4,1,15,12,18,10,12,6,1,0,40,2,12,481,12481,31,2008,"1FTRW12W08FC","1","F","T","R","W","1","2","W","0","8","F","C",0,0,0,"000000000","00000000000",0,0,0,1,0,0,0,0,0,0,0,998,0,0,0,12,6,2,12,0,0,0,1,40,73139,6,1,0,0,3,0,68,135,0,0,0,1,3,9,2014,10,2015,4,87,0,0,0,3,3,60,1,3,1,4,0,0,1,6,99,9,6,48,"777777777777","777777777777","777777777777",0,0
40,400559,1,1,2,15,12,20,6,57,0,1,0,40,3,20,481,20481,31,2004,"2GCEK19T3412","2","G","C","E","K","1","9","T","3","4","1","2",0,0,0,"000000000","00000000000",0,0,0,1,0,0,0,0,0,0,0,998,0,1,3,12,6,2,1,0,0,0,1,40,74011,1,1,0,0,2,0,75,235,0,1,0,2,0,12,2014,6,2016,0,0,0,0,0,3,3,70,1,6,1,4,0,0,1,12,99,9,4,6,"777777777777","777777777777","777777777777",1,0
40,400560,1,2,0,19,11,6,22,12,1,1,0,40,6,7,482,7482,31,2003,"3D7KU28C93G8","3","D","7","K","U","2","8","C","9","3","G","8",0,0,0,"000000000","00000000000",0,0,0,1,0,0,0,0,0,0,0,0,0,0,0,6,6,2,12,0,0,0,0,0,99997,7,6,97,7,6,7,998,997,998,998,998,998,998,98,9998,98,9998,8,20,0,0,0,3,2,75,1,6,2,1,0,0,0,53,0,0,0,32,"777777777777","777777777777","777777777777",0,0
40,400560,2,2,1,19,11,6,22,12,1,1,0,40,1,20,23,20023,6,2006,"3GNDA23DX6S6","3","G","N","D","A","2","3","D","X","6","S","6",0,0,0,"000000000","00000000000",0,0,0,1,0,0,0,0,0,0,0,998,0,0,0,12,6,2,12,0,0,0,1,40,73112,6,1,0,0,3,3,70,215,0,0,0,0,0,0,0,0,0,0,99,99,99,99,3,2,75,1,6,2,1,0,0,1,50,99,9,2,32,"777777777777","777777777777","777777777777",1,0
40,400561,1,1,2,6,12,21,2,1,0,1,0,40,2,12,481,12481,31,2007,"1FTPW14VX7KB","1","F","T","P","W","1","4","V","X","7","K","B",0,0,0,"000000000","00000000000",0,0,0,1,0,0,0,0,0,0,0,998,0,1,3,0,6,2,1,0,0,0,1,40,73018,6,1,0,0,3,0,71,290,0,1,0,5,2,12,2011,7,2015,0,58,0,0,0,3,2,70,1,6,2,1,0,0,17,51,7,3,4,7,"777777777777","777777777777","777777777777",1,0
40,400562,1,1,1,7,12,22,35,23,0,1,0,41,3,84,884,84884,66,2002,"2HSCNASR52C0","2","H","S","C","N","A","S","R","5","2","C","0",1,1,57,"1604546","571604546",3,6,6,1,0,0,0,0,0,0,0,998,0,0,0,2,6,2,42,0,0,0,1,24,21208,6,1,6,0,3,0,71,185,0,0,0,0,0,0,0,0,0,0,0,0,0,0,3,2,60,1,1,2,1,0,0,1,13,99,1,4,1,"888888888888","777777777777","777777777777",1,0
40,400563,1,1,10,2,12,3,59,1,0,1,0,6,2,49,422,49422,15,2003,"5TDZT34A13S1","5","T","D","Z","T","3","4","A","1","3","S","1",0,0,0,"000000000","00000000000",0,0,0,1,0,0,0,0,0,0,0,998,0,1,3,0,6,2,1,0,0,0,1,99,99999,9,9,99,9,9,9,999,999,99,99,99,99,99,99,9999,99,9999,0,0,0,0,0,3,1,55,1,6,2,1,40,3,1,12,99,3,4,7,"777777777777","777777777777","777777777777",1,0
40,400564,1,2,1,3,12,16,46,12,6,1,0,40,1,13,1,13001,4,1998,"1LNFM81W2WY7","1","L","N","F","M","8","1","W","2","W","Y","7",0,0,0,"000000000","00000000000",0,0,0,1,0,0,0,0,0,0,0,998,0,0,0,11,6,2,12,0,0,0,1,40,74011,0,0,0,0,0,0,999,999,0,0,0,0,0,0,0,0,0,3,28,0,0,0,1,4,40,1,3,2,2,0,0,1,10,99,9,2,64,"777777777777","777777777777","777777777777",1,1
40,400564,2,2,1,3,12,16,46,12,6,1,0,40,1,20,481,20481,31,2007,"3GCEK14Z47G1","3","G","C","E","K","1","4","Z","4","7","G","1",1,1,0,"000000000","00000000000",0,0,0,1,0,0,0,0,0,0,0,998,0,0,0,11,6,2,12,0,0,0,1,40,74148,0,0,0,0,0,0,999,999,0,0,0,0,0,0,0,0,0,0,0,0,0,0,1,4,40,1,3,2,2,0,0,1,62,1,1,1,65,"888888888888","777777777777","777777777777",0,0
40,400565,1,1,1,15,12,2,15,24,0,1,0,93,3,82,881,82881,66,2013,"1FUJGLDR9DSB","1","F","U","J","G","L","D","R","9","D","S","B",2,1,57,"358597","57358597",3,7,2,1,0,0,0,0,0,0,0,998,0,1,5,12,6,2,2,0,0,1,1,40,73159,6,1,6,1,3,0,72,215,0,0,0,0,3,1,2015,5,2015,0,28,0,0,0,1,2,70,1,1,2,1,0,0,1,12,99,9,4,6,"888888888888","888888888888","777777777777",1,0
40,400566,1,1,1,17,12,2,35,35,0,1,0,40,2,12,21,12021,4,2005,"1FAFP24135G1","1","F","A","F","P","2","4","1","3","5","G","1",0,0,0,"000000000","00000000000",0,0,0,1,0,0,0,0,0,0,0,998,0,1,5,12,6,2,1,0,0,0,1,40,74074,6,1,0,0,3,3,68,145,0,1,0,1,2,6,2012,7,2013,4,0,0,0,0,1,2,45,1,6,4,1,0,0,1,6,99,3,4,2,"777777777777","777777777777","777777777777",1,1
40,400567,1,1,1,18,12,13,48,1,0,1,0,40,1,84,881,84881,66,1995,"1HSHBAUR6SH6","1","H","S","H","B","A","U","R","6","S","H","6",1,1,77,"777777777","77777777777",3,6,97,1,0,0,0,0,0,0,0,998,0,1,5,0,6,2,1,0,0,0,1,40,74848,6,1,8,0,2,3,69,210,0,0,0,0,0,0,0,0,0,4,28,0,0,0,1,2,65,3,6,2,1,0,0,14,13,6,5,4,7,"888888888888","777777777777","777777777777",1,0
40,400568,1,2,1,20,12,18,31,12,6,1,0,40,1,7,442,7442,20,2003,"1D4GP25313B1","1","D","4","G","P","2","5","3","1","3","B","1",0,0,0,"000000000","00000000000",0,0,0,1,0,0,0,0,0,0,0,998,0,0,0,12,6,2,12,0,0,0,1,40,74352,0,0,0,0,0,0,73,190,0,0,0,0,0,0,0,0,0,0,28,0,0,0,1,2,55,1,1,2,1,0,0,1,10,1,1,2,64,"777777777777","777777777777","777777777777",1,1
40,400568,2,2,1,20,12,18,31,12,6,1,0,40,2,7,880,7880,67,2003,"3D7MA48C53G7","3","D","7","M","A","4","8","C","5","3","G","7",0,0,88,"888888888","88888888888",2,1,97,1,0,0,0,0,0,0,0,998,0,0,0,11,6,2,12,0,0,0,1,40,74366,6,1,0,0,3,3,74,310,0,0,0,0,0,0,0,0,0,0,0,0,0,0,1,2,55,1,1,2,1,0,0,1,62,1,1,1,65,"777777777777","777777777777","777777777777",0,0
40,400569,1,1,1,23,12,19,17,8,0,1,0,40,2,63,31,63031,4,2000,"KNAFB1211Y59","K","N","A","F","B","1","2","1","1","Y","5","9",0,0,0,"000000000","00000000000",0,0,0,1,0,0,0,0,0,0,0,998,0,0,0,12,6,2,8,0,0,0,1,40,73159,0,0,0,0,0,0,67,180,0,0,0,0,0,0,0,0,0,3,0,0,0,0,1,4,40,1,6,2,1,0,0,1,80,1,1,1,13,"777777777777","777777777777","777777777777",0,1
40,400570,1,1,99,18,4,3,30,8,0,1,1,99,9,99,999,99999,99,9999,"999999999999","9","9","9","9","9","9","9","9","9","9","9","9",0,0,0,"000000000","00000000000",0,0,0,1,0,0,0,0,0,0,0,998,0,0,0,12,9,5,8,0,0,0,1,99,99999,9,9,99,9,9,9,999,999,99,99,99,99,99,99,9999,99,9999,0,0,0,0,0,2,2,65,1,1,2,2,0,0,1,80,99,9,3,13,"777777777777","777777777777","777777777777",0,0
40,400571,1,2,2,10,12,14,54,12,6,1,0,40,1,20,481,20481,31,1997,"2GCEC19W6V11","2","G","C","E","C","1","9","W","6","V","1","1",0,0,0,"000000000","00000000000",0,0,0,1,0,0,0,0,0,0,0,998,0,0,0,4,4,5,12,0,0,0,1,40,74112,6,1,0,0,3,3,73,300,0,0,0,0,0,0,0,0,0,0,38,0,0,0,1,4,55,1,1,2,1,29,3,11,15,1,1,1,68,"777777777777","777777777777","777777777777",0,0
40,400571,2,2,1,10,12,14,54,12,6,1,0,40,1,73,706,73706,80,2014,"JKBZGNC11EA0","J","K","B","Z","G","N","C","1","1","E","A","0",0,0,0,"000000000","00000000000",0,0,0,1,0,0,0,0,0,0,0,998,0,0,0,12,6,2,12,0,0,0,1,40,74429,6,1,0,0,3,3,73,175,0,0,0,0,0,0,0,0,0,0,0,0,0,0,1,4,55,1,1,2,1,0,0,1,62,1,1,1,69,"777777777777","777777777777","777777777777",1,0
40,400572,1,1,2,25,10,17,40,35,0,1,0,40,2,14,20,14020,4,2006,"1MEFM40146G6","1","M","E","F","M","4","0","1","4","6","G","6",0,0,0,"000000000","00000000000",0,0,0,1,0,0,0,0,0,0,0,998,0,1,5,11,6,2,1,0,0,0,1,40,74437,6,2,0,0,3,3,70,165,0,0,0,0,0,0,0,0,0,5,28,0,0,0,1,2,65,1,1,2,1,0,0,1,12,1,1,4,6,"777777777777","777777777777","777777777777",1,0
40,400573,1,1,1,15,12,20,49,25,0,1,0,40,1,49,472,49472,30,2006,"5TEKU72N16Z3","5","T","E","K","U","7","2","N","1","6","Z","3",0,0,0,"000000000","00000000000",0,0,0,1,0,0,0,0,0,0,0,998,0,1,5,10,6,2,1,0,0,0,1,40,73013,6,1,0,0,3,3,70,195,0,0,0,0,0,0,0,0,0,0,28,0,0,0,3,4,60,1,1,1,4,0,0,1,13,8,5,4,7,"777777777777","777777777777","777777777777",1,1
40,400574,1,1,2,20,12,23,29,33,0,1,0,40,5,54,35,54035,4,2003,"19UUA56823A0","1","9","U","U","A","5","6","8","2","3","A","0",0,0,0,"000000000","00000000000",0,0,0,1,0,0,0,0,0,0,0,998,0,1,6,98,6,2,42,0,0,0,1,40,74132,0,0,0,0,0,0,999,999,0,0,0,0,0,0,0,0,0,3,28,37,0,0,1,4,40,1,1,1,1,29,3,99,6,99,9,4,6,"777777777777","777777777777","777777777777",1,0
40,400575,1,2,1,2,12,15,53,12,2,1,0,48,3,82,881,82881,66,2002,"1FUJAHCG02LK","1","F","U","J","A","H","C","G","0","2","L","K",1,1,57,"903522","57903522",3,6,3,1,0,0,0,0,0,0,0,998,0,0,0,12,4,5,12,0,0,0,1,40,73564,6,1,6,0,3,0,72,250,0,0,0,0,0,0,0,0,0,0,28,0,0,0,1,2,65,1,1,2,1,0,0,17,52,6,9,2,50,"888888888888","777777777777","777777777777",0,0
40,400575,2,2,1,2,12,15,53,12,2,1,0,40,1,12,481,12481,31,2000,"1FTRX17W0YNB","1","F","T","R","X","1","7","W","0","Y","N","B",0,0,0,"000000000","00000000000",0,0,0,1,0,0,0,0,0,0,0,998,0,0,0,12,6,2,12,0,0,0,1,40,73554,6,1,0,0,3,0,72,200,0,0,0,0,0,0,0,0,0,0,0,0,0,0,1,2,65,1,1,2,1,0,0,1,62,99,9,3,51,"777777777777","777777777777","777777777777",1,0
40,400576,1,2,1,2,12,22,16,12,6,1,0,40,1,23,421,23421,15,2007,"1GKFC16037R3","1","G","K","F","C","1","6","0","3","7","R","3",0,0,0,"000000000","00000000000",0,0,0,1,0,0,0,0,0,0,0,998,0,0,0,11,6,2,12,0,0,0,1,40,73717,6,1,0,0,3,0,66,120,0,0,0,0,0,0,0,0,0,0,28,0,0,0,1,2,65,1,1,2,1,0,0,1,10,1,1,2,64,"777777777777","777777777777","777777777777",1,0
40,400576,2,2,1,2,12,22,16,12,6,1,0,12,3,51,881,51881,66,2015,"4V4NC9EH0FN9","4","V","4","N","C","9","E","H","0","F","N","9",1,1,57,"281321","57281321",3,6,2,1,0,0,0,0,0,0,0,998,0,0,0,11,6,2,12,0,0,0,1,40,73801,6,1,6,1,3,0,68,250,0,0,0,0,0,0,0,0,0,0,0,0,0,0,1,2,65,1,1,2,1,0,0,1,62,7,1,2,65,"888888888888","777777777777","777777777777",0,0
40,400577,1,1,1,3,12,22,45,42,0,1,0,40,1,20,481,20481,31,1982,"1GCDC14H0CJ1","1","G","C","D","C","1","4","H","0","C","J","1",0,0,0,"000000000","00000000000",0,0,0,1,0,0,0,0,0,0,0,998,0,0,0,9,6,2,42,0,0,0,1,40,74011,6,1,0,0,3,3,61,205,0,0,0,0,0,0,0,0,0,4,0,0,0,0,1,2,50,1,1,2,2,0,0,1,13,99,9,4,1,"777777777777","777777777777","777777777777",1,1
40,400578,1,1,3,7,12,22,29,34,0,1,0,40,2,20,9,20009,2,2015,"2G1FD1E32F91","2","G","1","F","D","1","E","3","2","F","9","1",0,0,0,"000000000","00000000000",0,0,0,1,0,0,0,0,0,0,0,998,0,0,0,3,6,2,34,32,0,0,1,40,73438,6,1,0,0,3,0,68,170,0,0,0,1,0,10,2016,10,2016,0,58,28,0,0,1,2,45,1,6,2,1,0,0,1,13,6,9,4,6,"777777777777","777777777777","777777777777",1,0
40,400579,1,2,1,20,12,9,49,54,11,1,0,40,3,20,881,20881,62,2007,"1GBJ6C1357F4","1","G","B","J","6","C","1","3","5","7","F","4",0,0,88,"888888888","88888888888",2,1,3,1,0,0,0,0,0,0,0,998,0,0,0,18,0,5,54,0,0,0,1,40,74017,6,1,0,0,3,0,73,185,0,0,0,0,0,0,0,0,0,0,21,0,0,0,1,2,25,1,5,2,1,20,3,10,98,1,1,1,98,"777777777777","777777777777","777777777777",0,0
40,400579,2,2,1,20,12,9,49,54,11,1,0,40,1,20,471,20471,30,2002,"1GCCS1458281","1","G","C","C","S","1","4","5","8","2","8","1",0,0,0,"000000000","00000000000",0,0,0,1,0,0,0,0,0,0,0,998,0,0,0,10,6,2,54,0,0,0,1,40,74063,6,1,0,0,3,0,73,150,0,0,0,0,0,0,0,0,0,0,0,0,0,0,1,2,40,1,6,2,1,0,0,1,98,1,1,1,98,"777777777777","777777777777","777777777777",1,0
40,400580,1,1,3,21,12,1,5,57,0,1,0,40,2,19,5,19005,2,1997,"1G6ET1297VU6","1","G","6","E","T","1","2","9","7","V","U","6",0,0,0,"000000000","00000000000",0,0,0,1,0,0,0,0,0,0,0,998,0,1,3,11,6,2,1,0,0,0,1,40,74115,0,0,0,0,0,0,72,170,0,0,0,0,1,1,2014,1,2014,3,37,0,0,0,3,3,55,3,1,1,1,0,0,99,12,99,4,4,7,"777777777777","777777777777","777777777777",1,0
40,400581,1,1,4,21,12,18,20,8,0,1,0,48,1,37,32,37032,4,2000,"1HGCG5556YA0","1","H","G","C","G","5","5","5","6","Y","A","0",0,0,0,"000000000","00000000000",0,0,0,1,0,0,0,0,0,0,0,998,0,0,0,12,6,2,8,0,0,0,1,48,77035,6,1,0,0,3,0,999,999,0,10,0,2,0,3,2012,10,2016,0,0,0,0,0,2,2,55,1,6,2,1,0,0,1,80,99,9,3,13,"777777777777","777777777777","777777777777",0,0
40,400582,1,2,1,21,12,23,10,12,7,1,0,40,1,23,421,23421,15,2016,"1GKS2CKJXGR3","1","G","K","S","2","C","K","J","X","G","R","3",0,0,0,"000000000","00000000000",0,0,0,1,0,0,0,0,0,0,0,998,0,0,0,1,6,2,12,0,0,0,1,40,74137,6,1,0,0,3,0,74,210,0,0,0,1,0,9,2015,9,2015,3,0,0,0,0,3,2,75,1,1,2,1,0,0,1,12,7,9,6,48,"777777777777","777777777777","777777777777",0,1
40,400582,2,2,2,21,12,23,10,12,7,1,0,39,2,23,461,23461,22,2007,"1GDHG31U6719","1","G","D","H","G","3","1","U","6","7","1","9",0,0,0,"000000000","00000000000",0,0,0,1,0,0,0,0,0,0,0,998,0,1,5,10,6,2,21,0,0,0,1,47,37923,6,1,0,0,3,0,71,240,0,0,0,1,2,9,2013,2,2014,0,0,0,0,0,3,2,75,1,1,2,1,0,0,1,60,1,1,1,48,"777777777777","777777777777","777777777777",1,0
40,400583,1,1,1,29,12,19,55,8,0,1,0,40,1,20,23,20023,6,2007,"3GNDA23D97S5","3","G","N","D","A","2","3","D","9","7","S","5",0,0,0,"000000000","00000000000",0,0,0,1,0,0,0,0,0,0,0,998,0,0,0,12,4,5,8,0,0,0,1,40,74128,6,1,0,0,3,0,71,175,0,0,0,0,0,0,0,0,0,0,0,0,0,0,2,2,45,1,1,1,1,0,0,1,80,1,1,1,13,"777777777777","777777777777","777777777777",0,0
40,400584,1,1,1,30,12,20,11,42,0,1,0,40,1,12,481,12481,31,2010,"1FTEX1E69AFB","1","F","T","E","X","1","E","6","9","A","F","B",0,0,0,"000000000","00000000000",0,0,0,1,0,0,0,0,0,0,0,998,0,0,0,12,6,2,42,0,0,1,1,40,74820,6,1,0,0,3,3,63,130,0,0,0,3,1,1,2015,6,2015,0,28,0,0,0,2,2,65,1,1,2,1,0,0,1,12,99,1,4,6,"777777777777","777777777777","777777777777",1,0
40,400585,1,2,2,16,12,20,0,8,0,1,0,40,1,55,35,55035,4,2013,"5NPDH4AE7DH1","5","N","P","D","H","4","A","E","7","D","H","1",0,0,0,"000000000","00000000000",0,0,0,1,0,0,0,0,0,0,0,998,0,0,0,9,2,5,8,0,0,0,1,20,66040,6,1,0,0,3,0,62,125,0,0,0,0,1,6,2014,6,2014,0,0,0,0,0,1,2,45,1,1,2,1,0,0,1,80,7,9,3,13,"777777777777","777777777777","777777777777",0,0
40,400585,2,2,3,16,12,20,0,8,0,1,0,20,2,20,421,20421,15,2003,"1GNEK13Z83R2","1","G","N","E","K","1","3","Z","8","3","R","2",0,0,0,"000000000","00000000000",0,0,0,1,0,0,0,0,0,0,0,998,0,0,0,1,4,5,8,0,0,0,1,20,66040,6,1,0,0,3,0,62,109,0,0,0,0,0,0,0,0,0,0,0,0,0,0,1,2,45,1,1,2,1,0,0,1,80,1,1,1,98,"777777777777","777777777777","777777777777",0,0
40,400586,1,1,5,7,8,13,24,10,0,1,0,40,3,20,37,20037,4,2011,"1G1ZC5N12BF1","1","G","1","Z","C","5","N","1","2","B","F","1",0,0,0,"000000000","00000000000",0,0,0,1,0,0,0,0,0,0,0,998,0,0,0,3,6,2,10,0,0,0,1,40,74956,6,1,0,0,3,0,68,115,0,0,0,0,1,12,2012,12,2012,0,39,0,0,0,1,2,25,1,1,2,1,65,3,1,90,1,1,1,15,"777777777777","777777777777","777777777777",4,0
40,400587,1,1,1,23,7,0,30,8,0,1,0,40,1,20,23,20023,6,2009,"3GNCA23B79S5","3","G","N","C","A","2","3","B","7","9","S","5",0,0,0,"000000000","00000000000",0,0,0,1,0,0,0,0,0,0,0,998,0,0,0,12,2,8,8,0,0,0,1,40,73130,6,1,0,0,3,3,69,200,0,0,0,0,1,4,2016,4,2016,0,0,0,0,0,5,8,45,1,1,2,1,0,0,1,80,1,1,1,13,"777777777777","777777777777","777777777777",0,0
40,400588,1,1,2,10,8,10,34,34,0,1,0,40,1,12,481,12481,31,1997,"1FTJW36F6VED","1","F","T","J","W","3","6","F","6","V","E","D",0,0,0,"000000000","00000000000",0,0,0,1,0,0,0,0,0,0,0,998,0,0,0,12,4,5,34,0,0,0,1,40,74650,6,1,0,0,3,0,66,126,0,0,0,0,0,0,0,0,0,0,22,0,0,0,1,2,65,1,6,2,1,0,0,98,9,1,9,4,2,"777777777777","777777777777","777777777777",1,0
40,400589,1,2,1,11,10,8,20,12,6,1,0,40,3,37,32,37032,4,2012,"1HGCP2F84CA1","1","H","G","C","P","2","F","8","4","C","A","1",0,0,0,"000000000","00000000000",0,0,0,1,0,0,0,0,0,0,0,998,0,0,0,8,6,2,12,0,0,0,1,40,73068,6,1,0,0,3,3,69,170,0,0,0,0,0,0,0,0,0,0,38,0,0,0,1,2,55,1,5,2,1,20,3,11,15,1,1,1,82,"777777777777","777777777777","777777777777",1,0
40,400589,2,2,1,11,10,8,20,12,6,1,0,40,3,35,47,35047,4,2008,"1N4BL21E88C1","1","N","4","B","L","2","1","E","8","8","C","1",0,0,0,"000000000","00000000000",0,0,0,1,0,0,0,0,0,0,0,998,0,0,0,11,6,2,12,0,0,0,1,40,74802,6,1,0,0,3,3,69,235,0,0,0,1,0,6,2013,6,2013,0,0,0,0,0,1,2,65,1,3,2,1,0,0,1,67,99,1,1,83,"777777777777","777777777777","777777777777",0,0
40,400590,1,2,1,7,10,14,15,12,6,1,0,40,1,12,481,12481,31,2010,"1FTFW1EV1AFA","1","F","T","F","W","1","E","V","1","A","F","A",0,0,0,"000000000","00000000000",0,0,0,1,0,0,0,0,0,0,0,998,0,0,0,4,4,5,12,0,0,0,1,40,73064,6,1,0,0,3,3,70,230,0,0,0,0,0,0,0,0,0,0,38,0,0,0,1,4,40,1,1,2,1,0,0,11,15,1,1,1,68,"777777777777","777777777777","777777777777",0,0
40,400590,2,2,2,7,10,14,15,12,6,1,0,40,3,9,442,9442,20,1998,"2P4GP44G2WR6","2","P","4","G","P","4","4","G","2","W","R","6",0,0,0,"000000000","00000000000",0,0,0,1,0,0,0,0,0,0,0,998,0,0,0,12,4,5,12,0,0,0,1,40,73064,6,1,0,0,3,0,63,155,0,0,0,0,0,0,0,0,0,0,0,0,0,0,1,4,40,1,1,2,1,0,0,1,62,99,1,1,69,"777777777777","777777777777","777777777777",1,0
40,400591,1,3,0,15,11,6,4,12,1,1,0,40,6,22,9,22009,2,1999,"2G2FS22KXX22","2","G","2","F","S","2","2","K","X","X","2","2",0,0,0,"000000000","00000000000",0,0,0,1,0,0,0,0,0,0,0,0,0,0,0,6,6,2,12,0,0,0,0,0,99997,7,6,97,7,6,7,998,997,998,998,998,998,998,98,9998,98,9998,8,54,0,0,0,3,2,75,1,6,1,1,0,0,0,53,0,0,0,98,"777777777777","777777777777","777777777777",0,0
40,400591,2,3,1,15,11,6,4,12,1,1,0,40,6,20,402,20402,14,1999,"2CNBJ13C5X69","2","C","N","B","J","1","3","C","5","X","6","9",0,0,0,"000000000","00000000000",0,0,0,1,0,0,0,0,0,0,0,0,0,1,5,6,6,2,8,0,0,0,0,0,99997,7,6,97,7,6,7,998,997,998,998,998,998,998,98,9998,98,9998,8,54,0,0,0,3,2,75,1,6,1,1,0,0,0,53,0,0,0,32,"777777777777","777777777777","777777777777",0,0
40,400591,3,3,1,15,11,6,4,12,1,1,0,93,3,82,881,82881,66,2016,"1FUJGED56GLH","1","F","U","J","G","E","D","5","6","G","L","H",1,1,57,"685170","57685170",3,6,1,1,0,0,0,0,0,0,0,998,0,0,0,12,6,2,12,0,0,0,1,40,73067,6,1,6,0,3,0,72,170,0,0,0,1,2,11,2012,9,2015,5,0,0,0,0,3,2,75,1,6,1,1,0,0,1,50,99,9,3,32,"888888888888","777777777777","777777777777",0,0
40,400592,1,1,1,19,11,13,12,19,0,1,0,40,1,12,481,12481,31,2002,"1FTRF07292KB","1","F","T","R","F","0","7","2","9","2","K","B",0,0,0,"000000000","00000000000",0,0,0,1,0,0,0,0,0,0,0,998,0,0,0,12,6,2,19,0,0,0,1,40,74030,6,1,0,0,3,0,67,180,0,0,0,0,0,0,0,0,0,0,28,0,0,0,2,2,65,1,6,2,1,0,0,1,8,1,9,4,7,"777777777777","777777777777","777777777777",1,0