"STATE","ST_CASE","VEH_NO","VE_FORMS","NUMOCCS","DAY","MONTH","HOUR","MINUTE","HARM_EV","MAN_COLL","UNITTYPE","HIT_RUN","REG_STAT","OWNER","MAKE","MODEL","MAK_MOD","BODY_TYP","MOD_YEAR","VIN","VIN_1","VIN_2","VIN_3","VIN_4","VIN_5","VIN_6","VIN_7","VIN_8","VIN_9","VIN_10","VIN_11","VIN_12","TOW_VEH","J_KNIFE","MCARR_I1","MCARR_I2","MCARR_ID","GVWR","V_CONFIG","CARGO_BT","HAZ_INV","HAZ_PLAC","HAZ_ID","HAZ_CNO","HAZ_REL","BUS_USE","SPEC_USE","EMER_USE","TRAV_SP","UNDERIDE","ROLLOVER","ROLINLOC","IMPACT1","DEFORMED","TOWED","M_HARM","VEH_SC1","VEH_SC2","FIRE_EXP","DR_PRES","L_STATE","DR_ZIP","L_STATUS","L_TYPE","CDL_STAT","L_ENDORS","L_COMPL","L_RESTRI","DR_HGT","DR_WGT","PREV_ACC","PREV_SUS","PREV_DWI","PREV_SPD","PREV_OTH","FIRST_MO","FIRST_YR","LAST_MO","LAST_YR","SPEEDREL","DR_SF1","DR_SF2","DR_SF3","DR_SF4","VTRAFWAY","VNUM_LAN","VSPD_LIM","VALIGN","VPROFILE","VPAVETYP","VSURCOND","VTRAFCON","VTCONT_F","P_CRASH1","P_CRASH2","P_CRASH3","PCRASH4","PCRASH5","ACC_TYPE","TRLR1VIN","TRLR2VIN","TRLR3VIN","DEATHS","DR_DRINK"
41,410073,1,1,1,3,4,2,28,42,0,1,0,41,2,23,422,23422,15,2004,"1GKFK16T14J2","1","G","K","F","K","1","6","T","1","4","J","2",0,0,0,"000000000","00000000000",0,0,0,1,0,0,0,0,0,0,0,998,0,0,0,12,6,2,42,0,0,1,1,41,97633,6,1,0,0,3,1,74,225,1,0,0,0,0,4,2012,4,2012,9,99,99,99,99,1,2,55,1,1,2,1,0,0,1,12,99,1,4,6,"777777777777","777777777777","777777777777",1,0
41,410074,1,2,1,3,4,1,30,12,2,1,0,16,2,24,1,24001,4,1999,"1G8ZF5286XZ2","1","G","8","Z","F","5","2","8","6","X","Z","2",0,0,0,"000000000","00000000000",0,0,0,1,0,0,0,0,0,0,0,998,0,0,0,12,6,2,12,0,0,0,1,16,83628,0,0,0,0,0,0,68,185,0,0,0,0,0,0,0,0,0,0,51,0,0,0,2,2,70,1,1,2,1,0,0,1,54,1,1,1,52,"777777777777","777777777777","777777777777",1,1
41,410074,2,2,2,3,4,1,30,12,2,1,0,16,1,20,443,20443,20,2001,"1GNDU03E91D1","1","G","N","D","U","0","3","E","9","1","D","1",0,0,0,"000000000","00000000000",0,0,0,1,0,0,0,0,0,0,0,998,0,0,0,12,6,2,12,0,0,0,1,16,83628,1,1,0,0,2,0,65,260,0,1,1,0,2,2,2013,11,2015,0,0,0,0,0,2,2,70,1,1,2,1,0,0,1,54,99,1,1,52,"777777777777","777777777777","777777777777",1,0
41,410075,1,3,1,3,4,18,45,12,7,1,0,41,1,72,706,72706,80,2008,"1HD1CZ3148K4","1","H","D","1","C","Z","3","1","4","8","K","4",0,0,0,"000000000","00000000000",0,0,0,1,0,0,0,0,0,0,0,998,0,0,0,5,6,2,12,0,0,0,1,41,97080,6,1,0,0,3,0,66,140,0,0,0,2,0,7,2012,2,2015,4,39,0,0,0,1,2,25,1,2,2,1,20,3,1,6,99,1,1,48,"777777777777","777777777777","777777777777",1,0
41,410075,2,3,1,3,4,18,45,12,7,1,0,41,1,30,47,30047,3,2002,"3VWCB21C32M4","3","V","W","C","B","2","1","C","3","2","M","4",0,0,0,"000000000","00000000000",0,0,0,1,0,0,0,0,0,0,0,0,0,0,0,9,9,5,12,0,0,0,1,41,97080,6,1,0,0,3,0,64,120,0,0,0,0,0,0,0,0,0,0,0,0,0,0,1,2,25,1,2,2,1,20,3,5,53,1,1,1,48,"777777777777","777777777777","777777777777",0,0
41,410075,3,3,3,3,4,18,45,12,7,1,0,41,1,12,423,12423,16,2004,"1FMNU41S54EB","1","F","M","N","U","4","1","S","5","4","E","B",0,0,0,"000000000","00000000000",0,0,0,1,0,0,0,0,0,0,0,998,0,0,0,2,9,2,12,0,0,0,1,41,97089,6,1,0,0,3,0,72,205,0,0,0,0,0,0,0,0,0,0,0,0,0,0,1,2,25,1,2,2,1,0,0,1,66,99,1,1,98,"777777777777","777777777777","777777777777",0,0
41,410076,1,3,1,4,4,0,27,12,2,1,0,41,1,35,50,35050,5,2012,"3N1BC1CP7CK2","3","N","1","B","C","1","C","P","7","C","K","2",0,0,0,"000000000","00000000000",0,0,0,1,0,0,0,0,0,0,0,998,0,0,0,12,6,2,12,0,0,0,1,41,97006,6,1,0,0,3,0,60,115,0,0,0,0,0,0,0,0,0,0,51,0,0,0,6,2,35,1,1,2,2,0,0,1,54,1,1,1,52,"777777777777","777777777777","777777777777",1,1
41,410076,2,3,2,4,4,0,27,12,2,1,0,41,1,49,482,49482,31,2013,"5TFUY5F19DX2","5","T","F","U","Y","5","F","1","9","D","X","2",0,0,0,"000000000","00000000000",0,0,0,1,0,0,0,0,0,0,0,998,0,0,0,12,9,2,12,0,0,0,1,41,97123,6,1,0,0,3,0,66,198,0,0,0,2,3,5,2011,1,2016,0,0,0,0,0,6,2,35,1,1,2,2,0,0,1,54,1,1,1,52,"777777777777","777777777777","777777777777",0,0
41,410076,3,3,1,4,4,0,27,12,2,1,0,41,1,12,37,12037,4,2005,"1FAFP34N15W3","1","F","A","F","P","3","4","N","1","5","W","3",0,0,0,"000000000","00000000000",0,0,0,1,0,0,0,0,0,0,0,998,0,0,0,12,9,5,12,0,0,0,1,41,97229,6,1,0,0,3,0,66,145,0,0,0,1,0,9,2014,9,2014,0,0,0,0,0,6,2,35,1,1,2,2,0,0,1,54,1,1,1,98,"777777777777","777777777777","777777777777",0,0
41,410077,1,1,1,4,1,15,14,8,0,1,0,17,1,35,51,35051,6,2009,"JN8AS58V99W4","J","N","8","A","S","5","8","V","9","9","W","4",0,0,0,"000000000","00000000000",0,0,0,1,0,0,0,0,0,0,0,998,0,0,0,12,0,5,8,0,0,0,1,17,60047,6,1,0,0,3,0,63,130,0,0,0,1,0,3,2014,3,2014,0,38,0,0,0,1,2,30,1,1,2,3,0,0,1,80,1,1,1,13,"777777777777","777777777777","777777777777",0,0
41,410078,1,1,2,8,1,18,23,8,0,1,0,41,1,7,482,7482,31,2014,"1C6RR7ST3ES1","1","C","6","R","R","7","S","T","3","E","S","1",0,0,0,"000000000","00000000000",0,0,0,1,0,0,0,0,0,0,0,998,0,0,0,12,9,5,8,0,0,0,1,41,97527,6,1,0,0,3,0,69,220,0,0,0,0,0,0,0,0,0,9,99,99,99,99,5,5,45,1,1,2,2,2,3,10,80,1,1,1,13,"777777777777","777777777777","777777777777",0,0
41,410079,1,1,1,8,2,6,40,8,0,1,0,41,1,52,48,52048,5,2014,"ML32A3HJ8EH0","M","L","3","2","A","3","H","J","8","E","H","0",0,0,0,"000000000","00000000000",0,0,0,1,0,0,0,0,0,0,0,998,0,0,0,12,9,3,8,0,0,0,1,41,97222,6,1,0,0,3,0,66,125,0,0,0,2,1,1,2013,1,2016,0,0,0,0,0,1,4,40,1,2,2,1,0,0,1,80,1,1,1,13,"777777777777","777777777777","777777777777",0,0
41,410080,1,3,3,11,3,14,42,12,2,1,0,41,2,63,401,63401,14,2002,"KNDJA7238251","K","N","D","J","A","7","2","3","8","2","5","1",0,0,0,"000000000","00000000000",0,0,0,1,0,0,0,0,0,0,0,998,0,0,0,12,6,2,12,0,0,0,1,41,97101,6,1,0,0,3,0,70,150,0,0,0,0,0,0,0,0,0,4,28,0,0,0,1,2,55,2,5,2,2,40,3,14,10,1,1,2,50,"777777777777","777777777777","777777777777",0,0
41,410080,2,3,1,11,3,14,42,12,2,1,0,41,2,20,34,20034,3,1994,"2C1MS2466R67","2","C","1","M","S","2","4","6","6","R","6","7",0,0,0,"000000000","00000000000",0,0,0,1,0,0,0,0,0,0,0,998,0,0,0,12,9,2,12,0,0,0,1,41,97305,6,1,0,0,3,0,71,220,0,1,0,0,1,3,2012,8,2014,0,0,0,0,0,1,2,55,3,6,2,2,0,0,14,62,16,1,1,51,"777777777777","777777777777","777777777777",1,0
41,410080,3,3,1,11,3,14,42,12,2,1,0,41,2,37,31,37031,4,2001,"2HGES25731H5","2","H","G","E","S","2","5","7","3","1","H","5",0,0,0,"000000000","00000000000",0,0,0,1,0,0,0,0,0,0,0,998,0,0,0,12,9,2,12,0,0,0,1,41,97381,6,1,0,0,3,0,69,290,0,0,0,1,0,8,2014,8,2014,0,0,0,0,0,1,2,55,3,6,2,2,0,0,14,62,16,1,1,98,"777777777777","777777777777","777777777777",0,0
41,410081,1,2,1,31,3,18,25,12,2,1,0,41,3,12,401,12401,14,2002,"1FMDU72E72ZA","1","F","M","D","U","7","2","E","7","2","Z","A",0,0,0,"000000000","00000000000",0,0,0,1,0,0,0,0,0,0,0,998,0,0,0,12,9,2,12,0,0,0,1,41,97754,0,0,0,0,0,0,73,160,0,2,0,0,0,12,2012,3,2016,9,28,0,0,0,1,2,55,1,1,2,1,0,0,1,10,99,1,2,50,"777777777777","777777777777","777777777777",0,0
41,410081,2,2,1,31,3,18,25,12,2,1,0,41,2,6,441,6441,20,2003,"2C8GP64LX3R3","2","C","8","G","P","6","4","L","X","3","R","3",0,0,0,"000000000","00000000000",0,0,0,1,0,0,0,0,0,0,0,998,0,0,0,12,9,2,12,0,0,0,1,41,97741,6,1,0,0,3,0,68,342,0,0,0,0,0,0,0,0,0,0,0,0,0,0,1,2,55,1,1,2,1,0,0,1,62,1,1,1,51,"777777777777","777777777777","777777777777",1,0
41,410082,1,2,1,2,4,13,38,12,2,1,0,41,2,20,443,20443,20,2002,"1GNDV03E42D2","1","G","N","D","V","0","3","E","4","2","D","2",0,0,0,"000000000","00000000000",0,0,0,1,0,0,0,0,0,0,0,998,0,0,0,12,6,2,12,0,0,0,1,41,97701,6,1,0,0,3,1,66,120,0,0,0,0,0,0,0,0,0,0,28,0,0,0,1,2,65,1,1,2,1,0,0,1,10,99,1,2,50,"777777777777","777777777777","777777777777",1,0
41,410082,2,2,1,2,4,13,38,12,2,1,0,93,3,82,881,82881,66,1999,"1FUYSXZB4XPF","1","F","U","Y","S","X","Z","B","4","X","P","F",1,1,57,"2377453","572377453",3,6,1,1,0,0,0,0,0,0,0,998,0,0,0,12,9,2,12,0,0,0,1,53,98908,6,1,6,0,3,1,72,270,2,4,0,5,11,6,2011,10,2015,0,0,0,0,0,1,2,65,1,1,2,1,0,0,1,62,1,1,1,51,"1M9FS5343XW1","777777777777","777777777777",0,0
41,410083,1,2,1,15,2,16,14,12,6,1,0,93,3,82,881,82881,64,1999,"1FV6GFBC6XHA","1","F","V","6","G","F","B","C","6","X","H","A",0,0,57,"2414261","572414261",2,1,1,1,0,0,0,0,0,0,0,998,0,0,0,5,2,5,12,0,0,0,1,53,98664,6,1,6,0,3,0,68,180,0,0,0,0,0,0,0,0,0,0,38,0,0,0,5,5,35,1,1,2,1,2,3,11,15,1,1,1,68,"777777777777","777777777777","777777777777",0,0
41,410083,2,2,1,15,2,16,14,12,6,1,0,41,1,37,706,37706,80,2001,"JH2SC44031M1","J","H","2","S","C","4","4","0","3","1","M","1",0,0,0,"000000000","00000000000",0,0,0,1,0,0,0,0,0,0,0,998,0,0,0,12,6,2,12,0,0,0,1,41,97233,6,1,0,0,3,0,67,150,0,0,0,0,0,0,0,0,0,3,0,0,0,0,5,5,35,1,1,2,1,2,3,1,62,1,1,1,69,"777777777777","777777777777","777777777777",1,0
41,410084,1,1,1,8,1,21,36,1,0,1,0,41,1,2,404,2404,14,1995,"1J4GZ58Y6SC5","1","J","4","G","Z","5","8","Y","6","S","C","5",0,0,0,"000000000","00000000000",0,0,0,1,0,0,0,0,0,0,0,998,0,1,6,0,6,2,1,0,0,0,1,41,97374,6,1,6,0,3,0,64,150,1,0,0,0,0,4,2015,4,2015,9,99,99,99,99,1,2,55,2,2,2,2,40,3,1,12,1,1,4,6,"777777777777","777777777777","777777777777",1,1
41,410085,1,1,1,6,1,18,25,8,0,1,1,99,9,99,999,99999,99,9999,"999999999999","9","9","9","9","9","9","9","9","9","9","9","9",0,0,0,"000000000","00000000000",0,0,0,1,0,0,0,0,0,0,0,998,0,0,0,12,9,5,8,0,0,0,1,99,99999,9,9,99,9,9,9,999,999,99,99,99,99,99,99,9999,99,9999,9,99,99,99,99,1,2,25,1,1,2,2,0,0,1,80,99,1,1,13,"777777777777","777777777777","777777777777",0,0
41,410086,1,1,3,24,1,2,0,3,0,1,0,41,1,20,481,20481,31,2004,"2GCEC19V6412","2","G","C","E","C","1","9","V","6","4","1","2",0,0,0,"000000000","00000000000",0,0,0,1,0,0,0,0,0,0,0,998,0,0,0,0,6,2,3,0,0,0,1,41,97223,6,1,0,0,3,0,67,180,0,0,0,0,0,0,0,0,0,4,0,0,0,0,1,2,55,2,2,2,2,0,0,14,12,6,5,4,0,"777777777777","777777777777","777777777777",1,0
41,410087,1,1,1,28,3,17,20,8,0,1,0,41,1,35,51,35051,6,2008,"JN8AS58T38W0","J","N","8","A","S","5","8","T","3","8","W","0",0,0,0,"000000000","00000000000",0,0,0,1,0,0,0,0,0,0,0,998,0,0,0,12,9,5,8,0,0,0,1,41,97030,6,1,0,0,3,0,64,180,0,0,0,0,0,0,0,0,0,0,0,0,0,0,3,2,35,1,1,2,1,2,3,1,80,1,1,1,13,"777777777777","777777777777","777777777777",0,0
41,410088,1,1,3,4,4,5,30,1,0,1,0,6,2,20,22,20022,2,2007,"1G1AL18F8772","1","G","1","A","L","1","8","F","8","7","7","2",0,0,0,"000000000","00000000000",0,0,0,1,0,0,0,0,0,0,0,998,0,1,1,0,6,2,1,0,0,0,1,18,47111,6,1,0,0,3,0,71,190,0,0,0,0,0,0,0,0,0,0,0,0,0,0,2,2,70,1,1,2,1,0,0,1,98,7,1,1,98,"777777777777","777777777777","777777777777",2,0
41,410089,1,1,1,5,4,4,48,23,0,1,0,41,1,76,706,76706,80,2015,"JYARN37E5FA0","J","Y","A","R","N","3","7","E","5","F","A","0",0,0,0,"000000000","00000000000",0,0,0,1,0,0,0,0,0,0,0,998,0,0,0,61,9,2,23,0,0,0,1,41,97267,6,1,6,0,3,0,73,235,0,0,0,0,0,0,0,0,0,4,0,0,0,0,1,2,25,1,1,1,1,0,0,1,13,99,1,4,1,"777777777777","777777777777","777777777777",1,0
41,410090,1,2,1,6,4,20,22,12,6,1,0,6,1,37,705,37705,80,1990,"JH2PC2318LM0","J","H","2","P","C","2","3","1","8","L","M","0",0,0,0,"000000000","00000000000",0,0,0,1,0,0,0,0,0,0,0,998,0,0,0,12,6,2,12,0,0,0,1,41,97402,6,1,0,0,3,0,72,180,1,6,0,0,3,6,2011,10,2014,4,0,0,0,0,5,5,98,1,1,2,1,2,3,1,62,99,1,1,69,"777777777777","777777777777","777777777777",1,1
41,410090,2,2,1,6,4,20,22,12,6,1,0,41,1,42,42,42042,4,2013,"WDDGF4HB5DR2","W","D","D","G","F","4","H","B","5","D","R","2",0,0,0,"000000000","00000000000",0,0,0,1,0,0,0,0,0,0,0,998,0,0,0,2,6,2,12,0,0,0,1,41,97401,6,1,0,0,3,1,69,180,1,0,0,0,0,1,2012,1,2012,0,0,0,0,0,5,5,98,1,1,2,1,2,3,11,15,1,1,1,68,"777777777777","777777777777","777777777777",0,0
41,410091,1,2,2,6,4,15,58,12,6,1,0,41,2,6,52,6052,6,2008,"3A8FY48B68T1","3","A","8","F","Y","4","8","B","6","8","T","1",0,0,0,"000000000","00000000000",0,0,0,1,0,0,0,0,0,0,0,998,0,0,0,3,6,2,12,0,0,0,1,41,97116,6,1,0,0,3,0,65,135,0,0,0,0,0,0,0,0,0,0,0,0,0,0,1,2,55,2,2,2,1,0,0,14,62,7,1,1,65,"777777777777","777777777777","777777777777",1,0
41,410091,2,2,1,6,4,15,58,12,6,1,0,41,2,49,40,49040,4,2001,"4T1BG22K51U0","4","T","1","B","G","2","2","K","5","1","U","0",0,0,0,"000000000","00000000000",0,0,0,1,0,0,0,0,0,0,0,998,0,0,0,12,6,2,12,0,0,0,1,41,97123,6,1,0,0,3,1,64,145,0,0,0,0,0,0,0,0,0,0,28,0,0,0,1,2,55,2,2,2,1,0,0,14,10,1,1,2,64,"777777777777","777777777777","777777777777",0,0
41,410092,1,1,1,10,4,11,39,34,0,1,0,41,2,72,706,72706,80,2014,"1HD1KBM17EB6","1","H","D","1","K","B","M","1","7","E","B","6",0,0,0,"000000000","00000000000",0,0,0,1,0,0,0,0,0,0,0,998,0,0,0,98,9,2,34,0,0,0,1,41,97023,6,1,0,0,3,0,68,175,0,0,0,0,0,0,0,0,0,9,99,99,99,99,1,2,45,4,2,2,1,0,0,14,19,99,1,4,99,"777777777777","777777777777","777777777777",1,1
41,410093,1,1,3,11,4,17,49,1,0,1,0,41,2,49,44,49044,1,2008,"4T1FA38P48U1","4","T","1","F","A","3","8","P","4","8","U","1",0,0,0,"000000000","00000000000",0,0,0,1,0,0,0,0,0,0,0,998,0,1,5,0,6,2,1,0,0,0,1,41,97850,6,1,0,0,3,1,68,115,0,0,0,0,0,0,0,0,0,4,0,0,0,0,3,2,70,4,2,2,1,0,0,6,6,1,1,4,1,"777777777777","777777777777","777777777777",1,0
41,410094,1,1,2,11,4,20,46,52,0,1,0,41,1,53,706,53706,80,2011,"JS1GR7MA7B21","J","S","1","G","R","7","M","A","7","B","2","1",0,0,0,"000000000","00000000000",0,0,0,1,0,0,0,0,0,0,0,998,0,0,0,12,9,2,52,0,0,0,1,41,97002,6,1,0,0,3,0,67,145,1,3,0,1,2,8,2012,6,2013,4,0,0,0,0,1,2,98,2,2,2,1,0,0,14,12,99,1,4,6,"777777777777","777777777777","777777777777",1,0
41,410095,1,1,1,12,4,14,38,24,0,1,0,6,1,12,401,12401,14,1999,"1FMZU34E4XZA","1","F","M","Z","U","3","4","E","4","X","Z","A",0,0,0,"000000000","00000000000",0,0,0,1,0,0,0,0,0,0,0,998,0,1,6,12,6,2,1,0,0,0,1,6,96064,6,1,0,0,3,0,71,225,0,0,0,0,0,0,0,0,0,4,27,36,34,0,2,2,65,1,1,2,1,0,0,1,13,1,5,4,2,"777777777777","777777777777","777777777777",1,0
41,410096,1,2,1,12,4,15,53,12,2,1,0,92,0,12,481,12481,31,2003,"1FTRW07643KA","1","F","T","R","W","0","7","6","4","3","K","A",0,0,0,"000000000","00000000000",0,0,0,1,0,0,0,0,0,0,0,998,0,0,0,12,6,2,12,0,0,1,1,41,97527,0,0,0,0,0,0,72,230,0,2,0,0,1,5,2014,4,2015,0,28,36,91,0,5,5,45,1,1,2,1,0,0,1,10,1,1,2,50,"777777777777","777777777777","777777777777",0,0
41,410096,2,2,1,12,4,15,53,12,2,1,0,41,2,49,46,49046,5,2015,"JTDKN3DU3F04","J","T","D","K","N","3","D","U","3","F","0","4",0,0,0,"000000000","00000000000",0,0,0,1,0,0,0,0,0,0,0,998,0,0,0,12,6,2,12,0,0,0,1,41,97527,6,1,0,0,3,0,72,175,0,0,0,1,0,10,2015,10,2015,0,0,0,0,0,5,5,45,1,1,2,1,0,0,1,62,1,1,1,51,"777777777777","777777777777","777777777777",1,0
41,410097,1,2,2,14,4,16,8,12,2,1,0,41,2,20,481,20481,31,1991,"2GCFK29K8M11","2","G","C","F","K","2","9","K","8","M","1","1",1,1,0,"000000000","00000000000",0,0,0,1,0,0,0,0,0,0,0,998,0,0,0,12,6,2,12,0,0,0,1,41,97266,6,1,0,0,3,1,71,240,0,0,0,0,1,11,2011,11,2011,9,28,0,0,0,1,2,55,3,2,2,2,0,0,14,10,1,1,2,50,"1J4FF67S2XL5","777777777777","777777777777",2,0
41,410097,2,2,1,14,4,16,8,12,2,1,0,41,2,12,880,12880,67,1999,"1FTWW33S7XEC","1","F","T","W","W","3","3","S","7","X","E","C",0,0,88,"888888888","88888888888",2,1,97,1,0,0,0,0,0,0,0,998,0,0,0,12,6,2,12,0,0,0,1,41,97463,6,1,6,0,3,0,73,170,0,0,0,0,0,0,0,0,0,0,0,0,0,0,1,2,55,3,2,2,2,0,0,14,62,99,1,1,51,"777777777777","777777777777","777777777777",0,0
41,410098,1,1,1,16,4,4,10,1,0,1,0,41,1,2,403,2403,14,1993,"1J4FY29S3PP2","1","J","4","F","Y","2","9","S","3","P","P","2",0,0,0,"000000000","00000000000",0,0,0,1,0,0,0,0,0,0,0,998,0,1,6,0,6,2,1,0,0,0,1,41,97101,6,1,0,0,3,0,70,175,0,0,0,0,0,0,0,0,0,9,99,99,99,99,1,2,55,1,1,2,1,0,0,1,12,99,1,4,6,"777777777777","777777777777","777777777777",1,1
41,410099,1,2,1,16,4,21,3,12,8,1,0,41,2,37,31,37031,4,1998,"2HGEJ6575WH5","2","H","G","E","J","6","5","7","5","W","H","5",0,0,0,"000000000","00000000000",0,0,0,1,0,0,0,0,0,0,0,998,0,0,0,10,9,8,12,0,0,0,1,53,99349,1,1,0,0,2,3,66,180,0,2,0,5,7,1,2012,2,2016,0,28,0,0,0,1,2,35,1,1,2,1,0,0,1,10,99,1,2,64,"777777777777","777777777777","777777777777",0,0
41,410099,2,2,1,16,4,21,3,12,8,1,0,53,1,72,706,72706,80,2000,"1HD1DDV10YY6","1","H","D","1","D","D","V","1","0","Y","Y","6",0,0,0,"000000000","00000000000",0,0,0,1,0,0,0,0,0,0,0,998,0,0,0,61,6,2,12,0,0,0,1,53,97266,6,1,6,0,3,0,74,245,0,0,0,0,1,9,2011,9,2011,0,0,0,0,0,1,2,35,1,1,2,1,0,0,1,62,99,1,1,65,"777777777777","777777777777","777777777777",1,0
41,410100,1,1,1,18,4,22,39,8,0,1,0,53,2,35,39,35039,4,1996,"JN1CA21D4TT1","J","N","1","C","A","2","1","D","4","T","T","1",0,0,0,"000000000","00000000000",0,0,0,1,0,0,0,0,0,0,0,998,0,0,0,12,9,2,8,0,0,0,1,41,97206,6,1,0,0,3,0,70,180,0,3,0,2,0,5,2012,12,2012,0,0,0,0,0,5,5,35,1,1,2,1,2,3,1,80,1,1,1,13,"777777777777","777777777777","777777777777",0,0
41,410101,1,2,1,19,4,8,38,12,2,1,0,41,1,48,34,48034,6,1996,"4S3BK4354T73","4","S","3","B","K","4","3","5","4","T","7","3",0,0,0,"000000000","00000000000",0,0,0,1,0,0,0,0,0,0,0,998,0,0,0,12,9,2,12,0,0,0,1,41,97306,6,1,0,0,3,0,71,200,1,0,0,1,0,6,2013,11,2013,9,28,0,0,0,1,2,35,3,2,2,1,0,0,14,10,99,1,2,50,"777777777777","777777777777","777777777777",0,0
41,410101,2,2,1,19,4,8,38,12,2,1,0,41,1,12,15,12015,4,1990,"2FAPP36X3LB1","2","F","A","P","P","3","6","X","3","L","B","1",0,0,0,"000000000","00000000000",0,0,0,1,0,0,0,0,0,0,0,998,0,0,0,12,9,2,12,0,0,0,1,41,97306,6,1,0,0,3,1,74,270,0,0,0,0,0,0,0,0,0,0,0,0,0,0,1,2,35,2,2,2,1,0,0,14,62,99,1,1,51,"777777777777","777777777777","777777777777",1,0
41,410102,1,1,1,19,4,15,30,24,0,1,0,41,2,76,706,76706,80,1999,"JYAVP02E2XA0","J","Y","A","V","P","0","2","E","2","X","A","0",0,0,0,"000000000","00000000000",0,0,0,1,0,0,0,0,0,0,0,998,0,0,0,81,6,2,24,0,0,0,1,17,60615,6,1,0,0,3,0,73,200,0,0,0,0,0,0,0,0,0,0,0,0,0,0,2,3,70,3,2,2,1,0,0,14,13,1,1,4,1,"777777777777","777777777777","777777777777",1,0
41,410103,1,3,1,22,4,4,35,12,2,1,0,41,1,7,402,7402,14,2003,"1D4HS58N93F5","1","D","4","H","S","5","8","N","9","3","F","5",0,0,0,"000000000","00000000000",0,0,0,1,0,0,0,0,0,0,0,998,0,1,5,12,6,2,1,0,0,0,1,41,97127,6,1,0,0,3,0,71,170,0,0,0,0,0,0,0,0,0,0,28,0,0,0,1,2,55,1,1,2,2,0,0,1,10,1,1,2,50,"777777777777","777777777777","777777777777",0,0
41,410103,2,3,1,22,4,4,35,12,2,1,0,41,1,20,441,20441,20,2004,"1GCDM19X54B1","1","G","C","D","M","1","9","X","5","4","B","1",0,0,0,"000000000","00000000000",0,0,0,1,0,0,0,0,0,0,0,998,0,1,5,12,6,2,1,0,0,0,1,41,97148,6,1,0,0,3,1,74,230,0,0,0,0,2,8,2012,10,2013,0,0,0,0,0,1,2,55,1,1,2,2,0,0,1,62,99,1,1,51,"777777777777","777777777777","777777777777",0,0
41,410103,3,3,1,22,4,4,35,12,2,1,0,41,1,37,31,37031,3,2005,"SHHEP33665U5","S","H","H","E","P","3","3","6","6","5","U","5",0,0,0,"000000000","00000000000",0,0,0,1,0,0,0,0,0,0,0,998,0,0,0,12,9,2,12,0,0,0,1,41,97128,6,1,6,0,3,0,71,175,0,0,0,0,1,9,2013,9,2013,0,26,0,0,0,1,2,55,1,1,2,2,0,0,1,62,99,1,1,98,"777777777777","777777777777","777777777777",1,0
41,410104,1,1,1,22,4,0,0,1,0,1,0,41,2,12,481,12481,31,2001,"1FTRW08L01KE","1","F","T","R","W","0","8","L","0","1","K","E",0,0,0,"000000000","00000000000",0,0,0,1,0,0,0,0,0,0,0,998,0,1,5,0,6,2,1,0,0,0,1,41,97638,6,1,0,0,3,1,76,260,0,0,0,0,0,0,0,0,0,4,0,0,0,0,1,2,55,1,1,2,1,0,0,1,13,99,1,4,1,"777777777777","777777777777","777777777777",1,1
41,410105,1,1,1,8,2,5,32,8,0,1,0,41,2,7,482,7482,31,2014,"3C6UR5HL7EG1","3","C","6","U","R","5","H","L","7","E","G","1",0,0,0,"000000000","00000000000",0,0,0,1,0,0,0,0,0,0,0,998,0,0,0,12,9,5,8,0,0,0,1,41,97304,6,1,0,0,3,0,74,210,0,0,0,0,0,0,0,0,0,4,0,0,0,0,3,2,40,1,1,2,98,2,3,1,80,1,1,1,13,"777777777777","777777777777","777777777777",0,0
41,410106,1,1,1,14,2,6,48,8,0,1,0,41,1,13,15,13015,4,2009,"1LNHM94RX9G6","1","L","N","H","M","9","4","R","X","9","G","6",0,0,0,"000000000","00000000000",0,0,0,1,0,0,0,0,0,0,0,998,0,0,0,12,9,5,8,0,0,0,1,41,97060,6,1,0,0,3,0,72,200,0,0,0,0,0,0,0,0,0,0,0,0,0,0,4,2,55,1,1,2,2,0,0,1,80,1,1,1,13,"777777777777","777777777777","777777777777",0,0
41,410107,1,1,1,11,4,11,51,1,0,1,0,41,2,12,481,12481,31,2004,"1FTNX21P24EB","1","F","T","N","X","2","1","P","2","4","E","B",0,0,0,"000000000","00000000000",0,0,0,1,0,0,0,0,0,0,0,998,0,1,5,0,6,2,1,0,0,0,1,41,97603,6,1,0,0,3,0,72,280,1,0,0,0,0,12,2012,12,2012,9,99,99,99,99,1,2,0,4,2,4,1,0,0,14,19,99,1,4,99,"777777777777","777777777777","777777777777",1,0
41,410108,1,3,3,22,4,2,38,12,6,1,0,16,1,37,32,37032,4,1994,"JHMCD5650RC1","J","H","M","C","D","5","6","5","0","R","C","1",0,0,0,"000000000","00000000000",0,0,0,1,0,0,0,0,0,0,0,998,0,0,0,9,6,2,12,0,0,0,1,41,97060,6,1,0,0,3,0,68,175,1,10,0,0,3,5,2013,4,2016,3,36,39,91,0,5,5,35,1,1,2,2,2,3,1,17,1,1,1,89,"777777777777","777777777777","777777777777",1,0
41,410108,2,3,2,22,4,2,38,12,6,1,0,41,1,49,404,49404,14,2008,"JTEBU11F18K0","J","T","E","B","U","1","1","F","1","8","K","0",0,0,0,"000000000","00000000000",0,0,0,1,0,0,0,0,0,0,0,998,0,0,0,12,6,2,12,0,0,0,1,41,97266,6,1,0,0,3,0,77,330,0,0,0,0,0,0,0,0,0,0,0,0,0,0,1,2,35,1,1,2,2,2,3,1,66,1,1,1,88,"777777777777","777777777777","777777777777",0,0