"STATE","ST_CASE","VEH_NO","VE_FORMS","NUMOCCS","DAY","MONTH","HOUR","MINUTE","HARM_EV","MAN_COLL","UNITTYPE","HIT_RUN","REG_STAT","OWNER","MAKE","MODEL","MAK_MOD","BODY_TYP","MOD_YEAR","VIN","VIN_1","VIN_2","VIN_3","VIN_4","VIN_5","VIN_6","VIN_7","VIN_8","VIN_9","VIN_10","VIN_11","VIN_12","TOW_VEH","J_KNIFE","MCARR_I1","MCARR_I2","MCARR_ID","GVWR","V_CONFIG","CARGO_BT","HAZ_INV","HAZ_PLAC","HAZ_ID","HAZ_CNO","HAZ_REL","BUS_USE","SPEC_USE","EMER_USE","TRAV_SP","UNDERIDE","ROLLOVER","ROLINLOC","IMPACT1","DEFORMED","TOWED","M_HARM","VEH_SC1","VEH_SC2","FIRE_EXP","DR_PRES","L_STATE","DR_ZIP","L_STATUS","L_TYPE","CDL_STAT","L_ENDORS","L_COMPL","L_RESTRI","DR_HGT","DR_WGT","PREV_ACC","PREV_SUS","PREV_DWI","PREV_SPD","PREV_OTH","FIRST_MO","FIRST_YR","LAST_MO","LAST_YR","SPEEDREL","DR_SF1","DR_SF2","DR_SF3","DR_SF4","VTRAFWAY","VNUM_LAN","VSPD_LIM","VALIGN","VPROFILE","VPAVETYP","VSURCOND","VTRAFCON","VTCONT_F","P_CRASH1","P_CRASH2","P_CRASH3","PCRASH4","PCRASH5","ACC_TYPE","TRLR1VIN","TRLR2VIN","TRLR3VIN","DEATHS","DR_DRINK"
41,410108,3,3,3,22,4,2,38,12,6,1,0,41,1,37,31,37031,2,1993,"1HGEJ2242PL0","1","H","G","E","J","2","2","4","2","P","L","0",0,0,0,"000000000","00000000000",0,0,0,1,0,0,0,0,0,0,0,0,0,0,0,12,9,2,12,0,0,0,1,41,97301,0,0,0,0,0,0,67,170,1,5,0,0,0,10,2011,7,2015,0,0,0,0,0,5,5,35,1,1,2,2,2,3,5,54,1,1,1,98,"777777777777","777777777777","777777777777",0,0
41,410109,1,2,2,23,4,15,9,12,2,1,0,41,1,55,401,55401,14,2011,"5XYZGDAB0BG0","5","X","Y","Z","G","D","A","B","0","B","G","0",0,0,0,"000000000","00000000000",0,0,0,1,0,0,0,0,0,0,0,998,0,0,0,12,6,2,12,0,0,0,1,41,97130,6,1,0,0,3,1,72,210,0,0,0,0,0,0,0,0,0,9,28,0,0,0,1,2,55,1,1,2,2,0,0,1,10,99,1,2,50,"777777777777","777777777777","777777777777",2,0
41,410109,2,2,2,23,4,15,9,12,2,1,0,41,1,20,421,20421,15,2007,"1GNFC13017R2","1","G","N","F","C","1","3","0","1","7","R","2",0,0,0,"000000000","00000000000",0,0,0,1,0,0,0,0,0,0,0,998,0,0,0,12,6,2,12,0,0,0,1,41,97068,6,1,0,0,3,1,62,123,0,0,0,0,0,0,0,0,0,0,0,0,0,0,1,2,55,1,1,2,2,0,0,1,62,99,1,1,51,"777777777777","777777777777","777777777777",0,0
41,410110,1,1,2,23,4,12,4,15,0,1,0,41,1,49,40,49040,4,2009,"4T1BE46KX9U8","4","T","1","B","E","4","6","K","X","9","U","8",0,0,0,"000000000","00000000000",0,0,0,1,0,0,0,0,0,0,0,998,0,0,0,12,9,5,15,0,0,0,1,41,97535,6,1,0,0,3,1,73,225,1,0,0,0,1,3,2015,3,2015,0,0,0,0,0,5,5,45,1,1,2,1,0,0,1,80,12,1,1,13,"777777777777","777777777777","777777777777",0,0
41,410111,1,1,1,23,4,2,5,30,0,1,0,53,2,35,43,35043,4,2010,"3N1BB6AP8AL6","3","N","1","B","B","6","A","P","8","A","L","6",0,0,0,"000000000","00000000000",0,0,0,1,0,0,0,0,0,0,0,998,0,0,0,1,6,2,42,0,0,0,1,41,97838,0,0,0,0,0,0,66,150,0,2,0,0,1,10,2014,4,2015,9,99,99,99,99,1,2,55,1,1,2,1,0,0,1,12,1,1,4,6,"777777777777","777777777777","777777777777",1,1
41,410112,1,2,1,24,4,3,51,12,2,1,0,41,2,63,402,63402,14,2015,"5XYKT4A62FG6","5","X","Y","K","T","4","A","6","2","F","G","6",0,0,0,"000000000","00000000000",0,0,0,1,0,0,0,0,0,0,0,998,0,0,0,12,6,2,12,0,0,0,1,41,97236,6,1,0,0,3,0,70,154,0,0,0,0,0,0,0,0,0,3,28,0,0,0,1,2,40,1,1,2,2,0,0,1,10,99,1,2,50,"777777777777","777777777777","777777777777",0,0
41,410112,2,2,1,24,4,3,51,12,2,1,0,41,1,23,401,23401,14,2000,"1GKDT13W8Y22","1","G","K","D","T","1","3","W","8","Y","2","2",0,0,0,"000000000","00000000000",0,0,0,1,0,0,0,0,0,0,0,998,0,0,0,12,6,2,12,0,0,0,1,41,97236,6,1,0,0,3,0,68,185,0,0,0,0,0,0,0,0,0,0,0,0,0,0,1,2,40,1,1,2,2,0,0,1,62,99,1,1,51,"777777777777","777777777777","777777777777",1,0
41,410113,1,1,1,25,4,3,20,42,0,1,0,93,3,82,881,82881,66,2015,"3AKJGLD51FSG","3","A","K","J","G","L","D","5","1","F","S","G",1,1,57,"41261","5741261",3,6,3,1,0,0,0,0,0,0,0,998,0,1,3,12,6,2,1,0,0,0,1,6,94553,3,1,3,0,2,1,75,220,0,1,0,0,0,12,2015,12,2015,9,0,0,0,0,2,2,55,2,1,2,1,0,0,14,12,99,1,4,6,"4WWGGB6B55N6","777777777777","777777777777",1,0
41,410114,1,2,1,27,4,1,9,12,2,1,0,41,1,35,472,35472,30,2000,"1N6DD26S7YC3","1","N","6","D","D","2","6","S","7","Y","C","3",0,0,0,"000000000","00000000000",0,0,0,1,0,0,0,0,0,0,0,998,0,0,0,12,6,2,12,0,0,0,1,41,97123,6,1,0,0,3,0,68,193,0,0,0,0,1,3,2016,3,2016,0,36,51,91,0,2,3,55,1,1,2,2,0,0,1,54,1,1,1,52,"777777777777","777777777777","777777777777",0,1
41,410114,2,2,3,27,4,1,9,12,2,1,0,41,1,37,31,37031,4,2016,"2HGFC2F5XGH5","2","H","G","F","C","2","F","5","X","G","H","5",0,0,0,"000000000","00000000000",0,0,0,1,0,0,0,0,0,0,0,998,0,0,0,12,6,2,12,0,0,0,1,41,97140,6,1,0,0,3,0,64,160,0,0,0,0,0,0,0,0,0,0,0,0,0,0,2,3,55,1,1,2,2,0,0,1,54,99,1,1,52,"777777777777","777777777777","777777777777",1,1
41,410115,1,2,2,29,4,16,45,12,1,1,0,6,1,41,51,41051,4,2007,"JM1BK32G4717","J","M","1","B","K","3","2","G","4","7","1","7",0,0,0,"000000000","00000000000",0,0,0,1,0,0,0,0,0,0,0,998,0,0,0,12,6,2,12,0,0,0,1,6,95811,1,1,0,0,2,0,999,999,0,0,0,0,0,0,0,0,0,4,0,0,0,0,1,2,55,1,2,2,1,0,0,1,50,1,1,1,20,"777777777777","777777777777","777777777777",1,0
41,410115,2,2,1,29,4,16,45,12,1,1,0,41,1,12,481,12481,31,2006,"1FTWW31P66EB","1","F","T","W","W","3","1","P","6","6","E","B",0,0,0,"000000000","00000000000",0,0,0,1,0,0,0,0,0,0,0,0,0,0,0,6,9,2,12,0,0,0,1,41,97225,6,1,0,0,3,1,62,115,0,0,0,0,0,0,0,0,0,0,0,0,0,0,1,2,55,1,2,2,1,0,0,5,53,1,1,1,21,"777777777777","777777777777","777777777777",0,0
41,410116,1,1,1,29,4,99,99,8,0,1,0,41,3,20,27,20027,4,2013,"6G1MK5U23DL8","6","G","1","M","K","5","U","2","3","D","L","8",0,0,0,"000000000","00000000000",0,0,0,1,0,0,0,0,0,0,0,998,0,0,0,12,9,8,8,0,0,0,1,41,97230,9,9,99,9,9,9,999,999,99,99,99,99,99,99,9999,99,9999,0,0,0,0,0,1,2,98,1,1,2,1,0,0,1,80,1,1,1,13,"777777777777","777777777777","777777777777",0,0
41,410117,1,1,1,30,4,3,32,42,0,1,0,41,2,34,34,34034,4,1999,"WBAAM3335XCA","W","B","A","A","M","3","3","3","5","X","C","A",0,0,0,"000000000","00000000000",0,0,0,1,0,0,0,0,0,0,0,998,0,0,0,12,9,2,42,0,0,0,1,41,97304,0,0,0,0,0,0,68,185,0,0,0,0,0,0,0,0,0,4,0,0,0,0,1,2,45,2,1,2,1,0,0,14,12,1,1,4,6,"777777777777","777777777777","777777777777",1,1
41,410118,1,2,2,30,4,19,35,12,6,1,0,41,1,22,18,22018,4,1997,"1G2NE52M7VC8","1","G","2","N","E","5","2","M","7","V","C","8",0,0,0,"000000000","00000000000",0,0,0,1,0,0,0,0,0,0,0,998,0,0,0,3,6,2,12,0,0,0,1,41,97302,6,1,0,0,3,0,62,130,0,4,0,0,1,7,2011,1,2016,0,39,0,0,0,1,2,55,1,1,2,1,20,3,1,17,99,1,1,87,"777777777777","777777777777","777777777777",1,0
41,410118,2,2,2,30,4,19,35,12,6,1,0,41,1,7,482,7482,31,2005,"3D7LS38C25G7","3","D","7","L","S","3","8","C","2","5","G","7",0,0,0,"000000000","00000000000",0,0,0,1,0,0,0,0,0,0,0,998,0,0,0,12,6,2,12,0,0,0,1,41,97303,6,1,0,0,3,0,79,275,0,0,0,0,0,0,0,0,0,0,0,0,0,0,1,2,55,1,1,2,1,20,3,1,66,99,1,1,86,"777777777777","777777777777","777777777777",0,0
41,410119,1,1,2,1,5,4,15,24,0,1,0,41,2,20,431,20431,16,1999,"3GNFK16R7XG2","3","G","N","F","K","1","6","R","7","X","G","2",0,0,0,"000000000","00000000000",0,0,0,1,0,0,0,0,0,0,0,998,0,1,5,12,6,2,1,0,0,0,1,41,97218,6,1,0,0,3,0,72,145,0,0,0,1,2,6,2015,8,2015,9,99,99,99,99,3,2,65,1,2,2,1,0,0,1,6,1,1,4,1,"777777777777","777777777777","777777777777",1,0
41,410120,1,2,1,2,5,17,36,12,2,1,0,41,2,7,472,7472,31,1997,"1B7GG23Y2VS1","1","B","7","G","G","2","3","Y","2","V","S","1",0,0,0,"000000000","00000000000",0,0,0,1,0,0,0,0,0,0,0,998,0,0,0,12,9,2,12,0,0,0,1,41,97236,6,1,0,0,3,0,64,147,0,0,0,0,0,0,0,0,0,9,28,0,0,0,1,2,98,3,2,2,1,40,3,14,10,1,1,2,50,"777777777777","777777777777","777777777777",1,1
41,410120,2,2,1,2,5,17,36,12,2,1,0,41,2,20,481,20481,31,2008,"1GCHK33618F1","1","G","C","H","K","3","3","6","1","8","F","1",0,0,0,"000000000","00000000000",0,0,0,1,0,0,0,0,0,0,0,998,0,0,0,12,9,2,12,0,0,0,1,41,97055,6,1,0,0,3,0,69,190,0,0,0,0,0,0,0,0,0,0,0,0,0,0,1,2,98,2,2,2,1,40,3,14,62,99,1,1,51,"777777777777","777777777777","777777777777",0,0
41,410121,1,2,2,4,5,20,56,12,6,1,0,41,1,52,46,52046,4,2010,"JA32W8FV7AU0","J","A","3","2","W","8","F","V","7","A","U","0",0,0,0,"000000000","00000000000",0,0,0,1,0,0,0,0,0,0,0,998,0,0,0,1,6,2,12,0,0,0,1,41,97128,6,1,0,0,3,1,72,198,0,0,0,0,0,0,0,0,0,2,36,0,0,0,5,5,55,2,2,2,1,0,0,14,10,1,1,2,64,"777777777777","777777777777","777777777777",0,0
41,410121,2,2,2,4,5,20,56,12,6,1,0,41,1,37,441,37441,20,2004,"5FNRL18644B0","5","F","N","R","L","1","8","6","4","4","B","0",0,0,0,"000000000","00000000000",0,0,0,1,0,0,0,0,0,0,0,998,0,0,0,12,6,2,12,0,0,0,1,41,97128,6,1,0,0,3,0,66,158,1,0,0,0,2,9,2011,2,2016,0,0,0,0,0,5,5,55,3,2,2,1,0,0,14,62,99,1,1,65,"777777777777","777777777777","777777777777",1,0
41,410122,1,2,1,5,5,23,18,12,6,1,0,41,2,7,27,7027,6,2010,"3D4PG4FB2AT1","3","D","4","P","G","4","F","B","2","A","T","1",0,0,0,"000000000","00000000000",0,0,0,1,0,0,0,0,0,0,0,998,0,0,0,12,9,2,12,0,0,0,1,41,97013,6,1,0,0,3,0,68,200,1,2,0,2,0,6,2013,12,2014,0,28,0,0,0,1,3,55,1,1,2,1,0,0,1,10,1,1,2,64,"777777777777","777777777777","777777777777",0,1
41,410122,2,2,1,5,5,23,18,12,6,1,0,41,1,35,50,35050,4,2008,"3N1BC11E48L3","3","N","1","B","C","1","1","E","4","8","L","3",0,0,0,"000000000","00000000000",0,0,0,1,0,0,0,0,0,0,0,998,0,0,0,9,6,2,12,0,0,0,1,41,97307,6,1,0,0,3,1,63,162,0,0,0,0,0,0,0,0,0,0,0,0,0,0,1,3,55,1,1,2,1,0,0,1,62,7,3,1,65,"777777777777","777777777777","777777777777",1,0
41,410123,1,1,1,5,5,17,0,24,0,1,0,41,1,72,706,72706,80,2004,"1HD1GPW174K3","1","H","D","1","G","P","W","1","7","4","K","3",0,0,0,"000000000","00000000000",0,0,0,1,0,0,0,0,0,0,0,998,0,0,0,12,9,2,24,0,0,0,1,41,97123,6,1,0,0,3,0,68,150,0,0,0,0,0,0,0,0,0,0,99,99,99,99,1,2,55,3,2,2,1,0,0,14,9,99,1,4,6,"777777777777","777777777777","777777777777",1,0
41,410124,1,1,1,26,3,20,25,8,0,1,0,41,1,7,482,7482,31,2001,"3B7KF23681G1","3","B","7","K","F","2","3","6","8","1","G","1",0,0,0,"000000000","00000000000",0,0,0,1,0,0,0,0,0,0,0,998,0,0,0,12,9,2,8,0,0,0,1,41,97504,6,1,0,0,3,0,68,183,0,0,0,0,0,0,0,0,0,0,0,0,0,0,1,2,45,1,1,2,1,0,0,1,80,16,1,1,13,"777777777777","777777777777","777777777777",0,0
41,410125,1,2,1,23,3,15,30,12,1,1,0,41,1,7,442,7442,20,2005,"1D4GP24R75B2","1","D","4","G","P","2","4","R","7","5","B","2",0,0,0,"000000000","00000000000",0,0,0,1,0,0,0,0,0,0,0,998,0,0,0,12,6,2,12,0,0,0,1,41,97386,6,1,0,0,3,1,68,228,0,0,0,0,0,0,0,0,0,9,99,99,99,99,1,4,55,1,1,2,1,0,0,1,50,99,1,1,20,"777777777777","777777777777","777777777777",1,0
41,410125,2,2,1,23,3,15,30,12,1,1,0,93,3,86,881,86881,66,2015,"1M1AW02Y6FM0","1","M","1","A","W","0","2","Y","6","F","M","0",1,1,57,"0059492","570059492",3,6,1,1,0,0,0,0,0,0,0,0,0,0,0,6,9,5,12,0,0,0,1,41,97378,6,1,6,0,3,0,72,240,0,0,0,0,0,0,0,0,0,0,0,0,0,0,1,4,55,1,1,2,1,0,0,5,53,1,1,1,23,"5DN1253464B0","777777777777","777777777777",0,0
41,410126,1,1,2,15,3,15,0,35,0,1,0,41,2,38,401,38401,14,1986,"JAACH18L7G54","J","A","A","C","H","1","8","L","7","G","5","4",0,0,0,"000000000","00000000000",0,0,0,1,0,0,0,0,0,0,0,998,0,1,5,12,6,2,1,0,0,0,1,41,97358,1,1,0,0,2,0,66,220,0,2,0,0,1,4,2011,12,2012,9,99,99,99,99,1,2,98,3,1,2,1,40,3,14,13,99,1,4,1,"777777777777","777777777777","777777777777",1,0
41,410127,1,1,3,5,1,21,1,34,0,1,0,41,2,7,442,7442,20,1992,"1B4GH44R3NX1","1","B","4","G","H","4","4","R","3","N","X","1",0,0,0,"000000000","00000000000",0,0,0,1,0,0,0,0,0,0,0,998,0,0,0,12,9,2,34,0,0,0,1,41,97386,6,1,0,0,3,0,66,265,0,0,0,0,0,0,0,0,0,0,39,0,0,0,1,2,45,1,1,2,2,20,3,1,14,1,1,4,14,"777777777777","777777777777","777777777777",1,0
41,410128,1,1,1,1,3,6,40,18,0,1,0,41,1,12,401,12401,14,2001,"1FMZU73EX1ZA","1","F","M","Z","U","7","3","E","X","1","Z","A",0,0,0,"000000000","00000000000",0,0,0,1,0,0,0,0,0,0,0,998,0,0,0,13,6,2,18,0,0,0,1,41,97060,6,1,0,0,3,1,63,200,0,0,0,0,0,0,0,0,0,0,0,0,0,0,1,2,45,1,1,2,2,0,0,1,98,1,1,1,98,"777777777777","777777777777","777777777777",1,0
41,410129,1,3,1,7,5,1,53,12,1,1,0,41,1,72,706,72706,80,2014,"1HD1GXM10EC3","1","H","D","1","G","X","M","1","0","E","C","3",0,0,0,"000000000","00000000000",0,0,0,1,0,0,0,0,0,0,0,998,0,0,0,12,6,2,12,0,0,1,1,41,97381,6,1,0,0,3,0,73,200,1,0,0,1,1,3,2013,2,2014,4,35,0,0,0,1,2,55,1,1,2,1,0,0,6,51,16,1,1,24,"777777777777","777777777777","777777777777",1,1
41,410129,2,3,1,7,5,1,53,12,1,1,0,41,2,12,481,12481,31,1998,"2FTZX18W0WCA","2","F","T","Z","X","1","8","W","0","W","C","A",0,0,0,"000000000","00000000000",0,0,0,1,0,0,0,0,0,0,0,998,0,0,0,6,9,5,12,0,0,0,1,41,97381,6,1,0,0,3,0,70,230,1,0,0,0,0,5,2015,5,2015,0,0,0,0,0,1,2,55,1,1,2,1,0,0,1,53,1,1,1,25,"777777777777","777777777777","777777777777",0,0
41,410129,3,3,1,7,5,1,53,12,1,1,0,41,1,12,401,12401,14,2004,"1FMZU74K04UB","1","F","M","Z","U","7","4","K","0","4","U","B",0,0,0,"000000000","00000000000",0,0,0,1,0,0,0,0,0,0,0,998,0,0,0,12,9,2,2,0,0,1,1,41,97302,6,1,0,0,3,0,60,130,0,0,0,0,0,0,0,0,0,0,0,0,0,0,1,2,55,1,1,2,1,0,0,1,62,1,1,1,98,"777777777777","777777777777","777777777777",0,0
41,410130,1,2,1,9,5,5,54,12,2,1,0,41,1,54,37,54037,2,1997,"19UYA1151VL0","1","9","U","Y","A","1","1","5","1","V","L","0",0,0,0,"000000000","00000000000",0,0,0,1,0,0,0,0,0,0,0,998,0,0,0,12,6,2,12,0,0,0,1,41,97358,6,1,0,0,3,0,71,170,2,0,0,4,0,11,2012,4,2016,9,28,0,0,0,1,2,55,3,1,2,1,0,0,14,10,1,1,2,50,"777777777777","777777777777","777777777777",1,0
41,410130,2,2,2,9,5,5,54,12,2,1,0,41,1,20,421,20421,15,2000,"1GNCT18W7YK1","1","G","N","C","T","1","8","W","7","Y","K","1",0,0,0,"000000000","00000000000",0,0,0,1,0,0,0,0,0,0,0,998,0,0,0,12,6,2,12,0,0,0,1,41,97360,6,1,0,0,3,0,67,135,0,0,0,0,0,0,0,0,0,0,0,0,0,0,1,2,55,2,1,2,1,0,0,14,62,99,1,1,51,"777777777777","777777777777","777777777777",0,0
41,410131,1,1,1,10,5,19,1,34,0,1,0,41,1,50,705,50705,80,2008,"SMTD00NS78J3","S","M","T","D","0","0","N","S","7","8","J","3",0,0,0,"000000000","00000000000",0,0,0,1,0,0,0,0,0,0,0,998,0,0,0,12,6,2,34,0,0,0,1,41,97503,6,1,0,0,3,0,64,128,0,0,0,1,0,12,2015,12,2015,4,0,0,0,0,1,2,55,3,1,2,1,0,0,14,13,1,1,4,1,"777777777777","777777777777","777777777777",1,0
41,410132,1,1,3,12,5,23,59,30,0,1,0,41,1,23,421,23421,15,2002,"1GKEK63U02J3","1","G","K","E","K","6","3","U","0","2","J","3",0,0,0,"000000000","00000000000",0,0,0,1,0,0,0,0,0,0,0,998,0,0,0,9,6,2,30,0,0,0,1,41,97302,6,1,0,0,3,0,73,165,0,0,0,0,2,9,2013,12,2014,4,6,91,0,0,1,3,35,2,1,2,1,2,3,14,14,7,3,4,14,"777777777777","777777777777","777777777777",1,1
41,410133,1,1,1,12,5,7,49,42,0,1,0,41,1,12,481,12481,31,1991,"1FTEX15HXMKA","1","F","T","E","X","1","5","H","X","M","K","A",0,0,0,"000000000","00000000000",0,0,0,1,0,0,0,0,0,0,0,998,0,0,0,12,9,8,42,0,0,0,1,41,97203,6,1,0,0,3,1,75,350,0,0,0,1,0,1,2015,1,2015,0,0,0,0,0,1,4,98,1,1,2,1,0,0,1,13,1,1,4,1,"777777777777","777777777777","777777777777",1,0
41,410134,1,1,1,14,5,6,28,34,0,1,0,41,0,52,37,52037,3,2006,"4A3AK24F56E0","4","A","3","A","K","2","4","F","5","6","E","0",0,0,0,"000000000","00000000000",0,0,0,1,0,0,0,0,0,0,0,998,0,1,5,12,6,2,34,0,0,0,1,41,97408,6,1,0,0,3,1,72,170,0,0,0,0,0,0,0,0,0,9,99,99,99,99,1,2,55,4,1,2,2,0,0,14,19,99,1,4,99,"777777777777","777777777777","777777777777",1,0
41,410135,1,2,1,15,5,12,48,12,2,1,0,41,2,9,20,9020,4,1997,"1P3ES47C4VD3","1","P","3","E","S","4","7","C","4","V","D","3",0,0,0,"000000000","00000000000",0,0,0,1,0,0,0,0,0,0,0,998,0,0,0,12,6,2,12,0,0,0,1,41,97351,6,1,0,0,3,0,60,130,1,2,0,1,0,11,2015,4,2016,4,28,0,0,0,1,2,55,1,2,2,1,0,0,1,10,16,1,2,50,"777777777777","777777777777","777777777777",1,0
41,410135,2,2,4,15,5,12,48,12,2,1,0,41,1,7,482,7482,31,2006,"1D7KS28C06J1","1","D","7","K","S","2","8","C","0","6","J","1",0,0,0,"000000000","00000000000",0,0,0,1,0,0,0,0,0,0,0,998,0,0,0,12,6,2,12,0,0,0,1,41,97220,1,1,0,0,2,0,64,190,0,2,0,0,0,8,2015,2,2016,0,0,0,0,0,1,2,55,1,2,2,1,0,0,1,62,1,1,1,51,"777777777777","777777777777","777777777777",0,0
41,410136,1,2,1,16,5,8,12,12,6,1,0,6,1,48,38,48038,6,2004,"JF1GG29624G8","J","F","1","G","G","2","9","6","2","4","G","8",0,0,0,"000000000","00000000000",0,0,0,1,0,0,0,0,0,0,0,998,0,0,0,5,6,2,12,0,0,0,1,41,97424,6,1,0,0,3,0,69,135,0,1,0,1,1,7,2014,7,2015,0,28,0,0,0,1,2,55,1,1,2,1,0,0,1,10,1,4,2,64,"777777777777","777777777777","777777777777",1,0
41,410136,2,2,1,16,5,8,12,12,6,1,0,41,3,20,461,20461,21,2014,"1GCWGFBA6E11","1","G","C","W","G","F","B","A","6","E","1","1",0,0,0,"000000000","00000000000",0,0,0,1,0,0,0,0,0,0,0,998,0,0,0,12,6,2,12,0,0,0,1,41,97404,6,1,0,0,3,0,69,250,0,0,0,1,0,7,2012,7,2012,0,0,0,0,0,1,2,55,1,1,2,1,0,0,1,62,99,1,1,65,"777777777777","777777777777","777777777777",0,0
41,410137,1,2,1,16,5,15,25,12,2,1,0,41,1,98,709,98709,80,2007,"5RYSE10967S0","5","R","Y","S","E","1","0","9","6","7","S","0",0,0,0,"000000000","00000000000",0,0,0,1,0,0,0,0,0,0,0,998,0,0,0,12,9,2,12,0,0,0,1,41,97501,6,1,0,0,3,1,70,210,0,0,0,0,0,0,0,0,0,0,38,0,0,0,1,2,45,1,1,2,1,0,0,11,15,99,1,1,82,"777777777777","777777777777","777777777777",1,0
41,410137,2,2,2,16,5,15,25,12,2,1,0,41,1,55,35,55035,4,2002,"KMHDN45D82U3","K","M","H","D","N","4","5","D","8","2","U","3",0,0,0,"000000000","00000000000",0,0,0,1,0,0,0,0,0,0,0,998,0,0,0,12,9,2,12,0,0,0,1,41,97525,6,1,0,0,3,0,64,130,1,0,0,0,0,7,2014,7,2014,0,0,0,0,0,1,2,45,1,1,2,1,0,0,1,67,99,1,1,83,"777777777777","777777777777","777777777777",0,0
41,410138,1,2,1,1,3,18,3,12,6,1,0,41,1,53,405,53405,14,2006,"JS3TX92V4641","J","S","3","T","X","9","2","V","4","6","4","1",0,0,0,"000000000","00000000000",0,0,0,1,0,0,0,0,0,0,0,998,0,0,0,9,9,2,12,0,0,0,1,41,97530,6,1,0,0,3,1,65,132,0,0,0,0,0,0,0,0,0,0,0,0,0,0,1,2,45,1,2,2,1,0,0,1,62,99,1,1,65,"777777777777","777777777777","777777777777",1,0
41,410138,2,2,1,1,3,18,3,12,6,1,0,41,2,12,422,12422,15,2007,"1FMFK16567LA","1","F","M","F","K","1","6","5","6","7","L","A",0,0,0,"000000000","00000000000",0,0,0,1,0,0,0,0,0,0,0,998,0,0,0,12,9,2,12,0,0,0,1,41,97533,6,1,0,0,3,1,65,200,0,0,0,0,0,0,0,0,0,0,28,91,0,0,1,2,45,1,2,2,1,0,0,1,10,1,1,2,64,"777777777777","777777777777","777777777777",0,0
41,410139,1,2,1,20,5,19,22,12,6,1,0,41,2,48,34,48034,4,1997,"4S3BD6758V72","4","S","3","B","D","6","7","5","8","V","7","2",0,0,0,"000000000","00000000000",0,0,0,1,0,0,0,0,0,0,0,998,0,0,0,3,9,2,12,0,0,0,1,41,97528,6,1,6,0,3,0,70,165,0,1,0,0,0,3,2014,3,2014,4,28,0,0,0,1,2,55,2,1,2,1,0,0,14,10,1,4,2,64,"777777777777","777777777777","777777777777",1,1
41,410139,2,2,2,20,5,19,22,12,6,1,0,41,1,41,35,41035,4,1994,"JM1BG2247R07","J","M","1","B","G","2","2","4","7","R","0","7",0,0,0,"000000000","00000000000",0,0,0,1,0,0,0,0,0,0,0,998,0,0,0,12,9,2,12,0,0,0,1,41,97534,6,1,0,0,3,0,68,168,0,0,0,0,0,0,0,0,0,0,0,0,0,0,1,2,55,3,1,2,1,0,0,14,62,1,1,1,65,"777777777777","777777777777","777777777777",2,0
41,410140,1,1,1,20,5,22,15,1,0,1,0,41,1,35,471,35471,30,1985,"JN6ND01YXFW0","J","N","6","N","D","0","1","Y","X","F","W","0",0,0,0,"000000000","00000000000",0,0,0,1,0,0,0,0,0,0,0,998,0,1,1,0,6,2,1,0,0,0,1,41,97497,1,1,0,0,2,0,73,180,0,1,0,0,0,3,2016,3,2016,9,58,0,0,0,1,2,98,1,1,2,1,0,0,1,98,6,1,1,98,"777777777777","777777777777","777777777777",1,1
41,410141,1,3,1,21,5,16,43,12,2,1,0,41,1,72,706,72706,80,2006,"1HD1KBW126Y6","1","H","D","1","K","B","W","1","2","6","Y","6",0,0,0,"000000000","00000000000",0,0,0,1,0,0,0,0,0,0,0,998,0,0,0,12,6,2,12,0,0,0,1,41,97420,3,1,0,0,2,3,73,200,0,0,0,0,0,0,0,0,0,9,28,0,0,0,1,2,55,2,2,2,1,0,0,14,10,99,1,2,50,"777777777777","777777777777","777777777777",1,0
41,410141,2,3,1,21,5,16,43,12,2,1,0,41,2,59,32,59032,4,1992,"JT8UF11E3N01","J","T","8","U","F","1","1","E","3","N","0","1",0,0,0,"000000000","00000000000",0,0,0,1,0,0,0,0,0,0,0,998,0,0,0,12,6,2,12,0,0,0,1,41,97439,3,1,0,0,2,0,71,180,1,14,0,0,0,7,2011,12,2015,0,0,0,0,0,1,2,55,3,2,2,1,0,0,14,62,1,1,1,51,"777777777777","777777777777","777777777777",0,0
41,410141,3,3,4,21,5,16,43,12,2,1,0,41,1,7,482,7482,31,2010,"1D7RV1GT5AS1","1","D","7","R","V","1","G","T","5","A","S","1",0,0,0,"000000000","00000000000",0,0,0,1,0,0,0,0,0,0,0,998,0,0,0,18,9,5,54,0,0,0,1,41,97402,6,1,0,0,3,0,67,160,1,0,0,1,0,10,2015,2,2016,0,0,0,0,0,1,2,55,2,2,2,1,0,0,14,98,1,1,1,98,"777777777777","777777777777","777777777777",0,0
41,410142,1,2,1,23,5,6,44,12,2,1,0,41,2,20,481,20481,31,2003,"1GCEK19T63E2","1","G","C","E","K","1","9","T","6","3","E","2",0,0,0,"000000000","00000000000",0,0,0,1,0,0,0,0,0,0,0,998,0,0,0,12,9,2,12,0,0,0,1,41,97124,6,1,0,0,3,0,71,140,1,2,0,2,0,9,2011,8,2015,0,28,0,0,0,1,2,55,1,1,2,1,0,0,1,10,1,1,2,50,"777777777777","777777777777","777777777777",1,0