"STATE","ST_CASE","VEH_NO","VE_FORMS","NUMOCCS","DAY","MONTH","HOUR","MINUTE","HARM_EV","MAN_COLL","UNITTYPE","HIT_RUN","REG_STAT","OWNER","MAKE","MODEL","MAK_MOD","BODY_TYP","MOD_YEAR","VIN","VIN_1","VIN_2","VIN_3","VIN_4","VIN_5","VIN_6","VIN_7","VIN_8","VIN_9","VIN_10","VIN_11","VIN_12","TOW_VEH","J_KNIFE","MCARR_I1","MCARR_I2","MCARR_ID","GVWR","V_CONFIG","CARGO_BT","HAZ_INV","HAZ_PLAC","HAZ_ID","HAZ_CNO","HAZ_REL","BUS_USE","SPEC_USE","EMER_USE","TRAV_SP","UNDERIDE","ROLLOVER","ROLINLOC","IMPACT1","DEFORMED","TOWED","M_HARM","VEH_SC1","VEH_SC2","FIRE_EXP","DR_PRES","L_STATE","DR_ZIP","L_STATUS","L_TYPE","CDL_STAT","L_ENDORS","L_COMPL","L_RESTRI","DR_HGT","DR_WGT","PREV_ACC","PREV_SUS","PREV_DWI","PREV_SPD","PREV_OTH","FIRST_MO","FIRST_YR","LAST_MO","LAST_YR","SPEEDREL","DR_SF1","DR_SF2","DR_SF3","DR_SF4","VTRAFWAY","VNUM_LAN","VSPD_LIM","VALIGN","VPROFILE","VPAVETYP","VSURCOND","VTRAFCON","VTCONT_F","P_CRASH1","P_CRASH2","P_CRASH3","PCRASH4","PCRASH5","ACC_TYPE","TRLR1VIN","TRLR2VIN","TRLR3VIN","DEATHS","DR_DRINK"
41,410216,1,2,2,24,7,15,23,12,6,1,0,6,2,20,37,20037,4,2014,"1G11H5SL8EF1","1","G","1","1","H","5","S","L","8","E","F","1",0,0,0,"000000000","00000000000",0,0,0,1,0,0,0,0,0,0,0,998,0,0,0,3,6,2,12,0,0,0,1,48,78233,6,1,0,0,3,0,999,999,0,0,0,0,0,0,0,0,0,0,39,0,0,0,1,2,55,1,1,2,1,20,3,1,17,1,1,1,87,"777777777777","777777777777","777777777777",1,0
41,410216,2,2,2,24,7,15,23,12,6,1,0,41,1,7,482,7482,31,2004,"3D7KU28C54G1","3","D","7","K","U","2","8","C","5","4","G","1",1,1,0,"000000000","00000000000",0,0,0,1,0,0,0,0,0,0,0,998,0,0,0,12,6,2,12,0,0,0,1,41,97009,6,1,0,0,3,0,67,137,0,0,0,0,1,10,2014,10,2014,0,0,0,0,0,1,2,55,1,1,2,1,0,0,1,66,1,1,1,86,"999999999999","777777777777","777777777777",0,0
41,410217,1,1,1,7,5,4,47,1,0,1,0,41,1,20,403,20403,14,2003,"1GNDT13S2323","1","G","N","D","T","1","3","S","2","3","2","3",0,0,0,"000000000","00000000000",0,0,0,1,0,0,0,0,0,0,0,998,0,1,5,0,6,2,1,0,0,0,1,41,97753,6,1,0,0,3,0,63,200,0,0,0,2,0,7,2012,4,2014,0,0,0,0,0,1,2,55,1,1,2,1,0,0,1,13,1,1,4,1,"777777777777","777777777777","777777777777",1,1
41,410218,1,1,1,17,5,17,8,1,0,1,0,41,1,72,706,72706,80,2002,"1HD1BHY142Y0","1","H","D","1","B","H","Y","1","4","2","Y","0",0,0,0,"000000000","00000000000",0,0,0,1,0,0,0,0,0,0,0,998,0,0,0,0,9,2,1,0,0,0,1,41,97071,6,1,0,0,3,0,70,200,0,0,0,0,0,0,0,0,0,0,0,0,0,0,1,2,55,1,1,2,1,0,0,1,98,1,1,1,98,"777777777777","777777777777","777777777777",1,0
41,410219,1,1,2,30,5,16,1,9,0,1,0,41,1,20,4,20004,2,2013,"1G1YC2DW2D51","1","G","1","Y","C","2","D","W","2","D","5","1",0,0,0,"000000000","00000000000",0,0,0,1,0,0,0,0,0,0,0,998,0,0,0,12,9,3,9,0,0,0,1,41,97219,6,1,0,0,3,0,76,210,0,1,0,0,2,9,2011,8,2015,3,35,36,91,0,1,2,35,1,1,2,1,0,0,6,6,9,1,2,13,"777777777777","777777777777","777777777777",0,1
41,410220,1,1,1,3,3,6,45,8,0,1,1,41,3,12,481,12481,31,2008,"1FTRF12298KE","1","F","T","R","F","1","2","2","9","8","K","E",0,0,0,"000000000","00000000000",0,0,0,1,0,0,0,0,0,0,0,998,0,0,0,12,9,5,8,0,0,0,1,41,97023,6,1,0,0,3,0,73,190,2,3,0,3,2,5,2011,7,2015,9,91,0,0,0,1,2,98,1,1,2,1,0,0,1,80,1,1,1,13,"777777777777","777777777777","777777777777",0,0
41,410221,1,1,1,1,6,3,45,42,0,1,0,41,1,14,401,14401,14,2002,"4M2ZU86W92UJ","4","M","2","Z","U","8","6","W","9","2","U","J",0,0,0,"000000000","00000000000",0,0,0,1,0,0,0,0,0,0,0,998,0,0,0,12,9,2,42,0,0,0,1,41,97056,6,1,0,0,3,0,68,182,0,0,0,0,1,10,2013,10,2013,4,0,0,0,0,1,2,98,1,1,2,1,0,0,1,13,1,1,4,1,"777777777777","777777777777","777777777777",1,0
41,410222,1,1,1,27,7,20,2,35,0,1,0,41,1,72,706,72706,80,2001,"1HD1FRW161Y6","1","H","D","1","F","R","W","1","6","1","Y","6",0,0,0,"000000000","00000000000",0,0,0,1,0,0,0,0,0,0,0,998,0,0,0,12,9,2,35,0,0,0,1,41,97603,6,1,0,0,3,0,72,197,0,0,0,0,0,0,0,0,0,9,0,0,0,0,1,2,55,3,2,2,1,0,0,14,13,1,1,4,1,"777777777777","777777777777","777777777777",1,1
41,410223,1,2,4,28,7,14,12,12,6,1,0,41,2,49,442,49442,20,2003,"4T3ZF13C43U5","4","T","3","Z","F","1","3","C","4","3","U","5",0,0,0,"000000000","00000000000",0,0,0,1,0,0,0,0,0,0,0,998,0,0,0,1,6,2,12,0,0,0,1,41,97236,6,1,0,0,3,0,66,145,0,11,0,0,1,8,2011,7,2015,9,28,0,0,0,1,2,55,3,2,2,1,0,0,14,10,1,1,2,64,"777777777777","777777777777","777777777777",2,0
41,410223,2,2,1,28,7,14,12,12,6,1,0,41,1,54,36,54036,4,1999,"JH4KA9650XC0","J","H","4","K","A","9","6","5","0","X","C","0",0,0,0,"000000000","00000000000",0,0,0,1,0,0,0,0,0,0,0,998,0,0,0,12,6,2,12,0,0,0,1,41,97381,6,1,0,0,3,0,68,200,0,0,0,0,0,0,0,0,0,0,0,0,0,0,1,2,55,2,2,2,1,0,0,14,62,1,1,1,65,"777777777777","777777777777","777777777777",0,0
41,410224,1,1,2,29,7,18,7,35,0,1,0,16,1,20,441,20441,20,2002,"1GNEL19X62B1","1","G","N","E","L","1","9","X","6","2","B","1",0,0,0,"000000000","00000000000",0,0,0,1,0,0,0,0,0,0,0,998,0,0,0,12,6,2,35,0,0,1,1,16,83651,6,1,0,0,3,0,999,999,0,0,0,0,0,0,0,0,0,9,99,99,99,99,1,2,55,2,1,2,1,0,0,14,12,1,1,4,6,"777777777777","777777777777","777777777777",1,0
41,410225,1,1,1,29,7,19,15,1,0,1,0,41,1,7,482,7482,31,1999,"3B7HF13YXXG1","3","B","7","H","F","1","3","Y","X","X","G","1",0,0,0,"000000000","00000000000",0,0,0,1,0,0,0,0,0,0,0,998,0,1,5,0,6,2,1,0,0,0,1,41,97601,6,1,0,0,3,0,62,130,0,0,0,0,0,0,0,0,0,4,0,0,0,0,1,2,55,3,2,2,1,0,0,14,12,6,4,4,7,"777777777777","777777777777","777777777777",1,1
41,410226,1,1,1,29,7,22,5,33,0,1,0,41,1,37,32,37032,4,1998,"1HGCG5552WA1","1","H","G","C","G","5","5","5","2","W","A","1",0,0,0,"000000000","00000000000",0,0,0,1,0,0,0,0,0,0,0,998,0,1,6,12,6,2,30,0,0,0,1,41,97123,6,1,0,0,3,0,71,195,0,0,0,0,0,0,0,0,0,4,0,0,0,0,1,2,55,1,1,2,1,0,0,1,13,16,1,4,1,"777777777777","777777777777","777777777777",1,1
41,410227,1,1,2,30,7,8,3,9,0,1,0,41,3,87,881,87881,62,2013,"2NP2HM6X6DM1","2","N","P","2","H","M","6","X","6","D","M","1",0,0,57,"0358108","570358108",2,2,1,1,0,0,0,0,0,0,0,998,0,0,0,82,9,5,9,0,0,0,1,41,97060,6,1,0,0,3,0,70,200,0,0,0,3,0,5,2012,6,2014,0,48,0,0,0,1,2,98,1,1,2,1,2,3,10,16,1,1,1,13,"777777777777","777777777777","777777777777",0,0
41,410228,1,1,1,30,7,15,18,10,0,1,0,41,1,55,35,55035,4,2010,"KMHDU4AD8AU2","K","M","H","D","U","4","A","D","8","A","U","2",0,0,0,"000000000","00000000000",0,0,0,1,0,0,0,0,0,0,0,0,0,0,0,8,9,2,10,0,0,0,1,41,97462,6,1,0,0,3,0,61,150,0,0,0,0,0,0,0,0,0,0,54,0,0,0,1,2,98,1,1,2,1,65,3,5,98,1,1,1,98,"777777777777","777777777777","777777777777",1,1
41,410229,1,2,1,29,8,10,25,12,6,1,0,53,1,98,706,98706,80,2016,"56KMSB008G31","5","6","K","M","S","B","0","0","8","G","3","1",0,0,0,"000000000","00000000000",0,0,0,1,0,0,0,0,0,0,0,998,0,0,0,12,9,2,12,0,0,0,1,53,98375,6,1,0,0,3,0,62,136,0,0,0,0,0,0,0,0,0,9,28,0,0,0,1,2,55,2,2,2,1,40,3,14,10,1,1,2,64,"777777777777","777777777777","777777777777",1,0
41,410229,2,2,1,29,8,10,25,12,6,1,0,93,3,87,884,87884,66,1998,"1XPFPB0X9WD4","1","X","P","F","P","B","0","X","9","W","D","4",1,1,57,"076884826","57076884826",3,6,1,1,0,0,0,0,0,0,0,998,0,0,0,10,9,5,12,0,0,0,1,41,97801,6,1,6,0,3,1,74,205,0,0,0,0,0,0,0,0,0,0,0,0,0,0,1,2,55,3,2,2,1,40,3,14,62,1,1,1,65,"999999999999","777777777777","777777777777",0,0
41,410230,1,1,1,5,8,5,0,8,0,1,0,41,1,7,482,7482,31,2016,"1C6RR7NM1GS3","1","C","6","R","R","7","N","M","1","G","S","3",0,0,0,"000000000","00000000000",0,0,0,1,0,0,0,0,0,0,0,998,0,0,0,11,9,5,8,0,0,0,1,41,97009,6,1,0,0,3,0,74,210,1,0,0,1,1,4,2012,10,2015,0,0,0,0,0,5,5,40,1,1,2,1,2,3,1,80,1,1,1,13,"777777777777","777777777777","777777777777",0,0
41,410231,1,2,1,5,8,10,45,12,6,1,0,41,1,49,482,49482,31,2012,"5TFUM5F12CX0","5","T","F","U","M","5","F","1","2","C","X","0",0,0,0,"000000000","00000000000",0,0,0,1,0,0,0,0,0,0,0,998,0,0,0,12,6,2,12,0,0,0,1,41,97206,6,1,0,0,3,0,69,170,0,0,0,1,0,11,2014,11,2014,9,0,0,0,0,5,5,98,1,1,2,1,0,0,1,72,99,1,1,83,"777777777777","777777777777","777777777777",0,0
41,410231,2,2,1,5,8,10,45,12,6,1,0,41,1,20,471,20471,30,1989,"1GCBS14E1K22","1","G","C","B","S","1","4","E","1","K","2","2",0,0,0,"000000000","00000000000",0,0,0,1,0,0,0,0,0,0,0,998,0,0,0,9,6,2,12,0,0,0,1,41,97230,6,1,0,0,3,0,70,185,0,0,0,0,0,0,0,0,0,9,38,0,0,0,1,2,98,1,1,2,1,20,3,11,15,99,1,1,82,"777777777777","777777777777","777777777777",1,0
41,410232,1,1,1,5,8,15,7,9,0,1,0,53,1,7,482,7482,31,1997,"1B7HF16Y5VS2","1","B","7","H","F","1","6","Y","5","V","S","2",0,0,0,"000000000","00000000000",0,0,0,1,0,0,0,0,0,0,0,998,0,0,0,12,9,5,9,0,0,0,1,53,98671,6,1,0,0,3,0,63,205,0,0,0,0,0,0,0,0,0,0,38,0,0,0,1,2,35,2,2,2,1,0,0,11,83,1,1,1,13,"777777777777","777777777777","777777777777",0,0
41,410233,1,1,2,7,5,18,35,14,0,1,0,41,1,21,401,21401,14,1991,"1GHDT13Z1M27","1","G","H","D","T","1","3","Z","1","M","2","7",0,0,0,"000000000","00000000000",0,0,0,1,0,0,0,0,0,0,0,998,0,0,0,12,6,2,14,0,0,0,1,41,97338,1,1,0,0,2,0,67,125,1,17,1,0,4,6,2011,2,2014,0,36,91,0,0,1,2,55,1,1,2,1,0,0,1,13,1,1,4,1,"777777777777","777777777777","777777777777",1,0
41,410234,1,1,1,2,8,99,99,17,0,1,0,41,1,35,50,35050,5,2008,"3N1BC13E08L4","3","N","1","B","C","1","3","E","0","8","L","4",0,0,0,"000000000","00000000000",0,0,0,1,0,0,0,0,0,0,0,998,0,0,0,12,9,2,17,0,0,0,1,41,97108,6,1,0,0,3,0,70,216,2,2,0,0,1,7,2013,3,2016,0,0,0,0,0,1,2,55,2,1,2,99,0,0,1,13,1,1,4,1,"777777777777","777777777777","777777777777",1,0
41,410235,1,1,1,3,8,16,10,1,0,1,0,97,1,34,706,34706,80,2007,"WB10307A272U","W","B","1","0","3","0","7","A","2","7","2","U",0,0,0,"000000000","00000000000",0,0,0,1,0,0,0,0,0,0,0,998,0,0,0,0,9,9,1,0,0,0,1,97,0,9,9,99,9,9,9,999,999,99,99,99,99,99,99,9999,99,9999,4,0,0,0,0,1,2,98,1,1,4,1,0,0,1,19,1,1,4,99,"777777777777","777777777777","777777777777",1,0
41,410236,1,2,1,6,8,4,46,31,0,1,0,41,1,20,481,20481,31,2004,"1GCHK29254E3","1","G","C","H","K","2","9","2","5","4","E","3",0,0,0,"000000000","00000000000",0,0,0,1,0,0,0,0,0,0,0,998,0,0,0,98,6,2,12,0,0,0,1,41,97358,6,1,0,0,3,0,70,210,0,1,0,0,0,10,2011,10,2011,9,28,0,0,0,1,2,55,2,1,2,1,0,0,14,12,1,1,4,6,"777777777777","777777777777","777777777777",1,1
41,410236,2,2,1,6,8,4,46,31,0,1,0,41,2,12,481,12481,31,1999,"1FTNX21F7XEF","1","F","T","N","X","2","1","F","7","X","E","F",0,0,0,"000000000","00000000000",0,0,0,1,0,0,0,0,0,0,0,998,0,0,0,12,6,2,12,0,0,0,1,41,97305,6,1,0,0,3,0,71,260,0,0,0,0,0,0,0,0,0,0,0,0,0,0,1,2,55,3,1,2,1,0,0,14,62,1,1,1,98,"777777777777","777777777777","777777777777",0,0
41,410237,1,2,1,7,8,8,47,12,2,1,0,41,1,37,402,37402,14,2008,"JHLRE48538C0","J","H","L","R","E","4","8","5","3","8","C","0",0,0,0,"000000000","00000000000",0,0,0,1,0,0,0,0,0,0,0,998,0,0,0,12,6,2,12,0,0,0,1,41,97394,6,1,0,0,3,0,70,165,0,0,0,0,0,0,0,0,0,9,28,0,0,0,1,2,55,2,2,2,2,0,0,14,10,99,1,2,50,"777777777777","777777777777","777777777777",1,0
41,410237,2,2,1,7,8,8,47,12,2,1,0,39,1,20,461,20461,21,1994,"1GBEG25K0RF1","1","G","B","E","G","2","5","K","0","R","F","1",0,0,0,"000000000","00000000000",0,0,0,1,0,0,0,0,0,0,0,998,0,0,0,12,6,2,12,0,0,0,1,39,43202,6,1,0,0,3,0,66,145,1,0,0,1,1,2,2012,8,2012,0,0,0,0,0,1,2,55,3,2,2,2,0,0,14,62,1,1,1,51,"777777777777","777777777777","777777777777",0,0
41,410238,1,1,1,7,8,14,30,42,0,1,0,41,1,49,472,49472,30,2007,"5TEUU42N97Z3","5","T","E","U","U","4","2","N","9","7","Z","3",1,1,0,"000000000","00000000000",0,0,0,1,0,0,0,0,0,0,0,998,0,0,0,12,6,2,42,0,0,0,1,41,97305,6,1,0,0,3,1,69,213,0,0,0,0,0,0,0,0,0,0,0,0,0,0,1,2,55,1,2,2,1,0,0,1,12,1,1,4,6,"999999999999","777777777777","777777777777",1,0
41,410239,1,1,1,8,8,13,51,1,0,1,0,41,2,23,481,23481,31,2001,"1GTHK23111F2","1","G","T","H","K","2","3","1","1","1","F","2",0,0,0,"000000000","00000000000",0,0,0,1,0,0,0,0,0,0,0,998,0,1,1,0,6,2,1,0,0,0,1,41,97386,6,1,0,0,3,0,62,160,1,2,0,0,2,8,2011,3,2016,4,0,0,0,0,5,5,55,1,1,2,1,0,0,1,98,1,1,1,98,"777777777777","777777777777","777777777777",1,1
41,410240,1,1,1,8,8,22,23,8,0,1,0,41,1,30,40,30040,6,2009,"3VWPL71K19M2","3","V","W","P","L","7","1","K","1","9","M","2",0,0,0,"000000000","00000000000",0,0,0,1,0,0,0,0,0,0,0,998,0,0,0,12,9,5,8,0,0,0,1,41,97008,6,1,0,0,3,0,69,195,0,0,0,0,0,0,0,0,0,9,99,99,99,99,3,3,50,1,1,2,2,0,0,1,80,1,1,1,13,"777777777777","777777777777","777777777777",0,1
41,410241,1,2,1,9,8,14,0,12,2,1,0,53,1,35,47,35047,4,2016,"1N4AL3AP4GN3","1","N","4","A","L","3","A","P","4","G","N","3",0,0,0,"000000000","00000000000",0,0,0,1,0,0,0,0,0,0,0,998,0,0,0,12,6,2,12,0,0,0,1,41,97415,6,1,0,0,3,1,72,190,0,1,0,0,0,6,2013,6,2013,0,35,0,0,0,1,2,55,1,1,2,1,0,0,6,10,1,1,2,50,"777777777777","777777777777","777777777777",1,1
41,410241,2,2,2,9,8,14,0,12,2,1,0,41,1,7,482,7482,31,2001,"3B7HC13Z11M2","3","B","7","H","C","1","3","Z","1","1","M","2",0,0,0,"000000000","00000000000",0,0,0,1,0,0,0,0,0,0,0,998,0,0,0,12,6,2,12,0,0,0,1,41,97531,6,1,0,0,3,0,71,190,0,0,0,0,0,0,0,0,0,0,0,0,0,0,1,2,55,1,1,2,1,0,0,1,62,1,1,1,51,"777777777777","777777777777","777777777777",1,0
41,410242,1,2,1,11,8,12,55,12,1,1,0,13,1,49,403,49403,14,2004,"JTEGP21A1400","J","T","E","G","P","2","1","A","1","4","0","0",0,0,0,"000000000","00000000000",0,0,0,1,0,0,0,0,0,0,0,998,0,0,0,12,6,2,12,0,0,0,1,13,30064,6,1,0,0,3,1,74,275,98,0,0,0,1,2,2016,2,2016,4,0,0,0,0,5,5,45,1,1,2,1,0,0,1,51,1,1,1,24,"777777777777","777777777777","777777777777",1,1
41,410242,2,2,1,11,8,12,55,12,1,1,0,41,1,37,31,37031,4,2012,"2HGFB2F66CH5","2","H","G","F","B","2","F","6","6","C","H","5",0,0,0,"000000000","00000000000",0,0,0,1,0,0,0,0,0,0,0,998,0,0,0,6,6,2,12,0,0,0,1,41,97051,6,1,0,0,3,0,65,230,0,0,0,0,0,0,0,0,0,0,0,0,0,0,5,5,45,1,1,2,1,0,0,1,53,1,1,1,25,"777777777777","777777777777","777777777777",0,0
41,410243,1,1,1,12,8,23,40,32,0,1,0,41,1,12,481,12481,31,1999,"1FTNX21F6XEC","1","F","T","N","X","2","1","F","6","X","E","C",0,0,0,"000000000","00000000000",0,0,0,1,0,0,0,0,0,0,0,998,0,1,5,12,6,2,1,0,0,0,1,41,97462,6,1,0,0,3,0,72,190,0,0,0,0,0,0,0,0,0,4,0,0,0,0,1,2,55,3,1,2,1,0,0,14,13,1,1,4,1,"777777777777","777777777777","777777777777",1,1
41,410244,1,3,1,18,4,22,35,8,0,1,0,41,1,7,482,7482,31,2003,"3D7KU28C73G8","3","D","7","K","U","2","8","C","7","3","G","8",0,0,0,"000000000","00000000000",0,0,0,1,0,0,0,0,0,0,0,998,0,0,0,12,9,2,8,0,0,0,1,41,97367,6,1,0,0,3,0,73,205,0,0,0,2,1,2,2013,1,2015,0,0,0,0,0,5,5,55,1,1,2,1,0,0,1,80,1,1,1,13,"777777777777","777777777777","777777777777",0,0
41,410244,2,3,1,18,4,22,35,8,0,1,0,41,1,37,31,37031,4,1994,"JHMEG8558RS0","J","H","M","E","G","8","5","5","8","R","S","0",0,0,0,"000000000","00000000000",0,0,0,1,0,0,0,0,0,0,0,998,0,0,0,14,9,5,8,0,0,0,1,41,97448,6,1,0,0,3,0,67,140,0,9,0,3,2,5,2014,4,2016,0,0,0,0,0,5,5,55,1,1,2,1,0,0,1,80,1,1,1,98,"777777777777","777777777777","777777777777",0,0
41,410244,3,3,2,18,4,22,35,8,0,1,0,41,1,42,42,42042,4,2011,"WDDGF8BB6BR1","W","D","D","G","F","8","B","B","6","B","R","1",0,0,0,"000000000","00000000000",0,0,0,1,0,0,0,0,0,0,0,998,0,0,0,14,9,5,8,0,0,0,1,6,94526,6,1,0,0,3,0,999,999,0,0,0,0,0,0,0,0,0,0,0,0,0,0,5,5,55,1,1,2,1,0,0,1,80,1,1,1,98,"777777777777","777777777777","777777777777",0,0
41,410245,1,1,1,12,8,0,45,42,0,1,0,41,2,53,706,53706,80,2005,"JS1GR7JA1521","J","S","1","G","R","7","J","A","1","5","2","1",0,0,0,"000000000","00000000000",0,0,0,1,0,0,0,0,0,0,0,998,0,0,0,98,6,2,42,0,0,0,1,41,97045,6,1,0,0,3,0,71,189,0,1,0,0,2,2,2012,8,2014,4,0,0,0,0,5,5,30,4,2,2,1,0,0,14,19,99,9,4,99,"777777777777","777777777777","777777777777",1,1
41,410246,1,2,2,14,8,17,18,12,1,1,0,41,1,72,706,72706,80,2006,"1HD1BWB106Y0","1","H","D","1","B","W","B","1","0","6","Y","0",0,0,0,"000000000","00000000000",0,0,0,1,0,0,0,0,0,0,0,998,0,0,0,12,6,2,12,0,0,0,1,41,97023,6,1,0,0,3,0,72,168,1,4,1,0,1,4,2014,9,2014,3,35,0,0,0,1,2,45,1,1,2,1,0,0,6,10,1,1,2,24,"777777777777","777777777777","777777777777",1,1
41,410246,2,2,3,14,8,17,18,12,1,1,0,41,1,7,482,7482,31,2005,"3D7LS38CX5G7","3","D","7","L","S","3","8","C","X","5","G","7",0,0,0,"000000000","00000000000",0,0,0,1,0,0,0,0,0,0,0,998,0,0,0,6,9,3,12,0,0,0,1,41,97070,6,1,0,0,3,0,71,155,0,4,1,0,0,8,2013,11,2014,0,0,0,0,0,1,2,45,1,1,2,1,0,0,11,15,1,1,1,26,"777777777777","777777777777","777777777777",0,0
41,410247,1,2,1,17,8,8,44,12,2,1,0,41,1,12,401,12401,14,1998,"1FMZU35P8WZB","1","F","M","Z","U","3","5","P","8","W","Z","B",0,0,0,"000000000","00000000000",0,0,0,1,0,0,0,0,0,0,0,998,0,1,5,12,6,2,12,0,0,1,1,41,97132,6,1,0,0,3,0,69,180,0,0,0,0,0,0,0,0,0,9,28,0,0,0,1,2,55,3,6,2,1,0,0,14,10,1,1,2,50,"777777777777","777777777777","777777777777",1,0
41,410247,2,2,1,17,8,8,44,12,2,1,0,41,3,85,881,85881,66,1989,"1AS525224GL","1","A","S","5","2","5","2","2","4","G","L","",2,1,57,"1517991","571517991",3,7,2,1,0,0,0,0,0,0,0,998,0,0,0,12,6,2,12,0,0,1,1,41,97236,6,1,6,0,3,0,72,220,0,0,0,0,0,0,0,0,0,0,0,0,0,0,1,2,55,2,5,2,1,0,0,14,62,16,1,1,51,"999999999999","999999999999","777777777777",0,0
41,410248,1,1,1,17,8,4,38,42,0,1,0,41,1,37,31,37031,2,1998,"1HGEJ814XWL1","1","H","G","E","J","8","1","4","X","W","L","1",0,0,0,"000000000","00000000000",0,0,0,1,0,0,0,0,0,0,0,998,0,0,0,12,9,2,42,0,0,0,1,41,97030,6,1,0,0,3,0,68,165,0,4,0,1,0,4,2013,4,2015,4,0,0,0,0,1,2,98,2,2,2,1,0,0,1,12,16,1,4,6,"777777777777","777777777777","777777777777",1,1
41,410249,1,1,1,18,8,10,50,42,0,1,0,41,1,12,471,12471,30,2001,"1FTZR15E81PB","1","F","T","Z","R","1","5","E","8","1","P","B",0,0,0,"000000000","00000000000",0,0,0,1,0,0,0,0,0,0,0,998,0,1,5,12,9,8,1,0,0,0,1,41,97367,6,1,0,0,3,0,70,180,0,2,0,0,1,3,2015,7,2015,9,99,99,99,99,1,2,98,4,1,2,1,0,0,14,19,99,1,4,99,"777777777777","777777777777","777777777777",1,0
41,410250,1,1,2,19,8,15,54,8,0,1,0,41,1,59,31,59031,4,1998,"JT8BF28G4W50","J","T","8","B","F","2","8","G","4","W","5","0",0,0,0,"000000000","00000000000",0,0,0,1,0,0,0,0,0,0,0,998,0,0,0,12,9,5,8,0,0,0,1,41,97266,1,1,0,0,2,0,72,150,1,2,0,1,0,5,2015,7,2016,4,6,38,91,0,3,3,25,1,1,2,2,0,0,1,80,1,1,1,13,"777777777777","777777777777","777777777777",0,0
41,410251,1,1,1,20,8,3,31,42,0,1,0,41,1,52,401,52401,14,2000,"JA4MT31H9YP8","J","A","4","M","T","3","1","H","9","Y","P","8",0,0,0,"000000000","00000000000",0,0,0,1,0,0,0,0,0,0,0,998,0,0,0,9,6,2,42,0,0,0,1,41,97537,6,1,0,0,3,0,64,155,0,0,0,0,0,0,0,0,0,9,58,0,0,0,1,2,45,1,1,2,1,0,0,1,12,6,3,4,7,"777777777777","777777777777","777777777777",1,1
41,410252,1,3,1,21,8,15,29,12,6,1,0,46,1,76,706,76706,80,2004,"JYAVP17E04A0","J","Y","A","V","P","1","7","E","0","4","A","0",0,0,0,"000000000","00000000000",0,0,0,1,0,0,0,0,0,0,0,998,0,0,0,12,6,2,12,0,0,0,1,46,57735,6,1,0,0,3,0,70,195,0,0,0,0,0,0,0,0,0,0,28,0,0,0,1,3,55,3,2,2,1,0,0,14,10,1,1,2,64,"777777777777","777777777777","777777777777",1,0
41,410252,2,3,2,21,8,15,29,12,6,1,0,41,1,20,481,20481,31,2007,"1GCEC19CX7Z5","1","G","C","E","C","1","9","C","X","7","Z","5",0,0,0,"000000000","00000000000",0,0,0,1,0,0,0,0,0,0,0,998,0,0,0,9,9,2,12,0,0,0,1,41,97383,6,1,0,0,3,0,65,220,0,0,0,0,0,0,0,0,0,0,0,0,0,0,1,3,55,2,2,2,1,0,0,14,62,1,1,1,65,"777777777777","777777777777","777777777777",0,0
41,410252,3,3,3,21,8,15,29,12,6,1,0,41,1,49,32,49032,4,2004,"1NXBR38EX4Z3","1","N","X","B","R","3","8","E","X","4","Z","3",0,0,0,"000000000","00000000000",0,0,0,1,0,0,0,0,0,0,0,998,0,0,0,12,9,5,12,0,0,0,1,41,97361,6,1,6,0,3,0,72,180,0,0,0,0,0,0,0,0,0,0,0,0,0,0,1,3,55,2,2,2,1,0,0,14,62,1,1,1,98,"777777777777","777777777777","777777777777",0,0
41,410253,1,1,1,4,1,21,30,42,0,1,0,6,2,37,32,37032,6,1991,"1HGCB9858MA0","1","H","G","C","B","9","8","5","8","M","A","0",0,0,0,"000000000","00000000000",0,0,0,1,0,0,0,0,0,0,0,998,0,0,0,11,6,2,42,0,0,0,1,41,97341,1,1,0,0,2,3,63,130,1,0,0,0,0,11,2011,11,2011,0,0,0,0,0,1,2,55,1,1,2,2,0,0,1,12,1,4,4,7,"777777777777","777777777777","777777777777",1,0
41,410254,1,1,1,11,6,14,35,42,0,1,0,41,1,34,35,34035,6,2007,"WBANN73507CN","W","B","A","N","N","7","3","5","0","7","C","N",0,0,0,"000000000","00000000000",0,0,0,1,0,0,0,0,0,0,0,998,0,0,0,12,9,2,42,0,0,0,1,41,97759,6,1,0,0,3,0,63,142,0,0,0,0,0,0,0,0,0,9,99,99,99,99,1,2,50,3,2,2,1,0,0,14,13,99,1,4,1,"777777777777","777777777777","777777777777",1,0
41,410255,1,2,3,11,7,14,35,12,2,1,0,41,1,37,32,37032,4,2004,"1HGCM56334A0","1","H","G","C","M","5","6","3","3","4","A","0",0,0,0,"000000000","00000000000",0,0,0,1,0,0,0,0,0,0,0,998,0,0,0,12,9,2,12,0,0,0,1,41,97303,6,1,0,0,3,0,69,178,0,0,0,0,0,0,0,0,0,0,38,0,0,0,5,5,35,1,2,2,1,2,3,11,15,1,1,1,68,"777777777777","777777777777","777777777777",1,0
41,410255,2,2,1,11,7,14,35,12,2,1,0,41,1,49,482,49482,31,2004,"5TBDT44134S4","5","T","B","D","T","4","4","1","3","4","S","4",0,0,0,"000000000","00000000000",0,0,0,1,0,0,0,0,0,0,0,998,0,0,0,12,9,2,12,0,0,0,1,41,97338,6,1,0,0,3,0,67,210,0,0,0,1,0,5,2012,5,2012,0,0,0,0,0,5,5,35,1,2,2,1,2,3,1,17,99,1,1,69,"777777777777","777777777777","777777777777",0,0