"STATE","ST_CASE","VEH_NO","VE_FORMS","NUMOCCS","DAY","MONTH","HOUR","MINUTE","HARM_EV","MAN_COLL","UNITTYPE","HIT_RUN","REG_STAT","OWNER","MAKE","MODEL","MAK_MOD","BODY_TYP","MOD_YEAR","VIN","VIN_1","VIN_2","VIN_3","VIN_4","VIN_5","VIN_6","VIN_7","VIN_8","VIN_9","VIN_10","VIN_11","VIN_12","TOW_VEH","J_KNIFE","MCARR_I1","MCARR_I2","MCARR_ID","GVWR","V_CONFIG","CARGO_BT","HAZ_INV","HAZ_PLAC","HAZ_ID","HAZ_CNO","HAZ_REL","BUS_USE","SPEC_USE","EMER_USE","TRAV_SP","UNDERIDE","ROLLOVER","ROLINLOC","IMPACT1","DEFORMED","TOWED","M_HARM","VEH_SC1","VEH_SC2","FIRE_EXP","DR_PRES","L_STATE","DR_ZIP","L_STATUS","L_TYPE","CDL_STAT","L_ENDORS","L_COMPL","L_RESTRI","DR_HGT","DR_WGT","PREV_ACC","PREV_SUS","PREV_DWI","PREV_SPD","PREV_OTH","FIRST_MO","FIRST_YR","LAST_MO","LAST_YR","SPEEDREL","DR_SF1","DR_SF2","DR_SF3","DR_SF4","VTRAFWAY","VNUM_LAN","VSPD_LIM","VALIGN","VPROFILE","VPAVETYP","VSURCOND","VTRAFCON","VTCONT_F","P_CRASH1","P_CRASH2","P_CRASH3","PCRASH4","PCRASH5","ACC_TYPE","TRLR1VIN","TRLR2VIN","TRLR3VIN","DEATHS","DR_DRINK"
41,410288,1,2,1,15,9,8,5,12,6,1,0,41,2,18,20,18020,4,1998,"2G4WB52KXW14","2","G","4","W","B","5","2","K","X","W","1","4",0,0,0,"000000000","00000000000",0,0,0,1,0,0,0,0,0,0,0,998,0,0,0,9,9,2,12,0,0,0,1,41,97361,6,1,0,0,3,0,64,180,0,0,0,0,0,0,0,0,0,0,39,0,0,0,1,2,55,1,1,2,1,4,3,1,17,1,1,1,89,"777777777777","777777777777","777777777777",1,0
41,410288,2,2,4,15,9,8,5,12,6,1,0,53,2,12,481,12481,31,1996,"1FTJW35F6TEB","1","F","T","J","W","3","5","F","6","T","E","B",0,0,0,"000000000","00000000000",0,0,0,1,0,0,0,0,0,0,0,998,0,0,0,12,6,2,12,0,0,0,1,53,98649,6,1,6,0,3,1,72,220,0,1,0,0,1,1,2014,3,2014,0,0,0,0,0,1,2,55,1,1,2,1,4,3,1,66,99,1,1,88,"777777777777","777777777777","777777777777",0,0
41,410289,1,1,2,13,8,22,44,42,0,1,0,41,2,35,39,35039,4,2014,"1N4AA5AP1EC4","1","N","4","A","A","5","A","P","1","E","C","4",0,0,0,"000000000","00000000000",0,0,0,1,0,0,0,0,0,0,0,998,0,0,0,9,6,2,42,0,0,0,1,41,97060,6,1,0,0,3,0,74,280,0,0,0,1,0,10,2012,10,2012,0,36,91,0,0,1,2,55,2,6,2,1,0,0,14,12,1,4,4,7,"777777777777","777777777777","777777777777",1,1
41,410290,1,1,1,17,9,16,8,42,0,1,0,41,2,30,40,30040,4,2003,"3VWSP69MX3M0","3","V","W","S","P","6","9","M","X","3","M","0",0,0,0,"000000000","00000000000",0,0,0,1,0,0,0,0,0,0,0,998,0,1,5,9,6,2,42,0,0,0,1,41,97305,6,1,0,0,3,0,72,160,0,0,0,0,1,7,2015,7,2015,4,0,0,0,0,1,2,55,1,1,2,2,0,0,1,13,1,5,4,2,"777777777777","777777777777","777777777777",1,0
41,410291,1,2,3,17,9,18,39,12,6,1,0,41,1,37,31,37031,4,1999,"2HGEJ6612XH5","2","H","G","E","J","6","6","1","2","X","H","5",0,0,0,"000000000","00000000000",0,0,0,1,0,0,0,0,0,0,0,998,0,0,0,3,6,2,12,0,0,0,1,41,97032,6,1,0,0,3,0,61,125,1,0,0,0,0,12,2013,12,2013,9,28,0,0,0,1,2,55,2,1,2,2,0,0,14,10,99,1,2,64,"777777777777","777777777777","777777777777",2,0
41,410291,2,2,3,17,9,18,39,12,6,1,0,41,2,63,37,63037,6,2010,"KNDJT2A29A71","K","N","D","J","T","2","A","2","9","A","7","1",0,0,0,"000000000","00000000000",0,0,0,1,0,0,0,0,0,0,0,998,0,0,0,12,6,2,12,0,0,0,1,41,97267,6,1,0,0,3,1,70,165,0,0,0,1,0,6,2013,6,2013,0,0,0,0,0,1,2,55,3,1,2,2,0,0,14,62,99,1,1,65,"777777777777","777777777777","777777777777",0,0
41,410292,1,1,1,17,9,21,57,34,0,1,0,41,1,30,40,30040,4,2001,"3VWSS29M01M0","3","V","W","S","S","2","9","M","0","1","M","0",0,0,0,"000000000","00000000000",0,0,0,1,0,0,0,0,0,0,0,998,0,0,0,12,6,2,34,0,0,0,1,41,97303,6,1,0,0,3,0,64,130,0,0,0,0,2,12,2012,6,2015,9,99,99,99,99,1,2,55,1,1,2,2,0,0,1,12,99,1,4,6,"777777777777","777777777777","777777777777",1,0
41,410293,1,2,1,18,9,4,15,1,0,1,0,41,2,12,401,12401,14,2004,"1FMDU84W04UC","1","F","M","D","U","8","4","W","0","4","U","C",0,0,0,"000000000","00000000000",0,0,0,1,0,0,0,0,0,0,0,998,0,1,4,0,6,2,12,0,0,0,1,41,97471,6,1,0,0,3,0,70,160,0,4,1,0,0,8,2012,6,2014,9,99,99,99,99,6,1,50,2,2,2,1,0,0,14,12,99,1,4,6,"777777777777","777777777777","777777777777",1,1
41,410293,2,2,1,18,9,4,15,1,0,1,0,93,3,87,881,87881,66,2010,"1XPXD49X8AD1","1","X","P","X","D","4","9","X","8","A","D","1",1,1,57,"2641449","572641449",3,6,1,1,0,0,0,0,0,0,0,998,0,0,0,11,9,3,12,0,0,0,1,53,99301,6,1,6,0,3,0,67,170,0,2,0,0,1,2,2012,4,2012,0,0,0,0,0,1,2,55,1,2,2,1,0,0,1,64,1,1,1,98,"1UYVS2535AU0","777777777777","777777777777",0,0
41,410294,1,2,1,2,9,7,33,12,2,1,0,41,1,54,31,54031,4,1994,"JH4DB7559RS0","J","H","4","D","B","7","5","5","9","R","S","0",0,0,0,"000000000","00000000000",0,0,0,1,0,0,0,0,0,0,0,998,0,0,0,12,9,2,12,0,0,0,1,41,97305,6,1,0,0,3,1,68,145,0,0,0,0,0,0,0,0,0,9,28,0,0,0,1,2,55,1,2,2,1,0,0,1,10,99,1,2,50,"777777777777","777777777777","777777777777",1,0
41,410294,2,2,1,2,9,7,33,12,2,1,0,41,1,7,442,7442,20,2012,"2C4RDGCG6CR3","2","C","4","R","D","G","C","G","6","C","R","3",0,0,0,"000000000","00000000000",0,0,0,1,0,0,0,0,0,0,0,998,0,0,0,12,9,2,12,0,0,0,1,41,97306,6,1,0,0,3,0,63,140,0,0,0,0,0,0,0,0,0,0,0,0,0,0,1,2,55,1,2,2,1,0,0,1,62,1,1,1,51,"777777777777","777777777777","777777777777",0,0
41,410295,1,2,1,2,9,13,0,12,6,1,0,41,1,12,17,12017,4,1995,"1FALP52U8SG1","1","F","A","L","P","5","2","U","8","S","G","1",0,0,0,"000000000","00000000000",0,0,0,1,0,0,0,0,0,0,0,998,0,0,0,9,6,2,12,0,0,0,1,41,97392,6,1,0,0,3,1,63,155,0,0,0,0,0,0,0,0,0,0,38,0,0,0,1,2,55,1,2,2,2,20,3,11,15,1,1,1,82,"777777777777","777777777777","777777777777",1,0
41,410295,2,2,1,2,9,13,0,12,6,1,0,41,1,7,472,7472,31,1998,"1B7GG22YXWS7","1","B","7","G","G","2","2","Y","X","W","S","7",0,0,0,"000000000","00000000000",0,0,0,1,0,0,0,0,0,0,0,998,0,0,0,12,9,2,12,0,0,0,1,41,97392,1,1,0,0,2,0,71,210,0,4,0,3,0,12,2012,6,2016,0,0,0,0,0,1,2,55,1,2,2,2,0,0,1,67,1,1,1,83,"777777777777","777777777777","777777777777",0,0
41,410296,1,1,4,3,9,1,40,1,0,1,0,49,2,20,431,20431,16,1993,"1GNFK16K3PJ4","1","G","N","F","K","1","6","K","3","P","J","4",0,0,0,"000000000","00000000000",0,0,0,1,0,0,0,0,0,0,0,998,0,1,4,0,6,2,1,0,0,0,1,41,97504,6,1,0,0,3,0,71,190,0,1,0,1,0,2,2012,4,2012,4,99,99,99,99,6,1,45,2,6,2,1,0,0,14,12,1,1,4,6,"777777777777","777777777777","777777777777",1,1
41,410297,1,1,4,3,9,18,50,8,0,1,0,41,1,12,3,12003,2,2006,"1ZVHT80N3651","1","Z","V","H","T","8","0","N","3","6","5","1",0,0,0,"000000000","00000000000",0,0,0,1,0,0,0,0,0,0,0,998,0,0,0,12,9,5,8,0,0,0,1,41,97006,6,1,0,0,3,1,69,177,0,0,0,0,0,0,0,0,0,0,0,0,0,0,1,3,98,1,1,2,2,0,0,1,80,16,1,1,13,"777777777777","777777777777","777777777777",0,0
41,410298,1,1,1,4,9,5,0,31,0,1,0,41,1,12,37,12037,4,2012,"1FAHP3F2XCL1","1","F","A","H","P","3","F","2","X","C","L","1",0,0,0,"000000000","00000000000",0,0,0,1,0,0,0,0,0,0,0,998,0,0,0,12,6,2,42,0,0,0,1,41,97883,6,1,6,0,3,0,69,250,1,1,0,0,1,4,2014,9,2014,4,0,0,0,0,1,2,55,3,1,2,1,0,0,14,12,1,1,4,6,"777777777777","777777777777","777777777777",1,1
41,410299,1,1,2,4,9,21,20,8,0,1,0,41,1,42,43,42043,4,2001,"WDBNG75J11A1","W","D","B","N","G","7","5","J","1","1","A","1",0,0,0,"000000000","00000000000",0,0,0,1,0,0,0,0,0,0,0,998,0,0,0,12,9,8,8,0,0,0,1,41,97233,6,1,0,0,3,0,75,240,0,0,0,0,1,12,2012,12,2012,9,36,91,0,0,1,2,98,1,1,2,1,0,0,1,80,99,1,1,13,"777777777777","777777777777","777777777777",0,1
41,410300,1,1,1,24,9,20,45,1,0,1,0,41,1,41,50,41050,4,2009,"1YVHP81A795M","1","Y","V","H","P","8","1","A","7","9","5","M",0,0,0,"000000000","00000000000",0,0,0,1,0,0,0,0,0,0,0,998,0,1,5,0,6,2,1,0,0,0,1,41,97801,6,1,0,0,3,1,62,200,0,0,0,0,0,0,0,0,0,0,99,99,99,99,1,2,98,1,1,2,1,0,0,1,12,99,1,4,6,"777777777777","777777777777","777777777777",1,1
41,410301,1,1,1,20,9,14,14,8,0,1,0,41,2,12,471,12471,31,1998,"1FTZR15X6WPA","1","F","T","Z","R","1","5","X","6","W","P","A",0,0,0,"000000000","00000000000",0,0,0,1,0,0,0,0,0,0,0,998,0,0,0,81,9,3,8,0,0,0,1,41,97031,6,1,0,0,3,0,69,270,0,0,0,0,0,0,0,0,0,0,38,0,0,0,1,2,40,1,1,2,1,0,0,1,80,99,1,1,13,"777777777777","777777777777","777777777777",0,1
41,410302,1,2,2,20,9,19,48,12,6,1,0,41,2,20,2,20002,4,2005,"2G1WH52K1591","2","G","1","W","H","5","2","K","1","5","9","1",0,0,0,"000000000","00000000000",0,0,0,1,0,0,0,0,0,0,0,998,0,0,0,9,9,2,12,0,0,0,1,41,97882,6,1,0,0,3,0,63,180,0,0,0,0,0,0,0,0,0,9,38,0,0,0,1,2,45,1,1,2,1,20,3,1,17,99,1,1,89,"777777777777","777777777777","777777777777",1,0
41,410302,2,2,1,20,9,19,48,12,6,1,0,41,3,49,482,49482,31,2009,"5TFCV54129X0","5","T","F","C","V","5","4","1","2","9","X","0",0,0,0,"000000000","00000000000",0,0,0,1,0,0,0,0,0,0,0,998,0,0,0,12,9,2,12,0,0,0,1,41,97875,6,1,0,0,3,0,80,240,0,0,0,0,0,0,0,0,0,0,0,0,0,0,1,2,45,1,1,2,1,0,0,1,66,99,1,1,88,"777777777777","777777777777","777777777777",0,0
41,410303,1,2,1,21,9,13,58,12,6,1,0,41,3,12,481,12481,31,2007,"1FTNF20587EB","1","F","T","N","F","2","0","5","8","7","E","B",1,1,0,"000000000","00000000000",1,0,0,1,0,0,0,0,0,0,0,998,0,0,0,3,6,2,12,0,0,0,1,41,97128,6,1,0,0,3,0,67,185,0,0,0,0,0,0,0,0,0,0,28,0,0,0,1,2,55,3,1,2,1,0,0,14,10,6,1,2,64,"46UFU122XG11","777777777777","777777777777",0,0
41,410303,2,2,2,21,9,13,58,12,6,1,0,41,1,49,46,49046,5,2005,"JTDKB20U4530","J","T","D","K","B","2","0","U","4","5","3","0",0,0,0,"000000000","00000000000",0,0,0,1,0,0,0,0,0,0,0,998,0,0,0,12,6,2,12,0,0,0,1,41,97132,6,1,0,0,3,1,60,155,0,0,0,0,0,0,0,0,0,0,0,0,0,0,1,2,55,2,1,2,1,0,0,14,62,1,1,1,65,"777777777777","777777777777","777777777777",1,0
41,410304,1,1,1,10,8,14,39,42,0,1,0,41,1,49,472,49472,30,2012,"5TFUX4EN0CX0","5","T","F","U","X","4","E","N","0","C","X","0",0,0,0,"000000000","00000000000",0,0,0,1,0,0,0,0,0,0,0,998,0,0,0,12,9,3,42,0,0,0,1,41,97497,6,1,0,0,3,3,63,200,2,0,0,0,0,12,2012,6,2015,9,99,99,99,99,1,2,98,1,1,2,98,0,0,1,19,99,1,4,99,"777777777777","777777777777","777777777777",1,0
41,410305,1,1,1,17,8,20,4,42,0,1,0,41,1,37,705,37705,80,2005,"JH2PC35145M6","J","H","2","P","C","3","5","1","4","5","M","6",0,0,0,"000000000","00000000000",0,0,0,1,0,0,0,0,0,0,0,998,0,0,0,98,9,2,42,0,0,0,1,41,97236,1,1,0,0,2,0,72,230,0,23,0,1,2,8,2012,7,2016,4,0,0,0,0,1,2,45,1,1,2,1,0,0,1,6,1,4,4,2,"777777777777","777777777777","777777777777",1,0
41,410306,1,2,1,1,8,9,23,12,6,1,0,41,2,35,43,35043,4,2003,"3N1CB51D03L7","3","N","1","C","B","5","1","D","0","3","L","7",0,0,0,"000000000","00000000000",0,0,0,1,0,0,0,0,0,0,0,998,0,0,0,9,9,2,12,0,0,0,1,41,97347,6,1,0,0,3,0,70,320,0,0,0,0,0,0,0,0,0,4,38,0,0,0,1,2,55,1,1,2,1,20,3,11,15,99,1,1,82,"777777777777","777777777777","777777777777",1,0
41,410306,2,2,1,1,8,9,23,12,6,1,0,41,2,37,31,37031,2,1994,"2HGEJ2123RH5","2","H","G","E","J","2","1","2","3","R","H","5",0,0,0,"000000000","00000000000",0,0,0,1,0,0,0,0,0,0,0,998,0,0,0,12,6,2,12,0,0,0,1,41,97141,6,1,0,0,3,0,66,130,0,0,0,0,0,0,0,0,0,9,99,99,99,99,1,2,55,1,2,2,1,0,0,1,67,99,1,1,83,"777777777777","777777777777","777777777777",0,1
41,410307,1,1,1,21,9,6,30,8,0,1,0,41,1,7,472,7472,31,2003,"1D7HG32X53S3","1","D","7","H","G","3","2","X","5","3","S","3",0,0,0,"000000000","00000000000",0,0,0,1,0,0,0,0,0,0,0,998,0,0,0,12,9,5,8,0,0,0,1,41,97527,6,1,0,0,3,1,75,240,0,0,0,0,0,0,0,0,0,0,0,0,0,0,1,4,45,1,1,2,1,0,0,1,80,1,1,1,13,"777777777777","777777777777","777777777777",0,0
41,410308,1,2,4,25,9,17,30,12,6,1,0,41,1,12,481,12481,31,2015,"1FT8W3BT0FEA","1","F","T","8","W","3","B","T","0","F","E","A",1,1,0,"000000000","00000000000",0,0,0,1,0,0,0,0,0,0,0,998,0,0,0,12,9,2,12,0,0,0,1,41,97503,6,1,6,0,3,0,71,190,0,0,0,0,0,0,0,0,0,0,48,0,0,0,1,2,55,1,1,2,1,0,0,12,21,1,1,2,98,"4FGL020233C0","777777777777","777777777777",0,0
41,410308,2,2,1,25,9,17,30,12,6,1,0,41,1,22,399,22399,2,1969,"242379Z10485","2","4","2","3","7","9","Z","1","0","4","8","5",0,0,0,"000000000","00000000000",0,0,0,1,0,0,0,0,0,0,0,998,0,0,0,9,6,2,12,0,0,0,1,41,97007,6,1,0,0,3,0,71,150,0,0,0,0,2,1,2012,5,2013,9,0,0,0,0,1,2,55,1,1,2,1,0,0,1,62,99,1,1,98,"777777777777","777777777777","777777777777",1,0
41,410309,1,2,1,26,9,6,30,12,6,1,0,41,1,37,706,37706,80,1990,"1HFSC220XLA2","1","H","F","S","C","2","2","0","X","L","A","2",0,0,0,"000000000","00000000000",0,0,0,1,0,0,0,0,0,0,0,998,0,0,0,3,9,2,12,0,0,0,1,41,97302,6,1,6,0,3,0,72,293,0,0,0,0,0,0,0,0,0,4,0,0,0,0,3,3,65,1,1,2,1,0,0,1,98,1,1,1,98,"777777777777","777777777777","777777777777",1,0
41,410309,2,2,1,26,9,6,30,12,6,1,0,93,3,87,884,87884,66,2014,"1XP9DC9X5EP1","1","X","P","9","D","C","9","X","5","E","P","1",2,1,57,"1237174","571237174",3,7,1,1,0,0,0,0,0,0,0,998,0,0,0,12,9,2,12,0,0,0,1,41,97348,6,1,6,0,3,0,69,200,0,0,0,1,0,6,2015,6,2015,0,0,0,0,0,3,3,65,1,1,2,1,0,0,1,60,1,1,1,98,"5MATA2827GA0","5MATA2838GA0","777777777777",0,0
41,410310,1,1,1,30,9,21,50,8,0,1,0,41,1,42,401,42401,14,1999,"4JGAB54E8XA0","4","J","G","A","B","5","4","E","8","X","A","0",0,0,0,"000000000","00000000000",0,0,0,1,0,0,0,0,0,0,0,998,0,0,0,12,9,5,8,0,0,0,1,41,97236,6,1,0,0,3,0,66,145,0,0,0,0,0,0,0,0,0,0,36,91,0,0,5,5,35,1,1,2,1,0,0,1,80,1,1,1,13,"777777777777","777777777777","777777777777",0,0
41,410311,1,2,2,26,9,10,9,12,6,1,0,41,3,12,443,12443,20,2006,"2FMZA52276BA","2","F","M","Z","A","5","2","2","7","6","B","A",0,0,0,"000000000","00000000000",0,0,0,1,0,0,0,0,0,0,0,42,0,0,0,3,6,2,12,0,0,0,1,41,97045,6,1,0,0,3,0,65,175,0,0,0,0,1,8,2012,8,2012,0,38,0,0,0,1,2,40,1,1,2,1,20,3,1,17,1,1,1,87,"777777777777","777777777777","777777777777",1,0
41,410311,2,2,1,26,9,10,9,12,6,1,0,41,1,49,421,49421,15,2002,"JTEHT05J8220","J","T","E","H","T","0","5","J","8","2","2","0",0,0,0,"000000000","00000000000",0,0,0,1,0,0,0,0,0,0,0,36,0,0,0,12,6,2,12,0,0,0,1,41,97004,6,1,0,0,3,1,73,220,0,0,0,1,0,12,2015,12,2015,0,0,0,0,0,1,2,40,1,5,2,1,0,0,1,66,1,1,1,86,"777777777777","777777777777","777777777777",0,0
41,410312,1,2,1,28,9,6,12,12,1,1,0,41,1,72,706,72706,80,2002,"1HD1FBW122Y6","1","H","D","1","F","B","W","1","2","2","Y","6",0,0,0,"000000000","00000000000",0,0,0,1,0,0,0,0,0,0,0,998,0,0,0,12,9,2,12,0,0,0,1,41,97132,6,1,0,0,3,1,66,180,0,0,0,0,1,8,2016,8,2016,0,26,0,0,0,5,5,55,1,1,2,1,0,0,1,50,1,1,1,20,"777777777777","777777777777","777777777777",1,0
41,410312,2,2,1,28,9,6,12,12,1,1,0,41,1,54,421,54421,15,2012,"2HNYD2H49CH5","2","H","N","Y","D","2","H","4","9","C","H","5",0,0,0,"000000000","00000000000",0,0,0,1,0,0,0,0,0,0,0,0,0,0,0,6,9,5,12,0,0,0,1,41,97132,6,1,0,0,3,1,63,125,0,0,0,0,0,0,0,0,0,0,0,0,0,0,5,5,55,1,1,2,1,0,0,5,53,1,1,1,21,"777777777777","777777777777","777777777777",0,0
41,410313,1,2,1,29,9,15,27,12,7,1,0,53,2,37,703,37703,80,1988,"JH2MD2107JK0","J","H","2","M","D","2","1","0","7","J","K","0",0,0,0,"000000000","00000000000",0,0,0,1,0,0,0,0,0,0,0,998,0,0,0,61,9,2,12,0,0,0,1,41,97217,6,1,0,0,3,0,72,165,0,0,0,0,0,0,0,0,0,9,38,0,0,0,6,2,25,1,1,2,1,0,0,11,15,99,1,1,72,"777777777777","777777777777","777777777777",1,0
41,410313,2,2,1,29,9,15,27,12,7,1,0,93,3,82,881,82881,66,2017,"3AKJGLBG5HSH","3","A","K","J","G","L","B","G","5","H","S","H",1,1,57,"1936216","571936216",3,6,1,1,0,0,0,0,0,0,0,998,0,0,0,81,9,5,12,0,0,0,1,53,98604,6,1,6,0,3,0,72,220,0,0,0,0,0,0,0,0,0,0,0,0,0,0,6,2,25,1,1,2,1,0,0,1,60,1,1,1,73,"999999999999","777777777777","777777777777",0,0
41,410314,1,2,1,30,9,7,43,12,2,1,0,41,3,86,881,86881,63,1996,"1M2AA13C7TW0","1","M","2","A","A","1","3","C","7","T","W","0",0,0,57,"1016872","571016872",3,2,1,1,0,0,0,0,0,0,0,998,0,0,0,12,9,2,12,0,0,0,1,53,98948,1,1,1,0,2,0,63,155,0,1,0,1,0,5,2016,7,2016,0,48,0,0,0,1,2,55,1,1,2,1,0,0,11,17,1,1,1,68,"777777777777","777777777777","777777777777",0,0
41,410314,2,2,1,30,9,7,43,12,2,1,0,53,1,48,34,48034,6,1996,"4S3BK4353T73","4","S","3","B","K","4","3","5","3","T","7","3",0,0,0,"000000000","00000000000",0,0,0,1,0,0,0,0,0,0,0,998,0,0,0,12,6,2,12,0,0,0,1,53,97836,6,1,6,0,3,1,70,220,0,0,0,1,1,10,2012,4,2016,0,0,0,0,0,1,2,55,1,1,2,1,0,0,1,62,1,1,1,69,"777777777777","777777777777","777777777777",1,0
41,410315,1,1,1,5,9,20,53,34,0,1,0,41,2,37,32,37032,4,1990,"JHMCB7661LC1","J","H","M","C","B","7","6","6","1","L","C","1",0,0,0,"000000000","00000000000",0,0,0,1,0,0,0,0,0,0,0,998,0,0,0,12,6,2,34,0,0,0,1,41,97110,6,1,0,0,3,0,70,160,0,5,0,0,0,6,2012,1,2015,4,0,0,0,0,1,2,55,1,1,2,2,0,0,1,13,16,1,4,1,"777777777777","777777777777","777777777777",1,1
41,410316,1,1,2,18,9,1,46,1,0,1,0,41,2,49,472,49472,40,2000,"4TAWN72N6YZ6","4","T","A","W","N","7","2","N","6","Y","Z","6",0,0,0,"000000000","00000000000",0,0,0,1,0,0,0,0,0,0,0,998,0,1,5,0,6,2,1,0,0,0,1,41,97913,6,1,0,0,3,0,71,145,0,0,0,1,0,4,2016,4,2016,9,99,99,99,99,1,2,55,1,1,2,1,0,0,1,19,99,1,4,99,"777777777777","777777777777","777777777777",1,0
41,410317,1,1,1,19,9,15,0,24,0,1,0,41,1,7,499,7499,31,1974,"D61F14J01641","D","6","1","F","1","4","J","0","1","6","4","1",0,0,0,"000000000","00000000000",0,0,0,1,0,0,0,0,0,0,0,998,0,1,5,12,6,2,1,0,0,0,1,41,97846,6,1,0,0,3,1,65,190,0,0,0,0,0,0,0,0,0,0,0,0,0,0,1,2,55,3,2,2,1,0,0,14,13,1,1,4,1,"777777777777","777777777777","777777777777",1,0
41,410318,1,1,1,22,9,19,48,1,0,1,0,41,1,49,471,49471,31,1992,"JT4VN13D6N50","J","T","4","V","N","1","3","D","6","N","5","0",0,0,0,"000000000","00000000000",0,0,0,1,0,0,0,0,0,0,0,998,0,1,1,0,6,2,1,0,0,0,1,41,97913,6,1,0,0,3,1,72,250,0,0,0,0,0,0,0,0,0,0,0,0,0,0,1,2,55,1,1,2,1,0,0,1,98,6,1,6,98,"777777777777","777777777777","777777777777",1,1
41,410319,1,1,2,23,9,16,35,1,0,1,0,53,2,20,37,20037,4,2004,"1G1ZU54894F2","1","G","1","Z","U","5","4","8","9","4","F","2",0,0,0,"000000000","00000000000",0,0,0,1,0,0,0,0,0,0,0,998,0,1,3,0,6,2,1,0,0,0,1,53,98405,1,1,0,0,2,3,67,145,3,5,1,1,5,3,2014,7,2016,0,0,0,0,0,2,2,70,2,1,2,1,0,0,14,12,1,1,4,6,"777777777777","777777777777","777777777777",1,1
41,410320,1,1,1,24,9,3,19,9,0,1,0,41,1,20,4,20004,2,2015,"1G1YD2D7XF51","1","G","1","Y","D","2","D","7","X","F","5","1",0,0,0,"000000000","00000000000",0,0,0,1,0,0,0,0,0,0,0,998,0,0,0,12,9,2,9,0,0,0,1,41,97030,6,1,0,0,3,1,74,215,0,0,0,0,0,0,0,0,0,9,99,99,99,99,5,5,40,1,1,2,1,4,3,1,83,1,1,1,13,"777777777777","777777777777","777777777777",0,0
41,410321,1,1,1,26,9,20,5,42,0,1,0,41,2,37,31,37031,6,1988,"JHMEE2759JS0","J","H","M","E","E","2","7","5","9","J","S","0",0,0,0,"000000000","00000000000",0,0,0,1,0,0,0,0,0,0,0,998,0,1,5,98,6,2,1,0,0,0,1,41,97438,6,1,0,0,3,0,67,150,0,0,0,0,0,0,0,0,0,0,0,0,0,0,1,2,55,3,1,2,1,0,0,14,13,1,1,4,1,"777777777777","777777777777","777777777777",1,0
41,410322,1,2,1,30,9,8,38,12,2,1,0,41,1,41,35,41035,5,2002,"JM1BJ2457215","J","M","1","B","J","2","4","5","7","2","1","5",0,0,0,"000000000","00000000000",0,0,0,1,0,0,0,0,0,0,0,998,0,0,0,12,9,2,12,0,0,0,1,41,97303,6,1,0,0,3,0,71,400,0,0,0,0,0,0,0,0,0,9,28,0,0,0,1,2,55,2,1,2,1,0,0,14,10,1,1,2,50,"777777777777","777777777777","777777777777",1,0
41,410322,2,2,1,30,9,8,38,12,2,1,0,53,1,49,403,49403,14,2016,"5TDDKRFH6GS2","5","T","D","D","K","R","F","H","6","G","S","2",0,0,0,"000000000","00000000000",0,0,0,1,0,0,0,0,0,0,0,998,0,1,1,12,6,2,1,0,0,0,1,53,98370,6,1,0,0,3,0,64,120,0,0,0,2,0,9,2014,5,2016,0,0,0,0,0,1,2,55,3,1,2,1,0,0,14,62,1,1,1,51,"777777777777","777777777777","777777777777",0,0
41,410323,1,2,1,30,9,11,6,12,6,1,0,0,0,98,733,98733,90,2015,"4XASEA324FA2","4","X","A","S","E","A","3","2","4","F","A","2",0,0,0,"000000000","00000000000",0,0,0,1,0,0,0,0,0,0,0,998,0,0,0,12,9,2,12,0,0,0,1,41,97346,6,1,0,0,3,0,73,240,1,1,0,0,2,8,2013,12,2014,0,38,0,0,0,1,4,35,1,1,2,1,0,0,4,17,1,1,1,86,"777777777777","777777777777","777777777777",1,1
41,410323,2,2,1,30,9,11,6,12,6,1,0,93,3,85,881,85881,66,2014,"1NKDX4EX8ER4","1","N","K","D","X","4","E","X","8","E","R","4",1,1,57,"0767842","570767842",3,6,10,1,0,0,0,0,0,0,0,998,0,0,0,3,9,5,12,0,0,0,1,41,97346,6,1,6,0,3,0,72,250,0,0,0,0,0,0,0,0,0,0,0,0,0,0,1,4,35,1,1,2,1,0,0,1,71,1,1,1,87,"999999999999","777777777777","777777777777",0,0
41,410324,1,1,1,7,4,20,47,42,0,1,0,99,9,99,999,99999,99,9999,"999999999999","9","9","9","9","9","9","9","9","9","9","9","9",0,0,0,"000000000","00000000000",0,0,0,1,0,0,0,0,0,0,0,998,0,0,0,98,9,2,42,0,0,0,1,41,97055,6,1,0,0,3,3,72,162,2,0,0,0,0,7,2015,12,2015,9,99,99,99,99,1,2,98,4,1,2,98,0,0,14,19,99,1,4,99,"777777777777","777777777777","777777777777",1,0
41,410325,1,2,1,1,6,0,3,12,2,1,0,35,1,12,481,12481,31,1997,"1FTDF1825VKA","1","F","T","D","F","1","8","2","5","V","K","A",0,0,0,"000000000","00000000000",0,0,0,1,0,0,0,0,0,0,0,998,0,0,0,12,6,2,12,0,0,1,1,35,87505,6,1,0,0,3,0,71,150,98,0,0,0,0,0,0,0,0,0,28,0,0,0,1,2,55,2,2,2,1,0,0,14,10,1,1,2,50,"777777777777","777777777777","777777777777",1,0
41,410325,2,2,1,1,6,0,3,12,2,1,0,93,3,85,881,85881,66,2007,"1XKADB9X87J1","1","X","K","A","D","B","9","X","8","7","J","1",1,1,57,"1725695","571725695",3,6,1,1,0,0,0,0,0,0,0,998,0,0,0,12,9,2,12,0,0,0,1,41,97233,6,1,6,0,3,0,72,185,0,0,0,1,1,7,2013,10,2014,0,0,0,0,0,1,2,55,3,2,2,1,0,0,14,62,1,1,1,51,"999999999999","777777777777","777777777777",0,0