"STATE","ST_CASE","VEH_NO","VE_FORMS","NUMOCCS","DAY","MONTH","HOUR","MINUTE","HARM_EV","MAN_COLL","UNITTYPE","HIT_RUN","REG_STAT","OWNER","MAKE","MODEL","MAK_MOD","BODY_TYP","MOD_YEAR","VIN","VIN_1","VIN_2","VIN_3","VIN_4","VIN_5","VIN_6","VIN_7","VIN_8","VIN_9","VIN_10","VIN_11","VIN_12","TOW_VEH","J_KNIFE","MCARR_I1","MCARR_I2","MCARR_ID","GVWR","V_CONFIG","CARGO_BT","HAZ_INV","HAZ_PLAC","HAZ_ID","HAZ_CNO","HAZ_REL","BUS_USE","SPEC_USE","EMER_USE","TRAV_SP","UNDERIDE","ROLLOVER","ROLINLOC","IMPACT1","DEFORMED","TOWED","M_HARM","VEH_SC1","VEH_SC2","FIRE_EXP","DR_PRES","L_STATE","DR_ZIP","L_STATUS","L_TYPE","CDL_STAT","L_ENDORS","L_COMPL","L_RESTRI","DR_HGT","DR_WGT","PREV_ACC","PREV_SUS","PREV_DWI","PREV_SPD","PREV_OTH","FIRST_MO","FIRST_YR","LAST_MO","LAST_YR","SPEEDREL","DR_SF1","DR_SF2","DR_SF3","DR_SF4","VTRAFWAY","VNUM_LAN","VSPD_LIM","VALIGN","VPROFILE","VPAVETYP","VSURCOND","VTRAFCON","VTCONT_F","P_CRASH1","P_CRASH2","P_CRASH3","PCRASH4","PCRASH5","ACC_TYPE","TRLR1VIN","TRLR2VIN","TRLR3VIN","DEATHS","DR_DRINK"
41,410326,1,1,2,5,6,1,15,33,0,1,0,41,2,37,31,37031,4,2007,"2HGFA165X7H3","2","H","G","F","A","1","6","5","X","7","H","3",0,0,0,"000000000","00000000000",0,0,0,1,0,0,0,0,0,0,0,998,0,0,0,3,6,2,33,0,0,0,1,41,97227,6,1,0,0,3,0,72,150,0,0,0,0,0,0,0,0,0,4,0,0,0,0,1,2,25,1,2,2,1,0,0,1,19,1,1,4,99,"777777777777","777777777777","777777777777",2,1
41,410327,1,1,1,15,6,6,15,1,0,1,0,41,1,20,22,20022,4,2010,"1G1AB5F55A72","1","G","1","A","B","5","F","5","5","A","7","2",0,0,0,"000000000","00000000000",0,0,0,1,0,0,0,0,0,0,0,998,0,1,1,0,6,2,1,0,0,0,1,41,97865,6,1,0,0,3,0,69,170,0,0,0,0,0,0,0,0,0,9,99,99,99,99,1,2,55,3,1,2,98,0,0,14,98,6,1,1,98,"777777777777","777777777777","777777777777",1,0
41,410328,1,1,1,20,6,11,45,30,0,1,0,41,1,18,19,18019,4,2011,"W04GR5NC2B10","W","0","4","G","R","5","N","C","2","B","1","0",0,0,0,"000000000","00000000000",0,0,0,1,0,0,0,0,0,0,0,998,0,0,0,12,6,2,30,0,0,0,1,41,97006,6,1,0,0,3,1,73,215,0,0,0,0,0,0,0,0,0,9,99,99,99,99,1,5,98,3,2,2,1,2,3,14,13,99,1,4,1,"777777777777","777777777777","777777777777",1,0
41,410329,1,3,1,11,9,9,30,12,6,1,0,41,1,49,482,49482,31,2000,"5TBBT4816YS0","5","T","B","B","T","4","8","1","6","Y","S","0",0,0,0,"000000000","00000000000",0,0,0,1,0,0,0,0,0,0,0,998,0,1,1,12,6,2,12,0,0,0,1,41,97140,6,1,6,0,3,0,70,160,0,0,0,0,0,0,0,0,0,0,28,36,91,0,1,2,55,3,1,2,1,0,0,14,10,1,1,2,64,"777777777777","777777777777","777777777777",0,1
41,410329,2,3,3,11,9,9,30,12,6,1,0,41,1,30,40,30040,6,2014,"3VWPL7AJ7EM6","3","V","W","P","L","7","A","J","7","E","M","6",0,0,0,"000000000","00000000000",0,0,0,1,0,0,0,0,0,0,0,998,0,0,0,9,6,2,12,0,0,0,1,41,97701,6,1,0,0,3,0,67,160,0,0,0,0,0,0,0,0,0,0,0,0,0,0,1,2,55,2,1,2,1,0,0,14,62,1,1,1,65,"777777777777","777777777777","777777777777",1,0
41,410329,3,3,3,11,9,9,30,12,6,1,0,53,4,7,24,7024,4,2016,"2C3CDXHG8GH2","2","C","3","C","D","X","H","G","8","G","H","2",0,0,0,"000000000","00000000000",0,0,0,1,0,0,0,0,0,0,0,998,0,0,0,12,6,2,12,0,0,0,1,41,97701,6,1,0,0,3,0,71,155,0,0,0,2,0,1,2012,3,2013,0,0,0,0,0,1,2,55,2,1,2,1,0,0,14,62,1,1,1,98,"777777777777","777777777777","777777777777",0,0
41,410330,1,1,3,27,9,13,32,1,0,1,0,6,1,35,401,35401,14,1995,"JN8HD17Y5SW0","J","N","8","H","D","1","7","Y","5","S","W","0",0,0,0,"000000000","00000000000",0,0,0,1,0,0,0,0,0,0,0,998,0,1,1,0,6,2,1,0,0,0,1,6,97622,3,1,0,0,2,0,66,145,0,0,0,0,0,0,0,0,0,9,99,99,99,99,1,2,55,3,2,2,1,0,0,14,98,99,1,1,98,"777777777777","777777777777","777777777777",1,0
41,410331,1,1,2,28,9,3,8,1,0,1,0,41,1,49,471,49471,31,1992,"4TARN01PXNZ0","4","T","A","R","N","0","1","P","X","N","Z","0",0,0,0,"000000000","00000000000",0,0,0,1,0,0,0,0,0,0,0,998,0,1,5,0,6,2,1,0,0,0,1,41,97477,6,1,0,0,3,0,71,142,0,0,0,0,0,0,0,0,0,0,0,0,0,0,1,2,55,3,1,2,1,0,0,14,13,1,1,4,1,"777777777777","777777777777","777777777777",1,0
41,410332,1,1,1,29,9,2,23,1,0,1,0,41,2,63,34,63034,4,2003,"KNAGD1286352","K","N","A","G","D","1","2","8","6","3","5","2",0,0,0,"000000000","00000000000",0,0,0,1,0,0,0,0,0,0,0,998,0,1,5,0,6,2,1,0,0,0,1,41,97424,0,0,0,0,0,0,66,120,0,0,0,0,0,0,0,0,0,9,99,99,99,99,1,2,55,4,2,2,1,0,0,1,19,99,1,4,99,"777777777777","777777777777","777777777777",1,1
41,410333,1,2,2,3,12,19,30,12,6,1,0,41,1,20,404,20404,14,2006,"2CNDL13F2660","2","C","N","D","L","1","3","F","2","6","6","0",0,0,0,"000000000","00000000000",0,0,0,1,0,0,0,0,0,0,0,998,0,0,0,3,6,2,12,0,0,0,1,41,97116,6,1,0,0,3,0,64,195,0,0,0,0,0,0,0,0,0,4,28,0,0,0,1,3,55,3,2,2,2,0,0,14,10,1,1,2,64,"777777777777","777777777777","777777777777",2,0
41,410333,2,2,2,3,12,19,30,12,6,1,0,41,1,23,481,23481,31,2012,"3GTP2VE71CG2","3","G","T","P","2","V","E","7","1","C","G","2",0,0,0,"000000000","00000000000",0,0,0,1,0,0,0,0,0,0,0,998,0,0,0,12,6,2,12,0,0,0,1,41,97138,6,1,0,0,3,1,73,250,0,0,0,0,0,0,0,0,0,0,0,0,0,0,1,3,55,2,2,2,2,0,0,14,62,1,1,1,65,"777777777777","777777777777","777777777777",0,0
41,410334,1,1,1,5,12,19,4,8,0,1,1,41,1,54,35,54035,4,2001,"19UUA56631A0","1","9","U","U","A","5","6","6","3","1","A","0",0,0,0,"000000000","00000000000",0,0,0,1,0,0,0,0,0,0,0,998,0,0,0,12,9,3,8,0,0,0,1,41,97524,6,1,0,0,3,0,72,165,0,0,0,0,1,5,2016,5,2016,9,91,0,0,0,1,6,35,1,1,2,2,0,0,1,80,99,1,1,13,"777777777777","777777777777","777777777777",0,0
41,410335,1,1,1,6,12,4,15,1,0,1,0,41,1,12,401,12401,14,2004,"1FMZU73K44ZA","1","F","M","Z","U","7","3","K","4","4","Z","A",0,0,0,"000000000","00000000000",0,0,0,1,0,0,0,0,0,0,0,998,0,1,5,0,6,2,1,0,0,0,1,41,97526,6,1,0,0,3,0,69,145,0,0,0,0,0,0,0,0,0,4,0,0,0,0,1,2,55,2,2,2,3,0,0,14,12,1,1,4,6,"777777777777","777777777777","777777777777",1,0
41,410336,1,2,1,7,8,0,17,12,6,1,0,41,1,18,22,18022,4,2010,"1G4GC5GG3AF1","1","G","4","G","C","5","G","G","3","A","F","1",0,0,0,"000000000","00000000000",0,0,0,1,0,0,0,0,0,0,0,998,0,0,0,1,6,2,12,0,0,0,1,41,97503,6,1,0,0,3,0,65,178,1,0,0,0,0,1,2015,1,2015,0,0,0,0,0,5,5,45,1,1,2,1,2,3,1,66,1,1,1,87,"777777777777","777777777777","777777777777",1,0
41,410336,2,2,1,7,8,0,17,12,6,1,0,41,1,20,481,20481,31,1996,"2GCEK19R5T11","2","G","C","E","K","1","9","R","5","T","1","1",0,0,0,"000000000","00000000000",0,0,0,1,0,0,0,0,0,0,0,998,0,0,0,12,6,2,12,0,0,1,1,41,97525,1,1,0,0,2,0,75,200,0,10,0,1,2,3,2012,12,2015,3,36,37,39,91,1,2,45,1,1,2,1,2,3,1,17,1,1,1,86,"777777777777","777777777777","777777777777",0,0
41,410337,1,1,2,29,9,11,0,24,0,1,0,41,1,20,16,20016,6,1993,"1G1JC8443P71","1","G","1","J","C","8","4","4","3","P","7","1",0,0,0,"000000000","00000000000",0,0,0,1,0,0,0,0,0,0,0,998,0,0,0,12,6,2,24,0,0,0,1,41,97423,6,1,0,0,3,3,71,200,0,0,0,0,0,0,0,0,0,9,99,99,99,99,1,4,55,4,2,2,1,0,0,1,19,99,1,4,99,"777777777777","777777777777","777777777777",1,0
41,410338,1,2,1,21,11,17,13,12,6,1,0,41,2,9,20,9020,4,1997,"3P3ES47C8VT6","3","P","3","E","S","4","7","C","8","V","T","6",0,0,0,"000000000","00000000000",0,0,0,1,0,0,0,0,0,0,0,998,0,0,0,9,6,2,12,0,0,0,1,6,95323,0,0,0,0,0,0,72,160,0,0,0,0,0,0,0,0,0,9,28,0,0,0,1,3,45,3,2,2,1,0,0,14,10,99,1,2,64,"777777777777","777777777777","777777777777",1,0
41,410338,2,2,1,21,11,17,13,12,6,1,0,41,1,52,47,52047,6,2009,"JA4MT41X39Z0","J","A","4","M","T","4","1","X","3","9","Z","0",0,0,0,"000000000","00000000000",0,0,0,1,0,0,0,0,0,0,0,998,0,0,0,12,6,2,12,0,0,0,1,41,97754,6,1,0,0,3,0,65,115,0,0,0,0,0,0,0,0,0,0,0,0,0,0,1,3,45,2,2,2,1,0,0,14,62,99,1,1,65,"777777777777","777777777777","777777777777",0,0
41,410339,1,1,1,28,11,2,52,8,0,1,0,41,1,35,43,35043,4,2011,"3N1AB6AP8BL6","3","N","1","A","B","6","A","P","8","B","L","6",0,0,0,"000000000","00000000000",0,0,0,1,0,0,0,0,0,0,0,998,0,0,0,12,9,5,8,0,0,0,1,41,97266,6,1,0,0,3,0,70,150,1,0,0,1,1,6,2014,9,2015,0,0,0,0,0,5,5,30,1,1,2,2,0,0,1,80,7,1,1,13,"777777777777","777777777777","777777777777",0,0
41,410340,1,2,1,5,12,10,10,12,6,1,0,41,1,41,441,41441,20,1989,"JM3LV5214K01","J","M","3","L","V","5","2","1","4","K","0","1",0,0,0,"000000000","00000000000",0,0,0,1,0,0,0,0,0,0,0,998,0,0,0,9,9,5,12,0,0,0,1,41,97402,6,1,0,0,3,0,70,160,0,0,0,0,0,0,0,0,0,0,38,0,0,0,3,3,30,1,1,2,1,20,3,1,17,1,1,1,89,"777777777777","777777777777","777777777777",1,0
41,410340,2,2,1,5,12,10,10,12,6,1,0,41,1,49,45,49045,4,2000,"JTDBT1234Y00","J","T","D","B","T","1","2","3","4","Y","0","0",0,0,0,"000000000","00000000000",0,0,0,1,0,0,0,0,0,0,0,998,0,0,0,12,9,5,12,0,0,0,1,41,97404,6,1,0,0,3,0,71,130,0,0,0,1,1,2,2014,4,2014,0,0,0,0,0,3,3,30,1,1,2,1,0,0,1,66,1,1,1,88,"777777777777","777777777777","777777777777",0,0
41,410341,1,1,1,6,12,9,40,42,0,1,0,53,2,42,401,42401,14,2001,"4JGAB72E61A2","4","J","G","A","B","7","2","E","6","1","A","2",0,0,0,"000000000","00000000000",0,0,0,1,0,0,0,0,0,0,0,998,0,0,0,3,6,2,42,0,0,0,1,6,93215,6,1,0,0,3,0,67,180,0,0,0,0,0,0,0,0,0,4,0,0,0,0,1,2,55,2,2,2,3,0,0,14,12,99,4,4,7,"777777777777","777777777777","777777777777",1,0
41,410342,1,1,1,7,12,6,1,38,0,1,0,41,2,49,481,49481,31,1995,"JT4VD22F3S00","J","T","4","V","D","2","2","F","3","S","0","0",0,0,0,"000000000","00000000000",0,0,0,1,0,0,0,0,0,0,0,998,0,0,0,11,6,2,42,0,0,0,1,41,97541,6,1,6,0,3,0,74,190,0,0,0,0,0,0,0,0,0,9,99,99,99,99,1,3,55,1,2,2,2,0,0,1,12,99,1,4,6,"777777777777","777777777777","777777777777",1,0
41,410343,1,1,1,7,12,18,55,8,0,1,0,41,1,37,32,37032,4,2000,"JHMCG5673YC0","J","H","M","C","G","5","6","7","3","Y","C","0",0,0,0,"000000000","00000000000",0,0,0,1,0,0,0,0,0,0,0,998,0,0,0,12,9,3,8,0,0,0,1,41,97220,6,1,0,0,3,0,63,142,0,0,0,0,0,0,0,0,0,0,0,0,0,0,5,5,35,1,1,2,1,0,0,1,80,1,1,1,13,"777777777777","777777777777","777777777777",0,0
41,410344,1,1,2,7,12,21,2,8,0,1,0,41,2,14,38,14038,3,1999,"1ZWFT61L5X56","1","Z","W","F","T","6","1","L","5","X","5","6",0,0,0,"000000000","00000000000",0,0,0,1,0,0,0,0,0,0,0,998,0,0,0,12,9,3,8,0,0,0,1,41,97266,6,1,0,0,3,0,75,156,1,0,0,0,0,5,2016,5,2016,0,38,0,0,0,5,5,35,1,1,2,1,0,0,1,80,99,1,1,13,"777777777777","777777777777","777777777777",0,0
41,410345,1,2,1,8,12,8,15,12,6,1,0,41,2,49,32,49032,4,2001,"1NXBR12E71Z5","1","N","X","B","R","1","2","E","7","1","Z","5",0,0,0,"000000000","00000000000",0,0,0,1,0,0,0,0,0,0,0,998,0,0,0,3,6,2,12,0,0,0,1,41,97330,6,1,0,0,3,1,60,105,0,0,0,0,0,0,0,0,0,0,28,0,0,0,1,2,55,3,1,2,4,0,0,14,10,1,1,2,64,"777777777777","777777777777","777777777777",1,0
41,410345,2,2,1,8,12,8,15,12,6,1,0,41,1,7,482,7482,31,2016,"1C6RR7SM7GS3","1","C","6","R","R","7","S","M","7","G","S","3",0,0,0,"000000000","00000000000",0,0,0,1,0,0,0,0,0,0,0,998,0,0,0,12,6,2,12,0,0,0,1,41,97330,6,1,0,0,3,0,70,165,0,0,0,0,0,0,0,0,0,0,0,0,0,0,1,2,55,2,1,2,4,0,0,14,62,1,1,1,65,"777777777777","777777777777","777777777777",0,0
41,410346,1,1,1,10,12,17,23,8,0,1,0,41,2,7,29,7029,4,2015,"1C3CDFAA6FD3","1","C","3","C","D","F","A","A","6","F","D","3",0,0,0,"000000000","00000000000",0,0,0,1,0,0,0,0,0,0,0,998,0,0,0,12,9,5,8,0,0,0,1,41,97603,1,1,0,0,2,0,67,160,0,1,0,0,0,7,2012,7,2012,0,38,0,0,0,1,2,55,1,1,2,1,0,0,1,80,1,1,1,13,"777777777777","777777777777","777777777777",0,0
41,410347,1,1,1,10,12,2,27,33,0,1,0,41,1,20,9,20009,2,1995,"2G1FP22P5S21","2","G","1","F","P","2","2","P","5","S","2","1",0,0,0,"000000000","00000000000",0,0,0,1,0,0,0,0,0,0,0,998,0,0,0,98,6,2,30,0,0,0,1,41,97203,6,1,0,0,3,0,73,320,0,5,0,2,4,9,2013,10,2014,4,0,0,0,0,1,2,98,1,1,2,4,0,0,1,13,1,3,4,2,"777777777777","777777777777","777777777777",1,1
41,410348,1,1,1,16,11,99,99,42,0,1,0,41,1,7,472,7472,31,2002,"1B7GL12X32S6","1","B","7","G","L","1","2","X","3","2","S","6",0,0,0,"000000000","00000000000",0,0,0,1,0,0,0,0,0,0,0,998,0,0,0,12,6,2,42,0,0,0,1,41,97410,6,1,0,0,3,0,69,160,0,0,0,0,0,0,0,0,0,4,0,0,0,0,1,2,98,2,6,4,2,0,0,14,6,99,1,4,6,"777777777777","777777777777","777777777777",1,0
41,410349,1,1,1,12,12,13,15,42,0,1,0,41,1,59,31,59031,4,2005,"JTHBA30G2551","J","T","H","B","A","3","0","G","2","5","5","1",0,0,0,"000000000","00000000000",0,0,0,1,0,0,0,0,0,0,0,998,0,0,0,12,6,2,42,0,0,1,1,41,97002,6,1,0,0,3,1,65,245,0,0,0,0,0,0,0,0,0,0,99,99,99,99,3,2,65,3,2,2,1,0,0,14,13,1,1,4,1,"777777777777","777777777777","777777777777",1,0
41,410350,1,1,1,1,10,22,39,1,0,1,0,41,3,85,881,85881,64,2015,"1NKDLP9X9FR4","1","N","K","D","L","P","9","X","9","F","R","4",1,1,57,"1515240","571515240",3,4,2,2,2,1202,3,8,0,0,0,998,0,9,5,0,6,2,2,0,0,1,1,41,97630,6,1,6,1,3,0,71,230,0,0,0,0,0,0,0,0,0,9,99,99,99,99,1,2,55,4,1,2,1,0,0,14,13,99,9,4,1,"558MTBB48HB0","777777777777","777777777777",1,0
41,410351,1,2,1,12,12,13,15,12,2,1,0,41,1,12,481,12481,31,2003,"1FTSX31S83EA","1","F","T","S","X","3","1","S","8","3","E","A",0,0,0,"000000000","00000000000",0,0,0,1,0,0,0,0,0,0,0,998,0,0,0,12,6,2,12,0,0,0,1,41,97739,6,1,0,0,3,1,67,170,0,0,0,0,0,0,0,0,0,0,38,0,0,0,1,2,55,1,1,2,3,0,0,12,21,1,1,1,98,"777777777777","777777777777","777777777777",0,0
41,410351,2,2,1,12,12,13,15,12,2,1,0,41,1,7,34,7034,2,1994,"JB3EA11A7RU0","J","B","3","E","A","1","1","A","7","R","U","0",0,0,0,"000000000","00000000000",0,0,0,1,0,0,0,0,0,0,0,998,0,0,0,12,6,2,12,0,0,0,1,41,97638,6,1,0,0,3,1,68,170,1,0,0,0,0,6,2016,6,2016,9,99,99,99,99,1,2,55,1,1,2,3,0,0,1,17,1,1,1,98,"777777777777","777777777777","777777777777",1,0
41,410352,1,1,1,5,10,20,5,8,0,1,0,41,3,23,481,23481,31,1999,"1GTEC14V1XE5","1","G","T","E","C","1","4","V","1","X","E","5",0,0,0,"000000000","00000000000",0,0,0,1,0,0,0,0,0,0,0,37,0,0,0,12,6,2,8,0,0,0,1,41,97030,6,1,0,0,3,0,70,175,0,0,0,0,0,0,0,0,0,0,0,0,0,0,5,5,40,2,6,2,2,0,0,14,80,1,1,1,13,"777777777777","777777777777","777777777777",0,0
41,410353,1,4,1,17,12,1,4,12,6,1,0,41,1,37,31,37031,2,2008,"2HGFG12958H5","2","H","G","F","G","1","2","9","5","8","H","5",0,0,0,"000000000","00000000000",0,0,0,1,0,0,0,0,0,0,0,998,0,0,0,12,6,2,12,0,0,0,1,41,97008,6,1,0,0,3,0,67,135,0,0,0,0,0,0,0,0,0,0,50,0,0,0,3,2,55,1,1,2,1,0,0,1,54,1,1,1,64,"777777777777","777777777777","777777777777",1,1
41,410353,2,4,1,17,12,1,4,12,6,1,0,41,1,49,472,49472,30,2013,"3TMLU4ENXDM1","3","T","M","L","U","4","E","N","X","D","M","1",0,0,0,"000000000","00000000000",0,0,0,1,0,0,0,0,0,0,0,998,0,0,0,5,6,2,12,0,0,0,1,41,97229,6,1,0,0,3,0,71,158,1,0,0,3,0,7,2013,12,2014,0,0,0,0,0,3,2,55,1,1,2,1,0,0,1,54,6,1,1,65,"777777777777","777777777777","777777777777",0,0
41,410353,3,4,2,17,12,1,4,12,6,1,0,41,1,41,50,41050,4,2013,"1YVHZ8DH8D5M","1","Y","V","H","Z","8","D","H","8","D","5","M",0,0,0,"000000000","00000000000",0,0,0,1,0,0,0,0,0,0,0,998,0,0,0,12,9,8,12,0,0,0,1,41,97229,6,1,0,0,3,1,66,175,1,0,0,2,1,11,2012,8,2015,0,0,0,0,0,3,2,55,1,1,2,1,0,0,1,54,99,1,1,98,"777777777777","777777777777","777777777777",0,0
41,410353,4,4,1,17,12,1,4,12,6,1,0,41,1,49,442,49442,20,1999,"4T3ZF19C6XU1","4","T","3","Z","F","1","9","C","6","X","U","1",0,0,0,"000000000","00000000000",0,0,0,1,0,0,0,0,0,0,0,998,0,0,0,12,9,5,54,0,0,0,1,41,97124,6,1,0,0,3,1,68,200,0,0,0,0,0,0,0,0,0,0,0,0,0,0,3,2,55,1,1,2,1,0,0,1,54,99,1,1,98,"777777777777","777777777777","777777777777",0,0
41,410354,1,2,4,17,12,11,30,12,6,1,0,41,2,49,401,49401,14,2006,"JTEZU14R7680","J","T","E","Z","U","1","4","R","7","6","8","0",0,0,0,"000000000","00000000000",0,0,0,1,0,0,0,0,0,0,0,998,0,0,0,9,6,2,12,0,0,0,1,98,97405,9,9,99,9,9,9,999,999,99,99,99,99,99,99,9999,99,9999,4,0,0,0,0,3,3,65,1,1,2,4,0,0,16,10,1,3,2,47,"777777777777","777777777777","777777777777",2,0
41,410354,2,2,1,17,12,11,30,12,6,1,0,93,3,82,881,82881,66,1998,"1FUYDSYB1WP9","1","F","U","Y","D","S","Y","B","1","W","P","9",1,1,57,"0062242","570062242",3,6,8,1,0,0,0,0,0,0,0,998,0,0,0,12,4,3,12,0,0,0,1,41,97419,6,1,6,0,3,1,66,155,0,0,0,0,1,8,2014,8,2014,0,0,0,0,0,3,3,65,1,1,2,4,0,0,1,61,99,1,1,45,"5MAMN53397C0","777777777777","777777777777",0,0
41,410355,1,3,1,20,12,18,30,12,6,1,0,41,1,24,7,24007,4,2006,"1G8AZ55F06Z1","1","G","8","A","Z","5","5","F","0","6","Z","1",0,0,0,"000000000","00000000000",0,0,0,1,0,0,0,0,0,0,0,998,0,0,0,3,6,2,12,0,0,0,1,41,97756,6,1,0,0,3,0,65,120,1,0,0,1,0,5,2012,12,2012,0,0,0,0,0,1,4,65,1,1,2,1,0,0,6,6,1,1,2,64,"777777777777","777777777777","777777777777",1,0
41,410355,2,3,1,20,12,18,30,12,6,1,0,41,1,22,20,22020,4,2005,"2G2WP5223511","2","G","2","W","P","5","2","2","3","5","1","1",0,0,0,"000000000","00000000000",0,0,0,1,0,0,0,0,0,0,0,998,0,0,0,12,6,2,12,0,0,0,1,41,97756,3,1,0,0,2,0,65,185,0,0,0,0,0,0,0,0,0,0,0,0,0,0,1,4,65,1,1,2,1,0,0,1,62,1,1,1,65,"777777777777","777777777777","777777777777",0,0
41,410355,3,3,1,20,12,18,30,12,6,1,0,41,2,34,401,34401,14,2017,"5UXKR0C34H0V","5","U","X","K","R","0","C","3","4","H","0","V",0,0,0,"000000000","00000000000",0,0,0,1,0,0,0,0,0,0,0,998,0,0,0,12,6,2,12,0,0,0,1,41,97756,6,1,0,0,3,1,64,125,0,0,0,0,0,0,0,0,0,0,0,0,0,0,1,4,65,1,1,2,1,0,0,1,62,1,1,1,98,"777777777777","777777777777","777777777777",0,0
41,410356,1,2,1,22,12,6,32,12,6,1,0,41,3,49,471,49471,31,1994,"4TARN13P8RZ2","4","T","A","R","N","1","3","P","8","R","Z","2",0,0,0,"000000000","00000000000",0,0,0,1,0,0,0,0,0,0,0,998,0,0,0,9,9,2,12,0,0,0,1,41,97352,6,1,0,0,3,0,67,148,0,0,0,0,0,0,0,0,0,4,28,0,0,0,1,2,55,1,2,2,4,0,0,1,6,1,1,2,64,"777777777777","777777777777","777777777777",1,0
41,410356,2,2,1,22,12,6,32,12,6,1,0,93,3,87,881,87881,66,2006,"1XPGD09X76D6","1","X","P","G","D","0","9","X","7","6","D","6",1,1,57,"0059616","570059616",3,6,3,1,0,0,0,0,0,0,0,998,0,0,0,12,9,3,12,0,0,0,1,41,97131,6,1,6,0,3,0,74,205,0,1,0,0,0,1,2013,1,2013,0,0,0,0,0,1,2,55,1,2,2,4,0,0,1,62,1,1,1,65,"1DA72C5D56C0","777777777777","777777777777",0,0
41,410357,1,1,3,22,12,17,17,8,0,1,0,41,1,59,31,59031,4,2007,"JTHBJ46GX720","J","T","H","B","J","4","6","G","X","7","2","0",0,0,0,"000000000","00000000000",0,0,0,1,0,0,0,0,0,0,0,998,0,0,0,12,9,5,8,0,0,0,1,41,97007,6,1,0,0,3,0,71,200,0,0,0,1,0,2,2012,2,2012,0,0,0,0,0,1,4,30,1,1,2,2,0,0,1,80,1,1,1,13,"777777777777","777777777777","777777777777",0,0
41,410358,1,1,2,22,12,21,36,39,0,1,0,41,2,12,471,12471,31,1997,"1FTCR15XXVPB","1","F","T","C","R","1","5","X","X","V","P","B",0,0,0,"000000000","00000000000",0,0,0,1,0,0,0,0,0,0,0,998,0,0,0,12,9,2,39,0,0,0,1,41,97448,6,1,0,0,3,0,74,190,1,10,1,0,2,7,2012,11,2016,3,99,99,99,99,1,2,25,1,1,2,98,0,0,1,13,99,1,4,1,"777777777777","777777777777","777777777777",1,1
41,410359,1,2,1,23,12,16,58,12,6,1,0,41,1,20,482,20482,31,2002,"3GNEC13T92G2","3","G","N","E","C","1","3","T","9","2","G","2",0,0,0,"000000000","00000000000",0,0,0,1,0,0,0,0,0,0,0,998,0,0,0,3,6,2,12,0,0,0,1,6,95660,6,1,0,0,3,0,65,220,0,0,0,0,0,0,0,0,0,4,28,0,0,0,1,2,55,1,1,2,4,0,0,1,6,1,1,2,64,"777777777777","777777777777","777777777777",1,0
41,410359,2,2,1,23,12,16,58,12,6,1,0,41,3,84,881,84881,66,2003,"1HSHUADN23J0","1","H","S","H","U","A","D","N","2","3","J","0",1,1,57,"0499210","570499210",3,6,1,1,0,0,0,0,0,0,0,998,0,0,0,12,6,2,12,0,0,0,1,41,97702,6,1,6,0,3,0,70,185,0,0,0,0,0,0,0,0,0,0,0,0,0,0,1,2,55,1,1,2,4,0,0,1,62,1,1,1,65,"1GRAA7020AT5","777777777777","777777777777",0,0
41,410360,1,2,1,24,12,10,9,8,0,1,0,41,1,48,34,48034,6,1998,"4S3BK4253W73","4","S","3","B","K","4","2","5","3","W","7","3",0,0,0,"000000000","00000000000",0,0,0,1,0,0,0,0,0,0,0,998,0,0,0,6,9,2,8,0,0,0,1,41,97048,6,1,0,0,3,0,72,215,0,0,0,0,0,0,0,0,0,4,0,0,0,0,1,3,55,1,2,2,4,0,0,1,6,1,1,2,13,"777777777777","777777777777","777777777777",0,0
41,410360,2,2,0,24,12,10,9,8,0,1,0,41,6,49,401,49401,14,1996,"JT3HN87R1T00","J","T","3","H","N","8","7","R","1","T","0","0",0,0,0,"000000000","00000000000",0,0,0,1,0,0,0,0,0,0,0,0,0,0,0,98,6,2,12,0,0,0,0,0,99997,7,6,97,7,6,7,998,997,998,998,998,998,998,98,9998,98,9998,8,0,0,0,0,1,3,55,1,2,2,4,0,0,0,62,0,0,0,98,"777777777777","777777777777","777777777777",0,0
41,410361,1,2,2,24,12,14,14,12,1,1,0,41,1,37,31,37031,4,2010,"19XFA1F3XAE0","1","9","X","F","A","1","F","3","X","A","E","0",0,0,0,"000000000","00000000000",0,0,0,1,0,0,0,0,0,0,0,998,0,0,0,12,9,8,12,0,0,0,1,41,97202,6,1,0,0,3,0,64,120,2,0,0,0,0,3,2015,3,2016,9,99,99,99,99,1,4,98,1,1,2,98,0,0,1,50,99,1,1,20,"777777777777","777777777777","777777777777",1,0
41,410361,2,2,1,24,12,14,14,12,1,1,0,41,3,92,988,92988,52,2013,"15GGD2717D11","1","5","G","G","D","2","7","1","7","D","1","1",0,0,99,"999999999","99999999999",3,21,22,1,0,0,0,0,6,3,0,0,0,0,0,6,9,8,12,0,0,0,1,53,98684,6,1,6,0,3,0,68,250,0,0,0,0,0,0,0,0,0,0,0,0,0,0,1,4,98,1,1,2,98,0,0,5,53,99,1,1,21,"777777777777","777777777777","777777777777",0,0
41,410362,1,1,2,6,10,0,9,1,0,1,0,93,3,85,881,85881,66,2012,"1XKAD48X6CJ2","1","X","K","A","D","4","8","X","6","C","J","2",1,1,57,"2291429","572291429",3,6,3,1,0,0,0,0,0,0,0,998,0,2,5,0,6,2,1,0,0,0,1,98,30705,9,9,99,9,9,9,65,200,99,99,99,99,99,99,9999,99,9999,9,99,99,99,99,1,2,60,3,1,2,1,0,0,14,9,99,4,4,5,"13N1532C8G15","777777777777","777777777777",1,0