"STATE","ST_CASE","VEH_NO","VE_FORMS","NUMOCCS","DAY","MONTH","HOUR","MINUTE","HARM_EV","MAN_COLL","UNITTYPE","HIT_RUN","REG_STAT","OWNER","MAKE","MODEL","MAK_MOD","BODY_TYP","MOD_YEAR","VIN","VIN_1","VIN_2","VIN_3","VIN_4","VIN_5","VIN_6","VIN_7","VIN_8","VIN_9","VIN_10","VIN_11","VIN_12","TOW_VEH","J_KNIFE","MCARR_I1","MCARR_I2","MCARR_ID","GVWR","V_CONFIG","CARGO_BT","HAZ_INV","HAZ_PLAC","HAZ_ID","HAZ_CNO","HAZ_REL","BUS_USE","SPEC_USE","EMER_USE","TRAV_SP","UNDERIDE","ROLLOVER","ROLINLOC","IMPACT1","DEFORMED","TOWED","M_HARM","VEH_SC1","VEH_SC2","FIRE_EXP","DR_PRES","L_STATE","DR_ZIP","L_STATUS","L_TYPE","CDL_STAT","L_ENDORS","L_COMPL","L_RESTRI","DR_HGT","DR_WGT","PREV_ACC","PREV_SUS","PREV_DWI","PREV_SPD","PREV_OTH","FIRST_MO","FIRST_YR","LAST_MO","LAST_YR","SPEEDREL","DR_SF1","DR_SF2","DR_SF3","DR_SF4","VTRAFWAY","VNUM_LAN","VSPD_LIM","VALIGN","VPROFILE","VPAVETYP","VSURCOND","VTRAFCON","VTCONT_F","P_CRASH1","P_CRASH2","P_CRASH3","PCRASH4","PCRASH5","ACC_TYPE","TRLR1VIN","TRLR2VIN","TRLR3VIN","DEATHS","DR_DRINK"
42,420146,1,1,1,27,3,15,20,49,0,1,0,42,1,98,706,98706,80,2009,"2BXJAXA169V0","2","B","X","J","A","X","A","1","6","9","V","0",0,0,0,"000000000","00000000000",0,0,0,1,0,0,0,0,0,0,0,55,0,0,0,12,6,2,49,0,0,0,1,42,16438,6,1,0,0,3,0,69,999,0,0,0,0,0,0,0,0,0,0,0,0,0,0,1,2,35,1,6,2,1,0,0,1,83,1,1,1,13,"777777777777","777777777777","777777777777",1,1
42,420147,1,1,1,31,3,2,55,35,0,1,0,42,2,39,31,39031,1,1998,"SAJGX2245WC0","S","A","J","G","X","2","2","4","5","W","C","0",0,0,0,"000000000","00000000000",0,0,0,1,0,0,0,0,0,0,0,999,0,1,5,11,6,2,38,0,0,0,1,42,19382,6,1,0,0,3,0,68,999,0,0,0,0,0,0,0,0,0,0,99,99,99,99,1,2,40,3,6,2,1,0,0,14,10,99,1,4,6,"777777777777","777777777777","777777777777",1,0
42,420148,1,1,2,13,3,3,20,33,0,1,0,42,2,37,32,37032,4,2001,"1HGCG66541A0","1","H","G","C","G","6","6","5","4","1","A","0",0,0,0,"000000000","00000000000",0,0,0,1,0,0,0,0,0,0,0,999,0,0,0,1,6,2,30,0,0,0,1,42,15206,6,7,0,0,3,0,70,999,0,0,0,0,0,0,0,0,0,5,99,99,99,99,1,4,35,1,1,2,1,0,0,1,13,1,2,4,2,"777777777777","777777777777","777777777777",1,1
42,420149,1,1,1,5,3,5,32,30,0,1,0,42,2,2,1,2001,6,2015,"1C4NJDEB5FD3","1","C","4","N","J","D","E","B","5","F","D","3",0,0,0,"000000000","00000000000",0,0,0,1,0,0,0,0,0,0,0,50,0,0,0,12,6,2,30,0,0,0,1,42,16105,6,1,0,0,3,0,73,999,0,0,0,0,0,0,0,0,0,5,0,0,0,0,1,3,45,3,1,2,1,0,0,14,13,1,1,4,1,"777777777777","777777777777","777777777777",1,0
42,420150,1,1,1,8,3,5,59,9,0,1,0,42,3,12,461,12461,21,2007,"1FTNE14W27DB","1","F","T","N","E","1","4","W","2","7","D","B",0,0,0,"000000000","00000000000",0,0,0,1,0,0,0,0,0,0,0,50,0,0,0,12,6,2,9,0,0,0,1,42,16662,6,1,0,0,3,0,72,999,0,0,0,0,0,0,0,0,0,0,0,0,0,0,1,3,55,3,6,2,1,0,0,14,83,16,2,1,13,"777777777777","777777777777","777777777777",0,0
42,420151,1,2,2,19,3,18,19,12,2,1,0,42,2,20,2,20002,4,2011,"2G1WG5EK4B12","2","G","1","W","G","5","E","K","4","B","1","2",0,0,0,"000000000","00000000000",0,0,0,1,0,0,0,0,0,0,0,999,9,0,0,12,6,2,12,0,0,0,1,42,15401,0,0,0,0,0,0,61,999,0,0,0,0,0,0,0,0,0,4,28,0,0,0,1,2,40,2,3,2,2,0,0,14,10,99,1,2,50,"777777777777","777777777777","777777777777",0,0
42,420151,2,2,1,19,3,18,19,12,2,1,0,42,1,22,32,22032,6,2006,"5Y2SL65896Z4","5","Y","2","S","L","6","5","8","9","6","Z","4",0,0,0,"000000000","00000000000",0,0,0,1,0,0,0,0,0,0,0,999,0,0,0,12,6,2,12,0,0,0,1,42,15420,6,1,0,0,3,3,72,999,0,0,0,0,0,0,0,0,0,0,0,0,0,0,1,2,40,3,5,2,2,0,0,14,62,99,1,1,51,"777777777777","777777777777","777777777777",1,0
42,420152,1,1,1,27,3,18,50,24,0,1,0,42,1,20,25,20025,4,2013,"1G1PB5SH2D72","1","G","1","P","B","5","S","H","2","D","7","2",0,0,0,"000000000","00000000000",0,0,0,1,0,0,0,0,0,0,0,55,0,0,0,3,6,2,42,0,0,0,1,42,18801,6,1,0,0,3,0,75,999,0,0,0,0,0,0,0,0,0,4,0,0,0,0,1,2,55,3,1,2,1,0,0,14,13,6,1,4,1,"777777777777","777777777777","777777777777",1,1
42,420153,1,1,1,12,3,3,28,42,0,1,0,42,2,37,31,37031,2,1997,"1HGEJ6224VL0","1","H","G","E","J","6","2","2","4","V","L","0",0,0,0,"000000000","00000000000",0,0,0,1,0,0,0,0,0,0,0,55,0,0,0,9,6,2,42,0,0,0,1,10,19713,1,1,0,0,2,0,71,260,0,3,0,2,2,3,2012,8,2015,4,0,0,0,0,1,2,35,3,1,2,1,0,0,14,10,9,3,4,2,"777777777777","777777777777","777777777777",1,1
42,420154,1,1,1,8,3,7,55,42,0,1,0,42,1,20,481,20481,31,2003,"1GCEK14V73Z2","1","G","C","E","K","1","4","V","7","3","Z","2",0,0,0,"000000000","00000000000",0,0,0,1,0,0,0,0,0,0,0,40,0,0,0,12,6,2,42,0,0,0,1,42,16001,6,1,0,0,3,0,68,999,0,0,0,0,0,0,0,0,0,0,99,99,99,99,1,2,40,1,1,2,1,0,0,1,13,1,1,4,1,"777777777777","777777777777","777777777777",1,0
42,420155,1,1,1,18,3,15,6,35,0,1,0,42,1,12,17,12017,4,2003,"1FAFP53U23G1","1","F","A","F","P","5","3","U","2","3","G","1",0,0,0,"000000000","00000000000",0,0,0,1,0,0,0,0,0,0,0,999,0,0,0,12,6,2,30,0,0,0,1,42,18041,6,1,0,0,3,0,76,999,0,0,0,0,0,0,0,0,0,0,0,0,0,0,1,2,55,1,5,2,1,0,0,1,8,1,1,4,1,"777777777777","777777777777","777777777777",1,0
42,420156,1,3,1,17,3,21,19,12,1,1,0,42,1,37,32,37032,4,1991,"JHMCB7680MC0","J","H","M","C","B","7","6","8","0","M","C","0",0,0,0,"000000000","00000000000",0,0,0,1,0,0,0,0,0,0,0,999,1,0,0,12,6,2,12,0,0,0,1,42,15360,1,1,0,0,2,0,73,999,2,1,1,0,1,9,2011,2,2016,3,0,0,0,0,3,2,55,2,1,2,1,0,0,14,51,99,1,1,24,"777777777777","777777777777","777777777777",1,0
42,420156,2,3,1,17,3,21,19,12,1,1,0,29,3,85,881,85881,66,2014,"1XKAD49X5EJ3","1","X","K","A","D","4","9","X","5","E","J","3",1,1,57,"00614326","5700614326",3,6,1,1,0,0,0,0,0,0,0,999,0,0,0,6,2,3,12,0,0,0,1,29,65714,6,1,6,0,3,0,72,230,1,0,0,0,0,5,2013,5,2013,0,0,0,0,0,3,2,55,2,1,2,1,0,0,14,53,1,1,1,25,"888888888888","777777777777","777777777777",0,0
42,420156,3,3,1,17,3,21,19,12,1,1,0,42,1,12,401,12401,14,2008,"1FMEU74E18UA","1","F","M","E","U","7","4","E","1","8","U","A",0,0,0,"000000000","00000000000",0,0,0,1,0,0,0,0,0,0,0,999,0,1,5,12,6,2,12,0,0,0,1,42,15483,6,1,0,0,3,0,74,999,0,0,0,0,0,0,0,0,0,0,0,0,0,0,3,2,55,3,1,2,1,0,0,14,62,1,1,1,98,"777777777777","777777777777","777777777777",0,0
42,420157,1,2,1,10,3,17,53,12,2,1,0,42,1,18,2,18002,4,2001,"1G4HP54K51U2","1","G","4","H","P","5","4","K","5","1","U","2",0,0,0,"000000000","00000000000",0,0,0,1,0,0,0,0,0,0,0,999,7,0,0,12,6,2,12,0,0,0,1,42,15748,6,1,0,0,3,0,66,999,0,2,0,0,1,1,2012,2,2014,0,28,0,0,0,1,3,55,1,5,2,2,0,0,1,10,1,1,2,50,"777777777777","777777777777","777777777777",0,1
42,420157,2,2,1,10,3,17,53,12,2,1,0,42,1,7,20,7020,4,2004,"1B3ES26C64D5","1","B","3","E","S","2","6","C","6","4","D","5",0,0,0,"000000000","00000000000",0,0,0,1,0,0,0,0,0,0,0,999,0,0,0,12,6,2,12,0,0,0,1,42,15701,6,1,0,0,3,0,70,999,0,0,0,0,0,0,0,0,0,0,99,99,99,99,1,3,55,1,6,2,2,0,0,1,62,9,1,9,51,"777777777777","777777777777","777777777777",1,0
42,420158,1,1,2,9,3,23,34,42,0,1,0,42,1,49,50,49050,3,2007,"JTKDE167X701","J","T","K","D","E","1","6","7","X","7","0","1",0,0,0,"000000000","00000000000",0,0,0,1,0,0,0,0,0,0,0,999,0,1,1,10,6,2,42,0,0,0,1,42,15644,6,1,0,0,3,0,61,999,0,0,0,0,0,0,0,0,0,0,58,0,0,0,1,2,45,2,6,2,1,0,0,14,10,7,3,4,2,"777777777777","777777777777","777777777777",1,0
42,420159,1,1,1,8,3,13,50,1,0,1,0,92,0,98,739,98739,90,9999,"000000000000","0","0","0","0","0","0","0","0","0","0","0","0",0,0,0,"000000000","00000000000",0,0,0,1,0,0,0,0,0,0,0,45,0,1,5,0,4,5,1,0,0,0,1,42,16743,6,1,0,0,1,0,70,999,0,0,0,0,0,0,0,0,0,4,6,18,0,0,9,1,25,1,6,5,1,0,0,1,6,1,3,4,2,"777777777777","777777777777","777777777777",1,1
42,420160,1,1,1,14,3,20,28,35,0,1,0,42,1,35,39,35039,4,2003,"JN1DA31D73T5","J","N","1","D","A","3","1","D","7","3","T","5",0,0,0,"000000000","00000000000",0,0,0,1,0,0,0,0,0,0,0,60,0,1,5,12,6,2,35,0,0,0,1,42,19365,6,1,0,0,3,0,72,999,0,0,0,0,0,0,0,0,0,4,33,6,0,0,1,2,35,1,6,2,1,0,0,6,13,1,1,4,1,"777777777777","777777777777","777777777777",1,0
42,420161,1,2,1,21,3,7,41,12,6,1,0,42,1,55,36,55036,4,2013,"KMHCT4AE9DU4","K","M","H","C","T","4","A","E","9","D","U","4",0,0,0,"000000000","00000000000",0,0,0,1,0,0,0,0,0,0,0,999,0,0,0,9,6,2,12,0,0,0,1,42,19475,6,1,0,0,3,1,66,999,0,0,0,0,0,0,0,0,0,0,48,0,0,0,0,0,0,0,0,0,0,0,0,11,15,1,1,1,82,"777777777777","777777777777","777777777777",1,0
42,420161,2,2,1,21,3,7,41,12,6,1,0,42,3,87,884,87884,63,2002,"1NPAXBTXX2N5","1","N","P","A","X","B","T","X","X","2","N","5",0,0,57,"00135289","5700135289",3,2,4,1,0,0,0,0,0,0,0,999,7,0,0,12,2,3,12,0,0,0,1,42,19512,6,1,6,0,3,0,68,999,0,0,0,0,0,0,0,0,0,0,0,0,0,0,1,2,35,1,1,2,1,0,0,1,72,99,1,3,83,"777777777777","777777777777","777777777777",0,0
42,420162,1,2,1,31,3,7,45,12,6,1,0,42,2,63,33,63033,4,2003,"KNAFB1217352","K","N","A","F","B","1","2","1","7","3","5","2",0,0,0,"000000000","00000000000",0,0,0,1,0,0,0,0,0,0,0,45,1,0,0,1,6,2,12,0,0,0,1,42,15431,6,1,0,0,3,0,64,999,1,0,0,0,0,4,2012,4,2012,0,58,28,0,0,1,2,45,2,6,2,1,0,0,14,11,6,4,6,66,"777777777777","777777777777","777777777777",1,0
42,420162,2,2,1,31,3,7,45,12,6,1,0,18,3,82,881,82881,63,2012,"1FVHCYBS1CDB","1","F","V","H","C","Y","B","S","1","C","D","B",0,0,57,"00816137","5700816137",3,2,1,1,0,0,0,0,0,0,0,15,0,0,0,12,6,2,12,0,0,0,1,42,15401,6,1,6,0,3,0,73,999,0,0,0,0,0,0,0,0,0,0,0,0,0,0,1,2,45,1,6,2,1,0,0,1,62,16,1,1,66,"777777777777","777777777777","777777777777",0,0
42,420163,1,2,4,8,3,5,51,12,6,1,0,24,2,20,37,20037,4,2012,"1G1ZC5E04CF3","1","G","1","Z","C","5","E","0","4","C","F","3",0,0,0,"000000000","00000000000",0,0,0,1,0,0,0,0,0,0,0,999,0,0,0,3,6,2,12,0,0,0,1,24,21784,6,1,0,0,3,0,69,152,0,0,0,0,0,0,0,0,0,0,38,0,0,0,1,2,25,1,1,2,1,20,3,1,17,1,1,1,87,"777777777777","777777777777","777777777777",1,0
42,420163,2,2,1,8,3,5,51,12,6,1,0,42,1,18,401,18401,14,2006,"3G5DB03LX6S5","3","G","5","D","B","0","3","L","X","6","S","5",0,0,0,"000000000","00000000000",0,0,0,1,0,0,0,0,0,0,0,999,0,0,0,12,6,2,12,0,0,0,1,42,17356,6,1,0,0,3,0,71,999,0,0,0,0,0,0,0,0,0,0,0,0,0,0,1,2,40,1,1,2,1,0,0,1,66,16,2,1,86,"777777777777","777777777777","777777777777",0,0
42,420164,1,1,1,30,3,17,40,35,0,1,0,42,2,20,9,20009,2,1995,"2G1FP22S3S21","2","G","1","F","P","2","2","S","3","S","2","1",0,0,0,"000000000","00000000000",0,0,0,1,0,0,0,0,0,0,0,75,0,1,1,1,6,2,30,0,0,0,1,42,15650,1,1,0,0,2,3,70,999,0,0,0,0,0,0,0,0,0,5,6,0,0,0,1,2,35,3,1,2,1,0,0,14,6,16,2,4,2,"777777777777","777777777777","777777777777",1,1
42,420165,1,1,2,20,3,23,20,35,0,1,0,42,1,37,31,37031,2,2002,"1HGEM229X2L0","1","H","G","E","M","2","2","9","X","2","L","0",0,0,0,"000000000","00000000000",0,0,0,1,0,0,0,0,0,0,0,90,0,1,4,1,6,2,42,0,0,0,1,42,17032,6,1,0,0,3,3,72,999,1,1,0,2,0,10,2013,1,2016,3,6,0,0,0,1,2,55,1,1,2,1,0,0,1,13,99,2,4,2,"777777777777","777777777777","777777777777",1,1
42,420166,1,1,2,11,3,12,24,30,0,1,0,42,1,13,1,13001,4,1996,"1LNLM82W7TY7","1","L","N","L","M","8","2","W","7","T","Y","7",0,0,0,"000000000","00000000000",0,0,0,1,0,0,0,0,0,0,0,999,0,0,0,1,6,2,30,0,0,0,1,42,16743,6,1,0,0,3,3,70,999,0,0,0,0,0,0,0,0,0,0,6,0,0,0,1,2,35,1,1,2,1,0,0,1,13,1,1,4,1,"777777777777","777777777777","777777777777",1,0
42,420167,1,2,1,6,3,1,24,12,2,1,0,42,1,12,401,12401,14,2004,"1FMZU72K64UC","1","F","M","Z","U","7","2","K","6","4","U","C",0,0,0,"000000000","00000000000",0,0,0,1,0,0,0,0,0,0,0,999,0,0,0,12,6,2,12,0,0,0,1,42,15235,6,1,0,0,3,0,70,999,1,0,0,0,2,6,2012,12,2013,0,0,0,0,0,1,2,45,1,1,2,1,0,0,1,62,1,1,1,51,"777777777777","777777777777","777777777777",0,1
42,420167,2,2,1,6,3,1,24,12,2,1,0,42,1,2,404,2404,14,1998,"1J4GZ48Y5WC2","1","J","4","G","Z","4","8","Y","5","W","C","2",0,0,0,"000000000","00000000000",0,0,0,1,0,0,0,0,0,0,0,999,0,0,0,12,6,2,12,0,0,0,1,42,15147,6,1,0,0,3,0,72,999,0,0,0,0,0,0,0,0,0,0,0,0,0,0,1,2,45,1,1,2,1,0,0,1,10,99,1,2,50,"777777777777","777777777777","777777777777",1,0
42,420168,1,1,1,15,3,2,2,9,0,1,0,42,3,98,988,98988,52,2008,"5FYH4FV108B0","5","F","Y","H","4","F","V","1","0","8","B","0",0,0,88,"888888888","88888888888",9,21,22,1,0,0,0,0,6,3,0,999,0,0,0,3,2,5,9,0,0,0,1,42,19151,6,1,6,3,3,0,65,999,0,0,0,0,0,0,0,0,0,0,0,0,0,0,1,2,25,1,1,2,2,0,0,1,83,1,1,1,13,"777777777777","777777777777","777777777777",0,0
42,420169,1,1,1,16,3,20,55,8,0,1,0,42,1,7,20,7020,4,2001,"1B3ES46C21D2","1","B","3","E","S","4","6","C","2","1","D","2",0,0,0,"000000000","00000000000",0,0,0,1,0,0,0,0,0,0,0,999,0,0,0,1,2,5,8,0,0,0,1,42,15601,6,1,0,0,3,3,68,999,0,0,0,0,0,0,0,0,0,0,0,0,0,0,1,2,25,1,1,2,1,1,3,10,80,16,1,1,13,"777777777777","777777777777","777777777777",0,0
42,420170,1,1,1,23,3,17,36,42,0,1,0,92,0,37,739,37739,90,1999,"000000000000","0","0","0","0","0","0","0","0","0","0","0","0",0,0,0,"000000000","00000000000",0,0,0,1,0,0,0,0,0,0,0,35,0,0,0,11,2,3,42,0,0,0,1,42,17347,6,1,0,0,1,0,71,999,0,0,0,0,0,0,0,0,0,5,18,0,0,0,1,2,25,1,5,4,1,0,0,1,12,1,1,4,6,"777777777777","777777777777","777777777777",1,1
42,420171,1,1,1,13,3,14,28,30,0,1,0,42,2,30,47,30047,3,2016,"3VWJ17AT1GM6","3","V","W","J","1","7","A","T","1","G","M","6",0,0,0,"000000000","00000000000",0,0,0,1,0,0,0,0,0,0,0,50,0,0,0,12,6,2,30,0,0,0,1,42,19087,1,1,0,0,2,0,68,999,1,0,0,0,0,10,2015,10,2015,3,0,0,0,0,2,4,35,1,1,2,1,0,0,1,13,1,1,4,1,"777777777777","777777777777","777777777777",1,0
42,420172,1,3,1,20,3,22,35,12,1,1,0,34,6,14,38,14038,3,2000,"1ZWFT61L8Y56","1","Z","W","F","T","6","1","L","8","Y","5","6",0,0,0,"000000000","00000000000",0,0,0,1,0,0,0,0,0,0,0,0,0,0,0,6,6,2,12,0,0,0,0,0,99997,7,6,97,7,6,7,998,997,998,998,998,998,998,98,9998,98,9998,8,0,0,0,0,3,3,55,1,1,1,2,0,0,0,53,0,0,0,98,"777777777777","777777777777","777777777777",0,0
42,420172,2,3,1,20,3,22,35,12,1,1,0,42,1,37,32,37032,4,2000,"1HGCG6556YA0","1","H","G","C","G","6","5","5","6","Y","A","0",0,0,0,"000000000","00000000000",0,0,0,1,0,0,0,0,0,0,0,65,0,0,0,12,6,2,12,0,0,0,1,42,19136,6,1,0,0,3,0,74,999,0,0,0,0,0,0,0,0,0,0,0,0,0,0,3,3,55,1,1,1,2,0,0,1,50,99,1,1,98,"777777777777","777777777777","777777777777",1,0
42,420172,3,3,1,20,3,22,35,12,1,1,0,42,1,20,37,20037,4,2015,"1G11B5SL3FF1","1","G","1","1","B","5","S","L","3","F","F","1",0,0,0,"000000000","00000000000",0,0,0,1,0,0,0,0,0,0,0,80,0,0,0,12,6,2,12,0,0,0,1,42,19135,6,1,0,0,3,0,67,999,0,0,0,0,0,0,0,0,0,0,0,0,0,0,3,3,55,1,1,1,2,0,0,1,51,15,1,1,98,"777777777777","777777777777","777777777777",0,0
42,420173,1,2,1,9,2,6,7,12,6,1,0,42,1,37,31,37031,3,1998,"2HGEJ6341WH1","2","H","G","E","J","6","3","4","1","W","H","1",0,0,0,"000000000","00000000000",0,0,0,1,0,0,0,0,0,0,0,65,0,0,0,12,6,2,12,0,0,0,1,42,18058,6,1,0,0,3,0,71,999,0,0,0,0,0,0,0,0,0,4,87,0,0,0,2,2,65,1,1,2,4,0,0,1,6,1,3,6,48,"777777777777","777777777777","777777777777",1,0
42,420173,2,2,2,9,2,6,7,12,6,1,0,42,3,86,881,86881,66,2003,"1M1AA18Y13W1","1","M","1","A","A","1","8","Y","1","3","W","1",1,1,57,"02347747","5702347747",3,6,98,1,0,0,0,0,0,0,0,55,0,0,0,11,6,2,12,0,0,0,1,42,17003,6,1,6,0,3,3,66,999,1,0,0,0,0,8,2013,8,2013,0,0,0,0,0,2,2,65,1,1,2,4,0,0,1,60,1,1,1,48,"1S9LG4224WH6","777777777777","777777777777",0,0
42,420174,1,2,4,25,3,20,5,8,0,1,0,42,2,52,37,52037,3,2001,"4A3AC44G11E0","4","A","3","A","C","4","4","G","1","1","E","0",0,0,0,"000000000","00000000000",0,0,0,1,0,0,0,0,0,0,0,999,0,0,0,1,6,2,8,0,0,0,1,42,19153,6,1,0,0,3,3,65,999,0,0,0,0,0,0,0,0,0,0,0,0,0,0,1,2,35,1,1,2,1,0,0,1,80,1,1,1,13,"777777777777","777777777777","777777777777",0,0
42,420174,2,2,1,25,3,20,5,8,0,1,0,42,2,63,401,63401,14,2005,"KNDJE7231570","K","N","D","J","E","7","2","3","1","5","7","0",0,0,0,"000000000","00000000000",0,0,0,1,0,0,0,0,0,0,0,999,0,0,0,12,6,2,12,0,0,0,1,42,19142,6,1,0,0,3,0,68,999,0,0,0,0,0,0,0,0,0,0,0,0,0,0,1,2,35,1,1,2,1,0,0,1,51,1,1,1,98,"777777777777","777777777777","777777777777",0,0
42,420175,1,1,1,30,4,6,35,43,0,1,0,42,2,20,20,20020,4,1995,"2G1WL52M9S11","2","G","1","W","L","5","2","M","9","S","1","1",0,0,0,"000000000","00000000000",0,0,0,1,0,0,0,0,0,0,0,999,0,1,6,12,6,2,35,0,0,0,1,42,15084,1,1,0,0,2,3,64,999,0,3,0,0,0,4,2013,5,2013,5,0,0,0,0,1,2,45,1,1,2,1,0,0,1,12,99,1,4,6,"777777777777","777777777777","777777777777",1,0
42,420176,1,1,2,24,3,4,45,35,0,1,0,42,2,2,404,2404,14,2002,"1J4GW48S22C2","1","J","4","G","W","4","8","S","2","2","C","2",0,0,0,"000000000","00000000000",0,0,0,1,0,0,0,0,0,0,0,999,0,1,6,1,6,2,1,0,0,0,1,42,19027,0,0,0,0,0,0,75,999,0,0,0,0,0,0,0,0,0,3,0,0,0,0,1,3,35,3,1,2,1,3,3,14,13,1,1,4,1,"777777777777","777777777777","777777777777",1,0
42,420177,1,1,1,2,3,12,45,59,0,1,0,42,2,55,402,55402,14,2008,"KM8JN72D88U8","K","M","8","J","N","7","2","D","8","8","U","8",0,0,0,"000000000","00000000000",0,0,0,1,0,0,0,0,0,0,0,999,0,1,6,9,6,2,42,0,0,0,1,42,18707,6,1,0,0,3,0,68,999,1,0,0,0,0,1,2012,1,2012,0,0,0,0,0,5,3,45,1,1,2,1,0,0,1,8,1,1,4,6,"777777777777","777777777777","777777777777",1,0
42,420178,1,1,1,3,3,9,20,35,0,1,0,42,1,20,4,20004,1,2012,"1G1YX3DW2C51","1","G","1","Y","X","3","D","W","2","C","5","1",0,0,0,"000000000","00000000000",0,0,0,1,0,0,0,0,0,0,0,60,0,0,0,14,6,2,42,0,0,0,1,42,19541,6,1,0,0,3,3,69,999,0,0,0,2,0,4,2012,1,2016,5,0,0,0,0,1,2,40,2,1,2,1,0,0,14,6,16,2,4,2,"777777777777","777777777777","777777777777",1,0
42,420179,1,1,2,23,3,12,29,31,0,1,0,42,1,12,3,12003,3,1987,"1FABP42E7HF2","1","F","A","B","P","4","2","E","7","H","F","2",0,0,0,"000000000","00000000000",0,0,0,1,0,0,0,0,0,0,0,999,0,0,0,9,6,2,31,0,0,0,1,42,19115,6,1,0,0,3,0,71,999,0,0,0,0,0,0,0,0,0,5,85,0,0,0,5,5,45,1,1,2,1,0,0,1,67,9,3,4,2,"777777777777","777777777777","777777777777",1,0
42,420180,1,2,3,7,3,19,40,8,0,1,0,42,2,20,2,20002,4,2005,"2G1WF52E4591","2","G","1","W","F","5","2","E","4","5","9","1",0,0,0,"000000000","00000000000",0,0,0,1,0,0,0,0,0,0,0,999,0,0,0,12,4,3,8,0,0,0,1,42,16002,6,1,6,0,3,0,70,999,0,0,0,0,1,9,2013,9,2013,0,0,0,0,0,1,4,45,1,6,2,1,0,0,1,80,16,1,1,13,"777777777777","777777777777","777777777777",0,0
42,420180,2,2,2,7,3,19,40,8,0,1,0,42,2,49,442,49442,20,2005,"5TDZA22C15S2","5","T","D","Z","A","2","2","C","1","5","S","2",0,0,0,"000000000","00000000000",0,0,0,1,0,0,0,0,0,0,0,999,0,0,0,14,4,3,8,0,0,0,1,42,19046,6,1,0,0,3,3,66,999,0,0,0,0,0,0,0,0,0,0,0,0,0,0,1,4,45,1,6,2,1,0,0,1,80,16,1,1,98,"777777777777","777777777777","777777777777",0,0
42,420181,1,1,1,24,3,12,30,11,0,1,0,42,1,76,706,76706,80,2003,"JYAVP11E33A0","J","Y","A","V","P","1","1","E","3","3","A","0",0,0,0,"000000000","00000000000",0,0,0,1,0,0,0,0,0,0,0,35,0,0,0,12,6,2,1,0,0,0,1,42,17051,6,1,0,0,3,0,72,999,0,0,0,0,0,0,0,0,0,0,83,0,0,0,1,2,35,1,1,2,1,0,0,1,87,16,2,1,13,"777777777777","777777777777","777777777777",1,0
42,420182,1,1,1,14,3,18,40,53,0,1,0,42,1,49,472,49472,30,1996,"4TAWN72N1TZ2","4","T","A","W","N","7","2","N","1","T","Z","2",0,0,0,"000000000","00000000000",0,0,0,1,0,0,0,0,0,0,0,70,0,1,6,1,6,2,42,0,0,0,1,42,16354,6,1,0,0,3,0,66,999,0,0,0,0,0,0,0,0,0,5,0,0,0,0,1,2,55,1,6,2,1,0,0,1,13,1,1,4,1,"777777777777","777777777777","777777777777",1,1
42,420183,1,1,1,8,3,22,34,1,0,1,0,42,2,72,706,72706,80,2015,"1HD1PXN1XFB9","1","H","D","1","P","X","N","1","X","F","B","9",0,0,0,"000000000","00000000000",0,0,0,1,0,0,0,0,0,0,0,60,0,0,0,0,6,2,24,0,0,0,1,42,15012,6,1,0,0,3,0,70,999,0,0,0,3,0,2,2012,10,2012,4,0,0,0,0,1,2,30,3,6,2,1,0,0,14,6,16,2,4,98,"777777777777","777777777777","777777777777",1,1
42,420184,1,1,3,5,3,14,8,42,0,1,0,42,1,12,422,12422,15,2002,"1FMFU18L72LA","1","F","M","F","U","1","8","L","7","2","L","A",0,0,0,"000000000","00000000000",0,0,0,1,0,0,0,0,0,0,0,50,0,0,0,1,6,2,42,0,0,0,1,42,17701,6,1,0,0,3,0,74,999,0,0,0,0,0,0,0,0,0,5,0,0,0,0,1,2,35,1,1,2,1,0,0,1,8,99,1,4,1,"777777777777","777777777777","777777777777",1,0
42,420185,1,1,1,19,3,12,35,59,0,1,0,42,2,12,481,12481,31,2005,"1FTPX14535NA","1","F","T","P","X","1","4","5","3","5","N","A",0,0,0,"000000000","00000000000",0,0,0,1,0,0,0,0,0,0,0,999,0,1,5,5,6,2,1,0,0,0,1,42,15759,6,2,0,0,3,0,65,999,0,0,0,0,0,0,0,0,0,4,0,0,0,0,1,2,55,3,1,2,1,0,0,14,13,1,1,4,1,"777777777777","777777777777","777777777777",1,0
42,420186,1,1,6,15,2,6,41,24,0,1,0,42,1,12,481,12481,31,2006,"1FTPW14546FB","1","F","T","P","W","1","4","5","4","6","F","B",0,0,0,"000000000","00000000000",0,0,0,1,0,0,0,0,0,0,0,56,0,0,0,12,6,2,35,0,0,0,1,42,17880,6,1,0,0,3,0,72,999,0,0,0,0,0,0,0,0,0,5,6,0,0,0,1,2,45,1,1,2,1,0,0,1,13,1,1,4,1,"777777777777","777777777777","777777777777",1,0
42,420187,1,1,2,7,2,14,0,17,0,1,0,42,1,20,461,20461,21,2004,"1GBFG15T5411","1","G","B","F","G","1","5","T","5","4","1","1",0,0,0,"000000000","00000000000",0,0,0,1,0,0,0,0,0,0,0,40,0,0,0,12,6,2,17,0,0,0,1,42,17815,6,1,6,0,3,0,67,999,1,0,0,0,0,12,2013,12,2013,0,6,0,0,0,1,2,40,1,1,2,1,0,0,1,12,1,1,4,6,"777777777777","777777777777","777777777777",1,0