"STATE","ST_CASE","VEH_NO","VE_FORMS","NUMOCCS","DAY","MONTH","HOUR","MINUTE","HARM_EV","MAN_COLL","UNITTYPE","HIT_RUN","REG_STAT","OWNER","MAKE","MODEL","MAK_MOD","BODY_TYP","MOD_YEAR","VIN","VIN_1","VIN_2","VIN_3","VIN_4","VIN_5","VIN_6","VIN_7","VIN_8","VIN_9","VIN_10","VIN_11","VIN_12","TOW_VEH","J_KNIFE","MCARR_I1","MCARR_I2","MCARR_ID","GVWR","V_CONFIG","CARGO_BT","HAZ_INV","HAZ_PLAC","HAZ_ID","HAZ_CNO","HAZ_REL","BUS_USE","SPEC_USE","EMER_USE","TRAV_SP","UNDERIDE","ROLLOVER","ROLINLOC","IMPACT1","DEFORMED","TOWED","M_HARM","VEH_SC1","VEH_SC2","FIRE_EXP","DR_PRES","L_STATE","DR_ZIP","L_STATUS","L_TYPE","CDL_STAT","L_ENDORS","L_COMPL","L_RESTRI","DR_HGT","DR_WGT","PREV_ACC","PREV_SUS","PREV_DWI","PREV_SPD","PREV_OTH","FIRST_MO","FIRST_YR","LAST_MO","LAST_YR","SPEEDREL","DR_SF1","DR_SF2","DR_SF3","DR_SF4","VTRAFWAY","VNUM_LAN","VSPD_LIM","VALIGN","VPROFILE","VPAVETYP","VSURCOND","VTRAFCON","VTCONT_F","P_CRASH1","P_CRASH2","P_CRASH3","PCRASH4","PCRASH5","ACC_TYPE","TRLR1VIN","TRLR2VIN","TRLR3VIN","DEATHS","DR_DRINK"
42,420267,1,1,2,30,4,21,13,42,0,1,0,92,0,98,734,98734,90,2011,"4XAVH76A1BD1","4","X","A","V","H","7","6","A","1","B","D","1",0,0,0,"000000000","00000000000",0,0,0,1,0,0,0,0,0,0,0,40,0,1,6,12,6,2,1,0,0,0,1,42,18656,6,1,0,0,1,0,69,999,0,0,0,0,0,0,0,0,0,4,18,0,0,0,1,2,40,3,1,2,1,0,0,14,13,1,1,4,1,"777777777777","777777777777","777777777777",2,1
42,420268,1,2,1,7,4,14,30,12,2,1,0,42,1,12,24,12024,6,2013,"2FMDK4AK7DBA","2","F","M","D","K","4","A","K","7","D","B","A",0,0,0,"000000000","00000000000",0,0,0,1,0,0,0,0,0,0,0,45,9,0,0,12,6,2,12,0,0,0,1,42,17517,6,1,0,0,3,3,69,999,0,0,0,0,0,0,0,0,0,0,28,0,0,0,1,2,45,1,6,2,1,0,0,1,10,1,1,2,50,"777777777777","777777777777","777777777777",1,0
42,420268,2,2,1,7,4,14,30,12,2,1,0,42,3,82,883,82883,63,1996,"1FVNBMCB8TL8","1","F","V","N","B","M","C","B","8","T","L","8",0,0,57,"02574051","5702574051",3,2,4,1,0,0,0,0,0,0,0,45,0,0,0,12,6,2,12,0,0,0,1,42,17508,6,1,6,0,3,0,69,999,1,0,0,2,0,8,2011,5,2015,0,0,0,0,0,1,2,45,1,5,2,1,0,0,1,62,7,1,4,51,"777777777777","777777777777","777777777777",0,0
42,420269,1,1,1,17,4,19,57,43,0,1,0,42,1,22,20,22020,2,2002,"1G2WP12K62F1","1","G","2","W","P","1","2","K","6","2","F","1",0,0,0,"000000000","00000000000",0,0,0,1,0,0,0,0,0,0,0,40,0,0,0,12,6,2,43,0,0,0,1,42,16201,6,1,0,0,3,0,71,999,3,1,1,0,1,6,2011,8,2013,0,0,0,0,0,1,2,55,1,1,2,1,0,0,1,12,1,1,4,6,"777777777777","777777777777","777777777777",1,1
42,420270,1,1,1,11,4,9,0,52,0,1,0,42,1,23,441,23441,20,1997,"1GDEL19W3VB5","1","G","D","E","L","1","9","W","3","V","B","5",0,0,0,"000000000","00000000000",0,0,0,1,0,0,0,0,0,0,0,55,0,1,5,14,6,2,1,0,0,0,1,42,17859,6,1,6,0,3,0,70,999,0,0,0,1,0,12,2015,12,2015,4,0,0,0,0,1,2,55,3,6,2,2,0,0,14,13,6,2,4,2,"777777777777","777777777777","777777777777",1,0
42,420271,1,1,1,24,4,2,6,59,0,1,0,42,1,18,20,18020,4,1996,"2G4WB52K5T14","2","G","4","W","B","5","2","K","5","T","1","4",0,0,0,"000000000","00000000000",0,0,0,1,0,0,0,0,0,0,0,75,0,1,5,10,6,2,1,0,0,0,1,42,18947,6,1,0,0,3,0,74,999,1,0,0,0,0,10,2014,10,2014,4,0,0,0,0,1,2,45,1,1,2,1,0,0,1,10,9,3,4,2,"777777777777","777777777777","777777777777",1,1
42,420272,1,1,1,24,4,20,0,32,0,1,0,42,1,18,401,18401,14,2006,"3G5DA03L76S5","3","G","5","D","A","0","3","L","7","6","S","5",0,0,0,"000000000","00000000000",0,0,0,1,0,0,0,0,0,0,0,55,0,1,5,1,6,2,1,0,0,0,1,42,16870,6,1,0,0,3,0,63,999,0,0,0,0,0,0,0,0,0,3,6,0,0,0,1,2,35,3,6,2,1,0,0,14,13,1,1,4,1,"777777777777","777777777777","777777777777",1,1
42,420273,1,1,3,8,4,15,56,35,0,1,0,42,2,48,45,48045,4,2004,"4S3BE6250472","4","S","3","B","E","6","2","5","0","4","7","2",0,0,0,"000000000","00000000000",0,0,0,1,0,0,0,0,0,0,0,999,0,1,5,11,6,2,1,0,0,0,1,42,18437,6,1,0,0,3,3,68,999,2,0,0,0,0,5,2011,8,2014,4,0,0,0,0,1,2,45,3,6,2,1,0,0,14,11,6,3,4,2,"777777777777","777777777777","777777777777",1,1
42,420274,1,2,1,1,4,4,51,12,6,1,1,42,2,20,2,20002,4,2006,"2G1WB58K0693","2","G","1","W","B","5","8","K","0","6","9","3",0,0,0,"000000000","00000000000",0,0,0,1,0,0,0,0,0,0,0,999,0,0,0,12,6,2,12,0,0,0,1,42,19138,1,1,0,0,2,0,73,999,2,2,0,1,2,11,2013,2,2015,4,39,6,0,0,1,4,45,1,1,2,1,3,3,1,17,7,1,1,88,"777777777777","777777777777","777777777777",0,0
42,420274,2,2,1,1,4,4,51,12,6,1,0,42,1,24,7,24007,4,2004,"1G8AJ52F44Z1","1","G","8","A","J","5","2","F","4","4","Z","1",0,0,0,"000000000","00000000000",0,0,0,1,0,0,0,0,0,0,0,35,0,1,5,11,6,2,12,0,0,0,1,42,18964,6,1,6,0,3,3,65,999,0,0,0,0,0,0,0,0,0,0,0,0,0,0,1,5,35,1,1,2,1,3,3,1,66,99,1,1,89,"777777777777","777777777777","777777777777",1,0
42,420275,1,1,1,21,4,17,36,8,0,1,0,42,1,7,442,7442,20,2013,"2C4RDGCGXDR6","2","C","4","R","D","G","C","G","X","D","R","6",0,0,0,"000000000","00000000000",0,0,0,1,0,0,0,0,0,0,0,40,0,0,0,12,2,5,8,0,0,0,1,42,17560,6,1,0,0,3,3,68,999,0,0,0,0,0,0,0,0,0,0,0,0,0,0,1,2,40,1,1,2,1,0,0,1,80,6,1,2,13,"777777777777","777777777777","777777777777",0,0
42,420276,1,1,2,11,4,2,14,17,0,1,0,42,2,34,34,34034,4,2002,"WBAEW53402PG","W","B","A","E","W","5","3","4","0","2","P","G",0,0,0,"000000000","00000000000",0,0,0,1,0,0,0,0,0,0,0,999,0,1,1,1,6,2,17,0,0,0,1,42,19518,6,1,0,0,3,0,73,999,0,0,0,0,0,0,0,0,0,0,6,0,0,0,2,2,45,3,1,2,1,0,0,14,13,1,1,4,1,"777777777777","777777777777","777777777777",1,1
42,420277,1,1,2,18,3,19,0,18,0,1,0,42,1,35,51,35051,6,2011,"JN8AS5MVXBW3","J","N","8","A","S","5","M","V","X","B","W","3",0,0,0,"000000000","00000000000",0,0,0,1,0,0,0,0,0,0,0,60,0,0,0,1,6,2,42,0,0,0,1,42,18302,6,1,0,0,3,0,71,999,1,0,0,1,0,9,2012,2,2015,4,0,0,0,0,1,2,30,2,1,2,1,0,0,14,11,1,1,4,12,"777777777777","777777777777","777777777777",1,0
42,420278,1,1,1,8,5,6,23,25,0,1,0,42,2,54,421,54421,15,2002,"2HNYD182X2H5","2","H","N","Y","D","1","8","2","X","2","H","5",0,0,0,"000000000","00000000000",0,0,0,1,0,0,0,0,0,0,0,75,0,0,0,10,6,2,30,0,0,0,1,42,15001,0,0,0,0,0,0,63,999,0,0,0,0,0,0,0,0,0,3,0,0,0,0,3,2,55,1,1,1,1,0,0,1,12,9,1,4,6,"777777777777","777777777777","777777777777",1,1
42,420279,1,1,1,18,5,2,27,8,0,1,0,42,1,21,2,21002,4,1997,"1G3HN52K8V48","1","G","3","H","N","5","2","K","8","V","4","8",0,0,0,"000000000","00000000000",0,0,0,1,0,0,0,0,0,0,0,999,0,0,0,12,2,3,8,0,0,0,1,42,15214,6,1,0,0,3,3,68,999,0,0,0,0,0,0,0,0,0,0,99,99,99,99,1,2,25,1,1,1,2,0,0,1,80,1,1,3,13,"777777777777","777777777777","777777777777",0,1
42,420280,1,2,1,19,5,15,5,12,2,1,0,42,2,42,48,42048,4,2002,"WDBJF82J82X0","W","D","B","J","F","8","2","J","8","2","X","0",0,0,0,"000000000","00000000000",0,0,0,1,0,0,0,0,0,0,0,55,1,0,0,12,6,2,12,0,0,1,1,42,17023,6,1,0,0,3,0,69,999,0,0,0,1,0,6,2014,6,2014,4,18,0,0,0,1,2,40,2,5,2,1,0,0,14,10,1,1,2,50,"777777777777","777777777777","777777777777",1,0
42,420280,2,2,2,19,5,15,5,12,2,1,0,42,3,52,882,52882,61,2014,"JL6BNH1AXEK0","J","L","6","B","N","H","1","A","X","E","K","0",0,0,57,"01924398","5701924398",2,1,1,1,0,0,0,0,0,0,0,44,0,0,0,12,6,2,12,0,0,0,1,42,17857,6,1,0,0,3,0,73,999,0,0,0,0,0,0,0,0,0,0,0,0,0,0,1,2,40,3,6,2,1,0,0,14,62,9,1,4,51,"777777777777","777777777777","777777777777",0,0
42,420281,1,2,1,12,5,12,44,12,6,1,0,42,2,51,45,51045,4,2001,"YV1TS94D8111","Y","V","1","T","S","9","4","D","8","1","1","1",0,0,0,"000000000","00000000000",0,0,0,1,0,0,0,0,0,0,0,35,0,0,0,3,6,2,12,0,0,0,1,42,17042,6,1,0,0,3,3,69,999,0,0,0,0,0,0,0,0,0,0,39,0,0,0,1,2,20,1,4,2,1,20,3,1,17,1,1,1,87,"777777777777","777777777777","777777777777",1,0
42,420281,2,2,1,12,5,12,44,12,6,1,0,42,1,7,482,7482,31,1999,"1B7KF2364XJ6","1","B","7","K","F","2","3","6","4","X","J","6",0,0,0,"000000000","00000000000",0,0,0,1,0,0,0,0,0,0,0,45,0,0,0,12,6,2,12,0,0,0,1,42,17921,6,1,0,0,3,0,72,999,0,0,0,0,0,0,0,0,0,5,0,0,0,0,1,2,35,1,4,2,1,0,0,1,66,1,1,1,86,"777777777777","777777777777","777777777777",0,0
42,420282,1,1,1,2,5,2,30,31,0,1,0,42,1,53,34,53034,4,2007,"KL5JD56Z27K5","K","L","5","J","D","5","6","Z","2","7","K","5",0,0,0,"000000000","00000000000",0,0,0,1,0,0,0,0,0,0,0,50,0,0,0,11,6,2,30,0,0,0,1,42,16045,6,1,0,0,3,3,66,999,0,0,0,0,1,2,2013,2,2013,4,0,0,0,0,1,2,35,1,5,2,2,0,0,1,6,1,3,4,2,"777777777777","777777777777","777777777777",1,1
42,420283,1,1,1,27,5,23,52,30,0,1,0,42,1,37,31,37031,2,1995,"1HGEJ2125SL0","1","H","G","E","J","2","1","2","5","S","L","0",0,0,0,"000000000","00000000000",0,0,0,1,0,0,0,0,0,0,0,85,0,1,5,3,6,2,30,0,0,0,1,42,17023,1,1,0,0,2,0,75,999,0,4,1,0,0,7,2011,1,2015,3,6,0,0,0,1,2,35,1,1,2,1,0,0,1,6,16,4,4,7,"777777777777","777777777777","777777777777",1,1
42,420284,1,2,1,23,5,16,1,12,1,1,0,25,1,72,706,72706,80,2014,"1HD1KEL17EB6","1","H","D","1","K","E","L","1","7","E","B","6",0,0,0,"000000000","00000000000",0,0,0,1,0,0,0,0,0,0,0,50,0,0,0,12,6,2,12,0,0,0,1,25,2720,6,1,0,0,3,0,72,999,0,0,0,0,0,0,0,0,0,4,0,0,0,0,3,2,65,1,1,2,2,40,3,1,50,99,1,1,20,"777777777777","777777777777","777777777777",1,0
42,420284,2,2,1,23,5,16,1,12,1,1,0,12,3,51,881,51881,66,2016,"4V4NC9EH0GN9","4","V","4","N","C","9","E","H","0","G","N","9",1,1,57,"00947398","5700947398",3,6,1,1,0,0,0,0,0,0,0,0,0,0,0,6,2,5,12,0,0,0,1,12,32656,6,1,6,0,3,3,67,999,0,0,0,0,0,0,0,0,0,0,0,0,0,0,3,2,65,1,1,2,2,40,3,5,53,1,1,1,21,"888888888888","777777777777","777777777777",0,0
42,420285,1,2,1,6,5,5,45,12,6,1,0,42,2,63,32,63032,4,2006,"KNADE1236661","K","N","A","D","E","1","2","3","6","6","6","1",0,0,0,"000000000","00000000000",0,0,0,1,0,0,0,0,0,0,0,999,0,0,0,12,6,2,12,0,0,0,1,42,19070,1,1,0,0,2,0,74,999,0,0,0,0,0,0,0,0,0,0,48,0,0,0,1,5,40,1,1,2,2,3,3,11,15,1,1,1,68,"777777777777","777777777777","777777777777",1,0
42,420285,2,2,1,6,5,5,45,12,6,1,0,42,1,7,442,7442,20,2005,"2D4GP44L15R1","2","D","4","G","P","4","4","L","1","5","R","1",0,0,0,"000000000","00000000000",0,0,0,1,0,0,0,0,0,0,0,999,0,0,0,11,6,2,12,0,0,0,1,42,19061,6,1,0,0,3,1,62,999,1,0,0,0,0,3,2016,3,2016,0,0,0,0,0,1,7,40,1,1,2,2,3,3,1,62,1,1,1,69,"777777777777","777777777777","777777777777",0,0
42,420286,1,2,3,5,5,13,57,12,6,1,0,42,1,37,401,37401,14,2001,"4S6DM58W9144","4","S","6","D","M","5","8","W","9","1","4","4",0,0,0,"000000000","00000000000",0,0,0,1,0,0,0,0,0,0,0,999,0,0,0,11,6,2,46,0,0,0,1,42,19602,6,1,0,0,3,0,62,999,0,0,0,0,0,0,0,0,0,0,99,99,99,99,1,4,40,1,4,2,2,3,3,1,17,9,1,1,69,"777777777777","777777777777","777777777777",1,0
42,420286,2,2,1,5,5,13,57,12,6,1,0,42,1,51,401,51401,14,2007,"YV4CZ9827714","Y","V","4","C","Z","9","8","2","7","7","1","4",0,0,0,"000000000","00000000000",0,0,0,1,0,0,0,0,0,0,0,999,0,0,0,12,6,2,12,0,0,0,1,42,19610,6,1,0,0,3,0,64,999,0,0,0,0,0,0,0,0,0,0,99,99,99,99,1,4,40,1,4,2,2,3,3,11,15,1,1,1,68,"777777777777","777777777777","777777777777",0,0
42,420287,1,1,1,14,5,2,10,42,0,1,0,42,1,37,705,37705,80,2002,"JH2PC35052M3","J","H","2","P","C","3","5","0","5","2","M","3",0,0,0,"000000000","00000000000",0,0,0,1,0,0,0,0,0,0,0,100,0,0,0,12,6,2,42,0,0,0,1,42,17325,6,7,0,0,3,2,68,999,0,1,0,0,0,6,2011,6,2011,3,6,73,0,0,1,2,40,2,6,2,1,0,0,14,12,99,1,4,6,"777777777777","777777777777","777777777777",1,1
42,420288,1,1,1,21,5,2,17,24,0,1,0,34,2,54,35,54035,4,2005,"19UUA66285A0","1","9","U","U","A","6","6","2","8","5","A","0",0,0,0,"000000000","00000000000",0,0,0,1,0,0,0,0,0,0,0,999,0,1,3,2,6,2,42,0,0,0,1,34,8609,6,2,0,0,3,0,63,999,0,0,0,0,0,0,0,0,0,5,0,0,0,0,2,2,55,3,1,2,1,0,0,14,13,1,1,4,1,"777777777777","777777777777","777777777777",1,1
42,420289,1,1,1,7,4,20,18,23,0,1,0,18,3,84,884,84884,66,2013,"1HSDJSJRXDJ1","1","H","S","D","J","S","J","R","X","D","J","1",1,1,57,"01486168","5701486168",3,6,1,1,0,0,0,0,0,0,0,65,0,0,0,11,6,2,23,0,0,1,1,34,7002,6,1,3,9,3,0,66,999,0,0,0,0,0,0,0,0,0,0,0,0,0,0,2,2,65,2,1,2,1,0,0,14,12,1,1,4,6,"888888888888","777777777777","777777777777",1,0
42,420290,1,1,1,26,4,19,8,34,0,1,0,34,1,37,706,37706,80,2002,"JH2SC50042M0","J","H","2","S","C","5","0","0","4","2","M","0",0,0,0,"000000000","00000000000",0,0,0,1,0,0,0,0,0,0,0,999,0,0,0,12,6,2,34,0,0,0,1,34,8865,6,1,0,0,3,0,72,999,1,0,0,0,3,4,2012,10,2015,4,0,0,0,0,1,2,45,3,1,2,1,0,0,14,13,99,1,4,1,"777777777777","777777777777","777777777777",1,1
42,420291,1,1,3,10,5,21,55,43,0,1,0,42,2,20,16,20016,4,2004,"1G1JF52F2472","1","G","1","J","F","5","2","F","2","4","7","2",0,0,0,"000000000","00000000000",0,0,0,1,0,0,0,0,0,0,0,45,0,0,0,12,6,2,52,0,0,0,1,42,15332,6,1,0,0,3,0,64,999,0,4,0,3,0,10,2013,8,2014,5,0,0,0,0,1,2,35,1,2,2,2,0,0,1,13,1,1,4,1,"777777777777","777777777777","777777777777",1,1
42,420292,1,3,1,20,5,21,12,8,0,1,0,42,2,35,471,35471,30,1996,"1N6SD11S1TC3","1","N","6","S","D","1","1","S","1","T","C","3",0,0,0,"000000000","00000000000",0,0,0,1,0,0,0,0,0,0,0,85,9,0,0,11,6,2,8,0,0,0,1,42,19149,6,1,0,0,3,0,72,999,2,0,0,0,0,9,2013,5,2015,3,0,0,0,0,3,2,55,1,5,2,1,0,0,1,12,1,1,4,6,"777777777777","777777777777","777777777777",0,1
42,420292,3,3,1,20,5,21,12,8,0,1,0,34,3,86,881,86881,66,2000,"1M1AA14YXYW1","1","M","1","A","A","1","4","Y","X","Y","W","1",1,1,57,"01850572","5701850572",3,6,2,1,0,0,0,0,0,0,0,45,0,0,0,10,2,5,12,0,0,0,1,34,8322,6,1,6,1,3,3,70,999,2,0,0,1,0,7,2012,5,2015,0,0,0,0,0,3,2,55,1,5,2,1,0,0,98,98,1,1,4,98,"888888888888","777777777777","777777777777",0,0
42,420292,4,3,1,20,5,21,12,8,0,1,0,42,1,35,49,35049,6,2006,"JN8AZ08W56W5","J","N","8","A","Z","0","8","W","5","6","W","5",0,0,0,"000000000","00000000000",0,0,0,1,0,0,0,0,0,0,0,65,9,0,0,98,6,2,12,0,0,0,1,42,19380,6,1,0,0,3,0,71,999,2,0,0,2,0,11,2011,12,2014,0,0,0,0,0,3,2,55,1,5,2,1,0,0,1,61,16,1,1,98,"777777777777","777777777777","777777777777",0,0
42,420293,1,1,1,2,5,0,19,39,0,1,0,40,4,2,422,2422,15,2015,"1C4RJFBG3FC2","1","C","4","R","J","F","B","G","3","F","C","2",0,0,0,"000000000","00000000000",0,0,0,1,0,0,0,0,0,99,0,80,0,1,5,11,6,2,39,0,0,0,1,42,16684,6,1,0,0,3,3,72,999,2,0,0,0,0,8,2015,2,2016,3,51,0,0,0,5,3,45,2,1,2,2,0,0,14,12,7,1,4,6,"777777777777","777777777777","777777777777",1,0
42,420295,1,1,1,21,5,18,16,8,0,1,0,42,1,20,2,20002,4,2003,"2G1WH55K8391","2","G","1","W","H","5","5","K","8","3","9","1",0,0,0,"000000000","00000000000",0,0,0,1,0,0,0,0,0,0,0,999,0,0,0,2,2,3,8,0,0,0,1,42,19151,6,1,0,0,3,0,73,999,0,0,0,0,0,0,0,0,0,0,0,0,0,0,1,2,25,1,1,2,2,0,0,1,80,99,1,1,13,"777777777777","777777777777","777777777777",0,0
42,420296,1,1,1,26,5,22,42,7,0,1,0,42,2,72,706,72706,80,2012,"1HD1CZ311CC4","1","H","D","1","C","Z","3","1","1","C","C","4",0,0,0,"000000000","00000000000",0,0,0,1,0,0,0,0,0,0,0,999,0,0,0,0,6,2,46,0,0,0,1,42,19464,6,1,0,0,3,0,70,999,0,0,0,0,0,0,0,0,0,5,0,0,0,0,1,2,35,3,1,2,1,0,0,14,6,16,4,4,0,"777777777777","777777777777","777777777777",1,0
42,420297,1,1,1,11,3,15,27,8,0,1,0,42,1,20,401,20401,14,2005,"1GNDT13S1522","1","G","N","D","T","1","3","S","1","5","2","2",0,0,0,"000000000","00000000000",0,0,0,1,0,0,0,0,0,0,0,35,0,0,0,12,2,5,8,0,0,0,1,42,15670,6,1,0,0,3,1,62,999,0,0,0,0,0,0,0,0,0,0,0,0,0,0,1,2,40,1,1,2,1,0,0,1,80,1,1,1,13,"777777777777","777777777777","777777777777",0,0
42,420298,1,1,1,17,5,19,2,9,0,1,0,24,1,22,20,22020,4,2005,"2G2WS5222512","2","G","2","W","S","5","2","2","2","5","1","2",0,0,0,"000000000","00000000000",0,0,0,1,0,0,0,0,0,0,0,999,0,0,0,12,4,3,9,0,0,0,1,42,17225,6,1,0,0,3,0,62,999,0,0,0,0,0,0,0,0,0,0,99,99,99,99,1,2,35,1,5,2,1,0,0,1,83,1,1,1,13,"777777777777","777777777777","777777777777",0,0
42,420299,1,1,5,26,5,0,45,24,0,1,0,42,3,12,461,12461,21,1999,"1FBSS31L4XHA","1","F","B","S","S","3","1","L","4","X","H","A",0,0,0,"000000000","00000000000",0,0,0,1,0,0,0,0,0,0,0,40,0,1,5,12,6,2,1,0,0,0,1,99,18439,9,9,99,9,9,9,999,999,99,99,99,99,99,99,9999,99,9999,4,0,0,0,0,1,2,35,1,1,8,1,0,0,11,15,99,1,4,98,"777777777777","777777777777","777777777777",3,1
42,420300,1,1,1,29,5,12,11,8,0,1,0,42,1,7,472,7472,30,2000,"1B7GG2ANXYS5","1","B","7","G","G","2","A","N","X","Y","S","5",0,0,0,"000000000","00000000000",0,0,0,1,0,0,0,0,0,0,0,999,0,0,0,12,0,3,8,0,0,0,1,42,17512,6,1,0,0,3,0,66,999,0,0,0,0,0,0,0,0,0,0,38,0,0,0,1,2,30,1,1,2,1,2,3,11,80,99,1,1,13,"777777777777","777777777777","777777777777",0,0
42,420301,1,1,1,11,5,22,4,8,0,1,0,42,3,12,481,12481,31,2016,"1FTFW1EG0GKD","1","F","T","F","W","1","E","G","0","G","K","D",0,0,0,"000000000","00000000000",0,0,0,1,0,0,0,0,0,0,0,999,0,0,0,2,4,3,8,0,0,0,1,42,19040,6,1,0,0,3,0,76,999,0,0,0,0,0,0,0,0,0,0,99,99,99,99,5,5,45,1,1,2,1,0,0,1,80,1,1,1,13,"777777777777","777777777777","777777777777",0,0
42,420302,1,1,1,21,5,21,39,8,0,1,0,42,1,59,403,59403,14,2013,"2T2BK1BA2DC1","2","T","2","B","K","1","B","A","2","D","C","1",0,0,0,"000000000","00000000000",0,0,0,1,0,0,0,0,0,0,0,999,0,0,0,10,2,3,8,0,0,0,1,42,19425,6,1,0,0,3,0,73,999,0,0,0,0,0,0,0,0,0,0,0,0,0,0,1,4,25,1,1,2,2,0,0,1,80,1,1,1,13,"777777777777","777777777777","777777777777",0,1
42,420303,1,2,1,27,5,0,27,12,6,1,0,42,1,63,38,63038,2,2011,"KNAFU6A26B53","K","N","A","F","U","6","A","2","6","B","5","3",0,0,0,"000000000","00000000000",0,0,0,1,0,0,0,0,0,0,0,999,0,0,0,12,6,2,12,0,0,0,1,42,15090,6,1,0,0,3,0,66,999,0,0,0,0,0,0,0,0,0,3,39,6,0,0,1,5,35,1,3,2,1,3,3,1,67,1,1,1,83,"777777777777","777777777777","777777777777",1,0
42,420303,2,2,1,27,5,0,27,12,6,1,0,42,1,41,52,41052,6,2006,"JM1CR2937601","J","M","1","C","R","2","9","3","7","6","0","1",0,0,0,"000000000","00000000000",0,0,0,1,0,0,0,0,0,0,0,999,0,0,0,9,6,2,12,0,0,0,1,42,15238,6,1,0,0,3,3,69,999,0,0,0,0,0,0,0,0,0,0,0,0,0,0,1,3,25,1,1,2,1,3,3,11,15,1,1,1,82,"777777777777","777777777777","777777777777",0,0
42,420304,1,2,1,20,5,6,46,12,6,1,0,42,1,13,13,13013,4,2012,"3LNHL2GC3CR8","3","L","N","H","L","2","G","C","3","C","R","8",0,0,0,"000000000","00000000000",0,0,0,1,0,0,0,0,0,0,0,5,0,0,0,10,4,3,12,0,0,0,1,42,17043,6,1,0,0,3,3,66,999,0,0,0,1,0,10,2011,10,2011,0,38,6,0,0,1,2,25,1,1,2,1,20,3,11,15,1,1,1,82,"777777777777","777777777777","777777777777",0,0
42,420304,2,2,1,20,5,6,46,12,6,1,0,42,2,53,706,53706,80,2007,"JS1VS55A1721","J","S","1","V","S","5","5","A","1","7","2","1",0,0,0,"000000000","00000000000",0,0,0,1,0,0,0,0,0,0,0,25,0,0,0,12,6,2,12,0,0,0,1,42,17025,6,1,6,0,3,0,67,999,0,0,0,0,0,0,0,0,0,0,0,0,0,0,1,2,25,1,1,2,1,0,0,1,67,16,2,1,83,"777777777777","777777777777","777777777777",1,0
42,420305,1,1,1,26,5,22,37,39,0,1,0,42,2,72,706,72706,80,2011,"1HD1LC31XBC4","1","H","D","1","L","C","3","1","X","B","C","4",0,0,0,"000000000","00000000000",0,0,0,1,0,0,0,0,0,0,0,55,0,0,0,12,6,2,39,0,0,0,1,42,18407,6,1,6,0,3,0,70,999,0,0,0,0,0,0,0,0,0,4,0,0,0,0,1,2,35,2,5,2,1,0,0,14,12,16,2,4,7,"777777777777","777777777777","777777777777",1,1
42,420306,1,1,1,14,5,7,46,59,0,1,0,42,1,12,481,12481,31,2011,"1FTFW1ET8BFA","1","F","T","F","W","1","E","T","8","B","F","A",0,0,0,"000000000","00000000000",0,0,0,1,0,0,0,0,0,0,0,999,0,0,0,11,6,2,19,0,0,0,1,42,17073,6,1,0,0,3,0,67,999,1,0,0,0,0,5,2015,5,2015,0,0,0,0,0,1,2,45,1,1,2,1,0,0,1,8,1,1,4,6,"777777777777","777777777777","777777777777",1,0
42,420307,1,1,1,28,5,17,57,30,0,1,0,42,1,23,481,23481,31,2000,"1GTEK19TXYE1","1","G","T","E","K","1","9","T","X","Y","E","1",0,0,0,"000000000","00000000000",0,0,0,1,0,0,0,0,0,0,0,60,0,1,5,12,6,2,1,0,0,0,1,42,17240,6,1,0,0,3,0,64,999,0,0,0,0,0,0,0,0,0,5,0,0,0,0,1,2,45,3,1,2,1,0,0,14,13,8,2,4,2,"777777777777","777777777777","777777777777",1,0
42,420308,1,2,2,8,5,19,7,12,2,1,0,42,1,55,402,55402,14,2011,"KM8JUCAC4BU2","K","M","8","J","U","C","A","C","4","B","U","2",0,0,0,"000000000","00000000000",0,0,0,1,0,0,0,0,0,0,0,999,0,0,0,12,6,2,12,0,0,0,1,42,15015,6,1,0,0,3,0,62,999,0,0,0,0,0,0,0,0,0,0,0,0,0,0,1,4,45,1,1,2,1,0,0,1,62,1,1,1,51,"777777777777","777777777777","777777777777",0,0
42,420308,2,2,1,8,5,19,7,12,2,1,0,99,2,55,35,55035,4,2006,"KMHDN46D46U3","K","M","H","D","N","4","6","D","4","6","U","3",0,0,0,"000000000","00000000000",0,0,0,1,0,0,0,0,0,0,0,999,0,0,0,12,6,2,12,0,0,0,1,42,19380,6,1,0,0,3,0,71,999,0,0,0,0,0,0,0,0,0,0,28,0,0,0,1,4,45,1,1,2,1,0,0,1,10,1,1,2,50,"777777777777","777777777777","777777777777",1,0
42,420309,1,2,1,16,5,8,27,12,2,1,0,42,1,2,405,2405,14,2002,"1J4GL58K02W3","1","J","4","G","L","5","8","K","0","2","W","3",0,0,0,"000000000","00000000000",0,0,0,1,0,0,0,0,0,0,0,999,0,0,0,12,6,2,12,0,0,0,1,42,19520,6,1,0,0,3,0,75,399,0,0,0,0,0,0,0,0,0,0,28,0,0,0,1,2,45,1,3,2,1,0,0,1,10,1,1,2,50,"777777777777","777777777777","777777777777",1,1
42,420309,2,2,1,16,5,8,27,12,2,1,0,42,1,12,880,12880,67,2008,"1FTWF31R48EA","1","F","T","W","F","3","1","R","4","8","E","A",0,0,88,"888888888","88888888888",2,1,96,1,0,0,0,0,0,0,0,45,0,0,0,12,6,2,12,0,0,0,1,42,19365,6,1,0,0,3,0,72,999,0,0,0,0,0,0,0,0,0,0,0,0,0,0,1,2,45,1,3,2,1,0,0,1,62,9,1,4,51,"777777777777","777777777777","777777777777",0,0