"STATE","ST_CASE","VEH_NO","VE_FORMS","NUMOCCS","DAY","MONTH","HOUR","MINUTE","HARM_EV","MAN_COLL","UNITTYPE","HIT_RUN","REG_STAT","OWNER","MAKE","MODEL","MAK_MOD","BODY_TYP","MOD_YEAR","VIN","VIN_1","VIN_2","VIN_3","VIN_4","VIN_5","VIN_6","VIN_7","VIN_8","VIN_9","VIN_10","VIN_11","VIN_12","TOW_VEH","J_KNIFE","MCARR_I1","MCARR_I2","MCARR_ID","GVWR","V_CONFIG","CARGO_BT","HAZ_INV","HAZ_PLAC","HAZ_ID","HAZ_CNO","HAZ_REL","BUS_USE","SPEC_USE","EMER_USE","TRAV_SP","UNDERIDE","ROLLOVER","ROLINLOC","IMPACT1","DEFORMED","TOWED","M_HARM","VEH_SC1","VEH_SC2","FIRE_EXP","DR_PRES","L_STATE","DR_ZIP","L_STATUS","L_TYPE","CDL_STAT","L_ENDORS","L_COMPL","L_RESTRI","DR_HGT","DR_WGT","PREV_ACC","PREV_SUS","PREV_DWI","PREV_SPD","PREV_OTH","FIRST_MO","FIRST_YR","LAST_MO","LAST_YR","SPEEDREL","DR_SF1","DR_SF2","DR_SF3","DR_SF4","VTRAFWAY","VNUM_LAN","VSPD_LIM","VALIGN","VPROFILE","VPAVETYP","VSURCOND","VTRAFCON","VTCONT_F","P_CRASH1","P_CRASH2","P_CRASH3","PCRASH4","PCRASH5","ACC_TYPE","TRLR1VIN","TRLR2VIN","TRLR3VIN","DEATHS","DR_DRINK"
42,420310,1,2,1,7,5,8,43,12,2,1,0,42,1,63,401,63401,14,2014,"KNDPBCAC6E76","K","N","D","P","B","C","A","C","6","E","7","6",0,0,0,"000000000","00000000000",0,0,0,1,0,0,0,0,0,0,0,999,9,0,0,12,6,2,12,0,0,0,1,42,15132,6,1,0,0,3,3,64,999,0,0,0,1,0,1,2013,1,2013,0,28,0,0,0,1,2,35,1,1,2,1,0,0,1,10,1,1,2,50,"777777777777","777777777777","777777777777",1,0
42,420310,2,2,1,7,5,8,43,12,2,1,0,42,1,12,481,12481,31,2013,"1FTFX1EF0DFC","1","F","T","F","X","1","E","F","0","D","F","C",0,0,0,"000000000","00000000000",0,0,0,1,0,0,0,0,0,0,0,35,0,0,0,12,6,2,12,0,0,0,1,42,15133,6,1,0,0,3,0,72,999,1,0,0,0,0,4,2013,4,2013,0,0,0,0,0,1,2,35,1,1,2,1,0,0,1,62,1,1,1,51,"777777777777","777777777777","777777777777",0,0
42,420311,1,2,1,13,5,12,54,12,2,1,0,13,3,12,481,12481,31,2013,"1FTFW1ET4DFD","1","F","T","F","W","1","E","T","4","D","F","D",0,0,0,"000000000","00000000000",0,0,0,1,0,0,0,0,0,0,0,999,0,0,0,12,6,2,12,0,0,0,1,42,17754,6,1,6,0,3,0,73,999,0,0,0,0,1,9,2013,9,2013,0,28,0,0,0,1,2,55,1,1,2,2,0,0,1,10,1,1,2,50,"777777777777","777777777777","777777777777",0,0
42,420311,2,2,2,13,5,12,54,12,2,1,0,42,1,20,481,20481,31,1999,"1GCEK19T8XE1","1","G","C","E","K","1","9","T","8","X","E","1",0,0,0,"000000000","00000000000",0,0,0,1,0,0,0,0,0,0,0,999,0,0,0,12,6,2,12,0,0,0,1,42,17758,6,1,6,0,3,1,68,999,0,0,0,0,0,0,0,0,0,0,0,0,0,0,1,2,55,1,1,2,2,0,0,1,62,1,1,1,51,"777777777777","777777777777","777777777777",1,0
42,420312,1,1,3,3,5,22,50,35,0,1,0,42,1,37,32,37032,4,2006,"1HGCM56406A1","1","H","G","C","M","5","6","4","0","6","A","1",0,0,0,"000000000","00000000000",0,0,0,1,0,0,0,0,0,0,0,999,0,1,5,12,6,2,39,0,0,0,1,42,15478,6,2,0,0,3,3,66,999,0,0,0,0,0,0,0,0,0,4,52,0,0,0,1,2,35,2,6,2,1,0,0,14,6,7,4,4,7,"777777777777","777777777777","777777777777",2,0
42,420313,1,3,1,16,5,12,45,12,1,1,0,42,3,38,882,38882,62,2015,"JALE5W166F73","J","A","L","E","5","W","1","6","6","F","7","3",0,0,77,"777777777","77777777777",2,1,98,1,0,0,0,0,0,0,0,999,9,0,0,12,4,3,12,0,0,0,1,42,15052,6,1,0,0,3,0,72,999,0,0,0,0,0,0,0,0,0,0,99,99,99,99,1,2,40,1,1,2,1,0,0,1,50,1,1,1,20,"777777777777","777777777777","777777777777",0,0
42,420313,2,3,1,16,5,12,45,12,1,1,0,42,1,20,37,20037,4,1998,"1G1ND52M2WY1","1","G","1","N","D","5","2","M","2","W","Y","1",0,0,0,"000000000","00000000000",0,0,0,1,0,0,0,0,0,0,0,0,9,0,0,6,6,2,12,0,0,0,1,42,15022,6,1,0,0,3,0,68,999,0,0,0,0,0,0,0,0,0,0,99,99,99,99,1,2,40,1,1,2,1,0,0,5,53,1,1,1,22,"777777777777","777777777777","777777777777",1,0
42,420313,3,3,1,16,5,12,45,12,1,1,0,42,1,48,38,48038,4,2007,"JF1GD61667H5","J","F","1","G","D","6","1","6","6","7","H","5",0,0,0,"000000000","00000000000",0,0,0,1,0,0,0,0,0,0,0,999,0,0,0,12,6,2,12,0,0,0,1,42,15137,6,1,0,0,3,3,67,999,0,0,0,0,0,0,0,0,0,0,0,0,0,0,1,2,40,1,1,2,1,0,0,1,62,1,1,1,98,"777777777777","777777777777","777777777777",0,0
42,420314,1,1,1,27,5,17,9,1,0,1,0,42,1,72,706,72706,80,2007,"1HD1BV5117Y0","1","H","D","1","B","V","5","1","1","7","Y","0",0,0,0,"000000000","00000000000",0,0,0,1,0,0,0,0,0,0,0,999,0,0,0,0,6,2,1,0,0,0,1,42,15074,6,1,6,0,2,0,73,999,0,0,0,1,0,6,2012,6,2012,5,0,0,0,0,1,2,35,2,6,2,1,0,0,14,6,16,2,3,98,"777777777777","777777777777","777777777777",1,0
42,420315,1,1,2,21,5,3,19,59,0,1,0,36,2,58,37,58037,4,2008,"JNKBV61F98M2","J","N","K","B","V","6","1","F","9","8","M","2",0,0,0,"000000000","00000000000",0,0,0,1,0,0,0,0,0,0,0,80,0,1,5,98,6,2,1,0,0,0,1,42,19464,6,1,0,0,3,0,71,999,0,0,0,0,0,0,0,0,0,4,0,0,0,0,3,2,70,1,1,2,1,0,0,1,13,98,1,4,1,"777777777777","777777777777","777777777777",1,0
42,420316,1,1,1,8,5,15,10,42,0,1,0,42,1,6,54,6054,6,2006,"2A4GM68436R7","2","A","4","G","M","6","8","4","3","6","R","7",0,0,0,"000000000","00000000000",0,0,0,1,0,0,0,0,0,0,0,55,0,0,0,12,6,2,42,0,0,0,1,42,16057,6,1,0,0,3,0,64,999,0,0,0,0,0,0,0,0,0,5,99,99,99,99,1,2,45,1,1,2,1,0,0,1,6,7,4,4,7,"777777777777","777777777777","777777777777",1,0
42,420317,1,1,1,24,5,19,15,11,0,1,0,42,1,98,706,98706,80,2016,"ZD4RAC011GS0","Z","D","4","R","A","C","0","1","1","G","S","0",0,0,0,"000000000","00000000000",0,0,0,1,0,0,0,0,0,0,0,45,0,0,0,12,6,2,11,0,0,0,1,42,18801,6,1,0,0,3,3,64,999,1,0,0,0,0,2,2014,2,2014,0,0,0,0,0,1,2,40,1,5,2,1,0,0,1,87,1,1,1,13,"777777777777","777777777777","777777777777",1,0
42,420318,1,1,1,13,5,0,33,24,0,1,0,42,1,20,431,20431,16,2000,"3GNFK16T3YG1","3","G","N","F","K","1","6","T","3","Y","G","1",0,0,0,"000000000","00000000000",0,0,0,1,0,0,0,0,0,0,0,65,0,1,5,11,6,2,1,0,0,0,1,42,16066,6,1,0,0,3,0,67,999,0,0,0,0,0,0,0,0,0,0,0,0,0,0,3,3,65,1,5,2,1,0,0,1,9,7,3,4,2,"777777777777","777777777777","777777777777",1,1
42,420319,1,1,1,10,5,11,54,9,0,1,0,42,3,98,988,98988,52,2009,"5FYH4FV179B0","5","F","Y","H","4","F","V","1","7","9","B","0",0,0,88,"888888888","88888888888",9,21,22,1,0,0,0,0,6,3,0,26,0,0,0,12,2,5,9,0,0,0,1,42,19152,6,1,6,0,3,0,71,999,1,0,0,0,0,12,2011,12,2011,0,0,0,0,0,1,2,25,1,1,2,1,0,0,1,83,1,1,1,13,"777777777777","777777777777","777777777777",0,0
42,420320,1,2,2,10,5,0,30,8,0,1,0,42,1,55,33,55033,4,2012,"5NPEB4AC8CH3","5","N","P","E","B","4","A","C","8","C","H","3",0,0,0,"000000000","00000000000",0,0,0,1,0,0,0,0,0,0,0,55,0,0,0,12,4,3,8,0,0,0,1,42,17111,6,1,0,0,3,3,73,999,0,1,0,0,0,2,2013,2,2013,0,0,0,0,0,1,2,55,1,1,2,1,0,0,1,80,16,1,1,13,"777777777777","777777777777","777777777777",0,1
42,420320,2,2,1,10,5,0,30,8,0,1,0,42,1,30,402,30402,14,2013,"WVGBV7AX1DW5","W","V","G","B","V","7","A","X","1","D","W","5",0,0,0,"000000000","00000000000",0,0,0,1,0,0,0,0,0,0,0,55,0,0,0,14,2,5,8,0,0,0,1,42,17881,6,1,0,0,3,0,72,999,1,0,0,0,0,10,2012,10,2012,0,0,0,0,0,1,2,55,1,1,2,1,0,0,1,80,98,1,1,98,"777777777777","777777777777","777777777777",0,0
42,420321,1,2,1,4,5,15,6,12,6,1,0,0,0,98,998,98998,92,9999,"000000000000","0","0","0","0","0","0","0","0","0","0","0","0",0,0,0,"000000000","00000000000",0,0,0,1,0,0,0,0,0,0,0,5,0,0,0,11,2,5,12,0,0,0,1,42,16407,0,0,0,0,1,0,68,999,0,0,0,0,0,0,0,0,0,0,0,0,0,0,1,2,40,1,5,2,1,0,0,11,15,1,1,1,68,"777777777777","777777777777","777777777777",0,0
42,420321,2,2,1,4,5,15,6,12,6,1,0,42,1,37,706,37706,80,1994,"1HFSC1815RA8","1","H","F","S","C","1","8","1","5","R","A","8",0,0,0,"000000000","00000000000",0,0,0,1,0,0,0,0,0,0,0,45,0,0,0,12,6,2,12,0,0,0,1,42,16441,6,1,0,0,3,0,73,999,0,0,0,0,0,0,0,0,0,0,0,0,0,0,1,2,40,1,6,2,1,0,0,1,62,16,1,1,69,"777777777777","777777777777","777777777777",1,1
42,420322,1,4,2,9,5,18,15,12,7,1,0,39,1,37,402,37402,14,1999,"JHLRD1860XC0","J","H","L","R","D","1","8","6","0","X","C","0",0,0,0,"000000000","00000000000",0,0,0,1,0,0,0,0,0,0,0,70,7,1,1,81,6,2,12,0,0,0,1,39,43615,6,1,0,0,3,0,64,160,0,0,0,0,0,0,0,0,0,0,28,0,0,0,2,2,70,1,1,2,1,0,0,1,61,1,1,3,49,"777777777777","777777777777","777777777777",2,0
42,420322,2,4,1,9,5,18,15,12,7,1,1,99,9,99,884,99884,66,9999,"999999999999","9","9","9","9","9","9","9","9","9","9","9","9",1,1,99,"999999999","99999999999",3,6,99,1,0,0,0,0,0,0,0,70,0,0,0,61,9,5,12,0,0,0,1,99,99999,9,9,99,9,9,9,999,999,99,99,99,99,99,99,9999,99,9999,0,28,0,0,0,2,2,70,1,1,2,1,0,0,1,60,1,1,3,49,"888888888888","777777777777","777777777777",0,0
42,420322,3,4,1,9,5,18,15,12,7,1,0,9,1,37,421,37421,15,2011,"5FNYF4H21BB0","5","F","N","Y","F","4","H","2","1","B","B","0",0,0,0,"000000000","00000000000",0,0,0,1,0,0,0,0,0,0,0,70,0,0,0,11,6,2,12,0,0,0,1,9,6612,6,1,0,0,3,0,70,999,98,1,0,0,1,8,2015,5,2016,0,0,0,0,0,2,2,70,1,1,2,1,0,0,1,62,1,1,1,98,"777777777777","777777777777","777777777777",0,0
42,420322,4,4,3,9,5,18,15,12,7,1,0,39,1,9,442,9442,20,1999,"2P4GP25R8XR1","2","P","4","G","P","2","5","R","8","X","R","1",0,0,0,"000000000","00000000000",0,0,0,1,0,0,0,0,0,0,0,70,0,0,0,12,6,2,12,0,0,0,1,39,44505,6,1,6,0,3,0,64,165,0,0,0,0,0,0,0,0,0,0,0,0,0,0,2,2,70,1,1,2,1,0,0,1,62,1,1,1,98,"777777777777","777777777777","777777777777",1,0
42,420323,1,2,2,10,5,15,20,12,6,1,0,42,1,20,16,20016,4,2001,"1G1JC5247172","1","G","1","J","C","5","2","4","7","1","7","2",0,0,0,"000000000","00000000000",0,0,0,1,0,0,0,0,0,0,0,5,0,0,0,9,6,2,12,0,0,0,1,42,16841,6,1,0,0,3,0,72,999,0,0,0,0,0,0,0,0,0,0,0,0,0,0,1,2,55,2,1,2,1,20,3,11,15,1,1,1,68,"777777777777","777777777777","777777777777",1,0
42,420323,2,2,1,10,5,15,20,12,6,1,0,42,1,49,46,49046,5,2007,"JTDKB20U8775","J","T","D","K","B","2","0","U","8","7","7","5",0,0,0,"000000000","00000000000",0,0,0,1,0,0,0,0,0,0,0,45,0,0,0,12,6,2,12,0,0,0,1,42,16823,6,1,0,0,3,3,64,999,0,0,0,0,0,0,0,0,0,0,0,0,0,0,1,2,55,2,1,2,1,20,3,14,67,1,1,1,69,"777777777777","777777777777","777777777777",0,0
42,420324,1,3,1,12,5,23,20,12,2,1,0,42,1,72,706,72706,80,2000,"1HD1BMY19YY0","1","H","D","1","B","M","Y","1","9","Y","Y","0",0,0,0,"000000000","00000000000",0,0,0,1,0,0,0,0,0,0,0,999,0,0,0,12,6,2,12,0,0,0,1,42,15210,6,1,0,0,2,3,71,999,0,0,0,0,0,0,0,0,0,0,28,0,0,0,2,2,35,3,6,2,1,0,0,14,10,99,1,2,50,"777777777777","777777777777","777777777777",1,0
42,420324,2,3,1,12,5,23,20,12,2,1,0,42,2,37,39,37039,5,2015,"3HGGK5H54FM7","3","H","G","G","K","5","H","5","4","F","M","7",0,0,0,"000000000","00000000000",0,0,0,1,0,0,0,0,0,0,0,999,0,0,0,12,6,2,12,0,0,0,1,42,15220,6,1,0,0,3,0,66,999,0,0,0,0,0,0,0,0,0,0,0,0,0,0,2,2,35,2,5,2,1,0,0,14,62,16,2,1,51,"777777777777","777777777777","777777777777",0,0
42,420324,3,3,1,12,5,23,20,12,2,1,0,42,1,35,50,35050,5,2008,"3N1BC13E98L3","3","N","1","B","C","1","3","E","9","8","L","3",0,0,0,"000000000","00000000000",0,0,0,1,0,0,0,0,0,0,0,999,0,0,0,98,2,3,54,0,0,0,1,42,15210,1,1,0,0,2,3,76,999,0,0,0,0,0,0,0,0,0,0,0,0,0,0,2,2,35,2,5,2,1,0,0,14,62,16,2,1,98,"777777777777","777777777777","777777777777",0,0
42,420325,1,1,2,30,5,17,15,42,0,1,0,36,1,99,999,99999,99,9999,"999999999999","9","9","9","9","9","9","9","9","9","9","9","9",5,1,99,"999999999","99999999999",9,99,99,1,0,0,0,0,0,0,0,70,0,0,0,12,6,2,42,0,0,0,1,36,11768,6,1,0,0,3,3,999,999,0,0,0,0,1,12,2013,12,2013,0,0,0,0,0,3,2,65,1,1,2,1,0,0,1,1,99,2,4,98,"777777777777","777777777777","777777777777",1,1
42,420326,1,2,1,25,5,19,39,7,0,1,0,42,1,71,706,71706,80,2014,"ZDM11BMV8EB0","Z","D","M","1","1","B","M","V","8","E","B","0",0,0,0,"000000000","00000000000",0,0,0,1,0,0,0,0,0,0,0,999,0,0,0,0,6,2,12,0,0,0,1,42,19082,6,1,0,0,3,0,71,999,0,0,0,0,0,0,0,0,0,0,0,0,0,0,1,2,35,2,5,2,1,0,0,14,6,99,3,2,0,"777777777777","777777777777","777777777777",1,0
42,420326,2,2,1,25,5,19,39,7,0,1,0,42,1,49,403,49403,14,2011,"5TDBK3EH8BS0","5","T","D","B","K","3","E","H","8","B","S","0",0,0,0,"000000000","00000000000",0,0,0,1,0,0,0,0,0,0,0,999,0,0,0,12,4,3,12,0,0,0,1,42,19041,6,1,0,0,3,0,67,999,0,0,0,0,0,0,0,0,0,0,0,0,0,0,1,2,35,3,6,2,1,0,0,14,10,16,1,2,98,"777777777777","777777777777","777777777777",0,0
42,420327,1,3,1,4,5,8,52,12,8,1,0,42,2,12,461,12461,21,2003,"1FTNE24L03HB","1","F","T","N","E","2","4","L","0","3","H","B",0,0,0,"000000000","00000000000",0,0,0,1,0,0,0,0,0,0,0,999,9,0,0,11,6,2,12,0,0,0,1,34,8012,1,1,0,0,2,0,70,999,1,5,1,0,8,12,2011,6,2014,0,28,0,0,0,1,2,45,2,5,2,2,0,0,14,10,1,1,2,64,"777777777777","777777777777","777777777777",1,0
42,420327,2,3,3,4,5,8,52,12,8,1,0,42,3,12,870,12870,55,2012,"1FDFE4FS8CDA","1","F","D","F","E","4","F","S","8","C","D","A",0,0,88,"888888888","88888888888",2,20,22,1,0,0,0,0,6,3,0,999,0,0,0,10,6,2,12,0,0,0,1,42,18229,6,1,6,1,3,3,67,999,0,0,0,0,0,0,0,0,0,0,0,0,0,0,1,2,45,3,6,2,2,0,0,14,62,7,1,4,65,"777777777777","777777777777","777777777777",1,0
42,420327,3,3,1,4,5,8,52,12,8,1,0,42,1,49,402,49402,14,2011,"JTMRF4DV2B50","J","T","M","R","F","4","D","V","2","B","5","0",0,0,0,"000000000","00000000000",0,0,0,1,0,0,0,0,0,0,0,999,0,0,0,61,2,5,54,0,0,0,1,42,18235,6,1,0,0,3,0,66,999,0,0,0,0,0,0,0,0,0,0,0,0,0,0,1,2,45,2,5,2,2,0,0,14,98,1,1,1,98,"777777777777","777777777777","777777777777",0,0
42,420328,1,1,1,1,5,2,42,14,0,1,0,42,1,35,47,35047,4,2003,"1N4AL11D83C2","1","N","4","A","L","1","1","D","8","3","C","2",0,0,0,"000000000","00000000000",0,0,0,1,0,0,0,0,0,0,0,65,0,0,0,12,6,2,14,0,0,0,1,42,19015,6,1,0,0,3,0,74,999,0,0,0,0,0,0,0,0,0,5,0,0,0,0,3,4,55,1,1,2,1,0,0,15,11,1,1,2,98,"777777777777","777777777777","777777777777",1,1
42,420329,1,1,3,20,5,20,40,35,0,1,0,42,1,41,50,41050,4,2004,"1YVHP80D045N","1","Y","V","H","P","8","0","D","0","4","5","N",0,0,0,"000000000","00000000000",0,0,0,1,0,0,0,0,0,0,0,999,0,0,0,11,6,2,35,0,0,0,1,42,18434,1,1,0,0,2,0,65,999,0,1,0,0,1,4,2016,5,2016,3,0,0,0,0,2,2,65,3,1,2,1,0,0,14,6,99,3,4,2,"777777777777","777777777777","777777777777",1,0
42,420330,1,2,1,7,5,23,2,12,2,1,0,36,1,20,481,20481,31,2014,"1GCVKRECXEZ3","1","G","C","V","K","R","E","C","X","E","Z","3",0,0,0,"000000000","00000000000",0,0,0,1,0,0,0,0,0,0,0,62,0,0,0,12,6,2,12,0,0,1,1,36,13903,6,1,6,0,3,0,999,999,1,0,0,0,0,5,2014,5,2014,0,0,0,0,0,2,2,65,1,1,2,1,0,0,1,54,1,1,1,50,"777777777777","777777777777","777777777777",1,1
42,420330,2,2,8,7,5,23,2,12,2,1,0,36,4,63,441,63441,20,2016,"KNDMB5C13G61","K","N","D","M","B","5","C","1","3","G","6","1",0,0,0,"000000000","00000000000",0,0,0,1,0,0,0,0,0,0,0,999,0,0,0,12,6,2,12,0,0,0,1,6,94109,6,1,0,0,3,0,999,999,0,0,0,0,0,0,0,0,0,0,0,0,0,0,2,2,65,1,1,2,1,0,0,1,54,98,1,1,51,"777777777777","777777777777","777777777777",2,0
42,420331,1,2,7,1,5,15,53,12,2,1,0,42,9,41,50,41050,4,2005,"1YVFP80C455M","1","Y","V","F","P","8","0","C","4","5","5","M",0,0,0,"000000000","00000000000",0,0,0,1,0,0,0,0,0,0,0,999,0,0,0,12,6,2,12,0,0,0,1,99,99999,9,9,99,9,9,9,999,999,99,99,99,99,99,99,9999,99,9999,0,99,99,99,99,2,2,35,3,1,2,2,0,0,14,10,99,1,2,50,"777777777777","777777777777","777777777777",3,0
42,420331,2,2,2,1,5,15,53,12,2,1,0,42,1,41,51,41051,5,2008,"JM1BK3443818","J","M","1","B","K","3","4","4","3","8","1","8",0,0,0,"000000000","00000000000",0,0,0,1,0,0,0,0,0,0,0,999,0,0,0,12,6,2,12,0,0,0,1,42,19128,6,1,0,0,3,0,66,999,0,0,0,0,0,0,0,0,0,0,0,0,0,0,2,2,35,2,1,2,2,0,0,14,62,99,1,1,51,"777777777777","777777777777","777777777777",0,0
42,420332,1,1,1,22,5,17,45,1,0,1,0,42,1,20,39,20039,4,2006,"KL1TD66666B6","K","L","1","T","D","6","6","6","6","6","B","6",0,0,0,"000000000","00000000000",0,0,0,1,0,0,0,0,0,0,0,999,0,1,5,0,6,2,1,0,0,0,1,42,18518,6,1,0,0,3,0,60,999,0,0,0,1,4,8,2011,4,2016,0,99,99,99,99,1,2,35,1,1,2,2,0,0,1,9,98,5,4,2,"777777777777","777777777777","777777777777",1,0
42,420333,1,1,1,18,5,1,9,11,0,1,0,19,3,84,884,84884,66,2014,"3HSDJSJR3EN7","3","H","S","D","J","S","J","R","3","E","N","7",1,1,57,"00055787","5700055787",3,6,2,2,2,8888,8,2,0,0,0,55,0,1,2,12,6,2,2,0,0,1,1,54,25401,6,1,6,1,3,3,68,230,0,0,0,0,0,0,0,0,0,0,0,0,0,0,1,2,55,1,6,2,1,0,0,1,87,99,1,1,13,"888888888888","777777777777","777777777777",1,0
42,420334,1,1,1,12,5,23,20,8,0,1,0,42,1,55,33,55033,4,2013,"5NPEC4AC8DH6","5","N","P","E","C","4","A","C","8","D","H","6",0,0,0,"000000000","00000000000",0,0,0,1,0,0,0,0,0,0,0,999,0,0,0,12,4,3,8,0,0,0,1,42,19132,0,0,0,0,0,0,67,999,0,0,0,0,0,0,0,0,0,0,0,0,0,0,2,3,40,1,1,2,1,2,3,1,80,16,1,1,13,"777777777777","777777777777","777777777777",0,0
42,420335,1,2,1,13,5,16,47,12,1,1,0,42,3,7,881,7881,61,2014,"3C7WRMDL3EG3","3","C","7","W","R","M","D","L","3","E","G","3",0,0,57,"02157990","5702157990",2,1,3,1,0,0,0,0,0,0,0,55,0,0,0,12,6,2,12,0,0,0,1,42,16226,6,1,0,0,3,1,65,999,0,1,0,1,0,8,2013,8,2013,0,0,0,0,0,1,4,55,2,1,2,1,0,0,14,50,16,2,1,20,"777777777777","777777777777","777777777777",0,0
42,420335,2,2,1,13,5,16,47,12,1,1,0,42,1,21,2,21002,4,1997,"1G3HN52K7V48","1","G","3","H","N","5","2","K","7","V","4","8",0,0,0,"000000000","00000000000",0,0,0,1,0,0,0,0,0,0,0,0,0,0,0,6,6,2,12,0,0,0,1,42,16002,6,1,0,0,3,0,61,999,0,0,0,0,0,0,0,0,0,0,0,0,0,0,1,4,55,2,1,2,1,0,0,5,53,1,1,1,22,"777777777777","777777777777","777777777777",1,0
42,420336,1,2,2,26,5,20,6,12,6,1,0,92,0,76,739,76739,90,2000,"JY4AJ03W5YA0","J","Y","4","A","J","0","3","W","5","Y","A","0",0,0,0,"000000000","00000000000",0,0,0,1,0,0,0,0,0,0,0,999,0,0,0,10,6,2,12,0,0,0,1,42,17853,6,1,6,0,1,0,72,999,0,0,0,1,0,11,2013,11,2013,0,38,18,0,0,0,0,0,0,0,0,0,0,0,11,15,7,1,1,82,"777777777777","777777777777","777777777777",1,1
42,420336,2,2,1,26,5,20,6,12,6,1,0,42,1,72,706,72706,80,2001,"1HD1BWB131Y0","1","H","D","1","B","W","B","1","3","1","Y","0",0,0,0,"000000000","00000000000",0,0,0,1,0,0,0,0,0,0,0,999,0,0,0,12,6,2,12,0,0,0,1,42,17842,6,7,0,0,3,2,73,999,0,0,0,0,0,0,0,0,0,0,73,0,0,0,1,2,45,1,1,2,1,0,0,1,72,8,2,2,83,"777777777777","777777777777","777777777777",0,0
42,420337,1,2,1,2,5,12,12,12,2,1,0,42,2,35,43,35043,4,2007,"3N1AB61E07L6","3","N","1","A","B","6","1","E","0","7","L","6",0,0,0,"000000000","00000000000",0,0,0,1,0,0,0,0,0,0,0,999,0,0,0,12,6,2,12,0,0,0,1,42,18088,6,1,0,0,3,0,61,999,0,0,0,0,0,0,0,0,0,4,28,0,0,0,1,2,45,3,6,2,7,40,3,14,10,9,2,2,52,"777777777777","777777777777","777777777777",0,0
42,420337,2,2,1,2,5,12,12,12,2,1,0,42,1,6,441,6441,20,2007,"2A8GP54L47R2","2","A","8","G","P","5","4","L","4","7","R","2",0,0,0,"000000000","00000000000",0,0,0,1,0,0,0,0,0,0,0,999,0,0,0,12,6,2,12,0,0,0,1,42,18052,6,1,0,0,3,0,64,999,0,0,0,0,0,0,0,0,0,0,0,0,0,0,1,2,45,1,5,2,7,0,0,1,62,99,1,1,52,"777777777777","777777777777","777777777777",1,0
42,420338,1,1,1,21,5,1,36,35,0,1,0,42,2,12,37,12037,4,2008,"1FAHP35NX8W1","1","F","A","H","P","3","5","N","X","8","W","1",0,0,0,"000000000","00000000000",0,0,0,1,0,0,0,0,0,0,0,80,0,1,5,12,6,2,42,0,0,0,1,42,16901,1,1,1,0,2,0,72,999,1,1,0,0,1,5,2014,10,2014,4,0,0,0,0,1,2,35,3,6,2,1,0,0,14,11,6,4,4,7,"777777777777","777777777777","777777777777",1,1
42,420339,1,2,1,31,5,22,20,12,6,1,0,42,2,34,706,34706,80,2011,"WB1051707BZV","W","B","1","0","5","1","7","0","7","B","Z","V",0,0,0,"000000000","00000000000",0,0,0,1,0,0,0,0,0,0,0,999,0,0,0,12,6,2,12,0,0,0,1,42,19120,0,0,0,0,0,0,70,999,0,0,0,0,0,0,0,0,0,0,99,99,99,99,1,2,25,1,1,2,1,20,3,1,66,99,1,1,86,"777777777777","777777777777","777777777777",1,0
42,420339,2,2,2,31,5,22,20,12,6,1,0,42,1,34,34,34034,2,2004,"WBABD33414PL","W","B","A","B","D","3","3","4","1","4","P","L",0,0,0,"000000000","00000000000",0,0,0,1,0,0,0,0,0,0,0,999,9,0,0,2,6,2,12,0,0,0,1,42,19401,6,1,6,0,3,0,73,999,1,0,0,0,0,3,2015,3,2015,0,99,99,99,99,1,2,25,1,1,2,1,20,3,1,66,99,1,1,87,"777777777777","777777777777","777777777777",0,1
42,420340,1,2,1,28,5,0,38,1,0,1,0,42,2,53,706,53706,80,2005,"JS1GW71A0521","J","S","1","G","W","7","1","A","0","5","2","1",0,0,0,"000000000","00000000000",0,0,0,1,0,0,0,0,0,0,0,999,0,0,0,0,6,2,12,0,0,0,1,42,19120,6,1,0,0,2,0,70,999,0,0,0,0,0,0,0,0,0,3,0,0,0,0,1,2,30,1,5,2,1,3,3,1,6,99,1,2,98,"777777777777","777777777777","777777777777",1,0
42,420340,2,2,1,28,5,0,38,1,0,1,0,42,1,35,49,35049,6,2004,"JN8AZ08W14W3","J","N","8","A","Z","0","8","W","1","4","W","3",0,0,0,"000000000","00000000000",0,0,0,1,0,0,0,0,0,0,0,999,0,0,0,5,2,5,12,0,0,0,1,42,19120,6,1,0,0,3,0,65,999,0,0,0,0,0,0,0,0,0,0,0,0,0,0,1,2,30,1,6,2,1,3,3,11,63,99,1,1,98,"777777777777","777777777777","777777777777",0,0
42,420341,1,1,1,3,5,15,47,42,0,1,0,42,1,23,481,23481,31,2002,"1GTEC14W52Z2","1","G","T","E","C","1","4","W","5","2","Z","2",0,0,0,"000000000","00000000000",0,0,0,1,0,0,0,0,0,0,0,40,0,0,0,3,6,2,42,0,0,0,1,42,17758,6,1,0,0,3,0,71,999,0,0,0,0,0,0,0,0,0,0,0,0,0,0,1,2,40,3,5,2,1,0,0,14,13,1,1,4,1,"777777777777","777777777777","777777777777",1,0
42,420342,1,1,2,13,5,17,44,52,0,1,0,36,2,49,46,49046,5,2011,"JTDKN3DUXB02","J","T","D","K","N","3","D","U","X","B","0","2",0,0,0,"000000000","00000000000",0,0,0,1,0,0,0,0,0,0,0,65,0,0,0,12,6,2,52,0,0,0,1,36,10964,6,1,0,0,3,3,999,999,0,0,0,0,0,0,0,0,0,0,6,0,0,0,3,2,65,1,1,1,1,0,0,1,12,1,4,4,7,"777777777777","777777777777","777777777777",1,0