"STATE","ST_CASE","VEH_NO","VE_FORMS","NUMOCCS","DAY","MONTH","HOUR","MINUTE","HARM_EV","MAN_COLL","UNITTYPE","HIT_RUN","REG_STAT","OWNER","MAKE","MODEL","MAK_MOD","BODY_TYP","MOD_YEAR","VIN","VIN_1","VIN_2","VIN_3","VIN_4","VIN_5","VIN_6","VIN_7","VIN_8","VIN_9","VIN_10","VIN_11","VIN_12","TOW_VEH","J_KNIFE","MCARR_I1","MCARR_I2","MCARR_ID","GVWR","V_CONFIG","CARGO_BT","HAZ_INV","HAZ_PLAC","HAZ_ID","HAZ_CNO","HAZ_REL","BUS_USE","SPEC_USE","EMER_USE","TRAV_SP","UNDERIDE","ROLLOVER","ROLINLOC","IMPACT1","DEFORMED","TOWED","M_HARM","VEH_SC1","VEH_SC2","FIRE_EXP","DR_PRES","L_STATE","DR_ZIP","L_STATUS","L_TYPE","CDL_STAT","L_ENDORS","L_COMPL","L_RESTRI","DR_HGT","DR_WGT","PREV_ACC","PREV_SUS","PREV_DWI","PREV_SPD","PREV_OTH","FIRST_MO","FIRST_YR","LAST_MO","LAST_YR","SPEEDREL","DR_SF1","DR_SF2","DR_SF3","DR_SF4","VTRAFWAY","VNUM_LAN","VSPD_LIM","VALIGN","VPROFILE","VPAVETYP","VSURCOND","VTRAFCON","VTCONT_F","P_CRASH1","P_CRASH2","P_CRASH3","PCRASH4","PCRASH5","ACC_TYPE","TRLR1VIN","TRLR2VIN","TRLR3VIN","DEATHS","DR_DRINK"
42,420343,1,2,1,25,4,14,55,25,0,1,0,34,2,49,44,49044,1,2006,"4T1FA38P96U1","4","T","1","F","A","3","8","P","9","6","U","1",0,0,0,"000000000","00000000000",0,0,0,1,0,0,0,0,0,0,0,75,9,0,0,8,6,2,12,0,0,0,1,34,8057,6,2,0,0,9,0,65,999,0,0,0,0,0,0,0,0,0,4,0,0,0,0,3,3,65,1,1,2,1,0,0,1,6,16,2,4,7,"777777777777","777777777777","777777777777",1,0
42,420343,2,2,1,25,4,14,55,25,0,1,0,24,3,87,884,87884,66,2016,"1XPBDP9X2GD2","1","X","P","B","D","P","9","X","2","G","D","2",1,1,57,"00548880","5700548880",3,6,1,1,0,0,0,0,0,0,0,60,0,1,5,8,6,2,1,0,0,0,1,26,49022,6,1,6,0,3,0,72,250,0,0,0,0,0,0,0,0,0,0,0,0,0,0,3,3,65,1,1,2,1,0,0,1,60,1,1,1,98,"888888888888","777777777777","777777777777",0,0
42,420344,1,1,3,15,5,0,54,53,0,1,0,42,1,30,46,30046,4,1998,"WVWMA63B4WE1","W","V","W","M","A","6","3","B","4","W","E","1",0,0,0,"000000000","00000000000",0,0,0,1,0,0,0,0,0,0,0,999,0,0,0,4,6,2,42,0,0,0,1,42,15129,6,1,0,0,3,1,66,999,0,0,0,0,0,0,0,0,0,3,0,0,0,0,1,2,35,3,6,2,2,0,0,14,6,1,4,4,2,"777777777777","777777777777","777777777777",1,1
42,420345,1,1,2,30,5,8,15,1,0,1,0,39,2,7,442,7442,20,2003,"1D4GP44333B2","1","D","4","G","P","4","4","3","3","3","B","2",0,0,0,"000000000","00000000000",0,0,0,1,0,0,0,0,0,0,0,90,0,2,5,0,6,2,1,0,0,0,1,39,44510,6,1,0,0,3,3,75,240,0,0,0,0,0,0,0,0,0,5,6,0,0,0,3,2,70,3,6,2,1,0,0,14,13,1,1,4,1,"777777777777","777777777777","777777777777",1,0
42,420346,1,1,1,6,5,20,28,34,0,1,0,42,1,12,481,12481,31,2000,"1FTRX18L9YNC","1","F","T","R","X","1","8","L","9","Y","N","C",0,0,0,"000000000","00000000000",0,0,0,1,0,0,0,0,0,0,0,55,0,0,0,2,6,2,42,0,0,0,1,42,16314,6,1,0,0,3,0,71,999,0,0,0,0,0,0,0,0,0,0,0,0,0,0,1,2,55,1,1,2,1,0,0,1,13,1,1,4,1,"777777777777","777777777777","777777777777",1,1
42,420347,1,1,1,12,5,0,10,1,0,1,0,42,1,20,37,20037,4,2006,"1G1ZS53846F1","1","G","1","Z","S","5","3","8","4","6","F","1",0,0,0,"000000000","00000000000",0,0,0,1,0,0,0,0,0,0,0,999,0,2,5,0,6,2,1,0,0,0,1,42,19601,6,1,0,0,3,0,69,999,0,0,1,0,0,10,2012,10,2012,3,0,0,0,0,3,2,55,3,1,2,1,0,0,14,13,1,1,4,1,"777777777777","777777777777","777777777777",1,0
42,420348,1,1,1,17,5,17,43,42,0,1,0,42,1,22,22,22022,4,2005,"1G2ZG528X541","1","G","2","Z","G","5","2","8","X","5","4","1",0,0,0,"000000000","00000000000",0,0,0,1,0,0,0,0,0,0,0,60,0,0,0,12,6,2,42,0,0,0,1,42,16001,6,1,0,0,3,3,73,999,0,0,0,0,0,0,0,0,0,0,0,0,0,0,1,2,55,1,5,2,1,0,0,1,12,1,1,4,6,"777777777777","777777777777","777777777777",1,0
42,420349,1,1,1,1,6,10,50,9,0,1,0,42,3,12,462,12462,21,2015,"1FTNR2XM2FKA","1","F","T","N","R","2","X","M","2","F","K","A",0,0,0,"000000000","00000000000",0,0,0,1,0,0,0,0,0,0,0,55,0,0,0,1,2,3,9,0,0,0,1,42,16601,6,1,0,0,3,3,72,999,0,0,0,0,0,0,0,0,0,0,99,99,99,99,1,2,55,1,5,2,1,0,0,1,83,99,1,1,13,"777777777777","777777777777","777777777777",0,0
42,420350,1,1,1,9,6,23,33,1,0,1,0,42,1,72,706,72706,80,2012,"1HD1KBM1XCB6","1","H","D","1","K","B","M","1","X","C","B","6",0,0,0,"000000000","00000000000",0,0,0,1,0,0,0,0,0,0,0,51,0,0,0,0,4,3,1,0,0,0,1,42,15701,6,1,0,0,3,0,70,999,0,0,0,0,0,0,0,0,0,4,0,0,0,0,1,2,25,1,1,2,1,20,3,1,6,16,9,1,98,"777777777777","777777777777","777777777777",1,1
42,420351,1,1,1,9,6,22,28,35,0,1,0,42,1,12,481,12481,40,1995,"2FDHF38G3SCA","2","F","D","H","F","3","8","G","3","S","C","A",0,0,0,"000000000","00000000000",0,0,0,1,0,0,0,0,0,0,0,999,0,1,5,14,6,2,35,0,0,0,1,42,18901,6,1,0,0,3,0,61,999,3,0,0,0,1,1,2015,2,2015,4,0,0,0,0,1,2,45,2,1,2,1,0,0,14,6,7,3,4,2,"777777777777","777777777777","777777777777",1,1
42,420352,1,1,1,23,6,12,49,35,0,1,0,92,0,37,739,37739,90,9999,"000000000000","0","0","0","0","0","0","0","0","0","0","0","0",0,0,0,"000000000","00000000000",0,0,0,1,0,0,0,0,0,0,0,35,0,1,5,12,6,2,1,0,0,0,1,42,15469,3,1,0,0,1,0,69,999,0,0,0,0,0,0,0,0,0,4,0,0,0,0,1,2,45,1,1,1,1,0,0,1,6,9,3,4,7,"777777777777","777777777777","777777777777",1,0
42,420353,1,1,2,27,6,7,9,25,0,1,0,42,1,54,38,54038,3,2003,"JH4DC530X3C0","J","H","4","D","C","5","3","0","X","3","C","0",0,0,0,"000000000","00000000000",0,0,0,1,0,0,0,0,0,0,0,999,0,1,5,11,6,2,1,0,0,0,1,42,15236,6,1,0,0,3,0,72,999,0,0,0,0,0,0,0,0,0,5,0,0,0,0,3,2,45,3,1,2,1,0,0,14,10,99,1,4,6,"777777777777","777777777777","777777777777",2,0
42,420354,1,1,5,13,5,23,41,39,0,1,0,42,2,7,25,7025,5,2010,"1B3CB4HAXAD5","1","B","3","C","B","4","H","A","X","A","D","5",0,0,0,"000000000","00000000000",0,0,0,1,0,0,0,0,0,0,0,999,0,1,6,3,6,2,39,0,0,0,1,42,17522,6,1,0,0,3,0,65,999,0,0,0,0,0,0,0,0,0,3,0,0,0,0,1,2,35,2,5,2,1,0,0,14,12,7,9,4,7,"777777777777","777777777777","777777777777",1,0
42,420355,1,1,1,27,5,21,26,33,0,1,0,42,1,50,706,50706,80,1998,"SMT502FK0WJ0","S","M","T","5","0","2","F","K","0","W","J","0",0,0,0,"000000000","00000000000",0,0,0,1,0,0,0,0,0,0,0,999,0,0,0,1,6,2,30,0,0,0,1,42,16508,6,1,0,0,3,0,67,999,0,0,0,0,0,0,0,0,0,0,99,99,99,99,1,5,35,3,1,2,1,0,0,14,13,16,2,4,2,"777777777777","777777777777","777777777777",1,0
42,420356,1,1,1,29,6,7,3,42,0,1,0,42,1,20,37,20037,4,2004,"1G1ND52F44M7","1","G","1","N","D","5","2","F","4","4","M","7",0,0,0,"000000000","00000000000",0,0,0,1,0,0,0,0,0,0,0,35,0,0,0,12,6,2,42,0,0,0,1,42,17070,6,1,0,0,3,0,68,999,0,0,0,0,0,0,0,0,0,4,30,0,0,0,1,2,35,1,1,2,1,0,0,1,13,1,1,4,98,"777777777777","777777777777","777777777777",1,0
42,420357,1,1,1,26,6,2,32,8,0,1,1,42,2,49,402,49402,14,2004,"JTEHD20V5460","J","T","E","H","D","2","0","V","5","4","6","0",0,0,0,"000000000","00000000000",0,0,0,1,0,0,0,0,0,0,0,999,0,0,0,11,2,5,8,0,0,0,1,42,17967,6,1,0,0,3,0,72,999,1,0,0,1,0,9,2011,2,2012,0,0,0,0,0,1,4,35,1,1,2,1,2,3,1,80,1,1,1,13,"777777777777","777777777777","777777777777",0,1
42,420358,1,2,1,28,6,22,42,8,0,1,0,42,1,49,44,49044,2,2004,"4T1CE30P14U8","4","T","1","C","E","3","0","P","1","4","U","8",0,0,0,"000000000","00000000000",0,0,0,1,0,0,0,0,0,0,0,999,0,0,0,1,2,3,8,0,0,0,1,42,19145,6,1,0,0,3,3,61,999,1,0,0,0,1,4,2012,10,2012,0,0,0,0,0,1,2,25,1,5,2,1,2,3,1,80,1,1,1,13,"777777777777","777777777777","777777777777",0,0
42,420358,2,2,1,28,6,22,42,8,0,1,0,42,1,35,39,35039,4,2013,"1N4AA5APXDC8","1","N","4","A","A","5","A","P","X","D","C","8",0,0,0,"000000000","00000000000",0,0,0,1,0,0,0,0,0,0,0,999,0,0,0,14,2,3,8,0,0,0,1,42,19082,6,1,0,0,3,3,70,999,0,0,0,0,0,0,0,0,0,0,0,0,0,0,1,2,25,1,5,2,1,2,3,1,80,1,1,1,98,"777777777777","777777777777","777777777777",0,0
42,420359,1,1,1,18,5,14,17,42,0,1,0,42,2,18,7,18007,4,1999,"2G4WS52M0X14","2","G","4","W","S","5","2","M","0","X","1","4",0,0,0,"000000000","00000000000",0,0,0,1,0,0,0,0,0,0,0,45,0,0,0,9,6,2,42,0,0,0,1,42,17015,6,1,0,0,3,0,62,999,0,0,0,2,0,10,2014,8,2015,5,0,0,0,0,1,2,30,1,6,2,1,0,0,1,6,1,3,4,2,"777777777777","777777777777","777777777777",1,0
42,420360,1,2,2,14,6,7,33,12,6,1,0,42,3,35,461,35461,21,2016,"1N6BF0KM3GN8","1","N","6","B","F","0","K","M","3","G","N","8",0,0,0,"000000000","00000000000",0,0,0,1,0,0,0,0,0,0,0,15,0,0,0,5,4,5,12,0,0,0,1,42,17603,6,1,0,0,3,3,78,999,0,0,0,0,0,0,0,0,0,0,0,0,0,0,6,2,45,1,1,2,1,0,0,11,15,1,1,1,68,"777777777777","777777777777","777777777777",0,0
42,420360,2,2,1,14,6,7,33,12,6,1,0,42,1,53,706,53706,80,2003,"JS1VT54A4321","J","S","1","V","T","5","4","A","4","3","2","1",0,0,0,"000000000","00000000000",0,0,0,1,0,0,0,0,0,0,0,40,0,0,0,12,6,2,12,0,0,0,1,42,17078,6,1,0,0,3,3,72,999,0,0,0,0,0,0,0,0,0,0,0,0,0,0,6,2,45,1,1,2,1,0,0,1,67,16,1,1,69,"777777777777","777777777777","777777777777",1,0
42,420361,1,1,1,2,6,14,14,31,0,1,0,42,1,35,51,35051,6,2016,"5N1AT2MV3GC7","5","N","1","A","T","2","M","V","3","G","C","7",0,0,0,"000000000","00000000000",0,0,0,1,0,0,0,0,0,0,0,999,0,0,0,1,6,2,14,0,0,0,1,42,15136,6,1,0,0,3,0,74,999,0,0,0,0,0,0,0,0,0,0,6,0,0,0,5,3,35,2,1,2,1,0,0,14,8,1,1,5,4,"777777777777","777777777777","777777777777",1,0
42,420362,1,2,1,10,6,11,42,12,2,1,0,42,1,48,34,48034,4,2014,"4S3BMBC65E30","4","S","3","B","M","B","C","6","5","E","3","0",0,0,0,"000000000","00000000000",0,0,0,1,0,0,0,0,0,0,0,40,0,0,0,12,6,2,12,0,0,0,1,42,19475,6,1,0,0,3,0,62,999,1,0,0,0,0,7,2015,7,2015,0,0,0,0,0,1,2,45,2,6,2,1,0,0,14,10,1,1,2,50,"777777777777","777777777777","777777777777",1,0
42,420362,2,2,1,10,6,11,42,12,2,1,0,42,3,87,884,87884,78,2006,"1NPAXBEX66N8","1","N","P","A","X","B","E","X","6","6","N","8",0,0,57,"01352891","5701352891",3,19,98,1,0,0,0,0,0,0,0,35,0,0,0,12,6,2,12,0,0,0,1,42,19505,6,1,0,0,3,3,71,999,0,0,0,0,0,0,0,0,0,0,0,0,0,0,1,2,45,1,5,2,1,0,0,1,62,8,1,1,51,"777777777777","777777777777","777777777777",0,0
42,420363,1,2,2,25,6,16,0,12,6,1,0,42,1,9,19,9019,4,1993,"3P3XA46K0PT5","3","P","3","X","A","4","6","K","0","P","T","5",0,0,0,"000000000","00000000000",0,0,0,1,0,0,0,0,0,0,0,20,0,0,0,9,6,2,12,0,0,0,1,42,17331,6,1,0,0,3,0,69,999,0,0,0,0,0,0,0,0,0,0,39,0,0,0,1,2,25,1,1,2,1,20,3,1,17,1,1,1,89,"777777777777","777777777777","777777777777",1,0
42,420363,2,2,3,25,6,16,0,12,6,1,0,42,1,67,32,67032,3,2014,"JTKJF5C75E30","J","T","K","J","F","5","C","7","5","E","3","0",0,0,0,"000000000","00000000000",0,0,0,1,0,0,0,0,0,0,0,45,0,0,0,12,6,2,12,0,0,0,1,42,17331,6,1,0,0,3,3,66,999,0,0,0,0,0,0,0,0,0,0,0,0,0,0,1,2,45,1,1,2,1,0,0,1,66,1,1,1,88,"777777777777","777777777777","777777777777",0,0
42,420364,1,1,2,16,3,21,43,1,0,1,0,42,2,2,403,2403,14,2000,"1J4FA49S4YP7","1","J","4","F","A","4","9","S","4","Y","P","7",0,0,0,"000000000","00000000000",0,0,0,1,0,0,0,0,0,0,0,999,0,2,3,0,6,2,1,0,0,0,1,42,17055,6,1,0,0,3,0,62,999,0,0,0,0,0,0,0,0,0,3,0,0,0,0,2,2,55,1,1,2,1,0,0,1,12,98,1,4,6,"777777777777","777777777777","777777777777",2,1
42,420365,1,2,1,5,6,16,25,12,6,1,0,42,1,14,21,14021,4,2009,"3MEHM07Z09R6","3","M","E","H","M","0","7","Z","0","9","R","6",0,0,0,"000000000","00000000000",0,0,0,1,0,0,0,0,0,0,0,5,0,0,0,8,6,2,12,0,0,0,1,42,18302,6,1,0,0,3,0,66,999,0,0,0,0,0,0,0,0,0,0,38,0,0,0,1,2,55,1,1,2,2,0,0,11,15,1,1,1,82,"777777777777","777777777777","777777777777",1,0
42,420365,2,2,2,5,6,16,25,12,6,1,0,42,2,54,39,54039,4,2008,"JH4CL96978C0","J","H","4","C","L","9","6","9","7","8","C","0",0,0,0,"000000000","00000000000",0,0,0,1,0,0,0,0,0,0,0,35,0,0,0,12,6,2,12,0,0,0,1,42,18336,6,1,0,0,3,0,75,999,0,0,0,0,0,0,0,0,0,5,0,0,0,0,1,2,25,2,6,2,2,0,0,14,67,7,1,4,83,"777777777777","777777777777","777777777777",0,0
42,420366,1,2,1,17,3,21,9,12,1,1,0,42,1,52,35,52035,4,2001,"JA3AY26C01U0","J","A","3","A","Y","2","6","C","0","1","U","0",0,0,0,"000000000","00000000000",0,0,0,1,0,0,0,0,0,0,0,65,1,0,0,12,6,2,12,0,0,0,1,42,15232,6,1,0,0,3,0,70,999,0,1,0,0,0,4,2011,4,2011,3,0,0,0,0,2,2,55,1,1,2,1,40,2,1,51,1,1,1,24,"777777777777","777777777777","777777777777",1,0
42,420366,2,2,1,17,3,21,9,12,1,1,0,8,1,7,482,7482,31,2003,"3D7MU48C23G8","3","D","7","M","U","4","8","C","2","3","G","8",1,1,57,"00273286","5700273286",2,4,97,1,0,0,0,0,0,0,0,45,0,0,0,6,4,3,12,0,0,0,1,8,80127,6,1,0,0,3,0,69,161,0,0,0,0,0,0,0,0,0,0,28,45,0,0,2,2,55,1,1,2,1,40,2,1,53,1,1,1,25,"888888888888","777777777777","777777777777",0,0
42,420367,1,2,1,20,6,8,23,12,6,1,0,42,1,21,2,21002,4,1998,"1G3HN52K7W48","1","G","3","H","N","5","2","K","7","W","4","8",0,0,0,"000000000","00000000000",0,0,0,1,0,0,0,0,0,0,0,25,0,0,0,3,6,2,12,0,0,0,1,42,16057,6,1,0,0,3,0,64,999,0,0,0,0,0,0,0,0,0,0,39,0,0,0,1,2,35,1,6,2,1,20,3,1,17,1,1,1,87,"777777777777","777777777777","777777777777",1,0
42,420367,2,2,2,20,6,8,23,12,6,1,0,42,3,7,881,7881,62,2008,"3D6WD76A08G1","3","D","6","W","D","7","6","A","0","8","G","1",1,1,57,"02114027","5702114027",2,4,4,1,0,0,0,0,0,0,0,55,0,0,0,12,6,2,12,0,0,0,1,42,16342,6,1,6,0,3,2,67,999,0,0,0,0,0,0,0,0,0,0,74,0,0,0,1,2,55,1,6,2,1,0,0,1,66,7,1,1,86,"4WXBE262XF10","777777777777","777777777777",0,0
42,420368,1,2,1,20,6,12,30,12,6,1,0,42,1,55,33,55033,4,2011,"5NPEB4AC7BH2","5","N","P","E","B","4","A","C","7","B","H","2",0,0,0,"000000000","00000000000",0,0,0,1,0,0,0,0,0,0,0,10,0,0,0,2,6,2,12,0,0,0,1,42,19473,6,1,0,0,3,3,68,999,0,0,0,0,0,0,0,0,0,0,38,0,0,0,1,2,25,1,1,2,1,20,3,1,17,1,1,1,87,"777777777777","777777777777","777777777777",1,0
42,420368,2,2,2,20,6,12,30,12,6,1,0,42,3,7,881,7881,61,2014,"3C7WRKAJ3EG2","3","C","7","W","R","K","A","J","3","E","G","2",0,0,88,"888888888","88888888888",2,1,96,1,0,0,0,0,0,0,0,25,0,0,0,12,6,2,12,0,0,0,1,42,18053,6,1,0,0,3,3,64,999,0,0,0,1,0,3,2013,3,2013,0,0,0,0,0,1,2,35,1,1,2,1,0,0,1,66,15,1,1,86,"777777777777","777777777777","777777777777",0,0
42,420369,1,2,1,28,6,21,49,12,6,1,0,42,1,98,706,98706,80,9999,"SW122427PA","S","W","1","2","2","4","2","7","P","A","","",0,0,0,"000000000","00000000000",0,0,0,1,0,0,0,0,0,0,0,45,0,0,0,12,6,2,12,0,0,0,1,42,15110,4,1,0,0,2,2,72,999,0,0,1,0,0,5,2013,5,2013,3,52,74,0,0,1,2,25,1,1,2,1,0,0,1,62,99,1,1,93,"777777777777","777777777777","777777777777",1,1
42,420369,2,2,1,28,6,21,49,12,6,1,0,42,1,55,33,55033,4,2011,"5NPEC4AC3BH2","5","N","P","E","C","4","A","C","3","B","H","2",0,0,0,"000000000","00000000000",0,0,0,1,0,0,0,0,0,0,0,5,0,0,0,9,4,5,12,0,0,0,1,42,15122,6,1,0,0,3,0,64,999,0,0,0,0,0,0,0,0,0,0,0,0,0,0,1,2,25,1,1,2,1,0,0,13,98,1,1,1,92,"777777777777","777777777777","777777777777",0,0
42,420370,1,2,1,8,6,7,10,12,6,1,0,42,2,49,40,49040,4,2005,"4T1BE30K75U5","4","T","1","B","E","3","0","K","7","5","U","5",0,0,0,"000000000","00000000000",0,0,0,1,0,0,0,0,0,0,0,999,0,0,0,12,6,2,12,0,0,0,1,42,17603,1,1,0,0,2,0,70,999,1,0,0,1,1,11,2014,5,2015,0,28,0,0,0,5,3,45,1,1,2,1,0,0,1,8,1,1,2,64,"777777777777","777777777777","777777777777",1,0
42,420370,2,2,2,8,6,7,10,12,6,1,0,42,3,20,481,20481,31,2004,"1GBHC24U64E2","1","G","B","H","C","2","4","U","6","4","E","2",0,0,0,"000000000","00000000000",0,0,0,1,0,0,0,0,0,0,0,35,0,0,0,11,6,2,12,0,0,0,1,42,17603,1,1,0,0,2,0,69,999,0,0,0,0,1,7,2011,7,2011,0,0,0,0,0,5,3,45,1,1,2,1,0,0,1,62,15,1,1,65,"777777777777","777777777777","777777777777",0,0
42,420371,1,2,2,18,6,11,28,12,6,1,0,42,1,49,32,49032,4,1990,"2T1AE91A8LC0","2","T","1","A","E","9","1","A","8","L","C","0",0,0,0,"000000000","00000000000",0,0,0,1,0,0,0,0,0,0,0,999,0,0,0,3,6,2,12,0,0,0,1,42,17042,6,1,0,0,3,0,61,999,0,0,0,0,0,0,0,0,0,0,39,0,0,0,1,2,35,1,1,2,1,20,3,1,17,1,1,1,87,"777777777777","777777777777","777777777777",1,0
42,420371,2,2,4,18,6,11,28,12,6,1,0,42,1,49,402,49402,14,2006,"JTMBD31V9650","J","T","M","B","D","3","1","V","9","6","5","0",0,0,0,"000000000","00000000000",0,0,0,1,0,0,0,0,0,0,0,35,0,0,0,12,6,2,12,0,0,0,1,42,17046,6,1,0,0,3,0,68,999,0,0,0,0,0,0,0,0,0,0,0,0,0,0,1,2,35,1,1,2,1,0,0,1,66,1,1,1,86,"777777777777","777777777777","777777777777",0,0
42,420372,1,2,1,4,6,5,28,12,2,1,0,42,1,30,40,30040,4,2012,"3VWDP7AJ5CM3","3","V","W","D","P","7","A","J","5","C","M","3",0,0,0,"000000000","00000000000",0,0,0,1,0,0,0,0,0,0,0,999,0,0,0,12,6,2,12,0,0,0,1,42,15227,6,1,0,0,3,3,73,999,0,0,0,0,0,0,0,0,0,3,51,0,0,0,1,4,35,2,1,2,1,0,0,14,54,1,1,1,52,"777777777777","777777777777","777777777777",1,0
42,420372,2,2,2,4,6,5,28,12,2,1,0,42,1,19,18,19018,4,2003,"1G6DM57N5301","1","G","6","D","M","5","7","N","5","3","0","1",0,0,0,"000000000","00000000000",0,0,0,1,0,0,0,0,0,0,0,999,0,0,0,12,6,2,12,0,0,0,1,42,15235,0,0,0,0,0,0,64,999,0,0,0,0,0,0,0,0,0,0,0,0,0,0,1,4,35,1,1,2,1,0,0,1,54,99,1,3,52,"777777777777","777777777777","777777777777",1,0
42,420373,1,2,1,15,6,22,10,12,1,1,0,54,3,7,881,7881,61,2011,"3D6WU7EL8BG5","3","D","6","W","U","7","E","L","8","B","G","5",0,0,88,"888888888","88888888888",2,1,96,1,0,0,0,0,0,0,0,999,9,0,0,12,6,2,12,0,0,0,1,42,17737,6,1,6,0,3,1,72,999,3,0,0,1,0,1,2016,5,2016,0,99,99,99,99,1,6,45,1,1,2,1,3,3,1,50,1,1,1,20,"777777777777","777777777777","777777777777",0,0
42,420373,2,2,3,15,6,22,10,12,1,1,0,42,1,12,401,12401,14,2005,"1FMDU75W75ZA","1","F","M","D","U","7","5","W","7","5","Z","A",0,0,0,"000000000","00000000000",0,0,0,1,0,0,0,0,0,0,0,0,0,0,0,6,6,2,12,0,0,0,1,42,16602,6,1,0,0,3,3,67,999,0,0,0,0,0,0,0,0,0,0,0,0,0,0,1,6,45,1,1,2,1,0,0,5,53,1,1,1,21,"777777777777","777777777777","777777777777",2,0
42,420374,1,2,1,5,6,17,26,12,2,1,0,42,1,34,706,34706,80,2015,"WB10D2107FZ3","W","B","1","0","D","2","1","0","7","F","Z","3",0,0,0,"000000000","00000000000",0,0,0,1,0,0,0,0,0,0,0,999,0,0,0,12,6,2,12,0,0,0,1,42,15116,6,1,5,0,3,0,70,999,1,3,2,0,0,10,2011,1,2015,3,51,0,0,0,1,2,35,2,1,2,1,0,0,14,54,1,1,3,52,"777777777777","777777777777","777777777777",1,0
42,420374,2,2,2,5,6,17,26,12,2,1,0,42,2,53,404,53404,14,2005,"JS3TD62V6541","J","S","3","T","D","6","2","V","6","5","4","1",0,0,0,"000000000","00000000000",0,0,0,1,0,0,0,0,0,0,0,999,0,0,0,12,6,2,12,0,0,0,1,42,15238,6,1,0,0,3,1,69,999,0,0,0,0,0,0,0,0,0,0,0,0,0,0,1,2,35,1,1,2,1,0,0,1,54,15,9,3,52,"777777777777","777777777777","777777777777",0,0
42,420375,1,2,1,5,6,18,16,12,8,1,0,42,1,7,25,7025,5,2009,"1B3HB48A59D1","1","B","3","H","B","4","8","A","5","9","D","1",0,0,0,"000000000","00000000000",0,0,0,1,0,0,0,0,0,0,0,999,0,0,0,11,6,2,12,0,0,0,1,42,15239,6,1,0,0,3,3,69,999,0,0,0,0,0,0,0,0,0,0,28,0,0,0,1,2,35,3,1,2,1,0,0,14,10,1,1,2,64,"777777777777","777777777777","777777777777",1,0
42,420375,2,2,2,5,6,18,16,12,8,1,0,42,1,20,880,20880,67,1993,"1GBJC34KXPE1","1","G","B","J","C","3","4","K","X","P","E","1",0,0,88,"888888888","88888888888",2,1,96,1,0,0,0,0,0,0,0,999,0,0,0,9,6,2,12,0,0,0,1,42,15239,6,1,0,0,3,0,70,999,1,0,0,0,0,5,2016,5,2016,0,0,0,0,0,1,2,35,2,1,2,1,0,0,14,62,16,2,3,65,"777777777777","777777777777","777777777777",0,0
42,420376,1,1,1,1,6,1,17,8,0,1,0,42,1,37,32,37032,4,2016,"1HGCR2F32GA1","1","H","G","C","R","2","F","3","2","G","A","1",0,0,0,"000000000","00000000000",0,0,0,1,0,0,0,0,0,0,0,999,0,0,0,12,2,5,8,0,0,0,1,42,19140,6,1,0,0,3,0,66,999,0,0,0,0,0,0,0,0,0,0,0,0,0,0,1,2,25,1,1,2,1,0,0,2,80,15,1,1,13,"777777777777","777777777777","777777777777",0,0
42,420377,1,2,1,30,6,12,27,12,6,1,0,42,2,22,18,22018,4,2001,"1G2NW52E11C1","1","G","2","N","W","5","2","E","1","1","C","1",0,0,0,"000000000","00000000000",0,0,0,1,0,0,0,0,0,0,0,999,0,0,0,1,6,2,12,0,0,0,1,42,19014,6,1,0,0,3,3,66,999,0,0,0,0,0,0,0,0,0,0,39,0,0,0,1,4,40,1,1,2,1,3,1,1,17,99,1,1,79,"777777777777","777777777777","777777777777",0,0
42,420377,2,2,1,30,6,12,27,12,6,1,0,42,1,53,704,53704,80,2008,"JS1CK44A2821","J","S","1","C","K","4","4","A","2","8","2","1",0,0,0,"000000000","00000000000",0,0,0,1,0,0,0,0,0,0,0,999,0,0,0,12,6,2,12,0,0,0,1,42,19014,6,1,0,0,3,0,69,999,0,0,0,0,0,0,0,0,0,0,0,0,0,0,1,3,25,1,1,2,1,3,1,10,66,1,1,1,78,"777777777777","777777777777","777777777777",1,0
42,420378,1,2,1,20,6,13,19,12,6,1,0,42,1,12,481,12481,31,1993,"1FTEF15Y0PNB","1","F","T","E","F","1","5","Y","0","P","N","B",0,0,0,"000000000","00000000000",0,0,0,1,0,0,0,0,0,0,0,14,0,0,0,12,4,3,12,0,0,0,1,42,17110,6,1,0,0,3,0,70,999,0,0,0,0,0,0,0,0,0,0,38,0,0,0,1,2,25,1,1,2,1,20,3,11,15,1,1,1,82,"777777777777","777777777777","777777777777",0,0
42,420378,2,2,1,20,6,13,19,12,6,1,0,42,1,72,706,72706,80,1986,"1HD1EBL17GY1","1","H","D","1","E","B","L","1","7","G","Y","1",0,0,0,"000000000","00000000000",0,0,0,1,0,0,0,0,0,0,0,999,0,0,0,3,6,2,12,0,0,0,1,42,17110,6,1,0,0,3,0,70,999,0,0,0,0,0,0,0,0,0,0,0,0,0,0,1,4,35,1,1,2,1,0,0,1,67,6,1,2,83,"777777777777","777777777777","777777777777",1,0
42,420379,1,1,5,5,6,3,45,42,0,1,0,42,1,7,20,7020,4,2005,"1B3ES56C55D2","1","B","3","E","S","5","6","C","5","5","D","2",0,0,0,"000000000","00000000000",0,0,0,1,0,0,0,0,0,0,0,999,0,0,0,12,6,2,42,0,0,0,1,42,15681,6,1,0,0,3,1,70,999,0,0,0,1,1,11,2012,6,2015,3,6,0,0,0,1,2,45,2,5,2,1,0,0,14,6,16,2,4,7,"777777777777","777777777777","777777777777",1,1