"STATE","ST_CASE","VEH_NO","VE_FORMS","NUMOCCS","DAY","MONTH","HOUR","MINUTE","HARM_EV","MAN_COLL","UNITTYPE","HIT_RUN","REG_STAT","OWNER","MAKE","MODEL","MAK_MOD","BODY_TYP","MOD_YEAR","VIN","VIN_1","VIN_2","VIN_3","VIN_4","VIN_5","VIN_6","VIN_7","VIN_8","VIN_9","VIN_10","VIN_11","VIN_12","TOW_VEH","J_KNIFE","MCARR_I1","MCARR_I2","MCARR_ID","GVWR","V_CONFIG","CARGO_BT","HAZ_INV","HAZ_PLAC","HAZ_ID","HAZ_CNO","HAZ_REL","BUS_USE","SPEC_USE","EMER_USE","TRAV_SP","UNDERIDE","ROLLOVER","ROLINLOC","IMPACT1","DEFORMED","TOWED","M_HARM","VEH_SC1","VEH_SC2","FIRE_EXP","DR_PRES","L_STATE","DR_ZIP","L_STATUS","L_TYPE","CDL_STAT","L_ENDORS","L_COMPL","L_RESTRI","DR_HGT","DR_WGT","PREV_ACC","PREV_SUS","PREV_DWI","PREV_SPD","PREV_OTH","FIRST_MO","FIRST_YR","LAST_MO","LAST_YR","SPEEDREL","DR_SF1","DR_SF2","DR_SF3","DR_SF4","VTRAFWAY","VNUM_LAN","VSPD_LIM","VALIGN","VPROFILE","VPAVETYP","VSURCOND","VTRAFCON","VTCONT_F","P_CRASH1","P_CRASH2","P_CRASH3","PCRASH4","PCRASH5","ACC_TYPE","TRLR1VIN","TRLR2VIN","TRLR3VIN","DEATHS","DR_DRINK"
42,420492,1,2,1,27,6,12,14,12,7,1,0,42,2,12,401,12401,14,1998,"1FMZU34E1WZA","1","F","M","Z","U","3","4","E","1","W","Z","A",0,0,0,"000000000","00000000000",0,0,0,1,0,0,0,0,0,0,0,999,7,0,0,1,6,2,12,0,0,0,1,42,15750,6,1,0,0,3,0,70,999,2,0,0,0,1,10,2013,9,2015,5,6,0,0,0,3,2,55,1,1,1,1,3,3,1,50,6,1,2,48,"777777777777","777777777777","777777777777",0,0
42,420492,2,2,2,27,6,12,14,12,7,1,0,42,1,48,38,48038,4,2000,"JF1GC4353YH5","J","F","1","G","C","4","3","5","3","Y","H","5",0,0,0,"000000000","00000000000",0,0,0,1,0,0,0,0,0,0,0,0,0,0,0,7,6,2,12,0,0,0,1,42,15670,6,1,6,0,3,0,68,999,0,0,0,1,0,10,2014,10,2014,0,0,0,0,0,3,2,55,1,1,1,1,3,3,5,53,1,1,1,48,"777777777777","777777777777","777777777777",1,0
42,420493,1,1,1,4,6,0,0,34,0,1,0,42,1,72,706,72706,80,2011,"1HD1KB418BB6","1","H","D","1","K","B","4","1","8","B","B","6",0,0,0,"000000000","00000000000",0,0,0,1,0,0,0,0,0,0,0,45,0,0,0,12,6,2,42,0,0,0,1,42,16314,6,1,0,0,3,3,71,999,0,0,0,0,0,0,0,0,0,0,0,0,0,0,1,2,45,3,1,2,1,0,0,14,13,1,1,4,1,"777777777777","777777777777","777777777777",1,1
42,420494,1,1,2,28,6,19,53,1,0,1,0,42,1,37,705,37705,80,2008,"JH2RD06048K6","J","H","2","R","D","0","6","0","4","8","K","6",0,0,0,"000000000","00000000000",0,0,0,1,0,0,0,0,0,0,0,55,0,0,0,0,6,2,1,0,0,0,1,42,17065,1,1,0,0,2,0,69,999,2,2,1,1,0,2,2012,1,2016,0,99,99,99,99,1,2,55,1,1,2,1,0,0,1,13,6,1,4,1,"777777777777","777777777777","777777777777",1,1
42,420495,1,1,3,21,7,12,39,35,0,1,0,42,2,6,52,6052,1,2005,"3C3AY75S65T3","3","C","3","A","Y","7","5","S","6","5","T","3",0,0,0,"000000000","00000000000",0,0,0,1,0,0,0,0,0,0,0,45,0,1,2,14,6,2,1,0,0,0,1,42,15767,6,2,0,0,3,1,65,999,0,0,0,0,0,0,0,0,0,4,79,0,0,0,1,2,55,1,1,4,8,0,0,1,6,1,3,4,2,"777777777777","777777777777","777777777777",1,0
42,420496,1,2,1,26,7,14,30,12,2,1,0,42,1,55,35,55035,4,2010,"KMHDU4AD6AU9","K","M","H","D","U","4","A","D","6","A","U","9",0,0,0,"000000000","00000000000",0,0,0,1,0,0,0,0,0,0,0,999,9,0,0,12,6,2,12,0,0,0,1,42,18062,6,1,0,0,3,3,73,999,1,0,0,0,0,4,2012,4,2012,0,28,0,0,0,1,4,35,1,6,2,1,0,0,1,10,99,1,2,50,"777777777777","777777777777","777777777777",1,0
42,420496,2,2,1,26,7,14,30,12,2,1,0,42,2,63,402,63402,14,2006,"KNDJC7339655","K","N","D","J","C","7","3","3","9","6","5","5",0,0,0,"000000000","00000000000",0,0,0,1,0,0,0,0,0,0,0,999,0,0,0,12,6,2,12,0,0,0,1,42,19154,6,1,0,0,3,0,62,999,0,0,0,0,0,0,0,0,0,0,0,0,0,0,1,4,35,2,5,2,1,0,0,14,62,99,1,1,51,"777777777777","777777777777","777777777777",0,0
42,420497,1,2,1,20,7,16,29,1,0,1,0,42,2,49,403,49403,14,2010,"5TDBK3EH5AS0","5","T","D","B","K","3","E","H","5","A","S","0",0,0,0,"000000000","00000000000",0,0,0,1,0,0,0,0,0,0,0,999,0,0,0,9,6,2,12,0,0,0,1,42,18901,6,1,0,0,3,0,69,999,0,0,0,0,0,0,0,0,0,0,38,0,0,0,0,0,0,0,0,0,0,0,0,10,16,1,1,1,98,"777777777777","777777777777","777777777777",0,0
42,420497,2,2,1,20,7,16,29,1,0,1,0,42,2,72,709,72709,80,1994,"1HD1CAP12RY2","1","H","D","1","C","A","P","1","2","R","Y","2",0,0,0,"000000000","00000000000",0,0,0,1,0,0,0,0,0,0,0,999,0,0,0,0,6,2,12,0,0,0,1,42,18914,1,1,0,0,2,0,73,999,0,0,0,0,0,0,0,0,0,0,99,99,99,99,1,2,40,1,1,2,1,0,0,1,70,16,2,3,98,"777777777777","777777777777","777777777777",1,0
42,420498,1,2,2,12,7,15,30,12,2,1,0,42,2,30,46,30046,4,2002,"WVWPD63BX2P4","W","V","W","P","D","6","3","B","X","2","P","4",0,0,0,"000000000","00000000000",0,0,0,1,0,0,0,0,0,0,0,999,0,0,0,12,6,2,12,0,0,0,1,42,17201,6,1,0,0,3,3,67,999,0,0,0,0,0,0,0,0,0,0,28,0,0,0,1,2,55,1,5,2,1,0,0,1,10,1,1,2,50,"777777777777","777777777777","777777777777",1,0
42,420498,2,2,1,12,7,15,30,12,2,1,0,42,1,12,401,12401,14,2006,"1FMEU74E16ZA","1","F","M","E","U","7","4","E","1","6","Z","A",0,0,0,"000000000","00000000000",0,0,0,1,0,0,0,0,0,0,0,999,0,0,0,12,6,2,12,0,0,0,1,42,17404,6,1,0,0,3,0,65,999,0,0,0,0,0,0,0,0,0,0,0,0,0,0,1,2,55,1,6,2,1,0,0,1,62,1,1,1,51,"777777777777","777777777777","777777777777",0,0
42,420499,1,1,1,22,7,20,27,1,0,1,0,92,0,76,739,76739,90,2000,"000000000000","0","0","0","0","0","0","0","0","0","0","0","0",0,0,0,"000000000","00000000000",0,0,0,1,0,0,0,0,0,0,0,50,0,2,5,0,6,2,42,0,0,0,1,42,17830,6,1,0,0,1,0,64,999,0,0,0,0,0,0,0,0,0,4,18,0,0,0,1,2,55,3,1,2,1,0,0,14,13,8,1,4,1,"777777777777","777777777777","777777777777",1,0
42,420500,1,2,4,3,7,7,25,42,0,1,0,39,3,20,481,20481,31,2015,"1GC1KVEG7FF5","1","G","C","1","K","V","E","G","7","F","F","5",1,1,0,"000000000","00000000000",0,0,0,1,0,0,0,0,0,0,0,70,0,0,0,12,6,2,12,0,0,0,1,39,44483,6,1,0,0,3,0,72,140,0,0,0,0,0,0,0,0,0,4,51,6,0,0,2,2,70,2,1,2,1,0,0,14,11,6,1,4,6,"888888888888","777777777777","777777777777",0,0
42,420500,2,2,6,3,7,7,25,42,0,1,0,42,1,37,402,37402,14,2016,"5J6RM4H77GL0","5","J","6","R","M","4","H","7","7","G","L","0",0,0,0,"000000000","00000000000",0,0,0,1,0,0,0,0,0,0,0,70,0,1,5,12,6,2,12,0,0,0,1,42,16509,6,1,0,0,3,0,67,999,0,0,0,1,0,9,2014,9,2014,0,0,0,0,0,2,2,70,3,1,2,1,0,0,14,62,98,1,1,98,"777777777777","777777777777","777777777777",1,0
42,420501,1,1,2,22,7,21,56,24,0,1,0,42,2,6,43,6043,4,2004,"1C3EL46X34N1","1","C","3","E","L","4","6","X","3","4","N","1",0,0,0,"000000000","00000000000",0,0,0,1,0,0,0,0,0,0,0,999,0,0,0,2,6,2,24,0,0,0,1,42,17404,6,1,0,0,3,3,72,999,0,0,0,0,0,0,0,0,0,3,0,0,0,0,3,2,55,2,1,2,1,0,0,6,6,98,3,4,2,"777777777777","777777777777","777777777777",1,0
42,420502,1,1,1,24,7,13,58,25,0,1,0,42,1,50,706,50706,80,2010,"SMT905RN8AT4","S","M","T","9","0","5","R","N","8","A","T","4",0,0,0,"000000000","00000000000",0,0,0,1,0,0,0,0,0,0,0,55,0,0,0,1,6,2,25,0,0,0,1,42,15221,6,1,0,0,3,3,68,999,0,0,0,0,0,0,0,0,0,0,0,0,0,0,6,1,35,2,6,1,1,0,0,14,13,1,1,4,1,"777777777777","777777777777","777777777777",1,0
42,420503,1,1,4,22,7,15,59,35,0,1,0,42,1,20,404,20404,14,2005,"2CNDL23F7560","2","C","N","D","L","2","3","F","7","5","6","0",0,0,0,"000000000","00000000000",0,0,0,1,0,0,0,0,0,0,0,999,0,0,0,1,6,2,42,0,0,0,1,42,18201,0,0,0,0,0,0,62,999,1,0,0,0,0,2,2016,2,2016,0,0,0,0,0,1,2,55,1,1,2,1,0,0,6,10,16,1,4,1,"777777777777","777777777777","777777777777",2,0
42,420504,1,1,1,10,7,12,35,14,0,1,0,42,1,53,706,53706,80,1987,"JS1VX51L1H21","J","S","1","V","X","5","1","L","1","H","2","1",0,0,0,"000000000","00000000000",0,0,0,1,0,0,0,0,0,0,0,55,0,0,0,12,6,2,14,0,0,0,1,42,15370,0,0,0,0,0,0,73,999,1,0,0,0,0,10,2014,10,2014,5,0,0,0,0,1,2,45,1,1,2,1,0,0,1,13,1,1,4,1,"777777777777","777777777777","777777777777",1,0
42,420505,1,2,1,30,6,17,27,12,2,1,0,42,1,49,40,49040,4,1997,"JT2BG22K0V00","J","T","2","B","G","2","2","K","0","V","0","0",0,0,0,"000000000","00000000000",0,0,0,1,0,0,0,0,0,0,0,45,0,0,0,12,6,2,12,0,0,0,1,42,18071,6,1,0,0,3,0,63,999,0,0,0,0,0,0,0,0,0,0,0,0,0,0,1,2,55,1,1,2,1,0,0,1,10,6,1,2,50,"777777777777","777777777777","777777777777",1,0
42,420505,2,2,1,30,6,17,27,12,2,1,0,42,1,35,472,35472,30,2007,"1N6AD06W17C4","1","N","6","A","D","0","6","W","1","7","C","4",0,0,0,"000000000","00000000000",0,0,0,1,0,0,0,0,0,0,0,45,0,0,0,12,6,2,12,0,0,0,1,42,16844,6,1,0,0,3,3,64,999,0,0,0,1,0,10,2012,10,2012,0,0,0,0,0,1,2,55,1,1,2,1,0,0,1,62,6,1,1,51,"777777777777","777777777777","777777777777",0,0
42,420506,1,5,1,12,5,19,46,12,1,1,0,42,1,49,40,49040,4,2007,"JTNBE46K3731","J","T","N","B","E","4","6","K","3","7","3","1",0,0,0,"000000000","00000000000",0,0,0,1,0,0,0,0,0,0,0,999,0,0,0,12,6,2,12,0,0,0,1,42,19464,6,1,0,0,3,3,71,999,0,0,0,0,0,0,0,0,0,0,0,0,0,0,1,2,25,1,5,1,1,0,0,1,51,1,1,1,24,"777777777777","777777777777","777777777777",1,1
42,420506,2,5,1,12,5,19,46,12,1,1,0,42,1,6,52,6052,6,2006,"3A4FY48B46T2","3","A","4","F","Y","4","8","B","4","6","T","2",0,0,0,"000000000","00000000000",0,0,0,1,0,0,0,0,0,0,0,999,0,0,0,6,2,5,12,0,0,0,1,42,19464,6,1,0,0,3,0,64,999,0,0,0,1,0,7,2011,7,2011,0,0,0,0,0,1,2,25,1,5,1,1,0,0,1,53,1,1,1,25,"777777777777","777777777777","777777777777",0,0
42,420506,3,5,1,12,5,19,46,12,1,1,0,42,1,58,421,58421,15,2006,"5N3AA08C96N8","5","N","3","A","A","0","8","C","9","6","N","8",0,0,0,"000000000","00000000000",0,0,0,1,0,0,0,0,0,0,0,999,0,0,0,6,4,5,12,0,0,0,1,42,19464,6,1,0,0,3,0,71,999,0,0,0,0,0,0,0,0,0,0,0,0,0,0,1,2,25,1,5,1,1,0,0,1,53,1,1,1,98,"777777777777","777777777777","777777777777",0,0
42,420506,4,5,1,12,5,19,46,12,1,1,0,42,1,37,32,37032,2,2006,"1HGCM72316A0","1","H","G","C","M","7","2","3","1","6","A","0",0,0,0,"000000000","00000000000",0,0,0,1,0,0,0,0,0,0,0,999,0,0,0,6,6,2,12,0,0,0,1,42,19464,6,1,0,0,3,0,72,999,0,0,0,0,0,0,0,0,0,0,0,0,0,0,1,2,25,1,5,1,1,0,0,1,53,1,1,1,98,"777777777777","777777777777","777777777777",0,0
42,420506,5,5,1,12,5,19,46,12,1,1,0,48,1,48,45,48045,6,2016,"4S4BSANC0G32","4","S","4","B","S","A","N","C","0","G","3","2",0,0,0,"000000000","00000000000",0,0,0,1,0,0,0,0,0,0,0,999,0,0,0,6,2,5,12,0,0,0,1,42,19464,6,1,0,0,3,0,70,999,0,0,0,0,0,0,0,0,0,0,0,0,0,0,1,2,25,1,5,1,1,0,0,1,53,1,1,1,98,"777777777777","777777777777","777777777777",0,0
42,420507,1,2,1,23,6,17,10,12,6,1,0,42,2,98,709,98709,81,2012,"ZAPM707E5C40","Z","A","P","M","7","0","7","E","5","C","4","0",0,0,0,"000000000","00000000000",0,0,0,1,0,0,0,0,0,0,0,999,0,0,0,12,6,2,12,0,0,0,1,42,19136,0,0,0,0,0,0,71,999,0,0,0,0,0,0,0,0,0,0,38,0,0,0,1,2,30,1,1,2,1,20,3,1,17,1,1,1,69,"777777777777","777777777777","777777777777",1,0
42,420507,2,2,1,23,6,17,10,12,6,1,0,42,1,12,401,12401,14,1997,"1FMDU34E9VUB","1","F","M","D","U","3","4","E","9","V","U","B",0,0,0,"000000000","00000000000",0,0,0,1,0,0,0,0,0,0,0,999,0,0,0,4,2,5,12,0,0,0,1,42,19149,6,1,0,0,3,3,66,999,0,0,0,0,0,0,0,0,0,0,0,0,0,0,1,2,30,1,1,2,1,20,3,11,63,99,1,1,68,"777777777777","777777777777","777777777777",0,0
42,420508,1,1,1,24,5,0,37,8,0,1,1,42,9,59,31,59031,4,2003,"JTHBF30G8301","J","T","H","B","F","3","0","G","8","3","0","1",0,0,0,"000000000","00000000000",0,0,0,1,0,0,0,0,0,0,0,999,0,0,0,1,4,5,8,0,0,0,1,99,99999,9,9,99,0,9,9,999,999,99,99,99,99,99,99,9999,99,9999,3,0,0,0,0,1,4,25,1,1,2,2,0,0,1,13,99,1,4,1,"777777777777","777777777777","777777777777",0,0
42,420509,1,1,1,27,5,20,47,1,0,1,0,12,1,7,482,7482,31,2001,"1B7HF13Z11J5","1","B","7","H","F","1","3","Z","1","1","J","5",0,0,0,"000000000","00000000000",0,0,0,1,0,0,0,0,0,0,0,999,0,1,5,0,6,2,42,0,0,0,1,42,18424,6,1,0,0,3,0,68,999,0,0,0,0,0,0,0,0,0,3,6,0,0,0,1,2,35,2,1,2,1,0,0,14,6,16,5,4,2,"777777777777","777777777777","777777777777",1,1
42,420510,1,1,1,1,6,8,15,52,0,1,0,27,1,85,881,85881,66,2007,"1XKADU9XX7J1","1","X","K","A","D","U","9","X","X","7","J","1",1,1,57,"01458155","5701458155",3,6,1,1,0,0,0,0,0,0,0,55,0,1,5,11,6,2,1,0,0,0,1,27,55446,6,1,6,0,3,0,71,178,0,0,0,1,3,7,2013,5,2016,4,0,0,0,0,1,2,30,2,1,2,1,40,3,14,6,9,2,4,7,"888888888888","777777777777","777777777777",1,0
42,420511,1,2,2,23,6,18,10,12,6,1,0,92,0,37,702,37702,83,2000,"JH2HE0107YK9","J","H","2","H","E","0","1","0","7","Y","K","9",0,0,0,"000000000","00000000000",0,0,0,1,0,0,0,0,0,0,0,20,0,0,0,3,6,2,12,0,0,0,1,42,16441,0,0,0,0,1,0,999,999,0,0,0,0,0,0,0,0,0,0,39,18,0,0,1,2,25,1,1,2,1,20,3,1,17,99,1,1,87,"777777777777","777777777777","777777777777",1,0
42,420511,2,2,1,23,6,18,10,12,6,1,0,42,1,12,481,12481,31,1999,"1FTNX21S0XED","1","F","T","N","X","2","1","S","0","X","E","D",0,0,0,"000000000","00000000000",0,0,0,1,0,0,0,0,0,0,0,35,0,0,0,12,6,2,12,0,0,0,1,42,16441,6,1,0,0,3,0,69,999,0,0,0,0,0,0,0,0,0,0,0,0,0,0,1,2,35,1,1,2,1,0,0,1,66,1,1,1,86,"777777777777","777777777777","777777777777",0,0
42,420512,1,2,1,6,7,6,0,12,6,1,0,42,1,20,402,20402,14,2002,"2CNBJ13C2269","2","C","N","B","J","1","3","C","2","2","6","9",0,0,0,"000000000","00000000000",0,0,0,1,0,0,0,0,0,0,0,5,0,0,0,10,6,2,12,0,0,0,1,42,16134,6,1,0,0,3,0,70,999,0,0,0,0,0,0,0,0,0,0,38,0,0,0,1,2,25,1,1,2,1,20,3,11,15,1,1,1,82,"777777777777","777777777777","777777777777",1,0
42,420512,2,2,1,6,7,6,0,12,6,1,0,42,1,55,35,55035,4,2013,"KMHDH4AE2DU5","K","M","H","D","H","4","A","E","2","D","U","5",0,0,0,"000000000","00000000000",0,0,0,1,0,0,0,0,0,0,0,60,0,0,0,12,6,2,12,0,0,0,1,42,16142,6,1,0,0,3,3,66,999,0,0,0,1,0,6,2014,6,2014,0,0,0,0,0,1,2,55,1,1,2,1,0,0,1,67,7,1,1,83,"777777777777","777777777777","777777777777",0,0
42,420513,1,2,2,30,7,23,3,12,6,1,0,42,1,37,404,37404,14,2016,"3CZRU6H57GM7","3","C","Z","R","U","6","H","5","7","G","M","7",0,0,0,"000000000","00000000000",0,0,0,1,0,0,0,0,0,0,0,70,0,0,0,5,6,2,12,0,0,0,1,42,16508,6,1,0,0,3,0,74,999,0,0,0,0,0,0,0,0,0,4,0,0,0,0,2,2,70,1,1,2,2,0,0,1,6,1,2,6,48,"777777777777","777777777777","777777777777",1,0
42,420513,2,2,2,30,7,23,3,12,6,1,0,42,2,12,17,12017,4,2003,"1FAFP53U53A2","1","F","A","F","P","5","3","U","5","3","A","2",0,0,0,"000000000","00000000000",0,0,0,1,0,0,0,0,0,0,0,55,0,0,0,12,6,2,12,0,0,0,1,42,16505,6,1,0,0,3,3,68,999,0,1,0,1,1,5,2012,3,2013,0,0,0,0,0,2,2,70,1,1,2,2,0,0,1,60,1,1,1,48,"777777777777","777777777777","777777777777",0,0
42,420514,1,2,1,19,7,9,35,12,2,1,0,42,1,12,37,12037,4,2014,"1FADP3F23EL4","1","F","A","D","P","3","F","2","3","E","L","4",0,0,0,"000000000","00000000000",0,0,0,1,0,0,0,0,0,0,0,40,0,0,0,12,6,2,12,0,0,0,1,42,18704,6,1,0,0,3,0,65,999,0,0,0,0,0,0,0,0,0,0,28,0,0,0,1,2,35,2,5,2,1,0,0,14,10,1,1,2,50,"777777777777","777777777777","777777777777",1,0
42,420514,2,2,1,19,7,9,35,12,2,1,0,42,1,35,47,35047,4,2010,"1N4AL2AP6AN4","1","N","4","A","L","2","A","P","6","A","N","4",0,0,0,"000000000","00000000000",0,0,0,1,0,0,0,0,0,0,0,35,0,0,0,12,6,2,12,0,0,0,1,42,18634,6,1,0,0,3,0,71,999,0,0,0,1,0,5,2015,5,2015,0,0,0,0,0,1,2,35,3,6,2,1,0,0,14,62,1,1,1,51,"777777777777","777777777777","777777777777",0,0
42,420515,1,2,1,22,7,10,38,12,2,1,0,42,1,49,32,49032,4,2014,"2T1BURHE4EC0","2","T","1","B","U","R","H","E","4","E","C","0",0,0,0,"000000000","00000000000",0,0,0,1,0,0,0,0,0,0,0,30,0,0,0,12,6,2,12,0,0,0,1,42,16066,6,1,0,0,3,0,68,999,0,0,0,0,0,0,0,0,0,0,28,6,0,0,1,2,35,1,1,2,6,0,0,1,10,99,1,2,50,"777777777777","777777777777","777777777777",0,0
42,420515,2,2,3,22,7,10,38,12,2,1,0,42,2,14,6,14006,4,2004,"2MHFM75W54X6","2","M","H","F","M","7","5","W","5","4","X","6",0,0,0,"000000000","00000000000",0,0,0,1,0,0,0,0,0,0,0,30,0,0,0,12,6,2,12,0,0,0,1,42,16066,6,1,0,0,3,3,61,999,0,0,0,0,0,0,0,0,0,0,0,0,0,0,1,2,35,1,1,2,6,0,0,1,62,99,1,1,51,"777777777777","777777777777","777777777777",1,0
42,420516,1,1,3,14,7,10,55,1,0,1,0,42,2,12,880,12880,67,1999,"1FTWX33F6XEA","1","F","T","W","X","3","3","F","6","X","E","A",0,0,88,"888888888","88888888888",2,1,96,1,0,0,0,0,0,0,0,70,0,1,5,0,6,2,42,0,0,0,1,42,16403,6,2,0,0,3,3,72,999,0,0,0,0,0,0,0,0,0,4,52,0,0,0,1,2,55,2,1,2,1,0,0,14,10,7,4,4,7,"777777777777","777777777777","777777777777",1,0
42,420517,1,1,2,6,7,0,0,35,0,1,0,36,2,12,3,12003,2,2001,"1FAFP40411F1","1","F","A","F","P","4","0","4","1","1","F","1",0,0,0,"000000000","00000000000",0,0,0,1,0,0,0,0,0,0,0,65,0,1,5,12,6,2,1,0,0,0,1,36,15205,6,1,0,0,3,3,68,999,0,1,0,0,1,6,2013,11,2013,5,0,0,0,0,3,2,55,1,1,1,1,0,0,1,10,9,1,4,1,"777777777777","777777777777","777777777777",1,0
42,420518,1,1,1,7,6,0,44,1,0,1,0,39,2,12,401,12401,14,1998,"1FMZU32X7WUC","1","F","M","Z","U","3","2","X","7","W","U","C",0,0,0,"000000000","00000000000",0,0,0,1,0,0,0,0,0,0,0,70,0,1,3,0,6,2,1,0,0,0,1,54,26041,2,1,1,0,2,0,72,215,0,2,0,0,1,10,2011,6,2016,4,0,0,0,0,2,2,70,1,1,2,2,0,0,1,13,99,4,4,7,"777777777777","777777777777","777777777777",1,0
42,420519,1,1,1,4,7,0,28,53,0,1,0,42,1,55,33,55033,4,2012,"5NPEC4AB8CH4","5","N","P","E","C","4","A","B","8","C","H","4",0,0,0,"000000000","00000000000",0,0,0,1,0,0,0,0,0,0,0,999,0,0,0,12,6,2,42,0,0,1,1,42,19540,6,1,0,0,3,0,69,999,0,0,0,0,0,0,0,0,0,3,6,0,0,0,1,2,40,1,1,2,1,0,0,1,13,1,1,4,1,"777777777777","777777777777","777777777777",1,0
42,420520,1,1,2,4,7,2,40,24,0,1,0,42,1,12,17,12017,4,2001,"1FAFP55U61A1","1","F","A","F","P","5","5","U","6","1","A","1",0,0,0,"000000000","00000000000",0,0,0,1,0,0,0,0,0,0,0,999,0,1,5,12,6,2,1,0,0,0,1,42,16601,6,1,0,0,3,0,73,999,0,0,0,0,0,0,0,0,0,4,0,0,0,0,1,2,40,1,1,2,1,0,0,1,11,6,1,4,6,"777777777777","777777777777","777777777777",1,1
42,420521,1,1,1,9,7,14,48,24,0,1,0,42,1,49,46,49046,6,2016,"JTDZN3EU2GJ0","J","T","D","Z","N","3","E","U","2","G","J","0",0,0,0,"000000000","00000000000",0,0,0,1,0,0,0,0,0,0,0,65,0,1,5,12,6,2,1,0,0,0,1,42,19426,6,1,0,0,3,0,64,999,0,0,0,0,0,0,0,0,0,0,99,99,99,99,2,3,65,3,1,2,1,0,0,14,13,1,1,4,1,"777777777777","777777777777","777777777777",1,0
42,420522,1,1,1,17,7,0,10,35,0,1,0,42,1,41,471,41471,30,1994,"4F4DR17X5RTN","4","F","4","D","R","1","7","X","5","R","T","N",0,0,0,"000000000","00000000000",0,0,0,1,0,0,0,0,0,0,0,65,0,1,5,81,6,2,1,0,0,0,1,42,18249,6,1,0,0,3,0,72,999,1,2,1,0,0,8,2013,12,2015,4,0,0,0,0,1,2,45,3,6,2,1,0,0,14,13,1,1,4,1,"777777777777","777777777777","777777777777",1,1
42,420523,1,1,1,29,7,9,25,9,0,1,0,42,2,7,43,7043,4,2003,"1B3EL46X53N5","1","B","3","E","L","4","6","X","5","3","N","5",0,0,0,"000000000","00000000000",0,0,0,1,0,0,0,0,0,0,0,999,0,0,0,12,4,3,9,0,0,0,1,42,17522,6,1,0,0,3,0,62,999,0,0,0,0,0,0,0,0,0,0,0,0,0,0,1,2,45,1,1,2,1,0,0,1,13,1,1,4,13,"777777777777","777777777777","777777777777",0,0
42,420524,1,1,1,31,7,5,10,8,0,1,0,42,1,62,404,62404,14,2016,"SALVR2BG2GH0","S","A","L","V","R","2","B","G","2","G","H","0",0,0,0,"000000000","00000000000",0,0,0,1,0,0,0,0,0,0,0,999,0,0,0,12,6,2,25,0,0,0,1,42,15478,6,1,0,0,3,0,62,999,0,0,0,0,0,0,0,0,0,0,0,0,0,0,3,2,55,1,1,1,1,0,0,17,80,6,1,2,13,"777777777777","777777777777","777777777777",0,1
42,420525,1,2,1,17,7,21,52,12,6,1,0,42,1,37,32,37032,4,2007,"1HGCM56827A0","1","H","G","C","M","5","6","8","2","7","A","0",0,0,0,"000000000","00000000000",0,0,0,1,0,0,0,0,0,0,0,999,0,0,0,2,6,2,12,0,0,0,1,42,15679,6,1,0,0,3,0,69,999,0,0,0,0,0,0,0,0,0,0,0,0,0,0,1,2,35,3,5,2,1,0,0,11,15,6,1,1,68,"777777777777","777777777777","777777777777",0,0
42,420525,2,2,1,17,7,21,52,12,6,1,0,42,1,76,706,76706,80,1992,"JYA1TEE09NA0","J","Y","A","1","T","E","E","0","9","N","A","0",0,0,0,"000000000","00000000000",0,0,0,1,0,0,0,0,0,0,0,999,0,0,0,12,6,2,12,0,0,0,1,42,15683,6,1,0,0,3,3,69,999,0,0,0,1,0,10,2012,10,2012,0,0,0,0,0,1,2,35,2,6,2,1,0,0,14,62,1,1,1,69,"777777777777","777777777777","777777777777",1,0
42,420526,1,2,1,24,7,6,37,12,6,1,0,34,2,37,32,37032,4,2007,"1HGCM66467A0","1","H","G","C","M","6","6","4","6","7","A","0",0,0,0,"000000000","00000000000",0,0,0,1,0,0,0,0,0,0,0,999,0,0,0,1,6,2,12,0,0,0,1,42,19040,6,1,0,0,3,3,71,999,0,1,1,1,0,8,2011,5,2015,0,0,0,0,0,1,2,30,1,1,2,1,20,3,10,16,99,1,1,80,"777777777777","777777777777","777777777777",1,0
42,420526,2,2,2,24,7,6,37,12,6,1,0,42,2,98,988,98988,51,2014,"4RKYS92L2E45","4","R","K","Y","S","9","2","L","2","E","4","5",0,0,88,"888888888","88888888888",2,21,22,1,0,0,0,0,4,3,0,999,0,0,0,12,2,5,12,0,0,0,1,42,19133,6,1,6,0,3,0,67,999,0,0,0,0,0,0,0,0,0,0,0,0,0,0,1,2,30,1,1,2,1,20,3,1,67,99,1,1,81,"777777777777","777777777777","777777777777",0,0
42,420527,1,3,1,6,7,19,25,12,2,1,0,42,2,12,481,12481,31,2006,"1FTPX14526FB","1","F","T","P","X","1","4","5","2","6","F","B",1,1,0,"000000000","00000000000",0,0,0,1,0,0,0,0,0,0,0,35,0,0,0,12,6,2,12,0,0,0,1,42,18062,6,1,0,0,2,0,74,999,1,1,1,0,0,7,2012,6,2016,0,0,0,0,0,1,2,40,2,1,2,1,0,0,14,10,1,1,2,50,"999999999999","777777777777","777777777777",0,1
42,420527,2,3,1,6,7,19,25,12,2,1,0,42,1,76,705,76705,80,2016,"JYARM06E2GA0","J","Y","A","R","M","0","6","E","2","G","A","0",0,0,0,"000000000","00000000000",0,0,0,1,0,0,0,0,0,0,0,40,0,0,0,12,6,2,12,0,0,0,1,42,18017,6,1,0,0,3,3,66,999,0,0,0,0,0,0,0,0,0,0,0,0,0,0,1,2,40,3,1,2,1,0,0,14,62,1,1,1,51,"777777777777","777777777777","777777777777",1,0