"STATE","ST_CASE","VEH_NO","VE_FORMS","NUMOCCS","DAY","MONTH","HOUR","MINUTE","HARM_EV","MAN_COLL","UNITTYPE","HIT_RUN","REG_STAT","OWNER","MAKE","MODEL","MAK_MOD","BODY_TYP","MOD_YEAR","VIN","VIN_1","VIN_2","VIN_3","VIN_4","VIN_5","VIN_6","VIN_7","VIN_8","VIN_9","VIN_10","VIN_11","VIN_12","TOW_VEH","J_KNIFE","MCARR_I1","MCARR_I2","MCARR_ID","GVWR","V_CONFIG","CARGO_BT","HAZ_INV","HAZ_PLAC","HAZ_ID","HAZ_CNO","HAZ_REL","BUS_USE","SPEC_USE","EMER_USE","TRAV_SP","UNDERIDE","ROLLOVER","ROLINLOC","IMPACT1","DEFORMED","TOWED","M_HARM","VEH_SC1","VEH_SC2","FIRE_EXP","DR_PRES","L_STATE","DR_ZIP","L_STATUS","L_TYPE","CDL_STAT","L_ENDORS","L_COMPL","L_RESTRI","DR_HGT","DR_WGT","PREV_ACC","PREV_SUS","PREV_DWI","PREV_SPD","PREV_OTH","FIRST_MO","FIRST_YR","LAST_MO","LAST_YR","SPEEDREL","DR_SF1","DR_SF2","DR_SF3","DR_SF4","VTRAFWAY","VNUM_LAN","VSPD_LIM","VALIGN","VPROFILE","VPAVETYP","VSURCOND","VTRAFCON","VTCONT_F","P_CRASH1","P_CRASH2","P_CRASH3","PCRASH4","PCRASH5","ACC_TYPE","TRLR1VIN","TRLR2VIN","TRLR3VIN","DEATHS","DR_DRINK"
42,420527,3,3,1,6,7,19,25,12,2,1,0,42,1,37,705,37705,80,2014,"MLHPC4408E51","M","L","H","P","C","4","4","0","8","E","5","1",0,0,0,"000000000","00000000000",0,0,0,1,0,0,0,0,0,0,0,40,0,0,0,12,6,2,24,0,0,0,1,42,18017,6,1,0,0,3,0,66,999,0,0,0,1,0,6,2016,6,2016,0,0,0,0,0,1,2,40,3,1,2,1,0,0,14,13,7,1,4,98,"777777777777","777777777777","777777777777",0,0
42,420528,1,1,1,1,7,13,1,42,0,1,0,42,1,20,2,20002,4,2004,"2G1WF52E9492","2","G","1","W","F","5","2","E","9","4","9","2",0,0,0,"000000000","00000000000",0,0,0,1,0,0,0,0,0,0,0,65,0,0,0,2,6,2,42,0,0,1,1,42,15468,1,1,0,0,2,0,70,999,0,0,0,0,0,0,0,0,0,5,37,6,0,0,1,2,30,1,1,2,1,0,0,1,12,1,1,4,6,"777777777777","777777777777","777777777777",1,0
42,420529,1,1,1,25,7,22,15,42,0,1,0,42,2,20,481,20481,31,1997,"1GCGK24R1VE1","1","G","C","G","K","2","4","R","1","V","E","1",0,0,0,"000000000","00000000000",0,0,0,1,0,0,0,0,0,0,0,70,0,1,6,9,6,2,42,0,0,0,1,42,15089,6,1,0,0,3,0,66,999,0,0,0,0,0,0,0,0,0,3,0,0,0,0,1,2,35,3,5,2,1,0,0,14,6,16,3,4,2,"777777777777","777777777777","777777777777",1,0
42,420530,1,1,1,4,8,1,54,24,0,1,0,42,1,72,706,72706,80,2006,"1HD1FRW186Y7","1","H","D","1","F","R","W","1","8","6","Y","7",0,0,0,"000000000","00000000000",0,0,0,1,0,0,0,0,0,0,0,999,0,0,0,3,4,3,24,0,0,0,1,42,18201,6,1,0,0,3,0,73,999,0,0,0,0,0,0,0,0,0,0,0,0,0,0,1,2,35,3,1,8,1,0,0,14,13,99,1,4,1,"777777777777","777777777777","777777777777",1,0
42,420531,1,1,1,9,8,21,0,24,0,1,0,42,1,76,705,76705,80,2009,"JYARJ16E69A0","J","Y","A","R","J","1","6","E","6","9","A","0",0,0,0,"000000000","00000000000",0,0,0,1,0,0,0,0,0,0,0,80,0,0,0,2,6,2,42,0,0,0,1,42,17068,6,1,0,0,3,3,63,999,0,0,0,0,0,0,0,0,0,5,0,0,0,0,1,2,55,1,1,2,1,0,0,1,13,7,1,4,1,"777777777777","777777777777","777777777777",1,0
42,420532,1,1,1,28,8,7,23,15,0,1,0,42,2,20,421,20421,15,2003,"1GNEK13Z83R1","1","G","N","E","K","1","3","Z","8","3","R","1",0,0,0,"000000000","00000000000",0,0,0,1,0,0,0,0,0,0,0,999,0,0,0,12,9,5,15,0,0,0,1,42,18509,0,0,0,0,0,0,72,999,0,0,0,0,0,0,0,0,0,0,99,99,99,99,1,2,30,1,1,2,1,0,0,1,80,99,1,1,13,"777777777777","777777777777","777777777777",0,1
42,420533,1,2,3,17,7,16,49,12,1,1,0,42,2,55,401,55401,14,2006,"KM8SC73D96U1","K","M","8","S","C","7","3","D","9","6","U","1",0,0,0,"000000000","00000000000",0,0,0,1,0,0,0,0,0,0,0,45,0,0,0,12,2,3,12,0,0,0,1,42,19344,0,0,0,0,0,0,999,999,0,0,0,0,0,0,0,0,0,4,0,0,0,0,1,2,45,1,1,2,1,0,0,1,50,1,1,1,20,"777777777777","777777777777","777777777777",0,0
42,420533,2,2,1,17,7,16,49,12,1,1,0,42,1,72,706,72706,80,1992,"1HD1CAP10NY1","1","H","D","1","C","A","P","1","0","N","Y","1",0,0,0,"000000000","00000000000",0,0,0,1,0,0,0,0,0,0,0,0,0,0,0,6,6,2,12,0,0,0,1,42,17555,6,1,0,0,3,0,70,999,0,0,0,0,0,0,0,0,0,0,0,0,0,0,1,2,45,1,1,2,1,0,0,5,53,1,1,1,22,"777777777777","777777777777","777777777777",1,0
42,420534,1,1,1,30,8,15,0,9,0,1,0,42,1,12,473,12473,30,2003,"1FMZU77E53UC","1","F","M","Z","U","7","7","E","5","3","U","C",0,0,0,"000000000","00000000000",0,0,0,1,0,0,0,0,0,0,0,999,0,0,0,2,4,3,9,0,0,0,1,42,15205,6,1,0,0,3,3,72,999,0,0,0,0,0,0,0,0,0,0,0,0,0,0,1,3,35,1,1,1,1,0,0,1,83,1,1,1,13,"777777777777","777777777777","777777777777",0,0
42,420535,1,2,1,2,7,3,33,12,2,1,0,42,1,55,33,55033,4,2013,"5NPEB4AC4DH5","5","N","P","E","B","4","A","C","4","D","H","5",0,0,0,"000000000","00000000000",0,0,0,1,0,0,0,0,0,0,0,60,0,0,0,12,6,2,12,0,0,0,1,42,15650,6,1,0,0,3,3,71,999,0,1,0,2,0,8,2011,12,2014,5,28,0,0,0,1,2,45,1,1,2,1,0,0,1,10,99,1,2,50,"777777777777","777777777777","777777777777",1,1
42,420535,2,2,2,2,7,3,33,12,2,1,0,45,2,59,35,59035,4,2014,"JTHBF1D27E50","J","T","H","B","F","1","D","2","7","E","5","0",0,0,0,"000000000","00000000000",0,0,0,1,0,0,0,0,0,0,0,999,0,0,0,12,6,2,12,0,0,0,1,45,29016,6,1,0,0,3,0,69,158,1,0,0,0,0,9,2012,9,2012,0,0,0,0,0,1,2,45,3,1,2,1,0,0,14,62,99,1,1,51,"777777777777","777777777777","777777777777",0,1
42,420536,1,3,3,13,7,22,56,12,1,1,0,42,1,2,404,2404,14,2011,"1J4RR4GG3BC5","1","J","4","R","R","4","G","G","3","B","C","5",0,0,0,"000000000","00000000000",0,0,0,1,0,0,0,0,0,0,0,999,0,0,0,6,2,5,12,0,0,0,1,42,15613,6,1,0,0,3,0,68,999,0,0,0,0,0,0,0,0,0,0,0,0,0,0,1,2,45,1,1,2,1,3,3,1,53,1,1,1,25,"777777777777","777777777777","777777777777",0,0
42,420536,2,3,1,13,7,22,56,12,1,1,0,42,2,76,706,76706,80,2014,"JYAVN05E7EA0","J","Y","A","V","N","0","5","E","7","E","A","0",0,0,0,"000000000","00000000000",0,0,0,1,0,0,0,0,0,0,0,999,0,0,0,12,6,2,12,0,0,0,1,42,16037,6,1,0,0,2,3,63,999,0,0,0,1,0,1,2012,1,2012,0,0,0,0,0,1,2,45,1,1,2,1,3,3,15,51,99,1,1,24,"777777777777","777777777777","777777777777",1,0
42,420536,3,3,3,13,7,22,56,12,1,1,0,42,2,63,402,63402,14,2011,"5XYKTDA1XBG0","5","X","Y","K","T","D","A","1","X","B","G","0",0,0,0,"000000000","00000000000",0,0,0,1,0,0,0,0,0,0,0,999,0,0,0,12,4,3,12,0,0,0,1,42,15479,6,1,0,0,3,0,64,999,0,0,0,0,0,0,0,0,0,0,0,0,0,0,1,2,45,1,1,2,1,3,3,1,51,16,1,1,98,"777777777777","777777777777","777777777777",0,0
42,420537,1,2,2,26,7,16,35,12,6,1,0,42,1,20,4,20004,2,1969,"194679S70139","1","9","4","6","7","9","S","7","0","1","3","9",0,0,0,"000000000","00000000000",0,0,0,1,0,0,0,0,0,0,0,58,1,0,0,3,6,2,12,0,0,0,1,12,33770,6,1,0,0,3,0,70,999,0,0,0,0,1,2,2014,2,2014,4,28,81,0,0,1,2,55,1,1,2,1,0,0,1,90,7,4,6,66,"777777777777","777777777777","777777777777",2,0
42,420537,2,2,1,26,7,16,35,12,6,1,0,42,2,38,882,38882,61,2013,"JALC4W169D70","J","A","L","C","4","W","1","6","9","D","7","0",0,0,57,"02415220","5702415220",2,1,1,1,0,0,0,0,0,0,0,55,0,0,0,12,6,2,12,0,0,0,1,42,16656,6,1,0,0,3,0,71,999,0,0,0,0,0,0,0,0,0,0,0,0,0,0,1,2,55,1,1,2,1,0,0,1,62,9,1,4,66,"777777777777","777777777777","777777777777",0,0
42,420538,1,1,1,27,7,12,4,30,0,1,0,42,1,59,35,59035,4,2010,"JTHCF5C22A50","J","T","H","C","F","5","C","2","2","A","5","0",0,0,0,"000000000","00000000000",0,0,0,1,0,0,0,0,0,0,0,60,0,1,6,12,6,2,1,0,0,1,1,42,18844,6,1,0,0,3,3,67,999,0,0,0,0,0,0,0,0,0,5,0,0,0,0,1,2,40,2,1,2,1,0,0,1,12,1,1,4,6,"777777777777","777777777777","777777777777",1,0
42,420539,1,1,2,24,7,7,0,42,0,1,0,42,1,67,35,67035,2,2015,"JF1ZNAA18F97","J","F","1","Z","N","A","A","1","8","F","9","7",0,0,0,"000000000","00000000000",0,0,0,1,0,0,0,0,0,0,0,999,0,0,0,3,6,2,42,0,0,0,1,42,15522,6,1,0,0,3,0,68,999,0,0,0,2,0,5,2016,7,2016,5,6,0,0,0,1,2,45,3,1,2,1,0,0,14,6,98,4,4,2,"777777777777","777777777777","777777777777",1,1
42,420540,1,2,1,16,7,13,44,12,2,1,0,42,1,49,40,49040,4,2011,"4T1BF3EK0BU7","4","T","1","B","F","3","E","K","0","B","U","7",0,0,0,"000000000","00000000000",0,0,0,1,0,0,0,0,0,0,0,15,0,0,0,12,6,2,12,0,0,0,1,42,18328,6,1,0,0,3,0,66,999,0,0,0,0,0,0,0,0,0,0,48,0,0,0,1,2,40,1,1,2,1,0,0,11,15,1,1,1,68,"777777777777","777777777777","777777777777",0,0
42,420540,2,2,1,16,7,13,44,12,2,1,0,42,1,72,706,72706,80,2010,"1HD1BW519AB0","1","H","D","1","B","W","5","1","9","A","B","0",0,0,0,"000000000","00000000000",0,0,0,1,0,0,0,0,0,0,0,40,0,0,0,12,6,2,12,0,0,0,1,42,18328,6,7,6,0,2,2,77,999,0,0,0,0,0,0,0,0,0,0,73,0,0,0,1,2,40,1,1,2,1,0,0,1,62,16,2,1,69,"777777777777","777777777777","777777777777",1,0
42,420541,1,2,1,20,7,11,3,12,7,1,0,42,1,22,9,22009,2,2000,"2G2FV22G4Y21","2","G","2","F","V","2","2","G","4","Y","2","1",0,0,0,"000000000","00000000000",0,0,0,1,0,0,0,0,0,0,0,999,0,1,1,2,6,2,12,0,0,0,1,42,18052,6,1,0,0,3,3,70,999,0,0,0,0,0,0,0,0,0,0,6,35,0,0,3,3,55,1,1,2,1,3,9,6,11,6,1,2,44,"777777777777","777777777777","777777777777",1,0
42,420541,2,2,1,20,7,11,3,12,7,1,0,42,3,85,881,85881,63,2005,"1NKDX4TXX5J0","1","N","K","D","X","4","T","X","X","5","J","0",0,0,57,"00858615","5700858615",3,2,4,1,0,0,0,0,0,0,0,999,0,0,0,7,4,5,12,0,0,0,1,42,18067,6,1,6,0,3,1,74,999,0,0,0,0,0,0,0,0,0,0,0,0,0,0,3,3,55,1,1,2,1,20,9,2,60,16,2,1,45,"777777777777","777777777777","777777777777",0,0
42,420542,1,1,1,2,7,6,37,42,0,1,0,42,1,7,472,7472,31,2000,"1B7HG2AZ8YS6","1","B","7","H","G","2","A","Z","8","Y","S","6",0,0,0,"000000000","00000000000",0,0,0,1,0,0,0,0,0,0,0,45,0,0,0,12,6,2,42,0,0,0,1,42,15624,6,1,0,0,3,0,71,999,0,0,0,0,0,0,0,0,0,0,99,99,99,99,1,2,55,1,1,2,1,0,0,1,12,1,1,4,6,"777777777777","777777777777","777777777777",1,1
42,420543,1,2,2,11,7,18,49,18,0,1,0,42,1,2,403,2403,14,2012,"1C4AJWAG6CL2","1","C","4","A","J","W","A","G","6","C","L","2",0,0,0,"000000000","00000000000",0,0,0,1,0,0,0,0,0,0,0,999,0,0,0,12,6,2,12,0,0,0,1,42,15017,6,1,0,0,3,3,67,999,0,0,0,0,0,0,0,0,0,5,36,39,0,0,1,2,15,1,6,2,1,20,3,1,90,1,1,1,12,"777777777777","777777777777","777777777777",1,1
42,420543,2,2,2,11,7,18,49,18,0,1,0,42,1,14,402,14402,14,2007,"999999999999","9","9","9","9","9","9","9","9","9","9","9","9",0,0,0,"000000000","00000000000",0,0,0,1,0,0,0,0,0,0,0,999,9,0,0,12,6,2,12,0,0,0,1,42,15226,6,1,0,0,3,3,60,999,0,0,0,0,0,0,0,0,0,0,0,0,0,0,1,2,35,2,5,2,1,0,0,14,68,1,1,1,98,"777777777777","777777777777","777777777777",0,0
42,420544,1,1,1,10,7,20,37,30,0,1,0,42,3,20,404,20404,14,2015,"2GNFLGEK2F63","2","G","N","F","L","G","E","K","2","F","6","3",0,0,0,"000000000","00000000000",0,0,0,1,0,0,0,0,0,0,0,999,0,0,0,12,6,2,30,0,0,0,1,42,18901,6,1,0,0,3,0,68,999,0,0,0,0,0,0,0,0,0,0,99,99,99,99,1,2,35,1,1,2,1,0,0,1,12,1,1,4,6,"777777777777","777777777777","777777777777",1,0
42,420545,1,2,1,14,7,13,55,12,2,1,0,42,2,18,24,18024,6,2009,"5GAER23D89J1","5","G","A","E","R","2","3","D","8","9","J","1",0,0,0,"000000000","00000000000",0,0,0,1,0,0,0,0,0,0,0,999,0,0,0,12,6,2,12,0,0,0,1,42,16412,6,1,0,0,3,1,72,999,1,0,0,1,0,8,2013,5,2015,0,28,6,0,0,1,2,45,1,5,2,1,0,0,1,10,7,1,2,50,"777777777777","777777777777","777777777777",0,0
42,420545,2,2,2,14,7,13,55,12,2,1,0,42,1,72,706,72706,80,2007,"1HD1GX41X7K3","1","H","D","1","G","X","4","1","X","7","K","3",0,0,0,"000000000","00000000000",0,0,0,1,0,0,0,0,0,0,0,999,0,0,0,12,6,2,12,0,0,0,1,42,16505,6,1,0,0,3,3,76,999,0,0,0,0,1,10,2015,10,2015,0,0,0,0,0,1,2,45,1,6,2,1,0,0,1,62,99,1,1,51,"777777777777","777777777777","777777777777",1,0
42,420546,1,1,1,30,7,1,15,33,0,1,0,42,2,35,39,35039,4,2007,"1N4BA41E47C8","1","N","4","B","A","4","1","E","4","7","C","8",0,0,0,"000000000","00000000000",0,0,0,1,0,0,0,0,0,0,0,999,0,1,3,11,6,2,1,0,0,0,1,42,15210,0,0,0,0,0,0,67,999,0,1,0,0,0,1,2016,1,2016,3,0,0,0,0,2,2,55,1,1,2,1,0,0,6,6,1,2,4,7,"777777777777","777777777777","777777777777",1,0
42,420547,1,1,1,15,7,0,55,11,0,1,0,42,1,76,703,76703,80,2016,"JYADG24E5GA0","J","Y","A","D","G","2","4","E","5","G","A","0",0,0,0,"000000000","00000000000",0,0,0,1,0,0,0,0,0,0,0,45,0,0,0,12,6,2,32,0,0,0,1,42,18930,6,1,0,0,3,0,71,999,0,1,0,0,0,5,2015,5,2015,5,83,0,0,0,1,2,35,1,1,2,1,0,0,1,87,16,2,1,13,"777777777777","777777777777","777777777777",1,1
42,420548,1,1,1,24,7,21,22,1,0,1,0,42,2,73,706,73706,80,2011,"JKAZXCK15BA0","J","K","A","Z","X","C","K","1","5","B","A","0",0,0,0,"000000000","00000000000",0,0,0,1,0,0,0,0,0,0,0,999,0,0,0,0,6,2,42,0,0,0,1,42,19047,6,7,0,0,2,2,71,999,1,0,0,0,1,9,2015,10,2015,3,82,73,0,0,1,2,40,2,1,2,1,40,3,14,6,16,2,4,7,"777777777777","777777777777","777777777777",1,1
42,420549,1,1,1,20,7,14,0,59,0,1,0,42,1,20,404,20404,14,2006,"2CNDL73F5660","2","C","N","D","L","7","3","F","5","6","6","0",0,0,0,"000000000","00000000000",0,0,0,1,0,0,0,0,0,0,0,35,0,0,0,12,6,2,42,0,0,0,1,42,18707,6,1,0,0,3,0,70,999,0,0,0,0,0,0,0,0,0,0,0,0,0,0,1,2,35,1,1,2,2,0,0,1,8,1,1,4,6,"777777777777","777777777777","777777777777",1,0
42,420550,1,1,1,15,8,14,27,8,0,1,0,42,2,12,461,12461,21,2012,"1FTNE2EW5CDB","1","F","T","N","E","2","E","W","5","C","D","B",0,0,0,"000000000","00000000000",0,0,0,1,0,0,0,0,0,0,0,15,0,0,0,12,0,5,8,0,0,0,1,42,19142,6,1,0,0,3,0,69,999,0,0,0,0,0,0,0,0,0,0,99,99,99,99,4,2,98,1,1,2,1,3,3,11,80,99,1,1,13,"777777777777","777777777777","777777777777",0,0
42,420551,1,2,1,5,8,0,53,12,2,1,0,42,2,7,472,7472,31,2004,"1D7HG12K44S6","1","D","7","H","G","1","2","K","4","4","S","6",0,0,0,"000000000","00000000000",0,0,0,1,0,0,0,0,0,0,0,999,0,0,0,12,6,2,12,0,0,0,1,42,17044,6,1,0,0,3,0,67,999,0,0,0,0,0,0,0,0,0,0,51,0,0,0,3,2,55,1,1,2,1,0,0,1,54,1,1,1,52,"777777777777","777777777777","777777777777",0,1
42,420551,2,2,2,5,8,0,53,12,2,1,0,42,2,24,7,24007,4,2004,"1G8AZ52F64Z1","1","G","8","A","Z","5","2","F","6","4","Z","1",0,0,0,"000000000","00000000000",0,0,0,1,0,0,0,0,0,0,0,55,0,0,0,12,6,2,12,0,0,0,1,42,17050,6,1,0,0,3,0,68,999,0,0,0,0,0,0,0,0,0,0,0,0,0,0,3,2,55,1,1,2,1,0,0,1,54,16,2,1,52,"777777777777","777777777777","777777777777",1,0
42,420552,1,1,1,1,8,15,5,1,0,1,0,42,1,53,706,53706,80,2008,"JS1VS56A8821","J","S","1","V","S","5","6","A","8","8","2","1",0,0,0,"000000000","00000000000",0,0,0,1,0,0,0,0,0,0,0,40,0,0,0,0,2,3,1,0,0,0,1,42,16441,6,1,6,0,3,3,68,999,0,0,0,0,0,0,0,0,0,0,85,0,0,0,2,3,45,1,1,2,1,40,3,1,60,6,2,1,98,"777777777777","777777777777","777777777777",1,0
42,420553,1,2,1,15,8,13,13,12,2,1,0,42,1,12,23,12023,4,2016,"3FA6P0HD2GR2","3","F","A","6","P","0","H","D","2","G","R","2",0,0,0,"000000000","00000000000",0,0,0,1,0,0,0,0,0,0,0,999,0,0,0,12,6,2,12,0,0,0,1,42,17011,6,1,0,0,3,1,66,999,0,0,0,0,0,0,0,0,0,0,48,0,0,0,1,5,45,1,1,2,1,3,3,11,15,1,1,1,68,"777777777777","777777777777","777777777777",0,0
42,420553,2,2,2,15,8,13,13,12,2,1,0,42,1,20,2,20002,4,2012,"2G1WF5E39C11","2","G","1","W","F","5","E","3","9","C","1","1",0,0,0,"000000000","00000000000",0,0,0,1,0,0,0,0,0,0,0,45,0,0,0,12,6,2,12,0,0,0,1,42,17025,6,1,0,0,3,0,67,999,0,0,0,0,0,0,0,0,0,0,0,0,0,0,1,6,45,1,1,2,1,3,3,1,62,99,1,1,69,"777777777777","777777777777","777777777777",1,0
42,420554,1,1,2,14,7,2,5,33,0,1,0,42,2,37,31,37031,4,1997,"2HGEJ6624VH5","2","H","G","E","J","6","6","2","4","V","H","5",0,0,0,"000000000","00000000000",0,0,0,1,0,0,0,0,0,0,0,75,0,0,0,61,6,2,42,0,0,0,1,42,18103,1,1,0,0,2,3,64,999,0,0,0,0,0,0,0,0,0,3,0,0,0,0,1,3,25,3,3,2,1,0,0,14,13,1,1,4,1,"777777777777","777777777777","777777777777",2,1
42,420555,1,1,1,8,8,17,29,33,0,1,0,42,1,73,705,73705,80,2016,"JKBZXJE14GA0","J","K","B","Z","X","J","E","1","4","G","A","0",0,0,0,"000000000","00000000000",0,0,0,1,0,0,0,0,0,0,0,69,0,0,0,12,6,2,42,0,0,0,1,42,19038,6,1,0,0,3,0,66,999,0,0,0,0,0,0,0,0,0,5,35,52,0,0,1,2,35,1,1,2,1,0,0,6,13,99,1,4,1,"777777777777","777777777777","777777777777",1,1
42,420556,1,2,1,3,8,17,24,12,2,1,0,42,1,35,39,35039,4,2009,"1N4AA51E59C8","1","N","4","A","A","5","1","E","5","9","C","8",0,0,0,"000000000","00000000000",0,0,0,1,0,0,0,0,0,0,0,40,0,0,0,12,6,2,12,0,0,0,1,42,15044,6,1,0,0,3,0,68,999,1,0,0,0,0,8,2015,8,2015,0,51,0,0,0,1,2,35,1,5,2,1,0,0,1,10,1,1,2,50,"777777777777","777777777777","777777777777",1,0
42,420556,2,2,3,3,8,17,24,12,2,1,0,42,3,92,988,92988,52,2003,"15GGD2019310","1","5","G","G","D","2","0","1","9","3","1","0",0,0,88,"888888888","88888888888",3,21,22,1,0,0,0,0,6,3,0,35,0,0,0,12,6,2,12,0,0,0,1,42,15204,6,1,6,0,3,0,70,999,1,0,0,0,0,2,2013,2,2013,0,0,0,0,0,1,2,35,1,6,2,1,0,0,1,62,9,1,1,51,"777777777777","777777777777","777777777777",0,0
42,420557,1,2,1,12,8,2,28,12,2,1,0,42,3,86,881,86881,66,2015,"1M1AW07Y9FM0","1","M","1","A","W","0","7","Y","9","F","M","0",1,1,57,"00191496","5700191496",3,6,1,1,0,0,0,0,0,0,0,999,0,0,0,12,6,2,12,0,0,0,1,42,17042,6,1,6,1,3,3,71,999,1,0,0,0,0,1,2013,1,2013,0,51,0,0,0,1,2,55,3,1,2,2,0,0,14,10,8,1,2,50,"999999999999","777777777777","777777777777",0,0
42,420557,2,2,1,12,8,2,28,12,2,1,0,42,1,20,2,20002,4,2008,"2G1WT58N1892","2","G","1","W","T","5","8","N","1","8","9","2",0,0,0,"000000000","00000000000",0,0,0,1,0,0,0,0,0,0,0,999,0,0,0,12,6,2,12,0,0,0,1,42,19506,6,1,0,0,3,0,70,999,0,0,0,0,0,0,0,0,0,0,0,0,0,0,1,2,55,3,1,2,2,0,0,14,62,99,1,1,51,"777777777777","777777777777","777777777777",1,0
42,420558,1,2,1,27,8,5,18,12,2,1,0,42,2,98,706,98706,80,2002,"ZD4PAC0092S1","Z","D","4","P","A","C","0","0","9","2","S","1",0,0,0,"000000000","00000000000",0,0,0,1,0,0,0,0,0,0,0,999,0,0,0,12,6,2,12,0,0,0,1,42,19023,6,1,0,0,2,0,70,999,0,0,0,0,1,5,2016,5,2016,5,0,0,0,0,1,2,35,3,6,2,1,0,0,14,10,99,1,2,50,"777777777777","777777777777","777777777777",1,0
42,420558,2,2,1,27,8,5,18,12,2,1,0,42,1,12,17,12017,4,2013,"1FAHP2F89DG1","1","F","A","H","P","2","F","8","9","D","G","1",0,0,0,"000000000","00000000000",0,0,0,1,0,0,0,0,0,0,0,5,0,0,0,12,6,2,12,0,0,0,1,42,19023,6,1,0,0,3,0,63,999,0,0,0,0,0,0,0,0,0,0,0,0,0,0,1,2,35,3,1,2,1,0,0,14,62,8,1,1,51,"777777777777","777777777777","777777777777",0,0
42,420559,1,1,1,7,8,16,48,14,0,1,0,42,2,9,442,9442,20,1993,"2P4GH4533PR3","2","P","4","G","H","4","5","3","3","P","R","3",0,0,0,"000000000","00000000000",0,0,0,1,0,0,0,0,0,0,0,999,0,0,0,12,6,2,14,0,0,0,1,42,19464,3,1,0,0,2,0,74,999,0,1,0,0,0,8,2013,8,2013,0,99,99,99,99,1,2,25,1,1,2,1,0,0,1,50,99,1,1,98,"777777777777","777777777777","777777777777",1,0
42,420560,1,3,1,14,8,13,55,12,8,1,0,42,2,51,43,51043,6,1998,"YV1LW5541W24","Y","V","1","L","W","5","5","4","1","W","2","4",0,0,0,"000000000","00000000000",0,0,0,1,0,0,0,0,0,0,0,999,0,0,0,11,6,2,12,0,0,0,1,42,19144,6,1,0,0,3,0,71,999,0,0,0,0,0,0,0,0,0,0,0,0,0,0,1,2,35,3,1,2,1,0,0,14,10,99,1,2,64,"777777777777","777777777777","777777777777",1,0
42,420560,2,3,1,14,8,13,55,12,8,1,0,34,2,58,402,58402,14,2013,"5N1AL0MM7DC3","5","N","1","A","L","0","M","M","7","D","C","3",0,0,0,"000000000","00000000000",0,0,0,1,0,0,0,0,0,0,0,999,0,0,0,8,4,5,12,0,0,0,1,34,8021,6,1,0,0,3,0,72,999,0,0,0,0,0,0,0,0,0,0,0,0,0,0,1,2,35,2,1,2,1,0,0,14,62,99,1,1,65,"777777777777","777777777777","777777777777",0,0
42,420560,3,3,1,14,8,13,55,12,8,1,0,42,1,63,402,63402,14,2011,"5XYKT3A13BG0","5","X","Y","K","T","3","A","1","3","B","G","0",0,0,0,"000000000","00000000000",0,0,0,1,0,0,0,0,0,0,0,999,0,0,0,12,6,2,12,0,0,0,1,42,19144,6,1,0,0,3,0,65,999,0,0,0,0,0,0,0,0,0,0,0,0,0,0,1,2,35,2,1,2,1,0,0,14,62,16,1,1,98,"777777777777","777777777777","777777777777",1,0
42,420561,1,2,1,8,8,19,15,12,6,1,0,42,2,37,32,37032,4,1999,"1HGCG6678XA0","1","H","G","C","G","6","6","7","8","X","A","0",0,0,0,"000000000","00000000000",0,0,0,1,0,0,0,0,0,0,0,999,0,0,0,12,6,2,12,0,0,0,1,42,19122,0,0,0,0,0,0,999,999,0,0,0,0,0,0,0,0,0,0,0,0,0,0,1,1,25,1,1,2,1,3,3,1,17,99,1,1,86,"777777777777","777777777777","777777777777",0,0
42,420561,2,2,3,8,8,19,15,12,6,1,0,42,1,37,31,37031,4,2012,"19XFB2F50CE3","1","9","X","F","B","2","F","5","0","C","E","3",0,0,0,"000000000","00000000000",0,0,0,1,0,0,0,0,0,0,0,999,0,0,0,3,6,2,12,0,0,0,1,42,19124,6,1,0,0,3,0,60,999,0,0,0,0,0,0,0,0,0,0,0,0,0,0,1,1,25,1,1,2,1,3,3,1,17,99,1,1,87,"777777777777","777777777777","777777777777",1,0
42,420562,1,1,2,26,6,16,50,1,0,1,0,47,1,72,706,72706,80,2005,"1HD1FFW105Y6","1","H","D","1","F","F","W","1","0","5","Y","6",1,1,0,"000000000","00000000000",0,0,0,1,0,0,0,0,0,0,0,55,0,0,0,0,6,2,25,0,0,0,1,47,37862,6,1,0,0,3,0,71,192,1,0,0,0,0,8,2013,8,2013,0,0,0,0,0,3,2,55,1,1,1,1,0,0,1,1,1,2,2,98,"888888888888","777777777777","777777777777",1,0
42,420563,1,2,1,20,7,19,39,12,6,1,0,42,1,12,23,12023,4,2013,"3FA6P0H76DR3","3","F","A","6","P","0","H","7","6","D","R","3",0,0,0,"000000000","00000000000",0,0,0,1,0,0,0,0,0,0,0,999,0,0,0,9,6,2,12,0,0,0,1,42,16143,6,1,0,0,3,0,73,999,0,0,0,0,0,0,0,0,0,0,38,0,0,0,1,2,40,1,1,2,1,20,2,1,17,1,1,1,89,"777777777777","777777777777","777777777777",1,0
42,420563,2,2,1,20,7,19,39,12,6,1,0,42,3,82,881,82881,66,2007,"1FUJA6CKX7LX","1","F","U","J","A","6","C","K","X","7","L","X",1,1,57,"02628125","5702628125",3,6,3,1,0,0,0,0,0,0,0,999,0,0,0,12,6,2,12,0,0,0,1,42,16101,6,1,6,0,3,0,72,999,0,0,0,1,2,7,2012,1,2013,0,0,0,0,0,1,3,55,1,1,2,1,0,0,1,66,16,2,2,88,"1RNF48A201R0","777777777777","777777777777",0,0