"STATE","ST_CASE","VEH_NO","VE_FORMS","NUMOCCS","DAY","MONTH","HOUR","MINUTE","HARM_EV","MAN_COLL","UNITTYPE","HIT_RUN","REG_STAT","OWNER","MAKE","MODEL","MAK_MOD","BODY_TYP","MOD_YEAR","VIN","VIN_1","VIN_2","VIN_3","VIN_4","VIN_5","VIN_6","VIN_7","VIN_8","VIN_9","VIN_10","VIN_11","VIN_12","TOW_VEH","J_KNIFE","MCARR_I1","MCARR_I2","MCARR_ID","GVWR","V_CONFIG","CARGO_BT","HAZ_INV","HAZ_PLAC","HAZ_ID","HAZ_CNO","HAZ_REL","BUS_USE","SPEC_USE","EMER_USE","TRAV_SP","UNDERIDE","ROLLOVER","ROLINLOC","IMPACT1","DEFORMED","TOWED","M_HARM","VEH_SC1","VEH_SC2","FIRE_EXP","DR_PRES","L_STATE","DR_ZIP","L_STATUS","L_TYPE","CDL_STAT","L_ENDORS","L_COMPL","L_RESTRI","DR_HGT","DR_WGT","PREV_ACC","PREV_SUS","PREV_DWI","PREV_SPD","PREV_OTH","FIRST_MO","FIRST_YR","LAST_MO","LAST_YR","SPEEDREL","DR_SF1","DR_SF2","DR_SF3","DR_SF4","VTRAFWAY","VNUM_LAN","VSPD_LIM","VALIGN","VPROFILE","VPAVETYP","VSURCOND","VTRAFCON","VTCONT_F","P_CRASH1","P_CRASH2","P_CRASH3","PCRASH4","PCRASH5","ACC_TYPE","TRLR1VIN","TRLR2VIN","TRLR3VIN","DEATHS","DR_DRINK"
42,420596,1,2,1,14,9,9,5,12,1,1,0,34,1,12,23,12023,4,2013,"3FA6P0H79DR3","3","F","A","6","P","0","H","7","9","D","R","3",0,0,0,"000000000","00000000000",0,0,0,1,0,0,0,0,0,0,0,999,0,0,0,12,6,2,12,0,0,0,1,34,8611,1,1,0,0,2,0,71,999,0,1,0,0,6,3,2014,8,2016,4,8,36,0,0,3,2,45,1,6,2,1,0,0,1,8,16,1,2,32,"777777777777","777777777777","777777777777",0,0
42,420596,2,2,1,14,9,9,5,12,1,1,0,42,1,73,705,73705,80,2016,"JKAEXEF10GDA","J","K","A","E","X","E","F","1","0","G","D","A",0,0,0,"000000000","00000000000",0,0,0,1,0,0,0,0,0,0,0,999,0,0,0,6,6,2,12,0,0,0,1,42,19072,6,7,0,0,3,0,71,999,0,0,0,1,0,10,2011,10,2011,0,0,0,0,0,3,2,45,1,6,2,1,0,0,2,53,1,1,1,32,"777777777777","777777777777","777777777777",1,0
42,420597,1,1,1,13,9,15,20,35,0,1,0,42,1,49,40,49040,4,2006,"4T1BE32K96U1","4","T","1","B","E","3","2","K","9","6","U","1",0,0,0,"000000000","00000000000",0,0,0,1,0,0,0,0,0,0,0,55,0,1,5,1,6,2,1,0,0,0,1,42,15853,6,1,0,0,3,0,64,999,0,0,0,0,0,0,0,0,0,0,99,99,99,99,1,2,55,1,1,2,1,0,0,1,11,1,4,4,7,"777777777777","777777777777","777777777777",1,0
42,420598,1,3,1,3,9,13,10,12,6,1,0,42,1,53,705,53705,80,2015,"JS1GN7FA4F21","J","S","1","G","N","7","F","A","4","F","2","1",0,0,0,"000000000","00000000000",0,0,0,1,0,0,0,0,0,0,0,999,0,0,0,12,6,2,12,0,0,0,1,42,18974,6,1,0,0,2,0,70,999,0,0,0,0,0,0,0,0,0,0,99,99,99,99,1,5,45,1,1,2,1,3,3,1,99,99,1,3,69,"777777777777","777777777777","777777777777",1,0
42,420598,2,3,1,3,9,13,10,12,6,1,0,42,1,49,40,49040,4,2005,"4T1BE32K95U5","4","T","1","B","E","3","2","K","9","5","U","5",0,0,0,"000000000","00000000000",0,0,0,1,0,0,0,0,0,0,0,999,0,0,0,5,6,2,12,0,0,0,1,42,18974,6,1,0,0,3,3,64,999,0,0,0,0,0,0,0,0,0,0,99,99,99,99,1,5,45,1,1,2,1,3,3,11,99,99,1,3,68,"777777777777","777777777777","777777777777",0,0
42,420598,3,3,3,3,9,13,10,12,6,1,0,42,2,12,481,12481,31,2007,"1FTRX14WX7NA","1","F","T","R","X","1","4","W","X","7","N","A",1,1,0,"000000000","00000000000",0,0,0,1,0,0,0,0,0,0,0,0,0,0,0,14,0,5,18,0,0,0,1,42,19056,6,1,0,0,3,0,64,999,0,0,0,0,0,0,0,0,0,0,0,0,0,0,1,3,25,1,1,2,1,3,3,5,98,1,1,1,98,"4YMUL1217EV0","777777777777","777777777777",0,0
42,420599,1,4,1,18,8,18,48,12,1,1,0,42,1,2,404,2404,14,2008,"1J8HR68248C1","1","J","8","H","R","6","8","2","4","8","C","1",0,0,0,"000000000","00000000000",0,0,0,1,0,0,0,0,0,0,0,45,9,0,0,12,6,2,12,0,0,0,1,42,17344,0,0,0,0,0,0,64,999,0,0,0,0,0,0,0,0,0,0,0,0,0,0,1,2,45,1,1,2,1,0,0,1,50,15,1,1,20,"777777777777","777777777777","777777777777",0,0
42,420599,2,4,3,18,8,18,48,12,1,1,0,42,1,63,38,63038,5,2014,"KNAFX4A67E51","K","N","A","F","X","4","A","6","7","E","5","1",0,0,0,"000000000","00000000000",0,0,0,1,0,0,0,0,0,0,0,0,0,0,0,6,6,2,12,0,0,0,1,42,18201,6,1,0,0,3,3,72,999,0,0,0,0,0,0,0,0,0,0,0,0,0,0,1,2,45,1,1,2,1,0,0,5,53,1,1,1,22,"777777777777","777777777777","777777777777",2,0
42,420599,3,4,2,18,8,18,48,12,1,1,0,42,1,12,481,12481,31,1994,"1FTEF14N2RNA","1","F","T","E","F","1","4","N","2","R","N","A",0,0,0,"000000000","00000000000",0,0,0,1,0,0,0,0,0,0,0,45,0,0,0,12,6,2,12,0,0,0,1,42,17362,6,1,6,0,3,0,65,999,0,0,0,1,0,12,2014,12,2014,0,0,0,0,0,1,2,45,1,1,2,1,0,0,1,62,15,1,1,98,"777777777777","777777777777","777777777777",0,0
42,420599,4,4,1,18,8,18,48,12,1,1,0,42,1,14,4,14004,2,1968,"8F91J510820","8","F","9","1","J","5","1","0","8","2","0","",0,0,0,"000000000","00000000000",0,0,0,1,0,0,0,0,0,0,0,0,0,0,0,12,2,5,12,0,0,0,1,42,17316,6,1,0,0,3,3,68,999,0,0,0,0,0,0,0,0,0,0,0,0,0,0,1,2,98,1,1,2,1,20,3,5,67,1,1,1,98,"777777777777","777777777777","777777777777",0,0
42,420600,1,1,1,8,2,22,6,8,0,1,0,42,1,12,37,12037,4,2013,"1FADP3J21DL3","1","F","A","D","P","3","J","2","1","D","L","3",0,0,0,"000000000","00000000000",0,0,0,1,0,0,0,0,0,0,0,999,0,0,0,12,6,2,8,0,0,0,1,42,17946,6,1,0,0,3,0,66,999,0,0,0,0,0,0,0,0,0,0,0,0,0,0,1,4,35,1,5,2,2,0,0,1,80,8,1,1,13,"777777777777","777777777777","777777777777",0,0
42,420601,1,1,1,28,3,22,29,24,0,1,0,42,2,23,401,23401,14,2002,"1GKDS13S7224","1","G","K","D","S","1","3","S","7","2","2","4",0,0,0,"000000000","00000000000",0,0,0,1,0,0,0,0,0,0,0,65,0,1,6,12,6,2,1,0,0,0,1,42,17109,6,2,0,0,3,1,62,999,0,0,0,0,0,0,0,0,0,5,0,0,0,0,3,2,55,2,6,2,1,0,0,14,10,16,2,4,2,"777777777777","777777777777","777777777777",1,0
42,420602,1,1,1,8,1,22,27,35,0,1,0,42,2,13,421,13421,15,2002,"5LMFU28R92LJ","5","L","M","F","U","2","8","R","9","2","L","J",0,0,0,"000000000","00000000000",0,0,0,1,0,0,0,0,0,0,0,55,0,0,0,14,6,2,19,0,0,0,1,42,17236,1,1,0,0,2,0,69,999,0,0,0,0,0,0,0,0,0,0,99,99,99,99,1,2,55,1,1,2,2,0,0,1,13,1,1,4,1,"777777777777","777777777777","777777777777",1,1
42,420603,1,1,2,15,1,12,15,24,0,1,0,47,1,49,40,49040,4,2015,"4T1BD1FK9FU1","4","T","1","B","D","1","F","K","9","F","U","1",0,0,0,"000000000","00000000000",0,0,0,1,0,0,0,0,0,0,0,75,0,0,0,1,6,2,24,0,0,0,1,47,37042,6,1,0,0,3,0,67,143,0,0,0,0,0,0,0,0,0,5,0,0,0,0,3,2,55,2,6,2,1,0,0,6,10,99,2,4,2,"777777777777","777777777777","777777777777",1,0
42,420604,1,1,1,19,3,18,14,53,0,1,0,42,1,72,706,72706,80,2009,"1HD1JK5159Y0","1","H","D","1","J","K","5","1","5","9","Y","0",0,0,0,"000000000","00000000000",0,0,0,1,0,0,0,0,0,0,0,999,0,0,0,12,6,2,30,0,0,0,1,42,16937,6,1,0,0,3,0,67,999,0,0,0,0,0,0,0,0,0,3,0,0,0,0,1,2,40,3,1,2,1,0,0,14,13,1,1,4,1,"777777777777","777777777777","777777777777",1,1
42,420605,1,2,1,23,6,12,43,12,2,1,0,42,2,22,20,22020,4,2003,"1G2WP52K93F1","1","G","2","W","P","5","2","K","9","3","F","1",0,0,0,"000000000","00000000000",0,0,0,1,0,0,0,0,0,0,0,999,0,0,0,12,6,2,12,0,0,0,1,42,19608,6,2,0,0,3,0,66,999,0,0,0,0,0,0,0,0,0,0,28,0,0,0,1,2,55,2,1,2,1,0,0,14,10,1,1,2,50,"777777777777","777777777777","777777777777",1,0
42,420605,2,2,1,23,6,12,43,12,2,1,0,42,3,20,481,20481,31,2015,"1GCNKPEC3FZ4","1","G","C","N","K","P","E","C","3","F","Z","4",1,1,0,"000000000","00000000000",0,0,0,1,0,0,0,0,0,0,0,999,0,0,0,12,6,2,12,0,0,0,1,42,17522,6,1,0,0,3,0,70,999,0,0,0,0,0,0,0,0,0,0,0,0,0,0,1,2,55,3,1,2,1,0,0,14,62,7,1,1,51,"5DT211E10610","777777777777","777777777777",1,0
42,420606,1,1,1,29,4,21,30,41,0,1,0,42,1,12,471,12471,30,2003,"1FTYR44U63PB","1","F","T","Y","R","4","4","U","6","3","P","B",0,0,0,"000000000","00000000000",0,0,0,1,0,0,0,0,0,0,0,999,0,0,0,4,6,2,42,0,0,0,1,42,16142,6,1,0,0,3,0,68,999,0,0,0,0,0,0,0,0,0,3,0,0,0,0,1,2,45,1,5,2,1,0,0,1,13,1,1,4,1,"777777777777","777777777777","777777777777",1,1
42,420607,1,1,1,29,5,21,31,1,0,1,0,42,2,53,706,53706,80,2003,"JS1VS53A8321","J","S","1","V","S","5","3","A","8","3","2","1",0,0,0,"000000000","00000000000",0,0,0,1,0,0,0,0,0,0,0,65,0,0,0,0,6,2,30,0,0,0,1,42,17035,6,1,0,0,2,0,71,999,0,1,0,1,1,4,2013,12,2013,3,6,0,0,0,1,2,40,3,6,2,1,0,0,14,6,1,4,4,98,"777777777777","777777777777","777777777777",1,1
42,420608,1,1,4,1,6,13,16,35,0,1,0,42,2,20,22,20022,4,2010,"1G1AB5F51A71","1","G","1","A","B","5","F","5","1","A","7","1",0,0,0,"000000000","00000000000",0,0,0,1,0,0,0,0,0,0,0,80,0,1,5,12,6,2,1,0,0,0,1,42,16407,6,7,0,0,3,0,68,999,0,0,0,0,0,0,0,0,0,3,52,0,0,0,1,2,45,1,6,2,1,0,0,1,6,1,4,4,7,"777777777777","777777777777","777777777777",1,0
42,420609,1,1,1,11,6,16,5,34,0,1,0,24,1,72,706,72706,80,1996,"1HD1CGP18TY2","1","H","D","1","C","G","P","1","8","T","Y","2",0,0,0,"000000000","00000000000",0,0,0,1,0,0,0,0,0,0,0,35,0,0,0,99,6,2,17,0,0,0,1,24,21740,6,1,0,0,3,0,71,200,0,0,0,0,0,0,0,0,0,0,99,99,99,99,1,2,40,3,6,2,1,0,0,14,13,99,2,4,2,"777777777777","777777777777","777777777777",1,0
42,420610,1,3,1,11,7,17,28,12,2,1,0,42,2,7,29,7029,4,2015,"1C3CDFEB2FD1","1","C","3","C","D","F","E","B","2","F","D","1",0,0,0,"000000000","00000000000",0,0,0,1,0,0,0,0,0,0,0,999,0,1,1,12,6,2,12,0,0,0,1,42,17082,6,1,0,0,3,3,67,999,0,0,0,0,0,0,0,0,0,5,28,6,0,0,1,2,55,2,1,2,1,0,0,14,10,6,1,2,50,"777777777777","777777777777","777777777777",0,0
42,420610,2,3,1,11,7,17,28,12,2,1,0,42,1,30,40,30040,4,2003,"3VWRK69M33M1","3","V","W","R","K","6","9","M","3","3","M","1",0,0,0,"000000000","00000000000",0,0,0,1,0,0,0,0,0,0,0,999,0,0,0,12,6,2,12,0,0,0,1,42,17086,6,1,0,0,3,0,74,999,0,0,0,0,0,0,0,0,0,0,0,0,0,0,1,2,55,3,1,2,1,0,0,14,62,6,1,1,51,"777777777777","777777777777","777777777777",1,0
42,420610,3,3,1,11,7,17,28,12,2,1,0,42,2,2,422,2422,15,2015,"1C4RJFCG0FC7","1","C","4","R","J","F","C","G","0","F","C","7",0,0,0,"000000000","00000000000",0,0,0,1,0,0,0,0,0,0,0,55,0,0,0,12,6,2,12,0,0,0,1,42,17086,6,1,0,0,3,0,64,999,0,0,0,1,0,11,2013,11,2013,0,0,0,0,0,1,2,55,3,1,2,1,0,0,14,62,16,1,1,98,"777777777777","777777777777","777777777777",0,0
42,420611,1,2,2,9,7,5,40,12,6,1,0,42,1,34,35,34035,4,1998,"WBADD6328WGT","W","B","A","D","D","6","3","2","8","W","G","T",0,0,0,"000000000","00000000000",0,0,0,1,0,0,0,0,0,0,0,55,0,0,0,1,6,2,12,0,0,0,1,42,18201,0,0,0,0,0,0,71,999,1,0,0,0,0,12,2015,12,2015,0,51,0,0,0,2,2,55,1,5,2,1,0,0,1,9,1,4,4,66,"777777777777","777777777777","777777777777",0,0
42,420611,2,2,2,9,7,5,40,12,6,1,0,42,1,35,39,35039,4,2005,"1N4BA41E35C8","1","N","4","B","A","4","1","E","3","5","C","8",0,0,0,"000000000","00000000000",0,0,0,1,0,0,0,0,0,0,0,55,0,0,0,12,6,2,12,0,0,0,1,42,18201,6,1,6,0,3,0,69,999,0,0,0,1,0,2,2013,2,2013,0,0,0,0,0,2,2,55,1,6,2,1,0,0,1,62,1,1,1,66,"777777777777","777777777777","777777777777",1,0
42,420612,1,1,1,30,7,3,27,1,0,1,0,42,2,53,706,53706,80,2003,"JS1VS52A8321","J","S","1","V","S","5","2","A","8","3","2","1",0,0,0,"000000000","00000000000",0,0,0,1,0,0,0,0,0,0,0,40,0,0,0,0,6,2,39,0,0,0,1,42,17509,6,1,0,0,2,0,70,999,0,0,0,0,0,0,0,0,0,4,0,0,0,0,1,2,40,3,1,2,1,0,0,14,6,9,2,2,98,"777777777777","777777777777","777777777777",1,0
42,420613,1,1,1,28,7,10,23,33,0,1,0,42,2,2,404,2404,14,2014,"1C4PJMDB4EW2","1","C","4","P","J","M","D","B","4","E","W","2",0,0,0,"000000000","00000000000",0,0,0,1,0,0,0,0,0,0,0,80,0,1,5,1,6,2,1,0,0,0,1,42,18353,6,1,0,0,3,0,74,999,1,1,1,0,0,7,2012,9,2015,4,0,0,0,0,3,2,55,3,6,2,1,0,0,14,13,1,1,4,1,"777777777777","777777777777","777777777777",1,0
42,420614,1,1,1,15,7,0,58,53,0,1,0,42,1,12,3,12003,2,2002,"1FAFP42X22F1","1","F","A","F","P","4","2","X","2","2","F","1",0,0,0,"000000000","00000000000",0,0,0,1,0,0,0,0,0,0,0,999,0,1,5,1,6,2,42,0,0,0,1,42,16137,6,1,6,0,3,0,66,999,1,0,0,0,0,10,2014,10,2014,3,0,0,0,0,1,2,55,3,1,2,1,0,0,14,6,99,4,4,7,"777777777777","777777777777","777777777777",1,1
42,420615,1,2,2,20,7,8,21,12,6,1,0,42,1,12,23,12023,4,2012,"3FAHP0GA8CR3","3","F","A","H","P","0","G","A","8","C","R","3",0,0,0,"000000000","00000000000",0,0,0,1,0,0,0,0,0,0,0,5,0,0,0,10,6,2,12,0,0,0,1,42,17864,6,1,0,0,3,1,60,999,0,0,0,0,0,0,0,0,0,0,38,0,0,0,1,2,25,1,1,2,1,20,3,11,15,1,1,1,82,"777777777777","777777777777","777777777777",1,0
42,420615,2,2,1,20,7,8,21,12,6,1,0,42,3,87,884,87884,66,2005,"1XP5DB9X75N8","1","X","P","5","D","B","9","X","7","5","N","8",1,1,57,"00351962","5700351962",3,6,98,1,0,0,0,0,0,0,0,60,0,0,0,1,6,2,12,0,0,0,1,42,17536,6,1,6,0,3,0,67,999,1,0,0,0,1,10,2011,12,2011,0,0,0,0,0,3,2,55,1,1,2,1,0,0,1,67,8,1,2,83,"4WW4412A3C66","777777777777","777777777777",0,0
42,420616,1,2,1,18,7,13,2,12,2,1,0,42,1,53,40,53040,5,2012,"JS2YB5A37C63","J","S","2","Y","B","5","A","3","7","C","6","3",0,0,0,"000000000","00000000000",0,0,0,1,0,0,0,0,0,0,0,40,0,0,0,12,6,2,12,0,0,0,1,42,15683,6,1,0,0,3,0,64,999,0,0,0,0,0,0,0,0,0,5,28,0,0,0,1,2,25,2,5,2,1,0,0,14,10,99,1,2,50,"777777777777","777777777777","777777777777",1,0
42,420616,2,2,1,18,7,13,2,12,2,1,0,42,1,12,881,12881,62,2004,"3FRWX65424V5","3","F","R","W","X","6","5","4","2","4","V","5",0,0,57,"02823393","5702823393",2,1,3,1,0,0,0,0,0,0,0,5,0,0,0,12,6,2,12,0,0,0,1,42,15683,6,1,0,0,3,1,73,999,0,0,0,0,0,0,0,0,0,0,0,0,0,0,1,2,25,3,6,2,1,0,0,14,62,9,1,4,51,"777777777777","777777777777","777777777777",0,0
42,420617,1,2,2,11,7,13,34,12,6,1,0,12,2,19,3,19003,4,2004,"1G6KD54Y44U2","1","G","6","K","D","5","4","Y","4","4","U","2",0,0,0,"000000000","00000000000",0,0,0,1,0,0,0,0,0,0,0,999,0,0,0,1,6,2,12,0,0,0,1,12,33414,6,1,0,0,3,3,67,999,1,0,0,0,0,11,2011,11,2011,0,58,35,51,0,2,2,65,2,1,2,1,0,0,6,12,7,4,4,66,"777777777777","777777777777","777777777777",1,0
42,420617,2,2,1,11,7,13,34,12,6,1,0,17,3,51,881,51881,66,2016,"4V4NC9EG8GN9","4","V","4","N","C","9","E","G","8","G","N","9",1,1,57,"01064226","5701064226",3,6,1,1,0,0,0,0,0,0,0,50,0,0,0,12,6,2,12,0,0,0,1,42,17201,6,1,6,0,3,0,69,999,0,0,0,0,0,0,0,0,0,0,0,0,0,0,2,2,65,3,1,2,1,0,0,14,62,9,1,4,66,"888888888888","777777777777","777777777777",0,0
42,420618,1,1,1,25,8,23,0,18,0,1,0,42,1,48,45,48045,6,2003,"4S3BH8067376","4","S","3","B","H","8","0","6","7","3","7","6",0,0,0,"000000000","00000000000",0,0,0,1,0,0,0,0,0,0,0,999,0,1,5,83,6,2,1,0,0,0,1,42,18222,6,1,0,0,3,0,72,999,0,0,0,0,0,0,0,0,0,3,0,0,0,0,1,2,35,3,6,2,1,0,0,14,10,1,1,4,1,"777777777777","777777777777","777777777777",1,0
42,420619,1,1,1,13,8,5,56,30,0,1,0,24,1,41,403,41403,14,2015,"JM3KE4CY9F05","J","M","3","K","E","4","C","Y","9","F","0","5",0,0,0,"000000000","00000000000",0,0,0,1,0,0,0,0,0,0,0,35,0,0,0,12,6,2,30,0,0,0,1,24,21102,6,1,0,0,3,0,71,237,0,0,0,0,0,0,0,0,0,0,0,0,0,0,1,2,35,1,6,2,1,0,0,1,8,1,1,4,1,"777777777777","777777777777","777777777777",1,0
42,420620,1,1,1,13,7,10,0,42,0,1,0,42,2,12,481,12481,31,2015,"1FTFX1EF3FFA","1","F","T","F","X","1","E","F","3","F","F","A",0,0,0,"000000000","00000000000",0,0,0,1,0,0,0,0,0,0,0,50,0,0,0,12,6,2,42,0,0,0,1,42,15757,6,1,0,0,3,3,72,999,1,0,0,0,0,10,2015,10,2015,5,0,0,0,0,1,2,99,3,6,2,1,0,0,14,13,1,1,4,1,"777777777777","777777777777","777777777777",1,0
42,420621,1,3,1,20,9,6,7,12,8,1,0,42,2,67,32,67032,3,2012,"JTKJF5C74C30","J","T","K","J","F","5","C","7","4","C","3","0",0,0,0,"000000000","00000000000",0,0,0,1,0,0,0,0,0,0,0,999,9,0,0,11,6,2,12,0,0,0,1,42,19438,6,1,0,0,3,0,66,999,0,0,0,0,0,0,0,0,0,0,51,0,0,0,1,2,45,1,6,2,1,0,0,1,54,99,9,1,66,"777777777777","777777777777","777777777777",0,0
42,420621,2,3,1,20,9,6,7,12,8,1,0,42,1,55,35,55035,4,2003,"KMHDN45D53U5","K","M","H","D","N","4","5","D","5","3","U","5",0,0,0,"000000000","00000000000",0,0,0,1,0,0,0,0,0,0,0,999,0,0,0,11,6,2,12,0,0,0,1,42,19460,6,1,6,0,3,3,65,999,0,0,0,0,0,0,0,0,0,0,0,0,0,0,1,2,45,1,5,2,1,0,0,1,54,98,9,9,66,"777777777777","777777777777","777777777777",1,0
42,420621,3,3,1,20,9,6,7,12,8,1,0,42,1,37,31,37031,2,1999,"1HGEJ8142XL0","1","H","G","E","J","8","1","4","2","X","L","0",0,0,0,"000000000","00000000000",0,0,0,1,0,0,0,0,0,0,0,999,9,0,0,12,2,5,12,0,0,0,1,42,19426,6,1,0,0,3,0,71,999,0,0,0,0,0,0,0,0,0,0,0,0,0,0,1,2,45,1,5,2,1,0,0,1,54,99,1,9,98,"777777777777","777777777777","777777777777",0,0
42,420622,1,2,2,27,8,3,15,24,0,1,0,51,1,7,482,7482,31,2013,"1C6RR6NT5DS7","1","C","6","R","R","6","N","T","5","D","S","7",0,0,0,"000000000","00000000000",0,0,0,1,0,0,0,0,0,0,0,70,9,0,0,12,6,2,12,0,0,0,1,42,15201,6,1,0,0,3,0,73,999,0,0,0,0,0,0,0,0,0,3,91,0,0,0,1,4,40,2,1,2,1,0,0,14,13,1,1,4,1,"777777777777","777777777777","777777777777",0,1
42,420622,2,2,1,27,8,3,15,24,0,1,0,42,2,13,2,13002,2,1997,"1LNLM91V8VY6","1","L","N","L","M","9","1","V","8","V","Y","6",0,0,0,"000000000","00000000000",0,0,0,1,0,0,0,0,0,0,0,999,0,0,0,11,6,2,12,0,0,0,1,42,15132,0,0,0,0,0,0,75,999,0,0,0,0,0,0,0,0,0,0,0,0,0,0,1,4,40,3,1,2,1,0,0,14,62,1,1,1,98,"777777777777","777777777777","777777777777",1,0
42,420623,1,1,2,27,8,20,26,8,0,1,0,42,1,20,443,20443,20,2003,"1GNDX03E03D2","1","G","N","D","X","0","3","E","0","3","D","2",0,0,0,"000000000","00000000000",0,0,0,1,0,0,0,0,0,0,0,35,0,0,0,1,2,5,8,0,0,0,1,42,17602,6,1,0,0,3,3,66,999,0,0,0,0,1,1,2012,1,2012,0,0,0,0,0,1,2,55,1,1,2,1,0,0,1,80,1,1,1,13,"777777777777","777777777777","777777777777",0,0
42,420624,1,2,1,30,8,23,24,12,6,1,1,42,9,23,431,23431,16,2000,"3GKFK16T1YG2","3","G","K","F","K","1","6","T","1","Y","G","2",0,0,0,"000000000","00000000000",0,0,0,1,0,0,0,0,0,0,0,999,0,0,0,12,4,5,12,0,0,0,1,99,99999,9,9,99,0,9,9,999,999,99,99,99,99,99,99,9999,99,9999,0,48,0,0,0,1,5,35,1,1,2,1,3,3,11,15,99,9,1,68,"777777777777","777777777777","777777777777",0,0
42,420624,2,2,1,30,8,23,24,12,6,1,0,42,1,73,706,73706,80,2003,"JKBVNKA183A0","J","K","B","V","N","K","A","1","8","3","A","0",0,0,0,"000000000","00000000000",0,0,0,1,0,0,0,0,0,0,0,999,0,0,0,11,6,2,12,0,0,0,1,42,19120,6,1,0,0,2,3,72,999,0,0,1,0,0,8,2015,8,2015,0,99,99,99,99,1,4,35,1,1,2,1,3,3,1,62,99,9,1,69,"777777777777","777777777777","777777777777",1,0
42,420625,1,1,3,27,8,1,15,42,0,1,0,42,1,12,401,12401,14,2006,"1FMEU73806UA","1","F","M","E","U","7","3","8","0","6","U","A",0,0,0,"000000000","00000000000",0,0,0,1,0,0,0,0,0,0,0,82,0,1,1,5,6,2,1,0,0,0,1,42,16406,6,1,0,0,3,0,74,999,0,1,0,3,0,12,2011,6,2013,4,91,58,0,0,1,2,45,1,1,2,1,0,0,1,6,6,5,4,2,"777777777777","777777777777","777777777777",1,1
42,420626,1,1,2,27,8,10,20,35,0,1,0,42,1,20,481,20481,31,1989,"1GCDK14K4KE2","1","G","C","D","K","1","4","K","4","K","E","2",0,0,0,"000000000","00000000000",0,0,0,1,0,0,0,0,0,0,0,80,0,1,5,12,6,2,1,0,0,0,1,42,16438,6,7,0,0,2,2,67,999,0,0,0,0,0,0,0,0,0,3,6,73,0,0,1,2,55,1,1,5,1,0,0,1,6,8,4,4,7,"777777777777","777777777777","777777777777",1,0
42,420627,1,2,1,31,8,14,43,12,6,1,0,42,2,37,706,37706,80,1995,"JH2SC2800SM3","J","H","2","S","C","2","8","0","0","S","M","3",0,0,0,"000000000","00000000000",0,0,0,1,0,0,0,0,0,0,0,50,0,0,0,12,6,2,12,0,0,0,1,42,19475,1,1,0,0,2,0,64,999,0,0,0,0,0,0,0,0,0,5,39,0,0,0,1,2,40,1,1,2,1,20,3,1,17,1,1,1,88,"777777777777","777777777777","777777777777",1,0
42,420627,2,2,1,31,8,14,43,12,6,1,0,42,3,87,884,87884,66,2015,"1XPBDP9X8FD2","1","X","P","B","D","P","9","X","8","F","D","2",1,1,57,"00005165","5700005165",3,6,98,1,0,0,0,0,0,0,0,40,0,0,0,11,2,5,12,0,0,0,1,42,19475,6,1,6,0,3,0,76,999,0,0,0,0,0,0,0,0,0,0,0,0,0,0,1,2,45,1,1,2,1,0,0,1,66,1,1,1,89,"888888888888","777777777777","777777777777",0,0
42,420628,1,2,1,11,8,13,17,12,6,1,0,42,1,35,446,35446,20,2015,"3N6CM0KN5FK6","3","N","6","C","M","0","K","N","5","F","K","6",0,0,0,"000000000","00000000000",0,0,0,1,0,0,0,0,0,0,0,999,9,0,0,12,6,2,12,0,0,0,1,42,15563,6,1,0,0,3,0,64,999,0,0,0,0,0,0,0,0,0,0,38,0,0,0,0,0,0,0,0,0,0,0,0,11,15,1,1,1,82,"777777777777","777777777777","777777777777",0,0
42,420628,2,2,1,11,8,13,17,12,6,1,0,42,1,12,481,12481,31,2003,"2FTRF18253CA","2","F","T","R","F","1","8","2","5","3","C","A",0,0,0,"000000000","00000000000",0,0,0,1,0,0,0,0,0,0,0,999,0,0,0,3,6,2,43,0,0,0,1,42,15424,6,1,0,0,3,0,72,999,0,0,0,0,0,0,0,0,0,0,0,0,0,0,1,2,45,1,6,2,1,0,0,1,72,16,2,1,83,"777777777777","777777777777","777777777777",1,0
42,420629,1,2,1,11,8,2,55,12,2,1,0,42,1,18,7,18007,4,2003,"2G4WS52J6312","2","G","4","W","S","5","2","J","6","3","1","2",0,0,0,"000000000","00000000000",0,0,0,1,0,0,0,0,0,0,0,999,2,1,5,12,6,2,12,0,0,0,1,42,17517,6,1,0,0,3,3,69,999,1,0,0,1,0,12,2015,1,2016,0,28,0,0,0,5,3,45,1,1,2,1,0,0,1,10,1,1,2,50,"777777777777","777777777777","777777777777",1,0
42,420629,2,2,2,11,8,2,55,12,2,1,0,34,3,82,881,82881,66,2006,"1FUJCRAV06PV","1","F","U","J","C","R","A","V","0","6","P","V",1,1,57,"02522617","5702522617",3,6,1,1,0,0,0,0,0,0,0,45,0,0,0,12,6,2,12,0,0,0,1,36,11356,6,1,6,0,3,0,999,999,0,0,0,0,0,0,0,0,0,0,0,0,0,0,5,3,45,1,1,2,1,0,0,1,62,6,1,2,51,"888888888888","777777777777","777777777777",0,0
42,420630,1,1,1,13,8,20,56,8,0,1,0,42,1,34,47,34047,2,2014,"WBA3N9C50EK2","W","B","A","3","N","9","C","5","0","E","K","2",0,0,0,"000000000","00000000000",0,0,0,1,0,0,0,0,0,0,0,999,0,0,0,11,2,3,8,0,0,0,1,42,18974,6,1,0,0,3,0,70,999,0,0,0,0,0,0,0,0,0,0,0,0,0,0,5,5,45,1,6,2,1,0,0,1,80,98,1,3,13,"777777777777","777777777777","777777777777",0,0