"STATE","ST_CASE","VEH_NO","VE_FORMS","NUMOCCS","DAY","MONTH","HOUR","MINUTE","HARM_EV","MAN_COLL","UNITTYPE","HIT_RUN","REG_STAT","OWNER","MAKE","MODEL","MAK_MOD","BODY_TYP","MOD_YEAR","VIN","VIN_1","VIN_2","VIN_3","VIN_4","VIN_5","VIN_6","VIN_7","VIN_8","VIN_9","VIN_10","VIN_11","VIN_12","TOW_VEH","J_KNIFE","MCARR_I1","MCARR_I2","MCARR_ID","GVWR","V_CONFIG","CARGO_BT","HAZ_INV","HAZ_PLAC","HAZ_ID","HAZ_CNO","HAZ_REL","BUS_USE","SPEC_USE","EMER_USE","TRAV_SP","UNDERIDE","ROLLOVER","ROLINLOC","IMPACT1","DEFORMED","TOWED","M_HARM","VEH_SC1","VEH_SC2","FIRE_EXP","DR_PRES","L_STATE","DR_ZIP","L_STATUS","L_TYPE","CDL_STAT","L_ENDORS","L_COMPL","L_RESTRI","DR_HGT","DR_WGT","PREV_ACC","PREV_SUS","PREV_DWI","PREV_SPD","PREV_OTH","FIRST_MO","FIRST_YR","LAST_MO","LAST_YR","SPEEDREL","DR_SF1","DR_SF2","DR_SF3","DR_SF4","VTRAFWAY","VNUM_LAN","VSPD_LIM","VALIGN","VPROFILE","VPAVETYP","VSURCOND","VTRAFCON","VTCONT_F","P_CRASH1","P_CRASH2","P_CRASH3","PCRASH4","PCRASH5","ACC_TYPE","TRLR1VIN","TRLR2VIN","TRLR3VIN","DEATHS","DR_DRINK"
42,420631,1,2,1,30,8,13,10,12,1,1,0,92,0,98,998,98998,97,9999,"000000000000","0","0","0","0","0","0","0","0","0","0","0","0",0,0,0,"000000000","00000000000",0,0,0,1,0,0,0,0,0,0,0,8,0,0,0,6,6,2,12,0,0,0,1,42,18465,0,0,0,0,1,0,999,999,0,0,0,0,0,0,0,0,0,0,18,24,0,0,1,2,55,1,3,2,1,0,0,1,53,1,1,1,25,"777777777777","777777777777","777777777777",1,0
42,420631,2,2,1,30,8,13,10,12,1,1,0,42,1,20,2,20002,4,2005,"2G1WF52E7592","2","G","1","W","F","5","2","E","7","5","9","2",0,0,0,"000000000","00000000000",0,0,0,1,0,0,0,0,0,0,0,55,0,0,0,12,4,3,12,0,0,0,1,42,18465,6,1,0,0,3,1,65,999,0,0,0,0,0,0,0,0,0,0,0,0,0,0,1,2,55,1,3,2,1,0,0,1,51,1,1,1,24,"777777777777","777777777777","777777777777",0,0
42,420632,1,1,1,2,9,0,46,9,0,1,1,99,9,99,999,99999,99,9999,"999999999999","9","9","9","9","9","9","9","9","9","9","9","9",0,0,0,"000000000","00000000000",0,0,0,1,0,0,0,0,0,99,9,999,0,0,0,12,9,5,9,0,0,0,1,99,99999,9,9,99,9,9,9,999,999,99,99,99,99,99,99,9999,99,9999,0,99,99,99,99,1,2,30,1,6,2,1,0,0,99,11,99,9,4,13,"777777777777","777777777777","777777777777",0,0
42,420633,1,2,1,12,9,8,24,12,6,1,0,34,1,18,2,18002,4,2004,"1G4HP54K6441","1","G","4","H","P","5","4","K","6","4","4","1",0,0,0,"000000000","00000000000",0,0,0,1,0,0,0,0,0,0,0,65,1,0,0,12,6,2,12,0,0,0,1,34,8021,6,1,0,0,3,0,70,999,1,1,0,0,2,6,2012,6,2015,3,0,0,0,0,3,2,35,1,6,2,1,3,3,1,17,16,1,1,69,"777777777777","777777777777","777777777777",1,0
42,420633,2,2,1,12,9,8,24,12,6,1,0,42,3,84,988,84988,50,2014,"4DRBUAANXEB7","4","D","R","B","U","A","A","N","X","E","B","7",0,0,57,"01497653","5701497653",3,21,22,1,0,0,0,0,1,2,0,999,0,0,0,4,4,3,12,0,0,0,1,42,19132,6,1,6,1,3,1,61,999,0,0,0,0,0,0,0,0,0,0,99,99,99,99,2,5,35,1,5,2,1,3,3,11,63,1,1,1,68,"777777777777","777777777777","777777777777",0,0
42,420634,1,2,1,22,9,16,50,12,11,1,0,42,1,20,423,20423,15,2014,"1GNKRHKD0EJ3","1","G","N","K","R","H","K","D","0","E","J","3",0,0,0,"000000000","00000000000",0,0,0,1,0,0,0,0,0,0,0,5,0,0,0,10,6,2,12,0,0,0,1,42,16875,6,1,0,0,3,0,70,999,0,0,0,0,0,0,0,0,0,0,38,0,0,0,1,2,35,1,1,2,1,20,3,11,15,1,1,1,82,"777777777777","777777777777","777777777777",0,0
42,420634,2,2,1,22,9,16,50,12,11,1,0,42,1,72,706,72706,80,1992,"1HD1BJL46NY0","1","H","D","1","B","J","L","4","6","N","Y","0",0,0,0,"000000000","00000000000",0,0,0,1,0,0,0,0,0,0,0,999,0,0,0,3,6,2,12,0,0,0,1,42,16872,6,1,6,0,3,0,74,999,0,0,0,0,0,0,0,0,0,0,0,0,0,0,1,2,55,1,1,2,1,0,0,1,67,16,2,1,83,"777777777777","777777777777","777777777777",1,0
42,420635,1,1,1,4,9,21,52,8,0,1,1,42,2,35,443,35443,20,2004,"5N1BV28U64N3","5","N","1","B","V","2","8","U","6","4","N","3",0,0,0,"000000000","00000000000",0,0,0,1,0,0,0,0,0,0,0,55,0,0,0,12,4,5,8,0,0,0,1,42,16410,1,1,0,0,2,0,74,999,0,1,1,0,0,4,2015,6,2016,5,91,0,0,0,1,4,35,1,6,2,1,0,0,1,80,99,1,1,13,"777777777777","777777777777","777777777777",0,0
42,420636,1,2,0,12,9,16,33,8,0,1,9,34,6,12,23,12023,4,2009,"3FAHP08Z49R1","3","F","A","H","P","0","8","Z","4","9","R","1",0,0,0,"000000000","00000000000",0,0,0,1,0,0,0,0,0,0,0,0,0,0,0,61,4,3,12,0,0,0,0,0,99997,7,6,97,7,6,7,998,997,998,998,998,998,998,98,9998,98,9998,8,54,0,0,0,2,2,55,1,3,2,1,0,0,0,98,0,0,0,98,"777777777777","777777777777","777777777777",0,0
42,420636,2,2,3,12,9,16,33,8,0,1,0,42,1,30,40,30040,4,2012,"3VWDP7AJ5CM3","3","V","W","D","P","7","A","J","5","C","M","3",0,0,0,"000000000","00000000000",0,0,0,1,0,0,0,0,0,0,0,61,0,0,0,99,6,2,8,0,0,0,1,42,17740,6,1,0,0,3,0,72,999,0,0,0,0,0,0,0,0,0,0,6,0,0,0,2,2,55,1,3,2,1,0,0,1,80,15,9,3,13,"777777777777","777777777777","777777777777",0,0
42,420637,1,2,1,25,9,16,5,12,6,1,0,42,2,73,706,73706,80,2013,"JKAZXCK17DA0","J","K","A","Z","X","C","K","1","7","D","A","0",0,0,0,"000000000","00000000000",0,0,0,1,0,0,0,0,0,0,0,999,0,0,0,12,6,2,12,0,0,1,1,42,19129,6,7,0,0,3,2,65,999,0,0,0,0,0,0,0,0,0,3,73,0,0,0,2,4,40,1,1,2,1,3,3,1,66,1,1,1,88,"777777777777","777777777777","777777777777",1,0
42,420637,2,2,2,25,9,16,5,12,6,1,0,42,2,63,34,63034,4,2006,"KNAGD1289654","K","N","A","G","D","1","2","8","9","6","5","4",0,0,0,"000000000","00000000000",0,0,0,1,0,0,0,0,0,0,0,999,0,0,0,10,6,2,12,0,0,0,1,42,18917,6,1,0,0,3,0,68,999,0,0,0,0,0,0,0,0,0,0,51,0,0,0,1,2,25,1,1,2,1,3,3,1,17,1,1,1,89,"777777777777","777777777777","777777777777",0,0
42,420638,1,2,2,31,8,6,30,12,2,1,0,42,2,12,481,12481,31,1998,"1FTZX18W5WNB","1","F","T","Z","X","1","8","W","5","W","N","B",0,0,0,"000000000","00000000000",0,0,0,1,0,0,0,0,0,0,0,49,0,0,0,12,6,2,12,0,0,0,1,42,15537,1,1,0,0,2,0,68,999,0,1,0,0,0,9,2011,9,2011,0,28,0,0,0,1,2,55,2,1,2,1,0,0,14,10,1,1,2,50,"777777777777","777777777777","777777777777",1,0
42,420638,2,2,1,31,8,6,30,12,2,1,0,42,3,85,884,85884,78,9999,"1NKDGGGG60J1","1","N","K","D","G","G","G","G","6","0","J","1",0,0,57,"00724577","5700724577",3,19,4,1,0,0,0,0,0,0,0,50,0,1,1,12,6,2,12,0,0,0,1,42,17522,6,1,6,0,3,0,66,999,1,0,0,0,1,10,2011,10,2011,0,0,0,0,0,1,2,55,3,1,2,1,0,0,14,62,8,2,2,51,"777777777777","777777777777","777777777777",0,0
42,420639,1,2,1,24,9,16,29,12,6,1,0,42,2,12,13,12013,2,2001,"3FAFP11381R1","3","F","A","F","P","1","1","3","8","1","R","1",0,0,0,"000000000","00000000000",0,0,0,1,0,0,0,0,0,0,0,60,0,1,6,12,6,2,1,0,0,0,1,42,18951,1,1,0,0,2,3,73,999,0,1,0,0,0,8,2015,8,2015,0,99,99,99,99,1,2,55,1,6,2,1,0,0,1,11,1,1,4,88,"777777777777","777777777777","777777777777",1,0
42,420639,2,2,3,24,9,16,29,12,6,1,0,42,2,37,31,37031,4,1997,"JHMEJ6576VS0","J","H","M","E","J","6","5","7","6","V","S","0",0,0,0,"000000000","00000000000",0,0,0,1,0,0,0,0,0,0,0,0,0,0,0,11,6,2,12,0,0,0,1,42,18951,6,1,0,0,3,0,67,999,0,0,0,0,0,0,0,0,0,0,0,0,0,0,1,2,98,1,1,2,1,20,3,5,68,1,1,1,89,"777777777777","777777777777","777777777777",0,0
42,420640,1,1,2,27,9,22,38,33,0,1,0,42,2,35,47,35047,4,2014,"1N4AL3AP4EC1","1","N","4","A","L","3","A","P","4","E","C","1",0,0,0,"000000000","00000000000",0,0,0,1,0,0,0,0,0,0,0,999,0,0,0,98,6,2,42,0,0,0,1,42,19140,6,1,0,0,3,0,63,999,0,0,0,0,0,0,0,0,0,0,99,99,99,99,2,3,40,1,1,2,1,0,0,1,12,99,9,4,6,"777777777777","777777777777","777777777777",1,0
42,420641,1,2,1,20,9,6,31,12,6,1,0,42,1,73,706,73706,80,2011,"JKAZXCJ13BA0","J","K","A","Z","X","C","J","1","3","B","A","0",0,0,0,"000000000","00000000000",0,0,0,1,0,0,0,0,0,0,0,999,0,0,0,12,6,2,12,0,0,0,1,42,16201,6,1,0,0,2,0,67,999,1,0,0,0,0,12,2013,12,2013,3,6,35,0,0,3,2,55,1,1,2,1,4,3,6,17,99,1,2,69,"777777777777","777777777777","777777777777",1,0
42,420641,2,2,1,20,9,6,31,12,6,1,0,42,2,98,804,98804,66,2003,"2WKJAEAV73KK","2","W","K","J","A","E","A","V","7","3","K","K",1,1,57,"01245948","5701245948",3,6,2,1,0,0,0,0,0,0,0,999,0,0,0,5,6,2,12,0,0,0,1,42,17255,6,1,6,1,3,3,72,999,0,0,0,1,0,4,2014,4,2014,0,0,0,0,0,3,2,55,1,1,2,1,4,3,11,63,1,1,1,68,"5HTSN432777T","777777777777","777777777777",0,0
42,420642,1,1,3,17,9,21,54,33,0,1,0,42,2,55,37,55037,2,2007,"KMHHM66D37U2","K","M","H","H","M","6","6","D","3","7","U","2",0,0,0,"000000000","00000000000",0,0,0,1,0,0,0,0,0,0,0,52,0,0,0,12,6,2,39,0,0,0,1,42,15823,0,0,0,0,0,0,73,999,0,0,0,0,0,0,0,0,0,0,6,0,0,0,1,2,45,1,1,2,1,0,0,1,12,1,1,4,6,"777777777777","777777777777","777777777777",1,0
42,420643,1,1,1,5,9,14,37,10,0,1,0,42,1,55,401,55401,14,2014,"5XYZTDLB9EG1","5","X","Y","Z","T","D","L","B","9","E","G","1",0,0,0,"000000000","00000000000",0,0,0,1,0,0,0,0,0,0,0,0,0,1,6,8,6,2,10,0,0,0,1,42,17032,6,1,0,0,3,0,64,999,0,0,0,0,0,0,0,0,0,0,6,54,0,0,1,2,99,1,1,2,1,65,3,5,98,1,1,1,15,"777777777777","777777777777","777777777777",1,0
42,420644,1,3,4,14,9,0,56,24,0,1,0,34,2,35,50,35050,5,2011,"3N1BC1CP0BL4","3","N","1","B","C","1","C","P","0","B","L","4",0,0,0,"000000000","00000000000",0,0,0,1,0,0,0,0,0,0,0,999,0,0,0,12,6,2,24,0,0,0,1,34,7106,6,1,0,0,3,3,61,999,0,0,0,0,0,0,0,0,0,0,99,99,99,99,3,2,65,1,6,1,1,0,0,1,10,7,3,4,2,"777777777777","777777777777","777777777777",2,1
42,420644,2,3,1,14,9,0,56,24,0,1,0,42,1,63,38,63038,5,2014,"KNAFK4A66E52","K","N","A","F","K","4","A","6","6","E","5","2",0,0,0,"000000000","00000000000",0,0,0,1,0,0,0,0,0,0,0,70,0,0,0,12,6,2,12,0,0,0,1,42,18042,6,1,0,0,3,0,71,999,1,0,0,0,0,12,2013,12,2013,0,0,0,0,0,3,2,65,1,6,1,1,0,0,1,50,8,1,4,98,"777777777777","777777777777","777777777777",0,0
42,420644,3,3,1,14,9,0,56,24,0,1,0,34,1,7,442,7442,20,1996,"1B4GP44R5TB4","1","B","4","G","P","4","4","R","5","T","B","4",0,0,0,"000000000","00000000000",0,0,0,1,0,0,0,0,0,0,0,70,0,0,0,12,6,2,12,0,0,0,1,34,7059,6,1,0,0,3,0,72,999,1,0,0,0,0,5,2014,5,2014,0,0,0,0,0,3,2,65,1,6,1,1,0,0,1,50,9,1,2,98,"777777777777","777777777777","777777777777",0,0
42,420645,1,1,1,13,9,21,50,53,0,1,0,42,1,22,2,22002,4,2002,"1G2HX54K7241","1","G","2","H","X","5","4","K","7","2","4","1",0,0,0,"000000000","00000000000",0,0,0,1,0,0,0,0,0,0,0,999,0,0,0,12,6,2,31,0,0,0,1,42,18426,6,1,0,0,3,0,75,999,0,0,0,0,0,0,0,0,0,5,0,0,0,0,1,2,35,3,1,2,1,0,0,14,13,1,1,4,1,"777777777777","777777777777","777777777777",1,0
42,420646,1,2,2,20,9,12,57,12,6,1,0,42,1,20,28,20028,4,2013,"1G1JA5SG5D41","1","G","1","J","A","5","S","G","5","D","4","1",0,0,0,"000000000","00000000000",0,0,0,1,0,0,0,0,0,0,0,10,0,0,0,10,6,2,12,0,0,0,1,42,18610,6,1,0,0,3,3,67,999,0,0,0,0,0,0,0,0,0,0,38,6,0,0,0,0,0,0,0,0,0,0,0,11,15,1,1,1,82,"777777777777","777777777777","777777777777",1,0
42,420646,2,2,3,20,9,12,57,12,6,1,0,42,1,7,442,7442,20,2012,"2C4RDGCG9CR3","2","C","4","R","D","G","C","G","9","C","R","3",0,0,0,"000000000","00000000000",0,0,0,1,0,0,0,0,0,0,0,45,0,0,0,12,6,2,12,0,0,0,1,42,18229,6,1,0,0,3,0,60,999,0,0,0,0,0,0,0,0,0,0,0,0,0,0,1,2,45,1,1,2,1,0,0,1,72,16,2,1,83,"777777777777","777777777777","777777777777",0,0
42,420647,1,2,1,25,9,11,5,12,2,1,0,42,1,12,481,12481,31,2014,"1FTFX1EF1EFB","1","F","T","F","X","1","E","F","1","E","F","B",0,0,0,"000000000","00000000000",0,0,0,1,0,0,0,0,0,0,0,55,7,1,1,12,6,2,12,0,0,0,1,42,15946,6,1,0,0,3,0,69,999,0,0,0,0,0,0,0,0,0,0,28,0,0,0,1,2,55,2,3,2,1,0,0,14,10,99,1,2,50,"777777777777","777777777777","777777777777",0,0
42,420647,2,2,3,25,9,11,5,12,2,1,0,42,2,6,43,6043,4,2007,"1C3LC56K77N5","1","C","3","L","C","5","6","K","7","7","N","5",0,0,0,"000000000","00000000000",0,0,0,1,0,0,0,0,0,0,0,50,0,0,0,12,6,2,12,0,0,0,1,42,16353,6,1,0,0,3,3,64,999,0,0,0,0,0,0,0,0,0,0,0,0,0,0,1,2,55,3,3,2,1,0,0,14,62,99,1,1,51,"777777777777","777777777777","777777777777",2,0
42,420648,1,1,2,6,9,15,30,34,0,1,0,42,1,35,39,35039,4,2010,"1N4AA5AP9AC8","1","N","4","A","A","5","A","P","9","A","C","8",0,0,0,"000000000","00000000000",0,0,0,1,0,0,0,0,0,0,0,999,0,0,0,1,6,2,19,0,0,0,1,42,18201,6,1,0,0,3,3,69,999,0,0,0,0,0,0,0,0,0,0,0,0,0,0,1,2,35,1,4,2,1,0,0,1,8,1,1,4,1,"777777777777","777777777777","777777777777",1,0
42,420649,1,1,2,9,9,16,28,33,0,1,0,42,2,35,401,35401,14,1999,"JN8AR05S2XW3","J","N","8","A","R","0","5","S","2","X","W","3",0,0,0,"000000000","00000000000",0,0,0,1,0,0,0,0,0,0,0,999,0,1,1,99,4,3,1,0,0,0,1,42,19533,6,1,0,0,3,0,65,999,1,0,0,1,0,10,2013,3,2016,5,48,0,0,0,1,5,35,1,5,2,1,3,3,11,6,98,4,4,1,"777777777777","777777777777","777777777777",1,1
42,420650,1,1,1,23,9,2,20,32,0,1,0,42,1,7,20,7020,2,1999,"3B3ES42YXXT5","3","B","3","E","S","4","2","Y","X","X","T","5",0,0,0,"000000000","00000000000",0,0,0,1,0,0,0,0,0,0,0,60,0,0,0,14,6,2,31,0,0,0,1,42,15330,6,7,0,0,2,2,71,999,0,0,0,0,0,0,0,0,0,3,73,0,0,0,1,2,45,3,6,2,1,0,0,14,6,16,2,4,2,"777777777777","777777777777","777777777777",1,0
42,420651,1,1,2,23,9,1,34,59,0,1,0,42,2,18,401,18401,14,2004,"3G5DB03E84S5","3","G","5","D","B","0","3","E","8","4","S","5",0,0,0,"000000000","00000000000",0,0,0,1,0,0,0,0,0,0,0,75,0,1,5,12,6,2,42,0,0,0,1,42,15857,6,1,0,0,3,0,69,999,0,0,0,0,0,0,0,0,0,5,0,0,0,0,1,2,40,3,1,2,1,0,0,14,13,1,1,4,1,"777777777777","777777777777","777777777777",2,0
42,420652,1,1,1,9,9,20,57,1,0,1,0,42,1,98,702,98702,80,2003,"5VPCB16D6330","5","V","P","C","B","1","6","D","6","3","3","0",0,0,0,"000000000","00000000000",0,0,0,1,0,0,0,0,0,0,0,999,0,0,0,0,6,2,17,0,0,0,1,42,19464,6,1,0,0,3,3,70,999,0,0,0,0,0,0,0,0,0,4,99,99,99,99,1,2,35,3,6,2,1,0,0,14,11,16,4,4,98,"777777777777","777777777777","777777777777",1,1
42,420653,1,2,1,23,9,17,9,12,6,1,0,42,2,35,402,35402,14,2002,"5N1ED28Y62C5","5","N","1","E","D","2","8","Y","6","2","C","5",0,0,0,"000000000","00000000000",0,0,0,1,0,0,0,0,0,0,0,40,0,1,1,12,6,2,12,0,0,1,1,42,17350,6,1,0,0,3,0,70,999,0,0,0,1,0,8,2016,8,2016,4,39,0,0,0,1,2,40,1,1,2,1,20,3,1,17,1,1,1,86,"777777777777","777777777777","777777777777",1,1
42,420653,2,2,3,23,9,17,9,12,6,1,0,42,1,12,23,12023,4,2013,"3FA6P0HR0DR1","3","F","A","6","P","0","H","R","0","D","R","1",0,0,0,"000000000","00000000000",0,0,0,1,0,0,0,0,0,0,0,41,0,0,0,1,6,2,12,0,0,0,1,42,17316,6,1,0,0,3,0,72,999,0,0,0,0,0,0,0,0,0,0,0,0,0,0,1,2,45,1,1,2,1,0,0,1,66,1,1,1,87,"777777777777","777777777777","777777777777",1,0
42,420654,1,1,1,5,9,1,40,32,0,1,0,42,2,12,17,12017,4,2002,"1FAHP56SX2A2","1","F","A","H","P","5","6","S","X","2","A","2",0,0,0,"000000000","00000000000",0,0,0,1,0,0,0,0,0,0,0,45,0,1,1,12,6,2,1,0,0,0,1,42,15424,1,1,0,0,2,0,64,999,0,0,0,0,1,1,2012,1,2012,0,99,99,99,99,1,2,45,1,6,2,1,0,0,1,13,1,1,4,1,"777777777777","777777777777","777777777777",1,0
42,420655,1,1,2,10,9,15,31,42,0,1,0,42,3,98,806,98806,62,2015,"5PVNJ8JT0F4S","5","P","V","N","J","8","J","T","0","F","4","S",0,0,57,"01844819","5701844819",2,1,3,1,0,0,0,0,0,0,0,40,0,0,0,1,6,2,42,0,0,0,1,42,19132,6,1,0,0,3,0,74,999,0,0,0,0,0,0,0,0,0,0,58,0,0,0,1,2,40,1,1,2,1,0,0,1,13,8,2,4,7,"777777777777","777777777777","777777777777",1,0
42,420656,1,1,1,19,9,23,45,33,0,1,0,42,1,32,43,32043,4,1999,"WAUCB28D5XA2","W","A","U","C","B","2","8","D","5","X","A","2",0,0,0,"000000000","00000000000",0,0,0,1,0,0,0,0,0,0,0,70,0,0,0,1,6,2,42,0,0,0,1,42,18962,6,1,0,0,3,0,69,999,2,1,0,2,0,10,2012,3,2016,3,0,0,0,0,1,2,25,1,6,2,1,0,0,1,6,99,3,4,2,"777777777777","777777777777","777777777777",1,1
42,420657,1,1,1,10,9,8,28,42,0,1,0,42,1,20,22,20022,4,2009,"1G1AS58H2972","1","G","1","A","S","5","8","H","2","9","7","2",0,0,0,"000000000","00000000000",0,0,0,1,0,0,0,0,0,0,0,999,0,0,0,11,6,2,42,0,0,0,1,42,16354,6,1,0,0,3,0,67,999,0,0,0,0,0,0,0,0,0,0,99,99,99,99,1,2,55,1,6,2,1,0,0,1,12,1,1,4,6,"777777777777","777777777777","777777777777",1,0
42,420658,1,1,1,3,9,8,42,52,0,1,0,42,1,18,22,18022,4,2005,"2G4WC5322511","2","G","4","W","C","5","3","2","2","5","1","1",0,0,0,"000000000","00000000000",0,0,0,1,0,0,0,0,0,0,0,999,0,1,5,12,6,2,42,0,0,0,1,42,18235,6,1,0,0,3,3,72,999,0,0,0,0,0,0,0,0,0,4,0,0,0,0,1,2,35,2,1,2,1,40,3,14,6,7,3,4,7,"777777777777","777777777777","777777777777",1,0
42,420659,1,1,1,6,9,7,58,23,0,1,0,42,1,20,16,20016,4,2004,"1G1JC52F4471","1","G","1","J","C","5","2","F","4","4","7","1",0,0,0,"000000000","00000000000",0,0,0,1,0,0,0,0,0,0,0,60,0,0,0,11,6,2,23,0,0,0,1,42,19533,6,1,0,0,3,1,65,999,0,0,0,0,0,0,0,0,0,4,85,0,0,0,1,2,35,2,4,2,1,0,0,14,67,6,1,4,6,"777777777777","777777777777","777777777777",1,0
42,420660,1,2,1,14,9,21,34,12,2,1,0,42,2,20,22,20022,4,2007,"1G1AM55B5773","1","G","1","A","M","5","5","B","5","7","7","3",0,0,0,"000000000","00000000000",0,0,0,1,0,0,0,0,0,0,0,55,0,0,0,12,6,2,12,0,0,0,1,42,18955,6,1,0,0,3,0,62,999,0,0,0,0,0,0,0,0,0,4,28,0,0,0,1,2,55,1,1,2,2,0,0,1,10,7,1,2,50,"777777777777","777777777777","777777777777",1,0
42,420660,2,2,2,14,9,21,34,12,2,1,0,42,2,20,26,20026,5,2013,"1G1RD6E47DU1","1","G","1","R","D","6","E","4","7","D","U","1",0,0,0,"000000000","00000000000",0,0,0,1,0,0,0,0,0,0,0,55,0,0,0,12,6,2,12,0,0,0,1,42,18055,6,2,0,0,3,0,72,999,0,0,0,0,0,0,0,0,0,0,0,0,0,0,1,2,55,1,1,2,2,0,0,1,62,6,1,2,51,"777777777777","777777777777","777777777777",0,0
42,420661,1,1,1,12,9,15,30,24,0,1,0,42,1,12,402,12402,14,2014,"1FMCU0F70EUC","1","F","M","C","U","0","F","7","0","E","U","C",0,0,0,"000000000","00000000000",0,0,0,1,0,0,0,0,0,0,0,40,0,0,0,1,6,2,42,0,0,0,1,42,16901,6,1,0,0,3,0,74,999,0,0,0,0,0,0,0,0,0,0,99,99,99,99,1,1,40,2,6,5,1,40,3,14,13,99,1,4,1,"777777777777","777777777777","777777777777",1,0
42,420662,1,1,1,23,9,20,39,35,0,1,0,42,1,20,481,20481,31,1999,"1GCEK19T1XE1","1","G","C","E","K","1","9","T","1","X","E","1",0,0,0,"000000000","00000000000",0,0,0,1,0,0,0,0,0,0,0,70,0,1,5,11,6,2,1,0,0,0,1,42,17353,6,1,6,0,3,0,67,999,0,0,0,0,0,0,0,0,0,4,0,0,0,0,1,2,50,3,6,2,1,0,0,14,6,16,4,4,7,"777777777777","777777777777","777777777777",1,0
42,420663,1,1,3,1,10,11,52,35,0,1,0,42,1,2,404,2404,14,2000,"1J4GW48N4YC2","1","J","4","G","W","4","8","N","4","Y","C","2",0,0,0,"000000000","00000000000",0,0,0,1,0,0,0,0,0,0,0,50,0,1,1,12,6,2,42,0,0,0,1,42,18250,6,1,0,0,3,3,74,999,0,0,0,0,1,4,2013,4,2013,4,6,79,80,0,1,2,45,3,6,2,2,0,0,14,5,9,4,4,7,"777777777777","777777777777","777777777777",1,0
42,420664,1,1,1,12,10,16,47,1,0,1,0,12,1,12,481,12481,31,2010,"1FTFW1EV4AKE","1","F","T","F","W","1","E","V","4","A","K","E",0,0,0,"000000000","00000000000",0,0,0,1,0,0,0,0,0,0,0,70,0,1,5,0,6,2,1,0,0,0,1,12,34667,6,1,0,0,3,0,72,999,0,0,0,0,0,0,0,0,0,4,0,0,0,0,1,2,45,3,3,2,1,0,0,14,13,11,4,4,2,"777777777777","777777777777","777777777777",1,1
42,420665,1,1,1,7,10,0,5,42,0,1,0,42,2,23,431,23431,16,2001,"3GKFK16T31G2","3","G","K","F","K","1","6","T","3","1","G","2",0,0,0,"000000000","00000000000",0,0,0,1,0,0,0,0,0,0,0,999,0,0,0,12,6,2,42,0,0,0,1,42,18445,6,1,0,0,3,0,68,999,0,0,0,0,0,0,0,0,0,3,0,0,0,0,1,2,35,2,5,2,1,0,0,14,12,1,1,4,6,"777777777777","777777777777","777777777777",1,0
42,420666,1,2,1,4,9,13,10,12,6,1,0,42,2,53,704,53704,80,2011,"JS1RL42C5B21","J","S","1","R","L","4","2","C","5","B","2","1",0,0,0,"000000000","00000000000",0,0,0,1,0,0,0,0,0,0,0,25,0,0,0,12,6,2,12,0,0,0,1,42,17356,1,1,0,0,2,0,74,999,1,0,0,0,0,8,2016,8,2016,4,36,0,0,0,1,2,25,1,1,2,1,0,0,1,67,16,2,1,83,"777777777777","777777777777","777777777777",1,0
42,420666,2,2,1,4,9,13,10,12,6,1,0,18,2,55,401,55401,14,2016,"5XYZT3LB5GG3","5","X","Y","Z","T","3","L","B","5","G","G","3",0,0,0,"000000000","00000000000",0,0,0,1,0,0,0,0,0,0,0,20,0,0,0,9,2,5,12,0,0,0,1,51,24273,9,9,99,9,9,9,999,999,99,99,99,99,99,99,9999,99,9999,0,0,0,0,0,1,2,25,1,1,2,1,20,3,11,66,99,1,1,82,"777777777777","777777777777","777777777777",0,0
42,420667,1,2,1,21,9,7,26,12,6,1,0,42,1,42,48,42048,4,2016,"WDDHF8JB2GB2","W","D","D","H","F","8","J","B","2","G","B","2",0,0,0,"000000000","00000000000",0,0,0,1,0,0,0,0,0,0,0,999,0,0,0,11,6,2,12,0,0,0,1,42,15131,6,1,0,0,3,0,63,999,0,0,0,0,0,0,0,0,0,0,38,0,0,0,1,2,40,3,1,2,1,20,3,11,15,16,1,1,82,"777777777777","777777777777","777777777777",0,0
42,420667,2,2,1,21,9,7,26,12,6,1,0,42,2,73,706,73706,80,2004,"JKBVNAL154A0","J","K","B","V","N","A","L","1","5","4","A","0",0,0,0,"000000000","00000000000",0,0,0,1,0,0,0,0,0,0,0,999,0,0,0,12,6,2,12,0,0,0,1,42,15140,6,1,6,0,3,0,73,999,0,1,1,0,0,2,2012,3,2012,0,0,0,0,0,1,2,40,3,1,2,1,0,0,14,67,99,1,2,83,"777777777777","777777777777","777777777777",1,0
42,420669,1,2,1,16,9,5,27,12,2,1,0,42,1,12,35,12035,4,1996,"1FALP6533TK1","1","F","A","L","P","6","5","3","3","T","K","1",0,0,0,"000000000","00000000000",0,0,0,1,0,0,0,0,0,0,0,999,1,0,0,12,6,2,12,0,0,0,1,42,19075,6,1,6,0,3,3,71,999,0,0,0,0,0,0,0,0,0,0,33,35,0,0,1,2,40,1,6,2,1,0,0,6,54,1,1,1,52,"777777777777","777777777777","777777777777",1,0
42,420669,2,2,2,16,9,5,27,12,2,1,0,42,2,12,401,12401,14,2003,"1FMZU73K13UC","1","F","M","Z","U","7","3","K","1","3","U","C",0,0,0,"000000000","00000000000",0,0,0,1,0,0,0,0,0,0,0,999,0,0,0,12,6,2,12,0,0,0,1,42,19401,0,0,0,0,0,0,999,999,1,0,0,0,0,9,2015,9,2015,0,0,0,0,0,1,2,40,1,5,2,1,0,0,1,54,1,1,1,52,"777777777777","777777777777","777777777777",0,0