"STATE","ST_CASE","VEH_NO","VE_FORMS","NUMOCCS","DAY","MONTH","HOUR","MINUTE","HARM_EV","MAN_COLL","UNITTYPE","HIT_RUN","REG_STAT","OWNER","MAKE","MODEL","MAK_MOD","BODY_TYP","MOD_YEAR","VIN","VIN_1","VIN_2","VIN_3","VIN_4","VIN_5","VIN_6","VIN_7","VIN_8","VIN_9","VIN_10","VIN_11","VIN_12","TOW_VEH","J_KNIFE","MCARR_I1","MCARR_I2","MCARR_ID","GVWR","V_CONFIG","CARGO_BT","HAZ_INV","HAZ_PLAC","HAZ_ID","HAZ_CNO","HAZ_REL","BUS_USE","SPEC_USE","EMER_USE","TRAV_SP","UNDERIDE","ROLLOVER","ROLINLOC","IMPACT1","DEFORMED","TOWED","M_HARM","VEH_SC1","VEH_SC2","FIRE_EXP","DR_PRES","L_STATE","DR_ZIP","L_STATUS","L_TYPE","CDL_STAT","L_ENDORS","L_COMPL","L_RESTRI","DR_HGT","DR_WGT","PREV_ACC","PREV_SUS","PREV_DWI","PREV_SPD","PREV_OTH","FIRST_MO","FIRST_YR","LAST_MO","LAST_YR","SPEEDREL","DR_SF1","DR_SF2","DR_SF3","DR_SF4","VTRAFWAY","VNUM_LAN","VSPD_LIM","VALIGN","VPROFILE","VPAVETYP","VSURCOND","VTRAFCON","VTCONT_F","P_CRASH1","P_CRASH2","P_CRASH3","PCRASH4","PCRASH5","ACC_TYPE","TRLR1VIN","TRLR2VIN","TRLR3VIN","DEATHS","DR_DRINK"
42,420776,1,2,1,8,6,7,51,12,2,1,0,42,1,34,34,34034,2,1994,"WBABE5322RJA","W","B","A","B","E","5","3","2","2","R","J","A",0,0,0,"000000000","00000000000",0,0,0,1,0,0,0,0,0,0,0,999,0,0,0,12,6,2,12,0,0,1,1,42,16327,6,1,0,0,3,0,71,999,1,0,0,0,1,10,2015,12,2015,0,51,0,0,0,1,2,55,1,4,2,1,0,0,1,54,1,1,4,52,"777777777777","777777777777","777777777777",1,0
42,420776,2,2,1,8,6,7,51,12,2,1,0,42,3,87,881,87881,63,2013,"1NPTLP0X6DD1","1","N","P","T","L","P","0","X","6","D","D","1",0,0,57,"00269478","5700269478",3,2,4,1,0,0,0,0,0,0,0,50,0,0,0,12,6,2,12,0,0,0,1,42,17360,6,1,6,0,3,0,68,999,0,0,0,0,0,0,0,0,0,0,0,0,0,0,1,2,55,1,4,2,1,0,0,1,54,9,2,4,52,"777777777777","777777777777","777777777777",0,0
42,420777,1,2,4,28,10,22,40,12,6,1,0,42,2,20,39,20039,4,2005,"KL1TD62695B4","K","L","1","T","D","6","2","6","9","5","B","4",0,0,0,"000000000","00000000000",0,0,0,1,0,0,0,0,0,0,0,25,0,0,0,3,6,2,12,0,0,0,1,2,17331,9,9,99,0,9,9,999,999,99,99,99,99,99,99,9999,99,9999,0,38,0,0,0,2,5,45,1,1,2,1,3,3,11,15,1,1,1,68,"777777777777","777777777777","777777777777",1,1
42,420777,2,2,1,28,10,22,40,12,6,1,0,40,3,98,809,98809,66,2007,"2FWBA2CV27AY","2","F","W","B","A","2","C","V","2","7","A","Y",1,1,57,"00082866","5700082866",3,6,1,1,0,0,0,0,0,0,0,35,0,0,0,12,2,5,12,0,0,0,1,42,17545,6,1,6,0,3,0,69,999,0,0,0,0,0,0,0,0,0,0,0,0,0,0,2,5,45,1,1,2,1,3,3,1,62,1,1,1,69,"888888888888","777777777777","777777777777",0,0
42,420778,1,1,2,17,9,20,20,1,0,1,0,42,1,55,401,55401,14,2003,"KM8SC73D93U5","K","M","8","S","C","7","3","D","9","3","U","5",0,0,0,"000000000","00000000000",0,0,0,1,0,0,0,0,0,0,0,999,0,1,3,0,6,2,1,0,0,0,1,42,17931,6,1,0,0,3,0,64,999,0,0,0,0,0,0,0,0,0,4,85,0,0,0,2,2,65,1,1,2,1,0,0,1,61,6,3,4,8,"777777777777","777777777777","777777777777",1,0
42,420779,1,2,1,2,7,20,34,12,6,1,0,42,1,49,32,49032,4,2005,"2T1BR32E55C4","2","T","1","B","R","3","2","E","5","5","C","4",0,0,0,"000000000","00000000000",0,0,0,1,0,0,0,0,0,0,0,10,0,0,0,5,4,3,12,0,0,0,1,42,18644,6,1,0,0,3,1,63,999,0,0,0,0,0,0,0,0,0,0,6,38,0,0,1,4,35,1,1,2,1,3,3,11,15,1,1,1,68,"777777777777","777777777777","777777777777",0,0
42,420779,2,2,1,2,7,20,34,12,6,1,0,42,1,98,709,98709,80,1997,"888888888888","8","8","8","8","8","8","8","8","8","8","8","8",0,0,0,"000000000","00000000000",0,0,0,1,0,0,0,0,0,0,0,999,0,0,0,12,6,2,12,0,0,0,1,42,18643,6,1,0,0,3,0,69,999,0,0,0,0,0,0,0,0,0,0,0,0,0,0,1,4,35,1,1,2,1,3,3,1,62,99,1,1,69,"777777777777","777777777777","777777777777",1,0
42,420780,1,2,1,27,9,17,9,12,6,1,0,42,2,48,38,48038,6,2000,"JF1GF4858YH8","J","F","1","G","F","4","8","5","8","Y","H","8",0,0,0,"000000000","00000000000",0,0,0,1,0,0,0,0,0,0,0,5,0,0,0,9,6,2,12,0,0,0,1,42,18062,6,1,0,0,3,3,71,999,0,0,0,0,0,0,0,0,0,0,38,0,0,0,1,2,25,1,1,2,1,20,3,11,15,1,1,1,82,"777777777777","777777777777","777777777777",1,0
42,420780,2,2,1,27,9,17,9,12,6,1,0,42,1,12,881,12881,61,1997,"1FDKF38F7VEA","1","F","D","K","F","3","8","F","7","V","E","A",0,0,88,"888888888","88888888888",2,1,96,1,0,0,0,0,0,0,0,40,0,0,0,12,6,2,12,0,0,0,1,42,18092,6,1,0,0,3,0,70,999,0,0,0,0,0,0,0,0,0,0,0,0,0,0,1,2,45,1,5,2,1,0,0,1,66,8,2,2,83,"777777777777","777777777777","777777777777",0,0
42,420781,1,1,2,18,10,2,19,42,0,1,0,42,2,12,37,12037,3,2000,"3FAFP3131YR2","3","F","A","F","P","3","1","3","1","Y","R","2",0,0,0,"000000000","00000000000",0,0,0,1,0,0,0,0,0,0,0,40,0,0,0,5,6,2,42,0,0,0,1,42,17331,1,1,0,0,2,0,70,999,0,0,0,0,1,1,2015,1,2015,4,48,0,0,0,1,2,40,2,1,2,1,0,0,11,6,1,4,4,7,"777777777777","777777777777","777777777777",1,1
42,420782,1,1,2,13,9,15,9,33,0,1,0,42,1,6,52,6052,6,2003,"3C8FY78G83T5","3","C","8","F","Y","7","8","G","8","3","T","5",0,0,0,"000000000","00000000000",0,0,0,1,0,0,0,0,0,0,0,55,0,0,0,12,6,2,24,0,0,0,1,42,17745,6,1,0,0,3,3,64,999,0,0,0,0,0,0,0,0,0,0,99,99,99,99,2,4,55,1,6,2,1,0,0,1,13,1,1,4,1,"777777777777","777777777777","777777777777",1,0
42,420783,1,1,2,2,7,2,12,35,0,1,0,42,1,20,25,20025,4,2012,"1G1PF5SC8C74","1","G","1","P","F","5","S","C","8","C","7","4",0,0,0,"000000000","00000000000",0,0,0,1,0,0,0,0,0,0,0,999,0,1,5,12,6,2,42,0,0,0,1,42,15063,3,1,0,0,2,0,69,999,0,0,0,0,0,0,0,0,0,3,0,0,0,0,1,2,45,1,1,2,1,0,0,1,11,8,1,4,6,"777777777777","777777777777","777777777777",1,1
42,420784,1,2,2,5,10,18,47,12,1,1,0,42,1,19,5,19005,2,2001,"1G6ET12981B1","1","G","6","E","T","1","2","9","8","1","B","1",0,0,0,"000000000","00000000000",0,0,0,1,0,0,0,0,0,0,0,999,0,1,5,12,6,2,1,0,0,0,1,42,18704,6,1,0,0,3,0,71,999,1,0,0,0,2,10,2013,3,2015,3,35,0,0,0,5,5,35,1,1,2,1,0,0,6,11,1,1,2,24,"777777777777","777777777777","777777777777",1,1
42,420784,2,2,2,5,10,18,47,12,1,1,0,42,1,55,402,55402,14,2013,"KM8JUCAC3DU6","K","M","8","J","U","C","A","C","3","D","U","6",0,0,0,"000000000","00000000000",0,0,0,1,0,0,0,0,0,0,0,999,0,0,0,6,6,2,12,0,0,0,1,42,18704,6,1,0,0,3,3,64,999,0,0,0,0,0,0,0,0,0,0,0,0,0,0,5,5,35,1,1,2,1,0,0,1,60,1,1,1,25,"777777777777","777777777777","777777777777",0,0
42,420785,1,1,1,15,10,2,25,8,0,1,0,42,3,13,1,13001,12,2009,"2L1FM88W19X6","2","L","1","F","M","8","8","W","1","9","X","6",0,0,0,"000000000","00000000000",0,0,0,1,0,0,0,0,0,0,0,999,0,0,0,1,4,3,8,0,0,0,1,42,19608,6,1,0,0,3,0,68,999,0,0,0,0,0,0,0,0,0,0,0,0,0,0,3,2,55,1,6,2,1,0,0,1,80,1,1,1,13,"777777777777","777777777777","777777777777",0,0
42,420786,1,1,1,23,9,13,50,1,0,1,0,42,1,53,706,53706,80,2007,"JS1VS52A8721","J","S","1","V","S","5","2","A","8","7","2","1",0,0,0,"000000000","00000000000",0,0,0,1,0,0,0,0,0,0,0,999,0,0,0,0,4,3,1,0,0,0,1,42,17517,6,1,0,0,3,3,70,999,0,0,0,0,0,0,0,0,0,4,0,0,0,0,1,2,40,2,6,2,1,0,0,14,6,99,9,2,98,"777777777777","777777777777","777777777777",1,0
42,420787,1,1,2,7,10,19,11,35,0,1,0,42,2,37,32,37032,4,1996,"1HGCD5567TA1","1","H","G","C","D","5","5","6","7","T","A","1",0,0,0,"000000000","00000000000",0,0,0,1,0,0,0,0,0,0,0,70,0,1,5,12,6,2,1,0,0,0,1,42,17370,6,1,0,0,3,0,69,999,0,1,0,0,1,1,2014,6,2015,3,0,0,0,0,1,2,40,1,1,2,1,0,0,1,6,9,4,4,7,"777777777777","777777777777","777777777777",1,1
42,420788,1,1,2,5,10,19,21,8,0,1,0,42,1,12,402,12402,14,2013,"1FMCU9G90DUD","1","F","M","C","U","9","G","9","0","D","U","D",0,0,0,"000000000","00000000000",0,0,0,1,0,0,0,0,0,0,0,25,0,0,0,12,4,3,8,0,0,0,1,42,18018,6,1,0,0,3,0,74,999,0,0,0,0,0,0,0,0,0,0,99,99,99,99,1,2,25,1,2,2,1,0,0,1,80,16,1,1,13,"777777777777","777777777777","777777777777",0,0
42,420789,1,2,1,19,7,10,27,12,6,1,0,0,0,76,998,76998,95,9999,"000000000000","0","0","0","0","0","0","0","0","0","0","0","0",0,0,0,"000000000","00000000000",0,0,0,1,0,0,0,0,0,0,0,999,0,0,0,9,4,5,12,0,0,0,1,42,17756,6,1,0,0,1,0,72,999,0,0,0,0,0,0,0,0,0,0,39,0,0,0,1,2,55,1,5,2,1,20,3,1,17,99,1,1,89,"777777777777","777777777777","777777777777",1,0
42,420789,2,2,2,19,7,10,27,12,6,1,0,42,1,20,2,20002,4,2009,"2G1WT57K7913","2","G","1","W","T","5","7","K","7","9","1","3",0,0,0,"000000000","00000000000",0,0,0,1,0,0,0,0,0,0,0,999,0,0,0,12,4,5,12,0,0,0,1,42,17737,6,1,0,0,3,0,62,999,1,0,0,1,0,9,2015,12,2015,0,0,0,0,0,1,2,55,1,5,2,1,20,3,1,66,1,1,1,88,"777777777777","777777777777","777777777777",0,0
42,420790,1,1,2,6,11,18,50,42,0,1,0,42,2,52,37,52037,3,1996,"4A3AK44Y9TE2","4","A","3","A","K","4","4","Y","9","T","E","2",0,0,0,"000000000","00000000000",0,0,0,1,0,0,0,0,0,0,0,999,0,1,6,2,6,2,1,0,0,0,1,42,16621,3,1,0,0,2,0,66,999,1,1,1,0,0,4,2013,4,2013,5,0,0,0,0,1,2,55,1,1,2,1,20,3,1,13,16,1,4,1,"777777777777","777777777777","777777777777",1,0
42,420791,1,1,1,5,11,2,21,35,0,1,0,42,1,35,472,35472,30,1998,"1N6DD21Y6WC3","1","N","6","D","D","2","1","Y","6","W","C","3",0,0,0,"000000000","00000000000",0,0,0,1,0,0,0,0,0,0,0,70,0,1,5,14,6,2,1,0,0,0,1,42,17801,6,1,0,0,3,3,66,999,0,0,0,0,0,0,0,0,0,4,35,36,0,0,1,2,55,3,1,2,1,0,0,14,13,98,1,4,1,"777777777777","777777777777","777777777777",1,1
42,420792,1,1,3,2,10,19,27,8,0,1,1,42,1,23,421,23421,15,2007,"1GKFK63897J1","1","G","K","F","K","6","3","8","9","7","J","1",0,0,0,"000000000","00000000000",0,0,0,1,0,0,0,0,0,0,0,999,0,0,0,11,4,5,8,0,0,0,1,42,15920,6,1,0,0,3,0,69,999,0,0,0,1,0,12,2014,12,2014,0,0,0,0,0,3,2,55,1,4,1,2,1,3,1,80,1,1,1,13,"777777777777","777777777777","777777777777",0,0
42,420793,1,1,2,5,11,2,26,42,0,1,0,42,2,2,405,2405,14,2004,"1J4GL48K94W1","1","J","4","G","L","4","8","K","9","4","W","1",0,0,0,"000000000","00000000000",0,0,0,1,0,0,0,0,0,0,0,65,0,0,0,14,6,2,42,0,0,0,1,42,17847,6,1,0,0,3,0,68,999,0,0,0,0,0,0,0,0,0,5,0,0,0,0,1,2,40,1,1,2,1,0,0,1,6,8,4,4,7,"777777777777","777777777777","777777777777",2,0
42,420794,1,2,1,25,9,16,0,12,6,1,0,42,1,41,51,41051,4,2012,"JM1BL1V89C15","J","M","1","B","L","1","V","8","9","C","1","5",0,0,0,"000000000","00000000000",0,0,0,1,0,0,0,0,0,0,0,999,0,0,0,3,6,2,12,0,0,0,1,42,15084,6,1,0,0,3,3,65,999,0,0,0,0,0,0,0,0,0,5,0,0,0,0,1,2,40,1,1,1,1,0,0,11,15,99,1,1,76,"777777777777","777777777777","777777777777",0,0
42,420794,2,2,1,25,9,16,0,12,6,1,0,42,1,72,709,72709,80,1993,"1HD1BNL13PY0","1","H","D","1","B","N","L","1","3","P","Y","0",0,0,0,"000000000","00000000000",0,0,0,1,0,0,0,0,0,0,0,999,0,0,0,12,6,2,12,0,0,0,1,42,15014,6,1,0,0,3,3,72,999,0,0,0,0,0,0,0,0,0,0,0,0,0,0,1,2,40,1,1,1,1,0,0,1,17,99,1,1,77,"777777777777","777777777777","777777777777",1,0
42,420795,1,2,1,4,11,14,31,12,2,1,0,42,1,55,33,55033,4,2012,"5NPEC4AB8CH4","5","N","P","E","C","4","A","B","8","C","H","4",0,0,0,"000000000","00000000000",0,0,0,1,0,0,0,0,0,0,0,35,0,0,0,12,6,2,12,0,0,0,1,42,17823,6,1,0,0,3,0,63,999,0,0,0,0,0,0,0,0,0,0,0,0,0,0,1,4,0,2,5,2,1,0,0,14,11,1,1,2,50,"777777777777","777777777777","777777777777",1,0
42,420795,2,2,1,4,11,14,31,12,2,1,0,42,1,12,402,12402,14,2006,"1FMCU941X6KA","1","F","M","C","U","9","4","1","X","6","K","A",0,0,0,"000000000","00000000000",0,0,0,1,0,0,0,0,0,0,0,35,0,0,0,12,6,2,12,0,0,0,1,42,17801,6,1,0,0,3,0,65,999,0,0,0,0,0,0,0,0,0,0,0,0,0,0,1,2,40,3,5,2,1,0,0,14,62,1,1,1,51,"777777777777","777777777777","777777777777",0,0
42,420796,1,2,1,13,10,20,55,12,6,1,0,42,2,13,12,13012,4,2005,"1LNHM87A15Y6","1","L","N","H","M","8","7","A","1","5","Y","6",0,0,0,"000000000","00000000000",0,0,0,1,0,0,0,0,0,0,0,999,0,0,0,3,6,2,12,0,0,0,1,42,19061,6,1,0,0,3,3,68,999,0,0,0,0,1,3,2013,3,2013,0,0,0,0,0,1,2,35,1,1,2,1,20,3,1,10,1,1,7,87,"777777777777","777777777777","777777777777",0,0
42,420796,2,2,1,13,10,20,55,12,6,1,0,42,1,53,706,53706,80,2007,"JS1GT77A8721","J","S","1","G","T","7","7","A","8","7","2","1",0,0,0,"000000000","00000000000",0,0,0,1,0,0,0,0,0,0,0,999,0,0,0,12,6,2,12,0,0,0,1,42,19061,6,1,0,0,2,0,66,999,1,0,0,0,0,9,2012,9,2012,0,0,0,0,0,1,2,35,1,1,2,1,20,3,1,71,16,1,7,86,"777777777777","777777777777","777777777777",1,0
42,420797,1,2,1,4,10,14,18,12,6,1,0,95,3,51,881,51881,66,2006,"4V4NC9GH36N4","4","V","4","N","C","9","G","H","3","6","N","4",1,1,57,"00930025","5700930025",3,6,1,1,0,0,0,0,0,0,0,10,0,0,0,7,6,2,12,0,0,0,1,95,0,6,1,6,9,3,0,999,999,99,99,99,99,99,99,9999,99,9999,0,0,0,0,0,3,2,55,1,1,1,1,0,0,11,15,1,1,7,82,"999999999999","777777777777","777777777777",0,0
42,420797,2,2,5,4,10,14,18,12,6,1,0,42,1,55,401,55401,14,2004,"KM8SB12B44U8","K","M","8","S","B","1","2","B","4","4","U","8",0,0,0,"000000000","00000000000",0,0,0,1,0,0,0,0,0,0,0,60,2,0,0,12,6,2,12,0,0,0,1,42,17737,6,1,0,0,3,0,63,999,0,0,0,0,0,0,0,0,0,0,0,0,0,0,5,2,55,1,1,1,1,0,0,1,72,16,1,1,83,"777777777777","777777777777","777777777777",1,0
42,420798,1,2,1,7,11,16,50,12,2,1,0,42,1,37,39,37039,5,2007,"JHMGD38637S0","J","H","M","G","D","3","8","6","3","7","S","0",0,0,0,"000000000","00000000000",0,0,0,1,0,0,0,0,0,0,0,999,0,0,0,12,6,2,12,0,0,0,1,42,18603,6,1,0,0,3,0,72,999,0,0,0,0,0,0,0,0,0,0,48,6,0,0,5,3,45,1,5,2,1,0,0,11,15,1,1,1,68,"777777777777","777777777777","777777777777",1,0
42,420798,2,2,1,7,11,16,50,12,2,1,0,42,1,7,24,7024,4,2012,"2C3CDXDT0CH1","2","C","3","C","D","X","D","T","0","C","H","1",0,0,0,"000000000","00000000000",0,0,0,1,0,0,0,0,0,0,0,999,0,0,0,12,6,2,12,0,0,0,1,42,18603,6,1,0,0,3,0,70,999,0,0,0,1,0,4,2013,4,2013,0,0,0,0,0,5,3,45,1,6,2,1,0,0,1,62,16,1,1,69,"777777777777","777777777777","777777777777",0,0
42,420799,1,2,3,15,10,11,11,12,6,1,0,42,1,7,26,7026,4,2012,"1C3CDZCB8CN1","1","C","3","C","D","Z","C","B","8","C","N","1",0,0,0,"000000000","00000000000",0,0,0,1,0,0,0,0,0,0,0,36,0,0,0,1,6,2,12,0,0,0,1,42,16845,6,1,0,0,3,0,64,999,0,0,0,0,0,0,0,0,0,0,0,0,0,0,1,2,55,1,6,2,1,20,3,1,17,1,1,1,98,"777777777777","777777777777","777777777777",0,0
42,420799,2,2,1,15,10,11,11,12,6,1,0,42,2,19,22,19022,4,2009,"1G6KD57Y69U1","1","G","6","K","D","5","7","Y","6","9","U","1",0,0,0,"000000000","00000000000",0,0,0,1,0,0,0,0,0,0,0,60,0,1,6,3,6,2,12,0,0,0,1,42,16830,6,1,0,0,3,3,71,999,0,0,0,0,0,0,0,0,0,0,0,0,0,0,1,2,55,1,5,2,1,20,3,1,17,1,1,1,98,"777777777777","777777777777","777777777777",1,0
42,420800,1,1,1,4,11,1,16,8,0,1,0,42,1,9,442,9442,20,1998,"1P4GP44RXWB7","1","P","4","G","P","4","4","R","X","W","B","7",0,0,0,"000000000","00000000000",0,0,0,1,0,0,0,0,0,0,0,999,0,0,0,11,2,3,8,0,0,0,1,42,19320,1,1,0,0,2,0,73,999,0,0,0,0,0,0,0,0,0,0,99,99,99,99,1,3,40,1,1,2,1,0,0,1,80,99,1,1,13,"777777777777","777777777777","777777777777",0,0
42,420801,1,2,5,22,10,3,5,12,1,1,0,36,2,35,47,35047,4,2005,"1N4AL11D85C2","1","N","4","A","L","1","1","D","8","5","C","2",0,0,0,"000000000","00000000000",0,0,0,1,0,0,0,0,0,0,0,5,0,0,0,6,6,2,12,0,0,0,1,36,11691,6,1,0,0,3,0,64,999,2,2,0,0,2,2,2012,7,2016,0,0,0,0,0,2,2,65,1,5,2,2,0,0,2,53,1,1,1,29,"777777777777","777777777777","777777777777",3,0
42,420801,2,2,1,22,10,3,5,12,1,1,0,17,3,82,881,82881,66,2016,"1FUJC5DV1GHH","1","F","U","J","C","5","D","V","1","G","H","H",1,1,57,"004244572","57004244572",3,6,1,1,0,0,0,0,0,0,0,55,0,0,0,12,6,2,12,0,0,0,1,34,7107,6,1,6,1,3,0,76,999,2,0,0,0,3,3,2012,8,2016,0,0,0,0,0,2,2,65,1,5,2,2,0,0,2,52,6,1,1,28,"888888888888","777777777777","777777777777",0,0
42,420802,1,1,1,29,10,13,8,1,0,1,0,42,1,72,706,72706,80,2003,"1HD1CHP123K4","1","H","D","1","C","H","P","1","2","3","K","4",0,0,0,"000000000","00000000000",0,0,0,1,0,0,0,0,0,0,0,25,0,0,0,0,2,3,1,0,0,0,1,42,15944,6,1,0,0,3,0,71,999,0,0,0,0,0,0,0,0,0,0,99,99,99,99,6,1,35,1,1,2,1,0,0,1,9,98,9,1,98,"777777777777","777777777777","777777777777",1,0
42,420803,1,1,1,29,10,18,25,11,0,1,0,42,1,53,704,53704,80,2006,"JS1SK43A0621","J","S","1","S","K","4","3","A","0","6","2","1",0,0,0,"000000000","00000000000",0,0,0,1,0,0,0,0,0,0,0,40,0,0,0,12,2,3,11,0,0,0,1,42,19033,6,1,0,0,3,1,69,999,0,0,0,0,0,0,0,0,0,0,0,0,0,0,1,2,40,1,1,2,1,0,0,1,87,1,1,1,13,"777777777777","777777777777","777777777777",1,0
42,420804,1,3,1,25,10,6,10,12,2,1,0,42,1,23,481,23481,31,2004,"2GTEK13T6414","2","G","T","E","K","1","3","T","6","4","1","4",0,0,0,"000000000","00000000000",0,0,0,1,0,0,0,0,0,0,0,50,0,0,0,12,6,2,12,0,0,0,1,42,17057,6,1,0,0,3,3,73,999,0,0,0,0,0,0,0,0,0,0,28,0,0,0,5,3,40,1,1,2,1,0,0,1,10,1,1,2,50,"777777777777","777777777777","777777777777",1,0
42,420804,2,3,1,25,10,6,10,12,2,1,0,42,1,82,881,82881,66,1995,"1FUPCXYBXSH6","1","F","U","P","C","X","Y","B","X","S","H","6",1,1,57,"00154323","5700154323",3,6,2,1,0,0,0,0,0,0,0,35,0,0,0,12,6,2,12,0,0,0,1,42,18914,6,1,6,1,3,0,70,999,0,0,0,0,0,0,0,0,0,0,0,0,0,0,5,3,40,1,1,2,1,0,0,1,62,16,2,1,51,"888888888888","777777777777","777777777777",0,0
42,420804,3,3,1,25,10,6,10,12,2,1,0,42,3,82,881,82881,66,2007,"1FUJA6CK77LX","1","F","U","J","A","6","C","K","7","7","L","X",1,1,57,"00276388","5700276388",3,6,1,1,0,0,0,0,0,0,0,999,0,0,0,12,6,2,12,0,0,0,1,42,17088,6,1,6,0,3,3,76,999,1,0,0,0,0,9,2016,9,2016,0,0,0,0,0,5,3,40,1,1,2,1,0,0,1,52,9,1,4,98,"1GRAA96257W7","777777777777","777777777777",0,0
42,420805,1,1,1,24,10,20,7,9,0,1,0,42,1,41,471,41471,30,1994,"4F4DR17X9RTN","4","F","4","D","R","1","7","X","9","R","T","N",0,0,0,"000000000","00000000000",0,0,0,1,0,0,0,0,0,0,0,45,0,0,0,12,6,2,9,0,0,0,1,42,17301,6,1,0,0,3,0,70,999,0,0,0,1,0,3,2014,3,2014,0,0,0,0,0,1,2,45,1,1,2,1,0,0,1,83,1,1,1,13,"777777777777","777777777777","777777777777",0,0
42,420806,1,2,2,31,10,16,32,12,6,1,0,42,1,7,442,7442,20,2002,"2B8GP44362R6","2","B","8","G","P","4","4","3","6","2","R","6",0,0,0,"000000000","00000000000",0,0,0,1,0,0,0,0,0,0,0,25,0,0,0,10,6,2,12,0,0,0,1,42,15012,6,1,0,0,3,1,71,999,0,0,0,0,0,0,0,0,0,0,38,0,0,0,1,2,30,1,6,2,1,20,3,11,15,1,1,1,82,"777777777777","777777777777","777777777777",2,0
42,420806,2,2,2,31,10,16,32,12,6,1,0,42,1,35,481,35481,31,2011,"1N6AA0EJ5BN3","1","N","6","A","A","0","E","J","5","B","N","3",0,0,0,"000000000","00000000000",0,0,0,1,0,0,0,0,0,0,0,45,0,0,0,12,6,2,12,0,0,0,1,42,15461,6,1,0,0,3,1,71,999,0,0,0,0,0,0,0,0,0,0,0,0,0,0,1,4,45,1,6,2,1,0,0,1,67,16,1,1,83,"777777777777","777777777777","777777777777",0,0
42,420807,1,2,1,14,10,18,29,15,0,1,0,42,1,12,401,12401,14,2010,"1FMEU7DE0AUA","1","F","M","E","U","7","D","E","0","A","U","A",0,0,0,"000000000","00000000000",0,0,0,1,0,0,0,0,0,0,0,35,9,0,0,12,6,2,15,0,0,0,1,42,18612,6,1,0,0,3,0,75,999,1,0,0,0,0,12,2011,12,2011,0,0,0,0,0,1,6,35,1,1,2,1,2,3,1,83,6,1,1,13,"777777777777","777777777777","777777777777",0,0
42,420807,2,2,1,14,10,18,29,15,0,1,0,42,1,20,24,20024,6,2011,"1GNKVFEDXBJ4","1","G","N","K","V","F","E","D","X","B","J","4",0,0,0,"000000000","00000000000",0,0,0,1,0,0,0,0,0,0,0,0,0,0,0,12,6,2,12,0,0,0,1,42,18707,6,1,0,0,3,0,74,999,0,0,0,0,0,0,0,0,0,0,0,0,0,0,1,6,35,1,1,2,1,2,3,5,62,1,1,1,98,"777777777777","777777777777","777777777777",0,0
42,420808,1,2,1,16,10,14,54,12,7,1,0,42,1,53,706,53706,80,1997,"JS1VX51L8V21","J","S","1","V","X","5","1","L","8","V","2","1",0,0,0,"000000000","00000000000",0,0,0,1,0,0,0,0,0,0,0,35,0,0,0,9,6,2,25,0,0,0,1,42,15666,6,1,0,0,3,0,71,999,0,0,0,0,0,0,0,0,0,5,30,38,39,0,6,1,99,1,1,2,1,21,3,16,10,99,1,1,48,"777777777777","777777777777","777777777777",1,0
42,420808,2,2,2,16,10,14,54,12,7,1,0,42,1,20,421,20421,15,1999,"1GNCT18WXXK1","1","G","N","C","T","1","8","W","X","X","K","1",1,1,0,"000000000","00000000000",0,0,0,1,0,0,0,0,0,0,0,55,0,0,0,3,2,5,12,0,0,0,1,42,15639,6,1,0,0,3,0,74,999,0,0,0,0,0,0,0,0,0,0,0,0,0,0,3,2,55,1,1,2,1,0,0,1,74,1,1,1,48,"1MDASER17WA9","777777777777","777777777777",0,0
42,420809,1,2,1,31,10,7,17,12,8,1,0,42,1,12,402,12402,14,2014,"1FMCU9J93EUA","1","F","M","C","U","9","J","9","3","E","U","A",0,0,0,"000000000","00000000000",0,0,0,1,0,0,0,0,0,0,0,999,9,0,0,11,6,2,42,0,0,0,1,42,16056,6,1,0,0,3,0,74,999,0,0,0,0,0,0,0,0,0,0,0,0,0,0,1,2,45,2,1,2,1,40,3,14,8,1,1,2,64,"777777777777","777777777777","777777777777",1,0
42,420809,2,2,1,31,10,7,17,12,8,1,0,42,1,55,38,55038,4,2004,"KMHFU45E54A3","K","M","H","F","U","4","5","E","5","4","A","3",0,0,0,"000000000","00000000000",0,0,0,1,0,0,0,0,0,0,0,999,0,0,0,7,4,3,12,0,0,0,1,42,15065,6,1,0,0,3,0,65,999,0,0,0,0,0,0,0,0,0,0,0,0,0,0,1,2,45,3,1,2,1,40,3,14,62,9,1,4,65,"777777777777","777777777777","777777777777",0,0
42,420810,1,1,1,21,7,15,58,30,0,1,0,42,1,35,403,35403,14,2011,"JN8AF5MV4BT0","J","N","8","A","F","5","M","V","4","B","T","0",0,0,0,"000000000","00000000000",0,0,0,1,0,0,0,0,0,0,0,999,0,1,6,3,6,2,1,0,0,0,1,42,15207,6,1,0,0,3,0,62,999,0,0,0,0,0,0,0,0,0,3,0,0,0,0,1,2,25,2,5,2,1,0,0,14,6,98,2,4,7,"777777777777","777777777777","777777777777",1,1
42,420811,1,1,1,9,8,23,58,15,0,1,0,42,1,6,441,6441,20,2009,"2A8HR54119R5","2","A","8","H","R","5","4","1","1","9","R","5",0,0,0,"000000000","00000000000",0,0,0,1,0,0,0,0,0,0,0,45,0,0,0,12,4,3,15,0,0,0,1,42,15666,6,1,0,0,3,1,64,999,0,0,0,0,0,0,0,0,0,0,0,0,0,0,1,2,45,1,1,2,1,0,0,1,83,1,1,1,13,"777777777777","777777777777","777777777777",0,0