"STATE","ST_CASE","VEH_NO","VE_FORMS","NUMOCCS","DAY","MONTH","HOUR","MINUTE","HARM_EV","MAN_COLL","UNITTYPE","HIT_RUN","REG_STAT","OWNER","MAKE","MODEL","MAK_MOD","BODY_TYP","MOD_YEAR","VIN","VIN_1","VIN_2","VIN_3","VIN_4","VIN_5","VIN_6","VIN_7","VIN_8","VIN_9","VIN_10","VIN_11","VIN_12","TOW_VEH","J_KNIFE","MCARR_I1","MCARR_I2","MCARR_ID","GVWR","V_CONFIG","CARGO_BT","HAZ_INV","HAZ_PLAC","HAZ_ID","HAZ_CNO","HAZ_REL","BUS_USE","SPEC_USE","EMER_USE","TRAV_SP","UNDERIDE","ROLLOVER","ROLINLOC","IMPACT1","DEFORMED","TOWED","M_HARM","VEH_SC1","VEH_SC2","FIRE_EXP","DR_PRES","L_STATE","DR_ZIP","L_STATUS","L_TYPE","CDL_STAT","L_ENDORS","L_COMPL","L_RESTRI","DR_HGT","DR_WGT","PREV_ACC","PREV_SUS","PREV_DWI","PREV_SPD","PREV_OTH","FIRST_MO","FIRST_YR","LAST_MO","LAST_YR","SPEEDREL","DR_SF1","DR_SF2","DR_SF3","DR_SF4","VTRAFWAY","VNUM_LAN","VSPD_LIM","VALIGN","VPROFILE","VPAVETYP","VSURCOND","VTRAFCON","VTCONT_F","P_CRASH1","P_CRASH2","P_CRASH3","PCRASH4","PCRASH5","ACC_TYPE","TRLR1VIN","TRLR2VIN","TRLR3VIN","DEATHS","DR_DRINK"
42,420856,1,2,1,4,8,19,8,12,6,1,0,42,1,63,32,63032,5,2014,"KNADM4A35E63","K","N","A","D","M","4","A","3","5","E","6","3",0,0,0,"000000000","00000000000",0,0,0,1,0,0,0,0,0,0,0,999,0,0,0,12,6,2,12,0,0,0,1,42,19013,6,1,0,0,3,0,72,999,0,0,0,0,0,0,0,0,0,0,0,0,0,0,5,5,35,1,1,1,1,0,0,1,17,1,1,1,88,"777777777777","777777777777","777777777777",0,0
42,420856,2,2,5,4,8,19,8,12,6,1,0,34,1,49,43,49043,4,2010,"4T1BK3DB6AU3","4","T","1","B","K","3","D","B","6","A","U","3",0,0,0,"000000000","00000000000",0,0,0,1,0,0,0,0,0,0,0,999,0,0,0,8,6,2,12,0,0,0,1,34,8055,6,1,0,0,3,3,73,999,0,0,0,0,0,0,0,0,0,0,38,0,0,0,1,2,25,1,1,2,1,20,2,1,66,1,1,1,89,"777777777777","777777777777","777777777777",1,0
42,420857,1,1,1,29,9,22,37,38,0,1,0,42,1,14,401,14401,14,1997,"4M2DU55P7VUJ","4","M","2","D","U","5","5","P","7","V","U","J",0,0,0,"000000000","00000000000",0,0,0,1,0,0,0,0,0,0,0,999,0,1,6,62,6,2,42,0,0,0,1,42,19365,1,1,0,0,2,0,67,999,1,0,0,1,0,3,2013,5,2013,4,6,58,0,0,1,2,55,3,1,2,2,0,0,14,13,1,3,4,7,"777777777777","777777777777","777777777777",1,0
42,420858,1,1,2,29,10,0,14,8,0,1,1,42,1,12,481,12481,31,2001,"1FTRX18L51NB","1","F","T","R","X","1","8","L","5","1","N","B",0,0,0,"000000000","00000000000",0,0,0,1,0,0,0,0,0,0,0,60,0,0,0,12,2,5,8,0,0,0,1,42,15456,6,1,6,0,3,0,68,999,0,0,0,0,1,7,2015,7,2015,4,6,0,0,0,1,2,45,2,1,2,1,0,0,14,80,1,1,9,13,"777777777777","777777777777","777777777777",0,1
42,420859,1,1,1,25,9,3,7,53,0,1,0,92,0,37,734,37734,90,2008,"1HFTE2308848","1","H","F","T","E","2","3","0","8","8","4","8",0,0,0,"000000000","00000000000",0,0,0,1,0,0,0,0,0,0,0,45,0,1,5,12,6,2,32,0,0,0,1,42,16611,6,1,0,0,1,0,63,999,0,0,0,1,0,6,2015,6,2015,3,18,0,0,0,1,2,35,1,1,2,1,0,0,11,6,1,2,4,7,"777777777777","777777777777","777777777777",1,1
42,420860,1,2,1,13,11,16,19,12,6,1,0,42,1,2,422,2422,15,2014,"1C4RJFCG4EC2","1","C","4","R","J","F","C","G","4","E","C","2",0,0,0,"000000000","00000000000",0,0,0,1,0,0,0,0,0,0,0,5,0,0,0,11,6,2,12,0,0,0,1,42,17584,6,1,0,0,3,1,69,999,0,0,0,0,0,0,0,0,0,0,38,0,0,0,1,2,55,1,1,2,1,20,3,11,15,6,1,1,82,"777777777777","777777777777","777777777777",0,0
42,420860,2,2,1,13,11,16,19,12,6,1,0,42,1,37,33,37033,2,1991,"JHMBA423XMC0","J","H","M","B","A","4","2","3","X","M","C","0",0,0,0,"000000000","00000000000",0,0,0,1,0,0,0,0,0,0,0,999,0,0,0,12,6,2,12,0,0,0,1,42,17603,6,1,6,0,3,3,72,999,0,0,0,0,0,0,0,0,0,0,99,99,99,99,1,2,45,1,5,2,1,0,0,1,67,6,1,2,83,"777777777777","777777777777","777777777777",1,1
42,420861,1,2,1,3,11,6,59,12,2,1,0,42,1,20,22,20022,4,2007,"1G1AL55F4773","1","G","1","A","L","5","5","F","4","7","7","3",0,0,0,"000000000","00000000000",0,0,0,1,0,0,0,0,0,0,0,999,0,0,0,12,6,2,12,0,0,1,1,42,16001,6,1,0,0,3,1,62,999,0,0,0,0,0,0,0,0,0,4,28,87,0,0,1,2,45,2,1,2,2,40,3,14,10,99,9,2,50,"777777777777","777777777777","777777777777",1,0
42,420861,2,2,1,3,11,6,59,12,2,1,0,18,3,84,884,84884,66,2007,"1HSHXSBR17J3","1","H","S","H","X","S","B","R","1","7","J","3",1,1,57,"01079241","5701079241",3,6,1,1,0,0,0,0,0,0,0,999,0,0,0,12,6,2,12,0,0,0,1,42,16022,6,1,6,0,3,0,68,999,1,1,1,0,1,8,2012,6,2016,0,0,0,0,0,1,2,45,3,1,2,2,40,3,14,62,16,2,1,51,"888888888888","777777777777","777777777777",0,0
42,420862,1,1,3,26,11,17,46,30,0,1,0,42,1,20,481,20481,31,2003,"1GCEK19T33E3","1","G","C","E","K","1","9","T","3","3","E","3",0,0,0,"000000000","00000000000",0,0,0,1,0,0,0,0,0,0,0,999,0,1,5,11,6,2,30,0,0,0,1,42,17813,6,1,0,0,3,3,69,999,1,0,0,2,1,2,2012,7,2014,0,99,99,99,99,1,2,45,3,1,2,1,0,0,14,10,9,3,4,2,"777777777777","777777777777","777777777777",1,1
42,420863,1,1,1,24,11,1,0,42,0,1,0,42,1,55,35,55035,2,2013,"KMHDH6AE3DU0","K","M","H","D","H","6","A","E","3","D","U","0",0,0,0,"000000000","00000000000",0,0,0,1,0,0,0,0,0,0,0,70,0,1,5,13,6,2,42,0,0,0,1,42,15834,6,1,0,0,3,0,61,999,0,0,0,0,0,0,0,0,0,4,0,0,0,0,1,2,55,1,6,2,2,0,0,1,12,1,1,4,6,"777777777777","777777777777","777777777777",1,0
42,420864,1,2,1,30,11,17,48,12,1,1,0,42,1,35,50,35050,5,2007,"3N1BC13E37L4","3","N","1","B","C","1","3","E","3","7","L","4",0,0,0,"000000000","00000000000",0,0,0,1,0,0,0,0,0,0,0,40,9,0,0,12,6,2,12,0,0,0,1,42,16673,6,1,0,0,3,0,67,999,0,0,0,0,0,0,0,0,0,0,99,99,99,99,1,2,45,1,1,2,2,0,0,1,50,16,2,1,20,"777777777777","777777777777","777777777777",1,0
42,420864,2,2,2,30,11,17,48,12,1,1,0,42,2,12,481,12481,31,2010,"1FTFW1EV2AFD","1","F","T","F","W","1","E","V","2","A","F","D",0,0,0,"000000000","00000000000",0,0,0,1,0,0,0,0,0,0,0,0,0,0,0,6,4,3,12,0,0,0,1,42,16673,6,7,0,0,2,2,74,999,0,0,0,0,0,0,0,0,0,0,73,0,0,0,1,2,45,1,1,2,2,0,0,5,53,1,1,1,22,"777777777777","777777777777","777777777777",0,0
42,420865,1,1,1,7,11,0,18,59,0,1,0,42,1,20,482,20482,31,2003,"3GNEK13T83G3","3","G","N","E","K","1","3","T","8","3","G","3",0,0,0,"000000000","00000000000",0,0,0,1,0,0,0,0,0,0,0,65,0,1,1,1,6,2,1,0,0,0,1,42,17315,6,1,0,0,3,0,66,999,0,0,0,0,0,0,0,0,0,3,0,0,0,0,1,2,40,2,5,2,1,0,0,14,13,99,1,4,1,"777777777777","777777777777","777777777777",1,0
42,420866,1,2,1,12,11,13,56,12,8,1,0,42,2,20,25,20025,4,2015,"1G1PC5SB9F71","1","G","1","P","C","5","S","B","9","F","7","1",0,0,0,"000000000","00000000000",0,0,0,1,0,0,0,0,0,0,0,999,0,0,0,11,6,2,12,0,0,0,1,42,16066,1,1,0,0,2,0,67,999,0,0,0,0,0,0,0,0,0,0,6,51,0,0,3,2,70,1,1,2,1,0,0,1,54,1,1,1,66,"777777777777","777777777777","777777777777",1,0
42,420866,2,2,2,12,11,13,56,12,8,1,0,39,1,12,37,12037,5,2014,"1FADP3K27EL3","1","F","A","D","P","3","K","2","7","E","L","3",0,0,0,"000000000","00000000000",0,0,0,1,0,0,0,0,0,0,0,999,0,0,0,11,6,2,12,0,0,0,1,39,44039,6,1,0,0,3,3,69,155,0,0,0,2,0,10,2012,6,2013,0,0,0,0,0,3,2,70,1,1,2,1,0,0,1,54,1,1,1,66,"777777777777","777777777777","777777777777",1,0
42,420867,1,2,3,10,11,23,0,12,6,1,0,42,2,21,20,21020,4,1994,"1G3AG55M2R63","1","G","3","A","G","5","5","M","2","R","6","3",0,0,0,"000000000","00000000000",0,0,0,1,0,0,0,0,0,0,0,55,0,0,0,3,6,2,12,0,0,0,1,42,15701,6,1,0,0,3,0,69,999,0,0,0,0,0,0,0,0,0,4,6,28,0,0,1,2,55,3,5,2,1,0,0,14,6,6,4,6,66,"777777777777","777777777777","777777777777",2,1
42,420867,2,2,3,10,11,23,0,12,6,1,0,39,1,12,402,12402,14,2011,"1FMCU0DG8BKB","1","F","M","C","U","0","D","G","8","B","K","B",0,0,0,"000000000","00000000000",0,0,0,1,0,0,0,0,0,0,0,55,0,0,0,12,6,2,12,0,0,0,1,39,15756,6,1,6,0,3,3,70,180,1,0,0,1,1,6,2014,8,2014,0,0,0,0,0,1,2,55,2,6,2,1,0,0,14,62,1,1,1,66,"777777777777","777777777777","777777777777",0,0
42,420868,1,2,1,2,11,16,54,12,6,1,0,42,1,37,32,37032,4,1999,"1HGCG6650XA0","1","H","G","C","G","6","6","5","0","X","A","0",0,0,0,"000000000","00000000000",0,0,0,1,0,0,0,0,0,0,0,5,0,0,0,1,6,2,12,0,0,0,1,42,17603,6,1,0,0,3,0,69,999,0,0,0,0,0,0,0,0,0,0,48,6,0,0,1,2,35,1,1,2,1,0,0,11,15,1,1,1,68,"777777777777","777777777777","777777777777",0,0
42,420868,2,2,1,2,11,16,54,12,6,1,0,42,1,37,706,37706,80,2001,"JH2SC44001M1","J","H","2","S","C","4","4","0","0","1","M","1",0,0,0,"000000000","00000000000",0,0,0,1,0,0,0,0,0,0,0,35,0,0,0,12,6,2,12,0,0,0,1,42,18642,6,1,0,0,3,3,70,999,0,0,0,0,0,0,0,0,0,0,0,0,0,0,1,2,35,1,1,2,1,0,0,1,62,16,2,1,69,"777777777777","777777777777","777777777777",1,0
42,420869,1,1,1,10,11,19,31,35,0,1,0,42,1,20,481,20481,31,2002,"2GCEK19V3213","2","G","C","E","K","1","9","V","3","2","1","3",0,0,0,"000000000","00000000000",0,0,0,1,0,0,0,0,0,0,0,80,0,1,5,11,6,2,35,0,0,0,1,42,16611,3,1,6,3,2,0,71,999,0,0,0,0,0,0,0,0,0,3,0,0,0,0,2,3,55,1,6,2,1,0,0,1,6,1,4,4,7,"777777777777","777777777777","777777777777",1,1
42,420870,1,2,1,6,11,12,2,12,1,1,0,36,1,22,22,22022,4,2010,"1G2ZA5E08A41","1","G","2","Z","A","5","E","0","8","A","4","1",0,0,0,"000000000","00000000000",0,0,0,1,0,0,0,0,0,0,0,75,0,0,0,12,6,2,12,0,0,0,1,36,14770,6,1,0,0,3,3,999,999,0,0,0,0,0,0,0,0,0,3,0,0,0,0,1,2,70,1,5,2,1,0,0,1,50,16,1,1,20,"777777777777","777777777777","777777777777",1,0
42,420870,2,2,1,6,11,12,2,12,1,1,0,36,2,51,881,51881,66,2014,"4V4NC9EHXEN1","4","V","4","N","C","9","E","H","X","E","N","1",1,1,57,"00331423","5700331423",3,6,1,1,0,0,0,0,0,0,0,0,0,0,0,6,2,5,12,0,0,0,1,36,14580,6,1,6,3,3,0,999,999,0,0,0,0,0,0,0,0,0,0,0,0,0,0,1,2,70,1,5,2,1,0,0,5,53,1,1,1,21,"999999999999","777777777777","777777777777",0,0
42,420871,1,1,1,18,11,23,26,8,0,1,0,42,1,35,51,35051,6,2013,"JN8AS5MT4DW0","J","N","8","A","S","5","M","T","4","D","W","0",0,0,0,"000000000","00000000000",0,0,0,1,0,0,0,0,0,0,0,999,0,0,0,2,4,3,8,0,0,0,1,42,19152,6,1,0,0,3,0,61,999,1,0,0,0,0,6,2016,6,2016,0,99,99,99,99,1,3,40,1,1,2,1,2,3,1,80,1,1,1,13,"777777777777","777777777777","777777777777",0,1
42,420872,1,1,1,24,11,10,18,1,0,1,0,42,1,37,706,37706,80,1989,"1HFSC2203KA1","1","H","F","S","C","2","2","0","3","K","A","1",0,0,0,"000000000","00000000000",0,0,0,1,0,0,0,0,0,0,0,999,0,0,0,0,4,5,1,0,0,0,1,42,19038,6,1,0,0,3,3,72,999,1,0,0,0,0,9,2014,9,2014,5,0,0,0,0,1,2,25,2,4,2,2,0,0,14,6,99,4,4,98,"777777777777","777777777777","777777777777",1,0
42,420873,1,1,1,28,11,17,5,8,0,1,0,42,2,98,988,98988,52,2009,"5FYH4FV199B0","5","F","Y","H","4","F","V","1","9","9","B","0",0,0,88,"888888888","88888888888",2,21,22,1,0,0,0,0,6,3,0,999,0,0,0,1,2,3,8,0,0,0,1,42,19114,6,1,6,9,3,0,68,999,0,0,0,0,0,0,0,0,0,0,48,0,0,0,1,3,35,1,1,2,1,2,3,11,80,1,1,1,13,"777777777777","777777777777","777777777777",0,0
42,420874,1,1,1,26,10,7,27,9,0,1,0,42,1,63,32,63032,4,2006,"KNADE1231660","K","N","A","D","E","1","2","3","1","6","6","0",0,0,0,"000000000","00000000000",0,0,0,1,0,0,0,0,0,0,0,15,0,0,0,1,4,3,9,0,0,0,1,42,18049,6,1,0,0,3,0,69,999,0,0,0,0,0,0,0,0,0,0,48,0,0,0,1,2,35,1,5,2,1,0,0,11,83,1,1,1,13,"777777777777","777777777777","777777777777",0,0
42,420875,1,1,1,18,10,18,18,32,0,1,0,42,1,2,404,2404,14,2014,"1C4PJMCB5EW2","1","C","4","P","J","M","C","B","5","E","W","2",0,0,0,"000000000","00000000000",0,0,0,1,0,0,0,0,0,0,0,50,0,0,0,12,6,2,42,0,0,0,1,42,16134,6,1,0,0,3,0,70,999,0,0,0,0,0,0,0,0,0,0,99,99,99,99,1,2,55,1,1,2,1,0,0,1,13,1,1,4,1,"777777777777","777777777777","777777777777",1,0
42,420876,1,3,1,29,11,17,44,12,2,1,0,42,1,2,404,2404,14,1995,"1J4FJ28S3SL6","1","J","4","F","J","2","8","S","3","S","L","6",0,0,0,"000000000","00000000000",0,0,0,1,0,0,0,0,0,0,0,999,0,1,1,12,6,2,12,0,0,0,1,42,16648,6,1,0,0,3,0,64,999,0,0,0,1,0,5,2016,5,2016,0,6,51,0,0,2,2,40,1,1,2,2,0,0,6,10,99,1,4,50,"777777777777","777777777777","777777777777",0,0
42,420876,2,3,2,29,11,17,44,12,2,1,0,42,1,20,23,20023,6,2009,"3GNCA13B49S6","3","G","N","C","A","1","3","B","4","9","S","6",0,0,0,"000000000","00000000000",0,0,0,1,0,0,0,0,0,0,0,999,0,0,0,12,6,2,12,0,0,0,1,42,16648,6,1,0,0,3,3,73,999,0,0,0,0,0,0,0,0,0,0,99,99,99,99,2,2,40,1,1,2,2,0,0,1,62,99,1,1,51,"777777777777","777777777777","777777777777",2,0
42,420876,3,3,2,29,11,17,44,12,2,1,0,42,1,52,47,52047,6,2010,"JA4JT5AX5AZ0","J","A","4","J","T","5","A","X","5","A","Z","0",0,0,0,"000000000","00000000000",0,0,0,1,0,0,0,0,0,0,0,999,0,0,0,12,6,2,12,0,0,0,1,42,16601,6,1,0,0,3,0,67,999,0,0,0,0,0,0,0,0,0,0,99,99,99,99,2,2,40,1,1,2,2,0,0,1,62,99,1,1,98,"777777777777","777777777777","777777777777",0,0
42,420877,1,1,1,1,11,18,20,42,0,1,0,42,2,37,402,37402,14,2011,"5J6RE4H46BL0","5","J","6","R","E","4","H","4","6","B","L","0",0,0,0,"000000000","00000000000",0,0,0,1,0,0,0,0,0,0,0,999,0,0,0,12,6,2,42,0,0,1,1,42,16057,6,1,0,0,3,0,71,999,2,0,0,1,1,8,2013,1,2014,5,0,0,0,0,1,2,35,1,5,2,1,0,0,1,13,1,1,4,1,"777777777777","777777777777","777777777777",1,0
42,420878,1,1,1,18,11,17,16,34,0,1,0,42,1,20,421,20421,15,2001,"1GNEK13T71J1","1","G","N","E","K","1","3","T","7","1","J","1",0,0,0,"000000000","00000000000",0,0,0,1,0,0,0,0,0,0,0,80,0,1,5,12,6,2,1,0,0,0,1,42,15845,6,1,0,0,3,3,70,999,0,0,0,0,0,0,0,0,0,3,0,0,0,0,1,2,55,3,1,2,1,0,0,14,13,1,1,4,1,"777777777777","777777777777","777777777777",1,1
42,420879,1,2,1,20,11,9,33,12,2,1,0,42,1,48,403,48403,14,2014,"JF2GPAVCXE83","J","F","2","G","P","A","V","C","X","E","8","3",0,0,0,"000000000","00000000000",0,0,0,1,0,0,0,0,0,0,0,999,0,0,0,12,6,2,12,0,0,0,1,42,15931,6,1,0,0,3,0,63,999,0,0,0,1,0,4,2014,4,2014,0,87,28,0,0,1,2,55,1,1,2,4,0,0,1,5,1,2,2,52,"777777777777","777777777777","777777777777",0,0
42,420879,2,2,2,20,11,9,33,12,2,1,0,42,3,7,442,7442,20,2015,"2C4RDGBG7FR5","2","C","4","R","D","G","B","G","7","F","R","5",0,0,0,"000000000","00000000000",0,0,0,1,0,0,0,0,0,0,0,999,0,0,0,12,6,2,12,0,0,0,1,42,15714,6,1,0,0,3,0,71,999,0,0,0,0,0,0,0,0,0,0,0,0,0,0,1,2,55,1,1,2,4,0,0,1,62,99,1,1,52,"777777777777","777777777777","777777777777",1,0
42,420880,1,2,1,4,11,22,37,12,6,1,0,42,1,22,18,22018,4,2003,"1G2NF52E63M5","1","G","2","N","F","5","2","E","6","3","M","5",0,0,0,"000000000","00000000000",0,0,0,1,0,0,0,0,0,0,0,60,0,0,0,2,6,2,12,0,0,0,1,42,15320,6,1,0,0,3,0,65,999,1,0,0,0,0,5,2016,5,2016,5,28,0,0,0,1,2,55,3,1,2,1,0,0,14,11,6,4,6,66,"777777777777","777777777777","777777777777",1,0
42,420880,2,2,1,4,11,22,37,12,6,1,0,42,1,12,481,12481,31,2013,"1FTFX1ET1DKD","1","F","T","F","X","1","E","T","1","D","K","D",0,0,0,"000000000","00000000000",0,0,0,1,0,0,0,0,0,0,0,55,0,0,0,12,6,2,12,0,0,0,1,42,15456,6,1,0,0,3,1,71,999,0,0,0,0,0,0,0,0,0,0,0,0,0,0,1,2,55,1,1,2,1,0,0,1,62,1,1,1,66,"777777777777","777777777777","777777777777",0,0
42,420881,1,1,1,18,11,15,15,8,0,1,1,99,9,35,399,35399,9,9999,"999999999999","9","9","9","9","9","9","9","9","9","9","9","9",0,0,0,"000000000","00000000000",0,0,0,1,0,0,0,0,0,99,9,999,0,0,0,12,9,5,8,0,0,0,1,99,99999,9,9,99,0,9,9,999,999,99,99,99,99,99,99,9999,99,9999,0,39,0,0,0,1,4,30,1,1,2,1,20,3,1,80,99,1,3,13,"777777777777","777777777777","777777777777",0,0
42,420882,1,2,1,2,11,9,45,12,6,1,0,42,1,37,31,37031,4,2011,"2HGFA1F32BH5","2","H","G","F","A","1","F","3","2","B","H","5",0,0,0,"000000000","00000000000",0,0,0,1,0,0,0,0,0,0,0,45,0,0,0,12,6,2,12,0,0,0,1,42,18041,6,1,0,0,3,1,62,999,0,0,0,0,0,0,0,0,0,0,39,0,0,0,1,2,40,1,3,2,1,3,3,11,15,1,1,1,76,"777777777777","777777777777","777777777777",1,0
42,420882,2,2,1,2,11,9,45,12,6,1,0,42,1,48,401,48401,14,2014,"JF2SJAMC7EH4","J","F","2","S","J","A","M","C","7","E","H","4",0,0,0,"000000000","00000000000",0,0,0,1,0,0,0,0,0,0,0,45,0,0,0,11,6,2,12,0,0,0,1,42,19473,6,1,0,0,3,1,65,999,0,0,0,0,0,0,0,0,0,0,0,0,0,0,1,2,45,1,3,2,1,3,3,1,65,1,1,1,77,"777777777777","777777777777","777777777777",0,0
42,420883,1,3,1,22,11,20,53,24,0,1,0,42,2,20,32,20032,5,1990,"1Y1SK516XLZ0","1","Y","1","S","K","5","1","6","X","L","Z","0",0,0,0,"000000000","00000000000",0,0,0,1,0,0,0,0,0,0,0,999,0,0,0,81,6,2,12,0,0,0,1,42,19512,6,1,0,0,3,0,68,999,0,0,0,0,0,0,0,0,0,4,0,0,0,0,1,2,45,3,1,2,1,0,0,14,13,1,1,4,1,"777777777777","777777777777","777777777777",1,0
42,420883,2,3,2,22,11,20,53,24,0,1,0,42,1,37,402,37402,14,2015,"2HKRM4H51FH6","2","H","K","R","M","4","H","5","1","F","H","6",0,0,0,"000000000","00000000000",0,0,0,1,0,0,0,0,0,0,0,40,0,0,0,11,6,2,12,0,0,0,1,42,19512,6,1,0,0,3,3,70,999,0,0,0,0,0,0,0,0,0,0,0,0,0,0,1,2,45,2,1,2,1,0,0,14,62,99,1,3,98,"777777777777","777777777777","777777777777",0,0
42,420883,3,3,1,22,11,20,53,24,0,1,0,42,1,37,39,37039,5,2009,"JHMGE872X9S0","J","H","M","G","E","8","7","2","X","9","S","0",0,0,0,"000000000","00000000000",0,0,0,1,0,0,0,0,0,0,0,40,0,0,0,98,9,5,54,0,0,0,1,42,19510,6,1,0,0,3,0,66,999,0,0,0,0,0,0,0,0,0,0,0,0,0,0,1,2,45,2,1,2,1,0,0,14,62,16,1,1,98,"777777777777","777777777777","777777777777",0,0
42,420884,1,1,1,7,10,4,44,9,0,1,1,99,9,99,884,99884,66,9999,"999999999999","9","9","9","9","9","9","9","9","9","9","9","9",1,1,99,"999999999","99999999999",3,6,98,1,0,0,0,0,0,0,0,999,0,0,0,12,9,5,9,0,0,0,1,99,99999,9,9,99,9,9,9,999,999,99,99,99,99,99,99,9999,99,9999,5,99,99,99,99,5,5,35,1,5,2,1,0,0,1,83,99,1,1,13,"999999999999","777777777777","777777777777",0,0
42,420885,1,1,1,20,11,2,17,42,0,1,0,42,1,30,40,30040,4,1999,"3VWSE29M1XM0","3","V","W","S","E","2","9","M","1","X","M","0",0,0,0,"000000000","00000000000",0,0,0,1,0,0,0,0,0,0,0,80,0,0,0,6,6,2,42,0,0,0,1,42,16415,6,1,0,0,3,0,68,999,0,0,0,0,0,0,0,0,0,3,0,0,0,0,2,4,55,1,1,2,2,0,0,1,6,1,4,4,7,"777777777777","777777777777","777777777777",1,1
42,420886,1,2,1,19,11,19,48,12,6,1,0,42,1,2,404,2404,14,2004,"1J4GW58J34C3","1","J","4","G","W","5","8","J","3","4","C","3",0,0,0,"000000000","00000000000",0,0,0,1,0,0,0,0,0,0,0,999,0,0,0,9,4,3,12,0,0,0,1,42,19428,6,1,0,0,3,0,72,999,0,0,0,0,0,0,0,0,0,0,38,0,0,0,1,2,25,1,1,2,1,20,3,10,16,1,1,1,78,"777777777777","777777777777","777777777777",0,0
42,420886,2,2,2,19,11,19,48,12,6,1,0,42,1,37,706,37706,80,2003,"JH2SC50023M1","J","H","2","S","C","5","0","0","2","3","M","1",0,0,0,"000000000","00000000000",0,0,0,1,0,0,0,0,0,0,0,999,0,0,0,12,6,2,19,0,0,0,1,42,19462,6,1,0,0,2,0,67,999,1,0,0,0,1,6,2014,10,2014,5,36,0,0,0,5,5,35,1,5,2,1,0,0,1,65,1,1,3,79,"777777777777","777777777777","777777777777",1,0
42,420887,1,2,1,25,6,14,5,1,0,1,0,42,1,7,25,7025,5,2007,"1B3HB28B67D2","1","B","3","H","B","2","8","B","6","7","D","2",0,0,0,"000000000","00000000000",0,0,0,1,0,0,0,0,0,0,0,999,0,0,0,63,4,3,12,0,0,0,1,42,16673,6,1,0,0,3,0,68,999,0,0,0,0,0,0,0,0,0,0,38,6,0,0,1,2,35,1,1,2,1,20,3,11,15,98,1,1,98,"777777777777","777777777777","777777777777",0,0
42,420887,2,2,2,25,6,14,5,1,0,1,0,42,1,76,705,76705,80,1985,"JYA56E005FA0","J","Y","A","5","6","E","0","0","5","F","A","0",0,0,0,"000000000","00000000000",0,0,0,1,0,0,0,0,0,0,0,999,0,0,0,0,6,2,12,0,0,0,1,42,16662,6,1,0,0,3,0,68,999,0,0,0,0,0,0,0,0,0,0,0,0,0,0,1,2,55,1,1,2,1,0,0,1,67,16,2,1,98,"777777777777","777777777777","777777777777",2,0
42,420888,1,1,1,6,6,12,56,53,0,1,0,42,1,37,403,37403,14,2011,"5J6YH2H70BL0","5","J","6","Y","H","2","H","7","0","B","L","0",0,0,0,"000000000","00000000000",0,0,0,1,0,0,0,0,0,0,0,55,0,0,0,10,6,2,42,0,0,0,1,42,18472,6,1,0,0,3,0,72,999,0,0,0,0,0,0,0,0,0,4,0,0,0,0,1,2,45,2,6,2,1,0,0,14,12,1,1,4,6,"777777777777","777777777777","777777777777",1,0
42,420889,1,1,2,5,6,23,23,43,0,1,0,42,9,49,50,49050,3,2005,"JTKDE1677500","J","T","K","D","E","1","6","7","7","5","0","0",0,0,0,"000000000","00000000000",0,0,0,1,0,0,0,0,0,0,0,55,0,1,6,98,6,2,30,0,0,0,1,42,16323,9,9,99,0,9,9,999,999,99,99,99,99,99,99,9999,99,9999,3,0,0,0,0,1,2,35,2,1,2,2,0,0,14,6,15,3,4,7,"777777777777","777777777777","777777777777",1,0
42,420890,1,1,1,10,11,23,10,42,0,1,0,42,1,23,481,23481,31,1998,"1GTEK19MXWE5","1","G","T","E","K","1","9","M","X","W","E","5",0,0,0,"000000000","00000000000",0,0,0,1,0,0,0,0,0,0,0,50,0,1,1,11,6,2,2,0,0,1,1,42,16637,6,1,0,0,3,3,67,999,0,0,0,0,1,10,2016,10,2016,4,0,0,0,0,1,2,45,1,6,2,1,0,0,1,12,1,1,4,6,"777777777777","777777777777","777777777777",1,0
42,420891,1,4,1,20,6,12,45,12,1,1,0,42,1,20,25,20025,4,2012,"1G1PC5SH8C72","1","G","1","P","C","5","S","H","8","C","7","2",0,0,0,"000000000","00000000000",0,0,0,1,0,0,0,0,0,0,0,80,0,0,0,12,6,2,12,0,0,0,1,42,17901,6,1,0,0,3,0,63,999,0,0,0,0,0,0,0,0,0,3,0,0,0,0,1,2,35,1,1,2,1,0,0,1,50,1,1,1,33,"777777777777","777777777777","777777777777",1,0
42,420891,2,4,1,20,6,12,45,12,1,1,0,42,1,20,402,20402,14,2003,"2CNBJ18C4369","2","C","N","B","J","1","8","C","4","3","6","9",0,0,0,"000000000","00000000000",0,0,0,1,0,0,0,0,0,0,0,0,0,0,0,6,6,2,12,0,0,0,1,42,17982,6,1,0,0,3,3,66,999,0,0,0,0,0,0,0,0,0,0,0,0,0,0,1,2,35,1,1,2,1,0,0,5,53,1,1,1,33,"777777777777","777777777777","777777777777",0,0
42,420891,3,4,2,20,6,12,45,12,1,1,0,42,2,52,47,52047,6,2014,"4A4AR4AU3EE0","4","A","4","A","R","4","A","U","3","E","E","0",0,0,0,"000000000","00000000000",0,0,0,1,0,0,0,0,0,0,0,0,0,0,0,6,6,2,12,0,0,0,1,42,17931,6,1,0,0,3,0,62,999,0,0,0,0,0,0,0,0,0,0,0,0,0,0,1,2,35,1,1,2,1,0,0,5,53,1,1,1,98,"777777777777","777777777777","777777777777",0,0