"STATE","ST_CASE","VEH_NO","VE_FORMS","NUMOCCS","DAY","MONTH","HOUR","MINUTE","HARM_EV","MAN_COLL","UNITTYPE","HIT_RUN","REG_STAT","OWNER","MAKE","MODEL","MAK_MOD","BODY_TYP","MOD_YEAR","VIN","VIN_1","VIN_2","VIN_3","VIN_4","VIN_5","VIN_6","VIN_7","VIN_8","VIN_9","VIN_10","VIN_11","VIN_12","TOW_VEH","J_KNIFE","MCARR_I1","MCARR_I2","MCARR_ID","GVWR","V_CONFIG","CARGO_BT","HAZ_INV","HAZ_PLAC","HAZ_ID","HAZ_CNO","HAZ_REL","BUS_USE","SPEC_USE","EMER_USE","TRAV_SP","UNDERIDE","ROLLOVER","ROLINLOC","IMPACT1","DEFORMED","TOWED","M_HARM","VEH_SC1","VEH_SC2","FIRE_EXP","DR_PRES","L_STATE","DR_ZIP","L_STATUS","L_TYPE","CDL_STAT","L_ENDORS","L_COMPL","L_RESTRI","DR_HGT","DR_WGT","PREV_ACC","PREV_SUS","PREV_DWI","PREV_SPD","PREV_OTH","FIRST_MO","FIRST_YR","LAST_MO","LAST_YR","SPEEDREL","DR_SF1","DR_SF2","DR_SF3","DR_SF4","VTRAFWAY","VNUM_LAN","VSPD_LIM","VALIGN","VPROFILE","VPAVETYP","VSURCOND","VTRAFCON","VTCONT_F","P_CRASH1","P_CRASH2","P_CRASH3","PCRASH4","PCRASH5","ACC_TYPE","TRLR1VIN","TRLR2VIN","TRLR3VIN","DEATHS","DR_DRINK"
42,420912,24,64,1,13,2,9,28,12,1,1,0,37,1,18,25,18025,4,2014,"1G4PS5SK1E41","1","G","4","P","S","5","S","K","1","E","4","1",0,0,0,"000000000","00000000000",0,0,0,1,0,0,0,0,0,0,0,999,2,0,0,98,6,2,12,0,0,0,1,37,28601,6,1,0,0,3,3,65,999,0,0,0,0,1,7,2015,7,2015,0,0,0,0,0,2,2,65,1,1,1,3,0,0,1,53,99,1,1,98,"777777777777","777777777777","777777777777",0,0
42,420912,25,64,2,13,2,9,28,12,1,1,0,36,2,42,42,42042,4,2016,"55SWF4KB1GU1","5","5","S","W","F","4","K","B","1","G","U","1",0,0,0,"000000000","00000000000",0,0,0,1,0,0,0,0,0,0,0,5,0,0,0,98,6,2,12,0,0,0,1,12,11963,6,1,0,0,3,3,72,999,0,0,0,0,0,0,0,0,0,0,0,0,0,0,2,2,65,1,1,1,3,0,0,1,53,1,1,1,98,"777777777777","777777777777","777777777777",0,0
42,420912,26,64,2,13,2,9,28,12,1,1,0,42,1,37,402,37402,14,2008,"5J6RE48798L0","5","J","6","R","E","4","8","7","9","8","L","0",0,0,0,"000000000","00000000000",0,0,0,1,0,0,0,0,0,0,0,50,0,0,0,98,6,2,12,0,0,0,1,42,18045,6,1,0,0,3,0,72,999,0,0,0,0,0,0,0,0,0,0,0,0,0,0,2,2,65,1,1,1,3,0,0,1,53,1,1,1,98,"777777777777","777777777777","777777777777",0,0
42,420912,27,64,1,13,2,9,28,12,1,1,0,37,3,82,881,82881,66,2016,"1FUBGK057GLG","1","F","U","B","G","K","0","5","7","G","L","G",2,1,57,"00090849","5700090849",3,7,1,1,0,0,0,0,0,0,0,999,0,0,0,98,6,2,12,0,0,0,1,42,17019,6,1,6,1,3,1,71,999,0,0,0,1,1,7,2011,10,2013,0,0,0,0,0,2,2,65,1,1,1,3,0,0,1,53,99,1,1,98,"888888888888","888888888888","777777777777",0,0
42,420912,28,64,1,13,2,9,28,12,1,1,0,42,3,12,23,12023,4,2014,"1FA6P0H73E53","1","F","A","6","P","0","H","7","3","E","5","3",0,0,0,"000000000","00000000000",0,0,0,1,0,0,0,0,0,0,0,999,0,0,0,98,6,2,12,0,0,0,1,42,19530,6,1,0,0,3,0,78,999,0,0,0,0,0,0,0,0,0,0,0,0,0,0,2,2,65,1,1,1,3,0,0,1,53,99,1,1,98,"777777777777","777777777777","777777777777",0,0
42,420912,29,64,2,13,2,9,28,12,1,1,0,42,1,48,45,48045,6,2015,"4S4BSANC4F33","4","S","4","B","S","A","N","C","4","F","3","3",0,0,0,"000000000","00000000000",0,0,0,1,0,0,0,0,0,0,0,999,1,0,0,12,6,2,12,0,0,0,1,42,18106,6,1,0,0,3,1,73,999,0,0,0,1,0,10,2015,10,2015,0,0,0,0,0,2,2,65,1,1,1,3,0,0,1,52,99,1,1,98,"777777777777","777777777777","777777777777",0,0
42,420912,30,64,1,13,2,9,28,12,1,1,0,42,1,37,31,37031,4,2013,"19XFB2F56DE2","1","9","X","F","B","2","F","5","6","D","E","2",0,0,0,"000000000","00000000000",0,0,0,1,0,0,0,0,0,0,0,999,0,0,0,12,6,2,12,0,0,0,1,42,18045,6,1,0,0,3,3,69,999,0,0,0,0,0,0,0,0,0,0,0,0,0,0,2,2,65,1,1,1,3,0,0,1,52,99,1,1,98,"777777777777","777777777777","777777777777",0,0
42,420912,31,64,1,13,2,9,28,12,1,1,0,42,1,20,404,20404,14,2005,"2CNDL73F9560","2","C","N","D","L","7","3","F","9","5","6","0",0,0,0,"000000000","00000000000",0,0,0,1,0,0,0,0,0,0,0,45,0,0,0,12,6,2,12,0,0,0,1,42,18103,6,1,0,0,3,0,67,999,0,0,0,0,0,0,0,0,0,0,0,0,0,0,2,2,65,1,1,1,3,0,0,1,52,16,1,1,98,"777777777777","777777777777","777777777777",0,0
42,420912,32,64,1,13,2,9,28,12,1,1,0,42,1,2,404,2404,14,2001,"1J4FF58S31L5","1","J","4","F","F","5","8","S","3","1","L","5",0,0,0,"000000000","00000000000",0,0,0,1,0,0,0,0,0,0,0,999,2,0,0,12,6,2,12,0,0,0,1,42,17112,6,1,0,0,3,0,67,999,0,0,0,0,0,0,0,0,0,0,0,0,0,0,2,2,65,1,1,1,3,0,0,1,52,99,1,1,98,"777777777777","777777777777","777777777777",0,0
42,420912,33,64,2,13,2,9,28,12,1,1,0,36,1,7,422,7422,15,2013,"1C4RDJAG9DC5","1","C","4","R","D","J","A","G","9","D","C","5",0,0,0,"000000000","00000000000",0,0,0,1,0,0,0,0,0,0,0,60,0,0,0,1,6,2,12,0,0,0,1,36,11223,6,1,0,0,3,0,64,999,0,0,0,0,0,0,0,0,0,0,0,0,0,0,2,2,65,1,1,1,3,0,0,1,53,99,1,1,98,"777777777777","777777777777","777777777777",0,0
42,420912,34,64,2,13,2,9,28,12,1,1,0,42,2,55,39,55039,4,2009,"KMHFC46D09A3","K","M","H","F","C","4","6","D","0","9","A","3",0,0,0,"000000000","00000000000",0,0,0,1,0,0,0,0,0,0,0,999,0,0,0,12,6,2,12,0,0,0,1,42,19141,6,1,0,0,3,0,67,999,0,0,0,0,0,0,0,0,0,0,0,0,0,0,2,2,65,1,1,1,3,0,0,1,52,99,1,1,98,"777777777777","777777777777","777777777777",0,0
42,420912,35,64,4,13,2,9,28,12,1,1,0,36,1,2,422,2422,15,2015,"1C4RJFBG2FC6","1","C","4","R","J","F","B","G","2","F","C","6",0,0,0,"000000000","00000000000",0,0,0,1,0,0,0,0,0,0,0,20,0,0,0,7,6,2,12,0,0,0,1,36,12189,6,1,0,0,3,0,71,999,0,0,0,0,0,0,0,0,0,0,0,0,0,0,2,2,65,1,1,1,3,0,0,1,53,1,1,1,98,"777777777777","777777777777","777777777777",0,0
42,420912,36,64,1,13,2,9,28,12,1,1,0,25,3,85,884,85884,64,2013,"2NKHHN6X2DM3","2","N","K","H","H","N","6","X","2","D","M","3",0,0,57,"00618375","5700618375",2,1,1,1,0,0,0,0,0,0,0,999,0,0,0,98,6,2,12,0,0,0,1,54,25419,6,1,6,0,3,3,67,248,0,0,0,1,0,7,2013,7,2013,0,0,0,0,0,2,2,65,1,1,1,3,0,0,1,53,99,1,1,98,"777777777777","777777777777","777777777777",0,0
42,420912,37,64,1,13,2,9,28,12,1,1,0,42,2,20,481,20481,31,1994,"2GCEK19K8R12","2","G","C","E","K","1","9","K","8","R","1","2",0,0,0,"000000000","00000000000",0,0,0,1,0,0,0,0,0,0,0,999,0,0,0,12,6,2,12,0,0,0,1,42,17842,6,1,0,0,3,0,61,999,0,0,0,0,0,0,0,0,0,0,0,0,0,0,2,2,65,1,1,1,3,0,0,1,52,99,1,1,98,"777777777777","777777777777","777777777777",0,0
42,420912,38,64,1,13,2,9,28,12,1,1,0,34,1,2,403,2403,14,2005,"1J4FA64S95P3","1","J","4","F","A","6","4","S","9","5","P","3",0,0,0,"000000000","00000000000",0,0,0,1,0,0,0,0,0,0,0,999,0,0,0,12,6,2,12,0,0,0,1,34,7109,6,1,0,0,3,3,69,999,1,0,0,0,0,8,2012,8,2012,0,0,0,0,0,2,2,65,1,1,1,3,0,0,1,52,99,1,1,98,"777777777777","777777777777","777777777777",0,0
42,420912,39,64,5,13,2,9,28,12,1,1,0,42,1,20,423,20423,15,2015,"1GNKVGKD7FJ2","1","G","N","K","V","G","K","D","7","F","J","2",0,0,0,"000000000","00000000000",0,0,0,1,0,0,0,0,0,0,0,30,0,0,0,6,6,2,12,0,0,0,1,42,19539,6,1,6,0,3,0,77,999,1,0,0,0,0,2,2013,2,2013,0,0,0,0,0,2,2,65,1,1,1,3,0,0,1,53,1,1,1,98,"777777777777","777777777777","777777777777",0,0
42,420912,40,64,1,13,2,9,28,12,1,1,0,34,3,18,25,18025,4,2013,"1G4PP5SK3D42","1","G","4","P","P","5","S","K","3","D","4","2",0,0,0,"000000000","00000000000",0,0,0,1,0,0,0,0,0,0,0,999,0,0,0,98,6,2,12,0,0,0,1,34,7719,6,1,0,0,3,3,72,999,0,0,0,1,0,1,2013,1,2013,0,0,0,0,0,2,2,65,1,1,1,3,0,0,1,53,99,1,1,98,"777777777777","777777777777","777777777777",0,0
42,420912,41,64,2,13,2,9,28,12,1,1,0,42,1,35,51,35051,6,2012,"JN8AS5MV3CW4","J","N","8","A","S","5","M","V","3","C","W","4",0,0,0,"000000000","00000000000",0,0,0,1,0,0,0,0,0,0,0,40,0,0,0,12,6,2,12,0,0,0,1,42,18078,6,1,0,0,3,3,62,999,0,0,0,0,0,0,0,0,0,0,0,0,0,0,2,2,65,1,1,1,3,0,0,1,52,16,1,1,98,"777777777777","777777777777","777777777777",0,0
42,420912,42,64,1,13,2,9,28,12,1,1,0,42,2,49,442,49442,20,2008,"5TDZK22CX8S1","5","T","D","Z","K","2","2","C","X","8","S","1",0,0,0,"000000000","00000000000",0,0,0,1,0,0,0,0,0,0,0,999,0,0,0,98,6,2,12,0,0,0,1,42,18062,6,1,0,0,3,3,69,999,0,0,0,0,0,0,0,0,0,0,0,0,0,0,2,2,65,1,1,1,3,0,0,1,53,99,1,1,98,"777777777777","777777777777","777777777777",0,0
42,420912,43,64,2,13,2,9,28,12,1,1,0,42,1,12,481,12481,31,2007,"1FTPW14567FB","1","F","T","P","W","1","4","5","6","7","F","B",0,0,0,"000000000","00000000000",0,0,0,1,0,0,0,0,0,0,0,999,0,0,0,6,6,2,12,0,0,0,1,42,18040,6,1,0,0,3,0,72,999,0,0,0,0,0,0,0,0,0,0,0,0,0,0,2,2,65,1,1,1,3,0,0,1,53,99,1,1,98,"777777777777","777777777777","777777777777",0,0
42,420912,44,64,1,13,2,9,28,12,1,1,0,29,3,82,884,82884,66,9999,"999999999999","9","9","9","9","9","9","9","9","9","9","9","9",1,1,57,"00003706","5700003706",3,6,1,1,0,0,0,0,0,0,0,999,0,1,3,98,6,2,12,0,0,0,1,13,31313,6,1,6,0,3,3,70,160,98,0,0,0,0,0,0,0,0,0,0,0,0,0,2,2,65,1,1,1,3,0,0,1,53,1,1,1,98,"888888888888","777777777777","777777777777",0,0
42,420912,45,64,1,13,2,9,28,12,1,1,0,42,3,82,881,82881,66,2015,"3AKJGLD50FSG","3","A","K","J","G","L","D","5","0","F","S","G",1,1,57,"00434467","5700434467",3,6,1,1,0,0,0,0,0,0,0,24,0,0,0,98,6,2,12,0,0,0,1,47,37846,6,1,6,1,3,3,71,305,0,0,0,0,0,0,0,0,0,0,0,0,0,0,2,2,65,1,1,1,3,0,0,1,53,99,1,1,98,"888888888888","777777777777","777777777777",0,0
42,420912,46,64,4,13,2,9,28,12,1,1,0,36,1,7,482,7482,31,2015,"1C6RR7LT6FS5","1","C","6","R","R","7","L","T","6","F","S","5",0,0,0,"000000000","00000000000",0,0,0,1,0,0,0,0,0,0,0,5,0,1,1,6,6,2,12,0,0,0,1,36,13856,6,1,0,0,3,0,67,999,0,0,0,0,0,0,0,0,0,0,0,0,0,0,2,2,65,1,1,1,3,0,0,1,53,98,1,1,98,"777777777777","777777777777","777777777777",1,0
42,420912,47,64,1,13,2,9,28,12,1,1,0,25,3,55,35,55035,4,2013,"5NPDH4AE3DH3","5","N","P","D","H","4","A","E","3","D","H","3",0,0,0,"000000000","00000000000",0,0,0,1,0,0,0,0,0,0,0,999,0,0,0,98,6,2,12,0,0,0,1,25,1106,6,1,0,0,3,0,68,999,0,0,0,0,0,0,0,0,0,0,0,0,0,0,2,2,65,1,1,1,3,0,0,1,53,99,1,1,98,"777777777777","777777777777","777777777777",0,0
42,420912,48,64,2,13,2,9,28,12,1,1,0,17,3,51,881,51881,66,2013,"4V4NC9EH2DN1","4","V","4","N","C","9","E","H","2","D","N","1",1,3,57,"00247780","5700247780",3,6,1,1,0,0,0,0,0,0,0,999,0,0,0,98,6,2,12,0,0,0,1,42,16117,6,1,6,1,3,1,72,999,0,0,0,0,0,0,0,0,0,0,0,0,0,0,2,2,65,1,1,1,3,0,0,1,53,16,1,1,98,"888888888888","777777777777","777777777777",0,0
42,420912,49,64,1,13,2,9,28,12,1,1,0,36,1,12,27,12027,5,2013,"1FADP5AU4DL5","1","F","A","D","P","5","A","U","4","D","L","5",0,0,0,"000000000","00000000000",0,0,0,1,0,0,0,0,0,0,0,999,2,0,0,98,2,3,12,0,0,0,1,36,11933,6,1,0,0,3,3,999,999,0,0,0,0,0,0,0,0,0,0,0,0,0,0,2,2,65,1,1,1,3,0,0,1,53,99,1,1,98,"777777777777","777777777777","777777777777",0,0
42,420912,50,64,2,13,2,9,28,12,1,1,0,42,1,23,402,23402,14,2013,"2GKFLVEK8D64","2","G","K","F","L","V","E","K","8","D","6","4",0,0,0,"000000000","00000000000",0,0,0,1,0,0,0,0,0,0,0,45,0,0,0,12,6,2,12,0,0,0,1,42,18088,6,1,0,0,3,0,75,999,0,0,0,0,0,0,0,0,0,0,0,0,0,0,2,2,65,1,1,1,3,0,0,1,52,99,1,1,98,"777777777777","777777777777","777777777777",0,0
42,420912,51,64,1,13,2,9,28,12,1,1,0,42,1,12,473,12473,30,2008,"1FMEU51E78UA","1","F","M","E","U","5","1","E","7","8","U","A",0,0,0,"000000000","00000000000",0,0,0,1,0,0,0,0,0,0,0,999,0,0,0,98,6,2,12,0,0,0,1,42,18041,6,1,0,0,3,0,64,999,0,0,0,0,0,0,0,0,0,0,0,0,0,0,2,2,65,1,1,1,3,0,0,1,53,99,1,1,98,"777777777777","777777777777","777777777777",0,0
42,420912,52,64,2,13,2,9,28,12,1,1,0,42,3,51,401,51401,14,2016,"YV4A22PL7G10","Y","V","4","A","2","2","P","L","7","G","1","0",0,0,0,"000000000","00000000000",0,0,0,1,0,0,0,0,0,0,0,50,0,0,0,12,2,3,12,0,0,0,1,42,18036,6,1,0,0,3,1,66,999,0,0,0,0,0,0,0,0,0,0,0,0,0,0,2,2,65,1,1,1,3,0,0,1,52,99,1,1,98,"777777777777","777777777777","777777777777",0,0
42,420912,53,64,4,13,2,9,28,12,1,1,0,9,4,49,402,49402,14,2015,"2T3BFREV6FW2","2","T","3","B","F","R","E","V","6","F","W","2",0,0,0,"000000000","00000000000",0,0,0,1,0,0,0,0,0,0,0,999,0,0,0,98,6,2,12,0,0,0,1,9,6441,6,1,0,0,3,0,62,999,98,0,0,0,0,0,0,0,0,0,0,0,0,0,2,2,65,1,1,1,3,0,0,1,53,99,1,1,98,"777777777777","777777777777","777777777777",0,0
42,420912,54,64,1,13,2,9,28,12,1,1,0,36,2,2,407,2407,14,2016,"1C4NJRFB7GD5","1","C","4","N","J","R","F","B","7","G","D","5",0,0,0,"000000000","00000000000",0,0,0,1,0,0,0,0,0,0,0,999,0,0,0,98,6,2,12,0,0,0,1,36,11375,6,1,0,0,3,3,71,999,0,0,0,0,0,0,0,0,0,0,0,0,0,0,2,2,65,1,1,1,3,0,0,1,53,99,1,1,98,"777777777777","777777777777","777777777777",0,0
42,420912,55,64,1,13,2,9,28,12,1,1,0,42,3,20,481,20481,31,2012,"1GC1KYE85CF1","1","G","C","1","K","Y","E","8","5","C","F","1",0,0,0,"000000000","00000000000",0,0,0,1,0,0,0,0,0,0,0,20,0,0,0,98,6,2,12,0,0,0,1,42,18074,6,1,0,0,3,0,68,999,0,0,0,0,0,0,0,0,0,0,0,0,0,0,2,2,65,1,1,1,3,0,0,1,53,99,1,1,98,"777777777777","777777777777","777777777777",0,0
42,420912,56,64,2,13,2,9,28,12,1,1,0,42,1,20,481,20481,31,2007,"1GCEK19V97Z3","1","G","C","E","K","1","9","V","9","7","Z","3",0,0,0,"000000000","00000000000",0,0,0,1,0,0,0,0,0,0,0,65,0,0,0,12,6,2,12,0,0,0,1,42,18353,6,1,6,0,3,0,70,999,0,0,0,0,0,0,0,0,0,0,0,0,0,0,2,2,65,1,1,1,3,0,0,1,52,99,1,1,98,"777777777777","777777777777","777777777777",0,0
42,420912,57,64,3,13,2,9,28,12,1,1,0,42,1,7,442,7442,20,2014,"2C4RDGBG1ER4","2","C","4","R","D","G","B","G","1","E","R","4",0,0,0,"000000000","00000000000",0,0,0,1,0,0,0,0,0,0,0,45,0,0,0,6,6,2,12,0,0,0,1,42,17922,6,1,0,0,3,0,67,999,0,0,0,0,0,0,0,0,0,0,0,0,0,0,2,2,65,1,1,1,3,0,0,1,53,99,1,1,98,"777777777777","777777777777","777777777777",0,0
42,420912,58,64,1,13,2,9,28,12,1,1,0,17,3,51,881,51881,66,2011,"4V4NC9EH6BN2","4","V","4","N","C","9","E","H","6","B","N","2",1,1,57,"02108729","5702108729",3,6,1,1,0,0,0,0,0,0,0,999,0,0,0,6,2,3,12,0,0,0,1,13,31208,6,1,6,0,3,0,73,254,98,0,0,3,1,5,2013,3,2015,0,0,0,0,0,2,2,65,1,1,1,3,0,0,1,53,99,1,1,98,"888888888888","777777777777","777777777777",0,0
42,420912,59,64,1,13,2,9,28,12,1,1,0,42,1,2,407,2407,14,2014,"1C4NJRFB8ED7","1","C","4","N","J","R","F","B","8","E","D","7",0,0,0,"000000000","00000000000",0,0,0,1,0,0,0,0,0,0,0,999,0,0,0,98,6,2,12,0,0,0,1,42,18067,6,1,0,0,3,0,67,999,0,1,1,0,0,4,2013,9,2013,0,0,0,0,0,2,2,65,1,1,1,3,0,0,1,53,99,1,1,98,"777777777777","777777777777","777777777777",0,0
42,420912,60,64,3,13,2,9,28,12,1,1,0,42,4,12,25,12025,6,2016,"2FMHK6D88GBA","2","F","M","H","K","6","D","8","8","G","B","A",0,0,0,"000000000","00000000000",0,0,0,1,0,0,0,0,0,0,0,999,0,0,0,98,2,3,12,0,0,0,1,34,8846,6,1,3,0,3,0,70,999,1,0,0,0,0,10,2015,10,2015,0,0,0,0,0,2,2,65,1,1,1,3,0,0,1,53,98,1,1,98,"777777777777","777777777777","777777777777",0,0
42,420912,61,64,1,13,2,9,28,12,1,1,0,42,3,85,881,85881,66,2006,"1XKADB9X56J1","1","X","K","A","D","B","9","X","5","6","J","1",1,1,57,"02108729","5702108729",3,6,1,1,0,0,0,0,0,0,0,50,0,0,0,6,2,3,12,0,0,0,1,42,17941,6,1,6,0,3,0,68,999,0,0,0,0,0,0,0,0,0,0,0,0,0,0,2,2,65,1,1,1,3,0,0,1,53,99,1,1,98,"888888888888","777777777777","777777777777",0,0
42,420912,62,64,1,13,2,9,28,12,1,1,0,42,1,12,37,12037,5,2014,"1FADP3K22EL3","1","F","A","D","P","3","K","2","2","E","L","3",0,0,0,"000000000","00000000000",0,0,0,1,0,0,0,0,0,0,0,999,2,0,0,98,6,2,12,0,0,0,1,36,11720,6,1,0,0,3,0,63,999,0,0,0,0,0,0,0,0,0,0,0,0,0,0,2,2,65,1,1,1,3,0,0,1,53,99,1,1,98,"777777777777","777777777777","777777777777",0,0
42,420912,63,64,1,13,2,9,28,12,1,1,0,36,1,49,32,49032,4,2010,"JTDBU4EE6AJ0","J","T","D","B","U","4","E","E","6","A","J","0",0,0,0,"000000000","00000000000",0,0,0,1,0,0,0,0,0,0,0,40,0,0,0,98,6,2,12,0,0,0,1,36,11373,6,1,0,0,3,3,68,999,2,0,0,0,2,6,2013,6,2015,0,0,0,0,0,2,2,65,1,1,1,3,0,0,1,53,16,1,1,98,"777777777777","777777777777","777777777777",0,0
42,420912,64,64,2,13,2,9,28,12,1,1,0,42,1,41,54,41054,6,2010,"JM3TB3MV6A02","J","M","3","T","B","3","M","V","6","A","0","2",0,0,0,"000000000","00000000000",0,0,0,1,0,0,0,0,0,0,0,999,0,0,0,98,6,2,12,0,0,0,1,42,18944,6,1,0,0,3,0,67,999,1,0,0,0,0,2,2016,2,2016,0,0,0,0,0,2,2,65,1,1,1,3,0,0,1,53,99,1,1,98,"777777777777","777777777777","777777777777",0,0
42,420913,1,1,1,28,7,3,13,30,0,1,0,42,1,30,40,30040,4,2014,"3VWD17AJ2EM4","3","V","W","D","1","7","A","J","2","E","M","4",0,0,0,"000000000","00000000000",0,0,0,1,0,0,0,0,0,0,0,999,0,0,0,3,6,2,19,0,0,0,1,42,15206,6,1,0,0,3,0,68,999,0,0,0,0,0,0,0,0,0,5,0,0,0,0,1,4,25,3,5,2,1,0,0,14,12,99,1,4,6,"777777777777","777777777777","777777777777",1,0
42,420914,1,1,1,21,10,15,53,35,0,1,0,42,1,49,471,49471,32,1992,"4TAVN01D2NZ0","4","T","A","V","N","0","1","D","2","N","Z","0",0,0,0,"000000000","00000000000",0,0,0,1,0,0,0,0,0,0,0,999,0,1,5,3,6,2,1,0,0,0,1,42,17603,6,1,0,0,3,0,68,999,0,0,0,0,0,0,0,0,0,0,0,0,0,0,1,2,25,1,5,2,2,20,3,1,12,99,1,4,6,"777777777777","777777777777","777777777777",1,1
42,420915,1,1,1,9,10,13,7,7,0,1,0,39,1,72,706,72706,80,2002,"1HD1JBB112Y0","1","H","D","1","J","B","B","1","1","2","Y","0",0,0,0,"000000000","00000000000",0,0,0,1,0,0,0,0,0,0,0,999,0,0,0,0,4,3,7,0,0,0,1,39,44438,6,1,0,0,3,0,69,145,0,0,0,1,0,4,2015,4,2015,0,0,0,0,0,1,2,40,2,1,1,1,0,0,14,9,99,9,1,0,"777777777777","777777777777","777777777777",1,0
42,420916,1,2,1,17,10,11,38,12,2,1,0,42,2,67,32,67032,3,2012,"JTKJF5C71C30","J","T","K","J","F","5","C","7","1","C","3","0",0,0,0,"000000000","00000000000",0,0,0,1,0,0,0,0,0,0,0,999,0,0,0,12,6,2,12,0,0,0,1,42,15670,6,1,0,0,3,0,71,999,0,2,0,1,0,5,2016,8,2016,5,0,0,0,0,1,2,40,3,5,2,2,0,0,14,10,8,1,2,50,"777777777777","777777777777","777777777777",0,0
42,420916,2,2,2,17,10,11,38,12,2,1,0,42,1,55,35,55035,4,2003,"KMHDN45D93U6","K","M","H","D","N","4","5","D","9","3","U","6",0,0,0,"000000000","00000000000",0,0,0,1,0,0,0,0,0,0,0,999,0,0,0,12,6,2,12,0,0,0,1,42,15717,6,1,0,0,3,0,65,999,0,0,0,0,0,0,0,0,0,0,0,0,0,0,1,2,40,1,6,2,2,0,0,1,62,99,1,1,51,"777777777777","777777777777","777777777777",1,0
42,420917,1,3,1,17,10,16,1,12,2,1,0,42,1,63,402,63402,14,2008,"KNDJC7354858","K","N","D","J","C","7","3","5","4","8","5","8",0,0,0,"000000000","00000000000",0,0,0,1,0,0,0,0,0,0,0,55,0,0,0,12,6,2,12,0,0,0,1,42,16335,6,1,0,0,3,0,62,999,1,0,0,0,0,7,2015,7,2015,0,0,0,0,0,1,2,55,1,1,2,1,0,0,1,10,1,1,2,50,"777777777777","777777777777","777777777777",0,0
42,420917,2,3,1,17,10,16,1,12,2,1,0,42,1,20,421,20421,15,2008,"1GNFK13078R2","1","G","N","F","K","1","3","0","7","8","R","2",0,0,0,"000000000","00000000000",0,0,0,1,0,0,0,0,0,0,0,55,0,0,0,12,6,2,12,0,0,0,1,42,16441,6,1,0,0,3,3,70,999,0,0,0,0,0,0,0,0,0,0,0,0,0,0,1,2,55,1,1,2,1,0,0,1,62,99,1,1,51,"777777777777","777777777777","777777777777",1,0
42,420917,3,3,1,17,10,16,1,12,2,1,0,42,1,99,999,99999,99,2013,"999999999999","9","9","9","9","9","9","9","9","9","9","9","9",0,0,0,"000000000","00000000000",0,0,0,1,0,0,0,0,0,0,0,45,0,0,0,12,6,2,12,0,0,0,1,42,16316,6,1,0,0,3,3,69,999,0,0,0,0,0,0,0,0,0,0,0,0,0,0,1,2,55,1,1,2,1,0,0,1,51,1,1,1,98,"777777777777","777777777777","777777777777",0,0
42,420918,1,1,16,9,6,16,10,8,0,1,0,42,3,98,988,98988,52,2009,"5FYH4FV109B0","5","F","Y","H","4","F","V","1","0","9","B","0",0,0,57,"00010206","5700010206",3,21,22,1,0,0,0,0,6,3,0,999,0,0,0,10,0,3,8,0,0,0,1,42,19126,6,1,6,1,3,0,67,999,0,0,0,0,0,0,0,0,0,0,99,99,99,99,1,2,30,1,6,1,1,2,3,11,80,99,1,2,13,"777777777777","777777777777","777777777777",0,0
42,420919,1,1,3,6,8,18,50,9,0,1,0,42,2,53,40,53040,5,2012,"JS2YB5A39C63","J","S","2","Y","B","5","A","3","9","C","6","3",0,0,0,"000000000","00000000000",0,0,0,1,0,0,0,0,0,0,0,40,0,0,0,1,2,5,9,0,0,0,1,42,16510,6,2,0,0,3,1,67,999,0,0,0,0,0,0,0,0,0,0,0,0,0,0,1,2,40,1,1,2,1,0,0,1,83,1,1,1,13,"777777777777","777777777777","777777777777",0,0
42,420920,1,1,1,23,8,18,20,8,0,1,0,42,1,12,402,12402,14,2013,"1FMCU9GX8DUB","1","F","M","C","U","9","G","X","8","D","U","B",0,0,0,"000000000","00000000000",0,0,0,1,0,0,0,0,0,0,0,20,0,0,0,11,2,5,8,0,0,0,1,42,19142,6,1,0,0,3,0,66,999,0,0,0,0,0,0,0,0,0,0,48,0,0,0,1,2,25,1,1,2,1,0,0,11,80,1,1,1,13,"777777777777","777777777777","777777777777",0,0
42,420921,1,1,1,25,9,0,23,33,0,1,0,42,1,76,701,76701,88,2014,"RKRSA43A1EA1","R","K","R","S","A","4","3","A","1","E","A","1",0,0,0,"000000000","00000000000",0,0,0,1,0,0,0,0,0,0,0,20,0,0,0,3,2,5,33,0,0,0,1,42,19073,6,1,0,0,3,0,71,999,0,0,0,1,0,2,2014,2,2014,0,48,0,0,0,2,2,35,1,1,2,1,3,3,11,13,1,1,4,98,"777777777777","777777777777","777777777777",1,1
42,420922,1,2,3,30,9,15,18,12,7,1,0,42,2,20,22,20022,4,2008,"1G1AK58F9872","1","G","1","A","K","5","8","F","9","8","7","2",0,0,0,"000000000","00000000000",0,0,0,1,0,0,0,0,0,0,0,999,0,0,0,11,6,2,31,0,0,0,1,42,18508,6,1,0,0,3,0,62,999,0,0,0,0,0,0,0,0,0,0,38,0,0,0,1,2,45,1,2,2,1,0,0,1,63,8,1,1,44,"777777777777","777777777777","777777777777",1,0
42,420922,2,2,1,30,9,15,18,12,7,1,1,99,9,99,999,99999,99,9999,"999999999999","9","9","9","9","9","9","9","9","9","9","9","9",0,0,0,"000000000","00000000000",0,0,0,1,0,0,0,0,0,99,0,999,0,0,0,4,9,5,12,0,0,0,1,99,99999,9,9,99,9,9,9,999,999,99,99,99,99,99,99,9999,99,9999,0,99,99,99,99,1,2,45,1,2,2,1,0,0,99,99,99,9,9,45,"777777777777","777777777777","777777777777",0,0