"STATE","ST_CASE","VEH_NO","VE_FORMS","NUMOCCS","DAY","MONTH","HOUR","MINUTE","HARM_EV","MAN_COLL","UNITTYPE","HIT_RUN","REG_STAT","OWNER","MAKE","MODEL","MAK_MOD","BODY_TYP","MOD_YEAR","VIN","VIN_1","VIN_2","VIN_3","VIN_4","VIN_5","VIN_6","VIN_7","VIN_8","VIN_9","VIN_10","VIN_11","VIN_12","TOW_VEH","J_KNIFE","MCARR_I1","MCARR_I2","MCARR_ID","GVWR","V_CONFIG","CARGO_BT","HAZ_INV","HAZ_PLAC","HAZ_ID","HAZ_CNO","HAZ_REL","BUS_USE","SPEC_USE","EMER_USE","TRAV_SP","UNDERIDE","ROLLOVER","ROLINLOC","IMPACT1","DEFORMED","TOWED","M_HARM","VEH_SC1","VEH_SC2","FIRE_EXP","DR_PRES","L_STATE","DR_ZIP","L_STATUS","L_TYPE","CDL_STAT","L_ENDORS","L_COMPL","L_RESTRI","DR_HGT","DR_WGT","PREV_ACC","PREV_SUS","PREV_DWI","PREV_SPD","PREV_OTH","FIRST_MO","FIRST_YR","LAST_MO","LAST_YR","SPEEDREL","DR_SF1","DR_SF2","DR_SF3","DR_SF4","VTRAFWAY","VNUM_LAN","VSPD_LIM","VALIGN","VPROFILE","VPAVETYP","VSURCOND","VTRAFCON","VTCONT_F","P_CRASH1","P_CRASH2","P_CRASH3","PCRASH4","PCRASH5","ACC_TYPE","TRLR1VIN","TRLR2VIN","TRLR3VIN","DEATHS","DR_DRINK"
42,421026,3,8,1,14,6,11,52,12,6,1,0,42,1,63,401,63401,14,2008,"KNDJE723X874","K","N","D","J","E","7","2","3","X","8","7","4",0,0,0,"000000000","00000000000",0,0,0,1,0,0,0,0,0,0,0,0,0,0,0,12,6,2,54,0,0,0,1,42,15623,6,1,0,0,3,1,72,999,0,0,0,0,0,0,0,0,0,0,0,0,0,0,2,3,55,1,1,1,1,3,3,5,62,1,1,1,98,"777777777777","777777777777","777777777777",0,0
42,421026,4,8,1,14,6,11,52,12,6,1,0,42,1,35,472,35472,30,2006,"1N6AD06W76C4","1","N","6","A","D","0","6","W","7","6","C","4",0,0,0,"000000000","00000000000",0,0,0,1,0,0,0,0,0,0,0,0,0,0,0,12,6,2,54,0,0,0,1,42,15601,6,1,0,0,3,3,67,999,0,0,0,0,0,0,0,0,0,0,0,0,0,0,2,3,55,1,1,1,1,3,3,5,62,1,1,1,98,"777777777777","777777777777","777777777777",0,0
42,421026,5,8,1,14,6,11,52,12,6,1,0,42,2,12,23,12023,4,2015,"3FA6P0D93FR1","3","F","A","6","P","0","D","9","3","F","R","1",0,0,0,"000000000","00000000000",0,0,0,1,0,0,0,0,0,0,0,999,0,0,0,12,4,3,12,0,0,0,1,42,15217,6,1,0,0,3,3,70,999,0,0,0,0,0,0,0,0,0,0,0,0,0,0,2,3,55,1,1,1,1,3,3,1,62,1,1,1,98,"777777777777","777777777777","777777777777",0,0
42,421026,6,8,1,14,6,11,52,12,6,1,0,42,1,12,23,12023,4,2013,"3FA6P0RU4DR3","3","F","A","6","P","0","R","U","4","D","R","3",0,0,0,"000000000","00000000000",0,0,0,1,0,0,0,0,0,0,0,999,0,0,0,12,6,2,12,0,0,0,1,42,15632,6,1,0,0,3,1,67,999,0,0,0,0,0,0,0,0,0,0,0,0,0,0,2,3,55,1,1,1,1,3,3,2,62,1,1,1,98,"777777777777","777777777777","777777777777",0,0
42,421026,7,8,2,14,6,11,52,12,6,1,0,42,1,49,43,49043,4,2012,"4T1BK3DB9CU4","4","T","1","B","K","3","D","B","9","C","U","4",0,0,0,"000000000","00000000000",0,0,0,1,0,0,0,0,0,0,0,999,0,0,0,12,2,5,12,0,0,0,1,42,15668,6,1,0,0,3,0,76,999,0,0,0,0,0,0,0,0,0,0,0,0,0,0,2,3,55,1,1,1,1,3,3,1,51,1,1,1,98,"777777777777","777777777777","777777777777",0,0
42,421026,8,8,2,14,6,11,52,12,6,1,0,42,3,12,481,12481,31,2011,"1FTEX1EM1BFA","1","F","T","E","X","1","E","M","1","B","F","A",0,0,0,"000000000","00000000000",0,0,0,1,0,0,0,0,0,0,0,999,0,0,0,81,2,5,54,0,0,0,1,42,15666,6,1,0,0,3,0,69,999,0,0,0,0,0,0,0,0,0,0,0,0,0,0,2,3,55,1,1,1,1,3,3,1,62,6,1,2,98,"777777777777","777777777777","777777777777",0,0
42,421027,1,2,3,6,12,13,25,12,6,1,0,42,1,12,402,12402,14,2014,"1FMCU9GX0EUA","1","F","M","C","U","9","G","X","0","E","U","A",0,0,0,"000000000","00000000000",0,0,0,1,0,0,0,0,0,0,0,5,0,1,5,4,6,2,12,0,0,0,1,42,18830,6,1,0,0,3,3,64,999,0,0,0,0,0,0,0,0,0,0,38,0,0,0,1,2,55,1,6,2,1,20,3,11,15,99,1,1,82,"777777777777","777777777777","777777777777",1,0
42,421027,2,2,1,6,12,13,25,12,6,1,0,36,3,85,881,85881,66,2017,"1XKZDP0X2HJ1","1","X","K","Z","D","P","0","X","2","H","J","1",1,1,57,"00819756","5700819756",3,6,3,1,0,0,0,0,0,0,0,40,0,0,0,12,2,5,12,0,0,0,1,36,13760,6,1,6,0,3,0,72,999,0,0,0,0,0,0,0,0,0,0,0,0,0,0,1,2,45,3,5,2,1,40,3,14,67,9,2,1,83,"888888888888","777777777777","777777777777",0,0
42,421028,1,2,1,11,12,17,48,12,6,1,0,42,1,53,40,53040,5,2007,"JS2YB4138751","J","S","2","Y","B","4","1","3","8","7","5","1",0,0,0,"000000000","00000000000",0,0,0,1,0,0,0,0,0,0,0,35,0,0,0,3,6,2,12,0,0,0,1,42,16823,6,1,0,0,3,0,63,999,0,0,0,0,0,0,0,0,0,0,39,0,0,0,1,2,35,1,1,2,2,20,3,1,17,1,1,1,87,"777777777777","777777777777","777777777777",1,0
42,421028,2,2,3,11,12,17,48,12,6,1,0,42,2,20,481,20481,31,2016,"1GC1KUEG8GF2","1","G","C","1","K","U","E","G","8","G","F","2",0,0,0,"000000000","00000000000",0,0,0,1,0,0,0,0,0,0,0,45,0,0,0,12,6,2,12,0,0,0,1,42,16823,6,1,0,0,3,0,62,999,0,0,0,0,0,0,0,0,0,0,0,0,0,0,1,2,45,1,1,2,2,0,0,1,66,1,1,1,86,"777777777777","777777777777","777777777777",0,0
42,421029,1,1,1,15,12,9,29,42,0,1,0,42,2,37,31,37031,4,2010,"2HGFA1F54AH5","2","H","G","F","A","1","F","5","4","A","H","5",0,0,0,"000000000","00000000000",0,0,0,1,0,0,0,0,0,0,0,999,0,0,0,9,6,2,42,0,0,0,1,42,15012,6,2,0,0,3,0,66,999,0,0,0,0,0,0,0,0,0,3,52,0,0,0,1,2,35,2,5,2,1,0,0,14,6,1,3,4,2,"777777777777","777777777777","777777777777",1,0
42,421030,1,1,1,15,12,6,20,30,0,1,0,42,2,49,32,49032,4,2002,"1NXBR12E32Z5","1","N","X","B","R","1","2","E","3","2","Z","5",0,0,0,"000000000","00000000000",0,0,0,1,0,0,0,0,0,0,0,40,0,0,0,9,6,2,30,0,0,0,1,42,16823,6,1,0,0,3,1,64,999,0,0,0,0,0,0,0,0,0,4,87,0,0,0,1,2,45,1,6,2,3,0,0,1,5,99,3,4,2,"777777777777","777777777777","777777777777",1,0
42,421031,1,1,1,28,12,7,40,34,0,1,0,42,1,37,31,37031,4,2011,"2HGFA1F31BH5","2","H","G","F","A","1","F","3","1","B","H","5",0,0,0,"000000000","00000000000",0,0,0,1,0,0,0,0,0,0,0,60,0,0,0,12,6,2,42,0,0,0,1,42,16428,6,1,0,0,3,3,64,999,0,0,0,0,0,0,0,0,0,0,99,99,99,99,1,2,50,1,1,2,1,0,0,1,12,1,1,4,6,"777777777777","777777777777","777777777777",1,0
42,421032,1,1,4,4,12,14,22,24,0,1,0,24,1,55,401,55401,14,2009,"5NMSH13E99H3","5","N","M","S","H","1","3","E","9","9","H","3",0,0,0,"000000000","00000000000",0,0,0,1,0,0,0,0,0,0,0,65,0,1,3,61,6,2,1,0,0,0,1,24,21742,6,1,0,0,3,0,64,130,0,0,0,0,0,0,0,0,0,0,99,99,99,99,3,4,65,2,1,2,1,0,0,14,9,9,9,4,6,"777777777777","777777777777","777777777777",1,0
42,421033,1,2,1,29,12,6,49,12,2,1,0,42,2,2,404,2404,14,1996,"1J4GZ58S0TC2","1","J","4","G","Z","5","8","S","0","T","C","2",0,0,0,"000000000","00000000000",0,0,0,1,0,0,0,0,0,0,0,20,0,0,0,12,6,2,12,0,0,0,1,42,19525,6,1,6,0,3,3,65,999,0,0,0,0,0,0,0,0,0,4,87,28,0,0,1,2,45,1,5,2,3,0,0,1,6,99,2,2,50,"777777777777","777777777777","777777777777",1,0
42,421033,2,2,1,29,12,6,49,12,2,1,0,42,1,20,481,20481,31,2015,"3GCUKREH1FG2","3","G","C","U","K","R","E","H","1","F","G","2",0,0,0,"000000000","00000000000",0,0,0,1,0,0,0,0,0,0,0,20,0,0,0,12,6,2,12,0,0,0,1,42,19510,6,1,0,0,3,0,75,999,0,0,0,0,0,0,0,0,0,0,0,0,0,0,1,2,45,1,6,2,3,0,0,1,62,9,1,4,51,"777777777777","777777777777","777777777777",0,0
42,421034,1,2,2,14,12,20,18,12,1,1,0,42,2,37,31,37031,2,1995,"1HGEJ1123SL0","1","H","G","E","J","1","1","2","3","S","L","0",0,0,0,"000000000","00000000000",0,0,0,1,0,0,0,0,0,0,0,110,0,1,1,12,6,2,1,0,0,0,1,42,17078,1,1,0,0,2,0,69,999,0,0,0,0,1,2,2015,2,2015,4,27,0,0,0,2,3,65,1,1,2,1,0,0,15,51,99,1,2,38,"777777777777","777777777777","777777777777",1,0
42,421034,2,2,1,14,12,20,18,12,1,1,0,51,3,87,884,87884,66,9999,"999999999999","9","9","9","9","9","9","9","9","9","9","9","9",1,1,57,"02635858","5702635858",3,6,1,1,0,0,0,0,0,0,0,65,0,0,0,6,2,5,12,0,0,0,1,51,22630,6,1,6,0,3,0,68,190,0,0,0,0,0,0,0,0,0,0,0,0,0,0,2,3,65,1,1,2,1,0,0,1,60,1,1,1,39,"888888888888","777777777777","777777777777",0,0
42,421035,1,2,2,29,12,0,15,12,1,1,0,16,3,85,884,85884,66,1998,"1XKWD29X0WR7","1","X","K","W","D","2","9","X","0","W","R","7",1,1,57,"02071520","5702071520",3,6,98,1,0,0,0,0,0,0,0,55,0,0,0,6,6,2,12,0,0,0,1,42,18612,1,1,1,0,2,0,71,999,0,0,0,2,3,3,2012,12,2014,5,27,0,0,0,2,2,65,1,1,2,1,0,0,15,11,1,1,2,32,"888888888888","777777777777","777777777777",0,0
42,421035,2,2,1,29,12,0,15,12,1,1,0,37,3,82,881,82881,66,2015,"999999999999","9","9","9","9","9","9","9","9","9","9","9","9",1,1,57,"00121018","5700121018",3,6,1,1,0,0,0,0,0,0,0,65,0,0,0,12,6,2,12,0,0,0,1,42,15427,6,1,6,0,3,0,75,999,0,0,0,0,2,5,2014,11,2016,0,99,99,99,99,2,2,65,1,1,2,1,0,0,1,60,16,2,1,32,"888888888888","777777777777","777777777777",1,0
42,421036,1,1,1,19,11,18,30,30,0,1,0,42,1,23,481,23481,31,2000,"2GTEC19T3Y11","2","G","T","E","C","1","9","T","3","Y","1","1",0,0,0,"000000000","00000000000",0,0,0,1,0,0,0,0,0,0,0,70,0,0,0,12,6,2,42,0,0,0,1,42,15479,6,1,0,0,3,3,70,999,0,0,0,0,0,0,0,0,0,3,0,0,0,0,1,2,45,3,6,2,1,0,0,14,13,99,1,4,1,"777777777777","777777777777","777777777777",1,1
42,421037,1,1,1,12,12,5,58,8,0,1,0,42,1,49,43,49043,4,2007,"4T1BK36B37U2","4","T","1","B","K","3","6","B","3","7","U","2",0,0,0,"000000000","00000000000",0,0,0,1,0,0,0,0,0,0,0,30,0,0,0,3,4,5,8,0,0,0,1,42,19151,6,1,0,0,3,3,75,999,0,0,0,0,0,0,0,0,0,0,0,0,0,0,1,2,30,1,1,2,2,0,0,1,80,7,1,1,13,"777777777777","777777777777","777777777777",0,0
42,421038,1,4,1,20,12,8,32,12,1,1,0,42,2,30,402,30402,14,2010,"WVGBV7AX2AW5","W","V","G","B","V","7","A","X","2","A","W","5",0,0,0,"000000000","00000000000",0,0,0,1,0,0,0,0,0,0,0,999,0,0,0,12,6,2,12,0,0,0,1,42,17815,6,1,0,0,3,3,64,999,0,0,0,0,0,0,0,0,0,0,0,0,0,0,5,3,55,1,1,2,1,0,0,1,50,1,1,1,20,"777777777777","777777777777","777777777777",0,0
42,421038,2,4,1,20,12,8,32,12,1,1,0,42,1,18,7,18007,4,2000,"2G4WS52J3Y11","2","G","4","W","S","5","2","J","3","Y","1","1",0,0,0,"000000000","00000000000",0,0,0,1,0,0,0,0,0,0,0,0,0,0,0,6,6,2,12,0,0,0,1,42,18603,6,1,0,0,3,3,69,999,0,0,0,0,0,0,0,0,0,0,0,0,0,0,5,3,55,1,1,2,1,0,0,5,53,1,1,1,21,"777777777777","777777777777","777777777777",1,0
42,421038,3,4,1,20,12,8,32,12,1,1,0,42,1,7,482,7482,31,2008,"1D7HU18288S5","1","D","7","H","U","1","8","2","8","8","S","5",0,0,0,"000000000","00000000000",0,0,0,1,0,0,0,0,0,0,0,999,0,0,0,6,6,2,12,0,0,0,1,42,17821,6,1,0,0,3,0,72,999,0,0,0,1,0,9,2012,9,2012,0,0,0,0,0,5,3,55,1,1,2,1,0,0,1,53,1,1,1,98,"777777777777","777777777777","777777777777",0,0
42,421038,4,4,3,20,12,8,32,12,1,1,0,42,1,63,37,63037,6,2010,"KNDJT2A16A77","K","N","D","J","T","2","A","1","6","A","7","7",0,0,0,"000000000","00000000000",0,0,0,1,0,0,0,0,0,0,0,999,0,0,0,12,6,2,12,0,0,0,1,42,17815,6,1,0,0,3,0,69,999,0,0,0,0,0,0,0,0,0,0,0,0,0,0,5,3,55,1,1,2,1,0,0,1,62,1,1,1,98,"777777777777","777777777777","777777777777",0,0
42,421039,1,2,2,11,12,13,32,12,6,1,0,42,1,52,37,52037,3,1999,"4A3AK34Y5XE1","4","A","3","A","K","3","4","Y","5","X","E","1",0,0,0,"000000000","00000000000",0,0,0,1,0,0,0,0,0,0,0,70,0,0,0,9,6,2,12,0,0,0,1,42,17233,1,1,0,0,2,0,69,999,2,1,0,2,2,7,2013,3,2016,4,35,33,0,0,1,2,45,2,6,2,1,0,0,6,6,1,3,2,66,"777777777777","777777777777","777777777777",2,0
42,421039,2,2,2,11,12,13,32,12,6,1,0,42,2,35,51,35051,6,2010,"JN8AS5MV9AW1","J","N","8","A","S","5","M","V","9","A","W","1",0,0,0,"000000000","00000000000",0,0,0,1,0,0,0,0,0,0,0,65,0,0,0,12,6,2,12,0,0,0,1,42,17224,6,1,0,0,3,0,65,999,1,0,0,0,0,4,2014,4,2014,0,0,0,0,0,1,2,45,3,5,2,1,0,0,14,54,16,1,1,66,"777777777777","777777777777","777777777777",0,0
42,421040,1,2,2,6,12,0,11,12,1,1,0,42,2,53,34,53034,4,2005,"KL5JD56Z05K0","K","L","5","J","D","5","6","Z","0","5","K","0",0,0,0,"000000000","00000000000",0,0,0,1,0,0,0,0,0,0,0,999,0,0,0,6,6,2,12,0,0,1,1,42,18512,0,0,0,0,0,0,66,999,0,0,0,0,0,0,0,0,0,0,45,0,0,0,2,2,70,1,1,1,1,0,0,1,53,1,1,1,25,"777777777777","777777777777","777777777777",2,0
42,421040,2,2,1,6,12,0,11,12,1,1,0,42,3,82,881,82881,66,2014,"3AKJGLD55ESF","3","A","K","J","G","L","D","5","5","E","S","F",1,1,57,"02363878","5702363878",3,6,1,1,0,0,0,0,0,0,0,999,0,0,0,12,6,2,12,0,0,0,1,42,18466,6,1,6,0,3,0,75,999,0,0,0,1,1,1,2013,11,2016,0,99,99,99,99,2,2,70,1,1,1,1,0,0,1,51,16,2,1,24,"1JJV532D4FL8","777777777777","777777777777",0,0
42,421041,1,1,2,24,12,14,27,8,0,1,1,42,1,24,2,24002,2,1995,"1G8ZH1271SZ2","1","G","8","Z","H","1","2","7","1","S","Z","2",0,0,0,"000000000","00000000000",0,0,0,1,0,0,0,0,0,0,0,999,0,0,0,11,4,3,8,0,0,0,1,42,15697,6,1,0,0,3,0,69,999,0,0,0,0,0,0,0,0,0,0,6,0,0,0,1,2,35,2,1,2,2,0,0,14,80,1,1,2,13,"777777777777","777777777777","777777777777",0,0
42,421042,1,1,1,31,12,5,30,42,0,1,0,42,1,12,13,12013,4,1999,"1FAFP13P6XW1","1","F","A","F","P","1","3","P","6","X","W","1",0,0,0,"000000000","00000000000",0,0,0,1,0,0,0,0,0,0,0,45,0,0,0,3,6,2,42,0,0,0,1,42,16661,6,1,6,0,3,1,70,999,0,0,0,0,1,3,2012,3,2012,0,99,99,99,99,1,2,45,1,1,2,2,0,0,1,9,9,4,4,7,"777777777777","777777777777","777777777777",1,0
42,421043,1,3,1,18,10,8,52,12,1,1,0,42,1,24,7,24007,17,2005,"1G8AW14FX5Z1","1","G","8","A","W","1","4","F","X","5","Z","1",0,0,0,"000000000","00000000000",0,0,0,1,0,0,0,0,0,0,0,55,0,0,0,12,6,2,12,0,0,0,1,42,16743,6,1,0,0,3,1,61,999,0,0,0,0,0,0,0,0,0,5,6,0,0,0,1,2,55,1,1,2,1,0,0,1,50,1,1,1,20,"777777777777","777777777777","777777777777",0,0
42,421043,2,3,2,18,10,8,52,12,1,1,0,42,1,20,22,20022,2,2006,"1G1AL15F6676","1","G","1","A","L","1","5","F","6","6","7","6",0,0,0,"000000000","00000000000",0,0,0,1,0,0,0,0,0,0,0,0,0,0,0,6,6,2,12,0,0,0,1,42,16746,6,1,0,0,3,0,64,999,0,0,0,0,0,0,0,0,0,0,0,0,0,0,1,2,55,1,1,2,1,0,0,5,53,1,1,1,22,"777777777777","777777777777","777777777777",1,0
42,421043,3,3,1,18,10,8,52,12,1,1,0,42,1,63,401,63401,14,2015,"KNDPBCAC6F77","K","N","D","P","B","C","A","C","6","F","7","7",0,0,0,"000000000","00000000000",0,0,0,1,0,0,0,0,0,0,0,55,0,0,0,12,6,2,12,0,0,0,1,42,16731,6,1,0,0,3,1,63,999,0,0,0,0,0,0,0,0,0,0,0,0,0,0,1,2,55,1,1,2,1,0,0,1,62,1,1,1,98,"777777777777","777777777777","777777777777",0,0
42,421044,1,2,1,26,8,7,42,12,6,1,0,42,1,72,706,72706,80,1989,"1HD1DJL16KY5","1","H","D","1","D","J","L","1","6","K","Y","5",0,0,0,"000000000","00000000000",0,0,0,1,0,0,0,0,0,0,0,999,0,0,0,12,6,2,12,0,0,0,1,42,16101,6,1,0,0,3,1,73,999,0,1,0,0,0,9,2013,9,2013,3,0,0,0,0,1,4,30,1,5,2,1,0,0,1,17,1,1,1,83,"777777777777","777777777777","777777777777",1,1
42,421044,2,2,1,26,8,7,42,12,6,1,0,42,2,6,18,6018,4,2013,"1C3CCBBB9DN5","1","C","3","C","C","B","B","B","9","D","N","5",0,0,0,"000000000","00000000000",0,0,0,1,0,0,0,0,0,0,0,15,0,0,0,8,6,2,12,0,0,0,1,42,16101,6,1,0,0,3,0,65,999,0,0,0,0,0,0,0,0,0,0,0,0,0,0,1,2,25,1,6,2,1,20,3,11,66,1,1,1,82,"777777777777","777777777777","777777777777",0,0
42,421045,1,1,1,26,8,23,44,8,0,1,0,42,1,18,2,18002,4,2005,"1G4HP52K45U1","1","G","4","H","P","5","2","K","4","5","U","1",0,0,0,"000000000","00000000000",0,0,0,1,0,0,0,0,0,0,0,999,0,0,0,12,4,3,8,0,0,0,1,42,16148,6,1,0,0,3,3,66,999,0,0,0,0,0,0,0,0,0,0,0,0,0,0,5,3,45,1,1,2,1,0,0,1,80,1,1,1,13,"777777777777","777777777777","777777777777",0,0
42,421046,1,1,1,28,9,6,7,8,0,1,0,42,1,7,34,7034,2,1993,"JB3CA11A4PU0","J","B","3","C","A","1","1","A","4","P","U","0",0,0,0,"000000000","00000000000",0,0,0,1,0,0,0,0,0,0,0,37,0,0,0,11,2,5,8,0,0,0,1,42,17084,6,1,6,0,3,1,71,999,0,0,0,0,1,4,2013,4,2013,0,0,0,0,0,5,3,40,1,1,2,1,0,0,1,80,1,1,1,13,"777777777777","777777777777","777777777777",0,0
42,421047,1,1,2,7,12,20,19,8,0,1,0,42,1,12,23,12023,4,2012,"3FAHP0HG9CR2","3","F","A","H","P","0","H","G","9","C","R","2",0,0,0,"000000000","00000000000",0,0,0,1,0,0,0,0,0,0,0,999,0,0,0,1,2,5,8,0,0,0,1,42,18504,6,1,0,0,3,1,59,999,0,0,0,0,0,0,0,0,0,0,0,0,0,0,1,2,25,1,1,2,1,0,0,11,80,1,1,1,13,"777777777777","777777777777","777777777777",0,0
42,421048,1,3,1,28,12,14,44,12,6,1,0,42,1,86,881,86881,63,1997,"1M2P270C2VM0","1","M","2","P","2","7","0","C","2","V","M","0",0,0,57,"01890483","5701890483",3,2,4,1,0,0,0,0,0,0,0,55,0,1,1,12,6,2,12,0,0,1,1,42,17401,6,1,6,0,3,3,70,999,0,0,0,0,0,0,0,0,0,0,0,0,0,0,2,2,55,1,1,2,1,0,0,1,1,1,9,4,66,"777777777777","777777777777","777777777777",1,0
42,421048,2,3,1,28,12,14,44,12,6,1,0,47,1,82,881,82881,66,2013,"1FUJGLDR1DSB","1","F","U","J","G","L","D","R","1","D","S","B",1,1,57,"02447736","5702447736",3,6,6,1,0,0,0,0,0,0,0,55,0,1,5,11,6,2,12,0,0,0,1,47,38135,6,1,6,0,3,0,69,260,0,0,0,1,0,12,2012,12,2012,0,0,0,0,0,2,2,55,1,1,2,1,0,0,1,62,1,1,1,66,"888888888888","777777777777","777777777777",1,0
42,421048,3,3,1,28,12,14,44,12,6,1,0,42,1,20,481,20481,31,2011,"3GCPKSE36BG2","3","G","C","P","K","S","E","3","6","B","G","2",0,0,0,"000000000","00000000000",0,0,0,1,0,0,0,0,0,0,0,55,0,0,0,12,6,2,12,0,0,0,1,42,17025,6,1,0,0,3,0,72,999,0,0,0,0,0,0,0,0,0,0,0,0,0,0,2,2,55,1,1,2,1,0,0,1,62,1,1,1,98,"777777777777","777777777777","777777777777",1,0
42,421049,1,2,1,13,12,18,58,24,0,1,0,42,1,20,16,20016,4,1999,"1G1JF5242X71","1","G","1","J","F","5","2","4","2","X","7","1",0,0,0,"000000000","00000000000",0,0,0,1,0,0,0,0,0,0,0,50,0,0,0,12,6,2,12,0,0,0,1,42,15825,6,1,0,0,3,0,75,999,0,0,0,1,0,5,2015,5,2015,0,0,0,0,0,2,2,70,1,1,1,2,0,0,1,5,9,3,4,2,"777777777777","777777777777","777777777777",1,0
42,421049,2,2,1,13,12,18,58,24,0,1,0,39,3,82,881,82881,66,2010,"1FUJGLDR6ASA","1","F","U","J","G","L","D","R","6","A","S","A",1,1,57,"00561586","5700561586",3,6,1,1,0,0,0,0,0,0,0,45,9,0,0,12,2,3,12,0,0,0,1,42,15851,6,1,6,0,3,1,74,999,0,0,0,0,0,0,0,0,0,0,0,0,0,0,2,2,70,1,1,1,2,0,0,1,64,16,1,1,98,"888888888888","777777777777","777777777777",0,0
42,421050,1,2,5,9,12,18,57,12,6,1,0,42,2,7,20,7020,4,2002,"1B3ES26CX2D6","1","B","3","E","S","2","6","C","X","2","D","6",0,0,0,"000000000","00000000000",0,0,0,1,0,0,0,0,0,0,0,35,0,0,0,4,6,2,12,0,0,0,1,42,16214,0,0,0,0,0,0,70,999,0,0,0,0,0,0,0,0,0,4,87,28,0,0,1,2,55,1,1,2,3,0,0,1,6,99,4,2,66,"777777777777","777777777777","777777777777",1,1
42,421050,2,2,1,9,12,18,57,12,6,1,0,42,3,20,421,20421,15,2016,"1GNSKBKC1GR1","1","G","N","S","K","B","K","C","1","G","R","1",0,0,0,"000000000","00000000000",0,0,0,1,0,0,0,0,0,0,0,25,0,0,0,12,6,2,12,0,0,0,1,42,15825,6,1,0,0,3,0,67,999,0,0,0,0,0,0,0,0,0,0,0,0,0,0,1,2,55,1,1,2,3,0,0,1,62,16,1,1,66,"777777777777","777777777777","777777777777",0,0
42,421051,1,1,1,18,11,16,54,32,0,1,0,37,4,55,33,55033,4,2017,"5NPE24AF1HH4","5","N","P","E","2","4","A","F","1","H","H","4",0,0,0,"000000000","00000000000",0,0,0,1,0,0,0,0,0,0,0,60,0,0,0,12,6,2,32,0,0,0,1,42,15522,6,1,6,0,3,0,70,999,0,0,0,1,1,9,2014,6,2016,0,0,0,0,0,1,2,55,1,1,2,1,0,0,1,8,1,1,4,6,"777777777777","777777777777","777777777777",1,0
42,421052,1,3,1,30,12,17,26,12,2,1,0,42,1,12,37,12037,4,2004,"1FAFP34324W1","1","F","A","F","P","3","4","3","2","4","W","1",0,0,0,"000000000","00000000000",0,0,0,1,0,0,0,0,0,0,0,45,0,0,0,12,6,2,12,0,0,0,1,42,17517,6,1,0,0,3,0,68,999,0,0,0,0,0,0,0,0,0,0,28,0,0,0,1,2,40,1,5,2,1,0,0,1,10,1,1,2,50,"777777777777","777777777777","777777777777",1,0
42,421052,2,3,1,30,12,17,26,12,2,1,0,42,3,84,884,84884,66,2013,"3HSDJSJR6DN1","3","H","S","D","J","S","J","R","6","D","N","1",0,0,57,"00369330","5700369330",3,5,96,1,0,0,0,0,0,0,0,36,0,0,0,12,6,2,12,0,0,0,1,42,17057,6,1,6,0,3,1,67,999,0,0,0,0,2,9,2014,3,2015,0,0,0,0,0,1,2,40,1,6,2,1,0,0,1,62,16,2,1,51,"777777777777","777777777777","777777777777",0,0
42,421052,3,3,2,30,12,17,26,12,2,1,0,42,1,49,442,49442,20,2000,"4T3ZF13C0YU3","4","T","3","Z","F","1","3","C","0","Y","U","3",0,0,0,"000000000","00000000000",0,0,0,1,0,0,0,0,0,0,0,36,0,0,0,12,2,5,12,0,0,0,1,42,17543,6,1,0,0,3,0,72,999,1,0,0,0,0,6,2014,6,2014,0,0,0,0,0,1,2,40,1,6,2,1,0,0,1,52,16,1,1,98,"777777777777","777777777777","777777777777",0,0
42,421053,1,2,1,25,12,1,35,12,6,1,0,34,2,37,32,37032,4,2010,"1HGCP2F70AA0","1","H","G","C","P","2","F","7","0","A","A","0",0,0,0,"000000000","00000000000",0,0,0,1,0,0,0,0,0,0,0,999,0,0,0,12,6,2,12,0,0,0,1,42,19134,6,1,0,0,3,0,67,999,0,0,0,0,0,0,0,0,0,0,99,99,99,99,1,5,98,1,1,2,1,3,3,1,17,1,1,1,88,"777777777777","777777777777","777777777777",1,0
42,421053,2,2,1,25,12,1,35,12,6,1,0,42,2,63,34,63034,4,2012,"5XXGN4A73CG0","5","X","X","G","N","4","A","7","3","C","G","0",0,0,0,"000000000","00000000000",0,0,0,1,0,0,0,0,0,0,0,999,0,0,0,11,6,2,12,0,0,0,1,42,19132,0,0,0,0,0,0,70,999,0,0,0,0,0,0,0,0,0,0,99,99,99,99,1,5,25,1,1,2,1,3,3,1,17,1,1,1,89,"777777777777","777777777777","777777777777",0,0
42,421054,1,1,1,23,12,6,20,58,0,1,0,42,1,12,402,12402,14,2016,"1FMCU9GX3GUA","1","F","M","C","U","9","G","X","3","G","U","A",0,0,0,"000000000","00000000000",0,0,0,1,0,0,0,0,0,0,0,70,0,1,6,14,6,2,32,0,0,0,1,42,15681,6,1,0,0,3,0,74,999,0,0,0,0,0,0,0,0,0,0,39,0,0,0,1,2,55,1,5,2,1,20,3,1,14,99,9,4,14,"777777777777","777777777777","777777777777",1,0
42,421055,1,1,1,29,3,9,37,42,0,1,0,42,1,18,2,18002,4,2004,"1G4HP52K6441","1","G","4","H","P","5","2","K","6","4","4","1",0,0,0,"000000000","00000000000",0,0,0,1,0,0,0,0,0,0,0,999,0,1,6,10,6,2,42,0,0,0,1,42,16648,6,1,0,0,3,3,69,999,0,0,0,0,0,0,0,0,0,0,0,0,0,0,1,2,45,2,6,2,1,0,0,14,8,1,3,4,7,"777777777777","777777777777","777777777777",1,0