"STATE","ST_CASE","VEH_NO","VE_FORMS","NUMOCCS","DAY","MONTH","HOUR","MINUTE","HARM_EV","MAN_COLL","UNITTYPE","HIT_RUN","REG_STAT","OWNER","MAKE","MODEL","MAK_MOD","BODY_TYP","MOD_YEAR","VIN","VIN_1","VIN_2","VIN_3","VIN_4","VIN_5","VIN_6","VIN_7","VIN_8","VIN_9","VIN_10","VIN_11","VIN_12","TOW_VEH","J_KNIFE","MCARR_I1","MCARR_I2","MCARR_ID","GVWR","V_CONFIG","CARGO_BT","HAZ_INV","HAZ_PLAC","HAZ_ID","HAZ_CNO","HAZ_REL","BUS_USE","SPEC_USE","EMER_USE","TRAV_SP","UNDERIDE","ROLLOVER","ROLINLOC","IMPACT1","DEFORMED","TOWED","M_HARM","VEH_SC1","VEH_SC2","FIRE_EXP","DR_PRES","L_STATE","DR_ZIP","L_STATUS","L_TYPE","CDL_STAT","L_ENDORS","L_COMPL","L_RESTRI","DR_HGT","DR_WGT","PREV_ACC","PREV_SUS","PREV_DWI","PREV_SPD","PREV_OTH","FIRST_MO","FIRST_YR","LAST_MO","LAST_YR","SPEEDREL","DR_SF1","DR_SF2","DR_SF3","DR_SF4","VTRAFWAY","VNUM_LAN","VSPD_LIM","VALIGN","VPROFILE","VPAVETYP","VSURCOND","VTRAFCON","VTCONT_F","P_CRASH1","P_CRASH2","P_CRASH3","PCRASH4","PCRASH5","ACC_TYPE","TRLR1VIN","TRLR2VIN","TRLR3VIN","DEATHS","DR_DRINK"
44,440039,1,1,1,18,9,14,3,8,0,1,0,34,2,30,40,30040,4,2010,"3VWRZ7AJ8AM1","3","V","W","R","Z","7","A","J","8","A","M","1",0,0,0,"000000000","00000000000",0,0,0,1,0,0,0,0,0,0,0,998,0,0,0,12,4,3,8,0,0,0,1,34,2908,6,1,0,0,3,0,69,999,1,0,0,0,1,7,2013,6,2014,5,0,0,0,0,1,4,25,1,1,2,1,0,0,1,80,1,1,1,13,"777777777777","777777777777","777777777777",0,0
44,440040,1,1,1,2,10,0,4,42,0,1,0,25,1,6,51,6051,4,2008,"2C3LK63H98H1","2","C","3","L","K","6","3","H","9","8","H","1",0,0,0,"000000000","00000000000",0,0,0,1,0,0,0,0,0,0,0,998,0,0,0,11,6,2,42,0,0,0,1,25,1588,6,1,0,0,3,0,66,999,0,0,0,0,0,0,0,0,0,4,53,0,0,0,1,2,35,3,5,2,2,0,0,14,6,1,9,4,2,"777777777777","777777777777","777777777777",1,1
44,440041,1,2,1,20,10,15,23,12,6,1,0,44,1,6,52,6052,6,2003,"3C8FY68B93T5","3","C","8","F","Y","6","8","B","9","3","T","5",0,0,0,"000000000","00000000000",0,0,0,1,0,0,0,0,0,0,0,15,0,0,0,10,6,2,12,0,0,0,1,44,2852,6,1,0,0,3,3,68,183,0,0,0,0,0,0,0,0,0,0,38,0,0,0,5,5,35,1,1,2,1,0,0,1,55,1,1,1,89,"777777777777","777777777777","777777777777",1,0
44,440041,2,2,1,20,10,15,23,12,6,1,0,44,2,2,404,2404,14,2012,"1C4RJFCG2CC3","1","C","4","R","J","F","C","G","2","C","C","3",0,0,0,"000000000","00000000000",0,0,0,1,0,0,0,0,0,0,0,30,0,0,0,11,6,2,12,0,0,0,1,44,2818,6,2,0,0,3,3,63,138,0,0,0,0,0,0,0,0,0,0,0,0,0,0,5,5,35,1,1,2,1,0,0,1,71,1,1,1,88,"777777777777","777777777777","777777777777",0,0
44,440042,1,1,2,12,10,18,3,8,0,1,0,44,1,12,402,12402,14,2008,"1FMCU93158KA","1","F","M","C","U","9","3","1","5","8","K","A",0,0,0,"000000000","00000000000",0,0,0,1,0,0,0,0,0,0,0,999,0,0,0,12,0,5,8,0,0,0,1,44,2914,6,1,0,0,3,0,65,168,0,0,0,0,0,0,0,0,0,0,0,0,0,0,1,4,30,1,1,2,1,0,0,1,80,16,1,1,13,"777777777777","777777777777","777777777777",0,0
44,440043,1,2,1,9,11,6,4,12,1,1,0,44,1,14,6,14006,4,2000,"2MEFM74W0YX7","2","M","E","F","M","7","4","W","0","Y","X","7",0,0,0,"000000000","00000000000",0,0,0,1,0,0,0,0,0,0,0,998,0,0,0,12,6,2,12,0,0,0,1,44,2891,6,1,0,0,3,0,71,228,0,0,0,0,0,0,0,0,0,9,0,0,0,0,1,2,35,1,1,2,1,0,0,1,51,1,1,1,24,"777777777777","777777777777","777777777777",1,0
44,440043,2,2,1,9,11,6,4,12,1,1,0,44,3,20,461,20461,21,2013,"1GB3G3CG6D11","1","G","B","3","G","3","C","G","6","D","1","1",0,0,57,"1368756","571368756",2,1,1,1,0,0,0,0,0,0,0,998,0,0,0,6,6,5,12,0,0,0,1,44,2891,6,1,0,0,3,3,73,202,0,0,0,0,0,0,0,0,0,9,0,0,0,0,1,2,35,1,1,2,1,0,0,1,53,1,1,1,25,"777777777777","777777777777","777777777777",0,0
44,440044,1,3,3,13,12,16,7,12,6,1,0,44,1,32,49,32049,1,2009,"WAUDK78T69A0","W","A","U","D","K","7","8","T","6","9","A","0",0,0,0,"000000000","00000000000",0,0,0,1,0,0,0,0,0,0,0,70,0,0,0,10,6,2,12,0,0,0,1,44,2919,6,1,0,0,3,3,75,235,0,0,0,2,1,7,2014,7,2015,5,36,0,0,0,1,4,35,1,3,2,1,3,3,1,6,7,9,3,69,"777777777777","777777777777","777777777777",2,0
44,440044,2,3,1,13,12,16,7,12,6,1,0,44,2,18,24,18024,6,2011,"5GAKVBED4BJ2","5","G","A","K","V","B","E","D","4","B","J","2",0,0,0,"000000000","00000000000",0,0,0,1,0,0,0,0,0,0,0,14,0,0,0,12,6,2,12,0,0,0,1,44,2919,6,1,0,0,3,3,70,185,0,0,0,0,0,0,0,0,0,0,0,0,0,0,1,4,35,1,3,2,1,3,3,11,55,1,1,1,68,"777777777777","777777777777","777777777777",0,0
44,440044,5,3,1,13,12,16,7,12,6,1,0,44,1,12,401,12401,14,2002,"1FMZU73W62UD","1","F","M","Z","U","7","3","W","6","2","U","D",0,0,0,"000000000","00000000000",0,0,0,1,0,0,0,0,0,0,0,998,0,0,0,98,4,5,54,0,0,0,1,44,2857,1,1,0,0,2,0,67,150,3,2,0,0,1,1,2016,11,2016,0,0,0,0,0,0,0,0,0,0,0,0,0,0,1,98,1,1,5,98,"777777777777","777777777777","777777777777",0,0
44,440045,1,1,1,15,12,18,59,8,0,1,0,44,2,37,441,37441,20,2000,"2HKRL185XYH5","2","H","K","R","L","1","8","5","X","Y","H","5",0,0,0,"000000000","00000000000",0,0,0,1,0,0,0,0,0,0,0,35,0,0,0,11,4,3,8,0,0,0,1,44,2907,1,1,0,0,2,3,66,200,0,3,0,0,0,8,2012,12,2016,0,0,0,0,0,1,4,35,1,1,2,1,0,0,1,80,16,1,1,13,"777777777777","777777777777","777777777777",0,0
44,440046,1,3,1,15,12,15,53,12,6,1,0,44,1,12,401,12401,14,2004,"1FMZU73K04UA","1","F","M","Z","U","7","3","K","0","4","U","A",0,0,0,"000000000","00000000000",0,0,0,1,0,0,0,0,0,0,0,35,0,0,0,12,6,2,12,0,0,0,1,44,2920,6,1,0,0,3,3,66,189,0,0,0,0,0,0,0,0,0,0,51,0,0,0,1,2,35,1,6,2,1,0,0,1,10,1,1,2,64,"777777777777","777777777777","777777777777",1,0
44,440046,2,3,1,15,12,15,53,12,6,1,0,44,1,37,31,37031,2,1999,"1HGEJ6221XL0","1","H","G","E","J","6","2","2","1","X","L","0",0,0,0,"000000000","00000000000",0,0,0,1,0,0,0,0,0,0,0,25,0,0,0,8,2,5,12,0,0,0,1,44,2919,6,1,0,0,3,0,63,148,0,0,0,0,0,0,0,0,0,0,0,0,0,0,1,2,35,1,5,2,1,0,0,1,63,7,1,1,65,"777777777777","777777777777","777777777777",0,0
44,440046,3,3,1,15,12,15,53,12,6,1,0,44,2,59,403,59403,14,2015,"2T2BK1BA5FC2","2","T","2","B","K","1","B","A","5","F","C","2",0,0,0,"000000000","00000000000",0,0,0,1,0,0,0,0,0,0,0,25,0,0,0,12,6,2,12,0,0,0,1,44,2917,6,1,0,0,3,0,66,130,0,0,0,0,0,0,0,0,0,0,0,0,0,0,1,2,35,1,5,2,1,0,0,1,63,1,1,1,98,"777777777777","777777777777","777777777777",0,0
44,440047,1,1,1,22,12,2,59,25,0,1,0,92,0,14,6,14006,4,2003,"2MEFM74W23X6","2","M","E","F","M","7","4","W","2","3","X","6",0,0,0,"000000000","00000000000",0,0,0,1,0,0,0,0,0,0,0,100,0,0,0,99,6,2,2,0,0,1,1,44,2901,6,1,0,0,3,3,72,200,2,0,0,0,0,10,2015,10,2016,5,0,0,0,0,3,2,55,2,6,2,1,98,3,14,13,1,3,4,2,"777777777777","777777777777","777777777777",1,1
44,440048,1,1,1,22,12,1,44,30,0,1,0,44,1,54,31,54031,3,2001,"JH4DC23941S0","J","H","4","D","C","2","3","9","4","1","S","0",0,0,0,"000000000","00000000000",0,0,0,1,0,0,0,0,0,0,0,90,0,1,5,6,6,2,1,0,0,1,1,44,2909,6,1,0,0,3,0,66,140,2,2,1,2,1,4,2014,6,2016,5,0,0,0,0,3,3,55,1,1,2,1,0,0,15,6,1,5,4,2,"777777777777","777777777777","777777777777",1,1
45,450001,1,3,2,1,1,20,45,12,1,1,0,45,1,12,481,12481,31,1999,"1FTZF1722XNA","1","F","T","Z","F","1","7","2","2","X","N","A",0,0,0,"000000000","00000000000",0,0,0,1,0,0,0,0,0,0,0,25,0,0,0,6,4,5,12,0,0,0,1,45,29379,6,1,0,0,3,3,73,235,0,2,0,0,0,8,2011,9,2014,0,0,0,0,0,1,2,35,1,1,2,1,0,0,1,53,1,1,1,26,"777777777777","777777777777","777777777777",0,0
45,450001,2,3,1,1,1,20,45,12,1,1,0,45,2,35,401,35401,14,1997,"JN8AR05Y5VW1","J","N","8","A","R","0","5","Y","5","V","W","1",0,0,0,"000000000","00000000000",0,0,0,1,0,0,0,0,0,0,0,35,0,0,0,12,6,2,12,0,0,0,1,45,29379,6,1,0,0,3,3,71,230,1,0,0,1,0,4,2013,1,2015,0,0,0,0,0,1,2,35,1,1,2,1,0,0,1,62,1,1,1,98,"777777777777","777777777777","777777777777",0,0
45,450001,3,3,2,1,1,20,45,12,1,1,0,45,1,12,402,12402,14,2006,"1FMYU02Z86KA","1","F","M","Y","U","0","2","Z","8","6","K","A",0,0,0,"000000000","00000000000",0,0,0,1,0,0,0,0,0,0,0,75,0,0,0,12,6,2,12,0,0,0,1,45,29379,1,1,5,0,2,0,69,225,0,2,0,0,0,1,2014,12,2015,4,0,0,0,0,1,2,35,1,1,2,1,0,0,1,51,1,1,1,24,"777777777777","777777777777","777777777777",2,0
45,450002,1,2,2,2,1,18,15,12,2,1,0,45,2,49,482,49482,31,2001,"5TBRT38111S1","5","T","B","R","T","3","8","1","1","1","S","1",0,0,0,"000000000","00000000000",0,0,0,1,0,0,0,0,0,0,0,55,0,0,0,12,6,2,12,0,0,0,1,45,29412,6,1,0,0,3,0,73,180,0,1,0,2,1,3,2015,9,2015,0,0,0,0,0,1,2,55,4,2,8,1,0,0,14,62,1,1,1,51,"777777777777","777777777777","777777777777",0,0
45,450002,2,2,1,2,1,18,15,12,2,1,0,45,2,20,19,20019,4,1995,"1G1LD5541SY2","1","G","1","L","D","5","5","4","1","S","Y","2",0,0,0,"000000000","00000000000",0,0,0,1,0,0,0,0,0,0,0,55,0,0,0,12,6,2,12,0,0,0,1,45,29045,6,1,0,0,3,0,70,193,0,1,0,1,0,8,2011,10,2011,0,28,0,0,0,1,2,55,4,2,8,1,0,0,14,10,1,1,2,50,"777777777777","777777777777","777777777777",1,1
45,450003,1,1,1,2,1,4,21,34,0,1,0,45,1,49,422,49422,15,2004,"5TDZT38A14S2","5","T","D","Z","T","3","8","A","1","4","S","2",0,0,0,"000000000","00000000000",0,0,0,1,0,0,0,0,0,0,0,90,0,1,6,12,6,2,1,0,0,0,1,45,29461,6,1,0,0,3,0,67,140,0,0,0,0,1,4,2011,4,2011,3,28,0,0,0,1,2,55,3,1,2,1,0,0,14,13,1,1,4,1,"777777777777","777777777777","777777777777",1,1
45,450004,1,2,1,2,1,4,45,12,1,1,0,22,3,35,401,35401,14,2015,"5N1AR2MN0FC6","5","N","1","A","R","2","M","N","0","F","C","6",0,0,0,"000000000","00000000000",0,0,0,1,0,0,0,0,0,0,0,60,0,0,0,12,6,2,12,0,0,0,1,45,29210,1,1,0,0,2,0,72,168,0,9,0,2,1,11,2011,4,2015,0,0,0,0,0,3,3,60,1,1,2,1,0,0,1,50,1,1,1,20,"777777777777","777777777777","777777777777",0,0
45,450004,2,2,1,2,1,4,45,12,1,1,0,45,1,37,32,37032,4,1999,"1HGCG1643XA0","1","H","G","C","G","1","6","4","3","X","A","0",0,0,0,"000000000","00000000000",0,0,0,1,0,0,0,0,0,0,0,0,0,0,0,6,6,2,12,0,0,0,1,45,29033,6,1,0,0,3,3,62,208,0,4,0,1,0,7,2012,11,2015,0,28,0,0,0,3,3,60,1,1,2,1,0,0,5,53,1,1,1,21,"777777777777","777777777777","777777777777",1,1
45,450005,1,1,1,3,1,17,45,9,0,1,0,45,1,54,39,54039,4,2006,"JH4CL96866C0","J","H","4","C","L","9","6","8","6","6","C","0",0,0,0,"000000000","00000000000",0,0,0,1,0,0,0,0,0,0,0,30,0,0,0,2,4,5,9,0,0,0,1,45,29316,6,1,0,0,3,0,61,125,1,0,0,1,2,7,2012,7,2015,0,0,0,0,0,2,2,45,1,1,2,1,0,0,1,81,1,1,1,13,"777777777777","777777777777","777777777777",0,0
45,450006,1,1,1,3,1,20,10,8,0,1,1,45,2,7,402,7402,14,2003,"1D4HR38N23F5","1","D","4","H","R","3","8","N","2","3","F","5",0,0,0,"000000000","00000000000",0,0,0,1,0,0,0,0,0,0,0,30,0,0,0,12,4,3,8,0,0,0,1,45,29809,6,1,0,0,3,0,67,107,0,3,0,1,0,11,2011,8,2015,0,28,0,0,0,1,2,30,1,1,2,1,0,0,1,10,1,1,2,13,"777777777777","777777777777","777777777777",0,0
45,450007,1,2,1,4,1,10,15,12,2,1,0,45,2,35,471,35471,30,1993,"1N6SD16S0PC3","1","N","6","S","D","1","6","S","0","P","C","3",0,0,0,"000000000","00000000000",0,0,0,1,0,0,0,0,0,0,0,55,0,0,0,12,6,2,12,0,0,0,1,45,29130,6,1,0,0,3,0,72,200,0,0,0,1,0,8,2015,8,2015,4,28,0,0,0,1,2,55,1,2,2,1,0,0,1,10,1,1,2,50,"777777777777","777777777777","777777777777",1,0
45,450007,2,2,3,4,1,10,15,12,2,1,0,45,2,55,35,55035,4,2013,"KMHD35LEXDU0","K","M","H","D","3","5","L","E","X","D","U","0",0,0,0,"000000000","00000000000",0,0,0,1,0,0,0,0,0,0,0,55,0,0,0,12,6,2,12,0,0,0,1,45,29180,6,1,0,0,3,0,71,180,0,0,0,0,0,0,0,0,0,0,0,0,0,0,1,2,55,1,2,2,1,0,0,1,62,1,1,1,51,"777777777777","777777777777","777777777777",0,0
45,450008,1,1,1,6,1,1,10,34,0,1,0,5,2,20,9,20009,2,1999,"2G1FP22G4X21","2","G","1","F","P","2","2","G","4","X","2","1",0,0,0,"000000000","00000000000",0,0,0,1,0,0,0,0,0,0,0,55,0,2,5,12,6,2,1,0,0,0,1,45,29154,6,1,0,0,3,0,66,170,1,3,0,2,1,3,2013,6,2015,0,8,0,0,0,1,2,35,1,1,2,1,0,0,1,13,1,1,4,1,"777777777777","777777777777","777777777777",1,1
45,450009,1,3,1,6,1,7,13,12,6,1,0,45,1,76,706,76706,80,2015,"JYARN33E4FA0","J","Y","A","R","N","3","3","E","4","F","A","0",0,0,0,"000000000","00000000000",0,0,0,1,0,0,0,0,0,0,0,10,0,0,0,3,6,2,12,0,0,0,1,28,29001,6,1,0,0,3,0,66,160,98,0,0,0,0,0,0,0,0,0,38,0,0,0,5,3,55,1,1,2,1,3,3,11,15,1,1,1,68,"777777777777","777777777777","777777777777",1,0
45,450009,2,3,1,6,1,7,13,12,6,1,0,45,1,22,20,22020,4,2004,"2G2WP5224411","2","G","2","W","P","5","2","2","4","4","1","1",0,0,0,"000000000","00000000000",0,0,0,1,0,0,0,0,0,0,0,50,0,0,0,12,6,2,12,0,0,0,1,45,29001,6,1,0,0,3,0,69,203,2,0,0,0,0,12,2015,12,2015,0,0,0,0,0,5,3,55,1,1,2,1,3,3,1,67,1,1,1,69,"777777777777","777777777777","777777777777",0,0
45,450009,3,3,1,6,1,7,13,12,6,1,0,45,1,23,481,23481,31,1997,"2GTEK19R6V15","2","G","T","E","K","1","9","R","6","V","1","5",0,0,0,"000000000","00000000000",0,0,0,1,0,0,0,0,0,0,0,50,0,0,0,3,4,5,12,0,0,0,1,45,29150,6,1,0,0,3,3,69,180,0,0,0,0,0,0,0,0,0,0,0,0,0,0,5,3,55,1,1,2,1,3,3,1,60,1,1,1,98,"777777777777","777777777777","777777777777",0,0
45,450010,1,1,1,6,1,12,50,8,0,1,0,45,1,49,40,49040,4,2011,"4T1BK3EKXBU1","4","T","1","B","K","3","E","K","X","B","U","1",0,0,0,"000000000","00000000000",0,0,0,1,0,0,0,0,0,0,0,20,0,0,0,12,4,5,8,0,0,0,1,45,29063,6,1,0,0,3,3,72,180,0,1,0,7,0,10,2012,7,2015,0,0,0,0,0,1,2,30,1,1,2,1,0,0,1,81,1,1,1,13,"777777777777","777777777777","777777777777",0,0
45,450011,1,2,1,7,1,13,17,12,6,1,0,45,1,7,25,7025,5,2011,"1B3CB3HA7BD2","1","B","3","C","B","3","H","A","7","B","D","2",0,0,0,"000000000","00000000000",0,0,0,1,0,0,0,0,0,0,0,30,0,0,0,12,6,2,12,0,0,0,1,45,29169,6,1,0,0,3,0,68,175,1,1,0,0,0,4,2012,4,2012,0,0,0,0,0,1,2,30,1,1,2,1,20,3,1,66,1,1,1,88,"777777777777","777777777777","777777777777",0,0
45,450011,2,2,1,7,1,13,17,12,6,1,0,45,2,98,703,98703,80,2009,"L8YTCKP779Y0","L","8","Y","T","C","K","P","7","7","9","Y","0",0,0,0,"000000000","00000000000",0,0,0,1,0,0,0,0,0,0,0,35,0,0,0,9,6,2,12,0,0,0,1,45,29169,6,1,0,0,3,0,68,180,0,0,0,0,0,0,0,0,0,3,39,0,0,0,1,2,30,1,1,2,1,20,3,1,17,1,1,1,89,"777777777777","777777777777","777777777777",1,0
45,450012,1,2,2,8,1,12,40,12,6,1,0,45,1,37,32,37032,6,2010,"5J6TF1H53AL0","5","J","6","T","F","1","H","5","3","A","L","0",0,0,0,"000000000","00000000000",0,0,0,1,0,0,0,0,0,0,0,5,0,0,0,9,6,2,12,0,0,0,1,45,29944,6,1,0,0,3,3,70,170,0,0,0,0,0,0,0,0,0,0,38,0,0,0,1,2,45,1,1,2,2,20,3,1,17,1,1,1,89,"777777777777","777777777777","777777777777",1,0
45,450012,2,2,1,8,1,12,40,12,6,1,0,45,1,82,881,82881,66,2000,"1FUPCSEB9YLF","1","F","U","P","C","S","E","B","9","Y","L","F",1,1,77,"777777777","77777777777",3,6,98,1,0,0,0,0,0,0,0,45,0,0,0,12,4,5,12,0,0,0,1,45,29810,6,1,6,3,3,0,69,243,0,0,0,1,0,1,2011,1,2011,0,0,0,0,0,2,2,45,1,1,2,2,0,0,1,66,1,1,1,88,"888888888888","777777777777","777777777777",0,0
45,450013,1,1,1,8,1,13,25,34,0,1,0,45,1,12,401,12401,14,1998,"1FMZU32E3WUC","1","F","M","Z","U","3","2","E","3","W","U","C",0,0,0,"000000000","00000000000",0,0,0,1,0,0,0,0,0,0,0,45,0,2,5,99,6,2,1,0,0,0,1,45,29829,6,1,0,0,3,0,69,160,0,0,0,0,0,0,0,0,0,4,58,0,0,0,1,2,45,2,2,2,1,0,0,14,13,1,1,4,1,"777777777777","777777777777","777777777777",1,0
45,450014,1,1,1,8,1,1,0,32,0,1,0,45,2,59,32,59032,4,1997,"JT8BH28FXV00","J","T","8","B","H","2","8","F","X","V","0","0",0,0,0,"000000000","00000000000",0,0,0,1,0,0,0,0,0,0,0,85,0,1,6,98,6,2,1,0,0,0,1,45,29229,1,1,5,0,2,0,73,285,1,10,1,1,0,3,2011,11,2015,3,0,0,0,0,1,2,55,4,1,2,1,0,0,14,13,1,1,4,1,"777777777777","777777777777","777777777777",1,1
45,450015,1,2,1,10,1,9,35,12,6,1,0,45,1,72,706,72706,80,2014,"1HD1MAL19EB8","1","H","D","1","M","A","L","1","9","E","B","8",0,0,0,"000000000","00000000000",0,0,0,1,0,0,0,0,0,0,0,45,0,0,0,12,6,2,12,0,0,0,1,45,29456,6,1,0,0,3,3,71,238,0,0,0,1,0,9,2012,9,2012,0,0,0,0,0,2,2,45,1,1,2,1,0,0,1,67,1,1,1,83,"777777777777","777777777777","777777777777",1,0
45,450015,2,2,1,10,1,9,35,12,6,1,0,45,1,54,35,54035,4,2007,"19UUA662X7A0","1","9","U","U","A","6","6","2","X","7","A","0",0,0,0,"000000000","00000000000",0,0,0,1,0,0,0,0,0,0,0,15,0,0,0,10,4,3,12,0,0,0,1,45,29406,6,1,0,0,3,0,69,150,2,2,0,0,0,6,2011,10,2015,0,38,0,0,0,1,2,45,1,1,2,1,20,3,11,15,1,1,1,82,"777777777777","777777777777","777777777777",0,0
45,450016,1,2,1,10,1,6,15,12,2,1,0,45,1,13,16,13016,6,2010,"2LMHJ5AT5ABJ","2","L","M","H","J","5","A","T","5","A","B","J",0,0,0,"000000000","00000000000",0,0,0,1,0,0,0,0,0,0,0,45,0,0,0,12,6,2,12,0,0,0,1,45,29706,6,1,0,0,3,3,69,175,0,1,0,1,0,6,2013,6,2014,0,0,0,0,0,1,2,55,3,2,2,2,0,0,14,62,1,1,1,51,"777777777777","777777777777","777777777777",0,0
45,450016,2,2,1,10,1,6,15,12,2,1,0,45,1,37,32,37032,4,2002,"1HGCG567X2A1","1","H","G","C","G","5","6","7","X","2","A","1",0,0,0,"000000000","00000000000",0,0,0,1,0,0,0,0,0,0,0,80,0,0,0,12,6,2,12,0,0,0,1,45,29055,6,1,6,0,3,0,67,160,1,4,0,1,0,9,2012,6,2015,3,28,0,0,0,1,2,55,2,2,2,2,0,0,14,10,1,1,2,50,"777777777777","777777777777","777777777777",1,1
45,450017,1,1,1,11,1,13,30,35,0,1,0,39,2,24,7,24007,4,2003,"1G8AJ52F03Z1","1","G","8","A","J","5","2","F","0","3","Z","1",0,0,0,"000000000","00000000000",0,0,0,1,0,0,0,0,0,0,0,55,0,0,0,12,6,2,42,0,0,1,1,39,44903,6,1,0,0,3,0,72,225,2,0,0,0,3,1,2012,8,2015,0,28,0,0,0,2,2,55,1,1,2,1,0,0,1,12,1,1,4,6,"777777777777","777777777777","777777777777",1,0
45,450018,1,2,2,13,1,13,0,12,6,1,0,45,1,18,2,18002,4,1997,"1G4HR52K7VH5","1","G","4","H","R","5","2","K","7","V","H","5",0,0,0,"000000000","00000000000",0,0,0,1,0,0,0,0,0,0,0,10,0,0,0,10,6,2,12,0,0,0,1,45,29673,6,1,0,0,3,0,68,165,0,0,0,0,0,0,0,0,0,0,38,0,0,0,1,2,45,1,1,2,1,20,3,11,15,1,1,1,82,"777777777777","777777777777","777777777777",1,0
45,450018,2,2,1,13,1,13,0,12,6,1,0,93,3,82,881,82881,66,2012,"1FVXA7003CDB","1","F","V","X","A","7","0","0","3","C","D","B",1,1,13,"0108832","130108832",3,6,1,1,0,0,0,0,0,0,0,45,0,0,0,12,6,2,12,0,0,0,1,13,30506,6,1,6,3,3,0,72,235,98,0,0,0,0,0,0,0,0,0,0,0,0,0,1,2,45,1,1,2,1,0,0,1,67,1,1,1,83,"888888888888","777777777777","777777777777",0,0
45,450019,1,2,1,14,1,11,20,12,6,1,0,45,3,87,884,87884,66,2004,"1XP5DB9X64D8","1","X","P","5","D","B","9","X","6","4","D","8",1,1,45,"0530523","450530523",3,6,8,1,0,0,0,0,0,0,0,35,0,0,0,12,6,2,12,0,0,0,1,45,29080,6,1,6,3,3,0,68,185,0,3,0,0,0,10,2013,10,2015,0,0,0,0,0,2,3,45,1,1,2,1,0,0,1,62,1,1,1,98,"888888888888","777777777777","777777777777",0,0
45,450019,2,2,2,14,1,11,20,12,6,1,0,12,1,12,402,12402,14,2014,"1FMCU0G97EUD","1","F","M","C","U","0","G","9","7","E","U","D",0,0,0,"000000000","00000000000",0,0,0,1,0,0,0,0,0,0,0,5,0,0,0,3,6,2,12,0,0,0,1,12,33541,6,1,0,0,3,3,63,999,0,0,0,0,0,0,0,0,0,0,38,0,0,0,2,2,45,1,1,2,1,0,0,12,10,1,1,2,98,"777777777777","777777777777","777777777777",1,0
45,450020,1,1,2,14,1,19,32,8,0,1,0,45,1,12,461,12461,21,1993,"1FBJS31HXPHA","1","F","B","J","S","3","1","H","X","P","H","A",0,0,0,"000000000","00000000000",0,0,0,1,0,0,0,0,0,0,0,55,0,0,0,2,4,3,8,0,0,0,1,45,29445,6,1,0,0,3,0,72,211,1,6,0,0,1,6,2011,8,2014,0,0,0,0,0,3,5,60,1,1,2,1,0,0,1,81,1,1,1,13,"777777777777","777777777777","777777777777",0,0
45,450021,1,1,1,14,1,18,15,8,0,1,1,45,1,19,20,19020,6,2006,"1GYEE6374602","1","G","Y","E","E","6","3","7","4","6","0","2",0,0,0,"000000000","00000000000",0,0,0,1,0,0,0,0,0,0,0,44,0,0,0,12,9,5,8,0,0,0,1,45,29842,6,1,0,0,3,0,71,215,2,4,0,4,1,2,2012,8,2014,0,0,0,0,0,1,2,55,1,1,2,1,0,0,1,80,1,1,1,13,"777777777777","777777777777","777777777777",0,0
45,450022,1,2,1,15,1,19,20,12,2,1,0,45,1,37,31,37031,2,1997,"1HGEJ722XVL0","1","H","G","E","J","7","2","2","X","V","L","0",0,0,0,"000000000","00000000000",0,0,0,1,0,0,0,0,0,0,0,55,0,0,0,12,6,2,12,0,0,0,1,45,29720,6,1,0,0,3,3,71,212,0,1,0,3,0,8,2012,8,2015,0,0,0,0,0,1,2,55,1,1,2,2,0,0,1,62,7,1,1,51,"777777777777","777777777777","777777777777",1,0
45,450022,2,2,3,15,1,19,20,12,2,1,0,45,1,37,32,37032,4,2003,"1HGCM66533A0","1","H","G","C","M","6","6","5","3","3","A","0",0,0,0,"000000000","00000000000",0,0,0,1,0,0,0,0,0,0,0,55,0,0,0,12,6,2,12,0,0,0,1,45,29058,6,1,0,0,3,0,66,134,3,4,0,4,1,7,2011,11,2015,0,28,0,0,0,1,2,55,1,1,2,2,0,0,6,10,1,1,2,50,"777777777777","777777777777","777777777777",0,0
45,450023,1,1,1,15,1,22,18,42,0,1,0,45,2,37,421,37421,15,2003,"2HKYF18543H5","2","H","K","Y","F","1","8","5","4","3","H","5",0,0,0,"000000000","00000000000",0,0,0,1,0,0,0,0,0,0,0,55,0,0,0,1,6,2,42,0,0,0,1,45,29607,6,1,0,0,3,0,67,200,4,2,0,1,2,1,2012,9,2014,0,0,0,0,0,2,2,55,1,1,2,2,0,0,1,12,1,1,4,6,"777777777777","777777777777","777777777777",1,0
45,450024,1,1,1,16,1,12,30,42,0,1,0,45,1,12,471,12471,30,1995,"1FTCR10A2STA","1","F","T","C","R","1","0","A","2","S","T","A",0,0,0,"000000000","00000000000",0,0,0,1,0,0,0,0,0,0,0,55,0,0,0,12,6,2,42,0,0,0,1,45,29655,6,1,0,0,3,0,75,175,0,1,0,0,0,2,2015,2,2015,4,0,0,0,0,1,2,55,3,2,2,1,0,0,14,13,1,1,4,6,"777777777777","777777777777","777777777777",1,0
45,450025,1,1,1,16,1,13,7,35,0,1,0,13,2,52,37,52037,1,1997,"4A3AX35GXVE0","4","A","3","A","X","3","5","G","X","V","E","0",0,0,0,"000000000","00000000000",0,0,0,1,0,0,0,0,0,0,0,55,0,0,0,12,6,2,42,0,0,0,1,45,29640,1,1,5,0,2,0,65,165,0,1,0,1,0,7,2015,11,2015,4,28,0,0,0,1,2,55,1,1,2,1,0,0,1,13,1,1,4,1,"777777777777","777777777777","777777777777",1,0