"STATE","ST_CASE","VEH_NO","VE_FORMS","NUMOCCS","DAY","MONTH","HOUR","MINUTE","HARM_EV","MAN_COLL","UNITTYPE","HIT_RUN","REG_STAT","OWNER","MAKE","MODEL","MAK_MOD","BODY_TYP","MOD_YEAR","VIN","VIN_1","VIN_2","VIN_3","VIN_4","VIN_5","VIN_6","VIN_7","VIN_8","VIN_9","VIN_10","VIN_11","VIN_12","TOW_VEH","J_KNIFE","MCARR_I1","MCARR_I2","MCARR_ID","GVWR","V_CONFIG","CARGO_BT","HAZ_INV","HAZ_PLAC","HAZ_ID","HAZ_CNO","HAZ_REL","BUS_USE","SPEC_USE","EMER_USE","TRAV_SP","UNDERIDE","ROLLOVER","ROLINLOC","IMPACT1","DEFORMED","TOWED","M_HARM","VEH_SC1","VEH_SC2","FIRE_EXP","DR_PRES","L_STATE","DR_ZIP","L_STATUS","L_TYPE","CDL_STAT","L_ENDORS","L_COMPL","L_RESTRI","DR_HGT","DR_WGT","PREV_ACC","PREV_SUS","PREV_DWI","PREV_SPD","PREV_OTH","FIRST_MO","FIRST_YR","LAST_MO","LAST_YR","SPEEDREL","DR_SF1","DR_SF2","DR_SF3","DR_SF4","VTRAFWAY","VNUM_LAN","VSPD_LIM","VALIGN","VPROFILE","VPAVETYP","VSURCOND","VTRAFCON","VTCONT_F","P_CRASH1","P_CRASH2","P_CRASH3","PCRASH4","PCRASH5","ACC_TYPE","TRLR1VIN","TRLR2VIN","TRLR3VIN","DEATHS","DR_DRINK"
45,450100,1,1,1,19,2,22,40,1,0,1,0,45,1,53,705,53705,80,2001,"JS1GN79A0121","J","S","1","G","N","7","9","A","0","1","2","1",0,0,0,"000000000","00000000000",0,0,0,1,0,0,0,0,0,0,0,70,0,0,0,0,6,2,31,0,0,0,1,45,29161,6,1,0,0,3,0,74,192,0,0,0,0,0,0,0,0,0,3,28,0,0,0,1,2,45,3,1,2,1,0,0,14,13,1,1,4,1,"777777777777","777777777777","777777777777",1,0
45,450101,1,1,1,22,2,11,40,42,0,1,0,45,2,14,6,14006,4,1997,"2MELM74W3VX7","2","M","E","L","M","7","4","W","3","V","X","7",0,0,0,"000000000","00000000000",0,0,0,1,0,0,0,0,0,0,0,65,0,1,5,12,6,2,1,0,0,0,1,45,29115,1,1,5,0,2,0,73,185,0,1,0,1,0,11,2012,3,2013,3,28,0,0,0,1,2,40,3,1,2,1,0,0,14,13,1,1,4,1,"777777777777","777777777777","777777777777",1,0
45,450102,1,3,2,24,2,12,10,12,6,1,0,45,1,12,481,12481,31,2008,"1FTPW12V38FA","1","F","T","P","W","1","2","V","3","8","F","A",0,0,0,"000000000","00000000000",0,0,0,1,0,0,0,0,0,0,0,50,0,0,0,9,6,2,12,0,0,0,1,45,29596,6,1,0,0,3,3,69,168,0,0,0,0,0,0,0,0,0,0,0,0,0,0,1,2,55,1,1,2,1,0,0,1,66,1,1,1,89,"777777777777","777777777777","777777777777",0,0
45,450102,2,3,1,24,2,12,10,12,6,1,0,45,3,82,981,82981,50,2016,"4UZABRDT1GCG","4","U","Z","A","B","R","D","T","1","G","C","G",0,0,77,"777777777","77777777777",3,21,22,1,0,0,0,0,1,2,0,35,0,0,0,9,4,5,12,0,0,0,1,45,29596,6,1,6,3,3,0,69,216,0,0,0,1,0,8,2014,8,2014,0,0,0,0,0,1,2,55,1,1,2,1,0,0,1,62,1,1,1,98,"777777777777","777777777777","777777777777",1,0
45,450102,3,3,1,24,2,12,10,12,6,1,0,45,2,49,40,49040,4,2010,"4T1BF3EK8AU5","4","T","1","B","F","3","E","K","8","A","U","5",0,0,0,"000000000","00000000000",0,0,0,1,0,0,0,0,0,0,0,50,0,0,0,12,4,3,12,0,0,0,1,45,29566,1,1,5,0,2,0,68,120,1,2,0,2,0,7,2013,2,2015,0,39,0,0,0,1,2,55,1,1,2,1,20,3,1,17,1,1,1,88,"777777777777","777777777777","777777777777",0,0
45,450103,1,1,1,25,2,5,30,35,0,1,0,45,1,13,12,13012,4,2002,"1LNHM87A72Y6","1","L","N","H","M","8","7","A","7","2","Y","6",0,0,0,"000000000","00000000000",0,0,0,1,0,0,0,0,0,0,0,70,0,2,2,12,6,2,35,0,0,0,1,45,29209,1,1,5,0,2,0,72,175,0,2,0,0,1,9,2012,1,2013,4,39,0,0,0,1,2,55,1,1,2,1,40,1,1,13,7,1,4,1,"777777777777","777777777777","777777777777",1,1
45,450104,1,1,1,25,2,10,45,35,0,1,0,45,1,37,32,37032,4,1997,"1HGCD563XVA0","1","H","G","C","D","5","6","3","X","V","A","0",0,0,0,"000000000","00000000000",0,0,0,1,0,0,0,0,0,0,0,65,0,0,0,12,6,2,42,0,0,0,1,45,29684,6,1,0,0,3,0,69,240,0,0,0,0,0,0,0,0,0,4,28,0,0,0,1,2,55,1,1,2,1,0,0,1,13,1,1,4,1,"777777777777","777777777777","777777777777",1,0
45,450105,1,1,1,27,2,13,45,42,0,1,0,45,1,63,402,63402,14,2011,"5XYKT3A19BG1","5","X","Y","K","T","3","A","1","9","B","G","1",0,0,0,"000000000","00000000000",0,0,0,1,0,0,0,0,0,0,0,80,0,1,5,12,6,2,1,0,0,0,1,45,29720,6,1,0,0,3,0,68,145,0,0,0,1,0,6,2015,6,2015,3,28,0,0,0,1,2,45,1,1,2,1,0,0,1,12,1,1,4,6,"777777777777","777777777777","777777777777",1,1
45,450106,1,1,4,27,2,17,20,42,0,1,0,45,1,49,40,49040,4,2007,"4T1BE46K37U6","4","T","1","B","E","4","6","K","3","7","U","6",0,0,0,"000000000","00000000000",0,0,0,1,0,0,0,0,0,0,0,90,0,0,0,3,6,2,42,0,0,0,1,45,29118,6,1,0,0,3,0,68,240,0,1,0,1,1,6,2013,11,2015,3,28,0,0,0,1,2,45,2,1,2,1,0,0,14,13,1,1,4,1,"777777777777","777777777777","777777777777",2,1
45,450107,1,1,2,28,2,4,30,34,0,1,0,45,2,37,32,37032,4,2006,"1HGCM564X6A0","1","H","G","C","M","5","6","4","X","6","A","0",0,0,0,"000000000","00000000000",0,0,0,1,0,0,0,0,0,0,0,65,0,2,5,12,6,2,1,0,0,0,1,45,29205,6,1,0,0,3,0,77,270,3,1,0,2,0,8,2013,12,2015,0,0,0,0,0,2,2,55,1,1,2,1,0,0,1,13,1,9,4,1,"777777777777","777777777777","777777777777",1,1
45,450108,1,1,1,29,2,8,53,35,0,1,0,45,1,49,40,49040,4,1996,"4T1BF12K3TU8","4","T","1","B","F","1","2","K","3","T","U","8",0,0,0,"000000000","00000000000",0,0,0,1,0,0,0,0,0,0,0,60,0,0,0,12,6,2,42,0,0,0,1,45,29620,6,1,0,0,3,0,66,150,0,0,0,0,0,0,0,0,0,4,28,0,0,0,1,2,55,1,2,2,1,0,0,1,12,1,1,4,6,"777777777777","777777777777","777777777777",1,0
45,450109,1,2,1,4,1,13,25,12,6,1,0,45,1,12,461,12461,21,2003,"1FDRE14L13HB","1","F","D","R","E","1","4","L","1","3","H","B",0,0,0,"000000000","00000000000",0,0,0,1,0,0,0,0,0,0,0,35,0,0,0,12,6,2,12,0,0,0,1,45,29488,6,1,0,0,3,3,72,240,0,0,0,1,0,11,2014,11,2014,0,0,0,0,0,1,2,45,1,1,2,1,0,0,1,71,1,1,1,88,"777777777777","777777777777","777777777777",0,0
45,450109,2,2,2,4,1,13,25,12,6,1,0,45,2,14,6,14006,4,2001,"2MEFM75W21X6","2","M","E","F","M","7","5","W","2","1","X","6",0,0,0,"000000000","00000000000",0,0,0,1,0,0,0,0,0,0,0,20,0,0,0,9,6,2,12,0,0,0,1,45,29488,6,1,0,0,3,3,67,175,1,0,0,0,0,2,2015,2,2015,0,38,0,0,0,1,2,0,1,1,2,1,0,0,1,17,1,1,1,89,"777777777777","777777777777","777777777777",1,0
45,450110,1,2,1,10,1,23,11,12,2,1,0,45,1,42,31,42031,6,1995,"WDBEA92E3SF2","W","D","B","E","A","9","2","E","3","S","F","2",0,0,0,"000000000","00000000000",0,0,0,1,0,0,0,0,0,0,0,40,0,0,0,12,6,2,12,0,0,0,1,45,29520,6,1,0,0,3,3,72,160,0,1,0,0,0,9,2013,9,2013,0,0,0,0,0,1,2,40,1,1,8,1,0,0,1,62,1,1,1,51,"777777777777","777777777777","777777777777",1,0
45,450110,2,2,1,10,1,23,11,12,2,1,0,45,1,7,402,7402,14,2002,"1B4HR38N82F1","1","B","4","H","R","3","8","N","8","2","F","1",0,0,0,"000000000","00000000000",0,0,0,1,0,0,0,0,0,0,0,40,0,0,0,12,6,2,12,0,0,0,1,45,29412,6,1,0,0,3,0,72,160,1,4,0,1,0,12,2011,4,2015,0,28,0,0,0,1,2,40,1,1,8,1,0,0,1,10,1,1,2,50,"777777777777","777777777777","777777777777",0,0
45,450111,1,1,1,29,2,21,47,8,0,1,0,45,1,37,402,37402,14,2007,"5J6RE48507L0","5","J","6","R","E","4","8","5","0","7","L","0",0,0,0,"000000000","00000000000",0,0,0,1,0,0,0,0,0,0,0,55,0,0,0,12,6,5,8,0,0,0,1,45,29479,6,1,0,0,3,3,63,225,0,0,0,0,0,0,0,0,0,0,0,0,0,0,1,2,55,1,1,2,1,0,0,1,81,1,1,1,13,"777777777777","777777777777","777777777777",0,0
45,450112,1,1,1,1,3,18,45,8,0,1,0,47,4,35,47,35047,4,2015,"1N4AL3AP9FN3","1","N","4","A","L","3","A","P","9","F","N","3",0,0,0,"000000000","00000000000",0,0,0,1,0,0,0,0,0,0,0,40,0,0,0,12,6,2,8,0,0,0,1,45,29720,6,1,6,0,3,0,75,200,0,5,0,0,0,11,2011,4,2015,0,0,0,0,0,2,2,45,1,1,2,1,0,0,1,80,1,1,1,13,"777777777777","777777777777","777777777777",0,0
45,450113,1,1,1,1,3,18,8,9,0,1,0,45,1,37,32,37032,4,2011,"1HGCP3F83BA0","1","H","G","C","P","3","F","8","3","B","A","0",0,0,0,"000000000","00000000000",0,0,0,1,0,0,0,0,0,0,0,10,0,0,0,1,4,5,9,0,0,0,1,45,29707,6,1,0,0,3,3,63,150,0,1,0,0,0,11,2014,11,2014,0,0,0,0,0,1,2,20,1,1,8,1,0,0,1,81,1,1,1,13,"777777777777","777777777777","777777777777",0,0
45,450114,1,2,4,1,3,14,10,12,6,1,0,45,1,20,37,20037,4,2003,"1G1ND52J83M6","1","G","1","N","D","5","2","J","8","3","M","6",0,0,0,"000000000","00000000000",0,0,0,1,0,0,0,0,0,0,0,10,0,0,0,9,6,2,12,0,0,0,1,45,29678,6,1,0,0,3,3,67,140,0,0,0,0,0,0,0,0,0,0,38,0,0,0,1,2,55,1,1,2,1,0,0,4,17,1,1,1,89,"777777777777","777777777777","777777777777",1,0
45,450114,2,2,1,1,3,14,10,12,6,1,0,45,1,49,32,49032,4,2010,"JTDBU4EE7AJ0","J","T","D","B","U","4","E","E","7","A","J","0",0,0,0,"000000000","00000000000",0,0,0,1,0,0,0,0,0,0,0,50,0,0,0,12,6,2,12,0,0,0,1,45,29682,1,1,5,0,2,0,72,175,1,0,0,1,0,12,2013,11,2014,0,0,0,0,0,2,2,55,1,1,2,1,0,0,1,71,1,1,1,88,"777777777777","777777777777","777777777777",0,0
45,450115,1,3,1,2,3,22,45,12,6,1,0,45,2,53,705,53705,80,2003,"JS1GN7BA8321","J","S","1","G","N","7","B","A","8","3","2","1",0,0,0,"000000000","00000000000",0,0,0,1,0,0,0,0,0,0,0,60,0,0,0,12,6,2,12,0,0,0,1,45,29526,6,1,0,0,3,0,69,210,2,0,0,4,0,5,2012,1,2016,0,39,0,0,0,2,4,45,1,1,2,1,3,3,1,66,1,1,1,83,"777777777777","777777777777","777777777777",1,1
45,450115,2,3,1,2,3,22,45,12,6,1,0,45,1,20,403,20403,14,2007,"1GNES13M0722","1","G","N","E","S","1","3","M","0","7","2","2",0,0,0,"000000000","00000000000",0,0,0,1,0,0,0,0,0,0,0,20,0,0,0,2,6,2,12,0,0,0,1,45,29440,6,1,0,0,3,0,72,200,0,2,0,0,0,8,2013,12,2015,0,38,0,0,0,2,4,45,1,1,2,1,3,3,11,15,1,1,1,82,"777777777777","777777777777","777777777777",0,0
45,450115,3,3,3,2,3,22,45,12,6,1,0,45,1,7,20,7020,4,2003,"1B3ES56C53D1","1","B","3","E","S","5","6","C","5","3","D","1",0,0,0,"000000000","00000000000",0,0,0,1,0,0,0,0,0,0,0,0,0,0,0,13,0,5,18,0,0,0,1,45,29577,6,1,0,0,3,0,64,130,1,2,0,0,0,2,2012,1,2015,0,0,0,0,0,2,4,35,1,1,2,1,3,3,5,90,1,1,1,98,"777777777777","777777777777","777777777777",0,0
45,450116,1,2,1,13,1,14,40,12,6,1,0,45,1,37,37,37037,5,2010,"JHMZE2H78AS0","J","H","M","Z","E","2","H","7","8","A","S","0",0,0,0,"000000000","00000000000",0,0,0,1,0,0,0,0,0,0,0,35,0,0,0,12,6,2,12,0,0,0,1,45,29655,6,1,0,0,3,0,61,131,0,0,0,0,0,0,0,0,0,0,0,0,0,0,1,2,45,1,1,8,1,0,0,1,70,1,1,1,88,"777777777777","777777777777","777777777777",1,0
45,450116,2,2,1,13,1,14,40,12,6,1,0,45,1,51,881,51881,66,2004,"4V4NC9GH64N3","4","V","4","N","C","9","G","H","6","4","N","3",1,1,77,"777777777","77777777777",3,6,10,1,0,0,0,0,0,0,0,15,0,0,0,61,0,5,12,0,0,0,1,45,29835,6,1,6,0,3,0,72,220,0,1,0,0,0,10,2015,10,2015,0,38,0,0,0,1,2,45,1,1,8,1,0,0,4,66,1,1,1,89,"888888888888","777777777777","777777777777",0,0
45,450117,1,2,1,2,3,15,0,12,6,1,0,45,1,49,46,49046,5,2011,"JTDKN3DU5B02","J","T","D","K","N","3","D","U","5","B","0","2",0,0,0,"000000000","00000000000",0,0,0,1,0,0,0,0,0,0,0,45,0,0,0,12,6,2,12,0,0,0,1,45,29582,6,1,0,0,3,0,63,120,0,0,0,0,0,0,0,0,0,0,0,0,0,0,1,2,45,1,1,2,1,0,0,1,62,1,1,1,65,"777777777777","777777777777","777777777777",0,0
45,450117,2,2,2,2,3,15,0,12,6,1,0,37,2,19,3,19003,4,2000,"1G6KD54Y5YU3","1","G","6","K","D","5","4","Y","5","Y","U","3",0,0,0,"000000000","00000000000",0,0,0,1,0,0,0,0,0,0,0,55,0,0,0,3,6,2,12,0,0,0,1,45,29526,1,1,0,0,2,0,69,190,0,7,1,0,1,11,2011,2,2015,0,8,0,0,0,1,2,45,1,1,2,1,0,0,1,6,8,9,2,64,"777777777777","777777777777","777777777777",2,1
45,450118,1,1,5,2,3,22,5,8,0,1,0,45,1,18,24,18024,6,2012,"5GAKRDED4CJ3","5","G","A","K","R","D","E","D","4","C","J","3",0,0,0,"000000000","00000000000",0,0,0,1,0,0,0,0,0,0,0,55,0,0,0,2,6,2,8,0,0,0,1,45,29316,6,1,0,0,3,3,63,162,0,0,0,0,0,0,0,0,0,0,0,0,0,0,3,4,55,1,1,2,1,0,0,1,80,1,1,2,13,"777777777777","777777777777","777777777777",0,0
45,450119,1,1,1,3,3,1,30,24,0,1,0,13,1,49,40,49040,4,2007,"4T1BK46K87U0","4","T","1","B","K","4","6","K","8","7","U","0",0,0,0,"000000000","00000000000",0,0,0,1,0,0,0,0,0,0,0,80,0,0,0,4,6,2,42,0,0,0,1,13,31326,6,1,0,0,3,0,63,145,98,0,0,1,0,7,2013,7,2013,3,28,0,0,0,2,2,55,3,1,2,1,0,0,14,13,1,1,4,1,"777777777777","777777777777","777777777777",1,1
45,450120,1,1,1,4,3,14,20,24,0,1,0,45,2,22,18,22018,4,2003,"1G2NV52E93M5","1","G","2","N","V","5","2","E","9","3","M","5",0,0,0,"000000000","00000000000",0,0,0,1,0,0,0,0,0,0,0,90,0,0,0,12,6,2,24,0,0,0,1,45,29356,6,1,0,0,3,3,66,180,0,0,0,2,0,6,2015,8,2015,3,0,0,0,0,3,2,70,1,1,2,1,0,0,1,10,1,1,4,1,"777777777777","777777777777","777777777777",1,0
45,450121,1,2,1,4,3,17,12,12,2,1,0,45,1,20,39,20039,4,2009,"KL1TG56E89B6","K","L","1","T","G","5","6","E","8","9","B","6",0,0,0,"000000000","00000000000",0,0,0,1,0,0,0,0,0,0,0,55,0,0,0,12,6,2,12,0,0,0,1,45,29835,6,1,0,0,3,3,68,150,0,0,0,0,0,0,0,0,0,0,0,0,0,0,1,2,55,1,1,2,1,0,0,1,62,1,1,1,51,"777777777777","777777777777","777777777777",0,0
45,450121,2,2,1,4,3,17,12,12,2,1,0,45,1,49,32,49032,4,2008,"1NXBR32E38Z0","1","N","X","B","R","3","2","E","3","8","Z","0",0,0,0,"000000000","00000000000",0,0,0,1,0,0,0,0,0,0,0,55,0,0,0,12,6,2,12,0,0,0,1,45,29653,6,1,0,0,3,0,73,225,0,0,0,0,0,0,0,0,0,0,28,0,0,0,1,2,55,1,1,2,1,0,0,1,10,1,1,2,50,"777777777777","777777777777","777777777777",1,0
45,450122,1,2,1,4,3,17,33,12,6,1,0,45,2,7,482,7482,31,1998,"1B7HC13Y1WJ2","1","B","7","H","C","1","3","Y","1","W","J","2",0,0,0,"000000000","00000000000",0,0,0,1,0,0,0,0,0,0,0,999,0,0,0,3,6,2,12,0,0,0,1,45,29115,6,1,0,0,3,3,72,195,2,2,0,2,2,9,2011,1,2014,0,38,0,0,0,2,2,60,1,1,2,1,20,3,4,66,1,1,1,87,"777777777777","777777777777","777777777777",1,0
45,450122,2,2,1,4,3,17,33,12,6,1,0,45,3,7,24,7024,4,2012,"2C3CDXAT9CH1","2","C","3","C","D","X","A","T","9","C","H","1",0,0,0,"000000000","00000000000",0,0,0,1,0,0,0,0,0,0,0,999,0,0,0,12,6,2,12,0,0,0,1,45,29118,6,1,0,0,3,0,72,175,3,1,0,0,0,8,2011,10,2014,0,0,0,0,0,2,2,60,1,1,2,1,0,0,1,66,1,1,1,86,"777777777777","777777777777","777777777777",0,0
45,450123,1,1,1,23,1,2,8,23,0,1,0,48,2,14,401,14401,14,2000,"4M2DU66P3YUJ","4","M","2","D","U","6","6","P","3","Y","U","J",0,0,0,"000000000","00000000000",0,0,0,1,0,0,0,0,0,0,0,55,0,1,5,2,6,2,43,0,0,0,1,45,29464,6,1,0,0,3,0,70,150,0,1,0,0,0,7,2014,7,2014,4,0,0,0,0,3,2,55,1,2,1,2,0,0,1,13,1,1,4,1,"777777777777","777777777777","777777777777",1,1
45,450124,1,3,1,7,2,10,52,12,6,1,0,45,1,7,42,7042,2,1996,"4B3AU42Y2TE3","4","B","3","A","U","4","2","Y","2","T","E","3",0,0,0,"000000000","00000000000",0,0,0,1,0,0,0,0,0,0,0,55,0,0,0,9,6,2,12,0,0,0,1,45,29745,6,1,0,0,3,0,65,160,0,0,0,0,0,0,0,0,0,0,39,0,0,0,2,2,55,1,1,2,1,3,3,1,17,1,1,1,89,"777777777777","777777777777","777777777777",1,0
45,450124,2,3,1,7,2,10,52,12,6,1,0,37,1,49,403,49403,14,2013,"5TDZK3EH4DS1","5","T","D","Z","K","3","E","H","4","D","S","1",0,0,0,"000000000","00000000000",0,0,0,1,0,0,0,0,0,0,0,40,0,0,0,12,6,2,12,0,0,0,1,37,28277,6,1,0,0,3,3,65,999,0,0,0,0,0,0,0,0,0,0,0,0,0,0,5,2,45,1,1,2,1,3,3,1,66,1,1,1,88,"777777777777","777777777777","777777777777",0,0
45,450124,3,3,3,7,2,10,52,12,6,1,0,45,1,55,401,55401,14,2011,"5XYZK4AG1BG0","5","X","Y","Z","K","4","A","G","1","B","G","0",0,0,0,"000000000","00000000000",0,0,0,1,0,0,0,0,0,0,0,0,0,0,0,10,6,2,12,0,0,0,1,45,29715,6,1,0,0,3,3,73,230,0,0,0,0,0,0,0,0,0,0,0,0,0,0,5,2,45,1,1,2,1,3,3,5,62,1,1,1,98,"777777777777","777777777777","777777777777",0,0
45,450125,1,2,1,18,2,18,5,12,2,1,0,45,1,73,706,73706,80,2011,"JKBVNRJ13BA0","J","K","B","V","N","R","J","1","3","B","A","0",0,0,0,"000000000","00000000000",0,0,0,1,0,0,0,0,0,0,0,55,0,0,0,12,6,2,12,0,0,0,1,45,29475,6,1,0,0,3,0,71,215,1,2,0,0,0,9,2013,6,2015,0,0,0,0,0,1,2,55,1,1,2,1,0,0,1,67,1,1,1,69,"777777777777","777777777777","777777777777",1,0
45,450125,2,2,1,18,2,18,5,12,2,1,0,45,1,12,23,12023,4,2010,"3FAHP0HA2AR1","3","F","A","H","P","0","H","A","2","A","R","1",0,0,0,"000000000","00000000000",0,0,0,1,0,0,0,0,0,0,0,10,0,0,0,12,6,2,12,0,0,0,1,45,29475,6,1,6,3,3,0,68,268,2,1,0,1,0,11,2013,2,2016,0,38,0,0,0,1,2,55,1,1,2,1,0,0,11,15,1,1,1,68,"777777777777","777777777777","777777777777",0,0
45,450126,1,4,1,19,2,17,54,12,1,1,0,45,1,49,32,49032,4,2001,"1NXBR12E61Z4","1","N","X","B","R","1","2","E","6","1","Z","4",0,0,0,"000000000","00000000000",0,0,0,1,0,0,0,0,0,0,0,0,0,0,0,6,6,2,12,0,0,0,1,45,29414,6,1,0,0,3,3,62,215,0,1,0,0,0,1,2014,1,2014,0,0,0,0,0,5,3,55,1,1,8,1,3,3,5,53,1,1,1,98,"777777777777","777777777777","777777777777",0,0
45,450126,2,4,3,19,2,17,54,12,1,1,0,45,1,20,37,20037,4,1998,"1G1NE52M4WY1","1","G","1","N","E","5","2","M","4","W","Y","1",0,0,0,"000000000","00000000000",0,0,0,1,0,0,0,0,0,0,0,0,0,0,0,6,6,2,12,0,0,0,1,45,29485,6,1,0,0,3,0,71,160,1,2,0,0,0,10,2013,8,2014,0,0,0,0,0,5,3,55,1,1,8,1,3,3,5,53,1,1,1,21,"777777777777","777777777777","777777777777",1,0
45,450126,3,4,1,19,2,17,54,12,1,1,0,45,2,63,34,63034,4,2015,"5XXGN4A78FG3","5","X","X","G","N","4","A","7","8","F","G","3",0,0,0,"000000000","00000000000",0,0,0,1,0,0,0,0,0,0,0,0,0,0,0,6,4,3,12,0,0,0,1,45,29455,0,0,0,0,0,0,999,999,99,99,99,99,99,99,9999,99,9999,0,0,0,0,0,5,3,55,1,1,8,1,3,3,5,53,1,1,1,98,"777777777777","777777777777","777777777777",0,0
45,450126,4,4,1,19,2,17,54,12,1,1,0,45,1,23,8,23008,6,2011,"1GKKRRED4BJ1","1","G","K","K","R","R","E","D","4","B","J","1",0,0,0,"000000000","00000000000",0,0,0,1,0,0,0,0,0,0,0,55,0,0,0,12,6,2,12,0,0,0,1,45,29466,6,1,0,0,3,3,73,270,3,1,0,0,0,11,2013,10,2015,4,8,26,0,0,5,3,55,1,1,8,1,3,3,1,50,1,1,1,20,"777777777777","777777777777","777777777777",0,0
45,450127,1,1,1,21,2,14,55,34,0,1,0,45,2,39,32,39032,2,2000,"1HGCG2258YA0","1","H","G","C","G","2","2","5","8","Y","A","0",0,0,0,"000000000","00000000000",0,0,0,1,0,0,0,0,0,0,0,60,0,2,5,10,6,2,1,0,0,0,1,45,29456,6,1,0,0,3,0,72,233,0,0,0,0,0,0,0,0,0,4,8,58,0,0,1,2,45,1,1,8,1,0,0,1,13,1,1,4,1,"777777777777","777777777777","777777777777",1,1
45,450128,1,2,1,5,3,9,35,12,2,1,0,26,3,85,884,85884,66,2015,"1XKYD49X0FJ4","1","X","K","Y","D","4","9","X","0","F","J","4",1,1,26,"0296052","260296052",3,6,1,1,0,0,0,0,0,0,0,55,0,0,0,12,6,2,12,0,0,0,1,47,37660,6,1,6,3,3,3,67,204,0,0,0,0,0,0,0,0,0,0,0,0,0,0,1,2,55,1,1,2,1,0,0,1,62,1,1,1,51,"888888888888","777777777777","777777777777",0,0
45,450128,2,2,1,5,3,9,35,12,2,1,0,45,2,6,442,6442,20,2001,"1C4GJ45381B2","1","C","4","G","J","4","5","3","8","1","B","2",0,0,0,"000000000","00000000000",0,0,0,1,0,0,0,0,0,0,0,55,0,0,0,12,6,2,12,0,0,0,1,45,29710,6,1,0,0,3,0,72,170,1,0,0,1,0,10,2012,5,2014,0,28,0,0,0,1,2,55,1,1,2,1,0,0,1,10,1,1,2,50,"777777777777","777777777777","777777777777",1,1
45,450129,1,1,3,5,3,13,35,9,0,1,0,37,1,12,481,12481,31,2012,"1FT8W3CT0CEB","1","F","T","8","W","3","C","T","0","C","E","B",0,0,0,"000000000","00000000000",0,0,0,1,0,0,0,0,0,0,0,50,0,0,0,8,4,5,9,0,0,0,1,37,27249,6,1,0,0,3,0,999,999,99,99,99,99,99,99,9999,99,9999,0,0,0,0,0,2,2,55,1,1,2,1,0,0,1,84,1,1,1,13,"777777777777","777777777777","777777777777",0,0
45,450130,1,1,1,6,3,1,45,8,0,1,0,45,1,2,404,2404,14,2000,"1J4G258N3YC3","1","J","4","G","2","5","8","N","3","Y","C","3",0,0,0,"000000000","00000000000",0,0,0,1,0,0,0,0,0,0,0,60,0,0,0,12,6,2,8,0,0,0,1,45,29625,6,1,0,0,3,3,66,200,1,3,0,3,0,7,2011,10,2015,0,0,0,0,0,3,3,60,1,1,2,1,0,0,1,80,1,1,1,13,"777777777777","777777777777","777777777777",0,0
45,450131,1,1,1,6,3,3,0,1,0,1,0,45,2,49,51,49051,4,2010,"JTDBT4K38A40","J","T","D","B","T","4","K","3","8","A","4","0",0,0,0,"000000000","00000000000",0,0,0,1,0,0,0,0,0,0,0,90,0,2,5,0,6,2,31,0,0,0,1,45,29662,6,1,0,0,3,3,62,165,0,1,0,3,0,5,2012,7,2014,4,0,0,0,0,3,3,70,1,1,2,2,0,0,1,13,1,9,4,5,"777777777777","777777777777","777777777777",1,1
45,450132,1,1,2,6,3,4,4,42,0,1,0,45,2,20,9,20009,2,2011,"2G1FB3DD2B92","2","G","1","F","B","3","D","D","2","B","9","2",0,0,0,"000000000","00000000000",0,0,0,1,0,0,0,0,0,0,0,999,0,0,0,12,6,2,42,0,0,0,1,45,29063,6,1,0,0,3,0,75,188,1,0,0,0,0,8,2015,8,2015,0,39,0,0,0,1,2,25,4,1,2,1,20,3,1,12,1,9,4,6,"777777777777","777777777777","777777777777",1,1
45,450133,1,2,1,6,3,17,50,12,6,1,0,45,3,98,998,98998,92,9999,"999999999999","9","9","9","9","9","9","9","9","9","9","9","9",0,0,0,"000000000","00000000000",0,0,0,1,0,0,0,0,0,0,0,10,0,0,0,3,0,5,12,0,0,0,1,45,29642,1,1,5,0,2,0,72,200,2,2,0,0,1,1,2016,3,2016,0,38,0,0,0,1,2,45,1,1,2,1,0,0,11,15,1,1,1,68,"777777777777","777777777777","777777777777",0,0
45,450133,2,2,1,6,3,17,50,12,6,1,0,45,2,53,704,53704,80,2007,"JS1GN7DA4721","J","S","1","G","N","7","D","A","4","7","2","1",0,0,0,"000000000","00000000000",0,0,0,1,0,0,0,0,0,0,0,45,0,0,0,12,6,2,12,0,0,0,1,45,29642,0,0,0,0,0,0,69,145,1,0,0,0,1,7,2012,7,2012,0,0,0,0,0,1,2,45,1,1,2,1,0,0,1,67,1,1,1,69,"777777777777","777777777777","777777777777",1,0
45,450134,1,3,1,6,3,19,10,12,8,1,0,45,2,37,31,37031,4,2009,"2HGFA16599H5","2","H","G","F","A","1","6","5","9","9","H","5",0,0,0,"000000000","00000000000",0,0,0,1,0,0,0,0,0,0,0,40,0,0,0,9,6,2,12,0,0,0,1,45,29148,6,1,0,0,3,0,70,200,1,2,0,1,0,10,2011,6,2014,0,0,0,0,0,2,2,45,1,1,2,1,0,0,1,61,1,1,1,98,"777777777777","777777777777","777777777777",0,0
45,450134,2,3,1,6,3,19,10,12,8,1,0,45,1,20,481,20481,31,2010,"1GCSCSE01AZ1","1","G","C","S","C","S","E","0","1","A","Z","1",0,0,0,"000000000","00000000000",0,0,0,1,0,0,0,0,0,0,0,40,0,0,0,10,6,2,12,0,0,0,1,45,29148,6,1,0,0,3,0,65,177,0,0,0,0,0,0,0,0,0,0,0,0,0,0,2,2,45,1,1,2,1,0,0,1,62,1,1,1,65,"777777777777","777777777777","777777777777",0,0