"STATE","ST_CASE","VEH_NO","VE_FORMS","NUMOCCS","DAY","MONTH","HOUR","MINUTE","HARM_EV","MAN_COLL","UNITTYPE","HIT_RUN","REG_STAT","OWNER","MAKE","MODEL","MAK_MOD","BODY_TYP","MOD_YEAR","VIN","VIN_1","VIN_2","VIN_3","VIN_4","VIN_5","VIN_6","VIN_7","VIN_8","VIN_9","VIN_10","VIN_11","VIN_12","TOW_VEH","J_KNIFE","MCARR_I1","MCARR_I2","MCARR_ID","GVWR","V_CONFIG","CARGO_BT","HAZ_INV","HAZ_PLAC","HAZ_ID","HAZ_CNO","HAZ_REL","BUS_USE","SPEC_USE","EMER_USE","TRAV_SP","UNDERIDE","ROLLOVER","ROLINLOC","IMPACT1","DEFORMED","TOWED","M_HARM","VEH_SC1","VEH_SC2","FIRE_EXP","DR_PRES","L_STATE","DR_ZIP","L_STATUS","L_TYPE","CDL_STAT","L_ENDORS","L_COMPL","L_RESTRI","DR_HGT","DR_WGT","PREV_ACC","PREV_SUS","PREV_DWI","PREV_SPD","PREV_OTH","FIRST_MO","FIRST_YR","LAST_MO","LAST_YR","SPEEDREL","DR_SF1","DR_SF2","DR_SF3","DR_SF4","VTRAFWAY","VNUM_LAN","VSPD_LIM","VALIGN","VPROFILE","VPAVETYP","VSURCOND","VTRAFCON","VTCONT_F","P_CRASH1","P_CRASH2","P_CRASH3","PCRASH4","PCRASH5","ACC_TYPE","TRLR1VIN","TRLR2VIN","TRLR3VIN","DEATHS","DR_DRINK"
45,450134,3,3,1,6,3,19,10,12,8,1,0,45,1,35,47,35047,4,2005,"1N4BL11D35C2","1","N","4","B","L","1","1","D","3","5","C","2",0,0,0,"000000000","00000000000",0,0,0,1,0,0,0,0,0,0,0,70,0,0,0,9,6,2,12,0,0,0,1,45,29148,6,1,0,0,3,0,66,200,0,0,0,1,0,1,2012,1,2012,3,27,28,0,0,2,2,45,1,1,2,1,0,0,1,10,1,1,2,64,"777777777777","777777777777","777777777777",1,1
45,450135,1,2,1,13,2,10,50,12,6,1,0,1,1,7,28,7028,2,2010,"2B3CJ5DT5AH1","2","B","3","C","J","5","D","T","5","A","H","1",0,0,0,"000000000","00000000000",0,0,0,1,0,0,0,0,0,0,0,90,0,0,0,12,6,2,12,0,0,0,1,1,35215,6,1,0,0,3,3,70,140,0,0,0,0,0,0,0,0,0,3,8,0,0,0,2,3,45,3,1,2,1,0,0,14,67,6,1,2,83,"777777777777","777777777777","777777777777",0,0
45,450135,2,2,1,13,2,10,50,12,6,1,0,45,1,7,442,7442,20,2006,"2D4GP44L16R7","2","D","4","G","P","4","4","L","1","6","R","7",0,0,0,"000000000","00000000000",0,0,0,1,0,0,0,0,0,0,0,10,0,0,0,10,6,2,12,0,0,0,1,45,29445,6,1,0,0,3,0,63,133,0,0,0,0,0,0,0,0,0,0,0,0,0,0,1,2,98,1,1,2,1,0,0,11,15,1,1,1,82,"777777777777","777777777777","777777777777",1,0
45,450136,1,2,3,17,2,15,6,12,2,1,0,45,2,7,482,7482,31,2012,"1C6RD6MTXCS1","1","C","6","R","D","6","M","T","X","C","S","1",0,0,0,"000000000","00000000000",0,0,0,1,0,0,0,0,0,0,0,47,0,0,0,12,6,2,12,0,0,0,1,45,29640,6,1,0,0,3,0,70,220,3,0,0,0,2,9,2011,2,2015,0,28,0,0,0,1,2,35,3,1,2,1,0,0,14,62,99,9,2,50,"777777777777","777777777777","777777777777",0,0
45,450136,2,2,1,17,2,15,6,12,2,1,0,45,1,20,37,20037,4,2015,"1G11B5SL3FF2","1","G","1","1","B","5","S","L","3","F","F","2",0,0,0,"000000000","00000000000",0,0,0,1,0,0,0,0,0,0,0,47,0,0,0,12,6,2,12,0,0,0,1,45,29640,6,1,0,0,3,0,62,315,3,1,0,2,1,7,2011,12,2015,0,28,0,0,0,1,2,35,2,1,2,1,0,0,14,62,99,9,2,51,"777777777777","777777777777","777777777777",1,0
45,450137,1,2,2,4,3,15,0,12,2,1,0,45,1,35,51,35051,6,2012,"JN8AS5MT4CW2","J","N","8","A","S","5","M","T","4","C","W","2",0,0,0,"000000000","00000000000",0,0,0,1,0,0,0,0,0,0,0,76,0,0,0,12,6,2,12,0,0,0,1,45,29229,6,1,0,0,3,3,65,155,0,0,0,1,0,1,2015,1,2015,3,8,58,0,0,2,2,35,1,2,2,1,0,0,1,10,1,9,2,50,"777777777777","777777777777","777777777777",1,0
45,450137,2,2,1,4,3,15,0,12,2,1,0,45,1,35,47,35047,2,2011,"1N4BL2EP6BC1","1","N","4","B","L","2","E","P","6","B","C","1",0,0,0,"000000000","00000000000",0,0,0,1,0,0,0,0,0,0,0,35,0,0,0,12,6,2,12,0,0,0,1,45,29440,6,1,0,0,3,0,64,115,1,0,0,2,0,3,2014,7,2015,0,0,0,0,0,2,2,35,1,2,2,1,0,0,1,62,1,1,1,51,"777777777777","777777777777","777777777777",0,0
45,450138,1,2,1,7,3,8,0,12,2,1,0,45,3,20,461,20461,21,2003,"1GCHG35U7311","1","G","C","H","G","3","5","U","7","3","1","1",0,0,0,"000000000","00000000000",0,0,0,1,0,0,0,0,0,0,0,55,0,1,1,12,6,2,12,0,0,1,1,45,29720,6,1,0,0,3,3,68,244,3,0,0,0,2,7,2011,7,2015,0,28,0,0,0,1,2,55,2,2,2,1,0,0,14,10,1,1,2,50,"777777777777","777777777777","777777777777",1,0
45,450138,2,2,1,7,3,8,0,12,2,1,0,45,2,98,804,98804,66,2003,"5KJJABAV93PL","5","K","J","J","A","B","A","V","9","3","P","L",1,1,77,"777777777","77777777777",3,6,10,1,0,0,0,0,0,0,0,55,0,0,0,12,6,2,12,0,0,0,1,45,29710,6,1,6,3,3,0,74,229,0,0,0,0,0,0,0,0,0,0,0,0,0,0,1,2,55,3,2,2,1,0,0,14,62,1,1,1,51,"888888888888","777777777777","777777777777",1,0
45,450139,1,2,1,7,3,22,25,12,1,1,0,45,1,98,709,98709,81,2014,"999999999999","9","9","9","9","9","9","9","9","9","9","9","9",0,0,0,"000000000","00000000000",0,0,0,1,0,0,0,0,0,0,0,30,0,0,0,6,6,2,12,0,0,0,1,45,29407,1,1,5,0,2,0,64,170,0,1,0,0,0,4,2014,4,2014,0,0,0,0,0,2,3,50,1,1,2,1,0,0,1,53,1,1,1,25,"777777777777","777777777777","777777777777",1,1
45,450139,2,2,1,7,3,22,25,12,1,1,1,45,2,7,41,7041,4,2001,"2B3HD46R61H5","2","B","3","H","D","4","6","R","6","1","H","5",0,0,0,"000000000","00000000000",0,0,0,1,0,0,0,0,0,0,0,60,0,0,0,12,9,5,12,0,0,0,1,99,99999,9,9,99,9,9,9,999,999,99,99,99,99,99,99,9999,99,9999,0,26,0,0,0,2,3,50,1,1,2,1,0,0,1,51,99,9,1,24,"777777777777","777777777777","777777777777",0,0
45,450140,1,2,2,9,3,7,20,12,6,1,0,45,1,12,481,12481,31,2001,"1FTZX17261NC","1","F","T","Z","X","1","7","2","6","1","N","C",0,0,0,"000000000","00000000000",0,0,0,1,0,0,0,0,0,0,0,45,0,0,0,12,6,2,12,0,0,0,1,45,29059,6,1,6,3,3,0,62,180,0,0,0,0,0,0,0,0,0,0,0,0,0,0,1,2,55,1,1,2,1,0,0,1,66,1,1,1,88,"777777777777","777777777777","777777777777",0,0
45,450140,2,2,1,9,3,7,20,12,6,1,0,45,1,20,37,20037,4,2000,"1G1NE52J0Y61","1","G","1","N","E","5","2","J","0","Y","6","1",0,0,0,"000000000","00000000000",0,0,0,1,0,0,0,0,0,0,0,45,0,1,5,9,6,2,1,0,0,0,1,45,29039,6,1,0,0,3,3,62,185,1,0,0,1,0,11,2015,1,2016,0,39,0,0,0,1,2,55,1,1,2,1,20,3,1,17,1,1,1,89,"777777777777","777777777777","777777777777",1,0
45,450141,1,2,1,9,3,14,55,12,6,1,0,45,1,23,481,23481,31,1994,"2GTEC19K7R15","2","G","T","E","C","1","9","K","7","R","1","5",0,0,0,"000000000","00000000000",0,0,0,1,0,0,0,0,0,0,0,15,0,0,0,12,0,5,12,0,0,0,1,45,29730,6,1,0,0,3,0,62,172,0,0,0,0,0,0,0,0,0,0,38,0,0,0,2,2,35,1,1,2,1,0,0,11,15,1,1,1,68,"777777777777","777777777777","777777777777",0,0
45,450141,2,2,1,9,3,14,55,12,6,1,0,45,1,53,706,53706,80,2001,"JS1VS54A2121","J","S","1","V","S","5","4","A","2","1","2","1",0,0,0,"000000000","00000000000",0,0,0,1,0,0,0,0,0,0,0,35,0,0,0,9,6,2,12,0,0,0,1,45,29730,6,1,0,0,3,0,62,320,0,1,0,0,0,8,2011,8,2011,0,0,0,0,0,2,2,35,1,1,2,1,0,0,1,67,1,1,1,69,"777777777777","777777777777","777777777777",1,0
45,450142,1,2,5,9,3,15,56,12,2,1,0,45,1,82,981,82981,50,2014,"4UZABRDT5ECF","4","U","Z","A","B","R","D","T","5","E","C","F",0,0,77,"777777777","77777777777",3,21,22,1,0,0,0,0,1,2,0,45,0,0,0,12,6,2,12,0,0,0,1,45,29646,6,1,6,3,3,3,66,241,1,0,0,0,0,12,2012,12,2012,0,0,0,0,0,1,2,45,2,2,2,1,0,0,14,62,1,1,1,51,"777777777777","777777777777","777777777777",0,0
45,450142,2,2,1,9,3,15,56,12,2,1,0,45,3,20,481,20481,31,2001,"2GCEK19TX113","2","G","C","E","K","1","9","T","X","1","1","3",0,0,0,"000000000","00000000000",0,0,0,1,0,0,0,0,0,0,0,45,0,0,0,12,6,2,12,0,0,0,1,45,29335,6,1,0,0,3,0,72,180,1,0,0,0,2,1,2012,7,2015,0,0,0,0,0,1,2,45,3,2,2,1,0,0,14,10,1,1,2,50,"777777777777","777777777777","777777777777",1,1
45,450143,1,1,1,20,2,16,48,34,0,1,0,45,1,49,40,49040,4,2012,"4T4BF1FK2CR2","4","T","4","B","F","1","F","K","2","C","R","2",0,0,0,"000000000","00000000000",0,0,0,1,0,0,0,0,0,0,0,60,0,2,5,12,6,2,1,0,0,0,1,45,29128,6,1,0,0,3,0,73,178,1,0,0,1,0,8,2012,10,2013,0,28,0,0,0,1,2,40,3,2,2,1,0,0,14,13,1,1,4,1,"777777777777","777777777777","777777777777",1,1
45,450144,1,2,2,10,3,19,58,12,6,1,0,45,1,55,402,55402,14,2007,"KM8JN12D17U6","K","M","8","J","N","1","2","D","1","7","U","6",0,0,0,"000000000","00000000000",0,0,0,1,0,0,0,0,0,0,0,40,0,0,0,12,6,2,12,0,0,0,1,45,29045,6,1,0,0,3,0,58,200,0,0,0,1,0,11,2013,11,2013,0,0,0,0,0,1,2,40,1,1,2,1,0,0,1,67,1,1,1,83,"777777777777","777777777777","777777777777",0,0
45,450144,2,2,1,10,3,19,58,12,6,1,0,45,1,49,40,49040,4,2014,"4T1BD1FK2EU1","4","T","1","B","D","1","F","K","2","E","U","1",0,0,0,"000000000","00000000000",0,0,0,1,0,0,0,0,0,0,0,25,0,0,0,10,6,2,12,0,0,0,1,45,29016,6,1,0,0,3,3,65,110,1,0,0,0,0,7,2014,7,2014,0,38,0,0,0,1,2,40,1,1,2,1,20,3,11,15,1,1,1,82,"777777777777","777777777777","777777777777",1,1
45,450145,1,1,1,10,3,0,45,42,0,1,0,45,1,18,7,18007,4,2003,"2G4WS52J7311","2","G","4","W","S","5","2","J","7","3","1","1",0,0,0,"000000000","00000000000",0,0,0,1,0,0,0,0,0,0,0,65,0,0,0,12,6,2,42,0,0,0,1,45,29645,6,1,0,0,3,0,64,138,0,1,1,0,0,7,2013,9,2013,3,28,0,0,0,1,2,35,4,1,2,1,0,0,14,13,1,1,4,1,"777777777777","777777777777","777777777777",1,0
45,450146,1,1,1,10,3,18,45,8,0,1,0,45,1,41,37,41037,4,2001,"1YVGF22E1152","1","Y","V","G","F","2","2","E","1","1","5","2",0,0,0,"000000000","00000000000",0,0,0,1,0,0,0,0,0,0,0,55,0,0,0,12,6,2,14,0,0,0,1,45,29585,1,1,5,0,2,0,67,175,1,3,0,5,2,9,2011,10,2015,3,0,0,0,0,1,2,25,1,1,2,1,0,0,1,80,1,1,1,13,"777777777777","777777777777","777777777777",0,0
45,450147,1,1,1,10,3,22,30,35,0,1,0,45,2,37,31,37031,4,2016,"19XFC1F49GE0","1","9","X","F","C","1","F","4","9","G","E","0",0,0,0,"000000000","00000000000",0,0,0,1,0,0,0,0,0,0,0,60,0,0,0,12,6,2,43,0,0,0,1,45,29472,6,1,0,0,3,0,68,140,0,3,0,0,0,7,2013,8,2013,3,28,0,0,0,1,2,40,3,2,2,1,0,0,14,13,1,1,4,1,"777777777777","777777777777","777777777777",1,1
45,450148,1,2,1,11,3,11,43,12,6,1,0,45,1,13,13,13013,4,2007,"3LNHM26TX7R6","3","L","N","H","M","2","6","T","X","7","R","6",0,0,0,"000000000","00000000000",0,0,0,1,0,0,0,0,0,0,0,10,0,0,0,5,6,2,12,0,0,0,1,45,29458,6,1,0,0,3,3,74,205,1,1,0,0,0,3,2011,6,2014,0,0,0,0,0,2,2,60,1,2,2,1,0,0,11,15,1,1,1,68,"777777777777","777777777777","777777777777",1,0
45,450148,2,2,1,11,3,11,43,12,6,1,0,45,1,12,3,12003,2,2005,"1ZVHT80N9552","1","Z","V","H","T","8","0","N","9","5","5","2",0,0,0,"000000000","00000000000",0,0,0,1,0,0,0,0,0,0,0,80,0,0,0,12,6,2,12,0,0,0,1,45,29115,1,1,5,0,2,0,72,215,0,7,0,4,2,10,2011,4,2015,0,8,0,0,0,2,2,60,1,2,2,1,0,0,1,66,1,1,1,69,"777777777777","777777777777","777777777777",0,0
45,450149,1,1,1,11,3,17,10,34,0,1,0,45,1,7,402,7402,14,1999,"1B4HR28Y0XF5","1","B","4","H","R","2","8","Y","0","X","F","5",0,0,0,"000000000","00000000000",0,0,0,1,0,0,0,0,0,0,0,65,0,2,5,12,6,2,1,0,0,0,1,45,29541,6,1,0,0,3,0,72,200,0,0,0,0,0,0,0,0,0,3,0,0,0,0,1,2,25,3,1,2,1,0,0,14,12,1,1,4,6,"777777777777","777777777777","777777777777",1,0
45,450150,1,2,1,11,3,22,7,12,1,1,0,37,1,37,32,37032,4,2009,"1HGCP26399A1","1","H","G","C","P","2","6","3","9","9","A","1",0,0,0,"000000000","00000000000",0,0,0,1,0,0,0,0,0,0,0,75,0,0,0,12,6,2,12,0,0,0,1,37,27604,1,1,0,0,2,0,69,999,0,3,0,3,5,6,2011,3,2016,4,0,0,0,0,3,2,70,1,1,2,1,0,0,1,51,1,1,1,24,"777777777777","777777777777","777777777777",1,1
45,450150,2,2,1,11,3,22,7,12,1,1,0,45,1,84,884,84884,64,1998,"1HTSLAAM7WH5","1","H","T","S","L","A","A","M","7","W","H","5",0,0,77,"777777777","77777777777",2,1,97,1,0,0,0,0,0,0,0,15,0,0,0,6,6,2,12,0,0,0,1,45,29148,6,1,0,0,3,3,72,245,0,0,0,0,0,0,0,0,0,0,99,99,99,99,3,2,70,1,1,2,1,0,0,2,53,1,1,1,26,"777777777777","777777777777","777777777777",0,0
45,450151,1,1,1,12,3,3,50,8,0,1,0,45,2,2,404,2404,14,2003,"1J4GX58N73C5","1","J","4","G","X","5","8","N","7","3","C","5",0,0,0,"000000000","00000000000",0,0,0,1,0,0,0,0,0,0,0,50,0,0,0,12,6,2,8,0,0,0,1,45,29928,6,1,0,0,3,0,74,170,0,1,0,0,0,7,2012,7,2012,0,0,0,0,0,1,2,55,1,1,2,1,0,0,1,80,1,1,1,13,"777777777777","777777777777","777777777777",0,0
45,450152,1,1,4,12,3,6,15,42,0,1,0,24,2,37,31,37031,4,2001,"2HGES16551H5","2","H","G","E","S","1","6","5","5","1","H","5",0,0,0,"000000000","00000000000",0,0,0,1,0,0,0,0,0,0,0,70,0,0,0,9,6,2,42,0,0,0,1,24,20871,6,1,0,0,3,0,71,192,0,0,0,0,0,0,0,0,0,4,0,0,0,0,3,2,70,1,1,2,1,0,0,1,10,1,1,4,6,"777777777777","777777777777","777777777777",1,0
45,450153,1,2,2,12,3,19,5,12,6,1,0,45,1,55,35,55035,4,2013,"5NPDH4AE6DH3","5","N","P","D","H","4","A","E","6","D","H","3",0,0,0,"000000000","00000000000",0,0,0,1,0,0,0,0,0,0,0,8,0,0,0,2,6,2,12,0,0,0,1,45,29349,6,1,0,0,3,3,65,190,1,0,0,0,0,5,2012,5,2012,0,38,0,0,0,1,2,45,1,1,2,1,0,0,11,15,1,1,1,68,"777777777777","777777777777","777777777777",0,0
45,450153,2,2,1,12,3,19,5,12,6,1,0,45,2,37,32,37032,2,1993,"2HGCB7241PH5","2","H","G","C","B","7","2","4","1","P","H","5",0,0,0,"000000000","00000000000",0,0,0,1,0,0,0,0,0,0,0,45,0,0,0,12,6,2,12,0,0,0,1,45,29316,6,1,0,0,3,3,73,230,1,1,0,0,0,7,2014,3,2015,0,0,0,0,0,1,2,45,1,1,2,1,0,0,1,67,1,1,1,69,"777777777777","777777777777","777777777777",1,0
45,450154,1,2,5,13,3,13,35,12,6,1,0,45,2,6,441,6441,20,2002,"2C8GP74L32R6","2","C","8","G","P","7","4","L","3","2","R","6",0,0,0,"000000000","00000000000",0,0,0,1,0,0,0,0,0,0,0,45,0,0,0,12,6,2,12,0,0,0,1,45,29053,6,1,0,0,3,3,61,108,1,0,0,0,1,2,2016,2,2016,0,0,0,0,0,1,2,55,1,1,2,1,0,0,1,66,1,1,1,88,"777777777777","777777777777","777777777777",0,0
45,450154,2,2,2,13,3,13,35,12,6,1,0,45,1,72,706,72706,80,2002,"1HD1FDV1X2Y6","1","H","D","1","F","D","V","1","X","2","Y","6",0,0,0,"000000000","00000000000",0,0,0,1,0,0,0,0,0,0,0,15,0,0,0,9,6,2,12,0,0,0,1,45,29205,6,1,6,0,3,0,72,200,1,0,0,1,0,9,2011,1,2015,0,39,0,0,0,1,2,55,1,1,2,1,20,3,1,17,1,1,1,89,"777777777777","777777777777","777777777777",2,1
45,450155,1,2,1,29,1,9,59,12,6,1,0,45,2,23,421,23421,15,2006,"1GKEK13T26R1","1","G","K","E","K","1","3","T","2","6","R","1",0,0,0,"000000000","00000000000",0,0,0,1,0,0,0,0,0,0,0,55,0,0,0,12,6,2,12,0,0,0,1,45,29554,6,1,0,0,3,3,66,150,2,0,0,3,1,10,2011,7,2015,0,0,0,0,0,1,2,50,1,1,2,1,4,3,1,66,1,1,1,86,"777777777777","777777777777","777777777777",0,0
45,450155,2,2,1,29,1,9,59,12,6,1,0,45,1,21,20,21020,4,1999,"1G3NB52J0X63","1","G","3","N","B","5","2","J","0","X","6","3",0,0,0,"000000000","00000000000",0,0,0,1,0,0,0,0,0,0,0,10,0,0,0,3,6,2,12,0,0,0,1,45,29728,6,1,0,0,3,3,66,150,0,1,0,0,0,3,2014,3,2014,0,38,0,0,0,1,2,50,1,1,2,1,4,3,1,17,1,1,1,87,"777777777777","777777777777","777777777777",1,0
45,450156,1,1,2,14,3,7,20,31,0,1,0,45,4,12,3,12003,2,2016,"1FATP8EM6G52","1","F","A","T","P","8","E","M","6","G","5","2",0,0,0,"000000000","00000000000",0,0,0,1,0,0,0,0,0,0,0,80,0,0,0,3,6,2,42,0,0,0,1,45,29926,1,1,5,0,2,0,72,160,0,2,0,0,2,1,2014,12,2014,3,0,0,0,0,1,2,45,4,1,2,1,0,0,14,13,1,1,4,1,"777777777777","777777777777","777777777777",2,1
45,450157,1,1,1,15,3,14,25,34,0,1,0,45,1,12,17,12017,4,2004,"1FAFP55S54A2","1","F","A","F","P","5","5","S","5","4","A","2",0,0,0,"000000000","00000000000",0,0,0,1,0,0,0,0,0,0,0,45,0,0,0,2,6,2,42,0,0,0,1,45,29704,6,1,0,0,3,0,72,200,1,0,0,0,0,8,2014,8,2014,4,28,0,0,0,1,2,45,1,1,5,1,0,0,1,6,7,3,4,2,"777777777777","777777777777","777777777777",1,0
45,450158,3,1,1,15,3,16,0,1,0,1,0,45,1,37,706,37706,80,2006,"JH2SC570X6M2","J","H","2","S","C","5","7","0","X","6","M","2",0,0,0,"000000000","00000000000",0,0,0,1,0,0,0,0,0,0,0,80,0,0,0,0,6,2,1,0,0,0,1,45,29180,6,1,6,3,3,3,73,190,0,0,0,1,0,10,2013,10,2013,3,8,0,0,0,1,2,25,1,1,2,1,0,0,1,6,1,9,1,98,"777777777777","777777777777","777777777777",1,0
45,450159,1,1,1,15,3,21,35,34,0,1,0,45,1,72,706,72706,80,1993,"1HD4CEM18PY2","1","H","D","4","C","E","M","1","8","P","Y","2",0,0,0,"000000000","00000000000",0,0,0,1,0,0,0,0,0,0,0,70,0,0,0,12,6,2,1,0,0,0,1,45,29010,6,1,0,0,3,0,65,130,1,2,0,0,0,10,2011,10,2015,3,28,0,0,0,1,2,55,2,1,2,1,0,0,14,6,6,4,4,7,"777777777777","777777777777","777777777777",1,1
45,450160,1,1,3,15,3,2,47,38,0,1,0,45,2,7,422,7422,15,2006,"1D4HD48NX6F1","1","D","4","H","D","4","8","N","X","6","F","1",0,0,0,"000000000","00000000000",0,0,0,1,0,0,0,0,0,0,0,85,0,1,5,3,6,2,1,0,0,0,1,45,29642,0,0,0,0,0,0,999,999,99,99,99,99,99,99,9999,99,9999,4,0,0,0,0,1,2,30,2,1,2,2,0,0,14,12,1,1,4,6,"777777777777","777777777777","777777777777",1,0
45,450161,1,1,1,17,3,7,30,34,0,1,0,45,1,37,32,37032,4,1993,"1HGCB7637PA0","1","H","G","C","B","7","6","3","7","P","A","0",0,0,0,"000000000","00000000000",0,0,0,1,0,0,0,0,0,0,0,55,0,2,5,12,6,2,1,0,0,0,1,45,29644,6,1,0,0,3,0,65,125,1,1,0,0,0,8,2015,8,2015,0,0,0,0,0,1,2,35,1,1,2,1,0,0,1,13,1,1,4,1,"777777777777","777777777777","777777777777",1,1
45,450162,1,1,1,17,3,12,35,32,0,1,0,45,2,49,32,49032,4,2006,"JTDBR32E9600","J","T","D","B","R","3","2","E","9","6","0","0",0,0,0,"000000000","00000000000",0,0,0,1,0,0,0,0,0,0,0,60,0,2,5,2,6,2,1,0,0,0,1,45,29842,6,1,0,0,3,0,66,180,0,1,0,1,0,5,2013,5,2013,3,8,28,0,0,1,2,45,1,1,2,1,0,0,1,13,1,1,4,1,"777777777777","777777777777","777777777777",1,1
45,450163,1,2,4,17,3,19,35,12,2,1,0,45,1,53,405,53405,14,2007,"2S3DB4177761","2","S","3","D","B","4","1","7","7","7","6","1",0,0,0,"000000000","00000000000",0,0,0,1,0,0,0,0,0,0,0,55,0,0,0,12,6,2,12,0,0,0,1,45,29812,6,1,0,0,3,3,64,234,1,1,0,0,0,3,2014,1,2016,0,0,0,0,0,1,2,55,1,1,2,1,0,0,1,62,1,1,1,51,"777777777777","777777777777","777777777777",0,0
45,450163,2,2,1,17,3,19,35,12,2,1,0,45,1,20,481,20481,31,1998,"2GCEC19M7W12","2","G","C","E","C","1","9","M","7","W","1","2",0,0,0,"000000000","00000000000",0,0,0,1,0,0,0,0,0,0,0,65,0,0,0,12,6,2,12,0,0,0,1,45,29812,6,1,6,3,3,0,64,184,1,6,0,0,0,8,2011,12,2015,0,28,0,0,0,1,2,55,1,1,2,1,0,0,6,10,1,1,2,50,"777777777777","777777777777","777777777777",1,1
45,450164,1,1,1,17,3,20,23,8,0,1,0,45,1,35,50,35050,4,2015,"3N1CN7AP7FL8","3","N","1","C","N","7","A","P","7","F","L","8",0,0,0,"000000000","00000000000",0,0,0,1,0,0,0,0,0,0,0,35,0,0,0,12,6,2,8,0,0,0,1,45,29615,6,1,0,0,3,0,63,120,1,1,0,1,1,10,2012,1,2016,0,0,0,0,0,1,3,35,1,1,2,1,0,0,1,81,1,1,1,13,"777777777777","777777777777","777777777777",0,0
45,450165,1,1,1,17,3,23,50,8,0,1,0,45,1,63,34,63034,4,2015,"5XXGM4A78FG3","5","X","X","G","M","4","A","7","8","F","G","3",0,0,0,"000000000","00000000000",0,0,0,1,0,0,0,0,0,0,0,45,0,0,0,12,6,2,8,0,0,0,1,45,29582,6,1,0,0,3,3,68,155,0,0,0,0,0,0,0,0,0,0,0,0,0,0,2,4,45,1,1,2,1,3,3,1,80,1,1,1,13,"777777777777","777777777777","777777777777",0,0
45,450166,1,1,1,19,3,0,45,35,0,1,0,45,1,35,401,35401,14,2001,"JN8DR09X11W5","J","N","8","D","R","0","9","X","1","1","W","5",0,0,0,"000000000","00000000000",0,0,0,1,0,0,0,0,0,0,0,80,0,2,5,12,6,2,1,0,0,0,1,45,29550,6,1,0,0,3,0,60,112,0,1,0,0,0,10,2015,10,2015,3,28,0,0,0,1,2,55,2,1,2,1,0,0,14,12,1,1,4,6,"777777777777","777777777777","777777777777",1,1
45,450167,1,2,1,19,3,3,40,12,6,1,0,23,3,87,881,87881,66,2007,"1XP7MB9X17D6","1","X","P","7","M","B","9","X","1","7","D","6",1,1,12,"0097005","120097005",3,6,1,1,0,0,0,0,0,0,0,999,0,0,0,9,6,2,12,0,0,0,1,45,29161,6,1,6,0,3,0,69,280,0,3,0,2,4,5,2012,11,2014,0,0,0,0,0,1,2,45,1,1,2,1,20,3,1,17,1,1,1,89,"888888888888","777777777777","777777777777",0,0
45,450167,2,2,1,19,3,3,40,12,6,1,0,45,2,58,37,58037,4,2010,"JN1CV6AP3AM2","J","N","1","C","V","6","A","P","3","A","M","2",0,0,0,"000000000","00000000000",0,0,0,1,0,0,0,0,0,0,0,999,0,0,0,12,6,2,12,0,0,0,1,45,29161,1,1,5,0,2,0,71,155,0,6,0,2,0,7,2011,6,2015,0,0,0,0,0,1,2,45,1,1,2,1,0,0,1,17,1,1,1,88,"777777777777","777777777777","777777777777",1,1
45,450168,1,1,1,19,3,5,45,42,0,1,0,45,1,14,6,14006,4,2000,"2MEFM75W8YX6","2","M","E","F","M","7","5","W","8","Y","X","6",0,0,0,"000000000","00000000000",0,0,0,1,0,0,0,0,0,0,0,55,0,0,0,12,6,2,42,0,0,0,1,45,29510,6,1,0,0,3,0,69,160,0,0,0,0,0,0,0,0,0,4,28,0,0,0,1,2,60,1,1,2,1,0,0,1,13,1,1,4,1,"777777777777","777777777777","777777777777",1,1
45,450169,1,1,1,20,3,15,30,8,0,1,0,45,3,98,898,98898,61,2015,"1F9454723FH1","1","F","9","4","5","4","7","2","3","F","H","1",0,0,77,"777777777","77777777777",2,1,97,1,0,0,0,0,0,7,5,5,0,0,0,6,0,5,8,0,0,0,1,45,29588,6,1,0,0,3,0,72,180,0,1,0,0,0,1,2012,1,2012,0,0,0,0,0,1,2,25,1,1,2,1,0,0,13,80,1,1,1,92,"777777777777","777777777777","777777777777",0,0
45,450170,1,2,1,20,3,0,38,8,0,1,0,45,1,14,402,14402,14,2010,"4M2CN9B73AKJ","4","M","2","C","N","9","B","7","3","A","K","J",0,0,0,"000000000","00000000000",0,0,0,1,0,0,0,0,0,0,0,50,0,0,0,12,6,2,8,0,0,0,1,45,29569,6,1,0,0,3,3,63,235,0,6,0,0,0,10,2011,3,2016,0,0,0,0,0,2,4,50,1,1,2,8,3,3,1,80,1,1,1,13,"777777777777","777777777777","777777777777",0,0
45,450170,2,2,1,20,3,0,38,8,0,1,0,45,2,49,442,49442,20,2010,"5TDZA3CC75S3","5","T","D","Z","A","3","C","C","7","5","S","3",0,0,0,"000000000","00000000000",0,0,0,1,0,0,0,0,0,0,0,50,0,0,0,2,0,5,8,0,0,0,1,45,29577,6,1,0,0,3,0,75,370,0,0,0,0,0,0,0,0,0,0,0,0,0,0,2,4,50,1,1,2,8,3,3,1,80,1,1,1,98,"777777777777","777777777777","777777777777",0,0