"STATE","ST_CASE","VEH_NO","VE_FORMS","NUMOCCS","DAY","MONTH","HOUR","MINUTE","HARM_EV","MAN_COLL","UNITTYPE","HIT_RUN","REG_STAT","OWNER","MAKE","MODEL","MAK_MOD","BODY_TYP","MOD_YEAR","VIN","VIN_1","VIN_2","VIN_3","VIN_4","VIN_5","VIN_6","VIN_7","VIN_8","VIN_9","VIN_10","VIN_11","VIN_12","TOW_VEH","J_KNIFE","MCARR_I1","MCARR_I2","MCARR_ID","GVWR","V_CONFIG","CARGO_BT","HAZ_INV","HAZ_PLAC","HAZ_ID","HAZ_CNO","HAZ_REL","BUS_USE","SPEC_USE","EMER_USE","TRAV_SP","UNDERIDE","ROLLOVER","ROLINLOC","IMPACT1","DEFORMED","TOWED","M_HARM","VEH_SC1","VEH_SC2","FIRE_EXP","DR_PRES","L_STATE","DR_ZIP","L_STATUS","L_TYPE","CDL_STAT","L_ENDORS","L_COMPL","L_RESTRI","DR_HGT","DR_WGT","PREV_ACC","PREV_SUS","PREV_DWI","PREV_SPD","PREV_OTH","FIRST_MO","FIRST_YR","LAST_MO","LAST_YR","SPEEDREL","DR_SF1","DR_SF2","DR_SF3","DR_SF4","VTRAFWAY","VNUM_LAN","VSPD_LIM","VALIGN","VPROFILE","VPAVETYP","VSURCOND","VTRAFCON","VTCONT_F","P_CRASH1","P_CRASH2","P_CRASH3","PCRASH4","PCRASH5","ACC_TYPE","TRLR1VIN","TRLR2VIN","TRLR3VIN","DEATHS","DR_DRINK"
45,450208,1,2,2,9,4,17,30,12,6,1,0,45,1,42,47,42047,1,2008,"WDBTK56F58T0","W","D","B","T","K","5","6","F","5","8","T","0",0,0,0,"000000000","00000000000",0,0,0,1,0,0,0,0,0,0,0,15,0,0,0,3,6,2,12,0,0,0,1,45,29909,6,1,0,0,3,0,70,180,0,0,0,0,0,0,0,0,0,0,38,48,0,0,5,2,55,1,1,8,1,3,3,11,15,1,1,1,68,"777777777777","777777777777","777777777777",1,0
45,450208,2,2,1,9,4,17,30,12,6,1,0,45,2,35,47,35047,4,2015,"1N4AL3AP3FC4","1","N","4","A","L","3","A","P","3","F","C","4",0,0,0,"000000000","00000000000",0,0,0,1,0,0,0,0,0,0,0,60,0,0,0,12,6,2,12,0,0,0,1,45,29945,6,1,0,0,3,0,66,199,0,0,0,0,1,10,2014,10,2014,0,0,0,0,0,5,2,55,1,1,8,1,3,3,1,67,1,1,1,69,"777777777777","777777777777","777777777777",0,0
45,450209,1,1,1,12,4,6,0,8,0,1,0,45,1,23,481,23481,31,2001,"1GTGK29U21Z2","1","G","T","G","K","2","9","U","2","1","Z","2",0,0,0,"000000000","00000000000",0,0,0,1,0,0,0,0,0,0,0,45,0,0,0,12,0,5,8,0,0,0,1,45,29669,6,1,0,0,3,0,74,350,2,0,0,1,0,5,2011,6,2015,0,0,0,0,0,1,2,40,1,1,2,1,0,0,1,80,1,1,1,13,"777777777777","777777777777","777777777777",0,0
45,450210,1,2,1,12,4,17,10,12,6,1,0,45,1,12,471,12471,30,1994,"1FTEF15N2RNA","1","F","T","E","F","1","5","N","2","R","N","A",0,0,0,"000000000","00000000000",0,0,0,1,0,0,0,0,0,0,0,45,0,0,0,12,0,3,12,0,0,0,1,45,29670,6,1,0,0,3,0,66,180,0,0,0,2,0,3,2012,7,2012,0,28,0,0,0,1,2,50,1,1,2,1,0,0,6,10,1,1,2,45,"777777777777","777777777777","777777777777",0,0
45,450210,2,2,1,12,4,17,10,12,6,1,0,45,1,98,709,98709,81,9999,"999999999999","9","9","9","9","9","9","9","9","9","9","9","9",0,0,0,"000000000","00000000000",0,0,0,1,0,0,0,0,0,0,0,25,0,0,0,10,6,2,12,0,0,0,1,45,29625,6,1,0,0,3,0,70,150,0,0,0,0,0,0,0,0,0,0,0,0,0,0,1,2,50,1,1,2,1,0,0,1,10,99,9,2,44,"777777777777","777777777777","777777777777",1,1
45,450211,1,1,1,12,4,3,45,34,0,1,0,45,2,7,402,7402,14,2001,"1B4HR28N71F5","1","B","4","H","R","2","8","N","7","1","F","5",0,0,0,"000000000","00000000000",0,0,0,1,0,0,0,0,0,0,0,60,0,0,0,99,6,2,30,0,0,0,1,51,29044,1,1,5,0,2,0,74,147,0,0,0,0,4,4,2014,3,2015,4,0,0,0,0,1,2,35,1,1,2,2,0,0,1,6,7,3,4,2,"777777777777","777777777777","777777777777",1,1
45,450212,1,2,1,13,4,21,0,12,1,1,0,45,1,98,709,98709,81,9999,"999999999999","9","9","9","9","9","9","9","9","9","9","9","9",0,0,0,"000000000","00000000000",0,0,0,1,0,0,0,0,0,0,0,999,0,0,0,6,6,2,12,0,0,0,1,45,29851,1,1,5,0,2,3,70,180,0,0,0,0,0,0,0,0,0,0,0,0,0,0,1,2,40,1,2,2,2,0,0,1,53,1,1,1,25,"777777777777","777777777777","777777777777",1,0
45,450212,2,2,1,13,4,21,0,12,1,1,0,45,1,12,3,12003,2,1999,"1FAFP4048XF2","1","F","A","F","P","4","0","4","8","X","F","2",0,0,0,"000000000","00000000000",0,0,0,1,0,0,0,0,0,0,0,999,0,0,0,12,6,2,12,0,0,0,1,45,29851,6,1,0,0,3,0,74,185,1,1,0,3,0,8,2012,3,2016,0,0,0,0,0,1,2,40,1,2,2,2,0,0,1,51,1,1,1,24,"777777777777","777777777777","777777777777",0,0
45,450213,1,1,1,16,4,20,25,9,0,1,0,45,2,20,20,20020,4,1998,"2G1WL52M0W92","2","G","1","W","L","5","2","M","0","W","9","2",0,0,0,"000000000","00000000000",0,0,0,1,0,0,0,0,0,0,0,42,0,0,0,12,6,2,9,0,0,0,1,45,29831,1,1,5,0,2,0,60,100,0,0,0,0,0,0,0,0,0,0,0,0,0,0,2,2,40,2,1,2,1,0,0,14,83,1,1,1,13,"777777777777","777777777777","777777777777",0,0
45,450214,1,2,1,16,4,18,26,12,6,1,0,25,3,55,39,55039,4,2014,"KMHFG4JG7EA3","K","M","H","F","G","4","J","G","7","E","A","3",0,0,0,"000000000","00000000000",0,0,0,1,0,0,0,0,0,0,0,15,0,0,0,10,6,2,12,0,0,0,1,45,29127,6,1,0,0,3,0,74,190,0,0,0,0,0,0,0,0,0,0,38,0,0,0,1,2,45,1,1,2,1,20,3,11,15,1,1,1,82,"777777777777","777777777777","777777777777",1,0
45,450214,2,2,1,16,4,18,26,12,6,1,0,45,3,12,17,12017,4,2014,"1FAHP2MK7EG1","1","F","A","H","P","2","M","K","7","E","G","1",0,0,0,"000000000","00000000000",0,0,0,1,0,0,0,0,0,5,0,103,0,0,0,12,6,2,12,0,0,0,1,45,29127,6,1,0,0,3,3,71,215,0,0,0,0,0,0,0,0,0,0,0,0,0,0,2,2,45,1,1,2,1,0,0,17,67,6,1,2,83,"777777777777","777777777777","777777777777",0,0
45,450215,1,1,1,16,4,3,45,35,0,1,0,45,1,49,472,49472,30,2003,"5TEGN92N93Z1","5","T","E","G","N","9","2","N","9","3","Z","1",0,0,0,"000000000","00000000000",0,0,0,1,0,0,0,0,0,0,0,65,0,2,5,10,6,2,1,0,0,0,1,45,29070,1,1,5,0,2,0,70,215,1,2,0,4,0,4,2014,2,2016,3,28,0,0,0,2,2,55,1,2,2,1,0,0,1,12,1,1,4,6,"777777777777","777777777777","777777777777",1,1
45,450216,1,2,1,15,1,17,51,8,0,1,0,45,1,37,403,37403,14,2008,"5J6YH18388L0","5","J","6","Y","H","1","8","3","8","8","L","0",0,0,0,"000000000","00000000000",0,0,0,1,0,0,0,0,0,0,0,35,0,0,0,12,4,3,8,0,0,0,1,45,29206,6,1,0,0,3,3,63,140,1,0,1,0,0,4,2015,4,2015,0,0,0,0,0,2,4,40,1,1,8,2,0,0,1,80,1,1,1,13,"777777777777","777777777777","777777777777",0,0
45,450216,2,2,4,15,1,17,51,8,0,1,0,45,1,12,402,12402,14,2001,"1FMYU03111KA","1","F","M","Y","U","0","3","1","1","1","K","A",0,0,0,"000000000","00000000000",0,0,0,1,0,0,0,0,0,0,0,35,0,0,0,14,0,5,8,0,0,0,1,45,29209,6,1,0,0,3,0,64,210,1,1,0,1,1,5,2012,11,2014,0,0,0,0,0,2,4,40,1,1,8,2,0,0,1,90,1,1,1,98,"777777777777","777777777777","777777777777",0,0
45,450217,1,1,1,15,3,19,30,14,0,1,0,45,1,72,706,72706,80,2007,"1HD1CX3187K4","1","H","D","1","C","X","3","1","8","7","K","4",0,0,0,"000000000","00000000000",0,0,0,1,0,0,0,0,0,0,0,35,0,0,0,12,4,5,14,0,0,0,1,45,29209,6,1,0,0,3,3,65,230,1,0,0,0,0,8,2014,8,2014,0,28,0,0,0,1,2,25,1,1,2,1,0,0,1,13,1,1,4,1,"777777777777","777777777777","777777777777",1,0
45,450218,1,1,1,24,3,8,42,8,0,1,0,45,3,98,884,98884,63,2006,"5DG8AU5TX600","5","D","G","8","A","U","5","T","X","6","0","0",0,0,45,"0491372","450491372",3,2,5,1,0,0,0,0,0,0,0,10,0,0,0,2,0,5,8,0,0,0,1,45,29170,6,1,6,0,3,0,74,180,1,5,0,0,0,7,2013,2,2016,0,38,0,0,0,2,5,35,1,1,2,1,3,3,10,80,1,1,1,13,"777777777777","777777777777","777777777777",0,0
45,450219,1,1,2,18,4,0,30,42,0,1,0,13,2,22,22,22022,4,2008,"1G2ZH57N2841","1","G","2","Z","H","5","7","N","2","8","4","1",0,0,0,"000000000","00000000000",0,0,0,1,0,0,0,0,0,0,0,96,0,0,0,5,6,2,42,0,0,0,1,45,29860,6,1,0,0,3,0,69,160,0,5,0,2,0,11,2012,3,2016,4,28,0,0,0,1,2,45,2,3,2,1,0,0,14,6,6,4,4,7,"777777777777","777777777777","777777777777",1,0
45,450220,1,1,1,18,4,3,35,59,0,1,0,45,1,20,481,20481,31,1998,"1GCCS1448WK2","1","G","C","C","S","1","4","4","8","W","K","2",0,0,0,"000000000","00000000000",0,0,0,1,0,0,0,0,0,0,0,70,0,0,0,12,6,2,19,0,0,0,1,45,29532,6,1,0,0,3,0,71,190,0,0,0,0,0,0,0,0,0,3,8,28,0,0,4,2,25,1,1,8,1,0,0,1,6,1,4,4,7,"777777777777","777777777777","777777777777",1,0
45,450221,1,3,1,19,4,8,5,12,7,1,0,45,1,20,403,20403,14,2005,"1GNDS13S6522","1","G","N","D","S","1","3","S","6","5","2","2",0,0,0,"000000000","00000000000",0,0,0,1,0,0,0,0,0,0,0,60,0,0,0,9,6,2,12,0,0,0,1,45,29229,6,1,0,0,3,0,61,128,0,0,0,2,0,6,2013,8,2013,0,0,0,0,0,3,3,60,1,1,2,1,0,0,1,60,1,1,1,98,"777777777777","777777777777","777777777777",0,0
45,450221,2,3,1,19,4,8,5,12,7,1,0,45,2,12,32,12032,4,2012,"3FADP4EJ8CM2","3","F","A","D","P","4","E","J","8","C","M","2",0,0,0,"000000000","00000000000",0,0,0,1,0,0,0,0,0,0,0,65,0,1,5,9,6,2,1,0,0,0,1,45,29209,0,0,0,0,0,0,999,999,99,99,99,99,99,99,9999,99,9999,0,0,0,0,0,3,3,60,1,1,2,1,0,0,1,60,1,1,1,44,"777777777777","777777777777","777777777777",0,0
45,450221,3,3,1,19,4,8,5,12,7,1,0,45,2,12,401,12401,14,1999,"1FMDU35P1XZA","1","F","M","D","U","3","5","P","1","X","Z","A",0,0,0,"000000000","00000000000",0,0,0,1,0,0,0,0,0,0,0,75,0,1,5,2,6,2,1,0,0,0,1,45,29209,6,1,0,0,3,0,68,187,2,6,0,0,3,12,2012,7,2014,4,80,0,0,0,3,3,60,1,1,2,1,0,0,1,1,7,3,2,45,"777777777777","777777777777","777777777777",1,1
45,450222,1,1,1,1,4,2,25,33,0,1,0,45,1,72,706,72706,80,1999,"1HD1BJL49XY0","1","H","D","1","B","J","L","4","9","X","Y","0",0,0,0,"000000000","00000000000",0,0,0,1,0,0,0,0,0,0,0,35,0,0,0,9,4,3,33,0,0,0,1,45,29483,6,1,6,0,3,0,71,298,0,0,0,0,0,0,0,0,0,0,28,0,0,0,2,2,35,1,1,8,1,0,0,1,9,1,4,4,7,"777777777777","777777777777","777777777777",1,0
45,450223,1,2,1,20,4,8,0,12,2,1,0,45,2,2,407,2407,14,2011,"1J4NF4GB0BD2","1","J","4","N","F","4","G","B","0","B","D","2",0,0,0,"000000000","00000000000",0,0,0,1,0,0,0,0,0,0,0,55,0,0,0,12,6,2,12,0,0,0,1,45,29910,6,1,0,0,3,0,66,160,1,0,0,0,0,7,2014,7,2014,0,28,0,0,0,1,2,55,2,1,2,1,0,0,14,10,1,1,2,50,"777777777777","777777777777","777777777777",1,0
45,450223,2,2,2,20,4,8,0,12,2,1,0,45,2,7,482,7482,31,2015,"1C6RR6NT4FS5","1","C","6","R","R","6","N","T","4","F","S","5",0,0,0,"000000000","00000000000",0,0,0,1,0,0,0,0,0,0,0,40,0,0,0,12,6,2,12,0,0,0,1,45,29910,6,1,0,0,3,3,62,230,0,0,0,2,0,4,2012,1,2016,0,0,0,0,0,1,2,55,3,1,2,1,0,0,14,62,1,1,1,51,"777777777777","777777777777","777777777777",0,0
45,450224,1,2,2,21,4,11,5,12,6,1,0,45,2,20,403,20403,14,2003,"1GNDS13SX322","1","G","N","D","S","1","3","S","X","3","2","2",0,0,0,"000000000","00000000000",0,0,0,1,0,0,0,0,0,0,0,45,0,1,5,9,6,2,12,0,0,0,1,45,29540,6,1,0,0,3,0,65,150,1,1,0,0,0,6,2015,3,2016,0,39,0,0,0,1,2,55,1,1,2,1,20,3,1,17,1,1,1,89,"777777777777","777777777777","777777777777",1,0
45,450224,2,2,1,21,4,11,5,12,6,1,0,37,3,87,884,87884,66,2000,"1XP5DR9X3YN5","1","X","P","5","D","R","9","X","3","Y","N","5",1,1,37,"2280829","372280829",3,6,10,1,0,0,0,0,0,0,0,50,0,0,0,12,6,2,12,0,0,0,1,45,29709,6,1,6,0,3,0,76,256,2,0,0,1,0,4,2014,8,2015,0,0,0,0,0,1,2,55,1,1,2,1,0,0,1,66,1,1,1,88,"888888888888","777777777777","777777777777",0,0
45,450225,1,1,2,23,4,2,30,42,0,1,0,45,2,12,422,12422,15,2003,"1FMPU16W43LB","1","F","M","P","U","1","6","W","4","3","L","B",0,0,0,"000000000","00000000000",0,0,0,1,0,0,0,0,0,0,0,70,0,1,6,2,6,2,1,0,0,0,1,99,99999,9,9,99,9,9,9,999,999,99,99,99,99,99,99,9999,99,9999,3,28,0,0,0,1,2,55,1,1,2,1,0,0,1,13,1,1,4,1,"777777777777","777777777777","777777777777",1,1
45,450226,1,1,1,23,4,11,40,59,0,1,0,45,2,12,17,12017,6,2001,"1FAFP58U31G1","1","F","A","F","P","5","8","U","3","1","G","1",0,0,0,"000000000","00000000000",0,0,0,1,0,0,0,0,0,0,0,35,0,0,0,12,6,2,42,0,0,0,1,45,29642,6,1,0,0,3,3,70,160,1,0,0,0,0,10,2012,10,2012,0,0,0,0,0,1,2,35,1,1,2,1,0,0,1,12,1,1,4,6,"777777777777","777777777777","777777777777",1,0
45,450227,1,1,2,23,4,21,54,34,0,1,0,45,2,18,3,18003,4,1998,"1G4CU5215W46","1","G","4","C","U","5","2","1","5","W","4","6",0,0,0,"000000000","00000000000",0,0,0,1,0,0,0,0,0,0,0,55,0,2,5,12,6,2,1,0,0,0,1,45,29574,1,1,5,0,2,0,69,142,0,1,0,1,0,6,2014,10,2014,4,28,0,0,0,1,2,55,3,1,2,1,0,0,14,13,1,1,4,1,"777777777777","777777777777","777777777777",1,0
45,450228,1,1,1,5,3,2,20,35,0,1,0,45,2,12,401,12401,14,1998,"1FMZU34E1WZA","1","F","M","Z","U","3","4","E","1","W","Z","A",0,0,0,"000000000","00000000000",0,0,0,1,0,0,0,0,0,0,0,70,0,0,0,12,6,2,35,0,0,0,1,1,36551,1,1,5,0,2,3,67,180,0,0,0,0,0,0,0,0,0,0,28,0,0,0,1,2,45,1,1,2,1,0,0,1,13,1,1,4,1,"777777777777","777777777777","777777777777",1,1
45,450229,1,1,4,6,3,22,0,42,0,1,0,45,2,49,50,49050,3,2006,"JTKDE1670600","J","T","K","D","E","1","6","7","0","6","0","0",0,0,0,"000000000","00000000000",0,0,0,1,0,0,0,0,0,0,0,68,0,0,0,3,6,2,42,0,0,0,1,45,29657,6,2,0,0,3,0,68,125,0,0,0,1,0,4,2015,4,2015,3,28,0,0,0,1,2,40,3,3,2,1,0,0,14,12,1,1,4,6,"777777777777","777777777777","777777777777",3,0
45,450230,1,1,1,23,3,18,0,9,0,1,0,45,2,20,421,20421,15,2007,"1GNFK13037R4","1","G","N","F","K","1","3","0","3","7","R","4",0,0,0,"000000000","00000000000",0,0,0,1,0,0,0,0,0,0,0,15,0,0,0,6,0,5,9,0,0,0,1,45,29569,6,1,0,0,3,0,71,170,0,3,1,0,1,8,2011,7,2012,0,0,0,0,0,1,2,15,1,2,2,1,0,0,13,83,1,1,1,92,"777777777777","777777777777","777777777777",0,0
45,450231,1,1,1,3,4,17,45,34,0,1,0,45,2,76,705,76705,80,2012,"JYARJ16E6CA0","J","Y","A","R","J","1","6","E","6","C","A","0",0,0,0,"000000000","00000000000",0,0,0,1,0,0,0,0,0,0,0,70,0,0,0,12,6,2,1,0,0,0,1,45,29114,6,2,0,0,3,0,68,135,0,0,0,1,0,12,2015,12,2015,4,8,0,0,0,1,2,55,1,1,2,1,0,0,1,13,1,1,4,1,"777777777777","777777777777","777777777777",1,1
45,450232,1,1,3,6,4,20,45,8,0,1,0,45,2,12,481,12481,31,2001,"1FTNW20F81EA","1","F","T","N","W","2","0","F","8","1","E","A",0,0,0,"000000000","00000000000",0,0,0,1,0,0,0,0,0,0,0,55,0,0,0,12,4,5,8,0,0,0,1,45,29223,0,0,0,0,0,0,999,999,0,0,0,0,0,0,0,0,0,0,0,0,0,0,1,2,55,1,1,2,1,0,0,1,80,1,1,1,13,"777777777777","777777777777","777777777777",0,0
45,450233,1,1,4,7,4,20,32,8,0,1,0,45,1,20,2,20002,4,2006,"2G1WB58K3691","2","G","1","W","B","5","8","K","3","6","9","1",0,0,0,"000000000","00000000000",0,0,0,1,0,0,0,0,0,0,0,40,0,0,0,12,6,2,8,0,0,0,1,45,29204,6,1,0,0,3,0,62,135,3,2,0,1,0,4,2013,9,2015,0,0,0,0,0,1,2,40,1,1,8,1,0,0,1,81,1,1,1,13,"777777777777","777777777777","777777777777",0,0
45,450234,1,1,1,13,4,8,10,8,0,1,0,45,3,94,981,94981,50,1996,"1T75R3B26T11","1","T","7","5","R","3","B","2","6","T","1","1",0,0,77,"777777777","77777777777",2,21,22,1,0,0,0,0,1,2,0,35,0,0,0,12,0,5,8,0,0,0,1,45,29745,6,1,6,3,3,3,73,240,0,0,0,0,0,0,0,0,0,0,0,0,0,0,1,2,35,1,1,2,1,0,0,1,80,1,1,1,13,"777777777777","777777777777","777777777777",0,0
45,450235,1,1,2,23,4,21,54,42,0,1,0,45,1,20,4,20004,2,2008,"1G1YY26W8851","1","G","1","Y","Y","2","6","W","8","8","5","1",0,0,0,"000000000","00000000000",0,0,0,1,0,0,0,0,0,0,0,80,0,1,5,12,6,2,1,0,0,0,1,45,29644,6,1,0,0,3,3,72,209,0,1,0,0,0,5,2014,5,2014,3,8,0,0,0,1,2,45,1,2,2,1,0,0,1,13,1,1,4,1,"777777777777","777777777777","777777777777",2,1
45,450236,1,2,1,25,4,22,37,12,1,1,0,45,1,98,709,98709,81,2012,"999999999999","9","9","9","9","9","9","9","9","9","9","9","9",0,0,0,"000000000","00000000000",0,0,0,1,0,0,0,0,0,0,0,999,0,0,0,6,6,2,12,0,0,0,1,45,29078,1,1,5,0,2,0,75,170,0,2,1,0,0,8,2012,9,2013,0,0,0,0,0,1,2,40,1,1,2,1,0,0,1,53,1,1,1,25,"777777777777","777777777777","777777777777",1,1
45,450236,2,2,1,25,4,22,37,12,1,1,0,45,1,7,482,7482,31,2000,"3B7HF13Z8YM2","3","B","7","H","F","1","3","Z","8","Y","M","2",0,0,0,"000000000","00000000000",0,0,0,1,0,0,0,0,0,0,0,999,0,0,0,12,6,2,12,0,0,0,1,45,29010,6,1,0,0,3,0,76,185,0,1,0,2,1,12,2011,10,2014,0,0,0,0,0,1,2,40,1,1,2,1,0,0,1,51,1,1,1,24,"777777777777","777777777777","777777777777",0,0
45,450237,1,1,1,25,4,16,20,1,0,1,0,45,2,55,401,55401,14,2009,"5NMSG13D89H2","5","N","M","S","G","1","3","D","8","9","H","2",0,0,0,"000000000","00000000000",0,0,0,1,0,0,0,0,0,0,0,70,0,2,3,0,6,2,1,0,0,1,1,45,29203,6,1,0,0,3,0,66,280,1,0,0,0,0,3,2013,3,2013,4,0,0,0,0,3,2,60,1,2,2,1,0,0,1,10,1,1,4,6,"777777777777","777777777777","777777777777",1,1
45,450238,1,1,1,8,4,22,15,1,0,1,0,45,2,72,706,72706,80,2008,"1HD1FV4188Y6","1","H","D","1","F","V","4","1","8","8","Y","6",0,0,0,"000000000","00000000000",0,0,0,1,0,0,0,0,0,0,0,45,0,0,0,0,6,2,1,0,0,0,1,45,29483,6,1,0,0,3,0,75,280,0,0,0,0,0,0,0,0,0,4,28,0,0,0,1,2,45,2,1,2,1,0,0,14,6,6,9,2,98,"777777777777","777777777777","777777777777",1,0
45,450239,1,2,1,25,4,15,55,1,0,1,0,45,1,53,704,53704,80,2011,"JS1GT78A4B21","J","S","1","G","T","7","8","A","4","B","2","1",0,0,0,"000000000","00000000000",0,0,0,1,0,0,0,0,0,0,0,40,0,0,0,0,6,2,12,0,0,0,1,45,29621,6,1,0,0,3,0,66,180,0,1,0,3,0,8,2011,5,2014,0,0,0,0,0,1,2,40,1,1,2,1,0,0,1,66,16,1,1,98,"777777777777","777777777777","777777777777",1,0
45,450239,2,2,2,25,4,15,55,1,0,1,0,45,1,49,40,49040,4,1994,"4T1SK12EXRU3","4","T","1","S","K","1","2","E","X","R","U","3",0,0,0,"000000000","00000000000",0,0,0,1,0,0,0,0,0,0,0,5,0,0,0,3,6,2,12,0,0,0,1,45,29684,6,1,0,0,3,3,75,225,0,0,0,0,0,0,0,0,0,0,38,0,0,0,1,2,40,1,1,2,1,20,3,1,17,1,1,1,98,"777777777777","777777777777","777777777777",0,0
45,450240,1,2,1,26,4,17,30,12,1,1,0,45,1,20,481,20481,31,2013,"1GB1CVCG7DF1","1","G","B","1","C","V","C","G","7","D","F","1",0,0,0,"000000000","00000000000",0,0,0,1,0,0,0,0,0,0,0,999,0,0,0,12,6,2,12,0,0,0,1,45,29644,6,1,6,0,3,0,68,165,1,0,0,1,0,12,2011,4,2012,0,0,0,0,0,1,2,98,1,3,2,1,0,0,1,51,1,1,1,33,"777777777777","777777777777","777777777777",0,1
45,450240,2,2,2,26,4,17,30,12,1,1,0,45,1,72,706,72706,80,1999,"1HD4CEM11XK1","1","H","D","4","C","E","M","1","1","X","K","1",0,0,0,"000000000","00000000000",0,0,0,1,0,0,0,0,0,0,0,999,0,0,0,6,6,2,12,0,0,0,1,45,29690,6,1,0,0,3,3,70,180,2,1,0,0,1,7,2013,10,2015,0,0,0,0,0,1,2,98,1,3,2,1,0,0,1,53,1,1,1,33,"777777777777","777777777777","777777777777",2,0
45,450241,1,2,1,26,4,20,42,72,0,1,0,45,1,72,706,72706,80,2000,"1HD1FRW15YY6","1","H","D","1","F","R","W","1","5","Y","Y","6",0,0,0,"000000000","00000000000",0,0,0,1,0,0,0,0,0,0,0,60,0,0,0,12,6,2,1,0,0,0,1,45,29605,6,1,0,0,3,0,71,212,0,0,0,3,1,12,2011,6,2014,0,0,0,0,0,3,3,60,1,1,2,1,0,0,1,90,1,1,1,98,"777777777777","777777777777","777777777777",1,0
45,450241,2,2,1,26,4,20,42,72,0,1,0,45,1,52,34,52034,4,2006,"4A3AB26F46E0","4","A","3","A","B","2","6","F","4","6","E","0",0,0,0,"000000000","00000000000",0,0,0,1,0,0,0,0,0,0,0,45,0,0,0,0,6,2,72,0,0,0,1,45,29605,0,0,0,0,0,0,66,155,1,1,0,0,1,1,2014,12,2014,0,0,0,0,0,6,1,60,1,1,2,1,0,0,1,1,1,1,1,0,"777777777777","777777777777","777777777777",0,0
45,450242,1,1,1,26,4,1,0,42,0,1,0,45,3,20,421,20421,15,1997,"3GNFK16R7VG1","3","G","N","F","K","1","6","R","7","V","G","1",0,0,0,"000000000","00000000000",0,0,0,1,0,0,0,0,0,0,0,999,0,0,0,12,6,2,42,0,0,0,1,45,29556,6,1,0,0,3,3,66,230,0,7,1,0,2,3,2012,8,2014,0,28,0,0,0,2,2,60,2,1,2,1,0,0,14,12,1,1,4,10,"777777777777","777777777777","777777777777",1,1
45,450243,1,3,2,27,4,12,30,12,2,1,0,45,2,23,421,23421,15,1997,"1GKEK13R9VJ7","1","G","K","E","K","1","3","R","9","V","J","7",0,0,0,"000000000","00000000000",0,0,0,1,0,0,0,0,0,0,0,999,0,1,5,12,6,2,12,0,0,1,1,45,29720,6,1,0,0,3,0,70,145,0,2,0,3,0,6,2013,2,2016,0,0,0,0,0,1,2,55,1,1,2,1,0,0,1,62,1,1,1,51,"777777777777","777777777777","777777777777",1,0
45,450243,2,3,1,27,4,12,30,12,2,1,0,45,1,37,39,37039,5,2012,"JHMGE8H30CC0","J","H","M","G","E","8","H","3","0","C","C","0",0,0,0,"000000000","00000000000",0,0,0,1,0,0,0,0,0,0,0,999,0,0,0,12,6,2,12,0,0,0,1,45,29732,6,1,0,0,3,3,63,120,0,0,0,1,0,4,2015,4,2015,0,0,0,0,0,1,2,55,1,1,2,1,0,0,1,54,1,1,1,98,"777777777777","777777777777","777777777777",0,0
45,450243,3,3,3,27,4,12,30,12,2,1,0,45,2,18,404,18404,14,2014,"KL4CJBSB7EB5","K","L","4","C","J","B","S","B","7","E","B","5",0,0,0,"000000000","00000000000",0,0,0,1,0,0,0,0,0,0,0,999,0,0,0,12,6,2,12,0,0,0,1,45,29020,6,1,0,0,3,0,72,200,0,1,0,0,0,1,2015,1,2015,0,28,0,0,0,1,2,55,1,1,2,1,0,0,1,10,1,1,2,50,"777777777777","777777777777","777777777777",0,0
45,450244,1,2,1,29,4,10,25,12,2,1,0,45,1,20,2,20002,4,2002,"2G1WF55E1292","2","G","1","W","F","5","5","E","1","2","9","2",0,0,0,"000000000","00000000000",0,0,0,1,0,0,0,0,0,0,0,15,0,0,0,12,6,2,12,0,0,0,1,45,29609,6,1,0,0,3,3,64,130,0,0,0,0,0,0,0,0,0,0,38,0,0,0,2,2,45,1,1,2,1,3,3,11,15,1,1,1,68,"777777777777","777777777777","777777777777",1,0
45,450244,2,2,1,29,4,10,25,12,2,1,0,45,1,54,39,54039,4,2006,"JH4CL95866C0","J","H","4","C","L","9","5","8","6","6","C","0",0,0,0,"000000000","00000000000",0,0,0,1,0,0,0,0,0,0,0,40,0,0,0,12,6,2,12,0,0,0,1,45,29607,6,1,0,0,3,0,76,180,0,0,0,1,0,3,2015,3,2015,0,0,0,0,0,2,2,45,1,1,2,1,3,3,1,67,1,1,1,69,"777777777777","777777777777","777777777777",0,0
45,450245,1,1,2,29,4,9,37,8,0,1,0,37,1,20,481,20481,31,2003,"2GCEC19X3312","2","G","C","E","C","1","9","X","3","3","1","2",0,0,0,"000000000","00000000000",0,0,0,1,0,0,0,0,0,0,0,45,0,0,0,1,4,5,8,0,0,0,1,37,28463,6,1,0,0,3,3,72,999,0,0,0,0,0,0,0,0,0,0,0,0,0,0,1,2,55,1,1,2,1,0,0,1,80,1,1,1,13,"777777777777","777777777777","777777777777",0,0
45,450246,1,1,1,29,4,18,3,18,0,1,0,45,1,73,705,73705,80,2005,"JKBZXJC1X5A0","J","K","B","Z","X","J","C","1","X","5","A","0",0,0,0,"000000000","00000000000",0,0,0,1,0,0,0,0,0,0,0,80,0,0,0,12,6,2,1,0,0,0,1,45,29715,6,1,0,0,3,0,70,150,0,4,0,0,0,6,2012,1,2015,3,28,0,0,0,1,2,35,3,1,2,1,0,0,14,13,1,1,4,1,"777777777777","777777777777","777777777777",1,1