"STATE","ST_CASE","VEH_NO","VE_FORMS","NUMOCCS","DAY","MONTH","HOUR","MINUTE","HARM_EV","MAN_COLL","UNITTYPE","HIT_RUN","REG_STAT","OWNER","MAKE","MODEL","MAK_MOD","BODY_TYP","MOD_YEAR","VIN","VIN_1","VIN_2","VIN_3","VIN_4","VIN_5","VIN_6","VIN_7","VIN_8","VIN_9","VIN_10","VIN_11","VIN_12","TOW_VEH","J_KNIFE","MCARR_I1","MCARR_I2","MCARR_ID","GVWR","V_CONFIG","CARGO_BT","HAZ_INV","HAZ_PLAC","HAZ_ID","HAZ_CNO","HAZ_REL","BUS_USE","SPEC_USE","EMER_USE","TRAV_SP","UNDERIDE","ROLLOVER","ROLINLOC","IMPACT1","DEFORMED","TOWED","M_HARM","VEH_SC1","VEH_SC2","FIRE_EXP","DR_PRES","L_STATE","DR_ZIP","L_STATUS","L_TYPE","CDL_STAT","L_ENDORS","L_COMPL","L_RESTRI","DR_HGT","DR_WGT","PREV_ACC","PREV_SUS","PREV_DWI","PREV_SPD","PREV_OTH","FIRST_MO","FIRST_YR","LAST_MO","LAST_YR","SPEEDREL","DR_SF1","DR_SF2","DR_SF3","DR_SF4","VTRAFWAY","VNUM_LAN","VSPD_LIM","VALIGN","VPROFILE","VPAVETYP","VSURCOND","VTRAFCON","VTCONT_F","P_CRASH1","P_CRASH2","P_CRASH3","PCRASH4","PCRASH5","ACC_TYPE","TRLR1VIN","TRLR2VIN","TRLR3VIN","DEATHS","DR_DRINK"
45,450278,3,3,1,6,5,21,0,30,0,1,0,48,1,34,34,34034,2,2008,"WBAWB33548P1","W","B","A","W","B","3","3","5","4","8","P","1",0,0,0,"000000000","00000000000",0,0,0,1,0,0,0,0,0,0,0,45,0,0,0,3,6,2,12,0,0,0,1,48,75067,6,1,0,0,3,0,999,999,0,0,0,0,1,1,2016,1,2016,0,0,0,0,0,2,3,45,1,1,2,1,3,3,1,13,99,9,4,5,"777777777777","777777777777","777777777777",1,0
45,450279,1,2,2,7,5,17,18,24,0,1,0,45,1,72,706,72706,80,2000,"1HD1BSY28YY0","1","H","D","1","B","S","Y","2","8","Y","Y","0",0,0,0,"000000000","00000000000",0,0,0,1,0,0,0,0,0,0,0,55,0,0,0,12,6,2,24,0,0,0,1,45,29621,6,1,0,0,3,3,68,172,1,0,0,0,0,4,2016,4,2016,0,0,0,0,0,1,2,55,1,1,2,1,0,0,1,3,7,9,4,2,"777777777777","777777777777","777777777777",2,0
45,450279,2,2,2,7,5,17,18,24,0,1,0,45,1,72,706,72706,80,1999,"1HD1DDV14XY6","1","H","D","1","D","D","V","1","4","X","Y","6",0,0,0,"000000000","00000000000",0,0,0,1,0,0,0,0,0,0,0,55,0,0,0,12,4,5,12,0,0,0,1,45,29625,6,1,0,0,3,0,71,260,1,0,0,2,0,3,2013,6,2014,0,0,0,0,0,1,2,55,1,1,2,1,0,0,1,90,1,1,1,98,"777777777777","777777777777","777777777777",0,0
45,450280,1,1,1,8,5,6,45,1,0,1,0,45,1,12,401,12401,14,1999,"1FMZU24E1XUC","1","F","M","Z","U","2","4","E","1","X","U","C",0,0,0,"000000000","00000000000",0,0,0,1,0,0,0,0,0,0,0,55,0,2,5,0,6,2,1,0,0,0,1,45,29108,6,1,0,0,3,0,69,180,0,1,0,1,1,10,2011,2,2016,0,28,0,0,0,1,2,40,2,1,2,1,40,3,14,12,1,1,4,6,"777777777777","777777777777","777777777777",1,1
45,450281,1,2,3,8,5,13,57,12,2,1,0,45,2,37,31,37031,4,1999,"2HGEJ6611XH5","2","H","G","E","J","6","6","1","1","X","H","5",0,0,0,"000000000","00000000000",0,0,0,1,0,0,0,0,0,0,0,55,0,0,0,12,6,2,12,0,0,0,1,45,29617,6,1,0,0,3,0,66,125,0,0,0,0,0,0,0,0,0,0,0,0,0,0,1,2,55,1,1,2,1,0,0,1,62,1,1,1,51,"777777777777","777777777777","777777777777",3,0
45,450281,2,2,3,8,5,13,57,12,2,1,0,45,1,37,421,37421,15,2011,"5FNYF3H7XBB0","5","F","N","Y","F","3","H","7","X","B","B","0",0,0,0,"000000000","00000000000",0,0,0,1,0,0,0,0,0,0,0,55,0,0,0,12,6,2,12,0,0,0,1,45,29302,6,2,0,0,3,0,66,120,0,0,0,0,0,0,0,0,0,0,28,0,0,0,1,2,55,1,1,2,1,0,0,1,10,1,1,2,50,"777777777777","777777777777","777777777777",0,0
45,450282,1,2,3,8,5,21,5,12,6,1,0,45,2,58,33,58033,4,2002,"JNKCP11A22T5","J","N","K","C","P","1","1","A","2","2","T","5",0,0,0,"000000000","00000000000",0,0,0,1,0,0,0,0,0,0,0,5,0,0,0,9,6,2,12,0,0,0,1,45,29556,6,1,0,0,3,0,64,135,0,0,0,0,0,0,0,0,0,0,38,0,0,0,1,2,55,1,1,2,1,20,3,11,15,1,1,1,82,"777777777777","777777777777","777777777777",1,0
45,450282,2,2,4,8,5,21,5,12,6,1,0,45,1,23,481,23481,31,2015,"3GTU2VEC0FG2","3","G","T","U","2","V","E","C","0","F","G","2",0,0,0,"000000000","00000000000",0,0,0,1,0,0,0,0,0,0,0,55,0,0,0,12,6,2,12,0,0,0,1,45,29544,6,1,6,3,3,0,69,130,0,0,0,0,0,0,0,0,0,0,0,0,0,0,1,2,55,1,1,2,1,0,0,1,67,1,1,1,83,"777777777777","777777777777","777777777777",0,0
45,450283,1,1,2,18,2,2,27,42,0,1,0,45,1,12,3,12003,2,2003,"1FAFP42X43F4","1","F","A","F","P","4","2","X","4","3","F","4",0,0,0,"000000000","00000000000",0,0,0,1,0,0,0,0,0,0,0,70,0,0,0,3,6,2,42,0,0,0,1,45,29431,6,1,0,0,3,0,73,175,0,4,0,1,1,1,2014,1,2016,0,8,0,0,0,1,2,55,1,1,2,1,0,0,1,12,1,1,4,6,"777777777777","777777777777","777777777777",1,0
45,450284,1,1,1,9,3,3,1,8,0,1,0,45,1,12,481,12481,31,1997,"1FTEX27LXVNB","1","F","T","E","X","2","7","L","X","V","N","B",0,0,0,"000000000","00000000000",0,0,0,1,0,0,0,0,0,0,0,35,0,0,0,12,0,5,8,0,0,0,1,45,29906,6,1,0,0,3,0,70,193,0,0,0,0,0,0,0,0,0,0,0,0,0,0,1,2,45,1,1,8,1,0,0,1,80,1,1,1,13,"777777777777","777777777777","777777777777",0,0
45,450285,1,1,1,24,3,3,0,34,0,1,0,45,2,12,481,12481,31,1993,"1FTDF15N9PNA","1","F","T","D","F","1","5","N","9","P","N","A",0,0,0,"000000000","00000000000",0,0,0,1,0,0,0,0,0,0,0,40,0,0,0,12,6,2,34,0,0,0,1,45,29554,1,1,5,0,2,0,69,270,0,2,0,0,0,10,2012,12,2013,4,0,0,0,0,1,2,55,1,1,2,1,0,0,1,13,1,1,4,1,"777777777777","777777777777","777777777777",1,1
45,450286,1,1,4,12,4,17,15,15,0,1,0,45,1,37,32,37032,4,1992,"1HGCB7645NA2","1","H","G","C","B","7","6","4","5","N","A","2",0,0,0,"000000000","00000000000",0,0,0,1,0,0,0,0,0,0,0,40,0,0,0,12,4,5,15,0,0,0,1,45,29583,6,1,0,0,3,0,62,120,1,0,0,0,0,1,2016,1,2016,0,0,0,0,0,2,2,45,1,1,2,2,0,0,1,81,1,1,1,13,"777777777777","777777777777","777777777777",0,0
45,450287,1,1,1,9,5,19,0,1,0,1,0,45,1,98,709,98709,81,9999,"999999999999","9","9","9","9","9","9","9","9","9","9","9","9",0,0,0,"000000000","00000000000",0,0,0,1,0,0,0,0,0,0,0,30,0,0,0,0,6,2,1,0,0,0,1,45,29646,6,1,0,0,3,0,69,200,0,0,0,0,0,0,0,0,0,0,80,0,0,0,3,2,40,1,1,2,1,0,0,1,1,1,9,1,98,"777777777777","777777777777","777777777777",1,0
45,450288,1,2,1,9,5,17,39,12,6,1,0,45,1,20,421,20421,15,2012,"1GNSCBE02CR1","1","G","N","S","C","B","E","0","2","C","R","1",0,0,0,"000000000","00000000000",0,0,0,1,0,0,0,0,0,0,0,45,0,0,0,12,6,2,12,0,0,0,1,45,29697,6,1,0,0,3,3,71,230,1,0,0,0,0,3,2015,3,2015,0,0,0,0,0,1,2,50,1,1,2,1,0,0,1,66,1,1,1,69,"777777777777","777777777777","777777777777",1,0
45,450288,2,2,1,9,5,17,39,12,6,1,0,45,1,98,809,98809,63,2000,"2F2NNWYB3YAB","2","F","2","N","N","W","Y","B","3","Y","A","B",0,0,45,"0948329","450948329",3,2,4,1,0,0,0,0,0,0,0,25,0,0,0,3,6,2,12,0,0,0,1,45,29627,6,1,6,3,3,0,71,400,2,0,0,0,0,7,2012,7,2014,0,38,0,0,0,1,2,50,1,1,2,1,0,0,11,15,1,1,1,68,"777777777777","777777777777","777777777777",0,0
45,450289,1,1,1,9,5,11,20,1,0,1,0,45,1,72,706,72706,80,2002,"1HD1BMY182Y0","1","H","D","1","B","M","Y","1","8","2","Y","0",0,0,0,"000000000","00000000000",0,0,0,1,0,0,0,0,0,0,0,55,0,0,0,0,6,2,1,0,0,0,1,45,29431,6,1,6,3,3,0,73,246,0,0,0,1,2,2,2012,11,2015,0,28,0,0,0,3,2,70,1,1,2,1,0,0,1,12,1,1,4,6,"777777777777","777777777777","777777777777",1,0
45,450290,1,1,1,8,5,4,0,42,0,1,0,45,1,19,21,19021,4,2006,"1G6DW6775601","1","G","6","D","W","6","7","7","5","6","0","1",0,0,0,"000000000","00000000000",0,0,0,1,0,0,0,0,0,0,0,45,0,0,0,9,6,2,42,0,0,0,1,45,29107,6,1,0,0,3,0,73,275,0,0,0,0,0,0,0,0,0,3,28,0,0,0,1,2,45,3,2,2,1,0,0,14,13,1,1,4,1,"777777777777","777777777777","777777777777",1,1
45,450291,1,2,3,9,5,21,50,12,1,1,0,45,2,20,481,20481,31,2003,"2GCEC19T9313","2","G","C","E","C","1","9","T","9","3","1","3",1,1,0,"000000000","00000000000",0,0,0,1,0,0,0,0,0,0,0,0,0,0,0,6,6,2,12,0,0,0,1,45,29566,6,1,0,0,3,3,73,176,0,4,0,1,0,2,2012,5,2014,0,0,0,0,0,3,3,65,1,1,2,1,0,0,5,53,1,1,1,21,"888888888888","777777777777","777777777777",0,0
45,450291,2,2,1,9,5,21,50,12,1,1,0,37,1,20,421,20421,15,1997,"1GNEK13R9VJ4","1","G","N","E","K","1","3","R","9","V","J","4",0,0,0,"000000000","00000000000",0,0,0,1,0,0,0,0,0,0,0,55,0,1,5,12,6,2,1,0,0,0,1,37,27330,6,1,0,0,3,0,69,999,0,0,0,0,0,0,0,0,0,0,99,99,99,99,3,3,65,1,1,2,1,0,0,1,50,1,1,1,20,"777777777777","777777777777","777777777777",1,0
45,450292,1,2,1,10,5,15,20,12,6,1,0,45,1,49,40,49040,4,1995,"4T1SK12E0SU5","4","T","1","S","K","1","2","E","0","S","U","5",0,0,0,"000000000","00000000000",0,0,0,1,0,0,0,0,0,0,0,55,0,0,0,12,6,2,12,0,0,0,1,45,29592,6,1,0,0,3,0,60,185,0,0,0,0,0,0,0,0,0,0,0,0,0,0,5,2,55,1,1,2,1,0,0,1,66,1,1,1,86,"777777777777","777777777777","777777777777",0,0
45,450292,2,2,1,10,5,15,20,12,6,1,0,45,1,98,709,98709,81,2013,"999999999999","9","9","9","9","9","9","9","9","9","9","9","9",0,0,0,"000000000","00000000000",0,0,0,1,0,0,0,0,0,0,0,15,0,0,0,3,6,2,12,0,0,0,1,45,29565,1,1,5,0,2,0,69,250,0,0,0,0,0,0,0,0,0,0,38,0,0,0,1,2,55,1,1,2,1,20,3,1,17,1,1,1,87,"777777777777","777777777777","777777777777",1,0
45,450293,1,2,1,10,5,6,50,12,2,1,0,37,2,87,881,87881,66,1990,"1XP5D29X6LN2","1","X","P","5","D","2","9","X","6","L","N","2",1,1,37,"2802600","372802600",3,6,10,1,0,0,0,0,0,0,0,55,0,0,0,12,6,2,12,0,0,0,1,37,28425,6,1,6,0,3,0,72,999,5,1,0,0,4,6,2011,9,2015,0,28,0,0,0,1,2,55,2,2,2,1,0,0,14,10,1,1,2,50,"888888888888","777777777777","777777777777",0,0
45,450293,2,2,1,10,5,6,50,12,2,1,0,45,1,12,461,12461,21,2006,"1FCLE49L26DA","1","F","C","L","E","4","9","L","2","6","D","A",0,0,0,"000000000","00000000000",0,0,0,1,0,0,0,0,0,0,0,55,0,0,0,12,6,2,12,0,0,0,1,45,29575,6,1,0,0,3,0,72,200,0,0,0,1,0,7,2015,7,2015,0,0,0,0,0,1,2,55,3,2,2,1,0,0,14,62,6,1,1,51,"777777777777","777777777777","777777777777",1,0
45,450294,1,1,1,11,5,2,46,24,0,1,0,45,3,82,881,82881,66,2015,"1FUJGLD67FLG","1","F","U","J","G","L","D","6","7","F","L","G",1,1,45,"1222233","451222233",3,6,1,1,0,0,0,0,0,0,0,65,0,0,0,12,6,2,2,0,0,1,1,45,29044,6,1,6,3,3,3,72,210,0,0,0,0,0,0,0,0,0,4,28,0,0,0,2,2,70,1,1,2,1,0,0,1,13,1,1,4,1,"888888888888","777777777777","777777777777",1,0
45,450295,1,2,2,11,5,20,50,12,2,1,0,45,2,37,32,37032,4,2003,"1HGCM66523A0","1","H","G","C","M","6","6","5","2","3","A","0",0,0,0,"000000000","00000000000",0,0,0,1,0,0,0,0,0,0,0,45,0,0,0,12,6,2,12,0,0,0,1,45,29078,6,1,0,0,3,0,55,125,0,0,0,1,0,2,2015,2,2015,0,0,0,0,0,1,2,45,1,1,2,1,0,0,1,62,1,1,1,51,"777777777777","777777777777","777777777777",0,0
45,450295,2,2,1,11,5,20,50,12,2,1,0,45,1,98,709,98709,81,2016,"999999999999","9","9","9","9","9","9","9","9","9","9","9","9",0,0,0,"000000000","00000000000",0,0,0,1,0,0,0,0,0,0,0,25,0,0,0,12,6,2,12,0,0,0,1,45,29045,1,1,5,0,2,0,65,140,1,3,1,0,0,4,2015,11,2015,0,28,0,0,0,1,2,45,1,1,2,1,0,0,1,10,1,1,2,50,"777777777777","777777777777","777777777777",1,1
45,450296,1,1,1,11,5,20,41,53,0,1,0,45,1,20,481,20481,31,1995,"2GCEK19KXS12","2","G","C","E","K","1","9","K","X","S","1","2",0,0,0,"000000000","00000000000",0,0,0,1,0,0,0,0,0,0,0,55,0,0,0,12,6,2,30,0,0,0,1,45,29010,6,1,0,0,3,0,69,235,1,0,0,0,1,12,2014,12,2014,4,28,0,0,0,1,2,55,1,1,2,1,0,0,1,13,1,1,4,1,"777777777777","777777777777","777777777777",1,1
45,450297,1,1,1,11,5,4,25,8,0,1,0,45,1,20,443,20443,20,2001,"1GNDX03EX1D2","1","G","N","D","X","0","3","E","X","1","D","2",0,0,0,"000000000","00000000000",0,0,0,1,0,0,0,0,0,0,0,40,0,0,0,12,4,5,8,0,0,0,1,45,29673,0,0,0,0,0,0,999,999,99,99,99,99,99,99,9999,99,9999,0,0,0,0,0,2,2,40,1,1,2,1,0,0,1,80,1,1,1,13,"777777777777","777777777777","777777777777",0,0
45,450298,1,2,1,12,5,20,54,1,0,1,0,45,1,76,704,76704,80,2007,"JYARJ12E17A0","J","Y","A","R","J","1","2","E","1","7","A","0",0,0,0,"000000000","00000000000",0,0,0,1,0,0,0,0,0,0,0,998,0,0,0,0,6,2,12,0,0,0,1,45,29412,6,1,0,0,3,0,71,203,0,0,0,2,1,9,2014,1,2015,0,0,0,0,0,5,3,45,1,1,2,1,21,3,1,66,16,1,1,98,"777777777777","777777777777","777777777777",1,1
45,450298,2,2,3,12,5,20,54,1,0,1,0,45,2,20,461,20461,21,2004,"1GCFG15X3411","1","G","C","F","G","1","5","X","3","4","1","1",0,0,0,"000000000","00000000000",0,0,0,1,0,0,0,0,0,0,0,998,0,1,1,3,6,2,1,0,0,0,1,45,29406,0,0,0,0,0,0,999,999,99,99,99,99,99,99,9999,99,9999,0,0,0,0,0,1,2,45,1,1,2,1,0,0,1,17,1,1,1,98,"777777777777","777777777777","777777777777",0,0
45,450299,1,1,1,13,5,0,10,8,0,1,1,99,9,99,999,99999,99,9999,"999999999999","9","9","9","9","9","9","9","9","9","9","9","9",0,0,0,"000000000","00000000000",0,0,0,1,0,0,0,0,0,0,0,999,0,0,0,12,9,5,8,0,0,0,1,99,99999,9,9,99,9,9,9,999,999,99,99,99,99,99,99,9999,99,9999,0,0,0,0,0,1,2,55,1,1,2,2,0,0,1,80,99,9,1,13,"777777777777","777777777777","777777777777",0,0
45,450300,1,2,1,15,5,11,30,12,2,1,0,45,2,20,481,20481,31,2004,"1GCEC19T44E3","1","G","C","E","C","1","9","T","4","4","E","3",0,0,0,"000000000","00000000000",0,0,0,1,0,0,0,0,0,0,0,45,0,0,0,12,6,2,12,0,0,0,1,45,29657,6,1,0,0,3,3,68,190,0,3,0,0,0,12,2013,8,2014,0,0,0,0,0,1,2,45,1,1,2,1,0,0,1,62,1,1,1,51,"777777777777","777777777777","777777777777",0,0
45,450300,2,2,2,15,5,11,30,12,2,1,0,45,1,2,403,2403,14,2006,"1J4FA39S26P7","1","J","4","F","A","3","9","S","2","6","P","7",0,0,0,"000000000","00000000000",0,0,0,1,0,0,0,0,0,0,0,45,0,0,0,12,6,2,12,0,0,0,1,45,29657,6,1,0,0,3,3,69,160,0,0,0,2,0,3,2012,2,2015,0,28,0,0,0,1,2,45,1,1,2,1,0,0,1,10,1,1,2,50,"777777777777","777777777777","777777777777",1,0
45,450301,1,1,2,15,5,1,45,34,0,1,0,45,2,35,481,35481,31,2015,"1N6BA0EC4FN5","1","N","6","B","A","0","E","C","4","F","N","5",0,0,0,"000000000","00000000000",0,0,0,1,0,0,0,0,0,0,0,55,0,2,5,99,6,2,1,0,0,0,1,45,29483,6,1,0,0,3,0,74,225,1,0,0,0,0,8,2015,8,2015,4,28,58,0,0,1,2,45,3,1,2,1,0,0,14,13,1,1,4,1,"777777777777","777777777777","777777777777",1,1
45,450302,1,2,1,14,5,17,5,12,6,1,0,45,2,39,34,39034,4,2001,"SAJDA01MX1FP","S","A","J","D","A","0","1","M","X","1","F","P",0,0,0,"000000000","00000000000",0,0,0,1,0,0,0,0,0,0,0,30,0,0,0,12,6,2,12,0,0,0,1,45,29532,6,1,0,0,3,3,73,250,1,0,0,2,1,12,2014,11,2015,0,0,0,0,0,1,2,30,1,1,2,1,0,0,1,66,1,1,1,88,"777777777777","777777777777","777777777777",0,0
45,450302,2,2,1,14,5,17,5,12,6,1,0,45,1,20,473,20473,30,2008,"1GCDT39E0881","1","G","C","D","T","3","9","E","0","8","8","1",0,0,0,"000000000","00000000000",0,0,0,1,0,0,0,0,0,0,0,0,0,0,0,9,6,2,12,0,0,0,1,45,29532,6,1,0,0,3,0,68,165,1,0,0,0,0,4,2012,4,2012,0,38,0,0,0,1,2,30,1,1,2,1,20,3,1,17,1,1,1,89,"777777777777","777777777777","777777777777",1,0
45,450303,1,2,1,17,5,21,24,8,0,1,0,45,2,37,32,37032,4,2001,"JHMCG56611C0","J","H","M","C","G","5","6","6","1","1","C","0",0,0,0,"000000000","00000000000",0,0,0,1,0,0,0,0,0,0,0,35,0,0,0,12,6,2,8,0,0,0,1,45,29210,1,1,5,0,2,0,68,135,0,1,0,1,0,2,2016,2,2016,0,0,0,0,0,1,2,35,1,1,2,2,0,0,1,80,1,1,1,13,"777777777777","777777777777","777777777777",0,0
45,450303,2,2,1,17,5,21,24,8,0,1,0,45,2,12,471,12471,30,2004,"1FTYR10D54PB","1","F","T","Y","R","1","0","D","5","4","P","B",0,0,0,"000000000","00000000000",0,0,0,1,0,0,0,0,0,0,0,35,0,0,0,12,4,5,18,0,0,0,1,45,29204,6,1,0,0,3,0,73,180,1,1,0,0,0,12,2012,10,2015,0,0,0,0,0,1,2,35,1,1,2,2,0,0,1,90,1,1,1,98,"777777777777","777777777777","777777777777",0,0
45,450304,1,1,1,18,5,4,30,8,0,1,1,99,9,99,999,99999,99,9999,"999999999999","9","9","9","9","9","9","9","9","9","9","9","9",0,0,0,"000000000","00000000000",0,0,0,1,0,0,0,0,0,0,0,55,0,0,0,12,9,5,8,0,0,0,1,99,99999,9,9,99,9,9,9,999,999,99,99,99,99,99,99,9999,99,9999,0,0,0,0,0,1,2,55,1,1,2,1,0,0,1,80,99,9,1,13,"777777777777","777777777777","777777777777",0,0
45,450305,1,1,2,18,5,10,0,35,0,1,0,45,1,6,441,6441,20,2010,"2A4RR4DE0AR2","2","A","4","R","R","4","D","E","0","A","R","2",0,0,0,"000000000","00000000000",0,0,0,1,0,0,0,0,0,0,0,55,0,0,0,12,6,2,35,0,0,0,1,45,29148,6,1,0,0,3,3,73,164,0,0,0,1,0,12,2011,12,2011,4,28,0,0,0,1,2,55,2,2,2,1,0,0,14,12,1,1,4,6,"777777777777","777777777777","777777777777",1,0
45,450306,1,1,1,19,5,15,28,1,0,1,0,12,1,37,706,37706,80,2004,"1HFSC47004A3","1","H","F","S","C","4","7","0","0","4","A","3",0,0,0,"000000000","00000000000",0,0,0,1,0,0,0,0,0,0,0,60,0,0,0,0,6,2,1,0,0,0,1,12,32080,6,1,0,0,3,3,73,999,0,0,0,0,0,0,0,0,0,4,87,0,0,0,3,2,70,1,1,2,2,0,0,1,6,1,9,1,98,"777777777777","777777777777","777777777777",1,0
45,450307,1,1,1,11,5,6,0,25,0,1,0,45,1,23,421,23421,15,2003,"1GKEC13Z83J1","1","G","K","E","C","1","3","Z","8","3","J","1",0,0,0,"000000000","00000000000",0,0,0,1,0,0,0,0,0,0,0,70,0,1,3,12,6,2,1,0,0,0,1,45,29212,6,1,0,0,3,0,66,185,0,0,0,1,0,11,2015,11,2015,3,28,0,0,0,3,4,55,1,1,2,1,0,0,17,10,6,1,4,8,"777777777777","777777777777","777777777777",1,0
45,450308,1,3,2,20,5,7,26,12,2,1,0,45,2,37,421,37421,15,2007,"5FNYF18187B0","5","F","N","Y","F","1","8","1","8","7","B","0",0,0,0,"000000000","00000000000",0,0,0,1,0,0,0,0,0,0,0,35,0,0,0,12,6,2,32,0,0,0,1,45,29072,6,1,0,0,3,3,65,180,0,0,0,0,0,0,0,0,0,0,0,0,0,0,1,2,45,1,1,2,2,0,0,17,13,7,1,4,98,"777777777777","777777777777","777777777777",0,0
45,450308,2,3,1,20,5,7,26,12,2,1,0,45,1,12,402,12402,14,2016,"1FMCU0GX7GUA","1","F","M","C","U","0","G","X","7","G","U","A",0,0,0,"000000000","00000000000",0,0,0,1,0,0,0,0,0,0,0,35,0,0,0,12,6,2,12,0,0,0,1,45,29072,6,1,0,0,3,0,70,185,0,0,0,0,0,0,0,0,0,0,0,0,0,0,1,2,45,1,1,2,2,0,0,1,62,1,1,1,51,"777777777777","777777777777","777777777777",0,0
45,450308,3,3,1,20,5,7,26,12,2,1,0,45,1,20,23,20023,6,2011,"3GNBAAFW6BS6","3","G","N","B","A","A","F","W","6","B","S","6",0,0,0,"000000000","00000000000",0,0,0,1,0,0,0,0,0,0,0,45,0,0,0,12,6,2,12,0,0,0,1,45,29073,6,1,0,0,3,3,71,189,0,0,0,1,0,10,2013,10,2013,0,28,0,0,0,1,2,45,1,1,2,2,0,0,1,10,1,1,2,50,"777777777777","777777777777","777777777777",1,0
45,450309,1,1,1,21,5,2,41,42,0,1,0,45,2,63,33,63033,4,2007,"KNAFE1211750","K","N","A","F","E","1","2","1","1","7","5","0",0,0,0,"000000000","00000000000",0,0,0,1,0,0,0,0,0,0,0,75,0,0,0,12,6,2,42,0,0,0,1,45,29330,6,1,0,0,3,0,70,185,0,0,0,1,0,6,2015,6,2015,3,0,0,0,0,1,2,45,1,1,2,2,0,0,1,12,1,1,4,6,"777777777777","777777777777","777777777777",1,1
45,450310,1,1,1,21,5,3,15,1,0,1,0,45,1,37,32,37032,2,2003,"1HGCM72253A0","1","H","G","C","M","7","2","2","5","3","A","0",0,0,0,"000000000","00000000000",0,0,0,1,0,0,0,0,0,0,0,55,0,2,6,0,6,2,1,0,0,0,1,45,29532,6,1,0,0,3,0,72,240,0,1,0,0,0,10,2015,10,2015,0,28,87,0,0,1,2,55,1,1,2,2,0,0,1,13,1,1,4,1,"777777777777","777777777777","777777777777",1,1
45,450311,1,1,1,21,5,6,26,34,0,1,0,45,2,12,402,12402,14,2005,"1FMYU03115KA","1","F","M","Y","U","0","3","1","1","5","K","A",0,0,0,"000000000","00000000000",0,0,0,1,0,0,0,0,0,0,0,60,0,2,5,12,6,2,42,0,0,0,1,45,29201,6,1,0,0,3,0,77,246,0,1,0,0,1,8,2015,12,2015,4,28,0,0,0,3,4,60,1,1,2,2,0,0,1,13,1,1,4,1,"777777777777","777777777777","777777777777",1,1
45,450312,1,1,1,21,5,21,0,34,0,1,0,45,1,20,401,20401,14,2003,"1GNDS13S0323","1","G","N","D","S","1","3","S","0","3","2","3",0,0,0,"000000000","00000000000",0,0,0,1,0,0,0,0,0,0,0,55,0,0,0,12,6,2,42,0,0,0,1,45,29591,6,1,0,0,3,3,60,142,0,1,0,0,0,1,2016,1,2016,0,0,0,0,0,1,2,55,1,1,2,1,0,0,1,13,1,1,4,1,"777777777777","777777777777","777777777777",1,1
45,450313,1,2,3,22,5,13,26,12,2,1,0,45,1,20,481,20481,31,2008,"1GCJK33618F1","1","G","C","J","K","3","3","6","1","8","F","1",0,0,0,"000000000","00000000000",0,0,0,1,0,0,0,0,0,0,0,35,0,0,0,12,6,2,12,0,0,0,1,45,29301,6,1,6,3,3,3,71,254,0,1,0,0,0,6,2015,6,2015,0,38,0,0,0,1,2,35,2,1,2,1,21,3,11,15,1,1,1,68,"777777777777","777777777777","777777777777",1,0
45,450313,2,2,1,22,5,13,26,12,2,1,0,45,3,85,881,85881,63,2013,"2NKHHM6X2DM3","2","N","K","H","H","M","6","X","2","D","M","3",0,0,45,"0397006","450397006",3,1,1,1,0,0,0,0,0,0,0,30,0,0,0,12,6,2,12,0,0,0,1,45,29301,6,1,6,3,3,0,71,280,0,0,0,0,0,0,0,0,0,0,0,0,0,0,1,2,35,3,1,2,1,0,0,14,67,1,1,1,69,"777777777777","777777777777","777777777777",0,0
45,450314,1,2,2,22,5,15,18,12,2,1,0,45,1,22,18,22018,4,2004,"1G2NF52E54M6","1","G","2","N","F","5","2","E","5","4","M","6",0,0,0,"000000000","00000000000",0,0,0,1,0,0,0,0,0,0,0,45,0,0,0,12,6,2,12,0,0,0,1,45,29172,6,1,0,0,3,3,58,130,0,0,0,0,0,0,0,0,0,0,0,0,0,0,1,2,45,1,1,2,1,0,0,1,62,1,1,1,51,"777777777777","777777777777","777777777777",0,0
45,450314,2,2,2,22,5,15,18,12,2,1,0,45,1,20,22,20022,4,2006,"1G1AK55F8677","1","G","1","A","K","5","5","F","8","6","7","7",0,0,0,"000000000","00000000000",0,0,0,1,0,0,0,0,0,0,0,60,0,0,0,12,6,2,12,0,0,0,1,45,29204,6,1,0,0,3,0,65,238,2,0,0,0,1,2,2016,3,2016,0,28,0,0,0,1,2,45,1,1,2,1,0,0,1,10,1,1,2,50,"777777777777","777777777777","777777777777",1,1
45,450315,1,1,1,22,5,17,46,35,0,1,0,45,1,20,481,20481,31,1992,"1GCCS19Z1N21","1","G","C","C","S","1","9","Z","1","N","2","1",0,0,0,"000000000","00000000000",0,0,0,1,0,0,0,0,0,0,0,55,0,2,5,12,6,2,1,0,0,0,1,45,29322,6,1,0,0,3,0,68,175,1,0,0,0,0,7,2015,7,2015,0,99,99,99,99,1,2,45,1,1,2,1,0,0,1,16,99,9,4,5,"777777777777","777777777777","777777777777",1,1
45,450316,1,1,1,23,5,17,30,34,0,1,0,45,1,19,18,19018,4,2006,"1G6DP5772601","1","G","6","D","P","5","7","7","2","6","0","1",0,0,0,"000000000","00000000000",0,0,0,1,0,0,0,0,0,0,0,50,0,2,5,12,6,2,42,0,0,0,1,45,29588,6,1,0,0,3,3,73,210,0,0,0,0,0,0,0,0,0,4,0,0,0,0,1,2,50,1,1,2,1,0,0,1,13,1,1,4,1,"777777777777","777777777777","777777777777",1,1