"STATE","ST_CASE","VEH_NO","VE_FORMS","NUMOCCS","DAY","MONTH","HOUR","MINUTE","HARM_EV","MAN_COLL","UNITTYPE","HIT_RUN","REG_STAT","OWNER","MAKE","MODEL","MAK_MOD","BODY_TYP","MOD_YEAR","VIN","VIN_1","VIN_2","VIN_3","VIN_4","VIN_5","VIN_6","VIN_7","VIN_8","VIN_9","VIN_10","VIN_11","VIN_12","TOW_VEH","J_KNIFE","MCARR_I1","MCARR_I2","MCARR_ID","GVWR","V_CONFIG","CARGO_BT","HAZ_INV","HAZ_PLAC","HAZ_ID","HAZ_CNO","HAZ_REL","BUS_USE","SPEC_USE","EMER_USE","TRAV_SP","UNDERIDE","ROLLOVER","ROLINLOC","IMPACT1","DEFORMED","TOWED","M_HARM","VEH_SC1","VEH_SC2","FIRE_EXP","DR_PRES","L_STATE","DR_ZIP","L_STATUS","L_TYPE","CDL_STAT","L_ENDORS","L_COMPL","L_RESTRI","DR_HGT","DR_WGT","PREV_ACC","PREV_SUS","PREV_DWI","PREV_SPD","PREV_OTH","FIRST_MO","FIRST_YR","LAST_MO","LAST_YR","SPEEDREL","DR_SF1","DR_SF2","DR_SF3","DR_SF4","VTRAFWAY","VNUM_LAN","VSPD_LIM","VALIGN","VPROFILE","VPAVETYP","VSURCOND","VTRAFCON","VTCONT_F","P_CRASH1","P_CRASH2","P_CRASH3","PCRASH4","PCRASH5","ACC_TYPE","TRLR1VIN","TRLR2VIN","TRLR3VIN","DEATHS","DR_DRINK"
45,450317,1,1,2,22,5,17,45,19,0,1,0,45,1,18,3,18003,4,2000,"1G4CW54K7Y42","1","G","4","C","W","5","4","K","7","Y","4","2",0,0,0,"000000000","00000000000",0,0,0,1,0,0,0,0,0,0,0,75,0,0,0,9,6,2,19,0,0,0,1,45,29550,1,1,5,0,2,0,68,190,0,3,1,0,0,12,2011,12,2012,3,28,0,0,0,1,2,55,3,1,2,1,0,0,14,13,1,1,4,1,"777777777777","777777777777","777777777777",1,1
45,450318,1,1,1,23,5,4,50,42,0,1,0,45,2,20,421,20421,15,1998,"1GNEK13R3WJ3","1","G","N","E","K","1","3","R","3","W","J","3",0,0,0,"000000000","00000000000",0,0,0,1,0,0,0,0,0,0,0,60,0,0,0,9,6,2,42,0,0,0,1,45,29550,6,1,0,0,3,0,73,160,0,0,0,3,1,8,2014,1,2016,3,28,0,0,0,1,2,45,2,1,2,1,0,0,14,12,1,1,4,6,"777777777777","777777777777","777777777777",1,0
45,450319,1,3,3,24,5,11,12,12,1,1,0,45,1,20,423,20423,15,2015,"1GNKRGKD8FJ1","1","G","N","K","R","G","K","D","8","F","J","1",0,0,0,"000000000","00000000000",0,0,0,1,0,0,0,0,0,0,0,50,0,0,0,3,6,2,12,0,0,0,1,45,29036,6,1,0,0,3,0,72,250,0,0,0,0,0,0,0,0,0,0,0,0,0,0,3,3,60,1,1,2,1,0,0,2,60,1,1,1,98,"777777777777","777777777777","777777777777",0,0
45,450319,2,3,2,24,5,11,12,12,1,1,0,45,3,12,481,12481,31,2013,"1FTFX1CT1DFD","1","F","T","F","X","1","C","T","1","D","F","D",0,0,0,"000000000","00000000000",0,0,0,1,0,0,0,0,0,0,0,40,0,0,0,6,4,5,12,0,0,0,1,45,29154,6,1,0,0,3,0,71,215,1,0,0,0,0,4,2016,4,2016,0,0,0,0,0,3,3,60,1,1,2,1,0,0,2,53,1,1,1,26,"777777777777","777777777777","777777777777",0,0
45,450319,3,3,1,24,5,11,12,12,1,1,0,45,1,12,481,12481,31,1992,"1FTEF15Y9NNA","1","F","T","E","F","1","5","Y","9","N","N","A",0,0,0,"000000000","00000000000",0,0,0,1,0,0,0,0,0,0,0,60,0,1,1,12,6,2,1,0,0,0,1,45,29644,6,1,0,0,3,3,69,190,1,0,0,0,0,2,2016,2,2016,4,0,0,0,0,3,3,60,1,1,2,1,0,0,1,51,1,1,1,24,"777777777777","777777777777","777777777777",1,0
45,450320,1,1,1,25,5,19,50,34,0,1,0,36,0,98,709,98709,81,2015,"999999999999","9","9","9","9","9","9","9","9","9","9","9","9",0,0,0,"000000000","00000000000",0,0,0,1,0,0,0,0,0,0,0,45,0,0,0,12,6,2,1,0,0,0,1,36,11758,0,0,0,0,0,0,71,999,0,2,1,0,0,9,2012,1,2014,4,0,0,0,0,1,2,45,3,2,2,1,0,0,14,13,1,1,4,1,"777777777777","777777777777","777777777777",1,1
45,450321,1,1,2,25,5,2,10,34,0,1,0,45,2,6,441,6441,20,2001,"2C4GP44G41R1","2","C","4","G","P","4","4","G","4","1","R","1",0,0,0,"000000000","00000000000",0,0,0,1,0,0,0,0,0,0,0,60,0,0,0,12,6,2,42,0,0,0,1,45,29666,6,1,0,0,3,0,65,175,3,0,0,0,1,5,2012,12,2015,4,28,0,0,0,1,2,35,1,2,2,1,0,0,1,12,1,1,4,6,"777777777777","777777777777","777777777777",1,0
45,450322,1,2,1,26,5,11,25,12,6,1,0,45,1,7,482,7482,31,1997,"1B7HC13Y1VJ5","1","B","7","H","C","1","3","Y","1","V","J","5",0,0,0,"000000000","00000000000",0,0,0,1,0,0,0,0,0,0,0,40,0,0,0,12,6,2,12,0,0,0,1,45,29696,6,1,0,0,3,0,72,173,0,1,0,0,0,4,2014,4,2014,0,0,0,0,0,1,2,45,1,1,2,1,0,0,1,67,1,1,1,83,"777777777777","777777777777","777777777777",0,0
45,450322,2,2,1,26,5,11,25,12,6,1,0,45,1,49,442,49442,20,2012,"5TDYK3DCXCS1","5","T","D","Y","K","3","D","C","X","C","S","1",0,0,0,"000000000","00000000000",0,0,0,1,0,0,0,0,0,0,0,10,0,0,0,10,6,2,12,0,0,0,1,45,29672,6,1,0,0,3,0,62,160,0,0,0,0,0,0,0,0,0,0,38,0,0,0,1,2,45,1,1,2,1,21,3,11,15,1,1,1,82,"777777777777","777777777777","777777777777",1,1
45,450323,1,1,2,26,5,5,40,11,0,1,0,45,1,72,706,72706,80,2008,"1HD1FR4138Y6","1","H","D","1","F","R","4","1","3","8","Y","6",0,0,0,"000000000","00000000000",0,0,0,1,0,0,0,0,0,0,0,70,0,0,0,12,6,2,11,0,0,0,1,45,29115,6,1,6,3,3,3,66,186,1,0,0,0,1,9,2013,9,2013,0,83,0,0,0,3,2,70,1,1,2,1,0,0,1,87,1,1,1,13,"777777777777","777777777777","777777777777",1,0
45,450324,1,3,2,26,5,16,39,12,8,1,0,45,3,20,461,20461,21,2006,"1GBJG31U1612","1","G","B","J","G","3","1","U","1","6","1","2",0,0,0,"000000000","00000000000",0,0,0,1,0,0,0,0,0,0,0,55,0,1,5,9,6,2,1,0,0,0,1,45,29078,6,1,0,0,3,3,73,225,1,3,0,0,0,5,2012,10,2015,0,0,0,0,0,1,2,55,1,2,2,1,0,0,1,62,1,1,1,65,"777777777777","777777777777","777777777777",0,0
45,450324,2,3,1,26,5,16,39,12,8,1,0,45,1,49,472,49472,30,2006,"5TEMU52N56Z2","5","T","E","M","U","5","2","N","5","6","Z","2",0,0,0,"000000000","00000000000",0,0,0,1,0,0,0,0,0,0,0,50,0,0,0,12,6,2,12,0,0,0,1,45,29014,6,1,0,0,3,0,72,160,0,0,0,2,0,8,2013,12,2013,0,0,0,0,0,1,2,55,1,2,2,1,0,0,17,13,7,1,4,98,"777777777777","777777777777","777777777777",1,0
45,450324,3,3,1,26,5,16,39,12,8,1,0,45,3,7,482,7482,31,2012,"3C7WDNAL5CG2","3","C","7","W","D","N","A","L","5","C","G","2",0,0,0,"000000000","00000000000",0,0,0,1,0,0,0,0,0,0,0,55,0,0,0,9,6,2,12,0,0,0,1,45,29706,6,1,0,0,3,0,67,200,0,0,0,2,0,1,2013,4,2015,0,28,0,0,0,1,2,55,1,2,2,1,0,0,1,10,1,1,2,64,"777777777777","777777777777","777777777777",0,0
45,450325,1,1,2,26,5,9,55,42,0,1,0,45,1,20,421,20421,15,2001,"1GNCS13W1121","1","G","N","C","S","1","3","W","1","1","2","1",0,0,0,"000000000","00000000000",0,0,0,1,0,0,0,0,0,0,0,45,0,0,0,12,6,2,42,0,0,0,1,45,29591,6,1,0,0,3,3,71,250,2,0,0,0,0,4,2012,5,2015,4,28,0,0,0,1,2,45,3,1,2,1,0,0,14,13,1,1,4,1,"777777777777","777777777777","777777777777",1,0
45,450326,1,1,1,26,5,18,25,1,0,1,0,45,2,20,481,20481,31,2005,"2GCEK19B0513","2","G","C","E","K","1","9","B","0","5","1","3",0,0,0,"000000000","00000000000",0,0,0,1,0,0,0,0,0,0,0,60,0,2,5,0,6,2,1,0,0,0,1,45,29591,6,1,0,0,3,0,74,170,0,0,0,0,0,0,0,0,0,0,28,58,0,0,1,2,45,1,1,2,1,0,0,1,13,1,1,4,1,"777777777777","777777777777","777777777777",1,1
45,450327,1,1,1,26,5,21,0,1,0,1,0,45,1,53,705,53705,80,2004,"JS1GW71A2421","J","S","1","G","W","7","1","A","2","4","2","1",0,0,0,"000000000","00000000000",0,0,0,1,0,0,0,0,0,0,0,70,0,0,0,0,6,2,1,0,0,0,1,45,29180,6,1,0,0,3,0,65,155,0,1,0,2,0,3,2012,1,2015,3,28,0,0,0,1,2,45,2,1,2,1,0,0,14,12,1,1,4,6,"777777777777","777777777777","777777777777",1,0
45,450328,1,2,2,27,5,15,44,12,6,1,0,45,2,12,481,12481,31,1999,"1FTNX21F7XEE","1","F","T","N","X","2","1","F","7","X","E","E",0,0,0,"000000000","00000000000",0,0,0,1,0,0,0,0,0,0,0,0,0,0,0,8,4,5,12,0,0,0,1,45,29209,6,1,0,0,3,3,68,170,0,3,0,0,0,12,2011,3,2012,0,0,0,0,0,1,2,55,1,1,2,1,0,0,11,15,1,1,1,72,"777777777777","777777777777","777777777777",0,0
45,450328,2,2,1,27,5,15,44,12,6,1,0,45,1,37,706,37706,80,2002,"JH2SC50012M0","J","H","2","S","C","5","0","0","1","2","M","0",0,0,0,"000000000","00000000000",0,0,0,1,0,0,0,0,0,0,0,55,0,0,0,12,6,2,12,0,0,0,1,45,29010,6,1,0,0,3,0,67,238,1,0,0,1,1,10,2011,5,2015,4,27,0,0,0,1,2,55,1,1,2,1,0,0,6,10,1,1,2,73,"777777777777","777777777777","777777777777",1,0
45,450329,1,2,1,27,5,23,38,12,6,1,0,45,1,23,421,23421,15,2007,"1GKFK13077J1","1","G","K","F","K","1","3","0","7","7","J","1",0,0,0,"000000000","00000000000",0,0,0,1,0,0,0,0,0,0,0,45,0,0,0,12,6,2,12,0,0,0,1,45,29625,6,1,0,0,3,0,73,240,3,1,0,0,0,2,2014,2,2016,0,0,0,0,0,2,2,45,1,1,2,1,0,0,1,63,1,1,1,65,"777777777777","777777777777","777777777777",0,1
45,450329,2,2,1,27,5,23,38,12,6,1,0,45,1,24,7,24007,4,2007,"1G8AL58B87Z1","1","G","8","A","L","5","8","B","8","7","Z","1",0,0,0,"000000000","00000000000",0,0,0,1,0,0,0,0,0,0,0,80,0,0,0,3,6,2,12,0,0,0,1,45,29655,6,1,0,0,3,0,64,150,0,1,0,1,0,8,2015,12,2015,4,0,0,0,0,2,2,45,1,1,2,1,0,0,1,10,1,1,6,64,"777777777777","777777777777","777777777777",1,0
45,450330,1,2,1,28,5,1,20,12,1,1,0,19,3,84,881,84881,66,2006,"2HSCNAPR26C2","2","H","S","C","N","A","P","R","2","6","C","2",1,1,19,"2381468","192381468",3,6,1,1,0,0,0,0,0,0,0,5,0,0,0,6,4,5,12,0,0,0,1,48,78586,6,1,6,3,3,3,999,999,1,1,0,1,1,6,2013,9,2015,0,0,0,0,0,2,2,60,1,1,2,1,0,0,10,53,1,1,1,25,"888888888888","777777777777","777777777777",0,0
45,450330,2,2,1,28,5,1,20,12,1,1,0,45,1,37,402,37402,14,2003,"SHSRD78823U1","S","H","S","R","D","7","8","8","2","3","U","1",0,0,0,"000000000","00000000000",0,0,0,1,0,0,0,0,0,0,0,60,0,0,0,12,6,2,12,0,0,0,1,45,29560,6,1,0,0,3,3,68,200,0,0,0,0,0,0,0,0,0,4,0,0,0,0,2,2,60,1,1,2,1,0,0,1,51,1,1,1,24,"777777777777","777777777777","777777777777",1,0
45,450331,1,4,1,29,5,15,20,1,0,1,0,37,1,53,706,53706,80,1993,"JSIGU75A4P21","J","S","I","G","U","7","5","A","4","P","2","1",0,0,0,"000000000","00000000000",0,0,0,1,0,0,0,0,0,0,0,999,0,0,0,0,6,2,12,0,0,0,1,37,28214,6,1,0,0,3,0,69,999,0,0,0,0,1,10,2015,10,2015,0,87,0,0,0,1,2,45,1,1,2,2,0,0,2,6,16,9,1,98,"777777777777","777777777777","777777777777",1,1
45,450331,2,4,1,29,5,15,20,1,0,1,0,37,2,72,706,72706,80,2008,"1HD1FC4148Y6","1","H","D","1","F","C","4","1","4","8","Y","6",0,0,0,"000000000","00000000000",0,0,0,1,0,0,0,0,0,0,0,999,0,0,0,0,4,5,1,0,0,0,1,37,28203,6,1,0,0,3,3,66,999,1,4,0,1,0,8,2011,2,2016,0,87,0,0,0,1,2,45,1,1,2,2,0,0,1,6,16,9,1,98,"777777777777","777777777777","777777777777",0,0
45,450331,3,4,1,29,5,15,20,1,0,1,0,37,2,72,706,72706,80,2004,"1HD1FMW114Y7","1","H","D","1","F","M","W","1","1","4","Y","7",0,0,0,"000000000","00000000000",0,0,0,1,0,0,0,0,0,0,0,999,0,0,0,6,0,5,12,0,0,0,1,37,28208,6,1,0,0,3,0,76,999,2,1,0,1,0,9,2011,4,2015,0,87,0,0,0,1,2,45,1,1,2,2,0,0,2,62,16,9,1,98,"777777777777","777777777777","777777777777",0,0
45,450331,4,4,1,29,5,15,20,1,0,1,1,45,3,82,881,82881,66,2012,"1FUJGLDR6CSB","1","F","U","J","G","L","D","R","6","C","S","B",1,1,45,"1223855","451223855",3,6,1,1,0,0,0,0,0,0,0,999,0,0,0,8,0,5,18,0,0,0,1,45,29506,6,1,6,0,3,3,74,285,1,0,0,0,0,3,2016,3,2016,0,0,0,0,0,1,2,45,1,1,2,2,0,0,1,92,1,1,1,98,"888888888888","777777777777","777777777777",0,0
45,450332,1,1,1,29,5,3,28,33,0,1,0,45,2,35,39,35039,4,2004,"1N4BA41E04C8","1","N","4","B","A","4","1","E","0","4","C","8",0,0,0,"000000000","00000000000",0,0,0,1,0,0,0,0,0,0,0,45,0,0,0,12,6,2,2,0,0,1,1,45,29203,6,1,0,0,3,0,67,139,1,1,0,0,1,4,2012,4,2012,3,8,28,0,0,2,2,45,3,2,2,2,0,0,14,13,1,9,4,1,"777777777777","777777777777","777777777777",1,1
45,450333,1,1,1,29,5,23,6,34,0,1,0,45,1,19,14,19014,4,1995,"1G6KS52YXSU8","1","G","6","K","S","5","2","Y","X","S","U","8",0,0,0,"000000000","00000000000",0,0,0,1,0,0,0,0,0,0,0,70,0,0,0,12,6,2,42,0,0,0,1,45,29420,6,1,6,0,3,0,69,163,0,1,1,0,1,1,2014,1,2014,3,28,0,0,0,1,2,35,3,2,2,2,0,0,14,6,7,9,4,2,"777777777777","777777777777","777777777777",1,1
45,450334,1,1,1,28,5,14,53,30,0,1,0,45,1,12,17,12017,4,2002,"1FAFP55U12A1","1","F","A","F","P","5","5","U","1","2","A","1",0,0,0,"000000000","00000000000",0,0,0,1,0,0,0,0,0,0,0,999,0,0,0,4,6,2,30,0,0,0,1,45,29405,6,1,0,0,3,0,61,252,1,3,0,1,1,12,2013,2,2015,0,0,0,0,0,1,2,25,1,1,2,2,0,0,1,13,1,9,4,5,"777777777777","777777777777","777777777777",1,0
45,450335,1,2,1,31,5,17,20,12,2,1,0,45,3,12,462,12462,21,2015,"1FTYR2ZM0FKA","1","F","T","Y","R","2","Z","M","0","F","K","A",0,0,0,"000000000","00000000000",0,0,0,1,0,0,0,0,0,0,0,15,0,0,0,12,6,2,12,0,0,0,1,45,29053,6,1,0,0,3,0,73,190,0,0,0,0,0,0,0,0,0,0,0,0,0,0,2,2,45,1,1,2,1,0,0,1,63,1,1,1,51,"777777777777","777777777777","777777777777",0,0
45,450335,2,2,1,31,5,17,20,12,2,1,0,45,1,18,2,18002,4,2002,"1G4HP54K1241","1","G","4","H","P","5","4","K","1","2","4","1",0,0,0,"000000000","00000000000",0,0,0,1,0,0,0,0,0,0,0,25,0,0,0,12,6,2,12,0,0,0,1,45,29170,6,1,0,0,3,3,62,155,0,0,0,0,0,0,0,0,0,0,28,0,0,0,2,2,45,1,1,2,1,0,0,1,10,1,1,2,50,"777777777777","777777777777","777777777777",1,0
45,450336,1,3,1,10,5,6,4,12,1,1,0,45,1,7,442,7442,20,1998,"2B4FP25B2WR7","2","B","4","F","P","2","5","B","2","W","R","7",0,0,0,"000000000","00000000000",0,0,0,1,0,0,0,0,0,0,0,45,0,0,0,12,6,2,12,0,0,0,1,45,29405,6,1,0,0,3,0,67,245,0,0,0,0,0,0,0,0,0,0,0,0,0,0,2,2,45,1,1,2,1,0,0,1,10,1,1,2,24,"777777777777","777777777777","777777777777",0,0
45,450336,2,3,2,10,5,6,4,12,1,1,0,37,1,47,35,47035,4,2003,"YS3FB49S4310","Y","S","3","F","B","4","9","S","4","3","1","0",0,0,0,"000000000","00000000000",0,0,0,1,0,0,0,0,0,0,0,8,0,0,0,6,6,2,12,0,0,0,1,37,27704,6,1,0,0,3,0,68,999,0,1,0,3,2,1,2014,10,2014,0,0,0,0,0,2,2,45,1,1,2,1,0,0,11,15,1,1,1,26,"777777777777","777777777777","777777777777",1,0
45,450336,3,3,1,10,5,6,4,12,1,1,0,45,1,24,9,24009,4,2007,"1G8ZV57727F2","1","G","8","Z","V","5","7","7","2","7","F","2",0,0,0,"000000000","00000000000",0,0,0,1,0,0,0,0,0,0,0,40,0,0,0,12,6,2,12,0,0,0,1,45,29485,6,1,6,0,3,0,68,150,0,0,0,0,0,0,0,0,0,0,0,0,0,0,2,2,45,1,1,2,1,0,0,1,62,1,1,1,98,"777777777777","777777777777","777777777777",0,0
45,450337,1,1,2,23,5,19,13,18,0,1,0,45,1,37,701,37701,80,2009,"JH2AF60069K7","J","H","2","A","F","6","0","0","6","9","K","7",0,0,0,"000000000","00000000000",0,0,0,1,0,0,0,0,0,0,0,35,0,0,0,12,6,2,1,0,0,0,1,45,29407,6,1,0,0,3,3,74,190,2,3,0,0,0,5,2012,5,2016,4,28,0,0,0,1,2,45,1,1,2,1,0,0,1,13,1,1,4,1,"777777777777","777777777777","777777777777",1,0
45,450338,1,1,2,31,5,23,0,1,0,1,0,45,1,12,481,12481,31,2008,"1FTRX12W78FA","1","F","T","R","X","1","2","W","7","8","F","A",0,0,0,"000000000","00000000000",0,0,0,1,0,0,0,0,0,0,0,70,0,2,5,0,6,2,1,0,0,0,1,45,29812,6,1,0,0,3,0,75,207,0,0,0,2,0,12,2012,6,2014,3,28,0,0,0,1,2,55,1,1,2,2,0,0,1,13,1,1,4,1,"777777777777","777777777777","777777777777",1,1
45,450339,1,1,1,31,5,23,50,9,0,1,0,45,1,35,48,35048,2,2010,"JN1AZ4EH4AM5","J","N","1","A","Z","4","E","H","4","A","M","5",0,0,0,"000000000","00000000000",0,0,0,1,0,0,0,0,0,0,0,50,0,0,0,12,6,2,9,0,0,0,1,45,29052,6,1,6,3,3,0,66,200,0,2,0,0,0,12,2013,9,2015,0,0,0,0,0,1,2,55,1,1,8,1,0,0,1,83,1,1,1,13,"777777777777","777777777777","777777777777",0,0
45,450340,1,2,1,1,6,12,41,12,6,1,0,45,2,12,481,12481,31,2010,"1FTFW1EV8AFC","1","F","T","F","W","1","E","V","8","A","F","C",0,0,0,"000000000","00000000000",0,0,0,1,0,0,0,0,0,0,0,55,0,0,0,12,6,2,12,0,0,0,1,45,29510,6,1,6,0,3,3,68,160,0,0,0,0,0,0,0,0,0,0,0,0,0,0,1,2,55,1,1,2,1,0,0,1,66,1,1,1,88,"777777777777","777777777777","777777777777",0,0
45,450340,2,2,1,1,6,12,41,12,6,1,0,45,2,35,43,35043,4,2004,"3N1CB51DX4L8","3","N","1","C","B","5","1","D","X","4","L","8",0,0,0,"000000000","00000000000",0,0,0,1,0,0,0,0,0,0,0,3,0,0,0,9,6,2,12,0,0,0,1,45,29510,6,1,0,0,3,0,71,255,0,0,0,0,0,0,0,0,0,0,38,0,0,0,1,2,55,1,1,2,1,0,0,4,17,1,1,1,89,"777777777777","777777777777","777777777777",1,0
45,450341,1,2,1,1,6,22,25,12,1,1,0,45,2,20,37,20037,4,2005,"1G1ND52F25M2","1","G","1","N","D","5","2","F","2","5","M","2",0,0,0,"000000000","00000000000",0,0,0,1,0,0,0,0,0,0,0,45,0,0,0,12,6,2,12,0,0,0,1,47,37683,6,1,0,0,3,0,76,185,1,2,0,1,1,1,2013,9,2013,4,0,0,0,0,1,2,35,1,1,2,1,0,0,1,51,1,1,1,24,"777777777777","777777777777","777777777777",0,0
45,450341,2,2,1,1,6,22,25,12,1,1,0,45,1,98,709,98709,81,9999,"999999999999","9","9","9","9","9","9","9","9","9","9","9","9",0,0,0,"000000000","00000000000",0,0,0,1,0,0,0,0,0,0,0,25,0,0,0,6,6,2,12,0,0,0,1,45,29555,1,1,5,0,2,0,71,200,0,10,0,2,0,3,2014,3,2016,0,0,0,0,0,1,2,35,1,1,2,1,0,0,1,53,1,1,1,25,"777777777777","777777777777","777777777777",1,0
45,450342,1,2,1,13,2,3,5,12,1,1,0,45,1,20,481,20481,31,1997,"1GCEK19R6VE1","1","G","C","E","K","1","9","R","6","V","E","1",0,0,0,"000000000","00000000000",0,0,0,1,0,0,0,0,0,0,0,60,0,0,0,12,0,5,12,0,0,0,1,45,29541,6,1,0,0,3,0,67,190,1,0,0,0,0,2,2012,2,2012,3,26,0,0,0,1,2,50,1,1,2,1,0,0,1,51,1,1,1,24,"777777777777","777777777777","777777777777",0,1
45,450342,2,2,1,13,2,3,5,12,1,1,0,45,1,98,709,98709,81,2015,"999999999999","9","9","9","9","9","9","9","9","9","9","9","9",0,0,0,"000000000","00000000000",0,0,0,1,0,0,0,0,0,0,0,30,0,0,0,6,6,2,12,0,0,0,1,45,29505,1,1,5,0,2,0,74,180,0,5,0,1,1,3,2013,1,2016,0,0,0,0,0,1,2,50,1,1,2,1,0,0,1,53,1,1,1,25,"777777777777","777777777777","777777777777",1,0
45,450343,1,1,4,1,6,21,23,59,0,1,0,45,2,59,35,59035,4,2006,"JTHBE2624650","J","T","H","B","E","2","6","2","4","6","5","0",0,0,0,"000000000","00000000000",0,0,0,1,0,0,0,0,0,0,0,109,0,2,5,99,6,2,42,0,0,0,1,45,29481,6,1,0,0,3,3,73,143,1,1,0,5,0,3,2014,10,2015,3,0,0,0,0,6,1,99,2,1,2,1,0,0,14,6,6,9,4,7,"777777777777","777777777777","777777777777",3,0
45,450344,1,1,1,2,6,1,0,35,0,1,0,45,2,34,34,34034,2,1998,"WBABJ1327WEA","W","B","A","B","J","1","3","2","7","W","E","A",0,0,0,"000000000","00000000000",0,0,0,1,0,0,0,0,0,0,0,70,0,2,5,9,6,2,1,0,0,0,1,45,29201,1,1,5,0,2,0,66,178,0,0,0,0,0,0,0,0,0,4,28,0,0,0,3,3,60,1,1,2,1,0,0,1,13,1,1,4,1,"777777777777","777777777777","777777777777",1,1
45,450345,1,1,3,3,6,22,12,42,0,1,0,45,2,35,43,35043,4,2010,"3N1AB6AP9AL6","3","N","1","A","B","6","A","P","9","A","L","6",0,0,0,"000000000","00000000000",0,0,0,1,0,0,0,0,0,0,0,50,0,0,0,12,6,2,42,0,0,0,1,45,29609,6,1,0,0,3,0,69,142,0,0,0,2,0,1,2015,7,2015,0,0,0,0,0,1,2,30,3,1,2,1,0,0,14,13,1,1,4,1,"777777777777","777777777777","777777777777",2,1
45,450346,1,2,1,4,6,2,58,12,6,1,0,45,1,18,7,18007,4,2005,"2G4WS52J0511","2","G","4","W","S","5","2","J","0","5","1","1",0,0,0,"000000000","00000000000",0,0,0,1,0,0,0,0,0,0,0,55,0,0,0,9,6,2,12,0,0,0,1,45,29118,6,1,0,0,3,0,72,150,0,1,0,1,1,7,2013,6,2015,0,0,0,0,0,1,2,55,1,1,2,1,0,0,1,66,1,1,1,89,"777777777777","777777777777","777777777777",1,0
45,450346,2,2,1,4,6,2,58,12,6,1,0,45,2,20,481,20481,31,2012,"1GCPKSE71CF1","1","G","C","P","K","S","E","7","1","C","F","1",0,0,0,"000000000","00000000000",0,0,0,1,0,0,0,0,0,0,0,35,0,1,5,12,6,2,12,0,0,0,1,45,29137,6,1,0,0,3,3,74,220,1,0,0,1,0,8,2013,10,2013,0,39,0,0,0,1,2,55,1,1,2,1,20,3,1,17,1,1,1,88,"777777777777","777777777777","777777777777",0,0
45,450347,1,1,1,4,6,4,0,42,0,1,0,45,1,20,481,20481,31,1999,"1GCEK19T4XE1","1","G","C","E","K","1","9","T","4","X","E","1",0,0,0,"000000000","00000000000",0,0,0,1,0,0,0,0,0,0,0,55,0,0,0,12,6,2,42,0,0,0,1,45,29038,6,1,0,0,3,0,72,155,0,0,0,0,0,0,0,0,0,0,28,0,0,0,1,2,55,1,1,2,1,0,0,1,13,1,1,4,1,"777777777777","777777777777","777777777777",1,1
45,450348,1,1,7,4,6,15,33,42,0,1,0,45,2,20,481,20481,31,2004,"2GCEC19TX412","2","G","C","E","C","1","9","T","X","4","1","2",0,0,0,"000000000","00000000000",0,0,0,1,0,0,0,0,0,0,0,40,0,0,0,3,6,2,42,0,0,0,1,45,29554,0,0,0,0,0,0,999,999,0,0,0,0,0,0,0,0,0,4,8,0,0,0,1,2,40,4,1,2,99,0,0,14,6,7,9,4,2,"777777777777","777777777777","777777777777",1,0
45,450349,1,1,1,5,6,22,57,42,0,1,0,45,1,37,32,37032,4,2009,"1HGCP26319A0","1","H","G","C","P","2","6","3","1","9","A","0",0,0,0,"000000000","00000000000",0,0,0,1,0,0,0,0,0,0,0,90,0,2,5,2,6,2,42,0,0,0,1,45,29906,6,1,0,0,3,3,68,142,1,4,0,0,0,6,2014,2,2016,3,28,0,0,0,1,2,45,1,1,2,1,0,0,6,13,1,1,4,1,"777777777777","777777777777","777777777777",1,0
45,450350,1,1,1,4,6,23,59,8,0,1,0,12,4,2,422,2422,15,2015,"1C4RJEAG3FC1","1","C","4","R","J","E","A","G","3","F","C","1",0,0,0,"000000000","00000000000",0,0,0,1,0,0,0,0,0,0,0,45,0,0,0,12,6,9,8,0,0,0,1,45,29611,6,1,0,0,3,0,65,125,0,4,0,2,0,3,2013,8,2015,0,0,0,0,0,2,2,45,1,1,2,1,0,0,1,80,1,1,1,13,"777777777777","777777777777","777777777777",0,0
45,450351,1,1,1,5,6,3,15,34,0,1,0,45,2,49,471,49471,30,1989,"JT4RN23P4K50","J","T","4","R","N","2","3","P","4","K","5","0",0,0,0,"000000000","00000000000",0,0,0,1,0,0,0,0,0,0,0,70,0,1,5,12,6,2,42,0,0,0,1,45,29135,0,0,0,0,0,0,999,999,0,0,0,0,0,0,0,0,0,3,28,0,0,0,1,2,55,1,1,2,1,0,0,1,13,1,1,4,1,"777777777777","777777777777","777777777777",1,1
45,450352,1,1,2,5,6,8,57,1,0,1,0,45,2,12,401,12401,14,1994,"1FMDU32X6RUA","1","F","M","D","U","3","2","X","6","R","U","A",0,0,0,"000000000","00000000000",0,0,0,1,0,0,0,0,0,0,0,35,0,2,5,0,6,2,1,0,0,0,1,45,29180,6,1,6,3,3,0,75,170,0,5,0,1,0,10,2012,4,2016,3,28,0,0,0,6,1,25,2,2,2,2,0,0,14,13,1,1,4,1,"777777777777","777777777777","777777777777",1,0
45,450353,1,2,1,6,6,14,30,12,6,1,0,45,3,20,898,20898,61,2004,"JALC4B146470","J","A","L","C","4","B","1","4","6","4","7","0",0,0,45,"0540309","450540309",2,1,1,1,0,0,0,0,0,0,0,45,0,0,0,12,6,2,12,0,0,0,1,45,29588,6,1,0,0,3,0,66,161,0,0,0,0,1,3,2015,3,2015,0,0,0,0,0,2,2,45,1,1,2,2,0,0,1,66,1,1,1,88,"777777777777","777777777777","777777777777",0,0