"STATE","ST_CASE","VEH_NO","VE_FORMS","NUMOCCS","DAY","MONTH","HOUR","MINUTE","HARM_EV","MAN_COLL","UNITTYPE","HIT_RUN","REG_STAT","OWNER","MAKE","MODEL","MAK_MOD","BODY_TYP","MOD_YEAR","VIN","VIN_1","VIN_2","VIN_3","VIN_4","VIN_5","VIN_6","VIN_7","VIN_8","VIN_9","VIN_10","VIN_11","VIN_12","TOW_VEH","J_KNIFE","MCARR_I1","MCARR_I2","MCARR_ID","GVWR","V_CONFIG","CARGO_BT","HAZ_INV","HAZ_PLAC","HAZ_ID","HAZ_CNO","HAZ_REL","BUS_USE","SPEC_USE","EMER_USE","TRAV_SP","UNDERIDE","ROLLOVER","ROLINLOC","IMPACT1","DEFORMED","TOWED","M_HARM","VEH_SC1","VEH_SC2","FIRE_EXP","DR_PRES","L_STATE","DR_ZIP","L_STATUS","L_TYPE","CDL_STAT","L_ENDORS","L_COMPL","L_RESTRI","DR_HGT","DR_WGT","PREV_ACC","PREV_SUS","PREV_DWI","PREV_SPD","PREV_OTH","FIRST_MO","FIRST_YR","LAST_MO","LAST_YR","SPEEDREL","DR_SF1","DR_SF2","DR_SF3","DR_SF4","VTRAFWAY","VNUM_LAN","VSPD_LIM","VALIGN","VPROFILE","VPAVETYP","VSURCOND","VTRAFCON","VTCONT_F","P_CRASH1","P_CRASH2","P_CRASH3","PCRASH4","PCRASH5","ACC_TYPE","TRLR1VIN","TRLR2VIN","TRLR3VIN","DEATHS","DR_DRINK"
45,450381,2,2,1,13,6,10,0,12,2,1,0,45,2,63,32,63032,4,2008,"KNADE1233863","K","N","A","D","E","1","2","3","3","8","6","3",0,0,0,"000000000","00000000000",0,0,0,1,0,0,0,0,0,0,0,50,0,0,0,12,6,2,12,0,0,0,1,45,29669,6,1,0,0,3,0,65,135,0,0,0,0,0,0,0,0,0,0,28,0,0,0,1,2,55,1,1,2,1,0,0,1,10,1,1,2,50,"777777777777","777777777777","777777777777",1,0
45,450382,1,2,1,13,6,6,21,12,7,1,0,45,1,53,705,53705,80,1982,"JS1GS71L8C21","J","S","1","G","S","7","1","L","8","C","2","1",0,0,0,"000000000","00000000000",0,0,0,1,0,0,0,0,0,0,0,60,0,0,0,3,6,2,1,0,0,0,1,45,29642,6,1,0,0,3,0,74,203,0,0,0,0,0,0,0,0,0,0,0,0,0,0,3,4,60,1,1,2,1,0,0,1,63,1,1,1,45,"777777777777","777777777777","777777777777",1,0
45,450382,2,2,1,13,6,6,21,12,7,1,1,26,1,63,38,63038,5,2013,"KNAFU4A21D57","K","N","A","F","U","4","A","2","1","D","5","7",0,0,0,"000000000","00000000000",0,0,0,1,0,0,0,0,0,0,0,60,0,0,0,5,4,3,12,0,0,0,1,45,29607,6,1,0,0,3,0,67,163,0,2,0,1,0,2,2012,4,2012,0,28,0,0,0,3,4,60,1,1,2,1,0,0,15,11,1,1,2,44,"777777777777","777777777777","777777777777",0,0
45,450383,1,1,1,18,6,3,10,38,0,1,0,45,1,20,481,20481,31,1999,"1GCEK19R1XR1","1","G","C","E","K","1","9","R","1","X","R","1",0,0,0,"000000000","00000000000",0,0,0,1,0,0,0,0,0,0,0,55,0,2,6,2,6,2,1,0,0,0,1,45,29123,6,1,0,0,3,0,71,180,1,0,0,1,0,12,2014,7,2015,0,28,0,0,0,1,2,55,1,1,2,1,0,0,1,13,1,1,4,1,"777777777777","777777777777","777777777777",1,1
45,450384,1,2,1,12,6,11,15,12,1,1,0,34,3,82,881,82881,66,2011,"1FUJGLDR1BSA","1","F","U","J","G","L","D","R","1","B","S","A",1,1,34,"2869147","342869147",3,6,1,1,0,0,0,0,0,0,0,60,0,0,0,12,6,2,12,0,0,0,1,12,33068,6,1,6,3,3,3,76,999,0,0,0,0,0,0,0,0,0,4,26,0,0,0,3,2,70,1,1,2,1,0,0,1,50,1,1,1,20,"888888888888","777777777777","777777777777",0,0
45,450384,2,2,2,12,6,11,15,12,1,1,0,12,1,20,2,20002,4,2011,"2G1WC5E36C12","2","G","1","W","C","5","E","3","6","C","1","2",0,0,0,"000000000","00000000000",0,0,0,1,0,0,0,0,0,0,0,0,0,0,0,6,6,2,12,0,0,0,1,12,32009,6,1,0,0,3,3,72,999,0,0,0,0,0,0,0,0,0,0,0,0,0,0,3,2,70,1,1,2,1,0,0,1,53,1,1,1,21,"777777777777","777777777777","777777777777",1,0
45,450385,1,2,1,16,6,17,30,12,6,1,0,45,2,7,43,7043,4,2006,"1B3AL46T96N2","1","B","3","A","L","4","6","T","9","6","N","2",0,0,0,"000000000","00000000000",0,0,0,1,0,0,0,0,0,0,0,3,0,0,0,9,6,2,12,0,0,0,1,45,29936,0,0,0,0,0,0,999,999,99,99,99,99,99,99,9999,99,9999,0,38,0,0,0,1,2,45,1,1,2,1,20,3,1,17,1,1,1,89,"777777777777","777777777777","777777777777",1,0
45,450385,2,2,1,16,6,17,30,12,6,1,0,45,1,12,481,12481,31,2000,"1FTSW31F0YEA","1","F","T","S","W","3","1","F","0","Y","E","A",0,0,0,"000000000","00000000000",0,0,0,1,0,0,0,0,0,0,0,40,0,0,0,12,6,2,12,0,0,0,1,45,29907,6,1,0,0,3,0,67,235,0,0,0,0,0,0,0,0,0,0,0,0,0,0,1,2,45,1,1,2,1,0,0,1,66,1,1,1,88,"777777777777","777777777777","777777777777",0,0
45,450386,1,1,1,18,6,20,15,34,0,1,0,45,1,72,706,72706,80,2013,"1HD1KEM19DB6","1","H","D","1","K","E","M","1","9","D","B","6",0,0,0,"000000000","00000000000",0,0,0,1,0,0,0,0,0,0,0,40,0,0,0,12,6,2,1,0,0,0,1,45,29036,6,1,0,0,3,0,69,180,0,2,0,0,0,4,2014,9,2014,0,28,0,0,0,1,2,45,1,1,2,1,0,0,1,13,1,1,4,1,"777777777777","777777777777","777777777777",1,1
45,450387,1,1,1,18,6,22,0,34,0,1,0,45,2,49,40,49040,4,2005,"4T1BE32K65U5","4","T","1","B","E","3","2","K","6","5","U","5",0,0,0,"000000000","00000000000",0,0,0,1,0,0,0,0,0,0,0,55,0,0,0,12,6,2,42,0,0,0,1,45,29520,6,1,6,0,3,0,72,165,0,0,0,1,0,9,2015,9,2015,4,0,0,0,0,1,2,55,4,1,2,1,0,0,14,12,1,9,4,6,"777777777777","777777777777","777777777777",1,1
45,450388,1,1,1,19,6,2,26,42,0,1,0,45,1,23,471,23471,30,2003,"1GTCS19X1382","1","G","T","C","S","1","9","X","1","3","8","2",0,0,0,"000000000","00000000000",0,0,0,1,0,0,0,0,0,0,0,50,0,0,0,12,6,2,42,0,0,0,1,45,29588,6,1,0,0,3,0,72,205,1,0,0,1,0,4,2013,3,2016,0,28,0,0,0,1,2,25,1,1,2,1,20,3,1,13,1,1,4,1,"777777777777","777777777777","777777777777",1,0
45,450389,1,2,3,21,6,16,0,12,6,1,0,45,2,49,40,49040,4,2014,"4T1BF1FKXEU8","4","T","1","B","F","1","F","K","X","E","U","8",0,0,0,"000000000","00000000000",0,0,0,1,0,0,0,0,0,0,0,35,0,0,0,10,6,2,12,0,0,0,1,45,29145,6,1,0,0,3,3,70,150,1,0,0,3,1,12,2013,3,2016,0,0,0,0,0,2,2,40,1,2,2,1,3,3,1,67,1,1,1,69,"777777777777","777777777777","777777777777",1,0
45,450389,2,2,1,21,6,16,0,12,6,1,0,45,2,20,24,20024,6,2010,"1GNLVHED3AS1","1","G","N","L","V","H","E","D","3","A","S","1",0,0,0,"000000000","00000000000",0,0,0,1,0,0,0,0,0,0,0,5,0,0,0,12,6,2,12,0,0,0,1,45,29845,6,1,0,0,3,0,61,200,0,1,0,0,0,9,2013,9,2013,0,39,0,0,0,5,3,40,1,2,2,1,3,3,11,15,1,1,1,68,"777777777777","777777777777","777777777777",0,0
45,450390,1,3,1,21,6,13,4,12,7,1,0,45,2,20,422,20422,15,2004,"1GNEC16Z74J1","1","G","N","E","C","1","6","Z","7","4","J","1",0,0,0,"000000000","00000000000",0,0,0,1,0,0,0,0,0,0,0,69,0,0,0,3,6,2,12,0,0,0,1,45,29180,1,1,5,0,2,0,61,155,0,4,0,0,0,11,2014,6,2016,3,0,0,0,0,1,2,55,1,2,2,1,0,0,1,10,1,1,2,73,"777777777777","777777777777","777777777777",0,0
45,450390,2,3,2,21,6,13,4,12,7,1,0,45,1,14,6,14006,4,1997,"2MELM74W5VX6","2","M","E","L","M","7","4","W","5","V","X","6",0,0,0,"000000000","00000000000",0,0,0,1,0,0,0,0,0,0,0,55,0,0,0,12,6,2,12,0,0,0,1,45,29210,6,1,0,0,3,3,67,160,1,0,0,0,0,3,2015,3,2015,0,0,0,0,0,1,2,55,1,2,2,1,0,0,1,62,1,1,1,98,"777777777777","777777777777","777777777777",1,0
45,450390,3,3,1,21,6,13,4,12,7,1,1,99,9,99,999,99999,99,9999,"999999999999","9","9","9","9","9","9","9","9","9","9","9","9",0,0,0,"000000000","00000000000",0,0,0,1,0,0,0,0,0,0,0,999,0,0,0,9,9,5,12,0,0,0,1,99,99999,9,9,99,9,9,9,999,999,99,99,99,99,99,99,9999,99,9999,0,0,0,0,0,1,2,55,1,2,2,1,0,0,11,63,1,1,1,72,"777777777777","777777777777","777777777777",0,0
45,450391,1,2,1,21,6,7,30,12,6,1,0,45,1,37,31,37031,2,2012,"2HGFG3B5XCH5","2","H","G","F","G","3","B","5","X","C","H","5",0,0,0,"000000000","00000000000",0,0,0,1,0,0,0,0,0,0,0,45,0,0,0,3,6,2,12,0,0,0,1,45,29003,6,1,0,0,3,0,63,226,0,0,0,2,0,3,2013,3,2013,0,39,0,0,0,1,2,45,1,1,2,1,20,3,1,17,1,1,1,87,"777777777777","777777777777","777777777777",1,0
45,450391,2,2,1,21,6,7,30,12,6,1,0,45,1,39,34,39034,4,2002,"SAJDA03PX2GM","S","A","J","D","A","0","3","P","X","2","G","M",0,0,0,"000000000","00000000000",0,0,0,1,0,0,0,0,0,0,0,55,0,0,0,12,6,2,12,0,0,0,1,45,29003,6,2,0,0,3,0,74,208,0,0,0,1,0,1,2016,1,2016,0,0,0,0,0,1,2,45,1,1,2,1,0,0,1,66,1,1,1,86,"777777777777","777777777777","777777777777",0,0
45,450392,1,2,1,22,6,10,56,12,1,1,0,45,3,87,881,87881,66,1995,"1XP5DR9X0SN3","1","X","P","5","D","R","9","X","0","S","N","3",1,1,45,"2489783","452489783",3,6,1,1,0,0,0,0,0,0,0,0,0,0,0,6,6,2,12,0,0,0,1,45,29169,6,1,6,3,3,0,76,195,0,4,0,0,0,8,2013,2,2014,0,0,0,0,0,2,2,70,1,2,2,1,0,0,5,53,1,1,1,21,"888888888888","777777777777","777777777777",0,0
45,450392,2,2,1,22,6,10,56,12,1,1,0,13,2,20,481,20481,31,2004,"2GCEC19VX412","2","G","C","E","C","1","9","V","X","4","1","2",0,0,0,"000000000","00000000000",0,0,0,1,0,0,0,0,0,0,0,70,0,0,0,12,6,2,12,0,0,0,1,45,29169,6,1,0,0,3,3,66,143,0,0,0,0,0,0,0,0,0,4,0,0,0,0,2,2,70,1,2,2,1,0,0,1,50,1,1,1,20,"777777777777","777777777777","777777777777",1,1
45,450393,1,2,1,17,3,2,5,12,6,1,0,45,1,37,441,37441,20,2010,"5FNRL3H22AB0","5","F","N","R","L","3","H","2","2","A","B","0",0,0,0,"000000000","00000000000",0,0,0,1,0,0,0,0,0,0,0,50,0,0,0,12,6,2,12,0,0,0,1,45,29102,6,1,0,0,3,0,64,170,0,0,0,0,0,0,0,0,0,0,0,0,0,0,1,2,55,4,1,8,1,0,0,14,62,1,1,1,65,"777777777777","777777777777","777777777777",0,0
45,450393,2,2,1,17,3,2,5,12,6,1,0,45,1,20,2,20002,4,2007,"2G1WB58K6794","2","G","1","W","B","5","8","K","6","7","9","4",0,0,0,"000000000","00000000000",0,0,0,1,0,0,0,0,0,0,0,65,0,0,0,3,6,2,12,0,0,0,1,45,29229,1,1,5,0,2,3,77,180,1,0,0,0,1,2,2016,2,2016,4,28,0,0,0,1,2,55,4,1,8,1,0,0,14,10,1,1,2,64,"777777777777","777777777777","777777777777",1,0
45,450394,1,2,2,20,3,7,58,12,2,1,0,45,2,20,401,20401,14,2004,"1GNDT13S2421","1","G","N","D","T","1","3","S","2","4","2","1",0,0,0,"000000000","00000000000",0,0,0,1,0,0,0,0,0,0,0,45,0,0,0,12,6,2,12,0,0,0,1,45,29541,6,1,0,0,3,0,72,150,1,0,0,0,1,12,2015,12,2015,0,28,0,0,0,1,2,45,1,1,8,1,0,0,1,10,1,1,2,50,"777777777777","777777777777","777777777777",0,0
45,450394,2,2,1,20,3,7,58,12,2,1,0,45,2,49,40,49040,4,2000,"4T1BG22K6YU6","4","T","1","B","G","2","2","K","6","Y","U","6",0,0,0,"000000000","00000000000",0,0,0,1,0,0,0,0,0,0,0,59,0,0,0,12,6,2,12,0,0,0,1,45,29541,6,1,0,0,3,0,66,185,1,5,0,0,0,6,2011,9,2014,0,0,0,0,0,1,2,45,1,1,8,1,0,0,17,62,16,1,1,51,"777777777777","777777777777","777777777777",1,0
45,450395,1,2,3,10,4,19,35,12,6,1,0,45,1,37,32,37032,4,1998,"1HGCG5658WA2","1","H","G","C","G","5","6","5","8","W","A","2",0,0,0,"000000000","00000000000",0,0,0,1,0,0,0,0,0,0,0,55,0,1,5,3,6,2,12,0,0,0,1,45,29450,6,1,0,0,3,0,74,181,1,1,0,1,2,5,2012,11,2014,0,0,0,0,0,1,2,55,1,1,8,1,0,0,1,66,1,1,1,87,"777777777777","777777777777","777777777777",1,0
45,450395,2,2,3,10,4,19,35,12,6,1,0,4,2,20,481,20481,31,2013,"3GCPKSE70DG3","3","G","C","P","K","S","E","7","0","D","G","3",0,0,0,"000000000","00000000000",0,0,0,1,0,0,0,0,0,0,0,37,0,1,5,12,6,2,1,0,0,0,1,4,29418,6,1,0,0,3,0,66,130,0,3,1,0,0,6,2014,3,2015,0,39,0,0,0,1,2,55,1,1,8,1,20,3,1,17,1,1,1,86,"777777777777","777777777777","777777777777",0,0
45,450396,1,1,1,5,5,1,45,33,0,1,0,13,2,20,2,20002,4,2008,"2G1WB58KX891","2","G","1","W","B","5","8","K","X","8","9","1",0,0,0,"000000000","00000000000",0,0,0,1,0,0,0,0,0,0,0,110,0,2,5,10,6,2,1,0,0,0,1,39,44410,1,1,0,0,2,0,69,170,1,2,1,0,2,5,2014,3,2015,0,8,0,0,0,2,2,45,1,1,8,1,0,0,1,6,99,9,4,7,"777777777777","777777777777","777777777777",1,1
45,450397,1,2,3,7,5,17,38,12,1,1,0,45,1,35,51,35051,6,2016,"5N1AT2MT4GC7","5","N","1","A","T","2","M","T","4","G","C","7",0,0,0,"000000000","00000000000",0,0,0,1,0,0,0,0,0,0,0,75,0,0,0,6,6,2,42,0,0,0,1,45,29910,6,1,0,0,3,3,66,137,0,0,0,0,1,7,2012,7,2012,0,0,0,0,0,3,2,70,1,1,8,1,0,0,1,53,1,1,1,26,"777777777777","777777777777","777777777777",1,0
45,450397,2,2,1,7,5,17,38,12,1,1,1,99,9,99,999,99999,99,9999,"999999999999","9","9","9","9","9","9","9","9","9","9","9","9",0,0,0,"000000000","00000000000",0,0,0,1,0,0,0,0,0,0,0,999,0,0,0,12,9,5,12,0,0,0,1,99,99999,9,9,99,9,9,9,999,999,99,99,99,99,99,99,9999,99,9999,0,0,0,0,0,3,2,70,1,1,8,1,0,0,1,99,99,9,2,24,"777777777777","777777777777","777777777777",0,0
45,450398,1,3,1,23,5,5,55,12,1,1,0,45,1,49,482,49482,31,2004,"5TBDT44174S4","5","T","B","D","T","4","4","1","7","4","S","4",0,0,0,"000000000","00000000000",0,0,0,1,0,0,0,0,0,0,0,40,0,0,0,6,4,5,12,0,0,0,1,45,29526,6,1,0,0,3,0,63,135,0,1,0,0,0,5,2015,5,2015,0,0,0,0,0,3,2,70,1,1,8,1,0,0,2,53,1,1,1,25,"777777777777","777777777777","777777777777",0,0
45,450398,2,3,1,23,5,5,55,12,1,1,0,37,3,23,481,23481,31,2006,"3GTEC14X86G2","3","G","T","E","C","1","4","X","8","6","G","2",0,0,0,"000000000","00000000000",0,0,0,1,0,0,0,0,0,0,0,81,0,0,0,9,6,2,12,0,0,0,1,24,21401,6,1,0,0,3,0,64,180,0,0,0,0,0,0,0,0,0,0,0,0,0,0,3,2,70,1,1,8,1,0,0,1,62,1,1,1,98,"777777777777","777777777777","777777777777",1,0
45,450398,3,3,1,23,5,5,55,12,1,1,0,45,3,23,881,23881,63,2003,"1GDM7J1C43F5","1","G","D","M","7","J","1","C","4","3","F","5",0,0,77,"777777777","77777777777",3,1,3,1,0,0,0,0,0,0,0,70,0,1,5,12,6,2,12,0,0,0,1,45,29412,6,1,6,0,3,0,75,250,1,2,1,1,1,3,2012,9,2015,0,0,0,0,0,3,2,70,1,1,8,1,0,0,1,51,1,1,1,24,"777777777777","777777777777","777777777777",0,0
45,450399,1,1,1,24,5,0,1,8,0,1,1,45,2,59,31,59031,4,1998,"JT8BF28G0W50","J","T","8","B","F","2","8","G","0","W","5","0",0,0,0,"000000000","00000000000",0,0,0,1,0,0,0,0,0,0,0,45,0,0,0,12,9,5,8,0,0,0,1,45,29210,6,1,0,0,3,0,70,160,0,0,0,0,0,0,0,0,0,0,0,0,0,0,1,2,45,1,1,8,1,0,0,1,80,1,1,1,13,"777777777777","777777777777","777777777777",0,0
45,450400,1,2,1,27,5,14,20,1,0,1,0,45,2,6,54,6054,6,2004,"2C8GM68434R6","2","C","8","G","M","6","8","4","3","4","R","6",0,0,0,"000000000","00000000000",0,0,0,1,0,0,0,0,0,0,0,5,0,0,0,11,4,5,12,0,0,0,1,45,29651,6,1,0,0,3,3,71,220,0,0,0,0,0,0,0,0,0,0,38,0,0,0,1,2,35,1,1,8,2,0,0,4,17,1,1,1,98,"777777777777","777777777777","777777777777",0,0
45,450400,2,2,1,27,5,14,20,1,0,1,0,45,1,98,709,98709,81,2009,"999999999999","9","9","9","9","9","9","9","9","9","9","9","9",0,0,0,"000000000","00000000000",0,0,0,1,0,0,0,0,0,0,0,30,0,0,0,0,6,2,12,0,0,0,1,45,29301,6,1,0,0,3,0,72,180,1,2,0,3,1,8,2013,2,2016,0,0,0,0,0,1,2,35,1,1,8,2,0,0,17,66,16,1,1,98,"777777777777","777777777777","777777777777",1,0
45,450401,1,2,1,15,6,9,40,12,6,1,0,45,1,49,40,49040,4,2000,"4T1BG22K7YU9","4","T","1","B","G","2","2","K","7","Y","U","9",0,0,0,"000000000","00000000000",0,0,0,1,0,0,0,0,0,0,0,70,0,1,5,12,6,2,1,0,0,0,1,49,84014,6,1,0,0,3,0,73,230,98,0,0,1,1,8,2013,8,2014,0,0,0,0,0,3,2,70,1,1,8,1,0,0,1,60,1,1,1,44,"777777777777","777777777777","777777777777",0,0
45,450401,2,2,1,15,6,9,40,12,6,1,0,13,2,49,40,49040,4,2009,"4T1BE46K49U8","4","T","1","B","E","4","6","K","4","9","U","8",0,0,0,"000000000","00000000000",0,0,0,1,0,0,0,0,0,0,0,85,0,1,5,3,6,2,1,0,0,0,1,13,30813,6,1,0,0,3,0,66,180,98,0,0,2,0,3,2015,4,2016,3,28,0,0,0,3,2,70,1,1,8,1,0,0,1,6,1,9,6,45,"777777777777","777777777777","777777777777",1,0
45,450402,1,1,1,16,6,20,32,8,0,1,0,45,1,2,407,2407,14,2016,"1C4NJPBB1GD6","1","C","4","N","J","P","B","B","1","G","D","6",0,0,0,"000000000","00000000000",0,0,0,1,0,0,0,0,0,0,0,50,0,0,0,2,4,5,8,0,0,0,1,45,29585,1,1,0,0,2,0,70,198,0,1,0,0,0,3,2015,3,2015,0,0,0,0,0,2,2,50,1,1,8,1,0,0,1,80,1,1,1,13,"777777777777","777777777777","777777777777",0,0
45,450403,1,1,3,18,6,7,10,34,0,1,0,45,1,12,3,12003,2,2010,"1ZVBP8CH2A51","1","Z","V","B","P","8","C","H","2","A","5","1",0,0,0,"000000000","00000000000",0,0,0,1,0,0,0,0,0,0,0,70,0,2,5,12,6,2,1,0,0,0,1,45,29162,6,1,6,0,3,3,64,117,1,0,0,0,0,5,2012,5,2012,0,0,0,0,0,1,2,55,1,1,8,1,0,0,1,13,1,1,4,1,"777777777777","777777777777","777777777777",1,1
45,450404,1,1,2,18,6,21,50,8,0,1,0,45,1,12,442,12442,20,2003,"2FMZA51403BB","2","F","M","Z","A","5","1","4","0","3","B","B",0,0,0,"000000000","00000000000",0,0,0,1,0,0,0,0,0,0,0,55,0,0,0,12,4,5,8,0,0,0,1,45,29488,6,1,0,0,3,0,62,105,0,0,0,0,0,0,0,0,0,0,0,0,0,0,1,2,55,1,1,8,1,0,0,1,80,1,1,1,13,"777777777777","777777777777","777777777777",0,0
45,450405,1,1,1,20,6,19,0,42,0,1,0,45,2,37,31,37031,4,2003,"2HGES26793H5","2","H","G","E","S","2","6","7","9","3","H","5",0,0,0,"000000000","00000000000",0,0,0,1,0,0,0,0,0,0,0,65,0,2,6,2,6,2,42,0,0,0,1,45,29726,6,1,0,0,3,3,66,155,0,0,0,0,0,0,0,0,0,3,58,0,0,0,1,2,55,3,2,8,1,0,0,14,6,7,9,4,2,"777777777777","777777777777","777777777777",1,1
45,450406,1,1,1,22,6,12,54,8,0,1,0,45,3,85,884,85884,64,2016,"1NKZXPEX9GJ1","1","N","K","Z","X","P","E","X","9","G","J","1",0,0,45,"2423572","452423572",3,2,4,1,0,0,0,0,0,0,0,12,0,0,0,12,0,5,8,0,0,0,1,45,29485,6,1,6,0,3,0,67,224,0,3,0,1,0,3,2012,3,2014,0,0,0,0,0,5,2,35,1,1,8,1,3,3,4,81,1,1,1,13,"777777777777","777777777777","777777777777",0,0
45,450407,1,2,2,22,6,15,11,12,2,1,0,45,1,84,884,84884,64,2005,"1HTMMAAL35H6","1","H","T","M","M","A","A","L","3","5","H","6",0,0,45,"0238661","450238661",2,1,1,1,0,0,0,0,0,0,0,0,0,0,0,12,4,5,12,0,0,0,1,45,29061,6,1,0,0,3,0,66,180,2,3,0,0,1,9,2012,11,2015,0,0,0,0,0,2,3,40,1,1,8,1,3,3,5,62,1,1,1,51,"777777777777","777777777777","777777777777",0,0
45,450407,2,2,1,22,6,15,11,12,2,1,0,45,1,37,705,37705,80,2006,"JH2RC44596K0","J","H","2","R","C","4","4","5","9","6","K","0",0,0,0,"000000000","00000000000",0,0,0,1,0,0,0,0,0,0,0,60,0,0,0,12,6,2,12,0,0,0,1,45,29105,1,1,5,0,2,0,68,175,0,1,0,0,0,6,2013,6,2013,0,28,8,0,0,2,3,40,1,1,8,1,3,3,1,10,1,1,2,50,"777777777777","777777777777","777777777777",1,1
45,450408,1,1,1,23,6,4,24,1,0,1,0,13,2,20,481,20481,31,2014,"1GCEK14VX4Z1","1","G","C","E","K","1","4","V","X","4","Z","1",0,0,0,"000000000","00000000000",0,0,0,1,0,0,0,0,0,0,0,70,0,2,3,0,6,2,1,0,0,0,1,37,28382,6,1,6,0,3,0,70,999,0,6,0,1,8,8,2011,2,2016,4,28,0,0,0,3,2,70,1,1,8,1,0,0,1,6,6,9,4,7,"777777777777","777777777777","777777777777",1,0
45,450409,1,1,1,24,6,17,59,1,0,1,0,45,1,76,706,76706,80,2008,"JYARN20E28A0","J","Y","A","R","N","2","0","E","2","8","A","0",0,0,0,"000000000","00000000000",0,0,0,1,0,0,0,0,0,0,0,55,0,0,0,0,6,2,1,0,0,0,1,45,29303,6,1,0,0,3,0,70,180,2,1,0,2,1,5,2013,5,2016,4,0,0,0,0,1,2,35,1,1,8,1,0,0,1,13,1,1,4,1,"777777777777","777777777777","777777777777",1,0
45,450410,1,1,1,24,6,10,0,24,0,1,0,45,3,12,481,12481,31,2015,"1FTEW1EF6FKD","1","F","T","E","W","1","E","F","6","F","K","D",0,0,0,"000000000","00000000000",0,0,0,1,0,0,0,0,0,0,0,80,0,0,0,12,6,2,42,0,0,0,1,45,29681,6,1,0,0,3,0,75,215,0,0,0,0,0,0,0,0,0,3,28,0,0,0,2,2,55,1,2,8,1,0,0,1,10,1,1,4,6,"777777777777","777777777777","777777777777",1,1
45,450411,1,1,1,24,6,13,50,42,0,1,0,45,2,37,402,37402,14,2000,"JHLRD1847YC0","J","H","L","R","D","1","8","4","7","Y","C","0",0,0,0,"000000000","00000000000",0,0,0,1,0,0,0,0,0,0,0,55,0,0,0,9,6,2,42,0,0,0,1,45,29627,6,1,0,0,3,0,64,168,0,4,0,0,0,8,2012,7,2015,4,0,0,0,0,1,2,40,3,2,8,1,0,0,14,13,1,1,4,1,"777777777777","777777777777","777777777777",1,0
45,450412,1,2,1,25,6,12,10,12,6,1,0,45,1,20,481,20481,31,1998,"1GCEC19R8WR1","1","G","C","E","C","1","9","R","8","W","R","1",0,0,0,"000000000","00000000000",0,0,0,1,0,0,0,0,0,0,0,10,0,0,0,9,6,2,12,0,0,0,1,45,29588,6,1,0,0,3,3,73,285,1,0,0,0,0,11,2015,11,2015,0,38,0,0,0,2,2,45,1,1,8,1,20,3,11,15,1,1,1,82,"777777777777","777777777777","777777777777",0,0
45,450412,2,2,1,25,6,12,10,12,6,1,0,45,1,73,706,73706,80,2015,"JKBVNRK1XFA0","J","K","B","V","N","R","K","1","X","F","A","0",0,0,0,"000000000","00000000000",0,0,0,1,0,0,0,0,0,0,0,45,0,0,0,12,6,2,12,0,0,0,1,45,29575,6,1,0,0,3,3,72,235,0,0,0,2,0,10,2014,3,2015,0,0,0,0,0,2,2,45,1,1,8,1,0,0,1,67,1,1,1,83,"777777777777","777777777777","777777777777",1,0
45,450413,1,1,3,25,6,2,43,42,0,1,0,45,2,20,421,20421,15,2000,"1GNEC13T9YJ1","1","G","N","E","C","1","3","T","9","Y","J","1",0,0,0,"000000000","00000000000",0,0,0,1,0,0,0,0,0,0,0,55,0,2,6,7,6,2,1,0,0,0,1,45,29835,6,1,0,0,3,0,66,150,0,1,0,0,0,2,2013,2,2013,3,28,58,0,0,1,2,35,4,1,8,1,0,0,14,11,1,1,4,1,"777777777777","777777777777","777777777777",1,1
45,450414,1,1,2,25,6,3,26,35,0,1,0,45,2,35,48,35048,1,2010,"JN1AZ4FH3AM3","J","N","1","A","Z","4","F","H","3","A","M","3",0,0,0,"000000000","00000000000",0,0,0,1,0,0,0,0,0,0,0,65,0,2,5,12,6,2,1,0,0,0,1,45,29568,6,1,0,0,3,0,62,150,0,5,0,0,0,6,2014,8,2015,0,0,0,0,0,3,2,65,1,1,8,1,0,0,1,13,1,1,4,1,"777777777777","777777777777","777777777777",1,1
45,450415,1,1,1,26,6,2,15,8,0,1,1,99,9,99,999,99999,99,9999,"999999999999","9","9","9","9","9","9","9","9","9","9","9","9",0,0,0,"000000000","00000000000",0,0,0,1,0,0,0,0,0,0,0,999,0,0,0,99,9,5,8,0,0,0,1,99,99999,9,9,99,9,9,9,999,999,99,99,99,99,99,99,9999,99,9999,0,0,0,0,0,1,2,55,1,1,8,1,0,0,99,80,99,9,1,13,"777777777777","777777777777","777777777777",0,0
45,450416,1,1,2,26,6,3,34,8,0,1,0,45,1,63,441,63441,20,2007,"KNDMB2335761","K","N","D","M","B","2","3","3","5","7","6","1",0,0,0,"000000000","00000000000",0,0,0,1,0,0,0,0,0,0,0,40,0,0,0,2,4,5,8,0,0,0,1,45,29461,6,1,0,0,3,3,72,192,1,0,0,3,0,6,2012,5,2016,0,0,0,0,0,1,2,40,1,1,8,1,0,0,1,80,1,1,1,13,"777777777777","777777777777","777777777777",0,0
45,450417,1,1,1,26,6,1,10,8,0,1,0,45,1,22,18,22018,4,2005,"1G2NE52E55M1","1","G","2","N","E","5","2","E","5","5","M","1",0,0,0,"000000000","00000000000",0,0,0,1,0,0,0,0,0,0,0,45,0,0,0,12,4,5,8,0,0,0,1,45,29924,6,1,0,0,3,3,62,170,2,9,0,4,3,6,2012,5,2016,0,0,0,0,0,1,2,45,1,1,8,1,0,0,1,80,1,1,1,13,"777777777777","777777777777","777777777777",0,0