"STATE","ST_CASE","VEH_NO","VE_FORMS","NUMOCCS","DAY","MONTH","HOUR","MINUTE","HARM_EV","MAN_COLL","UNITTYPE","HIT_RUN","REG_STAT","OWNER","MAKE","MODEL","MAK_MOD","BODY_TYP","MOD_YEAR","VIN","VIN_1","VIN_2","VIN_3","VIN_4","VIN_5","VIN_6","VIN_7","VIN_8","VIN_9","VIN_10","VIN_11","VIN_12","TOW_VEH","J_KNIFE","MCARR_I1","MCARR_I2","MCARR_ID","GVWR","V_CONFIG","CARGO_BT","HAZ_INV","HAZ_PLAC","HAZ_ID","HAZ_CNO","HAZ_REL","BUS_USE","SPEC_USE","EMER_USE","TRAV_SP","UNDERIDE","ROLLOVER","ROLINLOC","IMPACT1","DEFORMED","TOWED","M_HARM","VEH_SC1","VEH_SC2","FIRE_EXP","DR_PRES","L_STATE","DR_ZIP","L_STATUS","L_TYPE","CDL_STAT","L_ENDORS","L_COMPL","L_RESTRI","DR_HGT","DR_WGT","PREV_ACC","PREV_SUS","PREV_DWI","PREV_SPD","PREV_OTH","FIRST_MO","FIRST_YR","LAST_MO","LAST_YR","SPEEDREL","DR_SF1","DR_SF2","DR_SF3","DR_SF4","VTRAFWAY","VNUM_LAN","VSPD_LIM","VALIGN","VPROFILE","VPAVETYP","VSURCOND","VTRAFCON","VTCONT_F","P_CRASH1","P_CRASH2","P_CRASH3","PCRASH4","PCRASH5","ACC_TYPE","TRLR1VIN","TRLR2VIN","TRLR3VIN","DEATHS","DR_DRINK"
45,450418,1,1,1,28,6,7,10,42,0,1,0,45,1,20,404,20404,14,2010,"2CNFLDEY5A63","2","C","N","F","L","D","E","Y","5","A","6","3",0,0,0,"000000000","00000000000",0,0,0,1,0,0,0,0,0,0,0,60,0,0,0,9,6,2,42,0,0,0,1,45,29461,6,1,0,0,3,3,71,212,1,0,0,1,0,3,2014,6,2016,3,28,58,0,0,1,2,55,2,1,8,1,0,0,14,13,1,1,4,1,"777777777777","777777777777","777777777777",1,1
45,450419,1,1,1,29,6,21,25,8,0,1,0,45,2,37,32,37032,2,2005,"1HGCM72725A0","1","H","G","C","M","7","2","7","2","5","A","0",0,0,0,"000000000","00000000000",0,0,0,1,0,0,0,0,0,0,0,45,0,0,0,12,6,2,8,0,0,0,1,45,29579,6,1,0,0,3,3,62,105,0,3,1,2,1,11,2012,4,2015,0,0,0,0,0,1,2,45,1,1,8,1,0,0,1,80,1,1,1,13,"777777777777","777777777777","777777777777",0,0
45,450420,1,1,1,29,6,23,50,32,0,1,0,45,1,72,706,72706,80,2009,"1HD1GM4199K3","1","H","D","1","G","M","4","1","9","9","K","3",0,0,0,"000000000","00000000000",0,0,0,1,0,0,0,0,0,0,0,60,0,0,0,12,6,2,32,0,0,0,1,45,29160,1,1,5,0,2,0,67,165,1,6,0,1,4,8,2012,4,2015,3,28,0,0,0,1,2,45,4,1,8,1,0,0,14,13,1,1,4,1,"777777777777","777777777777","777777777777",1,1
45,450421,1,2,1,30,6,15,45,12,6,1,0,45,1,22,2,22002,4,2005,"1G2HX52K95U2","1","G","2","H","X","5","2","K","9","5","U","2",0,0,0,"000000000","00000000000",0,0,0,1,0,0,0,0,0,0,0,5,0,0,0,12,6,2,12,0,0,0,1,45,29360,6,1,0,0,3,3,68,250,1,0,0,0,0,6,2012,6,2012,0,38,0,0,0,1,2,45,1,1,8,1,0,0,11,15,1,1,1,68,"777777777777","777777777777","777777777777",1,0
45,450421,2,2,1,30,6,15,45,12,6,1,0,45,2,39,34,39034,4,2000,"SAJDA01C9YFL","S","A","J","D","A","0","1","C","9","Y","F","L",0,0,0,"000000000","00000000000",0,0,0,1,0,0,0,0,0,0,0,45,0,0,0,10,6,2,12,0,0,0,1,45,29645,1,1,5,0,2,0,74,240,1,2,0,2,1,5,2015,2,2016,0,0,0,0,0,1,2,45,1,1,8,1,0,0,1,62,1,1,1,69,"777777777777","777777777777","777777777777",0,0
45,450422,1,1,1,20,6,20,5,8,0,1,0,45,1,20,421,20421,15,2001,"1GNEC13T41R1","1","G","N","E","C","1","3","T","4","1","R","1",0,0,0,"000000000","00000000000",0,0,0,1,0,0,0,0,0,0,0,45,0,0,0,12,0,5,8,0,0,0,1,45,29945,6,1,0,0,3,3,71,289,1,0,0,0,0,12,2013,12,2013,0,0,0,0,0,1,2,55,1,1,8,1,0,0,1,81,1,1,1,13,"777777777777","777777777777","777777777777",0,0
45,450423,1,1,1,16,6,0,53,8,0,1,1,99,9,99,999,99999,99,9999,"999999999999","9","9","9","9","9","9","9","9","9","9","9","9",0,0,0,"000000000","00000000000",0,0,0,1,0,0,0,0,0,0,0,999,0,0,0,99,9,5,8,0,0,0,1,99,99999,9,9,99,9,9,9,999,999,99,99,99,99,99,99,9999,99,9999,0,0,0,0,0,2,2,40,1,1,8,1,0,0,1,80,99,9,1,13,"777777777777","777777777777","777777777777",0,0
45,450424,1,1,1,25,6,21,20,15,0,1,0,45,1,2,403,2403,14,2008,"1J4FA541X8L5","1","J","4","F","A","5","4","1","X","8","L","5",0,0,0,"000000000","00000000000",0,0,0,1,0,0,0,0,0,0,0,75,0,0,0,12,4,3,15,0,0,0,1,45,29414,6,1,0,0,3,0,71,225,0,1,1,0,1,1,2014,1,2014,3,8,0,0,0,1,2,55,1,1,8,1,0,0,6,10,1,1,2,13,"777777777777","777777777777","777777777777",0,0
45,450425,1,2,3,1,7,21,54,12,2,1,0,45,2,52,37,52037,3,2001,"4A3AC34G41E2","4","A","3","A","C","3","4","G","4","1","E","2",0,0,0,"000000000","00000000000",0,0,0,1,0,0,0,0,0,0,0,55,0,0,0,12,6,2,12,0,0,0,1,45,29568,1,1,5,0,2,3,67,112,0,2,1,1,0,5,2012,4,2016,0,28,0,0,0,1,2,55,1,1,8,1,0,0,1,10,1,1,2,50,"777777777777","777777777777","777777777777",2,1
45,450425,2,2,2,1,7,21,54,12,2,1,0,45,1,7,442,7442,20,2001,"2B4GP44381R3","2","B","4","G","P","4","4","3","8","1","R","3",0,0,0,"000000000","00000000000",0,0,0,1,0,0,0,0,0,0,0,55,0,0,0,12,6,2,12,0,0,0,1,45,29569,6,1,0,0,3,0,73,350,0,0,0,0,0,0,0,0,0,0,0,0,0,0,1,2,55,1,1,8,1,0,0,1,62,1,1,1,51,"777777777777","777777777777","777777777777",1,0
45,450426,1,1,2,2,7,0,1,32,0,1,0,37,2,7,26,7026,4,2012,"1C3CDZAB2CN2","1","C","3","C","D","Z","A","B","2","C","N","2",0,0,0,"000000000","00000000000",0,0,0,1,0,0,0,0,0,0,0,60,0,2,5,12,6,2,1,0,0,0,1,45,29560,1,1,5,0,2,0,71,160,0,6,0,3,1,5,2012,1,2016,0,0,0,0,0,1,2,45,3,1,8,1,0,0,14,13,1,1,4,1,"777777777777","777777777777","777777777777",1,1
45,450427,1,1,1,2,7,2,46,8,0,1,0,45,3,84,884,84884,64,2007,"1HTMMAAL27H4","1","H","T","M","M","A","A","L","2","7","H","4",0,0,45,"0873616","450873616",2,1,1,1,0,0,0,0,0,0,0,43,0,0,0,12,4,5,8,0,0,0,1,45,29485,6,1,0,0,3,0,70,160,0,0,0,0,0,0,0,0,0,0,0,0,0,0,2,3,45,1,1,8,1,0,0,1,81,1,1,1,13,"777777777777","777777777777","777777777777",0,0
45,450428,1,1,5,2,7,9,5,8,0,1,0,45,1,20,421,20421,15,2003,"1GNEC13Z23R1","1","G","N","E","C","1","3","Z","2","3","R","1",0,0,0,"000000000","00000000000",0,0,0,1,0,0,0,0,0,0,0,40,0,0,0,3,4,5,8,0,0,0,1,45,29223,6,1,0,0,3,0,69,260,0,0,0,0,0,0,0,0,0,0,0,0,0,0,1,2,40,1,1,8,1,0,0,1,81,1,1,1,13,"777777777777","777777777777","777777777777",0,0
45,450429,1,2,1,2,7,22,37,12,2,1,0,45,2,37,32,37032,4,2000,"1HGCG5643YA0","1","H","G","C","G","5","6","4","3","Y","A","0",0,0,0,"000000000","00000000000",0,0,0,1,0,0,0,0,0,0,0,35,0,0,0,12,6,2,12,0,0,0,1,45,29625,6,1,0,0,3,3,71,248,0,1,0,0,0,9,2012,9,2012,0,0,0,0,0,1,2,35,3,1,8,1,0,0,14,62,1,1,1,51,"777777777777","777777777777","777777777777",0,0
45,450429,2,2,1,2,7,22,37,12,2,1,0,45,2,37,706,37706,80,2006,"1HFSC52046A3","1","H","F","S","C","5","2","0","4","6","A","3",0,0,0,"000000000","00000000000",0,0,0,1,0,0,0,0,0,0,0,45,0,0,0,12,6,2,12,0,0,0,1,45,29625,6,1,0,0,3,3,70,195,1,0,0,0,0,2,2016,2,2016,0,28,8,0,0,1,2,45,2,1,8,1,0,0,14,10,1,1,2,50,"777777777777","777777777777","777777777777",1,0
45,450430,1,2,1,2,7,12,7,12,6,1,0,45,1,98,709,98709,81,2015,"999999999999","9","9","9","9","9","9","9","9","9","9","9","9",0,0,0,"000000000","00000000000",0,0,0,1,0,0,0,0,0,0,0,20,0,0,0,9,6,2,12,0,0,0,1,45,29710,1,1,5,0,2,0,67,220,0,0,0,0,0,0,0,0,0,0,38,39,0,0,2,3,45,1,1,8,1,3,3,1,17,1,1,1,89,"777777777777","777777777777","777777777777",1,1
45,450430,2,2,3,2,7,12,7,12,6,1,0,45,1,58,39,58039,6,2005,"JNRAS08U25X1","J","N","R","A","S","0","8","U","2","5","X","1",0,0,0,"000000000","00000000000",0,0,0,1,0,0,0,0,0,0,0,50,0,0,0,12,6,2,12,0,0,0,1,45,29710,6,1,0,0,3,0,72,228,1,1,0,0,0,8,2012,8,2015,0,0,0,0,0,2,3,45,1,1,8,1,3,3,1,66,1,1,1,88,"777777777777","777777777777","777777777777",0,0
45,450431,1,1,2,3,7,4,15,1,0,1,0,45,1,20,403,20403,14,2003,"1GNDS13S6321","1","G","N","D","S","1","3","S","6","3","2","1",0,0,0,"000000000","00000000000",0,0,0,1,0,0,0,0,0,0,0,50,0,2,6,0,6,2,1,0,0,0,1,45,29527,6,1,0,0,3,0,72,200,0,3,0,1,0,9,2013,12,2015,0,0,0,0,0,1,2,40,1,1,8,1,0,0,1,13,1,1,4,1,"777777777777","777777777777","777777777777",1,1
45,450432,1,2,2,3,7,2,51,12,1,1,0,45,2,72,706,72706,80,2004,"1HD1BMY1X4Y0","1","H","D","1","B","M","Y","1","X","4","Y","0",0,0,0,"000000000","00000000000",0,0,0,1,0,0,0,0,0,0,0,35,0,0,0,6,6,2,12,0,0,0,1,45,29625,6,1,0,0,3,0,71,175,0,0,0,0,0,0,0,0,0,0,0,0,0,0,2,2,35,1,1,8,1,0,0,1,53,1,1,1,25,"777777777777","777777777777","777777777777",2,1
45,450432,2,2,1,3,7,2,51,12,1,1,0,45,2,35,47,35047,4,2005,"1N4AL11D45C3","1","N","4","A","L","1","1","D","4","5","C","3",0,0,0,"000000000","00000000000",0,0,0,1,0,0,0,0,0,0,0,67,0,0,0,12,6,2,12,0,0,0,1,45,29621,1,1,5,0,2,0,72,170,1,0,0,2,0,8,2015,9,2015,0,0,0,0,0,2,2,35,1,1,8,1,0,0,1,51,1,1,1,24,"777777777777","777777777777","777777777777",0,1
45,450433,1,1,1,4,7,17,14,31,0,1,0,45,2,12,422,12422,15,2001,"1FMRU17W21LB","1","F","M","R","U","1","7","W","2","1","L","B",0,0,0,"000000000","00000000000",0,0,0,1,0,0,0,0,0,0,0,65,0,2,5,12,6,2,1,0,0,0,1,45,29673,6,1,0,0,3,0,74,300,0,1,0,0,1,12,2012,12,2012,0,0,0,0,0,2,2,55,1,1,8,1,0,0,1,13,1,1,4,1,"777777777777","777777777777","777777777777",1,1
45,450434,1,1,1,4,7,7,30,8,0,1,0,45,2,37,32,37032,4,1998,"1HGCG1653WA0","1","H","G","C","G","1","6","5","3","W","A","0",0,0,0,"000000000","00000000000",0,0,0,1,0,0,0,0,0,0,0,60,0,0,0,12,6,2,8,0,0,0,1,45,29835,6,1,6,3,3,0,63,159,1,2,0,3,2,8,2011,10,2015,4,0,0,0,0,1,2,35,4,1,8,1,0,0,14,12,1,9,4,6,"777777777777","777777777777","777777777777",0,1
45,450435,1,2,4,4,7,16,40,12,2,1,0,45,1,20,422,20422,15,2015,"1GNSCJKCXFR6","1","G","N","S","C","J","K","C","X","F","R","6",0,0,0,"000000000","00000000000",0,0,0,1,0,0,0,0,0,0,0,55,0,0,0,12,6,2,12,0,0,0,1,45,29506,6,1,0,0,3,3,67,170,0,0,0,2,1,5,2012,5,2015,0,0,0,0,0,2,2,55,1,1,8,2,0,0,1,62,1,1,1,51,"777777777777","777777777777","777777777777",0,0
45,450435,2,2,3,4,7,16,40,12,2,1,0,36,2,7,442,7442,20,2002,"2B4GP44392R7","2","B","4","G","P","4","4","3","9","2","R","7",0,0,0,"000000000","00000000000",0,0,0,1,0,0,0,0,0,0,0,55,0,0,0,12,6,2,12,0,0,0,1,36,11422,6,1,0,0,3,0,64,999,0,0,0,0,0,0,0,0,0,0,28,0,0,0,2,2,55,1,1,8,2,0,0,1,10,1,1,2,50,"777777777777","777777777777","777777777777",2,1
45,450436,1,1,1,5,7,2,8,42,0,1,0,45,2,49,40,49040,4,2001,"4T1BG22K31U8","4","T","1","B","G","2","2","K","3","1","U","8",0,0,0,"000000000","00000000000",0,0,0,1,0,0,0,0,0,0,0,50,0,0,0,9,6,2,42,0,0,0,1,45,29483,1,1,5,0,2,3,64,170,0,3,0,1,1,2,2012,8,2015,4,28,0,0,0,1,2,40,3,1,8,1,0,0,14,6,9,3,4,2,"777777777777","777777777777","777777777777",1,1
45,450437,1,1,1,5,7,14,55,8,0,1,0,45,3,82,881,82881,64,2009,"1FVHCYBS99HA","1","F","V","H","C","Y","B","S","9","9","H","A",0,0,77,"777777777","77777777777",3,2,4,1,0,0,0,0,0,0,0,5,0,0,0,6,0,5,8,0,0,0,1,45,29407,6,1,6,3,3,3,66,197,1,0,0,0,0,9,2013,9,2013,0,0,0,0,0,1,2,30,1,1,8,1,0,0,13,82,1,1,1,92,"777777777777","777777777777","777777777777",0,0
45,450438,1,2,1,6,7,19,32,12,2,1,0,45,2,12,461,12461,21,2008,"1FTNE24W98DA","1","F","T","N","E","2","4","W","9","8","D","A",0,0,0,"000000000","00000000000",0,0,0,1,0,0,0,0,0,0,0,10,0,0,0,12,6,2,12,0,0,0,1,45,29644,0,0,0,0,0,0,70,205,0,1,0,0,0,6,2016,6,2016,0,38,0,0,0,2,2,45,1,1,8,1,20,3,11,15,1,1,1,82,"777777777777","777777777777","777777777777",0,0
45,450438,2,2,1,6,7,19,32,12,2,1,0,45,2,73,706,73706,80,2009,"JKBVNRC129A0","J","K","B","V","N","R","C","1","2","9","A","0",0,0,0,"000000000","00000000000",0,0,0,1,0,0,0,0,0,0,0,35,0,0,0,12,6,2,12,0,0,0,1,45,29607,6,1,0,0,3,0,69,130,0,1,0,0,0,1,2013,1,2013,0,0,0,0,0,2,2,45,1,1,8,1,0,0,1,67,1,1,1,83,"777777777777","777777777777","777777777777",1,0
45,450439,1,1,1,6,7,4,30,34,0,1,0,13,1,34,401,34401,14,2012,"5UXZV4C51CL9","5","U","X","Z","V","4","C","5","1","C","L","9",0,0,0,"000000000","00000000000",0,0,0,1,0,0,0,0,0,0,0,55,0,0,0,2,6,2,42,0,0,0,1,45,29685,6,1,0,0,3,3,66,125,0,0,0,1,0,8,2014,8,2014,4,28,0,0,0,1,2,55,1,1,8,1,0,0,1,13,1,1,4,1,"777777777777","777777777777","777777777777",1,1
45,450440,1,2,2,16,5,13,51,18,0,1,0,45,1,23,481,23481,31,2015,"1GTR1TEH2FZ3","1","G","T","R","1","T","E","H","2","F","Z","3",0,0,0,"000000000","00000000000",0,0,0,1,0,0,0,0,0,0,0,65,0,1,6,12,6,2,3,0,0,0,1,45,29048,6,1,0,0,3,3,74,190,0,0,0,0,0,0,0,0,0,0,0,0,0,0,1,2,55,1,1,8,1,0,0,1,62,1,1,1,98,"777777777777","777777777777","777777777777",2,0
45,450440,2,2,4,16,5,13,51,18,0,1,0,45,2,2,405,2405,14,2002,"1J4GK48K82W1","1","J","4","G","K","4","8","K","8","2","W","1",0,0,0,"000000000","00000000000",0,0,0,1,0,0,0,0,0,0,0,55,0,0,0,12,6,2,12,0,0,0,1,45,29410,1,1,5,0,2,0,74,160,1,2,0,0,1,11,2015,3,2016,0,81,28,0,0,1,2,55,1,1,8,1,0,0,1,90,1,1,3,12,"777777777777","777777777777","777777777777",0,0
45,450441,1,1,9,7,7,18,0,42,0,1,0,13,1,12,461,12461,21,2004,"1FBNE31L14HA","1","F","B","N","E","3","1","L","1","4","H","A",0,0,0,"000000000","00000000000",0,0,0,1,0,0,0,0,0,0,0,60,0,0,0,9,6,2,42,0,0,0,1,13,30120,6,1,0,0,3,3,66,135,98,0,0,0,3,9,2011,6,2015,4,0,0,0,0,2,2,60,1,1,8,1,0,0,1,6,6,9,4,2,"777777777777","777777777777","777777777777",2,0
45,450442,1,1,1,7,7,12,30,34,0,1,0,45,1,7,482,7482,31,2011,"1D7RB1GT5BS5","1","D","7","R","B","1","G","T","5","B","S","5",0,0,0,"000000000","00000000000",0,0,0,1,0,0,0,0,0,0,0,35,0,0,0,12,6,2,34,0,0,0,1,45,29209,6,1,0,0,3,0,70,215,0,0,0,0,0,0,0,0,0,0,28,0,0,0,1,2,45,3,1,8,1,0,0,14,12,1,1,4,6,"777777777777","777777777777","777777777777",1,0
45,450443,1,1,1,8,7,17,10,8,0,1,0,45,1,98,709,98709,81,2014,"999999999999","9","9","9","9","9","9","9","9","9","9","9","9",0,0,0,"000000000","00000000000",0,0,0,1,0,0,0,0,0,0,0,25,0,0,0,12,4,5,8,0,0,0,1,45,29045,1,1,5,0,2,0,68,140,0,2,1,0,0,10,2012,5,2013,4,28,0,0,0,1,2,45,1,1,8,1,0,0,1,13,1,9,4,1,"777777777777","777777777777","777777777777",1,1
45,450444,1,2,6,8,7,21,50,12,2,1,0,45,1,23,481,23481,31,2003,"1GTGC13U43F2","1","G","T","G","C","1","3","U","4","3","F","2",0,0,0,"000000000","00000000000",0,0,0,1,0,0,0,0,0,0,0,55,0,0,0,12,6,2,12,0,0,0,1,45,29053,6,1,0,0,3,0,74,180,1,0,0,4,0,8,2012,9,2014,0,0,0,0,0,2,2,55,1,1,8,1,0,0,1,54,1,1,1,51,"777777777777","777777777777","777777777777",0,0
45,450444,2,2,1,8,7,21,50,12,2,1,0,45,1,55,33,55033,4,2013,"5NPEB4AC7DH7","5","N","P","E","B","4","A","C","7","D","H","7",0,0,0,"000000000","00000000000",0,0,0,1,0,0,0,0,0,0,0,45,0,0,0,12,6,2,12,0,0,0,1,45,29070,6,1,0,0,3,0,67,135,1,0,0,2,0,12,2012,12,2014,0,51,0,0,0,2,2,55,1,1,8,1,0,0,1,54,1,1,1,50,"777777777777","777777777777","777777777777",1,1
45,450445,1,1,2,9,7,2,26,33,0,1,0,45,1,20,20,20020,4,1993,"2G1WN54T0P11","2","G","1","W","N","5","4","T","0","P","1","1",0,0,0,"000000000","00000000000",0,0,0,1,0,0,0,0,0,0,0,40,0,0,0,12,6,2,30,0,0,0,1,45,29330,6,1,0,0,3,0,77,260,0,1,0,1,0,9,2014,2,2015,4,0,0,0,0,2,2,40,1,1,8,1,0,0,1,13,1,1,4,1,"777777777777","777777777777","777777777777",1,0
45,450446,1,2,1,9,7,17,55,12,6,1,0,45,1,73,706,73706,80,2007,"JKBZXNA187A0","J","K","B","Z","X","N","A","1","8","7","A","0",0,0,0,"000000000","00000000000",0,0,0,1,0,0,0,0,0,0,0,80,0,0,0,12,6,2,12,0,0,0,1,45,29536,6,1,0,0,3,3,67,193,0,0,0,0,0,0,0,0,0,4,0,0,0,0,1,2,55,1,1,8,1,0,0,1,67,1,1,1,83,"777777777777","777777777777","777777777777",1,0
45,450446,2,2,3,9,7,17,55,12,6,1,0,45,2,20,481,20481,31,2007,"2GCEK13Z7717","2","G","C","E","K","1","3","Z","7","7","1","7",0,0,0,"000000000","00000000000",0,0,0,1,0,0,0,0,0,0,0,15,0,0,0,9,6,2,12,0,0,0,1,45,29536,6,1,0,0,3,0,75,228,0,0,0,0,0,0,0,0,0,0,38,0,0,0,1,2,55,1,1,8,1,20,3,11,15,1,1,1,82,"777777777777","777777777777","777777777777",0,0
45,450447,1,1,1,10,7,14,46,59,0,1,0,45,1,6,43,6043,4,2007,"1C3LC46K27N5","1","C","3","L","C","4","6","K","2","7","N","5",0,0,0,"000000000","00000000000",0,0,0,1,0,0,0,0,0,0,0,45,0,0,0,12,6,2,42,0,0,0,1,45,29301,6,1,0,0,3,0,64,170,0,0,0,3,0,12,2012,3,2016,4,58,28,0,0,1,2,45,1,1,8,1,0,0,1,13,1,1,4,1,"777777777777","777777777777","777777777777",1,0
45,450448,1,2,1,12,7,17,15,12,1,1,0,45,1,12,471,12471,30,1996,"1FTCR14U7TPA","1","F","T","C","R","1","4","U","7","T","P","A",0,0,0,"000000000","00000000000",0,0,0,1,0,0,0,0,0,0,0,55,0,0,0,12,6,2,12,0,0,0,1,45,29732,1,1,5,0,2,0,72,250,1,2,0,8,1,1,2012,2,2016,4,0,0,0,0,1,2,55,1,2,8,1,98,3,1,50,1,1,1,20,"777777777777","777777777777","777777777777",1,1
45,450448,2,2,1,12,7,17,15,12,1,1,0,93,3,82,881,82881,66,2005,"1FUJA6CK25LN","1","F","U","J","A","6","C","K","2","5","L","N",1,1,51,"0258357","510258357",3,6,3,1,0,0,0,0,0,0,0,0,0,0,0,6,6,2,12,0,0,0,1,51,24012,6,1,6,0,3,0,71,240,0,0,0,0,0,0,0,0,0,0,0,0,0,0,1,2,55,1,2,8,1,98,3,1,53,1,1,1,21,"888888888888","777777777777","777777777777",0,0
45,450449,1,1,1,13,7,6,11,34,0,1,0,45,2,55,35,55035,4,2013,"5NPDH4AE7DH3","5","N","P","D","H","4","A","E","7","D","H","3",0,0,0,"000000000","00000000000",0,0,0,1,0,0,0,0,0,0,0,75,0,0,0,12,6,2,42,0,0,1,1,45,29485,6,1,0,0,3,0,70,180,0,2,0,1,1,2,2012,10,2012,3,28,0,0,0,1,2,55,1,1,8,1,0,0,1,12,1,1,4,6,"777777777777","777777777777","777777777777",1,0
45,450450,1,1,2,14,7,18,56,41,0,1,0,45,1,55,35,55035,4,2008,"KMHDU46D78U4","K","M","H","D","U","4","6","D","7","8","U","4",0,0,0,"000000000","00000000000",0,0,0,1,0,0,0,0,0,0,0,75,0,0,0,12,6,2,42,0,0,0,1,45,29379,6,1,0,0,3,0,63,180,0,0,0,1,0,6,2014,6,2014,3,8,0,0,0,1,2,45,1,1,8,1,0,0,1,13,1,1,4,1,"777777777777","777777777777","777777777777",1,0
45,450451,1,1,2,15,7,14,55,34,0,1,0,45,2,59,401,59401,14,1999,"JT6HF10UXX00","J","T","6","H","F","1","0","U","X","X","0","0",0,0,0,"000000000","00000000000",0,0,0,1,0,0,0,0,0,0,0,70,0,2,5,12,6,2,1,0,0,0,1,45,29472,6,1,0,0,3,0,62,240,0,0,0,0,0,0,0,0,0,3,28,0,0,0,1,2,55,1,1,8,1,0,0,1,13,1,1,4,1,"777777777777","777777777777","777777777777",1,0
45,450452,1,1,5,16,7,3,10,8,0,1,0,45,1,12,401,12401,14,2001,"1FMZU64PX1UB","1","F","M","Z","U","6","4","P","X","1","U","B",0,0,0,"000000000","00000000000",0,0,0,1,0,0,0,0,0,0,0,45,0,0,0,12,4,5,8,0,0,0,1,45,29627,6,1,0,0,3,0,65,180,1,0,0,1,0,10,2014,3,2016,0,0,0,0,0,2,2,45,1,1,8,1,0,0,1,80,1,1,1,13,"777777777777","777777777777","777777777777",0,0
45,450453,1,2,1,17,7,17,58,12,6,1,0,45,2,20,16,20016,2,2002,"1G1JC1247274","1","G","1","J","C","1","2","4","7","2","7","4",0,0,0,"000000000","00000000000",0,0,0,1,0,0,0,0,0,0,0,35,0,0,0,3,6,2,12,0,0,0,1,45,29576,6,1,0,0,3,0,65,135,2,0,0,0,1,4,2016,6,2016,0,28,0,0,0,2,2,45,1,1,8,2,0,0,1,10,1,1,2,64,"777777777777","777777777777","777777777777",1,1
45,450453,2,2,1,17,7,17,58,12,6,1,0,45,1,7,482,7482,31,2008,"1D7HA16N28J1","1","D","7","H","A","1","6","N","2","8","J","1",0,0,0,"000000000","00000000000",0,0,0,1,0,0,0,0,0,0,0,45,0,0,0,12,6,2,12,0,0,0,1,45,29579,6,1,0,0,3,0,73,220,0,0,0,0,0,0,0,0,0,0,0,0,0,0,2,2,45,1,1,8,2,0,0,1,62,1,1,1,65,"777777777777","777777777777","777777777777",0,0
45,450454,1,1,1,17,7,2,45,32,0,1,0,45,1,72,706,72706,80,2006,"1HD1GV1376K3","1","H","D","1","G","V","1","3","7","6","K","3",0,0,0,"000000000","00000000000",0,0,0,1,0,0,0,0,0,0,0,80,0,0,0,12,6,2,32,0,0,0,1,45,29436,6,1,6,3,3,0,76,260,0,0,0,1,0,1,2012,1,2012,3,28,0,0,0,1,2,55,1,1,8,2,0,0,1,6,7,9,4,2,"777777777777","777777777777","777777777777",1,1
45,450455,1,1,1,17,7,0,27,42,0,1,0,45,1,35,48,35048,2,2006,"JN1AZ34EX6M3","J","N","1","A","Z","3","4","E","X","6","M","3",0,0,0,"000000000","00000000000",0,0,0,1,0,0,0,0,0,0,0,65,0,0,0,9,6,2,42,0,0,0,1,45,29605,0,0,0,0,0,0,999,999,99,99,99,99,99,99,9999,99,9999,0,0,0,0,0,1,2,30,1,1,8,1,0,0,99,99,99,9,4,10,"777777777777","777777777777","777777777777",1,1
45,450456,1,2,1,18,7,16,43,12,2,1,0,45,3,87,881,87881,66,1981,"1XP9D29X0BP1","1","X","P","9","D","2","9","X","0","B","P","1",1,1,45,"01395686","4501395686",3,6,98,1,0,0,0,0,0,0,0,50,0,0,0,12,0,5,12,0,0,0,1,45,29102,6,1,6,3,3,0,70,250,1,0,0,0,0,1,2015,1,2015,0,0,0,0,0,1,2,55,1,1,8,1,0,0,17,65,7,1,6,69,"888888888888","777777777777","777777777777",0,0
45,450456,2,2,1,18,7,16,43,12,2,1,0,45,1,98,998,98998,95,2000,"999999999999","9","9","9","9","9","9","9","9","9","9","9","9",0,0,0,"000000000","00000000000",0,0,0,1,0,0,0,0,0,0,0,10,0,0,0,12,6,2,12,0,0,0,1,45,29541,6,1,0,0,3,3,68,155,0,0,0,0,0,0,0,0,0,0,38,0,0,0,1,2,55,1,1,8,1,0,0,11,15,1,1,1,68,"777777777777","777777777777","777777777777",1,0
45,450457,1,1,1,18,7,22,10,8,0,1,1,99,9,99,999,99999,99,9999,"999999999999","9","9","9","9","9","9","9","9","9","9","9","9",0,0,0,"000000000","00000000000",0,0,0,1,0,0,0,0,0,0,0,45,0,0,0,99,9,5,8,0,0,0,1,99,99999,9,9,99,9,9,9,999,999,99,99,99,99,99,99,9999,99,9999,0,0,0,0,0,1,2,45,1,1,8,1,0,0,1,80,99,9,1,13,"777777777777","777777777777","777777777777",0,0
45,450458,1,2,2,19,7,4,50,12,8,1,0,45,2,37,32,37032,4,2006,"3HGCM56496G7","3","H","G","C","M","5","6","4","9","6","G","7",0,0,0,"000000000","00000000000",0,0,0,1,0,0,0,0,0,0,0,55,0,0,0,10,6,2,12,0,0,0,1,45,29512,6,1,6,0,3,0,71,180,2,1,0,2,1,4,2013,11,2015,0,0,0,0,0,1,2,55,1,1,8,1,0,0,1,50,1,1,1,98,"777777777777","777777777777","777777777777",0,0
45,450458,2,2,0,19,7,4,50,12,8,1,0,45,6,20,481,20481,31,2013,"3GCPKSEA6DG1","3","G","C","P","K","S","E","A","6","D","G","1",1,1,0,"000000000","00000000000",0,0,0,1,0,0,0,0,0,0,0,0,0,0,0,10,4,3,12,0,0,0,0,0,99997,7,6,97,7,6,7,998,997,998,998,998,998,998,98,9998,98,9998,8,0,0,0,0,1,2,55,1,1,8,1,0,0,0,53,0,0,0,98,"888888888888","777777777777","777777777777",0,0