"STATE","ST_CASE","VEH_NO","VE_FORMS","NUMOCCS","DAY","MONTH","HOUR","MINUTE","HARM_EV","MAN_COLL","UNITTYPE","HIT_RUN","REG_STAT","OWNER","MAKE","MODEL","MAK_MOD","BODY_TYP","MOD_YEAR","VIN","VIN_1","VIN_2","VIN_3","VIN_4","VIN_5","VIN_6","VIN_7","VIN_8","VIN_9","VIN_10","VIN_11","VIN_12","TOW_VEH","J_KNIFE","MCARR_I1","MCARR_I2","MCARR_ID","GVWR","V_CONFIG","CARGO_BT","HAZ_INV","HAZ_PLAC","HAZ_ID","HAZ_CNO","HAZ_REL","BUS_USE","SPEC_USE","EMER_USE","TRAV_SP","UNDERIDE","ROLLOVER","ROLINLOC","IMPACT1","DEFORMED","TOWED","M_HARM","VEH_SC1","VEH_SC2","FIRE_EXP","DR_PRES","L_STATE","DR_ZIP","L_STATUS","L_TYPE","CDL_STAT","L_ENDORS","L_COMPL","L_RESTRI","DR_HGT","DR_WGT","PREV_ACC","PREV_SUS","PREV_DWI","PREV_SPD","PREV_OTH","FIRST_MO","FIRST_YR","LAST_MO","LAST_YR","SPEEDREL","DR_SF1","DR_SF2","DR_SF3","DR_SF4","VTRAFWAY","VNUM_LAN","VSPD_LIM","VALIGN","VPROFILE","VPAVETYP","VSURCOND","VTRAFCON","VTCONT_F","P_CRASH1","P_CRASH2","P_CRASH3","PCRASH4","PCRASH5","ACC_TYPE","TRLR1VIN","TRLR2VIN","TRLR3VIN","DEATHS","DR_DRINK"
45,450532,2,2,4,18,5,10,25,12,8,1,0,45,2,9,442,9442,20,1994,"2P4GH2532RR5","2","P","4","G","H","2","5","3","2","R","R","5",0,0,0,"000000000","00000000000",0,0,0,1,0,0,0,0,0,0,0,55,0,0,0,11,6,2,12,0,0,0,1,45,29137,1,1,5,0,2,0,68,150,1,0,0,1,1,12,2012,4,2016,0,28,0,0,0,1,2,55,1,1,8,1,0,0,1,10,1,1,2,64,"777777777777","777777777777","777777777777",1,0
45,450533,1,1,1,9,8,7,58,9,0,1,0,45,1,37,39,37039,5,2015,"3HGGK5H80FM7","3","H","G","G","K","5","H","8","0","F","M","7",0,0,0,"000000000","00000000000",0,0,0,1,0,0,0,0,0,0,0,40,0,0,0,12,6,2,9,0,0,0,1,45,29036,6,1,0,0,3,3,69,150,1,0,0,1,0,5,2012,1,2016,0,0,0,0,0,2,2,40,1,1,8,1,0,0,1,83,1,1,1,13,"777777777777","777777777777","777777777777",0,0
45,450534,1,2,1,9,8,20,27,12,6,1,0,45,1,37,32,37032,4,1999,"1HGCG5655XA0","1","H","G","C","G","5","6","5","5","X","A","0",0,0,0,"000000000","00000000000",0,0,0,1,0,0,0,0,0,0,0,10,0,0,0,3,6,2,12,0,0,0,1,45,29611,6,1,0,0,3,0,62,140,0,0,0,0,0,0,0,0,0,0,0,0,0,0,2,3,40,1,1,8,1,3,3,11,15,1,1,1,68,"777777777777","777777777777","777777777777",0,0
45,450534,2,2,1,9,8,20,27,12,6,1,0,13,2,73,705,73705,80,1996,"JKAZXDP16TA0","J","K","A","Z","X","D","P","1","6","T","A","0",0,0,0,"000000000","00000000000",0,0,0,1,0,0,0,0,0,0,0,65,0,0,0,12,6,2,12,0,0,0,1,45,29611,1,1,5,0,2,0,72,155,0,1,0,1,2,9,2012,7,2016,0,39,0,0,0,2,3,40,1,1,8,1,3,3,1,17,1,1,1,69,"777777777777","777777777777","777777777777",1,0
45,450535,1,1,1,9,8,20,50,42,0,1,0,45,1,22,20,22020,4,2000,"1G2WP52KXYF2","1","G","2","W","P","5","2","K","X","Y","F","2",0,0,0,"000000000","00000000000",0,0,0,1,0,0,0,0,0,0,0,80,0,0,0,9,6,2,42,0,0,0,1,45,29681,1,1,5,0,2,0,70,130,0,1,0,0,0,4,2014,4,2014,4,28,58,0,0,3,2,70,1,1,8,1,0,0,1,12,1,1,4,6,"777777777777","777777777777","777777777777",1,1
45,450536,1,1,1,10,8,12,7,34,0,1,0,45,1,13,5,13005,4,1997,"1LNLM82W3VY6","1","L","N","L","M","8","2","W","3","V","Y","6",0,0,0,"000000000","00000000000",0,0,0,1,0,0,0,0,0,0,0,65,0,0,0,12,6,2,42,0,0,0,1,45,29209,6,1,0,0,3,0,69,250,0,0,0,0,0,0,0,0,0,3,28,0,0,0,1,2,55,1,1,8,1,0,0,1,12,1,1,4,9,"777777777777","777777777777","777777777777",1,0
45,450537,1,2,2,10,8,5,20,12,6,1,0,45,3,20,481,20481,31,2011,"1GC1KXEG1BF1","1","G","C","1","K","X","E","G","1","B","F","1",0,0,0,"000000000","00000000000",0,0,0,1,0,0,0,0,0,0,0,55,0,0,0,12,6,2,12,0,0,0,1,45,29069,6,1,6,3,3,3,75,220,0,1,0,0,0,7,2012,7,2012,0,0,0,0,0,1,2,55,1,1,8,1,0,0,1,66,1,1,1,88,"777777777777","777777777777","777777777777",1,0
45,450537,2,2,2,10,8,5,20,12,6,1,0,47,2,41,471,41471,30,2009,"4F4YR12D79PM","4","F","4","Y","R","1","2","D","7","9","P","M",0,0,0,"000000000","00000000000",0,0,0,1,0,0,0,0,0,0,0,55,0,0,0,9,6,2,12,0,0,0,1,47,37920,6,1,0,0,3,0,70,147,0,0,0,0,0,0,0,0,0,0,39,0,0,0,1,2,55,1,1,8,1,20,3,1,17,1,1,1,89,"777777777777","777777777777","777777777777",1,0
45,450538,1,3,2,10,8,2,48,12,2,1,0,37,2,35,47,35047,4,2012,"1N4AL2AP2CN4","1","N","4","A","L","2","A","P","2","C","N","4",0,0,0,"000000000","00000000000",0,0,0,1,0,0,0,0,0,0,0,70,0,0,0,12,6,2,12,0,0,0,1,37,28645,4,1,0,0,2,0,62,999,1,0,0,0,0,8,2011,8,2011,0,0,0,0,0,2,2,70,4,1,8,1,0,0,1,54,1,1,1,51,"777777777777","777777777777","777777777777",1,0
45,450538,2,3,1,10,8,2,48,12,2,1,0,37,2,12,401,12401,14,1997,"1FMDU35P0VUA","1","F","M","D","U","3","5","P","0","V","U","A",0,0,0,"000000000","00000000000",0,0,0,1,0,0,0,0,0,0,0,70,0,1,3,12,6,2,12,0,0,0,1,51,24014,2,1,0,0,2,0,71,210,0,1,2,0,0,12,2012,1,2013,0,51,0,0,0,2,2,70,4,1,8,1,0,0,1,54,1,1,1,50,"777777777777","777777777777","777777777777",1,1
45,450538,3,3,1,10,8,2,48,12,2,1,1,99,9,99,999,99999,99,9999,"999999999999","9","9","9","9","9","9","9","9","9","9","9","9",0,0,0,"000000000","00000000000",0,0,0,1,0,0,0,0,0,0,0,65,0,0,0,11,9,5,12,0,0,0,1,99,99999,9,9,99,9,9,9,999,999,99,99,99,99,99,99,9999,99,9999,0,0,0,0,0,2,2,70,4,1,8,1,0,0,1,61,1,1,1,98,"777777777777","777777777777","777777777777",0,0
45,450539,1,2,2,11,8,15,10,12,6,1,0,13,3,12,461,12461,21,2000,"1FTNE24W18DA","1","F","T","N","E","2","4","W","1","8","D","A",0,0,0,"000000000","00000000000",0,0,0,1,0,0,0,0,0,0,0,45,0,0,0,12,6,2,12,0,0,0,1,45,29856,6,1,0,0,3,3,72,200,1,0,0,0,1,7,2014,12,2014,0,0,0,0,0,2,2,45,1,2,8,2,0,0,1,66,1,1,1,88,"777777777777","777777777777","777777777777",0,0
45,450539,2,2,2,11,8,15,10,12,6,1,0,45,2,18,22,18022,4,2006,"2G4WC5529612","2","G","4","W","C","5","5","2","9","6","1","2",0,0,0,"000000000","00000000000",0,0,0,1,0,0,0,0,0,0,0,5,0,0,0,9,6,2,12,0,0,0,1,45,29831,6,1,0,0,3,3,61,120,0,0,0,0,0,0,0,0,0,0,38,0,0,0,1,2,30,1,1,8,2,20,3,4,17,1,1,1,89,"777777777777","777777777777","777777777777",2,0
45,450540,1,1,1,11,8,17,20,42,0,1,0,45,1,35,47,35047,4,1999,"1N4DL01D8XC2","1","N","4","D","L","0","1","D","8","X","C","2",0,0,0,"000000000","00000000000",0,0,0,1,0,0,0,0,0,0,0,30,0,0,0,12,6,2,42,0,0,0,1,45,29009,6,1,0,0,3,3,68,174,0,1,0,0,0,12,2014,12,2014,0,28,0,0,0,1,2,30,2,1,8,1,0,0,14,12,1,1,4,6,"777777777777","777777777777","777777777777",1,0
45,450541,1,1,1,11,8,15,1,53,0,1,0,45,1,49,472,49472,40,2003,"5TEGN92N13Z1","5","T","E","G","N","9","2","N","1","3","Z","1",0,0,0,"000000000","00000000000",0,0,0,1,0,0,0,0,0,0,0,45,0,0,0,12,6,2,34,0,0,0,1,45,29563,6,1,0,0,3,0,68,160,0,0,0,0,1,10,2014,10,2014,4,0,0,0,0,1,2,45,3,2,8,1,0,0,14,13,1,1,4,1,"777777777777","777777777777","777777777777",1,0
45,450542,1,1,2,13,8,18,45,42,0,1,0,45,1,14,401,14401,14,1998,"4M2ZU55P3WUJ","4","M","2","Z","U","5","5","P","3","W","U","J",0,0,0,"000000000","00000000000",0,0,0,1,0,0,0,0,0,0,0,999,0,0,0,3,6,2,42,0,0,0,1,45,29575,6,1,0,0,3,0,66,125,2,1,0,0,1,3,2012,4,2016,0,28,0,0,0,1,2,35,1,1,8,1,0,0,1,12,1,1,4,6,"777777777777","777777777777","777777777777",1,1
45,450543,1,1,2,14,8,22,0,35,0,1,0,45,1,24,5,24005,4,2005,"1G8JD54R65Y5","1","G","8","J","D","5","4","R","6","5","Y","5",0,0,0,"000000000","00000000000",0,0,0,1,0,0,0,0,0,0,0,24,0,0,0,12,6,2,35,0,0,0,1,45,29702,6,1,0,0,3,3,61,102,0,0,0,0,0,0,0,0,0,4,0,0,0,0,1,2,25,3,2,8,1,40,3,14,13,1,1,4,1,"777777777777","777777777777","777777777777",1,0
45,450544,1,1,1,14,8,0,46,42,0,1,0,45,5,49,43,49043,4,2004,"4T1BF28B54U3","4","T","1","B","F","2","8","B","5","4","U","3",0,0,0,"000000000","00000000000",0,0,0,1,0,0,0,0,0,0,0,71,0,0,0,12,6,2,2,0,0,1,1,45,29203,0,0,0,0,0,0,999,999,99,99,99,99,99,99,9999,99,9999,0,8,28,0,0,1,2,25,2,2,8,1,0,0,14,13,1,1,4,1,"777777777777","777777777777","777777777777",1,0
45,450545,1,1,1,14,8,4,56,8,0,1,0,45,1,24,7,24007,4,2004,"1G8AV12F44Z1","1","G","8","A","V","1","2","F","4","4","Z","1",0,0,0,"000000000","00000000000",0,0,0,1,0,0,0,0,0,0,0,45,0,0,0,12,4,5,8,0,0,0,1,45,29105,6,1,0,0,3,3,62,184,0,0,0,0,0,0,0,0,0,0,0,0,0,0,1,2,45,1,3,8,1,0,0,1,80,1,1,1,13,"777777777777","777777777777","777777777777",0,0
45,450546,1,2,1,14,8,5,50,12,6,1,0,13,2,41,402,41402,14,2005,"4F2CZ04115KM","4","F","2","C","Z","0","4","1","1","5","K","M",0,0,0,"000000000","00000000000",0,0,0,1,0,0,0,0,0,0,0,60,0,1,5,3,6,2,12,0,0,0,1,13,30083,1,1,0,0,2,0,72,190,98,1,1,0,1,10,2011,9,2015,4,28,0,0,0,1,2,55,1,1,8,1,0,0,1,10,1,1,6,64,"777777777777","777777777777","777777777777",1,1
45,450546,2,2,1,14,8,5,50,12,6,1,0,45,1,49,32,49032,4,2016,"2T1BURHE5GC6","2","T","1","B","U","R","H","E","5","G","C","6",0,0,0,"000000000","00000000000",0,0,0,1,0,0,0,0,0,0,0,62,0,0,0,12,6,2,12,0,0,0,1,45,29016,6,1,0,0,3,0,66,155,0,0,0,0,0,0,0,0,0,0,0,0,0,0,1,2,55,1,1,8,1,0,0,1,62,1,1,1,65,"777777777777","777777777777","777777777777",0,0
45,450547,1,3,1,14,8,21,35,12,6,1,0,45,2,12,402,12402,14,2012,"1FMCU0D77CKA","1","F","M","C","U","0","D","7","7","C","K","A",0,0,0,"000000000","00000000000",0,0,0,1,0,0,0,0,0,0,0,15,0,0,0,5,6,2,12,0,0,0,1,45,29577,6,1,0,0,3,0,67,130,0,1,0,0,1,8,2012,10,2012,0,0,0,0,0,2,3,45,1,1,8,1,0,0,11,15,1,1,1,68,"777777777777","777777777777","777777777777",0,0
45,450547,2,3,1,14,8,21,35,12,6,1,0,45,1,37,706,37706,80,2008,"JH2SC59078M0","J","H","2","S","C","5","9","0","7","8","M","0",0,0,0,"000000000","00000000000",0,0,0,1,0,0,0,0,0,0,0,999,0,0,0,12,6,2,12,0,0,0,1,45,29588,6,1,0,0,3,0,68,180,0,0,0,0,0,0,0,0,0,0,0,0,0,0,2,3,45,1,1,8,1,0,0,1,67,1,1,1,98,"777777777777","777777777777","777777777777",0,0
45,450547,3,3,1,14,8,21,35,12,6,1,0,45,1,53,706,53706,80,2007,"JS1GT77A4721","J","S","1","G","T","7","7","A","4","7","2","1",0,0,0,"000000000","00000000000",0,0,0,1,0,0,0,0,0,0,0,999,0,0,0,12,6,2,12,0,0,0,1,45,29588,6,1,0,0,3,0,70,220,0,0,0,0,0,0,0,0,0,0,0,0,0,0,2,3,45,1,1,8,1,0,0,1,67,1,1,1,69,"777777777777","777777777777","777777777777",1,0
45,450548,1,2,1,16,8,14,30,12,6,1,0,45,1,30,46,30046,4,2014,"1VWBN7A34EC1","1","V","W","B","N","7","A","3","4","E","C","1",0,0,0,"000000000","00000000000",0,0,0,1,0,0,0,0,0,0,0,50,0,0,0,12,6,2,12,0,0,0,1,45,29697,6,1,0,0,3,3,63,200,0,0,0,1,0,10,2014,10,2014,0,0,0,0,0,2,2,55,1,1,8,1,0,0,1,66,1,1,1,88,"777777777777","777777777777","777777777777",0,0
45,450548,2,2,2,16,8,14,30,12,6,1,0,45,1,49,46,49046,5,2014,"JTDKN3DUXE17","J","T","D","K","N","3","D","U","X","E","1","7",0,0,0,"000000000","00000000000",0,0,0,1,0,0,0,0,0,0,0,20,0,0,0,9,6,2,12,0,0,0,1,45,29669,6,1,0,0,3,3,73,204,1,0,0,0,0,3,2016,3,2016,0,38,0,0,0,1,2,55,1,1,8,1,20,3,4,17,1,1,1,89,"777777777777","777777777777","777777777777",1,0
45,450549,1,1,2,14,8,18,50,34,0,1,0,45,1,19,18,19018,4,2013,"1G6DF5E5XD01","1","G","6","D","F","5","E","5","X","D","0","1",0,0,0,"000000000","00000000000",0,0,0,1,0,0,0,0,0,0,0,55,0,0,0,12,6,2,42,0,0,0,1,45,29924,6,1,0,0,3,0,71,168,0,0,0,0,0,0,0,0,0,0,28,0,0,0,1,2,55,3,1,8,1,0,0,14,13,1,1,4,1,"777777777777","777777777777","777777777777",1,0
45,450550,1,1,1,16,8,9,36,34,0,1,0,45,2,49,401,49401,14,1995,"JT3VN29V7S00","J","T","3","V","N","2","9","V","7","S","0","0",0,0,0,"000000000","00000000000",0,0,0,1,0,0,0,0,0,0,0,45,0,1,6,12,6,2,1,0,0,0,1,45,29710,6,1,0,0,3,0,69,175,0,0,0,0,0,0,0,0,0,4,0,0,0,0,1,2,45,1,1,8,1,0,0,1,13,1,1,4,1,"777777777777","777777777777","777777777777",1,1
45,450551,1,1,1,17,8,9,25,1,0,1,0,45,3,98,804,98804,63,2013,"5KKMAVDV0DPF","5","K","K","M","A","V","D","V","0","D","P","F",0,0,45,"2365992","452365992",3,2,4,1,0,0,0,0,0,0,0,45,0,2,1,0,6,2,1,0,0,0,1,45,29550,6,1,6,3,3,0,69,249,1,0,0,0,0,7,2012,7,2012,0,28,58,0,0,1,2,45,3,2,8,1,0,0,14,13,1,1,4,1,"777777777777","777777777777","777777777777",1,0
45,450552,1,2,1,18,8,18,15,12,2,1,0,47,3,84,884,84884,66,2012,"1HSDHSJR1CJ6","1","H","S","D","H","S","J","R","1","C","J","6",1,1,47,"0063419","470063419",3,6,1,1,0,0,0,0,0,0,0,55,0,0,0,12,6,2,12,0,0,0,1,45,29160,6,1,6,3,3,3,68,210,0,0,0,0,0,0,0,0,0,0,0,0,0,0,1,2,55,4,1,8,1,0,0,14,62,1,1,1,51,"888888888888","777777777777","777777777777",0,0
45,450552,2,2,1,18,8,18,15,12,2,1,0,45,2,12,402,12402,14,2013,"1FMCU0GX3DUD","1","F","M","C","U","0","G","X","3","D","U","D",0,0,0,"000000000","00000000000",0,0,0,1,0,0,0,0,0,0,0,66,0,0,0,12,6,2,12,0,0,0,1,45,29070,6,1,0,0,3,3,66,140,1,0,0,0,1,11,2015,11,2015,0,28,0,0,0,1,2,55,4,1,8,1,0,0,14,10,1,1,2,50,"777777777777","777777777777","777777777777",1,0
45,450553,1,1,3,18,8,21,55,42,0,1,0,45,2,37,32,37032,4,1998,"1HGCG5544WA2","1","H","G","C","G","5","5","4","4","W","A","2",0,0,0,"000000000","00000000000",0,0,0,1,0,0,0,0,0,0,0,55,0,0,0,12,6,2,42,0,0,0,1,45,29621,6,1,0,0,3,3,69,140,0,0,0,0,0,0,0,0,0,4,0,0,0,0,1,2,45,1,1,8,2,0,0,1,13,1,1,4,1,"777777777777","777777777777","777777777777",1,1
45,450554,1,2,1,18,8,11,40,12,6,1,0,45,1,23,481,23481,31,1997,"1GTGK29R3VE5","1","G","T","G","K","2","9","R","3","V","E","5",0,0,0,"000000000","00000000000",0,0,0,1,0,0,0,0,0,0,0,5,0,0,0,5,6,2,12,0,0,0,1,45,29617,6,1,0,0,3,3,72,185,2,0,0,0,1,3,2012,5,2013,0,38,0,0,0,1,2,40,1,2,8,1,20,3,1,17,1,1,1,87,"777777777777","777777777777","777777777777",1,0
45,450554,2,2,2,18,8,11,40,12,6,1,0,37,3,84,881,84881,64,2016,"1HTMMMML7HH4","1","H","T","M","M","M","M","L","7","H","H","4",0,0,37,"1558827","371558827",2,2,1,1,0,0,0,0,0,0,0,40,0,0,0,12,6,2,12,0,0,0,1,45,29303,6,1,0,0,2,0,65,140,1,2,0,1,0,9,2014,8,2016,0,0,0,0,0,1,2,40,1,2,8,1,0,0,1,66,1,1,1,86,"777777777777","777777777777","777777777777",0,0
45,450555,1,2,1,19,8,3,0,51,0,1,0,37,3,82,881,82881,66,2016,"1FUGGEDVXGLG","1","F","U","G","G","E","D","V","X","G","L","G",1,3,37,"0090792","370090792",3,6,2,2,2,406,3,2,0,0,0,5,0,0,0,0,6,2,2,0,0,1,1,13,30906,6,1,6,3,3,0,76,365,98,0,0,0,1,8,2015,8,2015,0,38,0,0,0,1,2,55,1,1,8,1,0,0,13,20,1,1,2,0,"888888888888","777777777777","777777777777",0,0
45,450555,2,2,1,19,8,3,0,51,0,1,0,45,3,51,881,51881,66,2015,"4V4NC9EJ5FN9","4","V","4","N","C","9","E","J","5","F","N","9",1,1,45,"1606456","451606456",3,6,1,1,0,0,0,0,0,0,0,55,0,0,0,12,6,2,12,0,0,0,1,45,29440,6,1,6,3,3,3,75,285,1,0,0,2,2,6,2013,11,2015,0,0,0,0,0,1,2,55,1,1,8,1,0,0,1,17,1,1,1,98,"888888888888","777777777777","777777777777",1,0
45,450556,1,1,3,19,8,19,44,42,0,1,0,45,1,35,472,35472,30,2007,"1N6BD06T77C4","1","N","6","B","D","0","6","T","7","7","C","4",0,0,0,"000000000","00000000000",0,0,0,1,0,0,0,0,0,0,0,55,0,0,0,12,6,2,42,0,0,0,1,45,29070,0,0,0,0,0,0,999,999,1,0,0,0,0,8,2014,8,2014,3,0,0,0,0,1,2,35,1,1,8,2,0,0,1,13,1,1,4,1,"777777777777","777777777777","777777777777",1,1
45,450558,1,1,1,20,8,7,30,8,0,1,0,45,1,12,481,12481,31,2008,"1FTWW33R78EC","1","F","T","W","W","3","3","R","7","8","E","C",0,0,0,"000000000","00000000000",0,0,0,1,0,0,0,0,0,0,0,30,0,0,0,2,0,5,8,0,0,0,1,45,29690,6,1,0,0,3,0,68,180,0,1,0,0,0,6,2016,6,2016,4,0,0,0,0,1,2,35,3,1,8,1,0,0,14,13,1,1,4,1,"777777777777","777777777777","777777777777",0,0
45,450559,1,1,1,19,5,23,16,38,0,1,0,45,1,12,471,12471,30,2003,"1FTYR14U53TA","1","F","T","Y","R","1","4","U","5","3","T","A",0,0,0,"000000000","00000000000",0,0,0,1,0,0,0,0,0,0,0,70,0,0,0,12,6,2,42,0,0,0,1,45,29582,6,1,0,0,3,0,70,150,1,1,0,0,1,1,2012,3,2012,3,28,0,0,0,1,2,35,3,1,8,1,0,0,14,13,1,1,4,1,"777777777777","777777777777","777777777777",1,0
45,450560,1,1,2,7,8,5,57,1,0,1,0,45,2,35,47,35047,4,2012,"1N4AL2AP3CC2","1","N","4","A","L","2","A","P","3","C","C","2",0,0,0,"000000000","00000000000",0,0,0,1,0,0,0,0,0,0,0,90,0,2,2,0,6,2,1,0,0,0,1,45,29403,1,1,5,0,2,0,72,290,2,5,0,1,0,8,2013,9,2015,3,8,0,0,0,1,3,45,4,2,8,1,3,3,14,13,1,9,4,98,"777777777777","777777777777","777777777777",1,1
45,450561,1,1,2,20,8,3,20,8,0,1,1,37,3,12,481,12481,31,2016,"1FTEW1CG2GFC","1","F","T","E","W","1","C","G","2","G","F","C",0,0,0,"000000000","00000000000",0,0,0,1,0,0,0,0,0,0,0,55,0,0,0,12,4,5,8,0,0,0,1,45,29536,6,1,0,0,3,0,66,150,0,1,0,0,0,8,2014,8,2014,0,28,0,0,0,1,2,55,1,1,8,1,0,0,15,81,1,1,2,13,"777777777777","777777777777","777777777777",0,1
45,450562,1,2,2,21,8,19,10,12,2,1,0,45,1,14,6,14006,4,2000,"2MEFM75W0YX7","2","M","E","F","M","7","5","W","0","Y","X","7",0,0,0,"000000000","00000000000",0,0,0,1,0,0,0,0,0,0,0,55,0,0,0,12,6,2,12,0,0,0,1,45,29720,6,1,0,0,3,0,66,190,0,5,0,0,1,3,2012,1,2016,0,0,0,0,0,1,2,55,1,1,8,1,0,0,1,62,1,1,1,51,"777777777777","777777777777","777777777777",1,0
45,450562,2,2,1,21,8,19,10,12,2,1,0,37,2,37,32,37032,4,1998,"1HGCG5543WA0","1","H","G","C","G","5","5","4","3","W","A","0",0,0,0,"000000000","00000000000",0,0,0,1,0,0,0,0,0,0,0,55,0,0,0,12,6,2,12,0,0,0,1,37,27360,1,1,0,0,2,0,60,999,1,4,1,1,3,7,2012,3,2015,0,28,0,0,0,1,2,55,1,1,8,1,0,0,1,10,1,1,2,50,"777777777777","777777777777","777777777777",0,1
45,450563,1,1,1,22,8,22,16,8,0,1,0,45,1,49,46,49046,5,2015,"JTDKN3DU9F19","J","T","D","K","N","3","D","U","9","F","1","9",0,0,0,"000000000","00000000000",0,0,0,1,0,0,0,0,0,0,0,55,0,0,0,12,6,2,8,0,0,0,1,45,29910,6,1,0,0,3,0,66,125,0,2,1,0,0,2,2014,3,2014,0,0,0,0,0,2,2,55,1,1,8,1,0,0,1,80,1,1,1,13,"777777777777","777777777777","777777777777",0,0
45,450564,1,1,1,23,8,2,47,35,0,1,0,45,1,49,32,49032,4,2015,"2T1BURHE5FC3","2","T","1","B","U","R","H","E","5","F","C","3",0,0,0,"000000000","00000000000",0,0,0,1,0,0,0,0,0,0,0,65,0,2,5,2,6,2,1,0,0,0,1,45,29127,6,1,0,0,3,3,73,145,0,2,0,3,2,9,2013,3,2016,3,0,0,0,0,1,2,40,3,1,8,1,0,0,14,13,1,1,4,1,"777777777777","777777777777","777777777777",1,1
45,450565,1,1,2,24,8,21,8,42,0,1,0,45,2,20,421,20421,15,2001,"1GNEC13T01J1","1","G","N","E","C","1","3","T","0","1","J","1",0,0,0,"000000000","00000000000",0,0,0,1,0,0,0,0,0,0,0,90,0,1,5,12,6,2,42,0,0,0,1,45,29621,6,1,0,0,3,0,69,170,0,0,0,0,0,0,0,0,0,3,39,0,0,0,1,2,40,1,1,8,1,20,3,1,13,1,1,4,1,"777777777777","777777777777","777777777777",2,1
45,450566,1,1,1,24,8,6,0,35,0,1,0,45,1,59,34,59034,4,2006,"JTHBN96S8650","J","T","H","B","N","9","6","S","8","6","5","0",0,0,0,"000000000","00000000000",0,0,0,1,0,0,0,0,0,0,0,55,0,2,5,12,6,2,1,0,0,0,1,45,29803,1,1,5,0,2,0,64,160,0,2,1,0,0,12,2015,6,2016,4,28,0,0,0,1,2,55,3,1,8,1,0,0,14,13,1,1,4,1,"777777777777","777777777777","777777777777",1,1
45,450567,1,1,1,25,8,21,0,8,0,1,0,45,1,35,47,35047,4,2010,"1N4AL2AP1AN4","1","N","4","A","L","2","A","P","1","A","N","4",0,0,0,"000000000","00000000000",0,0,0,1,0,0,0,0,0,0,0,35,0,0,0,2,4,5,8,0,0,0,1,45,29180,6,1,0,0,3,3,63,180,0,0,0,0,0,0,0,0,0,0,0,0,0,0,2,2,45,1,2,8,1,0,0,1,80,1,1,1,13,"777777777777","777777777777","777777777777",0,0
45,450568,1,1,1,25,8,21,55,34,0,1,0,45,1,19,3,19003,4,1996,"1G6KD52Y6TU2","1","G","6","K","D","5","2","Y","6","T","U","2",0,0,0,"000000000","00000000000",0,0,0,1,0,0,0,0,0,0,0,65,0,0,0,12,6,2,32,0,0,0,1,45,29554,6,1,0,0,3,0,72,175,0,0,0,0,0,0,0,0,0,4,28,0,0,0,1,2,55,1,1,8,1,0,0,1,12,1,1,4,6,"777777777777","777777777777","777777777777",1,1
45,450569,1,1,1,25,8,23,35,34,0,1,0,45,1,41,49,41049,4,2009,"JM1FE17M3904","J","M","1","F","E","1","7","M","3","9","0","4",0,0,0,"000000000","00000000000",0,0,0,1,0,0,0,0,0,0,0,60,0,1,5,12,6,2,1,0,0,0,1,45,29681,6,1,0,0,3,0,74,210,1,1,0,0,0,4,2012,9,2015,3,0,0,0,0,1,2,35,2,1,8,1,0,0,14,12,1,1,4,6,"777777777777","777777777777","777777777777",1,1
45,450570,1,1,1,26,8,4,6,34,0,1,0,93,3,84,884,84884,66,2013,"1HSDJSJR4DH2","1","H","S","D","J","S","J","R","4","D","H","2",1,1,26,"1238256","261238256",3,6,1,1,0,0,0,0,0,0,0,47,0,0,0,12,6,2,42,0,0,1,1,45,29316,6,1,6,3,3,0,61,375,0,6,0,0,0,7,2013,6,2016,0,99,99,99,99,2,2,45,1,1,8,1,0,0,99,13,99,9,4,5,"888888888888","777777777777","777777777777",1,0
45,450571,1,1,2,26,8,0,5,1,0,1,0,45,1,37,706,37706,80,2003,"JH2SC50013M1","J","H","2","S","C","5","0","0","1","3","M","1",0,0,0,"000000000","00000000000",0,0,0,1,0,0,0,0,0,0,0,60,0,0,0,0,6,2,1,0,0,0,1,45,29829,6,1,0,0,3,3,75,190,0,4,0,1,0,3,2012,2,2015,4,28,0,0,0,2,2,45,3,1,8,1,0,0,14,6,7,9,2,98,"777777777777","777777777777","777777777777",2,1
45,450572,1,2,1,27,8,9,10,12,1,1,0,45,1,20,481,20481,31,2001,"1GCEK19T51Z1","1","G","C","E","K","1","9","T","5","1","Z","1",1,1,0,"000000000","00000000000",0,0,0,1,0,0,0,0,0,0,0,0,0,0,0,6,0,5,12,0,0,0,1,45,29654,6,1,0,0,3,0,73,260,0,0,0,0,0,0,0,0,0,0,0,0,0,0,1,2,40,1,1,8,1,40,3,5,53,1,1,1,21,"888888888888","777777777777","777777777777",0,0
45,450572,2,2,1,27,8,9,10,12,1,1,0,45,1,72,706,72706,80,2013,"1HD1MAM16DB8","1","H","D","1","M","A","M","1","6","D","B","8",0,0,0,"000000000","00000000000",0,0,0,1,0,0,0,0,0,0,0,40,0,0,0,12,6,2,12,0,0,0,1,45,29627,6,1,0,0,3,3,68,185,1,0,0,5,0,2,2013,12,2015,0,0,0,0,0,1,2,40,1,1,8,1,40,3,1,50,1,1,1,20,"777777777777","777777777777","777777777777",1,0