"STATE","ST_CASE","VEH_NO","VE_FORMS","NUMOCCS","DAY","MONTH","HOUR","MINUTE","HARM_EV","MAN_COLL","UNITTYPE","HIT_RUN","REG_STAT","OWNER","MAKE","MODEL","MAK_MOD","BODY_TYP","MOD_YEAR","VIN","VIN_1","VIN_2","VIN_3","VIN_4","VIN_5","VIN_6","VIN_7","VIN_8","VIN_9","VIN_10","VIN_11","VIN_12","TOW_VEH","J_KNIFE","MCARR_I1","MCARR_I2","MCARR_ID","GVWR","V_CONFIG","CARGO_BT","HAZ_INV","HAZ_PLAC","HAZ_ID","HAZ_CNO","HAZ_REL","BUS_USE","SPEC_USE","EMER_USE","TRAV_SP","UNDERIDE","ROLLOVER","ROLINLOC","IMPACT1","DEFORMED","TOWED","M_HARM","VEH_SC1","VEH_SC2","FIRE_EXP","DR_PRES","L_STATE","DR_ZIP","L_STATUS","L_TYPE","CDL_STAT","L_ENDORS","L_COMPL","L_RESTRI","DR_HGT","DR_WGT","PREV_ACC","PREV_SUS","PREV_DWI","PREV_SPD","PREV_OTH","FIRST_MO","FIRST_YR","LAST_MO","LAST_YR","SPEEDREL","DR_SF1","DR_SF2","DR_SF3","DR_SF4","VTRAFWAY","VNUM_LAN","VSPD_LIM","VALIGN","VPROFILE","VPAVETYP","VSURCOND","VTRAFCON","VTCONT_F","P_CRASH1","P_CRASH2","P_CRASH3","PCRASH4","PCRASH5","ACC_TYPE","TRLR1VIN","TRLR2VIN","TRLR3VIN","DEATHS","DR_DRINK"
45,450573,1,2,1,27,8,15,55,12,2,1,0,45,1,6,51,6051,4,2010,"2C3CA5CV2AH3","2","C","3","C","A","5","C","V","2","A","H","3",0,0,0,"000000000","00000000000",0,0,0,1,0,0,0,0,0,0,0,5,0,0,0,12,6,2,12,0,0,0,1,45,29655,6,1,0,0,3,0,64,140,0,0,0,1,1,5,2012,10,2014,0,0,0,0,0,1,2,55,1,1,8,1,0,0,2,62,7,1,1,51,"777777777777","777777777777","777777777777",1,0
45,450573,2,2,3,27,8,15,55,12,2,1,0,45,1,20,422,20422,15,2007,"1GNFC16097R3","1","G","N","F","C","1","6","0","9","7","R","3",0,0,0,"000000000","00000000000",0,0,0,1,0,0,0,0,0,0,0,55,0,0,0,12,6,2,12,0,0,0,1,45,29624,6,1,0,0,3,0,71,270,0,0,0,0,0,0,0,0,0,0,28,0,0,0,1,2,55,1,1,8,1,0,0,1,10,1,1,2,50,"777777777777","777777777777","777777777777",1,0
45,450574,1,1,2,29,8,22,10,34,0,1,0,45,1,18,25,18025,4,2014,"1G4PR5SK8E41","1","G","4","P","R","5","S","K","8","E","4","1",0,0,0,"000000000","00000000000",0,0,0,1,0,0,0,0,0,0,0,70,0,0,0,12,6,2,42,0,0,0,1,45,29468,6,1,0,0,3,3,60,148,2,0,0,0,0,6,2016,6,2016,3,28,0,0,0,1,2,55,1,1,8,1,0,0,1,13,1,1,4,5,"777777777777","777777777777","777777777777",2,1
45,450575,1,3,1,30,8,10,10,12,6,1,0,45,2,20,2,20002,4,2012,"2G1WC5E38C11","2","G","1","W","C","5","E","3","8","C","1","1",0,0,0,"000000000","00000000000",0,0,0,1,0,0,0,0,0,0,0,45,0,0,0,3,6,2,12,0,0,0,1,45,29550,6,1,0,0,3,0,63,115,0,2,0,1,0,11,2013,3,2015,0,0,0,0,0,2,2,45,1,1,8,1,0,0,1,66,1,1,1,87,"777777777777","777777777777","777777777777",0,0
45,450575,2,3,1,30,8,10,10,12,6,1,0,6,3,98,804,98804,66,2010,"5KJJABDR4APA","5","K","J","J","A","B","D","R","4","A","P","A",1,1,6,"1263693","061263693",3,6,1,1,0,0,0,0,0,0,0,0,0,0,0,12,4,5,12,0,0,0,1,6,92805,6,1,6,0,3,0,999,999,99,99,99,99,99,99,9999,99,9999,0,0,0,0,0,2,2,45,1,1,8,1,0,0,5,66,1,9,1,98,"888888888888","777777777777","777777777777",0,0
45,450575,3,3,1,30,8,10,10,12,6,1,0,45,1,18,421,18421,15,2015,"5GAKRCKD6FJ1","5","G","A","K","R","C","K","D","6","F","J","1",0,0,0,"000000000","00000000000",0,0,0,1,0,0,0,0,0,0,0,45,0,1,5,12,6,2,12,0,0,0,1,45,29532,6,1,0,0,3,0,65,180,0,0,0,0,0,0,0,0,0,0,39,0,0,0,1,2,45,1,1,8,1,20,3,1,17,1,1,1,86,"777777777777","777777777777","777777777777",1,0
45,450576,1,1,2,30,8,19,0,8,0,1,0,45,2,23,421,23421,15,2001,"1GKEK13T81J1","1","G","K","E","K","1","3","T","8","1","J","1",0,0,0,"000000000","00000000000",0,0,0,1,0,0,0,0,0,0,0,55,0,0,0,12,6,2,8,0,0,0,1,45,29138,6,1,0,0,3,0,71,220,0,0,0,0,0,0,0,0,0,0,0,0,0,0,2,2,55,1,1,8,1,0,0,1,80,1,1,1,13,"777777777777","777777777777","777777777777",0,0
45,450577,1,1,1,31,8,1,25,33,0,1,0,45,1,53,706,53706,80,2003,"JS1GT75A0321","J","S","1","G","T","7","5","A","0","3","2","1",0,0,0,"000000000","00000000000",0,0,0,1,0,0,0,0,0,0,0,65,0,0,0,12,6,2,30,0,0,0,1,45,29720,6,1,0,0,3,0,73,225,0,0,0,0,0,0,0,0,0,0,0,0,0,0,1,2,35,3,1,8,1,0,0,14,13,1,1,4,1,"777777777777","777777777777","777777777777",1,1
45,450578,1,2,1,31,8,20,25,12,6,1,0,45,1,20,481,20481,31,1982,"2GCDC14D0C11","2","G","C","D","C","1","4","D","0","C","1","1",0,0,0,"000000000","00000000000",0,0,0,1,0,0,0,0,0,0,0,999,0,0,0,12,6,2,12,0,0,0,1,45,29123,6,1,0,0,3,0,67,145,3,1,0,1,0,9,2012,2,2016,0,0,0,0,0,1,2,45,1,1,8,1,0,0,6,61,1,1,1,73,"777777777777","777777777777","777777777777",0,0
45,450578,2,2,1,31,8,20,25,12,6,1,0,45,1,12,17,12017,4,2004,"1FAHP55U84A1","1","F","A","H","P","5","5","U","8","4","A","1",0,0,0,"000000000","00000000000",0,0,0,1,0,0,0,0,0,0,0,999,0,0,0,9,6,2,12,0,0,0,1,45,29123,6,1,0,0,3,3,74,162,0,0,0,0,0,0,0,0,0,0,0,0,0,0,1,2,45,1,1,8,1,0,0,11,15,1,1,2,72,"777777777777","777777777777","777777777777",1,0
45,450579,1,1,1,31,8,18,45,9,0,1,0,45,1,49,402,49402,14,2015,"2T3WFREV5FW1","2","T","3","W","F","R","E","V","5","F","W","1",0,0,0,"000000000","00000000000",0,0,0,1,0,0,0,0,0,0,0,55,0,0,0,12,4,5,9,0,0,0,1,45,29388,6,1,0,0,3,3,65,198,0,0,0,2,0,4,2013,5,2016,4,0,0,0,0,2,2,55,1,2,8,1,0,0,1,83,1,1,1,13,"777777777777","777777777777","777777777777",0,0
45,450580,1,2,1,9,8,21,10,12,6,1,0,45,1,76,706,76706,80,2000,"NCMS71785","N","C","M","S","7","1","7","8","5","","","",0,0,0,"000000000","00000000000",0,0,0,1,0,0,0,0,0,0,0,70,0,0,0,3,6,2,12,0,0,0,1,45,29526,1,1,5,0,2,0,69,165,0,1,0,1,0,6,2014,6,2015,4,8,0,0,0,2,2,55,1,1,8,1,0,0,1,66,1,1,1,87,"777777777777","777777777777","777777777777",1,0
45,450580,2,2,2,9,8,21,10,12,6,1,0,34,1,20,404,20404,14,2014,"2GNALAEK2E62","2","G","N","A","L","A","E","K","2","E","6","2",0,0,0,"000000000","00000000000",0,0,0,1,0,0,0,0,0,0,0,10,0,0,0,12,6,2,12,0,0,0,1,34,7748,6,1,0,0,3,0,68,999,0,0,0,0,1,10,2015,10,2015,0,0,0,0,0,1,2,55,1,1,8,1,20,3,4,17,1,1,1,86,"777777777777","777777777777","777777777777",0,0
45,450581,1,2,3,31,8,21,40,12,6,1,0,45,1,49,482,49482,31,2008,"5TBDV54198S4","5","T","B","D","V","5","4","1","9","8","S","4",0,0,0,"000000000","00000000000",0,0,0,1,0,0,0,0,0,0,0,999,0,0,0,12,6,2,12,0,0,0,1,45,29210,6,1,0,0,3,0,65,205,0,1,0,0,0,10,2015,10,2015,3,39,0,0,0,2,2,40,1,1,8,1,3,3,1,17,1,1,1,83,"777777777777","777777777777","777777777777",0,1
45,450581,2,2,1,31,8,21,40,12,6,1,0,45,1,12,17,12017,4,2007,"1FAHP53U77A1","1","F","A","H","P","5","3","U","7","7","A","1",0,0,0,"000000000","00000000000",0,0,0,1,0,0,0,0,0,0,0,999,0,0,0,9,6,2,12,0,0,0,1,45,29210,6,1,0,0,3,3,67,134,0,0,0,0,0,0,0,0,0,0,0,0,0,0,1,2,40,1,1,8,1,3,3,11,15,1,1,1,82,"777777777777","777777777777","777777777777",1,0
45,450582,1,1,4,31,8,20,25,8,0,1,0,45,1,12,481,12481,31,2008,"1FTSW21R38EB","1","F","T","S","W","2","1","R","3","8","E","B",0,0,0,"000000000","00000000000",0,0,0,1,0,0,0,0,0,0,0,45,0,0,0,12,4,5,8,0,0,0,1,45,29054,6,1,0,0,3,0,69,150,1,0,0,0,0,6,2016,6,2016,0,0,0,0,0,2,2,45,1,1,8,1,0,0,1,80,1,1,1,13,"777777777777","777777777777","777777777777",0,0
45,450583,1,2,1,18,6,13,10,12,6,1,0,45,1,37,705,37705,80,2013,"JH2PC40JXDK0","J","H","2","P","C","4","0","J","X","D","K","0",0,0,0,"000000000","00000000000",0,0,0,1,0,0,0,0,0,0,0,57,0,0,0,12,6,2,12,0,0,0,1,45,29445,6,1,0,0,3,3,70,160,1,1,0,0,0,11,2013,11,2015,3,0,0,0,0,2,2,50,1,1,8,1,0,0,1,66,1,1,1,83,"777777777777","777777777777","777777777777",1,0
45,450583,2,2,1,18,6,13,10,12,6,1,0,45,1,55,33,55033,4,2009,"5NPEU46F89H4","5","N","P","E","U","4","6","F","8","9","H","4",0,0,0,"000000000","00000000000",0,0,0,1,0,0,0,0,0,0,0,10,0,0,0,9,6,2,12,0,0,0,1,45,29483,6,1,0,0,3,3,60,183,2,0,0,1,0,5,2013,3,2014,0,38,0,0,0,1,2,50,1,1,8,1,0,0,11,15,1,1,1,82,"777777777777","777777777777","777777777777",0,0
45,450584,1,1,1,1,8,20,47,32,0,1,0,45,1,6,43,6043,1,1999,"3C3EL55H2XT2","3","C","3","E","L","5","5","H","2","X","T","2",0,0,0,"000000000","00000000000",0,0,0,1,0,0,0,0,0,0,0,50,0,2,5,12,6,2,1,0,0,0,1,45,29902,1,1,5,0,2,0,67,220,3,2,1,1,1,3,2012,3,2015,0,28,0,0,0,1,2,55,2,1,8,1,40,3,14,12,1,1,4,6,"777777777777","777777777777","777777777777",1,1
45,450585,1,3,1,3,8,15,30,12,1,1,0,45,2,69,54,69054,3,2009,"WMWMF73549TW","W","M","W","M","F","7","3","5","4","9","T","W",0,0,0,"000000000","00000000000",0,0,0,1,0,0,0,0,0,0,0,45,0,0,0,12,6,2,12,0,0,0,1,12,34957,6,1,0,0,3,0,68,999,0,0,0,1,0,4,2016,4,2016,0,8,0,0,0,2,2,45,1,1,8,1,0,0,1,50,1,1,1,20,"777777777777","777777777777","777777777777",0,0
45,450585,2,3,3,3,8,15,30,12,1,1,0,45,1,6,441,6441,20,2014,"2C4RC1BG6ER2","2","C","4","R","C","1","B","G","6","E","R","2",0,0,0,"000000000","00000000000",0,0,0,1,0,0,0,0,0,0,0,0,0,0,0,6,6,2,12,0,0,0,1,45,29588,6,1,0,0,3,0,65,220,0,0,0,0,0,0,0,0,0,0,0,0,0,0,2,2,45,1,1,8,1,0,0,5,53,1,1,1,21,"777777777777","777777777777","777777777777",1,0
45,450585,3,3,1,3,8,15,30,12,1,1,0,45,1,7,482,7482,31,2015,"3C6UR5DL9FG6","3","C","6","U","R","5","D","L","9","F","G","6",0,0,0,"000000000","00000000000",0,0,0,1,0,0,0,0,0,0,0,0,0,0,0,6,4,5,12,0,0,0,1,45,29455,6,1,0,0,3,0,70,180,0,0,0,1,0,6,2015,6,2015,0,0,0,0,0,2,2,45,1,1,8,1,0,0,5,53,1,1,1,98,"777777777777","777777777777","777777777777",0,0
45,450586,1,1,2,20,8,8,30,42,0,1,0,45,1,2,404,2404,14,1996,"1J4GZ58S9TC1","1","J","4","G","Z","5","8","S","9","T","C","1",0,0,0,"000000000","00000000000",0,0,0,1,0,0,0,0,0,0,0,75,0,0,0,12,6,2,42,0,0,0,1,45,29466,6,2,0,0,3,0,66,150,0,0,0,0,0,0,0,0,0,3,0,0,0,0,1,2,25,1,1,8,1,0,0,1,13,1,1,4,1,"777777777777","777777777777","777777777777",2,0
45,450587,1,1,2,28,8,20,58,42,0,1,0,45,1,19,22,19022,4,2007,"1G6KD57Y17U1","1","G","6","K","D","5","7","Y","1","7","U","1",0,0,0,"000000000","00000000000",0,0,0,1,0,0,0,0,0,0,0,55,0,1,5,10,6,2,42,0,0,0,1,45,29426,6,1,0,0,3,3,73,152,1,2,0,3,1,3,2013,3,2016,0,28,0,0,0,1,2,55,1,1,8,1,0,0,1,9,99,9,4,5,"777777777777","777777777777","777777777777",1,1
45,450588,1,1,1,31,1,12,0,1,0,1,0,45,2,12,401,12401,14,1994,"1FMCU22X5RUC","1","F","M","C","U","2","2","X","5","R","U","C",0,0,0,"000000000","00000000000",0,0,0,1,0,0,0,0,0,0,0,60,0,2,5,0,6,2,42,0,0,0,1,45,29045,0,0,0,0,0,0,999,999,99,99,99,99,99,99,9999,99,9999,3,0,0,0,0,1,2,55,1,2,8,1,0,0,1,13,1,1,4,1,"777777777777","777777777777","777777777777",1,1
45,450589,1,2,2,2,2,11,55,12,2,1,0,48,1,23,481,23481,31,2013,"3GTP1VE08DG1","3","G","T","P","1","V","E","0","8","D","G","1",0,0,0,"000000000","00000000000",0,0,0,1,0,0,0,0,0,0,0,40,0,0,0,12,6,2,12,0,0,0,1,48,79924,6,1,0,0,3,0,999,999,99,99,99,99,99,99,9999,99,9999,0,0,0,0,0,1,3,40,1,1,8,1,3,3,1,67,1,1,1,69,"777777777777","777777777777","777777777777",0,0
45,450589,2,2,2,2,2,11,55,12,2,1,0,45,1,13,13,13013,4,2008,"3LNHM26T38R6","3","L","N","H","M","2","6","T","3","8","R","6",0,0,0,"000000000","00000000000",0,0,0,1,0,0,0,0,0,0,0,15,0,0,0,12,6,2,12,0,0,0,1,45,29920,6,1,0,0,3,3,63,129,0,0,0,0,0,0,0,0,0,0,38,0,0,0,1,3,40,1,1,8,1,3,3,11,15,1,1,1,68,"777777777777","777777777777","777777777777",1,0
45,450590,1,2,1,22,2,15,25,12,1,1,0,45,1,98,709,98709,80,2015,"LYDY6TKH7F15","L","Y","D","Y","6","T","K","H","7","F","1","5",0,0,0,"000000000","00000000000",0,0,0,1,0,0,0,0,0,0,0,35,0,0,0,12,6,2,12,0,0,0,1,45,29303,1,1,5,0,2,0,73,180,0,0,0,0,0,0,0,0,0,0,26,0,0,0,1,2,35,1,1,8,1,0,0,1,50,1,1,1,20,"777777777777","777777777777","777777777777",1,1
45,450590,2,2,2,22,2,15,25,12,1,1,0,45,1,12,881,12881,61,2016,"1FDUF5GY3GEA","1","F","D","U","F","5","G","Y","3","G","E","A",0,0,77,"777777777","77777777777",2,1,3,1,0,0,0,0,0,0,0,0,0,0,0,6,0,5,12,0,0,0,1,45,29303,6,1,0,0,3,3,72,230,3,0,0,0,0,11,2012,1,2016,0,0,0,0,0,1,2,35,1,1,8,1,0,0,5,53,1,1,1,21,"777777777777","777777777777","777777777777",0,0
45,450591,1,1,1,17,3,0,45,34,0,1,0,45,5,12,3,12003,2,2005,"1ZVFT80N7551","1","Z","V","F","T","8","0","N","7","5","5","1",0,0,0,"000000000","00000000000",0,0,0,1,0,0,0,0,0,0,0,80,0,1,5,12,6,2,1,0,0,0,1,45,29832,1,1,5,0,2,0,70,150,0,2,2,0,0,8,2013,2,2015,3,8,28,80,0,1,2,55,1,1,8,1,0,0,1,1,6,4,4,7,"777777777777","777777777777","777777777777",1,1
45,450592,1,2,1,30,3,10,48,12,6,1,0,45,1,23,481,23481,31,2014,"3GTP1VEC8EG1","3","G","T","P","1","V","E","C","8","E","G","1",0,0,0,"000000000","00000000000",0,0,0,1,0,0,0,0,0,0,0,45,0,0,0,12,6,2,12,0,0,0,1,45,29575,6,1,0,0,3,0,69,185,0,0,0,0,0,0,0,0,0,0,0,0,0,0,2,2,45,1,1,8,1,0,0,1,67,1,1,1,64,"777777777777","777777777777","777777777777",0,0
45,450592,2,2,1,30,3,10,48,12,6,1,0,37,1,35,47,35047,4,2014,"JN1AZ36A15M7","J","N","1","A","Z","3","6","A","1","5","M","7",0,0,0,"000000000","00000000000",0,0,0,1,0,0,0,0,0,0,0,10,0,0,0,9,6,2,12,0,0,0,1,37,29575,6,1,0,0,3,3,70,999,1,1,0,1,2,2,2012,4,2015,0,0,0,0,0,2,2,45,1,1,8,1,0,0,1,10,1,1,1,65,"777777777777","777777777777","777777777777",1,0
45,450593,1,1,1,29,4,5,55,8,0,1,0,45,1,37,32,37032,4,2007,"1HGCM56407A0","1","H","G","C","M","5","6","4","0","7","A","0",0,0,0,"000000000","00000000000",0,0,0,1,0,0,0,0,0,0,0,20,0,0,0,2,4,5,8,0,0,0,1,45,29483,6,1,0,0,3,3,64,175,0,0,0,0,0,0,0,0,0,0,0,0,0,0,1,2,45,1,1,8,1,0,0,15,80,1,1,1,13,"777777777777","777777777777","777777777777",0,0
45,450594,1,2,1,5,6,13,26,12,6,1,0,45,1,20,431,20431,16,1999,"3GNFK16RXXG1","3","G","N","F","K","1","6","R","X","X","G","1",0,0,0,"000000000","00000000000",0,0,0,1,0,0,0,0,0,0,0,45,0,0,0,12,6,2,12,0,0,0,1,45,29710,6,1,6,0,3,3,70,260,0,5,0,1,0,1,2013,4,2016,0,0,0,0,0,1,2,45,1,1,8,1,20,3,1,17,1,1,1,86,"777777777777","777777777777","777777777777",0,0
45,450594,2,2,3,5,6,13,26,12,6,1,0,37,1,49,40,49040,4,2003,"4T1BE32K13U1","4","T","1","B","E","3","2","K","1","3","U","1",0,0,0,"000000000","00000000000",0,0,0,1,0,0,0,0,0,0,0,10,0,0,0,3,6,2,12,0,0,0,1,37,28208,6,1,0,0,3,3,67,999,0,0,0,0,0,0,0,0,0,0,38,0,0,0,1,2,45,1,1,8,1,0,0,99,99,1,1,1,87,"777777777777","777777777777","777777777777",1,0
45,450595,1,1,2,10,6,21,6,8,0,1,0,45,3,20,2,20002,4,2011,"2G1WB5EK9B12","2","G","1","W","B","5","E","K","9","B","1","2",0,0,0,"000000000","00000000000",0,0,0,1,0,0,0,0,0,0,0,22,0,0,0,12,4,5,8,0,0,0,1,45,29485,6,1,0,0,3,0,68,200,1,1,0,0,0,12,2012,3,2015,0,38,0,0,0,1,2,30,1,1,8,1,0,0,1,80,1,1,1,13,"777777777777","777777777777","777777777777",0,0
45,450596,1,2,1,25,6,13,8,12,6,1,0,45,1,49,32,49032,4,2007,"1NXBR30E57Z8","1","N","X","B","R","3","0","E","5","7","Z","8",0,0,0,"000000000","00000000000",0,0,0,1,0,0,0,0,0,0,0,10,0,0,0,3,6,2,12,0,0,0,1,45,29909,6,1,0,0,3,0,58,175,0,0,0,0,0,0,0,0,0,0,0,0,0,0,3,2,45,1,1,8,1,3,3,12,21,1,1,1,98,"777777777777","777777777777","777777777777",1,0
45,450596,2,2,1,25,6,13,8,12,6,1,0,42,2,12,3,12003,1,2015,"1FATP8EM3F53","1","F","A","T","P","8","E","M","3","F","5","3",0,0,0,"000000000","00000000000",0,0,0,1,0,0,0,0,0,0,0,45,0,0,0,12,6,2,12,0,0,0,1,36,11221,6,1,0,0,3,0,66,999,0,0,0,0,0,0,0,0,0,0,0,0,0,0,3,2,45,1,1,8,1,3,3,1,78,1,1,1,98,"777777777777","777777777777","777777777777",0,0
45,450597,1,1,1,15,8,14,15,33,0,1,0,37,1,76,705,76705,80,2005,"JYARJ08E15A0","J","Y","A","R","J","0","8","E","1","5","A","0",0,0,0,"000000000","00000000000",0,0,0,1,0,0,0,0,0,0,0,60,0,0,0,12,6,2,33,0,0,0,1,37,29607,6,1,0,0,3,0,999,999,99,99,99,99,99,99,9999,99,9999,0,8,28,0,0,2,2,45,1,1,8,1,0,0,1,13,1,1,4,1,"777777777777","777777777777","777777777777",1,0
45,450598,1,2,1,19,8,23,20,12,6,1,0,45,1,98,709,98709,81,2016,"999999999999","9","9","9","9","9","9","9","9","9","9","9","9",0,0,0,"000000000","00000000000",0,0,0,1,0,0,0,0,0,0,0,20,0,0,0,12,6,2,12,0,0,0,1,45,29307,6,2,0,0,3,0,72,160,0,0,0,2,0,6,2012,8,2015,0,38,0,0,0,1,3,25,1,2,8,1,3,3,11,15,1,1,1,68,"777777777777","777777777777","777777777777",1,0
45,450598,2,2,1,19,8,23,20,12,6,1,0,45,1,20,481,20481,31,2008,"2GCEC19J8812","2","G","C","E","C","1","9","J","8","8","1","2",0,0,0,"000000000","00000000000",0,0,0,1,0,0,0,0,0,0,0,25,0,0,0,10,0,5,12,0,0,0,1,45,29306,6,1,0,0,3,3,69,175,0,0,0,0,0,0,0,0,0,0,0,0,0,0,1,3,25,1,2,8,1,3,3,1,67,1,1,1,69,"777777777777","777777777777","777777777777",0,0
45,450599,1,1,1,20,8,21,32,8,0,1,1,45,3,63,32,63032,5,2013,"KNADM4A34D62","K","N","A","D","M","4","A","3","4","D","6","2",0,0,0,"000000000","00000000000",0,0,0,1,0,0,0,0,0,0,0,50,0,0,0,2,4,5,8,0,0,0,1,45,29203,1,1,5,0,2,0,66,160,0,0,0,0,0,0,0,0,0,3,0,0,0,0,2,2,35,1,1,8,1,40,3,1,81,1,1,1,13,"777777777777","777777777777","777777777777",0,0
45,450600,1,1,1,20,8,1,20,8,0,1,1,99,9,99,999,99999,99,9999,"999999999999","9","9","9","9","9","9","9","9","9","9","9","9",0,0,0,"000000000","00000000000",0,0,0,1,0,0,0,0,0,0,0,999,0,0,0,99,9,5,8,0,0,0,1,99,99999,9,9,99,9,9,9,999,999,99,99,99,99,99,99,9999,99,9999,0,0,0,0,0,4,3,35,1,1,8,1,0,0,1,81,1,1,1,13,"777777777777","777777777777","777777777777",0,0
45,450601,1,1,1,25,8,2,55,1,0,1,0,51,2,12,401,12401,14,1999,"1FMDU34E2XZB","1","F","M","D","U","3","4","E","2","X","Z","B",0,0,0,"000000000","00000000000",0,0,0,1,0,0,0,0,0,0,0,80,0,2,5,0,6,2,19,0,0,0,1,51,29582,6,1,0,0,3,0,74,280,0,0,0,4,1,4,2012,10,2015,4,28,0,0,0,1,2,35,3,1,8,1,0,0,14,6,7,9,4,2,"777777777777","777777777777","777777777777",1,0
45,450602,1,1,2,27,8,2,47,33,0,1,0,10,2,58,36,58036,4,2002,"JNKDA31AX2T0","J","N","K","D","A","3","1","A","X","2","T","0",0,0,0,"000000000","00000000000",0,0,0,1,0,0,0,0,0,0,0,100,0,2,5,12,6,2,42,0,0,0,1,45,29910,1,1,5,0,2,0,65,160,3,3,0,0,1,10,2014,11,2015,0,8,0,0,0,2,2,45,1,1,8,1,0,0,1,13,1,1,4,1,"777777777777","777777777777","777777777777",1,1
45,450603,1,2,1,29,8,1,45,8,0,1,1,45,1,20,9,20009,2,2011,"2G1FA1ED8B91","2","G","1","F","A","1","E","D","8","B","9","1",0,0,0,"000000000","00000000000",0,0,0,1,0,0,0,0,0,0,0,65,0,0,0,12,9,5,8,0,0,0,1,45,29568,6,1,6,0,3,0,71,300,2,0,0,0,0,3,2014,12,2015,0,0,0,0,0,3,2,65,1,1,8,1,0,0,1,80,1,1,1,13,"777777777777","777777777777","777777777777",0,0
45,450603,2,2,1,29,8,1,45,8,0,1,0,45,1,38,401,38401,14,2002,"JACDS58X827J","J","A","C","D","S","5","8","X","8","2","7","J",0,0,0,"000000000","00000000000",0,0,0,1,0,0,0,0,0,0,0,45,0,0,0,12,0,5,8,0,0,0,1,45,29588,6,1,0,0,3,0,73,215,0,0,0,3,0,5,2012,3,2016,0,0,0,0,0,3,2,65,1,1,8,1,0,0,1,80,1,1,1,98,"777777777777","777777777777","777777777777",0,0
45,450604,1,1,1,10,7,12,35,1,0,1,0,13,1,72,706,72706,80,2009,"1HD1HFH129K8","1","H","D","1","H","F","H","1","2","9","K","8",0,0,0,"000000000","00000000000",0,0,0,1,0,0,0,0,0,0,0,70,0,0,0,0,6,2,1,0,0,0,1,13,30824,6,1,0,0,3,0,70,180,98,1,0,1,1,3,2013,2,2015,4,0,0,0,0,3,2,70,1,1,8,1,0,0,1,6,99,9,1,98,"777777777777","777777777777","777777777777",1,0
45,450605,1,1,1,25,8,4,19,42,0,1,0,45,1,23,421,23421,15,2002,"1GKEK13Z22J2","1","G","K","E","K","1","3","Z","2","2","J","2",0,0,0,"000000000","00000000000",0,0,0,1,0,0,0,0,0,0,0,70,0,0,0,12,6,2,42,0,0,0,1,45,29483,6,1,0,0,3,0,73,255,0,6,0,1,0,7,2014,7,2016,4,28,0,0,0,1,2,55,1,1,8,1,0,0,1,12,1,1,4,6,"777777777777","777777777777","777777777777",1,0
45,450606,1,2,1,1,9,7,42,12,6,1,0,45,1,37,32,37032,4,2012,"1HGCP2F82CA0","1","H","G","C","P","2","F","8","2","C","A","0",0,0,0,"000000000","00000000000",0,0,0,1,0,0,0,0,0,0,0,15,0,0,0,11,6,2,12,0,0,0,1,45,29039,6,1,0,0,3,3,65,140,0,0,0,1,0,3,2015,3,2015,0,38,0,0,0,2,2,60,1,1,8,1,20,3,11,15,1,1,1,82,"777777777777","777777777777","777777777777",0,0
45,450606,2,2,1,1,9,7,42,12,6,1,0,45,1,72,706,72706,80,2005,"1HD1GPW195K3","1","H","D","1","G","P","W","1","9","5","K","3",0,0,0,"000000000","00000000000",0,0,0,1,0,0,0,0,0,0,0,998,0,0,0,12,6,2,12,0,0,0,1,45,29118,6,1,0,0,3,0,67,175,1,0,0,1,0,9,2014,10,2014,0,28,0,0,0,2,2,60,1,1,8,1,0,0,1,67,1,1,1,83,"777777777777","777777777777","777777777777",1,0
45,450607,1,3,1,1,9,20,39,12,8,1,0,45,1,49,471,49471,30,1990,"JT4RN01P2L70","J","T","4","R","N","0","1","P","2","L","7","0",0,0,0,"000000000","00000000000",0,0,0,1,0,0,0,0,0,0,0,60,0,0,0,9,6,2,12,0,0,0,1,45,29571,6,1,6,0,3,0,73,180,0,0,0,2,0,10,2014,11,2014,0,0,0,0,0,1,2,55,1,1,8,1,0,0,1,10,1,1,2,64,"777777777777","777777777777","777777777777",0,1
45,450607,2,3,1,1,9,20,39,12,8,1,0,45,1,24,2,24002,2,1999,"1G8ZF1286XZ1","1","G","8","Z","F","1","2","8","6","X","Z","1",0,0,0,"000000000","00000000000",0,0,0,1,0,0,0,0,0,0,0,60,0,0,0,9,6,2,12,0,0,0,1,45,29571,6,1,0,0,3,3,64,160,0,1,0,1,0,4,2015,6,2015,0,0,0,0,0,1,2,55,1,1,8,1,0,0,1,62,1,1,1,65,"777777777777","777777777777","777777777777",0,0
45,450607,3,3,1,1,9,20,39,12,8,1,0,45,2,49,40,49040,4,2000,"4T1BG22K0YU9","4","T","1","B","G","2","2","K","0","Y","U","9",0,0,0,"000000000","00000000000",0,0,0,1,0,0,0,0,0,0,0,55,0,0,0,12,6,2,12,0,0,0,1,45,29571,6,1,0,0,3,0,63,175,1,2,0,1,0,11,2013,7,2015,0,0,0,0,0,1,2,55,1,1,8,1,0,0,1,54,1,1,1,98,"777777777777","777777777777","777777777777",1,0
45,450608,1,1,1,2,9,12,32,1,0,1,0,45,1,12,17,12017,4,2000,"1FAFP56S0YA1","1","F","A","F","P","5","6","S","0","Y","A","1",0,0,0,"000000000","00000000000",0,0,0,1,0,0,0,0,0,0,0,70,0,2,3,0,6,2,42,0,0,0,1,45,29461,6,1,0,0,3,0,64,209,0,0,0,0,0,0,0,0,0,4,28,87,0,0,3,2,70,1,1,8,2,0,0,1,6,8,4,4,7,"777777777777","777777777777","777777777777",1,0