"STATE","ST_CASE","VEH_NO","VE_FORMS","NUMOCCS","DAY","MONTH","HOUR","MINUTE","HARM_EV","MAN_COLL","UNITTYPE","HIT_RUN","REG_STAT","OWNER","MAKE","MODEL","MAK_MOD","BODY_TYP","MOD_YEAR","VIN","VIN_1","VIN_2","VIN_3","VIN_4","VIN_5","VIN_6","VIN_7","VIN_8","VIN_9","VIN_10","VIN_11","VIN_12","TOW_VEH","J_KNIFE","MCARR_I1","MCARR_I2","MCARR_ID","GVWR","V_CONFIG","CARGO_BT","HAZ_INV","HAZ_PLAC","HAZ_ID","HAZ_CNO","HAZ_REL","BUS_USE","SPEC_USE","EMER_USE","TRAV_SP","UNDERIDE","ROLLOVER","ROLINLOC","IMPACT1","DEFORMED","TOWED","M_HARM","VEH_SC1","VEH_SC2","FIRE_EXP","DR_PRES","L_STATE","DR_ZIP","L_STATUS","L_TYPE","CDL_STAT","L_ENDORS","L_COMPL","L_RESTRI","DR_HGT","DR_WGT","PREV_ACC","PREV_SUS","PREV_DWI","PREV_SPD","PREV_OTH","FIRST_MO","FIRST_YR","LAST_MO","LAST_YR","SPEEDREL","DR_SF1","DR_SF2","DR_SF3","DR_SF4","VTRAFWAY","VNUM_LAN","VSPD_LIM","VALIGN","VPROFILE","VPAVETYP","VSURCOND","VTRAFCON","VTCONT_F","P_CRASH1","P_CRASH2","P_CRASH3","PCRASH4","PCRASH5","ACC_TYPE","TRLR1VIN","TRLR2VIN","TRLR3VIN","DEATHS","DR_DRINK"
46,460047,1,2,1,26,7,7,48,12,6,1,0,46,1,12,401,12401,14,2003,"1FMZU73K23ZB","1","F","M","Z","U","7","3","K","2","3","Z","B",0,0,0,"000000000","00000000000",0,0,0,1,0,0,0,0,0,0,0,999,0,0,0,11,2,5,12,0,0,0,1,46,57401,6,1,0,0,3,1,64,101,0,0,0,1,0,12,2012,12,2012,0,0,0,0,0,1,2,20,1,1,2,1,0,0,1,66,1,1,1,89,"777777777777","777777777777","777777777777",0,0
46,460047,2,2,1,26,7,7,48,12,6,1,0,0,0,76,701,76701,88,2007,"LPRSA30A97A1","L","P","R","S","A","3","0","A","9","7","A","1",0,0,0,"000000000","00000000000",0,0,0,1,0,0,0,0,0,0,0,999,0,0,0,12,2,3,12,0,0,0,1,46,57401,6,1,6,0,1,0,64,195,0,0,0,0,0,0,0,0,0,0,38,0,0,0,1,2,20,1,1,2,1,0,0,1,17,1,1,1,88,"777777777777","777777777777","777777777777",1,0
46,460048,1,1,1,29,7,17,39,1,0,1,0,37,1,72,706,72706,80,2010,"1HD1FC413AB6","1","H","D","1","F","C","4","1","3","A","B","6",0,0,0,"000000000","00000000000",0,0,0,1,0,0,0,0,0,0,0,65,0,0,0,0,6,2,1,0,0,0,1,37,28460,6,1,0,0,3,0,68,999,1,0,0,1,0,5,2012,10,2012,0,0,0,0,0,1,2,65,1,1,2,1,0,0,1,13,1,1,4,1,"777777777777","777777777777","777777777777",1,0
46,460049,1,1,2,2,8,12,35,1,0,1,0,46,2,20,481,20481,31,1989,"1GCDK14K2KE1","1","G","C","D","K","1","4","K","2","K","E","1",0,0,0,"000000000","00000000000",0,0,0,1,0,0,0,0,0,0,0,62,0,2,5,0,6,2,1,0,0,0,1,46,57560,6,1,0,0,3,1,70,245,0,0,0,0,0,0,0,0,0,4,0,0,0,0,1,2,55,1,2,4,1,0,0,1,6,9,3,4,2,"777777777777","777777777777","777777777777",2,1
46,460050,1,1,1,3,8,19,17,1,0,1,0,17,1,72,706,72706,80,1964,"1HD1AEK34EY0","1","H","D","1","A","E","K","3","4","E","Y","0",0,0,0,"000000000","00000000000",0,0,0,1,0,0,0,0,0,0,0,999,0,0,0,0,6,2,1,0,0,0,1,17,61554,6,1,0,0,3,0,71,200,0,0,0,0,0,0,0,0,0,0,0,0,0,0,1,2,35,3,2,2,1,0,0,14,9,99,2,1,98,"777777777777","777777777777","777777777777",1,1
46,460051,1,1,1,4,8,11,44,59,0,1,0,27,1,72,706,72706,80,2014,"1HD1KEL11EB6","1","H","D","1","K","E","L","1","1","E","B","6",0,0,0,"000000000","00000000000",0,0,0,1,0,0,0,0,0,0,0,65,0,0,0,12,6,2,59,0,0,0,1,27,55303,6,1,0,0,3,0,74,265,0,0,0,0,0,0,0,0,0,0,58,0,0,0,1,2,55,3,2,2,1,0,0,14,13,9,1,4,1,"777777777777","777777777777","777777777777",1,0
46,460052,1,1,2,5,8,14,36,1,0,1,0,46,2,20,481,20481,31,2007,"1GCHC23D97F1","1","G","C","H","C","2","3","D","9","7","F","1",0,0,0,"000000000","00000000000",0,0,0,1,0,0,0,0,0,0,0,91,0,1,5,0,6,2,1,0,0,0,1,46,57201,6,7,0,0,3,1,70,110,0,0,0,0,0,0,0,0,0,0,6,0,0,0,1,2,55,1,1,1,1,0,0,1,13,8,1,4,6,"777777777777","777777777777","777777777777",1,0
46,460053,1,1,1,5,8,16,5,31,0,1,0,46,2,41,471,41471,30,1994,"4F4CR13X1RTM","4","F","4","C","R","1","3","X","1","R","T","M",0,0,0,"000000000","00000000000",0,0,0,1,0,0,0,0,0,0,0,102,0,1,5,12,6,2,1,0,0,0,1,46,57382,6,1,0,0,3,0,61,115,0,2,0,2,1,3,2015,4,2016,3,0,0,0,0,1,2,55,2,3,2,1,0,0,14,12,1,1,4,6,"777777777777","777777777777","777777777777",1,0
46,460054,1,1,1,8,8,14,30,1,0,1,0,6,1,72,706,72706,80,1976,"9D12285H6","9","D","1","2","2","8","5","H","6","","","",0,0,0,"000000000","00000000000",0,0,0,1,0,0,0,0,0,0,0,60,0,0,0,0,6,2,1,0,0,0,1,6,94518,6,1,0,0,3,0,72,155,0,0,0,0,0,0,0,0,0,0,0,0,0,0,1,2,45,3,2,2,1,0,0,14,13,1,1,4,1,"777777777777","777777777777","777777777777",1,0
46,460055,1,2,2,9,8,13,48,12,1,1,0,19,1,37,706,37706,80,2012,"JH2SC68H6CK0","J","H","2","S","C","6","8","H","6","C","K","0",0,0,0,"000000000","00000000000",0,0,0,1,0,0,0,0,0,0,0,45,0,0,0,12,4,5,12,0,0,0,1,19,51501,6,1,0,0,3,1,77,240,0,0,0,0,0,0,0,0,0,0,0,0,0,0,1,2,45,1,1,2,1,0,0,1,50,6,1,1,20,"777777777777","777777777777","777777777777",1,1
46,460055,2,2,1,9,8,13,48,12,1,1,0,46,3,20,481,20481,31,2011,"1GB5KZCG4BZ4","1","G","B","5","K","Z","C","G","4","B","Z","4",0,0,0,"000000000","00000000000",0,0,0,1,0,0,0,0,0,0,0,0,0,0,0,6,2,5,12,0,0,0,1,46,57702,6,1,0,0,3,1,69,170,0,0,0,0,1,11,2015,11,2015,0,0,0,0,0,1,2,45,1,1,2,1,0,0,5,53,1,1,1,21,"777777777777","777777777777","777777777777",0,0
46,460056,1,1,2,11,8,14,55,1,0,1,0,27,2,30,42,30042,1,1990,"WVWCB5152LK0","W","V","W","C","B","5","1","5","2","L","K","0",0,0,0,"000000000","00000000000",0,0,0,1,0,0,0,0,0,0,0,69,0,1,5,0,6,2,1,0,0,0,1,27,55418,6,1,0,0,3,0,74,180,0,0,0,2,0,2,2016,2,2016,0,0,0,0,0,2,2,80,2,1,1,1,0,0,14,12,99,1,4,1,"777777777777","777777777777","777777777777",2,0
46,460057,1,2,2,12,8,11,37,11,0,1,0,29,1,72,706,72706,80,2007,"1HD1JD5177Y0","1","H","D","1","J","D","5","1","7","7","Y","0",0,0,0,"000000000","00000000000",0,0,0,1,0,0,0,0,0,0,0,999,0,0,0,3,6,2,12,0,0,0,1,29,64118,6,1,0,0,3,1,69,174,0,0,0,1,0,2,2014,2,2014,0,0,0,0,0,1,2,65,1,1,2,1,0,0,1,87,1,1,1,13,"777777777777","777777777777","777777777777",1,0
46,460057,2,2,2,12,8,11,37,11,0,1,0,27,1,7,482,7482,31,1999,"3B7KF2368XG1","3","B","7","K","F","2","3","6","8","X","G","1",1,1,0,"000000000","00000000000",0,0,0,1,0,0,0,0,0,0,0,999,0,0,0,11,6,2,12,0,0,0,1,27,56560,6,1,0,0,3,0,72,232,0,0,0,0,0,0,0,0,0,0,0,0,0,0,1,2,65,1,1,2,1,0,0,1,62,9,1,1,98,"000000000000","777777777777","777777777777",0,0
46,460058,1,2,1,14,8,11,41,12,1,1,0,46,1,72,706,72706,80,2012,"1HD1FCM14CB6","1","H","D","1","F","C","M","1","4","C","B","6",0,0,0,"000000000","00000000000",0,0,0,1,0,0,0,0,0,0,0,57,0,0,0,6,6,2,1,0,0,0,1,46,57106,6,1,6,0,3,0,71,230,0,0,0,1,1,3,2014,5,2014,0,0,0,0,0,2,2,80,1,1,1,1,0,0,2,53,6,1,1,29,"777777777777","777777777777","777777777777",1,0
46,460058,2,2,1,14,8,11,41,12,1,1,0,46,1,72,706,72706,80,2008,"1HD1FC4128Y6","1","H","D","1","F","C","4","1","2","8","Y","6",0,0,0,"000000000","00000000000",0,0,0,1,0,0,0,0,0,0,0,59,0,0,0,12,6,2,12,0,0,0,1,46,57106,6,1,0,0,3,0,71,190,0,0,0,0,0,0,0,0,0,0,26,0,0,0,2,2,80,1,1,1,1,0,0,1,52,16,1,1,28,"777777777777","777777777777","777777777777",0,0
46,460059,1,1,3,7,5,7,0,34,0,1,0,46,2,18,22,18022,4,2006,"2G4WD5822611","2","G","4","W","D","5","8","2","2","6","1","1",0,0,0,"000000000","00000000000",0,0,0,1,0,0,0,0,0,0,0,29,0,1,6,98,6,2,1,0,0,0,1,46,57770,6,1,0,0,3,0,70,220,0,0,0,0,0,0,0,0,0,0,0,0,0,0,1,2,55,1,1,2,1,0,0,1,12,99,9,4,9,"777777777777","777777777777","777777777777",3,1
46,460060,1,1,3,22,5,18,26,8,0,1,0,46,2,7,43,7043,2,2003,"4B3AG52H43E1","4","B","3","A","G","5","2","H","4","3","E","1",0,0,0,"000000000","00000000000",0,0,0,1,0,0,0,0,0,0,0,34,0,0,0,1,4,5,8,0,0,0,1,46,57702,0,0,0,0,0,0,66,173,1,0,0,0,1,12,2015,12,2015,0,0,0,0,0,1,2,15,1,1,2,1,0,0,1,12,99,1,4,6,"777777777777","777777777777","777777777777",0,1
46,460061,1,2,2,2,7,11,36,12,2,1,0,46,1,20,441,20441,20,1998,"1GCDL19W8WB1","1","G","C","D","L","1","9","W","8","W","B","1",0,0,0,"000000000","00000000000",0,0,0,1,0,0,0,0,0,0,0,55,0,1,5,12,6,2,12,0,0,0,1,46,57714,6,1,0,0,3,0,73,250,0,0,0,0,0,0,0,0,0,0,28,0,0,0,1,2,55,1,2,2,1,0,0,1,10,99,1,2,50,"777777777777","777777777777","777777777777",0,1
46,460061,2,2,1,2,7,11,36,12,2,1,0,46,1,72,706,72706,80,2007,"1HD1FY4147Y6","1","H","D","1","F","Y","4","1","4","7","Y","6",0,0,0,"000000000","00000000000",0,0,0,1,0,0,0,0,0,0,0,50,0,0,0,12,6,2,12,0,0,0,1,46,57701,6,1,6,0,3,0,73,275,0,0,0,0,0,0,0,0,0,0,0,0,0,0,1,2,55,1,2,2,1,0,0,1,60,16,1,1,51,"777777777777","777777777777","777777777777",1,0
46,460062,1,2,1,10,8,5,48,12,6,1,0,46,1,20,401,20401,14,2005,"1GNET16SX561","1","G","N","E","T","1","6","S","X","5","6","1",0,0,0,"000000000","00000000000",0,0,0,1,0,0,0,0,0,0,0,15,0,0,0,9,6,2,12,0,0,0,1,46,57243,6,1,0,0,3,1,71,210,2,0,0,0,0,1,2015,5,2015,0,39,0,0,0,1,2,25,1,1,2,1,20,3,1,66,1,1,1,89,"777777777777","777777777777","777777777777",1,0
46,460062,2,2,1,10,8,5,48,12,6,1,0,46,2,7,482,7482,31,2003,"1D7HU18Z43S1","1","D","7","H","U","1","8","Z","4","3","S","1",0,0,0,"000000000","00000000000",0,0,0,1,0,0,0,0,0,0,0,55,0,0,0,12,6,2,12,0,0,0,1,46,57235,6,1,0,0,3,0,74,315,0,0,0,0,0,0,0,0,0,0,0,0,0,0,2,2,55,1,1,2,1,0,0,1,17,16,1,1,88,"777777777777","777777777777","777777777777",0,0
46,460063,1,1,1,29,7,21,34,8,0,1,0,46,1,7,482,7482,31,1997,"3B7HF13Z2VG7","3","B","7","H","F","1","3","Z","2","V","G","7",0,0,0,"000000000","00000000000",0,0,0,1,0,0,0,0,0,0,0,55,0,0,0,12,4,5,8,0,0,0,1,46,57714,6,1,0,0,3,0,69,250,1,0,0,0,0,7,2016,7,2016,0,0,0,0,0,1,2,55,1,1,2,2,0,0,1,80,1,1,1,13,"777777777777","777777777777","777777777777",0,0
46,460064,1,2,3,24,8,15,27,12,6,1,0,46,1,12,471,12471,30,2000,"1FTZR15V9YPB","1","F","T","Z","R","1","5","V","9","Y","P","B",0,0,0,"000000000","00000000000",0,0,0,1,0,0,0,0,0,0,0,23,0,1,5,3,6,2,12,0,0,0,1,46,57342,6,7,0,0,3,1,62,120,0,0,0,0,0,0,0,0,0,0,38,0,0,0,1,2,55,1,2,4,1,20,3,1,17,1,1,1,87,"777777777777","777777777777","777777777777",1,0
46,460064,2,2,3,24,8,15,27,12,6,1,0,46,1,2,404,2404,14,2006,"1J4HR48N56C2","1","J","4","H","R","4","8","N","5","6","C","2",0,0,0,"000000000","00000000000",0,0,0,1,0,0,0,0,0,0,0,64,0,0,0,12,6,2,12,0,0,0,1,46,57364,6,1,0,0,3,1,66,230,0,0,0,1,0,12,2012,12,2012,0,0,0,0,0,1,2,65,1,2,2,1,0,0,1,66,16,1,1,86,"777777777777","777777777777","777777777777",0,0
46,460065,1,2,4,21,7,15,22,12,2,1,0,46,2,22,20,22020,4,2000,"1G2WR521XYF1","1","G","2","W","R","5","2","1","X","Y","F","1",0,0,0,"000000000","00000000000",0,0,0,1,0,0,0,0,0,0,0,62,0,0,0,12,6,2,12,0,0,0,1,46,57770,1,1,0,0,2,0,999,999,0,0,0,0,0,0,0,0,0,0,28,0,0,0,1,2,65,2,2,2,1,0,0,6,10,16,1,2,50,"777777777777","777777777777","777777777777",2,1
46,460065,2,2,3,21,7,15,22,12,2,1,0,46,2,6,421,6421,15,2007,"1A8HW58227F5","1","A","8","H","W","5","8","2","2","7","F","5",0,0,0,"000000000","00000000000",0,0,0,1,0,0,0,0,0,0,0,50,0,0,0,12,6,2,12,0,0,0,1,46,57764,6,1,6,0,3,0,72,260,0,0,0,0,0,0,0,0,0,0,0,0,0,0,1,2,65,3,2,2,1,0,0,14,62,7,1,1,51,"777777777777","777777777777","777777777777",0,0
46,460066,1,2,1,30,8,12,35,12,1,1,0,19,3,49,402,49402,14,2004,"JTEGD20V8400","J","T","E","G","D","2","0","V","8","4","0","0",0,0,0,"000000000","00000000000",0,0,0,1,0,0,0,0,0,0,0,0,0,0,0,6,6,2,12,0,0,0,1,19,51247,6,1,0,0,3,1,68,190,1,0,0,0,0,11,2012,11,2012,0,99,99,99,99,1,2,55,1,1,1,1,0,0,5,53,1,1,1,21,"777777777777","777777777777","777777777777",1,0
46,460066,2,2,1,30,8,12,35,12,1,1,0,46,2,84,881,84881,66,2007,"2HSCNAPR07C4","2","H","S","C","N","A","P","R","0","7","C","4",1,1,57,"01067812","5701067812",3,6,4,1,0,0,0,0,0,0,0,999,0,0,0,12,6,2,12,0,0,0,1,46,57013,6,1,6,0,3,0,74,212,0,0,0,0,0,0,0,0,0,0,26,0,0,0,1,2,55,1,1,1,1,0,0,1,50,6,1,1,20,"1S9SS4232DL4","777777777777","777777777777",0,0
46,460067,1,2,4,2,9,17,23,12,2,1,0,46,1,21,21,21021,4,2001,"1G3NL52E01C2","1","G","3","N","L","5","2","E","0","1","C","2",0,0,0,"000000000","00000000000",0,0,0,1,0,0,0,0,0,0,0,63,0,0,0,12,6,2,12,0,0,0,1,46,57104,6,1,0,0,3,0,61,188,0,0,0,0,0,0,0,0,0,0,28,0,0,0,1,2,65,1,1,2,1,0,0,1,10,1,1,2,50,"777777777777","777777777777","777777777777",2,0
46,460067,2,2,1,2,9,17,23,12,2,1,0,46,1,22,20,22020,4,2007,"2G2WP552X711","2","G","2","W","P","5","5","2","X","7","1","1",0,0,0,"000000000","00000000000",0,0,0,1,0,0,0,0,0,0,0,998,0,0,0,12,6,2,12,0,0,0,1,46,57006,6,1,0,0,3,1,66,130,0,0,0,0,0,0,0,0,0,0,0,0,0,0,1,2,65,1,1,2,1,0,0,1,62,99,1,1,51,"777777777777","777777777777","777777777777",0,0
46,460068,1,2,1,5,9,9,43,12,2,1,0,46,1,12,1,12001,2,1968,"8K10U181017","8","K","1","0","U","1","8","1","0","1","7","",0,0,0,"000000000","00000000000",0,0,0,1,0,0,0,0,0,0,0,999,0,0,0,12,6,2,12,0,0,0,1,46,57785,6,1,0,0,3,1,66,175,2,0,0,0,0,11,2011,1,2016,0,28,0,0,0,1,2,45,2,2,2,2,98,3,14,10,1,1,2,50,"777777777777","777777777777","777777777777",1,0
46,460068,2,2,2,5,9,9,43,12,2,1,0,38,1,20,481,20481,31,2009,"1GCJK93649F1","1","G","C","J","K","9","3","6","4","9","F","1",1,1,0,"000000000","00000000000",0,0,0,1,0,0,0,0,0,0,0,40,0,0,0,12,6,2,12,0,0,0,1,38,58652,6,1,6,0,3,0,71,260,0,0,0,0,0,0,0,0,0,0,0,0,0,0,1,2,45,3,2,2,2,98,3,14,62,16,1,1,51,"999999999999","777777777777","777777777777",0,0
46,460069,1,2,1,7,9,14,39,1,0,1,0,19,1,37,706,37706,80,2006,"1HFSC47GX6A5","1","H","F","S","C","4","7","G","X","6","A","5",0,0,0,"000000000","00000000000",0,0,0,1,0,0,0,0,0,0,0,999,0,0,0,0,4,3,1,0,0,0,1,19,52804,6,1,0,0,3,1,74,195,0,0,0,0,0,0,0,0,0,3,0,0,0,0,1,2,35,3,1,2,1,0,0,14,13,99,1,4,98,"777777777777","777777777777","777777777777",1,0
46,460069,2,2,1,7,9,14,39,1,0,1,0,17,1,72,706,72706,80,2012,"1HD1FCM14CB6","1","H","D","1","F","C","M","1","4","C","B","6",0,0,0,"000000000","00000000000",0,0,0,1,0,0,0,0,0,0,0,999,0,0,0,0,4,3,1,0,0,0,1,17,62269,6,1,0,0,3,0,74,210,0,0,0,0,0,0,0,0,0,3,0,0,0,0,1,2,35,3,1,2,1,0,0,14,13,99,1,4,1,"777777777777","777777777777","777777777777",0,0
46,460070,1,1,1,8,9,20,20,58,0,1,0,41,1,24,3,24003,6,1998,"1G8ZK8275WZ3","1","G","8","Z","K","8","2","7","5","W","Z","3",0,0,0,"000000000","00000000000",0,0,0,1,0,0,0,0,0,0,0,999,0,1,5,98,6,2,1,0,0,0,1,41,97301,6,1,0,0,3,1,60,158,0,0,0,0,2,10,2015,7,2016,0,0,0,0,0,1,2,65,3,1,2,1,0,0,14,13,1,1,4,1,"777777777777","777777777777","777777777777",1,0
46,460071,1,1,1,10,9,2,15,35,0,1,0,46,1,20,481,20481,31,2011,"1GC1KXC89BF2","1","G","C","1","K","X","C","8","9","B","F","2",0,0,0,"000000000","00000000000",0,0,0,1,0,0,0,0,0,0,0,71,0,1,5,12,6,2,1,0,0,0,1,46,57216,6,1,6,0,3,1,74,250,1,0,0,0,0,5,2012,5,2012,0,0,0,0,0,1,2,55,1,1,2,1,0,0,1,13,1,1,4,1,"777777777777","777777777777","777777777777",1,1
46,460072,1,1,1,11,9,10,44,1,0,1,0,46,2,49,401,49401,14,1984,"JT4LN65D9E50","J","T","4","L","N","6","5","D","9","E","5","0",0,0,0,"000000000","00000000000",0,0,0,1,0,0,0,0,0,0,0,50,0,1,5,0,6,2,1,0,0,0,1,46,57345,6,7,0,0,3,1,64,125,0,0,0,0,0,0,0,0,0,4,0,0,0,0,1,2,55,1,1,4,1,0,0,1,6,99,3,4,2,"777777777777","777777777777","777777777777",1,0
46,460073,1,1,1,8,9,18,48,1,0,1,0,46,1,37,705,37705,80,1999,"JH2RC4307XM5","J","H","2","R","C","4","3","0","7","X","M","5",0,0,0,"000000000","00000000000",0,0,0,1,0,0,0,0,0,0,0,999,0,0,0,0,6,2,14,0,0,0,1,46,57005,6,1,0,0,3,1,71,200,1,0,0,0,1,7,2012,8,2014,0,39,0,0,0,1,2,65,1,1,2,11,40,3,1,14,7,5,4,98,"777777777777","777777777777","777777777777",1,0
46,460074,1,1,2,21,9,1,0,1,0,1,0,46,1,12,481,12481,31,2008,"1FTPX14V48FB","1","F","T","P","X","1","4","V","4","8","F","B",0,0,0,"000000000","00000000000",0,0,0,1,0,0,0,0,0,0,0,65,0,1,5,0,6,2,1,0,0,0,1,46,57783,2,1,0,0,2,0,67,245,0,2,1,0,0,6,2016,6,2016,3,0,0,0,0,1,2,35,1,2,4,1,0,0,1,6,1,4,4,7,"777777777777","777777777777","777777777777",1,1
46,460075,1,1,1,21,8,17,45,8,0,1,0,46,1,18,441,18441,20,2005,"5GADV33L45D2","5","G","A","D","V","3","3","L","4","5","D","2",0,0,0,"000000000","00000000000",0,0,0,1,0,0,0,0,0,0,0,15,0,0,0,1,0,5,8,0,0,0,1,46,57380,6,1,0,0,3,1,66,130,0,0,0,0,0,0,0,0,0,0,0,0,0,0,1,2,15,1,1,2,1,0,0,1,80,1,1,1,13,"777777777777","777777777777","777777777777",0,0
46,460076,1,1,1,3,10,22,25,5,0,1,0,46,1,20,481,20481,31,1994,"1GCGK29F9RE2","1","G","C","G","K","2","9","F","9","R","E","2",0,0,0,"000000000","00000000000",0,0,0,1,0,0,0,0,0,0,0,999,0,0,0,0,0,5,5,0,0,0,1,46,57043,6,1,0,0,3,1,68,165,1,0,0,0,1,10,2014,12,2014,0,0,0,0,0,1,2,55,1,1,2,1,0,0,1,98,1,1,1,0,"777777777777","777777777777","777777777777",1,1
46,460077,1,1,1,8,10,99,99,38,0,1,0,46,2,12,481,12481,31,2005,"1FTSW21P25EC","1","F","T","S","W","2","1","P","2","5","E","C",0,0,0,"000000000","00000000000",0,0,0,1,0,0,0,0,0,0,0,72,0,1,5,98,6,2,1,0,0,0,1,46,57555,6,1,0,0,3,0,73,220,0,0,0,0,0,0,0,0,0,3,0,0,0,0,1,2,45,1,1,4,1,0,0,1,12,1,4,4,2,"777777777777","777777777777","777777777777",1,1
46,460078,1,2,1,9,10,18,57,12,6,1,0,46,1,53,706,53706,80,2007,"JS1GT77A4721","J","S","1","G","T","7","7","A","4","7","2","1",0,0,0,"000000000","00000000000",0,0,0,1,0,0,0,0,0,0,0,100,0,0,0,12,6,2,12,0,0,0,1,46,57107,1,1,0,0,2,0,71,190,0,3,0,4,6,3,2012,7,2016,3,39,0,0,0,5,5,35,1,1,1,1,2,3,1,17,16,1,1,88,"777777777777","777777777777","777777777777",1,0
46,460078,2,2,2,9,10,18,57,12,6,1,0,46,2,37,32,37032,4,2003,"JHMCM55323C0","J","H","M","C","M","5","5","3","2","3","C","0",0,0,0,"000000000","00000000000",0,0,0,1,0,0,0,0,0,0,0,999,0,0,0,9,6,2,12,0,0,0,1,46,57106,6,1,0,0,3,0,65,140,0,0,0,0,0,0,0,0,0,0,0,0,0,0,5,3,30,1,2,2,1,2,3,1,66,1,1,1,89,"777777777777","777777777777","777777777777",0,0
46,460079,1,1,1,12,10,0,16,8,0,1,0,46,1,18,20,18020,4,1999,"2G4WB52K0X14","2","G","4","W","B","5","2","K","0","X","1","4",0,0,0,"000000000","00000000000",0,0,0,1,0,0,0,0,0,0,0,35,0,0,0,12,4,5,8,0,0,0,1,46,57701,6,1,0,0,3,1,68,107,0,0,0,0,0,0,0,0,0,0,0,0,0,0,5,5,35,1,1,1,1,0,0,1,80,16,1,1,13,"777777777777","777777777777","777777777777",0,0
46,460080,1,1,1,15,10,10,35,1,0,1,0,46,1,12,442,12442,20,1998,"2FMDA51U8WBB","2","F","M","D","A","5","1","U","8","W","B","B",0,0,0,"000000000","00000000000",0,0,0,1,0,0,0,0,0,0,0,72,0,1,5,0,6,2,1,0,0,0,1,46,57442,6,1,0,0,3,0,68,152,1,0,0,0,5,2,2015,4,2016,0,58,0,0,0,1,2,65,1,1,2,1,0,0,1,13,6,1,4,6,"777777777777","777777777777","777777777777",1,0
46,460081,1,1,1,2,10,19,39,1,0,1,0,46,2,72,706,72706,80,1998,"1HD1CGP16WY2","1","H","D","1","C","G","P","1","6","W","Y","2",0,0,0,"000000000","00000000000",0,0,0,1,0,0,0,0,0,0,0,65,0,0,0,0,6,2,11,0,0,0,1,46,57451,6,1,6,0,3,0,68,240,1,0,0,1,0,9,2015,6,2016,0,83,0,0,0,1,2,65,1,1,1,1,0,0,1,87,98,1,1,98,"777777777777","777777777777","777777777777",1,0
46,460082,1,1,1,19,10,15,55,30,0,1,0,46,1,21,20,21020,4,1992,"1G3AL54R5N63","1","G","3","A","L","5","4","R","5","N","6","3",0,0,0,"000000000","00000000000",0,0,0,1,0,0,0,0,0,0,0,83,0,1,5,5,6,2,1,0,0,0,1,46,57262,6,1,0,0,3,0,66,150,2,0,0,0,1,7,2013,5,2016,3,58,0,0,0,1,2,55,1,1,2,1,0,0,1,13,6,4,4,7,"777777777777","777777777777","777777777777",1,1
46,460083,1,2,1,19,10,19,41,12,6,1,0,46,1,49,40,49040,4,2016,"4T4BF1FK9GR5","4","T","4","B","F","1","F","K","9","G","R","5",0,0,0,"000000000","00000000000",0,0,0,1,0,0,0,0,0,0,0,999,0,0,0,9,6,2,12,0,0,0,1,46,57069,2,1,0,0,2,0,69,165,0,2,1,0,0,8,2016,9,2016,0,39,0,0,0,1,2,65,1,1,2,2,20,3,1,17,1,1,1,89,"777777777777","777777777777","777777777777",1,1
46,460083,2,2,1,19,10,19,41,12,6,1,0,46,2,82,881,82881,66,1999,"1FUPCDZBXXPA","1","F","U","P","C","D","Z","B","X","X","P","A",1,1,57,"00331285","5700331285",3,6,1,1,0,0,0,0,0,0,0,999,0,0,0,12,6,2,12,0,0,0,1,46,57045,6,1,6,0,3,1,75,290,1,0,0,0,0,10,2013,10,2013,0,0,0,0,0,5,5,55,1,1,2,2,0,0,1,66,16,1,1,88,"1B9L53205110","777777777777","777777777777",0,0
46,460084,1,1,2,1,10,16,39,35,0,1,0,46,1,48,401,48401,14,2015,"JF2SJADCXFH8","J","F","2","S","J","A","D","C","X","F","H","8",0,0,0,"000000000","00000000000",0,0,0,1,0,0,0,0,0,0,0,65,0,1,5,12,6,2,1,0,0,0,1,46,57701,6,1,0,0,3,0,69,185,0,0,0,0,0,0,0,0,0,0,0,0,0,0,2,2,80,1,1,1,1,0,0,1,12,1,1,4,6,"777777777777","777777777777","777777777777",1,0
46,460085,1,2,1,24,10,21,25,12,6,1,0,46,1,87,881,87881,66,2004,"1XP5DB9X44D8","1","X","P","5","D","B","9","X","4","4","D","8",1,1,57,"2558959","572558959",3,6,97,1,0,0,0,0,0,0,0,62,0,0,0,12,6,2,12,0,0,0,1,46,57323,6,1,6,0,3,0,75,220,0,0,0,1,1,12,2011,9,2016,3,0,0,0,0,2,2,55,1,1,2,1,0,0,2,66,8,1,1,88,"888888888888","777777777777","777777777777",0,0
46,460085,2,2,2,24,10,21,25,12,6,1,0,46,2,12,37,12037,4,2002,"1FAHP34332W2","1","F","A","H","P","3","4","3","3","2","W","2",0,0,0,"000000000","00000000000",0,0,0,1,0,0,0,0,0,0,0,999,0,0,0,9,6,2,12,0,0,0,1,46,57438,6,1,0,0,3,0,70,122,0,0,0,0,0,0,0,0,0,0,38,0,0,0,1,2,55,1,1,2,1,20,3,1,17,1,1,1,89,"777777777777","777777777777","777777777777",1,0
46,460086,1,2,2,25,10,9,10,12,6,1,0,46,1,12,481,12481,31,2007,"1FTPW14V37KA","1","F","T","P","W","1","4","V","3","7","K","A",0,0,0,"000000000","00000000000",0,0,0,1,0,0,0,0,0,0,0,999,0,1,5,1,6,2,12,0,0,0,1,56,82633,6,1,0,0,3,1,73,180,0,0,0,0,0,0,0,0,0,0,0,0,0,0,1,2,55,1,1,4,1,0,0,1,66,1,1,1,88,"777777777777","777777777777","777777777777",1,0