"STATE","ST_CASE","VEH_NO","VE_FORMS","NUMOCCS","DAY","MONTH","HOUR","MINUTE","HARM_EV","MAN_COLL","UNITTYPE","HIT_RUN","REG_STAT","OWNER","MAKE","MODEL","MAK_MOD","BODY_TYP","MOD_YEAR","VIN","VIN_1","VIN_2","VIN_3","VIN_4","VIN_5","VIN_6","VIN_7","VIN_8","VIN_9","VIN_10","VIN_11","VIN_12","TOW_VEH","J_KNIFE","MCARR_I1","MCARR_I2","MCARR_ID","GVWR","V_CONFIG","CARGO_BT","HAZ_INV","HAZ_PLAC","HAZ_ID","HAZ_CNO","HAZ_REL","BUS_USE","SPEC_USE","EMER_USE","TRAV_SP","UNDERIDE","ROLLOVER","ROLINLOC","IMPACT1","DEFORMED","TOWED","M_HARM","VEH_SC1","VEH_SC2","FIRE_EXP","DR_PRES","L_STATE","DR_ZIP","L_STATUS","L_TYPE","CDL_STAT","L_ENDORS","L_COMPL","L_RESTRI","DR_HGT","DR_WGT","PREV_ACC","PREV_SUS","PREV_DWI","PREV_SPD","PREV_OTH","FIRST_MO","FIRST_YR","LAST_MO","LAST_YR","SPEEDREL","DR_SF1","DR_SF2","DR_SF3","DR_SF4","VTRAFWAY","VNUM_LAN","VSPD_LIM","VALIGN","VPROFILE","VPAVETYP","VSURCOND","VTRAFCON","VTCONT_F","P_CRASH1","P_CRASH2","P_CRASH3","PCRASH4","PCRASH5","ACC_TYPE","TRLR1VIN","TRLR2VIN","TRLR3VIN","DEATHS","DR_DRINK"
46,460086,2,2,1,25,10,9,10,12,6,1,0,46,1,12,481,12481,31,1984,"1FTEF26Y1EPA","1","F","T","E","F","2","6","Y","1","E","P","A",0,0,0,"000000000","00000000000",0,0,0,1,0,0,0,0,0,0,0,38,0,0,0,9,6,2,12,0,0,0,1,46,57717,6,1,0,0,3,0,64,154,0,0,0,0,1,5,2016,5,2016,0,39,0,0,0,1,2,55,1,1,4,1,20,3,1,17,1,1,1,89,"777777777777","777777777777","777777777777",1,0
46,460087,1,2,1,26,10,18,20,12,1,1,0,46,1,13,13,13013,4,2010,"3LNHL2JC8AR6","3","L","N","H","L","2","J","C","8","A","R","6",0,0,0,"000000000","00000000000",0,0,0,1,0,0,0,0,0,0,0,65,1,0,0,12,6,2,12,0,0,0,1,46,57760,6,1,0,0,3,0,65,120,0,0,0,0,0,0,0,0,0,0,26,0,0,0,1,2,65,1,1,2,1,0,0,1,51,1,1,1,24,"777777777777","777777777777","777777777777",1,1
46,460087,2,2,1,26,10,18,20,12,1,1,0,0,0,98,998,98998,92,1982,"000000000000","0","0","0","0","0","0","0","0","0","0","0","0",1,1,0,"000000000","00000000000",0,0,0,1,0,0,0,0,0,0,0,999,0,0,0,6,4,5,12,0,0,0,1,46,57762,6,1,6,0,3,0,71,210,0,0,0,0,0,0,0,0,0,0,0,0,0,0,1,2,65,1,1,2,1,0,0,1,53,1,1,1,25,"888888888888","777777777777","777777777777",0,0
46,460088,1,1,5,28,10,17,30,1,0,1,0,46,3,20,422,20422,15,2005,"3GNFK16Z55G1","3","G","N","F","K","1","6","Z","5","5","G","1",0,0,0,"000000000","00000000000",0,0,0,1,0,0,0,0,0,0,0,57,0,1,1,0,6,2,1,0,0,0,1,46,57212,0,0,0,0,0,0,999,999,0,0,0,0,0,0,0,0,0,0,0,0,0,0,1,2,55,1,1,2,1,0,0,1,11,6,4,6,98,"777777777777","777777777777","777777777777",1,0
46,460089,1,2,1,28,10,16,11,12,6,1,0,46,1,82,881,82881,66,1999,"1FUPCMEB2XP9","1","F","U","P","C","M","E","B","2","X","P","9",1,1,88,"888888888","88888888888",3,6,97,1,0,0,0,0,0,0,0,999,0,0,0,12,6,2,2,0,0,1,1,46,57236,6,1,6,0,3,1,66,210,0,0,0,1,0,7,2012,7,2012,0,39,0,0,0,1,2,55,1,1,2,1,20,3,1,17,1,1,1,88,"999999999999","777777777777","777777777777",1,0
46,460089,2,2,1,28,10,16,11,12,6,1,0,46,3,87,884,87884,66,2001,"1XP5D49X41D5","1","X","P","5","D","4","9","X","4","1","D","5",1,3,88,"888888888","88888888888",3,6,8,1,0,0,0,0,0,0,0,999,0,0,0,9,6,2,12,0,0,0,1,46,57236,6,1,6,0,3,1,73,243,0,0,0,0,0,0,0,0,0,0,0,0,0,0,1,2,55,1,1,2,1,0,0,1,66,1,1,1,89,"1B4B43332R11","777777777777","777777777777",0,0
46,460090,1,1,4,31,10,7,23,1,0,1,0,46,1,24,401,24401,14,2006,"5GZCZ63406S8","5","G","Z","C","Z","6","3","4","0","6","S","8",0,0,0,"000000000","00000000000",0,0,0,1,0,0,0,0,0,0,0,104,0,1,5,0,6,2,1,0,0,0,1,46,57759,6,1,0,0,3,0,73,353,0,0,0,0,2,6,2012,11,2012,3,0,0,0,0,2,2,80,1,1,1,1,0,0,1,12,7,3,4,2,"777777777777","777777777777","777777777777",1,0
46,460091,1,1,3,12,11,22,30,1,0,1,0,48,1,7,482,7482,31,2003,"3D7KU28643G7","3","D","7","K","U","2","8","6","4","3","G","7",0,0,0,"000000000","00000000000",0,0,0,1,0,0,0,0,0,0,0,69,0,2,5,0,6,2,1,0,0,0,1,48,77856,6,1,0,0,3,0,999,999,0,0,0,3,0,11,2012,8,2015,3,58,0,0,0,1,2,55,3,1,2,1,0,0,14,13,6,4,4,7,"777777777777","777777777777","777777777777",1,1
46,460092,1,1,1,11,11,0,0,1,0,1,0,27,3,20,481,20481,31,2004,"2GCEK13TX414","2","G","C","E","K","1","3","T","X","4","1","4",0,0,0,"000000000","00000000000",0,0,0,1,0,0,0,0,0,0,0,999,0,1,1,0,6,2,1,0,0,0,1,27,56258,6,1,0,0,3,0,999,999,0,0,0,0,0,0,0,0,0,0,58,0,0,0,1,2,55,3,3,2,1,0,0,14,13,6,3,6,98,"777777777777","777777777777","777777777777",1,0
46,460093,1,1,1,12,11,18,17,1,0,1,0,46,1,7,422,7422,15,2005,"1D4HB48D65F5","1","D","4","H","B","4","8","D","6","5","F","5",0,0,0,"000000000","00000000000",0,0,0,1,0,0,0,0,0,0,0,999,0,1,5,0,6,2,1,0,0,0,1,46,57064,6,1,6,0,3,0,74,200,2,0,0,7,2,5,2012,10,2016,3,0,0,0,0,1,2,65,1,1,2,1,0,0,1,13,1,1,4,1,"777777777777","777777777777","777777777777",1,1
46,460094,1,1,2,20,11,15,5,1,0,1,0,46,1,7,482,7482,31,2006,"1D7HU18236S5","1","D","7","H","U","1","8","2","3","6","S","5",0,0,0,"000000000","00000000000",0,0,0,1,0,0,0,0,0,0,0,55,0,1,6,0,6,2,1,0,0,0,1,46,57235,6,1,0,0,3,0,65,135,0,0,0,0,0,0,0,0,0,0,87,0,0,0,1,2,55,1,2,2,4,0,0,1,5,16,2,4,7,"777777777777","777777777777","777777777777",1,0
46,460095,1,1,2,26,11,9,53,1,0,1,0,46,2,12,401,12401,14,1996,"1FMDU34X6TUB","1","F","M","D","U","3","4","X","6","T","U","B",0,0,0,"000000000","00000000000",0,0,0,1,0,0,0,0,0,0,0,75,0,1,1,0,6,2,1,0,0,0,1,46,57501,1,1,0,0,2,0,71,215,0,0,0,0,1,12,2015,12,2015,3,58,0,0,0,1,2,65,1,2,2,1,0,0,1,11,6,4,6,98,"777777777777","777777777777","777777777777",2,1
46,460096,1,2,2,28,11,12,29,12,6,1,0,46,1,18,22,18022,4,2012,"1G4GC5ER8CF2","1","G","4","G","C","5","E","R","8","C","F","2",0,0,0,"000000000","00000000000",0,0,0,1,0,0,0,0,0,0,0,70,0,0,0,3,6,2,12,0,0,0,1,46,57046,2,1,0,0,2,0,64,175,0,3,1,0,2,8,2014,8,2016,3,58,0,0,0,1,2,55,2,1,2,1,0,0,14,6,1,4,2,64,"777777777777","777777777777","777777777777",0,0
46,460096,2,2,1,28,11,12,29,12,6,1,0,46,1,6,441,6441,20,2005,"2C8GP64L65R3","2","C","8","G","P","6","4","L","6","5","R","3",0,0,0,"000000000","00000000000",0,0,0,1,0,0,0,0,0,0,0,999,0,0,0,12,6,2,12,0,0,0,1,46,57046,6,1,0,0,3,0,71,320,0,0,0,0,0,0,0,0,0,0,0,0,0,0,1,2,55,3,1,2,1,0,0,14,62,1,1,1,65,"777777777777","777777777777","777777777777",1,0
46,460097,1,1,3,16,9,10,34,1,0,1,0,46,2,2,405,2405,14,2006,"1J4GL48K46W2","1","J","4","G","L","4","8","K","4","6","W","2",0,0,0,"000000000","00000000000",0,0,0,1,0,0,0,0,0,0,0,55,0,1,5,0,6,2,1,0,0,0,1,46,57764,0,0,0,0,0,0,999,999,0,0,0,0,0,0,0,0,0,0,58,0,0,0,1,2,55,1,2,2,1,0,0,1,99,99,9,4,10,"777777777777","777777777777","777777777777",1,1
46,460098,1,1,2,4,12,2,54,1,0,1,0,46,2,7,24,7024,4,2008,"2B3KA43R38H1","2","B","3","K","A","4","3","R","3","8","H","1",0,0,0,"000000000","00000000000",0,0,0,1,0,0,0,0,0,0,0,95,0,2,5,0,6,2,1,0,0,0,1,46,57078,6,1,0,0,3,0,67,160,0,0,0,0,0,0,0,0,0,4,0,0,0,0,1,2,55,1,1,4,1,0,0,1,9,99,9,4,2,"777777777777","777777777777","777777777777",1,1
46,460099,1,2,1,30,11,18,0,12,1,1,0,0,0,98,998,98998,92,2016,"000000000000","0","0","0","0","0","0","0","0","0","0","0","0",0,0,0,"000000000","00000000000",0,0,0,1,0,0,0,0,0,0,0,999,0,0,0,6,6,2,12,0,0,0,1,46,57014,6,1,0,0,3,0,72,220,0,0,0,0,0,0,0,0,0,0,23,0,0,0,1,2,65,1,1,2,2,0,0,1,53,1,1,1,25,"777777777777","777777777777","777777777777",0,0
46,460099,2,2,2,30,11,18,0,12,1,1,0,46,1,20,481,20481,31,2000,"1GCEK19T3YE3","1","G","C","E","K","1","9","T","3","Y","E","3",0,0,0,"000000000","00000000000",0,0,0,1,0,0,0,0,0,0,0,999,0,0,0,12,6,2,12,0,0,0,1,46,57107,6,1,0,0,3,1,74,218,1,0,0,0,1,4,2013,1,2015,0,6,0,0,0,1,2,65,1,1,2,2,0,0,1,51,16,1,1,24,"777777777777","777777777777","777777777777",1,0
46,460100,1,1,1,20,10,20,0,1,0,1,0,46,1,98,734,98734,90,2017,"3NSRGE994HH8","3","N","S","R","G","E","9","9","4","H","H","8",0,0,0,"000000000","00000000000",0,0,0,1,0,0,0,0,0,0,0,38,0,1,5,0,6,2,1,0,0,0,1,46,57754,6,1,6,0,3,1,72,185,0,0,0,2,0,4,2016,10,2016,4,0,0,0,0,1,2,35,2,2,4,1,0,0,14,6,16,2,4,7,"777777777777","777777777777","777777777777",1,1
46,460101,1,1,1,23,12,7,22,1,0,1,0,46,1,23,421,23421,15,2007,"1GKFK63827J1","1","G","K","F","K","6","3","8","2","7","J","1",0,0,0,"000000000","00000000000",0,0,0,1,0,0,0,0,0,0,0,90,0,9,4,0,6,2,1,0,0,0,1,46,57068,6,1,0,0,3,0,68,200,0,0,0,0,3,6,2012,11,2016,3,87,0,0,0,6,1,80,1,2,1,4,0,0,15,6,1,3,4,7,"777777777777","777777777777","777777777777",1,1
46,460102,1,1,1,26,12,11,15,31,0,1,0,46,1,23,481,23481,31,2005,"2GTEK13T0514","2","G","T","E","K","1","3","T","0","5","1","4",0,0,0,"000000000","00000000000",0,0,0,1,0,0,0,0,0,0,0,999,0,1,5,98,6,2,1,0,0,0,1,46,57747,6,1,0,0,3,1,69,270,0,0,0,0,0,0,0,0,0,0,0,0,0,0,2,2,70,1,2,1,10,0,0,1,9,99,3,4,2,"777777777777","777777777777","777777777777",1,0
46,460103,1,1,1,26,4,14,40,1,0,1,0,46,1,98,734,98734,90,2001,"4XACH42A31A3","4","X","A","C","H","4","2","A","3","1","A","3",0,0,0,"000000000","00000000000",0,0,0,1,0,0,0,0,0,0,0,40,0,2,1,0,4,3,1,0,0,0,1,46,57106,6,1,0,0,3,0,74,175,0,0,0,0,0,0,0,0,0,3,58,0,0,0,1,2,30,3,1,1,1,0,0,14,6,6,1,1,98,"777777777777","777777777777","777777777777",1,0
47,470001,1,3,1,2,1,18,29,12,1,1,0,47,1,18,401,18401,14,2004,"3G5DB03E44S5","3","G","5","D","B","0","3","E","4","4","S","5",0,0,0,"000000000","00000000000",0,0,0,1,0,0,0,0,0,0,0,998,0,0,0,6,6,2,12,0,0,0,1,47,37331,6,1,0,0,3,0,70,155,0,0,0,0,0,0,0,0,0,0,89,0,0,0,2,2,70,1,1,2,1,0,0,1,53,99,1,1,25,"777777777777","777777777777","777777777777",1,0
47,470001,2,3,1,2,1,18,29,12,1,1,0,93,3,51,881,51881,66,2007,"4V4NC9TJ97N4","4","V","4","N","C","9","T","J","9","7","N","4",1,1,57,"00121332","5700121332",3,6,1,1,0,0,0,0,0,0,0,998,0,0,0,12,6,2,12,0,0,0,1,1,35062,6,1,6,0,3,3,66,180,0,0,0,0,1,10,2015,10,2015,0,0,0,0,0,2,2,70,1,1,2,1,0,0,1,62,99,1,1,98,"1UYVS2531FM3","777777777777","777777777777",0,0
47,470001,3,3,1,2,1,18,29,12,1,1,1,99,9,99,999,99999,99,9999,"999999999999","9","9","9","9","9","9","9","9","9","9","9","9",9,0,0,"000000000","00000000000",0,0,0,1,0,0,0,0,99,99,9,999,9,0,0,12,4,5,12,99,99,0,1,99,99999,9,9,99,9,9,9,999,999,99,99,99,99,99,99,9999,99,9999,9,26,0,0,0,2,2,70,1,1,2,1,0,0,1,51,99,1,1,24,"777777777777","777777777777","777777777777",0,0
47,470002,1,2,1,5,1,12,37,12,2,1,0,47,1,14,6,14006,4,2004,"2MEFM75W14X6","2","M","E","F","M","7","5","W","1","4","X","6",0,0,0,"000000000","00000000000",0,0,0,1,0,0,0,0,0,0,0,998,0,0,0,12,6,2,12,0,0,0,1,47,37334,1,1,0,0,2,0,72,197,0,3,0,0,0,12,2015,12,2015,0,6,28,36,0,5,5,55,1,5,2,1,0,0,1,10,99,1,2,50,"777777777777","777777777777","777777777777",1,0
47,470002,2,2,1,5,1,12,37,12,2,1,0,18,3,82,881,82881,66,2016,"3AKJGEBG7GSH","3","A","K","J","G","E","B","G","7","G","S","H",1,1,57,"00085376","5700085376",3,6,3,1,0,0,0,0,0,0,0,998,0,0,0,12,6,2,12,0,0,0,1,47,37013,6,1,6,0,3,0,75,255,1,0,0,0,0,6,2015,6,2015,0,0,0,0,0,5,5,55,1,6,2,1,0,0,1,62,8,1,1,51,"1N9F482P4410","777777777777","777777777777",0,0
47,470003,1,2,1,7,1,8,17,12,2,1,0,47,1,20,2,20002,4,2001,"2G1WF55E1193","2","G","1","W","F","5","5","E","1","1","9","3",0,0,0,"000000000","00000000000",0,0,0,1,0,0,0,0,0,0,0,998,0,0,0,12,6,2,12,32,0,0,1,47,37186,6,1,0,0,3,1,77,275,2,0,0,0,0,4,2011,10,2012,0,28,0,0,0,1,2,55,1,5,2,1,0,0,1,10,99,1,2,50,"777777777777","777777777777","777777777777",1,0
47,470003,2,2,1,7,1,8,17,12,2,1,0,21,3,82,881,82881,66,2013,"1FUJGLDR1DLF","1","F","U","J","G","L","D","R","1","D","L","F",1,1,57,"01191768","5701191768",3,6,1,1,0,0,0,0,0,0,0,998,0,0,0,12,6,2,12,0,0,0,1,21,42140,6,1,6,0,3,0,66,165,0,0,0,0,0,0,0,0,0,0,0,0,0,0,1,2,55,1,6,2,1,0,0,1,62,99,1,1,51,"1JJV532D9GL8","777777777777","777777777777",0,0
47,470004,1,2,1,14,1,7,5,12,1,1,0,47,1,12,32,12032,5,2011,"3FADP4EJ5BM1","3","F","A","D","P","4","E","J","5","B","M","1",0,0,0,"000000000","00000000000",0,0,0,1,0,0,0,0,0,0,0,998,0,0,0,12,6,2,12,0,0,0,1,47,37137,6,1,0,0,3,0,70,190,4,0,0,0,0,1,2013,11,2015,0,26,0,0,0,3,2,70,1,1,2,1,0,0,1,98,99,1,1,98,"777777777777","777777777777","777777777777",1,0
47,470004,2,2,1,14,1,7,5,12,1,1,0,93,3,51,881,51881,66,2007,"4V4NC9TGX7N4","4","V","4","N","C","9","T","G","X","7","N","4",1,1,57,"01454112","5701454112",3,6,1,1,0,0,0,0,0,0,0,998,7,0,0,6,2,5,12,0,0,0,1,47,37013,6,1,6,0,3,1,70,250,1,0,0,0,0,5,2015,5,2015,0,24,89,0,0,3,2,70,1,2,2,1,0,0,2,3,99,9,1,98,"LJRC54264510","777777777777","777777777777",0,0
47,470005,1,2,1,18,1,6,45,12,6,1,0,93,3,82,881,82881,66,2015,"3AKJGLD5XFSF","3","A","K","J","G","L","D","5","X","F","S","F",1,1,57,"00003706","5700003706",3,6,1,1,0,0,0,0,0,0,0,998,0,0,0,8,6,2,12,0,0,0,1,45,29061,6,1,6,0,3,0,67,200,1,0,0,3,0,10,2012,5,2015,0,48,0,0,0,5,5,55,1,6,2,1,0,0,12,21,99,1,2,98,"1UYVS2531GU4","777777777777","777777777777",0,0
47,470005,2,2,1,18,1,6,45,12,6,1,0,47,1,7,482,7482,31,1998,"1B7HF13Z0WJ1","1","B","7","H","F","1","3","Z","0","W","J","1",0,0,0,"000000000","00000000000",0,0,0,1,0,0,0,0,0,0,0,998,1,0,0,12,6,2,12,0,0,0,1,47,37160,6,1,0,0,3,0,74,170,1,0,0,1,0,9,2013,7,2014,0,89,0,0,0,5,5,55,1,6,2,1,0,0,1,64,99,1,1,98,"777777777777","777777777777","777777777777",1,0
47,470006,1,2,1,21,1,11,53,12,2,1,0,47,3,84,881,84881,63,1999,"1HTSDAAN0XH6","1","H","T","S","D","A","A","N","0","X","H","6",0,0,88,"888888888","88888888888",3,1,7,1,0,0,0,0,0,0,0,998,7,0,0,12,6,2,12,0,0,0,1,47,37329,6,1,6,0,3,0,73,137,0,0,0,1,0,9,2014,9,2014,0,0,0,0,0,1,2,40,2,6,2,2,0,0,14,62,98,1,1,51,"777777777777","777777777777","777777777777",0,0
47,470006,2,2,1,21,1,11,53,12,2,1,0,47,1,37,31,37031,2,2006,"2HGFG11836H5","2","H","G","F","G","1","1","8","3","6","H","5",0,0,0,"000000000","00000000000",0,0,0,1,0,0,0,0,0,0,0,998,0,0,0,12,6,2,12,0,0,0,1,47,37874,6,1,0,0,3,3,68,245,0,0,0,1,0,2,2015,2,2015,0,28,0,0,0,1,2,40,3,5,2,2,0,0,14,10,99,1,2,50,"777777777777","777777777777","777777777777",1,0
47,470007,1,1,1,28,1,6,3,8,0,1,0,47,1,37,31,37031,2,2012,"2HGFG3B82CH5","2","H","G","F","G","3","B","8","2","C","H","5",0,0,0,"000000000","00000000000",0,0,0,1,0,0,0,0,0,0,0,998,0,0,0,12,6,2,8,0,0,0,1,47,38128,1,1,0,0,2,0,67,200,1,1,0,2,2,2,2012,8,2015,0,0,0,0,0,5,7,45,1,1,2,1,0,0,1,80,99,1,1,13,"777777777777","777777777777","777777777777",0,0
47,470008,1,1,2,1,1,16,59,8,0,1,1,47,1,24,401,24401,14,2003,"5GZCZ43D13S9","5","G","Z","C","Z","4","3","D","1","3","S","9",0,0,0,"000000000","00000000000",0,0,0,1,0,0,0,0,0,0,0,998,0,0,0,12,4,5,8,0,0,0,1,47,37115,2,1,0,0,2,0,67,164,1,0,0,0,0,8,2014,8,2014,0,0,0,0,0,1,2,30,1,1,2,1,0,0,1,13,99,1,4,13,"777777777777","777777777777","777777777777",0,0
47,470009,1,2,1,15,1,15,57,12,6,1,0,47,1,49,40,49040,4,2002,"4T1BE32K02U0","4","T","1","B","E","3","2","K","0","2","U","0",0,0,0,"000000000","00000000000",0,0,0,1,0,0,0,0,0,0,0,998,0,0,0,9,6,2,12,0,0,0,1,47,37932,6,1,0,0,3,0,70,200,0,0,0,0,0,0,0,0,0,0,38,0,0,0,1,2,30,1,1,2,2,20,3,11,15,99,1,2,82,"777777777777","777777777777","777777777777",1,0
47,470009,2,2,1,15,1,15,57,12,6,1,0,47,1,37,441,37441,20,2004,"5FNRL18084B0","5","F","N","R","L","1","8","0","8","4","B","0",0,0,0,"000000000","00000000000",0,0,0,1,0,0,0,0,0,0,0,998,0,0,0,12,6,2,12,0,0,0,1,47,37920,6,1,0,0,3,3,66,190,0,0,0,0,0,0,0,0,0,0,0,0,0,0,2,2,45,1,1,2,2,0,0,1,67,99,1,1,83,"777777777777","777777777777","777777777777",0,0
47,470010,1,2,1,11,1,10,19,12,2,1,0,47,1,20,20,20020,4,1997,"2G1WL52M7V91","2","G","1","W","L","5","2","M","7","V","9","1",0,0,0,"000000000","00000000000",0,0,0,1,0,0,0,0,0,0,0,998,0,0,0,12,6,2,12,0,0,0,1,47,37040,1,1,0,0,2,1,73,340,1,0,0,0,1,3,2014,5,2014,0,33,0,0,0,1,2,35,1,6,2,1,0,0,6,10,99,1,2,52,"777777777777","777777777777","777777777777",1,1
47,470010,2,2,1,11,1,10,19,12,2,1,0,47,1,48,401,48401,14,2013,"JF2SHABC5DH4","J","F","2","S","H","A","B","C","5","D","H","4",0,0,0,"000000000","00000000000",0,0,0,1,0,0,0,0,0,0,0,998,0,0,0,12,6,2,12,0,0,0,1,47,37055,6,1,0,0,3,3,63,170,0,0,0,1,0,2,2013,2,2013,0,0,0,0,0,1,2,35,1,5,2,1,0,0,1,62,99,1,1,52,"777777777777","777777777777","777777777777",0,0
47,470011,1,2,1,9,1,12,28,12,6,1,0,47,1,20,25,20025,4,2014,"1G1PC5SB7E74","1","G","1","P","C","5","S","B","7","E","7","4",0,0,0,"000000000","00000000000",0,0,0,1,0,0,0,0,0,0,0,998,0,0,0,9,6,2,12,0,0,0,1,47,37055,6,1,0,0,3,0,65,134,0,0,0,0,0,0,0,0,0,0,38,0,0,0,0,0,0,0,0,0,0,0,0,11,15,99,1,7,82,"777777777777","777777777777","777777777777",1,0
47,470011,2,2,1,9,1,12,28,12,6,1,0,47,2,12,471,12471,30,1994,"1FTCR14A8RTA","1","F","T","C","R","1","4","A","8","R","T","A",0,0,0,"000000000","00000000000",0,0,0,1,0,0,0,0,0,0,0,998,0,0,0,12,6,2,12,0,0,0,1,47,37101,6,1,0,0,3,0,75,270,0,0,0,0,0,0,0,0,0,0,89,0,0,0,1,2,55,1,5,2,2,0,0,1,72,98,1,1,83,"777777777777","777777777777","777777777777",0,0
47,470012,1,1,1,8,1,5,20,35,0,1,0,47,3,20,401,20401,14,2003,"1GNDT13S2321","1","G","N","D","T","1","3","S","2","3","2","1",0,0,0,"000000000","00000000000",0,0,0,1,0,0,0,0,0,0,0,998,0,1,3,13,6,2,35,0,0,0,1,47,38058,6,1,0,0,3,3,68,220,1,0,0,0,0,2,2015,2,2015,9,99,99,99,99,2,2,55,1,1,2,2,0,0,1,12,99,9,4,6,"777777777777","777777777777","777777777777",1,0
47,470013,1,2,1,7,1,13,20,12,2,1,0,47,1,49,471,49471,31,1993,"4TARN01P8PZ1","4","T","A","R","N","0","1","P","8","P","Z","1",0,0,0,"000000000","00000000000",0,0,0,1,0,0,0,0,0,0,0,998,0,0,0,12,6,2,12,0,0,0,1,47,37743,6,1,0,0,3,0,65,225,0,0,0,0,0,0,0,0,0,0,28,36,0,0,1,2,45,1,1,2,1,0,0,1,10,15,4,2,50,"777777777777","777777777777","777777777777",1,0
47,470013,2,2,1,7,1,13,20,12,2,1,0,47,1,48,45,48045,5,2013,"4S4BRCGC0D32","4","S","4","B","R","C","G","C","0","D","3","2",0,0,0,"000000000","00000000000",0,0,0,1,0,0,0,0,0,0,0,998,0,0,0,12,6,2,12,0,0,0,1,47,37743,6,1,0,0,3,0,64,130,0,0,0,0,0,0,0,0,0,0,0,0,0,0,1,2,45,1,1,2,1,0,0,1,62,99,1,1,51,"777777777777","777777777777","777777777777",0,0
47,470014,1,2,1,26,1,10,33,12,2,1,0,47,1,35,50,35050,4,2009,"3N1BC13E49L4","3","N","1","B","C","1","3","E","4","9","L","4",0,0,0,"000000000","00000000000",0,0,0,1,0,0,0,0,0,0,0,998,0,0,0,12,6,2,12,32,0,0,1,47,37924,6,1,0,0,3,1,67,115,0,0,0,0,0,0,0,0,0,0,28,0,0,0,1,2,45,1,1,2,2,0,0,1,5,99,9,2,50,"777777777777","777777777777","777777777777",1,0
47,470014,2,2,2,26,1,10,33,12,2,1,0,47,1,18,23,18023,4,2011,"1G4HC5EMXBU1","1","G","4","H","C","5","E","M","X","B","U","1",0,0,0,"000000000","00000000000",0,0,0,1,0,0,0,0,0,0,0,998,0,0,0,12,6,2,12,32,0,0,1,47,37705,6,1,0,0,3,0,64,160,0,0,0,0,0,0,0,0,0,0,0,0,0,0,1,2,45,1,1,2,2,0,0,1,62,99,1,1,51,"777777777777","777777777777","777777777777",0,0
47,470015,1,1,3,5,1,16,56,39,0,1,0,47,1,49,40,49040,4,1999,"4T1BG22K7XU4","4","T","1","B","G","2","2","K","7","X","U","4",0,0,0,"000000000","00000000000",0,0,0,1,0,0,0,0,0,0,0,998,0,0,0,12,6,2,39,0,0,0,1,47,37087,6,1,0,0,3,3,69,139,1,1,0,0,0,1,2013,12,2013,0,6,36,0,0,5,5,50,2,5,2,1,0,0,14,12,99,1,4,6,"777777777777","777777777777","777777777777",1,1
47,470016,1,3,2,27,1,14,24,12,6,1,0,47,1,6,51,6051,4,2007,"2C3KA53G97H7","2","C","3","K","A","5","3","G","9","7","H","7",0,0,0,"000000000","00000000000",0,0,0,1,0,0,0,0,0,0,0,998,0,0,0,12,6,2,12,32,0,0,1,47,37037,6,1,0,0,3,0,66,220,0,0,0,0,0,0,0,0,0,0,39,0,0,0,1,5,40,1,1,2,1,2,3,1,17,99,1,3,86,"777777777777","777777777777","777777777777",1,0
47,470016,2,3,1,27,1,14,24,12,6,1,0,47,1,49,32,49032,4,2007,"1NXBR32E07Z9","1","N","X","B","R","3","2","E","0","7","Z","9",0,0,0,"000000000","00000000000",0,0,0,1,0,0,0,0,0,0,0,998,0,0,0,1,6,2,12,0,0,0,1,47,37013,6,1,0,0,3,0,66,165,1,0,0,1,0,8,2012,3,2013,0,0,0,0,0,1,7,40,1,1,2,1,2,3,1,66,99,1,1,87,"777777777777","777777777777","777777777777",0,0
47,470016,3,3,1,27,1,14,24,12,6,1,0,47,2,12,422,12422,15,2000,"1FMRU1662YLB","1","F","M","R","U","1","6","6","2","Y","L","B",0,0,0,"000000000","00000000000",0,0,0,1,0,0,0,0,0,0,0,998,0,0,0,12,6,2,12,0,0,0,1,47,37013,6,1,0,0,3,0,65,188,1,0,0,0,0,6,2014,6,2014,0,0,0,0,0,1,7,40,1,1,2,1,2,3,1,61,99,1,1,98,"777777777777","777777777777","777777777777",0,0
47,470017,1,2,1,15,1,15,10,12,2,1,0,47,1,49,40,49040,4,1996,"4T1BG12KXTU9","4","T","1","B","G","1","2","K","X","T","U","9",0,0,0,"000000000","00000000000",0,0,0,1,0,0,0,0,0,0,0,998,0,0,0,12,6,2,12,0,0,0,1,47,37138,2,1,0,0,2,0,74,200,2,3,3,0,1,9,2011,6,2015,0,28,0,0,0,5,5,45,1,2,2,2,0,0,15,10,99,9,2,50,"777777777777","777777777777","777777777777",1,1
47,470017,2,2,1,15,1,15,10,12,2,1,0,18,1,7,482,7482,31,2011,"3D7TP2CL6BG5","3","D","7","T","P","2","C","L","6","B","G","5",0,0,0,"000000000","00000000000",0,0,0,1,0,0,0,0,0,0,0,998,0,0,0,12,6,2,12,0,0,0,1,18,47532,6,1,5,0,3,0,70,220,0,0,0,0,0,0,0,0,0,0,0,0,0,0,5,5,45,1,2,2,2,0,0,1,62,6,1,2,51,"777777777777","777777777777","777777777777",0,0