"STATE","ST_CASE","VEH_NO","VE_FORMS","NUMOCCS","DAY","MONTH","HOUR","MINUTE","HARM_EV","MAN_COLL","UNITTYPE","HIT_RUN","REG_STAT","OWNER","MAKE","MODEL","MAK_MOD","BODY_TYP","MOD_YEAR","VIN","VIN_1","VIN_2","VIN_3","VIN_4","VIN_5","VIN_6","VIN_7","VIN_8","VIN_9","VIN_10","VIN_11","VIN_12","TOW_VEH","J_KNIFE","MCARR_I1","MCARR_I2","MCARR_ID","GVWR","V_CONFIG","CARGO_BT","HAZ_INV","HAZ_PLAC","HAZ_ID","HAZ_CNO","HAZ_REL","BUS_USE","SPEC_USE","EMER_USE","TRAV_SP","UNDERIDE","ROLLOVER","ROLINLOC","IMPACT1","DEFORMED","TOWED","M_HARM","VEH_SC1","VEH_SC2","FIRE_EXP","DR_PRES","L_STATE","DR_ZIP","L_STATUS","L_TYPE","CDL_STAT","L_ENDORS","L_COMPL","L_RESTRI","DR_HGT","DR_WGT","PREV_ACC","PREV_SUS","PREV_DWI","PREV_SPD","PREV_OTH","FIRST_MO","FIRST_YR","LAST_MO","LAST_YR","SPEEDREL","DR_SF1","DR_SF2","DR_SF3","DR_SF4","VTRAFWAY","VNUM_LAN","VSPD_LIM","VALIGN","VPROFILE","VPAVETYP","VSURCOND","VTRAFCON","VTCONT_F","P_CRASH1","P_CRASH2","P_CRASH3","PCRASH4","PCRASH5","ACC_TYPE","TRLR1VIN","TRLR2VIN","TRLR3VIN","DEATHS","DR_DRINK"
47,470057,1,1,2,31,1,18,15,8,0,1,0,47,2,12,37,12037,4,2000,"1FAFP3839YW1","1","F","A","F","P","3","8","3","9","Y","W","1",0,0,0,"000000000","00000000000",0,0,0,1,0,0,0,0,0,0,0,998,0,0,0,12,2,5,8,0,0,0,1,47,38128,6,1,0,0,3,0,72,260,0,1,0,0,0,11,2014,11,2014,0,0,0,0,0,1,2,55,1,3,2,1,0,0,1,80,99,1,1,13,"777777777777","777777777777","777777777777",0,0
47,470058,1,1,1,3,2,19,13,32,0,1,0,47,2,38,402,38402,14,1998,"4S2CM58W3W43","4","S","2","C","M","5","8","W","3","W","4","3",0,0,0,"000000000","00000000000",0,0,0,1,0,0,0,0,0,0,0,998,0,1,3,12,6,2,1,0,0,0,1,47,37830,2,1,0,0,2,0,72,210,2,0,0,0,0,11,2012,9,2015,0,0,0,0,0,2,2,50,1,6,2,1,0,0,1,12,99,1,4,6,"777777777777","777777777777","777777777777",1,1
47,470060,1,1,1,8,2,7,1,8,0,1,1,99,9,99,999,99999,99,9999,"999999999999","9","9","9","9","9","9","9","9","9","9","9","9",0,0,0,"000000000","00000000000",0,0,0,1,0,0,0,0,0,0,0,998,0,0,0,99,9,9,8,0,0,0,1,99,99999,9,9,99,9,9,9,999,999,99,99,99,99,99,99,9999,99,9999,9,99,99,99,99,5,7,45,1,1,2,1,0,0,1,80,99,9,3,13,"777777777777","777777777777","777777777777",0,0
47,470061,1,2,1,6,2,18,5,12,2,1,0,47,1,35,401,35401,14,1995,"1N6SD11SXSC4","1","N","6","S","D","1","1","S","X","S","C","4",0,0,0,"000000000","00000000000",0,0,0,1,0,0,0,0,0,0,0,998,0,0,0,12,6,2,12,0,0,0,1,47,37122,1,1,0,0,2,0,70,185,2,2,0,0,0,11,2014,9,2015,0,28,0,0,0,5,5,45,1,1,2,1,0,0,1,10,99,1,2,50,"777777777777","777777777777","777777777777",1,0
47,470061,2,2,1,6,2,18,5,12,2,1,0,47,1,20,422,20422,15,2015,"1GNSKKKC3FR6","1","G","N","S","K","K","K","C","3","F","R","6",0,0,0,"000000000","00000000000",0,0,0,1,0,0,0,0,0,0,0,998,0,0,0,12,6,2,12,0,0,0,1,47,37072,6,1,0,0,3,0,62,160,0,0,0,0,0,0,0,0,0,0,0,0,0,0,5,5,45,1,1,2,1,0,0,1,62,99,1,1,51,"777777777777","777777777777","777777777777",0,0
47,470062,1,1,1,22,1,22,28,45,0,1,0,47,2,6,52,6052,6,2002,"3C4FY58B52T3","3","C","4","F","Y","5","8","B","5","2","T","3",0,0,0,"000000000","00000000000",0,0,0,1,0,0,0,0,0,0,0,998,1,0,0,12,6,2,45,0,0,0,1,47,37343,2,1,0,0,2,0,70,175,0,0,0,0,0,0,0,0,0,3,6,36,0,0,3,2,50,1,1,2,2,0,0,1,51,99,1,1,15,"777777777777","777777777777","777777777777",1,0
47,470063,1,2,2,4,2,13,50,12,6,1,0,47,2,49,32,49032,4,1995,"1NXAE09B7SZ2","1","N","X","A","E","0","9","B","7","S","Z","2",0,0,0,"000000000","00000000000",0,0,0,1,0,0,0,0,0,0,0,998,0,0,0,12,6,2,12,0,0,0,1,47,37343,6,1,0,0,3,0,61,125,2,0,0,0,0,6,2012,8,2012,0,58,0,0,0,2,2,65,2,1,2,1,0,0,14,10,99,1,6,64,"777777777777","777777777777","777777777777",1,0
47,470063,2,2,1,4,2,13,50,12,6,1,0,13,3,87,881,87881,66,2000,"1XP5AU9X7YN5","1","X","P","5","A","U","9","X","7","Y","N","5",1,1,57,"00780003","5700780003",3,6,4,1,0,0,0,0,0,0,0,998,7,0,0,9,4,5,12,0,0,0,1,13,30711,6,1,6,0,3,0,66,160,98,0,0,1,1,5,2012,12,2015,0,0,0,0,0,2,2,65,3,1,2,1,0,0,14,62,6,1,3,65,"888888888888","777777777777","777777777777",0,0
47,470064,1,2,1,3,2,5,26,12,6,1,0,47,1,63,34,63034,4,2015,"5XXGR4A68FG4","5","X","X","G","R","4","A","6","8","F","G","4",0,0,0,"000000000","00000000000",0,0,0,1,0,0,0,0,0,0,0,998,0,0,0,12,6,2,12,0,0,0,1,47,37073,6,1,0,0,3,0,68,195,1,0,0,1,0,6,2014,8,2014,0,0,0,0,0,1,2,55,3,4,2,8,0,0,14,62,99,1,1,65,"777777777777","777777777777","777777777777",0,0
47,470064,2,2,1,3,2,5,26,12,6,1,0,47,1,22,16,22016,2,2005,"3G2JB12F85S2","3","G","2","J","B","1","2","F","8","5","S","2",0,0,0,"000000000","00000000000",0,0,0,1,0,0,0,0,0,0,0,998,0,0,0,3,6,2,12,0,0,0,1,47,37188,6,1,0,0,3,0,66,157,0,0,0,0,0,0,0,0,0,0,28,87,0,0,1,2,55,2,4,2,2,0,0,14,5,99,4,2,64,"777777777777","777777777777","777777777777",1,0
47,470065,1,1,1,5,2,5,55,42,0,1,0,47,1,20,481,20481,31,1994,"2GCEC19H3R11","2","G","C","E","C","1","9","H","3","R","1","1",0,0,0,"000000000","00000000000",0,0,0,1,0,0,0,0,0,0,0,998,0,1,5,12,6,2,1,0,0,0,1,47,38008,6,1,0,0,3,0,61,150,0,0,0,0,0,0,0,0,0,3,0,0,0,0,1,2,55,2,6,2,1,0,0,14,6,99,9,4,7,"777777777777","777777777777","777777777777",1,0
47,470066,1,2,1,8,2,8,21,12,6,1,0,47,1,12,402,12402,14,2014,"1FMCU0GX9EUC","1","F","M","C","U","0","G","X","9","E","U","C",0,0,0,"000000000","00000000000",0,0,0,1,0,0,0,0,0,0,0,998,0,0,0,12,6,2,12,0,0,0,1,47,37188,6,1,0,0,3,0,64,140,0,0,0,0,0,0,0,0,0,0,28,89,0,0,1,2,55,2,1,2,1,0,0,14,10,99,1,2,64,"777777777777","777777777777","777777777777",1,0
47,470066,2,2,2,8,2,8,21,12,6,1,0,47,3,87,881,87881,66,2016,"2XP2AJ8X9GM3","2","X","P","2","A","J","8","X","9","G","M","3",1,1,57,"00061581","5700061581",3,6,1,1,0,0,0,0,0,0,0,998,7,0,0,9,6,2,12,0,0,0,1,47,37043,6,1,6,0,3,1,70,200,0,0,0,0,0,0,0,0,0,0,0,0,0,0,1,2,55,3,1,2,1,0,0,14,62,7,1,1,65,"1S12E9483WD4","777777777777","777777777777",0,0
47,470067,1,2,4,13,2,9,30,12,6,1,0,47,2,37,31,37031,4,2004,"2HGE516554H1","2","H","G","E","5","1","6","5","5","4","H","1",0,0,0,"000000000","00000000000",0,0,0,1,0,0,0,0,0,0,0,998,0,0,0,12,6,2,12,0,0,0,1,47,38128,6,7,0,0,3,2,68,124,0,0,0,0,0,0,0,0,0,0,48,52,58,73,3,2,45,1,1,2,1,0,0,11,9,99,1,1,68,"777777777777","777777777777","777777777777",1,0
47,470067,2,2,1,13,2,9,30,12,6,1,0,47,3,82,881,82881,66,2016,"3AKJGBDV8GDH","3","A","K","J","G","B","D","V","8","G","D","H",1,1,57,"00292991","5700292991",3,6,1,1,0,0,0,0,0,0,0,998,0,0,0,8,6,2,12,0,0,0,1,47,38111,6,1,6,0,3,0,69,236,0,0,0,0,0,0,0,0,0,0,0,0,0,0,3,2,45,1,1,2,1,0,0,1,67,99,1,1,69,"888888888888","777777777777","777777777777",0,0
47,470068,1,3,2,12,2,10,40,12,1,1,1,47,2,37,31,37031,2,1999,"1HGEJ8148XL0","1","H","G","E","J","8","1","4","8","X","L","0",0,0,0,"000000000","00000000000",0,0,0,1,0,0,0,0,0,0,0,998,0,0,0,12,0,5,12,0,0,0,1,47,37918,6,1,0,0,3,0,73,147,0,2,0,1,0,12,2012,3,2015,4,36,91,0,0,1,2,50,1,6,2,3,0,0,1,51,99,1,1,24,"777777777777","777777777777","777777777777",0,0
47,470068,2,3,1,12,2,10,40,12,1,1,0,47,1,37,31,37031,2,1994,"2HGEH236XRH5","2","H","G","E","H","2","3","6","X","R","H","5",0,0,0,"000000000","00000000000",0,0,0,1,0,0,0,0,0,0,0,998,0,0,0,6,6,2,12,0,0,0,1,47,37923,6,1,0,0,3,0,71,132,2,0,0,0,0,10,2012,12,2015,4,28,36,0,0,1,2,50,1,6,2,3,0,0,1,53,99,1,1,25,"777777777777","777777777777","777777777777",1,0
47,470068,3,3,2,12,2,10,40,12,1,1,0,47,2,12,481,12481,31,2003,"3FTNX20L93MB","3","F","T","N","X","2","0","L","9","3","M","B",0,0,0,"000000000","00000000000",0,0,0,1,0,0,0,0,0,0,0,998,0,0,0,12,6,2,12,0,0,0,1,47,37891,6,1,0,0,3,0,70,207,0,0,0,0,0,0,0,0,0,0,0,0,0,0,1,2,50,1,5,2,3,0,0,1,62,99,1,1,98,"777777777777","777777777777","777777777777",0,0
47,470069,1,2,1,7,2,21,55,12,6,1,0,47,1,12,481,12481,31,1997,"1FTEX18L4VND","1","F","T","E","X","1","8","L","4","V","N","D",0,0,0,"000000000","00000000000",0,0,0,1,0,0,0,0,0,0,0,998,0,1,1,12,6,2,12,0,0,0,1,47,37188,6,1,0,0,3,0,67,240,0,0,0,0,0,0,0,0,0,9,89,0,0,0,1,2,45,1,1,2,1,0,0,1,62,99,1,1,69,"777777777777","777777777777","777777777777",1,1
47,470069,2,2,2,7,2,21,55,12,6,1,0,47,2,12,17,12017,4,2005,"1FAFP532X5A1","1","F","A","F","P","5","3","2","X","5","A","1",0,0,0,"000000000","00000000000",0,0,0,1,0,0,0,0,0,0,0,998,0,0,0,4,6,2,12,0,0,0,1,47,37188,6,2,0,0,3,1,72,280,0,0,0,0,0,0,0,0,0,0,38,52,0,0,1,2,45,1,1,2,1,0,0,11,15,99,1,1,68,"777777777777","777777777777","777777777777",0,0
47,470070,1,1,2,13,2,19,37,8,0,1,0,47,2,37,402,37402,14,2003,"SHSRD684X3U1","S","H","S","R","D","6","8","4","X","3","U","1",0,0,0,"000000000","00000000000",0,0,0,1,0,0,0,0,0,0,0,998,0,0,0,12,6,2,8,0,0,0,1,47,37664,6,1,0,0,3,1,69,220,0,0,0,0,0,0,0,0,0,9,99,99,99,99,5,7,45,1,1,2,1,0,0,1,80,99,1,1,13,"777777777777","777777777777","777777777777",0,0
47,470071,1,1,1,11,2,8,21,39,0,1,0,47,1,20,39,20039,4,2011,"KL1TD5DE8BB1","K","L","1","T","D","5","D","E","8","B","B","1",0,0,0,"000000000","00000000000",0,0,0,1,0,0,0,0,0,0,0,998,0,0,0,12,6,2,39,0,0,0,1,47,37025,6,1,0,0,3,3,69,210,2,0,0,2,1,7,2011,10,2015,0,0,0,0,0,5,3,55,1,6,2,1,0,0,1,12,99,1,4,6,"777777777777","777777777777","777777777777",1,0
47,470072,1,2,1,7,2,13,50,12,6,1,0,47,1,12,17,12017,4,2002,"1FAFP56S12G2","1","F","A","F","P","5","6","S","1","2","G","2",0,0,0,"000000000","00000000000",0,0,0,1,0,0,0,0,0,0,0,998,0,0,0,9,6,2,12,0,0,0,1,47,38255,6,1,0,0,3,0,63,105,0,0,0,0,0,0,0,0,0,0,38,0,0,0,1,3,30,1,1,2,1,20,3,11,15,99,1,1,82,"777777777777","777777777777","777777777777",1,0
47,470072,2,2,1,7,2,13,50,12,6,1,0,47,2,59,31,59031,4,2001,"JT8BF28G2103","J","T","8","B","F","2","8","G","2","1","0","3",0,0,0,"000000000","00000000000",0,0,0,1,0,0,0,0,0,0,0,998,0,0,0,12,6,2,12,0,0,0,1,47,38237,1,1,0,0,2,0,69,175,0,5,0,0,0,5,2013,8,2013,0,0,0,0,0,2,2,65,1,1,2,1,0,0,1,67,6,1,2,83,"777777777777","777777777777","777777777777",0,0
47,470073,1,1,1,11,2,16,5,52,0,1,0,47,0,53,34,53034,6,2005,"KL5JD66Z05K1","K","L","5","J","D","6","6","Z","0","5","K","1",0,0,0,"000000000","00000000000",0,0,0,1,0,0,0,0,0,0,0,998,0,1,5,12,6,2,1,0,0,0,1,47,37334,6,1,0,0,3,0,71,175,0,0,0,2,1,5,2012,11,2012,0,89,0,0,0,1,2,55,1,1,2,1,0,0,1,13,99,1,4,1,"777777777777","777777777777","777777777777",1,0
47,470074,1,1,1,10,2,4,30,30,0,1,0,47,1,13,1,13001,4,2003,"1LNHM82W03Y6","1","L","N","H","M","8","2","W","0","3","Y","6",0,0,0,"000000000","00000000000",0,0,0,1,0,0,0,0,0,0,0,998,0,0,0,10,6,2,30,0,0,0,1,28,38125,6,1,0,0,3,0,69,150,98,0,0,0,0,0,0,0,0,4,6,0,0,0,1,2,45,2,2,2,1,0,0,14,12,99,1,4,6,"777777777777","777777777777","777777777777",1,0
47,470075,1,2,2,9,2,17,3,12,6,1,0,47,2,37,31,37031,4,2002,"1HGES15522L0","1","H","G","E","S","1","5","5","2","2","L","0",0,0,0,"000000000","00000000000",0,0,0,1,0,0,0,0,0,0,0,998,0,1,5,82,6,2,12,0,0,0,1,47,38506,1,1,0,0,2,0,75,275,0,0,0,0,0,0,0,0,0,0,38,0,0,0,2,3,55,1,1,2,2,0,0,11,15,99,1,1,68,"777777777777","777777777777","777777777777",2,0
47,470075,2,2,1,9,2,17,3,12,6,1,0,47,3,85,881,85881,66,2015,"1XKDD49X9FJ4","1","X","K","D","D","4","9","X","9","F","J","4",1,1,57,"00907272","5700907272",3,6,2,2,2,1203,3,1,0,0,0,998,0,0,0,12,4,3,12,0,0,0,1,47,38501,6,1,6,1,3,0,73,200,0,0,0,0,0,0,0,0,0,0,0,0,0,0,2,2,55,1,1,2,2,0,0,1,62,99,1,1,69,"1HLA3A7BXP7H","777777777777","777777777777",0,0
47,470076,1,2,1,13,2,12,30,12,6,1,0,47,1,37,31,37031,2,1994,"1HGEJ1133RL0","1","H","G","E","J","1","1","3","3","R","L","0",0,0,0,"000000000","00000000000",0,0,0,1,0,0,0,0,0,0,0,998,0,0,0,3,6,2,12,0,0,0,1,47,37918,6,2,0,0,3,1,67,155,0,0,0,0,0,0,0,0,0,0,28,58,0,0,1,2,40,1,1,2,1,0,0,1,10,99,4,2,64,"777777777777","777777777777","777777777777",1,0
47,470076,2,2,1,13,2,12,30,12,6,1,0,47,1,20,481,20481,31,2002,"2GCEK19TX213","2","G","C","E","K","1","9","T","X","2","1","3",0,0,0,"000000000","00000000000",0,0,0,1,0,0,0,0,0,0,0,998,0,0,0,12,6,2,12,0,0,0,1,47,37938,6,1,0,0,3,1,70,195,0,0,0,0,0,0,0,0,0,0,0,0,0,0,1,2,40,1,1,2,1,0,0,1,62,1,1,1,65,"777777777777","777777777777","777777777777",0,0
47,470077,1,3,3,12,2,13,37,12,6,1,0,55,1,20,2,20002,4,2012,"2G1WB5E36C11","2","G","1","W","B","5","E","3","6","C","1","1",0,0,0,"000000000","00000000000",0,0,0,1,0,0,0,0,0,0,0,998,0,0,0,3,6,2,12,0,0,0,1,55,53569,6,1,0,0,3,3,72,160,0,0,0,0,0,0,0,0,0,0,38,0,0,0,2,3,50,1,1,2,2,1,3,11,15,99,1,2,82,"777777777777","777777777777","777777777777",2,0
47,470077,2,3,2,12,2,13,37,12,6,1,0,47,0,12,422,12422,15,2009,"1FMFU16529EB","1","F","M","F","U","1","6","5","2","9","E","B",0,0,0,"000000000","00000000000",0,0,0,1,0,0,0,0,0,0,0,998,0,0,0,12,6,2,12,0,0,0,1,47,37871,6,1,0,0,3,0,71,160,0,0,0,3,0,3,2011,5,2013,0,0,0,0,0,2,4,50,1,1,2,2,1,3,1,62,99,1,1,83,"777777777777","777777777777","777777777777",0,0
47,470077,3,3,1,12,2,13,37,12,6,1,0,47,2,37,31,37031,4,2006,"1HGFA16566L0","1","H","G","F","A","1","6","5","6","6","L","0",0,0,0,"000000000","00000000000",0,0,0,1,0,0,0,0,0,0,0,0,0,0,0,11,6,2,12,0,0,0,1,47,37381,6,1,0,0,3,0,65,155,0,0,0,1,0,12,2013,12,2013,0,0,0,0,0,1,3,30,1,1,2,2,1,3,5,67,99,1,1,98,"777777777777","777777777777","777777777777",0,0
47,470078,1,1,2,16,2,10,15,14,0,1,0,5,2,7,482,7482,31,2002,"1D7HA16K02J2","1","D","7","H","A","1","6","K","0","2","J","2",0,0,0,"000000000","00000000000",0,0,0,1,0,0,0,0,0,0,0,998,0,0,0,12,6,2,14,0,0,0,1,5,72324,6,1,0,0,3,0,69,199,0,0,0,0,0,0,0,0,0,0,0,0,0,0,2,3,50,1,1,2,2,40,3,1,9,99,2,4,98,"777777777777","777777777777","777777777777",1,0
47,470079,1,1,1,28,1,15,9,35,0,1,0,47,2,18,22,18022,4,2005,"2G4WC5629512","2","G","4","W","C","5","6","2","9","5","1","2",0,0,0,"000000000","00000000000",0,0,0,1,0,0,0,0,0,0,0,998,0,1,5,12,6,2,1,0,0,0,1,47,37880,6,1,0,0,3,3,71,165,1,0,0,0,0,8,2014,8,2014,0,0,0,0,0,1,2,45,3,1,2,1,0,0,14,13,99,1,4,1,"777777777777","777777777777","777777777777",1,0
47,470080,1,2,2,14,2,2,45,12,6,1,0,47,2,20,431,20431,16,1993,"1GNEC16K8PJ4","1","G","N","E","C","1","6","K","8","P","J","4",0,0,0,"000000000","00000000000",0,0,0,1,0,0,0,0,0,0,0,998,0,0,0,3,6,2,12,0,0,0,1,47,38572,6,1,0,0,3,0,71,210,0,0,0,0,0,0,0,0,0,0,0,0,0,0,2,2,70,1,1,2,1,0,0,1,9,99,2,6,64,"777777777777","777777777777","777777777777",2,1
47,470080,2,2,1,14,2,2,45,12,6,1,0,6,3,51,884,51884,66,2015,"4V4NC9EJ3FN9","4","V","4","N","C","9","E","J","3","F","N","9",1,1,57,"02274262","5702274262",3,6,1,1,0,0,0,0,0,0,0,998,0,0,0,12,6,2,12,0,0,0,1,4,90038,6,1,6,0,3,0,69,155,0,4,0,2,0,7,2011,9,2015,0,0,0,0,0,2,2,70,1,1,2,1,0,0,1,62,7,1,1,65,"1UYVS25318M3","777777777777","777777777777",0,0
47,470081,1,1,1,14,2,10,0,1,0,1,0,47,0,2,403,2403,14,1998,"1J4FY19S5WP7","1","J","4","F","Y","1","9","S","5","W","P","7",0,0,0,"000000000","00000000000",0,0,0,1,0,0,0,0,0,0,0,998,0,2,1,0,6,2,1,0,0,0,1,47,38058,6,1,0,0,3,0,60,145,1,0,0,1,0,5,2013,1,2014,0,58,0,0,0,1,2,55,1,1,2,4,0,0,1,5,7,3,6,98,"777777777777","777777777777","777777777777",1,0
47,470082,1,1,1,14,2,10,15,24,0,1,0,47,1,7,472,7472,31,2006,"1D7HE28K76S5","1","D","7","H","E","2","8","K","7","6","S","5",0,0,0,"000000000","00000000000",0,0,0,1,0,0,0,0,0,0,0,998,0,0,0,12,6,2,35,0,0,0,1,47,38040,6,1,0,0,3,0,69,180,0,0,0,0,0,0,0,0,0,0,58,0,0,0,3,2,65,1,5,2,4,0,0,1,5,99,2,4,2,"777777777777","777777777777","777777777777",1,0
47,470083,1,1,1,14,2,20,30,42,0,1,0,21,1,35,47,35047,4,2008,"1N4AL21E38C2","1","N","4","A","L","2","1","E","3","8","C","2",0,0,0,"000000000","00000000000",0,0,0,1,0,0,0,0,0,0,0,998,0,1,5,9,6,2,42,0,0,0,1,47,37010,6,1,0,0,3,0,66,151,0,0,0,0,0,0,0,0,0,4,0,0,0,0,1,2,45,1,1,2,4,0,0,1,12,99,3,4,6,"777777777777","777777777777","777777777777",1,0
47,470084,1,2,2,14,1,20,3,12,2,1,0,47,1,35,47,35047,4,2001,"1N4DL01D41C1","1","N","4","D","L","0","1","D","4","1","C","1",0,0,0,"000000000","00000000000",0,0,0,1,0,0,0,0,0,0,0,998,0,0,0,12,6,2,12,0,0,0,1,47,37217,6,1,0,0,3,0,63,136,0,0,0,0,0,0,0,0,0,0,0,0,0,0,1,2,40,1,1,2,1,0,0,1,62,99,1,1,51,"777777777777","777777777777","777777777777",1,0
47,470084,2,2,1,14,1,20,3,12,2,1,0,47,1,20,22,20022,4,2008,"1G1AK58F2871","1","G","1","A","K","5","8","F","2","8","7","1",0,0,0,"000000000","00000000000",0,0,0,1,0,0,0,0,0,0,0,998,0,0,0,12,6,2,12,0,0,0,1,47,37214,6,1,0,0,3,3,63,112,0,0,0,0,0,0,0,0,0,0,28,0,0,0,1,2,40,1,6,2,1,0,0,1,10,99,1,2,50,"777777777777","777777777777","777777777777",0,0
47,470085,1,1,1,13,2,11,56,42,0,1,0,47,1,7,482,7482,40,1995,"1B7HF16Z8SS3","1","B","7","H","F","1","6","Z","8","S","S","3",0,0,0,"000000000","00000000000",0,0,0,1,0,0,0,0,0,0,0,998,0,0,0,12,6,2,42,0,0,0,1,47,38326,6,1,0,0,3,1,72,216,0,0,0,0,0,0,0,0,0,0,0,0,0,0,1,2,45,1,1,2,1,0,0,1,12,99,1,4,6,"777777777777","777777777777","777777777777",1,0
47,470086,1,1,3,11,2,99,99,1,0,1,0,47,1,2,403,2403,14,1997,"1J4FY29PXVP5","1","J","4","F","Y","2","9","P","X","V","P","5",0,0,0,"000000000","00000000000",0,0,0,1,0,0,0,0,0,0,0,998,0,2,5,0,6,2,1,0,0,0,1,47,37329,6,1,0,0,3,0,71,200,0,0,0,0,0,0,0,0,0,9,99,99,99,99,1,2,25,1,2,4,4,0,0,1,12,99,9,4,6,"777777777777","777777777777","777777777777",1,1
47,470087,1,2,2,19,2,21,5,12,6,1,0,92,0,20,481,20481,40,1997,"2GCEK19R8V11","2","G","C","E","K","1","9","R","8","V","1","1",0,0,0,"000000000","00000000000",0,0,0,1,0,0,0,0,0,0,0,998,0,0,0,12,6,2,12,0,0,0,1,5,72301,6,1,0,0,3,0,67,110,2,2,0,6,13,8,2012,9,2015,0,39,91,0,0,1,7,45,1,1,2,1,2,3,1,17,99,1,1,69,"777777777777","777777777777","777777777777",0,0
47,470087,2,2,2,19,2,21,5,12,6,1,0,47,1,18,7,18007,4,2001,"2G4WS52J8111","2","G","4","W","S","5","2","J","8","1","1","1",0,0,0,"000000000","00000000000",0,0,0,1,0,0,0,0,0,0,0,998,0,0,0,1,6,2,12,0,0,0,1,47,38128,2,1,0,0,2,0,62,130,0,4,0,0,1,2,2012,5,2015,0,0,0,0,0,1,7,45,1,1,2,1,2,3,11,63,99,1,1,68,"777777777777","777777777777","777777777777",1,1
47,470088,1,2,1,20,2,15,51,12,2,1,0,47,2,12,422,12422,15,2000,"1FMRU1763YLA","1","F","M","R","U","1","7","6","3","Y","L","A",0,0,0,"000000000","00000000000",0,0,0,1,0,0,0,0,0,0,0,998,0,0,0,12,6,2,12,0,0,0,1,47,37876,1,1,0,0,2,0,71,285,0,0,0,0,0,0,0,0,0,0,6,27,28,36,1,2,50,2,6,2,1,0,0,14,10,99,1,2,50,"777777777777","777777777777","777777777777",1,0
47,470088,2,2,2,20,2,15,51,12,2,1,0,47,1,20,2,20002,4,2000,"2G1WF52E9Y91","2","G","1","W","F","5","2","E","9","Y","9","1",0,0,0,"000000000","00000000000",0,0,0,1,0,0,0,0,0,0,0,998,0,0,0,12,6,2,12,0,0,0,1,47,37865,6,1,0,0,3,0,66,195,0,0,0,0,0,0,0,0,0,0,0,0,0,0,1,2,50,3,5,2,1,0,0,14,62,99,1,1,51,"777777777777","777777777777","777777777777",2,0
47,470089,1,1,1,21,2,3,0,42,0,1,0,47,2,39,37,39037,4,2011,"SAJWA0FBXBLS","S","A","J","W","A","0","F","B","X","B","L","S",0,0,0,"000000000","00000000000",0,0,0,1,0,0,0,0,0,0,0,998,0,1,5,12,6,2,42,0,0,0,1,47,38016,6,1,0,0,3,0,70,210,0,0,0,0,0,0,0,0,0,4,0,0,0,0,1,2,45,1,1,2,1,0,0,1,12,99,1,4,6,"777777777777","777777777777","777777777777",1,1
47,470090,1,3,1,14,2,12,38,12,6,1,0,47,1,7,482,7482,31,2015,"3C6UR5DJ2FG6","3","C","6","U","R","5","D","J","2","F","G","6",0,0,0,"000000000","00000000000",0,0,0,1,0,0,0,0,0,0,0,998,0,0,0,9,4,5,12,0,0,0,1,47,37040,6,1,0,0,3,1,69,200,0,1,0,1,0,8,2012,4,2013,0,38,39,89,0,1,2,30,1,5,2,2,20,3,11,15,99,1,1,82,"777777777777","777777777777","777777777777",0,0
47,470090,2,3,2,14,2,12,38,12,6,1,0,47,1,49,40,49040,4,1998,"4T1BG22K7WU2","4","T","1","B","G","2","2","K","7","W","U","2",0,0,0,"000000000","00000000000",0,0,0,1,0,0,0,0,0,0,0,998,2,0,0,12,6,2,12,0,0,0,1,47,37055,6,1,0,0,3,1,60,135,2,0,0,0,0,7,2011,11,2012,0,0,0,0,0,1,2,30,1,6,2,2,0,0,1,67,99,1,1,83,"777777777777","777777777777","777777777777",1,0
47,470090,3,3,1,14,2,12,38,12,6,1,0,47,3,23,481,23481,31,2005,"1GTEC14XX5Z1","1","G","T","E","C","1","4","X","X","5","Z","1",0,0,0,"000000000","00000000000",0,0,0,1,0,0,0,0,0,0,0,998,0,0,0,7,2,5,12,0,0,0,1,47,37015,6,1,0,0,3,0,70,150,0,0,0,0,0,0,0,0,0,0,0,0,0,0,1,2,30,1,5,2,2,0,0,1,62,7,1,1,98,"777777777777","777777777777","777777777777",0,0
47,470091,1,2,1,15,2,8,17,12,6,1,0,47,1,37,31,37031,4,2003,"1HGES26703L0","1","H","G","E","S","2","6","7","0","3","L","0",0,0,0,"000000000","00000000000",0,0,0,1,0,0,0,0,0,0,0,998,0,0,0,5,6,2,12,0,0,0,1,47,37779,6,1,0,0,3,0,63,150,0,0,0,0,0,0,0,0,0,4,28,58,87,0,1,2,45,3,1,2,4,0,0,14,6,99,4,2,64,"777777777777","777777777777","777777777777",1,0
47,470091,2,2,1,15,2,8,17,12,6,1,0,47,1,35,402,35402,14,2003,"5N1ED28Y53C6","5","N","1","E","D","2","8","Y","5","3","C","6",0,0,0,"000000000","00000000000",0,0,0,1,0,0,0,0,0,0,0,998,0,0,0,12,6,2,12,0,0,0,1,47,37721,6,1,0,0,3,1,70,185,1,0,0,0,0,3,2012,3,2012,0,0,0,0,0,1,2,45,1,1,2,4,0,0,1,62,99,1,1,65,"777777777777","777777777777","777777777777",0,0
47,470092,1,3,1,30,1,12,46,12,2,1,0,47,1,12,481,12481,31,2000,"2FTZF0738YCA","2","F","T","Z","F","0","7","3","8","Y","C","A",0,0,0,"000000000","00000000000",0,0,0,1,0,0,0,0,0,0,0,998,0,1,1,12,6,2,12,0,0,0,1,47,37029,6,1,0,0,3,0,66,125,0,0,0,0,0,0,0,0,0,0,28,0,0,0,0,0,0,0,0,0,0,0,0,11,10,99,9,2,84,"777777777777","777777777777","777777777777",1,0