"STATE","ST_CASE","VEH_NO","VE_FORMS","NUMOCCS","DAY","MONTH","HOUR","MINUTE","HARM_EV","MAN_COLL","UNITTYPE","HIT_RUN","REG_STAT","OWNER","MAKE","MODEL","MAK_MOD","BODY_TYP","MOD_YEAR","VIN","VIN_1","VIN_2","VIN_3","VIN_4","VIN_5","VIN_6","VIN_7","VIN_8","VIN_9","VIN_10","VIN_11","VIN_12","TOW_VEH","J_KNIFE","MCARR_I1","MCARR_I2","MCARR_ID","GVWR","V_CONFIG","CARGO_BT","HAZ_INV","HAZ_PLAC","HAZ_ID","HAZ_CNO","HAZ_REL","BUS_USE","SPEC_USE","EMER_USE","TRAV_SP","UNDERIDE","ROLLOVER","ROLINLOC","IMPACT1","DEFORMED","TOWED","M_HARM","VEH_SC1","VEH_SC2","FIRE_EXP","DR_PRES","L_STATE","DR_ZIP","L_STATUS","L_TYPE","CDL_STAT","L_ENDORS","L_COMPL","L_RESTRI","DR_HGT","DR_WGT","PREV_ACC","PREV_SUS","PREV_DWI","PREV_SPD","PREV_OTH","FIRST_MO","FIRST_YR","LAST_MO","LAST_YR","SPEEDREL","DR_SF1","DR_SF2","DR_SF3","DR_SF4","VTRAFWAY","VNUM_LAN","VSPD_LIM","VALIGN","VPROFILE","VPAVETYP","VSURCOND","VTRAFCON","VTCONT_F","P_CRASH1","P_CRASH2","P_CRASH3","PCRASH4","PCRASH5","ACC_TYPE","TRLR1VIN","TRLR2VIN","TRLR3VIN","DEATHS","DR_DRINK"
47,470167,1,2,4,11,3,17,25,12,6,1,0,47,1,37,31,37031,4,2002,"2HGES25832H5","2","H","G","E","S","2","5","8","3","2","H","5",0,0,0,"000000000","00000000000",0,0,0,1,0,0,0,0,0,0,0,998,0,0,0,12,6,2,12,0,0,0,1,47,37745,6,1,0,0,3,0,74,150,1,0,0,1,0,5,2011,3,2012,0,0,0,0,0,1,2,45,1,1,2,1,0,0,1,72,99,1,1,73,"777777777777","777777777777","777777777777",0,0
47,470167,2,2,1,11,3,17,25,12,6,1,0,92,0,76,739,76739,90,1998,"000000000000","0","0","0","0","0","0","0","0","0","0","0","0",0,0,0,"000000000","00000000000",0,0,0,1,0,0,0,0,0,0,0,998,0,9,5,9,6,5,12,0,0,0,1,47,37745,6,1,0,0,3,0,73,173,0,0,0,1,0,9,2015,9,2015,0,18,38,0,0,0,0,0,0,0,0,0,0,0,11,15,99,1,7,72,"777777777777","777777777777","777777777777",1,0
47,470168,1,1,2,25,3,16,27,24,0,1,0,93,1,72,706,72706,80,1988,"1HD1FAL11JY5","1","H","D","1","F","A","L","1","1","J","Y","5",0,0,0,"000000000","00000000000",0,0,0,1,0,0,0,0,0,0,0,998,0,0,0,1,6,2,24,0,0,0,1,13,30742,6,1,0,0,3,0,73,200,98,0,0,0,0,0,0,0,0,0,0,0,0,0,1,4,45,3,6,2,1,0,0,14,60,98,9,4,3,"777777777777","777777777777","777777777777",1,1
47,470169,1,1,1,20,3,9,0,42,0,1,0,47,1,12,3,12003,2,2013,"1ZVBP8CF1D52","1","Z","V","B","P","8","C","F","1","D","5","2",0,0,0,"000000000","00000000000",0,0,0,1,0,0,0,0,0,0,0,998,0,0,0,12,6,2,42,0,0,0,1,47,37334,6,1,0,0,3,1,68,225,0,0,0,0,0,0,0,0,0,0,0,0,0,0,1,2,45,3,1,2,1,0,0,14,13,1,1,4,1,"777777777777","777777777777","777777777777",1,0
47,470170,1,1,1,13,3,21,57,59,0,1,0,47,2,37,705,37705,80,2014,"JH2RC6303EK0","J","H","2","R","C","6","3","0","3","E","K","0",0,0,0,"000000000","00000000000",0,0,0,1,0,0,0,0,0,0,0,998,0,0,0,12,6,2,59,0,0,0,1,47,38362,6,1,4,0,3,0,71,170,0,0,0,0,0,0,0,0,0,0,0,0,0,0,6,1,40,2,5,2,2,98,3,14,12,99,1,4,6,"777777777777","777777777777","777777777777",1,1
47,470172,1,1,2,22,3,12,0,53,0,1,0,47,1,23,402,23402,14,2014,"2GKALMEK3E62","2","G","K","A","L","M","E","K","3","E","6","2",0,0,0,"000000000","00000000000",0,0,0,1,0,0,0,0,0,0,0,998,0,0,0,12,6,2,42,0,0,0,1,47,38541,6,1,0,0,3,0,62,125,1,0,0,0,0,5,2014,5,2014,0,6,0,0,0,1,2,45,1,3,2,1,0,0,1,13,99,1,4,1,"777777777777","777777777777","777777777777",1,0
47,470173,1,1,1,26,3,22,25,43,0,1,0,28,1,2,403,2403,14,2015,"1C4AJWAG3FL5","1","C","4","A","J","W","A","G","3","F","L","5",0,0,0,"000000000","00000000000",0,0,0,1,0,0,0,0,0,0,0,998,0,1,1,1,6,2,1,0,0,0,1,28,38852,6,1,0,0,3,0,76,200,98,0,0,0,0,0,0,0,0,0,0,0,0,0,1,2,45,3,1,2,1,0,0,14,13,99,1,4,1,"777777777777","777777777777","777777777777",1,1
47,470174,1,2,1,27,3,21,0,8,0,1,1,99,9,99,999,99999,99,9999,"999999999999","9","9","9","9","9","9","9","9","9","9","9","9",0,0,0,"000000000","00000000000",0,0,0,1,0,0,0,0,0,0,0,998,0,0,0,12,9,5,8,0,0,0,1,99,99999,9,9,99,9,9,9,999,999,99,99,99,99,99,99,9999,99,9999,9,99,99,99,99,5,5,40,1,1,2,1,0,0,1,80,99,1,9,13,"777777777777","777777777777","777777777777",0,0
47,470174,2,2,1,27,3,21,0,8,0,1,0,47,1,12,37,12037,4,2014,"1FADP3F29EL3","1","F","A","D","P","3","F","2","9","E","L","3",0,0,0,"000000000","00000000000",0,0,0,1,0,0,0,0,0,0,0,998,0,0,0,5,9,5,12,0,0,0,1,47,37938,6,1,0,0,3,0,72,142,0,0,0,0,0,0,0,0,0,0,0,0,0,0,5,5,40,1,1,2,1,0,0,1,61,99,1,1,98,"777777777777","777777777777","777777777777",0,0
47,470175,1,1,1,29,3,13,15,35,0,1,0,47,1,41,50,41050,4,2004,"1YVFP80D045N","1","Y","V","F","P","8","0","D","0","4","5","N",0,0,0,"000000000","00000000000",0,0,0,1,0,0,0,0,0,0,0,998,0,0,0,10,6,2,42,0,0,0,1,47,37801,6,1,0,0,3,3,65,115,0,0,0,1,0,3,2012,3,2012,3,6,0,0,0,1,2,35,1,1,2,1,0,0,1,12,99,1,4,6,"777777777777","777777777777","777777777777",1,0
47,470176,1,1,1,30,3,99,99,1,0,1,0,47,2,12,401,12401,14,1995,"1FMDU34X7SUB","1","F","M","D","U","3","4","X","7","S","U","B",0,0,0,"000000000","00000000000",0,0,0,1,0,0,0,0,0,0,0,998,0,2,9,0,6,2,1,0,0,0,1,47,38362,6,1,0,0,3,0,70,150,2,0,0,0,1,7,2011,6,2012,0,58,0,0,0,1,2,30,3,1,2,1,0,0,14,6,6,9,9,98,"777777777777","777777777777","777777777777",1,1
47,470177,1,2,1,16,3,8,42,12,1,1,0,47,1,37,402,37402,14,2008,"JHLRE487X8C0","J","H","L","R","E","4","8","7","X","8","C","0",0,0,0,"000000000","00000000000",0,0,0,1,0,0,0,0,0,0,0,39,0,0,0,12,6,2,12,0,0,0,1,47,37013,6,1,0,0,3,1,65,125,0,0,0,0,0,0,0,0,0,0,0,0,0,0,5,6,45,1,2,2,1,0,0,1,61,99,1,1,32,"777777777777","777777777777","777777777777",0,0
47,470177,2,2,1,16,3,8,42,12,1,1,0,47,1,98,703,98703,80,2014,"LC2D2H124EC1","L","C","2","D","2","H","1","2","4","E","C","1",0,0,0,"000000000","00000000000",0,0,0,1,0,0,0,0,0,0,0,998,0,0,0,6,6,2,12,0,0,0,1,47,37217,6,1,0,0,3,0,72,187,0,0,0,0,0,0,0,0,0,0,27,38,0,0,5,6,45,1,2,2,1,0,0,15,10,99,1,2,32,"777777777777","777777777777","777777777777",1,0
47,470178,1,1,1,26,3,1,0,53,0,1,0,47,1,49,401,49401,14,1998,"JT3HN87R0W90","J","T","3","H","N","8","7","R","0","W","9","0",0,0,0,"000000000","00000000000",0,0,0,1,0,0,0,0,0,0,0,998,0,0,0,12,6,2,42,0,0,0,1,47,37866,2,1,0,0,2,0,74,175,2,4,1,0,0,2,2014,5,2015,0,0,0,0,0,1,2,35,1,1,2,1,0,0,1,13,6,9,4,1,"777777777777","777777777777","777777777777",1,0
47,470179,1,1,3,28,3,2,15,30,0,1,1,47,2,12,481,12481,31,2006,"1FTRF12276NA","1","F","T","R","F","1","2","2","7","6","N","A",0,0,0,"000000000","00000000000",0,0,0,1,0,0,0,0,0,0,0,998,0,1,5,12,6,2,1,0,0,1,1,99,99999,9,9,99,0,9,9,999,999,99,99,99,99,99,99,9999,99,9999,4,36,37,58,0,1,2,30,3,1,2,2,0,0,14,6,6,9,4,7,"777777777777","777777777777","777777777777",1,0
47,470180,1,2,1,29,3,13,18,12,2,1,0,47,2,63,34,63034,4,2013,"5XXGN4A72DG1","5","X","X","G","N","4","A","7","2","D","G","1",0,0,0,"000000000","00000000000",0,0,0,1,0,0,0,0,0,0,0,998,0,0,0,12,6,2,12,0,0,0,1,47,37909,1,1,0,0,2,0,70,175,0,1,0,1,0,6,2014,7,2015,0,28,0,0,0,5,5,40,1,1,2,1,0,0,1,10,99,1,2,50,"777777777777","777777777777","777777777777",0,1
47,470180,2,2,1,29,3,13,18,12,2,1,0,47,1,49,46,49046,5,2009,"JTDKB20U1978","J","T","D","K","B","2","0","U","1","9","7","8",0,0,0,"000000000","00000000000",0,0,0,1,0,0,0,0,0,0,0,998,0,0,0,12,6,2,12,32,0,0,1,47,37931,6,1,0,0,3,0,65,180,0,0,0,0,0,0,0,0,0,0,0,0,0,0,5,5,40,1,1,2,1,0,0,1,62,99,1,1,51,"777777777777","777777777777","777777777777",1,0
47,470181,1,1,2,30,3,16,38,1,0,1,0,47,1,12,401,12401,14,1998,"1FMZU32E8WUA","1","F","M","Z","U","3","2","E","8","W","U","A",0,0,0,"000000000","00000000000",0,0,0,1,0,0,0,0,0,0,0,998,0,2,1,0,6,2,1,0,0,0,1,47,37641,6,1,0,0,3,0,69,153,0,0,0,0,0,0,0,0,0,0,0,0,0,0,1,2,30,2,6,2,1,0,0,14,13,99,2,6,98,"777777777777","777777777777","777777777777",1,0
47,470182,1,2,4,28,2,7,30,12,6,1,0,47,1,35,402,35402,14,2005,"5N1AN08U75C6","5","N","1","A","N","0","8","U","7","5","C","6",0,0,0,"000000000","00000000000",0,0,0,1,0,0,0,0,0,0,0,998,0,0,0,10,6,2,12,0,0,0,1,47,38111,0,0,0,0,0,0,999,999,0,0,0,0,0,0,0,0,0,0,39,0,0,0,1,5,40,1,1,2,1,2,3,1,66,99,1,1,89,"777777777777","777777777777","777777777777",1,0
47,470182,2,2,1,28,2,7,30,12,6,1,0,47,0,55,35,55035,4,2008,"KMHDU46DX8U5","K","M","H","D","U","4","6","D","X","8","U","5",0,0,0,"000000000","00000000000",0,0,0,1,0,0,0,0,0,0,0,998,0,0,0,12,6,2,12,0,0,0,1,47,38141,2,1,0,0,2,0,67,190,0,0,0,0,0,0,0,0,0,0,39,0,0,0,1,5,40,1,1,2,1,2,3,1,17,99,1,1,88,"777777777777","777777777777","777777777777",0,0
47,470183,1,2,1,15,3,17,36,12,2,1,0,47,1,72,706,72706,80,2007,"1HD1FS4197Y7","1","H","D","1","F","S","4","1","9","7","Y","7",0,0,0,"000000000","00000000000",0,0,0,1,0,0,0,0,0,0,0,998,0,0,0,12,6,2,12,0,0,0,1,47,37865,6,1,0,0,3,0,69,175,0,0,0,0,0,0,0,0,0,0,33,0,0,0,1,2,45,3,1,2,1,0,0,6,10,99,1,2,62,"777777777777","777777777777","777777777777",1,1
47,470183,2,2,1,15,3,17,36,12,2,1,0,47,1,7,482,7482,31,2000,"3B7HC13Y2YM2","3","B","7","H","C","1","3","Y","2","Y","M","2",0,0,0,"000000000","00000000000",0,0,0,1,0,0,0,0,0,0,0,998,0,0,0,12,6,2,12,0,0,0,1,47,37865,6,1,0,0,3,1,79,195,0,0,0,0,0,0,0,0,0,0,0,0,0,0,1,2,45,1,1,2,1,0,0,1,54,99,1,1,62,"777777777777","777777777777","777777777777",0,0
47,470184,1,1,1,30,3,15,40,42,0,1,0,47,2,22,20,22020,2,1994,"1G2WJ12M0RF2","1","G","2","W","J","1","2","M","0","R","F","2",0,0,0,"000000000","00000000000",0,0,0,1,0,0,0,0,0,0,0,998,0,0,0,11,6,2,42,0,0,0,1,47,37172,6,1,0,0,3,0,63,130,0,0,0,0,0,0,0,0,0,0,0,0,0,0,1,2,45,2,6,2,1,0,0,14,6,99,1,4,6,"777777777777","777777777777","777777777777",1,1
47,470185,1,1,1,31,3,22,10,38,0,1,0,47,1,73,706,73706,80,1999,"JKAZXDP10XA0","J","K","A","Z","X","D","P","1","0","X","A","0",0,0,0,"000000000","00000000000",0,0,0,1,0,0,0,0,0,0,0,998,0,0,0,12,6,2,38,0,0,0,1,47,37807,6,1,0,0,2,3,71,165,0,0,0,2,1,1,2013,2,2015,0,89,0,0,0,1,2,45,3,6,2,2,0,0,14,6,99,1,4,1,"777777777777","777777777777","777777777777",1,0
47,470186,1,1,3,28,3,23,27,42,0,1,0,47,2,7,24,7024,4,2007,"2B3KA43G17H8","2","B","3","K","A","4","3","G","1","7","H","8",0,0,0,"000000000","00000000000",0,0,0,1,0,0,0,0,0,0,0,998,0,0,0,12,6,2,42,0,0,0,1,47,38486,6,1,0,0,3,0,77,170,0,0,0,0,0,0,0,0,0,4,0,0,0,0,1,2,45,3,5,2,1,0,0,14,13,1,1,4,1,"777777777777","777777777777","777777777777",1,1
47,470187,1,1,1,31,3,17,34,30,0,1,0,47,1,63,32,63032,4,2006,"KNADE123X661","K","N","A","D","E","1","2","3","X","6","6","1",0,0,0,"000000000","00000000000",0,0,0,1,0,0,0,0,0,0,0,998,0,0,0,2,6,2,30,0,0,0,1,47,38401,6,1,0,0,3,0,71,210,0,0,0,0,0,0,0,0,0,9,99,99,99,99,1,2,55,1,2,2,2,7,3,1,8,99,9,4,1,"777777777777","777777777777","777777777777",1,0
47,470188,1,2,1,25,3,9,52,12,6,1,0,47,2,55,35,55035,5,2006,"KMHDN56D96U1","K","M","H","D","N","5","6","D","9","6","U","1",0,0,0,"000000000","00000000000",0,0,0,1,0,0,0,0,0,0,0,998,0,0,0,12,6,2,12,0,0,0,1,47,37055,6,1,0,0,3,0,70,190,2,0,0,0,1,1,2013,7,2013,0,0,0,0,0,5,3,45,1,1,2,1,0,0,1,62,99,1,1,69,"777777777777","777777777777","777777777777",0,0
47,470188,2,2,1,25,3,9,52,12,6,1,0,47,1,12,471,12471,30,1995,"1FTCR10X9SUB","1","F","T","C","R","1","0","X","9","S","U","B",0,0,0,"000000000","00000000000",0,0,0,1,0,0,0,0,0,0,0,998,0,1,1,3,6,2,12,0,0,0,1,47,37055,6,1,0,0,3,1,67,189,1,0,0,0,0,4,2011,4,2011,0,38,0,0,0,5,3,45,1,1,2,1,0,0,11,15,99,1,1,68,"777777777777","777777777777","777777777777",1,0
47,470189,1,1,1,1,4,6,53,34,0,1,0,47,2,2,403,2403,14,2002,"1J4FA59S02P7","1","J","4","F","A","5","9","S","0","2","P","7",0,0,0,"000000000","00000000000",0,0,0,1,0,0,0,0,0,0,0,998,0,1,5,99,6,2,1,0,0,0,1,47,37345,6,1,0,0,3,1,66,115,0,0,0,0,0,0,0,0,0,9,99,99,99,99,3,2,55,1,6,2,2,0,0,1,13,99,1,4,1,"777777777777","777777777777","777777777777",1,0
47,470190,1,1,1,24,3,5,57,8,0,1,0,47,3,7,880,7880,67,2016,"3C7WRKAL5GC1","3","C","7","W","R","K","A","L","5","G","C","1",5,1,57,"00909371","5700909371",2,1,12,1,0,0,0,0,0,0,0,998,0,0,0,12,4,3,8,0,0,0,1,47,38117,6,1,0,0,3,0,73,175,0,0,0,0,0,0,0,0,0,0,0,0,0,0,3,4,55,1,1,2,1,0,0,1,80,99,1,1,13,"777777777777","777777777777","777777777777",0,0
47,470191,1,2,1,25,3,15,22,12,2,1,0,47,1,6,441,6441,20,2001,"2C4GP54L11R1","2","C","4","G","P","5","4","L","1","1","R","1",0,0,0,"000000000","00000000000",0,0,0,1,0,0,0,0,0,0,0,998,0,0,0,12,6,2,12,0,0,0,1,47,37098,6,1,0,0,3,0,76,215,2,0,0,0,1,2,2015,1,2016,0,28,0,0,0,1,2,55,2,5,2,1,0,0,14,11,99,1,2,50,"777777777777","777777777777","777777777777",1,1
47,470191,2,2,1,25,3,15,22,12,2,1,0,17,3,85,881,85881,63,2005,"1NKDLU9X75J0","1","N","K","D","L","U","9","X","7","5","J","0",0,0,57,"00387102","5700387102",3,2,1,1,0,0,0,0,0,0,0,998,7,0,0,12,6,2,12,0,0,0,1,47,38341,6,1,6,0,3,1,66,195,0,0,0,0,1,7,2015,7,2015,0,0,0,0,0,1,2,55,3,6,2,1,0,0,14,63,99,1,1,51,"777777777777","777777777777","777777777777",0,0
47,470192,1,1,1,3,4,21,17,8,0,1,0,47,2,7,24,7024,4,2006,"2B3KA53H36H2","2","B","3","K","A","5","3","H","3","6","H","2",0,0,0,"000000000","00000000000",0,0,0,1,0,0,0,0,0,0,0,998,0,0,0,12,6,2,8,0,0,0,1,47,37388,6,1,0,0,3,3,62,135,0,0,0,0,0,0,0,0,0,0,81,0,0,0,5,5,55,1,1,2,1,0,0,1,80,16,1,1,13,"777777777777","777777777777","777777777777",0,0
47,470193,1,2,1,4,4,10,40,12,6,1,0,47,1,35,47,35047,4,2010,"1N4AL2AP1AC1","1","N","4","A","L","2","A","P","1","A","C","1",0,0,0,"000000000","00000000000",0,0,0,1,0,0,0,0,0,0,0,17,0,1,1,9,6,2,12,0,0,0,1,47,37211,6,1,0,0,3,0,67,167,1,0,0,0,0,3,2016,3,2016,9,99,99,99,99,0,0,0,0,0,0,0,0,0,11,15,99,1,7,82,"777777777777","777777777777","777777777777",1,0
47,470193,2,2,1,4,4,10,40,12,6,1,0,47,4,69,38,69038,1,2006,"ZHWGU22T86LA","Z","H","W","G","U","2","2","T","8","6","L","A",0,0,0,"000000000","00000000000",0,0,0,1,0,0,0,0,0,0,0,68,0,0,0,12,6,2,12,0,0,0,1,47,37211,6,1,0,0,3,0,72,205,1,0,0,0,0,3,2016,3,2016,3,0,0,0,0,5,5,40,1,2,2,1,0,0,1,67,99,1,1,83,"777777777777","777777777777","777777777777",0,0
47,470194,1,2,1,5,4,9,4,21,0,1,0,47,1,62,401,62401,14,2003,"SALTW16473A7","S","A","L","T","W","1","6","4","7","3","A","7",0,0,0,"000000000","00000000000",0,0,0,1,0,0,0,0,0,0,0,998,0,0,0,12,6,2,21,0,0,0,1,47,37932,6,1,0,0,3,3,76,225,0,0,0,1,0,9,2014,9,2014,0,0,0,0,0,3,2,55,3,1,2,1,0,0,14,13,99,1,4,1,"777777777777","777777777777","777777777777",1,0
47,470194,2,2,1,5,4,9,4,21,0,1,0,47,1,42,48,42048,4,2006,"WDBUF56J46A7","W","D","B","U","F","5","6","J","4","6","A","7",0,0,0,"000000000","00000000000",0,0,0,1,0,0,0,0,0,0,0,998,0,0,0,12,4,5,54,0,0,0,1,47,37932,6,1,0,0,3,0,67,185,0,0,0,0,0,0,0,0,0,0,0,0,0,0,3,2,55,3,1,2,1,0,0,14,98,99,1,1,98,"777777777777","777777777777","777777777777",0,0
47,470195,1,1,1,31,3,22,40,42,0,1,0,28,2,12,17,12017,4,1999,"1FAFP53U4XA1","1","F","A","F","P","5","3","U","4","X","A","1",0,0,0,"000000000","00000000000",0,0,0,1,0,0,0,0,0,0,0,998,0,0,0,12,6,2,42,0,0,0,1,28,38834,1,1,0,0,2,0,71,145,98,1,0,0,1,9,2015,9,2015,0,0,0,0,0,1,2,35,3,1,2,2,0,0,14,13,99,1,4,1,"777777777777","777777777777","777777777777",1,0
47,470196,1,1,2,31,3,12,10,38,0,1,0,47,2,20,22,20022,4,2010,"1G1AD5F58A71","1","G","1","A","D","5","F","5","8","A","7","1",0,0,0,"000000000","00000000000",0,0,0,1,0,0,0,0,0,0,0,998,0,1,5,12,6,2,2,0,0,1,1,47,38401,6,7,0,0,3,2,65,145,0,0,0,0,0,0,0,0,0,9,73,0,0,0,1,2,55,2,6,2,1,0,0,14,6,99,9,4,2,"777777777777","777777777777","777777777777",2,0
47,470198,1,2,1,7,4,19,0,12,6,1,0,47,1,76,706,76706,80,1998,"JYARN02E3WA0","J","Y","A","R","N","0","2","E","3","W","A","0",0,0,0,"000000000","00000000000",0,0,0,1,0,0,0,0,0,0,0,998,0,0,0,12,6,2,12,0,0,0,1,47,37127,6,1,0,0,3,3,71,250,0,0,0,0,0,0,0,0,0,3,6,36,0,0,1,2,45,1,1,2,2,0,0,1,62,99,1,1,69,"777777777777","777777777777","777777777777",1,0
47,470198,2,2,1,7,4,19,0,12,6,1,0,47,1,20,481,20481,31,2003,"1GCEK19T43Z2","1","G","C","E","K","1","9","T","4","3","Z","2",0,0,0,"000000000","00000000000",0,0,0,1,0,0,0,0,0,0,0,998,0,0,0,4,6,5,12,0,0,0,1,47,37128,6,1,0,0,3,3,68,200,1,0,0,0,0,9,2014,9,2014,0,38,0,0,0,1,2,45,1,1,2,2,0,0,11,15,99,1,2,68,"777777777777","777777777777","777777777777",0,0
47,470199,1,1,1,30,3,8,30,10,0,1,0,92,0,23,481,23481,31,1990,"1GTDK14K8LZ5","1","G","T","D","K","1","4","K","8","L","Z","5",0,0,0,"000000000","00000000000",0,0,0,1,0,0,0,0,0,0,0,998,0,1,5,3,6,2,10,0,0,0,1,47,38317,6,1,0,0,3,0,75,230,0,0,0,0,0,0,0,0,0,0,38,0,0,0,1,2,45,1,1,2,1,65,3,1,91,99,1,1,98,"777777777777","777777777777","777777777777",1,0
47,470200,1,1,1,6,4,4,20,42,0,1,0,47,1,41,45,41045,1,2002,"JM1NB353X202","J","M","1","N","B","3","5","3","X","2","0","2",0,0,0,"000000000","00000000000",0,0,0,1,0,0,0,0,0,0,0,998,0,0,0,1,6,2,42,0,0,0,1,47,37370,6,1,0,0,3,0,71,152,0,0,0,1,0,7,2014,7,2014,3,36,0,0,0,1,2,55,1,2,2,1,0,0,1,12,99,1,4,6,"777777777777","777777777777","777777777777",1,1
47,470201,1,1,2,7,4,18,27,34,0,1,0,47,2,20,16,20016,2,1997,"1G1JC1248V71","1","G","1","J","C","1","2","4","8","V","7","1",0,0,0,"000000000","00000000000",0,0,0,1,0,0,0,0,0,0,0,998,0,1,5,11,6,2,1,32,0,0,1,47,37342,6,1,0,0,3,0,65,160,2,0,0,0,0,3,2012,9,2015,0,0,0,0,0,1,2,55,1,1,2,1,0,0,1,12,99,1,4,6,"777777777777","777777777777","777777777777",1,0
47,470202,1,2,3,25,3,17,28,12,6,1,0,47,3,20,441,20441,20,2000,"1GNDM19W3YB1","1","G","N","D","M","1","9","W","3","Y","B","1",0,0,0,"000000000","00000000000",0,0,0,1,0,0,0,0,0,0,0,998,0,0,0,10,6,2,12,0,0,0,1,47,38579,6,1,6,0,3,0,73,170,0,0,0,0,0,0,0,0,0,0,38,0,0,0,0,0,0,0,0,0,0,0,0,11,15,99,1,7,82,"777777777777","777777777777","777777777777",1,0
47,470202,2,2,1,25,3,17,28,12,6,1,0,47,1,12,880,12880,67,2001,"1FTWW33F81EA","1","F","T","W","W","3","3","F","8","1","E","A",1,1,88,"888888888","88888888888",2,4,96,1,0,0,0,0,0,0,0,998,0,0,0,12,6,2,12,0,0,0,1,47,37166,6,1,6,0,3,0,69,174,0,0,0,0,0,0,0,0,0,0,0,0,0,0,1,2,55,1,1,2,1,0,0,1,72,99,1,1,83,"888888888888","777777777777","777777777777",0,0
47,470203,1,2,1,24,3,1,48,12,1,1,0,47,1,59,32,59032,4,2006,"JTHBN36F3650","J","T","H","B","N","3","6","F","3","6","5","0",0,0,0,"000000000","00000000000",0,0,0,1,0,0,0,0,0,0,0,998,0,0,0,12,6,2,12,0,0,0,1,47,38002,6,1,0,0,3,0,80,270,3,0,0,1,0,3,2015,1,2016,3,0,0,0,0,3,4,65,1,1,2,1,0,0,1,51,99,1,1,24,"777777777777","777777777777","777777777777",1,0
47,470203,2,2,1,24,3,1,48,12,1,1,0,93,3,84,881,84881,66,2013,"3HSDJSJR2DN2","3","H","S","D","J","S","J","R","2","D","N","2",1,1,57,"00011237","5700011237",3,6,1,1,0,0,0,0,0,0,0,998,0,0,0,6,2,5,12,0,0,0,1,47,38340,6,1,6,0,3,0,72,210,2,0,0,0,1,6,2011,8,2014,0,0,0,0,0,3,4,65,1,1,2,1,0,0,1,53,1,1,1,25,"888888888888","777777777777","777777777777",0,0
47,470204,1,1,2,9,4,4,20,53,0,1,0,47,1,37,402,37402,14,2002,"SHSRD78832U0","S","H","S","R","D","7","8","8","3","2","U","0",0,0,0,"000000000","00000000000",0,0,0,1,0,0,0,0,0,0,0,998,0,1,5,1,6,2,53,0,0,0,1,47,37722,6,1,0,0,3,3,70,150,0,0,0,0,0,0,0,0,0,5,91,0,0,0,1,2,45,3,6,2,1,0,0,14,13,99,1,4,1,"777777777777","777777777777","777777777777",1,1
47,470205,1,1,2,12,4,12,38,42,0,1,0,47,1,6,43,6043,4,2004,"1C3EL46T44N1","1","C","3","E","L","4","6","T","4","4","N","1",0,0,0,"000000000","00000000000",0,0,0,1,0,0,0,0,0,0,0,998,0,0,0,9,6,2,42,0,0,0,1,47,37663,6,1,0,0,3,0,64,145,0,0,0,0,0,0,0,0,0,9,99,99,99,99,1,2,35,1,1,2,2,0,0,1,13,99,3,4,2,"777777777777","777777777777","777777777777",1,0
47,470206,1,2,1,9,4,0,36,12,6,1,0,47,2,41,35,41035,4,2002,"JM1BJ2259205","J","M","1","B","J","2","2","5","9","2","0","5",0,0,0,"000000000","00000000000",0,0,0,1,0,0,0,0,0,0,0,998,0,0,0,2,6,2,12,0,0,0,1,47,38053,6,1,0,0,3,0,67,150,1,0,0,1,0,8,2013,2,2016,4,28,0,0,0,1,2,45,2,3,2,1,0,0,14,6,99,4,2,64,"777777777777","777777777777","777777777777",1,1
47,470206,2,2,1,9,4,0,36,12,6,1,0,47,2,20,403,20403,14,2004,"1GNES16S0461","1","G","N","E","S","1","6","S","0","4","6","1",0,0,0,"000000000","00000000000",0,0,0,1,0,0,0,0,0,0,0,998,0,0,0,11,6,2,12,0,0,0,1,47,38053,6,1,0,0,3,0,72,215,0,0,0,0,0,0,0,0,0,0,0,0,0,0,1,2,45,1,6,2,1,0,0,1,62,7,2,1,65,"777777777777","777777777777","777777777777",0,0
47,470207,1,1,4,10,4,18,1,1,0,1,0,47,2,52,46,52046,4,2003,"JA3AJ26EX3U0","J","A","3","A","J","2","6","E","X","3","U","0",0,0,0,"000000000","00000000000",0,0,0,1,0,0,0,0,0,0,0,998,0,2,5,0,6,2,1,0,0,0,1,47,37042,2,1,0,0,2,0,66,160,0,2,0,0,2,4,2011,2,2012,0,58,0,0,0,3,2,70,1,1,2,1,0,0,1,10,7,4,4,98,"777777777777","777777777777","777777777777",1,0
47,470208,1,1,1,19,3,21,23,1,0,1,0,47,1,72,706,72706,80,2006,"1HD1FFW176Y6","1","H","D","1","F","F","W","1","7","6","Y","6",0,0,0,"000000000","00000000000",0,0,0,1,0,0,0,0,0,0,0,998,0,0,0,0,6,2,1,0,0,0,1,47,37122,6,1,0,0,3,0,72,202,0,0,0,1,0,9,2013,9,2013,0,0,0,0,0,1,5,45,1,3,2,1,2,3,1,8,16,2,2,98,"777777777777","777777777777","777777777777",1,0
47,470209,1,1,1,21,3,5,59,30,0,1,0,47,1,20,471,20471,30,1996,"1GCCS19X2T81","1","G","C","C","S","1","9","X","2","T","8","1",0,0,0,"000000000","00000000000",0,0,0,1,0,0,0,0,0,0,0,998,0,0,0,12,6,2,30,0,0,0,1,47,37412,2,1,0,0,2,0,75,190,0,1,1,1,0,12,2012,2,2014,0,6,0,0,0,5,7,45,1,1,2,1,0,0,1,13,99,1,4,1,"777777777777","777777777777","777777777777",1,0