"STATE","ST_CASE","VEH_NO","VE_FORMS","NUMOCCS","DAY","MONTH","HOUR","MINUTE","HARM_EV","MAN_COLL","UNITTYPE","HIT_RUN","REG_STAT","OWNER","MAKE","MODEL","MAK_MOD","BODY_TYP","MOD_YEAR","VIN","VIN_1","VIN_2","VIN_3","VIN_4","VIN_5","VIN_6","VIN_7","VIN_8","VIN_9","VIN_10","VIN_11","VIN_12","TOW_VEH","J_KNIFE","MCARR_I1","MCARR_I2","MCARR_ID","GVWR","V_CONFIG","CARGO_BT","HAZ_INV","HAZ_PLAC","HAZ_ID","HAZ_CNO","HAZ_REL","BUS_USE","SPEC_USE","EMER_USE","TRAV_SP","UNDERIDE","ROLLOVER","ROLINLOC","IMPACT1","DEFORMED","TOWED","M_HARM","VEH_SC1","VEH_SC2","FIRE_EXP","DR_PRES","L_STATE","DR_ZIP","L_STATUS","L_TYPE","CDL_STAT","L_ENDORS","L_COMPL","L_RESTRI","DR_HGT","DR_WGT","PREV_ACC","PREV_SUS","PREV_DWI","PREV_SPD","PREV_OTH","FIRST_MO","FIRST_YR","LAST_MO","LAST_YR","SPEEDREL","DR_SF1","DR_SF2","DR_SF3","DR_SF4","VTRAFWAY","VNUM_LAN","VSPD_LIM","VALIGN","VPROFILE","VPAVETYP","VSURCOND","VTRAFCON","VTCONT_F","P_CRASH1","P_CRASH2","P_CRASH3","PCRASH4","PCRASH5","ACC_TYPE","TRLR1VIN","TRLR2VIN","TRLR3VIN","DEATHS","DR_DRINK"
47,470210,1,1,1,7,4,22,40,38,0,1,0,47,2,7,29,7029,4,2014,"1C3CDFBB0ED8","1","C","3","C","D","F","B","B","0","E","D","8",0,0,0,"000000000","00000000000",0,0,0,1,0,0,0,0,0,0,0,998,0,2,6,12,6,2,1,0,0,0,1,47,38080,2,1,0,0,2,0,72,200,0,0,0,0,0,0,0,0,0,0,0,0,0,0,1,2,55,1,1,2,1,0,0,1,13,99,1,4,1,"777777777777","777777777777","777777777777",1,0
47,470211,1,1,1,11,4,23,30,24,0,1,0,47,2,47,36,47036,4,2001,"YS3ED48EX130","Y","S","3","E","D","4","8","E","X","1","3","0",0,0,0,"000000000","00000000000",0,0,0,1,0,0,0,0,0,0,0,998,0,1,5,2,6,2,1,0,0,0,1,47,37879,2,1,0,0,2,0,71,150,0,0,0,0,0,0,0,0,0,3,36,0,0,0,1,2,55,3,1,2,2,0,0,14,13,99,1,4,1,"777777777777","777777777777","777777777777",1,0
47,470212,1,1,3,17,4,2,22,35,0,1,0,48,2,35,48,35048,2,2008,"JN1BZ34D28M7","J","N","1","B","Z","3","4","D","2","8","M","7",0,0,0,"000000000","00000000000",0,0,0,1,0,0,0,0,0,0,0,998,0,1,5,12,6,2,1,0,0,0,1,47,37013,6,2,0,0,3,2,70,220,0,0,0,0,0,0,0,0,0,3,36,51,52,58,2,2,55,1,6,2,1,0,0,1,13,6,9,4,6,"777777777777","777777777777","777777777777",1,0
47,470213,1,1,1,26,3,0,8,1,0,1,0,47,2,12,481,12481,31,2000,"1FTNX21F3YEE","1","F","T","N","X","2","1","F","3","Y","E","E",0,0,0,"000000000","00000000000",0,0,0,1,0,0,0,0,0,0,0,998,0,2,5,0,6,2,1,0,0,0,1,47,37711,6,1,0,0,3,0,77,175,0,0,0,0,0,0,0,0,0,0,6,36,0,0,1,2,30,1,1,2,1,0,0,1,9,16,4,4,7,"777777777777","777777777777","777777777777",1,1
47,470214,1,1,2,10,4,21,42,42,0,1,0,47,2,49,50,49050,3,2006,"JTKDE1772600","J","T","K","D","E","1","7","7","2","6","0","0",0,0,0,"000000000","00000000000",0,0,0,1,0,0,0,0,0,0,0,998,0,0,0,10,6,2,42,0,0,0,1,28,38671,6,1,0,0,3,0,64,115,98,0,0,0,0,0,0,0,0,3,6,36,58,0,3,2,65,1,1,2,1,0,0,1,13,99,1,4,1,"777777777777","777777777777","777777777777",2,1
47,470215,1,1,1,6,4,10,31,1,0,1,0,22,1,72,706,72706,80,2006,"1HD1FLW156Y7","1","H","D","1","F","L","W","1","5","6","Y","7",0,0,0,"000000000","00000000000",0,0,0,1,0,0,0,0,0,0,0,998,0,0,0,0,6,2,1,0,0,0,1,22,71115,6,1,0,0,3,1,75,264,0,0,0,0,0,0,0,0,0,0,0,0,0,0,1,2,55,3,5,2,1,0,0,14,13,6,1,4,1,"777777777777","777777777777","777777777777",1,0
47,470216,1,2,1,5,4,9,20,12,6,1,0,47,2,23,461,23461,21,2005,"1GDGG31V4519","1","G","D","G","G","3","1","V","4","5","1","9",0,0,0,"000000000","00000000000",0,0,0,1,0,0,0,0,0,0,0,998,0,1,1,12,6,2,2,0,0,1,1,47,38233,6,1,0,0,3,0,71,210,0,0,0,0,0,0,0,0,0,0,0,0,0,0,1,2,55,1,6,2,1,0,0,1,66,99,1,1,88,"777777777777","777777777777","777777777777",1,0
47,470216,2,2,3,5,4,9,20,12,6,1,0,47,2,18,2,18002,4,2000,"1G4HR54K8YU1","1","G","4","H","R","5","4","K","8","Y","U","1",0,0,0,"000000000","00000000000",0,0,0,1,0,0,0,0,0,0,0,998,0,0,0,9,6,2,2,0,0,1,1,47,38382,6,1,0,0,3,0,65,310,0,2,0,2,0,5,2014,11,2014,0,38,0,0,0,1,2,55,1,1,2,1,20,3,1,17,99,1,1,89,"777777777777","777777777777","777777777777",2,0
47,470217,1,1,1,9,4,22,20,42,0,1,0,1,1,12,471,12471,30,1998,"1FTYR10C5WUA","1","F","T","Y","R","1","0","C","5","W","U","A",0,0,0,"000000000","00000000000",0,0,0,1,0,0,0,0,0,0,0,998,0,0,0,12,6,2,42,0,0,1,1,1,35750,6,1,0,0,3,0,68,169,1,0,0,0,0,10,2015,10,2015,0,0,0,0,0,1,2,55,2,1,2,1,0,0,14,6,99,1,4,6,"777777777777","777777777777","777777777777",1,0
47,470218,1,1,3,9,4,22,59,30,0,1,0,47,2,35,401,35401,14,1995,"1N6HD16YXSC4","1","N","6","H","D","1","6","Y","X","S","C","4",0,0,0,"000000000","00000000000",0,0,0,1,0,0,0,0,0,0,0,998,0,1,6,4,6,2,1,0,0,0,1,47,37818,6,2,0,0,3,2,69,140,0,0,0,0,1,11,2015,11,2015,0,58,73,0,0,1,2,35,1,1,2,1,0,0,1,12,6,1,4,6,"777777777777","777777777777","777777777777",1,0
47,470219,1,2,2,9,4,17,5,12,2,1,0,47,1,20,481,20481,31,1988,"1GCDC14K7JZ2","1","G","C","D","C","1","4","K","7","J","Z","2",0,0,0,"000000000","00000000000",0,0,0,1,0,0,0,0,0,0,0,998,0,0,0,12,6,2,12,0,0,0,1,47,38371,6,1,0,0,3,0,70,142,3,0,0,0,0,12,2013,10,2015,0,0,0,0,0,1,2,55,1,5,2,1,0,0,1,62,99,1,1,51,"777777777777","777777777777","777777777777",0,0
47,470219,2,2,1,9,4,17,5,12,2,1,0,47,1,53,706,53706,80,2005,"JS1VS55A5521","J","S","1","V","S","5","5","A","5","5","2","1",0,0,0,"000000000","00000000000",0,0,0,1,0,0,0,0,0,0,0,998,0,0,0,12,6,2,12,0,0,0,1,22,38371,6,1,0,0,3,0,74,185,0,0,0,0,1,4,2011,4,2011,0,28,0,0,0,1,2,55,1,6,2,1,0,0,1,10,99,1,2,50,"777777777777","777777777777","777777777777",1,1
47,470220,1,2,1,10,4,16,30,12,2,1,0,37,1,12,17,12017,4,2003,"1FAFP55U03A2","1","F","A","F","P","5","5","U","0","3","A","2",0,0,0,"000000000","00000000000",0,0,0,1,0,0,0,0,0,0,0,998,0,0,0,12,6,2,12,0,0,0,1,37,28734,6,1,0,0,3,0,68,999,0,0,0,0,0,0,0,0,0,0,28,0,0,0,1,2,45,2,2,2,1,0,0,14,10,99,1,2,50,"777777777777","777777777777","777777777777",1,0
47,470220,2,2,2,10,4,16,30,12,2,1,0,47,2,49,40,49040,4,2010,"4T4BF3EK7AR0","4","T","4","B","F","3","E","K","7","A","R","0",0,0,0,"000000000","00000000000",0,0,0,1,0,0,0,0,0,0,0,998,0,0,0,12,6,2,12,0,0,0,1,47,37307,6,1,0,0,3,0,63,145,0,0,0,0,0,0,0,0,0,0,0,0,0,0,1,2,45,3,2,2,1,0,0,14,62,99,1,1,51,"777777777777","777777777777","777777777777",0,0
47,470221,1,2,1,16,4,6,15,12,2,1,0,47,2,7,20,7020,4,2005,"1B3ES56C15D2","1","B","3","E","S","5","6","C","1","5","D","2",0,0,0,"000000000","00000000000",0,0,0,1,0,0,0,0,0,0,0,998,1,0,0,12,6,2,12,0,0,0,1,47,37857,1,1,0,0,2,0,71,180,0,0,0,0,0,0,0,0,0,0,28,0,0,0,1,2,35,1,1,2,1,0,0,1,10,99,1,2,50,"777777777777","777777777777","777777777777",1,0
47,470221,2,2,2,16,4,6,15,12,2,1,0,47,1,7,482,7482,31,2006,"3D3LX39C16G1","3","D","3","L","X","3","9","C","1","6","G","1",1,1,0,"000000000","00000000000",0,0,0,1,0,0,0,0,0,0,0,998,0,0,0,12,6,2,12,0,0,0,1,47,37665,6,1,0,0,3,0,74,220,0,0,0,1,0,12,2012,12,2012,0,0,0,0,0,1,2,35,1,1,2,1,0,0,1,62,99,1,1,51,"888888888888","777777777777","777777777777",0,0
47,470222,1,2,1,16,3,18,1,12,6,1,0,47,1,76,706,76706,80,2005,"JYAVP17E25A0","J","Y","A","V","P","1","7","E","2","5","A","0",0,0,0,"000000000","00000000000",0,0,0,1,0,0,0,0,0,0,0,998,0,0,0,99,2,3,12,0,0,0,1,47,37766,6,1,0,0,3,0,70,200,0,0,0,0,0,0,0,0,0,0,0,0,0,0,1,2,30,1,1,2,1,0,0,1,52,98,2,1,48,"777777777777","777777777777","777777777777",1,0
47,470222,2,2,3,16,3,18,1,12,6,1,0,47,1,6,441,6441,20,2001,"2C4GP74L11R3","2","C","4","G","P","7","4","L","1","1","R","3",0,0,0,"000000000","00000000000",0,0,0,1,0,0,0,0,0,0,0,998,0,0,0,7,2,5,12,0,0,0,1,47,37714,6,1,0,0,3,0,63,135,0,0,0,0,1,11,2012,11,2012,0,0,0,0,0,1,2,30,1,1,2,1,0,0,1,53,99,1,1,48,"777777777777","777777777777","777777777777",0,0
47,470223,1,1,2,16,4,3,50,33,0,1,0,47,2,12,3,12003,2,2004,"1FAFP40674F1","1","F","A","F","P","4","0","6","7","4","F","1",0,0,0,"000000000","00000000000",0,0,0,1,0,0,0,0,0,0,0,998,0,0,0,1,6,2,33,0,0,0,1,47,38141,1,1,0,0,2,0,71,160,0,2,0,1,1,1,2013,12,2015,0,91,0,0,0,5,7,40,1,1,2,1,0,0,1,13,99,1,4,1,"777777777777","777777777777","777777777777",1,0
47,470224,1,1,1,17,4,20,4,53,0,1,0,47,2,72,706,72706,80,2006,"1HD1FRW306Y7","1","H","D","1","F","R","W","3","0","6","Y","7",0,0,0,"000000000","00000000000",0,0,0,1,0,0,0,0,0,0,0,998,0,0,0,12,6,2,53,0,0,0,1,47,37918,6,1,0,0,3,3,68,210,0,0,0,0,0,0,0,0,0,0,0,0,0,0,1,2,30,3,1,2,1,0,0,14,6,99,9,4,1,"777777777777","777777777777","777777777777",1,0
47,470225,1,2,1,16,4,7,55,12,2,1,0,47,1,37,31,37031,4,2016,"19XFC2F84GE0","1","9","X","F","C","2","F","8","4","G","E","0",0,0,0,"000000000","00000000000",0,0,0,1,0,0,0,0,0,0,0,998,0,0,0,12,6,2,12,0,0,0,1,47,37934,6,1,0,0,3,0,63,114,0,0,0,0,0,0,0,0,0,0,28,0,0,0,1,2,50,1,1,2,1,0,0,1,10,99,1,2,50,"777777777777","777777777777","777777777777",1,1
47,470225,2,2,1,16,4,7,55,12,2,1,0,47,3,98,806,98806,62,2011,"5PVNE8JN1B4S","5","P","V","N","E","8","J","N","1","B","4","S",0,0,57,"02526976","5702526976",2,1,3,1,0,0,0,0,0,0,0,998,7,0,0,12,6,2,12,0,0,0,1,47,37804,6,1,6,0,3,3,66,220,0,0,0,0,0,0,0,0,0,0,0,0,0,0,1,2,50,1,1,2,1,0,0,1,62,99,1,1,51,"777777777777","777777777777","777777777777",0,0
47,470226,1,1,1,10,4,15,13,8,0,1,1,99,9,99,999,99999,99,9999,"999999999999","9","9","9","9","9","9","9","9","9","9","9","9",0,0,0,"000000000","00000000000",0,0,0,1,0,0,0,0,0,99,0,998,0,0,0,12,4,5,8,99,99,0,1,47,38128,2,1,0,0,2,0,73,173,1,1,0,2,0,4,2013,5,2013,0,0,0,0,0,5,7,40,1,1,2,1,0,0,1,80,99,9,9,13,"777777777777","777777777777","777777777777",0,0
47,470227,1,1,1,18,4,99,99,42,0,1,0,47,1,7,482,7482,31,2011,"1D7RV1GT2BS6","1","D","7","R","V","1","G","T","2","B","S","6",0,0,0,"000000000","00000000000",0,0,0,1,0,0,0,0,0,0,0,998,0,0,0,12,6,2,42,0,0,0,1,47,37334,6,1,0,0,3,0,76,230,0,0,0,0,0,0,0,0,0,3,0,0,0,0,1,2,45,3,2,2,1,0,0,14,6,99,1,4,1,"777777777777","777777777777","777777777777",1,0
47,470228,1,1,1,6,3,19,59,34,0,1,0,47,1,73,705,73705,80,2005,"JKAVNDA155B5","J","K","A","V","N","D","A","1","5","5","B","5",0,0,0,"000000000","00000000000",0,0,0,1,0,0,0,0,0,0,0,998,0,0,0,3,6,2,34,0,0,0,1,47,37912,6,1,0,0,3,3,67,190,1,0,0,1,0,11,2012,11,2013,0,26,0,0,0,1,4,50,1,6,2,1,0,0,1,52,16,9,4,3,"777777777777","777777777777","777777777777",1,0
47,470229,1,2,2,17,4,20,30,12,6,1,1,28,2,20,481,20481,31,1999,"1GCEK19T8XE1","1","G","C","E","K","1","9","T","8","X","E","1",0,0,0,"000000000","00000000000",0,0,0,1,0,0,0,0,0,0,0,998,0,0,0,3,4,5,12,0,0,0,1,47,38108,0,0,0,0,0,0,66,167,0,0,0,0,0,0,0,0,0,0,48,0,0,0,5,7,45,1,1,2,1,0,0,11,15,99,1,1,68,"777777777777","777777777777","777777777777",0,1
47,470229,2,2,1,17,4,20,30,12,6,1,0,92,0,53,705,53705,80,2002,"JS1GR7HA3221","J","S","1","G","R","7","H","A","3","2","2","1",0,0,0,"000000000","00000000000",0,0,0,1,0,0,0,0,0,0,0,998,0,0,0,12,6,2,12,0,0,0,1,47,38115,6,1,6,0,2,0,68,140,1,0,0,0,0,2,2014,2,2014,4,0,0,0,0,5,7,45,1,1,2,1,0,0,1,62,99,1,1,69,"777777777777","777777777777","777777777777",1,0
47,470230,1,1,1,14,4,11,40,35,0,1,0,47,1,49,50,49050,3,2007,"JTKDE1771702","J","T","K","D","E","1","7","7","1","7","0","2",0,0,0,"000000000","00000000000",0,0,0,1,0,0,0,0,0,0,0,998,0,1,5,1,6,2,42,0,0,0,1,47,37211,6,1,0,0,3,0,64,200,0,0,0,0,0,0,0,0,0,0,0,0,0,0,2,2,70,1,1,2,1,0,0,1,9,99,4,4,7,"777777777777","777777777777","777777777777",1,0
47,470231,1,1,2,16,4,20,30,32,0,1,0,47,1,20,481,20481,31,1993,"2GBEC19K5P11","2","G","B","E","C","1","9","K","5","P","1","1",0,0,0,"000000000","00000000000",0,0,0,1,0,0,0,0,0,0,0,998,0,1,5,12,6,2,1,0,0,0,1,47,38368,6,1,0,0,3,0,76,364,0,0,0,0,0,0,0,0,0,0,33,36,0,0,1,2,55,1,1,2,1,0,0,6,12,99,1,4,6,"777777777777","777777777777","777777777777",1,1
47,470232,1,2,1,17,4,16,15,12,2,1,0,47,2,20,471,20471,30,1997,"1GCCS1442VK1","1","G","C","C","S","1","4","4","2","V","K","1",0,0,0,"000000000","00000000000",0,0,0,1,0,0,0,0,0,0,0,998,0,0,0,12,6,2,12,0,0,0,1,47,38351,6,1,6,0,3,1,70,180,0,0,0,0,0,0,0,0,0,0,38,0,0,0,1,2,55,1,1,2,1,0,0,11,15,99,1,1,68,"777777777777","777777777777","777777777777",1,1
47,470232,2,2,2,17,4,16,15,12,2,1,0,47,2,41,50,41050,4,2005,"1YVHP80C455M","1","Y","V","H","P","8","0","C","4","5","5","M",0,0,0,"000000000","00000000000",0,0,0,1,0,0,0,0,0,0,0,998,0,0,0,12,6,2,12,0,0,0,1,47,38024,6,1,0,0,3,0,73,202,0,0,0,0,0,0,0,0,0,0,0,0,0,0,1,2,55,1,1,2,1,0,0,1,62,99,1,1,69,"777777777777","777777777777","777777777777",0,0
47,470233,1,1,1,25,3,14,20,38,0,1,0,47,1,20,471,20471,30,2000,"1GCCS1452YK1","1","G","C","C","S","1","4","5","2","Y","K","1",0,0,0,"000000000","00000000000",0,0,0,1,0,0,0,0,0,0,0,998,0,0,0,12,6,2,38,0,0,0,1,47,38572,6,1,0,0,3,1,69,185,1,0,0,0,0,6,2015,6,2015,0,0,0,0,0,1,2,45,2,1,2,1,0,0,14,12,1,1,4,6,"777777777777","777777777777","777777777777",1,0
47,470234,1,1,1,17,4,4,12,23,0,1,0,47,1,35,48,35048,1,2005,"JN1AZ36A35M7","J","N","1","A","Z","3","6","A","3","5","M","7",0,0,0,"000000000","00000000000",0,0,0,1,0,0,0,0,0,0,0,998,0,0,0,11,6,2,35,0,0,0,1,47,37128,6,1,0,0,3,0,67,150,1,0,0,0,0,6,2015,6,2015,3,0,0,0,0,6,2,45,3,1,2,1,0,0,14,6,99,2,4,7,"777777777777","777777777777","777777777777",1,1
47,470235,1,2,2,25,3,20,46,12,6,1,0,47,1,35,43,35043,4,2006,"3N1CB51D56L4","3","N","1","C","B","5","1","D","5","6","L","4",0,0,0,"000000000","00000000000",0,0,0,1,0,0,0,0,0,0,0,998,1,0,0,2,6,2,12,0,0,0,1,47,37148,6,1,0,0,3,1,64,180,1,0,0,0,0,10,2015,10,2015,9,52,58,85,0,1,2,55,1,1,2,1,0,0,1,54,7,4,6,64,"777777777777","777777777777","777777777777",2,0
47,470235,2,2,1,25,3,20,46,12,6,1,0,47,1,12,481,12481,31,2001,"1FTZF18231NA","1","F","T","Z","F","1","8","2","3","1","N","A",0,0,0,"000000000","00000000000",0,0,0,1,0,0,0,0,0,0,0,998,0,0,0,12,6,2,12,0,0,1,1,47,37186,6,1,0,0,3,0,70,120,2,1,1,0,1,4,2011,12,2014,0,0,0,0,0,1,2,55,1,1,2,1,0,0,1,62,99,1,1,65,"777777777777","777777777777","777777777777",0,1
47,470236,1,2,1,20,4,19,31,12,2,1,0,47,1,14,402,14402,14,2005,"4M2YU57165DJ","4","M","2","Y","U","5","7","1","6","5","D","J",0,0,0,"000000000","00000000000",0,0,0,1,0,0,0,0,0,0,0,998,0,0,0,12,6,2,12,0,0,0,1,47,38024,6,1,0,0,3,0,68,180,1,0,0,0,0,6,2012,6,2012,0,28,0,0,0,1,2,55,1,1,2,2,0,0,1,10,99,1,2,50,"777777777777","777777777777","777777777777",1,0
47,470236,2,2,3,20,4,19,31,12,2,1,0,47,2,20,481,20481,31,2002,"2GCEK19T5212","2","G","C","E","K","1","9","T","5","2","1","2",0,0,0,"000000000","00000000000",0,0,0,1,0,0,0,0,0,0,0,998,0,0,0,12,6,2,12,0,0,0,1,47,38024,6,2,0,0,3,1,66,160,2,0,0,0,0,12,2014,7,2015,0,84,0,0,0,1,2,55,1,1,2,2,0,0,1,62,6,1,2,51,"777777777777","777777777777","777777777777",0,0
47,470237,1,1,2,22,3,22,10,42,0,1,0,47,1,35,43,35043,4,2011,"3N1AB6AP7BL6","3","N","1","A","B","6","A","P","7","B","L","6",0,0,0,"000000000","00000000000",0,0,0,1,0,0,0,0,0,0,0,998,0,0,0,12,6,2,42,0,0,0,1,47,38018,6,1,0,0,3,0,70,136,1,0,0,0,0,1,2015,1,2015,9,6,0,0,0,1,2,30,3,1,2,1,0,0,14,6,99,1,4,1,"777777777777","777777777777","777777777777",1,0
47,470238,1,1,1,15,4,6,15,34,0,1,0,1,1,12,481,12481,31,2005,"1FTRF12205NB","1","F","T","R","F","1","2","2","0","5","N","B",0,0,0,"000000000","00000000000",0,0,0,1,0,0,0,0,0,0,0,998,0,1,5,12,6,2,42,0,0,1,1,1,35218,6,1,0,0,3,3,76,234,0,0,0,0,0,0,0,0,0,0,0,0,0,0,1,2,55,1,1,2,1,0,0,1,9,99,9,4,2,"777777777777","777777777777","777777777777",1,0
47,470239,1,2,1,19,4,5,26,12,8,1,0,93,3,85,881,85881,66,2000,"1XKADB9X9YJ8","1","X","K","A","D","B","9","X","9","Y","J","8",1,1,57,"01004805","5701004805",3,6,1,1,0,0,0,0,0,0,0,998,0,0,0,11,6,2,12,0,0,0,1,47,37388,6,1,6,0,3,0,70,220,0,0,0,0,0,0,0,0,0,0,0,0,0,0,1,2,55,3,5,2,1,0,0,14,62,99,1,1,65,"3H3V532C34T0","777777777777","777777777777",0,0
47,470239,2,2,2,19,4,5,26,12,8,1,0,47,1,7,482,7482,31,2006,"3D7KS29D56G1","3","D","7","K","S","2","9","D","5","6","G","1",0,0,0,"000000000","00000000000",0,0,0,1,0,0,0,0,0,0,0,998,0,0,0,11,6,2,12,0,0,0,1,47,38571,6,1,0,0,3,0,72,240,0,0,0,0,0,0,0,0,0,0,28,0,0,0,1,2,55,2,5,2,1,0,0,14,10,7,1,2,64,"777777777777","777777777777","777777777777",1,0
47,470240,1,1,2,18,4,16,11,8,0,1,0,47,1,19,421,19421,15,2007,"1GYFK66837R4","1","G","Y","F","K","6","6","8","3","7","R","4",0,0,0,"000000000","00000000000",0,0,0,1,0,0,0,0,0,0,0,998,0,0,0,12,4,3,8,0,0,0,1,47,38116,0,0,0,0,0,0,71,174,0,0,0,0,0,0,0,0,0,0,0,0,0,0,5,5,40,1,1,2,1,50,3,1,80,99,1,1,13,"777777777777","777777777777","777777777777",0,0
47,470241,1,1,1,14,4,7,0,35,0,1,0,47,1,49,401,49401,14,1989,"JT4RN93P2K00","J","T","4","R","N","9","3","P","2","K","0","0",0,0,0,"000000000","00000000000",0,0,0,1,0,0,0,0,0,0,0,998,0,1,5,12,6,2,1,32,0,0,1,47,38076,6,1,0,0,3,0,67,154,1,0,0,0,1,6,2012,4,2015,0,58,0,0,0,1,2,45,1,6,2,2,0,0,1,10,7,3,4,2,"777777777777","777777777777","777777777777",1,0
47,470242,1,1,2,17,4,22,41,24,0,1,0,47,2,23,481,23481,31,1990,"1GTDC14K1LZ5","1","G","T","D","C","1","4","K","1","L","Z","5",0,0,0,"000000000","00000000000",0,0,0,1,0,0,0,0,0,0,0,998,0,0,0,12,6,2,24,0,0,0,1,47,37373,2,1,0,0,2,0,74,170,0,0,0,0,1,10,2013,10,2013,4,36,37,0,0,1,2,35,1,2,2,1,20,3,1,14,16,2,4,14,"777777777777","777777777777","777777777777",1,1
47,470243,1,2,1,21,4,5,23,12,6,1,0,47,1,37,402,37402,14,1999,"JHLRD1862XC0","J","H","L","R","D","1","8","6","2","X","C","0",0,0,0,"000000000","00000000000",0,0,0,1,0,0,0,0,0,0,0,998,0,0,0,9,6,2,12,0,0,0,1,47,37083,6,1,0,0,3,0,69,200,0,0,0,0,0,0,0,0,0,0,38,0,0,0,1,2,45,1,1,2,1,20,3,1,17,99,1,1,89,"777777777777","777777777777","777777777777",1,0
47,470243,2,2,1,21,4,5,23,12,6,1,0,47,2,12,461,12461,21,1997,"1FTJS34L3VHB","1","F","T","J","S","3","4","L","3","V","H","B",0,0,0,"000000000","00000000000",0,0,0,1,0,0,0,0,0,0,0,998,0,0,0,12,6,2,12,0,0,0,1,47,37186,6,1,0,0,3,3,69,140,0,0,0,0,0,0,0,0,0,0,0,0,0,0,1,2,55,1,1,2,1,0,0,1,66,99,1,1,88,"777777777777","777777777777","777777777777",0,0
47,470244,1,1,1,20,4,18,35,1,0,1,0,47,1,37,734,37734,90,2012,"3H1VE010XCD3","3","H","1","V","E","0","1","0","X","C","D","3",0,0,0,"000000000","00000000000",0,0,0,1,0,0,0,0,0,0,0,998,0,2,6,0,6,2,1,0,0,0,1,47,37724,6,1,0,0,1,0,66,225,0,2,2,0,0,5,2012,1,2015,0,89,0,0,0,1,2,35,3,5,2,1,0,0,14,12,99,9,4,6,"777777777777","777777777777","777777777777",1,1
47,470245,1,1,1,25,4,1,52,59,0,1,0,37,1,20,481,20481,31,2011,"1GCNCPEA9BZ3","1","G","C","N","C","P","E","A","9","B","Z","3",0,0,0,"000000000","00000000000",0,0,0,1,0,0,0,0,0,0,0,998,0,0,0,12,6,2,59,0,0,0,1,37,28304,6,1,0,0,3,3,73,999,1,0,0,0,0,4,2016,4,2016,9,99,99,99,99,1,7,40,1,1,2,1,2,3,1,12,99,1,4,6,"777777777777","777777777777","777777777777",1,1
47,470246,1,1,1,23,4,23,0,1,0,1,0,47,1,24,1,24001,4,1995,"1G8ZG5287SZ1","1","G","8","Z","G","5","2","8","7","S","Z","1",0,0,0,"000000000","00000000000",0,0,0,1,0,0,0,0,0,0,0,998,0,2,5,0,6,2,1,0,0,0,1,47,37339,6,1,0,0,3,0,70,200,0,0,0,1,0,3,2014,3,2014,0,0,0,0,0,1,2,45,1,6,2,1,0,0,1,12,99,1,4,6,"777777777777","777777777777","777777777777",1,0
47,470247,1,1,7,9,4,22,23,1,0,1,0,47,1,20,431,20431,16,2000,"3GNEC16T0YG2","3","G","N","E","C","1","6","T","0","Y","G","2",0,0,0,"000000000","00000000000",0,0,0,1,0,0,0,0,0,0,0,998,0,2,1,0,6,2,1,0,0,0,1,47,37030,6,1,0,0,3,1,64,180,2,1,0,2,1,7,2011,5,2015,0,0,0,0,0,3,2,70,1,1,2,1,0,0,1,52,9,9,6,98,"777777777777","777777777777","777777777777",2,1
47,470248,1,3,1,21,4,10,55,12,6,1,0,47,1,14,6,14006,4,2004,"2MEFM75W04X6","2","M","E","F","M","7","5","W","0","4","X","6",0,0,0,"000000000","00000000000",0,0,0,1,0,0,0,0,0,0,0,998,0,0,0,83,6,2,12,32,0,0,1,47,38016,6,1,0,0,3,3,70,270,2,0,0,0,0,11,2014,7,2015,9,99,99,99,99,2,2,45,1,1,2,2,0,0,1,12,99,4,7,64,"777777777777","777777777777","777777777777",1,0
47,470248,2,3,1,21,4,10,55,12,6,1,0,47,3,49,32,49032,4,2014,"2T1BURHE7EC1","2","T","1","B","U","R","H","E","7","E","C","1",0,0,0,"000000000","00000000000",0,0,0,1,0,0,0,0,0,0,0,998,0,0,0,1,6,2,12,0,0,0,1,47,38134,6,1,0,0,3,0,75,230,0,0,0,0,0,0,0,0,0,0,0,0,0,0,2,3,45,1,1,2,2,0,0,1,62,6,1,1,65,"777777777777","777777777777","777777777777",0,0
47,470248,3,3,2,21,4,10,55,12,6,1,0,47,1,35,47,35047,4,2008,"1N4AL21E58N5","1","N","4","A","L","2","1","E","5","8","N","5",0,0,0,"000000000","00000000000",0,0,0,1,0,0,0,0,0,0,0,998,0,0,0,12,6,2,12,0,0,0,1,47,38125,6,1,0,0,3,0,68,145,0,0,0,0,0,0,0,0,0,0,0,0,0,0,2,2,45,1,1,2,2,0,0,1,62,99,1,1,98,"777777777777","777777777777","777777777777",0,0
47,470249,1,1,1,25,4,4,49,8,0,1,0,47,1,63,421,63421,15,2009,"KNDJJ7417950","K","N","D","J","J","7","4","1","7","9","5","0",0,0,0,"000000000","00000000000",0,0,0,1,0,0,0,0,0,0,0,998,0,0,0,12,4,3,8,0,0,0,1,47,37042,6,1,0,0,3,1,66,148,2,0,0,0,1,9,2015,1,2016,0,0,0,0,0,5,7,45,1,1,2,1,0,0,15,80,99,1,2,13,"777777777777","777777777777","777777777777",0,0
47,470250,1,2,1,20,4,7,0,12,2,1,0,47,1,49,401,49401,14,1986,"JT4RN63R6G00","J","T","4","R","N","6","3","R","6","G","0","0",0,0,0,"000000000","00000000000",0,0,0,1,0,0,0,0,0,0,0,998,0,0,0,12,6,2,12,0,0,0,1,47,37385,2,2,0,0,2,0,71,135,0,1,1,0,0,10,2015,10,2015,0,28,0,0,0,1,3,55,2,5,2,1,0,0,14,10,99,1,2,50,"777777777777","777777777777","777777777777",1,0