"STATE","ST_CASE","VEH_NO","VE_FORMS","NUMOCCS","DAY","MONTH","HOUR","MINUTE","HARM_EV","MAN_COLL","UNITTYPE","HIT_RUN","REG_STAT","OWNER","MAKE","MODEL","MAK_MOD","BODY_TYP","MOD_YEAR","VIN","VIN_1","VIN_2","VIN_3","VIN_4","VIN_5","VIN_6","VIN_7","VIN_8","VIN_9","VIN_10","VIN_11","VIN_12","TOW_VEH","J_KNIFE","MCARR_I1","MCARR_I2","MCARR_ID","GVWR","V_CONFIG","CARGO_BT","HAZ_INV","HAZ_PLAC","HAZ_ID","HAZ_CNO","HAZ_REL","BUS_USE","SPEC_USE","EMER_USE","TRAV_SP","UNDERIDE","ROLLOVER","ROLINLOC","IMPACT1","DEFORMED","TOWED","M_HARM","VEH_SC1","VEH_SC2","FIRE_EXP","DR_PRES","L_STATE","DR_ZIP","L_STATUS","L_TYPE","CDL_STAT","L_ENDORS","L_COMPL","L_RESTRI","DR_HGT","DR_WGT","PREV_ACC","PREV_SUS","PREV_DWI","PREV_SPD","PREV_OTH","FIRST_MO","FIRST_YR","LAST_MO","LAST_YR","SPEEDREL","DR_SF1","DR_SF2","DR_SF3","DR_SF4","VTRAFWAY","VNUM_LAN","VSPD_LIM","VALIGN","VPROFILE","VPAVETYP","VSURCOND","VTRAFCON","VTCONT_F","P_CRASH1","P_CRASH2","P_CRASH3","PCRASH4","PCRASH5","ACC_TYPE","TRLR1VIN","TRLR2VIN","TRLR3VIN","DEATHS","DR_DRINK"
47,470250,2,2,2,20,4,7,0,12,2,1,0,47,1,12,481,12481,31,1994,"1FTDF15Y1RNB","1","F","T","D","F","1","5","Y","1","R","N","B",0,0,0,"000000000","00000000000",0,0,0,1,0,0,0,0,0,0,0,998,0,0,0,12,6,2,12,0,0,0,1,47,37385,6,1,0,0,3,0,65,190,1,0,1,0,0,3,2012,11,2014,0,89,0,0,0,1,3,55,3,6,2,1,0,0,14,62,99,1,1,51,"777777777777","777777777777","777777777777",1,0
47,470251,1,1,2,19,4,0,47,42,0,1,0,47,1,53,35,53035,4,2004,"KL5VM52L84B0","K","L","5","V","M","5","2","L","8","4","B","0",0,0,0,"000000000","00000000000",0,0,0,1,0,0,0,0,0,0,0,998,0,0,0,3,6,2,42,0,0,0,1,47,37025,1,1,0,0,2,0,62,105,1,1,0,1,0,9,2011,2,2016,0,58,0,0,0,1,2,40,3,1,2,1,0,0,14,13,6,4,4,7,"777777777777","777777777777","777777777777",1,1
47,470252,1,2,1,14,4,8,37,12,2,1,0,47,1,59,35,59035,4,2003,"JTHBD1928300","J","T","H","B","D","1","9","2","8","3","0","0",0,0,0,"000000000","00000000000",0,0,0,1,0,0,0,0,0,0,0,998,0,1,9,12,6,2,12,0,0,0,1,47,37865,6,1,0,0,3,0,68,180,0,0,0,0,0,0,0,0,0,3,28,36,0,0,1,2,45,1,1,2,1,0,0,1,10,99,1,2,50,"777777777777","777777777777","777777777777",0,1
47,470252,2,2,1,14,4,8,37,12,2,1,0,47,1,35,472,35472,30,2001,"1N6DD21S81C3","1","N","6","D","D","2","1","S","8","1","C","3",0,0,0,"000000000","00000000000",0,0,0,1,0,0,0,0,0,0,0,998,0,0,0,12,6,2,12,0,0,0,1,47,37865,6,1,0,0,3,0,69,220,0,0,0,0,0,0,0,0,0,0,0,0,0,0,1,2,45,1,1,2,1,0,0,1,62,7,1,3,51,"777777777777","777777777777","777777777777",1,0
47,470254,1,1,2,19,4,3,15,31,0,1,0,39,1,20,481,20481,31,2009,"1GCEC29049Z1","1","G","C","E","C","2","9","0","4","9","Z","1",0,0,0,"000000000","00000000000",0,0,0,1,0,0,0,0,0,0,0,998,0,1,5,11,6,2,31,0,0,0,1,39,45417,6,1,0,0,3,0,73,231,0,0,0,0,0,0,0,0,0,0,0,0,0,0,2,2,70,2,6,2,1,0,0,14,12,99,1,4,6,"777777777777","777777777777","777777777777",1,0
47,470255,1,2,1,30,4,16,32,12,2,1,0,47,2,35,473,35473,31,2006,"1N6BA07B06N5","1","N","6","B","A","0","7","B","0","6","N","5",0,0,0,"000000000","00000000000",0,0,0,1,0,0,0,0,0,0,0,998,0,0,0,12,6,2,12,0,0,1,1,47,37388,6,2,0,0,3,3,71,185,0,0,0,0,0,0,0,0,0,0,28,0,0,0,5,5,55,2,6,2,1,0,0,14,10,99,1,2,50,"777777777777","777777777777","777777777777",1,0
47,470255,2,2,2,30,4,16,32,12,2,1,0,47,1,35,481,35481,31,2012,"1N6BA0CAXCN3","1","N","6","B","A","0","C","A","X","C","N","3",0,0,0,"000000000","00000000000",0,0,0,1,0,0,0,0,0,0,0,998,0,0,0,12,6,2,12,0,0,0,1,47,37180,6,1,0,0,3,0,74,185,0,0,0,0,0,0,0,0,0,0,0,0,0,0,5,5,55,3,5,2,1,0,0,14,62,99,1,1,51,"777777777777","777777777777","777777777777",0,0
47,470256,1,1,1,1,5,18,45,15,0,1,0,47,1,42,42,42042,4,2003,"WDBRF64J73F3","W","D","B","R","F","6","4","J","7","3","F","3",0,0,0,"000000000","00000000000",0,0,0,1,0,0,0,0,0,0,0,998,0,0,0,12,4,3,15,0,0,0,1,47,38106,1,1,0,0,2,0,66,238,1,0,0,0,0,2,2016,2,2016,0,0,0,0,0,5,7,40,1,6,2,1,0,0,1,83,99,1,1,13,"777777777777","777777777777","777777777777",0,0
47,470257,1,1,1,30,4,13,50,14,0,1,0,47,0,53,706,53706,80,2006,"JS1GT76A1621","J","S","1","G","T","7","6","A","1","6","2","1",0,0,0,"000000000","00000000000",0,0,0,1,0,0,0,0,0,0,0,998,0,0,0,12,6,2,14,0,0,0,1,47,38128,2,1,0,0,2,0,70,185,1,1,0,0,0,6,2012,10,2012,0,36,0,0,0,1,2,30,1,1,2,1,0,0,1,9,99,9,4,14,"777777777777","777777777777","777777777777",1,0
47,470258,1,2,1,21,4,15,45,12,2,1,0,47,2,12,402,12402,14,2004,"1FMYU02134KB","1","F","M","Y","U","0","2","1","3","4","K","B",0,0,0,"000000000","00000000000",0,0,0,1,0,0,0,0,0,0,0,998,0,0,0,12,6,2,12,0,0,0,1,47,37716,6,1,0,0,3,0,70,175,0,0,0,0,0,0,0,0,0,0,28,0,0,0,1,2,45,1,1,2,1,0,0,1,10,99,1,2,50,"777777777777","777777777777","777777777777",0,0
47,470258,2,2,1,21,4,15,45,12,2,1,0,47,1,37,32,37032,4,2002,"1HGCG56632A0","1","H","G","C","G","5","6","6","3","2","A","0",0,0,0,"000000000","00000000000",0,0,0,1,0,0,0,0,0,0,0,998,0,0,0,12,6,2,12,0,0,0,1,47,37716,6,1,0,0,3,0,70,200,2,0,0,0,1,3,2012,1,2016,0,0,0,0,0,1,2,45,1,1,2,1,0,0,1,60,99,1,1,51,"777777777777","777777777777","777777777777",1,0
47,470259,1,1,1,25,4,17,6,42,0,1,0,47,3,23,481,23481,31,2008,"1GTEK19J78Z1","1","G","T","E","K","1","9","J","7","8","Z","1",0,0,0,"000000000","00000000000",0,0,0,1,0,0,0,0,0,0,0,998,0,0,0,12,6,2,42,0,0,0,1,47,37336,6,1,6,0,3,0,69,175,0,0,0,0,0,0,0,0,0,0,0,0,0,0,2,2,70,1,1,2,1,0,0,1,12,99,1,4,6,"777777777777","777777777777","777777777777",1,0
47,470260,1,1,1,28,4,10,30,15,0,1,0,47,1,20,481,20481,31,2014,"3GCUKSEC1EG1","3","G","C","U","K","S","E","C","1","E","G","1",0,0,0,"000000000","00000000000",0,0,0,1,0,0,0,0,0,0,0,998,0,0,0,12,2,5,15,0,0,0,1,47,38464,6,1,0,0,3,3,70,180,0,0,0,0,0,0,0,0,0,0,0,0,0,0,1,2,30,1,1,2,1,0,0,1,83,99,1,1,13,"777777777777","777777777777","777777777777",0,0
47,470261,1,2,3,26,4,22,18,12,2,1,0,47,1,51,401,51401,14,2010,"YV4982CY2A15","Y","V","4","9","8","2","C","Y","2","A","1","5",0,0,0,"000000000","00000000000",0,0,0,1,0,0,0,0,0,0,0,998,0,0,0,12,6,2,12,0,0,0,1,47,37040,6,1,0,0,3,0,63,180,0,0,0,1,0,1,2015,1,2015,3,28,89,0,0,1,3,50,1,6,2,2,0,0,1,10,99,1,2,50,"777777777777","777777777777","777777777777",1,0
47,470261,2,2,1,26,4,22,18,12,2,1,0,47,3,12,401,12401,14,2014,"1FM5K8B87EGA","1","F","M","5","K","8","B","8","7","E","G","A",0,0,0,"000000000","00000000000",0,0,0,1,0,0,0,0,0,0,0,998,0,0,0,12,6,2,12,0,0,0,1,47,37040,6,1,0,0,3,1,70,175,2,0,0,0,0,9,2011,12,2011,0,0,0,0,0,1,3,50,1,5,2,2,0,0,1,62,99,1,3,51,"777777777777","777777777777","777777777777",0,0
47,470262,1,1,1,29,4,23,21,8,0,1,1,99,9,99,999,99999,99,9999,"999999999999","9","9","9","9","9","9","9","9","9","9","9","9",0,0,0,"000000000","00000000000",0,0,0,1,0,0,0,0,0,99,0,998,0,0,0,99,9,5,8,99,99,0,1,99,99999,9,9,99,0,9,9,999,999,99,99,99,99,99,99,9999,99,9999,9,99,99,99,99,3,5,55,1,1,2,2,0,0,1,80,99,9,9,13,"777777777777","777777777777","777777777777",0,0
47,470263,1,2,2,30,4,17,0,12,6,1,0,47,2,37,32,37032,4,2005,"1HGCM564X5A0","1","H","G","C","M","5","6","4","X","5","A","0",0,0,0,"000000000","00000000000",0,0,0,1,0,0,0,0,0,0,0,998,0,1,9,12,6,2,12,0,0,0,1,47,37090,6,1,0,0,3,3,68,119,0,0,0,0,0,0,0,0,0,4,28,0,0,0,2,3,55,1,1,2,2,0,0,15,10,99,2,7,64,"777777777777","777777777777","777777777777",0,0
47,470263,2,2,1,30,4,17,0,12,6,1,0,47,1,20,28,20028,4,2012,"1G1JC5SH3C41","1","G","1","J","C","5","S","H","3","C","4","1",0,0,0,"000000000","00000000000",0,0,0,1,0,0,0,0,0,0,0,998,0,0,0,10,6,2,12,0,0,0,1,47,37091,6,1,0,0,3,3,71,175,0,0,0,0,0,0,0,0,0,0,0,0,0,0,2,2,55,1,1,2,2,0,0,1,62,99,1,1,65,"777777777777","777777777777","777777777777",1,0
47,470264,1,1,3,2,5,17,30,53,0,1,1,47,1,20,461,20461,21,1998,"1GCGG25R8W10","1","G","C","G","G","2","5","R","8","W","1","0",0,0,0,"000000000","00000000000",0,0,0,1,0,0,0,0,0,99,0,998,0,0,0,1,4,5,53,0,0,0,1,47,37914,6,1,0,0,3,3,67,215,0,0,0,1,0,5,2011,5,2011,0,0,0,0,0,1,2,40,1,1,2,2,0,0,1,13,99,1,4,1,"777777777777","777777777777","777777777777",1,1
47,470265,1,2,1,3,5,14,58,12,6,1,0,47,1,20,19,20019,4,1992,"1G1LT53T5NY1","1","G","1","L","T","5","3","T","5","N","Y","1",0,0,0,"000000000","00000000000",0,0,0,1,0,0,0,0,0,0,0,998,0,0,0,11,6,2,12,0,0,0,1,47,37037,6,1,0,0,3,1,62,140,2,0,0,0,0,2,2013,4,2013,0,38,39,0,0,1,2,40,1,1,2,1,20,3,10,16,99,1,1,78,"777777777777","777777777777","777777777777",1,0
47,470265,2,2,3,3,5,14,58,12,6,1,0,47,1,20,481,20481,31,2014,"1GCRCREC9EZ3","1","G","C","R","C","R","E","C","9","E","Z","3",0,0,0,"000000000","00000000000",0,0,0,1,0,0,0,0,0,0,0,998,0,0,0,12,6,2,12,0,0,0,1,47,37037,6,1,0,0,3,0,70,220,0,0,0,0,0,0,0,0,0,0,0,0,0,0,1,2,45,1,1,2,1,0,0,1,65,99,1,1,79,"777777777777","777777777777","777777777777",0,0
47,470266,1,2,2,24,4,6,33,12,1,1,0,13,1,20,461,20461,21,2001,"1GCGG25R2112","1","G","C","G","G","2","5","R","2","1","1","2",0,0,0,"000000000","00000000000",0,0,0,1,0,0,0,0,0,0,0,998,0,0,0,12,6,2,12,0,0,0,1,13,30228,6,1,0,0,3,0,70,200,98,3,0,3,4,9,2011,3,2015,9,99,99,99,99,3,3,55,1,1,2,1,0,0,1,51,99,1,1,24,"777777777777","777777777777","777777777777",1,0
47,470266,2,2,1,24,4,6,33,12,1,1,0,95,3,51,881,51881,66,2005,"4V4NC9GH35N3","4","V","4","N","C","9","G","H","3","5","N","3",1,1,57,"00571448","5700571448",3,6,1,1,0,0,0,0,0,0,0,998,0,0,0,6,4,5,12,0,0,0,1,95,0,6,1,6,0,3,0,68,999,0,0,0,0,0,0,0,0,0,0,0,0,0,0,3,3,55,1,1,2,1,0,0,1,53,99,1,1,25,"1DW1A5328GB7","777777777777","777777777777",0,0
47,470267,1,3,1,28,4,9,21,12,7,1,0,93,3,85,881,85881,66,2014,"1XKYD49X7EJ3","1","X","K","Y","D","4","9","X","7","E","J","3",1,1,57,"00437028","5700437028",3,6,1,1,0,0,0,0,0,0,0,998,0,1,5,1,6,2,8,0,0,0,1,48,78541,6,1,6,0,3,0,999,999,0,5,0,0,1,3,2012,2,2014,0,6,36,0,0,2,2,70,3,1,2,1,0,0,14,13,99,1,4,48,"888888888888","777777777777","777777777777",0,0
47,470267,2,3,1,28,4,9,21,12,7,1,0,47,3,12,481,12481,31,2008,"1FTSW20R68ED","1","F","T","S","W","2","0","R","6","8","E","D",0,0,0,"000000000","00000000000",0,0,0,1,0,0,0,0,0,0,0,0,0,0,0,6,6,2,12,39,0,0,1,47,37051,6,1,0,0,3,0,68,173,1,0,0,3,0,7,2011,2,2016,0,0,0,0,0,2,2,70,3,1,2,1,0,0,7,50,1,1,5,98,"777777777777","777777777777","777777777777",0,0
47,470267,3,3,2,28,4,9,21,12,7,1,0,47,3,84,881,84881,66,2011,"1HSGRSJT0BJ3","1","H","S","G","R","S","J","T","0","B","J","3",1,1,88,"888888888","88888888888",3,6,3,1,0,0,0,0,0,0,0,0,0,0,0,61,2,3,12,39,0,0,1,47,37174,6,1,6,0,3,3,67,150,3,0,0,0,0,12,2011,5,2014,0,0,0,0,0,2,2,70,3,1,2,1,0,0,7,50,1,1,5,48,"5JYLB50306P0","777777777777","777777777777",0,0
47,470268,1,1,2,24,4,15,55,8,0,1,0,47,1,32,43,32043,4,2009,"WAUSF78K49N0","W","A","U","S","F","7","8","K","4","9","N","0",0,0,0,"000000000","00000000000",0,0,0,1,0,0,0,0,0,0,0,998,0,0,0,12,2,5,8,0,0,0,1,47,37215,6,1,0,0,3,0,72,215,0,0,0,0,0,0,0,0,0,0,38,0,0,0,1,3,30,1,1,2,1,2,3,11,15,99,1,1,13,"777777777777","777777777777","777777777777",0,0
47,470270,1,1,1,2,5,1,47,32,0,1,0,47,1,12,481,12481,31,2003,"1FTRX18W53NA","1","F","T","R","X","1","8","W","5","3","N","A",0,0,0,"000000000","00000000000",0,0,0,1,0,0,0,0,0,0,0,998,0,1,5,12,6,2,30,0,0,0,1,47,38382,6,1,0,0,3,0,73,205,0,0,0,0,0,0,0,0,0,9,99,99,99,99,1,2,55,3,1,2,1,0,0,14,13,99,1,4,1,"777777777777","777777777777","777777777777",1,0
47,470271,1,1,1,3,5,14,5,34,0,1,0,47,1,73,706,73706,80,2015,"JKAZXCN15FA0","J","K","A","Z","X","C","N","1","5","F","A","0",0,0,0,"000000000","00000000000",0,0,0,1,0,0,0,0,0,0,0,998,0,0,0,12,6,2,1,0,0,0,1,47,37066,6,1,0,0,3,0,73,175,1,0,0,1,0,9,2011,12,2011,0,0,0,0,0,1,2,50,1,1,2,1,0,0,1,12,99,1,4,6,"777777777777","777777777777","777777777777",1,0
47,470272,1,2,1,3,5,18,0,12,2,1,0,47,2,37,705,37705,80,2011,"JH2PC4009BK4","J","H","2","P","C","4","0","0","9","B","K","4",0,0,0,"000000000","00000000000",0,0,0,1,0,0,0,0,0,0,0,998,0,0,0,12,6,2,12,0,0,0,1,47,38544,6,1,0,0,2,0,74,270,0,0,0,0,0,0,0,0,0,0,28,0,0,0,1,2,55,2,5,2,1,0,0,14,10,99,1,2,50,"777777777777","777777777777","777777777777",1,0
47,470272,2,2,1,3,5,18,0,12,2,1,0,47,1,35,51,35051,6,2016,"5N1AT2MV7GC7","5","N","1","A","T","2","M","V","7","G","C","7",0,0,0,"000000000","00000000000",0,0,0,1,0,0,0,0,0,0,0,998,0,0,0,12,6,2,12,0,0,0,1,47,38562,6,1,0,0,3,0,61,150,2,0,0,0,0,7,2013,12,2015,0,0,0,0,0,1,2,55,3,6,2,1,0,0,14,62,99,1,1,51,"777777777777","777777777777","777777777777",0,0
47,470273,1,2,1,4,5,12,50,12,6,1,0,47,1,53,706,53706,80,2005,"JS1GW71A6521","J","S","1","G","W","7","1","A","6","5","2","1",0,0,0,"000000000","00000000000",0,0,0,1,0,0,0,0,0,0,0,998,0,0,0,12,6,2,12,0,0,0,1,47,38109,6,1,0,0,3,0,68,180,3,0,0,2,2,10,2011,8,2014,3,6,36,0,0,5,7,45,1,1,2,1,0,0,1,62,7,1,2,69,"777777777777","777777777777","777777777777",1,0
47,470273,2,2,2,4,5,12,50,12,6,1,0,92,0,20,471,20471,30,2000,"1GCCS194XY81","1","G","C","C","S","1","9","4","X","Y","8","1",0,0,0,"000000000","00000000000",0,0,0,1,0,0,0,0,0,0,0,998,0,0,0,1,6,2,12,0,0,0,1,47,38109,6,1,0,0,3,0,65,170,0,0,0,0,0,0,0,0,0,0,0,0,0,0,5,7,45,1,1,2,1,0,0,11,15,99,1,1,68,"777777777777","777777777777","777777777777",0,0
47,470274,1,2,2,5,5,8,36,12,2,1,0,47,2,12,481,12481,31,1991,"1FTEF14NXMNA","1","F","T","E","F","1","4","N","X","M","N","A",0,0,0,"000000000","00000000000",0,0,0,1,0,0,0,0,0,0,0,998,7,0,0,12,6,2,12,0,0,0,1,47,37710,2,1,0,0,2,0,69,200,1,9,0,1,0,8,2012,12,2015,0,28,0,0,0,1,2,55,1,1,2,2,0,0,1,10,99,1,4,50,"777777777777","777777777777","777777777777",0,0
47,470274,2,2,1,5,5,8,36,12,2,1,0,47,1,12,17,12017,4,2003,"1FAFP55293A2","1","F","A","F","P","5","5","2","9","3","A","2",0,0,0,"000000000","00000000000",0,0,0,1,0,0,0,0,0,0,0,998,0,0,0,12,6,2,12,0,0,0,1,47,37766,6,1,0,0,3,1,70,200,0,0,0,0,0,0,0,0,0,0,0,0,0,0,1,2,55,1,1,2,2,0,0,1,62,7,9,4,51,"777777777777","777777777777","777777777777",1,0
47,470275,1,2,1,23,4,17,25,12,2,1,0,47,1,13,1,13001,4,1996,"1LNLM83W1TY6","1","L","N","L","M","8","3","W","1","T","Y","6",0,0,0,"000000000","00000000000",0,0,0,1,0,0,0,0,0,0,0,998,0,0,0,12,6,2,12,0,0,0,1,47,37090,6,1,0,0,3,0,71,270,0,0,0,0,0,0,0,0,0,0,28,0,0,0,1,2,55,1,1,2,1,0,0,1,10,99,1,2,50,"777777777777","777777777777","777777777777",0,0
47,470275,2,2,2,23,4,17,25,12,2,1,0,47,1,72,706,72706,80,2004,"1HD1FXV184Y7","1","H","D","1","F","X","V","1","8","4","Y","7",0,0,0,"000000000","00000000000",0,0,0,1,0,0,0,0,0,0,0,998,0,0,0,12,6,2,12,0,0,0,1,47,37130,6,1,0,0,3,0,65,160,0,0,0,0,0,0,0,0,0,0,0,0,0,0,1,2,55,1,1,2,1,0,0,1,62,99,1,1,51,"777777777777","777777777777","777777777777",2,0
47,470276,1,1,1,4,5,19,30,8,0,1,0,93,3,85,881,85881,66,2015,"1XKYDP9XXFJ4","1","X","K","Y","D","P","9","X","X","F","J","4",1,1,57,"02023810","5702023810",3,6,1,1,0,0,0,0,0,0,0,998,0,0,0,12,2,5,8,0,0,0,1,48,76116,6,1,6,0,3,3,999,999,0,0,0,1,0,11,2012,11,2012,0,0,0,0,0,3,3,55,1,1,2,1,0,0,1,80,99,1,1,13,"1UYVS2531DU4","777777777777","777777777777",0,0
47,470277,1,1,1,8,4,16,38,35,0,1,0,47,1,22,403,22403,14,2006,"2CKDL63F2660","2","C","K","D","L","6","3","F","2","6","6","0",0,0,0,"000000000","00000000000",0,0,0,1,0,0,0,0,0,0,0,998,0,1,5,1,6,2,1,0,0,0,1,47,37207,6,1,0,0,3,3,66,210,0,0,0,0,0,0,0,0,0,0,58,0,0,0,1,2,35,2,2,2,1,0,0,14,6,6,4,4,7,"777777777777","777777777777","777777777777",1,0
47,470278,1,2,5,4,5,16,0,12,6,1,0,47,1,12,401,12401,14,2003,"1FMZU73K43UC","1","F","M","Z","U","7","3","K","4","3","U","C",0,0,0,"000000000","00000000000",0,0,0,1,0,0,0,0,0,0,0,998,0,0,0,3,6,2,12,32,0,0,1,47,37806,6,1,0,0,3,0,62,219,0,0,0,2,0,5,2011,10,2011,0,6,38,0,0,1,3,45,1,1,2,1,0,0,1,17,99,1,1,87,"777777777777","777777777777","777777777777",0,0
47,470278,2,2,3,4,5,16,0,12,6,1,0,47,1,35,443,35443,20,2006,"5N1BV28U66N1","5","N","1","B","V","2","8","U","6","6","N","1",0,0,0,"000000000","00000000000",0,0,0,1,0,0,0,0,0,0,0,998,0,0,0,12,6,2,12,32,0,0,1,47,37861,6,1,0,0,3,0,60,200,0,0,0,0,0,0,0,0,0,0,0,0,0,0,1,5,45,1,1,2,1,0,0,1,66,99,1,1,86,"777777777777","777777777777","777777777777",1,0
47,470279,1,1,1,6,5,19,0,35,0,1,0,47,1,20,482,20482,31,2004,"3GNEK12T14G1","3","G","N","E","K","1","2","T","1","4","G","1",0,0,0,"000000000","00000000000",0,0,0,1,0,0,0,0,0,0,0,998,0,1,5,12,6,2,35,0,0,0,1,47,37087,6,1,0,0,3,0,70,180,0,0,0,0,0,0,0,0,0,0,58,0,0,0,1,2,50,3,1,2,1,0,0,14,6,8,1,4,1,"777777777777","777777777777","777777777777",1,1
47,470280,1,2,2,28,4,17,27,12,6,1,0,47,1,10,41,10041,4,1993,"2E3ED66F9PH5","2","E","3","E","D","6","6","F","9","P","H","5",0,0,0,"000000000","00000000000",0,0,0,1,0,0,0,0,0,0,0,998,0,0,0,3,6,2,12,0,0,0,1,47,37931,1,1,1,0,2,0,70,150,0,0,0,0,0,0,0,0,0,0,38,48,0,0,5,5,50,1,1,2,1,0,0,11,10,99,1,1,68,"777777777777","777777777777","777777777777",1,1
47,470280,2,2,1,28,4,17,27,12,6,1,0,47,1,2,422,2422,15,2015,"1C4RJFCGXFC6","1","C","4","R","J","F","C","G","X","F","C","6",0,0,0,"000000000","00000000000",0,0,0,1,0,0,0,0,0,0,0,998,0,0,0,12,6,2,12,0,0,0,1,47,37912,6,1,0,0,3,0,65,140,0,0,0,0,0,0,0,0,0,0,0,0,0,0,5,5,50,1,1,2,1,0,0,1,62,99,1,1,69,"777777777777","777777777777","777777777777",0,0
47,470281,1,2,1,3,5,16,8,14,0,1,1,47,2,20,37,20037,4,2012,"1G1ZC5EU7CF1","1","G","1","Z","C","5","E","U","7","C","F","1",0,0,0,"000000000","00000000000",0,0,0,1,0,0,0,0,0,0,0,998,0,1,1,12,6,2,14,0,0,0,1,47,38128,0,0,0,0,0,0,69,139,0,0,0,0,0,0,0,0,0,0,28,36,0,0,1,2,30,1,1,2,1,0,0,1,10,99,9,4,11,"777777777777","777777777777","777777777777",1,0
47,470281,3,2,1,3,5,16,8,14,0,1,0,47,2,20,2,20002,4,2008,"2G1WT58K5891","2","G","1","W","T","5","8","K","5","8","9","1",0,0,0,"000000000","00000000000",0,0,0,1,0,0,0,0,0,0,0,998,0,0,0,12,6,2,12,0,0,0,1,47,38127,1,1,0,0,2,0,65,190,0,0,0,0,0,0,0,0,0,0,0,0,0,0,1,2,30,1,1,2,1,0,0,1,54,99,1,1,98,"777777777777","777777777777","777777777777",0,0
47,470282,1,3,1,6,5,21,45,12,1,1,0,47,1,12,402,12402,14,2006,"1FMYU931X6KC","1","F","M","Y","U","9","3","1","X","6","K","C",0,0,0,"000000000","00000000000",0,0,0,1,0,0,0,0,0,0,0,998,0,0,0,12,6,2,12,32,0,0,1,47,37830,6,1,0,0,3,0,65,160,1,0,0,0,2,8,2011,12,2012,3,36,39,91,0,5,5,45,1,1,2,1,2,3,1,50,99,1,3,20,"777777777777","777777777777","777777777777",0,1
47,470282,2,3,2,6,5,21,45,12,1,1,0,47,1,35,47,35047,4,2010,"1N4AL2AP0AN4","1","N","4","A","L","2","A","P","0","A","N","4",0,0,0,"000000000","00000000000",0,0,0,1,0,0,0,0,0,0,0,0,0,0,0,6,4,3,12,0,0,0,1,47,37748,6,1,0,0,3,0,66,155,0,0,0,0,0,0,0,0,0,0,0,0,0,0,5,5,45,1,1,2,1,2,3,5,53,99,1,1,21,"777777777777","777777777777","777777777777",1,0
47,470282,3,3,1,6,5,21,45,12,1,1,0,47,1,59,31,59031,4,2005,"JTHBA30G9550","J","T","H","B","A","3","0","G","9","5","5","0",0,0,0,"000000000","00000000000",0,0,0,1,0,0,0,0,0,0,0,0,0,0,0,6,6,2,12,32,0,0,1,47,37830,6,1,0,0,3,0,69,190,0,0,0,0,0,0,0,0,0,0,0,0,0,0,5,5,45,1,1,2,1,2,3,5,53,99,1,1,98,"777777777777","777777777777","777777777777",0,0
47,470283,1,1,1,7,5,14,35,35,0,1,0,47,1,37,402,37402,14,2012,"5J6RM3H73CL0","5","J","6","R","M","3","H","7","3","C","L","0",0,0,0,"000000000","00000000000",0,0,0,1,0,0,0,0,0,0,0,998,0,1,5,12,6,2,35,0,0,0,1,47,37660,6,1,0,0,3,0,72,260,0,0,0,0,0,0,0,0,0,0,0,0,0,0,1,2,35,1,5,2,1,0,0,1,13,99,1,4,1,"777777777777","777777777777","777777777777",1,0
47,470284,1,1,1,6,5,14,42,30,0,1,0,47,1,22,18,22018,4,2005,"1G2NE52E95M1","1","G","2","N","E","5","2","E","9","5","M","1",0,0,0,"000000000","00000000000",0,0,0,1,0,0,0,0,0,0,0,998,0,0,0,9,6,2,30,0,0,0,1,47,38122,6,1,0,0,3,0,69,150,0,0,0,1,0,4,2016,4,2016,0,33,36,0,0,1,2,30,1,1,2,1,20,3,6,13,99,3,4,2,"777777777777","777777777777","777777777777",1,0
47,470285,1,2,1,4,5,20,20,12,2,1,0,47,1,49,401,49401,14,1999,"JT3HN86R3X01","J","T","3","H","N","8","6","R","3","X","0","1",0,0,0,"000000000","00000000000",0,0,0,1,0,0,0,0,0,0,0,998,0,0,0,12,6,2,12,0,0,0,1,47,38008,6,1,0,0,3,0,73,240,0,0,0,0,0,0,0,0,0,0,0,0,0,0,1,2,45,1,6,2,1,0,0,1,62,99,1,1,69,"777777777777","777777777777","777777777777",0,0
47,470285,2,2,1,4,5,20,20,12,2,1,0,47,2,35,472,35472,32,2000,"1N6DD26SXYC3","1","N","6","D","D","2","6","S","X","Y","C","3",0,0,0,"000000000","00000000000",0,0,0,1,0,0,0,0,0,0,0,998,0,0,0,12,6,2,12,32,0,0,1,47,38052,6,1,0,0,3,1,71,180,0,0,0,0,0,0,0,0,0,0,38,0,0,0,1,2,45,1,5,2,1,0,0,11,15,99,1,1,68,"777777777777","777777777777","777777777777",1,0
47,470286,1,1,2,8,5,1,5,33,0,1,0,47,2,12,880,12880,67,2016,"1FT8W3DT3GEA","1","F","T","8","W","3","D","T","3","G","E","A",0,0,88,"888888888","88888888888",2,1,97,1,0,0,0,0,0,0,0,998,0,0,0,12,6,2,42,0,0,0,1,47,38583,6,2,0,0,3,2,63,103,0,0,0,0,0,0,0,0,0,0,73,0,0,0,5,5,45,1,1,2,1,0,0,1,12,99,1,4,6,"777777777777","777777777777","777777777777",1,0