"STATE","ST_CASE","VEH_NO","VE_FORMS","NUMOCCS","DAY","MONTH","HOUR","MINUTE","HARM_EV","MAN_COLL","UNITTYPE","HIT_RUN","REG_STAT","OWNER","MAKE","MODEL","MAK_MOD","BODY_TYP","MOD_YEAR","VIN","VIN_1","VIN_2","VIN_3","VIN_4","VIN_5","VIN_6","VIN_7","VIN_8","VIN_9","VIN_10","VIN_11","VIN_12","TOW_VEH","J_KNIFE","MCARR_I1","MCARR_I2","MCARR_ID","GVWR","V_CONFIG","CARGO_BT","HAZ_INV","HAZ_PLAC","HAZ_ID","HAZ_CNO","HAZ_REL","BUS_USE","SPEC_USE","EMER_USE","TRAV_SP","UNDERIDE","ROLLOVER","ROLINLOC","IMPACT1","DEFORMED","TOWED","M_HARM","VEH_SC1","VEH_SC2","FIRE_EXP","DR_PRES","L_STATE","DR_ZIP","L_STATUS","L_TYPE","CDL_STAT","L_ENDORS","L_COMPL","L_RESTRI","DR_HGT","DR_WGT","PREV_ACC","PREV_SUS","PREV_DWI","PREV_SPD","PREV_OTH","FIRST_MO","FIRST_YR","LAST_MO","LAST_YR","SPEEDREL","DR_SF1","DR_SF2","DR_SF3","DR_SF4","VTRAFWAY","VNUM_LAN","VSPD_LIM","VALIGN","VPROFILE","VPAVETYP","VSURCOND","VTRAFCON","VTCONT_F","P_CRASH1","P_CRASH2","P_CRASH3","PCRASH4","PCRASH5","ACC_TYPE","TRLR1VIN","TRLR2VIN","TRLR3VIN","DEATHS","DR_DRINK"
47,470287,1,2,1,8,5,10,36,12,6,1,0,48,1,12,481,12481,32,2014,"1FTFW1ETXEFC","1","F","T","F","W","1","E","T","X","E","F","C",0,0,0,"000000000","00000000000",0,0,0,1,0,0,0,0,0,0,0,998,0,0,0,12,6,2,12,0,0,0,1,48,77304,6,1,0,0,3,0,999,999,0,0,0,0,0,0,0,0,0,3,99,99,99,99,2,5,45,1,1,2,1,0,0,1,67,99,1,1,83,"777777777777","777777777777","777777777777",0,0
47,470287,2,2,1,8,5,10,36,12,6,1,0,47,1,63,36,63036,6,2009,"KNAFG5286972","K","N","A","F","G","5","2","8","6","9","7","2",0,0,0,"000000000","00000000000",0,0,0,1,0,0,0,0,0,0,0,998,0,0,0,9,6,2,12,0,0,0,1,47,37861,6,1,0,0,3,1,67,150,1,0,0,0,0,10,2011,10,2011,9,99,99,99,99,1,3,35,1,1,2,1,20,3,11,15,99,1,1,82,"777777777777","777777777777","777777777777",1,0
47,470288,2,1,1,8,5,6,55,14,0,1,0,47,1,7,482,7482,31,2005,"1D7HA16K15J5","1","D","7","H","A","1","6","K","1","5","J","5",0,0,0,"000000000","00000000000",0,0,0,1,0,0,0,0,0,0,0,998,0,0,0,12,6,2,14,0,0,0,1,47,37854,6,1,0,0,3,0,72,165,3,0,0,1,0,5,2014,1,2016,0,6,0,0,0,5,5,55,1,1,2,1,0,0,1,13,99,1,4,98,"777777777777","777777777777","777777777777",0,0
47,470289,1,1,1,11,5,23,38,35,0,1,0,47,1,20,37,20037,4,2010,"1G1ZD5EB7AF1","1","G","1","Z","D","5","E","B","7","A","F","1",0,0,0,"000000000","00000000000",0,0,0,1,0,0,0,0,0,0,0,998,0,1,5,1,6,2,1,0,0,0,1,47,37211,2,1,0,0,2,0,71,175,0,3,2,0,1,5,2013,1,2015,0,0,0,0,0,1,2,55,1,3,2,1,0,0,1,13,99,1,4,1,"777777777777","777777777777","777777777777",1,1
47,470290,1,2,4,1,5,23,25,8,0,1,0,47,2,12,25,12025,6,2009,"2FMDK53C19BA","2","F","M","D","K","5","3","C","1","9","B","A",0,0,0,"000000000","00000000000",0,0,0,1,0,0,0,0,0,0,0,998,0,0,0,12,6,2,8,0,0,0,1,47,37323,6,1,0,0,3,0,74,240,0,0,0,0,0,0,0,0,0,0,0,0,0,0,2,2,70,1,1,2,1,0,0,1,80,99,1,1,13,"777777777777","777777777777","777777777777",0,0
47,470290,2,2,2,1,5,23,25,8,0,1,0,13,2,12,481,12481,32,2004,"1FTRW12W94KD","1","F","T","R","W","1","2","W","9","4","K","D",0,0,0,"000000000","00000000000",0,0,0,1,0,0,0,0,0,0,0,998,0,0,0,14,4,5,8,0,0,0,1,13,30721,6,2,0,0,3,0,73,205,98,0,0,1,2,12,2011,10,2013,0,0,0,0,0,2,2,70,1,1,2,1,0,0,1,80,99,1,3,98,"777777777777","777777777777","777777777777",0,0
47,470291,1,1,1,9,5,12,54,42,0,1,0,47,1,38,471,38471,30,1984,"JAACL14S3E07","J","A","A","C","L","1","4","S","3","E","0","7",0,0,0,"000000000","00000000000",0,0,0,1,0,0,0,0,0,0,0,998,0,1,5,12,6,2,1,0,0,0,1,47,37862,6,1,0,0,3,0,74,200,0,0,0,0,0,0,0,0,0,0,0,0,0,0,1,2,30,2,6,2,1,0,0,14,6,99,2,4,7,"777777777777","777777777777","777777777777",1,0
47,470292,1,1,1,11,5,13,42,42,0,1,0,47,2,37,32,37032,4,2003,"1HGCM66583A0","1","H","G","C","M","6","6","5","8","3","A","0",0,0,0,"000000000","00000000000",0,0,0,1,0,0,0,0,0,0,0,998,0,0,0,10,6,2,42,0,0,0,1,47,37919,6,2,0,0,3,3,72,170,0,0,0,0,0,0,0,0,0,4,0,0,0,0,1,2,30,2,1,2,2,0,0,98,6,99,2,4,7,"777777777777","777777777777","777777777777",1,0
47,470293,1,1,3,26,4,5,14,1,0,1,0,47,1,55,35,55035,4,2003,"KMHDN45D73U5","K","M","H","D","N","4","5","D","7","3","U","5",0,0,0,"000000000","00000000000",0,0,0,1,0,0,0,0,0,0,0,998,0,2,5,0,6,2,59,0,0,0,1,47,37421,1,1,0,0,2,0,70,165,0,0,0,0,0,0,0,0,0,0,0,0,0,0,3,3,55,3,6,2,1,0,0,14,13,99,1,4,1,"777777777777","777777777777","777777777777",1,0
47,470294,1,3,1,6,5,14,30,54,11,1,1,93,3,86,881,86881,63,1993,"1M2B209C7PM0","1","M","2","B","2","0","9","C","7","P","M","0",1,1,57,"01263472","5701263472",3,4,4,1,0,0,0,0,0,0,0,998,0,0,0,18,0,3,54,0,0,0,1,47,37322,1,1,1,0,2,3,73,200,0,0,0,1,0,12,2011,12,2011,3,22,24,36,0,1,2,55,1,6,2,1,0,0,1,98,99,1,1,98,"888888888888","777777777777","777777777777",0,0
47,470294,2,3,2,6,5,14,30,54,11,1,0,47,2,35,39,35039,4,2008,"1N4BA41E88C8","1","N","4","B","A","4","1","E","8","8","C","8",0,0,0,"000000000","00000000000",0,0,0,1,0,0,0,0,0,0,0,998,0,0,0,12,6,2,54,0,0,0,1,47,37130,2,1,0,0,2,0,73,191,0,0,0,0,0,0,0,0,0,0,0,0,0,0,1,2,55,1,5,2,1,0,0,1,98,98,1,1,98,"777777777777","777777777777","777777777777",2,0
47,470294,3,3,2,6,5,14,30,54,11,1,0,47,1,35,401,35401,14,1995,"JN8HD17Y6SW0","J","N","8","H","D","1","7","Y","6","S","W","0",0,0,0,"000000000","00000000000",0,0,0,1,0,0,0,0,0,0,0,998,0,1,1,12,6,2,54,0,0,0,1,47,37327,6,1,0,0,3,0,69,218,0,0,0,0,0,0,0,0,0,0,0,0,0,0,1,2,55,1,5,2,1,0,0,1,98,99,1,1,98,"777777777777","777777777777","777777777777",2,0
47,470295,1,1,2,13,5,8,59,14,0,1,0,47,1,37,402,37402,14,2015,"2HKRM3H39FH5","2","H","K","R","M","3","H","3","9","F","H","5",0,0,0,"000000000","00000000000",0,0,0,1,0,0,0,0,0,0,0,998,0,0,0,12,6,2,14,32,0,0,1,47,37763,6,1,0,0,3,3,67,140,0,0,0,0,0,0,0,0,0,3,28,29,0,0,3,3,65,1,1,2,1,0,0,1,50,99,1,5,11,"777777777777","777777777777","777777777777",2,0
47,470296,1,2,2,13,5,13,0,12,11,1,0,47,1,12,471,12471,30,1999,"1FTYR10V3XUB","1","F","T","Y","R","1","0","V","3","X","U","B",0,0,0,"000000000","00000000000",0,0,0,1,0,0,0,0,0,0,0,998,0,1,1,4,6,2,1,0,0,0,1,47,38570,6,1,0,0,3,0,72,145,0,0,0,0,0,0,0,0,0,0,28,0,0,0,5,5,40,3,1,2,1,0,0,14,6,99,4,2,64,"777777777777","777777777777","777777777777",1,0
47,470296,2,2,5,13,5,13,0,12,11,1,0,47,2,49,422,49422,15,2008,"5TDZY68A48S0","5","T","D","Z","Y","6","8","A","4","8","S","0",0,0,0,"000000000","00000000000",0,0,0,1,0,0,0,0,0,0,0,998,0,0,0,8,6,2,12,0,0,0,1,47,37748,6,1,0,0,3,0,65,140,0,0,0,0,0,0,0,0,0,0,0,0,0,0,5,5,40,1,1,2,1,0,0,1,62,99,1,1,65,"777777777777","777777777777","777777777777",0,0
47,470297,1,1,1,14,5,7,6,24,0,1,0,47,2,37,32,37032,4,1998,"1HGCG5657WA0","1","H","G","C","G","5","6","5","7","W","A","0",0,0,0,"000000000","00000000000",0,0,0,1,0,0,0,0,0,0,0,998,0,1,5,1,6,2,24,0,0,0,1,47,37620,6,1,6,0,3,3,71,194,0,0,0,1,0,6,2013,6,2013,0,6,0,0,0,3,3,65,1,1,2,1,0,0,1,13,99,1,4,1,"777777777777","777777777777","777777777777",1,0
47,470298,1,1,1,14,5,15,24,31,0,1,0,47,1,73,705,73705,80,2001,"JKAZX4J111A0","J","K","A","Z","X","4","J","1","1","1","A","0",0,0,0,"000000000","00000000000",0,0,0,1,0,0,0,0,0,0,0,998,0,0,0,12,6,2,31,0,0,0,1,47,37686,6,1,0,0,2,0,69,175,1,0,0,0,0,11,2014,11,2014,4,0,0,0,0,1,2,35,3,1,2,1,0,0,14,6,99,1,4,1,"777777777777","777777777777","777777777777",1,0
47,470299,1,2,1,5,5,12,25,12,1,1,0,47,2,12,401,12401,14,2004,"1FMZU73K34ZA","1","F","M","Z","U","7","3","K","3","4","Z","A",0,0,0,"000000000","00000000000",0,0,0,1,0,0,0,0,0,0,0,998,0,0,0,6,6,2,12,0,0,0,1,47,37385,6,1,0,0,3,0,62,98,0,0,0,0,0,0,0,0,0,0,6,28,0,0,1,2,35,1,1,2,2,0,0,1,6,99,4,2,98,"777777777777","777777777777","777777777777",0,0
47,470299,2,2,1,5,5,12,25,12,1,1,0,47,1,14,36,14036,4,1995,"3MASM10J5SR6","3","M","A","S","M","1","0","J","5","S","R","6",0,0,0,"000000000","00000000000",0,0,0,1,0,0,0,0,0,0,0,998,0,0,0,12,6,2,12,0,0,0,1,47,37774,6,1,0,0,3,0,64,195,0,0,0,0,0,0,0,0,0,0,0,0,0,0,1,2,35,1,1,2,2,0,0,1,62,99,1,1,98,"777777777777","777777777777","777777777777",1,0
47,470301,1,5,3,8,5,15,20,12,1,1,0,47,2,20,16,20016,2,2000,"1G1JC1249Y73","1","G","1","J","C","1","2","4","9","Y","7","3",0,0,0,"000000000","00000000000",0,0,0,1,0,0,0,0,0,0,0,998,1,0,0,12,6,2,12,0,0,0,1,47,37083,0,0,0,0,0,0,999,999,99,99,99,99,99,99,9999,99,9999,9,26,0,0,0,1,2,45,1,1,2,1,0,0,1,52,99,1,1,28,"777777777777","777777777777","777777777777",1,0
47,470301,2,5,2,8,5,15,20,12,1,1,0,47,2,20,9,20009,2,2015,"2G1FA1E38F91","2","G","1","F","A","1","E","3","8","F","9","1",0,0,0,"000000000","00000000000",0,0,0,1,0,0,0,0,0,0,0,998,0,0,0,6,6,2,12,0,0,0,1,47,37066,6,2,0,0,3,1,71,225,0,0,0,0,0,0,0,0,0,0,0,0,0,0,1,2,45,1,1,2,1,0,0,2,53,99,1,1,29,"777777777777","777777777777","777777777777",0,0
47,470301,3,5,3,8,5,15,20,12,1,1,0,47,1,37,402,37402,14,2013,"5J6RM3H72DL0","5","J","6","R","M","3","H","7","2","D","L","0",0,0,0,"000000000","00000000000",0,0,0,1,0,0,0,0,0,0,0,0,0,0,0,6,6,2,12,0,0,0,1,47,37072,6,1,0,0,3,0,62,110,1,0,0,0,0,6,2015,6,2015,0,0,0,0,0,1,2,45,1,1,2,1,0,0,5,50,1,1,1,98,"777777777777","777777777777","777777777777",0,0
47,470301,4,5,2,8,5,15,20,12,1,1,0,47,1,22,9,22009,1,1994,"2G2FV22P9R22","2","G","2","F","V","2","2","P","9","R","2","2",0,0,0,"000000000","00000000000",0,0,0,1,0,0,0,0,0,0,0,0,0,0,0,6,4,5,12,0,0,0,1,47,37066,6,1,0,0,3,0,74,170,0,0,0,0,0,0,0,0,0,0,0,0,0,0,1,2,45,1,1,2,1,0,0,5,50,1,1,1,98,"777777777777","777777777777","777777777777",0,0
47,470301,5,5,1,8,5,15,20,12,1,1,0,93,3,82,881,82881,66,2014,"3AKJGLD53ESF","3","A","K","J","G","L","D","5","3","E","S","F",1,1,57,"00732175","5700732175",3,6,1,1,0,0,0,0,0,0,0,998,0,0,0,12,6,2,12,0,0,0,1,18,46131,6,1,6,0,3,0,80,230,0,0,0,1,0,2,2015,2,2015,0,0,0,0,0,1,2,45,1,1,2,1,0,0,1,62,7,1,1,98,"1GRAA0628GB7","777777777777","777777777777",0,0
47,470302,1,1,1,9,5,99,99,35,0,1,0,47,1,20,471,20471,30,1994,"1GCCS1449RK1","1","G","C","C","S","1","4","4","9","R","K","1",0,0,0,"000000000","00000000000",0,0,0,1,0,0,0,0,0,0,0,998,0,0,0,12,6,2,35,0,0,0,1,47,38477,6,1,0,0,3,3,71,175,0,0,0,0,0,0,0,0,0,0,0,0,0,0,1,2,55,3,6,2,1,0,0,14,13,99,1,4,1,"777777777777","777777777777","777777777777",1,0
47,470303,1,1,1,24,4,99,99,23,0,1,0,92,0,53,705,53705,80,2005,"JS1GN7CA6521","J","S","1","G","N","7","C","A","6","5","2","1",0,0,0,"000000000","00000000000",0,0,0,1,0,0,0,0,0,0,0,998,0,0,0,10,6,2,23,0,0,0,1,47,37343,2,1,0,0,2,0,70,170,4,5,3,3,1,8,2011,2,2015,4,0,0,0,0,1,2,50,1,1,2,1,0,0,1,12,99,1,4,6,"777777777777","777777777777","777777777777",1,1
47,470304,1,2,1,14,5,20,30,12,6,1,0,47,0,12,401,12401,14,1997,"1FMDU34X3VUB","1","F","M","D","U","3","4","X","3","V","U","B",0,0,0,"000000000","00000000000",0,0,0,1,0,0,0,0,0,0,0,998,0,0,0,12,6,2,12,0,0,0,1,47,37015,2,1,0,0,2,0,66,165,1,0,0,0,0,3,2012,3,2012,0,28,0,0,0,1,2,45,2,1,2,1,0,0,14,10,99,1,2,64,"777777777777","777777777777","777777777777",1,1
47,470304,2,2,2,14,5,20,30,12,6,1,0,47,1,12,481,12481,31,2007,"1FTSW21P07EA","1","F","T","S","W","2","1","P","0","7","E","A",1,1,0,"000000000","00000000000",0,0,0,1,0,0,0,0,0,0,0,998,0,0,0,10,6,2,12,0,0,0,1,47,37015,6,1,0,0,3,0,71,212,0,0,0,1,0,6,2015,6,2015,0,0,0,0,0,1,2,45,3,1,2,1,0,0,14,62,7,1,4,65,"888888888888","777777777777","777777777777",0,0
47,470305,1,1,2,23,4,21,50,8,0,1,0,47,1,7,21,7021,6,2005,"2D4GV58295H6","2","D","4","G","V","5","8","2","9","5","H","6",0,0,0,"000000000","00000000000",0,0,0,1,0,0,0,0,0,0,0,998,0,0,0,11,4,5,8,32,0,0,1,47,37207,6,1,0,0,3,0,74,150,0,1,0,2,0,6,2012,9,2014,0,0,0,0,0,2,2,45,1,2,2,1,0,0,1,80,98,1,2,13,"777777777777","777777777777","777777777777",0,0
47,470306,1,1,1,13,5,0,0,30,0,1,0,47,1,41,471,41471,30,1988,"JM2UF1134J03","J","M","2","U","F","1","1","3","4","J","0","3",0,0,0,"000000000","00000000000",0,0,0,1,0,0,0,0,0,0,0,998,0,0,0,9,6,2,30,0,0,0,1,47,37012,6,1,0,0,3,1,65,171,1,0,0,1,0,7,2014,8,2015,0,6,36,0,0,1,2,35,1,1,2,1,0,0,1,13,99,3,4,1,"777777777777","777777777777","777777777777",1,1
47,470307,1,1,1,8,5,14,25,9,0,1,0,47,1,22,22,22022,4,2007,"1G2ZG58B1741","1","G","2","Z","G","5","8","B","1","7","4","1",0,0,0,"000000000","00000000000",0,0,0,1,0,0,0,0,0,0,0,998,0,0,0,12,6,2,9,0,0,0,1,47,38251,6,1,0,0,3,0,66,198,0,0,0,0,0,0,0,0,0,0,0,0,0,0,2,2,65,1,1,2,1,0,0,1,83,16,2,1,13,"777777777777","777777777777","777777777777",0,0
47,470309,1,3,2,9,5,21,10,12,1,1,0,47,1,37,32,37032,4,2011,"1HGCP2F35BA0","1","H","G","C","P","2","F","3","5","B","A","0",0,0,0,"000000000","00000000000",0,0,0,1,0,0,0,0,0,0,0,998,0,0,0,12,6,2,12,0,0,0,1,47,37766,6,1,0,0,3,1,63,170,0,0,0,0,0,0,0,0,0,0,26,0,0,0,1,2,55,1,1,2,1,0,0,1,52,99,1,1,28,"777777777777","777777777777","777777777777",0,0
47,470309,2,3,2,9,5,21,10,12,1,1,0,47,1,37,31,37031,4,2012,"19XFB2F96CE0","1","9","X","F","B","2","F","9","6","C","E","0",0,0,0,"000000000","00000000000",0,0,0,1,0,0,0,0,0,0,0,998,0,0,0,12,6,2,12,0,0,0,1,47,37870,6,1,0,0,3,0,64,155,0,0,0,1,0,5,2015,5,2015,0,0,0,0,0,1,2,55,1,1,2,1,0,0,1,62,99,1,1,98,"777777777777","777777777777","777777777777",0,0
47,470309,3,3,1,9,5,21,10,12,1,1,0,47,1,23,471,23471,30,1992,"1GTCS14R1N85","1","G","T","C","S","1","4","R","1","N","8","5",0,0,0,"000000000","00000000000",0,0,0,1,0,0,0,0,0,0,0,998,0,1,1,6,6,2,12,0,0,0,1,47,37766,2,1,0,0,2,0,70,176,0,2,2,1,0,7,2012,10,2013,0,0,0,0,0,1,2,55,1,1,2,1,0,0,2,53,99,1,1,29,"777777777777","777777777777","777777777777",1,0
47,470310,1,1,2,21,1,99,99,42,0,1,0,47,2,20,461,20461,21,1993,"1GBEG25Z4PF3","1","G","B","E","G","2","5","Z","4","P","F","3",0,0,0,"000000000","00000000000",0,0,0,1,0,0,0,0,0,0,0,998,0,1,5,99,6,2,1,0,0,0,1,47,37643,2,1,0,0,2,3,64,200,0,1,1,0,0,2,2013,2,2013,9,87,0,0,0,1,2,35,3,2,2,3,0,0,14,5,99,2,4,2,"777777777777","777777777777","777777777777",1,0
47,470311,1,5,1,7,5,4,48,12,1,1,0,47,1,20,421,20421,15,2004,"1GNEC13Z24R3","1","G","N","E","C","1","3","Z","2","4","R","3",0,0,0,"000000000","00000000000",0,0,0,1,0,0,0,0,0,0,0,998,0,0,0,12,6,2,12,0,0,0,1,47,38041,6,1,0,0,3,0,63,160,0,0,0,0,0,0,0,0,0,0,6,36,0,0,3,4,45,1,1,2,1,0,0,1,50,99,1,1,98,"777777777777","777777777777","777777777777",0,0
47,470311,2,5,1,7,5,4,48,12,1,1,0,47,0,55,33,55033,4,2006,"KMHEU46C16A0","K","M","H","E","U","4","6","C","1","6","A","0",0,0,0,"000000000","00000000000",0,0,0,1,0,0,0,0,0,0,0,0,0,0,0,6,6,2,12,0,0,0,0,0,99997,7,6,97,7,6,7,998,997,998,998,998,998,998,98,9998,98,9998,8,0,0,0,0,3,4,45,1,1,2,1,0,0,0,54,0,0,0,98,"777777777777","777777777777","777777777777",1,0
47,470311,3,5,0,7,5,4,48,12,1,1,0,47,0,12,23,12023,4,2008,"3FAHP06Z78R2","3","F","A","H","P","0","6","Z","7","8","R","2",0,0,0,"000000000","00000000000",0,0,0,1,0,0,0,0,0,0,0,0,0,0,0,6,6,2,54,0,0,0,0,0,99997,7,6,97,7,6,7,998,997,998,998,998,998,998,98,9998,98,9998,8,0,0,0,0,3,4,45,1,1,2,1,0,0,0,54,0,0,0,98,"777777777777","777777777777","777777777777",0,0
47,470311,4,5,0,7,5,4,48,12,1,1,0,47,6,37,32,37032,4,2004,"1HGCM72264A0","1","H","G","C","M","7","2","2","6","4","A","0",0,0,0,"000000000","00000000000",0,0,0,1,0,0,0,0,0,0,0,0,0,0,0,6,2,3,54,0,0,0,0,0,99997,7,6,97,7,6,7,998,997,998,998,998,998,998,98,9998,98,9998,8,0,0,0,0,3,4,45,1,1,2,1,0,0,0,54,0,0,0,98,"777777777777","777777777777","777777777777",0,0
47,470311,5,5,2,7,5,4,48,12,1,1,0,99,9,20,2,20002,4,2015,"2G11X5SL4F92","2","G","1","1","X","5","S","L","4","F","9","2",0,0,0,"000000000","00000000000",0,0,0,1,0,0,0,0,0,0,0,0,0,0,0,6,2,5,54,0,0,0,1,47,38016,6,1,0,0,3,0,72,220,0,1,0,3,0,7,2013,8,2014,0,0,0,0,0,3,4,45,1,1,2,1,0,0,5,53,99,1,1,98,"777777777777","777777777777","777777777777",0,0
47,470312,1,1,1,8,5,3,35,35,0,1,0,47,1,37,32,37032,4,1997,"1HGCE6671VA0","1","H","G","C","E","6","6","7","1","V","A","0",0,0,0,"000000000","00000000000",0,0,0,1,0,0,0,0,0,0,0,998,0,0,0,12,6,2,35,0,0,0,1,47,37172,6,1,0,0,3,0,64,120,5,0,0,2,0,3,2012,7,2014,9,0,0,0,0,1,2,55,2,6,2,1,0,0,14,12,99,1,4,6,"777777777777","777777777777","777777777777",1,0
47,470313,1,1,1,15,5,4,10,32,0,1,0,28,3,20,2,20002,4,2014,"2G1WB5E38E11","2","G","1","W","B","5","E","3","8","E","1","1",0,0,0,"000000000","00000000000",0,0,0,1,0,0,0,0,0,0,0,998,0,0,0,12,6,2,32,0,0,0,1,28,38002,6,1,0,0,3,1,69,315,98,0,0,0,0,0,0,0,0,0,0,0,0,0,1,2,45,1,6,2,1,0,0,1,13,99,1,4,1,"777777777777","777777777777","777777777777",1,0
47,470314,1,2,1,17,5,11,50,12,6,1,0,47,1,6,51,6051,4,2005,"2C3AA63H35H5","2","C","3","A","A","6","3","H","3","5","H","5",0,0,0,"000000000","00000000000",0,0,0,1,0,0,0,0,0,0,0,998,0,0,0,10,6,2,12,0,0,0,1,47,38053,6,1,0,0,3,3,60,222,0,0,0,2,0,6,2011,3,2013,0,38,0,0,0,0,0,0,0,0,0,0,0,0,11,15,99,1,1,82,"777777777777","777777777777","777777777777",1,0
47,470314,2,2,2,17,5,11,50,12,6,1,0,47,2,42,42,42042,4,2010,"WDDGF5EB9AR0","W","D","D","G","F","5","E","B","9","A","R","0",0,0,0,"000000000","00000000000",0,0,0,1,0,0,0,0,0,0,0,998,0,0,0,12,6,2,12,0,0,0,1,47,38115,6,1,0,0,3,0,63,135,0,0,0,1,0,7,2013,7,2013,3,84,0,0,0,5,8,45,1,1,2,1,0,0,1,72,98,9,3,83,"777777777777","777777777777","777777777777",0,0
47,470315,1,1,2,15,5,16,13,35,0,1,0,47,2,21,21,21021,4,2003,"1G3NL52F43C1","1","G","3","N","L","5","2","F","4","3","C","1",0,0,0,"000000000","00000000000",0,0,0,1,0,0,0,0,0,0,0,998,0,0,0,1,6,2,32,0,0,0,1,47,38237,6,1,0,0,3,3,64,160,0,0,0,0,0,0,0,0,0,0,0,0,0,0,1,2,55,1,6,2,1,0,0,1,13,99,1,4,1,"777777777777","777777777777","777777777777",1,0
47,470316,1,2,1,16,5,8,5,12,6,1,0,47,2,24,7,24007,4,2007,"1G8AZ55F07Z1","1","G","8","A","Z","5","5","F","0","7","Z","1",0,0,0,"000000000","00000000000",0,0,0,1,0,0,0,0,0,0,0,998,1,0,0,11,6,2,12,0,0,0,1,47,37752,1,1,0,0,2,0,72,175,1,0,0,0,0,10,2013,10,2013,0,28,0,0,0,5,5,55,1,1,2,1,0,0,1,10,99,1,2,64,"777777777777","777777777777","777777777777",1,0
47,470316,2,2,1,16,5,8,5,12,6,1,0,93,3,84,881,84881,66,2003,"3HSCNASR03N0","3","H","S","C","N","A","S","R","0","3","N","0",1,1,57,"00370744","5700370744",3,6,4,1,0,0,0,0,0,0,0,998,0,0,0,9,6,2,12,0,0,0,1,47,37857,6,1,6,0,3,0,67,192,1,0,0,0,1,11,2012,2,2013,0,0,0,0,0,5,5,55,1,1,2,1,0,0,1,62,99,1,1,65,"1W1MBFYA36A2","777777777777","777777777777",0,0
47,470317,1,2,1,18,5,6,42,12,2,1,0,47,2,23,481,23481,31,1999,"1GTEK19T3XE5","1","G","T","E","K","1","9","T","3","X","E","5",0,0,0,"000000000","00000000000",0,0,0,1,0,0,0,0,0,0,0,998,0,0,0,12,6,2,12,0,0,0,1,47,37327,6,1,0,0,3,0,65,120,1,0,0,0,0,5,2016,5,2016,0,0,0,0,0,1,4,55,3,6,2,1,0,0,14,62,99,1,1,51,"777777777777","777777777777","777777777777",0,0
47,470317,2,2,1,18,5,6,42,12,2,1,0,47,1,35,47,35047,4,2010,"1N4BL2AP9AN5","1","N","4","B","L","2","A","P","9","A","N","5",0,0,0,"000000000","00000000000",0,0,0,1,0,0,0,0,0,0,0,998,0,0,0,12,6,2,12,0,0,0,1,47,38583,6,1,0,0,3,3,71,175,0,0,0,0,0,0,0,0,0,0,28,0,0,0,1,4,55,2,5,2,1,0,0,14,10,99,1,2,50,"777777777777","777777777777","777777777777",1,0
47,470318,1,2,4,16,5,12,20,1,0,1,0,47,2,20,401,20401,14,2001,"1GNCS13W2122","1","G","N","C","S","1","3","W","2","1","2","2",0,0,0,"000000000","00000000000",0,0,0,1,0,0,0,0,0,0,0,998,0,2,1,0,6,2,12,0,0,0,1,47,37849,2,1,0,0,2,0,67,170,0,0,0,0,0,0,0,0,0,0,6,33,36,0,1,2,55,1,1,2,1,0,0,1,52,6,9,2,98,"777777777777","777777777777","777777777777",1,0
47,470318,2,2,1,16,5,12,20,1,0,1,0,47,1,7,472,7472,31,2002,"1B7FL16X62S5","1","B","7","F","L","1","6","X","6","2","S","5",0,0,0,"000000000","00000000000",0,0,0,1,0,0,0,0,0,0,0,998,0,0,0,12,6,2,12,0,0,0,1,47,37826,6,1,0,0,3,0,71,200,1,0,0,0,0,6,2014,6,2014,0,0,0,0,0,1,2,55,1,1,2,1,0,0,1,62,99,1,3,98,"777777777777","777777777777","777777777777",0,0
47,470319,1,1,2,20,5,1,16,43,0,1,0,47,2,49,40,49040,4,2003,"4T1BE32K63U7","4","T","1","B","E","3","2","K","6","3","U","7",0,0,0,"000000000","00000000000",0,0,0,1,0,0,0,0,0,0,0,998,0,0,0,12,6,2,43,0,0,1,1,47,37814,2,1,0,0,2,0,999,999,0,0,0,0,0,0,0,0,0,3,36,0,0,0,2,2,55,1,1,2,1,0,0,1,13,99,1,4,1,"777777777777","777777777777","777777777777",1,0
47,470320,1,1,3,22,5,2,51,33,0,1,0,47,1,35,47,35047,4,2003,"1N4AL11D23C1","1","N","4","A","L","1","1","D","2","3","C","1",0,0,0,"000000000","00000000000",0,0,0,1,0,0,0,0,0,0,0,998,0,0,0,1,6,2,33,0,0,0,1,47,38116,6,1,0,0,3,0,71,130,1,0,0,0,0,1,2015,1,2015,0,0,0,0,0,1,7,40,1,1,2,1,0,0,1,13,99,1,4,1,"777777777777","777777777777","777777777777",1,0
47,470321,1,1,1,21,5,8,1,8,0,1,1,99,9,99,999,99999,99,9999,"999999999999","9","9","9","9","9","9","9","9","9","9","9","9",9,0,0,"000000000","00000000000",0,0,0,1,0,0,0,0,99,99,9,998,0,0,0,99,9,5,8,99,99,0,1,99,99999,9,9,99,9,9,9,999,999,99,99,99,99,99,99,9999,99,9999,9,99,99,99,99,5,7,45,1,1,2,1,0,0,1,80,99,9,9,13,"777777777777","777777777777","777777777777",0,0
47,470322,1,3,1,23,5,6,10,12,2,1,0,47,2,7,482,7482,31,2014,"1C6RR6GT9ES3","1","C","6","R","R","6","G","T","9","E","S","3",0,0,0,"000000000","00000000000",0,0,0,1,0,0,0,0,0,0,0,998,0,0,0,12,6,2,12,0,0,0,1,47,38391,6,1,0,0,3,0,64,138,1,0,0,1,0,6,2015,4,2016,0,0,0,0,0,1,2,55,3,2,2,1,0,0,14,62,99,1,1,51,"777777777777","777777777777","777777777777",0,0