"STATE","ST_CASE","VEH_NO","VE_FORMS","NUMOCCS","DAY","MONTH","HOUR","MINUTE","HARM_EV","MAN_COLL","UNITTYPE","HIT_RUN","REG_STAT","OWNER","MAKE","MODEL","MAK_MOD","BODY_TYP","MOD_YEAR","VIN","VIN_1","VIN_2","VIN_3","VIN_4","VIN_5","VIN_6","VIN_7","VIN_8","VIN_9","VIN_10","VIN_11","VIN_12","TOW_VEH","J_KNIFE","MCARR_I1","MCARR_I2","MCARR_ID","GVWR","V_CONFIG","CARGO_BT","HAZ_INV","HAZ_PLAC","HAZ_ID","HAZ_CNO","HAZ_REL","BUS_USE","SPEC_USE","EMER_USE","TRAV_SP","UNDERIDE","ROLLOVER","ROLINLOC","IMPACT1","DEFORMED","TOWED","M_HARM","VEH_SC1","VEH_SC2","FIRE_EXP","DR_PRES","L_STATE","DR_ZIP","L_STATUS","L_TYPE","CDL_STAT","L_ENDORS","L_COMPL","L_RESTRI","DR_HGT","DR_WGT","PREV_ACC","PREV_SUS","PREV_DWI","PREV_SPD","PREV_OTH","FIRST_MO","FIRST_YR","LAST_MO","LAST_YR","SPEEDREL","DR_SF1","DR_SF2","DR_SF3","DR_SF4","VTRAFWAY","VNUM_LAN","VSPD_LIM","VALIGN","VPROFILE","VPAVETYP","VSURCOND","VTRAFCON","VTCONT_F","P_CRASH1","P_CRASH2","P_CRASH3","PCRASH4","PCRASH5","ACC_TYPE","TRLR1VIN","TRLR2VIN","TRLR3VIN","DEATHS","DR_DRINK"
47,470322,2,3,1,23,5,6,10,12,2,1,0,47,1,20,481,20481,31,2006,"1GCEK19Z16Z2","1","G","C","E","K","1","9","Z","1","6","Z","2",0,0,0,"000000000","00000000000",0,0,0,1,0,0,0,0,0,0,0,998,0,0,0,12,6,2,12,0,0,0,1,47,38340,6,1,0,0,3,0,66,155,1,0,0,1,0,12,2011,1,2016,0,84,0,0,0,1,2,55,3,2,2,1,0,0,14,52,6,9,2,98,"777777777777","777777777777","777777777777",0,0
47,470322,3,3,1,23,5,6,10,12,2,1,0,47,1,23,481,23481,31,1998,"2GTEC19R2W15","2","G","T","E","C","1","9","R","2","W","1","5",0,0,0,"000000000","00000000000",0,0,0,1,0,0,0,0,0,0,0,998,0,0,0,12,6,2,12,0,0,0,1,47,38008,1,1,0,0,2,0,71,190,0,0,0,0,0,0,0,0,0,3,28,58,0,0,1,2,55,3,2,2,1,0,0,14,13,6,9,6,50,"777777777777","777777777777","777777777777",1,0
47,470323,1,2,1,20,5,17,19,12,6,1,0,47,1,6,52,6052,9,2008,"3A8FY48B88T1","3","A","8","F","Y","4","8","B","8","8","T","1",0,0,0,"000000000","00000000000",0,0,0,1,0,0,0,0,0,0,0,998,0,0,0,9,6,2,12,0,0,0,1,47,37931,6,1,0,0,3,3,68,208,0,0,0,0,0,0,0,0,0,0,38,0,0,0,0,0,0,0,0,0,0,0,0,11,15,99,1,1,82,"777777777777","777777777777","777777777777",1,0
47,470323,2,2,1,20,5,17,19,12,6,1,0,47,2,2,404,2404,14,2003,"1J4GW58N43C5","1","J","4","G","W","5","8","N","4","3","C","5",0,0,0,"000000000","00000000000",0,0,0,1,0,0,0,0,0,0,0,998,0,0,0,12,6,2,12,0,0,0,1,47,37931,6,1,0,0,3,3,69,150,2,0,0,0,0,3,2013,8,2014,0,0,0,0,0,1,2,55,1,1,2,2,0,0,1,72,7,1,2,83,"777777777777","777777777777","777777777777",0,0
47,470324,1,1,1,14,5,0,8,30,0,1,0,47,1,13,1,13001,4,1996,"1LNLM81W4TY6","1","L","N","L","M","8","1","W","4","T","Y","6",0,0,0,"000000000","00000000000",0,0,0,1,0,0,0,0,0,0,0,998,0,0,0,9,6,2,30,32,0,0,1,47,38451,6,1,0,0,3,1,72,185,1,0,0,0,1,8,2011,7,2012,0,58,0,0,0,1,2,45,2,6,2,1,0,0,14,87,6,3,4,3,"777777777777","777777777777","777777777777",1,0
47,470325,1,2,2,23,5,16,10,12,2,1,0,47,2,37,402,37402,14,2013,"5J6RM3H76DL0","5","J","6","R","M","3","H","7","6","D","L","0",0,0,0,"000000000","00000000000",0,0,0,1,0,0,0,0,0,0,0,998,0,0,0,12,6,2,12,0,0,0,1,47,38506,6,1,0,0,3,0,71,135,2,2,0,0,1,9,2013,1,2016,0,28,0,0,0,1,2,45,1,5,2,1,0,0,1,10,99,1,2,50,"777777777777","777777777777","777777777777",1,0
47,470325,2,2,4,23,5,16,10,12,2,1,0,47,1,20,2,20002,4,2010,"2G1WB5EK3A12","2","G","1","W","B","5","E","K","3","A","1","2",0,0,0,"000000000","00000000000",0,0,0,1,0,0,0,0,0,0,0,998,0,0,0,12,6,2,12,32,0,0,1,47,38506,6,1,0,0,3,3,64,190,0,0,0,0,0,0,0,0,0,0,0,0,0,0,1,2,45,1,5,2,1,0,0,1,62,99,1,1,51,"777777777777","777777777777","777777777777",1,0
47,470326,1,1,1,22,5,19,40,42,0,1,0,47,1,20,37,20037,4,2001,"1G1ND52J4162","1","G","1","N","D","5","2","J","4","1","6","2",0,0,0,"000000000","00000000000",0,0,0,1,0,0,0,0,0,0,0,998,0,0,0,12,6,2,42,0,0,0,1,47,37130,6,1,0,0,3,3,72,220,2,0,0,1,0,6,2011,7,2015,3,0,0,0,0,1,2,35,3,1,2,1,0,0,14,6,99,1,4,1,"777777777777","777777777777","777777777777",1,0
47,470327,1,2,2,20,5,15,38,12,6,1,0,47,2,22,18,22018,4,2004,"1G2NE52F04C2","1","G","2","N","E","5","2","F","0","4","C","2",0,0,0,"000000000","00000000000",0,0,0,1,0,0,0,0,0,0,0,998,0,0,0,3,6,2,12,32,0,0,1,47,37160,6,1,0,0,3,2,63,155,2,0,0,0,0,3,2012,10,2012,0,38,74,0,0,1,3,30,1,1,2,2,20,3,4,17,99,1,3,87,"777777777777","777777777777","777777777777",1,0
47,470327,2,2,1,20,5,15,38,12,6,1,0,47,3,12,471,12471,30,2001,"1FTKR10A01BP","1","F","T","K","R","1","0","A","0","1","B","P",0,0,0,"000000000","00000000000",0,0,0,1,0,0,0,0,0,0,0,998,0,0,0,12,6,2,12,0,0,0,1,47,37015,6,1,0,0,3,0,68,205,0,0,0,2,0,3,2015,3,2015,0,89,0,0,0,1,3,30,1,1,2,2,0,0,1,66,99,1,3,86,"777777777777","777777777777","777777777777",0,0
47,470328,1,2,2,16,5,4,45,12,6,1,0,47,2,21,21,21021,4,2003,"1G3NL52F03C1","1","G","3","N","L","5","2","F","0","3","C","1",0,0,0,"000000000","00000000000",0,0,0,1,0,0,0,0,0,0,0,998,0,0,0,10,6,2,12,0,0,0,1,47,38301,2,1,0,0,2,0,64,147,0,0,0,0,0,0,0,0,0,0,28,0,0,0,1,2,55,1,1,2,1,0,0,1,8,99,2,2,66,"777777777777","777777777777","777777777777",1,1
47,470328,2,2,1,16,5,4,45,12,6,1,0,47,2,35,401,35401,14,1996,"JN8AR05Y3TW0","J","N","8","A","R","0","5","Y","3","T","W","0",0,0,0,"000000000","00000000000",0,0,0,1,0,0,0,0,0,0,0,998,0,0,0,11,6,2,12,0,0,0,1,47,38012,6,1,0,0,3,0,73,225,0,0,0,0,0,0,0,0,0,0,28,0,0,0,1,2,55,2,1,2,1,0,0,14,11,6,2,2,66,"777777777777","777777777777","777777777777",0,0
47,470329,1,2,1,20,5,18,5,12,2,1,0,47,2,98,706,98706,80,2014,"VBKV29404EM9","V","B","K","V","2","9","4","0","4","E","M","9",0,0,0,"000000000","00000000000",0,0,0,1,0,0,0,0,0,0,0,998,0,0,0,12,6,2,12,0,0,0,1,47,38122,6,1,0,0,3,0,74,200,0,0,0,0,0,0,0,0,0,0,58,0,0,0,1,2,35,1,1,2,1,0,0,1,9,99,9,2,50,"777777777777","777777777777","777777777777",1,1
47,470329,2,2,2,20,5,18,5,12,2,1,0,47,1,42,42,42042,4,2002,"WDBRF61J52F1","W","D","B","R","F","6","1","J","5","2","F","1",0,0,0,"000000000","00000000000",0,0,0,1,0,0,0,0,0,0,0,998,0,0,0,12,6,2,12,0,0,0,1,47,38117,6,1,0,0,3,0,70,193,2,0,0,0,0,10,2014,12,2014,0,0,0,0,0,1,2,35,1,1,2,1,0,0,1,62,99,1,1,51,"777777777777","777777777777","777777777777",0,0
47,470330,1,1,2,20,5,18,28,42,0,1,0,47,1,20,2,20002,4,2007,"2G1WT58K9792","2","G","1","W","T","5","8","K","9","7","9","2",0,0,0,"000000000","00000000000",0,0,0,1,0,0,0,0,0,0,0,998,0,1,5,2,6,2,42,32,0,0,1,47,37708,6,1,0,0,3,0,62,200,0,0,0,0,0,0,0,0,0,9,99,99,99,99,1,2,50,1,1,2,2,0,0,1,12,7,1,4,1,"777777777777","777777777777","777777777777",1,0
47,470331,1,2,2,25,5,14,37,12,6,1,0,47,3,20,2,20002,4,2007,"2G1WU58R0792","2","G","1","W","U","5","8","R","0","7","9","2",0,0,0,"000000000","00000000000",0,0,0,1,0,0,0,0,0,0,0,998,0,1,9,12,6,2,12,0,0,0,1,47,37830,1,1,0,0,2,0,74,185,1,2,0,5,1,10,2013,8,2015,3,36,38,39,0,1,3,45,1,1,2,1,1,3,1,17,99,1,1,86,"777777777777","777777777777","777777777777",1,0
47,470331,2,2,2,25,5,14,37,12,6,1,0,47,1,12,481,12481,32,2007,"1FTRF12277NA","1","F","T","R","F","1","2","2","7","7","N","A",1,1,0,"000000000","00000000000",0,0,0,1,0,0,0,0,0,0,0,998,0,1,9,3,6,2,12,0,0,0,1,47,37721,6,1,0,0,3,0,70,165,0,1,1,0,0,8,2011,8,2011,0,0,0,0,0,1,3,35,1,1,2,1,1,3,1,66,99,1,1,87,"888888888888","777777777777","777777777777",1,0
47,470332,1,1,1,12,3,19,25,8,0,1,1,47,1,20,441,20441,20,1997,"1GNDM19W1VB2","1","G","N","D","M","1","9","W","1","V","B","2",0,0,0,"000000000","00000000000",0,0,0,1,0,0,0,0,0,0,0,998,0,0,0,1,2,5,8,0,0,0,1,47,37210,6,1,0,0,3,0,73,205,0,0,0,0,0,0,0,0,0,0,0,0,0,0,5,5,40,1,1,2,2,0,0,1,80,99,1,1,13,"777777777777","777777777777","777777777777",0,0
47,470333,1,1,2,11,5,2,20,5,0,1,0,18,3,82,881,82881,66,2013,"3AKBGADV7DSB","3","A","K","B","G","A","D","V","7","D","S","B",2,1,57,"00241829","5700241829",3,7,1,1,0,0,0,0,0,0,0,998,0,0,0,0,0,5,5,0,0,0,1,5,72401,6,1,6,0,3,0,70,231,0,0,0,0,0,0,0,0,0,0,0,0,0,0,5,5,40,1,6,2,1,0,0,11,98,1,1,1,0,"888888888888","888888888888","777777777777",1,0
47,470334,1,1,1,21,5,19,33,1,0,1,0,47,0,23,471,23471,30,1993,"1GTCS14Z2P05","1","G","T","C","S","1","4","Z","2","P","0","5",0,0,0,"000000000","00000000000",0,0,0,1,0,0,0,0,0,0,0,998,0,2,5,0,6,2,1,0,0,0,1,47,37397,6,1,0,0,3,3,68,220,0,0,0,0,0,0,0,0,0,0,58,0,0,0,1,2,55,3,1,2,1,0,0,14,6,6,4,4,7,"777777777777","777777777777","777777777777",1,1
47,470335,1,1,3,21,5,21,1,5,0,1,0,47,1,35,472,35472,30,2002,"1N6ED26Y72C3","1","N","6","E","D","2","6","Y","7","2","C","3",6,1,0,"000000000","00000000000",0,0,0,1,0,0,0,0,0,0,0,998,0,0,0,0,0,5,5,0,0,0,1,47,37918,6,1,6,0,3,3,72,200,0,0,0,0,1,7,2012,7,2012,0,89,0,0,0,1,2,35,2,6,2,1,0,0,14,98,99,1,1,0,"777777777777","777777777777","777777777777",1,0
47,470336,1,1,1,22,5,15,25,1,0,1,0,47,0,37,705,37705,80,2012,"JH2PC4003CK5","J","H","2","P","C","4","0","0","3","C","K","5",0,0,0,"000000000","00000000000",0,0,0,1,0,0,0,0,0,0,0,998,0,0,0,0,6,2,24,0,0,0,1,47,38351,6,1,0,0,3,0,65,135,3,0,0,0,2,7,2012,9,2015,0,0,0,0,0,1,2,35,3,6,2,1,0,0,14,6,99,1,2,98,"777777777777","777777777777","777777777777",1,0
47,470337,1,1,1,22,5,18,17,25,0,1,0,47,2,41,45,41045,1,1997,"JM1NA353XV07","J","M","1","N","A","3","5","3","X","V","0","7",0,0,0,"000000000","00000000000",0,0,0,1,0,0,0,0,0,0,0,998,0,0,0,1,6,2,25,0,0,0,1,47,37218,2,1,0,0,2,0,73,205,0,5,2,0,0,9,2012,9,2014,0,0,0,0,0,3,2,55,3,2,2,1,0,0,14,13,99,1,4,1,"777777777777","777777777777","777777777777",1,1
47,470338,1,2,1,21,5,20,12,12,6,1,1,47,2,34,47,34047,1,2015,"WBA3T3C53FVA","W","B","A","3","T","3","C","5","3","F","V","A",0,0,0,"000000000","00000000000",0,0,0,1,0,0,0,0,0,0,0,998,0,0,0,11,6,2,12,0,0,0,1,47,37421,6,1,0,0,3,0,74,225,0,0,0,0,0,0,0,0,0,0,6,38,91,0,0,0,0,0,0,0,0,0,0,4,98,99,1,1,98,"777777777777","777777777777","777777777777",0,1
47,470338,2,2,1,21,5,20,12,12,6,1,0,37,0,98,706,98706,80,2006,"5L5TH1555610","5","L","5","T","H","1","5","5","5","6","1","0",0,0,0,"000000000","00000000000",0,0,0,1,0,0,0,0,0,0,0,998,0,0,0,12,6,2,12,0,0,0,1,13,37363,6,1,0,0,2,0,73,195,98,0,0,0,1,6,2012,6,2012,0,0,0,0,0,5,5,40,1,1,2,1,0,0,1,98,99,1,1,98,"777777777777","777777777777","777777777777",1,0
47,470339,1,1,1,26,5,0,34,1,0,1,0,47,1,72,706,72706,80,2002,"1HD1BMY122Y0","1","H","D","1","B","M","Y","1","2","2","Y","0",0,0,0,"000000000","00000000000",0,0,0,1,0,0,0,0,0,0,0,998,0,0,0,0,6,2,42,0,0,0,1,47,37849,6,1,0,0,3,0,72,195,0,0,0,0,0,0,0,0,0,4,0,0,0,0,1,2,40,3,2,2,1,0,0,14,6,99,1,4,1,"777777777777","777777777777","777777777777",1,1
47,470340,1,1,1,27,5,5,6,8,0,1,1,99,9,99,999,99999,99,9999,"999999999999","9","9","9","9","9","9","9","9","9","9","9","9",9,0,0,"000000000","00000000000",0,0,0,1,0,0,0,0,99,99,9,998,0,0,0,99,9,5,8,99,99,0,1,99,99999,9,9,99,9,9,9,999,999,99,99,99,99,99,99,9999,99,9999,9,99,99,99,99,1,2,30,1,1,2,2,0,0,1,80,99,9,9,13,"777777777777","777777777777","777777777777",0,0
47,470341,1,2,1,26,5,6,0,12,2,1,0,47,2,30,46,30046,4,1999,"WVWMD63B5XE3","W","V","W","M","D","6","3","B","5","X","E","3",0,0,0,"000000000","00000000000",0,0,0,1,0,0,0,0,0,0,0,998,0,0,0,12,6,2,12,0,0,0,1,47,38351,6,1,0,0,3,0,75,240,0,2,2,1,0,3,2012,10,2013,0,28,0,0,0,1,2,45,2,1,2,1,0,0,14,10,99,1,2,50,"777777777777","777777777777","777777777777",0,0
47,470341,2,2,1,26,5,6,0,12,2,1,0,47,1,37,702,37702,88,2010,"LWBJF1908A10","L","W","B","J","F","1","9","0","8","A","1","0",0,0,0,"000000000","00000000000",0,0,0,1,0,0,0,0,0,0,0,998,0,0,0,12,6,2,12,0,0,0,1,47,38390,2,1,0,0,2,0,66,180,0,0,0,0,0,0,0,0,0,0,0,0,0,0,1,2,45,1,1,2,1,0,0,1,62,99,1,1,51,"777777777777","777777777777","777777777777",1,0
47,470342,1,1,2,29,5,3,59,35,0,1,0,47,2,20,421,20421,15,1999,"1GNDT13WXX21","1","G","N","D","T","1","3","W","X","X","2","1",0,0,0,"000000000","00000000000",0,0,0,1,0,0,0,0,0,0,0,998,0,1,5,12,6,2,1,0,0,0,1,47,37806,6,1,0,0,3,0,70,140,0,0,0,0,0,0,0,0,0,0,58,0,0,0,1,2,45,1,1,2,1,0,0,1,11,6,3,4,2,"777777777777","777777777777","777777777777",1,1
47,470343,1,1,2,27,5,19,35,1,0,1,0,0,0,98,739,98739,90,2016,"3JBPWAP27GJ0","3","J","B","P","W","A","P","2","7","G","J","0",0,0,0,"000000000","00000000000",0,0,0,1,0,0,0,0,0,0,0,998,0,2,5,0,6,2,1,0,0,0,1,37,27018,6,1,6,0,3,0,66,999,0,0,0,0,2,5,2012,5,2014,0,34,0,0,0,1,2,25,3,1,5,2,0,0,6,11,99,1,4,1,"777777777777","777777777777","777777777777",1,1
47,470344,1,2,1,28,5,22,58,12,11,1,0,47,2,49,401,49401,14,1988,"JT4RN63A8J02","J","T","4","R","N","6","3","A","8","J","0","2",0,0,0,"000000000","00000000000",0,0,0,1,0,0,0,0,0,0,0,0,0,1,1,13,6,2,12,0,0,0,1,47,37303,6,2,0,0,3,0,76,176,0,0,0,0,0,0,0,0,0,0,0,0,0,0,2,2,60,1,2,2,1,0,0,5,53,99,1,1,98,"777777777777","777777777777","777777777777",1,0
47,470344,2,2,1,28,5,22,58,12,11,1,0,47,2,35,47,35047,4,2013,"1N4BL3AP7DC1","1","N","4","B","L","3","A","P","7","D","C","1",0,0,0,"000000000","00000000000",0,0,0,1,0,0,0,0,0,0,0,998,0,0,0,12,6,2,12,0,0,0,1,47,37321,1,1,0,0,2,1,72,200,0,1,0,1,0,4,2012,11,2015,0,0,0,0,0,2,2,60,1,2,2,1,0,0,1,98,99,1,2,98,"777777777777","777777777777","777777777777",0,0
47,470345,1,3,1,28,5,0,21,12,8,1,0,47,1,35,402,35402,14,2003,"5N1ED28T53C6","5","N","1","E","D","2","8","T","5","3","C","6",0,0,0,"000000000","00000000000",0,0,0,1,0,0,0,0,0,0,0,998,0,0,0,61,6,2,12,0,0,0,1,47,37917,6,1,0,0,3,0,64,130,1,0,0,0,1,6,2011,11,2011,0,51,0,0,0,2,2,45,1,5,2,1,0,0,1,10,99,1,3,67,"777777777777","777777777777","777777777777",0,1
47,470345,2,3,1,28,5,0,21,12,8,1,0,47,1,6,51,6051,4,2006,"2C3LA63H66H1","2","C","3","L","A","6","3","H","6","6","H","1",0,0,0,"000000000","00000000000",0,0,0,1,0,0,0,0,0,0,0,998,0,0,0,11,6,2,12,0,0,0,1,47,37921,6,1,0,0,3,3,74,155,0,0,0,1,0,9,2015,9,2015,0,0,0,0,0,1,2,45,1,6,2,1,0,0,1,62,98,1,1,67,"777777777777","777777777777","777777777777",0,0
47,470345,3,3,1,28,5,0,21,12,8,1,0,47,1,12,37,12037,4,2002,"1FAFP34P92W1","1","F","A","F","P","3","4","P","9","2","W","1",0,0,0,"000000000","00000000000",0,0,0,1,0,0,0,0,0,0,0,998,0,0,0,12,6,2,12,0,0,0,1,47,37923,6,1,0,0,3,0,67,130,0,0,0,0,0,0,0,0,0,0,0,0,0,0,2,2,45,1,6,2,1,0,0,1,62,99,1,1,98,"777777777777","777777777777","777777777777",1,0
47,470346,1,1,2,16,5,9,0,30,0,1,0,47,0,24,1,24001,4,2002,"1G8ZH52872Z3","1","G","8","Z","H","5","2","8","7","2","Z","3",0,0,0,"000000000","00000000000",0,0,0,1,0,0,0,0,0,0,0,998,0,0,0,12,6,2,30,0,0,0,1,47,38128,1,1,0,0,2,0,66,150,2,1,0,0,2,6,2013,3,2016,0,6,36,0,0,5,5,40,1,1,2,1,0,0,1,13,99,1,4,1,"777777777777","777777777777","777777777777",1,0
47,470347,1,1,2,28,5,23,35,42,0,1,0,47,2,20,481,20481,32,1995,"1GCEC14Z6SZ1","1","G","C","E","C","1","4","Z","6","S","Z","1",0,0,0,"000000000","00000000000",0,0,0,1,0,0,0,0,0,0,0,998,0,0,0,3,6,2,42,0,0,0,1,47,37186,6,1,0,0,3,0,72,170,1,0,0,0,0,3,2016,3,2016,4,6,36,0,0,1,2,35,1,1,2,2,0,0,1,13,6,4,4,7,"777777777777","777777777777","777777777777",1,1
47,470348,1,3,2,23,4,15,13,12,9,1,0,47,1,23,421,23421,15,2000,"1GKEK13T1YJ1","1","G","K","E","K","1","3","T","1","Y","J","1",0,0,0,"000000000","00000000000",0,0,0,1,0,0,0,0,0,0,0,998,0,0,0,7,6,2,12,0,0,0,1,47,37340,6,1,0,0,3,0,74,200,3,0,0,1,1,11,2011,10,2014,0,0,0,0,0,3,2,70,1,2,1,1,0,0,2,53,99,1,1,98,"777777777777","777777777777","777777777777",0,0
47,470348,2,3,1,23,4,15,13,12,9,1,0,13,1,72,706,72706,80,1999,"1HD1FHW14XY6","1","H","D","1","F","H","W","1","4","X","Y","6",0,0,0,"000000000","00000000000",0,0,0,1,0,0,0,0,0,0,0,998,0,0,0,6,6,2,12,0,0,0,1,13,30736,6,1,0,0,3,0,71,195,98,0,0,0,0,0,0,0,0,0,0,0,0,0,3,2,70,1,2,1,1,0,0,2,53,99,1,1,32,"777777777777","777777777777","777777777777",1,1
47,470348,3,3,1,23,4,15,13,12,9,1,0,47,3,12,401,12401,14,2015,"1FM5K8AR8FGC","1","F","M","5","K","8","A","R","8","F","G","C",0,0,0,"000000000","00000000000",0,0,0,1,0,0,0,0,0,0,0,998,0,0,0,1,6,2,12,0,0,0,1,47,37419,6,1,0,0,3,3,70,182,1,0,0,0,0,11,2011,11,2011,0,0,0,0,0,3,2,70,1,2,1,1,0,0,1,52,99,9,3,32,"777777777777","777777777777","777777777777",0,0
47,470349,1,2,1,9,3,15,28,32,0,1,0,47,1,7,43,7043,4,2005,"1B3EL46R05N5","1","B","3","E","L","4","6","R","0","5","N","5",0,0,0,"000000000","00000000000",0,0,0,1,0,0,0,0,0,0,0,998,0,0,0,12,6,2,12,0,0,0,1,47,38570,6,1,0,0,3,1,66,106,0,0,0,0,0,0,0,0,0,0,0,0,0,0,2,2,65,1,1,2,1,0,0,1,12,99,9,4,6,"777777777777","777777777777","777777777777",1,0
47,470349,2,2,1,9,3,15,28,32,0,1,0,47,2,20,421,20421,15,2004,"1GNEC13V14J2","1","G","N","E","C","1","3","V","1","4","J","2",0,0,0,"000000000","00000000000",0,0,0,1,0,0,0,0,0,0,0,998,0,0,0,12,6,2,12,0,0,0,1,47,38570,6,1,0,0,3,0,69,150,0,0,0,0,0,0,0,0,0,0,0,0,0,0,2,2,65,1,1,2,1,0,0,1,62,99,1,1,98,"777777777777","777777777777","777777777777",0,0
47,470350,1,2,2,21,5,22,50,12,1,1,0,47,1,2,402,2402,14,1986,"1JCCF87E8GT1","1","J","C","C","F","8","7","E","8","G","T","1",0,0,0,"000000000","00000000000",0,0,0,1,0,0,0,0,0,0,0,998,0,1,3,6,6,2,1,0,0,0,1,47,38260,6,1,0,0,3,0,69,215,0,0,0,0,0,0,0,0,0,0,0,0,0,0,2,2,70,1,1,2,1,0,0,1,53,99,1,1,25,"777777777777","777777777777","777777777777",1,0
47,470350,2,2,1,21,5,22,50,12,1,1,0,47,1,23,481,23481,32,2011,"3GTP2VE33BG3","3","G","T","P","2","V","E","3","3","B","G","3",0,0,0,"000000000","00000000000",0,0,0,1,0,0,0,0,0,0,0,998,0,0,0,12,6,2,12,0,0,0,1,47,38059,6,1,0,0,3,0,70,185,0,0,0,2,0,6,2012,1,2014,0,26,0,0,0,2,2,70,1,1,2,1,0,0,1,51,99,1,1,24,"777777777777","777777777777","777777777777",0,0
47,470352,1,1,2,29,5,17,5,1,0,1,0,1,1,72,706,72706,80,2016,"1HD1TAN16GB9","1","H","D","1","T","A","N","1","6","G","B","9",0,0,0,"000000000","00000000000",0,0,0,1,0,0,0,0,0,0,0,998,0,0,0,0,4,5,1,0,0,0,1,1,35096,6,1,0,0,3,0,71,175,0,0,0,0,0,0,0,0,0,0,0,0,0,0,1,3,45,2,5,2,1,0,0,14,8,99,9,2,98,"777777777777","777777777777","777777777777",1,1
47,470353,1,2,1,24,5,10,50,12,1,1,0,0,0,98,998,98998,92,2016,"000000000000","0","0","0","0","0","0","0","0","0","0","0","0",1,1,0,"000000000","00000000000",0,0,0,1,0,0,0,0,0,0,0,998,0,0,0,6,4,5,12,0,0,0,1,47,38301,6,1,0,0,3,0,70,180,0,0,0,0,0,0,0,0,0,0,0,0,0,0,1,2,55,1,1,2,1,0,0,11,15,99,1,1,32,"888888888888","777777777777","777777777777",0,0
47,470353,2,2,1,24,5,10,50,12,1,1,0,47,2,20,37,20037,4,2006,"1G1ZS51F66F1","1","G","1","Z","S","5","1","F","6","6","F","1",0,0,0,"000000000","00000000000",0,0,0,1,0,0,0,0,0,0,0,998,0,0,0,12,6,2,12,0,0,0,1,47,38301,6,1,0,0,3,0,71,185,1,0,0,0,1,5,2013,6,2015,0,36,0,0,0,1,2,55,1,1,2,1,0,0,1,59,16,2,1,32,"777777777777","777777777777","777777777777",1,1
47,470354,1,1,1,3,6,23,45,42,0,1,0,27,3,22,16,22016,4,2002,"1G2JB5244274","1","G","2","J","B","5","2","4","4","2","7","4",0,0,0,"000000000","00000000000",0,0,0,1,0,0,0,0,0,0,0,998,0,0,0,2,6,2,42,0,0,0,1,47,38114,6,1,0,0,3,0,69,240,3,4,0,1,0,10,2011,7,2015,0,36,0,0,0,5,5,40,1,1,2,1,0,0,1,12,99,4,4,6,"777777777777","777777777777","777777777777",1,0
47,470355,1,1,4,28,5,5,23,59,0,1,0,47,2,7,24,7024,4,2009,"2B3KA43D89H5","2","B","3","K","A","4","3","D","8","9","H","5",0,0,0,"000000000","00000000000",0,0,0,1,0,0,0,0,0,0,0,998,0,1,9,12,6,2,25,0,0,1,1,47,37210,2,1,0,0,2,0,72,185,0,0,0,0,0,0,0,0,0,0,0,0,0,0,2,4,70,1,6,2,1,0,0,1,12,99,1,4,6,"777777777777","777777777777","777777777777",4,0
47,470356,1,2,3,27,5,12,21,12,6,1,0,37,2,12,3,12003,2,2000,"1FAFP4049YF2","1","F","A","F","P","4","0","4","9","Y","F","2",0,0,0,"000000000","00000000000",0,0,0,1,0,0,0,0,0,0,0,998,1,0,0,3,6,2,12,0,0,0,1,47,37881,6,1,0,0,3,0,73,165,0,0,0,0,0,0,0,0,0,0,38,0,0,0,5,5,55,1,6,2,1,0,0,11,15,99,1,1,68,"777777777777","777777777777","777777777777",1,0
47,470356,2,2,2,27,5,12,21,12,6,1,0,47,1,7,482,7482,32,2002,"3D7HU18Z22G1","3","D","7","H","U","1","8","Z","2","2","G","1",0,0,0,"000000000","00000000000",0,0,0,1,0,0,0,0,0,0,0,998,0,1,1,12,6,2,12,0,0,0,1,47,37879,6,1,0,0,3,0,73,260,1,0,0,0,1,8,2013,1,2016,0,0,0,0,0,5,5,55,1,5,2,1,0,0,1,62,99,1,1,69,"777777777777","777777777777","777777777777",0,0
47,470358,1,1,1,5,5,17,10,42,0,1,0,47,2,12,481,12481,31,1997,"1FTEF27L8VNB","1","F","T","E","F","2","7","L","8","V","N","B",0,0,0,"000000000","00000000000",0,0,0,1,0,0,0,0,0,0,0,998,0,0,0,3,6,2,42,0,0,0,1,47,38241,1,1,0,0,2,0,70,202,0,0,0,1,0,9,2014,9,2014,5,33,36,37,0,1,2,40,1,1,2,1,0,0,6,8,99,3,4,7,"777777777777","777777777777","777777777777",1,0
47,470359,1,1,1,28,5,18,33,8,0,1,0,47,1,20,403,20403,14,2005,"1GNDT13SX521","1","G","N","D","T","1","3","S","X","5","2","1",0,0,0,"000000000","00000000000",0,0,0,1,0,0,0,0,0,0,0,998,0,0,0,12,4,5,8,0,0,0,1,47,38068,3,1,0,0,2,3,71,178,0,0,0,0,0,0,0,0,0,0,0,0,0,0,1,2,35,1,1,2,1,0,0,1,80,99,1,1,13,"777777777777","777777777777","777777777777",0,0
47,470360,1,2,1,30,5,2,38,12,2,1,0,47,1,20,481,20481,31,2016,"1GCNKNECXGZ2","1","G","C","N","K","N","E","C","X","G","Z","2",0,0,0,"000000000","00000000000",0,0,0,1,0,0,0,0,0,0,0,998,0,0,0,12,6,2,12,0,0,0,1,47,38066,6,1,0,0,3,1,72,250,0,0,0,1,0,3,2016,3,2016,0,28,0,0,0,5,5,65,1,1,2,1,0,0,1,10,99,1,2,50,"777777777777","777777777777","777777777777",1,1