"STATE","ST_CASE","VEH_NO","VE_FORMS","NUMOCCS","DAY","MONTH","HOUR","MINUTE","HARM_EV","MAN_COLL","UNITTYPE","HIT_RUN","REG_STAT","OWNER","MAKE","MODEL","MAK_MOD","BODY_TYP","MOD_YEAR","VIN","VIN_1","VIN_2","VIN_3","VIN_4","VIN_5","VIN_6","VIN_7","VIN_8","VIN_9","VIN_10","VIN_11","VIN_12","TOW_VEH","J_KNIFE","MCARR_I1","MCARR_I2","MCARR_ID","GVWR","V_CONFIG","CARGO_BT","HAZ_INV","HAZ_PLAC","HAZ_ID","HAZ_CNO","HAZ_REL","BUS_USE","SPEC_USE","EMER_USE","TRAV_SP","UNDERIDE","ROLLOVER","ROLINLOC","IMPACT1","DEFORMED","TOWED","M_HARM","VEH_SC1","VEH_SC2","FIRE_EXP","DR_PRES","L_STATE","DR_ZIP","L_STATUS","L_TYPE","CDL_STAT","L_ENDORS","L_COMPL","L_RESTRI","DR_HGT","DR_WGT","PREV_ACC","PREV_SUS","PREV_DWI","PREV_SPD","PREV_OTH","FIRST_MO","FIRST_YR","LAST_MO","LAST_YR","SPEEDREL","DR_SF1","DR_SF2","DR_SF3","DR_SF4","VTRAFWAY","VNUM_LAN","VSPD_LIM","VALIGN","VPROFILE","VPAVETYP","VSURCOND","VTRAFCON","VTCONT_F","P_CRASH1","P_CRASH2","P_CRASH3","PCRASH4","PCRASH5","ACC_TYPE","TRLR1VIN","TRLR2VIN","TRLR3VIN","DEATHS","DR_DRINK"
47,470392,1,1,3,13,6,16,7,53,0,1,0,47,1,35,402,35402,14,2002,"5N1ED28T82C5","5","N","1","E","D","2","8","T","8","2","C","5",0,0,0,"000000000","00000000000",0,0,0,1,0,0,0,0,0,0,0,998,0,0,0,12,6,2,30,0,0,0,1,47,37110,6,1,0,0,3,0,62,117,0,0,0,0,0,0,0,0,0,4,58,0,0,0,1,2,45,2,1,2,2,0,0,14,6,98,9,4,2,"777777777777","777777777777","777777777777",1,0
47,470393,1,6,6,18,4,18,3,12,6,1,0,47,2,12,442,12442,20,2001,"2FMZA52411BA","2","F","M","Z","A","5","2","4","1","1","B","A",0,0,0,"000000000","00000000000",0,0,0,1,0,0,0,0,0,0,0,55,0,0,0,12,6,2,12,0,0,1,1,47,37221,2,1,0,0,2,0,71,150,2,2,0,1,0,10,2012,1,2016,3,34,36,38,39,1,7,45,1,1,2,1,2,3,6,17,99,1,2,83,"777777777777","777777777777","777777777777",0,0
47,470393,2,6,1,18,4,18,3,12,6,1,0,47,2,20,443,20443,20,2004,"1GNFX16ZX4J2","1","G","N","F","X","1","6","Z","X","4","J","2",0,0,0,"000000000","00000000000",0,0,0,1,0,0,0,0,0,0,0,19,0,0,0,11,6,2,12,0,0,0,1,47,37013,6,1,0,0,3,3,72,216,0,0,0,4,0,4,2012,5,2013,0,0,0,0,0,1,5,40,1,1,2,1,2,3,11,66,99,1,1,82,"777777777777","777777777777","777777777777",1,0
47,470393,3,6,1,18,4,18,3,12,6,1,0,47,1,12,402,12402,14,2003,"1FMYU03133KA","1","F","M","Y","U","0","3","1","3","3","K","A",0,0,0,"000000000","00000000000",0,0,0,1,0,0,0,0,0,0,0,998,0,0,0,11,6,2,12,0,0,0,1,47,37013,6,1,0,0,3,0,71,130,1,0,0,0,0,5,2015,5,2015,0,0,0,0,0,1,5,40,1,1,2,1,2,3,1,66,99,1,1,98,"777777777777","777777777777","777777777777",0,0
47,470393,4,6,1,18,4,18,3,12,6,1,0,47,1,12,37,12037,2,2000,"3FAFP3131YR1","3","F","A","F","P","3","1","3","1","Y","R","1",0,0,0,"000000000","00000000000",0,0,0,1,0,0,0,0,0,0,0,0,0,0,0,12,6,2,12,0,0,0,1,47,37211,3,1,0,0,2,0,70,205,0,0,0,0,0,0,0,0,0,0,0,0,0,0,1,7,45,1,1,2,1,2,3,5,62,99,1,1,98,"777777777777","777777777777","777777777777",0,0
47,470393,5,6,1,18,4,18,3,12,6,1,0,47,1,37,31,37031,4,2007,"1HGFA16517L0","1","H","G","F","A","1","6","5","1","7","L","0",0,0,0,"000000000","00000000000",0,0,0,1,0,0,0,0,0,0,0,0,0,0,0,12,2,3,12,0,0,0,1,47,37803,6,1,0,0,3,9,63,150,0,0,0,0,0,0,0,0,0,0,0,0,0,0,1,7,45,1,1,2,1,2,3,5,62,99,1,1,98,"777777777777","777777777777","777777777777",0,0
47,470393,6,6,1,18,4,18,3,12,6,1,0,47,1,20,25,20025,4,2011,"1G1PF5S91B71","1","G","1","P","F","5","S","9","1","B","7","1",0,0,0,"000000000","00000000000",0,0,0,1,0,0,0,0,0,0,0,0,0,0,0,12,2,5,12,0,0,0,1,47,37013,6,1,0,0,3,3,61,118,0,0,0,0,0,0,0,0,0,0,0,0,0,0,1,7,45,1,1,2,1,2,3,5,56,99,1,1,98,"777777777777","777777777777","777777777777",0,0
47,470394,1,1,2,10,6,99,99,42,0,1,0,47,2,35,43,35043,4,2010,"3N1AB6AP7AL6","3","N","1","A","B","6","A","P","7","A","L","6",0,0,0,"000000000","00000000000",0,0,0,1,0,0,0,0,0,0,0,998,0,0,0,12,6,2,42,0,0,0,1,47,37811,6,1,0,0,3,1,67,275,0,0,0,0,0,0,0,0,0,0,0,0,0,0,1,2,45,1,2,2,1,0,0,1,12,99,1,4,6,"777777777777","777777777777","777777777777",1,0
47,470395,1,2,1,10,6,12,16,12,6,1,0,47,1,13,12,13012,4,2001,"1LNHM87A01Y6","1","L","N","H","M","8","7","A","0","1","Y","6",0,0,0,"000000000","00000000000",0,0,0,1,0,0,0,0,0,0,0,998,0,0,0,9,6,2,12,0,0,0,1,47,38555,6,1,0,0,3,3,61,120,0,0,0,0,0,0,0,0,0,0,38,0,0,0,1,2,50,1,1,2,1,20,3,11,15,99,1,1,82,"777777777777","777777777777","777777777777",1,0
47,470395,2,2,1,10,6,12,16,12,6,1,0,47,1,35,47,35047,4,2007,"1N4AL21E57C2","1","N","4","A","L","2","1","E","5","7","C","2",0,0,0,"000000000","00000000000",0,0,0,1,0,0,0,0,0,0,0,998,0,0,0,12,6,2,12,0,0,0,1,47,38506,6,1,0,0,3,0,74,190,0,0,0,0,0,0,0,0,0,0,0,0,0,0,1,3,50,1,3,2,1,0,0,1,67,99,1,1,83,"777777777777","777777777777","777777777777",0,0
47,470396,1,1,1,16,6,22,8,8,0,1,1,47,1,12,402,12402,14,2008,"1FMCU03118KD","1","F","M","C","U","0","3","1","1","8","K","D",0,0,0,"000000000","00000000000",0,0,0,1,0,0,0,0,0,0,0,998,0,0,0,12,4,5,8,0,0,0,1,47,38116,6,1,0,0,3,1,68,136,0,1,1,0,0,1,2015,1,2015,0,36,0,0,0,1,7,35,1,1,2,1,3,3,1,80,99,1,1,13,"777777777777","777777777777","777777777777",0,1
47,470397,1,1,1,15,6,8,6,1,0,1,0,47,1,35,43,35043,4,2005,"3N1CB51D05L5","3","N","1","C","B","5","1","D","0","5","L","5",0,0,0,"000000000","00000000000",0,0,0,1,0,0,0,0,0,0,0,998,0,1,5,0,6,2,1,32,0,0,1,47,37725,6,1,0,0,3,0,68,220,0,0,0,0,0,0,0,0,0,0,0,0,0,0,1,2,50,3,6,2,1,0,0,14,13,99,1,4,1,"777777777777","777777777777","777777777777",1,0
47,470398,1,1,1,16,6,1,59,32,0,1,0,47,1,12,401,12401,14,2002,"1FMYU60E62UB","1","F","M","Y","U","6","0","E","6","2","U","B",0,0,0,"000000000","00000000000",0,0,0,1,0,0,0,0,0,0,0,998,0,1,3,12,6,2,1,0,0,0,1,47,37725,6,1,0,0,3,0,71,200,0,1,1,0,0,12,2013,12,2013,0,0,0,0,0,2,2,55,1,1,2,1,0,0,1,12,99,1,4,6,"777777777777","777777777777","777777777777",1,0
47,470399,1,2,1,11,6,1,0,8,0,1,0,17,3,87,881,87881,66,2017,"1XPBD49X9HD3","1","X","P","B","D","4","9","X","9","H","D","3",1,1,57,"00156881","5700156881",3,6,1,1,0,0,0,0,0,0,0,998,0,0,0,9,2,5,8,0,0,0,1,29,64776,6,1,6,0,3,0,70,240,1,0,0,0,0,1,2012,1,2012,0,0,0,0,0,3,3,70,1,1,2,1,0,0,1,80,99,1,1,13,"1GRAA0621EB7","777777777777","777777777777",0,0
47,470399,2,2,1,11,6,1,0,8,0,1,0,47,1,2,404,2404,14,1996,"1J4GZ58SXTC2","1","J","4","G","Z","5","8","S","X","T","C","2",0,0,0,"000000000","00000000000",0,0,0,1,0,0,0,0,0,0,0,998,0,0,0,12,2,5,8,0,0,0,1,47,37342,6,1,0,0,3,1,71,210,0,0,0,0,0,0,0,0,0,0,0,0,0,0,3,3,70,1,1,2,1,0,0,1,80,99,1,1,98,"777777777777","777777777777","777777777777",0,0
47,470400,1,1,1,7,6,22,16,24,0,1,0,47,0,37,705,37705,80,2007,"JH2PC40047M0","J","H","2","P","C","4","0","0","4","7","M","0",0,0,0,"000000000","00000000000",0,0,0,1,0,0,0,0,0,0,0,998,0,0,0,3,6,2,24,0,0,0,1,47,37327,2,1,0,0,2,0,70,180,2,1,1,1,1,1,2012,10,2015,3,36,0,0,0,1,2,45,3,5,2,1,0,0,14,6,99,1,4,1,"777777777777","777777777777","777777777777",1,0
47,470401,1,2,1,7,3,7,18,12,2,1,0,47,2,20,28,20028,5,2015,"1G1JC6SB7F42","1","G","1","J","C","6","S","B","7","F","4","2",0,0,0,"000000000","00000000000",0,0,0,1,0,0,0,0,0,0,0,998,0,0,0,12,6,2,12,0,0,0,1,47,38358,6,2,0,0,3,1,60,104,0,0,0,0,0,0,0,0,0,0,28,0,0,0,1,2,55,1,1,2,1,0,0,1,10,99,1,2,50,"777777777777","777777777777","777777777777",1,0
47,470401,2,2,2,7,3,7,18,12,2,1,0,47,1,7,28,7028,2,2013,"2C3CDYBT1DH5","2","C","3","C","D","Y","B","T","1","D","H","5",0,0,0,"000000000","00000000000",0,0,0,1,0,0,0,0,0,0,0,998,0,0,0,12,6,2,12,0,0,0,1,47,38305,6,1,0,0,3,0,73,220,1,0,0,0,0,3,2013,3,2013,0,0,0,0,0,1,2,55,1,1,2,1,0,0,1,62,9,1,1,51,"777777777777","777777777777","777777777777",0,0
47,470402,1,1,1,22,4,20,4,8,0,1,1,99,9,37,31,37031,7,1999,"999999999999","9","9","9","9","9","9","9","9","9","9","9","9",0,0,0,"000000000","00000000000",0,0,0,1,0,0,0,0,0,0,0,998,0,0,0,12,9,5,8,0,0,0,1,99,99999,9,9,99,9,9,9,999,999,99,99,99,99,99,99,9999,99,9999,9,99,99,99,99,3,2,55,1,1,1,1,0,0,15,80,99,1,4,1,"777777777777","777777777777","777777777777",0,0
47,470403,1,2,2,27,5,12,50,12,1,1,0,47,1,72,706,72706,80,2010,"1HD1KEM19AB6","1","H","D","1","K","E","M","1","9","A","B","6",0,0,0,"000000000","00000000000",0,0,0,1,0,0,0,0,0,0,0,998,0,0,0,12,6,2,12,0,0,0,1,47,37090,6,1,0,0,3,0,71,175,0,0,0,0,0,0,0,0,0,0,26,0,0,0,3,2,70,1,1,2,1,0,0,1,52,6,9,1,28,"777777777777","777777777777","777777777777",2,0
47,470403,2,2,1,27,5,12,50,12,1,1,0,47,1,2,403,2403,14,2002,"1J4FA49S42P7","1","J","4","F","A","4","9","S","4","2","P","7",0,0,0,"000000000","00000000000",0,0,0,1,0,0,0,0,0,0,0,998,0,0,0,6,2,5,12,0,0,0,1,47,37026,6,1,0,0,3,0,68,155,1,0,0,1,0,10,2011,11,2013,0,0,0,0,0,3,2,70,1,1,2,1,0,0,2,53,99,1,1,29,"777777777777","777777777777","777777777777",0,0
47,470404,1,2,1,14,6,16,40,12,2,1,0,47,2,52,37,52037,3,1996,"4A3AK44Y2TE3","4","A","3","A","K","4","4","Y","2","T","E","3",0,0,0,"000000000","00000000000",0,0,0,1,0,0,0,0,0,0,0,998,0,0,0,12,6,2,12,0,0,0,1,47,37880,6,1,0,0,3,0,63,193,0,1,0,0,0,7,2013,7,2013,0,28,0,0,0,1,2,55,1,1,2,2,0,0,1,10,99,1,2,50,"777777777777","777777777777","777777777777",1,0
47,470404,2,2,1,14,6,16,40,12,2,1,0,47,3,85,881,85881,63,1990,"1NKDLB9X9LJ5","1","N","K","D","L","B","9","X","9","L","J","5",1,1,57,"01052198","5701052198",3,4,2,1,0,0,0,0,0,0,0,998,0,0,0,12,6,2,12,0,0,0,1,47,37086,6,1,6,1,3,1,73,200,0,0,0,0,0,0,0,0,0,0,0,0,0,0,1,2,55,1,1,2,2,0,0,1,62,99,1,1,51,"888888888888","777777777777","777777777777",0,0
47,470405,1,2,1,12,6,20,45,12,6,1,0,28,2,53,705,53705,80,2015,"JS1GN7FAXF21","J","S","1","G","N","7","F","A","X","F","2","1",0,0,0,"000000000","00000000000",0,0,0,1,0,0,0,0,0,0,0,998,0,0,0,12,6,2,12,0,0,0,1,47,38138,6,1,0,0,3,0,69,190,0,0,0,1,0,3,2012,3,2012,3,6,36,38,0,2,3,45,1,3,2,1,0,0,98,62,99,1,1,69,"777777777777","777777777777","777777777777",1,0
47,470405,2,2,1,12,6,20,45,12,6,1,0,47,1,23,481,23481,31,1994,"1GTDC14Z5RZ5","1","G","T","D","C","1","4","Z","5","R","Z","5",0,0,0,"000000000","00000000000",0,0,0,1,0,0,0,0,0,0,0,998,0,0,0,3,6,2,12,0,0,0,1,47,38114,1,1,1,0,2,0,78,245,1,1,0,1,0,3,2014,3,2016,0,0,0,0,0,5,7,45,1,3,2,1,0,0,11,15,99,1,1,68,"777777777777","777777777777","777777777777",0,0
47,470406,1,1,1,30,5,14,44,35,0,1,0,47,1,63,32,63032,4,2011,"KNADH4A34B69","K","N","A","D","H","4","A","3","4","B","6","9",0,0,0,"000000000","00000000000",0,0,0,1,0,0,0,0,0,0,0,998,0,1,5,12,6,2,1,0,0,0,1,47,38305,6,1,0,0,3,1,63,135,0,0,0,0,0,0,0,0,0,0,0,0,0,0,2,2,70,1,6,2,1,0,0,1,13,99,1,4,1,"777777777777","777777777777","777777777777",1,0
47,470407,1,1,1,16,6,19,27,34,0,1,0,47,0,76,706,76706,80,2005,"JYAVP11E55A0","J","Y","A","V","P","1","1","E","5","5","A","0",0,0,0,"000000000","00000000000",0,0,0,1,0,0,0,0,0,0,0,998,0,0,0,12,6,2,34,0,0,0,1,28,37865,6,1,0,0,3,0,66,340,98,0,0,0,0,0,0,0,0,0,0,0,0,0,1,2,45,3,6,2,1,0,0,14,6,99,1,4,1,"777777777777","777777777777","777777777777",1,0
47,470408,1,1,1,27,2,16,17,43,0,1,0,9,1,7,20,7020,4,2000,"1B3ES46CXYD8","1","B","3","E","S","4","6","C","X","Y","D","8",0,0,0,"000000000","00000000000",0,0,0,1,0,0,0,0,0,0,0,998,0,1,5,12,6,2,1,0,0,0,1,9,38301,6,1,0,0,3,0,999,999,98,0,0,0,0,0,0,0,0,9,99,99,99,99,1,2,40,1,1,2,1,0,0,1,13,99,1,4,1,"777777777777","777777777777","777777777777",1,0
47,470409,1,2,1,21,6,17,14,12,2,1,0,47,2,22,18,22018,4,2000,"1G2NV52E7YM7","1","G","2","N","V","5","2","E","7","Y","M","7",0,0,0,"000000000","00000000000",0,0,0,1,0,0,0,0,0,0,0,998,0,0,0,12,6,2,12,0,0,0,1,47,37938,6,2,0,0,3,1,66,129,3,0,0,0,0,2,2014,10,2015,0,28,91,0,0,1,2,40,2,1,2,1,0,0,14,10,99,1,2,50,"777777777777","777777777777","777777777777",0,0
47,470409,2,2,1,21,6,17,14,12,2,1,0,47,0,41,50,41050,4,2009,"1YVHP81A795M","1","Y","V","H","P","8","1","A","7","9","5","M",0,0,0,"000000000","00000000000",0,0,0,1,0,0,0,0,0,0,0,998,0,0,0,12,6,2,12,0,0,0,1,47,37938,6,2,0,0,3,3,69,230,1,0,0,0,0,10,2014,10,2014,0,0,0,0,0,1,2,40,3,6,2,1,0,0,14,62,99,1,1,51,"777777777777","777777777777","777777777777",1,0
47,470410,1,1,1,22,6,0,55,53,0,1,0,47,1,20,2,20002,4,2007,"2G1WT58K7794","2","G","1","W","T","5","8","K","7","7","9","4",0,0,0,"000000000","00000000000",0,0,0,1,0,0,0,0,0,0,0,998,0,1,6,12,6,2,42,0,0,0,1,47,37076,6,1,0,0,3,0,61,195,0,0,0,0,0,0,0,0,0,0,0,0,0,0,1,2,45,1,1,2,1,0,0,1,13,99,9,4,1,"777777777777","777777777777","777777777777",1,1
47,470411,1,2,2,12,6,20,20,12,7,1,0,47,1,12,402,12402,14,2012,"1FMCU0EG1CKC","1","F","M","C","U","0","E","G","1","C","K","C",0,0,0,"000000000","00000000000",0,0,0,1,0,0,0,0,0,0,0,998,0,0,0,4,4,5,12,0,0,0,1,47,37076,6,1,0,0,3,0,64,238,1,0,0,2,0,2,2014,5,2015,0,0,0,0,0,6,2,55,2,2,2,1,0,0,14,61,99,1,1,45,"777777777777","777777777777","777777777777",0,0
47,470411,2,2,1,12,6,20,20,12,7,1,0,47,1,72,706,72706,80,2015,"1HD1FBM19FB6","1","H","D","1","F","B","M","1","9","F","B","6",0,0,0,"000000000","00000000000",0,0,0,1,0,0,0,0,0,0,0,998,0,0,0,9,6,2,12,0,0,0,1,4,85233,6,1,0,0,3,1,76,280,0,1,0,1,0,2,2012,3,2016,0,27,0,0,0,6,2,55,2,2,2,1,0,0,15,10,99,1,2,47,"777777777777","777777777777","777777777777",1,1
47,470412,1,1,1,13,6,99,99,8,0,1,0,47,0,20,421,20421,15,1999,"1GNDT13W0X21","1","G","N","D","T","1","3","W","0","X","2","1",0,0,0,"000000000","00000000000",0,0,0,1,0,0,0,0,0,0,0,998,0,0,0,2,4,3,8,0,0,0,1,47,37022,6,2,0,0,3,3,76,270,0,0,0,1,0,2,2016,2,2016,0,0,0,0,0,1,2,35,1,5,2,1,0,0,1,80,99,1,1,13,"777777777777","777777777777","777777777777",0,0
47,470413,1,6,1,17,6,15,51,12,1,1,0,17,3,82,881,82881,66,2003,"1FUJA6CG03LK","1","F","U","J","A","6","C","G","0","3","L","K",1,1,57,"00216939","5700216939",3,6,1,2,2,2586,8,2,0,0,0,998,7,0,0,12,6,2,12,0,0,1,1,29,63964,6,1,6,1,3,1,999,999,99,99,99,99,99,99,9999,99,9999,0,0,0,0,0,3,2,70,1,1,2,1,0,0,1,13,99,1,4,32,"888888888888","777777777777","777777777777",0,0
47,470413,2,6,1,17,6,15,51,12,1,1,0,93,3,85,881,85881,63,2016,"1NKZXPEX9GJ4","1","N","K","Z","X","P","E","X","9","G","J","4",0,0,57,"00328116","5700328116",3,2,3,1,0,0,0,0,0,0,0,0,0,0,0,6,6,2,12,0,0,0,1,47,37055,6,1,6,0,3,0,72,230,0,0,0,0,0,0,0,0,0,0,0,0,0,0,3,2,70,1,1,2,1,0,0,5,60,99,1,5,32,"777777777777","777777777777","777777777777",0,0
47,470413,3,6,1,17,6,15,51,12,1,1,0,47,2,49,32,49032,4,2004,"1NXBR32E84Z2","1","N","X","B","R","3","2","E","8","4","Z","2",0,0,0,"000000000","00000000000",0,0,0,1,0,0,0,0,0,0,0,0,0,0,0,6,6,2,12,0,0,1,1,47,37181,6,1,0,0,3,0,71,172,0,0,0,0,0,0,0,0,0,0,0,0,0,0,3,2,70,1,1,2,1,0,0,5,50,99,1,5,98,"777777777777","777777777777","777777777777",1,0
47,470413,4,6,2,17,6,15,51,12,1,1,0,47,1,12,422,12422,15,2012,"1FMJU2A53CEF","1","F","M","J","U","2","A","5","3","C","E","F",0,0,0,"000000000","00000000000",0,0,0,1,0,0,0,0,0,0,0,0,0,0,0,6,6,2,12,0,0,0,1,47,37055,6,1,0,0,3,1,60,165,0,0,0,0,0,0,0,0,0,0,0,0,0,0,3,2,70,1,1,2,1,0,0,5,50,12,1,5,98,"777777777777","777777777777","777777777777",0,0
47,470413,5,6,1,17,6,15,51,12,1,1,0,47,1,35,51,35051,6,2009,"JN8AS58T29W3","J","N","8","A","S","5","8","T","2","9","W","3",0,0,0,"000000000","00000000000",0,0,0,1,0,0,0,0,0,0,0,0,0,0,0,6,6,2,12,0,0,0,1,47,37062,6,1,0,0,3,1,59,155,1,0,0,0,0,8,2012,8,2012,0,0,0,0,0,3,2,70,1,1,2,1,0,0,5,50,10,1,5,98,"777777777777","777777777777","777777777777",0,0
47,470413,6,6,1,17,6,15,51,12,1,1,0,93,3,85,881,85881,66,2015,"1XKYD48X2FJ4","1","X","K","Y","D","4","8","X","2","F","J","4",1,1,57,"00116455","5700116455",3,6,1,1,0,0,0,0,0,0,0,0,0,0,0,6,4,5,12,0,0,0,1,33,3801,6,1,6,0,3,0,68,175,0,1,0,1,2,6,2013,3,2016,0,0,0,0,0,3,2,70,1,1,2,1,0,0,5,50,99,1,5,98,"888888888888","777777777777","777777777777",0,0
47,470414,1,1,1,26,6,13,15,34,0,1,0,47,1,23,401,23401,14,2001,"1GKCS18WX1K1","1","G","K","C","S","1","8","W","X","1","K","1",0,0,0,"000000000","00000000000",0,0,0,1,0,0,0,0,0,0,0,998,0,1,5,13,6,2,1,0,0,0,1,47,37178,2,1,0,0,2,1,68,250,1,1,1,0,0,6,2014,9,2015,3,37,0,0,0,1,2,40,3,1,2,1,0,0,14,6,99,9,4,2,"777777777777","777777777777","777777777777",1,0
47,470415,1,1,1,20,6,17,42,42,0,1,0,47,1,20,481,20481,31,2005,"1GCHK23U85F8","1","G","C","H","K","2","3","U","8","5","F","8",0,0,0,"000000000","00000000000",0,0,0,1,0,0,0,0,0,0,0,998,0,1,5,12,6,2,1,0,0,0,1,47,37098,6,1,0,0,3,2,72,210,0,0,0,0,0,0,0,0,0,0,74,0,0,0,1,2,55,2,1,2,1,0,0,14,6,99,9,4,6,"777777777777","777777777777","777777777777",1,1
47,470416,1,1,1,13,6,22,37,8,0,1,1,99,9,99,999,99999,99,9999,"999999999999","9","9","9","9","9","9","9","9","9","9","9","9",0,0,0,"000000000","00000000000",0,0,0,1,0,0,0,0,0,0,0,998,0,0,0,12,9,5,8,0,0,0,1,99,99999,9,9,99,9,9,9,999,999,99,99,99,99,99,99,9999,99,9999,0,36,0,0,0,1,7,45,1,1,2,1,0,0,1,80,99,1,1,13,"777777777777","777777777777","777777777777",0,0
47,470417,1,1,3,20,6,13,3,1,0,1,0,47,2,12,471,12471,30,2000,"1FTZR15X3YTB","1","F","T","Z","R","1","5","X","3","Y","T","B",0,0,0,"000000000","00000000000",0,0,0,1,0,0,0,0,0,0,0,998,0,2,1,0,6,2,1,0,0,0,1,47,37656,0,0,0,0,0,0,999,999,0,0,0,0,0,0,0,0,0,3,6,36,37,58,1,2,50,3,1,2,1,0,0,14,6,7,3,2,98,"777777777777","777777777777","777777777777",1,0
47,470418,1,2,1,20,6,9,0,12,2,1,0,47,2,49,40,49040,4,1997,"JT2BF22K7V00","J","T","2","B","F","2","2","K","7","V","0","0",0,0,0,"000000000","00000000000",0,0,0,1,0,0,0,0,0,0,0,998,0,0,0,12,6,2,12,0,0,0,1,47,37854,2,1,0,0,2,0,71,180,0,2,2,0,0,2,2012,2,2013,0,28,91,0,0,1,2,55,2,1,2,1,0,0,14,10,99,1,2,50,"777777777777","777777777777","777777777777",0,0
47,470418,2,2,1,20,6,9,0,12,2,1,0,47,1,7,27,7027,6,2016,"3C4PDCAB4GT1","3","C","4","P","D","C","A","B","4","G","T","1",0,0,0,"000000000","00000000000",0,0,0,1,0,0,0,0,0,0,0,998,0,0,0,12,6,2,12,0,0,0,1,47,37829,6,1,0,0,3,9,62,210,2,0,0,2,0,11,2011,12,2015,0,0,0,0,0,1,2,55,3,1,2,1,0,0,14,62,99,1,1,51,"777777777777","777777777777","777777777777",1,0
47,470419,1,2,1,20,6,20,10,12,2,1,0,47,2,7,442,7442,20,2003,"2D4GP74L63R2","2","D","4","G","P","7","4","L","6","3","R","2",0,0,0,"000000000","00000000000",0,0,0,1,0,0,0,0,0,0,0,998,0,0,0,12,6,2,12,0,0,0,1,47,38553,6,1,0,0,3,1,68,300,0,0,0,0,0,0,0,0,0,0,28,0,0,0,1,2,45,2,5,2,1,0,0,14,10,99,1,2,52,"777777777777","777777777777","777777777777",0,1
47,470419,2,2,2,20,6,20,10,12,2,1,0,47,1,6,441,6441,20,2008,"2A8HR54P88R8","2","A","8","H","R","5","4","P","8","8","R","8",0,0,0,"000000000","00000000000",0,0,0,1,0,0,0,0,0,0,0,998,0,0,0,12,6,2,12,0,0,0,1,47,38553,6,1,0,0,3,1,72,170,0,0,0,0,0,0,0,0,0,0,0,0,0,0,1,2,45,3,6,2,1,0,0,14,60,6,9,2,52,"777777777777","777777777777","777777777777",1,0
47,470420,1,1,1,12,6,0,30,34,0,1,0,47,1,7,24,7024,4,2007,"2B3KA43R87H8","2","B","3","K","A","4","3","R","8","7","H","8",0,0,0,"000000000","00000000000",0,0,0,1,0,0,0,0,0,0,0,998,0,1,5,9,6,2,1,0,0,0,1,47,38240,6,1,0,0,3,0,69,175,1,0,0,0,0,2,2015,2,2015,4,0,0,0,0,1,2,55,2,1,2,1,0,0,14,6,99,3,4,7,"777777777777","777777777777","777777777777",1,1
47,470421,1,2,1,19,6,12,40,12,6,1,0,47,2,2,403,2403,14,1999,"1J4FY19S3XP4","1","J","4","F","Y","1","9","S","3","X","P","4",0,0,0,"000000000","00000000000",0,0,0,1,0,0,0,0,0,0,0,998,0,0,0,1,6,2,12,0,0,0,1,47,37097,6,2,0,0,3,3,69,180,0,0,0,0,0,0,0,0,0,0,0,0,0,0,1,2,55,1,1,2,1,0,0,1,72,6,2,2,83,"777777777777","777777777777","777777777777",0,0
47,470421,2,2,1,19,6,12,40,12,6,1,0,47,1,49,32,49032,4,1998,"2T1BR12E4WC0","2","T","1","B","R","1","2","E","4","W","C","0",0,0,0,"000000000","00000000000",0,0,0,1,0,0,0,0,0,0,0,998,0,0,0,10,6,2,12,0,0,0,1,47,37096,6,1,0,0,3,0,67,145,0,0,0,0,0,0,0,0,0,0,38,0,0,0,0,0,0,0,0,0,0,0,0,11,15,99,1,1,82,"777777777777","777777777777","777777777777",1,0
47,470422,1,2,1,17,6,10,29,12,2,1,0,47,2,37,32,37032,4,2003,"1HGCM56323A1","1","H","G","C","M","5","6","3","2","3","A","1",0,0,0,"000000000","00000000000",0,0,0,1,0,0,0,0,0,0,0,998,0,0,0,12,6,2,12,0,0,0,1,47,38015,6,1,0,0,3,0,72,190,1,0,0,0,0,11,2015,11,2015,0,0,0,0,0,1,2,45,1,6,2,1,0,0,1,62,99,1,1,51,"777777777777","777777777777","777777777777",0,0
47,470422,2,2,4,17,6,10,29,12,2,1,0,47,2,7,26,7026,4,2013,"1C3CDZAB9DN6","1","C","3","C","D","Z","A","B","9","D","N","6",0,0,0,"000000000","00000000000",0,0,0,1,0,0,0,0,0,0,0,998,0,0,0,12,6,2,12,0,0,0,1,47,38049,6,1,0,0,3,0,63,112,0,0,0,0,1,7,2012,7,2012,0,28,0,0,0,1,2,45,1,5,2,1,0,0,1,10,99,1,2,50,"777777777777","777777777777","777777777777",1,0
47,470423,1,1,1,22,6,10,40,33,0,1,0,47,1,55,33,55033,4,2010,"5NPEU4AF7AH5","5","N","P","E","U","4","A","F","7","A","H","5",0,0,0,"000000000","00000000000",0,0,0,1,0,0,0,0,0,0,0,998,0,0,0,12,6,2,34,0,0,0,1,47,37643,6,1,0,0,3,1,74,195,0,0,0,0,0,0,0,0,0,0,0,0,0,0,5,5,45,2,1,2,1,0,0,14,6,99,1,4,1,"777777777777","777777777777","777777777777",1,0
47,470424,1,1,3,4,5,18,39,30,0,1,0,13,2,37,31,37031,3,1998,"2HGEJ634XWH1","2","H","G","E","J","6","3","4","X","W","H","1",0,0,0,"000000000","00000000000",0,0,0,1,0,0,0,0,0,0,0,998,0,0,0,9,6,2,30,0,0,0,1,13,30281,6,1,0,0,3,0,67,185,98,0,0,0,1,7,2015,7,2015,9,99,99,99,99,1,2,30,2,2,2,2,0,0,14,6,99,9,4,1,"777777777777","777777777777","777777777777",1,0