"STATE","ST_CASE","VEH_NO","VE_FORMS","NUMOCCS","DAY","MONTH","HOUR","MINUTE","HARM_EV","MAN_COLL","UNITTYPE","HIT_RUN","REG_STAT","OWNER","MAKE","MODEL","MAK_MOD","BODY_TYP","MOD_YEAR","VIN","VIN_1","VIN_2","VIN_3","VIN_4","VIN_5","VIN_6","VIN_7","VIN_8","VIN_9","VIN_10","VIN_11","VIN_12","TOW_VEH","J_KNIFE","MCARR_I1","MCARR_I2","MCARR_ID","GVWR","V_CONFIG","CARGO_BT","HAZ_INV","HAZ_PLAC","HAZ_ID","HAZ_CNO","HAZ_REL","BUS_USE","SPEC_USE","EMER_USE","TRAV_SP","UNDERIDE","ROLLOVER","ROLINLOC","IMPACT1","DEFORMED","TOWED","M_HARM","VEH_SC1","VEH_SC2","FIRE_EXP","DR_PRES","L_STATE","DR_ZIP","L_STATUS","L_TYPE","CDL_STAT","L_ENDORS","L_COMPL","L_RESTRI","DR_HGT","DR_WGT","PREV_ACC","PREV_SUS","PREV_DWI","PREV_SPD","PREV_OTH","FIRST_MO","FIRST_YR","LAST_MO","LAST_YR","SPEEDREL","DR_SF1","DR_SF2","DR_SF3","DR_SF4","VTRAFWAY","VNUM_LAN","VSPD_LIM","VALIGN","VPROFILE","VPAVETYP","VSURCOND","VTRAFCON","VTCONT_F","P_CRASH1","P_CRASH2","P_CRASH3","PCRASH4","PCRASH5","ACC_TYPE","TRLR1VIN","TRLR2VIN","TRLR3VIN","DEATHS","DR_DRINK"
47,470425,1,2,1,24,5,21,45,12,6,1,0,47,1,37,705,37705,80,2015,"JH2PC4081FK8","J","H","2","P","C","4","0","8","1","F","K","8",0,0,0,"000000000","00000000000",0,0,0,1,0,0,0,0,0,0,0,998,0,0,0,12,6,2,12,0,0,0,1,47,37323,6,1,0,0,3,1,68,125,0,0,0,0,0,0,0,0,0,3,33,36,51,0,1,2,55,1,2,2,1,0,0,6,61,99,1,1,74,"777777777777","777777777777","777777777777",1,0
47,470425,2,2,1,24,5,21,45,12,6,1,0,47,2,35,401,35401,14,2013,"5N1AR2MM4DC6","5","N","1","A","R","2","M","M","4","D","C","6",0,0,0,"000000000","00000000000",0,0,0,1,0,0,0,0,0,0,0,998,0,0,0,10,6,2,12,0,0,0,1,47,37353,6,1,0,0,3,0,66,140,0,0,0,0,0,0,0,0,0,0,0,0,0,0,1,2,55,1,2,2,1,0,0,11,15,99,1,1,74,"777777777777","777777777777","777777777777",0,0
47,470426,1,3,1,2,5,5,15,12,6,1,0,47,2,73,705,73705,80,2006,"JKBZXJC116A0","J","K","B","Z","X","J","C","1","1","6","A","0",0,0,0,"000000000","00000000000",0,0,0,1,0,0,0,0,0,0,0,998,0,0,0,12,6,2,12,0,0,0,1,47,37167,6,1,0,0,2,0,66,150,1,1,0,0,0,11,2012,2,2013,3,36,0,0,0,1,5,50,1,1,2,1,0,0,1,62,99,1,1,69,"777777777777","777777777777","777777777777",1,0
47,470426,2,3,1,2,5,5,15,12,6,1,0,47,1,20,22,20022,4,2007,"1G1AL55F5771","1","G","1","A","L","5","5","F","5","7","7","1",0,0,0,"000000000","00000000000",0,0,0,1,0,0,0,0,0,0,0,998,0,0,0,3,4,3,12,0,0,0,1,47,37086,6,1,0,0,3,0,72,190,0,0,0,0,0,0,0,0,0,0,0,0,0,0,1,5,50,1,1,2,1,0,0,11,15,99,1,1,68,"777777777777","777777777777","777777777777",0,0
47,470426,3,3,1,2,5,5,15,12,6,1,0,47,1,6,51,6051,4,2010,"2C3CA5CV0AH1","2","C","3","C","A","5","C","V","0","A","H","1",0,0,0,"000000000","00000000000",0,0,0,1,0,0,0,0,0,0,0,0,0,0,0,10,4,5,54,0,0,0,1,47,37086,6,1,0,0,3,1,71,156,2,0,0,0,0,7,2015,3,2016,0,0,0,0,0,1,5,50,1,1,2,1,0,0,5,62,7,1,1,98,"777777777777","777777777777","777777777777",0,0
47,470427,1,2,1,15,6,16,10,12,6,1,0,47,1,98,703,98703,80,2009,"ZD4VBC0129S0","Z","D","4","V","B","C","0","1","2","9","S","0",0,0,0,"000000000","00000000000",0,0,0,1,0,0,0,0,0,0,0,45,0,0,0,12,6,2,12,0,0,0,1,47,37072,6,1,0,0,2,0,74,215,0,2,0,0,3,4,2012,12,2014,4,0,0,0,0,2,2,40,1,1,2,2,2,3,1,62,99,1,3,69,"777777777777","777777777777","777777777777",1,0
47,470427,2,2,2,15,6,16,10,12,6,1,0,47,1,12,16,12016,4,1999,"2FAFP74WXXX1","2","F","A","F","P","7","4","W","X","X","X","1",0,0,0,"000000000","00000000000",0,0,0,1,0,0,0,0,0,0,0,998,0,0,0,3,6,2,12,0,0,0,1,47,37080,6,1,0,0,3,3,69,200,2,0,0,0,0,10,2012,1,2016,0,0,0,0,0,1,6,40,1,1,2,2,2,3,11,15,99,1,1,68,"777777777777","777777777777","777777777777",0,0
47,470428,1,2,1,19,6,0,5,12,1,1,0,47,1,2,403,2403,14,2015,"1C4BJWDG5FL6","1","C","4","B","J","W","D","G","5","F","L","6",0,0,0,"000000000","00000000000",0,0,0,1,0,0,0,0,0,0,0,998,7,0,0,12,6,2,12,0,0,0,1,47,37814,6,1,6,0,3,1,80,365,1,0,0,0,0,8,2013,8,2013,3,26,0,0,0,5,5,55,1,6,2,1,0,0,1,51,99,1,1,24,"777777777777","777777777777","777777777777",0,0
47,470428,2,2,3,19,6,0,5,12,1,1,0,47,1,20,16,20016,4,2002,"1G1JC5242273","1","G","1","J","C","5","2","4","2","2","7","3",0,0,0,"000000000","00000000000",0,0,0,1,0,0,0,0,0,0,0,998,0,0,0,6,6,2,12,0,0,0,1,47,37857,6,1,0,0,3,0,65,150,0,0,0,0,0,0,0,0,0,0,45,0,0,0,5,5,55,1,6,2,1,0,0,1,53,99,1,1,25,"777777777777","777777777777","777777777777",1,0
47,470429,1,1,2,24,6,20,15,38,0,1,0,47,1,1,8,1008,3,1974,"A4C465H50721","A","4","C","4","6","5","H","5","0","7","2","1",0,0,0,"000000000","00000000000",0,0,0,1,0,0,0,0,0,0,0,998,0,0,0,12,6,2,42,0,0,0,1,47,37891,6,1,0,0,3,0,73,195,0,0,0,0,0,0,0,0,0,0,0,0,0,0,1,2,45,2,2,2,1,0,0,14,6,99,1,4,1,"777777777777","777777777777","777777777777",1,0
47,470430,1,2,1,19,6,18,13,12,2,1,0,47,2,20,2,20002,4,2014,"2G1WB5E33E11","2","G","1","W","B","5","E","3","3","E","1","1",0,0,0,"000000000","00000000000",0,0,0,1,0,0,0,0,0,0,0,998,0,0,0,12,6,2,12,0,0,0,1,47,38111,6,1,0,0,3,0,64,201,0,0,0,1,0,11,2012,11,2012,0,48,0,0,0,1,5,40,1,1,2,1,2,3,11,15,99,1,1,68,"777777777777","777777777777","777777777777",0,0
47,470430,2,2,1,19,6,18,13,12,2,1,0,47,2,42,48,42048,4,2008,"WDBUF56X48B2","W","D","B","U","F","5","6","X","4","8","B","2",0,0,0,"000000000","00000000000",0,0,0,1,0,0,0,0,0,0,0,998,0,0,0,12,6,2,12,0,0,0,1,47,38018,6,1,0,0,3,3,73,300,1,0,0,0,0,9,2015,9,2015,0,0,0,0,0,1,5,40,1,1,2,1,2,3,1,62,99,1,1,69,"777777777777","777777777777","777777777777",1,0
47,470431,1,1,1,26,6,3,28,24,0,1,0,47,2,76,705,76705,80,2007,"JYARJ10E87A0","J","Y","A","R","J","1","0","E","8","7","A","0",0,0,0,"000000000","00000000000",0,0,0,1,0,0,0,0,0,0,0,998,0,0,0,1,6,2,24,0,0,0,1,47,37918,2,1,0,0,2,0,71,176,3,3,2,1,1,5,2012,11,2015,3,36,37,0,0,2,2,70,3,6,2,1,0,0,14,13,99,1,4,1,"777777777777","777777777777","777777777777",1,0
47,470432,1,3,1,28,6,12,33,12,1,1,0,47,1,24,401,24401,14,2003,"5GZCZ23D23S8","5","G","Z","C","Z","2","3","D","2","3","S","8",0,0,0,"000000000","00000000000",0,0,0,1,0,0,0,0,0,0,0,998,2,0,0,12,6,2,12,0,0,0,1,47,38101,2,1,0,0,2,3,71,175,1,1,1,1,0,4,2014,10,2015,0,0,0,0,0,1,3,45,1,1,2,1,0,0,1,59,99,1,1,33,"777777777777","777777777777","777777777777",0,1
47,470432,2,3,1,28,6,12,33,12,1,1,0,47,1,34,706,34706,80,2009,"WB10313039ZU","W","B","1","0","3","1","3","0","3","9","Z","U",0,0,0,"000000000","00000000000",0,0,0,1,0,0,0,0,0,0,0,998,0,0,0,6,6,2,12,0,0,0,1,47,37774,6,1,6,0,3,0,70,210,0,0,0,0,0,0,0,0,0,0,89,0,0,0,1,3,45,1,1,2,1,0,0,1,53,99,1,1,33,"777777777777","777777777777","777777777777",1,0
47,470432,3,3,2,28,6,12,33,12,1,1,0,47,3,37,31,37031,4,2013,"2HGFB2F87DH5","2","H","G","F","B","2","F","8","7","D","H","5",0,0,0,"000000000","00000000000",0,0,0,1,0,0,0,0,0,0,0,0,0,0,0,6,4,3,12,0,0,0,1,47,37130,6,1,0,0,3,0,66,120,0,0,0,0,0,0,0,0,0,0,0,0,0,0,1,2,45,1,1,2,1,3,3,5,53,99,1,1,98,"777777777777","777777777777","777777777777",0,0
47,470433,1,2,1,16,5,14,19,5,0,1,0,37,1,23,421,23421,15,2002,"1GKEK63U22J3","1","G","K","E","K","6","3","U","2","2","J","3",1,1,0,"000000000","00000000000",0,0,0,1,0,0,0,0,0,0,0,998,0,0,0,4,4,5,54,0,0,0,1,37,28139,6,1,0,0,3,0,70,999,0,1,0,0,1,6,2012,12,2012,0,0,0,0,0,1,5,40,1,1,2,1,1,3,11,63,10,1,1,98,"888888888888","777777777777","777777777777",0,0
47,470433,2,2,1,16,5,14,19,5,0,1,0,47,1,53,705,53705,80,2016,"JS1SP46A7G21","J","S","1","S","P","4","6","A","7","G","2","1",0,0,0,"000000000","00000000000",0,0,0,1,0,0,0,0,0,0,0,998,0,0,0,0,6,2,12,0,0,0,1,47,37211,6,1,0,0,3,0,73,180,3,0,0,1,0,7,2012,4,2016,5,38,0,0,0,1,5,40,1,1,2,1,1,3,15,62,16,2,2,0,"777777777777","777777777777","777777777777",1,0
47,470434,1,3,1,24,6,16,5,12,6,1,0,47,5,19,431,19431,16,2003,"3GYFK66N03G2","3","G","Y","F","K","6","6","N","0","3","G","2",0,0,0,"000000000","00000000000",0,0,0,1,0,0,0,0,0,0,0,998,0,0,0,12,6,2,12,0,0,0,1,47,37398,6,1,0,0,3,0,72,155,0,1,0,0,0,7,2013,7,2013,3,36,37,91,0,5,5,45,1,1,2,1,0,0,1,72,99,1,1,83,"777777777777","777777777777","777777777777",0,1
47,470434,2,3,2,24,6,16,5,12,6,1,0,47,2,35,47,35047,4,2009,"1N4AL3AP9EC2","1","N","4","A","L","3","A","P","9","E","C","2",0,0,0,"000000000","00000000000",0,0,0,1,0,0,0,0,0,0,0,998,0,0,0,9,6,2,12,0,0,0,1,47,37130,6,1,0,0,3,0,67,180,1,0,0,0,0,11,2012,11,2012,0,0,0,0,0,5,5,45,1,1,2,1,0,0,11,15,99,1,1,82,"777777777777","777777777777","777777777777",1,0
47,470434,3,3,1,24,6,16,5,12,6,1,0,47,1,35,47,35047,4,2009,"1N4AL21E79C1","1","N","4","A","L","2","1","E","7","9","C","1",0,0,0,"000000000","00000000000",0,0,0,1,0,0,0,0,0,0,0,998,0,0,0,12,6,2,12,0,0,0,1,47,37026,6,1,0,0,3,0,64,150,1,0,0,0,0,9,2011,9,2011,0,0,0,0,0,5,5,45,1,1,2,1,0,0,1,62,99,1,3,98,"777777777777","777777777777","777777777777",0,0
47,470435,1,2,2,21,6,6,16,12,1,1,0,13,2,42,45,42045,1,2001,"WDBKK65F21F1","W","D","B","K","K","6","5","F","2","1","F","1",0,0,0,"000000000","00000000000",0,0,0,1,0,0,0,0,0,0,0,998,0,0,0,6,6,2,12,0,0,0,1,1,35758,6,1,0,0,3,0,72,170,0,1,0,10,1,2,2012,1,2016,0,45,0,0,0,2,2,70,1,1,2,1,0,0,1,53,99,1,1,25,"777777777777","777777777777","777777777777",1,0
47,470435,2,2,1,21,6,6,16,12,1,1,0,47,3,20,461,20461,21,2011,"1GCWGFCA6B11","1","G","C","W","G","F","C","A","6","B","1","1",0,0,0,"000000000","00000000000",0,0,0,1,0,0,0,0,0,0,0,998,0,0,0,12,6,2,12,0,0,0,1,47,37129,6,1,0,0,3,3,70,230,0,0,0,0,1,1,2013,1,2013,0,6,0,0,0,2,2,70,1,1,2,1,0,0,1,51,99,1,1,24,"777777777777","777777777777","777777777777",0,0
47,470436,1,1,3,30,6,16,38,42,0,1,0,0,0,37,733,37733,90,2001,"478TE24021A1","4","7","8","T","E","2","4","0","2","1","A","1",0,0,0,"000000000","00000000000",0,0,0,1,0,0,0,0,0,0,0,998,0,0,0,12,6,2,42,0,0,0,1,47,37879,0,0,0,0,0,0,999,999,0,0,0,0,0,0,0,0,0,0,18,0,0,0,1,2,30,3,6,4,1,0,0,14,13,99,1,4,1,"777777777777","777777777777","777777777777",1,0
47,470437,1,2,4,19,6,7,55,12,1,1,0,47,1,7,482,7482,31,2004,"1D7HU18D34S7","1","D","7","H","U","1","8","D","3","4","S","7",0,0,0,"000000000","00000000000",0,0,0,1,0,0,0,0,0,0,0,998,0,0,0,12,6,2,12,0,0,0,1,47,37072,6,1,0,0,3,0,75,315,0,2,0,0,0,7,2011,7,2011,0,6,36,0,0,2,2,70,1,1,2,1,0,0,1,13,99,1,4,20,"777777777777","777777777777","777777777777",2,0
47,470437,2,2,2,19,6,7,55,12,1,1,0,39,3,82,881,82881,66,2014,"3AKJGLD53ESF","3","A","K","J","G","L","D","5","3","E","S","F",1,1,57,"00120603","5700120603",3,6,1,1,0,0,0,0,0,0,0,0,0,0,0,6,6,2,12,0,0,0,1,39,43545,6,1,6,0,3,0,70,260,0,0,0,0,0,0,0,0,0,0,24,0,0,0,2,2,70,1,1,2,1,0,0,5,50,1,1,5,21,"1JJV532D0CL7","777777777777","777777777777",0,0
47,470438,1,1,1,2,7,19,42,1,0,1,0,47,0,49,401,49401,14,2001,"JT3HN86RX103","J","T","3","H","N","8","6","R","X","1","0","3",0,0,0,"000000000","00000000000",0,0,0,1,0,0,0,0,0,0,0,998,0,2,1,0,6,2,1,0,0,0,1,47,37379,6,1,0,0,3,1,60,138,0,0,0,0,0,0,0,0,0,0,0,0,0,0,1,2,45,1,1,2,1,0,0,1,12,99,9,6,98,"777777777777","777777777777","777777777777",1,0
47,470439,1,2,3,2,7,5,11,12,6,1,1,17,2,20,481,20481,31,1999,"1GCEC19T6XZ1","1","G","C","E","C","1","9","T","6","X","Z","1",0,0,0,"000000000","00000000000",0,0,0,1,0,0,0,0,0,0,0,998,0,0,0,2,4,5,12,0,0,0,1,47,37185,6,1,0,0,3,0,76,160,0,0,0,0,0,0,0,0,0,0,38,89,91,0,5,5,45,1,1,2,1,0,0,11,15,99,1,1,68,"777777777777","777777777777","777777777777",0,1
47,470439,2,2,1,2,7,5,11,12,6,1,0,47,2,72,706,72706,80,2002,"1HD1GHV1X2Y3","1","H","D","1","G","H","V","1","X","2","Y","3",0,0,0,"000000000","00000000000",0,0,0,1,0,0,0,0,0,0,0,998,0,0,0,12,6,2,12,0,0,0,1,47,37042,6,1,0,0,3,3,71,180,1,2,0,2,1,1,2012,3,2016,0,0,0,0,0,5,5,45,1,1,2,1,0,0,1,62,99,2,1,69,"777777777777","777777777777","777777777777",1,1
47,470440,1,2,4,28,6,13,8,12,1,1,0,47,1,37,402,37402,14,2003,"SHSRD78873U1","S","H","S","R","D","7","8","8","7","3","U","1",0,0,0,"000000000","00000000000",0,0,0,1,0,0,0,0,0,0,0,998,0,0,0,12,6,2,12,0,0,0,1,47,37871,6,1,0,0,3,0,66,145,0,0,0,0,0,0,0,0,0,0,6,0,0,0,2,2,50,1,2,2,1,0,0,1,51,99,1,1,24,"777777777777","777777777777","777777777777",0,0
47,470440,2,2,1,28,6,13,8,12,1,1,0,0,0,98,998,98998,92,2007,"000000000000","0","0","0","0","0","0","0","0","0","0","0","0",0,0,0,"000000000","00000000000",0,0,0,1,0,0,0,0,0,0,0,998,0,1,1,6,6,2,12,0,0,0,1,47,37814,6,1,0,0,3,1,69,190,2,0,0,0,0,10,2015,11,2015,0,0,0,0,0,2,2,50,1,2,2,1,0,0,1,53,99,1,1,25,"777777777777","777777777777","777777777777",1,0
47,470441,1,1,1,22,4,18,55,17,0,1,0,47,1,72,706,72706,80,2003,"1HD1BYB493Y0","1","H","D","1","B","Y","B","4","9","3","Y","0",0,0,0,"000000000","00000000000",0,0,0,1,0,0,0,0,0,0,0,998,0,0,0,12,6,2,17,0,0,0,1,47,37015,6,1,0,0,3,0,68,175,0,0,0,1,0,5,2015,5,2015,0,0,0,0,0,1,2,35,3,2,2,1,0,0,14,6,1,1,4,1,"777777777777","777777777777","777777777777",1,0
47,470442,1,1,2,13,6,16,40,1,0,1,0,47,2,37,32,37032,4,2003,"1HGCM56613A0","1","H","G","C","M","5","6","6","1","3","A","0",0,0,0,"000000000","00000000000",0,0,0,1,0,0,0,0,0,0,0,998,0,2,5,0,6,2,1,0,0,0,1,47,37660,6,2,0,0,3,2,66,115,0,0,0,0,0,0,0,0,0,0,58,73,0,0,2,2,55,1,1,2,1,0,0,1,90,6,4,4,98,"777777777777","777777777777","777777777777",1,0
47,470443,1,1,1,25,6,0,0,1,0,1,0,47,1,20,481,20481,31,2005,"1GCEK19B55Z1","1","G","C","E","K","1","9","B","5","5","Z","1",0,0,0,"000000000","00000000000",0,0,0,1,0,0,0,0,0,0,0,998,0,2,3,0,6,2,1,0,0,0,1,47,38472,6,1,0,0,3,1,71,170,1,0,0,1,0,4,2015,11,2015,0,58,0,0,0,2,2,65,2,2,2,1,0,0,14,6,15,2,4,7,"777777777777","777777777777","777777777777",1,1
47,470444,1,1,1,25,6,99,99,34,0,1,0,47,1,72,706,72706,80,2006,"1HD1GP11X6K3","1","H","D","1","G","P","1","1","X","6","K","3",0,0,0,"000000000","00000000000",0,0,0,1,0,0,0,0,0,0,0,998,0,0,0,12,6,2,34,0,0,0,1,47,37101,6,1,0,0,2,0,73,190,0,0,0,0,0,0,0,0,0,0,0,0,0,0,1,2,55,3,1,2,1,0,0,14,6,99,1,4,1,"777777777777","777777777777","777777777777",1,1
47,470445,1,2,4,29,6,21,58,12,6,1,0,47,2,35,421,35421,15,2004,"5N1AA08AX4N7","5","N","1","A","A","0","8","A","X","4","N","7",0,0,0,"000000000","00000000000",0,0,0,1,0,0,0,0,0,0,0,998,0,0,0,10,6,2,12,0,0,0,1,47,38128,6,1,6,0,3,3,73,245,0,0,0,0,0,0,0,0,0,0,36,0,0,0,0,0,0,0,0,0,0,0,0,11,15,99,1,1,82,"777777777777","777777777777","777777777777",0,0
47,470445,2,2,1,29,6,21,58,12,6,1,0,47,1,53,706,53706,80,2001,"JS1GW71A9121","J","S","1","G","W","7","1","A","9","1","2","1",0,0,0,"000000000","00000000000",0,0,0,1,0,0,0,0,0,0,0,998,0,0,0,12,6,2,12,0,0,0,1,47,38002,6,1,6,0,3,0,73,259,0,0,0,0,1,1,2013,1,2013,2,0,0,0,0,5,7,45,1,1,2,1,0,0,1,72,6,1,2,83,"777777777777","777777777777","777777777777",1,0
47,470446,1,1,1,2,7,0,0,40,0,1,0,47,1,20,37,20037,4,2010,"1G1ZA5E04A41","1","G","1","Z","A","5","E","0","4","A","4","1",0,0,0,"000000000","00000000000",0,0,0,1,0,0,0,0,0,0,0,998,0,0,0,12,6,2,40,0,0,0,1,47,38109,6,1,6,0,3,0,68,126,0,0,0,0,1,7,2012,7,2012,9,99,99,99,99,1,7,40,1,1,2,1,0,0,99,12,99,9,4,6,"777777777777","777777777777","777777777777",1,0
47,470447,1,2,1,30,6,22,14,12,2,1,0,47,2,49,472,49472,30,2006,"3TMLU42N16M0","3","T","M","L","U","4","2","N","1","6","M","0",0,0,0,"000000000","00000000000",0,0,0,1,0,0,0,0,0,0,0,998,0,1,1,12,6,2,12,0,0,0,1,47,37336,6,1,0,0,3,0,70,162,0,0,0,3,0,1,2012,10,2015,0,6,39,91,0,1,2,45,1,6,2,1,20,3,1,17,99,1,1,52,"777777777777","777777777777","777777777777",0,1
47,470447,2,2,2,30,6,22,14,12,2,1,0,47,1,20,471,20471,30,1998,"1GCCS1943W82","1","G","C","C","S","1","9","4","3","W","8","2",0,0,0,"000000000","00000000000",0,0,0,1,0,0,0,0,0,0,0,998,0,0,0,12,6,2,12,32,0,0,1,47,37336,6,1,0,0,3,0,72,150,2,0,0,1,0,9,2013,5,2014,0,0,0,0,0,1,2,45,1,5,2,1,0,0,1,63,99,1,1,52,"777777777777","777777777777","777777777777",1,1
47,470448,1,2,2,28,6,16,32,12,6,1,0,47,1,49,442,49442,20,2010,"5TDYK4CC2AS3","5","T","D","Y","K","4","C","C","2","A","S","3",0,0,0,"000000000","00000000000",0,0,0,1,0,0,0,0,0,0,0,0,0,0,0,7,6,2,12,0,0,0,1,47,37174,6,1,0,0,3,0,66,180,0,0,0,0,0,0,0,0,0,0,38,0,0,0,1,2,55,1,1,2,1,0,0,5,66,99,1,1,89,"777777777777","777777777777","777777777777",0,0
47,470448,2,2,1,28,6,16,32,12,6,1,0,47,0,37,706,37706,80,2014,"JH2SC5954EK6","J","H","2","S","C","5","9","5","4","E","K","6",0,0,0,"000000000","00000000000",0,0,0,1,0,0,0,0,0,0,0,998,0,0,0,12,6,2,12,0,0,0,1,47,38401,6,1,0,0,3,0,73,195,1,0,0,2,0,4,2012,6,2012,3,36,0,0,0,2,2,55,1,1,2,1,0,0,1,50,16,2,1,88,"777777777777","777777777777","777777777777",1,0
47,470449,1,2,1,30,6,11,23,12,2,1,0,47,1,18,2,18002,4,1997,"1G4HP52K9VH4","1","G","4","H","P","5","2","K","9","V","H","4",0,0,0,"000000000","00000000000",0,0,0,1,0,0,0,0,0,0,0,998,0,0,0,12,6,2,12,0,0,0,1,47,38310,6,1,0,0,3,0,66,110,0,0,0,0,0,0,0,0,0,0,0,0,0,0,1,2,45,1,1,2,1,0,0,1,62,99,1,1,51,"777777777777","777777777777","777777777777",1,0
47,470449,2,2,1,30,6,11,23,12,2,1,0,47,0,7,20,7020,4,2005,"1B3ES56C05D2","1","B","3","E","S","5","6","C","0","5","D","2",0,0,0,"000000000","00000000000",0,0,0,1,0,0,0,0,0,0,0,998,0,0,0,12,6,2,12,0,0,0,1,47,38376,6,1,0,0,3,0,72,208,0,0,0,2,0,9,2012,8,2014,0,6,28,0,0,1,2,45,1,1,2,1,0,0,1,10,99,1,2,50,"777777777777","777777777777","777777777777",0,0
47,470450,1,1,2,6,7,13,49,35,0,1,0,18,1,72,706,72706,82,2011,"1HD1MAM1XBB8","1","H","D","1","M","A","M","1","X","B","B","8",0,0,0,"000000000","00000000000",0,0,0,1,0,0,0,0,0,0,0,998,0,1,5,12,6,2,42,0,0,0,1,18,46203,6,1,0,0,3,3,66,172,0,0,0,0,0,0,0,0,0,0,52,0,0,0,1,2,30,3,2,2,1,0,0,14,9,99,1,4,1,"777777777777","777777777777","777777777777",1,0
47,470451,1,1,6,23,5,20,46,8,0,1,0,47,2,53,404,53404,14,2009,"JS3TD0428941","J","S","3","T","D","0","4","2","8","9","4","1",0,0,0,"000000000","00000000000",0,0,0,1,0,0,0,0,0,0,0,998,0,0,0,12,4,5,8,0,0,0,1,47,38555,1,1,0,0,2,0,69,200,0,1,0,1,0,4,2015,8,2015,0,0,0,0,0,1,2,30,1,1,2,1,0,0,1,80,6,9,1,13,"777777777777","777777777777","777777777777",0,1
47,470452,1,1,1,1,7,15,2,35,0,1,0,47,1,20,481,20481,31,2002,"1GCEK19T82E2","1","G","C","E","K","1","9","T","8","2","E","2",0,0,0,"000000000","00000000000",0,0,0,1,0,0,0,0,0,0,0,998,0,0,0,12,6,2,42,0,0,0,1,47,37073,6,1,0,0,3,0,69,240,1,0,0,0,0,6,2015,6,2015,9,99,99,99,99,5,5,45,1,1,2,1,0,0,1,12,99,1,4,6,"777777777777","777777777777","777777777777",1,0
47,470453,1,1,1,23,6,16,17,35,0,1,0,47,1,13,1,13001,4,1991,"1LNCM81W8MY7","1","L","N","C","M","8","1","W","8","M","Y","7",0,0,0,"000000000","00000000000",0,0,0,1,0,0,0,0,0,0,0,998,0,0,0,12,6,2,35,32,0,0,1,47,37641,6,1,0,0,3,1,78,300,0,0,0,0,1,7,2013,7,2013,0,0,0,0,0,1,2,35,1,1,2,1,0,0,1,12,99,1,4,6,"777777777777","777777777777","777777777777",1,0
47,470454,1,1,3,29,6,1,6,52,0,1,0,47,2,49,44,49044,2,2004,"4T1CA30P44U0","4","T","1","C","A","3","0","P","4","4","U","0",0,0,0,"000000000","00000000000",0,0,0,1,0,0,0,0,0,0,0,998,0,0,0,12,6,2,52,0,0,0,1,37,28698,6,1,0,0,3,0,69,999,0,0,0,0,1,4,2016,4,2016,0,0,0,0,0,2,2,70,1,6,2,1,0,0,1,12,99,1,4,6,"777777777777","777777777777","777777777777",2,1
47,470455,1,1,1,28,6,14,46,1,0,1,0,1,1,2,403,2403,14,2002,"1J4FA39S62P7","1","J","4","F","A","3","9","S","6","2","P","7",0,0,0,"000000000","00000000000",0,0,0,1,0,0,0,0,0,0,0,998,0,2,3,0,6,2,1,0,0,0,1,1,35124,6,1,0,0,3,3,66,140,0,0,0,0,0,0,0,0,0,0,58,0,0,0,2,2,70,1,1,2,1,0,0,1,12,7,1,4,98,"777777777777","777777777777","777777777777",1,0
47,470456,1,1,2,9,5,17,17,30,0,1,0,47,2,20,481,20481,31,2008,"3GCEC13C88G2","3","G","C","E","C","1","3","C","8","8","G","2",0,0,0,"000000000","00000000000",0,0,0,1,0,0,0,0,0,0,0,998,0,0,0,12,6,2,8,0,0,0,1,47,38114,1,1,0,0,2,0,65,165,0,0,0,0,0,0,0,0,0,0,36,0,0,0,5,7,35,1,1,2,1,0,0,1,13,99,1,4,1,"777777777777","777777777777","777777777777",0,0
47,470457,1,2,2,17,6,18,53,12,6,1,0,47,1,58,37,58037,4,2005,"JNKCV51E85M2","J","N","K","C","V","5","1","E","8","5","M","2",0,0,0,"000000000","00000000000",0,0,0,1,0,0,0,0,0,0,0,998,0,0,0,12,6,2,12,0,0,0,1,47,37921,6,1,0,0,3,0,67,135,0,0,0,0,0,0,0,0,0,0,39,0,0,0,2,2,40,1,6,2,1,1,3,1,17,99,1,1,69,"777777777777","777777777777","777777777777",0,0
47,470457,2,2,1,17,6,18,53,12,6,1,0,47,1,2,404,2404,14,2004,"1J4GW48S24C2","1","J","4","G","W","4","8","S","2","4","C","2",0,0,0,"000000000","00000000000",0,0,0,1,0,0,0,0,0,0,0,998,0,0,0,2,6,2,12,0,0,0,1,47,37917,6,1,0,0,3,0,70,197,0,0,0,0,0,0,0,0,0,0,39,0,0,0,2,4,40,1,5,2,1,1,3,11,63,99,1,1,68,"777777777777","777777777777","777777777777",1,0
47,470458,1,2,2,29,6,3,39,12,7,1,0,18,3,51,881,51881,66,2016,"4V4NC9EH1GN9","4","V","4","N","C","9","E","H","1","G","N","9",1,1,57,"00175908","5700175908",3,6,1,1,0,0,0,0,0,0,0,998,0,0,0,82,6,2,12,0,0,0,1,47,37362,6,1,6,0,3,0,68,260,1,0,0,0,2,3,2012,10,2014,0,0,0,0,0,2,2,65,1,1,2,1,0,0,1,50,6,1,2,44,"1GRAA0622DB7","777777777777","777777777777",1,0
47,470458,2,2,1,29,6,3,39,12,7,1,0,93,3,82,881,82881,66,2015,"3AKJGLD5XFSG","3","A","K","J","G","L","D","5","X","F","S","G",1,1,57,"00303024","5700303024",3,6,1,1,0,0,0,0,0,0,0,0,0,0,0,8,6,2,12,0,0,0,1,48,75418,6,1,6,0,3,0,999,999,0,0,0,0,0,0,0,0,0,0,0,0,0,0,2,2,65,1,1,2,1,0,0,5,53,1,1,1,45,"1JJV532W88L1","777777777777","777777777777",0,0