"STATE","ST_CASE","VEH_NO","VE_FORMS","NUMOCCS","DAY","MONTH","HOUR","MINUTE","HARM_EV","MAN_COLL","UNITTYPE","HIT_RUN","REG_STAT","OWNER","MAKE","MODEL","MAK_MOD","BODY_TYP","MOD_YEAR","VIN","VIN_1","VIN_2","VIN_3","VIN_4","VIN_5","VIN_6","VIN_7","VIN_8","VIN_9","VIN_10","VIN_11","VIN_12","TOW_VEH","J_KNIFE","MCARR_I1","MCARR_I2","MCARR_ID","GVWR","V_CONFIG","CARGO_BT","HAZ_INV","HAZ_PLAC","HAZ_ID","HAZ_CNO","HAZ_REL","BUS_USE","SPEC_USE","EMER_USE","TRAV_SP","UNDERIDE","ROLLOVER","ROLINLOC","IMPACT1","DEFORMED","TOWED","M_HARM","VEH_SC1","VEH_SC2","FIRE_EXP","DR_PRES","L_STATE","DR_ZIP","L_STATUS","L_TYPE","CDL_STAT","L_ENDORS","L_COMPL","L_RESTRI","DR_HGT","DR_WGT","PREV_ACC","PREV_SUS","PREV_DWI","PREV_SPD","PREV_OTH","FIRST_MO","FIRST_YR","LAST_MO","LAST_YR","SPEEDREL","DR_SF1","DR_SF2","DR_SF3","DR_SF4","VTRAFWAY","VNUM_LAN","VSPD_LIM","VALIGN","VPROFILE","VPAVETYP","VSURCOND","VTRAFCON","VTCONT_F","P_CRASH1","P_CRASH2","P_CRASH3","PCRASH4","PCRASH5","ACC_TYPE","TRLR1VIN","TRLR2VIN","TRLR3VIN","DEATHS","DR_DRINK"
47,470576,2,2,3,12,8,10,41,12,6,1,0,21,2,20,481,20481,31,2008,"2GCEC19J6812","2","G","C","E","C","1","9","J","6","8","1","2",0,0,0,"000000000","00000000000",0,0,0,1,0,0,0,0,0,0,0,998,0,0,0,12,6,2,12,0,0,0,1,47,37090,6,1,0,0,3,0,63,162,1,0,0,0,0,10,2012,10,2012,0,0,0,0,0,1,2,30,1,5,2,1,0,0,1,67,99,1,1,83,"777777777777","777777777777","777777777777",0,0
47,470577,1,1,1,13,8,2,23,40,0,1,0,47,1,20,473,20473,30,2006,"1GCCS1489682","1","G","C","C","S","1","4","8","9","6","8","2",0,0,0,"000000000","00000000000",0,0,0,1,0,0,0,0,0,0,0,998,0,1,5,12,6,2,40,0,0,0,1,47,38358,6,1,0,0,3,0,69,150,0,0,0,0,0,0,0,0,0,0,0,0,0,0,1,2,40,2,1,2,1,0,0,14,12,99,1,4,6,"777777777777","777777777777","777777777777",1,1
47,470578,1,1,1,15,8,12,46,32,0,1,0,47,2,22,401,22401,14,2004,"3G7DA03E94S5","3","G","7","D","A","0","3","E","9","4","S","5",0,0,0,"000000000","00000000000",0,0,0,1,0,0,0,0,0,0,0,998,0,1,5,12,6,2,32,0,0,1,1,47,37370,6,1,0,0,3,0,66,132,0,0,0,0,0,0,0,0,0,0,0,0,0,0,1,2,55,3,4,2,1,0,0,14,6,99,1,4,1,"777777777777","777777777777","777777777777",1,0
47,470579,1,1,2,6,8,13,45,8,0,1,0,47,2,20,37,20037,4,2013,"1G11E5SAXDF2","1","G","1","1","E","5","S","A","X","D","F","2",0,0,0,"000000000","00000000000",0,0,0,1,0,0,0,0,0,0,0,998,0,0,0,12,4,5,8,0,0,0,1,47,38015,6,2,0,0,3,1,71,135,1,0,0,0,0,4,2013,4,2013,0,0,0,0,0,1,2,40,1,6,2,1,0,0,1,80,99,1,1,13,"777777777777","777777777777","777777777777",0,0
47,470580,1,2,2,17,8,17,50,12,6,1,0,47,2,12,37,12037,4,2008,"1FAHP35NX8W2","1","F","A","H","P","3","5","N","X","8","W","2",0,0,0,"000000000","00000000000",0,0,0,1,0,0,0,0,0,0,0,998,0,0,0,3,6,2,12,0,0,0,1,47,38358,6,2,0,0,3,1,66,160,1,0,0,0,0,3,2016,3,2016,4,58,0,0,0,1,2,55,2,6,2,2,0,0,14,6,99,5,2,64,"777777777777","777777777777","777777777777",1,0
47,470580,2,2,2,17,8,17,50,12,6,1,0,47,1,23,481,23481,31,2005,"2GTEK13T5512","2","G","T","E","K","1","3","T","5","5","1","2",0,0,0,"000000000","00000000000",0,0,0,1,0,0,0,0,0,0,0,998,0,0,0,12,6,2,12,0,0,0,1,47,38382,6,1,0,0,3,3,66,165,0,0,0,0,0,0,0,0,0,0,0,0,0,0,1,2,55,1,5,2,2,0,0,1,62,99,1,1,65,"777777777777","777777777777","777777777777",0,0
47,470581,1,2,1,20,8,8,10,12,2,1,0,47,1,35,39,35039,4,2014,"1N4AA5AP5EC9","1","N","4","A","A","5","A","P","5","E","C","9",0,0,0,"000000000","00000000000",0,0,0,1,0,0,0,0,0,0,0,998,0,0,0,12,6,2,12,0,0,0,1,47,37745,6,1,0,0,3,0,67,147,0,0,0,0,0,0,0,0,0,0,28,0,0,0,1,2,50,1,6,2,1,0,0,1,13,6,1,6,50,"777777777777","777777777777","777777777777",1,0
47,470581,2,2,1,20,8,8,10,12,2,1,0,47,1,37,32,37032,4,2005,"1HGCM66585A0","1","H","G","C","M","6","6","5","8","5","A","0",0,0,0,"000000000","00000000000",0,0,0,1,0,0,0,0,0,0,0,998,0,0,0,12,6,2,12,0,0,0,1,47,37616,6,1,0,0,3,0,64,185,1,0,0,0,0,4,2016,4,2016,0,0,0,0,0,1,2,50,1,2,2,1,0,0,1,62,99,1,1,51,"777777777777","777777777777","777777777777",0,0
47,470583,1,1,1,13,8,99,99,1,0,1,0,47,1,72,706,72706,80,2001,"1HD1FRW181Y6","1","H","D","1","F","R","W","1","8","1","Y","6",0,0,0,"000000000","00000000000",0,0,0,1,0,0,0,0,0,0,0,998,0,0,0,0,4,3,1,0,0,0,1,47,38464,6,1,0,0,3,1,69,200,0,0,0,0,0,0,0,0,0,0,0,0,0,0,1,2,45,1,6,2,1,0,0,1,13,99,1,4,1,"777777777777","777777777777","777777777777",1,0
47,470584,1,1,1,20,8,0,5,8,0,1,0,17,2,35,48,35048,2,2005,"JN1AZ34D35M6","J","N","1","A","Z","3","4","D","3","5","M","6",0,0,0,"000000000","00000000000",0,0,0,1,0,0,0,0,0,0,0,998,0,0,0,12,4,5,8,0,0,0,1,17,62951,6,1,0,0,3,0,999,999,0,0,0,0,0,0,0,0,0,0,0,0,0,0,1,2,55,1,1,2,1,0,0,1,80,99,1,1,13,"777777777777","777777777777","777777777777",0,0
47,470585,1,1,1,25,8,0,45,42,0,1,0,47,1,20,481,20481,31,2014,"1GCVKREC8EZ3","1","G","C","V","K","R","E","C","8","E","Z","3",0,0,0,"000000000","00000000000",0,0,0,1,0,0,0,0,0,0,0,998,0,0,0,8,6,2,42,0,0,0,1,47,37843,6,1,0,0,3,0,72,204,0,0,0,0,0,0,0,0,0,0,0,0,0,0,1,2,45,2,6,2,1,0,0,14,6,99,1,4,6,"777777777777","777777777777","777777777777",1,0
47,470586,1,2,2,19,8,15,7,12,6,1,0,47,1,12,481,12481,31,2015,"1FTEW1C80FKD","1","F","T","E","W","1","C","8","0","F","K","D",0,0,0,"000000000","00000000000",0,0,0,1,0,0,0,0,0,0,0,998,0,0,0,12,4,5,12,32,0,0,1,47,37876,6,1,0,0,3,1,72,195,0,0,0,0,0,0,0,0,0,0,0,0,0,0,1,2,35,1,1,2,1,0,0,1,66,1,1,1,86,"777777777777","777777777777","777777777777",0,0
47,470586,2,2,1,19,8,15,7,12,6,1,0,0,0,98,998,98998,92,2000,"000000000000","0","0","0","0","0","0","0","0","0","0","0","0",0,0,0,"000000000","00000000000",0,0,0,1,0,0,0,0,0,0,0,998,0,0,0,3,6,2,12,0,0,0,1,47,37876,2,1,0,0,1,0,68,180,0,0,0,1,0,1,2014,1,2014,0,39,0,0,0,1,2,25,1,2,2,1,20,3,1,17,99,1,1,87,"777777777777","777777777777","777777777777",1,0
47,470587,1,1,1,23,8,5,50,42,0,1,0,22,2,14,444,14444,20,2005,"2MRZA21245BJ","2","M","R","Z","A","2","1","2","4","5","B","J",0,0,0,"000000000","00000000000",0,0,0,1,0,0,0,0,0,0,0,998,0,0,0,12,6,2,42,0,0,0,1,47,38108,6,1,0,0,3,0,77,225,2,1,0,2,0,7,2012,7,2015,0,0,0,0,0,2,2,35,1,1,2,1,0,0,1,12,99,1,4,6,"777777777777","777777777777","777777777777",1,0
47,470588,1,2,1,19,8,13,46,57,0,1,0,47,2,35,472,35472,30,2007,"1N6AD06U47C4","1","N","6","A","D","0","6","U","4","7","C","4",0,0,0,"000000000","00000000000",0,0,0,1,0,0,0,0,0,0,0,998,0,1,3,11,6,2,12,0,0,0,1,47,37122,6,1,0,0,3,0,70,180,0,0,0,0,0,0,0,0,0,4,0,0,0,0,3,2,70,2,1,2,2,0,0,14,12,99,1,4,6,"777777777777","777777777777","777777777777",1,0
47,470588,2,2,1,19,8,13,46,57,0,1,0,17,3,82,881,82881,66,2010,"1FUJGLDR7ASA","1","F","U","J","G","L","D","R","7","A","S","A",1,1,57,"02202732","5702202732",3,6,1,1,0,0,0,0,0,0,0,998,0,0,0,12,6,2,12,0,0,0,1,53,98058,6,1,6,0,3,0,71,204,0,0,0,0,0,0,0,0,0,0,0,0,0,0,3,2,70,1,1,2,2,0,0,1,54,99,1,1,98,"1GRAA0624AW7","777777777777","777777777777",0,0
47,470589,1,1,1,19,8,20,12,42,0,1,0,42,2,7,402,7402,14,2000,"1B4HS28Z9YF2","1","B","4","H","S","2","8","Z","9","Y","F","2",0,0,0,"000000000","00000000000",0,0,0,1,0,0,0,0,0,0,0,998,0,1,5,6,6,2,42,0,0,0,1,47,38340,6,1,6,0,3,0,73,170,0,0,0,0,0,0,0,0,0,0,0,0,0,0,1,2,55,1,1,2,2,0,0,1,12,99,4,4,6,"777777777777","777777777777","777777777777",1,0
47,470590,1,1,1,24,8,21,50,24,0,1,0,17,3,20,481,20481,31,2007,"3GCEC14X67G2","3","G","C","E","C","1","4","X","6","7","G","2",0,0,0,"000000000","00000000000",0,0,0,1,0,0,0,0,0,0,0,998,0,1,5,3,6,2,1,0,0,0,1,17,60482,6,1,0,0,3,1,73,175,0,0,0,0,0,0,0,0,0,0,0,0,0,0,1,2,55,3,1,2,1,0,0,14,13,99,1,4,1,"777777777777","777777777777","777777777777",1,0
47,470591,1,1,1,20,8,21,45,8,0,1,0,47,1,30,40,30040,6,2010,"3VWPL7AJ8AM6","3","V","W","P","L","7","A","J","8","A","M","6",0,0,0,"000000000","00000000000",0,0,0,1,0,0,0,0,0,0,0,998,0,0,0,1,6,2,8,0,0,0,1,47,37772,6,1,0,0,3,0,70,190,0,0,0,0,0,0,0,0,0,0,0,0,0,0,3,3,65,1,1,2,1,0,0,1,80,1,1,1,13,"777777777777","777777777777","777777777777",0,0
47,470592,1,1,1,11,8,1,51,1,0,1,0,47,2,35,39,35039,4,2005,"1N4BA41E35C8","1","N","4","B","A","4","1","E","3","5","C","8",0,0,0,"000000000","00000000000",0,0,0,1,0,0,0,0,0,0,0,998,0,2,1,0,6,2,1,0,0,0,1,47,37641,6,1,0,0,3,0,65,115,0,0,0,2,0,2,2015,11,2015,0,6,36,0,0,3,2,65,3,6,2,99,0,0,14,13,99,1,6,98,"777777777777","777777777777","777777777777",1,0
47,470593,1,1,1,2,8,16,25,14,0,1,0,47,2,12,402,12402,14,2007,"1FMYU03157KA","1","F","M","Y","U","0","3","1","5","7","K","A",0,0,0,"000000000","00000000000",0,0,0,1,0,0,0,0,0,0,0,998,0,0,0,10,6,2,14,0,0,0,1,47,38128,6,1,0,0,3,0,73,240,0,0,0,0,0,0,0,0,0,9,99,99,99,99,1,2,30,1,1,2,1,0,0,1,12,6,1,4,11,"777777777777","777777777777","777777777777",1,0
47,470594,1,1,1,14,8,3,15,35,0,1,0,47,2,7,402,7402,14,2002,"1B4HR38NX2F1","1","B","4","H","R","3","8","N","X","2","F","1",0,0,0,"000000000","00000000000",0,0,0,1,0,0,0,0,0,0,0,998,0,0,0,4,6,2,35,0,0,0,1,47,38127,2,1,0,0,2,0,73,330,0,0,0,0,0,0,0,0,0,0,6,36,0,0,6,2,55,1,6,2,1,0,0,1,13,99,1,4,1,"777777777777","777777777777","777777777777",1,0
47,470595,1,1,1,17,8,11,5,58,0,1,0,47,2,34,706,34706,80,2002,"WB10495A52ZE","W","B","1","0","4","9","5","A","5","2","Z","E",0,0,0,"000000000","00000000000",0,0,0,1,0,0,0,0,0,0,0,998,0,0,0,12,6,2,42,0,0,0,1,47,37920,1,1,0,0,2,0,70,195,0,0,0,0,0,0,0,0,0,3,36,0,0,0,2,2,70,1,6,2,1,0,0,6,12,99,1,4,6,"777777777777","777777777777","777777777777",1,0
47,470596,1,1,1,18,8,22,20,8,0,1,0,18,1,35,39,35039,4,2000,"JN1CA31A4YT0","J","N","1","C","A","3","1","A","4","Y","T","0",0,0,0,"000000000","00000000000",0,0,0,1,0,0,0,0,0,0,0,998,0,0,0,1,2,3,8,0,0,0,1,18,38315,6,1,0,0,3,2,65,115,0,0,0,0,0,0,0,0,0,9,74,0,0,0,1,2,55,1,1,2,1,0,0,1,80,99,1,1,13,"777777777777","777777777777","777777777777",0,1
47,470597,1,1,2,24,8,14,0,30,0,1,0,47,5,7,482,7482,31,1998,"3B7KC22Z3WG1","3","B","7","K","C","2","2","Z","3","W","G","1",0,0,0,"000000000","00000000000",0,0,0,1,0,0,0,0,0,0,0,998,0,0,0,12,6,2,35,0,0,0,1,47,37748,0,0,0,0,0,0,999,999,0,0,0,0,0,0,0,0,0,3,36,58,91,0,1,2,30,2,6,2,1,0,0,14,6,99,1,4,1,"777777777777","777777777777","777777777777",1,0
47,470598,1,2,1,23,8,19,58,12,6,1,0,47,2,12,24,12024,6,2007,"2FMDK38C47BB","2","F","M","D","K","3","8","C","4","7","B","B",0,0,0,"000000000","00000000000",0,0,0,1,0,0,0,0,0,0,0,998,0,0,0,12,6,2,12,0,0,0,1,47,38125,6,1,0,0,3,0,66,120,0,0,0,0,0,0,0,0,0,0,0,0,0,0,1,7,45,1,1,2,1,2,3,1,17,99,1,1,88,"777777777777","777777777777","777777777777",0,0
47,470598,2,2,2,23,8,19,58,12,6,1,0,5,2,20,37,20037,4,2005,"1G1ND52F05M1","1","G","1","N","D","5","2","F","0","5","M","1",0,0,0,"000000000","00000000000",0,0,0,1,0,0,0,0,0,0,0,998,0,0,0,10,6,2,12,0,0,0,1,47,38116,0,0,0,0,0,0,999,999,0,2,0,0,3,2,2013,2,2013,0,0,0,0,0,1,2,45,1,1,2,1,2,3,1,62,99,1,1,89,"777777777777","777777777777","777777777777",1,0
47,470599,1,2,1,27,8,13,3,12,6,1,0,47,1,35,43,35043,4,1999,"3N1AB41D1XL1","3","N","1","A","B","4","1","D","1","X","L","1",0,0,0,"000000000","00000000000",0,0,0,1,0,0,0,0,0,0,0,998,0,0,0,9,6,2,12,0,0,0,1,47,37882,6,1,0,0,3,0,67,200,0,0,0,0,0,0,0,0,0,0,38,0,0,0,0,0,0,0,0,0,0,0,0,11,15,99,1,1,82,"777777777777","777777777777","777777777777",1,0
47,470599,2,2,2,27,8,13,3,12,6,1,0,26,1,2,403,2403,14,2015,"1C4BJWDG2FL5","1","C","4","B","J","W","D","G","2","F","L","5",0,0,0,"000000000","00000000000",0,0,0,1,0,0,0,0,0,0,0,998,0,0,0,12,6,2,12,0,0,0,1,26,49048,6,1,0,0,3,3,62,128,0,0,0,0,0,0,0,0,0,0,0,0,0,0,5,5,45,1,1,2,1,0,0,1,72,1,1,1,83,"777777777777","777777777777","777777777777",0,0
47,470600,1,1,1,25,8,19,27,1,0,1,0,92,0,37,739,37739,90,2007,"000000000000","0","0","0","0","0","0","0","0","0","0","0","0",0,0,0,"000000000","00000000000",0,0,0,1,0,0,0,0,0,0,0,998,0,2,1,0,2,5,1,0,0,0,1,47,37755,6,1,0,0,1,0,72,180,1,0,0,0,0,5,2015,5,2015,0,18,0,0,0,1,2,25,1,1,2,1,0,0,1,87,6,1,2,98,"777777777777","777777777777","777777777777",1,0
47,470601,1,2,4,23,8,20,30,12,6,1,0,47,0,6,51,6051,4,2007,"2C3LA43R87H6","2","C","3","L","A","4","3","R","8","7","H","6",0,0,0,"000000000","00000000000",0,0,0,1,0,0,0,0,0,0,0,998,0,0,0,9,4,3,12,0,0,0,1,47,38109,6,1,0,0,3,0,60,135,0,0,0,0,0,0,0,0,0,9,99,99,99,99,0,0,0,0,0,0,0,0,0,11,15,99,1,1,82,"777777777777","777777777777","777777777777",0,0
47,470601,2,2,1,23,8,20,30,12,6,1,0,28,1,73,705,73705,80,2002,"JKAZX4J182A0","J","K","A","Z","X","4","J","1","8","2","A","0",0,0,0,"000000000","00000000000",0,0,0,1,0,0,0,0,0,0,0,998,0,0,0,12,6,2,12,0,0,0,1,47,38109,0,0,0,0,0,0,70,175,0,0,0,0,0,0,0,0,0,9,99,99,99,99,5,4,40,1,1,2,1,0,0,1,72,99,1,1,83,"777777777777","777777777777","777777777777",1,0
47,470602,1,1,1,15,8,1,55,35,0,1,0,99,9,53,709,53709,80,2006,"999999999999","9","9","9","9","9","9","9","9","9","9","9","9",0,0,0,"000000000","00000000000",0,0,0,1,0,0,0,0,0,0,0,998,0,0,0,12,6,2,1,0,0,1,1,47,37874,2,1,0,0,2,0,78,260,0,0,0,0,0,0,0,0,0,0,0,0,0,0,1,2,45,1,1,2,1,0,0,1,13,99,1,4,1,"777777777777","777777777777","777777777777",1,0
47,470603,1,1,2,26,8,13,18,18,0,1,0,47,1,7,482,7482,31,1998,"1B7HC13Y8WJ1","1","B","7","H","C","1","3","Y","8","W","J","1",0,0,0,"000000000","00000000000",0,0,0,1,0,0,0,0,0,0,0,998,0,0,0,12,6,2,42,0,0,0,1,47,38061,6,1,0,0,3,0,69,185,0,0,0,0,0,0,0,0,0,0,0,0,0,0,1,2,55,1,6,2,1,0,0,1,90,99,1,1,12,"777777777777","777777777777","777777777777",1,0
47,470604,1,2,2,15,8,13,50,12,6,1,0,47,2,35,472,35472,30,2005,"1N6AD06U25C4","1","N","6","A","D","0","6","U","2","5","C","4",0,0,0,"000000000","00000000000",0,0,0,1,0,0,0,0,0,0,0,998,0,0,0,12,4,5,12,0,0,0,1,47,38351,6,2,0,0,3,1,67,128,0,0,0,0,0,0,0,0,0,0,38,0,0,0,1,5,40,1,5,2,1,2,3,11,15,99,1,1,68,"777777777777","777777777777","777777777777",0,0
47,470604,2,2,1,15,8,13,50,12,6,1,0,47,1,73,703,73703,80,2007,"JKAEXMF107DA","J","K","A","E","X","M","F","1","0","7","D","A",0,0,0,"000000000","00000000000",0,0,0,1,0,0,0,0,0,0,0,998,0,0,0,9,6,2,12,0,0,0,1,47,38351,6,2,0,0,2,1,66,145,0,0,0,0,0,0,0,0,0,0,0,0,0,0,1,5,40,1,6,2,1,2,3,1,62,99,1,1,69,"777777777777","777777777777","777777777777",1,0
47,470605,1,1,1,24,8,23,17,8,0,1,0,47,2,18,7,18007,4,2002,"2G4WY55J8211","2","G","4","W","Y","5","5","J","8","2","1","1",0,0,0,"000000000","00000000000",0,0,0,1,0,0,0,0,0,0,0,998,0,0,0,14,0,3,8,0,0,0,1,47,37207,6,1,0,0,3,0,64,150,0,0,0,1,0,1,2014,1,2014,0,0,0,0,0,1,2,30,1,1,2,1,0,0,1,80,99,1,9,13,"777777777777","777777777777","777777777777",0,0
47,470606,1,1,2,27,8,22,35,8,0,1,0,47,2,37,32,37032,4,1999,"1HGCG5644XA1","1","H","G","C","G","5","6","4","4","X","A","1",0,0,0,"000000000","00000000000",0,0,0,1,0,0,0,0,0,0,0,998,0,0,0,12,6,2,8,0,0,0,1,47,37210,1,1,0,0,2,0,68,205,0,0,0,0,0,0,0,0,0,0,0,0,0,0,3,3,55,2,2,2,1,0,0,14,80,99,1,1,13,"777777777777","777777777777","777777777777",0,0
47,470607,1,1,1,27,8,16,55,1,0,1,0,47,1,53,705,53705,80,2004,"JS1GR7JA2421","J","S","1","G","R","7","J","A","2","4","2","1",0,0,0,"000000000","00000000000",0,0,0,1,0,0,0,0,0,0,0,998,0,0,0,0,6,2,35,0,0,0,1,47,37037,6,1,0,0,2,0,69,155,0,0,0,0,0,0,0,0,0,0,6,36,0,0,1,2,40,3,5,2,1,0,0,14,13,99,1,4,1,"777777777777","777777777777","777777777777",1,1
47,470608,1,1,1,29,8,99,99,1,0,1,0,47,1,73,706,73706,80,2000,"JKAZX2E15YA0","J","K","A","Z","X","2","E","1","5","Y","A","0",0,0,0,"000000000","00000000000",0,0,0,1,0,0,0,0,0,0,0,998,0,0,0,0,6,2,32,0,0,0,1,47,37066,6,1,0,0,3,0,71,200,0,0,0,1,0,12,2013,12,2013,0,0,0,0,0,1,2,30,2,1,2,1,0,0,14,12,99,1,4,6,"777777777777","777777777777","777777777777",1,1
47,470609,1,2,2,1,9,15,54,12,6,1,0,47,2,35,43,35043,4,2010,"3N1AB6AP8AL6","3","N","1","A","B","6","A","P","8","A","L","6",0,0,0,"000000000","00000000000",0,0,0,1,0,0,0,0,0,0,0,998,0,0,0,3,6,2,12,0,0,0,1,47,37814,6,2,0,0,3,1,60,120,1,0,0,0,0,11,2015,11,2015,0,38,0,0,0,1,2,30,1,1,2,1,20,3,1,17,99,1,1,87,"777777777777","777777777777","777777777777",1,0
47,470609,2,2,1,1,9,15,54,12,6,1,0,92,0,49,472,49472,30,2006,"5TEUU42N76Z3","5","T","E","U","U","4","2","N","7","6","Z","3",0,0,0,"000000000","00000000000",0,0,0,1,0,0,0,0,0,0,0,998,0,0,0,12,6,2,12,0,0,0,1,47,37659,6,1,6,0,3,3,68,160,0,0,0,1,0,9,2011,9,2011,0,0,0,0,0,2,3,55,1,1,2,1,0,0,1,66,99,1,1,86,"777777777777","777777777777","777777777777",0,0
47,470610,1,2,2,31,7,21,30,12,2,1,0,47,1,35,47,35047,4,2013,"1N4AL3AP5DC1","1","N","4","A","L","3","A","P","5","D","C","1",0,0,0,"000000000","00000000000",0,0,0,1,0,0,0,0,0,0,0,22,0,0,0,12,6,2,12,0,0,0,1,47,37013,6,1,0,0,3,0,63,120,2,0,0,1,1,5,2014,10,2015,0,0,0,0,0,5,5,45,1,5,2,1,0,0,1,62,15,1,1,51,"777777777777","777777777777","777777777777",1,0
47,470610,2,2,1,31,7,21,30,12,2,1,0,47,1,35,47,35047,4,2010,"1N4AL2AP1AC1","1","N","4","A","L","2","A","P","1","A","C","1",0,0,0,"000000000","00000000000",0,0,0,1,0,0,0,0,0,0,0,68,0,0,0,12,6,2,12,0,0,1,1,47,37211,6,1,0,0,3,0,62,117,1,0,0,0,0,7,2012,7,2012,3,28,0,0,0,5,5,45,1,6,2,1,0,0,1,10,99,1,2,50,"777777777777","777777777777","777777777777",0,0
47,470611,1,2,2,25,8,8,51,12,1,1,0,47,2,24,9,24009,4,2007,"1G8ZV57777F2","1","G","8","Z","V","5","7","7","7","7","F","2",0,0,0,"000000000","00000000000",0,0,0,1,0,0,0,0,0,0,0,998,0,0,0,12,6,2,12,0,0,0,1,47,38128,6,1,0,0,3,3,68,145,1,1,0,3,0,3,2013,3,2014,0,6,36,0,0,5,5,40,1,1,2,1,0,0,1,51,99,1,1,24,"777777777777","777777777777","777777777777",0,0
47,470611,2,2,1,25,8,8,51,12,1,1,0,47,2,22,22,22022,4,2006,"1G2ZH5584641","1","G","2","Z","H","5","5","8","4","6","4","1",0,0,0,"000000000","00000000000",0,0,0,1,0,0,0,0,0,0,0,998,0,1,5,6,6,2,12,0,0,0,1,47,38127,2,1,0,0,2,0,59,130,0,2,0,0,0,9,2011,11,2011,0,0,0,0,0,5,5,40,1,1,2,1,0,0,1,53,99,1,1,25,"777777777777","777777777777","777777777777",1,0
47,470612,1,2,1,27,8,8,45,12,8,1,0,47,2,20,401,20401,14,1997,"1GNDT13W5V22","1","G","N","D","T","1","3","W","5","V","2","2",0,0,0,"000000000","00000000000",0,0,0,1,0,0,0,0,0,0,0,998,0,0,0,11,6,2,12,0,0,0,1,47,37187,6,1,0,0,3,3,72,250,0,0,0,0,1,8,2016,8,2016,0,28,0,0,0,1,2,55,1,6,2,1,0,0,1,10,99,1,2,64,"777777777777","777777777777","777777777777",1,0
47,470612,2,2,1,27,8,8,45,12,8,1,0,47,2,20,481,20481,31,1997,"1GCHK33F3VF0","1","G","C","H","K","3","3","F","3","V","F","0",1,1,0,"000000000","00000000000",0,0,0,1,0,0,0,0,0,0,0,998,0,0,0,9,6,2,12,0,0,0,1,47,37062,6,1,0,0,3,0,75,220,0,0,0,0,0,0,0,0,0,0,0,0,0,0,1,2,55,1,5,2,1,0,0,1,62,99,1,1,65,"888888888888","777777777777","777777777777",0,0
47,470613,1,1,1,31,8,11,52,53,0,1,0,92,0,76,705,76705,80,2016,"JYARJ16E6GA0","J","Y","A","R","J","1","6","E","6","G","A","0",0,0,0,"000000000","00000000000",0,0,0,1,0,0,0,0,0,0,0,998,0,0,0,12,6,2,53,0,0,0,1,47,38544,6,1,0,0,3,0,68,180,1,0,0,0,0,12,2015,12,2015,0,0,0,0,0,5,4,45,1,1,2,1,23,3,1,13,99,1,4,1,"777777777777","777777777777","777777777777",1,0
47,470614,1,1,1,31,8,19,0,59,0,1,0,47,2,37,705,37705,80,2003,"JH2PC37083M0","J","H","2","P","C","3","7","0","8","3","M","0",0,0,0,"000000000","00000000000",0,0,0,1,0,0,0,0,0,0,0,998,0,0,0,12,6,2,42,0,0,0,1,47,37342,6,2,0,0,2,1,69,175,0,0,0,0,0,0,0,0,0,0,52,0,0,0,1,2,50,2,1,2,1,0,0,14,12,99,1,4,6,"777777777777","777777777777","777777777777",1,0
47,470615,1,1,1,27,7,11,23,8,0,1,0,47,1,19,3,19003,4,2004,"1G6KD54Y74U1","1","G","6","K","D","5","4","Y","7","4","U","1",0,0,0,"000000000","00000000000",0,0,0,1,0,0,0,0,0,0,0,998,0,0,0,12,2,3,8,0,0,0,1,47,38305,2,1,0,0,2,1,67,170,3,2,2,0,1,9,2014,5,2016,0,39,0,0,0,1,2,55,1,2,2,1,50,3,1,80,1,1,1,13,"777777777777","777777777777","777777777777",0,0
47,470616,1,1,2,28,8,99,99,42,0,1,0,0,0,37,739,37739,90,2016,"1MFVE04A3G40","1","M","F","V","E","0","4","A","3","G","4","0",0,0,0,"000000000","00000000000",0,0,0,1,0,0,0,0,0,0,0,998,0,0,0,12,6,2,42,0,0,0,1,47,38341,6,1,0,0,3,0,70,200,1,2,2,0,0,2,2012,7,2016,0,18,28,0,0,1,2,55,1,1,2,1,0,0,1,12,99,1,4,6,"777777777777","777777777777","777777777777",1,1
47,470617,1,1,1,31,8,18,40,35,0,1,0,0,0,53,734,53734,90,2003,"5SAAK46K9371","5","S","A","A","K","4","6","K","9","3","7","1",0,0,0,"000000000","00000000000",0,0,0,1,0,0,0,0,0,0,0,998,0,1,5,12,2,3,1,0,0,0,1,47,37415,0,0,0,0,0,0,999,999,0,0,0,0,0,0,0,0,0,3,18,28,52,0,1,2,25,2,1,2,1,0,0,14,12,99,9,4,6,"777777777777","777777777777","777777777777",1,0
47,470618,1,1,1,1,9,0,51,21,0,1,0,47,0,49,40,49040,4,1991,"4T1SV24EXMU2","4","T","1","S","V","2","4","E","X","M","U","2",0,0,0,"000000000","00000000000",0,0,0,1,0,0,0,0,0,0,0,998,0,0,0,12,6,2,21,0,0,0,1,47,37138,6,1,0,0,3,1,64,115,0,0,0,0,0,0,0,0,0,0,0,0,0,0,1,2,30,2,1,2,1,0,0,14,12,99,1,4,6,"777777777777","777777777777","777777777777",1,0
47,470619,1,1,1,2,9,23,1,57,0,1,0,45,1,77,706,77706,80,2016,"5VPDB36N1G30","5","V","P","D","B","3","6","N","1","G","3","0",0,0,0,"000000000","00000000000",0,0,0,1,0,0,0,0,0,0,0,998,0,0,0,9,6,2,57,0,0,0,1,45,29630,6,1,0,0,3,3,75,180,0,3,0,0,0,6,2012,3,2013,0,0,0,0,0,3,2,70,2,1,2,1,0,0,14,6,99,1,4,6,"777777777777","777777777777","777777777777",1,1