"STATE","ST_CASE","VEH_NO","VE_FORMS","NUMOCCS","DAY","MONTH","HOUR","MINUTE","HARM_EV","MAN_COLL","UNITTYPE","HIT_RUN","REG_STAT","OWNER","MAKE","MODEL","MAK_MOD","BODY_TYP","MOD_YEAR","VIN","VIN_1","VIN_2","VIN_3","VIN_4","VIN_5","VIN_6","VIN_7","VIN_8","VIN_9","VIN_10","VIN_11","VIN_12","TOW_VEH","J_KNIFE","MCARR_I1","MCARR_I2","MCARR_ID","GVWR","V_CONFIG","CARGO_BT","HAZ_INV","HAZ_PLAC","HAZ_ID","HAZ_CNO","HAZ_REL","BUS_USE","SPEC_USE","EMER_USE","TRAV_SP","UNDERIDE","ROLLOVER","ROLINLOC","IMPACT1","DEFORMED","TOWED","M_HARM","VEH_SC1","VEH_SC2","FIRE_EXP","DR_PRES","L_STATE","DR_ZIP","L_STATUS","L_TYPE","CDL_STAT","L_ENDORS","L_COMPL","L_RESTRI","DR_HGT","DR_WGT","PREV_ACC","PREV_SUS","PREV_DWI","PREV_SPD","PREV_OTH","FIRST_MO","FIRST_YR","LAST_MO","LAST_YR","SPEEDREL","DR_SF1","DR_SF2","DR_SF3","DR_SF4","VTRAFWAY","VNUM_LAN","VSPD_LIM","VALIGN","VPROFILE","VPAVETYP","VSURCOND","VTRAFCON","VTCONT_F","P_CRASH1","P_CRASH2","P_CRASH3","PCRASH4","PCRASH5","ACC_TYPE","TRLR1VIN","TRLR2VIN","TRLR3VIN","DEATHS","DR_DRINK"
47,470620,1,2,2,2,9,10,25,12,2,1,0,47,1,63,37,63037,6,2012,"KNDJT2A53C74","K","N","D","J","T","2","A","5","3","C","7","4",0,0,0,"000000000","00000000000",0,0,0,1,0,0,0,0,0,0,0,998,0,0,0,12,6,2,12,0,0,0,1,47,38401,6,1,0,0,3,2,64,240,0,0,0,0,0,0,0,0,0,0,28,48,74,0,1,2,55,1,3,2,1,0,0,11,15,99,1,1,68,"777777777777","777777777777","777777777777",1,0
47,470620,2,2,2,2,9,10,25,12,2,1,0,47,2,35,47,35047,4,2014,"1N4AL3AP1EC3","1","N","4","A","L","3","A","P","1","E","C","3",0,0,0,"000000000","00000000000",0,0,0,1,0,0,0,0,0,0,0,998,0,0,0,12,6,2,12,0,0,0,1,47,38462,6,1,0,0,3,0,60,130,0,0,0,2,0,8,2014,4,2015,0,0,0,0,0,1,2,55,1,3,2,1,0,0,1,62,1,1,1,69,"777777777777","777777777777","777777777777",0,0
47,470621,1,2,4,5,9,9,7,12,2,1,0,47,1,6,441,6441,20,2006,"1A4GP45R96B6","1","A","4","G","P","4","5","R","9","6","B","6",0,0,0,"000000000","00000000000",0,0,0,1,0,0,0,0,0,0,0,998,0,0,0,12,6,2,12,0,0,0,1,47,37130,6,1,0,0,3,0,71,186,0,0,0,0,0,0,0,0,0,0,28,0,0,0,1,2,45,1,1,2,1,0,0,1,10,99,1,2,50,"777777777777","777777777777","777777777777",0,0
47,470621,2,2,2,5,9,9,7,12,2,1,0,47,2,35,50,35050,5,2010,"3N1BC1CP7AL4","3","N","1","B","C","1","C","P","7","A","L","4",0,0,0,"000000000","00000000000",0,0,0,1,0,0,0,0,0,0,0,998,0,0,0,12,6,2,12,0,0,0,1,47,37130,6,1,0,0,3,0,59,140,0,0,0,0,0,0,0,0,0,0,0,0,0,0,1,2,45,1,1,2,1,0,0,1,62,99,1,1,51,"777777777777","777777777777","777777777777",1,0
47,470622,1,1,1,4,9,20,37,11,0,1,0,47,1,37,706,37706,80,2010,"1HD1JN514AB0","1","H","D","1","J","N","5","1","4","A","B","0",0,0,0,"000000000","00000000000",0,0,0,1,0,0,0,0,0,0,0,998,0,0,0,12,6,2,11,0,0,0,1,47,37620,6,1,0,0,3,0,76,225,0,0,0,0,0,0,0,0,0,0,0,0,0,0,1,2,45,3,6,2,1,0,0,14,87,99,1,1,13,"777777777777","777777777777","777777777777",1,0
47,470623,1,2,1,22,8,15,30,12,2,1,0,47,1,18,20,18020,4,1998,"2G4WB52KXW14","2","G","4","W","B","5","2","K","X","W","1","4",0,0,0,"000000000","00000000000",0,0,0,1,0,0,0,0,0,0,0,998,0,0,0,12,6,2,12,0,0,0,1,47,38258,6,1,0,0,3,0,64,160,0,0,0,0,0,0,0,0,0,0,28,0,0,0,1,2,55,1,1,2,1,0,0,1,10,99,1,2,50,"777777777777","777777777777","777777777777",1,0
47,470623,2,2,1,22,8,15,30,12,2,1,0,18,3,82,881,82881,66,2016,"3AKJGLBG8GSH","3","A","K","J","G","L","B","G","8","G","S","H",1,1,57,"00261902","5700261902",3,6,1,1,0,0,0,0,0,0,0,998,0,0,0,12,6,2,12,0,0,0,1,21,42104,6,1,6,0,3,0,68,240,0,0,0,0,0,0,0,0,0,0,0,0,0,0,1,2,55,1,1,2,1,0,0,1,62,99,1,1,51,"1JJV532D0GL9","777777777777","777777777777",0,0
47,470624,1,2,1,7,9,7,40,12,6,1,0,47,3,82,981,82981,50,2011,"4UZABRDT0BCA","4","U","Z","A","B","R","D","T","0","B","C","A",0,0,57,"00350651","5700350651",3,21,22,1,0,0,0,0,1,2,0,998,0,0,0,12,4,3,12,0,0,0,1,47,38116,6,1,6,1,3,3,66,362,0,0,0,0,0,0,0,0,0,0,38,0,0,0,1,5,40,1,1,2,1,2,3,11,15,99,1,1,68,"777777777777","777777777777","777777777777",0,0
47,470624,2,2,1,7,9,7,40,12,6,1,0,47,1,19,18,19018,4,2006,"1G6DM57T0602","1","G","6","D","M","5","7","T","0","6","0","2",0,0,0,"000000000","00000000000",0,0,0,1,0,0,0,0,0,0,0,998,0,0,0,9,6,2,12,0,0,0,1,47,38109,6,1,0,0,3,3,65,200,1,0,0,1,0,11,2011,3,2012,0,0,0,0,0,2,4,40,1,1,2,1,2,3,1,67,99,1,1,69,"777777777777","777777777777","777777777777",1,0
47,470625,1,1,1,14,7,9,32,30,0,1,0,47,1,12,481,12481,31,1996,"1FTEF15YXTLB","1","F","T","E","F","1","5","Y","X","T","L","B",0,0,0,"000000000","00000000000",0,0,0,1,0,0,0,0,0,0,0,998,0,0,0,10,6,2,30,0,0,0,1,47,37766,6,1,0,0,3,0,73,240,0,0,0,0,0,0,0,0,0,0,0,0,0,0,5,5,40,1,1,2,1,0,0,1,12,99,1,4,6,"777777777777","777777777777","777777777777",1,0
47,470626,1,1,1,20,8,18,35,53,0,1,0,47,1,18,7,18007,4,2003,"2G4WS55J2312","2","G","4","W","S","5","5","J","2","3","1","2",0,0,0,"000000000","00000000000",0,0,0,1,0,0,0,0,0,0,0,998,0,0,0,10,6,2,42,0,0,0,1,47,37110,6,1,0,0,3,1,77,215,0,0,0,0,0,0,0,0,0,4,0,0,0,0,1,2,45,1,6,2,2,0,0,1,6,99,3,4,2,"777777777777","777777777777","777777777777",1,0
47,470627,1,1,4,28,8,16,30,53,0,1,0,47,2,12,481,12481,31,2003,"1FTRW08L93KD","1","F","T","R","W","0","8","L","9","3","K","D",0,0,0,"000000000","00000000000",0,0,0,1,0,0,0,0,0,0,0,998,0,2,1,8,6,2,1,0,0,1,1,47,38059,6,2,0,0,3,2,68,135,0,0,0,0,0,0,0,0,0,0,58,73,0,0,1,2,55,1,6,2,1,0,0,1,13,11,4,4,1,"777777777777","777777777777","777777777777",1,0
47,470628,1,1,2,7,9,6,49,8,0,1,0,47,1,39,36,39036,4,2006,"SAJWA51A36WJ","S","A","J","W","A","5","1","A","3","6","W","J",0,0,0,"000000000","00000000000",0,0,0,1,0,0,0,0,0,0,0,998,0,0,0,12,6,2,8,0,0,0,1,47,37716,6,1,0,0,3,0,67,165,0,0,0,0,0,0,0,0,0,0,0,0,0,0,1,5,30,1,1,2,1,0,0,1,80,99,1,1,13,"777777777777","777777777777","777777777777",0,0
47,470629,1,2,2,20,8,21,26,12,6,1,0,47,1,23,8,23008,6,2007,"1GKER13787J1","1","G","K","E","R","1","3","7","8","7","J","1",0,0,0,"000000000","00000000000",0,0,0,1,0,0,0,0,0,0,0,998,0,0,0,2,6,2,12,0,0,0,1,47,37122,6,1,0,0,3,0,65,218,0,0,0,2,0,4,2012,10,2012,0,38,0,0,0,5,5,40,1,1,2,2,0,0,11,15,99,1,1,68,"777777777777","777777777777","777777777777",0,0
47,470629,2,2,1,20,8,21,26,12,6,1,0,47,2,37,706,37706,80,2007,"JH2RC50067M3","J","H","2","R","C","5","0","0","6","7","M","3",0,0,0,"000000000","00000000000",0,0,0,1,0,0,0,0,0,0,0,998,0,0,0,1,6,2,12,0,0,0,1,47,37207,2,1,0,0,2,2,70,195,0,2,2,0,0,4,2016,4,2016,0,74,0,0,0,5,5,40,1,1,2,2,0,0,1,62,6,1,3,69,"777777777777","777777777777","777777777777",1,1
47,470630,1,4,1,3,9,21,39,12,11,1,0,21,1,12,37,12037,4,2010,"1FAHP3FN2AW2","1","F","A","H","P","3","F","N","2","A","W","2",0,0,0,"000000000","00000000000",0,0,0,1,0,0,0,0,0,0,0,998,7,1,1,14,6,2,12,0,0,0,1,21,40517,6,7,0,0,2,0,72,165,1,0,0,0,0,6,2016,6,2016,0,28,0,0,0,2,2,70,3,6,2,1,0,0,14,12,99,9,6,98,"777777777777","777777777777","777777777777",0,0
47,470630,2,4,1,3,9,21,39,12,11,1,0,26,2,35,461,35461,21,2012,"1N6AF0LY3CN1","1","N","6","A","F","0","L","Y","3","C","N","1",0,0,0,"000000000","00000000000",0,0,0,1,0,0,0,0,0,0,0,998,0,0,0,13,6,2,12,0,0,1,1,26,48076,6,1,0,0,3,0,66,180,0,0,0,0,0,0,0,0,0,0,0,0,0,0,2,2,70,1,5,2,1,0,0,1,62,99,1,1,98,"777777777777","777777777777","777777777777",0,0
47,470630,3,4,2,3,9,21,39,12,11,1,0,40,3,30,40,30040,4,2016,"3VWD67AJ5GM2","3","V","W","D","6","7","A","J","5","G","M","2",0,0,0,"000000000","00000000000",0,0,0,1,0,0,0,0,0,0,0,998,0,0,0,10,6,2,12,0,0,0,1,39,45424,6,1,0,0,3,1,68,210,0,0,0,0,0,0,0,0,0,0,0,0,0,0,2,2,70,1,5,2,1,0,0,1,62,99,1,1,98,"777777777777","777777777777","777777777777",1,0
47,470630,4,4,3,3,9,21,39,12,11,1,0,47,1,12,481,12481,31,2016,"1FT7W2BT6GEA","1","F","T","7","W","2","B","T","6","G","E","A",0,0,0,"000000000","00000000000",0,0,0,1,0,0,0,0,0,0,0,998,0,0,0,3,4,5,12,0,0,0,1,47,37098,6,1,0,0,3,0,68,205,0,1,0,0,1,4,2013,4,2013,0,0,0,0,0,2,2,70,1,5,2,1,0,0,1,99,99,1,1,98,"777777777777","777777777777","777777777777",0,0
47,470631,1,1,1,10,9,17,0,21,0,1,0,47,2,54,35,54035,4,2005,"19UUA66255A0","1","9","U","U","A","6","6","2","5","5","A","0",0,0,0,"000000000","00000000000",0,0,0,1,0,0,0,0,0,0,0,998,0,0,0,12,6,2,21,0,0,0,1,47,37745,6,1,0,0,3,0,70,195,1,1,0,1,1,7,2013,10,2015,9,99,99,99,99,1,4,35,1,1,2,1,0,0,99,13,1,1,4,1,"777777777777","777777777777","777777777777",1,1
47,470632,1,2,1,10,9,9,55,12,6,1,0,47,1,20,421,20421,15,2002,"1GNEK13Z42J2","1","G","N","E","K","1","3","Z","4","2","J","2",0,0,0,"000000000","00000000000",0,0,0,1,0,0,0,0,0,0,0,998,0,0,0,12,6,2,12,0,0,0,1,47,37663,6,1,0,0,3,0,67,150,0,0,0,1,0,3,2015,3,2015,0,0,0,0,0,1,5,45,1,5,2,1,0,0,1,67,99,1,1,83,"777777777777","777777777777","777777777777",0,0
47,470632,2,2,1,10,9,9,55,12,6,1,0,47,1,37,32,37032,4,2012,"1HGCP2F8XCA1","1","H","G","C","P","2","F","8","X","C","A","1",0,0,0,"000000000","00000000000",0,0,0,1,0,0,0,0,0,0,0,998,0,0,0,10,6,2,12,32,0,0,1,47,37643,6,1,0,0,3,0,66,170,2,0,0,0,0,5,2012,9,2015,0,38,0,0,0,1,3,30,1,2,2,1,20,3,11,15,99,1,1,82,"777777777777","777777777777","777777777777",1,0
47,470633,1,1,1,3,8,4,30,1,0,1,0,47,2,12,401,12401,14,2004,"1FMZU67K04UA","1","F","M","Z","U","6","7","K","0","4","U","A",0,0,0,"000000000","00000000000",0,0,0,1,0,0,0,0,0,0,0,998,0,2,1,0,6,2,1,0,0,0,1,47,37221,6,8,0,0,3,2,73,165,0,1,0,4,0,5,2015,10,2015,0,58,74,0,0,3,5,55,1,2,2,1,0,0,1,11,6,3,6,98,"777777777777","777777777777","777777777777",1,1
47,470634,1,1,1,4,8,19,5,34,0,1,0,47,2,23,471,23471,30,1991,"1GTCS14Z4M85","1","G","T","C","S","1","4","Z","4","M","8","5",0,0,0,"000000000","00000000000",0,0,0,1,0,0,0,0,0,0,0,998,0,1,3,12,6,2,1,0,0,0,1,47,37205,1,1,0,0,2,0,67,135,3,3,0,2,0,1,2012,6,2016,0,0,0,0,0,2,4,55,1,6,1,1,0,0,1,12,99,4,4,7,"777777777777","777777777777","777777777777",1,1
47,470635,1,1,1,4,9,99,99,38,0,1,0,47,2,20,23,20023,6,2007,"3GNDA23D57S5","3","G","N","D","A","2","3","D","5","7","S","5",0,0,0,"000000000","00000000000",0,0,0,1,0,0,0,0,0,0,0,998,0,1,5,12,6,2,35,0,0,0,1,47,37218,2,1,0,0,2,2,71,165,0,0,0,0,0,0,0,0,0,9,74,0,0,0,1,2,35,1,2,2,99,0,0,1,12,99,1,4,6,"777777777777","777777777777","777777777777",1,1
47,470636,1,1,2,1,8,0,55,30,0,1,1,47,1,59,34,59034,4,2013,"JTHBE1BL8D50","J","T","H","B","E","1","B","L","8","D","5","0",0,0,0,"000000000","00000000000",0,0,0,1,0,0,0,0,0,0,0,110,0,0,0,4,6,2,19,0,0,0,1,47,37221,6,1,0,0,3,0,73,205,2,2,2,1,0,8,2011,11,2015,0,36,91,0,0,5,3,35,1,4,2,1,0,0,1,13,99,1,4,1,"777777777777","777777777777","777777777777",0,1
47,470637,1,3,1,23,8,18,0,12,1,1,0,47,1,20,421,20421,15,2001,"1GNEK13T21J2","1","G","N","E","K","1","3","T","2","1","J","2",0,0,0,"000000000","00000000000",0,0,0,1,0,0,0,0,0,0,0,998,0,0,0,12,6,2,12,0,0,0,1,47,37150,6,1,0,0,3,3,71,175,0,0,0,0,0,0,0,0,0,0,6,26,0,0,1,2,55,1,1,2,1,0,0,1,50,9,1,1,20,"777777777777","777777777777","777777777777",0,0
47,470637,2,3,1,23,8,18,0,12,1,1,0,47,1,49,40,49040,4,2000,"4T1BG22K8YU6","4","T","1","B","G","2","2","K","8","Y","U","6",0,0,0,"000000000","00000000000",0,0,0,1,0,0,0,0,0,0,0,0,0,0,0,6,6,2,12,0,0,0,1,47,37087,6,1,0,0,3,3,65,130,2,3,0,4,1,11,2011,6,2016,0,0,0,0,0,1,2,55,1,1,2,1,0,0,5,53,99,1,1,21,"777777777777","777777777777","777777777777",0,0
47,470637,3,3,2,23,8,18,0,12,1,1,0,47,1,20,2,20002,4,2012,"2G1WA5E33C11","2","G","1","W","A","5","E","3","3","C","1","1",0,0,0,"000000000","00000000000",0,0,0,1,0,0,0,0,0,0,0,998,0,0,0,12,6,2,12,0,0,0,1,47,37087,6,1,0,0,3,0,66,240,0,0,0,0,0,0,0,0,0,0,0,0,0,0,1,2,55,1,1,2,1,0,0,1,62,99,1,1,98,"777777777777","777777777777","777777777777",1,0
47,470638,1,1,0,3,9,99,99,42,0,1,0,47,6,41,471,41471,30,1983,"JM2UD2212D07","J","M","2","U","D","2","2","1","2","D","0","7",0,0,0,"000000000","00000000000",0,0,0,1,0,0,0,0,0,0,0,998,0,0,0,12,6,2,42,0,0,0,0,0,99997,7,6,97,7,6,7,998,997,998,998,998,998,998,98,9998,98,9998,8,0,0,0,0,1,2,30,1,6,5,99,0,0,0,98,0,0,0,98,"777777777777","777777777777","777777777777",0,0
47,470639,1,2,3,11,9,22,45,12,2,1,0,51,2,35,49,35049,6,2004,"JN8AZ08WX4W3","J","N","8","A","Z","0","8","W","X","4","W","3",0,0,0,"000000000","00000000000",0,0,0,1,0,0,0,0,0,0,0,998,0,0,0,12,6,2,12,0,0,0,1,51,24251,6,1,0,0,3,0,65,200,0,1,0,1,1,9,2011,3,2015,0,89,0,0,0,1,8,45,1,1,2,1,1,3,1,62,99,1,1,69,"777777777777","777777777777","777777777777",1,0
47,470639,2,2,1,11,9,22,45,12,2,1,0,47,2,32,42,32042,6,1999,"WAUDA24BXXN0","W","A","U","D","A","2","4","B","X","X","N","0",0,0,0,"000000000","00000000000",0,0,0,1,0,0,0,0,0,0,0,998,0,0,0,12,6,2,12,0,0,0,1,47,37857,6,2,0,0,3,0,65,125,0,0,0,1,0,6,2016,6,2016,0,38,0,0,0,1,8,45,1,1,2,1,0,0,11,15,99,1,1,68,"777777777777","777777777777","777777777777",0,0
47,470640,1,2,2,6,9,16,10,12,6,1,0,28,2,35,50,35050,5,2010,"3N1BC1CP7AL3","3","N","1","B","C","1","C","P","7","A","L","3",0,0,0,"000000000","00000000000",0,0,0,1,0,0,0,0,0,0,0,998,0,0,0,3,6,2,12,0,0,0,1,28,38654,6,1,0,0,3,0,71,265,98,0,0,0,0,0,0,0,0,0,6,0,0,0,1,7,40,1,1,2,1,0,0,11,15,99,1,1,68,"777777777777","777777777777","777777777777",1,0
47,470640,2,2,1,6,9,16,10,12,6,1,0,47,1,37,32,37032,4,2011,"1HGCP2F32BA1","1","H","G","C","P","2","F","3","2","B","A","1",0,0,0,"000000000","00000000000",0,0,0,1,0,0,0,0,0,0,0,998,0,0,0,12,6,2,12,0,0,0,1,47,38053,6,1,0,0,3,3,68,295,1,2,0,2,0,9,2012,3,2016,0,0,0,0,0,1,7,40,1,1,2,1,0,0,1,62,99,1,1,69,"777777777777","777777777777","777777777777",0,0
47,470641,1,2,1,1,9,13,56,12,6,1,0,47,1,49,46,49046,5,2013,"JTDKN3DU1D03","J","T","D","K","N","3","D","U","1","D","0","3",0,0,0,"000000000","00000000000",0,0,0,1,0,0,0,0,0,0,0,998,0,0,0,9,6,2,12,0,0,0,1,47,38483,6,1,0,0,3,0,65,125,0,0,0,0,0,0,0,0,0,0,38,0,0,0,1,2,35,1,5,2,1,0,0,11,15,99,1,1,82,"777777777777","777777777777","777777777777",1,0
47,470641,2,2,1,1,9,13,56,12,6,1,0,47,2,12,471,12471,30,2001,"1FTZR15E61TA","1","F","T","Z","R","1","5","E","6","1","T","A",0,0,0,"000000000","00000000000",0,0,0,1,0,0,0,0,0,0,0,998,0,0,0,12,6,2,12,0,0,0,1,47,38468,6,1,0,0,3,1,70,190,3,0,0,2,1,10,2013,3,2016,0,0,0,0,0,1,2,35,1,6,2,1,0,0,1,67,99,1,1,83,"777777777777","777777777777","777777777777",0,0
47,470642,1,2,12,4,9,14,45,12,6,1,0,47,1,12,461,12461,21,2000,"1FBSS31S9YHB","1","F","B","S","S","3","1","S","9","Y","H","B",0,0,0,"000000000","00000000000",0,0,0,1,0,0,0,0,0,0,0,998,0,0,0,4,6,2,12,0,0,0,1,47,37056,6,1,0,0,3,0,64,130,0,0,0,0,0,0,0,0,0,0,38,0,0,0,1,2,55,1,1,2,1,0,0,11,15,99,1,1,68,"777777777777","777777777777","777777777777",1,0
47,470642,2,2,3,4,9,14,45,12,6,1,0,47,1,12,481,12481,31,2014,"1FTFW1ET9EKD","1","F","T","F","W","1","E","T","9","E","K","D",0,0,0,"000000000","00000000000",0,0,0,1,0,0,0,0,0,0,0,998,0,0,0,12,6,2,12,0,0,0,1,47,37074,6,1,0,0,3,0,72,238,0,1,0,0,0,7,2014,7,2014,0,89,0,0,0,1,2,55,1,1,2,1,0,0,1,62,99,1,1,69,"777777777777","777777777777","777777777777",0,0
47,470643,1,1,1,10,9,3,0,34,0,1,0,47,9,20,481,20481,31,1996,"1GCGC24R7TZ1","1","G","C","G","C","2","4","R","7","T","Z","1",0,0,0,"000000000","00000000000",0,0,0,1,0,0,0,0,0,0,0,998,0,1,5,12,6,2,2,0,0,1,1,47,37311,2,1,0,0,2,0,76,225,0,0,0,0,0,0,0,0,0,0,0,0,0,0,1,2,50,1,1,2,1,0,0,1,12,99,1,4,6,"777777777777","777777777777","777777777777",1,1
47,470644,1,2,1,14,8,12,52,12,2,1,0,47,1,22,20,22020,4,2008,"2G2WP5524811","2","G","2","W","P","5","5","2","4","8","1","1",0,0,0,"000000000","00000000000",0,0,0,1,0,0,0,0,0,0,0,998,0,0,0,12,6,2,12,0,0,0,1,47,37311,6,1,0,0,3,3,71,190,0,0,0,0,0,0,0,0,0,0,28,0,0,0,5,3,45,1,1,2,1,0,0,1,10,99,1,2,50,"777777777777","777777777777","777777777777",0,0
47,470644,2,2,2,14,8,12,52,12,2,1,0,47,1,49,52,49052,5,2008,"JTKKU10458J0","J","T","K","K","U","1","0","4","5","8","J","0",0,0,0,"000000000","00000000000",0,0,0,1,0,0,0,0,0,0,0,998,0,1,5,12,6,2,12,0,0,0,1,47,37323,6,1,0,0,3,3,73,200,0,0,0,0,0,0,0,0,0,0,0,0,0,0,5,3,45,1,1,2,1,0,0,1,62,99,1,1,51,"777777777777","777777777777","777777777777",1,0
47,470645,1,1,2,6,9,18,50,38,0,1,0,92,0,35,48,35048,2,2016,"JN1AZ4EHXGM9","J","N","1","A","Z","4","E","H","X","G","M","9",0,0,0,"000000000","00000000000",0,0,0,1,0,0,0,0,0,0,0,998,0,1,5,12,6,2,1,0,0,0,1,47,37335,6,1,0,0,3,0,72,240,0,1,1,0,0,9,2011,9,2011,0,6,0,0,0,1,2,55,2,1,2,1,0,0,14,6,99,1,4,1,"777777777777","777777777777","777777777777",2,1
47,470646,1,1,1,12,9,20,5,35,0,1,0,47,2,55,35,55035,4,2007,"KMHDU46DX7U0","K","M","H","D","U","4","6","D","X","7","U","0",0,0,0,"000000000","00000000000",0,0,0,1,0,0,0,0,0,0,0,998,0,1,1,12,6,2,35,32,0,0,1,47,38501,1,1,0,0,2,0,65,125,0,0,0,0,0,0,0,0,0,3,6,0,0,0,1,2,55,3,5,2,1,0,0,14,6,99,1,4,1,"777777777777","777777777777","777777777777",1,1
47,470647,1,1,1,12,9,14,43,24,0,1,0,47,1,37,706,37706,80,1997,"1HFSC2205VA9","1","H","F","S","C","2","2","0","5","V","A","9",0,0,0,"000000000","00000000000",0,0,0,1,0,0,0,0,0,0,0,998,0,0,0,12,6,2,24,0,0,0,1,47,37822,6,1,6,0,3,0,68,195,1,1,0,0,0,10,2011,5,2015,0,0,0,0,0,1,2,40,2,1,2,1,0,0,14,12,99,1,4,6,"777777777777","777777777777","777777777777",1,0
47,470648,1,1,3,13,9,12,21,33,0,1,0,47,1,20,23,20023,6,2007,"3GNDA13D67S5","3","G","N","D","A","1","3","D","6","7","S","5",0,0,0,"000000000","00000000000",0,0,0,1,0,0,0,0,0,0,0,998,0,0,0,12,6,2,33,0,0,0,1,47,38116,1,1,0,0,2,0,71,190,0,1,0,2,1,8,2013,12,2015,0,36,91,0,0,5,5,40,1,1,2,1,0,0,1,12,99,1,4,6,"777777777777","777777777777","777777777777",1,0
47,470649,1,1,1,30,5,13,1,14,0,1,0,47,1,37,705,37705,80,2008,"JH2RC53058M1","J","H","2","R","C","5","3","0","5","8","M","1",0,0,0,"000000000","00000000000",0,0,0,1,0,0,0,0,0,0,0,998,0,0,0,99,6,2,14,0,0,0,1,47,37076,6,1,0,0,3,1,66,150,0,0,0,0,1,1,2013,1,2013,0,0,0,0,0,3,2,65,3,1,2,1,0,0,14,13,99,1,4,98,"777777777777","777777777777","777777777777",1,0
47,470650,1,2,1,12,9,15,25,12,6,1,0,93,3,85,881,85881,66,2003,"1XKWDU9X03J3","1","X","K","W","D","U","9","X","0","3","J","3",1,1,57,"01325156","5701325156",3,6,8,1,0,0,0,0,0,0,0,998,0,0,0,3,2,5,12,0,0,0,1,47,38011,6,1,6,0,3,0,72,300,0,0,0,0,0,0,0,0,0,0,0,0,0,0,2,2,50,1,1,2,1,0,0,11,15,99,1,1,68,"1H4D03324CF0","777777777777","777777777777",0,0
47,470650,2,2,1,12,9,15,25,12,6,1,0,47,1,7,472,7472,31,1991,"1B7FL16G6MS2","1","B","7","F","L","1","6","G","6","M","S","2",0,0,0,"000000000","00000000000",0,0,0,1,0,0,0,0,0,0,0,998,0,0,0,12,6,2,12,0,0,0,1,47,38011,6,1,0,0,3,3,67,150,0,0,0,0,0,0,0,0,0,9,99,99,99,99,2,2,50,1,1,2,1,0,0,1,13,99,1,1,69,"777777777777","777777777777","777777777777",1,0
47,470651,1,1,2,10,9,20,4,1,0,1,0,47,1,20,481,20481,31,2007,"1GCHK29D37E1","1","G","C","H","K","2","9","D","3","7","E","1",0,0,0,"000000000","00000000000",0,0,0,1,0,0,0,0,0,0,0,998,0,9,5,0,6,2,1,0,0,0,1,47,38340,6,1,0,0,3,1,70,170,2,5,2,4,1,12,2011,5,2016,9,99,99,99,99,5,5,45,1,4,2,1,0,0,1,12,99,1,4,6,"777777777777","777777777777","777777777777",1,0
47,470652,1,1,2,10,9,15,0,1,0,1,0,47,2,12,473,12473,30,2005,"1FMZU77K05UA","1","F","M","Z","U","7","7","K","0","5","U","A",0,0,0,"000000000","00000000000",0,0,0,1,0,0,0,0,0,0,0,998,0,2,1,0,6,2,1,0,0,0,1,47,37659,6,2,0,0,3,3,73,210,0,0,0,0,0,0,0,0,0,0,58,0,0,0,2,2,70,1,1,2,1,0,0,1,10,7,1,6,98,"777777777777","777777777777","777777777777",1,0
47,470653,1,1,2,28,8,13,14,57,0,1,0,13,1,76,706,76706,80,2007,"JYAVP11E87A0","J","Y","A","V","P","1","1","E","8","7","A","0",0,0,0,"000000000","00000000000",0,0,0,1,0,0,0,0,0,0,0,998,0,0,0,61,6,2,57,0,0,0,1,13,30104,6,1,0,0,3,0,66,195,98,0,0,1,1,8,2013,3,2016,9,99,99,99,99,3,2,70,2,1,2,1,0,0,14,10,99,1,4,6,"777777777777","777777777777","777777777777",1,0
47,470654,1,1,1,14,9,15,55,1,0,1,0,47,1,7,482,7482,31,1998,"1B7HC16XXWS7","1","B","7","H","C","1","6","X","X","W","S","7",0,0,0,"000000000","00000000000",0,0,0,1,0,0,0,0,0,0,0,998,0,2,5,0,6,2,1,0,0,0,1,47,37748,6,1,0,0,3,0,64,128,0,0,0,0,0,0,0,0,0,0,58,0,0,0,1,2,55,1,1,2,1,0,0,1,13,99,1,4,1,"777777777777","777777777777","777777777777",1,1
47,470655,1,2,1,10,9,17,22,12,2,1,0,47,2,42,45,42045,1,2002,"WDBKK49FX2F2","W","D","B","K","K","4","9","F","X","2","F","2",0,0,0,"000000000","00000000000",0,0,0,1,0,0,0,0,0,0,0,998,0,0,0,12,6,2,12,0,0,0,1,47,37211,6,1,0,0,3,1,70,170,2,0,0,0,0,7,2016,8,2016,0,33,0,0,0,1,2,55,1,1,2,2,0,0,6,10,99,1,2,50,"777777777777","777777777777","777777777777",1,1
47,470655,2,2,2,10,9,17,22,12,2,1,0,47,1,12,880,12880,67,2008,"1FTWW33R28EA","1","F","T","W","W","3","3","R","2","8","E","A",0,0,88,"888888888","88888888888",2,1,97,1,0,0,0,0,0,0,0,998,0,0,0,12,6,2,12,0,0,0,1,47,37074,6,1,6,0,3,1,70,250,0,0,0,1,0,2,2014,2,2014,0,0,0,0,0,1,2,55,1,1,2,2,0,0,1,62,99,1,1,51,"777777777777","777777777777","777777777777",0,0