"STATE","ST_CASE","VEH_NO","VE_FORMS","NUMOCCS","DAY","MONTH","HOUR","MINUTE","HARM_EV","MAN_COLL","UNITTYPE","HIT_RUN","REG_STAT","OWNER","MAKE","MODEL","MAK_MOD","BODY_TYP","MOD_YEAR","VIN","VIN_1","VIN_2","VIN_3","VIN_4","VIN_5","VIN_6","VIN_7","VIN_8","VIN_9","VIN_10","VIN_11","VIN_12","TOW_VEH","J_KNIFE","MCARR_I1","MCARR_I2","MCARR_ID","GVWR","V_CONFIG","CARGO_BT","HAZ_INV","HAZ_PLAC","HAZ_ID","HAZ_CNO","HAZ_REL","BUS_USE","SPEC_USE","EMER_USE","TRAV_SP","UNDERIDE","ROLLOVER","ROLINLOC","IMPACT1","DEFORMED","TOWED","M_HARM","VEH_SC1","VEH_SC2","FIRE_EXP","DR_PRES","L_STATE","DR_ZIP","L_STATUS","L_TYPE","CDL_STAT","L_ENDORS","L_COMPL","L_RESTRI","DR_HGT","DR_WGT","PREV_ACC","PREV_SUS","PREV_DWI","PREV_SPD","PREV_OTH","FIRST_MO","FIRST_YR","LAST_MO","LAST_YR","SPEEDREL","DR_SF1","DR_SF2","DR_SF3","DR_SF4","VTRAFWAY","VNUM_LAN","VSPD_LIM","VALIGN","VPROFILE","VPAVETYP","VSURCOND","VTRAFCON","VTCONT_F","P_CRASH1","P_CRASH2","P_CRASH3","PCRASH4","PCRASH5","ACC_TYPE","TRLR1VIN","TRLR2VIN","TRLR3VIN","DEATHS","DR_DRINK"
47,470833,1,1,1,4,11,99,99,34,0,1,0,47,1,55,401,55401,14,2003,"KM8SC13D13U5","K","M","8","S","C","1","3","D","1","3","U","5",0,0,0,"000000000","00000000000",0,0,0,1,0,0,0,0,0,0,0,998,0,0,0,12,6,2,42,0,0,0,1,47,37885,6,1,0,0,3,0,67,137,1,0,0,0,1,12,2013,4,2015,0,0,0,0,0,1,2,45,2,6,2,2,0,0,14,12,99,1,4,6,"777777777777","777777777777","777777777777",1,1
47,470834,1,1,1,12,11,2,46,34,0,1,0,47,1,6,18,6018,4,2012,"1C3CCBBG5CN1","1","C","3","C","C","B","B","G","5","C","N","1",0,0,0,"000000000","00000000000",0,0,0,1,0,0,0,0,0,0,0,998,0,1,5,12,6,2,30,0,0,0,1,47,37871,6,1,0,0,3,0,68,146,0,0,0,0,0,0,0,0,0,3,0,0,0,0,1,2,45,1,2,2,1,0,0,1,12,99,1,4,6,"777777777777","777777777777","777777777777",1,1
47,470835,1,1,1,7,11,16,14,21,0,1,0,47,1,20,441,20441,20,2005,"1GCDM19X05B1","1","G","C","D","M","1","9","X","0","5","B","1",0,0,0,"000000000","00000000000",0,0,0,1,0,0,0,0,0,0,0,998,0,0,0,12,6,2,21,0,0,0,1,47,37919,6,1,0,0,3,0,69,180,0,0,0,0,0,0,0,0,0,0,0,0,0,0,5,5,45,1,1,2,1,0,0,1,13,99,1,4,1,"777777777777","777777777777","777777777777",1,0
47,470836,1,2,2,15,11,17,42,12,2,1,0,47,1,22,22,22022,4,2010,"1G2ZA5E06A41","1","G","2","Z","A","5","E","0","6","A","4","1",0,0,0,"000000000","00000000000",0,0,0,1,0,0,0,0,0,0,0,998,0,0,0,12,6,2,12,0,0,0,1,47,37130,2,1,0,0,2,2,70,250,2,2,0,0,0,3,2013,6,2013,0,51,74,0,0,2,3,70,1,1,2,1,0,0,1,54,99,9,3,52,"777777777777","777777777777","777777777777",1,0
47,470836,2,2,1,15,11,17,42,12,2,1,0,36,1,2,404,2404,14,2002,"1J4GW58N52C1","1","J","4","G","W","5","8","N","5","2","C","1",0,0,0,"000000000","00000000000",0,0,0,1,0,0,0,0,0,0,0,998,0,1,1,12,6,2,12,0,0,0,1,36,14830,6,1,0,0,3,0,70,999,1,0,0,0,0,10,2014,10,2014,0,0,0,0,0,2,3,70,1,1,2,1,0,0,1,54,99,9,3,52,"777777777777","777777777777","777777777777",0,0
47,470837,1,2,1,17,11,11,44,12,6,1,0,28,2,37,705,37705,80,2013,"MLHPC4410D50","M","L","H","P","C","4","4","1","0","D","5","0",0,0,0,"000000000","00000000000",0,0,0,1,0,0,0,0,0,0,0,998,0,0,0,12,6,2,12,0,0,0,1,47,38112,1,1,0,0,2,0,69,165,0,0,0,0,0,0,0,0,0,0,36,0,0,0,1,2,30,1,1,2,1,0,0,1,67,16,2,1,83,"777777777777","777777777777","777777777777",1,0
47,470837,2,2,3,17,11,11,44,12,6,1,0,47,2,21,401,21401,14,2002,"1GHDT13S3221","1","G","H","D","T","1","3","S","3","2","2","1",0,0,0,"000000000","00000000000",0,0,0,1,0,0,0,0,0,0,0,998,0,0,0,9,2,3,12,0,0,0,1,47,38112,1,1,0,0,2,0,65,126,1,0,0,0,0,1,2015,1,2015,0,0,0,0,0,1,2,30,1,1,2,1,20,3,11,15,99,1,1,82,"777777777777","777777777777","777777777777",0,0
47,470838,1,1,1,9,11,6,55,21,0,1,0,23,1,2,405,2405,14,2005,"1J4GL48K15W5","1","J","4","G","L","4","8","K","1","5","W","5",0,0,0,"000000000","00000000000",0,0,0,1,0,0,0,0,0,0,0,998,0,1,5,12,6,2,21,0,0,0,1,23,4964,6,1,0,0,9,0,71,167,0,0,0,1,0,9,2016,9,2016,0,0,0,0,0,3,2,70,1,1,2,1,0,0,1,12,99,1,4,6,"777777777777","777777777777","777777777777",1,0
47,470839,1,3,1,8,8,9,47,12,6,1,0,47,1,64,32,64032,4,2000,"KLAJC52Z0YK5","K","L","A","J","C","5","2","Z","0","Y","K","5",0,0,0,"000000000","00000000000",0,0,0,1,0,0,0,0,0,0,0,998,0,0,0,2,6,2,12,32,0,0,1,47,37874,6,1,0,0,3,0,62,145,0,0,0,0,0,0,0,0,0,0,38,0,0,0,2,2,45,1,1,2,1,1,3,11,15,99,1,1,68,"777777777777","777777777777","777777777777",1,0
47,470839,2,3,1,8,8,9,47,12,6,1,0,47,1,12,4,12004,2,1997,"1FALP6242VH1","1","F","A","L","P","6","2","4","2","V","H","1",0,0,0,"000000000","00000000000",0,0,0,1,0,0,0,0,0,0,0,998,0,0,0,12,6,2,12,0,0,0,1,47,37826,6,1,0,0,3,1,67,160,0,0,0,0,0,0,0,0,0,0,0,0,0,0,2,3,45,1,1,2,1,1,3,1,62,99,1,1,69,"777777777777","777777777777","777777777777",0,0
47,470839,3,3,1,8,8,9,47,12,6,1,0,47,2,20,37,20037,4,2006,"1G1ZT51FX6F1","1","G","1","Z","T","5","1","F","X","6","F","1",0,0,0,"000000000","00000000000",0,0,0,1,0,0,0,0,0,0,0,0,0,0,0,98,6,2,12,0,0,0,1,47,37874,6,1,0,0,3,0,71,230,0,0,0,0,0,0,0,0,0,0,0,0,0,0,1,3,50,1,1,2,1,1,3,5,78,1,1,1,98,"777777777777","777777777777","777777777777",0,0
47,470840,1,1,1,17,11,17,38,8,0,1,0,47,2,20,471,20471,30,1997,"1GCCS19X4V81","1","G","C","C","S","1","9","X","4","V","8","1",0,0,0,"000000000","00000000000",0,0,0,1,0,0,0,0,0,0,0,998,0,0,0,12,6,2,8,0,0,0,1,47,38116,6,1,0,0,3,1,68,122,1,0,0,0,0,7,2016,7,2016,0,0,0,0,0,5,5,40,1,1,2,1,0,0,1,80,99,1,1,13,"777777777777","777777777777","777777777777",0,0
47,470841,1,1,1,19,11,14,10,42,0,1,0,47,0,24,441,24441,20,2005,"5GZDV03LX5D1","5","G","Z","D","V","0","3","L","X","5","D","1",0,0,0,"000000000","00000000000",0,0,0,1,0,0,0,0,0,0,0,998,0,1,9,10,6,2,42,0,0,0,1,47,37857,6,1,0,0,3,0,67,238,0,0,0,0,0,0,0,0,0,0,6,36,0,0,1,2,20,1,5,2,1,0,0,1,12,99,1,4,6,"777777777777","777777777777","777777777777",1,1
47,470842,1,2,1,16,11,18,15,12,6,1,0,47,1,12,17,12017,4,2002,"1FAFP55U62A2","1","F","A","F","P","5","5","U","6","2","A","2",0,0,0,"000000000","00000000000",0,0,0,1,0,0,0,0,0,0,0,998,0,0,0,12,6,2,12,0,0,0,1,47,37879,6,1,0,0,3,0,72,165,1,0,0,0,0,9,2013,9,2013,0,38,0,0,0,1,2,40,1,2,2,1,20,3,3,19,99,1,1,86,"777777777777","777777777777","777777777777",1,0
47,470842,2,2,1,16,11,18,15,12,6,1,0,17,3,82,881,82881,66,2014,"1FUGGLD52ELF","1","F","U","G","G","L","D","5","2","E","L","F",1,1,57,"00071317","5700071317",3,6,1,1,0,0,0,0,0,0,0,998,7,0,0,3,2,5,12,0,0,0,1,17,60901,6,1,6,0,3,1,69,190,0,0,0,0,2,3,2013,5,2013,0,0,0,0,0,5,5,55,1,1,2,1,0,0,1,68,99,1,1,87,"1JJV532W89L3","777777777777","777777777777",0,0
47,470843,1,2,1,18,11,6,50,12,1,1,0,47,3,94,981,94981,50,2011,"1T88U4E21B11","1","T","8","8","U","4","E","2","1","B","1","1",0,0,88,"888888888","88888888888",3,21,22,1,0,0,0,0,1,2,0,0,0,0,0,6,6,2,12,0,0,0,1,47,37127,6,1,6,1,3,1,71,260,1,0,0,0,0,9,2015,9,2015,0,0,0,0,0,2,2,65,1,5,2,1,0,0,5,53,1,1,1,21,"777777777777","777777777777","777777777777",0,0
47,470843,2,2,1,18,11,6,50,12,1,1,0,47,1,23,481,23481,31,2005,"1GTHK23285F8","1","G","T","H","K","2","3","2","8","5","F","8",0,0,0,"000000000","00000000000",0,0,0,1,0,0,0,0,0,0,0,998,7,0,0,12,6,2,12,0,0,0,1,47,37110,6,1,0,0,3,0,72,215,0,0,0,0,0,0,0,0,0,0,39,0,0,0,2,2,65,1,5,2,1,98,3,1,50,99,1,1,20,"777777777777","777777777777","777777777777",1,0
47,470844,1,2,2,13,11,18,34,12,6,1,0,47,2,22,20,22020,4,2000,"1G2WP52KXYF2","1","G","2","W","P","5","2","K","X","Y","F","2",0,0,0,"000000000","00000000000",0,0,0,1,0,0,0,0,0,0,0,998,0,0,0,8,6,2,12,0,0,0,1,47,37033,0,0,0,0,0,0,71,225,0,0,0,0,0,0,0,0,0,0,6,28,0,0,1,2,45,2,6,2,1,0,0,14,6,99,9,2,64,"777777777777","777777777777","777777777777",1,0
47,470844,2,2,1,13,11,18,34,12,6,1,0,47,1,24,401,24401,14,2009,"3GSCL53799S6","3","G","S","C","L","5","3","7","9","9","S","6",0,0,0,"000000000","00000000000",0,0,0,1,0,0,0,0,0,0,0,998,0,0,0,12,6,2,12,0,0,0,1,47,37036,6,1,0,0,3,1,62,140,0,0,0,0,0,0,0,0,0,0,0,0,0,0,1,2,45,3,5,2,1,0,0,14,62,99,9,3,65,"777777777777","777777777777","777777777777",0,0
47,470845,1,1,1,16,11,16,45,1,0,1,0,47,1,35,472,35472,30,2007,"1N6AD07U47C4","1","N","6","A","D","0","7","U","4","7","C","4",0,0,0,"000000000","00000000000",0,0,0,1,0,0,0,0,0,0,0,998,0,2,3,0,6,2,1,0,0,0,1,47,37130,6,1,0,0,3,0,72,255,0,0,0,0,0,0,0,0,0,0,0,0,0,0,2,2,70,2,1,2,1,0,0,14,6,99,3,4,7,"777777777777","777777777777","777777777777",1,1
47,470846,1,1,1,9,11,7,32,35,0,1,0,47,1,35,43,35043,4,2014,"3N1AB7AP2EL6","3","N","1","A","B","7","A","P","2","E","L","6",0,0,0,"000000000","00000000000",0,0,0,1,0,0,0,0,0,0,0,998,0,0,0,12,6,2,32,0,0,0,1,47,37303,6,1,0,0,3,0,66,205,1,0,0,0,0,12,2015,12,2015,9,99,99,99,99,1,2,45,1,1,2,1,0,0,1,13,99,1,4,1,"777777777777","777777777777","777777777777",1,0
47,470847,1,1,1,9,11,13,56,8,0,1,1,47,0,20,2,20002,4,2002,"2G1WF55EX291","2","G","1","W","F","5","5","E","X","2","9","1",0,0,0,"000000000","00000000000",0,0,0,1,0,0,0,0,0,0,0,998,0,0,0,12,4,5,8,0,0,0,1,99,99999,9,9,99,9,9,9,999,999,99,99,99,99,99,99,9999,99,9999,9,99,99,99,99,1,2,45,1,2,2,1,0,0,1,11,99,9,4,13,"777777777777","777777777777","777777777777",0,0
47,470848,1,1,1,14,11,9,40,38,0,1,0,47,1,18,2,18002,4,2000,"1G4HP54K8Y42","1","G","4","H","P","5","4","K","8","Y","4","2",0,0,0,"000000000","00000000000",0,0,0,1,0,0,0,0,0,0,0,998,0,0,0,12,6,2,30,0,0,0,1,47,38558,6,1,0,0,3,0,75,200,0,0,0,0,0,0,0,0,0,0,0,0,0,0,1,2,45,1,1,2,1,0,0,1,12,99,1,4,6,"777777777777","777777777777","777777777777",1,0
47,470849,1,2,1,17,11,12,50,12,6,1,0,47,1,35,43,35043,4,1995,"1N4AB41D1SC7","1","N","4","A","B","4","1","D","1","S","C","7",0,0,0,"000000000","00000000000",0,0,0,1,0,0,0,0,0,0,0,998,0,0,0,1,6,2,12,0,0,0,1,47,37185,6,1,0,0,3,0,67,164,0,0,0,0,0,0,0,0,0,0,38,0,0,0,1,2,45,1,1,2,1,0,0,11,15,99,1,1,68,"777777777777","777777777777","777777777777",1,0
47,470849,2,2,1,17,11,12,50,12,6,1,0,47,1,20,29,20029,5,2015,"KL8CD6S92FC7","K","L","8","C","D","6","S","9","2","F","C","7",0,0,0,"000000000","00000000000",0,0,0,1,0,0,0,0,0,0,0,998,0,0,0,12,6,2,12,0,0,0,1,47,38372,6,1,0,0,3,0,66,165,0,0,0,0,0,0,0,0,0,0,0,0,0,0,1,2,45,1,1,2,1,0,0,1,62,99,1,1,69,"777777777777","777777777777","777777777777",0,0
47,470850,1,1,2,12,11,23,32,1,0,1,0,12,2,49,472,49472,30,2003,"5TESN92N33Z2","5","T","E","S","N","9","2","N","3","3","Z","2",0,0,0,"000000000","00000000000",0,0,0,1,0,0,0,0,0,0,0,998,0,2,5,0,6,2,1,0,0,0,1,47,37184,6,1,0,0,3,0,71,200,0,0,0,0,0,0,0,0,0,0,36,0,0,0,1,2,40,3,2,2,1,0,0,14,6,99,4,4,2,"777777777777","777777777777","777777777777",1,1
47,470851,1,3,3,18,11,19,50,12,2,1,0,47,2,20,443,20443,20,2004,"1GNDU03E24D2","1","G","N","D","U","0","3","E","2","4","D","2",0,0,0,"000000000","00000000000",0,0,0,1,0,0,0,0,0,0,0,998,0,0,0,12,6,2,12,0,0,0,1,47,38141,6,1,0,0,3,0,73,220,0,0,0,0,0,0,0,0,0,0,28,0,0,0,2,2,40,3,5,2,2,0,0,14,10,99,1,7,50,"777777777777","777777777777","777777777777",1,0
47,470851,2,3,2,18,11,19,50,12,2,1,0,12,4,55,33,55033,4,2015,"5NPE24AF0FH1","5","N","P","E","2","4","A","F","0","F","H","1",0,0,0,"000000000","00000000000",0,0,0,1,0,0,0,0,0,0,0,998,0,0,0,12,6,2,12,0,0,0,1,47,38018,6,1,0,0,3,0,71,220,1,0,0,1,1,3,2013,12,2015,0,0,0,0,0,2,2,40,1,6,2,2,0,0,1,62,99,1,1,51,"777777777777","777777777777","777777777777",0,0
47,470851,3,3,1,18,11,19,50,12,2,1,0,47,2,6,51,6051,4,2005,"2C3JA53G85H1","2","C","3","J","A","5","3","G","8","5","H","1",0,0,0,"000000000","00000000000",0,0,0,1,0,0,0,0,0,0,0,998,0,0,0,12,6,2,12,0,0,0,1,47,38119,6,1,0,0,3,0,73,185,0,0,0,3,0,2,2013,5,2015,0,0,0,0,0,2,2,40,1,6,2,2,0,0,1,62,99,1,1,98,"777777777777","777777777777","777777777777",0,0
47,470852,1,1,1,20,11,8,45,14,0,1,0,47,1,49,472,49472,30,1995,"4TAUN73C7SZ0","4","T","A","U","N","7","3","C","7","S","Z","0",0,0,0,"000000000","00000000000",0,0,0,1,0,0,0,0,0,0,0,998,0,0,0,8,6,2,35,0,0,0,1,47,38559,6,1,0,0,3,0,74,195,1,0,0,0,0,1,2015,1,2015,0,0,0,0,0,1,2,45,2,1,2,1,0,0,14,13,99,1,4,1,"777777777777","777777777777","777777777777",1,0
47,470854,1,3,1,11,11,13,0,12,6,1,0,47,1,12,401,12401,14,2000,"1FMZU62XXYZB","1","F","M","Z","U","6","2","X","X","Y","Z","B",0,0,0,"000000000","00000000000",0,0,0,1,0,0,0,0,0,0,0,998,0,0,0,12,6,2,12,0,0,0,1,47,38127,6,1,0,0,3,0,72,170,0,0,0,0,0,0,0,0,0,9,39,0,0,0,5,5,40,1,1,2,1,3,3,1,17,99,1,1,88,"777777777777","777777777777","777777777777",0,0
47,470854,2,3,2,11,11,13,0,12,6,1,0,47,1,37,402,37402,14,1999,"JHLRD1863XC0","J","H","L","R","D","1","8","6","3","X","C","0",0,0,0,"000000000","00000000000",0,0,0,1,0,0,0,0,0,0,0,998,0,0,0,62,6,2,12,0,0,0,1,47,38117,6,1,0,0,3,0,65,247,0,0,0,1,0,2,2015,2,2015,0,0,0,0,0,5,5,40,1,1,2,1,2,3,1,66,99,1,1,89,"777777777777","777777777777","777777777777",1,0
47,470854,3,3,1,11,11,13,0,12,6,1,0,47,2,20,401,20401,14,2004,"1GNDT13S5424","1","G","N","D","T","1","3","S","5","4","2","4",0,0,0,"000000000","00000000000",0,0,0,1,0,0,0,0,0,0,0,0,0,0,0,12,4,5,12,0,0,0,1,47,38127,2,1,0,0,2,0,71,248,0,0,0,0,0,0,0,0,0,0,0,0,0,0,5,5,40,9,1,2,1,0,0,5,62,1,1,1,98,"777777777777","777777777777","777777777777",0,0
47,470855,1,1,2,12,11,22,30,1,0,1,0,39,2,7,43,7043,2,2003,"4B3AG52H93E1","4","B","3","A","G","5","2","H","9","3","E","1",0,0,0,"000000000","00000000000",0,0,0,1,0,0,0,0,0,0,0,998,0,2,5,0,6,2,1,0,0,0,1,39,45206,1,1,0,0,2,0,73,175,0,0,0,0,0,0,0,0,0,0,58,0,0,0,2,2,70,1,1,2,1,0,0,1,12,99,4,4,7,"777777777777","777777777777","777777777777",1,1
47,470856,1,1,1,20,11,13,35,1,0,1,0,47,2,12,401,12401,14,1997,"1FMDU32X3VUC","1","F","M","D","U","3","2","X","3","V","U","C",0,0,0,"000000000","00000000000",0,0,0,1,0,0,0,0,0,0,0,998,0,2,5,0,6,2,42,0,0,0,1,47,38351,1,1,0,0,2,0,73,190,0,0,0,0,0,0,0,0,0,0,58,0,0,0,1,2,55,1,1,2,1,0,0,1,13,6,1,4,6,"777777777777","777777777777","777777777777",1,0
47,470857,1,1,1,21,11,13,50,8,0,1,1,99,9,99,999,99999,99,9999,"999999999999","9","9","9","9","9","9","9","9","9","9","9","9",0,0,0,"000000000","00000000000",0,0,0,1,0,0,0,0,0,99,0,998,0,0,0,12,9,9,8,99,99,0,1,99,99999,9,9,99,9,9,9,999,999,99,99,99,99,99,99,9999,99,9999,9,99,99,99,99,3,5,65,1,2,2,1,0,0,1,80,99,1,1,13,"777777777777","777777777777","777777777777",0,0
47,470858,1,1,2,22,11,3,10,42,0,1,0,39,2,21,22,21022,4,1997,"1G3GR62C5V41","1","G","3","G","R","6","2","C","5","V","4","1",0,0,0,"000000000","00000000000",0,0,0,1,0,0,0,0,0,0,0,998,0,1,5,3,6,2,42,0,0,0,1,39,45801,1,1,0,0,2,0,65,165,0,2,0,1,1,12,2011,9,2014,0,0,0,0,0,2,2,70,3,5,2,1,0,0,14,13,99,1,4,1,"777777777777","777777777777","777777777777",1,0
47,470859,1,2,5,13,8,16,30,12,6,1,0,47,1,23,431,23431,16,2003,"1GKFK16Z53J1","1","G","K","F","K","1","6","Z","5","3","J","1",0,0,0,"000000000","00000000000",0,0,0,1,0,0,0,0,0,0,0,998,0,0,0,9,6,2,12,0,0,0,1,47,37347,6,1,0,0,3,0,68,165,2,0,0,2,0,7,2012,4,2016,0,38,0,0,0,1,2,45,1,1,2,1,20,3,4,17,99,1,1,89,"777777777777","777777777777","777777777777",0,0
47,470859,2,2,3,13,8,16,30,12,6,1,0,47,1,20,29,20029,5,2016,"KL8CB6SA8GC6","K","L","8","C","B","6","S","A","8","G","C","6",0,0,0,"000000000","00000000000",0,0,0,1,0,0,0,0,0,0,0,998,0,0,0,12,6,2,12,0,0,0,1,47,37340,6,1,0,0,3,0,64,125,1,0,0,0,0,8,2012,8,2012,0,0,0,0,0,1,2,55,1,1,2,1,0,0,1,66,99,1,1,88,"777777777777","777777777777","777777777777",1,0
47,470860,1,2,2,11,11,20,0,12,2,1,0,47,1,2,404,2404,14,2004,"1J4GW58N14C1","1","J","4","G","W","5","8","N","1","4","C","1",0,0,0,"000000000","00000000000",0,0,0,1,0,0,0,0,0,0,0,998,0,0,0,12,6,2,12,0,0,0,1,47,37343,6,1,0,0,3,0,70,225,0,0,0,0,0,0,0,0,0,0,28,0,0,0,1,4,50,3,1,2,1,0,0,14,10,99,1,2,50,"777777777777","777777777777","777777777777",0,1
47,470860,2,2,1,11,11,20,0,12,2,1,0,47,1,49,46,49046,5,2007,"JTDKB2045776","J","T","D","K","B","2","0","4","5","7","7","6",0,0,0,"000000000","00000000000",0,0,0,1,0,0,0,0,0,0,0,998,0,0,0,12,6,2,12,0,0,0,1,47,37351,6,1,0,0,3,0,66,130,1,0,0,2,0,2,2012,10,2014,0,0,0,0,0,1,4,50,2,1,2,1,0,0,14,62,99,1,3,51,"777777777777","777777777777","777777777777",1,0
47,470861,1,4,1,18,11,18,12,1,0,1,0,18,4,84,881,84881,62,2017,"1HTMMMML1HH4","1","H","T","M","M","M","M","L","1","H","H","4",1,1,57,"00327574","5700327574",2,4,1,1,0,0,0,0,0,0,0,998,0,2,1,0,6,2,12,0,0,0,1,12,32828,6,1,6,0,3,0,69,999,0,0,0,0,0,0,0,0,0,0,58,0,0,0,1,2,55,3,6,2,1,0,0,14,13,99,9,6,98,"888888888888","777777777777","777777777777",0,0
47,470861,2,4,1,18,11,18,12,1,0,1,0,47,1,63,402,63402,14,2011,"5XYKT4A22BG0","5","X","Y","K","T","4","A","2","2","B","G","0",0,0,0,"000000000","00000000000",0,0,0,1,0,0,0,0,0,0,0,998,0,0,0,12,6,2,12,0,0,0,1,47,38372,6,1,0,0,3,0,66,210,0,0,0,0,0,0,0,0,0,0,0,0,0,0,1,2,55,1,6,2,1,0,0,1,62,99,1,1,98,"777777777777","777777777777","777777777777",1,0
47,470861,3,4,1,18,11,18,12,1,0,1,0,47,2,20,2,20002,4,2000,"2G1WF55K4Y91","2","G","1","W","F","5","5","K","4","Y","9","1",0,0,0,"000000000","00000000000",0,0,0,1,0,0,0,0,0,0,0,998,0,0,0,12,6,2,12,0,0,0,1,47,38372,6,1,0,0,3,0,60,130,1,0,0,4,0,12,2013,1,2016,0,0,0,0,0,1,2,55,1,6,2,1,0,0,1,98,99,1,1,98,"777777777777","777777777777","777777777777",0,0
47,470861,4,4,1,18,11,18,12,1,0,1,0,12,1,37,402,37402,14,2002,"JHLRD68492C0","J","H","L","R","D","6","8","4","9","2","C","0",0,0,0,"000000000","00000000000",0,0,0,1,0,0,0,0,0,0,0,998,0,0,0,12,6,2,12,0,0,0,1,12,32828,6,1,0,0,3,0,64,999,0,0,0,0,0,0,0,0,0,0,0,0,0,0,1,2,55,1,6,2,1,0,0,1,98,99,1,1,98,"777777777777","777777777777","777777777777",0,0
47,470862,1,2,1,20,11,8,55,12,1,1,0,21,2,49,402,49402,14,2016,"2T3ZFREV4GW2","2","T","3","Z","F","R","E","V","4","G","W","2",0,0,0,"000000000","00000000000",0,0,0,1,0,0,0,0,0,0,0,0,0,0,0,6,6,2,12,0,0,0,1,21,40162,6,1,0,0,3,1,59,145,0,0,0,0,0,0,0,0,0,0,0,0,0,0,5,5,40,1,1,2,1,2,3,5,53,99,1,1,21,"777777777777","777777777777","777777777777",1,0
47,470862,2,2,1,20,11,8,55,12,1,1,0,93,3,51,881,51881,66,2015,"4V4NC9TH9FN9","4","V","4","N","C","9","T","H","9","F","N","9",1,1,57,"00722979","5700722979",3,6,1,1,0,0,0,0,0,0,0,998,0,0,0,12,6,2,12,0,0,0,1,47,37347,1,1,1,0,2,0,70,250,1,3,0,3,1,12,2012,6,2016,0,6,36,0,0,5,5,40,1,1,2,1,2,3,1,50,99,1,1,20,"1GRAA06282T0","777777777777","777777777777",0,1
47,470863,1,2,1,21,11,22,29,12,2,1,0,47,3,24,9,24009,4,2009,"1G8ZS57B89F1","1","G","8","Z","S","5","7","B","8","9","F","1",0,0,0,"000000000","00000000000",0,0,0,1,0,0,0,0,0,0,0,998,0,0,0,12,6,2,12,0,0,0,1,47,38225,2,1,0,0,2,0,65,135,0,0,0,0,0,0,0,0,0,0,48,51,0,0,3,3,70,1,1,2,1,0,0,12,54,99,1,9,98,"777777777777","777777777777","777777777777",1,1
47,470863,2,2,1,21,11,22,29,12,2,1,0,93,3,82,881,82881,66,2005,"1FUJBBCG75LN","1","F","U","J","B","B","C","G","7","5","L","N",1,1,57,"02363400","5702363400",3,6,1,1,0,0,0,0,0,0,0,998,0,0,0,12,6,2,12,0,0,0,1,47,37211,6,1,6,0,3,0,66,160,1,0,0,0,2,3,2014,7,2016,0,89,0,0,0,3,3,70,1,1,2,1,0,0,1,54,16,1,1,98,"1UYVS25357U0","777777777777","777777777777",0,0
47,470864,1,1,2,14,11,22,40,38,0,1,0,47,2,32,45,32045,1,2001,"TRUUT28N5110","T","R","U","U","T","2","8","N","5","1","1","0",0,0,0,"000000000","00000000000",0,0,0,1,0,0,0,0,0,0,0,998,0,1,6,12,6,2,1,0,0,0,1,47,37754,6,1,0,0,3,0,65,155,3,0,0,0,0,8,2012,8,2015,0,36,0,0,0,1,2,45,1,1,2,1,0,0,1,13,99,3,4,2,"777777777777","777777777777","777777777777",1,1
47,470865,1,1,1,16,11,99,99,1,0,1,0,47,1,72,706,72706,80,2007,"1HD1KB4117Y7","1","H","D","1","K","B","4","1","1","7","Y","7",0,0,0,"000000000","00000000000",0,0,0,1,0,0,0,0,0,0,0,998,0,0,0,0,6,2,1,0,0,0,1,47,37122,6,1,0,0,3,0,72,220,0,0,0,0,0,0,0,0,0,0,0,0,0,0,1,2,30,3,5,2,1,0,0,14,6,16,2,1,98,"777777777777","777777777777","777777777777",1,1
47,470866,1,1,2,20,11,23,30,1,0,1,0,47,1,20,481,20481,31,2004,"1GCEK19T24E2","1","G","C","E","K","1","9","T","2","4","E","2",0,0,0,"000000000","00000000000",0,0,0,1,0,0,0,0,0,0,0,998,0,2,5,0,6,2,1,0,0,0,1,47,38305,6,2,0,0,3,2,72,163,2,0,0,3,0,5,2015,8,2016,0,73,0,0,0,1,2,55,3,1,2,1,0,0,14,6,99,4,4,7,"777777777777","777777777777","777777777777",1,0
47,470867,1,1,3,16,11,6,53,9,0,1,0,13,1,21,21,21021,4,2003,"1G3NL52E23C1","1","G","3","N","L","5","2","E","2","3","C","1",0,0,0,"000000000","00000000000",0,0,0,1,0,0,0,0,0,0,0,998,0,0,0,1,4,5,9,0,0,0,1,47,37419,6,1,0,0,3,0,64,113,0,0,0,0,0,0,0,0,0,0,0,0,0,0,5,5,40,1,3,2,1,0,0,1,83,15,1,3,13,"777777777777","777777777777","777777777777",0,0
47,470868,1,1,1,24,11,18,50,42,0,1,0,47,1,20,481,20481,31,2007,"1GCEC14XX7Z6","1","G","C","E","C","1","4","X","X","7","Z","6",0,0,0,"000000000","00000000000",0,0,0,1,0,0,0,0,0,0,0,998,0,0,0,12,6,2,42,0,0,0,1,47,38365,6,1,0,0,3,0,79,305,0,0,0,0,0,0,0,0,0,0,0,0,0,0,1,2,55,1,1,2,1,0,0,1,13,99,1,4,1,"777777777777","777777777777","777777777777",1,0
47,470869,1,1,4,25,11,2,59,42,0,1,0,12,1,20,481,20481,31,2006,"2GCEC13Z0613","2","G","C","E","C","1","3","Z","0","6","1","3",0,0,0,"000000000","00000000000",0,0,0,1,0,0,0,0,0,0,0,998,0,1,5,3,6,2,42,0,0,0,1,47,37175,6,1,0,0,3,0,74,162,0,2,0,1,0,9,2013,8,2014,0,0,0,0,0,1,2,35,3,2,2,1,0,0,14,13,99,1,4,1,"777777777777","777777777777","777777777777",1,1