"STATE","ST_CASE","VEH_NO","VE_FORMS","NUMOCCS","DAY","MONTH","HOUR","MINUTE","HARM_EV","MAN_COLL","UNITTYPE","HIT_RUN","REG_STAT","OWNER","MAKE","MODEL","MAK_MOD","BODY_TYP","MOD_YEAR","VIN","VIN_1","VIN_2","VIN_3","VIN_4","VIN_5","VIN_6","VIN_7","VIN_8","VIN_9","VIN_10","VIN_11","VIN_12","TOW_VEH","J_KNIFE","MCARR_I1","MCARR_I2","MCARR_ID","GVWR","V_CONFIG","CARGO_BT","HAZ_INV","HAZ_PLAC","HAZ_ID","HAZ_CNO","HAZ_REL","BUS_USE","SPEC_USE","EMER_USE","TRAV_SP","UNDERIDE","ROLLOVER","ROLINLOC","IMPACT1","DEFORMED","TOWED","M_HARM","VEH_SC1","VEH_SC2","FIRE_EXP","DR_PRES","L_STATE","DR_ZIP","L_STATUS","L_TYPE","CDL_STAT","L_ENDORS","L_COMPL","L_RESTRI","DR_HGT","DR_WGT","PREV_ACC","PREV_SUS","PREV_DWI","PREV_SPD","PREV_OTH","FIRST_MO","FIRST_YR","LAST_MO","LAST_YR","SPEEDREL","DR_SF1","DR_SF2","DR_SF3","DR_SF4","VTRAFWAY","VNUM_LAN","VSPD_LIM","VALIGN","VPROFILE","VPAVETYP","VSURCOND","VTRAFCON","VTCONT_F","P_CRASH1","P_CRASH2","P_CRASH3","PCRASH4","PCRASH5","ACC_TYPE","TRLR1VIN","TRLR2VIN","TRLR3VIN","DEATHS","DR_DRINK"
48,480232,2,2,3,27,1,11,26,12,6,1,0,48,2,12,442,12442,20,2003,"2FMZA51403BB","2","F","M","Z","A","5","1","4","0","3","B","B",0,0,0,"000000000","00000000000",0,0,0,1,0,0,0,0,0,0,0,998,0,0,0,11,2,3,12,0,0,0,1,48,75142,6,1,0,0,3,3,999,999,0,0,0,0,0,0,0,0,0,0,0,0,0,0,2,3,70,1,1,8,1,0,0,1,62,99,1,1,65,"777777777777","777777777777","777777777777",1,0
48,480233,1,1,2,27,1,3,20,33,0,1,0,22,3,20,481,20481,31,2012,"3GCPCSE09CG1","3","G","C","P","C","S","E","0","9","C","G","1",0,0,0,"000000000","00000000000",0,0,0,1,0,0,0,0,0,0,0,998,0,1,5,98,6,2,43,0,0,0,1,33,70037,6,1,0,0,3,0,75,220,0,0,0,0,0,0,0,0,0,3,91,0,0,0,2,2,40,1,1,8,1,0,0,1,13,99,1,4,1,"777777777777","777777777777","777777777777",1,1
48,480234,1,3,1,29,1,6,47,12,1,1,0,48,1,2,403,2403,14,2014,"1C4BJWEGXEL2","1","C","4","B","J","W","E","G","X","E","L","2",0,0,0,"000000000","00000000000",0,0,0,1,0,0,0,0,0,0,0,998,0,0,0,12,6,2,12,0,0,0,1,48,75846,6,1,0,0,3,0,77,272,0,0,0,3,1,11,2011,12,2014,0,35,0,0,0,1,2,65,1,1,8,2,0,0,6,52,99,1,1,28,"777777777777","777777777777","777777777777",1,0
48,480234,2,3,1,29,1,6,47,12,1,1,0,48,1,12,481,12481,31,2001,"1FTRW07L41KC","1","F","T","R","W","0","7","L","4","1","K","C",0,0,0,"000000000","00000000000",0,0,0,1,0,0,0,0,0,0,0,998,0,0,0,6,6,2,12,0,0,0,1,48,77534,6,1,0,0,3,0,999,999,0,0,0,0,0,0,0,0,0,0,0,0,0,0,1,2,65,1,1,8,2,0,0,2,53,99,1,1,29,"777777777777","777777777777","777777777777",0,0
48,480234,3,3,1,29,1,6,47,12,1,1,0,48,1,12,481,12481,31,2014,"1FT7W2BTXEEA","1","F","T","7","W","2","B","T","X","E","E","A",0,0,0,"000000000","00000000000",0,0,0,1,0,0,0,0,0,0,0,998,0,0,0,12,6,2,12,0,0,0,1,48,77586,6,1,0,0,3,0,999,999,0,0,0,1,0,6,2014,6,2014,0,0,0,0,0,1,2,65,1,1,8,2,0,0,1,62,99,1,1,98,"777777777777","777777777777","777777777777",0,0
48,480235,1,1,4,29,1,17,15,9,0,1,0,48,1,23,481,23481,31,2011,"1GT125C84BF1","1","G","T","1","2","5","C","8","4","B","F","1",0,0,0,"000000000","00000000000",0,0,0,1,0,0,0,0,0,0,0,998,0,0,0,12,0,5,9,0,0,0,1,48,77345,6,1,0,0,3,0,999,999,0,0,0,1,0,1,2011,1,2011,0,28,0,0,0,1,2,30,1,1,1,1,0,0,1,83,99,1,1,13,"777777777777","777777777777","777777777777",0,0
48,480236,1,1,1,30,1,12,27,1,0,1,0,48,1,7,482,7482,31,2007,"1D7HA16P07J5","1","D","7","H","A","1","6","P","0","7","J","5",0,0,0,"000000000","00000000000",0,0,0,1,0,0,0,0,0,0,0,998,0,2,3,0,6,2,1,0,0,0,1,48,79336,6,1,0,0,3,0,999,999,0,0,0,2,0,5,2014,4,2015,3,58,0,0,0,2,2,75,1,1,8,1,0,0,1,1,7,4,4,7,"777777777777","777777777777","777777777777",1,0
48,480237,1,1,1,30,1,1,4,8,0,1,0,48,3,49,40,49040,4,2001,"4T1BG22K41U0","4","T","1","B","G","2","2","K","4","1","U","0",0,0,0,"000000000","00000000000",0,0,0,1,0,0,0,0,0,0,0,998,0,0,0,12,2,3,8,0,0,0,1,48,75126,6,1,0,0,3,0,999,999,0,0,0,2,1,8,2012,8,2013,0,0,0,0,0,2,2,70,1,2,8,1,0,0,1,80,1,1,1,13,"777777777777","777777777777","777777777777",0,0
48,480238,1,1,1,31,1,15,5,1,0,1,0,48,1,74,706,74706,80,2007,"ZGULSC0067M1","Z","G","U","L","S","C","0","0","6","7","M","1",0,0,0,"000000000","00000000000",0,0,0,1,0,0,0,0,0,0,0,998,0,0,0,0,8,2,1,0,0,0,1,48,75161,6,1,0,0,3,0,999,999,0,0,0,0,0,0,0,0,0,4,0,0,0,0,1,2,55,3,1,8,1,0,0,14,6,99,9,1,98,"777777777777","777777777777","777777777777",1,0
48,480239,1,1,1,31,1,6,55,58,0,1,0,48,2,12,481,12481,31,2005,"1FTRX12W85FB","1","F","T","R","X","1","2","W","8","5","F","B",0,0,0,"000000000","00000000000",0,0,0,1,0,0,0,0,0,0,0,998,0,1,5,14,6,2,1,0,0,0,1,48,77316,6,1,0,0,3,0,68,180,0,0,0,0,0,0,0,0,0,4,0,0,0,0,1,2,70,1,1,8,1,0,0,1,13,6,3,4,7,"777777777777","777777777777","777777777777",1,1
48,480240,1,2,2,31,1,14,0,12,6,1,0,48,2,12,481,12481,31,2007,"1FTRF14WX7KB","1","F","T","R","F","1","4","W","X","7","K","B",0,0,0,"000000000","00000000000",0,0,0,1,0,0,0,0,0,0,0,998,0,0,0,12,6,2,12,0,0,0,1,48,76486,6,1,0,0,3,3,999,999,0,0,0,0,0,0,0,0,0,5,0,0,0,0,1,2,35,1,1,8,1,0,0,1,50,99,2,4,88,"777777777777","777777777777","777777777777",0,0
48,480240,2,2,1,31,1,14,0,12,6,1,0,48,2,20,9,20009,2,2012,"2G1FG3D36C91","2","G","1","F","G","3","D","3","6","C","9","1",0,0,0,"000000000","00000000000",0,0,0,1,0,0,0,0,0,0,0,0,0,0,0,9,6,2,12,0,0,0,1,48,76067,6,1,0,0,3,0,999,999,0,0,0,0,0,0,0,0,0,0,0,0,0,0,1,2,98,8,8,8,98,20,3,5,66,1,1,1,89,"777777777777","777777777777","777777777777",1,0
48,480241,1,2,3,31,1,16,12,12,6,1,0,48,2,7,482,7482,31,2004,"3D7KA28C74G1","3","D","7","K","A","2","8","C","7","4","G","1",0,0,0,"000000000","00000000000",0,0,0,1,0,0,0,0,0,0,0,998,0,1,5,12,6,2,1,0,0,0,1,48,76941,6,2,0,0,3,2,999,999,0,0,0,0,0,0,0,0,0,0,26,73,0,0,1,2,75,1,1,8,1,0,0,1,52,11,1,2,74,"777777777777","777777777777","777777777777",1,0
48,480241,2,2,1,31,1,16,12,12,6,1,0,48,2,20,404,20404,14,2013,"2GNALPEK3D11","2","G","N","A","L","P","E","K","3","D","1","1",0,0,0,"000000000","00000000000",0,0,0,1,0,0,0,0,0,0,0,998,0,0,0,62,6,2,12,0,0,0,1,48,76950,6,2,0,0,3,0,999,999,0,0,0,0,0,0,0,0,0,0,0,0,0,0,1,2,75,1,1,8,1,0,0,11,15,99,1,1,74,"777777777777","777777777777","777777777777",0,0
48,480242,1,2,1,31,1,15,18,12,1,1,0,48,2,72,706,72706,80,2004,"1HD1GPW134K3","1","H","D","1","G","P","W","1","3","4","K","3",0,0,0,"000000000","00000000000",0,0,0,1,0,0,0,0,0,0,0,998,0,0,0,12,6,2,12,0,0,0,1,48,75474,6,1,0,0,2,3,999,999,0,1,0,0,0,1,2015,1,2015,5,26,0,0,0,3,3,65,2,1,8,1,0,0,14,52,1,1,1,28,"777777777777","777777777777","777777777777",1,0
48,480242,2,2,1,31,1,15,18,12,1,1,0,48,2,72,706,72706,80,1993,"1HD1BML16PY0","1","H","D","1","B","M","L","1","6","P","Y","0",0,0,0,"000000000","00000000000",0,0,0,1,0,0,0,0,0,0,0,998,0,0,0,6,2,5,12,0,0,0,1,32,89178,6,1,0,0,2,3,76,165,0,3,0,0,0,4,2012,1,2014,0,0,0,0,0,3,3,65,2,1,8,1,0,0,2,53,1,1,1,29,"777777777777","777777777777","777777777777",0,0
48,480243,1,3,1,31,1,21,49,12,2,1,0,48,1,13,12,13012,4,2006,"1LNFM87A26Y6","1","L","N","F","M","8","7","A","2","6","Y","6",0,0,0,"000000000","00000000000",0,0,0,1,0,0,0,0,0,0,0,998,0,0,0,12,6,2,12,0,0,0,1,48,77871,6,1,0,0,3,0,999,999,0,0,0,0,0,0,0,0,0,0,50,0,0,0,3,2,75,1,1,8,1,0,0,1,54,99,1,1,52,"777777777777","777777777777","777777777777",1,1
48,480243,2,3,2,31,1,21,49,12,2,1,0,48,1,2,405,2405,14,2012,"1C4PJLAK5CW2","1","C","4","P","J","L","A","K","5","C","W","2",0,0,0,"000000000","00000000000",0,0,0,1,0,0,0,0,0,0,0,998,0,0,0,12,6,2,12,0,0,0,1,48,77477,6,1,0,0,3,0,999,999,0,0,0,0,0,0,0,0,0,0,0,0,0,0,3,2,75,1,1,8,1,0,0,1,54,99,1,1,52,"777777777777","777777777777","777777777777",0,0
48,480243,3,3,2,31,1,21,49,12,2,1,0,48,1,20,481,20481,31,2005,"2GCEC13T3513","2","G","C","E","C","1","3","T","3","5","1","3",0,0,0,"000000000","00000000000",0,0,0,1,0,0,0,0,0,0,0,998,0,0,0,12,6,2,12,0,0,0,1,48,76137,1,1,0,0,2,0,999,999,0,27,0,0,0,5,2012,1,2016,0,0,0,0,0,3,2,75,1,1,8,1,0,0,1,11,99,1,2,98,"777777777777","777777777777","777777777777",0,0
48,480244,1,1,1,1,2,17,53,59,0,1,0,48,1,20,23,20023,6,2010,"3GNBAADB3AS6","3","G","N","B","A","A","D","B","3","A","S","6",0,0,0,"000000000","00000000000",0,0,0,1,0,0,0,0,0,0,0,998,0,0,0,12,6,2,59,0,0,0,1,48,78109,6,1,0,0,3,0,999,999,0,0,0,0,0,0,0,0,0,5,0,0,0,0,3,2,40,3,1,8,1,0,0,16,6,99,9,4,7,"777777777777","777777777777","777777777777",1,0
48,480245,1,2,1,1,2,19,34,12,6,1,0,5,3,85,881,85881,66,2011,"1XKADP9X0BJ2","1","X","K","A","D","P","9","X","0","B","J","2",1,1,57,"2057908","572057908",3,6,3,1,0,0,0,0,0,0,0,998,0,1,5,12,6,2,12,0,0,0,1,5,72756,6,1,6,0,3,0,67,175,0,0,0,1,0,3,2013,3,2013,0,0,0,0,0,3,2,75,1,1,8,1,0,0,1,66,99,1,1,86,"1GRDM9623DH7","777777777777","777777777777",0,0
48,480245,2,2,1,1,2,19,34,12,6,1,0,48,1,23,481,23481,31,2015,"3GTP1WEC7FG1","3","G","T","P","1","W","E","C","7","F","G","1",0,0,0,"000000000","00000000000",0,0,0,1,0,0,0,0,0,0,0,998,0,0,0,3,6,2,12,0,0,0,1,48,75650,6,1,0,0,3,0,999,999,1,0,0,0,0,12,2011,12,2011,0,38,0,0,0,1,2,99,1,1,8,1,21,3,1,17,99,1,1,87,"777777777777","777777777777","777777777777",1,1
48,480246,1,3,1,1,2,11,30,12,6,1,0,48,2,18,22,18022,4,2006,"2G4WE5879611","2","G","4","W","E","5","8","7","9","6","1","1",0,0,0,"000000000","00000000000",0,0,0,1,0,0,0,0,0,0,0,998,0,0,0,3,6,2,12,0,0,0,1,48,77355,6,1,0,0,3,3,999,999,0,0,0,0,0,0,0,0,0,0,39,0,0,0,1,4,99,1,1,8,1,3,3,1,17,99,1,1,87,"777777777777","777777777777","777777777777",1,0
48,480246,2,3,2,1,2,11,30,12,6,1,0,48,3,20,880,20880,67,2002,"1GBJC34U62E2","1","G","B","J","C","3","4","U","6","2","E","2",0,0,99,"999999999","99999999999",2,1,97,1,0,0,0,0,0,0,0,998,0,0,0,12,6,2,12,0,0,0,1,48,77355,6,1,0,0,3,0,999,999,0,0,0,0,0,0,0,0,0,0,0,0,0,0,2,3,50,1,1,8,1,3,3,1,66,99,1,1,86,"777777777777","777777777777","777777777777",0,0
48,480246,3,3,1,1,2,11,30,12,6,1,0,48,2,32,401,32401,14,2012,"WA1LGAFE4CD0","W","A","1","L","G","A","F","E","4","C","D","0",0,0,0,"000000000","00000000000",0,0,0,1,0,0,0,0,0,0,0,0,0,0,0,12,4,5,12,0,0,0,1,48,77377,6,1,0,0,3,0,999,999,0,0,0,0,0,0,0,0,0,0,0,0,0,0,1,4,99,1,1,8,1,3,3,5,66,1,1,1,98,"777777777777","777777777777","777777777777",0,0
48,480248,1,1,1,2,2,18,45,8,0,1,0,48,3,20,421,20421,15,2014,"1GNLC2E05ER1","1","G","N","L","C","2","E","0","5","E","R","1",0,0,0,"000000000","00000000000",0,0,0,1,0,0,0,0,0,5,0,998,0,0,0,12,2,3,8,0,0,0,1,48,78207,6,1,0,0,3,0,999,999,1,0,0,0,0,3,2015,3,2015,3,0,0,0,0,1,2,35,1,1,8,1,0,0,1,80,99,1,1,13,"777777777777","777777777777","777777777777",0,0
48,480249,1,1,99,2,2,18,30,8,0,1,1,99,9,99,999,99999,99,9999,"999999999999","9","9","9","9","9","9","9","9","9","9","9","9",0,0,0,"000000000","00000000000",0,0,0,1,0,0,0,0,0,0,0,998,0,0,0,12,2,5,8,99,99,0,1,99,99999,9,9,99,9,9,9,999,999,99,99,99,99,99,99,9999,99,9999,0,0,0,0,0,2,2,40,1,1,1,1,0,0,1,80,99,9,1,13,"777777777777","777777777777","777777777777",0,0
48,480250,1,1,99,2,2,23,16,8,0,1,1,99,9,99,999,99999,99,9999,"999999999999","9","9","9","9","9","9","9","9","9","9","9","9",0,0,0,"000000000","00000000000",0,0,0,1,0,0,0,0,0,0,0,998,0,0,0,12,2,5,8,99,99,0,1,99,99999,9,9,99,9,9,9,999,999,99,99,99,99,99,99,9999,99,9999,3,38,0,0,0,5,8,40,1,1,1,1,0,0,1,80,99,9,1,13,"777777777777","777777777777","777777777777",0,0
48,480251,1,1,1,2,2,22,15,8,0,1,0,18,3,85,881,85881,66,2010,"1XKAD49X6AJ2","1","X","K","A","D","4","9","X","6","A","J","2",0,0,99,"999999999","99999999999",3,99,99,1,0,0,0,0,0,0,0,998,0,0,0,12,2,5,8,0,0,0,1,48,76308,6,1,6,0,3,0,999,999,0,0,0,0,0,0,0,0,0,0,0,0,0,0,3,4,60,1,1,8,1,0,0,1,80,99,1,1,13,"777777777777","777777777777","777777777777",0,0
48,480252,1,2,1,2,2,5,41,12,6,1,0,48,1,18,2,18002,4,2004,"1G4HR54K34U1","1","G","4","H","R","5","4","K","3","4","U","1",0,0,0,"000000000","00000000000",0,0,0,1,0,0,0,0,0,0,0,998,0,0,0,9,6,2,12,0,0,0,1,48,78744,6,1,0,0,3,0,999,999,0,1,0,0,0,4,2011,4,2011,0,48,0,0,0,1,2,60,1,1,8,1,0,0,12,15,99,1,1,98,"777777777777","777777777777","777777777777",1,0
48,480252,2,2,1,2,2,5,41,12,6,1,0,0,0,20,431,20431,16,2001,"3GNFK16T11G2","3","G","N","F","K","1","6","T","1","1","G","2",0,0,0,"000000000","00000000000",0,0,0,1,0,0,0,0,0,0,0,998,0,0,0,12,6,2,12,0,0,0,1,48,78616,0,0,0,0,0,0,999,999,0,0,0,0,0,0,0,0,0,0,0,0,0,0,1,2,60,1,1,8,1,0,0,1,98,99,1,1,98,"777777777777","777777777777","777777777777",0,0
48,480254,1,1,1,3,2,12,44,30,0,1,0,48,1,22,2,22002,4,1993,"1G2HX53LXP12","1","G","2","H","X","5","3","L","X","P","1","2",0,0,0,"000000000","00000000000",0,0,0,1,0,0,0,0,0,0,0,998,0,0,0,12,6,2,30,0,0,0,1,48,75232,6,1,0,0,3,3,67,195,0,0,0,1,0,4,2015,4,2015,0,0,0,0,0,2,3,40,1,1,8,1,0,0,1,8,1,1,4,6,"777777777777","777777777777","777777777777",1,0
48,480255,1,1,2,3,2,19,38,38,0,1,0,48,2,35,47,35047,4,2014,"1N4AL3AP8EN2","1","N","4","A","L","3","A","P","8","E","N","2",0,0,0,"000000000","00000000000",0,0,0,1,0,0,0,0,0,0,0,998,0,0,0,12,6,2,42,0,0,0,1,48,77518,1,1,0,0,2,0,61,205,1,1,1,0,0,9,2014,10,2015,0,0,0,0,0,5,5,65,1,1,8,1,0,0,1,13,99,1,4,1,"777777777777","777777777777","777777777777",1,0
48,480256,1,1,1,3,2,21,38,1,0,1,0,48,1,73,706,73706,80,2006,"JKAVN2B186A0","J","K","A","V","N","2","B","1","8","6","A","0",0,0,0,"000000000","00000000000",0,0,0,1,0,0,0,0,0,0,0,998,0,0,0,0,2,3,1,0,0,0,1,48,78577,6,1,0,0,3,0,999,999,0,0,0,0,0,0,0,0,0,5,0,0,0,0,3,4,65,1,2,8,1,0,0,1,6,99,9,1,98,"777777777777","777777777777","777777777777",1,0
48,480257,1,1,1,3,2,18,40,8,0,1,0,48,1,37,31,37031,4,2004,"2HGES26794H5","2","H","G","E","S","2","6","7","9","4","H","5",0,0,0,"000000000","00000000000",0,0,0,1,0,0,0,0,0,0,0,998,0,0,0,12,2,3,8,0,0,0,1,48,76033,6,1,0,0,3,0,999,999,1,0,0,0,0,9,2011,9,2011,0,0,0,0,0,1,2,30,1,1,8,1,0,0,1,80,99,1,1,13,"777777777777","777777777777","777777777777",0,0
48,480258,1,1,1,4,2,19,34,1,0,1,0,5,2,20,23,20023,6,2007,"3GNDA23P27S5","3","G","N","D","A","2","3","P","2","7","S","5",0,0,0,"000000000","00000000000",0,0,0,1,0,0,0,0,0,0,0,83,0,9,3,0,6,2,1,0,0,0,1,48,76013,6,1,0,0,3,0,66,140,1,10,0,0,0,12,2011,9,2014,3,0,0,0,0,4,3,55,1,1,8,1,0,0,15,6,99,5,4,7,"777777777777","777777777777","777777777777",1,1
48,480259,1,1,1,4,2,20,2,8,0,1,0,48,1,49,40,49040,4,2011,"4T1BF3EK4BU6","4","T","1","B","F","3","E","K","4","B","U","6",0,0,0,"000000000","00000000000",0,0,0,1,0,0,0,0,0,0,0,998,0,0,0,12,2,3,8,0,0,0,1,48,77469,6,1,0,0,3,3,999,999,0,0,0,0,0,0,0,0,0,0,0,0,0,0,2,3,50,1,1,8,1,3,3,1,80,99,1,1,13,"777777777777","777777777777","777777777777",0,0
48,480260,1,1,1,4,2,13,51,23,0,1,0,48,2,84,884,84884,66,2003,"3HSCEAER63N0","3","H","S","C","E","A","E","R","6","3","N","0",1,1,99,"999999999","99999999999",3,6,4,1,0,0,0,0,0,0,0,998,0,1,6,98,6,2,2,0,0,1,1,12,33030,6,1,6,0,3,0,65,999,0,0,0,1,1,4,2014,10,2014,0,0,0,0,0,3,2,75,1,3,8,1,0,0,1,13,99,1,4,1,"4Z4515428YP0","777777777777","777777777777",1,0
48,480261,1,1,2,4,2,6,9,8,0,1,0,48,0,12,401,12401,14,1995,"1FMDU32X5SUA","1","F","M","D","U","3","2","X","5","S","U","A",0,0,0,"000000000","00000000000",0,0,0,1,0,0,0,0,0,0,0,998,0,0,0,12,2,5,8,0,0,0,1,48,77085,6,1,0,0,3,3,999,999,0,0,0,0,1,11,2014,11,2014,0,0,0,0,0,2,3,35,1,1,1,1,0,0,1,80,99,1,1,13,"777777777777","777777777777","777777777777",0,0
48,480262,1,2,1,4,2,2,12,12,1,1,0,48,1,37,421,37421,15,2005,"2HKYF18735H5","2","H","K","Y","F","1","8","7","3","5","H","5",0,0,0,"000000000","00000000000",0,0,0,1,0,0,0,0,0,0,0,998,0,0,0,12,6,2,42,0,0,0,1,48,79109,6,1,0,0,3,0,999,999,0,0,0,2,1,9,2012,9,2014,5,0,0,0,0,5,5,35,1,1,2,1,0,0,1,51,99,1,1,24,"777777777777","777777777777","777777777777",1,0
48,480262,2,2,2,4,2,2,12,12,1,1,0,48,1,63,34,63034,4,2011,"KNAGM4A79B51","K","N","A","G","M","4","A","7","9","B","5","1",0,0,0,"000000000","00000000000",0,0,0,1,0,0,0,0,0,0,0,998,0,0,0,6,6,2,12,0,0,0,1,48,79109,6,1,0,0,3,3,999,999,0,0,0,0,0,0,0,0,0,0,0,0,0,0,5,5,35,1,1,2,1,0,0,1,53,99,1,1,25,"777777777777","777777777777","777777777777",0,0
48,480263,1,2,2,4,2,17,58,12,6,1,0,48,0,7,482,7482,31,2004,"1D7HA18N74S6","1","D","7","H","A","1","8","N","7","4","S","6",0,0,0,"000000000","00000000000",0,0,0,1,0,0,0,0,0,0,0,998,0,1,5,9,6,2,12,0,0,0,1,48,75862,6,1,0,0,3,0,999,999,0,0,0,0,0,0,0,0,0,0,38,0,0,0,1,2,99,1,1,8,1,20,3,4,17,99,1,1,89,"777777777777","777777777777","777777777777",1,0
48,480263,2,2,1,4,2,17,58,12,6,1,0,48,0,86,881,86881,66,1994,"1M2AA14Y6RF0","1","M","2","A","A","1","4","Y","6","R","F","0",1,1,57,"2541621","572541621",3,6,10,1,0,0,0,0,0,0,0,998,0,1,5,12,6,2,12,0,0,0,1,48,77331,6,1,6,0,3,0,999,999,0,4,0,0,0,8,2012,1,2016,0,0,0,0,0,1,2,55,3,1,8,1,0,0,14,66,6,1,2,88,"1V91P3728HB0","777777777777","777777777777",0,0
48,480264,1,1,1,5,2,1,43,20,0,1,0,48,1,7,422,7422,15,2013,"1C4RDHAG0DC5","1","C","4","R","D","H","A","G","0","D","C","5",0,0,0,"000000000","00000000000",0,0,0,1,0,0,0,0,0,0,0,998,0,1,3,12,6,2,1,0,0,0,1,48,78245,6,1,0,0,3,0,999,999,0,5,0,0,0,4,2013,7,2014,0,0,0,0,0,3,4,65,1,1,8,1,0,0,15,13,99,1,4,1,"777777777777","777777777777","777777777777",1,1
48,480265,1,1,3,5,2,8,15,14,0,1,0,48,0,55,401,55401,14,2001,"KM8SC83DX1U0","K","M","8","S","C","8","3","D","X","1","U","0",0,0,0,"000000000","00000000000",0,0,0,1,0,0,0,0,0,0,0,998,0,0,0,12,6,2,14,0,0,0,1,48,78586,0,0,0,0,0,0,999,999,0,0,0,0,0,0,0,0,0,5,91,0,0,0,1,2,60,1,1,8,1,0,0,1,11,99,1,4,11,"777777777777","777777777777","777777777777",1,0
48,480266,1,1,1,5,2,18,40,49,0,1,0,48,3,87,881,87881,63,1996,"1XPGA98X9TN4","1","X","P","G","A","9","8","X","9","T","N","4",0,0,57,"2561080","572561080",3,1,4,1,0,0,0,0,0,0,0,998,0,0,0,12,6,2,49,0,0,0,1,48,76549,6,1,6,0,3,3,999,999,0,0,0,1,0,9,2013,9,2013,0,51,0,0,0,1,2,75,1,1,8,1,0,0,6,87,1,1,1,13,"777777777777","777777777777","777777777777",0,0
48,480267,1,2,2,5,2,11,30,12,6,1,0,48,1,18,23,18023,4,2010,"1G4HF5EM6AU1","1","G","4","H","F","5","E","M","6","A","U","1",0,0,0,"000000000","00000000000",0,0,0,1,0,0,0,0,0,0,0,998,0,0,0,82,2,3,12,0,0,0,1,48,76208,6,1,0,0,3,3,999,999,0,0,0,0,0,0,0,0,0,0,38,0,0,0,1,2,99,1,1,8,1,20,3,11,15,99,1,1,76,"777777777777","777777777777","777777777777",0,0
48,480267,2,2,1,5,2,11,30,12,6,1,0,48,1,72,706,72706,80,2015,"1HD1KBM16FB7","1","H","D","1","K","B","M","1","6","F","B","7",0,0,0,"000000000","00000000000",0,0,0,1,0,0,0,0,0,0,0,998,0,0,0,12,8,2,12,0,0,0,1,48,76205,6,1,6,0,3,0,999,999,0,0,0,3,1,6,2011,9,2012,0,0,0,0,0,2,2,30,1,1,8,1,0,0,1,65,99,1,1,77,"777777777777","777777777777","777777777777",1,0
48,480268,1,1,1,5,2,21,31,8,0,1,0,48,0,52,37,52037,2,1995,"999999999999","9","9","9","9","9","9","9","9","9","9","9","9",0,0,0,"000000000","00000000000",0,0,0,1,0,0,0,0,0,0,0,998,0,0,0,12,0,5,8,0,0,0,1,48,77061,6,2,0,0,3,2,999,999,0,0,0,0,0,0,0,0,0,0,73,0,0,0,4,2,35,1,1,8,1,0,0,1,80,99,1,1,13,"777777777777","777777777777","777777777777",0,0
48,480269,1,1,1,5,2,23,50,1,0,1,0,48,2,20,481,20481,31,2011,"3GCPCSE08BG2","3","G","C","P","C","S","E","0","8","B","G","2",0,0,0,"000000000","00000000000",0,0,0,1,0,0,0,0,0,0,0,100,0,1,1,0,6,2,1,0,0,0,1,48,79416,6,1,0,0,3,3,999,999,0,1,0,1,0,8,2014,4,2015,3,58,0,0,0,2,2,75,3,1,8,1,0,0,14,13,6,4,6,98,"777777777777","777777777777","777777777777",1,1
48,480270,1,2,1,5,2,19,50,12,2,1,0,48,1,54,35,54035,4,1998,"JH4UA3649WC0","J","H","4","U","A","3","6","4","9","W","C","0",0,0,0,"000000000","00000000000",0,0,0,1,0,0,0,0,0,0,0,998,0,0,0,12,6,2,12,0,0,0,1,48,75963,6,1,0,0,3,0,999,999,0,0,0,0,0,0,0,0,0,0,33,0,0,0,1,2,75,1,1,8,1,0,0,6,10,99,1,2,50,"777777777777","777777777777","777777777777",1,1
48,480270,2,2,2,5,2,19,50,12,2,1,0,48,1,7,482,7482,31,1996,"3B7HC13Z1TG1","3","B","7","H","C","1","3","Z","1","T","G","1",0,0,0,"000000000","00000000000",0,0,0,1,0,0,0,0,0,0,0,998,0,0,0,12,6,2,12,0,0,0,1,48,75969,6,1,0,0,3,0,999,999,0,0,0,1,2,5,2012,2,2013,0,0,0,0,0,1,2,75,1,1,8,1,0,0,1,62,99,1,1,51,"777777777777","777777777777","777777777777",0,0
48,480271,1,1,2,6,2,17,47,33,0,1,0,48,0,12,3,12003,2,2000,"1FAFP45X6YF1","1","F","A","F","P","4","5","X","6","Y","F","1",0,0,0,"000000000","00000000000",0,0,0,1,0,0,0,0,0,0,0,998,0,1,9,98,6,2,30,0,0,0,1,48,78550,6,1,0,0,3,0,999,999,0,0,0,0,0,0,0,0,0,4,0,0,0,0,4,3,45,2,1,8,1,0,0,1,6,99,3,4,2,"777777777777","777777777777","777777777777",1,0
48,480272,1,1,2,6,2,23,26,33,0,1,0,48,1,72,706,72706,80,2008,"1HD1JL5128Y0","1","H","D","1","J","L","5","1","2","8","Y","0",0,0,0,"000000000","00000000000",0,0,0,1,0,0,0,0,0,0,0,55,0,0,0,98,8,2,59,0,0,0,1,48,78130,3,1,0,0,2,3,999,999,0,0,0,0,0,0,0,0,0,4,0,0,0,0,4,3,45,1,1,8,1,0,0,1,12,99,1,4,6,"777777777777","777777777777","777777777777",1,0
48,480273,1,4,1,6,2,18,30,12,1,1,0,48,2,12,481,12481,31,2008,"1FTWW31R78EC","1","F","T","W","W","3","1","R","7","8","E","C",0,0,0,"000000000","00000000000",0,0,0,1,0,0,0,0,0,0,0,998,0,0,0,12,6,2,12,0,0,0,1,48,76201,6,1,6,0,3,3,999,999,1,0,0,0,0,7,2012,7,2012,5,0,0,0,0,5,7,55,1,1,8,1,3,3,1,50,99,1,1,20,"777777777777","777777777777","777777777777",0,0