"STATE","ST_CASE","VEH_NO","VE_FORMS","NUMOCCS","DAY","MONTH","HOUR","MINUTE","HARM_EV","MAN_COLL","UNITTYPE","HIT_RUN","REG_STAT","OWNER","MAKE","MODEL","MAK_MOD","BODY_TYP","MOD_YEAR","VIN","VIN_1","VIN_2","VIN_3","VIN_4","VIN_5","VIN_6","VIN_7","VIN_8","VIN_9","VIN_10","VIN_11","VIN_12","TOW_VEH","J_KNIFE","MCARR_I1","MCARR_I2","MCARR_ID","GVWR","V_CONFIG","CARGO_BT","HAZ_INV","HAZ_PLAC","HAZ_ID","HAZ_CNO","HAZ_REL","BUS_USE","SPEC_USE","EMER_USE","TRAV_SP","UNDERIDE","ROLLOVER","ROLINLOC","IMPACT1","DEFORMED","TOWED","M_HARM","VEH_SC1","VEH_SC2","FIRE_EXP","DR_PRES","L_STATE","DR_ZIP","L_STATUS","L_TYPE","CDL_STAT","L_ENDORS","L_COMPL","L_RESTRI","DR_HGT","DR_WGT","PREV_ACC","PREV_SUS","PREV_DWI","PREV_SPD","PREV_OTH","FIRST_MO","FIRST_YR","LAST_MO","LAST_YR","SPEEDREL","DR_SF1","DR_SF2","DR_SF3","DR_SF4","VTRAFWAY","VNUM_LAN","VSPD_LIM","VALIGN","VPROFILE","VPAVETYP","VSURCOND","VTRAFCON","VTCONT_F","P_CRASH1","P_CRASH2","P_CRASH3","PCRASH4","PCRASH5","ACC_TYPE","TRLR1VIN","TRLR2VIN","TRLR3VIN","DEATHS","DR_DRINK"
48,480273,2,4,5,6,2,18,30,12,1,1,0,48,2,35,443,35443,20,2007,"5N1BV28U87N1","5","N","1","B","V","2","8","U","8","7","N","1",0,0,0,"000000000","00000000000",0,0,0,1,0,0,0,0,0,0,0,0,0,0,0,6,6,2,12,0,0,0,1,48,76273,0,0,0,0,0,0,999,999,0,0,0,0,0,0,0,0,0,0,0,0,0,0,5,7,55,1,1,8,1,3,3,5,53,1,1,1,21,"777777777777","777777777777","777777777777",2,0
48,480273,3,4,1,6,2,18,30,12,1,1,0,48,1,7,472,7472,30,2006,"1D7HE28K16S6","1","D","7","H","E","2","8","K","1","6","S","6",0,0,0,"000000000","00000000000",0,0,0,1,0,0,0,0,0,0,0,0,0,0,0,6,2,3,12,0,0,0,1,48,76227,6,1,6,0,3,0,999,999,0,0,0,0,0,0,0,0,0,0,0,0,0,0,5,7,55,1,1,8,1,3,3,5,60,1,1,1,98,"777777777777","777777777777","777777777777",0,0
48,480273,4,4,3,6,2,18,30,12,1,1,0,48,1,63,33,63033,4,2007,"KNAFE1216754","K","N","A","F","E","1","2","1","6","7","5","4",0,0,0,"000000000","00000000000",0,0,0,1,0,0,0,0,0,0,0,0,0,0,0,6,2,3,12,0,0,0,1,48,75068,6,1,0,0,3,0,999,999,0,0,0,0,0,0,0,0,0,0,0,0,0,0,5,7,55,1,1,8,1,3,3,5,53,1,1,1,98,"777777777777","777777777777","777777777777",0,0
48,480274,1,1,1,6,2,2,20,1,0,1,0,48,1,34,34,34034,4,2000,"WBAAM3349YFP","W","B","A","A","M","3","3","4","9","Y","F","P",0,0,0,"000000000","00000000000",0,0,0,1,0,0,0,0,0,0,0,998,0,2,3,0,6,2,1,0,0,0,1,48,77406,0,0,0,0,0,0,999,999,0,1,0,0,0,7,2015,7,2015,3,0,0,0,0,4,3,50,1,1,8,1,0,0,1,6,99,2,4,7,"777777777777","777777777777","777777777777",1,1
48,480275,1,1,1,6,2,5,59,1,0,1,0,47,2,7,482,7482,40,2013,"3C6UR5FL1DG5","3","C","6","U","R","5","F","L","1","D","G","5",0,0,0,"000000000","00000000000",0,0,0,1,0,0,0,0,0,0,0,998,0,2,3,0,6,2,1,0,0,0,1,47,37914,6,1,0,0,3,0,75,999,0,0,0,0,0,0,0,0,0,0,0,0,0,0,3,4,45,3,2,8,2,0,0,14,9,99,4,4,2,"777777777777","777777777777","777777777777",1,0
48,480276,1,1,1,6,2,15,32,1,0,1,0,48,2,53,706,53706,80,2013,"JS1GR7MA9D21","J","S","1","G","R","7","M","A","9","D","2","1",0,0,0,"000000000","00000000000",0,0,0,1,0,0,0,0,0,0,0,998,0,0,0,0,2,3,1,0,0,0,1,48,76033,1,1,0,0,2,0,999,999,0,3,0,0,0,10,2014,11,2015,5,0,0,0,0,1,2,45,1,1,8,1,0,0,6,54,7,1,4,1,"777777777777","777777777777","777777777777",1,0
48,480277,1,1,1,6,2,3,4,32,0,1,0,48,2,37,32,37032,2,2005,"1HGCM717X5A0","1","H","G","C","M","7","1","7","X","5","A","0",0,0,0,"000000000","00000000000",0,0,0,1,0,0,0,0,0,0,0,998,0,0,0,6,6,2,32,0,0,0,1,48,75126,0,0,0,0,0,0,66,171,0,0,0,0,0,0,0,0,0,5,0,0,0,0,1,2,50,2,2,8,2,0,0,14,6,99,3,4,7,"777777777777","777777777777","777777777777",1,1
48,480278,1,2,1,6,2,3,55,12,2,1,0,48,1,41,51,41051,5,2013,"JM1BL1M75D17","J","M","1","B","L","1","M","7","5","D","1","7",0,0,0,"000000000","00000000000",0,0,0,1,0,0,0,0,0,0,0,998,0,0,0,12,6,2,12,0,0,0,1,48,77440,6,1,0,0,3,0,999,999,0,0,0,0,0,0,0,0,0,0,51,0,0,0,1,2,70,1,1,8,1,0,0,1,54,99,1,2,52,"777777777777","777777777777","777777777777",1,0
48,480278,2,2,1,6,2,3,55,12,2,1,0,48,1,7,482,7482,40,2015,"3C6JR6AT0FG6","3","C","6","J","R","6","A","T","0","F","G","6",0,0,0,"000000000","00000000000",0,0,0,1,0,0,0,0,0,0,0,998,0,1,5,12,6,2,12,0,0,0,1,48,77503,6,1,0,0,3,0,999,999,0,0,0,1,0,10,2015,10,2015,0,0,0,0,0,1,2,70,1,1,8,1,0,0,1,54,99,1,1,52,"777777777777","777777777777","777777777777",0,0
48,480279,1,1,1,6,2,15,44,31,0,1,0,48,1,72,706,72706,80,2013,"1HD1FCM12DB6","1","H","D","1","F","C","M","1","2","D","B","6",0,0,0,"000000000","00000000000",0,0,0,1,0,0,0,0,0,0,0,998,0,0,0,12,8,5,31,0,0,0,1,48,77302,6,1,0,0,3,3,999,999,0,0,0,0,0,0,0,0,0,4,0,0,0,0,1,2,60,1,1,8,1,0,0,1,13,99,1,4,1,"777777777777","777777777777","777777777777",1,1
48,480280,1,2,1,6,2,15,30,12,2,1,0,48,1,20,16,20016,4,2003,"1G1JC52F7371","1","G","1","J","C","5","2","F","7","3","7","1",0,0,0,"000000000","00000000000",0,0,0,1,0,0,0,0,0,0,0,998,0,0,0,12,6,2,12,0,0,0,1,48,76354,6,1,0,0,3,3,69,187,0,0,0,0,0,0,0,0,0,0,51,0,0,0,1,2,75,2,2,8,1,0,0,14,10,99,1,2,50,"777777777777","777777777777","777777777777",1,0
48,480280,2,2,2,6,2,15,30,12,2,1,0,48,1,20,404,20404,14,2010,"2CNALDEWXA62","2","C","N","A","L","D","E","W","X","A","6","2",0,0,0,"000000000","00000000000",0,0,0,1,0,0,0,0,0,0,0,998,0,1,1,12,6,2,12,32,0,0,1,48,76354,6,1,0,0,3,3,999,999,0,0,0,0,0,0,0,0,0,0,0,0,0,0,1,2,75,3,2,8,1,0,0,14,62,99,1,1,51,"777777777777","777777777777","777777777777",0,0
48,480281,1,2,1,7,2,4,27,12,1,1,0,48,1,12,481,12481,31,2005,"1FTRX12W75NA","1","F","T","R","X","1","2","W","7","5","N","A",0,0,0,"000000000","00000000000",0,0,0,1,0,0,0,0,0,0,0,0,0,0,0,6,6,2,2,0,0,1,1,48,75006,0,0,0,0,0,0,66,161,0,0,0,0,0,0,0,0,0,0,0,0,0,0,3,3,65,1,1,8,1,0,0,5,53,1,1,1,21,"777777777777","777777777777","777777777777",1,1
48,480281,2,2,1,7,2,4,27,12,1,1,0,48,1,37,471,37471,30,2014,"5FPYK1F79EB0","5","F","P","Y","K","1","F","7","9","E","B","0",0,0,0,"000000000","00000000000",0,0,0,1,0,0,0,0,0,0,0,998,0,0,0,12,6,2,12,0,0,0,1,48,75154,6,1,0,0,3,0,999,999,0,0,0,0,0,0,0,0,0,3,0,0,0,0,3,3,65,1,1,8,1,0,0,1,50,99,1,1,20,"777777777777","777777777777","777777777777",0,0
48,480282,1,1,1,7,2,4,1,25,0,1,0,48,0,6,43,6043,4,2010,"1C3CC4FB8AN1","1","C","3","C","C","4","F","B","8","A","N","1",0,0,0,"000000000","00000000000",0,0,0,1,0,0,0,0,0,0,0,998,0,1,3,98,6,2,25,0,0,0,1,48,75104,6,1,0,0,3,0,999,999,0,0,0,0,0,0,0,0,0,0,0,0,0,0,3,2,60,1,1,8,1,0,0,1,12,99,1,4,6,"777777777777","777777777777","777777777777",1,1
48,480283,1,1,1,7,2,21,5,19,0,1,0,48,2,34,34,34034,2,2000,"WBABM5345YJN","W","B","A","B","M","5","3","4","5","Y","J","N",0,0,0,"000000000","00000000000",0,0,0,1,0,0,0,0,0,0,0,998,0,0,0,12,6,2,2,0,0,1,1,48,76114,0,0,0,0,0,0,67,158,0,0,0,0,0,0,0,0,0,5,0,0,0,0,5,5,40,1,1,8,1,0,0,1,13,6,1,4,6,"777777777777","777777777777","777777777777",1,0
48,480284,1,1,1,7,2,7,2,32,0,1,0,48,2,23,481,23481,31,2014,"3GTU2UEC2EG1","3","G","T","U","2","U","E","C","2","E","G","1",0,0,0,"000000000","00000000000",0,0,0,1,0,0,0,0,0,0,0,998,0,1,5,12,6,2,32,0,0,0,1,48,77461,6,1,0,0,3,0,69,210,0,0,0,0,0,0,0,0,0,0,0,0,0,0,1,2,55,1,1,8,1,0,0,1,13,99,1,4,1,"777777777777","777777777777","777777777777",1,1
48,480285,1,1,1,7,2,1,58,42,0,1,0,48,2,19,20,19020,6,2008,"1GYEE6371801","1","G","Y","E","E","6","3","7","1","8","0","1",0,0,0,"000000000","00000000000",0,0,0,1,0,0,0,0,0,0,0,998,0,0,0,61,6,2,42,0,0,0,1,48,75437,1,1,0,0,2,3,999,999,2,2,0,2,0,11,2011,8,2015,4,0,0,0,0,1,2,55,1,1,8,1,20,3,1,13,99,1,4,1,"777777777777","777777777777","777777777777",1,0
48,480286,1,1,1,7,2,22,32,1,0,1,0,48,1,19,21,19021,4,2006,"1G6DW6775601","1","G","6","D","W","6","7","7","5","6","0","1",0,0,0,"000000000","00000000000",0,0,0,1,0,0,0,0,0,0,0,998,0,2,5,0,6,2,1,0,0,0,1,48,75683,1,1,0,0,2,0,999,999,0,5,0,0,0,3,2014,5,2015,4,58,0,0,0,1,2,55,3,2,8,1,0,0,14,6,6,4,4,7,"777777777777","777777777777","777777777777",1,1
48,480287,1,1,2,7,2,3,56,42,0,1,0,48,1,20,20,20020,4,1997,"2G1WL52M0V92","2","G","1","W","L","5","2","M","0","V","9","2",0,0,0,"000000000","00000000000",0,0,0,1,0,0,0,0,0,0,0,998,0,1,5,12,6,2,42,0,0,0,1,48,75791,6,1,0,0,3,3,999,999,0,0,0,1,0,10,2014,10,2014,0,91,0,0,0,1,2,55,1,1,8,1,0,0,1,13,99,1,4,1,"777777777777","777777777777","777777777777",1,1
48,480288,1,1,1,7,2,23,50,41,0,1,0,48,1,23,481,23481,31,2000,"2GTEK19T9Y12","2","G","T","E","K","1","9","T","9","Y","1","2",0,0,0,"000000000","00000000000",0,0,0,1,0,0,0,0,0,0,0,998,0,0,0,12,6,2,41,0,0,0,1,48,75702,6,1,0,0,3,3,999,999,0,0,0,0,0,0,0,0,0,0,0,0,0,0,4,2,35,1,1,8,1,0,0,1,12,99,1,4,6,"777777777777","777777777777","777777777777",1,0
48,480289,1,2,1,8,2,18,33,12,6,1,0,48,2,6,52,6052,6,2003,"3C4FY48B63T6","3","C","4","F","Y","4","8","B","6","3","T","6",0,0,0,"000000000","00000000000",0,0,0,1,0,0,0,0,0,0,0,998,0,0,0,9,6,2,12,0,0,0,1,48,75901,0,0,0,0,0,0,999,999,0,0,0,0,0,0,0,0,0,0,38,0,0,0,1,2,98,8,8,8,1,20,3,11,15,99,1,1,82,"777777777777","777777777777","777777777777",1,1
48,480289,2,2,1,8,2,18,33,12,6,1,0,48,0,19,3,19003,4,1985,"1G6DW6980F97","1","G","6","D","W","6","9","8","0","F","9","7",0,0,0,"000000000","00000000000",0,0,0,1,0,0,0,0,0,0,0,998,0,0,0,12,6,2,12,0,0,0,1,48,75901,6,1,0,0,3,0,999,999,1,4,0,2,2,11,2011,6,2015,0,0,0,0,0,5,5,50,1,3,8,1,0,0,1,67,8,1,1,83,"777777777777","777777777777","777777777777",0,0
48,480290,1,2,1,8,2,15,40,12,6,1,0,93,2,87,881,87881,66,2000,"1XP5DB9X5YD5","1","X","P","5","D","B","9","X","5","Y","D","5",1,1,57,"52767","5752767",3,6,3,1,0,0,0,0,0,0,0,998,0,0,0,12,4,5,12,0,0,0,1,48,78543,6,1,6,0,3,3,999,999,0,0,0,0,0,0,0,0,0,0,0,0,0,0,1,2,60,1,1,8,1,0,0,1,62,99,1,1,66,"1TTF48201720","777777777777","777777777777",0,0
48,480290,2,2,2,8,2,15,40,12,6,1,0,48,2,37,31,37031,4,1999,"2HGEJ6617XH5","2","H","G","E","J","6","6","1","7","X","H","5",0,0,0,"000000000","00000000000",0,0,0,1,0,0,0,0,0,0,0,998,0,0,0,3,6,2,12,0,0,0,1,48,78640,0,0,0,0,0,0,999,999,0,0,0,0,0,0,0,0,0,0,35,58,91,0,1,2,60,1,1,8,1,0,0,6,10,6,2,6,66,"777777777777","777777777777","777777777777",1,1
48,480291,1,1,2,8,2,20,48,8,0,1,0,48,2,24,9,24009,4,2007,"1G8ZS57N27F2","1","G","8","Z","S","5","7","N","2","7","F","2",0,0,0,"000000000","00000000000",0,0,0,1,0,0,0,0,0,0,0,998,0,0,0,1,2,3,8,0,0,0,1,48,75043,6,1,0,0,3,0,999,999,1,0,0,5,1,6,2011,11,2014,0,0,0,0,0,3,4,70,1,2,8,1,0,0,1,80,99,1,1,13,"777777777777","777777777777","777777777777",0,0
48,480294,1,2,1,8,2,7,10,12,6,1,0,48,1,20,481,20481,31,2014,"3GCUKREC1EG4","3","G","C","U","K","R","E","C","1","E","G","4",0,0,0,"000000000","00000000000",0,0,0,1,0,0,0,0,0,0,0,998,0,0,0,12,6,2,12,0,0,0,1,48,78387,6,1,6,0,3,0,999,999,0,0,0,1,1,6,2013,10,2014,0,39,0,0,0,1,2,98,8,8,8,1,20,3,1,17,99,1,1,88,"777777777777","777777777777","777777777777",0,0
48,480294,2,2,3,8,2,7,10,12,6,1,0,48,2,20,421,20421,15,2008,"2GCEC13J7812","2","G","C","E","C","1","3","J","7","8","1","2",0,0,0,"000000000","00000000000",0,0,0,1,0,0,0,0,0,0,0,998,0,0,0,61,6,2,2,0,0,1,1,48,78387,6,1,0,0,3,3,999,999,0,0,0,0,0,0,0,0,0,0,0,0,0,0,1,2,60,1,1,8,1,0,0,1,66,99,1,1,89,"777777777777","777777777777","777777777777",1,0
48,480295,1,1,2,8,2,2,23,46,0,1,0,22,1,21,20,21020,4,1993,"1G3AM55N7P63","1","G","3","A","M","5","5","N","7","P","6","3",0,0,0,"000000000","00000000000",0,0,0,1,0,0,0,0,0,0,0,998,0,0,0,12,6,2,46,0,0,0,1,22,71118,6,1,0,0,3,0,71,250,0,0,0,0,1,9,2014,9,2014,0,0,0,0,0,2,4,35,1,1,8,1,0,0,1,12,99,1,4,6,"777777777777","777777777777","777777777777",1,0
48,480296,1,1,1,9,2,0,24,1,0,1,0,48,3,84,881,84881,66,2007,"2HSCEAPR47C3","2","H","S","C","E","A","P","R","4","7","C","3",1,1,57,"2347480","572347480",3,6,2,1,0,0,0,0,0,0,0,998,0,2,5,0,6,2,1,0,0,0,1,48,76950,6,1,6,1,3,0,999,999,0,0,0,1,0,7,2014,7,2014,4,58,41,0,0,1,2,55,3,1,8,1,0,0,14,6,6,2,4,2,"3M9H5TA28CG0","777777777777","777777777777",1,0
48,480297,1,2,1,9,2,9,23,12,1,1,0,93,3,87,881,87881,66,2005,"1XP5DB9X45N8","1","X","P","5","D","B","9","X","4","5","N","8",1,1,57,"11429","5711429",3,6,2,1,0,0,0,0,0,0,0,998,0,0,0,6,2,5,12,0,0,0,1,48,79045,6,1,6,1,3,0,999,999,0,0,0,0,0,0,0,0,0,0,0,0,0,0,2,2,65,1,1,8,1,0,0,10,16,1,1,1,27,"1PMS14222L10","777777777777","777777777777",0,0
48,480297,2,2,6,9,2,9,23,12,1,1,0,48,2,18,2,18002,4,2003,"1G4HP52K8341","1","G","4","H","P","5","2","K","8","3","4","1",0,0,0,"000000000","00000000000",0,0,0,1,0,0,0,0,0,0,0,998,0,0,0,12,6,2,12,0,0,0,1,48,79256,1,1,0,0,2,0,999,999,0,1,0,0,0,6,2011,6,2011,5,0,0,0,0,2,2,65,1,1,8,1,0,0,1,52,99,1,1,24,"777777777777","777777777777","777777777777",3,0
48,480298,1,1,1,9,2,10,26,8,0,1,0,48,0,49,32,49032,4,2006,"1NXBR30E26Z6","1","N","X","B","R","3","0","E","2","6","Z","6",0,0,0,"000000000","00000000000",0,0,0,1,0,0,0,0,0,0,0,998,0,0,0,12,6,2,8,0,0,0,1,5,75473,6,1,0,0,3,0,72,185,0,3,0,0,0,3,2011,4,2012,0,91,0,0,0,1,2,40,1,1,8,1,0,0,1,13,99,1,4,1,"777777777777","777777777777","777777777777",0,1
48,480299,1,1,1,9,2,12,6,42,0,1,0,48,1,20,481,20481,31,2013,"1GCRCSE00DZ3","1","G","C","R","C","S","E","0","0","D","Z","3",0,0,0,"000000000","00000000000",0,0,0,1,0,0,0,0,0,0,0,998,0,0,0,12,6,2,42,0,0,0,1,48,77872,6,1,6,0,3,0,999,999,0,0,0,0,0,0,0,0,0,4,0,0,0,0,1,2,70,1,1,8,1,0,0,1,8,99,1,4,6,"777777777777","777777777777","777777777777",1,0
48,480300,1,2,1,9,2,9,5,12,6,1,0,48,0,20,23,20023,6,2009,"3GNCA23B39S5","3","G","N","C","A","2","3","B","3","9","S","5",0,0,0,"000000000","00000000000",0,0,0,1,0,0,0,0,0,0,0,998,0,0,0,12,6,2,12,0,0,0,1,48,77803,1,1,0,0,2,3,999,999,0,6,0,1,0,2,2011,11,2015,0,51,0,0,0,1,2,70,1,1,8,1,0,0,1,54,99,1,2,66,"777777777777","777777777777","777777777777",1,0
48,480300,2,2,1,9,2,9,5,12,6,1,0,48,2,87,881,87881,66,1989,"1XP5DB9X9KD2","1","X","P","5","D","B","9","X","9","K","D","2",1,1,57,"1960575","571960575",3,6,8,1,0,0,0,0,0,0,0,998,0,1,5,9,6,2,12,0,0,0,1,48,76577,6,1,6,0,3,3,999,999,0,0,0,1,2,10,2013,3,2015,0,0,0,0,0,1,2,70,1,1,8,1,0,0,1,54,7,1,1,66,"5MC51542X9P0","777777777777","777777777777",0,0
48,480301,1,2,1,9,2,19,20,26,0,1,0,48,1,18,2,18002,4,2003,"1G4HP52KX3U1","1","G","4","H","P","5","2","K","X","3","U","1",0,0,0,"000000000","00000000000",0,0,0,1,0,0,0,0,0,0,0,998,0,0,0,12,8,5,12,0,0,0,1,48,79107,0,0,0,0,0,0,999,999,0,0,0,0,0,0,0,0,0,2,0,0,0,0,1,4,35,3,3,2,1,0,0,14,6,99,4,4,7,"777777777777","777777777777","777777777777",1,0
48,480301,2,2,2,9,2,19,20,26,0,1,0,48,1,37,31,37031,4,2013,"19XFB2F85DE0","1","9","X","F","B","2","F","8","5","D","E","0",0,0,0,"000000000","00000000000",0,0,0,1,0,0,0,0,0,0,0,998,0,0,0,12,2,5,12,0,0,0,1,48,79102,6,1,0,0,3,0,999,999,0,0,0,0,0,0,0,0,0,0,0,0,0,0,1,4,35,2,3,2,1,0,0,14,62,99,1,1,98,"777777777777","777777777777","777777777777",0,0
48,480302,1,1,1,9,2,21,8,23,0,1,0,48,1,49,401,49401,14,2003,"JTEZT17R1300","J","T","E","Z","T","1","7","R","1","3","0","0",0,0,0,"000000000","00000000000",0,0,0,1,0,0,0,0,0,0,0,998,0,0,0,12,6,2,23,0,0,0,1,48,78209,6,1,0,0,3,0,999,999,0,0,0,0,0,0,0,0,0,0,39,0,0,0,4,2,35,1,2,8,1,3,3,1,14,99,1,4,14,"777777777777","777777777777","777777777777",1,0
48,480303,1,3,1,10,2,12,19,12,6,1,0,48,1,72,706,72706,80,2013,"1HD1KBM19DB6","1","H","D","1","K","B","M","1","9","D","B","6",0,0,0,"000000000","00000000000",0,0,0,1,0,0,0,0,0,0,0,998,0,0,0,98,8,2,12,32,0,0,1,48,76542,6,1,0,0,3,0,999,999,0,0,0,1,0,1,2014,1,2014,0,39,0,0,0,5,5,99,1,1,2,1,3,3,1,17,16,2,1,88,"777777777777","777777777777","777777777777",1,0
48,480303,2,3,1,10,2,12,19,12,6,1,0,48,1,58,37,58037,2,2013,"JN1CV6EL8DM9","J","N","1","C","V","6","E","L","8","D","M","9",0,0,0,"000000000","00000000000",0,0,0,1,0,0,0,0,0,0,0,998,0,0,0,9,6,2,12,0,0,0,1,48,76548,6,1,0,0,3,0,999,999,0,0,0,0,0,0,0,0,0,0,0,0,0,0,4,3,45,1,1,2,1,3,3,1,66,99,1,1,89,"777777777777","777777777777","777777777777",0,0
48,480303,3,3,3,10,2,12,19,12,6,1,0,48,2,18,401,18401,14,2005,"3G5DA03E45S5","3","G","5","D","A","0","3","E","4","5","S","5",0,0,0,"000000000","00000000000",0,0,0,1,0,0,0,0,0,0,0,998,0,0,0,12,6,2,12,0,0,0,1,48,76550,6,1,0,0,3,3,999,999,1,0,0,0,0,2,2011,2,2011,0,0,0,0,0,4,3,45,1,1,2,1,3,3,1,66,99,1,1,98,"777777777777","777777777777","777777777777",0,0
48,480304,1,1,2,10,2,20,26,34,0,1,0,48,0,19,18,19018,4,2006,"1G6DM57T9601","1","G","6","D","M","5","7","T","9","6","0","1",0,0,0,"000000000","00000000000",0,0,0,1,0,0,0,0,0,0,0,998,0,1,5,98,6,2,1,0,0,0,1,48,76504,6,1,0,0,3,0,999,999,0,0,0,0,0,0,0,0,0,4,0,0,0,0,1,2,65,1,2,8,1,0,0,1,10,7,9,4,2,"777777777777","777777777777","777777777777",1,0
48,480305,1,1,2,10,2,13,3,30,0,1,0,48,2,23,401,23401,14,2004,"1GKES16S0462","1","G","K","E","S","1","6","S","0","4","6","2",0,0,0,"000000000","00000000000",0,0,0,1,0,0,0,0,0,0,0,998,0,1,5,3,6,2,30,0,0,0,1,48,75217,0,0,0,0,0,0,999,999,0,0,0,0,0,0,0,0,0,3,0,0,0,0,1,2,30,1,1,8,1,0,0,1,6,99,4,4,7,"777777777777","777777777777","777777777777",1,0
48,480306,1,3,1,10,2,10,15,12,1,1,0,99,9,63,402,63402,14,2013,"5XYKWDA75EG5","5","X","Y","K","W","D","A","7","5","E","G","5",0,0,0,"000000000","00000000000",0,0,0,1,0,0,0,0,0,0,0,998,0,0,0,12,6,2,12,0,0,0,1,35,88011,6,1,0,0,3,0,999,999,0,0,0,0,0,0,0,0,0,0,0,0,0,0,3,2,75,1,1,8,1,0,0,1,51,99,1,1,24,"777777777777","777777777777","777777777777",0,0
48,480306,2,3,3,10,2,10,15,12,1,1,0,35,1,37,402,37402,14,2013,"5J6RM4H55DL0","5","J","6","R","M","4","H","5","5","D","L","0",0,0,0,"000000000","00000000000",0,0,0,1,0,0,0,0,0,0,0,998,0,0,0,6,6,2,12,0,0,0,1,35,88005,6,1,0,0,3,3,68,175,98,0,0,0,0,0,0,0,0,0,0,0,0,0,3,2,75,1,1,8,1,0,0,1,53,99,1,1,25,"777777777777","777777777777","777777777777",2,0
48,480306,3,3,1,10,2,10,15,12,1,1,0,27,1,7,482,7482,31,2005,"3D7LS38CX5G7","3","D","7","L","S","3","8","C","X","5","G","7",0,0,0,"000000000","00000000000",0,0,0,1,0,0,0,0,0,0,0,0,0,0,0,6,6,2,12,0,0,0,1,27,56362,6,1,0,0,3,3,999,999,0,0,0,0,0,0,0,0,0,0,0,0,0,0,3,2,75,1,1,8,1,0,0,5,53,1,1,1,98,"777777777777","777777777777","777777777777",0,0
48,480307,1,2,1,10,2,13,55,12,6,1,0,48,1,49,482,49482,31,2012,"5TFEM5F14CX0","5","T","F","E","M","5","F","1","4","C","X","0",0,0,0,"000000000","00000000000",0,0,0,1,0,0,0,0,0,0,0,998,0,0,0,12,2,3,12,0,0,0,1,48,77386,6,1,0,0,3,0,999,999,0,0,0,0,0,0,0,0,0,0,0,0,0,0,2,2,40,1,1,1,1,3,3,11,63,99,1,1,68,"777777777777","777777777777","777777777777",0,0
48,480307,2,2,3,10,2,13,55,12,6,1,0,48,3,35,402,35402,14,2002,"5N1MD28T42C5","5","N","1","M","D","2","8","T","4","2","C","5",0,0,0,"000000000","00000000000",0,0,0,1,0,0,0,0,0,0,0,998,0,0,0,9,6,2,12,0,0,0,1,48,75227,0,0,0,0,0,0,999,999,0,4,1,0,0,4,2014,9,2015,0,39,0,0,0,2,2,40,1,1,1,1,3,3,1,17,99,1,1,69,"777777777777","777777777777","777777777777",1,0
48,480308,1,1,1,10,2,0,1,8,0,1,0,48,0,98,983,98983,52,2012,"5FYD5KV05CB0","5","F","Y","D","5","K","V","0","5","C","B","0",0,0,99,"999999999","99999999999",3,21,22,1,0,0,0,0,6,3,0,998,0,0,0,12,0,5,8,0,0,0,1,48,78759,6,1,6,1,3,3,999,999,0,0,0,0,0,0,0,0,0,0,0,0,0,0,2,2,35,1,1,8,1,0,0,1,80,99,1,1,13,"777777777777","777777777777","777777777777",0,0
48,480309,1,2,1,10,2,17,56,12,1,1,0,48,1,72,706,72706,80,2015,"1HD1LL316FC4","1","H","D","1","L","L","3","1","6","F","C","4",0,0,0,"000000000","00000000000",0,0,0,1,0,0,0,0,0,0,0,998,0,0,0,6,8,2,12,32,0,0,1,48,76310,6,1,0,0,3,0,69,222,0,0,0,0,0,0,0,0,0,0,0,0,0,0,2,2,75,1,1,8,1,0,0,1,53,99,1,1,25,"777777777777","777777777777","777777777777",1,0
48,480309,2,2,1,10,2,17,56,12,1,1,0,39,3,82,881,82881,66,2012,"1FUJGLBG1CSB","1","F","U","J","G","L","B","G","1","C","S","B",1,1,57,"120699","57120699",3,6,2,1,0,0,0,0,0,0,0,998,0,0,0,12,2,3,12,0,0,0,1,48,76078,6,1,6,1,3,0,999,999,1,2,0,0,0,2,2011,10,2013,5,0,0,0,0,2,2,75,1,1,8,1,0,0,1,51,99,1,1,24,"UNV642401","777777777777","777777777777",0,0
48,480310,1,1,1,11,2,13,10,1,0,1,0,48,0,37,705,37705,80,2001,"JH2PC213X1M2","J","H","2","P","C","2","1","3","X","1","M","2",0,0,0,"000000000","00000000000",0,0,0,1,0,0,0,0,0,0,0,998,0,0,0,0,2,3,1,0,0,0,1,48,78121,1,1,0,0,2,0,999,999,0,11,0,0,0,3,2012,12,2015,0,0,0,0,0,1,4,45,1,2,8,1,0,0,1,9,99,9,1,98,"777777777777","777777777777","777777777777",1,0
48,480311,1,1,1,11,2,10,57,25,0,1,0,48,2,12,17,12017,4,2003,"1FAFP59U83A1","1","F","A","F","P","5","9","U","8","3","A","1",0,0,0,"000000000","00000000000",0,0,0,1,0,0,0,0,0,0,0,998,0,0,0,12,6,2,25,0,0,0,1,48,75013,0,0,0,0,0,0,999,999,0,0,0,0,0,0,0,0,0,0,0,0,0,0,3,3,70,1,2,8,1,0,0,1,12,99,1,4,6,"777777777777","777777777777","777777777777",1,1
48,480312,1,1,1,11,2,21,16,8,0,1,0,48,1,7,26,7026,4,2013,"1C3CDZCGXDN5","1","C","3","C","D","Z","C","G","X","D","N","5",0,0,0,"000000000","00000000000",0,0,0,1,0,0,0,0,0,0,0,998,0,0,0,12,2,3,8,0,0,0,1,48,75042,6,1,0,0,3,3,999,999,0,1,0,0,2,5,2011,7,2011,0,0,0,0,0,2,4,40,1,1,8,1,0,0,1,80,99,1,1,13,"777777777777","777777777777","777777777777",0,0