"STATE","ST_CASE","VEH_NO","VE_FORMS","NUMOCCS","DAY","MONTH","HOUR","MINUTE","HARM_EV","MAN_COLL","UNITTYPE","HIT_RUN","REG_STAT","OWNER","MAKE","MODEL","MAK_MOD","BODY_TYP","MOD_YEAR","VIN","VIN_1","VIN_2","VIN_3","VIN_4","VIN_5","VIN_6","VIN_7","VIN_8","VIN_9","VIN_10","VIN_11","VIN_12","TOW_VEH","J_KNIFE","MCARR_I1","MCARR_I2","MCARR_ID","GVWR","V_CONFIG","CARGO_BT","HAZ_INV","HAZ_PLAC","HAZ_ID","HAZ_CNO","HAZ_REL","BUS_USE","SPEC_USE","EMER_USE","TRAV_SP","UNDERIDE","ROLLOVER","ROLINLOC","IMPACT1","DEFORMED","TOWED","M_HARM","VEH_SC1","VEH_SC2","FIRE_EXP","DR_PRES","L_STATE","DR_ZIP","L_STATUS","L_TYPE","CDL_STAT","L_ENDORS","L_COMPL","L_RESTRI","DR_HGT","DR_WGT","PREV_ACC","PREV_SUS","PREV_DWI","PREV_SPD","PREV_OTH","FIRST_MO","FIRST_YR","LAST_MO","LAST_YR","SPEEDREL","DR_SF1","DR_SF2","DR_SF3","DR_SF4","VTRAFWAY","VNUM_LAN","VSPD_LIM","VALIGN","VPROFILE","VPAVETYP","VSURCOND","VTRAFCON","VTCONT_F","P_CRASH1","P_CRASH2","P_CRASH3","PCRASH4","PCRASH5","ACC_TYPE","TRLR1VIN","TRLR2VIN","TRLR3VIN","DEATHS","DR_DRINK"
48,480421,2,2,2,20,2,2,12,12,2,1,0,48,2,7,481,7481,31,1992,"1B7GE16XXNS6","1","B","7","G","E","1","6","X","X","N","S","6",0,0,0,"000000000","00000000000",0,0,0,1,0,0,0,0,0,0,0,998,0,0,0,12,6,2,12,0,0,0,1,48,78550,0,0,0,0,0,0,999,999,0,0,0,0,0,0,0,0,0,0,0,0,0,0,4,3,60,1,1,8,1,0,0,1,54,99,1,1,52,"777777777777","777777777777","777777777777",1,0
48,480422,1,1,2,20,2,0,56,53,0,1,0,48,2,30,40,30040,4,2000,"3VWSE29M3YM1","3","V","W","S","E","2","9","M","3","Y","M","1",0,0,0,"000000000","00000000000",0,0,0,1,0,0,0,0,0,0,0,998,0,0,0,98,6,2,42,0,0,0,1,48,75060,1,1,0,0,2,0,71,178,2,18,0,1,1,12,2011,12,2015,4,0,0,0,0,1,4,35,3,1,8,1,0,0,14,6,99,3,4,2,"777777777777","777777777777","777777777777",1,1
48,480423,1,2,2,20,2,12,40,12,1,1,0,48,1,37,706,37706,80,2005,"1HFSC55035A1","1","H","F","S","C","5","5","0","3","5","A","1",0,0,0,"000000000","00000000000",0,0,0,1,0,0,0,0,0,0,0,998,0,0,0,12,8,2,12,0,0,0,1,48,77351,6,1,0,0,2,0,999,999,0,0,0,1,1,10,2015,10,2015,0,91,0,0,0,5,5,75,1,1,8,1,0,0,1,51,99,1,1,24,"777777777777","777777777777","777777777777",1,1
48,480423,2,2,2,20,2,12,40,12,1,1,0,48,2,49,40,49040,4,2014,"4T1BF1FK6EU7","4","T","1","B","F","1","F","K","6","E","U","7",0,0,0,"000000000","00000000000",0,0,0,1,0,0,0,0,0,0,0,998,0,0,0,6,2,5,12,0,0,0,1,48,75862,6,1,0,0,3,3,999,999,1,0,0,0,0,2,2015,2,2015,0,0,0,0,0,5,5,75,1,1,8,1,0,0,1,53,99,1,1,25,"777777777777","777777777777","777777777777",0,0
48,480424,1,1,2,21,2,17,52,18,0,1,0,48,1,72,706,72706,80,2014,"1HD1KEL19EB6","1","H","D","1","K","E","L","1","9","E","B","6",0,0,0,"000000000","00000000000",0,0,0,1,0,0,0,0,0,0,0,998,0,0,0,98,6,2,1,0,0,0,1,48,78223,6,1,0,0,3,3,999,999,0,0,0,0,0,0,0,0,0,0,0,0,0,0,6,2,98,2,1,8,1,0,0,14,90,99,1,1,12,"777777777777","777777777777","777777777777",1,0
48,480425,1,2,1,21,2,18,38,12,7,1,0,48,1,7,482,7482,31,2009,"1D3HV13T19S7","1","D","3","H","V","1","3","T","1","9","S","7",1,1,0,"000000000","00000000000",0,0,0,1,0,0,0,0,0,0,0,998,0,0,0,2,6,2,12,0,0,0,1,48,77581,6,1,0,0,3,3,999,999,0,0,0,1,0,5,2011,5,2011,0,27,36,0,0,2,2,75,3,1,8,2,0,0,14,61,99,1,1,45,"1L8FAHHP7BA0","777777777777","777777777777",0,0
48,480425,2,2,1,21,2,18,38,12,7,1,0,48,2,7,482,7482,31,2004,"1D7KU28D64J1","1","D","7","K","U","2","8","D","6","4","J","1",0,0,0,"000000000","00000000000",0,0,0,1,0,0,0,0,0,0,0,998,0,0,0,11,6,2,12,0,0,0,1,48,77845,6,1,0,0,3,0,999,999,0,0,0,1,0,2,2016,2,2016,0,0,0,0,0,2,2,75,3,1,8,2,0,0,15,10,99,1,2,47,"777777777777","777777777777","777777777777",0,0
48,480426,1,1,1,21,2,5,15,8,0,1,0,48,1,37,31,37031,2,2008,"2HGFG21538H7","2","H","G","F","G","2","1","5","3","8","H","7",0,0,0,"000000000","00000000000",0,0,0,1,0,0,0,0,0,0,0,998,0,0,0,12,2,3,8,0,0,0,1,48,77095,6,1,0,0,3,0,999,999,0,1,0,2,0,2,2011,4,2013,0,0,0,0,0,5,5,45,1,1,8,1,0,0,1,80,99,1,1,13,"777777777777","777777777777","777777777777",0,0
48,480427,1,2,1,21,2,23,6,12,1,1,0,48,1,42,42,42042,4,2009,"WDDGF54X69R0","W","D","D","G","F","5","4","X","6","9","R","0",0,0,0,"000000000","00000000000",0,0,0,1,0,0,0,0,0,0,0,998,0,0,0,12,6,2,12,0,0,0,1,48,77586,6,1,0,0,3,0,999,999,0,0,0,0,2,4,2015,9,2015,0,0,0,0,0,3,7,60,1,1,1,1,0,0,1,50,99,1,1,32,"777777777777","777777777777","777777777777",0,0
48,480427,2,2,1,21,2,23,6,12,1,1,0,48,2,54,38,54038,3,2006,"JH4DC53066S0","J","H","4","D","C","5","3","0","6","6","S","0",0,0,0,"000000000","00000000000",0,0,0,1,0,0,0,0,0,0,0,0,0,0,0,6,6,2,12,0,0,0,1,48,77072,6,1,0,0,3,3,999,999,0,1,0,1,1,3,2013,4,2014,0,0,0,0,0,3,7,60,1,1,1,1,0,0,5,53,1,1,1,32,"777777777777","777777777777","777777777777",1,0
48,480428,1,1,1,21,2,6,30,8,0,1,1,99,9,99,999,99999,99,9999,"999999999999","9","9","9","9","9","9","9","9","9","9","9","9",0,0,99,"999999999","99999999999",9,99,99,1,0,0,0,0,99,99,9,999,0,0,0,12,2,5,8,99,99,0,1,99,99999,9,9,99,9,9,9,999,999,99,99,99,99,99,99,9999,99,9999,9,99,99,99,99,2,6,98,8,8,8,98,3,3,98,13,99,1,4,1,"777777777777","777777777777","777777777777",0,0
48,480429,1,2,1,21,2,6,42,12,1,1,0,48,1,20,481,20481,31,1991,"2GCEC19K7M11","2","G","C","E","C","1","9","K","7","M","1","1",0,0,0,"000000000","00000000000",0,0,0,1,0,0,0,0,0,0,0,998,0,0,0,12,6,2,12,0,0,0,1,48,77038,0,0,0,0,0,0,999,999,0,0,0,0,0,0,0,0,0,0,0,0,0,0,3,4,35,1,1,1,1,0,0,1,50,99,1,1,20,"777777777777","777777777777","777777777777",1,0
48,480429,2,2,1,21,2,6,42,12,1,1,0,48,1,20,482,20482,31,2005,"3GNEK12Z05G1","3","G","N","E","K","1","2","Z","0","5","G","1",0,0,0,"000000000","00000000000",0,0,0,1,0,0,0,0,0,0,0,0,0,0,0,6,6,2,12,0,0,0,1,48,77093,0,0,0,0,0,0,999,999,0,0,0,0,0,0,0,0,0,0,0,0,0,0,3,4,35,1,1,1,1,0,0,5,53,1,1,1,21,"777777777777","777777777777","777777777777",0,0
48,480430,1,2,1,21,2,19,26,12,11,1,0,12,3,82,881,82881,66,2013,"3AKJGLDR4DSB","3","A","K","J","G","L","D","R","4","D","S","B",1,1,57,"1408348","571408348",3,6,1,1,0,0,0,0,0,0,0,998,0,0,0,12,6,2,12,0,0,0,1,12,33331,6,1,6,0,3,0,71,999,0,0,0,0,4,2,2013,4,2015,0,0,0,0,0,3,2,80,1,1,8,2,0,0,15,98,16,2,2,98,"1UYVS2538DM5","777777777777","777777777777",0,0
48,480430,2,2,1,21,2,19,26,12,11,1,0,48,1,12,481,12481,31,2003,"1FTRW07L73KB","1","F","T","R","W","0","7","L","7","3","K","B",0,0,0,"000000000","00000000000",0,0,0,1,0,0,0,0,0,0,0,0,0,0,0,14,8,2,12,0,0,0,1,48,79761,6,1,0,0,3,0,999,999,0,0,0,0,0,0,0,0,0,0,54,0,0,0,3,2,80,1,1,8,2,0,0,7,53,1,1,1,98,"777777777777","777777777777","777777777777",1,0
48,480431,1,2,2,21,1,13,55,12,8,1,0,4,5,42,36,42036,2,1986,"WDBBA48D8GA0","W","D","B","B","A","4","8","D","8","G","A","0",0,0,0,"000000000","00000000000",0,0,0,1,0,0,0,0,0,0,0,998,0,0,0,3,6,2,12,0,0,0,1,48,79563,0,0,0,0,0,0,999,999,0,0,0,0,0,0,0,0,0,0,91,37,51,0,3,2,80,1,1,8,1,0,0,1,54,7,1,1,66,"777777777777","777777777777","777777777777",1,0
48,480431,2,2,1,21,1,13,55,12,8,1,0,93,3,51,881,51881,66,2016,"4V4NC9EH2GN9","4","V","4","N","C","9","E","H","2","G","N","9",1,1,57,"2584862","572584862",3,6,1,1,0,0,0,0,0,0,0,998,0,1,3,3,6,2,12,0,0,0,1,48,79907,6,1,6,0,3,0,999,999,0,0,0,0,0,0,0,0,0,0,0,0,0,0,3,2,80,1,1,8,1,0,0,1,54,6,1,1,66,"1DW1A5323GB6","777777777777","777777777777",0,0
48,480432,1,1,4,23,1,1,30,1,0,1,0,48,1,20,481,20481,31,2013,"3GCPCSE09DG2","3","G","C","P","C","S","E","0","9","D","G","2",0,0,0,"000000000","00000000000",0,0,0,1,0,0,0,0,0,0,0,998,0,2,5,0,6,2,1,0,0,0,1,48,78213,6,1,0,0,3,0,999,999,1,0,0,3,0,1,2014,6,2015,0,28,0,0,0,3,2,80,3,1,8,1,0,0,1,13,1,1,4,1,"777777777777","777777777777","777777777777",1,0
48,480433,1,1,1,1,2,6,5,57,0,1,0,48,1,35,47,35047,4,2006,"1N4BL11D86C1","1","N","4","B","L","1","1","D","8","6","C","1",0,0,0,"000000000","00000000000",0,0,0,1,0,0,0,0,0,0,0,998,0,0,0,98,6,2,57,0,0,0,1,48,75043,1,1,0,0,2,0,69,267,0,4,0,1,0,5,2012,10,2014,5,28,0,0,0,3,2,65,1,1,8,1,0,0,1,6,99,3,4,2,"777777777777","777777777777","777777777777",1,0
48,480434,1,2,1,2,2,13,49,12,6,1,0,48,1,23,422,23422,15,2015,"1GKS1HKC9FR6","1","G","K","S","1","H","K","C","9","F","R","6",0,0,0,"000000000","00000000000",0,0,0,1,0,0,0,0,0,0,0,998,0,0,0,12,2,3,12,0,0,0,1,48,78572,6,1,0,0,3,0,999,999,0,0,0,0,0,0,0,0,0,0,39,0,0,0,1,4,30,1,1,8,1,3,3,1,17,99,1,1,86,"777777777777","777777777777","777777777777",0,0
48,480434,2,2,3,2,2,13,49,12,6,1,0,48,2,6,52,6052,6,2003,"3C4FY48B13T5","3","C","4","F","Y","4","8","B","1","3","T","5",0,0,0,"000000000","00000000000",0,0,0,1,0,0,0,0,0,0,0,998,0,0,0,3,6,2,12,0,0,0,1,48,78501,0,0,0,0,0,0,999,999,0,0,0,0,0,0,0,0,0,0,0,0,0,0,4,3,98,8,8,8,98,3,3,1,66,99,1,1,87,"777777777777","777777777777","777777777777",1,0
48,480435,1,1,2,6,2,14,32,1,0,1,0,0,0,98,734,98734,90,9999,"888888888888","8","8","8","8","8","8","8","8","8","8","8","8",0,0,0,"000000000","00000000000",0,0,0,1,0,0,0,0,0,0,0,998,0,1,5,0,8,5,1,0,0,0,1,48,77575,0,0,0,0,1,0,999,999,0,0,0,0,0,0,0,0,0,0,0,0,0,0,1,2,35,1,1,8,1,0,0,1,12,99,1,4,6,"777777777777","777777777777","777777777777",1,0
48,480436,1,1,3,7,2,2,31,44,0,1,0,48,1,48,47,48047,4,2015,"JF1VA1F60F98","J","F","1","V","A","1","F","6","0","F","9","8",0,0,0,"000000000","00000000000",0,0,0,1,0,0,0,0,0,0,0,135,0,1,5,0,6,2,1,0,0,0,1,48,75068,6,1,0,0,3,3,999,999,0,0,0,0,0,0,0,0,0,3,37,0,0,0,1,2,98,1,3,8,11,0,0,1,98,99,1,1,0,"777777777777","777777777777","777777777777",1,0
48,480437,1,1,1,7,2,5,58,25,0,1,0,48,0,24,2,24002,2,1998,"1G8ZF1281WZ2","1","G","8","Z","F","1","2","8","1","W","Z","2",0,0,0,"000000000","00000000000",0,0,0,1,0,0,0,0,0,0,0,998,0,1,3,81,6,2,25,0,0,0,1,48,75052,6,1,0,0,3,0,59,168,0,0,0,0,0,0,0,0,0,0,0,0,0,0,3,2,70,3,1,8,1,0,0,14,13,99,1,4,1,"777777777777","777777777777","777777777777",1,1
48,480438,1,2,1,8,2,10,53,1,0,1,0,48,2,7,482,7482,40,2001,"1B7HF16Y31S2","1","B","7","H","F","1","6","Y","3","1","S","2",0,0,0,"000000000","00000000000",0,0,0,1,0,0,0,0,0,0,0,998,0,0,0,12,6,2,12,0,0,0,1,48,77511,6,1,0,0,3,3,999,999,0,0,0,1,0,7,2015,7,2015,0,38,0,0,0,1,2,98,8,8,8,1,20,3,11,15,99,1,1,98,"777777777777","777777777777","777777777777",0,0
48,480438,2,2,1,8,2,10,53,1,0,1,0,48,2,72,706,72706,80,2011,"1HD1JN512BB0","1","H","D","1","J","N","5","1","2","B","B","0",0,0,0,"000000000","00000000000",0,0,0,1,0,0,0,0,0,0,0,998,0,0,0,0,6,2,12,0,0,0,1,48,77511,1,1,0,0,2,0,999,999,0,0,0,1,0,9,2012,9,2012,0,0,0,0,0,1,2,40,1,1,2,1,0,0,1,67,98,2,1,98,"777777777777","777777777777","777777777777",1,0
48,480439,1,3,1,11,2,10,54,12,11,1,0,93,3,86,881,86881,66,2013,"1M1AW02Y1DM0","1","M","1","A","W","0","2","Y","1","D","M","0",1,1,57,"101263","57101263",3,6,2,2,2,1977,2,2,0,0,0,998,0,1,1,14,6,2,1,0,0,0,1,48,76033,6,1,6,1,3,3,999,999,2,0,0,0,0,6,2014,7,2014,0,0,0,0,0,1,2,75,1,2,8,1,0,0,1,62,7,1,1,66,"759521","777777777777","777777777777",0,0
48,480439,2,3,1,11,2,10,54,12,11,1,0,48,1,12,23,12023,4,2015,"3FA6P0G79FR2","3","F","A","6","P","0","G","7","9","F","R","2",0,0,0,"000000000","00000000000",0,0,0,1,0,0,0,0,0,0,0,998,0,0,0,12,6,2,12,0,0,0,1,48,76802,6,1,0,0,3,3,999,999,0,0,0,3,0,3,2013,12,2015,0,28,0,0,0,1,2,75,1,2,8,1,0,0,1,10,99,1,2,66,"777777777777","777777777777","777777777777",1,0
48,480439,3,3,1,11,2,10,54,12,11,1,0,48,1,49,45,49045,2,2001,"JTDAT123X101","J","T","D","A","T","1","2","3","X","1","0","1",0,0,0,"000000000","00000000000",0,0,0,1,0,0,0,0,0,0,0,998,0,0,0,12,2,5,54,0,0,0,1,48,76401,1,1,0,0,2,0,999,999,0,16,0,1,1,4,2011,6,2015,0,89,0,0,0,1,2,75,1,2,8,1,0,0,1,98,99,1,1,98,"777777777777","777777777777","777777777777",0,0
48,480440,1,2,1,11,2,11,15,12,6,1,0,31,3,87,884,87884,66,2016,"1XPBD49X5GD3","1","X","P","B","D","4","9","X","5","G","D","3",1,1,57,"53467","5753467",3,6,1,1,0,0,0,0,0,0,0,998,0,0,0,9,2,3,12,0,0,0,1,48,75051,6,1,6,0,3,3,999,999,1,0,0,0,0,11,2012,11,2012,0,0,0,0,0,8,3,98,8,8,8,1,3,3,1,66,99,1,1,89,"1JJV532w97L0","777777777777","777777777777",0,0
48,480440,2,2,2,11,2,11,15,12,6,1,0,48,1,20,481,20481,31,1960,"0C144K117133","0","C","1","4","4","K","1","1","7","1","3","3",0,0,0,"000000000","00000000000",0,0,0,1,0,0,0,0,0,0,0,998,0,0,0,12,6,2,12,0,0,0,1,48,75165,6,1,0,0,3,0,65,141,0,0,0,0,0,0,0,0,0,0,39,0,0,0,4,3,45,1,1,8,1,3,3,1,17,1,1,1,88,"777777777777","777777777777","777777777777",2,0
48,480441,1,2,1,11,2,8,35,72,0,1,0,48,3,12,481,12481,31,2015,"1FT8X3DT7FEA","1","F","T","8","X","3","D","T","7","F","E","A",0,0,0,"000000000","00000000000",0,0,0,1,0,0,0,0,0,0,0,998,0,1,1,12,6,2,12,0,0,0,1,48,79065,6,1,0,0,3,3,999,999,0,0,0,0,1,3,2014,3,2014,0,0,0,0,0,1,2,75,3,2,8,1,0,0,14,62,7,1,1,98,"777777777777","777777777777","777777777777",1,0
48,480441,2,2,1,11,2,8,35,72,0,1,0,40,3,87,881,87881,66,1990,"1XP5DB9X9LN2","1","X","P","5","D","B","9","X","9","L","N","2",1,1,57,"1297462","571297462",3,6,2,1,0,0,0,0,0,0,0,998,0,9,1,0,2,3,1,0,0,0,1,40,73750,6,1,6,0,3,0,71,237,0,0,0,0,0,0,0,0,0,0,51,0,0,0,1,2,75,2,2,8,1,0,0,14,10,7,9,2,0,"1C9A1A2B5RS0","777777777777","777777777777",0,0
48,480442,1,2,1,12,2,23,57,12,1,1,0,48,2,20,2,20002,4,2008,"2G1WB58KX812","2","G","1","W","B","5","8","K","X","8","1","2",0,0,0,"000000000","00000000000",0,0,0,1,0,0,0,0,0,0,0,998,0,1,2,12,6,2,12,0,0,1,1,48,77015,6,1,0,0,3,0,999,999,0,0,0,1,1,6,2013,7,2013,5,0,0,0,0,3,4,60,1,1,1,1,0,0,15,51,99,1,2,32,"777777777777","777777777777","777777777777",1,1
48,480442,2,2,1,12,2,23,57,12,1,1,0,93,2,82,881,82881,66,2008,"1FUJA6CK48DZ","1","F","U","J","A","6","C","K","4","8","D","Z",1,1,57,"236068","57236068",3,6,2,1,0,0,0,0,0,0,0,998,0,0,0,6,2,5,12,0,0,0,1,48,77017,6,1,6,0,3,3,999,999,1,0,0,0,0,3,2011,3,2011,0,0,0,0,0,3,4,60,1,1,1,1,0,0,1,53,99,1,1,32,"1S9AB15B07H4","777777777777","777777777777",0,0
48,480443,1,2,1,12,2,9,42,12,7,1,0,48,1,12,481,12481,31,2004,"1FTRX12W94NB","1","F","T","R","X","1","2","W","9","4","N","B",0,0,0,"000000000","00000000000",0,0,0,1,0,0,0,0,0,0,0,998,0,1,5,63,6,2,12,0,0,0,1,48,78572,6,1,0,0,3,0,999,999,2,0,0,2,0,3,2014,3,2015,0,34,0,0,0,5,5,55,2,1,8,1,0,0,6,10,99,1,2,47,"777777777777","777777777777","777777777777",1,0
48,480443,2,2,1,12,2,9,42,12,7,1,0,93,2,82,881,82881,66,2001,"1FUJBBCK47PW","1","F","U","J","B","B","C","K","4","7","P","W",0,0,99,"999999999","99999999999",3,5,96,1,0,0,0,0,0,0,0,998,0,0,0,82,2,5,12,0,0,0,1,48,78501,6,1,6,0,3,0,999,999,0,0,0,0,3,3,2015,4,2015,0,0,0,0,0,5,5,55,2,1,8,1,0,0,14,61,99,1,1,45,"777777777777","777777777777","777777777777",0,0
48,480444,1,2,1,12,2,7,9,12,2,1,0,48,1,84,881,84881,66,1999,"2HSFMAMRXXC0","2","H","S","F","M","A","M","R","X","X","C","0",1,1,57,"333724","57333724",3,6,4,1,0,0,0,0,0,0,0,998,0,0,0,12,6,2,12,0,0,0,1,48,79347,6,1,6,0,3,0,999,999,0,0,0,0,2,8,2012,5,2014,0,0,0,0,0,1,2,70,1,1,8,1,0,0,1,62,99,1,1,51,"1L01C3825811","777777777777","777777777777",0,0
48,480444,2,2,1,12,2,7,9,12,2,1,0,48,3,23,421,23421,15,2001,"1GKEC13T81R2","1","G","K","E","C","1","3","T","8","1","R","2",0,0,0,"000000000","00000000000",0,0,0,1,0,0,0,0,0,0,0,998,0,0,0,12,6,2,12,0,0,0,1,48,78045,6,1,0,0,3,0,999,999,0,0,0,0,0,0,0,0,0,0,51,0,0,0,1,2,70,1,1,8,1,0,0,1,10,99,1,2,50,"777777777777","777777777777","777777777777",1,0
48,480445,1,1,1,13,2,5,52,14,0,1,0,48,3,12,481,12481,31,2014,"1FTMF1CM6EKE","1","F","T","M","F","1","C","M","6","E","K","E",0,0,0,"000000000","00000000000",0,0,0,1,0,0,0,0,0,0,0,998,0,0,0,12,6,2,14,0,0,0,1,48,77449,6,1,0,0,3,0,999,999,0,0,0,0,0,0,0,0,0,0,0,0,0,0,3,2,75,1,1,8,1,0,0,1,11,1,1,4,11,"777777777777","777777777777","777777777777",1,1
48,480446,1,2,1,13,2,10,31,12,6,1,0,48,1,12,402,12402,14,2016,"1FMCU0G75GUB","1","F","M","C","U","0","G","7","5","G","U","B",0,0,0,"000000000","00000000000",0,0,0,1,0,0,0,0,0,0,0,998,0,0,0,1,6,2,12,0,0,0,1,48,78719,6,1,0,0,3,3,999,999,0,0,0,0,0,0,0,0,0,0,38,0,0,0,2,3,65,1,1,8,1,0,0,11,15,99,1,1,68,"777777777777","777777777777","777777777777",0,0
48,480446,2,2,2,13,2,10,31,12,6,1,0,48,1,20,37,20037,4,2008,"1G1ZG57BX8F2","1","G","1","Z","G","5","7","B","X","8","F","2",0,0,0,"000000000","00000000000",0,0,0,1,0,0,0,0,0,0,0,998,0,0,0,12,6,2,12,0,0,0,1,48,78644,6,1,0,0,3,0,999,999,0,0,0,0,0,0,0,0,0,0,0,0,0,0,2,2,65,1,1,8,1,0,0,1,62,99,1,1,69,"777777777777","777777777777","777777777777",1,0
48,480447,1,1,6,13,2,21,30,1,0,1,0,48,2,20,422,20422,15,2004,"3GNEC16Z24G2","3","G","N","E","C","1","6","Z","2","4","G","2",0,0,0,"000000000","00000000000",0,0,0,1,0,0,0,0,0,0,0,998,0,1,5,0,6,2,1,0,0,0,1,48,78559,0,0,0,0,0,0,999,999,0,0,0,0,0,0,0,0,0,0,52,58,0,0,3,2,75,1,1,8,1,0,0,1,13,7,3,4,2,"777777777777","777777777777","777777777777",2,0
48,480448,1,2,2,15,2,7,35,12,2,1,0,93,3,12,880,12880,67,2015,"1FD0W5HT3FEA","1","F","D","0","W","5","H","T","3","F","E","A",0,0,57,"2464990","572464990",2,1,97,1,0,0,0,0,0,0,0,998,0,0,0,12,4,5,12,0,0,0,1,48,79761,0,0,0,0,0,0,999,999,0,5,0,1,0,3,2012,12,2015,3,51,0,0,0,1,2,40,1,1,8,1,0,0,1,10,99,1,2,50,"777777777777","777777777777","777777777777",0,0
48,480448,2,2,3,15,2,7,35,12,2,1,0,48,2,22,403,22403,14,2008,"2CKDL33F6860","2","C","K","D","L","3","3","F","6","8","6","0",0,0,0,"000000000","00000000000",0,0,0,1,0,0,0,0,0,0,0,998,0,0,0,12,6,2,12,0,0,0,1,48,79763,6,1,0,0,3,3,999,999,0,1,0,0,0,3,2011,3,2011,0,0,0,0,0,1,2,40,1,1,8,1,0,0,1,62,99,1,1,51,"777777777777","777777777777","777777777777",1,0
48,480449,1,2,1,15,2,19,50,12,1,1,0,48,2,2,403,2403,14,2012,"1C4HJWEG3CL2","1","C","4","H","J","W","E","G","3","C","L","2",0,0,0,"000000000","00000000000",0,0,0,1,0,0,0,0,0,0,0,998,0,0,0,12,2,3,12,0,0,0,1,48,76384,6,1,0,0,3,0,999,999,1,3,0,6,1,3,2011,7,2015,5,91,39,0,0,2,2,75,1,1,8,1,28,3,1,51,99,1,1,24,"777777777777","777777777777","777777777777",0,0
48,480449,2,2,2,15,2,19,50,12,1,1,0,48,1,35,47,35047,4,2014,"1N4AL3AP2EN2","1","N","4","A","L","3","A","P","2","E","N","2",0,0,0,"000000000","00000000000",0,0,0,1,0,0,0,0,0,0,0,998,0,0,0,6,6,2,12,0,0,0,1,48,79106,1,1,0,0,2,0,999,999,0,11,0,1,3,3,2011,1,2016,0,0,0,0,0,2,2,75,1,1,8,1,28,3,1,53,99,1,1,25,"777777777777","777777777777","777777777777",1,0
48,480450,1,3,1,16,2,13,12,12,7,1,0,48,1,7,482,7482,31,2012,"3C6UD5DL9CG1","3","C","6","U","D","5","D","L","9","C","G","1",0,0,0,"000000000","00000000000",0,0,0,1,0,0,0,0,0,0,0,998,0,0,0,82,2,5,12,0,0,0,1,48,75640,6,1,0,0,3,0,999,999,0,0,0,0,0,0,0,0,0,0,27,0,0,0,5,5,55,1,1,8,1,0,0,15,11,99,1,2,46,"777777777777","777777777777","777777777777",0,0
48,480450,2,3,1,16,2,13,12,12,7,1,0,48,3,7,482,7482,31,1998,"1B7MF3360WJ2","1","B","7","M","F","3","3","6","0","W","J","2",0,0,0,"000000000","00000000000",0,0,0,1,0,0,0,0,0,0,0,998,0,0,0,63,6,2,12,0,0,0,1,48,75650,6,1,0,0,3,0,999,999,0,0,0,1,1,12,2013,3,2014,0,0,0,0,0,5,5,55,1,1,8,1,0,0,1,60,99,1,1,45,"777777777777","777777777777","777777777777",0,0
48,480450,3,3,2,16,2,13,12,12,7,1,0,48,1,24,7,24007,4,2006,"1G8AN18F36Z2","1","G","8","A","N","1","8","F","3","6","Z","2",0,0,0,"000000000","00000000000",0,0,0,1,0,0,0,0,0,0,0,998,0,0,0,12,6,2,12,0,0,0,1,48,75098,6,1,0,0,3,0,999,999,0,0,0,0,0,0,0,0,0,0,0,0,0,0,5,5,55,1,1,8,1,0,0,1,62,99,1,1,98,"777777777777","777777777777","777777777777",1,0
48,480451,1,3,1,16,2,7,31,12,6,1,1,48,1,35,472,35472,30,2011,"1N6AD0ER6BC4","1","N","6","A","D","0","E","R","6","B","C","4",0,0,0,"000000000","00000000000",0,0,0,1,0,0,0,0,0,0,0,998,0,0,0,12,2,3,12,0,0,0,1,48,78596,6,1,0,0,3,3,999,999,0,0,0,2,1,11,2011,12,2015,0,91,38,0,0,1,2,30,1,1,8,2,20,3,1,17,99,1,1,86,"777777777777","777777777777","777777777777",0,0
48,480451,2,3,1,16,2,7,31,12,6,1,0,48,0,12,3,12003,2,2002,"1FAFP40482F1","1","F","A","F","P","4","0","4","8","2","F","1",0,0,0,"000000000","00000000000",0,0,0,1,0,0,0,0,0,0,0,998,0,0,0,5,6,2,12,0,0,0,1,48,78538,6,1,0,0,3,0,999,999,0,0,0,0,0,0,0,0,0,0,0,0,0,0,1,2,98,8,8,8,98,0,0,1,66,99,1,1,87,"777777777777","777777777777","777777777777",1,0
48,480451,3,3,2,16,2,7,31,12,6,1,0,48,2,20,25,20025,4,2014,"1G1PA5SH8E74","1","G","1","P","A","5","S","H","8","E","7","4",0,0,0,"000000000","00000000000",0,0,0,1,0,0,0,0,0,0,0,998,0,0,0,12,6,2,12,0,0,0,1,48,78538,6,1,0,0,3,3,999,999,0,0,0,0,0,0,0,0,0,0,0,0,0,0,1,2,98,8,8,8,98,0,0,1,62,99,1,1,98,"777777777777","777777777777","777777777777",0,0
48,480452,1,1,2,17,2,19,50,8,0,1,0,48,1,20,481,20481,31,2004,"3GNEC12T64G2","3","G","N","E","C","1","2","T","6","4","G","2",0,0,0,"000000000","00000000000",0,0,0,1,0,0,0,0,0,0,0,998,0,0,0,12,6,2,8,0,0,0,1,48,75240,1,1,0,0,2,0,999,999,0,16,0,1,1,9,2011,12,2015,0,0,0,0,0,3,4,65,1,1,8,1,0,0,1,80,99,1,1,13,"777777777777","777777777777","777777777777",0,0