"STATE","ST_CASE","VEH_NO","VE_FORMS","NUMOCCS","DAY","MONTH","HOUR","MINUTE","HARM_EV","MAN_COLL","UNITTYPE","HIT_RUN","REG_STAT","OWNER","MAKE","MODEL","MAK_MOD","BODY_TYP","MOD_YEAR","VIN","VIN_1","VIN_2","VIN_3","VIN_4","VIN_5","VIN_6","VIN_7","VIN_8","VIN_9","VIN_10","VIN_11","VIN_12","TOW_VEH","J_KNIFE","MCARR_I1","MCARR_I2","MCARR_ID","GVWR","V_CONFIG","CARGO_BT","HAZ_INV","HAZ_PLAC","HAZ_ID","HAZ_CNO","HAZ_REL","BUS_USE","SPEC_USE","EMER_USE","TRAV_SP","UNDERIDE","ROLLOVER","ROLINLOC","IMPACT1","DEFORMED","TOWED","M_HARM","VEH_SC1","VEH_SC2","FIRE_EXP","DR_PRES","L_STATE","DR_ZIP","L_STATUS","L_TYPE","CDL_STAT","L_ENDORS","L_COMPL","L_RESTRI","DR_HGT","DR_WGT","PREV_ACC","PREV_SUS","PREV_DWI","PREV_SPD","PREV_OTH","FIRST_MO","FIRST_YR","LAST_MO","LAST_YR","SPEEDREL","DR_SF1","DR_SF2","DR_SF3","DR_SF4","VTRAFWAY","VNUM_LAN","VSPD_LIM","VALIGN","VPROFILE","VPAVETYP","VSURCOND","VTRAFCON","VTCONT_F","P_CRASH1","P_CRASH2","P_CRASH3","PCRASH4","PCRASH5","ACC_TYPE","TRLR1VIN","TRLR2VIN","TRLR3VIN","DEATHS","DR_DRINK"
48,480453,1,1,1,18,2,9,1,42,0,1,0,48,2,2,404,2404,14,1998,"1J4FX58SXWC3","1","J","4","F","X","5","8","S","X","W","C","3",0,0,0,"000000000","00000000000",0,0,0,1,0,0,0,0,0,0,0,998,0,0,0,98,6,2,42,0,0,0,1,48,76442,6,1,0,0,3,0,999,999,0,0,0,0,0,0,0,0,0,0,99,99,99,99,1,2,75,1,1,8,1,0,0,1,12,99,1,4,6,"777777777777","777777777777","777777777777",1,0
48,480454,1,1,1,18,2,19,41,11,0,1,0,48,2,21,2,21002,4,1998,"1G3HN52K7W48","1","G","3","H","N","5","2","K","7","W","4","8",0,0,0,"000000000","00000000000",0,0,0,1,0,0,0,0,0,0,0,998,0,0,0,12,6,2,11,0,0,0,1,48,76656,6,1,0,0,3,0,999,999,0,0,0,0,0,0,0,0,0,0,0,0,0,0,1,2,70,1,1,8,1,0,0,1,87,99,1,1,13,"777777777777","777777777777","777777777777",1,0
48,480455,1,3,1,18,2,12,10,12,2,1,0,48,1,20,2,20002,4,2012,"2G1WG5E38C12","2","G","1","W","G","5","E","3","8","C","1","2",0,0,0,"000000000","00000000000",0,0,0,1,0,0,0,0,0,0,0,998,0,0,0,12,6,2,12,0,0,0,1,48,77547,0,0,0,0,0,0,999,999,0,1,0,0,0,3,2014,3,2014,3,91,28,0,0,1,2,35,1,2,8,1,0,0,1,10,99,1,2,50,"777777777777","777777777777","777777777777",0,0
48,480455,2,3,1,18,2,12,10,12,2,1,0,48,1,20,461,20461,21,1995,"1GCDG15Z2SF1","1","G","C","D","G","1","5","Z","2","S","F","1",0,0,0,"000000000","00000000000",0,0,0,1,0,0,0,0,0,0,0,998,0,0,0,12,6,2,12,0,0,0,1,48,77029,6,1,0,0,3,0,999,999,0,0,0,0,0,0,0,0,0,0,0,0,0,0,1,2,35,1,2,8,1,0,0,1,62,99,1,1,51,"777777777777","777777777777","777777777777",1,0
48,480455,3,3,1,18,2,12,10,12,2,1,0,48,2,20,481,20481,31,2003,"3GNEC13T63G2","3","G","N","E","C","1","3","T","6","3","G","2",0,0,0,"000000000","00000000000",0,0,0,1,0,0,0,0,0,0,0,998,0,0,0,12,6,2,12,0,0,0,1,48,78584,6,1,6,0,3,3,999,999,0,0,0,0,0,0,0,0,0,0,0,0,0,0,1,2,35,1,2,8,1,0,0,1,52,99,1,1,98,"777777777777","777777777777","777777777777",0,0
48,480456,1,2,1,18,2,14,12,12,6,1,0,48,1,24,401,24401,14,2007,"5GZCZ33D37S8","5","G","Z","C","Z","3","3","D","3","7","S","8",0,0,0,"000000000","00000000000",0,0,0,1,0,0,0,0,0,0,0,998,0,0,0,9,6,2,12,0,0,0,1,48,77306,6,1,0,0,3,3,999,999,0,0,0,0,0,0,0,0,0,0,39,0,0,0,4,2,98,8,8,8,98,20,3,1,17,99,1,1,89,"777777777777","777777777777","777777777777",1,0
48,480456,2,2,1,18,2,14,12,12,6,1,0,48,1,7,482,7482,40,2014,"3C6UR5GJ8EG1","3","C","6","U","R","5","G","J","8","E","G","1",0,0,0,"000000000","00000000000",0,0,0,1,0,0,0,0,0,0,0,998,0,0,0,12,6,2,12,0,0,0,1,48,75850,6,1,0,0,3,0,999,999,0,0,0,0,0,0,0,0,0,0,0,0,0,0,1,2,55,1,1,8,1,20,3,1,66,99,1,1,88,"777777777777","777777777777","777777777777",0,0
48,480457,1,3,1,19,2,7,50,12,6,1,0,48,0,12,481,12481,31,2008,"1FTRF12278KE","1","F","T","R","F","1","2","2","7","8","K","E",0,0,0,"000000000","00000000000",0,0,0,1,0,0,0,0,0,0,0,998,0,1,5,3,6,2,12,0,0,0,1,48,76401,6,1,0,0,3,3,999,999,0,0,0,3,0,10,2013,6,2015,0,39,0,0,0,1,2,98,8,8,8,98,20,3,1,17,99,1,1,87,"777777777777","777777777777","777777777777",1,0
48,480457,2,3,33,19,2,7,50,12,6,1,0,48,3,90,981,90981,50,2001,"1BAANCPAX1F2","1","B","A","A","N","C","P","A","X","1","F","2",0,0,88,"888888888","88888888888",3,21,22,1,0,0,0,0,7,3,0,998,0,1,5,12,6,2,12,0,0,0,1,48,79538,6,1,6,1,3,3,999,999,0,0,0,1,0,3,2011,3,2011,0,0,0,0,0,1,2,75,1,1,8,1,0,0,1,66,99,1,1,86,"777777777777","777777777777","777777777777",0,0
48,480457,3,3,1,19,2,7,50,12,6,1,0,93,1,82,881,82881,66,2010,"1FUJA6CK8ADA","1","F","U","J","A","6","C","K","8","A","D","A",1,1,57,"1029779","571029779",3,6,11,1,0,0,0,0,0,0,0,998,0,0,0,81,2,5,54,0,0,0,1,48,77083,0,0,0,0,0,0,999,999,0,0,0,0,0,0,0,0,0,0,0,0,0,0,1,2,75,1,1,8,1,0,0,1,98,99,1,1,98,"1FUJA6CK8ADA","777777777777","777777777777",0,0
48,480458,1,3,1,19,2,1,10,12,2,1,0,48,2,37,31,37031,4,2008,"1HGFA16528L0","1","H","G","F","A","1","6","5","2","8","L","0",0,0,0,"000000000","00000000000",0,0,0,1,0,0,0,0,0,0,0,998,0,0,0,12,6,2,12,0,0,0,1,48,78666,6,1,0,0,3,0,999,999,1,0,0,1,0,12,2011,2,2015,0,91,51,0,0,3,3,70,1,1,8,1,0,0,1,54,99,1,1,52,"777777777777","777777777777","777777777777",0,1
48,480458,2,3,6,19,2,1,10,12,2,1,0,95,9,12,442,12442,20,2003,"2FMZA55483BB","2","F","M","Z","A","5","5","4","8","3","B","B",0,0,0,"000000000","00000000000",0,0,0,1,0,0,0,0,0,0,0,998,0,1,1,12,6,2,12,0,0,0,1,95,0,9,9,99,9,9,9,999,999,99,99,99,99,99,99,9999,99,9999,0,0,0,0,0,3,3,70,1,1,8,1,0,0,1,54,99,1,1,52,"777777777777","777777777777","777777777777",4,0
48,480458,3,3,1,19,2,1,10,12,2,1,0,48,1,12,481,12481,31,2005,"1FTRX12WX5NB","1","F","T","R","X","1","2","W","X","5","N","B",0,0,0,"000000000","00000000000",0,0,0,1,0,0,0,0,0,0,0,998,0,0,0,12,4,5,12,0,0,0,1,48,78728,6,1,0,0,3,0,999,999,0,0,0,1,0,9,2015,9,2015,0,0,0,0,0,3,3,70,1,1,8,1,0,0,17,50,16,1,1,98,"777777777777","777777777777","777777777777",0,0
48,480459,1,1,1,19,2,16,55,1,0,1,0,48,2,12,481,12481,31,2005,"1FTRW12W55FB","1","F","T","R","W","1","2","W","5","5","F","B",0,0,0,"000000000","00000000000",0,0,0,1,0,0,0,0,0,0,0,998,0,2,5,0,6,2,1,0,0,0,1,48,77414,6,1,0,0,3,3,999,999,0,0,0,1,0,3,2015,3,2015,0,0,0,0,0,2,2,75,1,1,2,1,0,0,1,9,7,2,4,2,"777777777777","777777777777","777777777777",1,0
48,480460,1,2,1,20,2,15,25,12,6,1,0,48,1,23,481,23481,31,2001,"1GTEC14VX1Z2","1","G","T","E","C","1","4","V","X","1","Z","2",0,0,0,"000000000","00000000000",0,0,0,1,0,0,0,0,0,0,0,998,0,0,0,3,6,2,12,0,0,0,1,48,78065,6,1,0,0,3,0,999,999,0,0,0,1,0,3,2012,3,2012,0,58,28,0,0,1,2,70,1,1,8,1,0,0,1,13,6,4,6,66,"777777777777","777777777777","777777777777",1,0
48,480460,2,2,1,20,2,15,25,12,6,1,0,48,1,12,481,12481,31,2001,"1FTRX17W61NA","1","F","T","R","X","1","7","W","6","1","N","A",0,0,0,"000000000","00000000000",0,0,0,1,0,0,0,0,0,0,0,998,0,0,0,12,6,2,12,0,0,0,1,48,78065,6,1,0,0,3,3,999,999,0,0,0,0,0,0,0,0,0,0,0,0,0,0,1,2,70,1,1,8,1,0,0,1,62,99,1,1,66,"777777777777","777777777777","777777777777",0,0
48,480461,1,2,1,20,2,13,5,12,1,1,0,48,3,82,881,82881,66,2006,"1FUJBBCK56PU","1","F","U","J","B","B","C","K","5","6","P","U",0,0,57,"2519446","572519446",3,5,96,1,0,0,0,0,0,0,0,0,0,0,0,6,6,2,12,0,0,0,1,48,75216,6,1,6,0,3,3,999,999,0,0,0,0,1,8,2013,8,2013,0,54,0,0,0,2,3,50,1,2,8,1,0,0,5,53,1,1,1,23,"777777777777","777777777777","777777777777",0,0
48,480461,2,2,1,20,2,13,5,12,1,1,0,48,1,20,401,20401,14,2003,"1GNDT13S5323","1","G","N","D","T","1","3","S","5","3","2","3",0,0,0,"000000000","00000000000",0,0,0,1,0,0,0,0,0,0,0,998,0,0,0,12,6,2,12,0,0,0,1,48,75232,6,1,0,0,3,0,999,999,0,2,0,0,0,8,2011,11,2011,0,0,0,0,0,2,3,50,1,2,8,1,0,0,1,50,99,1,1,20,"777777777777","777777777777","777777777777",1,0
48,480462,1,1,1,20,2,23,20,14,0,1,0,12,4,2,404,2404,14,2016,"1C4PJLDB0GW2","1","C","4","P","J","L","D","B","0","G","W","2",0,0,0,"000000000","00000000000",0,0,0,1,0,0,0,0,0,0,0,998,0,0,0,11,6,2,8,0,0,0,1,48,75149,1,1,0,0,2,0,999,999,1,6,0,3,4,3,2012,12,2015,0,91,0,0,0,3,6,70,1,1,8,1,0,0,1,11,99,1,4,11,"777777777777","777777777777","777777777777",0,1
48,480463,1,1,2,20,2,1,55,1,0,1,0,48,3,20,481,20481,31,2003,"1GCGK13U83F1","1","G","C","G","K","1","3","U","8","3","F","1",0,0,0,"000000000","00000000000",0,0,0,1,0,0,0,0,0,0,0,998,0,2,5,0,6,2,1,0,0,0,1,48,78332,6,1,0,0,3,0,999,999,0,0,0,0,0,0,0,0,0,0,0,0,0,0,1,2,70,1,1,8,1,0,0,1,13,6,4,4,1,"777777777777","777777777777","777777777777",1,0
48,480464,1,2,1,21,2,5,12,12,2,1,0,48,1,20,481,20481,31,1999,"1GCEC14V5XZ1","1","G","C","E","C","1","4","V","5","X","Z","1",0,0,0,"000000000","00000000000",0,0,0,1,0,0,0,0,0,0,0,998,0,0,0,12,6,2,12,0,0,0,1,48,75488,1,1,0,0,2,0,999,999,2,20,0,1,1,3,2011,2,2016,0,0,0,0,0,1,2,55,1,1,8,1,0,0,1,10,99,1,2,50,"777777777777","777777777777","777777777777",1,0
48,480464,2,2,5,21,2,5,12,12,2,1,0,48,2,18,24,18024,6,2008,"5GAER23798J1","5","G","A","E","R","2","3","7","9","8","J","1",0,0,0,"000000000","00000000000",0,0,0,1,0,0,0,0,0,0,0,998,0,0,0,12,6,2,12,0,0,0,1,48,75486,6,1,0,0,3,3,999,999,0,0,0,0,0,0,0,0,0,0,0,0,0,0,1,2,55,1,1,8,1,0,0,1,61,99,1,1,51,"777777777777","777777777777","777777777777",0,0
48,480465,1,1,2,21,2,2,0,33,0,1,0,48,0,20,9,20009,2,2013,"2G1FS1EWXD92","2","G","1","F","S","1","E","W","X","D","9","2",0,0,0,"000000000","00000000000",0,0,0,1,0,0,0,0,0,0,0,998,0,0,0,12,6,2,42,0,0,0,1,48,77085,6,1,0,0,3,3,999,999,0,0,0,0,1,1,2015,1,2015,0,0,0,0,0,4,3,50,1,1,1,1,0,0,1,13,99,1,4,1,"777777777777","777777777777","777777777777",2,0
48,480466,1,1,2,21,2,19,15,25,0,1,0,48,2,12,481,12481,31,2001,"1FTRW07W61KE","1","F","T","R","W","0","7","W","6","1","K","E",0,0,0,"000000000","00000000000",0,0,0,1,0,0,0,0,0,0,0,998,0,0,0,11,2,3,59,0,0,0,1,48,77396,6,1,0,0,3,3,999,999,1,1,0,0,0,9,2013,9,2014,0,0,0,0,0,3,5,65,1,2,8,1,0,0,1,12,99,1,4,6,"777777777777","777777777777","777777777777",1,0
48,480467,1,2,2,21,2,21,46,30,0,1,0,48,2,12,401,12401,14,2003,"1FMZU63K13UA","1","F","M","Z","U","6","3","K","1","3","U","A",0,0,0,"000000000","00000000000",0,0,0,1,0,0,0,0,0,0,0,998,0,0,0,12,6,2,30,0,0,0,1,48,78572,6,1,0,0,3,0,999,999,0,2,0,0,1,4,2012,10,2012,0,51,0,0,0,5,5,55,1,1,8,1,0,0,1,12,99,1,4,6,"777777777777","777777777777","777777777777",1,0
48,480467,2,2,1,21,2,21,46,30,0,1,1,99,9,99,999,99999,99,9999,"999999999999","9","9","9","9","9","9","9","9","9","9","9","9",0,0,99,"999999999","99999999999",9,99,99,1,0,0,0,0,99,99,9,999,0,0,0,99,9,5,54,99,99,0,1,99,99999,9,9,99,9,9,9,999,999,99,99,99,99,99,99,9999,99,9999,9,99,99,99,99,5,5,55,1,1,8,1,0,0,1,64,99,1,1,98,"777777777777","777777777777","777777777777",0,0
48,480468,1,1,1,21,2,0,44,30,0,1,0,48,0,72,706,72706,80,2011,"1HD1KBM12BB6","1","H","D","1","K","B","M","1","2","B","B","6",0,0,0,"000000000","00000000000",0,0,0,1,0,0,0,0,0,0,0,998,0,0,0,98,8,2,30,0,0,0,1,48,79414,6,1,0,0,2,0,999,999,1,0,0,0,0,7,2012,7,2012,0,0,0,0,0,5,7,40,3,1,8,1,0,0,14,13,99,1,4,1,"777777777777","777777777777","777777777777",1,0
48,480470,1,1,5,21,2,0,36,8,0,1,0,48,1,12,401,12401,14,2013,"1FM5K7D84DGB","1","F","M","5","K","7","D","8","4","D","G","B",0,0,0,"000000000","00000000000",0,0,0,1,0,0,0,0,0,0,0,998,0,0,0,12,2,3,8,0,0,0,1,48,78046,6,1,0,0,3,0,999,999,0,0,0,0,0,0,0,0,0,0,0,0,0,0,3,3,60,1,1,8,1,0,0,1,80,99,1,1,13,"777777777777","777777777777","777777777777",0,0
48,480471,1,3,3,21,2,17,25,12,6,1,0,48,2,20,481,20481,31,2001,"2GCEC19T2111","2","G","C","E","C","1","9","T","2","1","1","1",0,0,0,"000000000","00000000000",0,0,0,1,0,0,0,0,0,0,0,998,0,1,1,3,6,2,12,0,0,0,1,48,76458,6,1,0,0,3,3,999,999,1,0,0,1,0,1,2012,3,2012,5,0,0,0,0,1,2,60,1,2,2,2,0,0,1,6,99,9,2,66,"777777777777","777777777777","777777777777",2,0
48,480471,2,3,1,21,2,17,25,12,6,1,0,48,1,37,32,37032,2,2007,"1HGCM72717A0","1","H","G","C","M","7","2","7","1","7","A","0",0,0,0,"000000000","00000000000",0,0,0,1,0,0,0,0,0,0,0,998,0,0,0,12,6,2,12,0,0,0,1,48,76177,6,1,6,0,3,0,999,999,0,0,0,0,0,0,0,0,0,0,0,0,0,0,1,2,60,1,2,2,2,0,0,1,62,1,1,1,66,"777777777777","777777777777","777777777777",0,0
48,480471,3,3,1,21,2,17,25,12,6,1,0,48,2,12,481,12481,31,2011,"1FT7W2BT3BEC","1","F","T","7","W","2","B","T","3","B","E","C",0,0,0,"000000000","00000000000",0,0,0,1,0,0,0,0,0,0,0,998,0,0,0,12,2,3,12,0,0,0,1,48,76082,6,1,0,0,3,0,999,999,0,0,0,1,0,11,2011,11,2011,0,0,0,0,0,1,2,60,1,2,2,2,0,0,1,59,7,1,1,98,"777777777777","777777777777","777777777777",0,0
48,480472,1,2,2,21,2,10,37,12,8,1,0,17,3,85,881,85881,66,2010,"1XKWP4EX8AJ2","1","X","K","W","P","4","E","X","8","A","J","2",2,1,57,"241572","57241572",3,7,3,1,0,0,0,0,0,0,0,998,0,0,0,63,2,5,12,0,0,0,1,48,76082,6,1,6,1,3,3,999,999,0,0,0,0,0,0,0,0,0,0,51,91,0,0,1,2,70,1,1,8,1,0,0,1,54,7,1,1,66,"1L73N26271A1","1TKJ057386M0","777777777777",0,0
48,480472,2,2,1,21,2,10,37,12,8,1,0,48,1,18,2,18002,4,2001,"1G4HP54K71U2","1","G","4","H","P","5","4","K","7","1","U","2",0,0,0,"000000000","00000000000",0,0,0,1,0,0,0,0,0,0,0,998,0,0,0,61,6,2,12,0,0,0,1,48,75686,6,1,0,0,3,3,999,999,1,0,0,0,0,11,2012,11,2012,0,0,0,0,0,1,2,70,1,1,8,1,0,0,1,54,99,1,1,66,"777777777777","777777777777","777777777777",1,0
48,480473,1,1,1,21,2,7,15,32,0,1,0,48,1,49,51,49051,4,2013,"JTDKTUD32DD5","J","T","D","K","T","U","D","3","2","D","D","5",0,0,0,"000000000","00000000000",0,0,0,1,0,0,0,0,0,0,0,998,0,1,1,14,6,2,1,0,0,0,1,48,77351,6,1,0,0,3,0,999,999,0,0,0,0,0,0,0,0,0,0,99,99,99,99,3,2,55,1,1,8,1,0,0,1,13,99,1,4,1,"777777777777","777777777777","777777777777",1,0
48,480474,1,1,1,21,2,10,5,8,0,1,0,48,2,49,402,49402,14,2015,"JTMZFREV4FJ0","J","T","M","Z","F","R","E","V","4","F","J","0",0,0,0,"000000000","00000000000",0,0,0,1,0,0,0,0,0,0,0,998,0,0,0,12,0,5,8,0,0,0,1,48,77901,6,1,0,0,3,0,999,999,0,0,0,0,0,0,0,0,0,0,38,0,0,0,0,0,0,0,0,0,0,0,0,10,16,99,1,1,13,"777777777777","777777777777","777777777777",0,0
48,480475,1,3,1,22,2,6,37,12,6,1,0,48,2,12,481,12481,31,2004,"1FTRW12WX4KB","1","F","T","R","W","1","2","W","X","4","K","B",0,0,0,"000000000","00000000000",0,0,0,1,0,0,0,0,0,0,0,998,0,0,0,12,2,3,12,0,0,0,1,48,77041,0,0,0,0,0,0,999,999,0,0,0,0,0,0,0,0,0,0,48,0,0,0,0,0,0,0,0,0,0,20,3,10,16,99,1,1,78,"777777777777","777777777777","777777777777",0,0
48,480475,2,3,1,22,2,6,37,12,6,1,0,48,0,22,20,22020,2,1998,"1G2WP12K6WF2","1","G","2","W","P","1","2","K","6","W","F","2",0,0,0,"000000000","00000000000",0,0,0,1,0,0,0,0,0,0,0,998,0,0,0,82,6,2,12,0,0,0,1,48,77084,6,1,0,0,3,0,999,999,1,0,0,1,2,6,2011,11,2015,0,0,0,0,0,5,7,45,1,1,8,2,0,0,1,70,99,1,1,79,"777777777777","777777777777","777777777777",1,0
48,480475,3,3,1,22,2,6,37,12,6,1,0,48,3,84,989,84989,50,2010,"4DRBUAAN7AB2","4","D","R","B","U","A","A","N","7","A","B","2",0,0,88,"888888888","88888888888",3,21,22,1,0,0,0,0,1,2,0,998,0,0,0,12,2,5,12,0,0,0,1,48,77084,6,1,6,1,3,3,999,999,1,0,0,0,0,1,2015,1,2015,0,0,0,0,0,5,7,45,1,1,8,2,0,0,15,54,99,1,1,98,"777777777777","777777777777","777777777777",0,0
48,480476,1,2,1,22,2,19,21,8,0,1,0,48,1,20,421,20421,15,2001,"1GNEK13T11R1","1","G","N","E","K","1","3","T","1","1","R","1",0,0,0,"000000000","00000000000",0,0,0,1,0,0,0,0,0,0,0,998,0,0,0,1,2,5,8,0,0,0,1,48,77466,6,1,0,0,3,0,999,999,2,0,0,1,0,4,2012,9,2012,0,0,0,0,0,2,2,60,1,1,2,1,0,0,1,80,99,1,1,13,"777777777777","777777777777","777777777777",0,0
48,480476,2,2,1,22,2,19,21,8,0,1,0,48,1,38,402,38402,14,2001,"4S2CK58W3143","4","S","2","C","K","5","8","W","3","1","4","3",0,0,0,"000000000","00000000000",0,0,0,1,0,0,0,0,0,0,0,998,0,0,0,12,6,2,8,0,0,0,1,48,77423,6,1,0,0,3,0,999,999,0,0,0,0,1,3,2013,3,2013,0,0,0,0,0,2,2,60,1,1,2,1,0,0,1,80,1,1,1,98,"777777777777","777777777777","777777777777",0,0
48,480477,1,2,1,23,2,2,40,25,0,1,0,48,1,7,482,7482,31,1994,"1B7JF26Z0RS5","1","B","7","J","F","2","6","Z","0","R","S","5",0,0,0,"000000000","00000000000",0,0,0,1,0,0,0,0,0,0,0,998,0,0,0,12,6,2,25,0,0,0,1,48,76549,6,1,6,0,3,0,999,999,0,0,0,0,0,0,0,0,0,4,0,0,0,0,3,2,70,1,2,8,6,0,0,1,6,99,5,4,7,"777777777777","777777777777","777777777777",1,0
48,480477,2,2,1,23,2,2,40,25,0,1,0,48,3,82,881,82881,66,2004,"1FUJA6CK84LM","1","F","U","J","A","6","C","K","8","4","L","M",1,3,57,"1780612","571780612",3,6,1,1,0,0,0,0,0,0,0,998,0,0,0,12,6,2,12,0,0,0,1,48,75216,6,1,6,0,3,0,999,999,0,0,0,0,3,4,2011,1,2014,0,0,0,0,0,3,2,70,1,2,8,6,0,0,1,59,99,1,1,98,"1L01A5729611","777777777777","777777777777",0,0
48,480478,1,1,1,23,2,0,2,9,0,1,0,48,3,12,17,12017,4,2013,"1FAHP2M88DG1","1","F","A","H","P","2","M","8","8","D","G","1",0,0,0,"000000000","00000000000",0,0,0,1,0,0,0,0,0,5,6,998,0,0,0,12,6,2,9,0,0,0,1,48,77630,6,1,0,0,3,3,999,999,0,0,0,0,0,0,0,0,0,0,16,0,0,0,4,2,55,1,1,8,1,0,0,1,83,99,1,1,13,"777777777777","777777777777","777777777777",0,0
48,480479,1,1,1,23,2,8,0,1,0,1,0,48,3,20,481,20481,31,2001,"1GCEK14T61E1","1","G","C","E","K","1","4","T","6","1","E","1",0,0,0,"000000000","00000000000",0,0,0,1,0,0,0,0,0,0,0,998,0,9,1,0,6,2,1,0,0,0,1,48,79772,6,1,0,0,3,3,999,999,0,0,0,0,0,0,0,0,0,0,58,0,0,0,1,2,75,1,1,8,1,0,0,1,13,6,5,6,98,"777777777777","777777777777","777777777777",1,0
48,480480,1,1,1,22,2,7,12,38,0,1,0,48,1,12,471,12471,30,2003,"1FTYR11U83TA","1","F","T","Y","R","1","1","U","8","3","T","A",0,0,0,"000000000","00000000000",0,0,0,1,0,0,0,0,0,0,0,998,0,1,6,81,6,2,38,0,0,0,1,48,76180,6,1,0,0,3,0,999,999,1,0,0,0,0,7,2014,7,2014,0,99,99,99,99,1,2,60,1,3,8,2,0,0,1,12,99,9,4,7,"777777777777","777777777777","777777777777",1,0
48,480481,1,1,1,24,2,5,35,9,0,1,0,48,1,42,48,42048,4,2004,"WDBUF65J84A4","W","D","B","U","F","6","5","J","8","4","A","4",0,0,0,"000000000","00000000000",0,0,0,1,0,0,0,0,0,0,0,998,0,0,0,12,2,3,9,0,0,0,1,48,77535,6,1,0,0,3,0,999,999,1,52,0,1,2,5,2011,1,2015,0,0,0,0,0,1,2,40,1,1,8,1,0,0,1,83,99,1,1,13,"777777777777","777777777777","777777777777",0,0
48,480482,1,2,1,24,2,17,0,12,2,1,0,48,2,35,47,35047,4,2005,"1N4AL11D15C1","1","N","4","A","L","1","1","D","1","5","C","1",0,0,0,"000000000","00000000000",0,0,0,1,0,0,0,0,0,0,0,998,0,0,0,12,6,2,12,0,0,0,1,48,75103,6,1,0,0,3,0,999,999,0,0,0,0,0,0,0,0,0,0,51,0,0,0,1,2,75,1,2,8,1,0,0,1,12,7,3,6,52,"777777777777","777777777777","777777777777",1,1
48,480482,2,2,2,24,2,17,0,12,2,1,0,48,1,12,17,12017,4,1999,"1FAFP53U6XG2","1","F","A","F","P","5","3","U","6","X","G","2",0,0,0,"000000000","00000000000",0,0,0,1,0,0,0,0,0,0,0,998,0,0,0,12,6,2,12,0,0,0,1,48,75762,6,1,0,0,3,3,999,999,0,4,0,1,0,2,2011,6,2013,0,51,0,0,0,1,2,75,1,2,8,1,0,0,1,62,99,1,1,52,"777777777777","777777777777","777777777777",1,1
48,480483,1,1,2,25,2,21,18,33,0,1,0,48,2,24,7,24007,4,2006,"1G8AL55F66Z1","1","G","8","A","L","5","5","F","6","6","Z","1",0,0,0,"000000000","00000000000",0,0,0,1,0,0,0,0,0,0,0,998,0,0,0,98,6,2,30,0,0,0,1,48,75071,6,2,0,0,3,3,999,999,0,1,1,4,0,11,2012,1,2015,2,0,0,0,0,4,3,55,1,1,1,1,0,0,1,6,16,3,4,2,"777777777777","777777777777","777777777777",1,1
48,480484,1,1,1,25,2,0,12,30,0,1,0,48,2,35,401,35401,14,2000,"JN8AR07S0YW4","J","N","8","A","R","0","7","S","0","Y","W","4",0,0,0,"000000000","00000000000",0,0,0,1,0,0,0,0,0,0,0,998,0,0,0,9,6,2,30,0,0,1,1,48,75134,0,0,0,0,0,0,66,158,0,0,0,0,0,0,0,0,0,3,37,0,0,0,4,3,45,1,1,8,1,0,0,1,12,7,9,4,2,"777777777777","777777777777","777777777777",1,0
48,480485,1,1,1,25,2,16,46,8,0,1,0,48,2,12,17,12017,4,2000,"1FAFP55U4YA1","1","F","A","F","P","5","5","U","4","Y","A","1",0,0,0,"000000000","00000000000",0,0,0,1,0,0,0,0,0,0,0,998,0,0,0,12,6,2,8,0,0,0,1,48,77017,1,1,0,0,2,0,999,999,0,11,0,1,3,12,2011,12,2015,0,0,0,0,0,5,6,99,1,1,8,1,0,0,1,80,99,1,1,13,"777777777777","777777777777","777777777777",0,0
48,480486,1,1,1,25,2,19,40,52,0,1,0,48,1,20,421,20421,15,2007,"2GCEK13V2711","2","G","C","E","K","1","3","V","2","7","1","1",0,0,0,"000000000","00000000000",0,0,0,1,0,0,0,0,0,0,0,998,0,1,6,12,6,2,52,0,0,0,1,48,75751,6,1,0,0,3,3,999,999,0,0,0,0,0,0,0,0,0,4,0,0,0,0,1,2,70,3,3,8,1,0,0,14,13,99,9,4,1,"777777777777","777777777777","777777777777",1,0
48,480487,1,1,2,26,2,12,34,1,0,1,0,48,1,20,481,20481,31,2003,"1GNEK13Z33R2","1","G","N","E","K","1","3","Z","3","3","R","2",0,0,0,"000000000","00000000000",0,0,0,1,0,0,0,0,0,0,0,998,0,1,5,0,6,2,1,0,0,0,1,48,78102,6,1,0,0,3,3,999,999,3,0,0,1,1,3,2011,9,2014,0,0,0,0,0,2,2,75,2,1,8,1,0,0,14,8,7,9,4,2,"777777777777","777777777777","777777777777",1,0
48,480488,1,1,2,26,2,19,23,8,0,1,0,48,2,37,402,37402,14,2003,"JHLRD78873C0","J","H","L","R","D","7","8","8","7","3","C","0",0,0,0,"000000000","00000000000",0,0,0,1,0,0,0,0,0,0,0,998,0,0,0,12,2,3,8,0,0,0,1,48,76209,6,1,0,0,3,3,999,999,0,0,0,0,0,0,0,0,0,0,0,0,0,0,5,4,50,1,1,8,1,0,0,1,80,99,1,1,13,"777777777777","777777777777","777777777777",0,0
48,480489,1,3,1,26,2,6,0,12,2,1,0,48,2,12,422,12422,15,2002,"1FMRU17L62LA","1","F","M","R","U","1","7","L","6","2","L","A",0,0,0,"000000000","00000000000",0,0,0,1,0,0,0,0,0,0,0,998,0,0,0,12,6,2,12,0,0,0,1,48,77090,0,0,0,0,0,0,999,999,0,0,0,0,0,0,0,0,0,0,28,51,91,0,5,5,40,1,1,8,1,0,0,1,10,99,1,2,50,"777777777777","777777777777","777777777777",0,0