"STATE","ST_CASE","VEH_NO","VE_FORMS","NUMOCCS","DAY","MONTH","HOUR","MINUTE","HARM_EV","MAN_COLL","UNITTYPE","HIT_RUN","REG_STAT","OWNER","MAKE","MODEL","MAK_MOD","BODY_TYP","MOD_YEAR","VIN","VIN_1","VIN_2","VIN_3","VIN_4","VIN_5","VIN_6","VIN_7","VIN_8","VIN_9","VIN_10","VIN_11","VIN_12","TOW_VEH","J_KNIFE","MCARR_I1","MCARR_I2","MCARR_ID","GVWR","V_CONFIG","CARGO_BT","HAZ_INV","HAZ_PLAC","HAZ_ID","HAZ_CNO","HAZ_REL","BUS_USE","SPEC_USE","EMER_USE","TRAV_SP","UNDERIDE","ROLLOVER","ROLINLOC","IMPACT1","DEFORMED","TOWED","M_HARM","VEH_SC1","VEH_SC2","FIRE_EXP","DR_PRES","L_STATE","DR_ZIP","L_STATUS","L_TYPE","CDL_STAT","L_ENDORS","L_COMPL","L_RESTRI","DR_HGT","DR_WGT","PREV_ACC","PREV_SUS","PREV_DWI","PREV_SPD","PREV_OTH","FIRST_MO","FIRST_YR","LAST_MO","LAST_YR","SPEEDREL","DR_SF1","DR_SF2","DR_SF3","DR_SF4","VTRAFWAY","VNUM_LAN","VSPD_LIM","VALIGN","VPROFILE","VPAVETYP","VSURCOND","VTRAFCON","VTCONT_F","P_CRASH1","P_CRASH2","P_CRASH3","PCRASH4","PCRASH5","ACC_TYPE","TRLR1VIN","TRLR2VIN","TRLR3VIN","DEATHS","DR_DRINK"
48,480524,1,2,4,1,3,12,18,12,2,1,0,48,2,20,22,20022,2,2009,"1G1AS18H0972","1","G","1","A","S","1","8","H","0","9","7","2",0,0,0,"000000000","00000000000",0,0,0,1,0,0,0,0,0,0,0,998,0,0,0,12,6,2,12,0,0,0,1,48,78043,4,1,0,0,2,0,999,999,0,1,0,0,0,12,2011,12,2011,0,26,35,0,0,1,2,75,1,1,8,1,0,0,6,54,6,1,4,52,"777777777777","777777777777","777777777777",4,0
48,480524,2,2,1,1,3,12,18,12,2,1,0,93,3,87,881,87881,66,2007,"1XP5DB9X27D6","1","X","P","5","D","B","9","X","2","7","D","6",1,1,57,"1152035","571152035",3,6,3,1,0,0,0,0,0,0,0,998,0,0,0,12,6,2,12,0,0,0,1,48,77373,6,1,6,0,3,0,999,999,2,0,0,4,3,3,2012,1,2015,0,0,0,0,0,1,2,75,1,1,8,1,0,0,1,54,7,1,4,52,"13N1482C2R15","777777777777","777777777777",0,0
48,480525,1,2,1,2,3,19,59,12,6,1,0,48,0,53,706,53706,80,2005,"JS1GW71A7521","J","S","1","G","W","7","1","A","7","5","2","1",0,0,0,"000000000","00000000000",0,0,0,1,0,0,0,0,0,0,0,998,0,0,0,12,6,2,12,0,0,0,1,48,78219,0,0,0,0,0,0,999,999,0,60,0,5,14,3,2011,2,2016,3,0,0,0,0,5,7,40,1,1,8,1,0,0,1,62,99,1,1,69,"777777777777","777777777777","777777777777",1,0
48,480525,2,2,3,2,3,19,59,12,6,1,0,48,2,49,40,49040,4,1999,"4T1BG22K0XU4","4","T","1","B","G","2","2","K","0","X","U","4",0,0,0,"000000000","00000000000",0,0,0,1,0,0,0,0,0,0,0,998,0,0,0,82,6,2,12,0,0,0,1,48,78220,6,1,0,0,3,0,999,999,0,0,0,0,1,2,2012,2,2012,0,38,0,0,0,5,7,40,1,1,8,1,0,0,11,54,99,1,1,68,"777777777777","777777777777","777777777777",0,0
48,480526,1,2,1,2,3,12,24,57,0,1,0,48,2,30,40,30040,4,2002,"3VWSP69M02M0","3","V","W","S","P","6","9","M","0","2","M","0",0,0,0,"000000000","00000000000",0,0,0,1,0,0,0,0,0,0,0,998,0,0,0,82,6,2,57,0,0,0,1,48,77583,1,1,0,0,2,0,69,245,0,3,0,0,1,6,2014,9,2015,4,0,0,0,0,3,2,75,1,1,8,1,0,0,1,12,99,9,4,6,"777777777777","777777777777","777777777777",1,0
48,480526,2,2,1,2,3,12,24,57,0,1,0,48,2,7,462,7462,21,2007,"WD0PE7451751","W","D","0","P","E","7","4","5","1","7","5","1",0,0,0,"000000000","00000000000",0,0,0,1,0,0,0,0,0,0,0,998,0,0,0,12,6,2,12,0,0,0,1,96,77042,9,9,99,9,9,9,999,999,99,99,99,99,99,99,9999,99,9999,0,0,0,0,0,3,2,75,1,1,8,1,0,0,1,59,99,1,1,98,"777777777777","777777777777","777777777777",0,0
48,480527,1,1,99,2,3,3,25,8,0,1,1,48,2,20,16,20016,2,2004,"1G1JC12F2472","1","G","1","J","C","1","2","F","2","4","7","2",0,0,0,"000000000","00000000000",0,0,0,1,0,0,0,0,0,0,0,999,0,0,0,99,2,5,8,0,0,0,1,48,79907,6,1,0,0,3,3,999,999,0,0,0,1,0,6,2013,6,2013,9,91,0,0,0,3,2,60,1,3,8,1,0,0,1,80,99,1,1,13,"777777777777","777777777777","777777777777",0,0
48,480528,1,1,1,2,3,22,7,8,0,1,0,48,1,2,403,2403,14,2014,"1C4BJWDGXEL1","1","C","4","B","J","W","D","G","X","E","L","1",0,0,0,"000000000","00000000000",0,0,0,1,0,0,0,0,0,0,0,998,0,0,0,12,6,2,8,0,0,0,1,48,79912,6,1,0,0,3,3,999,999,0,0,0,3,0,5,2011,3,2013,0,0,0,0,0,2,3,40,1,1,8,1,0,0,1,80,6,1,1,13,"777777777777","777777777777","777777777777",0,0
48,480529,1,1,1,2,3,23,5,58,0,1,0,48,0,73,703,73703,80,2012,"JKAEXMJ12CDA","J","K","A","E","X","M","J","1","2","C","D","A",0,0,0,"000000000","00000000000",0,0,0,1,0,0,0,0,0,0,0,998,0,0,0,98,8,2,58,0,0,0,1,48,77801,6,1,0,0,2,3,999,999,0,0,0,1,0,11,2014,11,2014,4,0,0,0,0,1,2,35,1,1,8,1,0,0,1,6,99,9,4,7,"777777777777","777777777777","777777777777",1,0
48,480530,1,2,1,2,3,7,34,12,1,1,0,48,0,7,482,7482,31,2005,"1D7HA18N15S3","1","D","7","H","A","1","8","N","1","5","S","3",0,0,0,"000000000","00000000000",0,0,0,1,0,0,0,0,0,0,0,998,0,0,0,12,6,2,12,0,0,0,1,48,75847,6,1,0,0,3,0,999,999,0,0,0,0,0,0,0,0,0,5,0,0,0,0,1,2,75,1,1,8,1,0,0,1,50,99,1,1,20,"777777777777","777777777777","777777777777",1,0
48,480530,2,2,1,2,3,7,34,12,1,1,0,48,1,12,481,12481,31,2013,"1FT8W3BT8DEA","1","F","T","8","W","3","B","T","8","D","E","A",0,0,0,"000000000","00000000000",0,0,0,1,0,0,0,0,0,0,0,0,0,0,0,6,6,2,12,0,0,0,1,48,75847,6,1,0,0,3,0,999,999,0,0,0,0,0,0,0,0,0,0,0,0,0,0,1,2,75,1,1,8,1,0,0,5,53,1,1,1,22,"777777777777","777777777777","777777777777",0,0
48,480531,1,2,1,2,3,19,44,12,1,1,0,48,1,37,403,37403,14,2007,"5J6YH17947L0","5","J","6","Y","H","1","7","9","4","7","L","0",0,0,0,"000000000","00000000000",0,0,0,1,0,0,0,0,0,0,0,998,0,1,6,12,6,2,1,0,0,0,1,48,76017,6,1,0,0,3,0,999,999,0,0,0,1,0,1,2014,1,2014,0,0,0,0,0,3,2,70,1,3,8,1,0,0,1,52,99,1,1,28,"777777777777","777777777777","777777777777",1,0
48,480531,2,2,1,2,3,19,44,12,1,1,0,48,2,63,37,63037,6,2015,"5XYKW4A75FG5","5","X","Y","K","W","4","A","7","5","F","G","5",0,0,0,"000000000","00000000000",0,0,0,1,0,0,0,0,0,0,0,998,0,0,0,6,2,3,12,0,0,0,1,48,76140,6,1,0,0,3,3,999,999,0,0,0,1,0,2,2015,2,2015,0,0,0,0,0,3,2,70,1,3,8,1,0,0,2,53,99,1,1,29,"777777777777","777777777777","777777777777",0,0
48,480532,1,1,1,2,3,0,0,38,0,1,0,48,2,7,482,7482,31,2006,"1D7KS28C56J1","1","D","7","K","S","2","8","C","5","6","J","1",0,0,0,"000000000","00000000000",0,0,0,1,0,0,0,0,0,0,0,998,0,1,6,12,6,2,1,0,0,0,1,48,77517,6,1,0,0,3,3,999,999,3,0,0,0,0,10,2011,10,2011,0,39,0,0,0,1,2,55,1,1,8,1,20,3,1,12,99,1,4,6,"777777777777","777777777777","777777777777",1,1
48,480533,1,1,1,2,3,4,33,8,0,1,0,48,1,37,402,37402,14,2008,"JHLRE38738C0","J","H","L","R","E","3","8","7","3","8","C","0",0,0,0,"000000000","00000000000",0,0,0,1,0,0,0,0,0,0,0,998,0,0,0,12,2,3,8,0,0,0,1,48,77474,6,1,0,0,3,3,999,999,0,0,0,0,0,0,0,0,0,0,38,0,0,0,3,2,65,1,1,8,1,0,0,1,80,99,1,1,13,"777777777777","777777777777","777777777777",0,0
48,480534,1,1,99,3,3,22,10,8,0,1,1,99,9,99,999,99999,99,9999,"999999999999","9","9","9","9","9","9","9","9","9","9","9","9",0,0,99,"999999999","99999999999",9,99,99,1,0,0,0,0,99,99,9,999,0,0,0,99,9,5,8,0,0,0,1,99,99999,9,9,99,9,9,9,999,999,99,99,99,99,99,99,9999,99,9999,9,0,0,0,0,3,2,65,1,2,8,1,0,0,1,80,99,1,1,13,"777777777777","777777777777","777777777777",0,0
48,480535,1,2,2,3,3,11,15,12,2,1,0,35,1,49,40,49040,4,1994,"JT2SK12E2R02","J","T","2","S","K","1","2","E","2","R","0","2",0,0,0,"000000000","00000000000",0,0,0,1,0,0,0,0,0,0,0,998,0,0,0,12,6,2,12,0,0,0,1,35,88021,6,1,0,0,3,0,67,150,98,0,0,0,0,0,0,0,0,0,58,0,0,0,1,4,55,1,1,8,1,0,0,1,13,6,9,6,50,"777777777777","777777777777","777777777777",1,0
48,480535,2,2,1,3,3,11,15,12,2,1,0,35,2,12,481,12481,31,1998,"1FTRX07L5WKA","1","F","T","R","X","0","7","L","5","W","K","A",0,0,0,"000000000","00000000000",0,0,0,1,0,0,0,0,0,0,0,998,0,0,0,12,6,2,12,0,0,0,1,35,88021,6,1,0,0,3,0,67,198,98,0,0,0,0,0,0,0,0,0,0,0,0,0,1,4,55,1,1,8,1,0,0,1,62,99,1,1,51,"777777777777","777777777777","777777777777",0,0
48,480536,1,2,1,3,3,6,17,12,6,1,0,48,0,49,32,49032,4,1998,"2T1BR12E0WC0","2","T","1","B","R","1","2","E","0","W","C","0",0,0,0,"000000000","00000000000",0,0,0,1,0,0,0,0,0,0,0,998,0,0,0,3,6,2,12,0,0,0,1,48,77407,6,1,0,0,3,0,999,999,0,0,0,1,0,8,2014,8,2014,0,51,0,0,0,3,3,98,1,3,1,1,0,0,1,9,99,4,4,64,"777777777777","777777777777","777777777777",1,0
48,480536,2,2,1,3,3,6,17,12,6,1,0,48,1,49,32,49032,4,2011,"2T1BU4EE1BC5","2","T","1","B","U","4","E","E","1","B","C","5",0,0,0,"000000000","00000000000",0,0,0,1,0,0,0,0,0,0,0,998,0,0,0,12,6,2,12,0,0,0,1,48,77478,6,1,0,0,3,0,999,999,0,0,0,0,0,0,0,0,0,0,0,0,0,0,3,3,98,1,3,1,1,0,0,1,62,99,1,1,65,"777777777777","777777777777","777777777777",0,0
48,480537,1,1,2,3,3,23,29,10,0,1,0,48,2,12,481,12481,31,2003,"1FTRF17LX3NA","1","F","T","R","F","1","7","L","X","3","N","A",0,0,0,"000000000","00000000000",0,0,0,1,0,0,0,0,0,0,0,998,0,0,0,9,6,2,10,0,0,0,1,48,79065,6,1,0,0,3,0,999,999,0,0,0,0,0,0,0,0,0,0,38,0,0,0,1,2,30,1,1,8,1,65,3,4,90,99,1,1,98,"777777777777","777777777777","777777777777",2,0
48,480538,1,2,1,3,3,20,45,12,2,1,0,48,1,41,54,41054,6,2008,"JM3TB28A4801","J","M","3","T","B","2","8","A","4","8","0","1",0,0,0,"000000000","00000000000",0,0,0,1,0,0,0,0,0,0,0,998,0,0,0,12,6,2,12,0,0,0,1,48,77044,6,1,0,0,3,0,999,999,0,0,0,0,0,0,0,0,0,0,0,0,0,0,1,2,45,1,1,8,1,0,0,1,10,99,1,2,50,"777777777777","777777777777","777777777777",0,0
48,480538,2,2,1,3,3,20,45,12,2,1,0,48,0,63,32,63032,4,2009,"KNADE2436965","K","N","A","D","E","2","4","3","6","9","6","5",0,0,0,"000000000","00000000000",0,0,0,1,0,0,0,0,0,0,0,998,0,0,0,12,6,2,12,0,0,0,1,48,77471,6,1,6,0,3,3,999,999,1,0,0,0,3,3,2011,2,2015,0,28,51,0,0,1,2,45,1,1,8,1,0,0,1,62,99,1,1,51,"777777777777","777777777777","777777777777",1,0
48,480539,1,3,2,4,3,14,1,12,2,1,0,48,1,20,404,20404,14,2013,"2GNALDEK4D61","2","G","N","A","L","D","E","K","4","D","6","1",0,0,0,"000000000","00000000000",0,0,0,1,0,0,0,0,0,0,0,998,0,1,1,12,6,2,12,0,0,0,1,48,78634,6,1,0,0,3,3,999,999,0,0,0,0,0,0,0,0,0,0,28,51,0,0,5,5,65,1,1,8,1,3,3,1,10,99,1,2,50,"777777777777","777777777777","777777777777",2,0
48,480539,2,3,4,4,3,14,1,12,2,1,0,48,1,7,482,7482,31,2012,"1C6RD6NTXCS2","1","C","6","R","D","6","N","T","X","C","S","2",0,0,0,"000000000","00000000000",0,0,0,1,0,0,0,0,0,0,0,998,0,0,0,12,6,2,12,0,0,0,1,48,78613,6,1,0,0,3,3,999,999,0,0,0,0,0,0,0,0,0,0,0,0,0,0,5,5,65,1,1,8,1,3,3,1,62,99,1,1,51,"777777777777","777777777777","777777777777",2,0
48,480539,3,3,1,4,3,14,1,12,2,1,0,48,1,23,402,23402,14,2013,"2GKFLYE34D62","2","G","K","F","L","Y","E","3","4","D","6","2",0,0,0,"000000000","00000000000",0,0,0,1,0,0,0,0,0,0,0,998,0,0,0,12,2,3,12,0,0,0,1,48,78613,6,1,0,0,3,0,999,999,0,0,0,0,0,0,0,0,0,0,0,0,0,0,5,5,65,1,1,8,1,3,3,1,62,1,1,1,98,"777777777777","777777777777","777777777777",0,0
48,480540,1,1,1,4,3,22,56,30,0,1,0,48,0,12,37,12037,4,2001,"1FAFP33P81W1","1","F","A","F","P","3","3","P","8","1","W","1",0,0,0,"000000000","00000000000",0,0,0,1,0,0,0,0,0,0,0,998,0,0,0,8,6,2,30,0,0,0,1,48,78114,6,1,0,0,3,0,999,999,0,1,0,1,0,6,2014,8,2014,0,0,0,0,0,2,2,60,1,1,8,1,0,0,1,13,99,3,4,1,"777777777777","777777777777","777777777777",1,0
48,480541,1,2,1,4,3,18,49,12,2,1,0,48,2,49,472,49472,30,2013,"5TFJU4GN9DX0","5","T","F","J","U","4","G","N","9","D","X","0",0,0,0,"000000000","00000000000",0,0,0,1,0,0,0,0,0,0,0,998,0,0,0,12,6,2,12,0,0,0,1,48,77535,6,1,0,0,3,3,999,999,0,0,0,0,0,0,0,0,0,0,51,0,0,0,1,2,65,1,1,8,1,0,0,1,54,99,1,1,52,"777777777777","777777777777","777777777777",0,0
48,480541,2,2,4,4,3,18,49,12,2,1,0,48,1,21,401,21401,14,1991,"1GHDT13Z6M27","1","G","H","D","T","1","3","Z","6","M","2","7",0,0,0,"000000000","00000000000",0,0,0,1,0,0,0,0,0,0,0,998,0,0,0,12,6,2,12,0,0,0,1,48,77535,6,1,0,0,3,3,999,999,0,0,0,0,0,0,0,0,0,0,0,0,0,0,1,2,65,1,1,8,1,0,0,1,54,99,1,1,52,"777777777777","777777777777","777777777777",1,0
48,480542,1,2,1,4,3,9,35,12,6,1,0,48,2,20,481,20481,31,2001,"2GCEC19T8113","2","G","C","E","C","1","9","T","8","1","1","3",0,0,0,"000000000","00000000000",0,0,0,1,0,0,0,0,0,0,0,998,0,0,0,12,6,2,12,0,0,0,1,48,76444,0,0,0,0,0,0,999,999,0,0,0,0,0,0,0,0,0,0,0,0,0,0,1,2,75,1,3,8,1,0,0,1,10,99,1,2,64,"777777777777","777777777777","777777777777",1,0
48,480542,2,2,1,4,3,9,35,12,6,1,0,48,3,87,884,87884,66,2004,"1XP5DB9X64D8","1","X","P","5","D","B","9","X","6","4","D","8",1,1,57,"2366331","572366331",3,6,3,1,0,0,0,0,0,0,0,998,0,1,5,11,6,2,2,0,0,1,1,48,76444,6,1,6,0,3,0,999,999,0,0,0,1,1,5,2012,11,2014,0,0,0,0,0,1,2,75,1,3,8,1,0,0,1,62,7,1,1,65,"1XP5DB9X64D8","777777777777","777777777777",0,0
48,480543,1,1,1,4,3,20,49,8,0,1,0,48,1,7,442,7442,20,2005,"1D4GP45R55B2","1","D","4","G","P","4","5","R","5","5","B","2",0,0,0,"000000000","00000000000",0,0,0,1,0,0,0,0,0,0,0,998,0,0,0,12,6,2,8,0,0,0,1,48,75438,6,1,0,0,3,3,999,999,0,0,0,0,0,0,0,0,0,0,0,0,0,0,5,3,55,1,1,8,1,0,0,1,80,16,9,1,13,"777777777777","777777777777","777777777777",0,1
48,480544,1,2,1,4,3,22,45,12,2,1,0,48,1,2,407,2407,14,2014,"1C4NJPBA0ED5","1","C","4","N","J","P","B","A","0","E","D","5",0,0,0,"000000000","00000000000",0,0,0,1,0,0,0,0,0,0,0,998,0,0,0,12,6,2,12,0,0,0,1,48,77625,6,1,0,0,3,0,999,999,0,0,0,0,0,0,0,0,0,0,28,0,0,0,1,2,65,1,1,8,1,0,0,1,10,99,1,2,50,"777777777777","777777777777","777777777777",1,1
48,480544,2,2,3,4,3,22,45,12,2,1,0,48,1,7,482,7482,31,2014,"1C6RR6FT1ES3","1","C","6","R","R","6","F","T","1","E","S","3",0,0,0,"000000000","00000000000",0,0,0,1,0,0,0,0,0,0,0,998,0,0,0,12,6,2,12,0,0,0,1,48,77656,6,1,0,0,3,0,999,999,1,0,0,3,1,8,2012,1,2016,0,0,0,0,0,1,2,65,1,1,8,1,0,0,1,62,99,1,1,51,"777777777777","777777777777","777777777777",0,0
48,480545,1,2,1,4,3,4,40,12,6,1,0,48,1,20,481,20481,31,2000,"1GCEC14W5YZ3","1","G","C","E","C","1","4","W","5","Y","Z","3",0,0,0,"000000000","00000000000",0,0,0,1,0,0,0,0,0,0,0,998,0,0,0,3,6,2,12,32,0,0,1,48,77346,0,0,0,0,0,0,999,999,0,0,0,0,0,0,0,0,0,3,28,0,0,0,5,5,45,1,1,8,1,0,0,1,9,99,4,2,64,"777777777777","777777777777","777777777777",0,1
48,480545,2,2,1,4,3,4,40,12,6,1,0,48,1,49,32,49032,4,2003,"1NXBR32E53Z0","1","N","X","B","R","3","2","E","5","3","Z","0",0,0,0,"000000000","00000000000",0,0,0,1,0,0,0,0,0,0,0,998,0,0,0,12,6,2,12,0,0,0,1,48,77346,6,1,0,0,3,0,999,999,0,0,0,0,0,0,0,0,0,0,0,0,0,0,5,5,45,1,1,8,1,0,0,1,62,99,1,1,65,"777777777777","777777777777","777777777777",1,0
48,480546,1,1,1,4,3,20,9,19,0,1,0,48,2,53,705,53705,80,2005,"JS1GR7JA1521","J","S","1","G","R","7","J","A","1","5","2","1",0,0,0,"000000000","00000000000",0,0,0,1,0,0,0,0,0,0,0,998,0,0,0,12,8,2,19,0,0,0,1,48,77373,6,1,0,0,2,0,999,999,0,0,0,1,1,3,2014,11,2014,0,31,52,0,0,1,2,30,1,1,8,1,0,0,4,13,99,1,4,1,"777777777777","777777777777","777777777777",1,0
48,480547,1,1,1,4,3,20,43,8,0,1,0,48,1,6,51,6051,4,2006,"2C3LA53G96H4","2","C","3","L","A","5","3","G","9","6","H","4",0,0,0,"000000000","00000000000",0,0,0,1,0,0,0,0,0,0,0,998,0,0,0,12,2,3,8,0,0,0,1,48,78504,6,1,0,0,3,0,999,999,0,0,0,0,0,0,0,0,0,0,0,0,0,0,5,5,50,1,2,8,1,0,0,1,80,99,1,1,13,"777777777777","777777777777","777777777777",0,0
48,480548,1,2,1,4,3,20,30,12,2,1,0,48,1,12,3,12003,2,2006,"1ZVHT82H8651","1","Z","V","H","T","8","2","H","8","6","5","1",0,0,0,"000000000","00000000000",0,0,0,1,0,0,0,0,0,0,0,998,0,0,0,12,6,2,12,0,0,0,1,48,78009,6,1,6,0,3,0,999,999,1,1,0,0,1,3,2011,11,2014,0,28,51,91,0,1,2,55,1,2,8,1,0,0,1,10,99,1,2,50,"777777777777","777777777777","777777777777",0,0
48,480548,2,2,1,4,3,20,30,12,2,1,0,48,2,72,706,72706,80,2006,"1HD1BZB186Y0","1","H","D","1","B","Z","B","1","8","6","Y","0",0,0,0,"000000000","00000000000",0,0,0,1,0,0,0,0,0,0,0,998,0,0,0,12,6,2,12,0,0,0,1,48,78253,6,1,0,0,3,0,999,999,0,0,0,0,0,0,0,0,0,0,0,0,0,0,1,2,55,1,2,8,1,0,0,1,62,99,1,1,51,"777777777777","777777777777","777777777777",1,0
48,480549,1,1,2,5,3,2,25,8,0,1,0,5,3,12,3,12003,2,2016,"1FA6P8TH4G52","1","F","A","6","P","8","T","H","4","G","5","2",0,0,0,"000000000","00000000000",0,0,0,1,0,0,0,0,0,0,0,998,0,0,0,12,6,2,8,0,0,0,1,45,29420,6,1,0,0,3,0,64,120,0,2,0,3,0,5,2011,6,2015,0,0,0,0,0,3,4,60,1,1,8,1,0,0,1,80,1,1,1,13,"777777777777","777777777777","777777777777",0,0
48,480550,1,2,3,5,3,1,4,12,6,1,0,48,2,37,31,37031,2,1995,"1HGEJ1223SL0","1","H","G","E","J","1","2","2","3","S","L","0",0,0,0,"000000000","00000000000",0,0,0,1,0,0,0,0,0,0,0,998,0,0,0,12,6,2,12,0,0,0,1,48,75042,6,1,0,0,3,0,999,999,0,0,0,0,1,7,2014,7,2014,3,39,0,0,0,5,3,35,1,1,8,1,20,3,1,17,99,2,2,88,"777777777777","777777777777","777777777777",2,1
48,480550,2,2,1,5,3,1,4,12,6,1,0,48,1,49,44,49044,2,2001,"2T1FG28P41C4","2","T","1","F","G","2","8","P","4","1","C","4",0,0,0,"000000000","00000000000",0,0,0,1,0,0,0,0,0,0,0,998,0,0,0,11,6,2,12,0,0,0,1,48,75042,6,1,0,0,3,0,999,999,0,0,0,0,0,0,0,0,0,0,0,0,0,0,1,2,98,8,8,8,98,20,3,1,66,99,1,1,89,"777777777777","777777777777","777777777777",0,0
48,480551,1,1,1,5,3,13,23,42,0,1,0,48,1,6,51,6051,4,2008,"2C3KA43R08H1","2","C","3","K","A","4","3","R","0","8","H","1",0,0,0,"000000000","00000000000",0,0,0,1,0,0,0,0,0,0,0,998,0,0,0,9,6,2,42,0,0,0,1,48,77028,6,7,0,0,3,0,999,999,0,0,0,0,0,0,0,0,0,0,58,0,0,0,1,2,70,1,1,8,1,0,0,1,13,6,2,4,7,"777777777777","777777777777","777777777777",1,0
48,480552,1,2,1,5,3,15,24,12,2,1,0,22,2,76,706,76706,80,2014,"JYARN23E5EA0","J","Y","A","R","N","2","3","E","5","E","A","0",0,0,0,"000000000","00000000000",0,0,0,1,0,0,0,0,0,0,0,998,0,0,0,12,6,2,12,0,0,0,1,22,70508,6,1,6,0,3,3,72,215,0,0,0,1,3,10,2012,11,2015,4,33,0,0,0,5,7,55,1,1,8,1,0,0,6,10,99,1,2,52,"777777777777","777777777777","777777777777",1,0
48,480552,2,2,1,5,3,15,24,12,2,1,0,1,2,35,51,35051,6,2015,"JN8AS5MT9FW6","J","N","8","A","S","5","M","T","9","F","W","6",0,0,0,"000000000","00000000000",0,0,0,1,0,0,0,0,0,0,0,998,0,0,0,12,6,2,12,0,0,0,1,48,77584,6,1,0,0,3,3,999,999,0,0,0,0,0,0,0,0,0,0,0,0,0,0,5,7,55,1,1,8,1,0,0,15,62,7,1,2,52,"777777777777","777777777777","777777777777",0,0
48,480553,1,2,1,5,3,21,17,12,6,1,0,48,1,7,482,7482,31,2003,"3D7MA48623G7","3","D","7","M","A","4","8","6","2","3","G","7",0,0,0,"000000000","00000000000",0,0,0,1,0,0,0,0,0,0,0,998,0,1,1,7,6,2,1,0,0,0,1,48,77879,6,1,0,0,3,0,999,999,0,0,0,1,1,12,2011,10,2015,0,28,0,0,0,1,2,60,3,1,8,1,0,0,14,10,99,1,2,64,"777777777777","777777777777","777777777777",1,1
48,480553,2,2,4,5,3,21,17,12,6,1,0,48,1,20,421,20421,15,2015,"1GNSCAKC2FR6","1","G","N","S","C","A","K","C","2","F","R","6",0,0,0,"000000000","00000000000",0,0,0,1,0,0,0,0,0,0,0,998,0,1,5,12,6,2,12,0,0,0,1,48,78363,6,1,0,0,3,0,999,999,0,0,0,2,1,9,2011,12,2013,0,0,0,0,0,1,2,60,2,1,8,1,0,0,14,62,99,1,1,65,"777777777777","777777777777","777777777777",0,0
48,480554,1,1,5,6,3,0,15,8,0,1,0,48,2,20,421,20421,15,2002,"1GNEC13Z32R2","1","G","N","E","C","1","3","Z","3","2","R","2",0,0,0,"000000000","00000000000",0,0,0,1,0,0,0,0,0,0,0,998,0,0,0,12,8,5,8,0,0,0,1,48,78223,6,1,0,0,3,0,999,999,0,0,0,0,1,9,2013,9,2013,0,0,0,0,0,5,7,35,1,1,8,1,0,0,1,80,1,1,1,13,"777777777777","777777777777","777777777777",0,0
48,480555,1,1,1,6,3,3,39,8,0,1,0,48,1,20,403,20403,14,2006,"1GNDS13S2622","1","G","N","D","S","1","3","S","2","6","2","2",0,0,0,"000000000","00000000000",0,0,0,1,0,0,0,0,0,0,0,998,0,0,0,12,6,2,8,0,0,0,1,48,78227,1,1,0,0,2,0,999,999,0,2,0,1,1,3,2013,8,2015,0,0,0,0,0,5,7,35,1,1,8,1,0,0,1,80,99,1,1,13,"777777777777","777777777777","777777777777",0,0
48,480556,1,1,1,6,3,22,50,8,0,1,0,48,1,30,40,30040,4,2009,"3VWRM71K99M0","3","V","W","R","M","7","1","K","9","9","M","0",0,0,0,"000000000","00000000000",0,0,0,1,0,0,0,0,0,0,0,998,0,0,0,12,6,2,8,0,0,0,1,48,77879,6,1,0,0,3,3,999,999,0,0,0,2,1,5,2014,2,2015,0,0,0,0,0,5,5,70,1,1,8,1,0,0,1,80,99,1,1,13,"777777777777","777777777777","777777777777",0,0
48,480557,1,1,2,6,3,2,30,38,0,1,0,48,1,20,9,20009,2,2010,"2G1FT1EWXA91","2","G","1","F","T","1","E","W","X","A","9","1",0,0,0,"000000000","00000000000",0,0,0,1,0,0,0,0,0,0,0,998,0,0,0,12,6,2,42,0,0,1,1,48,78521,6,1,0,0,3,0,999,999,2,0,0,0,0,3,2014,1,2015,0,37,91,0,0,1,2,35,1,1,8,1,0,0,1,13,99,1,4,1,"777777777777","777777777777","777777777777",1,1
48,480558,1,1,2,6,3,22,35,8,0,1,0,48,1,7,880,7880,67,2007,"3D7ML48C97G7","3","D","7","M","L","4","8","C","9","7","G","7",1,1,88,"888888888","88888888888",2,4,98,1,0,0,0,0,0,0,0,998,0,0,0,12,8,5,8,0,0,0,1,48,75211,6,1,0,0,3,0,999,999,0,0,0,0,0,0,0,0,0,0,0,0,0,0,2,4,35,1,1,8,1,0,0,1,80,99,1,1,13,"000000000000","777777777777","777777777777",0,0
48,480559,1,1,1,6,3,1,7,32,0,1,0,48,2,12,471,12471,30,2001,"1FTYR14EX1PA","1","F","T","Y","R","1","4","E","X","1","P","A",0,0,0,"000000000","00000000000",0,0,0,1,0,0,0,0,0,0,0,998,0,1,5,12,6,2,32,0,0,1,1,48,78938,1,1,0,0,2,0,999,999,0,11,0,2,0,6,2011,2,2016,0,99,99,99,99,1,2,60,1,2,8,1,0,0,1,12,99,1,4,6,"777777777777","777777777777","777777777777",1,1
48,480560,1,1,1,6,3,20,30,33,0,1,0,48,0,72,706,72706,80,2006,"1HD1FBW306Y6","1","H","D","1","F","B","W","3","0","6","Y","6",0,0,0,"000000000","00000000000",0,0,0,1,0,0,0,0,0,0,0,998,0,0,0,98,6,2,33,0,0,0,1,48,77016,0,0,0,0,0,0,999,999,0,11,0,1,1,4,2011,7,2014,0,0,0,0,0,4,3,45,2,1,1,1,0,0,14,12,99,1,4,6,"777777777777","777777777777","777777777777",1,0