"STATE","ST_CASE","VEH_NO","VE_FORMS","NUMOCCS","DAY","MONTH","HOUR","MINUTE","HARM_EV","MAN_COLL","UNITTYPE","HIT_RUN","REG_STAT","OWNER","MAKE","MODEL","MAK_MOD","BODY_TYP","MOD_YEAR","VIN","VIN_1","VIN_2","VIN_3","VIN_4","VIN_5","VIN_6","VIN_7","VIN_8","VIN_9","VIN_10","VIN_11","VIN_12","TOW_VEH","J_KNIFE","MCARR_I1","MCARR_I2","MCARR_ID","GVWR","V_CONFIG","CARGO_BT","HAZ_INV","HAZ_PLAC","HAZ_ID","HAZ_CNO","HAZ_REL","BUS_USE","SPEC_USE","EMER_USE","TRAV_SP","UNDERIDE","ROLLOVER","ROLINLOC","IMPACT1","DEFORMED","TOWED","M_HARM","VEH_SC1","VEH_SC2","FIRE_EXP","DR_PRES","L_STATE","DR_ZIP","L_STATUS","L_TYPE","CDL_STAT","L_ENDORS","L_COMPL","L_RESTRI","DR_HGT","DR_WGT","PREV_ACC","PREV_SUS","PREV_DWI","PREV_SPD","PREV_OTH","FIRST_MO","FIRST_YR","LAST_MO","LAST_YR","SPEEDREL","DR_SF1","DR_SF2","DR_SF3","DR_SF4","VTRAFWAY","VNUM_LAN","VSPD_LIM","VALIGN","VPROFILE","VPAVETYP","VSURCOND","VTRAFCON","VTCONT_F","P_CRASH1","P_CRASH2","P_CRASH3","PCRASH4","PCRASH5","ACC_TYPE","TRLR1VIN","TRLR2VIN","TRLR3VIN","DEATHS","DR_DRINK"
48,480599,1,1,2,27,2,19,6,1,0,1,0,48,1,35,473,35473,31,2006,"1N6BA06A86N5","1","N","6","B","A","0","6","A","8","6","N","5",0,0,0,"000000000","00000000000",0,0,0,1,0,0,0,0,0,0,0,998,0,1,5,0,6,2,1,0,0,0,1,48,76708,6,1,0,0,3,0,999,999,0,0,0,0,0,0,0,0,0,0,0,0,0,0,1,2,55,1,1,8,1,0,0,1,8,1,3,4,2,"777777777777","777777777777","777777777777",1,1
48,480600,1,2,1,29,2,6,30,12,2,1,0,48,0,7,29,7029,4,2015,"1C3CDFBB3FD1","1","C","3","C","D","F","B","B","3","F","D","1",0,0,0,"000000000","00000000000",0,0,0,1,0,0,0,0,0,0,0,998,0,0,0,12,6,2,12,0,0,0,1,48,79930,0,0,0,0,0,0,999,999,0,2,0,1,1,3,2014,8,2015,0,33,0,0,0,1,2,75,1,1,8,1,0,0,6,54,6,1,4,52,"777777777777","777777777777","777777777777",1,0
48,480600,2,2,2,29,2,6,30,12,2,1,0,48,4,20,481,20481,31,2015,"1GC1KUEG0FF5","1","G","C","1","K","U","E","G","0","F","F","5",0,0,0,"000000000","00000000000",0,0,0,1,0,0,0,0,0,0,0,998,0,0,0,12,6,2,12,0,0,0,1,48,79415,6,1,0,0,3,0,999,999,1,0,0,3,0,2,2012,2,2015,0,0,0,0,0,1,2,75,1,1,8,1,0,0,1,54,7,1,4,52,"777777777777","777777777777","777777777777",0,0
48,480601,1,4,3,2,3,7,50,12,8,1,0,48,2,2,1,2001,6,2013,"1C4NJCCB2DD1","1","C","4","N","J","C","C","B","2","D","D","1",0,0,0,"000000000","00000000000",0,0,0,1,0,0,0,0,0,0,0,998,0,0,0,62,6,2,12,0,0,0,1,48,76086,0,0,0,0,0,0,999,999,0,4,0,0,2,3,2014,7,2015,0,51,35,0,0,1,2,70,2,1,8,1,0,0,6,10,99,1,2,64,"777777777777","777777777777","777777777777",1,0
48,480601,2,4,1,2,3,7,50,12,8,1,0,48,3,12,481,12481,31,2011,"1FDUF5HT5BEC","1","F","D","U","F","5","H","T","5","B","E","C",0,0,99,"999999999","99999999999",2,1,98,1,0,0,0,0,0,0,0,998,0,1,5,62,6,2,12,0,0,0,1,48,76008,6,1,0,0,3,3,999,999,0,0,0,0,1,5,2012,5,2012,0,0,0,0,0,1,2,70,3,1,8,1,0,0,14,62,99,1,1,65,"777777777777","777777777777","777777777777",0,0
48,480601,3,4,1,2,3,7,50,12,8,1,0,48,1,20,481,20481,31,2013,"3GCPKTE78DG1","3","G","C","P","K","T","E","7","8","D","G","1",0,0,0,"000000000","00000000000",0,0,0,1,0,0,0,0,0,0,0,998,0,0,0,61,6,2,12,0,0,0,1,48,76033,6,1,0,0,3,0,999,999,0,0,0,0,0,0,0,0,0,0,0,0,0,0,1,2,70,2,1,8,1,0,0,14,62,7,1,2,98,"777777777777","777777777777","777777777777",0,0
48,480601,4,4,1,2,3,7,50,12,8,1,0,48,2,87,884,87884,66,2009,"1XPWD49X79D7","1","X","P","W","D","4","9","X","7","9","D","7",1,1,57,"1999856","571999856",3,6,3,1,0,0,0,0,0,0,0,998,0,0,0,6,2,5,12,0,0,0,1,48,76020,6,1,6,0,3,0,999,999,0,0,0,0,0,0,0,0,0,0,21,0,0,0,1,2,70,2,1,8,1,0,0,14,62,99,1,1,98,"1GRDM96249H7","777777777777","777777777777",0,0
48,480602,1,1,1,5,3,3,20,33,0,1,0,48,0,52,46,52046,4,2003,"JA3AJ26E93U0","J","A","3","A","J","2","6","E","9","3","U","0",0,0,0,"000000000","00000000000",0,0,0,1,0,0,0,0,0,0,0,998,0,1,3,2,6,2,1,0,0,0,1,48,77063,0,0,0,0,0,0,999,999,0,0,0,0,0,0,0,0,0,0,0,0,0,0,4,2,50,1,1,8,1,0,0,1,13,99,1,4,1,"777777777777","777777777777","777777777777",1,1
48,480603,1,1,1,5,3,3,51,8,0,1,0,48,2,7,482,7482,31,2013,"1C6RR6KT3DS6","1","C","6","R","R","6","K","T","3","D","S","6",0,0,0,"000000000","00000000000",0,0,0,1,0,0,0,0,0,0,0,998,0,0,0,12,6,2,8,0,0,0,1,48,78596,6,1,6,0,3,0,999,999,0,0,0,0,0,0,0,0,0,0,0,0,0,0,3,4,65,1,1,8,1,0,0,1,80,99,1,1,13,"777777777777","777777777777","777777777777",0,0
48,480604,1,2,2,5,3,1,34,12,2,1,0,48,2,12,24,12024,6,2010,"2FMDK3KC6ABA","2","F","M","D","K","3","K","C","6","A","B","A",0,0,0,"000000000","00000000000",0,0,0,1,0,0,0,0,0,0,0,998,0,0,0,12,6,2,12,0,0,0,1,48,75126,6,1,6,0,3,0,66,209,0,0,0,0,0,0,0,0,0,0,50,0,0,0,3,2,70,3,1,8,1,0,0,14,54,99,1,1,52,"777777777777","777777777777","777777777777",2,1
48,480604,2,2,1,5,3,1,34,12,2,1,0,48,2,14,6,14006,4,2000,"2MEFM74W1YX6","2","M","E","F","M","7","4","W","1","Y","X","6",0,0,0,"000000000","00000000000",0,0,0,1,0,0,0,0,0,0,0,998,0,0,0,12,6,2,12,0,0,1,1,48,75126,6,1,0,0,3,0,66,160,1,0,0,0,0,1,2015,1,2015,0,0,0,0,0,3,2,70,2,1,8,1,0,0,14,54,99,1,1,52,"777777777777","777777777777","777777777777",1,1
48,480605,1,1,3,6,3,20,45,8,0,1,0,48,2,49,47,49047,6,2004,"2T1KR38E14C2","2","T","1","K","R","3","8","E","1","4","C","2",0,0,0,"000000000","00000000000",0,0,0,1,0,0,0,0,0,0,0,998,0,0,0,12,6,2,8,0,0,0,1,48,77067,6,1,0,0,3,0,999,999,0,1,0,1,1,4,2013,1,2015,0,0,0,0,0,3,4,60,1,1,1,1,0,0,1,80,99,1,1,13,"777777777777","777777777777","777777777777",0,0
48,480606,1,2,1,7,3,21,29,12,1,1,0,48,1,82,881,82881,66,2000,"1FUYDSEB4YPB","1","F","U","Y","D","S","E","B","4","Y","P","B",5,0,57,"1666454","571666454",3,19,12,1,0,0,0,0,0,0,0,998,0,0,0,6,6,2,12,0,0,0,1,99,78568,9,9,99,9,9,9,999,999,99,99,99,99,99,99,9999,99,9999,0,0,0,0,0,3,2,80,1,1,8,1,0,0,1,53,99,1,1,25,"777777777777","777777777777","777777777777",0,0
48,480606,2,2,2,7,3,21,29,12,1,1,0,48,2,20,37,20037,4,2013,"1G11D5SR7DF2","1","G","1","1","D","5","S","R","7","D","F","2",0,0,0,"000000000","00000000000",0,0,0,1,0,0,0,0,0,0,0,998,0,0,0,12,6,2,12,0,0,0,1,48,79772,6,1,0,0,3,2,999,999,0,0,0,0,0,0,0,0,0,5,74,0,0,0,3,2,80,1,1,8,1,0,0,1,51,1,1,1,24,"777777777777","777777777777","777777777777",1,0
48,480607,1,2,1,9,3,18,5,12,2,1,0,48,1,49,32,49032,4,1997,"1NXBA02E8VZ5","1","N","X","B","A","0","2","E","8","V","Z","5",0,0,0,"000000000","00000000000",0,0,0,1,0,0,0,0,0,0,0,998,0,0,0,12,6,2,12,0,0,0,1,48,76082,6,1,0,0,3,0,999,999,0,9,0,0,1,5,2011,1,2013,0,35,0,0,0,1,2,65,1,1,8,2,0,0,6,8,99,5,2,52,"777777777777","777777777777","777777777777",1,0
48,480607,2,2,2,9,3,18,5,12,2,1,0,48,1,49,404,49404,14,2007,"JTEZU11F9700","J","T","E","Z","U","1","1","F","9","7","0","0",0,0,0,"000000000","00000000000",0,0,0,1,0,0,0,0,0,0,0,998,0,0,0,12,6,2,12,0,0,0,1,48,76086,6,1,0,0,3,3,999,999,0,0,0,1,0,7,2011,7,2011,0,0,0,0,0,1,2,65,1,1,8,2,0,0,1,54,99,1,1,52,"777777777777","777777777777","777777777777",0,0
48,480608,1,4,1,10,3,15,14,12,1,1,0,48,0,63,34,63034,4,2006,"KNAGE123X650","K","N","A","G","E","1","2","3","X","6","5","0",0,0,0,"000000000","00000000000",0,0,0,1,0,0,0,0,0,0,0,998,0,0,0,12,6,2,12,0,0,0,1,48,79912,0,0,0,0,0,0,999,999,0,0,0,0,1,11,2012,11,2012,0,26,0,0,0,2,5,45,1,1,8,1,0,0,1,51,99,1,1,24,"777777777777","777777777777","777777777777",0,0
48,480608,2,4,1,10,3,15,14,12,1,1,0,48,3,72,706,72706,80,2004,"1HD1GKV124K3","1","H","D","1","G","K","V","1","2","4","K","3",0,0,0,"000000000","00000000000",0,0,0,1,0,0,0,0,0,5,6,998,0,0,0,6,6,2,12,0,0,0,1,48,79927,6,1,0,0,3,0,999,999,1,0,0,0,0,3,2013,3,2013,0,0,0,0,0,2,5,45,1,1,8,1,0,0,1,53,99,1,1,25,"777777777777","777777777777","777777777777",1,0
48,480608,3,4,2,10,3,15,14,12,1,1,0,99,9,54,35,54035,4,2005,"19UUA66245A0","1","9","U","U","A","6","6","2","4","5","A","0",0,0,0,"000000000","00000000000",0,0,0,1,0,0,0,0,0,0,0,998,0,0,0,6,6,2,12,0,0,0,1,96,0,9,9,99,9,9,9,999,999,99,99,99,99,99,99,9999,99,9999,0,0,0,0,0,2,5,45,1,1,8,1,0,0,1,53,99,1,1,98,"777777777777","777777777777","777777777777",0,0
48,480608,4,4,1,10,3,15,14,12,1,1,0,48,1,20,499,20499,30,1976,"CCD146S12558","C","C","D","1","4","6","S","1","2","5","5","8",0,0,0,"000000000","00000000000",0,0,0,1,0,0,0,0,0,0,0,998,0,0,0,6,2,3,12,0,0,0,1,48,79905,6,1,0,0,3,0,999,999,0,3,0,0,1,6,2011,12,2014,0,0,0,0,0,2,5,45,1,1,8,1,0,0,1,53,99,1,1,98,"777777777777","777777777777","777777777777",0,0
48,480609,1,1,1,10,3,1,55,59,0,1,0,48,1,12,16,12016,4,2007,"2FAFP74V57X1","2","F","A","F","P","7","4","V","5","7","X","1",0,0,0,"000000000","00000000000",0,0,0,1,0,0,0,0,0,0,0,998,0,0,0,12,6,2,21,0,0,0,1,48,77388,6,1,0,0,3,0,999,999,0,0,0,1,0,4,2011,4,2011,0,0,0,0,0,4,3,45,1,2,8,2,0,0,1,12,99,9,4,6,"777777777777","777777777777","777777777777",1,1
48,480610,1,2,1,10,3,3,32,11,0,1,0,48,1,12,32,12032,5,2012,"3FADP4FJ4CM1","3","F","A","D","P","4","F","J","4","C","M","1",0,0,0,"000000000","00000000000",0,0,0,1,0,0,0,0,0,0,0,998,0,0,0,12,6,2,11,0,0,0,1,48,79424,6,1,0,0,3,0,999,999,1,0,0,0,0,11,2011,11,2011,0,0,0,0,0,1,2,75,1,1,8,1,0,0,1,87,99,1,1,13,"777777777777","777777777777","777777777777",1,0
48,480610,2,2,1,10,3,3,32,11,0,1,0,18,3,98,809,98809,66,2006,"2FWBA3CG86AV","2","F","W","B","A","3","C","G","8","6","A","V",2,1,57,"21800","5721800",3,7,1,1,0,0,0,0,0,0,0,998,0,0,0,12,6,2,2,0,0,1,1,48,79424,6,1,6,1,3,3,999,999,0,0,0,1,0,8,2015,8,2015,0,0,0,0,0,1,2,75,1,1,8,1,0,0,1,62,99,1,1,98,"1DW1A28167S9","1DW1A28195S7","777777777777",0,0
48,480611,1,1,1,10,3,23,35,41,0,1,0,48,0,2,404,2404,14,2000,"1J4G248SXYC3","1","J","4","G","2","4","8","S","X","Y","C","3",0,0,0,"000000000","00000000000",0,0,0,1,0,0,0,0,0,0,0,998,0,1,6,12,6,2,41,0,0,0,1,48,76016,6,1,0,0,3,0,999,999,0,0,0,0,0,0,0,0,0,5,0,0,0,0,1,2,30,3,2,8,2,0,0,14,6,99,9,4,2,"777777777777","777777777777","777777777777",1,1
48,480612,1,1,1,11,3,20,28,8,0,1,0,48,1,12,3,12003,2,2008,"1ZVHT80N9851","1","Z","V","H","T","8","0","N","9","8","5","1",0,0,0,"000000000","00000000000",0,0,0,1,0,0,0,0,0,0,0,998,0,0,0,12,2,5,8,0,0,0,1,48,78213,6,1,0,0,3,0,999,999,0,0,0,0,0,0,0,0,0,0,0,0,0,0,5,7,40,1,1,8,2,0,0,1,80,15,1,1,13,"777777777777","777777777777","777777777777",0,0
48,480613,1,1,1,11,3,20,15,42,0,1,0,48,1,49,404,49404,14,2007,"JTEZU11F9700","J","T","E","Z","U","1","1","F","9","7","0","0",0,0,0,"000000000","00000000000",0,0,0,1,0,0,0,0,0,0,0,998,0,0,0,9,6,2,42,0,0,0,1,48,76450,6,1,0,0,3,0,65,141,0,3,0,0,2,5,2011,8,2012,0,58,0,0,0,1,2,70,1,1,8,2,0,0,1,13,6,3,4,2,"777777777777","777777777777","777777777777",1,0
48,480614,1,1,2,12,3,6,50,1,0,1,0,31,3,82,881,82881,66,2016,"3AKJGLDS1GSG","3","A","K","J","G","L","D","S","1","G","S","G",1,1,57,"53467","5753467",3,6,1,1,0,0,0,0,0,0,0,998,0,1,5,0,6,2,1,0,0,0,1,12,31031,6,1,6,0,3,0,73,999,0,0,0,0,1,3,2012,3,2012,0,91,0,0,0,1,2,75,1,1,8,1,0,0,1,13,99,1,4,1,"1JJVS32W088L","777777777777","777777777777",1,0
48,480615,1,2,2,12,3,19,27,12,6,1,0,48,2,12,880,12880,67,2011,"1FT8W3BT7BEC","1","F","T","8","W","3","B","T","7","B","E","C",0,0,99,"999999999","99999999999",2,1,97,1,0,0,0,0,0,0,0,998,0,0,0,12,6,2,12,0,0,0,1,48,75752,6,1,0,0,3,0,999,999,0,0,0,1,1,1,2012,2,2015,0,91,0,0,0,1,2,99,1,1,8,1,4,3,1,17,99,1,1,86,"777777777777","777777777777","777777777777",0,1
48,480615,2,2,1,12,3,19,27,12,6,1,0,48,3,12,481,12481,31,2013,"1FTBF2A64DEB","1","F","T","B","F","2","A","6","4","D","E","B",0,0,0,"000000000","00000000000",0,0,0,1,0,0,0,0,0,0,0,998,0,0,0,81,6,2,12,0,0,0,1,48,79764,6,1,0,0,3,3,999,999,0,0,0,0,1,3,2012,3,2012,0,0,0,0,0,2,2,75,1,1,8,1,4,3,1,66,99,1,1,87,"777777777777","777777777777","777777777777",1,0
48,480616,1,1,1,12,3,4,28,43,0,1,0,48,0,20,481,20481,31,2003,"1GNEC16Z33J1","1","G","N","E","C","1","6","Z","3","3","J","1",0,0,0,"000000000","00000000000",0,0,0,1,0,0,0,0,0,0,0,998,0,1,5,82,6,2,1,0,0,0,1,48,79372,0,0,0,0,0,0,999,999,0,0,0,0,1,10,2014,10,2014,0,39,0,0,0,1,2,75,1,1,8,1,20,3,11,13,99,4,4,2,"777777777777","777777777777","777777777777",1,1
48,480617,1,2,1,12,3,9,45,9,0,1,0,48,0,12,481,12481,31,2000,"3FTNW20S9YMA","3","F","T","N","W","2","0","S","9","Y","M","A",0,0,0,"000000000","00000000000",0,0,0,1,0,0,0,0,0,0,0,998,0,0,0,63,2,3,9,0,0,0,1,48,77802,6,1,0,0,3,3,999,999,0,0,0,0,0,0,0,0,0,4,0,0,0,0,5,5,70,1,1,8,2,0,0,2,6,16,9,4,2,"777777777777","777777777777","777777777777",0,0
48,480617,2,2,2,12,3,9,45,9,0,1,0,20,1,12,402,12402,14,2009,"1FMCU93G69KC","1","F","M","C","U","9","3","G","6","9","K","C",0,0,0,"000000000","00000000000",0,0,0,1,0,0,0,0,0,0,0,998,0,0,0,83,2,3,12,0,0,0,1,20,66048,6,1,0,0,3,0,72,180,0,0,0,0,0,0,0,0,0,0,0,0,0,0,5,5,70,1,1,8,2,0,0,10,64,99,1,1,98,"777777777777","777777777777","777777777777",0,0
48,480618,1,1,1,13,3,23,20,1,0,1,0,48,2,98,709,98709,80,2006,"5J11YBJ156W0","5","J","1","1","Y","B","J","1","5","6","W","0",0,0,0,"000000000","00000000000",0,0,0,1,0,0,0,0,0,0,0,998,0,0,0,0,8,9,1,0,0,0,1,48,76065,1,1,0,0,2,0,72,194,0,17,0,0,1,4,2011,8,2014,0,0,0,0,0,1,2,35,2,1,8,1,0,0,14,9,99,9,1,98,"777777777777","777777777777","777777777777",1,1
48,480619,1,1,2,13,3,20,0,8,0,1,0,48,1,49,32,49032,4,2015,"5YFBURHE7FP3","5","Y","F","B","U","R","H","E","7","F","P","3",0,0,0,"000000000","00000000000",0,0,0,1,0,0,0,0,0,0,0,998,0,0,0,12,2,3,8,0,0,0,1,48,77498,6,1,0,0,3,0,999,999,0,0,0,0,0,0,0,0,0,0,0,0,0,0,2,2,35,1,1,8,1,0,0,1,80,99,1,1,13,"777777777777","777777777777","777777777777",0,0
48,480620,1,2,1,14,3,10,1,12,6,1,0,48,2,37,402,37402,14,2000,"JHLRD1876YS0","J","H","L","R","D","1","8","7","6","Y","S","0",0,0,0,"000000000","00000000000",0,0,0,1,0,0,0,0,0,0,0,998,0,0,0,62,6,2,12,32,0,0,1,48,75604,6,1,0,0,3,3,999,999,0,0,0,0,0,0,0,0,0,0,38,0,0,0,0,0,0,0,0,0,0,0,0,11,15,1,1,1,82,"777777777777","777777777777","777777777777",0,0
48,480620,2,2,1,14,3,10,1,12,6,1,0,48,1,72,706,72706,80,2007,"1HD1BW5127Y0","1","H","D","1","B","W","5","1","2","7","Y","0",0,0,0,"000000000","00000000000",0,0,0,1,0,0,0,0,0,0,0,998,0,0,0,12,8,2,12,0,0,0,1,48,75683,6,1,6,0,2,0,999,999,0,2,0,0,0,6,2011,11,2011,0,0,0,0,0,1,4,55,1,2,8,1,0,0,1,67,99,1,1,83,"777777777777","777777777777","777777777777",1,0
48,480621,1,1,1,14,3,22,45,52,0,1,0,48,2,20,37,20037,4,2009,"1G1ZG57BX9F1","1","G","1","Z","G","5","7","B","X","9","F","1",0,0,0,"000000000","00000000000",0,0,0,1,0,0,0,0,0,0,0,998,0,0,0,62,6,2,42,0,0,0,1,48,77547,6,1,0,0,3,0,999,999,0,0,0,0,0,0,0,0,0,0,58,0,0,0,3,4,60,1,2,8,1,0,0,1,10,7,2,4,2,"777777777777","777777777777","777777777777",1,0
48,480622,1,2,1,14,3,19,6,12,1,1,0,48,2,18,7,18007,4,1999,"2G4WS52M0X14","2","G","4","W","S","5","2","M","0","X","1","4",0,0,0,"000000000","00000000000",0,0,0,1,0,0,0,0,0,0,0,998,0,0,0,12,6,2,12,0,0,0,1,48,77053,0,0,0,0,0,0,999,999,0,7,0,0,2,5,2011,8,2015,0,91,0,0,0,1,2,40,1,1,1,1,0,0,1,51,99,1,1,24,"777777777777","777777777777","777777777777",0,0
48,480622,2,2,3,14,3,19,6,12,1,1,0,48,1,49,43,49043,4,2001,"4T1BF28B01U1","4","T","1","B","F","2","8","B","0","1","U","1",0,0,0,"000000000","00000000000",0,0,0,1,0,0,0,0,0,0,0,998,0,0,0,6,6,2,12,0,0,0,1,48,77033,0,0,0,0,0,0,999,999,0,1,0,0,0,8,2011,8,2011,0,0,0,0,0,1,2,40,1,1,1,1,0,0,10,53,99,1,1,27,"777777777777","777777777777","777777777777",1,0
48,480624,1,1,1,15,3,20,0,15,0,1,0,48,1,49,40,49040,4,2009,"4T1BE46K99U2","4","T","1","B","E","4","6","K","9","9","U","2",0,0,0,"000000000","00000000000",0,0,0,1,0,0,0,0,0,0,0,998,0,0,0,12,6,2,8,0,0,0,1,48,78218,6,1,0,0,3,3,999,999,0,0,0,0,0,0,0,0,0,0,0,0,0,0,1,5,45,1,1,8,1,3,3,1,80,1,1,1,13,"777777777777","777777777777","777777777777",0,0
48,480625,1,1,2,16,3,0,7,1,0,1,0,48,2,12,401,12401,14,1996,"1FMDU32X5TZA","1","F","M","D","U","3","2","X","5","T","Z","A",0,0,0,"000000000","00000000000",0,0,0,1,0,0,0,0,0,0,0,998,0,2,5,0,6,2,1,0,0,0,1,48,78735,6,2,0,0,3,0,999,999,0,0,0,0,0,0,0,0,0,4,0,0,0,0,1,4,40,3,1,8,1,0,0,14,13,6,3,4,7,"777777777777","777777777777","777777777777",1,0
48,480626,1,1,2,17,3,1,43,14,0,1,0,48,2,19,18,19018,4,2003,"1G6DM57N1301","1","G","6","D","M","5","7","N","1","3","0","1",0,0,0,"000000000","00000000000",0,0,0,1,0,0,0,0,0,0,0,998,0,1,1,98,6,2,1,0,0,0,1,48,75234,0,0,0,0,0,0,999,999,0,5,0,0,3,9,2013,3,2016,0,0,0,0,0,3,2,35,1,1,8,1,0,0,1,11,99,1,4,11,"777777777777","777777777777","777777777777",1,1
48,480627,1,1,3,18,3,22,23,8,0,1,0,48,1,35,402,35402,14,2007,"5N1AN08W07C5","5","N","1","A","N","0","8","W","0","7","C","5",0,0,0,"000000000","00000000000",0,0,0,1,0,0,0,0,0,0,0,998,0,0,0,12,2,5,8,0,0,0,1,48,77469,6,1,0,0,3,0,999,999,0,0,0,0,0,0,0,0,0,0,0,0,0,0,3,4,65,1,1,8,1,0,0,1,80,7,1,1,13,"777777777777","777777777777","777777777777",0,0
48,480628,1,1,1,18,3,0,55,8,0,1,0,48,1,7,482,7482,31,2012,"3C6UD5GL8CG3","3","C","6","U","D","5","G","L","8","C","G","3",0,0,0,"000000000","00000000000",0,0,0,1,0,0,0,0,0,0,0,998,0,0,0,12,2,3,8,0,0,0,1,48,75964,6,1,0,0,3,0,999,999,0,0,0,0,0,0,0,0,0,0,0,0,0,0,1,3,75,1,1,8,1,0,0,1,80,99,1,1,13,"777777777777","777777777777","777777777777",0,0
48,480629,1,1,1,19,3,19,55,31,0,1,0,48,1,12,481,12481,31,2004,"1FTNW20L24EB","1","F","T","N","W","2","0","L","2","4","E","B",0,0,0,"000000000","00000000000",0,0,0,1,0,0,0,0,0,0,0,998,0,1,5,9,6,2,31,0,0,0,1,48,76082,6,1,0,0,3,0,999,999,0,0,0,0,0,0,0,0,0,4,0,0,0,0,1,2,40,3,1,8,1,0,0,14,6,99,3,4,2,"777777777777","777777777777","777777777777",1,1
48,480630,1,1,1,21,3,1,13,30,0,1,0,48,2,37,32,37032,4,2005,"3HGCM56495G7","3","H","G","C","M","5","6","4","9","5","G","7",0,0,0,"000000000","00000000000",0,0,0,1,0,0,0,0,0,0,0,998,0,1,5,98,6,2,1,0,0,0,1,48,76117,6,1,0,0,3,0,999,999,0,0,0,0,0,0,0,0,0,3,0,0,0,0,1,4,45,2,2,8,1,0,0,14,6,99,9,4,7,"777777777777","777777777777","777777777777",1,1
48,480632,1,3,2,22,2,8,55,12,1,1,0,48,2,12,37,12037,2,2014,"1FADP3K2XEL4","1","F","A","D","P","3","K","2","X","E","L","4",0,0,0,"000000000","00000000000",0,0,0,1,0,0,0,0,0,0,0,998,0,0,0,12,6,2,12,32,0,0,1,48,78242,6,1,0,0,3,3,999,999,0,0,0,0,0,0,0,0,0,0,0,0,0,0,3,3,60,1,2,8,2,0,0,1,52,1,1,1,28,"777777777777","777777777777","777777777777",1,0
48,480632,2,3,1,22,2,8,55,12,1,1,0,48,1,6,51,6051,4,2013,"2C3CCADG4DH7","2","C","3","C","C","A","D","G","4","D","H","7",0,0,0,"000000000","00000000000",0,0,0,1,0,0,0,0,0,0,0,998,0,0,0,6,6,2,12,0,0,0,1,48,78238,6,1,0,0,3,0,999,999,0,0,0,0,0,0,0,0,0,0,0,0,0,0,3,3,60,1,2,8,2,0,0,2,53,99,1,1,29,"777777777777","777777777777","777777777777",0,0
48,480632,3,3,4,22,2,8,55,12,1,1,0,48,3,12,481,12481,31,2015,"1FT7W2A68FEB","1","F","T","7","W","2","A","6","8","F","E","B",1,1,0,"000000000","00000000000",0,0,0,1,0,0,0,0,0,0,0,998,0,0,0,6,6,2,12,0,0,0,1,48,78264,6,1,0,0,3,0,999,999,0,0,0,0,0,0,0,0,0,0,0,0,0,0,3,3,60,1,2,8,2,0,0,2,53,99,1,1,98,"888888888888","777777777777","777777777777",0,0
48,480633,1,2,2,26,2,14,10,12,1,1,0,48,1,20,423,20423,15,2013,"1GNKRFED5DJ1","1","G","N","K","R","F","E","D","5","D","J","1",0,0,0,"000000000","00000000000",0,0,0,1,0,0,0,0,0,0,0,998,0,0,0,6,2,5,12,0,0,0,1,48,78237,6,1,0,0,3,0,999,999,1,0,0,0,0,8,2014,8,2014,0,0,0,0,0,2,4,40,1,1,2,1,3,3,2,53,99,1,1,29,"777777777777","777777777777","777777777777",1,0
48,480633,2,2,1,26,2,14,10,12,1,1,0,48,1,12,3,12003,2,2007,"1ZVFT80N5752","1","Z","V","F","T","8","0","N","5","7","5","2",0,0,0,"000000000","00000000000",0,0,0,1,0,0,0,0,0,0,0,998,0,0,0,12,2,3,12,0,0,0,1,48,78211,6,1,0,0,3,0,999,999,0,0,0,0,0,0,0,0,0,0,26,0,0,0,2,4,40,1,1,2,1,3,3,4,52,16,9,1,28,"777777777777","777777777777","777777777777",0,0
48,480634,1,1,1,27,2,22,25,33,0,1,0,48,1,72,706,72706,80,2015,"1HD1KRM17FB6","1","H","D","1","K","R","M","1","7","F","B","6",0,0,0,"000000000","00000000000",0,0,0,1,0,0,0,0,0,0,0,998,0,0,0,12,8,5,33,0,0,0,1,20,79106,6,1,0,0,2,0,76,235,0,0,0,1,0,1,2016,1,2016,0,0,0,0,0,1,4,40,3,1,8,1,0,0,14,13,99,1,4,1,"777777777777","777777777777","777777777777",1,1
48,480635,1,3,1,28,2,2,1,12,6,1,0,48,1,54,35,54035,4,2011,"19UUA8F25BA0","1","9","U","U","A","8","F","2","5","B","A","0",0,0,0,"000000000","00000000000",0,0,0,1,0,0,0,0,0,0,0,998,0,0,0,12,6,2,12,0,0,0,1,48,76542,6,1,0,0,3,3,999,999,0,0,0,0,0,0,0,0,0,0,51,91,0,0,1,2,60,2,2,8,1,0,0,14,10,99,1,4,64,"777777777777","777777777777","777777777777",0,1
48,480635,2,3,2,28,2,2,1,12,6,1,0,48,1,72,706,72706,80,1992,"1HD1BLL19NY0","1","H","D","1","B","L","L","1","9","N","Y","0",0,0,0,"000000000","00000000000",0,0,0,1,0,0,0,0,0,0,0,998,0,0,0,98,8,2,12,0,0,0,1,48,76522,6,1,0,0,3,0,67,204,0,0,0,0,0,0,0,0,0,0,0,0,0,0,1,2,60,3,2,8,1,0,0,14,62,7,1,4,65,"777777777777","777777777777","777777777777",2,1
48,480635,3,3,2,28,2,2,1,12,6,1,0,48,1,37,421,37421,15,2013,"5FNYF3H50DB0","5","F","N","Y","F","3","H","5","0","D","B","0",0,0,0,"000000000","00000000000",0,0,0,1,0,0,0,0,0,0,0,998,0,1,5,9,6,2,1,0,0,0,1,48,76522,6,1,6,0,3,3,999,999,0,0,0,0,0,0,0,0,0,0,0,0,0,0,1,2,60,3,2,8,1,0,0,14,62,7,1,4,98,"777777777777","777777777777","777777777777",0,0