"STATE","ST_CASE","VEH_NO","VE_FORMS","NUMOCCS","DAY","MONTH","HOUR","MINUTE","HARM_EV","MAN_COLL","UNITTYPE","HIT_RUN","REG_STAT","OWNER","MAKE","MODEL","MAK_MOD","BODY_TYP","MOD_YEAR","VIN","VIN_1","VIN_2","VIN_3","VIN_4","VIN_5","VIN_6","VIN_7","VIN_8","VIN_9","VIN_10","VIN_11","VIN_12","TOW_VEH","J_KNIFE","MCARR_I1","MCARR_I2","MCARR_ID","GVWR","V_CONFIG","CARGO_BT","HAZ_INV","HAZ_PLAC","HAZ_ID","HAZ_CNO","HAZ_REL","BUS_USE","SPEC_USE","EMER_USE","TRAV_SP","UNDERIDE","ROLLOVER","ROLINLOC","IMPACT1","DEFORMED","TOWED","M_HARM","VEH_SC1","VEH_SC2","FIRE_EXP","DR_PRES","L_STATE","DR_ZIP","L_STATUS","L_TYPE","CDL_STAT","L_ENDORS","L_COMPL","L_RESTRI","DR_HGT","DR_WGT","PREV_ACC","PREV_SUS","PREV_DWI","PREV_SPD","PREV_OTH","FIRST_MO","FIRST_YR","LAST_MO","LAST_YR","SPEEDREL","DR_SF1","DR_SF2","DR_SF3","DR_SF4","VTRAFWAY","VNUM_LAN","VSPD_LIM","VALIGN","VPROFILE","VPAVETYP","VSURCOND","VTRAFCON","VTCONT_F","P_CRASH1","P_CRASH2","P_CRASH3","PCRASH4","PCRASH5","ACC_TYPE","TRLR1VIN","TRLR2VIN","TRLR3VIN","DEATHS","DR_DRINK"
48,480636,1,2,1,3,3,14,36,12,6,1,0,48,1,35,47,35047,4,2012,"1N4AL2AP5CN5","1","N","4","A","L","2","A","P","5","C","N","5",0,0,0,"000000000","00000000000",0,0,0,1,0,0,0,0,0,0,0,998,0,0,0,9,6,2,12,0,0,0,1,48,75154,6,1,0,0,3,3,999,999,0,0,0,0,0,0,0,0,0,0,38,0,0,0,1,2,98,8,8,8,98,20,3,11,15,99,1,1,82,"777777777777","777777777777","777777777777",1,0
48,480636,2,2,1,3,3,14,36,12,6,1,0,48,2,87,884,87884,66,1996,"1XP5DB9X3TN3","1","X","P","5","D","B","9","X","3","T","N","3",1,1,57,"1998097","571998097",3,6,8,1,0,0,0,0,0,0,0,998,0,0,0,12,6,2,12,0,0,0,1,48,78942,6,1,6,0,3,0,999,999,1,0,0,0,1,9,2012,10,2012,0,0,0,0,0,5,3,55,1,1,8,1,0,0,1,67,6,1,2,83,"888888888888","777777777777","777777777777",0,0
48,480637,1,6,2,4,3,13,33,12,98,1,0,48,2,54,36,54036,4,1997,"JH4KA9647VC0","J","H","4","K","A","9","6","4","7","V","C","0",0,0,0,"000000000","00000000000",0,0,0,1,0,0,0,0,0,0,0,998,0,0,0,98,6,2,12,0,0,0,1,48,79924,0,0,0,0,0,0,999,999,0,0,0,0,0,0,0,0,0,0,0,0,0,0,8,8,98,8,8,8,98,3,3,1,19,99,1,9,99,"777777777777","777777777777","777777777777",0,0
48,480637,2,6,1,4,3,13,33,12,98,1,0,48,1,55,35,55035,4,2003,"KMHDN45D53U5","K","M","H","D","N","4","5","D","5","3","U","5",0,0,0,"000000000","00000000000",0,0,0,1,0,0,0,0,0,0,0,0,0,0,0,98,6,2,12,0,0,0,1,48,79938,6,1,0,0,3,3,999,999,0,0,0,0,0,0,0,0,0,0,0,0,0,0,1,4,30,1,2,8,1,0,0,5,98,1,1,1,99,"777777777777","777777777777","777777777777",0,0
48,480637,3,6,3,4,3,13,33,12,98,1,0,48,1,12,23,12023,4,2009,"3FAHP07119R1","3","F","A","H","P","0","7","1","1","9","R","1",0,0,0,"000000000","00000000000",0,0,0,1,0,0,0,0,0,0,0,0,0,0,0,98,6,2,12,0,0,0,1,48,79901,6,1,0,0,3,3,999,999,0,7,0,0,2,3,2011,1,2016,0,0,0,0,0,1,4,30,1,2,8,1,3,3,5,98,1,1,1,98,"777777777777","777777777777","777777777777",1,0
48,480637,4,6,2,4,3,13,33,12,98,1,0,48,2,18,23,18023,4,2006,"1G4HD57246U2","1","G","4","H","D","5","7","2","4","6","U","2",0,0,0,"000000000","00000000000",0,0,0,1,0,0,0,0,0,0,0,0,0,0,0,98,6,2,12,0,0,0,1,48,79936,0,0,0,0,0,0,999,999,0,0,0,0,0,0,0,0,0,0,0,0,0,0,1,4,30,1,2,8,1,3,3,5,98,1,1,1,98,"777777777777","777777777777","777777777777",0,0
48,480637,5,6,1,4,3,13,33,12,98,1,0,48,1,35,43,35043,4,2001,"1N4DL01D51C2","1","N","4","D","L","0","1","D","5","1","C","2",0,0,0,"000000000","00000000000",0,0,0,1,0,0,0,0,0,0,0,0,0,0,0,98,6,2,12,0,0,0,1,48,79901,6,1,0,0,3,3,999,999,0,2,0,0,0,3,2012,3,2012,0,0,0,0,0,1,4,30,1,2,8,1,3,3,5,98,1,1,1,98,"777777777777","777777777777","777777777777",0,0
48,480637,6,6,1,4,3,13,33,12,98,1,0,48,3,12,37,12037,4,2007,"1FAFP34N97W2","1","F","A","F","P","3","4","N","9","7","W","2",0,0,0,"000000000","00000000000",0,0,0,1,0,0,0,0,0,0,0,998,0,0,0,12,6,2,12,0,0,0,1,48,79922,0,0,0,0,0,0,999,999,0,0,0,0,0,0,0,0,0,0,0,0,0,0,1,4,30,1,2,8,1,3,3,1,50,99,1,1,98,"777777777777","777777777777","777777777777",0,0
48,480638,1,2,1,5,3,6,35,12,1,1,0,93,3,87,884,87884,66,2015,"1XPXD49X9FD2","1","X","P","X","D","4","9","X","9","F","D","2",1,1,57,"2361933","572361933",3,6,2,1,0,0,0,0,0,0,0,998,0,0,0,6,6,2,12,0,0,0,1,48,78217,6,1,6,1,3,3,999,999,1,0,0,0,0,10,2011,10,2011,0,0,0,0,0,1,2,70,1,1,8,1,0,0,2,53,99,1,1,29,"1TKP04222CW0","777777777777","777777777777",0,0
48,480638,2,2,1,5,3,6,35,12,1,1,0,5,1,23,481,23481,31,2007,"1GTHK29D77E1","1","G","T","H","K","2","9","D","7","7","E","1",0,0,0,"000000000","00000000000",0,0,0,1,0,0,0,0,0,0,0,998,0,0,0,12,6,2,12,0,0,0,1,5,72106,6,1,0,0,3,0,69,170,0,0,0,1,0,7,2014,7,2014,3,0,0,0,0,1,2,70,1,1,8,1,0,0,1,52,99,1,1,28,"777777777777","777777777777","777777777777",1,0
48,480639,1,1,3,6,3,2,20,14,0,1,0,37,2,18,22,18022,4,2014,"1G4GB5G39EF1","1","G","4","G","B","5","G","3","9","E","F","1",0,0,0,"000000000","00000000000",0,0,0,1,0,0,0,0,0,0,0,998,0,0,0,12,6,2,14,0,0,0,1,42,16510,6,1,0,0,3,3,74,999,0,0,0,0,0,0,0,0,0,0,91,0,0,0,4,2,55,1,1,8,1,0,0,1,50,1,1,5,11,"777777777777","777777777777","777777777777",1,1
48,480640,1,3,2,9,3,9,57,12,6,1,0,93,3,87,884,87884,63,2015,"2NP2HJ7X2FM2","2","N","P","2","H","J","7","X","2","F","M","2",0,0,57,"2081165","572081165",3,1,2,2,2,3286,3,8,0,0,0,998,0,1,3,9,6,2,1,0,0,0,1,48,79703,6,1,6,1,3,1,999,999,0,0,0,0,0,0,0,0,0,4,0,0,0,0,2,2,80,1,1,8,2,0,0,6,6,99,4,2,45,"777777777777","777777777777","777777777777",2,0
48,480640,2,3,1,9,3,9,57,12,6,1,0,48,3,12,880,12880,67,2015,"1FT8X3BT1FEA","1","F","T","8","X","3","B","T","1","F","E","A",0,0,88,"888888888","88888888888",2,1,97,1,0,0,0,0,0,0,0,998,0,0,0,12,6,2,12,0,0,0,1,48,79703,6,1,0,0,3,0,999,999,0,0,0,0,0,0,0,0,0,0,0,0,0,0,2,2,80,1,1,8,2,0,0,1,61,99,1,1,44,"777777777777","777777777777","777777777777",0,0
48,480640,3,3,1,9,3,9,57,12,6,1,0,48,1,85,884,85884,66,2000,"1XKWDB9X8YR8","1","X","K","W","D","B","9","X","8","Y","R","8",2,1,57,"1958005","571958005",3,7,98,1,0,0,0,0,0,0,0,998,0,0,0,11,2,5,12,0,0,0,1,48,75453,6,1,6,1,3,0,999,999,1,0,0,0,0,7,2011,7,2011,0,0,0,0,0,2,2,80,1,1,8,2,0,0,1,62,7,1,4,98,"1R9U65339CS4","1R9U61728CS4","777777777777",0,0
48,480641,1,1,1,11,3,15,48,38,0,1,0,99,9,37,706,37706,80,2008,"JH2HE03008K7","J","H","2","H","E","0","3","0","0","8","K","7",0,0,0,"000000000","00000000000",0,0,0,1,0,0,0,0,0,0,0,998,0,0,0,12,8,2,38,0,0,0,1,48,79360,1,1,0,0,2,3,999,999,0,24,1,0,1,3,2011,3,2016,4,0,0,0,0,1,2,40,2,1,8,1,0,0,1,6,99,1,4,6,"777777777777","777777777777","777777777777",1,1
48,480642,1,3,2,11,3,17,13,12,6,1,0,48,2,37,32,37032,4,2002,"1HGCG66842A0","1","H","G","C","G","6","6","8","4","2","A","0",0,0,0,"000000000","00000000000",0,0,0,1,0,0,0,0,0,0,0,998,0,0,0,82,6,2,12,0,0,0,1,48,78734,6,2,0,0,3,3,999,999,0,0,0,0,0,0,0,0,0,0,38,0,0,0,2,2,60,2,3,8,2,3,3,11,15,99,1,1,68,"777777777777","777777777777","777777777777",1,0
48,480642,2,3,1,11,3,17,13,12,6,1,0,18,3,82,881,82881,66,1999,"1FUY3WEB9XPA","1","F","U","Y","3","W","E","B","9","X","P","A",1,1,57,"216939","57216939",3,6,3,1,0,0,0,0,0,0,0,998,0,0,0,12,2,5,12,0,0,0,1,48,76856,6,1,6,0,3,0,999,999,0,0,0,0,1,4,2012,4,2012,0,0,0,0,0,2,2,60,2,3,8,2,3,3,1,62,99,1,1,69,"13N2483A0415","777777777777","777777777777",0,0
48,480642,3,3,1,11,3,17,13,12,6,1,0,48,1,35,48,35048,2,2005,"JN1AZ34D45M6","J","N","1","A","Z","3","4","D","4","5","M","6",0,0,0,"000000000","00000000000",0,0,0,1,0,0,0,0,0,0,0,998,0,0,0,7,6,2,12,0,0,0,1,48,78735,1,1,0,0,2,0,999,999,0,4,1,0,1,7,2014,11,2015,0,0,0,0,0,2,2,60,2,3,8,2,0,0,1,62,99,1,1,98,"777777777777","777777777777","777777777777",0,0
48,480643,1,1,1,12,3,7,18,21,0,1,0,48,1,37,32,37032,2,2007,"1HGCM72777A0","1","H","G","C","M","7","2","7","7","7","A","0",0,0,0,"000000000","00000000000",0,0,0,1,0,0,0,0,0,0,0,998,0,0,0,12,6,2,21,0,0,0,1,48,76137,6,1,0,0,3,0,999,999,0,0,0,1,0,12,2013,12,2013,0,99,99,99,99,2,2,70,1,1,8,2,0,0,1,12,99,1,4,6,"777777777777","777777777777","777777777777",1,1
48,480644,1,1,2,13,3,22,35,1,0,1,0,48,2,13,482,13482,31,2006,"5LTPW16536FJ","5","L","T","P","W","1","6","5","3","6","F","J",0,0,0,"000000000","00000000000",0,0,0,1,0,0,0,0,0,0,0,998,0,2,5,0,6,2,1,0,0,0,1,48,78550,6,1,0,0,3,3,999,999,0,0,0,0,0,0,0,0,0,0,85,0,0,0,1,2,55,1,1,8,1,0,0,1,54,6,4,4,7,"777777777777","777777777777","777777777777",1,0
48,480645,1,1,1,13,3,23,16,33,0,1,0,48,2,77,706,77706,80,2007,"5VPGB26D3730","5","V","P","G","B","2","6","D","3","7","3","0",0,0,0,"000000000","00000000000",0,0,0,1,0,0,0,0,0,0,0,998,0,0,0,98,8,2,33,0,0,0,1,48,79765,6,1,0,0,2,0,999,999,1,0,0,0,0,7,2014,7,2014,5,0,0,0,0,1,2,40,3,1,8,1,0,0,1,13,99,1,4,1,"777777777777","777777777777","777777777777",1,1
48,480646,1,1,2,13,3,0,2,42,0,1,0,48,2,63,34,63034,4,2015,"5XXGM4A76FG5","5","X","X","G","M","4","A","7","6","F","G","5",0,0,0,"000000000","00000000000",0,0,0,1,0,0,0,0,0,0,0,998,0,0,0,12,6,2,2,0,0,1,1,48,77517,6,1,0,0,3,0,999,140,0,1,0,3,0,7,2011,2,2015,5,0,0,0,0,1,2,30,1,1,8,1,0,0,1,14,99,1,4,14,"777777777777","777777777777","777777777777",1,1
48,480647,1,1,1,15,3,22,30,33,0,1,0,48,1,45,31,45031,2,1987,"WP0JB0934HS0","W","P","0","J","B","0","9","3","4","H","S","0",0,0,0,"000000000","00000000000",0,0,0,1,0,0,0,0,0,0,0,998,0,1,5,14,6,2,42,0,0,0,1,48,77030,6,1,0,0,3,0,999,999,0,0,0,0,0,0,0,0,0,3,28,0,0,0,3,2,35,2,1,1,1,0,0,14,12,99,1,4,6,"777777777777","777777777777","777777777777",1,1
48,480648,1,1,4,15,3,13,48,1,0,1,0,48,2,20,481,20481,31,2003,"3GNFK16Z73G1","3","G","N","F","K","1","6","Z","7","3","G","1",0,0,0,"000000000","00000000000",0,0,0,1,0,0,0,0,0,0,0,998,0,2,5,0,6,2,1,0,0,0,1,48,79052,6,1,0,0,3,3,999,999,0,0,0,0,0,0,0,0,0,0,58,0,0,0,2,2,75,2,1,8,1,0,0,1,12,7,3,4,1,"777777777777","777777777777","777777777777",3,0
48,480649,1,1,1,16,3,15,16,14,0,1,0,48,1,49,50,49050,3,2006,"JTKDE1674601","J","T","K","D","E","1","6","7","4","6","0","1",0,0,0,"000000000","00000000000",0,0,0,1,0,0,0,0,0,0,0,998,0,0,0,61,6,2,14,0,0,0,1,48,77511,6,1,0,0,3,3,70,201,0,0,0,1,0,12,2014,12,2014,3,0,0,0,0,1,2,45,1,1,2,1,0,0,1,6,99,3,4,2,"777777777777","777777777777","777777777777",1,0
48,480650,1,1,1,16,3,15,47,25,0,1,0,48,1,59,31,59031,4,2013,"JTHBK1GG5D20","J","T","H","B","K","1","G","G","5","D","2","0",0,0,0,"000000000","00000000000",0,0,0,1,0,0,0,0,0,0,0,998,0,0,0,12,6,2,25,0,0,0,1,48,75035,6,1,0,0,3,0,999,999,0,0,0,2,0,1,2012,8,2014,0,89,0,0,0,3,4,65,1,2,1,1,0,0,1,12,99,1,5,6,"777777777777","777777777777","777777777777",1,1
48,480651,1,1,1,16,3,5,40,8,0,1,0,48,1,20,481,20481,31,1998,"2GCEC19RXW11","2","G","C","E","C","1","9","R","X","W","1","1",0,0,0,"000000000","00000000000",0,0,0,1,0,0,0,0,0,0,0,998,0,0,0,12,4,5,8,0,0,0,1,48,77539,6,1,0,0,3,3,999,999,0,0,0,0,0,0,0,0,0,0,0,0,0,0,1,2,50,1,1,8,1,0,0,1,80,99,1,1,13,"777777777777","777777777777","777777777777",0,0
48,480653,1,1,2,17,3,1,15,1,0,1,0,48,1,20,421,20421,15,2007,"1GNFC13J57R1","1","G","N","F","C","1","3","J","5","7","R","1",0,0,0,"000000000","00000000000",0,0,0,1,0,0,0,0,0,0,0,998,0,2,5,0,6,2,1,0,0,0,1,48,77033,6,1,0,0,3,0,999,999,1,19,0,0,1,2,2012,9,2015,0,58,0,0,0,3,2,75,1,1,8,1,0,0,1,12,7,3,4,2,"777777777777","777777777777","777777777777",1,0
48,480654,1,5,2,17,3,11,45,12,6,1,0,48,2,6,43,6043,2,2005,"4C3AG52H95E0","4","C","3","A","G","5","2","H","9","5","E","0",0,0,0,"000000000","00000000000",0,0,0,1,0,0,0,0,0,0,0,998,0,0,0,9,6,2,12,0,0,0,1,48,79412,0,0,0,0,0,0,999,999,0,10,1,0,0,7,2012,10,2014,0,37,39,0,0,5,5,35,1,1,8,1,3,3,1,17,99,1,1,89,"777777777777","777777777777","777777777777",0,0
48,480654,2,5,2,17,3,11,45,12,6,1,0,48,2,41,51,41051,4,2009,"JM1BK32F5912","J","M","1","B","K","3","2","F","5","9","1","2",0,0,0,"000000000","00000000000",0,0,0,1,0,0,0,0,0,0,0,999,0,0,0,12,6,2,12,0,0,0,1,48,79411,6,1,0,0,3,0,999,999,1,0,0,2,0,1,2015,9,2015,0,0,0,0,0,5,5,98,8,8,8,98,3,3,1,66,99,1,1,88,"777777777777","777777777777","777777777777",0,0
48,480654,3,5,1,17,3,11,45,12,6,1,0,48,1,23,481,23481,31,1997,"1GTEC19R3VE5","1","G","T","E","C","1","9","R","3","V","E","5",0,0,0,"000000000","00000000000",0,0,0,1,0,0,0,0,0,0,0,998,0,0,0,12,6,2,12,0,0,0,1,48,79403,6,1,0,0,3,3,999,999,0,0,0,1,1,9,2012,12,2013,0,0,0,0,0,5,5,98,8,8,8,98,3,3,1,62,99,1,1,98,"777777777777","777777777777","777777777777",0,0
48,480654,4,5,1,17,3,11,45,12,6,1,0,48,2,12,3,12003,2,2007,"1ZVFT80N4752","1","Z","V","F","T","8","0","N","4","7","5","2",0,0,0,"000000000","00000000000",0,0,0,1,0,0,0,0,0,0,0,998,0,0,0,12,6,2,12,0,0,0,1,48,79413,6,1,0,0,3,0,999,999,1,0,0,0,0,6,2012,6,2012,0,0,0,0,0,5,5,98,8,8,8,98,3,3,1,66,99,1,1,98,"777777777777","777777777777","777777777777",1,0
48,480654,5,5,1,17,3,11,45,12,6,1,0,48,2,23,481,23481,31,2014,"1GTN1TEC6EZ2","1","G","T","N","1","T","E","C","6","E","Z","2",0,0,0,"000000000","00000000000",0,0,0,1,0,0,0,0,0,0,0,998,0,0,0,12,6,2,12,0,0,0,1,48,79416,0,0,0,0,0,0,999,999,0,7,0,0,2,1,2013,7,2015,0,0,0,0,0,5,5,98,8,8,8,98,0,0,1,66,99,1,1,98,"777777777777","777777777777","777777777777",0,0
48,480655,1,2,1,18,3,5,22,12,2,1,0,48,1,35,47,35047,4,2015,"1N4AL3AP3FC2","1","N","4","A","L","3","A","P","3","F","C","2",0,0,0,"000000000","00000000000",0,0,0,1,0,0,0,0,0,0,0,60,0,0,0,12,6,2,12,0,0,0,1,48,78602,6,1,0,0,3,3,999,999,0,0,0,0,2,9,2014,2,2015,0,33,0,0,0,1,2,65,1,3,8,1,0,0,6,10,99,1,2,50,"777777777777","777777777777","777777777777",1,1
48,480655,2,2,3,18,3,5,22,12,2,1,0,48,3,20,481,20481,31,2011,"1GC1CVC81BF2","1","G","C","1","C","V","C","8","1","B","F","2",0,0,0,"000000000","00000000000",0,0,0,1,0,0,0,0,0,0,0,65,0,0,0,12,6,2,12,0,0,0,1,48,78957,6,1,0,0,3,0,999,999,1,0,0,0,0,5,2011,5,2011,0,0,0,0,0,1,2,65,1,3,8,1,0,0,1,62,99,1,1,51,"777777777777","777777777777","777777777777",0,0
48,480656,1,2,1,18,3,14,53,30,0,1,0,48,1,20,481,20481,31,1991,"2GCEC19K1M11","2","G","C","E","C","1","9","K","1","M","1","1",0,0,0,"000000000","00000000000",0,0,0,1,0,0,0,0,0,0,0,60,0,0,0,61,6,2,30,0,0,0,1,48,75154,6,1,0,0,3,0,75,158,0,6,1,1,0,11,2013,4,2015,3,0,0,0,0,2,3,40,2,1,8,1,0,0,6,12,99,1,4,6,"777777777777","777777777777","777777777777",1,1
48,480656,2,2,3,18,3,14,53,30,0,1,0,48,2,12,3,12003,2,2002,"1FAFP40432F2","1","F","A","F","P","4","0","4","3","2","F","2",0,0,0,"000000000","00000000000",0,0,0,1,0,0,0,0,0,0,0,998,0,0,0,12,2,3,54,0,0,0,1,48,75224,6,1,0,0,3,0,999,999,0,0,0,0,0,0,0,0,0,0,0,0,0,0,2,3,40,2,1,8,1,0,0,14,60,7,1,2,98,"777777777777","777777777777","777777777777",0,0
48,480657,1,2,2,18,3,13,39,12,6,1,0,48,0,22,18,22018,4,2002,"1G2NF52E12C2","1","G","2","N","F","5","2","E","1","2","C","2",0,0,0,"000000000","00000000000",0,0,0,1,0,0,0,0,0,0,0,998,0,1,5,3,6,2,12,0,0,0,1,48,78523,1,1,0,0,2,3,68,95,1,13,0,0,2,6,2011,1,2016,0,0,0,0,0,5,7,45,1,1,8,1,0,0,11,15,99,1,1,68,"777777777777","777777777777","777777777777",1,1
48,480657,2,2,4,18,3,13,39,12,6,1,0,48,2,20,37,20037,4,2012,"1G1ZA5E02CF2","1","G","1","Z","A","5","E","0","2","C","F","2",0,0,0,"000000000","00000000000",0,0,0,1,0,0,0,0,0,0,0,93,0,0,0,12,6,2,12,0,0,0,1,48,75241,0,0,0,0,0,0,999,999,0,0,0,0,0,0,0,0,0,3,0,0,0,0,5,7,45,1,1,8,1,0,0,2,62,99,1,1,69,"777777777777","777777777777","777777777777",0,0
48,480658,1,1,2,18,3,4,40,25,0,1,0,48,0,37,32,37032,4,1995,"1HGCD565XSA0","1","H","G","C","D","5","6","5","X","S","A","0",0,0,0,"000000000","00000000000",0,0,0,1,0,0,0,0,0,0,0,100,0,1,1,12,6,2,25,0,0,0,1,48,75023,0,0,0,0,0,0,74,163,0,15,0,0,5,11,2011,2,2016,3,27,0,0,0,3,6,70,1,3,8,1,0,0,1,12,99,1,4,6,"777777777777","777777777777","777777777777",1,1
48,480660,1,1,1,18,3,9,40,33,0,1,0,48,1,20,403,20403,14,2003,"1GNDS13S6321","1","G","N","D","S","1","3","S","6","3","2","1",0,0,0,"000000000","00000000000",0,0,0,1,0,0,0,0,0,0,0,998,0,1,5,98,6,2,1,0,0,0,1,48,77004,6,1,0,0,3,0,999,999,0,4,0,1,0,11,2013,2,2016,0,0,0,0,0,6,1,50,3,1,1,1,0,0,14,13,99,1,4,1,"777777777777","777777777777","777777777777",1,1
48,480662,1,2,2,18,3,3,1,12,98,1,1,48,2,12,3,12003,2,1996,"1FALP4048TF1","1","F","A","L","P","4","0","4","8","T","F","1",0,0,0,"000000000","00000000000",0,0,0,1,0,0,0,0,0,0,0,998,0,0,0,98,9,5,12,0,0,0,1,48,75460,6,1,0,0,3,3,999,999,0,0,0,0,0,0,0,0,0,2,91,0,0,0,1,4,40,1,1,8,1,3,3,1,61,99,1,1,99,"777777777777","777777777777","777777777777",0,0
48,480662,2,2,1,18,3,3,1,12,98,1,0,48,2,42,42,42042,4,2004,"WDBRF40JX4F4","W","D","B","R","F","4","0","J","X","4","F","4",0,0,0,"000000000","00000000000",0,0,0,1,0,0,0,0,0,0,0,998,0,0,0,98,8,2,2,0,0,1,1,48,75486,6,1,0,0,3,0,999,999,0,2,0,0,2,10,2013,6,2015,0,0,0,0,0,1,4,40,1,1,8,1,0,0,15,10,99,1,2,99,"777777777777","777777777777","777777777777",1,0
48,480663,1,2,1,18,3,12,32,12,6,1,0,48,2,49,472,49472,30,2009,"3TMMU52N19M0","3","T","M","M","U","5","2","N","1","9","M","0",0,0,0,"000000000","00000000000",0,0,0,1,0,0,0,0,0,0,0,998,0,0,0,9,6,2,12,0,0,0,1,48,77530,0,0,0,0,0,0,999,999,0,0,0,0,0,0,0,0,0,0,38,39,0,0,1,2,98,8,8,8,1,4,3,1,17,99,1,1,89,"777777777777","777777777777","777777777777",1,0
48,480663,2,2,1,18,3,12,32,12,6,1,0,48,3,85,881,85881,66,2015,"1XKZDP9X0FJ4","1","X","K","Z","D","P","9","X","0","F","J","4",1,1,57,"1828350","571828350",3,6,8,1,0,0,0,0,0,0,0,998,0,0,0,12,6,2,12,0,0,0,1,48,77575,6,1,6,0,3,3,999,999,0,0,0,0,1,1,2014,1,2014,0,0,0,0,0,2,2,65,1,1,8,1,4,3,1,66,99,1,1,88,"48XEP3923F10","777777777777","777777777777",0,0
48,480664,1,1,1,18,3,21,12,8,0,1,1,99,9,99,999,99999,99,9999,"999999999999","9","9","9","9","9","9","9","9","9","9","9","9",1,1,99,"999999999","99999999999",9,99,99,1,0,0,0,0,99,99,9,999,0,0,0,99,9,5,8,99,99,0,1,99,99999,9,9,99,9,9,9,999,999,99,99,99,99,99,99,9999,99,9999,9,99,99,99,99,3,3,98,3,2,8,2,0,0,14,80,99,1,1,13,"999999999999","777777777777","777777777777",0,0
48,480665,1,1,1,19,3,18,24,1,0,1,0,48,2,12,481,12481,31,2002,"1FTNW20LX2ED","1","F","T","N","W","2","0","L","X","2","E","D",0,0,0,"000000000","00000000000",0,0,0,1,0,0,0,0,0,0,0,998,0,2,5,0,6,2,1,0,0,0,1,48,77515,6,1,0,0,3,0,999,999,0,0,0,0,0,0,0,0,0,4,58,0,0,0,1,2,60,1,1,8,1,0,0,1,13,6,2,4,1,"777777777777","777777777777","777777777777",1,0
48,480666,1,1,2,19,3,21,30,33,0,1,0,48,2,35,47,35047,4,2003,"1N4AL11D03C2","1","N","4","A","L","1","1","D","0","3","C","2",0,0,0,"000000000","00000000000",0,0,0,1,0,0,0,0,0,0,0,998,0,1,3,1,6,2,1,0,0,0,1,48,75038,6,7,0,0,3,0,69,168,0,0,0,0,0,0,0,0,0,0,0,0,0,0,4,4,40,1,1,8,1,0,0,12,13,99,1,4,98,"777777777777","777777777777","777777777777",1,0
48,480667,1,2,2,19,3,1,38,8,0,1,0,48,2,34,37,34037,4,2007,"WBAHN83527DT","W","B","A","H","N","8","3","5","2","7","D","T",0,0,0,"000000000","00000000000",0,0,0,1,0,0,0,0,0,0,0,998,0,0,0,9,6,2,8,0,0,0,1,48,77064,6,1,0,0,3,0,999,999,0,0,0,0,0,0,0,0,0,0,0,0,0,0,3,3,45,1,1,8,1,0,0,1,80,1,1,1,13,"777777777777","777777777777","777777777777",0,0
48,480667,2,2,0,19,3,1,38,8,0,1,0,48,6,72,706,72706,80,2015,"1HD4LE211FC4","1","H","D","4","L","E","2","1","1","F","C","4",0,0,0,"000000000","00000000000",0,0,0,1,0,0,0,0,0,0,0,0,0,0,0,12,6,2,12,0,0,0,0,0,99997,7,6,97,7,6,7,998,997,998,998,998,998,998,98,9998,98,9998,8,54,0,0,0,3,3,45,1,1,8,1,0,0,0,53,0,0,0,98,"777777777777","777777777777","777777777777",0,0
48,480668,1,1,1,19,3,3,22,8,0,1,0,48,0,20,401,20401,14,2000,"1GNCS18W1YK2","1","G","N","C","S","1","8","W","1","Y","K","2",0,0,0,"000000000","00000000000",0,0,0,1,0,0,0,0,0,0,0,998,0,0,0,12,2,3,8,0,0,0,1,48,77015,6,1,0,0,3,0,999,999,0,51,1,1,0,4,2011,3,2016,0,0,0,0,0,3,5,60,1,1,8,1,0,0,99,80,1,1,2,13,"777777777777","777777777777","777777777777",0,1
48,480669,1,2,1,19,3,14,40,12,6,1,0,48,0,7,43,7043,4,2006,"1B3EL46T06N1","1","B","3","E","L","4","6","T","0","6","N","1",0,0,0,"000000000","00000000000",0,0,0,1,0,0,0,0,0,0,0,998,0,1,5,3,6,2,12,0,0,0,1,48,77662,3,1,0,0,2,0,999,999,0,11,0,0,0,10,2012,3,2016,0,0,0,0,0,1,2,55,2,1,8,1,0,0,14,6,99,3,2,64,"777777777777","777777777777","777777777777",1,0
48,480669,2,2,5,19,3,14,40,12,6,1,0,48,2,37,32,37032,4,2002,"JHMCG56412C0","J","H","M","C","G","5","6","4","1","2","C","0",0,0,0,"000000000","00000000000",0,0,0,1,0,0,0,0,0,0,0,998,0,0,0,12,6,2,12,0,0,0,1,48,77597,6,1,0,0,3,0,999,999,0,0,0,0,0,0,0,0,0,4,0,0,0,0,1,2,55,3,1,8,1,0,0,14,62,7,1,1,65,"777777777777","777777777777","777777777777",0,0
48,480670,1,2,2,19,3,5,20,12,1,1,0,48,2,2,406,2406,14,2006,"1J8HH48N76C2","1","J","8","H","H","4","8","N","7","6","C","2",0,0,0,"000000000","00000000000",0,0,0,1,0,0,0,0,0,0,0,998,0,1,1,12,6,2,1,0,0,0,1,48,78521,0,0,0,0,0,0,999,999,0,15,0,3,5,10,2012,8,2015,5,0,0,0,0,2,2,75,1,1,8,1,0,0,1,51,99,1,1,24,"777777777777","777777777777","777777777777",1,0
48,480670,2,2,5,19,3,5,20,12,1,1,0,48,1,20,421,20421,15,2011,"1GNSCCE01BR3","1","G","N","S","C","C","E","0","1","B","R","3",1,1,0,"000000000","00000000000",0,0,0,1,0,0,0,0,0,0,0,998,0,0,0,6,2,5,12,0,0,0,1,48,79549,6,1,6,0,3,3,999,999,0,0,0,0,0,0,0,0,0,0,0,0,0,0,2,2,75,1,1,8,1,0,0,1,53,99,1,1,25,"5LNFU10127E2","777777777777","777777777777",0,0