"STATE","ST_CASE","VEH_NO","VE_FORMS","NUMOCCS","DAY","MONTH","HOUR","MINUTE","HARM_EV","MAN_COLL","UNITTYPE","HIT_RUN","REG_STAT","OWNER","MAKE","MODEL","MAK_MOD","BODY_TYP","MOD_YEAR","VIN","VIN_1","VIN_2","VIN_3","VIN_4","VIN_5","VIN_6","VIN_7","VIN_8","VIN_9","VIN_10","VIN_11","VIN_12","TOW_VEH","J_KNIFE","MCARR_I1","MCARR_I2","MCARR_ID","GVWR","V_CONFIG","CARGO_BT","HAZ_INV","HAZ_PLAC","HAZ_ID","HAZ_CNO","HAZ_REL","BUS_USE","SPEC_USE","EMER_USE","TRAV_SP","UNDERIDE","ROLLOVER","ROLINLOC","IMPACT1","DEFORMED","TOWED","M_HARM","VEH_SC1","VEH_SC2","FIRE_EXP","DR_PRES","L_STATE","DR_ZIP","L_STATUS","L_TYPE","CDL_STAT","L_ENDORS","L_COMPL","L_RESTRI","DR_HGT","DR_WGT","PREV_ACC","PREV_SUS","PREV_DWI","PREV_SPD","PREV_OTH","FIRST_MO","FIRST_YR","LAST_MO","LAST_YR","SPEEDREL","DR_SF1","DR_SF2","DR_SF3","DR_SF4","VTRAFWAY","VNUM_LAN","VSPD_LIM","VALIGN","VPROFILE","VPAVETYP","VSURCOND","VTRAFCON","VTCONT_F","P_CRASH1","P_CRASH2","P_CRASH3","PCRASH4","PCRASH5","ACC_TYPE","TRLR1VIN","TRLR2VIN","TRLR3VIN","DEATHS","DR_DRINK"
48,480708,1,1,1,28,3,10,48,1,0,1,0,48,1,20,473,20473,30,2006,"1GCCS1485681","1","G","C","C","S","1","4","8","5","6","8","1",0,0,0,"000000000","00000000000",0,0,0,1,0,0,0,0,0,0,0,998,0,9,3,0,6,2,1,0,0,0,1,48,77351,6,1,0,0,3,0,999,999,0,0,0,0,0,0,0,0,0,5,85,0,0,0,2,2,70,1,1,8,1,0,0,1,52,8,9,4,6,"777777777777","777777777777","777777777777",1,0
48,480709,1,2,1,29,3,8,54,12,6,1,0,48,1,35,39,35039,4,2001,"JN1CA31DX1T8","J","N","1","C","A","3","1","D","X","1","T","8",0,0,0,"000000000","00000000000",0,0,0,1,0,0,0,0,0,0,0,998,0,0,0,9,6,2,12,0,0,0,1,48,77378,6,1,0,0,3,0,999,999,0,2,1,0,0,8,2011,11,2013,0,48,0,0,0,2,2,55,1,1,8,1,0,0,12,10,99,1,2,98,"777777777777","777777777777","777777777777",1,0
48,480709,2,2,2,29,3,8,54,12,6,1,0,48,2,12,481,12481,31,2014,"1FT7W2BT2EEA","1","F","T","7","W","2","B","T","2","E","E","A",0,0,0,"000000000","00000000000",0,0,0,1,0,0,0,0,0,0,0,998,0,0,0,12,2,3,12,0,0,0,1,48,77385,6,1,0,0,3,0,999,999,0,0,0,0,0,0,0,0,0,0,0,0,0,0,2,2,55,1,1,8,1,0,0,1,61,99,1,1,98,"777777777777","777777777777","777777777777",0,0
48,480710,1,2,1,30,3,14,35,12,2,1,0,48,1,37,32,37032,4,2007,"JHMCM56357C0","J","H","M","C","M","5","6","3","5","7","C","0",0,0,0,"000000000","00000000000",0,0,0,1,0,0,0,0,0,0,0,998,0,0,0,12,6,2,12,0,0,0,1,48,78705,6,1,0,0,3,3,999,999,0,0,0,0,0,0,0,0,0,0,50,0,0,0,2,2,75,3,1,8,1,0,0,14,12,99,4,6,98,"777777777777","777777777777","777777777777",1,0
48,480710,2,2,1,30,3,14,35,12,2,1,0,48,1,32,401,32401,14,2007,"WA1BY94L77D0","W","A","1","B","Y","9","4","L","7","7","D","0",0,0,0,"000000000","00000000000",0,0,0,1,0,0,0,0,0,0,0,998,0,0,0,12,6,2,12,0,0,0,1,48,77079,6,1,0,0,3,3,999,999,0,0,0,0,0,0,0,0,0,0,0,0,0,0,2,2,75,2,1,8,1,0,0,14,54,6,1,1,98,"777777777777","777777777777","777777777777",0,0
48,480712,1,1,1,26,2,12,55,33,0,1,0,48,1,20,28,20028,4,2014,"1G1JC5SB4E42","1","G","1","J","C","5","S","B","4","E","4","2",0,0,0,"000000000","00000000000",0,0,0,1,0,0,0,0,0,0,0,998,0,0,0,12,6,2,46,0,0,0,1,48,77019,6,1,0,0,3,3,999,999,0,0,0,0,0,0,0,0,0,0,0,0,0,0,1,4,30,1,1,8,1,0,0,1,13,99,1,4,1,"777777777777","777777777777","777777777777",1,0
48,480713,1,1,4,2,3,23,34,38,0,1,0,6,2,12,401,12401,14,1998,"1FMZU34E6WZB","1","F","M","Z","U","3","4","E","6","W","Z","B",0,0,0,"000000000","00000000000",0,0,0,1,0,0,0,0,0,0,0,998,0,1,6,98,6,2,1,0,0,0,1,32,89139,6,1,0,0,3,0,69,140,0,2,0,0,3,5,2012,1,2016,0,0,0,0,0,2,2,75,1,1,8,1,0,0,1,8,1,1,4,6,"777777777777","777777777777","777777777777",1,0
48,480714,1,2,4,6,3,20,41,12,8,1,0,48,2,7,43,7043,4,2005,"1B3EL46X65N6","1","B","3","E","L","4","6","X","6","5","N","6",0,0,0,"000000000","00000000000",0,0,0,1,0,0,0,0,0,0,0,998,0,0,0,61,6,2,12,0,0,0,1,48,75492,6,1,0,0,3,0,999,999,0,0,0,1,0,10,2011,10,2011,0,0,0,0,0,1,2,65,1,1,8,1,0,0,1,62,99,1,1,65,"777777777777","777777777777","777777777777",2,0
48,480714,2,2,3,6,3,20,41,12,8,1,0,48,0,20,482,20482,31,2003,"3GNEK13T63G1","3","G","N","E","K","1","3","T","6","3","G","1",0,0,0,"000000000","00000000000",0,0,0,1,0,0,0,0,0,0,0,67,0,0,0,62,6,2,12,0,0,0,1,48,75446,6,1,6,0,3,0,999,999,0,0,0,0,1,11,2014,11,2014,0,51,0,0,0,1,2,65,1,1,8,1,0,0,1,10,99,1,2,64,"777777777777","777777777777","777777777777",0,0
48,480715,1,2,1,6,3,4,6,12,9,1,0,48,1,12,16,12016,4,2001,"2FAFP71WX1X1","2","F","A","F","P","7","1","W","X","1","X","1",0,0,0,"000000000","00000000000",0,0,0,1,0,0,0,0,0,0,0,998,0,0,0,62,6,2,12,0,0,0,1,48,77093,1,1,0,0,2,3,999,999,0,0,0,1,0,4,2014,4,2014,5,91,0,0,0,6,2,60,1,1,1,1,0,0,1,51,7,1,1,48,"777777777777","777777777777","777777777777",0,1
48,480715,2,2,3,6,3,4,6,12,9,1,0,48,2,49,401,49401,14,1998,"JT3GN87R2W00","J","T","3","G","N","8","7","R","2","W","0","0",0,0,0,"000000000","00000000000",0,0,0,1,0,0,0,0,0,0,0,998,0,1,3,6,6,2,1,0,0,0,1,48,77093,6,1,0,0,3,0,999,999,0,0,0,0,0,0,0,0,0,0,0,0,0,0,6,2,60,1,1,1,1,0,0,1,53,99,1,1,48,"777777777777","777777777777","777777777777",1,0
48,480716,1,1,2,8,3,9,53,23,0,1,0,48,1,14,6,14006,4,2000,"2MEFM75W6YX6","2","M","E","F","M","7","5","W","6","Y","X","6",0,0,0,"000000000","00000000000",0,0,0,1,0,0,0,0,0,0,0,998,0,0,0,83,6,2,42,0,0,0,1,48,76661,0,0,0,0,0,0,999,999,0,1,0,0,0,4,2011,4,2011,4,0,0,0,0,2,2,75,3,2,8,2,0,0,14,6,99,9,4,2,"777777777777","777777777777","777777777777",1,0
48,480717,1,1,1,15,3,1,16,23,0,1,0,48,1,20,481,20481,31,2008,"2GCEC19C5811","2","G","C","E","C","1","9","C","5","8","1","1",0,0,0,"000000000","00000000000",0,0,0,1,0,0,0,0,0,0,0,998,0,1,5,11,6,2,23,0,0,0,1,48,75462,6,1,6,0,3,0,999,999,1,0,0,1,1,1,2014,2,2016,0,58,0,0,0,2,2,75,1,1,8,1,0,0,1,10,7,9,4,1,"777777777777","777777777777","777777777777",1,1
48,480718,1,1,99,15,3,21,15,9,0,1,1,99,9,99,999,99999,99,9999,"999999999999","9","9","9","9","9","9","9","9","9","9","9","9",0,0,0,"000000000","00000000000",0,0,0,1,0,0,0,0,0,0,0,998,0,0,0,99,8,5,9,0,0,0,1,99,99999,9,9,99,9,9,9,999,999,99,99,99,99,99,99,9999,99,9999,0,86,0,0,0,1,4,55,1,1,8,1,0,0,1,83,16,2,1,13,"777777777777","777777777777","777777777777",0,0
48,480719,1,1,1,16,3,14,46,15,0,1,0,48,3,12,17,12017,4,2007,"1FAFP53U77A1","1","F","A","F","P","5","3","U","7","7","A","1",0,0,0,"000000000","00000000000",0,0,0,1,0,0,0,0,0,0,0,998,0,0,0,12,2,3,15,0,0,0,1,48,79935,6,1,0,0,3,3,999,999,0,0,0,0,0,0,0,0,0,0,38,0,0,0,1,2,99,1,1,8,1,3,3,11,83,99,1,1,13,"777777777777","777777777777","777777777777",0,0
48,480720,1,1,3,16,3,16,19,9,0,1,0,48,2,20,421,20421,15,2007,"1GNFC13007R4","1","G","N","F","C","1","3","0","0","7","R","4",0,0,0,"000000000","00000000000",0,0,0,1,0,0,0,0,0,0,0,998,0,0,0,12,6,2,9,0,0,0,1,48,77083,6,1,0,0,3,3,999,999,0,0,0,2,1,6,2013,8,2014,0,0,0,0,0,5,5,40,1,1,2,1,0,0,1,11,99,1,4,13,"777777777777","777777777777","777777777777",0,0
48,480721,1,2,1,16,3,14,10,12,2,1,0,48,1,49,482,49482,31,2015,"5TFDW5F15FX4","5","T","F","D","W","5","F","1","5","F","X","4",0,0,0,"000000000","00000000000",0,0,0,1,0,0,0,0,0,0,0,998,0,0,0,12,6,2,12,0,0,0,1,48,75672,6,1,0,0,3,0,999,999,0,0,0,3,0,7,2011,12,2013,0,51,0,0,0,1,2,65,2,1,8,1,0,0,14,10,7,1,2,50,"777777777777","777777777777","777777777777",0,0
48,480721,2,2,2,16,3,14,10,12,2,1,0,48,1,35,47,35047,4,2006,"1N4AL11D86N4","1","N","4","A","L","1","1","D","8","6","N","4",0,0,0,"000000000","00000000000",0,0,0,1,0,0,0,0,0,0,0,998,0,0,0,12,6,2,12,0,0,0,1,96,75672,9,9,99,9,9,9,999,999,99,99,99,99,99,99,9999,99,9999,0,0,0,0,0,1,2,65,3,1,8,1,0,0,14,62,99,1,1,51,"777777777777","777777777777","777777777777",1,0
48,480722,1,2,1,16,3,3,0,12,11,1,0,35,3,87,881,87881,66,2006,"1XP5DB9X86N6","1","X","P","5","D","B","9","X","8","6","N","6",1,1,57,"1317435","571317435",3,6,2,1,0,0,0,0,0,0,0,998,0,0,0,12,6,2,12,0,0,0,1,48,79904,6,1,6,1,3,3,999,999,1,0,0,2,1,9,2011,10,2013,0,51,0,0,0,1,2,70,1,1,8,1,0,0,1,10,99,1,2,64,"1G9VT4028AH0","777777777777","777777777777",1,0
48,480722,2,2,1,16,3,3,0,12,11,1,0,35,3,86,881,86881,66,2014,"1M2AX07Y7EM0","1","M","2","A","X","0","7","Y","7","E","M","0",1,1,57,"937567","57937567",3,6,2,1,0,0,0,0,0,0,0,998,0,0,0,61,6,2,12,0,0,0,1,48,88240,6,1,6,1,3,0,999,999,0,0,0,0,0,0,0,0,0,0,0,0,0,0,1,2,70,1,1,8,1,0,0,1,62,7,1,1,65,"1T9TA4322E18","777777777777","777777777777",0,0
48,480723,1,1,1,17,3,20,36,8,0,1,0,48,1,20,481,20481,31,1998,"2GCEC19MXW11","2","G","C","E","C","1","9","M","X","W","1","1",0,0,0,"000000000","00000000000",0,0,0,1,0,0,0,0,0,0,0,998,0,0,0,12,6,2,8,0,0,0,1,48,77541,6,1,0,0,3,0,999,999,0,0,0,0,0,0,0,0,0,0,0,0,0,0,5,3,55,1,1,8,1,0,0,1,11,99,1,4,13,"777777777777","777777777777","777777777777",0,0
48,480724,1,1,3,17,3,3,8,25,0,1,0,48,2,35,402,35402,14,2000,"5N1ED28T7YC5","5","N","1","E","D","2","8","T","7","Y","C","5",0,0,0,"000000000","00000000000",0,0,0,1,0,0,0,0,0,0,0,998,0,1,2,12,6,2,25,0,0,0,1,48,78573,0,0,0,0,0,0,999,999,0,0,0,0,0,0,0,0,0,0,0,0,0,0,3,4,65,1,2,8,2,0,0,15,9,99,4,4,7,"777777777777","777777777777","777777777777",1,0
48,480725,1,5,1,17,3,19,48,12,1,1,0,31,3,84,881,84881,66,2010,"3HSCUAPR0AN1","3","H","S","C","U","A","P","R","0","A","N","1",1,1,57,"619157","57619157",3,6,1,1,0,0,0,0,0,0,0,998,0,0,0,12,6,2,12,0,0,0,1,20,66508,6,1,6,0,3,0,68,190,0,0,0,0,0,0,0,0,0,0,99,99,99,99,3,2,60,1,1,8,1,0,0,1,51,99,1,1,24,"1DW1A5323ES4","777777777777","777777777777",0,0
48,480725,2,5,1,17,3,19,48,12,1,1,0,48,1,35,401,35401,14,2014,"5N1AR2MN3EC6","5","N","1","A","R","2","M","N","3","E","C","6",0,0,0,"000000000","00000000000",0,0,0,1,0,0,0,0,0,0,0,998,0,0,0,6,6,2,12,32,0,0,1,48,76137,6,1,0,0,3,0,999,999,0,0,0,0,0,0,0,0,0,0,0,0,0,0,3,2,60,1,1,8,1,0,0,1,53,99,1,1,25,"777777777777","777777777777","777777777777",1,0
48,480725,3,5,3,17,3,19,48,12,1,1,0,48,2,49,422,49422,15,2006,"5TDBT48A76S2","5","T","D","B","T","4","8","A","7","6","S","2",0,0,0,"000000000","00000000000",0,0,0,1,0,0,0,0,0,0,0,998,0,0,0,6,6,2,12,0,0,0,1,48,79022,6,1,0,0,3,3,999,999,0,0,0,0,0,0,0,0,0,0,0,0,0,0,3,2,60,1,1,8,1,0,0,1,53,99,1,1,98,"777777777777","777777777777","777777777777",0,0
48,480725,4,5,4,17,3,19,48,12,1,1,0,48,1,20,422,20422,15,2012,"1GNSCKE00CR3","1","G","N","S","C","K","E","0","0","C","R","3",0,0,0,"000000000","00000000000",0,0,0,1,0,0,0,0,0,0,0,998,0,0,0,6,6,2,12,0,0,0,1,48,76240,6,1,0,0,3,0,999,999,0,0,0,0,0,0,0,0,0,0,0,0,0,0,3,2,60,1,1,8,1,0,0,1,53,99,1,1,98,"777777777777","777777777777","777777777777",0,0
48,480725,5,5,1,17,3,19,48,12,1,1,0,48,2,2,404,2404,14,2001,"1J4GX48S01C6","1","J","4","G","X","4","8","S","0","1","C","6",0,0,0,"000000000","00000000000",0,0,0,1,0,0,0,0,0,0,0,998,0,0,0,6,6,2,12,0,0,0,1,48,75414,6,1,0,0,3,0,999,999,0,0,0,0,0,0,0,0,0,0,0,0,0,0,3,2,60,1,1,8,1,0,0,1,53,99,1,1,98,"777777777777","777777777777","777777777777",0,0
48,480726,1,1,2,18,3,9,0,24,0,1,1,48,1,21,23,21023,4,2001,"1G3WH52H71F2","1","G","3","W","H","5","2","H","7","1","F","2",0,0,0,"000000000","00000000000",0,0,0,1,0,0,0,0,0,0,0,998,0,1,6,12,2,3,24,0,0,0,1,48,77901,1,1,0,0,2,0,999,999,1,29,0,0,2,5,2011,2,2016,0,39,0,0,0,1,2,30,1,1,8,1,20,3,1,12,99,1,4,6,"777777777777","777777777777","777777777777",1,1
48,480727,1,1,1,18,3,11,53,42,0,1,0,48,0,20,9,20009,2,2010,"2G1FG1EV0A91","2","G","1","F","G","1","E","V","0","A","9","1",0,0,0,"000000000","00000000000",0,0,0,1,0,0,0,0,0,0,0,998,0,0,0,83,6,2,42,0,0,0,1,48,78572,6,1,0,0,3,0,999,999,0,0,0,0,0,0,0,0,0,3,84,0,0,0,4,2,30,1,1,8,1,0,0,1,51,6,5,4,7,"777777777777","777777777777","777777777777",1,0
48,480728,1,2,1,19,3,21,42,12,2,1,0,48,1,7,482,7482,31,2002,"3B7KF26692M2","3","B","7","K","F","2","6","6","9","2","M","2",0,0,0,"000000000","00000000000",0,0,0,1,0,0,0,0,0,0,0,998,0,0,0,12,6,2,12,0,0,0,1,48,78620,6,1,0,0,3,0,999,999,0,0,0,0,0,0,0,0,0,0,51,0,0,0,1,2,70,1,1,8,1,0,0,1,10,99,1,2,50,"777777777777","777777777777","777777777777",1,1
48,480728,2,2,1,19,3,21,42,12,2,1,0,93,3,84,881,84881,66,2015,"3HSDJAPR8FN7","3","H","S","D","J","A","P","R","8","F","N","7",1,1,57,"181069","57181069",3,6,1,1,0,0,0,0,0,0,0,998,0,0,0,12,6,2,12,0,0,0,1,48,78606,6,1,6,0,3,3,999,999,1,0,0,1,0,7,2011,5,2012,0,0,0,0,0,1,2,70,1,1,8,1,0,0,1,62,99,1,1,51,"3H3V532C6AT0","777777777777","777777777777",0,0
48,480729,1,2,1,19,3,20,5,12,1,1,0,48,1,19,18,19018,2,2012,"1G6DA1E38C01","1","G","6","D","A","1","E","3","8","C","0","1",0,0,0,"000000000","00000000000",0,0,0,1,0,0,0,0,0,0,0,998,0,0,0,12,6,2,12,0,0,0,1,48,76140,6,1,0,0,3,3,999,999,0,1,0,1,0,4,2011,12,2015,4,27,91,0,0,3,4,65,1,2,8,1,0,0,15,51,99,1,2,43,"777777777777","777777777777","777777777777",0,1
48,480729,2,2,5,19,3,20,5,12,1,1,0,48,2,20,422,20422,15,2004,"1GNEC16Z34J2","1","G","N","E","C","1","6","Z","3","4","J","2",0,0,0,"000000000","00000000000",0,0,0,1,0,0,0,0,0,0,0,998,0,1,1,6,8,2,1,0,0,0,1,48,76103,6,1,0,0,3,3,999,999,0,0,0,0,0,0,0,0,0,0,0,0,0,0,3,4,65,1,2,8,1,0,0,1,53,99,1,1,43,"777777777777","777777777777","777777777777",1,0
48,480730,1,2,1,20,3,14,3,12,6,1,0,48,2,82,881,82881,66,2009,"1FUJA6DR69DA","1","F","U","J","A","6","D","R","6","9","D","A",1,1,57,"2192536","572192536",3,6,3,1,0,0,0,0,0,0,0,998,0,0,0,12,6,2,12,0,0,0,1,48,77713,6,1,6,0,3,0,999,999,0,3,0,0,4,12,2013,1,2016,0,0,0,0,0,2,2,75,1,1,8,1,0,0,1,59,99,1,1,98,"5UJFS4822EE0","777777777777","777777777777",0,0
48,480730,2,2,4,20,3,14,3,12,6,1,0,48,2,55,35,55035,4,2013,"5NPDH4AE0DH3","5","N","P","D","H","4","A","E","0","D","H","3",0,0,0,"000000000","00000000000",0,0,0,1,0,0,0,0,0,0,0,998,0,0,0,9,6,2,12,0,0,0,1,48,77048,6,1,0,0,3,0,999,999,0,0,0,0,0,0,0,0,0,0,0,0,0,0,2,2,75,1,1,8,1,0,0,1,10,7,9,4,98,"777777777777","777777777777","777777777777",3,0
48,480731,1,3,1,20,3,4,25,8,0,1,0,93,3,51,881,51881,66,2015,"4V4NC9EH5FN9","4","V","4","N","C","9","E","H","5","F","N","9",1,1,57,"517416","57517416",3,6,1,1,0,0,0,0,0,0,0,998,0,0,0,12,2,5,8,0,0,0,1,48,76180,6,1,6,0,3,3,999,999,0,0,0,1,1,10,2012,10,2014,0,0,0,0,0,3,2,75,1,1,8,1,0,0,1,80,99,1,1,13,"1NNVA4823XM3","777777777777","777777777777",0,0
48,480731,2,3,2,20,3,4,25,8,0,1,0,39,2,24,9,24009,4,2008,"1G8ZS57N08F2","1","G","8","Z","S","5","7","N","0","8","F","2",0,0,0,"000000000","00000000000",0,0,0,1,0,0,0,0,0,0,0,998,0,0,0,14,8,5,8,0,0,0,1,48,75701,6,1,0,0,3,0,999,999,2,0,0,1,0,11,2013,7,2015,0,0,0,0,0,3,2,75,1,1,8,1,0,0,1,80,99,1,1,98,"777777777777","777777777777","777777777777",0,0
48,480731,3,3,3,20,3,4,25,8,0,1,0,48,1,63,32,63032,4,2006,"KNADE1231661","K","N","A","D","E","1","2","3","1","6","6","1",0,0,0,"000000000","00000000000",0,0,0,1,0,0,0,0,0,0,0,998,0,0,0,14,8,5,8,0,0,0,1,48,75020,6,1,0,0,3,0,999,999,0,0,0,0,0,0,0,0,0,0,0,0,0,0,3,2,75,1,1,8,1,0,0,1,80,99,1,1,98,"777777777777","777777777777","777777777777",0,0
48,480732,1,2,1,21,3,15,15,12,1,1,0,48,2,49,40,49040,4,2015,"4T1BD1FK4FU1","4","T","1","B","D","1","F","K","4","F","U","1",0,0,0,"000000000","00000000000",0,0,0,1,0,0,0,0,0,0,0,0,0,0,0,6,6,2,12,0,0,0,1,48,78602,6,1,0,0,3,3,999,999,0,0,0,0,0,0,0,0,0,5,54,0,0,0,2,2,75,1,1,8,1,0,0,5,53,1,1,1,21,"777777777777","777777777777","777777777777",1,0
48,480732,2,2,1,21,3,15,15,12,1,1,0,93,2,82,881,82881,66,2000,"1FUYSSEB8YPB","1","F","U","Y","S","S","E","B","8","Y","P","B",1,3,57,"1940805","571940805",3,6,3,1,0,0,0,0,0,0,0,998,0,1,3,12,6,2,12,0,0,0,1,48,78664,6,1,6,0,3,0,999,999,1,0,0,0,2,2,2013,10,2014,5,0,0,0,0,2,2,75,1,1,8,1,0,0,1,50,99,1,1,20,"4WWBPA6B7XM6","777777777777","777777777777",0,0
48,480733,1,2,1,21,3,8,40,12,1,1,0,48,1,72,706,72706,80,1997,"1HD1FCR10VY6","1","H","D","1","F","C","R","1","0","V","Y","6",0,0,0,"000000000","00000000000",0,0,0,1,0,0,0,0,0,0,0,998,0,0,0,12,8,2,12,0,0,0,1,48,77859,6,1,0,0,3,0,999,999,0,0,0,0,0,0,0,0,0,5,0,0,0,0,3,2,65,1,1,8,1,0,0,1,52,99,9,1,28,"777777777777","777777777777","777777777777",1,0
48,480733,2,2,1,21,3,8,40,12,1,1,0,48,2,35,51,35051,6,2012,"JN8AS5MT2CW2","J","N","8","A","S","5","M","T","2","C","W","2",0,0,0,"000000000","00000000000",0,0,0,1,0,0,0,0,0,0,0,998,0,0,0,6,6,2,12,0,0,0,1,48,77401,6,1,0,0,3,0,999,999,0,0,0,0,0,0,0,0,0,0,0,0,0,0,3,2,65,1,1,8,1,0,0,2,53,99,1,1,29,"777777777777","777777777777","777777777777",0,0
48,480734,1,1,1,21,3,6,52,8,0,1,0,48,1,59,34,59034,4,2007,"JTHBE96SX700","J","T","H","B","E","9","6","S","X","7","0","0",0,0,0,"000000000","00000000000",0,0,0,1,0,0,0,0,0,0,0,998,0,0,0,12,2,3,8,0,0,0,1,48,77661,6,1,0,0,3,0,999,999,1,0,0,1,2,4,2012,3,2014,0,0,0,0,0,5,5,40,1,1,8,1,0,0,1,80,99,1,1,13,"777777777777","777777777777","777777777777",0,0
48,480735,1,1,1,23,3,18,49,30,0,1,0,99,9,37,706,37706,80,2003,"JH2SC50063M1","J","H","2","S","C","5","0","0","6","3","M","1",0,0,0,"000000000","00000000000",0,0,0,1,0,0,0,0,0,0,0,998,0,0,0,98,8,2,30,0,0,0,1,48,76015,6,1,0,0,2,3,999,999,0,0,0,1,1,11,2014,1,2015,4,0,0,0,0,2,2,40,1,1,8,1,0,0,1,6,99,9,4,2,"777777777777","777777777777","777777777777",1,0
48,480736,1,1,1,24,3,23,20,8,0,1,0,48,3,7,442,7442,20,2013,"2C4RDGCG7DR5","2","C","4","R","D","G","C","G","7","D","R","5",0,0,0,"000000000","00000000000",0,0,0,1,0,0,0,0,0,0,0,998,0,0,0,12,2,3,8,0,0,0,1,48,77082,6,1,0,0,3,0,999,999,2,0,0,0,0,5,2011,9,2011,0,0,0,0,0,3,4,60,1,1,1,1,0,0,1,80,99,1,1,13,"777777777777","777777777777","777777777777",0,0
48,480737,1,3,1,25,3,20,59,12,2,1,0,48,4,7,29,7029,4,2016,"1C3CDFBA5GD5","1","C","3","C","D","F","B","A","5","G","D","5",0,0,0,"000000000","00000000000",0,0,0,1,0,0,0,0,0,0,0,998,0,0,0,12,6,2,12,0,0,0,1,6,90045,6,1,0,0,3,0,66,130,0,0,0,1,0,5,2015,5,2015,0,50,0,0,0,3,2,80,1,1,8,1,0,0,1,54,99,1,1,52,"777777777777","777777777777","777777777777",1,0
48,480737,2,3,1,25,3,20,59,12,2,1,0,48,2,13,12,13012,4,2005,"1LNHM87A95Y6","1","L","N","H","M","8","7","A","9","5","Y","6",0,0,0,"000000000","00000000000",0,0,0,1,0,0,0,0,0,0,0,998,0,0,0,12,6,2,12,0,0,0,1,48,79762,6,1,0,0,3,0,999,999,0,0,0,0,0,0,0,0,0,0,0,0,0,0,3,2,80,1,1,8,1,0,0,1,54,99,1,1,52,"777777777777","777777777777","777777777777",1,0
48,480737,3,3,1,25,3,20,59,12,2,1,0,93,3,85,881,85881,66,2008,"1XKAD49X38J2","1","X","K","A","D","4","9","X","3","8","J","2",1,1,57,"2638716","572638716",3,6,1,1,0,0,0,0,0,0,0,998,0,0,0,12,6,2,12,0,0,0,1,48,78526,6,1,6,0,3,0,999,999,0,0,0,0,1,8,2014,8,2014,0,0,0,0,0,3,2,80,1,1,8,1,0,0,1,60,99,1,1,98,"1UYVS25327P1","777777777777","777777777777",0,0
48,480738,1,2,1,25,3,21,7,12,6,1,0,48,1,22,9,22009,2,1999,"2G2FV22G1X22","2","G","2","F","V","2","2","G","1","X","2","2",0,0,0,"000000000","00000000000",0,0,0,1,0,0,0,0,0,0,0,0,0,0,0,61,6,2,12,0,0,0,1,48,78415,6,1,0,0,3,0,999,999,0,0,0,0,0,0,0,0,0,0,54,0,0,0,3,4,65,1,1,8,1,0,0,5,98,1,9,9,98,"777777777777","777777777777","777777777777",1,1
48,480738,2,2,1,25,3,21,7,12,6,1,0,48,1,13,1,13001,4,2001,"1LNHM83W61Y6","1","L","N","H","M","8","3","W","6","1","Y","6",0,0,0,"000000000","00000000000",0,0,0,1,0,0,0,0,0,0,0,998,0,0,0,12,6,2,12,0,0,0,1,48,78415,0,0,0,0,0,0,999,999,0,0,0,0,0,0,0,0,0,0,0,0,0,0,3,4,65,1,1,8,1,0,0,1,50,99,1,1,98,"777777777777","777777777777","777777777777",0,0
48,480739,1,2,1,25,3,18,17,12,2,1,0,48,2,49,43,49043,4,2009,"4T1BK36B29U3","4","T","1","B","K","3","6","B","2","9","U","3",0,0,0,"000000000","00000000000",0,0,0,1,0,0,0,0,0,0,0,998,0,0,0,12,6,2,12,0,0,0,1,48,76001,6,1,0,0,3,0,999,999,0,0,0,0,0,0,0,0,0,0,28,0,0,0,1,2,30,2,1,8,1,0,0,14,10,99,1,2,50,"777777777777","777777777777","777777777777",1,1
48,480739,2,2,2,25,3,18,17,12,2,1,0,48,1,12,481,12481,31,2009,"1FTRW12829KA","1","F","T","R","W","1","2","8","2","9","K","A",0,0,0,"000000000","00000000000",0,0,0,1,0,0,0,0,0,0,0,998,0,0,0,12,6,2,12,0,0,0,1,48,76001,6,1,0,0,3,0,999,999,0,0,0,1,0,2,2014,2,2014,0,0,0,0,0,1,2,30,3,1,8,1,0,0,14,62,99,1,1,51,"777777777777","777777777777","777777777777",0,0
48,480740,1,2,2,26,3,23,20,12,6,1,0,48,1,49,43,49043,4,2001,"4T1BF28B61U1","4","T","1","B","F","2","8","B","6","1","U","1",0,0,0,"000000000","00000000000",0,0,0,1,0,0,0,0,0,0,0,998,0,0,0,82,6,2,12,0,0,0,1,48,78023,0,0,0,0,0,0,999,999,0,0,0,0,0,0,0,0,0,0,38,0,0,0,5,5,40,1,1,8,1,3,3,11,15,99,1,1,68,"777777777777","777777777777","777777777777",1,0
48,480740,2,2,1,26,3,23,20,12,6,1,0,48,1,12,481,12481,31,2011,"1FT7W2BT1BEA","1","F","T","7","W","2","B","T","1","B","E","A",0,0,0,"000000000","00000000000",0,0,0,1,0,0,0,0,0,0,0,998,0,0,0,12,6,2,12,0,0,0,1,48,78023,6,1,0,0,3,3,999,999,0,0,0,0,0,0,0,0,0,0,0,0,0,0,5,5,40,1,1,8,1,3,3,1,62,1,1,1,69,"777777777777","777777777777","777777777777",0,0
48,480741,1,1,3,26,3,11,30,14,0,1,0,48,1,12,401,12401,14,2006,"1FMEU64E86ZA","1","F","M","E","U","6","4","E","8","6","Z","A",0,0,0,"000000000","00000000000",0,0,0,1,0,0,0,0,0,0,0,998,0,0,0,12,6,2,8,0,0,0,1,48,75048,1,1,0,0,2,0,999,999,0,13,0,2,0,4,2011,12,2015,0,28,0,0,0,3,4,65,1,1,8,1,0,0,1,13,99,1,4,11,"777777777777","777777777777","777777777777",0,0