"STATE","ST_CASE","VEH_NO","VE_FORMS","NUMOCCS","DAY","MONTH","HOUR","MINUTE","HARM_EV","MAN_COLL","UNITTYPE","HIT_RUN","REG_STAT","OWNER","MAKE","MODEL","MAK_MOD","BODY_TYP","MOD_YEAR","VIN","VIN_1","VIN_2","VIN_3","VIN_4","VIN_5","VIN_6","VIN_7","VIN_8","VIN_9","VIN_10","VIN_11","VIN_12","TOW_VEH","J_KNIFE","MCARR_I1","MCARR_I2","MCARR_ID","GVWR","V_CONFIG","CARGO_BT","HAZ_INV","HAZ_PLAC","HAZ_ID","HAZ_CNO","HAZ_REL","BUS_USE","SPEC_USE","EMER_USE","TRAV_SP","UNDERIDE","ROLLOVER","ROLINLOC","IMPACT1","DEFORMED","TOWED","M_HARM","VEH_SC1","VEH_SC2","FIRE_EXP","DR_PRES","L_STATE","DR_ZIP","L_STATUS","L_TYPE","CDL_STAT","L_ENDORS","L_COMPL","L_RESTRI","DR_HGT","DR_WGT","PREV_ACC","PREV_SUS","PREV_DWI","PREV_SPD","PREV_OTH","FIRST_MO","FIRST_YR","LAST_MO","LAST_YR","SPEEDREL","DR_SF1","DR_SF2","DR_SF3","DR_SF4","VTRAFWAY","VNUM_LAN","VSPD_LIM","VALIGN","VPROFILE","VPAVETYP","VSURCOND","VTRAFCON","VTCONT_F","P_CRASH1","P_CRASH2","P_CRASH3","PCRASH4","PCRASH5","ACC_TYPE","TRLR1VIN","TRLR2VIN","TRLR3VIN","DEATHS","DR_DRINK"
48,480742,1,1,1,26,3,21,36,18,0,1,0,48,2,49,402,49402,14,2006,"JTMZD33V8650","J","T","M","Z","D","3","3","V","8","6","5","0",0,0,0,"000000000","00000000000",0,0,0,1,0,0,0,0,0,0,0,998,0,0,0,98,6,2,30,0,0,0,1,48,75068,6,1,0,0,3,0,999,999,0,0,0,0,0,0,0,0,0,3,58,0,0,0,5,5,35,2,1,8,1,0,0,1,10,7,2,4,1,"777777777777","777777777777","777777777777",1,1
48,480743,1,1,1,26,3,17,10,33,0,1,0,48,2,72,706,72706,80,2000,"1HD1FJV14YY6","1","H","D","1","F","J","V","1","4","Y","Y","6",0,0,0,"000000000","00000000000",0,0,0,1,0,0,0,0,0,0,0,998,0,0,0,98,8,2,33,0,0,0,1,48,77084,6,1,0,0,3,3,999,999,0,3,0,2,1,10,2011,7,2015,4,28,0,0,0,3,2,40,3,1,8,1,0,0,14,6,99,2,4,1,"777777777777","777777777777","777777777777",1,1
48,480744,1,2,1,26,3,20,40,12,1,1,0,48,1,34,401,34401,14,2011,"5UXZW0C55BL6","5","U","X","Z","W","0","C","5","5","B","L","6",0,0,0,"000000000","00000000000",0,0,0,1,0,0,0,0,0,0,0,998,0,0,0,12,6,2,12,0,0,0,1,48,77373,6,1,0,0,3,0,999,999,0,0,0,1,0,4,2013,4,2013,5,0,0,0,0,5,7,50,1,1,8,1,0,0,1,52,1,1,1,84,"777777777777","777777777777","777777777777",0,0
48,480744,2,2,6,26,3,20,40,12,1,1,0,48,1,49,442,49442,20,2001,"4T3ZF19C01U3","4","T","3","Z","F","1","9","C","0","1","U","3",0,0,0,"000000000","00000000000",0,0,0,1,0,0,0,0,0,0,0,998,0,0,0,6,6,2,12,0,0,0,1,48,77080,6,1,0,0,3,0,999,999,0,0,0,0,1,8,2013,8,2013,0,48,0,0,0,5,7,50,1,1,8,1,0,0,11,53,1,1,1,84,"777777777777","777777777777","777777777777",2,0
48,480745,1,2,1,26,3,23,20,12,2,1,0,48,1,12,481,12481,31,2006,"1FTPW14V26KC","1","F","T","P","W","1","4","V","2","6","K","C",0,0,0,"000000000","00000000000",0,0,0,1,0,0,0,0,0,0,0,998,0,0,0,12,6,2,12,0,0,0,1,48,77396,6,1,6,0,3,0,999,999,0,0,0,0,0,0,0,0,0,0,91,28,0,0,1,4,35,1,1,8,1,0,0,1,10,99,1,6,50,"777777777777","777777777777","777777777777",0,1
48,480745,2,2,2,26,3,23,20,12,2,1,0,48,2,55,37,55037,2,2008,"KMHHM66DX8U2","K","M","H","H","M","6","6","D","X","8","U","2",0,0,0,"000000000","00000000000",0,0,0,1,0,0,0,0,0,0,0,998,0,0,0,12,6,2,12,0,0,0,1,48,77093,0,0,0,0,0,0,999,999,0,0,0,0,0,0,0,0,0,0,0,0,0,0,1,4,35,1,1,8,1,99,9,1,62,99,1,1,51,"777777777777","777777777777","777777777777",1,0
48,480746,1,1,3,26,3,10,35,34,0,1,0,48,2,49,40,49040,4,2000,"JT2BG22K9Y04","J","T","2","B","G","2","2","K","9","Y","0","4",0,0,0,"000000000","00000000000",0,0,0,1,0,0,0,0,0,0,0,998,0,1,5,98,6,2,1,0,0,0,1,48,77611,0,0,0,0,0,0,999,999,0,0,0,0,0,0,0,0,0,0,80,0,0,0,1,4,45,1,1,8,1,0,0,1,1,99,2,4,7,"777777777777","777777777777","777777777777",1,0
48,480747,1,1,1,27,3,0,40,5,0,1,0,48,2,73,706,73706,80,2004,"JKAZXCC1X4A0","J","K","A","Z","X","C","C","1","X","4","A","0",0,0,0,"000000000","00000000000",0,0,0,1,0,0,0,0,0,0,0,120,0,0,0,0,6,2,5,0,0,1,1,48,76119,6,1,6,0,2,0,70,230,0,0,0,1,0,1,2012,1,2012,3,37,0,0,0,6,1,60,2,2,8,1,0,0,14,6,99,1,1,0,"777777777777","777777777777","777777777777",1,1
48,480748,1,1,1,27,3,0,38,8,0,1,0,6,3,82,881,82881,66,2016,"3AKJGLD54GSG","3","A","K","J","G","L","D","5","4","G","S","G",1,1,57,"2724578","572724578",3,6,1,1,0,0,0,0,0,0,0,998,0,0,0,12,0,5,8,0,0,0,1,6,93313,6,1,6,0,3,0,71,200,0,0,0,0,1,1,2014,1,2014,0,0,0,0,0,3,2,75,1,1,8,1,0,0,1,50,6,1,4,13,"1UYVS2532GU5","777777777777","777777777777",0,0
48,480749,1,1,1,27,3,2,35,8,0,1,0,48,1,37,31,37031,2,2011,"2HGFG2A56BH7","2","H","G","F","G","2","A","5","6","B","H","7",0,0,0,"000000000","00000000000",0,0,0,1,0,0,0,0,0,0,0,998,0,0,0,12,2,3,8,0,0,0,1,48,77433,6,1,0,0,3,0,999,999,0,0,0,0,0,0,0,0,0,0,0,0,0,0,5,7,40,1,1,8,1,0,0,1,80,99,1,1,13,"777777777777","777777777777","777777777777",0,0
48,480750,1,2,1,27,3,21,13,12,2,1,0,48,1,35,472,35472,30,2003,"1N6ED29Y33C4","1","N","6","E","D","2","9","Y","3","3","C","4",0,0,0,"000000000","00000000000",0,0,0,1,0,0,0,0,0,0,0,998,0,0,0,12,6,2,12,0,0,0,1,48,75159,0,0,0,0,0,0,999,999,0,0,0,0,0,0,0,0,0,0,91,0,0,0,5,7,50,1,1,8,1,0,0,1,10,99,1,2,50,"777777777777","777777777777","777777777777",0,1
48,480750,2,2,4,27,3,21,13,12,2,1,0,48,1,20,2,20002,4,2012,"2G1WB5E36C12","2","G","1","W","B","5","E","3","6","C","1","2",0,0,0,"000000000","00000000000",0,0,0,1,0,0,0,0,0,0,0,998,0,0,0,12,6,2,12,0,0,0,1,48,77039,6,1,0,0,3,3,999,999,0,0,0,0,0,0,0,0,0,0,0,0,0,0,5,7,50,1,1,8,1,0,0,1,62,99,1,1,51,"777777777777","777777777777","777777777777",1,0
48,480751,1,2,1,28,3,17,25,12,6,1,0,48,3,35,43,35043,4,2015,"3N1AB7AP5FY3","3","N","1","A","B","7","A","P","5","F","Y","3",0,0,0,"000000000","00000000000",0,0,0,1,0,0,0,0,0,0,0,98,0,0,0,12,6,2,12,0,0,0,1,48,75228,6,1,0,0,3,0,999,999,0,3,0,0,1,5,2012,8,2015,3,0,0,0,0,2,3,35,2,1,8,1,0,0,14,17,99,1,1,83,"777777777777","777777777777","777777777777",0,0
48,480751,2,2,5,28,3,17,25,12,6,1,0,48,2,7,43,7043,4,1998,"1B3EJ46X8WN1","1","B","3","E","J","4","6","X","8","W","N","1",0,0,0,"000000000","00000000000",0,0,0,1,0,0,0,0,0,0,0,998,0,0,0,7,6,2,12,0,0,0,1,48,75212,3,1,0,0,2,0,999,999,0,0,0,0,0,0,0,0,0,0,0,0,0,0,1,2,98,8,8,8,98,20,3,11,66,99,1,1,82,"777777777777","777777777777","777777777777",3,0
48,480752,1,1,2,28,3,5,55,30,0,1,0,48,9,20,431,20431,16,2000,"3GNEC16T8YG1","3","G","N","E","C","1","6","T","8","Y","G","1",0,0,0,"000000000","00000000000",0,0,0,1,0,0,0,0,0,0,0,998,0,0,0,12,6,2,30,0,0,0,1,99,99999,9,9,99,9,9,9,999,999,99,99,99,99,99,99,9999,99,9999,0,0,0,0,0,3,2,35,3,1,1,1,0,0,14,13,99,1,4,1,"777777777777","777777777777","777777777777",1,0
48,480753,1,2,3,28,3,22,18,12,6,1,0,6,2,22,20,22020,4,2002,"1G2WR52112F2","1","G","2","W","R","5","2","1","1","2","F","2",0,0,0,"000000000","00000000000",0,0,0,1,0,0,0,0,0,0,0,998,0,0,0,12,6,2,12,0,0,0,1,48,77053,0,0,0,0,0,0,999,999,0,0,0,0,0,0,0,0,0,0,0,0,0,0,3,3,40,1,1,8,1,0,0,1,62,99,1,1,69,"777777777777","777777777777","777777777777",0,0
48,480753,2,2,3,28,3,22,18,12,6,1,0,48,0,37,31,37031,4,2001,"2HGES16501H5","2","H","G","E","S","1","6","5","0","1","H","5",0,0,0,"000000000","00000000000",0,0,0,1,0,0,0,0,0,0,0,998,0,0,0,3,6,2,12,0,0,0,1,48,77035,0,0,0,0,0,0,999,999,0,0,0,0,0,0,0,0,0,0,38,91,0,0,3,4,40,1,1,8,1,0,0,11,15,99,1,1,68,"777777777777","777777777777","777777777777",1,1
48,480754,1,3,1,28,3,14,17,57,0,1,0,22,1,12,481,12481,31,2007,"1FTPX12V27KC","1","F","T","P","X","1","2","V","2","7","K","C",0,0,0,"000000000","00000000000",0,0,0,1,0,0,0,0,0,0,0,998,0,0,0,12,6,2,12,0,0,0,1,22,70601,6,1,0,0,3,0,64,145,0,0,0,1,0,9,2015,9,2015,0,91,0,0,0,3,2,75,1,1,8,1,0,0,1,12,99,1,4,6,"777777777777","777777777777","777777777777",0,0
48,480754,2,3,1,28,3,14,17,57,0,1,0,48,1,35,47,35047,2,2009,"1N4AL24E39C1","1","N","4","A","L","2","4","E","3","9","C","1",0,0,0,"000000000","00000000000",0,0,0,1,0,0,0,0,0,0,0,998,0,0,0,12,6,2,12,0,0,0,1,48,77033,6,1,0,0,3,3,999,999,0,0,0,0,0,0,0,0,0,0,0,0,0,0,3,2,75,1,1,8,1,0,0,1,62,99,1,1,98,"777777777777","777777777777","777777777777",1,0
48,480754,3,3,3,28,3,14,17,57,0,1,0,48,1,54,421,54421,15,2016,"5FRYD3H49GB0","5","F","R","Y","D","3","H","4","9","G","B","0",0,0,0,"000000000","00000000000",0,0,0,1,0,0,0,0,0,0,0,998,0,0,0,12,2,3,54,0,0,0,1,48,77642,6,1,0,0,3,0,999,999,0,0,0,1,0,9,2014,9,2014,0,0,0,0,0,3,2,75,1,1,8,1,0,0,1,62,99,1,1,98,"777777777777","777777777777","777777777777",0,0
48,480755,1,2,1,30,3,14,12,12,6,1,0,48,2,7,422,7422,15,2012,"1C4SDHCT1CC2","1","C","4","S","D","H","C","T","1","C","C","2",0,0,0,"000000000","00000000000",0,0,0,1,0,0,0,0,0,0,0,998,0,0,0,3,6,2,12,0,0,1,1,48,75563,6,1,0,0,3,3,999,999,0,0,0,0,0,0,0,0,0,4,0,0,0,0,2,2,75,3,2,8,6,0,0,14,6,99,4,4,64,"777777777777","777777777777","777777777777",1,0
48,480755,2,2,1,30,3,14,12,12,6,1,0,17,1,87,881,87881,66,2009,"1XPXD49X19D7","1","X","P","X","D","4","9","X","1","9","D","7",1,1,57,"600382","57600382",3,6,98,1,0,0,0,0,0,0,0,998,0,0,0,12,6,2,12,0,0,0,1,5,71862,6,1,6,0,3,0,71,190,0,0,0,1,0,12,2013,12,2013,0,0,0,0,0,2,2,75,2,2,8,2,0,0,14,62,9,1,1,65,"1B9DS3025SH3","777777777777","777777777777",0,0
48,480756,1,1,1,30,3,13,23,1,0,1,0,48,0,2,404,2404,14,1999,"1J4FF68SXXL6","1","J","4","F","F","6","8","S","X","X","L","6",0,0,0,"000000000","00000000000",0,0,0,1,0,0,0,0,0,0,0,998,0,2,6,0,2,3,1,0,0,0,1,48,78596,6,1,0,0,3,0,999,999,0,0,0,0,0,0,0,0,0,0,37,0,0,0,5,5,30,1,1,8,1,0,0,1,15,99,1,4,9,"777777777777","777777777777","777777777777",1,0
48,480757,1,1,1,30,3,18,45,1,0,1,0,48,0,7,482,7482,31,1998,"1B7KC2366WJ1","1","B","7","K","C","2","3","6","6","W","J","1",0,0,0,"000000000","00000000000",0,0,0,1,0,0,0,0,0,0,0,998,0,2,5,0,6,2,1,0,0,0,1,48,76058,6,1,0,0,3,0,999,999,0,0,0,1,0,3,2016,3,2016,4,0,0,0,0,1,2,65,3,2,8,2,0,0,14,6,99,2,4,2,"777777777777","777777777777","777777777777",1,0
48,480758,1,1,1,30,3,16,37,57,0,1,0,47,1,82,881,82881,66,2008,"1FUJGLCK68LZ","1","F","U","J","G","L","C","K","6","8","L","Z",1,1,57,"1622100","571622100",3,6,1,1,0,0,0,0,0,0,0,998,0,0,0,98,6,2,2,0,0,1,1,47,37421,6,1,6,0,3,3,61,221,0,0,0,0,0,0,0,0,0,0,0,0,0,0,3,2,75,1,1,8,1,0,0,1,1,99,9,4,7,"1GRAP0622GT6","777777777777","777777777777",1,0
48,480759,1,1,1,30,3,6,30,38,0,1,0,48,2,20,431,20431,16,1999,"3GNEC16R4XG1","3","G","N","E","C","1","6","R","4","X","G","1",0,0,0,"000000000","00000000000",0,0,0,1,0,0,0,0,0,0,0,998,0,0,0,6,6,2,42,0,0,0,1,48,77833,0,0,0,0,0,0,999,999,0,0,0,0,0,0,0,0,0,4,58,0,0,0,1,2,60,3,1,8,1,0,0,14,13,6,3,4,2,"777777777777","777777777777","777777777777",1,0
48,480760,1,3,1,31,3,16,1,12,6,1,0,48,1,35,472,35472,30,2010,"1N6AD0ER7AC4","1","N","6","A","D","0","E","R","7","A","C","4",0,0,0,"000000000","00000000000",0,0,0,1,0,0,0,0,0,0,0,998,0,0,0,82,6,2,12,0,0,0,1,48,75803,6,1,0,0,3,0,999,999,0,0,0,0,0,0,0,0,0,0,38,48,0,0,5,6,55,1,1,8,1,3,3,11,15,99,1,1,68,"777777777777","777777777777","777777777777",1,0
48,480760,2,3,2,31,3,16,1,12,6,1,0,48,1,12,880,12880,67,2001,"1FTWW32F11EA","1","F","T","W","W","3","2","F","1","1","E","A",0,0,88,"888888888","88888888888",2,1,97,1,0,0,0,0,0,0,0,998,0,0,0,12,6,2,12,0,0,0,1,48,77039,6,1,0,0,3,0,999,999,0,0,0,1,0,1,2016,1,2016,0,0,0,0,0,5,6,55,1,1,8,1,3,3,1,62,99,1,1,69,"777777777777","777777777777","777777777777",0,0
48,480760,3,3,1,31,3,16,1,12,6,1,0,48,1,20,481,20481,31,2015,"3GCPCREC9FG2","3","G","C","P","C","R","E","C","9","F","G","2",0,0,0,"000000000","00000000000",0,0,0,1,0,0,0,0,0,0,0,0,0,0,0,11,6,2,12,0,0,0,1,48,75803,6,1,0,0,3,3,999,999,0,0,0,0,0,0,0,0,0,0,0,0,0,0,1,3,98,8,8,8,98,3,3,5,66,1,1,1,98,"777777777777","777777777777","777777777777",0,0
48,480762,1,1,1,31,3,10,25,30,0,1,0,48,1,18,2,18002,4,1995,"1G4HR52L9SH5","1","G","4","H","R","5","2","L","9","S","H","5",0,0,0,"000000000","00000000000",0,0,0,1,0,0,0,0,0,0,0,998,0,0,0,12,6,2,30,0,0,0,1,48,75240,6,1,0,0,3,3,999,999,0,2,0,0,0,7,2011,1,2015,0,99,99,99,99,2,3,45,1,1,8,1,0,0,1,8,99,1,4,6,"777777777777","777777777777","777777777777",1,0
48,480763,1,2,2,31,3,17,6,30,0,1,0,48,3,20,2,20002,4,2006,"2G1WD58C9692","2","G","1","W","D","5","8","C","9","6","9","2",0,0,0,"000000000","00000000000",0,0,0,1,0,0,0,0,0,0,0,87,0,0,0,1,6,2,12,0,0,0,1,48,75216,0,0,0,0,0,0,999,999,0,7,0,0,1,10,2013,10,2015,0,0,0,0,0,3,3,45,2,2,8,1,0,0,14,9,99,4,4,7,"777777777777","777777777777","777777777777",1,0
48,480763,2,2,2,31,3,17,6,30,0,1,0,48,0,19,18,19018,4,2004,"1G6DM5775401","1","G","6","D","M","5","7","7","5","4","0","1",0,0,0,"000000000","00000000000",0,0,0,1,0,0,0,0,0,0,0,998,0,0,0,12,6,2,12,0,0,0,1,48,75149,0,0,0,0,0,0,999,999,0,0,0,0,0,0,0,0,0,3,0,0,0,0,2,3,45,3,2,8,1,0,0,14,62,99,1,1,98,"777777777777","777777777777","777777777777",0,0
48,480764,1,3,1,31,3,4,50,8,0,1,0,93,3,84,881,84881,66,2009,"3HSCUAPR49N1","3","H","S","C","U","A","P","R","4","9","N","1",1,1,57,"1070464","571070464",3,6,2,1,0,0,0,0,0,0,0,998,0,0,0,9,6,2,12,0,0,0,1,48,77033,6,1,6,0,3,3,999,999,1,1,0,0,0,11,2012,3,2016,0,0,0,0,0,1,2,45,1,1,8,2,0,0,13,53,99,1,1,98,"1P91412A54A5","777777777777","777777777777",0,0
48,480764,2,3,0,31,3,4,50,8,0,1,0,48,6,49,472,49472,30,2002,"5TENL42N82Z0","5","T","E","N","L","4","2","N","8","2","Z","0",0,0,0,"000000000","00000000000",0,0,0,1,0,0,0,0,0,0,0,0,0,0,0,11,6,2,12,0,0,0,0,0,99997,7,6,97,7,6,7,998,997,998,998,998,998,998,98,9998,98,9998,8,54,0,0,0,1,2,45,1,1,8,2,0,0,0,53,0,0,0,98,"777777777777","777777777777","777777777777",0,0
48,480764,3,3,1,31,3,4,50,8,0,1,0,48,1,7,482,7482,31,2010,"3D7JB1EK9AG1","3","D","7","J","B","1","E","K","9","A","G","1",0,0,0,"000000000","00000000000",0,0,0,1,0,0,0,0,0,0,0,998,0,0,0,12,6,2,8,0,0,0,1,48,77535,6,1,0,0,3,0,999,999,0,0,0,1,0,2,2014,2,2014,0,0,0,0,0,1,2,45,1,1,8,2,0,0,1,56,99,1,1,13,"777777777777","777777777777","777777777777",0,0
48,480765,1,2,1,31,3,15,21,12,6,1,0,48,1,20,25,20025,4,2011,"1G1PH5S94B72","1","G","1","P","H","5","S","9","4","B","7","2",0,0,0,"000000000","00000000000",0,0,0,1,0,0,0,0,0,0,0,998,0,0,0,12,2,3,12,0,0,0,1,48,75833,6,1,0,0,3,0,999,999,0,16,1,1,0,3,2011,11,2015,0,38,0,0,0,4,2,98,8,8,8,98,20,3,4,17,99,1,1,88,"777777777777","777777777777","777777777777",0,0
48,480765,2,2,2,31,3,15,21,12,6,1,0,48,1,35,51,35051,6,2013,"JN8AS5MT6DW5","J","N","8","A","S","5","M","T","6","D","W","5",0,0,0,"000000000","00000000000",0,0,0,1,0,0,0,0,0,0,0,998,0,1,5,7,6,2,1,0,0,0,1,48,75833,6,1,0,0,3,3,999,999,0,0,0,0,0,0,0,0,0,0,0,0,0,0,4,2,70,1,1,8,1,0,0,1,66,7,1,1,89,"777777777777","777777777777","777777777777",1,0
48,480766,1,1,1,30,3,7,0,8,0,1,0,48,1,2,404,2404,14,2005,"1J4GR48K95C5","1","J","4","G","R","4","8","K","9","5","C","5",0,0,0,"000000000","00000000000",0,0,0,1,0,0,0,0,0,0,0,998,0,0,0,12,2,3,8,0,0,0,1,48,78148,6,1,0,0,3,3,999,999,0,0,0,0,0,0,0,0,0,0,0,0,0,0,5,5,45,1,1,8,2,0,0,1,80,99,1,1,13,"777777777777","777777777777","777777777777",0,0
48,480767,1,2,2,30,3,6,55,12,2,1,0,18,3,82,881,82881,66,2016,"1FUJGLD5XGLH","1","F","U","J","G","L","D","5","X","G","L","H",2,1,57,"71821","5771821",3,7,1,1,0,0,0,0,0,0,0,998,0,0,0,12,6,2,12,0,0,0,1,20,66044,6,1,6,0,3,0,82,225,0,0,0,0,0,0,0,0,0,0,0,0,0,0,1,2,75,1,1,8,1,0,0,1,62,99,1,1,51,"1JJV281W15L9","1JJV281W94L8","777777777777",0,0
48,480767,2,2,1,30,3,6,55,12,2,1,0,35,1,2,403,2403,14,1997,"1J4FY29P8VP4","1","J","4","F","Y","2","9","P","8","V","P","4",0,0,0,"000000000","00000000000",0,0,0,1,0,0,0,0,0,0,0,998,0,0,0,12,6,2,12,0,0,0,1,35,88310,6,1,0,0,3,3,68,228,98,0,0,0,0,0,0,0,0,0,0,0,0,0,1,2,75,1,1,8,1,0,0,1,10,99,1,2,50,"777777777777","777777777777","777777777777",1,0
48,480768,1,1,2,30,3,23,56,1,0,1,0,48,1,20,421,20421,15,2004,"1GNEK13T24R2","1","G","N","E","K","1","3","T","2","4","R","2",0,0,0,"000000000","00000000000",0,0,0,1,0,0,0,0,0,0,0,998,0,2,5,0,6,2,1,0,0,0,1,48,77328,6,1,0,0,3,0,999,999,0,0,0,0,0,0,0,0,0,4,0,0,0,0,1,2,55,2,1,8,1,0,0,14,10,7,9,4,2,"777777777777","777777777777","777777777777",1,1
48,480769,1,2,3,31,3,14,15,12,2,1,0,48,2,12,461,12461,21,2008,"1FTSE34L58DA","1","F","T","S","E","3","4","L","5","8","D","A",0,0,0,"000000000","00000000000",0,0,0,1,0,0,0,0,0,0,0,998,0,1,1,12,6,2,12,0,0,0,1,48,75098,0,0,0,0,0,0,999,999,0,0,0,0,0,0,0,0,0,0,28,51,91,0,1,2,55,1,1,8,1,0,0,1,10,99,1,2,50,"777777777777","777777777777","777777777777",0,0
48,480769,2,2,3,31,3,14,15,12,2,1,0,48,1,49,32,49032,4,2015,"5YFBURHE8FP3","5","Y","F","B","U","R","H","E","8","F","P","3",0,0,0,"000000000","00000000000",0,0,0,1,0,0,0,0,0,0,0,998,0,0,0,12,6,2,12,0,0,0,1,48,75166,6,1,0,0,3,0,999,999,0,0,0,1,0,8,2013,8,2013,0,0,0,0,0,1,2,55,1,1,8,1,0,0,1,62,99,1,1,51,"777777777777","777777777777","777777777777",3,0
48,480770,1,2,1,31,3,16,22,12,1,1,0,48,2,37,31,37031,4,2002,"1HGEM22552L0","1","H","G","E","M","2","2","5","5","2","L","0",0,0,0,"000000000","00000000000",0,0,0,1,0,0,0,0,0,0,0,998,0,0,0,12,2,3,12,0,0,0,1,48,77489,6,2,0,0,3,0,62,127,0,0,0,0,0,0,0,0,0,0,0,0,0,0,1,2,50,1,1,8,1,0,0,1,50,99,1,1,20,"777777777777","777777777777","777777777777",1,0
48,480770,2,2,1,31,3,16,22,12,1,1,0,48,1,37,402,37402,14,2014,"5J6RM4H79EL0","5","J","6","R","M","4","H","7","9","E","L","0",0,0,0,"000000000","00000000000",0,0,0,1,0,0,0,0,0,0,0,0,0,0,0,6,2,3,12,0,0,0,1,48,77469,6,1,0,0,3,3,999,999,0,0,0,0,0,0,0,0,0,0,0,0,0,0,1,2,50,1,1,8,1,0,0,5,53,1,1,1,22,"777777777777","777777777777","777777777777",0,0
48,480771,1,1,1,3,2,1,32,53,0,1,0,48,1,49,401,49401,14,1994,"JT3VN39W7R80","J","T","3","V","N","3","9","W","7","R","8","0",0,0,0,"000000000","00000000000",0,0,0,1,0,0,0,0,0,0,0,998,0,0,0,98,6,2,53,0,0,0,1,48,76086,6,1,6,0,3,0,999,999,0,0,0,4,0,3,2013,1,2016,5,0,0,0,0,4,2,50,1,1,8,1,0,0,1,99,99,9,4,1,"777777777777","777777777777","777777777777",1,1
48,480772,1,1,1,11,2,2,0,8,0,1,0,48,3,20,481,20481,31,2009,"1GCEC14059Z1","1","G","C","E","C","1","4","0","5","9","Z","1",0,0,0,"000000000","00000000000",0,0,0,1,0,0,0,0,0,0,0,998,0,0,0,12,2,3,8,0,0,0,1,48,78244,6,1,0,0,3,3,999,999,0,0,0,0,0,0,0,0,0,0,0,0,0,0,3,2,75,1,2,8,1,0,0,1,80,1,1,1,13,"777777777777","777777777777","777777777777",0,0
48,480773,1,1,3,14,2,12,40,1,0,1,0,48,1,18,7,18007,4,2000,"2G4WS52J4Y12","2","G","4","W","S","5","2","J","4","Y","1","2",0,0,0,"000000000","00000000000",0,0,0,1,0,0,0,0,0,0,0,998,0,2,1,0,6,2,1,0,0,0,1,48,75052,6,1,0,0,3,0,999,999,0,0,0,3,0,2,2015,9,2015,0,58,0,0,0,3,2,75,1,2,8,1,0,0,1,61,6,2,6,98,"777777777777","777777777777","777777777777",1,0
48,480774,1,1,3,25,2,18,50,8,0,1,0,48,1,12,23,12023,4,2013,"3FA6P0HR1DR1","3","F","A","6","P","0","H","R","1","D","R","1",0,0,0,"000000000","00000000000",0,0,0,1,0,0,0,0,0,0,0,998,0,0,0,12,0,5,8,0,0,0,1,48,79936,6,1,0,0,3,0,999,999,1,0,0,1,0,5,2011,7,2014,0,0,0,0,0,1,5,30,1,1,8,1,3,3,10,80,99,1,1,13,"777777777777","777777777777","777777777777",0,0
48,480775,1,1,6,8,3,13,14,57,0,1,0,48,1,7,422,7422,15,2004,"1D4HB48D54F1","1","D","4","H","B","4","8","D","5","4","F","1",0,0,0,"000000000","00000000000",0,0,0,1,0,0,0,0,0,0,0,998,0,1,3,12,6,2,1,0,0,0,1,48,79835,6,1,0,0,3,3,999,999,0,0,0,0,0,0,0,0,0,4,80,58,0,0,3,2,80,3,1,8,1,0,0,14,1,8,4,4,7,"777777777777","777777777777","777777777777",1,0
48,480776,1,1,1,13,3,14,32,31,0,1,0,48,0,51,47,51047,4,2004,"YV1RS59VX423","Y","V","1","R","S","5","9","V","X","4","2","3",0,0,0,"000000000","00000000000",0,0,0,1,0,0,0,0,0,0,0,998,0,1,5,12,6,2,1,0,0,1,1,48,75067,6,1,0,0,3,0,62,143,0,29,0,1,1,4,2011,9,2015,0,0,0,0,0,3,4,70,1,1,8,1,0,0,1,13,99,1,4,1,"777777777777","777777777777","777777777777",1,0
48,480777,1,2,2,20,3,20,45,12,6,1,0,12,3,87,884,87884,66,2004,"1XPFDB9XX4N8","1","X","P","F","D","B","9","X","X","4","N","8",1,1,57,"2823249","572823249",3,6,1,1,0,0,0,0,0,0,0,998,0,0,0,81,6,2,12,0,0,0,1,12,33014,6,1,6,0,3,0,69,999,0,0,0,1,1,9,2012,4,2014,0,38,0,0,0,2,2,75,1,2,8,1,21,3,11,15,99,1,1,68,"1UYFS2489FA3","777777777777","777777777777",0,0
48,480777,2,2,1,20,3,20,45,12,6,1,0,48,4,20,481,20481,31,2012,"1GC4KZC86CF2","1","G","C","4","K","Z","C","8","6","C","F","2",0,0,0,"000000000","00000000000",0,0,0,1,0,0,0,0,0,0,0,998,0,0,0,12,6,2,12,0,0,0,1,48,75423,6,1,0,0,3,0,999,999,1,0,0,1,0,7,2011,1,2013,0,0,0,0,0,2,2,75,1,2,8,1,0,0,1,62,7,1,2,69,"777777777777","777777777777","777777777777",1,0
48,480778,1,1,1,22,3,19,52,9,0,1,0,48,1,12,402,12402,14,2005,"1FMYU03195KD","1","F","M","Y","U","0","3","1","9","5","K","D",0,0,0,"000000000","00000000000",0,0,0,1,0,0,0,0,0,0,0,998,0,0,0,12,2,3,9,0,0,0,1,48,77047,6,1,0,0,3,0,999,999,0,0,0,0,0,0,0,0,0,5,91,0,0,0,3,2,50,1,1,1,1,0,0,1,83,99,1,1,13,"777777777777","777777777777","777777777777",0,1
48,480779,1,1,1,23,3,9,21,8,0,1,0,48,1,12,461,12461,21,2004,"1FTNE24L44HB","1","F","T","N","E","2","4","L","4","4","H","B",0,0,0,"000000000","00000000000",0,0,0,1,0,0,0,0,0,0,0,998,0,0,0,12,4,5,8,0,0,0,1,48,79407,6,1,0,0,3,3,999,999,0,0,0,3,0,7,2011,7,2015,0,89,0,0,0,1,3,65,2,1,8,1,0,0,14,80,99,1,1,13,"777777777777","777777777777","777777777777",0,0