"STATE","ST_CASE","VEH_NO","VE_FORMS","NUMOCCS","DAY","MONTH","HOUR","MINUTE","HARM_EV","MAN_COLL","UNITTYPE","HIT_RUN","REG_STAT","OWNER","MAKE","MODEL","MAK_MOD","BODY_TYP","MOD_YEAR","VIN","VIN_1","VIN_2","VIN_3","VIN_4","VIN_5","VIN_6","VIN_7","VIN_8","VIN_9","VIN_10","VIN_11","VIN_12","TOW_VEH","J_KNIFE","MCARR_I1","MCARR_I2","MCARR_ID","GVWR","V_CONFIG","CARGO_BT","HAZ_INV","HAZ_PLAC","HAZ_ID","HAZ_CNO","HAZ_REL","BUS_USE","SPEC_USE","EMER_USE","TRAV_SP","UNDERIDE","ROLLOVER","ROLINLOC","IMPACT1","DEFORMED","TOWED","M_HARM","VEH_SC1","VEH_SC2","FIRE_EXP","DR_PRES","L_STATE","DR_ZIP","L_STATUS","L_TYPE","CDL_STAT","L_ENDORS","L_COMPL","L_RESTRI","DR_HGT","DR_WGT","PREV_ACC","PREV_SUS","PREV_DWI","PREV_SPD","PREV_OTH","FIRST_MO","FIRST_YR","LAST_MO","LAST_YR","SPEEDREL","DR_SF1","DR_SF2","DR_SF3","DR_SF4","VTRAFWAY","VNUM_LAN","VSPD_LIM","VALIGN","VPROFILE","VPAVETYP","VSURCOND","VTRAFCON","VTCONT_F","P_CRASH1","P_CRASH2","P_CRASH3","PCRASH4","PCRASH5","ACC_TYPE","TRLR1VIN","TRLR2VIN","TRLR3VIN","DEATHS","DR_DRINK"
48,480780,1,1,1,24,3,23,34,30,0,1,0,48,2,20,481,20481,31,2004,"1GCEC14X74Z1","1","G","C","E","C","1","4","X","7","4","Z","1",0,0,0,"000000000","00000000000",0,0,0,1,0,0,0,0,0,0,0,998,0,0,0,9,6,2,30,0,0,0,1,48,79371,0,0,0,0,0,0,999,999,0,0,0,0,0,0,0,0,0,3,0,0,0,0,1,2,60,2,1,8,1,0,0,1,6,7,3,4,6,"777777777777","777777777777","777777777777",1,1
48,480781,1,1,1,24,3,7,45,1,0,1,0,48,1,12,481,12481,31,1999,"1FTRX17LXXKB","1","F","T","R","X","1","7","L","X","X","K","B",0,0,0,"000000000","00000000000",0,0,0,1,0,0,0,0,0,0,0,998,0,9,5,0,6,2,1,0,0,0,1,48,79520,6,1,0,0,3,0,999,999,0,0,0,0,0,0,0,0,0,0,58,0,0,0,1,2,75,1,2,8,1,0,0,1,12,7,4,4,7,"777777777777","777777777777","777777777777",1,1
48,480782,1,2,1,24,3,8,13,12,6,1,0,48,1,37,31,37031,2,2010,"2HGFG1B95AH5","2","H","G","F","G","1","B","9","5","A","H","5",0,0,0,"000000000","00000000000",0,0,0,1,0,0,0,0,0,0,0,998,0,0,0,12,6,2,12,0,0,0,1,48,78748,6,1,0,0,3,3,999,999,1,0,0,0,0,1,2013,1,2013,0,39,0,0,0,1,2,99,4,1,8,1,20,3,14,17,99,1,1,88,"777777777777","777777777777","777777777777",1,0
48,480782,2,2,4,24,3,8,13,12,6,1,0,48,0,7,27,7027,6,2012,"3C4PDCDG5CT1","3","C","4","P","D","C","D","G","5","C","T","1",0,0,0,"000000000","00000000000",0,0,0,1,0,0,0,0,0,0,0,998,0,0,0,62,6,2,12,0,0,0,1,48,78739,6,1,0,0,3,0,999,999,1,0,0,0,0,7,2012,7,2012,0,0,0,0,0,1,2,40,4,1,8,1,0,0,14,66,99,1,1,89,"777777777777","777777777777","777777777777",0,0
48,480783,1,1,2,25,3,16,22,32,0,1,0,48,2,20,398,20398,4,1986,"1G1BN69H5G91","1","G","1","B","N","6","9","H","5","G","9","1",0,0,0,"000000000","00000000000",0,0,0,1,0,0,0,0,0,0,0,998,0,1,5,12,6,2,1,0,0,0,1,8,75426,6,1,0,0,3,0,69,190,0,0,0,0,0,0,0,0,0,0,0,0,0,0,1,2,60,1,1,8,1,0,0,1,13,99,1,4,1,"777777777777","777777777777","777777777777",1,0
48,480784,1,1,1,26,3,23,55,8,0,1,0,40,1,2,403,2403,14,2015,"1C4AJWAGXFL5","1","C","4","A","J","W","A","G","X","F","L","5",0,0,0,"000000000","00000000000",0,0,0,1,0,0,0,0,0,0,0,998,0,0,0,12,6,2,8,0,0,0,1,48,79705,6,1,0,0,3,0,999,999,0,0,0,3,0,11,2011,12,2015,0,0,0,0,0,3,4,65,2,2,8,1,0,0,14,80,99,1,1,13,"777777777777","777777777777","777777777777",0,0
48,480785,1,2,1,26,3,23,28,12,1,1,0,12,1,7,422,7422,15,2004,"1D4HD58D04F1","1","D","4","H","D","5","8","D","0","4","F","1",0,0,0,"000000000","00000000000",0,0,0,1,0,0,0,0,0,0,0,998,0,0,0,12,6,2,12,0,0,0,1,12,32754,6,1,0,0,3,0,71,999,0,0,0,0,0,0,0,0,0,5,26,0,0,0,2,2,60,1,1,8,1,3,3,1,51,99,1,1,24,"777777777777","777777777777","777777777777",1,1
48,480785,2,2,1,26,3,23,28,12,1,1,0,6,3,84,881,84881,66,2010,"3HSCUAPR0AN2","3","H","S","C","U","A","P","R","0","A","N","2",1,1,57,"1G1BN69H5","571G1BN69H5",3,6,1,1,0,0,0,0,0,0,0,998,0,0,0,6,6,2,12,0,0,0,1,4,85042,6,1,6,0,3,0,65,160,0,0,0,0,0,0,0,0,0,0,0,0,0,0,2,2,60,1,1,8,1,3,3,1,53,1,1,1,25,"1JV532W4XL42","777777777777","777777777777",0,0
48,480786,1,2,1,26,3,8,5,12,6,1,0,48,3,86,881,86881,66,2015,"1M1AX04Y0FM0","1","M","1","A","X","0","4","Y","0","F","M","0",1,1,57,"496970","57496970",3,6,2,1,0,0,0,0,0,0,0,998,7,0,0,12,6,2,12,0,0,0,1,48,76102,6,1,6,1,3,0,999,999,0,0,0,2,0,5,2013,12,2015,0,0,0,0,0,1,2,60,2,2,8,1,0,0,14,62,9,1,1,66,"56CPA1U46FT6","777777777777","777777777777",0,0
48,480786,2,2,2,26,3,8,5,12,6,1,0,48,2,20,481,20481,31,1990,"1GCDC14K3LZ1","1","G","C","D","C","1","4","K","3","L","Z","1",0,0,0,"000000000","00000000000",0,0,0,1,0,0,0,0,0,0,0,998,0,1,5,82,6,2,12,0,0,0,1,48,75639,0,0,0,0,0,0,65,152,0,0,0,0,0,0,0,0,0,0,51,58,0,0,1,2,60,3,2,8,1,0,0,14,13,6,9,6,66,"777777777777","777777777777","777777777777",2,1
48,480787,1,1,1,26,3,19,20,38,0,1,0,48,1,72,706,72706,80,2001,"1HD1BMY171Y0","1","H","D","1","B","M","Y","1","7","1","Y","0",0,0,0,"000000000","00000000000",0,0,0,1,0,0,0,0,0,0,0,998,0,0,0,19,8,5,38,0,0,0,1,48,79602,6,1,0,0,3,0,999,999,0,0,0,0,0,0,0,0,0,0,0,0,0,0,1,2,70,3,1,8,1,0,0,14,13,99,9,4,2,"777777777777","777777777777","777777777777",1,1
48,480788,1,1,1,26,3,17,45,1,0,1,0,48,1,20,481,20481,31,2005,"1GCEC19Z65E2","1","G","C","E","C","1","9","Z","6","5","E","2",0,0,0,"000000000","00000000000",0,0,0,1,0,0,0,0,0,0,0,998,0,1,5,0,6,2,1,0,0,0,1,48,78752,0,0,0,0,0,0,999,999,0,1,0,0,0,3,2015,3,2015,4,0,0,0,0,1,2,60,3,1,8,1,0,0,1,12,99,9,4,7,"777777777777","777777777777","777777777777",1,1
48,480789,1,2,1,27,3,21,0,12,6,1,0,48,1,7,482,7482,31,2004,"1D7HA18D24S7","1","D","7","H","A","1","8","D","2","4","S","7",0,0,0,"000000000","00000000000",0,0,0,1,0,0,0,0,0,0,0,998,0,0,0,12,6,2,12,0,0,0,1,48,76711,6,1,0,0,3,2,999,999,0,0,0,0,1,8,2014,8,2014,0,74,0,0,0,3,3,65,1,1,8,1,0,0,1,64,99,1,1,98,"777777777777","777777777777","777777777777",0,0
48,480789,2,2,1,27,3,21,0,12,6,1,0,48,2,24,401,24401,14,2008,"3GSCL53708S6","3","G","S","C","L","5","3","7","0","8","S","6",0,0,0,"000000000","00000000000",0,0,0,1,0,0,0,0,0,0,0,998,0,0,0,9,6,2,12,0,0,0,1,48,76705,6,1,0,0,3,3,999,999,0,0,0,0,0,0,0,0,0,0,0,0,0,0,0,0,0,0,0,0,0,0,0,98,8,1,9,7,98,"777777777777","777777777777","777777777777",1,0
48,480790,1,1,1,27,3,21,10,33,0,1,0,48,1,37,706,37706,80,2009,"1HFSC47H79A8","1","H","F","S","C","4","7","H","7","9","A","8",0,0,0,"000000000","00000000000",0,0,0,1,0,0,0,0,0,0,0,998,0,0,0,98,8,2,33,0,0,0,1,48,76039,6,1,0,0,3,0,999,999,0,0,0,1,0,11,2014,11,2014,0,0,0,0,0,2,2,40,2,1,8,1,0,0,14,12,99,1,4,6,"777777777777","777777777777","777777777777",1,0
48,480791,1,3,2,27,3,9,31,12,2,1,0,48,1,23,472,23472,30,2011,"1GTD5MF94B81","1","G","T","D","5","M","F","9","4","B","8","1",0,0,0,"000000000","00000000000",0,0,0,1,0,0,0,0,0,0,0,998,0,0,0,12,6,2,12,0,0,0,1,48,78155,6,1,6,0,3,0,999,999,2,0,0,0,0,2,2013,3,2015,4,87,0,0,0,1,2,65,1,1,8,2,0,0,1,6,99,2,2,52,"777777777777","777777777777","777777777777",2,0
48,480791,2,3,2,27,3,9,31,12,2,1,1,19,1,20,421,20421,15,2008,"1GCHK236X8F1","1","G","C","H","K","2","3","6","X","8","F","1",0,0,0,"000000000","00000000000",0,0,0,1,0,0,0,0,0,0,0,998,0,0,0,12,6,2,12,0,0,0,1,19,78516,6,1,0,0,3,0,73,260,0,0,0,0,0,0,0,0,0,0,0,0,0,0,1,2,65,1,1,8,2,0,0,1,54,6,1,2,52,"777777777777","777777777777","777777777777",1,0
48,480791,3,3,1,27,3,9,31,12,2,1,0,48,1,49,472,49472,30,2008,"3TMKU72N98M0","3","T","M","K","U","7","2","N","9","8","M","0",0,0,0,"000000000","00000000000",0,0,0,1,0,0,0,0,0,0,0,998,0,1,1,12,6,2,12,0,0,0,1,48,76574,6,1,0,0,3,0,999,999,0,0,0,2,0,3,2014,2,2015,0,0,0,0,0,1,2,65,1,1,8,2,0,0,1,50,1,1,1,98,"777777777777","777777777777","777777777777",0,0
48,480792,1,2,2,28,3,21,32,12,6,1,0,48,2,7,482,7482,31,2006,"1D7HA16N06J2","1","D","7","H","A","1","6","N","0","6","J","2",0,0,0,"000000000","00000000000",0,0,0,1,0,0,0,0,0,0,0,998,0,1,3,9,6,2,1,0,0,0,1,48,76554,6,2,0,0,3,3,999,999,0,0,0,0,0,0,0,0,0,0,38,0,0,0,1,2,98,1,8,8,98,20,3,1,17,99,1,1,89,"777777777777","777777777777","777777777777",1,0
48,480792,2,2,1,28,3,21,32,12,6,1,0,48,2,7,482,7482,31,2011,"1D7RB1GKXBS5","1","D","7","R","B","1","G","K","X","B","S","5",0,0,0,"000000000","00000000000",0,0,0,1,0,0,0,0,0,0,0,998,0,0,0,12,6,2,12,0,0,0,1,48,76502,6,1,0,0,3,0,999,999,0,0,0,0,0,0,0,0,0,0,0,0,0,0,1,2,60,1,1,8,1,0,0,1,66,99,1,1,88,"777777777777","777777777777","777777777777",0,0
48,480793,1,2,1,28,3,21,32,12,1,1,0,29,2,63,38,63038,4,2010,"KNAFU4A22A51","K","N","A","F","U","4","A","2","2","A","5","1",0,0,0,"000000000","00000000000",0,0,0,1,0,0,0,0,0,0,0,998,2,0,0,12,6,2,12,0,0,0,1,48,78006,6,1,0,0,3,0,999,999,0,0,0,1,0,12,2013,12,2013,5,0,0,0,0,3,1,70,1,1,8,1,0,0,1,51,99,1,1,24,"777777777777","777777777777","777777777777",1,0
48,480793,2,2,1,28,3,21,32,12,1,1,0,93,3,82,881,82881,66,2010,"1FUJGLDR2ALA","1","F","U","J","G","L","D","R","2","A","L","A",1,1,57,"1155817","571155817",3,6,3,1,0,0,0,0,0,0,0,998,0,0,0,6,6,2,12,0,0,0,1,48,77450,6,1,6,0,3,3,999,999,0,0,0,0,1,12,2015,12,2015,0,0,0,0,0,3,1,70,1,1,8,1,0,0,1,53,1,1,1,25,"1NUFT28Z6TMN","777777777777","777777777777",0,0
48,480794,1,2,1,29,3,11,7,12,6,1,0,48,2,35,52,35052,6,2013,"JN8AZ2KR0DT3","J","N","8","A","Z","2","K","R","0","D","T","3",0,0,0,"000000000","00000000000",0,0,0,1,0,0,0,0,0,0,0,998,0,0,0,1,6,2,12,0,0,0,1,48,76227,6,1,0,0,3,3,999,999,0,0,0,0,0,0,0,0,0,0,38,0,0,0,1,2,98,2,2,8,1,0,0,11,15,99,1,1,68,"777777777777","777777777777","777777777777",0,0
48,480794,2,2,1,29,3,11,7,12,6,1,0,48,1,72,706,72706,80,2008,"1HD1CT3148K4","1","H","D","1","C","T","3","1","4","8","K","4",0,0,0,"000000000","00000000000",0,0,0,1,0,0,0,0,0,0,0,998,0,0,0,12,6,2,12,0,0,0,1,48,76209,6,1,0,0,3,0,999,999,0,0,0,0,0,0,0,0,0,0,0,0,0,0,1,2,98,1,2,8,1,0,0,1,62,99,1,1,69,"777777777777","777777777777","777777777777",1,0
48,480795,1,1,2,29,3,20,18,8,0,1,0,48,2,12,481,12481,31,2008,"1FTSW21R08EC","1","F","T","S","W","2","1","R","0","8","E","C",0,0,0,"000000000","00000000000",0,0,0,1,0,0,0,0,0,0,0,998,0,0,0,12,2,5,8,0,0,0,1,48,76645,0,0,0,0,0,0,999,999,0,0,0,0,0,0,0,0,0,0,0,0,0,0,1,2,70,1,2,8,1,0,0,1,80,1,1,1,13,"777777777777","777777777777","777777777777",0,0
48,480796,1,2,1,29,3,14,18,12,2,1,0,21,2,7,482,7482,31,1999,"1B7HF16Y0XS2","1","B","7","H","F","1","6","Y","0","X","S","2",0,0,0,"000000000","00000000000",0,0,0,1,0,0,0,0,0,0,0,998,0,1,1,12,6,2,12,0,0,0,1,48,75189,6,2,0,0,3,1,999,999,0,0,0,0,0,0,0,0,0,0,0,0,0,0,1,2,55,1,2,8,1,0,0,11,15,99,1,1,68,"777777777777","777777777777","777777777777",0,0
48,480796,2,2,2,29,3,14,18,12,2,1,0,48,2,24,7,24007,4,2003,"1G8AL52F23Z1","1","G","8","A","L","5","2","F","2","3","Z","1",0,0,0,"000000000","00000000000",0,0,0,1,0,0,0,0,0,0,0,998,0,0,0,12,6,2,12,0,0,0,1,48,75189,6,1,0,0,3,3,66,215,1,0,0,0,0,12,2013,12,2013,0,0,0,0,0,1,2,55,1,2,8,1,21,3,1,17,99,1,1,69,"777777777777","777777777777","777777777777",1,0
48,480797,1,1,2,29,3,23,58,30,0,1,0,48,1,37,31,37031,2,2003,"1HGEM212X3L0","1","H","G","E","M","2","1","2","X","3","L","0",0,0,0,"000000000","00000000000",0,0,0,1,0,0,0,0,0,0,0,998,0,0,0,12,6,2,30,0,0,0,1,48,78744,0,0,0,0,0,0,999,999,0,4,0,2,3,6,2013,3,2016,4,91,0,0,0,1,2,30,3,1,8,2,0,0,14,13,99,1,4,1,"777777777777","777777777777","777777777777",1,0
48,480798,1,2,1,1,4,2,29,12,1,1,0,48,1,20,2,20002,4,2008,"2G1WC5831813","2","G","1","W","C","5","8","3","1","8","1","3",0,0,0,"000000000","00000000000",0,0,0,1,0,0,0,0,0,0,0,998,0,0,0,12,6,2,12,0,0,0,1,48,77088,6,1,0,0,3,0,999,999,0,0,0,0,0,0,0,0,0,5,0,0,0,0,5,7,50,1,1,8,1,3,3,1,52,99,1,1,28,"777777777777","777777777777","777777777777",1,1
48,480798,2,2,1,1,4,2,29,12,1,1,0,48,1,20,481,20481,31,2004,"1GCHK23U84F2","1","G","C","H","K","2","3","U","8","4","F","2",0,0,0,"000000000","00000000000",0,0,0,1,0,0,0,0,0,0,0,998,0,0,0,6,6,2,12,0,0,0,1,48,77060,6,1,0,0,3,3,999,999,0,0,0,0,0,0,0,0,0,0,0,0,0,0,5,7,50,1,1,8,1,3,3,2,53,99,1,1,29,"777777777777","777777777777","777777777777",0,1
48,480799,1,1,1,1,4,23,15,8,0,1,0,48,1,49,40,49040,4,2014,"4T4BF1FK9ER3","4","T","4","B","F","1","F","K","9","E","R","3",0,0,0,"000000000","00000000000",0,0,0,1,0,0,0,0,0,0,0,998,0,0,0,12,2,3,8,0,0,0,1,48,77493,6,1,0,0,3,3,999,999,0,0,0,0,0,0,0,0,0,0,0,0,0,0,5,5,45,1,1,8,1,0,0,1,80,99,1,1,13,"777777777777","777777777777","777777777777",0,0
48,480800,1,2,1,1,4,14,9,12,6,1,0,48,2,20,481,20481,31,2011,"3GCPCREA9BG4","3","G","C","P","C","R","E","A","9","B","G","4",0,0,0,"000000000","00000000000",0,0,0,1,0,0,0,0,0,0,0,998,0,0,0,82,2,5,12,0,0,0,1,48,78501,6,1,0,0,3,0,999,999,1,0,0,0,0,4,2011,4,2011,0,38,0,0,0,1,2,35,1,1,8,1,0,0,11,15,99,1,1,68,"777777777777","777777777777","777777777777",0,0
48,480800,2,2,1,1,4,14,9,12,6,1,0,48,2,53,705,53705,80,2005,"JS1GN7CA8521","J","S","1","G","N","7","C","A","8","5","2","1",0,0,0,"000000000","00000000000",0,0,0,1,0,0,0,0,0,0,0,998,0,0,0,98,8,2,12,0,0,0,1,48,78572,6,1,0,0,3,3,999,999,1,0,0,0,0,5,2012,5,2012,0,0,0,0,0,1,2,35,1,1,8,1,0,0,1,62,99,1,1,69,"777777777777","777777777777","777777777777",1,0
48,480801,1,2,1,1,4,12,45,12,6,1,0,48,3,85,881,85881,66,2013,"1NKDL49X5DJ3","1","N","K","D","L","4","9","X","5","D","J","3",1,3,57,"2159300","572159300",3,6,4,1,0,0,0,0,0,0,0,998,0,1,5,12,6,2,12,0,0,0,1,48,79706,6,1,6,0,3,0,999,999,1,0,0,0,1,6,2014,7,2014,4,87,0,0,0,1,4,75,1,1,8,2,0,0,1,6,99,2,2,66,"591SH3438FC1","777777777777","777777777777",0,0
48,480801,2,2,2,1,4,12,45,12,6,1,0,48,1,42,421,42421,15,2012,"4JGBF7BE2CA7","4","J","G","B","F","7","B","E","2","C","A","7",0,0,0,"000000000","00000000000",0,0,0,1,0,0,0,0,0,0,0,998,0,1,5,61,6,2,12,0,0,0,1,48,79707,6,1,0,0,3,3,999,999,0,0,0,0,0,0,0,0,0,0,0,0,0,0,1,4,75,1,1,8,2,0,0,1,62,99,1,1,66,"777777777777","777777777777","777777777777",1,0
48,480802,1,1,5,1,4,12,6,1,0,1,0,48,0,12,473,12473,30,2004,"1FMZU67K24UA","1","F","M","Z","U","6","7","K","2","4","U","A",0,0,0,"000000000","00000000000",0,0,0,1,0,0,0,0,0,0,0,998,0,1,5,0,6,2,1,0,0,0,1,48,76704,0,0,0,0,0,0,999,999,0,6,0,0,2,12,2014,11,2015,0,80,0,0,0,2,2,75,1,1,8,2,0,0,1,1,99,3,4,2,"777777777777","777777777777","777777777777",1,0
48,480804,1,1,1,1,4,13,29,33,0,1,0,48,2,37,706,37706,80,2009,"1HFSC47H79A8","1","H","F","S","C","4","7","H","7","9","A","8",0,0,0,"000000000","00000000000",0,0,0,1,0,0,0,0,0,0,0,998,0,0,0,12,8,2,33,0,0,0,1,48,78664,0,0,0,0,0,0,999,999,0,8,0,0,0,6,2011,1,2015,0,99,99,99,99,2,2,40,1,2,8,2,0,0,1,9,99,2,4,2,"777777777777","777777777777","777777777777",1,0
48,480806,1,1,1,2,4,19,8,8,0,1,0,48,2,12,37,12037,5,2014,"1FADP3K29EL2","1","F","A","D","P","3","K","2","9","E","L","2",0,0,0,"000000000","00000000000",0,0,0,1,0,0,0,0,0,0,0,998,0,0,0,12,2,3,8,0,0,0,1,48,75215,3,1,0,0,2,0,999,999,0,0,0,0,0,0,0,0,0,0,0,0,0,0,2,3,45,1,1,8,1,0,0,1,80,99,1,1,13,"777777777777","777777777777","777777777777",0,0
48,480807,1,2,1,2,4,2,18,25,0,1,0,48,1,12,481,12481,31,1999,"1FTNX21F8XEE","1","F","T","N","X","2","1","F","8","X","E","E",0,0,0,"000000000","00000000000",0,0,0,1,0,0,0,0,0,0,0,998,0,1,1,98,6,2,12,0,0,0,1,48,78121,6,1,0,0,3,0,999,999,0,0,0,1,1,11,2013,11,2013,0,91,0,0,0,3,3,70,1,1,8,1,0,0,1,13,99,1,4,1,"777777777777","777777777777","777777777777",0,1
48,480807,2,2,1,2,4,2,18,25,0,1,0,48,1,53,706,53706,80,2013,"JS1VY56A2D21","J","S","1","V","Y","5","6","A","2","D","2","1",0,0,0,"000000000","00000000000",0,0,0,1,0,0,0,0,0,0,0,998,0,0,0,98,6,2,12,0,0,0,1,48,78108,6,1,0,0,3,0,999,999,1,0,0,0,0,3,2015,3,2015,0,0,0,0,0,3,3,70,1,1,8,1,0,0,1,98,99,1,1,98,"777777777777","777777777777","777777777777",1,1
48,480808,1,3,2,2,4,22,24,12,6,1,0,48,1,7,28,7028,2,2009,"2B3LJ74WX9H5","2","B","3","L","J","7","4","W","X","9","H","5",0,0,0,"000000000","00000000000",0,0,0,1,0,0,0,0,0,0,0,998,0,0,0,12,6,2,12,0,0,0,1,48,77080,6,1,0,0,3,0,999,999,0,0,0,0,0,0,0,0,0,0,91,39,0,0,2,2,35,1,1,1,1,3,3,1,17,99,1,1,69,"777777777777","777777777777","777777777777",1,1
48,480808,2,3,1,2,4,22,24,12,6,1,0,48,0,34,34,34034,2,1998,"WBACG8326WKC","W","B","A","C","G","8","3","2","6","W","K","C",0,0,0,"000000000","00000000000",0,0,0,1,0,0,0,0,0,0,0,998,0,0,0,83,6,2,12,0,0,0,1,48,77080,0,0,0,0,0,0,999,999,0,0,0,0,0,0,0,0,0,0,39,0,0,0,2,3,35,1,1,1,1,3,3,11,15,99,1,1,68,"777777777777","777777777777","777777777777",0,0
48,480808,4,3,5,2,4,22,24,12,6,1,0,48,2,2,404,2404,14,2005,"1J4GS48K35C7","1","J","4","G","S","4","8","K","3","5","C","7",0,0,0,"000000000","00000000000",0,0,0,1,0,0,0,0,0,0,0,998,0,1,1,6,6,2,12,0,0,0,1,48,77080,6,7,0,0,3,3,999,999,0,0,0,1,1,10,2012,6,2014,0,0,0,0,0,2,2,35,1,1,1,1,0,0,1,60,99,1,1,98,"777777777777","777777777777","777777777777",0,0
48,480809,1,1,2,2,4,2,12,1,0,1,0,48,1,7,482,7482,31,2009,"3D7KS28L29G5","3","D","7","K","S","2","8","L","2","9","G","5",0,0,0,"000000000","00000000000",0,0,0,1,0,0,0,0,0,0,0,998,0,2,3,0,6,2,1,0,0,0,1,48,79124,6,1,0,0,3,3,999,999,0,0,0,0,0,0,0,0,0,5,0,0,0,0,3,3,60,1,1,8,1,0,0,1,9,99,3,4,2,"777777777777","777777777777","777777777777",1,1
48,480810,1,1,99,2,4,1,3,9,0,1,1,99,9,99,999,99999,99,9999,"999999999999","9","9","9","9","9","9","9","9","9","9","9","9",0,0,0,"000000000","00000000000",0,0,0,1,0,0,0,0,0,0,0,999,0,0,0,99,9,5,9,0,0,0,1,99,99999,9,9,99,9,9,9,999,999,99,99,99,99,99,99,9999,99,9999,0,0,0,0,0,3,3,50,1,1,8,1,0,0,99,82,99,1,9,13,"777777777777","777777777777","777777777777",0,0
48,480811,1,2,1,2,4,3,27,12,6,1,0,48,1,49,482,49482,31,2013,"5TFEY5F12DX1","5","T","F","E","Y","5","F","1","2","D","X","1",0,0,0,"000000000","00000000000",0,0,0,1,0,0,0,0,0,0,0,998,0,1,5,12,6,2,12,0,0,0,1,48,76053,6,1,0,0,3,0,999,999,0,0,0,0,0,0,0,0,0,5,0,0,0,0,5,5,35,1,1,8,1,3,3,1,65,99,1,1,79,"777777777777","777777777777","777777777777",1,1
48,480811,2,2,1,2,4,3,27,12,6,1,0,48,2,2,404,2404,14,2004,"1J4GX48S14C2","1","J","4","G","X","4","8","S","1","4","C","2",0,0,0,"000000000","00000000000",0,0,0,1,0,0,0,0,0,0,0,998,0,0,0,62,6,2,12,0,0,0,1,48,76053,0,0,0,0,0,0,999,999,0,0,0,0,0,0,0,0,0,0,38,0,0,0,1,5,99,1,1,8,1,3,3,10,16,99,1,1,78,"777777777777","777777777777","777777777777",0,0
48,480812,1,2,5,2,4,20,40,12,2,1,0,48,2,49,40,49040,4,1998,"JT2BG22K2W02","J","T","2","B","G","2","2","K","2","W","0","2",0,0,0,"000000000","00000000000",0,0,0,1,0,0,0,0,0,0,0,998,0,0,0,12,6,2,12,0,0,0,1,48,77340,0,0,0,0,0,0,999,999,0,0,0,0,0,0,0,0,0,0,50,0,0,0,3,2,60,1,1,8,1,0,0,1,54,99,1,1,52,"777777777777","777777777777","777777777777",4,1
48,480812,2,2,1,2,4,20,40,12,2,1,0,48,0,7,482,7482,31,2008,"1D7HA18268S5","1","D","7","H","A","1","8","2","6","8","S","5",0,0,0,"000000000","00000000000",0,0,0,1,0,0,0,0,0,0,0,998,0,1,9,12,6,2,12,0,0,0,1,48,77484,1,1,0,0,2,0,999,999,0,11,0,8,0,5,2011,12,2015,0,0,0,0,0,3,2,60,1,1,8,1,0,0,1,54,99,1,1,52,"777777777777","777777777777","777777777777",0,0
48,480813,1,1,1,3,4,22,21,39,0,1,0,48,1,12,3,12003,2,2008,"1ZVHT82H4851","1","Z","V","H","T","8","2","H","4","8","5","1",0,0,0,"000000000","00000000000",0,0,0,1,0,0,0,0,0,0,0,998,0,0,0,12,6,2,39,0,0,0,1,48,78550,6,1,0,0,3,3,999,999,0,1,0,0,0,2,2012,2,2012,3,58,0,0,0,1,2,30,1,1,8,1,0,0,1,13,99,3,4,2,"777777777777","777777777777","777777777777",1,1
48,480814,1,1,1,3,4,23,42,30,0,1,0,48,2,22,22,22022,4,2005,"1G2ZG528X541","1","G","2","Z","G","5","2","8","X","5","4","1",0,0,0,"000000000","00000000000",0,0,0,1,0,0,0,0,0,0,0,998,0,0,0,62,6,2,30,0,0,0,1,48,78526,6,1,0,0,3,0,999,999,0,0,0,0,0,0,0,0,0,0,0,0,0,0,5,3,45,3,2,8,1,0,0,14,12,99,5,4,7,"777777777777","777777777777","777777777777",1,0
48,480815,1,1,2,3,4,23,57,34,0,1,0,48,1,20,431,20431,16,1994,"1GKFK16K5RJ7","1","G","K","F","K","1","6","K","5","R","J","7",0,0,0,"000000000","00000000000",0,0,0,1,0,0,0,0,0,0,0,998,0,1,5,81,6,2,1,0,0,0,1,48,79022,6,1,0,0,3,0,999,999,0,0,0,0,2,5,2012,2,2014,0,0,0,0,0,1,2,75,1,3,8,1,0,0,1,13,6,4,4,7,"777777777777","777777777777","777777777777",1,0
48,480816,1,2,1,13,4,1,32,12,1,1,0,48,1,20,481,20481,31,2004,"2GCEC19V9411","2","G","C","E","C","1","9","V","9","4","1","1",0,0,0,"000000000","00000000000",0,0,0,1,0,0,0,0,0,0,0,998,0,0,0,12,6,2,12,0,0,0,1,48,78223,6,1,0,0,3,0,999,999,0,0,0,1,0,3,2014,3,2014,0,26,91,0,0,2,2,99,1,1,8,2,3,3,1,50,99,1,1,20,"777777777777","777777777777","777777777777",0,1
48,480816,2,2,2,13,4,1,32,12,1,1,0,48,1,12,3,12003,2,2003,"1FAFP404X3F4","1","F","A","F","P","4","0","4","X","3","F","4",0,0,0,"000000000","00000000000",0,0,0,1,0,0,0,0,0,0,0,0,0,0,0,6,6,2,12,0,0,1,1,48,78220,6,1,0,0,3,0,999,999,0,0,0,0,0,0,0,0,0,0,0,0,0,0,2,2,99,1,1,8,2,3,3,5,53,1,1,1,22,"777777777777","777777777777","777777777777",1,0