"STATE","ST_CASE","VEH_NO","VE_FORMS","NUMOCCS","DAY","MONTH","HOUR","MINUTE","HARM_EV","MAN_COLL","UNITTYPE","HIT_RUN","REG_STAT","OWNER","MAKE","MODEL","MAK_MOD","BODY_TYP","MOD_YEAR","VIN","VIN_1","VIN_2","VIN_3","VIN_4","VIN_5","VIN_6","VIN_7","VIN_8","VIN_9","VIN_10","VIN_11","VIN_12","TOW_VEH","J_KNIFE","MCARR_I1","MCARR_I2","MCARR_ID","GVWR","V_CONFIG","CARGO_BT","HAZ_INV","HAZ_PLAC","HAZ_ID","HAZ_CNO","HAZ_REL","BUS_USE","SPEC_USE","EMER_USE","TRAV_SP","UNDERIDE","ROLLOVER","ROLINLOC","IMPACT1","DEFORMED","TOWED","M_HARM","VEH_SC1","VEH_SC2","FIRE_EXP","DR_PRES","L_STATE","DR_ZIP","L_STATUS","L_TYPE","CDL_STAT","L_ENDORS","L_COMPL","L_RESTRI","DR_HGT","DR_WGT","PREV_ACC","PREV_SUS","PREV_DWI","PREV_SPD","PREV_OTH","FIRST_MO","FIRST_YR","LAST_MO","LAST_YR","SPEEDREL","DR_SF1","DR_SF2","DR_SF3","DR_SF4","VTRAFWAY","VNUM_LAN","VSPD_LIM","VALIGN","VPROFILE","VPAVETYP","VSURCOND","VTRAFCON","VTCONT_F","P_CRASH1","P_CRASH2","P_CRASH3","PCRASH4","PCRASH5","ACC_TYPE","TRLR1VIN","TRLR2VIN","TRLR3VIN","DEATHS","DR_DRINK"
48,480991,1,2,3,19,4,17,30,12,2,1,0,48,2,49,482,49482,31,2014,"5TFEY5F15EX1","5","T","F","E","Y","5","F","1","5","E","X","1",0,0,0,"000000000","00000000000",0,0,0,1,0,0,0,0,0,0,0,998,0,0,0,12,6,2,12,0,0,1,1,48,75961,6,1,0,0,3,3,999,999,2,0,0,0,0,11,2011,7,2012,5,35,0,0,0,1,2,60,1,1,8,1,0,0,6,54,99,1,2,58,"777777777777","777777777777","777777777777",2,0
48,480991,2,2,5,19,4,17,30,12,2,1,0,48,1,20,421,20421,15,2014,"1GNSCCE0XER2","1","G","N","S","C","C","E","0","X","E","R","2",0,0,0,"000000000","00000000000",0,0,0,1,0,0,0,0,0,0,0,998,0,0,0,12,8,5,12,0,0,0,1,48,77306,6,1,0,0,3,0,999,999,0,1,0,1,0,9,2011,9,2013,0,0,0,0,0,1,2,60,1,1,8,1,0,0,1,54,99,1,1,59,"777777777777","777777777777","777777777777",2,0
48,480992,1,1,3,21,4,0,30,8,0,1,0,48,1,12,401,12401,14,2011,"1FMHK7F81BGA","1","F","M","H","K","7","F","8","1","B","G","A",0,0,0,"000000000","00000000000",0,0,0,1,0,0,0,0,0,0,0,998,0,0,0,12,2,3,8,0,0,0,1,48,77868,6,1,0,0,3,3,999,999,2,0,0,1,0,5,2011,11,2015,0,0,0,0,0,1,2,60,1,1,8,1,0,0,1,80,99,1,1,13,"777777777777","777777777777","777777777777",0,0
48,480993,1,2,2,22,4,21,35,25,0,1,0,39,3,82,881,82881,66,2009,"1FUJGEDR99LA","1","F","U","J","G","E","D","R","9","9","L","A",1,1,57,"728630","57728630",3,6,1,1,0,0,0,0,0,0,0,998,0,0,0,83,2,5,12,0,0,0,1,48,75482,6,1,6,0,3,3,999,999,0,0,0,0,0,0,0,0,0,0,0,0,0,0,3,4,60,1,1,8,1,0,0,1,59,1,1,1,98,"1JJV532W94L8","777777777777","777777777777",0,0
48,480993,2,2,2,22,4,21,35,25,0,1,0,48,1,34,34,34034,4,1997,"WBABK7321VET","W","B","A","B","K","7","3","2","1","V","E","T",0,0,0,"000000000","00000000000",0,0,0,1,0,0,0,0,0,0,0,998,3,0,0,12,6,2,25,0,0,0,1,48,75062,6,1,0,0,3,0,64,131,0,0,0,0,0,0,0,0,0,5,0,0,0,0,3,4,60,1,1,8,1,0,0,1,13,99,9,4,1,"777777777777","777777777777","777777777777",1,1
48,480994,1,2,1,22,4,16,14,12,2,1,0,48,1,20,481,20481,31,2007,"1GCEC19V07Z2","1","G","C","E","C","1","9","V","0","7","Z","2",0,0,0,"000000000","00000000000",0,0,0,1,0,0,0,0,0,0,0,998,0,0,0,12,6,2,12,0,0,0,1,48,78666,6,1,0,0,3,3,999,999,0,0,0,1,0,6,2014,6,2014,0,38,0,0,0,5,5,60,1,1,8,1,0,0,11,15,99,1,1,74,"777777777777","777777777777","777777777777",0,0
48,480994,2,2,3,22,4,16,14,12,2,1,0,48,2,12,442,12442,20,2002,"2FMZA50482BB","2","F","M","Z","A","5","0","4","8","2","B","B",0,0,0,"000000000","00000000000",0,0,0,1,0,0,0,0,0,0,0,998,0,0,0,12,8,5,12,0,0,0,1,48,75654,6,1,0,0,3,3,999,999,0,0,0,0,1,8,2011,8,2011,0,0,0,0,0,5,5,60,1,1,8,1,0,0,1,62,99,1,1,74,"777777777777","777777777777","777777777777",1,0
48,480995,1,5,1,22,4,10,50,12,1,1,0,93,3,87,884,87884,66,1997,"1XP5DR8X7VD4","1","X","P","5","D","R","8","X","7","V","D","4",1,1,57,"2459635","572459635",3,6,3,1,0,0,0,0,0,0,0,998,0,1,5,12,6,2,12,0,0,0,1,48,75979,6,1,6,0,3,0,999,999,0,1,0,0,3,5,2011,9,2012,5,91,0,0,0,1,3,55,1,1,8,1,0,0,1,51,99,1,1,24,"1UYFS2483XA9","777777777777","777777777777",0,0
48,480995,2,5,2,22,4,10,50,12,1,1,0,48,1,42,47,42047,1,2005,"WDBTK76G85T0","W","D","B","T","K","7","6","G","8","5","T","0",0,0,0,"000000000","00000000000",0,0,0,1,0,0,0,0,0,0,0,998,0,0,0,6,6,2,12,0,0,0,1,48,77627,6,1,0,0,3,3,999,999,0,0,0,0,0,0,0,0,0,0,0,0,0,0,1,3,55,1,1,8,1,0,0,1,53,99,1,1,25,"777777777777","777777777777","777777777777",2,0
48,480995,3,5,2,22,4,10,50,12,1,1,0,48,2,19,21,19021,4,2007,"1G6DC67AX701","1","G","6","D","C","6","7","A","X","7","0","1",0,0,0,"000000000","00000000000",0,0,0,1,0,0,0,0,0,0,0,998,0,0,0,6,6,2,12,0,0,0,1,48,77328,6,1,0,0,3,3,999,999,0,0,0,0,1,4,2016,4,2016,0,0,0,0,0,1,3,55,1,1,8,1,0,0,1,53,99,1,1,98,"777777777777","777777777777","777777777777",1,0
48,480995,4,5,1,22,4,10,50,12,1,1,0,48,1,12,481,12481,31,2012,"1FT7W2BT4CEB","1","F","T","7","W","2","B","T","4","C","E","B",0,0,0,"000000000","00000000000",0,0,0,1,0,0,0,0,0,0,0,998,0,0,0,6,6,2,12,0,0,0,1,48,77304,6,1,0,0,3,0,999,999,0,0,0,1,0,7,2013,7,2013,0,0,0,0,0,1,3,55,1,1,8,1,0,0,1,53,99,1,1,98,"777777777777","777777777777","777777777777",0,0
48,480995,5,5,1,22,4,10,50,12,1,1,0,48,1,49,40,49040,4,2002,"4T1BF32K92U5","4","T","1","B","F","3","2","K","9","2","U","5",0,0,0,"000000000","00000000000",0,0,0,1,0,0,0,0,0,0,0,998,0,0,0,6,2,5,12,0,0,0,1,48,77328,6,1,0,0,3,3,999,999,0,0,0,0,0,0,0,0,0,0,0,0,0,0,1,3,55,1,1,8,1,0,0,1,53,99,1,1,98,"777777777777","777777777777","777777777777",0,0
48,480996,1,2,1,22,4,23,33,12,1,1,0,48,1,12,481,12481,31,2003,"1FTRF17283NA","1","F","T","R","F","1","7","2","8","3","N","A",0,0,0,"000000000","00000000000",0,0,0,1,0,0,0,0,0,0,0,998,0,0,0,12,6,2,12,0,0,0,1,48,75152,6,2,0,0,3,0,999,999,0,0,0,0,0,0,0,0,0,0,0,0,0,0,3,4,70,1,2,8,1,0,0,1,50,7,1,1,20,"777777777777","777777777777","777777777777",0,0
48,480996,2,2,3,22,4,23,33,12,1,1,0,48,2,22,16,22016,2,2004,"1G2JB12F8471","1","G","2","J","B","1","2","F","8","4","7","1",0,0,0,"000000000","00000000000",0,0,0,1,0,0,0,0,0,0,0,0,0,0,0,6,6,2,12,0,0,0,1,48,75159,0,0,0,0,0,0,999,999,0,0,0,0,0,0,0,0,0,0,54,0,0,0,3,4,70,1,2,8,1,0,0,5,53,1,1,1,21,"777777777777","777777777777","777777777777",1,0
48,480997,1,7,1,25,4,16,45,12,7,1,0,48,1,19,24,19024,4,2015,"1G6AB5RA3F01","1","G","6","A","B","5","R","A","3","F","0","1",0,0,0,"000000000","00000000000",0,0,0,1,0,0,0,0,0,0,0,998,0,0,0,62,6,2,12,0,0,0,1,48,77024,6,1,0,0,3,0,999,999,1,0,0,0,0,6,2012,6,2012,3,28,0,0,0,4,5,50,1,1,8,1,0,0,1,51,99,1,1,48,"777777777777","777777777777","777777777777",1,1
48,480997,2,7,1,25,4,16,45,12,7,1,0,48,1,20,9,20009,2,2012,"2G1FA1E36C91","2","G","1","F","A","1","E","3","6","C","9","1",0,0,0,"000000000","00000000000",0,0,0,1,0,0,0,0,0,0,0,998,0,0,0,81,6,2,12,0,0,0,1,48,77396,6,1,0,0,3,0,999,999,0,0,0,0,0,0,0,0,0,0,0,0,0,0,4,5,50,1,1,8,1,0,0,1,53,99,1,1,48,"777777777777","777777777777","777777777777",0,0
48,480997,3,7,1,25,4,16,45,12,7,1,0,48,1,62,424,62424,15,2010,"SALFT2BN2AH1","S","A","L","F","T","2","B","N","2","A","H","1",0,0,0,"000000000","00000000000",0,0,0,1,0,0,0,0,0,0,0,0,0,0,0,6,6,2,12,0,0,0,1,48,77346,6,1,0,0,3,3,999,999,0,0,0,0,0,0,0,0,0,0,0,0,0,0,4,5,50,1,1,8,1,0,0,5,53,1,1,1,98,"777777777777","777777777777","777777777777",1,0
48,480997,4,7,1,25,4,16,45,12,7,1,0,48,3,13,16,13016,6,2016,"2LMHJ5NK3GBL","2","L","M","H","J","5","N","K","3","G","B","L",0,0,0,"000000000","00000000000",0,0,0,1,0,0,0,0,0,0,0,0,0,0,0,6,6,2,12,0,0,0,1,42,19348,6,1,0,0,3,0,69,999,0,0,0,0,0,0,0,0,0,0,0,0,0,0,4,5,50,1,1,8,1,0,0,5,53,1,1,1,98,"777777777777","777777777777","777777777777",0,0
48,480997,5,7,1,25,4,16,45,12,7,1,0,48,2,20,481,20481,31,2007,"1GCEC19067Z5","1","G","C","E","C","1","9","0","6","7","Z","5",0,0,0,"000000000","00000000000",0,0,0,1,0,0,0,0,0,0,0,0,0,0,0,6,2,3,12,0,0,0,1,48,77396,6,1,0,0,3,0,999,999,0,0,0,0,0,0,0,0,0,0,0,0,0,0,4,5,50,1,1,8,1,0,0,5,53,1,1,1,98,"777777777777","777777777777","777777777777",0,0
48,480997,6,7,1,25,4,16,45,12,7,1,0,48,2,20,421,20421,15,2004,"1GNEC13Z34R2","1","G","N","E","C","1","3","Z","3","4","R","2",0,0,0,"000000000","00000000000",0,0,0,1,0,0,0,0,0,0,0,0,0,0,0,6,2,5,12,0,0,0,1,48,77396,6,1,0,0,3,3,999,999,0,0,0,0,0,0,0,0,0,0,0,0,0,0,4,5,50,1,1,8,1,0,0,5,53,1,1,1,98,"777777777777","777777777777","777777777777",0,0
48,480997,7,7,3,25,4,16,45,12,7,1,0,48,1,6,51,6051,4,2007,"2C3LA43R67H8","2","C","3","L","A","4","3","R","6","7","H","8",0,0,0,"000000000","00000000000",0,0,0,1,0,0,0,0,0,0,0,0,0,0,0,6,2,3,12,0,0,0,1,48,77396,6,1,0,0,3,3,999,999,0,0,0,0,0,0,0,0,0,0,0,0,0,0,4,5,50,1,1,8,1,0,0,5,53,1,1,1,98,"777777777777","777777777777","777777777777",0,0
48,480998,1,1,1,25,4,19,39,42,0,1,0,48,1,72,706,72706,80,2016,"1HD1MCM10GB8","1","H","D","1","M","C","M","1","0","G","B","8",0,0,0,"000000000","00000000000",0,0,0,1,0,0,0,0,0,0,0,998,0,0,0,98,8,2,42,0,0,0,1,48,78132,6,1,0,0,3,0,999,999,0,0,0,0,0,0,0,0,0,0,0,0,0,0,1,2,60,3,1,8,1,0,0,14,13,99,9,4,1,"777777777777","777777777777","777777777777",1,1
48,480999,1,1,1,26,4,11,23,1,0,1,0,48,1,76,706,76706,80,2009,"JYAVP21E69A0","J","Y","A","V","P","2","1","E","6","9","A","0",0,0,0,"000000000","00000000000",0,0,0,1,0,0,0,0,0,0,0,998,0,0,0,0,8,2,1,0,0,0,1,48,76028,6,1,0,0,2,0,999,999,0,0,0,1,1,6,2014,8,2014,5,0,0,0,0,1,2,40,2,1,8,1,0,0,1,6,16,2,4,7,"777777777777","777777777777","777777777777",1,0
48,481000,1,1,1,26,4,10,59,8,0,1,0,48,1,2,422,2422,15,2015,"1C4RJEBG8FC1","1","C","4","R","J","E","B","G","8","F","C","1",0,0,0,"000000000","00000000000",0,0,0,1,0,0,0,0,0,0,0,998,0,0,0,12,2,3,8,0,0,0,1,48,76180,6,1,0,0,3,3,999,999,0,0,0,0,0,0,0,0,0,0,48,91,0,0,5,7,40,1,1,8,1,0,0,10,12,99,9,4,9,"777777777777","777777777777","777777777777",0,1
48,481001,1,1,1,27,4,23,45,8,0,1,0,48,1,7,26,7026,4,2013,"1C3CDZAB5DN6","1","C","3","C","D","Z","A","B","5","D","N","6",0,0,0,"000000000","00000000000",0,0,0,1,0,0,0,0,0,0,0,998,0,0,0,12,6,2,8,0,0,0,1,48,77656,6,1,0,0,3,3,999,999,0,0,0,0,0,0,0,0,0,0,0,0,0,0,2,2,60,1,1,8,1,0,0,1,80,99,1,1,13,"777777777777","777777777777","777777777777",0,0
48,481002,1,1,1,27,4,21,54,8,0,1,0,48,1,12,23,12023,4,2009,"3FAHP07Z89R1","3","F","A","H","P","0","7","Z","8","9","R","1",0,0,0,"000000000","00000000000",0,0,0,1,0,0,0,0,0,0,0,998,0,0,0,98,0,5,8,0,0,0,1,48,76179,6,1,0,0,3,3,999,999,0,0,0,1,0,2,2013,2,2013,0,89,0,0,0,3,3,60,1,1,8,1,0,0,1,80,99,1,1,13,"777777777777","777777777777","777777777777",0,0
48,481003,1,2,2,27,4,12,43,12,6,1,0,48,2,63,34,63034,4,2007,"KNAGE1231751","K","N","A","G","E","1","2","3","1","7","5","1",0,0,0,"000000000","00000000000",0,0,0,1,0,0,0,0,0,0,0,998,0,1,3,11,6,2,12,0,0,0,1,48,76180,6,1,0,0,3,3,999,999,0,0,0,0,0,0,0,0,0,0,27,0,0,0,3,5,65,1,1,8,1,0,0,1,4,6,1,2,48,"777777777777","777777777777","777777777777",1,0
48,481003,2,2,1,27,4,12,43,12,6,1,0,48,1,12,401,12401,14,2003,"1FMZU63K13ZA","1","F","M","Z","U","6","3","K","1","3","Z","A",0,0,0,"000000000","00000000000",0,0,0,1,0,0,0,0,0,0,0,998,0,0,0,5,2,5,12,0,0,0,1,48,76054,6,1,0,0,3,0,999,999,0,0,0,0,0,0,0,0,0,0,0,0,0,0,3,5,65,1,1,8,1,0,0,1,61,99,1,1,48,"777777777777","777777777777","777777777777",0,0
48,481004,1,1,1,28,4,16,28,8,0,1,0,93,2,85,884,85884,66,2005,"1XKWDB9X95J0","1","X","K","W","D","B","9","X","9","5","J","0",1,1,57,"2327622","572327622",3,6,3,1,0,0,0,0,0,0,0,998,0,0,0,12,0,5,8,0,0,0,1,48,77073,6,1,6,0,3,0,999,999,0,0,0,0,0,0,0,0,0,0,0,0,0,0,4,3,55,1,1,8,1,3,3,1,80,1,1,1,13,"13N148201F15","777777777777","777777777777",0,0
48,481005,1,2,1,29,4,7,48,12,1,1,0,48,0,53,706,53706,80,2008,"JS1GX72A0821","J","S","1","G","X","7","2","A","0","8","2","1",0,0,0,"000000000","00000000000",0,0,0,1,0,0,0,0,0,0,0,998,0,0,0,12,8,2,12,0,0,0,1,48,77619,6,1,0,0,2,0,999,999,0,0,0,1,1,3,2012,3,2013,5,0,0,0,0,1,2,45,1,1,8,1,0,0,6,11,99,1,2,32,"777777777777","777777777777","777777777777",1,0
48,481005,2,2,1,29,4,7,48,12,1,1,0,48,3,7,482,7482,31,2008,"3D6WC76A88G1","3","D","6","W","C","7","6","A","8","8","G","1",0,0,0,"000000000","00000000000",0,0,0,1,0,0,0,0,0,0,0,998,0,0,0,6,2,5,12,0,0,0,1,48,77642,6,1,0,0,3,0,999,999,0,0,0,1,0,7,2015,7,2015,0,0,0,0,0,1,2,45,1,1,8,1,0,0,1,60,99,1,1,32,"777777777777","777777777777","777777777777",0,0
48,481006,1,1,2,29,4,12,57,1,0,1,0,48,1,19,421,19421,15,2002,"1GYEK63N32R1","1","G","Y","E","K","6","3","N","3","2","R","1",0,0,0,"000000000","00000000000",0,0,0,1,0,0,0,0,0,0,0,998,0,2,1,0,6,2,1,0,0,0,1,48,76424,0,0,0,0,0,0,999,999,0,0,0,0,0,0,0,0,0,0,58,0,0,0,1,2,75,1,2,8,1,0,0,1,13,6,4,6,98,"777777777777","777777777777","777777777777",2,0
48,481007,1,2,1,30,4,1,57,12,6,1,0,48,0,58,38,58038,4,2006,"JNKAY01E76M1","J","N","K","A","Y","0","1","E","7","6","M","1",0,0,0,"000000000","00000000000",0,0,0,1,0,0,0,0,0,0,0,73,0,0,0,12,6,2,12,0,0,0,1,48,77045,0,0,0,0,0,0,999,999,0,0,0,0,0,0,0,0,0,3,0,0,0,0,2,2,45,1,1,1,2,0,0,1,78,99,1,1,99,"777777777777","777777777777","777777777777",0,1
48,481007,2,2,1,30,4,1,57,12,6,1,0,48,2,22,16,22016,4,1998,"1G2JB52TXW75","1","G","2","J","B","5","2","T","X","W","7","5",0,0,0,"000000000","00000000000",0,0,0,1,0,0,0,0,0,0,0,998,0,0,0,81,6,2,12,0,0,0,1,48,77045,6,1,0,0,3,0,999,999,0,0,0,0,0,0,0,0,0,0,38,0,0,0,2,2,45,1,1,1,2,0,0,99,19,99,1,1,99,"777777777777","777777777777","777777777777",1,1
48,481008,1,1,1,30,4,5,12,18,0,1,0,48,1,7,442,7442,20,2005,"1D4GP25R55B3","1","D","4","G","P","2","5","R","5","5","B","3",0,0,0,"000000000","00000000000",0,0,0,1,0,0,0,0,0,0,0,998,0,0,0,12,6,2,18,0,0,0,1,48,75683,6,1,0,0,3,0,999,999,0,0,0,1,0,3,2014,3,2014,0,0,0,0,0,1,2,55,1,2,8,2,0,0,1,90,99,1,1,12,"777777777777","777777777777","777777777777",1,0
48,481009,1,1,1,11,4,2,45,1,0,1,0,48,2,23,421,23421,15,2003,"1GKEC13V33J3","1","G","K","E","C","1","3","V","3","3","J","3",0,0,0,"000000000","00000000000",0,0,0,1,0,0,0,0,0,0,0,998,0,2,5,0,6,2,1,0,0,0,1,48,78407,0,0,0,0,0,0,999,999,0,2,0,0,0,9,2011,8,2012,4,87,0,0,0,1,2,65,1,1,8,2,0,0,1,6,99,2,4,2,"777777777777","777777777777","777777777777",1,0
48,481010,1,1,1,15,4,20,15,1,0,1,0,48,1,7,482,7482,31,1998,"1B7KC2369WJ2","1","B","7","K","C","2","3","6","9","W","J","2",0,0,0,"000000000","00000000000",0,0,0,1,0,0,0,0,0,0,0,998,0,2,5,0,6,2,1,0,0,0,1,48,78870,6,1,0,0,3,0,999,999,0,0,0,0,0,0,0,0,0,4,58,0,0,0,1,2,60,3,1,8,1,0,0,14,6,7,2,4,2,"777777777777","777777777777","777777777777",1,1
48,481011,1,1,10,17,4,18,8,1,0,1,0,48,2,12,481,12481,31,2003,"3FTNX21L23MB","3","F","T","N","X","2","1","L","2","3","M","B",6,1,0,"000000000","00000000000",0,0,0,1,0,0,0,0,0,0,0,998,0,1,5,0,6,2,1,0,0,0,1,48,78521,6,1,0,0,3,3,999,999,0,0,0,1,0,3,2016,3,2016,4,91,0,0,0,1,2,55,2,1,8,1,0,0,14,6,99,3,4,2,"777777777777","777777777777","777777777777",1,0
48,481012,1,1,2,19,4,9,21,1,0,1,0,48,1,52,401,52401,14,1998,"JA4MT31P0WP0","J","A","4","M","T","3","1","P","0","W","P","0",0,0,0,"000000000","00000000000",0,0,0,1,0,0,0,0,0,0,0,998,0,2,5,0,6,2,1,0,0,0,1,48,79007,1,1,0,0,2,0,999,999,0,3,0,1,0,4,2012,2,2016,0,80,0,0,0,1,2,75,1,1,8,2,0,0,1,1,99,4,4,7,"777777777777","777777777777","777777777777",1,0
48,481014,1,2,1,21,4,21,9,12,6,1,0,48,1,35,43,35043,4,2012,"3N1AB6AP0CL7","3","N","1","A","B","6","A","P","0","C","L","7",0,0,0,"000000000","00000000000",0,0,0,1,0,0,0,0,0,0,0,998,0,0,0,12,6,2,12,0,0,0,1,48,75044,6,1,0,0,3,0,999,999,1,3,0,8,0,4,2011,10,2015,3,0,0,0,0,2,4,45,1,3,8,1,0,0,1,65,99,1,1,77,"777777777777","777777777777","777777777777",0,1
48,481014,2,2,2,21,4,21,9,12,6,1,0,48,2,55,35,55035,4,2010,"KMHDU4AD1AU0","K","M","H","D","U","4","A","D","1","A","U","0",0,0,0,"000000000","00000000000",0,0,0,1,0,0,0,0,0,0,0,998,0,0,0,3,6,2,12,0,0,0,1,48,75048,6,1,0,0,3,3,999,999,0,0,0,0,0,0,0,0,0,0,38,0,0,0,1,2,98,8,8,8,98,20,3,11,15,99,1,1,76,"777777777777","777777777777","777777777777",1,0
48,481015,1,1,99,22,4,2,21,8,0,1,1,99,9,20,481,20481,31,9999,"999999999999","9","9","9","9","9","9","9","9","9","9","9","9",0,0,0,"000000000","00000000000",0,0,0,1,0,0,0,0,0,0,0,998,0,0,0,12,8,5,8,0,0,0,1,99,99999,9,9,99,9,9,9,999,999,99,99,99,99,99,99,9999,99,9999,0,99,99,99,99,4,5,98,1,8,8,98,3,3,1,80,99,1,1,13,"777777777777","777777777777","777777777777",0,0
48,481016,1,1,4,23,4,17,35,1,0,1,0,48,2,35,401,35401,14,2005,"5N1AR18U95C7","5","N","1","A","R","1","8","U","9","5","C","7",0,0,0,"000000000","00000000000",0,0,0,1,0,0,0,0,0,0,0,998,0,2,5,0,6,2,1,0,0,0,1,48,77072,0,0,0,0,0,0,66,240,0,5,0,0,0,5,2011,10,2012,4,0,0,0,0,1,2,35,3,1,8,1,0,0,14,13,99,1,4,1,"777777777777","777777777777","777777777777",1,1
48,481017,1,1,1,29,4,23,4,23,0,1,0,48,2,20,34,20034,4,2001,"2C1MR5220167","2","C","1","M","R","5","2","2","0","1","6","7",0,0,0,"000000000","00000000000",0,0,0,1,0,0,0,0,0,0,0,998,0,0,0,12,6,2,23,0,0,0,1,48,75134,0,0,0,0,0,0,74,196,0,3,0,0,0,8,2014,9,2014,0,28,0,0,0,2,3,40,1,3,8,1,0,0,1,13,99,1,4,6,"777777777777","777777777777","777777777777",1,1
48,481018,1,2,2,30,4,23,42,12,6,1,0,48,2,35,47,35047,4,2015,"1N4AL3AP0FN8","1","N","4","A","L","3","A","P","0","F","N","8",0,0,0,"000000000","00000000000",0,0,0,1,0,0,0,0,0,0,0,998,0,0,0,9,6,2,12,32,0,0,1,48,78245,0,0,0,0,0,0,999,999,0,0,0,0,0,0,0,0,0,0,38,0,0,0,1,2,98,1,8,8,98,20,3,11,15,99,1,1,82,"777777777777","777777777777","777777777777",1,1
48,481018,2,2,1,30,4,23,42,12,6,1,0,48,0,19,3,19003,4,2004,"1G6KD54Y64U2","1","G","6","K","D","5","4","Y","6","4","U","2",0,0,0,"000000000","00000000000",0,0,0,1,0,0,0,0,0,0,0,998,0,0,0,12,6,2,12,0,0,0,1,48,78224,0,0,0,0,0,0,999,999,0,14,0,1,4,5,2011,9,2015,0,0,0,0,0,2,2,40,1,1,8,1,0,0,1,67,99,1,1,83,"777777777777","777777777777","777777777777",0,1
48,481019,1,2,1,30,4,1,25,12,2,1,0,48,1,73,706,73706,80,2005,"JKAZXCC165A0","J","K","A","Z","X","C","C","1","6","5","A","0",0,0,0,"000000000","00000000000",0,0,0,1,0,0,0,0,0,0,0,57,0,0,0,12,8,2,12,0,0,0,1,48,75060,6,1,0,0,3,0,64,168,0,0,0,2,0,5,2014,7,2015,3,0,0,0,0,2,4,40,1,1,8,1,3,3,1,62,99,1,1,69,"777777777777","777777777777","777777777777",1,0
48,481019,2,2,2,30,4,1,25,12,2,1,0,48,1,12,23,12023,4,2012,"3FAHP0HA9CR2","3","F","A","H","P","0","H","A","9","C","R","2",0,0,0,"000000000","00000000000",0,0,0,1,0,0,0,0,0,0,0,998,0,0,0,12,6,2,12,0,0,0,1,48,75042,0,0,0,0,0,0,999,999,0,0,0,0,0,0,0,0,0,0,38,0,0,0,2,4,40,1,1,8,1,3,3,11,15,99,1,1,68,"777777777777","777777777777","777777777777",0,0
48,481020,1,3,1,25,1,7,30,12,2,1,0,48,1,20,422,20422,15,2007,"3GNFC16J17G1","3","G","N","F","C","1","6","J","1","7","G","1",0,0,0,"000000000","00000000000",0,0,0,1,0,0,0,0,0,0,0,998,0,0,0,12,6,2,12,0,0,0,1,48,75701,6,1,0,0,3,3,999,999,0,0,0,0,0,0,0,0,0,0,51,0,0,0,1,2,70,1,1,8,1,0,0,1,8,99,1,2,50,"777777777777","777777777777","777777777777",1,0
48,481020,2,3,1,25,1,7,30,12,2,1,0,48,1,35,39,35039,4,2012,"1N4AA5AP4CC8","1","N","4","A","A","5","A","P","4","C","C","8",0,0,0,"000000000","00000000000",0,0,0,1,0,0,0,0,0,0,0,998,0,0,0,12,6,2,12,0,0,0,1,48,75687,6,1,0,0,3,0,999,999,0,0,0,0,0,0,0,0,0,0,0,0,0,0,1,2,70,1,1,8,1,0,0,1,62,7,1,1,51,"777777777777","777777777777","777777777777",0,0
48,481020,3,3,3,25,1,7,30,12,2,1,0,48,1,23,401,23401,14,2004,"1GKDS13S0421","1","G","K","D","S","1","3","S","0","4","2","1",0,0,0,"000000000","00000000000",0,0,0,1,0,0,0,0,0,0,0,998,0,1,5,82,6,2,12,0,0,0,1,48,75789,6,1,0,0,3,3,999,999,0,0,0,1,0,12,2015,12,2015,0,0,0,0,0,1,2,70,1,1,8,1,0,0,1,62,6,1,1,98,"777777777777","777777777777","777777777777",0,0
48,481021,1,2,3,17,2,13,51,12,6,1,0,48,2,42,398,42398,4,1993,"WDBEA32E9PB9","W","D","B","E","A","3","2","E","9","P","B","9",0,0,0,"000000000","00000000000",0,0,0,1,0,0,0,0,0,0,0,997,0,0,0,3,6,2,12,0,0,0,1,48,78045,0,0,0,0,0,0,999,999,0,0,0,0,0,0,0,0,0,0,38,0,0,0,3,3,45,1,1,8,1,3,3,11,15,99,1,1,68,"777777777777","777777777777","777777777777",1,0
48,481021,2,2,1,17,2,13,51,12,6,1,0,96,9,20,37,20037,4,2014,"1G1195SX8EF2","1","G","1","1","9","5","S","X","8","E","F","2",0,0,0,"000000000","00000000000",0,0,0,1,0,0,0,0,0,0,0,998,0,0,0,12,6,2,12,0,0,0,1,96,0,9,9,99,9,9,9,999,999,99,99,99,99,99,99,9999,99,9999,0,0,0,0,0,3,3,45,1,1,8,1,3,3,1,62,99,1,1,69,"777777777777","777777777777","777777777777",0,0
48,481022,1,2,1,29,2,17,57,12,6,1,0,48,1,49,40,49040,4,2003,"4T1BE32K83U7","4","T","1","B","E","3","2","K","8","3","U","7",0,0,0,"000000000","00000000000",0,0,0,1,0,0,0,0,0,0,0,998,0,0,0,12,2,5,12,0,0,0,1,48,78521,6,1,0,0,3,0,999,999,0,0,0,0,0,0,0,0,0,0,38,0,0,0,1,2,30,1,1,8,1,0,0,11,54,99,1,1,68,"777777777777","777777777777","777777777777",0,0