"STATE","ST_CASE","VEH_NO","VE_FORMS","NUMOCCS","DAY","MONTH","HOUR","MINUTE","HARM_EV","MAN_COLL","UNITTYPE","HIT_RUN","REG_STAT","OWNER","MAKE","MODEL","MAK_MOD","BODY_TYP","MOD_YEAR","VIN","VIN_1","VIN_2","VIN_3","VIN_4","VIN_5","VIN_6","VIN_7","VIN_8","VIN_9","VIN_10","VIN_11","VIN_12","TOW_VEH","J_KNIFE","MCARR_I1","MCARR_I2","MCARR_ID","GVWR","V_CONFIG","CARGO_BT","HAZ_INV","HAZ_PLAC","HAZ_ID","HAZ_CNO","HAZ_REL","BUS_USE","SPEC_USE","EMER_USE","TRAV_SP","UNDERIDE","ROLLOVER","ROLINLOC","IMPACT1","DEFORMED","TOWED","M_HARM","VEH_SC1","VEH_SC2","FIRE_EXP","DR_PRES","L_STATE","DR_ZIP","L_STATUS","L_TYPE","CDL_STAT","L_ENDORS","L_COMPL","L_RESTRI","DR_HGT","DR_WGT","PREV_ACC","PREV_SUS","PREV_DWI","PREV_SPD","PREV_OTH","FIRST_MO","FIRST_YR","LAST_MO","LAST_YR","SPEEDREL","DR_SF1","DR_SF2","DR_SF3","DR_SF4","VTRAFWAY","VNUM_LAN","VSPD_LIM","VALIGN","VPROFILE","VPAVETYP","VSURCOND","VTRAFCON","VTCONT_F","P_CRASH1","P_CRASH2","P_CRASH3","PCRASH4","PCRASH5","ACC_TYPE","TRLR1VIN","TRLR2VIN","TRLR3VIN","DEATHS","DR_DRINK"
48,481138,1,2,1,10,5,6,35,12,2,1,0,48,1,7,482,7482,31,2010,"3D7JB15K6AG1","3","D","7","J","B","1","5","K","6","A","G","1",0,0,0,"000000000","00000000000",0,0,0,1,0,0,0,0,0,0,0,998,0,0,0,12,6,2,12,0,0,0,1,48,78852,6,1,0,0,3,0,999,999,1,0,0,0,0,10,2011,10,2011,0,51,0,0,0,1,2,70,1,1,8,1,0,0,1,10,1,1,2,50,"777777777777","777777777777","777777777777",0,0
48,481138,2,2,1,10,5,6,35,12,2,1,0,48,2,49,32,49032,4,2012,"5YFBU4EE5CP0","5","Y","F","B","U","4","E","E","5","C","P","0",0,0,0,"000000000","00000000000",0,0,0,1,0,0,0,0,0,0,0,998,0,0,0,12,6,2,12,0,0,0,1,48,78852,6,1,6,0,3,0,999,999,0,0,0,0,0,0,0,0,0,0,0,0,0,0,1,2,70,1,1,8,1,0,0,1,62,99,1,1,51,"777777777777","777777777777","777777777777",1,0
48,481139,1,3,2,11,5,12,30,12,6,1,0,48,2,20,36,20036,2,2000,"2G1WW12E9Y93","2","G","1","W","W","1","2","E","9","Y","9","3",0,0,0,"000000000","00000000000",0,0,0,1,0,0,0,0,0,0,0,998,0,0,0,61,6,2,12,32,0,0,1,48,77521,6,1,0,0,3,3,999,999,0,0,0,0,0,0,0,0,0,0,48,0,0,0,1,2,60,1,1,8,1,0,0,12,21,99,1,2,98,"777777777777","777777777777","777777777777",1,0
48,481139,2,3,1,11,5,12,30,12,6,1,0,48,0,12,481,12481,31,2013,"1FT7X2B64DEB","1","F","T","7","X","2","B","6","4","D","E","B",0,0,0,"000000000","00000000000",0,0,0,1,0,0,0,0,0,0,0,998,0,0,0,12,6,2,12,0,0,0,1,48,77520,6,1,0,0,3,3,999,999,0,0,0,0,0,0,0,0,0,0,0,0,0,0,1,2,60,1,1,8,1,0,0,1,61,99,1,1,98,"777777777777","777777777777","777777777777",0,0
48,481139,3,3,1,11,5,12,30,12,6,1,0,48,1,7,482,7482,31,2012,"3C63DRJL4CG2","3","C","6","3","D","R","J","L","4","C","G","2",1,1,88,"888888888","88888888888",2,4,97,1,0,0,0,0,0,0,0,998,0,1,5,81,6,2,12,0,0,0,1,48,77327,6,1,0,0,3,0,999,999,0,0,0,2,0,8,2014,3,2016,0,0,0,0,0,1,2,60,1,1,8,1,0,0,1,62,99,1,1,98,"5UTBU1828BM0","777777777777","777777777777",0,0
48,481140,1,1,1,11,5,22,0,42,0,1,0,48,1,30,40,30040,4,2008,"3VWRM71K68M0","3","V","W","R","M","7","1","K","6","8","M","0",0,0,0,"000000000","00000000000",0,0,0,1,0,0,0,0,0,0,0,998,0,0,0,12,6,2,42,0,0,0,1,48,75846,6,1,0,0,3,0,999,999,2,0,0,0,0,11,2012,11,2013,0,99,99,99,99,1,2,70,1,1,8,1,0,0,1,13,1,1,4,1,"777777777777","777777777777","777777777777",1,0
48,481141,1,1,1,11,5,14,39,8,0,1,0,48,2,12,422,12422,15,2000,"1FMRU17L3YLA","1","F","M","R","U","1","7","L","3","Y","L","A",0,0,0,"000000000","00000000000",0,0,0,1,0,0,0,0,0,0,0,998,0,0,0,98,8,5,8,0,0,0,1,48,76112,0,0,0,0,0,0,999,999,0,0,0,0,1,4,2016,4,2016,0,0,0,0,0,1,2,40,1,1,8,1,3,3,11,80,1,1,1,13,"777777777777","777777777777","777777777777",0,0
48,481142,1,2,4,13,5,14,24,12,6,1,0,48,2,20,28,20028,4,2014,"1G1JC5SH9E42","1","G","1","J","C","5","S","H","9","E","4","2",0,0,0,"000000000","00000000000",0,0,0,1,0,0,0,0,0,0,0,998,0,0,0,12,6,2,12,0,0,0,1,48,79849,6,1,0,0,3,0,999,999,0,0,0,0,0,0,0,0,0,0,0,0,0,0,1,2,30,1,1,8,1,0,0,1,17,99,1,1,88,"777777777777","777777777777","777777777777",0,0
48,481142,2,2,4,13,5,14,24,12,6,1,0,48,1,3,431,3431,16,2005,"5GRGN23U35H1","5","G","R","G","N","2","3","U","3","5","H","1",0,0,0,"000000000","00000000000",0,0,0,1,0,0,0,0,0,0,0,998,0,0,0,8,6,2,12,0,0,0,1,48,79938,6,1,0,0,3,0,999,999,0,0,0,0,0,0,0,0,0,0,0,0,0,0,1,2,30,1,1,8,1,0,0,1,66,99,1,1,89,"777777777777","777777777777","777777777777",1,0
48,481143,1,2,1,13,5,1,32,12,6,1,0,48,3,84,881,84881,66,2007,"2HSCEAHR07C3","2","H","S","C","E","A","H","R","0","7","C","3",1,1,57,"2487276","572487276",3,6,4,1,0,0,0,0,0,0,0,998,0,0,0,9,2,5,12,0,0,0,1,48,77044,6,1,6,0,3,0,999,999,0,0,0,0,0,0,0,0,0,0,38,0,0,0,0,0,0,0,0,0,0,0,0,11,15,99,1,7,82,"1JJU362F5YS6","777777777777","777777777777",0,0
48,481143,2,2,1,13,5,1,32,12,6,1,0,48,2,49,482,49482,31,2014,"5TFRM5F10EX0","5","T","F","R","M","5","F","1","0","E","X","0",0,0,0,"000000000","00000000000",0,0,0,1,0,0,0,0,0,0,0,998,3,0,0,12,6,2,12,0,0,0,1,48,77044,6,1,0,0,3,0,999,999,0,0,0,0,0,0,0,0,0,3,0,0,0,0,1,2,30,1,1,8,1,0,0,1,72,99,1,1,83,"777777777777","777777777777","777777777777",1,1
48,481144,1,2,2,13,5,4,8,12,2,1,0,93,3,82,881,82881,66,2016,"3AKJGLDR1GSG","3","A","K","J","G","L","D","R","1","G","S","G",1,1,57,"117034","57117034",3,6,1,1,0,0,0,0,0,0,0,998,0,0,0,12,6,2,12,0,0,0,1,48,76135,6,1,6,0,3,0,999,999,0,0,0,0,0,0,0,0,0,0,0,0,0,0,2,1,70,1,2,8,1,0,0,1,62,99,1,1,51,"3H3V281C3ET2","777777777777","777777777777",0,0
48,481144,2,2,2,13,5,4,8,12,2,1,0,99,9,20,9,20009,2,2013,"2G1FB1E39D91","2","G","1","F","B","1","E","3","9","D","9","1",0,0,0,"000000000","00000000000",0,0,0,1,0,0,0,0,0,0,0,998,0,0,0,12,6,2,12,0,0,1,1,5,72227,9,9,99,9,9,9,999,999,99,99,99,99,99,99,9999,99,9999,0,51,0,0,0,2,1,70,1,2,8,1,0,0,1,9,99,4,4,50,"777777777777","777777777777","777777777777",2,0
48,481145,1,2,2,13,5,17,45,12,1,1,0,48,2,2,404,2404,14,1999,"1J4FT68S6XL5","1","J","4","F","T","6","8","S","6","X","L","5",0,0,0,"000000000","00000000000",0,0,0,1,0,0,0,0,0,0,0,998,0,0,0,12,6,2,12,0,0,0,1,48,76108,6,1,0,0,3,0,999,999,0,0,0,1,0,2,2015,2,2015,0,0,0,0,0,3,4,65,1,1,8,1,0,0,1,50,99,1,1,20,"777777777777","777777777777","777777777777",0,0
48,481145,2,2,3,13,5,17,45,12,1,1,0,48,1,37,31,37031,4,2006,"1HGFA16566L0","1","H","G","F","A","1","6","5","6","6","L","0",0,0,0,"000000000","00000000000",0,0,0,1,0,0,0,0,0,0,0,0,0,0,0,6,6,2,12,0,0,0,1,48,75025,6,1,0,0,3,3,999,999,0,0,0,0,0,0,0,0,0,0,0,0,0,0,3,4,65,1,1,8,1,0,0,5,53,1,1,1,21,"777777777777","777777777777","777777777777",1,0
48,481146,1,1,1,13,5,14,17,8,0,1,0,48,2,12,461,12461,21,2004,"1FTRE14W84HA","1","F","T","R","E","1","4","W","8","4","H","A",0,0,0,"000000000","00000000000",0,0,0,1,0,0,0,0,0,0,0,998,0,0,0,12,0,5,8,0,0,0,1,48,78613,6,1,0,0,3,0,999,999,0,0,0,0,0,0,0,0,0,0,0,0,0,0,1,2,25,2,1,8,1,0,0,14,80,1,1,1,13,"777777777777","777777777777","777777777777",0,0
48,481147,1,1,3,13,5,22,20,8,0,1,0,48,1,20,2,20002,4,2009,"2G1WT57KX912","2","G","1","W","T","5","7","K","X","9","1","2",0,0,0,"000000000","00000000000",0,0,0,1,0,0,0,0,0,0,0,998,0,0,0,12,2,3,8,0,0,0,1,48,77340,6,1,0,0,3,0,999,999,0,36,0,0,2,5,2011,4,2016,0,0,0,0,0,1,2,55,1,1,8,1,0,0,1,80,99,1,1,13,"777777777777","777777777777","777777777777",0,0
48,481148,1,3,1,14,5,22,49,12,1,1,0,48,1,7,24,7024,4,2014,"2C3CDXHG5EH2","2","C","3","C","D","X","H","G","5","E","H","2",0,0,0,"000000000","00000000000",0,0,0,1,0,0,0,0,0,0,0,998,0,0,0,12,6,2,12,0,0,0,1,48,75007,6,1,6,0,3,3,999,999,0,0,0,0,0,0,0,0,0,0,0,0,0,0,3,5,60,1,2,8,1,0,0,1,50,99,1,1,20,"777777777777","777777777777","777777777777",0,0
48,481148,2,3,3,14,5,22,49,12,1,1,0,48,2,18,3,18003,4,1998,"1G4CU521XW46","1","G","4","C","U","5","2","1","X","W","4","6",0,0,0,"000000000","00000000000",0,0,0,1,0,0,0,0,0,0,0,0,0,0,0,6,6,2,12,0,0,0,1,48,75243,0,0,0,0,0,0,999,999,0,0,0,0,0,0,0,0,0,0,54,0,0,0,3,5,60,1,2,8,1,0,0,7,53,1,1,1,21,"777777777777","777777777777","777777777777",1,0
48,481148,3,3,1,14,5,22,49,12,1,1,0,48,1,55,401,55401,14,2013,"5XYZU3LB3DG1","5","X","Y","Z","U","3","L","B","3","D","G","1",0,0,0,"000000000","00000000000",0,0,0,1,0,0,0,0,0,0,0,998,0,0,0,12,2,3,12,0,0,0,1,48,75211,6,1,0,0,3,3,999,999,0,0,0,0,0,0,0,0,0,0,0,0,0,0,3,5,60,1,2,8,1,0,0,1,60,16,1,1,98,"777777777777","777777777777","777777777777",0,0
48,481149,1,1,2,14,5,22,30,8,0,1,0,48,2,55,35,55035,4,2014,"KMHD35LH9EU2","K","M","H","D","3","5","L","H","9","E","U","2",0,0,0,"000000000","00000000000",0,0,0,1,0,0,0,0,0,0,0,998,0,0,0,12,2,3,8,0,0,0,1,48,76543,6,1,0,0,3,0,999,999,0,0,0,1,1,12,2011,3,2016,0,0,0,0,0,3,3,75,1,1,8,1,0,0,1,80,99,1,1,13,"777777777777","777777777777","777777777777",0,0
48,481150,1,2,1,14,5,21,37,12,2,1,0,48,1,12,37,12037,4,2008,"1FAHP35N18W2","1","F","A","H","P","3","5","N","1","8","W","2",0,0,0,"000000000","00000000000",0,0,0,1,0,0,0,0,0,0,0,998,0,0,0,12,6,2,12,0,0,0,1,48,75703,6,1,0,0,3,0,999,999,1,0,0,0,0,9,2014,9,2014,0,0,0,0,0,5,5,45,3,2,8,1,0,0,14,62,99,1,1,51,"777777777777","777777777777","777777777777",1,0
48,481150,2,2,1,14,5,21,37,12,2,1,0,48,1,7,482,7482,31,2015,"1C6RR7PT0FS5","1","C","6","R","R","7","P","T","0","F","S","5",0,0,0,"000000000","00000000000",0,0,0,1,0,0,0,0,0,0,0,998,0,1,9,12,6,2,12,0,0,0,1,48,75762,6,1,0,0,3,0,999,999,1,0,0,1,0,2,2013,4,2015,4,28,0,0,0,5,5,45,2,2,8,1,0,0,14,10,99,1,2,50,"777777777777","777777777777","777777777777",0,1
48,481151,1,1,2,15,5,0,41,14,0,1,0,48,1,7,25,7025,5,2007,"1B3HB48B77D5","1","B","3","H","B","4","8","B","7","7","D","5",0,0,0,"000000000","00000000000",0,0,0,1,0,0,0,0,0,0,0,998,0,0,0,12,2,3,14,0,0,0,1,48,78244,6,1,0,0,3,0,999,999,0,0,0,1,0,1,2013,1,2013,0,91,0,0,0,1,2,30,1,1,8,1,0,0,1,10,99,1,4,11,"777777777777","777777777777","777777777777",1,1
48,481152,1,1,2,15,5,13,0,59,0,1,0,48,1,49,32,49032,4,2006,"2T1KY32E16C5","2","T","1","K","Y","3","2","E","1","6","C","5",0,0,0,"000000000","00000000000",0,0,0,1,0,0,0,0,0,0,0,998,0,0,0,6,6,2,59,0,0,0,1,48,78216,6,1,0,0,3,0,999,999,0,0,0,0,0,0,0,0,0,0,0,0,0,0,3,3,55,3,1,8,2,0,0,14,6,99,3,4,2,"777777777777","777777777777","777777777777",1,0
48,481153,1,1,1,15,5,14,27,42,0,1,0,48,2,2,405,2405,14,2003,"1J4GK48K73W5","1","J","4","G","K","4","8","K","7","3","W","5",0,0,0,"000000000","00000000000",0,0,0,1,0,0,0,0,0,0,0,998,0,1,5,11,6,2,1,0,0,0,1,48,78520,0,0,0,0,0,0,999,999,0,8,0,1,1,3,2014,4,2016,0,0,0,0,0,5,5,30,1,1,8,2,0,0,1,9,99,3,4,7,"777777777777","777777777777","777777777777",1,0
48,481154,1,1,99,15,5,6,24,8,0,1,1,48,9,35,43,35043,4,2012,"3N1AB6AP4CL7","3","N","1","A","B","6","A","P","4","C","L","7",0,0,0,"000000000","00000000000",0,0,0,1,0,0,0,0,0,0,0,998,0,0,0,1,6,2,8,0,0,0,1,99,99999,9,9,99,9,9,9,999,999,99,99,99,99,99,99,9999,99,9999,3,99,99,99,99,3,2,35,1,1,1,1,0,0,1,80,99,1,1,13,"777777777777","777777777777","777777777777",0,0
48,481155,1,1,1,15,5,17,25,8,0,1,1,22,2,7,482,7482,31,2008,"1D7HA18248S5","1","D","7","H","A","1","8","2","4","8","S","5",0,0,0,"000000000","00000000000",0,0,0,1,0,0,0,0,0,0,0,998,0,0,0,12,2,3,8,0,0,0,1,48,77625,6,1,0,0,3,0,999,999,1,0,0,1,1,2,2014,4,2015,0,91,0,0,0,1,2,60,1,1,8,1,0,0,1,12,99,1,4,6,"777777777777","777777777777","777777777777",0,0
48,481156,1,1,1,16,5,8,9,1,0,1,0,48,2,12,422,12422,15,2006,"1FMPU17516LB","1","F","M","P","U","1","7","5","1","6","L","B",0,0,0,"000000000","00000000000",0,0,0,1,0,0,0,0,0,0,0,998,0,2,1,0,6,2,1,0,0,0,1,48,77879,6,1,0,0,3,3,999,999,0,0,0,0,0,0,0,0,0,0,0,0,0,0,2,2,75,2,1,8,2,0,0,14,12,99,3,6,98,"777777777777","777777777777","777777777777",1,0
48,481157,1,2,1,16,5,23,45,12,8,1,0,48,2,49,43,49043,4,2005,"4T1BK36B75U0","4","T","1","B","K","3","6","B","7","5","U","0",0,0,0,"000000000","00000000000",0,0,0,1,0,0,0,0,0,0,0,998,0,1,1,11,6,2,12,0,0,0,1,48,77054,0,0,0,0,0,0,999,999,0,0,0,0,0,0,0,0,0,3,28,51,0,0,1,5,45,1,1,1,1,0,0,1,10,99,1,2,64,"777777777777","777777777777","777777777777",1,1
48,481157,2,2,1,16,5,23,45,12,8,1,0,48,0,12,481,12481,31,2002,"1FTNW21F62EA","1","F","T","N","W","2","1","F","6","2","E","A",0,0,0,"000000000","00000000000",0,0,0,1,0,0,0,0,0,0,0,998,0,0,0,11,6,2,12,0,0,0,1,48,77054,3,1,0,0,2,0,999,999,0,0,0,0,0,0,0,0,0,0,0,0,0,0,1,5,45,1,1,1,1,0,0,1,62,99,1,1,65,"777777777777","777777777777","777777777777",0,1
48,481158,1,1,1,16,5,13,42,14,0,1,0,48,2,18,20,18020,4,1996,"2G4WB52K3T15","2","G","4","W","B","5","2","K","3","T","1","5",0,0,0,"000000000","00000000000",0,0,0,1,0,0,0,0,0,0,0,998,0,0,0,1,4,3,8,0,0,0,1,48,77657,6,1,0,0,3,3,999,999,0,0,0,0,0,0,0,0,0,0,0,0,0,0,3,2,75,1,2,8,2,0,0,1,8,16,2,4,11,"777777777777","777777777777","777777777777",0,0
48,481159,1,3,1,16,5,15,32,12,6,1,0,48,1,2,404,2404,14,2002,"1J4GX48S12C1","1","J","4","G","X","4","8","S","1","2","C","1",0,0,0,"000000000","00000000000",0,0,0,1,0,0,0,0,0,0,0,998,0,1,1,12,6,2,12,0,0,0,1,48,79109,6,1,0,0,3,0,999,999,0,0,0,0,1,12,2014,12,2014,0,0,0,0,0,5,5,45,1,1,8,1,0,0,1,98,99,1,9,49,"777777777777","777777777777","777777777777",0,0
48,481159,2,3,2,16,5,15,32,12,6,1,0,48,1,20,22,20022,4,2007,"1G1AK15F9774","1","G","1","A","K","1","5","F","9","7","7","4",0,0,0,"000000000","00000000000",0,0,0,1,0,0,0,0,0,0,0,998,0,0,0,7,6,2,12,0,0,0,1,48,79109,6,1,0,0,3,0,999,999,0,14,0,0,0,8,2011,1,2016,0,0,0,0,0,5,5,45,1,1,8,1,0,0,1,98,99,1,9,49,"777777777777","777777777777","777777777777",0,0
48,481159,3,3,2,16,5,15,32,12,6,1,0,48,1,12,17,12017,4,1998,"1FAFP52U1WA2","1","F","A","F","P","5","2","U","1","W","A","2",0,0,0,"000000000","00000000000",0,0,0,1,0,0,0,0,0,0,0,998,0,1,5,6,6,2,12,0,0,0,1,48,79119,6,1,0,0,3,0,999,999,0,0,0,0,0,0,0,0,0,0,0,0,0,0,5,5,45,1,1,8,1,0,0,1,53,99,1,1,98,"777777777777","777777777777","777777777777",1,0
48,481160,1,1,1,25,3,2,41,8,0,1,0,48,2,7,26,7026,4,2011,"1B3BD1FB4BN5","1","B","3","B","D","1","F","B","4","B","N","5",0,0,0,"000000000","00000000000",0,0,0,1,0,0,0,0,0,0,0,998,0,0,0,12,6,2,8,0,0,0,1,48,78216,0,0,0,0,0,0,999,999,0,3,0,0,1,12,2013,4,2015,0,0,0,0,0,3,1,45,3,1,8,1,3,3,12,12,99,1,4,98,"777777777777","777777777777","777777777777",0,0
48,481161,1,1,1,19,4,9,35,1,0,1,0,48,3,84,881,84881,63,2011,"1HTZZAANXBJ4","1","H","T","Z","Z","A","A","N","X","B","J","4",0,0,57,"1244829","571244829",3,1,1,1,0,0,0,0,0,0,0,998,0,2,5,0,6,2,1,0,0,0,1,48,79701,6,1,6,0,3,3,999,999,0,0,0,3,1,4,2011,2,2016,4,0,0,0,0,1,2,75,2,3,8,1,0,0,14,12,7,3,4,6,"777777777777","777777777777","777777777777",1,0
48,481162,1,2,1,5,5,23,50,12,1,1,0,48,2,7,21,7021,6,2006,"2D8GV77376H2","2","D","8","G","V","7","7","3","7","6","H","2",0,0,0,"000000000","00000000000",0,0,0,1,0,0,0,0,0,0,0,998,0,0,0,12,6,2,12,0,0,0,1,48,79764,1,1,0,0,2,0,999,999,0,5,0,1,0,11,2011,8,2015,0,91,0,0,0,5,5,55,1,1,8,1,0,0,1,51,99,1,1,24,"777777777777","777777777777","777777777777",0,1
48,481162,2,2,2,5,5,23,50,12,1,1,0,48,2,2,403,2403,14,2015,"1C4BJWEG0FL5","1","C","4","B","J","W","E","G","0","F","L","5",0,0,0,"000000000","00000000000",0,0,0,1,0,0,0,0,0,0,0,998,0,1,5,6,6,2,1,0,0,0,1,48,79764,0,0,0,0,0,0,999,999,0,0,0,0,0,0,0,0,0,0,0,0,0,0,5,5,55,1,1,8,1,0,0,1,53,99,1,1,25,"777777777777","777777777777","777777777777",1,0
48,481163,1,2,1,5,5,5,10,12,6,1,0,35,0,47,35,47035,4,2007,"YS3FD46Y4711","Y","S","3","F","D","4","6","Y","4","7","1","1",0,0,0,"000000000","00000000000",0,0,0,1,0,0,0,0,0,0,0,998,3,0,0,12,6,2,12,0,0,0,1,35,88054,6,1,0,0,3,0,71,215,98,0,0,1,0,11,2013,11,2013,0,0,0,0,0,1,2,55,1,1,8,1,0,0,1,50,99,1,1,84,"777777777777","777777777777","777777777777",1,0
48,481163,2,2,0,5,5,5,10,12,6,1,0,93,3,85,881,85881,66,2005,"1XKADB9X75J0","1","X","K","A","D","B","9","X","7","5","J","0",1,1,57,"2388375","572388375",3,6,2,1,0,0,0,0,0,0,0,0,0,0,0,8,6,2,12,0,0,0,0,0,99997,7,6,97,7,6,7,998,997,998,998,998,998,998,98,9998,98,9998,8,54,0,0,0,0,0,0,0,0,0,0,0,0,0,54,0,0,0,84,"1UNST42206L0","777777777777","777777777777",0,0
48,481164,1,3,1,9,5,4,31,12,8,1,0,48,2,7,43,7043,4,2004,"1B3EL36X04N2","1","B","3","E","L","3","6","X","0","4","N","2",0,0,0,"000000000","00000000000",0,0,0,1,0,0,0,0,0,0,0,998,0,0,0,11,6,2,12,0,0,0,1,48,78832,6,1,0,0,3,3,999,999,0,0,0,0,0,0,0,0,0,0,28,51,0,0,1,3,70,1,1,8,1,0,0,1,10,99,1,2,64,"777777777777","777777777777","777777777777",1,0
48,481164,2,3,1,9,5,4,31,12,8,1,0,48,1,12,422,12422,15,2000,"1FMRU17LXYLA","1","F","M","R","U","1","7","L","X","Y","L","A",0,0,0,"000000000","00000000000",0,0,0,1,0,0,0,0,0,0,0,998,0,0,0,7,6,2,12,0,0,0,1,48,78220,0,0,0,0,0,0,999,999,0,0,0,0,0,0,0,0,0,0,0,0,0,0,1,3,70,1,1,8,1,0,0,1,62,99,1,1,65,"777777777777","777777777777","777777777777",0,0
48,481164,3,3,1,9,5,4,31,12,8,1,0,48,3,7,482,7482,31,2015,"1C6RR7KT2FS5","1","C","6","R","R","7","K","T","2","F","S","5",0,0,0,"000000000","00000000000",0,0,0,1,0,0,0,0,0,0,0,998,0,0,0,12,6,2,12,0,0,0,1,48,78840,6,1,0,0,3,0,999,999,0,0,0,0,1,3,2015,3,2015,0,0,0,0,0,1,3,70,1,1,8,1,0,0,1,62,99,1,1,98,"777777777777","777777777777","777777777777",0,0
48,481165,1,1,1,13,5,23,4,43,0,1,0,48,2,7,21,7021,6,2007,"2D4FV47V57H8","2","D","4","F","V","4","7","V","5","7","H","8",0,0,0,"000000000","00000000000",0,0,0,1,0,0,0,0,0,0,0,998,0,1,5,98,6,2,42,0,0,1,1,48,77445,6,1,0,0,3,0,999,999,0,19,0,1,2,11,2011,11,2015,0,0,0,0,0,1,2,60,3,1,8,1,0,0,1,13,99,1,4,1,"777777777777","777777777777","777777777777",1,0
48,481166,1,1,1,14,5,4,51,8,0,1,0,48,1,12,481,12481,31,2003,"1FTSW31P63EC","1","F","T","S","W","3","1","P","6","3","E","C",0,0,0,"000000000","00000000000",0,0,0,1,0,0,0,0,0,0,0,998,0,0,0,12,2,3,8,0,0,0,1,48,77371,6,1,6,0,3,3,999,999,0,0,0,0,0,0,0,0,0,0,0,0,0,0,1,2,65,1,1,8,1,0,0,1,80,99,1,1,13,"777777777777","777777777777","777777777777",0,0
48,481167,1,2,3,14,5,17,14,12,8,1,0,48,2,7,29,7029,4,2014,"1C3CDFBB6ED6","1","C","3","C","D","F","B","B","6","E","D","6",0,0,0,"000000000","00000000000",0,0,0,1,0,0,0,0,0,0,0,998,0,0,0,7,6,2,12,0,0,0,1,48,78664,0,0,0,0,0,0,999,999,0,0,0,0,0,0,0,0,0,4,0,0,0,0,5,5,60,1,2,8,6,0,0,1,6,99,2,2,64,"777777777777","777777777777","777777777777",1,0
48,481167,2,2,57,14,5,17,14,12,8,1,0,93,3,98,908,98908,52,2013,"YE2CC1BB9D20","Y","E","2","C","C","1","B","B","9","D","2","0",0,0,57,"1238490","571238490",3,21,22,1,0,0,0,0,6,3,0,998,0,0,0,11,2,3,12,0,0,0,1,48,78741,6,1,6,0,3,0,999,999,3,0,0,0,0,9,2011,2,2012,0,0,0,0,0,5,5,60,1,2,8,6,0,0,1,62,99,1,1,65,"777777777777","777777777777","777777777777",0,0
48,481168,1,1,3,18,5,0,4,8,0,1,0,48,1,2,403,2403,14,2004,"1J4FA49S14P7","1","J","4","F","A","4","9","S","1","4","P","7",0,0,0,"000000000","00000000000",0,0,0,1,0,0,0,0,0,0,0,998,0,0,0,12,6,2,8,0,0,0,1,48,78102,3,1,0,0,2,3,999,999,0,21,0,4,2,7,2011,5,2016,0,0,0,0,0,3,3,75,2,1,8,1,0,0,14,80,99,1,1,13,"777777777777","777777777777","777777777777",0,0
48,481169,1,2,99,22,1,21,33,8,0,1,1,99,9,99,999,99999,99,9999,"999999999999","9","9","9","9","9","9","9","9","9","9","9","9",0,0,99,"999999999","99999999999",9,99,99,1,0,0,0,0,99,99,9,999,0,0,0,99,9,5,8,99,99,0,1,99,99999,9,9,99,9,9,9,999,999,99,99,99,99,99,99,9999,99,9999,9,99,99,99,99,5,7,45,1,1,8,1,0,0,1,80,99,1,1,13,"777777777777","777777777777","777777777777",0,0
48,481169,2,2,1,22,1,21,33,8,0,1,0,48,2,39,35,39035,2,2011,"SAJWA4FB8BLB","S","A","J","W","A","4","F","B","8","B","L","B",0,0,0,"000000000","00000000000",0,0,0,1,0,0,0,0,0,0,0,998,0,0,0,12,2,3,8,0,0,0,1,48,78229,6,1,0,0,3,0,999,999,0,0,0,0,0,0,0,0,0,0,0,0,0,0,5,7,45,1,1,8,1,0,0,1,80,99,1,1,98,"777777777777","777777777777","777777777777",0,0
48,481170,1,2,1,13,2,17,55,12,2,1,0,48,1,49,40,49040,4,1998,"JT2BG22KXW01","J","T","2","B","G","2","2","K","X","W","0","1",0,0,0,"000000000","00000000000",0,0,0,1,0,0,0,0,0,0,0,998,0,0,0,12,6,2,12,0,0,0,1,48,75206,6,1,0,0,3,3,68,163,0,0,0,0,0,0,0,0,0,0,38,0,0,0,2,4,45,1,1,8,1,0,0,11,15,99,1,1,68,"777777777777","777777777777","777777777777",1,0
48,481170,2,2,1,13,2,17,55,12,2,1,0,48,1,63,32,63032,4,2006,"KNADE1239661","K","N","A","D","E","1","2","3","9","6","6","1",0,0,0,"000000000","00000000000",0,0,0,1,0,0,0,0,0,0,0,998,0,0,0,12,6,2,12,0,0,0,1,48,75216,6,1,0,0,3,2,999,999,0,0,0,0,0,0,0,0,0,0,74,0,0,0,2,4,45,1,1,8,1,0,0,1,62,99,1,1,69,"777777777777","777777777777","777777777777",0,0
48,481171,1,1,1,12,3,4,2,8,0,1,0,48,3,12,16,12016,4,2011,"2FABP7BV0BX1","2","F","A","B","P","7","B","V","0","B","X","1",0,0,0,"000000000","00000000000",0,0,0,1,0,0,0,0,0,5,0,998,0,0,0,12,2,5,8,0,0,0,1,48,77304,6,1,0,0,3,3,999,999,0,0,0,0,0,0,0,0,0,0,0,0,0,0,5,7,50,1,2,8,1,0,0,1,80,16,9,1,13,"777777777777","777777777777","777777777777",0,0
48,481172,1,2,2,14,4,23,39,12,7,1,0,48,1,12,481,12481,31,2010,"1FTWW3BR5AEB","1","F","T","W","W","3","B","R","5","A","E","B",0,0,0,"000000000","00000000000",0,0,0,1,0,0,0,0,0,0,0,998,0,0,0,83,6,2,12,0,0,0,1,48,77096,6,1,0,0,3,0,999,999,0,4,0,2,0,2,2015,7,2015,3,33,91,0,0,2,4,40,1,1,1,1,0,0,6,10,99,1,2,74,"777777777777","777777777777","777777777777",0,1