"STATE","ST_CASE","VEH_NO","VE_FORMS","NUMOCCS","DAY","MONTH","HOUR","MINUTE","HARM_EV","MAN_COLL","UNITTYPE","HIT_RUN","REG_STAT","OWNER","MAKE","MODEL","MAK_MOD","BODY_TYP","MOD_YEAR","VIN","VIN_1","VIN_2","VIN_3","VIN_4","VIN_5","VIN_6","VIN_7","VIN_8","VIN_9","VIN_10","VIN_11","VIN_12","TOW_VEH","J_KNIFE","MCARR_I1","MCARR_I2","MCARR_ID","GVWR","V_CONFIG","CARGO_BT","HAZ_INV","HAZ_PLAC","HAZ_ID","HAZ_CNO","HAZ_REL","BUS_USE","SPEC_USE","EMER_USE","TRAV_SP","UNDERIDE","ROLLOVER","ROLINLOC","IMPACT1","DEFORMED","TOWED","M_HARM","VEH_SC1","VEH_SC2","FIRE_EXP","DR_PRES","L_STATE","DR_ZIP","L_STATUS","L_TYPE","CDL_STAT","L_ENDORS","L_COMPL","L_RESTRI","DR_HGT","DR_WGT","PREV_ACC","PREV_SUS","PREV_DWI","PREV_SPD","PREV_OTH","FIRST_MO","FIRST_YR","LAST_MO","LAST_YR","SPEEDREL","DR_SF1","DR_SF2","DR_SF3","DR_SF4","VTRAFWAY","VNUM_LAN","VSPD_LIM","VALIGN","VPROFILE","VPAVETYP","VSURCOND","VTRAFCON","VTCONT_F","P_CRASH1","P_CRASH2","P_CRASH3","PCRASH4","PCRASH5","ACC_TYPE","TRLR1VIN","TRLR2VIN","TRLR3VIN","DEATHS","DR_DRINK"
48,481278,3,5,1,23,5,13,58,12,1,1,0,93,0,82,881,82881,78,2010,"1FUJGHDV2ALA","1","F","U","J","G","H","D","V","2","A","L","A",6,1,57,"1348732","571348732",3,19,98,1,0,0,0,0,0,0,0,0,0,0,0,6,6,2,12,0,0,0,1,40,74955,6,1,6,0,3,0,71,250,0,0,0,0,0,0,0,0,0,0,0,0,0,0,3,2,75,1,1,8,1,0,0,4,53,1,1,1,98,"777777777777","777777777777","777777777777",0,0
48,481278,4,5,2,23,5,13,58,12,1,1,0,48,2,20,481,20481,31,2005,"2GCEC19V0513","2","G","C","E","C","1","9","V","0","5","1","3",0,0,0,"000000000","00000000000",0,0,0,1,0,0,0,0,0,0,0,0,0,0,0,6,6,2,12,0,0,0,1,48,77360,6,1,0,0,3,0,999,999,0,0,0,1,0,2,2013,2,2013,0,0,0,0,0,3,2,75,1,1,8,1,0,0,5,53,1,1,1,98,"777777777777","777777777777","777777777777",0,0
48,481278,5,5,1,23,5,13,58,12,1,1,0,48,4,7,482,7482,31,2015,"1C6RR6FT9FS7","1","C","6","R","R","6","F","T","9","F","S","7",0,0,0,"000000000","00000000000",0,0,0,1,0,0,0,0,0,0,0,0,0,0,0,6,2,5,12,0,0,0,1,48,76247,6,1,0,0,3,0,999,999,0,0,0,0,0,0,0,0,0,0,0,0,0,0,3,2,75,1,1,8,1,0,0,5,53,1,1,1,98,"777777777777","777777777777","777777777777",0,0
48,481279,1,2,1,24,5,16,5,12,2,1,0,48,0,12,401,12401,14,1996,"1FMDU32X9TZA","1","F","M","D","U","3","2","X","9","T","Z","A",0,0,0,"000000000","00000000000",0,0,0,1,0,0,0,0,0,0,0,998,0,0,0,12,6,2,12,0,0,0,1,48,77511,0,0,0,0,0,0,999,999,0,0,0,0,0,0,0,0,0,0,33,0,0,0,1,2,55,2,1,8,1,0,0,6,10,99,1,2,50,"777777777777","777777777777","777777777777",0,0
48,481279,2,2,2,24,5,16,5,12,2,1,0,48,1,49,44,49044,2,2002,"2T1CE22P92C0","2","T","1","C","E","2","2","P","9","2","C","0",0,0,0,"000000000","00000000000",0,0,0,1,0,0,0,0,0,0,0,998,0,0,0,12,6,2,12,0,0,0,1,48,77578,6,1,0,0,3,0,68,184,0,0,0,0,0,0,0,0,0,0,0,0,0,0,1,2,55,3,1,8,1,0,0,14,62,99,1,1,51,"777777777777","777777777777","777777777777",2,0
48,481280,1,1,3,24,5,13,5,1,0,1,0,48,2,23,881,23881,61,1998,"1GDJ7H1J6WJ5","1","G","D","J","7","H","1","J","6","W","J","5",0,0,99,"999999999","99999999999",2,1,2,1,0,0,0,0,0,0,0,998,0,2,5,0,6,2,1,0,0,0,1,48,77535,6,1,0,0,3,0,999,999,0,0,0,0,0,0,0,0,0,4,0,0,0,0,1,2,30,1,1,8,1,0,0,1,13,6,9,4,7,"777777777777","777777777777","777777777777",1,0
48,481281,1,2,1,25,5,11,47,12,6,1,0,48,1,76,706,76706,80,2004,"JYARN13E84A0","J","Y","A","R","N","1","3","E","8","4","A","0",0,0,0,"000000000","00000000000",0,0,0,1,0,0,0,0,0,0,0,998,0,0,0,12,8,2,12,0,0,0,1,48,77087,0,0,0,0,0,0,999,999,0,0,0,0,0,0,0,0,0,3,0,0,0,0,1,2,35,1,1,1,1,0,0,1,66,99,1,1,86,"777777777777","777777777777","777777777777",1,0
48,481281,2,2,1,25,5,11,47,12,6,1,0,48,2,20,2,20002,4,2007,"2G1WC58R6791","2","G","1","W","C","5","8","R","6","7","9","1",0,0,0,"000000000","00000000000",0,0,0,1,0,0,0,0,0,0,0,998,0,0,0,5,4,5,12,0,0,0,1,48,77023,3,1,0,0,2,0,999,999,0,0,0,0,0,0,0,0,0,0,0,0,0,0,1,2,98,1,1,8,1,20,3,1,17,99,1,1,87,"777777777777","777777777777","777777777777",0,0
48,481282,1,2,1,25,5,17,30,12,6,1,0,48,1,76,705,76705,80,2013,"JYARJ16E3DA0","J","Y","A","R","J","1","6","E","3","D","A","0",0,0,0,"000000000","00000000000",0,0,0,1,0,0,0,0,0,0,0,998,0,0,0,12,6,2,12,0,0,0,1,48,76111,6,1,0,0,2,0,999,999,0,0,0,1,1,3,2016,3,2016,5,0,0,0,0,1,2,40,1,1,8,1,0,0,1,62,16,1,1,69,"777777777777","777777777777","777777777777",1,0
48,481282,2,2,1,25,5,17,30,12,6,1,0,48,2,19,431,19431,16,2003,"1GYEC63T23R2","1","G","Y","E","C","6","3","T","2","3","R","2",0,0,0,"000000000","00000000000",0,0,0,1,0,0,0,0,0,0,0,998,0,0,0,5,6,2,12,0,0,0,1,48,76106,3,1,0,0,2,3,999,999,0,0,0,0,0,0,0,0,0,0,0,0,0,0,1,2,40,1,1,8,1,0,0,11,15,99,1,1,68,"777777777777","777777777777","777777777777",0,0
48,481283,1,1,1,25,5,23,22,8,0,1,0,48,0,7,26,7026,4,2013,"1C3CDZAB4DN6","1","C","3","C","D","Z","A","B","4","D","N","6",0,0,0,"000000000","00000000000",0,0,0,1,0,0,0,0,0,0,0,998,0,0,0,12,6,2,8,0,0,0,1,48,76549,6,1,0,0,3,0,999,999,0,12,0,5,0,3,2012,4,2016,0,0,0,0,0,3,3,60,1,1,8,1,0,0,1,80,99,1,1,13,"777777777777","777777777777","777777777777",0,0
48,481284,1,2,1,26,5,13,27,12,6,1,0,48,2,37,31,37031,4,2014,"2HGFB2F82EH5","2","H","G","F","B","2","F","8","2","E","H","5",0,0,0,"000000000","00000000000",0,0,0,1,0,0,0,0,0,0,0,998,0,0,0,3,6,2,12,0,0,0,1,48,75803,6,1,0,0,3,0,999,999,0,0,0,0,0,0,0,0,0,4,87,0,0,0,1,2,60,3,3,8,2,0,0,14,6,99,4,2,66,"777777777777","777777777777","777777777777",1,0
48,481284,2,2,1,26,5,13,27,12,6,1,0,48,3,20,422,20422,15,2011,"1GNSCJE00BR2","1","G","N","S","C","J","E","0","0","B","R","2",0,0,0,"000000000","00000000000",0,0,0,1,0,0,0,0,0,0,0,998,0,0,0,12,6,2,12,0,0,0,1,48,75763,6,1,0,0,3,0,999,999,0,0,0,1,0,7,2014,7,2014,0,0,0,0,0,1,2,60,2,3,8,2,0,0,14,62,7,1,1,66,"777777777777","777777777777","777777777777",0,0
48,481285,1,2,1,26,5,18,42,12,6,1,0,48,2,34,34,34034,4,2011,"WBAPK7C54BA8","W","B","A","P","K","7","C","5","4","B","A","8",0,0,0,"000000000","00000000000",0,0,0,1,0,0,0,0,0,0,0,998,0,0,0,1,6,2,12,0,0,0,1,48,75115,0,0,0,0,0,0,65,160,0,0,0,0,0,0,0,0,0,4,52,0,0,0,2,4,40,3,2,8,1,0,0,14,66,99,1,1,87,"777777777777","777777777777","777777777777",1,0
48,481285,2,2,3,26,5,18,42,12,6,1,0,48,0,35,47,35047,4,2010,"1N4BL2AP0AC1","1","N","4","B","L","2","A","P","0","A","C","1",0,0,0,"000000000","00000000000",0,0,0,1,0,0,0,0,0,0,0,998,0,0,0,12,6,2,12,0,0,0,1,48,75249,0,0,0,0,0,0,999,999,0,0,0,0,0,0,0,0,0,0,52,0,0,0,1,2,98,1,1,8,1,20,3,1,17,99,1,1,86,"777777777777","777777777777","777777777777",0,0
48,481286,1,1,99,26,5,0,56,8,0,1,1,99,9,99,999,99999,99,9999,"999999999999","9","9","9","9","9","9","9","9","9","9","9","9",1,1,99,"999999999","99999999999",9,99,99,1,0,0,0,0,0,0,0,998,0,0,0,99,9,5,8,0,0,0,1,99,99999,9,9,99,9,9,9,999,999,99,99,99,99,99,99,9999,99,9999,0,99,99,99,99,2,2,75,1,2,8,1,0,0,1,80,99,1,1,13,"999999999999","777777777777","777777777777",0,0
48,481287,1,2,1,26,5,13,10,12,6,1,0,48,1,49,43,49043,4,2011,"4T1BK3DB3BU4","4","T","1","B","K","3","D","B","3","B","U","4",0,0,0,"000000000","00000000000",0,0,0,1,0,0,0,0,0,0,0,998,0,0,0,3,6,2,12,0,0,0,1,48,78006,6,1,0,0,3,3,999,999,0,0,0,0,0,0,0,0,0,0,38,0,0,0,5,3,45,1,1,8,1,0,0,11,15,99,1,1,68,"777777777777","777777777777","777777777777",1,0
48,481287,2,2,1,26,5,13,10,12,6,1,0,48,1,86,881,86881,63,1998,"1M1AA13Y9WW0","1","M","1","A","A","1","3","Y","9","W","W","0",0,0,57,"1957301","571957301",3,2,4,1,0,0,0,0,0,0,0,998,0,0,0,12,6,2,12,0,0,0,1,48,78063,6,1,6,0,3,0,999,999,0,0,0,0,1,2,2015,2,2015,0,0,0,0,0,5,3,45,1,1,8,1,0,0,1,62,16,2,1,69,"777777777777","777777777777","777777777777",0,0
48,481288,1,2,1,26,5,14,48,12,2,1,0,48,2,84,884,84884,63,2003,"2HSCNAPR63C0","2","H","S","C","N","A","P","R","6","3","C","0",1,3,57,"1982439","571982439",3,4,4,1,0,0,0,0,0,0,0,998,0,0,0,12,6,2,12,0,0,0,1,48,79706,6,1,6,0,3,0,999,999,0,0,0,1,0,8,2014,8,2014,5,0,0,0,0,1,2,75,1,1,8,1,0,0,1,6,16,2,2,50,"2HSCNAPR63C0","777777777777","777777777777",0,0
48,481288,2,2,1,26,5,14,48,12,2,1,0,48,4,12,481,12481,31,2014,"1FT7X2BT8EEB","1","F","T","7","X","2","B","T","8","E","E","B",0,0,0,"000000000","00000000000",0,0,0,1,0,0,0,0,0,0,0,998,0,0,0,12,6,2,12,0,0,0,1,48,79712,6,1,6,0,3,3,999,999,0,0,0,2,0,10,2011,4,2012,0,0,0,0,0,1,2,75,1,1,8,1,0,0,1,62,99,1,1,51,"777777777777","777777777777","777777777777",1,0
48,481289,1,1,1,27,5,1,5,42,0,1,0,48,1,12,37,12037,6,2004,"1FAFP36344W1","1","F","A","F","P","3","6","3","4","4","W","1",0,0,0,"000000000","00000000000",0,0,0,1,0,0,0,0,0,0,0,998,0,0,0,1,6,2,42,0,0,0,1,48,76259,6,1,0,0,3,0,999,999,0,0,0,0,2,10,2013,10,2013,4,89,0,0,0,1,2,55,3,2,8,2,0,0,14,6,99,4,4,7,"777777777777","777777777777","777777777777",1,1
48,481290,1,2,1,27,5,5,12,12,2,1,0,48,1,49,401,49401,14,2000,"JT3GN86RXY01","J","T","3","G","N","8","6","R","X","Y","0","1",0,0,0,"000000000","00000000000",0,0,0,1,0,0,0,0,0,0,0,998,0,1,3,12,6,2,12,0,0,0,1,48,75060,0,0,0,0,0,0,999,999,0,0,0,0,0,0,0,0,0,0,91,51,0,0,2,2,75,1,1,8,2,0,0,1,54,99,1,1,52,"777777777777","777777777777","777777777777",0,1
48,481290,2,2,4,27,5,5,12,12,2,1,0,40,2,6,442,6442,20,2001,"1C4GJ25341B1","1","C","4","G","J","2","5","3","4","1","B","1",0,0,0,"000000000","00000000000",0,0,0,1,0,0,0,0,0,0,0,998,0,0,0,12,6,2,12,0,0,0,1,40,74146,1,1,0,0,2,0,70,150,0,1,0,0,0,3,2014,3,2014,0,0,0,0,0,2,2,75,1,1,8,2,0,0,1,54,7,1,1,52,"777777777777","777777777777","777777777777",2,0
48,481291,1,1,1,28,5,0,46,40,0,1,0,48,1,23,481,23481,31,2014,"3GTP1UEC3EG5","3","G","T","P","1","U","E","C","3","E","G","5",0,0,0,"000000000","00000000000",0,0,0,1,0,0,0,0,0,0,0,998,0,0,0,12,6,2,40,0,0,0,1,48,78258,6,1,0,0,3,0,999,999,0,0,0,1,0,11,2015,11,2015,3,0,0,0,0,5,5,40,1,1,8,1,0,0,1,13,99,1,4,1,"777777777777","777777777777","777777777777",1,1
48,481292,1,2,2,28,5,22,2,24,0,1,0,48,1,12,481,12481,31,2009,"1FTSW21RX9EA","1","F","T","S","W","2","1","R","X","9","E","A",0,0,0,"000000000","00000000000",0,0,0,1,0,0,0,0,0,0,0,998,0,0,0,12,6,2,12,0,0,0,1,48,79603,6,1,6,0,3,3,999,999,0,0,0,0,0,0,0,0,0,0,51,0,0,0,1,2,75,1,1,8,2,0,0,1,13,99,1,4,1,"777777777777","777777777777","777777777777",1,1
48,481292,2,2,1,28,5,22,2,24,0,1,0,48,1,7,482,7482,31,2005,"3D7MR48C25G8","3","D","7","M","R","4","8","C","2","5","G","8",0,0,0,"000000000","00000000000",0,0,0,1,0,0,0,0,0,0,0,998,0,0,0,12,6,2,12,0,0,0,1,48,79602,6,1,0,0,3,0,999,999,0,0,0,0,0,0,0,0,0,0,0,0,0,0,1,2,75,1,1,8,2,0,0,1,62,99,1,1,98,"777777777777","777777777777","777777777777",1,1
48,481293,1,1,1,28,5,4,32,38,0,1,0,48,1,20,482,20482,31,2012,"3GCPCREA1CG1","3","G","C","P","C","R","E","A","1","C","G","1",0,0,0,"000000000","00000000000",0,0,0,1,0,0,0,0,0,0,0,998,0,0,0,61,2,3,8,0,0,0,1,48,78577,6,1,0,0,3,0,999,999,1,0,0,0,0,12,2013,12,2013,0,91,28,0,0,1,4,45,1,1,8,1,0,0,1,12,99,1,4,6,"777777777777","777777777777","777777777777",0,1
48,481294,1,2,2,29,5,19,23,12,6,1,0,48,2,49,40,49040,4,1996,"4T1BG12K0TU9","4","T","1","B","G","1","2","K","0","T","U","9",0,0,0,"000000000","00000000000",0,0,0,1,0,0,0,0,0,0,0,998,0,0,0,9,6,2,12,0,0,0,1,48,76549,0,0,0,0,0,0,999,999,0,0,0,0,0,0,0,0,0,0,38,0,0,0,1,2,30,8,8,8,1,20,3,11,15,99,1,1,82,"777777777777","777777777777","777777777777",1,0
48,481294,2,2,1,29,5,19,23,12,6,1,0,48,2,37,32,37032,4,1999,"JHMCG5645XC0","J","H","M","C","G","5","6","4","5","X","C","0",0,0,0,"000000000","00000000000",0,0,0,1,0,0,0,0,0,0,0,998,0,0,0,12,6,2,12,0,0,0,1,48,76549,6,1,0,0,3,0,999,999,0,0,0,1,0,2,2016,2,2016,0,0,0,0,0,5,5,55,1,1,8,1,0,0,1,67,99,1,1,83,"777777777777","777777777777","777777777777",0,0
48,481295,1,2,2,30,5,1,21,12,6,1,0,48,2,20,2,20002,4,2006,"2G1WB55K1692","2","G","1","W","B","5","5","K","1","6","9","2",0,0,0,"000000000","00000000000",0,0,0,1,0,0,0,0,0,0,0,998,0,0,0,9,6,2,12,0,0,0,1,48,78221,6,1,0,0,3,3,999,999,2,0,0,2,0,8,2012,3,2016,0,0,0,0,0,1,2,98,1,2,8,98,3,3,11,66,99,1,1,82,"777777777777","777777777777","777777777777",1,0
48,481295,2,2,2,30,5,1,21,12,6,1,0,48,2,12,23,12023,4,2013,"3FA6P0HRXDR1","3","F","A","6","P","0","H","R","X","D","R","1",0,0,0,"000000000","00000000000",0,0,0,1,0,0,0,0,0,0,0,998,0,0,0,12,6,2,12,0,0,0,1,48,78223,6,1,0,0,3,0,999,999,0,0,0,0,0,0,0,0,0,5,91,0,0,0,2,4,40,1,1,8,1,3,3,1,17,99,1,1,83,"777777777777","777777777777","777777777777",0,1
48,481296,1,2,1,30,5,12,4,12,2,1,0,48,1,2,407,2407,14,2015,"1C4NJPBB5FD4","1","C","4","N","J","P","B","B","5","F","D","4",0,0,0,"000000000","00000000000",0,0,0,1,0,0,0,0,0,0,0,998,0,0,0,12,6,2,12,0,0,0,1,48,78211,3,1,0,0,2,0,999,999,0,0,0,0,0,0,0,0,0,0,99,99,99,99,1,4,35,1,1,8,1,0,0,1,8,99,2,2,62,"777777777777","777777777777","777777777777",1,0
48,481296,2,2,1,30,5,12,4,12,2,1,0,48,1,20,481,20481,31,2014,"1GCRCREC2EZ1","1","G","C","R","C","R","E","C","2","E","Z","1",0,0,0,"000000000","00000000000",0,0,0,1,0,0,0,0,0,0,0,998,0,0,0,12,6,2,12,0,0,0,1,48,78227,6,1,0,0,3,0,999,999,0,0,0,1,0,2,2014,2,2014,0,0,0,0,0,1,4,35,1,1,8,1,0,0,1,62,99,1,1,62,"777777777777","777777777777","777777777777",0,0
48,481297,1,1,4,30,5,1,20,42,0,1,0,48,1,7,24,7024,4,2007,"2B3KA53HX7H8","2","B","3","K","A","5","3","H","X","7","H","8",0,0,0,"000000000","00000000000",0,0,0,1,0,0,0,0,0,0,0,103,0,0,0,5,6,2,2,0,0,1,1,48,77586,6,1,0,0,3,0,999,999,0,0,0,2,0,1,2014,3,2016,4,0,0,0,0,1,2,50,3,1,8,1,0,0,14,6,99,1,4,1,"777777777777","777777777777","777777777777",3,1
48,481298,1,1,1,31,5,1,12,9,0,1,0,48,1,54,35,54035,4,2000,"19UUA5666YA0","1","9","U","U","A","5","6","6","6","Y","A","0",0,0,0,"000000000","00000000000",0,0,0,1,0,0,0,0,0,0,0,998,0,0,0,12,6,2,9,0,0,0,1,48,75038,6,1,0,0,3,3,999,999,0,0,0,0,0,0,0,0,0,0,0,0,0,0,2,3,35,1,3,8,1,0,0,1,83,99,1,1,13,"777777777777","777777777777","777777777777",0,0
48,481299,1,4,1,23,3,16,50,12,6,1,0,48,1,49,40,49040,4,2006,"JTDBE32K9630","J","T","D","B","E","3","2","K","9","6","3","0",0,0,0,"000000000","00000000000",0,0,0,1,0,0,0,0,0,0,0,998,0,0,0,12,6,2,12,0,0,0,1,48,77357,6,1,6,0,3,0,999,999,0,0,0,0,0,0,0,0,0,0,0,0,0,0,3,5,55,1,2,1,1,0,0,1,61,99,1,1,48,"777777777777","777777777777","777777777777",0,0
48,481299,2,4,1,23,3,16,50,12,6,1,0,48,1,35,50,35050,5,2012,"3N1BC1CP5CK2","3","N","1","B","C","1","C","P","5","C","K","2",0,0,0,"000000000","00000000000",0,0,0,1,0,0,0,0,0,0,0,998,0,0,0,9,6,2,12,0,0,0,1,48,77385,6,1,0,0,3,0,999,999,2,0,0,0,0,9,2011,3,2013,0,28,0,0,0,3,5,55,1,2,1,1,0,0,1,10,99,1,2,48,"777777777777","777777777777","777777777777",1,0
48,481299,3,4,1,23,3,16,50,12,6,1,0,48,1,20,404,20404,14,2010,"2CNFLPEYXA62","2","C","N","F","L","P","E","Y","X","A","6","2",0,0,0,"000000000","00000000000",0,0,0,1,0,0,0,0,0,0,0,998,0,0,0,12,2,3,12,0,0,0,1,48,77328,6,1,0,0,3,3,999,999,0,0,0,0,0,0,0,0,0,0,0,0,0,0,3,5,55,1,2,1,1,0,0,1,52,99,1,1,98,"777777777777","777777777777","777777777777",0,0
48,481299,4,4,1,23,3,16,50,12,6,1,0,48,2,35,472,35472,30,2007,"1N6AD07U47C4","1","N","6","A","D","0","7","U","4","7","C","4",0,0,0,"000000000","00000000000",0,0,0,1,0,0,0,0,0,0,0,998,0,0,0,12,6,2,12,0,0,0,1,48,77301,6,1,0,0,3,3,999,999,0,0,0,0,0,0,0,0,0,0,0,0,0,0,3,5,55,1,2,1,1,0,0,1,52,99,1,1,98,"777777777777","777777777777","777777777777",0,0
48,481300,1,2,1,18,4,23,5,12,2,1,0,6,2,35,47,35047,4,2015,"1N4AL3APXFC2","1","N","4","A","L","3","A","P","X","F","C","2",0,0,0,"000000000","00000000000",0,0,0,1,0,0,0,0,0,0,0,998,0,0,0,12,6,2,12,0,0,0,1,6,94303,6,1,0,0,3,0,68,210,0,1,0,0,0,2,2012,2,2012,0,51,0,0,0,1,2,75,1,1,8,2,0,0,1,10,99,1,2,50,"777777777777","777777777777","777777777777",1,0
48,481300,2,2,1,18,4,23,5,12,2,1,0,6,1,82,881,82881,66,2001,"1FUYSSEB41LG","1","F","U","Y","S","S","E","B","4","1","L","G",1,1,57,"1890246","571890246",3,6,1,1,0,0,0,0,0,0,0,998,0,0,0,12,6,2,12,0,0,0,1,6,91402,6,1,6,0,3,0,71,150,0,0,0,0,0,0,0,0,0,0,0,0,0,0,1,2,75,1,1,8,2,0,0,1,62,99,1,1,51,"1JJV532F1WF4","777777777777","777777777777",0,0
48,481301,1,2,1,24,4,10,10,12,1,1,0,48,2,20,481,20481,31,2014,"1GCRCPEH1EZ3","1","G","C","R","C","P","E","H","1","E","Z","3",0,0,0,"000000000","00000000000",0,0,0,1,0,0,0,0,0,0,0,998,0,0,0,12,6,2,12,0,0,0,1,53,79758,6,1,0,0,3,0,74,256,0,0,0,0,0,0,0,0,0,5,0,0,0,0,5,5,45,1,1,8,1,3,3,1,50,99,1,1,20,"777777777777","777777777777","777777777777",1,0
48,481301,2,2,2,24,4,10,10,12,1,1,0,48,2,12,481,12481,31,2011,"1FTFW1ET6BFC","1","F","T","F","W","1","E","T","6","B","F","C",0,0,0,"000000000","00000000000",0,0,0,1,0,0,0,0,0,0,0,0,0,0,0,6,6,2,12,0,0,0,1,48,79762,6,1,0,0,3,3,999,999,0,0,0,1,0,8,2012,8,2012,0,0,0,0,0,5,5,45,1,1,8,1,3,3,5,53,1,1,1,21,"777777777777","777777777777","777777777777",0,0
48,481302,1,1,1,29,4,7,36,33,0,1,0,48,0,72,706,72706,80,2002,"1HD1BXB112Y0","1","H","D","1","B","X","B","1","1","2","Y","0",0,0,0,"000000000","00000000000",0,0,0,1,0,0,0,0,0,0,0,998,0,0,0,12,6,2,33,0,0,0,1,48,76108,6,1,0,0,2,0,999,999,0,12,0,0,1,2,2013,3,2016,5,53,0,0,0,4,1,35,1,1,8,1,0,0,1,13,16,2,4,1,"777777777777","777777777777","777777777777",1,0
48,481303,1,1,6,5,5,16,42,38,0,1,0,48,2,41,402,41402,14,2002,"4F2YU09152KM","4","F","2","Y","U","0","9","1","5","2","K","M",0,0,0,"000000000","00000000000",0,0,0,1,0,0,0,0,0,0,0,998,0,1,5,12,6,2,1,0,0,0,1,48,76557,0,0,0,0,0,0,999,999,0,0,0,0,0,0,0,0,0,4,0,0,0,0,1,2,60,1,1,4,5,0,0,1,6,99,4,4,7,"777777777777","777777777777","777777777777",1,0
48,481304,1,2,1,5,5,5,48,12,2,1,0,48,2,20,481,20481,31,2005,"1GCHC24U75E1","1","G","C","H","C","2","4","U","7","5","E","1",0,0,0,"000000000","00000000000",0,0,0,1,0,0,0,0,0,0,0,998,0,0,0,12,6,2,2,0,0,1,1,48,76821,6,1,6,0,3,0,999,999,0,0,0,0,0,0,0,0,0,0,51,0,0,0,1,2,60,3,2,8,1,0,0,14,10,99,1,2,50,"777777777777","777777777777","777777777777",1,0
48,481304,2,2,1,5,5,5,48,12,2,1,0,18,4,51,881,51881,66,2016,"4V4NC9EH9GN9","4","V","4","N","C","9","E","H","9","G","N","9",1,3,57,"290790","57290790",3,6,2,1,0,0,0,0,0,0,0,998,0,0,0,12,6,2,12,0,0,0,1,48,76067,6,1,6,0,3,3,999,999,1,0,0,0,0,7,2014,7,2014,0,0,0,0,0,1,2,60,2,2,8,1,0,0,14,62,7,1,1,51,"1S9AL15876H4","777777777777","777777777777",0,0
48,481305,1,1,1,7,5,5,51,8,0,1,0,48,2,3,402,3402,14,2006,"5GTDN1365682","5","G","T","D","N","1","3","6","5","6","8","2",0,0,0,"000000000","00000000000",0,0,0,1,0,0,0,0,0,0,0,998,0,0,0,12,6,2,8,0,0,0,1,48,75705,6,1,0,0,3,3,999,999,0,0,0,0,0,0,0,0,0,0,0,0,0,0,1,2,70,1,2,8,1,0,0,1,80,1,1,1,13,"777777777777","777777777777","777777777777",0,0
48,481306,1,1,1,11,5,7,10,8,0,1,0,48,2,48,38,48038,4,2002,"JF1GD29672G5","J","F","1","G","D","2","9","6","7","2","G","5",0,0,0,"000000000","00000000000",0,0,0,1,0,0,0,0,0,0,0,998,0,0,0,12,6,2,8,0,0,0,1,13,76522,6,1,0,0,3,0,67,187,98,0,0,3,2,6,2014,11,2015,3,0,0,0,0,1,2,30,3,2,8,1,0,0,1,80,99,1,1,13,"777777777777","777777777777","777777777777",0,0
48,481307,1,3,2,11,5,17,56,12,1,1,0,17,3,82,881,82881,66,2012,"1FUJGLBGXCLB","1","F","U","J","G","L","B","G","X","C","L","B",1,1,57,"216939","57216939",3,6,1,1,0,0,0,0,0,0,0,0,0,0,0,6,2,5,12,0,0,0,1,47,38135,6,1,6,0,3,3,70,260,0,0,0,1,1,8,2013,8,2015,0,0,0,0,0,1,3,75,1,1,8,1,50,3,5,53,1,1,1,98,"5V8VA53248M8","777777777777","777777777777",0,0
48,481307,2,3,2,11,5,17,56,12,1,1,0,48,1,12,481,12481,31,2012,"1FTEX1CM3CKD","1","F","T","E","X","1","C","M","3","C","K","D",0,0,0,"000000000","00000000000",0,0,0,1,0,0,0,0,0,0,0,0,0,0,0,6,6,2,12,0,0,0,1,48,78213,6,1,0,0,3,0,999,999,0,0,0,0,0,0,0,0,0,0,0,0,0,0,1,3,75,1,1,8,1,50,3,5,53,1,1,1,21,"777777777777","777777777777","777777777777",1,0
48,481307,3,3,1,11,5,17,56,12,1,1,0,48,2,7,482,7482,31,2010,"3D7TP2CL5AG1","3","D","7","T","P","2","C","L","5","A","G","1",0,0,0,"000000000","00000000000",0,0,0,1,0,0,0,0,0,0,0,998,0,0,0,12,6,2,12,0,0,0,1,48,78861,6,1,0,0,3,0,999,999,0,0,0,0,0,0,0,0,0,5,91,0,0,0,1,3,75,1,1,8,1,50,3,1,50,99,1,1,20,"777777777777","777777777777","777777777777",0,0
48,481308,1,2,1,14,5,1,26,12,7,1,0,48,1,14,6,14006,4,2004,"2MEFM74W74X6","2","M","E","F","M","7","4","W","7","4","X","6",0,0,0,"000000000","00000000000",0,0,0,1,0,0,0,0,0,0,0,998,0,0,0,62,6,2,12,0,0,0,1,48,78415,6,1,0,0,3,0,999,999,0,0,0,1,0,12,2013,12,2013,5,28,0,0,0,5,5,35,1,1,8,1,0,0,1,10,99,1,2,48,"777777777777","777777777777","777777777777",1,0
48,481308,2,2,99,14,5,1,26,12,7,1,1,99,9,49,482,49482,31,9999,"999999999999","9","9","9","9","9","9","9","9","9","9","9","9",0,0,0,"000000000","00000000000",0,0,0,1,0,0,0,0,0,0,0,998,0,0,0,83,2,5,12,0,0,0,1,99,99999,9,9,99,9,9,9,999,999,99,99,99,99,99,99,9999,99,9999,0,0,0,0,0,5,5,35,1,1,8,1,0,0,1,61,99,1,1,48,"777777777777","777777777777","777777777777",0,0