"STATE","ST_CASE","VEH_NO","VE_FORMS","NUMOCCS","DAY","MONTH","HOUR","MINUTE","HARM_EV","MAN_COLL","UNITTYPE","HIT_RUN","REG_STAT","OWNER","MAKE","MODEL","MAK_MOD","BODY_TYP","MOD_YEAR","VIN","VIN_1","VIN_2","VIN_3","VIN_4","VIN_5","VIN_6","VIN_7","VIN_8","VIN_9","VIN_10","VIN_11","VIN_12","TOW_VEH","J_KNIFE","MCARR_I1","MCARR_I2","MCARR_ID","GVWR","V_CONFIG","CARGO_BT","HAZ_INV","HAZ_PLAC","HAZ_ID","HAZ_CNO","HAZ_REL","BUS_USE","SPEC_USE","EMER_USE","TRAV_SP","UNDERIDE","ROLLOVER","ROLINLOC","IMPACT1","DEFORMED","TOWED","M_HARM","VEH_SC1","VEH_SC2","FIRE_EXP","DR_PRES","L_STATE","DR_ZIP","L_STATUS","L_TYPE","CDL_STAT","L_ENDORS","L_COMPL","L_RESTRI","DR_HGT","DR_WGT","PREV_ACC","PREV_SUS","PREV_DWI","PREV_SPD","PREV_OTH","FIRST_MO","FIRST_YR","LAST_MO","LAST_YR","SPEEDREL","DR_SF1","DR_SF2","DR_SF3","DR_SF4","VTRAFWAY","VNUM_LAN","VSPD_LIM","VALIGN","VPROFILE","VPAVETYP","VSURCOND","VTRAFCON","VTCONT_F","P_CRASH1","P_CRASH2","P_CRASH3","PCRASH4","PCRASH5","ACC_TYPE","TRLR1VIN","TRLR2VIN","TRLR3VIN","DEATHS","DR_DRINK"
48,481309,1,1,1,14,5,13,55,1,0,1,0,48,2,72,706,72706,80,2001,"1HD1FRW1X1Y6","1","H","D","1","F","R","W","1","X","1","Y","6",0,0,0,"000000000","00000000000",0,0,0,1,0,0,0,0,0,0,0,998,0,0,0,0,8,2,1,0,0,0,1,48,79045,6,1,0,0,2,3,999,999,0,0,0,0,0,0,0,0,0,0,28,0,0,0,1,2,55,3,2,8,1,0,0,14,13,99,1,4,1,"777777777777","777777777777","777777777777",1,0
48,481310,1,1,99,15,5,1,28,8,0,1,1,99,9,99,999,99999,99,9999,"999999999999","9","9","9","9","9","9","9","9","9","9","9","9",0,0,0,"000000000","00000000000",0,0,0,1,0,0,0,0,0,0,0,998,0,0,0,12,2,5,8,0,0,0,1,99,99999,9,9,99,9,9,9,999,999,99,99,99,99,99,99,9999,99,9999,0,0,0,0,0,3,4,65,1,1,8,1,0,0,1,80,99,1,1,13,"777777777777","777777777777","777777777777",0,0
48,481311,1,2,1,20,5,15,36,12,1,1,0,48,3,87,881,87881,66,1998,"1XP5DB9X7WN4","1","X","P","5","D","B","9","X","7","W","N","4",1,1,57,"1941547","571941547",3,6,8,1,0,0,0,0,0,0,0,998,0,0,0,6,6,2,12,0,0,0,1,48,75020,6,1,6,0,3,0,999,999,0,0,0,1,0,11,2015,11,2015,0,0,0,0,0,2,2,75,1,1,8,1,0,0,2,53,99,1,1,31,"5TU1140207S0","777777777777","777777777777",0,0
48,481311,2,2,1,20,5,15,36,12,1,1,0,48,1,12,473,12473,30,2003,"1FMZU67E13UA","1","F","M","Z","U","6","7","E","1","3","U","A",0,0,0,"000000000","00000000000",0,0,0,1,0,0,0,0,0,0,0,998,0,0,0,12,6,2,12,0,0,0,1,48,76306,6,1,0,0,3,3,62,120,0,0,0,0,0,0,0,0,0,0,0,0,0,0,2,2,75,1,1,8,1,0,0,1,52,99,1,1,28,"777777777777","777777777777","777777777777",1,0
48,481312,1,2,2,21,5,12,0,5,0,1,0,48,1,72,706,72706,80,1999,"1HD1FCW10XY6","1","H","D","1","F","C","W","1","0","X","Y","6",0,0,0,"000000000","00000000000",0,0,0,1,0,0,0,0,0,0,0,998,0,0,0,0,8,2,5,0,0,0,1,48,79118,6,1,0,0,3,3,999,999,1,0,0,0,0,2,2015,2,2015,0,0,0,0,0,2,2,65,2,2,8,1,0,0,14,9,99,9,2,0,"777777777777","777777777777","777777777777",1,0
48,481312,2,2,1,21,5,12,0,5,0,1,0,48,0,72,706,72706,80,2012,"1HD1JNV17CB0","1","H","D","1","J","N","V","1","7","C","B","0",0,0,0,"000000000","00000000000",0,0,0,1,0,0,0,0,0,0,0,998,0,0,0,98,8,2,12,0,0,0,1,35,88130,6,1,0,0,3,0,68,220,98,0,0,0,0,0,0,0,0,0,0,0,0,0,2,2,65,2,2,8,1,0,0,14,51,7,1,1,98,"777777777777","777777777777","777777777777",0,0
48,481313,1,1,1,21,5,20,45,15,0,1,0,48,1,7,28,7028,2,2011,"2B3CJ4DG0BH5","2","B","3","C","J","4","D","G","0","B","H","5",0,0,0,"000000000","00000000000",0,0,0,1,0,0,0,0,0,0,0,998,0,0,0,12,2,3,15,0,0,0,1,48,77346,6,1,0,0,3,0,999,999,0,0,0,0,0,0,0,0,0,0,0,0,0,0,3,2,35,1,1,8,2,0,0,1,80,99,1,1,13,"777777777777","777777777777","777777777777",0,0
48,481314,1,1,1,22,5,2,30,8,0,1,1,99,9,99,999,99999,99,9999,"999999999999","9","9","9","9","9","9","9","9","9","9","9","9",0,0,0,"000000000","00000000000",9,0,0,1,0,0,0,0,99,99,9,999,0,0,0,99,9,5,8,99,99,0,1,99,99999,9,9,99,9,9,9,999,999,99,99,99,99,99,99,9999,99,9999,9,99,99,99,99,3,3,40,1,2,1,1,0,0,1,80,99,1,1,13,"777777777777","777777777777","777777777777",0,0
48,481315,1,1,2,22,5,7,25,32,0,1,0,48,1,13,13,13013,4,2010,"3LNHL2GC9AR6","3","L","N","H","L","2","G","C","9","A","R","6",0,0,0,"000000000","00000000000",0,0,0,1,0,0,0,0,0,0,0,998,0,1,5,98,6,2,1,0,0,0,1,48,78361,6,1,0,0,3,3,999,999,0,0,0,0,0,0,0,0,0,0,0,0,0,0,1,2,70,1,1,8,1,0,0,1,10,7,9,4,7,"777777777777","777777777777","777777777777",1,1
48,481316,1,1,10,22,5,17,50,1,0,1,0,48,0,12,481,12481,31,2000,"1FTRX18L1YKA","1","F","T","R","X","1","8","L","1","Y","K","A",0,0,0,"000000000","00000000000",0,0,0,1,0,0,0,0,0,0,0,998,0,2,1,0,6,2,1,0,0,0,1,48,78046,0,0,0,0,0,0,999,999,0,0,0,0,0,0,0,0,0,0,37,0,0,0,4,2,55,1,1,8,1,0,0,1,90,6,3,6,98,"777777777777","777777777777","777777777777",1,0
48,481317,1,1,2,23,5,6,22,30,0,1,1,48,0,54,35,54035,4,2002,"19UUA56902A0","1","9","U","U","A","5","6","9","0","2","A","0",0,0,0,"000000000","00000000000",0,0,0,1,0,0,0,0,0,0,0,998,0,0,0,3,6,2,30,0,0,0,1,99,99999,9,9,99,9,9,9,999,999,99,99,99,99,99,99,9999,99,9999,4,0,0,0,0,1,2,50,3,2,8,2,0,0,14,13,99,1,4,1,"777777777777","777777777777","777777777777",1,0
48,481318,1,2,1,23,5,22,58,12,1,1,0,48,2,12,481,12481,31,2014,"1FTFW1CF2EKF","1","F","T","F","W","1","C","F","2","E","K","F",0,0,0,"000000000","00000000000",0,0,0,1,0,0,0,0,0,0,0,998,0,0,0,12,6,2,12,0,0,0,1,48,75043,6,1,0,0,3,3,999,999,0,0,0,2,0,3,2013,9,2013,0,0,0,0,0,6,1,98,8,8,8,98,0,0,16,10,99,1,7,24,"777777777777","777777777777","777777777777",0,0
48,481318,2,2,1,23,5,22,58,12,1,1,0,17,3,52,48,52048,5,9999,"ML32A3HJXHH0","M","L","3","2","A","3","H","J","X","H","H","0",0,0,0,"000000000","00000000000",0,0,0,1,0,0,0,0,0,0,0,998,0,1,1,6,6,2,12,0,0,0,1,17,62040,6,1,0,0,3,0,70,247,1,0,0,1,0,3,2014,9,2014,0,0,0,0,0,3,3,65,1,1,8,1,0,0,1,74,99,1,1,25,"777777777777","777777777777","777777777777",1,0
48,481319,1,2,1,25,5,15,40,12,6,1,0,48,3,7,482,7482,31,2014,"1C6RR6KT3ES3","1","C","6","R","R","6","K","T","3","E","S","3",0,0,0,"000000000","00000000000",0,0,0,1,0,0,0,0,0,0,0,998,0,0,0,12,6,2,12,0,0,0,1,48,77511,6,1,0,0,3,0,999,999,0,0,0,0,0,0,0,0,0,0,39,0,0,0,5,7,60,1,1,8,1,3,3,1,17,99,1,1,88,"777777777777","777777777777","777777777777",0,0
48,481319,2,2,1,25,5,15,40,12,6,1,0,48,2,14,444,14444,20,2005,"2MRDA23215BJ","2","M","R","D","A","2","3","2","1","5","B","J",0,0,0,"000000000","00000000000",0,0,0,1,0,0,0,0,0,0,0,998,0,0,0,9,6,2,12,0,0,0,1,48,77578,6,1,0,0,3,0,65,175,0,0,0,0,0,0,0,0,0,0,0,0,0,0,1,2,98,1,1,8,1,3,3,1,66,99,1,1,89,"777777777777","777777777777","777777777777",1,0
48,481320,1,1,1,25,5,21,0,1,0,1,0,93,3,51,881,51881,66,2003,"4V4NC9GHX3N3","4","V","4","N","C","9","G","H","X","3","N","3",1,2,57,"1441698","571441698",3,6,3,1,0,0,0,0,0,0,0,998,0,2,5,0,6,2,1,0,0,0,1,48,77613,6,1,6,0,3,3,999,999,0,0,0,1,0,3,2014,3,2014,0,0,0,0,0,1,2,65,3,1,8,1,0,0,14,13,99,4,4,1,"1H2P04528MW0","777777777777","777777777777",1,0
48,481321,1,1,2,26,5,21,29,1,0,1,0,48,2,12,422,12422,15,2004,"1FMPU17L44LB","1","F","M","P","U","1","7","L","4","4","L","B",0,0,0,"000000000","00000000000",0,0,0,1,0,0,0,0,0,0,0,998,0,2,5,0,6,2,1,0,0,0,1,48,78516,6,1,0,0,3,0,999,999,0,0,0,0,0,0,0,0,0,4,91,0,0,0,1,2,60,1,3,8,1,0,0,1,6,99,3,4,7,"777777777777","777777777777","777777777777",1,1
48,481322,1,1,5,26,5,9,35,42,0,1,0,48,1,49,472,49472,30,2005,"3TMJU62N75M0","3","T","M","J","U","6","2","N","7","5","M","0",0,0,0,"000000000","00000000000",0,0,0,1,0,0,0,0,0,0,0,998,0,1,5,99,6,2,42,0,0,0,1,48,76065,6,1,0,0,3,3,999,999,1,0,0,0,1,7,2011,12,2012,0,0,0,0,0,1,2,75,1,3,8,2,0,0,6,8,99,4,4,2,"777777777777","777777777777","777777777777",1,0
48,481323,1,2,2,27,5,14,3,12,6,1,0,48,1,12,37,12037,4,2014,"1FADP3F23EL3","1","F","A","D","P","3","F","2","3","E","L","3",0,0,0,"000000000","00000000000",0,0,0,1,0,0,0,0,0,0,0,998,0,0,0,11,6,2,12,0,0,0,1,48,76065,6,1,0,0,3,3,999,999,0,0,0,0,0,0,0,0,0,0,38,0,0,0,2,4,70,1,1,8,1,0,0,12,21,99,1,1,98,"777777777777","777777777777","777777777777",1,0
48,481323,2,2,4,27,5,14,3,12,6,1,0,48,2,12,481,12481,31,2015,"1FTEW1EG3FKE","1","F","T","E","W","1","E","G","3","F","K","E",0,0,0,"000000000","00000000000",0,0,0,1,0,0,0,0,0,0,0,998,0,0,0,12,6,2,12,0,0,0,1,48,76442,6,1,6,0,3,0,999,999,0,0,0,1,1,6,2011,8,2012,0,0,0,0,0,2,4,70,1,1,8,1,0,0,1,61,99,1,1,98,"777777777777","777777777777","777777777777",0,0
48,481324,1,1,1,27,5,3,25,33,0,1,0,48,2,59,31,59031,4,2001,"JT8BF28G5103","J","T","8","B","F","2","8","G","5","1","0","3",0,0,0,"000000000","00000000000",0,0,0,1,0,0,0,0,0,0,0,40,0,0,0,98,6,2,42,0,0,0,1,48,77083,6,1,0,0,3,3,999,999,0,0,0,1,0,9,2015,9,2015,0,0,0,0,0,3,2,40,1,1,8,1,0,0,1,12,99,1,4,6,"777777777777","777777777777","777777777777",1,1
48,481325,1,2,1,27,5,7,27,12,6,1,0,48,1,20,481,20481,31,2003,"2GCEC19V7313","2","G","C","E","C","1","9","V","7","3","1","3",0,0,0,"000000000","00000000000",0,0,0,1,0,0,0,0,0,0,0,998,0,0,0,9,6,2,12,0,0,0,1,48,77414,6,1,0,0,3,3,67,220,0,0,0,0,0,0,0,0,0,0,38,0,0,0,1,2,60,1,1,8,2,20,3,4,17,99,1,1,89,"777777777777","777777777777","777777777777",1,0
48,481325,2,2,3,27,5,7,27,12,6,1,0,48,2,12,17,12017,4,2013,"1FAHP2E84DG2","1","F","A","H","P","2","E","8","4","D","G","2",0,0,0,"000000000","00000000000",0,0,0,1,0,0,0,0,0,0,0,998,0,0,0,12,6,2,12,0,0,0,1,48,77482,6,1,0,0,3,3,999,999,0,0,0,0,0,0,0,0,0,0,0,0,0,0,2,2,98,8,8,8,98,0,0,1,66,99,1,1,88,"777777777777","777777777777","777777777777",0,0
48,481326,1,1,1,27,5,2,25,42,0,1,0,48,1,53,34,53034,4,2006,"KL5JD56Z66K3","K","L","5","J","D","5","6","Z","6","6","K","3",0,0,0,"000000000","00000000000",0,0,0,1,0,0,0,0,0,0,0,998,0,1,5,1,6,2,1,0,0,0,1,48,77364,6,1,0,0,3,0,999,999,0,0,0,0,0,0,0,0,0,4,0,0,0,0,1,2,70,1,2,8,2,0,0,1,6,99,2,4,7,"777777777777","777777777777","777777777777",1,0
48,481327,1,1,1,28,5,20,45,11,0,1,0,48,1,72,706,72706,80,1995,"1HD1FDL17SY5","1","H","D","1","F","D","L","1","7","S","Y","5",0,0,0,"000000000","00000000000",0,0,0,1,0,0,0,0,0,0,0,998,0,0,0,12,6,2,11,0,0,0,1,48,77474,0,0,0,0,0,0,999,999,0,0,0,0,0,0,0,0,0,0,83,0,0,0,1,2,75,1,1,8,1,0,0,1,87,99,1,1,13,"777777777777","777777777777","777777777777",1,0
48,481328,1,3,1,28,5,0,30,12,7,1,0,48,2,34,34,34034,2,1997,"WBABG1326VET","W","B","A","B","G","1","3","2","6","V","E","T",0,0,0,"000000000","00000000000",0,0,0,1,0,0,0,0,0,0,0,998,0,0,0,5,6,2,12,0,0,0,1,48,78210,6,1,0,0,3,0,999,999,0,0,0,0,0,0,0,0,0,0,27,0,0,0,3,5,65,1,2,8,1,0,0,15,11,99,1,2,46,"777777777777","777777777777","777777777777",1,1
48,481328,2,3,1,28,5,0,30,12,7,1,0,48,2,20,481,20481,31,2003,"2GCEC19X5313","2","G","C","E","C","1","9","X","5","3","1","3",0,0,0,"000000000","00000000000",0,0,0,1,0,0,0,0,0,0,0,998,0,0,0,12,6,2,12,0,0,0,1,48,78233,6,1,0,0,3,0,999,999,0,0,0,0,0,0,0,0,0,2,0,0,0,0,3,5,65,1,2,8,1,0,0,1,60,99,1,1,98,"777777777777","777777777777","777777777777",0,0
48,481328,3,3,1,28,5,0,30,12,7,1,0,48,1,37,39,37039,5,2015,"3HGGK5H86FM7","3","H","G","G","K","5","H","8","6","F","M","7",0,0,0,"000000000","00000000000",0,0,0,1,0,0,0,0,0,0,0,998,0,0,0,11,6,2,12,0,0,0,1,48,78121,6,1,0,0,3,3,999,999,0,0,0,1,0,8,2015,8,2015,0,0,0,0,0,3,5,65,1,2,8,1,0,0,1,60,99,1,1,45,"777777777777","777777777777","777777777777",0,0
48,481330,1,2,1,28,5,2,45,12,2,1,0,37,3,84,881,84881,66,9999,"3HSDJAPR2HN4","3","H","S","D","J","A","P","R","2","H","N","4",1,3,57,"121018","57121018",3,6,1,1,0,0,0,0,0,0,0,998,0,0,0,12,6,2,12,0,0,0,1,48,77078,6,1,6,0,3,3,999,999,0,1,0,0,1,10,2013,8,2015,0,0,0,0,0,1,2,70,3,1,8,1,0,0,14,62,6,1,1,51,"1S12E9537FE5","777777777777","777777777777",0,0
48,481330,2,2,1,28,5,2,45,12,2,1,0,48,1,12,481,12481,31,2012,"1FTFW1ET2CFB","1","F","T","F","W","1","E","T","2","C","F","B",0,0,0,"000000000","00000000000",0,0,0,1,0,0,0,0,0,0,0,998,0,0,0,12,6,2,12,0,0,1,1,48,78418,6,1,0,0,3,0,999,999,0,0,0,4,1,6,2011,10,2013,0,28,51,0,0,1,2,70,2,1,8,1,0,0,14,10,99,1,2,50,"777777777777","777777777777","777777777777",1,0
48,481331,1,2,5,29,5,22,54,8,0,1,0,48,2,20,481,20481,31,2003,"2GTEC19X2314","2","G","T","E","C","1","9","X","2","3","1","4",0,0,0,"000000000","00000000000",0,0,0,1,0,0,0,0,0,0,0,998,0,0,0,12,6,2,8,0,0,0,1,48,78140,6,1,0,0,3,0,999,999,0,0,0,0,0,0,0,0,0,0,0,0,0,0,1,2,70,1,1,8,1,0,0,1,80,99,1,1,13,"777777777777","777777777777","777777777777",0,0
48,481331,2,2,4,29,5,22,54,8,0,1,0,48,2,20,481,20481,31,2005,"3GNEC16Z55G1","3","G","N","E","C","1","6","Z","5","5","G","1",0,0,0,"000000000","00000000000",0,0,0,1,0,0,0,0,0,0,0,998,0,0,0,14,8,5,8,0,0,0,1,48,78114,6,1,0,0,3,0,999,999,0,0,0,0,0,0,0,0,0,0,0,0,0,0,1,2,70,1,1,8,1,0,0,1,80,98,1,1,98,"777777777777","777777777777","777777777777",0,0
48,481332,1,1,1,29,5,6,44,1,0,1,0,48,1,53,706,53706,80,2003,"JS1GT75A3321","J","S","1","G","T","7","5","A","3","3","2","1",0,0,0,"000000000","00000000000",0,0,0,1,0,0,0,0,0,0,0,998,0,0,0,0,8,2,1,0,0,0,1,48,77521,6,1,0,0,3,0,999,999,2,0,0,0,2,7,2011,4,2013,4,0,0,0,0,1,2,35,2,1,8,1,0,0,14,9,99,1,1,98,"777777777777","777777777777","777777777777",1,1
48,481333,1,2,1,29,5,12,39,12,6,1,0,48,2,12,401,12401,14,2003,"1FMYU60E93UB","1","F","M","Y","U","6","0","E","9","3","U","B",0,0,0,"000000000","00000000000",0,0,0,1,0,0,0,0,0,0,0,998,0,0,0,12,6,2,12,0,0,0,1,48,78541,6,1,0,0,3,0,999,999,1,0,0,1,0,8,2011,2,2012,0,91,0,0,0,2,2,55,1,1,8,1,0,0,1,8,99,1,4,64,"777777777777","777777777777","777777777777",0,0
48,481333,2,2,1,29,5,12,39,12,6,1,0,48,2,41,403,41403,14,2013,"JM3KE2CE0D01","J","M","3","K","E","2","C","E","0","D","0","1",0,0,0,"000000000","00000000000",0,0,0,1,0,0,0,0,0,0,0,998,0,0,0,11,6,2,12,0,0,0,1,48,78542,6,1,0,0,3,0,999,999,0,0,0,0,0,0,0,0,0,0,0,0,0,0,2,2,55,1,1,8,1,0,0,1,62,99,1,1,65,"777777777777","777777777777","777777777777",1,0
48,481334,1,1,1,29,5,2,16,8,0,1,1,99,9,99,999,99999,99,9999,"999999999999","9","9","9","9","9","9","9","9","9","9","9","9",0,0,99,"999999999","99999999999",9,99,99,1,0,0,0,0,99,99,9,999,0,0,0,99,9,5,8,99,99,0,1,99,99999,9,9,99,9,9,9,999,999,99,99,99,99,99,99,9999,99,9999,9,99,99,99,99,1,2,30,1,1,8,99,0,0,1,80,99,1,1,13,"777777777777","777777777777","777777777777",0,0
48,481335,1,1,8,29,5,22,30,8,0,1,0,53,1,49,442,49442,20,2011,"5TDYK3DC8BS0","5","T","D","Y","K","3","D","C","8","B","S","0",0,0,0,"000000000","00000000000",0,0,0,1,0,0,0,0,0,0,0,998,0,0,0,12,6,2,8,0,0,0,1,2,98360,6,1,0,0,3,3,999,999,0,0,0,0,0,0,0,0,0,0,0,0,0,0,3,2,70,1,1,8,2,0,0,1,80,99,1,1,13,"777777777777","777777777777","777777777777",0,0
48,481336,1,2,1,29,5,12,45,1,0,1,0,48,2,72,706,72706,80,2013,"1HD1KHM16DB6","1","H","D","1","K","H","M","1","6","D","B","6",0,0,0,"000000000","00000000000",0,0,0,1,0,0,0,0,0,0,0,998,0,0,0,0,8,2,1,0,0,0,1,48,78006,6,1,0,0,3,0,999,999,0,0,0,0,0,0,0,0,0,4,0,0,0,0,1,2,45,2,3,8,1,0,0,14,52,16,2,1,98,"777777777777","777777777777","777777777777",1,0
48,481336,2,2,1,29,5,12,45,1,0,1,0,48,1,37,706,37706,80,2007,"1HFSC49W97A5","1","H","F","S","C","4","9","W","9","7","A","5",0,0,0,"000000000","00000000000",0,0,0,1,0,0,0,0,0,0,0,998,0,0,0,7,8,5,12,0,0,0,1,48,78006,6,1,6,0,3,3,999,999,0,0,0,0,0,0,0,0,0,0,0,0,0,0,1,2,45,2,1,8,1,0,0,14,53,99,1,1,98,"777777777777","777777777777","777777777777",0,0
48,481337,1,2,2,29,5,12,53,12,6,1,0,48,1,20,2,20002,4,2005,"2G1WH52K4591","2","G","1","W","H","5","2","K","4","5","9","1",0,0,0,"000000000","00000000000",0,0,0,1,0,0,0,0,0,0,0,998,0,0,0,12,6,2,12,0,0,0,1,48,77502,6,1,0,0,3,0,999,999,0,0,0,0,0,0,0,0,0,0,0,0,0,0,5,3,75,1,2,8,1,4,3,1,62,99,1,1,69,"777777777777","777777777777","777777777777",0,0
48,481337,2,2,6,29,5,12,53,12,6,1,0,48,0,37,441,37441,20,2015,"5FNRL5H48FB0","5","F","N","R","L","5","H","4","8","F","B","0",0,0,0,"000000000","00000000000",0,0,0,1,0,0,0,0,0,0,0,998,0,0,0,3,6,2,12,0,0,0,1,48,78413,6,1,0,0,3,3,999,999,0,0,0,0,0,0,0,0,0,0,38,0,0,0,5,3,75,1,2,8,1,4,3,11,15,99,1,1,68,"777777777777","777777777777","777777777777",1,0
48,481338,1,1,2,29,5,2,20,42,0,1,0,48,1,23,481,23481,31,2014,"1GT125E80EF1","1","G","T","1","2","5","E","8","0","E","F","1",0,0,0,"000000000","00000000000",0,0,0,1,0,0,0,0,0,0,0,998,0,0,0,98,6,2,42,0,0,0,1,48,75785,6,1,0,0,3,0,999,999,0,19,0,0,0,11,2011,11,2015,0,91,0,0,0,1,2,55,3,1,8,1,0,0,14,13,99,1,4,1,"777777777777","777777777777","777777777777",1,1
48,481339,1,2,2,30,5,13,35,12,6,1,0,48,1,49,47,49047,6,2005,"2T1KR32E35C3","2","T","1","K","R","3","2","E","3","5","C","3",0,0,0,"000000000","00000000000",0,0,0,1,0,0,0,0,0,0,0,998,0,0,0,1,6,2,12,0,0,0,1,48,78238,6,1,0,0,3,0,999,999,0,0,0,0,0,0,0,0,0,0,38,0,0,0,1,2,98,8,8,8,98,20,3,4,17,99,1,1,87,"777777777777","777777777777","777777777777",1,0
48,481339,2,2,4,30,5,13,35,12,6,1,0,48,1,53,405,53405,14,2007,"2S3DB9178761","2","S","3","D","B","9","1","7","8","7","6","1",0,0,0,"000000000","00000000000",0,0,0,1,0,0,0,0,0,0,0,998,0,0,0,12,6,2,12,0,0,0,1,48,79510,6,1,0,0,3,0,999,999,0,0,0,0,0,0,0,0,0,0,0,0,0,0,1,2,75,1,1,8,1,0,0,1,66,99,1,1,86,"777777777777","777777777777","777777777777",0,0
48,481340,1,1,1,30,5,18,52,25,0,1,0,48,1,72,706,72706,80,2004,"1HD1BXB114Y0","1","H","D","1","B","X","B","1","1","4","Y","0",0,0,0,"000000000","00000000000",0,0,0,1,0,0,0,0,0,0,0,998,0,0,0,82,8,2,25,0,0,0,1,48,77506,6,1,0,0,3,0,999,999,0,0,0,0,1,10,2012,10,2012,0,0,0,0,0,3,3,60,1,3,1,1,0,0,1,13,99,1,4,1,"777777777777","777777777777","777777777777",1,0
48,481341,1,1,1,30,5,10,27,1,0,1,0,93,3,85,881,85881,66,2016,"1XKDD40X0GJ1","1","X","K","D","D","4","0","X","0","G","J","1",1,1,57,"1609544","571609544",3,6,2,1,0,0,0,0,0,0,0,998,0,2,1,0,6,2,1,0,0,0,1,48,78114,6,1,6,1,3,3,999,999,0,0,0,0,2,2,2012,2,2015,3,51,58,0,0,1,2,30,1,1,8,1,0,0,1,12,7,3,6,98,"1T9TS4021CR7","777777777777","777777777777",1,0
48,481342,1,3,1,31,5,12,13,12,6,1,0,48,1,23,481,23481,31,2004,"1GTEC14X74Z1","1","G","T","E","C","1","4","X","7","4","Z","1",0,0,0,"000000000","00000000000",0,0,0,1,0,0,0,0,0,0,0,998,0,0,0,63,6,2,12,0,0,0,1,48,79731,6,1,0,0,3,3,999,999,0,0,0,0,0,0,0,0,0,0,39,0,0,0,1,2,99,1,1,8,1,3,3,1,17,99,1,1,89,"777777777777","777777777777","777777777777",1,0
48,481342,2,3,1,31,5,12,13,12,6,1,0,48,1,7,482,7482,31,2016,"3C7WRTCL6GG1","3","C","7","W","R","T","C","L","6","G","G","1",1,1,0,"000000000","00000000000",0,0,0,1,0,0,0,0,0,0,0,998,0,0,0,12,6,2,12,0,0,0,1,48,79766,6,1,0,0,3,3,999,999,0,0,0,1,0,3,2016,3,2016,0,0,0,0,0,2,2,75,1,1,8,1,3,3,1,66,99,1,1,88,"49SH732294P0","777777777777","777777777777",0,0
48,481342,3,3,1,31,5,12,13,12,6,1,0,48,1,20,481,20481,31,2002,"1GCHC23U42F2","1","G","C","H","C","2","3","U","4","2","F","2",0,0,0,"000000000","00000000000",0,0,0,1,0,0,0,0,0,0,0,998,0,0,0,12,6,2,12,0,0,0,1,48,79766,6,1,0,0,3,0,999,999,0,0,0,1,0,10,2014,10,2014,0,0,0,0,0,2,2,75,1,1,8,1,3,3,1,13,99,1,4,98,"777777777777","777777777777","777777777777",0,0
48,481343,1,2,1,31,5,23,45,12,6,1,0,48,0,76,705,76705,80,2001,"JYA5AHE041A0","J","Y","A","5","A","H","E","0","4","1","A","0",0,0,0,"000000000","00000000000",0,0,0,1,0,0,0,0,0,0,0,998,0,0,0,98,8,2,12,0,0,0,1,48,77065,1,1,0,0,2,3,999,999,0,18,1,0,3,8,2011,3,2016,0,28,33,0,0,1,4,30,1,1,1,1,0,0,6,10,99,1,2,74,"777777777777","777777777777","777777777777",1,1
48,481343,2,2,2,31,5,23,45,12,6,1,0,48,2,12,402,12402,14,2002,"1FMCU04112KA","1","F","M","C","U","0","4","1","1","2","K","A",0,0,0,"000000000","00000000000",0,0,0,1,0,0,0,0,0,0,0,998,0,0,0,63,6,2,12,0,0,0,1,48,77024,6,1,0,0,3,0,999,999,0,0,0,0,0,0,0,0,0,0,0,0,0,0,1,4,30,1,1,1,1,0,0,11,53,99,1,1,74,"777777777777","777777777777","777777777777",0,0
48,481344,1,2,1,31,5,15,20,12,6,1,0,48,1,37,31,37031,4,2010,"2HGFA1F56AH5","2","H","G","F","A","1","F","5","6","A","H","5",0,0,0,"000000000","00000000000",0,0,0,1,0,0,0,0,0,0,0,998,0,0,0,82,6,2,12,0,0,0,1,48,76028,6,1,0,0,3,0,999,999,2,0,0,0,0,5,2014,8,2014,0,38,0,0,0,1,2,55,1,1,8,1,0,0,11,15,99,1,4,98,"777777777777","777777777777","777777777777",1,0
48,481344,2,2,1,31,5,15,20,12,6,1,0,48,3,20,481,20481,31,2015,"3GCUKPEC9FG3","3","G","C","U","K","P","E","C","9","F","G","3",0,0,0,"000000000","00000000000",0,0,0,1,0,0,0,0,0,0,0,998,0,0,0,12,6,2,12,0,0,0,1,48,76028,6,1,0,0,3,0,999,999,0,0,0,0,0,0,0,0,0,0,0,0,0,0,1,2,55,1,1,8,1,0,0,1,62,9,2,4,98,"777777777777","777777777777","777777777777",0,0
48,481346,1,2,1,1,6,0,48,12,1,1,0,48,1,35,43,35043,4,2001,"3N1CB51D31L4","3","N","1","C","B","5","1","D","3","1","L","4",0,0,0,"000000000","00000000000",0,0,0,1,0,0,0,0,0,0,0,0,0,0,0,6,6,2,12,0,0,0,1,48,77701,0,0,0,0,0,0,999,999,0,0,0,0,0,0,0,0,0,0,0,0,0,0,3,2,55,2,2,8,1,0,0,5,53,1,1,1,21,"777777777777","777777777777","777777777777",1,1
48,481346,2,2,1,1,6,0,48,12,1,1,0,93,0,51,881,51881,66,2016,"4V4NC9EH1GN9","4","V","4","N","C","9","E","H","1","G","N","9",1,1,57,"2410466","572410466",3,6,4,1,0,0,0,0,0,0,0,998,0,0,0,12,6,2,12,0,0,0,1,48,75979,6,1,6,0,3,0,999,999,0,0,0,0,1,6,2013,6,2013,0,0,0,0,0,3,2,55,2,2,8,1,0,0,14,50,99,1,1,20,"1PLE04129EPD","777777777777","777777777777",0,0