"STATE","ST_CASE","VEH_NO","VE_FORMS","NUMOCCS","DAY","MONTH","HOUR","MINUTE","HARM_EV","MAN_COLL","UNITTYPE","HIT_RUN","REG_STAT","OWNER","MAKE","MODEL","MAK_MOD","BODY_TYP","MOD_YEAR","VIN","VIN_1","VIN_2","VIN_3","VIN_4","VIN_5","VIN_6","VIN_7","VIN_8","VIN_9","VIN_10","VIN_11","VIN_12","TOW_VEH","J_KNIFE","MCARR_I1","MCARR_I2","MCARR_ID","GVWR","V_CONFIG","CARGO_BT","HAZ_INV","HAZ_PLAC","HAZ_ID","HAZ_CNO","HAZ_REL","BUS_USE","SPEC_USE","EMER_USE","TRAV_SP","UNDERIDE","ROLLOVER","ROLINLOC","IMPACT1","DEFORMED","TOWED","M_HARM","VEH_SC1","VEH_SC2","FIRE_EXP","DR_PRES","L_STATE","DR_ZIP","L_STATUS","L_TYPE","CDL_STAT","L_ENDORS","L_COMPL","L_RESTRI","DR_HGT","DR_WGT","PREV_ACC","PREV_SUS","PREV_DWI","PREV_SPD","PREV_OTH","FIRST_MO","FIRST_YR","LAST_MO","LAST_YR","SPEEDREL","DR_SF1","DR_SF2","DR_SF3","DR_SF4","VTRAFWAY","VNUM_LAN","VSPD_LIM","VALIGN","VPROFILE","VPAVETYP","VSURCOND","VTRAFCON","VTCONT_F","P_CRASH1","P_CRASH2","P_CRASH3","PCRASH4","PCRASH5","ACC_TYPE","TRLR1VIN","TRLR2VIN","TRLR3VIN","DEATHS","DR_DRINK"
48,481348,1,2,1,2,6,13,6,12,1,1,0,48,1,12,37,12037,4,2008,"1FAHP35N98W2","1","F","A","H","P","3","5","N","9","8","W","2",0,0,0,"000000000","00000000000",0,0,0,1,0,0,0,0,0,0,0,998,0,0,0,12,6,2,12,0,0,0,1,48,75604,6,1,0,0,3,3,999,999,0,0,0,0,0,0,0,0,0,5,0,0,0,0,5,5,55,1,2,8,2,0,0,1,50,1,1,1,20,"777777777777","777777777777","777777777777",1,0
48,481348,2,2,1,2,6,13,6,12,1,1,0,13,3,51,881,51881,66,2007,"4V4NC9GH07N4","4","V","4","N","C","9","G","H","0","7","N","4",1,1,57,"516214","57516214",3,6,3,1,0,0,0,0,0,0,0,0,0,0,0,6,4,5,12,0,0,0,1,48,75114,6,1,6,0,3,3,999,999,1,0,0,1,0,12,2011,1,2012,0,0,0,0,0,5,5,55,1,2,8,2,0,0,5,53,1,1,1,23,"1TTF4820X720","777777777777","777777777777",0,0
48,481349,1,1,1,2,6,4,40,8,0,1,0,48,1,20,481,20481,31,2002,"1GCEC14W92Z1","1","G","C","E","C","1","4","W","9","2","Z","1",0,0,0,"000000000","00000000000",0,0,0,1,0,0,0,0,0,0,0,998,0,0,0,12,4,5,8,0,0,0,1,48,77536,6,1,6,0,3,3,999,999,0,0,0,0,1,12,2014,12,2014,0,0,0,0,0,1,4,55,1,1,8,2,0,0,1,80,99,1,1,13,"777777777777","777777777777","777777777777",0,0
48,481350,1,1,1,2,6,1,26,59,0,1,0,48,1,12,481,12481,31,2000,"1FTRX17W7YNB","1","F","T","R","X","1","7","W","7","Y","N","B",0,0,0,"000000000","00000000000",0,0,0,1,0,0,0,0,0,0,0,998,0,0,0,12,6,2,59,0,0,0,1,48,78750,6,1,0,0,3,3,999,999,0,0,0,0,0,0,0,0,0,4,0,0,0,0,1,2,15,3,1,8,1,0,0,14,13,99,1,4,1,"777777777777","777777777777","777777777777",1,1
48,481351,1,1,2,3,6,13,58,8,0,1,0,48,3,12,880,12880,67,2006,"1FDWX37P96EB","1","F","D","W","X","3","7","P","9","6","E","B",5,1,99,"999999999","99999999999",2,99,12,1,0,0,0,0,0,0,0,998,0,0,0,12,2,5,8,0,0,0,1,48,77375,6,1,0,0,3,3,999,999,1,9,0,2,0,10,2011,4,2014,0,50,0,0,0,3,2,35,1,1,8,1,0,0,1,80,99,1,1,13,"777777777777","777777777777","777777777777",0,0
48,481352,1,1,99,4,6,23,53,8,0,1,1,99,9,99,999,99999,99,9999,"999999999999","9","9","9","9","9","9","9","9","9","9","9","9",0,0,0,"000000000","00000000000",0,0,0,1,0,0,0,0,0,0,0,998,0,0,0,99,9,5,8,0,0,0,1,99,99999,9,9,99,9,9,9,999,999,99,99,99,99,99,99,9999,99,9999,9,99,99,99,99,1,4,40,1,1,8,1,0,0,1,80,99,9,1,13,"777777777777","777777777777","777777777777",0,0
48,481353,1,1,1,5,6,20,13,33,0,1,0,48,1,73,705,73705,80,2012,"JKALEEC19CDA","J","K","A","L","E","E","C","1","9","C","D","A",0,0,0,"000000000","00000000000",0,0,0,1,0,0,0,0,0,0,0,998,0,0,0,99,9,2,30,0,0,0,1,48,75093,6,1,0,0,2,0,999,999,0,15,0,1,3,9,2011,3,2016,5,0,0,0,0,2,3,40,4,2,8,1,0,0,14,6,99,9,4,6,"777777777777","777777777777","777777777777",1,1
48,481354,1,2,1,5,6,9,15,12,6,1,0,48,2,30,40,30040,6,2010,"3VWPL7AJ9AM6","3","V","W","P","L","7","A","J","9","A","M","6",0,0,0,"000000000","00000000000",0,0,0,1,0,0,0,0,0,0,0,998,0,0,0,12,4,5,12,0,0,0,1,48,75233,6,1,0,0,3,0,999,999,0,0,0,0,0,0,0,0,0,0,38,0,0,0,2,4,45,1,1,8,1,3,3,11,15,99,1,1,84,"777777777777","777777777777","777777777777",0,0
48,481354,2,2,1,5,6,9,15,12,6,1,0,48,1,20,2,20002,4,2000,"2G1WF55E4Y91","2","G","1","W","F","5","5","E","4","Y","9","1",0,0,0,"000000000","00000000000",0,0,0,1,0,0,0,0,0,0,0,998,0,0,0,9,6,2,12,0,0,0,1,48,75115,0,0,0,0,0,0,70,229,0,0,0,0,0,0,0,0,0,0,0,0,0,0,2,4,45,1,1,8,1,3,3,1,62,99,1,1,84,"777777777777","777777777777","777777777777",1,0
48,481355,1,1,1,6,6,2,0,11,0,1,0,48,0,72,706,72706,80,2015,"1HD1KKL18FB6","1","H","D","1","K","K","L","1","8","F","B","6",0,0,0,"000000000","00000000000",0,0,0,1,0,0,0,0,0,0,0,998,0,0,0,98,8,2,11,0,0,0,1,48,75432,6,1,0,0,2,3,999,999,0,0,0,0,0,0,0,0,0,0,0,0,0,0,1,2,55,1,1,8,1,0,0,1,87,99,1,1,13,"777777777777","777777777777","777777777777",1,0
48,481356,1,1,1,22,4,10,11,9,0,1,0,48,1,12,481,12481,31,1994,"1FDKF37G4RNB","1","F","D","K","F","3","7","G","4","R","N","B",0,0,0,"000000000","00000000000",0,0,0,1,0,0,0,0,0,0,0,998,0,0,0,3,0,5,9,0,0,0,1,48,78210,6,1,0,0,3,3,999,999,0,12,1,1,0,8,2011,4,2016,0,0,0,0,0,3,2,40,1,1,8,1,3,3,1,80,99,1,1,13,"777777777777","777777777777","777777777777",0,0
48,481357,1,2,2,22,4,12,59,12,2,1,0,48,1,12,3,12003,2,1994,"1FALP42D5RF2","1","F","A","L","P","4","2","D","5","R","F","2",0,0,0,"000000000","00000000000",0,0,0,1,0,0,0,0,0,0,0,998,0,0,0,12,6,2,12,0,0,0,1,48,78251,6,1,0,0,3,3,999,999,0,0,0,0,0,0,0,0,0,0,0,0,0,0,1,2,99,1,1,8,1,3,3,1,62,99,1,1,69,"777777777777","777777777777","777777777777",1,0
48,481357,2,2,1,22,4,12,59,12,2,1,0,48,1,52,47,52047,6,2015,"4A4AP4AU3FE0","4","A","4","A","P","4","A","U","3","F","E","0",0,0,0,"000000000","00000000000",0,0,0,1,0,0,0,0,0,0,0,998,0,0,0,12,6,2,12,0,0,0,1,48,78252,6,1,0,0,3,3,999,999,0,0,0,0,0,0,0,0,0,0,0,0,0,0,1,2,99,1,1,8,1,3,3,11,15,99,1,1,68,"777777777777","777777777777","777777777777",0,0
48,481358,1,1,1,20,5,1,13,52,0,1,0,48,0,2,404,2404,14,2005,"1J4GR48K95C5","1","J","4","G","R","4","8","K","9","5","C","5",0,0,0,"000000000","00000000000",0,0,0,1,0,0,0,0,0,0,0,998,0,0,0,12,6,2,52,0,0,0,1,48,75238,1,2,0,0,2,2,60,114,0,1,0,0,1,12,2015,5,2016,3,73,0,0,0,3,4,70,1,1,8,1,0,0,1,13,99,9,4,1,"777777777777","777777777777","777777777777",1,1
48,481359,1,2,2,25,5,14,50,12,2,1,0,48,2,49,40,49040,4,2013,"4T1BF1FK2DU2","4","T","1","B","F","1","F","K","2","D","U","2",0,0,0,"000000000","00000000000",0,0,0,1,0,0,0,0,0,0,0,998,0,0,0,12,6,2,12,0,0,0,1,48,79407,6,1,0,0,3,3,999,999,0,0,0,0,0,0,0,0,0,0,28,0,0,0,1,2,75,1,2,8,1,0,0,1,10,99,1,2,50,"777777777777","777777777777","777777777777",1,0
48,481359,2,2,2,25,5,14,50,12,2,1,0,93,3,87,884,87884,66,2016,"1XPXDP9X9GD3","1","X","P","X","D","P","9","X","9","G","D","3",1,1,57,"732476","57732476",3,6,1,1,0,0,0,0,0,0,0,998,0,0,0,12,6,2,12,0,0,0,1,48,79045,6,1,6,0,3,0,999,999,0,0,0,2,4,7,2011,1,2013,0,0,0,0,0,1,2,75,1,2,8,1,0,0,1,62,99,1,1,51,"1W16522A6G55","777777777777","777777777777",0,0
48,481360,1,1,2,28,5,1,38,1,0,1,0,48,1,20,481,20481,31,2013,"1GC3KZCG8DF1","1","G","C","3","K","Z","C","G","8","D","F","1",0,0,0,"000000000","00000000000",0,0,0,1,0,0,0,0,0,0,0,998,0,9,5,0,6,2,1,0,0,0,1,48,75432,6,1,0,0,3,0,999,999,0,0,0,1,0,3,2015,3,2015,4,0,0,0,0,2,2,75,1,1,8,2,0,0,1,12,7,4,4,2,"777777777777","777777777777","777777777777",1,1
48,481361,1,4,1,29,5,22,24,12,1,1,0,48,2,30,42,30042,5,2013,"WVWDM7AJXDW0","W","V","W","D","M","7","A","J","X","D","W","0",0,0,0,"000000000","00000000000",0,0,0,1,0,0,0,0,0,0,0,998,0,0,0,12,6,2,12,0,0,0,1,48,77062,6,1,0,0,3,0,999,999,0,0,0,0,0,0,0,0,0,5,0,0,0,0,3,4,65,1,1,8,1,0,0,1,52,1,1,1,28,"777777777777","777777777777","777777777777",1,1
48,481361,2,4,1,29,5,22,24,12,1,1,0,48,1,23,481,23481,31,2011,"1GT125C80BF1","1","G","T","1","2","5","C","8","0","B","F","1",0,0,0,"000000000","00000000000",0,0,0,1,0,0,0,0,0,0,0,998,0,1,3,6,6,2,12,35,0,0,1,48,77351,0,0,0,0,0,0,999,999,0,0,0,0,0,0,0,0,0,0,0,0,0,0,3,4,65,1,1,8,1,0,0,2,53,99,1,1,29,"777777777777","777777777777","777777777777",0,0
48,481361,3,4,1,29,5,22,24,12,1,1,0,48,1,7,24,7024,4,2014,"2C3CDXBG5EH3","2","C","3","C","D","X","B","G","5","E","H","3",0,0,0,"000000000","00000000000",0,0,0,1,0,0,0,0,0,0,0,998,0,0,0,6,6,2,12,0,0,0,1,48,77373,6,1,0,0,3,3,999,999,0,0,0,0,0,0,0,0,0,0,0,0,0,0,3,4,65,1,1,8,1,0,0,2,53,99,1,1,98,"777777777777","777777777777","777777777777",0,0
48,481361,4,4,3,29,5,22,24,12,1,1,0,48,0,58,41,58041,4,2014,"JN1BV7APXEM6","J","N","1","B","V","7","A","P","X","E","M","6",0,0,0,"000000000","00000000000",0,0,0,1,0,0,0,0,0,0,0,998,0,0,0,12,2,3,54,0,0,0,1,48,77365,1,1,0,0,2,3,999,999,0,28,0,2,0,1,2012,12,2015,0,0,0,0,0,3,4,65,1,1,8,1,0,0,1,98,99,1,1,98,"777777777777","777777777777","777777777777",0,0
48,481362,1,1,2,29,5,21,13,18,0,1,0,0,0,98,734,98734,90,2015,"3NSRTE874FG5","3","N","S","R","T","E","8","7","4","F","G","5",0,0,0,"000000000","00000000000",0,0,0,1,0,0,0,0,0,0,0,998,0,1,5,12,2,5,1,0,0,0,1,48,77856,0,0,0,0,0,0,999,999,0,0,0,0,0,0,0,0,0,0,0,0,0,0,1,2,30,1,1,8,11,0,0,1,90,99,1,1,12,"777777777777","777777777777","777777777777",1,0
48,481363,1,1,2,30,5,6,0,25,0,1,0,48,0,20,421,20421,15,2002,"1GNDT13W32K1","1","G","N","D","T","1","3","W","3","2","K","1",0,0,0,"000000000","00000000000",0,0,0,1,0,0,0,0,0,0,0,998,0,1,1,98,6,2,1,0,0,0,1,48,78202,0,0,0,0,0,0,999,999,0,0,0,0,0,0,0,0,0,5,0,0,0,0,2,1,40,1,1,8,1,0,0,1,13,99,1,4,1,"777777777777","777777777777","777777777777",1,0
48,481364,1,1,1,2,6,16,40,8,0,1,0,48,2,20,421,20421,15,2001,"1GNCS18WX1K1","1","G","N","C","S","1","8","W","X","1","K","1",0,0,0,"000000000","00000000000",0,0,0,1,0,0,0,0,0,0,0,998,0,1,5,98,6,2,8,0,0,0,1,48,76528,6,1,0,0,3,0,999,999,0,0,0,0,0,0,0,0,0,4,58,0,0,0,1,2,60,1,2,8,1,0,0,1,6,7,3,4,3,"777777777777","777777777777","777777777777",0,0
48,481365,1,1,1,3,6,21,47,25,0,1,0,48,1,12,481,12481,31,2014,"1FTFW1ET4EFB","1","F","T","F","W","1","E","T","4","E","F","B",0,0,0,"000000000","00000000000",0,0,0,1,0,0,0,0,0,0,0,998,0,0,0,12,6,2,25,0,0,0,1,48,75077,6,1,0,0,3,0,63,196,0,0,0,0,0,0,0,0,0,5,0,0,0,0,4,3,50,1,2,8,1,20,3,1,8,99,1,4,14,"777777777777","777777777777","777777777777",1,1
48,481366,1,1,4,4,6,1,41,8,0,1,0,48,2,35,50,35050,4,2015,"3N1CN7AP6FL8","3","N","1","C","N","7","A","P","6","F","L","8",0,0,0,"000000000","00000000000",0,0,0,1,0,0,0,0,0,0,0,998,0,0,0,12,6,2,8,0,0,0,1,48,76209,6,1,0,0,3,3,999,999,0,0,0,0,1,4,2014,4,2014,0,0,0,0,0,2,4,50,1,1,8,1,0,0,1,81,99,1,1,13,"777777777777","777777777777","777777777777",0,0
48,481367,1,2,1,4,6,20,20,12,6,1,0,48,1,7,482,7482,31,1998,"1B7KC23D5WJ1","1","B","7","K","C","2","3","D","5","W","J","1",0,0,0,"000000000","00000000000",0,0,0,1,0,0,0,0,0,0,0,998,0,0,0,11,6,2,12,0,0,0,1,48,77316,6,1,0,0,3,0,999,999,0,0,0,0,0,0,0,0,0,0,38,0,0,0,0,0,0,0,0,0,0,0,0,11,15,1,1,1,82,"777777777777","777777777777","777777777777",0,0
48,481367,2,2,2,4,6,20,20,12,6,1,0,48,1,37,706,37706,80,2008,"JH2SC59028M0","J","H","2","S","C","5","9","0","2","8","M","0",0,0,0,"000000000","00000000000",0,0,0,1,0,0,0,0,0,0,0,998,0,0,0,12,8,2,12,0,0,0,1,48,77381,6,1,0,0,3,0,999,999,0,1,0,8,0,10,2011,7,2014,0,0,0,0,0,5,5,55,1,1,8,2,0,0,1,72,99,1,1,83,"777777777777","777777777777","777777777777",2,1
48,481368,1,1,2,5,6,0,43,33,0,1,0,48,1,20,431,20431,16,1997,"3GNGC26R1VG1","3","G","N","G","C","2","6","R","1","V","G","1",0,0,0,"000000000","00000000000",0,0,0,1,0,0,0,0,0,0,0,998,0,1,1,11,6,2,1,0,0,0,1,48,77009,0,0,0,0,0,0,999,999,0,0,0,0,0,0,0,0,0,0,28,0,0,0,2,3,35,1,1,1,1,0,0,1,13,6,9,4,6,"777777777777","777777777777","777777777777",1,1
48,481369,1,1,4,5,6,21,46,59,0,1,0,48,1,12,471,12471,30,1997,"1FTCR10A8VUA","1","F","T","C","R","1","0","A","8","V","U","A",0,0,0,"000000000","00000000000",0,0,0,1,0,0,0,0,0,0,0,998,0,1,5,7,6,2,1,0,0,0,1,48,77857,6,1,0,0,3,0,999,999,0,0,0,0,0,0,0,0,0,0,80,0,0,0,1,2,70,1,1,8,1,0,0,1,1,99,3,4,2,"777777777777","777777777777","777777777777",1,0
48,481370,1,2,1,8,6,8,12,12,1,1,0,48,0,37,705,37705,80,2005,"JH2PC37065M2","J","H","2","P","C","3","7","0","6","5","M","2",0,0,0,"000000000","00000000000",0,0,0,1,0,0,0,0,0,0,0,998,0,0,0,12,8,2,12,0,0,0,1,48,76180,1,1,0,0,2,0,999,999,0,0,0,0,0,0,0,0,0,5,34,37,0,0,2,2,40,1,1,8,1,0,0,15,52,99,1,2,32,"777777777777","777777777777","777777777777",1,0
48,481370,2,2,1,8,6,8,12,12,1,1,0,48,1,49,44,49044,2,2001,"2T1CF28P21C4","2","T","1","C","F","2","8","P","2","1","C","4",0,0,0,"000000000","00000000000",0,0,0,1,0,0,0,0,0,0,0,998,0,0,0,6,2,5,12,0,0,0,1,48,76118,6,1,0,0,3,3,999,999,0,0,0,0,0,0,0,0,0,0,0,0,0,0,2,2,40,1,1,8,1,0,0,15,18,99,1,1,32,"777777777777","777777777777","777777777777",0,0
48,481371,1,1,3,8,5,0,11,32,0,1,0,48,2,42,42,42042,4,2011,"WDDGF7HB3BF5","W","D","D","G","F","7","H","B","3","B","F","5",0,0,0,"000000000","00000000000",0,0,0,1,0,0,0,0,0,0,0,114,0,1,5,98,6,2,2,0,0,1,1,48,76065,6,1,0,0,3,0,999,999,0,1,0,0,1,8,2015,12,2015,3,0,0,0,0,1,2,35,1,1,8,1,0,0,1,6,99,2,4,7,"777777777777","777777777777","777777777777",1,0
48,481372,1,2,1,21,5,15,28,12,7,1,0,48,1,53,705,53705,80,2007,"JS1GN7DAX721","J","S","1","G","N","7","D","A","X","7","2","1",0,0,0,"000000000","00000000000",0,0,0,1,0,0,0,0,0,0,0,998,0,0,0,9,8,2,12,0,0,0,1,48,75418,0,0,0,0,0,0,65,208,0,14,0,0,1,12,2012,1,2016,2,0,0,0,0,2,3,45,1,1,8,1,0,0,1,51,7,1,1,48,"777777777777","777777777777","777777777777",1,0
48,481372,2,2,4,21,5,15,28,12,7,1,0,48,2,7,422,7422,15,2007,"1D8HD38KX7F5","1","D","8","H","D","3","8","K","X","7","F","5",0,0,0,"000000000","00000000000",0,0,0,1,0,0,0,0,0,0,0,998,0,0,0,82,2,5,12,0,0,0,1,48,75043,6,1,0,0,3,0,999,999,0,0,0,0,0,0,0,0,0,0,0,0,0,0,2,3,45,1,1,8,1,0,0,1,53,99,1,1,48,"777777777777","777777777777","777777777777",0,0
48,481373,1,2,2,28,5,1,30,12,1,1,0,36,3,20,461,20461,21,2009,"1GCGG29C8911","1","G","C","G","G","2","9","C","8","9","1","1",0,0,0,"000000000","00000000000",0,0,0,1,0,0,0,0,0,0,0,998,0,0,0,12,6,2,12,0,0,0,1,48,75169,6,1,6,0,3,0,999,999,0,0,0,0,0,0,0,0,0,5,0,0,0,0,3,2,75,1,2,8,1,0,0,1,51,99,1,1,24,"777777777777","777777777777","777777777777",2,0
48,481373,2,2,2,28,5,1,30,12,1,1,0,17,9,87,884,87884,66,2013,"1XP4DP9X3DD1","1","X","P","4","D","P","9","X","3","D","D","1",1,1,57,"500737","57500737",3,6,1,1,0,0,0,0,0,0,0,998,0,0,0,6,6,2,12,0,0,0,1,1,36303,6,1,6,0,3,3,62,185,0,0,0,0,0,0,0,0,0,0,0,0,0,0,3,2,75,1,2,8,1,0,0,3,53,1,1,1,25,"1DW1A5327Y53","777777777777","777777777777",0,0
48,481374,1,1,1,6,6,0,18,8,0,1,1,48,2,49,43,49043,4,1997,"4T1BF12B7VU1","4","T","1","B","F","1","2","B","7","V","U","1",0,0,0,"000000000","00000000000",0,0,0,1,0,0,0,0,0,0,0,998,0,0,0,12,2,3,8,0,0,0,1,48,78209,6,1,0,0,3,3,999,999,0,0,0,0,0,0,0,0,0,0,0,0,0,0,5,5,45,1,1,8,1,0,0,1,80,99,1,1,13,"777777777777","777777777777","777777777777",0,0
48,481376,1,1,3,7,6,22,20,8,0,1,0,48,2,30,42,30042,3,2002,"9BWDE61J4240","9","B","W","D","E","6","1","J","4","2","4","0",0,0,0,"000000000","00000000000",0,0,0,1,0,0,0,0,0,0,0,998,0,0,0,12,6,2,8,0,0,0,1,48,75043,6,1,0,0,3,3,999,999,0,0,0,1,0,2,2016,2,2016,0,0,0,0,0,3,4,65,1,2,8,1,0,0,1,80,99,1,1,13,"777777777777","777777777777","777777777777",0,0
48,481378,1,1,99,8,6,6,15,8,0,1,1,99,9,99,999,99999,49,9999,"999999999999","9","9","9","9","9","9","9","9","9","9","9","9",0,0,0,"000000000","00000000000",0,0,0,1,0,0,0,0,0,0,0,998,0,0,0,12,8,5,8,0,0,0,1,99,99999,9,9,99,9,9,9,999,999,99,99,99,99,99,99,9999,99,9999,0,0,0,0,0,3,5,70,1,1,8,1,0,0,1,80,99,1,1,13,"777777777777","777777777777","777777777777",0,0
48,481379,1,2,1,8,6,20,46,33,0,1,0,37,2,62,401,62401,14,2004,"SALTY19424A8","S","A","L","T","Y","1","9","4","2","4","A","8",0,0,0,"000000000","00000000000",0,0,0,1,0,0,0,0,0,0,0,998,0,0,0,98,6,2,12,0,0,0,1,37,28610,1,1,0,0,2,0,69,999,1,8,4,0,6,4,2012,7,2015,3,91,51,0,0,2,3,50,1,1,8,1,0,0,1,51,6,1,4,6,"777777777777","777777777777","777777777777",0,1
48,481379,2,2,1,8,6,20,46,33,0,1,0,48,1,12,402,12402,14,2012,"1FMCU0EGXCKA","1","F","M","C","U","0","E","G","X","C","K","A",0,0,0,"000000000","00000000000",0,0,0,1,0,0,0,0,0,0,0,998,0,1,1,7,6,2,12,0,0,0,1,48,75640,6,2,0,0,3,1,999,999,0,0,0,0,0,0,0,0,0,0,0,0,0,0,2,4,50,1,1,8,1,0,0,1,62,99,1,1,98,"777777777777","777777777777","777777777777",1,0
48,481380,1,1,52,14,5,11,21,1,0,1,0,48,3,98,908,98908,58,1998,"YE2TA62B0W20","Y","E","2","T","A","6","2","B","0","W","2","0",0,0,57,"1843796","571843796",3,21,22,1,0,0,0,0,5,3,0,998,0,2,5,0,6,2,1,0,0,0,1,48,78577,6,1,6,1,3,3,999,999,0,0,0,0,0,0,0,0,0,4,87,0,0,0,1,2,75,2,3,8,2,0,0,14,6,99,2,4,2,"777777777777","777777777777","777777777777",9,0
48,481382,1,1,1,20,5,19,53,8,0,1,0,48,0,18,24,18024,6,2012,"5GAKRDED9CJ2","5","G","A","K","R","D","E","D","9","C","J","2",0,0,0,"000000000","00000000000",0,0,0,1,0,0,0,0,0,0,0,998,0,0,0,12,2,3,8,0,0,0,1,48,79915,6,1,0,0,3,3,999,999,0,0,0,0,0,0,0,0,0,0,38,0,0,0,5,5,40,1,1,8,1,0,0,1,80,99,1,1,13,"777777777777","777777777777","777777777777",0,0
48,481384,1,2,2,26,5,14,58,12,1,1,0,12,3,82,881,82881,66,2013,"1FUJGMDR8DDB","1","F","U","J","G","M","D","R","8","D","D","B",1,3,57,"77478","5777478",3,6,1,1,0,0,0,0,0,0,0,998,0,0,0,12,6,2,2,0,0,1,1,13,30401,6,1,6,0,3,3,66,168,98,1,0,1,3,1,2012,1,2016,5,0,0,0,0,3,2,80,1,3,8,1,0,0,1,51,99,1,1,24,"1JJV532BXDL7","777777777777","777777777777",1,0
48,481384,2,2,1,26,5,14,58,12,1,1,0,93,3,82,881,82881,66,2014,"3AKJGLDRXESF","3","A","K","J","G","L","D","R","X","E","S","F",1,1,57,"2511064","572511064",3,6,1,1,0,0,0,0,0,0,0,998,0,0,0,6,6,2,12,0,0,0,1,12,33409,6,1,6,0,3,3,71,999,0,0,0,0,0,0,0,0,0,0,0,0,0,0,3,2,80,1,3,8,1,0,0,3,53,1,1,1,25,"1UYVS25304U2","777777777777","777777777777",0,0
48,481385,1,3,1,27,5,11,50,12,6,1,0,48,1,2,404,2404,14,2002,"1J4GX38S02C1","1","J","4","G","X","3","8","S","0","2","C","1",0,0,0,"000000000","00000000000",0,0,0,1,0,0,0,0,0,0,0,998,0,0,0,1,6,2,12,0,0,0,1,48,78659,6,1,6,0,3,0,999,999,0,11,0,1,0,11,2013,3,2016,0,0,0,0,0,2,1,98,2,8,8,98,3,3,1,19,99,1,1,99,"777777777777","777777777777","777777777777",1,0
48,481385,2,3,2,27,5,11,50,12,6,1,0,48,0,54,35,54035,4,2014,"19UUA8F79EA0","1","9","U","U","A","8","F","7","9","E","A","0",0,0,0,"000000000","00000000000",0,0,0,1,0,0,0,0,0,0,0,998,0,0,0,12,6,2,12,0,0,0,1,48,78602,6,1,0,0,3,3,999,999,0,0,0,0,2,10,2011,12,2013,0,0,0,0,0,3,3,55,1,1,8,6,3,3,1,68,99,1,1,99,"777777777777","777777777777","777777777777",0,0
48,481385,3,3,1,27,5,11,50,12,6,1,0,48,1,49,403,49403,14,2005,"JTEDP21A9500","J","T","E","D","P","2","1","A","9","5","0","0",0,0,0,"000000000","00000000000",0,0,0,1,0,0,0,0,0,0,0,998,0,0,0,12,2,5,12,0,0,0,1,48,77064,6,1,0,0,3,0,999,999,0,0,0,0,0,0,0,0,0,0,0,0,0,0,2,2,98,8,8,8,98,3,3,99,60,99,1,9,98,"777777777777","777777777777","777777777777",0,0
48,481386,1,2,1,29,5,9,39,12,6,1,0,48,1,20,37,20037,4,2005,"1G1ZU54875F2","1","G","1","Z","U","5","4","8","7","5","F","2",0,0,0,"000000000","00000000000",0,0,0,1,0,0,0,0,0,0,0,998,0,0,0,12,2,3,12,0,0,0,1,48,78641,6,1,0,0,3,3,999,999,0,0,0,2,0,7,2014,4,2015,0,0,0,0,0,5,5,45,1,1,8,1,3,3,1,17,99,1,1,88,"777777777777","777777777777","777777777777",0,0
48,481386,2,2,2,29,5,9,39,12,6,1,0,48,1,41,45,41045,1,2011,"JM1NC2PF5B02","J","M","1","N","C","2","P","F","5","B","0","2",0,0,0,"000000000","00000000000",0,0,0,1,0,0,0,0,0,0,0,998,0,0,0,9,6,2,12,0,0,0,1,48,78613,6,1,0,0,3,0,999,999,0,0,0,0,0,0,0,0,0,0,0,0,0,0,2,4,98,8,8,8,98,3,3,1,17,99,1,1,89,"777777777777","777777777777","777777777777",1,0
48,481387,1,2,1,30,5,22,53,12,6,1,0,48,2,19,18,19018,4,2005,"1G6DM56T4502","1","G","6","D","M","5","6","T","4","5","0","2",0,0,0,"000000000","00000000000",0,0,0,1,0,0,0,0,0,0,0,998,0,0,0,83,6,2,12,0,0,0,1,48,79416,0,0,0,0,0,0,999,999,0,0,0,0,0,0,0,0,0,5,87,0,0,0,2,2,75,1,1,8,2,0,0,1,6,99,4,4,66,"777777777777","777777777777","777777777777",1,1
48,481387,2,2,2,30,5,22,53,12,6,1,0,48,2,20,16,20016,4,2001,"1G1JC5240172","1","G","1","J","C","5","2","4","0","1","7","2",0,0,0,"000000000","00000000000",0,0,0,1,0,0,0,0,0,0,0,998,0,0,0,12,6,2,12,0,0,0,1,48,79072,6,1,0,0,3,0,999,999,0,0,0,0,0,0,0,0,0,0,0,0,0,0,2,2,75,1,1,8,2,0,0,1,62,7,1,1,66,"777777777777","777777777777","777777777777",0,0
48,481388,1,2,2,30,5,23,29,12,6,1,0,48,3,7,482,7482,31,2014,"1C6RR6LT7ES3","1","C","6","R","R","6","L","T","7","E","S","3",0,0,0,"000000000","00000000000",0,0,0,1,0,0,0,0,0,0,0,998,0,0,0,12,6,2,12,0,0,0,1,48,77630,6,1,0,0,3,3,999,999,0,0,0,0,0,0,0,0,0,0,38,0,0,0,1,2,70,1,1,8,1,0,0,11,15,99,1,1,68,"777777777777","777777777777","777777777777",0,0
48,481388,2,2,1,30,5,23,29,12,6,1,0,48,2,53,705,53705,80,2003,"JS1GN79A3321","J","S","1","G","N","7","9","A","3","3","2","1",0,0,0,"000000000","00000000000",0,0,0,1,0,0,0,0,0,0,0,998,0,0,0,61,8,2,12,0,0,0,1,48,77662,1,1,0,0,2,3,999,999,0,16,0,0,0,11,2011,2,2016,0,0,0,0,0,1,2,70,1,1,8,1,0,0,1,62,99,1,1,69,"777777777777","777777777777","777777777777",1,0