"STATE","ST_CASE","VEH_NO","VE_FORMS","NUMOCCS","DAY","MONTH","HOUR","MINUTE","HARM_EV","MAN_COLL","UNITTYPE","HIT_RUN","REG_STAT","OWNER","MAKE","MODEL","MAK_MOD","BODY_TYP","MOD_YEAR","VIN","VIN_1","VIN_2","VIN_3","VIN_4","VIN_5","VIN_6","VIN_7","VIN_8","VIN_9","VIN_10","VIN_11","VIN_12","TOW_VEH","J_KNIFE","MCARR_I1","MCARR_I2","MCARR_ID","GVWR","V_CONFIG","CARGO_BT","HAZ_INV","HAZ_PLAC","HAZ_ID","HAZ_CNO","HAZ_REL","BUS_USE","SPEC_USE","EMER_USE","TRAV_SP","UNDERIDE","ROLLOVER","ROLINLOC","IMPACT1","DEFORMED","TOWED","M_HARM","VEH_SC1","VEH_SC2","FIRE_EXP","DR_PRES","L_STATE","DR_ZIP","L_STATUS","L_TYPE","CDL_STAT","L_ENDORS","L_COMPL","L_RESTRI","DR_HGT","DR_WGT","PREV_ACC","PREV_SUS","PREV_DWI","PREV_SPD","PREV_OTH","FIRST_MO","FIRST_YR","LAST_MO","LAST_YR","SPEEDREL","DR_SF1","DR_SF2","DR_SF3","DR_SF4","VTRAFWAY","VNUM_LAN","VSPD_LIM","VALIGN","VPROFILE","VPAVETYP","VSURCOND","VTRAFCON","VTCONT_F","P_CRASH1","P_CRASH2","P_CRASH3","PCRASH4","PCRASH5","ACC_TYPE","TRLR1VIN","TRLR2VIN","TRLR3VIN","DEATHS","DR_DRINK"
48,481390,1,1,1,2,6,3,30,8,0,1,0,48,1,12,471,12471,30,2003,"1FTYR44VX3PA","1","F","T","Y","R","4","4","V","X","3","P","A",0,0,0,"000000000","00000000000",0,0,0,1,0,0,0,0,0,0,0,998,0,0,0,12,6,2,8,0,0,0,1,48,77073,6,1,0,0,3,3,999,999,0,0,0,0,0,0,0,0,0,0,0,0,0,0,3,5,60,1,1,1,1,0,0,1,80,99,1,1,13,"777777777777","777777777777","777777777777",0,0
48,481391,1,2,2,3,6,9,19,12,6,1,0,48,1,12,23,12023,4,2016,"3FA6P0HD3GR1","3","F","A","6","P","0","H","D","3","G","R","1",0,0,0,"000000000","00000000000",0,0,0,1,0,0,0,0,0,0,0,998,0,0,0,9,6,2,12,0,0,0,1,48,75423,6,1,0,0,3,3,999,999,0,0,0,0,0,0,0,0,0,0,48,0,0,0,1,2,65,1,2,8,1,0,0,12,15,99,1,1,98,"777777777777","777777777777","777777777777",2,0
48,481391,2,2,1,3,6,9,19,12,6,1,0,48,2,20,481,20481,31,1995,"2GCEC19K5S12","2","G","C","E","C","1","9","K","5","S","1","2",0,0,0,"000000000","00000000000",0,0,0,1,0,0,0,0,0,0,0,998,0,0,0,12,6,2,12,0,0,0,1,48,75423,6,1,0,0,3,0,999,999,0,0,0,0,0,0,0,0,0,0,0,0,0,0,1,2,65,1,2,8,1,0,0,1,64,99,1,1,98,"777777777777","777777777777","777777777777",0,0
48,481392,1,2,4,3,6,23,2,12,2,1,0,48,2,63,37,63037,6,2013,"KNDJT2A63D75","K","N","D","J","T","2","A","6","3","D","7","5",0,0,0,"000000000","00000000000",0,0,0,1,0,0,0,0,0,0,0,998,0,1,5,12,6,2,12,0,0,0,1,48,75765,6,2,0,0,3,3,999,999,0,0,0,0,0,0,0,0,0,0,0,0,0,0,1,2,65,1,1,8,1,0,0,1,54,6,1,2,52,"777777777777","777777777777","777777777777",2,0
48,481392,2,2,1,3,6,23,2,12,2,1,0,48,2,20,481,20481,31,1991,"1GCDC14KXMZ1","1","G","C","D","C","1","4","K","X","M","Z","1",0,0,0,"000000000","00000000000",0,0,0,1,0,0,0,0,0,0,0,998,0,0,0,12,6,2,12,0,0,0,1,48,75644,6,1,0,0,3,0,999,999,2,0,0,0,1,8,2011,5,2014,0,51,0,0,0,1,2,65,1,1,8,1,0,0,1,54,7,1,2,52,"777777777777","777777777777","777777777777",0,1
48,481393,1,2,1,4,6,4,29,8,0,1,0,48,1,20,37,20037,4,2012,"1G1ZC5E02CF1","1","G","1","Z","C","5","E","0","2","C","F","1",0,0,0,"000000000","00000000000",0,0,0,1,0,0,0,0,0,0,0,998,0,0,0,12,6,2,8,0,0,0,1,48,78665,6,1,0,0,3,0,999,999,0,0,0,1,0,10,2011,10,2011,0,0,0,0,0,3,3,70,1,1,8,2,0,0,1,80,99,1,1,13,"777777777777","777777777777","777777777777",0,0
48,481393,2,2,1,4,6,4,29,8,0,1,0,48,1,2,404,2404,14,2016,"1C4PJLAB7GW1","1","C","4","P","J","L","A","B","7","G","W","1",0,0,0,"000000000","00000000000",0,0,0,1,0,0,0,0,0,0,0,998,0,0,0,14,0,5,8,0,0,0,1,48,78634,6,1,0,0,3,0,999,999,0,0,0,0,0,0,0,0,0,0,0,0,0,0,3,3,70,1,1,8,2,0,0,1,80,99,1,1,98,"777777777777","777777777777","777777777777",0,0
48,481394,1,2,4,5,6,6,37,59,0,1,0,48,2,23,481,23481,31,2001,"2GTEC19T6111","2","G","T","E","C","1","9","T","6","1","1","1",0,0,0,"000000000","00000000000",0,0,0,1,0,0,0,0,0,0,0,998,0,0,0,81,6,2,12,0,0,0,1,48,75460,0,0,0,0,0,0,999,999,0,0,0,0,0,0,0,0,0,0,36,51,0,0,1,2,70,1,1,8,1,0,0,1,13,99,1,4,1,"777777777777","777777777777","777777777777",0,0
48,481394,2,2,1,5,6,6,37,59,0,1,0,48,1,19,18,19018,4,2003,"1G6DM57N9301","1","G","6","D","M","5","7","N","9","3","0","1",0,0,0,"000000000","00000000000",0,0,0,1,0,0,0,0,0,0,0,998,0,0,0,12,6,2,12,0,0,0,1,48,75432,6,1,0,0,3,0,999,999,0,0,0,0,0,0,0,0,0,0,0,0,0,0,1,2,70,1,1,8,1,0,0,1,64,99,1,1,98,"777777777777","777777777777","777777777777",1,0
48,481395,1,1,3,5,6,15,30,59,0,1,0,48,1,12,481,12481,31,2016,"1FT7W2B6XGEC","1","F","T","7","W","2","B","6","X","G","E","C",0,0,0,"000000000","00000000000",0,0,0,1,0,0,0,0,0,0,0,998,0,0,0,12,6,2,59,0,0,0,1,48,77632,6,1,0,0,3,3,999,999,0,2,0,0,0,3,2012,9,2012,0,0,0,0,0,1,2,75,1,1,8,1,0,0,1,12,1,1,4,6,"777777777777","777777777777","777777777777",1,0
48,481396,1,1,1,6,6,7,3,1,0,1,0,48,1,7,472,7472,30,2008,"1D3HE38N88S5","1","D","3","H","E","3","8","N","8","8","S","5",0,0,0,"000000000","00000000000",0,0,0,1,0,0,0,0,0,0,0,998,0,9,5,0,6,2,1,0,0,0,1,48,76827,6,1,0,0,3,0,999,999,0,0,0,0,0,0,0,0,0,4,0,0,0,0,1,2,60,1,1,4,11,0,0,1,6,99,3,4,2,"777777777777","777777777777","777777777777",1,0
48,481397,1,2,1,6,6,14,6,12,6,1,0,0,0,98,998,98998,92,2007,"000000000000","0","0","0","0","0","0","0","0","0","0","0","0",0,0,0,"000000000","00000000000",0,0,0,1,0,0,0,0,0,0,0,998,0,1,1,63,6,2,12,0,0,0,1,48,75638,6,1,0,0,1,0,999,999,0,0,0,0,0,0,0,0,0,0,48,91,0,0,1,4,70,1,2,8,1,0,0,11,15,99,1,1,82,"777777777777","777777777777","777777777777",0,0
48,481397,2,2,3,6,6,14,6,12,6,1,0,48,2,63,37,63037,6,2012,"KNDJT2A63C74","K","N","D","J","T","2","A","6","3","C","7","4",0,0,0,"000000000","00000000000",0,0,0,1,0,0,0,0,0,0,0,998,0,0,0,12,6,2,12,0,0,0,1,48,75558,6,1,0,0,3,0,999,999,0,0,0,0,0,0,0,0,0,0,0,0,0,0,1,4,70,1,2,8,1,0,0,1,61,99,1,1,83,"777777777777","777777777777","777777777777",1,0
48,481398,1,1,2,7,6,1,20,42,0,1,0,48,2,30,47,30047,1,2005,"3VWCM31Y55M3","3","V","W","C","M","3","1","Y","5","5","M","3",0,0,0,"000000000","00000000000",0,0,0,1,0,0,0,0,0,0,0,998,0,1,5,12,6,2,42,0,0,0,1,48,75103,6,1,0,0,3,3,999,999,0,1,0,1,1,2,2013,8,2013,0,0,0,0,0,1,2,60,1,2,8,1,0,0,1,12,1,1,4,6,"777777777777","777777777777","777777777777",1,0
48,481399,1,2,1,7,6,8,32,12,6,1,0,48,2,12,481,12481,31,2015,"1FTEW1CF3FKE","1","F","T","E","W","1","C","F","3","F","K","E",0,0,0,"000000000","00000000000",0,0,0,1,0,0,0,0,0,0,0,998,0,0,0,12,6,2,12,0,0,0,1,48,77037,6,1,0,0,3,3,999,999,0,0,0,2,0,11,2015,4,2016,3,91,0,0,0,5,7,50,1,1,8,1,0,0,1,64,7,1,2,98,"777777777777","777777777777","777777777777",0,0
48,481399,2,2,3,7,6,8,32,12,6,1,0,48,2,35,402,35402,14,2003,"5N1ED28T83C6","5","N","1","E","D","2","8","T","8","3","C","6",0,0,0,"000000000","00000000000",0,0,0,1,0,0,0,0,0,0,0,998,0,0,0,63,6,2,12,0,0,0,1,48,77037,0,0,0,0,0,0,999,999,0,0,0,0,0,0,0,0,0,0,38,0,0,0,5,7,50,1,1,8,1,0,0,12,15,99,1,1,98,"777777777777","777777777777","777777777777",1,0
48,481400,1,2,1,7,6,20,19,12,6,1,0,48,2,49,40,49040,4,2000,"4T1BG22K4YU7","4","T","1","B","G","2","2","K","4","Y","U","7",0,0,0,"000000000","00000000000",0,0,0,1,0,0,0,0,0,0,0,998,0,0,0,9,6,2,12,0,0,0,1,48,76132,6,1,0,0,3,0,999,999,0,0,0,2,0,6,2014,8,2014,0,38,0,0,0,1,2,99,1,1,8,2,20,3,1,17,99,1,1,89,"777777777777","777777777777","777777777777",1,0
48,481400,2,2,4,7,6,20,19,12,6,1,0,48,1,20,481,20481,31,2010,"1GC4K1B67AF1","1","G","C","4","K","1","B","6","7","A","F","1",0,0,0,"000000000","00000000000",0,0,0,1,0,0,0,0,0,0,0,998,0,0,0,12,6,2,12,0,0,0,1,48,76036,6,1,0,0,3,0,999,999,0,0,0,1,0,3,2014,3,2014,0,0,0,0,0,5,3,55,1,1,8,1,0,0,1,66,99,1,1,88,"777777777777","777777777777","777777777777",0,0
48,481401,1,4,1,8,6,19,20,12,8,1,0,48,2,7,482,7482,31,2009,"1D3HB13T49J5","1","D","3","H","B","1","3","T","4","9","J","5",0,0,0,"000000000","00000000000",0,0,0,1,0,0,0,0,0,0,0,998,0,0,0,61,2,5,12,0,0,0,1,48,77320,6,1,0,0,3,0,999,999,0,0,0,1,0,5,2015,5,2015,0,0,0,0,0,1,2,70,1,1,8,1,0,0,1,54,7,1,1,66,"777777777777","777777777777","777777777777",0,0
48,481401,2,4,1,8,6,19,20,12,8,1,0,48,2,18,2,18002,4,1998,"1G4HP52K1WH4","1","G","4","H","P","5","2","K","1","W","H","4",0,0,0,"000000000","00000000000",0,0,0,1,0,0,0,0,0,0,0,998,0,0,0,12,6,2,12,0,0,0,1,48,77320,6,1,6,0,3,3,999,999,0,0,0,0,0,0,0,0,0,0,0,0,0,0,1,2,70,1,1,8,1,0,0,1,54,99,1,1,98,"777777777777","777777777777","777777777777",1,0
48,481401,3,4,1,8,6,19,20,12,8,1,0,48,2,7,482,7482,31,2008,"1D7HU18N88J1","1","D","7","H","U","1","8","N","8","8","J","1",0,0,0,"000000000","00000000000",0,0,0,1,0,0,0,0,0,0,0,998,0,0,0,83,2,5,12,0,0,0,1,48,77320,6,1,0,0,3,0,999,999,0,0,0,0,0,0,0,0,0,0,0,0,0,0,1,2,70,1,1,8,1,0,0,1,54,6,9,1,98,"777777777777","777777777777","777777777777",0,0
48,481401,4,4,1,8,6,19,20,12,8,1,0,48,1,12,22,12022,6,2007,"1FMDK03137GA","1","F","M","D","K","0","3","1","3","7","G","A",0,0,0,"000000000","00000000000",0,0,0,1,0,0,0,0,0,0,0,998,0,0,0,61,6,2,12,0,0,0,1,48,77331,1,1,0,0,2,0,999,999,0,4,0,0,1,12,2014,5,2016,0,51,0,0,0,1,2,70,1,1,8,1,0,0,1,54,99,1,1,66,"777777777777","777777777777","777777777777",0,0
48,481402,1,2,1,9,6,13,52,12,6,1,0,48,2,23,421,23421,15,2002,"1GKEC13ZX2J1","1","G","K","E","C","1","3","Z","X","2","J","1",0,0,0,"000000000","00000000000",0,0,0,1,0,0,0,0,0,0,0,998,0,1,3,63,6,2,1,0,0,0,1,48,77082,6,1,0,0,3,3,999,999,0,0,1,0,0,10,2013,10,2013,0,27,0,0,0,3,2,75,1,1,8,1,0,0,15,51,16,1,2,47,"777777777777","777777777777","777777777777",1,0
48,481402,2,2,1,9,6,13,52,12,6,1,0,48,1,2,403,2403,14,2013,"1C4BJWDG5DL5","1","C","4","B","J","W","D","G","5","D","L","5",0,0,0,"000000000","00000000000",0,0,0,1,0,0,0,0,0,0,0,998,0,1,5,12,2,3,12,0,0,0,1,48,78109,6,1,6,0,3,0,999,999,0,0,0,1,3,10,2012,3,2014,0,0,0,0,0,3,2,75,1,1,8,1,0,0,1,61,99,1,1,45,"777777777777","777777777777","777777777777",0,0
48,481403,1,2,1,9,6,7,50,12,99,1,0,48,1,76,709,76709,80,2005,"JYARJ06E95A0","J","Y","A","R","J","0","6","E","9","5","A","0",0,0,0,"000000000","00000000000",0,0,0,1,0,0,0,0,0,0,0,998,0,0,0,98,8,2,12,0,0,0,1,48,75705,1,1,0,0,2,0,65,158,1,2,0,1,0,12,2012,4,2016,0,0,0,0,0,2,2,55,1,1,8,1,0,0,1,9,99,9,4,98,"777777777777","777777777777","777777777777",1,0
48,481403,2,2,1,9,6,7,50,12,99,1,0,48,3,20,461,20461,21,2011,"1GB6G5CG4B11","1","G","B","6","G","5","C","G","4","B","1","1",0,0,99,"999999999","99999999999",2,20,22,1,0,0,0,0,99,0,0,998,0,0,0,61,2,5,12,0,0,0,1,48,75754,6,1,0,0,3,3,999,999,0,0,0,0,0,0,0,0,0,0,0,0,0,0,2,2,55,1,1,8,1,0,0,1,98,99,1,1,98,"777777777777","777777777777","777777777777",0,0
48,481404,1,2,1,10,6,9,0,12,2,1,0,48,1,55,36,55036,4,2009,"KMHCN46C89U2","K","M","H","C","N","4","6","C","8","9","U","2",0,0,0,"000000000","00000000000",0,0,0,1,0,0,0,0,0,0,0,998,0,0,0,12,6,2,12,0,0,0,1,48,77541,6,1,0,0,3,3,60,136,0,0,0,0,0,0,0,0,0,0,0,0,0,0,5,7,35,1,1,8,1,0,0,1,8,1,1,2,50,"777777777777","777777777777","777777777777",1,0
48,481404,2,2,2,10,6,9,0,12,2,1,0,48,3,20,481,20481,31,2012,"1GC2CVCG5CZ2","1","G","C","2","C","V","C","G","5","C","Z","2",1,1,0,"000000000","00000000000",0,0,0,1,0,0,0,0,0,0,0,998,0,0,0,12,6,2,12,0,0,0,1,48,77505,6,1,0,0,3,0,999,999,0,0,0,0,1,10,2013,10,2013,0,0,0,0,0,5,7,35,1,1,8,1,0,0,1,62,99,1,1,51,"999999999999","777777777777","777777777777",0,0
48,481405,1,2,1,10,6,21,36,12,2,1,0,48,1,7,29,7029,4,2016,"1C3CDFAA7GD5","1","C","3","C","D","F","A","A","7","G","D","5",0,0,0,"000000000","00000000000",0,0,0,1,0,0,0,0,0,0,0,998,0,0,0,12,6,2,12,0,0,0,1,6,77840,6,1,0,0,3,0,70,195,0,0,0,0,0,0,0,0,0,5,50,0,0,0,4,2,99,1,1,8,1,0,0,1,12,99,9,4,98,"777777777777","777777777777","777777777777",1,1
48,481405,2,2,1,10,6,21,36,12,2,1,0,48,3,87,884,87884,66,2014,"1NPVDH9X7ED2","1","N","P","V","D","H","9","X","7","E","D","2",1,1,57,"1594951","571594951",3,6,1,1,0,0,0,0,0,0,0,998,0,0,0,12,6,2,12,0,0,0,1,48,77088,6,1,6,0,3,0,999,999,1,0,0,0,1,5,2013,10,2013,0,0,0,0,0,2,2,75,1,1,8,1,0,0,1,98,99,1,1,98,"2MN011PJ8310","777777777777","777777777777",0,0
48,481407,1,2,1,10,6,18,30,12,6,1,0,48,2,35,47,35047,4,2012,"1N4AL2APXCN4","1","N","4","A","L","2","A","P","X","C","N","4",0,0,0,"000000000","00000000000",0,0,0,1,0,0,0,0,0,0,0,998,0,0,0,3,6,2,12,0,0,0,1,48,77381,6,1,0,0,3,3,999,999,0,0,0,0,0,0,0,0,0,0,38,0,0,0,2,3,45,1,1,8,1,3,3,11,15,99,1,1,68,"777777777777","777777777777","777777777777",1,0
48,481407,2,2,3,10,6,18,30,12,6,1,0,48,1,12,881,12881,61,1999,"1FDXW47F7XEC","1","F","D","X","W","4","7","F","7","X","E","C",0,0,99,"999999999","99999999999",2,1,98,1,0,0,0,0,0,0,0,998,0,0,0,12,6,2,12,0,0,0,1,48,77066,6,1,0,0,3,0,999,999,0,0,0,0,0,0,0,0,0,0,0,0,0,0,2,3,45,1,1,8,1,3,3,1,62,99,1,1,69,"777777777777","777777777777","777777777777",0,0
48,481408,1,3,2,10,6,18,5,12,6,1,0,5,1,7,442,7442,20,2012,"2C4RDGBG8CR1","2","C","4","R","D","G","B","G","8","C","R","1",0,0,0,"000000000","00000000000",0,0,0,1,0,0,0,0,0,0,0,998,0,0,0,62,6,2,12,0,0,0,1,5,72701,6,1,6,0,3,0,72,226,0,0,0,1,1,6,2014,1,2015,0,38,0,0,0,1,2,99,3,1,8,1,20,3,11,15,99,1,1,82,"777777777777","777777777777","777777777777",1,0
48,481408,2,3,1,10,6,18,5,12,6,1,0,48,1,37,402,37402,14,2013,"2HKRM4H78DH6","2","H","K","R","M","4","H","7","8","D","H","6",0,0,0,"000000000","00000000000",0,0,0,1,0,0,0,0,0,0,0,998,0,0,0,12,6,2,12,0,0,0,1,48,75975,6,1,0,0,3,3,999,999,0,0,0,0,0,0,0,0,0,0,0,0,0,0,5,5,75,1,2,8,1,0,0,1,67,99,1,1,83,"777777777777","777777777777","777777777777",0,0
48,481408,3,3,2,10,6,18,5,12,6,1,0,48,2,12,481,12481,31,2002,"1FTRW08L32KA","1","F","T","R","W","0","8","L","3","2","K","A",0,0,0,"000000000","00000000000",0,0,0,1,0,0,0,0,0,0,0,0,0,0,0,63,4,5,12,0,0,0,1,48,75964,6,2,0,0,3,0,999,999,0,0,0,0,0,0,0,0,0,0,0,0,0,0,5,5,75,1,2,8,1,0,0,5,62,1,1,1,98,"777777777777","777777777777","777777777777",0,0
48,481409,1,2,1,10,6,8,22,12,6,1,0,48,1,12,23,12023,4,2006,"3FAFP07Z66R2","3","F","A","F","P","0","7","Z","6","6","R","2",0,0,0,"000000000","00000000000",0,0,0,1,0,0,0,0,0,0,0,998,0,0,0,12,2,3,12,0,0,0,1,48,79603,6,1,0,0,3,3,999,999,0,0,0,0,0,0,0,0,0,0,38,0,0,0,1,2,99,1,1,8,1,20,3,11,15,99,1,1,82,"777777777777","777777777777","777777777777",0,0
48,481409,2,2,2,10,6,8,22,12,6,1,0,48,1,55,36,55036,4,2005,"KMHCG45C45U6","K","M","H","C","G","4","5","C","4","5","U","6",0,0,0,"000000000","00000000000",0,0,0,1,0,0,0,0,0,0,0,998,0,0,0,3,6,2,42,0,0,0,1,48,79603,6,1,0,0,3,3,999,999,0,0,0,0,0,0,0,0,0,0,0,0,0,0,5,5,30,1,1,8,1,0,0,1,67,6,1,1,83,"777777777777","777777777777","777777777777",1,0
48,481410,1,1,4,11,6,22,39,8,0,1,0,48,1,42,42,42042,4,2014,"WDDGF4HB4EG2","W","D","D","G","F","4","H","B","4","E","G","2",0,0,0,"000000000","00000000000",0,0,0,1,0,0,0,0,0,0,0,998,0,0,0,12,4,5,8,0,0,0,1,48,78250,6,1,0,0,3,0,999,999,0,0,0,0,0,0,0,0,0,0,0,0,0,0,4,2,45,1,1,8,1,3,3,1,80,99,1,1,13,"777777777777","777777777777","777777777777",0,0
48,481411,1,1,99,11,6,0,10,8,0,1,1,99,9,34,34,34034,4,9999,"999999999999","9","9","9","9","9","9","9","9","9","9","9","9",0,0,0,"000000000","00000000000",0,0,0,1,0,0,0,0,0,0,0,998,0,0,0,14,8,5,8,0,0,0,1,99,99999,9,9,99,9,9,9,999,999,99,99,99,99,99,99,9999,99,9999,0,99,99,99,99,4,4,30,1,1,8,1,0,0,1,80,99,9,1,13,"777777777777","777777777777","777777777777",0,0
48,481412,1,1,1,11,6,22,26,1,0,1,0,48,1,12,481,12481,31,2004,"1FTPW12544KC","1","F","T","P","W","1","2","5","4","4","K","C",0,0,0,"000000000","00000000000",0,0,0,1,0,0,0,0,0,0,0,998,0,1,3,0,6,2,1,0,0,0,1,4,85035,6,1,0,0,3,0,65,155,0,0,0,0,0,0,0,0,0,0,99,99,99,99,4,2,55,1,1,8,1,0,0,1,9,99,9,4,7,"777777777777","777777777777","777777777777",1,1
48,481413,1,2,1,12,6,19,25,12,6,1,0,48,1,72,706,72706,80,2002,"1HD1GDV1X2Y3","1","H","D","1","G","D","V","1","X","2","Y","3",0,0,0,"000000000","00000000000",0,0,0,1,0,0,0,0,0,0,0,998,0,0,0,12,6,2,12,0,0,0,1,48,76444,6,1,0,0,2,0,999,999,0,0,0,0,0,0,0,0,0,5,0,0,0,0,1,4,45,1,1,8,1,0,0,1,62,99,1,1,69,"777777777777","777777777777","777777777777",1,0
48,481413,2,2,1,12,6,19,25,12,6,1,0,48,3,98,809,98809,63,2003,"2FZHAZAS43AK","2","F","Z","H","A","Z","A","S","4","3","A","K",0,0,57,"965554","57965554",3,1,4,1,0,0,0,0,0,0,0,998,0,0,0,3,0,5,12,0,0,0,1,48,76442,6,1,6,0,3,0,999,999,0,2,1,0,0,4,2014,1,2016,0,0,0,0,0,1,4,45,1,1,8,1,0,0,11,15,99,1,1,68,"777777777777","777777777777","777777777777",0,0
48,481414,1,1,4,12,6,20,0,38,0,1,0,48,3,23,401,23401,14,2002,"1GKDS13S7225","1","G","K","D","S","1","3","S","7","2","2","5",0,0,0,"000000000","00000000000",0,0,0,1,0,0,0,0,0,0,0,998,0,1,6,98,6,2,1,0,0,0,1,48,76114,0,0,0,0,0,0,999,999,0,0,0,0,0,0,0,0,0,0,58,91,0,0,1,2,40,1,1,8,1,0,0,1,13,6,9,4,1,"777777777777","777777777777","777777777777",1,1
48,481415,1,1,1,13,6,0,56,24,0,1,0,48,1,19,20,19020,6,2004,"1GYEE6377401","1","G","Y","E","E","6","3","7","7","4","0","1",0,0,0,"000000000","00000000000",0,0,0,1,0,0,0,0,0,0,0,998,0,1,5,12,6,2,24,0,0,0,1,48,76119,6,1,6,0,3,3,999,999,0,0,0,3,3,12,2011,7,2014,5,0,0,0,0,3,2,65,2,3,8,1,0,0,14,13,6,1,4,1,"777777777777","777777777777","777777777777",1,1
48,481416,1,1,1,13,6,11,35,42,0,1,0,48,2,20,481,20481,31,2003,"1GCEC19X13Z3","1","G","C","E","C","1","9","X","1","3","Z","3",0,0,0,"000000000","00000000000",0,0,0,1,0,0,0,0,0,0,0,998,0,0,0,12,6,2,42,0,0,0,1,48,75603,0,0,0,0,0,0,999,999,0,0,0,0,0,0,0,0,0,4,0,0,0,0,3,2,70,1,1,8,2,0,0,1,6,99,9,4,1,"777777777777","777777777777","777777777777",1,1
48,481417,1,1,1,15,4,21,22,8,0,1,0,48,1,12,481,12481,31,1997,"1FTDX0767VKA","1","F","T","D","X","0","7","6","7","V","K","A",0,0,0,"000000000","00000000000",0,0,0,1,0,0,0,0,0,0,0,998,0,0,0,12,2,3,8,0,0,0,1,48,78516,6,1,0,0,3,0,999,999,0,0,0,1,0,10,2013,10,2013,0,0,0,0,0,4,4,50,1,1,8,1,0,0,1,80,99,1,1,13,"777777777777","777777777777","777777777777",0,0
48,481418,1,1,5,8,5,13,55,1,0,1,0,48,1,12,481,12481,31,2008,"1FTSW21R28ED","1","F","T","S","W","2","1","R","2","8","E","D",0,0,0,"000000000","00000000000",0,0,0,1,0,0,0,0,0,0,0,998,0,9,3,0,6,2,1,0,0,0,1,48,78621,6,1,6,0,3,0,999,999,1,0,0,0,0,11,2013,11,2013,0,0,0,0,0,2,2,65,1,1,8,2,0,0,1,6,99,9,4,6,"777777777777","777777777777","777777777777",2,0
48,481419,1,2,1,10,5,21,14,12,2,1,1,48,1,20,37,20037,4,2013,"1G11F5SR1DF1","1","G","1","1","F","5","S","R","1","D","F","1",0,0,0,"000000000","00000000000",0,0,0,1,0,0,0,0,0,0,0,998,0,0,0,12,6,2,12,0,0,0,1,48,75862,6,1,0,0,3,0,999,999,1,0,0,0,0,1,2013,1,2013,0,48,51,91,0,1,2,40,3,1,8,1,0,0,10,16,99,1,2,80,"777777777777","777777777777","777777777777",1,1
48,481419,2,2,1,10,5,21,14,12,2,1,0,48,1,22,22,22022,4,2007,"1G2ZF58B2741","1","G","2","Z","F","5","8","B","2","7","4","1",0,0,0,"000000000","00000000000",0,0,0,1,0,0,0,0,0,0,0,0,0,0,0,12,6,2,12,0,0,0,1,48,78611,6,1,0,0,3,3,999,999,0,0,0,0,0,0,0,0,0,0,0,0,0,0,1,2,99,2,1,8,1,20,3,5,62,1,1,1,81,"777777777777","777777777777","777777777777",0,0
48,481420,1,3,1,20,5,13,17,12,1,1,0,48,0,12,32,12032,4,2014,"3FADP4BJ9EM2","3","F","A","D","P","4","B","J","9","E","M","2",0,0,0,"000000000","00000000000",0,0,0,1,0,0,0,0,0,0,0,998,0,0,0,6,6,2,12,0,0,0,1,48,78228,6,1,0,0,3,3,999,999,0,0,0,0,0,0,0,0,0,0,0,0,0,0,3,3,45,1,1,8,1,0,0,2,53,16,9,1,29,"777777777777","777777777777","777777777777",0,0
48,481420,2,3,1,20,5,13,17,12,1,1,0,48,2,12,401,12401,14,2005,"1FMZU62K25UA","1","F","M","Z","U","6","2","K","2","5","U","A",0,0,0,"000000000","00000000000",0,0,0,1,0,0,0,0,0,0,0,998,0,0,0,12,6,2,12,0,0,0,1,48,78230,6,1,0,0,3,0,999,999,0,0,0,0,0,0,0,0,0,0,0,0,0,0,3,3,45,1,1,8,1,0,0,1,52,99,9,1,28,"777777777777","777777777777","777777777777",0,0
48,481420,3,3,1,20,5,13,17,12,1,1,0,48,1,73,703,73703,80,2012,"JKALXMT1XCDA","J","K","A","L","X","M","T","1","X","C","D","A",0,0,0,"000000000","00000000000",0,0,0,1,0,0,0,0,0,0,0,998,0,0,0,12,6,2,12,0,0,0,1,48,78250,6,1,0,0,2,3,999,999,2,0,0,0,0,2,2012,11,2012,0,0,0,0,0,3,3,45,1,1,8,1,0,0,1,50,1,1,1,98,"777777777777","777777777777","777777777777",1,0
48,481421,1,1,1,22,5,8,0,1,0,1,0,48,2,12,401,12401,14,1999,"1FMYU22EXXUC","1","F","M","Y","U","2","2","E","X","X","U","C",0,0,0,"000000000","00000000000",0,0,0,1,0,0,0,0,0,0,0,998,0,9,3,0,6,2,1,0,0,0,1,48,75249,6,1,0,0,3,0,70,220,0,0,0,1,0,7,2015,7,2015,0,0,0,0,0,3,4,70,1,1,8,1,0,0,1,13,99,9,4,1,"777777777777","777777777777","777777777777",1,0
48,481422,1,1,1,22,5,17,5,8,0,1,1,48,2,20,481,20481,31,2001,"1GCHK23UX1F1","1","G","C","H","K","2","3","U","X","1","F","1",0,0,0,"000000000","00000000000",0,0,0,1,0,0,0,0,0,0,0,998,0,0,0,12,8,5,8,0,0,0,1,48,78741,6,1,0,0,3,0,999,999,0,6,0,0,0,7,2011,1,2014,0,38,0,0,0,1,2,98,8,8,8,98,3,3,11,15,99,1,1,13,"777777777777","777777777777","777777777777",0,0