"STATE","ST_CASE","VEH_NO","VE_FORMS","NUMOCCS","DAY","MONTH","HOUR","MINUTE","HARM_EV","MAN_COLL","UNITTYPE","HIT_RUN","REG_STAT","OWNER","MAKE","MODEL","MAK_MOD","BODY_TYP","MOD_YEAR","VIN","VIN_1","VIN_2","VIN_3","VIN_4","VIN_5","VIN_6","VIN_7","VIN_8","VIN_9","VIN_10","VIN_11","VIN_12","TOW_VEH","J_KNIFE","MCARR_I1","MCARR_I2","MCARR_ID","GVWR","V_CONFIG","CARGO_BT","HAZ_INV","HAZ_PLAC","HAZ_ID","HAZ_CNO","HAZ_REL","BUS_USE","SPEC_USE","EMER_USE","TRAV_SP","UNDERIDE","ROLLOVER","ROLINLOC","IMPACT1","DEFORMED","TOWED","M_HARM","VEH_SC1","VEH_SC2","FIRE_EXP","DR_PRES","L_STATE","DR_ZIP","L_STATUS","L_TYPE","CDL_STAT","L_ENDORS","L_COMPL","L_RESTRI","DR_HGT","DR_WGT","PREV_ACC","PREV_SUS","PREV_DWI","PREV_SPD","PREV_OTH","FIRST_MO","FIRST_YR","LAST_MO","LAST_YR","SPEEDREL","DR_SF1","DR_SF2","DR_SF3","DR_SF4","VTRAFWAY","VNUM_LAN","VSPD_LIM","VALIGN","VPROFILE","VPAVETYP","VSURCOND","VTRAFCON","VTCONT_F","P_CRASH1","P_CRASH2","P_CRASH3","PCRASH4","PCRASH5","ACC_TYPE","TRLR1VIN","TRLR2VIN","TRLR3VIN","DEATHS","DR_DRINK"
48,481459,2,12,1,23,5,18,11,12,6,1,0,48,1,49,46,49046,4,2012,"JTDZN3EU5C30","J","T","D","Z","N","3","E","U","5","C","3","0",0,0,0,"000000000","00000000000",0,0,0,1,0,0,0,0,0,0,0,998,0,0,0,98,6,2,12,0,0,0,1,48,79936,6,1,0,0,3,3,999,999,0,0,0,0,0,0,0,0,0,0,0,0,0,0,3,3,60,1,1,8,1,0,0,1,61,99,1,1,48,"777777777777","777777777777","777777777777",0,0
48,481459,3,12,1,23,5,18,11,12,6,1,0,48,2,35,47,35047,4,2003,"1N4AL11D43C1","1","N","4","A","L","1","1","D","4","3","C","1",0,0,0,"000000000","00000000000",0,0,0,1,0,0,0,0,0,0,0,998,0,0,0,98,6,2,12,0,0,0,1,48,79925,6,1,0,0,3,0,999,999,0,0,0,0,0,0,0,0,0,0,0,0,0,0,3,3,60,1,1,8,1,0,0,1,98,99,1,1,98,"777777777777","777777777777","777777777777",0,0
48,481459,4,12,2,23,5,18,11,12,6,1,0,48,1,20,9,20009,2,2015,"1G1YC2D71F51","1","G","1","Y","C","2","D","7","1","F","5","1",0,0,0,"000000000","00000000000",0,0,0,1,0,0,0,0,0,0,0,998,0,1,1,6,6,2,12,0,0,0,1,48,79904,6,1,0,0,3,0,999,999,1,0,0,3,1,7,2011,9,2014,0,0,0,0,0,3,3,60,1,1,8,1,0,0,1,98,99,1,1,98,"777777777777","777777777777","777777777777",0,0
48,481459,5,12,1,23,5,18,11,12,6,1,0,48,1,35,47,35047,4,2015,"1N4AL3AP1FC4","1","N","4","A","L","3","A","P","1","F","C","4",0,0,0,"000000000","00000000000",0,0,0,1,0,0,0,0,0,0,0,998,0,1,1,6,6,2,12,0,0,0,1,48,79838,6,1,0,0,3,3,999,999,0,0,0,0,0,0,0,0,0,0,0,0,0,0,3,3,60,1,1,8,1,0,0,1,98,99,1,1,98,"777777777777","777777777777","777777777777",0,0
48,481459,6,12,2,23,5,18,11,12,6,1,0,35,2,20,481,20481,31,2014,"3GCPCREC6EG5","3","G","C","P","C","R","E","C","6","E","G","5",0,0,0,"000000000","00000000000",0,0,0,1,0,0,0,0,0,0,0,998,0,0,0,6,6,2,12,0,0,1,1,35,79912,6,1,0,0,3,0,69,175,98,0,1,0,0,10,2011,10,2011,0,0,0,0,0,3,3,60,1,1,8,1,0,0,1,53,99,1,1,98,"777777777777","777777777777","777777777777",0,0
48,481459,7,12,2,23,5,18,11,12,6,1,0,48,2,59,31,59031,4,2010,"JTHBK1EG1A23","J","T","H","B","K","1","E","G","1","A","2","3",0,0,0,"000000000","00000000000",0,0,0,1,0,0,0,0,0,0,0,998,0,0,0,98,8,2,12,0,0,1,1,48,79912,6,1,0,0,3,3,999,999,0,0,0,0,0,0,0,0,0,0,0,0,0,0,3,3,60,1,1,8,1,0,0,1,98,99,1,1,98,"777777777777","777777777777","777777777777",2,0
48,481459,8,12,4,23,5,18,11,12,6,1,0,35,2,12,37,12037,4,2003,"1FAFP38Z93W2","1","F","A","F","P","3","8","Z","9","3","W","2",0,0,0,"000000000","00000000000",0,0,0,1,0,0,0,0,0,0,0,998,0,0,0,6,6,2,12,0,0,0,1,35,79932,6,1,0,0,3,0,67,155,98,0,0,0,0,0,0,0,0,0,0,0,0,0,3,3,60,1,1,8,1,0,0,1,98,99,1,1,98,"777777777777","777777777777","777777777777",0,0
48,481459,9,12,1,23,5,18,11,12,6,1,0,48,1,12,481,12481,31,2006,"1FTPW14V96FB","1","F","T","P","W","1","4","V","9","6","F","B",0,0,0,"000000000","00000000000",0,0,0,1,0,0,0,0,0,0,0,998,0,0,0,61,2,5,12,0,0,0,1,48,79932,6,1,0,0,3,0,999,999,0,0,0,3,0,12,2011,10,2015,0,0,0,0,0,3,3,60,1,1,8,1,0,0,1,98,99,1,1,98,"777777777777","777777777777","777777777777",0,0
48,481459,10,12,1,23,5,18,11,12,6,1,0,48,2,12,481,12481,31,2004,"1FTPW145X4FA","1","F","T","P","W","1","4","5","X","4","F","A",0,0,0,"000000000","00000000000",0,0,0,1,0,0,0,0,0,0,0,998,0,0,0,81,8,2,12,0,0,0,1,48,79903,6,1,0,0,3,3,999,999,0,0,0,0,0,0,0,0,0,0,0,0,0,0,3,3,60,1,1,8,1,0,0,1,98,99,1,1,98,"777777777777","777777777777","777777777777",0,0
48,481459,11,12,1,23,5,18,11,12,6,1,0,48,2,51,881,51881,66,2015,"4V4NC9EH6FN1","4","V","4","N","C","9","E","H","6","F","N","1",1,1,57,"2390901","572390901",3,6,1,1,0,0,0,0,0,0,0,998,0,0,0,98,8,5,12,0,0,0,1,48,79927,6,1,6,0,3,3,999,999,0,16,0,0,4,10,2012,1,2016,0,0,0,0,0,3,3,60,1,1,8,1,0,0,1,98,99,1,1,98,"999999999999","777777777777","777777777777",0,0
48,481459,12,12,1,23,5,18,11,12,6,1,0,1,1,20,9,20009,2,2011,"2G1FE1ND6B91","2","G","1","F","E","1","N","D","6","B","9","1",0,0,0,"000000000","00000000000",0,0,0,1,0,0,0,0,0,0,0,998,0,0,0,98,8,5,12,0,0,0,1,1,79912,6,1,0,0,3,0,67,155,0,0,0,0,0,0,0,0,0,0,0,0,0,0,3,3,60,1,1,8,1,0,0,1,98,99,1,1,98,"777777777777","777777777777","777777777777",0,0
48,481460,1,2,3,26,5,10,12,12,6,1,0,48,1,20,2,20002,4,2015,"2G1125S39F92","2","G","1","1","2","5","S","3","9","F","9","2",0,0,0,"000000000","00000000000",0,0,0,1,0,0,0,0,0,0,0,998,0,0,0,12,6,2,12,32,0,0,1,48,76401,6,1,0,0,3,3,999,999,0,0,0,0,0,0,0,0,0,0,39,0,0,0,5,5,45,1,1,8,1,3,3,1,17,99,1,1,88,"777777777777","777777777777","777777777777",1,0
48,481460,2,2,1,26,5,10,12,12,6,1,0,48,1,12,481,12481,31,2005,"1FTRF02225KF","1","F","T","R","F","0","2","2","2","5","K","F",0,0,0,"000000000","00000000000",0,0,0,1,0,0,0,0,0,0,0,998,0,0,0,11,2,3,12,0,0,0,1,48,76446,6,1,0,0,3,0,999,999,0,0,0,0,0,0,0,0,0,0,0,0,0,0,5,5,98,8,8,8,98,3,3,1,66,99,1,1,89,"777777777777","777777777777","777777777777",0,0
48,481461,1,1,1,3,6,16,53,8,0,1,0,48,1,12,481,12481,31,2004,"1FTPW12534KC","1","F","T","P","W","1","2","5","3","4","K","C",0,0,0,"000000000","00000000000",0,0,0,1,0,0,0,0,0,0,0,998,0,0,0,12,2,3,8,0,0,0,1,48,75217,6,1,0,0,3,0,999,999,0,0,0,0,0,0,0,0,0,0,0,0,0,0,2,3,35,1,1,8,1,0,0,1,80,99,1,1,13,"777777777777","777777777777","777777777777",0,0
48,481462,1,1,1,4,6,2,0,9,0,1,1,48,9,2,404,2404,14,2004,"1J4GX48S34C3","1","J","4","G","X","4","8","S","3","4","C","3",0,0,0,"000000000","00000000000",0,0,0,1,0,0,0,0,0,0,0,998,0,0,0,12,2,3,9,0,0,0,1,99,99999,9,9,99,9,9,9,999,999,99,99,99,99,99,99,9999,99,9999,0,0,0,0,0,5,5,35,1,1,8,1,0,0,99,11,99,1,2,13,"777777777777","777777777777","777777777777",0,0
48,481463,1,1,1,5,6,4,40,8,0,1,1,99,9,99,999,99999,99,9999,"999999999999","9","9","9","9","9","9","9","9","9","9","9","9",0,0,99,"999999999","99999999999",9,99,99,1,0,0,0,0,99,99,9,999,0,0,0,99,9,5,8,99,99,0,1,99,99999,9,9,99,9,9,9,999,999,99,99,99,99,99,99,9999,99,9999,9,99,99,99,99,4,3,45,1,1,8,1,0,0,1,82,99,1,9,13,"777777777777","777777777777","777777777777",0,0
48,481464,1,2,2,6,6,20,11,12,2,1,0,48,1,12,481,12481,31,2001,"3FTNX20F71MA","3","F","T","N","X","2","0","F","7","1","M","A",0,0,0,"000000000","00000000000",0,0,0,1,0,0,0,0,0,0,0,998,0,0,0,12,6,2,12,0,0,0,1,48,76844,6,1,0,0,3,3,999,999,0,0,0,0,0,0,0,0,0,0,0,0,0,0,1,2,75,1,1,8,1,0,0,1,61,6,1,4,50,"777777777777","777777777777","777777777777",2,0
48,481464,2,2,4,6,6,20,11,12,2,1,0,48,0,12,880,12880,67,2015,"1FT8W3DT0FED","1","F","T","8","W","3","D","T","0","F","E","D",0,0,88,"888888888","88888888888",2,1,97,1,0,0,0,0,0,0,0,998,0,0,0,12,6,2,12,0,0,0,1,48,76874,6,1,0,0,3,3,999,999,0,0,0,0,0,0,0,0,0,0,0,0,0,0,1,2,75,1,1,8,1,0,0,1,62,7,1,4,51,"777777777777","777777777777","777777777777",0,0
48,481465,1,1,1,7,6,23,14,42,0,1,0,48,1,23,481,23481,31,2015,"3GTP1UEC1FG1","3","G","T","P","1","U","E","C","1","F","G","1",0,0,0,"000000000","00000000000",0,0,0,1,0,0,0,0,0,0,0,998,0,1,5,11,6,2,1,0,0,0,1,48,75771,6,1,0,0,3,3,999,999,1,0,0,2,0,10,2011,7,2013,0,0,0,0,0,1,2,60,3,1,8,1,0,0,14,13,99,1,4,1,"777777777777","777777777777","777777777777",1,1
48,481466,1,2,1,8,6,16,41,5,0,1,0,48,2,87,881,87881,66,2001,"1XP5DB9XX1D5","1","X","P","5","D","B","9","X","X","1","D","5",1,1,57,"2053806","572053806",3,6,1,1,0,0,0,0,0,0,0,998,0,0,0,7,2,5,54,0,0,0,1,48,76458,6,1,6,0,3,0,999,999,0,1,0,0,0,9,2011,9,2011,0,0,0,0,0,1,2,45,1,1,8,1,0,0,1,60,99,1,1,98,"5MC424012E31","777777777777","777777777777",0,0
48,481466,2,2,1,8,6,16,41,5,0,1,0,48,1,98,706,98706,80,2007,"5J11YBJB47W0","5","J","1","1","Y","B","J","B","4","7","W","0",0,0,0,"000000000","00000000000",0,0,0,1,0,0,0,0,0,0,0,998,0,0,0,0,8,2,5,0,0,0,1,48,76020,6,1,0,0,3,3,999,999,1,6,0,0,0,10,2011,3,2016,0,0,0,0,0,1,2,45,1,1,8,1,0,0,6,9,99,3,2,0,"777777777777","777777777777","777777777777",1,0
48,481467,1,2,1,8,6,12,58,12,6,1,0,48,2,22,441,22441,20,2000,"1GMDX03E0YD2","1","G","M","D","X","0","3","E","0","Y","D","2",0,0,0,"000000000","00000000000",0,0,0,1,0,0,0,0,0,0,0,998,0,0,0,12,6,2,12,0,0,0,1,24,75702,6,1,0,0,3,0,72,220,0,0,0,0,2,10,2011,10,2011,0,39,0,0,0,2,3,55,1,1,8,1,3,3,1,17,99,1,1,88,"777777777777","777777777777","777777777777",1,0
48,481467,2,2,1,8,6,12,58,12,6,1,0,48,3,84,884,84884,64,2012,"1HTWGAAR4CJ5","1","H","T","W","G","A","A","R","4","C","J","5",0,0,57,"2094726","572094726",3,1,3,1,0,0,0,0,0,0,0,998,0,0,0,9,6,2,12,0,0,0,1,48,75704,6,1,6,0,3,0,999,999,1,0,0,0,3,8,2012,10,2012,0,0,0,0,0,4,2,98,8,8,8,98,3,3,1,66,99,1,1,89,"777777777777","777777777777","777777777777",0,0
48,481468,1,2,1,8,6,5,0,57,0,1,0,93,3,82,881,82881,66,2014,"3AKJGEDV5ESF","3","A","K","J","G","E","D","V","5","E","S","F",1,1,57,"312241","57312241",3,6,1,1,0,0,0,0,0,0,0,998,0,0,0,12,2,3,12,0,0,0,1,48,77008,6,1,6,0,3,3,999,999,0,0,0,0,1,9,2013,9,2013,0,0,0,0,0,3,2,75,2,1,8,1,0,0,14,60,99,1,1,98,"3H3V532C5ET3","777777777777","777777777777",0,0
48,481468,2,2,1,8,6,5,0,57,0,1,0,48,2,22,401,22401,14,2003,"3G7DB03E33S5","3","G","7","D","B","0","3","E","3","3","S","5",0,0,0,"000000000","00000000000",0,0,0,1,0,0,0,0,0,0,0,998,0,0,0,12,6,2,12,0,0,0,1,48,78516,6,1,0,0,3,0,999,999,0,0,0,0,0,0,0,0,0,0,58,0,0,0,3,2,75,2,1,8,1,0,0,14,10,7,4,4,7,"777777777777","777777777777","777777777777",1,0
48,481469,1,3,1,9,6,13,30,12,2,1,0,48,1,23,481,23481,31,2007,"1GTHK23D47F1","1","G","T","H","K","2","3","D","4","7","F","1",1,1,0,"000000000","00000000000",0,0,0,1,0,0,0,0,0,0,0,998,0,1,5,12,6,2,12,0,0,0,1,48,75033,6,1,0,0,3,0,999,999,1,3,0,1,0,7,2012,10,2015,0,28,51,0,0,1,2,70,2,1,8,1,0,0,14,10,99,1,2,50,"5J2US1225FE0","777777777777","777777777777",0,0
48,481469,2,3,2,9,6,13,30,12,2,1,0,48,1,12,471,12471,30,2000,"1FTYR14V1YPB","1","F","T","Y","R","1","4","V","1","Y","P","B",0,0,0,"000000000","00000000000",0,0,0,1,0,0,0,0,0,0,0,998,0,0,0,12,6,2,12,0,0,0,1,48,76134,6,1,0,0,3,3,999,999,0,0,0,0,0,0,0,0,0,0,0,0,0,0,1,2,70,3,1,8,1,0,0,14,62,99,1,1,51,"777777777777","777777777777","777777777777",2,0
48,481469,3,3,1,9,6,13,30,12,2,1,0,48,1,12,481,12481,31,2003,"1FTSW31P93EC","1","F","T","S","W","3","1","P","9","3","E","C",1,2,88,"888888888","88888888888",2,4,97,1,0,0,0,0,0,0,0,998,0,0,0,0,2,3,12,0,0,0,1,48,77856,6,1,6,0,3,3,999,999,1,0,0,0,1,11,2011,3,2012,0,0,0,0,0,1,2,70,3,1,8,1,0,0,14,62,9,1,6,98,"888888888888","777777777777","777777777777",0,0
48,481470,1,1,2,9,6,0,34,42,0,1,0,48,1,35,48,35048,2,2008,"JN1BZ34D68M7","J","N","1","B","Z","3","4","D","6","8","M","7",0,0,0,"000000000","00000000000",0,0,0,1,0,0,0,0,0,0,0,998,0,0,0,12,6,2,42,0,0,0,1,48,77657,6,1,0,0,3,0,999,999,0,0,0,0,0,0,0,0,0,0,39,0,0,0,1,2,30,1,1,8,1,20,3,1,12,99,1,4,6,"777777777777","777777777777","777777777777",2,0
48,481471,1,2,2,9,6,11,33,12,6,1,0,48,2,37,32,37032,4,2002,"1HGCG16572A0","1","H","G","C","G","1","6","5","7","2","A","0",0,0,0,"000000000","00000000000",0,0,0,1,0,0,0,0,0,0,0,998,0,0,0,12,6,2,12,0,0,0,1,48,77356,0,0,0,0,0,0,999,999,0,30,0,0,6,8,2011,4,2016,0,28,0,0,0,1,2,60,2,1,8,1,0,0,14,10,99,1,2,64,"777777777777","777777777777","777777777777",1,0
48,481471,2,2,2,9,6,11,33,12,6,1,0,48,3,82,881,82881,66,2000,"1FUY3MCB8YDG","1","F","U","Y","3","M","C","B","8","Y","D","G",1,1,57,"1809397","571809397",3,6,4,1,0,0,0,0,0,0,0,998,0,0,0,7,6,2,12,0,0,0,1,48,77377,6,1,6,0,3,0,999,999,0,0,0,0,0,0,0,0,0,0,0,0,0,0,1,2,60,3,1,8,1,0,0,14,62,7,1,1,65,"888888888888","777777777777","777777777777",0,0
48,481472,1,1,99,10,6,23,45,8,0,1,1,99,9,99,999,99999,99,9999,"999999999999","9","9","9","9","9","9","9","9","9","9","9","9",0,0,99,"999999999","99999999999",9,99,99,1,0,0,0,0,99,99,9,999,0,0,0,12,9,5,8,99,99,0,1,99,99999,9,9,99,9,9,9,999,999,99,99,99,99,99,99,9999,99,9999,9,99,99,99,99,2,3,35,1,1,8,1,0,0,1,80,99,1,1,13,"777777777777","777777777777","777777777777",0,0
48,481473,1,1,1,10,6,23,7,8,0,1,0,48,2,7,472,7472,30,2001,"1B7GL22X41S2","1","B","7","G","L","2","2","X","4","1","S","2",0,0,0,"000000000","00000000000",0,0,0,1,0,0,0,0,0,0,0,998,0,0,0,12,2,3,8,0,0,0,1,48,77901,6,1,0,0,3,0,999,999,0,0,0,0,0,0,0,0,0,3,38,91,0,0,5,5,35,1,1,8,1,0,0,1,80,99,1,1,13,"777777777777","777777777777","777777777777",0,0
48,481474,1,2,1,11,6,21,39,12,2,1,0,48,3,51,881,51881,66,2013,"4V4NC9EH7DN1","4","V","4","N","C","9","E","H","7","D","N","1",1,1,57,"36647","5736647",3,6,2,2,2,1203,3,1,0,0,0,998,0,0,0,12,6,2,12,0,0,0,1,48,78596,6,1,6,1,3,1,999,999,0,0,0,0,0,0,0,0,0,0,0,0,0,0,3,3,75,1,1,8,1,0,0,1,54,99,1,1,52,"5HTAB442067H","777777777777","777777777777",0,0
48,481474,2,2,1,11,6,21,39,12,2,1,0,48,2,37,31,37031,2,2005,"1HGEM22795L0","1","H","G","E","M","2","2","7","9","5","L","0",0,0,0,"000000000","00000000000",0,0,0,1,0,0,0,0,0,0,0,998,0,0,0,12,6,2,12,0,0,0,1,48,78542,6,1,0,0,3,0,999,999,0,0,0,0,0,0,0,0,0,0,51,0,0,0,3,3,75,1,1,8,1,0,0,1,54,99,1,1,52,"777777777777","777777777777","777777777777",1,1
48,481475,1,2,1,11,6,13,41,12,6,1,0,48,1,38,472,38472,30,1996,"1GGCS1448T87","1","G","G","C","S","1","4","4","8","T","8","7",0,0,0,"000000000","00000000000",0,0,0,1,0,0,0,0,0,0,0,998,0,1,5,3,6,2,1,0,0,0,1,48,76624,6,1,0,0,3,3,999,999,0,0,0,0,0,0,0,0,0,0,38,0,0,0,1,2,75,1,2,8,1,0,0,11,15,99,1,7,68,"777777777777","777777777777","777777777777",1,0
48,481475,2,2,4,11,6,13,41,12,6,1,0,48,1,20,422,20422,15,2007,"1GNFC16067R2","1","G","N","F","C","1","6","0","6","7","R","2",0,0,0,"000000000","00000000000",0,0,0,1,0,0,0,0,0,0,0,998,0,1,5,12,6,2,12,0,0,0,1,48,75860,6,1,0,0,3,0,999,999,0,0,0,0,0,0,0,0,0,0,0,0,0,0,1,2,75,1,2,8,1,0,0,1,62,7,1,6,69,"777777777777","777777777777","777777777777",0,0
48,481476,1,2,1,11,6,22,45,12,2,1,0,48,3,86,881,86881,66,2015,"1M1AN09Y7FM0","1","M","1","A","N","0","9","Y","7","F","M","0",1,1,57,"1935441","571935441",3,6,2,1,0,0,0,0,0,0,0,998,0,1,1,12,6,2,12,0,0,0,1,48,77803,6,1,6,1,3,0,999,999,0,0,0,0,0,0,0,0,0,0,0,0,0,0,1,2,70,1,1,8,1,0,0,1,62,99,1,1,51,"1E9X6T426FC5","777777777777","777777777777",0,0
48,481476,2,2,1,11,6,22,45,12,2,1,0,48,2,58,35,58035,4,2001,"JNKCA31A31T0","J","N","K","C","A","3","1","A","3","1","T","0",0,0,0,"000000000","00000000000",0,0,0,1,0,0,0,0,0,0,0,998,0,0,0,12,6,2,12,0,0,0,1,48,77845,6,1,0,0,3,0,999,999,1,1,0,1,0,11,2013,2,2016,0,28,51,0,0,1,2,70,1,1,8,1,0,0,1,10,99,1,2,50,"777777777777","777777777777","777777777777",1,0
48,481477,1,2,1,12,6,21,5,12,6,1,0,48,2,42,47,42047,2,2009,"WDBTJ72H39F2","W","D","B","T","J","7","2","H","3","9","F","2",0,0,0,"000000000","00000000000",0,0,0,1,0,0,0,0,0,0,0,62,0,0,0,12,6,2,12,0,0,0,1,48,75254,6,1,0,0,3,0,999,999,1,17,1,1,1,5,2014,4,2016,3,23,0,0,0,2,3,40,1,1,8,1,0,0,1,72,99,1,1,83,"777777777777","777777777777","777777777777",0,0
48,481477,2,2,4,12,6,21,5,12,6,1,0,48,1,37,32,37032,4,1999,"JHMCG5655XC0","J","H","M","C","G","5","6","5","5","X","C","0",0,0,0,"000000000","00000000000",0,0,0,1,0,0,0,0,0,0,0,13,0,0,0,9,6,2,12,0,0,0,1,48,75287,6,1,0,0,3,3,999,999,0,0,0,0,0,0,0,0,0,0,0,0,0,0,0,0,0,0,0,0,0,0,0,11,15,99,1,7,82,"777777777777","777777777777","777777777777",1,0
48,481478,1,1,1,12,6,23,55,8,0,1,1,48,1,49,40,49040,4,2015,"4T1BF1FK3FU9","4","T","1","B","F","1","F","K","3","F","U","9",0,0,0,"000000000","00000000000",0,0,0,1,0,0,0,0,0,0,0,998,0,0,0,12,2,3,8,0,0,0,1,48,77084,6,1,0,0,3,3,999,999,1,0,0,0,0,9,2013,9,2013,0,0,0,0,0,2,3,40,1,1,8,1,0,0,1,80,99,1,1,13,"777777777777","777777777777","777777777777",0,0
48,481479,1,2,2,12,6,14,26,12,6,1,0,48,2,20,25,20025,4,2011,"1G1PF5S98B72","1","G","1","P","F","5","S","9","8","B","7","2",0,0,0,"000000000","00000000000",0,0,0,1,0,0,0,0,0,0,0,998,0,0,0,3,6,2,12,0,0,0,1,48,75426,6,2,0,0,3,3,999,99,0,0,0,0,0,0,0,0,0,4,0,0,0,0,1,2,70,1,1,8,6,0,0,1,6,99,9,2,64,"777777777777","777777777777","777777777777",2,0
48,481479,2,2,1,12,6,14,26,12,6,1,0,5,1,49,32,49032,4,2004,"2T1BR32E24C3","2","T","1","B","R","3","2","E","2","4","C","3",0,0,0,"000000000","00000000000",0,0,0,1,0,0,0,0,0,0,0,998,0,0,0,12,6,2,12,0,0,0,1,5,72204,6,1,0,0,3,0,60,115,0,0,0,0,0,0,0,0,0,0,0,0,0,0,1,2,70,1,1,8,6,0,0,1,62,99,1,1,65,"777777777777","777777777777","777777777777",0,0
48,481480,1,1,1,13,6,11,55,52,0,1,0,48,1,72,706,72706,80,2004,"1HD1JAB174Y0","1","H","D","1","J","A","B","1","7","4","Y","0",0,0,0,"000000000","00000000000",0,0,0,1,0,0,0,0,0,0,0,998,0,0,0,12,6,2,52,0,0,0,1,48,78251,6,1,0,0,3,3,999,999,0,0,0,0,0,0,0,0,0,4,99,99,99,99,4,2,45,2,3,8,1,0,0,14,12,99,1,4,6,"777777777777","777777777777","777777777777",1,0
48,481481,1,2,1,13,6,15,55,1,0,1,0,48,2,41,51,41051,4,2010,"JM1BL1SF7A12","J","M","1","B","L","1","S","F","7","A","1","2",0,0,0,"000000000","00000000000",0,0,0,1,0,0,0,0,0,0,0,998,0,0,0,3,6,2,12,0,0,0,1,48,78521,6,1,0,0,3,0,999,999,2,0,0,0,1,2,2013,11,2013,0,38,91,0,0,1,2,99,1,1,8,1,20,3,4,17,99,1,1,98,"777777777777","777777777777","777777777777",0,0
48,481481,2,2,1,13,6,15,55,1,0,1,0,48,0,53,705,53705,80,2003,"JS1VP53A2321","J","S","1","V","P","5","3","A","2","3","2","1",0,0,0,"000000000","00000000000",0,0,0,1,0,0,0,0,0,0,0,998,0,0,0,0,8,2,12,0,0,0,1,48,78521,6,1,0,0,2,0,999,999,0,0,0,0,0,0,0,0,0,0,0,0,0,0,1,2,30,1,1,8,1,0,0,1,66,16,9,1,98,"777777777777","777777777777","777777777777",1,0
48,481482,1,1,2,13,6,13,43,25,0,1,0,48,2,19,20,19020,6,2012,"3GYFNBE31CS6","3","G","Y","F","N","B","E","3","1","C","S","6",0,0,0,"000000000","00000000000",0,0,0,1,0,0,0,0,0,0,0,998,0,0,0,61,6,2,14,0,0,0,1,12,75070,1,1,0,0,2,0,70,999,0,1,0,2,1,9,2011,2,2016,0,0,0,0,0,3,3,70,2,1,8,1,0,0,14,12,99,1,4,6,"777777777777","777777777777","777777777777",0,0
48,481483,1,2,1,15,6,12,58,12,6,1,0,48,3,12,481,12481,31,2014,"1FTFX1EF8EKF","1","F","T","F","X","1","E","F","8","E","K","F",0,0,0,"000000000","00000000000",0,0,0,1,0,0,0,0,0,0,0,998,0,0,0,9,6,2,12,0,0,0,1,48,78372,6,1,0,0,3,0,999,999,0,0,0,1,0,3,2015,3,2015,0,38,0,0,0,1,2,99,1,1,8,1,20,3,1,17,99,1,1,89,"777777777777","777777777777","777777777777",0,0
48,481483,2,2,2,15,6,12,58,12,6,1,0,48,1,6,18,6018,4,2012,"1C3CCBAB3CN1","1","C","3","C","C","B","A","B","3","C","N","1",0,0,0,"000000000","00000000000",0,0,0,1,0,0,0,0,0,0,0,998,0,0,0,12,6,2,12,0,0,0,1,48,78145,6,1,0,0,3,0,999,999,1,0,0,0,1,12,2011,4,2012,0,0,0,0,0,1,2,60,1,1,8,1,0,0,1,66,99,1,1,88,"777777777777","777777777777","777777777777",1,0
48,481484,1,2,1,15,6,14,52,1,0,1,0,31,1,76,706,76706,80,2007,"JYAVP11E17A0","J","Y","A","V","P","1","1","E","1","7","A","0",0,0,0,"000000000","00000000000",0,0,0,1,0,0,0,0,0,0,0,998,0,0,0,0,8,2,1,0,0,0,1,31,68624,6,1,0,0,3,3,68,305,0,0,0,0,0,0,0,0,0,5,0,0,0,0,1,2,45,2,2,8,1,0,0,14,52,16,9,1,98,"777777777777","777777777777","777777777777",1,0
48,481484,2,2,1,15,6,14,52,1,0,1,0,48,1,72,706,72706,80,2005,"1HD1HBZ165K8","1","H","D","1","H","B","Z","1","6","5","K","8",0,0,0,"000000000","00000000000",0,0,0,1,0,0,0,0,0,0,0,998,0,0,0,98,0,5,54,0,0,0,1,48,78133,6,1,0,0,3,3,999,999,0,0,0,0,0,0,0,0,0,0,0,0,0,0,1,2,45,2,2,8,1,0,0,2,98,99,1,1,98,"777777777777","777777777777","777777777777",0,0
48,481485,1,1,1,15,6,2,2,59,0,1,0,48,2,12,16,12016,4,1999,"2FAFP74W5XX2","2","F","A","F","P","7","4","W","5","X","X","2",0,0,0,"000000000","00000000000",0,0,0,1,0,0,0,0,0,0,0,998,0,1,5,12,6,2,59,0,0,0,1,48,77590,1,1,0,0,2,0,60,207,0,10,0,0,1,3,2012,5,2016,0,0,0,0,0,5,5,45,1,1,8,1,0,0,1,12,99,1,4,6,"777777777777","777777777777","777777777777",1,1
48,481486,1,2,1,15,6,20,18,12,6,1,0,48,1,76,705,76705,80,2016,"JYARJ16E8GA0","J","Y","A","R","J","1","6","E","8","G","A","0",0,0,0,"000000000","00000000000",0,0,0,1,0,0,0,0,0,0,0,998,0,0,0,12,8,2,12,0,0,0,1,48,77060,6,1,0,0,2,0,70,247,0,1,0,0,0,2,2012,2,2012,4,0,0,0,0,5,7,45,1,1,1,1,0,0,1,66,99,1,1,88,"777777777777","777777777777","777777777777",1,0
48,481486,2,2,1,15,6,20,18,12,6,1,0,48,1,12,37,12037,5,2016,"1FAHP3N25CL3","1","F","A","H","P","3","N","2","5","C","L","3",0,0,0,"000000000","00000000000",0,0,0,1,0,0,0,0,0,0,0,998,0,0,0,9,6,2,12,0,0,0,1,48,77060,0,0,0,0,0,0,999,999,0,0,0,0,0,0,0,0,0,0,38,0,0,0,1,2,99,1,1,1,1,20,3,4,17,99,2,2,89,"777777777777","777777777777","777777777777",0,0