"STATE","ST_CASE","VEH_NO","VE_FORMS","NUMOCCS","DAY","MONTH","HOUR","MINUTE","HARM_EV","MAN_COLL","UNITTYPE","HIT_RUN","REG_STAT","OWNER","MAKE","MODEL","MAK_MOD","BODY_TYP","MOD_YEAR","VIN","VIN_1","VIN_2","VIN_3","VIN_4","VIN_5","VIN_6","VIN_7","VIN_8","VIN_9","VIN_10","VIN_11","VIN_12","TOW_VEH","J_KNIFE","MCARR_I1","MCARR_I2","MCARR_ID","GVWR","V_CONFIG","CARGO_BT","HAZ_INV","HAZ_PLAC","HAZ_ID","HAZ_CNO","HAZ_REL","BUS_USE","SPEC_USE","EMER_USE","TRAV_SP","UNDERIDE","ROLLOVER","ROLINLOC","IMPACT1","DEFORMED","TOWED","M_HARM","VEH_SC1","VEH_SC2","FIRE_EXP","DR_PRES","L_STATE","DR_ZIP","L_STATUS","L_TYPE","CDL_STAT","L_ENDORS","L_COMPL","L_RESTRI","DR_HGT","DR_WGT","PREV_ACC","PREV_SUS","PREV_DWI","PREV_SPD","PREV_OTH","FIRST_MO","FIRST_YR","LAST_MO","LAST_YR","SPEEDREL","DR_SF1","DR_SF2","DR_SF3","DR_SF4","VTRAFWAY","VNUM_LAN","VSPD_LIM","VALIGN","VPROFILE","VPAVETYP","VSURCOND","VTRAFCON","VTCONT_F","P_CRASH1","P_CRASH2","P_CRASH3","PCRASH4","PCRASH5","ACC_TYPE","TRLR1VIN","TRLR2VIN","TRLR3VIN","DEATHS","DR_DRINK"
48,481487,1,1,1,15,6,22,55,8,0,1,0,48,1,35,43,35043,4,2014,"3N1AB7AP1EY2","3","N","1","A","B","7","A","P","1","E","Y","2",0,0,0,"000000000","00000000000",0,0,0,1,0,0,0,0,0,0,0,998,0,0,0,12,2,3,8,0,0,0,1,48,77060,6,1,0,0,3,0,999,999,0,0,0,0,0,0,0,0,0,0,0,0,0,0,1,2,45,1,1,8,1,0,0,1,80,99,1,1,13,"777777777777","777777777777","777777777777",0,0
48,481488,1,1,1,15,6,22,53,8,0,1,0,48,1,6,441,6441,20,1999,"1C4GP64L0XB5","1","C","4","G","P","6","4","L","0","X","B","5",0,0,0,"000000000","00000000000",0,0,0,1,0,0,0,0,0,0,0,998,0,0,0,12,2,5,8,0,0,0,1,48,75156,6,1,0,0,3,0,999,999,0,0,0,0,0,0,0,0,0,0,0,0,0,0,3,2,45,1,3,8,1,0,0,1,80,1,1,1,13,"777777777777","777777777777","777777777777",0,0
48,481489,1,2,1,15,6,6,2,12,2,1,0,48,2,7,472,7472,30,1993,"1B7GL23Y3PS2","1","B","7","G","L","2","3","Y","3","P","S","2",0,0,0,"000000000","00000000000",0,0,0,1,0,0,0,0,0,0,0,998,0,0,0,12,6,2,12,0,0,0,1,48,76692,6,1,0,0,3,0,999,999,0,1,0,0,0,8,2014,8,2014,0,38,0,0,0,1,2,60,1,1,8,1,0,0,11,15,99,1,1,68,"777777777777","777777777777","777777777777",0,0
48,481489,2,2,1,15,6,6,2,12,2,1,0,48,1,37,706,37706,80,2004,"1HFSC18004A8","1","H","F","S","C","1","8","0","0","4","A","8",0,0,0,"000000000","00000000000",0,0,0,1,0,0,0,0,0,0,0,998,0,0,0,12,8,2,12,0,0,0,1,48,76692,6,1,0,0,3,3,999,999,0,0,0,0,1,5,2014,5,2014,0,0,0,0,0,1,2,60,1,1,8,1,0,0,1,62,99,1,1,69,"777777777777","777777777777","777777777777",1,0
48,481490,1,2,1,15,6,22,11,12,6,1,0,48,2,51,46,51046,4,2005,"YV1MS3823521","Y","V","1","M","S","3","8","2","3","5","2","1",0,0,0,"000000000","00000000000",0,0,0,1,0,0,0,0,0,0,0,998,0,0,0,81,6,2,12,0,0,0,1,48,78665,6,1,0,0,3,0,999,999,0,0,0,0,0,0,0,0,0,0,28,0,0,0,5,5,55,1,1,8,1,0,0,1,9,99,4,2,66,"777777777777","777777777777","777777777777",1,0
48,481490,2,2,1,15,6,22,11,12,6,1,0,48,1,20,481,20481,31,2007,"3GCEC14X07G1","3","G","C","E","C","1","4","X","0","7","G","1",0,0,0,"000000000","00000000000",0,0,0,1,0,0,0,0,0,0,0,998,0,0,0,12,6,2,12,0,0,0,1,48,77845,6,1,6,0,3,0,999,999,0,0,0,0,0,0,0,0,0,0,0,0,0,0,5,5,55,1,1,8,1,0,0,1,62,99,1,1,66,"777777777777","777777777777","777777777777",0,0
48,481491,1,2,1,16,6,15,11,12,6,1,0,48,1,49,40,49040,4,2015,"4T1BF1FK2FU9","4","T","1","B","F","1","F","K","2","F","U","9",0,0,0,"000000000","00000000000",0,0,0,1,0,0,0,0,0,0,0,998,0,0,0,61,6,2,12,0,0,0,1,48,76227,6,1,0,0,3,3,999,999,1,0,0,0,0,8,2014,8,2014,0,38,0,0,0,0,0,0,0,0,0,0,0,0,4,17,99,1,1,89,"777777777777","777777777777","777777777777",1,0
48,481491,2,2,1,16,6,15,11,12,6,1,0,48,1,49,46,49046,4,2009,"JTDKB20UX978","J","T","D","K","B","2","0","U","X","9","7","8",0,0,0,"000000000","00000000000",0,0,0,1,0,0,0,0,0,0,0,998,0,0,0,12,6,2,12,0,0,0,1,48,76258,6,1,0,0,3,3,999,999,0,0,0,0,0,0,0,0,0,0,0,0,0,0,5,3,55,1,1,8,1,0,0,1,71,99,1,1,88,"777777777777","777777777777","777777777777",0,0
48,481492,1,2,1,16,6,0,6,12,1,1,0,48,2,7,422,7422,15,2015,"1C4RDHAG0FC1","1","C","4","R","D","H","A","G","0","F","C","1",0,0,0,"000000000","00000000000",0,0,0,1,0,0,0,0,0,0,0,998,0,0,0,12,6,2,12,0,0,0,1,48,77048,3,1,0,0,2,0,999,999,0,6,0,0,4,8,2012,5,2016,0,0,0,0,0,3,5,60,1,1,1,1,0,0,1,50,99,1,1,20,"777777777777","777777777777","777777777777",0,0
48,481492,2,2,2,16,6,0,6,12,1,1,0,48,2,12,23,12023,4,2013,"3FA6P0HR8DR1","3","F","A","6","P","0","H","R","8","D","R","1",0,0,0,"000000000","00000000000",0,0,0,1,0,0,0,0,0,0,0,0,0,0,0,6,6,2,12,0,0,0,1,48,99999,0,0,0,0,0,0,999,999,0,0,0,0,0,0,0,0,0,0,54,0,0,0,3,5,60,1,1,1,1,0,0,5,53,1,1,1,21,"777777777777","777777777777","777777777777",2,1
48,481493,1,1,1,16,6,2,17,30,0,1,0,48,1,42,54,42054,4,2015,"WDDSJ4EBXFN1","W","D","D","S","J","4","E","B","X","F","N","1",0,0,0,"000000000","00000000000",0,0,0,1,0,0,0,0,0,0,0,998,0,0,0,12,6,2,30,0,0,0,1,48,78570,6,1,0,0,3,3,999,999,0,0,0,2,0,9,2012,12,2014,5,39,0,0,0,1,2,99,1,2,8,1,20,3,1,17,99,1,4,14,"777777777777","777777777777","777777777777",1,1
48,481494,1,2,1,16,6,6,27,12,6,1,0,48,2,20,481,20481,31,2012,"3GCPCSE06CG1","3","G","C","P","C","S","E","0","6","C","G","1",0,0,0,"000000000","00000000000",0,0,0,1,0,0,0,0,0,0,0,998,0,1,2,3,6,2,12,0,0,0,1,48,77535,6,1,0,0,3,3,999,999,0,0,0,0,0,0,0,0,0,0,38,0,0,0,1,2,99,1,1,8,1,21,3,1,17,99,1,1,87,"777777777777","777777777777","777777777777",1,0
48,481494,2,2,1,16,6,6,27,12,6,1,0,48,3,12,17,12017,4,2013,"1FAHP2M8XDG1","1","F","A","H","P","2","M","8","X","D","G","1",0,0,0,"000000000","00000000000",0,0,0,1,0,0,0,0,0,5,0,998,0,0,0,12,6,2,12,0,0,0,1,48,77535,6,1,0,0,3,0,999,999,0,0,0,0,0,0,0,0,0,0,0,0,0,0,2,2,65,1,1,8,1,0,0,1,66,7,1,2,86,"777777777777","777777777777","777777777777",0,0
48,481495,1,1,1,16,6,3,20,8,0,1,0,48,1,20,481,20481,31,2011,"3GCPCTE09BG1","3","G","C","P","C","T","E","0","9","B","G","1",0,0,0,"000000000","00000000000",0,0,0,1,0,0,0,0,0,0,0,998,0,0,0,12,2,3,8,0,0,0,1,48,75410,1,1,0,0,2,0,999,999,0,13,0,0,0,5,2012,3,2016,0,0,0,0,0,3,2,75,1,2,8,1,0,0,1,80,1,1,1,13,"777777777777","777777777777","777777777777",0,0
48,481497,1,1,1,17,6,5,52,44,0,1,0,48,1,20,421,20421,15,2007,"1GNFC13J17R2","1","G","N","F","C","1","3","J","1","7","R","2",0,0,0,"000000000","00000000000",0,0,0,1,0,0,0,0,0,0,0,998,0,1,1,0,6,2,1,0,0,1,1,48,76106,0,0,0,0,0,0,999,999,0,1,0,0,2,8,2015,12,2015,5,82,0,0,0,3,2,40,1,4,1,1,0,0,1,98,99,1,1,0,"777777777777","777777777777","777777777777",1,0
48,481498,1,3,1,18,6,14,26,12,1,1,0,93,2,82,883,82883,66,2001,"1FUJA3CG81LG","1","F","U","J","A","3","C","G","8","1","L","G",1,1,57,"1FUJA3CG8","571FUJA3CG8",3,6,1,1,0,0,0,0,0,0,0,998,0,0,0,12,6,2,12,0,0,1,1,48,78840,6,1,6,0,3,3,999,999,0,0,0,0,2,11,2011,12,2012,5,0,0,0,0,2,2,70,1,1,8,1,0,0,1,50,16,9,1,20,"1UYVS2535YP8","777777777777","777777777777",0,0
48,481498,2,3,3,18,6,14,26,12,1,1,0,48,0,20,23,20023,6,2011,"3GNBAAFW7BS5","3","G","N","B","A","A","F","W","7","B","S","5",0,0,0,"000000000","00000000000",0,0,0,1,0,0,0,0,0,0,0,0,0,0,0,6,6,2,2,0,0,1,1,48,75561,6,1,0,0,3,0,999,999,0,0,0,0,0,0,0,0,0,0,0,0,0,0,2,2,70,1,1,8,1,0,0,5,53,1,1,1,21,"777777777777","777777777777","777777777777",2,0
48,481498,3,3,4,18,6,14,26,12,1,1,0,48,2,20,421,20421,15,2015,"1GNSCCKC2FR7","1","G","N","S","C","C","K","C","2","F","R","7",0,0,0,"000000000","00000000000",0,0,0,1,0,0,0,0,0,0,0,0,0,0,0,6,6,2,12,0,0,0,1,48,75570,6,1,0,0,3,0,999,999,0,0,0,1,0,4,2013,4,2013,0,0,0,0,0,2,2,70,1,1,8,1,0,0,5,53,1,1,1,98,"777777777777","777777777777","777777777777",0,0
48,481499,1,1,2,18,6,2,46,25,0,1,0,48,1,58,37,58037,2,2006,"JNKCV54E96M7","J","N","K","C","V","5","4","E","9","6","M","7",0,0,0,"000000000","00000000000",0,0,0,1,0,0,0,0,0,0,0,998,0,0,0,62,6,2,25,0,0,0,1,48,77090,6,1,0,0,3,0,999,999,0,0,0,0,1,2,2016,2,2016,0,0,0,0,0,4,2,45,2,1,1,1,0,0,14,12,99,1,4,6,"777777777777","777777777777","777777777777",1,1
48,481501,1,2,1,20,6,18,20,12,1,1,0,48,2,62,423,62423,15,2013,"SALAK2D40DA6","S","A","L","A","K","2","D","4","0","D","A","6",0,0,0,"000000000","00000000000",0,0,0,1,0,0,0,0,0,0,0,998,0,0,0,12,6,2,12,0,0,0,1,48,77802,6,2,0,0,3,3,999,999,0,0,0,0,0,0,0,0,0,5,0,0,0,0,3,2,75,1,2,8,1,0,0,15,52,16,9,2,28,"777777777777","777777777777","777777777777",0,0
48,481501,2,2,1,20,6,18,20,12,1,1,0,48,2,30,40,30040,4,2002,"3VWSP69MX2M1","3","V","W","S","P","6","9","M","X","2","M","1",0,0,0,"000000000","00000000000",0,0,0,1,0,0,0,0,0,0,0,998,0,0,0,6,6,2,12,0,0,0,1,48,77879,6,1,0,0,3,3,999,999,0,0,0,0,0,0,0,0,0,0,0,0,0,0,3,2,75,1,2,8,1,0,0,2,61,99,1,1,29,"777777777777","777777777777","777777777777",1,0
48,481502,1,2,2,21,6,20,10,12,2,1,0,48,0,18,3,18003,4,1997,"1G4CW52K4V46","1","G","4","C","W","5","2","K","4","V","4","6",0,0,0,"000000000","00000000000",0,0,0,1,0,0,0,0,0,0,0,998,0,0,0,12,6,2,12,0,0,0,1,48,75706,0,0,0,0,0,0,999,999,0,5,0,0,1,7,2011,12,2015,0,28,58,91,0,1,2,55,1,2,8,1,0,0,1,10,99,9,2,50,"777777777777","777777777777","777777777777",1,1
48,481502,2,2,2,21,6,20,10,12,2,1,0,48,1,35,49,35049,6,2006,"JN8AZ08T46W4","J","N","8","A","Z","0","8","T","4","6","W","4",0,0,0,"000000000","00000000000",0,0,0,1,0,0,0,0,0,0,0,998,0,0,0,12,6,2,12,0,0,0,1,48,75650,6,1,0,0,3,3,999,999,0,0,0,0,0,0,0,0,0,0,0,0,0,0,1,2,55,1,2,8,1,0,0,1,62,99,1,1,51,"777777777777","777777777777","777777777777",0,0
48,481503,1,1,1,21,6,3,47,8,0,1,0,48,1,12,481,12481,31,1998,"1FTRX17L6WNC","1","F","T","R","X","1","7","L","6","W","N","C",0,0,0,"000000000","00000000000",0,0,0,1,0,0,0,0,0,0,0,998,0,0,0,12,0,5,8,0,0,0,1,48,76134,6,1,6,0,3,0,999,999,1,0,0,0,0,3,2013,3,2013,0,0,0,0,0,0,0,0,0,0,0,0,0,0,98,82,1,1,4,98,"777777777777","777777777777","777777777777",0,0
48,481504,1,1,1,6,5,2,53,30,0,1,0,48,2,12,37,12037,4,2010,"1FAHP3FN3AW2","1","F","A","H","P","3","F","N","3","A","W","2",0,0,0,"000000000","00000000000",0,0,0,1,0,0,0,0,0,0,0,998,0,1,5,12,6,2,30,0,0,0,1,48,77089,1,1,0,0,2,0,999,999,0,14,0,2,0,7,2011,12,2015,0,0,0,0,0,2,3,65,1,1,8,1,0,0,1,13,99,9,4,1,"777777777777","777777777777","777777777777",1,0
48,481505,1,1,3,6,6,23,21,44,0,1,0,48,2,18,401,18401,14,2003,"3G5DA03E83S5","3","G","5","D","A","0","3","E","8","3","S","5",0,0,0,"000000000","00000000000",0,0,0,1,0,0,0,0,0,0,0,998,0,1,5,0,6,2,14,0,0,0,1,48,77060,0,0,0,0,0,0,999,999,0,0,0,0,0,0,0,0,0,5,0,0,0,0,1,2,30,1,2,8,1,0,0,1,98,99,9,4,0,"777777777777","777777777777","777777777777",1,1
48,481506,1,2,2,8,6,23,49,46,0,1,0,48,1,49,40,49040,4,2009,"4T1BE46K99U8","4","T","1","B","E","4","6","K","9","9","U","8",0,0,0,"000000000","00000000000",0,0,0,1,0,0,0,0,0,0,0,75,0,0,0,12,6,2,46,0,0,0,1,48,77386,6,1,0,0,3,0,999,999,0,0,0,0,0,0,0,0,0,3,36,91,0,0,4,5,45,1,2,8,1,3,3,1,14,99,1,4,14,"777777777777","777777777777","777777777777",1,1
48,481506,2,2,2,8,6,23,49,46,0,1,0,48,1,20,421,20421,15,2008,"1GNFC13098R2","1","G","N","F","C","1","3","0","9","8","R","2",0,0,0,"000000000","00000000000",0,0,0,1,0,0,0,0,0,0,0,998,0,0,0,12,6,2,12,0,0,0,1,48,77316,6,1,0,0,3,3,999,999,0,0,0,0,0,0,0,0,0,0,0,0,0,0,4,5,45,1,2,8,1,3,3,1,64,99,1,1,98,"777777777777","777777777777","777777777777",0,0
48,481507,1,1,1,12,6,7,25,8,0,1,1,48,2,7,482,7482,31,2001,"3B7KC23681G8","3","B","7","K","C","2","3","6","8","1","G","8",0,0,0,"000000000","00000000000",0,0,0,1,0,0,0,0,0,0,0,998,0,0,0,12,4,5,8,0,0,0,1,48,78263,6,1,0,0,3,0,999,999,0,0,0,0,0,0,0,0,0,0,28,0,0,0,1,2,45,1,1,8,1,0,0,1,11,99,1,4,13,"777777777777","777777777777","777777777777",0,0
48,481508,1,1,1,12,6,12,25,1,0,1,0,93,3,82,881,82881,66,2010,"1FUJGLDR1ALA","1","F","U","J","G","L","D","R","1","A","L","A",1,1,57,"1256919","571256919",3,6,1,1,0,0,0,0,0,0,0,998,0,9,5,0,6,2,1,0,0,0,1,48,75103,6,1,6,0,3,0,999,999,1,0,0,0,0,4,2012,4,2012,4,0,0,0,0,2,2,70,3,1,8,1,0,0,14,13,6,9,4,2,"1JJV532D4GL9","777777777777","777777777777",1,0
48,481509,1,5,99,16,6,22,12,8,0,1,1,99,9,99,999,99999,99,9999,"999999999999","9","9","9","9","9","9","9","9","9","9","9","9",0,0,0,"000000000","00000000000",0,0,0,1,0,0,0,0,0,0,0,998,0,0,0,98,8,5,8,0,0,0,1,99,99999,9,9,99,9,9,9,999,999,99,99,99,99,99,99,9999,99,9999,0,0,0,0,0,3,4,60,3,1,8,1,0,0,14,80,99,9,9,13,"777777777777","777777777777","777777777777",0,0
48,481509,2,5,2,16,6,22,12,8,0,1,0,48,1,24,7,24007,4,2004,"1G8AL52F34Z1","1","G","8","A","L","5","2","F","3","4","Z","1",0,0,0,"000000000","00000000000",0,0,0,1,0,0,0,0,0,0,0,998,0,0,0,12,0,5,8,0,0,0,1,48,79924,0,0,0,0,0,0,999,999,0,9,0,3,9,8,2011,11,2015,0,0,0,0,0,3,4,60,3,1,8,1,0,0,14,80,99,9,1,98,"777777777777","777777777777","777777777777",0,0
48,481509,3,5,1,16,6,22,12,8,0,1,0,93,3,84,884,84884,66,2010,"2HSCTAPR4AC2","2","H","S","C","T","A","P","R","4","A","C","2",0,0,99,"999999999","99999999999",3,5,96,1,0,0,0,0,0,0,0,998,0,0,0,12,0,5,8,0,0,0,1,48,78201,6,1,6,0,3,0,999,999,0,0,0,2,0,9,2011,5,2012,0,0,0,0,0,3,4,60,3,1,8,1,0,0,14,80,99,9,1,98,"777777777777","777777777777","777777777777",0,0
48,481509,4,5,1,16,6,22,12,8,0,1,0,48,1,35,472,35472,30,2009,"999999999999","9","9","9","9","9","9","9","9","9","9","9","9",0,0,0,"000000000","00000000000",0,0,0,1,0,0,0,0,0,0,0,998,0,0,0,12,0,5,8,0,0,0,1,48,79935,6,1,6,0,3,0,999,999,0,0,0,0,0,0,0,0,0,0,0,0,0,0,3,4,60,3,1,8,1,0,0,14,80,99,1,1,98,"777777777777","777777777777","777777777777",0,0
48,481509,5,5,2,16,6,22,12,8,0,1,0,48,2,34,34,34034,4,2007,"WBAVA33517KX","W","B","A","V","A","3","3","5","1","7","K","X",0,0,0,"000000000","00000000000",0,0,0,1,0,0,0,0,0,0,0,998,0,0,0,12,0,5,8,0,0,0,1,48,79938,6,1,0,0,3,0,999,999,1,0,0,0,0,3,2012,3,2012,0,0,0,0,0,3,4,60,3,1,8,1,0,0,14,80,99,9,1,98,"777777777777","777777777777","777777777777",0,0
48,481510,1,1,1,19,6,3,25,14,0,1,1,48,2,32,51,32051,4,2012,"WAU2GAFC1CN0","W","A","U","2","G","A","F","C","1","C","N","0",0,0,0,"000000000","00000000000",0,0,0,1,0,0,0,0,0,0,0,998,0,0,0,81,2,3,14,0,0,0,1,48,78257,6,1,0,0,3,3,999,999,0,0,0,1,0,8,2013,8,2013,0,28,0,0,0,3,4,70,1,1,8,1,0,0,1,13,99,1,4,11,"777777777777","777777777777","777777777777",0,1
48,481511,1,1,2,19,6,20,48,25,0,1,0,48,2,12,401,12401,14,2002,"1FMZU63K82ZC","1","F","M","Z","U","6","3","K","8","2","Z","C",0,0,0,"000000000","00000000000",0,0,0,1,0,0,0,0,0,0,0,998,0,1,1,7,6,2,25,0,0,0,1,48,75067,0,0,0,0,0,0,999,999,0,0,0,0,0,0,0,0,0,3,91,0,0,0,3,3,60,2,1,8,1,0,0,3,12,99,2,4,6,"777777777777","777777777777","777777777777",1,1
48,481512,1,1,1,19,6,17,28,59,0,1,0,48,0,23,421,23421,15,2003,"1GKEC13Z63R1","1","G","K","E","C","1","3","Z","6","3","R","1",0,0,0,"000000000","00000000000",0,0,0,1,0,0,0,0,0,0,0,998,0,1,5,98,6,2,1,0,0,0,1,48,77520,0,0,0,0,0,0,999,999,0,0,0,0,0,0,0,0,0,0,0,0,0,0,2,2,60,1,2,8,1,0,0,1,13,99,1,4,1,"777777777777","777777777777","777777777777",1,0
48,481513,1,1,1,19,6,4,15,1,0,1,0,48,2,23,481,23481,31,2001,"2GTEC19T8111","2","G","T","E","C","1","9","T","8","1","1","1",0,0,0,"000000000","00000000000",0,0,0,1,0,0,0,0,0,0,0,998,0,2,5,0,2,3,1,0,0,0,1,48,75670,6,1,0,0,3,0,999,999,0,0,0,0,0,0,0,0,0,0,58,0,0,0,1,2,60,1,1,8,1,0,0,1,13,6,2,4,6,"777777777777","777777777777","777777777777",1,1
48,481514,1,1,1,19,6,1,41,8,0,1,0,47,3,51,881,51881,66,2015,"4V4NC9DGXFN9","4","V","4","N","C","9","D","G","X","F","N","9",1,1,57,"757161","57757161",3,6,1,1,0,0,0,0,0,0,0,998,0,0,0,98,0,5,8,0,0,0,1,48,77303,6,1,6,0,3,3,999,999,0,0,0,0,0,0,0,0,0,0,0,0,0,0,3,4,60,1,1,8,1,0,0,1,80,99,1,1,13,"1UYVS248XDM7","777777777777","777777777777",0,0
48,481515,1,1,1,21,6,5,52,53,0,1,0,48,1,12,481,12481,31,1995,"1FTEX15N0SKB","1","F","T","E","X","1","5","N","0","S","K","B",0,0,0,"000000000","00000000000",0,0,0,1,0,0,0,0,0,0,0,998,0,1,5,12,6,2,1,0,0,0,1,48,78155,6,1,0,0,3,3,999,999,0,0,0,0,0,0,0,0,0,3,0,0,0,0,1,4,45,1,1,8,1,0,0,1,8,1,1,4,1,"777777777777","777777777777","777777777777",1,0
48,481516,1,1,2,21,6,18,50,33,0,1,0,48,1,7,442,7442,20,1998,"1B4GP54L9WB5","1","B","4","G","P","5","4","L","9","W","B","5",0,0,0,"000000000","00000000000",0,0,0,1,0,0,0,0,0,0,0,998,0,0,0,12,6,2,33,0,0,0,1,6,76179,6,1,0,0,3,0,74,170,0,0,0,0,0,0,0,0,0,0,80,0,0,0,3,8,98,8,8,8,98,0,0,1,1,99,9,4,2,"777777777777","777777777777","777777777777",1,0
48,481517,1,2,1,22,6,6,0,12,2,1,0,48,1,76,706,76706,80,2008,"JYARN20E48A0","J","Y","A","R","N","2","0","E","4","8","A","0",0,0,0,"000000000","00000000000",0,0,0,1,0,0,0,0,0,0,0,998,0,0,0,12,6,2,12,0,0,0,1,48,75603,6,1,0,0,3,0,999,999,0,0,0,0,0,0,0,0,0,0,0,0,0,0,1,2,50,1,1,8,1,0,0,1,62,99,1,1,69,"777777777777","777777777777","777777777777",1,0
48,481517,2,2,1,22,6,6,0,12,2,1,0,93,3,85,881,85881,66,2013,"1XKAA48X7DJ3","1","X","K","A","A","4","8","X","7","D","J","3",1,1,57,"1376563","571376563",3,6,1,1,0,0,0,0,0,0,0,998,0,0,0,12,2,3,12,0,0,0,1,48,75766,6,1,6,0,3,0,999,999,0,0,0,2,0,5,2013,4,2016,0,38,0,0,0,1,2,50,1,1,8,1,0,0,11,15,99,1,1,68,"1GRAA64136B7","777777777777","777777777777",0,0
48,481518,1,2,1,9,3,1,26,12,2,1,0,26,1,18,24,18024,6,2008,"5GAEV23758J2","5","G","A","E","V","2","3","7","5","8","J","2",0,0,0,"000000000","00000000000",0,0,0,1,0,0,0,0,0,0,0,998,0,0,0,12,2,3,12,0,0,0,1,26,75081,6,1,0,0,3,0,63,155,1,0,1,0,1,1,2014,10,2015,0,51,0,0,0,3,4,60,1,1,8,2,0,0,1,54,99,1,1,52,"777777777777","777777777777","777777777777",1,0
48,481518,2,2,1,9,3,1,26,12,2,1,0,48,0,18,2,18002,4,2002,"1G4HP54K92U1","1","G","4","H","P","5","4","K","9","2","U","1",0,0,0,"000000000","00000000000",0,0,0,1,0,0,0,0,0,0,0,998,0,0,0,12,6,2,12,0,0,0,1,48,75223,0,0,0,0,0,0,999,999,0,7,0,0,1,10,2011,2,2016,0,0,0,0,0,3,4,60,1,1,8,2,0,0,1,54,99,1,1,52,"777777777777","777777777777","777777777777",0,0
48,481519,1,2,3,22,1,17,30,12,6,1,0,48,1,35,47,35047,4,2014,"1N4AL3AP9EN3","1","N","4","A","L","3","A","P","9","E","N","3",0,0,0,"000000000","00000000000",0,0,0,1,0,0,0,0,0,0,0,998,0,0,0,9,6,2,12,0,0,0,1,48,75490,6,1,6,0,3,0,999,999,0,0,0,0,0,0,0,0,0,0,38,0,0,0,0,0,0,0,0,0,0,0,0,11,15,99,1,1,82,"777777777777","777777777777","777777777777",2,0
48,481519,2,2,1,22,1,17,30,12,6,1,0,48,1,18,23,18023,4,2011,"1G4HA5EM1BU1","1","G","4","H","A","5","E","M","1","B","U","1",0,0,0,"000000000","00000000000",0,0,0,1,0,0,0,0,0,0,0,998,0,0,0,12,6,2,12,0,0,0,1,48,75446,6,1,0,0,3,3,999,999,0,0,0,0,0,0,0,0,0,0,0,0,0,0,1,3,98,1,3,8,1,0,0,1,72,99,1,1,83,"777777777777","777777777777","777777777777",0,0
48,481520,1,2,1,16,2,8,28,12,6,1,0,48,1,22,32,22032,6,2003,"5Y2SL62893Z4","5","Y","2","S","L","6","2","8","9","3","Z","4",0,0,0,"000000000","00000000000",0,0,0,1,0,0,0,0,0,0,0,998,0,0,0,61,6,2,12,0,0,0,1,48,79915,6,1,0,0,3,3,999,999,0,0,0,0,0,0,0,0,0,0,39,0,0,0,1,2,98,1,8,2,98,3,3,11,15,99,1,1,82,"777777777777","777777777777","777777777777",1,0
48,481520,2,2,2,16,2,8,28,12,6,1,0,48,1,20,481,20481,31,2000,"1GCEK19T6YZ3","1","G","C","E","K","1","9","T","6","Y","Z","3",0,0,0,"000000000","00000000000",0,0,0,1,0,0,0,0,0,0,0,998,0,0,0,12,6,2,12,0,0,0,1,48,79905,6,1,0,0,3,0,999,999,1,0,0,2,0,8,2013,12,2013,0,0,0,0,0,5,5,40,1,1,2,1,3,3,1,67,99,1,1,83,"777777777777","777777777777","777777777777",0,0
48,481521,1,1,1,5,3,10,0,1,0,1,0,48,1,72,706,72706,80,2013,"1HD1KBM12DB6","1","H","D","1","K","B","M","1","2","D","B","6",0,0,0,"000000000","00000000000",0,0,0,1,0,0,0,0,0,0,0,998,0,0,0,0,8,5,1,0,0,0,1,48,75789,6,1,0,0,3,3,999,999,0,0,0,0,0,0,0,0,0,0,0,0,0,0,3,5,60,1,1,1,1,0,0,1,8,99,9,1,98,"777777777777","777777777777","777777777777",1,0
48,481522,1,1,1,1,4,1,1,33,0,1,0,48,2,20,481,20481,31,2008,"2GCEC1903812","2","G","C","E","C","1","9","0","3","8","1","2",0,0,0,"000000000","00000000000",0,0,0,1,0,0,0,0,0,0,0,998,0,0,0,62,6,2,33,0,0,0,1,48,78212,0,0,0,0,0,0,999,999,0,0,0,0,0,0,0,0,0,0,99,99,99,99,1,2,30,1,1,8,1,0,0,1,12,99,1,4,6,"777777777777","777777777777","777777777777",1,1
48,481524,1,1,3,22,5,4,25,1,0,1,0,48,2,12,422,12422,15,2003,"1FMRU15W53LB","1","F","M","R","U","1","5","W","5","3","L","B",0,0,0,"000000000","00000000000",0,0,0,1,0,0,0,0,0,0,0,998,0,9,5,0,6,2,1,0,0,0,1,48,79227,0,0,0,0,0,0,999,999,0,0,0,0,0,0,0,0,0,3,51,0,0,0,1,2,75,1,1,8,1,0,0,1,12,7,9,4,6,"777777777777","777777777777","777777777777",1,0
48,481525,1,4,1,22,5,0,49,1,0,1,0,48,2,20,481,20481,31,1993,"2GBEC19K2P12","2","G","B","E","C","1","9","K","2","P","1","2",0,0,0,"000000000","00000000000",0,0,0,1,0,0,0,0,0,0,0,998,0,1,3,0,6,2,1,0,0,0,1,48,78640,0,0,0,0,0,0,999,999,0,0,0,0,0,0,0,0,0,0,0,0,0,0,4,2,99,1,1,8,1,0,0,1,12,99,9,4,6,"777777777777","777777777777","777777777777",1,1