"STATE","ST_CASE","VEH_NO","VE_FORMS","NUMOCCS","DAY","MONTH","HOUR","MINUTE","HARM_EV","MAN_COLL","UNITTYPE","HIT_RUN","REG_STAT","OWNER","MAKE","MODEL","MAK_MOD","BODY_TYP","MOD_YEAR","VIN","VIN_1","VIN_2","VIN_3","VIN_4","VIN_5","VIN_6","VIN_7","VIN_8","VIN_9","VIN_10","VIN_11","VIN_12","TOW_VEH","J_KNIFE","MCARR_I1","MCARR_I2","MCARR_ID","GVWR","V_CONFIG","CARGO_BT","HAZ_INV","HAZ_PLAC","HAZ_ID","HAZ_CNO","HAZ_REL","BUS_USE","SPEC_USE","EMER_USE","TRAV_SP","UNDERIDE","ROLLOVER","ROLINLOC","IMPACT1","DEFORMED","TOWED","M_HARM","VEH_SC1","VEH_SC2","FIRE_EXP","DR_PRES","L_STATE","DR_ZIP","L_STATUS","L_TYPE","CDL_STAT","L_ENDORS","L_COMPL","L_RESTRI","DR_HGT","DR_WGT","PREV_ACC","PREV_SUS","PREV_DWI","PREV_SPD","PREV_OTH","FIRST_MO","FIRST_YR","LAST_MO","LAST_YR","SPEEDREL","DR_SF1","DR_SF2","DR_SF3","DR_SF4","VTRAFWAY","VNUM_LAN","VSPD_LIM","VALIGN","VPROFILE","VPAVETYP","VSURCOND","VTRAFCON","VTCONT_F","P_CRASH1","P_CRASH2","P_CRASH3","PCRASH4","PCRASH5","ACC_TYPE","TRLR1VIN","TRLR2VIN","TRLR3VIN","DEATHS","DR_DRINK"
48,481556,1,1,1,21,6,1,20,14,0,1,0,48,1,41,50,41050,4,2004,"1YVFP80C045N","1","Y","V","F","P","8","0","C","0","4","5","N",0,0,0,"000000000","00000000000",0,0,0,1,0,0,0,0,0,0,0,998,0,0,0,12,6,2,14,0,0,0,1,48,77577,6,1,0,0,3,3,72,290,0,0,0,0,0,0,0,0,0,0,91,89,0,0,3,3,65,1,1,8,1,0,0,1,11,1,1,4,11,"777777777777","777777777777","777777777777",0,0
48,481557,1,2,1,21,6,9,36,12,1,1,0,48,2,87,881,87881,66,1995,"1XP5DR9X8SD3","1","X","P","5","D","R","9","X","8","S","D","3",1,1,57,"1535786","571535786",3,6,4,1,0,0,0,0,0,0,0,998,0,0,0,6,2,5,12,0,0,0,1,48,75437,6,1,6,0,3,3,999,999,0,0,0,0,2,12,2011,11,2014,0,0,0,0,0,1,2,65,1,2,8,1,0,0,11,53,1,1,1,26,"000000000000","777777777777","777777777777",0,0
48,481557,2,2,1,21,6,9,36,12,1,1,0,48,2,12,471,12471,30,1999,"1FTYR14X4XPB","1","F","T","Y","R","1","4","X","4","X","P","B",0,0,0,"000000000","00000000000",0,0,0,1,0,0,0,0,0,0,0,998,0,0,0,12,6,2,12,0,0,0,1,48,75420,6,1,6,0,3,0,999,999,0,0,0,0,2,12,2013,12,2013,5,0,0,0,0,1,2,65,1,2,8,1,0,0,1,51,99,1,1,24,"777777777777","777777777777","777777777777",1,0
48,481558,1,1,1,21,6,22,50,33,0,1,0,48,0,53,705,53705,80,1995,"JS1GN72A3S21","J","S","1","G","N","7","2","A","3","S","2","1",0,0,0,"000000000","00000000000",0,0,0,1,0,0,0,0,0,0,0,998,0,0,0,12,6,2,42,0,0,0,1,48,76033,6,1,0,0,2,3,999,999,0,0,0,1,0,3,2014,3,2014,5,28,0,0,0,5,3,40,2,1,8,1,0,0,14,6,99,1,4,6,"777777777777","777777777777","777777777777",1,0
48,481559,1,3,1,21,6,11,0,1,0,1,0,48,3,86,881,86881,63,2009,"1M2AX13C99M0","1","M","2","A","X","1","3","C","9","9","M","0",0,0,57,"772407","57772407",3,2,7,1,0,0,0,0,0,0,0,998,0,2,1,0,6,2,1,0,0,0,1,48,76011,6,1,6,0,3,3,999,999,0,0,0,0,0,0,0,0,0,4,0,0,0,0,2,5,98,1,1,8,1,3,3,11,6,99,2,2,98,"777777777777","777777777777","777777777777",1,0
48,481559,2,3,1,21,6,11,0,1,0,1,0,48,3,86,881,86881,63,2007,"1M2AJ06Y57N0","1","M","2","A","J","0","6","Y","5","7","N","0",0,0,57,"846316","57846316",3,2,4,1,0,0,0,0,0,0,0,998,0,0,0,12,2,3,12,0,0,0,1,48,75228,6,1,6,0,3,3,999,999,0,0,0,0,0,0,0,0,0,0,0,0,0,0,2,2,30,1,1,8,1,3,3,1,62,99,1,1,98,"777777777777","777777777777","777777777777",0,0
48,481559,3,3,1,21,6,11,0,1,0,1,0,48,3,85,884,85884,66,2012,"1XKWD49X5CJ3","1","X","K","W","D","4","9","X","5","C","J","3",1,1,57,"1950289","571950289",3,6,4,1,0,0,0,0,0,0,0,0,0,0,0,63,2,5,12,0,0,0,1,48,75253,6,1,6,0,3,0,999,999,0,0,0,0,4,10,2012,4,2014,0,0,0,0,0,2,2,30,1,1,8,1,3,3,5,67,1,1,1,98,"5C2BB37B29M0","777777777777","777777777777",0,0
48,481560,1,1,1,22,6,20,57,9,0,1,0,48,3,7,881,7881,64,2015,"3C7WRMDJ0FG5","3","C","7","W","R","M","D","J","0","F","G","5",0,0,88,"888888888","88888888888",2,2,96,1,0,0,0,0,0,0,0,998,0,0,0,12,0,5,9,0,0,0,1,48,77088,6,1,0,0,3,3,999,999,0,0,0,2,1,8,2011,1,2016,5,0,0,0,0,1,2,15,1,1,1,1,0,0,1,85,99,1,1,13,"777777777777","777777777777","777777777777",0,0
48,481561,1,2,99,22,6,21,59,12,1,1,1,48,9,12,3,12003,2,2006,"1ZVFT80N6651","1","Z","V","F","T","8","0","N","6","6","5","1",0,0,0,"000000000","00000000000",0,0,0,1,0,0,0,0,0,0,0,998,0,0,0,12,6,2,12,0,0,0,1,99,99999,9,9,99,9,9,9,999,999,99,99,99,99,99,99,9999,99,9999,9,99,99,99,99,1,4,50,1,1,1,1,0,0,1,52,99,1,1,28,"777777777777","777777777777","777777777777",0,0
48,481561,2,2,5,22,6,21,59,12,1,1,0,48,2,49,49,49049,6,2006,"JTLKT3246640","J","T","L","K","T","3","2","4","6","6","4","0",0,0,0,"000000000","00000000000",0,0,0,1,0,0,0,0,0,0,0,998,0,0,0,6,6,2,12,0,0,0,1,48,77034,0,0,0,0,0,0,999,999,0,0,0,0,0,0,0,0,0,0,0,0,0,0,1,4,50,1,1,1,1,0,0,2,53,99,1,1,30,"777777777777","777777777777","777777777777",1,0
48,481562,1,3,1,22,6,8,12,12,1,1,0,19,3,7,482,7482,31,2016,"3C6UR5DL3GG3","3","C","6","U","R","5","D","L","3","G","G","3",0,0,0,"000000000","00000000000",0,0,0,1,0,0,0,0,0,0,0,998,0,0,0,12,6,2,12,0,0,0,1,48,76126,6,1,0,0,3,0,999,999,0,1,0,1,0,4,2013,2,2016,0,91,0,0,0,1,2,65,1,1,8,1,0,0,6,50,99,1,1,20,"777777777777","777777777777","777777777777",0,0
48,481562,2,3,2,22,6,8,12,12,1,1,0,6,2,37,421,37421,15,2006,"5FNYF18106B0","5","F","N","Y","F","1","8","1","0","6","B","0",0,0,0,"000000000","00000000000",0,0,0,1,0,0,0,0,0,0,0,0,0,1,9,6,6,2,12,0,0,0,1,6,95006,6,1,0,0,3,0,71,165,0,0,0,0,0,0,0,0,0,0,0,0,0,0,1,2,65,1,1,8,1,0,0,5,53,1,1,1,21,"777777777777","777777777777","777777777777",1,0
48,481562,3,3,1,22,6,8,12,12,1,1,0,48,1,12,3,12003,2,2005,"1ZVFT82H1552","1","Z","V","F","T","8","2","H","1","5","5","2",0,0,0,"000000000","00000000000",0,0,0,1,0,0,0,0,0,0,0,0,0,0,0,6,6,2,12,0,0,0,1,48,79022,6,7,0,0,3,2,999,999,0,0,0,0,0,0,0,0,0,0,73,0,0,0,1,2,65,1,1,8,1,0,0,5,53,1,1,1,98,"777777777777","777777777777","777777777777",0,0
48,481563,1,2,2,22,6,13,25,12,2,1,0,48,1,55,35,55035,4,2008,"KMHDU46D88U3","K","M","H","D","U","4","6","D","8","8","U","3",0,0,0,"000000000","00000000000",0,0,0,1,0,0,0,0,0,0,0,998,0,0,0,12,6,2,12,0,0,0,1,48,75964,6,1,0,0,3,0,999,999,0,0,0,0,0,0,0,0,0,0,28,51,0,0,5,4,55,1,2,8,1,0,0,1,10,99,1,2,50,"777777777777","777777777777","777777777777",1,0
48,481563,2,2,1,22,6,13,25,12,2,1,0,48,1,23,423,23423,15,2015,"1GKKRRKD9FJ2","1","G","K","K","R","R","K","D","9","F","J","2",0,0,0,"000000000","00000000000",0,0,0,1,0,0,0,0,0,0,0,998,0,0,0,12,6,2,12,0,0,0,1,48,75644,6,1,0,0,3,3,999,999,0,0,0,0,0,0,0,0,0,0,0,0,0,0,5,4,55,1,2,8,1,0,0,1,62,99,1,1,51,"777777777777","777777777777","777777777777",0,0
48,481564,1,1,1,23,6,6,29,42,0,1,0,48,1,35,473,35473,31,2006,"1N6BA07A16N5","1","N","6","B","A","0","7","A","1","6","N","5",0,0,0,"000000000","00000000000",0,0,0,1,0,0,0,0,0,0,0,998,0,0,0,12,6,2,42,0,0,0,1,48,78629,6,1,0,0,3,0,999,999,0,0,0,1,0,5,2013,5,2013,0,0,0,0,0,1,2,70,3,1,8,1,0,0,14,13,99,1,4,1,"777777777777","777777777777","777777777777",1,0
48,481565,1,2,1,23,6,2,0,1,0,1,0,48,1,37,706,37706,80,1996,"JH2SC2409TM5","J","H","2","S","C","2","4","0","9","T","M","5",0,0,0,"000000000","00000000000",0,0,0,1,0,0,0,0,0,0,0,998,0,0,0,0,8,2,1,0,0,0,1,48,77354,6,1,6,0,3,3,999,999,0,0,0,0,0,0,0,0,0,3,39,0,0,0,5,5,55,1,1,8,1,3,3,1,17,98,1,1,98,"777777777777","777777777777","777777777777",1,0
48,481565,2,2,2,23,6,2,0,1,0,1,0,48,2,63,32,63032,4,2015,"KNADM4A32F64","K","N","A","D","M","4","A","3","2","F","6","4",0,0,0,"000000000","00000000000",0,0,0,1,0,0,0,0,0,0,0,998,0,0,0,9,6,2,12,0,0,0,1,48,77384,6,1,0,0,3,0,999,999,0,0,0,0,0,0,0,0,0,0,0,0,0,0,2,3,98,8,8,8,98,3,3,11,66,99,1,1,98,"777777777777","777777777777","777777777777",0,0
48,481566,1,1,1,24,6,12,24,33,0,1,0,48,2,20,421,20421,15,2000,"1GNEC13T8YJ1","1","G","N","E","C","1","3","T","8","Y","J","1",0,0,0,"000000000","00000000000",0,0,0,1,0,0,0,0,0,0,0,998,0,0,0,12,6,2,42,0,0,0,1,48,77004,1,1,0,0,2,0,999,999,0,7,0,0,2,8,2011,2,2016,3,0,0,0,0,1,2,35,1,1,1,1,0,0,1,13,99,1,4,1,"777777777777","777777777777","777777777777",1,0
48,481567,1,3,1,25,6,21,18,12,7,1,0,48,2,12,481,12481,31,2003,"1FTRW08L83KB","1","F","T","R","W","0","8","L","8","3","K","B",0,0,0,"000000000","00000000000",0,0,0,1,0,0,0,0,0,0,0,998,0,0,0,1,6,2,12,0,0,0,1,48,78237,6,1,0,0,3,3,999,999,2,0,0,0,0,11,2011,1,2015,0,0,0,0,0,3,5,65,1,1,8,1,0,0,1,52,99,1,1,44,"777777777777","777777777777","777777777777",1,0
48,481567,2,3,2,25,6,21,18,12,7,1,0,48,2,49,402,49402,14,2015,"JTMZFREV0FD0","J","T","M","Z","F","R","E","V","0","F","D","0",0,0,0,"000000000","00000000000",0,0,0,1,0,0,0,0,0,0,0,998,0,0,0,7,6,2,12,0,0,0,1,48,78209,6,1,0,0,3,0,999,999,0,0,0,0,0,0,0,0,0,0,0,0,0,0,3,5,65,1,1,8,1,0,0,2,53,99,1,1,45,"777777777777","777777777777","777777777777",0,0
48,481567,3,3,2,25,6,21,18,12,7,1,0,48,2,98,981,98981,59,1999,"1BAANB7A1XF0","1","B","A","A","N","B","7","A","1","X","F","0",0,0,57,"2433096","572433096",3,21,22,1,0,0,0,0,98,0,0,0,0,0,0,6,6,2,12,0,0,0,1,48,78702,6,1,6,1,3,0,999,999,0,0,0,0,0,0,0,0,0,0,0,0,0,0,3,5,65,1,1,8,1,0,0,7,61,1,1,1,98,"777777777777","777777777777","777777777777",0,0
48,481568,1,1,3,25,6,21,16,8,0,1,0,48,2,23,421,23421,15,2004,"1GKEC16Z14R1","1","G","K","E","C","1","6","Z","1","4","R","1",0,0,0,"000000000","00000000000",0,0,0,1,0,0,0,0,0,0,0,998,0,0,0,12,6,2,8,0,0,0,1,48,77705,6,1,0,0,3,3,999,999,0,0,0,0,0,0,0,0,0,0,0,0,0,0,5,7,50,1,1,8,1,0,0,15,80,1,1,2,13,"777777777777","777777777777","777777777777",0,0
48,481569,1,2,99,25,6,17,36,12,7,1,1,99,9,99,999,99999,99,9999,"999999999999","9","9","9","9","9","9","9","9","9","9","9","9",0,0,99,"999999999","99999999999",9,99,99,1,0,0,0,0,99,99,9,999,0,0,0,7,9,5,12,0,0,0,1,99,99999,9,9,99,9,9,9,999,999,99,99,99,99,99,99,9999,99,9999,9,8,0,0,0,2,3,55,1,1,2,1,0,0,15,11,99,1,2,46,"777777777777","777777777777","777777777777",0,0
48,481569,2,2,1,25,6,17,36,12,7,1,0,48,0,73,706,73706,80,2005,"JKBVNCB1X5B5","J","K","B","V","N","C","B","1","X","5","B","5",0,0,0,"000000000","00000000000",0,0,0,1,0,0,0,0,0,0,0,998,0,0,0,61,8,2,12,0,0,0,1,48,76108,6,1,0,0,3,0,999,999,0,0,0,0,0,0,0,0,0,0,0,0,0,0,2,3,55,1,1,2,1,0,0,1,60,99,1,1,45,"777777777777","777777777777","777777777777",1,0
48,481570,1,2,1,26,6,1,45,12,1,1,1,48,2,63,34,63034,4,2004,"KNAGD1268453","K","N","A","G","D","1","2","6","8","4","5","3",0,0,0,"000000000","00000000000",0,0,0,1,0,0,0,0,0,0,0,998,0,0,0,12,6,2,12,0,0,0,1,48,78602,0,0,0,0,0,0,999,999,0,23,0,1,0,7,2011,6,2016,0,91,0,0,0,1,2,65,1,1,8,1,0,0,1,51,99,1,1,24,"777777777777","777777777777","777777777777",0,1
48,481570,2,2,2,26,6,1,45,12,1,1,0,48,1,72,706,72706,80,2008,"1HD1JA5128Y0","1","H","D","1","J","A","5","1","2","8","Y","0",0,0,0,"000000000","00000000000",0,0,0,1,0,0,0,0,0,0,0,998,0,0,0,6,8,2,12,0,0,0,1,48,78602,6,1,6,0,3,0,999,999,0,0,0,0,0,0,0,0,0,0,0,0,0,0,1,2,65,1,1,8,1,0,0,1,53,99,1,1,25,"777777777777","777777777777","777777777777",2,0
48,481571,1,3,1,26,6,13,5,12,6,1,1,48,2,37,32,37032,2,2003,"1HGCM826X3A0","1","H","G","C","M","8","2","6","X","3","A","0",0,0,0,"000000000","00000000000",0,0,0,1,0,0,0,0,0,0,0,998,0,0,0,12,6,2,12,0,0,0,1,99,99999,9,9,99,9,9,9,999,999,99,99,99,99,99,99,9999,99,9999,9,39,0,0,0,3,3,35,1,1,1,1,3,3,1,17,99,1,1,88,"777777777777","777777777777","777777777777",0,0
48,481571,2,3,1,26,6,13,5,12,6,1,0,48,1,35,47,35047,4,2011,"1N4AL2AP9BC1","1","N","4","A","L","2","A","P","9","B","C","1",0,0,0,"000000000","00000000000",0,0,0,1,0,0,0,0,0,0,0,998,0,0,0,9,6,2,12,0,0,0,1,48,77396,6,1,0,0,3,0,999,999,0,0,0,0,0,0,0,0,0,0,0,0,0,0,1,5,98,8,8,8,1,3,3,4,66,99,1,1,89,"777777777777","777777777777","777777777777",1,0
48,481571,3,3,2,26,6,13,5,12,6,1,0,48,2,23,431,23431,16,1999,"3GKEC16R2XG5","3","G","K","E","C","1","6","R","2","X","G","5",0,0,0,"000000000","00000000000",0,0,0,1,0,0,0,0,0,0,0,998,0,0,0,9,2,3,12,0,0,0,1,48,77045,6,1,0,0,3,0,999,999,0,0,0,0,0,0,0,0,0,0,0,0,0,0,1,5,98,8,8,8,1,3,3,4,66,99,1,1,98,"777777777777","777777777777","777777777777",0,0
48,481572,1,1,99,26,6,3,45,8,0,1,1,99,9,52,999,52999,99,9999,"999999999999","9","9","9","9","9","9","9","9","9","9","9","9",0,0,99,"999999999","99999999999",9,99,99,1,0,0,0,0,99,99,9,999,0,0,0,12,6,2,8,0,0,0,1,99,99999,9,9,99,9,9,9,999,999,99,99,99,99,99,99,9999,99,9999,0,27,0,0,0,2,2,40,1,1,1,1,0,0,1,80,99,1,1,13,"777777777777","777777777777","777777777777",0,0
48,481573,1,1,1,26,6,15,4,42,0,1,0,48,0,35,39,35039,4,2000,"JN1CA31DXYT5","J","N","1","C","A","3","1","D","X","Y","T","5",0,0,0,"000000000","00000000000",0,0,0,1,0,0,0,0,0,0,0,998,0,1,5,98,6,2,42,0,0,1,1,48,75670,6,1,6,0,3,0,999,999,0,0,0,1,0,6,2013,6,2013,4,33,51,0,0,1,2,60,2,1,8,1,0,0,6,12,99,1,4,6,"777777777777","777777777777","777777777777",1,0
48,481574,1,1,1,26,6,0,57,1,0,1,0,48,1,12,402,12402,14,2003,"1FMCU941X3KB","1","F","M","C","U","9","4","1","X","3","K","B",0,0,0,"000000000","00000000000",0,0,0,1,0,0,0,0,0,0,0,998,0,2,5,0,6,2,1,0,0,0,1,48,77371,6,1,0,0,3,3,999,999,0,0,0,0,0,0,0,0,0,0,58,0,0,0,1,2,55,1,1,8,1,0,0,1,13,7,3,4,2,"777777777777","777777777777","777777777777",1,1
48,481575,1,2,1,26,6,9,35,12,6,1,0,48,2,12,481,12481,31,2000,"1FTRX07L5YKA","1","F","T","R","X","0","7","L","5","Y","K","A",1,1,0,"000000000","00000000000",0,0,0,1,0,0,0,0,0,0,0,998,0,0,0,12,6,2,12,0,0,0,1,48,75750,6,1,0,0,3,3,999,999,0,0,0,0,0,0,0,0,0,0,0,0,0,0,5,5,40,1,2,8,1,0,0,1,67,99,1,1,83,"4D6EB10133C0","777777777777","777777777777",0,0
48,481575,2,2,1,26,6,9,35,12,6,1,0,48,1,9,20,9020,4,1997,"1P3ES27C9VD1","1","P","3","E","S","2","7","C","9","V","D","1",0,0,0,"000000000","00000000000",0,0,0,1,0,0,0,0,0,0,0,998,0,0,0,9,6,2,12,0,0,0,1,48,75703,6,1,0,0,3,3,999,999,1,0,0,0,1,12,2013,12,2013,0,38,0,0,0,1,2,98,8,8,8,98,20,3,11,15,99,1,1,82,"777777777777","777777777777","777777777777",1,0
48,481576,1,2,2,27,6,21,7,12,6,1,0,4,3,23,481,23481,31,2000,"1GDG6H1B9YJ9","1","G","D","G","6","H","1","B","9","Y","J","9",0,0,0,"000000000","00000000000",0,0,0,1,0,0,0,0,0,0,0,998,0,0,0,12,2,3,12,0,0,0,1,48,77042,0,0,0,0,0,0,999,999,0,0,0,0,0,0,0,0,0,0,39,0,0,0,5,6,50,1,1,1,1,3,3,1,17,99,1,1,83,"777777777777","777777777777","777777777777",0,0
48,481576,2,2,3,27,6,21,7,12,6,1,0,48,1,20,2,20002,4,2008,"2G1WB58K5813","2","G","1","W","B","5","8","K","5","8","1","3",0,0,0,"000000000","00000000000",0,0,0,1,0,0,0,0,0,0,0,998,0,0,0,61,6,2,12,0,0,0,1,48,77477,6,1,0,0,3,0,70,199,0,0,0,0,0,0,0,0,0,0,0,0,0,0,1,4,98,8,8,1,98,3,3,11,66,99,1,1,82,"777777777777","777777777777","777777777777",1,0
48,481577,1,1,1,26,4,18,3,15,0,1,0,48,1,19,3,19003,4,1997,"1G6KS52Y7VU8","1","G","6","K","S","5","2","Y","7","V","U","8",0,0,0,"000000000","00000000000",0,0,0,1,0,0,0,0,0,0,0,998,0,0,0,12,2,5,15,0,0,0,1,48,78202,6,1,0,0,3,0,999,999,0,0,0,0,0,0,0,0,0,0,0,0,0,0,1,2,30,1,1,8,1,0,0,1,80,98,1,1,13,"777777777777","777777777777","777777777777",0,0
48,481578,1,2,2,16,6,12,24,12,6,1,0,48,1,13,1,13001,4,2004,"1LNHM83W44Y6","1","L","N","H","M","8","3","W","4","4","Y","6",0,0,0,"000000000","00000000000",0,0,0,1,0,0,0,0,0,0,0,998,0,0,0,12,6,2,12,0,0,0,1,48,78611,6,1,0,0,3,0,999,999,2,0,0,0,0,12,2012,6,2014,0,39,0,0,0,1,3,98,8,8,8,98,20,3,1,17,99,1,1,88,"777777777777","777777777777","777777777777",0,0
48,481578,2,2,2,16,6,12,24,12,6,1,0,48,2,20,481,20481,31,2004,"2GCEK19T0412","2","G","C","E","K","1","9","T","0","4","1","2",0,0,0,"000000000","00000000000",0,0,0,1,0,0,0,0,0,0,0,998,0,1,5,11,6,2,1,0,0,0,1,48,78628,6,1,0,0,3,0,999,999,0,0,0,0,0,0,0,0,0,0,0,0,0,0,5,5,65,1,1,8,1,0,0,1,66,99,1,1,89,"777777777777","777777777777","777777777777",1,0
48,481579,1,1,2,18,6,2,33,24,0,1,0,48,2,20,421,20421,15,1999,"1GNEK13RXXJ3","1","G","N","E","K","1","3","R","X","X","J","3",0,0,0,"000000000","00000000000",0,0,0,1,0,0,0,0,0,0,0,998,0,1,3,12,6,2,1,0,0,0,1,48,78210,6,1,0,0,3,0,999,999,0,0,0,0,0,0,0,0,0,0,58,0,0,0,3,2,70,1,3,8,1,0,0,1,12,7,1,4,1,"777777777777","777777777777","777777777777",1,1
48,481580,1,1,2,20,6,19,22,1,0,1,0,48,2,20,481,20481,31,1990,"1GCDC14K7LZ1","1","G","C","D","C","1","4","K","7","L","Z","1",0,0,0,"000000000","00000000000",0,0,0,1,0,0,0,0,0,0,0,998,0,2,5,0,6,2,1,0,0,1,1,48,75140,6,1,0,0,3,0,999,999,0,0,0,0,0,0,0,0,0,4,58,0,0,0,1,2,55,2,1,2,1,0,0,14,13,8,9,4,7,"777777777777","777777777777","777777777777",1,1
48,481581,1,1,1,21,6,8,5,8,0,1,0,48,2,7,28,7028,2,2015,"2C3CDZFJ3FH7","2","C","3","C","D","Z","F","J","3","F","H","7",0,0,0,"000000000","00000000000",0,0,0,1,0,0,0,0,0,0,0,998,0,0,0,12,2,3,8,0,0,0,1,48,78254,6,1,0,0,3,3,999,999,0,0,0,0,0,0,0,0,0,0,0,0,0,0,3,2,65,1,3,8,1,0,0,1,80,99,1,1,13,"777777777777","777777777777","777777777777",0,0
48,481582,1,2,3,22,6,9,30,12,1,1,0,48,1,49,32,49032,4,2008,"1NXBR32E68Z0","1","N","X","B","R","3","2","E","6","8","Z","0",0,0,0,"000000000","00000000000",0,0,0,1,0,0,0,0,0,0,0,998,0,0,0,12,6,2,12,0,0,0,1,48,77627,6,1,0,0,3,3,999,999,0,0,0,1,0,7,2015,7,2015,0,99,99,99,99,3,4,60,1,2,1,1,0,0,1,64,16,2,1,32,"777777777777","777777777777","777777777777",1,1
48,481582,2,2,1,22,6,9,30,12,1,1,0,48,2,12,481,12481,31,2004,"1FTPW14594KD","1","F","T","P","W","1","4","5","9","4","K","D",0,0,0,"000000000","00000000000",0,0,0,1,0,0,0,0,0,0,0,998,0,0,0,6,2,3,12,0,0,0,1,48,77049,6,1,0,0,3,3,999,999,0,0,0,0,0,0,0,0,0,0,31,27,0,0,3,4,60,1,2,1,1,0,0,15,11,99,1,7,32,"777777777777","777777777777","777777777777",0,0
48,481583,1,3,1,23,6,5,54,12,1,1,0,48,1,20,481,20481,31,2001,"2GCEC19V8112","2","G","C","E","C","1","9","V","8","1","1","2",0,0,0,"000000000","00000000000",0,0,0,1,0,0,0,0,0,0,0,998,0,0,0,6,6,2,12,0,0,0,1,48,77449,6,1,0,0,3,0,999,999,1,0,0,3,0,2,2012,3,2015,4,28,0,0,0,5,7,55,1,1,8,1,0,0,1,53,99,1,1,25,"777777777777","777777777777","777777777777",1,0
48,481583,2,3,1,23,6,5,54,12,1,1,0,48,1,35,401,35401,14,2015,"5N1AR2MN5FC6","5","N","1","A","R","2","M","N","5","F","C","6",0,0,0,"000000000","00000000000",0,0,0,1,0,0,0,0,0,0,0,998,0,0,0,12,6,2,12,0,0,0,1,48,77396,6,1,0,0,3,0,999,999,0,0,0,0,0,0,0,0,0,0,0,0,0,0,5,7,55,1,1,8,1,0,0,1,51,99,1,1,24,"777777777777","777777777777","777777777777",0,0
48,481583,3,3,1,23,6,5,54,12,1,1,0,48,3,82,988,82988,50,2016,"4UZAVRDT1GCH","4","U","Z","A","V","R","D","T","1","G","C","H",0,0,88,"888888888","88888888888",3,21,22,1,0,0,0,0,1,2,0,998,0,0,0,12,6,2,12,0,0,0,1,48,77396,6,1,6,1,3,0,999,999,0,0,0,0,0,0,0,0,0,0,0,0,0,0,5,7,55,1,1,8,1,0,0,1,62,99,1,1,98,"777777777777","777777777777","777777777777",0,0
48,481584,1,2,1,23,6,9,8,12,2,1,0,48,2,41,35,41035,3,1990,"JM1BG2322L01","J","M","1","B","G","2","3","2","2","L","0","1",0,0,0,"000000000","00000000000",0,0,0,1,0,0,0,0,0,0,0,998,0,0,0,12,6,2,12,0,0,0,1,48,75147,0,0,0,0,0,0,68,197,0,0,0,0,0,0,0,0,0,0,28,58,0,0,1,2,55,1,1,8,1,0,0,1,11,6,1,6,50,"777777777777","777777777777","777777777777",1,0
48,481584,2,2,1,23,6,9,8,12,2,1,0,48,2,7,472,7472,30,1993,"1B7GG23X9PS2","1","B","7","G","G","2","3","X","9","P","S","2",0,0,0,"000000000","00000000000",0,0,0,1,0,0,0,0,0,0,0,998,0,0,0,12,6,2,12,0,0,0,1,48,75143,1,1,0,0,2,0,999,999,0,4,0,0,0,2,2014,6,2016,0,0,0,0,0,1,2,55,1,1,8,1,0,0,1,62,99,1,1,51,"777777777777","777777777777","777777777777",0,0
48,481585,1,1,2,28,6,23,43,8,0,1,0,48,1,55,36,55036,4,2006,"KMHCN46C26U0","K","M","H","C","N","4","6","C","2","6","U","0",0,0,0,"000000000","00000000000",0,0,0,1,0,0,0,0,0,0,0,998,0,0,0,12,6,2,8,0,0,0,1,48,78210,0,0,0,0,0,0,999,999,0,0,0,0,0,0,0,0,0,0,0,0,0,0,5,7,50,1,1,8,1,0,0,1,80,99,1,1,13,"777777777777","777777777777","777777777777",0,0
48,481586,1,2,1,29,6,19,46,12,6,1,0,6,3,82,881,82881,66,9999,"3AKJGLDV6HSH","3","A","K","J","G","L","D","V","6","H","S","H",1,1,57,"01715071","5701715071",3,6,1,1,0,0,0,0,0,0,0,998,0,0,0,1,6,2,12,0,0,0,1,6,93640,6,1,6,0,3,3,65,209,1,0,0,0,0,1,2013,1,2013,0,0,0,0,0,4,4,45,1,1,8,1,0,0,10,53,1,1,1,74,"1UVVS2531DU5","777777777777","777777777777",0,0
48,481586,2,2,1,29,6,19,46,12,6,1,0,48,0,53,705,53705,80,2008,"VTTGM51AX821","V","T","T","G","M","5","1","A","X","8","2","1",0,0,0,"000000000","00000000000",0,0,0,1,0,0,0,0,0,0,0,998,0,0,0,12,6,2,12,0,0,0,1,48,78249,6,1,0,0,3,0,999,999,0,0,0,2,0,12,2011,8,2013,0,0,0,0,0,4,4,45,1,1,8,1,0,0,6,11,99,1,2,74,"777777777777","777777777777","777777777777",1,0
48,481587,1,1,1,28,6,0,49,38,0,1,0,48,2,30,399,30399,2,1980,"53A0051098","5","3","A","0","0","5","1","0","9","8","","",0,0,0,"000000000","00000000000",0,0,0,1,0,0,0,0,0,0,0,998,0,0,0,12,6,2,43,0,0,0,1,48,76201,6,1,6,0,3,0,999,999,2,0,0,0,1,4,2012,8,2014,4,0,0,0,0,1,4,30,2,2,8,1,0,0,14,12,99,1,4,6,"777777777777","777777777777","777777777777",1,1