"STATE","ST_CASE","VEH_NO","VE_FORMS","NUMOCCS","DAY","MONTH","HOUR","MINUTE","HARM_EV","MAN_COLL","UNITTYPE","HIT_RUN","REG_STAT","OWNER","MAKE","MODEL","MAK_MOD","BODY_TYP","MOD_YEAR","VIN","VIN_1","VIN_2","VIN_3","VIN_4","VIN_5","VIN_6","VIN_7","VIN_8","VIN_9","VIN_10","VIN_11","VIN_12","TOW_VEH","J_KNIFE","MCARR_I1","MCARR_I2","MCARR_ID","GVWR","V_CONFIG","CARGO_BT","HAZ_INV","HAZ_PLAC","HAZ_ID","HAZ_CNO","HAZ_REL","BUS_USE","SPEC_USE","EMER_USE","TRAV_SP","UNDERIDE","ROLLOVER","ROLINLOC","IMPACT1","DEFORMED","TOWED","M_HARM","VEH_SC1","VEH_SC2","FIRE_EXP","DR_PRES","L_STATE","DR_ZIP","L_STATUS","L_TYPE","CDL_STAT","L_ENDORS","L_COMPL","L_RESTRI","DR_HGT","DR_WGT","PREV_ACC","PREV_SUS","PREV_DWI","PREV_SPD","PREV_OTH","FIRST_MO","FIRST_YR","LAST_MO","LAST_YR","SPEEDREL","DR_SF1","DR_SF2","DR_SF3","DR_SF4","VTRAFWAY","VNUM_LAN","VSPD_LIM","VALIGN","VPROFILE","VPAVETYP","VSURCOND","VTRAFCON","VTCONT_F","P_CRASH1","P_CRASH2","P_CRASH3","PCRASH4","PCRASH5","ACC_TYPE","TRLR1VIN","TRLR2VIN","TRLR3VIN","DEATHS","DR_DRINK"
48,481588,1,1,1,18,6,17,29,8,0,1,1,48,1,12,481,12481,31,2004,"1FTRW12W04KD","1","F","T","R","W","1","2","W","0","4","K","D",1,1,0,"000000000","00000000000",0,0,0,1,0,0,0,0,0,0,0,998,0,0,0,12,2,3,8,0,0,0,1,48,78065,6,1,0,0,3,0,999,999,0,3,0,1,2,3,2014,7,2015,0,99,99,99,99,3,4,60,1,2,8,1,0,0,1,10,99,1,4,6,"888888888888","777777777777","777777777777",0,0
48,481589,1,1,1,28,6,21,22,8,0,1,0,48,1,6,51,6051,4,2014,"2C3CCAAG4EH3","2","C","3","C","C","A","A","G","4","E","H","3",0,0,0,"000000000","00000000000",0,0,0,1,0,0,0,0,0,0,0,998,0,0,0,12,2,3,8,0,0,0,1,48,75050,6,1,0,0,3,0,999,999,0,0,0,1,0,1,2012,1,2012,0,0,0,0,0,3,4,60,1,1,8,1,0,0,1,80,99,1,1,13,"777777777777","777777777777","777777777777",0,0
48,481590,1,1,2,17,2,19,40,8,0,1,0,48,0,49,472,49472,30,2003,"5TESN92N83Z2","5","T","E","S","N","9","2","N","8","3","Z","2",0,0,0,"000000000","00000000000",0,0,0,1,0,0,0,0,0,0,0,998,0,0,0,12,6,2,8,0,0,0,1,48,78046,6,7,0,0,3,2,999,999,0,0,0,0,1,8,2015,8,2015,3,73,0,0,0,3,2,35,1,1,8,1,0,0,1,80,99,1,1,13,"777777777777","777777777777","777777777777",0,0
48,481591,1,1,5,13,3,5,4,14,0,1,0,48,2,20,461,20461,21,2000,"1GAHG39R7Y12","1","G","A","H","G","3","9","R","7","Y","1","2",1,1,0,"000000000","00000000000",0,0,0,1,0,0,0,0,0,0,0,998,0,0,0,12,6,2,14,0,0,0,1,48,75180,6,1,0,0,3,0,999,999,0,0,0,0,0,0,0,0,0,0,0,0,0,0,3,4,70,1,1,8,1,0,0,1,11,99,1,4,11,"999999999999","777777777777","777777777777",2,0
48,481592,1,1,1,25,5,18,33,34,0,1,0,48,0,98,703,98703,80,2007,"LJ4TCKPL37Y0","L","J","4","T","C","K","P","L","3","7","Y","0",0,0,0,"000000000","00000000000",0,0,0,1,0,0,0,0,0,0,0,998,0,0,0,98,8,2,34,0,0,0,1,48,77088,0,0,0,0,0,0,999,999,0,0,0,0,0,0,0,0,0,0,0,0,0,0,1,2,30,3,1,1,1,0,0,14,13,99,9,4,1,"777777777777","777777777777","777777777777",1,0
48,481593,1,1,1,26,5,17,30,3,0,1,0,48,2,23,481,23481,31,1996,"1GTHC39F4TE5","1","G","T","H","C","3","9","F","4","T","E","5",0,0,0,"000000000","00000000000",0,0,0,1,0,0,0,0,0,0,0,0,0,1,6,0,6,2,3,0,0,0,1,48,77868,6,1,0,0,3,0,999,999,0,0,0,1,0,11,2015,11,2015,0,54,0,0,0,1,2,60,1,1,8,6,0,0,5,98,99,1,1,0,"777777777777","777777777777","777777777777",1,0
48,481594,1,1,1,27,5,7,0,3,0,1,0,48,1,20,431,20431,16,2002,"3GNEC16Z22G1","3","G","N","E","C","1","6","Z","2","2","G","1",0,0,0,"000000000","00000000000",0,0,0,1,0,0,0,0,0,0,0,998,0,0,0,0,8,2,3,0,0,0,1,48,77845,6,1,0,0,3,3,999,999,0,0,0,0,0,0,0,0,0,0,0,0,0,0,1,2,65,1,1,8,6,0,0,1,98,99,9,1,0,"777777777777","777777777777","777777777777",1,0
48,481595,1,1,1,27,5,9,0,3,0,1,0,48,1,20,471,20471,30,1999,"1GCCS19X1XK2","1","G","C","C","S","1","9","X","1","X","K","2",0,0,0,"000000000","00000000000",0,0,0,1,0,0,0,0,0,0,0,0,0,1,5,0,6,2,3,0,0,0,1,48,77833,6,1,6,0,3,0,999,999,0,0,0,0,0,0,0,0,0,0,0,0,0,0,1,2,60,1,1,8,6,0,0,5,98,99,9,1,0,"777777777777","777777777777","777777777777",1,0
48,481596,1,1,2,29,5,17,40,17,0,1,0,48,2,20,9,20009,2,2000,"2G1FP22K1Y21","2","G","1","F","P","2","2","K","1","Y","2","1",0,0,0,"000000000","00000000000",0,0,0,1,0,0,0,0,0,0,0,998,0,1,5,12,6,2,1,0,0,0,1,48,78073,0,0,0,0,0,0,999,999,0,0,0,0,0,0,0,0,0,5,0,0,0,0,1,2,30,1,1,2,1,0,0,1,6,99,9,4,7,"777777777777","777777777777","777777777777",1,0
48,481597,1,1,1,30,5,6,57,8,0,1,1,99,9,99,999,99999,99,9999,"999999999999","9","9","9","9","9","9","9","9","9","9","9","9",0,0,0,"000000000","00000000000",0,0,0,1,0,0,0,0,0,0,0,998,0,0,0,98,8,5,8,0,0,0,1,99,99999,9,9,99,9,9,9,999,999,99,99,99,99,99,99,9999,99,9999,0,99,99,99,99,1,2,99,1,1,8,2,0,0,1,11,99,1,4,13,"777777777777","777777777777","777777777777",0,0
48,481598,1,2,1,4,6,4,5,12,6,1,0,48,2,12,481,12481,31,2001,"1FTRW07W01KE","1","F","T","R","W","0","7","W","0","1","K","E",0,0,0,"000000000","00000000000",0,0,0,1,0,0,0,0,0,0,0,998,0,0,0,3,6,2,12,0,0,0,1,48,77346,6,2,0,0,3,2,999,999,0,0,0,0,0,0,0,0,0,0,58,73,0,0,1,3,55,1,1,8,2,0,0,1,13,6,4,2,66,"777777777777","777777777777","777777777777",1,0
48,481598,2,2,1,4,6,4,5,12,6,1,0,48,1,20,481,20481,31,2004,"2GCEC13T0414","2","G","C","E","C","1","3","T","0","4","1","4",1,1,0,"000000000","00000000000",0,0,0,1,0,0,0,0,0,0,0,998,0,0,0,12,6,2,12,0,0,0,1,48,77357,6,1,0,0,3,0,999,999,1,0,0,1,0,10,2013,6,2015,0,0,0,0,0,1,3,55,1,1,8,2,0,0,1,62,99,1,1,66,"999999999999","777777777777","777777777777",0,0
48,481599,1,2,1,11,6,1,30,12,2,1,0,35,2,20,481,20481,31,1999,"2GCEK19T6X12","2","G","C","E","K","1","9","T","6","X","1","2",1,3,0,"000000000","00000000000",0,0,0,1,0,0,0,0,0,0,0,998,0,0,0,12,6,2,12,0,0,0,1,48,79347,6,1,0,0,3,0,999,999,0,0,0,0,0,0,0,0,0,0,91,51,0,0,1,2,75,1,1,8,1,0,0,1,10,99,1,2,50,"999999999999","777777777777","777777777777",0,0
48,481599,2,2,2,11,6,1,30,12,2,1,0,48,1,18,7,18007,4,2004,"2G4WS52J4411","2","G","4","W","S","5","2","J","4","4","1","1",0,0,0,"000000000","00000000000",0,0,0,1,0,0,0,0,0,0,0,998,0,0,0,12,6,2,12,0,0,0,1,48,79347,6,1,0,0,3,0,999,999,0,0,0,0,1,10,2013,10,2013,0,0,0,0,0,1,2,75,1,1,8,1,0,0,1,62,99,1,1,51,"777777777777","777777777777","777777777777",1,0
48,481600,1,2,1,11,6,13,39,12,6,1,0,48,1,12,37,12037,5,2007,"1FAFP37N87W3","1","F","A","F","P","3","7","N","8","7","W","3",0,0,0,"000000000","00000000000",0,0,0,1,0,0,0,0,0,0,0,998,0,0,0,62,6,2,12,0,0,0,1,48,78748,6,1,0,0,3,0,999,999,0,0,0,0,1,1,2016,1,2016,0,38,0,0,0,2,2,60,4,1,8,1,0,0,11,15,99,1,7,72,"777777777777","777777777777","777777777777",1,0
48,481600,2,2,5,11,6,13,39,12,6,1,0,48,1,20,481,20481,31,2014,"3GCUKREC8EG5","3","G","C","U","K","R","E","C","8","E","G","5",0,0,0,"000000000","00000000000",0,0,0,1,0,0,0,0,0,0,0,998,0,0,0,12,6,2,12,0,0,0,1,48,76014,6,1,0,0,3,0,999,999,0,0,0,0,0,0,0,0,0,0,0,0,0,0,2,2,60,4,1,8,1,0,0,14,64,99,1,1,73,"777777777777","777777777777","777777777777",0,0
48,481601,1,2,1,13,6,22,38,12,6,1,0,48,2,7,28,7028,2,2013,"2C3CDYAG6DH6","2","C","3","C","D","Y","A","G","6","D","H","6",0,0,0,"000000000","00000000000",0,0,0,1,0,0,0,0,0,0,0,998,0,0,0,12,6,2,12,0,0,0,1,48,79764,6,1,0,0,3,3,999,999,0,0,0,0,0,0,0,0,0,0,91,0,0,0,5,6,40,1,1,8,1,3,3,1,17,1,1,1,88,"777777777777","777777777777","777777777777",0,1
48,481601,2,2,1,13,6,22,38,12,6,1,0,48,3,20,37,20037,4,2016,"1G1ZE5ST3GF2","1","G","1","Z","E","5","S","T","3","G","F","2",0,0,0,"000000000","00000000000",0,0,0,1,0,0,0,0,0,0,0,998,0,0,0,62,6,2,12,0,0,0,1,48,79763,6,1,0,0,3,0,999,999,0,0,0,0,0,0,0,0,0,0,0,0,0,0,1,2,98,1,1,8,1,3,3,1,66,99,1,1,89,"777777777777","777777777777","777777777777",1,0
48,481602,1,2,1,12,6,22,11,12,1,1,0,48,1,98,701,98701,81,2011,"LJ5LT8035B10","L","J","5","L","T","8","0","3","5","B","1","0",0,0,0,"000000000","00000000000",0,0,0,1,0,0,0,0,0,0,0,0,0,0,0,6,4,5,12,0,0,0,1,48,79118,0,0,0,0,0,0,999,999,0,21,0,1,1,8,2011,1,2016,0,54,0,0,0,1,4,35,1,3,8,1,0,0,5,53,99,1,1,21,"777777777777","777777777777","777777777777",1,0
48,481602,2,2,1,12,6,22,11,12,1,1,0,48,1,35,39,35039,4,2009,"1N4AA51E29C8","1","N","4","A","A","5","1","E","2","9","C","8",0,0,0,"000000000","00000000000",0,0,0,1,0,0,0,0,0,0,0,998,0,0,0,12,2,5,12,0,0,0,1,48,79107,6,1,0,0,3,3,999,999,0,1,0,3,0,4,2012,9,2015,0,0,0,0,0,1,4,35,1,3,8,1,0,0,1,50,99,1,1,20,"777777777777","777777777777","777777777777",0,0
48,481603,1,1,1,14,6,17,35,1,0,1,0,48,1,37,706,37706,80,2009,"1HFSC55039A5","1","H","F","S","C","5","5","0","3","9","A","5",0,0,0,"000000000","00000000000",0,0,0,1,0,0,0,0,0,0,0,998,0,0,0,0,8,2,1,0,0,0,1,48,75432,6,1,0,0,3,3,999,999,0,0,0,0,0,0,0,0,0,5,85,0,0,0,1,2,65,1,1,8,1,50,3,1,50,98,1,1,98,"777777777777","777777777777","777777777777",1,0
48,481604,1,2,1,14,6,14,42,12,6,1,0,48,1,20,29,20029,5,2013,"KL8CB6S91DC5","K","L","8","C","B","6","S","9","1","D","C","5",0,0,0,"000000000","00000000000",0,0,0,1,0,0,0,0,0,0,0,998,0,0,0,12,6,2,12,0,0,0,1,48,76262,6,1,0,0,3,3,999,999,0,0,0,0,0,0,0,0,0,0,38,0,0,0,2,4,40,1,1,8,1,3,3,11,15,99,1,1,68,"777777777777","777777777777","777777777777",0,0
48,481604,2,2,1,14,6,14,42,12,6,1,0,48,1,72,706,72706,80,2006,"1HD1KBW156Y6","1","H","D","1","K","B","W","1","5","6","Y","6",0,0,0,"000000000","00000000000",0,0,0,1,0,0,0,0,0,0,0,998,0,0,0,98,8,2,12,0,0,0,1,48,76034,6,1,6,0,3,0,68,197,0,0,0,0,0,0,0,0,0,0,0,0,0,0,2,4,40,1,1,8,1,3,3,1,62,99,1,1,69,"777777777777","777777777777","777777777777",1,0
48,481605,1,2,1,15,6,7,36,12,2,1,0,48,2,6,43,6043,1,2006,"1C3EL75R96N1","1","C","3","E","L","7","5","R","9","6","N","1",0,0,0,"000000000","00000000000",0,0,0,1,0,0,0,0,0,0,0,998,0,0,0,12,6,2,12,0,0,0,1,48,78645,6,1,0,0,3,3,999,999,0,0,0,0,0,0,0,0,0,0,0,0,0,0,5,5,45,3,1,8,1,0,0,1,10,99,1,2,50,"777777777777","777777777777","777777777777",0,0
48,481605,2,2,1,15,6,7,36,12,2,1,0,48,1,51,34,51034,4,1993,"YV1AW8805P19","Y","V","1","A","W","8","8","0","5","P","1","9",0,0,0,"000000000","00000000000",0,0,0,1,0,0,0,0,0,0,0,998,0,0,0,12,6,2,12,0,0,0,1,48,78704,6,1,0,0,3,3,999,999,0,0,0,0,0,0,0,0,0,0,0,0,0,0,5,5,45,2,1,8,1,0,0,1,62,99,1,1,51,"777777777777","777777777777","777777777777",1,0
48,481606,1,1,1,17,6,14,18,1,0,1,0,48,2,67,32,67032,3,2013,"JTKJF5C7XD30","J","T","K","J","F","5","C","7","X","D","3","0",0,0,0,"000000000","00000000000",0,0,0,1,0,0,0,0,0,0,0,998,0,2,5,0,6,2,1,0,0,0,1,48,75701,6,1,0,0,3,3,999,999,0,0,0,0,0,0,0,0,0,0,28,0,0,0,2,2,70,1,2,8,1,0,0,6,13,99,2,4,1,"777777777777","777777777777","777777777777",1,0
48,481607,1,2,2,18,6,16,6,12,6,1,0,48,2,14,6,14006,4,2002,"2MEFM75W32X6","2","M","E","F","M","7","5","W","3","2","X","6",0,0,0,"000000000","00000000000",0,0,0,1,0,0,0,0,0,0,0,998,0,1,5,81,6,2,12,0,0,0,1,48,75670,1,1,0,0,2,0,999,999,0,2,0,0,1,8,2014,1,2016,4,87,0,0,0,1,2,70,2,1,8,2,0,0,14,6,99,2,2,66,"777777777777","777777777777","777777777777",2,0
48,481607,2,2,3,18,6,16,6,12,6,1,0,1,1,12,481,12481,31,2008,"1FTPX12V28FA","1","F","T","P","X","1","2","V","2","8","F","A",1,1,0,"000000000","00000000000",0,0,0,1,0,0,0,0,0,0,0,998,0,0,0,12,2,3,12,0,0,0,1,1,35175,6,1,6,0,3,0,69,230,1,0,0,0,2,11,2011,11,2015,0,0,0,0,0,1,2,70,3,1,8,2,0,0,14,62,99,1,1,66,"11WBC1011XW2","777777777777","777777777777",1,0
48,481608,1,1,1,18,6,13,36,38,0,1,0,48,1,14,21,14021,4,2007,"3MEHM08ZX7R6","3","M","E","H","M","0","8","Z","X","7","R","6",0,0,0,"000000000","00000000000",0,0,0,1,0,0,0,0,0,0,0,998,0,0,0,12,6,2,38,0,0,0,1,48,78599,6,1,0,0,3,3,999,999,0,0,0,0,0,0,0,0,0,0,0,0,0,0,1,2,30,1,1,8,1,0,0,1,8,1,1,4,1,"777777777777","777777777777","777777777777",1,0
48,481609,1,2,3,18,6,18,57,12,6,1,0,48,2,7,482,7482,31,2012,"1C6RD7FT3CS3","1","C","6","R","D","7","F","T","3","C","S","3",0,0,0,"000000000","00000000000",0,0,0,1,0,0,0,0,0,0,0,998,0,1,9,3,6,2,12,0,0,0,1,48,77465,6,1,0,0,3,3,999,999,1,0,0,0,0,12,2012,12,2012,0,39,0,0,0,1,2,98,1,1,8,1,20,3,1,17,99,1,1,87,"777777777777","777777777777","777777777777",0,0
48,481609,2,2,4,18,6,18,57,12,6,1,0,48,1,41,421,41421,15,2015,"JM3TB2DA1F04","J","M","3","T","B","2","D","A","1","F","0","4",0,0,0,"000000000","00000000000",0,0,0,1,0,0,0,0,0,0,0,998,0,0,0,12,6,2,12,0,0,0,1,48,77465,6,1,0,0,3,0,999,999,0,0,0,0,0,0,0,0,0,0,0,0,0,0,1,2,70,1,1,8,1,0,0,1,66,99,1,1,86,"777777777777","777777777777","777777777777",1,0
48,481610,1,1,1,19,6,1,29,30,0,1,0,48,2,55,33,55033,4,2004,"KMHWF25H24A9","K","M","H","W","F","2","5","H","2","4","A","9",0,0,0,"000000000","00000000000",0,0,0,1,0,0,0,0,0,0,0,998,0,0,0,12,6,2,46,0,0,0,1,48,78251,6,1,0,0,3,0,999,999,0,0,0,0,0,0,0,0,0,5,0,0,0,0,2,3,30,1,2,8,1,0,0,1,13,99,1,4,1,"777777777777","777777777777","777777777777",1,1
48,481611,1,2,1,19,6,9,15,12,6,1,0,48,1,7,482,7482,31,2015,"3C63RRGL4FG7","3","C","6","3","R","R","G","L","4","F","G","7",0,0,0,"000000000","00000000000",0,0,0,1,0,0,0,0,0,0,0,998,0,0,0,12,6,2,12,0,0,0,1,48,78244,6,1,0,0,3,0,999,999,1,0,0,0,0,6,2011,6,2011,5,0,0,0,0,1,2,99,1,1,8,1,0,0,1,13,99,9,4,88,"777777777777","777777777777","777777777777",0,0
48,481611,2,2,5,19,6,9,15,12,6,1,0,48,1,35,47,35047,4,2006,"1N4AL11D86C2","1","N","4","A","L","1","1","D","8","6","C","2",0,0,0,"000000000","00000000000",0,0,0,1,0,0,0,0,0,0,0,0,0,0,0,9,6,2,12,0,0,0,1,48,78638,6,1,0,0,3,0,999,999,0,0,0,0,0,0,0,0,0,0,0,0,0,0,1,2,30,1,1,8,1,20,3,5,68,1,1,1,89,"777777777777","777777777777","777777777777",3,0
48,481612,1,3,1,19,6,19,35,12,6,1,0,48,3,12,16,12016,4,2010,"2FABP7BV8AX1","2","F","A","B","P","7","B","V","8","A","X","1",0,0,0,"000000000","00000000000",0,0,0,1,0,0,0,0,0,5,5,998,0,0,0,9,6,2,12,0,0,0,1,48,77372,6,1,0,0,3,0,999,999,0,0,0,0,0,0,0,0,0,0,39,0,0,0,5,3,60,1,1,8,1,3,3,1,17,99,1,1,89,"777777777777","777777777777","777777777777",1,0
48,481612,2,3,7,19,6,19,35,12,6,1,0,48,1,20,431,20431,16,1998,"3GNEC16R2WG1","3","G","N","E","C","1","6","R","2","W","G","1",0,0,0,"000000000","00000000000",0,0,0,1,0,0,0,0,0,0,0,998,0,1,1,12,6,2,12,0,0,0,1,48,77306,0,0,0,0,0,0,999,999,0,0,0,0,0,0,0,0,0,0,0,0,0,0,5,4,99,1,1,8,1,3,3,1,66,99,1,1,88,"777777777777","777777777777","777777777777",1,0
48,481612,3,3,2,19,6,19,35,12,6,1,0,48,2,32,42,32042,4,2008,"WAUDH74F98N0","W","A","U","D","H","7","4","F","9","8","N","0",0,0,0,"000000000","00000000000",0,0,0,1,0,0,0,0,0,0,0,0,0,0,0,13,2,5,54,0,0,0,1,48,77302,6,1,0,0,2,0,999,999,0,8,0,0,0,12,2014,4,2016,0,0,0,0,0,1,4,99,1,1,8,2,3,3,5,62,1,1,1,98,"777777777777","777777777777","777777777777",0,0
48,481613,1,1,4,21,6,10,37,1,0,1,0,48,2,7,482,7482,31,2007,"1D7HA18K57J6","1","D","7","H","A","1","8","K","5","7","J","6",0,0,0,"000000000","00000000000",0,0,0,1,0,0,0,0,0,0,0,998,0,1,5,0,6,2,1,0,0,0,1,48,77036,6,1,0,0,3,3,999,999,0,0,0,0,0,0,0,0,0,3,58,0,0,0,1,2,75,1,1,8,1,0,0,1,13,6,4,4,1,"777777777777","777777777777","777777777777",1,0
48,481614,1,2,1,21,6,9,41,12,6,1,0,48,1,38,402,38402,14,2000,"4S2CK58W3Y43","4","S","2","C","K","5","8","W","3","Y","4","3",0,0,0,"000000000","00000000000",0,0,0,1,0,0,0,0,0,0,0,998,0,0,0,3,6,2,12,0,0,0,1,48,75115,6,1,0,0,3,0,999,999,2,0,0,0,0,10,2012,1,2015,0,38,0,0,0,1,7,35,1,1,8,1,0,0,11,15,99,1,1,68,"777777777777","777777777777","777777777777",0,0
48,481614,2,2,1,21,6,9,41,12,6,1,0,48,1,73,703,73703,80,2014,"JKAEX8B10EA0","J","K","A","E","X","8","B","1","0","E","A","0",0,0,0,"000000000","00000000000",0,0,0,1,0,0,0,0,0,0,0,998,0,0,0,12,8,2,12,0,0,0,1,48,75323,1,1,0,0,2,0,73,138,0,0,0,1,0,5,2013,5,2013,0,0,0,0,0,1,7,35,1,1,8,1,0,0,1,62,99,1,1,69,"777777777777","777777777777","777777777777",1,0
48,481615,1,3,2,21,6,17,34,12,6,1,0,48,1,20,431,20431,16,1996,"1GNEC16RXTJ3","1","G","N","E","C","1","6","R","X","T","J","3",1,1,0,"000000000","00000000000",0,0,0,1,0,0,0,0,0,0,0,998,0,0,0,12,6,2,12,0,0,0,1,48,77414,1,1,0,0,2,0,999,999,0,7,0,0,0,3,2012,2,2016,0,0,0,0,0,1,2,70,1,1,8,1,0,0,1,60,99,1,1,98,"999999999999","777777777777","777777777777",0,0
48,481615,2,3,1,21,6,17,34,12,6,1,0,48,2,22,441,22441,20,2004,"1GMDU03E84D2","1","G","M","D","U","0","3","E","8","4","D","2",0,0,0,"000000000","00000000000",0,0,0,1,0,0,0,0,0,0,0,998,0,0,0,62,6,2,12,0,0,0,1,48,77468,6,1,0,0,3,3,69,207,0,0,0,1,0,7,2014,7,2014,0,35,0,0,0,1,2,70,1,1,8,1,0,0,6,54,7,9,2,66,"777777777777","777777777777","777777777777",1,0
48,481615,3,3,1,21,6,17,34,12,6,1,0,48,2,20,481,20481,31,2001,"2GCEC19T1111","2","G","C","E","C","1","9","T","1","1","1","1",0,0,0,"000000000","00000000000",0,0,0,1,0,0,0,0,0,0,0,998,0,0,0,12,6,2,12,0,0,0,1,48,77566,6,1,0,0,3,0,999,999,0,0,0,0,0,0,0,0,0,0,0,0,0,0,1,2,70,1,1,8,1,0,0,1,54,6,9,2,66,"777777777777","777777777777","777777777777",0,0
48,481616,1,2,1,22,6,9,15,12,6,1,0,48,3,85,881,85881,66,2003,"3WKDDU9X93F3","3","W","K","D","D","U","9","X","9","3","F","3",1,1,57,"2558044","572558044",3,6,2,1,0,0,0,0,0,0,0,998,0,0,0,12,6,2,12,0,0,0,1,48,77420,6,1,6,1,3,3,999,999,0,0,0,0,0,0,0,0,0,0,0,0,0,0,1,2,60,3,1,8,1,0,0,14,64,6,1,2,66,"999999999999","777777777777","777777777777",0,0
48,481616,2,2,1,22,6,9,15,12,6,1,0,48,1,23,481,23481,31,2005,"2GTEK13T2513","2","G","T","E","K","1","3","T","2","5","1","3",0,0,0,"000000000","00000000000",0,0,0,1,0,0,0,0,0,0,0,998,0,0,0,9,6,2,12,0,0,1,1,48,77468,6,1,0,0,3,3,68,245,0,0,0,0,0,0,0,0,0,0,58,0,0,0,1,2,60,2,1,8,1,0,0,14,12,7,9,6,66,"777777777777","777777777777","777777777777",1,0
48,481617,1,2,2,23,6,20,40,12,6,1,0,48,2,12,37,12037,5,2016,"1FADP3L97GL2","1","F","A","D","P","3","L","9","7","G","L","2",0,0,0,"000000000","00000000000",0,0,0,1,0,0,0,0,0,0,0,998,0,0,0,12,4,5,12,0,0,0,1,48,79924,6,1,0,0,3,0,999,999,0,0,0,0,0,0,0,0,0,0,0,0,0,0,2,2,35,1,1,8,1,0,0,1,17,99,1,1,86,"777777777777","777777777777","777777777777",0,0
48,481617,2,2,2,23,6,20,40,12,6,1,0,48,2,20,29,20029,5,2014,"KL8CD6S91EC4","K","L","8","C","D","6","S","9","1","E","C","4",0,0,0,"000000000","00000000000",0,0,0,1,0,0,0,0,0,0,0,998,0,0,0,3,4,5,12,0,0,0,1,48,79904,0,0,0,0,0,0,999,999,0,0,0,0,0,0,0,0,0,0,0,0,0,0,1,2,99,1,1,8,1,20,3,1,17,99,1,1,87,"777777777777","777777777777","777777777777",2,0
48,481618,1,2,1,23,6,8,4,12,2,1,0,48,1,41,50,41050,4,2010,"1YVHZ8BHXA5M","1","Y","V","H","Z","8","B","H","X","A","5","M",0,0,0,"000000000","00000000000",0,0,0,1,0,0,0,0,0,0,0,998,0,0,0,12,6,2,12,0,0,0,1,48,78613,6,1,0,0,3,0,999,999,1,0,0,0,0,12,2013,12,2013,0,38,0,0,0,2,3,45,1,1,8,1,0,0,11,15,99,1,1,68,"777777777777","777777777777","777777777777",1,0
48,481618,2,2,1,23,6,8,4,12,2,1,0,48,1,37,31,37031,2,2006,"2HGFG21576H7","2","H","G","F","G","2","1","5","7","6","H","7",0,0,0,"000000000","00000000000",0,0,0,1,0,0,0,0,0,0,0,998,0,0,0,12,6,2,12,0,0,0,1,48,78613,6,1,0,0,3,0,999,999,1,0,0,0,0,12,2011,12,2011,0,0,0,0,0,2,3,45,1,1,8,1,0,0,1,64,99,1,1,69,"777777777777","777777777777","777777777777",0,0
48,481619,1,2,1,24,6,3,27,12,2,1,0,48,2,20,481,20481,31,2004,"1GCEC19V04Z1","1","G","C","E","C","1","9","V","0","4","Z","1",0,0,0,"000000000","00000000000",0,0,0,1,0,0,0,0,0,0,0,998,0,0,0,12,6,2,12,32,0,0,1,48,78211,6,1,0,0,3,0,999,999,0,0,0,0,0,0,0,0,0,0,50,0,0,0,3,3,65,1,1,8,1,0,0,1,54,99,1,1,52,"777777777777","777777777777","777777777777",1,0
48,481619,2,2,1,24,6,3,27,12,2,1,0,48,2,20,2,20002,4,2011,"2G1WG5EK8B12","2","G","1","W","G","5","E","K","8","B","1","2",0,0,0,"000000000","00000000000",0,0,0,1,0,0,0,0,0,0,0,998,0,0,0,12,6,2,12,0,0,0,1,48,78252,6,1,0,0,3,0,999,999,0,0,0,0,0,0,0,0,0,0,0,0,0,0,3,3,65,1,1,8,1,0,0,1,54,99,1,1,52,"777777777777","777777777777","777777777777",1,0
48,481620,1,2,1,24,6,14,0,52,0,1,0,6,3,85,881,85881,66,2012,"1XKAD49X1CJ3","1","X","K","A","D","4","9","X","1","C","J","3",1,1,57,"911706","57911706",3,6,98,1,0,0,0,0,0,0,0,998,0,0,0,61,6,2,12,0,0,0,1,4,85033,6,1,6,0,3,3,66,218,0,1,0,0,0,9,2015,9,2015,0,0,0,0,0,2,2,70,1,1,8,1,0,0,1,64,99,1,1,98,"1GRAA06236W7","777777777777","777777777777",0,0
48,481620,2,2,1,24,6,14,0,52,0,1,0,48,1,12,481,12481,31,1994,"2FTEF15N2RCA","2","F","T","E","F","1","5","N","2","R","C","A",0,0,0,"000000000","00000000000",0,0,0,1,0,0,0,0,0,0,0,998,0,1,1,12,6,2,52,0,0,0,1,48,76111,6,1,0,0,3,0,999,999,0,0,0,0,3,1,2014,1,2014,0,0,0,0,0,2,2,70,1,1,8,1,0,0,1,12,99,1,4,6,"777777777777","777777777777","777777777777",1,0
48,481622,1,1,1,24,6,22,16,30,0,1,0,48,2,76,706,76706,80,2001,"JYARN05Y11A0","J","Y","A","R","N","0","5","Y","1","1","A","0",0,0,0,"000000000","00000000000",0,0,0,1,0,0,0,0,0,0,0,998,0,0,0,98,8,5,30,0,0,0,1,48,75009,6,1,0,0,2,0,999,999,0,0,0,1,0,10,2013,10,2013,3,0,0,0,0,1,2,40,2,1,8,1,0,0,1,12,16,2,4,6,"777777777777","777777777777","777777777777",1,0
48,481623,1,2,2,25,6,20,57,12,6,1,0,48,2,55,35,55035,4,2010,"KMHDU4AD8AU0","K","M","H","D","U","4","A","D","8","A","U","0",0,0,0,"000000000","00000000000",0,0,0,1,0,0,0,0,0,0,0,998,0,0,0,81,6,2,12,0,0,0,1,48,78028,6,2,0,0,3,1,999,999,0,0,0,0,0,0,0,0,0,4,58,0,0,0,1,2,70,3,1,8,2,0,0,14,6,6,5,6,66,"777777777777","777777777777","777777777777",1,0