"STATE","ST_CASE","VEH_NO","VE_FORMS","NUMOCCS","DAY","MONTH","HOUR","MINUTE","HARM_EV","MAN_COLL","UNITTYPE","HIT_RUN","REG_STAT","OWNER","MAKE","MODEL","MAK_MOD","BODY_TYP","MOD_YEAR","VIN","VIN_1","VIN_2","VIN_3","VIN_4","VIN_5","VIN_6","VIN_7","VIN_8","VIN_9","VIN_10","VIN_11","VIN_12","TOW_VEH","J_KNIFE","MCARR_I1","MCARR_I2","MCARR_ID","GVWR","V_CONFIG","CARGO_BT","HAZ_INV","HAZ_PLAC","HAZ_ID","HAZ_CNO","HAZ_REL","BUS_USE","SPEC_USE","EMER_USE","TRAV_SP","UNDERIDE","ROLLOVER","ROLINLOC","IMPACT1","DEFORMED","TOWED","M_HARM","VEH_SC1","VEH_SC2","FIRE_EXP","DR_PRES","L_STATE","DR_ZIP","L_STATUS","L_TYPE","CDL_STAT","L_ENDORS","L_COMPL","L_RESTRI","DR_HGT","DR_WGT","PREV_ACC","PREV_SUS","PREV_DWI","PREV_SPD","PREV_OTH","FIRST_MO","FIRST_YR","LAST_MO","LAST_YR","SPEEDREL","DR_SF1","DR_SF2","DR_SF3","DR_SF4","VTRAFWAY","VNUM_LAN","VSPD_LIM","VALIGN","VPROFILE","VPAVETYP","VSURCOND","VTRAFCON","VTCONT_F","P_CRASH1","P_CRASH2","P_CRASH3","PCRASH4","PCRASH5","ACC_TYPE","TRLR1VIN","TRLR2VIN","TRLR3VIN","DEATHS","DR_DRINK"
48,481623,2,2,4,25,6,20,57,12,6,1,0,48,1,12,401,12401,14,2015,"1FM5K7B83FGC","1","F","M","5","K","7","B","8","3","F","G","C",0,0,0,"000000000","00000000000",0,0,0,1,0,0,0,0,0,0,0,998,0,0,0,12,6,2,12,0,0,0,1,48,78624,6,1,0,0,3,3,999,999,0,0,0,0,0,0,0,0,0,0,0,0,0,0,1,2,70,2,1,8,2,0,0,14,62,6,1,1,66,"777777777777","777777777777","777777777777",0,0
48,481624,1,3,1,25,6,21,9,12,8,1,0,48,1,52,402,52402,14,2005,"4A4MN21S45E0","4","A","4","M","N","2","1","S","4","5","E","0",0,0,0,"000000000","00000000000",0,0,0,1,0,0,0,0,0,0,0,998,0,0,0,62,6,2,12,0,0,0,1,48,77360,6,1,0,0,3,0,999,999,0,0,0,0,0,0,0,0,0,0,28,91,0,0,1,2,55,1,1,8,1,0,0,1,10,99,1,2,64,"777777777777","777777777777","777777777777",0,0
48,481624,2,3,1,25,6,21,9,12,8,1,0,48,1,72,706,72706,80,2008,"1HD1GM41X8K3","1","H","D","1","G","M","4","1","X","8","K","3",0,0,0,"000000000","00000000000",0,0,0,1,0,0,0,0,0,0,0,998,0,0,0,98,8,5,12,0,0,0,1,48,77340,6,1,0,0,3,0,999,999,0,0,0,0,0,0,0,0,0,0,0,0,0,0,1,2,55,1,1,8,1,0,0,1,62,99,1,1,65,"777777777777","777777777777","777777777777",0,0
48,481624,3,3,2,25,6,21,9,12,8,1,0,48,1,72,706,72706,80,2010,"1HD1JN516AB0","1","H","D","1","J","N","5","1","6","A","B","0",0,0,0,"000000000","00000000000",0,0,0,1,0,0,0,0,0,0,0,998,0,0,0,12,8,2,12,0,0,0,1,48,77316,6,1,0,0,3,0,999,999,0,0,0,1,1,8,2011,7,2012,0,0,0,0,0,1,2,55,1,1,8,1,0,0,1,62,99,1,1,98,"777777777777","777777777777","777777777777",1,0
48,481625,1,2,1,26,6,1,45,12,2,1,0,48,1,6,51,6051,4,2014,"2C3CCABG1EH1","2","C","3","C","C","A","B","G","1","E","H","1",0,0,0,"000000000","00000000000",0,0,0,1,0,0,0,0,0,0,0,998,0,1,1,12,6,2,12,0,0,1,1,48,76401,6,1,0,0,3,0,999,999,0,0,0,2,1,5,2013,6,2013,0,51,0,0,0,1,2,75,2,2,8,1,0,0,14,10,99,1,4,50,"777777777777","777777777777","777777777777",1,1
48,481625,2,2,1,26,6,1,45,12,2,1,0,48,2,12,481,12481,31,1997,"1FTJW35F0VED","1","F","T","J","W","3","5","F","0","V","E","D",0,0,0,"000000000","00000000000",0,0,0,1,0,0,0,0,0,0,0,998,0,1,2,12,6,2,12,0,0,0,1,39,45359,1,1,0,0,2,0,74,270,1,5,4,1,1,8,2012,6,2015,0,0,0,0,0,1,2,75,3,2,8,1,0,0,14,62,7,1,4,51,"777777777777","777777777777","777777777777",1,1
48,481626,1,1,2,26,6,16,36,42,0,1,0,48,1,49,51,49051,4,2007,"JTDBT9237710","J","T","D","B","T","9","2","3","7","7","1","0",0,0,0,"000000000","00000000000",0,0,0,1,0,0,0,0,0,0,0,998,0,0,0,9,6,2,42,0,0,0,1,48,78108,6,1,0,0,3,0,999,999,0,0,0,0,0,0,0,0,0,5,0,0,0,0,1,2,35,2,2,8,2,0,0,14,10,9,3,4,2,"777777777777","777777777777","777777777777",1,0
48,481627,1,1,4,26,6,4,0,42,0,1,0,48,2,20,481,20481,31,2016,"1GCVKREC1GZ1","1","G","C","V","K","R","E","C","1","G","Z","1",0,0,0,"000000000","00000000000",0,0,0,1,0,0,0,0,0,0,0,96,0,1,5,98,6,2,1,0,0,0,1,48,75835,6,1,0,0,3,0,999,999,0,0,0,1,0,10,2015,10,2015,3,91,0,0,0,1,2,55,3,2,8,1,0,0,1,6,99,9,4,2,"777777777777","777777777777","777777777777",2,1
48,481628,1,2,1,26,6,22,0,12,6,1,0,48,1,6,51,6051,4,2007,"2C3KA53G57H8","2","C","3","K","A","5","3","G","5","7","H","8",0,0,0,"000000000","00000000000",0,0,0,1,0,0,0,0,0,0,0,998,0,0,0,81,2,3,12,0,0,0,1,48,79107,6,1,6,0,3,0,999,999,0,0,0,1,1,6,2012,4,2016,0,38,0,0,0,1,4,45,1,1,8,1,0,0,11,15,99,1,1,68,"777777777777","777777777777","777777777777",0,0
48,481628,2,2,2,26,6,22,0,12,6,1,0,48,1,72,706,72706,80,2002,"1HD4CAM102K1","1","H","D","4","C","A","M","1","0","2","K","1",0,0,0,"000000000","00000000000",0,0,0,1,0,0,0,0,0,0,0,998,0,0,0,12,8,2,12,0,0,0,1,48,79107,6,1,6,0,3,0,999,999,0,0,0,0,1,9,2012,9,2012,0,0,0,0,0,1,4,45,1,1,8,1,0,0,1,62,99,1,1,69,"777777777777","777777777777","777777777777",1,0
48,481629,1,2,1,29,6,20,9,44,0,1,0,48,2,20,401,20401,14,2003,"1GNET16P1361","1","G","N","E","T","1","6","P","1","3","6","1",0,0,0,"000000000","00000000000",0,0,0,1,0,0,0,0,0,0,0,998,0,1,1,0,8,2,12,0,0,0,1,48,78521,0,0,0,0,0,0,999,999,0,0,0,0,0,0,0,0,0,4,39,82,0,0,1,2,99,1,1,8,1,20,3,1,98,99,9,2,0,"777777777777","777777777777","777777777777",1,0
48,481629,2,2,1,29,6,20,9,44,0,1,0,48,1,37,32,37032,4,1994,"JHMCD5632RC0","J","H","M","C","D","5","6","3","2","R","C","0",0,0,0,"000000000","00000000000",0,0,0,1,0,0,0,0,0,0,0,998,0,0,0,13,8,2,12,0,0,0,1,48,78521,6,1,0,0,3,3,999,999,0,0,0,0,0,0,0,0,0,0,0,0,0,0,2,2,30,1,1,8,1,0,0,1,98,99,1,1,98,"777777777777","777777777777","777777777777",0,0
48,481630,1,1,1,29,6,3,26,25,0,1,0,48,2,12,422,12422,15,2003,"1FMPU15L03LB","1","F","M","P","U","1","5","L","0","3","L","B",0,0,0,"000000000","00000000000",0,0,0,1,0,0,0,0,0,0,0,998,0,0,0,81,6,2,8,0,0,0,1,48,75038,0,0,0,0,0,0,999,999,0,3,0,0,1,1,2014,6,2016,0,0,0,0,0,3,3,70,1,1,8,1,0,0,1,13,99,1,4,1,"777777777777","777777777777","777777777777",0,0
48,481631,1,1,1,29,6,19,8,1,0,1,0,48,2,12,422,12422,15,1999,"1FMPU18LXXLA","1","F","M","P","U","1","8","L","X","X","L","A",0,0,0,"000000000","00000000000",0,0,0,1,0,0,0,0,0,0,0,998,0,2,1,0,6,2,1,0,0,0,1,48,77346,6,1,0,0,3,0,999,999,0,1,0,1,0,3,2012,10,2014,0,58,0,0,0,5,3,55,1,1,8,1,0,0,1,13,6,2,6,98,"777777777777","777777777777","777777777777",1,1
48,481632,1,2,2,30,6,15,25,12,2,1,0,48,1,22,22,22022,2,2008,"1G2ZH17N8841","1","G","2","Z","H","1","7","N","8","8","4","1",0,0,0,"000000000","00000000000",0,0,0,1,0,0,0,0,0,0,0,998,0,0,0,12,6,2,12,0,0,0,1,48,79416,6,1,0,0,3,0,999,999,0,0,0,0,0,0,0,0,0,0,58,33,0,0,1,2,75,3,3,8,1,0,0,6,54,7,2,2,54,"777777777777","777777777777","777777777777",1,1
48,481632,2,2,1,30,6,15,25,12,2,1,0,48,3,20,421,20421,15,2012,"1GNSCBE09CR2","1","G","N","S","C","B","E","0","9","C","R","2",0,0,0,"000000000","00000000000",0,0,0,1,0,0,0,0,0,0,0,998,0,1,5,12,6,2,12,0,0,0,1,48,79606,6,1,0,0,3,3,999,999,0,0,0,0,1,7,2013,7,2013,0,0,0,0,0,1,2,75,2,3,8,1,0,0,14,62,99,1,1,55,"777777777777","777777777777","777777777777",0,0
48,481633,1,1,1,1,7,23,55,33,0,1,0,48,1,72,706,72706,80,2012,"1HD1KEM13CB6","1","H","D","1","K","E","M","1","3","C","B","6",0,0,0,"000000000","00000000000",0,0,0,1,0,0,0,0,0,0,0,998,0,0,0,12,2,3,1,0,0,0,1,48,75231,6,1,0,0,3,0,67,264,0,0,0,0,0,0,0,0,0,4,0,0,0,0,2,3,40,1,2,8,1,0,0,1,13,99,1,4,1,"777777777777","777777777777","777777777777",1,1
48,481634,1,1,1,1,7,12,7,9,0,1,0,48,1,7,29,7029,4,2015,"1C3CDFDH2FD2","1","C","3","C","D","F","D","H","2","F","D","2",0,0,0,"000000000","00000000000",0,0,0,1,0,0,0,0,0,0,0,998,0,0,0,12,4,5,9,0,0,0,1,48,77340,6,1,0,0,3,3,999,999,0,0,0,0,0,0,0,0,0,0,0,0,0,0,5,5,45,1,2,8,1,0,0,1,83,99,1,1,13,"777777777777","777777777777","777777777777",0,0
48,481635,1,1,1,2,7,18,45,8,0,1,0,48,2,6,51,6051,4,2007,"2C3KA43R67H8","2","C","3","K","A","4","3","R","6","7","H","8",0,0,0,"000000000","00000000000",0,0,0,1,0,0,0,0,0,0,0,998,0,0,0,12,2,5,8,0,0,0,1,48,76164,0,0,0,0,0,0,999,999,0,0,0,0,0,0,0,0,0,5,0,0,0,0,2,2,45,1,3,8,1,0,0,1,80,99,1,1,13,"777777777777","777777777777","777777777777",0,0
48,481636,1,2,4,3,7,0,35,24,0,1,0,48,2,20,421,20421,15,2003,"1GNEK13Z83R2","1","G","N","E","K","1","3","Z","8","3","R","2",0,0,0,"000000000","00000000000",0,0,0,1,0,0,0,0,0,0,0,998,0,1,1,5,6,2,12,0,0,0,1,48,76012,0,0,0,0,0,0,999,999,0,0,0,0,0,0,0,0,0,0,0,0,0,0,3,5,70,1,1,8,1,0,0,1,61,99,1,1,98,"777777777777","777777777777","777777777777",1,0
48,481636,2,2,1,3,7,0,35,24,0,1,0,48,1,20,37,20037,4,2009,"1G1ZH57B39F2","1","G","1","Z","H","5","7","B","3","9","F","2",0,0,0,"000000000","00000000000",0,0,0,1,0,0,0,0,0,0,0,998,0,0,0,98,2,3,12,0,0,0,1,48,76140,1,1,0,0,2,0,999,999,0,21,0,0,0,3,2012,2,2016,3,91,27,0,0,3,5,70,1,1,8,1,0,0,1,13,99,1,4,1,"777777777777","777777777777","777777777777",0,1
48,481637,1,2,1,3,7,23,14,12,6,1,0,48,0,73,706,73706,80,2000,"JKAZX2E16YA0","J","K","A","Z","X","2","E","1","6","Y","A","0",0,0,0,"000000000","00000000000",0,0,0,1,0,0,0,0,0,0,0,998,0,0,0,12,2,3,12,0,0,0,1,48,76120,6,1,6,0,2,0,999,999,1,0,0,2,1,2,2013,8,2014,0,38,89,0,0,2,4,35,2,1,8,1,0,0,11,15,99,1,1,68,"777777777777","777777777777","777777777777",1,0
48,481637,2,2,1,3,7,23,14,12,6,1,0,48,1,6,51,6051,4,2006,"2C3KA53G56H2","2","C","3","K","A","5","3","G","5","6","H","2",0,0,0,"000000000","00000000000",0,0,0,1,0,0,0,0,0,0,0,998,0,0,0,9,2,3,12,0,0,0,1,48,76112,6,1,6,0,3,0,999,999,1,0,0,0,0,1,2014,1,2014,0,0,0,0,0,2,4,35,2,1,8,1,0,0,1,62,99,1,1,69,"777777777777","777777777777","777777777777",0,1
48,481638,1,2,1,4,7,19,5,12,6,1,0,48,0,35,51,35051,6,2011,"JN8AS5MV0BW2","J","N","8","A","S","5","M","V","0","B","W","2",0,0,0,"000000000","00000000000",0,0,0,1,0,0,0,0,0,0,0,998,0,0,0,11,6,2,12,0,0,0,1,48,75090,1,1,0,0,2,3,999,999,0,11,0,1,1,3,2012,10,2015,0,91,38,0,0,1,2,98,8,8,8,1,20,3,10,16,99,1,1,78,"777777777777","777777777777","777777777777",0,1
48,481638,2,2,1,4,7,19,5,12,6,1,0,48,0,53,705,53705,80,2004,"JS1GN7CA7421","J","S","1","G","N","7","C","A","7","4","2","1",0,0,0,"000000000","00000000000",0,0,0,1,0,0,0,0,0,0,0,998,0,0,0,12,8,2,12,0,0,0,1,48,75180,1,1,0,0,2,3,999,999,1,3,0,0,0,9,2012,3,2016,3,0,0,0,0,4,3,45,1,1,8,1,0,0,1,65,99,1,1,79,"777777777777","777777777777","777777777777",1,0
48,481639,1,1,1,4,7,2,19,46,0,1,0,48,1,72,706,72706,80,2008,"1HD1BW5108Y0","1","H","D","1","B","W","5","1","0","8","Y","0",0,0,0,"000000000","00000000000",0,0,0,1,0,0,0,0,0,0,0,998,0,0,0,98,8,2,46,0,0,0,1,48,79924,6,1,0,0,3,3,999,999,2,0,0,1,0,2,2012,4,2012,0,0,0,0,0,3,2,40,1,1,8,1,3,3,1,13,99,1,4,1,"777777777777","777777777777","777777777777",1,0
48,481640,1,1,1,4,7,21,19,33,0,1,0,48,0,53,705,53705,80,2001,"JS1GN7BA0121","J","S","1","G","N","7","B","A","0","1","2","1",0,0,0,"000000000","00000000000",0,0,0,1,0,0,0,0,0,0,0,998,0,0,0,98,2,3,33,0,0,0,1,48,76119,0,0,0,0,0,0,999,999,0,28,0,2,6,7,2011,5,2016,0,27,85,0,0,2,3,40,1,2,8,1,0,0,1,13,99,1,4,1,"777777777777","777777777777","777777777777",1,0
48,481641,1,2,1,4,7,22,15,12,98,1,0,48,0,20,481,20481,31,1989,"1GCDC14K7KE1","1","G","C","D","C","1","4","K","7","K","E","1",0,0,0,"000000000","00000000000",0,0,0,1,0,0,0,0,0,0,0,998,0,1,1,12,6,2,12,0,0,0,1,99,99999,9,9,99,9,9,9,999,999,99,99,99,99,99,99,9999,99,9999,4,8,27,0,0,3,4,98,8,8,8,98,0,0,15,13,99,1,4,99,"777777777777","777777777777","777777777777",1,1
48,481641,2,2,99,4,7,22,15,12,98,1,1,48,9,49,472,49472,30,2013,"999999999999","9","9","9","9","9","9","9","9","9","9","9","9",0,0,0,"000000000","00000000000",0,0,0,1,0,0,0,0,99,99,9,999,0,0,0,98,9,5,12,99,99,0,1,99,99999,9,9,99,9,9,9,999,999,99,99,99,99,99,99,9999,99,9999,9,99,99,99,99,4,3,55,1,1,8,1,0,0,1,64,99,1,1,99,"777777777777","777777777777","777777777777",0,0
48,481642,1,2,2,11,6,13,45,12,1,1,0,37,3,12,481,12481,31,2015,"1FT7W2B63FED","1","F","T","7","W","2","B","6","3","F","E","D",0,0,0,"000000000","00000000000",0,0,0,1,0,0,0,0,0,0,0,998,0,0,0,12,6,2,12,0,0,0,1,48,77632,1,1,0,0,2,0,999,999,0,13,1,0,2,12,2011,1,2016,5,35,0,0,0,3,2,80,1,1,8,1,0,0,6,51,99,1,1,24,"777777777777","777777777777","777777777777",1,1
48,481642,2,2,2,11,6,13,45,12,1,1,0,93,3,84,881,84881,66,2015,"3HSDJAPR4FN5","3","H","S","D","J","A","P","R","4","F","N","5",1,1,57,"1267279","571267279",3,6,1,1,0,0,0,0,0,0,0,998,0,0,0,6,4,5,12,0,0,0,1,96,0,9,9,99,9,9,9,999,999,99,99,99,99,99,99,9999,99,9999,0,0,0,0,0,3,2,80,1,1,8,1,0,0,1,53,99,1,1,25,"1UYVS25384P1","777777777777","777777777777",0,0
48,481643,1,1,1,19,6,22,0,8,0,1,1,12,4,2,404,2404,14,2016,"1C4NJCBA3GD5","1","C","4","N","J","C","B","A","3","G","D","5",0,0,0,"000000000","00000000000",0,0,0,1,0,0,0,0,0,0,0,998,0,0,0,14,8,5,8,0,0,0,1,48,78569,6,1,0,0,3,3,999,999,0,0,0,3,0,2,2012,6,2014,0,0,0,0,0,1,2,60,1,1,8,1,0,0,1,80,99,1,1,13,"777777777777","777777777777","777777777777",0,0
48,481644,1,1,1,21,6,3,52,9,0,1,0,48,1,55,42,55042,3,2015,"KMHTC6AE8FU2","K","M","H","T","C","6","A","E","8","F","U","2",0,0,0,"000000000","00000000000",0,0,0,1,0,0,0,0,0,0,0,998,0,0,0,12,2,3,9,0,0,0,1,48,76028,6,1,0,0,3,3,999,999,0,0,0,0,1,8,2011,8,2011,0,0,0,0,0,6,2,60,1,1,8,1,0,0,15,83,99,1,2,13,"777777777777","777777777777","777777777777",0,0
48,481645,1,1,1,25,6,1,59,24,0,1,0,48,2,12,481,12481,31,2007,"1FTPW12517KD","1","F","T","P","W","1","2","5","1","7","K","D",0,0,0,"000000000","00000000000",0,0,0,1,0,0,0,0,0,0,0,998,0,1,3,98,6,2,1,0,0,0,1,48,75041,0,0,0,0,0,0,999,999,0,0,0,0,0,0,0,0,0,0,0,0,0,0,3,5,70,3,2,8,1,0,0,14,13,99,1,4,1,"777777777777","777777777777","777777777777",1,1
48,481646,1,1,99,25,6,20,11,9,0,1,1,99,9,99,999,99999,99,9999,"999999999999","9","9","9","9","9","9","9","9","9","9","9","9",0,0,99,"999999999","99999999999",9,99,99,1,0,0,0,0,99,99,9,999,0,0,0,12,9,5,9,99,99,0,1,99,99999,9,9,99,9,9,9,999,999,99,99,99,99,99,99,9999,99,9999,9,99,99,99,99,1,2,45,1,1,8,1,0,0,1,13,6,1,6,13,"777777777777","777777777777","777777777777",0,0
48,481647,1,1,1,2,7,16,12,52,0,1,0,48,1,59,34,59034,4,2016,"JTHBA1BL5GA0","J","T","H","B","A","1","B","L","5","G","A","0",0,0,0,"000000000","00000000000",0,0,0,1,0,0,0,0,0,0,0,998,0,0,0,12,6,2,24,0,0,0,1,48,78221,6,1,0,0,3,3,999,999,0,0,0,0,0,0,0,0,0,0,0,0,0,0,3,2,70,1,1,8,1,0,0,1,12,99,1,4,6,"777777777777","777777777777","777777777777",1,1
48,481648,1,1,1,2,7,4,0,32,0,1,0,48,1,20,25,20025,4,2013,"1G1PC5SB7D73","1","G","1","P","C","5","S","B","7","D","7","3",0,0,0,"000000000","00000000000",0,0,0,1,0,0,0,0,0,0,0,998,0,1,5,12,6,2,32,0,0,1,1,48,79735,6,1,0,0,3,0,999,999,0,1,0,1,0,7,2011,5,2015,0,0,0,0,0,1,2,75,2,1,8,1,0,0,14,12,7,1,4,6,"777777777777","777777777777","777777777777",1,0
48,481649,1,1,4,3,7,5,5,30,0,1,0,48,2,7,482,7482,31,2014,"1C6RR6LT3ES4","1","C","6","R","R","6","L","T","3","E","S","4",0,0,0,"000000000","00000000000",0,0,0,1,0,0,0,0,0,0,0,998,0,0,0,12,6,2,30,0,0,0,1,48,79601,6,1,0,0,3,3,999,999,0,0,0,0,0,0,0,0,0,0,0,0,0,0,1,4,35,3,1,8,1,0,0,14,13,99,1,4,1,"777777777777","777777777777","777777777777",1,1
48,481650,1,1,1,6,7,5,38,33,0,1,0,48,0,12,471,12471,30,2000,"1FTYR10C1YPA","1","F","T","Y","R","1","0","C","1","Y","P","A",0,0,0,"000000000","00000000000",0,0,0,1,0,0,0,0,0,0,0,998,0,1,5,98,6,2,8,0,0,0,1,48,78223,6,1,0,0,3,3,999,999,1,0,0,1,0,10,2011,1,2013,0,0,0,0,0,5,3,40,3,1,8,1,0,0,14,13,99,1,4,1,"777777777777","777777777777","777777777777",0,0
48,481651,1,2,1,1,1,5,24,8,0,1,0,48,1,37,441,37441,20,2000,"2HKRL1873YH6","2","H","K","R","L","1","8","7","3","Y","H","6",0,0,0,"000000000","00000000000",0,0,0,1,0,0,0,0,0,0,0,998,0,0,0,12,6,2,8,0,0,0,1,48,75041,6,1,0,0,3,3,999,999,0,0,0,1,0,4,2012,4,2012,0,0,0,0,0,3,4,65,1,1,8,1,0,0,1,90,98,1,1,13,"777777777777","777777777777","777777777777",0,0
48,481651,2,2,1,1,1,5,24,8,0,1,0,48,2,55,33,55033,4,2002,"KMHWF25S22A6","K","M","H","W","F","2","5","S","2","2","A","6",0,0,0,"000000000","00000000000",0,0,0,1,0,0,0,0,0,0,0,0,0,0,0,98,6,2,12,0,0,0,1,48,76018,6,1,0,0,3,3,999,999,0,0,0,0,0,0,0,0,0,0,0,0,0,0,3,4,65,1,1,8,1,0,0,7,53,1,1,1,98,"777777777777","777777777777","777777777777",0,0
48,481652,1,1,3,9,4,1,14,18,0,1,0,48,2,49,482,49482,31,2010,"5TFRM5F19AX0","5","T","F","R","M","5","F","1","9","A","X","0",0,0,0,"000000000","00000000000",0,0,0,1,0,0,0,0,0,0,0,998,0,0,0,14,6,2,2,0,0,1,1,48,76501,1,7,0,0,2,3,999,999,0,4,0,1,0,9,2012,10,2015,3,37,0,0,0,1,2,50,1,1,8,1,0,0,1,90,99,1,1,12,"777777777777","777777777777","777777777777",1,1
48,481653,1,1,1,4,5,19,17,43,0,1,0,48,2,49,50,49050,3,2008,"JTLKE50E3810","J","T","L","K","E","5","0","E","3","8","1","0",0,0,0,"000000000","00000000000",0,0,0,1,0,0,0,0,0,0,0,998,0,1,6,12,6,2,1,0,0,0,1,48,78207,0,0,0,0,0,0,999,999,0,5,0,2,2,5,2015,9,2015,0,0,0,0,0,1,2,35,3,2,8,1,0,0,1,13,99,1,4,1,"777777777777","777777777777","777777777777",1,0
48,481654,1,1,1,16,5,5,27,24,0,1,0,48,1,49,40,49040,4,2007,"4T1BK46K27U5","4","T","1","B","K","4","6","K","2","7","U","5",0,0,0,"000000000","00000000000",0,0,0,1,0,0,0,0,0,0,0,998,0,1,1,81,6,2,24,0,0,0,1,48,75051,6,1,0,0,3,0,67,270,1,1,0,1,1,9,2012,2,2016,0,0,0,0,0,4,2,40,2,2,8,1,0,0,14,13,99,1,4,1,"777777777777","777777777777","777777777777",1,0
48,481655,1,2,1,12,6,6,22,12,2,1,0,48,2,12,461,12461,21,1997,"1FDEE14L5VHB","1","F","D","E","E","1","4","L","5","V","H","B",0,0,0,"000000000","00000000000",0,0,0,1,0,0,0,0,0,0,0,998,0,0,0,12,6,2,12,0,0,0,1,48,77566,1,1,0,0,2,0,999,999,0,18,0,1,1,2,2012,5,2016,0,28,51,0,0,1,2,55,1,1,8,1,0,0,1,10,99,1,2,50,"777777777777","777777777777","777777777777",0,0
48,481655,2,2,1,12,6,6,22,12,2,1,0,48,1,12,481,12481,31,1992,"1FTEX15Y6NKA","1","F","T","E","X","1","5","Y","6","N","K","A",0,0,0,"000000000","00000000000",0,0,0,1,0,0,0,0,0,0,0,998,0,0,0,12,6,2,12,0,0,0,1,48,77563,6,1,6,0,3,0,68,200,0,0,0,0,0,0,0,0,0,0,0,0,0,0,1,2,55,1,1,8,1,0,0,1,62,99,1,1,51,"777777777777","777777777777","777777777777",1,0
48,481656,1,1,1,15,6,10,50,14,0,1,0,48,3,12,881,12881,61,2013,"1FDUF5GT0DEB","1","F","D","U","F","5","G","T","0","D","E","B",0,0,88,"888888888","88888888888",2,1,1,1,0,0,0,0,0,0,0,998,0,0,0,12,6,2,14,0,0,0,1,48,75142,6,1,0,0,3,0,999,999,0,0,0,0,0,0,0,0,0,0,0,0,0,0,3,4,65,1,1,8,1,0,0,1,11,99,1,4,11,"777777777777","777777777777","777777777777",1,0
48,481657,1,1,1,16,6,9,51,25,0,1,0,22,3,85,881,85881,66,2013,"1XKDP4TX8DJ3","1","X","K","D","P","4","T","X","8","D","J","3",2,3,57,"237331","57237331",3,7,3,1,0,0,0,0,0,0,0,998,0,1,3,98,6,2,1,0,0,0,1,48,77449,6,1,6,0,3,3,999,999,1,0,0,0,0,5,2012,5,2012,0,99,99,99,99,2,2,55,1,1,8,1,0,0,1,13,99,1,4,1,"WG0THPS66F00","WG0THPS64F00","777777777777",1,0
48,481658,1,2,1,17,6,2,59,12,8,1,0,19,3,85,881,85881,66,2008,"1XKADB9X78J2","1","X","K","A","D","B","9","X","7","8","J","2",1,1,57,"2800277","572800277",3,6,1,1,0,0,0,0,0,0,0,998,0,0,0,61,6,2,12,0,0,0,1,48,75783,6,1,6,0,3,3,999,999,1,0,0,0,0,2,2012,2,2012,0,28,51,91,0,1,2,75,1,1,8,1,0,0,1,10,99,1,2,64,"1UYVS29397U0","777777777777","777777777777",0,0
48,481658,2,2,1,17,6,2,59,12,8,1,0,29,3,82,881,82881,66,2013,"3AKJGLDR7DSF","3","A","K","J","G","L","D","R","7","D","S","F",1,1,57,"273573","57273573",3,6,1,1,0,0,0,0,0,0,0,998,0,0,0,9,6,2,12,0,0,1,1,29,64735,6,1,6,0,3,3,72,270,0,0,0,1,1,1,2015,2,2015,0,0,0,0,0,1,2,75,1,1,8,1,0,0,1,62,99,1,1,65,"888888888888","777777777777","777777777777",1,0
48,481659,1,1,2,19,6,7,9,52,0,1,0,53,2,51,881,51881,66,2016,"4V4NC9EJ4GN9","4","V","4","N","C","9","E","J","4","G","N","9",1,1,57,"2858375","572858375",3,6,1,1,0,0,0,0,0,0,0,998,0,1,5,12,6,2,52,0,0,0,1,53,98226,6,1,6,0,3,0,73,205,0,0,0,0,0,0,0,0,0,0,0,0,0,0,1,2,70,3,2,8,1,0,0,14,13,99,1,4,1,"4V4NC9EJ4GN9","777777777777","777777777777",1,0
48,481660,1,1,1,21,6,23,10,1,0,1,0,48,1,72,706,72706,80,2008,"1HD1GY4428K3","1","H","D","1","G","Y","4","4","2","8","K","3",0,0,0,"000000000","00000000000",0,0,0,1,0,0,0,0,0,0,0,998,0,0,0,0,8,2,1,0,0,0,1,48,77379,6,1,0,0,3,3,999,999,1,0,0,0,0,8,2012,8,2012,0,0,0,0,0,5,3,45,3,1,8,1,0,0,14,13,99,1,4,1,"777777777777","777777777777","777777777777",1,0
48,481661,1,1,1,21,6,2,3,18,0,1,0,48,3,51,881,51881,66,2005,"4V4NC9TG35N3","4","V","4","N","C","9","T","G","3","5","N","3",1,3,57,"2783123","572783123",3,6,1,1,0,0,0,0,0,0,0,998,0,1,3,98,8,2,2,0,0,1,1,96,0,9,9,99,9,9,9,999,999,99,99,99,99,99,99,9999,99,9999,0,0,0,0,0,3,3,75,1,1,8,1,0,0,1,90,99,1,1,12,"3H3V532C2FT2","777777777777","777777777777",0,0
48,481662,1,2,1,25,6,0,43,25,0,1,0,48,1,20,481,20481,31,2000,"2GCEK19T7Y13","2","G","C","E","K","1","9","T","7","Y","1","3",0,0,0,"000000000","00000000000",0,0,0,1,0,0,0,0,0,0,0,998,0,1,1,12,6,2,12,0,0,0,1,12,32225,0,0,0,0,0,0,68,999,0,12,0,2,3,8,2012,3,2016,0,0,0,0,0,3,3,65,1,1,1,1,0,0,1,12,99,1,4,6,"777777777777","777777777777","777777777777",1,1
48,481662,2,2,4,25,6,0,43,25,0,1,0,48,1,20,9,20009,2,2011,"2G1FC3DD8B92","2","G","1","F","C","3","D","D","8","B","9","2",0,0,0,"000000000","00000000000",0,0,0,1,0,0,0,0,0,0,0,998,0,0,0,6,6,2,12,0,0,0,1,48,77012,6,1,0,0,3,0,999,999,0,0,0,3,0,6,2013,9,2014,0,0,0,0,0,3,3,65,1,1,1,1,0,0,1,60,99,1,1,98,"777777777777","777777777777","777777777777",0,0