"STATE","ST_CASE","VEH_NO","VE_FORMS","NUMOCCS","DAY","MONTH","HOUR","MINUTE","HARM_EV","MAN_COLL","UNITTYPE","HIT_RUN","REG_STAT","OWNER","MAKE","MODEL","MAK_MOD","BODY_TYP","MOD_YEAR","VIN","VIN_1","VIN_2","VIN_3","VIN_4","VIN_5","VIN_6","VIN_7","VIN_8","VIN_9","VIN_10","VIN_11","VIN_12","TOW_VEH","J_KNIFE","MCARR_I1","MCARR_I2","MCARR_ID","GVWR","V_CONFIG","CARGO_BT","HAZ_INV","HAZ_PLAC","HAZ_ID","HAZ_CNO","HAZ_REL","BUS_USE","SPEC_USE","EMER_USE","TRAV_SP","UNDERIDE","ROLLOVER","ROLINLOC","IMPACT1","DEFORMED","TOWED","M_HARM","VEH_SC1","VEH_SC2","FIRE_EXP","DR_PRES","L_STATE","DR_ZIP","L_STATUS","L_TYPE","CDL_STAT","L_ENDORS","L_COMPL","L_RESTRI","DR_HGT","DR_WGT","PREV_ACC","PREV_SUS","PREV_DWI","PREV_SPD","PREV_OTH","FIRST_MO","FIRST_YR","LAST_MO","LAST_YR","SPEEDREL","DR_SF1","DR_SF2","DR_SF3","DR_SF4","VTRAFWAY","VNUM_LAN","VSPD_LIM","VALIGN","VPROFILE","VPAVETYP","VSURCOND","VTRAFCON","VTCONT_F","P_CRASH1","P_CRASH2","P_CRASH3","PCRASH4","PCRASH5","ACC_TYPE","TRLR1VIN","TRLR2VIN","TRLR3VIN","DEATHS","DR_DRINK"
48,481693,1,2,1,7,7,7,54,12,6,1,0,93,3,85,884,85884,66,2016,"1XKYDP9X2GJ1","1","X","K","Y","D","P","9","X","2","G","J","1",1,1,57,"2474662","572474662",3,6,8,1,0,0,0,0,0,0,0,998,0,1,5,12,6,2,12,0,0,0,1,53,79045,3,1,0,0,2,0,999,999,0,0,0,0,0,0,0,0,0,0,0,0,0,0,1,2,75,1,1,8,1,0,0,1,66,99,1,1,88,"1T9SC4222BB6","777777777777","777777777777",0,0
48,481693,2,2,6,7,7,7,54,12,6,1,0,35,2,49,442,49442,20,2015,"5TDYK3DC0FS5","5","T","D","Y","K","3","D","C","0","F","S","5",0,0,0,"000000000","00000000000",0,0,0,1,0,0,0,0,0,0,0,998,0,0,0,11,6,2,12,0,0,0,1,35,88101,6,1,0,0,3,3,999,999,98,0,0,0,0,0,0,0,0,0,38,0,0,0,1,2,98,8,8,8,1,20,3,1,17,99,1,1,89,"777777777777","777777777777","777777777777",1,0
48,481694,1,2,1,7,7,23,18,12,6,1,0,48,1,35,39,35039,4,2004,"1N4BA41E84C8","1","N","4","B","A","4","1","E","8","4","C","8",0,0,0,"000000000","00000000000",0,0,0,1,0,0,0,0,0,0,0,998,0,0,0,9,6,2,12,0,0,0,1,48,76015,6,1,0,0,3,0,999,999,0,0,0,0,0,0,0,0,0,0,38,0,0,0,1,2,98,8,8,8,1,20,3,11,15,99,1,1,82,"777777777777","777777777777","777777777777",0,0
48,481694,2,2,1,7,7,23,18,12,6,1,0,48,0,98,705,98705,80,2010,"ZKHLBEHK9AV0","Z","K","H","L","B","E","H","K","9","A","V","0",0,0,0,"000000000","00000000000",0,0,0,1,0,0,0,0,0,0,0,998,0,0,0,12,8,2,12,0,0,0,1,48,76012,6,1,0,0,2,0,999,999,0,0,0,0,0,0,0,0,0,5,0,0,0,0,2,2,40,1,2,8,1,0,0,1,67,99,1,1,83,"777777777777","777777777777","777777777777",1,0
48,481695,1,1,1,8,7,2,0,1,0,1,0,48,1,72,706,72706,80,2016,"1HD1KTM12GB6","1","H","D","1","K","T","M","1","2","G","B","6",0,0,0,"000000000","00000000000",0,0,0,1,0,0,0,0,0,0,0,998,0,0,0,0,8,2,1,0,0,0,1,48,77379,1,1,0,0,2,0,999,999,2,2,0,1,2,6,2012,2,2016,0,28,0,0,0,1,2,30,2,1,8,1,0,0,14,12,99,1,4,6,"777777777777","777777777777","777777777777",1,1
48,481696,1,2,1,8,7,11,36,12,6,1,0,48,0,53,706,53706,80,2005,"JS1VS52A2521","J","S","1","V","S","5","2","A","2","5","2","1",0,0,0,"000000000","00000000000",0,0,0,1,0,0,0,0,0,0,0,998,0,0,0,12,8,2,12,0,0,0,1,48,78501,1,1,0,0,2,0,999,999,0,13,0,1,0,8,2011,7,2016,0,0,0,0,0,5,5,45,1,1,8,1,0,0,1,62,99,1,1,69,"777777777777","777777777777","777777777777",1,0
48,481696,2,2,1,8,7,11,36,12,6,1,0,48,1,49,402,49402,14,2012,"2T3ZF4DV9CW1","2","T","3","Z","F","4","D","V","9","C","W","1",0,0,0,"000000000","00000000000",0,0,0,1,0,0,0,0,0,0,0,998,0,0,0,81,6,2,12,0,0,0,1,48,75801,6,1,0,0,3,0,999,999,0,1,0,0,1,8,2011,3,2013,0,38,0,0,0,5,5,45,1,1,8,1,0,0,11,15,99,1,1,68,"777777777777","777777777777","777777777777",0,0
48,481697,1,3,1,8,7,21,27,12,2,1,0,48,0,12,21,12021,4,2007,"1FAHP24167G1","1","F","A","H","P","2","4","1","6","7","G","1",0,0,0,"000000000","00000000000",0,0,0,1,0,0,0,0,0,0,0,998,0,0,0,12,6,2,12,0,0,0,1,48,79336,0,0,0,0,0,0,999,999,0,0,0,0,0,0,0,0,0,0,91,0,0,0,5,7,45,1,1,8,1,0,0,1,54,99,1,1,52,"777777777777","777777777777","777777777777",0,1
48,481697,2,3,1,8,7,21,27,12,2,1,0,48,2,37,31,37031,2,2002,"1HGEM22902L0","1","H","G","E","M","2","2","9","0","2","L","0",0,0,0,"000000000","00000000000",0,0,0,1,0,0,0,0,0,0,0,998,0,0,0,12,6,2,12,0,0,0,1,48,79412,0,0,0,0,0,0,999,999,0,0,0,0,0,0,0,0,0,0,0,0,0,0,5,7,45,1,1,8,1,0,0,1,54,99,1,1,52,"777777777777","777777777777","777777777777",1,1
48,481697,3,3,6,8,7,21,27,12,2,1,0,40,2,20,421,20421,15,2003,"1GNEC13Z33R3","1","G","N","E","C","1","3","Z","3","3","R","3",0,0,0,"000000000","00000000000",0,0,0,1,0,0,0,0,0,0,0,998,0,0,0,12,6,2,12,0,0,0,1,40,73644,6,1,0,0,3,0,999,999,0,0,0,0,0,0,0,0,0,0,0,0,0,0,5,7,45,1,1,8,1,0,0,1,52,99,1,1,98,"777777777777","777777777777","777777777777",0,0
48,481698,1,2,2,8,7,16,55,12,2,1,0,48,2,20,37,20037,4,2012,"1G1ZA5EU6CF1","1","G","1","Z","A","5","E","U","6","C","F","1",0,0,0,"000000000","00000000000",0,0,0,1,0,0,0,0,0,0,0,998,0,0,0,12,6,2,12,0,0,0,1,48,75602,6,1,0,0,3,0,999,999,0,0,0,0,0,0,0,0,0,0,51,0,0,0,1,2,70,1,1,8,1,0,0,1,10,99,1,2,50,"777777777777","777777777777","777777777777",1,0
48,481698,2,2,1,8,7,16,55,12,2,1,0,47,4,82,881,82881,66,2015,"3AKJGLD59FSF","3","A","K","J","G","L","D","5","9","F","S","F",1,1,57,"247898","57247898",3,6,1,1,0,0,0,0,0,0,0,998,0,1,5,12,6,2,12,0,0,0,1,40,73051,6,1,6,0,3,0,68,172,0,0,0,0,1,8,2012,8,2012,0,0,0,0,0,1,2,70,1,1,8,1,0,0,1,62,99,1,1,51,"1Z92D4828WT0","777777777777","777777777777",0,0
48,481699,1,1,4,9,7,0,26,1,0,1,0,48,2,12,481,12481,31,2001,"1FTRX17LX1KA","1","F","T","R","X","1","7","L","X","1","K","A",0,0,0,"000000000","00000000000",0,0,0,1,0,0,0,0,0,0,0,998,0,2,5,0,6,2,1,0,0,0,1,48,79081,0,0,0,0,0,0,999,999,0,0,0,0,0,0,0,0,0,0,58,0,0,0,1,2,75,3,1,8,1,0,0,14,13,6,2,4,6,"777777777777","777777777777","777777777777",2,0
48,481700,1,1,1,9,7,5,50,8,0,1,0,48,1,37,31,37031,4,2000,"1HGEJ6678YL0","1","H","G","E","J","6","6","7","8","Y","L","0",0,0,0,"000000000","00000000000",0,0,0,1,0,0,0,0,0,0,0,998,0,0,0,12,8,2,8,0,0,0,1,48,78729,6,1,0,0,3,3,999,999,0,0,0,0,0,0,0,0,0,0,0,0,0,0,2,2,98,1,2,8,1,3,3,1,80,99,1,1,13,"777777777777","777777777777","777777777777",0,0
48,481701,1,1,4,10,7,19,45,21,0,1,0,48,2,20,421,20421,15,2000,"1GNEC13T5YJ1","1","G","N","E","C","1","3","T","5","Y","J","1",0,0,0,"000000000","00000000000",0,0,0,1,0,0,0,0,0,0,0,998,0,1,5,81,8,5,1,0,0,0,1,48,78211,0,0,0,0,0,0,999,999,0,0,0,0,0,0,0,0,0,5,87,0,0,0,1,2,35,3,1,2,11,0,0,1,5,99,9,4,2,"777777777777","777777777777","777777777777",1,0
48,481702,1,2,2,10,7,18,30,12,6,1,0,48,1,35,47,35047,4,2006,"1N4AL11D76C1","1","N","4","A","L","1","1","D","7","6","C","1",0,0,0,"000000000","00000000000",0,0,0,1,0,0,0,0,0,0,0,998,0,0,0,3,2,3,12,0,0,0,1,48,75217,6,1,0,0,3,3,999,999,0,0,0,0,0,0,0,0,0,0,39,0,0,0,5,4,30,1,2,8,1,3,3,1,17,99,1,1,87,"777777777777","777777777777","777777777777",1,0
48,481702,2,2,1,10,7,18,30,12,6,1,0,48,1,49,49,49049,6,2005,"JTLKT324X501","J","T","L","K","T","3","2","4","X","5","0","1",0,0,0,"000000000","00000000000",0,0,0,1,0,0,0,0,0,0,0,998,0,0,0,12,6,2,12,0,0,0,1,48,75218,6,1,0,0,3,3,999,999,0,0,0,0,0,0,0,0,0,0,0,0,0,0,1,4,99,1,2,8,1,3,3,1,17,99,1,1,86,"777777777777","777777777777","777777777777",0,0
48,481703,1,1,3,10,7,10,2,1,0,1,0,48,2,12,481,12481,31,2003,"1FTRW07633KD","1","F","T","R","W","0","7","6","3","3","K","D",0,0,0,"000000000","00000000000",0,0,0,1,0,0,0,0,0,0,0,998,0,1,1,0,6,2,1,32,0,0,1,48,75601,6,1,0,0,3,0,999,999,0,0,0,0,0,0,0,0,0,0,51,0,0,0,1,2,70,2,2,8,1,0,0,14,12,7,3,6,98,"777777777777","777777777777","777777777777",2,0
48,481704,1,1,1,10,7,6,40,33,0,1,0,48,2,37,31,37031,4,2016,"19XFC2F73GE0","1","9","X","F","C","2","F","7","3","G","E","0",0,0,0,"000000000","00000000000",0,0,0,1,0,0,0,0,0,0,0,998,0,1,6,61,6,2,43,0,0,0,1,48,78759,6,1,0,0,3,0,999,999,0,0,0,0,0,0,0,0,0,0,0,0,0,0,4,1,99,1,1,8,2,0,0,10,12,99,9,4,6,"777777777777","777777777777","777777777777",1,0
48,481705,1,3,2,1,7,22,55,12,6,1,0,35,2,12,3,12003,2,2013,"1ZVBP8CF9D52","1","Z","V","B","P","8","C","F","9","D","5","2",0,0,0,"000000000","00000000000",0,0,0,1,0,0,0,0,0,0,0,998,0,0,0,12,6,2,12,0,0,0,1,99,88011,9,9,99,9,9,9,999,999,99,99,99,99,99,99,9999,99,9999,0,0,0,0,0,2,2,75,1,1,8,1,0,0,1,50,8,1,1,98,"777777777777","777777777777","777777777777",0,0
48,481705,2,3,1,1,7,22,55,12,6,1,0,48,0,49,32,49032,4,2013,"5YFBU4EE2DP1","5","Y","F","B","U","4","E","E","2","D","P","1",0,0,0,"000000000","00000000000",0,0,0,1,0,0,0,0,0,0,0,0,0,0,0,61,6,2,12,0,0,0,1,48,79938,6,1,0,0,3,0,999,999,0,0,0,0,0,0,0,0,0,0,54,0,0,0,2,2,75,1,1,8,1,0,0,5,98,1,1,1,98,"777777777777","777777777777","777777777777",1,0
48,481705,3,3,2,1,7,22,55,12,6,1,0,93,3,82,881,82881,66,2016,"3AKGGLD55GSG","3","A","K","G","G","L","D","5","5","G","S","G",1,1,57,"154237","57154237",3,6,1,1,0,0,0,0,0,0,0,998,0,0,0,12,6,2,12,0,0,0,1,48,75006,6,1,6,0,3,0,999,999,0,2,0,0,0,11,2011,1,2013,0,0,0,0,0,2,2,75,1,1,8,1,0,0,1,50,8,1,1,98,"1UYVS2530FM2","777777777777","777777777777",0,0
48,481706,1,2,1,1,7,19,15,12,1,1,0,48,1,7,482,7482,31,2006,"1D7HA18246S5","1","D","7","H","A","1","8","2","4","6","S","5",0,0,0,"000000000","00000000000",0,0,0,1,0,0,0,0,0,0,0,998,0,1,1,12,6,2,12,0,0,0,1,48,75160,6,1,0,0,3,0,66,173,0,0,0,0,0,0,0,0,0,5,0,0,0,0,3,2,70,1,1,8,1,0,0,1,51,99,1,1,24,"777777777777","777777777777","777777777777",1,0
48,481706,2,2,1,1,7,19,15,12,1,1,0,0,0,99,999,99999,99,9999,"000000000000","0","0","0","0","0","0","0","0","0","0","0","0",1,1,0,"000000000","00000000000",0,0,0,1,0,0,0,0,0,0,0,998,0,0,0,6,4,5,12,0,0,0,1,48,75160,6,1,0,0,1,0,999,999,0,0,0,1,0,10,2012,10,2012,0,24,0,0,0,3,2,70,1,1,8,1,0,0,1,53,99,1,1,25,"000000000000","777777777777","777777777777",0,0
48,481707,1,2,1,5,7,11,34,12,1,1,0,48,1,72,706,72706,80,2016,"1HD1MAL18GB8","1","H","D","1","M","A","L","1","8","G","B","8",0,0,0,"000000000","00000000000",0,0,0,1,0,0,0,0,0,0,0,998,0,0,0,12,8,2,12,32,0,0,1,48,78748,6,1,0,0,3,0,999,999,0,0,0,0,0,0,0,0,0,5,0,0,0,0,3,4,70,1,3,8,1,0,0,1,50,8,1,4,38,"777777777777","777777777777","777777777777",1,0
48,481707,2,2,3,5,7,11,34,12,1,1,0,48,2,37,402,37402,14,2011,"5J6RE3H40BL0","5","J","6","R","E","3","H","4","0","B","L","0",0,0,0,"000000000","00000000000",0,0,0,1,0,0,0,0,0,0,0,998,0,0,0,6,6,2,12,0,0,0,1,48,78717,6,1,0,0,3,3,999,999,0,0,0,0,0,0,0,0,0,0,0,0,0,0,3,4,70,1,3,8,1,0,0,15,50,8,1,4,39,"777777777777","777777777777","777777777777",0,0
48,481708,1,1,1,8,7,2,0,24,0,1,0,48,3,84,884,84884,66,2006,"2HSCNAPR16C2","2","H","S","C","N","A","P","R","1","6","C","2",1,1,99,"999999999","99999999999",3,6,2,1,0,0,0,0,0,0,0,998,0,0,0,12,6,2,24,0,0,0,1,48,78577,6,1,6,2,3,3,999,999,1,0,0,2,1,8,2013,6,2015,0,0,0,0,0,3,2,75,3,2,8,1,0,0,14,13,99,1,4,1,"3R9R4TM20CM0","777777777777","777777777777",1,0
48,481709,1,1,2,9,7,3,46,14,0,1,0,48,1,20,481,20481,31,2004,"2GCEK19T9412","2","G","C","E","K","1","9","T","9","4","1","2",0,0,0,"000000000","00000000000",0,0,0,1,0,0,0,0,0,0,0,998,0,1,5,12,6,2,14,0,0,0,1,48,75169,6,1,0,0,3,0,999,999,0,0,0,0,0,0,0,0,0,0,91,0,0,0,2,2,70,1,1,8,1,0,0,1,11,99,1,4,11,"777777777777","777777777777","777777777777",0,1
48,481710,1,1,1,9,7,19,52,33,0,1,0,48,0,37,706,37706,80,2005,"JH2SC57025M1","J","H","2","S","C","5","7","0","2","5","M","1",0,0,0,"000000000","00000000000",0,0,0,1,0,0,0,0,0,0,0,998,0,0,0,98,8,2,33,0,0,0,1,48,75407,6,1,0,0,2,3,999,999,0,2,1,2,0,9,2012,8,2014,4,6,0,0,0,5,5,35,3,1,8,1,0,0,14,6,99,9,4,1,"777777777777","777777777777","777777777777",1,1
48,481711,1,2,1,30,5,11,11,12,2,1,0,48,2,20,20,20020,4,1998,"2G1WL52MXW93","2","G","1","W","L","5","2","M","X","W","9","3",0,0,0,"000000000","00000000000",0,0,0,1,0,0,0,0,0,0,0,998,0,0,0,12,6,2,12,0,0,0,1,48,78550,6,1,0,0,3,0,999,999,0,0,0,0,0,0,0,0,0,0,51,0,0,0,1,2,40,1,1,8,1,0,0,1,10,99,1,2,50,"777777777777","777777777777","777777777777",1,0
48,481711,2,2,1,30,5,11,11,12,2,1,0,48,2,59,421,59421,15,2010,"JTJHY7AX0A40","J","T","J","H","Y","7","A","X","0","A","4","0",0,0,0,"000000000","00000000000",0,0,0,1,0,0,0,0,0,0,0,998,0,0,0,12,6,2,12,0,0,0,1,48,78552,6,1,0,0,3,0,999,999,0,0,0,0,0,0,0,0,0,0,0,0,0,0,1,2,40,1,1,8,1,0,0,1,62,99,1,1,51,"777777777777","777777777777","777777777777",0,0
48,481712,1,1,4,24,6,1,30,8,0,1,0,96,1,20,28,20028,4,2016,"3G1J85DC5GS6","3","G","1","J","8","5","D","C","5","G","S","6",0,0,0,"000000000","00000000000",0,0,0,1,0,0,0,0,0,0,0,998,0,0,0,6,2,5,8,0,0,0,1,96,0,9,9,99,9,9,9,999,999,99,99,99,99,99,99,9999,99,9999,0,0,0,0,0,1,2,30,1,1,8,1,0,0,1,82,1,1,1,13,"777777777777","777777777777","777777777777",0,0
48,481713,1,1,99,25,6,23,8,8,0,1,1,99,9,99,999,99999,99,9999,"999999999999","9","9","9","9","9","9","9","9","9","9","9","9",0,0,0,"000000000","00000000000",0,0,0,1,0,0,0,0,0,0,0,998,0,0,0,99,8,5,8,0,0,0,1,99,99999,9,9,99,9,9,9,999,999,99,99,99,99,99,99,9999,99,9999,0,99,99,99,99,4,2,55,1,1,8,1,0,0,1,80,99,9,1,13,"777777777777","777777777777","777777777777",0,0
48,481714,1,1,1,30,6,19,46,53,0,1,0,48,0,14,401,14401,14,2005,"4M2ZU66K15ZJ","4","M","2","Z","U","6","6","K","1","5","Z","J",0,0,0,"000000000","00000000000",0,0,0,1,0,0,0,0,0,0,0,998,0,1,5,12,6,2,53,0,0,0,1,48,77461,6,1,0,0,3,0,999,999,0,5,0,4,0,5,2012,5,2016,5,58,0,0,0,1,2,65,1,1,8,1,0,0,1,13,6,1,4,1,"777777777777","777777777777","777777777777",1,0
48,481715,1,2,1,30,6,14,58,12,6,1,0,48,3,7,880,7880,67,2011,"3D73Y4CL0BG5","3","D","7","3","Y","4","C","L","0","B","G","5",0,0,99,"999999999","99999999999",2,1,97,1,0,0,0,0,0,0,0,998,0,0,0,3,6,2,12,0,0,0,1,48,79423,6,1,0,0,3,3,999,999,1,0,0,1,0,2,2013,3,2015,0,39,0,0,0,1,2,75,1,1,8,1,20,3,1,17,99,1,1,87,"777777777777","777777777777","777777777777",0,0
48,481715,2,2,1,30,6,14,58,12,6,1,0,93,3,86,881,86881,66,2012,"1M1AX04Y2CM0","1","M","1","A","X","0","4","Y","2","C","M","0",1,3,57,"496970","57496970",3,6,2,1,0,0,0,0,0,0,0,998,0,1,5,12,6,2,12,0,0,0,1,48,79323,6,1,6,1,3,0,999,999,0,0,0,0,0,0,0,0,0,0,0,0,0,0,1,2,75,1,1,8,1,0,0,1,66,99,1,1,86,"1UNST4227CL1","777777777777","777777777777",1,0
48,481716,1,1,4,2,7,2,0,30,0,1,0,48,1,49,32,49032,4,2003,"1NXBR32E43Z0","1","N","X","B","R","3","2","E","4","3","Z","0",0,0,0,"000000000","00000000000",0,0,0,1,0,0,0,0,0,0,0,998,0,0,0,9,6,2,30,0,0,0,1,48,75228,0,0,0,0,0,0,999,999,0,0,0,0,0,0,0,0,0,3,51,0,0,0,1,4,30,1,1,8,1,0,0,1,13,99,9,4,1,"777777777777","777777777777","777777777777",1,0
48,481717,1,1,2,2,7,23,43,1,0,1,0,48,1,23,481,23481,31,2011,"3GTP1VE08BG3","3","G","T","P","1","V","E","0","8","B","G","3",0,0,0,"000000000","00000000000",0,0,0,1,0,0,0,0,0,0,0,998,0,1,5,0,6,2,1,0,0,0,1,48,78572,0,0,0,0,0,0,999,999,0,0,0,0,0,0,0,0,0,3,37,0,0,0,5,5,45,3,1,8,1,0,0,14,13,99,4,4,2,"777777777777","777777777777","777777777777",1,1
48,481718,1,1,1,3,7,2,23,1,0,1,0,48,1,19,421,19421,15,2002,"1GYEK63N72R1","1","G","Y","E","K","6","3","N","7","2","R","1",0,0,0,"000000000","00000000000",0,0,0,1,0,0,0,0,0,0,0,998,0,1,1,0,6,2,1,0,0,0,1,48,78210,1,1,0,0,2,0,999,999,0,0,0,0,0,0,0,0,0,0,58,0,0,0,1,2,65,1,1,8,1,0,0,1,12,7,3,6,98,"777777777777","777777777777","777777777777",1,1
48,481719,1,4,1,4,7,1,8,12,2,1,0,48,0,12,481,12481,31,2001,"1FTRW07L91KD","1","F","T","R","W","0","7","L","9","1","K","D",0,0,0,"000000000","00000000000",0,0,0,1,0,0,0,0,0,0,0,998,0,1,1,12,6,2,12,0,0,0,1,48,75098,6,1,0,0,3,3,999,999,0,0,0,0,0,0,0,0,0,0,51,0,0,0,1,2,50,1,1,1,1,0,0,1,10,99,1,2,50,"777777777777","777777777777","777777777777",1,0
48,481719,2,4,2,4,7,1,8,12,2,1,0,48,1,38,402,38402,14,1998,"4S2CM58W2W43","4","S","2","C","M","5","8","W","2","W","4","3",1,1,0,"000000000","00000000000",0,0,0,1,0,0,0,0,0,0,0,998,0,0,0,12,6,2,12,0,0,0,1,48,75442,6,1,0,0,3,3,999,999,0,0,0,1,1,9,2011,11,2012,0,0,0,0,0,1,2,50,1,1,1,1,0,0,1,62,99,1,1,51,"888888888888","777777777777","777777777777",0,0
48,481719,3,4,2,4,7,1,8,12,2,1,0,48,1,22,19,22019,2,2009,"1G2AS18H2971","1","G","2","A","S","1","8","H","2","9","7","1",0,0,0,"000000000","00000000000",0,0,0,1,0,0,0,0,0,0,0,998,0,0,0,12,2,5,12,0,0,0,1,48,75098,6,1,0,0,3,3,999,999,0,0,0,2,0,4,2014,5,2015,0,0,0,0,0,1,2,50,1,1,1,1,0,0,1,52,99,1,1,98,"777777777777","777777777777","777777777777",0,0
48,481719,4,4,3,4,7,1,8,12,2,1,0,48,1,35,47,35047,4,2015,"1N4AL3AP4FC4","1","N","4","A","L","3","A","P","4","F","C","4",0,0,0,"000000000","00000000000",0,0,0,1,0,0,0,0,0,0,0,998,0,0,0,6,2,5,12,0,0,0,1,48,75074,6,1,0,0,3,3,999,999,0,0,0,1,0,12,2013,12,2013,0,0,0,0,0,1,2,50,1,1,1,1,0,0,2,53,99,1,1,98,"777777777777","777777777777","777777777777",0,0
48,481720,1,3,1,5,7,15,55,12,2,1,0,48,2,7,482,7482,31,2009,"1D3HB13P59S7","1","D","3","H","B","1","3","P","5","9","S","7",0,0,0,"000000000","00000000000",0,0,0,1,0,0,0,0,0,0,0,998,0,0,0,12,6,2,12,0,0,0,1,48,75452,3,1,0,0,2,0,999,999,0,0,0,0,2,9,2013,9,2013,0,51,0,0,0,1,2,60,1,2,8,1,0,0,1,10,99,1,2,50,"777777777777","777777777777","777777777777",0,0
48,481720,2,3,2,5,7,15,55,12,2,1,0,48,0,12,481,12481,31,1997,"1FTHW25G2VEC","1","F","T","H","W","2","5","G","2","V","E","C",0,0,0,"000000000","00000000000",0,0,0,1,0,0,0,0,0,0,0,998,0,0,0,12,6,2,12,0,0,0,1,48,75459,6,1,6,0,3,3,71,192,0,0,0,0,0,0,0,0,0,0,0,0,0,0,1,2,60,1,2,8,1,0,0,1,62,99,1,1,51,"777777777777","777777777777","777777777777",1,0
48,481720,3,3,2,5,7,15,55,12,2,1,0,40,1,2,403,2403,14,2015,"1C4AJWAG6FL5","1","C","4","A","J","W","A","G","6","F","L","5",0,0,0,"000000000","00000000000",0,0,0,1,0,0,0,0,0,0,0,998,0,0,0,13,8,5,54,0,0,0,1,40,74701,6,1,0,0,3,0,70,175,0,0,0,0,0,0,0,0,0,0,0,0,0,0,1,2,60,1,2,8,1,0,0,1,98,99,1,1,98,"777777777777","777777777777","777777777777",0,0
48,481721,1,1,1,6,7,16,0,1,0,1,0,48,0,86,881,86881,66,2004,"1M1AE06Y64N0","1","M","1","A","E","0","6","Y","6","4","N","0",1,1,57,"2502996","572502996",3,6,4,1,0,0,0,0,0,0,0,998,0,1,5,0,6,2,1,0,0,0,1,48,79336,6,1,6,0,3,3,999,999,2,0,0,0,0,11,2012,3,2013,0,0,0,0,0,1,2,70,1,1,8,1,0,0,1,3,99,2,4,1,"5C2BB38B57M0","777777777777","777777777777",1,0
48,481722,1,3,4,9,7,14,25,12,6,1,0,48,2,37,31,37031,4,2003,"2HGES26753H5","2","H","G","E","S","2","6","7","5","3","H","5",0,0,0,"000000000","00000000000",0,0,0,1,0,0,0,0,0,0,0,998,0,0,0,3,6,2,12,0,0,0,1,48,75243,6,1,0,0,3,0,999,999,0,0,0,0,0,0,0,0,0,0,39,0,0,0,2,4,40,1,1,8,1,3,3,12,21,99,1,1,98,"777777777777","777777777777","777777777777",1,0
48,481722,2,3,5,9,7,14,25,12,6,1,0,48,2,12,461,12461,21,2000,"1FTNE24LXYHB","1","F","T","N","E","2","4","L","X","Y","H","B",0,0,0,"000000000","00000000000",0,0,0,1,0,0,0,0,0,0,0,998,0,0,0,12,6,2,12,0,0,0,1,99,99999,9,9,99,9,9,9,999,999,99,99,99,99,99,99,9999,99,9999,0,0,0,0,0,2,4,98,8,8,8,98,3,3,1,98,99,1,1,98,"777777777777","777777777777","777777777777",0,0
48,481722,3,3,1,9,7,14,25,12,6,1,0,48,2,52,34,52034,4,2001,"4A3AA46G11E0","4","A","3","A","A","4","6","G","1","1","E","0",0,0,0,"000000000","00000000000",0,0,0,1,0,0,0,0,0,0,0,0,0,0,0,12,2,5,12,0,0,0,1,48,75243,6,1,0,0,3,0,999,999,0,0,0,0,0,0,0,0,0,0,0,0,0,0,2,4,40,1,1,8,1,3,3,5,62,99,1,1,98,"777777777777","777777777777","777777777777",0,0
48,481723,1,1,2,10,7,4,23,1,0,1,0,48,2,20,481,20481,31,2004,"2GCEC19T0411","2","G","C","E","C","1","9","T","0","4","1","1",0,0,0,"000000000","00000000000",0,0,0,1,0,0,0,0,0,0,0,998,0,2,5,0,6,2,1,0,0,0,1,48,75554,0,0,0,0,0,0,63,120,0,0,0,0,0,0,0,0,0,0,58,28,0,0,1,2,70,1,1,8,1,0,0,1,13,6,4,4,6,"777777777777","777777777777","777777777777",2,1
48,481724,1,1,1,11,7,20,36,59,0,1,0,48,0,73,706,73706,80,1999,"JKAZRBC17XA0","J","K","A","Z","R","B","C","1","7","X","A","0",0,0,0,"000000000","00000000000",0,0,0,1,0,0,0,0,0,0,0,998,0,0,0,12,8,2,59,0,0,0,1,48,77363,6,1,0,0,2,0,999,999,0,0,0,0,0,0,0,0,0,4,33,0,0,0,1,2,40,3,1,2,1,0,0,3,6,1,1,4,1,"777777777777","777777777777","777777777777",1,0
48,481725,1,1,1,12,7,13,45,1,0,1,0,48,1,72,706,72706,80,2014,"1HD1FMM15EB6","1","H","D","1","F","M","M","1","5","E","B","6",0,0,0,"000000000","00000000000",0,0,0,1,0,0,0,0,0,5,5,998,0,0,0,0,8,5,1,0,0,0,1,48,77401,6,1,0,0,3,3,999,999,0,0,0,0,0,0,0,0,0,5,16,37,0,0,1,2,30,1,1,1,1,0,0,1,6,99,1,1,98,"777777777777","777777777777","777777777777",1,0
48,481726,1,2,3,13,7,15,41,12,2,1,0,48,1,6,52,6052,6,2007,"3A4FY58B17T5","3","A","4","F","Y","5","8","B","1","7","T","5",0,0,0,"000000000","00000000000",0,0,0,1,0,0,0,0,0,0,0,998,0,0,0,12,6,2,12,0,0,0,1,48,78382,6,1,0,0,3,0,999,999,0,0,0,0,0,0,0,0,0,5,33,0,0,0,1,4,45,1,1,8,1,0,0,6,10,99,1,2,52,"777777777777","777777777777","777777777777",1,0
48,481726,2,2,1,13,7,15,41,12,2,1,0,48,2,35,471,35471,30,1996,"1N6SD11S5TC3","1","N","6","S","D","1","1","S","5","T","C","3",0,0,0,"000000000","00000000000",0,0,0,1,0,0,0,0,0,0,0,998,0,0,0,12,6,2,12,0,0,0,1,48,78201,3,1,0,0,2,0,999,999,0,0,0,0,0,0,0,0,0,0,0,0,0,0,1,4,45,1,1,8,1,0,0,1,62,99,1,1,52,"777777777777","777777777777","777777777777",0,0