"STATE","ST_CASE","VEH_NO","VE_FORMS","NUMOCCS","DAY","MONTH","HOUR","MINUTE","HARM_EV","MAN_COLL","UNITTYPE","HIT_RUN","REG_STAT","OWNER","MAKE","MODEL","MAK_MOD","BODY_TYP","MOD_YEAR","VIN","VIN_1","VIN_2","VIN_3","VIN_4","VIN_5","VIN_6","VIN_7","VIN_8","VIN_9","VIN_10","VIN_11","VIN_12","TOW_VEH","J_KNIFE","MCARR_I1","MCARR_I2","MCARR_ID","GVWR","V_CONFIG","CARGO_BT","HAZ_INV","HAZ_PLAC","HAZ_ID","HAZ_CNO","HAZ_REL","BUS_USE","SPEC_USE","EMER_USE","TRAV_SP","UNDERIDE","ROLLOVER","ROLINLOC","IMPACT1","DEFORMED","TOWED","M_HARM","VEH_SC1","VEH_SC2","FIRE_EXP","DR_PRES","L_STATE","DR_ZIP","L_STATUS","L_TYPE","CDL_STAT","L_ENDORS","L_COMPL","L_RESTRI","DR_HGT","DR_WGT","PREV_ACC","PREV_SUS","PREV_DWI","PREV_SPD","PREV_OTH","FIRST_MO","FIRST_YR","LAST_MO","LAST_YR","SPEEDREL","DR_SF1","DR_SF2","DR_SF3","DR_SF4","VTRAFWAY","VNUM_LAN","VSPD_LIM","VALIGN","VPROFILE","VPAVETYP","VSURCOND","VTRAFCON","VTCONT_F","P_CRASH1","P_CRASH2","P_CRASH3","PCRASH4","PCRASH5","ACC_TYPE","TRLR1VIN","TRLR2VIN","TRLR3VIN","DEATHS","DR_DRINK"
48,481727,1,2,1,13,7,17,42,12,6,1,0,48,2,49,40,49040,4,2003,"4T1BE32K43U2","4","T","1","B","E","3","2","K","4","3","U","2",0,0,0,"000000000","00000000000",0,0,0,1,0,0,0,0,0,0,0,998,0,0,0,12,6,2,12,0,0,0,1,48,78006,6,1,0,0,3,0,999,999,0,0,0,0,0,0,0,0,0,0,38,0,0,0,1,2,98,8,8,8,1,20,3,11,15,99,1,1,82,"777777777777","777777777777","777777777777",0,0
48,481727,2,2,1,13,7,17,42,12,6,1,0,48,1,72,706,72706,80,2014,"1HD1GXM18EC3","1","H","D","1","G","X","M","1","8","E","C","3",0,0,0,"000000000","00000000000",0,0,0,1,0,0,0,0,0,0,0,998,0,0,0,98,8,2,12,0,0,0,1,48,78028,6,1,0,0,3,0,999,999,0,0,0,0,0,0,0,0,0,0,0,0,0,0,2,2,45,3,1,8,1,0,0,1,67,99,1,1,83,"777777777777","777777777777","777777777777",1,0
48,481728,1,1,1,13,7,1,34,8,0,1,1,48,1,20,481,20481,31,2005,"1GCHK23U75F8","1","G","C","H","K","2","3","U","7","5","F","8",0,0,0,"000000000","00000000000",0,0,0,1,0,0,0,0,0,0,0,998,0,0,0,12,2,5,8,0,0,0,1,48,79606,6,1,0,0,3,0,999,999,0,0,0,0,0,0,0,0,0,0,0,0,0,0,1,2,35,3,1,8,1,0,0,1,80,99,1,1,13,"777777777777","777777777777","777777777777",0,0
48,481729,1,1,1,14,7,0,32,33,0,1,0,48,0,2,404,2404,14,2004,"1J4GX48S64C2","1","J","4","G","X","4","8","S","6","4","C","2",0,0,0,"000000000","00000000000",0,0,0,1,0,0,0,0,0,0,0,998,0,1,5,98,6,2,1,0,0,0,1,48,78242,6,1,0,0,3,0,999,999,2,0,0,0,0,9,2012,1,2014,5,0,0,0,0,2,3,35,1,1,8,1,0,0,1,13,99,1,4,1,"777777777777","777777777777","777777777777",1,0
48,481730,1,1,4,4,4,0,0,42,0,1,0,48,0,63,33,63033,4,2006,"KNAFE1211653","K","N","A","F","E","1","2","1","1","6","5","3",0,0,0,"000000000","00000000000",0,0,0,1,0,0,0,0,0,0,0,998,0,0,0,12,6,2,42,0,0,0,1,48,75159,1,1,0,0,2,0,73,225,0,5,0,2,1,4,2011,4,2016,0,37,0,0,0,6,1,70,1,1,8,1,0,0,1,6,99,1,4,1,"777777777777","777777777777","777777777777",1,0
48,481731,1,1,2,6,5,5,46,25,0,1,0,48,2,37,705,37705,80,2005,"JH2PC37055M2","J","H","2","P","C","3","7","0","5","5","M","2",0,0,0,"000000000","00000000000",0,0,0,1,0,0,0,0,0,0,0,998,0,0,0,98,6,2,25,0,0,0,1,48,75050,6,1,0,0,2,0,999,999,0,7,0,0,1,8,2011,8,2015,4,27,36,91,0,3,3,65,3,2,8,1,0,0,15,13,99,1,4,1,"777777777777","777777777777","777777777777",1,1
48,481732,1,1,1,12,6,6,34,1,0,1,0,48,2,72,706,72706,80,2003,"1HD1BXB163Y0","1","H","D","1","B","X","B","1","6","3","Y","0",0,0,0,"000000000","00000000000",0,0,0,1,0,0,0,0,0,0,0,998,0,0,0,0,8,5,1,0,0,0,1,48,76711,0,0,0,0,0,0,999,999,0,8,0,1,3,4,2012,10,2015,0,31,0,0,0,1,2,30,1,1,8,1,20,3,4,8,99,5,1,98,"777777777777","777777777777","777777777777",1,0
48,481733,1,1,2,20,6,2,31,1,0,1,0,48,2,98,739,98739,90,2014,"000000000000","0","0","0","0","0","0","0","0","0","0","0","0",0,0,0,"000000000","00000000000",0,0,0,1,0,0,0,0,0,0,0,998,0,2,1,0,2,3,1,0,0,0,1,48,79706,1,1,0,0,2,0,999,999,0,1,0,0,0,5,2016,5,2016,4,36,0,0,0,1,2,45,3,1,8,1,0,0,14,6,98,9,9,98,"777777777777","777777777777","777777777777",1,1
48,481734,1,1,2,26,6,11,55,1,0,1,0,6,3,82,881,82881,66,2011,"1FUJGLDR1BSA","1","F","U","J","G","L","D","R","1","B","S","A",1,1,57,"1831864","571831864",3,6,1,1,0,0,0,0,0,0,0,998,0,2,1,0,6,2,1,0,0,0,1,6,93535,6,1,0,0,2,0,77,280,0,0,0,0,0,0,0,0,0,0,58,0,0,0,3,2,80,1,1,8,1,0,0,1,10,7,3,6,98,"1PNV532B7XG3","777777777777","777777777777",1,0
48,481735,1,2,1,28,6,18,5,12,6,1,0,93,3,84,881,84881,66,2003,"3HSCNAPR53N0","3","H","S","C","N","A","P","R","5","3","N","0",1,1,57,"1812991","571812991",3,6,1,1,0,0,0,0,0,0,0,998,0,0,0,61,6,2,12,0,0,0,1,48,75189,6,1,6,0,3,0,999,999,0,0,0,0,1,8,2012,8,2012,0,0,0,0,0,1,2,65,1,1,8,1,0,0,1,10,9,1,1,65,"1JJV532W84L8","777777777777","777777777777",0,0
48,481735,2,2,1,28,6,18,5,12,6,1,0,48,1,20,481,20481,31,2000,"2GCEK19T8Y13","2","G","C","E","K","1","9","T","8","Y","1","3",0,0,0,"000000000","00000000000",0,0,0,1,0,0,0,0,0,0,0,998,0,0,0,12,6,2,12,0,0,0,1,48,75486,6,1,0,0,3,0,999,999,0,0,0,0,1,5,2012,5,2012,0,0,0,0,0,1,2,65,1,1,8,1,0,0,1,10,99,1,2,64,"777777777777","777777777777","777777777777",1,1
48,481736,1,1,1,28,6,20,39,9,0,1,0,48,0,49,32,49032,4,2013,"5YFBU4EE9DP1","5","Y","F","B","U","4","E","E","9","D","P","1",0,0,0,"000000000","00000000000",0,0,0,1,0,0,0,0,0,0,0,998,0,0,0,12,6,2,9,0,0,0,1,48,79851,6,1,0,0,3,2,999,999,0,0,0,0,0,0,0,0,0,0,74,0,0,0,1,2,55,3,3,8,1,0,0,14,83,1,1,1,13,"777777777777","777777777777","777777777777",0,0
48,481737,1,2,1,1,7,14,3,12,6,1,0,48,3,20,481,20481,31,2014,"1GCNCPEC1EZ3","1","G","C","N","C","P","E","C","1","E","Z","3",0,0,0,"000000000","00000000000",0,0,0,1,0,0,0,0,0,0,0,998,0,0,0,11,2,5,12,0,0,0,1,48,78254,6,1,0,0,3,0,999,999,0,0,0,0,0,0,0,0,0,0,48,0,0,0,0,0,0,0,0,0,0,20,3,11,15,1,1,7,82,"777777777777","777777777777","777777777777",0,0
48,481737,2,2,1,1,7,14,3,12,6,1,0,12,1,53,706,53706,80,2002,"JS1VY51A9221","J","S","1","V","Y","5","1","A","9","2","2","1",0,0,0,"000000000","00000000000",0,0,0,1,0,0,0,0,0,0,0,998,0,0,0,12,6,2,12,0,0,0,1,12,78254,6,1,0,0,3,0,72,999,0,0,0,0,0,0,0,0,0,0,0,0,0,0,1,4,45,1,1,8,1,0,0,1,72,99,1,1,83,"777777777777","777777777777","777777777777",1,0
48,481738,1,1,1,5,7,4,5,1,0,1,0,48,2,20,22,20022,4,2009,"1G1AS58HX971","1","G","1","A","S","5","8","H","X","9","7","1",0,0,0,"000000000","00000000000",0,0,0,1,0,0,0,0,0,0,0,998,0,2,5,0,6,2,1,0,0,0,1,48,78861,0,0,0,0,0,0,999,999,0,0,0,0,0,0,0,0,0,4,0,0,0,0,1,2,30,3,1,8,1,0,0,14,13,99,1,4,1,"777777777777","777777777777","777777777777",1,0
48,481739,1,1,2,5,7,19,39,8,0,1,0,48,1,63,34,63034,4,2013,"5XXGM4A7XDG1","5","X","X","G","M","4","A","7","X","D","G","1",0,0,0,"000000000","00000000000",0,0,0,1,0,0,0,0,0,0,0,998,0,0,0,12,2,3,8,0,0,0,1,48,75150,6,1,0,0,3,3,999,999,0,0,0,0,0,0,0,0,0,0,0,0,0,0,3,6,98,1,1,8,1,0,0,1,80,16,1,1,13,"777777777777","777777777777","777777777777",0,0
48,481740,1,2,1,5,7,23,26,12,2,1,0,48,1,7,41,7041,4,2004,"2B3HD46R24H6","2","B","3","H","D","4","6","R","2","4","H","6",0,0,0,"000000000","00000000000",0,0,0,1,0,0,0,0,0,0,0,998,0,0,0,12,6,2,12,0,0,0,1,48,76051,0,0,0,0,0,0,999,999,0,14,0,1,1,7,2011,11,2015,0,51,0,0,0,1,2,70,1,1,8,1,0,0,1,54,99,1,1,52,"777777777777","777777777777","777777777777",1,1
48,481740,2,2,5,5,7,23,26,12,2,1,0,48,1,63,401,63401,14,2007,"KNDJF7240774","K","N","D","J","F","7","2","4","0","7","7","4",0,0,0,"000000000","00000000000",0,0,0,1,0,0,0,0,0,0,0,998,0,1,1,12,6,2,12,0,0,0,1,48,75662,6,1,0,0,3,3,999,999,1,8,0,0,0,4,2012,4,2016,0,0,0,0,0,1,2,70,1,1,8,1,0,0,1,54,6,1,1,52,"777777777777","777777777777","777777777777",1,0
48,481741,1,2,1,6,7,17,10,12,2,1,0,48,2,12,37,12037,4,2007,"1FAFP34N07W2","1","F","A","F","P","3","4","N","0","7","W","2",0,0,0,"000000000","00000000000",0,0,0,1,0,0,0,0,0,0,0,998,0,0,0,12,6,2,12,0,0,0,1,48,79014,1,1,0,0,2,0,999,999,0,11,0,1,0,6,2012,3,2016,0,28,51,0,0,1,2,75,1,2,8,1,0,0,1,10,99,1,2,50,"777777777777","777777777777","777777777777",1,0
48,481741,2,2,1,6,7,17,10,12,2,1,0,93,2,87,884,87884,66,1997,"1XP5DB8X8VN4","1","X","P","5","D","B","8","X","8","V","N","4",1,1,57,"770268","57770268",3,6,2,1,0,0,0,0,0,0,0,998,0,0,0,12,6,2,12,0,0,0,1,48,79029,6,1,6,1,3,3,999,999,0,0,0,0,1,6,2014,6,2014,0,0,0,0,0,1,2,75,1,2,8,1,0,0,1,62,99,1,1,51,"1N9S74229RA0","777777777777","777777777777",0,0
48,481742,1,1,3,8,7,18,25,1,0,1,0,48,1,2,404,2404,14,1997,"1J4FT68S1VL5","1","J","4","F","T","6","8","S","1","V","L","5",0,0,0,"000000000","00000000000",0,0,0,1,0,0,0,0,0,0,0,998,0,2,5,0,6,2,1,0,0,0,1,48,76230,6,1,6,0,3,0,73,179,0,0,0,1,1,6,2016,7,2016,4,58,0,0,0,1,2,55,1,1,8,1,0,0,1,13,6,4,4,7,"777777777777","777777777777","777777777777",1,1
48,481743,1,1,2,8,7,4,0,1,0,1,0,48,0,20,481,20481,31,2000,"2GCEC19T1Y13","2","G","C","E","C","1","9","T","1","Y","1","3",0,0,0,"000000000","00000000000",0,0,0,1,0,0,0,0,0,0,0,998,0,2,3,0,6,2,1,0,0,0,1,48,76020,1,1,0,0,2,3,999,999,0,16,0,0,0,4,2012,8,2015,0,0,0,0,0,3,2,75,1,1,8,1,0,0,1,13,6,4,4,1,"777777777777","777777777777","777777777777",1,0
48,481744,1,2,1,9,7,18,0,12,6,1,0,48,1,19,421,19421,15,2004,"1GYEK63N04R1","1","G","Y","E","K","6","3","N","0","4","R","1",0,0,0,"000000000","00000000000",0,0,0,1,0,0,0,0,0,0,0,998,0,0,0,1,6,2,12,0,0,0,1,48,76273,0,0,0,0,0,0,999,999,0,0,0,0,0,0,0,0,0,0,33,0,0,0,1,2,70,3,2,8,2,0,0,14,10,6,1,4,64,"777777777777","777777777777","777777777777",1,1
48,481744,2,2,2,9,7,18,0,12,6,1,0,40,1,20,481,20481,31,2013,"3GCPKSE7XDG3","3","G","C","P","K","S","E","7","X","D","G","3",0,0,0,"000000000","00000000000",0,0,0,1,0,0,0,0,0,0,0,998,0,0,0,12,6,2,12,0,0,0,1,40,73737,6,1,6,0,3,3,70,180,0,0,0,1,0,5,2014,5,2014,0,0,0,0,0,1,2,70,2,2,8,2,0,0,14,62,7,1,4,65,"777777777777","777777777777","777777777777",0,0
48,481745,1,1,1,9,7,18,50,25,0,1,0,48,1,12,481,12481,31,1997,"1FTDF0728VKA","1","F","T","D","F","0","7","2","8","V","K","A",0,0,0,"000000000","00000000000",0,0,0,1,0,0,0,0,0,0,0,998,0,1,3,12,6,2,1,0,0,0,1,48,77093,0,0,0,0,0,0,999,999,0,0,0,0,0,0,0,0,0,0,0,0,0,0,3,3,65,1,1,8,1,0,0,1,12,99,1,4,6,"777777777777","777777777777","777777777777",1,0
48,481746,1,3,3,9,7,11,46,12,6,1,0,48,2,20,481,20481,31,2009,"3GCEC23J09G2","3","G","C","E","C","2","3","J","0","9","G","2",0,0,0,"000000000","00000000000",0,0,0,1,0,0,0,0,0,0,0,998,0,0,0,12,6,2,12,0,0,0,1,48,75751,6,1,0,0,3,0,999,999,0,0,0,2,0,10,2012,11,2012,0,28,51,0,0,1,2,70,2,1,8,1,0,0,14,10,99,1,2,64,"777777777777","777777777777","777777777777",0,0
48,481746,2,3,2,9,7,11,46,12,6,1,0,48,3,6,18,6018,4,2015,"1C3CCCAB7FN6","1","C","3","C","C","C","A","B","7","F","N","6",0,0,0,"000000000","00000000000",0,0,0,1,0,0,0,0,0,0,0,998,0,0,0,9,6,2,12,0,0,0,1,48,78602,6,1,6,0,3,3,999,999,0,0,0,0,0,0,0,0,0,0,0,0,0,0,1,2,70,3,1,8,1,0,0,14,62,99,1,1,65,"777777777777","777777777777","777777777777",0,0
48,481746,3,3,1,9,7,11,46,12,6,1,0,48,3,7,442,7442,20,2005,"1D4GP24R75B1","1","D","4","G","P","2","4","R","7","5","B","1",0,0,0,"000000000","00000000000",0,0,0,1,0,0,0,0,0,0,0,998,0,0,0,12,6,2,12,0,0,0,1,48,75855,6,1,0,0,3,3,999,999,0,9,0,0,0,5,2012,7,2016,0,0,0,0,0,1,2,70,3,1,8,1,0,0,14,10,99,1,1,98,"777777777777","777777777777","777777777777",1,0
48,481747,1,1,2,10,7,0,21,8,0,1,0,48,1,49,442,49442,20,2003,"4T3ZF19C53U5","4","T","3","Z","F","1","9","C","5","3","U","5",0,0,0,"000000000","00000000000",0,0,0,1,0,0,0,0,0,0,0,998,0,0,0,12,6,2,8,0,0,0,1,48,78155,6,1,0,0,3,0,999,999,0,0,0,1,0,1,2013,1,2013,0,0,0,0,0,2,2,65,1,1,8,1,0,0,1,80,98,1,1,13,"777777777777","777777777777","777777777777",0,0
48,481748,1,2,2,10,7,16,21,12,2,1,0,99,9,98,882,98882,63,1995,"4S7AT9D07SC0","4","S","7","A","T","9","D","0","7","S","C","0",0,0,88,"888888888","88888888888",3,1,1,1,0,0,0,0,0,0,0,998,0,1,3,12,6,2,12,0,0,0,1,5,72007,6,1,0,0,2,0,68,140,0,0,0,0,0,0,0,0,0,0,0,0,0,0,1,2,70,1,1,8,1,0,0,1,1,99,1,4,50,"777777777777","777777777777","777777777777",0,0
48,481748,2,2,2,10,7,16,21,12,2,1,0,48,1,12,401,12401,14,1998,"1FMZU32X1WZA","1","F","M","Z","U","3","2","X","1","W","Z","A",0,0,0,"000000000","00000000000",0,0,0,1,0,0,0,0,0,0,0,998,0,1,3,12,6,2,12,0,0,0,1,48,75462,6,1,0,0,3,0,999,999,0,0,0,0,0,0,0,0,0,0,0,0,0,0,1,2,70,1,1,8,1,0,0,1,62,7,1,4,51,"777777777777","777777777777","777777777777",2,0
48,481749,1,2,1,10,7,15,18,12,2,1,0,48,1,13,14,13014,6,2011,"2LMDJ8JK4BBJ","2","L","M","D","J","8","J","K","4","B","B","J",0,0,0,"000000000","00000000000",0,0,0,1,0,0,0,0,0,0,0,998,0,0,0,12,6,2,12,0,0,1,1,48,78609,6,1,0,0,3,3,999,999,0,0,0,3,0,10,2011,9,2014,0,28,51,91,0,1,3,70,1,2,8,1,0,0,1,10,99,1,2,50,"777777777777","777777777777","777777777777",0,0
48,481749,2,2,2,10,7,15,18,12,2,1,0,48,2,53,33,53033,6,2005,"JS2RC61H7553","J","S","2","R","C","6","1","H","7","5","5","3",0,0,0,"000000000","00000000000",0,0,0,1,0,0,0,0,0,0,0,998,0,0,0,12,6,2,12,0,0,0,1,36,11226,6,1,0,0,3,0,999,999,0,0,0,0,0,0,0,0,0,0,0,0,0,0,1,3,70,1,2,8,1,0,0,1,62,8,2,1,51,"777777777777","777777777777","777777777777",1,0
48,481750,1,2,1,13,7,12,42,12,1,1,0,48,3,84,881,84881,66,2007,"2HSCNAPR17C4","2","H","S","C","N","A","P","R","1","7","C","4",1,1,57,"136490","57136490",3,6,1,1,0,0,0,0,0,0,0,998,0,0,0,6,6,2,12,0,0,0,1,48,78520,6,1,6,0,3,3,999,999,1,0,0,1,0,3,2012,11,2013,0,0,0,0,0,2,2,65,1,1,8,1,0,0,2,53,99,1,1,29,"1GRAA0627CT5","777777777777","777777777777",0,0
48,481750,2,2,1,13,7,12,42,12,1,1,0,22,3,12,880,12880,67,2014,"1FDRF3GT2EEB","1","F","D","R","F","3","G","T","2","E","E","B",0,0,88,"888888888","88888888888",2,1,97,1,0,0,0,0,0,0,0,998,0,0,0,12,6,2,12,0,0,0,1,22,70583,6,1,0,0,3,0,72,220,0,0,0,0,0,0,0,0,0,0,99,99,99,99,2,2,65,1,1,8,1,0,0,1,52,99,1,1,28,"777777777777","777777777777","777777777777",1,0
48,481751,1,1,1,14,7,21,15,1,0,1,0,48,0,7,482,7482,31,2001,"1B7HC13Y01J6","1","B","7","H","C","1","3","Y","0","1","J","6",0,0,0,"000000000","00000000000",0,0,0,1,0,0,0,0,0,0,0,998,0,1,5,0,6,2,1,0,0,0,1,48,75152,6,1,0,0,3,0,71,280,0,0,0,1,0,4,2015,4,2015,3,0,0,0,0,1,2,55,3,1,8,1,0,0,14,13,6,4,4,1,"777777777777","777777777777","777777777777",1,0
48,481753,1,2,1,14,7,13,47,12,6,1,0,93,3,85,881,85881,66,2003,"1XKWDU9X63J3","1","X","K","W","D","U","9","X","6","3","J","3",1,1,57,"343401","57343401",3,6,8,1,0,0,0,0,0,0,0,998,0,0,0,11,6,2,12,0,0,0,1,48,79604,6,1,6,0,3,3,999,999,0,0,0,4,2,9,2012,6,2016,0,0,0,0,0,1,2,70,1,1,8,1,0,0,1,54,99,1,1,66,"1TKHA46289B0","777777777777","777777777777",0,0
48,481753,2,2,1,14,7,13,47,12,6,1,0,48,2,20,403,20403,14,2006,"1GNDS13S9622","1","G","N","D","S","1","3","S","9","6","2","2",0,0,0,"000000000","00000000000",0,0,0,1,0,0,0,0,0,0,0,998,0,0,0,12,6,2,12,0,0,1,1,48,79521,6,1,6,0,3,0,999,999,0,2,0,0,1,3,2013,7,2016,0,51,0,0,0,1,2,70,1,1,8,1,0,0,1,54,1,1,1,66,"777777777777","777777777777","777777777777",1,0
48,481754,1,1,2,14,7,13,10,1,0,1,0,48,2,12,401,12401,14,2003,"1FMYU60E23UA","1","F","M","Y","U","6","0","E","2","3","U","A",0,0,0,"000000000","00000000000",0,0,0,1,0,0,0,0,0,0,0,998,0,2,1,0,6,2,1,0,0,0,1,48,76642,0,0,0,0,0,0,999,999,0,0,0,0,0,0,0,0,0,0,58,0,0,0,1,2,65,3,1,8,1,0,0,14,13,6,3,6,98,"777777777777","777777777777","777777777777",1,0
48,481755,1,1,1,15,7,4,58,1,0,1,0,48,2,14,6,14006,4,1993,"2MELM75W4PX6","2","M","E","L","M","7","5","W","4","P","X","6",0,0,0,"000000000","00000000000",0,0,0,1,0,0,0,0,0,0,0,998,0,2,5,0,6,2,1,0,0,0,1,48,78621,6,1,0,0,3,0,999,999,0,0,0,0,0,0,0,0,0,0,51,0,0,0,1,2,60,1,1,8,1,0,0,1,12,99,1,4,6,"777777777777","777777777777","777777777777",1,1
48,481756,1,1,1,15,7,22,40,43,0,1,0,48,0,98,706,98706,80,2007,"ZD4RRTT067S0","Z","D","4","R","R","T","T","0","6","7","S","0",0,0,0,"000000000","00000000000",0,0,0,1,0,0,0,0,0,0,0,998,0,0,0,98,8,2,43,0,0,0,1,48,75069,6,1,0,0,3,0,999,999,0,0,0,0,0,0,0,0,0,0,0,0,0,0,1,2,25,3,2,8,1,0,0,14,13,99,1,4,1,"777777777777","777777777777","777777777777",1,1
48,481757,1,2,1,15,7,3,9,12,1,1,0,48,1,41,52,41052,6,2007,"JM1CR2938701","J","M","1","C","R","2","9","3","8","7","0","1",0,0,0,"000000000","00000000000",0,0,0,1,0,0,0,0,0,0,0,998,0,0,0,12,6,2,8,0,0,0,1,48,76116,6,1,0,0,3,3,999,999,0,0,0,0,0,0,0,0,0,0,0,0,0,0,3,3,60,1,1,8,1,0,0,1,50,99,1,1,32,"777777777777","777777777777","777777777777",0,0
48,481757,2,2,0,15,7,3,9,12,1,1,0,48,6,63,34,63034,4,2004,"KNAGD126X453","K","N","A","G","D","1","2","6","X","4","5","3",0,0,0,"000000000","00000000000",0,0,0,1,0,0,0,0,0,0,0,998,0,0,0,6,6,2,12,0,0,0,0,0,99997,7,6,97,7,6,7,998,997,998,998,998,998,998,98,9998,98,9998,8,54,0,0,0,3,3,60,1,1,8,1,0,0,0,53,0,0,0,32,"777777777777","777777777777","777777777777",0,0
48,481758,1,1,99,16,7,2,58,8,0,1,1,99,9,99,999,99999,99,9999,"999999999999","9","9","9","9","9","9","9","9","9","9","9","9",0,0,99,"999999999","99999999999",9,99,99,1,0,0,0,0,99,99,9,999,0,0,0,12,9,5,8,0,0,0,1,99,99999,9,9,99,9,9,9,999,999,99,99,99,99,99,99,9999,99,9999,9,0,0,0,0,4,2,40,1,1,8,1,0,0,1,80,99,1,1,13,"777777777777","777777777777","777777777777",0,0
48,481759,1,2,1,16,7,3,50,12,1,1,0,48,2,7,422,7422,15,2007,"1D8HD38P67F5","1","D","8","H","D","3","8","P","6","7","F","5",0,0,0,"000000000","00000000000",0,0,0,1,0,0,0,0,0,0,0,0,0,0,0,6,6,2,8,0,0,0,1,48,79411,6,1,0,0,3,0,999,999,0,0,0,0,0,0,0,0,0,0,54,0,0,0,3,5,65,1,2,8,1,0,0,7,53,1,1,1,21,"777777777777","777777777777","777777777777",0,0
48,481759,2,2,2,16,7,3,50,12,1,1,0,48,0,12,23,12023,4,2014,"3FA6P0HD2ER1","3","F","A","6","P","0","H","D","2","E","R","1",0,0,0,"000000000","00000000000",0,0,0,1,0,0,0,0,0,0,0,998,0,0,0,12,6,2,12,0,0,0,1,48,78254,6,1,0,0,3,0,999,999,0,23,1,1,1,4,2012,7,2016,0,0,0,0,0,3,5,65,1,2,8,1,0,0,1,50,99,1,1,20,"777777777777","777777777777","777777777777",0,0
48,481760,1,2,1,17,7,2,7,12,2,1,0,48,3,72,706,72706,80,2001,"1HD1BJY171Y0","1","H","D","1","B","J","Y","1","7","1","Y","0",0,0,0,"000000000","00000000000",0,0,0,1,0,0,0,0,0,0,0,998,0,0,0,12,6,2,12,0,0,0,1,48,78155,6,1,6,0,3,0,999,999,0,0,0,2,1,8,2013,2,2014,3,0,0,0,0,5,5,50,1,1,8,1,0,0,1,62,99,1,1,69,"777777777777","777777777777","777777777777",1,0
48,481760,2,2,1,17,7,2,7,12,2,1,0,48,1,7,482,7482,31,2007,"1D7HA18207S2","1","D","7","H","A","1","8","2","0","7","S","2",0,0,0,"000000000","00000000000",0,0,0,1,0,0,0,0,0,0,0,998,0,0,0,12,6,2,12,0,0,0,1,48,76179,6,1,0,0,3,3,999,999,0,0,0,0,0,0,0,0,0,0,0,0,0,0,5,5,50,1,1,8,1,0,0,11,15,99,1,1,68,"777777777777","777777777777","777777777777",0,0
48,481761,1,1,2,17,7,12,54,1,0,1,0,48,1,72,706,72706,80,2011,"1HD1KBM16BB6","1","H","D","1","K","B","M","1","6","B","B","6",0,0,0,"000000000","00000000000",0,0,0,1,0,0,0,0,0,0,0,50,0,0,0,0,8,5,1,0,0,0,1,48,79606,6,1,0,0,3,3,999,999,0,0,0,0,0,0,0,0,0,4,41,0,0,0,1,2,55,2,5,8,1,0,0,14,12,99,9,4,6,"777777777777","777777777777","777777777777",1,0
48,481762,1,2,1,17,7,3,43,12,6,1,0,35,2,49,43,49043,4,1997,"4T1BF12B4VU1","4","T","1","B","F","1","2","B","4","V","U","1",0,0,0,"000000000","00000000000",0,0,0,1,0,0,0,0,0,0,0,998,0,0,0,62,6,2,12,0,0,0,1,35,88005,6,1,0,0,3,3,71,278,98,0,0,0,0,0,0,0,0,0,50,58,0,0,3,2,75,3,1,8,1,0,0,14,10,7,9,6,90,"777777777777","777777777777","777777777777",1,1
48,481762,2,2,1,17,7,3,43,12,6,1,0,6,2,82,884,82884,66,1995,"1FUYDZYB2SP8","1","F","U","Y","D","Z","Y","B","2","S","P","8",1,1,57,"1153970","571153970",3,6,1,1,0,0,0,0,0,0,0,998,0,0,0,12,6,2,12,0,0,0,1,6,90650,6,1,6,0,3,0,71,156,0,0,0,1,0,3,2015,3,2015,0,0,0,0,0,3,2,75,2,1,8,1,0,0,14,64,99,1,1,90,"1S12E95322E4","777777777777","777777777777",0,0
48,481764,1,5,1,24,6,23,50,12,1,1,1,48,1,20,421,20421,15,2003,"1GNEC13Z43R1","1","G","N","E","C","1","3","Z","4","3","R","1",0,0,0,"000000000","00000000000",0,0,0,1,0,0,0,0,0,0,0,90,0,0,0,12,6,2,12,0,0,0,1,48,75238,0,0,0,0,0,0,999,999,0,0,0,0,0,0,0,0,0,0,91,0,0,0,3,3,70,1,1,8,1,0,0,1,50,1,1,1,20,"777777777777","777777777777","777777777777",0,1
48,481764,2,5,1,24,6,23,50,12,1,1,0,48,1,49,32,49032,4,2008,"1NXBR32E68Z9","1","N","X","B","R","3","2","E","6","8","Z","9",0,0,0,"000000000","00000000000",0,0,0,1,0,0,0,0,0,0,0,0,0,0,0,6,6,2,12,0,0,0,1,48,75150,6,1,0,0,3,3,58,205,0,0,0,0,0,0,0,0,0,0,0,0,0,0,3,3,70,1,1,8,1,0,0,5,53,1,1,1,21,"777777777777","777777777777","777777777777",1,0
48,481764,3,5,1,24,6,23,50,12,1,1,0,93,3,86,881,86881,66,2013,"1M1AW01Y7DM0","1","M","1","A","W","0","1","Y","7","D","M","0",1,1,57,"978310","57978310",3,6,98,1,0,0,0,0,0,0,0,0,0,0,0,6,0,5,12,0,0,0,1,48,76258,6,1,6,0,3,0,999,999,1,0,0,1,0,8,2012,12,2013,0,0,0,0,0,3,3,70,1,1,8,1,0,0,5,60,1,1,1,98,"1L01A5728611","777777777777","777777777777",0,0
48,481764,4,5,2,24,6,23,50,12,1,1,0,48,1,13,13,13013,4,2008,"3LNHM26T38R6","3","L","N","H","M","2","6","T","3","8","R","6",0,0,0,"000000000","00000000000",0,0,0,1,0,0,0,0,0,0,0,0,0,0,0,6,2,3,12,0,0,0,1,48,75043,3,1,0,0,2,0,999,999,1,4,1,1,0,7,2011,11,2014,0,0,0,0,0,3,3,70,1,1,8,1,0,0,5,53,1,1,1,98,"777777777777","777777777777","777777777777",0,0