"STATE","ST_CASE","VEH_NO","VE_FORMS","NUMOCCS","DAY","MONTH","HOUR","MINUTE","HARM_EV","MAN_COLL","UNITTYPE","HIT_RUN","REG_STAT","OWNER","MAKE","MODEL","MAK_MOD","BODY_TYP","MOD_YEAR","VIN","VIN_1","VIN_2","VIN_3","VIN_4","VIN_5","VIN_6","VIN_7","VIN_8","VIN_9","VIN_10","VIN_11","VIN_12","TOW_VEH","J_KNIFE","MCARR_I1","MCARR_I2","MCARR_ID","GVWR","V_CONFIG","CARGO_BT","HAZ_INV","HAZ_PLAC","HAZ_ID","HAZ_CNO","HAZ_REL","BUS_USE","SPEC_USE","EMER_USE","TRAV_SP","UNDERIDE","ROLLOVER","ROLINLOC","IMPACT1","DEFORMED","TOWED","M_HARM","VEH_SC1","VEH_SC2","FIRE_EXP","DR_PRES","L_STATE","DR_ZIP","L_STATUS","L_TYPE","CDL_STAT","L_ENDORS","L_COMPL","L_RESTRI","DR_HGT","DR_WGT","PREV_ACC","PREV_SUS","PREV_DWI","PREV_SPD","PREV_OTH","FIRST_MO","FIRST_YR","LAST_MO","LAST_YR","SPEEDREL","DR_SF1","DR_SF2","DR_SF3","DR_SF4","VTRAFWAY","VNUM_LAN","VSPD_LIM","VALIGN","VPROFILE","VPAVETYP","VSURCOND","VTRAFCON","VTCONT_F","P_CRASH1","P_CRASH2","P_CRASH3","PCRASH4","PCRASH5","ACC_TYPE","TRLR1VIN","TRLR2VIN","TRLR3VIN","DEATHS","DR_DRINK"
48,481764,5,5,1,24,6,23,50,12,1,1,0,48,1,2,404,2404,14,2016,"1C4PJLAB9GW1","1","C","4","P","J","L","A","B","9","G","W","1",0,0,0,"000000000","00000000000",0,0,0,1,0,0,0,0,0,0,0,0,0,0,0,6,2,5,12,0,0,0,1,47,78233,6,1,0,0,3,0,64,135,0,0,0,0,0,0,0,0,0,0,0,0,0,0,3,3,70,1,1,8,1,0,0,5,53,1,1,1,98,"777777777777","777777777777","777777777777",0,0
48,481765,1,3,1,29,6,4,53,18,0,1,0,93,3,85,881,85881,66,2012,"3WKAD49X6CF3","3","W","K","A","D","4","9","X","6","C","F","3",1,1,57,"375481","57375481",3,6,1,1,0,0,0,0,0,0,0,998,0,1,3,98,6,2,57,0,0,0,1,48,78569,6,1,6,0,3,0,63,156,3,0,0,0,4,6,2012,5,2015,0,81,0,0,0,3,2,70,1,1,8,1,0,0,1,98,99,1,1,15,"1UYVS2535FP1","777777777777","777777777777",1,0
48,481765,2,3,1,29,6,4,53,18,0,1,0,95,3,51,881,51881,66,1999,"4VG7DAGHXXN7","4","V","G","7","D","A","G","H","X","X","N","7",1,1,57,"830240","57830240",3,6,1,1,0,0,0,0,0,0,0,998,0,0,0,9,6,2,12,0,0,0,1,95,0,9,9,99,9,9,9,67,213,99,99,99,99,99,99,9999,99,9999,0,0,0,0,0,3,2,70,1,1,8,1,0,0,1,98,99,1,1,98,"1DW1A5326GS6","777777777777","777777777777",1,0
48,481765,3,3,1,29,6,4,53,18,0,1,0,48,2,49,32,49032,4,2005,"1NXBR32E85Z4","1","N","X","B","R","3","2","E","8","5","Z","4",0,0,0,"000000000","00000000000",0,0,0,1,0,0,0,0,0,0,0,998,0,0,0,61,6,2,12,0,0,0,1,48,75150,6,1,0,0,3,3,73,216,0,0,0,0,0,0,0,0,0,0,0,0,0,0,3,2,70,1,1,8,1,0,0,1,60,99,1,1,98,"777777777777","777777777777","777777777777",1,0
48,481766,1,2,1,6,7,15,10,12,6,1,0,48,0,73,705,73705,80,2007,"JKAZX4P147A0","J","K","A","Z","X","4","P","1","4","7","A","0",0,0,0,"000000000","00000000000",0,0,0,1,0,0,0,0,0,0,0,998,0,0,0,12,8,2,12,0,0,0,1,48,77065,6,1,0,0,3,0,999,999,1,0,0,0,0,2,2012,2,2012,3,0,0,0,0,3,3,40,1,1,8,1,0,0,1,66,99,1,1,88,"777777777777","777777777777","777777777777",1,0
48,481766,2,2,2,6,7,15,10,12,6,1,0,48,1,49,44,49044,2,2004,"4T1CA38PX4U0","4","T","1","C","A","3","8","P","X","4","U","0",0,0,0,"000000000","00000000000",0,0,0,1,0,0,0,0,0,0,0,998,0,0,0,61,2,3,12,0,0,0,1,48,77084,6,1,0,0,3,3,999,999,0,0,0,0,0,0,0,0,0,0,0,0,0,0,5,5,99,1,1,8,1,20,3,4,17,99,1,1,89,"777777777777","777777777777","777777777777",0,0
48,481767,1,1,1,11,7,20,15,42,0,1,0,48,0,63,34,63034,4,2002,"KNAGD1284251","K","N","A","G","D","1","2","8","4","2","5","1",0,0,0,"000000000","00000000000",0,0,0,1,0,0,0,0,0,0,0,998,0,1,5,12,6,2,42,0,0,0,1,48,75935,6,1,0,0,3,3,999,999,0,0,0,0,0,0,0,0,0,4,58,0,0,0,1,2,70,3,1,8,1,0,0,14,13,6,9,4,7,"777777777777","777777777777","777777777777",1,1
48,481768,1,3,1,15,7,12,57,12,6,1,0,48,1,12,481,12481,31,2016,"1FT7W2BT8GEA","1","F","T","7","W","2","B","T","8","G","E","A",0,0,0,"000000000","00000000000",0,0,0,1,0,0,0,0,0,0,0,998,0,0,0,12,2,3,12,0,0,0,1,48,78503,6,1,0,0,3,3,999,999,0,0,0,0,0,0,0,0,0,0,39,91,0,0,2,3,99,1,1,8,1,3,3,1,17,99,1,1,88,"777777777777","777777777777","777777777777",0,0
48,481768,2,3,1,15,7,12,57,12,6,1,0,48,2,20,32,20032,4,1999,"1Y1SK5286XZ4","1","Y","1","S","K","5","2","8","6","X","Z","4",0,0,0,"000000000","00000000000",0,0,0,1,0,0,0,0,0,0,0,998,0,0,0,9,6,2,12,0,0,0,1,48,78589,6,1,0,0,3,0,999,999,0,0,0,0,0,0,0,0,0,0,0,0,0,0,1,6,30,1,1,8,1,3,3,4,66,99,1,1,89,"777777777777","777777777777","777777777777",1,0
48,481768,3,3,2,15,7,12,57,12,6,1,0,48,1,34,34,34034,1,2003,"WBABS33413PG","W","B","A","B","S","3","3","4","1","3","P","G",0,0,0,"000000000","00000000000",0,0,0,1,0,0,0,0,0,0,0,998,0,0,0,12,2,3,12,0,0,0,1,48,78577,6,1,0,0,3,0,999,999,0,0,0,0,0,0,0,0,0,0,0,0,0,0,1,6,30,1,1,8,1,3,3,4,60,99,1,1,98,"777777777777","777777777777","777777777777",0,0
48,481769,1,2,2,15,7,17,14,12,6,1,0,48,1,20,37,20037,4,2011,"1G1ZA5EU1BF1","1","G","1","Z","A","5","E","U","1","B","F","1",0,0,0,"000000000","00000000000",0,0,0,1,0,0,0,0,0,0,0,998,0,0,0,83,6,2,12,0,0,0,1,48,77328,6,1,0,0,3,0,999,999,0,0,0,0,0,0,0,0,0,0,38,0,0,0,1,2,99,1,1,8,1,0,0,1,17,99,1,1,87,"777777777777","777777777777","777777777777",1,0
48,481769,2,2,2,15,7,17,14,12,6,1,0,48,2,2,404,2404,14,2016,"1C4PJLAB7GW1","1","C","4","P","J","L","A","B","7","G","W","1",0,0,0,"000000000","00000000000",0,0,0,1,0,0,0,0,0,0,0,998,0,0,0,12,6,2,12,0,0,0,1,48,77546,6,1,0,0,3,0,999,999,0,0,0,0,0,0,0,0,0,0,0,0,0,0,2,2,55,1,1,8,1,0,0,1,66,99,1,1,86,"777777777777","777777777777","777777777777",0,0
48,481770,1,1,1,16,7,23,37,33,0,1,0,48,1,73,706,73706,80,2010,"JKBZXNC13AA0","J","K","B","Z","X","N","C","1","3","A","A","0",0,0,0,"000000000","00000000000",0,0,0,1,0,0,0,0,0,0,0,998,0,0,0,98,8,2,31,0,0,0,1,48,76305,6,1,0,0,2,0,999,999,0,0,0,0,1,6,2016,6,2016,5,0,0,0,0,2,3,50,3,1,8,1,0,0,14,13,99,1,4,1,"777777777777","777777777777","777777777777",1,0
48,481771,1,1,1,17,7,0,23,1,0,1,0,48,2,20,37,20037,4,2004,"1G1ZT54814F1","1","G","1","Z","T","5","4","8","1","4","F","1",0,0,0,"000000000","00000000000",0,0,0,1,0,0,0,0,0,0,0,998,0,1,5,0,6,2,1,0,0,0,1,48,77371,6,1,0,0,3,0,999,999,0,0,0,0,0,0,0,0,0,0,58,0,0,0,1,2,55,1,1,8,1,0,0,1,12,7,4,4,7,"777777777777","777777777777","777777777777",1,1
48,481772,1,1,4,18,7,9,45,1,0,1,0,48,1,2,403,2403,14,1998,"1J4FY29P7WP7","1","J","4","F","Y","2","9","P","7","W","P","7",0,0,0,"000000000","00000000000",0,0,0,1,0,0,0,0,0,0,0,998,0,1,1,0,6,2,1,0,0,0,1,48,76013,6,2,0,0,3,1,999,999,0,0,0,0,0,0,0,0,0,0,27,0,0,0,3,2,75,1,1,8,1,0,0,1,12,7,3,6,98,"777777777777","777777777777","777777777777",1,0
48,481773,1,1,1,23,6,2,0,39,0,1,0,48,0,42,48,42048,4,2006,"WDBUF56J16A9","W","D","B","U","F","5","6","J","1","6","A","9",0,0,0,"000000000","00000000000",0,0,0,1,0,0,0,0,0,0,0,998,0,0,0,3,6,2,42,0,0,0,1,48,75229,6,1,0,0,3,3,65,126,0,1,0,0,0,7,2011,7,2011,4,0,0,0,0,1,2,35,3,1,8,1,0,0,14,13,99,9,4,1,"777777777777","777777777777","777777777777",1,1
48,481774,1,1,1,25,6,1,30,8,0,1,0,48,1,30,40,30040,4,2013,"3VWDP7AJ5DM3","3","V","W","D","P","7","A","J","5","D","M","3",0,0,0,"000000000","00000000000",0,0,0,1,0,0,0,0,0,0,0,998,0,0,0,12,2,3,8,0,0,0,1,48,75071,6,1,6,0,3,0,999,999,0,0,0,0,0,0,0,0,0,0,58,0,0,0,3,5,70,1,1,8,1,0,0,1,80,6,1,1,13,"777777777777","777777777777","777777777777",0,0
48,481775,1,2,2,12,7,2,36,12,2,1,0,48,2,35,51,35051,6,2013,"JN8AS5MT4DW5","J","N","8","A","S","5","M","T","4","D","W","5",0,0,0,"000000000","00000000000",0,0,0,1,0,0,0,0,0,0,0,998,0,0,0,12,6,2,12,0,0,0,1,48,75238,1,1,0,0,2,3,67,183,1,0,0,0,1,12,2011,10,2015,0,37,50,0,0,3,4,70,1,1,8,1,0,0,1,54,99,1,1,52,"777777777777","777777777777","777777777777",2,1
48,481775,2,2,1,12,7,2,36,12,2,1,0,48,2,12,16,12016,4,2000,"2FAFP71W6YX1","2","F","A","F","P","7","1","W","6","Y","X","1",0,0,0,"000000000","00000000000",0,0,0,1,0,0,0,0,0,0,0,998,0,0,0,12,6,2,12,0,0,0,1,48,75228,6,1,0,0,3,0,999,999,0,0,0,0,0,0,0,0,0,0,0,0,0,0,3,4,70,1,1,8,1,0,0,1,54,99,1,1,52,"777777777777","777777777777","777777777777",0,0
48,481776,1,1,1,14,2,13,27,26,0,1,0,35,1,72,706,72706,80,2000,"1HD1BJY18YY0","1","H","D","1","B","J","Y","1","8","Y","Y","0",0,0,0,"000000000","00000000000",0,0,0,1,0,0,0,0,0,0,0,998,0,0,0,9,2,5,26,0,0,0,1,35,88011,6,1,0,0,3,3,73,245,98,0,0,0,0,0,0,0,0,0,99,99,99,99,4,3,60,1,1,8,1,0,0,1,12,99,1,4,6,"777777777777","777777777777","777777777777",1,0
48,481777,1,1,3,8,7,15,9,9,0,1,0,48,2,54,44,54044,4,2015,"19UUB3F51FA0","1","9","U","U","B","3","F","5","1","F","A","0",0,0,0,"000000000","00000000000",0,0,0,1,0,0,0,0,0,0,0,998,0,0,0,12,4,5,9,0,0,0,1,4,85258,6,1,0,0,3,3,63,130,0,0,0,0,0,0,0,0,0,0,0,0,0,0,3,2,75,1,1,8,1,0,0,1,83,99,1,1,13,"777777777777","777777777777","777777777777",0,0
48,481778,1,2,1,8,7,13,10,12,6,1,0,48,1,76,705,76705,80,2004,"JYAVM01E04A0","J","Y","A","V","M","0","1","E","0","4","A","0",0,0,0,"000000000","00000000000",0,0,0,1,0,0,0,0,0,0,0,998,0,0,0,61,8,2,12,0,0,0,1,48,75862,6,1,0,0,2,3,999,999,0,0,0,0,0,0,0,0,0,0,38,0,0,0,0,0,0,0,0,0,0,0,0,4,17,99,1,1,89,"777777777777","777777777777","777777777777",1,0
48,481778,2,2,1,8,7,13,10,12,6,1,0,48,1,2,404,2404,14,1999,"1J4GW58S6XC5","1","J","4","G","W","5","8","S","6","X","C","5",0,0,0,"000000000","00000000000",0,0,0,1,0,0,0,0,0,0,0,998,0,0,0,12,2,3,12,0,0,0,1,48,77320,6,1,0,0,3,0,999,999,0,0,0,0,0,0,0,0,0,0,0,0,0,0,1,2,55,1,2,8,1,0,0,1,71,6,1,1,88,"777777777777","777777777777","777777777777",0,0
48,481779,1,1,2,10,7,7,33,38,0,1,0,48,1,12,481,12481,31,2008,"1FTSW21598EE","1","F","T","S","W","2","1","5","9","8","E","E",0,0,0,"000000000","00000000000",0,0,0,1,0,0,0,0,0,0,0,998,0,0,0,81,6,2,38,0,0,0,1,48,77320,6,1,0,0,3,0,999,999,1,0,0,0,1,12,2012,2,2014,4,58,0,0,0,1,2,60,1,1,8,1,0,0,1,13,6,4,4,7,"777777777777","777777777777","777777777777",1,0
48,481780,1,1,1,14,7,23,30,52,0,1,0,48,2,72,706,72706,80,2007,"1HD1CZ3497K4","1","H","D","1","C","Z","3","4","9","7","K","4",0,0,0,"000000000","00000000000",0,0,0,1,0,0,0,0,0,0,0,998,0,0,0,98,8,2,52,0,0,0,1,48,76227,6,1,0,0,3,0,999,999,0,0,0,1,1,9,2013,10,2013,0,99,99,99,99,1,2,60,1,1,8,1,0,0,1,12,99,9,4,6,"777777777777","777777777777","777777777777",1,0
48,481781,1,1,1,15,7,22,50,43,0,1,0,48,1,12,481,12481,31,2000,"1FTZF1728YKA","1","F","T","Z","F","1","7","2","8","Y","K","A",0,0,0,"000000000","00000000000",0,0,0,1,0,0,0,0,0,0,0,998,0,0,0,62,6,2,43,0,0,0,1,48,79250,6,1,0,0,3,0,999,999,1,0,0,0,0,1,2013,1,2013,0,0,0,0,0,1,2,70,1,1,8,1,0,0,1,13,6,3,4,2,"777777777777","777777777777","777777777777",1,0
48,481782,1,1,1,17,7,5,20,30,0,1,0,48,2,20,481,20481,31,1993,"1GCDC14Z7PZ2","1","G","C","D","C","1","4","Z","7","P","Z","2",0,0,0,"000000000","00000000000",0,0,0,1,0,0,0,0,0,0,0,999,0,0,0,12,6,2,30,0,0,0,1,48,79938,1,1,0,0,2,0,999,999,0,1,0,0,0,8,2013,8,2013,0,99,99,99,99,5,5,40,1,1,8,1,0,0,1,9,99,9,9,7,"777777777777","777777777777","777777777777",1,1
48,481783,1,1,1,17,7,22,4,32,0,1,0,48,2,12,471,12471,30,1999,"1FTYR14V2XPB","1","F","T","Y","R","1","4","V","2","X","P","B",0,0,0,"000000000","00000000000",0,0,0,1,0,0,0,0,0,0,0,998,0,1,5,7,6,2,1,0,0,0,1,48,78636,1,1,0,0,2,0,999,999,1,13,0,0,1,11,2011,11,2015,4,58,0,0,0,1,2,50,3,2,1,1,0,0,14,13,6,1,4,6,"777777777777","777777777777","777777777777",1,0
48,481784,1,1,1,6,6,21,40,1,0,1,0,35,1,2,404,2404,14,1997,"1J4FX58SXVC7","1","J","4","F","X","5","8","S","X","V","C","7",6,0,0,"000000000","00000000000",0,0,0,1,0,0,0,0,0,0,0,998,0,1,3,0,6,2,1,0,0,0,1,35,88008,6,1,0,0,3,3,73,240,98,0,0,0,0,0,0,0,0,0,0,0,0,0,2,2,80,1,1,8,1,0,0,1,13,6,2,4,6,"777777777777","777777777777","777777777777",1,0
48,481785,1,1,1,16,6,7,0,1,0,1,0,48,1,49,481,49481,31,1998,"JT4TN12D0W00","J","T","4","T","N","1","2","D","0","W","0","0",0,0,0,"000000000","00000000000",0,0,0,1,0,0,0,0,0,0,0,998,0,2,5,0,6,2,1,0,0,0,1,48,75416,6,1,0,0,3,0,999,999,0,0,0,0,0,0,0,0,0,0,58,28,0,0,1,2,55,1,1,8,1,0,0,1,13,6,1,4,1,"777777777777","777777777777","777777777777",1,1
48,481786,1,1,1,27,6,7,0,1,0,1,0,48,3,84,884,84884,64,2007,"1HTXHAHT17J4","1","H","T","X","H","A","H","T","1","7","J","4",0,0,57,"1803239","571803239",3,2,5,1,0,0,0,0,0,0,0,998,0,1,5,0,6,2,1,0,0,0,1,48,75119,6,1,6,0,3,0,63,166,1,0,0,1,0,1,2012,6,2012,0,58,0,0,0,1,2,55,1,1,8,1,0,0,1,13,6,3,4,7,"777777777777","777777777777","777777777777",1,0
48,481787,1,1,99,12,7,0,50,8,0,1,1,99,9,99,999,99999,99,9999,"999999999999","9","9","9","9","9","9","9","9","9","9","9","9",0,0,0,"000000000","00000000000",0,0,0,1,0,0,0,0,0,0,0,998,0,0,0,12,9,5,8,99,99,0,1,99,99999,9,9,99,9,9,9,999,999,99,99,99,99,99,99,9999,99,9999,0,0,0,0,0,2,2,45,1,1,8,1,0,0,1,80,99,1,1,13,"777777777777","777777777777","777777777777",0,0
48,481788,1,2,1,14,7,22,59,12,1,1,0,48,0,73,706,73706,80,2007,"JKAZXCD157A0","J","K","A","Z","X","C","D","1","5","7","A","0",0,0,0,"000000000","00000000000",0,0,0,1,0,0,0,0,0,0,0,998,0,0,0,12,6,2,12,0,0,0,1,48,79928,1,1,0,0,2,0,999,999,2,4,0,2,1,6,2012,3,2016,5,0,0,0,0,4,3,50,1,1,8,1,0,0,1,51,99,1,1,24,"777777777777","777777777777","777777777777",1,1
48,481788,2,2,1,14,7,22,59,12,1,1,0,48,2,12,3,12003,2,2015,"1FA6P8AMXF53","1","F","A","6","P","8","A","M","X","F","5","3",0,0,0,"000000000","00000000000",0,0,0,1,0,0,0,0,0,0,0,998,0,0,0,6,6,2,12,0,0,0,1,48,79928,6,7,0,0,3,2,999,999,0,0,0,0,0,0,0,0,0,0,73,0,0,0,4,3,50,1,1,8,1,0,0,3,53,1,1,1,25,"777777777777","777777777777","777777777777",0,0
48,481789,1,2,1,15,7,14,30,12,6,1,0,48,1,20,481,20481,31,1999,"1GCGC24U6XE2","1","G","C","G","C","2","4","U","6","X","E","2",1,3,0,"000000000","00000000000",0,0,0,1,0,0,0,0,0,0,0,998,0,0,0,7,6,2,12,0,0,0,1,48,76693,6,1,0,0,3,3,999,999,0,0,0,0,0,0,0,0,0,0,58,29,28,85,1,2,70,1,1,8,1,0,0,1,50,6,3,6,66,"000000000000","777777777777","777777777777",0,0
48,481789,2,2,1,15,7,14,30,12,6,1,0,48,1,7,482,7482,31,2005,"1D7KS28D55J5","1","D","7","K","S","2","8","D","5","5","J","5",0,0,0,"000000000","00000000000",0,0,0,1,0,0,0,0,0,0,0,998,0,0,0,12,6,2,12,0,0,0,1,48,75110,6,1,0,0,3,0,999,999,0,0,0,0,0,0,0,0,0,0,0,0,0,0,1,2,70,1,1,8,1,0,0,1,62,7,1,2,66,"777777777777","777777777777","777777777777",1,0
48,481790,1,2,1,18,7,12,53,12,2,1,0,48,0,7,472,7472,30,1992,"1B7GL23Y7NS5","1","B","7","G","L","2","3","Y","7","N","S","5",0,0,0,"000000000","00000000000",0,0,0,1,0,0,0,0,0,0,0,998,0,0,0,12,6,2,12,0,0,0,1,48,77515,6,1,0,0,3,0,999,999,0,18,0,0,0,8,2011,3,2015,4,87,0,0,0,1,2,60,1,2,8,2,0,0,1,6,99,2,2,50,"777777777777","777777777777","777777777777",0,0
48,481790,2,2,2,18,7,12,53,12,2,1,0,48,1,20,481,20481,31,2001,"2GCEC19V8113","2","G","C","E","C","1","9","V","8","1","1","3",0,0,0,"000000000","00000000000",0,0,0,1,0,0,0,0,0,0,0,998,0,0,0,12,6,2,12,32,0,0,1,48,77515,6,1,0,0,3,3,63,154,0,0,0,0,0,0,0,0,0,0,0,0,0,0,1,2,60,1,2,8,2,0,0,1,62,99,1,1,51,"777777777777","777777777777","777777777777",2,0
48,481791,1,1,1,18,7,1,3,38,0,1,0,48,1,35,402,35402,14,2006,"5N1AN08U86C5","5","N","1","A","N","0","8","U","8","6","C","5",0,0,0,"000000000","00000000000",0,0,0,1,0,0,0,0,0,0,0,998,0,0,0,12,6,2,38,0,0,0,1,48,79045,1,1,0,0,2,0,73,999,0,4,0,0,0,6,2014,6,2014,0,39,0,0,0,1,2,60,1,1,8,11,20,3,1,9,99,2,4,2,"777777777777","777777777777","777777777777",1,1
48,481792,1,1,1,18,7,15,28,42,0,1,0,48,0,12,17,12017,4,2005,"1FAFP53U25A1","1","F","A","F","P","5","3","U","2","5","A","1",0,0,0,"000000000","00000000000",0,0,0,1,0,0,0,0,0,0,0,998,0,1,5,12,6,2,2,0,0,1,1,48,75469,3,1,0,0,2,0,999,999,0,0,0,0,0,0,0,0,0,4,0,0,0,0,1,2,55,3,1,8,1,0,0,1,13,99,1,4,1,"777777777777","777777777777","777777777777",1,0
48,481793,1,2,5,19,7,12,14,12,6,1,0,48,3,84,884,84884,64,2010,"1HTMNAAM1AH2","1","H","T","M","N","A","A","M","1","A","H","2",0,0,88,"888888888","88888888888",2,1,1,1,0,0,0,0,0,6,5,998,0,1,1,3,6,2,12,0,0,0,1,48,78586,6,1,0,0,3,0,999,999,0,0,0,0,0,0,0,0,0,0,39,0,0,0,1,6,55,1,1,8,1,3,3,2,17,1,1,1,87,"777777777777","777777777777","777777777777",1,0
48,481793,2,2,1,19,7,12,14,12,6,1,0,48,2,85,881,85881,66,2006,"1XKAD49X46R1","1","X","K","A","D","4","9","X","4","6","R","1",1,1,57,"1974471","571974471",3,6,4,1,0,0,0,0,0,0,0,998,0,0,0,11,6,2,12,0,0,0,1,48,78596,6,1,6,0,3,0,999,999,0,0,0,0,2,3,2012,9,2014,0,0,0,0,0,4,3,98,1,1,8,98,3,3,1,66,9,1,1,86,"5TU114023FS0","777777777777","777777777777",0,0
48,481794,1,1,1,21,7,13,2,8,0,1,0,96,9,82,881,82881,66,2005,"1FUJC5CV85HU","1","F","U","J","C","5","C","V","8","5","H","U",1,1,57,"1372051","571372051",3,6,1,1,0,0,0,0,0,0,0,998,0,0,0,12,2,5,8,0,0,0,1,96,0,9,9,99,9,9,9,999,999,99,99,99,99,99,99,9999,99,9999,0,0,0,0,0,4,3,45,1,1,8,1,0,0,1,80,99,1,1,13,"1UYV52484WP3","777777777777","777777777777",0,0
48,481795,1,2,1,17,7,19,6,12,1,1,0,48,1,72,706,72706,80,2013,"1HD1KHM15DB6","1","H","D","1","K","H","M","1","5","D","B","6",0,0,0,"000000000","00000000000",0,0,0,1,0,0,0,0,0,0,0,998,0,0,0,12,6,2,12,0,0,0,1,48,77563,6,1,0,0,2,0,67,212,0,0,0,0,0,0,0,0,0,0,0,0,0,0,1,2,65,1,1,2,1,50,3,1,51,99,1,1,24,"777777777777","777777777777","777777777777",1,1
48,481795,2,2,2,17,7,19,6,12,1,1,0,48,3,23,421,23421,15,2009,"1GKFC36019R2","1","G","K","F","C","3","6","0","1","9","R","2",0,0,0,"000000000","00000000000",0,0,0,1,0,0,0,0,0,0,0,998,0,0,0,6,6,2,12,0,0,0,1,48,77510,6,1,0,0,3,0,999,999,0,0,0,0,0,0,0,0,0,0,0,0,0,0,1,2,65,1,1,2,1,50,3,11,53,1,1,1,26,"777777777777","777777777777","777777777777",0,0
48,481796,1,1,1,23,4,22,5,8,0,1,0,48,1,12,481,12481,31,2005,"1FTPW12595KF","1","F","T","P","W","1","2","5","9","5","K","F",0,0,0,"000000000","00000000000",0,0,0,1,0,0,0,0,0,0,0,998,0,0,0,12,2,5,8,0,0,0,1,48,78380,3,1,0,0,2,0,999,999,0,0,0,0,0,0,0,0,0,0,0,0,0,0,5,5,45,1,1,8,1,0,0,2,80,99,1,1,13,"777777777777","777777777777","777777777777",0,0
48,481797,1,2,2,2,5,22,46,12,6,1,0,48,1,22,18,22018,4,2000,"1G2NF52T2YC5","1","G","2","N","F","5","2","T","2","Y","C","5",0,0,0,"000000000","00000000000",0,0,0,1,0,0,0,0,0,0,0,998,0,0,0,3,6,2,12,0,0,0,1,48,76301,1,1,0,0,2,0,999,999,0,0,0,0,0,0,0,0,0,0,39,0,0,0,2,4,98,8,8,8,98,3,3,1,17,99,1,1,87,"777777777777","777777777777","777777777777",1,1
48,481797,2,2,1,2,5,22,46,12,6,1,0,48,1,20,481,20481,31,2007,"2GCEC19Z8711","2","G","C","E","C","1","9","Z","8","7","1","1",0,0,0,"000000000","00000000000",0,0,0,1,0,0,0,0,0,0,0,998,0,0,0,12,6,2,12,0,0,0,1,48,76354,6,1,0,0,3,3,999,999,0,0,0,0,0,0,0,0,0,0,0,0,0,0,4,4,45,1,1,8,1,3,3,1,66,1,1,1,86,"777777777777","777777777777","777777777777",0,0
48,481798,1,2,1,5,7,2,19,12,6,1,0,48,0,76,705,76705,80,2003,"JYARJ06E33A0","J","Y","A","R","J","0","6","E","3","3","A","0",0,0,0,"000000000","00000000000",0,0,0,1,0,0,0,0,0,0,0,998,0,0,0,12,8,2,12,0,0,0,1,48,79401,6,1,0,0,3,0,999,999,0,0,0,0,0,0,0,0,0,5,51,0,0,0,1,2,65,2,1,8,2,0,0,14,6,99,2,2,66,"777777777777","777777777777","777777777777",1,0
48,481798,2,2,2,5,7,2,19,12,6,1,0,48,0,12,481,12481,31,2006,"1FTRW12W66FA","1","F","T","R","W","1","2","W","6","6","F","A",0,0,0,"000000000","00000000000",0,0,0,1,0,0,0,0,0,0,0,998,0,0,0,3,6,2,12,0,0,0,1,48,75103,6,1,0,0,3,0,999,999,0,0,0,0,0,0,0,0,0,0,0,0,0,0,1,2,65,1,1,8,2,0,0,1,62,6,1,1,66,"777777777777","777777777777","777777777777",0,0
48,481799,1,1,5,21,6,2,6,43,0,1,0,48,1,59,35,59035,4,2012,"JTHBE5C23C50","J","T","H","B","E","5","C","2","3","C","5","0",0,0,0,"000000000","00000000000",0,0,0,1,0,0,0,0,0,0,0,998,0,1,5,98,6,2,1,0,0,0,1,48,79928,6,1,6,0,3,0,999,999,0,2,0,1,1,5,2014,2,2016,5,0,0,0,0,1,2,45,2,1,8,1,0,0,14,6,99,2,4,6,"777777777777","777777777777","777777777777",1,0
48,481800,1,1,6,4,7,22,56,1,0,1,0,48,2,49,422,49422,15,2001,"5TDBT48A21S0","5","T","D","B","T","4","8","A","2","1","S","0",0,0,0,"000000000","00000000000",0,0,0,1,0,0,0,0,0,0,0,998,0,2,5,0,6,2,1,0,0,0,1,48,78416,0,0,0,0,0,0,999,999,0,0,0,0,0,0,0,0,0,5,0,0,0,0,3,3,75,1,1,8,1,0,0,1,13,99,3,4,1,"777777777777","777777777777","777777777777",1,0
48,481801,1,1,1,10,7,5,20,42,0,1,0,48,2,12,481,12481,31,2003,"1FTRW07603KB","1","F","T","R","W","0","7","6","0","3","K","B",0,0,0,"000000000","00000000000",0,0,0,1,0,0,0,0,0,0,0,998,0,0,0,9,6,2,42,0,0,0,1,48,78616,6,1,0,0,3,0,999,999,1,0,0,0,0,7,2012,7,2012,4,0,0,0,0,1,2,30,1,1,8,8,0,0,1,6,99,3,4,7,"777777777777","777777777777","777777777777",1,1
48,481802,1,2,1,12,7,11,44,12,6,1,0,48,2,87,884,87884,66,2005,"1XP5DB9X65N8","1","X","P","5","D","B","9","X","6","5","N","8",1,1,57,"2829852","572829852",3,6,4,1,0,0,0,0,0,0,0,998,0,1,3,12,6,2,12,0,0,0,1,48,78355,6,1,6,0,3,0,999,999,0,0,0,1,0,2,2015,2,2015,0,0,0,0,0,2,3,75,1,1,8,1,0,0,1,65,99,1,1,79,"4B96D4025HH0","777777777777","777777777777",0,0
48,481802,2,2,1,12,7,11,44,12,6,1,0,48,1,2,403,2403,14,2006,"1J4FA29146P7","1","J","4","F","A","2","9","1","4","6","P","7",0,0,0,"000000000","00000000000",0,0,0,1,0,0,0,0,0,0,0,998,0,0,0,9,6,2,12,0,0,0,1,47,37398,6,1,0,0,3,0,68,190,0,0,0,0,0,0,0,0,0,0,38,39,48,0,1,2,99,1,1,8,1,20,3,10,16,99,1,1,78,"777777777777","777777777777","777777777777",1,0