"STATE","ST_CASE","VEH_NO","VE_FORMS","NUMOCCS","DAY","MONTH","HOUR","MINUTE","HARM_EV","MAN_COLL","UNITTYPE","HIT_RUN","REG_STAT","OWNER","MAKE","MODEL","MAK_MOD","BODY_TYP","MOD_YEAR","VIN","VIN_1","VIN_2","VIN_3","VIN_4","VIN_5","VIN_6","VIN_7","VIN_8","VIN_9","VIN_10","VIN_11","VIN_12","TOW_VEH","J_KNIFE","MCARR_I1","MCARR_I2","MCARR_ID","GVWR","V_CONFIG","CARGO_BT","HAZ_INV","HAZ_PLAC","HAZ_ID","HAZ_CNO","HAZ_REL","BUS_USE","SPEC_USE","EMER_USE","TRAV_SP","UNDERIDE","ROLLOVER","ROLINLOC","IMPACT1","DEFORMED","TOWED","M_HARM","VEH_SC1","VEH_SC2","FIRE_EXP","DR_PRES","L_STATE","DR_ZIP","L_STATUS","L_TYPE","CDL_STAT","L_ENDORS","L_COMPL","L_RESTRI","DR_HGT","DR_WGT","PREV_ACC","PREV_SUS","PREV_DWI","PREV_SPD","PREV_OTH","FIRST_MO","FIRST_YR","LAST_MO","LAST_YR","SPEEDREL","DR_SF1","DR_SF2","DR_SF3","DR_SF4","VTRAFWAY","VNUM_LAN","VSPD_LIM","VALIGN","VPROFILE","VPAVETYP","VSURCOND","VTRAFCON","VTCONT_F","P_CRASH1","P_CRASH2","P_CRASH3","PCRASH4","PCRASH5","ACC_TYPE","TRLR1VIN","TRLR2VIN","TRLR3VIN","DEATHS","DR_DRINK"
48,481804,1,2,1,14,7,21,48,12,2,1,0,17,1,58,37,58037,4,2009,"JNKCV61E09M3","J","N","K","C","V","6","1","E","0","9","M","3",0,0,0,"000000000","00000000000",0,0,0,1,0,0,0,0,0,0,0,998,0,0,0,12,6,2,12,0,0,0,1,48,60173,6,1,0,0,3,3,999,999,0,0,0,1,0,4,2013,4,2013,0,51,91,0,0,1,2,70,2,1,8,1,0,0,14,10,99,1,2,50,"777777777777","777777777777","777777777777",0,0
48,481804,2,2,1,14,7,21,48,12,2,1,0,48,1,37,31,37031,4,1993,"JHMEG8558PS0","J","H","M","E","G","8","5","5","8","P","S","0",0,0,0,"000000000","00000000000",0,0,0,1,0,0,0,0,0,0,0,998,0,0,0,12,6,2,12,0,0,0,1,48,75633,6,1,0,0,3,3,999,999,0,0,0,0,0,0,0,0,0,0,0,0,0,0,1,2,70,3,1,8,1,0,0,14,62,99,1,1,51,"777777777777","777777777777","777777777777",1,0
48,481805,1,1,2,15,7,19,33,1,0,1,0,48,1,76,705,76705,80,2003,"JYAVM01E83A0","J","Y","A","V","M","0","1","E","8","3","A","0",0,0,0,"000000000","00000000000",0,0,0,1,0,0,0,0,0,0,0,998,0,0,0,0,8,2,1,0,0,0,1,48,77422,3,1,0,0,2,0,999,999,0,5,0,0,0,1,2012,5,2013,4,0,0,0,0,1,2,60,3,2,8,1,0,0,14,13,99,9,4,1,"777777777777","777777777777","777777777777",1,1
48,481807,1,1,1,15,7,22,45,8,0,1,0,48,2,58,37,58037,2,2004,"JNKCV54E64M8","J","N","K","C","V","5","4","E","6","4","M","8",0,0,0,"000000000","00000000000",0,0,0,1,0,0,0,0,0,0,0,998,0,0,0,12,2,3,8,0,0,0,1,48,77449,6,1,0,0,3,3,999,999,0,0,0,0,0,0,0,0,0,0,0,0,0,0,1,6,40,1,1,8,1,0,0,1,80,99,1,1,13,"777777777777","777777777777","777777777777",0,0
48,481808,1,1,1,15,7,1,40,42,0,1,0,48,1,37,703,37703,80,2012,"MLHMC4109C52","M","L","H","M","C","4","1","0","9","C","5","2",0,0,0,"000000000","00000000000",0,0,0,1,0,0,0,0,0,0,0,998,0,0,0,98,8,2,42,0,0,0,1,48,76088,6,1,0,0,2,0,999,999,0,0,0,0,0,0,0,0,0,4,83,0,0,0,1,2,40,3,1,8,1,0,0,1,87,99,9,4,2,"777777777777","777777777777","777777777777",1,0
48,481809,1,3,1,16,7,13,43,12,1,1,0,48,1,12,471,12471,30,2003,"1FTYR44V23PB","1","F","T","Y","R","4","4","V","2","3","P","B",0,0,0,"000000000","00000000000",0,0,0,1,0,0,0,0,0,0,0,998,0,0,0,12,6,2,12,0,0,0,1,48,79416,6,1,0,0,3,0,999,999,0,0,0,0,0,0,0,0,0,5,35,0,0,0,1,2,65,1,1,8,1,0,0,1,50,99,1,1,20,"777777777777","777777777777","777777777777",1,1
48,481809,2,3,3,16,7,13,43,12,1,1,0,48,1,23,481,23481,31,2008,"1GTHK23668F2","1","G","T","H","K","2","3","6","6","8","F","2",1,1,0,"000000000","00000000000",0,0,0,1,0,0,0,0,0,0,0,998,0,1,5,12,6,2,12,0,0,0,1,48,79064,6,1,6,0,3,0,999,999,0,0,0,0,0,0,0,0,0,5,0,0,0,0,1,2,65,1,1,8,1,0,0,1,54,99,1,1,98,"16VPX2421513","777777777777","777777777777",1,0
48,481809,3,3,5,16,7,13,43,12,1,1,0,48,0,12,481,12481,31,2001,"1FTNX20F71ED","1","F","T","N","X","2","0","F","7","1","E","D",0,0,0,"000000000","00000000000",0,0,0,1,0,0,0,0,0,0,0,0,0,0,0,6,4,5,12,0,0,0,1,48,79064,0,0,0,0,0,0,999,999,0,4,0,0,0,11,2011,3,2015,0,0,0,0,0,1,2,65,1,1,8,1,0,0,5,53,99,1,1,22,"777777777777","777777777777","777777777777",0,0
48,481810,1,1,1,17,7,21,47,9,0,1,0,48,1,37,32,37032,4,2002,"1HGCG16562A0","1","H","G","C","G","1","6","5","6","2","A","0",0,0,0,"000000000","00000000000",0,0,0,1,0,0,0,0,0,0,0,998,0,0,0,12,6,2,9,0,0,0,1,48,79098,6,1,0,0,3,0,999,999,1,8,0,0,0,6,2012,6,2016,0,91,0,0,0,1,2,55,1,1,8,1,0,0,1,83,99,1,1,13,"777777777777","777777777777","777777777777",0,1
48,481811,1,1,2,17,7,3,45,8,0,1,0,48,2,12,401,12401,14,2002,"1FMZU63E22ZA","1","F","M","Z","U","6","3","E","2","2","Z","A",0,0,0,"000000000","00000000000",0,0,0,1,0,0,0,0,0,0,0,998,0,0,0,12,2,3,8,0,0,0,1,48,75602,0,0,0,0,0,0,999,999,0,0,0,0,0,0,0,0,0,0,84,0,0,0,3,2,75,1,1,8,1,0,0,1,50,7,1,4,13,"777777777777","777777777777","777777777777",0,0
48,481812,1,1,5,18,7,22,39,42,0,1,0,48,2,7,422,7422,15,2004,"1D4HD48N14F2","1","D","4","H","D","4","8","N","1","4","F","2",0,0,0,"000000000","00000000000",0,0,0,1,0,0,0,0,0,0,0,998,0,0,0,61,6,2,42,0,0,0,1,48,78377,0,0,0,0,0,0,999,999,0,0,0,0,0,0,0,0,0,4,58,79,0,0,1,2,70,1,1,4,11,40,2,1,6,9,2,4,2,"777777777777","777777777777","777777777777",1,0
48,481813,1,1,1,18,7,7,32,14,0,1,0,48,1,18,22,18022,4,2016,"1G4GB5G39GF2","1","G","4","G","B","5","G","3","9","G","F","2",0,0,0,"000000000","00000000000",0,0,0,1,0,0,0,0,0,0,0,998,0,0,0,1,6,2,8,0,0,0,1,48,77550,6,1,0,0,3,3,999,999,0,0,0,0,0,0,0,0,0,0,28,0,0,0,1,2,30,1,1,8,1,0,0,1,13,99,1,2,11,"777777777777","777777777777","777777777777",0,0
48,481814,1,1,1,18,7,4,30,8,0,1,1,48,1,20,471,20471,30,1995,"1GCCS19Z8SK1","1","G","C","C","S","1","9","Z","8","S","K","1",0,0,0,"000000000","00000000000",0,0,0,1,0,0,0,0,0,0,0,998,0,0,0,12,2,5,8,0,0,0,1,48,77022,0,0,0,0,0,0,999,999,0,0,0,0,0,0,0,0,0,0,0,0,0,0,5,7,40,1,1,8,1,0,0,1,80,99,1,1,13,"777777777777","777777777777","777777777777",0,0
48,481815,1,1,1,18,7,22,24,1,0,1,0,48,1,7,482,7482,31,2002,"1D7HA16K72J1","1","D","7","H","A","1","6","K","7","2","J","1",0,0,0,"000000000","00000000000",0,0,0,1,0,0,0,0,0,0,0,998,0,1,3,0,6,2,1,0,0,0,1,48,75604,6,1,0,0,3,3,999,999,0,0,0,1,0,9,2014,9,2014,4,58,0,0,0,4,2,55,1,1,8,1,0,0,1,13,6,4,4,7,"777777777777","777777777777","777777777777",1,1
48,481816,1,2,1,20,7,15,28,12,2,1,0,48,2,20,481,20481,31,2005,"1GBHC24U65E3","1","G","B","H","C","2","4","U","6","5","E","3",0,0,0,"000000000","00000000000",0,0,0,1,0,0,0,0,0,0,0,998,0,0,0,12,6,2,12,0,0,1,1,48,75831,6,1,0,0,3,0,999,999,1,2,0,1,0,8,2012,1,2015,0,51,0,0,0,1,2,65,2,1,8,1,0,0,14,10,99,1,2,50,"777777777777","777777777777","777777777777",1,0
48,481816,2,2,3,20,7,15,28,12,2,1,0,48,1,7,482,7482,31,2004,"1D7HA16N44J2","1","D","7","H","A","1","6","N","4","4","J","2",0,0,0,"000000000","00000000000",0,0,0,1,0,0,0,0,0,0,0,998,0,0,0,12,6,2,12,0,0,1,1,48,75831,6,1,0,0,3,0,999,999,0,0,0,0,0,0,0,0,0,0,0,0,0,0,1,2,65,3,1,8,1,0,0,14,62,99,1,1,51,"777777777777","777777777777","777777777777",1,0
48,481817,1,1,1,20,7,2,23,59,0,1,0,48,2,35,39,35039,4,1999,"JN1CA21A1XT7","J","N","1","C","A","2","1","A","1","X","T","7",0,0,0,"000000000","00000000000",0,0,0,1,0,0,0,0,0,0,0,998,0,0,0,12,6,2,59,0,0,0,1,48,76017,6,1,0,0,3,0,999,999,0,0,0,0,0,0,0,0,0,0,28,0,0,0,3,4,60,1,1,8,1,0,0,1,13,99,1,4,1,"777777777777","777777777777","777777777777",1,0
48,481818,1,2,3,21,7,15,40,12,2,1,0,48,2,20,36,20036,2,2000,"2G1WX12K3Y93","2","G","1","W","X","1","2","K","3","Y","9","3",0,0,0,"000000000","00000000000",0,0,0,1,0,0,0,0,0,0,0,998,0,0,0,12,6,2,12,0,0,0,1,48,75217,0,0,0,0,0,0,64,171,0,0,0,0,0,0,0,0,0,0,51,0,0,0,2,2,50,1,1,8,1,0,0,1,10,99,2,4,50,"777777777777","777777777777","777777777777",2,1
48,481818,2,2,1,21,7,15,40,12,2,1,0,48,1,12,481,12481,31,2015,"1FTEX1CP8FKE","1","F","T","E","X","1","C","P","8","F","K","E",0,0,0,"000000000","00000000000",0,0,0,1,0,0,0,0,0,0,0,998,0,0,0,12,6,2,12,0,0,1,1,48,75217,6,1,0,0,3,0,999,999,1,0,0,0,0,1,2014,1,2014,0,0,0,0,0,2,2,50,1,1,8,1,0,0,1,62,99,1,1,51,"777777777777","777777777777","777777777777",0,0
48,481819,1,1,1,21,7,20,42,8,0,1,1,48,2,35,472,35472,30,2015,"1N6BD0CT7FN7","1","N","6","B","D","0","C","T","7","F","N","7",0,0,0,"000000000","00000000000",0,0,0,1,0,0,0,0,0,0,0,998,0,0,0,12,2,3,8,0,0,0,1,48,77072,6,1,0,0,3,3,999,999,1,0,0,0,2,8,2011,8,2014,0,0,0,0,0,2,2,35,1,1,1,1,0,0,1,80,99,1,1,13,"777777777777","777777777777","777777777777",0,0
48,481820,1,3,2,22,7,21,56,12,6,1,0,48,1,34,35,34035,4,2008,"WBANW53528CT","W","B","A","N","W","5","3","5","2","8","C","T",0,0,0,"000000000","00000000000",0,0,0,1,0,0,0,0,0,0,0,50,0,0,0,12,6,2,12,0,0,0,1,48,75216,6,1,0,0,3,0,999,999,0,0,0,0,0,0,0,0,0,3,0,0,0,0,2,4,35,1,2,8,1,3,3,1,17,99,1,1,69,"777777777777","777777777777","777777777777",0,0
48,481820,2,3,1,22,7,21,56,12,6,1,0,48,2,20,482,20482,31,2007,"3GNEC12J87G3","3","G","N","E","C","1","2","J","8","7","G","3",0,0,0,"000000000","00000000000",0,0,0,1,0,0,0,0,0,0,0,998,0,1,1,5,6,2,8,0,0,0,1,48,75217,0,0,0,0,0,0,999,999,0,0,0,0,0,0,0,0,0,0,0,0,0,0,2,4,35,1,2,8,1,3,3,11,15,99,1,1,68,"777777777777","777777777777","777777777777",0,0
48,481820,3,3,4,22,7,21,56,12,6,1,0,48,2,20,404,20404,14,2006,"2CNDL73F4660","2","C","N","D","L","7","3","F","4","6","6","0",0,0,0,"000000000","00000000000",0,0,0,1,0,0,0,0,0,0,0,0,0,0,0,12,2,3,12,0,0,0,1,48,75241,0,0,0,0,0,0,999,999,0,0,0,0,0,0,0,0,0,0,0,0,0,0,1,2,98,8,8,8,1,3,3,5,62,1,1,1,98,"777777777777","777777777777","777777777777",0,0
48,481821,1,2,1,24,7,2,12,12,1,1,0,53,1,53,706,53706,80,2007,"JS1GT77A7721","J","S","1","G","T","7","7","A","7","7","2","1",0,0,0,"000000000","00000000000",0,0,0,1,0,0,0,0,0,0,0,998,0,0,0,12,6,2,12,0,0,0,1,48,77590,1,1,0,0,2,0,70,999,2,23,0,1,2,8,2011,7,2016,0,0,0,0,0,5,5,60,1,1,8,1,0,0,1,51,99,1,1,24,"777777777777","777777777777","777777777777",1,1
48,481821,2,2,1,24,7,2,12,12,1,1,0,17,1,20,481,20481,31,2009,"3GCEC23J89G1","3","G","C","E","C","2","3","J","8","9","G","1",0,0,0,"000000000","00000000000",0,0,0,1,0,0,0,0,0,0,0,998,0,0,0,6,6,2,12,0,0,0,1,17,62568,6,1,0,0,3,0,70,165,0,0,0,0,1,12,2014,12,2014,0,0,0,0,0,5,5,60,1,1,8,1,0,0,1,53,99,1,1,25,"777777777777","777777777777","777777777777",0,0
48,481822,1,2,2,24,7,17,55,12,6,1,0,48,3,12,481,12481,31,1999,"1FTNW21S7XED","1","F","T","N","W","2","1","S","7","X","E","D",0,0,0,"000000000","00000000000",0,0,0,1,0,0,0,0,0,0,0,998,0,1,5,12,6,2,12,0,0,0,1,48,77532,6,1,0,0,3,0,999,999,1,3,0,2,0,8,2011,1,2015,3,39,0,0,0,1,2,40,1,1,8,1,20,3,1,17,99,1,1,83,"777777777777","777777777777","777777777777",0,0
48,481822,2,2,2,24,7,17,55,12,6,1,0,48,1,41,53,41053,5,2011,"JM3ER2A54B03","J","M","3","E","R","2","A","5","4","B","0","3",0,0,0,"000000000","00000000000",0,0,0,1,0,0,0,0,0,0,0,998,0,0,0,11,6,2,12,0,0,0,1,48,77521,6,1,0,0,3,3,999,999,0,0,0,0,0,0,0,0,0,0,0,0,0,0,1,2,98,8,8,8,98,0,0,11,68,99,1,1,82,"777777777777","777777777777","777777777777",2,1
48,481823,1,2,1,24,7,2,46,12,6,1,0,48,1,20,481,20481,31,1992,"1GCDC14K9NZ2","1","G","C","D","C","1","4","K","9","N","Z","2",0,0,0,"000000000","00000000000",0,0,0,1,0,0,0,0,0,0,0,998,0,0,0,9,6,2,12,0,0,0,1,48,79102,6,1,6,0,3,3,999,999,1,0,0,2,3,9,2011,6,2014,0,0,0,0,0,3,3,60,1,1,8,1,0,0,1,99,6,9,2,45,"777777777777","777777777777","777777777777",1,0
48,481823,2,2,1,24,7,2,46,12,6,1,0,48,1,35,401,35401,14,2004,"JN8DR09Y44W9","J","N","8","D","R","0","9","Y","4","4","W","9",0,0,0,"000000000","00000000000",0,0,0,1,0,0,0,0,0,0,0,998,0,0,0,12,6,2,12,0,0,0,1,48,79068,6,1,6,0,3,3,999,999,0,0,0,0,0,0,0,0,0,0,0,0,0,0,3,3,60,1,1,8,1,0,0,1,61,99,1,1,44,"777777777777","777777777777","777777777777",0,0
48,481824,1,2,2,24,7,4,37,12,6,1,0,48,1,23,481,23481,31,2001,"1GTHC23U21F1","1","G","T","H","C","2","3","U","2","1","F","1",0,0,0,"000000000","00000000000",0,0,0,1,0,0,0,0,0,0,0,998,0,0,0,12,6,2,8,0,0,0,1,48,75137,0,0,0,0,0,0,999,999,0,0,0,0,0,0,0,0,0,0,0,0,0,0,3,2,70,1,1,8,1,0,0,1,50,1,1,1,48,"777777777777","777777777777","777777777777",0,0
48,481824,2,2,0,24,7,4,37,12,6,1,0,48,6,53,40,53040,4,2011,"JS2YC5A26B63","J","S","2","Y","C","5","A","2","6","B","6","3",0,0,0,"000000000","00000000000",0,0,0,1,0,0,0,0,0,0,0,998,0,0,0,61,6,2,12,0,0,0,0,0,99997,7,6,97,7,6,7,998,997,998,998,998,998,998,98,9998,98,9998,8,23,54,0,0,3,2,70,1,1,8,1,0,0,0,53,0,0,0,48,"777777777777","777777777777","777777777777",0,0
48,481825,1,1,1,24,7,20,50,8,0,1,0,48,1,58,37,58037,4,2011,"JN1CV6AP3BM3","J","N","1","C","V","6","A","P","3","B","M","3",0,0,0,"000000000","00000000000",0,0,0,1,0,0,0,0,0,0,0,998,0,0,0,12,6,2,8,0,0,0,1,48,76179,6,1,0,0,3,3,999,999,0,21,0,3,1,6,2013,7,2016,0,0,0,0,0,5,5,40,1,1,8,1,0,0,15,80,99,1,2,13,"777777777777","777777777777","777777777777",0,0
48,481826,1,1,1,24,7,2,25,59,0,1,0,48,1,41,54,41054,6,2009,"JM3TB28A8901","J","M","3","T","B","2","8","A","8","9","0","1",0,0,0,"000000000","00000000000",0,0,0,1,0,0,0,0,0,0,0,998,0,0,0,12,6,2,59,0,0,0,1,48,78749,6,1,0,0,3,3,999,999,0,0,0,0,0,0,0,0,0,0,0,0,0,0,3,3,65,1,1,8,1,0,0,1,12,99,1,4,6,"777777777777","777777777777","777777777777",1,1
48,481827,1,2,2,25,7,2,50,12,6,1,0,48,2,35,47,35047,4,2009,"1N4AL21E19N4","1","N","4","A","L","2","1","E","1","9","N","4",0,0,0,"000000000","00000000000",0,0,0,1,0,0,0,0,0,0,0,998,0,0,0,3,6,2,12,0,0,0,1,48,75220,0,0,0,0,0,0,999,999,0,0,0,0,0,0,0,0,0,0,39,0,0,0,4,2,98,8,8,8,98,3,3,1,17,99,1,1,87,"777777777777","777777777777","777777777777",1,1
48,481827,2,2,2,25,7,2,50,12,6,1,0,48,2,20,9,20009,2,2011,"2G1FC1ED8B91","2","G","1","F","C","1","E","D","8","B","9","1",0,0,0,"000000000","00000000000",0,0,0,1,0,0,0,0,0,0,0,998,0,0,0,12,6,2,12,0,0,0,1,48,75219,0,0,0,0,0,0,999,999,0,0,0,0,0,0,0,0,0,0,0,0,0,0,2,4,45,1,1,8,1,3,3,1,66,99,1,1,86,"777777777777","777777777777","777777777777",0,0
48,481828,1,1,1,25,7,20,57,9,0,1,1,48,1,7,482,7482,31,2003,"1D7HA18D63J6","1","D","7","H","A","1","8","D","6","3","J","6",0,0,0,"000000000","00000000000",0,0,0,1,0,0,0,0,0,0,0,998,0,0,0,12,2,3,9,0,0,0,1,48,75605,0,0,0,0,0,0,999,999,0,0,0,0,0,0,0,0,0,0,0,0,0,0,5,5,50,1,1,8,1,0,0,1,83,99,1,1,13,"777777777777","777777777777","777777777777",0,1
48,481829,1,2,1,26,7,8,28,12,6,1,0,48,1,12,37,12037,4,2016,"1FADP3F23GL2","1","F","A","D","P","3","F","2","3","G","L","2",0,0,0,"000000000","00000000000",0,0,0,1,0,0,0,0,0,0,0,998,0,0,0,9,6,2,12,0,0,0,1,48,76059,6,1,0,0,3,0,999,999,0,0,0,0,0,0,0,0,0,0,48,0,0,0,5,7,55,1,1,8,1,0,0,12,21,99,1,7,98,"777777777777","777777777777","777777777777",1,0
48,481829,2,2,1,26,7,8,28,12,6,1,0,48,1,12,422,12422,15,2003,"1FMRU17L93LA","1","F","M","R","U","1","7","L","9","3","L","A",0,0,0,"000000000","00000000000",0,0,0,1,0,0,0,0,0,0,0,998,0,0,0,12,6,2,12,0,0,0,1,48,76033,0,0,0,0,0,0,999,999,0,3,0,0,1,6,2013,11,2015,0,0,0,0,0,5,7,55,1,1,8,1,0,0,1,64,99,1,1,98,"777777777777","777777777777","777777777777",0,0
48,481830,1,3,2,27,5,2,17,12,2,1,0,48,2,35,43,35043,4,2013,"1N4AB7AP8DN9","1","N","4","A","B","7","A","P","8","D","N","9",0,0,0,"000000000","00000000000",0,0,0,1,0,0,0,0,0,0,0,998,0,0,0,12,6,2,12,0,0,0,1,48,78046,6,1,0,0,3,0,999,999,0,0,0,0,0,0,0,0,0,0,28,51,0,0,5,5,35,1,1,8,1,0,0,1,10,99,1,2,50,"777777777777","777777777777","777777777777",0,1
48,481830,2,3,3,27,5,2,17,12,2,1,0,48,0,52,34,52034,4,2007,"4A3AB36F17E0","4","A","3","A","B","3","6","F","1","7","E","0",0,0,0,"000000000","00000000000",0,0,0,1,0,0,0,0,0,0,0,998,0,0,0,12,6,2,12,0,0,0,1,48,78043,0,0,0,0,0,0,999,999,0,0,0,0,0,0,0,0,0,0,0,0,0,0,5,5,35,1,1,8,1,0,0,1,62,99,1,1,51,"777777777777","777777777777","777777777777",1,1
48,481830,3,3,2,27,5,2,17,12,2,1,0,48,2,20,25,20025,4,2012,"1G1PG5SC1C72","1","G","1","P","G","5","S","C","1","C","7","2",0,0,0,"000000000","00000000000",0,0,0,1,0,0,0,0,0,0,0,998,0,0,0,6,2,3,12,0,0,0,1,48,78041,0,0,0,0,0,0,999,999,0,0,0,0,0,0,0,0,0,0,0,0,0,0,5,5,35,1,1,8,1,0,0,1,62,99,1,1,98,"777777777777","777777777777","777777777777",0,0
48,481831,1,3,1,6,7,14,26,12,1,1,0,48,1,35,50,35050,4,2009,"3N1BC13E09L4","3","N","1","B","C","1","3","E","0","9","L","4",0,0,0,"000000000","00000000000",0,0,0,1,0,0,0,0,0,0,0,998,0,0,0,6,6,2,12,0,0,0,1,48,78573,6,1,0,0,3,3,999,999,1,0,0,0,0,8,2014,8,2014,0,0,0,0,0,3,3,70,1,1,8,1,0,0,2,53,99,1,1,29,"777777777777","777777777777","777777777777",1,0
48,481831,2,3,1,6,7,14,26,12,1,1,0,48,2,12,443,12443,20,2005,"2FMZA52295BA","2","F","M","Z","A","5","2","2","9","5","B","A",0,0,0,"000000000","00000000000",0,0,0,1,0,0,0,0,0,0,0,998,0,0,0,12,6,2,12,0,0,0,1,48,78572,6,1,0,0,3,3,999,999,0,0,0,0,0,0,0,0,0,0,26,0,0,0,3,3,70,1,1,8,1,0,0,1,52,99,1,1,28,"777777777777","777777777777","777777777777",0,0
48,481831,3,3,1,6,7,14,26,12,1,1,0,48,1,30,46,30046,4,2002,"WVWRH63BX2P3","W","V","W","R","H","6","3","B","X","2","P","3",0,0,0,"000000000","00000000000",0,0,0,1,0,0,0,0,0,0,0,998,0,0,0,6,6,2,12,0,0,0,1,48,78501,6,1,0,0,3,3,999,999,0,3,0,1,1,8,2012,11,2014,0,0,0,0,0,3,3,70,1,1,8,1,0,0,1,53,99,1,1,98,"777777777777","777777777777","777777777777",0,0
48,481832,1,1,4,9,7,0,36,8,0,1,0,48,1,49,40,49040,4,2005,"4T1BF32K55U0","4","T","1","B","F","3","2","K","5","5","U","0",0,0,0,"000000000","00000000000",0,0,0,1,0,0,0,0,0,0,0,998,0,0,0,12,6,2,8,0,0,0,1,48,75141,6,1,0,0,3,3,999,999,0,6,0,2,1,3,2012,4,2016,0,0,0,0,0,3,3,55,1,2,8,1,0,0,1,80,99,1,1,13,"777777777777","777777777777","777777777777",0,0
48,481833,1,1,2,15,7,22,45,11,0,1,0,48,2,73,706,73706,80,2002,"JKBVNAE182A1","J","K","B","V","N","A","E","1","8","2","A","1",0,0,0,"000000000","00000000000",0,0,0,1,0,0,0,0,0,0,0,998,0,0,0,12,8,2,11,0,0,0,1,48,75937,1,1,0,0,2,0,999,999,0,9,0,1,1,8,2012,6,2016,0,0,0,0,0,1,2,55,1,2,8,1,0,0,1,87,99,1,1,13,"777777777777","777777777777","777777777777",1,1
48,481834,1,2,2,18,7,9,25,12,6,1,0,35,3,12,880,12880,67,2015,"1FT8W3B69FEA","1","F","T","8","W","3","B","6","9","F","E","A",1,1,88,"888888888","88888888888",2,4,97,1,0,0,0,0,0,0,0,998,0,1,1,12,6,2,12,0,0,0,1,29,79743,6,1,4,0,3,0,72,220,0,0,0,1,0,9,2014,9,2014,0,39,0,0,0,1,2,98,8,8,8,98,20,3,1,17,99,1,1,86,"888888888888","777777777777","777777777777",0,0
48,481834,2,2,3,18,7,9,25,12,6,1,0,48,2,20,481,20481,31,1999,"1GCEC19R2XR1","1","G","C","E","C","1","9","R","2","X","R","1",0,0,0,"000000000","00000000000",0,0,0,1,0,0,0,0,0,0,0,998,0,0,0,3,6,2,12,0,0,0,1,48,79830,6,1,0,0,3,3,999,999,0,0,0,0,0,0,0,0,0,0,0,0,0,0,1,2,75,1,1,8,1,0,0,1,66,99,1,1,87,"777777777777","777777777777","777777777777",2,0
48,481835,1,1,1,22,7,22,5,59,0,1,0,48,1,7,24,7024,4,2008,"2B3KA43R68H2","2","B","3","K","A","4","3","R","6","8","H","2",0,0,0,"000000000","00000000000",0,0,0,1,0,0,0,0,0,0,0,86,0,0,0,7,6,2,42,0,0,0,1,48,78130,6,1,0,0,3,3,999,999,0,0,0,0,0,0,0,0,0,3,37,58,0,0,1,2,55,3,1,8,1,0,0,14,12,7,3,4,2,"777777777777","777777777777","777777777777",1,1
48,481836,1,2,3,27,7,13,55,12,1,1,0,48,0,48,401,48401,14,2013,"JF2SHADC3DH4","J","F","2","S","H","A","D","C","3","D","H","4",0,0,0,"000000000","00000000000",0,0,0,1,0,0,0,0,0,0,0,998,3,0,0,12,6,2,12,0,0,0,1,48,75189,6,1,0,0,3,0,999,999,1,0,0,0,2,6,2013,10,2013,0,0,0,0,0,3,2,75,1,1,8,1,0,0,1,50,99,1,1,20,"777777777777","777777777777","777777777777",2,0
48,481836,2,2,1,27,7,13,55,12,1,1,0,6,3,87,881,87881,66,2016,"1XPBD49X9GD3","1","X","P","B","D","4","9","X","9","G","D","3",1,1,57,"2361986","572361986",3,6,1,1,0,0,0,0,0,0,0,0,0,0,0,6,2,5,12,0,0,0,1,6,90220,6,1,6,0,3,0,61,180,0,0,0,0,0,0,0,0,0,0,0,0,0,0,3,2,75,1,1,8,1,0,0,5,53,1,1,1,21,"1DW1A53238S0","777777777777","777777777777",0,0
48,481837,1,1,1,26,5,14,3,73,0,1,0,48,1,37,706,37706,80,2013,"JH2SC68H0DK1","J","H","2","S","C","6","8","H","0","D","K","1",0,0,0,"000000000","00000000000",0,0,0,1,0,0,0,0,0,0,0,998,0,0,0,98,8,2,30,0,0,0,1,48,75032,6,1,0,0,3,3,999,999,0,0,0,0,0,0,0,0,0,0,0,0,0,0,3,3,65,2,1,8,1,0,0,14,90,99,1,1,12,"777777777777","777777777777","777777777777",1,0
48,481838,1,1,1,1,7,21,57,8,0,1,0,48,3,12,481,12481,31,2007,"1FTRF122X7NA","1","F","T","R","F","1","2","2","X","7","N","A",0,0,0,"000000000","00000000000",0,0,0,1,0,0,0,0,0,0,0,998,0,0,0,12,6,2,8,0,0,0,1,48,76013,6,1,0,0,3,0,999,999,0,0,0,3,0,9,2013,6,2015,0,0,0,0,0,2,3,40,1,1,8,1,0,0,1,80,99,1,1,13,"777777777777","777777777777","777777777777",0,0
48,481839,1,1,1,3,7,18,54,34,0,1,0,48,1,63,38,63038,4,2013,"KNAFU6A29D56","K","N","A","F","U","6","A","2","9","D","5","6",0,0,0,"000000000","00000000000",0,0,0,1,0,0,0,0,0,0,0,998,0,0,0,12,6,2,34,0,0,0,1,48,78949,6,1,0,0,3,0,999,999,0,0,0,0,0,0,0,0,0,0,0,0,0,0,1,2,40,1,1,8,1,20,3,1,14,99,1,4,14,"777777777777","777777777777","777777777777",1,0