"STATE","ST_CASE","VEH_NO","VE_FORMS","NUMOCCS","DAY","MONTH","HOUR","MINUTE","HARM_EV","MAN_COLL","UNITTYPE","HIT_RUN","REG_STAT","OWNER","MAKE","MODEL","MAK_MOD","BODY_TYP","MOD_YEAR","VIN","VIN_1","VIN_2","VIN_3","VIN_4","VIN_5","VIN_6","VIN_7","VIN_8","VIN_9","VIN_10","VIN_11","VIN_12","TOW_VEH","J_KNIFE","MCARR_I1","MCARR_I2","MCARR_ID","GVWR","V_CONFIG","CARGO_BT","HAZ_INV","HAZ_PLAC","HAZ_ID","HAZ_CNO","HAZ_REL","BUS_USE","SPEC_USE","EMER_USE","TRAV_SP","UNDERIDE","ROLLOVER","ROLINLOC","IMPACT1","DEFORMED","TOWED","M_HARM","VEH_SC1","VEH_SC2","FIRE_EXP","DR_PRES","L_STATE","DR_ZIP","L_STATUS","L_TYPE","CDL_STAT","L_ENDORS","L_COMPL","L_RESTRI","DR_HGT","DR_WGT","PREV_ACC","PREV_SUS","PREV_DWI","PREV_SPD","PREV_OTH","FIRST_MO","FIRST_YR","LAST_MO","LAST_YR","SPEEDREL","DR_SF1","DR_SF2","DR_SF3","DR_SF4","VTRAFWAY","VNUM_LAN","VSPD_LIM","VALIGN","VPROFILE","VPAVETYP","VSURCOND","VTRAFCON","VTCONT_F","P_CRASH1","P_CRASH2","P_CRASH3","PCRASH4","PCRASH5","ACC_TYPE","TRLR1VIN","TRLR2VIN","TRLR3VIN","DEATHS","DR_DRINK"
48,481878,1,2,1,22,7,2,43,12,1,1,0,48,1,20,481,20481,31,2008,"1GCHK23678F1","1","G","C","H","K","2","3","6","7","8","F","1",1,1,0,"000000000","00000000000",0,0,0,1,0,0,0,0,0,0,0,998,0,0,0,12,6,2,12,0,0,0,1,48,75766,3,1,0,0,2,0,999,999,0,12,0,2,2,9,2011,5,2016,0,0,0,0,0,3,3,70,1,1,8,1,0,0,1,51,99,1,1,24,"4YMCL142XFT0","777777777777","777777777777",1,0
48,481878,2,2,1,22,7,2,43,12,1,1,0,93,1,82,881,82881,66,2007,"1FUJAPAV17DW","1","F","U","J","A","P","A","V","1","7","D","W",1,1,99,"999999999","99999999999",3,6,3,1,0,0,0,0,0,0,0,998,0,0,0,6,2,3,12,0,0,0,1,48,77013,6,1,6,0,3,1,999,999,0,0,0,0,0,0,0,0,0,0,0,0,0,0,3,3,70,1,1,8,1,0,0,1,53,99,1,1,25,"13N148303715","777777777777","777777777777",0,0
48,481879,1,1,2,23,7,1,42,43,0,1,0,48,1,12,481,12481,31,2006,"1FTRW12WX6KB","1","F","T","R","W","1","2","W","X","6","K","B",0,0,0,"000000000","00000000000",0,0,0,1,0,0,0,0,0,0,0,83,0,0,0,63,6,2,21,0,0,0,1,48,75253,0,0,0,0,0,0,999,999,0,0,0,0,0,0,0,0,0,3,27,0,0,0,3,4,70,1,1,8,1,0,0,15,16,99,9,4,2,"777777777777","777777777777","777777777777",1,1
48,481880,1,1,1,23,7,5,18,30,0,1,0,48,0,12,481,12481,31,2001,"1FTRW07L31KE","1","F","T","R","W","0","7","L","3","1","K","E",0,0,0,"000000000","00000000000",0,0,0,1,0,0,0,0,0,0,0,998,0,0,0,12,6,2,30,0,0,0,1,48,76020,6,1,0,0,3,0,999,999,0,0,0,0,0,0,0,0,0,0,58,0,0,0,1,2,45,3,2,8,1,0,0,14,13,6,9,4,6,"777777777777","777777777777","777777777777",1,0
48,481881,1,1,2,24,7,4,56,53,0,1,0,48,2,30,47,30047,3,2007,"3VWRW31C27M5","3","V","W","R","W","3","1","C","2","7","M","5",0,0,0,"000000000","00000000000",0,0,0,1,0,0,0,0,0,0,0,998,0,1,5,12,6,2,30,0,0,0,1,48,78216,0,0,0,0,0,0,999,999,0,0,0,0,0,0,0,0,0,5,37,80,0,0,1,2,40,1,1,8,1,0,0,1,6,7,2,4,1,"777777777777","777777777777","777777777777",1,0
48,481882,1,2,1,24,7,15,32,12,2,1,0,48,2,6,441,6441,20,2000,"1C4GP64L0YB7","1","C","4","G","P","6","4","L","0","Y","B","7",0,0,0,"000000000","00000000000",0,0,0,1,0,0,0,0,0,0,0,998,0,0,0,12,6,2,12,0,0,0,1,48,77701,0,0,0,0,0,0,999,999,0,0,0,0,0,0,0,0,0,0,39,0,0,0,1,7,40,1,1,8,1,3,3,1,17,99,1,1,90,"777777777777","777777777777","777777777777",0,0
48,481882,2,2,1,24,7,15,32,12,2,1,0,48,1,76,706,76706,80,2003,"JYAVP11E33A0","J","Y","A","V","P","1","1","E","3","3","A","0",0,0,0,"000000000","00000000000",0,0,0,1,0,0,0,0,0,0,0,998,0,0,0,12,8,2,12,0,0,0,1,48,77702,6,1,0,0,3,0,999,999,0,4,0,2,4,11,2012,7,2016,0,0,0,0,0,1,3,98,8,8,8,98,3,3,1,66,99,1,1,90,"777777777777","777777777777","777777777777",1,0
48,481883,1,1,2,24,7,13,34,52,0,1,0,48,2,49,482,49482,31,2007,"5TFDV58147X0","5","T","F","D","V","5","8","1","4","7","X","0",0,0,0,"000000000","00000000000",0,0,0,1,0,0,0,0,0,0,0,998,0,1,3,12,2,3,1,0,0,0,1,48,79744,6,1,0,0,3,3,999,999,0,0,0,0,0,0,0,0,0,0,28,0,0,0,2,2,80,2,1,8,1,0,0,14,12,99,1,4,6,"777777777777","777777777777","777777777777",1,0
48,481884,1,2,1,24,7,13,41,12,6,1,0,48,1,20,481,20481,31,2003,"1GCHK29U33E1","1","G","C","H","K","2","9","U","3","3","E","1",0,0,0,"000000000","00000000000",0,0,0,1,0,0,0,0,0,0,0,998,0,0,0,3,6,2,12,0,0,0,1,48,76023,6,1,0,0,3,3,999,999,0,0,0,0,0,0,0,0,0,4,26,85,0,0,1,2,55,1,2,8,1,0,0,1,50,8,1,2,66,"777777777777","777777777777","777777777777",0,0
48,481884,2,2,1,24,7,13,41,12,6,1,0,48,0,53,706,53706,80,1982,"JS1GP71L6C21","J","S","1","G","P","7","1","L","6","C","2","1",0,0,0,"000000000","00000000000",0,0,0,1,0,0,0,0,0,0,0,998,0,0,0,12,6,2,12,0,0,0,1,48,76426,1,1,0,0,2,3,999,999,1,16,0,1,0,12,2011,10,2014,0,0,0,0,0,1,2,55,1,2,8,1,0,0,1,62,99,1,1,66,"777777777777","777777777777","777777777777",1,0
48,481885,1,1,1,25,7,16,3,31,0,1,0,48,2,20,481,20481,31,2004,"2GCEC13T0412","2","G","C","E","C","1","3","T","0","4","1","2",0,0,0,"000000000","00000000000",0,0,0,1,0,0,0,0,0,0,0,998,0,1,5,12,6,2,30,0,0,0,1,47,79045,6,1,0,0,3,0,58,129,0,0,0,0,0,0,0,0,0,0,58,28,0,0,2,2,75,1,1,8,1,0,0,1,12,99,1,4,6,"777777777777","777777777777","777777777777",1,0
48,481886,1,2,1,25,7,15,54,12,6,1,0,48,0,12,37,12037,3,2003,"3FAFP31383R1","3","F","A","F","P","3","1","3","8","3","R","1",0,0,0,"000000000","00000000000",0,0,0,1,0,0,0,0,0,0,0,998,0,1,5,3,6,2,12,0,0,0,1,48,75771,6,1,0,0,3,0,999,999,0,0,0,0,0,0,0,0,0,4,87,0,0,0,1,2,75,1,2,8,2,0,0,1,6,99,4,6,66,"777777777777","777777777777","777777777777",1,0
48,481886,2,2,1,25,7,15,54,12,6,1,0,48,1,6,18,6018,4,2016,"1C3CCCAB8GN1","1","C","3","C","C","C","A","B","8","G","N","1",0,0,0,"000000000","00000000000",0,0,0,1,0,0,0,0,0,0,0,998,0,0,0,12,6,2,12,0,0,0,1,48,75140,6,1,0,0,3,0,999,999,0,0,0,1,0,1,2014,1,2014,0,0,0,0,0,1,2,75,1,2,8,2,0,0,1,62,99,1,1,66,"777777777777","777777777777","777777777777",0,0
48,481887,1,1,1,26,7,10,18,23,0,1,0,48,1,12,481,12481,31,2016,"1FT8W3DT4GEC","1","F","T","8","W","3","D","T","4","G","E","C",0,0,0,"000000000","00000000000",0,0,0,1,0,0,0,0,0,0,0,998,0,1,5,12,6,2,1,0,0,0,1,48,78361,6,1,0,0,3,3,999,999,0,0,0,0,0,0,0,0,0,9,99,99,99,99,1,2,75,1,1,8,1,0,0,1,13,99,1,4,1,"777777777777","777777777777","777777777777",1,0
48,481888,1,2,1,26,7,1,3,12,2,1,0,22,2,84,884,84884,66,2012,"1HSHWSHNXCJ4","1","H","S","H","W","S","H","N","X","C","J","4",2,3,57,"265752","57265752",3,7,1,1,0,0,0,0,0,0,0,998,0,0,0,12,6,2,12,0,0,0,1,22,70507,6,1,6,0,3,0,62,110,0,0,0,1,0,7,2013,7,2013,0,0,0,0,0,1,2,55,1,2,8,1,0,0,1,62,99,1,1,51,"3H3V281C1ET2","1GRAA5612EB7","777777777777",0,0
48,481888,2,2,1,26,7,1,3,12,2,1,0,48,2,37,31,37031,2,1995,"1HGEJ1234SL0","1","H","G","E","J","1","2","3","4","S","L","0",0,0,0,"000000000","00000000000",0,0,0,1,0,0,0,0,0,0,0,998,0,0,0,12,6,2,12,0,0,0,1,48,75180,0,0,0,0,0,0,999,999,0,0,0,0,0,0,0,0,0,0,51,0,0,0,1,2,55,1,2,8,1,0,0,1,10,99,1,2,50,"777777777777","777777777777","777777777777",1,0
48,481889,1,1,1,26,7,6,45,18,0,1,0,48,0,76,706,76706,80,2009,"JYAVP27E89A0","J","Y","A","V","P","2","7","E","8","9","A","0",0,0,0,"000000000","00000000000",0,0,0,1,0,0,0,0,0,0,0,998,0,0,0,98,8,2,18,0,0,0,1,48,75703,6,1,0,0,3,0,999,999,0,0,0,0,0,0,0,0,0,0,0,0,0,0,1,2,55,1,1,8,1,0,0,1,90,1,1,1,12,"777777777777","777777777777","777777777777",1,0
48,481890,1,2,1,27,7,7,54,12,2,1,0,48,1,35,401,35401,14,2013,"5N1AR2MN5DC6","5","N","1","A","R","2","M","N","5","D","C","6",0,0,0,"000000000","00000000000",0,0,0,1,0,0,0,0,0,0,0,55,0,0,0,12,6,2,12,0,0,0,1,48,76384,6,1,0,0,3,3,999,999,0,0,0,0,0,0,0,0,0,0,51,0,0,0,1,2,60,1,1,8,1,0,0,1,10,99,1,2,50,"777777777777","777777777777","777777777777",1,0
48,481890,2,2,1,27,7,7,54,12,2,1,0,48,1,12,881,12881,61,1997,"1FDLF47G5VEC","1","F","D","L","F","4","7","G","5","V","E","C",0,0,88,"888888888","88888888888",2,1,96,1,0,0,0,0,0,0,0,55,0,1,5,12,6,2,12,0,0,0,1,48,79227,6,1,0,0,3,0,999,999,0,0,0,0,0,0,0,0,0,0,0,0,0,0,1,2,60,1,1,8,1,0,0,1,62,99,1,1,51,"777777777777","777777777777","777777777777",0,0
48,481891,1,2,1,28,7,9,43,12,1,1,0,37,3,85,884,85884,66,2012,"1XKFDP9XXCJ2","1","X","K","F","D","P","9","X","X","C","J","2",1,1,57,"2501051","572501051",3,6,1,1,0,0,0,0,0,0,0,998,0,0,0,6,6,2,12,0,0,0,1,48,78224,6,1,6,0,3,0,999,999,0,0,0,0,0,0,0,0,0,0,38,0,0,0,4,2,55,1,2,8,1,0,0,3,53,1,1,1,25,"1DNV482C9EM0","777777777777","777777777777",0,0
48,481891,2,2,1,28,7,9,43,12,1,1,0,48,2,12,402,12402,14,2014,"1FMCU0GX4EUB","1","F","M","C","U","0","G","X","4","E","U","B",0,0,0,"000000000","00000000000",0,0,0,1,0,0,0,0,0,0,0,998,0,0,0,12,6,2,12,0,0,0,1,48,78155,6,1,0,0,3,0,999,999,1,0,0,1,0,9,2014,12,2014,5,0,0,0,0,4,2,55,1,2,8,1,0,0,1,51,99,1,1,24,"777777777777","777777777777","777777777777",1,0
48,481892,1,1,99,28,7,22,35,8,0,1,1,99,9,7,33,7033,2,9999,"999999999999","9","9","9","9","9","9","9","9","9","9","9","9",0,0,0,"000000000","00000000000",0,0,0,1,0,0,0,0,0,0,0,998,0,0,0,12,9,5,8,99,99,0,1,99,99999,9,9,99,9,9,9,999,999,99,99,99,99,99,99,9999,99,9999,0,0,0,0,0,4,2,45,1,2,8,1,0,0,1,12,99,1,4,13,"777777777777","777777777777","777777777777",0,0
48,481893,1,1,1,28,7,22,39,8,0,1,0,8,1,49,32,49032,4,2016,"5YFBURHE0GP3","5","Y","F","B","U","R","H","E","0","G","P","3",0,0,0,"000000000","00000000000",0,0,0,1,0,0,0,0,0,0,0,998,0,0,0,12,6,2,8,0,0,0,1,8,79707,6,1,0,0,3,0,66,120,0,2,0,0,2,8,2012,10,2015,0,89,0,0,0,5,5,40,1,1,8,1,0,0,1,80,99,1,1,13,"777777777777","777777777777","777777777777",0,0
48,481894,1,1,1,29,7,23,5,30,0,1,0,48,0,52,46,52046,4,2013,"JA32U2FU7DU0","J","A","3","2","U","2","F","U","7","D","U","0",0,0,0,"000000000","00000000000",0,0,0,1,0,0,0,0,0,0,0,998,0,0,0,12,6,2,30,0,0,0,1,48,75421,6,1,0,0,3,3,999,999,0,0,0,0,0,0,0,0,0,4,0,0,0,0,1,2,65,2,1,8,1,0,0,14,12,99,1,4,6,"777777777777","777777777777","777777777777",1,0
48,481895,1,1,1,29,7,2,57,1,0,1,0,48,2,12,402,12402,14,2001,"1FMYU03121KC","1","F","M","Y","U","0","3","1","2","1","K","C",0,0,0,"000000000","00000000000",0,0,0,1,0,0,0,0,0,0,0,998,0,1,5,0,6,2,1,0,0,0,1,48,78860,3,1,0,0,2,3,999,999,0,0,0,0,0,0,0,0,0,4,58,0,0,0,1,2,65,3,2,8,2,0,0,14,6,6,3,4,7,"777777777777","777777777777","777777777777",1,1
48,481896,1,2,2,29,7,14,33,12,6,1,0,48,2,20,16,20016,2,1999,"1G1JC1244X72","1","G","1","J","C","1","2","4","4","X","7","2",0,0,0,"000000000","00000000000",0,0,0,1,0,0,0,0,0,0,0,998,0,0,0,3,6,2,12,0,0,0,1,48,75763,1,1,0,0,2,3,999,999,0,4,0,1,0,12,2014,7,2016,0,38,0,0,0,5,5,55,1,2,8,1,0,0,11,15,99,1,1,68,"777777777777","777777777777","777777777777",1,0
48,481896,2,2,4,29,7,14,33,12,6,1,0,48,1,20,421,20421,15,2004,"1GNEC13VX4R2","1","G","N","E","C","1","3","V","X","4","R","2",0,0,0,"000000000","00000000000",0,0,0,1,0,0,0,0,0,0,0,998,0,0,0,12,6,2,12,0,0,0,1,48,78209,6,1,0,0,3,0,999,999,0,0,0,0,1,2,2012,2,2012,0,0,0,0,0,5,5,55,1,2,8,1,0,0,1,62,99,1,1,69,"777777777777","777777777777","777777777777",0,0
48,481897,1,1,3,30,7,1,30,33,0,1,0,48,1,6,43,6043,2,1995,"4C3AU42NXSE1","4","C","3","A","U","4","2","N","X","S","E","1",0,0,0,"000000000","00000000000",0,0,0,1,0,0,0,0,0,0,0,998,0,0,0,98,6,2,30,0,0,1,1,48,76901,6,1,0,0,3,3,999,999,1,0,0,2,0,3,2014,9,2014,3,0,0,0,0,5,5,40,1,1,8,1,0,0,1,13,99,1,4,1,"777777777777","777777777777","777777777777",3,0
48,481898,1,1,2,30,7,5,51,8,0,1,0,48,1,14,6,14006,4,2004,"2MEFM74W34X6","2","M","E","F","M","7","4","W","3","4","X","6",0,0,0,"000000000","00000000000",0,0,0,1,0,0,0,0,0,0,0,998,0,0,0,12,4,5,8,0,0,0,1,48,78218,6,1,0,0,3,0,999,999,0,0,0,0,0,0,0,0,0,0,0,0,0,0,5,5,98,1,1,8,1,0,0,1,80,99,1,1,13,"777777777777","777777777777","777777777777",0,0
48,481899,1,2,1,30,7,16,19,12,6,1,0,48,1,20,20,20020,4,1994,"2G1WL54TXR11","2","G","1","W","L","5","4","T","X","R","1","1",0,0,0,"000000000","00000000000",0,0,0,1,0,0,0,0,0,0,0,998,0,0,0,12,6,2,12,0,0,0,1,48,79915,6,1,0,0,3,3,999,999,0,0,0,0,0,0,0,0,0,0,38,0,0,0,1,4,35,1,1,8,1,3,3,11,15,99,1,1,68,"777777777777","777777777777","777777777777",0,0
48,481899,2,2,1,30,7,16,19,12,6,1,0,48,1,72,706,72706,80,1998,"19ZSS21A0WR0","1","9","Z","S","S","2","1","A","0","W","R","0",0,0,0,"000000000","00000000000",0,0,0,1,0,0,0,0,0,0,0,998,0,0,0,9,6,2,12,0,0,0,1,48,79935,6,1,6,0,3,0,999,999,0,0,0,0,0,0,0,0,0,0,0,0,0,0,1,4,35,1,1,8,1,3,3,1,62,99,1,1,69,"777777777777","777777777777","777777777777",1,0
48,481900,1,1,2,30,7,15,12,19,0,1,0,20,1,12,3,12003,2,2000,"1FAFP4046YF3","1","F","A","F","P","4","0","4","6","Y","F","3",0,0,0,"000000000","00000000000",0,0,0,1,0,0,0,0,0,0,0,998,0,0,0,98,6,2,19,0,0,0,1,48,75090,0,0,0,0,0,0,999,999,0,0,0,0,0,0,0,0,0,3,91,0,0,0,1,2,30,3,1,8,1,0,0,14,6,99,4,4,7,"777777777777","777777777777","777777777777",1,1
48,481901,1,3,1,30,7,14,54,12,6,1,0,48,1,35,43,35043,4,2014,"3N1AB7AP0EY2","3","N","1","A","B","7","A","P","0","E","Y","2",0,0,0,"000000000","00000000000",0,0,0,1,0,0,0,0,0,0,0,998,0,0,0,12,6,2,12,0,0,0,1,48,76039,6,1,0,0,3,3,999,999,0,0,0,3,1,6,2012,4,2016,3,39,0,0,0,2,3,40,1,1,8,1,3,3,1,17,99,1,1,77,"777777777777","777777777777","777777777777",0,0
48,481901,2,3,2,30,7,14,54,12,6,1,0,48,1,37,31,37031,4,2015,"2HGFB2F5XFH5","2","H","G","F","B","2","F","5","X","F","H","5",0,0,0,"000000000","00000000000",0,0,0,1,0,0,0,0,0,0,0,998,0,0,0,3,6,2,12,0,0,0,1,48,75402,6,1,0,0,3,0,999,999,0,0,0,0,0,0,0,0,0,0,0,0,0,0,4,2,98,8,8,8,98,3,3,11,66,99,1,1,76,"777777777777","777777777777","777777777777",2,0
48,481901,3,3,2,30,7,14,54,12,6,1,0,48,2,49,402,49402,14,2003,"JTEGH20V2301","J","T","E","G","H","2","0","V","2","3","0","1",0,0,0,"000000000","00000000000",0,0,0,1,0,0,0,0,0,0,0,998,0,0,0,6,2,3,12,0,0,0,1,48,76039,6,1,0,0,3,0,999,999,0,0,0,1,0,1,2016,1,2016,0,0,0,0,0,4,2,98,8,8,8,98,3,3,11,66,99,1,1,98,"777777777777","777777777777","777777777777",0,0
48,481902,1,2,2,31,7,0,13,12,6,1,0,48,0,35,472,35472,30,1998,"1N6DD26S3WC3","1","N","6","D","D","2","6","S","3","W","C","3",0,0,0,"000000000","00000000000",0,0,0,1,0,0,0,0,0,0,0,998,0,0,0,1,6,2,12,0,0,0,1,48,79912,6,1,0,0,3,0,999,999,0,0,0,0,0,0,0,0,0,0,38,39,0,0,3,4,40,1,2,8,1,3,3,11,15,99,1,1,68,"777777777777","777777777777","777777777777",0,0
48,481902,2,2,1,31,7,0,13,12,6,1,0,48,1,37,706,37706,80,2001,"JH2SC453X1M1","J","H","2","S","C","4","5","3","X","1","M","1",0,0,0,"000000000","00000000000",0,0,0,1,0,0,0,0,0,0,0,998,0,0,0,12,8,2,12,0,0,0,1,48,79912,6,1,0,0,3,0,999,999,0,0,0,1,0,3,2014,3,2014,0,0,0,0,0,3,4,40,1,2,8,1,3,3,1,62,99,1,1,69,"777777777777","777777777777","777777777777",1,1
48,481903,1,3,1,1,8,9,15,12,6,1,0,48,1,49,403,49403,14,2013,"5TDZK3EH7DS1","5","T","D","Z","K","3","E","H","7","D","S","1",0,0,0,"000000000","00000000000",0,0,0,1,0,0,0,0,0,0,0,998,0,0,0,1,6,2,12,0,0,0,1,48,76549,6,1,0,0,3,3,999,999,0,0,0,0,0,0,0,0,0,0,38,0,0,0,5,5,50,1,1,8,1,0,0,11,15,99,1,1,68,"777777777777","777777777777","777777777777",0,0
48,481903,2,3,1,1,8,9,15,12,6,1,0,22,1,72,706,72706,80,2006,"1HD1BVB1X6Y0","1","H","D","1","B","V","B","1","X","6","Y","0",0,0,0,"000000000","00000000000",0,0,0,1,0,0,0,0,0,0,0,998,0,0,0,12,8,2,12,0,0,0,1,22,76544,6,1,0,0,3,3,72,190,0,0,0,0,0,0,0,0,0,0,0,0,0,0,5,5,50,1,1,8,1,0,0,1,62,99,1,1,69,"777777777777","777777777777","777777777777",1,0
48,481903,3,3,1,1,8,9,15,12,6,1,0,4,1,35,48,35048,2,2013,"JN1AZ4EH2DM3","J","N","1","A","Z","4","E","H","2","D","M","3",0,0,0,"000000000","00000000000",0,0,0,1,0,0,0,0,0,0,0,0,0,0,0,11,2,3,12,0,0,0,1,6,92313,6,1,0,0,3,3,999,999,0,0,0,0,0,0,0,0,0,0,0,0,0,0,1,2,98,8,8,8,98,20,3,5,66,1,1,1,98,"777777777777","777777777777","777777777777",0,0
48,481904,1,1,1,1,8,13,32,33,0,1,0,48,1,76,705,76705,80,1992,"JYA3CMC09NA0","J","Y","A","3","C","M","C","0","9","N","A","0",0,0,0,"000000000","00000000000",0,0,0,1,0,0,0,0,0,0,0,998,0,0,0,98,6,2,30,0,0,0,1,48,75165,6,1,0,0,3,3,999,999,1,1,0,3,2,6,2012,12,2014,0,0,0,0,0,1,2,30,1,1,8,1,0,0,1,8,99,1,4,1,"777777777777","777777777777","777777777777",1,0
48,481905,1,2,1,1,8,5,41,12,2,1,0,48,1,23,481,23481,31,2014,"3GTU2VEC0EG5","3","G","T","U","2","V","E","C","0","E","G","5",0,0,0,"000000000","00000000000",0,0,0,1,0,0,0,0,0,0,0,998,0,0,0,12,6,2,12,0,0,0,1,48,78801,6,1,0,0,3,0,999,999,0,0,0,0,0,0,0,0,0,0,0,0,0,0,1,2,70,2,1,8,1,0,0,14,10,99,1,2,50,"777777777777","777777777777","777777777777",1,0
48,481905,2,2,1,1,8,5,41,12,2,1,0,48,3,38,882,38882,61,2013,"54DC4W1B4DS8","5","4","D","C","4","W","1","B","4","D","S","8",0,0,77,"777777777","77777777777",2,1,1,1,0,0,0,0,0,0,0,998,0,1,9,12,6,2,12,0,0,0,1,48,78061,6,1,0,0,3,3,999,999,0,9,0,3,0,8,2013,3,2016,0,0,0,0,0,1,2,70,3,1,8,1,0,0,14,62,6,1,1,51,"777777777777","777777777777","777777777777",0,0
48,481906,1,1,1,1,8,23,43,5,0,1,0,48,0,76,706,76706,80,2015,"1HD1GNM10FC3","1","H","D","1","G","N","M","1","0","F","C","3",0,0,0,"000000000","00000000000",0,0,0,1,0,0,0,0,0,0,0,998,0,0,0,0,8,2,5,0,0,0,1,48,75067,1,1,0,0,2,3,999,999,0,1,0,4,0,11,2013,4,2016,0,0,0,0,0,2,3,55,2,1,8,1,0,0,14,8,99,1,1,0,"777777777777","777777777777","777777777777",1,0
48,481907,1,2,1,2,8,7,47,12,6,1,0,48,3,12,481,12481,31,2015,"1FT7W3B63FEA","1","F","T","7","W","3","B","6","3","F","E","A",0,0,0,"000000000","00000000000",0,0,0,1,0,0,0,0,0,0,0,998,0,0,0,12,6,2,12,0,0,0,1,48,79707,6,1,0,0,3,0,999,999,1,0,0,1,0,4,2014,7,2015,0,0,0,0,0,5,6,45,1,1,8,1,0,0,1,62,99,1,1,98,"777777777777","777777777777","777777777777",0,0
48,481907,2,2,1,2,8,7,47,12,6,1,0,48,1,24,7,24007,4,2007,"1G8AL55F97Z1","1","G","8","A","L","5","5","F","9","7","Z","1",0,0,0,"000000000","00000000000",0,0,0,1,0,0,0,0,0,0,0,998,0,0,0,3,6,2,12,0,0,0,1,48,79703,6,1,0,0,3,3,999,999,0,0,0,2,0,6,2012,7,2012,0,48,0,0,0,5,6,45,1,1,8,1,0,0,12,21,99,1,2,98,"777777777777","777777777777","777777777777",1,0
48,481908,1,1,4,23,7,20,44,8,0,1,0,48,1,12,401,12401,14,2002,"1FMZU73E72ZB","1","F","M","Z","U","7","3","E","7","2","Z","B",0,0,0,"000000000","00000000000",0,0,0,1,0,0,0,0,0,0,0,998,0,0,0,12,2,3,8,0,0,0,1,48,78572,0,0,0,0,0,0,999,999,0,1,0,0,0,10,2012,10,2012,0,0,0,0,0,1,4,30,1,1,8,1,0,0,1,80,99,1,1,13,"777777777777","777777777777","777777777777",0,0
48,481909,1,2,2,7,7,11,0,12,2,1,0,48,2,34,35,34035,4,2010,"WBANU5C52AC3","W","B","A","N","U","5","C","5","2","A","C","3",0,0,0,"000000000","00000000000",0,0,0,1,0,0,0,0,0,0,0,998,0,0,0,12,6,2,12,0,0,0,1,48,78220,6,1,0,0,3,3,999,999,0,0,0,1,1,10,2012,5,2016,0,0,0,0,0,5,5,35,1,1,8,1,3,3,1,62,99,1,1,69,"777777777777","777777777777","777777777777",0,0
48,481909,2,2,1,7,7,11,0,12,2,1,0,48,1,18,7,18007,4,1995,"1G4AG55M2S64","1","G","4","A","G","5","5","M","2","S","6","4",0,0,0,"000000000","00000000000",0,0,0,1,0,0,0,0,0,0,0,998,0,0,0,12,6,2,12,0,0,0,1,48,78222,6,1,0,0,3,3,999,999,0,0,0,0,0,0,0,0,0,0,48,0,0,0,5,5,35,1,1,8,1,0,0,11,15,99,1,1,68,"777777777777","777777777777","777777777777",1,0
48,481910,1,2,4,9,7,14,14,12,6,1,0,48,1,12,481,12481,31,2003,"1FTSW31P43ED","1","F","T","S","W","3","1","P","4","3","E","D",0,0,0,"000000000","00000000000",0,0,0,1,0,0,0,0,0,0,0,998,0,0,0,12,2,5,12,0,0,0,1,48,78207,6,1,0,0,3,3,999,999,0,0,0,0,0,0,0,0,0,0,39,0,0,0,1,2,55,3,1,8,1,3,3,14,17,99,1,1,83,"777777777777","777777777777","777777777777",0,0
48,481910,2,2,2,9,7,14,14,12,6,1,0,48,2,12,402,12402,14,2004,"1FMYU03104KA","1","F","M","Y","U","0","3","1","0","4","K","A",0,0,0,"000000000","00000000000",0,0,0,1,0,0,0,0,0,0,0,998,0,0,0,9,6,2,12,0,0,0,1,48,78132,6,1,0,0,3,0,999,999,0,0,0,0,0,0,0,0,0,0,0,0,0,0,1,2,98,8,8,8,98,3,3,11,66,99,1,1,82,"777777777777","777777777777","777777777777",1,0
48,481911,1,2,2,9,7,20,0,12,2,1,0,48,2,63,34,63034,4,2006,"KNAGE1246650","K","N","A","G","E","1","2","4","6","6","5","0",0,0,0,"000000000","00000000000",0,0,0,1,0,0,0,0,0,0,0,998,0,0,0,12,2,3,12,32,0,0,1,48,76522,6,1,0,0,3,3,999,999,0,0,0,0,0,0,0,0,0,0,0,0,0,0,1,2,30,1,1,8,1,0,0,2,62,99,1,1,51,"777777777777","777777777777","777777777777",0,0
48,481911,2,2,1,9,7,20,0,12,2,1,1,48,0,98,734,98734,90,2016,"4XASXA850GA2","4","X","A","S","X","A","8","5","0","G","A","2",0,0,0,"000000000","00000000000",0,0,0,1,0,0,0,0,0,0,0,998,0,0,0,12,2,3,12,0,0,0,1,48,76522,6,1,0,0,3,0,999,999,0,0,0,3,0,2,2013,10,2015,0,28,51,0,0,1,2,30,3,1,8,1,0,0,14,10,99,1,2,50,"777777777777","777777777777","777777777777",1,1
48,481912,1,1,1,10,7,23,40,9,0,1,1,99,9,99,999,99999,99,9999,"999999999999","9","9","9","9","9","9","9","9","9","9","9","9",0,0,99,"999999999","99999999999",9,99,99,1,0,0,0,0,99,99,9,999,0,0,0,99,9,5,9,99,99,0,1,99,99999,9,9,99,9,9,9,999,999,99,99,99,99,99,99,9999,99,9999,9,0,0,0,0,1,4,45,1,1,8,1,0,0,99,83,99,1,1,13,"777777777777","777777777777","777777777777",0,0