"STATE","ST_CASE","VEH_NO","VE_FORMS","NUMOCCS","DAY","MONTH","HOUR","MINUTE","HARM_EV","MAN_COLL","UNITTYPE","HIT_RUN","REG_STAT","OWNER","MAKE","MODEL","MAK_MOD","BODY_TYP","MOD_YEAR","VIN","VIN_1","VIN_2","VIN_3","VIN_4","VIN_5","VIN_6","VIN_7","VIN_8","VIN_9","VIN_10","VIN_11","VIN_12","TOW_VEH","J_KNIFE","MCARR_I1","MCARR_I2","MCARR_ID","GVWR","V_CONFIG","CARGO_BT","HAZ_INV","HAZ_PLAC","HAZ_ID","HAZ_CNO","HAZ_REL","BUS_USE","SPEC_USE","EMER_USE","TRAV_SP","UNDERIDE","ROLLOVER","ROLINLOC","IMPACT1","DEFORMED","TOWED","M_HARM","VEH_SC1","VEH_SC2","FIRE_EXP","DR_PRES","L_STATE","DR_ZIP","L_STATUS","L_TYPE","CDL_STAT","L_ENDORS","L_COMPL","L_RESTRI","DR_HGT","DR_WGT","PREV_ACC","PREV_SUS","PREV_DWI","PREV_SPD","PREV_OTH","FIRST_MO","FIRST_YR","LAST_MO","LAST_YR","SPEEDREL","DR_SF1","DR_SF2","DR_SF3","DR_SF4","VTRAFWAY","VNUM_LAN","VSPD_LIM","VALIGN","VPROFILE","VPAVETYP","VSURCOND","VTRAFCON","VTCONT_F","P_CRASH1","P_CRASH2","P_CRASH3","PCRASH4","PCRASH5","ACC_TYPE","TRLR1VIN","TRLR2VIN","TRLR3VIN","DEATHS","DR_DRINK"
48,482096,2,2,1,13,8,1,10,12,6,1,0,48,1,53,705,53705,80,2007,"JS1GN7DA8721","J","S","1","G","N","7","D","A","8","7","2","1",0,0,0,"000000000","00000000000",0,0,0,1,0,0,0,0,0,0,0,998,0,0,0,12,6,2,12,0,0,1,1,48,77007,0,0,0,0,0,0,999,999,0,0,0,0,0,0,0,0,0,0,0,0,0,0,1,2,35,1,1,8,1,0,0,1,62,99,1,1,98,"777777777777","777777777777","777777777777",1,0
48,482097,1,1,2,13,8,6,15,8,0,1,0,48,2,37,402,37402,14,2012,"5J6RM3H5XCL0","5","J","6","R","M","3","H","5","X","C","L","0",0,0,0,"000000000","00000000000",0,0,0,1,0,0,0,0,0,0,0,998,0,0,0,12,4,5,8,0,0,0,1,48,78414,6,1,0,0,3,3,999,999,0,0,0,0,0,0,0,0,0,0,0,0,0,0,5,5,40,1,1,8,1,0,0,1,80,99,1,1,13,"777777777777","777777777777","777777777777",0,0
48,482098,1,3,1,13,8,16,20,8,0,1,1,48,1,20,481,20481,31,2004,"2GCEK19T8412","2","G","C","E","K","1","9","T","8","4","1","2",0,0,0,"000000000","00000000000",0,0,0,1,0,0,0,0,0,0,0,998,0,0,0,12,6,2,8,0,0,0,1,48,75442,1,1,0,0,2,0,999,999,0,5,1,1,0,4,2012,9,2015,0,28,0,0,0,5,5,40,1,2,8,1,0,0,15,80,99,1,2,13,"777777777777","777777777777","777777777777",0,1
48,482098,2,3,2,13,8,16,20,8,0,1,0,48,2,20,421,20421,15,2014,"1GNSCBE06ER1","1","G","N","S","C","B","E","0","6","E","R","1",0,0,0,"000000000","00000000000",0,0,0,1,0,0,0,0,0,0,0,998,0,0,0,9,6,2,12,0,0,0,1,48,75402,6,1,0,0,3,3,999,999,0,2,0,1,0,3,2015,10,2015,0,0,0,0,0,5,5,40,1,2,8,1,0,0,1,60,99,1,1,98,"777777777777","777777777777","777777777777",0,0
48,482098,3,3,1,13,8,16,20,8,0,1,0,48,2,2,407,2407,14,2014,"1C4NJPFA1ED6","1","C","4","N","J","P","F","A","1","E","D","6",0,0,0,"000000000","00000000000",0,0,0,1,0,0,0,0,0,0,0,0,0,0,0,6,0,5,12,0,0,0,1,48,75135,6,1,0,0,3,0,999,999,1,0,0,1,0,1,2013,12,2014,0,54,0,0,0,4,3,99,1,1,8,1,0,0,5,53,99,1,1,98,"777777777777","777777777777","777777777777",0,0
48,482099,1,1,3,13,8,13,23,35,0,1,0,48,2,49,32,49032,4,2015,"5YFBURHE5FP2","5","Y","F","B","U","R","H","E","5","F","P","2",0,0,0,"000000000","00000000000",0,0,0,1,0,0,0,0,0,0,0,998,0,0,0,12,6,2,35,0,0,0,1,48,77382,6,1,0,0,3,3,999,999,0,0,0,0,0,0,0,0,0,0,0,0,0,0,2,2,45,1,1,8,1,0,0,1,12,99,1,4,6,"777777777777","777777777777","777777777777",1,0
48,482100,1,2,1,13,8,22,20,12,1,1,0,6,3,82,881,82881,66,2015,"3AKJGLD50FSG","3","A","K","J","G","L","D","5","0","F","S","G",1,1,57,"2570717","572570717",3,6,1,1,0,0,0,0,0,0,0,998,0,0,0,12,6,2,12,0,0,1,1,6,95101,6,1,0,0,2,3,70,166,0,0,0,0,0,0,0,0,0,0,0,0,0,0,2,2,75,1,1,8,1,0,0,1,51,99,1,1,24,"1UYVS2533FU2","777777777777","777777777777",1,0
48,482100,2,2,1,13,8,22,20,12,1,1,0,6,3,87,881,87881,66,2010,"1XP7D49X8AD7","1","X","P","7","D","4","9","X","8","A","D","7",1,1,57,"1341562","571341562",3,6,1,1,0,0,0,0,0,0,0,998,0,1,5,6,6,2,12,0,0,1,1,47,38135,6,1,6,0,3,0,71,210,0,0,0,2,0,3,2013,7,2015,0,0,0,0,0,2,2,75,1,1,8,1,0,0,1,53,99,1,1,25,"1GRAA0629EE7","777777777777","777777777777",0,0
48,482101,1,1,1,13,8,3,50,1,0,1,0,48,3,23,481,23481,31,2004,"1GDJC34214E3","1","G","D","J","C","3","4","2","1","4","E","3",5,0,88,"888888888","88888888888",2,4,96,1,0,0,0,0,0,0,0,998,0,1,3,0,6,2,1,0,0,0,1,48,75416,3,1,3,0,2,0,999,999,0,0,0,2,1,1,2013,2,2015,0,0,0,0,0,2,2,75,1,2,8,1,0,0,1,12,7,2,4,6,"777777777777","777777777777","777777777777",1,0
48,482102,1,1,3,14,8,3,0,33,0,1,0,48,1,49,40,49040,4,2009,"4T1BE46KX9U8","4","T","1","B","E","4","6","K","X","9","U","8",0,0,0,"000000000","00000000000",0,0,0,1,0,0,0,0,0,0,0,998,0,0,0,12,6,2,33,0,0,0,1,48,77080,6,1,0,0,3,0,999,999,0,0,0,0,0,0,0,0,0,0,91,28,0,0,2,3,35,1,1,1,2,0,0,1,12,7,1,4,6,"777777777777","777777777777","777777777777",1,1
48,482103,1,2,2,14,8,15,24,12,2,1,0,48,2,2,403,2403,14,2013,"1C4AJWAG6DL6","1","C","4","A","J","W","A","G","6","D","L","6",0,0,0,"000000000","00000000000",0,0,0,1,0,0,0,0,0,0,0,998,0,1,1,12,6,2,12,0,0,0,1,48,78414,6,1,0,0,3,0,999,999,0,0,0,0,0,0,0,0,0,4,51,0,0,0,1,2,55,1,1,8,2,0,0,1,6,99,2,2,62,"777777777777","777777777777","777777777777",0,0
48,482103,2,2,3,14,8,15,24,12,2,1,0,48,1,35,43,35043,4,2012,"3N1AB6AP5CL7","3","N","1","A","B","6","A","P","5","C","L","7",0,0,0,"000000000","00000000000",0,0,0,1,0,0,0,0,0,0,0,998,0,0,0,12,6,2,12,32,0,0,1,48,78102,6,1,0,0,3,0,999,999,0,0,0,0,0,0,0,0,0,0,0,0,0,0,1,2,55,1,1,8,2,0,0,1,62,99,1,1,62,"777777777777","777777777777","777777777777",1,0
48,482104,1,1,2,14,8,10,56,1,0,1,0,93,3,87,884,87884,66,1989,"1XP5D29X8KD2","1","X","P","5","D","2","9","X","8","K","D","2",1,1,57,"1490474","571490474",3,6,2,1,0,0,0,0,0,0,0,998,0,2,5,0,6,2,1,0,0,0,1,48,76637,6,1,6,1,3,0,999,999,1,0,0,0,0,9,2012,9,2012,0,28,0,0,0,1,2,40,1,1,2,1,0,0,1,13,99,1,4,1,"5WSAA4227FN0","777777777777","777777777777",1,0
48,482105,1,2,1,14,8,4,50,12,2,1,0,48,2,55,38,55038,4,2004,"KMHFU45E54A3","K","M","H","F","U","4","5","E","5","4","A","3",0,0,0,"000000000","00000000000",0,0,0,1,0,0,0,0,0,0,0,998,0,0,0,12,6,2,12,0,0,0,1,48,76085,6,1,0,0,3,3,999,999,0,0,0,0,0,0,0,0,0,0,91,51,0,0,2,2,70,1,2,8,1,0,0,1,54,99,1,1,52,"777777777777","777777777777","777777777777",0,1
48,482105,2,2,2,14,8,4,50,12,2,1,0,48,0,37,31,37031,4,2003,"2HGES16543H5","2","H","G","E","S","1","6","5","4","3","H","5",0,0,0,"000000000","00000000000",0,0,0,1,0,0,0,0,0,0,0,998,0,0,0,12,6,2,12,0,0,0,1,48,75227,0,0,0,0,0,0,999,999,0,0,0,0,0,0,0,0,0,0,0,0,0,0,2,2,70,1,2,8,1,0,0,1,54,99,1,1,52,"777777777777","777777777777","777777777777",2,1
48,482106,1,1,1,15,8,14,29,1,0,1,0,48,3,20,481,20481,31,2012,"1GC2KVCG0CZ3","1","G","C","2","K","V","C","G","0","C","Z","3",0,0,0,"000000000","00000000000",0,0,0,1,0,0,0,0,0,0,0,998,0,2,5,0,6,2,1,0,0,0,1,48,76462,6,1,0,0,3,0,999,999,2,0,0,1,0,2,2012,4,2014,4,0,0,0,0,1,2,60,3,1,8,1,0,0,14,13,99,4,4,1,"777777777777","777777777777","777777777777",1,0
48,482107,1,2,1,15,8,12,35,12,2,1,0,48,2,20,461,20461,21,2011,"1GCWGFCA8B11","1","G","C","W","G","F","C","A","8","B","1","1",0,0,0,"000000000","00000000000",0,0,0,1,0,0,0,0,0,0,0,998,0,0,0,12,6,2,12,0,0,0,1,48,75009,6,1,0,0,3,3,999,999,0,0,0,1,0,9,2014,9,2014,0,51,0,0,0,1,2,55,2,1,8,2,0,0,14,10,99,1,2,50,"777777777777","777777777777","777777777777",1,0
48,482107,2,2,1,15,8,12,35,12,2,1,0,48,1,12,481,12481,31,2002,"1FTNW21F42EC","1","F","T","N","W","2","1","F","4","2","E","C",0,0,0,"000000000","00000000000",0,0,0,1,0,0,0,0,0,0,0,998,0,0,0,12,6,2,12,0,0,0,1,48,75058,6,1,0,0,3,3,999,999,0,0,0,0,1,3,2016,3,2016,0,89,0,0,0,1,2,55,3,1,8,2,0,0,14,62,99,1,1,51,"777777777777","777777777777","777777777777",0,0
48,482108,1,1,1,15,8,10,25,8,0,1,0,48,1,49,40,49040,4,1997,"JT2BG22K5V00","J","T","2","B","G","2","2","K","5","V","0","0",0,0,0,"000000000","00000000000",0,0,0,1,0,0,0,0,0,0,0,998,0,0,0,12,2,5,8,0,0,0,1,48,77075,6,1,0,0,3,3,999,999,0,0,0,0,0,0,0,0,0,0,0,0,0,0,2,2,35,1,1,8,2,0,0,1,80,99,1,1,13,"777777777777","777777777777","777777777777",0,0
48,482109,1,1,1,16,8,2,15,38,0,1,0,48,0,20,16,20016,4,2003,"1G1JC52F7371","1","G","1","J","C","5","2","F","7","3","7","1",0,0,0,"000000000","00000000000",0,0,0,1,0,0,0,0,0,0,0,998,0,0,0,12,6,2,38,0,0,0,1,48,79763,6,1,0,0,3,0,999,999,0,0,0,0,0,0,0,0,0,0,39,0,0,0,1,2,40,1,1,8,1,20,3,1,14,99,1,4,14,"777777777777","777777777777","777777777777",1,1
48,482110,1,1,3,17,8,7,43,5,0,1,0,48,0,98,804,98804,63,2016,"5KKHAXDV6GLH","5","K","K","H","A","X","D","V","6","G","L","H",0,0,88,"888888888","88888888888",3,2,4,1,0,0,0,0,0,0,0,998,0,0,0,0,0,5,5,0,0,0,1,48,77838,6,1,6,0,3,1,999,999,0,0,0,0,0,0,0,0,0,0,0,0,0,0,1,2,35,1,1,8,1,0,0,13,98,1,1,1,0,"777777777777","777777777777","777777777777",1,0
48,482111,1,1,1,17,8,20,42,8,0,1,0,40,1,49,32,49032,4,1998,"2T1BR18E3WC0","2","T","1","B","R","1","8","E","3","W","C","0",0,0,0,"000000000","00000000000",0,0,0,1,0,0,0,0,0,0,0,998,0,0,0,12,2,3,8,0,0,0,1,40,76450,6,1,0,0,3,0,71,185,0,0,0,0,0,0,0,0,0,0,0,0,0,0,3,2,75,1,1,8,1,0,0,1,80,99,1,1,13,"777777777777","777777777777","777777777777",0,0
48,482112,1,1,1,18,8,18,10,38,0,1,0,48,2,20,421,20421,15,2002,"1GNEC13Z72R2","1","G","N","E","C","1","3","Z","7","2","R","2",0,0,0,"000000000","00000000000",0,0,0,1,0,0,0,0,0,0,0,998,0,1,5,98,6,2,1,0,0,0,1,48,78624,0,0,0,0,0,0,999,999,0,0,0,0,0,0,0,0,0,4,0,0,0,0,1,4,70,1,1,8,6,0,0,1,6,99,2,4,6,"777777777777","777777777777","777777777777",1,0
48,482113,1,1,4,18,8,18,16,1,0,1,0,48,1,20,421,20421,15,2002,"1GNCS18W52K1","1","G","N","C","S","1","8","W","5","2","K","1",0,0,0,"000000000","00000000000",0,0,0,1,0,0,0,0,0,0,0,998,0,2,1,0,6,2,1,0,0,0,1,48,79336,6,7,0,0,3,3,999,999,0,0,0,0,0,0,0,0,0,4,58,81,0,0,1,2,60,1,1,8,11,0,0,1,90,6,3,6,98,"777777777777","777777777777","777777777777",1,1
48,482114,1,1,1,18,8,9,10,59,0,1,0,48,2,12,17,12017,4,2007,"1FAFP56U37A1","1","F","A","F","P","5","6","U","3","7","A","1",0,0,0,"000000000","00000000000",0,0,0,1,0,0,0,0,0,0,0,998,0,0,0,12,6,2,59,0,0,0,1,48,76486,6,1,0,0,3,0,999,999,0,0,0,0,0,0,0,0,0,4,0,0,0,0,1,2,75,3,2,8,2,0,0,14,12,99,1,4,6,"777777777777","777777777777","777777777777",1,0
48,482115,1,2,2,18,8,6,29,12,1,1,0,48,2,20,2,20002,4,2009,"2G1WT57N5913","2","G","1","W","T","5","7","N","5","9","1","3",0,0,0,"000000000","00000000000",0,0,0,1,0,0,0,0,0,0,0,998,0,0,0,12,6,2,8,0,0,0,1,48,75216,0,0,0,0,0,0,999,999,0,0,0,0,0,0,0,0,0,0,0,0,0,0,3,5,60,1,1,8,1,0,0,1,50,99,1,1,32,"777777777777","777777777777","777777777777",0,0
48,482115,2,2,0,18,8,6,29,12,1,1,0,48,6,20,2,20002,4,2009,"1HGCM66584A0","1","H","G","C","M","6","6","5","8","4","A","0",0,0,0,"000000000","00000000000",0,0,0,1,0,0,0,0,0,0,0,0,0,0,0,6,2,3,12,0,0,0,0,0,99997,7,6,97,7,6,7,998,997,998,998,998,998,998,98,9998,98,9998,8,54,0,0,0,3,5,60,1,1,8,1,0,0,0,53,0,0,0,32,"777777777777","777777777777","777777777777",0,0
48,482116,1,1,99,18,8,7,0,8,0,1,1,99,9,99,999,99999,99,9999,"999999999999","9","9","9","9","9","9","9","9","9","9","9","9",0,0,99,"999999999","99999999999",9,99,99,1,0,0,0,0,99,99,9,999,0,0,0,99,9,5,8,99,99,0,1,99,99999,9,9,99,9,9,9,999,999,99,99,99,99,99,99,9999,99,9999,9,0,0,0,0,2,2,40,1,1,8,1,0,0,99,82,99,9,9,13,"777777777777","777777777777","777777777777",0,0
48,482117,1,2,1,18,8,15,26,12,6,1,0,48,2,20,421,20421,15,2004,"1GNEK13Z54R2","1","G","N","E","K","1","3","Z","5","4","R","2",0,0,0,"000000000","00000000000",0,0,0,1,0,0,0,0,0,0,0,998,0,0,0,12,6,2,12,0,0,0,1,48,77627,6,1,0,0,3,3,999,999,1,1,0,0,0,12,2011,2,2015,0,39,0,0,0,4,3,55,1,2,8,1,3,3,1,17,99,1,1,86,"777777777777","777777777777","777777777777",0,0
48,482117,2,2,1,18,8,15,26,12,6,1,0,48,1,35,52,35052,6,2011,"JN8AZ2KR9BT2","J","N","8","A","Z","2","K","R","9","B","T","2",0,0,0,"000000000","00000000000",0,0,0,1,0,0,0,0,0,0,0,998,0,1,4,3,6,2,12,0,0,0,1,48,78626,6,1,0,0,3,3,999,999,0,0,0,0,0,0,0,0,0,0,0,0,0,0,8,3,55,8,8,8,98,3,3,1,66,99,1,1,87,"777777777777","777777777777","777777777777",1,0
48,482118,1,1,1,19,8,16,3,8,0,1,0,48,1,35,472,35472,30,2007,"1N6AD07W67C4","1","N","6","A","D","0","7","W","6","7","C","4",0,0,0,"000000000","00000000000",0,0,0,1,0,0,0,0,0,0,0,998,0,0,0,9,2,3,8,0,0,0,1,48,77087,6,1,0,0,3,3,999,999,0,0,0,0,0,0,0,0,0,0,0,0,0,0,1,4,35,1,1,1,2,0,0,15,8,99,3,4,98,"777777777777","777777777777","777777777777",0,0
48,482119,1,1,1,19,8,19,5,24,0,1,0,48,1,39,37,39037,4,2013,"SAJWA0HE3DMS","S","A","J","W","A","0","H","E","3","D","M","S",0,0,0,"000000000","00000000000",0,0,0,1,0,0,0,0,0,0,0,998,0,0,0,9,6,2,24,0,0,0,1,48,76040,6,1,0,0,3,0,999,999,0,0,0,0,0,0,0,0,0,0,0,0,0,0,6,2,60,2,2,8,2,0,0,14,9,99,3,4,2,"777777777777","777777777777","777777777777",1,0
48,482120,1,1,1,20,8,23,19,8,0,1,0,48,1,12,3,12003,2,2016,"1FA6P8CF2G52","1","F","A","6","P","8","C","F","2","G","5","2",0,0,0,"000000000","00000000000",0,0,0,1,0,0,0,0,0,0,0,998,0,0,0,12,2,3,8,0,0,0,1,48,77066,6,1,0,0,3,3,999,999,0,0,0,0,0,0,0,0,0,0,0,0,0,0,5,7,50,1,1,8,1,0,0,1,80,99,1,1,13,"777777777777","777777777777","777777777777",0,0
48,482121,1,1,2,20,8,12,8,42,0,1,0,48,1,12,880,12880,67,2010,"1FTWW3BR9AEA","1","F","T","W","W","3","B","R","9","A","E","A",0,0,88,"888888888","88888888888",2,1,97,1,0,0,0,0,0,0,0,998,0,0,0,9,6,2,42,0,0,0,1,48,78657,6,1,0,0,3,0,999,999,1,0,0,2,0,7,2013,2,2014,4,58,0,0,0,1,3,75,1,2,8,2,0,0,6,6,7,3,4,2,"777777777777","777777777777","777777777777",1,0
48,482122,1,1,1,20,8,4,56,8,0,1,0,48,1,24,8,24008,1,2008,"1G8MB35B48Y1","1","G","8","M","B","3","5","B","4","8","Y","1",0,0,0,"000000000","00000000000",0,0,0,1,0,0,0,0,0,0,0,998,0,0,0,12,2,3,8,0,0,0,1,48,76017,6,1,0,0,3,0,999,999,0,0,0,0,0,0,0,0,0,0,0,0,0,0,2,4,40,1,1,8,2,0,0,1,80,99,1,1,13,"777777777777","777777777777","777777777777",0,0
48,482123,1,1,2,20,8,3,57,1,0,1,0,48,1,7,472,7472,31,2005,"1D7HE48N35S1","1","D","7","H","E","4","8","N","3","5","S","1",0,0,0,"000000000","00000000000",0,0,0,1,0,0,0,0,0,0,0,998,0,2,9,0,6,2,1,0,0,0,1,48,78728,6,1,0,0,3,0,999,999,0,3,0,0,1,11,2014,8,2016,0,0,0,0,0,3,3,55,1,1,8,1,0,0,1,13,99,9,4,5,"777777777777","777777777777","777777777777",1,1
48,482124,1,2,1,21,8,20,20,12,2,1,0,48,0,37,32,37032,4,2005,"1HGCM56785A1","1","H","G","C","M","5","6","7","8","5","A","1",0,0,0,"000000000","00000000000",0,0,0,1,0,0,0,0,0,0,0,998,0,0,0,12,6,2,12,0,0,0,1,48,77044,6,1,0,0,3,3,999,999,0,2,0,1,1,6,2014,11,2015,0,0,0,0,0,1,4,55,2,1,8,1,0,0,14,10,99,1,2,50,"777777777777","777777777777","777777777777",1,0
48,482124,2,2,1,21,8,20,20,12,2,1,0,48,1,7,482,7482,31,2013,"1C6RR6FT0DS5","1","C","6","R","R","6","F","T","0","D","S","5",0,0,0,"000000000","00000000000",0,0,0,1,0,0,0,0,0,0,0,998,0,0,0,12,6,2,12,0,0,0,1,48,77049,6,1,0,0,3,0,999,999,0,0,0,0,0,0,0,0,0,0,0,0,0,0,1,4,55,3,1,8,1,0,0,14,62,99,1,1,51,"777777777777","777777777777","777777777777",0,0
48,482125,1,1,2,21,8,0,8,1,0,1,0,0,0,73,734,73734,90,2012,"JKAVFDH12CB5","J","K","A","V","F","D","H","1","2","C","B","5",0,0,0,"000000000","00000000000",0,0,0,1,0,0,0,0,0,0,0,998,0,2,1,0,6,2,1,0,0,0,1,48,76033,1,1,0,0,2,0,999,999,0,0,0,0,0,0,0,0,0,0,36,0,0,0,4,2,45,1,1,8,1,0,0,1,51,9,4,1,98,"777777777777","777777777777","777777777777",1,0
48,482126,1,1,1,21,8,9,12,14,0,1,0,48,1,63,34,63034,4,2008,"KNAGE1242852","K","N","A","G","E","1","2","4","2","8","5","2",0,0,0,"000000000","00000000000",0,0,0,1,0,0,0,0,0,0,0,998,0,0,0,12,6,2,14,0,0,0,1,48,77379,6,1,0,0,3,3,999,999,1,0,0,0,0,8,2014,8,2014,0,0,0,0,0,3,2,75,1,1,8,2,0,0,1,52,7,2,4,11,"777777777777","777777777777","777777777777",1,0
48,482127,1,2,1,22,8,11,25,1,0,1,0,48,1,49,482,49482,31,2006,"5TBBT44196S4","5","T","B","B","T","4","4","1","9","6","S","4",1,1,0,"000000000","00000000000",0,0,0,1,0,0,0,0,0,0,0,998,0,0,0,9,4,5,12,0,0,0,1,48,75503,6,1,0,0,3,3,999,999,0,0,0,2,0,11,2011,10,2015,0,0,0,0,0,1,2,55,2,2,8,1,0,0,11,53,99,1,1,98,"1W4200F21720","777777777777","777777777777",0,0
48,482127,2,2,1,22,8,11,25,1,0,1,0,48,2,37,705,37705,80,2011,"JH2PC4044BK4","J","H","2","P","C","4","0","4","4","B","K","4",0,0,0,"000000000","00000000000",0,0,0,1,0,0,0,0,0,0,0,998,0,0,0,0,8,2,1,0,0,0,1,48,75561,6,1,0,0,3,0,999,999,0,0,0,2,0,8,2013,12,2014,0,0,0,0,0,1,2,55,2,2,8,1,0,0,14,51,16,9,2,98,"777777777777","777777777777","777777777777",1,0
48,482128,1,1,1,22,8,23,0,9,0,1,0,48,1,55,35,55035,4,2013,"KMHD35LE3DU0","K","M","H","D","3","5","L","E","3","D","U","0",0,0,0,"000000000","00000000000",0,0,0,1,0,0,0,0,0,0,0,998,0,0,0,12,2,3,9,0,0,0,1,48,77018,6,1,0,0,3,3,999,999,0,0,0,0,0,0,0,0,0,0,0,0,0,0,4,1,30,2,1,1,1,0,0,14,83,99,1,1,13,"777777777777","777777777777","777777777777",0,0
48,482129,1,1,2,14,7,1,0,38,0,1,0,48,3,2,999,2999,49,1979,"J9F83AC08802","J","9","F","8","3","A","C","0","8","8","0","2",0,0,0,"000000000","00000000000",0,0,0,1,0,0,0,0,0,0,0,998,0,0,0,12,2,3,38,0,0,0,1,48,78833,6,1,0,0,3,0,999,999,0,0,0,0,0,0,0,0,0,4,0,0,0,0,1,2,35,3,1,8,1,0,0,14,13,6,1,4,6,"777777777777","777777777777","777777777777",1,1
48,482130,1,2,1,5,8,17,0,12,1,1,0,48,1,13,14,13014,6,2008,"3LNHM26T48R6","3","L","N","H","M","2","6","T","4","8","R","6",0,0,0,"000000000","00000000000",0,0,0,1,0,0,0,0,0,0,0,998,0,0,0,12,6,2,12,0,0,1,1,48,75203,6,7,0,0,3,0,60,135,0,0,0,0,0,0,0,0,0,3,0,0,0,0,3,2,65,1,1,8,1,0,0,1,51,99,1,1,24,"777777777777","777777777777","777777777777",1,1
48,482130,2,2,3,5,8,17,0,12,1,1,0,48,1,20,2,20002,4,2011,"2G1WG5EK8B12","2","G","1","W","G","5","E","K","8","B","1","2",0,0,0,"000000000","00000000000",0,0,0,1,0,0,0,0,0,0,0,998,0,0,0,6,6,2,12,0,0,0,1,48,75154,6,1,0,0,3,3,999,999,0,0,0,0,0,0,0,0,0,0,0,0,0,0,3,2,65,1,1,8,1,0,0,1,53,99,1,1,25,"777777777777","777777777777","777777777777",0,0
48,482131,1,1,1,6,8,22,20,8,0,1,0,48,1,20,20,20020,4,2000,"2G1WL52J5Y13","2","G","1","W","L","5","2","J","5","Y","1","3",0,0,0,"000000000","00000000000",0,0,0,1,0,0,0,0,0,0,0,998,0,0,0,12,6,2,8,0,0,0,1,48,75210,0,0,0,0,0,0,999,999,0,0,0,0,0,0,0,0,0,0,0,0,0,0,1,2,55,1,1,8,1,0,0,1,80,99,1,1,13,"777777777777","777777777777","777777777777",0,0
48,482132,1,1,99,7,8,23,20,9,0,1,0,48,2,19,24,19024,4,2013,"1G6AG5RX2D01","1","G","6","A","G","5","R","X","2","D","0","1",0,0,0,"000000000","00000000000",0,0,0,1,0,0,0,0,0,0,0,998,0,0,0,12,4,5,9,0,0,0,1,48,75154,6,1,0,0,3,0,999,999,0,0,0,0,0,0,0,0,0,0,28,0,0,0,1,2,55,1,2,8,1,0,0,1,11,99,1,2,13,"777777777777","777777777777","777777777777",0,0
48,482133,1,2,2,12,8,17,55,12,1,1,0,48,1,23,401,23401,14,2000,"1GKCS13W4Y21","1","G","K","C","S","1","3","W","4","Y","2","1",0,0,0,"000000000","00000000000",0,0,0,1,0,0,0,0,0,0,0,998,0,0,0,6,6,2,12,0,0,0,1,48,75605,6,1,0,0,3,3,999,999,0,0,0,1,0,5,2013,5,2013,0,0,0,0,0,5,5,50,1,1,8,1,0,0,2,53,99,1,1,29,"777777777777","777777777777","777777777777",1,0
48,482133,2,2,1,12,8,17,55,12,1,1,0,48,1,20,2,20002,4,2012,"2G1WC5E38C11","2","G","1","W","C","5","E","3","8","C","1","1",0,0,0,"000000000","00000000000",0,0,0,1,0,0,0,0,0,0,0,998,0,0,0,12,6,2,12,0,0,0,1,48,75604,6,1,0,0,3,0,999,999,0,0,0,2,0,4,2013,3,2016,5,0,0,0,0,5,5,50,1,1,8,1,0,0,1,52,99,1,1,28,"777777777777","777777777777","777777777777",0,0
48,482134,1,2,4,13,8,15,9,1,0,1,0,4,1,7,422,7422,15,2006,"1D4HB48206F1","1","D","4","H","B","4","8","2","0","6","F","1",0,0,0,"000000000","00000000000",0,0,0,1,0,0,0,0,0,0,0,998,0,9,1,0,6,2,1,0,0,0,1,4,85031,1,1,0,0,2,0,61,210,0,1,0,1,0,10,2015,10,2015,0,0,0,0,0,2,2,75,1,1,8,1,0,0,1,1,99,9,2,98,"777777777777","777777777777","777777777777",1,0
48,482134,2,2,2,13,8,15,9,1,0,1,0,48,3,87,884,87884,66,2007,"1XP5DB9X47D6","1","X","P","5","D","B","9","X","4","7","D","6",1,1,57,"2399875","572399875",3,6,2,1,0,0,0,0,0,0,0,998,0,0,0,10,0,5,54,0,0,0,1,5,72396,6,1,6,0,3,0,70,200,0,0,0,0,0,0,0,0,0,0,0,0,0,0,2,2,75,1,1,8,1,0,0,1,59,9,1,2,98,"1T9TS4024CR7","777777777777","777777777777",0,0
48,482135,1,1,4,15,8,7,20,8,0,1,0,48,1,23,8,23008,6,2010,"1GKLRNED0AJ2","1","G","K","L","R","N","E","D","0","A","J","2",0,0,0,"000000000","00000000000",0,0,0,1,0,0,0,0,0,0,0,998,0,0,0,12,0,5,8,0,0,0,1,48,77081,6,1,0,0,3,3,999,999,1,0,0,0,0,4,2016,4,2016,0,0,0,0,0,1,4,30,1,1,1,1,20,3,1,80,99,1,1,13,"777777777777","777777777777","777777777777",0,0
48,482136,1,3,3,17,8,20,31,12,1,1,0,48,1,63,38,63038,5,2011,"KNAFU4A20B54","K","N","A","F","U","4","A","2","0","B","5","4",0,0,0,"000000000","00000000000",0,0,0,1,0,0,0,0,0,0,0,998,0,0,0,12,6,2,12,0,0,0,1,48,77089,0,0,0,0,0,0,999,999,0,0,0,0,0,0,0,0,0,5,0,0,0,0,1,2,50,1,1,8,1,0,0,1,50,99,1,1,20,"777777777777","777777777777","777777777777",1,0