"STATE","ST_CASE","VEH_NO","VE_FORMS","NUMOCCS","DAY","MONTH","HOUR","MINUTE","HARM_EV","MAN_COLL","UNITTYPE","HIT_RUN","REG_STAT","OWNER","MAKE","MODEL","MAK_MOD","BODY_TYP","MOD_YEAR","VIN","VIN_1","VIN_2","VIN_3","VIN_4","VIN_5","VIN_6","VIN_7","VIN_8","VIN_9","VIN_10","VIN_11","VIN_12","TOW_VEH","J_KNIFE","MCARR_I1","MCARR_I2","MCARR_ID","GVWR","V_CONFIG","CARGO_BT","HAZ_INV","HAZ_PLAC","HAZ_ID","HAZ_CNO","HAZ_REL","BUS_USE","SPEC_USE","EMER_USE","TRAV_SP","UNDERIDE","ROLLOVER","ROLINLOC","IMPACT1","DEFORMED","TOWED","M_HARM","VEH_SC1","VEH_SC2","FIRE_EXP","DR_PRES","L_STATE","DR_ZIP","L_STATUS","L_TYPE","CDL_STAT","L_ENDORS","L_COMPL","L_RESTRI","DR_HGT","DR_WGT","PREV_ACC","PREV_SUS","PREV_DWI","PREV_SPD","PREV_OTH","FIRST_MO","FIRST_YR","LAST_MO","LAST_YR","SPEEDREL","DR_SF1","DR_SF2","DR_SF3","DR_SF4","VTRAFWAY","VNUM_LAN","VSPD_LIM","VALIGN","VPROFILE","VPAVETYP","VSURCOND","VTRAFCON","VTCONT_F","P_CRASH1","P_CRASH2","P_CRASH3","PCRASH4","PCRASH5","ACC_TYPE","TRLR1VIN","TRLR2VIN","TRLR3VIN","DEATHS","DR_DRINK"
48,482136,2,3,1,17,8,20,31,12,1,1,0,48,1,37,32,37032,4,2008,"1HGCP26478A1","1","H","G","C","P","2","6","4","7","8","A","1",0,0,0,"000000000","00000000000",0,0,0,1,0,0,0,0,0,0,0,0,0,0,0,6,4,5,12,0,0,0,1,48,77034,6,1,0,0,3,3,999,999,0,0,0,0,0,0,0,0,0,0,0,0,0,0,1,2,50,1,1,8,1,0,0,5,53,1,1,1,22,"777777777777","777777777777","777777777777",0,0
48,482136,3,3,1,17,8,20,31,12,1,1,0,48,1,12,481,12481,31,2014,"1FTFW1ET5EFC","1","F","T","F","W","1","E","T","5","E","F","C",0,0,0,"000000000","00000000000",0,0,0,1,0,0,0,0,0,0,0,998,0,1,1,12,6,2,12,0,0,0,1,48,77030,6,1,0,0,3,0,999,999,0,0,0,0,0,0,0,0,0,0,0,0,0,0,1,2,50,1,1,8,1,0,0,1,62,99,1,1,98,"777777777777","777777777777","777777777777",0,0
48,482137,1,1,1,18,8,10,0,34,0,1,0,48,3,84,884,84884,64,2014,"1HTWEAAN2EH0","1","H","T","W","E","A","A","N","2","E","H","0",0,0,57,"800613","57800613",3,1,98,1,0,0,0,0,0,0,0,998,0,1,5,98,6,2,34,0,0,0,1,48,79546,6,1,0,0,3,0,999,999,0,0,0,0,0,0,0,0,0,4,0,0,0,0,1,2,75,2,1,8,2,0,0,14,13,99,9,4,2,"777777777777","777777777777","777777777777",1,0
48,482138,1,1,99,19,8,5,38,8,0,1,1,99,9,99,999,99999,99,9999,"999999999999","9","9","9","9","9","9","9","9","9","9","9","9",0,0,0,"000000000","00000000000",0,0,0,1,0,0,0,0,0,0,0,998,0,0,0,99,9,5,8,0,0,0,1,99,99999,9,9,99,9,9,9,999,999,99,99,99,99,99,99,9999,99,9999,0,99,99,99,99,4,2,45,1,1,8,1,0,0,1,85,99,9,1,13,"777777777777","777777777777","777777777777",0,0
48,482139,1,1,1,20,8,22,0,9,0,1,0,48,1,12,481,12481,31,2003,"1FTRX17L43NA","1","F","T","R","X","1","7","L","4","3","N","A",0,0,0,"000000000","00000000000",0,0,0,1,0,0,0,0,0,0,0,998,0,0,0,12,2,3,9,0,0,0,1,48,79601,6,1,0,0,3,0,999,999,1,0,0,0,1,7,2014,7,2014,0,0,0,0,0,5,5,40,1,1,8,1,0,0,1,83,99,1,1,13,"777777777777","777777777777","777777777777",0,0
48,482140,1,2,1,21,8,23,8,1,0,1,0,18,3,87,884,87884,66,2016,"1XPBDP9X4HD4","1","X","P","B","D","P","9","X","4","H","D","4",1,1,57,"453486","57453486",3,6,1,1,0,0,0,0,0,0,0,998,0,0,0,14,9,5,12,0,0,0,1,48,75115,6,1,6,1,3,0,999,999,0,0,0,0,0,0,0,0,0,0,38,0,0,0,0,0,0,0,0,0,0,3,3,10,16,98,1,1,98,"3H3V281C48T1","777777777777","777777777777",0,0
48,482140,2,2,1,21,8,23,8,1,0,1,0,48,1,72,706,72706,80,2004,"1HD1PJE194Y9","1","H","D","1","P","J","E","1","9","4","Y","9",0,0,0,"000000000","00000000000",0,0,0,1,0,0,0,0,0,0,0,998,0,0,0,0,8,2,12,0,0,0,1,48,76010,6,1,0,0,3,0,999,999,0,6,0,1,0,9,2011,4,2015,4,0,0,0,0,2,2,40,1,1,8,1,0,0,1,70,98,9,3,98,"777777777777","777777777777","777777777777",1,1
48,482141,1,1,1,23,8,14,30,52,0,1,0,48,1,12,471,12471,30,1995,"1FTCR15X4SPA","1","F","T","C","R","1","5","X","4","S","P","A",0,0,0,"000000000","00000000000",0,0,0,1,0,0,0,0,0,0,0,998,0,1,5,12,6,2,52,0,0,0,1,48,78402,6,1,0,0,3,3,999,999,0,0,0,0,0,0,0,0,0,0,99,99,99,99,2,2,75,3,2,8,1,0,0,14,13,99,9,4,1,"777777777777","777777777777","777777777777",1,0
48,482142,1,2,1,11,8,17,0,12,6,1,0,48,1,72,706,72706,80,2002,"1HD1FRW142Y6","1","H","D","1","F","R","W","1","4","2","Y","6",0,0,0,"000000000","00000000000",0,0,0,1,0,0,0,0,0,0,0,998,0,0,0,12,6,2,12,0,0,0,1,48,75474,6,1,0,0,3,0,999,999,2,0,0,0,0,5,2014,8,2014,0,0,0,0,0,5,5,45,1,1,8,1,0,0,1,67,6,9,2,83,"777777777777","777777777777","777777777777",1,0
48,482142,2,2,2,11,8,17,0,12,6,1,0,48,2,63,33,63033,4,2007,"KNAFE1210754","K","N","A","F","E","1","2","1","0","7","5","4",0,0,0,"000000000","00000000000",0,0,0,1,0,0,0,0,0,0,0,998,0,0,0,62,0,5,12,0,0,0,1,48,75472,6,1,0,0,3,3,999,999,0,0,0,1,0,4,2016,4,2016,0,38,48,0,0,1,2,99,1,1,8,1,20,3,11,15,99,1,1,82,"777777777777","777777777777","777777777777",0,0
48,482143,1,1,1,18,8,18,15,1,0,1,0,48,2,18,3,18003,4,1998,"1G4CW52KXW46","1","G","4","C","W","5","2","K","X","W","4","6",0,0,0,"000000000","00000000000",0,0,0,1,0,0,0,0,0,0,0,998,0,9,3,0,6,2,1,0,0,0,1,48,76011,3,1,0,0,2,0,999,999,1,13,1,0,3,7,2014,7,2016,0,0,0,0,0,3,4,70,1,1,8,1,0,0,1,13,99,9,4,1,"777777777777","777777777777","777777777777",1,1
48,482144,1,1,1,18,8,2,30,59,0,1,0,48,2,30,46,30046,4,2016,"1VWBT7A31GC0","1","V","W","B","T","7","A","3","1","G","C","0",0,0,0,"000000000","00000000000",0,0,0,1,0,0,0,0,0,0,0,998,0,0,0,12,6,2,59,0,0,0,1,48,76110,6,1,0,0,3,0,999,999,0,0,0,0,0,0,0,0,0,4,0,0,0,0,3,3,60,2,2,8,1,0,0,14,13,99,1,4,1,"777777777777","777777777777","777777777777",1,1
48,482145,1,1,2,20,8,21,38,38,0,1,0,48,1,20,481,20481,31,2000,"1GCGC24U7YZ3","1","G","C","G","C","2","4","U","7","Y","Z","3",0,0,0,"000000000","00000000000",0,0,0,1,0,0,0,0,0,0,0,998,0,0,0,12,6,2,38,0,0,0,1,48,76082,6,1,0,0,3,3,999,999,0,0,0,0,1,11,2015,11,2015,4,0,0,0,0,1,2,40,2,1,8,1,0,0,14,12,99,9,4,6,"777777777777","777777777777","777777777777",1,0
48,482146,1,2,1,22,8,13,15,12,6,1,0,48,1,35,472,35472,30,2006,"1N6AD07U16C4","1","N","6","A","D","0","7","U","1","6","C","4",0,0,0,"000000000","00000000000",0,0,0,1,0,0,0,0,0,0,0,998,0,0,0,3,6,2,12,0,0,0,1,48,76020,6,1,0,0,3,3,999,999,0,0,0,0,0,0,0,0,0,5,58,51,0,0,1,2,40,3,2,8,2,0,0,14,6,99,4,2,66,"777777777777","777777777777","777777777777",1,0
48,482146,2,2,1,22,8,13,15,12,6,1,0,48,3,20,880,20880,67,2015,"1GC5KYCG9FZ1","1","G","C","5","K","Y","C","G","9","F","Z","1",0,0,99,"999999999","99999999999",2,1,97,1,0,0,0,0,0,0,0,998,0,0,0,12,6,2,12,0,0,0,1,48,76086,6,1,0,0,3,0,999,999,0,0,0,0,0,0,0,0,0,0,0,0,0,0,1,2,40,2,2,8,2,0,0,14,62,99,1,1,66,"777777777777","777777777777","777777777777",0,0
48,482147,1,1,1,23,8,6,5,8,0,1,0,48,1,49,32,49032,4,2002,"1NXBR12E02Z6","1","N","X","B","R","1","2","E","0","2","Z","6",0,0,0,"000000000","00000000000",0,0,0,1,0,0,0,0,0,0,0,35,0,0,0,12,2,3,8,0,0,0,1,48,75048,6,2,0,0,3,2,999,999,0,0,0,0,0,0,0,0,0,0,73,0,0,0,1,4,30,1,1,8,1,0,0,1,80,16,9,1,13,"777777777777","777777777777","777777777777",0,0
48,482148,1,1,1,5,8,13,58,25,0,1,0,48,1,2,404,2404,14,2003,"1J4GW58N23C5","1","J","4","G","W","5","8","N","2","3","C","5",0,0,0,"000000000","00000000000",0,0,0,1,0,0,0,0,0,0,0,998,0,1,3,62,6,2,1,0,0,0,1,48,77450,6,1,0,0,3,0,999,999,0,0,0,0,0,0,0,0,0,4,0,0,0,0,4,4,50,1,1,8,1,0,0,1,12,99,9,4,6,"777777777777","777777777777","777777777777",1,0
48,482149,1,2,1,8,8,9,8,12,2,1,0,48,1,12,422,12422,15,2011,"1FMJK1H50BEF","1","F","M","J","K","1","H","5","0","B","E","F",0,0,0,"000000000","00000000000",0,0,0,1,0,0,0,0,0,0,0,998,0,0,0,12,6,2,12,0,0,0,1,48,78363,6,1,0,0,3,3,999,999,0,0,0,0,0,0,0,0,0,0,0,0,0,0,1,2,70,1,1,8,1,0,0,1,54,7,9,2,51,"777777777777","777777777777","777777777777",0,0
48,482149,2,2,1,8,8,9,8,12,2,1,0,48,1,12,37,12037,4,2014,"1FADP3J2XEL1","1","F","A","D","P","3","J","2","X","E","L","1",0,0,0,"000000000","00000000000",0,0,0,1,0,0,0,0,0,0,0,998,0,0,0,12,6,2,12,0,0,0,1,48,78574,6,1,6,0,3,3,999,999,0,0,0,1,0,3,2014,3,2014,0,28,0,0,0,1,2,70,1,1,8,1,0,0,1,54,7,9,2,50,"777777777777","777777777777","777777777777",1,0
48,482150,1,2,2,10,8,0,17,12,2,1,0,48,2,12,481,12481,31,2009,"1FTPW14VX9FB","1","F","T","P","W","1","4","V","X","9","F","B",0,0,0,"000000000","00000000000",0,0,0,1,0,0,0,0,0,0,0,998,0,0,0,12,6,2,12,0,0,0,1,48,76664,0,0,0,0,0,0,999,999,0,0,0,0,0,0,0,0,0,0,28,51,0,0,1,2,75,1,1,8,1,0,0,1,10,99,9,2,50,"777777777777","777777777777","777777777777",2,0
48,482150,2,2,2,10,8,0,17,12,2,1,0,48,1,87,884,87884,66,2001,"1XP5AB8X11D5","1","X","P","5","A","B","8","X","1","1","D","5",1,1,57,"2595857","572595857",3,6,1,1,0,0,0,0,0,0,0,998,0,0,0,12,6,2,12,0,0,0,1,48,75752,6,1,6,0,3,0,999,999,0,0,0,1,0,4,2015,4,2015,0,0,0,0,0,1,2,75,1,1,8,1,0,0,1,62,99,1,1,51,"1W1UCSUJ91D5","777777777777","777777777777",0,0
48,482151,1,1,2,10,8,13,43,1,0,1,0,48,2,20,421,20421,15,2003,"1GNEC13V63R3","1","G","N","E","C","1","3","V","6","3","R","3",0,0,0,"000000000","00000000000",0,0,0,1,0,0,0,0,0,0,0,998,0,2,3,0,6,2,1,0,0,0,1,48,79015,6,1,0,0,3,3,999,999,0,0,0,0,0,0,0,0,0,0,28,58,0,0,2,2,75,1,1,8,1,0,0,1,12,7,2,4,7,"777777777777","777777777777","777777777777",2,0
48,482152,1,3,1,18,8,13,15,12,2,1,0,48,1,20,481,20481,31,2001,"1GCHK23181F2","1","G","C","H","K","2","3","1","8","1","F","2",0,0,0,"000000000","00000000000",0,0,0,1,0,0,0,0,0,0,0,998,0,0,0,12,6,2,12,0,0,0,1,48,75763,6,1,6,0,3,3,999,999,1,0,0,0,0,1,2013,1,2013,0,51,0,0,0,5,5,70,1,1,8,2,0,0,1,10,1,1,2,50,"777777777777","777777777777","777777777777",1,0
48,482152,2,3,1,18,8,13,15,12,2,1,0,48,3,86,881,86881,63,2000,"1M1AA13Y6YW1","1","M","1","A","A","1","3","Y","6","Y","W","1",0,0,57,"565734","57565734",3,2,3,1,0,0,0,0,0,0,0,998,0,0,0,12,6,2,12,0,0,0,1,48,75708,6,1,6,0,3,3,999,999,1,0,0,0,0,12,2013,12,2013,0,0,0,0,0,5,5,70,1,1,8,2,0,0,1,62,99,1,1,51,"777777777777","777777777777","777777777777",0,0
48,482152,3,3,2,18,8,13,15,12,2,1,0,48,1,12,481,12481,31,2013,"1FT7W2B66DEB","1","F","T","7","W","2","B","6","6","D","E","B",0,0,0,"000000000","00000000000",0,0,0,1,0,0,0,0,0,0,0,998,0,0,0,98,2,5,54,0,0,0,1,48,75762,6,1,0,0,3,3,999,999,0,0,0,0,0,0,0,0,0,0,0,0,0,0,5,5,70,1,1,8,2,0,0,1,98,99,1,1,98,"777777777777","777777777777","777777777777",0,0
48,482153,1,1,1,19,8,12,14,8,0,1,0,48,1,49,402,49402,14,2015,"2T3WFREV5FW2","2","T","3","W","F","R","E","V","5","F","W","2",0,0,0,"000000000","00000000000",0,0,0,1,0,0,0,0,0,0,0,998,0,0,0,12,6,2,8,0,0,0,1,48,79762,6,1,0,0,3,3,999,999,0,0,0,0,0,0,0,0,0,0,41,0,0,0,2,1,75,1,2,8,1,40,3,15,13,99,1,4,1,"777777777777","777777777777","777777777777",0,0
48,482154,1,1,1,20,8,0,16,33,0,1,0,48,1,49,32,49032,4,2010,"2T1BU4EE8AC4","2","T","1","B","U","4","E","E","8","A","C","4",0,0,0,"000000000","00000000000",0,0,0,1,0,0,0,0,0,0,0,998,0,1,6,1,6,2,1,0,0,0,1,48,77338,6,1,0,0,3,0,999,999,0,0,0,1,0,1,2013,1,2013,0,28,0,0,0,2,2,40,3,1,1,1,0,0,1,13,99,1,4,1,"777777777777","777777777777","777777777777",1,0
48,482155,1,1,2,21,8,4,24,1,0,1,0,48,2,20,481,20481,31,2007,"2GCEC13VX711","2","G","C","E","C","1","3","V","X","7","1","1",0,0,0,"000000000","00000000000",0,0,0,1,0,0,0,0,0,0,0,998,0,1,3,0,6,2,1,0,0,0,1,48,78566,0,0,0,0,0,0,999,999,0,0,0,0,0,0,0,0,0,0,58,28,0,0,3,2,55,1,1,8,1,0,0,1,13,6,3,4,7,"777777777777","777777777777","777777777777",1,0
48,482156,1,2,1,26,8,19,9,12,6,1,0,48,1,7,880,7880,67,2006,"3D7MX46C66G2","3","D","7","M","X","4","6","C","6","6","G","2",0,0,88,"888888888","88888888888",2,1,96,1,0,0,0,0,0,0,0,998,0,0,0,9,6,2,12,0,0,0,1,53,98837,6,1,0,0,3,0,69,145,0,0,0,0,0,0,0,0,0,0,38,0,0,0,0,0,0,0,0,0,0,0,0,11,15,99,1,1,82,"777777777777","777777777777","777777777777",0,0
48,482156,2,2,1,26,8,19,9,12,6,1,0,48,1,76,705,76705,80,2007,"JYAVM01E47A1","J","Y","A","V","M","0","1","E","4","7","A","1",0,0,0,"000000000","00000000000",0,0,0,1,0,0,0,0,0,0,0,998,0,0,0,12,6,2,12,0,0,0,1,48,78621,0,0,0,0,0,0,999,999,0,0,0,0,0,0,0,0,0,5,0,0,0,0,5,7,40,1,1,8,1,0,0,1,72,99,1,1,83,"777777777777","777777777777","777777777777",1,0
48,482157,1,2,1,26,8,1,27,12,2,1,0,48,0,20,481,20481,31,1997,"1GCEC19R5VE2","1","G","C","E","C","1","9","R","5","V","E","2",0,0,0,"000000000","00000000000",0,0,0,1,0,0,0,0,0,0,0,998,0,0,0,12,6,2,12,0,0,0,1,48,79068,1,1,0,0,2,0,999,999,0,8,0,3,1,5,2012,8,2016,0,28,0,0,0,2,2,75,3,1,8,2,0,0,14,12,99,1,4,50,"777777777777","777777777777","777777777777",1,0
48,482157,2,2,2,26,8,1,27,12,2,1,0,48,2,20,481,20481,31,2007,"1GCEC14X77Z6","1","G","C","E","C","1","4","X","7","7","Z","6",0,0,0,"000000000","00000000000",0,0,0,1,0,0,0,0,0,0,0,998,0,0,0,12,6,2,12,0,0,0,1,48,79110,6,1,0,0,3,0,999,999,0,0,0,0,0,0,0,0,0,0,0,0,0,0,2,2,75,2,1,8,2,0,0,14,62,99,1,1,51,"777777777777","777777777777","777777777777",2,0
48,482158,1,1,1,10,8,22,2,53,0,1,1,48,2,14,401,14401,14,2002,"4M2ZU86E12ZJ","4","M","2","Z","U","8","6","E","1","2","Z","J",0,0,0,"000000000","00000000000",0,0,0,1,0,0,0,0,0,0,0,998,0,0,0,12,6,2,8,0,0,0,1,48,78570,0,0,0,0,0,0,999,999,0,0,0,0,0,0,0,0,0,0,28,0,0,0,5,5,45,1,1,8,1,0,0,1,13,99,1,4,1,"777777777777","777777777777","777777777777",0,0
48,482159,1,2,3,22,8,12,44,12,6,1,0,48,1,12,481,12481,31,2006,"1FTWW31P06EC","1","F","T","W","W","3","1","P","0","6","E","C",0,0,0,"000000000","00000000000",0,0,0,1,0,0,0,0,0,0,0,998,7,1,1,3,6,2,12,0,0,0,1,48,76834,6,1,6,0,3,3,999,999,0,0,0,0,1,7,2014,7,2014,4,87,0,0,0,1,4,75,1,1,8,2,0,0,1,6,99,4,3,66,"777777777777","777777777777","777777777777",0,0
48,482159,2,2,2,22,8,12,44,12,6,1,0,48,1,35,47,35047,4,2009,"1N4AL21E19N4","1","N","4","A","L","2","1","E","1","9","N","4",0,0,0,"000000000","00000000000",0,0,0,1,0,0,0,0,0,0,0,998,0,0,0,12,6,2,12,0,0,0,1,48,78746,6,1,0,0,3,3,999,999,0,0,0,0,0,0,0,0,0,0,0,0,0,0,1,4,75,1,1,8,2,0,0,1,62,99,1,1,66,"777777777777","777777777777","777777777777",1,0
48,482160,1,1,1,27,8,0,29,8,0,1,0,4,4,20,421,20421,15,1995,"1GNEK13K4SJ4","1","G","N","E","K","1","3","K","4","S","J","4",0,0,0,"000000000","00000000000",0,0,0,1,0,0,0,0,0,0,0,998,0,0,0,12,2,3,8,0,0,0,1,48,79118,6,1,0,0,3,3,999,999,0,0,0,0,0,0,0,0,0,0,0,0,0,0,5,5,35,1,1,8,1,0,0,1,80,99,1,1,13,"777777777777","777777777777","777777777777",0,0
48,482161,1,1,1,14,2,19,36,8,0,1,0,48,1,35,50,35050,4,2014,"3N1CN7APXEL8","3","N","1","C","N","7","A","P","X","E","L","8",0,0,0,"000000000","00000000000",0,0,0,1,0,0,0,0,0,0,0,998,0,0,0,12,2,5,8,0,0,0,1,48,78380,6,1,0,0,3,3,999,999,0,0,0,0,0,0,0,0,0,0,38,0,0,0,1,2,35,1,1,8,1,0,0,1,80,99,1,1,13,"777777777777","777777777777","777777777777",0,0
48,482162,1,1,1,24,4,15,45,38,0,1,0,48,2,37,705,37705,80,1999,"JH2PC3509XM0","J","H","2","P","C","3","5","0","9","X","M","0",0,0,0,"000000000","00000000000",0,0,0,1,0,0,0,0,0,0,0,998,0,0,0,98,8,2,38,0,0,0,1,48,75236,3,1,0,0,2,3,63,214,0,9,0,3,0,5,2011,12,2014,0,28,0,0,0,2,2,35,1,1,8,1,0,0,1,13,99,1,4,1,"777777777777","777777777777","777777777777",1,0
48,482163,1,2,1,9,7,20,20,12,6,1,0,48,1,12,16,12016,4,1999,"2FAFP73W6XX1","2","F","A","F","P","7","3","W","6","X","X","1",0,0,0,"000000000","00000000000",0,0,0,1,0,0,0,0,0,0,0,998,0,0,0,81,6,2,12,0,0,0,1,48,79118,6,1,0,0,3,0,999,999,0,0,0,0,0,0,0,0,0,0,38,0,0,0,1,7,45,1,2,8,1,3,3,11,15,99,1,1,68,"777777777777","777777777777","777777777777",0,0
48,482163,2,2,1,9,7,20,20,12,6,1,0,48,1,72,706,72706,80,1999,"1HD1DDV10XY6","1","H","D","1","D","D","V","1","0","X","Y","6",0,0,0,"000000000","00000000000",0,0,0,1,0,0,0,0,0,0,0,998,0,0,0,12,6,2,12,0,0,0,1,48,79110,6,1,6,0,3,3,999,999,0,0,0,0,0,0,0,0,0,0,0,0,0,0,1,7,45,1,2,8,1,3,3,1,62,99,1,1,69,"777777777777","777777777777","777777777777",1,0
48,482164,1,6,1,11,8,17,30,12,1,1,0,5,3,84,884,84884,66,2007,"2HSCKAPRX7C5","2","H","S","C","K","A","P","R","X","7","C","5",1,1,57,"1163732","571163732",3,6,1,1,0,0,0,0,0,0,0,998,0,0,0,12,6,2,12,0,0,1,1,5,71835,6,1,6,0,3,0,70,225,0,0,0,0,0,0,0,0,0,5,91,0,0,0,3,2,75,1,1,8,2,0,0,1,50,99,1,1,20,"1UYVS25374M2","777777777777","777777777777",0,0
48,482164,2,6,1,11,8,17,30,12,1,1,0,48,2,55,35,55035,4,2011,"5NPDH4AE3BH0","5","N","P","D","H","4","A","E","3","B","H","0",0,0,0,"000000000","00000000000",0,0,0,1,0,0,0,0,0,0,0,0,0,0,0,6,6,2,12,0,0,1,1,48,75570,6,1,0,0,3,0,60,102,0,0,0,0,0,0,0,0,0,0,0,0,0,0,3,2,75,1,1,8,2,0,0,5,53,99,1,1,21,"777777777777","777777777777","777777777777",1,0
48,482164,3,6,1,11,8,17,30,12,1,1,0,93,1,82,884,82884,66,1994,"1FUYDZYB6RP6","1","F","U","Y","D","Z","Y","B","6","R","P","6",1,1,57,"1538420","571538420",3,6,1,1,0,0,0,0,0,0,0,0,0,0,0,6,6,2,12,0,0,0,1,48,78041,6,1,6,0,3,0,999,999,0,0,0,0,1,2,2012,2,2012,0,0,0,0,0,3,2,75,1,1,8,2,0,0,5,53,99,1,1,98,"1JJV532W18L1","777777777777","777777777777",0,0
48,482164,4,6,1,11,8,17,30,12,1,1,0,39,3,87,884,87884,66,2015,"1XPBAP9X3FD2","1","X","P","B","A","P","9","X","3","F","D","2",1,1,57,"445014","57445014",3,6,2,1,0,0,0,0,0,0,0,0,0,0,0,6,6,2,12,0,0,0,1,18,46036,6,1,6,0,3,0,73,210,0,0,0,0,0,0,0,0,0,0,0,0,0,0,3,2,75,1,1,8,2,0,0,5,53,99,1,1,98,"1E9T42207TE0","777777777777","777777777777",0,0
48,482164,5,6,1,11,8,17,30,12,1,1,0,48,1,55,36,55036,4,2013,"KMHCT4AE9DU3","K","M","H","C","T","4","A","E","9","D","U","3",0,0,0,"000000000","00000000000",0,0,0,1,0,0,0,0,0,0,0,998,0,0,0,6,6,2,12,0,0,1,1,48,75570,6,1,0,0,3,0,999,999,0,0,0,0,0,0,0,0,0,0,0,0,0,0,3,2,75,1,1,8,2,0,0,1,64,99,1,1,98,"777777777777","777777777777","777777777777",0,0
48,482164,6,6,1,11,8,17,30,12,1,1,0,47,1,82,881,82881,64,1999,"1FV6HJAC9XHB","1","F","V","6","H","J","A","C","9","X","H","B",0,0,57,"999054","57999054",2,1,1,1,0,0,0,0,0,0,0,998,0,0,0,6,2,5,12,0,0,0,1,47,37013,6,1,6,0,3,3,74,260,1,0,0,0,0,3,2015,3,2015,0,0,0,0,0,3,2,75,1,1,8,2,0,0,1,64,99,1,1,98,"777777777777","777777777777","777777777777",0,0
48,482165,1,1,1,11,8,6,52,33,0,1,0,48,2,37,706,37706,80,2002,"JH2SC50002M0","J","H","2","S","C","5","0","0","0","2","M","0",0,0,0,"000000000","00000000000",0,0,0,1,0,0,0,0,0,0,0,998,0,0,0,12,6,2,33,0,0,0,1,48,76110,1,1,0,0,2,0,999,999,0,8,0,0,1,4,2012,9,2015,3,27,36,0,0,2,2,35,1,1,8,1,0,0,6,12,99,1,4,6,"777777777777","777777777777","777777777777",1,0
48,482166,1,2,1,12,8,6,23,12,2,1,0,48,1,20,421,20421,15,2013,"1GNSCBE09DR3","1","G","N","S","C","B","E","0","9","D","R","3",0,0,0,"000000000","00000000000",0,0,0,1,0,0,0,0,0,0,0,998,0,1,9,12,6,2,12,0,0,0,1,48,77407,6,1,0,0,3,0,999,999,1,0,0,0,0,9,2012,9,2012,3,91,28,0,0,1,2,45,2,1,8,1,0,0,14,10,99,1,2,50,"777777777777","777777777777","777777777777",0,1
48,482166,2,2,1,12,8,6,23,12,2,1,0,48,0,20,4,20004,2,2003,"1G1YY12S6351","1","G","1","Y","Y","1","2","S","6","3","5","1",0,0,0,"000000000","00000000000",0,0,0,1,0,0,0,0,0,0,0,998,0,0,0,12,6,2,12,0,0,0,1,48,77469,6,1,0,0,3,0,999,999,0,0,0,0,0,0,0,0,0,0,0,0,0,0,1,2,45,3,1,8,1,0,0,1,62,99,1,1,51,"777777777777","777777777777","777777777777",1,0
48,482167,1,3,1,12,8,19,32,12,2,1,0,48,3,37,705,37705,80,1996,"JH2RC4308TM2","J","H","2","R","C","4","3","0","8","T","M","2",0,0,0,"000000000","00000000000",0,0,0,1,0,0,0,0,0,0,0,998,0,0,0,12,8,2,12,0,0,0,1,48,77306,6,1,0,0,2,0,999,999,0,0,0,0,0,0,0,0,0,0,0,0,0,0,1,2,55,1,1,8,1,0,0,1,10,99,1,2,50,"777777777777","777777777777","777777777777",1,0
48,482167,2,3,2,12,8,19,32,12,2,1,0,48,2,49,32,49032,4,2003,"1NXBR32E63Z0","1","N","X","B","R","3","2","E","6","3","Z","0",0,0,0,"000000000","00000000000",0,0,0,1,0,0,0,0,0,0,0,998,0,0,0,12,6,2,12,0,0,0,1,48,77357,6,1,0,0,3,0,999,999,0,0,0,2,1,4,2013,1,2016,0,0,0,0,0,1,2,55,1,1,8,1,0,0,1,62,99,1,1,51,"777777777777","777777777777","777777777777",0,0
48,482167,3,3,4,12,8,19,32,12,2,1,0,48,1,12,422,12422,15,2003,"1FMFU17L13LC","1","F","M","F","U","1","7","L","1","3","L","C",0,0,0,"000000000","00000000000",0,0,0,1,0,0,0,0,0,0,0,998,0,0,0,12,8,5,54,0,0,0,1,48,77302,6,1,0,0,3,0,999,999,0,0,0,0,0,0,0,0,0,0,0,0,0,0,1,2,55,1,1,8,1,0,0,1,98,99,1,1,98,"777777777777","777777777777","777777777777",0,0
48,482168,1,1,2,12,8,2,40,34,0,1,0,0,0,76,734,76734,90,2002,"JY4AM01Y02C0","J","Y","4","A","M","0","1","Y","0","2","C","0",0,0,0,"000000000","00000000000",0,0,0,1,0,0,0,0,0,0,0,998,0,0,0,12,6,2,34,0,0,0,1,48,78542,6,1,0,0,1,0,999,999,0,0,0,0,0,0,0,0,0,5,24,39,40,0,1,2,30,1,1,8,1,20,3,1,14,99,1,4,14,"777777777777","777777777777","777777777777",1,1
48,482169,1,1,1,13,8,10,48,23,0,1,0,48,0,49,40,49040,4,2007,"4T4BE46K57R0","4","T","4","B","E","4","6","K","5","7","R","0",0,0,0,"000000000","00000000000",0,0,0,1,0,0,0,0,0,0,0,998,0,1,6,12,6,2,3,0,0,0,1,48,75116,0,0,0,0,0,0,999,999,0,0,0,0,0,0,0,0,0,5,0,0,0,0,3,2,50,1,1,8,1,0,0,1,13,99,1,4,1,"777777777777","777777777777","777777777777",1,1
48,482170,1,1,1,13,8,5,25,8,0,1,0,45,1,49,482,49482,31,2013,"5TFRM5F12DX0","5","T","F","R","M","5","F","1","2","D","X","0",0,0,0,"000000000","00000000000",0,0,0,1,0,0,0,0,0,0,0,998,0,0,0,12,2,5,8,0,0,0,1,45,29860,6,1,6,0,3,0,72,210,0,0,0,0,0,0,0,0,0,0,84,0,0,0,1,2,55,1,1,8,1,0,0,1,50,7,1,4,1,"777777777777","777777777777","777777777777",0,0