"STATE","ST_CASE","VEH_NO","VE_FORMS","NUMOCCS","DAY","MONTH","HOUR","MINUTE","HARM_EV","MAN_COLL","UNITTYPE","HIT_RUN","REG_STAT","OWNER","MAKE","MODEL","MAK_MOD","BODY_TYP","MOD_YEAR","VIN","VIN_1","VIN_2","VIN_3","VIN_4","VIN_5","VIN_6","VIN_7","VIN_8","VIN_9","VIN_10","VIN_11","VIN_12","TOW_VEH","J_KNIFE","MCARR_I1","MCARR_I2","MCARR_ID","GVWR","V_CONFIG","CARGO_BT","HAZ_INV","HAZ_PLAC","HAZ_ID","HAZ_CNO","HAZ_REL","BUS_USE","SPEC_USE","EMER_USE","TRAV_SP","UNDERIDE","ROLLOVER","ROLINLOC","IMPACT1","DEFORMED","TOWED","M_HARM","VEH_SC1","VEH_SC2","FIRE_EXP","DR_PRES","L_STATE","DR_ZIP","L_STATUS","L_TYPE","CDL_STAT","L_ENDORS","L_COMPL","L_RESTRI","DR_HGT","DR_WGT","PREV_ACC","PREV_SUS","PREV_DWI","PREV_SPD","PREV_OTH","FIRST_MO","FIRST_YR","LAST_MO","LAST_YR","SPEEDREL","DR_SF1","DR_SF2","DR_SF3","DR_SF4","VTRAFWAY","VNUM_LAN","VSPD_LIM","VALIGN","VPROFILE","VPAVETYP","VSURCOND","VTRAFCON","VTCONT_F","P_CRASH1","P_CRASH2","P_CRASH3","PCRASH4","PCRASH5","ACC_TYPE","TRLR1VIN","TRLR2VIN","TRLR3VIN","DEATHS","DR_DRINK"
48,482171,1,2,1,14,8,18,37,12,6,1,0,48,1,7,482,7482,31,2012,"3C6UD5PL1CG2","3","C","6","U","D","5","P","L","1","C","G","2",0,0,0,"000000000","00000000000",0,0,0,1,0,0,0,0,0,0,0,998,0,0,0,11,6,2,12,0,0,0,1,48,78639,6,1,0,0,3,0,999,999,1,0,0,0,0,10,2012,10,2012,0,0,0,0,0,5,3,70,1,2,8,2,0,0,1,62,99,1,1,65,"777777777777","777777777777","777777777777",1,0
48,482171,2,2,1,14,8,18,37,12,6,1,0,48,1,7,482,7482,31,2004,"1FMSU45PX4EC","1","F","M","S","U","4","5","P","X","4","E","C",1,1,0,"000000000","00000000000",0,0,0,1,0,0,0,0,0,0,0,998,0,0,0,12,6,2,12,0,0,0,1,48,78418,6,1,0,0,3,0,999,999,0,0,0,0,0,0,0,0,0,4,0,0,0,0,5,3,70,1,2,8,2,0,0,3,10,99,1,2,64,"571BE162XFM0","777777777777","777777777777",0,0
48,482172,1,1,1,16,8,22,57,30,0,1,0,48,2,7,482,7482,31,2010,"3D7JB1EK6AG1","3","D","7","J","B","1","E","K","6","A","G","1",0,0,0,"000000000","00000000000",0,0,0,1,0,0,0,0,0,0,0,998,0,0,0,98,6,2,30,0,0,0,1,48,78626,6,1,0,0,3,3,999,999,0,5,1,0,0,10,2014,5,2016,4,0,0,0,0,1,2,55,2,2,8,1,0,0,14,12,99,1,4,6,"777777777777","777777777777","777777777777",1,1
48,482173,1,1,1,18,8,22,16,42,0,1,0,35,2,20,403,20403,14,2003,"1GNDS13S6323","1","G","N","D","S","1","3","S","6","3","2","3",0,0,0,"000000000","00000000000",0,0,0,1,0,0,0,0,0,0,0,998,0,1,5,61,6,2,1,0,0,0,1,35,87123,6,1,0,0,3,0,69,176,98,0,0,1,0,5,2014,5,2014,4,0,0,0,0,3,2,70,1,1,8,2,0,0,1,6,99,3,4,7,"777777777777","777777777777","777777777777",1,0
48,482174,1,2,1,19,8,8,25,12,1,1,0,48,3,42,47,42047,2,2004,"WDBTJ75J84F0","W","D","B","T","J","7","5","J","8","4","F","0",0,0,0,"000000000","00000000000",0,0,0,1,0,0,0,0,0,0,0,0,0,0,0,6,6,2,12,0,0,0,1,48,75244,6,1,0,0,3,0,999,999,0,0,0,0,0,0,0,0,0,0,54,0,0,0,3,2,55,1,2,8,1,0,0,5,53,1,1,1,21,"777777777777","777777777777","777777777777",1,0
48,482174,2,2,1,19,8,8,25,12,1,1,0,48,3,12,461,12461,21,2013,"1FC4E4KS6DDB","1","F","C","4","E","4","K","S","6","D","D","B",0,0,0,"000000000","00000000000",0,0,0,1,0,0,0,0,0,0,0,998,0,0,0,12,6,2,12,0,0,0,1,48,78521,6,1,0,0,3,0,999,999,0,0,0,0,1,4,2014,4,2014,0,91,0,0,0,3,2,55,1,2,8,1,0,0,1,50,1,1,1,20,"777777777777","777777777777","777777777777",0,0
48,482175,1,1,5,20,8,21,28,35,0,1,0,48,2,49,401,49401,14,2001,"JT3GN87R6102","J","T","3","G","N","8","7","R","6","1","0","2",0,0,0,"000000000","00000000000",0,0,0,1,0,0,0,0,0,0,0,998,0,1,3,98,6,2,35,0,0,1,1,48,77037,6,1,0,0,3,3,999,999,1,0,0,0,0,1,2015,1,2015,0,0,0,0,0,3,2,75,1,1,8,1,0,0,1,12,99,1,4,6,"777777777777","777777777777","777777777777",5,0
48,482177,1,1,2,21,8,20,30,11,0,1,0,48,0,72,706,72706,80,2015,"1HD1KRM11FB6","1","H","D","1","K","R","M","1","1","F","B","6",0,0,0,"000000000","00000000000",0,0,0,1,0,0,0,0,0,0,0,998,0,0,0,12,6,2,11,0,0,0,1,48,79705,1,1,0,0,2,3,999,999,0,2,0,0,0,11,2011,6,2016,0,0,0,0,0,1,2,75,1,1,8,1,0,0,1,87,99,1,1,13,"777777777777","777777777777","777777777777",1,0
48,482178,1,1,1,21,8,0,39,8,0,1,0,48,1,6,51,6051,4,2008,"2C3KA43R98H1","2","C","3","K","A","4","3","R","9","8","H","1",0,0,0,"000000000","00000000000",0,0,0,1,0,0,0,0,0,0,0,998,0,0,0,12,2,3,8,0,0,0,1,48,78363,6,1,0,0,3,3,999,999,1,1,0,2,1,4,2012,4,2014,0,91,0,0,0,5,5,35,1,1,8,1,0,0,1,80,99,1,1,13,"777777777777","777777777777","777777777777",0,0
48,482179,1,2,2,23,8,13,7,12,6,1,0,48,1,37,32,37032,4,2008,"1HGCP26388A0","1","H","G","C","P","2","6","3","8","8","A","0",0,0,0,"000000000","00000000000",0,0,0,1,0,0,0,0,0,0,0,998,0,0,0,1,6,2,12,0,0,0,1,48,78731,6,1,0,0,3,0,999,999,0,0,0,0,0,0,0,0,0,0,0,0,0,0,3,2,45,1,1,8,1,0,0,1,73,99,1,1,87,"777777777777","777777777777","777777777777",1,0
48,482179,2,2,1,23,8,13,7,12,6,1,0,48,1,30,402,30402,14,2013,"WVGAV7AX9DW5","W","V","G","A","V","7","A","X","9","D","W","5",0,0,0,"000000000","00000000000",0,0,0,1,0,0,0,0,0,0,0,998,0,0,0,12,6,2,12,0,0,0,1,48,75961,6,1,0,0,3,3,999,999,0,0,0,0,0,0,0,0,0,0,0,0,0,0,0,0,0,0,0,0,0,0,0,98,19,99,1,7,86,"777777777777","777777777777","777777777777",0,0
48,482180,1,1,1,26,8,4,7,14,0,1,0,48,0,12,481,12481,31,2007,"1FTRW12W47KD","1","F","T","R","W","1","2","W","4","7","K","D",0,0,0,"000000000","00000000000",0,0,0,1,0,0,0,0,0,0,0,998,0,1,5,11,6,2,1,0,0,0,1,48,75228,6,1,7,0,3,3,999,999,0,0,0,0,0,0,0,0,0,0,82,0,0,0,1,2,30,1,1,8,1,0,0,1,6,99,2,4,11,"777777777777","777777777777","777777777777",1,0
48,482181,1,1,1,27,8,4,20,8,0,1,0,48,1,7,482,7482,31,2009,"1D3HV13T09S7","1","D","3","H","V","1","3","T","0","9","S","7",0,0,0,"000000000","00000000000",0,0,0,1,0,0,0,0,0,0,0,998,0,0,0,12,2,3,8,0,0,0,1,22,71449,6,1,0,0,3,3,72,260,0,0,0,0,0,0,0,0,0,0,0,0,0,0,5,5,45,1,1,2,1,0,0,1,80,1,1,1,13,"777777777777","777777777777","777777777777",0,0
48,482182,1,2,1,27,8,11,34,12,6,1,0,48,1,85,881,85881,63,2002,"1XKDDT9X12J8","1","X","K","D","D","T","9","X","1","2","J","8",0,0,57,"2872995","572872995",3,1,4,1,0,0,0,0,0,0,0,998,0,0,0,12,6,2,12,0,0,0,1,48,77099,6,1,6,0,3,0,999,999,0,0,0,0,0,0,0,0,0,0,39,0,0,0,4,3,45,1,1,1,1,3,3,1,17,99,1,1,88,"777777777777","777777777777","777777777777",0,0
48,482182,2,2,1,27,8,11,34,12,6,1,0,48,1,20,481,20481,31,1996,"1GCEC19M5TE2","1","G","C","E","C","1","9","M","5","T","E","2",0,0,0,"000000000","00000000000",0,0,0,1,0,0,0,0,0,0,0,998,0,0,0,9,6,2,12,0,0,0,1,48,77571,6,1,6,0,3,0,999,999,1,0,0,0,0,7,2014,7,2014,0,0,0,0,0,1,4,45,1,1,8,1,3,3,1,66,99,1,1,89,"777777777777","777777777777","777777777777",1,0
48,482183,1,1,1,28,8,5,45,1,0,1,0,48,1,12,481,12481,31,1998,"1FTZF172XWKB","1","F","T","Z","F","1","7","2","X","W","K","B",0,0,0,"000000000","00000000000",0,0,0,1,0,0,0,0,0,0,0,998,0,1,1,0,6,2,1,0,0,0,1,48,76273,6,1,0,0,3,0,999,999,1,0,0,1,0,6,2012,9,2012,0,0,0,0,0,1,2,55,1,2,8,1,0,0,1,12,7,3,6,98,"777777777777","777777777777","777777777777",1,0
48,482184,1,2,1,28,8,5,6,46,0,1,0,48,1,20,481,20481,31,2011,"3GCPCSE08BG2","3","G","C","P","C","S","E","0","8","B","G","2",0,0,0,"000000000","00000000000",0,0,0,1,0,0,0,0,0,0,0,998,0,1,1,12,6,2,1,0,0,0,1,48,75227,0,0,0,0,0,0,999,999,0,3,0,0,3,3,2014,3,2016,0,0,0,0,0,2,4,35,2,2,8,1,23,3,14,12,99,1,4,6,"777777777777","777777777777","777777777777",1,1
48,482184,2,2,1,28,8,5,6,46,0,1,0,48,1,42,401,42401,14,2005,"4JGAB57E05A5","4","J","G","A","B","5","7","E","0","5","A","5",0,0,0,"000000000","00000000000",0,0,0,1,0,0,0,0,0,0,0,998,0,0,0,12,4,5,12,0,0,0,1,35,75228,6,1,0,0,3,0,63,155,98,0,0,1,0,10,2011,10,2011,0,0,0,0,0,2,3,35,3,2,8,1,23,3,14,62,99,1,1,98,"777777777777","777777777777","777777777777",0,0
48,482185,1,1,1,28,8,15,44,33,0,1,0,48,1,20,2,20002,4,2008,"2G1WB58K9812","2","G","1","W","B","5","8","K","9","8","1","2",0,0,0,"000000000","00000000000",0,0,0,1,0,0,0,0,0,0,0,998,0,0,0,11,2,3,33,0,0,0,1,48,77088,6,1,0,0,3,3,999,999,0,3,0,1,1,6,2015,6,2016,0,0,0,0,0,2,2,35,1,1,1,1,0,0,1,13,99,1,4,6,"777777777777","777777777777","777777777777",1,0
48,482186,1,1,1,29,8,2,34,30,0,1,0,48,1,35,47,35047,4,2006,"1N4AL11DX6N3","1","N","4","A","L","1","1","D","X","6","N","3",0,0,0,"000000000","00000000000",0,0,0,1,0,0,0,0,0,0,0,998,0,1,3,12,6,2,1,0,0,0,1,48,78242,6,1,0,0,3,0,999,999,0,0,0,0,0,0,0,0,0,4,0,0,0,0,3,2,70,1,1,8,1,0,0,15,12,99,1,4,6,"777777777777","777777777777","777777777777",1,0
48,482187,1,1,1,29,8,0,55,24,0,1,0,48,2,20,2,20002,4,2011,"2G1WF5EK4B11","2","G","1","W","F","5","E","K","4","B","1","1",0,0,0,"000000000","00000000000",0,0,0,1,0,0,0,0,0,0,0,998,0,0,0,98,6,2,24,0,0,0,1,48,76112,0,0,0,0,0,0,999,999,0,1,0,0,0,1,2016,1,2016,0,0,0,0,0,1,2,30,1,1,8,1,0,0,1,9,99,9,4,2,"777777777777","777777777777","777777777777",1,0
48,482188,1,1,1,30,8,6,5,1,0,1,0,48,2,35,473,35473,31,2004,"1N6AA06A84N5","1","N","6","A","A","0","6","A","8","4","N","5",0,0,0,"000000000","00000000000",0,0,0,1,0,0,0,0,0,0,0,998,0,2,1,0,6,2,1,0,0,0,1,48,79323,6,1,7,0,3,0,999,999,0,0,0,0,0,0,0,0,0,4,58,0,0,0,1,2,45,1,1,8,1,0,0,1,13,6,4,6,98,"777777777777","777777777777","777777777777",1,1
48,482189,1,2,1,4,6,4,0,12,2,1,0,48,1,63,34,63034,4,2015,"5XXGR4A65FG5","5","X","X","G","R","4","A","6","5","F","G","5",0,0,0,"000000000","00000000000",0,0,0,1,0,0,0,0,0,0,0,998,0,0,0,12,6,2,12,0,0,0,1,48,77578,6,1,0,0,3,0,63,217,0,0,0,1,2,3,2012,5,2014,0,51,0,0,0,3,3,65,1,1,8,2,0,0,1,54,99,1,1,52,"777777777777","777777777777","777777777777",1,1
48,482189,2,2,2,4,6,4,0,12,2,1,0,48,1,7,472,7472,31,2006,"1D7HE48K56S5","1","D","7","H","E","4","8","K","5","6","S","5",0,0,0,"000000000","00000000000",0,0,0,1,0,0,0,0,0,0,0,998,0,0,0,12,6,2,12,0,0,0,1,48,77480,0,0,0,0,0,0,999,999,1,2,0,1,1,10,2011,12,2014,0,0,0,0,0,3,3,65,1,1,8,2,0,0,1,54,6,1,1,52,"777777777777","777777777777","777777777777",0,0
48,482190,1,1,1,11,8,17,6,8,0,1,0,48,2,35,50,35050,5,2009,"3N1BC13E69L3","3","N","1","B","C","1","3","E","6","9","L","3",0,0,0,"000000000","00000000000",0,0,0,1,0,0,0,0,0,0,0,998,0,0,0,11,2,3,8,0,0,0,1,48,77091,6,1,0,0,3,0,999,999,0,0,0,0,0,0,0,0,0,0,0,0,0,0,1,2,35,1,1,1,1,20,3,11,80,99,1,1,13,"777777777777","777777777777","777777777777",0,0
48,482191,1,1,1,11,8,19,52,25,0,1,0,48,2,22,22,22022,4,2008,"1G2ZG57B5841","1","G","2","Z","G","5","7","B","5","8","4","1",0,0,0,"000000000","00000000000",0,0,0,1,0,0,0,0,0,0,0,998,0,0,0,12,6,2,25,0,0,0,1,48,78043,0,0,0,0,0,0,999,999,0,0,0,0,0,0,0,0,0,5,0,0,0,0,3,3,65,1,2,8,1,0,0,17,12,6,9,4,6,"777777777777","777777777777","777777777777",1,1
48,482192,1,5,1,15,8,14,5,12,1,1,0,48,1,2,403,2403,14,2016,"1C4BJWFG9GL1","1","C","4","B","J","W","F","G","9","G","L","1",0,0,0,"000000000","00000000000",0,0,0,1,0,0,0,0,0,0,0,998,0,0,0,6,2,3,12,0,0,0,1,48,77340,6,1,0,0,3,3,999,999,0,0,0,0,0,0,0,0,0,0,0,0,0,0,3,2,75,1,1,8,2,0,0,2,53,99,1,1,29,"777777777777","777777777777","777777777777",0,0
48,482192,2,5,1,15,8,14,5,12,1,1,0,48,3,62,404,62404,14,2016,"SALVP2BG8GH0","S","A","L","V","P","2","B","G","8","G","H","0",0,0,0,"000000000","00000000000",0,0,0,1,0,0,0,0,0,0,0,998,0,0,0,12,2,3,12,0,0,0,1,48,75070,6,1,0,0,3,3,999,999,1,0,0,0,0,10,2013,10,2013,5,0,0,0,0,3,2,75,1,1,8,2,0,0,1,52,99,9,1,28,"777777777777","777777777777","777777777777",0,0
48,482192,3,5,3,15,8,14,5,12,1,1,0,48,2,59,35,59035,4,2008,"JTHBK2624850","J","T","H","B","K","2","6","2","4","8","5","0",0,0,0,"000000000","00000000000",0,0,0,1,0,0,0,0,0,0,0,998,0,0,0,6,2,3,12,0,0,0,1,48,77009,6,1,0,0,3,3,999,999,0,0,0,0,0,0,0,0,0,5,0,0,0,0,3,2,75,1,1,8,2,0,0,2,53,99,1,1,98,"777777777777","777777777777","777777777777",0,0
48,482192,4,5,3,15,8,14,5,12,1,1,0,48,2,49,32,49032,4,2010,"1NXBU4EE4AZ3","1","N","X","B","U","4","E","E","4","A","Z","3",0,0,0,"000000000","00000000000",0,0,0,1,0,0,0,0,0,0,0,998,0,0,0,12,6,2,12,0,0,0,1,48,75022,6,1,0,0,3,3,999,999,0,0,0,0,0,0,0,0,0,5,0,0,0,0,3,2,75,1,1,8,2,0,0,1,52,99,9,1,98,"777777777777","777777777777","777777777777",2,0
48,482192,5,5,3,15,8,14,5,12,1,1,0,48,2,23,401,23401,14,2005,"1GKES16SX561","1","G","K","E","S","1","6","S","X","5","6","1",0,0,0,"000000000","00000000000",0,0,0,1,0,0,0,0,0,0,0,998,0,0,0,12,2,3,12,0,0,0,1,48,77078,6,1,0,0,3,3,999,999,0,0,0,0,0,0,0,0,0,5,0,0,0,0,3,2,75,1,1,8,2,0,0,1,50,99,1,1,98,"777777777777","777777777777","777777777777",0,0
48,482193,1,2,1,17,8,12,6,12,2,1,0,48,3,12,481,12481,31,2016,"1FTEW1C87GKE","1","F","T","E","W","1","C","8","7","G","K","E",0,0,0,"000000000","00000000000",0,0,0,1,0,0,0,0,0,0,0,998,0,0,0,12,6,2,12,0,0,0,1,48,75078,6,1,0,0,3,3,999,999,0,0,0,0,0,0,0,0,0,0,0,0,0,0,1,2,75,2,1,8,1,28,3,14,54,7,1,4,52,"777777777777","777777777777","777777777777",1,0
48,482193,2,2,1,17,8,12,6,12,2,1,0,48,3,86,881,86881,66,2006,"1M2AG11Y06M0","1","M","2","A","G","1","1","Y","0","6","M","0",1,1,57,"496970","57496970",3,6,2,1,0,0,0,0,0,0,0,998,0,0,0,12,6,2,12,0,0,0,1,48,79930,6,1,6,1,3,0,999,999,0,0,0,1,1,4,2014,8,2015,0,33,0,0,0,1,2,75,3,1,8,1,28,3,6,54,6,1,4,52,"1UNST4221CL1","777777777777","777777777777",0,0
48,482194,1,1,2,21,8,2,14,25,0,1,0,48,2,37,402,37402,14,2008,"JHLRE38788C0","J","H","L","R","E","3","8","7","8","8","C","0",0,0,0,"000000000","00000000000",0,0,0,1,0,0,0,0,0,0,0,998,0,1,2,12,6,2,25,0,0,0,1,48,78520,0,0,0,0,0,0,999,999,0,0,0,0,0,0,0,0,0,0,0,0,0,0,3,2,60,1,1,8,1,0,0,1,13,99,9,4,1,"777777777777","777777777777","777777777777",1,0
48,482195,1,1,3,21,8,3,43,1,0,1,0,48,0,35,472,35472,30,2003,"5N1ED28T03C6","5","N","1","E","D","2","8","T","0","3","C","6",0,0,0,"000000000","00000000000",0,0,0,1,0,0,0,0,0,0,0,998,0,9,3,0,6,2,1,0,0,0,1,48,79904,1,1,0,0,2,0,999,999,0,2,0,0,0,7,2012,11,2013,0,0,0,0,0,2,2,80,2,2,8,1,0,0,14,12,7,3,4,6,"777777777777","777777777777","777777777777",1,0
48,482196,1,2,2,22,8,1,55,1,0,1,0,48,4,49,402,49402,14,2015,"JTMWFREV7FD0","J","T","M","W","F","R","E","V","7","F","D","0",0,0,0,"000000000","00000000000",0,0,0,1,0,0,0,0,0,0,0,998,0,0,0,9,6,2,54,0,0,0,1,48,78840,6,1,0,0,3,0,999,999,0,0,0,1,0,1,2016,1,2016,0,0,0,0,0,1,2,70,2,1,8,1,0,0,14,98,99,9,9,98,"777777777777","777777777777","777777777777",0,0
48,482196,2,2,2,22,8,1,55,1,0,1,0,18,3,82,881,82881,66,2015,"3AKJGLD51FSG","3","A","K","J","G","L","D","5","1","F","S","G",1,1,57,"814459","57814459",3,6,1,2,2,499,1,2,0,0,0,998,0,1,5,0,8,2,2,0,0,1,1,13,30241,6,1,6,1,3,0,73,195,98,0,0,0,1,5,2013,5,2013,0,0,0,0,0,1,2,70,2,1,8,1,0,0,14,12,99,9,4,6,"1GRAA0629WB0","777777777777","777777777777",0,0
48,482197,1,1,1,24,8,17,4,52,0,1,0,48,1,12,481,12481,31,2012,"1FT7W2BT3CEB","1","F","T","7","W","2","B","T","3","C","E","B",0,0,0,"000000000","00000000000",0,0,0,1,0,0,0,0,0,0,0,998,0,1,5,98,6,2,1,0,0,0,1,48,76802,6,1,6,0,3,1,999,999,0,0,0,2,2,11,2011,10,2012,0,0,0,0,0,1,2,55,1,1,2,1,0,0,1,13,99,1,4,1,"777777777777","777777777777","777777777777",1,1
48,482198,1,2,1,25,8,0,0,43,0,1,0,93,0,84,884,84884,66,2013,"3HSDJSJR5DN2","3","H","S","D","J","S","J","R","5","D","N","2",1,1,57,"11237","5711237",3,6,1,1,0,0,0,0,0,0,0,998,0,0,0,14,8,2,12,0,0,0,1,48,75044,6,1,6,0,3,0,999,999,0,0,0,0,0,0,0,0,0,0,0,0,0,0,3,2,70,1,2,8,1,0,0,1,74,99,1,1,98,"1GRAA06264D4","777777777777","777777777777",0,0
48,482198,2,2,1,25,8,0,0,43,0,1,0,48,1,12,3,12003,2,2006,"1ZVFT82H6651","1","Z","V","F","T","8","2","H","6","6","5","1",0,0,0,"000000000","00000000000",0,0,0,1,0,0,0,0,0,0,0,998,0,0,0,98,6,2,12,0,0,0,1,48,75034,6,1,0,0,3,3,999,999,1,0,0,0,0,9,2012,9,2012,0,0,0,0,0,6,1,99,1,2,8,1,0,0,16,19,6,9,9,4,"777777777777","777777777777","777777777777",1,0
48,482199,1,2,1,25,8,12,25,12,2,1,0,48,3,12,880,12880,67,2012,"1FD8X3FT8CEC","1","F","D","8","X","3","F","T","8","C","E","C",0,0,99,"999999999","99999999999",2,1,97,1,0,0,0,0,0,0,0,998,0,1,1,12,6,2,12,0,0,0,1,48,79735,6,1,0,0,3,0,999,999,0,0,0,0,0,0,0,0,0,0,51,91,0,0,1,2,75,1,1,8,1,0,0,1,10,99,1,2,50,"777777777777","777777777777","777777777777",0,0
48,482199,2,2,2,25,8,12,25,12,2,1,0,48,1,49,40,49040,4,2014,"4T1BD1FK9EU1","4","T","1","B","D","1","F","K","9","E","U","1",0,0,0,"000000000","00000000000",0,0,0,1,0,0,0,0,0,0,0,998,0,1,1,12,6,2,12,0,0,0,1,48,79830,6,1,0,0,3,3,999,999,0,0,0,0,0,0,0,0,0,0,0,0,0,0,1,2,75,1,1,8,1,0,0,1,62,7,1,1,51,"777777777777","777777777777","777777777777",2,0
48,482200,1,2,1,26,8,10,33,12,2,1,0,48,2,35,443,35443,20,2005,"5N1BV28U95N1","5","N","1","B","V","2","8","U","9","5","N","1",0,0,0,"000000000","00000000000",0,0,0,1,0,0,0,0,0,0,0,998,0,0,0,12,6,2,12,0,0,1,1,48,78109,2,1,0,0,2,3,999,999,0,0,0,0,0,0,0,0,0,0,51,0,0,0,1,2,55,1,1,8,1,0,0,1,10,99,1,2,50,"777777777777","777777777777","777777777777",1,0
48,482200,2,2,1,26,8,10,33,12,2,1,0,93,3,85,881,85881,66,2015,"1XKDD49XXFJ4","1","X","K","D","D","4","9","X","X","F","J","4",1,1,57,"2330219","572330219",3,6,2,1,0,0,0,0,0,0,0,998,0,0,0,12,6,2,12,0,0,0,1,48,78154,6,1,6,1,3,0,999,999,0,0,0,0,0,0,0,0,0,0,0,0,0,0,1,2,55,1,1,8,1,0,0,1,62,7,1,1,51,"1G9VT4027DH0","777777777777","777777777777",0,0
48,482201,1,1,1,26,8,10,22,42,0,1,0,48,1,37,32,37032,4,2002,"1HGCG56602A0","1","H","G","C","G","5","6","6","0","2","A","0",0,0,0,"000000000","00000000000",0,0,0,1,0,0,0,0,0,0,0,998,0,1,6,98,6,2,1,0,0,0,1,48,78163,6,1,0,0,3,3,999,999,0,0,0,0,0,0,0,0,0,4,28,0,0,0,1,2,55,1,2,8,1,0,0,1,12,99,1,4,6,"777777777777","777777777777","777777777777",1,0
48,482202,1,1,1,26,8,21,2,8,0,1,0,48,2,7,472,7472,31,2006,"1D7HE48K86S6","1","D","7","H","E","4","8","K","8","6","S","6",0,0,0,"000000000","00000000000",0,0,0,1,0,0,0,0,0,0,0,998,0,0,0,12,2,3,8,32,0,0,1,48,78247,6,1,0,0,3,3,999,999,0,0,0,0,0,0,0,0,0,0,0,0,0,0,1,7,45,1,1,8,1,0,0,1,80,16,1,1,13,"777777777777","777777777777","777777777777",0,0
48,482203,1,2,1,26,8,9,12,12,6,1,0,48,1,13,1,13001,4,1997,"1LNLM82WXVY7","1","L","N","L","M","8","2","W","X","V","Y","7",0,0,0,"000000000","00000000000",0,0,0,1,0,0,0,0,0,0,0,998,0,1,5,81,6,2,12,0,0,0,1,48,79714,6,1,0,0,3,3,999,999,0,0,0,0,0,0,0,0,0,0,39,0,0,0,1,2,98,1,8,8,1,20,3,1,17,99,1,1,87,"777777777777","777777777777","777777777777",1,0
48,482203,2,2,3,26,8,9,12,12,6,1,0,48,2,35,421,35421,15,2009,"5N1AA08C29N6","5","N","1","A","A","0","8","C","2","9","N","6",0,0,0,"000000000","00000000000",0,0,0,1,0,0,0,0,0,0,0,998,0,0,0,12,6,2,12,0,0,0,1,48,79761,1,1,0,0,2,0,999,999,0,3,1,0,0,9,2015,1,2016,0,0,0,0,0,2,3,75,1,1,8,1,0,0,1,66,99,1,1,86,"777777777777","777777777777","777777777777",0,0
48,482204,1,2,1,26,8,23,30,1,0,1,0,48,0,76,705,76705,80,2004,"JYARJ08E94A0","J","Y","A","R","J","0","8","E","9","4","A","0",0,0,0,"000000000","00000000000",0,0,0,1,0,0,0,0,0,0,0,998,0,0,0,0,6,2,1,0,0,0,1,48,77506,0,0,0,0,0,0,999,999,0,0,0,0,0,0,0,0,0,4,0,0,0,0,1,4,35,1,1,8,2,0,0,1,6,99,2,2,98,"777777777777","777777777777","777777777777",1,0
48,482204,2,2,1,26,8,23,30,1,0,1,0,48,2,37,32,37032,4,2013,"1HGCR2F5XDA2","1","H","G","C","R","2","F","5","X","D","A","2",0,0,0,"000000000","00000000000",0,0,0,1,0,0,0,0,0,0,0,998,0,0,0,12,4,5,12,0,0,0,1,48,77502,0,0,0,0,0,0,999,999,0,0,0,0,0,0,0,0,0,0,0,0,0,0,1,2,98,1,8,8,2,0,0,11,62,99,1,1,98,"777777777777","777777777777","777777777777",0,0
48,482205,1,1,2,26,8,20,23,1,0,1,0,48,2,7,482,7482,31,2012,"3C6UD5NL0CG1","3","C","6","U","D","5","N","L","0","C","G","1",0,0,0,"000000000","00000000000",0,0,0,1,0,0,0,0,0,0,0,998,0,1,1,0,6,2,1,0,0,0,1,48,79124,3,1,0,0,2,3,999,999,0,1,0,1,0,3,2012,8,2014,0,58,0,0,0,1,2,60,2,1,8,1,0,0,14,12,7,3,6,98,"777777777777","777777777777","777777777777",1,1
48,482206,1,1,1,26,8,7,57,30,0,1,0,48,1,14,6,14006,4,2000,"2MEFM75W9YX6","2","M","E","F","M","7","5","W","9","Y","X","6",0,0,0,"000000000","00000000000",0,0,0,1,0,0,0,0,0,0,0,998,0,1,5,9,6,2,1,0,0,0,1,48,75770,6,1,0,0,3,0,999,999,0,0,0,0,0,0,0,0,0,0,58,85,0,0,5,5,70,1,1,8,1,0,0,1,51,7,4,4,1,"777777777777","777777777777","777777777777",1,0
48,482207,1,2,4,27,8,7,50,12,9,1,0,48,1,7,24,7024,4,2010,"2B3CA3CV1AH2","2","B","3","C","A","3","C","V","1","A","H","2",0,0,0,"000000000","00000000000",0,0,0,1,0,0,0,0,0,0,0,998,0,0,0,61,6,2,12,0,0,0,1,48,77014,6,1,0,0,3,0,999,999,0,2,0,0,1,2,2013,10,2015,5,0,0,0,0,3,4,65,1,1,8,1,0,0,15,52,99,1,2,32,"777777777777","777777777777","777777777777",1,0
48,482207,2,2,1,27,8,7,50,12,9,1,0,48,3,84,884,84884,64,2007,"1HTMMAAL27H3","1","H","T","M","M","A","A","L","2","7","H","3",0,0,57,"2123680","572123680",2,1,96,1,0,0,0,0,0,0,0,998,0,0,0,6,6,2,12,0,0,0,1,48,77385,6,1,0,0,3,0,999,999,0,0,0,0,0,0,0,0,0,0,0,0,0,0,3,4,65,1,1,8,1,0,0,2,53,99,1,1,32,"777777777777","777777777777","777777777777",0,0
48,482208,1,2,3,27,8,20,17,12,2,1,0,48,1,20,22,20022,4,2005,"1G1AL52F4575","1","G","1","A","L","5","2","F","4","5","7","5",0,0,0,"000000000","00000000000",0,0,0,1,0,0,0,0,0,0,0,998,0,0,0,12,6,2,12,0,0,0,1,48,77801,0,0,0,0,0,0,999,999,0,0,0,0,0,0,0,0,0,0,51,0,0,0,1,2,70,1,1,8,1,0,0,1,10,99,1,2,50,"777777777777","777777777777","777777777777",1,0