"STATE","ST_CASE","VEH_NO","VE_FORMS","NUMOCCS","DAY","MONTH","HOUR","MINUTE","HARM_EV","MAN_COLL","UNITTYPE","HIT_RUN","REG_STAT","OWNER","MAKE","MODEL","MAK_MOD","BODY_TYP","MOD_YEAR","VIN","VIN_1","VIN_2","VIN_3","VIN_4","VIN_5","VIN_6","VIN_7","VIN_8","VIN_9","VIN_10","VIN_11","VIN_12","TOW_VEH","J_KNIFE","MCARR_I1","MCARR_I2","MCARR_ID","GVWR","V_CONFIG","CARGO_BT","HAZ_INV","HAZ_PLAC","HAZ_ID","HAZ_CNO","HAZ_REL","BUS_USE","SPEC_USE","EMER_USE","TRAV_SP","UNDERIDE","ROLLOVER","ROLINLOC","IMPACT1","DEFORMED","TOWED","M_HARM","VEH_SC1","VEH_SC2","FIRE_EXP","DR_PRES","L_STATE","DR_ZIP","L_STATUS","L_TYPE","CDL_STAT","L_ENDORS","L_COMPL","L_RESTRI","DR_HGT","DR_WGT","PREV_ACC","PREV_SUS","PREV_DWI","PREV_SPD","PREV_OTH","FIRST_MO","FIRST_YR","LAST_MO","LAST_YR","SPEEDREL","DR_SF1","DR_SF2","DR_SF3","DR_SF4","VTRAFWAY","VNUM_LAN","VSPD_LIM","VALIGN","VPROFILE","VPAVETYP","VSURCOND","VTRAFCON","VTCONT_F","P_CRASH1","P_CRASH2","P_CRASH3","PCRASH4","PCRASH5","ACC_TYPE","TRLR1VIN","TRLR2VIN","TRLR3VIN","DEATHS","DR_DRINK"
48,482208,2,2,3,27,8,20,17,12,2,1,0,48,3,55,35,55035,5,2016,"KMHD35LH0GU2","K","M","H","D","3","5","L","H","0","G","U","2",0,0,0,"000000000","00000000000",0,0,0,1,0,0,0,0,0,0,0,998,0,1,5,12,6,2,12,0,0,0,1,36,11373,6,1,0,0,3,0,68,999,0,0,0,0,0,0,0,0,0,0,0,0,0,0,1,2,70,1,1,8,1,0,0,1,62,99,1,1,51,"777777777777","777777777777","777777777777",2,0
48,482209,1,1,99,27,8,1,25,8,0,1,1,99,9,99,999,99999,99,9999,"999999999999","9","9","9","9","9","9","9","9","9","9","9","9",0,0,0,"000000000","00000000000",0,0,0,1,0,0,0,0,0,0,0,998,0,0,0,98,9,5,8,99,99,0,1,99,99999,9,9,99,9,9,9,999,999,99,99,99,99,99,99,9999,99,9999,0,0,0,0,0,5,5,70,1,2,8,1,0,0,1,80,99,1,1,13,"777777777777","777777777777","777777777777",0,0
48,482210,1,2,2,28,8,15,20,12,6,1,0,48,1,24,1,24001,4,1995,"1G8ZH5284SZ2","1","G","8","Z","H","5","2","8","4","S","Z","2",0,0,0,"000000000","00000000000",0,0,0,1,0,0,0,0,0,0,0,998,0,0,0,3,6,2,12,0,0,0,1,48,78216,6,1,0,0,3,3,999,999,0,0,0,1,1,9,2011,3,2016,0,0,0,0,0,3,2,60,1,2,8,1,0,0,10,16,99,1,2,84,"777777777777","777777777777","777777777777",1,0
48,482210,2,2,1,28,8,15,20,12,6,1,0,48,1,34,47,34047,2,2016,"WBA3R1C59GK7","W","B","A","3","R","1","C","5","9","G","K","7",0,0,0,"000000000","00000000000",0,0,0,1,0,0,0,0,0,0,0,998,0,0,0,12,6,2,12,0,0,0,1,48,78216,6,1,0,0,3,0,999,999,0,0,0,0,0,0,0,0,0,0,0,0,0,0,6,1,60,8,8,8,1,0,0,1,60,99,1,1,84,"777777777777","777777777777","777777777777",0,0
48,482211,1,1,2,28,8,13,45,24,0,1,0,48,1,20,4,20004,2,2010,"1G1YN2DT5A58","1","G","1","Y","N","2","D","T","5","A","5","8",0,0,0,"000000000","00000000000",0,0,0,1,0,0,0,0,0,0,0,998,0,0,0,81,6,2,24,0,0,0,1,12,78108,6,1,0,0,3,0,72,999,0,0,0,0,0,0,0,0,0,4,0,0,0,0,1,2,45,1,1,8,1,0,0,1,13,99,1,4,1,"777777777777","777777777777","777777777777",2,1
48,482212,1,1,3,28,8,20,15,34,0,1,0,6,1,55,35,55035,4,2010,"KMHDU4AD0AU9","K","M","H","D","U","4","A","D","0","A","U","9",0,0,0,"000000000","00000000000",0,0,0,1,0,0,0,0,0,0,0,998,0,1,5,98,6,2,1,0,0,0,1,48,79928,6,1,0,0,3,0,999,999,0,0,0,0,0,0,0,0,0,5,91,0,0,0,1,2,30,1,1,8,2,0,0,1,6,99,3,4,2,"777777777777","777777777777","777777777777",1,1
48,482213,1,2,1,29,8,6,36,12,2,1,0,5,1,12,481,12481,31,2016,"1FT7W2BT6GEA","1","F","T","7","W","2","B","T","6","G","E","A",0,0,0,"000000000","00000000000",0,0,0,1,0,0,0,0,0,0,0,998,0,1,5,12,6,2,12,0,0,0,1,48,71854,6,1,0,0,3,0,999,999,0,3,0,7,0,9,2011,6,2016,0,38,48,89,0,5,5,40,1,1,8,1,3,3,11,15,99,1,1,68,"777777777777","777777777777","777777777777",0,0
48,482213,2,2,1,29,8,6,36,12,2,1,0,5,1,12,3,12003,2,1993,"1FACP41M9PF1","1","F","A","C","P","4","1","M","9","P","F","1",0,0,0,"000000000","00000000000",0,0,0,1,0,0,0,0,0,0,0,998,0,0,0,12,6,2,12,0,0,0,1,5,75501,6,1,0,0,3,0,66,180,0,1,1,0,0,7,2015,7,2016,0,39,0,0,0,5,5,40,1,1,8,1,3,3,1,62,99,1,1,69,"777777777777","777777777777","777777777777",1,0
48,482214,1,1,3,30,8,1,37,8,0,1,0,48,1,12,32,12032,4,2015,"3FADP4AJ5FM2","3","F","A","D","P","4","A","J","5","F","M","2",0,0,0,"000000000","00000000000",0,0,0,1,0,0,0,0,0,0,0,998,0,0,0,12,2,5,8,0,0,0,1,48,78602,6,1,0,0,3,0,999,999,0,0,0,0,0,0,0,0,0,0,0,0,0,0,3,2,75,2,2,8,1,0,0,14,80,6,1,1,13,"777777777777","777777777777","777777777777",0,0
48,482215,1,2,1,30,8,19,43,12,11,1,0,48,1,73,705,73705,80,2008,"JKAZX4P128A0","J","K","A","Z","X","4","P","1","2","8","A","0",0,0,0,"000000000","00000000000",0,0,0,1,0,0,0,0,0,0,0,998,0,0,0,12,8,2,12,0,0,0,1,48,78247,6,1,0,0,3,0,999,999,0,0,0,0,0,0,0,0,0,4,0,0,0,0,1,3,55,1,1,8,1,0,0,3,50,1,1,1,32,"777777777777","777777777777","777777777777",1,0
48,482215,2,2,2,30,8,19,43,12,11,1,0,48,1,12,880,12880,67,2016,"1FT8W3BT7GEB","1","F","T","8","W","3","B","T","7","G","E","B",0,0,88,"888888888","88888888888",2,1,96,1,0,0,0,0,0,0,0,0,0,0,0,14,8,5,12,0,0,0,1,48,78132,6,1,0,0,3,0,999,999,0,0,0,0,0,0,0,0,0,0,0,0,0,0,1,3,55,1,1,8,1,0,0,5,53,1,1,1,32,"777777777777","777777777777","777777777777",0,0
48,482216,1,2,1,30,8,17,5,12,1,1,0,48,1,7,482,7482,31,2015,"3C6UR5CL1FG5","3","C","6","U","R","5","C","L","1","F","G","5",0,0,0,"000000000","00000000000",0,0,0,1,0,0,0,0,0,0,0,998,0,0,0,12,6,2,12,0,0,0,1,48,75462,6,1,0,0,3,0,999,999,0,0,0,0,0,0,0,0,0,0,0,0,0,0,2,2,75,1,1,8,1,0,0,1,50,99,1,1,20,"777777777777","777777777777","777777777777",0,0
48,482216,2,2,1,30,8,17,5,12,1,1,0,48,2,41,35,41035,4,2000,"JM1BJ2222Y02","J","M","1","B","J","2","2","2","2","Y","0","2",0,0,0,"000000000","00000000000",0,0,0,1,0,0,0,0,0,0,0,0,0,0,0,6,6,2,12,0,0,0,1,48,75076,1,1,0,0,2,0,999,999,0,4,0,1,0,8,2013,2,2016,0,0,0,0,0,2,2,75,1,1,8,1,0,0,5,53,1,1,1,21,"777777777777","777777777777","777777777777",1,0
48,482217,1,1,1,31,8,7,3,8,0,1,0,48,3,12,481,12481,31,2015,"1FT7X2B60FEB","1","F","T","7","X","2","B","6","0","F","E","B",0,0,0,"000000000","00000000000",0,0,0,1,0,0,0,0,0,0,0,998,0,0,0,12,6,2,8,0,0,0,1,48,78118,6,1,0,0,3,0,999,999,0,0,0,1,0,8,2016,8,2016,0,0,0,0,0,1,2,70,1,1,8,1,0,0,1,80,99,1,1,13,"777777777777","777777777777","777777777777",0,0
48,482218,1,1,1,31,8,5,5,8,0,1,0,48,1,23,481,23481,31,2001,"2GTEC19T4113","2","G","T","E","C","1","9","T","4","1","1","3",0,0,0,"000000000","00000000000",0,0,0,1,0,0,0,0,0,0,0,998,0,0,0,12,2,3,8,0,0,0,1,48,77064,6,1,0,0,3,0,999,999,0,0,0,0,0,0,0,0,0,0,0,0,0,0,3,6,65,1,1,8,1,0,0,1,80,99,1,1,13,"777777777777","777777777777","777777777777",0,0
48,482219,1,1,1,31,8,21,25,38,0,1,0,48,1,20,9,20009,2,1994,"2G1FP22P5R22","2","G","1","F","P","2","2","P","5","R","2","2",0,0,0,"000000000","00000000000",0,0,0,1,0,0,0,0,0,0,0,998,0,0,0,12,6,2,38,0,0,0,1,48,77359,6,1,0,0,3,3,999,999,0,0,0,0,0,0,0,0,0,4,58,0,0,0,1,2,30,2,2,8,1,0,0,14,6,6,2,4,7,"777777777777","777777777777","777777777777",1,0
48,482220,1,1,1,1,9,17,8,32,0,1,0,48,1,12,481,12481,31,2008,"1FTPX12V48KD","1","F","T","P","X","1","2","V","4","8","K","D",0,0,0,"000000000","00000000000",0,0,0,1,0,0,0,0,0,0,0,998,0,1,3,81,6,2,1,0,0,0,1,48,75189,6,1,0,0,3,0,999,999,0,0,0,0,0,0,0,0,0,5,99,99,99,99,2,2,75,1,1,2,2,0,0,1,9,99,2,4,10,"777777777777","777777777777","777777777777",1,0
48,482221,1,2,1,1,9,14,38,12,1,1,0,48,1,59,34,59034,4,2013,"JTHCE1BL1D50","J","T","H","C","E","1","B","L","1","D","5","0",0,0,0,"000000000","00000000000",0,0,0,1,0,0,0,0,0,0,0,998,0,0,0,12,6,2,12,0,0,0,1,48,79102,6,1,0,0,3,0,999,999,0,0,0,0,0,0,0,0,0,5,0,0,0,0,5,5,40,1,1,8,1,3,3,15,50,99,1,2,32,"777777777777","777777777777","777777777777",1,0
48,482221,2,2,1,1,9,14,38,12,1,1,0,48,3,84,884,84884,64,2012,"1HTMMAAL0CH5","1","H","T","M","M","A","A","L","0","C","H","5",0,0,99,"999999999","99999999999",2,1,98,1,0,0,0,0,0,0,0,0,0,0,0,6,2,5,12,0,0,0,1,48,79118,6,1,6,0,3,3,999,999,0,5,0,0,0,12,2013,11,2014,0,0,0,0,0,5,5,40,1,1,8,1,3,3,5,61,1,1,1,32,"777777777777","777777777777","777777777777",0,0
48,482222,1,1,1,1,9,1,0,21,0,1,0,48,1,20,481,20481,31,2000,"1GCEC19WXYZ2","1","G","C","E","C","1","9","W","X","Y","Z","2",0,0,0,"000000000","00000000000",0,0,0,1,0,0,0,0,0,0,0,998,0,0,0,9,6,2,21,0,0,0,1,48,76126,6,1,0,0,3,0,999,999,1,0,0,1,2,5,2014,5,2016,0,99,99,99,99,4,2,35,1,1,8,2,0,0,1,9,99,9,4,6,"777777777777","777777777777","777777777777",1,0
48,482223,1,1,1,2,9,4,10,8,0,1,0,48,0,12,481,12481,31,2007,"1FTPW14V17FA","1","F","T","P","W","1","4","V","1","7","F","A",0,0,0,"000000000","00000000000",0,0,0,1,0,0,0,0,0,0,0,998,0,0,0,12,4,5,8,0,0,0,1,48,77521,6,1,0,0,3,0,999,999,0,0,0,0,0,0,0,0,0,0,0,0,0,0,1,4,45,1,1,8,1,0,0,15,80,16,9,1,13,"777777777777","777777777777","777777777777",0,0
48,482224,1,2,1,2,9,16,45,12,1,1,0,48,1,20,481,20481,31,2010,"1GC4KYBG7AF1","1","G","C","4","K","Y","B","G","7","A","F","1",0,0,0,"000000000","00000000000",0,0,0,1,0,0,0,0,0,0,0,998,0,0,0,12,2,3,12,0,0,0,1,48,78934,6,1,0,0,3,0,999,999,0,0,0,0,0,0,0,0,0,0,0,0,0,0,2,2,75,1,2,8,1,0,0,1,51,6,9,1,24,"777777777777","777777777777","777777777777",0,0
48,482224,2,2,1,2,9,16,45,12,1,1,0,48,2,20,481,20481,31,2007,"1GCEK19057Z5","1","G","C","E","K","1","9","0","5","7","Z","5",0,0,0,"000000000","00000000000",0,0,0,1,0,0,0,0,0,0,0,998,0,1,5,6,6,2,12,0,0,0,1,48,77506,6,1,0,0,3,3,999,999,0,0,0,0,0,0,0,0,0,0,0,0,0,0,2,2,75,1,2,8,1,0,0,1,53,99,1,1,25,"777777777777","777777777777","777777777777",1,0
48,482225,1,2,1,2,9,5,50,25,0,1,0,48,2,20,403,20403,14,2008,"1GNDS13S8821","1","G","N","D","S","1","3","S","8","8","2","1",0,0,0,"000000000","00000000000",0,0,0,1,0,0,0,0,0,0,0,998,0,0,0,12,6,2,8,32,0,0,1,48,77077,6,1,0,0,3,0,999,999,0,0,0,0,0,0,0,0,0,0,0,0,0,0,3,2,65,1,3,8,1,0,0,17,90,7,3,4,2,"777777777777","777777777777","777777777777",0,0
48,482225,2,2,0,2,9,5,50,25,0,1,0,48,6,12,880,12880,67,2014,"1FD8X3G66EEB","1","F","D","8","X","3","G","6","6","E","E","B",0,0,99,"999999999","99999999999",2,1,97,1,0,0,0,0,0,0,0,0,0,0,0,6,2,3,12,0,0,0,0,0,99997,7,6,97,7,6,7,998,997,998,998,998,998,998,98,9998,98,9998,8,54,21,0,0,3,2,65,1,3,8,1,0,0,0,53,0,0,0,98,"777777777777","777777777777","777777777777",0,0
48,482226,1,1,2,2,9,2,42,30,0,1,0,48,1,7,28,7028,2,2014,"2C3CDYAG4EH1","2","C","3","C","D","Y","A","G","4","E","H","1",0,0,0,"000000000","00000000000",0,0,0,1,0,0,0,0,0,0,0,998,0,0,0,9,6,2,30,0,0,0,1,42,19063,6,1,0,0,3,0,70,999,0,0,0,0,0,0,0,0,0,5,0,0,0,0,2,3,45,2,1,8,1,0,0,14,6,99,9,4,7,"777777777777","777777777777","777777777777",1,1
48,482227,1,1,1,2,9,22,34,8,0,1,0,48,2,30,40,30040,4,2008,"3VWRM71KX8M0","3","V","W","R","M","7","1","K","X","8","M","0",0,0,0,"000000000","00000000000",0,0,0,1,0,0,0,0,0,0,0,998,0,0,0,12,2,3,8,0,0,0,1,48,76131,6,2,0,0,3,0,999,999,0,0,0,0,0,0,0,0,0,0,0,0,0,0,5,3,45,1,1,8,1,0,0,1,80,99,1,1,13,"777777777777","777777777777","777777777777",0,0
48,482228,1,1,2,3,9,5,3,43,0,1,0,48,2,20,481,20481,31,2008,"2GCEC1305813","2","G","C","E","C","1","3","0","5","8","1","3",0,0,0,"000000000","00000000000",0,0,0,1,0,0,0,0,0,0,0,998,0,1,6,12,6,2,43,0,0,0,1,48,75067,0,0,0,0,0,0,999,999,0,0,0,0,0,0,0,0,0,5,91,0,0,0,1,2,35,3,3,8,1,0,0,14,13,99,9,4,1,"777777777777","777777777777","777777777777",1,1
48,482229,1,2,1,3,9,2,23,12,6,1,1,48,0,20,481,20481,31,2009,"3GCEK23319G2","3","G","C","E","K","2","3","3","1","9","G","2",0,0,0,"000000000","00000000000",0,0,0,1,0,0,0,0,0,0,0,998,0,0,0,12,2,3,12,0,0,0,1,48,77521,6,1,0,0,3,0,999,999,1,3,0,1,3,12,2011,8,2016,0,39,91,0,0,2,3,98,1,1,8,1,3,3,1,17,99,1,1,83,"777777777777","777777777777","777777777777",0,1
48,482229,2,2,2,3,9,2,23,12,6,1,0,48,0,20,9,20009,2,2012,"2G1FK1EJ8C91","2","G","1","F","K","1","E","J","8","C","9","1",0,0,0,"000000000","00000000000",0,0,0,1,0,0,0,0,0,0,0,998,0,0,0,9,6,2,12,0,0,0,1,48,77520,0,0,0,0,0,0,999,999,0,0,0,0,0,0,0,0,0,0,0,0,0,0,5,5,99,1,1,8,1,3,3,11,66,99,1,1,82,"777777777777","777777777777","777777777777",1,0
48,482230,1,1,99,3,9,4,47,8,0,1,1,99,9,99,999,99999,99,9999,"999999999999","9","9","9","9","9","9","9","9","9","9","9","9",0,0,0,"000000000","00000000000",0,0,0,1,0,0,0,0,0,0,0,998,0,0,0,99,9,5,8,0,0,0,1,99,99999,9,9,99,9,9,9,999,999,99,99,99,99,99,99,9999,99,9999,0,99,99,99,99,1,2,40,1,1,2,1,0,0,1,80,99,9,1,13,"777777777777","777777777777","777777777777",0,0
48,482231,1,1,1,3,9,20,56,72,0,1,0,48,1,12,481,12481,31,2009,"1FTPW12V69FB","1","F","T","P","W","1","2","V","6","9","F","B",0,0,0,"000000000","00000000000",0,0,0,1,0,0,0,0,0,0,0,998,0,1,5,0,6,2,1,0,0,0,1,48,75956,1,1,0,0,2,0,999,999,0,1,0,0,2,2,2014,5,2016,0,58,0,0,0,2,2,75,1,1,8,1,0,0,1,13,6,9,4,0,"777777777777","777777777777","777777777777",1,0
48,482232,1,1,1,3,9,16,42,5,0,1,0,48,1,37,706,37706,80,2004,"1HFSC47024A3","1","H","F","S","C","4","7","0","2","4","A","3",0,0,0,"000000000","00000000000",0,0,0,1,0,0,0,0,0,0,0,998,0,0,0,0,8,2,5,32,0,0,1,48,75754,6,1,0,0,3,0,999,999,0,0,0,0,0,0,0,0,0,0,99,99,99,99,1,2,55,3,2,8,1,0,0,14,9,99,9,4,0,"777777777777","777777777777","777777777777",1,0
48,482233,1,2,1,3,9,16,13,12,6,1,0,48,2,52,402,52402,14,2004,"4A4MM21S94E0","4","A","4","M","M","2","1","S","9","4","E","0",0,0,0,"000000000","00000000000",0,0,0,1,0,0,0,0,0,0,0,998,0,0,0,9,6,2,12,0,0,0,1,29,78840,3,1,0,0,2,3,70,200,0,0,0,0,0,0,0,0,0,0,39,0,0,0,1,2,99,1,1,8,1,20,3,11,15,99,1,1,82,"777777777777","777777777777","777777777777",0,0
48,482233,2,2,1,3,9,16,13,12,6,1,0,48,1,73,705,73705,80,2007,"JKAEXEA147A0","J","K","A","E","X","E","A","1","4","7","A","0",0,0,0,"000000000","00000000000",0,0,0,1,0,0,0,0,0,0,0,998,0,0,0,98,8,2,12,0,0,0,1,48,78840,6,1,0,0,3,3,999,999,0,0,0,0,0,0,0,0,0,0,0,0,0,0,2,2,55,1,1,8,1,0,0,1,67,16,4,1,83,"777777777777","777777777777","777777777777",1,0
48,482234,1,1,3,4,9,9,43,1,0,1,0,48,2,20,421,20421,15,2001,"1GNDT13WX1K2","1","G","N","D","T","1","3","W","X","1","K","2",0,0,0,"000000000","00000000000",0,0,0,1,0,0,0,0,0,0,0,998,0,9,5,0,6,2,1,0,0,0,1,48,78586,6,1,0,0,3,3,999,999,0,0,0,1,0,3,2014,3,2014,0,58,0,0,0,1,2,60,1,1,8,1,0,0,1,13,6,9,4,2,"777777777777","777777777777","777777777777",1,0
48,482235,1,1,1,4,9,9,5,31,0,1,0,48,2,7,29,7029,4,2015,"1C3CDFAA9FD3","1","C","3","C","D","F","A","A","9","F","D","3",0,0,0,"000000000","00000000000",0,0,0,1,0,0,0,0,0,0,0,998,0,0,0,12,6,2,31,0,0,0,1,48,75235,0,0,0,0,0,0,999,999,0,3,0,0,1,1,2015,6,2016,5,0,0,0,0,3,3,60,1,1,8,1,0,0,1,13,99,9,4,1,"777777777777","777777777777","777777777777",1,0
48,482236,1,1,1,4,9,1,0,1,0,1,0,8,2,76,706,76706,80,2007,"JYARN20E07A0","J","Y","A","R","N","2","0","E","0","7","A","0",0,0,0,"000000000","00000000000",0,0,0,1,0,0,0,0,0,0,0,998,0,0,0,0,8,2,1,0,0,0,1,48,79036,1,1,0,0,2,0,999,999,0,1,0,1,0,10,2014,8,2016,4,0,0,0,0,1,2,55,2,1,8,1,0,0,14,12,99,9,4,6,"777777777777","777777777777","777777777777",1,0
48,482237,1,2,1,4,9,0,25,12,6,1,0,48,1,20,481,20481,31,2007,"1GCEC19Z27Z1","1","G","C","E","C","1","9","Z","2","7","Z","1",0,0,0,"000000000","00000000000",0,0,0,1,0,0,0,0,0,0,0,998,0,0,0,12,2,3,12,0,0,0,1,48,79118,6,1,0,0,3,0,999,999,1,0,0,2,0,5,2012,12,2015,0,39,0,0,0,5,5,35,1,1,8,1,3,3,1,17,99,1,1,86,"777777777777","777777777777","777777777777",0,1
48,482237,2,2,1,4,9,0,25,12,6,1,0,48,1,72,706,72706,80,2013,"1HD1LF312DC4","1","H","D","1","L","F","3","1","2","D","C","4",0,0,0,"000000000","00000000000",0,0,0,1,0,0,0,0,0,0,0,998,0,0,0,81,6,2,12,0,0,0,1,48,79106,0,0,0,0,0,0,999,999,0,0,0,0,0,0,0,0,0,0,0,0,0,0,1,5,99,1,1,8,1,3,3,1,66,99,1,1,87,"777777777777","777777777777","777777777777",1,0
48,482238,1,1,2,4,9,22,15,1,0,1,0,48,2,12,402,12402,14,2007,"1FMYU02Z27KA","1","F","M","Y","U","0","2","Z","2","7","K","A",0,0,0,"000000000","00000000000",0,0,0,1,0,0,0,0,0,0,0,998,0,9,5,0,6,2,1,0,0,0,1,48,76450,6,1,0,0,3,3,999,999,0,0,0,0,0,0,0,0,0,0,58,0,0,0,1,2,75,1,1,8,1,0,0,1,50,7,3,4,2,"777777777777","777777777777","777777777777",1,0
48,482239,1,1,1,5,9,2,39,1,0,1,0,48,1,76,706,76706,80,2007,"JYAVP11EX7A0","J","Y","A","V","P","1","1","E","X","7","A","0",0,0,0,"000000000","00000000000",0,0,0,1,0,0,0,0,0,0,0,998,0,0,0,0,8,2,1,0,0,0,1,48,78947,6,1,0,0,3,3,999,999,0,0,0,0,0,0,0,0,0,4,0,0,0,0,1,2,30,1,1,8,1,0,0,1,6,99,9,1,98,"777777777777","777777777777","777777777777",1,0
48,482240,1,1,1,5,9,2,11,14,0,1,0,48,1,20,481,20481,31,2005,"2GCEC13T6512","2","G","C","E","C","1","3","T","6","5","1","2",0,0,0,"000000000","00000000000",0,0,0,1,0,0,0,0,0,0,0,998,0,0,0,12,6,2,14,0,0,0,1,48,76014,0,0,0,0,0,0,999,999,0,0,0,0,0,0,0,0,0,0,0,0,0,0,4,2,40,1,1,8,1,0,0,1,11,99,1,4,11,"777777777777","777777777777","777777777777",1,1
48,482241,1,1,1,5,9,20,46,8,0,1,0,48,1,18,23,18023,4,2008,"1G4HD57238U1","1","G","4","H","D","5","7","2","3","8","U","1",0,0,0,"000000000","00000000000",0,0,0,1,0,0,0,0,0,0,0,998,0,0,0,98,8,2,8,0,0,0,1,48,76118,6,1,0,0,3,3,999,999,0,0,0,0,0,0,0,0,0,0,0,0,0,0,3,5,30,1,2,8,1,0,0,1,80,1,1,1,13,"777777777777","777777777777","777777777777",0,1
48,482242,1,1,7,6,9,1,22,57,0,1,0,48,1,20,431,20431,16,2001,"3GNEC16T21G2","3","G","N","E","C","1","6","T","2","1","G","2",0,0,0,"000000000","00000000000",0,0,0,1,0,0,0,0,0,0,0,998,0,1,3,62,6,2,1,0,0,0,1,48,78211,0,0,0,0,0,0,999,999,0,0,0,0,0,0,0,0,0,0,0,0,0,0,3,2,70,2,1,8,1,0,0,14,12,99,1,4,6,"777777777777","777777777777","777777777777",3,0
48,482243,1,1,1,6,9,21,32,8,0,1,0,48,2,20,37,20037,4,2012,"1G1ZC5E06CF1","1","G","1","Z","C","5","E","0","6","C","F","1",0,0,0,"000000000","00000000000",0,0,0,1,0,0,0,0,0,0,0,998,0,0,0,12,2,3,8,0,0,0,1,48,79416,6,1,0,0,3,2,999,999,0,0,0,0,0,0,0,0,0,0,74,0,0,0,5,7,45,1,1,8,1,0,0,1,80,99,1,1,13,"777777777777","777777777777","777777777777",0,1
48,482244,1,2,1,7,9,6,10,12,6,1,0,48,1,49,482,49482,31,2012,"5TFHW5F17CX2","5","T","F","H","W","5","F","1","7","C","X","2",0,0,0,"000000000","00000000000",0,0,0,1,0,0,0,0,0,0,0,998,0,0,0,12,6,2,8,0,0,0,1,48,77067,6,1,0,0,3,3,999,999,0,0,0,0,0,0,0,0,0,0,0,0,0,0,1,2,30,1,1,8,1,0,0,1,50,99,1,1,48,"777777777777","777777777777","777777777777",0,0
48,482244,2,2,0,7,9,6,10,12,6,1,0,48,6,12,481,12481,31,1998,"1FTZX1767WKA","1","F","T","Z","X","1","7","6","7","W","K","A",0,0,0,"000000000","00000000000",0,0,0,1,0,0,0,0,0,0,0,0,0,0,0,9,6,2,12,0,0,0,0,0,99997,7,6,97,7,6,7,998,997,998,998,998,998,998,98,9998,98,9998,8,54,0,0,0,0,0,0,0,0,0,0,0,0,0,53,0,0,0,48,"777777777777","777777777777","777777777777",0,0
48,482245,1,1,1,19,3,6,26,8,0,1,0,48,2,49,32,49032,4,2015,"5YFBURHE0FP3","5","Y","F","B","U","R","H","E","0","F","P","3",0,0,0,"000000000","00000000000",0,0,0,1,0,0,0,0,0,0,0,998,0,0,0,12,6,2,8,0,0,0,1,48,78410,6,1,0,0,3,3,999,999,0,0,0,1,1,10,2011,6,2015,0,0,0,0,0,4,2,45,1,1,8,2,0,0,1,80,99,1,1,13,"777777777777","777777777777","777777777777",0,0
48,482246,1,1,99,18,8,13,3,8,0,1,1,99,9,99,999,99999,99,9999,"999999999999","9","9","9","9","9","9","9","9","9","9","9","9",0,0,99,"999999999","99999999999",9,99,99,1,0,0,0,0,99,99,9,999,0,0,0,12,2,5,8,99,99,0,1,99,99999,9,9,99,9,9,9,999,999,99,99,99,99,99,99,9999,99,9999,9,0,0,0,0,6,1,70,1,1,8,1,0,0,1,80,99,1,1,13,"777777777777","777777777777","777777777777",0,0
48,482247,1,2,2,26,8,14,20,12,2,1,0,48,2,37,32,37032,2,2004,"1HGCM72614A0","1","H","G","C","M","7","2","6","1","4","A","0",0,0,0,"000000000","00000000000",0,0,0,1,0,0,0,0,0,0,0,998,0,0,0,12,6,2,12,0,0,0,1,48,75058,6,1,0,0,3,0,999,999,0,10,0,0,3,5,2012,7,2015,0,0,0,0,0,1,2,60,2,1,8,1,0,0,14,10,99,1,2,50,"777777777777","777777777777","777777777777",1,0
48,482247,2,2,2,26,8,14,20,12,2,1,0,48,2,7,482,7482,31,2003,"1D7HA18N83J6","1","D","7","H","A","1","8","N","8","3","J","6",0,0,0,"000000000","00000000000",0,0,0,1,0,0,0,0,0,0,0,998,0,0,0,12,6,2,12,0,0,0,1,48,75021,6,1,0,0,3,0,999,999,1,0,0,1,1,11,2011,7,2012,0,0,0,0,0,1,2,60,3,1,8,1,0,0,14,62,99,1,1,51,"777777777777","777777777777","777777777777",0,0
48,482248,1,3,1,30,8,18,46,12,6,1,0,48,1,21,21,21021,4,1999,"1G3NL52E4XC3","1","G","3","N","L","5","2","E","4","X","C","3",0,0,0,"000000000","00000000000",0,0,0,1,0,0,0,0,0,0,0,998,0,0,0,12,6,2,12,0,0,0,1,48,77407,6,1,0,0,3,0,999,999,0,0,0,0,0,0,0,0,0,0,38,0,0,0,2,3,45,1,1,8,1,4,3,11,15,99,1,1,68,"777777777777","777777777777","777777777777",0,1
48,482248,2,3,6,30,8,18,46,12,6,1,0,48,1,49,422,49422,15,2004,"5TDZT34A44S2","5","T","D","Z","T","3","4","A","4","4","S","2",0,0,0,"000000000","00000000000",0,0,0,1,0,0,0,0,0,0,0,998,0,0,0,9,6,2,12,0,0,0,1,48,77478,6,1,0,0,3,0,999,999,0,0,0,0,0,0,0,0,0,0,0,0,0,0,2,2,45,1,1,8,1,3,3,1,62,99,1,1,69,"777777777777","777777777777","777777777777",1,0
48,482248,3,3,1,30,8,18,46,12,6,1,0,48,3,35,47,35047,4,2015,"1N4AL3AP9FC1","1","N","4","A","L","3","A","P","9","F","C","1",0,0,0,"000000000","00000000000",0,0,0,1,0,0,0,0,0,0,0,998,0,0,0,12,2,3,12,0,0,0,1,48,77498,6,1,0,0,3,0,999,999,0,0,0,0,0,0,0,0,0,0,0,0,0,0,2,2,45,1,1,8,1,3,3,1,62,99,1,1,98,"777777777777","777777777777","777777777777",0,0