"STATE","ST_CASE","VEH_NO","VE_FORMS","NUMOCCS","DAY","MONTH","HOUR","MINUTE","HARM_EV","MAN_COLL","UNITTYPE","HIT_RUN","REG_STAT","OWNER","MAKE","MODEL","MAK_MOD","BODY_TYP","MOD_YEAR","VIN","VIN_1","VIN_2","VIN_3","VIN_4","VIN_5","VIN_6","VIN_7","VIN_8","VIN_9","VIN_10","VIN_11","VIN_12","TOW_VEH","J_KNIFE","MCARR_I1","MCARR_I2","MCARR_ID","GVWR","V_CONFIG","CARGO_BT","HAZ_INV","HAZ_PLAC","HAZ_ID","HAZ_CNO","HAZ_REL","BUS_USE","SPEC_USE","EMER_USE","TRAV_SP","UNDERIDE","ROLLOVER","ROLINLOC","IMPACT1","DEFORMED","TOWED","M_HARM","VEH_SC1","VEH_SC2","FIRE_EXP","DR_PRES","L_STATE","DR_ZIP","L_STATUS","L_TYPE","CDL_STAT","L_ENDORS","L_COMPL","L_RESTRI","DR_HGT","DR_WGT","PREV_ACC","PREV_SUS","PREV_DWI","PREV_SPD","PREV_OTH","FIRST_MO","FIRST_YR","LAST_MO","LAST_YR","SPEEDREL","DR_SF1","DR_SF2","DR_SF3","DR_SF4","VTRAFWAY","VNUM_LAN","VSPD_LIM","VALIGN","VPROFILE","VPAVETYP","VSURCOND","VTRAFCON","VTCONT_F","P_CRASH1","P_CRASH2","P_CRASH3","PCRASH4","PCRASH5","ACC_TYPE","TRLR1VIN","TRLR2VIN","TRLR3VIN","DEATHS","DR_DRINK"
48,482249,1,5,1,1,9,8,23,12,1,1,1,48,3,38,882,38882,61,2015,"JALC4W167F70","J","A","L","C","4","W","1","6","7","F","7","0",1,1,57,"2506611","572506611",2,4,97,1,0,0,0,0,0,0,0,998,0,0,0,12,6,2,12,0,0,0,1,48,75844,6,1,0,0,3,0,999,999,0,0,0,1,0,5,2015,5,2015,5,0,0,0,0,3,4,70,1,1,8,1,0,0,1,50,99,1,1,20,"1P9AP16127R3","777777777777","777777777777",0,0
48,482249,2,5,3,1,9,8,23,12,1,1,1,22,2,37,31,37031,2,2010,"2HGFG1B64AH5","2","H","G","F","G","1","B","6","4","A","H","5",0,0,0,"000000000","00000000000",0,0,0,1,0,0,0,0,0,0,0,0,0,0,0,6,8,2,12,0,0,0,1,42,75204,6,1,0,0,3,3,67,999,0,0,0,0,0,0,0,0,0,0,0,0,0,0,3,4,70,1,1,8,1,0,0,5,53,1,1,1,21,"777777777777","777777777777","777777777777",1,0
48,482249,3,5,1,1,9,8,23,12,1,1,1,48,1,59,34,59034,4,2013,"JTHBE1BL4D50","J","T","H","B","E","1","B","L","4","D","5","0",0,0,0,"000000000","00000000000",0,0,0,1,0,0,0,0,0,0,0,0,0,0,0,6,6,2,12,0,0,0,1,48,75204,6,1,0,0,3,3,999,999,0,0,0,0,0,0,0,0,0,0,0,0,0,0,3,4,70,1,1,8,1,0,0,5,53,1,1,1,98,"777777777777","777777777777","777777777777",0,0
48,482249,4,5,1,1,9,8,23,12,1,1,1,48,1,20,481,20481,31,2001,"2GCEC19T8114","2","G","C","E","C","1","9","T","8","1","1","4",0,0,0,"000000000","00000000000",0,0,0,1,0,0,0,0,0,0,0,0,0,0,0,6,2,3,12,0,0,0,1,48,76201,6,1,0,0,3,0,999,999,0,0,0,0,0,0,0,0,0,0,0,0,0,0,3,4,70,1,1,8,1,0,0,5,53,1,1,1,98,"777777777777","777777777777","777777777777",0,0
48,482249,5,5,1,1,9,8,23,12,1,1,0,48,3,85,881,85881,66,2014,"1XKDD49X9EJ4","1","X","K","D","D","4","9","X","9","E","J","4",1,1,57,"500579","57500579",3,6,1,1,0,0,0,0,0,0,0,998,0,0,0,12,2,5,12,0,0,0,1,48,76021,6,1,6,0,3,3,999,999,0,3,0,0,0,10,2011,6,2012,0,0,0,0,0,3,4,70,1,1,8,1,0,0,1,60,99,1,1,98,"5LKL4823XB10","777777777777","777777777777",0,0
48,482250,1,2,2,1,9,11,14,12,6,1,0,48,1,20,25,20025,4,2012,"1G1PC5SH2C73","1","G","1","P","C","5","S","H","2","C","7","3",0,0,0,"000000000","00000000000",0,0,0,1,0,0,0,0,0,0,0,998,0,0,0,1,6,2,12,0,0,0,1,48,78617,1,1,0,0,2,0,999,999,0,44,0,0,1,10,2012,6,2016,0,38,48,0,0,5,4,45,1,1,8,1,0,0,11,15,99,1,1,68,"777777777777","777777777777","777777777777",0,0
48,482250,2,2,1,1,9,11,14,12,6,1,0,48,1,34,706,34706,80,2001,"WB10555A41ZD","W","B","1","0","5","5","5","A","4","1","Z","D",0,0,0,"000000000","00000000000",0,0,0,1,0,0,0,0,0,0,0,998,0,0,0,12,6,2,12,0,0,0,1,48,78617,6,1,0,0,3,0,999,999,0,0,0,0,0,0,0,0,0,0,16,0,0,0,5,5,45,1,1,8,1,0,0,1,62,99,1,1,69,"777777777777","777777777777","777777777777",1,0
48,482251,1,2,3,2,9,20,30,12,2,1,0,48,1,2,422,2422,15,2014,"1C4RJFBM0EC4","1","C","4","R","J","F","B","M","0","E","C","4",0,0,0,"000000000","00000000000",0,0,0,1,0,0,0,0,0,0,0,998,0,0,0,12,6,2,12,0,0,1,1,48,75034,6,1,0,0,3,3,999,999,0,0,0,0,1,11,2012,11,2012,0,28,51,0,0,1,2,70,2,1,8,1,0,0,14,10,99,1,2,50,"777777777777","777777777777","777777777777",0,0
48,482251,2,2,1,2,9,20,30,12,2,1,0,48,1,49,482,49482,31,2003,"5TBRT34123S3","5","T","B","R","T","3","4","1","2","3","S","3",0,0,0,"000000000","00000000000",0,0,0,1,0,0,0,0,0,0,0,998,0,1,9,12,6,2,12,0,0,1,1,48,76244,6,1,0,0,3,0,999,999,0,14,0,1,0,1,2013,8,2016,0,0,0,0,0,1,2,70,1,1,8,1,0,0,1,62,99,1,1,51,"777777777777","777777777777","777777777777",1,0
48,482252,1,1,4,3,9,22,33,38,0,1,0,48,1,49,472,49472,30,2008,"5TELU42N08Z5","5","T","E","L","U","4","2","N","0","8","Z","5",0,0,0,"000000000","00000000000",0,0,0,1,0,0,0,0,0,0,0,998,0,1,5,7,6,2,1,0,0,0,1,48,78201,6,1,0,0,3,3,999,999,0,0,0,0,0,0,0,0,0,4,0,0,0,0,1,2,60,1,1,5,1,0,0,1,6,7,3,4,7,"777777777777","777777777777","777777777777",2,1
48,482253,1,3,2,5,9,4,12,12,1,1,0,48,1,20,4,20004,2,2009,"1G1YY25W2951","1","G","1","Y","Y","2","5","W","2","9","5","1",0,0,0,"000000000","00000000000",0,0,0,1,0,0,0,0,0,0,0,998,0,0,0,12,6,2,12,0,0,0,1,48,76210,6,1,0,0,3,0,999,999,0,0,0,0,0,0,0,0,0,0,0,0,0,0,3,3,65,1,3,8,1,0,0,1,50,7,1,1,32,"777777777777","777777777777","777777777777",0,0
48,482253,2,3,0,5,9,4,12,12,1,1,0,48,6,20,421,20421,15,2001,"1GNEC13TX1J2","1","G","N","E","C","1","3","T","X","1","J","2",0,0,0,"000000000","00000000000",0,0,0,1,0,0,0,0,0,0,0,998,0,0,0,6,2,3,12,0,0,0,0,0,99997,7,6,97,7,6,7,998,997,998,998,998,998,998,98,9998,98,9998,8,54,0,0,0,3,3,65,1,3,8,1,0,0,0,53,0,0,0,32,"777777777777","777777777777","777777777777",0,0
48,482253,3,3,1,5,9,4,12,12,1,1,0,48,2,63,34,63034,4,2014,"KNAGN4AD0E50","K","N","A","G","N","4","A","D","0","E","5","0",0,0,0,"000000000","00000000000",0,0,0,1,0,0,0,0,0,0,0,998,0,0,0,12,6,2,8,0,0,0,1,48,75104,1,1,0,0,2,0,999,999,0,9,0,1,0,4,2014,2,2016,0,0,0,0,0,3,3,65,1,3,8,1,0,0,1,50,6,1,2,98,"777777777777","777777777777","777777777777",0,0
48,482254,1,2,1,5,9,16,43,12,6,1,0,48,2,39,32,39032,4,2004,"SAJWA74C84SG","S","A","J","W","A","7","4","C","8","4","S","G",0,0,0,"000000000","00000000000",0,0,0,1,0,0,0,0,0,0,0,87,0,0,0,12,6,2,12,0,0,0,1,48,75115,0,0,0,0,0,0,999,999,0,2,0,1,1,9,2015,6,2016,3,39,52,0,0,2,4,98,8,8,8,98,3,3,1,17,99,1,1,86,"777777777777","777777777777","777777777777",0,0
48,482254,2,2,3,5,9,16,43,12,6,1,0,48,1,12,37,12037,4,2012,"1FAHP3F28CL1","1","F","A","H","P","3","F","2","8","C","L","1",0,0,0,"000000000","00000000000",0,0,0,1,0,0,0,0,0,0,0,40,0,0,0,3,6,2,12,0,0,0,1,48,75211,6,1,0,0,3,0,999,999,0,8,0,1,0,9,2014,7,2016,0,0,0,0,0,2,4,45,1,1,8,1,3,3,1,66,99,1,1,87,"777777777777","777777777777","777777777777",2,0
48,482255,1,1,1,9,9,2,4,18,0,1,0,48,0,72,706,72706,80,2007,"1HD1GX4147K3","1","H","D","1","G","X","4","1","4","7","K","3",0,0,0,"000000000","00000000000",0,0,0,1,0,0,0,0,0,0,0,998,0,0,0,98,6,2,18,0,0,0,1,48,78415,1,1,0,0,2,0,999,999,1,17,0,3,0,9,2011,5,2016,0,0,0,0,0,1,2,45,3,1,8,1,0,0,14,13,99,1,4,1,"777777777777","777777777777","777777777777",1,0
48,482256,1,2,1,23,6,18,30,12,6,1,0,48,3,82,881,82881,66,2004,"1FUJBBCG04LN","1","F","U","J","B","B","C","G","0","4","L","N",1,1,57,"2328813","572328813",3,6,1,1,0,0,0,0,0,0,0,998,0,0,0,12,6,2,12,0,0,0,1,96,0,9,9,99,9,9,9,999,999,99,99,99,99,99,99,9999,99,9999,0,0,0,0,0,3,2,65,1,1,8,1,0,0,1,61,99,1,1,45,"1S12E9536XE4","777777777777","777777777777",0,0
48,482256,2,2,1,23,6,18,30,12,6,1,0,48,2,12,37,12037,4,2010,"1FAHP3FN2AW2","1","F","A","H","P","3","F","N","2","A","W","2",0,0,0,"000000000","00000000000",0,0,0,1,0,0,0,0,0,0,0,998,0,0,0,9,6,2,12,0,0,0,1,48,78041,0,0,0,0,0,0,999,999,0,0,0,0,0,0,0,0,0,0,0,0,0,0,3,2,65,1,1,8,1,0,0,16,15,99,1,7,47,"777777777777","777777777777","777777777777",1,0
48,482257,1,1,1,2,7,2,15,33,0,1,0,48,0,72,706,72706,80,2014,"1HD4LE210EC4","1","H","D","4","L","E","2","1","0","E","C","4",0,0,0,"000000000","00000000000",0,0,0,1,0,0,0,0,0,0,0,998,0,0,0,98,8,2,33,0,0,0,1,48,77346,6,1,0,0,3,3,999,999,0,0,0,0,1,3,2015,3,2015,0,0,0,0,0,2,1,30,1,2,8,1,0,0,1,10,99,1,4,6,"777777777777","777777777777","777777777777",1,1
48,482258,1,3,2,5,8,16,33,12,6,1,0,48,1,35,39,35039,4,2000,"JN1CA31D4YT7","J","N","1","C","A","3","1","D","4","Y","T","7",0,0,0,"000000000","00000000000",0,0,0,1,0,0,0,0,0,0,0,998,0,0,0,3,6,2,12,0,0,1,1,48,76048,6,1,0,0,3,0,999,999,0,0,0,0,0,0,0,0,0,0,28,58,0,0,1,2,65,1,2,8,1,0,0,1,10,7,4,2,64,"777777777777","777777777777","777777777777",2,0
48,482258,2,3,2,5,8,16,33,12,6,1,0,48,2,20,481,20481,31,2008,"1GCHC24K78E2","1","G","C","H","C","2","4","K","7","8","E","2",0,0,0,"000000000","00000000000",0,0,0,1,0,0,0,0,0,0,0,998,0,0,0,12,6,2,12,0,0,1,1,48,76048,6,1,0,0,3,3,999,999,0,0,0,0,0,0,0,0,0,0,0,0,0,0,1,2,65,1,2,8,1,0,0,1,62,99,1,1,65,"777777777777","777777777777","777777777777",0,0
48,482258,3,3,1,5,8,16,33,12,6,1,0,48,2,18,23,18023,4,2007,"1G4HP572X7U2","1","G","4","H","P","5","7","2","X","7","U","2",0,0,0,"000000000","00000000000",0,0,0,1,0,0,0,0,0,0,0,998,0,0,0,12,2,5,54,0,0,0,1,48,76048,6,1,0,0,3,3,999,999,0,0,0,0,0,0,0,0,0,0,0,0,0,0,1,2,65,1,2,8,1,0,0,1,62,99,1,1,98,"777777777777","777777777777","777777777777",0,0
48,482259,1,1,2,6,8,4,30,11,0,1,0,48,2,12,17,12017,4,1999,"1FAFP53S1XG2","1","F","A","F","P","5","3","S","1","X","G","2",0,0,0,"000000000","00000000000",0,0,0,1,0,0,0,0,0,0,0,998,0,0,0,12,8,2,11,0,0,0,1,48,75785,1,1,0,0,2,0,999,999,0,3,0,2,3,2,2016,6,2016,0,0,0,0,0,1,2,55,1,1,8,1,0,0,1,87,99,1,1,13,"777777777777","777777777777","777777777777",1,0
48,482260,1,2,2,7,8,2,40,12,6,1,0,48,0,20,481,20481,31,2004,"2GCEK13T2413","2","G","C","E","K","1","3","T","2","4","1","3",0,0,0,"000000000","00000000000",0,0,0,1,0,0,0,0,0,0,0,998,0,1,1,3,6,2,1,0,0,0,1,48,78562,6,1,0,0,3,3,999,999,1,1,0,1,0,3,2013,3,2016,0,39,0,0,0,1,2,30,1,1,8,1,20,3,1,17,99,1,1,87,"777777777777","777777777777","777777777777",1,1
48,482260,2,2,1,7,8,2,40,12,6,1,0,48,2,35,43,35043,4,2011,"3N1AB6AP6BL6","3","N","1","A","B","6","A","P","6","B","L","6",0,0,0,"000000000","00000000000",0,0,0,1,0,0,0,0,0,0,0,998,0,0,0,12,6,2,12,0,0,0,1,48,78538,6,1,0,0,3,0,999,999,0,0,0,0,0,0,0,0,0,0,0,0,0,0,1,2,98,8,8,8,98,0,0,1,66,99,1,1,86,"777777777777","777777777777","777777777777",0,1
48,482262,1,1,1,29,8,21,51,8,0,1,0,48,1,12,471,12471,30,2007,"1FTYR44U37PA","1","F","T","Y","R","4","4","U","3","7","P","A",0,0,0,"000000000","00000000000",0,0,0,1,0,0,0,0,0,0,0,998,0,0,0,12,2,3,8,0,0,0,1,48,77328,6,1,0,0,3,0,999,999,0,0,0,0,0,0,0,0,0,3,0,0,0,0,5,5,35,1,1,8,2,0,0,1,80,99,1,1,13,"777777777777","777777777777","777777777777",0,0
48,482263,1,2,1,29,8,9,1,12,2,1,0,48,2,12,481,12481,31,2003,"1FTRX17W73NB","1","F","T","R","X","1","7","W","7","3","N","B",0,0,0,"000000000","00000000000",0,0,0,1,0,0,0,0,0,0,0,998,0,0,0,12,6,2,12,0,0,0,1,48,75751,6,1,0,0,3,0,999,999,1,0,0,2,0,2,2013,1,2015,0,28,51,0,0,5,3,60,1,1,8,1,0,0,1,10,99,1,2,50,"777777777777","777777777777","777777777777",1,0
48,482263,2,2,1,29,8,9,1,12,2,1,0,48,3,86,884,86884,63,2016,"1M2AV04C5GM0","1","M","2","A","V","0","4","C","5","G","M","0",0,0,58,"9990284","589990284",3,1,7,1,0,0,0,0,0,0,0,998,0,1,5,12,6,2,12,0,0,0,1,48,75708,6,1,6,0,3,3,999,999,0,0,0,0,0,0,0,0,0,0,0,0,0,0,5,3,60,1,1,8,1,0,0,1,62,7,1,1,51,"777777777777","777777777777","777777777777",0,0
48,482264,1,1,3,30,8,6,20,8,0,1,0,48,3,20,481,20481,31,2011,"1GC2CVCGXBZ4","1","G","C","2","C","V","C","G","X","B","Z","4",0,0,0,"000000000","00000000000",0,0,0,1,0,0,0,0,0,0,0,998,0,0,0,12,2,5,8,0,0,0,1,48,77022,6,1,0,0,3,0,999,999,0,0,0,0,0,0,0,0,0,0,0,0,0,0,6,2,60,2,2,2,1,0,0,14,80,99,1,1,13,"777777777777","777777777777","777777777777",0,0
48,482265,1,3,1,30,8,19,0,12,1,1,0,48,1,20,2,20002,4,2012,"2G1WA5E31C11","2","G","1","W","A","5","E","3","1","C","1","1",0,0,0,"000000000","00000000000",0,0,0,1,0,0,0,0,0,0,0,998,0,0,0,12,6,2,12,0,0,0,1,48,78727,6,1,0,0,3,3,999,999,0,0,0,0,0,0,0,0,0,5,28,0,0,0,1,2,98,2,8,8,98,0,0,10,50,99,1,4,32,"777777777777","777777777777","777777777777",0,0
48,482265,2,3,0,30,8,19,0,12,1,1,0,48,6,7,472,7472,31,2003,"1D7FL36X83S2","1","D","7","F","L","3","6","X","8","3","S","2",0,0,0,"000000000","00000000000",0,0,0,1,0,0,0,0,0,0,0,0,0,0,0,6,6,2,12,0,0,0,0,0,99997,7,6,97,7,6,7,998,997,998,998,998,998,998,98,9998,98,9998,8,54,0,0,0,2,2,45,1,1,8,1,0,0,0,53,0,0,0,32,"777777777777","777777777777","777777777777",0,0
48,482265,3,3,0,30,8,19,0,12,1,1,0,48,6,2,404,2404,14,2015,"1C4PJLCB4FW5","1","C","4","P","J","L","C","B","4","F","W","5",0,0,0,"000000000","00000000000",0,0,0,1,0,0,0,0,0,0,0,998,0,0,0,6,6,2,12,0,0,0,0,0,99997,7,6,97,7,6,7,998,997,998,998,998,998,998,98,9998,98,9998,8,54,0,0,0,2,2,45,1,1,8,1,0,0,0,53,0,0,0,98,"777777777777","777777777777","777777777777",0,0
48,482266,1,2,1,1,9,23,25,8,0,1,1,99,9,99,999,99999,99,9999,"999999999999","9","9","9","9","9","9","9","9","9","9","9","9",0,0,99,"999999999","99999999999",9,99,99,1,0,0,0,0,99,99,9,999,0,0,0,99,9,5,8,99,99,0,1,99,99999,9,9,99,9,9,9,999,999,99,99,99,99,99,99,9999,99,9999,9,0,0,0,0,3,5,70,1,1,8,1,0,0,1,80,99,1,1,13,"777777777777","777777777777","777777777777",0,0
48,482266,2,2,1,1,9,23,25,8,0,1,1,99,9,99,999,99999,99,9999,"999999999999","9","9","9","9","9","9","9","9","9","9","9","9",0,0,99,"999999999","99999999999",9,99,99,1,0,0,0,0,99,99,9,999,0,0,0,99,9,5,8,99,99,0,1,99,99999,9,9,99,9,9,9,999,999,99,99,99,99,99,99,9999,99,9999,9,0,0,0,0,3,5,70,1,1,8,1,0,0,1,80,99,1,1,98,"777777777777","777777777777","777777777777",0,0
48,482267,1,2,1,2,9,16,39,12,6,1,0,48,1,12,37,12037,4,2011,"1FAHP3FN7BW1","1","F","A","H","P","3","F","N","7","B","W","1",0,0,0,"000000000","00000000000",0,0,0,1,0,0,0,0,0,0,0,998,0,0,0,9,6,2,12,0,0,0,1,48,78260,6,1,0,0,3,0,999,999,0,0,0,1,0,10,2013,10,2013,0,38,0,0,0,0,0,0,0,0,0,0,0,0,1,17,99,1,7,89,"777777777777","777777777777","777777777777",1,0
48,482267,2,2,1,2,9,16,39,12,6,1,0,48,2,7,482,7482,31,2002,"1D7HA16K62J2","1","D","7","H","A","1","6","K","6","2","J","2",0,0,0,"000000000","00000000000",0,0,0,1,0,0,0,0,0,0,0,998,0,0,0,12,6,2,12,0,0,0,1,48,78070,6,1,0,0,3,3,999,999,0,0,0,0,0,0,0,0,0,0,0,0,0,0,2,2,70,1,1,8,1,0,0,1,71,6,1,2,88,"777777777777","777777777777","777777777777",0,0
48,482268,1,3,1,2,9,4,44,12,6,1,0,48,1,49,40,49040,4,1997,"4T1BG22K9VU0","4","T","1","B","G","2","2","K","9","V","U","0",0,0,0,"000000000","00000000000",0,0,0,1,0,0,0,0,0,0,0,998,0,0,0,12,6,2,12,0,0,0,1,48,76259,6,1,0,0,3,3,999,999,0,0,0,0,0,0,0,0,0,0,0,0,0,0,1,5,60,1,1,8,1,3,3,1,17,99,1,1,77,"777777777777","777777777777","777777777777",1,0
48,482268,2,3,1,2,9,4,44,12,6,1,0,48,1,59,403,59403,14,2014,"2T2ZK1BA9EC1","2","T","2","Z","K","1","B","A","9","E","C","1",0,0,0,"000000000","00000000000",0,0,0,1,0,0,0,0,0,0,0,998,0,0,0,1,6,2,12,0,0,0,1,48,76258,6,1,0,0,3,3,999,999,0,0,0,2,0,1,2012,2,2012,0,0,0,0,0,1,5,98,8,8,8,98,3,3,11,66,99,1,1,76,"777777777777","777777777777","777777777777",0,0
48,482268,3,3,1,2,9,4,44,12,6,1,0,48,1,30,46,30046,4,2015,"1VWCV7A30FC0","1","V","W","C","V","7","A","3","0","F","C","0",0,0,0,"000000000","00000000000",0,0,0,1,0,0,0,0,0,0,0,998,0,0,0,7,2,3,54,0,0,0,1,48,76273,6,1,0,0,3,0,999,999,0,0,0,1,1,3,2014,4,2016,0,0,0,0,0,1,5,98,8,8,8,98,3,3,11,66,99,1,1,98,"777777777777","777777777777","777777777777",0,0
48,482269,1,1,4,2,9,5,48,1,0,1,0,48,2,20,431,20431,16,2001,"3GNEC16T31G2","3","G","N","E","C","1","6","T","3","1","G","2",0,0,0,"000000000","00000000000",0,0,0,1,0,0,0,0,0,0,0,998,0,2,5,0,2,3,1,0,0,0,1,48,79373,6,1,0,0,3,3,999,999,0,0,0,0,0,0,0,0,0,0,58,0,0,0,1,2,75,1,1,8,1,0,0,1,13,6,4,4,7,"777777777777","777777777777","777777777777",1,1
48,482271,1,3,1,3,9,4,26,12,2,1,0,48,1,12,32,12032,4,2015,"3FADP4AJ2FM1","3","F","A","D","P","4","A","J","2","F","M","1",0,0,0,"000000000","00000000000",0,0,0,1,0,0,0,0,0,0,0,998,0,0,0,12,6,2,12,0,0,1,1,48,78218,6,1,0,0,3,0,999,999,0,0,0,1,0,12,2013,12,2013,0,50,0,0,0,3,3,60,1,1,8,1,0,0,1,54,99,1,1,52,"777777777777","777777777777","777777777777",1,1
48,482271,2,3,1,3,9,4,26,12,2,1,0,48,1,19,18,19018,4,2007,"1G6DP577X701","1","G","6","D","P","5","7","7","X","7","0","1",0,0,0,"000000000","00000000000",0,0,0,1,0,0,0,0,0,0,0,998,0,0,0,12,6,2,12,0,0,0,1,48,78218,6,1,0,0,3,0,999,999,0,0,0,0,0,0,0,0,0,0,0,0,0,0,3,3,60,1,1,8,1,0,0,1,54,99,1,1,52,"777777777777","777777777777","777777777777",1,0
48,482271,3,3,2,3,9,4,26,12,2,1,0,48,0,20,481,20481,31,2015,"3GCPCREC8FG2","3","G","C","P","C","R","E","C","8","F","G","2",0,0,0,"000000000","00000000000",0,0,0,1,0,0,0,0,0,0,0,998,0,0,0,12,6,2,12,0,0,0,1,48,78130,3,1,0,0,2,0,999,999,0,3,0,0,0,11,2014,11,2015,0,0,0,0,0,3,3,60,1,1,8,1,0,0,1,50,99,1,1,98,"777777777777","777777777777","777777777777",0,0
48,482272,1,4,2,3,9,9,23,12,1,1,0,48,2,59,31,59031,4,1998,"JT8BF28GXW50","J","T","8","B","F","2","8","G","X","W","5","0",0,0,0,"000000000","00000000000",0,0,0,1,0,0,0,0,0,0,0,998,0,1,5,12,6,2,12,0,0,0,1,48,76513,3,1,0,0,2,0,999,999,0,3,0,1,0,8,2013,1,2016,0,27,58,91,0,1,4,70,1,1,8,1,0,0,15,10,99,1,2,32,"777777777777","777777777777","777777777777",0,1
48,482272,2,4,5,3,9,9,23,12,1,1,0,48,1,7,482,7482,31,2014,"3C63RRGLXEG3","3","C","6","3","R","R","G","L","X","E","G","3",1,3,0,"000000000","00000000000",0,0,0,1,0,0,0,0,0,0,0,998,0,0,0,6,6,2,12,0,0,0,1,48,78611,6,1,6,0,3,0,999,999,0,0,0,2,2,10,2013,1,2016,0,51,0,0,0,1,4,70,1,1,8,1,0,0,1,62,99,1,1,32,"888888888888","777777777777","777777777777",0,0
48,482272,3,4,3,3,9,9,23,12,1,1,0,48,1,12,422,12422,15,2003,"1FMFU17L73LB","1","F","M","F","U","1","7","L","7","3","L","B",0,0,0,"000000000","00000000000",0,0,0,1,0,0,0,0,0,0,0,998,0,1,5,12,6,2,12,0,0,0,1,48,76544,6,1,0,0,3,0,999,999,1,0,0,0,0,11,2013,11,2013,0,0,0,0,0,1,4,70,1,1,8,1,0,0,1,62,99,1,1,98,"777777777777","777777777777","777777777777",2,0
48,482272,4,4,1,3,9,9,23,12,1,1,0,47,3,12,481,12481,31,2009,"1FTRX12V09KC","1","F","T","R","X","1","2","V","0","9","K","C",0,0,0,"000000000","00000000000",0,0,0,1,0,0,0,0,0,0,0,998,0,0,0,63,6,2,12,0,0,0,1,48,78628,6,1,0,0,3,0,999,999,0,0,0,0,0,0,0,0,0,0,0,0,0,0,0,0,0,0,0,0,0,0,0,1,64,99,1,1,98,"777777777777","777777777777","777777777777",0,0
48,482273,1,2,1,4,9,20,56,8,0,1,0,48,1,35,402,35402,14,2000,"5N1ED28T0YC5","5","N","1","E","D","2","8","T","0","Y","C","5",0,0,0,"000000000","00000000000",0,0,0,1,0,0,0,0,0,0,0,998,0,0,0,12,6,2,8,0,0,0,1,48,78612,6,1,0,0,3,0,999,999,0,0,0,0,0,0,0,0,0,0,0,0,0,0,3,2,70,1,1,8,1,3,3,1,80,99,1,1,13,"777777777777","777777777777","777777777777",0,0
48,482273,2,2,2,4,9,20,56,8,0,1,0,48,2,23,481,23481,31,2006,"2GTEC13T9611","2","G","T","E","C","1","3","T","9","6","1","1",0,0,0,"000000000","00000000000",0,0,0,1,0,0,0,0,0,0,0,998,0,0,0,14,8,5,8,0,0,0,1,48,78612,6,1,0,0,3,0,999,999,0,0,0,0,0,0,0,0,0,0,0,0,0,0,3,2,70,1,1,8,1,3,3,1,80,99,1,1,98,"777777777777","777777777777","777777777777",0,0
48,482274,1,1,5,4,9,11,50,1,0,1,0,48,2,7,482,7482,31,2004,"1D7HA18N74S5","1","D","7","H","A","1","8","N","7","4","S","5",0,0,0,"000000000","00000000000",0,0,0,1,0,0,0,0,0,0,0,998,0,1,5,0,6,2,1,0,0,0,1,48,78839,0,0,0,0,0,0,999,999,0,0,0,0,0,0,0,0,0,0,58,0,0,0,1,2,75,1,1,8,1,0,0,1,1,99,9,4,2,"777777777777","777777777777","777777777777",1,0
48,482275,1,5,1,4,9,5,28,12,1,1,0,48,2,20,37,20037,4,2005,"1G1ZT54845F2","1","G","1","Z","T","5","4","8","4","5","F","2",0,0,0,"000000000","00000000000",0,0,0,1,0,0,0,0,0,0,0,998,0,0,0,12,6,2,12,0,0,0,1,48,77498,0,0,0,0,0,0,999,999,0,4,0,0,1,12,2011,9,2014,5,91,0,0,0,3,6,45,1,1,2,1,3,3,1,50,99,9,1,20,"777777777777","777777777777","777777777777",0,0
48,482275,2,5,1,4,9,5,28,12,1,1,0,48,2,53,404,53404,14,2005,"JS3TE62V6541","J","S","3","T","E","6","2","V","6","5","4","1",0,0,0,"000000000","00000000000",0,0,0,1,0,0,0,0,0,0,0,0,0,0,0,6,6,2,12,0,0,0,1,48,77084,6,1,0,0,3,0,999,999,0,0,0,0,0,0,0,0,0,0,0,0,0,0,3,6,45,1,1,2,1,3,3,5,53,1,1,1,21,"777777777777","777777777777","777777777777",1,0
48,482275,3,5,2,4,9,5,28,12,1,1,0,48,1,49,43,49043,4,2000,"4T1BF28B0YU0","4","T","1","B","F","2","8","B","0","Y","U","0",0,0,0,"000000000","00000000000",0,0,0,1,0,0,0,0,0,0,0,0,0,0,0,6,6,2,12,0,0,0,1,48,77479,0,0,0,0,0,0,999,999,0,0,0,0,0,0,0,0,0,0,0,0,0,0,3,6,45,1,1,2,1,3,3,5,53,1,1,1,98,"777777777777","777777777777","777777777777",0,0
48,482275,4,5,1,4,9,5,28,12,1,1,0,48,0,49,43,49043,4,2000,"4T1BF28B7YU0","4","T","1","B","F","2","8","B","7","Y","U","0",0,0,0,"000000000","00000000000",0,0,0,1,0,0,0,0,0,0,0,0,0,0,0,6,6,2,12,0,0,0,1,48,77082,9,9,99,9,9,9,999,999,99,99,99,99,99,99,9999,99,9999,0,0,0,0,0,3,6,45,1,1,2,1,3,3,5,53,1,1,1,98,"777777777777","777777777777","777777777777",0,0