"STATE","ST_CASE","VEH_NO","VE_FORMS","NUMOCCS","DAY","MONTH","HOUR","MINUTE","HARM_EV","MAN_COLL","UNITTYPE","HIT_RUN","REG_STAT","OWNER","MAKE","MODEL","MAK_MOD","BODY_TYP","MOD_YEAR","VIN","VIN_1","VIN_2","VIN_3","VIN_4","VIN_5","VIN_6","VIN_7","VIN_8","VIN_9","VIN_10","VIN_11","VIN_12","TOW_VEH","J_KNIFE","MCARR_I1","MCARR_I2","MCARR_ID","GVWR","V_CONFIG","CARGO_BT","HAZ_INV","HAZ_PLAC","HAZ_ID","HAZ_CNO","HAZ_REL","BUS_USE","SPEC_USE","EMER_USE","TRAV_SP","UNDERIDE","ROLLOVER","ROLINLOC","IMPACT1","DEFORMED","TOWED","M_HARM","VEH_SC1","VEH_SC2","FIRE_EXP","DR_PRES","L_STATE","DR_ZIP","L_STATUS","L_TYPE","CDL_STAT","L_ENDORS","L_COMPL","L_RESTRI","DR_HGT","DR_WGT","PREV_ACC","PREV_SUS","PREV_DWI","PREV_SPD","PREV_OTH","FIRST_MO","FIRST_YR","LAST_MO","LAST_YR","SPEEDREL","DR_SF1","DR_SF2","DR_SF3","DR_SF4","VTRAFWAY","VNUM_LAN","VSPD_LIM","VALIGN","VPROFILE","VPAVETYP","VSURCOND","VTRAFCON","VTCONT_F","P_CRASH1","P_CRASH2","P_CRASH3","PCRASH4","PCRASH5","ACC_TYPE","TRLR1VIN","TRLR2VIN","TRLR3VIN","DEATHS","DR_DRINK"
48,482346,4,7,1,15,9,6,33,12,6,1,0,48,1,12,481,12481,31,2011,"1FTFW1CF9BFC","1","F","T","F","W","1","C","F","9","B","F","C",0,0,0,"000000000","00000000000",0,0,0,1,0,0,0,0,0,0,0,998,0,0,0,12,2,3,12,0,0,0,1,48,77406,6,1,0,0,3,0,999,999,1,0,0,0,1,5,2014,7,2014,5,0,0,0,0,2,2,55,1,3,8,1,0,0,1,52,9,1,1,98,"777777777777","777777777777","777777777777",0,0
48,482346,5,7,1,15,9,6,33,12,6,1,0,48,1,12,37,12037,4,2005,"1FAFP34N25W1","1","F","A","F","P","3","4","N","2","5","W","1",0,0,0,"000000000","00000000000",0,0,0,1,0,0,0,0,0,0,0,998,0,0,0,6,2,3,12,0,0,0,1,48,77459,6,1,0,0,3,0,999,999,0,0,0,0,0,0,0,0,0,0,0,0,0,0,2,2,55,1,3,8,1,0,0,2,53,99,1,1,98,"777777777777","777777777777","777777777777",0,0
48,482346,6,7,1,15,9,6,33,12,6,1,0,48,1,55,33,55033,4,2011,"5NPEC4ACXBH0","5","N","P","E","C","4","A","C","X","B","H","0",0,0,0,"000000000","00000000000",0,0,0,1,0,0,0,0,0,0,0,998,0,0,0,7,2,3,12,0,0,0,1,48,77449,6,1,0,0,3,0,999,999,0,0,0,0,0,0,0,0,0,0,0,0,0,0,2,2,55,1,3,8,1,0,0,1,62,99,1,1,98,"777777777777","777777777777","777777777777",0,0
48,482346,7,7,1,15,9,6,33,12,6,1,0,48,1,49,46,49046,5,2014,"JTDKDTB36E15","J","T","D","K","D","T","B","3","6","E","1","5",0,0,0,"000000000","00000000000",0,0,0,1,0,0,0,0,0,0,0,998,0,0,0,12,2,3,12,0,0,0,1,48,77449,6,1,0,0,3,3,999,999,3,0,0,0,2,3,2012,3,2015,0,0,0,0,0,2,2,55,1,3,8,1,0,0,1,62,99,1,1,98,"777777777777","777777777777","777777777777",0,0
48,482347,1,1,4,15,9,11,42,1,0,1,0,96,9,7,482,7482,31,2006,"1D7HU18206S5","1","D","7","H","U","1","8","2","0","6","S","5",0,0,0,"000000000","00000000000",0,0,0,1,0,0,0,0,0,0,0,998,0,2,5,0,6,2,1,0,0,0,1,96,0,9,9,99,9,9,9,999,999,99,99,99,99,99,99,9999,99,9999,0,0,0,0,0,3,2,75,1,1,8,1,0,0,1,1,7,3,4,2,"777777777777","777777777777","777777777777",2,0
48,482348,1,1,2,15,9,10,25,1,0,1,0,48,2,35,472,35472,30,2007,"1N6AD09U17C4","1","N","6","A","D","0","9","U","1","7","C","4",0,0,0,"000000000","00000000000",0,0,0,1,0,0,0,0,0,0,0,998,0,2,5,0,6,2,1,0,0,0,1,48,76048,6,1,0,0,3,3,999,999,0,0,0,0,0,0,0,0,0,0,58,0,0,0,1,2,75,3,1,8,1,0,0,14,13,6,3,4,2,"777777777777","777777777777","777777777777",1,0
48,482349,1,1,1,16,9,20,41,8,0,1,0,48,1,20,481,20481,31,2011,"3GCPCREA7BG3","3","G","C","P","C","R","E","A","7","B","G","3",0,0,0,"000000000","00000000000",0,0,0,1,0,0,0,0,0,0,0,998,0,0,0,12,2,3,8,0,0,0,1,48,78050,6,1,0,0,3,0,999,999,0,0,0,0,0,0,0,0,0,0,0,0,0,0,5,5,45,1,1,8,1,0,0,1,80,1,1,1,13,"777777777777","777777777777","777777777777",0,0
48,482350,1,1,1,16,9,2,9,52,0,1,0,48,3,7,482,7482,40,2011,"3D6WF4EL3BG5","3","D","6","W","F","4","E","L","3","B","G","5",0,0,88,"888888888","88888888888",2,1,97,1,0,0,0,0,0,0,0,998,0,0,0,12,6,2,52,0,0,0,1,48,75070,6,1,0,0,3,0,999,999,1,9,0,0,1,1,2012,9,2016,0,0,0,0,0,3,5,70,1,1,8,1,0,0,1,13,99,1,4,1,"777777777777","777777777777","777777777777",1,0
48,482351,1,1,1,16,9,19,25,33,0,1,0,47,9,73,705,73705,80,2007,"JKAZX4P127A0","J","K","A","Z","X","4","P","1","2","7","A","0",0,0,0,"000000000","00000000000",0,0,0,1,0,0,0,0,0,0,0,998,0,0,0,98,8,5,33,0,0,0,1,99,99999,9,9,99,9,9,9,999,999,99,99,99,99,99,99,9999,99,9999,0,0,0,0,0,1,4,35,1,1,8,1,0,0,1,13,99,9,4,1,"777777777777","777777777777","777777777777",1,0
48,482352,1,2,1,16,9,9,20,12,6,1,0,93,1,85,881,85881,66,2001,"1XKADB9X21J8","1","X","K","A","D","B","9","X","2","1","J","8",1,1,57,"1332238","571332238",3,6,98,1,0,0,0,0,0,0,0,998,0,0,0,12,6,2,12,0,0,0,1,48,77044,6,1,6,0,3,0,999,999,0,0,0,0,1,10,2013,10,2013,0,0,0,0,0,1,4,50,1,1,8,1,0,0,1,66,99,1,1,86,"1DW1A53261S4","777777777777","777777777777",0,0
48,482352,2,2,2,16,9,9,20,12,6,1,0,48,1,6,441,6441,20,2014,"2C4RC1BGXER4","2","C","4","R","C","1","B","G","X","E","R","4",0,0,0,"000000000","00000000000",0,0,0,1,0,0,0,0,0,0,0,998,0,0,0,3,6,2,12,32,0,0,1,48,77447,6,1,0,0,3,3,999,999,0,0,0,0,0,0,0,0,0,0,38,0,0,0,1,2,99,1,1,8,1,20,3,1,17,99,1,1,87,"777777777777","777777777777","777777777777",2,0
48,482353,1,1,1,16,9,21,18,25,0,1,0,48,1,72,706,72706,80,2002,"1HD1FBW122Y6","1","H","D","1","F","B","W","1","2","2","Y","6",0,0,0,"000000000","00000000000",0,0,0,1,0,0,0,0,0,0,0,998,0,0,0,98,2,3,25,0,0,0,1,48,77586,6,1,0,0,3,3,999,999,0,0,0,0,0,0,0,0,0,0,0,0,0,0,3,2,45,1,1,8,1,0,0,1,13,99,9,4,1,"777777777777","777777777777","777777777777",1,0
48,482354,1,1,1,16,9,20,21,8,0,1,0,48,1,20,404,20404,14,2010,"2CNFLPEYXA62","2","C","N","F","L","P","E","Y","X","A","6","2",0,0,0,"000000000","00000000000",0,0,0,1,0,0,0,0,0,0,0,998,0,0,0,12,2,5,8,0,0,0,1,48,77088,6,1,0,0,3,3,999,999,1,0,0,0,0,3,2015,3,2015,0,0,0,0,0,4,3,45,1,1,1,1,0,0,1,80,99,1,1,13,"777777777777","777777777777","777777777777",0,0
48,482355,1,2,1,16,9,2,44,12,2,1,0,48,1,12,481,12481,31,2003,"1FTRW073X3KC","1","F","T","R","W","0","7","3","X","3","K","C",0,0,0,"000000000","00000000000",0,0,0,1,0,0,0,0,0,0,0,998,0,0,0,12,6,2,12,0,0,1,1,48,77502,6,1,0,0,3,0,999,999,0,10,1,2,0,6,2013,8,2016,0,50,91,0,0,3,3,60,1,1,1,1,0,0,1,54,99,1,1,52,"777777777777","777777777777","777777777777",0,1
48,482355,2,2,1,16,9,2,44,12,2,1,0,48,1,63,34,63034,4,2016,"KNAGT4L38G51","K","N","A","G","T","4","L","3","8","G","5","1",0,0,0,"000000000","00000000000",0,0,0,1,0,0,0,0,0,0,0,998,0,0,0,12,6,2,12,0,0,1,1,48,77015,0,0,0,0,0,0,999,999,0,0,0,1,1,1,2016,5,2016,0,0,0,0,0,3,3,60,1,1,1,1,0,0,1,54,99,1,1,52,"777777777777","777777777777","777777777777",1,1
48,482356,1,1,2,16,9,2,15,42,0,1,0,48,1,20,481,20481,31,1999,"1GCEC14W3XE1","1","G","C","E","C","1","4","W","3","X","E","1",0,0,0,"000000000","00000000000",0,0,0,1,0,0,0,0,0,0,0,998,0,0,0,3,6,2,42,0,0,0,1,48,78253,6,1,0,0,3,0,999,999,0,0,0,0,0,0,0,0,0,0,37,0,0,0,1,2,25,1,1,8,1,0,0,1,6,99,9,4,7,"777777777777","777777777777","777777777777",1,0
48,482357,1,1,1,17,9,2,18,42,0,1,0,48,1,12,422,12422,15,2003,"1FMFU18L33LC","1","F","M","F","U","1","8","L","3","3","L","C",0,0,0,"000000000","00000000000",0,0,0,1,0,0,0,0,0,0,0,998,0,1,5,12,6,2,42,0,0,0,1,48,78521,6,1,6,0,3,0,999,999,0,0,0,0,0,0,0,0,0,4,0,0,0,0,1,2,30,1,1,4,1,0,0,1,6,99,9,4,7,"777777777777","777777777777","777777777777",1,1
48,482358,1,2,1,17,9,4,40,12,1,1,0,48,1,58,37,58037,4,2011,"JN1CV6AP3BM3","J","N","1","C","V","6","A","P","3","B","M","3",0,0,0,"000000000","00000000000",0,0,0,1,0,0,0,0,0,0,0,998,0,0,0,12,6,2,12,0,0,0,1,48,76011,6,1,0,0,3,0,69,170,0,7,1,0,1,3,2012,5,2016,5,0,0,0,0,2,3,40,1,1,8,1,3,3,1,51,99,1,1,24,"777777777777","777777777777","777777777777",1,1
48,482358,2,2,1,17,9,4,40,12,1,1,0,93,3,82,881,82881,66,2000,"1FUYDSZB1YLA","1","F","U","Y","D","S","Z","B","1","Y","L","A",1,1,57,"1361989","571361989",3,6,98,1,0,0,0,0,0,0,0,998,0,0,0,6,6,2,12,0,0,0,1,40,73089,6,1,6,0,3,3,68,200,0,0,0,0,0,0,0,0,0,0,0,0,0,0,2,3,40,1,1,8,1,3,3,3,53,99,1,1,25,"3H3V482C6GT0","777777777777","777777777777",0,0
48,482359,1,2,1,17,9,8,55,12,6,1,0,48,1,37,32,37032,4,2006,"1HGCM56466A0","1","H","G","C","M","5","6","4","6","6","A","0",0,0,0,"000000000","00000000000",0,0,0,1,0,0,0,0,0,0,0,64,0,0,0,3,6,2,12,0,0,0,1,48,77090,6,1,0,0,3,0,999,999,0,0,0,1,0,10,2013,10,2013,3,58,0,0,0,5,5,45,3,1,8,1,0,0,14,13,6,9,6,66,"777777777777","777777777777","777777777777",1,0
48,482359,2,2,1,17,9,8,55,12,6,1,0,48,1,69,54,69054,6,2014,"WMWZC3C50EWP","W","M","W","Z","C","3","C","5","0","E","W","P",0,0,0,"000000000","00000000000",0,0,0,1,0,0,0,0,0,0,0,998,0,0,0,12,6,2,12,0,0,0,1,48,77379,6,1,0,0,3,0,999,999,0,0,0,0,0,0,0,0,0,0,0,0,0,0,5,5,45,2,1,8,1,0,0,14,62,99,1,1,66,"777777777777","777777777777","777777777777",0,0
48,482360,1,2,2,17,9,9,35,12,6,1,0,48,1,7,482,7482,31,2003,"1D7HA18D63J5","1","D","7","H","A","1","8","D","6","3","J","5",0,0,0,"000000000","00000000000",0,0,0,1,0,0,0,0,0,0,0,998,0,1,1,62,6,2,12,0,0,0,1,48,75402,6,1,6,0,3,3,999,999,1,0,0,0,1,1,2015,7,2015,0,48,0,0,0,1,3,65,1,1,8,1,0,0,11,15,99,1,2,72,"777777777777","777777777777","777777777777",1,0
48,482360,2,2,1,17,9,9,35,12,6,1,0,48,1,22,20,22020,4,2000,"1G2WR5211YF3","1","G","2","W","R","5","2","1","1","Y","F","3",0,0,0,"000000000","00000000000",0,0,0,1,0,0,0,0,0,0,0,998,0,0,0,12,6,2,12,0,0,0,1,48,75401,6,1,0,0,3,0,999,999,0,0,0,2,0,6,2014,6,2016,0,0,0,0,0,1,3,65,1,1,8,1,0,0,1,64,6,1,2,73,"777777777777","777777777777","777777777777",0,0
48,482361,1,2,2,18,9,14,38,12,7,1,0,48,2,6,51,6051,4,2013,"2C3CCAAG0DH6","2","C","3","C","C","A","A","G","0","D","H","6",0,0,0,"000000000","00000000000",0,0,0,1,0,0,0,0,0,0,0,998,0,0,0,82,6,2,12,0,0,0,1,48,77807,6,1,0,0,3,0,999,999,1,0,0,2,1,12,2014,12,2015,0,0,0,0,0,5,5,40,1,1,8,1,0,0,1,61,99,1,1,45,"777777777777","777777777777","777777777777",0,0
48,482361,2,2,1,18,9,14,38,12,7,1,0,48,1,53,705,53705,80,2001,"JS1VP52A1121","J","S","1","V","P","5","2","A","1","1","2","1",0,0,0,"000000000","00000000000",0,0,0,1,0,0,0,0,0,0,0,998,0,0,0,63,8,2,12,0,0,0,1,48,77845,6,1,0,0,3,0,999,999,0,0,0,2,2,11,2015,2,2016,0,27,0,0,0,5,5,40,1,1,8,1,0,0,15,10,99,1,2,47,"777777777777","777777777777","777777777777",1,0
48,482362,1,1,1,18,9,3,50,33,0,1,0,48,1,72,706,72706,80,2014,"1HD1KEL15EB6","1","H","D","1","K","E","L","1","5","E","B","6",0,0,0,"000000000","00000000000",0,0,0,1,0,0,0,0,0,0,0,998,0,0,0,12,6,2,30,0,0,0,1,48,75088,6,1,0,0,3,0,67,219,0,0,0,0,0,0,0,0,0,0,0,0,0,0,3,3,40,1,1,8,1,0,0,1,12,99,9,4,6,"777777777777","777777777777","777777777777",1,1
48,482363,1,1,1,18,9,12,30,1,0,1,0,48,2,73,706,73706,80,2004,"JKBVNAE164A1","J","K","B","V","N","A","E","1","6","4","A","1",0,0,0,"000000000","00000000000",0,0,0,1,0,0,0,0,0,0,0,998,0,0,0,0,2,3,1,0,0,0,1,48,75119,1,1,0,0,2,0,999,999,0,1,0,1,0,4,2014,6,2014,4,0,0,0,0,1,2,55,2,1,8,1,0,0,1,6,16,2,2,98,"777777777777","777777777777","777777777777",1,0
48,482364,1,1,1,19,9,9,11,14,0,1,0,48,1,12,401,12401,14,2013,"1FM5K7D82DGB","1","F","M","5","K","7","D","8","2","D","G","B",0,0,0,"000000000","00000000000",0,0,0,1,0,0,0,0,0,0,0,998,0,0,0,3,2,3,8,0,0,0,1,48,78211,6,1,0,0,3,0,999,999,0,0,0,0,0,0,0,0,0,0,0,0,0,0,1,2,60,1,1,8,1,0,0,15,98,7,9,4,1,"777777777777","777777777777","777777777777",0,0
48,482365,1,1,1,19,9,1,3,33,0,1,0,48,1,72,706,72706,80,2008,"1HD1FS4478Y6","1","H","D","1","F","S","4","4","7","8","Y","6",0,0,0,"000000000","00000000000",0,0,0,1,0,0,0,0,0,0,0,998,0,0,0,12,6,2,30,0,0,0,1,48,78124,6,1,6,0,3,0,999,999,0,0,0,0,2,2,2012,6,2012,4,0,0,0,0,1,4,30,2,2,8,1,0,0,14,12,99,1,4,6,"777777777777","777777777777","777777777777",1,1
48,482366,1,2,99,19,9,0,2,8,0,1,1,99,9,49,999,49999,49,9999,"999999999999","9","9","9","9","9","9","9","9","9","9","9","9",0,0,0,"000000000","00000000000",0,0,0,1,0,0,0,0,0,0,0,998,0,0,0,99,9,5,8,99,99,0,1,48,79935,6,1,6,0,3,0,999,999,0,0,0,0,0,0,0,0,0,0,99,99,99,99,3,2,35,1,1,8,1,0,0,1,80,99,9,1,13,"777777777777","777777777777","777777777777",0,1
48,482366,2,2,3,19,9,0,2,8,0,1,0,48,2,18,2,18002,4,2000,"1G4HR54K8YU1","1","G","4","H","R","5","4","K","8","Y","U","1",0,0,0,"000000000","00000000000",0,0,0,1,0,0,0,0,0,0,0,998,0,0,0,14,8,2,8,0,0,0,1,48,79935,6,1,0,0,3,3,999,999,1,0,0,0,0,10,2012,10,2012,0,0,0,0,0,3,2,35,1,1,8,1,0,0,1,80,99,1,1,98,"777777777777","777777777777","777777777777",0,0
48,482367,1,2,99,20,9,3,40,12,7,1,1,99,9,99,999,99999,99,9999,"999999999999","9","9","9","9","9","9","9","9","9","9","9","9",0,0,0,"000000000","00000000000",0,0,0,1,0,0,0,0,0,0,0,998,0,0,0,81,2,5,12,99,99,0,1,99,99999,9,9,99,9,9,9,999,999,99,99,99,99,99,99,9999,99,9999,0,28,0,0,0,3,3,60,3,1,8,1,0,0,14,11,99,9,2,44,"777777777777","777777777777","777777777777",0,0
48,482367,2,2,1,20,9,3,40,12,7,1,0,48,1,73,706,73706,80,2011,"JKBVNRJ16BA0","J","K","B","V","N","R","J","1","6","B","A","0",0,0,0,"000000000","00000000000",0,0,0,1,0,0,0,0,0,0,0,998,0,0,0,61,2,3,12,0,0,0,1,48,78247,6,1,0,0,3,0,999,999,0,0,0,0,0,0,0,0,0,0,0,0,0,0,3,3,60,3,1,8,1,0,0,14,60,99,1,1,45,"777777777777","777777777777","777777777777",1,0
48,482368,1,1,1,20,9,6,56,21,0,1,0,48,2,12,402,12402,14,2017,"1FMCU0JD0HUA","1","F","M","C","U","0","J","D","0","H","U","A",0,0,0,"000000000","00000000000",0,0,0,1,0,0,0,0,0,0,0,60,0,0,0,12,6,2,21,0,0,0,1,48,75039,6,1,0,0,3,0,65,184,0,0,0,0,0,0,0,0,0,0,0,0,0,0,4,1,60,2,2,8,1,0,0,1,12,1,1,4,6,"777777777777","777777777777","777777777777",1,0
48,482369,1,1,1,20,9,3,4,1,0,1,0,48,1,12,481,12481,31,2000,"1FTNW21F8YEE","1","F","T","N","W","2","1","F","8","Y","E","E",0,0,0,"000000000","00000000000",0,0,0,1,0,0,0,0,0,0,0,998,0,1,1,0,6,2,1,0,0,1,1,48,75229,6,1,0,0,3,0,999,999,0,0,0,0,0,0,0,0,0,5,58,0,0,0,2,3,75,1,2,2,1,0,0,1,13,6,5,6,98,"777777777777","777777777777","777777777777",1,0
48,482370,1,1,1,20,9,11,11,8,0,1,0,48,2,23,481,23481,31,1980,"TCG44AS51422","T","C","G","4","4","A","S","5","1","4","2","2",0,0,0,"000000000","00000000000",0,0,0,1,0,0,0,0,0,0,0,998,0,0,0,12,6,2,8,0,0,0,1,48,75704,1,1,0,0,2,0,999,999,0,3,0,0,0,3,2012,5,2016,0,0,0,0,0,1,8,45,1,2,8,1,0,0,1,11,99,1,4,13,"777777777777","777777777777","777777777777",0,0
48,482371,1,1,1,28,8,2,16,8,0,1,0,48,1,34,34,34034,4,2013,"WBA3A5G5XDNP","W","B","A","3","A","5","G","5","X","D","N","P",0,0,0,"000000000","00000000000",0,0,0,1,0,0,0,0,0,0,0,998,0,0,0,12,6,2,8,0,0,0,1,48,76708,6,1,0,0,3,0,999,999,0,0,0,1,0,12,2013,12,2013,0,0,0,0,0,2,2,40,1,2,8,1,3,3,1,81,99,1,1,13,"777777777777","777777777777","777777777777",0,1
48,482372,1,1,1,5,9,18,44,8,0,1,0,48,3,82,881,82881,66,2010,"1FUJGBDV3ASA","1","F","U","J","G","B","D","V","3","A","S","A",1,1,57,"156275","57156275",3,6,1,1,0,0,0,0,0,0,0,998,0,0,0,12,6,2,8,0,0,0,1,48,77084,6,1,6,0,3,0,999,999,0,0,0,0,0,0,0,0,0,0,0,0,0,0,3,2,75,1,1,8,1,0,0,1,80,99,1,1,13,"1GRAA7624EB7","777777777777","777777777777",0,0
48,482373,1,1,1,9,9,22,24,24,0,1,0,48,0,22,20,22020,2,1999,"1G2WP12K2XF2","1","G","2","W","P","1","2","K","2","X","F","2",0,0,0,"000000000","00000000000",0,0,0,1,0,0,0,0,0,0,0,998,0,1,5,12,6,2,1,0,0,0,1,48,77060,0,0,0,0,0,0,999,999,0,0,0,0,0,0,0,0,0,3,0,0,0,0,1,2,35,1,1,8,1,0,0,1,12,7,1,4,6,"777777777777","777777777777","777777777777",1,1
48,482374,1,1,1,18,9,0,1,8,0,1,0,48,1,12,37,12037,4,2000,"1FAFP3438YW2","1","F","A","F","P","3","4","3","8","Y","W","2",0,0,0,"000000000","00000000000",0,0,0,1,0,0,0,0,0,0,0,998,0,0,0,12,6,2,8,0,0,0,1,48,75159,6,1,0,0,3,0,999,999,0,0,0,0,0,0,0,0,0,0,0,0,0,0,1,2,40,1,1,8,1,0,0,1,80,99,1,1,13,"777777777777","777777777777","777777777777",0,0
48,482375,1,5,1,18,9,18,25,12,1,1,0,48,1,12,481,12481,31,2011,"1FTFW1EF7BFB","1","F","T","F","W","1","E","F","7","B","F","B",0,0,0,"000000000","00000000000",0,0,0,1,0,0,0,0,0,0,0,998,0,0,0,12,6,2,12,0,0,0,1,48,79412,6,1,0,0,3,0,999,999,1,1,0,0,0,6,2012,8,2012,5,91,0,0,0,3,4,40,1,1,8,1,3,3,1,50,99,1,1,20,"777777777777","777777777777","777777777777",0,1
48,482375,2,5,1,18,9,18,25,12,1,1,0,48,1,72,706,72706,80,2006,"1HD1JFB146Y0","1","H","D","1","J","F","B","1","4","6","Y","0",0,0,0,"000000000","00000000000",0,0,0,1,0,0,0,0,0,0,0,0,0,0,0,6,8,2,12,0,0,0,1,48,79413,6,1,0,0,3,3,999,999,0,0,0,1,0,1,2013,1,2013,0,0,0,0,0,3,4,40,1,1,8,1,3,3,5,53,1,1,1,21,"777777777777","777777777777","777777777777",1,0
48,482375,3,5,1,18,9,18,25,12,1,1,0,48,2,63,401,63401,14,2013,"KNDPC3A23D74","K","N","D","P","C","3","A","2","3","D","7","4",0,0,0,"000000000","00000000000",0,0,0,1,0,0,0,0,0,0,0,998,0,0,0,9,6,2,12,0,0,0,1,48,79416,6,1,0,0,3,3,999,999,1,1,0,1,0,10,2012,1,2013,0,0,0,0,0,1,9,98,8,8,8,98,3,3,3,66,99,1,1,98,"777777777777","777777777777","777777777777",0,0
48,482375,4,5,1,18,9,18,25,12,1,1,0,48,0,30,402,30402,14,2011,"WVGAV7AX9BW5","W","V","G","A","V","7","A","X","9","B","W","5",0,0,0,"000000000","00000000000",0,0,0,1,0,0,0,0,0,0,0,998,0,0,0,12,2,5,12,0,0,0,1,48,79413,6,1,0,0,3,0,999,999,0,0,0,0,0,0,0,0,0,0,0,0,0,0,1,9,98,8,8,8,98,3,3,3,66,99,1,1,98,"777777777777","777777777777","777777777777",0,0
48,482375,5,5,1,18,9,18,25,12,1,1,0,48,1,12,481,12481,31,2007,"1FTSW21P67EB","1","F","T","S","W","2","1","P","6","7","E","B",0,0,0,"000000000","00000000000",0,0,0,1,0,0,0,0,0,0,0,998,0,0,0,12,2,3,12,0,0,0,1,48,79364,6,1,0,0,3,0,999,999,0,0,0,0,0,0,0,0,0,0,0,0,0,0,1,9,98,8,8,8,98,3,3,3,66,99,1,1,98,"777777777777","777777777777","777777777777",0,0
48,482376,1,1,1,19,9,8,22,8,0,1,0,48,3,51,881,51881,63,2011,"4V4NC9DG2BN5","4","V","4","N","C","9","D","G","2","B","N","5",0,0,57,"1969627","571969627",3,2,96,1,0,0,0,0,0,0,0,998,0,0,0,12,0,5,8,0,0,0,1,48,78239,6,1,6,0,3,0,999,999,0,1,0,1,2,2,2012,3,2015,0,0,0,0,0,3,3,65,1,1,8,1,0,0,1,80,1,1,1,13,"777777777777","777777777777","777777777777",0,0
48,482377,1,1,2,21,9,14,53,9,0,1,0,48,1,20,431,20431,16,1999,"3GNEC16R0XG1","3","G","N","E","C","1","6","R","0","X","G","1",0,0,0,"000000000","00000000000",0,0,0,1,0,0,0,0,0,0,0,998,0,0,0,12,2,3,9,0,0,0,1,48,75042,1,1,0,0,2,0,999,999,0,4,0,0,0,2,2013,6,2015,0,0,0,0,0,2,4,40,1,1,8,1,0,0,1,83,1,1,1,13,"777777777777","777777777777","777777777777",0,0
48,482378,1,1,1,21,9,6,46,15,0,1,0,48,2,20,481,20481,31,2002,"1GCHC23182F1","1","G","C","H","C","2","3","1","8","2","F","1",0,0,0,"000000000","00000000000",0,0,0,1,0,0,0,0,0,0,0,998,0,0,0,12,2,5,15,0,0,0,1,48,77532,6,7,2,0,3,1,999,999,0,0,0,0,0,0,0,0,0,0,0,0,0,0,1,2,40,1,1,8,1,0,0,1,80,1,1,1,13,"777777777777","777777777777","777777777777",0,0
48,482379,1,2,1,21,9,19,27,12,2,1,0,22,1,20,481,20481,31,2004,"2GCEC19V8413","2","G","C","E","C","1","9","V","8","4","1","3",0,0,0,"000000000","00000000000",0,0,0,1,0,0,0,0,0,0,0,998,0,0,0,12,6,2,12,0,0,0,1,22,77450,6,1,0,0,3,0,68,205,0,0,0,0,0,0,0,0,0,0,28,0,0,0,3,2,35,1,1,8,1,0,0,1,10,99,1,4,50,"777777777777","777777777777","777777777777",1,0
48,482379,2,2,1,21,9,19,27,12,2,1,0,48,1,55,35,55035,4,2017,"5NPD84LF6HH0","5","N","P","D","8","4","L","F","6","H","H","0",0,0,0,"000000000","00000000000",0,0,0,1,0,0,0,0,0,0,0,998,0,0,0,12,6,2,12,0,0,0,1,48,77493,6,1,0,0,3,3,999,999,0,0,0,0,0,0,0,0,0,0,0,0,0,0,3,2,35,1,1,8,1,0,0,1,62,99,1,1,51,"777777777777","777777777777","777777777777",0,0
48,482380,1,1,1,22,9,0,15,1,0,1,0,40,1,20,481,20481,31,2008,"1GCEC19088Z2","1","G","C","E","C","1","9","0","8","8","Z","2",0,0,0,"000000000","00000000000",0,0,0,1,0,0,0,0,0,0,0,998,0,2,3,0,6,2,1,0,0,0,1,48,78501,6,1,0,0,3,0,999,999,0,2,0,1,0,8,2015,8,2016,0,0,0,0,0,2,2,75,1,1,8,1,0,0,1,13,99,4,4,6,"777777777777","777777777777","777777777777",1,1
48,482381,1,1,3,2,7,0,23,58,0,1,0,48,1,12,481,12481,31,2002,"1FTRX17L52NA","1","F","T","R","X","1","7","L","5","2","N","A",0,0,0,"000000000","00000000000",0,0,0,1,0,0,0,0,0,0,0,998,0,1,6,98,6,2,1,0,0,0,1,48,79720,6,1,0,0,3,0,999,999,1,2,0,0,0,9,2012,3,2015,0,58,0,0,0,1,2,40,1,3,8,1,0,0,1,9,99,9,4,7,"777777777777","777777777777","777777777777",1,0
48,482382,1,1,99,27,7,0,29,8,0,1,1,99,9,99,999,99999,99,9999,"999999999999","9","9","9","9","9","9","9","9","9","9","9","9",0,0,0,"000000000","00000000000",0,0,0,1,0,0,0,0,0,0,0,998,0,0,0,98,8,5,8,99,99,0,1,99,99999,9,9,99,9,9,9,999,999,99,99,99,99,99,99,9999,99,9999,5,99,99,99,99,1,2,30,1,1,8,1,0,0,1,82,99,1,1,13,"777777777777","777777777777","777777777777",0,0
48,482383,1,2,1,6,8,3,0,12,6,1,0,42,1,19,18,19018,4,2013,"1G6DG5E55D01","1","G","6","D","G","5","E","5","5","D","0","1",0,0,0,"000000000","00000000000",0,0,0,1,0,0,0,0,0,0,0,998,0,0,0,12,6,2,12,0,0,0,1,42,19343,6,1,0,0,3,0,66,999,0,0,0,0,0,0,0,0,0,0,39,0,0,0,1,2,99,1,1,8,1,20,3,1,17,99,1,1,86,"777777777777","777777777777","777777777777",1,0