"STATE","ST_CASE","VEH_NO","VE_FORMS","NUMOCCS","DAY","MONTH","HOUR","MINUTE","HARM_EV","MAN_COLL","UNITTYPE","HIT_RUN","REG_STAT","OWNER","MAKE","MODEL","MAK_MOD","BODY_TYP","MOD_YEAR","VIN","VIN_1","VIN_2","VIN_3","VIN_4","VIN_5","VIN_6","VIN_7","VIN_8","VIN_9","VIN_10","VIN_11","VIN_12","TOW_VEH","J_KNIFE","MCARR_I1","MCARR_I2","MCARR_ID","GVWR","V_CONFIG","CARGO_BT","HAZ_INV","HAZ_PLAC","HAZ_ID","HAZ_CNO","HAZ_REL","BUS_USE","SPEC_USE","EMER_USE","TRAV_SP","UNDERIDE","ROLLOVER","ROLINLOC","IMPACT1","DEFORMED","TOWED","M_HARM","VEH_SC1","VEH_SC2","FIRE_EXP","DR_PRES","L_STATE","DR_ZIP","L_STATUS","L_TYPE","CDL_STAT","L_ENDORS","L_COMPL","L_RESTRI","DR_HGT","DR_WGT","PREV_ACC","PREV_SUS","PREV_DWI","PREV_SPD","PREV_OTH","FIRST_MO","FIRST_YR","LAST_MO","LAST_YR","SPEEDREL","DR_SF1","DR_SF2","DR_SF3","DR_SF4","VTRAFWAY","VNUM_LAN","VSPD_LIM","VALIGN","VPROFILE","VPAVETYP","VSURCOND","VTRAFCON","VTCONT_F","P_CRASH1","P_CRASH2","P_CRASH3","PCRASH4","PCRASH5","ACC_TYPE","TRLR1VIN","TRLR2VIN","TRLR3VIN","DEATHS","DR_DRINK"
48,482383,2,2,1,6,8,3,0,12,6,1,0,93,3,87,884,87884,66,2016,"1XPBDP9X3GD3","1","X","P","B","D","P","9","X","3","G","D","3",1,1,57,"1341550","571341550",3,6,2,2,2,1075,2,1,0,0,0,998,0,0,0,81,6,2,12,0,0,0,1,48,75684,6,1,6,1,3,3,999,999,1,0,0,1,0,3,2013,12,2014,0,0,0,0,0,2,2,60,1,1,8,1,0,0,1,68,99,1,1,87,"1W9PH4128DM3","777777777777","777777777777",0,0
48,482384,1,1,1,9,8,8,46,32,0,1,0,48,1,20,421,20421,15,1997,"1GNCS13W7V21","1","G","N","C","S","1","3","W","7","V","2","1",0,0,0,"000000000","00000000000",0,0,0,1,0,0,0,0,0,0,0,998,0,1,5,98,6,2,32,0,0,0,1,48,76044,6,1,0,0,3,3,999,999,2,0,0,1,0,12,2011,12,2015,0,0,0,0,0,5,5,45,3,3,8,1,0,0,1,13,1,1,4,1,"777777777777","777777777777","777777777777",1,0
48,482385,1,1,1,19,8,20,24,33,0,1,0,48,1,20,481,20481,31,2004,"2GCEC13T2414","2","G","C","E","C","1","3","T","2","4","1","4",0,0,0,"000000000","00000000000",0,0,0,1,0,0,0,0,0,0,0,998,0,1,5,2,6,2,1,0,0,0,1,48,78741,6,1,0,0,3,3,999,999,0,0,0,0,0,0,0,0,0,0,0,0,0,0,4,3,55,1,2,8,2,0,0,1,13,99,1,4,1,"777777777777","777777777777","777777777777",1,0
48,482386,1,2,1,27,8,11,0,12,6,1,0,48,3,85,881,85881,66,2010,"1XKDD49X6AJ2","1","X","K","D","D","4","9","X","6","A","J","2",1,2,57,"1995304","571995304",3,6,2,1,0,0,0,0,0,0,0,998,0,0,0,62,6,2,12,0,0,0,1,4,85020,6,1,6,1,3,0,68,230,0,0,0,1,0,5,2015,5,2015,0,27,0,0,0,1,2,75,1,1,8,1,0,0,17,54,7,9,2,64,"3A9SV4025DM2","777777777777","777777777777",1,0
48,482386,2,2,1,27,8,11,0,12,6,1,0,48,1,82,881,82881,66,2005,"1FUJA6CG55DU","1","F","U","J","A","6","C","G","5","5","D","U",1,1,57,"2209031","572209031",3,6,2,1,0,0,0,0,0,0,0,998,0,0,0,12,6,2,12,0,0,0,1,48,79763,6,1,6,1,3,0,999,999,0,0,0,0,0,0,0,0,0,0,0,0,0,0,1,2,75,1,1,8,1,0,0,1,62,99,1,1,65,"5AGEV4226CS1","777777777777","777777777777",1,0
48,482387,1,2,1,29,8,0,5,12,6,1,0,48,1,73,706,73706,80,2011,"JKAZXCG12BA0","J","K","A","Z","X","C","G","1","2","B","A","0",0,0,0,"000000000","00000000000",0,0,0,1,0,0,0,0,0,0,0,998,0,0,0,98,9,2,12,0,0,0,1,48,77051,1,1,0,0,2,0,999,999,1,4,0,4,1,12,2012,7,2016,0,39,0,0,0,3,3,45,1,1,1,1,3,3,1,17,99,1,1,83,"777777777777","777777777777","777777777777",1,1
48,482387,2,2,1,29,8,0,5,12,6,1,0,48,1,63,34,63034,4,2006,"KNAGD1283654","K","N","A","G","D","1","2","8","3","6","5","4",0,0,0,"000000000","00000000000",0,0,0,1,0,0,0,0,0,0,0,998,0,0,0,62,2,3,12,0,0,0,1,48,77081,6,1,0,0,3,3,999,999,0,0,0,0,0,0,0,0,0,0,0,0,0,0,3,3,99,1,1,1,1,3,3,11,15,99,1,1,82,"777777777777","777777777777","777777777777",0,0
48,482388,1,1,1,2,9,22,19,9,0,1,1,99,9,99,999,99999,99,9999,"999999999999","9","9","9","9","9","9","9","9","9","9","9","9",0,0,0,"000000000","00000000000",0,0,0,1,0,0,0,0,0,0,0,998,0,0,0,98,8,5,9,99,99,0,1,99,99999,9,9,99,9,9,9,999,999,99,99,99,99,99,99,9999,99,9999,0,99,99,99,99,1,2,55,1,1,8,1,0,0,1,83,99,1,1,13,"777777777777","777777777777","777777777777",0,0
48,482389,1,2,2,2,9,11,0,12,6,1,0,48,1,49,53,49053,5,2009,"4T3ZE11A69U0","4","T","3","Z","E","1","1","A","6","9","U","0",0,0,0,"000000000","00000000000",0,0,0,1,0,0,0,0,0,0,0,998,0,0,0,62,6,2,12,32,0,0,1,48,77318,6,1,0,0,3,0,999,999,0,0,0,0,0,0,0,0,0,0,0,0,0,0,1,2,65,2,2,8,1,0,0,14,11,99,9,6,66,"777777777777","777777777777","777777777777",1,0
48,482389,2,2,1,2,9,11,0,12,6,1,0,48,3,84,884,84884,66,2005,"3HSCESBR25N0","3","H","S","C","E","S","B","R","2","5","N","0",1,1,57,"2200387","572200387",3,6,4,1,0,0,0,0,0,0,0,998,0,0,0,12,6,2,12,0,0,0,1,48,77358,6,1,6,0,3,0,999,999,1,0,0,1,0,11,2014,3,2015,0,0,0,0,0,1,2,65,3,2,8,1,0,0,14,54,6,1,2,66,"4E7EA39228AS","777777777777","777777777777",0,0
48,482390,1,2,1,6,9,7,53,12,6,1,0,48,1,14,6,14006,4,2003,"2MEFM75WX3X6","2","M","E","F","M","7","5","W","X","3","X","6",0,0,0,"000000000","00000000000",0,0,0,1,0,0,0,0,0,0,0,998,0,0,0,9,2,3,12,0,0,0,1,48,78412,6,1,0,0,3,3,999,999,0,0,0,0,1,8,2016,8,2016,0,38,0,0,0,0,0,0,0,0,0,0,0,0,1,17,99,1,1,89,"777777777777","777777777777","777777777777",1,0
48,482390,2,2,1,6,9,7,53,12,6,1,0,48,1,12,402,12402,14,2011,"1FMCU0DG0BKB","1","F","M","C","U","0","D","G","0","B","K","B",0,0,0,"000000000","00000000000",0,0,0,1,0,0,0,0,0,0,0,998,0,0,0,12,6,2,12,0,0,0,1,48,78404,6,1,0,0,3,3,999,999,0,0,0,0,0,0,0,0,0,0,0,0,0,0,2,2,40,1,1,8,2,0,0,1,71,16,9,1,88,"777777777777","777777777777","777777777777",0,0
48,482391,1,2,1,7,9,18,5,12,2,1,0,48,3,82,884,82884,66,1996,"1FUYDZYB6TP6","1","F","U","Y","D","Z","Y","B","6","T","P","6",1,1,57,"1590462","571590462",3,6,2,1,0,0,0,0,0,0,0,998,0,0,0,12,6,2,12,0,0,0,1,48,79936,6,1,6,1,3,0,999,999,0,0,0,0,3,10,2012,5,2016,4,51,0,0,0,1,2,75,1,1,8,2,0,0,1,6,99,9,2,52,"1G9VT402XBH0","777777777777","777777777777",0,0
48,482391,2,2,2,7,9,18,5,12,2,1,0,48,3,23,881,23881,61,1994,"1GBP7H1J8RJ1","1","G","B","P","7","H","1","J","8","R","J","1",0,0,88,"888888888","88888888888",2,1,98,1,0,0,0,0,0,7,5,998,1,1,5,12,6,2,12,0,0,0,1,48,79777,6,1,6,0,3,0,999,999,0,0,0,0,0,0,0,0,0,0,0,0,0,0,1,2,75,1,1,8,2,0,0,1,62,99,1,1,52,"777777777777","777777777777","777777777777",1,0
48,482392,1,2,1,8,9,7,10,12,2,1,0,48,2,20,2,20002,4,2005,"2G1WH52K3593","2","G","1","W","H","5","2","K","3","5","9","3",0,0,0,"000000000","00000000000",0,0,0,1,0,0,0,0,0,0,0,998,0,0,0,12,6,2,12,0,0,0,1,48,76487,6,1,0,0,3,0,999,999,0,0,0,0,0,0,0,0,0,0,51,0,0,0,5,3,55,1,1,8,1,0,0,1,10,99,1,2,50,"777777777777","777777777777","777777777777",1,0
48,482392,2,2,1,8,9,7,10,12,2,1,0,48,1,54,39,54039,4,2010,"JH4CU2F61AC0","J","H","4","C","U","2","F","6","1","A","C","0",0,0,0,"000000000","00000000000",0,0,0,1,0,0,0,0,0,0,0,998,0,0,0,12,6,2,12,0,0,0,1,48,76148,6,1,0,0,3,3,999,999,1,0,0,1,0,11,2012,9,2014,0,0,0,0,0,5,3,55,1,1,8,1,0,0,1,62,99,1,1,51,"777777777777","777777777777","777777777777",0,0
48,482393,1,1,9,10,9,20,39,26,0,1,0,48,2,12,422,12422,15,2005,"1FMFU18585LA","1","F","M","F","U","1","8","5","8","5","L","A",0,0,0,"000000000","00000000000",0,0,0,1,0,0,0,0,0,0,0,998,0,1,1,81,6,2,26,0,0,0,1,48,78408,6,1,0,0,3,3,999,999,0,0,0,0,0,0,0,0,0,0,91,0,0,0,6,2,65,2,1,8,1,0,0,14,13,99,9,4,1,"777777777777","777777777777","777777777777",1,0
48,482394,1,2,1,11,9,8,15,12,1,1,0,48,1,58,37,58037,4,2010,"JN1CV6AP7AM4","J","N","1","C","V","6","A","P","7","A","M","4",0,0,0,"000000000","00000000000",0,0,0,1,0,0,0,0,0,0,0,998,0,0,0,6,2,3,12,32,0,0,1,48,77494,6,1,0,0,3,3,999,999,0,0,0,0,0,0,0,0,0,0,38,0,0,0,2,2,99,1,1,8,1,99,9,10,16,99,1,1,78,"777777777777","777777777777","777777777777",0,0
48,482394,2,2,1,11,9,8,15,12,1,1,0,48,1,53,706,53706,80,2013,"JS1GT78A8D21","J","S","1","G","T","7","8","A","8","D","2","1",0,0,0,"000000000","00000000000",0,0,0,1,0,0,0,0,0,0,0,998,0,0,0,12,8,2,12,0,0,0,1,48,77407,6,1,0,0,3,0,999,999,0,0,0,0,0,0,0,0,0,0,0,0,0,0,4,3,50,1,1,8,1,0,0,1,65,16,2,1,79,"777777777777","777777777777","777777777777",1,0
48,482395,1,1,99,11,9,3,6,8,0,1,1,48,2,22,18,22018,2,1999,"1G2NE12T8XM9","1","G","2","N","E","1","2","T","8","X","M","9",0,0,0,"000000000","00000000000",0,0,0,1,0,0,0,0,0,0,0,998,0,0,0,12,2,5,8,99,99,0,1,48,79029,6,1,0,0,3,3,999,999,0,0,0,0,0,0,0,0,0,0,99,99,99,99,1,2,30,1,1,8,1,0,0,1,80,99,1,1,13,"777777777777","777777777777","777777777777",0,0
48,482396,1,2,1,14,9,15,58,12,2,1,0,35,0,12,401,12401,14,1994,"1FMDU34X9RUA","1","F","M","D","U","3","4","X","9","R","U","A",0,0,0,"000000000","00000000000",0,0,0,1,0,0,0,0,0,0,0,998,0,0,0,12,6,2,12,0,0,0,1,48,79606,1,1,0,0,2,0,999,999,0,4,0,0,0,1,2012,6,2014,4,91,0,0,0,2,2,75,2,1,8,2,0,0,14,6,99,9,4,98,"777777777777","777777777777","777777777777",0,1
48,482396,2,2,2,14,9,15,58,12,2,1,0,48,1,6,441,6441,20,2015,"2C4RC1BG3FR6","2","C","4","R","C","1","B","G","3","F","R","6",0,0,0,"000000000","00000000000",0,0,0,1,0,0,0,0,0,0,0,998,0,0,0,12,6,2,12,0,0,0,1,48,79545,6,1,0,0,3,3,999,999,0,0,0,0,0,0,0,0,0,0,0,0,0,0,2,2,75,2,1,8,2,0,0,14,78,99,1,1,98,"777777777777","777777777777","777777777777",1,0
48,482397,1,2,1,14,9,2,20,12,1,1,0,17,3,86,881,86881,66,2013,"1M1AW09Y1DM0","1","M","1","A","W","0","9","Y","1","D","M","0",1,1,57,"21800","5721800",3,6,1,1,0,0,0,0,0,0,0,998,0,0,0,12,6,2,12,0,0,0,1,48,76244,6,1,6,0,3,3,999,999,0,0,0,0,0,0,0,0,0,5,0,0,0,0,3,2,75,1,2,8,1,0,0,1,51,99,1,1,24,"1DW1A5326CS3","777777777777","777777777777",1,0
48,482397,2,2,1,14,9,2,20,12,1,1,0,93,3,82,881,82881,66,2000,"1FUYSSEB8YLF","1","F","U","Y","S","S","E","B","8","Y","L","F",1,1,57,"1467071","571467071",3,6,6,1,0,0,0,0,0,0,0,998,0,0,0,6,6,2,12,0,0,0,1,48,77388,6,1,6,0,3,0,999,999,1,0,0,3,1,10,2011,1,2014,0,0,0,0,0,3,2,75,1,2,8,1,0,0,1,53,99,1,1,25,"1W9XA5626XG1","777777777777","777777777777",0,0
48,482398,1,2,1,15,9,7,49,12,6,1,0,48,2,82,881,82881,66,2004,"1FUJA6CV24LL","1","F","U","J","A","6","C","V","2","4","L","L",1,1,57,"2725245","572725245",3,6,98,1,0,0,0,0,0,0,0,998,0,0,0,12,2,3,12,0,0,0,1,48,76073,6,1,6,0,3,0,999,999,0,0,0,0,5,6,2014,4,2016,0,0,0,0,0,2,2,45,1,2,8,1,99,9,1,66,99,1,1,88,"4JPAA3929TAV","777777777777","777777777777",0,0
48,482398,2,2,1,15,9,7,49,12,6,1,0,48,1,12,25,12025,6,2014,"2FMGK5D81EBD","2","F","M","G","K","5","D","8","1","E","B","D",0,0,0,"000000000","00000000000",0,0,0,1,0,0,0,0,0,0,0,998,0,0,0,9,6,2,12,0,0,0,1,48,76207,6,1,0,0,3,3,999,999,0,0,0,0,0,0,0,0,0,0,38,0,0,0,1,2,99,1,2,8,1,20,3,1,17,99,1,1,89,"777777777777","777777777777","777777777777",1,0
48,482399,1,2,1,15,9,2,12,57,0,1,0,17,3,87,884,87884,66,2015,"1NPVAH9X9FD2","1","N","P","V","A","H","9","X","9","F","D","2",1,1,57,"363676","57363676",3,6,2,1,0,0,0,0,0,0,0,998,0,1,3,98,6,2,1,0,0,0,1,48,76048,6,1,6,1,3,3,999,999,0,0,0,1,0,4,2014,4,2014,0,58,0,0,0,3,2,75,2,1,8,1,0,0,14,12,99,9,4,6,"10BAB6240YM0","777777777777","777777777777",0,0
48,482399,2,2,2,15,9,2,12,57,0,1,0,6,3,82,881,82881,66,2011,"1FUJGLDR3BLA","1","F","U","J","G","L","D","R","3","B","L","A",1,1,57,"2174152","572174152",3,6,1,1,0,0,0,0,0,0,0,998,0,0,0,12,6,2,2,0,0,1,1,6,92835,6,1,6,0,3,0,65,120,0,0,0,1,2,1,2016,8,2016,0,0,0,0,0,3,2,75,2,1,8,1,0,0,14,50,99,1,1,98,"1JJV532D7HL9","777777777777","777777777777",1,0
48,482400,1,1,2,15,9,0,55,59,0,1,0,48,1,72,706,72706,80,2011,"1HD1PR815BB9","1","H","D","1","P","R","8","1","5","B","B","9",0,0,0,"000000000","00000000000",0,0,0,1,0,0,0,0,0,0,0,998,0,0,0,98,8,2,59,0,0,0,1,48,77357,6,1,0,0,2,3,999,999,1,0,0,0,1,10,2013,7,2015,0,0,0,0,0,2,2,50,1,1,8,1,0,0,1,13,99,9,4,1,"777777777777","777777777777","777777777777",2,1
48,482401,1,2,1,16,9,11,31,12,1,1,0,48,3,85,881,85881,66,2015,"1XKDD40X4FJ4","1","X","K","D","D","4","0","X","4","F","J","4",1,1,57,"1558565","571558565",3,6,1,1,0,0,0,0,0,0,0,998,0,0,0,12,6,2,12,0,0,0,1,48,77449,6,1,6,0,3,0,999,999,0,0,0,0,0,0,0,0,0,0,0,0,0,0,3,2,55,1,1,8,1,0,0,1,51,99,1,1,24,"1XKDD40X4FJ4","777777777777","777777777777",0,0
48,482401,2,2,1,16,9,11,31,12,1,1,0,48,1,72,706,72706,80,2002,"1HD1FBW152Y6","1","H","D","1","F","B","W","1","5","2","Y","6",0,0,0,"000000000","00000000000",0,0,0,1,0,0,0,0,0,0,0,998,0,0,0,6,6,2,12,0,0,0,1,48,77488,6,1,0,0,3,0,72,248,0,0,0,0,0,0,0,0,0,0,0,0,0,0,3,2,55,1,1,8,1,0,0,1,53,99,1,1,25,"777777777777","777777777777","777777777777",1,0
48,482402,2,1,1,16,9,20,20,14,0,1,0,48,3,23,481,23481,31,2008,"1GTEK19018Z2","1","G","T","E","K","1","9","0","1","8","Z","2",0,0,0,"000000000","00000000000",0,0,0,1,0,0,0,0,0,0,0,998,0,0,0,81,6,2,8,0,0,0,1,48,78010,6,1,0,0,3,0,999,999,0,16,0,0,1,4,2012,12,2015,4,91,0,0,0,3,2,75,1,2,8,1,0,0,1,13,99,1,4,11,"777777777777","777777777777","777777777777",0,0
48,482403,1,1,1,16,9,16,50,53,0,1,0,48,2,49,40,49040,4,2010,"4T1BK3EK6AU1","4","T","1","B","K","3","E","K","6","A","U","1",0,0,0,"000000000","00000000000",0,0,0,1,0,0,0,0,0,0,0,998,0,1,6,98,6,2,1,0,0,0,1,48,75692,6,1,0,0,3,3,999,999,0,0,0,0,0,0,0,0,0,0,0,0,0,0,1,2,25,2,1,8,1,0,0,14,12,99,1,4,6,"777777777777","777777777777","777777777777",1,0
48,482404,1,1,5,17,9,19,20,1,0,1,0,48,0,98,734,98734,90,2010,"4XAWH76A4A21","4","X","A","W","H","7","6","A","4","A","2","1",0,0,0,"000000000","00000000000",0,0,0,1,0,0,0,0,0,0,0,998,0,2,1,0,2,3,1,0,0,0,1,48,75116,6,1,0,0,3,3,999,999,0,0,0,0,0,0,0,0,0,0,0,0,0,0,1,2,25,3,3,8,1,0,0,14,6,7,9,1,98,"777777777777","777777777777","777777777777",1,0
48,482405,1,1,1,17,9,7,3,33,0,1,0,48,1,23,401,23401,14,2004,"1GKDS13S7421","1","G","K","D","S","1","3","S","7","4","2","1",0,0,0,"000000000","00000000000",0,0,0,1,0,0,0,0,0,0,0,998,0,1,5,99,6,2,1,0,0,0,1,48,75457,6,1,0,0,3,3,70,205,1,0,0,0,1,9,2014,9,2014,0,0,0,0,0,5,5,50,1,1,8,1,0,0,1,13,99,1,4,1,"777777777777","777777777777","777777777777",1,0
48,482406,1,2,3,17,9,15,12,12,6,1,0,48,2,35,47,35047,4,2006,"1N4BL11D76N3","1","N","4","B","L","1","1","D","7","6","N","3",0,0,0,"000000000","00000000000",0,0,0,1,0,0,0,0,0,0,0,998,0,0,0,3,6,2,12,0,0,0,1,48,77351,6,1,0,0,3,0,999,999,0,0,0,0,0,0,0,0,0,0,0,0,0,0,1,2,55,1,1,8,1,0,0,6,9,6,9,6,64,"777777777777","777777777777","777777777777",2,0
48,482406,2,2,1,17,9,15,12,12,6,1,0,48,1,35,472,35472,30,2011,"1N6AD0FR0BC4","1","N","6","A","D","0","F","R","0","B","C","4",0,0,0,"000000000","00000000000",0,0,0,1,0,0,0,0,0,0,0,998,0,0,0,12,6,2,12,0,0,0,1,48,77303,6,1,0,0,3,3,999,999,0,0,0,0,0,0,0,0,0,0,0,0,0,0,1,2,55,1,1,8,1,0,0,1,62,99,1,1,65,"777777777777","777777777777","777777777777",0,0
48,482407,1,1,3,18,9,3,13,46,0,1,0,48,0,41,37,41037,4,2002,"1YVGF22D4252","1","Y","V","G","F","2","2","D","4","2","5","2",0,0,0,"000000000","00000000000",0,0,0,1,0,0,0,0,0,0,0,998,0,0,0,3,6,2,46,0,0,0,1,48,77077,0,0,0,0,0,0,999,999,0,0,0,0,0,0,0,0,0,0,91,0,0,0,2,4,45,1,1,8,1,0,0,1,9,99,4,4,2,"777777777777","777777777777","777777777777",1,1
48,482408,1,1,1,18,9,5,0,30,0,1,0,48,0,23,481,23481,31,1993,"1GTDC14Z9PZ5","1","G","T","D","C","1","4","Z","9","P","Z","5",0,0,0,"000000000","00000000000",0,0,0,1,0,0,0,0,0,0,0,78,0,1,5,1,6,2,30,0,0,0,1,48,77388,6,1,0,0,3,0,999,999,0,11,0,0,0,12,2014,1,2016,3,0,0,0,0,5,5,45,1,1,8,1,0,0,1,9,99,4,4,7,"777777777777","777777777777","777777777777",1,1
48,482409,1,1,2,18,9,14,50,43,0,1,0,48,2,12,481,12481,31,1997,"1FTHF25H4VEC","1","F","T","H","F","2","5","H","4","V","E","C",0,0,0,"000000000","00000000000",0,0,0,1,0,0,0,0,0,0,0,998,0,2,1,5,6,2,1,0,0,0,1,48,75433,6,2,0,0,3,3,999,999,0,0,0,0,0,0,0,0,0,0,0,0,0,0,3,3,75,1,1,8,1,0,0,6,1,9,3,4,2,"777777777777","777777777777","777777777777",1,0
48,482410,1,1,2,18,9,0,34,42,0,1,0,48,1,7,482,7482,31,2007,"3D7KS28C87G7","3","D","7","K","S","2","8","C","8","7","G","7",0,0,0,"000000000","00000000000",0,0,0,1,0,0,0,0,0,0,0,998,0,1,5,9,6,2,1,0,0,0,1,48,77320,6,1,6,0,3,0,999,999,2,0,0,3,3,11,2012,7,2016,0,58,0,0,0,1,2,65,1,1,8,1,0,0,1,13,6,4,4,7,"777777777777","777777777777","777777777777",1,0
48,482411,1,2,2,19,9,22,25,12,6,1,0,48,2,24,1,24001,4,1996,"1G8ZJ5273TZ2","1","G","8","Z","J","5","2","7","3","T","Z","2",0,0,0,"000000000","00000000000",0,0,0,1,0,0,0,0,0,0,0,998,0,0,0,11,6,2,12,0,0,0,1,48,75211,6,1,0,0,3,0,999,999,0,0,0,2,0,7,2012,2,2016,0,39,0,0,0,3,4,40,1,1,8,1,3,3,1,62,99,1,1,69,"777777777777","777777777777","777777777777",1,1
48,482411,2,2,4,19,9,22,25,12,6,1,0,48,2,35,43,35043,4,2012,"3N1AB6AP6CL7","3","N","1","A","B","6","A","P","6","C","L","7",0,0,0,"000000000","00000000000",0,0,0,1,0,0,0,0,0,0,0,998,0,0,0,12,6,2,12,0,0,0,1,48,75040,0,0,0,0,0,0,999,999,0,0,0,0,0,0,0,0,0,0,0,0,0,0,3,4,40,1,1,8,1,3,3,11,15,99,1,1,68,"777777777777","777777777777","777777777777",0,0
48,482412,1,1,4,19,9,21,9,30,0,1,0,48,2,12,401,12401,14,2000,"1FMZU63P2YZA","1","F","M","Z","U","6","3","P","2","Y","Z","A",0,0,0,"000000000","00000000000",0,0,0,1,0,0,0,0,0,0,0,998,0,0,0,9,6,2,30,0,0,1,1,48,75217,6,1,0,0,3,0,999,999,0,0,0,0,0,0,0,0,0,2,0,0,0,0,2,3,35,3,1,8,1,0,0,14,6,99,3,4,2,"777777777777","777777777777","777777777777",1,0
48,482413,1,1,1,19,9,20,2,33,0,1,0,48,1,72,706,72706,80,2007,"1HD1KB4167Y7","1","H","D","1","K","B","4","1","6","7","Y","7",0,0,0,"000000000","00000000000",0,0,0,1,0,0,0,0,0,0,0,998,0,0,0,98,8,2,33,0,0,0,1,48,76180,6,1,6,0,3,0,68,231,0,0,0,0,0,0,0,0,0,0,99,99,99,99,2,3,45,2,2,8,2,0,0,14,14,99,1,4,14,"777777777777","777777777777","777777777777",1,0
48,482414,1,1,3,19,9,19,11,1,0,1,0,48,3,82,881,82881,63,2010,"1FVHCYBS5ADA","1","F","V","H","C","Y","B","S","5","A","D","A",0,0,57,"2425588","572425588",3,1,7,1,0,0,0,0,0,0,0,998,0,2,5,0,6,2,1,0,0,0,1,48,77471,6,1,6,0,3,0,999,999,0,0,0,0,0,0,0,0,0,4,0,0,0,0,1,2,55,3,1,8,2,0,0,14,13,6,4,4,1,"777777777777","777777777777","777777777777",1,0
48,482415,1,2,1,19,9,7,9,12,6,1,0,48,3,87,884,87884,66,2000,"1XP5DB9X5YN5","1","X","P","5","D","B","9","X","5","Y","N","5",1,1,57,"878032","57878032",3,6,2,1,0,0,0,0,0,0,0,998,0,0,0,12,2,3,12,0,0,0,1,48,77532,6,1,6,1,3,3,999,999,1,2,0,6,2,3,2012,6,2014,0,0,0,0,0,5,5,60,1,1,8,1,0,0,1,67,99,1,1,83,"1T9TA4322C18","777777777777","777777777777",0,0
48,482415,2,2,2,19,9,7,9,12,6,1,0,48,2,20,403,20403,14,2008,"1GNDS13S3821","1","G","N","D","S","1","3","S","3","8","2","1",0,0,0,"000000000","00000000000",0,0,0,1,0,0,0,0,0,0,0,998,0,1,5,9,6,2,12,0,0,0,1,48,75647,6,2,0,0,3,3,999,999,0,0,0,0,0,0,0,0,0,0,38,0,0,0,1,2,60,1,1,8,1,0,0,11,15,99,1,1,82,"777777777777","777777777777","777777777777",1,0
48,482416,1,2,1,19,9,15,23,12,6,1,0,48,2,49,40,49040,4,2011,"4T1BB3EK3BU1","4","T","1","B","B","3","E","K","3","B","U","1",0,0,0,"000000000","00000000000",0,0,0,1,0,0,0,0,0,0,0,998,0,0,0,9,6,2,12,0,0,0,1,48,75605,6,1,0,0,3,3,999,999,0,0,0,0,0,0,0,0,0,0,38,0,0,0,1,2,98,8,8,8,98,20,3,11,15,99,1,1,82,"777777777777","777777777777","777777777777",1,0
48,482416,2,2,2,19,9,15,23,12,6,1,0,48,2,20,421,20421,15,2002,"1GNEC13Z72R3","1","G","N","E","C","1","3","Z","7","2","R","3",0,0,0,"000000000","00000000000",0,0,0,1,0,0,0,0,0,0,0,998,0,0,0,12,6,2,12,0,0,0,1,48,75601,1,1,0,0,2,3,999,999,0,1,0,0,0,8,2016,8,2016,0,0,0,0,0,5,5,55,1,1,8,1,0,0,1,67,99,1,1,83,"777777777777","777777777777","777777777777",0,0
48,482417,1,1,2,20,9,21,10,52,0,1,0,48,2,18,2,18002,4,1992,"1G4HP53L1NH5","1","G","4","H","P","5","3","L","1","N","H","5",0,0,0,"000000000","00000000000",0,0,0,1,0,0,0,0,0,0,0,998,0,0,0,12,8,2,42,0,0,1,1,22,70737,1,1,0,0,2,3,69,165,0,0,0,0,0,0,0,0,0,4,0,0,0,0,5,5,45,2,1,8,1,0,0,14,6,99,2,4,7,"777777777777","777777777777","777777777777",2,0
48,482418,1,2,1,20,9,15,23,12,2,1,0,48,2,14,6,14006,4,1997,"2MELM75W0VX6","2","M","E","L","M","7","5","W","0","V","X","6",0,0,0,"000000000","00000000000",0,0,0,1,0,0,0,0,0,0,0,998,0,0,0,12,6,2,12,0,0,0,1,48,78638,6,1,0,0,3,3,999,999,0,0,0,0,0,0,0,0,0,0,0,0,0,0,1,4,60,2,1,8,1,0,0,14,10,99,1,2,50,"777777777777","777777777777","777777777777",1,0
48,482418,2,2,1,20,9,15,23,12,2,1,0,48,2,2,404,2404,14,2005,"1J4GS48K95C7","1","J","4","G","S","4","8","K","9","5","C","7",0,0,0,"000000000","00000000000",0,0,0,1,0,0,0,0,0,0,0,998,0,0,0,12,6,2,12,0,0,0,1,48,78644,6,1,0,0,3,0,999,999,0,0,0,0,0,0,0,0,0,0,0,0,0,0,1,4,60,3,1,8,1,0,0,14,62,7,1,2,51,"777777777777","777777777777","777777777777",0,0
48,482419,1,3,2,20,9,11,59,12,1,1,0,22,3,20,884,20884,61,2015,"1GB4CYCG7FF1","1","G","B","4","C","Y","C","G","7","F","F","1",0,0,88,"888888888","88888888888",2,1,97,1,0,0,0,0,0,0,0,0,0,0,0,6,6,2,12,0,0,0,1,22,70706,6,1,6,0,3,3,68,172,0,0,0,0,0,0,0,0,0,0,0,0,0,0,1,2,70,1,2,8,1,50,3,5,53,1,1,1,98,"777777777777","777777777777","777777777777",0,0
48,482419,2,3,1,20,9,11,59,12,1,1,0,93,2,7,880,7880,67,2011,"3D73M4HL7BG5","3","D","7","3","M","4","H","L","7","B","G","5",0,0,88,"888888888","88888888888",2,1,97,1,0,0,0,0,0,0,0,0,0,0,0,6,6,2,12,0,0,0,1,48,75486,6,1,6,0,3,0,999,999,0,0,0,1,4,9,2012,9,2016,0,0,0,0,0,1,2,70,1,2,8,1,50,3,5,53,1,1,1,21,"777777777777","777777777777","777777777777",0,0