"STATE","ST_CASE","VEH_NO","VE_FORMS","NUMOCCS","DAY","MONTH","HOUR","MINUTE","HARM_EV","MAN_COLL","UNITTYPE","HIT_RUN","REG_STAT","OWNER","MAKE","MODEL","MAK_MOD","BODY_TYP","MOD_YEAR","VIN","VIN_1","VIN_2","VIN_3","VIN_4","VIN_5","VIN_6","VIN_7","VIN_8","VIN_9","VIN_10","VIN_11","VIN_12","TOW_VEH","J_KNIFE","MCARR_I1","MCARR_I2","MCARR_ID","GVWR","V_CONFIG","CARGO_BT","HAZ_INV","HAZ_PLAC","HAZ_ID","HAZ_CNO","HAZ_REL","BUS_USE","SPEC_USE","EMER_USE","TRAV_SP","UNDERIDE","ROLLOVER","ROLINLOC","IMPACT1","DEFORMED","TOWED","M_HARM","VEH_SC1","VEH_SC2","FIRE_EXP","DR_PRES","L_STATE","DR_ZIP","L_STATUS","L_TYPE","CDL_STAT","L_ENDORS","L_COMPL","L_RESTRI","DR_HGT","DR_WGT","PREV_ACC","PREV_SUS","PREV_DWI","PREV_SPD","PREV_OTH","FIRST_MO","FIRST_YR","LAST_MO","LAST_YR","SPEEDREL","DR_SF1","DR_SF2","DR_SF3","DR_SF4","VTRAFWAY","VNUM_LAN","VSPD_LIM","VALIGN","VPROFILE","VPAVETYP","VSURCOND","VTRAFCON","VTCONT_F","P_CRASH1","P_CRASH2","P_CRASH3","PCRASH4","PCRASH5","ACC_TYPE","TRLR1VIN","TRLR2VIN","TRLR3VIN","DEATHS","DR_DRINK"
48,482419,3,3,1,20,9,11,59,12,1,1,0,93,3,82,881,82881,66,2013,"1FUJGEDR1DSB","1","F","U","J","G","E","D","R","1","D","S","B",1,1,57,"959559","57959559",3,6,2,2,2,1230,3,1,0,0,0,998,0,0,0,12,6,2,12,0,0,0,1,48,75551,6,1,6,1,3,1,999,999,0,0,0,0,0,0,0,0,0,0,0,0,0,0,1,2,70,1,2,8,1,50,3,1,50,99,1,1,20,"5HTAB4424B7H","777777777777","777777777777",1,0
48,482420,1,1,1,20,9,23,32,10,0,1,0,48,3,34,34,34034,4,2015,"WBA3B1C54FK1","W","B","A","3","B","1","C","5","4","F","K","1",0,0,0,"000000000","00000000000",0,0,0,1,0,0,0,0,0,0,0,0,0,0,0,3,6,2,10,0,0,0,1,48,77450,6,1,0,0,3,0,999,999,0,0,0,0,0,0,0,0,0,0,0,0,0,0,3,3,45,1,1,8,1,65,3,5,90,1,1,1,15,"777777777777","777777777777","777777777777",1,1
48,482422,1,1,1,21,9,20,33,33,0,1,1,99,9,35,499,35499,48,9999,"999999999999","9","9","9","9","9","9","9","9","9","9","9","9",0,0,0,"000000000","00000000000",0,0,0,1,0,0,0,0,0,0,0,998,0,0,0,2,2,5,8,0,0,0,1,99,99999,9,9,99,9,9,9,999,999,99,99,99,99,99,99,9999,99,9999,0,0,0,0,0,2,3,35,1,1,8,1,0,0,1,13,99,1,4,1,"777777777777","777777777777","777777777777",0,0
48,482423,1,2,1,21,9,5,28,12,1,1,0,93,3,51,881,51881,66,2015,"4V4NC9EH9FN1","4","V","4","N","C","9","E","H","9","F","N","1",1,1,57,"286163","57286163",3,6,1,1,0,0,0,0,0,0,0,998,0,0,0,6,2,5,12,0,0,0,1,48,75401,6,1,6,0,3,3,999,999,1,0,0,0,0,8,2014,8,2014,0,0,0,0,0,1,2,55,1,1,8,1,0,0,1,53,99,1,1,25,"1UYVS2533CU4","777777777777","777777777777",0,0
48,482423,2,2,1,21,9,5,28,12,1,1,0,48,1,23,481,23481,31,2000,"1GTEC14W1YZ2","1","G","T","E","C","1","4","W","1","Y","Z","2",0,0,0,"000000000","00000000000",0,0,0,1,0,0,0,0,0,0,0,998,0,0,0,12,6,2,12,0,0,0,1,48,75401,6,1,6,0,3,0,999,999,1,0,0,0,1,11,2012,5,2016,5,24,0,0,0,1,2,55,1,1,8,1,0,0,1,51,99,1,1,24,"777777777777","777777777777","777777777777",1,0
48,482424,1,1,2,21,9,19,45,8,0,1,0,48,1,7,442,7442,20,2007,"2D4GP44L87R1","2","D","4","G","P","4","4","L","8","7","R","1",0,0,0,"000000000","00000000000",0,0,0,1,0,0,0,0,0,0,0,998,0,0,0,99,0,5,8,0,0,0,1,48,75140,6,1,0,0,3,3,999,999,0,0,0,1,0,9,2014,9,2014,0,0,0,0,0,1,2,30,1,1,8,1,0,0,1,80,99,1,1,13,"777777777777","777777777777","777777777777",0,0
48,482425,1,1,1,22,9,17,38,8,0,1,0,48,1,14,38,14038,3,1999,"1ZWFT61LXX56","1","Z","W","F","T","6","1","L","X","X","5","6",0,0,0,"000000000","00000000000",0,0,0,1,0,0,0,0,0,0,0,998,0,0,0,9,6,2,8,0,0,0,1,48,78218,6,1,0,0,3,0,999,999,0,0,0,0,0,0,0,0,0,0,58,0,0,0,3,2,70,1,1,8,1,0,0,1,12,7,9,4,2,"777777777777","777777777777","777777777777",0,0
48,482426,1,2,1,22,9,8,50,12,1,1,0,48,1,30,40,30040,4,2015,"3VWD17AJ7FM2","3","V","W","D","1","7","A","J","7","F","M","2",0,0,0,"000000000","00000000000",0,0,0,1,0,0,0,0,0,0,0,998,0,0,0,12,6,2,12,32,0,0,1,48,76112,6,1,0,0,3,3,999,999,0,0,0,0,0,0,0,0,0,5,91,0,0,0,1,2,75,1,1,8,1,50,3,1,50,99,1,1,20,"777777777777","777777777777","777777777777",0,0
48,482426,2,2,1,22,9,8,50,12,1,1,0,48,2,63,37,63037,6,2015,"KNDJP3A57F78","K","N","D","J","P","3","A","5","7","F","7","8",0,0,0,"000000000","00000000000",0,0,0,1,0,0,0,0,0,0,0,0,0,0,0,6,6,2,12,0,0,0,1,48,76648,6,1,0,0,3,0,999,999,0,0,0,0,0,0,0,0,0,0,0,0,0,0,1,2,75,1,1,8,1,50,3,5,53,1,1,1,21,"777777777777","777777777777","777777777777",1,0
48,482427,1,1,1,22,9,20,54,8,0,1,0,48,1,12,481,12481,31,2011,"1FTFW1CF8BFA","1","F","T","F","W","1","C","F","8","B","F","A",0,0,0,"000000000","00000000000",0,0,0,1,0,0,0,0,0,0,0,998,0,0,0,12,2,3,8,0,0,0,1,48,79925,6,1,0,0,3,0,999,999,0,0,0,0,0,0,0,0,0,0,0,0,0,0,5,5,35,1,2,8,1,0,0,1,80,99,1,1,13,"777777777777","777777777777","777777777777",0,0
48,482428,1,1,1,22,9,0,28,38,0,1,0,48,1,12,880,12880,67,2011,"1FT8W3DT9BEC","1","F","T","8","W","3","D","T","9","B","E","C",0,0,88,"888888888","88888888888",2,1,97,1,0,0,0,0,0,0,0,998,0,1,6,98,6,2,1,0,0,0,1,48,76446,1,1,0,0,2,0,999,999,0,0,0,1,1,5,2013,8,2014,0,58,0,0,0,1,2,75,1,1,8,1,0,0,1,13,6,9,4,6,"777777777777","777777777777","777777777777",1,1
48,482429,1,2,1,22,9,0,5,12,6,1,0,48,2,58,37,58037,4,2004,"JNKCV51FX4M7","J","N","K","C","V","5","1","F","X","4","M","7",0,0,0,"000000000","00000000000",0,0,0,1,0,0,0,0,0,0,0,998,0,0,0,12,6,2,12,0,0,0,1,48,77088,3,1,0,0,2,0,999,999,0,0,0,0,0,0,0,0,0,3,39,91,0,0,2,2,45,1,1,8,1,3,3,1,17,99,1,1,69,"777777777777","777777777777","777777777777",0,1
48,482429,2,2,1,22,9,0,5,12,6,1,0,48,2,37,32,37032,4,1998,"1HGCG5649WA2","1","H","G","C","G","5","6","4","9","W","A","2",0,0,0,"000000000","00000000000",0,0,0,1,0,0,0,0,0,0,0,998,0,0,0,82,6,2,12,0,0,0,1,48,77038,0,0,0,0,0,0,999,999,0,0,0,0,0,0,0,0,0,0,0,0,0,0,2,3,45,1,1,8,1,3,3,11,63,99,1,1,68,"777777777777","777777777777","777777777777",1,0
48,482430,1,1,2,22,9,1,49,38,0,1,0,48,2,12,422,12422,15,2000,"1FMRU1765YLA","1","F","M","R","U","1","7","6","5","Y","L","A",0,0,0,"000000000","00000000000",0,0,0,1,0,0,0,0,0,0,0,998,0,1,6,12,6,2,38,0,0,0,1,48,78332,0,0,0,0,0,0,999,999,0,0,0,0,0,0,0,0,0,4,58,0,0,0,2,2,75,1,1,8,1,0,0,1,10,7,3,4,2,"777777777777","777777777777","777777777777",1,1
48,482431,1,1,1,22,9,18,30,1,0,1,0,48,1,20,481,20481,31,2003,"1GCHC29U03E3","1","G","C","H","C","2","9","U","0","3","E","3",0,0,0,"000000000","00000000000",0,0,0,1,0,0,0,0,0,0,0,998,0,1,5,0,6,2,1,0,0,0,1,48,75939,6,1,0,0,3,3,999,999,0,0,0,4,0,8,2013,6,2014,0,58,0,0,0,1,2,75,3,1,8,1,0,0,14,13,6,4,4,7,"777777777777","777777777777","777777777777",1,0
48,482432,1,1,2,22,9,18,17,42,0,1,0,48,2,20,481,20481,31,1991,"2GCEC19K9M11","2","G","C","E","C","1","9","K","9","M","1","1",0,0,0,"000000000","00000000000",0,0,0,1,0,0,0,0,0,0,0,998,0,0,0,12,6,2,42,0,0,0,1,48,76052,6,1,0,0,3,0,999,999,0,0,0,3,0,8,2012,10,2013,0,99,99,99,99,1,2,40,1,1,8,1,0,0,1,12,99,9,4,6,"777777777777","777777777777","777777777777",1,1
48,482433,1,1,1,22,9,13,56,42,0,1,0,48,1,20,421,20421,15,2008,"1GNFC13C98R2","1","G","N","F","C","1","3","C","9","8","R","2",0,0,0,"000000000","00000000000",0,0,0,1,0,0,0,0,0,0,0,998,0,1,5,61,6,2,42,0,0,0,1,48,76426,6,1,0,0,3,0,999,999,0,0,0,1,0,4,2016,4,2016,4,0,0,0,0,1,2,60,1,3,8,1,0,0,1,12,99,9,4,6,"777777777777","777777777777","777777777777",1,1
48,482434,1,2,1,23,9,6,25,12,6,1,0,93,3,85,881,85881,66,2013,"1XKAD48X6DJ3","1","X","K","A","D","4","8","X","6","D","J","3",1,1,57,"1984263","571984263",3,6,98,1,0,0,0,0,0,0,0,998,0,0,0,63,2,5,12,0,0,0,1,6,95336,6,1,6,0,3,0,73,200,0,0,0,0,0,0,0,0,0,0,51,0,0,0,1,4,50,1,1,8,1,0,0,10,10,99,1,1,98,"5V8VC5326EM4","777777777777","777777777777",0,0
48,482434,2,2,1,23,9,6,25,12,6,1,0,48,1,7,482,7482,31,2002,"1D7HA18N02J2","1","D","7","H","A","1","8","N","0","2","J","2",0,0,0,"000000000","00000000000",0,0,0,1,0,0,0,0,0,0,0,998,0,0,0,12,6,2,12,0,0,0,1,48,75140,6,1,0,0,3,3,999,999,0,0,0,0,1,6,2014,6,2014,0,0,0,0,0,1,4,50,1,1,8,1,0,0,1,62,99,1,1,98,"777777777777","777777777777","777777777777",1,0
48,482435,1,1,2,24,9,17,2,1,0,1,0,48,2,72,706,72706,80,2007,"1HD1FC4107Y6","1","H","D","1","F","C","4","1","0","7","Y","6",0,0,0,"000000000","00000000000",0,0,0,1,0,0,0,0,0,0,0,998,0,0,0,0,8,2,1,0,0,0,1,48,75482,1,1,0,0,2,3,999,999,0,8,0,0,0,12,2011,2,2016,4,0,0,0,0,1,2,55,3,2,8,1,0,0,14,13,99,9,4,1,"777777777777","777777777777","777777777777",1,0
48,482436,1,1,3,25,9,20,31,1,0,1,0,48,2,12,401,12401,14,2000,"1FMZU62X4YZC","1","F","M","Z","U","6","2","X","4","Y","Z","C",0,0,0,"000000000","00000000000",0,0,0,1,0,0,0,0,0,0,0,998,0,9,5,0,6,2,42,0,0,0,1,48,76259,6,1,0,0,3,0,999,999,0,0,0,0,0,0,0,0,0,4,33,0,0,0,1,2,55,1,2,8,2,0,0,6,6,99,3,4,2,"777777777777","777777777777","777777777777",3,0
48,482437,1,1,1,25,9,18,12,42,0,1,0,48,0,20,481,20481,31,1997,"1GCEC14W8VZ2","1","G","C","E","C","1","4","W","8","V","Z","2",0,0,0,"000000000","00000000000",0,0,0,1,0,0,0,0,0,0,0,998,0,0,0,12,6,2,42,0,0,0,1,48,75482,1,1,0,0,2,0,999,999,1,0,0,0,0,5,2014,5,2014,0,0,0,0,0,1,2,60,1,1,8,1,0,0,1,12,99,1,4,6,"777777777777","777777777777","777777777777",1,0
48,482438,1,1,1,25,9,16,10,8,0,1,0,48,1,20,2,20002,4,2003,"2G1WH55KX394","2","G","1","W","H","5","5","K","X","3","9","4",0,0,0,"000000000","00000000000",0,0,0,1,0,0,0,0,0,0,0,998,0,0,0,12,2,5,8,0,0,0,1,48,77304,6,1,0,0,3,3,999,999,0,0,0,0,0,0,0,0,0,0,0,0,0,0,1,2,30,1,1,8,2,0,0,1,80,99,1,1,13,"777777777777","777777777777","777777777777",0,0
48,482439,1,1,1,26,9,21,7,8,0,1,0,48,1,35,50,35050,4,2014,"3N1CN7AP3EL8","3","N","1","C","N","7","A","P","3","E","L","8",0,0,0,"000000000","00000000000",0,0,0,1,0,0,0,0,0,0,0,998,0,0,0,12,2,3,8,0,0,0,1,48,77378,6,1,0,0,3,0,999,999,0,0,0,0,0,0,0,0,0,0,28,91,0,0,3,3,50,1,1,8,1,0,0,1,11,99,1,4,13,"777777777777","777777777777","777777777777",0,1
48,482440,1,1,1,27,9,20,6,8,0,1,0,48,1,54,421,54421,15,2008,"2HNYD28298H5","2","H","N","Y","D","2","8","2","9","8","H","5",0,0,0,"000000000","00000000000",0,0,0,1,0,0,0,0,0,0,0,998,0,0,0,12,4,5,8,0,0,0,1,48,77459,6,1,0,0,3,3,999,999,0,0,0,0,0,0,0,0,0,0,0,0,0,0,2,3,65,1,1,8,1,0,0,1,80,99,1,1,13,"777777777777","777777777777","777777777777",0,0
48,482441,1,1,1,27,9,6,57,1,0,1,0,48,3,23,481,23481,31,2007,"1GTHK29KX7E6","1","G","T","H","K","2","9","K","X","7","E","6",0,0,0,"000000000","00000000000",0,0,0,1,0,0,0,0,0,0,0,70,0,9,1,0,6,2,1,0,0,0,1,48,79022,6,1,0,0,3,0,999,999,0,0,0,0,0,0,0,0,0,0,58,0,0,0,1,2,65,1,1,8,1,0,0,1,13,6,9,6,98,"777777777777","777777777777","777777777777",1,0
48,482442,1,1,2,4,6,21,5,8,0,1,0,48,1,12,481,12481,31,2014,"1FTFW1R67EFB","1","F","T","F","W","1","R","6","7","E","F","B",0,0,0,"000000000","00000000000",0,0,0,1,0,0,0,0,0,0,0,998,0,0,0,12,2,5,8,0,0,0,1,48,77008,6,1,0,0,3,0,999,999,0,0,0,2,1,7,2012,6,2015,0,0,0,0,0,2,3,30,1,1,1,1,0,0,1,80,6,1,2,13,"777777777777","777777777777","777777777777",0,0
48,482443,1,1,2,17,7,22,0,8,0,1,0,48,1,12,481,12481,31,2003,"1FTRX172X3NB","1","F","T","R","X","1","7","2","X","3","N","B",0,0,0,"000000000","00000000000",0,0,0,1,0,0,0,0,0,0,0,998,0,0,0,14,8,2,8,0,0,0,1,48,78542,1,1,0,0,2,0,999,999,0,1,0,0,0,7,2015,7,2015,0,0,0,0,0,1,2,55,1,1,8,1,0,0,1,80,99,1,1,13,"777777777777","777777777777","777777777777",0,0
48,482444,1,2,1,23,7,8,14,12,6,1,0,48,2,7,24,7024,4,2007,"2B3KA43G67H6","2","B","3","K","A","4","3","G","6","7","H","6",0,0,0,"000000000","00000000000",0,0,0,1,0,0,0,0,0,0,0,998,0,0,0,12,6,2,12,0,0,0,1,48,78237,1,1,0,0,2,0,999,999,0,2,0,1,5,9,2014,2,2016,0,0,0,0,0,1,4,35,1,1,8,1,0,0,1,67,99,1,1,83,"777777777777","777777777777","777777777777",0,0
48,482444,2,2,1,23,7,8,14,12,6,1,0,48,1,35,43,35043,4,2014,"3N1AB7AP6EY2","3","N","1","A","B","7","A","P","6","E","Y","2",0,0,0,"000000000","00000000000",0,0,0,1,0,0,0,0,0,0,0,998,0,0,0,62,4,5,12,0,0,0,1,48,78237,6,1,0,0,3,3,999,999,0,0,0,0,0,0,0,0,0,0,38,0,0,0,1,2,99,1,1,8,1,20,3,11,15,99,1,1,82,"777777777777","777777777777","777777777777",1,0
48,482445,1,1,2,14,8,20,45,8,0,1,0,48,2,20,481,20481,31,2004,"1GCEC14X44Z2","1","G","C","E","C","1","4","X","4","4","Z","2",0,0,0,"000000000","00000000000",0,0,0,1,0,0,0,0,0,0,0,998,0,0,0,12,4,5,8,0,0,0,1,48,78537,0,0,0,0,0,0,999,999,0,0,0,0,0,0,0,0,0,0,0,0,0,0,1,4,30,1,1,8,1,0,0,1,80,99,1,1,13,"777777777777","777777777777","777777777777",0,0
48,482446,1,2,2,18,8,13,57,12,1,1,0,48,3,38,882,38882,61,2011,"JALC4W165B70","J","A","L","C","4","W","1","6","5","B","7","0",0,0,57,"2661129","572661129",2,1,1,1,0,0,0,0,0,0,0,998,0,0,0,12,6,2,12,0,0,0,1,48,76039,3,1,0,0,2,0,999,999,0,0,0,0,0,0,0,0,0,5,0,0,0,0,3,3,70,1,1,8,1,0,0,1,51,99,1,1,24,"777777777777","777777777777","777777777777",1,0
48,482446,2,2,1,18,8,13,57,12,1,1,0,48,3,82,881,82881,66,1999,"1FUPCXZB6XPA","1","F","U","P","C","X","Z","B","6","X","P","A",1,1,57,"914336","57914336",3,6,3,1,0,0,0,0,0,0,0,998,0,0,0,6,2,5,12,0,0,0,1,48,78501,6,1,6,0,3,0,999,999,0,0,0,0,1,4,2012,4,2012,0,27,0,0,0,3,3,70,1,1,8,1,0,0,15,53,99,1,2,25,"1UYFS24816A6","777777777777","777777777777",0,0
48,482447,1,2,1,29,8,19,3,12,6,1,0,49,3,87,884,87884,66,2005,"1XP5DB9X25D8","1","X","P","5","D","B","9","X","2","5","D","8",1,3,57,"2549678","572549678",3,6,2,1,0,0,0,0,0,0,0,998,0,0,0,3,6,2,12,0,0,0,1,48,79331,6,1,6,1,3,0,999,999,0,0,0,0,0,0,0,0,0,4,0,0,0,0,1,4,75,1,1,8,2,0,0,1,6,99,9,2,66,"3T1L1B624BC0","777777777777","777777777777",0,0
48,482447,2,2,1,29,8,19,3,12,6,1,0,48,3,12,481,12481,31,2011,"1FT7X3A68BEC","1","F","T","7","X","3","A","6","8","B","E","C",0,0,0,"000000000","00000000000",0,0,0,1,0,0,0,0,0,0,0,998,0,1,5,12,6,2,12,0,0,0,1,48,79703,6,1,0,0,3,0,999,999,0,0,0,0,0,0,0,0,0,0,0,0,0,0,1,4,75,1,1,8,2,0,0,1,62,99,1,1,66,"777777777777","777777777777","777777777777",1,0
48,482448,1,1,1,10,9,21,5,8,0,1,0,48,3,2,407,2407,14,2016,"1C4NJPBA8GD6","1","C","4","N","J","P","B","A","8","G","D","6",0,0,0,"000000000","00000000000",0,0,0,1,0,0,0,0,0,0,0,998,0,0,0,12,2,3,8,0,0,0,1,48,77979,6,1,0,0,3,3,999,999,0,0,0,0,0,0,0,0,0,0,0,0,0,0,2,2,75,1,1,8,1,0,0,1,80,99,1,1,13,"777777777777","777777777777","777777777777",0,0
48,482449,1,2,2,11,9,12,30,1,0,1,0,20,1,2,405,2405,14,2008,"1J8GN58K68W1","1","J","8","G","N","5","8","K","6","8","W","1",0,0,0,"000000000","00000000000",0,0,0,1,0,0,0,0,0,0,0,998,0,0,0,6,2,3,12,0,0,0,1,20,66434,6,1,0,0,3,0,68,145,0,0,0,0,0,0,0,0,0,0,38,0,0,0,1,2,99,1,1,8,1,20,3,4,17,99,1,1,98,"777777777777","777777777777","777777777777",0,0
48,482449,2,2,2,11,9,12,30,1,0,1,0,48,1,72,706,72706,80,2003,"1HD1BWB143Y1","1","H","D","1","B","W","B","1","4","3","Y","1",0,0,0,"000000000","00000000000",0,0,0,1,0,0,0,0,0,0,0,998,0,0,0,0,8,2,1,0,0,0,1,48,75002,6,1,0,0,3,0,999,999,0,0,0,0,0,0,0,0,0,0,0,0,0,0,2,2,65,1,1,8,1,0,0,1,66,16,2,1,98,"777777777777","777777777777","777777777777",2,0
48,482450,1,2,1,13,9,6,35,12,2,1,0,48,2,12,422,12422,15,2007,"1FMFU15547LA","1","F","M","F","U","1","5","5","4","7","L","A",0,0,0,"000000000","00000000000",0,0,0,1,0,0,0,0,0,0,0,998,0,0,0,12,6,2,12,0,0,0,1,48,77430,6,1,0,0,3,3,999,999,0,0,0,0,1,1,2016,1,2016,0,0,0,0,0,1,2,65,1,1,8,1,0,0,1,54,7,1,2,52,"777777777777","777777777777","777777777777",1,0
48,482450,2,2,2,13,9,6,35,12,2,1,0,48,1,49,40,49040,4,2010,"4T1BF3EK7AU0","4","T","1","B","F","3","E","K","7","A","U","0",0,0,0,"000000000","00000000000",0,0,0,1,0,0,0,0,0,0,0,998,0,0,0,12,6,2,12,0,0,0,1,48,77009,6,1,0,0,3,0,65,203,0,0,0,2,0,1,2016,8,2016,0,35,0,0,0,1,2,65,1,1,8,1,0,0,6,54,7,9,1,52,"777777777777","777777777777","777777777777",1,0
48,482451,1,2,2,13,9,6,33,12,1,1,0,48,0,12,481,12481,31,2010,"1FTFW1CV3AKE","1","F","T","F","W","1","C","V","3","A","K","E",0,0,0,"000000000","00000000000",0,0,0,1,0,0,0,0,0,0,0,998,0,0,0,12,6,2,12,0,0,0,1,48,78372,6,1,0,0,3,0,999,999,0,0,0,0,0,0,0,0,0,5,0,0,0,0,5,5,70,1,1,8,1,0,0,1,51,1,1,1,24,"777777777777","777777777777","777777777777",1,0
48,482451,2,2,1,13,9,6,33,12,1,1,0,48,0,23,481,23481,31,2013,"1GT423C85DF2","1","G","T","4","2","3","C","8","5","D","F","2",0,0,0,"000000000","00000000000",0,0,0,1,0,0,0,0,0,0,0,998,0,0,0,6,2,3,12,0,0,0,1,48,78520,6,1,0,0,3,0,999,999,0,0,0,0,1,3,2015,3,2015,0,0,0,0,0,5,5,70,1,1,8,1,0,0,1,53,99,1,1,25,"777777777777","777777777777","777777777777",0,0
48,482452,1,1,1,14,9,22,54,25,0,1,0,48,3,23,481,23481,31,2011,"1GT423CG9BF1","1","G","T","4","2","3","C","G","9","B","F","1",1,1,0,"000000000","00000000000",0,0,0,1,0,0,0,0,0,0,0,998,0,0,0,12,6,2,25,0,0,0,1,48,77488,6,1,0,0,3,0,999,999,0,0,0,0,0,0,0,0,0,5,0,0,0,0,3,2,55,1,1,8,1,0,0,1,12,99,1,4,6,"16GSH6D21PB0","777777777777","777777777777",1,0
48,482453,1,2,1,14,9,5,12,12,2,1,0,48,3,84,884,84884,64,2015,"3HAMMMML8FL5","3","H","A","M","M","M","M","L","8","F","L","5",0,0,88,"888888888","88888888888",2,1,1,1,0,0,0,0,0,0,0,998,0,0,0,12,6,2,12,0,0,0,1,48,77396,6,1,0,0,3,0,999,999,0,2,0,0,0,12,2011,1,2012,0,35,0,0,0,1,2,65,1,1,8,1,0,0,6,54,6,1,1,52,"777777777777","777777777777","777777777777",0,0
48,482453,2,2,1,14,9,5,12,12,2,1,0,48,1,55,42,55042,3,2013,"KMHTC6AE1DU1","K","M","H","T","C","6","A","E","1","D","U","1",0,0,0,"000000000","00000000000",0,0,0,1,0,0,0,0,0,0,0,998,0,0,0,12,6,2,12,0,0,0,1,48,77659,6,1,0,0,3,0,999,999,0,0,0,0,0,0,0,0,0,0,0,0,0,0,1,2,65,1,1,8,1,0,0,1,54,7,1,1,52,"777777777777","777777777777","777777777777",1,0
48,482454,1,1,2,15,9,22,26,1,0,1,0,48,2,69,54,69054,3,2008,"WMWMF335X8TT","W","M","W","M","F","3","3","5","X","8","T","T",0,0,0,"000000000","00000000000",0,0,0,1,0,0,0,0,0,0,0,998,0,2,5,0,6,2,1,0,0,0,1,4,78413,0,0,0,0,0,0,999,999,0,0,0,0,0,0,0,0,0,5,28,0,0,0,1,2,45,1,1,8,1,0,0,1,13,99,1,4,1,"777777777777","777777777777","777777777777",1,0
48,482455,1,1,2,16,9,14,48,19,0,1,0,48,1,37,32,37032,4,2000,"1HGCG5671YA0","1","H","G","C","G","5","6","7","1","Y","A","0",0,0,0,"000000000","00000000000",0,0,0,1,0,0,0,0,0,0,0,998,0,0,0,12,6,2,19,0,0,0,1,48,78416,6,1,6,0,3,0,999,999,0,0,0,0,0,0,0,0,0,0,28,0,0,0,5,5,35,1,1,8,1,0,0,1,12,99,1,4,6,"777777777777","777777777777","777777777777",1,1
48,482456,1,1,1,17,9,2,35,9,0,1,1,48,0,18,3,18003,4,2002,"1G4CW54K7241","1","G","4","C","W","5","4","K","7","2","4","1",0,0,0,"000000000","00000000000",0,0,0,1,0,0,0,0,0,0,0,998,0,0,0,12,4,5,9,0,0,0,1,48,78254,3,1,0,0,2,0,999,999,0,0,0,0,1,4,2015,4,2015,0,35,0,0,0,4,3,50,1,1,8,1,3,3,1,83,99,1,1,13,"777777777777","777777777777","777777777777",0,0
48,482457,1,1,1,17,9,17,52,42,0,1,0,48,1,59,421,59421,15,2000,"JT6HT00W4Y00","J","T","6","H","T","0","0","W","4","Y","0","0",0,0,0,"000000000","00000000000",0,0,0,1,0,0,0,0,0,0,0,998,0,1,5,12,6,2,1,0,0,0,1,48,76450,6,1,0,0,3,0,999,999,0,0,0,0,0,0,0,0,0,4,58,0,0,0,1,2,75,3,1,8,1,0,0,14,6,6,2,4,6,"777777777777","777777777777","777777777777",1,0
48,482458,1,1,3,18,9,15,33,5,0,1,0,48,2,20,481,20481,31,1995,"2GCEC19K9S11","2","G","C","E","C","1","9","K","9","S","1","1",0,0,0,"000000000","00000000000",0,0,0,1,0,0,0,0,0,0,0,998,0,0,0,0,0,5,5,0,0,0,1,22,76856,1,1,0,0,2,0,63,220,0,0,0,0,0,0,0,0,0,0,0,0,0,0,1,2,30,1,2,8,1,0,0,1,98,1,1,1,0,"777777777777","777777777777","777777777777",1,0
48,482459,1,1,1,18,9,1,40,30,0,1,0,48,2,35,43,35043,4,2007,"3N1AB61E57L6","3","N","1","A","B","6","1","E","5","7","L","6",0,0,0,"000000000","00000000000",0,0,0,1,0,0,0,0,0,0,0,998,0,1,5,98,6,2,1,0,0,0,1,48,75038,6,1,0,0,3,0,999,999,0,0,0,1,1,7,2015,1,2016,9,28,0,0,0,6,1,98,1,1,8,1,0,0,1,13,99,1,4,1,"777777777777","777777777777","777777777777",1,0
48,482460,1,1,1,19,9,13,4,1,0,1,0,48,2,12,471,12471,30,2006,"1FTYR14U56PA","1","F","T","Y","R","1","4","U","5","6","P","A",0,0,0,"000000000","00000000000",0,0,0,1,0,0,0,0,0,0,0,998,0,2,5,0,6,2,1,0,0,0,1,48,76028,6,1,0,0,3,3,999,999,0,0,0,0,0,0,0,0,0,0,58,0,0,0,1,2,55,1,1,8,1,0,0,1,13,6,2,4,6,"777777777777","777777777777","777777777777",1,0
48,482461,1,2,1,20,9,12,5,12,6,1,0,48,1,12,3,12003,2,2014,"1ZVBP8AM3E52","1","Z","V","B","P","8","A","M","3","E","5","2",0,0,0,"000000000","00000000000",0,0,0,1,0,0,0,0,0,0,0,998,0,0,0,11,6,2,12,0,0,0,1,48,77573,6,1,0,0,3,3,999,999,0,0,0,0,0,0,0,0,0,0,0,0,0,0,0,0,0,0,0,0,0,0,0,11,15,99,1,7,82,"777777777777","777777777777","777777777777",0,0
48,482461,2,2,1,20,9,12,5,12,6,1,0,48,0,72,706,72706,80,2006,"1HD1CGP136K4","1","H","D","1","C","G","P","1","3","6","K","4",0,0,0,"000000000","00000000000",0,0,0,1,0,0,0,0,0,0,0,998,0,0,0,12,6,2,12,0,0,0,1,48,77573,6,1,0,0,3,0,999,999,0,5,0,0,0,3,2013,9,2015,0,0,0,0,0,2,3,45,1,1,8,1,0,0,3,72,99,1,1,83,"777777777777","777777777777","777777777777",1,0
48,482462,1,1,1,21,9,19,10,1,0,1,0,53,0,20,403,20403,14,2006,"1GNDT13S6622","1","G","N","D","T","1","3","S","6","6","2","2",0,0,0,"000000000","00000000000",0,0,0,1,0,0,0,0,0,0,0,998,0,2,3,0,6,2,1,0,0,0,1,48,79766,6,1,0,0,3,0,999,999,0,0,0,0,0,0,0,0,0,3,0,0,0,0,3,2,55,3,1,8,1,0,0,14,9,99,4,4,2,"777777777777","777777777777","777777777777",1,1