"STATE","ST_CASE","VEH_NO","VE_FORMS","NUMOCCS","DAY","MONTH","HOUR","MINUTE","HARM_EV","MAN_COLL","UNITTYPE","HIT_RUN","REG_STAT","OWNER","MAKE","MODEL","MAK_MOD","BODY_TYP","MOD_YEAR","VIN","VIN_1","VIN_2","VIN_3","VIN_4","VIN_5","VIN_6","VIN_7","VIN_8","VIN_9","VIN_10","VIN_11","VIN_12","TOW_VEH","J_KNIFE","MCARR_I1","MCARR_I2","MCARR_ID","GVWR","V_CONFIG","CARGO_BT","HAZ_INV","HAZ_PLAC","HAZ_ID","HAZ_CNO","HAZ_REL","BUS_USE","SPEC_USE","EMER_USE","TRAV_SP","UNDERIDE","ROLLOVER","ROLINLOC","IMPACT1","DEFORMED","TOWED","M_HARM","VEH_SC1","VEH_SC2","FIRE_EXP","DR_PRES","L_STATE","DR_ZIP","L_STATUS","L_TYPE","CDL_STAT","L_ENDORS","L_COMPL","L_RESTRI","DR_HGT","DR_WGT","PREV_ACC","PREV_SUS","PREV_DWI","PREV_SPD","PREV_OTH","FIRST_MO","FIRST_YR","LAST_MO","LAST_YR","SPEEDREL","DR_SF1","DR_SF2","DR_SF3","DR_SF4","VTRAFWAY","VNUM_LAN","VSPD_LIM","VALIGN","VPROFILE","VPAVETYP","VSURCOND","VTRAFCON","VTCONT_F","P_CRASH1","P_CRASH2","P_CRASH3","PCRASH4","PCRASH5","ACC_TYPE","TRLR1VIN","TRLR2VIN","TRLR3VIN","DEATHS","DR_DRINK"
48,482494,2,2,2,4,10,23,21,12,98,1,0,48,2,19,18,19018,4,2008,"1G6DR57V4801","1","G","6","D","R","5","7","V","4","8","0","1",0,0,0,"000000000","00000000000",0,0,0,1,0,0,0,0,0,0,0,998,0,0,0,99,2,3,12,0,0,0,1,48,75006,6,1,0,0,3,0,999,999,0,0,0,0,0,0,0,0,0,2,91,0,0,0,4,2,35,2,1,8,1,0,0,99,99,99,9,9,99,"777777777777","777777777777","777777777777",0,0
48,482495,1,2,2,4,10,18,24,12,6,1,0,48,3,35,47,35047,4,2015,"1N4AL3AP8FN8","1","N","4","A","L","3","A","P","8","F","N","8",0,0,0,"000000000","00000000000",0,0,0,1,0,0,0,0,0,0,0,998,0,0,0,3,6,2,12,0,0,0,1,48,75007,6,1,0,0,3,0,999,999,0,0,0,1,1,11,2011,4,2016,0,0,0,0,0,2,4,45,1,1,8,1,0,0,11,15,99,1,1,68,"777777777777","777777777777","777777777777",1,0
48,482495,2,2,2,4,10,18,24,12,6,1,0,48,1,35,49,35049,6,2010,"JN8AZ1MUXAW0","J","N","8","A","Z","1","M","U","X","A","W","0",0,0,0,"000000000","00000000000",0,0,0,1,0,0,0,0,0,0,0,998,0,0,0,12,6,2,12,0,0,0,1,48,75056,6,1,0,0,3,3,999,999,0,0,0,0,0,0,0,0,0,0,0,0,0,0,2,3,45,1,1,8,1,0,0,1,62,99,1,1,69,"777777777777","777777777777","777777777777",0,0
48,482496,1,1,3,4,10,21,53,8,0,1,0,48,1,55,35,55035,4,2014,"5NPDH4AE6EH4","5","N","P","D","H","4","A","E","6","E","H","4",0,0,0,"000000000","00000000000",0,0,0,1,0,0,0,0,0,0,0,998,0,0,0,62,2,5,8,0,0,0,1,48,76053,6,1,0,0,3,3,999,999,0,0,0,0,0,0,0,0,0,0,0,0,0,0,6,2,70,2,1,8,1,0,0,14,80,99,1,1,13,"777777777777","777777777777","777777777777",0,0
48,482497,1,1,2,28,9,0,15,8,0,1,0,48,1,12,401,12401,14,1993,"1FMEU15H4PLB","1","F","M","E","U","1","5","H","4","P","L","B",0,0,0,"000000000","00000000000",0,0,0,1,0,0,0,0,0,0,0,998,0,0,0,12,2,5,8,0,0,0,1,48,77345,6,1,0,0,3,0,999,999,0,0,0,0,0,0,0,0,0,0,0,0,0,0,2,3,50,1,1,8,1,0,0,1,80,15,9,1,13,"777777777777","777777777777","777777777777",0,0
48,482498,1,1,1,30,9,4,30,8,0,1,0,48,2,63,34,63034,4,2012,"5XXGM4A74CG0","5","X","X","G","M","4","A","7","4","C","G","0",0,0,0,"000000000","00000000000",0,0,0,1,0,0,0,0,0,0,0,998,0,0,0,12,6,2,8,0,0,0,1,48,79357,6,1,0,0,3,3,999,999,0,0,0,2,0,5,2012,6,2015,0,0,0,0,0,2,2,75,1,1,8,1,0,0,1,80,99,1,1,13,"777777777777","777777777777","777777777777",0,0
48,482499,1,1,4,1,10,2,2,1,0,1,0,48,2,22,22,22022,4,2006,"1G2ZG5581642","1","G","2","Z","G","5","5","8","1","6","4","2",0,0,0,"000000000","00000000000",0,0,0,1,0,0,0,0,0,0,0,998,0,1,5,0,6,2,1,0,0,0,1,48,76384,6,1,0,0,3,0,999,999,0,0,0,1,0,4,2015,4,2015,3,58,0,0,0,1,2,55,3,1,8,1,0,0,14,13,6,4,4,7,"777777777777","777777777777","777777777777",1,1
48,482500,1,1,1,2,10,20,28,8,0,1,0,48,1,12,481,12481,31,2000,"1FTRX07L3YKB","1","F","T","R","X","0","7","L","3","Y","K","B",0,0,0,"000000000","00000000000",0,0,0,1,0,0,0,0,0,0,0,998,0,0,0,12,2,3,8,0,0,0,1,48,75160,6,2,0,0,3,0,999,999,0,0,0,0,0,0,0,0,0,0,0,0,0,0,1,2,60,1,1,8,1,0,0,1,80,99,1,1,13,"777777777777","777777777777","777777777777",0,0
48,482501,1,1,1,2,10,10,50,42,0,1,0,48,1,72,706,72706,80,1999,"1HD1BJL40XY0","1","H","D","1","B","J","L","4","0","X","Y","0",0,0,0,"000000000","00000000000",0,0,0,1,0,0,0,0,0,0,0,998,0,0,0,98,8,2,42,0,0,0,1,48,78213,6,1,0,0,3,3,999,999,0,0,0,0,0,0,0,0,0,0,0,0,0,0,1,2,45,3,6,8,1,0,0,14,2,99,9,4,1,"777777777777","777777777777","777777777777",1,0
48,482502,1,2,1,5,10,22,45,12,6,1,0,0,0,53,704,53704,83,2000,"JS1DK4237Y21","J","S","1","D","K","4","2","3","7","Y","2","1",0,0,0,"000000000","00000000000",0,0,0,1,0,0,0,0,0,0,0,998,0,0,0,12,8,2,12,0,0,0,1,48,77449,6,1,0,0,2,0,999,999,0,0,0,0,2,9,2012,6,2016,3,23,24,0,0,2,3,40,1,1,8,1,0,0,1,62,99,1,1,69,"777777777777","777777777777","777777777777",1,1
48,482502,2,2,1,5,10,22,45,12,6,1,0,48,1,12,3,12003,2,2011,"1ZVBP8CF9B51","1","Z","V","B","P","8","C","F","9","B","5","1",0,0,0,"000000000","00000000000",0,0,0,1,0,0,0,0,0,0,0,998,0,0,0,3,2,3,12,0,0,0,1,48,77449,6,1,0,0,3,0,999,999,0,0,0,1,0,1,2015,1,2015,0,0,0,0,0,2,3,40,1,1,8,1,0,0,11,15,99,1,1,68,"777777777777","777777777777","777777777777",0,0
48,482503,1,1,1,7,10,5,15,8,0,1,0,48,2,12,461,12461,21,2007,"1FTNE24W77DA","1","F","T","N","E","2","4","W","7","7","D","A",0,0,0,"000000000","00000000000",0,0,0,1,0,0,0,0,0,0,0,998,0,0,0,12,2,5,8,0,0,0,1,48,76164,6,1,0,0,3,3,999,999,2,0,0,1,0,6,2012,7,2015,0,0,0,0,0,2,2,45,1,2,8,2,0,0,1,80,99,1,1,13,"777777777777","777777777777","777777777777",0,0
48,482504,1,1,4,10,7,0,48,43,0,1,0,48,2,20,2,20002,4,2000,"2G1WF55E3Y93","2","G","1","W","F","5","5","E","3","Y","9","3",0,0,0,"000000000","00000000000",0,0,0,1,0,0,0,0,0,0,0,998,0,1,3,98,6,2,1,0,0,1,1,48,99999,0,0,0,0,0,0,999,999,0,0,0,0,0,0,0,0,0,4,91,0,0,0,2,2,45,2,1,8,1,0,0,14,12,99,9,4,6,"777777777777","777777777777","777777777777",1,1
48,482505,1,2,3,2,9,19,9,12,6,1,0,48,2,12,481,12481,31,2004,"1FTRX12W84NC","1","F","T","R","X","1","2","W","8","4","N","C",0,0,0,"000000000","00000000000",0,0,0,1,0,0,0,0,0,0,0,998,0,1,1,9,6,2,12,0,0,0,1,48,79932,6,1,0,0,3,0,999,999,0,0,0,1,0,8,2015,8,2015,0,38,0,0,0,1,2,99,1,1,8,1,20,3,11,15,99,1,1,82,"777777777777","777777777777","777777777777",1,0
48,482505,2,2,2,2,9,19,9,12,6,1,0,48,2,54,421,54421,15,2008,"2HNYD28478H5","2","H","N","Y","D","2","8","4","7","8","H","5",0,0,0,"000000000","00000000000",0,0,0,1,0,0,0,0,0,0,0,998,0,0,0,12,4,5,12,0,0,0,1,48,79912,6,1,0,0,3,0,999,999,0,0,0,0,0,0,0,0,0,0,0,0,0,0,3,4,40,1,1,8,1,0,0,1,67,99,1,1,83,"777777777777","777777777777","777777777777",0,0
48,482506,1,2,4,11,9,2,25,12,1,1,0,48,1,13,1,13001,4,2004,"1LNHM81W14Y6","1","L","N","H","M","8","1","W","1","4","Y","6",0,0,0,"000000000","00000000000",0,0,0,1,0,0,0,0,0,0,0,998,0,0,0,12,6,2,30,0,0,0,1,48,75044,0,0,0,0,0,0,999,999,0,0,0,0,0,0,0,0,0,5,0,0,0,0,3,4,70,1,2,8,1,0,0,6,51,99,9,2,24,"777777777777","777777777777","777777777777",2,0
48,482506,2,2,1,11,9,2,25,12,1,1,0,48,1,49,472,49472,30,2012,"5TFTU4CN9CX0","5","T","F","T","U","4","C","N","9","C","X","0",0,0,0,"000000000","00000000000",0,0,0,1,0,0,0,0,0,0,0,998,0,0,0,6,2,5,12,0,0,0,1,48,75043,0,0,0,0,0,0,999,999,0,3,0,0,1,11,2011,10,2015,0,0,0,0,0,3,4,70,1,2,8,1,0,0,1,53,99,1,1,25,"777777777777","777777777777","777777777777",0,0
48,482507,1,3,1,11,9,2,49,12,1,1,0,96,9,32,48,32048,3,2012,"WAU7CL898CA0","W","A","U","7","C","L","8","9","8","C","A","0",0,0,0,"000000000","00000000000",0,0,0,1,0,0,0,0,0,0,0,998,0,0,0,12,6,2,12,0,0,0,1,96,0,9,9,99,9,9,9,999,999,99,99,99,99,99,99,9999,99,9999,5,91,0,0,0,2,3,55,1,1,8,1,3,3,1,50,99,1,1,20,"777777777777","777777777777","777777777777",1,1
48,482507,2,3,1,11,9,2,49,12,1,1,0,48,2,6,442,6442,20,2003,"2C4GP443X3R1","2","C","4","G","P","4","4","3","X","3","R","1",0,0,0,"000000000","00000000000",0,0,0,1,0,0,0,0,0,0,0,0,0,1,5,6,6,2,12,0,0,0,1,48,78501,0,0,0,0,0,0,999,999,0,0,0,0,0,0,0,0,0,0,0,0,0,0,2,3,55,1,1,8,1,3,3,5,53,1,1,1,21,"777777777777","777777777777","777777777777",0,0
48,482507,3,3,1,11,9,2,49,12,1,1,0,96,9,12,37,12037,4,2002,"1FAFP33P62W1","1","F","A","F","P","3","3","P","6","2","W","1",0,0,0,"000000000","00000000000",0,0,0,1,0,0,0,0,0,0,0,998,0,0,0,6,2,3,12,0,0,0,1,96,0,9,9,99,9,9,9,999,999,99,99,99,99,99,99,9999,99,9999,0,0,0,0,0,2,3,55,1,1,8,1,3,3,1,53,99,1,1,98,"777777777777","777777777777","777777777777",0,0
48,482508,1,1,3,19,9,2,50,34,0,1,0,48,9,7,26,7026,4,2010,"1B3CC5FB1AN2","1","B","3","C","C","5","F","B","1","A","N","2",0,0,0,"000000000","00000000000",0,0,0,1,0,0,0,0,0,0,0,998,0,1,5,12,6,2,1,0,0,0,1,99,99999,9,9,99,0,9,9,999,999,99,99,99,99,99,99,9999,99,9999,4,0,0,0,0,3,3,55,2,1,8,1,4,3,14,13,99,1,4,1,"777777777777","777777777777","777777777777",1,0
48,482509,1,2,3,22,9,19,12,12,6,1,0,48,2,12,3,12003,2,2006,"1ZVHT80N1651","1","Z","V","H","T","8","0","N","1","6","5","1",0,0,0,"000000000","00000000000",0,0,0,1,0,0,0,0,0,0,0,998,0,0,0,12,2,3,12,0,0,0,1,48,77074,0,0,0,0,0,0,999,999,0,0,0,0,0,0,0,0,0,0,0,0,0,0,2,2,30,1,1,1,1,3,3,1,62,99,1,1,69,"777777777777","777777777777","777777777777",1,0
48,482509,2,2,1,22,9,19,12,12,6,1,0,48,1,20,23,20023,6,2006,"3GNDA23D96S6","3","G","N","D","A","2","3","D","9","6","S","6",0,0,0,"000000000","00000000000",0,0,0,1,0,0,0,0,0,0,0,998,0,0,0,3,2,3,12,0,0,0,1,48,77081,0,0,0,0,0,0,999,999,0,0,0,0,0,0,0,0,0,0,38,0,0,0,2,2,30,1,1,1,1,3,3,11,15,99,1,1,68,"777777777777","777777777777","777777777777",0,0
48,482510,1,1,1,23,9,23,7,59,0,1,0,48,0,52,37,52037,3,2001,"4A3AC44G61E1","4","A","3","A","C","4","4","G","6","1","E","1",0,0,0,"000000000","00000000000",0,0,0,1,0,0,0,0,0,0,0,998,0,0,0,12,6,2,59,0,0,0,1,48,75041,1,1,0,0,2,0,61,121,0,5,0,1,2,10,2012,6,2016,0,0,0,0,0,3,4,70,1,1,8,1,0,0,1,13,99,1,4,1,"777777777777","777777777777","777777777777",1,1
48,482511,1,1,1,24,9,1,15,1,0,1,0,48,1,20,22,20022,4,2008,"1G1AL58F5871","1","G","1","A","L","5","8","F","5","8","7","1",0,0,0,"000000000","00000000000",0,0,0,1,0,0,0,0,0,0,0,998,0,2,5,0,6,2,1,0,0,0,1,48,77396,6,7,0,0,3,2,999,999,0,0,0,0,0,0,0,0,0,4,73,0,0,0,1,2,35,3,1,8,1,0,0,14,6,99,2,4,7,"777777777777","777777777777","777777777777",1,1
48,482512,1,3,1,27,9,5,53,12,2,1,0,48,2,12,481,12481,31,2001,"1FTRX17W51NA","1","F","T","R","X","1","7","W","5","1","N","A",0,0,0,"000000000","00000000000",0,0,0,1,0,0,0,0,0,0,0,998,0,0,0,12,6,2,12,0,0,0,1,48,77547,0,0,0,0,0,0,999,999,0,3,0,0,1,9,2014,9,2016,0,35,0,0,0,1,2,50,1,1,8,1,0,0,6,54,99,1,1,52,"777777777777","777777777777","777777777777",1,0
48,482512,2,3,1,27,9,5,53,12,2,1,0,48,3,12,481,12481,31,2011,"1FT7W2AT8BEC","1","F","T","7","W","2","A","T","8","B","E","C",0,0,0,"000000000","00000000000",0,0,0,1,0,0,0,0,0,0,0,998,0,0,0,12,6,2,12,0,0,0,1,48,77441,6,1,0,0,3,0,999,999,0,0,0,0,0,0,0,0,0,0,0,0,0,0,1,2,50,1,1,8,1,0,0,1,54,99,1,1,52,"777777777777","777777777777","777777777777",0,0
48,482512,3,3,2,27,9,5,53,12,2,1,0,48,1,34,34,34034,2,1995,"WBABF4320SEK","W","B","A","B","F","4","3","2","0","S","E","K",0,0,0,"000000000","00000000000",0,0,0,1,0,0,0,0,0,0,0,998,0,0,0,12,4,5,12,0,0,0,1,48,77449,6,1,0,0,3,0,999,999,0,0,0,0,0,0,0,0,0,0,0,0,0,0,1,2,50,1,1,8,1,0,0,1,62,99,1,1,98,"777777777777","777777777777","777777777777",0,0
48,482513,1,2,1,27,9,3,25,12,1,1,0,48,2,12,37,12037,4,2013,"1FADP3F20DL3","1","F","A","D","P","3","F","2","0","D","L","3",0,0,0,"000000000","00000000000",0,0,0,1,0,0,0,0,0,0,0,998,1,0,0,12,6,2,12,0,0,0,1,48,76134,1,1,0,0,2,0,999,999,1,1,0,1,1,7,2013,6,2016,5,0,0,0,0,3,4,98,1,2,8,1,0,0,1,51,99,1,1,24,"777777777777","777777777777","777777777777",1,0
48,482513,2,2,1,27,9,3,25,12,1,1,0,48,2,85,881,85881,66,1995,"1XKWDB9X9SJ6","1","X","K","W","D","B","9","X","9","S","J","6",1,1,99,"999999999","99999999999",3,6,3,1,0,0,0,0,0,0,0,998,0,0,0,6,2,5,12,0,0,0,1,48,75217,3,1,0,0,2,0,999,999,0,0,0,0,2,2,2013,2,2014,0,0,0,0,0,3,4,98,1,2,8,1,0,0,1,53,99,1,1,25,"13N1402C7N15","777777777777","777777777777",0,0
48,482514,1,1,99,27,9,6,50,8,0,1,1,99,9,99,999,99999,99,9999,"999999999999","9","9","9","9","9","9","9","9","9","9","9","9",0,0,0,"000000000","00000000000",0,0,0,1,0,0,0,0,0,0,0,998,0,0,0,12,9,5,8,99,99,0,1,99,99999,9,9,99,9,9,9,999,999,99,99,99,99,99,99,9999,99,9999,9,99,99,99,99,5,3,35,1,1,8,1,0,0,1,80,99,1,1,13,"777777777777","777777777777","777777777777",0,0
48,482515,1,2,2,28,9,16,50,12,6,1,0,48,1,20,9,20009,2,2001,"2G1FP22K3121","2","G","1","F","P","2","2","K","3","1","2","1",0,0,0,"000000000","00000000000",0,0,0,1,0,0,0,0,0,0,0,998,0,0,0,62,6,2,12,0,0,0,1,48,75076,6,1,0,0,3,0,999,999,0,0,0,0,0,0,0,0,0,5,35,0,0,0,1,2,55,1,1,8,1,0,0,6,54,6,3,6,66,"777777777777","777777777777","777777777777",2,1
48,482515,2,2,1,28,9,16,50,12,6,1,0,48,1,49,402,49402,14,2011,"2T3ZF4DV0BW0","2","T","3","Z","F","4","D","V","0","B","W","0",0,0,0,"000000000","00000000000",0,0,0,1,0,0,0,0,0,0,0,998,0,0,0,12,6,2,12,0,0,0,1,48,75076,6,1,0,0,3,0,999,999,0,0,0,0,0,0,0,0,0,0,0,0,0,0,1,2,55,1,1,8,1,0,0,1,64,99,1,1,66,"777777777777","777777777777","777777777777",0,0
48,482516,1,2,0,28,9,2,1,12,1,1,0,48,6,84,884,84884,66,2006,"2HSCNAPR76C2","2","H","S","C","N","A","P","R","7","6","C","2",1,1,57,"2465621","572465621",3,6,98,1,0,0,0,0,0,0,0,0,0,0,0,6,6,2,12,0,0,0,0,0,99997,7,6,97,7,6,7,998,997,998,998,998,998,998,98,9998,98,9998,8,54,0,0,0,3,3,70,1,3,8,1,0,0,0,53,0,0,0,32,"888888888888","777777777777","777777777777",0,0
48,482516,2,2,2,28,9,2,1,12,1,1,0,48,2,59,31,59031,4,2010,"JTHBK1EGXA23","J","T","H","B","K","1","E","G","X","A","2","3",0,0,0,"000000000","00000000000",0,0,0,1,0,0,0,0,0,0,0,998,0,0,0,12,6,2,12,0,0,0,1,48,78108,6,1,0,0,3,3,999,999,0,0,0,0,0,0,0,0,0,0,91,0,0,0,3,3,70,1,3,8,1,0,0,1,50,99,1,1,32,"777777777777","777777777777","777777777777",1,1
48,482517,1,2,1,28,9,17,10,12,6,1,0,48,1,18,2,18002,4,1997,"1G4HP52K1VH4","1","G","4","H","P","5","2","K","1","V","H","4",0,0,0,"000000000","00000000000",0,0,0,1,0,0,0,0,0,0,0,998,0,0,0,61,6,2,12,0,0,0,1,48,79782,6,1,0,0,3,3,999,999,0,0,0,0,0,0,0,0,0,0,48,0,0,0,1,2,60,1,1,8,1,0,0,11,15,99,1,1,72,"777777777777","777777777777","777777777777",1,0
48,482517,2,2,1,28,9,17,10,12,6,1,0,35,0,86,881,86881,66,2014,"1M2AX09Y4EM0","1","M","2","A","X","0","9","Y","4","E","M","0",1,1,57,"1223457","571223457",3,6,2,1,0,0,0,0,0,0,0,998,0,0,0,12,2,5,12,0,0,0,1,12,33634,0,0,0,0,0,0,999,999,0,0,0,0,0,0,0,0,0,0,0,0,0,0,1,2,60,1,1,8,1,0,0,1,64,99,1,1,73,"1T9TA422XEE7","777777777777","777777777777",0,0
48,482518,1,2,1,28,9,2,15,12,1,1,0,36,1,72,706,72706,80,2013,"1HD4LE215DC4","1","H","D","4","L","E","2","1","5","D","C","4",0,0,0,"000000000","00000000000",0,0,0,1,0,0,0,0,0,0,0,998,0,0,0,12,8,2,12,0,0,0,1,36,14062,6,1,0,0,3,0,71,999,0,0,0,0,0,0,0,0,0,4,0,0,0,0,3,3,55,1,1,8,1,0,0,1,51,99,1,1,24,"777777777777","777777777777","777777777777",1,1
48,482518,2,2,2,28,9,2,15,12,1,1,0,48,1,23,421,23421,15,1997,"1GKEC13RXVJ7","1","G","K","E","C","1","3","R","X","V","J","7",0,0,0,"000000000","00000000000",0,0,0,1,0,0,0,0,0,0,0,998,0,0,0,6,2,5,12,0,0,0,1,48,78617,0,0,0,0,0,0,999,999,0,0,0,0,0,0,0,0,0,0,0,0,0,0,3,3,55,1,1,8,1,0,0,1,53,99,1,1,25,"777777777777","777777777777","777777777777",0,0
48,482519,1,1,2,29,9,16,23,8,0,1,0,48,1,12,481,12481,31,2004,"1FTSW31P94EB","1","F","T","S","W","3","1","P","9","4","E","B",0,0,0,"000000000","00000000000",0,0,0,1,0,0,0,0,0,0,0,998,0,0,0,12,0,5,8,0,0,0,1,96,78213,9,9,99,9,9,9,999,999,99,99,99,99,99,99,9999,99,9999,0,0,0,0,0,5,7,45,1,1,8,1,0,0,11,80,1,1,1,13,"777777777777","777777777777","777777777777",0,0
48,482520,1,2,1,29,9,15,46,12,6,1,0,22,0,55,401,55401,14,2005,"KM8SC13D55U9","K","M","8","S","C","1","3","D","5","5","U","9",0,0,0,"000000000","00000000000",0,0,0,1,0,0,0,0,0,0,0,998,0,0,0,1,2,3,8,0,0,0,1,48,75051,6,1,0,0,3,0,65,165,0,0,0,0,0,0,0,0,0,0,39,0,0,0,4,3,35,1,1,8,1,3,3,1,17,1,1,1,73,"777777777777","777777777777","777777777777",0,0
48,482520,2,2,1,29,9,15,46,12,6,1,0,48,1,35,49,35049,6,2009,"JN8AZ18U99W1","J","N","8","A","Z","1","8","U","9","9","W","1",0,0,0,"000000000","00000000000",0,0,0,1,0,0,0,0,0,0,0,998,0,0,0,61,2,3,12,0,0,0,1,48,75098,6,1,0,0,3,0,999,999,0,0,0,2,0,2,2013,12,2015,0,0,0,0,0,4,3,35,1,1,8,1,3,3,11,60,99,1,1,72,"777777777777","777777777777","777777777777",0,0
48,482521,1,1,3,29,9,1,45,30,0,1,0,48,2,12,37,12037,4,2015,"1FADP3E20FL3","1","F","A","D","P","3","E","2","0","F","L","3",0,0,0,"000000000","00000000000",0,0,0,1,0,0,0,0,0,0,0,998,0,0,0,62,6,2,30,0,0,0,1,48,77868,6,1,0,0,3,0,999,999,0,4,0,1,0,12,2012,9,2015,0,39,0,0,0,1,2,55,1,1,8,1,20,3,1,6,99,3,4,2,"777777777777","777777777777","777777777777",1,1
48,482522,1,2,2,29,9,9,17,12,6,1,0,48,1,2,403,2403,14,2013,"1C4BJWKG3DL6","1","C","4","B","J","W","K","G","3","D","L","6",0,0,0,"000000000","00000000000",0,0,0,1,0,0,0,0,0,0,0,998,0,0,0,11,2,3,12,32,35,0,1,48,75482,6,1,0,0,3,3,999,999,2,0,0,0,1,1,2012,7,2014,0,38,0,0,0,0,0,0,0,0,0,0,0,0,11,15,99,1,1,82,"777777777777","777777777777","777777777777",0,0
48,482522,2,2,1,29,9,9,17,12,6,1,0,48,1,72,706,72706,80,2005,"1HD1FRW185Y6","1","H","D","1","F","R","W","1","8","5","Y","6",0,0,0,"000000000","00000000000",0,0,0,1,0,0,0,0,0,0,0,998,0,0,0,98,8,2,12,0,0,0,1,48,75482,6,1,0,0,3,0,999,999,0,0,0,0,0,0,0,0,0,0,0,0,0,0,5,5,45,1,1,8,1,0,0,1,72,99,1,1,83,"777777777777","777777777777","777777777777",1,0
48,482523,1,2,5,30,9,15,49,12,2,1,0,48,1,12,481,12481,31,2011,"1FTFW1EF9BFD","1","F","T","F","W","1","E","F","9","B","F","D",0,0,0,"000000000","00000000000",0,0,0,1,0,0,0,0,0,0,0,998,0,1,5,12,6,2,12,0,0,0,1,48,78210,6,1,0,0,3,0,999,999,0,0,0,0,0,0,0,0,0,0,0,0,0,0,1,2,55,1,1,8,1,0,0,1,10,7,9,2,50,"777777777777","777777777777","777777777777",2,0
48,482523,2,2,1,30,9,15,49,12,2,1,0,48,3,82,881,82881,66,2007,"1FUJBBCK97LX","1","F","U","J","B","B","C","K","9","7","L","X",1,1,57,"1947119","571947119",3,6,98,1,0,0,0,0,0,0,0,998,0,0,0,12,6,2,12,0,0,0,1,48,78065,6,1,6,0,3,0,999,999,0,0,0,0,0,0,0,0,0,0,0,0,0,0,1,2,55,1,1,8,1,0,0,1,62,7,1,1,51,"1T91F3929W12","777777777777","777777777777",0,0
48,482524,1,1,1,30,9,23,3,15,0,1,0,48,1,20,28,20028,4,2013,"1G1JE5SB2D41","1","G","1","J","E","5","S","B","2","D","4","1",0,0,0,"000000000","00000000000",0,0,0,1,0,0,0,0,0,0,0,62,0,0,0,12,6,2,15,0,0,0,1,48,75241,6,1,0,0,3,0,999,999,1,6,1,0,0,3,2014,4,2016,3,39,0,0,0,2,2,35,1,1,8,1,20,3,1,83,99,1,1,13,"777777777777","777777777777","777777777777",0,0
48,482525,1,1,1,30,9,13,55,10,0,1,0,48,3,82,881,82881,66,2017,"3AKJGEDR1HSJ","3","A","K","J","G","E","D","R","1","H","S","J",1,1,57,"873816","57873816",3,6,3,1,0,0,0,0,0,0,0,0,0,0,0,9,6,2,10,0,0,1,1,48,76208,6,1,6,0,3,0,999,999,0,0,0,0,1,7,2013,7,2013,0,0,0,0,0,1,2,30,1,1,8,1,65,3,5,98,1,1,1,98,"1CD2L4727HA0","777777777777","777777777777",1,0
48,482526,1,4,1,30,9,6,0,8,0,1,0,48,2,41,49,41049,4,2005,"JM1FE1735501","J","M","1","F","E","1","7","3","5","5","0","1",0,0,0,"000000000","00000000000",0,0,0,1,0,0,0,0,0,0,0,998,0,0,0,62,2,5,8,0,0,0,1,48,77070,0,0,0,0,0,0,999,999,0,0,0,0,0,0,0,0,0,0,0,0,0,0,3,4,60,1,1,1,1,0,0,1,80,99,1,1,13,"777777777777","777777777777","777777777777",0,0
48,482526,2,4,1,30,9,6,0,8,0,1,0,48,1,49,482,49482,31,2013,"5TFFY5F18DX1","5","T","F","F","Y","5","F","1","8","D","X","1",0,0,0,"000000000","00000000000",0,0,0,1,0,0,0,0,0,0,0,998,0,0,0,12,0,5,8,0,0,0,1,48,77302,6,1,6,0,3,0,999,999,0,0,0,0,0,0,0,0,0,0,0,0,0,0,3,4,60,1,1,1,1,0,0,1,80,99,1,1,98,"777777777777","777777777777","777777777777",0,0
48,482526,3,4,1,30,9,6,0,8,0,1,0,48,1,20,37,20037,4,2015,"1G11D5SL3FF1","1","G","1","1","D","5","S","L","3","F","F","1",0,0,0,"000000000","00000000000",0,0,0,1,0,0,0,0,0,0,0,998,0,0,0,12,0,5,8,0,0,0,1,48,77354,6,1,0,0,3,0,999,999,0,0,0,0,0,0,0,0,0,0,0,0,0,0,3,4,60,1,1,1,1,0,0,1,80,99,1,1,98,"777777777777","777777777777","777777777777",0,0
48,482526,4,4,1,30,9,6,0,8,0,1,0,48,2,12,3,12003,1,1997,"1FALP45X4VF1","1","F","A","L","P","4","5","X","4","V","F","1",0,0,0,"000000000","00000000000",0,0,0,1,0,0,0,0,0,0,0,998,0,0,0,12,0,5,8,0,0,0,1,48,77020,6,2,0,0,3,2,999,999,0,0,0,0,0,0,0,0,0,0,73,0,0,0,3,4,60,1,1,1,1,0,0,1,80,99,1,1,98,"777777777777","777777777777","777777777777",0,0
48,482527,1,1,1,30,9,20,12,8,0,1,0,48,1,7,20,7020,4,2005,"1B3ES56CX5D2","1","B","3","E","S","5","6","C","X","5","D","2",0,0,0,"000000000","00000000000",0,0,0,1,0,0,0,0,0,0,0,998,0,0,0,12,6,2,8,0,0,0,1,48,77506,6,1,0,0,3,0,999,999,0,12,0,0,0,6,2012,7,2016,0,0,0,0,0,1,4,35,1,1,8,1,0,0,1,80,99,1,1,13,"777777777777","777777777777","777777777777",0,0