"STATE","ST_CASE","VEH_NO","VE_FORMS","NUMOCCS","DAY","MONTH","HOUR","MINUTE","HARM_EV","MAN_COLL","UNITTYPE","HIT_RUN","REG_STAT","OWNER","MAKE","MODEL","MAK_MOD","BODY_TYP","MOD_YEAR","VIN","VIN_1","VIN_2","VIN_3","VIN_4","VIN_5","VIN_6","VIN_7","VIN_8","VIN_9","VIN_10","VIN_11","VIN_12","TOW_VEH","J_KNIFE","MCARR_I1","MCARR_I2","MCARR_ID","GVWR","V_CONFIG","CARGO_BT","HAZ_INV","HAZ_PLAC","HAZ_ID","HAZ_CNO","HAZ_REL","BUS_USE","SPEC_USE","EMER_USE","TRAV_SP","UNDERIDE","ROLLOVER","ROLINLOC","IMPACT1","DEFORMED","TOWED","M_HARM","VEH_SC1","VEH_SC2","FIRE_EXP","DR_PRES","L_STATE","DR_ZIP","L_STATUS","L_TYPE","CDL_STAT","L_ENDORS","L_COMPL","L_RESTRI","DR_HGT","DR_WGT","PREV_ACC","PREV_SUS","PREV_DWI","PREV_SPD","PREV_OTH","FIRST_MO","FIRST_YR","LAST_MO","LAST_YR","SPEEDREL","DR_SF1","DR_SF2","DR_SF3","DR_SF4","VTRAFWAY","VNUM_LAN","VSPD_LIM","VALIGN","VPROFILE","VPAVETYP","VSURCOND","VTRAFCON","VTCONT_F","P_CRASH1","P_CRASH2","P_CRASH3","PCRASH4","PCRASH5","ACC_TYPE","TRLR1VIN","TRLR2VIN","TRLR3VIN","DEATHS","DR_DRINK"
48,482564,1,1,1,16,9,2,0,59,0,1,0,48,0,82,881,82881,66,2003,"1FUJA6CG53PK","1","F","U","J","A","6","C","G","5","3","P","K",1,1,57,"2794656","572794656",3,6,1,1,0,0,0,0,0,0,0,998,0,1,5,98,6,2,1,0,0,0,1,48,75455,6,1,6,0,3,0,999,999,2,0,0,1,2,7,2014,12,2014,0,0,0,0,0,1,2,75,1,1,8,1,0,0,1,1,99,9,4,2,"1PLE04223SPD","777777777777","777777777777",1,1
48,482565,1,1,1,22,9,2,38,52,0,1,0,48,1,7,482,7482,31,2011,"1D7RV1CT6BS6","1","D","7","R","V","1","C","T","6","B","S","6",0,0,0,"000000000","00000000000",0,0,0,1,0,0,0,0,0,0,0,998,0,1,3,12,6,2,52,0,0,1,1,48,78370,6,1,0,0,3,0,999,999,0,1,0,0,0,6,2015,6,2015,0,27,0,0,0,3,3,75,1,1,8,1,0,0,15,13,99,1,4,1,"777777777777","777777777777","777777777777",1,0
48,482566,1,1,1,26,9,20,15,21,0,1,0,48,1,7,482,7482,31,2012,"3C6JD6CT2CG1","3","C","6","J","D","6","C","T","2","C","G","1",0,0,0,"000000000","00000000000",0,0,0,1,0,0,0,0,0,0,0,998,0,0,0,12,6,2,21,32,0,1,1,48,75574,6,1,0,0,3,3,64,139,0,0,0,0,0,0,0,0,0,0,0,0,0,0,2,2,75,1,1,8,1,0,0,1,13,99,1,4,1,"777777777777","777777777777","777777777777",1,0
48,482567,1,1,1,3,10,13,45,30,0,1,0,48,2,20,23,20023,6,2006,"3GNDA23DX6S5","3","G","N","D","A","2","3","D","X","6","S","5",0,0,0,"000000000","00000000000",0,0,0,1,0,0,0,0,0,0,0,998,0,0,0,3,6,2,30,0,0,0,1,48,78237,6,1,0,0,3,3,999,999,0,0,0,0,0,0,0,0,0,0,0,0,0,0,1,2,30,2,1,8,1,0,0,14,9,99,3,4,2,"777777777777","777777777777","777777777777",1,0
48,482568,1,2,1,4,10,14,23,12,8,1,0,48,3,20,481,20481,31,2004,"1GCHC23U74F2","1","G","C","H","C","2","3","U","7","4","F","2",0,0,0,"000000000","00000000000",0,0,0,1,0,0,0,0,0,0,0,998,0,0,0,98,6,2,12,0,0,1,1,48,75662,6,1,0,0,3,0,999,999,0,0,0,0,0,0,0,0,0,0,28,0,0,0,1,2,70,1,1,8,1,0,0,1,10,99,1,2,64,"777777777777","777777777777","777777777777",1,0
48,482568,2,2,1,4,10,14,23,12,8,1,0,93,3,82,881,82881,66,2005,"1FUGGLDR2CLB","1","F","U","G","G","L","D","R","2","C","L","B",1,1,57,"2788767","572788767",3,6,1,1,0,0,0,0,0,0,0,998,0,0,0,61,6,2,12,0,0,1,1,29,63128,6,1,6,0,3,0,69,170,0,0,0,0,0,0,0,0,0,0,0,0,0,0,1,2,70,1,1,8,1,0,0,1,62,9,1,1,65,"1JJV532D7HLU","777777777777","777777777777",0,0
48,482569,1,1,1,6,10,21,46,42,0,1,0,48,2,22,20,22020,4,2004,"2G2WP5224412","2","G","2","W","P","5","2","2","4","4","1","2",0,0,0,"000000000","00000000000",0,0,0,1,0,0,0,0,0,0,0,998,0,0,0,12,6,2,42,0,0,0,1,48,77040,6,7,0,0,3,2,999,999,0,0,0,0,0,0,0,0,0,0,73,0,0,0,3,2,40,1,1,8,1,0,0,1,12,99,1,4,6,"777777777777","777777777777","777777777777",1,0
48,482570,1,1,1,6,10,23,54,14,0,1,0,48,1,35,47,35047,4,2015,"1N4AL3AP9FC2","1","N","4","A","L","3","A","P","9","F","C","2",0,0,0,"000000000","00000000000",0,0,0,1,0,0,0,0,0,0,0,998,0,0,0,12,6,2,14,0,0,0,1,48,77075,6,1,0,0,3,3,999,999,2,0,0,0,0,2,2013,6,2014,0,0,0,0,0,3,4,60,1,1,8,1,0,0,1,11,99,1,4,11,"777777777777","777777777777","777777777777",1,0
48,482571,1,4,1,6,10,23,3,12,1,1,0,48,1,20,481,20481,31,2012,"3GCPKSEA1CG1","3","G","C","P","K","S","E","A","1","C","G","1",0,0,0,"000000000","00000000000",0,0,0,1,0,0,0,0,0,0,0,998,0,0,0,12,6,2,12,0,0,0,1,21,78234,6,1,0,0,3,0,74,185,0,0,0,0,0,0,0,0,0,5,0,0,0,0,2,2,80,1,1,8,1,0,0,1,50,99,1,1,20,"777777777777","777777777777","777777777777",0,0
48,482571,2,4,2,6,10,23,3,12,1,1,0,6,1,49,49,49049,6,2010,"JTLZE4FE0A11","J","T","L","Z","E","4","F","E","0","A","1","1",0,0,0,"000000000","00000000000",0,0,0,1,0,0,0,0,0,0,0,0,0,1,1,6,6,2,12,0,0,0,1,6,94565,6,1,0,0,3,3,65,117,0,0,0,0,0,0,0,0,0,0,0,0,0,0,2,2,80,1,1,8,1,0,0,5,53,1,1,1,21,"777777777777","777777777777","777777777777",1,0
48,482571,3,4,1,6,10,23,3,12,1,1,0,48,3,12,481,12481,31,2008,"1FTSW20598EC","1","F","T","S","W","2","0","5","9","8","E","C",0,0,0,"000000000","00000000000",0,0,0,1,0,0,0,0,0,0,0,0,0,0,0,6,6,2,12,0,0,0,1,48,78254,6,1,0,0,3,0,999,999,2,0,0,1,2,1,2012,5,2016,0,89,0,0,0,2,2,80,1,1,8,1,0,0,5,53,1,1,1,98,"777777777777","777777777777","777777777777",0,0
48,482571,4,4,2,6,10,23,3,12,1,1,0,48,1,20,481,20481,31,2002,"1GCJC33192F1","1","G","C","J","C","3","3","1","9","2","F","1",0,0,0,"000000000","00000000000",0,0,0,1,0,0,0,0,0,0,0,0,0,0,0,6,4,5,12,0,0,0,1,48,78124,6,1,0,0,3,0,999,999,1,1,0,0,0,1,2013,6,2013,0,0,0,0,0,2,2,80,1,1,8,1,0,0,5,53,1,1,1,98,"777777777777","777777777777","777777777777",0,0
48,482572,1,1,1,6,10,18,45,1,0,1,0,48,2,14,401,14401,14,1999,"4M2ZU52E9XUJ","4","M","2","Z","U","5","2","E","9","X","U","J",0,0,0,"000000000","00000000000",0,0,0,1,0,0,0,0,0,0,0,998,0,1,1,0,6,2,1,0,0,0,1,48,76648,6,1,0,0,3,0,999,999,0,0,0,0,0,0,0,0,0,0,80,0,0,0,3,2,75,1,1,8,1,0,0,1,1,99,1,1,98,"777777777777","777777777777","777777777777",1,0
48,482573,1,1,2,6,10,5,59,34,0,1,1,48,2,7,422,7422,15,2004,"1D4HD48N34F1","1","D","4","H","D","4","8","N","3","4","F","1",0,0,0,"000000000","00000000000",0,0,0,1,0,0,0,0,0,0,0,998,0,1,5,98,2,3,1,0,0,0,1,48,77871,0,0,0,0,0,0,999,999,0,0,0,0,0,0,0,0,0,4,91,79,0,0,1,2,30,1,1,5,11,0,0,1,6,99,3,4,2,"777777777777","777777777777","777777777777",1,1
48,482574,1,4,1,7,10,15,27,12,10,1,0,48,2,23,481,23481,31,2007,"1GTEK14C27Z5","1","G","T","E","K","1","4","C","2","7","Z","5",0,0,0,"000000000","00000000000",0,0,0,1,0,0,0,0,0,0,0,998,0,0,0,6,6,2,12,0,0,0,1,48,78245,0,0,0,0,0,0,999,999,0,0,0,0,0,0,0,0,0,0,0,0,0,0,5,5,35,1,1,8,2,0,0,1,9,99,2,2,98,"777777777777","777777777777","777777777777",0,0
48,482574,2,4,2,7,10,15,27,12,10,1,0,48,3,23,881,23881,62,2005,"1GBJ7C1355F5","1","G","B","J","7","C","1","3","5","5","F","5",0,0,57,"01388915","5701388915",2,1,1,1,0,0,0,0,0,0,0,998,0,0,0,6,2,5,12,0,0,0,1,48,78227,6,1,0,0,3,0,999,999,1,0,0,0,0,2,2015,2,2015,0,0,0,0,0,5,5,35,1,1,8,2,0,0,1,62,99,1,1,98,"777777777777","777777777777","777777777777",0,0
48,482574,3,4,1,7,10,15,27,12,10,1,0,48,1,20,473,20473,30,2015,"1GCCS14EXF82","1","G","C","C","S","1","4","E","X","F","8","2",0,0,0,"000000000","00000000000",0,0,0,1,0,0,0,0,0,0,0,998,0,0,0,12,6,2,12,0,0,0,1,48,78228,6,1,0,0,3,0,999,999,0,0,0,0,0,0,0,0,0,0,0,0,0,0,5,5,35,1,1,8,2,0,0,1,62,99,1,1,98,"777777777777","777777777777","777777777777",1,0
48,482574,4,4,7,7,10,15,27,12,10,1,0,48,2,58,421,58421,15,2006,"5N3AA08A96N8","5","N","3","A","A","0","8","A","9","6","N","8",0,0,0,"000000000","00000000000",0,0,0,1,0,0,0,0,0,0,0,998,0,0,0,12,6,2,12,0,0,0,1,48,78227,0,0,0,0,0,0,999,999,0,0,0,0,0,0,0,0,0,0,24,0,0,0,5,5,35,1,1,8,2,0,0,1,62,99,1,1,98,"777777777777","777777777777","777777777777",0,0
48,482575,1,1,1,7,10,22,45,8,0,1,0,48,3,6,18,6018,4,2015,"1C3CCCBB5FN7","1","C","3","C","C","C","B","B","5","F","N","7",0,0,0,"000000000","00000000000",0,0,0,1,0,0,0,0,0,0,0,998,0,0,0,12,6,2,8,0,0,0,1,48,78578,6,1,0,0,3,0,999,999,0,0,0,1,0,7,2016,7,2016,0,0,0,0,0,5,5,35,1,1,8,10,0,0,1,80,1,1,1,13,"777777777777","777777777777","777777777777",0,0
48,482576,1,2,2,7,10,19,50,12,6,1,0,20,1,7,403,7403,14,2011,"1D4PT4GK5BW6","1","D","4","P","T","4","G","K","5","B","W","6",0,0,0,"000000000","00000000000",0,0,0,1,0,0,0,0,0,0,0,998,0,0,0,82,6,2,12,0,0,0,1,20,66536,6,1,0,0,3,3,65,180,0,0,0,0,0,0,0,0,0,0,38,0,0,0,1,4,98,1,1,8,1,4,3,1,17,99,1,1,87,"777777777777","777777777777","777777777777",2,0
48,482576,2,2,1,7,10,19,50,12,6,1,0,48,1,20,481,20481,31,2001,"2GCEK19T1112","2","G","C","E","K","1","9","T","1","1","1","2",0,0,0,"000000000","00000000000",0,0,0,1,0,0,0,0,0,0,0,998,0,0,0,12,6,2,12,0,0,0,1,48,75670,6,1,0,0,3,0,999,999,0,0,0,0,1,11,2015,11,2015,0,0,0,0,0,1,4,60,1,1,8,1,4,3,1,66,9,1,1,86,"777777777777","777777777777","777777777777",0,0
48,482577,1,1,1,8,10,3,23,24,0,1,0,48,1,35,47,35047,4,2012,"1N4AL2AP9CC2","1","N","4","A","L","2","A","P","9","C","C","2",0,0,0,"000000000","00000000000",0,0,0,1,0,0,0,0,0,0,0,998,0,0,0,12,6,2,24,0,0,0,1,48,78228,6,1,0,0,3,0,999,999,1,0,0,1,0,12,2012,1,2014,0,28,0,0,0,3,3,65,1,1,8,1,0,0,1,13,99,1,4,1,"777777777777","777777777777","777777777777",1,1
48,482578,1,1,2,8,10,11,41,42,0,1,0,48,0,35,47,35047,4,2014,"1N4AL3APXEN3","1","N","4","A","L","3","A","P","X","E","N","3",0,0,0,"000000000","00000000000",0,0,0,1,0,0,0,0,0,0,0,998,0,0,0,12,6,2,42,0,0,0,1,48,78626,6,1,0,0,3,3,999,999,0,0,0,0,0,0,0,0,0,9,99,99,99,99,1,2,55,3,2,8,99,0,0,14,13,99,1,4,1,"777777777777","777777777777","777777777777",2,0
48,482579,1,2,1,9,10,23,5,23,0,1,0,22,1,42,48,42048,4,2007,"WDBUF77X57B1","W","D","B","U","F","7","7","X","5","7","B","1",0,0,0,"000000000","00000000000",0,0,0,1,0,0,0,0,0,0,0,998,0,1,2,12,6,2,23,0,0,1,1,22,70582,2,1,0,0,2,0,999,999,0,2,0,2,0,1,2012,12,2015,5,28,89,0,0,6,1,30,3,1,1,1,0,0,14,13,99,1,4,1,"777777777777","777777777777","777777777777",1,1
48,482579,2,2,1,9,10,23,5,23,0,1,0,48,1,12,402,12402,14,2007,"1FMYU02Z57KA","1","F","M","Y","U","0","2","Z","5","7","K","A",0,0,0,"000000000","00000000000",0,0,0,1,0,0,0,0,0,0,0,998,0,0,0,12,0,5,54,0,0,0,1,48,77302,6,1,0,0,3,3,999,999,0,0,0,0,0,0,0,0,0,0,0,0,0,0,8,3,98,8,8,8,98,0,0,1,98,99,1,1,98,"777777777777","777777777777","777777777777",0,0
48,482580,1,2,1,10,10,13,49,12,1,1,0,48,1,72,706,72706,80,2015,"1HD1KDM13FB7","1","H","D","1","K","D","M","1","3","F","B","7",0,0,0,"000000000","00000000000",0,0,0,1,0,0,0,0,0,0,0,998,0,0,0,6,8,2,12,0,0,0,1,48,75080,6,1,0,0,3,0,999,999,0,0,0,0,0,0,0,0,0,0,27,0,0,0,3,2,65,1,2,8,1,0,0,15,10,99,1,2,32,"777777777777","777777777777","777777777777",1,0
48,482580,2,2,1,10,10,13,49,12,1,1,0,48,3,86,881,86881,63,1989,"1M2N277Y9KW0","1","M","2","N","2","7","7","Y","9","K","W","0",0,0,57,"1431191","571431191",3,1,2,1,0,0,0,0,0,0,0,998,0,0,0,12,6,2,12,0,0,0,1,48,76542,6,1,6,0,3,3,999,999,0,1,0,3,1,2,2014,11,2015,0,0,0,0,0,3,2,65,1,2,8,1,0,0,1,61,9,1,2,32,"777777777777","777777777777","777777777777",0,0
48,482581,1,2,1,10,10,13,0,45,0,1,0,48,0,49,482,49482,31,2008,"5TFRT54118X0","5","T","F","R","T","5","4","1","1","8","X","0",0,0,0,"000000000","00000000000",0,0,0,1,0,0,0,0,0,0,0,998,0,0,0,61,6,2,45,0,0,0,1,48,78520,6,1,0,0,3,0,999,999,0,1,0,1,0,10,2012,11,2013,5,28,0,0,0,3,3,65,1,3,8,1,0,0,1,12,99,1,4,98,"777777777777","777777777777","777777777777",1,0
48,482581,3,2,1,10,10,13,0,45,0,1,0,48,1,49,32,49032,4,2016,"5YFBURHE2GP4","5","Y","F","B","U","R","H","E","2","G","P","4",0,0,0,"000000000","00000000000",0,0,0,1,0,0,0,0,0,0,0,998,0,0,0,12,2,3,12,0,0,0,1,48,78521,6,1,0,0,3,0,999,999,0,0,0,1,0,1,2012,1,2012,0,26,0,0,0,3,3,65,1,3,8,1,0,0,1,64,99,1,1,98,"777777777777","777777777777","777777777777",0,0
48,482582,1,2,2,10,10,23,5,53,0,1,0,48,2,41,51,41051,4,2012,"JM1BL1UF5C15","J","M","1","B","L","1","U","F","5","C","1","5",0,0,0,"000000000","00000000000",0,0,0,1,0,0,0,0,0,0,0,998,0,0,0,12,6,2,12,0,0,0,1,48,75169,1,1,0,0,2,0,999,999,1,2,0,0,0,12,2013,9,2016,0,91,37,58,0,1,2,30,1,1,8,1,0,0,1,13,99,1,4,1,"777777777777","777777777777","777777777777",1,0
48,482582,2,2,1,10,10,23,5,53,0,1,0,48,0,14,401,14401,14,2003,"4M2ZU66W93UJ","4","M","2","Z","U","6","6","W","9","3","U","J",0,0,0,"000000000","00000000000",0,0,0,1,0,0,0,0,0,0,0,998,0,1,5,61,6,2,12,0,0,0,1,48,75169,6,1,0,0,3,0,999,999,0,0,0,0,0,0,0,0,0,0,0,0,0,0,1,2,30,1,1,8,1,0,0,1,62,99,1,1,98,"777777777777","777777777777","777777777777",0,0
48,482583,1,1,1,12,10,20,43,8,0,1,0,48,1,42,42,42042,4,2005,"WDBRF40J05F7","W","D","B","R","F","4","0","J","0","5","F","7",0,0,0,"000000000","00000000000",0,0,0,1,0,0,0,0,0,0,0,998,0,0,0,12,2,5,8,0,0,0,1,48,78207,6,1,0,0,3,0,999,999,0,0,0,0,1,6,2012,6,2012,0,0,0,0,0,1,4,98,1,1,8,1,0,0,1,80,6,1,1,13,"777777777777","777777777777","777777777777",0,0
48,482584,1,1,2,12,10,21,45,8,0,1,0,48,2,23,481,23481,31,2001,"2GTEC19V6113","2","G","T","E","C","1","9","V","6","1","1","3",0,0,0,"000000000","00000000000",0,0,0,1,0,0,0,0,0,0,0,998,0,0,0,12,2,3,8,0,0,0,1,48,77338,0,0,0,0,0,0,999,999,0,0,0,0,0,0,0,0,0,0,0,0,0,0,5,5,45,1,1,8,1,0,0,1,80,6,2,1,13,"777777777777","777777777777","777777777777",0,0
48,482585,1,1,1,12,10,23,53,24,0,1,0,48,9,12,481,12481,31,2010,"1FTFW1CV7AFB","1","F","T","F","W","1","C","V","7","A","F","B",0,0,0,"000000000","00000000000",0,0,0,1,0,0,0,0,0,0,0,998,0,0,0,12,6,2,24,0,0,0,1,99,99999,9,9,99,9,9,9,999,999,99,99,99,99,99,99,9999,99,9999,4,0,0,0,0,5,5,35,3,1,8,1,0,0,14,6,99,1,4,6,"777777777777","777777777777","777777777777",1,0
48,482586,1,1,1,14,10,11,25,21,0,1,0,48,2,2,404,2404,14,2004,"1J4GX48S24C4","1","J","4","G","X","4","8","S","2","4","C","4",0,0,0,"000000000","00000000000",0,0,0,1,0,0,0,0,0,0,0,998,0,0,0,9,6,2,21,0,0,0,1,48,75154,1,1,0,0,2,3,66,180,0,1,0,1,0,6,2015,9,2016,5,28,0,0,0,4,2,55,3,1,8,2,0,0,1,12,99,1,4,6,"777777777777","777777777777","777777777777",1,0
48,482587,1,1,1,15,10,10,42,25,0,1,0,48,1,72,706,72706,80,2015,"1HD1GPM14FC3","1","H","D","1","G","P","M","1","4","F","C","3",0,0,0,"000000000","00000000000",0,0,0,1,0,0,0,0,0,0,0,998,0,0,0,98,8,2,25,0,0,0,1,48,79907,6,1,6,0,2,0,999,999,0,0,0,0,1,8,2016,8,2016,0,0,0,0,0,3,4,60,1,3,8,1,0,0,15,9,99,2,4,7,"777777777777","777777777777","777777777777",1,1
48,482588,1,2,1,16,9,23,45,12,6,1,0,48,0,7,482,7482,31,2004,"3D7KA28C34G1","3","D","7","K","A","2","8","C","3","4","G","1",0,0,0,"000000000","00000000000",0,0,0,1,0,0,0,0,0,0,0,998,0,1,5,5,6,2,12,0,0,0,1,48,76537,6,1,0,0,3,3,999,999,0,0,0,4,0,5,2013,7,2016,0,91,51,58,0,1,2,75,1,1,8,2,0,0,1,13,6,1,6,66,"777777777777","777777777777","777777777777",0,1
48,482588,2,2,3,16,9,23,45,12,6,1,0,48,2,7,24,7024,4,2007,"2B3KA43R37H8","2","B","3","K","A","4","3","R","3","7","H","8",0,0,0,"000000000","00000000000",0,0,0,1,0,0,0,0,0,0,0,998,0,0,0,12,6,2,12,0,0,0,1,48,79739,0,0,0,0,0,0,999,999,0,0,0,0,0,0,0,0,0,0,0,0,0,0,1,2,75,1,1,8,2,0,0,1,62,99,1,1,66,"777777777777","777777777777","777777777777",1,0
48,482589,1,2,2,24,9,16,54,12,2,1,0,48,1,20,482,20482,31,2002,"3GNEC13T32G1","3","G","N","E","C","1","3","T","3","2","G","1",0,0,0,"000000000","00000000000",0,0,0,1,0,0,0,0,0,0,0,998,0,0,0,12,6,2,12,0,0,0,1,48,78411,6,1,0,0,3,0,999,999,0,0,0,2,0,11,2011,11,2011,0,51,0,0,0,1,2,25,1,1,8,1,0,0,1,8,99,1,2,50,"777777777777","777777777777","777777777777",1,0
48,482589,2,2,1,24,9,16,54,12,2,1,0,48,0,2,405,2405,14,2005,"1J4GK38K95W6","1","J","4","G","K","3","8","K","9","5","W","6",0,0,0,"000000000","00000000000",0,0,0,1,0,0,0,0,0,0,0,998,0,0,0,12,6,2,12,0,0,0,1,48,78723,0,0,0,0,0,0,999,999,0,0,0,0,0,0,0,0,0,0,0,0,0,0,1,2,25,1,1,8,1,0,0,1,62,99,1,1,51,"777777777777","777777777777","777777777777",0,0
48,482590,1,1,1,3,10,19,0,8,0,1,0,48,4,38,882,38882,61,2012,"JALE5W169C79","J","A","L","E","5","W","1","6","9","C","7","9",0,0,57,"16130","5716130",2,1,1,1,0,0,0,0,0,0,0,998,0,1,1,12,6,2,8,0,0,0,1,25,75220,6,1,0,0,3,0,72,999,0,1,0,1,0,5,2013,8,2013,0,91,0,0,0,3,2,70,1,2,8,1,0,0,1,13,6,1,4,1,"777777777777","777777777777","777777777777",0,0
48,482591,1,1,1,4,10,8,58,1,0,1,0,48,1,7,482,7482,31,2003,"1D7HA18DX3S3","1","D","7","H","A","1","8","D","X","3","S","3",0,0,0,"000000000","00000000000",0,0,0,1,0,0,0,0,0,0,0,998,0,9,5,0,6,2,1,0,0,0,1,48,75803,6,1,0,0,3,0,999,999,1,2,0,1,3,8,2013,6,2016,4,58,0,0,0,1,2,55,3,1,8,1,0,0,14,13,6,9,4,7,"777777777777","777777777777","777777777777",1,1
48,482592,1,2,1,12,10,17,5,12,6,1,0,48,1,37,32,37032,4,2009,"1HGCP26439A0","1","H","G","C","P","2","6","4","3","9","A","0",0,0,0,"000000000","00000000000",0,0,0,1,0,0,0,0,0,0,0,998,0,0,0,3,6,2,12,0,0,0,1,48,78253,6,1,0,0,3,0,999,999,0,0,0,0,0,0,0,0,0,0,38,0,0,0,3,4,40,1,2,2,1,0,0,11,15,99,1,1,82,"777777777777","777777777777","777777777777",0,0
48,482592,2,2,1,12,10,17,5,12,6,1,0,48,1,37,706,37706,80,2007,"JH2SC57037M3","J","H","2","S","C","5","7","0","3","7","M","3",0,0,0,"000000000","00000000000",0,0,0,1,0,0,0,0,0,0,0,998,0,0,0,12,6,2,12,0,0,0,1,48,78259,6,1,0,0,3,0,999,999,0,2,0,1,0,12,2013,4,2015,5,0,0,0,0,3,3,40,1,2,2,1,0,0,1,17,99,1,1,83,"777777777777","777777777777","777777777777",1,0
48,482593,1,1,1,12,10,19,23,8,0,1,0,48,1,19,18,19018,4,2012,"1G6DA5E56C01","1","G","6","D","A","5","E","5","6","C","0","1",0,0,0,"000000000","00000000000",0,0,0,1,0,0,0,0,0,0,0,998,0,0,0,12,6,2,8,0,0,0,1,48,75216,6,7,0,0,3,2,999,999,0,19,0,0,0,6,2012,5,2016,0,73,0,0,0,2,4,50,1,1,8,1,0,0,1,80,99,1,1,13,"777777777777","777777777777","777777777777",0,0
48,482594,1,1,1,13,10,10,30,8,0,1,0,48,1,51,47,51047,4,2001,"YV1RS61N9120","Y","V","1","R","S","6","1","N","9","1","2","0",0,0,0,"000000000","00000000000",0,0,0,1,0,0,0,0,0,0,0,998,0,0,0,12,6,2,8,0,0,0,1,48,77057,6,1,0,0,3,0,999,999,0,0,0,0,0,0,0,0,0,0,0,0,0,0,3,4,35,1,1,1,1,0,0,1,80,99,1,1,13,"777777777777","777777777777","777777777777",0,0
48,482595,1,2,1,15,10,20,7,12,6,1,0,48,1,20,481,20481,31,2005,"2GCEC13T7512","2","G","C","E","C","1","3","T","7","5","1","2",0,0,0,"000000000","00000000000",0,0,0,1,0,0,0,0,0,0,0,998,0,0,0,12,6,2,12,0,0,0,1,48,77375,6,1,0,0,3,0,999,999,0,4,0,0,0,4,2012,11,2013,3,28,0,0,0,2,3,35,1,1,1,1,0,0,15,10,99,1,2,47,"777777777777","777777777777","777777777777",1,0
48,482595,2,2,1,15,10,20,7,12,6,1,0,48,1,20,36,20036,2,2002,"2G1WX15K0292","2","G","1","W","X","1","5","K","0","2","9","2",0,0,0,"000000000","00000000000",0,0,0,1,0,0,0,0,0,0,0,0,0,0,0,83,2,3,12,0,0,0,1,48,77045,1,1,0,0,2,0,999,999,0,7,0,1,1,1,2012,7,2016,0,0,0,0,0,2,3,35,1,1,1,1,0,0,5,61,1,1,1,45,"777777777777","777777777777","777777777777",0,0
48,482596,1,2,1,15,10,0,55,12,6,1,0,93,3,86,881,86881,66,2011,"1M1AN07Y0BM0","1","M","1","A","N","0","7","Y","0","B","M","0",1,1,57,"669888","57669888",3,6,2,1,0,0,0,0,0,0,0,998,0,0,0,12,2,3,12,0,0,0,1,48,75975,6,1,5,1,3,0,999,999,0,0,0,0,0,0,0,0,0,0,39,0,0,0,2,2,60,1,1,8,1,3,3,1,17,99,1,1,86,"1J9TA4326913","777777777777","777777777777",0,0
48,482596,2,2,2,15,10,0,55,12,6,1,0,48,1,55,33,55033,4,2013,"5NPEB4AC7DH5","5","N","P","E","B","4","A","C","7","D","H","5",0,0,0,"000000000","00000000000",0,0,0,1,0,0,0,0,0,0,0,998,0,0,0,3,6,2,12,0,0,0,1,48,75633,6,1,0,0,3,0,999,999,0,0,0,0,0,0,0,0,0,0,0,0,0,0,1,2,99,1,2,8,1,3,3,1,66,99,1,1,87,"777777777777","777777777777","777777777777",2,1
48,482597,1,1,2,15,10,0,23,43,0,1,0,48,0,37,703,37703,80,2014,"MLHMD3818E51","M","L","H","M","D","3","8","1","8","E","5","1",0,0,0,"000000000","00000000000",0,0,0,1,0,0,0,0,0,0,0,998,0,0,0,12,6,2,43,0,0,0,1,48,76180,6,1,0,0,3,0,999,999,0,0,0,2,0,5,2014,8,2014,0,91,0,0,0,3,2,60,1,1,2,1,0,0,1,13,99,9,4,1,"777777777777","777777777777","777777777777",1,1
48,482598,1,1,1,16,10,22,20,21,0,1,0,48,2,35,48,35048,2,2006,"JN1AZ34D06M3","J","N","1","A","Z","3","4","D","0","6","M","3",0,0,0,"000000000","00000000000",0,0,0,1,0,0,0,0,0,0,0,998,0,0,0,9,6,2,21,0,0,0,1,48,77022,1,1,0,0,2,0,999,999,0,3,0,0,1,1,2013,6,2015,0,0,0,0,0,3,2,40,1,1,1,1,0,0,1,13,99,9,4,1,"777777777777","777777777777","777777777777",1,1
48,482599,1,1,1,16,10,20,0,43,0,1,0,48,4,76,705,76705,80,2007,"JYARJ12E87A0","J","Y","A","R","J","1","2","E","8","7","A","0",0,0,0,"000000000","00000000000",0,0,0,1,0,0,0,0,0,0,0,998,0,0,0,98,8,2,43,0,0,0,1,48,78404,4,1,0,0,2,0,999,999,1,0,0,0,0,9,2012,9,2012,5,41,0,0,0,1,2,45,3,1,8,1,0,0,14,13,99,9,4,1,"777777777777","777777777777","777777777777",1,0
48,482600,1,1,1,18,9,21,55,8,0,1,0,48,1,20,421,20421,15,2005,"1GNEC13V45R2","1","G","N","E","C","1","3","V","4","5","R","2",0,0,0,"000000000","00000000000",0,0,0,1,0,0,0,0,0,0,0,998,0,0,0,14,8,5,8,0,0,0,1,48,78747,6,1,0,0,3,3,999,999,1,0,0,0,0,9,2012,9,2012,0,0,0,0,0,1,4,99,1,1,8,1,3,3,1,80,16,9,1,13,"777777777777","777777777777","777777777777",0,0