"STATE","ST_CASE","VEH_NO","VE_FORMS","NUMOCCS","DAY","MONTH","HOUR","MINUTE","HARM_EV","MAN_COLL","UNITTYPE","HIT_RUN","REG_STAT","OWNER","MAKE","MODEL","MAK_MOD","BODY_TYP","MOD_YEAR","VIN","VIN_1","VIN_2","VIN_3","VIN_4","VIN_5","VIN_6","VIN_7","VIN_8","VIN_9","VIN_10","VIN_11","VIN_12","TOW_VEH","J_KNIFE","MCARR_I1","MCARR_I2","MCARR_ID","GVWR","V_CONFIG","CARGO_BT","HAZ_INV","HAZ_PLAC","HAZ_ID","HAZ_CNO","HAZ_REL","BUS_USE","SPEC_USE","EMER_USE","TRAV_SP","UNDERIDE","ROLLOVER","ROLINLOC","IMPACT1","DEFORMED","TOWED","M_HARM","VEH_SC1","VEH_SC2","FIRE_EXP","DR_PRES","L_STATE","DR_ZIP","L_STATUS","L_TYPE","CDL_STAT","L_ENDORS","L_COMPL","L_RESTRI","DR_HGT","DR_WGT","PREV_ACC","PREV_SUS","PREV_DWI","PREV_SPD","PREV_OTH","FIRST_MO","FIRST_YR","LAST_MO","LAST_YR","SPEEDREL","DR_SF1","DR_SF2","DR_SF3","DR_SF4","VTRAFWAY","VNUM_LAN","VSPD_LIM","VALIGN","VPROFILE","VPAVETYP","VSURCOND","VTRAFCON","VTCONT_F","P_CRASH1","P_CRASH2","P_CRASH3","PCRASH4","PCRASH5","ACC_TYPE","TRLR1VIN","TRLR2VIN","TRLR3VIN","DEATHS","DR_DRINK"
48,482710,1,1,1,17,10,2,39,1,0,1,0,48,1,12,16,12016,4,1996,"2FALP74W1TX1","2","F","A","L","P","7","4","W","1","T","X","1",0,0,0,"000000000","00000000000",0,0,0,1,0,0,0,0,0,0,0,998,0,9,5,0,4,5,1,0,0,0,1,48,77045,6,1,0,0,3,3,999,999,0,0,0,0,0,0,0,0,0,5,0,0,0,0,1,2,30,3,1,1,1,0,0,14,6,99,9,4,7,"777777777777","777777777777","777777777777",1,1
48,482711,1,1,1,18,10,5,44,42,0,1,0,48,2,20,2,20002,4,2006,"2G1WB55K4691","2","G","1","W","B","5","5","K","4","6","9","1",0,0,0,"000000000","00000000000",0,0,0,1,0,0,0,0,0,0,0,998,0,0,0,3,6,2,42,0,0,0,1,48,77077,6,1,0,0,3,0,999,999,0,0,0,1,0,8,2014,8,2014,0,99,99,99,99,2,2,65,1,2,8,1,0,0,1,13,99,9,4,1,"777777777777","777777777777","777777777777",1,0
48,482712,1,1,1,18,10,20,0,8,0,1,0,48,2,35,51,35051,6,2013,"JN8AS5MT8DW5","J","N","8","A","S","5","M","T","8","D","W","5",0,0,0,"000000000","00000000000",0,0,0,1,0,0,0,0,0,0,0,998,0,0,0,12,6,2,8,0,0,0,1,48,77584,6,1,0,0,3,3,999,999,0,0,0,0,0,0,0,0,0,0,0,0,0,0,5,5,45,1,1,1,1,0,0,1,80,99,1,1,13,"777777777777","777777777777","777777777777",0,0
48,482713,1,2,1,18,10,13,38,12,2,1,0,48,2,13,1,13001,4,1993,"1LNLM81W3PY7","1","L","N","L","M","8","1","W","3","P","Y","7",0,0,0,"000000000","00000000000",0,0,0,1,0,0,0,0,0,0,0,998,0,0,0,12,6,2,12,0,0,0,1,48,77053,6,1,0,0,3,0,999,999,0,0,0,0,0,0,0,0,0,0,28,0,0,0,1,2,55,1,1,8,1,0,0,1,10,99,1,2,50,"777777777777","777777777777","777777777777",0,0
48,482713,2,2,2,18,10,13,38,12,2,1,0,48,1,12,17,12017,4,2004,"1FAFP53U94A1","1","F","A","F","P","5","3","U","9","4","A","1",0,0,0,"000000000","00000000000",0,0,0,1,0,0,0,0,0,0,0,998,0,0,0,12,6,2,12,0,0,0,1,48,77515,6,1,0,0,3,0,999,999,0,0,0,0,0,0,0,0,0,0,0,0,0,0,1,2,55,1,1,8,1,0,0,1,62,99,1,1,51,"777777777777","777777777777","777777777777",1,0
48,482714,1,1,2,18,10,5,50,34,0,1,0,48,1,37,32,37032,4,2006,"1HGCM56846A1","1","H","G","C","M","5","6","8","4","6","A","1",0,0,0,"000000000","00000000000",0,0,0,1,0,0,0,0,0,0,0,998,0,0,0,12,6,2,34,0,0,0,1,48,75979,0,0,0,0,0,0,999,999,0,0,0,0,0,0,0,0,0,4,0,0,0,0,1,2,75,1,1,8,1,0,0,1,52,7,9,4,1,"777777777777","777777777777","777777777777",1,0
48,482715,1,1,1,19,10,21,0,42,0,1,0,48,0,49,43,49043,4,1999,"4T1BF18B6XU2","4","T","1","B","F","1","8","B","6","X","U","2",0,0,0,"000000000","00000000000",0,0,0,1,0,0,0,0,0,0,0,998,0,1,5,12,6,2,42,0,0,0,1,48,75227,3,1,0,0,2,0,999,999,0,12,0,1,3,3,2012,9,2016,0,0,0,0,0,4,2,35,3,1,8,99,0,0,14,13,99,9,4,1,"777777777777","777777777777","777777777777",1,1
48,482716,1,1,1,19,10,21,5,30,0,1,0,48,1,71,706,71706,80,2014,"ZDM12BSW7EB0","Z","D","M","1","2","B","S","W","7","E","B","0",0,0,0,"000000000","00000000000",0,0,0,1,0,0,0,0,0,0,0,998,0,0,0,98,8,2,30,0,0,0,1,48,78539,6,1,0,0,3,0,999,999,0,0,0,0,1,1,2014,1,2014,4,33,0,0,0,1,2,55,3,1,8,1,0,0,6,6,99,9,4,2,"777777777777","777777777777","777777777777",1,0
48,482717,1,1,1,19,10,2,23,24,0,1,0,48,2,37,31,37031,2,2007,"2HGFG12807H5","2","H","G","F","G","1","2","8","0","7","H","5",0,0,0,"000000000","00000000000",0,0,0,1,0,0,0,0,0,0,0,998,0,1,1,12,2,5,24,0,0,0,1,48,75116,6,1,0,0,3,0,999,999,0,0,0,0,0,0,0,0,0,4,0,0,0,0,3,3,65,1,1,8,1,0,0,1,6,99,9,4,2,"777777777777","777777777777","777777777777",1,0
48,482718,1,2,2,20,10,6,29,12,2,1,0,29,0,87,881,87881,66,2016,"1XP7D49X7AD1","1","X","P","7","D","4","9","X","7","A","D","1",1,1,57,"70289","5770289",3,6,1,1,0,0,0,0,0,0,0,998,0,0,0,12,6,2,12,0,0,1,1,12,33809,6,1,6,0,3,3,64,999,0,0,0,2,0,7,2013,12,2014,0,0,0,0,0,1,2,75,1,1,8,1,0,0,1,62,99,1,1,51,"1RZ19F2C9D20","777777777777","777777777777",0,0
48,482718,2,2,1,20,10,6,29,12,2,1,0,48,2,20,481,20481,31,2003,"1GCHK29U33E1","1","G","C","H","K","2","9","U","3","3","E","1",0,0,0,"000000000","00000000000",0,0,0,1,0,0,0,0,0,0,0,998,0,0,0,12,6,2,12,0,0,1,1,48,79022,0,0,0,0,0,0,999,999,0,0,0,0,0,0,0,0,0,0,51,0,0,0,1,2,75,1,1,8,1,0,0,1,10,99,1,2,50,"777777777777","777777777777","777777777777",1,0
48,482719,1,1,4,20,10,7,5,1,0,1,0,48,0,12,401,12401,14,2002,"1FMZU63E62ZA","1","F","M","Z","U","6","3","E","6","2","Z","A",0,0,0,"000000000","00000000000",0,0,0,1,0,0,0,0,0,0,0,998,0,2,1,0,6,2,1,0,0,0,1,48,75684,3,1,0,0,2,3,999,999,0,5,0,0,2,10,2011,7,2016,0,0,0,0,0,5,3,65,2,2,8,1,0,0,14,52,7,9,2,98,"777777777777","777777777777","777777777777",1,0
48,482720,1,2,1,20,10,23,35,8,0,1,0,48,2,20,2,20002,4,2010,"2G1WB5EK7A11","2","G","1","W","B","5","E","K","7","A","1","1",0,0,0,"000000000","00000000000",0,0,0,1,0,0,0,0,0,0,0,998,0,0,0,12,2,3,8,0,0,0,1,48,77011,0,0,0,0,0,0,999,999,1,11,0,2,4,4,2012,9,2016,0,0,0,0,0,3,3,60,1,1,1,1,0,0,1,80,99,1,1,13,"777777777777","777777777777","777777777777",0,0
48,482720,2,2,1,20,10,23,35,8,0,1,0,48,2,42,54,42054,4,2014,"WDDSJ4EB3EN0","W","D","D","S","J","4","E","B","3","E","N","0",0,0,0,"000000000","00000000000",0,0,0,1,0,0,0,0,0,0,0,998,0,0,0,14,8,5,8,0,0,0,1,48,77011,0,0,0,0,0,0,999,999,0,0,0,0,0,0,0,0,0,0,0,0,0,0,3,3,60,1,1,1,1,0,0,1,80,99,1,1,98,"777777777777","777777777777","777777777777",0,0
48,482721,1,1,4,20,10,7,48,8,0,1,0,48,1,35,401,35401,14,2013,"5N1AR2MN9DC6","5","N","1","A","R","2","M","N","9","D","C","6",0,0,0,"000000000","00000000000",0,0,0,1,0,0,0,0,0,0,0,998,0,0,0,9,2,5,8,0,0,0,1,48,78501,6,1,0,0,3,0,999,999,0,0,0,0,0,0,0,0,0,0,28,0,0,0,1,2,98,8,8,8,98,20,3,11,80,1,1,2,13,"777777777777","777777777777","777777777777",0,0
48,482722,1,1,1,20,10,5,20,1,0,1,0,48,1,59,34,59034,4,2000,"JT8BD68SXY00","J","T","8","B","D","6","8","S","X","Y","0","0",0,0,0,"000000000","00000000000",0,0,0,1,0,0,0,0,0,0,0,998,0,2,5,0,6,2,1,0,0,0,1,48,76063,6,1,0,0,3,3,999,999,0,0,0,0,0,0,0,0,0,0,0,0,0,0,6,2,60,3,2,8,2,0,0,14,13,99,9,4,5,"777777777777","777777777777","777777777777",1,0
48,482723,1,2,1,20,10,8,26,12,6,1,0,48,2,7,461,7461,21,1996,"2B7HB21Y2TK1","2","B","7","H","B","2","1","Y","2","T","K","1",0,0,0,"000000000","00000000000",0,0,0,1,0,0,0,0,0,0,0,998,0,0,0,5,6,2,12,0,0,0,1,48,75766,6,1,0,0,3,0,999,999,0,0,0,0,0,0,0,0,0,0,0,0,0,0,1,4,70,1,2,8,2,0,0,1,6,99,4,2,64,"777777777777","777777777777","777777777777",0,0
48,482723,2,2,1,20,10,8,26,12,6,1,0,48,2,49,43,49043,4,1998,"4T1BF18B8WU2","4","T","1","B","F","1","8","B","8","W","U","2",0,0,0,"000000000","00000000000",0,0,0,1,0,0,0,0,0,0,0,998,0,0,0,12,6,2,12,0,0,0,1,48,75455,6,1,0,0,3,0,999,999,0,0,0,0,0,0,0,0,0,0,0,0,0,0,1,4,70,1,2,8,2,0,0,1,62,99,1,1,65,"777777777777","777777777777","777777777777",1,0
48,482724,1,2,4,21,10,19,51,12,6,1,0,48,2,49,32,49032,4,2015,"5YFBURHE5FP2","5","Y","F","B","U","R","H","E","5","F","P","2",0,0,0,"000000000","00000000000",0,0,0,1,0,0,0,0,0,0,0,998,0,0,0,3,6,2,12,0,0,0,1,48,75904,0,0,0,0,0,0,999,999,0,0,0,0,0,0,0,0,0,0,0,0,0,0,3,2,55,3,2,8,1,0,0,11,15,99,1,1,68,"777777777777","777777777777","777777777777",1,0
48,482724,2,2,1,21,10,19,51,12,6,1,0,48,1,12,471,12471,30,2004,"1FTYR14U14PA","1","F","T","Y","R","1","4","U","1","4","P","A",0,0,0,"000000000","00000000000",0,0,0,1,0,0,0,0,0,0,0,998,0,0,0,12,6,2,12,0,0,0,1,48,75904,6,1,0,0,3,0,999,999,1,5,0,0,0,12,2013,9,2016,0,0,0,0,0,3,2,55,2,2,8,1,0,0,14,62,99,1,1,69,"777777777777","777777777777","777777777777",0,1
48,482726,1,1,2,21,10,17,30,1,0,1,0,48,2,12,481,12481,31,2000,"1FTZF0729YKA","1","F","T","Z","F","0","7","2","9","Y","K","A",0,0,0,"000000000","00000000000",0,0,0,1,0,0,0,0,0,0,0,998,0,2,1,0,6,2,1,0,0,0,1,48,75401,0,0,0,0,0,0,999,999,0,0,0,0,0,0,0,0,0,4,82,0,0,0,1,2,35,1,1,8,11,0,0,1,98,7,4,6,98,"777777777777","777777777777","777777777777",1,0
48,482727,1,2,2,21,10,15,16,12,6,1,0,48,2,20,481,20481,31,2012,"1GNEC13T2YJ1","1","G","N","E","C","1","3","T","2","Y","J","1",0,0,0,"000000000","00000000000",0,0,0,1,0,0,0,0,0,0,0,998,0,0,0,1,6,2,12,0,0,0,1,48,76513,1,1,0,0,2,0,999,999,0,0,0,0,0,0,0,0,0,0,0,0,0,0,1,2,75,1,1,8,1,0,0,1,9,99,4,2,64,"777777777777","777777777777","777777777777",2,0
48,482727,2,2,1,21,10,15,16,12,6,1,0,48,3,20,481,20481,31,2012,"1GC0KVCG7CF1","1","G","C","0","K","V","C","G","7","C","F","1",0,0,0,"000000000","00000000000",0,0,0,1,0,0,0,0,0,0,0,998,0,1,9,12,6,2,12,0,0,0,1,48,76657,6,1,6,0,3,0,999,999,0,0,0,1,1,4,2013,9,2014,0,0,0,0,0,1,2,75,1,1,8,1,0,0,1,62,99,1,1,65,"777777777777","777777777777","777777777777",1,0
48,482728,1,1,1,21,10,1,45,8,0,1,0,48,1,7,482,7482,31,2011,"1D7RV1GT0BS5","1","D","7","R","V","1","G","T","0","B","S","5",0,0,0,"000000000","00000000000",0,0,0,1,0,0,0,0,0,0,0,998,0,0,0,12,2,3,8,0,0,0,1,48,78550,6,1,6,0,3,3,999,999,1,0,0,1,1,12,2012,12,2014,0,0,0,0,0,3,2,75,1,1,8,1,0,0,1,80,99,1,1,13,"777777777777","777777777777","777777777777",0,0
48,482729,1,1,2,21,10,11,5,1,0,1,0,48,3,72,706,72706,80,2005,"1HD1FSW125Y6","1","H","D","1","F","S","W","1","2","5","Y","6",0,0,0,"000000000","00000000000",0,0,0,1,0,0,0,0,0,0,0,998,0,0,0,0,2,3,1,0,0,0,1,48,76086,1,1,0,0,2,3,999,999,0,1,0,3,1,3,2012,7,2016,0,84,0,0,0,3,2,70,2,2,8,1,0,0,14,50,16,3,1,98,"777777777777","777777777777","777777777777",1,0
48,482730,1,3,4,21,10,20,6,12,8,1,0,48,1,20,37,20037,4,2011,"1G1ZC5EU1BF2","1","G","1","Z","C","5","E","U","1","B","F","2",0,0,0,"000000000","00000000000",0,0,0,1,0,0,0,0,0,0,0,998,0,0,0,9,6,2,12,0,0,0,1,48,79567,0,0,0,0,0,0,999,999,0,0,0,0,0,0,0,0,0,0,35,0,0,0,1,2,75,1,1,8,1,0,0,6,10,99,1,2,64,"777777777777","777777777777","777777777777",0,0
48,482730,2,3,2,21,10,20,6,12,8,1,0,48,2,49,401,49401,14,2000,"JT3GN86R6Y01","J","T","3","G","N","8","6","R","6","Y","0","1",0,0,0,"000000000","00000000000",0,0,0,1,0,0,0,0,0,0,0,998,0,0,0,9,6,2,12,0,0,0,1,48,76821,6,1,0,0,3,0,999,999,0,0,0,0,1,5,2012,5,2012,0,0,0,0,0,1,2,75,1,1,8,1,0,0,1,62,99,1,1,65,"777777777777","777777777777","777777777777",1,0
48,482730,3,3,2,21,10,20,6,12,8,1,0,48,1,20,24,20024,6,2011,"1GNKRLED5BJ3","1","G","N","K","R","L","E","D","5","B","J","3",0,0,0,"000000000","00000000000",0,0,0,1,0,0,0,0,0,0,0,998,0,0,0,12,6,2,12,0,0,0,1,48,76941,6,1,0,0,3,0,999,999,0,0,0,1,0,9,2013,9,2013,0,0,0,0,0,1,2,75,1,1,8,1,0,0,1,62,99,1,1,98,"777777777777","777777777777","777777777777",0,0
48,482731,1,4,1,21,10,17,25,12,6,1,0,48,3,87,881,87881,66,1996,"1XP5DB8X3TD4","1","X","P","5","D","B","8","X","3","T","D","4",1,1,57,"1325526","571325526",3,6,8,1,0,0,0,0,0,0,0,998,0,0,0,12,6,2,12,0,0,0,1,48,77498,6,1,6,0,3,0,999,999,0,0,0,0,0,0,0,0,0,0,39,0,0,0,2,4,60,1,1,8,1,3,3,1,17,99,1,1,88,"5HTSN4222B7T","777777777777","777777777777",0,0
48,482731,2,4,3,21,10,17,25,12,6,1,0,48,2,12,481,12481,31,2007,"1FTRW12W27KC","1","F","T","R","W","1","2","W","2","7","K","C",0,0,0,"000000000","00000000000",0,0,0,1,0,0,0,0,0,0,0,998,0,0,0,9,2,3,12,0,0,0,1,48,77833,0,0,0,0,0,0,999,999,0,0,0,0,0,0,0,0,0,0,0,0,0,0,2,4,98,8,8,8,98,3,3,4,66,99,1,1,89,"777777777777","777777777777","777777777777",1,0
48,482731,3,4,2,21,10,17,25,12,6,1,0,48,1,2,403,2403,14,2012,"1C4BJWDG0CL2","1","C","4","B","J","W","D","G","0","C","L","2",0,0,0,"000000000","00000000000",0,0,0,1,0,0,0,0,0,0,0,0,0,0,0,11,6,2,12,0,0,0,1,48,78726,6,1,0,0,3,0,999,999,0,0,0,0,0,0,0,0,0,0,0,0,0,0,2,4,60,1,1,8,1,3,3,5,66,1,1,1,98,"777777777777","777777777777","777777777777",0,0
48,482731,4,4,1,21,10,17,25,12,6,1,0,48,1,37,402,37402,14,2015,"3CZRM3H33FG7","3","C","Z","R","M","3","H","3","3","F","G","7",0,0,0,"000000000","00000000000",0,0,0,1,0,0,0,0,0,0,0,0,0,0,0,9,2,3,12,0,0,0,1,48,78726,6,1,0,0,3,3,999,999,0,0,0,0,0,0,0,0,0,0,0,0,0,0,2,4,60,1,1,8,1,3,3,5,62,1,1,1,98,"777777777777","777777777777","777777777777",0,0
48,482732,1,1,2,22,10,8,45,46,0,1,0,48,2,7,481,7481,31,1990,"1B7KE2687MS2","1","B","7","K","E","2","6","8","7","M","S","2",1,1,88,"888888888","88888888888",2,4,3,1,0,0,0,0,0,0,0,998,0,1,3,12,6,2,46,0,0,0,1,48,77872,6,1,0,0,3,0,999,999,0,0,0,0,0,0,0,0,0,4,21,84,0,0,2,2,55,1,1,8,1,3,3,1,50,8,9,4,7,"000000000000","777777777777","777777777777",1,0
48,482733,1,2,1,22,10,2,44,8,0,1,0,48,1,62,421,62421,15,2011,"SALSF2D48BA2","S","A","L","S","F","2","D","4","8","B","A","2",0,0,0,"000000000","00000000000",0,0,0,1,0,0,0,0,0,0,0,998,0,0,0,3,2,5,8,0,0,0,1,48,76092,6,1,0,0,3,0,999,999,0,0,0,0,0,0,0,0,0,0,0,0,0,0,3,2,60,1,1,8,1,0,0,1,80,99,1,1,13,"777777777777","777777777777","777777777777",0,0
48,482733,2,2,2,22,10,2,44,8,0,1,0,48,3,58,41,58041,4,2016,"JN1CV7AP5GM2","J","N","1","C","V","7","A","P","5","G","M","2",0,0,0,"000000000","00000000000",0,0,0,1,0,0,0,0,0,0,0,998,0,0,0,14,8,5,8,0,0,0,1,48,75214,6,1,0,0,3,3,999,999,0,0,0,0,0,0,0,0,0,0,0,0,0,0,3,2,60,1,1,8,1,0,0,1,80,99,1,1,98,"777777777777","777777777777","777777777777",0,0
48,482734,1,2,1,22,10,0,8,12,1,1,0,99,9,72,706,72706,80,2014,"1HD1KBM18EB7","1","H","D","1","K","B","M","1","8","E","B","7",0,0,0,"000000000","00000000000",0,0,0,1,0,0,0,0,0,0,0,998,0,0,0,12,8,2,12,0,0,0,1,22,70301,6,1,0,0,3,0,64,244,0,0,0,3,2,3,2012,5,2015,0,54,0,0,0,3,3,65,1,2,8,1,0,0,1,50,99,1,1,32,"777777777777","777777777777","777777777777",1,1
48,482734,2,2,0,22,10,0,8,12,1,1,0,48,6,98,884,98884,63,1997,"4P1CT02U0VA0","4","P","1","C","T","0","2","U","0","V","A","0",0,0,88,"888888888","88888888888",3,1,97,1,0,0,0,0,0,7,5,0,0,0,0,6,2,5,12,0,0,0,0,0,99997,7,6,97,7,6,7,998,997,998,998,998,998,998,98,9998,98,9998,8,0,0,0,0,3,3,65,1,2,8,1,0,0,0,53,0,0,0,32,"777777777777","777777777777","777777777777",0,0
48,482735,1,2,1,22,10,14,17,12,2,1,0,48,0,12,481,12481,31,2004,"1FTPX14534NA","1","F","T","P","X","1","4","5","3","4","N","A",0,0,0,"000000000","00000000000",0,0,0,1,0,0,0,0,0,0,0,998,0,0,0,12,6,2,12,0,0,0,1,48,75979,6,1,0,0,3,0,999,999,1,0,0,2,0,2,2012,11,2014,0,28,51,0,0,5,3,65,1,1,8,1,0,0,1,10,99,1,2,50,"777777777777","777777777777","777777777777",1,0
48,482735,2,2,1,22,10,14,17,12,2,1,0,48,2,20,471,20471,30,1997,"1GCCS19X8V81","1","G","C","C","S","1","9","X","8","V","8","1",0,0,0,"000000000","00000000000",0,0,0,1,0,0,0,0,0,0,0,998,0,0,0,12,6,2,12,0,0,0,1,48,77627,1,1,0,0,2,0,999,999,0,23,0,1,0,11,2011,10,2014,0,0,0,0,0,5,3,65,1,1,8,1,0,0,1,62,99,1,1,51,"777777777777","777777777777","777777777777",1,0
48,482736,1,1,1,22,10,5,5,8,0,1,1,99,9,99,999,99999,99,9999,"999999999999","9","9","9","9","9","9","9","9","9","9","9","9",0,0,99,"999999999","99999999999",9,99,99,1,0,0,0,0,99,99,9,999,0,0,0,12,9,5,8,99,99,0,1,99,99999,9,9,99,9,9,9,999,999,99,99,99,99,99,99,9999,99,9999,0,0,0,0,0,5,7,50,1,1,8,1,0,0,1,80,99,1,1,13,"777777777777","777777777777","777777777777",0,0
48,482737,1,2,2,22,10,0,34,12,2,1,1,48,3,20,401,20401,14,2002,"1GNDS13S9221","1","G","N","D","S","1","3","S","9","2","2","1",0,0,0,"000000000","00000000000",0,0,0,1,0,0,0,0,0,0,0,998,0,0,0,12,6,2,12,0,0,0,1,48,77068,0,0,0,0,0,0,999,999,0,0,0,0,0,0,0,0,0,0,28,51,0,0,5,4,40,1,1,8,1,0,0,1,10,99,1,2,50,"777777777777","777777777777","777777777777",1,1
48,482737,2,2,1,22,10,0,34,12,2,1,0,48,1,20,481,20481,31,2014,"3GCPCREH5EG5","3","G","C","P","C","R","E","H","5","E","G","5",0,0,0,"000000000","00000000000",0,0,0,1,0,0,0,0,0,0,0,998,0,0,0,12,6,2,12,0,0,0,1,48,77379,6,1,0,0,3,3,999,999,0,0,0,0,0,0,0,0,0,0,0,0,0,0,5,4,40,1,1,8,1,0,0,1,62,16,1,1,51,"777777777777","777777777777","777777777777",0,0
48,482738,1,1,1,22,10,22,50,8,0,1,0,48,3,12,461,12461,21,2007,"1FDXE45S27DB","1","F","D","X","E","4","5","S","2","7","D","B",0,0,57,"835782","57835782",2,20,22,1,0,0,0,0,0,0,0,998,0,0,0,12,2,3,8,0,0,0,1,48,77085,6,1,6,0,3,0,999,999,0,0,0,0,0,0,0,0,0,0,0,0,0,0,3,4,60,1,1,1,1,0,0,1,80,7,1,1,13,"777777777777","777777777777","777777777777",0,0
48,482739,1,2,1,22,10,18,43,12,6,1,0,48,2,7,422,7422,15,2005,"1D4HD48D45F6","1","D","4","H","D","4","8","D","4","5","F","6",0,0,0,"000000000","00000000000",0,0,0,1,0,0,0,0,0,0,0,998,0,0,0,12,6,2,12,0,0,0,1,48,77076,3,1,0,0,2,0,999,999,0,0,0,0,0,0,0,0,0,3,91,0,0,0,1,4,35,1,1,8,1,0,0,1,11,99,1,2,74,"777777777777","777777777777","777777777777",0,0
48,482739,2,2,1,22,10,18,43,12,6,1,0,48,2,35,47,35047,4,2002,"1N4AL11D32C1","1","N","4","A","L","1","1","D","3","2","C","1",0,0,0,"000000000","00000000000",0,0,0,1,0,0,0,0,0,0,0,998,0,1,9,3,6,2,12,0,0,0,1,48,77096,6,1,0,0,3,3,999,999,0,0,0,0,0,0,0,0,0,0,0,0,0,0,1,4,35,1,1,8,1,0,0,10,16,99,1,1,74,"777777777777","777777777777","777777777777",1,0
48,482740,1,1,1,23,10,2,21,14,0,1,0,22,1,12,880,12880,67,2013,"1FT8W3DT4DEB","1","F","T","8","W","3","D","T","4","D","E","B",0,0,88,"888888888","88888888888",2,1,97,1,0,0,0,0,0,0,0,998,0,0,0,12,6,2,14,0,0,0,1,22,70578,6,1,6,0,3,0,70,190,0,0,0,0,1,2,2015,2,2015,0,0,0,0,0,3,2,70,1,1,8,1,0,0,1,11,99,1,4,11,"777777777777","777777777777","777777777777",0,0
48,482741,1,1,1,23,10,0,1,33,0,1,0,48,2,37,705,37705,80,2004,"JH2PC37034M1","J","H","2","P","C","3","7","0","3","4","M","1",0,0,0,"000000000","00000000000",0,0,0,1,0,0,0,0,0,0,0,998,0,0,0,98,8,2,30,0,0,0,1,48,76117,0,0,0,0,0,0,999,999,0,0,0,0,0,0,0,0,0,4,0,0,0,0,2,3,40,2,1,8,1,0,0,14,12,99,1,4,6,"777777777777","777777777777","777777777777",1,0
48,482742,1,2,3,24,10,2,21,5,0,1,1,48,2,49,40,49040,4,2016,"4T4BF1FK8GR5","4","T","4","B","F","1","F","K","8","G","R","5",0,0,0,"000000000","00000000000",0,0,0,1,0,0,0,0,0,0,0,998,0,0,0,12,2,5,54,0,0,0,1,99,99999,9,9,99,9,9,9,999,999,99,99,99,99,99,99,9999,99,9999,9,0,0,0,0,5,5,45,1,1,8,1,0,0,1,80,99,1,1,98,"777777777777","777777777777","777777777777",0,0
48,482742,2,2,5,24,10,2,21,5,0,1,0,48,2,12,402,12402,14,2002,"1FMYU01192KA","1","F","M","Y","U","0","1","1","9","2","K","A",0,0,0,"000000000","00000000000",0,0,0,1,0,0,0,0,0,0,0,998,0,0,0,0,0,5,54,0,0,0,1,48,78521,0,0,0,0,0,0,999,999,0,0,0,0,0,0,0,0,0,0,0,0,0,0,5,5,45,1,1,8,1,0,0,1,98,1,1,1,0,"777777777777","777777777777","777777777777",1,0
48,482743,1,2,1,24,10,7,40,12,2,1,0,48,1,49,32,49032,4,2008,"1NXBR32E28Z9","1","N","X","B","R","3","2","E","2","8","Z","9",0,0,0,"000000000","00000000000",0,0,0,1,0,0,0,0,0,0,0,998,0,0,0,12,6,2,12,0,0,1,1,48,77007,0,0,0,0,0,0,999,999,0,0,0,0,0,0,0,0,0,0,51,0,0,0,2,2,75,1,2,8,1,0,0,1,12,99,1,4,50,"777777777777","777777777777","777777777777",1,0
48,482743,2,2,1,24,10,7,40,12,2,1,0,48,1,12,481,12481,31,2012,"1FTFW1CFXCKD","1","F","T","F","W","1","C","F","X","C","K","D",0,0,0,"000000000","00000000000",0,0,0,1,0,0,0,0,0,0,0,998,0,0,0,12,6,2,12,0,0,0,1,48,78940,6,1,0,0,3,0,999,999,0,0,0,0,0,0,0,0,0,0,0,0,0,0,2,2,75,1,2,8,1,0,0,1,62,99,1,1,51,"777777777777","777777777777","777777777777",0,0
48,482744,1,1,3,24,10,19,35,8,0,1,1,48,2,2,405,2405,14,2003,"1J4GK48KX3W5","1","J","4","G","K","4","8","K","X","3","W","5",0,0,0,"000000000","00000000000",0,0,0,1,0,0,0,0,0,0,0,998,0,0,0,12,2,3,8,0,0,0,1,48,77039,0,0,0,0,0,0,999,999,0,0,0,0,0,0,0,0,0,0,0,0,0,0,5,5,35,1,1,8,1,0,0,1,80,6,1,1,13,"777777777777","777777777777","777777777777",0,0
48,482745,1,3,1,24,10,5,30,12,1,1,0,48,1,72,706,72706,80,2006,"1HD1FSW106Y6","1","H","D","1","F","S","W","1","0","6","Y","6",0,0,0,"000000000","00000000000",0,0,0,1,0,0,0,0,0,0,0,998,0,0,0,12,8,2,12,0,0,0,1,48,77504,6,1,0,0,3,0,999,999,0,0,0,0,0,0,0,0,0,0,0,0,0,0,3,5,60,1,1,1,1,0,0,1,51,99,1,1,24,"777777777777","777777777777","777777777777",1,0
48,482745,2,3,1,24,10,5,30,12,1,1,0,48,3,7,29,7029,4,2016,"1C3CDFBB3GD6","1","C","3","C","D","F","B","B","3","G","D","6",0,0,0,"000000000","00000000000",0,0,0,1,0,0,0,0,0,0,0,998,0,0,0,6,2,3,12,0,0,0,1,48,77546,6,1,0,0,3,3,999,999,0,0,0,0,0,0,0,0,0,0,0,0,0,0,3,5,60,1,1,1,1,0,0,1,53,99,1,1,25,"777777777777","777777777777","777777777777",0,0
48,482745,3,3,1,24,10,5,30,12,1,1,0,48,1,49,472,49472,40,2000,"4TASN92N3YZ6","4","T","A","S","N","9","2","N","3","Y","Z","6",0,0,0,"000000000","00000000000",0,0,0,1,0,0,0,0,0,0,0,998,0,0,0,12,2,3,12,0,0,0,1,48,77583,6,1,0,0,3,3,999,999,1,0,0,0,0,9,2012,9,2012,0,0,0,0,0,3,5,60,1,1,1,1,0,0,1,61,99,1,1,98,"777777777777","777777777777","777777777777",0,0