"STATE","ST_CASE","VEH_NO","VE_FORMS","NUMOCCS","DAY","MONTH","HOUR","MINUTE","HARM_EV","MAN_COLL","UNITTYPE","HIT_RUN","REG_STAT","OWNER","MAKE","MODEL","MAK_MOD","BODY_TYP","MOD_YEAR","VIN","VIN_1","VIN_2","VIN_3","VIN_4","VIN_5","VIN_6","VIN_7","VIN_8","VIN_9","VIN_10","VIN_11","VIN_12","TOW_VEH","J_KNIFE","MCARR_I1","MCARR_I2","MCARR_ID","GVWR","V_CONFIG","CARGO_BT","HAZ_INV","HAZ_PLAC","HAZ_ID","HAZ_CNO","HAZ_REL","BUS_USE","SPEC_USE","EMER_USE","TRAV_SP","UNDERIDE","ROLLOVER","ROLINLOC","IMPACT1","DEFORMED","TOWED","M_HARM","VEH_SC1","VEH_SC2","FIRE_EXP","DR_PRES","L_STATE","DR_ZIP","L_STATUS","L_TYPE","CDL_STAT","L_ENDORS","L_COMPL","L_RESTRI","DR_HGT","DR_WGT","PREV_ACC","PREV_SUS","PREV_DWI","PREV_SPD","PREV_OTH","FIRST_MO","FIRST_YR","LAST_MO","LAST_YR","SPEEDREL","DR_SF1","DR_SF2","DR_SF3","DR_SF4","VTRAFWAY","VNUM_LAN","VSPD_LIM","VALIGN","VPROFILE","VPAVETYP","VSURCOND","VTRAFCON","VTCONT_F","P_CRASH1","P_CRASH2","P_CRASH3","PCRASH4","PCRASH5","ACC_TYPE","TRLR1VIN","TRLR2VIN","TRLR3VIN","DEATHS","DR_DRINK"
48,482746,1,2,1,24,10,16,36,12,7,1,0,48,2,49,43,49043,4,2008,"4T1BK36B88U2","4","T","1","B","K","3","6","B","8","8","U","2",0,0,0,"000000000","00000000000",0,0,0,1,0,0,0,0,0,0,0,998,0,0,0,1,2,3,12,0,0,0,1,48,77026,6,1,0,0,3,3,999,999,0,0,0,0,0,0,0,0,0,0,27,0,0,0,4,4,45,1,3,8,1,3,3,15,11,99,1,2,46,"777777777777","777777777777","777777777777",1,0
48,482746,2,2,1,24,10,16,36,12,7,1,0,48,1,12,23,12023,4,2016,"3FA6P0HD6GR2","3","F","A","6","P","0","H","D","6","G","R","2",0,0,0,"000000000","00000000000",0,0,0,1,0,0,0,0,0,0,0,998,0,0,0,11,2,5,12,0,0,0,1,48,77346,6,1,0,0,3,3,999,999,0,0,0,0,0,0,0,0,0,0,0,0,0,0,4,4,45,1,3,8,1,3,3,1,60,99,1,1,45,"777777777777","777777777777","777777777777",0,0
48,482747,1,2,2,24,10,9,39,1,0,1,0,22,3,12,481,12481,31,2003,"1FTNW21P63ED","1","F","T","N","W","2","1","P","6","3","E","D",1,1,0,"000000000","00000000000",0,0,0,1,0,0,0,0,0,0,0,998,0,1,3,0,6,2,1,0,0,0,1,22,71264,6,1,0,0,3,0,72,313,0,0,0,0,0,0,0,0,0,0,0,0,0,0,3,2,75,1,1,8,1,0,0,1,1,99,2,4,7,"4P5P81828G12","777777777777","777777777777",2,0
48,482747,2,2,1,24,10,9,39,1,0,1,0,48,1,20,481,20481,31,2005,"1GCEC14T35Z2","1","G","C","E","C","1","4","T","3","5","Z","2",0,0,0,"000000000","00000000000",0,0,0,1,0,0,0,0,0,0,0,998,0,0,0,12,6,2,12,32,0,0,1,48,75407,6,1,0,0,3,3,71,237,0,0,0,1,0,3,2015,3,2015,0,0,0,0,0,3,2,75,1,1,8,1,0,0,1,62,99,1,1,98,"777777777777","777777777777","777777777777",1,0
48,482748,1,2,1,24,10,16,40,12,1,1,0,48,1,72,706,72706,80,2007,"1HD1FC4187Y6","1","H","D","1","F","C","4","1","8","7","Y","6",0,0,0,"000000000","00000000000",0,0,0,1,0,0,0,0,0,0,0,998,0,0,0,12,6,2,12,0,0,0,1,48,76247,6,1,0,0,3,3,999,999,0,0,0,0,0,0,0,0,0,0,26,0,0,0,3,2,70,1,1,8,1,0,0,1,52,16,2,1,28,"777777777777","777777777777","777777777777",1,0
48,482748,2,2,1,24,10,16,40,12,1,1,0,48,2,20,481,20481,31,2014,"3GCPCREC9EG1","3","G","C","P","C","R","E","C","9","E","G","1",0,0,0,"000000000","00000000000",0,0,0,1,0,0,0,0,0,0,0,998,0,0,0,6,2,3,12,0,0,0,1,48,76247,6,1,0,0,3,3,999,999,0,0,0,2,0,5,2012,2,2013,0,0,0,0,0,3,2,70,1,1,8,1,0,0,2,53,99,1,1,29,"777777777777","777777777777","777777777777",0,0
48,482749,1,1,2,24,10,19,23,8,0,1,0,48,1,23,481,23481,31,2002,"2GTEK19T4211","2","G","T","E","K","1","9","T","4","2","1","1",0,0,0,"000000000","00000000000",0,0,0,1,0,0,0,0,0,0,0,998,0,0,0,12,2,3,8,0,0,0,1,48,78046,6,1,0,0,3,0,999,999,0,0,0,0,0,0,0,0,0,0,0,0,0,0,1,2,30,1,1,8,1,0,0,1,80,99,1,1,13,"777777777777","777777777777","777777777777",0,0
48,482750,1,1,1,25,10,16,19,1,0,1,0,48,2,12,401,12401,14,2002,"1FMZU64E42ZA","1","F","M","Z","U","6","4","E","4","2","Z","A",0,0,0,"000000000","00000000000",0,0,0,1,0,0,0,0,0,0,0,998,0,2,3,0,6,2,1,0,0,0,1,48,78572,6,1,0,0,3,0,999,999,0,0,0,1,0,9,2016,9,2016,0,0,0,0,0,2,2,75,1,3,8,1,0,0,1,9,99,2,4,7,"777777777777","777777777777","777777777777",1,0
48,482751,1,1,1,25,10,18,56,32,0,1,0,48,1,12,481,12481,31,1998,"1FTZX18WXWKC","1","F","T","Z","X","1","8","W","X","W","K","C",0,0,0,"000000000","00000000000",0,0,0,1,0,0,0,0,0,0,0,998,0,1,5,14,6,2,1,0,0,0,1,48,75956,6,1,0,0,2,0,999,999,0,0,0,0,0,0,0,0,0,0,0,0,0,0,1,2,60,3,2,8,1,0,0,14,13,1,9,4,1,"777777777777","777777777777","777777777777",1,0
48,482752,1,1,99,26,10,23,49,8,0,1,1,99,9,99,999,99999,99,9999,"999999999999","9","9","9","9","9","9","9","9","9","9","9","9",0,0,0,"000000000","00000000000",0,0,0,1,0,0,0,0,0,0,0,998,0,0,0,99,9,5,8,99,99,0,1,99,99999,9,9,99,9,9,9,999,999,99,99,99,99,99,99,9999,99,9999,0,99,99,99,99,3,3,60,3,1,8,1,0,0,14,80,99,9,1,13,"777777777777","777777777777","777777777777",0,0
48,482753,1,1,2,26,10,7,37,52,0,1,0,48,1,34,34,34034,2,1993,"WBABF4317PEK","W","B","A","B","F","4","3","1","7","P","E","K",0,0,0,"000000000","00000000000",0,0,0,1,0,0,0,0,0,0,0,998,0,1,5,62,6,2,52,0,0,0,1,48,77077,6,1,0,0,3,3,999,999,0,0,0,0,0,0,0,0,0,0,58,0,0,0,3,2,75,1,1,8,1,0,0,1,12,7,9,4,2,"777777777777","777777777777","777777777777",1,0
48,482754,1,1,1,26,10,0,15,59,0,1,0,48,2,76,705,76705,80,2007,"JYARJ12EX7A0","J","Y","A","R","J","1","2","E","X","7","A","0",0,0,0,"000000000","00000000000",0,0,0,1,0,0,0,0,0,0,0,998,0,0,0,12,8,2,59,0,0,0,1,48,77345,6,1,0,0,3,0,999,999,0,0,0,0,0,0,0,0,0,3,0,0,0,0,2,2,35,2,1,8,1,0,0,14,13,99,1,4,1,"777777777777","777777777777","777777777777",1,1
48,482755,1,1,1,26,10,12,5,43,0,1,0,48,3,20,481,20481,31,2014,"1GC4K0C82EF1","1","G","C","4","K","0","C","8","2","E","F","1",0,0,0,"000000000","00000000000",0,0,0,1,0,0,0,0,0,0,0,998,0,0,0,13,6,2,43,0,0,0,1,48,79758,6,1,0,0,3,3,999,999,0,0,0,0,0,0,0,0,0,0,99,99,99,99,4,2,55,3,1,8,1,0,0,1,13,99,1,4,1,"777777777777","777777777777","777777777777",1,0
48,482756,1,2,1,26,10,3,20,12,9,1,0,48,3,86,884,86884,63,2014,"1M2AV04C6EM0","1","M","2","A","V","0","4","C","6","E","M","0",0,0,57,"1950129","571950129",3,2,7,1,0,0,0,0,0,0,0,998,0,0,0,6,2,3,12,0,0,0,1,48,78610,6,1,6,0,3,3,999,999,0,0,0,0,0,0,0,0,0,0,0,0,0,0,0,0,0,0,0,0,0,0,0,13,98,16,1,1,92,"777777777777","777777777777","777777777777",0,0
48,482756,2,2,1,26,10,3,20,12,9,1,0,48,2,37,31,37031,4,2001,"JHMES26741S0","J","H","M","E","S","2","6","7","4","1","S","0",0,0,0,"000000000","00000000000",0,0,0,1,0,0,0,0,0,0,0,998,0,0,0,82,6,2,12,0,0,0,1,48,78741,6,1,0,0,3,0,999,999,0,0,0,0,1,11,2014,11,2014,0,0,0,0,0,2,4,35,1,1,8,1,0,0,1,73,6,1,1,93,"777777777777","777777777777","777777777777",1,1
48,482757,1,3,2,26,10,12,7,12,2,1,0,48,2,41,35,41035,4,2001,"JM1BJ2263104","J","M","1","B","J","2","2","6","3","1","0","4",0,0,0,"000000000","00000000000",0,0,0,1,0,0,0,0,0,0,0,998,0,0,0,12,6,2,12,0,0,0,1,48,78602,6,1,0,0,3,0,999,999,0,0,0,2,0,7,2012,6,2014,0,0,0,0,0,5,5,99,1,1,8,1,0,0,1,10,99,1,2,50,"777777777777","777777777777","777777777777",1,0
48,482757,2,3,1,26,10,12,7,12,2,1,0,48,1,63,401,63401,14,2012,"KNDPC3A67C71","K","N","D","P","C","3","A","6","7","C","7","1",0,0,0,"000000000","00000000000",0,0,0,1,0,0,0,0,0,0,0,998,0,0,0,12,6,2,12,0,0,0,1,48,78739,6,1,0,0,3,0,999,999,0,0,0,0,0,0,0,0,0,0,0,0,0,0,5,5,99,1,1,8,1,0,0,1,62,99,9,1,51,"777777777777","777777777777","777777777777",0,0
48,482757,3,3,3,26,10,12,7,12,2,1,0,48,1,55,33,55033,4,2015,"5NPE34AF3FH0","5","N","P","E","3","4","A","F","3","F","H","0",0,0,0,"000000000","00000000000",0,0,0,1,0,0,0,0,0,0,0,998,0,0,0,61,6,2,12,0,0,0,1,48,78748,6,1,0,0,3,0,999,999,0,0,0,0,0,0,0,0,0,0,0,0,0,0,5,5,99,1,1,8,1,0,0,1,60,99,1,1,98,"777777777777","777777777777","777777777777",0,0
48,482758,1,2,1,27,10,0,32,12,1,1,0,48,1,59,35,59035,4,2006,"JTHBE2627650","J","T","H","B","E","2","6","2","7","6","5","0",0,0,0,"000000000","00000000000",0,0,0,1,0,0,0,0,0,0,0,998,0,0,0,12,6,2,12,0,0,0,1,48,78240,3,1,0,0,2,0,999,999,1,0,0,0,0,1,2014,1,2014,5,91,0,0,0,5,5,40,1,1,8,1,0,0,1,51,99,1,1,24,"777777777777","777777777777","777777777777",0,1
48,482758,2,2,3,27,10,0,32,12,1,1,0,48,1,20,23,20023,6,2010,"3GNBAADBXAS5","3","G","N","B","A","A","D","B","X","A","S","5",0,0,0,"000000000","00000000000",0,0,0,1,0,0,0,0,0,0,0,998,0,1,1,6,6,2,12,0,0,0,1,48,78052,1,1,0,0,2,0,999,999,0,2,0,0,0,8,2015,9,2016,0,0,0,0,0,5,5,40,1,1,8,1,0,0,1,53,99,1,1,25,"777777777777","777777777777","777777777777",1,0
48,482759,1,1,2,27,10,1,3,8,0,1,0,48,2,12,481,12481,31,2000,"1FTZX1722YNB","1","F","T","Z","X","1","7","2","2","Y","N","B",0,0,0,"000000000","00000000000",0,0,0,1,0,0,0,0,0,0,0,998,0,0,0,12,2,5,8,0,0,0,1,48,77365,1,1,0,0,2,0,999,999,0,5,0,3,0,7,2014,7,2016,0,0,0,0,0,5,5,50,1,1,8,1,0,0,1,80,7,1,1,13,"777777777777","777777777777","777777777777",0,0
48,482760,1,1,1,27,10,2,33,25,0,1,0,48,1,20,404,20404,14,2010,"2CNALDEW4A63","2","C","N","A","L","D","E","W","4","A","6","3",0,0,0,"000000000","00000000000",0,0,0,1,0,0,0,0,0,0,0,998,0,0,0,12,6,2,25,0,0,0,1,48,78516,2,1,0,0,2,0,999,999,2,4,1,1,0,4,2014,10,2016,0,0,0,0,0,3,3,65,1,1,8,1,0,0,1,12,99,9,4,7,"777777777777","777777777777","777777777777",1,0
48,482761,1,2,1,27,10,23,21,12,6,1,0,48,1,72,706,72706,80,2004,"1HD1FBW114Y7","1","H","D","1","F","B","W","1","1","4","Y","7",0,0,0,"000000000","00000000000",0,0,0,1,0,0,0,0,0,0,0,998,0,0,0,83,2,3,12,0,0,0,1,48,77627,6,1,0,0,3,0,999,999,0,0,0,0,0,0,0,0,0,0,38,0,0,0,5,5,50,1,1,8,1,0,0,11,15,99,1,1,68,"777777777777","777777777777","777777777777",1,0
48,482761,2,2,2,27,10,23,21,12,6,1,0,48,1,20,9,20009,2,2014,"2G1FT1EW4E92","2","G","1","F","T","1","E","W","4","E","9","2",0,0,0,"000000000","00000000000",0,0,0,1,0,0,0,0,0,0,0,998,0,0,0,12,2,5,12,0,0,0,1,48,77662,6,1,0,0,3,0,999,999,0,0,0,1,0,10,2015,10,2015,0,38,0,0,0,5,5,50,1,1,8,1,0,0,1,62,99,1,1,69,"777777777777","777777777777","777777777777",0,0
48,482762,1,2,1,27,10,8,30,12,6,1,0,48,1,72,706,72706,82,2016,"1HD1MAL14GB8","1","H","D","1","M","A","L","1","4","G","B","8",0,0,0,"000000000","00000000000",0,0,0,1,0,0,0,0,0,0,0,998,0,0,0,12,8,2,12,0,0,0,1,48,79606,6,1,0,0,2,3,999,999,1,0,0,0,0,10,2012,10,2012,0,38,0,0,0,4,2,99,1,1,8,1,20,3,1,17,99,1,1,88,"777777777777","777777777777","777777777777",1,0
48,482762,2,2,2,27,10,8,30,12,6,1,0,48,0,49,482,49482,31,2010,"5TFHW5F12AX1","5","T","F","H","W","5","F","1","2","A","X","1",0,0,0,"000000000","00000000000",0,0,0,1,0,0,0,0,0,0,0,998,0,0,0,62,2,5,12,0,0,0,1,48,79602,6,1,0,0,3,0,999,999,0,0,0,0,0,0,0,0,0,0,0,0,0,0,2,2,50,1,1,8,1,0,0,1,66,99,1,1,89,"777777777777","777777777777","777777777777",0,0
48,482763,1,2,1,28,10,12,54,1,0,1,0,48,1,12,481,12481,31,2005,"1FTRX12W15KE","1","F","T","R","X","1","2","W","1","5","K","E",1,1,0,"000000000","00000000000",0,0,0,1,0,0,0,0,0,0,0,998,0,2,1,0,6,2,1,0,0,0,1,48,77511,6,1,0,0,3,3,999,999,0,0,0,0,0,0,0,0,0,0,21,0,0,0,5,5,70,1,2,8,1,0,0,1,98,99,1,1,98,"140RB22D92A0","777777777777","777777777777",1,0
48,482763,2,2,1,28,10,12,54,1,0,1,0,48,1,23,481,23481,31,2014,"1GTR1UEC8EZ3","1","G","T","R","1","U","E","C","8","E","Z","3",0,0,0,"000000000","00000000000",0,0,0,1,0,0,0,0,0,0,0,998,0,0,0,12,6,2,12,0,0,0,1,48,77092,6,1,0,0,3,0,999,999,0,0,0,0,0,0,0,0,0,0,0,0,0,0,5,5,70,1,2,8,1,0,0,1,62,99,1,1,98,"777777777777","777777777777","777777777777",0,0
48,482764,1,1,1,28,10,5,40,8,0,1,0,48,1,53,481,53481,31,2011,"5Z61D0ERXBC4","5","Z","6","1","D","0","E","R","X","B","C","4",0,0,0,"000000000","00000000000",0,0,0,1,0,0,0,0,0,0,0,998,0,0,0,12,4,5,8,0,0,0,1,48,76028,6,1,0,0,3,0,999,999,0,0,0,0,0,0,0,0,0,0,0,0,0,0,3,4,60,1,1,8,1,0,0,1,80,7,9,1,13,"777777777777","777777777777","777777777777",0,0
48,482765,1,2,1,29,10,18,43,12,2,1,0,48,1,19,3,19003,4,2003,"1G6KD54Y83U1","1","G","6","K","D","5","4","Y","8","3","U","1",0,0,0,"000000000","00000000000",0,0,0,1,0,0,0,0,0,0,0,998,0,0,0,12,6,2,12,0,0,0,1,48,79934,6,1,0,0,3,0,999,999,0,0,0,0,0,0,0,0,0,0,38,0,0,0,3,3,55,1,1,8,1,3,3,11,15,99,1,1,68,"777777777777","777777777777","777777777777",0,0
48,482765,2,2,2,29,10,18,43,12,2,1,0,99,9,53,709,53709,80,2016,"888888888888","8","8","8","8","8","8","8","8","8","8","8","8",0,0,0,"000000000","00000000000",0,0,0,1,0,0,0,0,0,0,0,998,0,0,0,12,6,2,12,0,0,0,1,4,85326,6,1,0,0,3,3,74,160,0,0,0,1,0,6,2016,6,2016,0,0,0,0,0,3,2,55,1,1,8,1,3,3,1,62,99,9,1,69,"777777777777","777777777777","777777777777",2,0
48,482766,1,1,1,29,10,22,46,1,0,1,0,28,2,49,482,49482,31,2005,"5TBDT48165S4","5","T","B","D","T","4","8","1","6","5","S","4",0,0,0,"000000000","00000000000",0,0,0,1,0,0,0,0,0,0,0,998,0,9,1,0,6,2,1,0,0,0,1,28,39120,6,1,0,0,3,0,65,148,98,0,0,0,0,0,0,0,0,0,58,0,0,0,3,2,75,1,1,8,1,0,0,1,12,7,9,4,98,"777777777777","777777777777","777777777777",1,0
48,482767,1,1,2,29,10,21,45,42,0,1,0,48,2,20,482,20482,31,2006,"3GNEC12Z26G1","3","G","N","E","C","1","2","Z","2","6","G","1",0,0,0,"000000000","00000000000",0,0,0,1,0,0,0,0,0,0,0,998,0,0,0,12,6,2,42,0,0,0,1,48,75755,1,2,0,0,2,0,999,999,0,5,1,0,0,5,2013,10,2015,0,91,0,0,0,1,2,55,3,3,8,1,0,0,1,13,99,1,4,1,"777777777777","777777777777","777777777777",1,1
48,482768,1,2,2,29,10,15,47,12,2,1,0,48,1,12,3,12003,2,2015,"1FA6P8CF1F53","1","F","A","6","P","8","C","F","1","F","5","3",0,0,0,"000000000","00000000000",0,0,0,1,0,0,0,0,0,0,0,998,0,0,0,12,6,2,8,0,0,0,1,48,78665,6,1,0,0,3,0,999,999,0,0,0,0,0,0,0,0,0,3,0,0,0,0,3,4,45,1,1,8,1,3,3,1,62,99,1,1,69,"777777777777","777777777777","777777777777",0,0
48,482768,2,2,3,29,10,15,47,12,2,1,0,48,1,7,442,7442,20,2011,"2D4RN3DG8BR7","2","D","4","R","N","3","D","G","8","B","R","7",0,0,0,"000000000","00000000000",0,0,0,1,0,0,0,0,0,0,0,998,0,0,0,12,6,2,12,32,0,0,1,48,78634,6,1,0,0,3,3,999,999,0,0,0,0,0,0,0,0,0,0,0,0,0,0,3,4,45,1,1,8,1,3,3,11,15,99,1,1,68,"777777777777","777777777777","777777777777",0,0
48,482769,1,1,1,30,10,2,30,30,0,1,0,48,1,12,471,12471,30,1998,"1FTYR14U7WPA","1","F","T","Y","R","1","4","U","7","W","P","A",0,0,0,"000000000","00000000000",0,0,0,1,0,0,0,0,0,0,0,998,0,0,0,12,6,2,30,0,0,0,1,48,77808,6,1,0,0,3,0,999,999,0,0,0,0,0,0,0,0,0,5,0,0,0,0,5,5,40,2,1,8,1,0,0,14,6,99,9,4,7,"777777777777","777777777777","777777777777",1,0
48,482770,1,1,3,30,10,8,11,33,0,1,0,48,2,2,404,2404,14,1999,"1J4GW58S6XC5","1","J","4","G","W","5","8","S","6","X","C","5",0,0,0,"000000000","00000000000",0,0,0,1,0,0,0,0,0,0,0,998,0,0,0,98,6,2,30,0,0,0,1,48,78596,0,0,0,0,0,0,999,999,0,0,0,0,0,0,0,0,0,0,91,0,0,0,1,2,30,1,1,8,1,0,0,1,12,99,9,4,6,"777777777777","777777777777","777777777777",1,1
48,482771,1,2,1,30,10,15,3,12,6,1,0,48,1,71,706,71706,80,2014,"ZDM14BUW2EB0","Z","D","M","1","4","B","U","W","2","E","B","0",0,0,0,"000000000","00000000000",0,0,0,1,0,0,0,0,0,0,0,998,0,0,0,12,8,2,12,0,0,0,1,48,75057,6,1,0,0,3,0,999,999,0,0,0,0,0,0,0,0,0,3,0,0,0,0,1,5,40,1,1,8,1,3,3,1,17,99,1,1,69,"777777777777","777777777777","777777777777",1,0
48,482771,2,2,1,30,10,15,3,12,6,1,0,48,1,49,442,49442,20,2013,"5TDKK3DC6DS3","5","T","D","K","K","3","D","C","6","D","S","3",0,0,0,"000000000","00000000000",0,0,0,1,0,0,0,0,0,0,0,998,0,0,0,1,6,2,12,0,0,0,1,48,76051,6,1,0,0,3,3,999,999,4,1,0,2,4,3,2012,6,2014,0,0,0,0,0,1,5,40,1,1,8,1,3,3,11,15,99,1,1,68,"777777777777","777777777777","777777777777",0,0
48,482772,1,1,1,31,10,23,29,33,0,1,0,48,2,52,34,52034,4,2003,"4A3AA46G03E0","4","A","3","A","A","4","6","G","0","3","E","0",0,0,0,"000000000","00000000000",0,0,0,1,0,0,0,0,0,0,0,998,0,0,0,81,6,2,33,0,0,1,1,48,78666,1,1,0,0,2,0,999,999,0,4,0,0,1,2,2014,7,2016,4,28,0,0,0,1,2,55,3,1,8,1,0,0,1,13,99,1,4,1,"777777777777","777777777777","777777777777",1,1
48,482773,1,2,1,31,10,2,42,12,2,1,0,20,9,85,881,85881,66,2012,"1XKDDP9X5CJ3","1","X","K","D","D","P","9","X","5","C","J","3",1,1,57,"2138664","572138664",3,6,2,1,0,0,0,0,0,0,0,998,0,0,0,12,6,2,12,0,0,0,1,48,76118,6,1,6,1,3,0,999,999,0,0,0,0,0,0,0,0,0,4,0,0,0,0,1,4,40,1,1,8,1,0,0,1,62,99,1,1,51,"1T9TA4228CR7","777777777777","777777777777",0,0
48,482773,2,2,1,31,10,2,42,12,2,1,0,48,2,2,404,2404,14,2000,"1J4GW58N4YC2","1","J","4","G","W","5","8","N","4","Y","C","2",0,0,0,"000000000","00000000000",0,0,0,1,0,0,0,0,0,0,0,998,0,0,0,12,6,2,12,0,0,0,1,48,76111,6,1,0,0,3,0,999,999,0,0,0,0,0,0,0,0,0,0,0,0,0,0,1,4,40,1,1,8,1,0,0,1,10,99,1,2,50,"777777777777","777777777777","777777777777",1,0
48,482774,1,1,1,31,10,2,15,53,0,1,0,48,2,7,482,7482,31,2003,"1D7HA18N33S1","1","D","7","H","A","1","8","N","3","3","S","1",0,0,0,"000000000","00000000000",0,0,0,1,0,0,0,0,0,0,0,998,0,1,5,7,6,2,1,0,0,0,1,48,75455,0,0,0,0,0,0,999,999,0,2,0,0,1,10,2013,3,2016,0,28,0,0,0,1,2,35,1,1,8,1,0,0,1,13,7,2,4,1,"777777777777","777777777777","777777777777",1,1
48,482775,1,1,2,1,11,20,40,5,0,1,0,48,0,12,471,12471,30,2005,"1FTYR44E05PA","1","F","T","Y","R","4","4","E","0","5","P","A",0,0,0,"000000000","00000000000",0,0,0,1,0,0,0,0,0,0,0,998,0,0,0,0,0,5,5,0,0,0,1,48,77521,6,1,0,0,3,3,999,999,0,0,0,1,0,5,2014,5,2014,0,21,0,0,0,1,2,40,1,1,8,1,0,0,1,98,1,1,1,0,"777777777777","777777777777","777777777777",1,0
48,482776,1,2,1,1,11,14,53,12,6,1,0,48,2,14,6,14006,4,1999,"2MEFM75W9XX6","2","M","E","F","M","7","5","W","9","X","X","6",0,0,0,"000000000","00000000000",0,0,0,1,0,0,0,0,0,0,0,998,0,0,0,9,2,5,12,0,0,0,1,48,76048,6,1,0,0,3,0,999,999,0,0,0,0,0,0,0,0,0,0,91,38,0,0,1,2,98,8,8,8,98,20,3,1,17,99,1,1,90,"777777777777","777777777777","777777777777",0,0
48,482776,2,2,1,1,11,14,53,12,6,1,0,48,0,37,705,37705,80,2006,"JH2PC37016M3","J","H","2","P","C","3","7","0","1","6","M","3",0,0,0,"000000000","00000000000",0,0,0,1,0,0,0,0,0,0,0,998,0,0,0,12,8,2,12,0,0,0,1,48,76137,6,1,0,0,3,0,999,999,0,1,0,2,0,12,2011,2,2016,0,0,0,0,0,1,2,45,3,1,8,1,0,0,14,66,99,1,1,90,"777777777777","777777777777","777777777777",1,0
48,482777,1,1,1,2,11,18,57,8,0,1,0,48,2,7,482,7482,31,2004,"3D7MU48C84G1","3","D","7","M","U","4","8","C","8","4","G","1",0,0,0,"000000000","00000000000",0,0,0,1,0,0,0,0,0,0,0,998,0,0,0,12,2,5,8,0,0,0,1,48,75708,6,1,0,0,3,0,999,999,0,0,0,1,1,10,2014,7,2015,0,0,0,0,0,2,4,50,1,1,8,1,0,0,1,80,99,1,1,13,"777777777777","777777777777","777777777777",0,0
48,482778,1,1,2,10,8,11,45,52,0,1,0,48,2,7,442,7442,20,2003,"1D4GP44313B2","1","D","4","G","P","4","4","3","1","3","B","2",0,0,0,"000000000","00000000000",0,0,0,1,0,0,0,0,0,0,0,998,0,1,4,12,6,2,52,32,0,0,1,48,78253,6,1,0,0,3,3,999,999,0,0,0,0,0,0,0,0,0,0,48,0,0,0,2,2,60,1,2,8,1,0,0,10,13,99,1,4,1,"777777777777","777777777777","777777777777",1,0
48,482779,1,2,1,19,9,17,47,12,6,1,0,48,3,20,461,20461,21,2009,"1GCFG15X5911","1","G","C","F","G","1","5","X","5","9","1","1",0,0,0,"000000000","00000000000",0,0,0,1,0,0,0,0,0,0,0,998,0,0,0,1,2,5,12,0,0,0,1,48,78723,6,1,0,0,3,3,999,999,0,6,0,0,0,5,2012,3,2014,0,0,0,0,0,2,3,98,1,2,8,1,0,0,11,15,99,1,1,68,"777777777777","777777777777","777777777777",0,0
48,482779,2,2,1,19,9,17,47,12,6,1,0,48,1,50,706,50706,80,2014,"SMT900K15ET6","S","M","T","9","0","0","K","1","5","E","T","6",0,0,0,"000000000","00000000000",0,0,0,1,0,0,0,0,0,0,0,998,0,0,0,12,8,2,12,0,0,0,1,48,78704,6,1,0,0,3,3,999,999,0,0,0,0,0,0,0,0,0,0,0,0,0,0,2,3,98,1,2,8,1,0,0,1,62,99,1,1,69,"777777777777","777777777777","777777777777",1,0
48,482780,1,2,2,5,10,16,9,23,0,1,0,48,2,63,401,63401,14,2007,"KNDJF7234774","K","N","D","J","F","7","2","3","4","7","7","4",0,0,0,"000000000","00000000000",0,0,0,1,0,0,0,0,0,0,0,998,0,0,0,12,6,2,23,0,0,0,1,48,78617,1,1,0,0,2,3,999,999,0,2,0,2,0,1,2014,7,2016,0,99,99,99,99,3,2,80,1,1,8,1,0,0,1,13,99,1,4,1,"777777777777","777777777777","777777777777",1,0
48,482780,2,2,3,5,10,16,9,23,0,1,0,48,3,82,881,82881,62,2010,"1FVACWDU8ADA","1","F","V","A","C","W","D","U","8","A","D","A",0,0,57,"53433","5753433",2,2,96,1,0,0,0,0,0,0,0,998,0,0,0,12,2,3,12,0,0,0,1,48,78065,6,1,6,0,3,0,999,999,0,0,0,2,0,3,2012,3,2013,0,0,0,0,0,3,2,80,1,1,8,1,0,0,1,64,99,1,1,98,"777777777777","777777777777","777777777777",0,0
48,482781,1,2,1,8,10,19,38,12,6,1,0,48,1,72,706,72706,80,1995,"1HD1BML1XSY0","1","H","D","1","B","M","L","1","X","S","Y","0",0,0,0,"000000000","00000000000",0,0,0,1,0,0,0,0,0,0,0,998,0,0,0,12,8,2,12,0,0,0,1,48,77089,6,1,0,0,3,0,999,999,0,0,0,0,0,0,0,0,0,0,0,0,0,0,2,2,40,1,1,8,1,0,0,1,66,16,2,1,88,"777777777777","777777777777","777777777777",1,1
48,482781,2,2,1,8,10,19,38,12,6,1,0,48,2,7,422,7422,15,2006,"1D4HD38K56F1","1","D","4","H","D","3","8","K","5","6","F","1",0,0,0,"000000000","00000000000",0,0,0,1,0,0,0,0,0,0,0,998,0,0,0,62,6,2,12,0,0,0,1,48,77075,6,1,0,0,3,0,999,999,0,0,0,0,0,0,0,0,0,0,38,0,0,0,1,2,99,1,1,8,1,20,3,4,17,99,1,1,89,"777777777777","777777777777","777777777777",0,0