"STATE","ST_CASE","VEH_NO","VE_FORMS","NUMOCCS","DAY","MONTH","HOUR","MINUTE","HARM_EV","MAN_COLL","UNITTYPE","HIT_RUN","REG_STAT","OWNER","MAKE","MODEL","MAK_MOD","BODY_TYP","MOD_YEAR","VIN","VIN_1","VIN_2","VIN_3","VIN_4","VIN_5","VIN_6","VIN_7","VIN_8","VIN_9","VIN_10","VIN_11","VIN_12","TOW_VEH","J_KNIFE","MCARR_I1","MCARR_I2","MCARR_ID","GVWR","V_CONFIG","CARGO_BT","HAZ_INV","HAZ_PLAC","HAZ_ID","HAZ_CNO","HAZ_REL","BUS_USE","SPEC_USE","EMER_USE","TRAV_SP","UNDERIDE","ROLLOVER","ROLINLOC","IMPACT1","DEFORMED","TOWED","M_HARM","VEH_SC1","VEH_SC2","FIRE_EXP","DR_PRES","L_STATE","DR_ZIP","L_STATUS","L_TYPE","CDL_STAT","L_ENDORS","L_COMPL","L_RESTRI","DR_HGT","DR_WGT","PREV_ACC","PREV_SUS","PREV_DWI","PREV_SPD","PREV_OTH","FIRST_MO","FIRST_YR","LAST_MO","LAST_YR","SPEEDREL","DR_SF1","DR_SF2","DR_SF3","DR_SF4","VTRAFWAY","VNUM_LAN","VSPD_LIM","VALIGN","VPROFILE","VPAVETYP","VSURCOND","VTRAFCON","VTCONT_F","P_CRASH1","P_CRASH2","P_CRASH3","PCRASH4","PCRASH5","ACC_TYPE","TRLR1VIN","TRLR2VIN","TRLR3VIN","DEATHS","DR_DRINK"
48,482819,2,2,2,27,10,22,30,12,2,1,0,18,3,85,881,85881,66,2015,"1XKYD49X1FJ4","1","X","K","Y","D","4","9","X","1","F","J","4",1,1,57,"54283","5754283",3,6,3,1,0,0,0,0,0,0,0,998,0,0,0,12,6,2,12,0,0,1,1,35,87124,6,1,6,0,3,3,72,260,98,0,0,0,0,0,0,0,0,0,0,0,0,0,1,2,75,2,1,8,1,0,0,14,62,9,1,4,51,"13N253209F15","777777777777","777777777777",0,0
48,482820,1,1,1,28,10,3,9,8,0,1,1,48,1,23,402,23402,14,2011,"2CTALMEC2B63","2","C","T","A","L","M","E","C","2","B","6","3",0,0,0,"000000000","00000000000",0,0,0,1,0,0,0,0,0,0,0,998,0,0,0,14,8,5,8,0,0,0,1,48,78336,6,1,0,0,3,3,999,999,0,0,0,0,1,2,2016,2,2016,0,0,0,0,0,1,2,60,1,1,8,1,0,0,1,80,1,1,1,13,"777777777777","777777777777","777777777777",0,0
48,482821,1,3,1,28,10,21,22,12,2,1,0,48,2,37,705,37705,80,2008,"JH2PC40458M1","J","H","2","P","C","4","0","4","5","8","M","1",0,0,0,"000000000","00000000000",0,0,0,1,0,0,0,0,0,0,0,998,0,0,0,12,6,2,12,0,0,0,1,48,78250,1,1,0,0,2,0,999,999,1,10,1,2,0,7,2012,7,2015,0,37,0,0,0,3,2,45,1,1,8,1,3,3,1,17,99,1,1,90,"777777777777","777777777777","777777777777",1,0
48,482821,2,3,1,28,10,21,22,12,2,1,0,48,2,12,3,12003,2,2013,"1ZVBP8AM3D52","1","Z","V","B","P","8","A","M","3","D","5","2",0,0,0,"000000000","00000000000",0,0,0,1,0,0,0,0,0,0,0,998,0,0,0,12,6,2,12,0,0,0,1,48,78258,6,1,0,0,3,0,999,999,0,0,0,0,0,0,0,0,0,0,0,0,0,0,3,3,98,8,8,8,98,3,3,1,66,99,1,1,90,"777777777777","777777777777","777777777777",0,0
48,482821,3,3,2,28,10,21,22,12,2,1,0,48,1,7,24,7024,4,2014,"2C3CDXHG2EH3","2","C","3","C","D","X","H","G","2","E","H","3",0,0,0,"000000000","00000000000",0,0,0,1,0,0,0,0,0,0,0,998,0,0,0,62,6,2,12,0,0,0,1,48,78258,6,1,0,0,3,3,999,999,0,0,0,0,0,0,0,0,0,0,0,0,0,0,3,3,98,8,8,8,98,3,3,1,66,99,1,1,98,"777777777777","777777777777","777777777777",0,0
48,482822,1,3,4,28,10,22,40,33,0,1,0,48,2,63,421,63421,15,2009,"KNDJJ7412950","K","N","D","J","J","7","4","1","2","9","5","0",0,0,0,"000000000","00000000000",0,0,0,1,0,0,0,0,0,0,0,998,0,0,0,98,6,2,12,0,0,1,1,48,78223,0,0,0,0,0,0,999,999,0,1,0,0,3,2,2016,6,2016,4,27,0,0,0,2,2,45,1,1,8,1,0,0,1,12,99,1,4,6,"777777777777","777777777777","777777777777",4,0
48,482822,2,3,1,28,10,22,40,33,0,1,0,48,1,7,422,7422,15,2013,"1C4RDHAGXDC5","1","C","4","R","D","H","A","G","X","D","C","5",0,0,0,"000000000","00000000000",0,0,0,1,0,0,0,0,0,0,0,998,0,0,0,11,4,5,12,0,0,0,1,48,78237,6,1,0,0,3,0,999,999,0,0,0,1,0,8,2012,8,2012,0,0,0,0,0,2,2,45,1,1,8,1,0,0,1,60,99,1,1,98,"777777777777","777777777777","777777777777",0,0
48,482822,3,3,1,28,10,22,40,33,0,1,0,17,3,82,881,82881,66,2016,"3AKJGLD56GSH","3","A","K","J","G","L","D","5","6","G","S","H",1,1,57,"1972877","571972877",3,6,98,1,0,0,0,0,0,0,0,998,0,0,0,12,6,2,12,0,0,0,1,48,78217,6,1,6,0,3,3,71,185,1,0,0,0,0,4,2016,4,2016,0,0,0,0,0,2,2,45,1,1,8,1,0,0,1,62,99,1,1,98,"1DW1A53266S8","777777777777","777777777777",0,0
48,482823,1,1,1,28,10,13,38,32,0,1,0,48,1,20,9,20009,2,1997,"2G1FP22P5V21","2","G","1","F","P","2","2","P","5","V","2","1",0,0,0,"000000000","00000000000",0,0,0,1,0,0,0,0,0,0,0,998,0,1,5,12,6,2,1,0,0,0,1,48,75432,6,1,0,0,3,0,68,179,0,0,0,0,0,0,0,0,0,0,34,58,0,0,2,2,75,1,1,8,1,0,0,6,8,7,4,4,7,"777777777777","777777777777","777777777777",1,0
48,482824,1,2,1,29,10,12,15,12,2,1,0,48,1,37,32,37032,4,2003,"1HGCM56353A0","1","H","G","C","M","5","6","3","5","3","A","0",0,0,0,"000000000","00000000000",0,0,0,1,0,0,0,0,0,0,0,998,0,0,0,12,6,2,12,0,0,0,1,48,78239,6,1,0,0,3,3,999,999,0,0,0,0,0,0,0,0,0,0,28,0,0,0,5,5,45,1,1,8,1,0,0,1,10,99,1,2,50,"777777777777","777777777777","777777777777",1,0
48,482824,2,2,3,29,10,12,15,12,2,1,0,48,3,20,481,20481,31,2012,"1GC1KYE86CF2","1","G","C","1","K","Y","E","8","6","C","F","2",0,0,0,"000000000","00000000000",0,0,0,1,0,0,0,0,0,0,0,998,0,0,0,12,6,2,12,0,0,0,1,48,78213,6,1,0,0,3,0,999,999,0,0,0,3,0,11,2011,10,2016,0,0,0,0,0,5,5,45,1,1,8,1,0,0,1,62,99,1,1,51,"777777777777","777777777777","777777777777",0,0
48,482825,1,4,1,29,10,2,30,12,7,1,0,48,1,20,481,20481,31,1984,"1GCCC14H0ES1","1","G","C","C","C","1","4","H","0","E","S","1",0,0,0,"000000000","00000000000",0,0,0,1,0,0,0,0,0,0,0,998,0,0,0,82,2,3,12,0,0,0,1,48,77373,6,1,0,0,3,3,999,999,0,0,0,0,0,0,0,0,0,0,28,91,0,0,1,8,55,1,1,8,1,3,3,1,11,99,1,2,44,"777777777777","777777777777","777777777777",0,1
48,482825,2,4,2,29,10,2,30,12,7,1,0,47,1,76,706,76706,80,2002,"JYARN10EX2A0","J","Y","A","R","N","1","0","E","X","2","A","0",0,0,0,"000000000","00000000000",0,0,0,1,0,0,0,0,0,0,0,0,0,0,0,61,8,2,12,0,0,0,1,29,63052,6,1,0,0,3,3,66,162,1,0,0,0,0,4,2016,4,2016,0,0,0,0,0,1,8,55,1,1,8,1,3,3,5,60,1,1,1,45,"777777777777","777777777777","777777777777",2,0
48,482825,3,4,2,29,10,2,30,12,7,1,0,48,2,37,39,37039,5,2008,"JHMGD37628S0","J","H","M","G","D","3","7","6","2","8","S","0",0,0,0,"000000000","00000000000",0,0,0,1,0,0,0,0,0,0,0,0,0,0,0,6,6,2,12,0,0,0,1,48,77038,6,1,0,0,3,0,999,999,0,0,0,0,0,0,0,0,0,0,0,0,0,0,1,8,55,1,1,8,1,3,3,5,60,1,1,1,98,"777777777777","777777777777","777777777777",0,0
48,482825,4,4,1,29,10,2,30,12,7,1,0,48,1,37,32,37032,4,2008,"1HGCP36888A0","1","H","G","C","P","3","6","8","8","8","A","0",0,0,0,"000000000","00000000000",0,0,0,1,0,0,0,0,0,0,0,0,0,0,0,6,2,3,12,0,0,0,1,48,77038,6,1,0,0,3,0,999,999,0,0,0,0,0,0,0,0,0,0,0,0,0,0,1,8,55,1,1,8,1,3,3,5,53,1,1,1,98,"777777777777","777777777777","777777777777",0,0
48,482826,1,2,1,29,10,22,33,8,0,1,0,48,1,12,37,12037,5,2016,"1FADP3L90GL3","1","F","A","D","P","3","L","9","0","G","L","3",0,0,0,"000000000","00000000000",0,0,0,1,0,0,0,0,0,0,0,998,0,0,0,12,6,2,8,0,0,0,1,48,77345,6,1,0,0,3,0,999,999,0,0,0,1,0,4,2012,4,2012,0,38,39,0,0,4,3,45,1,1,1,1,3,3,1,80,99,1,1,13,"777777777777","777777777777","777777777777",0,1
48,482826,2,2,1,29,10,22,33,8,0,1,0,48,1,35,43,35043,4,2015,"3N1AB7AP3FY2","3","N","1","A","B","7","A","P","3","F","Y","2",0,0,0,"000000000","00000000000",0,0,0,1,0,0,0,0,0,0,0,998,0,0,0,1,6,2,12,0,0,0,1,48,77022,6,1,0,0,3,0,999,999,0,0,0,0,0,0,0,0,0,0,0,0,0,0,2,3,98,8,8,8,98,3,3,1,66,99,1,1,98,"777777777777","777777777777","777777777777",0,0
48,482827,1,3,2,29,10,11,10,12,6,1,0,48,2,20,37,20037,4,2011,"1G1ZC5N11BF1","1","G","1","Z","C","5","N","1","1","B","F","1",0,0,0,"000000000","00000000000",0,0,0,1,0,0,0,0,0,0,0,998,0,0,0,11,6,2,12,0,0,0,1,48,75147,6,1,0,0,3,0,999,999,0,0,0,0,0,0,0,0,0,0,38,0,0,0,1,2,65,1,1,8,1,20,3,4,17,99,1,1,89,"777777777777","777777777777","777777777777",0,0
48,482827,2,3,2,29,10,11,10,12,6,1,0,48,2,2,403,2403,14,2013,"1C4HJWDG2DL6","1","C","4","H","J","W","D","G","2","D","L","6",0,0,0,"000000000","00000000000",0,0,0,1,0,0,0,0,0,0,0,998,0,1,1,12,6,2,12,0,0,0,1,48,76051,6,1,0,0,3,0,999,999,0,0,0,0,0,0,0,0,0,0,0,0,0,0,1,2,98,8,8,8,98,0,0,1,66,99,1,1,88,"777777777777","777777777777","777777777777",1,0
48,482827,3,3,6,29,10,11,10,12,6,1,0,20,1,20,422,20422,15,2009,"1GNFC26J29R1","1","G","N","F","C","2","6","J","2","9","R","1",0,0,0,"000000000","00000000000",0,0,0,1,0,0,0,0,0,0,0,998,0,0,0,12,6,2,12,0,0,0,1,20,67152,6,1,0,0,3,0,68,160,0,0,0,0,0,0,0,0,0,0,0,0,0,0,1,2,98,8,8,8,98,0,0,1,66,99,1,1,98,"777777777777","777777777777","777777777777",0,0
48,482828,1,1,3,30,10,2,48,1,0,1,0,48,1,7,482,7482,31,2008,"1D7HA18248S6","1","D","7","H","A","1","8","2","4","8","S","6",0,0,0,"000000000","00000000000",0,0,0,1,0,0,0,0,0,0,0,998,0,2,1,0,6,2,1,0,0,0,1,48,75165,6,1,6,0,3,3,68,359,0,0,0,0,0,0,0,0,0,0,0,0,0,0,1,2,55,1,1,8,1,0,0,1,13,6,2,6,98,"777777777777","777777777777","777777777777",1,1
48,482829,1,2,1,30,10,2,35,12,1,1,0,48,1,7,472,7472,31,2001,"1B7HG2ANX1S3","1","B","7","H","G","2","A","N","X","1","S","3",0,0,0,"000000000","00000000000",0,0,0,1,0,0,0,0,0,0,0,998,0,0,0,12,2,3,12,0,0,0,1,48,77417,6,1,0,0,3,0,999,999,0,0,0,0,1,4,2015,4,2015,0,0,0,0,0,1,2,60,1,1,8,1,0,0,1,51,99,1,1,24,"777777777777","777777777777","777777777777",0,0
48,482829,2,2,1,30,10,2,35,12,1,1,0,48,1,38,472,38472,30,1998,"1GGCS1449W86","1","G","G","C","S","1","4","4","9","W","8","6",0,0,0,"000000000","00000000000",0,0,0,1,0,0,0,0,0,0,0,998,0,1,5,6,6,2,1,0,0,0,1,48,77471,6,1,0,0,3,0,69,209,0,0,0,0,0,0,0,0,0,0,0,0,0,0,1,2,60,1,1,8,1,0,0,1,53,99,1,1,25,"777777777777","777777777777","777777777777",1,1
48,482830,1,1,1,30,10,2,2,33,0,1,0,48,2,12,401,12401,14,2001,"1FMZU62E31ZA","1","F","M","Z","U","6","2","E","3","1","Z","A",0,0,0,"000000000","00000000000",0,0,0,1,0,0,0,0,0,0,0,998,0,1,5,98,6,2,1,0,0,0,1,48,77479,6,1,0,0,3,0,999,999,0,1,0,1,0,5,2012,11,2014,0,58,0,0,0,3,2,45,1,1,8,1,3,3,1,12,99,1,4,6,"777777777777","777777777777","777777777777",1,1
48,482831,1,1,1,30,10,19,5,8,0,1,1,48,2,35,473,35473,31,2005,"1N6BA07A65N5","1","N","6","B","A","0","7","A","6","5","N","5",0,0,0,"000000000","00000000000",0,0,0,1,0,0,0,0,0,0,0,998,0,0,0,12,4,5,8,0,0,0,1,99,99999,9,9,99,9,9,9,999,999,99,99,99,99,99,99,9999,99,9999,4,0,0,0,0,5,5,35,1,1,8,1,0,0,1,80,99,1,1,13,"777777777777","777777777777","777777777777",0,0
48,482832,1,1,1,30,10,5,30,25,0,1,0,48,2,37,402,37402,14,2000,"JHLRD2843YC0","J","H","L","R","D","2","8","4","3","Y","C","0",0,0,0,"000000000","00000000000",0,0,0,1,0,0,0,0,0,0,0,998,0,1,2,98,6,2,42,0,0,0,1,48,77449,6,1,0,0,3,0,999,999,0,0,0,0,0,0,0,0,0,0,84,0,0,0,3,5,60,1,1,1,1,0,0,1,50,7,1,4,3,"777777777777","777777777777","777777777777",1,0
48,482833,1,1,1,30,10,3,1,32,0,1,0,48,2,20,2,20002,4,2006,"2G1WB58K4693","2","G","1","W","B","5","8","K","4","6","9","3",0,0,0,"000000000","00000000000",0,0,0,1,0,0,0,0,0,0,0,998,0,1,5,12,6,2,1,0,0,0,1,48,75756,6,1,0,0,3,0,999,999,0,0,0,0,0,0,0,0,0,3,0,0,0,0,1,2,55,2,1,8,1,0,0,14,12,99,1,4,6,"777777777777","777777777777","777777777777",1,1
48,482834,1,2,4,30,10,17,35,12,7,1,0,48,2,20,403,20403,14,2006,"1GNDS13S8621","1","G","N","D","S","1","3","S","8","6","2","1",0,0,0,"000000000","00000000000",0,0,0,1,0,0,0,0,0,0,0,998,0,1,5,61,6,2,1,0,0,0,1,48,75104,6,1,0,0,3,0,999,999,0,1,0,0,0,9,2016,9,2016,0,28,0,0,0,3,2,75,1,2,8,1,0,0,99,10,99,1,2,49,"777777777777","777777777777","777777777777",2,0
48,482834,2,2,2,30,10,17,35,12,7,1,0,48,1,37,32,37032,4,2015,"1HGCR2F86FA0","1","H","G","C","R","2","F","8","6","F","A","0",0,0,0,"000000000","00000000000",0,0,0,1,0,0,0,0,0,0,0,998,0,0,0,81,2,3,12,0,0,0,1,48,75205,6,1,0,0,3,0,999,999,0,0,0,0,0,0,0,0,0,0,0,0,0,0,3,2,75,1,2,8,1,0,0,1,61,99,1,1,49,"777777777777","777777777777","777777777777",0,0
48,482835,1,2,1,31,10,20,32,12,2,1,0,48,1,23,481,23481,31,1995,"2GTEC19KXS15","2","G","T","E","C","1","9","K","X","S","1","5",0,0,0,"000000000","00000000000",0,0,0,1,0,0,0,0,0,0,0,998,0,0,0,12,6,2,12,0,0,0,1,48,78956,6,1,0,0,3,0,999,999,0,11,0,0,0,12,2011,4,2013,0,51,0,0,0,3,2,75,1,1,8,1,0,0,1,54,99,1,1,52,"777777777777","777777777777","777777777777",1,0
48,482835,2,2,2,31,10,20,32,12,2,1,0,22,1,20,421,20421,15,2010,"1GNUCAE07AR1","1","G","N","U","C","A","E","0","7","A","R","1",0,0,0,"000000000","00000000000",0,0,0,1,0,0,0,0,0,0,0,998,0,0,0,12,6,2,12,0,0,0,1,22,70663,6,1,0,0,3,0,71,190,0,0,0,1,0,2,2015,2,2015,0,0,0,0,0,3,2,75,1,1,8,1,0,0,1,54,99,1,1,52,"777777777777","777777777777","777777777777",2,0
48,482836,1,1,1,31,10,15,19,58,0,1,0,48,1,12,481,12481,31,1987,"1FTCF15N4HKA","1","F","T","C","F","1","5","N","4","H","K","A",0,0,0,"000000000","00000000000",0,0,0,1,0,0,0,0,0,0,0,998,0,1,5,12,6,2,1,0,0,0,1,48,77957,6,1,0,0,3,0,999,999,0,0,0,0,0,0,0,0,0,0,0,0,0,0,1,2,70,1,1,8,1,0,0,1,8,99,1,4,1,"777777777777","777777777777","777777777777",1,0
48,482837,1,1,1,31,10,17,49,1,0,1,0,48,1,55,35,55035,4,2010,"KMHDU4AD9AU0","K","M","H","D","U","4","A","D","9","A","U","0",0,0,0,"000000000","00000000000",0,0,0,1,0,0,0,0,0,0,0,998,0,2,1,0,6,2,1,0,0,0,1,48,76861,6,1,0,0,3,0,999,999,0,0,0,0,0,0,0,0,0,3,0,0,0,0,2,2,75,1,2,8,1,0,0,1,99,6,9,4,98,"777777777777","777777777777","777777777777",1,0
48,482838,1,2,1,1,11,12,45,12,6,1,0,99,9,84,884,84884,66,2005,"2HSCEAPR95C0","2","H","S","C","E","A","P","R","9","5","C","0",1,2,57,"857474","57857474",3,6,3,1,0,0,0,0,0,0,0,998,0,0,0,1,6,2,12,0,0,1,1,48,75169,6,1,6,0,3,0,999,999,0,0,0,1,1,10,2016,10,2016,0,21,51,0,0,1,2,70,1,1,8,1,0,0,2,1,99,4,4,64,"5BEBU1016WC1","777777777777","777777777777",1,0
48,482838,2,2,1,1,11,12,45,12,6,1,0,93,3,85,881,85881,66,2012,"1XKDP4TX7CJ3","1","X","K","D","P","4","T","X","7","C","J","3",1,1,57,"19773508","5719773508",3,6,3,1,0,0,0,0,0,0,0,998,0,0,0,12,6,2,12,0,0,0,1,48,75801,6,1,6,0,3,0,999,999,0,0,0,0,0,0,0,0,0,0,0,0,0,0,1,2,70,1,1,8,1,0,0,1,62,9,2,4,65,"2A9LB6054CN1","777777777777","777777777777",0,0
48,482839,1,1,1,1,11,23,1,20,0,1,0,47,3,82,881,82881,66,2003,"1FUJA6CG13LK","1","F","U","J","A","6","C","G","1","3","L","K",1,1,57,"2579946","572579946",3,6,1,1,0,0,0,0,0,0,0,998,0,0,0,12,6,2,20,0,0,1,1,47,38116,6,1,6,0,3,0,70,155,1,0,0,1,5,12,2011,12,2014,0,99,99,99,99,3,4,65,1,1,8,1,0,0,1,13,99,1,4,1,"1GRAA06265S7","777777777777","777777777777",1,0
48,482840,1,2,1,1,11,13,46,8,0,1,0,48,1,20,481,20481,31,1988,"1GCDC14K8JZ3","1","G","C","D","C","1","4","K","8","J","Z","3",0,0,0,"000000000","00000000000",0,0,0,1,0,0,0,0,0,0,0,998,0,0,0,12,2,5,8,0,0,0,1,48,78028,6,1,0,0,3,0,999,999,0,0,0,0,0,0,0,0,0,5,0,0,0,0,1,2,30,1,1,8,1,0,0,1,80,1,1,1,13,"777777777777","777777777777","777777777777",0,0
48,482840,2,2,1,1,11,13,46,8,0,1,0,48,2,14,401,14401,14,1998,"4M2ZU55P0WUJ","4","M","2","Z","U","5","5","P","0","W","U","J",0,0,0,"000000000","00000000000",0,0,0,1,0,0,0,0,0,0,0,998,0,0,0,8,8,5,8,0,0,0,1,48,78025,0,0,0,0,0,0,999,999,0,0,0,0,0,0,0,0,0,0,0,0,0,0,1,2,30,1,1,8,1,0,0,1,80,99,1,1,98,"777777777777","777777777777","777777777777",0,0
48,482841,1,2,1,1,11,7,43,12,6,1,0,93,3,85,881,85881,66,2016,"1XKYDP9X9GJ1","1","X","K","Y","D","P","9","X","9","G","J","1",1,1,57,"2474662","572474662",3,6,1,1,0,0,0,0,0,0,0,998,0,0,0,12,6,2,12,0,0,0,1,48,79045,6,1,6,0,3,0,999,999,0,0,0,2,0,2,2014,9,2014,0,28,0,0,0,1,2,75,1,3,8,1,0,0,1,10,99,1,2,66,"1W1AAA1A3BS2","777777777777","777777777777",1,0
48,482841,2,2,1,1,11,7,43,12,6,1,0,93,2,82,881,82881,66,1995,"2FUYDZYB4SA5","2","F","U","Y","D","Z","Y","B","4","S","A","5",1,1,57,"1196679","571196679",3,6,1,1,0,0,0,0,0,0,0,998,0,1,5,62,6,2,12,0,0,0,1,48,79045,6,1,6,0,3,3,999,999,0,0,0,0,1,5,2015,5,2015,0,0,0,0,0,1,2,75,1,3,8,1,0,0,1,62,6,9,3,66,"1W1MAF1A2MA2","777777777777","777777777777",1,0
48,482842,1,1,1,1,11,19,17,39,0,1,0,48,2,24,7,24007,4,2006,"1G8AZ55F36Z1","1","G","8","A","Z","5","5","F","3","6","Z","1",0,0,0,"000000000","00000000000",0,0,0,1,0,0,0,0,0,0,0,998,0,1,5,62,6,2,39,0,0,0,1,48,78748,6,1,0,0,3,0,999,999,0,2,1,0,1,1,2012,8,2014,0,0,0,0,0,2,3,60,2,2,8,1,0,0,14,12,7,3,4,2,"777777777777","777777777777","777777777777",1,1
48,482843,1,1,1,2,11,22,39,1,0,1,0,48,1,7,482,7482,31,2007,"1D7HU18297J6","1","D","7","H","U","1","8","2","9","7","J","6",0,0,0,"000000000","00000000000",0,0,0,1,0,0,0,0,0,0,0,998,0,1,3,0,6,2,1,0,0,0,1,48,75150,6,1,0,0,3,0,999,999,0,0,0,1,1,6,2016,6,2016,4,0,0,0,0,2,2,75,1,1,8,2,0,0,1,12,99,9,4,7,"777777777777","777777777777","777777777777",1,1
48,482844,1,1,1,2,11,1,50,8,0,1,0,48,1,12,23,12023,4,2010,"3FAHP0HA4AR4","3","F","A","H","P","0","H","A","4","A","R","4",0,0,0,"000000000","00000000000",0,0,0,1,0,0,0,0,0,0,0,998,0,0,0,14,8,5,8,0,0,0,1,48,75088,6,1,0,0,3,0,999,999,0,0,0,0,0,0,0,0,0,0,0,0,0,0,2,3,40,1,1,8,1,0,0,1,80,1,1,1,13,"777777777777","777777777777","777777777777",0,0
48,482845,1,2,1,2,11,7,5,12,1,1,0,48,1,86,884,86884,66,1985,"1M2N187YXFA0","1","M","2","N","1","8","7","Y","X","F","A","0",1,1,57,"2099987","572099987",3,6,9,1,0,0,0,0,0,0,0,998,0,0,0,6,2,5,12,0,0,0,1,48,75969,6,1,6,0,3,0,999,999,0,0,0,1,1,5,2014,5,2015,0,0,0,0,0,2,2,75,1,1,8,1,0,0,1,53,99,1,1,25,"999999999999","777777777777","777777777777",0,0
48,482845,2,2,1,2,11,7,5,12,1,1,0,48,1,41,51,41051,4,2010,"JM1BL1SF8A11","J","M","1","B","L","1","S","F","8","A","1","1",0,0,0,"000000000","00000000000",0,0,0,1,0,0,0,0,0,0,0,998,0,0,0,12,6,2,12,0,0,0,1,48,75941,6,1,0,0,3,0,69,223,0,0,0,1,0,1,2016,1,2016,5,0,0,0,0,2,2,75,1,1,8,1,0,0,1,51,99,1,1,24,"777777777777","777777777777","777777777777",1,0
48,482846,1,1,1,2,11,14,0,42,0,1,0,48,1,20,481,20481,31,2014,"3GCPCPEC0EG2","3","G","C","P","C","P","E","C","0","E","G","2",0,0,0,"000000000","00000000000",0,0,0,1,0,0,0,0,0,0,0,998,0,0,0,12,6,2,42,0,0,0,1,48,75951,6,1,0,0,3,3,999,999,0,0,0,2,0,8,2014,9,2015,0,51,0,0,0,1,2,70,1,1,8,1,0,0,1,10,7,9,4,6,"777777777777","777777777777","777777777777",1,0
48,482847,1,2,1,2,11,20,16,12,6,1,0,48,2,35,39,35039,4,2014,"1N4AA5AP8EC4","1","N","4","A","A","5","A","P","8","E","C","4",0,0,0,"000000000","00000000000",0,0,0,1,0,0,0,0,0,0,0,998,0,0,0,3,6,2,12,0,0,0,1,48,78045,6,1,0,0,3,0,999,999,0,0,0,1,1,1,2014,1,2014,0,0,0,0,0,2,3,60,1,1,8,1,0,0,1,9,99,3,4,98,"777777777777","777777777777","777777777777",1,1
48,482847,2,2,4,2,11,20,16,12,6,1,0,48,2,7,27,7027,6,2016,"3C4PDCBG9GT1","3","C","4","P","D","C","B","G","9","G","T","1",0,0,0,"000000000","00000000000",0,0,0,1,0,0,0,0,0,0,0,998,0,0,0,12,6,2,12,0,0,0,1,48,78043,1,1,0,0,2,0,999,999,0,5,0,0,0,11,2011,1,2013,0,0,0,0,0,2,3,60,1,1,8,1,0,0,1,64,99,1,1,98,"777777777777","777777777777","777777777777",0,0
48,482848,1,2,2,2,11,12,23,12,2,1,0,48,2,6,18,6018,4,2012,"1C3CCBAB5CN1","1","C","3","C","C","B","A","B","5","C","N","1",0,0,0,"000000000","00000000000",0,0,0,1,0,0,0,0,0,0,0,998,0,0,0,12,6,2,12,0,0,0,1,48,76374,6,1,0,0,3,0,999,999,0,0,0,1,0,2,2015,2,2015,0,38,0,0,0,1,4,75,1,2,8,1,0,0,11,15,99,1,2,68,"777777777777","777777777777","777777777777",1,0
48,482848,2,2,1,2,11,12,23,12,2,1,0,48,0,20,481,20481,31,2001,"2GCEC19T5112","2","G","C","E","C","1","9","T","5","1","1","2",0,0,0,"000000000","00000000000",0,0,0,1,0,0,0,0,0,0,0,998,0,0,0,12,6,2,12,0,0,0,1,48,76450,6,1,0,0,3,0,999,999,0,0,0,0,1,10,2013,10,2013,0,0,0,0,0,1,2,75,1,2,8,1,0,0,1,62,99,1,1,69,"777777777777","777777777777","777777777777",0,0
48,482849,1,1,2,3,11,22,17,8,0,1,0,22,1,72,706,72706,80,2014,"1HD1KRM18FB6","1","H","D","1","K","R","M","1","8","F","B","6",0,0,0,"000000000","00000000000",0,0,0,1,0,0,0,0,0,0,0,998,0,0,0,98,8,2,8,0,0,0,1,22,71459,6,1,0,0,3,3,63,216,0,0,0,0,0,0,0,0,0,3,0,0,0,0,5,5,40,1,1,8,1,0,0,1,80,99,1,1,13,"777777777777","777777777777","777777777777",1,1
48,482850,1,2,1,3,11,0,3,12,6,1,0,48,3,12,23,12023,4,2016,"3FA6P0HD8GR1","3","F","A","6","P","0","H","D","8","G","R","1",0,0,0,"000000000","00000000000",0,0,0,1,0,0,0,0,0,0,0,998,0,0,0,12,6,2,12,0,0,0,1,48,77433,6,1,6,0,3,1,999,999,0,0,0,0,0,0,0,0,0,0,0,0,0,0,3,3,60,1,2,1,1,0,0,1,61,99,1,1,45,"777777777777","777777777777","777777777777",0,0
48,482850,2,2,2,3,11,0,3,12,6,1,0,48,1,73,706,73706,80,2008,"JKBZGNB108A0","J","K","B","Z","G","N","B","1","0","8","A","0",0,0,0,"000000000","00000000000",0,0,0,1,0,0,0,0,0,0,0,998,0,0,0,98,8,2,12,0,0,0,1,48,77064,6,1,0,0,3,3,999,999,0,4,0,1,2,2,2013,2,2016,0,28,0,0,0,3,3,60,1,2,1,1,0,0,15,10,99,9,2,47,"777777777777","777777777777","777777777777",1,1
48,482851,1,2,1,3,11,7,5,12,2,1,0,48,1,18,22,18022,4,2015,"1G4GB5G34FF1","1","G","4","G","B","5","G","3","4","F","F","1",0,0,0,"000000000","00000000000",0,0,0,1,0,0,0,0,0,0,0,998,0,0,0,12,6,2,12,0,0,0,1,48,76648,6,1,0,0,3,0,999,999,0,0,0,0,0,0,0,0,0,4,51,0,0,0,1,2,75,1,2,8,2,0,0,1,6,99,2,2,50,"777777777777","777777777777","777777777777",1,0
48,482851,2,2,1,3,11,7,5,12,2,1,0,48,1,49,472,49472,30,2011,"5TFTX4CN2BX0","5","T","F","T","X","4","C","N","2","B","X","0",0,0,0,"000000000","00000000000",0,0,0,1,0,0,0,0,0,0,0,998,0,0,0,12,6,2,12,0,0,0,1,48,76643,6,1,0,0,3,3,999,999,0,0,0,0,0,0,0,0,0,0,0,0,0,0,1,2,75,1,2,8,2,0,0,1,62,99,1,1,51,"777777777777","777777777777","777777777777",1,0