"STATE","ST_CASE","VEH_NO","VE_FORMS","NUMOCCS","DAY","MONTH","HOUR","MINUTE","HARM_EV","MAN_COLL","UNITTYPE","HIT_RUN","REG_STAT","OWNER","MAKE","MODEL","MAK_MOD","BODY_TYP","MOD_YEAR","VIN","VIN_1","VIN_2","VIN_3","VIN_4","VIN_5","VIN_6","VIN_7","VIN_8","VIN_9","VIN_10","VIN_11","VIN_12","TOW_VEH","J_KNIFE","MCARR_I1","MCARR_I2","MCARR_ID","GVWR","V_CONFIG","CARGO_BT","HAZ_INV","HAZ_PLAC","HAZ_ID","HAZ_CNO","HAZ_REL","BUS_USE","SPEC_USE","EMER_USE","TRAV_SP","UNDERIDE","ROLLOVER","ROLINLOC","IMPACT1","DEFORMED","TOWED","M_HARM","VEH_SC1","VEH_SC2","FIRE_EXP","DR_PRES","L_STATE","DR_ZIP","L_STATUS","L_TYPE","CDL_STAT","L_ENDORS","L_COMPL","L_RESTRI","DR_HGT","DR_WGT","PREV_ACC","PREV_SUS","PREV_DWI","PREV_SPD","PREV_OTH","FIRST_MO","FIRST_YR","LAST_MO","LAST_YR","SPEEDREL","DR_SF1","DR_SF2","DR_SF3","DR_SF4","VTRAFWAY","VNUM_LAN","VSPD_LIM","VALIGN","VPROFILE","VPAVETYP","VSURCOND","VTRAFCON","VTCONT_F","P_CRASH1","P_CRASH2","P_CRASH3","PCRASH4","PCRASH5","ACC_TYPE","TRLR1VIN","TRLR2VIN","TRLR3VIN","DEATHS","DR_DRINK"
48,482852,1,2,2,3,11,8,6,12,2,1,0,48,2,20,481,20481,31,2015,"3GCPCREC3FG2","3","G","C","P","C","R","E","C","3","F","G","2",0,0,0,"000000000","00000000000",0,0,0,1,0,0,0,0,0,0,0,998,0,0,0,12,6,2,12,0,0,0,1,48,75801,6,1,0,0,3,0,999,999,0,4,0,6,0,3,2012,9,2016,4,0,0,0,0,2,2,75,1,1,8,6,0,0,1,12,99,1,4,50,"777777777777","777777777777","777777777777",0,0
48,482852,2,2,2,3,11,8,6,12,2,1,0,48,1,18,421,18421,15,2014,"5GAKRCKD8EJ2","5","G","A","K","R","C","K","D","8","E","J","2",0,0,0,"000000000","00000000000",0,0,0,1,0,0,0,0,0,0,0,998,0,0,0,12,6,2,12,32,0,0,1,48,79720,6,1,0,0,3,0,999,999,0,0,0,0,0,0,0,0,0,0,0,0,0,0,2,2,75,1,1,8,6,0,0,1,62,99,1,1,51,"777777777777","777777777777","777777777777",2,0
48,482853,1,1,2,4,11,5,47,1,0,1,0,93,2,82,881,82881,66,2015,"3ALXFBCG2FDG","3","A","L","X","F","B","C","G","2","F","D","G",1,1,57,"862131","57862131",3,6,3,1,0,0,0,0,0,0,0,998,0,2,5,0,6,2,1,0,0,0,1,48,79556,6,1,6,0,3,3,999,999,0,0,0,0,0,0,0,0,0,5,0,0,0,0,6,1,65,2,1,8,1,0,0,14,12,99,1,4,6,"13N14830X515","777777777777","777777777777",1,0
48,482854,1,1,1,4,11,10,59,32,0,1,0,48,2,49,401,49401,14,2002,"JT3GN87R4290","J","T","3","G","N","8","7","R","4","2","9","0",0,0,0,"000000000","00000000000",0,0,0,1,0,0,0,0,0,0,0,998,0,0,0,12,6,2,32,0,0,0,1,48,77539,6,1,0,0,3,3,999,999,0,0,0,1,0,9,2013,9,2013,5,0,0,0,0,1,2,60,1,1,8,1,0,0,1,12,99,1,4,6,"777777777777","777777777777","777777777777",1,0
48,482855,1,1,1,4,11,19,29,33,0,1,0,48,1,72,706,72706,80,2004,"1HD1BWB194Y0","1","H","D","1","B","W","B","1","9","4","Y","0",0,0,0,"000000000","00000000000",0,0,0,1,0,0,0,0,0,0,0,998,0,0,0,12,8,5,33,0,0,0,1,48,78666,6,1,6,0,3,3,999,999,0,0,0,0,0,0,0,0,0,5,28,0,0,0,2,4,40,1,1,8,1,0,0,1,12,99,1,4,6,"777777777777","777777777777","777777777777",1,0
48,482856,1,1,1,5,11,2,33,8,0,1,0,48,2,35,473,35473,31,2006,"1N6BA06A06N5","1","N","6","B","A","0","6","A","0","6","N","5",0,0,0,"000000000","00000000000",0,0,0,1,0,0,0,0,0,0,0,998,0,0,0,5,6,2,8,0,0,0,1,48,78224,0,0,0,0,0,0,999,999,0,0,0,0,0,0,0,0,0,0,0,0,0,0,1,2,30,1,1,8,1,0,0,1,80,1,1,1,13,"777777777777","777777777777","777777777777",0,0
48,482857,1,2,2,5,11,7,10,12,6,1,0,48,2,49,32,49032,4,2003,"1NXBR32E53Z1","1","N","X","B","R","3","2","E","5","3","Z","1",0,0,0,"000000000","00000000000",0,0,0,1,0,0,0,0,0,0,0,998,0,0,0,3,6,2,12,0,0,0,1,48,75061,0,0,0,0,0,0,999,999,0,1,0,0,0,7,2015,7,2015,4,87,0,0,0,1,3,75,3,2,8,2,0,0,14,6,99,2,2,66,"777777777777","777777777777","777777777777",1,0
48,482857,2,2,1,5,11,7,10,12,6,1,0,48,1,6,51,6051,4,2002,"2C3HE66G32H2","2","C","3","H","E","6","6","G","3","2","H","2",0,0,0,"000000000","00000000000",0,0,0,1,0,0,0,0,0,0,0,998,0,0,0,12,6,2,12,0,0,0,1,48,76009,6,1,0,0,3,0,999,999,0,0,0,0,0,0,0,0,0,0,0,0,0,0,1,3,75,2,2,8,2,0,0,14,62,99,1,1,66,"777777777777","777777777777","777777777777",0,0
48,482858,1,1,4,5,11,19,44,8,0,1,0,48,1,2,1,2001,6,2008,"1J8FT57W88D7","1","J","8","F","T","5","7","W","8","8","D","7",0,0,0,"000000000","00000000000",0,0,0,1,0,0,0,0,0,0,0,998,0,0,0,12,6,2,8,0,0,0,1,48,78539,0,0,0,0,0,0,999,999,0,7,0,0,1,5,2012,12,2015,0,0,0,0,0,5,5,55,1,1,8,1,0,0,1,80,1,1,1,13,"777777777777","777777777777","777777777777",0,0
48,482859,1,2,1,5,11,0,49,12,2,1,0,48,2,22,22,22022,4,2006,"1G2ZF55B6642","1","G","2","Z","F","5","5","B","6","6","4","2",0,0,0,"000000000","00000000000",0,0,0,1,0,0,0,0,0,0,0,998,0,0,0,12,6,2,12,0,0,0,1,48,78596,0,0,0,0,0,0,999,999,0,0,0,0,0,0,0,0,0,4,23,51,0,0,5,5,55,1,2,8,2,0,0,1,10,99,2,2,50,"777777777777","777777777777","777777777777",1,1
48,482859,2,2,1,5,11,0,49,12,2,1,0,48,3,12,422,12422,15,2014,"1FMJU1F51EEF","1","F","M","J","U","1","F","5","1","E","E","F",0,0,0,"000000000","00000000000",0,0,0,1,0,0,0,0,0,0,0,998,0,0,0,12,6,2,12,0,0,0,1,48,78541,6,1,0,0,3,0,999,999,1,0,0,0,0,7,2012,7,2012,0,0,0,0,0,5,5,55,1,2,8,2,0,0,1,62,99,1,1,51,"777777777777","777777777777","777777777777",0,0
48,482860,1,1,1,5,11,7,20,9,0,1,0,48,2,7,24,7024,4,2010,"2B3CA3CV8AH2","2","B","3","C","A","3","C","V","8","A","H","2",0,0,0,"000000000","00000000000",0,0,0,1,0,0,0,0,0,0,0,998,0,0,0,12,6,2,9,0,0,0,1,48,78749,1,1,0,0,2,0,999,999,0,1,0,0,0,8,2016,8,2016,0,0,0,0,0,4,3,98,1,1,8,2,0,0,1,83,99,1,1,13,"777777777777","777777777777","777777777777",0,0
48,482861,1,2,1,5,11,10,43,12,2,1,0,48,1,36,38,36038,3,2015,"3C3CFFFH2FT5","3","C","3","C","F","F","F","H","2","F","T","5",0,0,0,"000000000","00000000000",0,0,0,1,0,0,0,0,0,0,0,998,0,0,0,12,6,2,12,0,0,0,1,48,78642,3,1,0,0,2,0,999,999,0,0,0,1,1,9,2012,8,2014,0,51,0,0,0,1,4,55,3,1,8,2,0,0,1,8,1,1,2,50,"777777777777","777777777777","777777777777",1,0
48,482861,2,2,3,5,11,10,43,12,2,1,0,48,1,49,442,49442,20,2007,"5TDZK22C37S0","5","T","D","Z","K","2","2","C","3","7","S","0",0,0,0,"000000000","00000000000",0,0,0,1,0,0,0,0,0,0,0,998,0,0,0,12,6,2,12,0,0,0,1,48,78645,6,1,0,0,3,0,999,999,0,0,0,0,0,0,0,0,0,0,0,0,0,0,1,4,55,2,1,8,2,0,0,1,62,99,1,1,51,"777777777777","777777777777","777777777777",0,0
48,482862,1,1,99,6,11,22,1,8,0,1,1,99,9,99,999,99999,49,9999,"999999999999","9","9","9","9","9","9","9","9","9","9","9","9",0,0,0,"000000000","00000000000",0,0,0,1,0,0,0,0,0,0,0,998,0,0,0,99,9,5,8,0,0,0,1,99,99999,9,9,99,9,9,9,999,999,99,99,99,99,99,99,9999,99,9999,0,0,0,0,0,1,2,30,1,2,8,1,0,0,1,80,99,1,1,13,"777777777777","777777777777","777777777777",0,0
48,482863,1,2,1,6,11,1,30,12,2,1,0,48,1,37,32,37032,4,2010,"1HGCP2F4XAA0","1","H","G","C","P","2","F","4","X","A","A","0",0,0,0,"000000000","00000000000",0,0,0,1,0,0,0,0,0,0,0,998,0,0,0,12,6,2,12,0,0,0,1,48,77064,0,0,0,0,0,0,64,204,0,0,0,0,0,0,0,0,0,0,51,0,0,0,3,6,65,1,1,1,1,0,0,1,54,99,1,1,52,"777777777777","777777777777","777777777777",1,1
48,482863,2,2,1,6,11,1,30,12,2,1,0,48,2,49,40,49040,4,2009,"4T1BE46K29U8","4","T","1","B","E","4","6","K","2","9","U","8",0,0,0,"000000000","00000000000",0,0,0,1,0,0,0,0,0,0,0,998,0,0,0,12,6,2,12,0,0,0,1,48,77477,6,1,0,0,3,3,999,999,0,0,0,0,0,0,0,0,0,0,0,0,0,0,3,6,65,1,1,1,1,0,0,1,54,99,1,1,52,"777777777777","777777777777","777777777777",0,0
48,482864,1,1,1,6,11,14,28,57,0,1,0,22,1,72,706,72706,80,2015,"1HD1KHM15FB6","1","H","D","1","K","H","M","1","5","F","B","6",0,0,0,"000000000","00000000000",0,0,0,1,0,0,0,0,0,0,0,998,0,0,0,98,8,2,57,0,0,0,1,22,70510,6,1,0,0,3,3,68,230,0,0,0,1,0,4,2014,4,2014,5,82,0,0,0,3,2,65,1,1,8,1,0,0,1,12,99,1,4,6,"777777777777","777777777777","777777777777",1,0
48,482865,1,1,39,6,11,4,26,8,0,1,0,93,3,98,988,98988,52,2009,"2PCG334909C7","2","P","C","G","3","3","4","9","0","9","C","7",0,0,57,"44110","5744110",3,21,22,1,0,0,0,0,6,3,0,998,0,0,0,12,6,2,8,0,0,0,1,28,39170,6,1,6,1,3,3,69,155,98,0,0,0,0,0,0,0,0,0,0,0,0,0,3,2,75,1,1,8,1,0,0,1,80,99,1,1,13,"777777777777","777777777777","777777777777",0,0
48,482866,1,1,2,7,11,20,55,8,0,1,0,48,1,24,2,24002,2,2002,"1G8ZY12772Z2","1","G","8","Z","Y","1","2","7","7","2","Z","2",0,0,0,"000000000","00000000000",0,0,0,1,0,0,0,0,0,0,0,998,0,0,0,1,6,2,8,0,0,0,1,48,77535,6,1,0,0,3,0,999,999,1,0,0,0,1,1,2014,2,2014,0,0,0,0,0,1,2,55,1,1,8,1,0,0,1,80,99,1,1,13,"777777777777","777777777777","777777777777",0,1
48,482867,1,2,1,7,11,21,21,12,2,1,0,48,0,19,3,19003,4,1998,"1G6KE54Y6WU8","1","G","6","K","E","5","4","Y","6","W","U","8",0,0,0,"000000000","00000000000",0,0,0,1,0,0,0,0,0,0,0,998,0,0,0,12,6,2,12,0,0,0,1,48,79415,0,0,0,0,0,0,999,999,0,8,0,0,1,2,2013,8,2016,0,51,0,0,0,3,2,65,1,1,8,1,0,0,1,54,99,1,1,52,"777777777777","777777777777","777777777777",1,1
48,482867,2,2,1,7,11,21,21,12,2,1,0,48,1,35,51,35051,6,2015,"5N1AT2MT2FC8","5","N","1","A","T","2","M","T","2","F","C","8",0,0,0,"000000000","00000000000",0,0,0,1,0,0,0,0,0,0,0,998,0,0,0,12,6,2,12,0,0,0,1,48,79416,6,1,0,0,3,0,999,999,0,0,0,0,1,3,2012,3,2012,0,0,0,0,0,3,2,65,1,1,8,1,0,0,1,54,99,1,1,52,"777777777777","777777777777","777777777777",1,0
48,482868,1,2,1,23,4,17,20,25,0,1,0,48,2,49,43,49043,4,2008,"4T1BK36BX8U2","4","T","1","B","K","3","6","B","X","8","U","2",0,0,0,"000000000","00000000000",0,0,0,1,0,0,0,0,0,0,0,998,0,1,3,98,6,2,1,0,0,0,1,48,75052,3,1,0,0,2,0,67,186,0,0,0,0,0,0,0,0,0,5,0,0,0,0,3,5,65,1,1,8,1,0,0,1,12,99,1,4,6,"777777777777","777777777777","777777777777",1,0
48,482868,2,2,2,23,4,17,20,25,0,1,0,48,2,59,31,59031,4,2013,"JTHBW1GG4D20","J","T","H","B","W","1","G","G","4","D","2","0",0,0,0,"000000000","00000000000",0,0,0,1,0,0,0,0,0,0,0,998,0,0,0,6,2,5,12,0,0,0,1,48,76207,6,1,0,0,3,0,999,999,0,0,0,0,0,0,0,0,0,0,0,0,0,0,3,5,65,1,1,8,1,0,0,1,53,1,1,1,98,"777777777777","777777777777","777777777777",0,0
48,482869,1,3,1,12,6,3,27,12,2,1,0,48,2,20,481,20481,31,2010,"1GCSKPE30AZ1","1","G","C","S","K","P","E","3","0","A","Z","1",0,0,0,"000000000","00000000000",0,0,0,1,0,0,0,0,0,0,0,998,0,0,0,12,6,2,12,0,0,0,1,48,76126,0,0,0,0,0,0,999,999,0,0,0,0,0,0,0,0,0,0,91,51,0,0,3,4,70,1,1,8,1,0,0,1,54,99,1,1,52,"777777777777","777777777777","777777777777",0,1
48,482869,2,3,1,12,6,3,27,12,2,1,0,48,1,20,2,20002,4,2004,"2G1WF52EX493","2","G","1","W","F","5","2","E","X","4","9","3",0,0,0,"000000000","00000000000",0,0,0,1,0,0,0,0,0,0,0,998,0,0,0,12,6,2,12,0,0,0,1,48,75249,6,1,0,0,3,0,62,176,0,0,0,0,0,0,0,0,0,0,0,0,0,0,3,4,70,1,1,8,1,0,0,1,54,99,1,1,52,"777777777777","777777777777","777777777777",1,0
48,482869,3,3,2,12,6,3,27,12,2,1,0,5,2,20,25,20025,4,2011,"1G1PH5S99B71","1","G","1","P","H","5","S","9","9","B","7","1",0,0,0,"000000000","00000000000",0,0,0,1,0,0,0,0,0,0,0,998,0,0,0,12,2,3,54,0,0,0,1,48,76012,2,1,0,0,2,3,999,999,0,0,0,0,1,7,2015,7,2015,0,89,0,0,0,3,4,70,1,1,8,1,0,0,1,98,99,1,1,98,"777777777777","777777777777","777777777777",0,0
48,482870,1,1,2,12,6,3,56,1,0,1,0,48,0,63,33,63033,4,2005,"KNAFE1217551","K","N","A","F","E","1","2","1","7","5","5","1",0,0,0,"000000000","00000000000",0,0,0,1,0,0,0,0,0,0,0,998,0,2,3,0,6,2,1,0,0,0,1,48,75236,0,0,0,0,0,0,68,227,0,0,0,0,0,0,0,0,0,0,28,0,0,0,3,4,60,1,2,8,1,0,0,1,13,99,1,4,1,"777777777777","777777777777","777777777777",1,1
48,482871,1,2,1,19,10,16,46,12,6,1,0,48,2,53,706,53706,80,1997,"JS1GT73A9V21","J","S","1","G","T","7","3","A","9","V","2","1",0,0,0,"000000000","00000000000",0,0,0,1,0,0,0,0,0,0,0,998,0,0,0,12,8,2,12,0,0,0,1,48,76058,1,1,0,0,2,0,999,999,0,0,0,1,1,3,2015,3,2015,3,0,0,0,0,2,2,40,1,2,8,1,0,0,1,17,99,9,1,69,"777777777777","777777777777","777777777777",1,0
48,482871,2,2,2,19,10,16,46,12,6,1,0,48,3,84,988,84988,50,2016,"4DRBUC8N5GB2","4","D","R","B","U","C","8","N","5","G","B","2",0,0,57,"2356208","572356208",3,21,22,1,0,0,0,0,1,2,0,998,0,0,0,83,2,5,12,0,0,0,1,48,76028,6,1,6,1,3,0,999,999,0,0,0,0,0,0,0,0,0,0,0,0,0,0,2,3,40,1,2,8,1,0,0,11,15,99,1,1,68,"777777777777","777777777777","777777777777",0,0
48,482872,1,1,99,27,10,22,0,8,0,1,1,99,9,99,999,99999,49,9999,"999999999999","9","9","9","9","9","9","9","9","9","9","9","9",0,0,0,"000000000","00000000000",0,0,0,1,0,0,0,0,0,0,0,998,0,0,0,99,9,5,8,0,0,0,1,99,99999,9,9,99,9,9,9,999,999,99,99,99,99,99,99,9999,99,9999,9,99,99,99,99,2,2,70,1,3,8,1,0,0,1,80,99,1,1,13,"777777777777","777777777777","777777777777",0,0
48,482873,1,2,1,5,2,6,20,8,0,1,0,48,2,54,35,54035,4,2005,"19UUA66265A0","1","9","U","U","A","6","6","2","6","5","A","0",0,0,0,"000000000","00000000000",0,0,0,1,0,0,0,0,0,0,0,998,0,0,0,9,4,5,8,0,0,0,1,96,76106,9,9,99,9,9,9,999,999,99,99,99,99,99,99,9999,99,9999,0,0,0,0,0,1,2,30,1,3,8,1,0,0,1,80,99,1,1,13,"777777777777","777777777777","777777777777",0,0
48,482873,2,2,1,5,2,6,20,8,0,1,0,48,2,12,4,12004,2,1996,"1FALP62W6TH1","1","F","A","L","P","6","2","W","6","T","H","1",0,0,0,"000000000","00000000000",0,0,0,1,0,0,0,0,0,0,0,998,0,0,0,12,2,5,8,0,0,0,1,48,76116,1,1,0,0,2,0,999,999,0,1,0,0,0,10,2015,10,2015,0,0,0,0,0,1,2,30,1,3,8,1,0,0,1,80,99,9,1,98,"777777777777","777777777777","777777777777",0,0
48,482874,1,4,1,18,8,6,20,12,1,1,0,48,1,23,401,23401,14,2005,"1GKES16S5561","1","G","K","E","S","1","6","S","5","5","6","1",0,0,0,"000000000","00000000000",0,0,0,1,0,0,0,0,0,0,0,0,0,0,0,6,6,2,12,0,0,0,1,48,75043,6,1,0,0,3,3,999,999,0,3,0,1,1,2,2012,11,2014,0,54,0,0,0,3,4,70,1,1,8,1,0,0,5,53,1,1,1,21,"777777777777","777777777777","777777777777",1,0
48,482874,2,4,1,18,8,6,20,12,1,1,0,48,1,12,481,12481,31,2010,"1FTEW1C8XAFD","1","F","T","E","W","1","C","8","X","A","F","D",0,0,0,"000000000","00000000000",0,0,0,1,0,0,0,0,0,0,0,79,0,0,0,12,6,2,12,0,0,0,1,35,75044,6,1,0,0,3,0,63,180,98,0,0,0,1,9,2014,9,2014,3,0,0,0,0,3,4,70,1,1,8,1,0,0,1,50,1,1,1,20,"777777777777","777777777777","777777777777",0,0
48,482874,3,4,1,18,8,6,20,12,1,1,0,48,0,7,482,7482,31,1997,"1B7HC16Z5VS1","1","B","7","H","C","1","6","Z","5","V","S","1",0,0,0,"000000000","00000000000",0,0,0,1,0,0,0,0,0,0,0,998,0,0,0,12,2,3,12,0,0,0,1,48,75149,6,1,0,0,3,3,999,999,0,0,0,0,0,0,0,0,0,0,0,0,0,0,3,4,70,1,1,8,1,0,0,1,50,6,9,4,98,"777777777777","777777777777","777777777777",0,0
48,482874,4,4,1,18,8,6,20,12,1,1,0,48,1,49,32,49032,4,2015,"5YFBURHE8FP2","5","Y","F","B","U","R","H","E","8","F","P","2",0,0,0,"000000000","00000000000",0,0,0,1,0,0,0,0,0,0,0,998,0,0,0,9,2,5,54,0,0,0,1,48,75252,6,1,0,0,3,3,999,999,0,0,0,0,0,0,0,0,0,0,0,0,0,0,3,4,70,1,1,8,1,0,0,1,98,99,1,1,98,"777777777777","777777777777","777777777777",0,0
48,482875,1,2,1,14,10,23,45,12,6,1,0,48,2,37,31,37031,2,2006,"2HGFG11846H5","2","H","G","F","G","1","1","8","4","6","H","5",0,0,0,"000000000","00000000000",0,0,0,1,0,0,0,0,0,0,0,998,0,0,0,12,6,2,12,0,0,0,1,48,76513,6,1,0,0,3,0,999,999,0,0,0,1,0,1,2013,1,2013,0,37,0,0,0,1,4,45,1,1,8,1,0,0,1,16,99,9,2,84,"777777777777","777777777777","777777777777",1,1
48,482875,2,2,2,14,10,23,45,12,6,1,0,48,1,6,51,6051,4,2007,"2C3KA53G67H8","2","C","3","K","A","5","3","G","6","7","H","8",0,0,0,"000000000","00000000000",0,0,0,1,0,0,0,0,0,0,0,0,0,0,0,61,6,2,12,0,0,0,1,48,76548,6,1,0,0,3,0,999,999,0,0,0,1,1,4,2016,5,2016,0,0,0,0,0,1,2,99,1,1,8,1,20,3,5,67,1,1,1,84,"777777777777","777777777777","777777777777",1,0
48,482876,1,2,2,14,10,6,5,12,2,1,0,48,2,2,422,2422,15,2014,"1C4RJFJT9EC5","1","C","4","R","J","F","J","T","9","E","C","5",0,0,0,"000000000","00000000000",0,0,0,1,0,0,0,0,0,0,0,998,0,0,0,12,6,2,12,0,0,0,1,48,75459,6,1,0,0,3,3,999,999,2,0,0,0,0,6,2014,7,2014,0,51,0,0,0,1,2,75,1,1,8,1,0,0,1,10,99,1,2,50,"777777777777","777777777777","777777777777",1,0
48,482876,2,2,1,14,10,6,5,12,2,1,0,48,1,20,431,20431,16,2002,"3GNFK16Z52G3","3","G","N","F","K","1","6","Z","5","2","G","3",0,0,0,"000000000","00000000000",0,0,0,1,0,0,0,0,0,0,0,998,0,1,5,12,6,2,12,0,0,0,1,48,75009,6,1,0,0,3,0,999,999,0,0,0,0,0,0,0,0,0,0,0,0,0,0,1,2,75,1,1,8,1,0,0,1,62,99,1,1,51,"777777777777","777777777777","777777777777",1,0
48,482877,1,2,1,15,10,20,10,12,7,1,0,48,1,20,461,20461,21,1996,"1GBFG15M0T10","1","G","B","F","G","1","5","M","0","T","1","0",0,0,0,"000000000","00000000000",0,0,0,1,0,0,0,0,0,0,0,998,0,0,0,82,2,3,12,0,0,0,1,48,77089,6,1,0,0,3,0,999,999,2,0,0,2,0,9,2012,2,2016,0,0,0,0,0,3,4,60,1,2,1,1,0,0,1,64,99,1,1,45,"777777777777","777777777777","777777777777",0,0
48,482877,2,2,1,15,10,20,10,12,7,1,0,48,2,14,6,14006,4,2003,"2MEFM75W63X6","2","M","E","F","M","7","5","W","6","3","X","6",0,0,0,"000000000","00000000000",0,0,0,1,0,0,0,0,0,0,0,998,0,0,0,63,6,2,8,0,0,0,1,48,77471,6,1,0,0,3,0,999,999,0,0,0,0,0,0,0,0,0,0,27,91,0,0,3,4,60,1,2,1,1,0,0,16,10,99,1,7,47,"777777777777","777777777777","777777777777",0,1
48,482878,1,1,3,17,10,3,5,1,0,1,0,48,2,20,481,20481,31,2000,"2GCEC19V0Y12","2","G","C","E","C","1","9","V","0","Y","1","2",0,0,0,"000000000","00000000000",0,0,0,1,0,0,0,0,0,0,0,83,0,1,5,0,6,2,1,0,0,0,1,48,78332,6,1,0,0,3,3,999,999,3,1,0,3,2,1,2012,7,2015,3,58,91,0,0,1,2,70,3,2,8,1,0,0,14,13,6,4,4,7,"777777777777","777777777777","777777777777",1,1
48,482879,1,1,2,18,10,20,50,5,0,1,0,48,1,72,706,72706,80,2002,"999999999999","9","9","9","9","9","9","9","9","9","9","9","9",0,0,0,"000000000","00000000000",0,0,0,1,0,0,0,0,0,0,0,998,0,0,0,0,8,2,5,0,0,0,1,48,99999,6,1,0,0,3,0,999,999,0,0,0,0,0,0,0,0,0,0,0,0,0,0,1,2,65,1,1,8,1,0,0,1,89,99,9,9,0,"777777777777","777777777777","777777777777",1,0
48,482880,1,2,1,24,10,18,57,12,1,1,0,48,3,82,881,82881,66,2007,"1FUBA5CG67LX","1","F","U","B","A","5","C","G","6","7","L","X",1,1,57,"2898881","572898881",3,6,1,1,0,0,0,0,0,0,0,40,0,0,0,6,6,2,12,0,0,0,1,48,77088,6,1,6,0,3,0,999,999,0,0,0,3,6,12,2011,7,2016,0,0,0,0,0,3,3,65,3,2,8,1,0,0,14,53,99,1,1,25,"1GRAA06217B7","777777777777","777777777777",0,0
48,482880,2,2,1,24,10,18,57,12,1,1,0,48,1,35,401,35401,14,2015,"5N1AR2MN6FC6","5","N","1","A","R","2","M","N","6","F","C","6",0,0,0,"000000000","00000000000",0,0,0,1,0,0,0,0,0,0,0,998,0,0,0,12,6,2,12,0,0,0,1,48,77073,6,1,0,0,3,3,999,999,0,0,0,0,0,0,0,0,0,5,0,0,0,0,3,3,65,3,2,8,1,0,0,14,51,1,1,1,24,"777777777777","777777777777","777777777777",1,0
48,482881,1,3,2,26,10,8,34,12,1,1,0,48,2,37,441,37441,20,2007,"5FNRL38497B0","5","F","N","R","L","3","8","4","9","7","B","0",0,0,0,"000000000","00000000000",0,0,0,1,0,0,0,0,0,0,0,998,0,1,1,12,6,2,12,0,0,0,1,48,78368,6,1,0,0,3,3,999,999,0,0,0,0,0,0,0,0,0,0,0,0,0,0,3,3,65,2,2,8,1,0,0,14,11,99,9,4,32,"777777777777","777777777777","777777777777",1,0
48,482881,2,3,2,26,10,8,34,12,1,1,0,48,3,12,881,12881,61,2001,"1FDXF46F01EA","1","F","D","X","F","4","6","F","0","1","E","A",0,0,99,"999999999","99999999999",2,1,98,1,0,0,0,0,0,0,0,998,0,0,0,6,6,2,12,0,0,0,1,48,77012,6,1,0,0,3,0,999,999,0,0,0,1,1,4,2014,9,2014,0,0,0,0,0,3,3,65,2,2,8,1,0,0,14,61,99,1,5,32,"777777777777","777777777777","777777777777",0,0
48,482881,3,3,1,26,10,8,34,12,1,1,0,48,3,12,881,12881,61,2012,"1FD0W5GT0CEC","1","F","D","0","W","5","G","T","0","C","E","C",1,1,99,"999999999","99999999999",2,4,98,1,0,0,0,0,0,0,0,998,0,0,0,6,2,3,12,0,0,0,1,48,77017,6,1,0,0,3,0,999,999,0,0,0,0,1,8,2012,8,2012,0,0,0,0,0,3,3,65,2,2,8,1,0,0,14,53,99,1,1,98,"999999999999","777777777777","777777777777",0,0
48,482882,1,2,1,27,10,16,20,12,6,1,0,48,2,87,884,87884,78,2006,"1NPALU9X96D8","1","N","P","A","L","U","9","X","9","6","D","8",0,0,48,"5716417C","485716417C",3,19,98,1,0,0,0,0,0,0,0,998,0,1,3,9,6,2,12,0,0,1,1,48,78580,6,1,6,0,3,0,999,999,0,1,0,3,1,5,2012,6,2016,0,38,0,0,0,0,0,0,0,0,0,0,0,0,1,98,99,1,7,98,"777777777777","777777777777","777777777777",1,0
48,482882,2,2,1,27,10,16,20,12,6,1,0,93,1,82,881,82881,66,2010,"1FUJGHDV6ALA","1","F","U","J","G","H","D","V","6","A","L","A",1,1,57,"2833726","572833726",3,6,4,1,0,0,0,0,0,0,0,998,0,0,0,12,6,2,12,0,0,1,1,48,79414,6,1,6,0,3,3,999,999,0,0,0,1,0,3,2012,3,2012,0,0,0,0,0,2,2,75,3,1,8,1,0,0,14,64,6,1,2,98,"1C91140232S7","777777777777","777777777777",0,0
48,482883,1,2,1,28,10,12,53,12,6,1,0,48,1,49,482,49482,31,2007,"5TFRV54117X0","5","T","F","R","V","5","4","1","1","7","X","0",1,1,0,"000000000","00000000000",0,0,0,1,0,0,0,0,0,0,0,998,0,0,0,12,6,2,12,0,0,0,1,48,79414,6,1,6,0,3,0,999,999,0,0,0,0,0,0,0,0,0,0,35,0,0,0,1,2,40,1,1,8,1,0,0,17,71,99,1,1,88,"999999999999","777777777777","777777777777",0,0
48,482883,2,2,1,28,10,12,53,12,6,1,0,48,1,7,442,7442,20,1997,"1B4GP44R7VB4","1","B","4","G","P","4","4","R","7","V","B","4",0,0,0,"000000000","00000000000",0,0,0,1,0,0,0,0,0,0,0,998,0,0,0,9,6,2,12,0,0,0,1,48,79343,6,1,0,0,3,3,999,999,0,0,0,0,0,0,0,0,0,0,0,0,0,0,0,0,0,0,0,0,0,0,0,4,17,99,1,1,89,"777777777777","777777777777","777777777777",1,0
48,482884,1,1,99,28,10,21,40,8,0,1,1,48,2,49,40,49040,4,2011,"4T1BF3EK1BU5","4","T","1","B","F","3","E","K","1","B","U","5",0,0,0,"000000000","00000000000",0,0,0,1,0,0,0,0,0,0,0,998,0,0,0,14,8,5,8,0,0,0,1,48,77093,6,1,0,0,3,3,999,999,0,0,0,0,0,0,0,0,0,0,0,0,0,0,1,2,30,1,1,2,1,0,0,1,80,99,1,1,13,"777777777777","777777777777","777777777777",0,0