"STATE","ST_CASE","VEH_NO","VE_FORMS","NUMOCCS","DAY","MONTH","HOUR","MINUTE","HARM_EV","MAN_COLL","UNITTYPE","HIT_RUN","REG_STAT","OWNER","MAKE","MODEL","MAK_MOD","BODY_TYP","MOD_YEAR","VIN","VIN_1","VIN_2","VIN_3","VIN_4","VIN_5","VIN_6","VIN_7","VIN_8","VIN_9","VIN_10","VIN_11","VIN_12","TOW_VEH","J_KNIFE","MCARR_I1","MCARR_I2","MCARR_ID","GVWR","V_CONFIG","CARGO_BT","HAZ_INV","HAZ_PLAC","HAZ_ID","HAZ_CNO","HAZ_REL","BUS_USE","SPEC_USE","EMER_USE","TRAV_SP","UNDERIDE","ROLLOVER","ROLINLOC","IMPACT1","DEFORMED","TOWED","M_HARM","VEH_SC1","VEH_SC2","FIRE_EXP","DR_PRES","L_STATE","DR_ZIP","L_STATUS","L_TYPE","CDL_STAT","L_ENDORS","L_COMPL","L_RESTRI","DR_HGT","DR_WGT","PREV_ACC","PREV_SUS","PREV_DWI","PREV_SPD","PREV_OTH","FIRST_MO","FIRST_YR","LAST_MO","LAST_YR","SPEEDREL","DR_SF1","DR_SF2","DR_SF3","DR_SF4","VTRAFWAY","VNUM_LAN","VSPD_LIM","VALIGN","VPROFILE","VPAVETYP","VSURCOND","VTRAFCON","VTCONT_F","P_CRASH1","P_CRASH2","P_CRASH3","PCRASH4","PCRASH5","ACC_TYPE","TRLR1VIN","TRLR2VIN","TRLR3VIN","DEATHS","DR_DRINK"
48,482885,1,2,1,29,10,3,0,43,0,1,0,93,3,87,884,87884,66,2016,"1XPBDP9X2GD3","1","X","P","B","D","P","9","X","2","G","D","3",1,1,57,"214438","57214438",3,6,1,1,0,0,0,0,0,0,0,998,0,0,0,12,2,5,12,0,0,0,1,48,77086,6,1,6,0,3,0,999,999,0,0,0,0,1,5,2012,5,2012,0,0,0,0,0,3,2,55,3,1,8,1,0,0,14,61,99,1,1,98,"1GRAA0627BT5","777777777777","777777777777",0,0
48,482885,2,2,1,29,10,3,0,43,0,1,0,48,0,37,706,37706,80,2006,"JH2SC57036M2","J","H","2","S","C","5","7","0","3","6","M","2",0,0,0,"000000000","00000000000",0,0,0,1,0,0,0,0,0,0,0,998,0,0,0,98,8,2,43,0,0,0,1,48,77498,6,1,0,0,2,3,66,164,1,3,0,1,1,6,2012,11,2014,4,0,0,0,0,3,2,55,3,1,8,1,0,0,6,13,99,9,4,1,"777777777777","777777777777","777777777777",1,0
48,482886,1,1,1,29,10,23,45,8,0,1,0,48,1,20,37,20037,4,1999,"1G1NE52M3X62","1","G","1","N","E","5","2","M","3","X","6","2",0,0,0,"000000000","00000000000",0,0,0,1,0,0,0,0,0,0,0,998,0,0,0,12,2,3,8,0,0,0,1,48,77035,6,1,0,0,3,0,999,999,0,1,0,0,1,11,2013,2,2014,0,0,0,0,0,3,3,35,1,1,1,1,0,0,1,80,99,1,1,13,"777777777777","777777777777","777777777777",0,0
48,482887,1,1,2,29,10,17,59,38,0,1,0,48,1,54,35,54035,4,2000,"19UUA5669YA0","1","9","U","U","A","5","6","6","9","Y","A","0",0,0,0,"000000000","00000000000",0,0,0,1,0,0,0,0,0,0,0,998,0,1,6,12,6,2,1,0,0,0,1,48,78541,1,1,0,0,2,0,999,999,0,1,0,0,0,10,2016,10,2016,0,58,0,0,0,2,2,75,1,1,8,1,0,0,1,12,7,9,4,1,"777777777777","777777777777","777777777777",1,0
48,482888,1,2,3,29,10,22,5,12,2,1,0,48,4,49,40,49040,4,2016,"4T1BF1FK4GU5","4","T","1","B","F","1","F","K","4","G","U","5",0,0,0,"000000000","00000000000",0,0,0,1,0,0,0,0,0,0,0,998,0,0,0,12,6,2,12,0,0,0,1,48,78221,6,1,0,0,3,3,999,999,0,0,0,0,0,0,0,0,0,0,51,0,0,0,1,2,75,1,1,8,1,0,0,1,10,99,1,2,50,"777777777777","777777777777","777777777777",3,0
48,482888,2,2,2,29,10,22,5,12,2,1,0,48,2,35,47,35047,4,2013,"1N4AL3AP1DC1","1","N","4","A","L","3","A","P","1","D","C","1",0,0,0,"000000000","00000000000",0,0,0,1,0,0,0,0,0,0,0,998,0,0,0,12,6,2,12,0,0,0,1,48,78223,6,1,0,0,3,0,999,999,0,0,0,0,0,0,0,0,0,0,0,0,0,0,1,2,75,1,1,8,1,0,0,1,62,99,1,1,51,"777777777777","777777777777","777777777777",2,0
48,482889,1,1,1,30,10,12,36,33,0,1,0,48,1,72,706,72706,80,2002,"1HD4CAM192K1","1","H","D","4","C","A","M","1","9","2","K","1",0,0,0,"000000000","00000000000",0,0,0,1,0,0,0,0,0,0,0,998,0,0,0,12,6,2,33,0,0,0,1,48,78221,6,1,0,0,2,0,999,999,0,0,0,0,0,0,0,0,0,0,0,0,0,0,1,2,30,1,3,8,1,0,0,1,12,99,9,4,6,"777777777777","777777777777","777777777777",1,0
48,482890,1,1,2,30,10,2,23,8,0,1,0,48,2,20,401,20401,14,2002,"1GNDS13SX223","1","G","N","D","S","1","3","S","X","2","2","3",0,0,0,"000000000","00000000000",0,0,0,1,0,0,0,0,0,0,0,998,0,0,0,12,2,3,8,0,0,0,1,48,75063,6,1,0,0,3,3,999,999,0,0,0,0,0,0,0,0,0,0,0,0,0,0,1,2,60,1,2,8,1,0,0,1,80,99,1,1,13,"777777777777","777777777777","777777777777",0,1
48,482891,1,2,1,31,10,9,20,12,6,1,0,48,1,24,2,24002,2,1997,"1G8ZH1279VZ3","1","G","8","Z","H","1","2","7","9","V","Z","3",0,0,0,"000000000","00000000000",0,0,0,1,0,0,0,0,0,0,0,998,0,0,0,9,6,2,12,0,0,0,1,48,77363,6,1,0,0,3,3,999,999,0,0,0,0,0,0,0,0,0,0,38,0,0,0,1,2,98,8,8,8,98,20,3,1,17,1,1,1,89,"777777777777","777777777777","777777777777",1,0
48,482891,2,2,1,31,10,9,20,12,6,1,0,48,1,12,880,12880,67,2016,"1FT8W3BT2GEA","1","F","T","8","W","3","B","T","2","G","E","A",0,0,88,"888888888","88888888888",2,1,96,1,0,0,0,0,0,0,0,998,0,0,0,12,2,3,12,0,0,0,1,48,77840,6,1,0,0,3,0,999,999,0,0,0,0,0,0,0,0,0,0,0,0,0,0,2,2,75,1,3,8,1,0,0,1,66,99,1,1,88,"777777777777","777777777777","777777777777",0,0
48,482892,1,1,1,2,11,2,43,32,0,1,0,10,0,22,18,22018,4,1999,"1G2NE52T6XM8","1","G","2","N","E","5","2","T","6","X","M","8",0,0,0,"000000000","00000000000",0,0,0,1,0,0,0,0,0,0,0,998,0,1,5,12,6,2,1,0,0,0,1,48,78748,1,1,0,0,2,0,999,999,0,1,0,1,0,11,2011,11,2011,4,87,0,0,0,4,2,55,1,3,8,2,0,0,1,6,99,1,4,1,"777777777777","777777777777","777777777777",1,0
48,482893,1,2,2,3,11,7,36,12,1,1,0,48,2,2,403,2403,14,2001,"1J4FA49S51P3","1","J","4","F","A","4","9","S","5","1","P","3",0,0,0,"000000000","00000000000",0,0,0,1,0,0,0,0,0,0,0,998,0,0,0,12,2,3,8,0,0,0,1,48,78133,1,1,0,0,2,0,999,999,0,2,0,0,0,7,2013,6,2016,4,0,0,0,0,1,2,45,1,1,8,2,0,0,1,52,99,1,1,28,"777777777777","777777777777","777777777777",0,0
48,482893,2,2,1,3,11,7,36,12,1,1,0,48,1,12,481,12481,31,2000,"1FTZF0726YKA","1","F","T","Z","F","0","7","2","6","Y","K","A",0,0,0,"000000000","00000000000",0,0,0,1,0,0,0,0,0,0,0,998,0,0,0,6,2,5,12,0,0,0,1,48,78133,6,1,0,0,3,0,999,999,0,0,0,0,0,0,0,0,0,0,0,0,0,0,1,2,45,1,1,8,2,0,0,2,53,99,1,1,29,"777777777777","777777777777","777777777777",0,0
48,482894,1,1,1,3,11,4,26,14,0,1,0,48,1,12,471,12471,30,2006,"1FTYR14D76PA","1","F","T","Y","R","1","4","D","7","6","P","A",0,0,0,"000000000","00000000000",0,0,0,1,0,0,0,0,0,0,0,998,0,0,0,63,6,2,8,0,0,0,1,48,75080,6,1,0,0,3,0,999,999,0,0,0,1,0,8,2012,8,2012,4,91,87,0,0,3,4,70,1,1,8,6,0,0,1,6,99,2,4,11,"777777777777","777777777777","777777777777",0,0
48,482895,1,1,2,3,11,15,10,1,0,1,0,48,1,72,706,72706,80,2016,"1HD1KEL16GB6","1","H","D","1","K","E","L","1","6","G","B","6",0,0,0,"000000000","00000000000",0,0,0,1,0,0,0,0,0,0,0,998,0,0,0,0,2,3,1,0,0,0,1,48,79407,6,1,0,0,3,0,999,999,0,0,0,0,0,0,0,0,0,4,87,58,0,0,2,2,80,1,1,8,6,0,0,1,6,98,2,1,98,"777777777777","777777777777","777777777777",1,0
48,482896,1,1,1,4,11,12,25,30,0,1,0,48,2,12,3,12003,1,2004,"1FAFP44674F1","1","F","A","F","P","4","4","6","7","4","F","1",0,0,0,"000000000","00000000000",0,0,0,1,0,0,0,0,0,0,0,998,0,1,6,12,6,2,1,0,0,0,1,48,76890,6,1,0,0,3,0,999,999,0,0,0,0,0,0,0,0,0,3,58,0,0,0,2,2,75,1,2,8,1,0,0,1,52,7,2,4,3,"777777777777","777777777777","777777777777",1,0
48,482897,1,1,1,4,11,17,15,1,0,1,0,48,1,72,706,72706,80,2006,"1HD4CJM106K4","1","H","D","4","C","J","M","1","0","6","K","4",0,0,0,"000000000","00000000000",0,0,0,1,0,0,0,0,0,0,0,998,0,0,0,0,8,2,1,0,0,0,1,48,75550,6,1,0,0,2,0,999,999,0,0,0,1,1,7,2015,7,2015,4,89,0,0,0,1,2,30,2,1,8,1,0,0,14,12,99,1,4,6,"777777777777","777777777777","777777777777",1,0
48,482898,1,2,2,5,11,1,46,12,2,1,0,48,2,7,24,7024,4,2006,"2B3KA53H26H2","2","B","3","K","A","5","3","H","2","6","H","2",0,0,0,"000000000","00000000000",0,0,0,1,0,0,0,0,0,0,0,998,0,0,0,12,6,2,12,0,0,0,1,48,75104,0,0,0,0,0,0,999,999,0,4,0,0,3,11,2013,8,2016,0,0,0,0,0,3,3,65,1,2,8,2,0,0,1,54,99,1,1,52,"777777777777","777777777777","777777777777",1,1
48,482898,2,2,1,5,11,1,46,12,2,1,0,48,2,12,481,12481,31,1997,"1FTDX17W8VKC","1","F","T","D","X","1","7","W","8","V","K","C",0,0,0,"000000000","00000000000",0,0,0,1,0,0,0,0,0,0,0,998,0,0,0,12,6,2,12,0,0,0,1,48,75212,6,1,6,0,3,0,999,999,0,0,0,0,0,0,0,0,0,0,91,51,0,0,3,3,65,1,2,8,2,0,0,1,54,99,1,1,52,"777777777777","777777777777","777777777777",0,1
48,482899,1,2,2,5,11,22,17,12,6,1,0,48,1,34,34,34034,4,2000,"WBAAM5348YFR","W","B","A","A","M","5","3","4","8","Y","F","R",0,0,0,"000000000","00000000000",0,0,0,1,0,0,0,0,0,0,0,998,0,0,0,9,6,2,12,0,0,0,1,48,79360,6,1,0,0,3,0,999,999,0,1,0,1,0,2,2014,11,2015,0,38,0,0,0,0,0,0,0,0,0,0,0,0,1,17,99,1,1,89,"777777777777","777777777777","777777777777",1,1
48,482899,2,2,1,5,11,22,17,12,6,1,0,48,1,49,472,49472,30,2006,"5TEJU62N66Z3","5","T","E","J","U","6","2","N","6","6","Z","3",0,0,0,"000000000","00000000000",0,0,0,1,0,0,0,0,0,0,0,998,0,0,0,12,6,2,12,0,0,0,1,48,79360,6,1,0,0,3,0,999,999,0,0,0,0,1,6,2013,6,2013,0,0,0,0,0,1,2,75,1,1,8,2,0,0,1,71,99,1,1,88,"777777777777","777777777777","777777777777",0,0
48,482900,1,2,3,5,11,23,40,12,6,1,0,48,1,58,421,58421,15,2010,"5N3ZA0ND2AN9","5","N","3","Z","A","0","N","D","2","A","N","9",0,0,0,"000000000","00000000000",0,0,0,1,0,0,0,0,0,0,0,998,0,0,0,12,6,2,12,0,0,0,1,48,77047,6,1,0,0,3,0,999,999,0,4,0,0,0,6,2012,10,2012,3,91,0,0,0,3,2,35,1,1,1,1,0,0,1,66,99,1,1,86,"777777777777","777777777777","777777777777",0,1
48,482900,2,2,1,5,11,23,40,12,6,1,0,48,1,49,40,49040,4,2006,"4T1BE30K26U7","4","T","1","B","E","3","0","K","2","6","U","7",0,0,0,"000000000","00000000000",0,0,0,1,0,0,0,0,0,0,0,998,0,0,0,81,6,2,12,0,0,0,1,48,77078,6,1,0,0,3,0,71,254,0,0,0,0,0,0,0,0,0,0,38,0,0,0,1,2,98,8,8,8,98,20,3,1,17,99,1,1,87,"777777777777","777777777777","777777777777",1,0
48,482901,1,3,2,5,11,14,48,12,6,1,0,48,2,37,402,37402,14,2003,"JHLRD68443C0","J","H","L","R","D","6","8","4","4","3","C","0",0,0,0,"000000000","00000000000",0,0,0,1,0,0,0,0,0,0,0,998,0,1,1,3,6,2,12,0,0,0,1,48,75453,0,0,0,0,0,0,999,999,0,0,0,0,0,0,0,0,0,0,39,0,0,0,1,5,60,1,1,8,1,3,3,1,17,1,1,1,87,"777777777777","777777777777","777777777777",1,0
48,482901,2,3,3,5,11,14,48,12,6,1,0,48,1,23,481,23481,31,2008,"1GTEC19068Z1","1","G","T","E","C","1","9","0","6","8","Z","1",0,0,0,"000000000","00000000000",0,0,0,1,0,0,0,0,0,0,0,998,0,0,0,12,6,2,12,0,0,0,1,48,75401,6,1,0,0,3,0,999,999,1,0,0,0,0,12,2011,12,2011,0,0,0,0,0,1,3,98,1,8,8,98,3,3,1,66,99,1,1,86,"777777777777","777777777777","777777777777",0,0
48,482901,3,3,1,5,11,14,48,12,6,1,0,48,1,55,421,55421,15,2009,"KM8NU13C69U0","K","M","8","N","U","1","3","C","6","9","U","0",0,0,0,"000000000","00000000000",0,0,0,1,0,0,0,0,0,0,0,998,0,0,0,12,6,2,12,0,0,0,1,48,75401,0,0,0,0,0,0,999,999,0,0,0,0,0,0,0,0,0,0,0,0,0,0,1,5,60,1,1,8,1,3,3,1,62,99,1,1,98,"777777777777","777777777777","777777777777",0,0
48,482902,1,1,3,5,11,19,56,8,0,1,0,48,0,24,7,24007,4,2007,"1G8AL55F07Z1","1","G","8","A","L","5","5","F","0","7","Z","1",0,0,0,"000000000","00000000000",0,0,0,1,0,0,0,0,0,0,0,998,0,0,0,12,6,2,8,0,0,0,1,48,78416,6,1,0,0,3,0,999,999,0,0,0,0,0,0,0,0,0,0,0,0,0,0,1,5,98,1,1,8,1,0,0,1,80,99,1,1,13,"777777777777","777777777777","777777777777",0,0
48,482903,1,3,1,6,11,14,5,12,2,1,0,48,1,55,35,55035,4,2010,"KMHDU4AD1AU0","K","M","H","D","U","4","A","D","1","A","U","0",0,0,0,"000000000","00000000000",0,0,0,1,0,0,0,0,0,0,0,998,0,0,0,12,6,2,12,0,0,0,1,48,77004,6,1,0,0,3,3,999,999,0,0,0,0,0,0,0,0,0,0,33,58,0,0,1,2,60,3,1,8,1,0,0,6,54,6,2,7,52,"777777777777","777777777777","777777777777",1,0
48,482903,2,3,1,6,11,14,5,12,2,1,0,48,1,37,31,37031,4,2016,"19XFC2F59GE0","1","9","X","F","C","2","F","5","9","G","E","0",0,0,0,"000000000","00000000000",0,0,0,1,0,0,0,0,0,0,0,998,0,0,0,12,6,2,12,0,0,0,1,48,77445,6,1,0,0,3,0,999,999,0,0,0,1,0,8,2016,8,2016,0,0,0,0,0,1,2,60,2,1,8,1,0,0,1,64,99,1,1,52,"777777777777","777777777777","777777777777",0,0
48,482903,3,3,1,6,11,14,5,12,2,1,0,48,2,7,442,7442,20,2016,"2C4RDGCG7GR1","2","C","4","R","D","G","C","G","7","G","R","1",0,0,0,"000000000","00000000000",0,0,0,1,0,0,0,0,0,0,0,998,0,0,0,12,6,2,12,32,0,0,1,48,77418,6,1,0,0,3,0,999,999,0,0,0,0,0,0,0,0,0,0,0,0,0,0,1,2,60,3,1,8,1,0,0,1,50,99,1,1,98,"777777777777","777777777777","777777777777",0,0
48,482904,1,2,1,6,11,7,34,12,6,1,0,48,1,12,461,12461,21,1998,"1FTPE2429WHB","1","F","T","P","E","2","4","2","9","W","H","B",0,0,0,"000000000","00000000000",0,0,0,1,0,0,0,0,0,0,0,998,0,0,0,12,6,2,12,0,0,0,1,48,77060,3,1,0,0,2,0,999,999,0,0,0,0,0,0,0,0,0,0,39,0,0,0,2,3,35,1,1,1,1,3,3,1,17,1,1,1,86,"777777777777","777777777777","777777777777",0,0
48,482904,2,2,2,6,11,7,34,12,6,1,0,48,1,12,481,12481,31,2003,"1FTRX17W03NA","1","F","T","R","X","1","7","W","0","3","N","A",0,0,0,"000000000","00000000000",0,0,0,1,0,0,0,0,0,0,0,998,0,0,0,1,6,2,12,0,0,0,1,48,77028,3,1,0,0,2,3,999,999,0,0,0,0,0,0,0,0,0,0,0,0,0,0,2,3,98,8,8,8,1,3,3,1,66,99,1,1,87,"777777777777","777777777777","777777777777",1,0
48,482905,1,1,2,6,11,2,33,8,0,1,0,48,2,12,481,12481,31,2002,"1FTRW07602KB","1","F","T","R","W","0","7","6","0","2","K","B",0,0,0,"000000000","00000000000",0,0,0,1,0,0,0,0,0,0,0,998,0,0,0,5,2,3,8,0,0,0,1,48,78861,6,2,0,0,3,2,999,999,0,0,0,0,0,0,0,0,0,0,73,0,0,0,1,2,30,1,1,8,1,0,0,1,80,1,1,1,13,"777777777777","777777777777","777777777777",0,1
48,482906,1,3,1,6,11,16,24,12,6,1,0,48,2,12,481,12481,31,2002,"1FTRF172X2NB","1","F","T","R","F","1","7","2","X","2","N","B",0,0,0,"000000000","00000000000",0,0,0,1,0,0,0,0,0,0,0,998,0,0,0,12,6,2,12,0,0,1,1,48,75973,1,1,0,0,2,3,999,999,0,10,1,0,1,4,2012,12,2015,0,51,0,0,0,1,4,75,3,1,8,1,0,0,14,10,99,1,2,66,"777777777777","777777777777","777777777777",1,0
48,482906,2,3,1,6,11,16,24,12,6,1,0,48,3,20,870,20870,61,2016,"1GB3GRCG0G12","1","G","B","3","G","R","C","G","0","G","1","2",0,0,88,"888888888","88888888888",2,1,1,1,0,0,0,0,0,0,0,998,0,1,5,9,6,2,1,0,0,0,1,48,75904,6,1,0,0,3,0,999,999,0,0,0,0,0,0,0,0,0,0,0,0,0,0,1,4,75,2,1,8,1,0,0,14,62,7,1,1,66,"777777777777","777777777777","777777777777",0,0
48,482906,3,3,1,6,11,16,24,12,6,1,0,48,1,12,402,12402,14,2012,"1FMCU0DG3CKA","1","F","M","C","U","0","D","G","3","C","K","A",0,0,0,"000000000","00000000000",0,0,0,1,0,0,0,0,0,0,0,998,0,0,0,12,6,2,12,0,0,0,1,48,75935,6,1,0,0,3,0,999,999,0,0,0,0,0,0,0,0,0,0,0,0,0,0,1,4,75,2,1,8,1,0,0,14,60,99,1,1,98,"777777777777","777777777777","777777777777",0,0
48,482907,1,1,5,7,11,13,30,42,0,1,0,48,1,12,481,12481,31,2006,"1FTSW21P66EC","1","F","T","S","W","2","1","P","6","6","E","C",0,0,0,"000000000","00000000000",0,0,0,1,0,0,0,0,0,0,0,998,0,0,0,6,6,2,42,0,0,0,1,48,76522,6,1,0,0,3,0,999,999,0,0,0,0,0,0,0,0,0,4,35,0,0,0,1,2,60,1,1,8,2,0,0,6,6,99,4,4,7,"777777777777","777777777777","777777777777",1,0
48,482908,1,1,1,7,11,15,41,35,0,1,0,48,1,37,32,37032,4,2007,"1HGCM56857A1","1","H","G","C","M","5","6","8","5","7","A","1",0,0,0,"000000000","00000000000",0,0,0,1,0,0,0,0,0,0,0,998,0,1,5,82,6,2,1,0,0,0,1,48,75154,6,1,0,0,3,0,999,999,0,0,0,0,0,0,0,0,0,0,28,58,0,0,1,2,75,1,2,8,1,0,0,1,13,6,4,4,6,"777777777777","777777777777","777777777777",1,0
48,482909,1,2,1,7,11,18,47,12,2,1,0,48,2,41,50,41050,4,2004,"1YVFP80C945N","1","Y","V","F","P","8","0","C","9","4","5","N",0,0,0,"000000000","00000000000",0,0,0,1,0,0,0,0,0,0,0,998,0,0,0,12,6,2,12,0,0,0,1,48,76301,6,1,0,0,3,3,999,999,0,0,0,0,0,0,0,0,0,0,91,39,0,0,4,3,35,1,1,8,1,3,3,1,17,1,1,1,90,"777777777777","777777777777","777777777777",0,0
48,482909,2,2,2,7,11,18,47,12,2,1,0,5,3,37,706,37706,80,1985,"1HFSC1415FA1","1","H","F","S","C","1","4","1","5","F","A","1",0,0,0,"000000000","00000000000",0,0,0,1,0,0,0,0,0,0,0,998,0,0,0,12,8,2,12,0,0,0,1,48,76365,6,1,0,0,2,0,999,999,0,2,0,0,1,3,2012,5,2016,0,0,0,0,0,8,8,98,8,8,8,98,3,3,1,66,99,1,1,90,"777777777777","777777777777","777777777777",1,0
48,482910,1,2,2,8,11,9,15,54,11,1,0,48,3,20,481,20481,31,2005,"1GCHC23285F8","1","G","C","H","C","2","3","2","8","5","F","8",1,1,0,"000000000","00000000000",0,0,0,1,0,0,0,0,0,0,0,998,0,0,0,18,0,5,54,0,0,0,1,48,75227,1,7,0,0,2,3,999,999,1,2,1,2,0,4,2012,10,2016,0,0,0,0,0,3,3,60,1,1,8,2,0,0,1,98,1,1,1,98,"000000000000","777777777777","777777777777",0,0
48,482910,2,2,1,8,11,9,15,54,11,1,0,48,2,20,37,20037,4,2015,"1G11B5SL3FF1","1","G","1","1","B","5","S","L","3","F","F","1",0,0,0,"000000000","00000000000",0,0,0,1,0,0,0,0,0,0,0,998,0,0,0,13,8,2,54,0,0,0,1,48,75060,6,7,0,0,3,2,999,999,0,5,0,0,0,9,2012,12,2014,0,73,0,0,0,3,3,60,1,1,8,2,99,9,1,98,99,1,1,98,"777777777777","777777777777","777777777777",1,0
48,482911,1,1,4,8,11,10,16,25,0,1,0,48,1,12,422,12422,15,2002,"1FMRU15W92LA","1","F","M","R","U","1","5","W","9","2","L","A",0,0,0,"000000000","00000000000",0,0,0,1,0,0,0,0,0,0,0,998,0,1,9,12,6,2,1,0,0,0,1,48,77060,6,1,0,0,3,0,999,999,1,0,0,0,0,12,2013,12,2013,0,0,0,0,0,3,4,60,2,1,1,1,0,0,14,12,99,1,4,6,"777777777777","777777777777","777777777777",1,0
48,482912,1,1,1,8,11,18,56,8,0,1,0,48,2,55,35,55035,4,2007,"KMHDU46D27U2","K","M","H","D","U","4","6","D","2","7","U","2",0,0,0,"000000000","00000000000",0,0,0,1,0,0,0,0,0,0,0,998,0,0,0,12,6,2,8,0,0,0,1,48,78758,0,0,0,0,0,0,999,999,0,0,0,0,0,0,0,0,0,0,0,0,0,0,5,5,98,1,1,8,2,0,0,1,80,99,1,1,13,"777777777777","777777777777","777777777777",0,0
48,482913,1,7,1,9,11,18,38,12,1,1,0,93,3,82,881,82881,66,2014,"3AKJGLDRXESF","3","A","K","J","G","L","D","R","X","E","S","F",1,1,57,"2877250","572877250",3,6,3,1,0,0,0,0,0,0,0,998,0,0,0,81,2,5,12,0,0,0,1,96,0,9,9,99,9,9,9,999,999,99,99,99,99,99,99,9999,99,9999,0,0,0,0,0,3,5,65,1,1,8,2,0,0,1,61,99,1,1,98,"1UYVS2530FP2","777777777777","777777777777",0,0
48,482913,2,7,1,9,11,18,38,12,1,1,0,48,3,12,481,12481,31,2016,"1FT7W2BTXGEA","1","F","T","7","W","2","B","T","X","G","E","A",0,0,0,"000000000","00000000000",0,0,0,1,0,0,0,0,0,0,0,998,0,0,0,12,6,2,12,0,0,0,1,48,78380,6,1,0,0,3,0,999,999,0,0,0,2,0,2,2013,10,2014,0,0,0,0,0,3,5,65,1,1,8,2,0,0,1,51,99,1,1,24,"777777777777","777777777777","777777777777",0,0
48,482913,3,7,1,9,11,18,38,12,1,1,0,48,1,20,22,20022,4,2008,"1G1AL58F7873","1","G","1","A","L","5","8","F","7","8","7","3",0,0,0,"000000000","00000000000",0,0,0,1,0,0,0,0,0,0,0,998,0,0,0,6,6,2,12,0,0,0,1,48,78245,6,1,0,0,3,0,999,999,0,0,0,0,0,0,0,0,0,0,0,0,0,0,3,5,65,1,1,8,2,0,0,1,53,99,1,1,25,"777777777777","777777777777","777777777777",1,0
48,482913,4,7,1,9,11,18,38,12,1,1,0,48,0,53,34,53034,4,2005,"KL5JJ56Z55K1","K","L","5","J","J","5","6","Z","5","5","K","1",0,0,0,"000000000","00000000000",0,0,0,1,0,0,0,0,0,0,0,998,0,0,0,6,6,2,12,0,0,0,1,48,78217,6,1,0,0,3,3,999,999,0,0,0,0,0,0,0,0,0,0,0,0,0,0,3,5,65,1,1,8,2,0,0,1,53,99,1,1,98,"777777777777","777777777777","777777777777",0,0
48,482913,5,7,1,9,11,18,38,12,1,1,0,48,1,12,481,12481,31,2014,"1FTEX1CMXEKD","1","F","T","E","X","1","C","M","X","E","K","D",0,0,0,"000000000","00000000000",0,0,0,1,0,0,0,0,0,0,0,998,0,0,0,6,6,2,12,0,0,0,1,48,78242,6,1,0,0,3,0,999,999,0,0,0,0,0,0,0,0,0,0,0,0,0,0,3,5,65,1,1,8,2,0,0,1,53,99,1,1,98,"777777777777","777777777777","777777777777",0,0
48,482913,6,7,4,9,11,18,38,12,1,1,0,48,1,20,481,20481,31,2008,"2GCEC13J1811","2","G","C","E","C","1","3","J","1","8","1","1",0,0,0,"000000000","00000000000",0,0,0,1,0,0,0,0,0,0,0,998,0,0,0,12,2,3,12,0,0,0,1,48,78065,0,0,0,0,0,0,999,999,0,0,0,0,0,0,0,0,0,0,0,0,0,0,3,5,65,1,1,8,2,0,0,1,61,99,1,1,98,"777777777777","777777777777","777777777777",0,0
48,482913,7,7,1,9,11,18,38,12,1,1,0,48,1,12,481,12481,31,2001,"3FTZF17261MA","3","F","T","Z","F","1","7","2","6","1","M","A",0,0,0,"000000000","00000000000",0,0,0,1,0,0,0,0,0,0,0,998,0,0,0,6,2,3,12,0,0,0,1,48,78065,6,1,0,0,3,0,999,999,1,0,0,0,0,5,2014,5,2014,0,0,0,0,0,3,5,65,1,1,8,2,0,0,1,61,99,1,1,98,"777777777777","777777777777","777777777777",0,0
48,482914,1,2,1,9,11,19,2,18,0,1,0,48,1,49,32,49032,4,1998,"1NXBR12E7WZ0","1","N","X","B","R","1","2","E","7","W","Z","0",0,0,0,"000000000","00000000000",0,0,0,1,0,0,0,0,0,0,0,998,0,0,0,98,6,2,12,0,0,0,1,48,79323,6,1,0,0,3,3,999,999,0,3,0,0,2,11,2013,5,2015,0,51,0,0,0,1,2,75,1,3,8,1,0,0,1,62,7,1,4,12,"777777777777","777777777777","777777777777",1,0
48,482914,2,2,1,9,11,19,2,18,0,1,0,48,3,23,481,23481,31,2013,"1GT120CG5DF2","1","G","T","1","2","0","C","G","5","D","F","2",0,0,0,"000000000","00000000000",0,0,0,1,0,0,0,0,0,0,0,998,0,0,0,12,6,2,12,0,0,0,1,48,79762,6,1,0,0,3,0,999,999,0,0,0,1,0,3,2016,3,2016,0,0,0,0,0,1,2,75,1,3,8,1,0,0,1,62,99,1,1,98,"777777777777","777777777777","777777777777",0,0
48,482915,1,1,1,11,11,16,32,24,0,1,0,48,1,37,31,37031,4,2005,"JHMES16585S0","J","H","M","E","S","1","6","5","8","5","S","0",0,0,0,"000000000","00000000000",0,0,0,1,0,0,0,0,0,0,0,998,0,0,0,12,6,2,31,0,0,0,1,48,77587,6,1,0,0,3,3,70,200,0,0,0,0,0,0,0,0,0,0,0,0,0,0,6,2,45,3,1,1,1,0,0,14,13,99,1,4,1,"777777777777","777777777777","777777777777",1,1