"STATE","ST_CASE","VEH_NO","VE_FORMS","NUMOCCS","DAY","MONTH","HOUR","MINUTE","HARM_EV","MAN_COLL","UNITTYPE","HIT_RUN","REG_STAT","OWNER","MAKE","MODEL","MAK_MOD","BODY_TYP","MOD_YEAR","VIN","VIN_1","VIN_2","VIN_3","VIN_4","VIN_5","VIN_6","VIN_7","VIN_8","VIN_9","VIN_10","VIN_11","VIN_12","TOW_VEH","J_KNIFE","MCARR_I1","MCARR_I2","MCARR_ID","GVWR","V_CONFIG","CARGO_BT","HAZ_INV","HAZ_PLAC","HAZ_ID","HAZ_CNO","HAZ_REL","BUS_USE","SPEC_USE","EMER_USE","TRAV_SP","UNDERIDE","ROLLOVER","ROLINLOC","IMPACT1","DEFORMED","TOWED","M_HARM","VEH_SC1","VEH_SC2","FIRE_EXP","DR_PRES","L_STATE","DR_ZIP","L_STATUS","L_TYPE","CDL_STAT","L_ENDORS","L_COMPL","L_RESTRI","DR_HGT","DR_WGT","PREV_ACC","PREV_SUS","PREV_DWI","PREV_SPD","PREV_OTH","FIRST_MO","FIRST_YR","LAST_MO","LAST_YR","SPEEDREL","DR_SF1","DR_SF2","DR_SF3","DR_SF4","VTRAFWAY","VNUM_LAN","VSPD_LIM","VALIGN","VPROFILE","VPAVETYP","VSURCOND","VTRAFCON","VTCONT_F","P_CRASH1","P_CRASH2","P_CRASH3","PCRASH4","PCRASH5","ACC_TYPE","TRLR1VIN","TRLR2VIN","TRLR3VIN","DEATHS","DR_DRINK"
48,482916,1,2,1,11,11,18,38,12,2,1,0,48,1,7,880,7880,67,2015,"3C7WRTCL2FG5","3","C","7","W","R","T","C","L","2","F","G","5",0,0,88,"888888888","88888888888",2,1,97,1,0,0,0,0,0,0,0,998,7,0,0,12,6,2,12,0,0,0,1,48,75946,6,1,0,0,3,0,999,999,1,0,0,1,1,10,2013,2,2016,0,51,91,0,0,5,5,75,1,1,8,1,0,0,1,10,99,1,2,50,"777777777777","777777777777","777777777777",0,1
48,482916,2,2,1,11,11,18,38,12,2,1,0,48,0,12,17,12017,4,2007,"1FAFP53U17A1","1","F","A","F","P","5","3","U","1","7","A","1",0,0,0,"000000000","00000000000",0,0,0,1,0,0,0,0,0,0,0,998,0,0,0,12,6,2,12,0,0,0,1,48,75961,6,1,0,0,3,0,999,999,0,0,0,0,0,0,0,0,0,0,0,0,0,0,5,5,75,1,1,8,1,0,0,1,62,99,1,1,51,"777777777777","777777777777","777777777777",1,0
48,482917,1,1,1,12,11,17,18,15,0,1,0,20,1,49,472,49472,30,2006,"5TENX22N76Z2","5","T","E","N","X","2","2","N","7","6","Z","2",0,0,0,"000000000","00000000000",0,0,0,1,0,0,0,0,0,0,0,998,0,0,0,12,2,3,15,0,0,0,1,20,76542,6,1,0,0,3,3,65,130,0,0,0,0,0,0,0,0,0,0,0,0,0,0,0,0,0,0,0,0,0,0,0,11,80,1,1,7,13,"777777777777","777777777777","777777777777",0,0
48,482918,1,2,1,12,11,14,36,12,2,1,0,48,2,73,703,73703,80,2013,"JKAEX8A16DDA","J","K","A","E","X","8","A","1","6","D","D","A",0,0,0,"000000000","00000000000",0,0,0,1,0,0,0,0,0,0,0,998,0,0,0,12,8,2,12,0,0,0,1,48,78252,6,1,0,0,3,0,999,999,2,0,0,0,0,7,2014,1,2015,0,27,0,0,0,1,2,45,1,1,2,1,0,0,6,62,99,1,1,69,"777777777777","777777777777","777777777777",1,0
48,482918,2,2,3,12,11,14,36,12,2,1,0,48,1,7,26,7026,4,2013,"1C3CDZAG3DN7","1","C","3","C","D","Z","A","G","3","D","N","7",0,0,0,"000000000","00000000000",0,0,0,1,0,0,0,0,0,0,0,998,0,0,0,12,6,2,12,0,0,0,1,48,78023,6,1,6,0,3,0,999,999,0,0,0,1,2,5,2014,6,2014,0,38,0,0,0,1,2,45,1,1,2,1,0,0,11,15,1,1,1,68,"777777777777","777777777777","777777777777",0,0
48,482919,1,1,1,12,11,18,24,1,0,1,0,48,1,24,7,24007,17,2003,"1G8AV12F33Z1","1","G","8","A","V","1","2","F","3","3","Z","1",0,0,0,"000000000","00000000000",0,0,0,1,0,0,0,0,0,0,0,998,0,2,5,0,6,2,1,0,0,0,1,48,75165,6,1,0,0,3,0,67,224,0,0,0,0,0,0,0,0,0,0,0,0,0,0,1,2,55,2,1,8,1,0,0,14,12,7,4,4,2,"777777777777","777777777777","777777777777",1,1
48,482920,1,3,1,13,11,5,23,12,2,1,0,48,0,54,39,54039,4,2004,"JH4CL96884C0","J","H","4","C","L","9","6","8","8","4","C","0",0,0,0,"000000000","00000000000",0,0,0,1,0,0,0,0,0,0,0,998,0,0,0,12,6,2,12,0,0,0,1,48,78204,6,1,0,0,3,3,999,999,1,7,0,1,0,12,2012,10,2016,0,51,0,0,0,3,3,60,3,1,8,1,0,0,14,54,99,1,1,52,"777777777777","777777777777","777777777777",0,0
48,482920,2,3,1,13,11,5,23,12,2,1,0,48,1,20,22,20022,2,2006,"1G1AL15F9677","1","G","1","A","L","1","5","F","9","6","7","7",0,0,0,"000000000","00000000000",0,0,0,1,0,0,0,0,0,0,0,998,0,0,0,12,6,2,12,0,0,0,1,48,78207,6,1,0,0,3,3,999,999,0,0,0,0,0,0,0,0,0,0,0,0,0,0,3,3,60,2,1,8,1,0,0,14,54,7,1,1,52,"777777777777","777777777777","777777777777",1,0
48,482920,3,3,1,13,11,5,23,12,2,1,0,93,3,98,982,98982,51,2012,"2MG3JMBAXCW0","2","M","G","3","J","M","B","A","X","C","W","0",0,0,57,"823332","57823332",3,21,22,1,0,0,0,0,4,3,0,998,0,0,0,9,2,3,12,0,0,0,1,48,78155,6,1,6,1,3,3,999,999,0,2,0,2,0,1,2012,11,2012,0,0,0,0,0,3,3,60,2,1,8,1,0,0,14,60,99,1,1,98,"777777777777","777777777777","777777777777",0,0
48,482921,1,1,1,13,11,21,20,25,0,1,0,48,1,53,706,53706,80,2003,"JS1GW71AX321","J","S","1","G","W","7","1","A","X","3","2","1",0,0,0,"000000000","00000000000",0,0,0,1,0,0,0,0,0,0,0,998,0,0,0,98,8,2,25,0,0,0,1,48,75217,6,1,0,0,3,0,68,171,0,0,0,0,0,0,0,0,0,3,0,0,0,0,3,3,45,3,1,1,1,0,0,6,13,99,2,4,2,"777777777777","777777777777","777777777777",1,0
48,482922,1,2,1,13,11,20,53,12,6,1,0,48,1,37,31,37031,4,2007,"1HGFA16887L1","1","H","G","F","A","1","6","8","8","7","L","1",0,0,0,"000000000","00000000000",0,0,0,1,0,0,0,0,0,0,0,998,0,0,0,3,6,2,12,0,0,0,1,48,75211,0,0,0,0,0,0,999,999,0,1,0,0,0,10,2012,10,2012,0,58,0,0,0,2,2,40,1,1,8,1,0,0,98,13,6,4,4,64,"777777777777","777777777777","777777777777",1,1
48,482922,2,2,3,13,11,20,53,12,6,1,0,48,2,20,2,20002,4,2010,"2G1WB5EK9A12","2","G","1","W","B","5","E","K","9","A","1","2",0,0,0,"000000000","00000000000",0,0,0,1,0,0,0,0,0,0,0,998,0,0,0,12,6,2,12,0,0,0,1,48,75211,6,1,0,0,3,0,999,999,0,7,0,0,0,3,2012,1,2013,0,0,0,0,0,2,2,40,1,1,8,1,0,0,1,62,99,1,1,65,"777777777777","777777777777","777777777777",0,0
48,482923,1,1,2,13,11,23,6,8,0,1,0,48,2,23,8,23008,6,2008,"1GKER13718J2","1","G","K","E","R","1","3","7","1","8","J","2",0,0,0,"000000000","00000000000",0,0,0,1,0,0,0,0,0,0,0,998,0,0,0,12,6,2,8,0,0,0,1,48,79849,0,0,0,0,0,0,999,999,0,0,0,0,0,0,0,0,0,0,0,0,0,0,3,4,60,1,1,8,1,0,0,1,80,98,1,1,13,"777777777777","777777777777","777777777777",0,0
48,482924,1,2,2,14,11,8,21,12,1,1,0,48,3,12,481,12481,31,2013,"1FT7X2B68DEA","1","F","T","7","X","2","B","6","8","D","E","A",0,0,0,"000000000","00000000000",0,0,0,1,0,0,0,0,0,0,0,998,0,0,0,12,6,2,12,0,0,0,1,48,75125,6,1,6,0,3,0,999,999,0,0,0,0,0,0,0,0,0,0,0,0,0,0,3,2,75,1,1,8,1,0,0,15,50,99,1,1,32,"777777777777","777777777777","777777777777",1,0
48,482924,2,2,1,14,11,8,21,12,1,1,0,93,3,85,881,85881,66,2011,"3WKAD49X6BF2","3","W","K","A","D","4","9","X","6","B","F","2",1,1,57,"2629664","572629664",3,6,3,1,0,0,0,0,0,0,0,0,0,0,0,6,6,2,12,0,0,0,1,48,75075,6,1,6,0,3,3,999,999,0,0,0,2,1,6,2013,4,2015,0,0,0,0,0,3,2,75,1,1,8,1,0,0,5,53,1,1,1,32,"3WKAD49X6BF2","777777777777","777777777777",0,0
48,482925,1,2,1,30,9,22,45,12,6,1,0,48,3,12,481,12481,31,2016,"1FTEW1CP3GKE","1","F","T","E","W","1","C","P","3","G","K","E",0,0,0,"000000000","00000000000",0,0,0,1,0,0,0,0,0,0,0,998,0,1,9,9,6,2,12,0,0,0,1,48,77539,6,1,6,0,3,3,999,999,0,0,0,2,1,6,2013,4,2015,0,30,38,0,0,0,0,0,0,0,0,0,0,0,11,15,99,1,7,82,"777777777777","777777777777","777777777777",0,1
48,482925,2,2,1,30,9,22,45,12,6,1,0,48,0,76,706,76706,80,2008,"JYARN20E18A0","J","Y","A","R","N","2","0","E","1","8","A","0",0,0,0,"000000000","00000000000",0,0,0,1,0,0,0,0,0,0,0,998,0,0,0,12,8,2,12,0,0,0,1,48,77568,6,1,0,0,2,3,999,999,2,0,0,1,0,2,2012,3,2013,0,0,0,0,0,5,5,55,1,1,8,1,0,0,1,72,16,2,1,83,"777777777777","777777777777","777777777777",1,0
48,482926,1,1,1,13,10,15,45,1,0,1,0,13,1,73,706,73706,80,2003,"JKAZX9C153A0","J","K","A","Z","X","9","C","1","5","3","A","0",0,0,0,"000000000","00000000000",0,0,0,1,0,0,0,0,0,0,0,998,0,0,0,0,8,2,1,0,0,0,1,13,30039,6,1,0,0,3,0,72,241,98,0,0,0,0,0,0,0,0,0,0,0,0,0,3,5,60,3,1,8,1,0,0,14,60,6,9,1,98,"777777777777","777777777777","777777777777",1,0
48,482927,1,1,2,15,10,23,23,33,0,1,0,48,1,72,706,72706,80,2010,"1HD1PY919AB9","1","H","D","1","P","Y","9","1","9","A","B","9",0,0,0,"000000000","00000000000",0,0,0,1,0,0,0,0,0,0,0,998,0,0,0,12,8,2,33,0,0,0,1,48,76063,6,1,0,0,3,0,999,999,0,0,0,0,0,0,0,0,0,0,0,0,0,0,2,4,55,1,2,8,1,0,0,1,14,16,2,4,14,"777777777777","777777777777","777777777777",1,0
48,482928,1,2,1,19,10,14,30,12,1,1,0,28,0,87,881,87881,66,2006,"1XP7DB9X66D8","1","X","P","7","D","B","9","X","6","6","D","8",1,1,57,"1404999","571404999",3,6,1,1,0,0,0,0,0,0,0,998,0,0,0,6,2,3,12,0,0,0,1,28,38773,6,1,6,0,3,0,69,190,98,0,0,0,0,0,0,0,0,0,0,0,0,0,3,3,60,1,1,8,1,0,0,2,60,1,1,1,32,"1JJV532W9XL4","777777777777","777777777777",0,0
48,482928,2,2,2,19,10,14,30,12,1,1,0,48,2,20,28,20028,4,2012,"1G1JC5SH0C41","1","G","1","J","C","5","S","H","0","C","4","1",0,0,0,"000000000","00000000000",0,0,0,1,0,0,0,0,0,0,0,998,0,0,0,12,6,2,12,0,0,0,1,48,75119,6,2,0,0,3,2,999,999,0,0,0,0,0,0,0,0,0,0,73,0,0,0,3,3,60,1,1,8,1,0,0,15,52,16,1,2,32,"777777777777","777777777777","777777777777",1,0
48,482929,1,1,1,31,10,22,28,43,0,1,0,48,1,37,32,37032,4,2004,"1HGCM66534A0","1","H","G","C","M","6","6","5","3","4","A","0",0,0,0,"000000000","00000000000",0,0,0,1,0,0,0,0,0,0,0,998,0,1,6,98,6,2,1,0,0,0,1,48,77521,6,1,0,0,3,0,68,156,1,0,0,6,1,2,2013,10,2016,3,0,0,0,0,1,2,60,1,1,8,1,0,0,1,70,6,1,4,8,"777777777777","777777777777","777777777777",1,1
48,482930,1,2,1,2,11,4,3,12,1,1,0,48,2,82,881,82881,66,2002,"1FUJBBCG42LJ","1","F","U","J","B","B","C","G","4","2","L","J",1,1,57,"2319076","572319076",3,6,1,1,0,0,0,0,0,0,0,998,0,0,0,6,2,5,12,0,0,0,1,48,77037,6,1,6,0,3,0,999,999,0,0,0,0,0,0,0,0,0,0,0,0,0,0,3,3,40,1,1,8,1,0,0,1,53,99,1,1,25,"1DW1A5327YS4","777777777777","777777777777",0,0
48,482930,2,2,1,2,11,4,3,12,1,1,0,48,2,37,32,37032,4,2007,"1HGCM56107A1","1","H","G","C","M","5","6","1","0","7","A","1",0,0,0,"000000000","00000000000",0,0,0,1,0,0,0,0,0,0,0,117,1,1,1,12,6,2,1,0,0,0,1,48,77584,6,1,0,0,3,0,76,335,1,22,0,3,1,10,2013,10,2016,3,0,0,0,0,3,3,40,1,1,8,1,0,0,1,51,7,2,1,24,"777777777777","777777777777","777777777777",1,1
48,482931,1,1,1,3,11,23,2,9,0,1,0,48,0,20,19,20019,4,1995,"1G1LD5544SY2","1","G","1","L","D","5","5","4","4","S","Y","2",0,0,0,"000000000","00000000000",0,0,0,1,0,0,0,0,0,0,0,998,0,0,0,12,6,2,9,0,0,0,1,48,77302,0,0,0,0,0,0,999,999,0,4,0,0,1,12,2011,6,2016,0,0,0,0,0,5,5,55,1,1,8,1,0,0,1,83,99,1,1,13,"777777777777","777777777777","777777777777",0,0
48,482932,1,1,1,3,11,17,5,38,0,1,0,48,2,20,481,20481,31,2003,"1GCEK19V43E1","1","G","C","E","K","1","9","V","4","3","E","1",0,0,0,"000000000","00000000000",0,0,0,1,0,0,0,0,0,0,0,998,0,0,0,81,6,2,38,0,0,0,1,48,75654,6,2,0,0,3,3,999,999,0,0,0,0,0,0,0,0,0,4,58,0,0,0,1,2,60,1,1,8,2,0,0,1,6,6,2,4,7,"777777777777","777777777777","777777777777",1,0
48,482933,1,2,2,4,11,10,55,12,6,1,0,48,2,20,481,20481,31,1998,"1GCEC14M3WZ1","1","G","C","E","C","1","4","M","3","W","Z","1",0,0,0,"000000000","00000000000",0,0,0,1,0,0,0,0,0,0,0,998,0,1,5,3,6,2,12,0,0,0,1,48,75074,0,0,0,0,0,0,999,999,0,0,0,0,0,0,0,0,0,0,91,39,0,0,4,4,55,1,1,8,1,3,3,1,17,99,1,1,87,"777777777777","777777777777","777777777777",1,0
48,482933,2,2,1,4,11,10,55,12,6,1,0,48,3,2,422,2422,15,2015,"1C4RJFBG0FC6","1","C","4","R","J","F","B","G","0","F","C","6",0,0,0,"000000000","00000000000",0,0,0,1,0,0,0,0,0,0,0,998,0,0,0,12,6,2,12,0,0,0,1,48,75023,6,1,0,0,3,0,999,999,1,0,0,0,0,3,2015,3,2015,0,0,0,0,0,4,3,98,8,8,8,98,3,3,1,66,99,1,1,86,"777777777777","777777777777","777777777777",0,0
48,482934,1,1,1,4,11,5,28,24,0,1,0,48,2,13,1,13001,4,1996,"1LNLM82W7TY6","1","L","N","L","M","8","2","W","7","T","Y","6",0,0,0,"000000000","00000000000",0,0,0,1,0,0,0,0,0,0,0,998,0,0,0,81,6,2,24,0,0,0,1,48,79007,6,1,0,0,3,0,999,999,0,0,0,0,0,0,0,0,0,0,0,0,0,0,2,2,75,2,2,8,1,0,0,1,12,7,2,4,1,"777777777777","777777777777","777777777777",1,0
48,482935,1,1,2,15,11,0,30,59,0,1,0,48,2,54,402,54402,14,2008,"5J8TB185X8A0","5","J","8","T","B","1","8","5","X","8","A","0",0,0,0,"000000000","00000000000",0,0,0,1,0,0,0,0,0,0,0,998,0,0,0,12,6,2,59,0,0,0,1,48,76107,6,1,0,0,3,3,999,999,0,0,0,0,0,0,0,0,0,4,91,0,0,0,3,4,65,1,1,8,1,0,0,1,13,99,1,4,1,"777777777777","777777777777","777777777777",1,1
48,482936,1,1,1,20,8,23,7,8,0,1,1,22,1,20,37,20037,4,2002,"1G1ND52J52M5","1","G","1","N","D","5","2","J","5","2","M","5",0,0,0,"000000000","00000000000",0,0,0,1,0,0,0,0,0,0,0,998,0,0,0,12,2,3,8,0,0,0,1,48,78744,0,0,0,0,0,0,999,999,0,25,0,0,6,3,2012,5,2016,0,0,0,0,0,3,3,40,1,1,8,2,3,3,1,80,99,1,1,13,"777777777777","777777777777","777777777777",0,0
48,482937,1,3,1,31,8,17,19,12,98,1,0,48,2,7,26,7026,4,2010,"1B3CC5FB6AN2","1","B","3","C","C","5","F","B","6","A","N","2",0,0,0,"000000000","00000000000",0,0,0,1,0,0,0,0,0,0,0,998,0,1,9,98,6,2,12,0,0,0,1,48,78046,6,1,0,0,3,0,999,999,0,0,0,0,0,0,0,0,0,0,28,0,0,0,2,2,65,1,1,8,1,0,0,1,10,99,1,2,67,"777777777777","777777777777","777777777777",1,0
48,482937,2,3,1,31,8,17,19,12,98,1,0,48,1,12,3,12003,2,2013,"1ZVBP8CF1D52","1","Z","V","B","P","8","C","F","1","D","5","2",0,0,0,"000000000","00000000000",0,0,0,1,0,0,0,0,0,0,0,998,0,0,0,98,6,2,12,0,0,0,1,48,78046,6,1,0,0,3,3,999,999,1,0,0,0,0,2,2015,2,2015,0,0,0,0,0,2,2,65,1,1,8,1,0,0,1,62,99,1,1,67,"777777777777","777777777777","777777777777",0,0
48,482937,3,3,2,31,8,17,19,12,98,1,0,48,1,12,3,12003,2,2005,"1ZVFT82H9551","1","Z","V","F","T","8","2","H","9","5","5","1",0,0,0,"000000000","00000000000",0,0,0,1,0,0,0,0,0,0,0,998,0,0,0,98,6,2,12,0,0,0,1,48,78046,6,1,0,0,3,0,999,999,1,0,0,1,0,1,2012,6,2015,0,0,0,0,0,2,2,65,1,1,8,1,0,0,1,62,99,1,1,98,"777777777777","777777777777","777777777777",0,0
48,482938,1,1,1,12,10,21,4,8,0,1,0,48,2,20,481,20481,31,2005,"1GCEC14X55Z1","1","G","C","E","C","1","4","X","5","5","Z","1",0,0,0,"000000000","00000000000",0,0,0,1,0,0,0,0,0,0,0,998,0,0,0,12,6,2,8,0,0,0,1,48,76708,6,1,0,0,3,0,999,999,0,0,0,0,0,0,0,0,0,0,0,0,0,0,5,5,50,1,1,8,1,0,0,1,80,99,1,1,13,"777777777777","777777777777","777777777777",0,0
48,482939,1,2,1,14,10,6,34,12,1,1,0,48,1,20,481,20481,31,2010,"1GC3KVBG9AF1","1","G","C","3","K","V","B","G","9","A","F","1",0,0,0,"000000000","00000000000",0,0,0,1,0,0,0,0,0,0,0,998,0,0,0,12,6,2,12,0,0,0,1,48,77093,6,1,0,0,3,3,999,999,1,0,0,0,0,1,2014,1,2014,5,0,0,0,0,2,4,35,1,1,1,1,3,3,1,50,99,1,1,20,"777777777777","777777777777","777777777777",1,0
48,482939,2,2,1,14,10,6,34,12,1,1,0,48,3,86,881,86881,66,2003,"1M1AA12Y33W1","1","M","1","A","A","1","2","Y","3","3","W","1",1,1,58,"1935363","581935363",3,6,2,1,0,0,0,0,0,0,0,0,0,0,0,6,2,3,12,0,0,0,1,48,77088,6,1,6,1,3,0,999,999,0,0,0,0,0,0,0,0,0,0,0,0,0,0,2,4,35,1,1,1,1,3,3,5,53,1,1,1,21,"1G9VT4029AH0","777777777777","777777777777",0,0
48,482940,1,3,2,18,10,13,10,12,7,1,0,48,2,12,481,12481,31,2001,"1FTZF07231KF","1","F","T","Z","F","0","7","2","3","1","K","F",0,0,0,"000000000","00000000000",0,0,0,1,0,0,0,0,0,0,0,998,0,0,0,82,6,2,12,0,0,0,1,48,76522,1,1,0,0,2,0,999,999,0,6,0,0,1,2,2015,8,2016,4,28,0,0,0,5,5,70,1,1,8,1,0,0,1,11,99,1,2,48,"777777777777","777777777777","777777777777",0,0
48,482940,2,3,1,18,10,13,10,12,7,1,0,48,2,20,481,20481,31,2003,"1GCHK23193F1","1","G","C","H","K","2","3","1","9","3","F","1",0,0,0,"000000000","00000000000",0,0,0,1,0,0,0,0,0,0,0,998,0,0,0,7,2,5,12,0,0,0,1,48,78611,6,1,0,0,3,3,999,999,0,0,0,0,0,0,0,0,0,0,0,0,0,0,5,5,70,1,1,8,1,0,0,1,60,99,1,1,48,"777777777777","777777777777","777777777777",0,0
48,482940,3,3,2,18,10,13,10,12,7,1,0,48,2,23,421,23421,15,2008,"1GKFC13068J1","1","G","K","F","C","1","3","0","6","8","J","1",0,0,0,"000000000","00000000000",0,0,0,1,0,0,0,0,0,0,0,998,0,0,0,12,6,2,12,0,0,0,1,48,76502,6,1,0,0,3,3,999,999,1,0,0,0,0,11,2011,11,2011,0,0,0,0,0,5,5,70,1,1,8,1,0,0,1,62,99,1,1,98,"777777777777","777777777777","777777777777",1,0
48,482941,1,2,2,22,10,0,47,12,6,1,0,48,2,12,21,12021,4,2005,"1FAFP25165G1","1","F","A","F","P","2","5","1","6","5","G","1",0,0,0,"000000000","00000000000",0,0,0,1,0,0,0,0,0,0,0,998,0,0,0,10,6,2,12,0,0,0,1,48,79756,1,1,0,0,2,0,999,999,0,8,0,0,1,5,2012,10,2016,0,38,0,0,0,6,1,98,2,8,8,1,0,0,10,16,99,1,1,84,"777777777777","777777777777","777777777777",1,1
48,482941,2,2,1,22,10,0,47,12,6,1,0,6,3,84,884,84884,66,2016,"3HSDGAPN4GN7","3","H","S","D","G","A","P","N","4","G","N","7",2,1,57,"20293","5720293",3,7,1,1,0,0,0,0,0,0,0,998,0,1,3,12,6,2,12,0,0,0,1,48,79936,6,1,6,1,3,3,999,999,1,0,0,0,0,10,2012,10,2012,0,58,0,0,0,2,2,80,1,1,8,1,0,0,1,74,6,1,1,84,"1S11E82863E4","1GRAA56197K2","777777777777",0,0
48,482942,1,1,1,10,11,8,7,14,0,1,0,48,0,72,706,72706,80,2012,"1HD1FFM14CB6","1","H","D","1","F","F","M","1","4","C","B","6",0,0,0,"000000000","00000000000",0,0,0,1,0,0,0,0,0,0,0,998,0,0,0,12,8,2,14,0,0,0,1,48,76226,6,1,0,0,3,0,999,999,0,0,0,1,0,10,2015,10,2015,4,0,0,0,0,1,2,30,2,1,8,1,0,0,14,10,99,1,2,11,"777777777777","777777777777","777777777777",1,0
48,482943,1,1,1,30,10,1,8,8,0,1,0,48,2,42,48,42048,4,2003,"WDBUF65J03A3","W","D","B","U","F","6","5","J","0","3","A","3",0,0,0,"000000000","00000000000",0,0,0,1,0,0,0,0,0,0,0,998,0,0,0,12,2,3,8,0,0,0,1,48,77015,6,1,0,0,3,0,999,999,0,0,0,0,0,0,0,0,0,0,0,0,0,0,5,5,35,1,1,1,1,0,0,1,80,99,1,1,13,"777777777777","777777777777","777777777777",0,1
48,482944,1,2,2,31,10,10,40,12,11,1,0,48,1,6,41,6041,4,1997,"2C3HD56F9VH6","2","C","3","H","D","5","6","F","9","V","H","6",0,0,0,"000000000","00000000000",0,0,0,1,0,0,0,0,0,0,0,998,0,0,0,12,6,2,12,0,0,0,1,48,75681,6,1,0,0,3,0,999,999,0,0,0,0,0,0,0,0,0,5,38,39,0,0,1,2,98,8,8,8,1,20,3,1,17,99,1,1,90,"777777777777","777777777777","777777777777",1,0
48,482944,2,2,1,31,10,10,40,12,11,1,0,93,3,86,881,86881,66,2014,"1M1AW21Y5EM0","1","M","1","A","W","2","1","Y","5","E","M","0",1,1,57,"1039621","571039621",3,6,1,1,0,0,0,0,0,0,0,998,0,0,0,14,6,2,12,0,0,0,1,29,63135,6,1,6,0,3,3,72,176,0,0,0,0,0,0,0,0,0,0,0,0,0,0,2,2,45,1,1,2,1,0,0,1,66,99,1,1,90,"1GRAP062XGJ6","777777777777","777777777777",0,0
48,482945,1,2,2,1,11,20,20,12,2,1,0,48,2,12,481,12481,31,2005,"1FTSX20595EC","1","F","T","S","X","2","0","5","9","5","E","C",0,0,0,"000000000","00000000000",0,0,0,1,0,0,0,0,0,0,0,998,0,0,0,12,6,2,12,0,0,0,1,48,78663,0,0,0,0,0,0,999,999,0,0,0,0,0,0,0,0,0,0,91,58,0,0,1,2,70,1,1,8,1,0,0,1,10,7,1,2,50,"777777777777","777777777777","777777777777",0,1
48,482945,2,2,1,1,11,20,20,12,2,1,0,48,1,30,46,30046,4,2014,"1VWBS7A35EC0","1","V","W","B","S","7","A","3","5","E","C","0",0,0,0,"000000000","00000000000",0,0,0,1,0,0,0,0,0,0,0,998,0,0,0,12,6,2,12,0,0,0,1,48,78681,6,1,0,0,3,3,999,999,0,0,0,0,0,0,0,0,0,0,58,0,0,0,1,2,70,1,1,8,1,0,0,1,54,6,1,1,51,"777777777777","777777777777","777777777777",1,0
48,482946,1,1,1,2,11,2,45,32,0,1,0,48,2,12,481,12481,31,2006,"1FTRF02W46KB","1","F","T","R","F","0","2","W","4","6","K","B",0,0,0,"000000000","00000000000",0,0,0,1,0,0,0,0,0,0,0,998,0,1,5,98,6,2,1,0,0,0,1,48,78023,1,1,0,0,2,3,999,999,0,6,0,2,1,9,2013,9,2016,4,0,0,0,0,2,2,65,1,2,8,99,0,0,1,13,99,1,4,1,"777777777777","777777777777","777777777777",1,1
48,482947,1,1,1,3,11,3,3,1,0,1,0,48,0,87,884,87884,66,2015,"1NPVAH9X0FD2","1","N","P","V","A","H","9","X","0","F","D","2",1,1,57,"363676","57363676",3,6,98,1,0,0,0,0,0,0,0,998,0,2,1,0,6,2,1,0,0,0,1,48,76087,6,1,6,0,3,0,70,258,1,0,0,0,0,8,2014,8,2014,0,84,0,0,0,3,2,65,1,1,8,1,0,0,1,50,8,2,2,98,"1W9TE4027CA4","777777777777","777777777777",1,0
48,482949,1,2,2,6,11,17,55,12,1,1,0,48,2,22,18,22018,4,2005,"1G2NE52E15M1","1","G","2","N","E","5","2","E","1","5","M","1",0,0,0,"000000000","00000000000",0,0,0,1,0,0,0,0,0,0,0,998,0,0,0,6,6,2,12,0,0,0,1,48,78628,0,0,0,0,0,0,999,999,0,0,0,0,0,0,0,0,0,4,0,0,0,0,5,5,55,1,3,8,2,0,0,1,6,99,4,2,32,"777777777777","777777777777","777777777777",1,0
48,482949,2,2,6,6,11,17,55,12,1,1,0,48,1,20,431,20431,16,2003,"3GNEC16Z53G2","3","G","N","E","C","1","6","Z","5","3","G","2",0,0,0,"000000000","00000000000",0,0,0,1,0,0,0,0,0,0,0,998,0,0,0,12,6,2,12,0,0,0,1,48,78942,0,0,0,0,0,0,999,999,0,0,0,0,0,0,0,0,0,0,0,0,0,0,5,5,55,1,3,8,2,0,0,1,62,99,1,1,32,"777777777777","777777777777","777777777777",0,0
48,482950,1,2,1,6,11,1,0,12,6,1,0,48,2,35,51,35051,6,2014,"5N1AT2MTXEC7","5","N","1","A","T","2","M","T","X","E","C","7",0,0,0,"000000000","00000000000",0,0,0,1,0,0,0,0,0,0,0,998,0,0,0,3,6,2,12,0,0,0,1,48,76117,6,1,0,0,3,3,999,999,0,0,0,0,0,0,0,0,0,0,38,0,0,0,1,2,98,1,8,8,1,20,3,1,17,99,1,1,87,"777777777777","777777777777","777777777777",0,0
48,482950,2,2,2,6,11,1,0,12,6,1,0,48,1,72,706,72706,80,2015,"1HD1KHM12FB6","1","H","D","1","K","H","M","1","2","F","B","6",0,0,0,"000000000","00000000000",0,0,0,1,0,0,0,0,0,0,0,998,0,0,0,12,6,2,12,0,0,0,1,48,76135,6,1,0,0,3,0,999,999,1,0,0,0,0,5,2014,5,2014,0,0,0,0,0,1,3,45,1,1,8,1,0,0,1,66,99,1,1,86,"777777777777","777777777777","777777777777",1,0
48,482951,1,1,1,7,11,6,40,8,0,1,0,48,1,20,16,20016,2,1998,"1G1JC1241W72","1","G","1","J","C","1","2","4","1","W","7","2",0,0,0,"000000000","00000000000",0,0,0,1,0,0,0,0,0,0,0,998,0,9,2,12,6,2,8,0,0,0,1,48,75785,6,1,0,0,3,3,999,999,0,0,0,0,0,0,0,0,0,0,91,0,0,0,1,2,55,1,1,2,1,0,0,1,11,6,9,4,13,"777777777777","777777777777","777777777777",0,0