"STATE","ST_CASE","VEH_NO","VE_FORMS","NUMOCCS","DAY","MONTH","HOUR","MINUTE","HARM_EV","MAN_COLL","UNITTYPE","HIT_RUN","REG_STAT","OWNER","MAKE","MODEL","MAK_MOD","BODY_TYP","MOD_YEAR","VIN","VIN_1","VIN_2","VIN_3","VIN_4","VIN_5","VIN_6","VIN_7","VIN_8","VIN_9","VIN_10","VIN_11","VIN_12","TOW_VEH","J_KNIFE","MCARR_I1","MCARR_I2","MCARR_ID","GVWR","V_CONFIG","CARGO_BT","HAZ_INV","HAZ_PLAC","HAZ_ID","HAZ_CNO","HAZ_REL","BUS_USE","SPEC_USE","EMER_USE","TRAV_SP","UNDERIDE","ROLLOVER","ROLINLOC","IMPACT1","DEFORMED","TOWED","M_HARM","VEH_SC1","VEH_SC2","FIRE_EXP","DR_PRES","L_STATE","DR_ZIP","L_STATUS","L_TYPE","CDL_STAT","L_ENDORS","L_COMPL","L_RESTRI","DR_HGT","DR_WGT","PREV_ACC","PREV_SUS","PREV_DWI","PREV_SPD","PREV_OTH","FIRST_MO","FIRST_YR","LAST_MO","LAST_YR","SPEEDREL","DR_SF1","DR_SF2","DR_SF3","DR_SF4","VTRAFWAY","VNUM_LAN","VSPD_LIM","VALIGN","VPROFILE","VPAVETYP","VSURCOND","VTRAFCON","VTCONT_F","P_CRASH1","P_CRASH2","P_CRASH3","PCRASH4","PCRASH5","ACC_TYPE","TRLR1VIN","TRLR2VIN","TRLR3VIN","DEATHS","DR_DRINK"
48,482952,1,1,1,7,11,9,57,8,0,1,0,48,1,20,423,20423,15,2015,"1GNKRFED8FJ3","1","G","N","K","R","F","E","D","8","F","J","3",0,0,0,"000000000","00000000000",0,0,0,1,0,0,0,0,0,0,0,998,0,0,0,12,0,5,8,0,0,0,1,48,79936,6,1,0,0,3,3,999,999,0,0,0,0,0,0,0,0,0,0,0,0,0,0,1,2,30,1,1,8,1,3,3,10,80,16,1,1,13,"777777777777","777777777777","777777777777",0,0
48,482953,1,2,1,7,11,1,5,33,0,1,0,48,1,55,401,55401,14,2013,"5XYZU3LA4DG0","5","X","Y","Z","U","3","L","A","4","D","G","0",0,0,0,"000000000","00000000000",0,0,0,1,0,0,0,0,0,0,0,998,0,0,0,12,6,2,12,0,0,0,1,48,77077,6,1,0,0,3,0,999,999,0,0,0,0,0,0,0,0,0,0,0,0,0,0,2,5,35,1,1,1,2,0,0,1,64,99,1,1,98,"777777777777","777777777777","777777777777",0,0
48,482953,2,2,1,7,11,1,5,33,0,1,0,48,0,41,45,41045,1,1992,"JM1NA3510N03","J","M","1","N","A","3","5","1","0","N","0","3",0,0,0,"000000000","00000000000",0,0,0,1,0,0,0,0,0,0,0,998,0,0,0,98,6,2,12,0,0,0,1,48,77057,6,1,0,0,3,0,71,194,0,0,0,0,0,0,0,0,0,0,0,0,0,0,2,4,35,1,1,1,2,0,0,1,12,99,9,4,6,"777777777777","777777777777","777777777777",1,0
48,482954,1,1,1,7,11,3,10,33,0,1,0,48,1,37,31,37031,4,1993,"JHMEH9592PS0","J","H","M","E","H","9","5","9","2","P","S","0",0,0,0,"000000000","00000000000",0,0,0,1,0,0,0,0,0,0,0,998,0,0,0,5,6,2,30,0,0,0,1,48,77450,0,0,0,0,0,0,65,159,0,0,0,0,0,0,0,0,0,4,0,0,0,0,4,5,45,1,2,1,2,0,0,1,13,99,9,4,1,"777777777777","777777777777","777777777777",1,1
48,482955,1,2,1,7,11,3,14,12,2,1,0,48,1,35,39,35039,4,2006,"1N4BA41E56C8","1","N","4","B","A","4","1","E","5","6","C","8",0,0,0,"000000000","00000000000",0,0,0,1,0,0,0,0,0,0,0,998,0,0,0,12,6,2,12,0,0,0,1,48,78758,0,0,0,0,0,0,999,999,0,0,0,0,0,0,0,0,0,0,50,0,0,0,3,2,70,3,1,8,2,0,0,14,54,6,9,2,52,"777777777777","777777777777","777777777777",1,0
48,482955,2,2,2,7,11,3,14,12,2,1,0,48,2,12,481,12481,31,2007,"1FTSW21P67EA","1","F","T","S","W","2","1","P","6","7","E","A",0,0,0,"000000000","00000000000",0,0,0,1,0,0,0,0,0,0,0,998,0,0,0,12,6,2,12,0,0,0,1,48,78612,6,1,0,0,3,0,999,999,0,0,1,1,1,4,2012,9,2013,0,0,0,0,0,3,2,70,2,1,8,2,0,0,14,54,7,9,2,52,"777777777777","777777777777","777777777777",0,0
48,482956,1,2,2,8,11,9,59,12,2,1,0,48,2,12,481,12481,31,2010,"1FTFW1EV3AFD","1","F","T","F","W","1","E","V","3","A","F","D",0,0,0,"000000000","00000000000",0,0,0,1,0,0,0,0,0,0,0,998,0,0,0,12,6,2,12,0,0,0,1,48,79731,6,1,0,0,3,3,999,999,0,1,0,1,1,12,2012,1,2014,0,51,0,0,0,1,2,75,2,1,8,1,0,0,14,10,99,9,2,50,"777777777777","777777777777","777777777777",1,0
48,482956,2,2,1,8,11,9,59,12,2,1,0,93,3,87,884,87884,66,2016,"1XPXD49X9GD3","1","X","P","X","D","4","9","X","9","G","D","3",1,1,57,"2493183","572493183",3,6,4,1,0,0,0,0,0,0,0,998,0,1,5,12,6,2,12,0,0,0,1,48,79763,6,1,6,0,3,3,999,999,0,0,0,0,2,1,2013,10,2013,0,0,0,0,0,1,2,75,3,1,8,1,0,0,14,62,99,1,1,51,"48X1F3925G10","777777777777","777777777777",0,0
48,482957,1,1,1,8,11,6,0,42,0,1,0,48,1,37,32,37032,4,2006,"3HGCM564X6G7","3","H","G","C","M","5","6","4","X","6","G","7",0,0,0,"000000000","00000000000",0,0,0,1,0,0,0,0,0,0,0,998,0,0,0,81,6,2,42,0,0,0,1,48,75460,6,1,0,0,3,0,999,999,0,0,0,0,2,3,2014,3,2014,4,0,0,0,0,1,2,55,3,2,8,2,0,0,14,12,99,4,4,7,"777777777777","777777777777","777777777777",1,0
48,482958,1,2,1,9,11,20,0,12,1,1,0,48,1,37,706,37706,80,1993,"1HFSC2204PA5","1","H","F","S","C","2","2","0","4","P","A","5",0,0,0,"000000000","00000000000",0,0,0,1,0,0,0,0,0,0,0,998,0,0,0,12,6,2,12,0,0,0,1,48,75496,6,1,0,0,3,0,999,999,0,0,0,0,0,0,0,0,0,0,35,0,0,0,1,2,70,1,1,8,1,0,0,6,54,7,9,1,24,"777777777777","777777777777","777777777777",1,0
48,482958,2,2,1,9,11,20,0,12,1,1,0,0,0,99,999,99999,99,9999,"999999999999","9","9","9","9","9","9","9","9","9","9","9","9",0,0,0,"000000000","00000000000",0,0,0,1,0,0,0,0,0,0,0,998,0,0,0,6,2,3,12,0,0,0,1,48,75428,6,1,0,0,1,0,999,999,0,0,0,0,0,0,0,0,0,0,0,0,0,0,1,2,70,1,1,8,1,0,0,1,53,99,1,1,25,"777777777777","777777777777","777777777777",0,0
48,482959,1,1,2,9,11,3,54,24,0,1,0,48,1,12,481,12481,31,2004,"1FTNW21P34ED","1","F","T","N","W","2","1","P","3","4","E","D",0,0,0,"000000000","00000000000",0,0,0,1,0,0,0,0,0,0,0,998,0,1,5,61,6,2,24,0,0,0,1,48,77096,6,1,0,0,3,0,999,999,0,0,0,2,1,4,2013,11,2015,4,0,0,0,0,3,2,80,1,2,8,2,0,0,1,12,99,5,4,7,"777777777777","777777777777","777777777777",1,0
48,482960,1,2,1,9,11,12,30,12,6,1,0,48,2,12,481,12481,31,2004,"2FTRX172X4CA","2","F","T","R","X","1","7","2","X","4","C","A",0,0,0,"000000000","00000000000",0,0,0,1,0,0,0,0,0,0,0,998,0,0,0,61,6,2,12,0,0,0,1,48,79403,3,1,0,0,2,0,999,999,0,6,0,0,1,4,2012,12,2015,4,0,0,0,0,2,2,80,1,2,8,2,0,0,1,12,99,5,4,98,"777777777777","777777777777","777777777777",1,0
48,482960,2,2,1,9,11,12,30,12,6,1,0,48,1,20,481,20481,31,2013,"3GCPKTE24DG1","3","G","C","P","K","T","E","2","4","D","G","1",0,0,0,"000000000","00000000000",0,0,0,1,0,0,0,0,0,0,0,998,0,0,0,12,6,2,12,0,0,0,1,48,78132,6,1,0,0,3,0,999,999,0,0,0,0,0,0,0,0,0,0,0,0,0,0,2,2,80,1,2,8,2,0,0,1,64,99,1,1,98,"777777777777","777777777777","777777777777",0,0
48,482961,1,2,1,9,11,10,17,12,6,1,0,48,2,49,482,49482,31,2015,"5TFEM5F17FX0","5","T","F","E","M","5","F","1","7","F","X","0",0,0,0,"000000000","00000000000",0,0,0,1,0,0,0,0,0,0,0,998,0,0,0,12,6,2,12,0,0,0,1,48,78861,6,1,0,0,3,3,999,999,0,0,0,0,0,0,0,0,0,0,91,39,0,0,1,2,98,1,8,8,98,20,3,1,17,99,1,1,88,"777777777777","777777777777","777777777777",0,0
48,482961,2,2,1,9,11,10,17,12,6,1,0,48,1,12,481,12481,31,1996,"1FTEX15H0TKA","1","F","T","E","X","1","5","H","0","T","K","A",0,0,0,"000000000","00000000000",0,0,0,1,0,0,0,0,0,0,0,998,0,0,0,61,6,2,12,0,0,0,1,48,78016,6,1,0,0,3,0,999,999,0,0,0,0,0,0,0,0,0,0,0,0,0,0,1,2,70,1,1,8,1,0,0,1,66,99,1,1,89,"777777777777","777777777777","777777777777",1,1
48,482963,1,1,1,10,11,5,58,8,0,1,0,48,3,12,481,12481,40,2012,"1FDRF3G69CEA","1","F","D","R","F","3","G","6","9","C","E","A",5,0,88,"888888888","88888888888",2,1,12,1,0,0,0,0,0,0,0,998,0,0,0,12,0,5,8,0,0,0,1,48,75181,6,1,0,0,3,0,999,999,0,0,0,2,0,10,2014,9,2016,0,0,0,0,0,3,5,70,1,1,8,1,0,0,1,80,1,1,1,13,"777777777777","777777777777","777777777777",0,0
48,482964,1,1,1,10,11,18,58,59,0,1,0,48,1,23,421,23421,15,2006,"1GKEK63U96J1","1","G","K","E","K","6","3","U","9","6","J","1",0,0,0,"000000000","00000000000",0,0,0,1,0,0,0,0,0,0,0,998,0,0,0,12,6,2,42,0,0,0,1,48,75633,6,1,6,0,3,0,999,999,0,17,0,0,0,12,2011,8,2015,0,0,0,0,0,3,2,55,3,1,8,1,0,0,1,8,1,1,4,1,"777777777777","777777777777","777777777777",1,0
48,482965,1,1,1,10,11,22,0,1,0,1,0,48,2,20,481,20481,31,1967,"CS147J101234","C","S","1","4","7","J","1","0","1","2","3","4",0,0,0,"000000000","00000000000",0,0,0,1,0,0,0,0,0,0,0,998,0,2,5,0,6,2,1,0,0,0,1,48,78839,0,0,0,0,0,0,999,999,0,0,0,0,0,0,0,0,0,4,0,0,0,0,1,2,70,1,1,8,2,0,0,1,6,99,3,4,2,"777777777777","777777777777","777777777777",1,1
48,482966,1,1,1,11,11,18,15,1,0,1,0,48,0,12,481,12481,31,2005,"1FTPX02505KB","1","F","T","P","X","0","2","5","0","5","K","B",0,0,0,"000000000","00000000000",0,0,0,1,0,0,0,0,0,0,0,998,0,2,5,0,6,2,1,0,0,0,1,48,77018,6,1,0,0,3,0,999,999,1,0,0,0,0,7,2014,7,2014,0,99,99,99,99,3,2,75,2,1,8,1,0,0,14,12,7,3,4,1,"777777777777","777777777777","777777777777",1,0
48,482967,1,3,1,11,11,6,58,59,0,1,0,48,2,42,401,42401,14,2002,"4JGAB75E32A3","4","J","G","A","B","7","5","E","3","2","A","3",0,0,0,"000000000","00000000000",0,0,0,1,0,0,0,0,0,0,0,998,0,0,0,98,6,2,12,0,0,0,1,48,76245,1,1,0,0,2,0,65,145,0,1,0,0,0,3,2016,3,2016,0,58,51,0,0,1,2,70,1,1,8,1,0,0,1,13,99,1,4,1,"777777777777","777777777777","777777777777",1,0
48,482967,2,3,1,11,11,6,58,59,0,1,0,48,1,12,481,12481,31,2010,"1FTFW1CV5AKC","1","F","T","F","W","1","C","V","5","A","K","C",0,0,0,"000000000","00000000000",0,0,0,1,0,0,0,0,0,0,0,998,0,0,0,61,2,5,12,0,0,0,1,48,76245,6,1,0,0,3,0,999,999,0,0,0,0,0,0,0,0,0,0,0,0,0,0,1,2,70,1,1,8,1,0,0,1,62,7,1,4,98,"777777777777","777777777777","777777777777",0,0
48,482967,3,3,1,11,11,6,58,59,0,1,0,48,3,12,481,12481,31,1999,"1FTNX20FXXEB","1","F","T","N","X","2","0","F","X","X","E","B",0,0,0,"000000000","00000000000",0,0,0,1,0,0,0,0,0,0,0,998,0,0,0,12,6,2,12,0,0,0,1,48,76245,6,1,0,0,3,0,999,999,0,0,0,3,0,5,2012,11,2014,0,0,0,0,0,1,2,70,1,1,8,1,0,0,1,62,7,1,4,98,"777777777777","777777777777","777777777777",0,0
48,482968,1,1,1,11,11,0,30,42,0,1,0,48,0,49,50,49050,3,2008,"JTKDE167X802","J","T","K","D","E","1","6","7","X","8","0","2",0,0,0,"000000000","00000000000",0,0,0,1,0,0,0,0,0,0,0,998,0,0,0,12,6,2,42,0,0,0,1,48,77041,6,1,0,0,3,3,999,329,0,0,0,0,0,0,0,0,0,0,0,0,0,0,3,2,35,1,1,8,1,0,0,1,12,99,1,4,6,"777777777777","777777777777","777777777777",1,1
48,482969,1,1,1,12,11,10,30,30,0,1,0,48,3,72,706,72706,80,2009,"1HD1FF4129Y6","1","H","D","1","F","F","4","1","2","9","Y","6",0,0,0,"000000000","00000000000",0,0,0,1,0,0,0,0,0,0,0,998,0,0,0,98,8,2,30,32,0,0,1,48,76002,6,1,6,0,3,0,999,999,0,0,0,0,0,0,0,0,0,4,0,0,0,0,1,2,60,2,1,8,1,0,0,14,12,99,1,4,6,"777777777777","777777777777","777777777777",1,0
48,482970,1,2,1,12,11,10,43,12,2,1,0,48,1,22,441,22441,20,2001,"1GMDX03E71D1","1","G","M","D","X","0","3","E","7","1","D","1",0,0,0,"000000000","00000000000",0,0,0,1,0,0,0,0,0,0,0,998,0,0,0,12,6,2,12,0,0,0,1,48,76712,6,1,0,0,3,3,999,999,0,0,0,0,0,0,0,0,0,0,38,0,0,0,0,0,0,0,0,0,0,20,3,11,98,99,1,1,84,"777777777777","777777777777","777777777777",0,0
48,482970,2,2,1,12,11,10,43,12,2,1,0,48,1,37,705,37705,80,2006,"JH2PC37016M3","J","H","2","P","C","3","7","0","1","6","M","3",0,0,0,"000000000","00000000000",0,0,0,1,0,0,0,0,0,0,0,998,0,0,0,12,8,2,12,0,0,0,1,48,76707,6,1,0,0,3,0,999,999,0,0,0,0,0,0,0,0,0,3,0,0,0,0,5,7,35,1,1,8,1,0,0,1,72,1,1,1,84,"777777777777","777777777777","777777777777",1,0
48,482971,1,1,1,12,11,10,10,8,0,1,0,48,1,55,33,55033,4,2011,"5NPEB4AC8BH1","5","N","P","E","B","4","A","C","8","B","H","1",0,0,0,"000000000","00000000000",0,0,0,1,0,0,0,0,0,0,0,998,0,0,0,12,2,5,8,0,0,0,1,48,78664,6,1,0,0,3,0,999,999,0,0,0,0,0,0,0,0,0,0,0,0,0,0,5,5,45,1,1,8,1,0,0,1,80,99,1,1,13,"777777777777","777777777777","777777777777",0,0
48,482972,1,1,1,13,11,21,30,8,0,1,0,48,1,12,401,12401,14,2005,"1FMZU63K55UA","1","F","M","Z","U","6","3","K","5","5","U","A",0,0,0,"000000000","00000000000",0,0,0,1,0,0,0,0,0,0,0,998,0,0,0,12,2,5,8,0,0,0,1,48,75901,6,1,0,0,3,0,999,999,0,0,0,0,0,0,0,0,0,0,0,0,0,0,1,2,55,1,1,8,1,0,0,1,80,99,1,1,13,"777777777777","777777777777","777777777777",0,0
48,482973,1,2,1,13,11,3,43,12,2,1,0,48,2,20,481,20481,31,2001,"1GCEC14W31Z3","1","G","C","E","C","1","4","W","3","1","Z","3",0,0,0,"000000000","00000000000",0,0,0,1,0,0,0,0,0,0,0,998,0,0,0,12,6,2,12,0,0,0,1,48,79761,0,0,0,0,0,0,999,999,0,0,0,0,0,0,0,0,0,0,51,0,0,0,1,2,40,1,1,8,1,0,0,1,54,99,1,1,52,"777777777777","777777777777","777777777777",1,0
48,482973,2,2,3,13,11,3,43,12,2,1,0,48,1,2,422,2422,15,2014,"1C4RJEAG2EC1","1","C","4","R","J","E","A","G","2","E","C","1",0,0,0,"000000000","00000000000",0,0,0,1,0,0,0,0,0,0,0,998,0,0,0,12,6,2,12,0,0,0,1,48,79761,6,1,0,0,3,3,999,999,0,0,0,1,0,12,2012,12,2012,0,91,0,0,0,1,2,40,1,1,8,1,0,0,1,54,99,1,1,52,"777777777777","777777777777","777777777777",0,1
48,482974,1,1,1,13,11,6,25,25,0,1,0,48,0,73,705,73705,80,2008,"JKAZX4J158A0","J","K","A","Z","X","4","J","1","5","8","A","0",0,0,0,"000000000","00000000000",0,0,0,1,0,0,0,0,0,0,0,998,0,0,0,98,8,2,25,0,0,0,1,48,77085,1,1,0,0,2,0,999,999,0,1,0,0,0,10,2012,10,2012,0,0,0,0,0,3,4,55,2,1,8,1,0,0,14,12,99,9,4,6,"777777777777","777777777777","777777777777",1,1
48,482975,1,1,1,14,11,2,8,33,0,1,0,48,0,12,24,12024,6,2007,"2FMDK38C37BB","2","F","M","D","K","3","8","C","3","7","B","B",0,0,0,"000000000","00000000000",0,0,0,1,0,0,0,0,0,0,0,998,0,1,3,98,6,2,43,0,0,0,1,48,78254,1,1,0,0,2,0,999,999,0,1,0,1,0,1,2014,9,2016,0,0,0,0,0,4,2,30,3,1,8,1,0,0,14,12,99,9,4,6,"777777777777","777777777777","777777777777",1,0
48,482976,1,5,1,14,11,15,20,12,1,1,0,93,3,51,881,51881,66,2007,"4V4NC9TG97N4","4","V","4","N","C","9","T","G","9","7","N","4",1,1,57,"2370147","572370147",3,6,1,1,0,0,0,0,0,0,0,998,0,0,0,12,6,2,12,0,0,0,1,48,77085,6,1,6,0,3,3,999,999,1,0,0,1,0,10,2012,8,2015,5,26,91,0,0,3,2,75,1,1,8,1,0,0,1,52,99,1,1,28,"3H3V532C0ET1","777777777777","777777777777",0,0
48,482976,2,5,1,14,11,15,20,12,1,1,0,48,2,59,402,59402,14,2007,"JTJBT20X2701","J","T","J","B","T","2","0","X","2","7","0","1",0,0,0,"000000000","00000000000",0,0,0,1,0,0,0,0,0,0,0,998,0,1,3,6,6,2,12,0,0,1,1,48,76109,6,1,0,0,3,0,65,142,0,0,0,0,0,0,0,0,0,0,0,0,0,0,3,2,75,1,1,8,1,0,0,2,53,99,1,1,29,"777777777777","777777777777","777777777777",1,0
48,482976,3,5,1,14,11,15,20,12,1,1,0,48,1,35,472,35472,30,2011,"1N6AD0ERXBC4","1","N","6","A","D","0","E","R","X","B","C","4",0,0,0,"000000000","00000000000",0,0,0,1,0,0,0,0,0,0,0,998,0,0,0,6,6,2,12,0,0,0,1,48,75135,6,1,0,0,3,0,999,999,0,0,0,0,0,0,0,0,0,0,0,0,0,0,3,2,75,1,1,8,1,0,0,2,53,99,1,1,98,"777777777777","777777777777","777777777777",0,0
48,482976,4,5,1,14,11,15,20,12,1,1,0,5,3,87,884,87884,66,2006,"1XP5DB9X46N8","1","X","P","5","D","B","9","X","4","6","N","8",1,1,57,"592719","57592719",3,6,3,1,0,0,0,0,0,0,0,998,0,0,0,6,6,2,12,0,0,0,1,5,71852,6,1,6,0,3,0,68,179,0,0,0,1,0,4,2014,4,2014,0,0,0,0,0,3,2,75,1,1,8,1,0,0,2,53,99,1,1,98,"1RNF48A28HR0","777777777777","777777777777",0,0
48,482976,5,5,2,14,11,15,20,12,1,1,0,48,3,20,404,20404,14,2016,"2GNALDEK9G63","2","G","N","A","L","D","E","K","9","G","6","3",0,0,0,"000000000","00000000000",0,0,0,1,0,0,0,0,0,0,0,0,0,0,0,6,2,3,12,0,0,0,1,48,75422,6,1,0,0,3,3,999,999,0,0,0,0,0,0,0,0,0,0,0,0,0,0,3,2,75,1,1,8,1,0,0,5,53,99,1,1,98,"777777777777","777777777777","777777777777",0,0
48,482977,1,1,1,14,11,18,55,5,0,1,0,48,1,72,706,72706,80,2001,"1HD1BHY151Y0","1","H","D","1","B","H","Y","1","5","1","Y","0",0,0,0,"000000000","00000000000",0,0,0,1,0,0,0,0,0,0,0,998,0,0,0,0,8,2,5,0,0,0,1,48,75831,6,1,0,0,2,3,999,999,0,0,0,0,0,0,0,0,0,0,33,0,0,0,1,2,70,1,3,8,1,0,0,6,54,9,9,2,0,"777777777777","777777777777","777777777777",1,0
48,482978,1,2,1,14,11,6,16,12,6,1,0,48,2,85,884,85884,66,2001,"1XKWD49X65R0","1","X","K","W","D","4","9","X","6","5","R","0",1,1,57,"2114683","572114683",3,6,4,1,0,0,0,0,0,0,0,998,0,0,0,8,2,5,12,0,0,0,1,48,78728,6,1,0,0,2,0,999,999,1,0,0,0,2,4,2013,4,2015,0,38,0,0,0,0,0,0,0,0,0,0,0,0,11,15,99,1,7,82,"1Z9HR3227H15","777777777777","777777777777",0,0
48,482978,2,2,1,14,11,6,16,12,6,1,0,48,1,37,706,37706,80,2002,"JH2SC50052M0","J","H","2","S","C","5","0","0","5","2","M","0",0,0,0,"000000000","00000000000",0,0,0,1,0,0,0,0,0,0,0,998,0,0,0,12,6,2,12,0,0,0,1,48,78664,6,1,0,0,3,0,999,999,0,0,0,0,0,0,0,0,0,0,0,0,0,0,1,2,45,1,1,8,1,0,0,1,72,99,1,1,83,"777777777777","777777777777","777777777777",1,0
48,482979,1,1,2,15,11,18,5,8,0,1,0,48,3,20,2,20002,4,2010,"2G1WB5EK2A11","2","G","1","W","B","5","E","K","2","A","1","1",0,0,0,"000000000","00000000000",0,0,0,1,0,0,0,0,0,0,0,28,0,0,0,12,2,3,8,0,0,0,1,22,75074,6,1,0,0,3,3,66,180,0,0,0,0,0,0,0,0,0,0,0,0,0,0,2,3,40,1,1,8,1,0,0,1,80,99,9,1,13,"777777777777","777777777777","777777777777",0,0
48,482980,1,4,1,16,11,19,18,12,2,1,0,8,1,20,4,20004,2,2004,"1G1YY12S0451","1","G","1","Y","Y","1","2","S","0","4","5","1",0,0,0,"000000000","00000000000",0,0,0,1,0,0,0,0,0,0,0,998,0,1,5,12,6,2,12,0,0,1,1,8,80916,6,1,0,0,3,0,74,175,0,0,0,2,1,6,2015,3,2016,2,0,0,0,0,5,5,45,1,1,8,1,0,0,1,62,99,9,1,69,"777777777777","777777777777","777777777777",1,1
48,482980,2,4,1,16,11,19,18,12,2,1,0,48,0,58,37,58037,4,2009,"JNKCV61F39M3","J","N","K","C","V","6","1","F","3","9","M","3",0,0,0,"000000000","00000000000",0,0,0,1,0,0,0,0,0,0,0,998,0,0,0,12,6,2,12,0,0,0,1,48,78233,6,1,0,0,3,0,999,999,0,0,0,0,0,0,0,0,0,2,0,0,0,0,5,5,45,1,1,8,1,0,0,1,50,99,9,1,98,"777777777777","777777777777","777777777777",0,0
48,482980,3,4,1,16,11,19,18,12,2,1,0,48,1,41,51,41051,4,2007,"JM1BK3239716","J","M","1","B","K","3","2","3","9","7","1","6",0,0,0,"000000000","00000000000",0,0,0,1,0,0,0,0,0,0,0,998,0,0,0,12,6,2,12,0,0,0,1,48,78217,6,1,0,0,3,0,999,999,0,0,0,0,0,0,0,0,0,0,0,0,0,0,5,5,45,1,1,8,1,0,0,11,15,99,1,1,68,"777777777777","777777777777","777777777777",0,0
48,482980,4,4,2,16,11,19,18,12,2,1,0,48,2,7,24,7024,4,2010,"2B3CA3CVXAH1","2","B","3","C","A","3","C","V","X","A","H","1",0,0,0,"000000000","00000000000",0,0,0,1,0,0,0,0,0,0,0,998,0,0,0,12,4,5,54,0,0,0,1,48,78223,6,1,6,0,3,3,999,999,0,0,0,0,0,0,0,0,0,0,0,0,0,0,5,5,45,1,1,8,1,0,0,1,98,99,1,1,98,"777777777777","777777777777","777777777777",0,0
48,482981,1,1,1,16,11,5,40,8,0,1,0,48,0,42,44,42044,1,2003,"WDBSK75F63F0","W","D","B","S","K","7","5","F","6","3","F","0",0,0,0,"000000000","00000000000",0,0,0,1,0,0,0,0,0,0,0,998,0,0,0,12,2,3,8,0,0,0,1,48,75115,1,1,0,0,2,0,999,999,0,1,0,1,1,4,2016,11,2016,0,0,0,0,0,2,3,35,1,1,8,1,0,0,15,80,7,9,2,13,"777777777777","777777777777","777777777777",0,0
48,482982,1,2,1,16,11,5,51,8,0,1,0,48,1,12,471,12471,30,1997,"1FTCR10A6VUC","1","F","T","C","R","1","0","A","6","V","U","C",0,0,0,"000000000","00000000000",0,0,0,1,0,0,0,0,0,0,0,998,0,0,0,12,2,5,8,0,0,0,1,48,78752,0,0,0,0,0,0,999,999,0,0,0,0,0,0,0,0,0,0,0,0,0,0,3,4,60,1,1,8,1,0,0,1,80,99,1,1,13,"777777777777","777777777777","777777777777",0,0
48,482982,2,2,1,16,11,5,51,8,0,1,0,48,1,55,35,55035,4,2011,"5NPDH4AE9BH0","5","N","P","D","H","4","A","E","9","B","H","0",0,0,0,"000000000","00000000000",0,0,0,1,0,0,0,0,0,0,0,998,0,0,0,14,8,2,8,0,0,0,1,48,78641,6,1,0,0,3,3,999,999,0,0,0,0,0,0,0,0,0,0,0,0,0,0,3,4,60,1,1,8,1,0,0,1,80,99,9,1,98,"777777777777","777777777777","777777777777",0,0
48,482983,1,1,1,17,11,19,17,8,0,1,0,48,1,20,37,20037,4,2010,"1G1ZA5E07A41","1","G","1","Z","A","5","E","0","7","A","4","1",0,0,0,"000000000","00000000000",0,0,0,1,0,0,0,0,0,0,0,998,0,0,0,12,6,2,8,0,0,0,1,48,78626,6,1,0,0,3,0,999,999,0,0,0,0,0,0,0,0,0,0,0,0,0,0,5,5,50,2,2,8,1,0,0,14,80,99,1,1,13,"777777777777","777777777777","777777777777",0,0
48,482984,1,2,1,17,11,15,4,32,0,1,0,48,2,20,481,20481,31,2007,"2GCEC13V7711","2","G","C","E","C","1","3","V","7","7","1","1",0,0,0,"000000000","00000000000",0,0,0,1,0,0,0,0,0,0,0,998,0,0,0,12,4,5,12,0,0,0,1,48,77523,0,0,0,0,0,0,999,999,0,19,0,3,7,11,2013,7,2016,0,37,91,0,0,2,2,60,1,2,8,1,0,0,1,13,99,9,4,1,"777777777777","777777777777","777777777777",0,1
48,482984,2,2,1,17,11,15,4,32,0,1,0,48,1,35,471,35471,30,1994,"1N6SD16S3RC3","1","N","6","S","D","1","6","S","3","R","C","3",0,0,0,"000000000","00000000000",0,0,0,1,0,0,0,0,0,0,0,998,0,0,0,9,4,5,12,0,0,0,1,48,77523,6,1,0,0,3,0,999,999,0,0,0,0,0,0,0,0,0,0,0,0,0,0,0,0,0,0,0,0,0,0,0,98,98,1,1,1,98,"777777777777","777777777777","777777777777",1,0
48,482985,1,1,1,17,11,11,52,24,0,1,0,48,0,76,706,76706,80,2004,"JYARN13EX4A0","J","Y","A","R","N","1","3","E","X","4","A","0",0,0,0,"000000000","00000000000",0,0,0,1,0,0,0,0,0,0,0,998,0,0,0,98,8,2,24,0,0,0,1,48,79601,6,1,6,0,3,3,999,999,0,0,0,0,1,11,2011,11,2011,0,0,0,0,0,1,4,45,3,1,8,1,0,0,1,13,99,9,4,1,"777777777777","777777777777","777777777777",1,0
48,482986,1,1,1,18,11,18,15,9,0,1,1,48,1,20,481,20481,31,2007,"3GCEC14X67G1","3","G","C","E","C","1","4","X","6","7","G","1",0,0,0,"000000000","00000000000",0,0,0,1,0,0,0,0,0,0,0,998,0,0,0,12,2,5,9,0,0,0,1,48,76501,6,1,0,0,3,3,999,999,0,0,0,0,0,0,0,0,0,0,35,0,0,0,4,3,40,1,1,8,1,0,0,1,80,6,9,1,13,"777777777777","777777777777","777777777777",0,0