"STATE","ST_CASE","VEH_NO","VE_FORMS","NUMOCCS","DAY","MONTH","HOUR","MINUTE","HARM_EV","MAN_COLL","UNITTYPE","HIT_RUN","REG_STAT","OWNER","MAKE","MODEL","MAK_MOD","BODY_TYP","MOD_YEAR","VIN","VIN_1","VIN_2","VIN_3","VIN_4","VIN_5","VIN_6","VIN_7","VIN_8","VIN_9","VIN_10","VIN_11","VIN_12","TOW_VEH","J_KNIFE","MCARR_I1","MCARR_I2","MCARR_ID","GVWR","V_CONFIG","CARGO_BT","HAZ_INV","HAZ_PLAC","HAZ_ID","HAZ_CNO","HAZ_REL","BUS_USE","SPEC_USE","EMER_USE","TRAV_SP","UNDERIDE","ROLLOVER","ROLINLOC","IMPACT1","DEFORMED","TOWED","M_HARM","VEH_SC1","VEH_SC2","FIRE_EXP","DR_PRES","L_STATE","DR_ZIP","L_STATUS","L_TYPE","CDL_STAT","L_ENDORS","L_COMPL","L_RESTRI","DR_HGT","DR_WGT","PREV_ACC","PREV_SUS","PREV_DWI","PREV_SPD","PREV_OTH","FIRST_MO","FIRST_YR","LAST_MO","LAST_YR","SPEEDREL","DR_SF1","DR_SF2","DR_SF3","DR_SF4","VTRAFWAY","VNUM_LAN","VSPD_LIM","VALIGN","VPROFILE","VPAVETYP","VSURCOND","VTRAFCON","VTCONT_F","P_CRASH1","P_CRASH2","P_CRASH3","PCRASH4","PCRASH5","ACC_TYPE","TRLR1VIN","TRLR2VIN","TRLR3VIN","DEATHS","DR_DRINK"
48,482987,1,2,2,20,11,17,5,12,6,1,0,48,2,12,37,12037,5,2015,"1FADP3K26FL3","1","F","A","D","P","3","K","2","6","F","L","3",0,0,0,"000000000","00000000000",0,0,0,1,0,0,0,0,0,0,0,998,0,0,0,82,6,2,12,0,0,0,1,48,75048,6,2,0,0,3,3,999,999,0,0,0,0,0,0,0,0,0,0,38,0,0,0,2,4,40,1,1,8,1,3,3,11,15,99,1,1,68,"777777777777","777777777777","777777777777",0,0
48,482987,2,2,1,20,11,17,5,12,6,1,0,48,1,72,706,72706,80,2007,"1HD1BV51X7Y0","1","H","D","1","B","V","5","1","X","7","Y","0",0,0,0,"000000000","00000000000",0,0,0,1,0,0,0,0,0,0,0,998,0,0,0,12,8,2,12,0,0,0,1,48,75243,6,1,0,0,3,0,999,999,0,0,0,0,0,0,0,0,0,0,0,0,0,0,2,4,40,1,1,8,1,3,3,1,62,99,9,1,69,"777777777777","777777777777","777777777777",1,0
48,482989,1,1,4,23,11,0,25,30,0,1,1,48,9,20,481,20481,31,2000,"2GCEC19T0Y13","2","G","C","E","C","1","9","T","0","Y","1","3",0,0,0,"000000000","00000000000",0,0,0,1,0,0,0,0,0,0,0,998,0,0,0,62,6,2,30,0,0,0,1,99,99999,9,9,99,9,9,9,999,999,99,99,99,99,99,99,9999,99,9999,0,48,0,0,0,1,2,30,1,1,8,2,0,0,11,9,99,9,4,2,"777777777777","777777777777","777777777777",1,0
48,482990,1,2,1,23,11,23,45,12,6,1,0,48,0,22,18,22018,4,2004,"1G2NG52E74M5","1","G","2","N","G","5","2","E","7","4","M","5",0,0,0,"000000000","00000000000",0,0,0,1,0,0,0,0,0,0,0,998,0,1,5,12,6,2,12,0,0,0,1,48,78640,6,1,0,0,3,0,999,999,0,1,0,1,1,4,2014,6,2016,4,48,58,0,0,4,2,99,1,1,8,1,0,0,10,16,99,9,2,80,"777777777777","777777777777","777777777777",1,1
48,482990,2,2,1,23,11,23,45,12,6,1,0,48,1,13,401,13401,14,2003,"5LMEU68H93ZJ","5","L","M","E","U","6","8","H","9","3","Z","J",0,0,0,"000000000","00000000000",0,0,0,1,0,0,0,0,0,0,0,0,0,0,0,11,2,5,12,0,0,0,1,48,78613,6,1,0,0,3,0,999,999,0,0,0,0,0,0,0,0,0,0,0,0,0,0,1,2,99,1,1,8,1,20,3,5,67,1,1,1,81,"777777777777","777777777777","777777777777",0,0
48,482991,1,1,1,23,11,22,45,9,0,1,0,48,1,12,37,12037,4,2014,"1FADP3F25EL2","1","F","A","D","P","3","F","2","5","E","L","2",0,0,0,"000000000","00000000000",0,0,0,1,0,0,0,0,0,0,0,998,0,0,0,12,2,3,9,0,0,0,1,48,79601,6,1,0,0,3,3,999,999,0,0,0,0,0,0,0,0,0,0,39,0,0,0,5,5,45,1,2,8,1,3,3,1,83,99,1,1,13,"777777777777","777777777777","777777777777",0,1
48,482992,1,1,1,11,11,21,38,32,0,1,0,48,2,35,473,35473,31,2006,"1N6BA07A36N5","1","N","6","B","A","0","7","A","3","6","N","5",0,0,0,"000000000","00000000000",0,0,0,1,0,0,0,0,0,0,0,998,0,0,0,12,6,2,32,0,0,0,1,48,77437,6,1,0,0,3,0,68,212,0,5,1,0,1,7,2012,11,2014,0,0,0,0,0,2,2,45,1,1,2,1,0,0,1,13,99,1,4,1,"777777777777","777777777777","777777777777",1,1
48,482993,1,1,2,11,11,19,33,1,0,1,0,48,1,72,706,72706,80,2007,"1HD1BX5167Y0","1","H","D","1","B","X","5","1","6","7","Y","0",0,0,0,"000000000","00000000000",0,0,0,1,0,0,0,0,0,0,0,998,0,0,0,0,8,2,1,0,0,0,1,48,78745,6,1,0,0,3,0,999,999,0,0,0,0,0,0,0,0,0,0,0,0,0,0,6,1,25,2,2,8,1,0,0,14,9,99,9,1,98,"777777777777","777777777777","777777777777",1,0
48,482994,1,1,1,13,11,6,47,38,0,1,0,48,1,37,706,37706,80,2005,"JH2RC50015M1","J","H","2","R","C","5","0","0","1","5","M","1",0,0,0,"000000000","00000000000",0,0,0,1,0,0,0,0,0,0,0,998,0,0,0,12,6,2,38,0,0,0,1,48,79601,6,1,0,0,3,0,999,999,0,0,0,0,1,6,2014,6,2014,0,0,0,0,0,1,2,60,2,1,8,1,0,0,14,12,99,1,4,6,"777777777777","777777777777","777777777777",1,0
48,482995,1,2,1,16,11,17,30,12,2,1,0,48,1,20,481,20481,31,2006,"2GCEC19VX611","2","G","C","E","C","1","9","V","X","6","1","1",0,0,0,"000000000","00000000000",0,0,0,1,0,0,0,0,0,0,0,998,0,0,0,12,6,2,12,0,0,0,1,48,76380,6,1,0,0,3,0,999,999,0,0,0,0,0,0,0,0,0,0,28,0,0,0,1,2,65,2,1,8,1,0,0,14,10,99,1,2,50,"777777777777","777777777777","777777777777",1,0
48,482995,2,2,2,16,11,17,30,12,2,1,0,26,1,20,880,20880,67,2013,"1GC5K1C80DZ2","1","G","C","5","K","1","C","8","0","D","Z","2",0,0,88,"888888888","88888888888",2,1,97,1,0,0,0,0,0,0,0,998,0,0,0,12,6,2,12,0,0,0,1,26,48438,6,1,6,0,3,3,74,250,0,0,0,1,0,5,2013,5,2013,0,0,0,0,0,1,2,65,3,1,8,1,0,0,14,60,99,1,1,51,"777777777777","777777777777","777777777777",0,0
48,482996,1,2,1,17,11,0,57,12,6,1,0,93,3,82,881,82881,66,2001,"1FUY0SEB11PH","1","F","U","Y","0","S","E","B","1","1","P","H",1,1,57,"1266375","571266375",3,6,1,1,0,0,0,0,0,0,0,998,0,0,0,5,6,2,12,0,0,0,1,6,95206,6,1,6,0,3,0,70,200,0,0,0,0,1,4,2014,4,2014,0,48,91,0,0,2,2,80,1,3,8,1,0,0,12,12,99,1,4,98,"1DTV11524VA2","777777777777","777777777777",0,0
48,482996,2,2,2,17,11,0,57,12,6,1,0,48,3,20,422,20422,15,2011,"1GNWKMEG0BR3","1","G","N","W","K","M","E","G","0","B","R","3",0,0,0,"000000000","00000000000",0,0,0,1,0,0,0,0,0,0,0,998,0,0,0,12,6,2,12,0,0,0,1,48,77964,6,1,0,0,3,0,999,999,0,0,0,2,0,5,2013,3,2014,0,0,0,0,0,2,2,80,1,3,8,1,0,0,1,62,1,1,1,98,"777777777777","777777777777","777777777777",1,0
48,482997,1,2,1,21,11,19,22,12,6,1,0,48,2,23,401,23401,14,2004,"1GKDS13S6424","1","G","K","D","S","1","3","S","6","4","2","4",0,0,0,"000000000","00000000000",0,0,0,1,0,0,0,0,0,0,0,998,0,0,0,12,6,2,12,0,0,0,1,48,76230,6,1,0,0,3,3,999,999,0,0,0,0,0,0,0,0,0,0,51,0,0,0,2,2,75,1,1,8,1,0,0,1,12,99,1,4,64,"777777777777","777777777777","777777777777",1,0
48,482997,2,2,1,21,11,19,22,12,6,1,0,93,3,84,884,84884,66,2005,"3HSCNAPR85N0","3","H","S","C","N","A","P","R","8","5","N","0",1,1,57,"2405048","572405048",3,6,1,1,0,0,0,0,0,0,0,998,0,0,0,9,6,2,12,0,0,0,1,48,75082,6,1,6,0,3,0,999,999,0,0,0,0,0,0,0,0,0,0,0,0,0,0,2,2,75,1,1,8,1,0,0,1,62,99,1,1,65,"1UYVS2530FM3","777777777777","777777777777",0,0
48,482998,1,2,2,24,11,22,5,42,0,1,0,48,2,20,481,20481,31,2013,"3GCPCSEA1DG1","3","G","C","P","C","S","E","A","1","D","G","1",0,0,0,"000000000","00000000000",0,0,0,1,0,0,0,0,0,0,0,998,0,0,0,12,6,2,12,0,0,0,1,99,99999,9,9,99,9,9,9,73,188,99,99,99,99,99,99,9999,99,9999,3,0,0,0,0,2,3,30,1,1,8,1,0,0,1,12,99,1,4,6,"777777777777","777777777777","777777777777",1,1
48,482998,2,2,2,24,11,22,5,42,0,1,0,48,1,35,51,35051,6,2016,"KNMAT2MTXGP5","K","N","M","A","T","2","M","T","X","G","P","5",0,0,0,"000000000","00000000000",0,0,0,1,0,0,0,0,0,0,0,998,0,0,0,12,6,2,12,0,0,0,1,48,77061,6,1,0,0,3,0,999,999,0,0,0,0,0,0,0,0,0,0,0,0,0,0,2,3,30,1,1,8,1,0,0,1,62,99,1,1,98,"777777777777","777777777777","777777777777",0,0
48,482999,1,2,1,25,11,5,30,12,1,1,0,28,1,72,706,72706,80,2015,"1HD1JNV15FC0","1","H","D","1","J","N","V","1","5","F","C","0",0,0,0,"000000000","00000000000",0,0,0,1,0,0,0,0,0,0,0,998,0,0,0,12,6,2,12,0,0,0,1,28,39301,6,1,0,0,3,0,69,220,98,0,0,0,0,0,0,0,0,0,0,0,0,0,3,4,70,1,1,8,1,0,0,1,51,99,1,1,24,"777777777777","777777777777","777777777777",1,0
48,482999,2,2,1,25,11,5,30,12,1,1,0,48,2,86,881,86881,63,1998,"1M1AA18Y1WW0","1","M","1","A","A","1","8","Y","1","W","W","0",0,0,57,"2727501","572727501",3,1,4,1,0,0,0,0,0,0,0,998,0,0,0,6,2,3,12,0,0,0,1,48,76133,6,1,6,0,3,0,999,999,0,4,0,0,0,6,2012,1,2015,0,0,0,0,0,3,4,70,1,1,8,1,0,0,1,53,99,1,1,25,"777777777777","777777777777","777777777777",0,0
48,483000,1,1,3,26,11,2,28,33,0,1,0,48,1,49,40,49040,4,2007,"4T1BE46K27U1","4","T","1","B","E","4","6","K","2","7","U","1",0,0,0,"000000000","00000000000",0,0,0,1,0,0,0,0,0,0,0,998,0,2,5,1,6,2,1,0,0,0,1,48,78216,0,0,0,0,0,0,999,999,0,0,0,0,0,0,0,0,0,0,58,0,0,0,5,3,30,1,2,8,1,0,0,1,13,99,1,4,1,"777777777777","777777777777","777777777777",1,1
48,483001,1,3,1,26,11,16,39,12,2,1,0,95,9,7,442,7442,20,2015,"2C4RDGBG8FR7","2","C","4","R","D","G","B","G","8","F","R","7",0,0,0,"000000000","00000000000",0,0,0,1,0,0,0,0,0,0,0,998,0,0,0,12,6,2,12,0,0,1,1,95,0,9,9,99,9,9,9,999,999,99,99,99,99,99,99,9999,99,9999,0,38,0,0,0,5,5,45,1,1,8,1,0,0,11,15,99,1,1,68,"777777777777","777777777777","777777777777",1,0
48,483001,2,3,1,26,11,16,39,12,2,1,0,48,2,20,481,20481,31,2012,"3GCPCREA7CG1","3","G","C","P","C","R","E","A","7","C","G","1",0,0,0,"000000000","00000000000",0,0,0,1,0,0,0,0,0,0,0,998,0,0,0,12,6,2,12,0,0,0,1,48,78570,6,7,0,0,3,2,999,999,0,0,0,0,0,0,0,0,0,0,73,0,0,0,5,5,45,1,1,8,1,0,0,1,62,99,1,1,69,"777777777777","777777777777","777777777777",0,0
48,483001,3,3,1,26,11,16,39,12,2,1,0,48,1,7,482,7482,31,2014,"3C6UR5FL3EG2","3","C","6","U","R","5","F","L","3","E","G","2",0,0,0,"000000000","00000000000",0,0,0,1,0,0,0,0,0,0,0,0,0,0,0,9,6,2,12,0,0,0,1,48,78596,6,1,0,0,3,0,999,999,0,0,0,0,0,0,0,0,0,0,0,0,0,0,1,2,98,8,8,8,98,20,3,5,66,1,1,1,98,"777777777777","777777777777","777777777777",0,0
48,483002,1,1,2,21,7,11,33,20,0,1,0,48,3,7,881,7881,64,2014,"3C7WRMDJ0EG3","3","C","7","W","R","M","D","J","0","E","G","3",0,0,88,"888888888","88888888888",2,1,3,1,0,0,0,0,0,0,0,998,0,0,0,12,6,2,20,0,0,0,1,48,76108,6,1,0,0,3,3,999,999,0,4,0,1,2,11,2011,10,2015,0,0,0,0,0,3,3,70,1,1,8,1,0,0,15,13,99,2,4,2,"777777777777","777777777777","777777777777",1,0
48,483003,1,1,2,20,8,23,4,8,0,1,0,48,2,19,14,19014,4,2003,"1G6KS54Y93U1","1","G","6","K","S","5","4","Y","9","3","U","1",0,0,0,"000000000","00000000000",0,0,0,1,0,0,0,0,0,0,0,998,0,0,0,12,2,3,8,0,0,0,1,48,78210,6,1,0,0,3,0,999,999,0,0,0,0,0,0,0,0,0,0,0,0,0,0,5,5,40,1,1,8,2,3,3,1,80,1,1,1,13,"777777777777","777777777777","777777777777",0,0
48,483004,1,1,3,2,10,7,31,8,0,1,0,48,1,12,481,12481,31,2013,"1FTFW1R6XDFE","1","F","T","F","W","1","R","6","X","D","F","E",1,1,0,"000000000","00000000000",0,0,0,1,0,0,0,0,0,0,0,998,0,0,0,4,2,5,8,0,0,0,1,48,77584,6,1,0,0,3,0,999,999,0,0,0,0,0,0,0,0,0,0,0,0,0,0,2,2,45,1,1,8,1,3,3,1,80,99,1,1,13,"4C9BB23239S0","777777777777","777777777777",0,0
48,483005,1,1,2,24,10,22,16,10,0,1,0,48,2,20,9,20009,2,2015,"2G1FK1EJ9F91","2","G","1","F","K","1","E","J","9","F","9","1",0,0,0,"000000000","00000000000",0,0,0,1,0,0,0,0,0,0,0,998,0,0,0,3,6,2,10,0,0,0,1,18,76012,1,7,0,0,2,0,64,125,0,1,0,0,0,3,2012,3,2012,0,39,40,0,0,1,2,35,3,1,8,1,65,3,14,90,99,1,2,12,"777777777777","777777777777","777777777777",1,0
48,483006,1,1,1,30,10,0,2,8,0,1,1,99,9,99,999,99999,99,9999,"999999999999","9","9","9","9","9","9","9","9","9","9","9","9",0,0,0,"000000000","00000000000",0,0,0,1,0,0,0,0,99,99,9,999,0,0,0,99,9,5,8,99,99,0,1,99,99999,9,9,99,9,9,9,999,999,99,99,99,99,99,99,9999,99,9999,0,0,0,0,0,5,5,35,1,1,2,1,0,0,1,80,99,1,1,13,"777777777777","777777777777","777777777777",0,0
48,483007,1,2,1,5,11,18,18,12,6,1,0,48,1,85,884,85884,66,2012,"1XKFDP9X5CJ3","1","X","K","F","D","P","9","X","5","C","J","3",1,1,57,"2295171","572295171",3,6,1,1,0,0,0,0,0,0,0,998,0,0,0,2,2,5,12,0,0,0,1,48,78583,6,1,6,0,3,0,999,999,1,4,0,3,1,2,2013,7,2015,0,48,0,0,0,1,2,60,1,1,8,2,0,0,10,16,99,1,2,74,"1UYVS25369M5","777777777777","777777777777",0,0
48,483007,2,2,1,5,11,18,18,12,6,1,0,26,2,53,705,53705,80,2006,"JS1VP53A2621","J","S","1","V","P","5","3","A","2","6","2","1",0,0,0,"000000000","00000000000",0,0,0,1,0,0,0,0,0,0,0,998,0,0,0,12,8,2,12,0,0,0,1,48,78586,0,0,0,0,0,0,999,999,0,0,0,0,0,0,0,0,0,0,0,0,0,0,1,2,60,1,1,8,2,0,0,1,61,9,2,4,74,"777777777777","777777777777","777777777777",1,0
48,483008,1,1,1,6,11,6,26,21,0,1,0,48,1,20,481,20481,31,2009,"3GCEC23C09G2","3","G","C","E","C","2","3","C","0","9","G","2",0,0,0,"000000000","00000000000",0,0,0,1,0,0,0,0,0,0,0,998,0,0,0,12,6,2,21,0,0,0,1,48,76117,0,0,0,0,0,0,999,999,0,0,0,0,0,0,0,0,0,0,0,0,0,0,3,1,30,1,2,8,1,0,0,1,12,99,1,4,6,"777777777777","777777777777","777777777777",1,0
48,483009,1,1,1,10,11,10,41,59,0,1,0,48,2,77,706,77706,80,2014,"5VPWB36N6E30","5","V","P","W","B","3","6","N","6","E","3","0",0,0,0,"000000000","00000000000",0,0,0,1,0,0,0,0,0,0,0,998,0,0,0,12,6,2,59,0,0,0,1,48,76135,6,1,0,0,3,3,999,999,0,0,0,0,0,0,0,0,0,0,0,0,0,0,3,4,70,1,1,8,1,0,0,15,13,99,1,4,1,"777777777777","777777777777","777777777777",1,0
48,483010,1,1,1,11,11,16,59,15,0,1,0,48,1,49,32,49032,4,2006,"1NXBR32E06Z7","1","N","X","B","R","3","2","E","0","6","Z","7",0,0,0,"000000000","00000000000",0,0,0,1,0,0,0,0,0,0,0,998,0,0,0,12,6,2,15,0,0,0,1,48,77504,6,1,0,0,3,0,999,999,0,0,0,0,0,0,0,0,0,0,0,0,0,0,1,2,50,1,1,8,1,0,0,1,83,99,1,1,13,"777777777777","777777777777","777777777777",0,0
48,483011,1,6,1,14,11,17,45,12,1,1,0,48,1,7,482,7482,31,2009,"1D3HV13T79J5","1","D","3","H","V","1","3","T","7","9","J","5",0,0,0,"000000000","00000000000",0,0,0,1,0,0,0,0,0,0,0,83,0,0,0,12,6,2,12,32,0,0,1,48,77521,6,1,0,0,3,0,999,999,0,0,0,1,1,8,2014,6,2016,0,0,0,0,0,3,3,65,1,2,8,1,0,0,1,10,99,1,2,32,"777777777777","777777777777","777777777777",0,0
48,483011,2,6,1,14,11,17,45,12,1,1,0,48,1,37,421,37421,15,2016,"5FNYF5H54GB0","5","F","N","Y","F","5","H","5","4","G","B","0",0,0,0,"000000000","00000000000",0,0,0,1,0,0,0,0,0,0,0,998,0,0,0,6,6,2,12,0,0,0,1,48,77338,6,1,0,0,3,0,999,999,0,0,0,0,0,0,0,0,0,0,0,0,0,0,3,3,65,1,2,8,1,0,0,2,62,99,1,1,32,"777777777777","777777777777","777777777777",0,0
48,483011,3,6,1,14,11,17,45,12,1,1,0,48,2,49,402,49402,14,2004,"JTEGD20V8400","J","T","E","G","D","2","0","V","8","4","0","0",0,0,0,"000000000","00000000000",0,0,0,1,0,0,0,0,0,0,0,998,0,0,0,98,6,2,12,0,0,0,1,48,77049,6,1,0,0,3,0,999,999,0,0,0,0,0,0,0,0,0,0,0,0,0,0,3,3,65,1,2,8,1,0,0,1,51,99,9,1,98,"777777777777","777777777777","777777777777",0,0
48,483011,4,6,1,14,11,17,45,12,1,1,0,48,0,49,43,49043,4,1995,"4T1GB10E0SU0","4","T","1","G","B","1","0","E","0","S","U","0",0,0,0,"000000000","00000000000",0,0,0,1,0,0,0,0,0,0,0,998,0,0,0,6,6,2,12,0,0,0,1,48,77021,1,1,0,0,2,0,78,391,0,2,0,1,1,3,2014,8,2016,0,0,0,0,0,3,3,65,1,2,8,1,0,0,1,53,99,9,1,98,"777777777777","777777777777","777777777777",1,0
48,483011,5,6,2,14,11,17,45,12,1,1,0,48,1,23,422,23422,15,2013,"1GKS1AE00DR1","1","G","K","S","1","A","E","0","0","D","R","1",0,0,0,"000000000","00000000000",0,0,0,1,0,0,0,0,0,0,0,998,0,0,0,6,2,5,12,0,0,0,1,48,77049,6,1,0,0,3,3,999,999,0,0,0,0,0,0,0,0,0,0,0,0,0,0,3,3,65,1,2,8,1,0,0,1,53,99,9,1,98,"777777777777","777777777777","777777777777",0,0
48,483011,6,6,3,14,11,17,45,12,1,1,0,48,2,49,403,49403,14,2008,"JTEDS43A6820","J","T","E","D","S","4","3","A","6","8","2","0",0,0,0,"000000000","00000000000",0,0,0,1,0,0,0,0,0,0,0,998,0,0,0,6,2,5,54,0,0,0,1,24,21227,6,1,0,0,3,0,72,240,0,0,0,0,0,0,0,0,0,0,0,0,0,0,3,3,65,1,2,8,1,0,0,1,98,99,1,1,98,"777777777777","777777777777","777777777777",0,0
48,483012,1,2,1,14,11,14,18,12,1,1,0,48,1,63,33,63033,4,2006,"KNAFE1213652","K","N","A","F","E","1","2","1","3","6","5","2",0,0,0,"000000000","00000000000",0,0,0,1,0,0,0,0,0,0,0,998,0,0,0,12,6,2,12,0,0,0,1,48,75228,6,1,0,0,3,3,65,191,0,0,0,0,0,0,0,0,0,5,0,0,0,0,3,2,75,1,1,8,1,0,0,1,52,7,9,2,42,"777777777777","777777777777","777777777777",1,1
48,483012,2,2,2,14,11,14,18,12,1,1,0,47,3,82,881,82881,66,2017,"3AKGGLDRXHSH","3","A","K","G","G","L","D","R","X","H","S","H",1,1,57,"165420","57165420",3,6,1,1,0,0,0,0,0,0,0,998,0,0,0,6,4,5,12,0,0,0,1,48,78108,6,1,6,0,3,3,999,999,0,0,0,1,0,10,2015,10,2015,0,0,0,0,0,3,2,75,1,1,8,1,0,0,1,60,99,1,1,42,"1UYVS2533EP6","777777777777","777777777777",0,0
48,483013,1,3,2,14,11,17,0,12,1,1,0,48,2,19,20,19020,6,2013,"3GYFNGE30DS6","3","G","Y","F","N","G","E","3","0","D","S","6",0,0,0,"000000000","00000000000",0,0,0,1,0,0,0,0,0,0,0,998,0,0,0,12,6,2,12,0,0,0,1,48,76945,6,1,0,0,3,3,999,999,0,0,0,0,0,0,0,0,0,0,26,0,0,0,1,4,55,1,1,8,1,0,0,1,50,99,1,1,20,"777777777777","777777777777","777777777777",0,0
48,483013,2,3,2,14,11,17,0,12,1,1,0,48,3,53,34,53034,4,2005,"KL5JD56Z95K0","K","L","5","J","D","5","6","Z","9","5","K","0",0,0,0,"000000000","00000000000",0,0,0,1,0,0,0,0,0,0,0,0,0,0,0,6,6,2,12,0,0,0,1,48,79556,6,1,0,0,3,3,999,999,0,0,0,0,0,0,0,0,0,0,0,0,0,0,1,4,55,1,1,8,1,0,0,5,53,1,1,1,22,"777777777777","777777777777","777777777777",1,0
48,483013,3,3,1,14,11,17,0,12,1,1,0,48,1,19,481,19481,31,2007,"3GYFK62867G2","3","G","Y","F","K","6","2","8","6","7","G","2",0,0,0,"000000000","00000000000",0,0,0,1,0,0,0,0,0,0,0,998,0,0,0,12,6,2,12,0,0,0,1,48,77099,6,1,6,0,3,0,999,999,0,0,0,0,0,0,0,0,0,0,0,0,0,0,1,4,55,1,1,8,1,0,0,1,62,99,1,1,98,"777777777777","777777777777","777777777777",0,0
48,483014,1,1,1,15,11,17,0,53,0,1,0,48,2,37,706,37706,80,1996,"JH2SC3305TM0","J","H","2","S","C","3","3","0","5","T","M","0",0,0,0,"000000000","00000000000",0,0,0,1,0,0,0,0,0,0,0,998,0,0,0,98,8,2,53,0,0,0,1,48,77077,1,1,0,0,2,0,68,169,1,1,0,3,0,11,2011,6,2016,0,0,0,0,0,1,7,45,1,1,1,1,0,0,1,13,99,9,4,1,"777777777777","777777777777","777777777777",1,0
48,483015,1,1,1,16,11,21,10,33,0,1,0,13,1,12,401,12401,14,2002,"1FMYU60E02UB","1","F","M","Y","U","6","0","E","0","2","U","B",0,0,0,"000000000","00000000000",0,0,0,1,0,0,0,0,0,0,0,998,0,1,1,98,6,2,1,0,0,0,1,13,75042,6,1,0,0,3,0,65,150,98,0,0,1,0,2,2016,2,2016,0,58,0,0,0,4,3,45,1,1,8,1,0,0,1,12,7,9,4,6,"777777777777","777777777777","777777777777",1,0
48,483016,1,1,1,16,11,16,48,8,0,1,0,48,2,12,481,12481,31,2001,"1FTZF17281NA","1","F","T","Z","F","1","7","2","8","1","N","A",0,0,0,"000000000","00000000000",0,0,0,1,0,0,0,0,0,0,0,998,0,0,0,12,2,5,8,0,0,0,1,48,76011,0,0,0,0,0,0,999,999,0,0,0,0,0,0,0,0,0,0,38,0,0,0,1,5,35,1,1,8,1,3,3,11,80,99,1,1,13,"777777777777","777777777777","777777777777",0,0
48,483017,1,2,1,17,11,14,24,12,2,1,0,48,1,37,31,37031,3,2005,"SHHEP33605U5","S","H","H","E","P","3","3","6","0","5","U","5",0,0,0,"000000000","00000000000",0,0,0,1,0,0,0,0,0,0,0,998,0,0,0,12,6,2,12,0,0,0,1,48,76513,6,1,0,0,3,0,999,999,0,0,0,0,0,0,0,0,0,0,51,0,0,0,1,2,55,2,2,8,1,0,0,14,10,99,1,2,50,"777777777777","777777777777","777777777777",1,0
48,483017,2,2,1,17,11,14,24,12,2,1,0,48,1,48,401,48401,14,2014,"JF2SJAEC1EH5","J","F","2","S","J","A","E","C","1","E","H","5",0,0,0,"000000000","00000000000",0,0,0,1,0,0,0,0,0,0,0,998,0,0,0,12,6,2,12,0,0,0,1,48,76513,6,1,0,0,3,3,999,999,0,0,0,0,0,0,0,0,0,0,0,0,0,0,1,2,55,3,2,8,1,0,0,14,62,99,1,1,51,"777777777777","777777777777","777777777777",1,0
48,483018,1,2,1,17,11,22,31,12,7,1,0,48,0,7,402,7402,14,1999,"1B4HR28Y6XF7","1","B","4","H","R","2","8","Y","6","X","F","7",0,0,0,"000000000","00000000000",0,0,0,1,0,0,0,0,0,0,0,998,0,0,0,61,6,2,2,0,0,1,1,48,75169,0,0,0,0,0,0,64,247,0,0,0,0,0,0,0,0,0,2,0,0,0,0,1,7,40,1,1,8,1,0,0,1,60,99,9,1,45,"777777777777","777777777777","777777777777",1,0
48,483018,2,2,99,17,11,22,31,12,7,1,1,99,9,99,999,99999,99,9999,"999999999999","9","9","9","9","9","9","9","9","9","9","9","9",0,0,0,"000000000","00000000000",0,0,0,1,0,0,0,0,0,0,0,998,0,0,0,81,8,5,12,0,0,0,1,99,99999,9,9,99,9,9,9,999,999,99,99,99,99,99,99,9999,99,9999,2,0,0,0,0,1,7,40,1,1,8,1,0,0,1,11,99,9,2,44,"777777777777","777777777777","777777777777",0,0
48,483019,1,1,3,17,11,2,56,31,0,1,0,6,3,20,481,20481,31,2016,"3GCPCNEH2GG1","3","G","C","P","C","N","E","H","2","G","G","1",0,0,0,"000000000","00000000000",0,0,0,1,0,0,0,0,0,0,0,998,0,0,0,12,6,2,2,0,0,1,1,6,90047,6,1,0,0,3,0,72,220,0,1,0,0,1,2,2014,3,2016,0,0,0,0,0,2,2,60,1,1,8,2,0,0,1,13,99,9,4,1,"777777777777","777777777777","777777777777",1,0
48,483020,1,1,2,18,11,13,5,42,0,1,0,48,1,22,19,22019,2,2008,"1G2AL18F0872","1","G","2","A","L","1","8","F","0","8","7","2",0,0,0,"000000000","00000000000",0,0,0,1,0,0,0,0,0,0,0,998,0,0,0,12,6,2,42,0,0,0,1,48,76010,6,1,0,0,3,0,999,999,0,0,0,0,0,0,0,0,0,0,0,0,0,0,5,3,35,1,1,8,1,0,0,1,13,99,9,4,1,"777777777777","777777777777","777777777777",1,0
48,483022,1,2,1,19,11,17,15,1,0,1,0,48,1,7,880,7880,67,1996,"3B7MC33C0TM1","3","B","7","M","C","3","3","C","0","T","M","1",0,0,88,"888888888","88888888888",2,1,97,1,0,0,0,0,0,0,0,998,0,0,0,12,6,2,12,0,0,0,1,48,77836,6,1,0,0,3,0,999,999,0,7,0,0,0,1,2012,1,2016,0,51,91,0,0,1,2,55,1,1,8,1,0,0,1,10,99,1,2,98,"777777777777","777777777777","777777777777",0,1
48,483022,2,2,1,19,11,17,15,1,0,1,0,48,1,72,706,72706,80,2011,"1HD1GP412BC3","1","H","D","1","G","P","4","1","2","B","C","3",0,0,0,"000000000","00000000000",0,0,0,1,0,0,0,0,0,0,0,998,0,0,0,0,8,2,12,0,0,0,1,48,77836,6,1,6,0,3,0,999,999,1,0,0,2,2,4,2012,12,2015,0,0,0,0,0,1,2,55,1,1,8,1,0,0,1,62,98,9,1,98,"777777777777","777777777777","777777777777",1,0