"STATE","ST_CASE","VEH_NO","VE_FORMS","NUMOCCS","DAY","MONTH","HOUR","MINUTE","HARM_EV","MAN_COLL","UNITTYPE","HIT_RUN","REG_STAT","OWNER","MAKE","MODEL","MAK_MOD","BODY_TYP","MOD_YEAR","VIN","VIN_1","VIN_2","VIN_3","VIN_4","VIN_5","VIN_6","VIN_7","VIN_8","VIN_9","VIN_10","VIN_11","VIN_12","TOW_VEH","J_KNIFE","MCARR_I1","MCARR_I2","MCARR_ID","GVWR","V_CONFIG","CARGO_BT","HAZ_INV","HAZ_PLAC","HAZ_ID","HAZ_CNO","HAZ_REL","BUS_USE","SPEC_USE","EMER_USE","TRAV_SP","UNDERIDE","ROLLOVER","ROLINLOC","IMPACT1","DEFORMED","TOWED","M_HARM","VEH_SC1","VEH_SC2","FIRE_EXP","DR_PRES","L_STATE","DR_ZIP","L_STATUS","L_TYPE","CDL_STAT","L_ENDORS","L_COMPL","L_RESTRI","DR_HGT","DR_WGT","PREV_ACC","PREV_SUS","PREV_DWI","PREV_SPD","PREV_OTH","FIRST_MO","FIRST_YR","LAST_MO","LAST_YR","SPEEDREL","DR_SF1","DR_SF2","DR_SF3","DR_SF4","VTRAFWAY","VNUM_LAN","VSPD_LIM","VALIGN","VPROFILE","VPAVETYP","VSURCOND","VTRAFCON","VTCONT_F","P_CRASH1","P_CRASH2","P_CRASH3","PCRASH4","PCRASH5","ACC_TYPE","TRLR1VIN","TRLR2VIN","TRLR3VIN","DEATHS","DR_DRINK"
48,483101,1,1,1,25,11,22,2,42,0,1,0,48,1,22,20,22020,4,2002,"1G2WK52J12F1","1","G","2","W","K","5","2","J","1","2","F","1",0,0,0,"000000000","00000000000",0,0,0,1,0,0,0,0,0,0,0,998,0,1,5,3,6,2,42,0,0,0,1,48,76664,6,1,0,0,3,3,999,999,0,0,0,1,0,5,2016,5,2016,4,58,0,0,0,1,2,60,2,1,8,1,0,0,14,6,7,4,4,7,"777777777777","777777777777","777777777777",1,1
48,483102,1,1,1,26,11,11,5,38,0,1,0,48,1,63,34,63034,4,2016,"5XXGT4L30GG0","5","X","X","G","T","4","L","3","0","G","G","0",0,0,0,"000000000","00000000000",0,0,0,1,0,0,0,0,0,0,0,998,0,0,0,12,6,2,42,0,0,0,1,48,77514,6,1,0,0,3,3,74,247,1,0,0,0,0,3,2012,3,2012,4,58,0,0,0,1,2,60,3,1,8,1,0,0,14,13,6,4,4,7,"777777777777","777777777777","777777777777",1,1
48,483103,1,2,1,26,11,2,41,12,2,1,0,48,1,63,34,63034,4,2006,"KNAGD128X654","K","N","A","G","D","1","2","8","X","6","5","4",0,0,0,"000000000","00000000000",0,0,0,1,0,0,0,0,0,0,0,998,0,0,0,12,6,2,12,0,0,0,1,48,76522,6,1,0,0,3,0,999,999,0,2,1,0,0,11,2012,10,2016,0,28,51,0,0,1,2,75,1,1,8,1,0,0,1,10,99,1,2,50,"777777777777","777777777777","777777777777",1,1
48,483103,2,2,3,26,11,2,41,12,2,1,0,48,3,12,461,12461,21,2012,"1FDSS3EL0CDB","1","F","D","S","S","3","E","L","0","C","D","B",0,0,0,"000000000","00000000000",0,0,0,1,0,0,0,0,0,6,6,998,0,0,0,12,6,2,12,0,0,0,1,48,76513,6,1,6,0,3,3,999,999,0,0,0,0,0,0,0,0,0,0,0,0,0,0,1,2,75,1,1,8,1,0,0,1,62,1,1,1,51,"777777777777","777777777777","777777777777",0,0
48,483104,1,1,1,26,11,1,0,8,0,1,1,99,9,99,999,99999,99,9999,"999999999999","9","9","9","9","9","9","9","9","9","9","9","9",0,0,99,"999999999","99999999999",9,99,99,1,0,0,0,0,99,99,9,999,0,0,0,12,6,2,8,99,99,0,1,99,99999,9,9,99,9,9,9,999,999,99,99,99,99,99,99,9999,99,9999,9,0,0,0,0,3,3,45,1,1,8,1,0,0,1,80,99,1,1,13,"777777777777","777777777777","777777777777",0,0
48,483105,1,1,2,26,11,23,7,46,0,1,0,48,2,49,32,49032,4,2005,"1NXBR32E75Z4","1","N","X","B","R","3","2","E","7","5","Z","4",0,0,0,"000000000","00000000000",0,0,0,1,0,0,0,0,0,0,0,998,0,0,0,12,6,2,46,0,0,0,1,48,75068,6,2,0,0,3,0,999,999,0,0,0,0,0,0,0,0,0,0,99,99,99,99,3,2,45,1,1,8,1,0,0,1,13,99,1,4,1,"777777777777","777777777777","777777777777",1,0
48,483106,1,1,1,26,11,17,43,30,0,1,0,48,1,20,25,20025,4,2014,"1G1PG5SB9E74","1","G","1","P","G","5","S","B","9","E","7","4",0,0,0,"000000000","00000000000",0,0,0,1,0,0,0,0,0,0,0,998,0,0,0,12,6,2,30,0,0,0,1,48,77040,6,1,0,0,3,0,66,239,0,0,0,0,0,0,0,0,0,0,0,0,0,0,4,3,45,1,1,8,1,0,0,1,65,6,1,4,8,"777777777777","777777777777","777777777777",1,1
48,483107,1,1,1,26,11,23,10,34,0,1,0,48,2,6,43,6043,1,2001,"1C3EL55U31N6","1","C","3","E","L","5","5","U","3","1","N","6",0,0,0,"000000000","00000000000",0,0,0,1,0,0,0,0,0,0,0,998,0,1,9,12,6,2,1,0,0,1,1,48,76088,6,1,0,0,3,0,999,999,0,0,0,0,0,0,0,0,0,0,37,0,0,0,3,2,55,1,1,8,1,0,0,1,90,7,1,4,3,"777777777777","777777777777","777777777777",1,1
48,483108,1,1,2,26,11,14,14,1,0,1,0,48,0,37,734,37734,90,2009,"1HFTE3308944","1","H","F","T","E","3","3","0","8","9","4","4",0,0,0,"000000000","00000000000",0,0,0,1,0,0,0,0,0,0,0,998,0,2,1,0,8,5,1,0,0,0,1,48,77075,0,0,0,0,0,0,999,999,0,0,0,0,0,0,0,0,0,0,0,0,0,0,1,2,35,1,1,8,1,0,0,1,12,7,3,6,98,"777777777777","777777777777","777777777777",1,0
48,483109,1,1,1,27,11,22,20,33,0,1,0,48,1,37,705,37705,80,1998,"JH2RC4463WM0","J","H","2","R","C","4","4","6","3","W","M","0",0,0,0,"000000000","00000000000",0,0,0,1,0,0,0,0,0,0,0,998,0,0,0,98,8,2,33,0,0,0,1,48,75150,6,1,0,0,3,0,999,999,0,0,0,0,0,0,0,0,0,0,0,0,0,0,1,2,35,3,1,8,1,0,0,14,13,99,1,4,1,"777777777777","777777777777","777777777777",1,1
48,483110,1,2,2,27,11,5,46,12,11,1,0,48,2,23,401,23401,14,2003,"1GKES16S9361","1","G","K","E","S","1","6","S","9","3","6","1",0,0,0,"000000000","00000000000",0,0,0,1,0,0,0,0,0,0,0,998,0,0,0,13,2,3,12,0,0,0,1,48,75240,0,0,0,0,0,0,999,999,0,0,0,0,0,0,0,0,0,0,0,0,0,0,3,3,60,1,1,8,1,0,0,1,54,6,1,1,66,"777777777777","777777777777","777777777777",1,0
48,483110,2,2,1,27,11,5,46,12,11,1,1,48,5,98,998,98998,93,9999,"FNH0B95CNDHH","F","N","H","0","B","9","5","C","N","D","H","H",0,0,77,"777777777","77777777777",2,1,97,1,0,0,0,0,0,0,0,998,0,0,0,5,8,5,12,0,0,0,1,99,99999,9,9,99,9,9,9,999,999,99,99,99,99,99,99,9999,99,9999,9,51,0,0,0,3,3,60,1,1,8,1,0,0,1,54,6,1,2,66,"777777777777","777777777777","777777777777",0,0
48,483111,1,1,1,27,11,19,42,9,0,1,0,48,2,37,32,37032,2,1997,"1HGCD726XVA0","1","H","G","C","D","7","2","6","X","V","A","0",0,0,0,"000000000","00000000000",0,0,0,1,0,0,0,0,0,0,0,998,0,0,0,12,2,3,9,0,0,0,1,48,77511,6,1,0,0,3,0,999,999,0,0,0,0,0,0,0,0,0,0,0,0,0,0,5,5,40,1,1,8,1,0,0,1,83,99,1,1,13,"777777777777","777777777777","777777777777",0,0
48,483112,1,2,1,27,11,2,1,12,9,1,0,48,0,76,705,76705,80,2007,"JYARJ12E77A0","J","Y","A","R","J","1","2","E","7","7","A","0",0,0,0,"000000000","00000000000",0,0,0,1,0,0,0,0,0,0,0,75,0,0,0,6,8,2,12,0,0,0,1,98,99999,0,0,0,0,0,0,66,169,0,0,0,0,0,0,0,0,0,3,0,0,0,0,2,2,45,1,1,8,1,0,0,1,62,16,9,1,69,"777777777777","777777777777","777777777777",1,1
48,483112,2,2,2,27,11,2,1,12,9,1,0,48,2,42,402,42402,14,2015,"WDCYC3HF7FX2","W","D","C","Y","C","3","H","F","7","F","X","2",0,0,0,"000000000","00000000000",0,0,0,1,0,0,0,0,0,0,0,998,0,0,0,3,6,2,12,0,0,0,1,48,77377,6,1,0,0,3,0,999,999,0,0,0,0,0,0,0,0,0,0,38,0,0,0,2,2,45,1,1,8,1,0,0,11,15,99,1,1,68,"777777777777","777777777777","777777777777",0,1
48,483113,1,1,1,27,11,15,42,35,0,1,0,48,1,7,482,7482,31,2002,"1B7HU18ZX2J1","1","B","7","H","U","1","8","Z","X","2","J","1",0,0,0,"000000000","00000000000",0,0,0,1,0,0,0,0,0,0,0,998,0,0,0,12,2,3,35,0,0,0,1,48,76550,6,1,0,0,3,3,999,999,0,0,0,0,0,0,0,0,0,0,0,0,0,0,5,5,70,1,1,8,1,0,0,1,13,99,9,4,1,"777777777777","777777777777","777777777777",1,0
48,483114,1,1,3,28,11,10,0,42,0,1,0,48,1,35,473,35473,31,2004,"1N6AA07A04N5","1","N","6","A","A","0","7","A","0","4","N","5",0,0,0,"000000000","00000000000",0,0,0,1,0,0,0,0,0,0,0,998,0,0,0,3,6,2,42,0,0,0,1,48,75115,6,1,6,0,3,0,999,999,0,0,0,0,0,0,0,0,0,5,0,0,0,0,2,2,40,1,1,8,2,0,0,1,61,6,4,4,7,"777777777777","777777777777","777777777777",1,0
48,483115,1,2,1,28,11,2,24,12,6,1,0,48,2,13,1,13001,4,2003,"1LNHM81W63Y6","1","L","N","H","M","8","1","W","6","3","Y","6",0,0,0,"000000000","00000000000",0,0,0,1,0,0,0,0,0,0,0,89,0,0,0,9,6,2,12,0,0,0,1,48,78648,0,0,0,0,0,0,999,999,0,8,0,0,1,4,2012,10,2016,3,51,0,0,0,1,2,70,2,5,8,1,0,0,1,10,7,9,2,66,"777777777777","777777777777","777777777777",1,1
48,483115,2,2,1,28,11,2,24,12,6,1,0,93,3,87,884,87884,66,2007,"1XP5DU9X67D6","1","X","P","5","D","U","9","X","6","7","D","6",1,1,57,"731603","57731603",3,6,1,1,0,0,0,0,0,0,0,998,0,0,0,12,6,2,12,0,0,0,1,48,78629,6,1,6,0,3,0,999,999,0,0,0,0,1,5,2014,5,2014,0,0,0,0,0,1,2,70,1,5,8,1,0,0,1,54,8,1,1,66,"1PNV532B0XG3","777777777777","777777777777",0,0
48,483116,1,2,1,28,11,17,48,12,2,1,0,48,2,37,32,37032,4,2006,"1HGCM55856A1","1","H","G","C","M","5","5","8","5","6","A","1",0,0,0,"000000000","00000000000",0,0,0,1,0,0,0,0,0,0,0,998,0,0,0,12,6,2,12,0,0,0,1,48,77036,6,1,0,0,3,0,67,232,0,0,0,0,0,0,0,0,0,0,51,0,0,0,2,3,35,1,1,1,1,0,0,1,12,99,9,4,98,"777777777777","777777777777","777777777777",1,1
48,483116,2,2,1,28,11,17,48,12,2,1,0,48,1,63,402,63402,14,2008,"KNDJD7350858","K","N","D","J","D","7","3","5","0","8","5","8",0,0,0,"000000000","00000000000",0,0,0,1,0,0,0,0,0,0,0,998,0,1,1,12,6,2,12,0,0,0,1,48,77096,6,1,0,0,3,0,999,999,0,0,0,0,0,0,0,0,0,0,0,0,0,0,2,3,35,1,1,1,1,0,0,1,64,99,1,1,98,"777777777777","777777777777","777777777777",0,0
48,483117,1,1,1,29,11,5,30,59,0,1,0,48,1,12,37,12037,4,2007,"1FAFP34N97W1","1","F","A","F","P","3","4","N","9","7","W","1",0,0,0,"000000000","00000000000",0,0,0,1,0,0,0,0,0,0,0,57,0,0,0,9,6,2,59,0,0,0,1,48,76002,0,0,0,0,0,0,71,170,0,0,0,0,0,0,0,0,0,0,99,99,99,99,3,3,60,1,1,8,1,0,0,1,13,99,3,4,2,"777777777777","777777777777","777777777777",1,0
48,483118,1,1,1,29,11,20,39,17,0,1,0,29,1,42,39,42039,4,1991,"WDBDA28D2MF8","W","D","B","D","A","2","8","D","2","M","F","8",0,0,0,"000000000","00000000000",0,0,0,1,0,0,0,0,0,0,0,998,0,1,3,12,6,2,17,0,0,0,1,48,75115,0,0,0,0,0,0,999,999,0,3,0,0,2,1,2014,7,2016,4,0,0,0,0,2,2,40,1,1,1,1,0,0,1,12,1,9,4,6,"777777777777","777777777777","777777777777",1,1
48,483119,1,1,1,29,11,17,53,8,0,1,0,48,1,12,471,12471,30,2010,"1FTKR1EE1APA","1","F","T","K","R","1","E","E","1","A","P","A",0,0,0,"000000000","00000000000",0,0,0,1,0,0,0,0,0,0,0,998,0,0,0,12,2,5,8,32,0,0,1,48,78702,6,1,0,0,3,3,999,999,0,0,0,2,0,7,2012,9,2015,0,0,0,0,0,5,3,35,1,2,8,1,0,0,15,80,1,1,2,13,"777777777777","777777777777","777777777777",0,0
48,483120,1,1,1,30,11,23,8,25,0,1,0,48,1,72,706,72706,80,2011,"1HD4CR215BC4","1","H","D","4","C","R","2","1","5","B","C","4",0,0,0,"000000000","00000000000",0,0,0,1,0,0,0,0,0,0,0,998,0,0,0,98,8,2,25,0,0,0,1,48,75062,6,1,6,0,3,0,63,192,0,0,0,2,1,8,2014,11,2016,3,0,0,0,0,6,2,70,2,2,8,1,0,0,14,12,99,9,4,6,"777777777777","777777777777","777777777777",1,1
48,483121,1,1,1,30,11,23,25,33,0,1,0,40,0,72,706,72706,80,2004,"1HD1GJV354K3","1","H","D","1","G","J","V","3","5","4","K","3",0,0,0,"000000000","00000000000",0,0,0,1,0,0,0,0,0,0,0,998,0,0,0,98,8,2,33,0,0,0,1,48,75020,0,0,0,0,0,0,999,999,0,10,2,1,0,1,2012,9,2016,3,0,0,0,0,4,2,55,1,2,8,1,0,0,1,12,99,9,4,6,"777777777777","777777777777","777777777777",1,0
48,483122,1,1,2,30,11,23,25,38,0,1,0,48,1,19,18,19018,4,2005,"1G6DP5672501","1","G","6","D","P","5","6","7","2","5","0","1",0,0,0,"000000000","00000000000",0,0,0,1,0,0,0,0,0,0,0,998,0,0,0,12,6,2,38,0,0,0,1,48,77035,1,1,0,0,2,0,62,143,1,0,0,1,1,6,2012,4,2014,0,0,0,0,0,5,7,45,2,1,8,1,0,0,14,13,99,9,4,1,"777777777777","777777777777","777777777777",1,1
48,483123,1,1,1,30,11,19,50,8,0,1,0,48,1,20,22,20022,4,2009,"1G1AT58H9972","1","G","1","A","T","5","8","H","9","9","7","2",0,0,0,"000000000","00000000000",0,0,0,1,0,0,0,0,0,0,0,998,0,0,0,12,6,2,8,0,0,0,1,48,77351,6,1,0,0,3,0,999,999,1,0,0,0,0,8,2012,8,2012,0,0,0,0,0,1,4,50,1,1,8,1,0,0,1,80,99,9,1,13,"777777777777","777777777777","777777777777",0,0
48,483125,1,2,2,1,12,16,0,12,6,1,0,40,1,63,37,63037,6,2014,"KNDJN2A28E70","K","N","D","J","N","2","A","2","8","E","7","0",0,0,0,"000000000","00000000000",0,0,0,1,0,0,0,0,0,0,0,998,0,0,0,62,6,2,12,0,0,0,1,40,74733,6,1,0,0,3,0,72,185,0,0,0,0,0,0,0,0,0,0,38,0,0,0,4,2,99,1,1,8,1,20,3,4,17,99,1,1,89,"777777777777","777777777777","777777777777",1,0
48,483125,2,2,1,1,12,16,0,12,6,1,0,48,1,20,481,20481,31,2009,"1GCHK636X9F1","1","G","C","H","K","6","3","6","X","9","F","1",0,0,0,"000000000","00000000000",0,0,0,1,0,0,0,0,0,0,0,998,0,0,0,12,6,2,12,0,0,0,1,48,75461,6,1,0,0,3,0,999,999,0,0,0,1,0,9,2012,9,2012,0,0,0,0,0,1,2,70,1,1,8,1,0,0,1,66,99,1,1,88,"777777777777","777777777777","777777777777",0,0
48,483126,1,1,1,2,12,8,16,8,0,1,0,18,3,84,884,84884,66,2016,"3HSDJAPR5GN7","3","H","S","D","J","A","P","R","5","G","N","7",1,1,57,"261902","57261902",3,6,1,1,0,0,0,0,0,0,0,998,0,0,0,12,2,3,8,0,0,0,1,18,47304,6,1,6,0,3,0,71,230,0,0,0,1,1,5,2015,3,2016,0,0,0,0,0,3,3,70,1,1,8,1,0,0,1,80,99,1,1,13,"1GRAA0625GB7","777777777777","777777777777",0,0
48,483127,1,2,2,2,12,15,40,12,1,1,0,48,2,49,45,49045,4,2000,"JTDBT1239Y00","J","T","D","B","T","1","2","3","9","Y","0","0",0,0,0,"000000000","00000000000",0,0,0,1,0,0,0,0,0,0,0,998,0,0,0,12,6,2,12,0,0,0,1,48,76442,1,1,0,0,2,0,999,999,1,14,0,0,1,2,2012,10,2016,5,91,0,0,0,1,2,75,1,1,8,2,0,0,1,52,99,1,1,28,"777777777777","777777777777","777777777777",1,0
48,483127,2,2,3,2,12,15,40,12,1,1,0,48,3,12,481,12481,31,2011,"1FT7W2BT7BEC","1","F","T","7","W","2","B","T","7","B","E","C",0,0,0,"000000000","00000000000",0,0,0,1,0,0,0,0,0,0,0,998,0,0,0,6,4,5,12,0,0,0,1,48,76446,6,1,0,0,3,0,999,999,0,0,0,0,0,0,0,0,0,0,0,0,0,0,1,2,75,1,1,8,2,0,0,2,53,99,1,1,30,"777777777777","777777777777","777777777777",0,0
48,483128,1,1,1,2,12,12,25,42,0,1,0,48,2,20,22,20022,2,2007,"1G1AL15FX771","1","G","1","A","L","1","5","F","X","7","7","1",0,0,0,"000000000","00000000000",0,0,0,1,0,0,0,0,0,0,0,998,0,0,0,82,6,2,42,0,0,0,1,48,75686,6,1,6,0,3,3,999,999,1,0,0,0,0,5,2012,5,2012,0,0,0,0,0,1,2,60,1,1,8,1,0,0,1,13,6,4,4,7,"777777777777","777777777777","777777777777",1,0
48,483129,1,1,1,2,12,22,59,8,0,1,1,48,1,7,482,7482,31,2009,"1D3HB18T99S7","1","D","3","H","B","1","8","T","9","9","S","7",0,0,0,"000000000","00000000000",0,0,0,1,0,0,0,0,0,0,0,998,0,0,0,12,2,5,8,0,0,0,1,48,78664,0,0,0,0,0,0,999,999,0,0,0,0,0,0,0,0,0,3,38,0,0,0,1,4,35,1,2,8,2,0,0,1,80,99,1,1,13,"777777777777","777777777777","777777777777",0,0
48,483130,1,2,1,3,12,8,30,12,2,1,0,48,2,35,47,35047,4,2012,"1N4AL2AP3CN4","1","N","4","A","L","2","A","P","3","C","N","4",0,0,0,"000000000","00000000000",0,0,0,1,0,0,0,0,0,0,0,998,0,0,0,12,6,2,12,0,0,0,1,48,77514,6,1,0,0,3,3,999,999,0,0,0,1,0,4,2012,4,2012,0,51,0,0,0,1,2,60,1,1,8,2,0,0,1,10,99,1,2,52,"777777777777","777777777777","777777777777",1,0
48,483130,2,2,1,3,12,8,30,12,2,1,0,48,3,6,51,6051,4,2006,"2C3KA43R66H4","2","C","3","K","A","4","3","R","6","6","H","4",0,0,0,"000000000","00000000000",0,0,0,1,0,0,0,0,0,0,0,998,0,0,0,12,6,2,12,0,0,0,1,48,77514,6,1,0,0,3,0,999,999,0,0,0,1,0,5,2014,5,2014,0,51,0,0,0,1,2,60,1,1,8,2,0,0,1,10,99,1,2,52,"777777777777","777777777777","777777777777",0,0
48,483131,1,1,3,3,12,17,4,42,0,1,0,48,2,7,472,7472,31,2006,"1D7HE48N96S6","1","D","7","H","E","4","8","N","9","6","S","6",0,0,0,"000000000","00000000000",0,0,0,1,0,0,0,0,0,0,0,998,0,0,0,12,6,2,42,0,0,0,1,48,75766,6,1,0,0,3,3,999,999,1,0,0,0,1,12,2011,2,2015,4,0,0,0,0,1,2,55,1,1,1,2,0,0,6,6,99,2,4,7,"777777777777","777777777777","777777777777",1,1
48,483132,1,3,1,3,12,19,3,12,7,1,0,22,1,23,421,23421,15,2002,"1GKEC13VX2R1","1","G","K","E","C","1","3","V","X","2","R","1",0,0,0,"000000000","00000000000",0,0,0,1,0,0,0,0,0,0,0,998,0,0,0,11,2,3,12,0,0,0,1,48,77073,6,1,0,0,3,3,999,999,0,0,0,0,0,0,0,0,0,0,0,0,0,0,5,7,55,1,1,1,2,0,0,1,10,99,1,2,45,"777777777777","777777777777","777777777777",0,0
48,483132,2,3,4,3,12,19,3,12,7,1,0,48,2,41,51,41051,4,2013,"JM1BL1TF1D17","J","M","1","B","L","1","T","F","1","D","1","7",0,0,0,"000000000","00000000000",0,0,0,1,0,0,0,0,0,0,0,998,0,0,0,5,2,3,12,0,0,0,1,48,77535,6,1,0,0,3,0,999,999,0,0,0,1,0,1,2016,1,2016,0,0,0,0,0,5,7,55,1,1,1,2,0,0,1,61,99,1,1,44,"777777777777","777777777777","777777777777",2,0
48,483132,3,3,1,3,12,19,3,12,7,1,0,48,2,7,402,7402,14,2001,"1B4HS28N01F6","1","B","4","H","S","2","8","N","0","1","F","6",0,0,0,"000000000","00000000000",0,0,0,1,0,0,0,0,0,0,0,998,0,0,0,12,6,2,12,0,0,0,1,48,77532,6,1,0,0,3,3,999,999,0,0,0,0,0,0,0,0,0,0,0,0,0,0,5,7,55,1,1,1,2,0,0,1,62,99,1,1,98,"777777777777","777777777777","777777777777",0,0
48,483133,1,2,1,4,12,12,1,12,1,1,0,48,1,35,47,35047,4,2014,"1N4AL3AP3EN2","1","N","4","A","L","3","A","P","3","E","N","2",0,0,0,"000000000","00000000000",0,0,0,1,0,0,0,0,0,0,0,998,0,0,0,12,6,2,12,0,0,0,1,48,75237,6,1,0,0,3,0,999,999,0,0,0,0,0,0,0,0,0,0,35,0,0,0,2,4,70,1,1,8,1,0,0,6,50,1,1,2,32,"777777777777","777777777777","777777777777",0,0
48,483133,2,2,0,4,12,12,1,12,1,1,0,48,6,23,401,23401,14,1994,"1GKCS13WXR05","1","G","K","C","S","1","3","W","X","R","0","5",0,0,0,"000000000","00000000000",0,0,0,1,0,0,0,0,0,0,0,998,0,0,0,6,6,2,12,0,0,0,0,0,99997,7,6,97,7,6,7,998,997,998,998,998,998,998,98,9998,98,9998,8,54,0,0,0,2,4,70,1,1,8,1,0,0,0,53,0,0,0,32,"777777777777","777777777777","777777777777",0,0
48,483134,1,1,4,4,12,19,57,25,0,1,0,48,2,12,3,12003,2,2005,"1ZVFT80NX551","1","Z","V","F","T","8","0","N","X","5","5","1",0,0,0,"000000000","00000000000",0,0,0,1,0,0,0,0,0,0,0,998,0,0,0,12,6,2,3,0,0,0,1,48,75038,0,0,0,0,0,0,999,999,0,0,0,0,0,0,0,0,0,0,0,0,0,0,6,1,35,3,1,8,1,0,0,14,13,99,1,4,1,"777777777777","777777777777","777777777777",2,0
48,483135,1,1,3,4,12,2,36,8,0,1,0,48,2,49,32,49032,4,2003,"1NXBR32E73Z0","1","N","X","B","R","3","2","E","7","3","Z","0",0,0,0,"000000000","00000000000",0,0,0,1,0,0,0,0,0,0,0,998,0,0,0,12,6,2,8,0,0,0,1,48,79928,6,1,0,0,3,0,999,999,0,1,0,2,0,9,2015,2,2016,0,0,0,0,0,5,5,40,1,1,8,1,0,0,1,80,99,1,1,13,"777777777777","777777777777","777777777777",0,1
48,483136,1,2,1,4,12,16,25,12,2,1,0,48,1,12,24,12024,6,2014,"2FMDK3JC0EBB","2","F","M","D","K","3","J","C","0","E","B","B",0,0,0,"000000000","00000000000",0,0,0,1,0,0,0,0,0,0,0,998,0,0,0,12,6,2,12,32,0,0,1,48,78155,6,1,0,0,3,3,999,999,0,0,0,0,0,0,0,0,0,0,38,0,0,0,1,2,50,1,1,8,2,0,0,11,15,99,1,1,68,"777777777777","777777777777","777777777777",0,0
48,483136,2,2,1,4,12,16,25,12,2,1,0,48,1,12,24,12024,6,2014,"1B3ES26C64D6","1","B","3","E","S","2","6","C","6","4","D","6",0,0,0,"000000000","00000000000",0,0,0,1,0,0,0,0,0,0,0,998,0,0,0,12,6,2,12,0,0,0,1,96,78155,9,9,99,0,9,9,999,999,99,99,99,99,99,99,9999,99,9999,0,0,0,0,0,1,2,50,1,1,8,2,0,0,1,62,99,1,1,69,"777777777777","777777777777","777777777777",1,0
48,483137,1,1,1,4,12,11,21,24,0,1,0,48,1,41,471,41471,30,1999,"4F4YR12C0XTM","4","F","4","Y","R","1","2","C","0","X","T","M",0,0,0,"000000000","00000000000",0,0,0,1,0,0,0,0,0,0,0,998,0,1,5,1,6,2,24,0,0,0,1,48,76111,6,1,0,0,3,3,999,999,0,0,0,1,0,9,2014,9,2014,0,0,0,0,0,1,2,45,1,2,8,1,0,0,1,13,99,1,4,1,"777777777777","777777777777","777777777777",1,0
48,483138,1,1,1,5,12,8,22,21,0,1,0,48,2,20,421,20421,15,2015,"1GNSCBKC6FR3","1","G","N","S","C","B","K","C","6","F","R","3",0,0,0,"000000000","00000000000",0,0,0,1,0,0,0,0,0,0,0,998,0,0,0,12,6,2,21,0,0,0,1,48,75109,6,1,0,0,3,3,999,999,0,0,0,0,0,0,0,0,0,0,0,0,0,0,3,3,70,1,1,8,1,0,0,15,13,99,1,4,1,"777777777777","777777777777","777777777777",1,0
48,483139,1,3,3,14,12,11,5,12,6,1,0,48,1,49,40,49040,4,1997,"4T1BF22K0VU9","4","T","1","B","F","2","2","K","0","V","U","9",0,0,0,"000000000","00000000000",0,0,0,1,0,0,0,0,0,0,0,998,0,0,0,12,6,2,12,0,0,0,1,48,75041,6,1,0,0,3,3,999,999,0,0,0,0,0,0,0,0,0,0,0,0,0,0,2,4,40,1,1,8,1,3,3,1,62,99,1,1,69,"777777777777","777777777777","777777777777",0,0
48,483139,2,3,2,14,12,11,5,12,6,1,0,48,2,53,34,53034,4,2004,"KL5JD52Z14K9","K","L","5","J","D","5","2","Z","1","4","K","9",0,0,0,"000000000","00000000000",0,0,0,1,0,0,0,0,0,0,0,998,0,0,0,3,6,2,12,0,0,0,1,29,75228,9,9,99,9,9,9,999,999,99,99,99,99,99,99,9999,99,9999,0,0,0,0,0,2,4,40,1,1,8,1,3,3,11,15,99,1,1,68,"777777777777","777777777777","777777777777",1,0
48,483139,3,3,1,14,12,11,5,12,6,1,0,48,1,58,37,58037,4,2005,"JNKCV51E35M2","J","N","K","C","V","5","1","E","3","5","M","2",0,0,0,"000000000","00000000000",0,0,0,1,0,0,0,0,0,0,0,0,0,0,0,12,2,5,12,0,0,0,1,48,75238,6,1,0,0,3,3,999,999,0,0,0,0,0,0,0,0,0,0,0,0,0,0,2,4,40,1,1,8,1,0,0,5,66,1,1,1,98,"777777777777","777777777777","777777777777",0,0
48,483140,1,1,2,5,12,12,55,52,0,1,0,48,1,14,6,14006,4,2010,"2MEBM7FV7AX6","2","M","E","B","M","7","F","V","7","A","X","6",0,0,0,"000000000","00000000000",0,0,0,1,0,0,0,0,0,0,0,998,0,1,5,12,6,2,52,0,0,0,1,48,75765,6,1,0,0,3,3,999,999,0,0,0,1,0,1,2015,1,2015,0,0,0,0,0,1,2,60,1,2,8,2,0,0,6,6,99,4,4,7,"777777777777","777777777777","777777777777",1,0
48,483141,1,2,2,6,12,13,0,12,6,1,0,48,1,7,20,7020,4,2005,"1B3ES56C85D2","1","B","3","E","S","5","6","C","8","5","D","2",0,0,0,"000000000","00000000000",0,0,0,1,0,0,0,0,0,0,0,998,0,0,0,9,6,2,12,0,0,0,1,48,78387,6,1,0,0,3,3,999,999,0,0,0,0,0,0,0,0,0,0,38,0,0,0,1,2,98,8,8,8,98,20,3,1,17,99,1,1,89,"777777777777","777777777777","777777777777",1,0