"STATE","ST_CASE","VEH_NO","VE_FORMS","NUMOCCS","DAY","MONTH","HOUR","MINUTE","HARM_EV","MAN_COLL","UNITTYPE","HIT_RUN","REG_STAT","OWNER","MAKE","MODEL","MAK_MOD","BODY_TYP","MOD_YEAR","VIN","VIN_1","VIN_2","VIN_3","VIN_4","VIN_5","VIN_6","VIN_7","VIN_8","VIN_9","VIN_10","VIN_11","VIN_12","TOW_VEH","J_KNIFE","MCARR_I1","MCARR_I2","MCARR_ID","GVWR","V_CONFIG","CARGO_BT","HAZ_INV","HAZ_PLAC","HAZ_ID","HAZ_CNO","HAZ_REL","BUS_USE","SPEC_USE","EMER_USE","TRAV_SP","UNDERIDE","ROLLOVER","ROLINLOC","IMPACT1","DEFORMED","TOWED","M_HARM","VEH_SC1","VEH_SC2","FIRE_EXP","DR_PRES","L_STATE","DR_ZIP","L_STATUS","L_TYPE","CDL_STAT","L_ENDORS","L_COMPL","L_RESTRI","DR_HGT","DR_WGT","PREV_ACC","PREV_SUS","PREV_DWI","PREV_SPD","PREV_OTH","FIRST_MO","FIRST_YR","LAST_MO","LAST_YR","SPEEDREL","DR_SF1","DR_SF2","DR_SF3","DR_SF4","VTRAFWAY","VNUM_LAN","VSPD_LIM","VALIGN","VPROFILE","VPAVETYP","VSURCOND","VTRAFCON","VTCONT_F","P_CRASH1","P_CRASH2","P_CRASH3","PCRASH4","PCRASH5","ACC_TYPE","TRLR1VIN","TRLR2VIN","TRLR3VIN","DEATHS","DR_DRINK"
48,483174,1,2,1,30,11,18,53,8,0,1,0,48,1,12,481,12481,31,2011,"1FTFW1EF7BFD","1","F","T","F","W","1","E","F","7","B","F","D",0,0,0,"000000000","00000000000",0,0,0,1,0,0,0,0,0,0,0,998,0,0,0,12,2,3,8,0,0,0,1,48,79907,6,1,0,0,3,3,999,999,1,0,0,0,0,12,2011,12,2011,0,0,0,0,0,5,5,40,1,1,8,1,0,0,15,80,99,1,1,13,"777777777777","777777777777","777777777777",0,0
48,483174,2,2,1,30,11,18,53,8,0,1,0,48,2,42,42,42042,4,2005,"WDBRF61JX5F5","W","D","B","R","F","6","1","J","X","5","F","5",0,0,0,"000000000","00000000000",0,0,0,1,0,0,0,0,0,0,0,998,0,0,0,12,2,3,8,0,0,0,1,48,79907,6,1,0,0,3,0,999,999,0,0,0,0,0,0,0,0,0,0,0,0,0,0,5,5,40,1,1,8,1,0,0,1,80,99,1,1,98,"777777777777","777777777777","777777777777",0,0
48,483175,1,1,1,30,11,23,28,59,0,1,0,48,1,20,481,20481,31,2016,"1GCVKREC1GZ3","1","G","C","V","K","R","E","C","1","G","Z","3",0,0,0,"000000000","00000000000",0,0,0,1,0,0,0,0,0,0,0,998,0,0,0,12,6,2,59,0,0,0,1,48,77351,6,1,0,0,3,0,999,999,0,0,0,1,0,12,2011,12,2011,0,0,0,0,0,5,5,45,2,1,8,1,0,0,14,13,99,1,4,1,"777777777777","777777777777","777777777777",1,0
48,483176,1,1,1,30,11,20,18,8,0,1,0,48,1,2,403,2403,14,2016,"1C4BJWFG5GL1","1","C","4","B","J","W","F","G","5","G","L","1",0,0,0,"000000000","00000000000",0,0,0,1,0,0,0,0,0,0,0,998,0,0,0,12,6,2,8,0,0,0,1,48,76567,6,1,0,0,3,0,999,999,0,0,0,0,0,0,0,0,0,0,0,0,0,0,1,2,65,1,3,8,1,0,0,1,80,99,1,1,13,"777777777777","777777777777","777777777777",0,0
48,483177,1,2,1,30,11,8,12,12,6,1,0,48,1,82,881,82881,66,1999,"1FUPDSZB4XDA","1","F","U","P","D","S","Z","B","4","X","D","A",1,1,57,"2843111","572843111",3,6,4,1,0,0,0,0,0,0,0,998,0,0,0,12,2,3,12,0,0,0,1,48,75061,6,1,6,0,3,0,999,999,0,0,0,1,1,1,2012,3,2014,0,0,0,0,0,6,2,55,2,1,8,1,0,0,14,61,99,1,1,48,"1R9ESB5026L0","777777777777","777777777777",0,0
48,483177,2,2,1,30,11,8,12,12,6,1,0,48,1,49,32,49032,4,2004,"1NXBR32E04Z2","1","N","X","B","R","3","2","E","0","4","Z","2",0,0,0,"000000000","00000000000",0,0,0,1,0,0,0,0,0,0,0,998,0,0,0,9,6,2,12,0,0,0,1,48,75243,6,1,0,0,3,0,999,999,0,0,0,0,0,0,0,0,0,0,0,0,0,0,6,1,55,2,1,8,1,0,0,15,12,99,1,4,48,"777777777777","777777777777","777777777777",1,0
48,483178,1,1,1,1,12,5,50,8,0,1,0,48,1,7,880,7880,67,2004,"3D7MA48C44G1","3","D","7","M","A","4","8","C","4","4","G","1",0,0,88,"888888888","88888888888",2,1,97,1,0,0,0,0,0,0,0,998,0,0,0,12,6,2,8,0,0,0,1,48,77665,6,1,6,0,3,0,999,999,0,0,0,0,0,0,0,0,0,0,0,0,0,0,4,2,55,1,1,8,1,0,0,1,80,1,1,1,13,"777777777777","777777777777","777777777777",0,0
48,483179,1,2,9,1,12,7,10,12,1,1,0,48,3,20,461,20461,21,2015,"1GAZGZFGXF12","1","G","A","Z","G","Z","F","G","X","F","1","2",0,0,88,"888888888","88888888888",3,20,22,1,0,0,0,0,1,2,0,0,0,0,0,6,6,2,12,0,0,0,1,48,75862,6,1,0,0,3,3,999,999,0,0,0,0,0,0,0,0,0,0,0,0,0,0,1,2,55,1,1,8,1,0,0,5,53,1,1,1,21,"777777777777","777777777777","777777777777",1,0
48,483179,2,2,4,1,12,7,10,12,1,1,0,48,2,12,481,12481,31,2008,"1FTSW21YX8EB","1","F","T","S","W","2","1","Y","X","8","E","B",0,0,0,"000000000","00000000000",0,0,0,1,0,0,0,0,0,0,0,998,0,0,0,12,6,2,12,0,0,0,1,48,75862,6,2,0,0,3,3,999,999,0,0,0,0,0,0,0,0,0,0,0,0,0,0,1,2,55,1,1,8,1,0,0,1,50,1,1,1,20,"777777777777","777777777777","777777777777",0,0
48,483180,1,1,1,2,12,21,32,8,0,1,0,48,2,12,422,12422,15,2006,"1FMPU17596LB","1","F","M","P","U","1","7","5","9","6","L","B",0,0,0,"000000000","00000000000",0,0,0,1,0,0,0,0,0,0,0,998,0,0,0,12,6,2,8,0,0,0,1,48,75904,0,0,0,0,0,0,999,999,0,0,0,0,0,0,0,0,0,0,0,0,0,0,5,5,40,1,1,8,2,0,0,1,80,99,1,1,13,"777777777777","777777777777","777777777777",0,0
48,483181,1,1,1,2,12,17,55,8,0,1,0,48,1,14,6,14006,4,1997,"2MELM74W8VX6","2","M","E","L","M","7","4","W","8","V","X","6",0,0,0,"000000000","00000000000",0,0,0,1,0,0,0,0,0,0,0,998,0,0,0,12,2,5,8,0,0,0,1,48,75561,6,1,0,0,3,3,999,999,0,0,0,0,0,0,0,0,0,0,0,0,0,0,1,2,55,1,1,8,1,0,0,1,80,99,1,1,13,"777777777777","777777777777","777777777777",0,0
48,483182,1,1,1,2,12,2,49,25,0,1,0,48,1,20,404,20404,14,2007,"2CNDL63FX762","2","C","N","D","L","6","3","F","X","7","6","2",0,0,0,"000000000","00000000000",0,0,0,1,0,0,0,0,0,0,0,998,0,0,0,12,6,2,25,0,0,0,1,48,77083,6,1,0,0,3,0,70,162,0,0,0,0,0,0,0,0,0,0,39,0,0,0,2,3,50,1,1,8,1,3,3,1,14,99,1,4,14,"777777777777","777777777777","777777777777",1,1
48,483183,1,2,1,2,12,23,0,12,6,1,0,48,1,12,35,12035,4,1998,"1FAFP663XWK1","1","F","A","F","P","6","6","3","X","W","K","1",0,0,0,"000000000","00000000000",0,0,0,1,0,0,0,0,0,0,0,998,0,0,0,12,6,2,12,0,0,0,1,48,77859,1,1,0,0,2,0,999,999,1,1,0,0,0,3,2012,11,2016,0,39,0,0,0,1,2,98,8,8,8,2,20,3,1,17,99,1,1,86,"777777777777","777777777777","777777777777",1,1
48,483183,2,2,1,2,12,23,0,12,6,1,0,5,1,12,481,12481,31,2016,"1FT7W2BTXGED","1","F","T","7","W","2","B","T","X","G","E","D",0,0,0,"000000000","00000000000",0,0,0,1,0,0,0,0,0,0,0,998,0,0,0,3,6,2,12,0,0,0,1,5,72142,6,1,6,0,3,3,70,225,0,0,0,1,0,12,2011,12,2011,0,0,0,0,0,1,2,70,1,1,8,2,0,0,1,68,99,1,1,87,"777777777777","777777777777","777777777777",0,0
48,483184,1,3,1,2,12,5,21,8,0,1,0,48,1,12,37,12037,4,2014,"1FADP3F23EL1","1","F","A","D","P","3","F","2","3","E","L","1",0,0,0,"000000000","00000000000",0,0,0,1,0,0,0,0,0,0,0,998,0,0,0,11,2,3,8,0,0,0,1,48,76108,6,1,0,0,3,3,999,999,0,0,0,0,0,0,0,0,0,0,0,0,0,0,6,2,60,1,1,8,1,0,0,1,80,1,1,1,13,"777777777777","777777777777","777777777777",0,0
48,483184,2,3,1,2,12,5,21,8,0,1,1,99,9,99,999,99999,99,9999,"999999999999","9","9","9","9","9","9","9","9","9","9","9","9",9,0,99,"999999999","99999999999",9,99,99,1,0,0,0,0,0,0,0,999,0,0,0,99,9,5,8,99,99,0,1,99,99999,9,9,99,9,9,9,999,999,99,99,99,99,99,99,9999,99,9999,9,0,0,0,0,3,3,60,1,1,8,1,0,0,1,80,99,1,1,98,"777777777777","777777777777","777777777777",0,0
48,483184,3,3,1,2,12,5,21,8,0,1,0,48,1,55,33,55033,4,2012,"5NPEC4AB4CH3","5","N","P","E","C","4","A","B","4","C","H","3",0,0,0,"000000000","00000000000",0,0,0,1,0,0,0,0,0,0,0,998,0,0,0,1,2,3,8,0,0,0,1,48,76014,6,1,0,0,3,0,999,999,0,0,0,0,0,0,0,0,0,0,0,0,0,0,3,3,60,1,1,8,1,0,0,1,80,99,1,1,98,"777777777777","777777777777","777777777777",0,0
48,483185,1,1,1,4,12,0,38,8,0,1,0,92,0,12,423,12423,16,2000,"1FMSU43F7YEE","1","F","M","S","U","4","3","F","7","Y","E","E",0,0,0,"000000000","00000000000",0,0,0,1,0,0,0,0,0,0,0,998,0,1,9,12,6,2,8,0,0,0,1,48,78063,6,1,0,0,3,0,999,999,0,0,0,1,1,2,2014,4,2016,0,0,0,0,0,3,2,70,1,1,8,2,0,0,1,50,6,1,4,6,"777777777777","777777777777","777777777777",0,0
48,483186,1,1,1,6,12,23,53,9,0,1,0,48,1,7,24,7024,4,2007,"2B3KA43G47H7","2","B","3","K","A","4","3","G","4","7","H","7",0,0,0,"000000000","00000000000",0,0,0,1,0,0,0,0,0,0,0,998,0,0,0,12,6,2,9,0,0,0,1,48,76205,6,1,0,0,3,3,999,999,0,0,0,0,0,0,0,0,0,0,0,0,0,0,3,3,50,1,1,8,1,0,0,1,83,99,1,1,13,"777777777777","777777777777","777777777777",0,0
48,483187,1,1,1,8,12,8,4,52,0,1,0,48,0,49,32,49032,4,2007,"1NXBR32E17Z9","1","N","X","B","R","3","2","E","1","7","Z","9",0,0,0,"000000000","00000000000",0,0,0,1,0,0,0,0,0,0,0,998,0,1,5,12,2,3,1,0,0,0,1,99,99999,9,9,99,9,9,9,999,999,99,99,99,99,99,99,9999,99,9999,0,0,0,0,0,2,2,45,1,1,2,1,0,0,1,13,99,4,4,1,"777777777777","777777777777","777777777777",1,1
48,483188,1,1,1,24,7,10,23,8,0,1,1,99,9,99,999,99999,99,9999,"999999999999","9","9","9","9","9","9","9","9","9","9","9","9",0,0,99,"999999999","99999999999",9,99,99,1,0,0,0,0,99,99,9,999,0,0,0,99,9,5,8,99,99,0,1,99,99999,9,9,99,9,9,9,999,999,99,99,99,99,99,99,9999,99,9999,9,0,0,0,0,4,2,40,1,2,8,1,0,0,99,82,99,9,9,13,"777777777777","777777777777","777777777777",0,0
48,483189,1,2,1,30,10,16,33,12,8,1,0,48,2,20,9,20009,2,1999,"2G1FP22G6X21","2","G","1","F","P","2","2","G","6","X","2","1",0,0,0,"000000000","00000000000",0,0,0,1,0,0,0,0,0,0,0,998,0,0,0,11,6,2,12,0,0,0,1,48,75976,6,7,0,0,3,2,999,999,0,3,0,0,0,9,2015,2,2016,0,28,51,73,0,1,2,75,1,1,8,1,0,0,1,10,99,1,2,64,"777777777777","777777777777","777777777777",1,0
48,483189,2,2,1,30,10,16,33,12,8,1,0,93,3,87,884,87884,66,2014,"1XPXDP9XXED2","1","X","P","X","D","P","9","X","X","E","D","2",1,1,57,"171460","57171460",3,6,3,1,0,0,0,0,0,0,0,998,0,0,0,11,6,2,12,0,0,0,1,48,75901,6,1,6,0,3,0,999,999,0,0,0,1,1,3,2013,5,2014,0,0,0,0,0,1,2,75,1,1,8,1,0,0,1,62,99,1,1,65,"13N14820XD15","777777777777","777777777777",0,0
48,483190,1,3,2,5,11,8,56,12,6,1,0,48,1,37,402,37402,14,2007,"JHLRE38557C0","J","H","L","R","E","3","8","5","5","7","C","0",0,0,0,"000000000","00000000000",0,0,0,1,0,0,0,0,0,0,0,998,0,0,0,1,6,2,12,0,0,0,1,48,76248,6,1,0,0,3,3,999,999,1,0,0,1,1,10,2012,8,2013,0,38,39,0,0,5,3,45,1,2,8,1,3,3,11,15,99,1,1,68,"777777777777","777777777777","777777777777",1,0
48,483190,2,3,1,5,11,8,56,12,6,1,0,48,0,7,482,7482,31,2005,"1D7HU18N45S1","1","D","7","H","U","1","8","N","4","5","S","1",0,0,0,"000000000","00000000000",0,0,0,1,0,0,0,0,0,0,0,998,0,0,0,12,2,3,12,0,0,0,1,48,75019,1,1,0,0,2,0,999,999,0,0,0,0,0,0,0,0,0,0,0,0,0,0,5,3,45,1,2,8,1,3,3,1,62,99,1,1,69,"777777777777","777777777777","777777777777",0,0
48,483190,3,3,1,5,11,8,56,12,6,1,0,48,2,32,44,32044,4,2009,"WAUMV94E39N0","W","A","U","M","V","9","4","E","3","9","N","0",0,0,0,"000000000","00000000000",0,0,0,1,0,0,0,0,0,0,0,0,0,0,0,12,2,5,12,0,0,0,1,48,76248,6,1,0,0,3,0,999,999,0,7,0,0,0,2,2012,2,2015,0,0,0,0,0,1,2,98,8,8,8,98,3,3,5,62,1,1,1,98,"777777777777","777777777777","777777777777",0,0
48,483191,1,1,2,11,11,21,40,1,0,1,0,48,1,72,706,72706,80,2007,"1HD1BV5107Y0","1","H","D","1","B","V","5","1","0","7","Y","0",0,0,0,"000000000","00000000000",0,0,0,1,0,0,0,0,0,0,0,998,0,0,0,0,8,2,1,0,0,0,1,48,77091,6,1,0,0,3,0,999,999,0,0,0,0,1,7,2015,7,2015,0,0,0,0,0,1,2,30,3,1,1,1,0,0,14,9,99,1,1,98,"777777777777","777777777777","777777777777",1,0
48,483192,1,1,1,12,11,18,19,8,0,1,0,48,1,23,481,23481,31,2014,"999999999999","9","9","9","9","9","9","9","9","9","9","9","9",0,0,0,"000000000","00000000000",0,0,0,1,0,0,0,0,0,0,0,998,0,0,0,12,6,2,8,0,0,0,1,48,76131,6,1,0,0,3,3,999,999,0,0,0,1,0,9,2014,9,2014,0,0,0,0,0,5,5,45,1,3,8,1,0,0,1,80,99,1,1,13,"777777777777","777777777777","777777777777",0,0
48,483193,1,1,6,15,11,22,55,1,0,1,0,48,2,12,422,12422,15,2002,"1FMRU17L12LA","1","F","M","R","U","1","7","L","1","2","L","A",0,0,0,"000000000","00000000000",0,0,0,1,0,0,0,0,0,0,0,998,0,2,1,0,6,2,1,0,0,0,1,48,77868,6,1,0,0,3,3,999,999,0,9,0,1,0,3,2012,11,2014,0,36,0,0,0,1,2,55,1,1,8,1,0,0,1,8,99,3,2,98,"777777777777","777777777777","777777777777",1,1
48,483194,1,2,1,21,11,1,35,12,1,1,0,48,2,35,47,35047,4,2011,"1N4AL2AP2BN4","1","N","4","A","L","2","A","P","2","B","N","4",0,0,0,"000000000","00000000000",0,0,0,1,0,0,0,0,0,0,0,998,0,0,0,12,6,2,12,0,0,0,1,48,77338,6,1,0,0,3,3,999,999,0,5,1,0,0,9,2015,11,2016,0,0,0,0,0,3,5,65,1,1,8,1,0,0,1,51,99,1,1,24,"777777777777","777777777777","777777777777",1,1
48,483194,2,2,1,21,11,1,35,12,1,1,0,48,3,82,881,82881,66,2016,"3AKJGLBG3GSH","3","A","K","J","G","L","B","G","3","G","S","H",1,1,57,"316654","57316654",3,6,1,1,0,0,0,0,0,0,0,998,0,0,0,6,2,3,12,0,0,0,1,48,77093,6,1,6,0,3,0,999,999,0,0,0,0,0,0,0,0,0,0,0,0,0,0,3,5,65,1,1,8,1,0,0,1,53,99,1,1,25,"1DTV61Z27XA2","777777777777","777777777777",0,0
48,483195,1,1,1,23,11,7,56,8,0,1,0,48,2,49,402,49402,14,2007,"JTMZD31V7760","J","T","M","Z","D","3","1","V","7","7","6","0",0,0,0,"000000000","00000000000",0,0,0,1,0,0,0,0,0,0,0,998,0,0,0,3,2,3,8,0,0,0,1,48,77642,6,1,0,0,3,3,999,999,0,0,0,0,0,0,0,0,0,5,0,0,0,0,3,2,55,3,1,8,2,0,0,14,9,99,4,4,7,"777777777777","777777777777","777777777777",0,0
48,483196,1,2,1,23,11,3,36,8,0,1,1,99,9,99,999,99999,99,9999,"999999999999","9","9","9","9","9","9","9","9","9","9","9","9",0,0,99,"999999999","99999999999",9,99,99,1,0,0,0,0,0,99,9,999,0,0,0,99,9,5,8,99,99,0,1,99,99999,9,9,99,9,9,9,999,999,99,99,99,99,99,99,9999,99,9999,9,0,0,0,0,3,3,70,1,1,8,1,0,0,1,80,99,1,1,13,"777777777777","777777777777","777777777777",0,0
48,483196,2,2,1,23,11,3,36,8,0,1,0,48,1,52,34,52034,4,2009,"4A3AB36F59E0","4","A","3","A","B","3","6","F","5","9","E","0",0,0,0,"000000000","00000000000",0,0,0,1,0,0,0,0,0,0,0,998,0,0,0,12,2,3,8,0,0,0,1,48,78640,6,1,0,0,3,0,999,999,0,0,0,0,0,0,0,0,0,0,0,0,0,0,3,3,70,1,1,8,1,0,0,1,80,99,1,1,98,"777777777777","777777777777","777777777777",0,0
48,483197,1,2,1,26,11,0,50,12,2,1,0,48,1,19,21,19021,4,2008,"1G6DW67V9801","1","G","6","D","W","6","7","V","9","8","0","1",0,0,0,"000000000","00000000000",0,0,0,1,0,0,0,0,0,0,0,998,0,1,1,12,6,2,12,0,0,0,1,48,78666,6,1,0,0,3,3,999,999,0,2,0,2,0,5,2014,1,2015,3,28,51,0,0,1,4,65,1,3,8,1,0,0,1,10,99,1,2,50,"777777777777","777777777777","777777777777",1,1
48,483197,2,2,2,26,11,0,50,12,2,1,0,47,1,58,39,58039,6,2011,"JN8AS1MUXBM7","J","N","8","A","S","1","M","U","X","B","M","7",0,0,0,"000000000","00000000000",0,0,0,1,0,0,0,0,0,0,0,998,0,0,0,12,6,2,12,0,0,0,1,47,37917,6,1,0,0,3,3,66,127,0,0,0,0,0,0,0,0,0,0,0,0,0,0,1,4,65,1,3,8,1,0,0,1,62,99,1,1,51,"777777777777","777777777777","777777777777",2,0
48,483198,1,1,1,27,11,18,5,8,0,1,1,99,9,99,999,99999,99,9999,"999999999999","9","9","9","9","9","9","9","9","9","9","9","9",0,0,99,"999999999","99999999999",9,99,99,1,0,0,0,0,99,99,9,999,0,0,0,12,2,5,8,99,99,0,1,99,99999,9,9,99,9,9,9,999,999,99,99,99,99,99,99,9999,99,9999,0,0,0,0,0,2,2,35,1,1,1,1,0,0,1,80,99,1,1,13,"777777777777","777777777777","777777777777",0,0
48,483199,1,2,2,27,11,21,53,12,6,1,0,48,0,35,472,35472,30,2000,"1N6DD26S5YC3","1","N","6","D","D","2","6","S","5","Y","C","3",0,0,0,"000000000","00000000000",0,0,0,1,0,0,0,0,0,0,0,998,0,0,0,1,6,2,12,0,0,0,1,48,76574,6,1,0,0,3,0,999,999,0,0,0,0,0,0,0,0,0,0,38,0,0,0,5,5,65,1,1,8,1,0,0,11,15,99,1,1,68,"777777777777","777777777777","777777777777",1,0
48,483199,2,2,2,27,11,21,53,12,6,1,0,46,1,24,401,24401,14,2004,"5GZCZ23D94S8","5","G","Z","C","Z","2","3","D","9","4","S","8",0,0,0,"000000000","00000000000",0,0,0,1,0,0,0,0,0,0,0,998,0,0,0,12,6,2,12,0,0,0,1,46,77845,6,1,0,0,3,3,73,210,0,0,0,0,0,0,0,0,0,0,0,0,0,0,5,5,65,1,1,8,1,0,0,1,62,99,1,1,69,"777777777777","777777777777","777777777777",0,0
48,483200,1,2,1,28,11,6,55,12,6,1,0,48,3,20,884,20884,61,2013,"1GB3CZC88DF2","1","G","B","3","C","Z","C","8","8","D","F","2",0,0,88,"888888888","88888888888",2,1,97,1,0,0,0,0,0,0,0,998,0,0,0,12,6,2,12,0,0,0,1,48,78545,6,1,6,0,3,3,999,999,0,0,0,1,0,4,2014,4,2014,0,39,0,0,0,6,2,98,8,8,8,98,20,3,1,17,99,1,1,86,"777777777777","777777777777","777777777777",1,0
48,483200,2,2,1,28,11,6,55,12,6,1,0,93,3,82,881,82881,66,2012,"1FUJGEDV2CSB","1","F","U","J","G","E","D","V","2","C","S","B",1,1,57,"187774","57187774",3,6,1,1,0,0,0,0,0,0,0,998,0,0,0,4,2,3,12,0,0,0,1,48,78045,6,1,6,0,3,3,999,999,0,0,0,0,0,0,0,0,0,0,0,0,0,0,1,2,75,1,1,8,1,0,0,1,66,6,1,1,87,"1JJ532W19L27","777777777777","777777777777",0,0
48,483201,1,1,1,29,11,5,30,42,0,1,0,48,2,20,37,20037,4,2011,"1G1ZB5N16BF3","1","G","1","Z","B","5","N","1","6","B","F","3",0,0,0,"000000000","00000000000",0,0,0,1,0,0,0,0,0,0,0,998,0,0,0,12,6,2,42,0,0,0,1,48,78629,6,1,0,0,3,0,999,999,0,10,0,0,2,3,2013,12,2015,0,0,0,0,0,1,2,65,1,2,8,1,0,0,1,12,99,1,4,6,"777777777777","777777777777","777777777777",1,0
48,483202,1,1,1,30,11,11,50,10,0,1,0,48,2,23,431,23431,16,1993,"1GKEC16K3PJ7","1","G","K","E","C","1","6","K","3","P","J","7",0,0,0,"000000000","00000000000",0,0,0,1,0,0,0,0,0,0,0,998,0,1,5,3,6,2,10,0,0,0,1,48,76384,6,1,0,0,3,0,999,999,1,0,0,1,0,5,2012,7,2013,0,38,39,0,0,1,2,60,2,1,8,1,65,3,14,90,99,1,1,98,"777777777777","777777777777","777777777777",1,0
48,483203,1,1,2,23,11,0,23,1,0,1,0,48,2,7,482,7482,31,2008,"1D7HA16K18J1","1","D","7","H","A","1","6","K","1","8","J","1",0,0,0,"000000000","00000000000",0,0,0,1,0,0,0,0,0,0,0,998,0,2,1,0,6,2,1,0,0,0,1,48,78596,0,0,0,0,0,0,999,999,0,0,0,0,0,0,0,0,0,0,39,91,0,0,1,2,30,1,1,8,1,20,3,11,9,7,9,6,98,"777777777777","777777777777","777777777777",1,1
48,483204,1,2,1,28,11,9,0,12,6,1,0,48,1,14,6,14006,4,2008,"2MEFM74V48X6","2","M","E","F","M","7","4","V","4","8","X","6",0,0,0,"000000000","00000000000",0,0,0,1,0,0,0,0,0,0,0,998,0,0,0,9,6,2,12,0,0,0,1,48,77611,6,1,0,0,3,0,999,999,0,0,0,0,0,0,0,0,0,0,30,38,0,0,0,0,0,0,0,0,0,0,0,98,15,99,1,7,90,"777777777777","777777777777","777777777777",1,0
48,483204,2,2,1,28,11,9,0,12,6,1,0,48,0,12,471,12471,30,1996,"1FTCR14U0TPB","1","F","T","C","R","1","4","U","0","T","P","B",0,0,0,"000000000","00000000000",0,0,0,1,0,0,0,0,0,0,0,998,0,0,0,12,6,2,12,0,0,0,1,48,77611,6,2,0,0,3,3,999,999,0,0,0,0,0,0,0,0,0,0,0,0,0,0,5,7,45,1,1,8,1,0,0,1,71,6,1,2,90,"777777777777","777777777777","777777777777",0,0
48,483205,1,2,1,1,12,20,31,8,0,1,1,99,9,99,999,99999,99,9999,"999999999999","9","9","9","9","9","9","9","9","9","9","9","9",0,0,99,"999999999","99999999999",9,99,99,1,0,0,0,0,99,99,9,999,0,0,0,99,9,5,8,99,99,0,1,99,99999,9,9,99,9,9,9,999,999,99,99,99,99,99,99,9999,99,9999,9,0,0,0,0,5,7,50,1,2,1,1,0,0,1,80,99,1,1,13,"777777777777","777777777777","777777777777",0,0
48,483205,2,2,1,1,12,20,31,8,0,1,0,48,1,54,421,54421,15,2016,"5FRYD4H41GB0","5","F","R","Y","D","4","H","4","1","G","B","0",0,0,0,"000000000","00000000000",0,0,0,1,0,0,0,0,0,0,0,998,0,0,0,12,2,5,8,0,0,0,1,48,77613,6,1,0,0,3,3,999,999,0,0,0,0,0,0,0,0,0,0,0,0,0,0,5,7,50,1,2,1,1,0,0,1,80,99,1,1,98,"777777777777","777777777777","777777777777",0,0
48,483206,1,4,1,2,12,22,41,12,1,1,0,48,1,18,7,18007,4,2001,"2G4WS52J4112","2","G","4","W","S","5","2","J","4","1","1","2",0,0,0,"000000000","00000000000",0,0,0,1,0,0,0,0,0,0,0,998,0,0,0,6,6,2,12,0,0,0,1,48,79701,0,0,0,0,0,0,999,999,0,3,0,0,0,12,2015,6,2016,0,27,0,0,0,2,2,75,3,2,8,2,0,0,15,10,99,1,2,32,"777777777777","777777777777","777777777777",0,1
48,483206,2,4,2,2,12,22,41,12,1,1,0,45,2,87,884,87884,66,2015,"1XPBDP9X4FD2","1","X","P","B","D","P","9","X","4","F","D","2",1,1,57,"551480","57551480",3,6,1,1,0,0,0,0,0,0,0,998,0,0,0,12,6,2,12,0,0,0,1,37,28205,6,1,6,0,3,3,70,999,0,1,0,0,3,4,2012,10,2016,4,0,0,0,0,2,2,75,3,2,8,2,0,0,14,61,99,1,1,32,"1JJV532W56L0","777777777777","777777777777",0,0
48,483206,3,4,8,2,12,22,41,12,1,1,0,48,2,20,461,20461,21,2015,"1GB3G3BLXF11","1","G","B","3","G","3","B","L","X","F","1","1",0,0,88,"888888888","88888888888",2,20,22,1,0,0,0,0,1,2,0,998,0,0,0,12,6,2,12,0,0,0,1,48,79744,6,1,0,0,3,3,999,999,0,0,0,0,0,0,0,0,0,0,0,0,0,0,2,2,75,2,2,8,2,0,0,14,62,99,1,1,98,"777777777777","777777777777","777777777777",1,0
48,483206,4,4,2,2,12,22,41,12,1,1,0,48,1,12,422,12422,15,2016,"1FMJU1HT9GEF","1","F","M","J","U","1","H","T","9","G","E","F",0,0,0,"000000000","00000000000",0,0,0,1,0,0,0,0,0,0,0,998,0,0,0,12,6,2,12,0,0,0,1,48,79744,6,1,0,0,3,3,999,999,0,0,0,0,0,0,0,0,0,0,0,0,0,0,2,2,75,2,2,8,2,0,0,14,62,99,1,1,98,"777777777777","777777777777","777777777777",0,0
48,483207,1,2,3,2,12,6,43,12,6,1,0,48,3,12,880,12880,67,2016,"3C7WRNFL3GG3","3","C","7","W","R","N","F","L","3","G","G","3",0,0,88,"888888888","88888888888",2,1,97,1,0,0,0,0,0,0,0,998,0,0,0,1,6,2,12,0,0,0,1,48,79706,1,1,0,0,2,3,999,999,0,29,1,2,1,4,2012,11,2016,0,51,0,0,0,1,2,70,1,1,8,1,0,0,1,8,99,2,2,64,"777777777777","777777777777","777777777777",2,0
48,483207,2,2,1,2,12,6,43,12,6,1,0,48,1,12,881,12881,61,2008,"1FTXW43R98EC","1","F","T","X","W","4","3","R","9","8","E","C",0,0,88,"888888888","88888888888",2,1,97,1,0,0,0,0,0,0,0,998,0,0,0,12,6,2,12,0,0,0,1,48,78541,6,1,0,0,3,0,999,999,0,0,0,2,0,6,2014,11,2015,0,0,0,0,0,1,2,70,1,1,8,1,0,0,1,62,9,2,1,65,"777777777777","777777777777","777777777777",0,0