"STATE","ST_CASE","VEH_NO","VE_FORMS","NUMOCCS","DAY","MONTH","HOUR","MINUTE","HARM_EV","MAN_COLL","UNITTYPE","HIT_RUN","REG_STAT","OWNER","MAKE","MODEL","MAK_MOD","BODY_TYP","MOD_YEAR","VIN","VIN_1","VIN_2","VIN_3","VIN_4","VIN_5","VIN_6","VIN_7","VIN_8","VIN_9","VIN_10","VIN_11","VIN_12","TOW_VEH","J_KNIFE","MCARR_I1","MCARR_I2","MCARR_ID","GVWR","V_CONFIG","CARGO_BT","HAZ_INV","HAZ_PLAC","HAZ_ID","HAZ_CNO","HAZ_REL","BUS_USE","SPEC_USE","EMER_USE","TRAV_SP","UNDERIDE","ROLLOVER","ROLINLOC","IMPACT1","DEFORMED","TOWED","M_HARM","VEH_SC1","VEH_SC2","FIRE_EXP","DR_PRES","L_STATE","DR_ZIP","L_STATUS","L_TYPE","CDL_STAT","L_ENDORS","L_COMPL","L_RESTRI","DR_HGT","DR_WGT","PREV_ACC","PREV_SUS","PREV_DWI","PREV_SPD","PREV_OTH","FIRST_MO","FIRST_YR","LAST_MO","LAST_YR","SPEEDREL","DR_SF1","DR_SF2","DR_SF3","DR_SF4","VTRAFWAY","VNUM_LAN","VSPD_LIM","VALIGN","VPROFILE","VPAVETYP","VSURCOND","VTRAFCON","VTCONT_F","P_CRASH1","P_CRASH2","P_CRASH3","PCRASH4","PCRASH5","ACC_TYPE","TRLR1VIN","TRLR2VIN","TRLR3VIN","DEATHS","DR_DRINK"
48,483208,1,3,2,3,12,11,51,12,7,1,0,48,0,49,32,49032,4,2014,"5YFBURHE5EP1","5","Y","F","B","U","R","H","E","5","E","P","1",0,0,0,"000000000","00000000000",0,0,0,1,0,0,0,0,0,0,0,998,0,0,0,5,6,2,12,0,0,0,1,40,78655,6,2,0,0,3,3,65,140,0,0,0,0,0,0,0,0,0,4,0,0,0,0,1,4,70,1,1,8,2,0,0,1,9,99,2,2,44,"777777777777","777777777777","777777777777",2,0
48,483208,2,3,1,3,12,11,51,12,7,1,0,48,2,20,481,20481,31,1998,"1GCEC19R3WR1","1","G","C","E","C","1","9","R","3","W","R","1",0,0,0,"000000000","00000000000",0,0,0,1,0,0,0,0,0,0,0,998,0,0,0,9,6,2,42,0,0,0,1,48,78636,6,1,0,0,3,0,999,999,0,0,0,0,0,0,0,0,0,0,0,0,0,0,1,4,70,1,1,8,2,0,0,1,60,99,1,1,45,"777777777777","777777777777","777777777777",0,0
48,483208,3,3,6,3,12,11,51,12,7,1,0,48,1,20,422,20422,15,2013,"1GNSKJE75DR3","1","G","N","S","K","J","E","7","5","D","R","3",0,0,0,"000000000","00000000000",0,0,0,1,0,0,0,0,0,0,0,998,0,0,0,12,6,2,12,0,0,0,1,48,76020,6,1,0,0,3,0,999,999,0,0,0,0,0,0,0,0,0,0,0,0,0,0,1,4,70,1,1,8,2,0,0,1,62,99,1,1,98,"777777777777","777777777777","777777777777",2,0
48,483209,1,1,3,3,12,17,10,1,0,1,0,48,2,20,16,20016,4,1998,"1G1JF52T5W71","1","G","1","J","F","5","2","T","5","W","7","1",0,0,0,"000000000","00000000000",0,0,0,1,0,0,0,0,0,0,0,998,0,1,5,0,6,2,1,32,0,0,1,48,76255,6,1,0,0,3,3,999,999,0,0,0,0,0,0,0,0,0,4,58,0,0,0,1,2,60,1,1,8,2,0,0,1,13,6,3,4,7,"777777777777","777777777777","777777777777",1,1
48,483210,1,2,1,3,12,17,5,12,2,1,0,48,1,12,422,12422,15,2006,"1FMPU15596LA","1","F","M","P","U","1","5","5","9","6","L","A",0,0,0,"000000000","00000000000",0,0,0,1,0,0,0,0,0,0,0,998,0,1,1,12,6,2,12,0,0,0,1,48,75604,6,1,0,0,3,0,999,999,1,0,0,2,0,1,2012,1,2013,0,28,51,0,0,1,2,70,1,1,8,2,0,0,1,10,99,1,2,50,"777777777777","777777777777","777777777777",0,0
48,483210,2,2,3,3,12,17,5,12,2,1,0,48,1,23,402,23402,14,2015,"2GKALREK7F61","2","G","K","A","L","R","E","K","7","F","6","1",0,0,0,"000000000","00000000000",0,0,0,1,0,0,0,0,0,0,0,998,0,0,0,12,6,2,12,0,0,0,1,48,75662,6,1,0,0,3,0,999,999,0,0,0,0,0,0,0,0,0,0,0,0,0,0,1,2,70,1,1,8,2,0,0,1,62,99,1,1,51,"777777777777","777777777777","777777777777",2,0
48,483211,1,1,2,3,12,2,58,8,0,1,0,48,1,49,40,49040,4,2012,"4T1BF1FK0CU1","4","T","1","B","F","1","F","K","0","C","U","1",0,0,0,"000000000","00000000000",0,0,0,1,0,0,0,0,0,0,0,998,0,0,0,12,6,2,8,0,0,0,1,48,76574,6,1,0,0,3,0,999,999,1,0,0,2,0,5,2012,6,2016,0,0,0,0,0,2,2,55,1,1,8,2,0,0,1,82,99,1,1,13,"777777777777","777777777777","777777777777",0,0
48,483212,1,4,1,4,12,5,42,12,6,1,0,48,1,35,47,35047,4,2007,"1N4AL21E87C2","1","N","4","A","L","2","1","E","8","7","C","2",0,0,0,"000000000","00000000000",0,0,0,1,0,0,0,0,0,0,0,0,0,0,0,9,6,2,12,0,0,0,1,48,75231,6,1,0,0,3,3,999,999,0,0,0,0,1,6,2015,6,2015,0,54,0,0,0,3,3,60,1,1,8,2,0,0,5,53,1,1,1,48,"777777777777","777777777777","777777777777",1,0
48,483212,2,4,1,4,12,5,42,12,6,1,0,48,1,55,402,55402,14,2012,"KM8JU3AC0CU4","K","M","8","J","U","3","A","C","0","C","U","4",0,0,0,"000000000","00000000000",0,0,0,1,0,0,0,0,0,0,0,998,0,0,0,12,6,2,12,0,0,0,1,48,75006,0,0,0,0,0,0,999,999,0,18,0,3,5,12,2011,8,2016,0,0,0,0,0,3,3,60,1,1,8,2,0,0,1,50,1,1,1,48,"777777777777","777777777777","777777777777",0,0
48,483212,3,4,1,4,12,5,42,12,6,1,0,48,1,35,47,35047,4,2007,"1N4AL21E37N4","1","N","4","A","L","2","1","E","3","7","N","4",0,0,0,"000000000","00000000000",0,0,0,1,0,0,0,0,0,0,0,998,0,0,0,12,6,2,12,0,0,0,1,48,75224,6,1,0,0,3,0,999,999,0,0,0,1,0,10,2015,10,2015,0,0,0,0,0,3,3,60,1,1,8,2,0,0,1,50,1,1,1,98,"777777777777","777777777777","777777777777",0,0
48,483212,4,4,1,4,12,5,42,12,6,1,0,48,1,52,37,52037,3,2000,"4A3AC44G6YE0","4","A","3","A","C","4","4","G","6","Y","E","0",0,0,0,"000000000","00000000000",0,0,0,1,0,0,0,0,0,0,0,998,0,0,0,14,8,5,54,0,0,0,1,48,75060,6,1,0,0,3,0,999,999,0,0,0,0,0,0,0,0,0,0,0,0,0,0,3,3,60,1,1,8,2,0,0,1,98,99,1,1,98,"777777777777","777777777777","777777777777",0,0
48,483213,1,1,1,4,12,19,48,38,0,1,0,48,1,12,481,12481,31,2015,"1FTEW1CF0FKE","1","F","T","E","W","1","C","F","0","F","K","E",0,0,0,"000000000","00000000000",0,0,0,1,0,0,0,0,0,0,0,998,0,1,6,98,6,2,38,0,0,0,1,48,78140,6,1,0,0,3,0,999,999,1,1,0,0,0,6,2012,7,2012,0,58,87,0,0,1,2,70,1,3,8,2,0,0,1,13,6,2,4,6,"777777777777","777777777777","777777777777",1,1
48,483214,1,1,1,4,12,1,29,32,0,1,0,48,2,23,481,23481,31,2006,"1GTGC13U96F1","1","G","T","G","C","1","3","U","9","6","F","1",0,0,0,"000000000","00000000000",0,0,0,1,0,0,0,0,0,0,0,998,0,1,5,14,6,2,1,0,0,0,1,48,76692,3,1,0,0,2,0,999,999,0,0,0,0,0,0,0,0,0,4,58,28,0,0,1,2,55,2,1,8,2,0,0,1,6,7,2,4,6,"777777777777","777777777777","777777777777",1,1
48,483215,1,1,1,10,12,11,30,1,0,1,0,93,1,85,884,85884,66,2008,"1XKWD49X38J2","1","X","K","W","D","4","9","X","3","8","J","2",1,1,57,"1690179","571690179",3,6,2,1,0,0,0,0,0,0,0,998,0,1,5,0,6,2,1,0,0,1,1,48,79764,6,1,6,0,3,3,999,999,0,0,0,1,1,7,2016,7,2016,4,99,99,99,99,1,2,70,3,2,8,1,0,0,14,13,6,9,4,1,"1NNG04222CL0","777777777777","777777777777",1,0
48,483216,1,1,1,11,12,2,39,33,0,1,0,48,0,73,705,73705,80,2005,"JKBZXJC105A0","J","K","B","Z","X","J","C","1","0","5","A","0",0,0,0,"000000000","00000000000",0,0,0,1,0,0,0,0,0,0,0,998,0,0,0,98,8,2,43,0,0,0,1,48,99999,0,0,0,0,0,0,65,175,0,0,0,0,0,0,0,0,0,3,28,0,0,0,2,2,35,1,1,1,1,0,0,1,13,99,1,4,1,"777777777777","777777777777","777777777777",1,1
48,483217,1,2,1,5,12,15,50,12,1,1,0,48,1,49,32,49032,4,2010,"2T1BU4EE9AC5","2","T","1","B","U","4","E","E","9","A","C","5",0,0,0,"000000000","00000000000",0,0,0,1,0,0,0,0,0,0,0,998,0,0,0,12,6,2,12,0,0,0,1,48,75501,6,1,0,0,3,0,999,999,0,0,0,3,0,8,2013,6,2015,5,89,0,0,0,1,2,40,1,1,8,2,0,0,1,8,1,1,1,20,"777777777777","777777777777","777777777777",1,0
48,483217,2,2,1,5,12,15,50,12,1,1,0,48,1,34,39,34039,2,1997,"4USCJ3324VLC","4","U","S","C","J","3","3","2","4","V","L","C",0,0,0,"000000000","00000000000",0,0,0,1,0,0,0,0,0,0,0,0,0,0,0,6,6,2,12,0,0,0,1,48,75501,6,1,0,0,3,0,999,999,1,0,0,0,1,5,2012,10,2014,0,0,0,0,0,1,2,40,1,1,8,2,0,0,5,53,1,1,1,21,"777777777777","777777777777","777777777777",0,0
48,483218,1,2,2,5,12,6,44,12,6,1,0,48,2,12,481,12481,31,2007,"1FTWW33P67EA","1","F","T","W","W","3","3","P","6","7","E","A",0,0,0,"000000000","00000000000",0,0,0,1,0,0,0,0,0,0,0,998,0,1,5,82,6,2,12,0,0,0,1,48,79763,6,1,6,0,3,3,999,999,0,0,0,0,0,0,0,0,0,3,39,0,0,0,1,2,98,8,8,8,98,20,3,1,17,99,1,1,87,"777777777777","777777777777","777777777777",1,0
48,483218,2,2,3,5,12,6,44,12,6,1,0,48,3,12,481,12481,40,2015,"1FT8W3BT0FEA","1","F","T","8","W","3","B","T","0","F","E","A",1,1,57,"649806","57649806",2,4,3,1,0,0,0,0,0,0,0,998,0,0,0,12,6,2,12,0,0,0,1,48,79763,6,1,6,0,3,0,999,999,0,0,0,0,0,0,0,0,0,0,0,0,0,0,1,2,55,1,1,8,1,0,0,1,66,99,1,1,86,"000000000000","777777777777","777777777777",0,0
48,483219,1,1,1,5,12,6,40,30,0,1,0,48,2,12,461,12461,21,2005,"1FTRE14W15HB","1","F","T","R","E","1","4","W","1","5","H","B",0,0,0,"000000000","00000000000",0,0,0,1,0,0,0,0,0,0,0,998,0,0,0,12,6,2,30,0,0,0,1,48,77012,6,1,0,0,3,0,67,177,0,0,0,0,0,0,0,0,0,0,28,0,0,0,4,3,60,1,1,1,2,0,0,1,12,99,1,4,6,"777777777777","777777777777","777777777777",1,1
48,483220,1,1,1,5,12,19,28,19,0,1,0,48,1,37,32,37032,4,2016,"1HGCR2F99GA0","1","H","G","C","R","2","F","9","9","G","A","0",0,0,0,"000000000","00000000000",0,0,0,1,0,0,0,0,0,0,0,998,0,0,0,12,2,3,19,0,0,0,1,48,75025,6,1,0,0,3,3,999,999,1,0,0,0,0,9,2014,9,2014,0,99,99,99,99,4,3,20,2,1,8,2,0,0,14,12,99,1,4,6,"777777777777","777777777777","777777777777",1,1
48,483221,1,2,1,5,12,17,52,25,0,1,0,48,2,21,21,21021,4,2000,"1G3NK52T7YC3","1","G","3","N","K","5","2","T","7","Y","C","3",0,0,0,"000000000","00000000000",0,0,0,1,0,0,0,0,0,0,0,998,0,0,0,3,6,2,12,0,0,0,1,48,77901,6,1,0,0,3,0,999,999,0,0,0,2,0,3,2016,8,2016,0,58,0,0,0,1,2,60,1,1,8,1,0,0,1,13,1,1,4,1,"777777777777","777777777777","777777777777",1,0
48,483221,2,2,1,5,12,17,52,25,0,1,0,48,2,12,481,12481,31,2015,"1FTEW1EP9FKD","1","F","T","E","W","1","E","P","9","F","K","D",0,0,0,"000000000","00000000000",0,0,0,1,0,0,0,0,0,0,0,998,0,0,0,12,6,2,12,0,0,0,1,48,77904,6,1,0,0,3,3,999,999,0,0,0,0,1,5,2016,5,2016,0,0,0,0,0,1,2,60,1,1,8,1,0,0,1,62,99,1,1,98,"777777777777","777777777777","777777777777",0,0
48,483222,1,1,2,6,12,22,34,42,0,1,0,48,2,7,482,7482,31,2012,"1C6RD7KT9CS1","1","C","6","R","D","7","K","T","9","C","S","1",0,0,0,"000000000","00000000000",0,0,0,1,0,0,0,0,0,0,0,998,0,1,5,3,6,2,42,0,0,0,1,48,75661,6,1,0,0,3,0,999,999,0,0,0,0,0,0,0,0,0,4,91,0,0,0,1,2,60,3,1,8,2,0,0,14,6,99,2,4,2,"777777777777","777777777777","777777777777",1,0
48,483223,1,3,1,6,12,12,48,12,6,1,0,40,1,20,481,20481,31,2014,"1GCVKREC2EZ3","1","G","C","V","K","R","E","C","2","E","Z","3",0,0,0,"000000000","00000000000",0,0,0,1,0,0,0,0,0,0,0,998,0,0,0,11,6,2,12,0,0,0,1,40,74728,6,1,0,0,3,0,69,226,0,0,0,0,0,0,0,0,0,0,28,0,0,0,1,2,65,1,1,8,1,0,0,1,10,99,1,2,64,"777777777777","777777777777","777777777777",1,0
48,483223,2,3,1,6,12,12,48,12,6,1,0,48,1,12,481,12481,31,2003,"1FTNX21L03EA","1","F","T","N","X","2","1","L","0","3","E","A",0,0,0,"000000000","00000000000",0,0,0,1,0,0,0,0,0,0,0,998,0,0,0,7,6,2,12,0,0,0,1,48,75416,6,1,0,0,3,0,999,999,0,0,0,0,0,0,0,0,0,0,0,0,0,0,1,2,65,1,1,8,1,0,0,1,62,7,1,1,65,"777777777777","777777777777","777777777777",0,0
48,483223,3,3,1,6,12,12,48,12,6,1,0,48,1,7,482,7482,31,2004,"1D7HA18D94S5","1","D","7","H","A","1","8","D","9","4","S","5",0,0,0,"000000000","00000000000",0,0,0,1,0,0,0,0,0,0,0,998,0,0,0,12,6,2,12,0,0,0,1,48,75473,6,1,0,0,3,3,999,999,0,0,0,0,0,0,0,0,0,0,0,0,0,0,1,2,65,1,1,8,1,0,0,1,62,7,1,1,98,"777777777777","777777777777","777777777777",1,0
48,483224,1,2,2,6,12,16,45,12,6,1,0,48,1,12,481,12481,31,2009,"1FTSX20YX9EA","1","F","T","S","X","2","0","Y","X","9","E","A",0,0,0,"000000000","00000000000",0,0,0,1,0,0,0,0,0,0,0,998,0,1,1,1,6,2,1,0,0,0,1,48,77963,6,1,0,0,3,0,999,999,0,0,0,2,2,7,2012,12,2015,0,39,0,0,0,1,2,60,1,1,8,1,20,3,1,17,99,1,1,87,"777777777777","777777777777","777777777777",1,0
48,483224,2,2,1,6,12,16,45,12,6,1,0,48,1,22,441,22441,20,2006,"1GMDV33L56D1","1","G","M","D","V","3","3","L","5","6","D","1",0,0,0,"000000000","00000000000",0,0,0,1,0,0,0,0,0,0,0,998,0,0,0,12,6,2,12,0,0,0,1,48,77905,1,1,0,0,2,0,999,999,0,1,0,1,0,8,2016,10,2016,0,0,0,0,0,1,2,98,8,8,8,98,0,0,1,66,99,1,1,86,"777777777777","777777777777","777777777777",0,0
48,483225,1,2,1,7,12,21,39,12,2,1,0,48,3,20,481,20481,31,2015,"1GC0CUEG0FZ5","1","G","C","0","C","U","E","G","0","F","Z","5",0,0,0,"000000000","00000000000",0,0,0,1,0,0,0,0,0,0,0,998,0,0,0,12,6,2,12,0,0,0,1,48,78610,6,1,0,0,3,0,999,999,0,0,0,0,1,11,2014,11,2014,0,28,51,91,0,1,2,60,2,2,8,1,0,0,14,10,99,1,2,50,"777777777777","777777777777","777777777777",0,1
48,483225,2,2,1,7,12,21,39,12,2,1,0,48,1,35,51,35051,6,2011,"JN8AS5MT0BW1","J","N","8","A","S","5","M","T","0","B","W","1",0,0,0,"000000000","00000000000",0,0,0,1,0,0,0,0,0,0,0,998,0,0,0,12,6,2,12,0,0,0,1,48,78640,6,1,0,0,3,3,999,999,0,0,0,0,0,0,0,0,0,0,0,0,0,0,1,2,60,3,2,8,1,0,0,14,62,99,1,1,51,"777777777777","777777777777","777777777777",1,0
48,483226,1,1,3,7,12,5,32,35,0,1,0,48,2,63,38,63038,2,2010,"KNAFU6A2XA51","K","N","A","F","U","6","A","2","X","A","5","1",0,0,0,"000000000","00000000000",0,0,0,1,0,0,0,0,0,0,0,998,0,1,3,12,6,2,35,0,0,0,1,48,75235,6,1,0,0,3,0,999,999,0,0,0,3,0,2,2012,10,2016,0,0,0,0,0,2,2,70,1,1,8,1,0,0,1,12,99,1,4,6,"777777777777","777777777777","777777777777",1,1
48,483227,1,2,1,8,12,7,18,12,6,1,0,48,1,54,35,54035,4,2010,"19UUA8F28AA0","1","9","U","U","A","8","F","2","8","A","A","0",0,0,0,"000000000","00000000000",0,0,0,1,0,0,0,0,0,0,0,998,0,0,0,12,6,2,12,0,0,0,1,48,76133,6,1,0,0,3,0,999,999,0,4,0,1,4,6,2014,11,2016,0,0,0,0,0,2,3,40,1,1,8,1,0,0,1,17,99,1,1,83,"777777777777","777777777777","777777777777",1,0
48,483227,2,2,1,8,12,7,18,12,6,1,0,48,1,12,481,12481,31,2005,"1FTPX14585NB","1","F","T","P","X","1","4","5","8","5","N","B",0,0,0,"000000000","00000000000",0,0,0,1,0,0,0,0,0,0,0,998,0,0,0,9,6,2,12,0,0,0,1,48,76133,6,1,0,0,3,0,999,999,0,0,0,0,0,0,0,0,0,0,0,0,0,0,1,2,98,8,8,8,98,20,3,11,66,99,1,1,82,"777777777777","777777777777","777777777777",1,0
48,483228,1,1,1,9,12,2,47,33,0,1,0,48,0,72,706,72706,80,2002,"1HD1GDV102Y3","1","H","D","1","G","D","V","1","0","2","Y","3",0,0,0,"000000000","00000000000",0,0,0,1,0,0,0,0,0,0,0,998,0,0,0,98,8,2,30,0,0,0,1,48,77011,0,0,0,0,0,0,64,160,0,0,0,0,0,0,0,0,0,0,0,0,0,0,3,2,30,2,1,1,1,0,0,14,10,99,1,4,6,"777777777777","777777777777","777777777777",1,1
48,483229,1,1,1,9,12,12,50,18,0,1,0,48,1,37,37,37037,5,2014,"JHMZE2H52ES0","J","H","M","Z","E","2","H","5","2","E","S","0",0,0,0,"000000000","00000000000",0,0,0,1,0,0,0,0,0,0,0,998,0,0,0,12,6,2,14,0,0,0,1,48,78537,6,1,0,0,3,0,999,999,0,0,0,0,0,0,0,0,0,0,0,0,0,0,2,2,65,1,1,8,1,0,0,1,11,99,1,4,12,"777777777777","777777777777","777777777777",1,0
48,483230,1,2,1,9,12,23,25,12,1,1,0,48,1,55,35,55035,4,2017,"5NPD84LF0HH0","5","N","P","D","8","4","L","F","0","H","H","0",0,0,0,"000000000","00000000000",0,0,0,1,0,0,0,0,0,0,0,998,0,0,0,12,6,2,12,0,0,0,1,48,76182,1,1,0,0,2,0,999,999,0,1,0,0,0,9,2016,9,2016,0,27,91,0,0,3,3,60,1,2,8,1,0,0,15,51,99,1,1,24,"777777777777","777777777777","777777777777",0,1
48,483230,2,2,2,9,12,23,25,12,1,1,0,48,1,23,471,23471,30,1997,"1GTCS1447V85","1","G","T","C","S","1","4","4","7","V","8","5",0,0,0,"000000000","00000000000",0,0,0,1,0,0,0,0,0,0,0,998,0,1,1,6,6,2,1,0,0,0,1,48,76462,6,1,0,0,3,3,999,999,0,0,0,0,2,1,2012,5,2015,0,0,0,0,0,3,3,60,1,2,8,1,0,0,1,53,99,1,1,25,"777777777777","777777777777","777777777777",1,0
48,483231,1,2,1,10,12,23,5,12,1,1,0,48,1,59,34,59034,4,2016,"JTHBA1BL2GA0","J","T","H","B","A","1","B","L","2","G","A","0",0,0,0,"000000000","00000000000",0,0,0,1,0,0,0,0,0,0,0,998,0,0,0,12,6,2,12,0,0,0,1,48,75248,6,1,0,0,3,0,999,999,0,0,0,0,0,0,0,0,0,0,0,0,0,0,3,3,40,1,1,8,1,0,0,99,51,99,1,2,24,"777777777777","777777777777","777777777777",0,0
48,483231,2,2,3,10,12,23,5,12,1,1,0,48,1,37,441,37441,20,2014,"5FNRL5H63EB1","5","F","N","R","L","5","H","6","3","E","B","1",0,0,0,"000000000","00000000000",0,0,0,1,0,0,0,0,0,0,0,998,0,0,0,6,2,3,12,0,0,0,1,48,75024,6,1,0,0,3,0,999,999,0,0,0,0,1,6,2012,6,2012,0,0,0,0,0,3,3,40,1,1,8,1,0,0,99,53,99,1,2,25,"777777777777","777777777777","777777777777",1,0
48,483232,1,2,1,10,12,13,7,12,6,1,0,48,1,20,22,20022,2,2008,"1G1AK18F6872","1","G","1","A","K","1","8","F","6","8","7","2",0,0,0,"000000000","00000000000",0,0,0,1,0,0,0,0,0,0,0,998,0,0,0,1,6,2,12,0,0,0,1,48,75844,6,1,0,0,3,3,999,999,0,0,0,0,0,0,0,0,0,0,39,0,0,0,1,2,55,1,1,8,1,20,3,1,17,99,1,1,87,"777777777777","777777777777","777777777777",1,0
48,483232,2,2,1,10,12,13,7,12,6,1,0,48,2,7,482,7482,31,2007,"3D7KS19D77G7","3","D","7","K","S","1","9","D","7","7","G","7",0,0,0,"000000000","00000000000",0,0,0,1,0,0,0,0,0,0,0,998,0,0,0,12,6,2,12,0,0,0,1,48,75833,6,1,0,0,3,3,999,999,0,0,0,1,0,2,2013,2,2013,0,0,0,0,0,2,2,55,1,1,8,1,0,0,1,66,99,1,1,86,"777777777777","777777777777","777777777777",0,0
48,483233,1,1,1,10,12,18,25,8,0,1,0,48,2,38,402,38402,14,2001,"4S2CK58W6143","4","S","2","C","K","5","8","W","6","1","4","3",0,0,0,"000000000","00000000000",0,0,0,1,0,0,0,0,0,0,0,998,0,0,0,12,6,2,8,0,0,0,1,48,79416,6,1,0,0,3,0,999,999,0,0,0,1,1,6,2015,5,2016,0,0,0,0,0,5,7,45,1,1,8,1,0,0,1,80,99,1,1,13,"777777777777","777777777777","777777777777",0,0
48,483234,1,2,1,10,12,23,19,25,0,1,0,48,1,53,705,53705,80,1997,"JS1GN72A8V21","J","S","1","G","N","7","2","A","8","V","2","1",0,0,0,"000000000","00000000000",0,0,0,1,0,0,0,0,0,0,0,998,0,0,0,12,8,2,38,0,0,0,1,48,76118,6,1,0,0,3,0,999,999,0,0,0,1,0,5,2016,5,2016,0,0,0,0,0,3,3,40,1,1,8,1,0,0,99,13,99,1,4,1,"777777777777","777777777777","777777777777",1,0
48,483234,2,2,1,10,12,23,19,25,0,1,0,12,2,59,35,59035,4,2009,"JTHBK2629920","J","T","H","B","K","2","6","2","9","9","2","0",0,0,0,"000000000","00000000000",0,0,0,1,0,0,0,0,0,0,0,998,0,0,0,12,2,3,54,0,0,0,1,48,76021,6,1,0,0,3,0,999,999,0,0,0,0,0,0,0,0,0,0,0,0,0,0,3,3,40,1,1,8,1,0,0,1,64,99,1,1,98,"777777777777","777777777777","777777777777",0,0
48,483235,1,2,2,10,12,20,58,12,6,1,0,48,1,23,481,23481,31,2003,"2GTEC19T2313","2","G","T","E","C","1","9","T","2","3","1","3",0,0,0,"000000000","00000000000",0,0,0,1,0,0,0,0,0,0,0,998,0,0,0,12,6,2,12,0,0,0,1,48,76180,6,1,0,0,3,0,999,999,0,0,0,2,0,3,2012,6,2013,3,0,0,0,0,5,7,40,1,1,8,1,3,3,1,62,99,1,1,69,"777777777777","777777777777","777777777777",0,0
48,483235,2,2,1,10,12,20,58,12,6,1,0,48,2,2,403,2403,14,1990,"2J4FY19E5LJ5","2","J","4","F","Y","1","9","E","5","L","J","5",0,0,0,"000000000","00000000000",0,0,0,1,0,0,0,0,0,0,0,998,0,0,0,3,6,2,12,0,0,0,1,48,76180,6,1,0,0,3,0,999,999,0,0,0,0,1,10,2012,10,2012,0,38,0,0,0,5,7,40,1,1,8,1,3,3,11,15,99,1,1,68,"777777777777","777777777777","777777777777",1,0
48,483236,1,1,1,11,12,18,8,8,0,1,0,48,1,49,404,49404,14,2007,"JTEZU11F4700","J","T","E","Z","U","1","1","F","4","7","0","0",0,0,0,"000000000","00000000000",0,0,0,1,0,0,0,0,0,0,0,998,0,0,0,12,2,3,8,0,0,0,1,48,78237,6,1,0,0,3,3,999,999,0,0,0,0,0,0,0,0,0,0,0,0,0,0,1,4,35,1,1,8,2,0,0,1,80,99,1,1,13,"777777777777","777777777777","777777777777",0,0
48,483237,1,1,1,11,12,1,38,8,0,1,1,48,2,20,481,20481,31,1993,"1GCDC14Z7PZ1","1","G","C","D","C","1","4","Z","7","P","Z","1",0,0,0,"000000000","00000000000",0,0,0,1,0,0,0,0,0,0,0,998,0,0,0,12,2,5,8,0,0,0,1,48,78552,6,1,0,0,3,0,999,999,0,0,0,0,0,0,0,0,0,0,91,0,0,0,1,2,30,1,1,8,1,0,0,1,80,99,1,1,13,"777777777777","777777777777","777777777777",0,0
48,483238,1,1,1,11,12,22,3,1,0,1,0,48,2,72,706,72706,80,2005,"1HD1FRW145Y6","1","H","D","1","F","R","W","1","4","5","Y","6",0,0,0,"000000000","00000000000",0,0,0,1,0,0,0,0,0,0,0,998,0,0,0,0,8,2,1,0,0,0,1,48,78412,6,1,0,0,3,0,999,999,0,0,0,4,0,5,2012,12,2015,4,0,0,0,0,6,1,45,1,1,8,1,0,0,1,9,99,9,1,98,"777777777777","777777777777","777777777777",1,0
48,483239,1,1,1,12,12,23,11,24,0,1,0,48,2,14,6,14006,4,2007,"2MEFM74V37X6","2","M","E","F","M","7","4","V","3","7","X","6",0,0,0,"000000000","00000000000",0,0,0,1,0,0,0,0,0,0,0,998,0,0,0,98,6,2,24,0,0,0,1,48,76119,0,0,0,0,0,0,999,999,0,4,0,0,0,5,2012,8,2013,0,0,0,0,0,3,4,60,1,2,8,1,0,0,1,9,99,9,4,7,"777777777777","777777777777","777777777777",1,0
48,483240,1,2,1,12,12,1,16,12,6,1,0,93,3,82,881,82881,66,2007,"1FUJBBCK17LY","1","F","U","J","B","B","C","K","1","7","L","Y",1,1,57,"1737063","571737063",3,6,2,1,0,0,0,0,0,0,0,998,0,0,0,3,4,5,12,0,0,0,1,48,76014,6,1,6,1,3,0,999,999,0,0,0,0,0,0,0,0,0,0,48,0,0,0,1,2,75,1,2,8,2,0,0,12,21,99,1,2,98,"5HTSN4223F7T","777777777777","777777777777",0,0
48,483240,2,2,2,12,12,1,16,12,6,1,0,48,1,49,32,49032,4,2013,"5YFBU4EE9DP1","5","Y","F","B","U","4","E","E","9","D","P","1",0,0,0,"000000000","00000000000",0,0,0,1,0,0,0,0,0,0,0,998,0,0,0,12,6,2,12,0,0,0,1,48,78043,6,1,0,0,3,3,999,999,0,0,0,0,0,0,0,0,0,0,0,0,0,0,1,2,75,1,2,8,2,0,0,1,62,99,1,1,98,"777777777777","777777777777","777777777777",1,0
48,483241,1,3,3,13,12,18,12,12,6,1,0,48,3,20,25,20025,4,2016,"1G1BE5SM3G72","1","G","1","B","E","5","S","M","3","G","7","2",0,0,0,"000000000","00000000000",0,0,0,1,0,0,0,0,0,0,0,998,0,0,0,83,6,2,2,0,0,1,1,48,76180,0,0,0,0,0,0,999,999,0,0,0,0,0,0,0,0,0,0,38,0,0,0,1,2,98,8,8,8,98,20,3,11,15,99,1,1,76,"777777777777","777777777777","777777777777",1,0
48,483241,2,3,1,13,12,18,12,12,6,1,0,48,1,12,481,12481,31,2014,"1FTFW1CFXEKD","1","F","T","F","W","1","C","F","X","E","K","D",0,0,0,"000000000","00000000000",0,0,0,1,0,0,0,0,0,0,0,998,0,0,0,12,6,2,12,0,0,0,1,48,76034,6,1,0,0,3,0,999,999,0,0,0,0,1,5,2014,5,2014,0,0,0,0,0,1,4,45,1,1,8,1,0,0,1,65,99,1,1,77,"777777777777","777777777777","777777777777",0,0