"STATE","ST_CASE","VEH_NO","VE_FORMS","NUMOCCS","DAY","MONTH","HOUR","MINUTE","HARM_EV","MAN_COLL","UNITTYPE","HIT_RUN","REG_STAT","OWNER","MAKE","MODEL","MAK_MOD","BODY_TYP","MOD_YEAR","VIN","VIN_1","VIN_2","VIN_3","VIN_4","VIN_5","VIN_6","VIN_7","VIN_8","VIN_9","VIN_10","VIN_11","VIN_12","TOW_VEH","J_KNIFE","MCARR_I1","MCARR_I2","MCARR_ID","GVWR","V_CONFIG","CARGO_BT","HAZ_INV","HAZ_PLAC","HAZ_ID","HAZ_CNO","HAZ_REL","BUS_USE","SPEC_USE","EMER_USE","TRAV_SP","UNDERIDE","ROLLOVER","ROLINLOC","IMPACT1","DEFORMED","TOWED","M_HARM","VEH_SC1","VEH_SC2","FIRE_EXP","DR_PRES","L_STATE","DR_ZIP","L_STATUS","L_TYPE","CDL_STAT","L_ENDORS","L_COMPL","L_RESTRI","DR_HGT","DR_WGT","PREV_ACC","PREV_SUS","PREV_DWI","PREV_SPD","PREV_OTH","FIRST_MO","FIRST_YR","LAST_MO","LAST_YR","SPEEDREL","DR_SF1","DR_SF2","DR_SF3","DR_SF4","VTRAFWAY","VNUM_LAN","VSPD_LIM","VALIGN","VPROFILE","VPAVETYP","VSURCOND","VTRAFCON","VTCONT_F","P_CRASH1","P_CRASH2","P_CRASH3","PCRASH4","PCRASH5","ACC_TYPE","TRLR1VIN","TRLR2VIN","TRLR3VIN","DEATHS","DR_DRINK"
48,483272,1,2,1,11,12,0,53,12,2,1,0,48,1,19,3,19003,4,2002,"1G6KE54Y72U1","1","G","6","K","E","5","4","Y","7","2","U","1",0,0,0,"000000000","00000000000",0,0,0,1,0,0,0,0,0,0,0,998,0,0,0,12,6,2,12,0,0,0,1,48,75605,6,1,6,0,3,0,999,999,0,3,0,0,0,12,2013,12,2015,0,28,51,0,0,5,5,50,2,1,8,1,0,0,14,10,99,1,2,50,"777777777777","777777777777","777777777777",1,1
48,483272,2,2,2,11,12,0,53,12,2,1,0,48,2,23,880,23880,67,2016,"1GT42YE88GF1","1","G","T","4","2","Y","E","8","8","G","F","1",1,1,88,"888888888","88888888888",2,4,1,1,0,0,0,0,0,0,0,998,0,0,0,12,6,2,12,0,0,0,1,48,75211,0,0,0,0,0,0,999,999,0,0,0,0,0,0,0,0,0,0,0,0,0,0,5,5,50,3,1,8,1,0,0,14,62,99,1,1,51,"13SVE302531V","777777777777","777777777777",0,0
48,483273,1,1,3,11,12,2,44,24,0,1,0,48,0,7,880,7880,67,1999,"3B7MF3668XM5","3","B","7","M","F","3","6","6","8","X","M","5",0,0,88,"888888888","88888888888",2,1,97,1,0,0,0,0,0,0,0,998,0,1,5,12,6,2,1,0,0,0,1,48,75554,6,1,0,0,3,0,999,999,0,0,0,0,0,0,0,0,0,4,58,0,0,0,1,2,55,3,1,8,1,0,0,14,13,6,2,4,2,"777777777777","777777777777","777777777777",1,0
48,483274,1,1,1,11,12,19,16,8,0,1,1,99,9,99,999,99999,99,9999,"999999999999","9","9","9","9","9","9","9","9","9","9","9","9",0,0,99,"999999999","99999999999",9,99,99,1,0,0,0,0,99,99,9,999,0,0,0,99,9,5,8,99,99,0,1,99,99999,9,9,99,9,9,9,999,999,99,99,99,99,99,99,9999,99,9999,9,0,0,0,0,1,2,70,1,1,8,1,0,0,99,80,99,9,1,13,"777777777777","777777777777","777777777777",0,0
48,483275,1,1,1,12,12,6,25,8,0,1,0,48,2,23,481,23481,31,1997,"2GTEC19WXV15","2","G","T","E","C","1","9","W","X","V","1","5",0,0,0,"000000000","00000000000",0,0,0,1,0,0,0,0,0,0,0,998,0,0,0,12,6,2,8,0,0,0,1,48,78245,6,1,0,0,3,0,999,999,0,0,0,1,0,2,2012,2,2012,0,0,0,0,0,1,3,70,1,1,8,1,0,0,1,80,99,1,1,13,"777777777777","777777777777","777777777777",0,0
48,483276,1,3,1,12,12,18,36,12,8,1,0,48,1,7,482,7482,31,2000,"3B7HF13ZXYM2","3","B","7","H","F","1","3","Z","X","Y","M","2",0,0,0,"000000000","00000000000",0,0,0,1,0,0,0,0,0,0,0,998,0,0,0,61,6,2,12,0,0,0,1,48,78957,0,0,0,0,0,0,999,999,0,0,0,0,0,0,0,0,0,0,27,28,51,0,1,2,70,1,1,8,1,0,0,1,10,99,1,2,64,"777777777777","777777777777","777777777777",1,1
48,483276,2,3,1,12,12,18,36,12,8,1,0,48,1,7,472,7472,31,2004,"1D7HG38N54S5","1","D","7","H","G","3","8","N","5","4","S","5",0,0,0,"000000000","00000000000",0,0,0,1,0,0,0,0,0,0,0,998,0,0,0,61,6,2,12,0,0,0,1,48,78957,6,1,0,0,3,0,999,999,0,0,0,0,0,0,0,0,0,0,0,0,0,0,1,2,70,1,1,8,1,0,0,1,62,99,1,1,65,"777777777777","777777777777","777777777777",0,0
48,483276,3,3,2,12,12,18,36,12,8,1,0,48,0,20,481,20481,31,1994,"1GCEK19KXRE2","1","G","C","E","K","1","9","K","X","R","E","2",0,0,0,"000000000","00000000000",0,0,0,1,0,0,0,0,0,0,0,998,0,0,0,12,6,2,12,0,0,0,1,48,77975,6,1,0,0,3,0,999,999,0,1,0,0,0,1,2014,1,2014,0,0,0,0,0,1,2,70,1,1,8,1,0,0,1,62,99,1,1,98,"777777777777","777777777777","777777777777",0,0
48,483277,1,2,2,12,12,13,45,12,6,1,0,48,2,18,2,18002,4,2005,"1G4HR54K05U2","1","G","4","H","R","5","4","K","0","5","U","2",0,0,0,"000000000","00000000000",0,0,0,1,0,0,0,0,0,0,0,998,0,0,0,9,6,2,12,0,0,0,1,48,78666,6,1,0,0,3,3,999,999,0,0,0,0,0,0,0,0,0,0,38,0,0,0,1,2,98,8,8,8,98,20,3,4,17,99,1,1,89,"777777777777","777777777777","777777777777",2,0
48,483277,2,2,1,12,12,13,45,12,6,1,0,48,2,63,34,63034,4,2016,"5XXGU4L37GG0","5","X","X","G","U","4","L","3","7","G","G","0",0,0,0,"000000000","00000000000",0,0,0,1,0,0,0,0,0,0,0,998,0,0,0,12,6,2,12,0,0,0,1,48,78666,6,1,0,0,3,3,999,999,1,9,0,0,1,1,2013,6,2015,0,0,0,0,0,2,2,75,1,1,8,1,0,0,1,66,99,1,1,88,"777777777777","777777777777","777777777777",0,0
48,483278,1,1,3,12,12,17,43,8,0,1,0,48,1,59,404,59404,14,2010,"JTJBM7FX5A50","J","T","J","B","M","7","F","X","5","A","5","0",0,0,0,"000000000","00000000000",0,0,0,1,0,0,0,0,0,0,0,37,0,0,0,12,2,3,8,0,0,0,1,48,75231,6,1,0,0,3,3,999,999,0,0,0,1,0,5,2015,5,2015,4,0,0,0,0,1,4,30,1,2,8,1,0,0,1,80,99,1,1,13,"777777777777","777777777777","777777777777",0,0
48,483279,1,1,5,12,12,7,43,1,0,1,0,48,0,7,25,7025,5,2007,"1B3HB48B57D3","1","B","3","H","B","4","8","B","5","7","D","3",0,0,0,"000000000","00000000000",0,0,0,1,0,0,0,0,0,0,0,998,0,2,5,0,6,2,1,0,0,0,1,48,77078,6,1,0,0,3,0,999,999,0,0,0,0,0,0,0,0,0,0,0,0,0,0,1,2,35,1,2,8,2,0,0,1,13,99,1,4,1,"777777777777","777777777777","777777777777",1,0
48,483280,1,1,1,12,12,22,35,53,0,1,0,48,1,12,471,12471,30,2008,"1FTYR14D48PB","1","F","T","Y","R","1","4","D","4","8","P","B",0,0,0,"000000000","00000000000",0,0,0,1,0,0,0,0,0,0,0,998,0,1,5,12,6,2,1,0,0,0,1,48,77351,6,1,0,0,3,3,999,999,0,0,0,0,0,0,0,0,0,0,99,99,99,99,1,4,70,2,2,8,1,0,0,14,13,99,1,4,1,"777777777777","777777777777","777777777777",1,0
48,483281,1,1,1,13,12,22,16,42,0,1,0,48,1,7,482,7482,31,2015,"3C6UR5FL2FG5","3","C","6","U","R","5","F","L","2","F","G","5",0,0,0,"000000000","00000000000",0,0,0,1,0,0,0,0,0,0,0,998,0,0,0,12,6,2,42,0,0,0,1,48,78629,6,1,6,0,3,0,999,999,0,0,0,0,0,0,0,0,0,0,0,0,0,0,1,2,60,1,1,8,1,0,0,1,12,99,1,4,6,"777777777777","777777777777","777777777777",1,0
48,483282,1,1,1,13,12,21,25,1,0,1,0,13,1,52,401,52401,14,2002,"JA4LS21H62P0","J","A","4","L","S","2","1","H","6","2","P","0",0,0,0,"000000000","00000000000",0,0,0,1,0,0,0,0,0,0,0,998,0,2,3,0,6,2,1,0,0,0,1,13,30014,6,1,0,0,3,0,72,170,98,0,0,1,1,6,2012,3,2016,0,0,0,0,0,2,2,75,3,1,8,1,0,0,14,12,7,4,4,7,"777777777777","777777777777","777777777777",1,0
48,483283,1,1,1,14,12,22,35,52,0,1,0,48,1,20,481,20481,31,2006,"2GCEC13T5611","2","G","C","E","C","1","3","T","5","6","1","1",0,0,0,"000000000","00000000000",0,0,0,1,0,0,0,0,0,0,0,998,0,0,0,12,6,2,52,0,0,0,1,48,77665,6,1,0,0,3,3,999,999,0,0,0,1,1,4,2013,8,2013,0,0,0,0,0,1,2,65,1,1,8,1,0,0,1,13,99,1,4,1,"777777777777","777777777777","777777777777",1,1
48,483284,1,2,1,14,12,18,54,12,6,1,0,48,2,59,33,59033,2,1993,"JT8UZ30C0P00","J","T","8","U","Z","3","0","C","0","P","0","0",0,0,0,"000000000","00000000000",0,0,0,1,0,0,0,0,0,0,0,998,0,0,0,12,6,2,12,0,0,0,1,48,78634,0,0,0,0,0,0,999,999,0,0,0,0,0,0,0,0,0,2,0,0,0,0,5,5,55,1,1,8,1,3,3,1,62,99,1,1,69,"777777777777","777777777777","777777777777",0,0
48,483284,2,2,2,14,12,18,54,12,6,1,0,48,0,14,6,14006,4,2002,"2MEFM74W02X6","2","M","E","F","M","7","4","W","0","2","X","6",0,0,0,"000000000","00000000000",0,0,0,1,0,0,0,0,0,0,0,998,0,0,0,3,6,2,12,0,0,0,1,48,78660,1,1,0,0,2,0,999,999,1,7,0,0,0,2,2013,7,2015,0,38,0,0,0,5,5,55,1,1,8,1,3,3,11,15,99,1,1,68,"777777777777","777777777777","777777777777",1,0
48,483285,1,1,1,16,12,17,0,1,0,1,0,48,1,12,481,12481,31,2001,"2FTZX17211CA","2","F","T","Z","X","1","7","2","1","1","C","A",0,0,0,"000000000","00000000000",0,0,0,1,0,0,0,0,0,0,0,998,0,2,1,0,6,2,1,0,0,0,1,48,75762,6,1,6,0,3,0,999,999,0,0,0,2,0,10,2012,2,2015,4,0,0,0,0,1,2,55,3,1,8,1,0,0,14,13,6,3,6,98,"777777777777","777777777777","777777777777",1,0
48,483286,1,1,2,17,12,17,43,31,0,1,0,48,2,22,22,22022,4,2006,"1G2ZG5581641","1","G","2","Z","G","5","5","8","1","6","4","1",0,0,0,"000000000","00000000000",0,0,0,1,0,0,0,0,0,0,0,998,0,1,5,12,6,2,1,0,0,0,1,48,75235,0,0,0,0,0,0,62,123,0,0,0,0,0,0,0,0,0,0,0,0,0,0,2,2,35,2,2,8,1,0,0,14,13,99,4,4,1,"777777777777","777777777777","777777777777",1,1
48,483287,1,1,2,17,12,1,15,38,0,1,0,48,3,54,38,54038,3,2002,"JH4DC53032C0","J","H","4","D","C","5","3","0","3","2","C","0",0,0,0,"000000000","00000000000",0,0,0,1,0,0,0,0,0,0,0,998,0,0,0,12,6,2,42,0,0,0,1,48,79907,0,0,0,0,0,0,999,999,0,15,0,1,1,2,2013,8,2016,0,0,0,0,0,1,2,30,1,1,8,1,0,0,1,9,99,9,4,7,"777777777777","777777777777","777777777777",2,0
48,483288,1,2,1,17,12,9,16,12,6,1,0,48,1,49,40,49040,4,2010,"4T1BF3EK5AU5","4","T","1","B","F","3","E","K","5","A","U","5",0,0,0,"000000000","00000000000",0,0,0,1,0,0,0,0,0,0,0,998,0,0,0,3,6,2,12,0,0,0,1,48,76140,6,1,0,0,3,3,999,999,0,0,0,0,0,0,0,0,0,4,28,0,0,0,5,3,40,3,1,8,1,0,0,14,9,99,4,2,64,"777777777777","777777777777","777777777777",1,0
48,483288,2,2,2,17,12,9,16,12,6,1,0,48,1,20,421,20421,15,2005,"1GNEC13T45R2","1","G","N","E","C","1","3","T","4","5","R","2",0,0,0,"000000000","00000000000",0,0,0,1,0,0,0,0,0,0,0,998,0,0,0,12,6,2,12,0,0,0,1,48,76002,6,1,6,0,3,0,999,999,0,0,0,0,0,0,0,0,0,0,0,0,0,0,5,3,40,2,1,8,1,0,0,14,62,99,1,1,65,"777777777777","777777777777","777777777777",0,0
48,483289,1,1,2,18,12,20,0,8,0,1,0,48,1,37,32,37032,4,2014,"1HGCR2F37EA1","1","H","G","C","R","2","F","3","7","E","A","1",0,0,0,"000000000","00000000000",0,0,0,1,0,0,0,0,0,0,0,998,0,0,0,12,6,2,8,0,0,0,1,48,78240,6,1,0,0,3,3,999,999,0,0,0,0,0,0,0,0,0,0,0,0,0,0,1,4,40,1,2,8,1,0,0,1,80,7,1,1,13,"777777777777","777777777777","777777777777",0,0
48,483290,1,1,8,18,12,4,10,1,0,1,0,48,1,12,443,12443,20,2005,"2FMZA51665BA","2","F","M","Z","A","5","1","6","6","5","B","A",0,0,0,"000000000","00000000000",0,0,0,1,0,0,0,0,0,0,0,998,0,2,5,0,6,2,1,0,0,0,1,48,78577,6,1,0,0,3,3,999,999,0,0,0,0,0,0,0,0,0,0,58,0,0,0,3,2,65,1,3,8,1,0,0,1,13,6,3,4,2,"777777777777","777777777777","777777777777",1,0
48,483291,1,1,3,18,12,12,50,35,0,1,0,48,2,2,406,2406,14,2010,"1J4RH4GK2AC1","1","J","4","R","H","4","G","K","2","A","C","1",0,0,0,"000000000","00000000000",0,0,0,1,0,0,0,0,0,0,0,998,0,0,0,12,6,2,35,32,0,0,1,48,75686,6,2,0,0,3,1,999,999,0,0,0,0,0,0,0,0,0,0,0,0,0,0,1,2,60,3,2,8,1,0,0,1,13,99,1,4,1,"777777777777","777777777777","777777777777",1,0
48,483292,1,3,1,20,12,6,53,12,6,1,0,48,1,23,401,23401,14,2004,"1GKDT13S7423","1","G","K","D","T","1","3","S","7","4","2","3",0,0,0,"000000000","00000000000",0,0,0,1,0,0,0,0,0,0,0,998,0,0,0,12,4,5,12,0,0,0,1,48,79106,0,0,0,0,0,0,999,999,0,0,0,0,0,0,0,0,0,0,39,0,0,0,5,7,45,1,1,8,1,3,3,1,17,99,1,1,88,"777777777777","777777777777","777777777777",0,0
48,483292,2,3,1,20,12,6,53,12,6,1,0,48,1,20,36,20036,2,2000,"2G1WW12E4Y92","2","G","1","W","W","1","2","E","4","Y","9","2",0,0,0,"000000000","00000000000",0,0,0,1,0,0,0,0,0,0,0,998,0,0,0,9,4,5,12,0,0,0,1,48,79088,6,1,0,0,3,0,999,999,0,0,0,0,0,0,0,0,0,0,0,0,0,0,5,7,98,1,1,8,1,3,3,1,66,99,1,1,89,"777777777777","777777777777","777777777777",1,0
48,483292,3,3,1,20,12,6,53,12,6,1,0,48,1,55,33,55033,4,2013,"5NPEC4AC9DH8","5","N","P","E","C","4","A","C","9","D","H","8",0,0,0,"000000000","00000000000",0,0,0,1,0,0,0,0,0,0,0,0,0,0,0,12,2,5,12,0,0,0,1,48,79110,6,1,0,0,3,3,999,999,0,0,0,0,0,0,0,0,0,0,0,0,0,0,5,7,45,1,1,8,1,3,3,5,66,1,1,1,98,"777777777777","777777777777","777777777777",0,0
48,483294,1,2,1,23,10,18,50,12,6,1,0,48,4,12,481,12481,31,2013,"1FTFW1ET8DKE","1","F","T","F","W","1","E","T","8","D","K","E",0,0,0,"000000000","00000000000",0,0,0,1,0,0,0,0,0,0,0,998,0,0,0,12,6,2,12,0,0,0,1,48,79706,6,1,0,0,3,0,999,999,0,0,0,2,0,1,2013,3,2013,0,0,0,0,0,1,2,55,1,1,8,1,0,0,1,71,99,1,1,90,"777777777777","777777777777","777777777777",0,0
48,483294,2,2,2,23,10,18,50,12,6,1,0,0,0,99,998,99998,97,9999,"000000000000","0","0","0","0","0","0","0","0","0","0","0","0",0,0,0,"000000000","00000000000",0,0,0,1,0,0,0,0,0,0,0,998,0,0,0,61,8,2,12,0,0,0,1,48,79706,0,0,0,0,1,0,999,999,0,0,0,0,0,0,0,0,0,0,38,0,0,0,0,0,0,0,0,0,0,0,0,1,17,99,1,7,90,"777777777777","777777777777","777777777777",2,0
48,483295,1,1,1,29,10,0,0,1,0,1,0,92,0,72,706,72706,80,2002,"1HD1BXB352Y0","1","H","D","1","B","X","B","3","5","2","Y","0",0,0,0,"000000000","00000000000",0,0,0,1,0,0,0,0,0,0,0,998,0,0,0,0,8,2,1,0,0,0,1,48,76050,6,1,0,0,3,0,999,999,0,0,0,0,0,0,0,0,0,4,0,0,0,0,1,2,55,3,1,8,1,0,0,1,13,99,1,4,1,"777777777777","777777777777","777777777777",1,1
48,483296,1,1,1,30,10,12,5,44,0,1,0,48,1,72,706,72706,80,2000,"1HD1FCW15YY6","1","H","D","1","F","C","W","1","5","Y","Y","6",0,0,0,"000000000","00000000000",0,0,0,1,0,0,0,0,0,0,0,998,0,0,0,0,6,2,1,0,0,0,1,48,77630,6,1,0,0,3,3,999,999,0,0,0,0,0,0,0,0,0,4,82,0,0,0,3,2,65,1,1,8,1,0,0,15,98,99,1,2,0,"777777777777","777777777777","777777777777",1,0
48,483297,1,2,2,19,11,0,5,12,1,1,0,48,1,23,481,23481,31,2007,"1GTEC14X67Z6","1","G","T","E","C","1","4","X","6","7","Z","6",1,1,0,"000000000","00000000000",0,0,0,1,0,0,0,0,0,0,0,998,0,1,3,12,6,2,12,0,0,0,1,48,79703,6,1,0,0,3,0,999,999,1,0,0,2,1,1,2013,6,2013,0,0,0,0,0,2,2,75,1,1,8,1,0,0,1,51,99,1,1,24,"888888888888","777777777777","777777777777",2,0
48,483297,2,2,1,19,11,0,5,12,1,1,0,48,2,35,43,35043,4,2012,"3N1AB6AP9CL7","3","N","1","A","B","6","A","P","9","C","L","7",0,0,0,"000000000","00000000000",0,0,0,1,0,0,0,0,0,0,0,998,0,0,0,6,6,2,12,0,0,0,1,48,75455,3,1,0,0,2,0,999,999,0,0,0,0,0,0,0,0,0,0,0,0,0,0,2,2,75,1,1,8,1,0,0,1,53,99,1,1,25,"777777777777","777777777777","777777777777",0,0
48,483298,1,2,1,1,12,17,45,1,0,1,0,48,1,35,473,35473,31,2006,"1N6BA07A36N5","1","N","6","B","A","0","7","A","3","6","N","5",0,0,0,"000000000","00000000000",0,0,0,1,0,0,0,0,0,0,0,998,0,2,3,0,6,2,1,0,0,0,1,48,79761,6,1,0,0,3,0,999,999,0,1,0,0,0,12,2012,12,2012,3,0,0,0,0,2,2,75,1,1,8,1,0,0,1,1,99,4,4,98,"777777777777","777777777777","777777777777",1,1
48,483298,2,2,1,1,12,17,45,1,0,1,0,48,1,20,481,20481,31,1997,"1GCEC14R6VZ1","1","G","C","E","C","1","4","R","6","V","Z","1",0,0,0,"000000000","00000000000",0,0,0,1,0,0,0,0,0,0,0,998,0,0,0,9,6,2,12,0,0,0,1,12,34609,6,1,6,3,3,3,72,999,0,0,0,0,0,0,0,0,0,0,0,0,0,0,2,2,75,1,1,8,1,0,0,1,62,99,1,1,98,"777777777777","777777777777","777777777777",0,0
48,483299,1,1,1,4,12,19,20,7,0,1,0,48,2,22,20,22020,4,2007,"2G2WP552X711","2","G","2","W","P","5","5","2","X","7","1","1",0,0,0,"000000000","00000000000",0,0,0,1,0,0,0,0,0,0,0,998,0,0,0,0,6,2,7,0,0,0,1,48,78202,6,1,0,0,3,0,999,999,0,0,0,0,0,0,0,0,0,0,0,0,0,0,1,2,30,1,1,8,2,0,0,1,98,99,1,1,0,"777777777777","777777777777","777777777777",1,0
48,483300,1,2,1,4,12,12,59,12,2,1,0,48,1,20,9,20009,2,2016,"1G1FF1R70G01","1","G","1","F","F","1","R","7","0","G","0","1",0,0,0,"000000000","00000000000",0,0,0,1,0,0,0,0,0,0,0,998,0,0,0,12,6,2,12,0,0,0,1,48,77506,1,1,0,0,2,0,999,999,0,1,0,1,0,3,2016,10,2016,4,0,0,0,0,3,2,40,1,1,8,2,0,0,1,6,99,1,6,50,"777777777777","777777777777","777777777777",0,0
48,483300,2,2,2,4,12,12,59,12,2,1,0,48,1,49,40,49040,4,2011,"4T1BK3EK7BU6","4","T","1","B","K","3","E","K","7","B","U","6",0,0,0,"000000000","00000000000",0,0,0,1,0,0,0,0,0,0,0,998,0,0,0,12,6,2,12,0,0,0,1,48,77573,6,1,0,0,3,0,999,999,0,0,0,0,0,0,0,0,0,0,0,0,0,0,3,2,40,1,1,8,2,0,0,1,62,99,1,1,51,"777777777777","777777777777","777777777777",1,0
48,483301,1,1,1,5,12,20,52,42,0,1,0,48,1,7,482,7482,31,2016,"3C63RRKL2GG2","3","C","6","3","R","R","K","L","2","G","G","2",0,0,0,"000000000","00000000000",0,0,0,1,0,0,0,0,0,0,0,998,0,1,6,3,8,2,42,0,0,0,1,48,76234,6,1,0,0,3,0,68,210,0,0,0,1,0,1,2013,1,2013,3,0,0,0,0,1,2,30,3,1,8,1,0,0,14,13,99,9,4,1,"777777777777","777777777777","777777777777",1,0
48,483302,1,2,1,7,12,7,20,24,0,1,0,31,3,12,402,12402,14,2004,"1FMYU92144KA","1","F","M","Y","U","9","2","1","4","4","K","A",0,0,0,"000000000","00000000000",0,0,0,1,0,0,0,0,0,0,0,998,0,1,1,12,6,2,12,0,0,0,1,31,78109,6,2,0,0,3,0,65,150,0,0,0,0,0,0,0,0,0,0,28,0,0,0,1,2,55,1,1,8,1,0,0,1,10,99,1,2,98,"777777777777","777777777777","777777777777",1,0
48,483302,2,2,1,7,12,7,20,24,0,1,0,48,3,85,881,85881,64,2008,"1NKDL50X98J2","1","N","K","D","L","5","0","X","9","8","J","2",0,0,57,"2101345","572101345",3,2,5,1,0,0,0,0,0,0,0,998,0,0,0,98,6,2,12,0,0,0,1,48,78130,6,1,6,0,3,0,999,999,0,0,0,0,0,0,0,0,0,0,0,0,0,0,1,2,55,1,1,8,1,0,0,1,62,9,1,4,1,"777777777777","777777777777","777777777777",0,0
48,483303,1,2,1,8,12,11,58,12,2,1,0,48,2,20,471,20471,30,2002,"1GCCS14W9281","1","G","C","C","S","1","4","W","9","2","8","1",0,0,0,"000000000","00000000000",0,0,0,1,0,0,0,0,0,0,0,998,0,0,0,12,6,2,12,0,0,0,1,48,76239,6,1,0,0,3,3,999,999,0,0,0,0,3,11,2012,8,2014,3,0,0,0,0,1,2,60,1,3,8,1,0,0,1,62,99,1,1,69,"777777777777","777777777777","777777777777",1,0
48,483303,2,2,1,8,12,11,58,12,2,1,0,48,3,85,884,85884,64,2014,"2NKHHM7X6EM3","2","N","K","H","H","M","7","X","6","E","M","3",0,0,57,"299712","57299712",3,1,3,1,0,0,0,0,0,0,0,998,0,0,0,12,6,2,12,0,0,0,1,48,76225,6,1,6,0,3,3,999,999,0,0,0,0,1,8,2016,8,2016,0,38,0,0,0,1,2,60,1,3,8,1,0,0,11,15,99,1,1,68,"777777777777","777777777777","777777777777",0,0
48,483304,1,2,3,9,12,7,15,12,6,1,0,48,0,12,422,12422,15,2003,"1FMPU18L63LA","1","F","M","P","U","1","8","L","6","3","L","A",0,0,0,"000000000","00000000000",0,0,0,1,0,0,0,0,0,0,0,998,0,1,5,12,6,2,1,0,0,0,1,48,78583,0,0,0,0,0,0,999,999,0,0,0,0,0,0,0,0,0,0,28,35,0,0,1,2,55,1,1,8,1,0,0,6,54,6,2,2,66,"777777777777","777777777777","777777777777",0,0
48,483304,2,2,1,9,12,7,15,12,6,1,0,48,1,20,37,20037,4,2000,"1G1ND52J7Y62","1","G","1","N","D","5","2","J","7","Y","6","2",0,0,0,"000000000","00000000000",0,0,0,1,0,0,0,0,0,0,0,998,0,0,0,61,6,2,12,0,0,0,1,48,78583,6,1,0,0,3,0,999,999,0,0,0,0,0,0,0,0,0,0,0,0,0,0,1,2,55,1,1,8,1,0,0,1,54,7,1,1,66,"777777777777","777777777777","777777777777",1,0
48,483305,1,1,1,9,12,21,36,8,0,1,0,48,1,7,24,7024,4,2015,"2C3CDZBT9FH7","2","C","3","C","D","Z","B","T","9","F","H","7",0,0,0,"000000000","00000000000",0,0,0,1,0,0,0,0,0,0,0,998,0,0,0,12,6,2,8,0,0,0,1,48,77591,6,1,0,0,3,3,999,999,0,0,0,0,0,0,0,0,0,0,0,0,0,0,5,7,45,1,1,8,1,0,0,1,80,99,1,1,13,"777777777777","777777777777","777777777777",0,0
48,483306,1,2,2,10,12,5,13,12,6,1,0,48,2,12,481,12481,31,2003,"1FTRW07603KC","1","F","T","R","W","0","7","6","0","3","K","C",0,0,0,"000000000","00000000000",0,0,0,1,0,0,0,0,0,0,0,998,0,0,0,12,6,2,12,0,0,0,1,48,79347,0,0,0,0,0,0,999,999,0,0,0,0,0,0,0,0,0,0,0,0,0,0,1,2,75,1,1,8,1,0,0,1,66,99,1,1,88,"777777777777","777777777777","777777777777",0,0
48,483306,2,2,1,10,12,5,13,12,6,1,0,48,1,20,431,20431,16,2003,"1GNEC16Z33J2","1","G","N","E","C","1","6","Z","3","3","J","2",0,0,0,"000000000","00000000000",0,0,0,1,0,0,0,0,0,0,0,998,0,0,0,63,6,2,12,0,0,0,1,48,79347,6,1,0,0,3,3,999,999,0,0,0,1,1,2,2012,6,2016,0,39,0,0,0,1,2,98,1,8,8,1,20,3,1,17,99,1,1,89,"777777777777","777777777777","777777777777",1,0
48,483307,1,3,2,10,12,2,27,8,0,1,0,48,2,37,31,37031,4,2010,"2HGFA5E56AH7","2","H","G","F","A","5","E","5","6","A","H","7",0,0,0,"000000000","00000000000",0,0,0,1,0,0,0,0,0,0,0,998,0,0,0,12,6,2,8,0,0,0,1,48,77015,6,1,0,0,3,0,999,999,0,0,0,0,0,0,0,0,0,5,0,0,0,0,3,5,60,1,2,1,1,0,0,1,80,99,1,1,13,"777777777777","777777777777","777777777777",0,0
48,483307,2,3,0,10,12,2,27,8,0,1,0,48,6,35,401,35401,14,1999,"JN8AR07S3XW3","J","N","8","A","R","0","7","S","3","X","W","3",0,0,0,"000000000","00000000000",0,0,0,1,0,0,0,0,0,0,0,0,0,0,0,6,6,2,12,0,0,0,0,0,99997,7,6,97,7,6,7,998,997,998,998,998,998,998,98,9998,98,9998,8,54,0,0,0,3,5,60,1,2,1,1,0,0,0,98,0,0,0,98,"777777777777","777777777777","777777777777",0,0
48,483307,3,3,1,10,12,2,27,8,0,1,0,48,1,37,32,37032,4,2005,"1HGCM561X5A1","1","H","G","C","M","5","6","1","X","5","A","1",0,0,0,"000000000","00000000000",0,0,0,1,0,0,0,0,0,0,0,998,0,0,0,12,6,2,12,0,0,0,1,48,77009,6,1,0,0,3,3,999,999,0,0,0,1,1,8,2015,3,2016,0,0,0,0,0,3,5,60,1,2,1,1,0,0,1,50,99,1,1,98,"777777777777","777777777777","777777777777",0,0
48,483308,1,1,4,11,12,5,7,43,0,1,0,6,1,35,43,35043,4,2015,"3N1AB7AP6FY3","3","N","1","A","B","7","A","P","6","F","Y","3",0,0,0,"000000000","00000000000",0,0,0,1,0,0,0,0,0,0,0,998,0,0,0,12,6,2,43,0,0,0,1,6,77053,6,1,0,0,3,0,70,285,0,0,0,0,0,0,0,0,0,0,91,28,0,0,2,5,35,3,1,2,1,0,0,1,13,99,1,4,1,"777777777777","777777777777","777777777777",1,1
48,483309,1,1,1,12,12,18,28,1,0,1,0,48,1,12,481,12481,31,2002,"1FTNW21FX2EB","1","F","T","N","W","2","1","F","X","2","E","B",0,0,0,"000000000","00000000000",0,0,0,1,0,0,0,0,0,0,0,998,0,1,1,0,6,2,1,0,0,0,1,48,75662,6,1,0,0,3,0,999,999,0,0,0,0,0,0,0,0,0,0,28,58,0,0,2,2,70,1,1,8,1,0,0,1,13,6,3,6,98,"777777777777","777777777777","777777777777",1,1