"STATE","ST_CASE","VEH_NO","VE_FORMS","NUMOCCS","DAY","MONTH","HOUR","MINUTE","HARM_EV","MAN_COLL","UNITTYPE","HIT_RUN","REG_STAT","OWNER","MAKE","MODEL","MAK_MOD","BODY_TYP","MOD_YEAR","VIN","VIN_1","VIN_2","VIN_3","VIN_4","VIN_5","VIN_6","VIN_7","VIN_8","VIN_9","VIN_10","VIN_11","VIN_12","TOW_VEH","J_KNIFE","MCARR_I1","MCARR_I2","MCARR_ID","GVWR","V_CONFIG","CARGO_BT","HAZ_INV","HAZ_PLAC","HAZ_ID","HAZ_CNO","HAZ_REL","BUS_USE","SPEC_USE","EMER_USE","TRAV_SP","UNDERIDE","ROLLOVER","ROLINLOC","IMPACT1","DEFORMED","TOWED","M_HARM","VEH_SC1","VEH_SC2","FIRE_EXP","DR_PRES","L_STATE","DR_ZIP","L_STATUS","L_TYPE","CDL_STAT","L_ENDORS","L_COMPL","L_RESTRI","DR_HGT","DR_WGT","PREV_ACC","PREV_SUS","PREV_DWI","PREV_SPD","PREV_OTH","FIRST_MO","FIRST_YR","LAST_MO","LAST_YR","SPEEDREL","DR_SF1","DR_SF2","DR_SF3","DR_SF4","VTRAFWAY","VNUM_LAN","VSPD_LIM","VALIGN","VPROFILE","VPAVETYP","VSURCOND","VTRAFCON","VTCONT_F","P_CRASH1","P_CRASH2","P_CRASH3","PCRASH4","PCRASH5","ACC_TYPE","TRLR1VIN","TRLR2VIN","TRLR3VIN","DEATHS","DR_DRINK"
48,483374,2,2,0,14,12,19,28,12,6,1,0,48,6,12,32,12032,5,2011,"3FADP4EJXBM1","3","F","A","D","P","4","E","J","X","B","M","1",0,0,0,"000000000","00000000000",0,0,0,1,0,0,0,0,0,0,0,998,0,0,0,5,6,2,12,0,0,0,0,0,99997,7,6,97,7,6,7,998,997,998,998,998,998,998,98,9998,98,9998,8,0,0,0,0,1,3,60,1,1,8,1,0,0,0,53,0,0,0,98,"777777777777","777777777777","777777777777",0,0
48,483375,1,1,1,15,12,18,1,8,0,1,0,48,1,12,481,12481,31,2004,"3FTNX20L74MA","3","F","T","N","X","2","0","L","7","4","M","A",0,0,0,"000000000","00000000000",0,0,0,1,0,0,0,0,0,0,0,998,0,0,0,12,2,5,8,0,0,0,1,48,77551,6,1,0,0,3,3,999,999,1,0,0,0,0,3,2014,3,2014,0,38,0,0,0,5,5,40,1,1,2,1,0,0,1,80,99,1,1,13,"777777777777","777777777777","777777777777",0,0
48,483376,1,1,1,17,12,22,0,18,0,1,0,48,1,55,38,55038,4,2001,"KMHFU45DX1A1","K","M","H","F","U","4","5","D","X","1","A","1",0,0,0,"000000000","00000000000",0,0,0,1,0,0,0,0,0,0,0,998,0,0,0,98,2,3,32,0,0,0,1,48,77836,6,1,0,0,3,3,999,999,0,0,0,0,0,0,0,0,0,0,0,0,0,0,1,2,70,1,1,8,1,0,0,1,12,99,1,4,6,"777777777777","777777777777","777777777777",1,1
48,483377,1,1,1,17,12,1,39,30,0,1,0,48,2,35,47,35047,4,2012,"1N4AL2AP9CC1","1","N","4","A","L","2","A","P","9","C","C","1",0,0,0,"000000000","00000000000",0,0,0,1,0,0,0,0,0,0,0,998,0,0,0,12,6,2,30,0,0,0,1,48,79761,6,1,0,0,3,0,999,999,0,0,0,0,0,0,0,0,0,0,0,0,0,0,5,5,35,1,1,8,1,0,0,1,13,99,1,4,1,"777777777777","777777777777","777777777777",1,1
48,483378,1,2,5,17,12,3,26,12,1,1,0,28,2,35,401,35401,14,2013,"5N1AR2MM9DC6","5","N","1","A","R","2","M","M","9","D","C","6",0,0,0,"000000000","00000000000",0,0,0,1,0,0,0,0,0,0,0,998,0,1,3,6,6,2,12,0,0,0,1,28,39577,6,1,0,0,3,0,67,130,98,0,0,0,0,0,0,0,0,0,27,0,0,0,2,2,75,1,1,8,1,0,0,16,53,99,1,7,32,"777777777777","777777777777","777777777777",1,0
48,483378,2,2,1,17,12,3,26,12,1,1,0,48,1,7,482,7482,31,2005,"3D7KS28C05G8","3","D","7","K","S","2","8","C","0","5","G","8",0,0,0,"000000000","00000000000",0,0,0,1,0,0,0,0,0,0,0,998,0,0,0,12,2,3,12,0,0,0,1,48,76384,6,1,0,0,3,0,999,999,0,0,0,0,0,0,0,0,0,0,91,0,0,0,2,2,75,1,1,8,1,0,0,1,61,99,1,1,32,"777777777777","777777777777","777777777777",0,1
48,483380,1,3,1,20,12,14,56,5,0,1,0,48,2,53,705,53705,80,2007,"JS1GN7DA1721","J","S","1","G","N","7","D","A","1","7","2","1",0,0,0,"000000000","00000000000",0,0,0,1,0,0,0,0,0,0,0,998,0,0,0,0,8,2,5,0,0,0,1,48,77088,0,0,0,0,0,0,69,238,0,0,0,0,0,0,0,0,0,3,37,0,0,0,4,2,30,1,1,1,1,0,0,1,9,99,9,1,0,"777777777777","777777777777","777777777777",1,0
48,483380,2,3,1,20,12,14,56,5,0,1,0,48,0,35,50,35050,5,2009,"3N1BC13E59L3","3","N","1","B","C","1","3","E","5","9","L","3",0,0,0,"000000000","00000000000",0,0,0,1,0,0,0,0,0,0,0,998,0,0,0,11,2,5,54,0,0,0,1,48,77091,0,0,0,0,0,0,999,999,0,4,0,0,2,3,2014,8,2015,0,50,0,0,0,4,2,30,1,1,1,1,0,0,1,62,99,1,1,98,"777777777777","777777777777","777777777777",0,0
48,483380,3,3,1,20,12,14,56,5,0,1,0,48,2,7,482,7482,31,2014,"1C6RR6GT2ES3","1","C","6","R","R","6","G","T","2","E","S","3",0,0,0,"000000000","00000000000",0,0,0,1,0,0,0,0,0,0,0,998,0,0,0,6,2,5,12,0,0,0,1,48,77091,6,1,0,0,3,3,999,999,0,0,0,0,0,0,0,0,0,0,0,0,0,0,4,2,30,1,1,1,1,0,0,1,53,99,1,1,98,"777777777777","777777777777","777777777777",0,0
48,483381,1,1,1,21,12,6,55,25,0,1,0,48,3,82,881,82881,62,2013,"3ALACWDT6DDF","3","A","L","A","C","W","D","T","6","D","D","F",0,0,88,"888888888","88888888888",2,1,1,1,0,0,0,0,0,0,0,998,0,0,0,81,2,3,25,0,0,1,1,48,77479,6,1,6,0,3,0,72,186,0,0,0,0,1,11,2016,11,2016,4,0,0,0,0,6,2,60,3,2,1,1,0,0,14,13,99,1,4,1,"777777777777","777777777777","777777777777",1,0
48,483382,1,1,1,22,12,8,33,10,0,1,0,48,1,12,23,12023,4,2011,"3FAHP0HA9BR2","3","F","A","H","P","0","H","A","9","B","R","2",0,0,0,"000000000","00000000000",0,0,0,1,0,0,0,0,0,0,0,998,0,0,0,12,6,2,10,0,0,0,1,48,78043,6,1,0,0,3,3,999,999,0,0,0,0,0,0,0,0,0,0,0,0,0,0,1,2,30,1,1,8,2,65,3,1,90,99,1,1,12,"777777777777","777777777777","777777777777",1,0
48,483383,1,1,1,24,12,2,26,25,0,1,0,48,2,7,403,7403,14,2007,"1D8GT58K97W6","1","D","8","G","T","5","8","K","9","7","W","6",0,0,0,"000000000","00000000000",0,0,0,1,0,0,0,0,0,0,0,998,0,0,0,61,6,2,25,0,0,0,1,96,0,9,9,99,9,9,9,999,999,99,99,99,99,99,99,9999,99,9999,0,0,0,0,0,3,3,65,3,2,8,1,0,0,6,12,99,1,4,6,"777777777777","777777777777","777777777777",1,1
48,483385,1,1,2,24,12,0,50,1,0,1,0,48,0,7,880,7880,67,2011,"3D73Y4CL6BG5","3","D","7","3","Y","4","C","L","6","B","G","5",0,0,88,"888888888","88888888888",2,1,97,1,0,0,0,0,0,0,0,998,0,2,5,0,6,2,1,0,0,0,1,99,99999,9,9,99,9,9,9,999,999,99,99,99,99,99,99,9999,99,9999,0,0,0,0,0,1,2,60,1,2,8,11,0,0,1,12,99,1,4,6,"777777777777","777777777777","777777777777",1,0
48,483386,1,2,3,24,12,4,43,57,0,1,0,48,2,7,482,7482,31,2015,"1C6RR7LM1FS6","1","C","6","R","R","7","L","M","1","F","S","6",0,0,0,"000000000","00000000000",0,0,0,1,0,0,0,0,0,0,0,998,0,0,0,98,6,2,12,0,0,0,1,48,78221,6,1,0,0,3,0,999,999,0,0,0,0,0,0,0,0,0,0,0,0,0,0,3,3,75,1,1,8,2,0,0,1,12,99,1,4,6,"777777777777","777777777777","777777777777",3,1
48,483386,2,2,1,24,12,4,43,57,0,1,0,28,3,98,988,98988,58,2015,"2PCCS3490EC7","2","P","C","C","S","3","4","9","0","E","C","7",0,0,57,"584756","57584756",3,21,22,1,0,0,0,0,98,0,0,70,0,0,0,12,6,2,12,0,0,0,1,26,48313,6,1,6,3,3,3,68,190,1,0,0,1,0,2,2014,2,2016,0,0,0,0,0,3,2,75,1,1,8,2,0,0,1,62,16,2,1,98,"777777777777","777777777777","777777777777",0,0
48,483387,1,2,1,24,12,1,12,8,0,1,0,40,1,20,482,20482,31,2007,"3GNEC12J37G1","3","G","N","E","C","1","2","J","3","7","G","1",0,0,0,"000000000","00000000000",0,0,0,1,0,0,0,0,0,0,0,998,0,0,0,1,2,5,8,0,0,0,1,40,73160,6,1,0,0,3,0,69,170,0,0,0,0,2,3,2014,9,2015,0,0,0,0,0,2,2,75,1,1,8,1,0,0,1,80,99,1,1,13,"777777777777","777777777777","777777777777",0,0
48,483387,2,2,1,24,12,1,12,8,0,1,0,31,3,84,884,84884,66,2014,"3HSDJSJR1EN7","3","H","S","D","J","S","J","R","1","E","N","7",1,1,57,"73705","5773705",3,6,1,1,0,0,0,0,0,0,0,998,0,0,0,14,8,5,8,0,0,0,1,1,36856,6,1,6,3,3,0,75,400,0,0,0,0,0,0,0,0,0,0,0,0,0,0,2,2,75,1,1,8,1,0,0,4,80,6,1,1,98,"3HSDJSJR1EN7","777777777777","777777777777",0,0
48,483388,1,2,2,24,12,11,0,12,6,1,0,48,1,85,881,85881,66,2007,"1XKAD49X57J1","1","X","K","A","D","4","9","X","5","7","J","1",1,2,57,"1401004","571401004",3,6,1,1,0,0,0,0,0,0,0,998,0,0,0,12,6,2,12,0,0,0,1,48,78599,6,1,6,0,3,0,999,999,0,0,0,1,0,9,2014,9,2014,4,28,51,91,0,1,2,75,3,1,8,6,0,0,14,6,99,2,2,64,"1XKAD49X57J1","777777777777","777777777777",0,0
48,483388,2,2,4,24,12,11,0,12,6,1,0,48,2,20,481,20481,31,2005,"1GCHK23U05F8","1","G","C","H","K","2","3","U","0","5","F","8",0,0,0,"000000000","00000000000",0,0,0,1,0,0,0,0,0,0,0,998,0,1,5,9,6,2,12,0,0,0,1,48,78561,6,1,6,0,3,0,999,999,0,1,0,0,0,2,2013,2,2013,0,0,0,0,0,1,2,75,2,1,8,6,0,0,14,62,7,1,1,65,"777777777777","777777777777","777777777777",4,0
48,483389,1,1,3,25,12,16,18,35,0,1,0,48,2,20,401,20401,14,2002,"1GNDS13S0221","1","G","N","D","S","1","3","S","0","2","2","1",0,0,0,"000000000","00000000000",0,0,0,1,0,0,0,0,0,0,0,998,0,1,3,98,6,2,1,0,0,0,1,48,78242,6,1,0,0,3,0,999,999,0,0,0,0,0,0,0,0,0,0,0,0,0,0,6,1,70,4,2,8,1,0,0,15,9,99,9,4,7,"777777777777","777777777777","777777777777",1,0
48,483390,1,1,1,26,12,22,0,8,0,1,0,48,2,20,481,20481,31,1997,"2GCEC19R7V11","2","G","C","E","C","1","9","R","7","V","1","1",0,0,0,"000000000","00000000000",0,0,0,1,0,0,0,0,0,0,0,998,0,0,0,12,6,2,8,0,0,0,1,48,77662,1,1,0,0,2,0,999,999,1,31,0,3,5,5,2012,11,2016,0,91,0,0,0,1,2,30,1,1,8,1,0,0,1,13,99,1,4,1,"777777777777","777777777777","777777777777",0,1
48,483391,1,1,1,26,12,10,38,8,0,1,0,48,1,23,481,23481,31,2004,"2GTEK19T5412","2","G","T","E","K","1","9","T","5","4","1","2",0,0,0,"000000000","00000000000",0,0,0,1,0,0,0,0,0,0,0,998,0,0,0,12,0,3,8,32,0,0,1,48,79118,6,1,0,0,3,0,999,999,0,0,0,0,0,0,0,0,0,0,0,0,0,0,0,0,0,0,0,0,0,3,3,11,80,99,1,1,13,"777777777777","777777777777","777777777777",0,0
48,483392,1,1,1,27,12,0,58,25,0,1,0,18,3,51,881,51881,66,2007,"4V4MC9GF07N4","4","V","4","M","C","9","G","F","0","7","N","4",1,1,57,"71821","5771821",3,6,1,1,0,0,0,0,0,0,0,998,0,1,1,12,6,2,1,0,0,0,1,48,76244,6,1,6,0,3,0,999,999,0,0,0,0,1,3,2012,3,2012,0,58,0,0,0,3,3,70,1,2,8,1,0,0,1,59,6,1,4,6,"1GRAA06217K2","777777777777","777777777777",1,0
48,483393,1,2,1,28,12,15,34,12,6,1,0,48,1,35,401,35401,14,2011,"5N1AR1NN4BC6","5","N","1","A","R","1","N","N","4","B","C","6",0,0,0,"000000000","00000000000",0,0,0,1,0,0,0,0,0,0,0,998,0,0,0,9,6,2,12,0,0,0,1,48,78602,6,1,6,0,3,0,999,999,1,0,0,0,0,1,2015,1,2015,0,38,0,0,0,1,2,98,8,8,8,98,20,3,11,15,99,1,1,82,"777777777777","777777777777","777777777777",0,0
48,483393,2,2,1,28,12,15,34,12,6,1,0,48,1,72,706,72706,80,2013,"1HD1KBM14DB6","1","H","D","1","K","B","M","1","4","D","B","6",0,0,0,"000000000","00000000000",0,0,0,1,0,0,0,0,0,0,0,998,0,0,0,12,6,2,12,0,0,0,1,48,78959,6,1,0,0,3,3,999,999,0,0,0,0,0,0,0,0,0,0,0,0,0,0,5,5,55,1,1,8,1,0,0,1,67,99,1,1,83,"777777777777","777777777777","777777777777",1,0
48,483394,1,1,1,28,12,18,6,9,0,1,0,48,1,12,481,12481,31,2015,"1FTEW1CP5FKD","1","F","T","E","W","1","C","P","5","F","K","D",0,0,0,"000000000","00000000000",0,0,0,1,0,0,0,0,0,0,0,998,0,0,0,12,2,3,9,0,0,0,1,48,75023,6,1,0,0,3,3,999,999,0,0,0,2,0,7,2013,9,2016,0,0,0,0,0,3,3,40,1,1,8,1,0,0,1,80,99,1,1,13,"777777777777","777777777777","777777777777",0,0
48,483395,1,3,1,28,12,13,35,12,7,1,0,48,1,6,43,6043,1,2006,"1C3EL45X46N2","1","C","3","E","L","4","5","X","4","6","N","2",0,0,0,"000000000","00000000000",0,0,0,1,0,0,0,0,0,0,0,998,0,0,0,61,6,2,12,0,0,0,1,48,77706,6,1,0,0,3,0,999,999,1,0,0,0,0,7,2014,7,2014,4,0,0,0,0,3,3,70,1,1,8,1,0,0,1,10,99,1,2,45,"777777777777","777777777777","777777777777",1,0
48,483395,2,3,4,28,12,13,35,12,7,1,0,48,2,37,402,37402,14,2008,"3CZRE38328G7","3","C","Z","R","E","3","8","3","2","8","G","7",0,0,0,"000000000","00000000000",0,0,0,1,0,0,0,0,0,0,0,998,0,1,3,1,6,2,1,0,0,0,1,48,77459,6,1,0,0,3,3,999,999,0,0,0,0,0,0,0,0,0,0,0,0,0,0,3,3,70,1,1,8,1,0,0,1,61,99,1,1,44,"777777777777","777777777777","777777777777",0,0
48,483395,3,3,4,28,12,13,35,12,7,1,0,48,1,12,481,12481,31,2013,"1FT7W2BT9DEA","1","F","T","7","W","2","B","T","9","D","E","A",0,0,0,"000000000","00000000000",0,0,0,1,0,0,0,0,0,0,0,998,0,1,1,12,6,2,12,0,0,0,1,48,76272,6,1,0,0,3,0,999,999,0,0,0,0,0,0,0,0,0,0,0,0,0,0,3,3,70,1,1,8,1,0,0,1,62,99,1,1,98,"777777777777","777777777777","777777777777",0,0
48,483396,1,1,1,28,12,6,33,8,0,1,0,48,1,12,481,12481,31,2004,"1FTRX12W94NC","1","F","T","R","X","1","2","W","9","4","N","C",0,0,0,"000000000","00000000000",0,0,0,1,0,0,0,0,0,0,0,998,0,0,0,12,2,5,8,0,0,0,1,48,77004,6,1,0,0,3,3,999,999,0,0,0,1,0,10,2015,10,2015,0,0,0,0,0,1,4,30,1,1,1,1,0,0,1,80,99,1,1,13,"777777777777","777777777777","777777777777",0,0
48,483397,1,1,1,28,12,22,21,1,0,1,0,47,2,53,706,53706,80,2005,"JS1GR7JA8521","J","S","1","G","R","7","J","A","8","5","2","1",0,0,0,"000000000","00000000000",0,0,0,1,0,0,0,0,0,0,0,998,0,0,0,0,6,2,1,0,0,0,1,48,37364,6,1,0,0,3,3,999,999,1,5,1,1,0,7,2012,8,2013,0,0,0,0,0,5,5,50,3,1,8,1,0,0,14,13,99,1,4,1,"777777777777","777777777777","777777777777",1,0
48,483398,1,2,1,29,12,14,47,12,6,1,1,1,5,12,3,12003,2,2016,"1FA6P8CF5G52","1","F","A","6","P","8","C","F","5","G","5","2",0,0,0,"000000000","00000000000",0,0,0,1,0,0,0,0,0,0,0,998,0,0,0,12,6,2,12,0,0,0,1,48,79423,0,0,0,0,0,0,999,999,0,0,0,0,0,0,0,0,0,0,39,91,0,0,1,2,98,8,8,8,98,20,3,1,17,99,1,1,88,"777777777777","777777777777","777777777777",0,1
48,483398,2,2,1,29,12,14,47,12,6,1,0,48,1,12,17,12017,4,2015,"1FAHP2F85FG1","1","F","A","H","P","2","F","8","5","F","G","1",0,0,0,"000000000","00000000000",0,0,0,1,0,0,0,0,0,0,0,998,0,0,0,9,6,2,12,0,0,0,1,48,79323,6,1,0,0,3,0,999,999,0,0,0,0,0,0,0,0,0,0,0,0,0,0,1,2,55,1,1,8,1,20,3,4,66,99,1,1,89,"777777777777","777777777777","777777777777",1,0
48,483399,1,2,1,29,12,11,40,12,6,1,0,48,1,12,17,12017,4,2003,"1FAFP55U43G2","1","F","A","F","P","5","5","U","4","3","G","2",0,0,0,"000000000","00000000000",0,0,0,1,0,0,0,0,0,0,0,998,0,0,0,12,6,2,12,0,0,0,1,47,76708,6,1,0,0,3,0,76,200,0,0,0,0,0,0,0,0,0,3,0,0,0,0,2,2,40,1,2,8,1,3,3,1,62,99,1,1,69,"777777777777","777777777777","777777777777",0,0
48,483399,2,2,1,29,12,11,40,12,6,1,0,48,2,37,32,37032,4,2003,"3HGCM56323G7","3","H","G","C","M","5","6","3","2","3","G","7",0,0,0,"000000000","00000000000",0,0,0,1,0,0,0,0,0,0,0,998,0,0,0,3,6,2,12,0,0,0,1,48,76690,6,1,0,0,3,3,66,161,0,0,0,0,0,0,0,0,0,0,38,0,0,0,1,6,40,1,2,8,1,3,3,11,15,99,1,1,68,"777777777777","777777777777","777777777777",1,0
48,483400,1,1,1,31,12,23,0,42,0,1,0,48,2,34,35,34035,4,2005,"WBANA535X5B8","W","B","A","N","A","5","3","5","X","5","B","8",0,0,0,"000000000","00000000000",0,0,0,1,0,0,0,0,0,0,0,998,0,0,0,9,6,2,42,0,0,0,1,48,75159,6,1,0,0,3,3,999,999,1,0,0,1,0,9,2012,5,2014,0,0,0,0,0,1,2,50,3,1,8,1,0,0,14,12,99,1,4,6,"777777777777","777777777777","777777777777",1,0
48,483401,1,1,2,30,12,2,29,1,0,1,0,48,1,39,36,39036,4,2004,"SAJEA51C84WD","S","A","J","E","A","5","1","C","8","4","W","D",0,0,0,"000000000","00000000000",0,0,0,1,0,0,0,0,0,0,0,998,0,2,5,0,6,2,1,0,0,0,1,48,78041,6,1,0,0,3,3,999,999,0,0,0,0,1,9,2015,9,2015,0,0,0,0,0,2,2,65,1,1,8,1,0,0,1,12,99,4,4,7,"777777777777","777777777777","777777777777",1,0
48,483402,1,1,1,31,12,8,0,42,0,1,0,48,1,49,482,49482,31,2007,"5TFRT54187X0","5","T","F","R","T","5","4","1","8","7","X","0",0,0,0,"000000000","00000000000",0,0,0,1,0,0,0,0,0,0,0,998,0,1,5,98,6,2,1,0,0,0,1,48,76020,6,1,6,0,3,0,999,999,0,0,0,1,0,11,2016,11,2016,0,0,0,0,0,1,2,35,1,1,8,1,0,0,1,13,99,1,4,1,"777777777777","777777777777","777777777777",1,1
48,483403,1,2,1,1,7,2,53,12,7,1,0,48,1,76,706,76706,80,2006,"JYARJ12E66A0","J","Y","A","R","J","1","2","E","6","6","A","0",0,0,0,"000000000","00000000000",0,0,0,1,0,0,0,0,0,0,0,998,0,0,0,81,8,2,25,0,0,0,1,48,76131,6,1,0,0,3,0,999,999,2,0,0,2,0,8,2011,8,2015,0,26,28,0,0,3,4,65,1,1,8,1,0,0,1,11,99,1,2,44,"777777777777","777777777777","777777777777",1,0
48,483403,2,2,1,1,7,2,53,12,7,1,0,48,2,37,705,37705,80,1998,"JH2PC2508WM7","J","H","2","P","C","2","5","0","8","W","M","7",0,0,0,"000000000","00000000000",0,0,0,1,0,0,0,0,0,0,0,998,0,0,0,61,6,2,12,0,0,0,1,48,76135,6,1,0,0,3,0,999,999,0,0,0,0,0,0,0,0,0,0,0,0,0,0,3,4,65,1,1,8,1,0,0,1,60,99,1,1,45,"777777777777","777777777777","777777777777",0,0
48,483404,1,2,1,29,10,17,51,12,2,1,0,48,1,23,422,23422,15,2004,"3GKEC16Z74G3","3","G","K","E","C","1","6","Z","7","4","G","3",0,0,0,"000000000","00000000000",0,0,0,1,0,0,0,0,0,0,0,998,0,0,0,12,6,2,12,0,0,0,1,48,77520,1,1,0,0,2,0,999,999,0,21,0,0,1,4,2012,8,2015,3,35,0,0,0,1,2,65,1,1,8,1,0,0,6,10,99,1,2,50,"777777777777","777777777777","777777777777",0,0
48,483404,2,2,1,29,10,17,51,12,2,1,0,48,1,72,706,72706,80,2007,"1HD1GP4187K3","1","H","D","1","G","P","4","1","8","7","K","3",0,0,0,"000000000","00000000000",0,0,0,1,0,0,0,0,0,0,0,998,0,0,0,12,6,2,12,0,0,0,1,48,77511,6,1,0,0,3,3,71,226,0,0,0,0,0,0,0,0,0,0,0,0,0,0,1,2,65,1,1,8,1,0,0,1,62,99,1,1,51,"777777777777","777777777777","777777777777",1,0
48,483405,1,2,1,24,11,15,58,12,6,1,0,48,1,37,402,37402,14,2000,"JHLRD1872YS0","J","H","L","R","D","1","8","7","2","Y","S","0",0,0,0,"000000000","00000000000",0,0,0,1,0,0,0,0,0,0,0,998,0,0,0,9,6,2,12,0,0,0,1,48,77656,6,1,0,0,3,3,999,999,0,0,0,0,0,0,0,0,0,0,38,0,0,0,1,2,98,8,8,8,98,20,3,1,17,99,1,1,89,"777777777777","777777777777","777777777777",1,0
48,483405,2,2,5,24,11,15,58,12,6,1,0,48,1,35,401,35401,14,2015,"5N1AR2MN8FC6","5","N","1","A","R","2","M","N","8","F","C","6",0,0,0,"000000000","00000000000",0,0,0,1,0,0,0,0,0,0,0,998,0,0,0,12,6,2,12,0,0,0,1,48,75966,6,1,6,0,3,0,999,999,0,0,0,1,0,5,2014,5,2014,0,0,0,0,0,3,2,75,2,1,8,1,0,0,14,66,99,1,1,88,"777777777777","777777777777","777777777777",0,0
48,483406,1,1,2,11,12,11,30,1,0,1,0,48,1,72,706,72706,80,2003,"1HD1GDV423K3","1","H","D","1","G","D","V","4","2","3","K","3",0,0,0,"000000000","00000000000",0,0,0,1,0,0,0,0,0,0,0,998,0,0,0,0,8,2,1,0,0,0,1,48,78744,6,1,0,0,3,0,999,999,0,1,0,0,0,3,2016,3,2016,4,0,0,0,0,1,2,40,1,5,8,2,0,0,3,6,99,3,4,2,"777777777777","777777777777","777777777777",1,0
48,483407,1,2,1,16,12,1,8,12,2,1,0,6,3,82,881,82881,66,2017,"3AKJGLDR4HSH","3","A","K","J","G","L","D","R","4","H","S","H",1,1,57,"2168709","572168709",3,6,1,1,0,0,0,0,0,0,0,998,0,0,0,12,6,2,12,0,0,0,1,6,93311,6,1,6,0,3,0,71,200,0,0,0,0,0,0,0,0,0,0,0,0,0,0,2,2,75,1,1,8,1,0,0,6,54,99,1,1,52,"1GRAA0620HW1","777777777777","777777777777",0,0
48,483407,2,2,1,16,12,1,8,12,2,1,0,35,1,41,52,41052,6,2008,"JM1CR2938803","J","M","1","C","R","2","9","3","8","8","0","3",0,0,0,"000000000","00000000000",0,0,0,1,0,0,0,0,0,0,0,998,0,0,0,12,6,2,12,0,0,0,1,35,87501,6,1,0,0,3,0,64,155,98,0,0,0,0,0,0,0,0,0,51,0,0,0,2,2,75,1,1,8,1,0,0,1,54,99,1,1,52,"777777777777","777777777777","777777777777",1,0
48,483408,1,2,4,17,12,10,40,12,6,1,0,48,2,7,482,7482,31,2012,"1C6RD6FP2CS2","1","C","6","R","D","6","F","P","2","C","S","2",0,0,0,"000000000","00000000000",0,0,0,1,0,0,0,0,0,0,0,998,0,0,0,9,6,2,12,0,0,0,1,48,77474,6,1,0,0,3,0,999,999,0,0,0,0,0,0,0,0,0,0,38,0,0,0,1,2,98,8,8,8,98,20,3,1,17,99,1,1,89,"777777777777","777777777777","777777777777",2,0
48,483408,2,2,2,17,12,10,40,12,6,1,0,12,1,98,898,98898,63,2008,"4VZBT1D958C0","4","V","Z","B","T","1","D","9","5","8","C","0",5,0,88,"888888888","88888888888",3,1,12,1,0,0,0,0,0,0,0,998,0,0,0,12,6,2,12,0,0,0,1,12,32534,6,1,0,0,3,0,69,999,0,0,0,0,0,0,0,0,0,0,0,0,0,0,2,2,75,2,1,8,1,0,0,14,66,99,1,1,88,"777777777777","777777777777","777777777777",0,0
48,483409,1,1,2,18,12,21,16,42,0,1,0,48,2,35,43,35043,4,2006,"3N1CB51D26L5","3","N","1","C","B","5","1","D","2","6","L","5",0,0,0,"000000000","00000000000",0,0,0,1,0,0,0,0,0,0,0,998,0,0,0,12,6,2,42,0,0,0,1,48,77571,6,1,0,0,3,3,999,999,0,0,0,0,0,0,0,0,0,0,0,0,0,0,1,2,50,1,1,8,1,0,0,1,13,99,1,4,1,"777777777777","777777777777","777777777777",1,0
48,483410,1,1,2,18,12,22,50,30,0,1,0,48,1,2,404,2404,14,2011,"1J4RS4GG2BC5","1","J","4","R","S","4","G","G","2","B","C","5",0,0,0,"000000000","00000000000",0,0,0,1,0,0,0,0,0,0,0,998,0,0,0,12,6,2,30,0,0,0,1,48,75751,6,1,0,0,3,3,999,999,0,0,0,0,0,0,0,0,0,0,91,0,0,0,5,5,40,1,1,8,1,0,0,1,13,99,1,4,1,"777777777777","777777777777","777777777777",1,1
48,483411,1,2,2,18,12,0,14,12,2,1,0,37,3,82,881,82881,66,2016,"1FUJGLD57GLH","1","F","U","J","G","L","D","5","7","G","L","H",1,1,57,"24491","5724491",3,6,1,1,0,0,0,0,0,0,0,998,0,0,0,12,6,2,12,0,0,0,1,37,28168,6,1,6,1,3,3,70,999,0,0,0,0,0,0,0,0,0,0,0,0,0,0,3,2,75,1,1,8,1,0,0,6,54,99,1,1,52,"1GRAP0625FD4","777777777777","777777777777",0,0
48,483411,2,2,1,18,12,0,14,12,2,1,0,6,1,20,431,20431,16,2002,"3GNEC16Z92G2","3","G","N","E","C","1","6","Z","9","2","G","2",0,0,0,"000000000","00000000000",0,0,0,1,0,0,0,0,0,0,0,998,0,0,0,12,6,2,12,0,0,0,1,6,96001,6,1,0,0,3,0,68,218,0,0,0,0,0,0,0,0,0,0,51,0,0,0,3,2,75,1,1,8,1,0,0,1,54,99,1,1,52,"777777777777","777777777777","777777777777",1,0
48,483412,1,1,1,20,12,5,30,35,0,1,0,22,2,49,44,49044,2,2000,"2T1CF22P9YC2","2","T","1","C","F","2","2","P","9","Y","C","2",0,0,0,"000000000","00000000000",0,0,0,1,0,0,0,0,0,0,0,998,0,1,6,12,6,2,38,0,0,0,1,48,77093,0,0,0,0,0,0,999,999,0,0,0,0,0,0,0,0,0,0,28,0,0,0,3,2,65,1,3,8,1,0,0,1,13,99,1,4,1,"777777777777","777777777777","777777777777",1,0
48,483413,1,2,1,22,12,12,35,12,2,1,0,48,1,20,481,20481,31,2008,"1GCEK19028Z2","1","G","C","E","K","1","9","0","2","8","Z","2",0,0,0,"000000000","00000000000",0,0,0,1,0,0,0,0,0,0,0,998,0,0,0,12,6,2,12,0,0,0,1,48,77861,6,1,0,0,3,0,999,999,0,0,0,0,0,0,0,0,0,0,51,0,0,0,1,2,45,2,3,8,1,0,0,14,10,1,1,2,50,"777777777777","777777777777","777777777777",0,1