"STATE","ST_CASE","VEH_NO","VE_FORMS","NUMOCCS","DAY","MONTH","HOUR","MINUTE","HARM_EV","MAN_COLL","UNITTYPE","HIT_RUN","REG_STAT","OWNER","MAKE","MODEL","MAK_MOD","BODY_TYP","MOD_YEAR","VIN","VIN_1","VIN_2","VIN_3","VIN_4","VIN_5","VIN_6","VIN_7","VIN_8","VIN_9","VIN_10","VIN_11","VIN_12","TOW_VEH","J_KNIFE","MCARR_I1","MCARR_I2","MCARR_ID","GVWR","V_CONFIG","CARGO_BT","HAZ_INV","HAZ_PLAC","HAZ_ID","HAZ_CNO","HAZ_REL","BUS_USE","SPEC_USE","EMER_USE","TRAV_SP","UNDERIDE","ROLLOVER","ROLINLOC","IMPACT1","DEFORMED","TOWED","M_HARM","VEH_SC1","VEH_SC2","FIRE_EXP","DR_PRES","L_STATE","DR_ZIP","L_STATUS","L_TYPE","CDL_STAT","L_ENDORS","L_COMPL","L_RESTRI","DR_HGT","DR_WGT","PREV_ACC","PREV_SUS","PREV_DWI","PREV_SPD","PREV_OTH","FIRST_MO","FIRST_YR","LAST_MO","LAST_YR","SPEEDREL","DR_SF1","DR_SF2","DR_SF3","DR_SF4","VTRAFWAY","VNUM_LAN","VSPD_LIM","VALIGN","VPROFILE","VPAVETYP","VSURCOND","VTRAFCON","VTCONT_F","P_CRASH1","P_CRASH2","P_CRASH3","PCRASH4","PCRASH5","ACC_TYPE","TRLR1VIN","TRLR2VIN","TRLR3VIN","DEATHS","DR_DRINK"
48,483413,2,2,1,22,12,12,35,12,2,1,0,48,1,72,706,72706,80,2014,"1HD1KBM13EB7","1","H","D","1","K","B","M","1","3","E","B","7",0,0,0,"000000000","00000000000",0,0,0,1,0,0,0,0,0,0,0,998,0,0,0,12,8,2,12,0,0,0,1,48,77356,6,1,0,0,3,0,999,999,1,3,1,0,0,6,2014,7,2015,0,0,0,0,0,1,2,45,3,3,8,1,0,0,14,62,99,1,1,51,"777777777777","777777777777","777777777777",1,0
48,483414,1,2,1,23,12,8,22,12,6,1,0,48,2,12,481,12481,31,2006,"1FTRW12W56FA","1","F","T","R","W","1","2","W","5","6","F","A",0,0,0,"000000000","00000000000",0,0,0,1,0,0,0,0,0,0,0,998,0,0,0,3,6,2,12,0,0,0,1,48,75703,6,1,0,0,3,0,999,999,0,0,0,2,0,2,2014,7,2015,4,51,0,0,0,1,2,60,2,1,8,2,0,0,14,6,6,4,6,66,"777777777777","777777777777","777777777777",1,0
48,483414,2,2,3,23,12,8,22,12,6,1,0,48,2,20,481,20481,31,2008,"1GBHC29K48E1","1","G","B","H","C","2","9","K","4","8","E","1",0,0,0,"000000000","00000000000",1,0,0,1,0,0,0,0,0,0,0,998,0,0,0,12,6,2,12,0,0,0,1,48,75773,6,1,0,0,3,0,999,999,0,0,0,0,0,0,0,0,0,0,0,0,0,0,1,2,60,1,1,8,2,0,0,1,62,99,1,1,66,"777777777777","777777777777","777777777777",0,0
48,483415,1,2,1,24,12,3,59,12,2,1,0,93,3,87,884,87884,66,2015,"1XPXD49X2FD2","1","X","P","X","D","4","9","X","2","F","D","2",1,3,57,"345957","57345957",3,6,2,1,0,0,0,0,0,0,0,998,0,0,0,12,6,2,12,0,0,0,1,48,76048,6,1,6,1,3,3,999,999,0,0,0,1,0,11,2012,11,2012,0,0,0,0,0,1,2,75,3,2,8,2,0,0,14,62,7,1,4,50,"1S9AL15BXGH4","777777777777","777777777777",0,0
48,483415,2,2,1,24,12,3,59,12,2,1,0,5,2,12,423,12423,16,2002,"1FMNU43S42EB","1","F","M","N","U","4","3","S","4","2","E","B",0,0,0,"000000000","00000000000",0,0,0,1,0,0,0,0,0,0,0,998,0,0,0,12,6,2,12,0,0,0,1,5,71913,6,1,0,0,3,0,73,145,0,0,0,0,0,0,0,0,0,0,51,0,0,0,1,2,75,2,2,8,2,0,0,14,10,99,1,4,51,"777777777777","777777777777","777777777777",1,0
48,483416,1,2,1,24,12,14,25,12,6,1,0,48,1,12,398,12398,2,1934,"000000000000","0","0","0","0","0","0","0","0","0","0","0","0",0,0,0,"000000000","00000000000",0,0,0,1,0,0,0,0,0,0,0,998,0,0,0,62,6,2,12,0,0,0,1,48,76180,6,1,0,0,3,0,999,999,0,0,0,0,0,0,0,0,0,4,28,0,0,0,2,3,40,1,1,8,1,0,0,1,8,99,2,2,66,"777777777777","777777777777","777777777777",0,0
48,483416,2,2,1,24,12,14,25,12,6,1,0,48,0,76,705,76705,80,2008,"JYARJ16EX8A0","J","Y","A","R","J","1","6","E","X","8","A","0",0,0,0,"000000000","00000000000",0,0,0,1,0,0,0,0,0,0,0,998,0,0,0,12,6,2,12,0,0,0,1,48,76054,6,1,0,0,3,0,999,999,0,0,0,0,0,0,0,0,0,0,0,0,0,0,2,3,40,1,1,8,1,0,0,1,61,99,1,1,66,"777777777777","777777777777","777777777777",1,0
48,483417,1,1,2,24,12,22,41,33,0,1,0,48,2,35,473,35473,31,2004,"1N6AA07A94N5","1","N","6","A","A","0","7","A","9","4","N","5",0,0,0,"000000000","00000000000",0,0,0,1,0,0,0,0,0,0,0,998,0,1,6,98,6,2,1,0,0,0,1,48,76301,0,0,0,0,0,0,999,999,0,0,0,0,0,0,0,0,0,5,0,0,0,0,1,4,45,2,1,8,2,0,0,14,6,99,4,4,7,"777777777777","777777777777","777777777777",1,1
48,483418,1,1,1,25,12,1,53,8,0,1,0,48,1,20,481,20481,31,2015,"3GCPCREC2FG4","3","G","C","P","C","R","E","C","2","F","G","4",0,0,0,"000000000","00000000000",0,0,0,1,0,0,0,0,0,0,0,998,0,0,0,12,2,3,8,0,0,0,1,48,77511,6,1,6,0,3,0,999,999,1,0,0,0,0,3,2013,3,2013,0,91,0,0,0,1,2,30,1,1,2,1,0,0,1,80,99,1,1,13,"777777777777","777777777777","777777777777",0,1
48,483419,1,1,99,26,12,19,52,8,0,1,1,99,9,7,482,7482,31,9999,"999999999999","9","9","9","9","9","9","9","9","9","9","9","9",0,0,0,"000000000","00000000000",0,0,0,1,0,0,0,0,0,0,0,998,0,0,0,12,8,5,8,0,0,0,1,99,99999,9,9,99,9,9,9,999,999,99,99,99,99,99,99,9999,99,9999,0,38,0,0,0,1,2,60,1,1,8,1,0,0,1,80,99,1,1,13,"777777777777","777777777777","777777777777",0,0
48,483420,1,1,1,27,12,20,41,8,0,1,0,48,1,12,481,12481,31,2004,"1FTPX12554NB","1","F","T","P","X","1","2","5","5","4","N","B",0,0,0,"000000000","00000000000",0,0,0,1,0,0,0,0,0,0,0,998,0,0,0,12,6,2,8,0,0,0,1,48,75201,6,1,6,0,3,0,999,999,1,0,0,2,0,6,2012,10,2015,0,0,0,0,0,3,4,65,1,1,8,1,0,0,1,80,99,1,1,13,"777777777777","777777777777","777777777777",0,0
48,483422,1,2,1,29,12,18,42,12,2,1,0,48,1,35,47,35047,4,2002,"1N4AL11D02C2","1","N","4","A","L","1","1","D","0","2","C","2",0,0,0,"000000000","00000000000",0,0,0,1,0,0,0,0,0,0,0,998,0,0,0,12,6,2,12,0,0,0,1,48,77836,1,1,0,0,2,0,999,999,1,22,1,0,0,7,2012,5,2016,0,28,51,0,0,1,2,65,1,1,8,1,0,0,1,10,99,1,2,50,"777777777777","777777777777","777777777777",1,0
48,483422,2,2,1,29,12,18,42,12,2,1,0,48,2,37,441,37441,20,2001,"2HKRL18531H5","2","H","K","R","L","1","8","5","3","1","H","5",0,0,0,"000000000","00000000000",0,0,0,1,0,0,0,0,0,0,0,998,0,0,0,12,6,2,12,0,0,0,1,48,76073,1,1,0,0,2,0,999,999,1,1,0,0,0,2,2012,8,2012,0,0,0,0,0,1,2,65,1,1,8,1,0,0,1,62,99,1,1,51,"777777777777","777777777777","777777777777",1,0
48,483423,1,2,1,29,12,17,50,12,2,1,0,48,2,2,404,2404,14,2015,"1C4PJLAB9FW7","1","C","4","P","J","L","A","B","9","F","W","7",0,0,0,"000000000","00000000000",0,0,0,1,0,0,0,0,0,0,0,998,0,0,0,12,6,2,12,0,0,0,1,48,77656,6,1,0,0,3,0,999,999,0,0,0,0,0,0,0,0,0,0,91,51,0,0,1,2,65,1,1,8,1,0,0,1,54,99,1,1,52,"777777777777","777777777777","777777777777",0,0
48,483423,2,2,1,29,12,17,50,12,2,1,0,48,1,72,706,72706,80,2010,"1HD1PY915AB9","1","H","D","1","P","Y","9","1","5","A","B","9",0,0,0,"000000000","00000000000",0,0,0,1,0,0,0,0,0,0,0,998,0,0,0,12,8,2,12,0,0,0,1,48,77656,6,1,0,0,3,3,999,999,0,0,0,1,0,11,2016,11,2016,0,0,0,0,0,1,2,65,1,1,8,1,0,0,1,54,99,1,1,52,"777777777777","777777777777","777777777777",1,0
48,483424,1,1,1,30,12,5,30,30,0,1,0,48,0,42,48,42048,4,1999,"WDBJF70H4XA7","W","D","B","J","F","7","0","H","4","X","A","7",0,0,0,"000000000","00000000000",0,0,0,1,0,0,0,0,0,0,0,998,0,0,0,12,6,2,30,0,0,0,1,48,75216,1,1,0,0,2,3,999,999,1,7,1,0,0,4,2012,10,2013,4,37,0,0,0,4,2,40,1,1,8,1,3,3,1,14,99,1,4,14,"777777777777","777777777777","777777777777",1,0
48,483425,1,1,1,31,12,1,11,1,0,1,0,48,2,24,7,24007,4,2006,"1G8AL55F26Z1","1","G","8","A","L","5","5","F","2","6","Z","1",0,0,0,"000000000","00000000000",0,0,0,1,0,0,0,0,0,0,0,998,0,2,5,0,6,2,1,0,0,0,1,48,76513,3,1,0,0,2,0,999,999,0,0,0,0,0,0,0,0,0,3,0,0,0,0,1,2,60,1,1,8,2,0,0,1,6,99,2,4,2,"777777777777","777777777777","777777777777",1,0
48,483426,1,1,99,31,12,0,51,8,0,1,1,99,9,99,999,99999,99,9999,"999999999999","9","9","9","9","9","9","9","9","9","9","9","9",0,0,0,"000000000","00000000000",0,0,0,1,0,0,0,0,0,0,0,998,0,0,0,99,8,5,8,0,0,0,1,99,99999,9,9,99,9,9,9,999,999,99,99,99,99,99,99,9999,99,9999,0,38,0,0,0,5,5,30,1,1,8,1,0,0,1,80,99,9,1,13,"777777777777","777777777777","777777777777",0,0
48,483427,1,1,1,31,12,12,22,42,0,1,0,48,2,7,482,7482,31,2015,"1C6RR6FT4FS5","1","C","6","R","R","6","F","T","4","F","S","5",0,0,0,"000000000","00000000000",0,0,0,1,0,0,0,0,0,0,0,998,0,0,0,12,6,2,2,0,0,1,1,48,75831,0,0,0,0,0,0,999,999,0,0,0,0,0,0,0,0,0,4,0,0,0,0,1,2,70,1,2,8,1,0,0,6,12,1,1,4,6,"777777777777","777777777777","777777777777",1,0
48,483428,1,1,1,31,12,1,39,42,0,1,0,48,2,20,28,20028,5,2013,"1G1JE6SB9D41","1","G","1","J","E","6","S","B","9","D","4","1",0,0,0,"000000000","00000000000",0,0,0,1,0,0,0,0,0,0,0,998,0,0,0,12,6,2,42,32,0,0,1,48,76048,6,1,0,0,3,0,999,999,0,0,0,0,0,0,0,0,0,0,0,0,0,0,1,2,50,1,2,2,1,0,0,1,12,99,4,4,7,"777777777777","777777777777","777777777777",1,1
48,483429,1,2,4,31,12,10,16,12,6,1,0,48,1,49,422,49422,15,2015,"5TDDW5G12FS1","5","T","D","D","W","5","G","1","2","F","S","1",1,1,0,"000000000","00000000000",0,0,0,1,0,0,0,0,0,0,0,998,0,0,0,3,6,2,12,0,0,0,1,48,75491,6,1,0,0,3,0,999,999,0,0,0,0,0,0,0,0,0,4,87,0,0,0,1,2,70,1,1,8,2,0,0,1,6,99,4,4,66,"000000000000","777777777777","777777777777",1,0
48,483429,2,2,1,31,12,10,16,12,6,1,0,48,2,23,401,23401,14,2006,"1GKDT13SX622","1","G","K","D","T","1","3","S","X","6","2","2",0,0,0,"000000000","00000000000",0,0,0,1,0,0,0,0,0,0,0,998,0,0,0,12,6,2,12,0,0,0,1,48,78942,6,1,0,0,3,3,999,999,0,0,0,0,0,0,0,0,0,0,0,0,0,0,1,2,70,1,1,8,2,0,0,1,62,7,1,4,66,"777777777777","777777777777","777777777777",1,0
48,483430,1,1,1,31,12,1,17,42,0,1,0,13,2,7,482,7482,31,2000,"1B7KC2360YJ1","1","B","7","K","C","2","3","6","0","Y","J","1",0,0,0,"000000000","00000000000",0,0,0,1,0,0,0,0,0,0,0,998,0,0,0,12,6,2,42,0,0,0,1,48,75762,6,1,0,0,3,3,999,999,1,0,0,0,0,12,2012,12,2012,4,0,0,0,0,1,2,55,2,2,8,1,0,0,14,6,99,2,4,6,"777777777777","777777777777","777777777777",1,1
48,483431,1,1,2,17,3,20,9,38,0,1,0,48,1,20,401,20401,14,1997,"1GNDT13W3V21","1","G","N","D","T","1","3","W","3","V","2","1",0,0,0,"000000000","00000000000",0,0,0,1,0,0,0,0,0,0,0,998,0,1,5,12,6,2,1,0,0,0,1,48,76140,6,1,0,0,3,0,999,999,0,0,0,1,1,2,2016,2,2016,3,58,0,0,0,1,2,45,3,1,8,1,0,0,14,12,99,2,4,7,"777777777777","777777777777","777777777777",2,1
48,483432,1,2,1,5,4,23,50,12,2,1,0,92,0,73,702,73702,80,2000,"JKBKXEAC5YA0","J","K","B","K","X","E","A","C","5","Y","A","0",0,0,0,"000000000","00000000000",0,0,0,1,0,0,0,0,0,0,0,998,0,0,0,12,8,2,12,0,0,0,1,48,76140,6,1,0,0,2,0,999,999,0,16,0,1,0,5,2011,3,2015,3,24,28,0,0,1,2,40,1,1,8,1,0,0,1,54,99,1,1,52,"777777777777","777777777777","777777777777",1,1
48,483432,2,2,1,5,4,23,50,12,2,1,0,48,1,76,709,76709,80,1988,"JYA2VEW09JA0","J","Y","A","2","V","E","W","0","9","J","A","0",0,0,0,"000000000","00000000000",0,0,0,1,0,0,0,0,0,0,0,998,0,0,0,12,8,2,12,0,0,0,1,48,76028,6,1,0,0,3,0,999,999,0,0,0,0,1,7,2012,7,2012,0,24,28,0,0,1,2,40,1,1,8,1,0,0,1,54,99,1,1,52,"777777777777","777777777777","777777777777",0,1
48,483433,1,1,5,20,5,14,48,35,0,1,0,48,1,12,422,12422,15,2000,"1FMRU17L3YLB","1","F","M","R","U","1","7","L","3","Y","L","B",0,0,0,"000000000","00000000000",0,0,0,1,0,0,0,0,0,0,0,998,0,1,5,98,6,2,1,0,0,0,1,48,76110,6,1,0,0,3,3,999,999,0,0,0,0,0,0,0,0,0,0,58,0,0,0,1,2,60,1,2,8,1,0,0,1,13,6,3,4,2,"777777777777","777777777777","777777777777",1,0
48,483434,1,2,2,11,7,16,29,12,6,1,0,48,2,12,3,12003,2,2015,"1FA6P8THXF54","1","F","A","6","P","8","T","H","X","F","5","4",0,0,0,"000000000","00000000000",0,0,0,1,0,0,0,0,0,0,0,54,0,0,0,12,6,2,12,0,0,0,1,48,76058,6,1,0,0,3,0,999,999,0,0,0,0,0,0,0,0,0,3,0,0,0,0,1,2,35,1,2,8,1,0,0,1,66,99,1,1,88,"777777777777","777777777777","777777777777",0,0
48,483434,2,2,1,11,7,16,29,12,6,1,0,48,1,21,23,21023,4,2002,"1G3WS52H92F2","1","G","3","W","S","5","2","H","9","2","F","2",0,0,0,"000000000","00000000000",0,0,0,1,0,0,0,0,0,0,0,48,0,1,6,7,6,2,12,0,0,0,1,48,76135,6,1,0,0,3,0,999,999,0,33,0,2,0,9,2013,4,2016,3,39,0,0,0,1,2,98,8,8,8,98,20,3,1,17,99,1,1,89,"777777777777","777777777777","777777777777",1,0
48,483435,1,1,2,14,9,12,53,8,0,1,0,48,1,7,422,7422,15,2005,"1D4HD38N75F6","1","D","4","H","D","3","8","N","7","5","F","6",0,0,0,"000000000","00000000000",0,0,0,1,0,0,0,0,0,0,0,998,0,0,0,1,0,5,8,0,0,0,1,48,78757,1,1,0,0,2,0,999,999,0,5,0,0,1,5,2015,9,2016,0,38,0,0,0,0,0,0,0,0,0,0,20,3,10,80,1,1,5,13,"777777777777","777777777777","777777777777",0,0
48,483437,1,2,2,18,11,17,16,12,2,1,0,48,2,13,1,13001,4,2007,"1LNHM82V47Y6","1","L","N","H","M","8","2","V","4","7","Y","6",0,0,0,"000000000","00000000000",0,0,0,1,0,0,0,0,0,0,0,998,0,0,0,12,6,2,12,32,0,0,1,48,79036,9,9,99,9,9,9,999,999,99,99,99,99,99,99,9999,99,9999,0,38,0,0,0,1,2,98,8,8,8,98,20,3,11,15,99,1,1,82,"777777777777","777777777777","777777777777",1,0
48,483437,2,2,1,18,11,17,16,12,2,1,0,48,0,20,2,20002,4,1991,"1G1BN53E2MW1","1","G","1","B","N","5","3","E","2","M","W","1",0,0,0,"000000000","00000000000",0,0,0,1,0,0,0,0,0,0,0,998,0,0,0,12,6,2,12,0,0,0,1,48,79413,9,9,99,9,9,9,999,999,99,99,99,99,99,99,9999,99,9999,0,0,0,0,0,5,5,40,1,1,8,1,0,0,1,67,99,1,1,83,"777777777777","777777777777","777777777777",0,0
48,483438,1,1,3,20,11,18,30,57,0,1,0,48,2,23,421,23421,15,2003,"1GKEK13ZX3R1","1","G","K","E","K","1","3","Z","X","3","R","1",0,0,0,"000000000","00000000000",0,0,0,1,0,0,0,0,0,0,0,998,0,1,3,98,6,2,57,0,0,0,1,48,79927,1,1,0,0,2,0,999,999,0,6,0,2,3,2,2013,8,2015,4,58,0,0,0,3,2,80,1,1,8,1,0,0,6,61,8,9,4,8,"777777777777","777777777777","777777777777",1,0
48,483439,1,2,1,23,11,19,51,12,6,1,0,48,2,12,481,12481,31,2010,"1FTMF1CW3AKC","1","F","T","M","F","1","C","W","3","A","K","C",0,0,0,"000000000","00000000000",0,0,0,1,0,0,0,0,0,0,0,998,0,0,0,3,6,2,12,0,0,0,1,48,76088,6,1,0,0,3,0,999,999,0,0,0,0,0,0,0,0,0,0,38,0,0,0,1,2,35,1,1,8,1,20,3,1,17,99,1,1,87,"777777777777","777777777777","777777777777",0,0
48,483439,2,2,2,23,11,19,51,12,6,1,0,48,1,30,40,30040,4,2016,"3VW267AJ8GM4","3","V","W","2","6","7","A","J","8","G","M","4",0,0,0,"000000000","00000000000",0,0,0,1,0,0,0,0,0,0,0,998,0,0,0,12,6,2,12,0,0,0,1,48,76073,6,1,0,0,3,0,999,999,1,0,0,1,0,1,2013,5,2013,0,0,0,0,0,5,5,35,1,1,8,1,0,0,1,66,99,1,1,86,"777777777777","777777777777","777777777777",1,0
48,483440,1,1,1,28,11,6,30,42,0,1,0,48,1,20,481,20481,31,2000,"1GCEC14W4YZ3","1","G","C","E","C","1","4","W","4","Y","Z","3",0,0,0,"000000000","00000000000",0,0,0,1,0,0,0,0,0,0,0,998,0,0,0,9,6,2,42,0,0,0,1,48,75654,6,1,0,0,3,0,999,999,0,0,0,0,0,0,0,0,0,4,0,0,0,0,1,2,55,3,1,8,2,0,0,14,6,99,3,4,2,"777777777777","777777777777","777777777777",1,0
48,483441,1,2,4,31,12,3,10,12,6,1,0,48,2,20,481,20481,31,2014,"3GCPCREH0EG2","3","G","C","P","C","R","E","H","0","E","G","2",0,0,0,"000000000","00000000000",0,0,0,1,0,0,0,0,0,0,0,998,0,0,0,83,6,2,12,0,0,0,1,48,77469,6,1,0,0,3,0,999,999,0,0,0,0,2,3,2012,6,2014,0,38,0,0,0,2,2,55,1,1,8,1,28,3,11,15,99,1,1,68,"777777777777","777777777777","777777777777",2,0
48,483441,2,2,1,31,12,3,10,12,6,1,0,48,0,82,881,82881,66,1994,"1FUYDZYB1RH5","1","F","U","Y","D","Z","Y","B","1","R","H","5",1,1,99,"999999999","99999999999",3,6,1,1,0,0,0,0,0,0,0,998,0,1,1,12,6,2,12,0,0,0,1,48,77039,1,1,0,0,2,0,999,999,0,0,0,0,0,0,0,0,0,0,0,0,0,0,2,2,55,1,1,8,1,0,0,1,62,99,1,1,69,"1UYVS25315U6","777777777777","777777777777",0,0
48,483442,1,1,1,14,12,17,40,8,0,1,0,48,0,23,401,23401,14,2005,"1GKDS13S8521","1","G","K","D","S","1","3","S","8","5","2","1",0,0,0,"000000000","00000000000",0,0,0,1,0,0,0,0,0,0,0,998,0,0,0,12,0,3,8,0,0,0,1,48,77096,6,1,0,0,3,0,999,999,0,0,0,0,0,0,0,0,0,0,31,0,0,0,1,2,40,1,1,1,1,0,0,1,8,1,1,4,14,"777777777777","777777777777","777777777777",0,0
48,483443,1,1,1,15,12,14,20,42,0,1,0,48,1,63,33,63033,4,2005,"KNAFE1212551","K","N","A","F","E","1","2","1","2","5","5","1",0,0,0,"000000000","00000000000",0,0,0,1,0,0,0,0,0,0,0,998,0,1,5,12,6,2,42,0,0,0,1,48,75926,6,1,0,0,3,3,999,999,0,0,0,1,0,2,2012,2,2012,0,83,0,0,0,1,2,55,3,1,8,1,0,0,14,87,99,1,4,6,"777777777777","777777777777","777777777777",1,0
48,483444,1,1,2,16,12,23,32,39,0,1,0,48,2,24,7,24007,4,2007,"1G8AL58B97Z1","1","G","8","A","L","5","8","B","9","7","Z","1",0,0,0,"000000000","00000000000",0,0,0,1,0,0,0,0,0,0,0,998,0,1,5,6,6,2,1,0,0,0,1,48,75134,0,0,0,0,0,0,65,149,0,0,0,0,0,0,0,0,0,5,0,0,0,0,2,3,40,3,1,8,2,0,0,14,6,99,4,4,7,"777777777777","777777777777","777777777777",1,1
48,483445,1,1,1,20,12,15,5,52,0,1,0,48,2,55,35,55035,4,2014,"5NPDH4AE2EH5","5","N","P","D","H","4","A","E","2","E","H","5",0,0,0,"000000000","00000000000",0,0,0,1,0,0,0,0,0,0,0,998,0,0,0,61,6,2,52,0,0,0,1,48,77423,6,1,0,0,3,0,61,201,1,0,0,1,0,11,2013,4,2015,0,58,0,0,0,3,3,65,1,1,8,1,0,0,1,60,7,1,4,1,"777777777777","777777777777","777777777777",1,0
48,483446,1,1,2,22,12,19,51,8,0,1,0,48,1,20,481,20481,31,1988,"2GCEC14K4J12","2","G","C","E","C","1","4","K","4","J","1","2",0,0,0,"000000000","00000000000",0,0,0,1,0,0,0,0,0,0,0,998,0,0,0,12,2,5,8,0,0,0,1,48,75471,6,1,0,0,3,3,999,999,0,0,0,0,0,0,0,0,0,0,0,0,0,0,2,2,40,1,1,8,1,0,0,1,80,99,1,1,13,"777777777777","777777777777","777777777777",0,0
48,483447,1,1,1,23,12,22,10,8,0,1,0,48,1,35,43,35043,4,2011,"3N1AB6AP6BL6","3","N","1","A","B","6","A","P","6","B","L","6",0,0,0,"000000000","00000000000",0,0,0,1,0,0,0,0,0,0,0,998,0,0,0,12,6,2,8,0,0,0,1,48,78681,6,1,0,0,3,0,999,999,0,0,0,0,0,0,0,0,0,0,0,0,0,0,2,3,60,1,1,8,2,0,0,1,80,99,1,1,13,"777777777777","777777777777","777777777777",0,0
48,483448,1,2,1,25,12,3,33,12,1,1,1,48,1,7,482,7482,31,2001,"1B7HC13Y71J2","1","B","7","H","C","1","3","Y","7","1","J","2",0,0,0,"000000000","00000000000",0,0,0,1,0,0,0,0,0,0,0,998,0,0,0,12,6,2,12,0,0,0,1,48,75042,0,0,0,0,0,0,999,999,0,0,0,0,0,0,0,0,0,5,0,0,0,0,2,4,45,1,1,8,2,3,3,1,50,99,1,1,20,"777777777777","777777777777","777777777777",0,1
48,483448,2,2,5,25,12,3,33,12,1,1,0,48,1,41,52,41052,6,2006,"JM1CR2930601","J","M","1","C","R","2","9","3","0","6","0","1",0,0,0,"000000000","00000000000",0,0,0,1,0,0,0,0,0,0,0,0,0,0,0,6,6,2,12,0,0,0,1,48,75231,6,1,0,0,3,3,999,999,0,0,0,0,0,0,0,0,0,0,0,0,0,0,2,4,45,1,1,8,2,3,3,5,53,1,1,1,21,"777777777777","777777777777","777777777777",1,0
48,483449,1,1,1,27,12,1,20,59,0,1,0,48,1,6,55,6055,2,2004,"1C3AN69L74X0","1","C","3","A","N","6","9","L","7","4","X","0",0,0,0,"000000000","00000000000",0,0,0,1,0,0,0,0,0,0,0,998,0,1,5,98,6,2,1,0,0,0,1,48,75217,6,1,0,0,3,0,999,999,0,0,0,0,0,0,0,0,0,4,0,0,0,0,1,2,75,3,2,8,1,0,0,14,6,99,1,4,1,"777777777777","777777777777","777777777777",1,0
48,483450,1,2,1,28,12,12,41,12,1,1,0,48,0,37,705,37705,80,2001,"JH2RC44341M4","J","H","2","R","C","4","4","3","4","1","M","4",0,0,0,"000000000","00000000000",0,0,0,1,0,0,0,0,0,0,0,998,0,0,0,12,6,2,12,0,0,0,1,48,78213,1,1,0,0,2,0,999,999,0,5,0,1,1,10,2015,9,2016,4,0,0,0,0,1,4,35,1,1,8,1,0,0,1,50,99,1,1,20,"777777777777","777777777777","777777777777",1,0
48,483450,2,2,1,28,12,12,41,12,1,1,0,48,2,30,40,30040,4,2015,"3VWD07AJ4FM3","3","V","W","D","0","7","A","J","4","F","M","3",0,0,0,"000000000","00000000000",0,0,0,1,0,0,0,0,0,0,0,0,0,0,0,6,4,5,12,0,0,0,1,48,78258,6,1,0,0,3,0,999,999,0,0,0,0,0,0,0,0,0,0,0,0,0,0,1,4,35,1,1,8,1,0,0,5,53,1,1,1,21,"777777777777","777777777777","777777777777",0,0
48,483451,1,1,1,28,12,19,2,8,0,1,0,48,0,12,461,12461,21,2001,"1FTNE24L31HA","1","F","T","N","E","2","4","L","3","1","H","A",0,0,0,"000000000","00000000000",0,0,0,1,0,0,0,0,0,0,0,998,0,0,0,12,2,3,8,0,0,0,1,48,77022,6,1,0,0,3,3,999,999,0,0,0,0,1,6,2013,6,2013,0,0,0,0,0,3,4,45,1,1,1,1,0,0,1,80,99,1,1,13,"777777777777","777777777777","777777777777",0,0
48,483452,1,1,1,28,12,19,27,43,0,1,0,48,2,20,403,20403,14,2004,"1GNES16SX461","1","G","N","E","S","1","6","S","X","4","6","1",0,0,0,"000000000","00000000000",0,0,0,1,0,0,0,0,0,0,0,998,0,0,0,12,6,2,43,0,0,0,1,48,77080,0,0,0,0,0,0,999,999,0,0,0,0,0,0,0,0,0,0,0,0,0,0,2,2,35,1,1,1,1,0,0,1,9,99,2,4,2,"777777777777","777777777777","777777777777",1,1
48,483453,1,1,1,30,12,5,27,8,0,1,0,48,1,49,482,49482,31,2007,"5TFEV54157X0","5","T","F","E","V","5","4","1","5","7","X","0",0,0,0,"000000000","00000000000",0,0,0,1,0,0,0,0,0,0,0,998,0,0,0,12,2,3,8,0,0,0,1,48,77515,3,1,0,0,2,0,999,999,0,0,0,0,0,0,0,0,0,0,0,0,0,0,2,2,55,1,1,8,1,0,0,15,50,7,1,2,13,"777777777777","777777777777","777777777777",0,0
48,483454,1,4,4,30,12,18,15,12,2,1,0,48,2,23,481,23481,31,2014,"3GTP1UEC9EG5","3","G","T","P","1","U","E","C","9","E","G","5",0,0,0,"000000000","00000000000",0,0,0,1,0,0,0,0,0,0,0,998,0,0,0,12,6,2,12,0,0,0,1,48,76556,6,1,0,0,3,3,999,999,0,0,0,0,0,0,0,0,0,0,28,51,0,0,1,2,55,1,1,8,1,0,0,1,10,99,1,2,50,"777777777777","777777777777","777777777777",1,0
48,483454,2,4,1,30,12,18,15,12,2,1,0,48,1,49,482,49482,31,2005,"5TBRU34175S4","5","T","B","R","U","3","4","1","7","5","S","4",0,0,0,"000000000","00000000000",0,0,0,1,0,0,0,0,0,0,0,998,0,0,0,12,6,2,12,0,0,0,1,48,77840,6,1,0,0,3,3,999,999,0,0,0,1,1,12,2012,8,2013,0,0,0,0,0,1,2,55,1,1,8,1,0,0,1,62,99,1,1,51,"777777777777","777777777777","777777777777",0,0