"STATE","ST_CASE","VEH_NO","VE_FORMS","NUMOCCS","DAY","MONTH","HOUR","MINUTE","HARM_EV","MAN_COLL","UNITTYPE","HIT_RUN","REG_STAT","OWNER","MAKE","MODEL","MAK_MOD","BODY_TYP","MOD_YEAR","VIN","VIN_1","VIN_2","VIN_3","VIN_4","VIN_5","VIN_6","VIN_7","VIN_8","VIN_9","VIN_10","VIN_11","VIN_12","TOW_VEH","J_KNIFE","MCARR_I1","MCARR_I2","MCARR_ID","GVWR","V_CONFIG","CARGO_BT","HAZ_INV","HAZ_PLAC","HAZ_ID","HAZ_CNO","HAZ_REL","BUS_USE","SPEC_USE","EMER_USE","TRAV_SP","UNDERIDE","ROLLOVER","ROLINLOC","IMPACT1","DEFORMED","TOWED","M_HARM","VEH_SC1","VEH_SC2","FIRE_EXP","DR_PRES","L_STATE","DR_ZIP","L_STATUS","L_TYPE","CDL_STAT","L_ENDORS","L_COMPL","L_RESTRI","DR_HGT","DR_WGT","PREV_ACC","PREV_SUS","PREV_DWI","PREV_SPD","PREV_OTH","FIRST_MO","FIRST_YR","LAST_MO","LAST_YR","SPEEDREL","DR_SF1","DR_SF2","DR_SF3","DR_SF4","VTRAFWAY","VNUM_LAN","VSPD_LIM","VALIGN","VPROFILE","VPAVETYP","VSURCOND","VTRAFCON","VTCONT_F","P_CRASH1","P_CRASH2","P_CRASH3","PCRASH4","PCRASH5","ACC_TYPE","TRLR1VIN","TRLR2VIN","TRLR3VIN","DEATHS","DR_DRINK"
49,490030,1,2,1,1,1,15,9,12,2,1,0,4,1,20,481,20481,31,2005,"1GCEC14X75Z3","1","G","C","E","C","1","4","X","7","5","Z","3",0,0,0,"000000000","00000000000",0,0,0,1,0,0,0,0,0,0,0,998,0,0,0,12,6,2,12,0,0,0,1,49,84531,1,1,0,0,2,0,999,999,98,0,0,0,4,7,2014,7,2014,0,0,0,0,0,1,2,98,8,8,8,98,0,0,1,10,99,1,2,50,"777777777777","777777777777","777777777777",1,1
49,490030,2,2,1,1,1,15,9,12,2,1,0,4,2,49,401,49401,14,1995,"JT3VN39W5S02","J","T","3","V","N","3","9","W","5","S","0","2",0,0,0,"000000000","00000000000",0,0,0,1,0,0,0,0,0,0,0,998,0,0,0,12,6,2,12,0,0,0,1,49,84536,4,1,0,0,2,0,68,160,98,0,0,0,0,0,0,0,0,0,0,0,0,0,1,2,98,8,8,8,98,0,0,1,62,99,1,1,51,"777777777777","777777777777","777777777777",1,0
49,490031,1,1,1,27,2,19,1,8,0,1,0,49,2,24,1,24001,4,2000,"1G8ZJ5276YZ2","1","G","8","Z","J","5","2","7","6","Y","Z","2",0,0,0,"000000000","00000000000",0,0,0,1,0,0,0,0,0,0,0,60,0,0,0,12,6,2,8,0,0,0,1,49,84414,6,1,0,0,3,0,68,140,98,0,0,0,0,0,0,0,0,0,0,0,0,0,5,5,55,1,1,2,1,0,0,1,80,99,1,1,13,"777777777777","777777777777","777777777777",0,0
49,490032,1,1,3,26,3,6,57,1,0,1,0,49,1,23,481,23481,31,2004,"1GTHK23174F1","1","G","T","H","K","2","3","1","7","4","F","1",0,0,0,"000000000","00000000000",0,0,0,1,0,0,0,0,0,0,0,50,0,1,5,0,6,2,1,0,0,0,1,49,84737,6,1,0,0,3,0,73,165,98,1,0,1,0,8,2011,5,2012,4,0,0,0,0,2,2,80,1,1,2,4,0,0,1,6,99,1,4,6,"777777777777","777777777777","777777777777",1,0
49,490033,1,2,1,20,3,16,18,12,6,1,0,49,1,73,709,73709,80,2003,"JKBVNAP103A0","J","K","B","V","N","A","P","1","0","3","A","0",0,0,0,"000000000","00000000000",0,0,0,1,0,0,0,0,0,0,0,35,0,0,0,12,6,2,12,0,0,0,1,49,84129,4,1,0,0,2,0,71,330,98,0,0,1,1,9,2012,6,2014,0,39,0,0,0,5,5,35,1,1,1,1,1,3,1,17,99,1,1,86,"777777777777","777777777777","777777777777",1,0
49,490033,2,2,1,20,3,16,18,12,6,1,0,49,1,49,40,49040,4,1997,"JT2BG22K9V00","J","T","2","B","G","2","2","K","9","V","0","0",0,0,0,"000000000","00000000000",0,0,0,1,0,0,0,0,0,0,0,60,0,0,0,1,4,3,12,0,0,0,1,49,84128,6,1,0,0,3,3,65,200,98,0,0,0,0,0,0,0,0,0,0,0,0,0,5,5,65,1,1,1,1,1,3,1,66,99,1,1,87,"777777777777","777777777777","777777777777",0,0
49,490034,1,2,1,29,3,2,30,12,8,1,0,49,2,23,481,23481,31,1999,"2GTEK19T0X15","2","G","T","E","K","1","9","T","0","X","1","5",0,0,0,"000000000","00000000000",0,0,0,1,0,0,0,0,0,0,0,60,0,0,0,11,6,2,12,0,0,0,1,49,84622,6,1,0,0,3,3,64,130,98,0,0,0,0,0,0,0,0,0,0,0,0,0,1,2,65,1,1,2,2,0,0,1,10,99,1,2,64,"777777777777","777777777777","777777777777",1,1
49,490034,2,2,1,29,3,2,30,12,8,1,0,49,3,87,884,87884,66,2006,"1XP5D49X06D6","1","X","P","5","D","4","9","X","0","6","D","6",2,1,77,"777777777","77777777777",3,7,8,1,0,0,0,0,0,0,0,60,0,0,0,10,6,2,12,0,0,0,1,49,84654,6,1,6,3,3,3,70,190,98,0,0,1,0,10,2013,10,2013,0,0,0,0,0,1,2,65,1,1,2,2,0,0,1,62,99,1,1,65,"888888888888","888888888888","777777777777",0,0
49,490035,1,1,1,10,4,22,4,9,0,1,0,49,1,55,33,55033,4,2007,"5NPEU46F27H1","5","N","P","E","U","4","6","F","2","7","H","1",0,0,0,"000000000","00000000000",0,0,0,1,0,0,0,0,0,0,0,30,0,0,0,12,2,3,9,0,0,0,1,49,84118,4,1,0,0,2,0,61,180,98,0,0,0,1,7,2011,1,2015,0,38,48,0,0,5,7,40,1,1,2,1,2,3,11,83,99,1,1,13,"777777777777","777777777777","777777777777",0,0
49,490036,1,1,1,16,2,19,18,15,0,1,0,49,1,54,421,54421,15,2005,"2HNYD18285H5","2","H","N","Y","D","1","8","2","8","5","H","5",0,0,0,"000000000","00000000000",0,0,0,1,0,0,0,0,0,0,0,35,0,0,0,12,2,5,15,0,0,0,1,49,84005,6,1,0,0,3,0,60,200,98,0,0,0,0,0,0,0,0,0,0,0,0,0,5,4,45,1,1,1,1,0,0,1,83,1,1,1,13,"777777777777","777777777777","777777777777",0,0
49,490037,1,2,2,22,2,12,28,12,6,1,0,49,1,35,47,35047,4,2006,"1N4AL11D16N4","1","N","4","A","L","1","1","D","1","6","N","4",0,0,0,"000000000","00000000000",0,0,0,1,0,0,0,0,0,0,0,998,0,0,0,3,6,2,12,0,0,0,1,49,84121,6,1,0,0,3,3,69,170,98,0,0,0,1,2,2016,2,2016,0,38,48,0,0,3,3,99,1,1,2,2,0,0,11,15,99,1,1,68,"777777777777","777777777777","777777777777",1,0
49,490037,2,2,1,22,2,12,28,12,6,1,0,49,1,37,31,37031,4,2000,"2HGEJ864XYH5","2","H","G","E","J","8","6","4","X","Y","H","5",0,0,0,"000000000","00000000000",0,0,0,1,0,0,0,0,0,0,0,998,0,0,0,12,6,2,12,0,0,0,1,49,84075,6,1,0,0,3,0,68,150,98,0,0,0,1,5,2013,5,2013,0,0,0,0,0,3,3,99,1,1,2,2,0,0,1,62,99,1,1,69,"777777777777","777777777777","777777777777",0,0
49,490038,1,1,1,2,3,16,41,8,0,1,0,49,2,12,481,12481,31,2002,"1FTSW31F42EB","1","F","T","S","W","3","1","F","4","2","E","B",0,0,0,"000000000","00000000000",0,0,0,1,0,0,0,0,0,0,0,999,0,0,0,10,2,5,8,0,0,0,1,49,84057,6,1,0,0,3,0,72,155,98,0,0,1,0,12,2012,12,2012,0,38,0,0,0,5,3,35,1,1,2,1,2,3,11,80,99,1,1,13,"777777777777","777777777777","777777777777",0,0
49,490039,1,2,1,28,3,19,51,12,2,1,0,6,2,23,421,23421,15,2015,"1GKS2HKC7FR2","1","G","K","S","2","H","K","C","7","F","R","2",0,0,0,"000000000","00000000000",0,0,0,1,0,0,0,0,0,0,0,95,0,0,0,12,6,2,12,0,0,0,1,49,84036,4,1,0,0,2,0,71,145,98,0,0,0,0,0,0,0,0,3,36,50,0,0,3,3,70,1,1,2,2,0,0,1,54,99,1,1,52,"777777777777","777777777777","777777777777",0,1
49,490039,2,2,1,28,3,19,51,12,2,1,0,49,1,24,499,24499,14,2003,"5GZCZ43D43S8","5","G","Z","C","Z","4","3","D","4","3","S","8",0,0,0,"000000000","00000000000",0,0,0,1,0,0,0,0,0,0,0,60,0,0,0,12,6,2,12,0,0,0,1,49,84098,6,1,0,0,3,3,65,135,98,0,0,0,0,0,0,0,0,0,0,0,0,0,3,3,70,1,1,2,2,0,0,1,54,1,1,1,52,"777777777777","777777777777","777777777777",1,0
49,490040,1,1,1,6,4,22,17,8,0,1,1,99,9,37,999,37999,99,9999,"999999999999","9","9","9","9","9","9","9","9","9","9","9","9",0,0,0,"000000000","00000000000",0,0,0,1,0,0,0,0,0,0,0,999,0,0,0,12,9,5,8,0,0,0,1,99,99999,9,9,99,9,9,9,999,999,99,99,99,99,99,99,9999,99,9999,9,36,0,0,0,5,9,99,1,1,1,1,0,0,15,80,99,1,1,13,"777777777777","777777777777","777777777777",0,0
49,490041,1,2,2,7,4,21,42,12,6,1,0,49,1,37,31,37031,4,2008,"JHMFA36208S0","J","H","M","F","A","3","6","2","0","8","S","0",0,0,0,"000000000","00000000000",0,0,0,1,0,0,0,0,0,0,0,15,0,0,0,9,6,2,12,0,0,0,1,49,84121,6,1,0,0,3,0,62,110,98,0,0,0,0,0,0,0,0,0,38,0,0,0,5,5,45,1,1,2,1,0,0,11,15,99,1,1,82,"777777777777","777777777777","777777777777",0,0
49,490041,2,2,1,7,4,21,42,12,6,1,0,49,1,37,706,37706,80,2007,"JH2SC57027M3","J","H","2","S","C","5","7","0","2","7","M","3",0,0,0,"000000000","00000000000",0,0,0,1,0,0,0,0,0,0,0,75,0,0,0,12,6,2,12,0,0,0,1,49,84121,6,1,0,0,3,0,69,180,98,0,0,0,0,0,0,0,0,3,0,0,0,0,5,5,45,1,1,2,1,0,0,1,67,99,1,1,83,"777777777777","777777777777","777777777777",1,0
49,490042,1,2,1,7,4,15,22,12,6,1,0,49,2,22,22,22022,4,2005,"1G2ZH5482541","1","G","2","Z","H","5","4","8","2","5","4","1",0,0,0,"000000000","00000000000",0,0,0,1,0,0,0,0,0,0,0,5,0,0,0,12,6,2,12,0,0,0,1,49,84404,6,1,0,0,3,3,62,165,98,0,0,0,0,0,0,0,0,0,38,0,0,0,5,7,40,1,1,2,1,2,3,11,15,99,1,1,82,"777777777777","777777777777","777777777777",0,0
49,490042,2,2,1,7,4,15,22,12,6,1,0,49,1,37,706,37706,80,1998,"1HFSC3709WA0","1","H","F","S","C","3","7","0","9","W","A","0",0,0,0,"000000000","00000000000",0,0,0,1,0,0,0,0,0,0,0,40,0,0,0,9,6,2,12,0,0,0,1,49,84037,6,1,0,0,3,3,76,430,98,0,0,1,0,7,2014,7,2014,0,0,0,0,0,5,7,40,1,1,2,1,2,3,1,66,99,1,1,83,"777777777777","777777777777","777777777777",1,0
49,490043,1,1,1,9,4,7,43,38,0,1,0,49,1,7,482,7482,31,2015,"3C6UR5FL7FG5","3","C","6","U","R","5","F","L","7","F","G","5",0,0,0,"000000000","00000000000",0,0,0,1,0,0,0,0,0,0,0,998,0,1,5,12,6,2,1,0,0,0,1,49,84738,6,1,0,0,3,3,68,140,98,0,0,1,2,2,2012,7,2015,0,28,27,0,0,1,2,55,2,1,2,2,0,0,14,12,99,1,4,6,"777777777777","777777777777","777777777777",1,0
49,490044,1,1,1,9,4,19,13,8,0,1,0,49,1,14,401,14401,14,2006,"4M2EU47E46UJ","4","M","2","E","U","4","7","E","4","6","U","J",0,0,0,"000000000","00000000000",0,0,0,1,0,0,0,0,0,0,0,35,0,0,0,12,2,3,8,0,0,0,1,49,84020,6,1,0,0,3,3,64,125,98,0,0,0,0,0,0,0,0,0,0,0,0,0,5,4,35,1,1,2,1,0,0,1,80,99,1,1,13,"777777777777","777777777777","777777777777",0,0
49,490045,1,1,1,20,3,0,56,1,0,1,0,49,1,72,706,72706,80,1998,"1HD1GEL16WY3","1","H","D","1","G","E","L","1","6","W","Y","3",0,0,0,"000000000","00000000000",0,0,0,1,0,0,0,0,0,0,0,40,0,0,0,0,6,2,1,0,0,0,1,49,84015,6,1,0,0,3,3,74,240,98,0,0,1,0,11,2015,11,2015,0,0,0,0,0,5,3,40,3,1,2,1,0,0,14,13,99,1,4,98,"777777777777","777777777777","777777777777",1,1
49,490046,1,1,2,9,4,19,8,5,0,1,0,49,1,2,404,2404,14,1999,"1J4FF68S1XL6","1","J","4","F","F","6","8","S","1","X","L","6",0,0,0,"000000000","00000000000",0,0,0,1,0,0,0,0,0,0,0,15,0,0,0,0,0,5,5,0,0,0,1,49,84032,4,1,0,0,2,3,70,220,98,0,0,0,0,0,0,0,0,0,0,0,0,0,1,2,35,1,1,2,1,0,0,2,98,99,1,1,0,"777777777777","777777777777","777777777777",1,0
49,490047,1,1,1,12,4,5,45,24,0,1,0,49,1,12,481,12481,31,2001,"3FTNW21F61MA","3","F","T","N","W","2","1","F","6","1","M","A",0,0,0,"000000000","00000000000",0,0,0,1,0,0,0,0,0,0,0,998,0,1,5,1,6,2,1,0,0,0,1,49,84715,6,1,6,0,3,3,70,250,98,0,0,0,0,0,0,0,0,0,0,0,0,0,1,2,45,3,1,2,1,0,0,14,13,99,1,4,1,"777777777777","777777777777","777777777777",1,1
49,490048,1,4,1,12,4,20,54,12,1,1,0,49,2,32,42,32042,4,2012,"WAUHGAFCXCN0","W","A","U","H","G","A","F","C","X","C","N","0",0,0,0,"000000000","00000000000",0,0,0,1,0,0,0,0,0,0,0,90,0,0,0,12,6,2,2,0,0,1,1,4,86021,6,7,0,0,3,0,71,130,0,0,0,0,0,0,0,0,0,3,0,0,0,0,1,2,65,1,1,2,1,0,0,6,51,99,1,1,24,"777777777777","777777777777","777777777777",0,0
49,490048,2,4,1,12,4,20,54,12,1,1,0,49,3,58,38,58038,4,2007,"JNKAY01F67M4","J","N","K","A","Y","0","1","F","6","7","M","4",0,0,0,"000000000","00000000000",0,0,0,1,0,0,0,0,0,0,0,65,0,1,1,12,6,2,12,0,0,0,1,49,84047,6,1,0,0,3,0,66,125,98,0,0,1,0,6,2014,6,2014,0,0,0,0,0,1,2,65,1,1,2,1,0,0,1,62,99,1,1,98,"777777777777","777777777777","777777777777",1,0
49,490048,3,4,2,12,4,20,54,12,1,1,0,49,1,6,441,6441,20,2006,"2A4GP54L26R7","2","A","4","G","P","5","4","L","2","6","R","7",0,0,0,"000000000","00000000000",0,0,0,1,0,0,0,0,0,0,0,68,0,0,0,12,6,2,12,0,0,0,1,49,84784,6,1,0,0,3,0,71,225,98,0,0,0,0,0,0,0,0,0,0,0,0,0,1,2,65,1,1,2,1,0,0,1,62,99,1,1,98,"777777777777","777777777777","777777777777",0,0
49,490048,4,4,2,12,4,20,54,12,1,1,0,4,1,23,481,23481,31,2002,"1GTHK24U52E1","1","G","T","H","K","2","4","U","5","2","E","1",0,0,0,"000000000","00000000000",0,0,0,1,0,0,0,0,0,0,0,65,0,0,0,6,4,5,12,0,0,0,1,4,86021,6,1,0,0,3,0,68,150,0,0,0,7,1,10,2012,4,2016,0,0,0,0,0,1,2,65,1,1,2,1,0,0,1,53,99,1,1,25,"777777777777","777777777777","777777777777",0,0
49,490049,1,1,1,13,4,18,57,9,0,1,0,49,1,12,422,12422,15,1998,"1FMFU18L5WLA","1","F","M","F","U","1","8","L","5","W","L","A",0,0,0,"000000000","00000000000",0,0,0,1,0,0,0,0,0,0,0,20,0,0,0,12,2,5,9,0,0,0,1,49,84663,6,1,0,0,3,0,67,175,98,0,0,0,0,0,0,0,0,0,0,0,0,0,1,2,25,1,1,2,1,20,3,1,83,99,1,1,13,"777777777777","777777777777","777777777777",0,0
49,490050,1,1,1,16,4,17,33,1,0,1,0,49,2,12,401,12401,14,1998,"1FMYU24E0WUC","1","F","M","Y","U","2","4","E","0","W","U","C",0,0,0,"000000000","00000000000",0,0,0,1,0,0,0,0,0,0,0,10,0,1,6,0,6,2,1,0,0,0,1,49,84058,1,1,0,0,2,0,67,140,98,0,0,0,1,7,2014,7,2014,0,58,0,0,0,9,1,98,4,5,5,1,0,0,13,20,99,1,4,98,"777777777777","777777777777","777777777777",1,1
49,490051,1,2,1,19,4,12,18,12,2,1,0,49,1,20,32,20032,4,1998,"1Y1SK5282WZ4","1","Y","1","S","K","5","2","8","2","W","Z","4",0,0,0,"000000000","00000000000",0,0,0,1,0,0,0,0,0,0,0,40,0,0,0,12,4,3,12,0,0,0,1,49,84115,6,1,0,0,3,3,69,160,98,0,0,0,0,0,0,0,0,0,38,0,0,0,5,7,40,1,1,2,1,2,3,11,15,99,1,1,68,"777777777777","777777777777","777777777777",0,0
49,490051,2,2,1,19,4,12,18,12,2,1,0,49,1,72,706,72706,80,2012,"1HD1KEM11CB6","1","H","D","1","K","E","M","1","1","C","B","6",0,0,0,"000000000","00000000000",0,0,0,1,0,0,0,0,0,0,0,998,0,0,0,12,6,2,12,0,0,0,1,49,84104,6,1,0,0,3,0,72,204,98,0,0,1,0,12,2013,12,2013,0,0,0,0,0,5,7,40,1,1,2,1,2,3,1,66,99,1,1,69,"777777777777","777777777777","777777777777",1,0
49,490052,1,1,2,22,4,16,8,1,0,1,0,49,1,72,706,72706,80,1995,"1HD1DPL14SY6","1","H","D","1","D","P","L","1","4","S","Y","6",0,0,0,"000000000","00000000000",0,0,0,1,0,0,0,0,0,0,0,85,0,0,0,0,6,2,1,0,0,0,1,49,84624,6,1,0,0,3,3,72,220,98,0,0,1,0,2,2016,2,2016,0,0,0,0,0,3,2,80,1,1,2,1,0,0,1,13,99,1,4,1,"777777777777","777777777777","777777777777",1,0
49,490053,1,2,1,23,4,3,40,24,0,1,0,16,3,87,884,87884,66,1999,"1XP5DR9X0XD4","1","X","P","5","D","R","9","X","0","X","D","4",1,1,77,"777777777","77777777777",3,6,8,1,0,0,0,0,0,0,0,71,0,0,0,4,6,2,12,0,0,0,1,16,83201,6,1,6,0,3,0,73,200,0,0,0,0,1,1,2016,1,2016,0,58,0,0,0,3,3,75,1,1,2,1,0,0,1,13,6,1,4,1,"999999999999","777777777777","777777777777",0,0
49,490053,2,2,2,23,4,3,40,24,0,1,0,49,2,23,481,23481,31,2001,"2GTEC19T7111","2","G","T","E","C","1","9","T","7","1","1","1",0,0,0,"000000000","00000000000",0,0,0,1,0,0,0,0,0,0,0,71,0,0,0,1,6,2,12,0,0,0,1,49,84601,4,1,0,0,2,0,70,186,98,0,0,0,3,2,2013,4,2016,0,0,0,0,0,3,3,75,1,1,2,1,0,0,1,61,1,1,1,98,"777777777777","777777777777","777777777777",1,0
49,490054,1,2,1,15,4,19,37,12,6,1,0,49,1,7,482,7482,31,2014,"3C6TR5JT8EG1","3","C","6","T","R","5","J","T","8","E","G","1",0,0,0,"000000000","00000000000",0,0,0,1,0,0,0,0,0,0,0,15,0,0,0,12,6,2,12,0,0,0,1,49,84117,6,1,6,0,3,0,67,155,98,0,0,1,0,4,2012,4,2012,0,39,0,0,0,3,3,25,1,1,1,1,1,3,1,17,99,1,1,86,"777777777777","777777777777","777777777777",0,0
49,490054,2,2,5,15,4,19,37,12,6,1,0,49,2,23,421,23421,15,2007,"1GKFK66827J3","1","G","K","F","K","6","6","8","2","7","J","3",0,0,0,"000000000","00000000000",0,0,0,1,0,0,0,0,0,0,0,998,0,0,0,3,6,2,12,0,0,0,1,49,84062,6,2,0,0,3,0,68,125,98,0,0,0,0,0,0,0,0,0,99,99,99,99,6,2,35,1,1,1,1,1,3,1,66,98,1,9,87,"777777777777","777777777777","777777777777",1,0
49,490055,1,2,1,22,4,5,10,12,1,1,0,30,3,87,884,87884,66,2016,"1XPBD49X9GD3","1","X","P","B","D","4","9","X","9","G","D","3",2,1,77,"777777777","77777777777",3,7,1,1,0,0,0,0,0,0,0,65,0,0,0,12,2,3,12,0,0,0,1,49,84404,6,1,6,3,3,0,70,270,98,0,0,4,1,4,2013,2,2015,0,26,0,0,0,2,2,80,1,1,2,1,0,0,1,51,99,1,1,24,"999999999999","999999999999","777777777777",0,0
49,490055,2,2,3,22,4,5,10,12,1,1,0,49,2,7,20,7020,4,2005,"1B3ES56C85D1","1","B","3","E","S","5","6","C","8","5","D","1",0,0,0,"000000000","00000000000",0,0,0,1,0,0,0,0,0,0,0,15,0,0,0,6,6,2,12,0,0,0,1,49,84057,1,1,0,0,2,3,66,154,98,0,0,1,2,4,2012,2,2015,0,28,45,0,0,2,2,80,1,1,2,1,0,0,1,53,1,1,1,25,"777777777777","777777777777","777777777777",1,0
49,490056,1,1,1,27,4,13,51,17,0,1,0,49,1,76,734,76734,90,2007,"JY4AJ20Y27C0","J","Y","4","A","J","2","0","Y","2","7","C","0",0,0,0,"000000000","00000000000",0,0,0,1,0,0,0,0,0,0,0,45,0,9,6,99,0,3,17,0,0,0,1,49,84120,6,1,0,0,3,3,68,180,98,0,0,2,1,1,2012,11,2013,4,99,99,99,99,1,2,98,2,2,5,1,0,0,14,12,99,1,4,6,"777777777777","777777777777","777777777777",1,0
49,490057,1,1,1,10,3,18,13,35,0,1,0,49,2,76,734,76734,90,2005,"5Y4AJ18Y15A0","5","Y","4","A","J","1","8","Y","1","5","A","0",0,0,0,"000000000","00000000000",0,0,0,1,0,0,0,0,0,0,0,40,0,2,5,11,4,5,1,0,0,0,1,49,84790,6,1,0,0,3,0,66,125,98,0,0,0,0,0,0,0,0,4,0,0,0,0,1,1,99,3,2,5,1,0,0,14,6,99,1,4,98,"777777777777","777777777777","777777777777",1,0
49,490058,1,1,2,3,2,11,43,5,0,1,0,49,1,12,37,12037,4,2003,"3FAFP37383R1","3","F","A","F","P","3","7","3","8","3","R","1",0,0,0,"000000000","00000000000",0,0,0,1,0,0,0,0,0,0,0,40,0,0,0,0,0,5,5,0,0,0,1,49,84120,4,1,0,0,2,0,63,125,98,2,0,2,1,7,2014,2,2016,3,8,0,0,0,1,2,25,1,1,2,99,0,0,2,98,99,1,1,0,"777777777777","777777777777","777777777777",1,0
49,490059,1,1,2,8,2,22,50,1,0,1,0,49,1,53,34,53034,4,2006,"KL5JD56Z56K4","K","L","5","J","D","5","6","Z","5","6","K","4",0,0,0,"000000000","00000000000",0,0,0,1,0,0,0,0,0,0,0,70,0,2,5,0,6,2,1,0,0,0,1,49,84003,6,1,0,0,3,0,74,220,98,0,0,0,0,0,0,0,0,0,58,0,0,0,6,1,65,2,2,2,1,0,0,14,12,7,1,4,6,"777777777777","777777777777","777777777777",1,0
49,490060,1,1,1,13,4,14,0,1,0,1,0,49,2,76,739,76739,90,9999,"999999999999","9","9","9","9","9","9","9","9","9","9","9","9",0,0,0,"000000000","00000000000",0,0,0,1,0,0,0,0,0,0,0,998,0,1,5,0,6,2,1,0,0,0,1,49,84770,6,1,0,0,3,0,74,210,98,0,0,0,0,0,0,0,0,0,99,99,99,99,4,1,98,3,2,5,11,0,0,14,12,99,1,4,6,"777777777777","777777777777","777777777777",1,0
49,490061,1,1,2,24,4,12,17,38,0,1,0,49,1,49,40,49040,4,2012,"4T1BD1FKXCU0","4","T","1","B","D","1","F","K","X","C","U","0",0,0,0,"000000000","00000000000",0,0,0,1,0,0,0,0,0,0,0,50,0,0,0,12,6,2,32,0,0,0,1,49,84106,6,1,0,0,3,0,73,215,98,0,0,3,0,3,2012,12,2012,3,0,0,0,0,5,5,40,3,1,2,1,0,0,14,13,99,1,4,1,"777777777777","777777777777","777777777777",1,0
49,490062,1,1,1,7,2,11,41,8,0,1,0,49,1,20,401,20401,14,2000,"1GNCT18W2YK2","1","G","N","C","T","1","8","W","2","Y","K","2",0,0,0,"000000000","00000000000",0,0,0,1,0,0,0,0,0,0,0,30,0,0,0,12,4,5,8,0,0,0,1,49,84081,6,2,0,0,3,0,68,220,98,0,0,0,0,0,0,0,0,0,0,0,0,0,2,5,35,1,1,2,1,2,3,1,80,1,1,1,13,"777777777777","777777777777","777777777777",0,0
49,490063,1,1,1,7,5,3,10,1,0,1,0,8,1,98,734,98734,90,2014,"4XAVH6EA4EB9","4","X","A","V","H","6","E","A","4","E","B","9",0,0,0,"000000000","00000000000",0,0,0,1,0,0,0,0,0,0,0,998,0,2,2,0,2,5,1,0,0,0,1,8,81418,6,1,0,0,3,0,69,205,0,0,0,1,1,8,2014,4,2015,4,0,0,0,0,1,2,99,2,2,4,1,0,0,14,6,99,1,4,98,"777777777777","777777777777","777777777777",1,0
49,490064,1,2,1,27,3,16,40,12,6,1,0,49,2,20,37,20037,4,2012,"1G1ZE5E00CF3","1","G","1","Z","E","5","E","0","0","C","F","3",0,0,0,"000000000","00000000000",0,0,0,1,0,0,0,0,0,0,0,40,0,0,0,12,6,2,12,0,0,0,1,49,84088,6,1,0,0,3,0,63,120,98,0,1,1,4,2,2013,5,2015,0,39,0,0,0,5,3,40,1,2,2,1,2,3,1,17,99,1,1,86,"777777777777","777777777777","777777777777",0,0
49,490064,2,2,3,27,3,16,40,12,6,1,0,49,2,49,402,49402,14,2001,"JTEHH20V8100","J","T","E","H","H","2","0","V","8","1","0","0",0,0,0,"000000000","00000000000",0,0,0,1,0,0,0,0,0,0,0,40,0,0,0,3,6,2,12,0,0,0,1,49,84105,6,1,0,0,3,3,69,160,98,0,0,0,0,0,0,0,0,0,0,0,0,0,5,6,40,1,2,2,1,2,3,1,66,99,1,1,87,"777777777777","777777777777","777777777777",1,0
49,490065,1,3,1,20,4,12,10,12,6,1,0,49,1,12,17,12017,4,2012,"1FAHP2HW1CG1","1","F","A","H","P","2","H","W","1","C","G","1",0,0,0,"000000000","00000000000",0,0,0,1,0,0,0,0,0,0,0,15,0,0,0,9,6,2,12,0,0,0,1,49,84633,6,1,0,0,3,0,70,286,98,0,0,0,0,0,0,0,0,0,38,0,0,0,6,1,35,1,2,2,1,20,3,1,62,99,1,1,89,"777777777777","777777777777","777777777777",1,0
49,490065,2,3,1,20,4,12,10,12,6,1,0,49,1,12,423,12423,16,2005,"1FMSU43PX5ED","1","F","M","S","U","4","3","P","X","5","E","D",0,0,0,"000000000","00000000000",0,0,0,1,0,0,0,0,0,0,0,35,0,0,0,12,6,2,12,0,0,0,1,49,84601,6,1,0,0,3,0,65,195,98,0,0,3,0,8,2012,11,2014,0,0,0,0,0,5,5,35,1,1,2,1,0,0,1,66,99,1,1,88,"777777777777","777777777777","777777777777",0,0
49,490065,3,3,1,20,4,12,10,12,6,1,0,49,2,12,481,12481,31,2005,"1FTRF14WX5NA","1","F","T","R","F","1","4","W","X","5","N","A",0,0,0,"000000000","00000000000",0,0,0,1,0,0,0,0,0,0,0,30,0,0,0,12,6,2,12,0,0,0,1,49,84115,6,1,0,0,3,3,66,155,98,0,0,0,0,0,0,0,0,0,0,0,0,0,5,5,35,1,1,2,1,0,0,1,52,99,1,1,98,"777777777777","777777777777","777777777777",0,0
49,490067,1,1,1,1,5,5,35,14,0,1,0,49,1,12,481,12481,31,2002,"1FTSX31F22EB","1","F","T","S","X","3","1","F","2","2","E","B",0,0,0,"000000000","00000000000",0,0,0,1,0,0,0,0,0,0,0,70,0,0,0,1,6,2,14,0,0,0,1,49,84044,6,1,0,0,3,0,67,148,98,0,0,2,5,2,2012,7,2015,0,0,0,0,0,3,5,70,1,1,2,1,0,0,1,11,99,1,4,11,"777777777777","777777777777","777777777777",1,0