"STATE","ST_CASE","VEH_NO","VE_FORMS","NUMOCCS","DAY","MONTH","HOUR","MINUTE","HARM_EV","MAN_COLL","UNITTYPE","HIT_RUN","REG_STAT","OWNER","MAKE","MODEL","MAK_MOD","BODY_TYP","MOD_YEAR","VIN","VIN_1","VIN_2","VIN_3","VIN_4","VIN_5","VIN_6","VIN_7","VIN_8","VIN_9","VIN_10","VIN_11","VIN_12","TOW_VEH","J_KNIFE","MCARR_I1","MCARR_I2","MCARR_ID","GVWR","V_CONFIG","CARGO_BT","HAZ_INV","HAZ_PLAC","HAZ_ID","HAZ_CNO","HAZ_REL","BUS_USE","SPEC_USE","EMER_USE","TRAV_SP","UNDERIDE","ROLLOVER","ROLINLOC","IMPACT1","DEFORMED","TOWED","M_HARM","VEH_SC1","VEH_SC2","FIRE_EXP","DR_PRES","L_STATE","DR_ZIP","L_STATUS","L_TYPE","CDL_STAT","L_ENDORS","L_COMPL","L_RESTRI","DR_HGT","DR_WGT","PREV_ACC","PREV_SUS","PREV_DWI","PREV_SPD","PREV_OTH","FIRST_MO","FIRST_YR","LAST_MO","LAST_YR","SPEEDREL","DR_SF1","DR_SF2","DR_SF3","DR_SF4","VTRAFWAY","VNUM_LAN","VSPD_LIM","VALIGN","VPROFILE","VPAVETYP","VSURCOND","VTRAFCON","VTCONT_F","P_CRASH1","P_CRASH2","P_CRASH3","PCRASH4","PCRASH5","ACC_TYPE","TRLR1VIN","TRLR2VIN","TRLR3VIN","DEATHS","DR_DRINK"
49,490068,1,1,1,30,4,17,5,38,0,1,0,49,1,49,401,49401,14,2000,"JT3HN87R8Y90","J","T","3","H","N","8","7","R","8","Y","9","0",0,0,0,"000000000","00000000000",0,0,0,1,0,0,0,0,0,0,0,80,0,1,5,3,6,2,1,0,0,0,1,49,84067,6,1,0,0,3,0,61,148,98,0,0,0,0,0,0,0,0,0,0,0,0,0,2,2,80,1,1,2,1,0,0,1,13,6,4,4,1,"777777777777","777777777777","777777777777",1,0
49,490069,1,1,1,3,5,17,30,38,0,1,0,49,1,20,403,20403,14,2006,"1GNDT13S0621","1","G","N","D","T","1","3","S","0","6","2","1",0,0,0,"000000000","00000000000",0,0,0,1,0,0,0,0,0,0,0,60,0,1,5,11,6,2,1,0,0,0,1,49,84628,6,1,0,0,3,3,64,140,98,0,0,0,0,0,0,0,0,0,0,0,0,0,1,3,60,2,2,2,1,0,0,14,12,99,1,4,6,"777777777777","777777777777","777777777777",1,0
49,490070,1,2,2,11,5,14,5,12,6,1,0,49,1,20,481,20481,31,2008,"1GCJK33668F2","1","G","C","J","K","3","3","6","6","8","F","2",0,0,0,"000000000","00000000000",0,0,0,1,0,0,0,0,0,0,0,998,0,0,0,12,6,2,12,0,0,0,1,49,84120,6,1,0,0,3,0,68,140,98,0,0,1,1,4,2014,1,2015,0,39,0,0,0,5,5,35,1,1,2,1,2,3,1,17,99,1,1,86,"777777777777","777777777777","777777777777",0,0
49,490070,2,2,3,11,5,14,5,12,6,1,0,49,1,7,20,7020,4,2004,"1B3ES56C84D5","1","B","3","E","S","5","6","C","8","4","D","5",0,0,0,"000000000","00000000000",0,0,0,1,0,0,0,0,0,0,0,998,0,0,0,2,6,2,12,0,0,0,1,49,84120,6,1,0,0,3,0,64,125,98,1,0,0,3,10,2012,7,2014,0,99,99,99,99,5,5,35,1,1,2,1,2,3,1,63,99,1,1,87,"777777777777","777777777777","777777777777",1,0
49,490071,1,2,2,14,5,13,41,12,6,1,0,56,1,2,403,2403,14,2012,"1C4BJWCG7CL2","1","C","4","B","J","W","C","G","7","C","L","2",0,0,0,"000000000","00000000000",0,0,0,1,0,0,0,0,0,0,0,5,0,1,1,9,6,2,1,0,0,0,1,56,82636,6,1,0,0,3,0,72,210,0,0,0,0,0,0,0,0,0,0,38,0,0,0,1,3,20,1,1,2,1,20,3,11,15,99,1,1,82,"777777777777","777777777777","777777777777",0,0
49,490071,2,2,4,14,5,13,41,12,6,1,0,53,1,49,402,49402,14,2013,"2T3RFREV5DW0","2","T","3","R","F","R","E","V","5","D","W","0",0,0,0,"000000000","00000000000",0,0,0,1,0,0,0,0,0,0,0,61,0,0,0,12,6,2,12,0,0,0,1,53,76549,6,1,0,0,3,3,67,270,0,0,0,0,0,0,0,0,0,0,0,0,0,0,1,6,55,1,1,2,1,0,0,1,66,99,1,1,83,"777777777777","777777777777","777777777777",1,0
49,490072,1,1,2,15,5,16,26,42,0,1,0,49,2,7,402,7402,14,2002,"1B4HS48N82F1","1","B","4","H","S","4","8","N","8","2","F","1",0,0,0,"000000000","00000000000",0,0,0,1,0,0,0,0,0,0,0,65,0,1,5,12,6,2,1,0,0,0,1,49,84405,3,1,0,0,2,0,66,117,98,0,0,0,0,0,0,0,0,9,99,99,99,99,5,4,50,1,4,2,1,0,0,1,9,99,2,4,2,"777777777777","777777777777","777777777777",1,0
49,490073,1,1,5,12,5,8,50,31,0,1,0,31,1,20,482,20482,31,2004,"3GNEK12T34G2","3","G","N","E","K","1","2","T","3","4","G","2",0,0,0,"000000000","00000000000",0,0,0,1,0,0,0,0,0,0,0,80,0,1,1,98,6,2,1,0,0,0,1,31,68005,6,1,0,0,3,0,65,135,0,0,0,0,0,0,0,0,0,0,58,0,0,0,2,2,80,2,2,2,1,0,0,14,10,7,1,4,98,"777777777777","777777777777","777777777777",4,0
49,490074,1,2,1,16,5,13,46,12,1,1,0,49,2,20,39,20039,4,2010,"KL1TD5DE3AB0","K","L","1","T","D","5","D","E","3","A","B","0",0,0,0,"000000000","00000000000",0,0,0,1,0,0,0,0,0,0,0,70,0,0,0,12,6,2,12,0,0,0,1,49,84660,6,1,0,0,3,3,68,165,98,0,0,0,1,1,2013,1,2013,4,0,0,0,0,3,3,75,1,3,2,2,0,0,2,51,99,1,1,24,"777777777777","777777777777","777777777777",1,0
49,490074,2,2,1,16,5,13,46,12,1,1,0,49,1,32,402,32402,14,2011,"WA1DKAFP4BA0","W","A","1","D","K","A","F","P","4","B","A","0",0,0,0,"000000000","00000000000",0,0,0,1,0,0,0,0,0,0,0,70,0,0,0,6,6,2,12,0,0,0,1,49,84010,6,1,0,0,3,0,76,190,98,0,0,0,0,0,0,0,0,0,0,0,0,0,3,3,75,1,3,2,2,0,0,2,53,1,1,1,25,"777777777777","777777777777","777777777777",0,0
49,490075,1,1,1,18,5,23,0,33,0,1,0,99,9,73,709,73709,80,2002,"JKAZX4J112A0","J","K","A","Z","X","4","J","1","1","2","A","0",0,0,0,"000000000","00000000000",0,0,0,1,0,0,0,0,0,0,0,30,0,0,0,12,2,3,39,0,0,0,1,49,84119,4,1,0,0,2,0,71,150,98,0,0,2,3,1,2014,2,2016,0,0,0,0,0,4,2,30,3,1,2,1,21,3,14,12,7,1,4,98,"777777777777","777777777777","777777777777",1,0
49,490076,1,1,1,11,4,18,18,8,0,1,0,49,1,73,703,73703,80,2004,"JKAKXMNC94A0","J","K","A","K","X","M","N","C","9","4","A","0",0,0,0,"000000000","00000000000",0,0,0,1,0,0,0,0,0,0,0,25,0,0,0,99,0,5,8,0,0,0,1,98,84654,0,0,0,0,0,0,999,999,98,0,0,0,0,0,0,0,0,0,36,0,0,0,1,2,25,1,1,2,1,0,0,1,80,99,1,1,13,"777777777777","777777777777","777777777777",0,0
49,490077,1,2,2,7,5,22,50,12,6,1,0,49,2,37,31,37031,4,1997,"JHMEJ6572VS0","J","H","M","E","J","6","5","7","2","V","S","0",0,0,0,"000000000","00000000000",0,0,0,1,0,0,0,0,0,0,0,60,0,0,0,3,6,2,12,0,0,0,1,49,84653,6,2,0,0,3,0,70,145,98,0,0,0,0,0,0,0,0,3,0,0,0,0,1,2,40,2,1,2,1,0,0,14,10,99,5,2,68,"777777777777","777777777777","777777777777",1,0
49,490077,2,2,3,7,5,22,50,12,6,1,0,49,1,49,32,49032,4,2014,"5YFBURHE0EP1","5","Y","F","B","U","R","H","E","0","E","P","1",0,0,0,"000000000","00000000000",0,0,0,1,0,0,0,0,0,0,0,25,0,0,0,12,6,2,12,0,0,0,1,49,84651,6,1,0,0,3,0,69,320,98,0,0,0,0,0,0,0,0,0,0,0,0,0,1,2,30,2,1,2,1,0,0,14,62,99,1,1,69,"777777777777","777777777777","777777777777",0,0
49,490078,1,3,2,8,5,8,57,12,6,1,0,49,1,49,40,49040,4,2006,"4T1FA38P76U1","4","T","1","F","A","3","8","P","7","6","U","1",0,0,0,"000000000","00000000000",0,0,0,1,0,0,0,0,0,0,0,75,0,0,0,12,6,2,12,0,0,0,1,49,84015,6,1,0,0,3,0,72,235,98,0,0,0,0,0,0,0,0,4,0,0,0,0,3,4,70,1,1,2,2,0,0,1,6,99,1,2,98,"777777777777","777777777777","777777777777",1,0
49,490078,2,3,2,8,5,8,57,12,6,1,0,17,1,55,35,55035,4,2007,"KMHDU46D77U0","K","M","H","D","U","4","6","D","7","7","U","0",0,0,0,"000000000","00000000000",0,0,0,1,0,0,0,0,0,0,0,70,0,0,0,11,6,2,12,0,0,0,1,17,62702,6,1,0,0,3,3,68,180,0,0,0,0,0,0,0,0,0,0,0,0,0,0,3,4,70,1,1,2,2,0,0,1,60,99,1,1,98,"777777777777","777777777777","777777777777",0,0
49,490078,3,3,2,8,5,8,57,12,6,1,0,38,1,99,850,99850,65,2004,"5B4MP67G2433","5","B","4","M","P","6","7","G","2","4","3","3",0,0,0,"000000000","00000000000",0,0,0,1,0,0,0,0,0,0,0,60,0,0,0,1,6,2,12,0,0,0,1,32,89027,6,1,0,0,3,3,70,230,0,0,0,0,0,0,0,0,0,0,0,0,0,0,3,4,70,1,1,2,2,0,0,1,61,6,1,2,98,"777777777777","777777777777","777777777777",0,0
49,490079,1,2,1,13,5,15,14,12,6,1,0,49,1,18,2,18002,4,1997,"1G4HP52K4VH5","1","G","4","H","P","5","2","K","4","V","H","5",0,0,0,"000000000","00000000000",0,0,0,1,0,0,0,0,0,0,0,10,0,0,0,1,4,3,12,0,0,0,1,49,84737,6,1,0,0,3,3,71,195,98,0,0,0,0,0,0,0,0,0,38,0,0,0,1,2,25,1,2,2,1,0,0,11,15,1,1,1,82,"777777777777","777777777777","777777777777",0,1
49,490079,2,2,1,13,5,15,14,12,6,1,0,49,1,53,706,53706,80,2007,"JS1VS55A7721","J","S","1","V","S","5","5","A","7","7","2","1",0,0,0,"000000000","00000000000",0,0,0,1,0,0,0,0,0,0,0,28,0,0,0,12,6,2,12,0,0,0,1,49,84737,6,1,0,0,3,0,69,150,98,0,0,0,0,0,0,0,0,0,0,0,0,0,1,2,25,1,2,2,1,0,0,1,66,16,1,1,83,"777777777777","777777777777","777777777777",1,0
49,490080,1,2,1,13,5,23,23,12,6,1,0,49,2,20,16,20016,4,1996,"3G1JF5242TS8","3","G","1","J","F","5","2","4","2","T","S","8",0,0,0,"000000000","00000000000",0,0,0,1,0,0,0,0,0,0,0,998,0,0,0,12,6,2,12,0,0,0,1,49,84037,6,2,0,0,3,0,70,180,98,0,0,0,0,0,0,0,0,0,38,0,0,0,5,3,40,1,1,2,1,2,3,11,15,99,1,1,68,"777777777777","777777777777","777777777777",0,0
49,490080,2,2,1,13,5,23,23,12,6,1,0,49,1,72,706,72706,80,2014,"1HD1BWV16EB0","1","H","D","1","B","W","V","1","6","E","B","0",0,0,0,"000000000","00000000000",0,0,0,1,0,0,0,0,0,0,0,998,0,0,0,11,6,2,12,0,0,0,1,49,84014,6,1,0,0,3,0,73,195,98,0,0,0,0,0,0,0,0,0,0,0,0,0,2,4,40,1,1,2,1,2,3,1,62,99,1,1,69,"777777777777","777777777777","777777777777",1,0
49,490081,1,2,2,17,5,0,20,12,7,1,0,49,2,20,481,20481,40,2009,"1GBJK79669E1","1","G","B","J","K","7","9","6","6","9","E","1",0,0,0,"000000000","00000000000",0,0,0,1,0,0,0,0,0,0,0,65,0,0,0,4,2,3,12,0,0,0,1,49,84003,6,1,0,0,3,0,68,170,98,0,0,0,0,0,0,0,0,3,8,0,0,0,5,2,35,1,1,2,1,0,0,1,61,99,1,2,44,"777777777777","777777777777","777777777777",0,0
49,490081,2,2,1,17,5,0,20,12,7,1,0,12,2,13,421,13421,15,2002,"5LMEU27R52LJ","5","L","M","E","U","2","7","R","5","2","L","J",0,0,0,"000000000","00000000000",0,0,0,1,0,0,0,0,0,0,0,65,0,0,0,9,6,2,42,0,0,0,1,12,84062,1,1,0,0,2,0,66,999,0,1,0,0,0,1,2014,1,2014,0,0,0,0,0,5,2,35,1,1,2,1,0,0,1,10,99,1,2,45,"777777777777","777777777777","777777777777",1,0
49,490082,1,2,1,18,5,17,3,12,2,1,0,49,1,6,43,6043,2,2004,"1C3EL75RX4N3","1","C","3","E","L","7","5","R","X","4","N","3",0,0,0,"000000000","00000000000",0,0,0,1,0,0,0,0,0,0,0,998,0,0,0,12,6,2,12,0,0,0,1,49,84044,6,1,0,0,3,0,66,220,98,0,0,0,0,0,0,0,0,0,50,0,0,0,5,3,35,1,1,2,1,0,0,1,10,99,1,2,52,"777777777777","777777777777","777777777777",1,0
49,490082,2,2,2,18,5,17,3,12,2,1,0,49,2,87,884,87884,63,2007,"1NPFL4TX07D7","1","N","P","F","L","4","T","X","0","7","D","7",1,1,77,"777777777","77777777777",3,4,4,1,0,0,0,0,0,0,0,998,0,0,0,12,6,2,12,0,0,0,1,49,84015,6,1,6,3,3,0,71,200,98,0,0,0,0,0,0,0,0,0,0,0,0,0,5,3,35,1,1,2,1,0,0,1,62,99,1,1,52,"999999999999","777777777777","777777777777",0,0
49,490083,1,1,2,22,5,3,40,1,0,1,0,49,2,20,22,20022,2,2007,"1G1AL15F9772","1","G","1","A","L","1","5","F","9","7","7","2",0,0,0,"000000000","00000000000",0,0,0,1,0,0,0,0,0,0,0,65,0,2,5,0,6,2,1,0,0,0,1,49,84770,1,1,0,0,2,9,70,170,98,0,0,0,0,0,0,0,0,0,0,0,0,0,1,2,65,1,1,2,1,0,0,1,12,99,1,4,6,"777777777777","777777777777","777777777777",1,0
49,490084,1,1,1,29,5,10,33,51,0,1,0,16,3,87,881,87881,66,2014,"1XPTP40X7ED2","1","X","P","T","P","4","0","X","7","E","D","2",1,3,77,"777777777","77777777777",3,6,2,1,0,0,0,0,0,0,0,55,0,1,5,0,6,2,1,0,0,0,1,16,83341,6,1,6,3,3,0,65,198,0,0,0,3,0,4,2013,11,2014,0,58,0,0,0,1,2,60,1,1,2,1,0,0,1,11,6,1,4,0,"999999999999","777777777777","777777777777",1,0
49,490085,1,1,1,29,5,20,55,35,0,1,0,49,1,37,705,37705,83,1996,"JH2PE0400TM1","J","H","2","P","E","0","4","0","0","T","M","1",0,0,0,"000000000","00000000000",0,0,0,1,0,0,0,0,0,0,0,998,0,0,0,12,4,5,1,0,0,0,1,49,84070,6,1,0,0,3,0,71,200,98,0,0,0,0,0,0,0,0,4,0,0,0,0,1,2,35,2,1,2,1,0,0,14,6,99,1,4,1,"777777777777","777777777777","777777777777",1,1
49,490086,1,3,1,2,6,15,15,12,6,1,0,49,1,12,3,12003,2,2008,"1ZVHT82H9851","1","Z","V","H","T","8","2","H","9","8","5","1",0,0,0,"000000000","00000000000",0,0,0,1,0,0,0,0,0,0,0,60,0,0,0,12,6,2,12,0,0,0,1,49,84401,6,1,0,0,3,0,74,210,98,0,0,0,0,0,0,0,0,3,58,0,0,0,1,4,40,1,1,2,1,0,0,6,6,7,1,2,64,"777777777777","777777777777","777777777777",0,0
49,490086,2,3,1,2,6,15,15,12,6,1,0,53,1,49,46,49046,3,2008,"JTDKB20U8876","J","T","D","K","B","2","0","U","8","8","7","6",0,0,0,"000000000","00000000000",0,0,0,1,0,0,0,0,0,0,0,40,0,0,0,9,6,2,12,0,0,0,1,49,84401,6,1,0,0,3,0,68,250,98,0,0,0,0,0,0,0,0,3,0,0,0,0,1,4,40,1,1,2,1,0,0,1,62,99,1,1,65,"777777777777","777777777777","777777777777",1,0
49,490086,3,3,2,2,6,15,15,12,6,1,0,49,2,7,482,7482,31,2012,"999999999999","9","9","9","9","9","9","9","9","9","9","9","9",1,1,0,"000000000","00000000000",0,0,0,1,0,0,0,0,0,0,0,40,0,0,0,7,2,5,12,0,0,0,1,49,84403,6,1,0,0,3,0,73,190,98,0,0,0,0,0,0,0,0,0,0,0,0,0,1,4,40,1,1,2,1,0,0,1,53,1,1,1,98,"1S9BE1624C18","777777777777","777777777777",0,0
49,490087,1,2,1,6,4,13,40,12,1,1,0,49,2,55,33,55033,4,2007,"5NPEU46F17H1","5","N","P","E","U","4","6","F","1","7","H","1",0,0,0,"000000000","00000000000",0,0,0,1,0,0,0,0,0,0,0,55,0,0,0,12,6,2,12,0,0,0,1,49,84404,6,2,0,0,3,0,64,110,98,0,0,0,0,0,0,0,0,0,26,0,0,0,1,2,50,1,1,2,1,0,0,1,51,1,1,1,24,"777777777777","777777777777","777777777777",0,0
49,490087,2,2,1,6,4,13,40,12,1,1,0,49,1,6,441,6441,20,2002,"2C8GP64L32R7","2","C","8","G","P","6","4","L","3","2","R","7",0,0,0,"000000000","00000000000",0,0,0,1,0,0,0,0,0,0,0,25,0,0,0,6,6,2,12,0,0,0,1,49,84404,3,1,0,0,2,0,72,180,98,0,0,0,0,0,0,0,0,0,0,0,0,0,1,2,50,1,1,2,1,0,0,1,53,1,1,1,25,"777777777777","777777777777","777777777777",1,0
49,490088,1,1,1,5,5,12,20,38,0,1,0,49,1,55,35,55035,4,2013,"KMHD35LE4DU0","K","M","H","D","3","5","L","E","4","D","U","0",0,0,0,"000000000","00000000000",0,0,0,1,0,0,0,0,0,0,0,40,0,0,0,1,6,2,2,0,0,1,1,49,84128,6,1,0,0,3,0,66,160,98,0,0,0,0,0,0,0,0,0,99,99,99,99,3,3,65,1,1,1,1,0,0,1,13,1,1,4,1,"777777777777","777777777777","777777777777",1,0
49,490089,1,4,1,12,5,15,27,12,6,1,0,49,1,18,3,18003,4,1991,"1G4CW53L5M16","1","G","4","C","W","5","3","L","5","M","1","6",0,0,0,"000000000","00000000000",0,0,0,1,0,0,0,0,0,0,0,15,0,0,0,3,6,2,12,0,0,0,1,49,84604,6,1,0,0,3,0,68,205,98,0,0,0,0,0,0,0,0,0,38,0,0,0,5,3,40,1,2,1,1,2,3,11,15,99,1,1,68,"777777777777","777777777777","777777777777",1,0
49,490089,2,4,1,12,5,15,27,12,6,1,0,49,1,20,421,20421,15,2001,"1GNEK13TX1R1","1","G","N","E","K","1","3","T","X","1","R","1",0,0,0,"000000000","00000000000",0,0,0,1,0,0,0,0,0,0,0,40,0,0,0,12,6,2,12,0,0,0,1,49,84663,6,1,0,0,3,0,73,220,98,0,0,0,0,0,0,0,0,0,0,0,0,0,5,7,40,1,2,1,1,2,3,1,66,99,1,1,69,"777777777777","777777777777","777777777777",0,0
49,490089,3,4,1,12,5,15,27,12,6,1,0,49,2,20,473,20473,30,2008,"1GCCS1494881","1","G","C","C","S","1","4","9","4","8","8","1",0,0,0,"000000000","00000000000",0,0,0,1,0,0,0,0,0,0,0,0,0,0,0,12,6,2,12,0,0,0,1,49,84601,6,1,0,0,3,0,72,205,98,0,0,0,0,0,0,0,0,0,0,0,0,0,5,3,25,1,2,1,1,2,3,5,63,99,1,1,98,"777777777777","777777777777","777777777777",0,0
49,490089,4,4,1,12,5,15,27,12,6,1,0,49,2,48,45,48045,4,2008,"4S3BL6268872","4","S","3","B","L","6","2","6","8","8","7","2",0,0,0,"000000000","00000000000",0,0,0,1,0,0,0,0,0,0,0,0,0,0,0,12,2,5,12,0,0,0,1,49,84604,6,1,0,0,3,0,66,122,98,0,0,0,0,0,0,0,0,0,0,0,0,0,5,3,25,1,2,1,1,2,3,5,63,99,1,1,98,"777777777777","777777777777","777777777777",0,0
49,490090,1,1,2,25,5,13,40,8,0,1,0,49,1,49,32,49032,4,2012,"5YFBU4EE6CP0","5","Y","F","B","U","4","E","E","6","C","P","0",0,0,0,"000000000","00000000000",0,0,0,1,0,0,0,0,0,0,0,75,0,0,0,6,6,2,8,0,0,0,1,32,89108,6,1,0,0,3,0,69,180,0,0,0,0,1,6,2011,6,2011,4,0,0,0,0,3,2,80,1,2,1,6,0,0,1,6,99,4,4,6,"777777777777","777777777777","777777777777",0,0
49,490091,1,1,5,31,5,22,30,1,0,1,0,49,2,30,40,30040,4,1994,"3VWRA81H9RM0","3","V","W","R","A","8","1","H","9","R","M","0",0,0,0,"000000000","00000000000",0,0,0,1,0,0,0,0,0,0,0,65,0,1,5,0,6,2,1,0,0,0,1,49,84074,6,2,0,0,3,3,69,170,98,0,0,0,0,0,0,0,0,0,0,0,0,0,1,2,65,1,2,2,1,0,0,1,13,6,1,4,1,"777777777777","777777777777","777777777777",1,0
49,490092,1,1,1,13,5,13,57,5,0,1,0,49,1,72,706,72706,80,2009,"1HD1FB4189Y6","1","H","D","1","F","B","4","1","8","9","Y","6",0,0,0,"000000000","00000000000",0,0,0,1,0,0,0,0,0,0,0,30,0,0,0,0,6,2,5,0,0,0,1,49,84088,6,1,0,0,3,0,69,220,98,0,0,0,0,0,0,0,0,4,26,0,0,0,3,6,55,4,2,1,1,0,0,14,6,16,1,1,0,"777777777777","777777777777","777777777777",1,0
49,490093,1,3,1,27,5,13,49,12,1,1,0,49,1,52,37,52037,2,2001,"4A3AE55H91E0","4","A","3","A","E","5","5","H","9","1","E","0",0,0,0,"000000000","00000000000",0,0,0,1,0,0,0,0,0,0,0,65,0,0,0,12,6,2,12,0,0,0,1,49,84066,6,1,0,0,3,0,62,150,98,0,0,0,0,0,0,0,0,0,26,0,0,0,1,3,65,1,1,2,1,0,0,1,50,99,1,1,20,"777777777777","777777777777","777777777777",0,0
49,490093,2,3,2,27,5,13,49,12,1,1,0,49,1,22,18,22018,4,2000,"1G2NF52T5YC5","1","G","2","N","F","5","2","T","5","Y","C","5",0,0,0,"000000000","00000000000",0,0,0,1,0,0,0,0,0,0,0,0,0,0,0,6,6,2,12,0,0,0,1,49,84078,6,2,0,0,3,0,62,122,98,0,0,0,0,0,0,0,0,0,0,0,0,0,1,3,65,1,1,2,1,0,0,5,53,99,1,1,21,"777777777777","777777777777","777777777777",1,0
49,490093,3,3,4,27,5,13,49,12,1,1,0,49,1,23,481,23481,31,2015,"3GTU2UEC0FG1","3","G","T","U","2","U","E","C","0","F","G","1",0,0,0,"000000000","00000000000",0,0,0,1,0,0,0,0,0,0,0,65,0,0,0,12,6,2,12,0,0,0,1,49,84085,6,1,0,0,3,3,62,215,98,0,0,4,0,10,2011,5,2016,0,0,0,0,0,1,3,65,1,1,2,1,0,0,1,62,99,1,1,98,"777777777777","777777777777","777777777777",0,0
49,490094,1,1,1,1,6,13,0,8,0,1,0,49,1,22,22,22022,4,2010,"1G2ZA5EB2A41","1","G","2","Z","A","5","E","B","2","A","4","1",0,0,0,"000000000","00000000000",0,0,0,1,0,0,0,0,0,0,0,62,0,0,0,12,6,2,8,0,0,0,1,49,84074,6,1,0,0,3,0,73,190,98,0,0,1,0,9,2012,9,2012,0,0,0,0,0,3,2,60,3,1,2,1,0,0,14,11,1,1,4,13,"777777777777","777777777777","777777777777",0,0
49,490095,1,2,1,1,6,12,32,12,6,1,0,49,1,49,482,49482,31,2014,"5TFAW5F10EX3","5","T","F","A","W","5","F","1","0","E","X","3",0,0,0,"000000000","00000000000",0,0,0,1,0,0,0,0,0,0,0,5,0,0,0,10,4,5,12,0,0,0,1,49,84037,6,1,0,0,3,3,72,220,98,0,0,1,1,9,2013,1,2016,0,38,0,0,0,2,3,30,1,1,2,1,0,0,11,15,1,1,1,82,"777777777777","777777777777","777777777777",0,0
49,490095,2,2,1,1,6,12,32,12,6,1,0,49,1,37,701,37701,80,2016,"MLHPC4466G53","M","L","H","P","C","4","4","6","6","G","5","3",0,0,0,"000000000","00000000000",0,0,0,1,0,0,0,0,0,0,0,40,0,0,0,12,6,2,12,0,0,0,1,49,84124,6,7,0,0,3,0,74,258,98,0,0,0,0,0,0,0,0,0,0,0,0,0,1,2,30,1,1,2,1,0,0,1,67,99,1,1,83,"777777777777","777777777777","777777777777",1,0
49,490096,1,1,1,3,6,5,21,8,0,1,0,49,1,12,37,12037,4,2012,"1FAHP3K27CL3","1","F","A","H","P","3","K","2","7","C","L","3",0,0,0,"000000000","00000000000",0,0,0,1,0,0,0,0,0,0,0,60,0,0,0,12,6,2,8,0,0,0,1,49,84501,6,1,0,0,3,0,74,230,98,0,0,3,2,9,2013,5,2016,0,0,0,0,0,1,2,55,2,1,2,1,0,0,14,80,99,1,1,13,"777777777777","777777777777","777777777777",0,0
49,490097,1,1,1,5,6,23,5,35,0,1,0,49,1,12,3,12003,2,2000,"1FAFP4444YF2","1","F","A","F","P","4","4","4","4","Y","F","2",0,0,0,"000000000","00000000000",0,0,0,1,0,0,0,0,0,0,0,90,0,1,5,3,6,2,1,0,0,0,1,49,84745,1,1,0,0,2,0,65,144,98,0,0,0,3,4,2016,4,2016,3,27,0,0,0,1,2,50,3,1,2,1,0,0,6,10,7,1,4,1,"777777777777","777777777777","777777777777",1,0
49,490098,1,2,1,8,6,13,32,12,6,1,0,49,2,20,32,20032,4,1999,"1Y1SK5286XZ4","1","Y","1","S","K","5","2","8","6","X","Z","4",0,0,0,"000000000","00000000000",0,0,0,1,0,0,0,0,0,0,0,77,0,1,1,3,6,2,12,0,0,0,1,49,84629,6,1,0,0,3,0,64,140,98,0,2,0,1,1,2015,2,2016,3,0,0,0,0,1,2,55,3,2,2,1,0,0,14,13,99,4,6,66,"777777777777","777777777777","777777777777",1,0
49,490098,2,2,2,8,6,13,32,12,6,1,0,49,1,19,24,19024,4,2013,"1G6AG5RX1D01","1","G","6","A","G","5","R","X","1","D","0","1",0,0,0,"000000000","00000000000",0,0,0,1,0,0,0,0,0,0,0,63,0,0,0,12,6,2,12,0,0,0,1,49,84647,6,1,0,0,3,0,69,218,98,0,0,0,0,0,0,0,0,0,0,0,0,0,1,2,55,2,2,2,1,0,0,14,62,99,1,1,66,"777777777777","777777777777","777777777777",0,0
49,490099,1,1,4,9,6,5,18,1,0,1,0,48,1,20,481,20481,31,2000,"2GCEC19T3Y11","2","G","C","E","C","1","9","T","3","Y","1","1",0,0,0,"000000000","00000000000",0,0,0,1,0,0,0,0,0,0,0,65,0,1,3,0,6,2,1,0,0,0,1,48,78538,6,1,6,3,3,0,999,999,0,0,0,0,0,0,0,0,0,0,58,0,0,0,2,2,80,2,2,1,1,0,0,14,13,6,4,4,98,"777777777777","777777777777","777777777777",1,0
49,490100,1,1,1,10,6,16,46,20,0,1,0,49,2,52,37,52037,2,1993,"4A3CF34B7PE0","4","A","3","C","F","3","4","B","7","P","E","0",0,0,0,"000000000","00000000000",0,0,0,1,0,0,0,0,0,0,0,85,0,1,3,9,6,2,1,0,0,0,1,49,84401,4,1,0,0,2,0,68,145,98,2,0,0,3,5,2012,5,2016,3,0,0,0,0,3,2,75,1,1,2,1,0,0,1,12,99,1,4,6,"777777777777","777777777777","777777777777",1,0
49,490101,1,1,1,10,6,19,50,1,0,1,0,49,1,12,37,12037,4,2007,"1FAFP34N17W2","1","F","A","F","P","3","4","N","1","7","W","2",0,0,0,"000000000","00000000000",0,0,0,1,0,0,0,0,0,0,0,80,0,1,3,0,6,2,1,0,0,0,1,49,84041,6,1,0,0,3,0,64,132,98,0,0,0,0,0,0,0,0,0,0,0,0,0,3,2,80,3,1,2,1,0,0,6,12,7,1,4,6,"777777777777","777777777777","777777777777",1,0
49,490102,1,2,2,12,6,5,39,12,7,1,0,49,1,35,47,35047,4,1993,"1N4BU31F4PC1","1","N","4","B","U","3","1","F","4","P","C","1",0,0,0,"000000000","00000000000",0,0,0,1,0,0,0,0,0,0,0,65,0,1,5,9,6,2,12,0,0,0,1,49,84651,6,1,0,0,3,0,70,175,98,0,0,0,0,0,0,0,0,0,28,0,0,0,1,2,65,1,1,2,2,0,0,1,10,99,1,2,44,"777777777777","777777777777","777777777777",1,0
49,490102,2,2,1,12,6,5,39,12,7,1,0,49,1,49,43,49043,4,2000,"4T1BF28B9YU0","4","T","1","B","F","2","8","B","9","Y","U","0",0,0,0,"000000000","00000000000",0,0,0,1,0,0,0,0,0,0,0,80,0,1,5,4,6,2,1,0,0,0,1,49,84651,3,1,0,0,2,0,65,130,98,0,0,0,0,0,0,0,0,0,0,0,0,0,1,2,65,1,1,2,2,0,0,6,61,99,1,1,45,"777777777777","777777777777","777777777777",0,0