"STATE","ST_CASE","VEH_NO","VE_FORMS","NUMOCCS","DAY","MONTH","HOUR","MINUTE","HARM_EV","MAN_COLL","UNITTYPE","HIT_RUN","REG_STAT","OWNER","MAKE","MODEL","MAK_MOD","BODY_TYP","MOD_YEAR","VIN","VIN_1","VIN_2","VIN_3","VIN_4","VIN_5","VIN_6","VIN_7","VIN_8","VIN_9","VIN_10","VIN_11","VIN_12","TOW_VEH","J_KNIFE","MCARR_I1","MCARR_I2","MCARR_ID","GVWR","V_CONFIG","CARGO_BT","HAZ_INV","HAZ_PLAC","HAZ_ID","HAZ_CNO","HAZ_REL","BUS_USE","SPEC_USE","EMER_USE","TRAV_SP","UNDERIDE","ROLLOVER","ROLINLOC","IMPACT1","DEFORMED","TOWED","M_HARM","VEH_SC1","VEH_SC2","FIRE_EXP","DR_PRES","L_STATE","DR_ZIP","L_STATUS","L_TYPE","CDL_STAT","L_ENDORS","L_COMPL","L_RESTRI","DR_HGT","DR_WGT","PREV_ACC","PREV_SUS","PREV_DWI","PREV_SPD","PREV_OTH","FIRST_MO","FIRST_YR","LAST_MO","LAST_YR","SPEEDREL","DR_SF1","DR_SF2","DR_SF3","DR_SF4","VTRAFWAY","VNUM_LAN","VSPD_LIM","VALIGN","VPROFILE","VPAVETYP","VSURCOND","VTRAFCON","VTCONT_F","P_CRASH1","P_CRASH2","P_CRASH3","PCRASH4","PCRASH5","ACC_TYPE","TRLR1VIN","TRLR2VIN","TRLR3VIN","DEATHS","DR_DRINK"
49,490103,1,2,1,15,6,1,41,12,6,1,0,49,1,49,40,49040,4,2005,"4T1BE30K35U0","4","T","1","B","E","3","0","K","3","5","U","0",0,0,0,"000000000","00000000000",0,0,0,1,0,0,0,0,0,0,0,25,0,0,0,9,6,2,12,0,0,0,1,49,84340,6,1,0,0,3,0,68,165,98,0,0,0,0,0,0,0,0,0,39,0,0,0,1,3,35,1,1,2,1,20,3,1,17,99,1,1,89,"777777777777","777777777777","777777777777",1,0
49,490103,2,2,1,15,6,1,41,12,6,1,0,49,1,20,401,20401,14,2003,"1GNDT13SX323","1","G","N","D","T","1","3","S","X","3","2","3",0,0,0,"000000000","00000000000",0,0,0,1,0,0,0,0,0,0,0,40,0,0,0,12,6,2,12,0,0,0,1,49,84414,6,1,0,0,3,0,69,134,98,0,0,0,0,0,0,0,0,0,0,0,0,0,5,5,40,1,1,2,1,0,0,1,66,99,1,1,88,"777777777777","777777777777","777777777777",0,0
49,490104,1,2,3,15,6,19,35,12,6,1,0,49,2,20,32,20032,5,1995,"1Y1SK5260SZ0","1","Y","1","S","K","5","2","6","0","S","Z","0",0,0,0,"000000000","00000000000",0,0,0,1,0,0,0,0,0,0,0,998,0,0,0,4,6,2,12,0,0,0,1,98,84057,0,0,0,0,0,0,999,999,99,99,99,99,99,99,9999,99,9999,0,38,0,0,0,5,5,99,1,1,2,1,3,3,11,15,99,1,1,68,"777777777777","777777777777","777777777777",1,0
49,490104,2,2,1,15,6,19,35,12,6,1,0,49,1,49,482,49482,31,2008,"5TFBV54108X0","5","T","F","B","V","5","4","1","0","8","X","0",0,0,0,"000000000","00000000000",0,0,0,1,0,0,0,0,0,0,0,998,0,0,0,12,6,2,12,0,0,0,1,49,84062,6,1,6,0,3,0,65,160,98,0,0,0,0,0,0,0,0,0,0,0,0,0,5,5,99,1,1,2,1,3,3,1,66,99,1,1,69,"777777777777","777777777777","777777777777",0,0
49,490105,1,1,8,18,6,21,22,1,0,1,0,53,1,49,442,49442,20,2014,"5TDYK3DC2ES4","5","T","D","Y","K","3","D","C","2","E","S","4",0,0,0,"000000000","00000000000",0,0,0,1,0,0,0,0,0,0,0,83,0,1,1,0,6,2,1,0,0,0,1,53,98258,6,1,0,0,3,0,64,140,1,0,0,0,0,4,2013,4,2013,0,58,0,0,0,2,2,80,2,2,2,1,0,0,14,12,7,1,6,98,"777777777777","777777777777","777777777777",1,0
49,490106,1,2,1,18,6,5,44,12,6,1,0,49,1,63,37,63037,6,2011,"KNDJT2A22B72","K","N","D","J","T","2","A","2","2","B","7","2",0,0,0,"000000000","00000000000",0,0,0,1,0,0,0,0,0,0,0,50,0,0,0,1,6,2,12,0,0,0,1,49,84721,4,1,0,0,2,3,70,315,98,0,0,0,0,0,0,0,0,0,0,0,0,0,2,5,99,4,1,2,1,0,0,17,10,1,1,2,66,"777777777777","777777777777","777777777777",1,0
49,490106,2,2,1,18,6,5,44,12,6,1,0,49,1,35,473,35473,31,2005,"1N6AA07BX5N5","1","N","6","A","A","0","7","B","X","5","N","5",0,0,0,"000000000","00000000000",0,0,0,1,0,0,0,0,0,0,0,50,0,0,0,12,6,2,12,0,0,0,1,49,84720,6,1,0,0,3,0,68,375,98,0,0,1,1,6,2013,6,2013,0,0,0,0,0,2,5,99,4,1,2,1,0,0,14,62,1,1,1,66,"777777777777","777777777777","777777777777",0,0
49,490107,1,2,1,18,6,8,32,12,1,1,0,49,1,35,50,35050,4,2014,"3N1CE2CP5EL3","3","N","1","C","E","2","C","P","5","E","L","3",0,0,0,"000000000","00000000000",0,0,0,1,0,0,0,0,0,0,0,40,0,0,0,12,2,3,12,0,0,0,1,49,84088,6,1,0,0,3,3,67,211,98,0,0,0,0,0,0,0,0,0,26,0,0,0,5,6,45,1,1,1,1,0,0,1,50,99,1,1,20,"777777777777","777777777777","777777777777",0,0
49,490107,2,2,1,18,6,8,32,12,1,1,0,49,1,72,706,72706,80,2007,"1HD1PS8137K9","1","H","D","1","P","S","8","1","3","7","K","9",0,0,0,"000000000","00000000000",0,0,0,1,0,0,0,0,0,0,0,0,0,0,0,6,6,2,12,0,0,0,1,49,84120,6,1,0,0,3,3,70,240,98,0,0,0,0,0,0,0,0,0,0,0,0,0,5,6,45,1,1,1,1,0,0,5,53,99,1,1,21,"777777777777","777777777777","777777777777",1,0
49,490108,1,1,2,20,6,18,56,8,0,1,0,38,1,7,402,7402,14,1999,"1B4HS28Z9XF6","1","B","4","H","S","2","8","Z","9","X","F","6",0,0,0,"000000000","00000000000",0,0,0,1,0,0,0,0,0,0,0,2,0,0,0,14,0,5,8,0,0,0,1,49,84321,6,1,0,0,3,3,65,140,98,0,0,0,3,2,2014,3,2016,0,30,0,0,0,1,2,25,1,1,2,1,0,0,13,80,1,1,1,92,"777777777777","777777777777","777777777777",0,0
49,490109,1,2,1,21,6,22,30,12,6,1,0,49,2,12,481,12481,31,1988,"1FTHX26G2JKA","1","F","T","H","X","2","6","G","2","J","K","A",0,0,0,"000000000","00000000000",0,0,0,1,0,0,0,0,0,0,0,40,0,0,0,12,6,2,12,0,0,0,1,49,84405,6,2,0,0,3,3,67,140,98,0,0,0,0,0,0,0,0,0,39,0,0,0,5,5,40,1,1,2,1,2,3,1,66,16,1,1,83,"777777777777","777777777777","777777777777",0,0
49,490109,2,2,1,21,6,22,30,12,6,1,0,49,2,49,40,49040,4,2001,"4T1BG22K81U0","4","T","1","B","G","2","2","K","8","1","U","0",0,0,0,"000000000","00000000000",0,0,0,1,0,0,0,0,0,0,0,15,0,0,0,9,6,2,12,0,0,0,1,49,84321,6,1,0,0,3,0,64,125,98,0,0,0,0,0,0,0,0,0,99,99,99,99,5,3,40,1,1,2,1,2,3,11,15,99,1,1,82,"777777777777","777777777777","777777777777",1,0
49,490111,1,1,1,28,6,21,7,42,0,1,0,49,1,53,705,53705,80,2002,"JS1VP52A5221","J","S","1","V","P","5","2","A","5","2","2","1",0,0,0,"000000000","00000000000",0,0,0,1,0,0,0,0,0,0,0,998,0,0,0,12,6,2,42,0,0,0,1,49,84020,2,1,0,0,2,3,73,235,98,1,1,1,2,12,2011,6,2015,0,99,99,99,99,1,2,40,4,2,2,1,0,0,14,9,99,1,4,99,"777777777777","777777777777","777777777777",1,1
49,490112,1,1,3,29,6,13,54,35,0,1,0,32,1,12,481,12481,31,2001,"3FTNW21F31MA","3","F","T","N","W","2","1","F","3","1","M","A",0,0,0,"000000000","00000000000",0,0,0,1,0,0,0,0,0,0,0,998,0,0,0,10,6,2,35,0,0,0,1,32,89122,6,1,0,0,3,3,69,380,0,0,0,0,0,0,0,0,0,0,0,0,0,0,2,2,80,1,2,2,1,0,0,1,12,99,1,4,14,"777777777777","777777777777","777777777777",3,0
49,490113,1,2,1,30,6,0,10,12,1,1,1,49,2,20,421,20421,15,2008,"1GNFK13528R2","1","G","N","F","K","1","3","5","2","8","R","2",0,0,0,"000000000","00000000000",0,0,0,1,0,0,0,0,0,0,0,70,0,0,0,12,6,2,12,0,0,0,1,49,84041,6,2,0,0,3,0,64,148,98,0,0,0,0,0,0,0,0,3,36,0,0,0,5,4,45,1,1,2,1,0,0,1,51,99,1,1,24,"777777777777","777777777777","777777777777",0,0
49,490113,2,2,2,30,6,0,10,12,1,1,0,49,2,55,36,55036,4,2005,"KMHCG45C95U6","K","M","H","C","G","4","5","C","9","5","U","6",0,0,0,"000000000","00000000000",0,0,0,1,0,0,0,0,0,0,0,45,0,0,0,6,6,2,12,0,0,0,1,49,84015,6,1,0,0,3,0,68,140,98,0,0,1,0,12,2013,12,2013,0,0,0,0,0,5,4,45,1,1,2,1,0,0,1,53,99,1,1,25,"777777777777","777777777777","777777777777",2,0
49,490114,1,1,1,11,5,17,47,21,0,1,0,49,2,19,480,19480,31,2003,"3GYEK63N73G1","3","G","Y","E","K","6","3","N","7","3","G","1",0,0,0,"000000000","00000000000",0,0,0,1,0,0,0,0,0,0,0,75,0,0,0,12,6,2,21,0,0,1,1,49,84040,1,1,0,0,2,3,74,200,98,0,1,0,1,2,2015,2,2015,9,36,0,0,0,2,2,70,1,2,1,1,0,0,1,12,1,1,4,6,"777777777777","777777777777","777777777777",1,0
49,490115,1,1,1,6,6,14,35,14,0,1,0,49,2,20,37,20037,4,2007,"1G1ZT68N77F2","1","G","1","Z","T","6","8","N","7","7","F","2",0,0,0,"000000000","00000000000",0,0,0,1,0,0,0,0,0,0,0,998,0,0,0,12,6,2,14,0,0,0,1,49,84124,6,1,0,0,3,3,70,237,98,0,0,0,0,0,0,0,0,0,0,0,0,0,3,5,70,1,1,1,1,0,0,1,11,99,1,4,11,"777777777777","777777777777","777777777777",1,0
49,490116,1,1,8,9,6,11,42,1,0,1,0,49,2,23,431,23431,16,1999,"1GKFK16R8XJ7","1","G","K","F","K","1","6","R","8","X","J","7",0,0,0,"000000000","00000000000",0,0,0,1,0,0,0,0,0,0,0,75,0,1,1,0,6,2,1,0,0,0,1,49,84037,6,7,0,0,3,0,61,102,98,0,0,0,0,0,0,0,0,0,58,0,0,0,2,2,80,1,2,2,1,0,0,6,10,7,4,2,98,"777777777777","777777777777","777777777777",1,0
49,490117,1,2,1,1,7,14,4,12,6,1,0,49,2,48,34,48034,6,1999,"4S3BG6855X76","4","S","3","B","G","6","8","5","5","X","7","6",0,0,0,"000000000","00000000000",0,0,0,1,0,0,0,0,0,0,0,15,0,0,0,9,6,2,12,0,0,0,1,49,84321,6,1,0,0,3,3,60,120,98,0,0,0,1,2,2013,2,2013,0,48,38,0,0,5,6,45,1,2,1,1,0,0,12,21,99,1,2,98,"777777777777","777777777777","777777777777",1,0
49,490117,2,2,1,1,7,14,4,12,6,1,0,49,1,12,481,12481,31,1999,"1FTRX18L5XKC","1","F","T","R","X","1","8","L","5","X","K","C",0,0,0,"000000000","00000000000",0,0,0,1,0,0,0,0,0,0,0,45,0,0,0,12,4,3,12,0,0,0,1,49,84084,6,1,0,0,3,3,69,170,98,1,0,6,2,3,2012,4,2016,0,0,0,0,0,5,6,45,1,2,1,1,0,0,1,61,99,1,1,98,"777777777777","777777777777","777777777777",0,1
49,490118,1,4,2,1,7,20,47,72,0,1,0,49,1,2,403,2403,14,2008,"1J8GA59148L5","1","J","8","G","A","5","9","1","4","8","L","5",0,0,0,"000000000","00000000000",0,0,0,1,0,0,0,0,0,0,0,50,0,0,0,0,0,3,72,0,0,0,1,49,84095,6,1,0,0,3,0,75,200,98,0,0,2,0,3,2013,9,2013,0,0,0,0,0,1,2,65,1,1,2,1,0,0,1,1,99,1,1,0,"777777777777","777777777777","777777777777",0,0
49,490118,2,4,4,1,7,20,47,72,0,1,0,49,1,12,481,12481,31,2014,"1FTFW1EFXEKE","1","F","T","F","W","1","E","F","X","E","K","E",1,1,0,"000000000","00000000000",0,0,0,1,0,0,0,0,0,0,0,65,0,0,0,12,6,2,54,0,0,0,1,49,84014,6,1,0,0,3,0,67,165,98,0,0,0,0,0,0,0,0,0,0,0,0,0,1,2,65,1,1,2,1,0,0,1,90,7,1,2,98,"999999999999","777777777777","777777777777",0,0
49,490118,3,4,2,1,7,20,47,72,0,1,0,49,2,37,32,37032,4,1999,"1HGCG5554XA0","1","H","G","C","G","5","5","5","4","X","A","0",0,0,0,"000000000","00000000000",0,0,0,1,0,0,0,0,0,0,0,60,0,0,0,10,6,2,12,0,0,0,1,49,84328,6,1,0,0,3,0,64,140,98,0,0,0,0,0,0,0,0,0,0,0,0,0,1,2,65,1,1,2,1,0,0,1,62,99,1,1,98,"777777777777","777777777777","777777777777",1,0
49,490118,4,4,2,1,7,20,47,72,0,1,0,49,1,12,37,12037,4,2014,"1FADP3K20EL4","1","F","A","D","P","3","K","2","0","E","L","4",0,0,0,"000000000","00000000000",0,0,0,1,0,0,0,0,0,0,0,55,0,0,0,11,6,2,12,0,0,0,1,49,84047,6,1,0,0,3,3,72,160,98,0,0,0,0,0,0,0,0,0,0,0,0,0,1,2,65,1,1,2,1,0,0,1,60,7,1,1,98,"777777777777","777777777777","777777777777",0,0
49,490119,1,2,2,3,7,13,25,12,2,1,0,49,1,41,55,41055,5,2014,"JM1DE1KY3E01","J","M","1","D","E","1","K","Y","3","E","0","1",0,0,0,"000000000","00000000000",0,0,0,1,0,0,0,0,0,0,0,75,0,0,0,12,6,2,12,0,0,0,1,49,84010,6,1,0,0,3,0,62,109,98,0,0,0,1,6,2016,6,2016,0,27,0,0,0,1,2,65,1,1,2,1,0,0,6,10,99,1,2,50,"777777777777","777777777777","777777777777",1,0
49,490119,2,2,2,3,7,13,25,12,2,1,0,49,1,58,38,58038,4,2003,"JNKAY41E43M0","J","N","K","A","Y","4","1","E","4","3","M","0",0,0,0,"000000000","00000000000",0,0,0,1,0,0,0,0,0,0,0,65,0,0,0,12,6,2,12,0,0,0,1,49,84107,6,1,0,0,3,3,71,230,98,0,0,0,1,3,2015,3,2015,0,0,0,0,0,1,2,65,1,1,2,1,0,0,1,62,99,1,1,51,"777777777777","777777777777","777777777777",0,0
49,490120,1,1,1,4,7,15,15,1,0,1,0,49,1,98,734,98734,90,2011,"4XAZX55A8BA0","4","X","A","Z","X","5","5","A","8","B","A","0",0,0,0,"000000000","00000000000",0,0,0,1,0,0,0,0,0,0,0,17,0,2,1,0,4,5,1,0,0,0,1,49,84062,6,1,0,0,3,0,64,130,98,0,0,0,0,0,0,0,0,0,58,0,0,0,1,2,10,2,2,5,11,0,0,14,16,99,1,2,98,"777777777777","777777777777","777777777777",1,0
49,490121,1,1,1,9,5,12,59,41,0,1,0,49,3,98,734,98734,90,2008,"4XAWH68A3827","4","X","A","W","H","6","8","A","3","8","2","7",0,0,0,"000000000","00000000000",0,0,0,1,0,0,0,0,0,0,0,998,0,0,0,12,6,2,35,0,0,0,1,49,84075,6,1,0,0,3,3,67,145,98,0,0,0,0,0,0,0,0,0,99,99,99,99,1,2,99,1,1,2,2,0,0,1,19,99,1,4,98,"777777777777","777777777777","777777777777",1,0
49,490122,1,1,2,11,6,16,38,42,0,1,0,49,1,7,482,7482,31,2009,"3D7MX39L19G5","3","D","7","M","X","3","9","L","1","9","G","5",0,0,0,"000000000","00000000000",0,0,0,1,0,0,0,0,0,0,0,998,0,1,5,99,6,2,1,0,0,0,1,49,84651,6,1,6,0,3,0,71,205,98,0,0,0,0,0,0,0,0,9,99,99,99,99,1,2,40,4,2,5,1,0,0,99,13,99,9,4,5,"777777777777","777777777777","777777777777",2,1
49,490123,1,2,3,30,6,14,45,12,2,1,0,49,2,24,7,24007,4,2004,"1G8AN12F84Z1","1","G","8","A","N","1","2","F","8","4","Z","1",0,0,0,"000000000","00000000000",0,0,0,1,0,0,0,0,0,0,0,998,0,0,0,12,6,2,12,0,0,0,1,49,84088,6,1,0,0,3,0,63,120,98,0,1,1,4,2,2013,5,2015,0,51,0,0,0,2,2,80,1,1,2,1,0,0,1,54,99,1,1,52,"777777777777","777777777777","777777777777",1,0
49,490123,2,2,1,30,6,14,45,12,2,1,0,49,2,7,442,7442,20,2013,"2C4RDGBG4DR6","2","C","4","R","D","G","B","G","4","D","R","6",0,0,0,"000000000","00000000000",0,0,0,1,0,0,0,0,0,0,0,998,0,0,0,12,6,2,12,0,0,0,1,49,84029,6,1,0,0,3,0,66,192,98,0,0,0,0,0,0,0,0,0,0,0,0,0,2,2,80,1,1,2,1,0,0,1,54,16,1,1,52,"777777777777","777777777777","777777777777",0,0
49,490124,1,2,1,6,7,17,24,12,7,1,0,31,3,84,881,84881,66,1994,"3HSDJAPS9R2G","3","H","S","D","J","A","P","S","9","R","2","G",1,1,99,"999999999","99999999999",3,6,1,1,0,0,0,0,0,0,0,70,0,0,0,11,2,5,12,0,0,0,1,48,60643,6,1,6,3,3,3,72,205,0,0,0,0,0,0,0,0,0,0,0,0,0,0,2,2,80,2,2,2,1,0,0,14,10,1,1,2,45,"999999999999","777777777777","777777777777",0,0
49,490124,2,2,5,6,7,17,24,12,7,1,0,8,1,23,421,23421,15,2011,"1GKS2AE03BR1","1","G","K","S","2","A","E","0","3","B","R","1",0,0,0,"000000000","00000000000",0,0,0,1,0,0,0,0,0,0,0,80,0,1,2,5,6,2,1,0,0,0,1,8,80239,2,2,0,0,2,0,72,205,1,5,1,0,0,12,2012,9,2013,0,0,0,0,0,2,2,80,2,2,2,1,0,0,14,61,6,1,1,44,"777777777777","777777777777","777777777777",1,0
49,490125,1,1,3,8,7,14,45,1,0,1,0,6,9,98,734,98734,90,2016,"4XARUAD16GT1","4","X","A","R","U","A","D","1","6","G","T","1",0,0,0,"000000000","00000000000",0,0,0,1,0,0,0,0,0,0,0,25,0,1,2,0,2,3,1,0,0,0,1,36,12529,6,1,0,0,3,0,65,999,0,0,0,0,0,0,0,0,0,4,0,0,0,0,1,2,15,3,1,4,1,0,0,14,6,7,1,4,98,"777777777777","777777777777","777777777777",1,0
49,490126,1,1,1,2,7,12,23,38,0,1,0,49,1,20,481,20481,31,2000,"1GCEK19V9YE1","1","G","C","E","K","1","9","V","9","Y","E","1",0,0,0,"000000000","00000000000",0,0,0,1,0,0,0,0,0,0,0,50,0,1,5,99,6,2,1,0,0,0,1,49,84639,6,1,0,0,3,0,70,155,98,0,0,0,0,0,0,0,0,4,0,0,0,0,1,2,99,1,6,4,1,0,0,11,6,99,2,4,7,"777777777777","777777777777","777777777777",1,1
49,490127,1,1,1,15,6,16,34,9,0,1,0,49,1,12,481,12481,31,2010,"1FTWW3BR4AEA","1","F","T","W","W","3","B","R","4","A","E","A",0,0,0,"000000000","00000000000",0,0,0,1,0,0,0,0,0,0,0,5,0,0,0,99,2,5,9,0,0,0,1,49,84070,6,1,0,0,3,0,72,220,98,0,0,0,0,0,0,0,0,0,99,99,99,99,5,7,35,1,1,2,1,2,3,10,83,99,1,1,13,"777777777777","777777777777","777777777777",0,0
49,490128,1,1,1,16,6,18,5,1,0,1,0,27,1,72,706,72706,80,2015,"1HD1KRM13FB6","1","H","D","1","K","R","M","1","3","F","B","6",0,0,0,"000000000","00000000000",0,0,0,1,0,0,0,0,0,0,0,65,0,0,0,0,6,2,1,0,0,0,1,27,55744,6,1,6,3,3,0,66,135,0,0,0,0,0,0,0,0,0,0,0,0,0,0,3,4,80,3,2,2,1,0,0,14,13,99,1,5,98,"777777777777","777777777777","777777777777",1,0
49,490129,1,1,2,28,6,12,1,30,0,1,0,49,2,18,22,18022,4,2006,"2G4WE5872612","2","G","4","W","E","5","8","7","2","6","1","2",0,0,0,"000000000","00000000000",0,0,0,1,0,0,0,0,0,0,0,40,0,0,0,12,6,2,30,0,0,0,1,49,84119,4,1,0,0,2,3,63,145,98,0,1,0,1,9,2012,12,2012,0,0,0,0,0,1,3,40,1,1,2,1,0,0,1,11,99,1,5,14,"777777777777","777777777777","777777777777",1,0
49,490130,1,1,1,29,6,13,18,14,0,1,0,49,1,48,45,48045,4,2013,"4S3BMCC66D30","4","S","3","B","M","C","C","6","6","D","3","0",0,0,0,"000000000","00000000000",0,0,0,1,0,0,0,0,0,0,0,998,0,0,0,12,2,5,14,0,0,0,1,49,84106,6,1,0,0,3,3,65,145,98,0,0,0,0,0,0,0,0,0,0,0,0,0,1,2,98,1,2,2,1,0,0,1,11,99,1,2,11,"777777777777","777777777777","777777777777",1,0
49,490131,1,4,1,15,7,14,15,12,8,1,0,49,1,7,472,7472,31,2009,"1D7HW38P29S7","1","D","7","H","W","3","8","P","2","9","S","7",0,0,0,"000000000","00000000000",0,0,0,1,0,0,0,0,0,0,0,60,0,0,0,10,6,2,12,0,0,0,1,49,84119,6,1,0,0,3,0,65,150,98,0,0,1,0,5,2012,4,2016,0,0,0,0,0,1,2,60,2,2,2,1,0,0,14,10,99,1,2,64,"777777777777","777777777777","777777777777",1,0
49,490131,2,4,2,15,7,14,15,12,8,1,0,49,1,7,25,7025,5,2008,"1B3HB28B08D6","1","B","3","H","B","2","8","B","0","8","D","6",0,0,0,"000000000","00000000000",0,0,0,1,0,0,0,0,0,0,0,60,0,0,0,11,6,2,12,0,0,0,1,49,84526,6,1,0,0,3,3,68,185,98,0,0,0,0,0,0,0,0,0,0,0,0,0,1,2,60,3,2,2,1,0,0,14,62,99,1,1,65,"777777777777","777777777777","777777777777",0,0
49,490131,3,4,3,15,7,14,15,12,8,1,0,49,4,12,37,12037,4,2016,"1FADP3F28GL2","1","F","A","D","P","3","F","2","8","G","L","2",0,0,0,"000000000","00000000000",0,0,0,1,0,0,0,0,0,0,0,60,0,0,0,12,2,5,12,0,0,0,1,18,46228,6,1,0,0,3,0,72,180,0,0,0,0,1,1,2013,1,2013,0,0,0,0,0,1,2,60,3,2,2,1,0,0,14,54,7,1,2,98,"777777777777","777777777777","777777777777",0,0
49,490131,4,4,1,15,7,14,15,12,8,1,0,17,3,82,881,82881,66,2012,"1FUJGLDR6CLB","1","F","U","J","G","L","D","R","6","C","L","B",1,3,77,"777777777","77777777777",3,6,2,1,0,0,0,0,0,0,0,60,0,0,0,12,6,2,12,0,0,0,1,49,84074,6,1,6,3,3,3,71,180,98,0,0,1,0,7,2013,7,2013,0,0,0,0,0,1,2,60,3,2,2,1,0,0,14,54,7,1,1,98,"999999999999","777777777777","777777777777",0,0
49,490132,1,2,1,20,7,6,29,12,6,1,0,49,1,12,461,12461,22,1992,"1FBJS31H6NHA","1","F","B","J","S","3","1","H","6","N","H","A",0,0,0,"000000000","00000000000",0,0,0,1,0,0,0,0,0,0,0,998,0,0,0,3,4,5,12,0,0,0,1,49,84128,6,1,0,0,3,0,68,160,98,0,0,0,0,0,0,0,0,0,38,39,0,0,5,5,45,1,1,2,1,2,3,11,15,99,1,1,68,"777777777777","777777777777","777777777777",0,0
49,490132,2,2,1,20,7,6,29,12,6,1,0,49,1,73,706,73706,80,2005,"JKAZRCA115A0","J","K","A","Z","R","C","A","1","1","5","A","0",0,0,0,"000000000","00000000000",0,0,0,1,0,0,0,0,0,0,0,998,0,0,0,12,6,2,12,0,0,0,1,49,84118,6,1,0,0,3,0,69,130,98,0,0,1,0,7,2014,7,2014,0,0,0,0,0,5,5,45,1,1,2,1,2,3,1,66,99,1,1,69,"777777777777","777777777777","777777777777",1,0
49,490133,1,3,1,20,7,7,7,12,6,1,0,49,2,7,482,7482,31,2007,"1D7KS28A07J5","1","D","7","K","S","2","8","A","0","7","J","5",0,0,0,"000000000","00000000000",0,0,0,1,0,0,0,0,0,0,0,40,0,0,0,12,6,2,12,0,0,0,1,49,84075,6,1,0,0,3,0,70,200,98,0,0,0,0,0,0,0,0,0,39,0,0,0,5,3,40,1,2,2,1,2,3,1,66,99,1,1,88,"777777777777","777777777777","777777777777",0,0
49,490133,2,3,2,20,7,7,7,12,6,1,0,49,1,35,47,35047,4,2014,"1N4AL3AP4EC4","1","N","4","A","L","3","A","P","4","E","C","4",0,0,0,"000000000","00000000000",0,0,0,1,0,0,0,0,0,0,0,40,0,0,0,9,6,2,12,0,0,0,1,49,84041,6,1,0,0,3,0,66,135,98,0,0,0,0,0,0,0,0,0,0,0,0,0,5,3,40,1,2,2,1,2,3,1,66,99,1,1,89,"777777777777","777777777777","777777777777",1,0
49,490133,3,3,1,20,7,7,7,12,6,1,0,49,1,2,404,2404,14,1996,"1J4FJ28S2TL2","1","J","4","F","J","2","8","S","2","T","L","2",0,0,0,"000000000","00000000000",0,0,0,1,0,0,0,0,0,0,0,0,0,0,0,9,6,2,12,0,0,0,1,49,84040,6,1,0,0,3,0,68,260,98,0,0,1,0,2,2012,2,2012,0,0,0,0,0,5,3,40,1,2,2,1,2,3,5,62,99,1,1,98,"777777777777","777777777777","777777777777",0,0
49,490134,1,1,2,4,3,10,30,1,0,1,0,99,9,99,999,99999,99,9999,"999999999999","9","9","9","9","9","9","9","9","9","9","9","9",0,0,99,"999999999","99999999999",9,99,99,1,0,0,0,0,0,0,0,998,0,1,5,0,6,2,1,0,0,0,1,49,84129,2,1,0,0,2,3,70,225,98,0,1,0,0,7,2014,7,2014,9,36,0,0,0,1,2,99,9,9,2,99,0,0,99,9,99,1,5,98,"777777777777","777777777777","777777777777",2,1
49,490135,1,2,1,30,5,21,21,12,1,1,0,49,1,12,473,12473,30,2008,"1FMEU53878UA","1","F","M","E","U","5","3","8","7","8","U","A",0,0,0,"000000000","00000000000",0,0,0,1,0,0,0,0,0,0,0,50,0,0,0,12,6,2,12,0,0,0,1,49,84115,1,1,0,0,2,3,73,180,98,0,0,0,0,0,0,0,0,0,0,0,0,0,1,5,50,1,1,2,1,0,0,1,10,99,1,2,20,"777777777777","777777777777","777777777777",0,1
49,490135,2,2,3,30,5,21,21,12,1,1,0,49,1,30,42,30042,5,2015,"3VW2A7AU4FM0","3","V","W","2","A","7","A","U","4","F","M","0",0,0,0,"000000000","00000000000",0,0,0,1,0,0,0,0,0,0,0,0,0,0,0,6,6,2,12,0,0,0,1,49,84020,6,1,0,0,3,3,71,240,98,0,0,1,0,10,2014,10,2014,0,0,0,0,0,1,5,50,1,1,2,1,0,0,5,61,99,1,1,21,"777777777777","777777777777","777777777777",1,1
49,490136,1,1,3,31,5,19,42,1,0,1,0,49,2,23,401,23401,14,2002,"1GKDT13S5224","1","G","K","D","T","1","3","S","5","2","2","4",0,0,0,"000000000","00000000000",0,0,0,1,0,0,0,0,0,0,0,95,0,1,1,0,6,2,1,0,0,0,1,49,84404,6,1,0,0,3,0,64,140,98,0,0,0,0,0,0,0,0,3,58,0,0,0,3,3,70,4,1,1,1,0,0,14,12,7,1,6,98,"777777777777","777777777777","777777777777",2,1
49,490137,1,1,1,6,6,2,17,1,0,1,0,99,9,99,999,99999,99,9999,"999999999999","9","9","9","9","9","9","9","9","9","9","9","9",0,0,0,"000000000","00000000000",0,0,0,1,0,0,0,0,0,0,0,998,0,1,9,0,6,2,1,0,0,0,1,49,84536,4,1,0,0,2,0,66,160,98,0,0,0,0,0,0,0,0,0,99,99,99,99,1,2,99,9,9,9,99,0,0,99,9,99,9,9,98,"777777777777","777777777777","777777777777",1,0