"STATE","ST_CASE","VEH_NO","VE_FORMS","NUMOCCS","DAY","MONTH","HOUR","MINUTE","HARM_EV","MAN_COLL","UNITTYPE","HIT_RUN","REG_STAT","OWNER","MAKE","MODEL","MAK_MOD","BODY_TYP","MOD_YEAR","VIN","VIN_1","VIN_2","VIN_3","VIN_4","VIN_5","VIN_6","VIN_7","VIN_8","VIN_9","VIN_10","VIN_11","VIN_12","TOW_VEH","J_KNIFE","MCARR_I1","MCARR_I2","MCARR_ID","GVWR","V_CONFIG","CARGO_BT","HAZ_INV","HAZ_PLAC","HAZ_ID","HAZ_CNO","HAZ_REL","BUS_USE","SPEC_USE","EMER_USE","TRAV_SP","UNDERIDE","ROLLOVER","ROLINLOC","IMPACT1","DEFORMED","TOWED","M_HARM","VEH_SC1","VEH_SC2","FIRE_EXP","DR_PRES","L_STATE","DR_ZIP","L_STATUS","L_TYPE","CDL_STAT","L_ENDORS","L_COMPL","L_RESTRI","DR_HGT","DR_WGT","PREV_ACC","PREV_SUS","PREV_DWI","PREV_SPD","PREV_OTH","FIRST_MO","FIRST_YR","LAST_MO","LAST_YR","SPEEDREL","DR_SF1","DR_SF2","DR_SF3","DR_SF4","VTRAFWAY","VNUM_LAN","VSPD_LIM","VALIGN","VPROFILE","VPAVETYP","VSURCOND","VTRAFCON","VTCONT_F","P_CRASH1","P_CRASH2","P_CRASH3","PCRASH4","PCRASH5","ACC_TYPE","TRLR1VIN","TRLR2VIN","TRLR3VIN","DEATHS","DR_DRINK"
49,490175,1,1,2,11,9,15,35,18,0,1,0,49,2,98,998,98998,97,2016,"3NSRTE874GG8","3","N","S","R","T","E","8","7","4","G","G","8",0,0,0,"000000000","00000000000",0,0,0,1,0,0,0,0,0,0,0,40,0,0,0,3,6,2,18,0,0,0,1,49,84321,0,0,0,0,0,0,999,999,98,0,0,0,0,0,0,0,0,0,0,0,0,0,1,2,98,1,3,2,1,0,0,1,13,99,1,4,1,"777777777777","777777777777","777777777777",1,0
49,490176,1,1,1,12,9,13,19,1,0,1,0,32,1,72,706,72706,80,1995,"1HD1FDL39SY5","1","H","D","1","F","D","L","3","9","S","Y","5",0,0,0,"000000000","00000000000",0,0,0,1,0,0,0,0,0,0,0,70,0,0,0,0,6,2,1,0,0,0,1,32,89830,6,1,6,3,3,0,73,160,0,0,0,0,0,0,0,0,0,0,0,0,0,0,3,4,80,1,1,2,1,0,0,1,12,99,1,4,6,"777777777777","777777777777","777777777777",1,0
49,490177,1,1,1,13,9,16,29,1,0,1,0,49,1,72,706,72706,80,2003,"1HD1FCW413Y6","1","H","D","1","F","C","W","4","1","3","Y","6",0,0,0,"000000000","00000000000",0,0,0,1,0,0,0,0,0,0,0,998,0,0,0,0,6,2,1,0,0,0,1,49,84087,6,1,6,0,3,0,74,230,98,0,0,0,1,12,2015,12,2015,0,99,99,99,99,5,5,98,1,1,2,1,2,3,17,66,1,1,1,98,"777777777777","777777777777","777777777777",1,0
49,490178,1,1,3,6,9,20,32,8,0,1,0,49,2,52,46,52046,4,2002,"JA3AJ36E12U0","J","A","3","A","J","3","6","E","1","2","U","0",0,0,0,"000000000","00000000000",0,0,0,1,0,0,0,0,0,0,0,43,0,0,0,12,4,5,8,0,0,0,1,49,84120,6,2,0,0,3,0,61,135,98,0,0,0,0,0,0,0,0,0,0,0,0,0,5,5,40,1,1,2,1,0,0,1,80,1,1,1,13,"777777777777","777777777777","777777777777",0,0
49,490179,1,1,5,7,9,19,2,1,0,1,0,40,2,23,401,23401,14,2002,"1GKDS13S1221","1","G","K","D","S","1","3","S","1","2","2","1",0,0,0,"000000000","00000000000",0,0,0,1,0,0,0,0,0,0,0,80,0,1,5,0,6,2,1,0,0,0,1,6,95521,6,1,0,0,3,0,74,145,0,0,0,0,0,0,0,0,0,0,0,0,0,0,3,2,80,1,1,2,1,0,0,1,13,99,4,4,2,"777777777777","777777777777","777777777777",1,0
49,490180,1,1,1,14,9,21,51,8,0,1,0,49,1,24,401,24401,14,2004,"5GZCZ33D94S8","5","G","Z","C","Z","3","3","D","9","4","S","8",0,0,0,"000000000","00000000000",0,0,0,1,0,0,0,0,0,0,0,998,0,0,0,12,6,2,8,0,0,0,1,49,84121,6,1,0,0,3,0,64,160,98,0,0,1,0,9,2012,9,2012,0,0,0,0,0,3,5,40,1,1,2,1,2,3,1,80,1,1,1,13,"777777777777","777777777777","777777777777",0,0
49,490181,1,2,2,15,9,17,51,12,6,1,0,49,2,55,35,55035,4,2008,"KMHDU46D48U2","K","M","H","D","U","4","6","D","4","8","U","2",0,0,0,"000000000","00000000000",0,0,0,1,0,0,0,0,0,0,0,998,0,0,0,3,6,2,12,0,0,0,1,49,84095,6,1,0,0,3,0,70,145,98,0,0,0,0,0,0,0,0,0,38,0,0,0,1,2,45,1,1,2,1,0,0,11,15,99,1,1,68,"777777777777","777777777777","777777777777",1,0
49,490181,2,2,1,15,9,17,51,12,6,1,0,49,3,7,482,7482,31,2014,"3C63R3EL0EG1","3","C","6","3","R","3","E","L","0","E","G","1",0,0,0,"000000000","00000000000",0,0,0,1,0,0,0,0,0,0,0,998,0,0,0,12,6,2,12,0,0,0,1,49,84043,6,1,0,0,3,0,75,190,98,0,0,0,0,0,0,0,0,0,0,0,0,0,5,5,45,1,1,2,1,0,0,1,62,99,1,1,69,"777777777777","777777777777","777777777777",0,0
49,490182,1,2,3,17,9,16,19,12,6,1,0,49,1,23,401,23401,14,2002,"1GKDT13S9221","1","G","K","D","T","1","3","S","9","2","2","1",0,0,0,"000000000","00000000000",0,0,0,1,0,0,0,0,0,0,0,10,0,0,0,9,6,2,12,0,0,0,1,49,84084,6,1,0,0,3,0,69,140,98,0,0,0,0,0,0,0,0,0,38,0,0,0,1,2,35,1,1,2,1,20,3,11,15,1,1,1,82,"777777777777","777777777777","777777777777",1,0
49,490182,2,2,3,17,9,16,19,12,6,1,0,49,1,12,481,12481,31,2002,"1FTSW31F02EC","1","F","T","S","W","3","1","F","0","2","E","C",0,0,0,"000000000","00000000000",0,0,0,1,0,0,0,0,0,0,0,45,0,0,0,12,6,2,12,0,0,0,1,49,84015,6,1,0,0,3,0,73,245,98,0,0,0,0,0,0,0,0,0,0,0,0,0,1,2,35,1,1,2,1,0,0,1,66,16,1,1,83,"777777777777","777777777777","777777777777",0,0
49,490183,1,2,2,19,9,11,21,12,6,1,0,49,2,49,482,49482,31,2003,"5TBBT44173S3","5","T","B","B","T","4","4","1","7","3","S","3",0,0,0,"000000000","00000000000",0,0,0,1,0,0,0,0,0,0,0,15,0,0,0,9,6,2,12,0,0,0,1,49,84003,3,1,0,0,2,3,74,195,98,0,0,0,0,0,0,0,0,0,38,48,0,0,5,5,55,3,2,2,1,20,3,11,15,99,1,1,82,"777777777777","777777777777","777777777777",0,0
49,490183,2,2,1,19,9,11,21,12,6,1,0,56,1,72,706,72706,80,2013,"1HD1BWV14DB0","1","H","D","1","B","W","V","1","4","D","B","0",0,0,0,"000000000","00000000000",0,0,0,1,0,0,0,0,0,0,0,50,0,0,0,12,6,2,12,0,0,0,1,56,82937,6,1,0,0,3,0,63,145,0,0,0,0,0,0,0,0,0,0,0,0,0,0,5,5,55,3,2,2,1,0,0,14,63,99,1,1,83,"777777777777","777777777777","777777777777",1,0
49,490184,1,1,1,20,9,16,57,35,0,1,0,49,1,20,25,20025,4,2012,"1G1PE5SC1C73","1","G","1","P","E","5","S","C","1","C","7","3",0,0,0,"000000000","00000000000",0,0,0,1,0,0,0,0,0,0,0,85,0,2,5,12,6,2,1,0,0,0,1,49,84665,6,1,0,0,3,0,67,130,98,0,0,1,0,11,2014,11,2014,3,0,0,0,0,1,2,65,3,1,2,1,0,0,14,13,99,1,4,1,"777777777777","777777777777","777777777777",1,0
49,490185,1,1,1,21,9,19,51,33,0,1,0,49,1,12,17,12017,4,1999,"1FAFP53U7XG2","1","F","A","F","P","5","3","U","7","X","G","2",0,0,0,"000000000","00000000000",0,0,0,1,0,0,0,0,0,0,0,35,0,0,0,98,6,2,19,0,0,0,1,49,84701,6,1,0,0,3,0,62,125,98,0,0,0,1,3,2016,3,2016,0,48,0,0,0,5,3,30,1,1,2,1,0,0,11,12,99,1,4,9,"777777777777","777777777777","777777777777",1,1
49,490186,1,1,1,26,9,16,44,8,0,1,0,49,1,7,24,7024,4,2013,"2C3CDXBG4DH7","2","C","3","C","D","X","B","G","4","D","H","7",0,0,0,"000000000","00000000000",0,0,0,1,0,0,0,0,0,0,0,45,0,0,0,12,4,5,8,0,0,0,1,49,84054,6,1,0,0,3,0,71,215,98,0,0,0,0,0,0,0,0,0,0,0,0,0,5,5,45,1,1,2,1,0,0,1,80,1,1,1,13,"777777777777","777777777777","777777777777",0,1
49,490187,1,3,1,28,9,19,31,12,2,1,0,49,2,22,32,22032,6,2005,"5Y2SL63825Z4","5","Y","2","S","L","6","3","8","2","5","Z","4",0,0,0,"000000000","00000000000",0,0,0,1,0,0,0,0,0,0,0,50,0,0,0,12,6,2,12,0,0,0,1,49,84041,6,2,0,0,3,3,73,160,98,0,0,0,0,0,0,0,0,0,38,0,0,0,1,2,50,1,1,2,1,20,3,11,15,99,1,1,82,"777777777777","777777777777","777777777777",0,0
49,490187,2,3,1,28,9,19,31,12,2,1,0,49,1,7,24,7024,4,2006,"2B3KA43G76H4","2","B","3","K","A","4","3","G","7","6","H","4",0,0,0,"000000000","00000000000",0,0,0,1,0,0,0,0,0,0,0,50,0,0,0,12,6,2,12,0,0,0,1,49,84401,6,1,0,0,3,3,74,170,98,0,0,1,0,1,2016,1,2016,0,0,0,0,0,5,4,50,1,1,2,1,0,0,1,63,99,1,1,83,"777777777777","777777777777","777777777777",1,0
49,490187,3,3,2,28,9,19,31,12,2,1,0,49,1,37,421,37421,15,2005,"5FNYF18525B0","5","F","N","Y","F","1","8","5","2","5","B","0",0,0,0,"000000000","00000000000",0,0,0,1,0,0,0,0,0,0,0,50,0,0,0,12,6,2,12,0,0,0,1,49,84067,6,1,0,0,3,0,62,107,98,0,0,0,0,0,0,0,0,0,0,0,0,0,5,4,50,1,1,2,1,0,0,1,62,99,1,1,98,"777777777777","777777777777","777777777777",0,0
49,490188,1,1,1,31,8,23,40,1,0,1,0,49,2,12,481,12481,31,1997,"1FTDX18W0VKC","1","F","T","D","X","1","8","W","0","V","K","C",0,0,0,"000000000","00000000000",0,0,0,1,0,0,0,0,0,0,0,65,0,1,5,0,6,2,1,0,0,0,1,49,84631,6,1,0,0,3,0,63,160,98,0,0,0,0,0,0,0,0,0,58,0,0,0,1,2,55,1,1,2,1,0,0,1,13,6,4,5,1,"777777777777","777777777777","777777777777",1,1
49,490189,1,2,4,5,9,13,57,12,6,1,0,49,1,41,441,41441,20,2006,"JM3LW28A6605","J","M","3","L","W","2","8","A","6","6","0","5",0,0,0,"000000000","00000000000",0,0,0,1,0,0,0,0,0,0,0,15,0,1,1,3,6,2,1,0,0,0,1,49,84633,3,1,0,0,2,0,70,160,98,0,0,0,0,0,0,0,0,0,38,0,0,0,5,6,35,1,1,2,1,2,3,11,15,99,1,1,68,"777777777777","777777777777","777777777777",1,1
49,490189,2,2,2,5,9,13,57,12,6,1,0,49,1,7,442,7442,20,2001,"2B8GT54L81R3","2","B","8","G","T","5","4","L","8","1","R","3",0,0,0,"000000000","00000000000",0,0,0,1,0,0,0,0,0,0,0,35,0,0,0,12,6,2,12,0,0,0,1,49,84044,6,1,0,0,3,0,71,170,98,0,0,0,0,0,0,0,0,0,0,0,0,0,5,6,35,1,1,2,1,2,3,1,62,99,1,1,69,"777777777777","777777777777","777777777777",0,0
49,490190,1,2,2,11,9,2,18,12,6,1,0,49,2,22,18,22018,4,2001,"1G2NF52T61M5","1","G","2","N","F","5","2","T","6","1","M","5",0,0,0,"000000000","00000000000",0,0,0,1,0,0,0,0,0,0,0,10,0,0,0,2,6,2,12,0,0,0,1,49,84095,6,1,0,0,3,0,70,160,98,0,0,0,0,0,0,0,0,0,0,0,0,0,5,5,40,1,1,2,1,0,0,11,15,99,1,1,68,"777777777777","777777777777","777777777777",0,1
49,490190,2,2,1,11,9,2,18,12,6,1,0,49,2,37,706,37706,80,1978,"CB400T405928","C","B","4","0","0","T","4","0","5","9","2","8",0,0,0,"000000000","00000000000",0,0,0,1,0,0,0,0,0,0,0,40,0,0,0,12,6,2,12,0,0,0,1,49,84096,6,1,0,0,3,0,71,200,98,0,0,0,0,0,0,0,0,0,0,0,0,0,5,5,40,1,1,2,1,0,0,1,63,99,1,1,69,"777777777777","777777777777","777777777777",1,0
49,490192,1,1,1,15,9,11,15,57,0,1,0,49,2,12,481,12481,31,2001,"1FTRX18LX1KF","1","F","T","R","X","1","8","L","X","1","K","F",0,0,0,"000000000","00000000000",0,0,0,1,0,0,0,0,0,0,0,70,0,1,5,12,6,2,1,0,0,0,1,49,84097,1,1,0,0,2,3,72,170,98,0,0,0,0,0,0,0,0,0,0,0,0,0,1,2,65,2,1,2,1,0,0,14,12,99,1,4,6,"777777777777","777777777777","777777777777",1,0
49,490193,1,2,1,22,9,23,58,8,0,1,0,49,3,12,481,12481,31,2012,"1FTFW1ET6CFC","1","F","T","F","W","1","E","T","6","C","F","C",0,0,0,"000000000","00000000000",0,0,0,1,0,0,0,0,0,0,0,998,0,0,0,12,4,3,8,0,0,0,1,49,84005,6,1,0,0,3,0,74,260,98,0,0,0,0,0,0,0,0,0,0,0,0,0,5,4,98,1,1,1,2,0,0,1,80,1,1,1,13,"777777777777","777777777777","777777777777",0,0
49,490193,2,2,2,22,9,23,58,8,0,1,0,49,2,35,51,35051,6,2008,"JN8AS58V88W1","J","N","8","A","S","5","8","V","8","8","W","1",0,0,0,"000000000","00000000000",0,0,0,1,0,0,0,0,0,0,0,998,0,0,0,14,9,3,8,0,0,0,1,49,84111,6,1,0,0,3,9,67,127,98,0,0,0,0,0,0,0,0,0,0,0,0,0,5,4,98,1,1,1,2,0,0,1,80,16,1,1,98,"777777777777","777777777777","777777777777",0,0
49,490194,1,3,2,22,9,19,1,12,6,1,0,49,2,55,33,55033,4,2012,"5NPEC4AC4CH3","5","N","P","E","C","4","A","C","4","C","H","3",0,0,0,"000000000","00000000000",0,0,0,1,0,0,0,0,0,0,0,10,0,1,1,3,6,2,1,0,0,0,1,49,84321,6,1,0,0,3,0,60,127,98,0,0,0,0,0,0,0,0,0,38,0,0,0,5,5,55,1,1,2,2,2,3,11,15,99,1,1,68,"777777777777","777777777777","777777777777",2,0
49,490194,2,3,1,22,9,19,1,12,6,1,0,49,2,7,482,7482,31,1998,"1B7MF33D8WJ1","1","B","7","M","F","3","3","D","8","W","J","1",0,0,0,"000000000","00000000000",0,0,0,1,0,0,0,0,0,0,0,55,0,0,0,12,6,2,12,0,0,0,1,49,84326,6,1,0,0,3,0,64,130,98,0,0,0,0,0,0,0,0,0,0,0,0,0,5,5,55,1,1,2,2,2,3,1,66,99,1,1,69,"777777777777","777777777777","777777777777",0,0
49,490194,3,3,2,22,9,19,1,12,6,1,0,49,1,6,51,6051,4,2003,"2C3HE66G33H5","2","C","3","H","E","6","6","G","3","3","H","5",0,0,0,"000000000","00000000000",0,0,0,1,0,0,0,0,0,0,0,1,0,0,0,11,6,2,12,0,0,0,1,49,84319,6,1,0,0,3,0,66,260,98,0,0,0,0,0,0,0,0,0,0,0,0,0,5,3,35,1,1,2,2,2,3,10,62,99,1,1,98,"777777777777","777777777777","777777777777",0,0
49,490195,1,2,1,5,10,18,24,12,6,1,0,16,1,7,482,7482,31,1999,"3B7KF2364XG1","3","B","7","K","F","2","3","6","4","X","G","1",0,0,0,"000000000","00000000000",0,0,0,1,0,0,0,0,0,0,0,10,0,0,0,12,6,5,12,0,0,0,1,16,83263,6,1,0,0,3,0,70,145,0,0,0,0,0,0,0,0,0,0,39,0,0,0,5,6,55,1,1,2,1,2,3,1,66,99,1,1,69,"777777777777","777777777777","777777777777",0,0
49,490195,2,2,2,5,10,18,24,12,6,1,0,49,2,20,28,20028,4,2014,"1G1JC5SG7E41","1","G","1","J","C","5","S","G","7","E","4","1",0,0,0,"000000000","00000000000",0,0,0,1,0,0,0,0,0,0,0,55,0,0,0,3,6,2,12,0,0,0,1,49,84321,6,7,0,0,3,9,67,150,98,0,0,0,0,0,0,0,0,0,38,0,0,0,5,4,55,1,1,2,1,2,3,11,15,99,1,1,68,"777777777777","777777777777","777777777777",1,0
49,490196,1,1,4,6,10,15,40,1,0,1,0,6,1,14,401,14401,14,1997,"4M2DU55P2VUJ","4","M","2","D","U","5","5","P","2","V","U","J",0,0,0,"000000000","00000000000",0,0,0,1,0,0,0,0,0,0,0,80,0,1,1,0,6,2,1,0,0,0,1,8,80010,6,1,0,0,3,0,60,189,0,0,0,1,0,9,2016,9,2016,0,58,0,0,0,2,2,80,1,1,1,1,0,0,1,12,7,1,2,98,"777777777777","777777777777","777777777777",1,0
49,490197,1,1,1,7,10,9,59,1,0,1,0,49,2,58,33,58033,4,1994,"JNKCP01D9RT5","J","N","K","C","P","0","1","D","9","R","T","5",0,0,0,"000000000","00000000000",0,0,0,1,0,0,0,0,0,0,0,998,0,1,5,0,6,2,1,0,0,0,1,49,84001,4,1,0,0,2,0,999,999,98,0,0,0,0,0,0,0,0,0,58,0,0,0,1,2,25,2,1,4,99,0,0,14,12,99,1,4,6,"777777777777","777777777777","777777777777",1,0
49,490198,1,1,1,2,9,10,18,8,0,1,0,49,1,12,37,12037,4,2001,"1FAFP36381W2","1","F","A","F","P","3","6","3","8","1","W","2",0,0,0,"000000000","00000000000",0,0,0,1,0,0,0,0,0,0,0,5,0,0,0,12,4,3,8,0,0,0,1,49,84015,6,1,0,0,3,0,68,300,98,0,0,0,2,2,2014,1,2015,0,0,0,0,0,1,2,25,1,1,2,1,0,0,98,8,99,1,5,13,"777777777777","777777777777","777777777777",0,0
49,490199,1,1,1,19,9,8,30,1,0,1,0,49,1,49,401,49401,14,2001,"JT3HN86R6103","J","T","3","H","N","8","6","R","6","1","0","3",0,0,0,"000000000","00000000000",0,0,0,1,0,0,0,0,0,0,0,998,0,1,5,0,6,2,1,0,0,0,1,35,84511,6,1,0,0,3,0,66,142,98,0,0,0,0,0,0,0,0,4,0,0,0,0,1,2,98,3,4,4,5,0,0,14,12,7,5,4,6,"777777777777","777777777777","777777777777",1,0
49,490200,1,2,1,2,10,9,33,12,8,1,0,49,2,20,36,20036,2,1995,"2G1WX12XXS91","2","G","1","W","X","1","2","X","X","S","9","1",0,0,0,"000000000","00000000000",0,0,0,1,0,0,0,0,0,0,0,65,0,0,0,10,6,2,12,0,0,0,1,49,84501,6,1,0,0,3,0,69,180,98,0,0,5,0,3,2015,9,2015,0,0,0,0,0,1,2,65,1,1,2,1,0,0,1,10,99,1,2,64,"777777777777","777777777777","777777777777",1,1
49,490200,2,2,2,2,10,9,33,12,8,1,0,31,2,85,881,85881,66,2012,"1XKAD49X4CJ3","1","X","K","A","D","4","9","X","4","C","J","3",1,1,77,"777777777","77777777777",3,6,11,1,0,0,0,0,0,0,0,55,0,0,0,9,6,2,12,0,0,0,1,42,16602,6,1,6,3,3,0,71,999,0,0,0,0,0,0,0,0,0,0,0,0,0,0,1,2,65,1,1,2,1,0,0,1,62,99,1,1,65,"999999999999","777777777777","777777777777",0,0
49,490201,1,1,1,3,10,18,50,31,0,1,0,16,2,53,405,53405,14,2006,"JS3TX92V3641","J","S","3","T","X","9","2","V","3","6","4","1",0,0,0,"000000000","00000000000",0,0,0,1,0,0,0,0,0,0,0,80,0,1,1,9,6,2,1,0,0,0,1,49,84104,6,1,0,0,3,3,66,200,98,0,0,0,1,3,2016,3,2016,0,58,0,0,0,2,2,80,2,1,2,1,0,0,14,12,7,2,4,98,"777777777777","777777777777","777777777777",1,0
49,490202,1,1,1,20,10,15,0,35,0,1,0,49,1,6,441,6441,20,2005,"2C8GP64LX5R5","2","C","8","G","P","6","4","L","X","5","R","5",0,0,0,"000000000","00000000000",0,0,0,1,0,0,0,0,0,0,0,50,0,1,5,3,6,2,1,0,0,0,1,49,84088,6,1,0,0,3,3,68,210,98,0,0,1,1,3,2014,11,2014,4,58,0,0,0,1,2,35,1,1,5,1,0,0,1,6,7,1,5,1,"777777777777","777777777777","777777777777",1,1
49,490203,1,1,2,22,10,18,31,34,0,1,0,49,1,37,734,37734,90,2011,"1HFTE2603B41","1","H","F","T","E","2","6","0","3","B","4","1",0,0,0,"000000000","00000000000",0,0,0,1,0,0,0,0,0,0,0,998,0,1,1,1,4,3,1,0,0,0,1,49,84720,6,1,0,0,3,3,71,185,98,0,0,0,0,0,0,0,0,0,0,0,0,0,1,2,25,1,2,5,1,0,0,1,5,99,1,2,98,"777777777777","777777777777","777777777777",1,0
49,490204,1,1,1,23,10,13,0,1,0,1,0,49,2,20,481,20481,31,2011,"1GC4K0C93BF1","1","G","C","4","K","0","C","9","3","B","F","1",0,0,0,"000000000","00000000000",0,0,0,1,0,0,0,0,0,0,0,70,0,1,6,0,6,2,1,0,0,0,1,49,84066,6,1,0,0,3,0,67,200,98,0,0,7,0,8,2012,11,2015,3,0,0,0,0,1,2,50,2,2,2,1,0,0,14,6,99,1,5,6,"777777777777","777777777777","777777777777",1,1
49,490205,1,2,1,23,10,7,19,12,6,1,0,49,1,49,472,49472,30,2008,"3TMLU42NX8M0","3","T","M","L","U","4","2","N","X","8","M","0",0,0,0,"000000000","00000000000",0,0,0,1,0,0,0,0,0,0,0,20,0,1,1,5,6,2,1,0,0,0,1,49,84054,6,1,0,0,3,3,74,315,98,0,0,0,0,0,0,0,0,0,99,99,99,99,1,2,25,1,1,2,1,2,3,1,66,99,1,1,87,"777777777777","777777777777","777777777777",0,0
49,490205,2,2,1,23,10,7,19,12,6,1,0,49,1,53,706,53706,80,2002,"JS1VY51A2221","J","S","1","V","Y","5","1","A","2","2","2","1",0,0,0,"000000000","00000000000",0,0,0,1,0,0,0,0,0,0,0,40,0,0,0,12,6,2,12,0,0,0,1,49,84010,6,1,0,0,3,0,69,200,98,0,0,4,0,4,2012,8,2016,0,99,99,99,99,5,5,45,1,1,2,1,2,3,1,66,99,1,1,86,"777777777777","777777777777","777777777777",1,0
49,490206,1,2,1,19,10,14,25,12,6,1,0,49,1,12,37,12037,4,2005,"1FAFP34N95W2","1","F","A","F","P","3","4","N","9","5","W","2",0,0,0,"000000000","00000000000",0,0,0,1,0,0,0,0,0,0,0,998,0,0,0,3,6,2,12,0,0,0,1,49,84405,6,1,0,0,3,0,74,160,98,0,0,0,0,0,0,0,0,0,38,0,0,0,3,2,60,1,1,2,1,1,3,11,15,99,1,1,68,"777777777777","777777777777","777777777777",1,0
49,490206,2,2,1,19,10,14,25,12,6,1,0,49,1,30,47,30047,3,2000,"3VWCA21C4YM4","3","V","W","C","A","2","1","C","4","Y","M","4",0,0,0,"000000000","00000000000",0,0,0,1,0,0,0,0,0,0,0,998,0,0,0,12,6,2,12,0,0,0,1,49,84074,6,1,0,0,3,3,70,225,98,0,0,0,0,0,0,0,0,0,0,0,0,0,3,2,60,1,1,2,1,1,3,1,66,8,1,1,69,"777777777777","777777777777","777777777777",0,0
49,490207,1,1,3,15,10,21,27,8,0,1,0,49,1,63,34,63034,4,2014,"5XXGN4A72EG2","5","X","X","G","N","4","A","7","2","E","G","2",0,0,0,"000000000","00000000000",0,0,0,1,0,0,0,0,0,0,0,998,0,0,0,1,6,2,8,0,0,0,1,49,84119,6,1,0,0,3,3,62,140,98,0,0,0,0,0,0,0,0,0,0,0,0,0,2,5,40,1,1,2,1,2,3,1,80,1,1,1,13,"777777777777","777777777777","777777777777",0,0
49,490208,1,2,3,27,9,12,48,12,1,1,0,49,1,24,401,24401,14,2008,"3GSDL43N08S5","3","G","S","D","L","4","3","N","0","8","S","5",0,0,0,"000000000","00000000000",0,0,0,1,0,0,0,0,0,0,0,40,0,0,0,12,6,2,12,0,0,0,1,49,84405,6,1,0,0,3,0,63,140,98,0,0,0,0,0,0,0,0,0,26,0,0,0,1,2,55,1,1,1,1,0,0,1,50,99,1,1,20,"777777777777","777777777777","777777777777",1,0
49,490208,2,2,2,27,9,12,48,12,1,1,0,49,3,12,481,12481,31,2002,"1FTSF31S02EA","1","F","T","S","F","3","1","S","0","2","E","A",0,0,0,"000000000","00000000000",0,0,0,1,0,0,0,0,0,0,0,0,0,0,0,6,6,2,12,0,0,0,1,16,83843,0,0,0,0,0,0,75,150,0,0,0,0,0,0,0,0,0,0,0,0,0,0,1,2,55,1,1,1,1,0,0,5,53,99,1,1,21,"777777777777","777777777777","777777777777",0,0
49,490209,1,2,2,17,9,14,18,12,6,1,0,32,1,72,706,72706,80,2014,"1HD1KEL19EB6","1","H","D","1","K","E","L","1","9","E","B","6",0,0,0,"000000000","00000000000",0,0,0,1,0,0,0,0,0,0,0,5,0,0,0,9,6,2,12,0,0,0,1,32,89002,6,1,0,0,3,3,69,172,0,0,0,0,0,0,0,0,0,0,38,0,0,0,1,4,55,1,2,2,1,0,0,12,21,1,1,1,98,"777777777777","777777777777","777777777777",1,0
49,490209,2,2,2,17,9,14,18,12,6,1,0,49,1,55,35,55035,4,2005,"KMHDN46D15U0","K","M","H","D","N","4","6","D","1","5","U","0",0,0,0,"000000000","00000000000",0,0,0,1,0,0,0,0,0,0,0,55,0,0,0,12,6,2,12,0,0,0,1,49,84774,6,2,0,0,3,0,68,132,98,0,0,0,0,0,0,0,0,0,0,0,0,0,1,4,55,1,2,2,1,0,0,1,61,1,1,1,98,"777777777777","777777777777","777777777777",0,0
49,490210,1,1,1,11,10,14,28,1,0,1,0,49,1,72,706,72706,82,2009,"1HD1MAM389Y8","1","H","D","1","M","A","M","3","8","9","Y","8",0,0,0,"000000000","00000000000",0,0,0,1,0,0,0,0,0,0,0,35,0,1,1,0,4,5,1,0,0,0,1,49,84326,6,1,0,0,3,0,69,175,98,0,0,1,0,7,2012,7,2012,4,0,0,0,0,5,6,45,1,1,2,1,0,0,11,6,99,1,1,98,"777777777777","777777777777","777777777777",1,0
49,490211,1,1,1,5,10,2,19,26,0,1,0,49,2,12,481,12481,31,1991,"1FTEF14N4MPA","1","F","T","E","F","1","4","N","4","M","P","A",0,0,0,"000000000","00000000000",0,0,0,1,0,0,0,0,0,0,0,55,0,1,5,3,6,2,1,0,0,0,1,49,84701,1,1,0,0,2,2,68,160,98,0,1,0,0,12,2014,12,2014,0,58,74,0,0,1,2,65,1,3,2,1,0,0,1,13,6,1,4,1,"777777777777","777777777777","777777777777",1,1
49,490212,1,1,1,25,10,20,24,31,0,1,0,49,1,19,3,19003,4,1999,"1G6KD54Y8XU7","1","G","6","K","D","5","4","Y","8","X","U","7",0,0,0,"000000000","00000000000",0,0,0,1,0,0,0,0,0,0,0,55,0,0,0,12,6,2,31,0,0,0,1,49,84321,6,1,0,0,3,0,66,170,98,0,0,0,0,0,0,0,0,0,0,0,0,0,5,5,50,1,1,2,1,0,0,1,14,99,1,4,14,"777777777777","777777777777","777777777777",1,0
49,490213,1,2,2,29,10,19,7,12,6,1,0,49,1,37,32,37032,2,1999,"1HGCG2259XA0","1","H","G","C","G","2","2","5","9","X","A","0",0,0,0,"000000000","00000000000",0,0,0,1,0,0,0,0,0,0,0,5,0,0,0,9,6,2,12,0,0,0,1,49,84404,6,2,0,0,3,0,62,115,98,0,0,0,0,0,0,0,0,0,38,0,0,0,5,4,50,1,1,2,1,2,3,11,15,99,1,1,82,"777777777777","777777777777","777777777777",1,0
49,490213,2,2,3,29,10,19,7,12,6,1,0,16,1,7,482,7482,31,2005,"3D7KS28C95G7","3","D","7","K","S","2","8","C","9","5","G","7",0,0,0,"000000000","00000000000",0,0,0,1,0,0,0,0,0,0,0,40,0,0,0,12,6,2,12,0,0,0,1,49,84404,6,1,0,0,3,0,70,165,98,0,0,0,0,0,0,0,0,0,0,0,0,0,3,3,50,1,1,2,1,2,3,1,67,99,1,1,83,"777777777777","777777777777","777777777777",0,0