"STATE","ST_CASE","VEH_NO","VE_FORMS","NUMOCCS","DAY","MONTH","HOUR","MINUTE","HARM_EV","MAN_COLL","UNITTYPE","HIT_RUN","REG_STAT","OWNER","MAKE","MODEL","MAK_MOD","BODY_TYP","MOD_YEAR","VIN","VIN_1","VIN_2","VIN_3","VIN_4","VIN_5","VIN_6","VIN_7","VIN_8","VIN_9","VIN_10","VIN_11","VIN_12","TOW_VEH","J_KNIFE","MCARR_I1","MCARR_I2","MCARR_ID","GVWR","V_CONFIG","CARGO_BT","HAZ_INV","HAZ_PLAC","HAZ_ID","HAZ_CNO","HAZ_REL","BUS_USE","SPEC_USE","EMER_USE","TRAV_SP","UNDERIDE","ROLLOVER","ROLINLOC","IMPACT1","DEFORMED","TOWED","M_HARM","VEH_SC1","VEH_SC2","FIRE_EXP","DR_PRES","L_STATE","DR_ZIP","L_STATUS","L_TYPE","CDL_STAT","L_ENDORS","L_COMPL","L_RESTRI","DR_HGT","DR_WGT","PREV_ACC","PREV_SUS","PREV_DWI","PREV_SPD","PREV_OTH","FIRST_MO","FIRST_YR","LAST_MO","LAST_YR","SPEEDREL","DR_SF1","DR_SF2","DR_SF3","DR_SF4","VTRAFWAY","VNUM_LAN","VSPD_LIM","VALIGN","VPROFILE","VPAVETYP","VSURCOND","VTRAFCON","VTCONT_F","P_CRASH1","P_CRASH2","P_CRASH3","PCRASH4","PCRASH5","ACC_TYPE","TRLR1VIN","TRLR2VIN","TRLR3VIN","DEATHS","DR_DRINK"
49,490214,1,1,1,25,8,13,45,1,0,1,0,99,9,99,709,99709,80,9999,"999999999999","9","9","9","9","9","9","9","9","9","9","9","9",0,0,0,"000000000","00000000000",0,0,0,1,0,0,0,0,0,0,0,998,0,0,0,0,9,9,1,0,0,0,1,99,84534,9,9,99,9,9,9,999,999,99,99,99,99,99,99,9999,99,9999,0,99,99,99,99,1,2,98,9,9,2,99,0,0,99,99,99,9,9,98,"777777777777","777777777777","777777777777",1,0
49,490215,1,1,1,13,10,15,37,59,0,1,0,53,1,73,706,73706,80,2013,"JKBVNRB12DA0","J","K","B","V","N","R","B","1","2","D","A","0",0,0,0,"000000000","00000000000",0,0,0,1,0,0,0,0,0,0,0,25,0,0,0,12,2,3,1,0,0,0,1,49,84036,6,1,0,0,3,3,72,197,98,0,0,0,0,0,0,0,0,0,0,0,0,0,1,2,40,3,2,2,1,0,0,14,13,99,2,4,1,"777777777777","777777777777","777777777777",1,0
49,490216,1,1,2,21,10,5,15,25,0,1,0,49,1,20,37,20037,4,2013,"1G11C5SA9DF2","1","G","1","1","C","5","S","A","9","D","F","2",0,0,0,"000000000","00000000000",0,0,0,1,0,0,0,0,0,0,0,100,0,0,0,3,6,2,14,0,0,0,1,49,84120,6,1,0,0,3,0,68,130,98,0,0,0,0,0,0,0,0,4,0,0,0,0,3,2,75,3,1,1,1,0,0,14,6,99,1,4,98,"777777777777","777777777777","777777777777",1,1
49,490217,1,1,1,1,11,16,36,8,0,1,0,49,1,55,33,55033,4,2013,"5NPEC4AC4DH5","5","N","P","E","C","4","A","C","4","D","H","5",0,0,0,"000000000","00000000000",0,0,0,1,0,0,0,0,0,0,0,53,0,0,0,12,4,3,8,0,0,0,1,49,84096,6,1,0,0,3,0,73,250,98,0,0,1,0,9,2014,9,2014,0,99,99,99,99,3,2,98,1,1,2,1,0,0,1,80,99,1,1,13,"777777777777","777777777777","777777777777",0,0
49,490218,1,2,1,24,10,11,35,12,2,1,0,49,1,48,34,48034,6,1995,"4S3BK6351S63","4","S","3","B","K","6","3","5","1","S","6","3",0,0,0,"000000000","00000000000",0,0,0,1,0,0,0,0,0,0,0,60,0,0,0,12,6,2,12,0,0,0,1,49,84032,6,1,0,0,3,0,76,242,98,0,0,0,0,0,0,0,0,0,51,0,0,0,5,5,60,1,1,2,2,0,0,1,10,99,1,2,50,"777777777777","777777777777","777777777777",1,0
49,490218,2,2,1,24,10,11,35,12,2,1,0,49,3,84,884,84884,66,2016,"3HSDJAPR2GN1","3","H","S","D","J","A","P","R","2","G","N","1",1,3,77,"777777777","77777777777",3,6,3,1,0,0,0,0,0,0,0,55,0,0,0,12,6,2,12,0,0,0,1,49,84029,6,1,6,3,3,0,72,200,98,0,0,1,0,5,2012,5,2012,0,0,0,0,0,5,5,60,1,1,2,2,0,0,1,62,99,1,2,51,"999999999999","777777777777","777777777777",0,0
49,490219,1,2,1,25,10,10,30,12,2,1,0,49,1,20,481,20481,31,1999,"2GCEK19T6X12","2","G","C","E","K","1","9","T","6","X","1","2",0,0,0,"000000000","00000000000",0,0,0,1,0,0,0,0,0,0,0,998,0,0,0,12,6,2,12,0,0,0,1,49,84003,6,1,0,0,3,0,73,200,98,0,0,0,0,0,0,0,0,0,0,0,0,0,1,2,60,1,1,2,1,0,0,1,10,99,1,2,50,"777777777777","777777777777","777777777777",1,0
49,490219,2,2,1,25,10,10,30,12,2,1,0,55,3,84,884,84884,66,2017,"3HSDJAPR0HN5","3","H","S","D","J","A","P","R","0","H","N","5",1,1,77,"777777777","77777777777",3,6,3,1,0,0,0,0,0,0,0,998,0,0,0,12,6,2,12,0,0,1,1,4,85142,6,1,6,3,3,0,67,180,0,2,0,2,0,12,2011,2,2016,0,0,0,0,0,1,2,60,1,1,2,1,0,0,1,62,7,1,2,51,"999999999999","777777777777","777777777777",0,0
49,490220,1,1,2,26,10,20,32,1,0,1,0,47,2,2,404,2404,14,1994,"1J4GZ58S6RC1","1","J","4","G","Z","5","8","S","6","R","C","1",0,0,0,"000000000","00000000000",0,0,0,1,0,0,0,0,0,0,0,998,0,1,3,0,6,2,1,0,0,0,1,47,37148,2,1,0,0,2,0,75,200,0,1,1,0,0,10,2013,10,2013,0,0,0,0,0,2,2,80,1,1,2,1,0,0,1,12,7,1,4,6,"777777777777","777777777777","777777777777",1,0
49,490221,1,2,1,3,11,14,19,12,7,1,0,49,3,82,981,82981,50,2014,"4UZABRDT1ECF","4","U","Z","A","B","R","D","T","1","E","C","F",0,0,77,"777777777","77777777777",3,21,22,1,0,0,0,0,1,2,0,15,0,0,0,7,2,5,12,0,0,0,1,49,84404,6,1,6,3,3,3,66,213,98,0,0,1,1,7,2013,7,2013,0,38,0,0,0,5,7,40,1,1,2,1,2,3,11,15,99,1,1,68,"777777777777","777777777777","777777777777",0,0
49,490221,2,2,1,3,11,14,19,12,7,1,0,49,1,37,706,37706,80,2010,"JH2SC610XAK0","J","H","2","S","C","6","1","0","X","A","K","0",0,0,0,"000000000","00000000000",0,0,0,1,0,0,0,0,0,0,0,40,0,0,0,3,6,2,12,0,0,0,1,49,84404,6,1,0,0,3,0,70,210,98,0,0,1,0,5,2014,5,2014,0,0,0,0,0,2,7,40,1,1,2,1,2,3,1,66,16,2,1,69,"777777777777","777777777777","777777777777",1,0
49,490222,1,1,1,25,10,16,56,8,0,1,0,49,1,59,403,59403,14,2008,"JTJHW31U1820","J","T","J","H","W","3","1","U","1","8","2","0",0,0,0,"000000000","00000000000",0,0,0,1,0,0,0,0,0,0,0,5,0,0,0,14,0,5,8,0,0,0,1,49,84065,6,1,0,0,3,3,65,120,98,0,0,0,0,0,0,0,0,0,0,0,0,0,1,2,25,1,1,2,1,0,0,13,80,1,1,1,92,"777777777777","777777777777","777777777777",0,0
49,490223,1,1,4,25,10,20,22,8,0,1,0,49,1,12,481,12481,31,2012,"1FTFW1ET1CFB","1","F","T","F","W","1","E","T","1","C","F","B",0,0,0,"000000000","00000000000",0,0,0,1,0,0,0,0,0,0,0,30,0,0,0,3,2,5,8,0,0,0,1,49,84074,6,1,0,0,3,3,67,149,98,0,0,0,2,6,2014,6,2014,0,0,0,0,0,5,5,35,1,1,2,1,0,0,1,80,99,1,1,13,"777777777777","777777777777","777777777777",0,0
49,490224,1,1,5,18,9,10,7,21,0,1,0,99,9,99,999,99999,99,9999,"999999999999","9","9","9","9","9","9","9","9","9","9","9","9",0,0,0,"000000000","00000000000",0,0,0,1,0,0,0,0,0,0,0,998,0,0,0,99,6,2,21,0,0,0,1,49,84026,6,1,0,0,3,0,63,150,98,0,0,2,0,4,2013,1,2014,3,0,0,0,0,1,2,98,9,9,9,99,0,0,1,9,99,1,4,99,"777777777777","777777777777","777777777777",2,0
49,490225,1,1,1,20,10,3,35,25,0,1,0,49,1,18,404,18404,14,2015,"KL4CJFSB7FB0","K","L","4","C","J","F","S","B","7","F","B","0",0,0,0,"000000000","00000000000",0,0,0,1,0,0,0,0,0,0,0,40,0,1,1,11,6,2,1,0,0,0,1,49,84105,6,1,0,0,3,3,69,230,98,0,0,0,0,0,0,0,0,0,58,0,0,0,3,3,65,1,1,1,1,0,0,1,10,99,1,4,6,"777777777777","777777777777","777777777777",1,1
49,490226,1,1,1,28,9,21,49,8,0,1,1,49,9,41,35,41035,4,1996,"JM1BB141XT03","J","M","1","B","B","1","4","1","X","T","0","3",0,0,0,"000000000","00000000000",0,0,0,1,0,0,0,0,0,0,0,998,0,0,0,12,4,5,8,0,0,0,1,99,84115,9,9,99,9,9,9,999,999,99,99,99,99,99,99,9999,99,9999,3,0,0,0,0,2,4,99,1,3,2,1,0,0,99,80,99,1,1,13,"777777777777","777777777777","777777777777",0,0
49,490227,1,2,2,19,10,3,3,52,0,1,0,17,3,82,884,82884,66,1993,"1FUPDXYB9PP4","1","F","U","P","D","X","Y","B","9","P","P","4",1,1,77,"777777777","77777777777",3,6,3,1,0,0,0,0,0,0,0,75,0,1,3,9,6,2,1,0,0,0,1,6,96080,9,9,99,9,9,9,999,999,99,99,99,99,99,99,9999,99,9999,0,0,0,0,0,3,2,80,4,2,2,1,0,0,14,12,99,1,4,6,"999999999999","777777777777","777777777777",2,0
49,490227,2,2,1,19,10,3,3,52,0,1,0,29,3,51,881,51881,66,2015,"4V4NC9EH7FN9","4","V","4","N","C","9","E","H","7","F","N","9",2,1,77,"777777777","77777777777",3,7,11,1,0,0,0,0,0,0,0,70,0,0,0,12,6,2,54,0,0,0,1,29,64790,6,1,6,3,3,3,73,214,0,0,0,0,0,0,0,0,0,0,0,0,0,0,3,2,80,4,2,2,1,0,0,14,90,7,1,2,98,"999999999999","999999999999","777777777777",0,0
49,490228,1,2,1,8,10,3,9,18,0,1,0,49,1,76,705,76705,80,2007,"JYARJ13E97A0","J","Y","A","R","J","1","3","E","9","7","A","0",0,0,0,"000000000","00000000000",0,0,0,1,0,0,0,0,0,0,0,60,0,0,0,12,4,3,12,0,0,0,1,49,84044,6,1,0,0,3,0,70,152,98,0,0,0,0,0,0,0,0,4,36,0,0,0,6,2,60,2,5,1,1,0,0,14,12,99,1,4,6,"777777777777","777777777777","777777777777",1,1
49,490228,2,2,1,8,10,3,9,18,0,1,0,49,1,20,421,20421,15,2001,"1GNCS18W11K1","1","G","N","C","S","1","8","W","1","1","K","1",0,0,0,"000000000","00000000000",0,0,0,1,0,0,0,0,0,0,0,60,0,0,0,12,4,5,12,0,0,0,1,49,84014,6,1,0,0,3,3,69,130,98,0,0,0,1,11,2011,11,2011,0,0,0,0,0,3,4,30,1,5,1,1,0,0,1,61,99,1,1,98,"777777777777","777777777777","777777777777",0,0
49,490229,1,5,2,28,10,19,3,12,6,1,0,49,1,22,20,22020,4,2000,"1G2WR5217YF2","1","G","2","W","R","5","2","1","7","Y","F","2",0,0,0,"000000000","00000000000",0,0,0,1,0,0,0,0,0,0,0,100,0,0,0,12,6,2,12,0,0,0,1,49,84321,6,1,0,0,3,3,65,160,98,0,0,0,1,8,2013,8,2013,4,33,36,0,0,5,4,45,1,1,2,2,0,0,6,6,99,1,2,64,"777777777777","777777777777","777777777777",1,1
49,490229,2,5,1,28,10,19,3,12,6,1,0,49,2,49,401,49401,14,2015,"JTEBU5JR2F52","J","T","E","B","U","5","J","R","2","F","5","2",0,0,0,"000000000","00000000000",0,0,0,1,0,0,0,0,0,0,0,45,0,0,0,8,6,2,12,0,0,0,1,49,84321,6,1,0,0,3,0,64,160,98,0,0,2,0,12,2012,6,2013,0,0,0,0,0,5,4,45,1,1,2,2,0,0,1,62,99,1,1,65,"777777777777","777777777777","777777777777",0,0
49,490229,3,5,2,28,10,19,3,12,6,1,0,49,1,35,47,35047,4,2005,"1N4AL11D95C3","1","N","4","A","L","1","1","D","9","5","C","3",0,0,0,"000000000","00000000000",0,0,0,1,0,0,0,0,0,0,0,45,0,0,0,12,6,2,12,0,0,0,1,49,84321,6,1,0,0,3,0,70,150,98,0,0,0,0,0,0,0,0,0,0,0,0,0,5,4,45,1,1,2,2,0,0,1,50,99,1,1,98,"777777777777","777777777777","777777777777",0,0
49,490229,4,5,4,28,10,19,3,12,6,1,0,16,1,12,471,12471,30,1994,"1FTCR14U8RPA","1","F","T","C","R","1","4","U","8","R","P","A",0,0,0,"000000000","00000000000",0,0,0,1,0,0,0,0,0,0,0,45,0,0,0,12,6,2,12,0,0,0,1,16,83263,6,2,0,0,3,3,71,140,0,0,0,0,0,0,0,0,0,0,0,0,0,0,5,4,45,1,1,2,2,0,0,1,60,99,1,1,98,"777777777777","777777777777","777777777777",0,0
49,490229,5,5,1,28,10,19,3,12,6,1,0,49,1,23,481,23481,31,2016,"3FTU2PEC8GG1","3","F","T","U","2","P","E","C","8","G","G","1",0,0,0,"000000000","00000000000",0,0,0,1,0,0,0,0,0,0,0,45,0,0,0,99,0,5,54,0,0,0,1,49,84335,6,1,0,0,3,3,69,185,98,0,0,0,0,0,0,0,0,0,0,0,0,0,5,4,45,1,1,2,2,0,0,1,98,99,1,1,98,"777777777777","777777777777","777777777777",0,0
49,490230,1,3,1,29,10,14,26,12,6,1,0,49,1,39,34,39034,4,2003,"SAJEA01U03HM","S","A","J","E","A","0","1","U","0","3","H","M",0,0,0,"000000000","00000000000",0,0,0,1,0,0,0,0,0,0,0,25,0,0,0,3,6,2,12,0,0,0,1,49,84401,6,1,6,0,3,0,69,175,98,0,0,0,0,0,0,0,0,0,38,0,0,0,5,4,45,1,1,1,1,0,0,11,15,1,1,1,68,"777777777777","777777777777","777777777777",0,0
49,490230,2,3,1,29,10,14,26,12,6,1,0,49,1,72,706,72706,80,2012,"1HD1KEM16CB6","1","H","D","1","K","E","M","1","6","C","B","6",0,0,0,"000000000","00000000000",0,0,0,1,0,0,0,0,0,0,0,45,0,0,0,12,6,2,12,0,0,0,1,49,84404,6,1,0,0,3,0,70,195,98,0,1,1,0,2,2013,8,2013,0,27,0,0,0,5,4,45,1,1,1,1,0,0,1,62,1,1,1,69,"777777777777","777777777777","777777777777",1,1
49,490230,3,3,1,29,10,14,26,12,6,1,0,49,1,49,40,49040,4,2014,"4T1BF1FKXEU7","4","T","1","B","F","1","F","K","X","E","U","7",0,0,0,"000000000","00000000000",0,0,0,1,0,0,0,0,0,0,0,0,0,0,0,9,6,2,12,0,0,0,1,49,84084,6,1,0,0,3,3,65,170,98,0,0,0,0,0,0,0,0,0,0,0,0,0,1,2,25,1,1,1,1,0,0,5,63,1,1,1,98,"777777777777","777777777777","777777777777",0,0
49,490231,1,1,2,11,11,11,1,15,0,1,0,49,1,37,402,37402,14,2005,"JHLRD78995C0","J","H","L","R","D","7","8","9","9","5","C","0",0,0,0,"000000000","00000000000",0,0,0,1,0,0,0,0,0,0,0,10,0,0,0,12,2,3,15,0,0,0,1,49,84129,6,1,0,0,3,3,67,135,98,0,0,0,0,0,0,0,0,0,38,0,0,0,5,4,35,1,1,2,1,2,3,11,15,1,1,1,13,"777777777777","777777777777","777777777777",0,0
49,490233,1,1,5,19,11,23,35,1,0,1,0,49,2,49,421,49421,15,1999,"JT3HT05J1X00","J","T","3","H","T","0","5","J","1","X","0","0",0,0,0,"000000000","00000000000",0,0,0,1,0,0,0,0,0,0,0,998,0,2,1,0,6,2,1,0,0,1,1,49,84020,1,2,0,0,2,0,64,95,98,0,0,0,0,0,0,0,0,3,36,0,0,0,2,3,40,4,2,2,1,0,0,14,9,99,1,2,98,"777777777777","777777777777","777777777777",2,0
49,490235,1,1,1,23,7,22,47,8,0,1,1,99,9,99,999,99999,99,9999,"999999999999","9","9","9","9","9","9","9","9","9","9","9","9",0,0,99,"999999999","99999999999",9,99,99,1,0,0,0,0,0,0,0,998,0,0,0,99,9,5,8,0,0,0,1,99,99999,9,9,99,9,9,9,999,999,99,99,99,99,99,99,9999,99,9999,0,0,0,0,0,3,4,60,1,1,1,1,40,3,1,80,99,9,9,13,"777777777777","777777777777","777777777777",0,0
49,490236,1,1,2,18,11,20,39,8,0,1,0,49,2,20,22,20022,4,2006,"1G1AK55F3678","1","G","1","A","K","5","5","F","3","6","7","8",0,0,0,"000000000","00000000000",0,0,0,1,0,0,0,0,0,0,0,45,0,0,0,12,4,3,8,0,0,0,1,49,84312,6,2,0,0,3,0,68,130,98,0,0,0,0,0,0,0,0,0,0,0,0,0,1,2,55,1,1,2,1,0,0,1,80,99,1,1,13,"777777777777","777777777777","777777777777",0,0
49,490237,1,2,2,25,11,19,19,12,6,1,0,49,2,49,32,49032,4,1997,"1NXBA02E1VZ6","1","N","X","B","A","0","2","E","1","V","Z","6",0,0,0,"000000000","00000000000",0,0,0,1,0,0,0,0,0,0,0,20,0,0,0,3,6,2,12,0,0,0,1,49,84041,6,2,0,0,3,0,71,189,98,0,0,0,0,0,0,0,0,0,38,0,0,0,5,5,45,1,1,2,1,0,0,11,15,1,1,1,68,"777777777777","777777777777","777777777777",1,0
49,490237,2,2,1,25,11,19,19,12,6,1,0,49,1,30,40,30040,4,2011,"3VWDZ7AJXBM3","3","V","W","D","Z","7","A","J","X","B","M","3",0,0,0,"000000000","00000000000",0,0,0,1,0,0,0,0,0,0,0,40,0,0,0,12,6,2,12,0,0,0,1,49,84037,6,1,0,0,3,0,65,230,98,0,0,2,0,2,2013,2,2015,0,0,0,0,0,5,5,45,1,1,2,1,0,0,1,62,1,1,1,69,"777777777777","777777777777","777777777777",0,0
49,490238,1,1,4,25,7,2,9,43,0,1,0,49,2,37,31,37031,4,2009,"1HGFA16809L0","1","H","G","F","A","1","6","8","0","9","L","0",0,0,0,"000000000","00000000000",0,0,0,1,0,0,0,0,0,0,0,90,0,1,5,12,6,2,1,0,0,0,1,49,84104,0,0,0,0,0,0,999,999,98,0,0,0,1,2,2014,2,2014,9,0,0,0,0,3,2,80,3,1,2,1,0,0,14,13,99,1,4,1,"777777777777","777777777777","777777777777",1,1
49,490239,1,3,2,12,11,17,15,12,6,1,0,49,1,37,32,37032,4,1998,"1HGCG5559WA2","1","H","G","C","G","5","5","5","9","W","A","2",0,0,0,"000000000","00000000000",0,0,0,1,0,0,0,0,0,0,0,998,0,0,0,3,6,2,12,0,0,0,1,6,84120,6,1,0,0,3,0,70,190,0,0,0,0,0,0,0,0,0,0,38,0,0,0,5,5,45,1,2,2,1,2,3,11,15,99,1,1,68,"777777777777","777777777777","777777777777",1,0
49,490239,2,3,3,12,11,17,15,12,6,1,0,49,2,13,401,13401,14,2003,"5LMEU78H73ZJ","5","L","M","E","U","7","8","H","7","3","Z","J",0,0,0,"000000000","00000000000",0,0,0,1,0,0,0,0,0,0,0,998,0,0,0,12,6,2,12,0,0,0,1,99,84081,9,9,99,9,9,9,999,999,99,99,99,99,99,99,9999,99,9999,0,0,0,0,0,5,5,45,1,2,2,1,2,3,1,66,7,1,2,69,"777777777777","777777777777","777777777777",0,0
49,490239,3,3,1,12,11,17,15,12,6,1,0,49,2,49,40,49040,4,2011,"4T1BF3EK0BU2","4","T","1","B","F","3","E","K","0","B","U","2",0,0,0,"000000000","00000000000",0,0,0,1,0,0,0,0,0,0,0,0,0,0,0,11,4,3,12,0,0,0,1,49,84118,3,1,0,0,2,0,63,146,98,0,0,0,0,0,0,0,0,0,0,0,0,0,5,5,45,1,2,2,1,2,3,5,60,1,1,1,98,"777777777777","777777777777","777777777777",0,0
49,490240,1,2,1,25,11,16,13,12,6,1,0,49,1,73,706,73706,80,2009,"JKAVN2C149A0","J","K","A","V","N","2","C","1","4","9","A","0",0,0,0,"000000000","00000000000",0,0,0,1,0,0,0,0,0,0,0,90,0,0,0,12,6,2,12,0,0,0,1,49,84057,6,1,0,0,3,2,71,220,98,7,0,3,6,7,2012,7,2016,3,36,74,0,0,5,5,50,1,2,2,1,0,0,1,62,99,1,1,69,"777777777777","777777777777","777777777777",1,0
49,490240,2,2,3,25,11,16,13,12,6,1,0,49,2,2,403,2403,14,1994,"1J4FY29S0RP4","1","J","4","F","Y","2","9","S","0","R","P","4",0,0,0,"000000000","00000000000",0,0,0,1,0,0,0,0,0,0,0,20,0,0,0,2,6,2,12,0,0,0,1,49,84606,1,1,0,0,2,0,72,150,98,1,0,0,0,7,2013,7,2013,0,0,0,0,0,5,5,50,1,2,2,1,0,0,11,66,99,1,1,68,"777777777777","777777777777","777777777777",0,0
49,490241,1,1,5,26,11,3,5,1,0,1,0,32,1,12,422,12422,15,2004,"1FMPU16W64LA","1","F","M","P","U","1","6","W","6","4","L","A",0,0,0,"000000000","00000000000",0,0,0,1,0,0,0,0,0,0,0,80,0,1,5,0,6,2,1,0,0,0,1,32,89883,6,1,0,0,3,0,72,150,0,0,0,0,0,0,0,0,0,0,58,0,0,0,2,2,80,1,2,2,1,0,0,1,12,7,1,5,6,"777777777777","777777777777","777777777777",2,1
49,490242,1,1,2,27,11,18,15,1,0,1,0,49,1,7,482,7482,31,2006,"3D7KS29CX6G1","3","D","7","K","S","2","9","C","X","6","G","1",0,0,0,"000000000","00000000000",0,0,0,1,0,0,0,0,0,0,0,998,0,1,5,0,6,2,1,0,0,0,1,49,84523,6,1,0,0,3,0,72,132,98,0,0,0,0,0,0,0,0,4,0,0,0,0,1,2,98,4,2,5,3,0,0,14,6,99,1,4,1,"777777777777","777777777777","777777777777",1,0
49,490243,1,3,1,29,11,12,18,12,7,1,0,49,2,2,404,2404,14,2001,"1J4GW58N71C5","1","J","4","G","W","5","8","N","7","1","C","5",0,0,0,"000000000","00000000000",0,0,0,1,0,0,0,0,0,0,0,20,0,0,0,1,2,3,12,0,0,0,1,49,84414,6,1,0,0,3,0,69,224,98,0,0,0,0,0,0,0,0,0,38,0,0,0,1,2,50,1,1,2,1,20,3,11,15,99,1,1,76,"777777777777","777777777777","777777777777",0,0
49,490243,2,3,1,29,11,12,18,12,7,1,0,49,1,53,402,53402,14,1994,"JS3TD03V2R41","J","S","3","T","D","0","3","V","2","R","4","1",0,0,0,"000000000","00000000000",0,0,0,1,0,0,0,0,0,0,0,50,0,1,1,8,6,2,1,0,0,0,1,49,84414,6,1,6,0,3,0,69,275,98,0,0,0,0,0,0,0,0,0,99,99,99,99,5,5,50,1,1,2,1,0,0,1,60,99,1,1,77,"777777777777","777777777777","777777777777",1,0
49,490243,3,3,1,29,11,12,18,12,7,1,0,49,1,55,33,55033,4,2010,"5NPET4AC8AH5","5","N","P","E","T","4","A","C","8","A","H","5",0,0,0,"000000000","00000000000",0,0,0,1,0,0,0,0,0,0,0,50,0,0,0,12,6,2,12,0,0,0,1,49,84414,6,1,0,0,3,3,64,185,98,0,0,2,0,3,2014,9,2014,0,0,0,0,0,5,5,50,1,1,2,1,0,0,1,62,99,1,1,98,"777777777777","777777777777","777777777777",0,0
49,490244,1,2,2,30,11,12,57,12,6,1,0,49,1,7,20,7020,4,2002,"1B3AS46C32D6","1","B","3","A","S","4","6","C","3","2","D","6",0,0,0,"000000000","00000000000",0,0,0,1,0,0,0,0,0,0,0,10,0,0,0,1,6,2,12,0,0,0,1,49,84014,6,1,0,0,3,0,72,194,98,0,0,0,0,0,0,0,0,0,39,0,0,0,5,3,30,1,1,1,1,20,3,1,17,99,1,1,87,"777777777777","777777777777","777777777777",1,0
49,490244,2,2,1,30,11,12,57,12,6,1,0,49,1,37,471,37471,30,2008,"2HJYK16568H5","2","H","J","Y","K","1","6","5","6","8","H","5",0,0,0,"000000000","00000000000",0,0,0,1,0,0,0,0,0,0,0,30,0,0,0,12,6,2,12,0,0,0,1,49,84010,6,1,0,0,3,3,72,198,98,0,0,0,0,0,0,0,0,0,0,0,0,0,5,3,30,1,1,1,1,20,3,1,66,99,1,1,86,"777777777777","777777777777","777777777777",0,0
49,490245,1,2,1,10,11,11,19,12,6,1,0,49,1,55,33,55033,4,2008,"5NPET46C58H3","5","N","P","E","T","4","6","C","5","8","H","3",0,0,0,"000000000","00000000000",0,0,0,1,0,0,0,0,0,0,0,30,0,0,0,10,6,2,12,0,0,0,1,49,84075,6,1,0,0,3,3,69,230,98,0,0,0,2,3,2014,11,2016,0,39,0,0,0,5,3,30,1,1,2,1,20,3,1,17,99,1,1,89,"777777777777","777777777777","777777777777",1,0
49,490245,2,2,1,10,11,11,19,12,6,1,0,49,1,12,481,12481,31,2008,"1FTSW21R78ED","1","F","T","S","W","2","1","R","7","8","E","D",0,0,0,"000000000","00000000000",0,0,0,1,0,0,0,0,0,0,0,30,0,1,1,12,6,2,1,0,0,0,1,49,84015,6,1,6,0,3,3,73,210,98,0,0,0,0,0,0,0,0,0,0,0,0,0,5,3,30,1,1,2,1,0,0,1,66,99,1,1,88,"777777777777","777777777777","777777777777",0,0
49,490246,1,3,3,18,11,17,40,12,6,1,0,49,1,7,442,7442,20,2014,"2C4RDGBG3ER2","2","C","4","R","D","G","B","G","3","E","R","2",0,0,0,"000000000","00000000000",0,0,0,1,0,0,0,0,0,0,0,15,0,0,0,3,6,2,12,0,0,0,1,49,84320,6,1,0,0,3,0,65,200,98,0,0,3,0,7,2014,4,2016,0,38,0,0,0,5,5,60,1,1,2,1,0,0,11,15,99,1,1,68,"777777777777","777777777777","777777777777",1,0
49,490246,2,3,2,18,11,17,40,12,6,1,0,16,1,54,35,54035,4,2008,"19UUA66248A0","1","9","U","U","A","6","6","2","4","8","A","0",0,0,0,"000000000","00000000000",0,0,0,1,0,0,0,0,0,0,0,65,0,0,0,12,6,2,12,0,0,0,1,49,84321,6,1,0,0,3,0,70,180,98,0,0,1,0,5,2013,5,2013,0,0,0,0,0,5,5,60,1,1,2,1,0,0,1,66,99,1,1,69,"777777777777","777777777777","777777777777",0,0
49,490246,3,3,1,18,11,17,40,12,6,1,0,49,1,20,39,20039,4,2008,"KL1TD56658B1","K","L","1","T","D","5","6","6","5","8","B","1",0,0,0,"000000000","00000000000",0,0,0,1,0,0,0,0,0,0,0,0,0,0,0,12,2,5,12,0,0,0,1,49,84320,6,1,0,0,3,3,68,165,98,0,0,2,0,8,2015,4,2016,0,0,0,0,0,5,3,45,1,1,2,1,20,3,5,66,99,1,1,98,"777777777777","777777777777","777777777777",0,0
49,490247,1,1,3,6,11,3,26,8,0,1,0,49,2,37,32,37032,4,1997,"1HGCD5602VA0","1","H","G","C","D","5","6","0","2","V","A","0",0,0,0,"000000000","00000000000",0,0,0,1,0,0,0,0,0,0,0,73,0,0,0,1,6,2,8,0,0,0,1,49,84119,0,0,0,0,0,0,999,999,99,99,99,99,99,99,9999,99,9999,9,8,37,0,0,2,5,40,1,1,2,1,2,3,15,81,1,1,1,13,"777777777777","777777777777","777777777777",0,0
49,490248,1,2,2,17,11,18,19,12,6,1,0,49,2,23,481,23481,31,2001,"1GTHK29191E2","1","G","T","H","K","2","9","1","9","1","E","2",1,1,0,"000000000","00000000000",0,0,0,1,0,0,0,0,0,0,0,60,0,0,0,12,6,2,12,0,0,0,1,49,84780,6,1,0,0,3,0,69,190,98,0,0,0,0,0,0,0,0,3,39,0,0,0,5,5,60,1,1,2,1,1,3,1,62,98,1,1,69,"999999999999","777777777777","777777777777",1,0