"STATE","ST_CASE","VEH_NO","VE_FORMS","NUMOCCS","DAY","MONTH","HOUR","MINUTE","HARM_EV","MAN_COLL","UNITTYPE","HIT_RUN","REG_STAT","OWNER","MAKE","MODEL","MAK_MOD","BODY_TYP","MOD_YEAR","VIN","VIN_1","VIN_2","VIN_3","VIN_4","VIN_5","VIN_6","VIN_7","VIN_8","VIN_9","VIN_10","VIN_11","VIN_12","TOW_VEH","J_KNIFE","MCARR_I1","MCARR_I2","MCARR_ID","GVWR","V_CONFIG","CARGO_BT","HAZ_INV","HAZ_PLAC","HAZ_ID","HAZ_CNO","HAZ_REL","BUS_USE","SPEC_USE","EMER_USE","TRAV_SP","UNDERIDE","ROLLOVER","ROLINLOC","IMPACT1","DEFORMED","TOWED","M_HARM","VEH_SC1","VEH_SC2","FIRE_EXP","DR_PRES","L_STATE","DR_ZIP","L_STATUS","L_TYPE","CDL_STAT","L_ENDORS","L_COMPL","L_RESTRI","DR_HGT","DR_WGT","PREV_ACC","PREV_SUS","PREV_DWI","PREV_SPD","PREV_OTH","FIRST_MO","FIRST_YR","LAST_MO","LAST_YR","SPEEDREL","DR_SF1","DR_SF2","DR_SF3","DR_SF4","VTRAFWAY","VNUM_LAN","VSPD_LIM","VALIGN","VPROFILE","VPAVETYP","VSURCOND","VTRAFCON","VTCONT_F","P_CRASH1","P_CRASH2","P_CRASH3","PCRASH4","PCRASH5","ACC_TYPE","TRLR1VIN","TRLR2VIN","TRLR3VIN","DEATHS","DR_DRINK"
49,490248,2,2,2,17,11,18,19,12,6,1,0,49,1,20,473,20473,30,2005,"1GCCS1386581","1","G","C","C","S","1","3","8","6","5","8","1",0,0,0,"000000000","00000000000",0,0,0,1,0,0,0,0,0,0,0,10,0,0,0,3,6,2,12,0,0,0,1,49,84737,6,1,0,0,3,0,67,199,98,0,0,0,0,0,0,0,0,0,0,0,0,0,2,3,55,1,1,2,1,1,3,11,15,99,1,1,68,"777777777777","777777777777","777777777777",0,0
49,490249,1,1,2,18,11,15,40,31,0,1,0,49,1,7,482,7482,31,2008,"3D3KS28A98G2","3","D","3","K","S","2","8","A","9","8","G","2",0,0,0,"000000000","00000000000",0,0,0,1,0,0,0,0,0,0,0,60,0,1,5,3,6,2,1,0,0,0,1,49,84721,6,1,0,0,3,0,75,245,98,0,0,0,0,0,0,0,0,0,58,0,0,0,1,2,55,4,2,2,1,0,0,14,13,99,1,5,1,"777777777777","777777777777","777777777777",1,1
49,490250,1,1,3,19,11,9,57,31,0,1,0,49,1,2,403,2403,14,2014,"1C4BJWEG4EL1","1","C","4","B","J","W","E","G","4","E","L","1",0,0,0,"000000000","00000000000",0,0,0,1,0,0,0,0,0,0,0,998,0,2,5,99,6,2,1,0,0,0,1,49,84060,1,1,0,0,2,3,69,155,98,0,0,0,0,0,0,0,0,0,58,0,0,0,3,2,80,4,1,2,1,0,0,14,12,7,1,5,1,"777777777777","777777777777","777777777777",1,0
49,490251,1,1,1,19,11,1,2,8,0,1,0,49,2,49,32,49032,4,2005,"1NXBR32E95Z5","1","N","X","B","R","3","2","E","9","5","Z","5",0,0,0,"000000000","00000000000",0,0,0,1,0,0,0,0,0,0,0,45,0,0,0,11,6,2,8,0,0,0,1,49,84067,6,2,0,0,3,0,67,128,98,0,0,0,0,0,0,0,0,0,0,0,0,0,2,6,45,1,1,2,1,2,3,1,80,99,1,1,13,"777777777777","777777777777","777777777777",0,0
49,490252,1,1,4,26,11,4,3,1,0,1,0,49,2,62,401,62401,14,2002,"SALTL154X2A7","S","A","L","T","L","1","5","4","X","2","A","7",0,0,0,"000000000","00000000000",0,0,0,1,0,0,0,0,0,0,0,90,0,1,1,0,6,2,1,0,0,0,1,49,84121,0,0,0,0,0,0,999,999,98,0,0,0,0,0,0,0,0,3,0,0,0,0,2,2,80,2,1,2,1,0,0,14,12,7,3,6,98,"777777777777","777777777777","777777777777",1,1
49,490253,1,2,2,13,12,15,14,12,6,1,0,49,1,20,481,20481,31,2003,"1GCHK23193F1","1","G","C","H","K","2","3","1","9","3","F","1",0,0,0,"000000000","00000000000",0,0,0,1,0,0,0,0,0,0,0,40,0,0,0,12,6,2,12,0,0,0,1,49,84117,6,2,0,0,3,0,69,245,98,0,0,0,2,7,2016,12,2016,0,39,0,0,0,5,5,40,1,1,2,1,2,3,1,66,99,1,1,69,"777777777777","777777777777","777777777777",0,0
49,490253,2,2,3,13,12,15,14,12,6,1,0,49,1,37,402,37402,14,2006,"JHLRD68596C0","J","H","L","R","D","6","8","5","9","6","C","0",0,0,0,"000000000","00000000000",0,0,0,1,0,0,0,0,0,0,0,5,0,0,0,3,6,2,12,0,0,0,1,49,84721,6,1,0,0,3,0,71,170,98,0,0,0,0,0,0,0,0,0,0,0,0,0,5,5,40,1,1,2,1,2,3,11,15,99,1,1,68,"777777777777","777777777777","777777777777",1,0
49,490254,1,1,2,17,12,17,3,1,0,1,0,49,2,21,21,21021,2,2004,"1G3NL12E44C1","1","G","3","N","L","1","2","E","4","4","C","1",0,0,0,"000000000","00000000000",0,0,0,1,0,0,0,0,0,0,0,100,0,1,1,0,6,2,1,0,0,0,1,49,84057,6,7,0,0,3,0,68,160,98,1,0,0,3,4,2013,4,2015,3,36,37,0,0,2,4,80,1,1,1,1,0,0,1,13,6,3,6,98,"777777777777","777777777777","777777777777",1,1
49,490255,1,1,1,11,11,14,30,1,0,1,0,99,9,99,999,99999,99,9999,"999999999999","9","9","9","9","9","9","9","9","9","9","9","9",0,0,0,"000000000","00000000000",0,0,0,1,0,0,0,0,0,0,0,998,0,1,9,0,6,2,1,0,0,0,1,49,84534,1,1,0,0,2,3,69,210,98,0,1,0,0,7,2015,7,2015,0,99,99,99,99,1,2,99,1,9,9,99,0,0,1,99,99,9,9,98,"777777777777","777777777777","777777777777",1,0
49,490256,1,2,1,18,11,6,41,8,0,1,0,49,2,23,472,23472,30,2006,"1GTCS1486683","1","G","T","C","S","1","4","8","6","6","8","3",0,0,0,"000000000","00000000000",0,0,0,1,0,0,0,0,0,0,0,70,0,0,0,3,2,5,8,0,0,0,1,49,84120,6,1,0,0,3,3,63,107,98,0,0,0,0,0,0,0,0,0,0,0,0,0,3,6,70,1,2,1,1,0,0,1,80,1,1,1,13,"777777777777","777777777777","777777777777",0,0
49,490256,2,2,1,18,11,6,41,8,0,1,0,49,2,42,42,42042,4,2009,"WDDGF81X79F2","W","D","D","G","F","8","1","X","7","9","F","2",0,0,0,"000000000","00000000000",0,0,0,1,0,0,0,0,0,0,0,65,0,0,0,12,4,5,8,0,0,0,1,49,84062,6,1,0,0,3,0,62,160,98,0,0,1,0,2,2014,2,2014,0,0,0,0,0,3,6,70,1,2,1,1,0,0,1,80,1,1,1,98,"777777777777","777777777777","777777777777",0,0
49,490257,1,2,1,20,11,1,51,12,2,1,0,49,2,2,405,2405,14,2005,"1J4GL58K95W7","1","J","4","G","L","5","8","K","9","5","W","7",0,0,0,"000000000","00000000000",0,0,0,1,0,0,0,0,0,0,0,70,0,0,0,12,6,2,12,0,0,0,1,49,84601,1,1,0,0,2,3,71,155,98,0,0,0,1,12,2013,12,2013,3,51,0,0,0,5,5,50,1,1,2,1,0,0,1,54,99,1,1,52,"777777777777","777777777777","777777777777",0,1
49,490257,2,2,1,20,11,1,51,12,2,1,0,6,1,20,37,20037,4,2007,"1G1ZT58N77F2","1","G","1","Z","T","5","8","N","7","7","F","2",0,0,0,"000000000","00000000000",0,0,0,1,0,0,0,0,0,0,0,50,0,0,0,12,6,2,12,0,0,0,1,98,84058,9,9,99,9,9,9,999,999,99,99,99,99,99,99,9999,99,9999,0,0,0,0,0,5,5,50,1,1,2,1,0,0,1,54,99,1,1,52,"777777777777","777777777777","777777777777",1,0
49,490258,1,1,1,6,12,7,0,8,0,1,0,49,1,7,422,7422,15,2015,"1C4SDJET8FC1","1","C","4","S","D","J","E","T","8","F","C","1",0,0,0,"000000000","00000000000",0,0,0,1,0,0,0,0,0,0,0,998,0,0,0,12,2,3,8,0,0,0,1,49,84123,6,1,0,0,3,0,70,250,98,0,0,0,0,0,0,0,0,0,0,0,0,0,3,4,98,1,1,2,1,0,0,1,80,7,1,1,13,"777777777777","777777777777","777777777777",0,0
49,490259,1,2,2,25,12,11,56,12,1,1,0,49,1,14,17,14017,4,2000,"1MEFM55S0YA6","1","M","E","F","M","5","5","S","0","Y","A","6",0,0,0,"000000000","00000000000",0,0,0,1,0,0,0,0,0,0,0,20,0,0,0,6,6,2,12,0,0,0,1,49,84067,6,1,0,0,3,0,69,240,98,0,0,0,0,0,0,0,0,4,58,0,0,0,1,2,98,1,1,2,3,0,0,1,6,99,4,2,32,"777777777777","777777777777","777777777777",1,0
49,490259,2,2,2,25,12,11,56,12,1,1,0,49,1,20,421,20421,15,2004,"1GNEK13Z24R2","1","G","N","E","K","1","3","Z","2","4","R","2",0,0,0,"000000000","00000000000",0,0,0,1,0,0,0,0,0,0,0,35,0,0,0,12,6,2,12,0,0,0,1,49,84041,6,1,0,0,3,0,69,200,98,5,0,0,8,6,2012,2,2014,0,0,0,0,0,1,2,98,1,1,2,3,0,0,1,62,99,1,1,32,"777777777777","777777777777","777777777777",0,0
49,490260,1,1,1,18,12,17,27,9,0,1,1,49,1,49,32,49032,4,2000,"1NXBR12E0YZ4","1","N","X","B","R","1","2","E","0","Y","Z","4",0,0,0,"000000000","00000000000",0,0,0,1,0,0,0,0,0,0,0,998,0,0,0,11,2,5,9,0,0,0,1,49,84660,6,1,0,0,3,0,70,185,98,0,0,0,6,2,2014,6,2016,0,86,0,0,0,1,2,98,1,1,2,1,0,0,1,83,1,1,1,13,"777777777777","777777777777","777777777777",0,0
49,490261,1,5,1,17,12,12,9,12,1,1,0,49,3,87,884,87884,66,2013,"1XP4DP9X8DD1","1","X","P","4","D","P","9","X","8","D","D","1",1,1,77,"777777777","77777777777",3,6,1,1,0,0,0,0,0,0,0,65,0,0,0,12,6,2,12,0,0,0,1,49,84032,6,1,7,3,3,0,80,500,98,0,0,0,2,6,2013,6,2015,4,26,0,0,0,3,2,65,3,2,2,4,0,0,14,6,16,1,1,24,"888888888888","777777777777","777777777777",0,0
49,490261,2,5,3,17,12,12,9,12,1,1,0,49,1,12,481,12481,31,2002,"1FTSW31F02ED","1","F","T","S","W","3","1","F","0","2","E","D",0,0,0,"000000000","00000000000",0,0,0,1,0,0,0,0,0,0,0,5,0,0,0,6,6,2,12,0,0,0,1,49,84771,6,1,0,0,3,0,72,220,98,0,0,0,0,0,0,0,0,0,0,0,0,0,3,2,65,3,2,2,4,0,0,2,53,99,1,1,25,"777777777777","777777777777","777777777777",0,0
49,490261,3,5,4,17,12,12,9,12,1,1,0,49,2,23,481,23481,31,2011,"3GTP2WE34BG2","3","G","T","P","2","W","E","3","4","B","G","2",0,0,0,"000000000","00000000000",0,0,0,1,0,0,0,0,0,0,0,50,0,0,0,7,2,5,12,0,0,0,1,49,84780,6,1,0,0,3,0,71,160,98,0,0,7,0,3,2012,5,2016,0,0,0,0,0,3,2,65,3,2,2,4,0,0,14,53,7,1,2,98,"777777777777","777777777777","777777777777",0,0
49,490261,4,5,2,17,12,12,9,12,1,1,0,49,2,30,40,30040,4,2000,"3VWRF29M6YM1","3","V","W","R","F","2","9","M","6","Y","M","1",0,0,0,"000000000","00000000000",0,0,0,1,0,0,0,0,0,0,0,0,0,0,0,6,6,2,12,0,0,0,1,49,84720,6,1,0,0,3,0,66,135,98,0,0,0,0,0,0,0,0,0,0,0,0,0,3,2,65,3,2,2,4,0,0,5,53,99,1,1,98,"777777777777","777777777777","777777777777",1,0
49,490261,5,5,1,17,12,12,9,12,1,1,0,49,3,87,884,87884,66,2017,"1XPBD49X5HD4","1","X","P","B","D","4","9","X","5","H","D","4",1,1,77,"777777777","77777777777",3,6,1,1,0,0,0,0,0,0,0,0,0,0,0,99,2,5,12,0,0,0,1,49,84070,6,1,6,3,3,0,70,255,98,0,0,0,0,0,0,0,0,0,0,0,0,0,3,2,65,3,2,2,4,0,0,5,53,99,1,1,98,"888888888888","777777777777","777777777777",0,0
49,490262,1,1,3,17,12,17,45,31,0,1,0,4,2,35,43,35043,4,2002,"3N1CB51D52L6","3","N","1","C","B","5","1","D","5","2","L","6",0,0,0,"000000000","00000000000",0,0,0,1,0,0,0,0,0,0,0,90,0,1,5,12,6,2,1,0,0,0,1,4,86033,0,0,0,0,0,0,69,188,0,0,0,0,0,0,0,0,0,3,58,0,0,0,1,2,65,2,2,2,1,0,0,14,13,6,1,4,6,"777777777777","777777777777","777777777777",1,1
49,490263,1,1,1,7,11,2,51,1,0,1,0,49,1,72,706,72706,80,2004,"1HD1CLP144K4","1","H","D","1","C","L","P","1","4","4","K","4",0,0,0,"000000000","00000000000",0,0,0,1,0,0,0,0,0,0,0,50,0,0,0,0,6,2,1,0,0,0,1,49,84770,6,1,0,0,3,0,71,165,98,0,0,0,0,0,0,0,0,4,0,0,0,0,5,5,35,3,1,2,1,0,0,14,6,99,5,2,98,"777777777777","777777777777","777777777777",1,1
49,490264,1,3,2,25,12,15,27,12,8,1,0,49,1,49,40,49040,4,2001,"4T1BG22K51U7","4","T","1","B","G","2","2","K","5","1","U","7",0,0,0,"000000000","00000000000",0,0,0,1,0,0,0,0,0,0,0,60,0,0,0,1,6,2,12,0,0,0,1,49,84074,6,1,0,0,3,0,70,400,98,0,0,0,0,0,0,0,0,4,0,0,0,0,1,5,60,1,1,2,10,0,0,98,6,99,5,2,66,"777777777777","777777777777","777777777777",1,0
49,490264,2,3,5,25,12,15,27,12,8,1,0,49,2,22,18,22018,2,1998,"1G2NE12MXWC7","1","G","2","N","E","1","2","M","X","W","C","7",0,0,0,"000000000","00000000000",0,0,0,1,0,0,0,0,0,0,0,50,0,0,0,1,6,2,12,0,0,0,1,49,84029,6,1,0,0,3,3,69,169,98,0,0,0,0,0,0,0,0,0,0,0,0,0,1,5,60,1,1,2,10,0,0,1,62,99,1,1,66,"777777777777","777777777777","777777777777",0,0
49,490264,3,3,1,25,12,15,27,12,8,1,0,49,1,6,54,6054,6,2004,"2C8GF68454R5","2","C","8","G","F","6","8","4","5","4","R","5",0,0,0,"000000000","00000000000",0,0,0,1,0,0,0,0,0,0,0,60,0,0,0,12,6,2,12,0,0,0,1,49,84044,6,1,0,0,3,0,73,630,98,0,0,0,0,0,0,0,0,0,0,0,0,0,1,5,60,1,1,2,10,0,0,2,50,99,1,1,98,"777777777777","777777777777","777777777777",0,0
49,490265,1,1,2,16,11,23,25,1,0,1,0,99,9,99,999,99999,99,9999,"999999999999","9","9","9","9","9","9","9","9","9","9","9","9",9,0,99,"999999999","99999999999",9,99,99,1,0,0,0,0,0,0,0,998,0,9,9,0,6,2,1,0,0,0,1,99,99999,9,9,99,9,9,9,999,999,99,99,99,99,99,99,9999,99,9999,9,99,99,99,99,1,2,98,9,9,2,99,0,0,99,9,99,9,9,98,"777777777777","777777777777","777777777777",1,0
49,490266,1,1,1,20,12,21,35,8,0,1,0,49,1,35,471,35471,30,1993,"1N6SD11S6PC4","1","N","6","S","D","1","1","S","6","P","C","4",0,0,0,"000000000","00000000000",0,0,0,1,0,0,0,0,0,0,0,45,0,0,0,12,4,3,8,0,0,0,1,49,84119,6,1,0,0,3,3,70,200,98,0,0,0,0,0,0,0,0,0,99,99,99,99,5,7,45,1,1,2,1,0,0,1,80,16,1,1,13,"777777777777","777777777777","777777777777",0,0
49,490267,1,1,1,25,12,0,6,31,0,1,0,49,1,12,481,12481,31,2006,"1FTWW31P16EB","1","F","T","W","W","3","1","P","1","6","E","B",0,0,0,"000000000","00000000000",0,0,0,1,0,0,0,0,0,0,0,60,0,0,0,9,6,2,31,0,0,0,1,49,84118,6,1,0,0,3,3,70,180,98,0,0,1,0,8,2012,8,2012,4,0,0,0,0,1,2,55,1,1,1,3,0,0,1,6,99,9,4,6,"777777777777","777777777777","777777777777",1,0
49,490268,1,2,1,31,12,13,49,12,6,1,0,49,1,49,40,49040,4,2005,"4T1BF30K65U1","4","T","1","B","F","3","0","K","6","5","U","1",0,0,0,"000000000","00000000000",0,0,0,1,0,0,0,0,0,0,0,5,0,0,0,1,6,2,12,0,0,0,1,49,84532,6,1,0,0,3,0,66,158,98,0,0,0,1,4,2012,4,2012,0,38,0,0,0,5,5,40,1,1,2,1,0,0,11,15,99,1,1,68,"777777777777","777777777777","777777777777",1,0
49,490268,2,2,1,31,12,13,49,12,6,1,0,49,1,12,402,12402,14,2015,"1FMCU9J92FUB","1","F","M","C","U","9","J","9","2","F","U","B",0,0,0,"000000000","00000000000",0,0,0,1,0,0,0,0,0,0,0,35,0,0,0,12,6,2,12,0,0,0,1,49,84041,6,1,0,0,3,3,66,200,98,0,0,1,1,1,2012,10,2016,0,0,0,0,0,5,5,40,1,1,2,1,0,0,1,66,99,1,1,69,"777777777777","777777777777","777777777777",0,0
50,500001,1,1,1,13,1,7,20,1,0,1,0,33,1,49,402,49402,14,1998,"JT3YP10V3W01","J","T","3","Y","P","1","0","V","3","W","0","1",0,0,0,"000000000","00000000000",0,0,0,1,0,0,0,0,0,0,0,998,0,2,5,0,6,2,1,0,0,0,1,33,3574,6,1,0,0,3,0,60,180,0,0,0,1,0,12,2015,12,2015,4,0,0,0,0,1,3,50,2,6,2,3,0,0,14,6,1,3,4,2,"777777777777","777777777777","777777777777",1,0
50,500002,1,2,1,20,1,15,15,12,2,1,0,36,1,49,402,49402,14,2014,"2T3BFREVXEW2","2","T","3","B","F","R","E","V","X","E","W","2",0,0,0,"000000000","00000000000",0,0,0,1,0,0,0,0,0,0,0,51,0,0,0,12,6,2,12,0,0,0,1,36,12883,6,1,0,0,3,3,61,999,0,0,0,2,1,10,2011,11,2015,0,28,0,0,0,1,2,50,2,6,2,1,0,0,14,10,1,1,2,50,"777777777777","777777777777","777777777777",0,0
50,500002,2,2,2,20,1,15,15,12,2,1,0,50,1,22,32,22032,6,2004,"5Y2SL628X4Z4","5","Y","2","S","L","6","2","8","X","4","Z","4",0,0,0,"000000000","00000000000",0,0,0,1,0,0,0,0,0,0,0,45,0,0,0,12,6,2,12,0,0,0,1,50,5770,6,1,0,0,3,0,69,270,0,0,0,0,0,0,0,0,0,0,0,0,0,0,1,2,50,3,5,2,1,0,0,14,62,1,1,1,51,"777777777777","777777777777","777777777777",1,0
50,500003,1,1,2,24,1,2,19,18,0,1,0,25,1,48,401,48401,14,2008,"JF1SG666X8G7","J","F","1","S","G","6","6","6","X","8","G","7",0,0,0,"000000000","00000000000",0,0,0,1,0,0,0,0,0,0,0,998,0,0,0,12,6,2,42,0,0,0,1,25,1451,6,1,0,0,3,0,69,999,1,3,1,3,1,5,2011,5,2013,4,0,0,0,0,1,2,50,2,1,2,1,0,0,14,12,1,1,4,6,"777777777777","777777777777","777777777777",1,1
50,500004,1,1,1,8,2,6,11,1,0,1,0,50,2,41,51,41051,4,2009,"JM1BK32G8912","J","M","1","B","K","3","2","G","8","9","1","2",0,0,0,"000000000","00000000000",0,0,0,1,0,0,0,0,0,0,0,998,0,2,3,0,6,2,1,0,0,0,1,50,5829,6,1,0,0,3,3,61,130,2,0,0,1,1,4,2012,10,2015,5,58,0,0,0,3,2,65,1,6,2,1,0,0,1,12,7,1,4,6,"777777777777","777777777777","777777777777",1,0
50,500005,1,1,2,12,2,23,57,30,0,1,0,50,1,12,402,12402,14,2006,"1FMYU93136KB","1","F","M","Y","U","9","3","1","3","6","K","B",0,0,0,"000000000","00000000000",0,0,0,1,0,0,0,0,0,0,0,998,0,2,5,3,6,2,30,0,0,0,1,50,5655,6,1,0,0,3,0,64,170,0,1,0,0,1,4,2014,5,2014,4,0,0,0,0,1,2,40,1,1,2,1,0,0,1,13,1,1,4,1,"777777777777","777777777777","777777777777",1,1
50,500006,1,1,1,5,3,4,15,42,0,1,0,50,1,48,34,48034,4,1998,"4S3BD4359W72","4","S","3","B","D","4","3","5","9","W","7","2",0,0,0,"000000000","00000000000",0,0,0,1,0,0,0,0,0,0,0,998,0,0,0,10,6,2,42,0,0,0,1,50,5824,1,1,0,0,2,0,65,165,0,3,0,0,10,3,2012,1,2016,0,0,0,0,0,1,2,40,3,3,2,1,0,0,14,12,1,1,4,6,"777777777777","777777777777","777777777777",1,1
50,500007,1,1,1,6,3,6,33,42,0,1,0,50,1,48,38,48038,6,2014,"JF1GPAA67E93","J","F","1","G","P","A","A","6","7","E","9","3",0,0,0,"000000000","00000000000",0,0,0,1,0,0,0,0,0,0,0,998,0,1,5,98,6,2,1,0,0,0,1,50,5143,6,1,0,0,3,0,64,115,0,0,0,0,0,0,0,0,0,3,0,0,0,0,1,2,35,3,1,2,1,0,0,14,13,1,1,4,1,"777777777777","777777777777","777777777777",1,1
50,500008,1,2,1,7,3,13,33,12,6,1,0,25,1,48,44,48044,10,2003,"4S4BT61C6361","4","S","4","B","T","6","1","C","6","3","6","1",0,0,0,"000000000","00000000000",0,0,0,1,0,0,0,0,0,0,0,998,0,0,0,3,6,2,12,0,0,0,1,25,2145,6,1,0,0,3,3,66,999,0,0,0,1,0,6,2014,6,2014,4,28,0,0,0,1,2,50,3,6,2,2,0,0,14,5,1,4,2,64,"777777777777","777777777777","777777777777",1,0
50,500008,2,2,1,7,3,13,33,12,6,1,0,50,3,82,881,82881,64,2007,"1FVHALAV47DX","1","F","V","H","A","L","A","V","4","7","D","X",0,0,57,"1518892","571518892",3,2,4,1,0,0,0,0,0,0,0,998,0,0,0,12,2,5,12,0,0,0,1,50,5656,6,1,6,0,3,0,69,200,1,0,0,0,0,11,2012,11,2012,0,0,0,0,0,1,2,50,2,5,2,2,0,0,14,62,7,1,1,65,"777777777777","777777777777","777777777777",0,0
50,500009,1,1,1,11,3,8,26,8,0,1,0,50,3,12,881,12881,62,2015,"3FRWF7FJ9FV5","3","F","R","W","F","7","F","J","9","F","V","5",0,0,57,"863382","57863382",2,1,96,1,0,0,0,0,0,0,0,998,0,0,0,6,0,3,8,0,0,0,1,50,5468,6,1,0,0,3,0,66,160,1,0,0,1,0,2,2015,1,2016,0,0,0,0,0,1,2,50,1,6,2,2,0,0,13,80,1,1,5,92,"777777777777","777777777777","777777777777",0,0
50,500010,1,1,1,16,3,16,55,42,0,1,0,50,1,20,37,20037,4,2008,"1G1ZG57B68F2","1","G","1","Z","G","5","7","B","6","8","F","2",0,0,0,"000000000","00000000000",0,0,0,1,0,0,0,0,0,0,0,998,0,0,0,98,6,2,42,0,0,0,1,50,5446,6,1,0,0,3,0,74,171,0,0,0,0,0,0,0,0,0,0,0,0,0,0,1,2,55,1,1,2,1,0,0,1,12,1,1,4,6,"777777777777","777777777777","777777777777",1,0
50,500011,1,1,3,19,3,4,7,1,0,1,0,50,2,47,35,47035,4,2006,"YS3FD45Y7610","Y","S","3","F","D","4","5","Y","7","6","1","0",0,0,0,"000000000","00000000000",0,0,0,1,0,0,0,0,0,0,0,998,0,2,5,0,6,2,42,0,0,0,1,50,5735,6,1,0,0,3,0,68,150,0,0,0,2,4,2,2012,7,2015,3,0,0,0,0,1,2,35,2,1,2,1,0,0,14,12,1,1,4,6,"777777777777","777777777777","777777777777",3,1
50,500012,1,2,1,1,4,11,44,12,2,1,0,50,2,7,20,7020,4,2002,"1B3ES56CX2D5","1","B","3","E","S","5","6","C","X","2","D","5",0,0,0,"000000000","00000000000",0,0,0,1,0,0,0,0,0,0,0,998,0,0,0,12,6,2,12,0,0,0,1,50,5253,1,1,0,0,2,0,63,115,0,4,4,0,2,8,2014,3,2016,0,28,36,0,0,2,2,40,1,1,2,2,0,0,1,10,1,1,6,50,"777777777777","777777777777","777777777777",0,1
50,500012,2,2,1,1,4,11,44,12,2,1,0,50,1,24,1,24001,4,1998,"1G8ZK5273WZ1","1","G","8","Z","K","5","2","7","3","W","Z","1",0,0,0,"000000000","00000000000",0,0,0,1,0,0,0,0,0,0,0,998,0,0,0,12,6,2,12,0,0,0,1,50,5255,6,1,0,0,3,0,63,130,0,0,0,0,0,0,0,0,0,0,0,0,0,0,2,2,40,1,1,2,2,0,0,1,62,7,1,1,51,"777777777777","777777777777","777777777777",1,0
50,500013,1,1,4,9,4,22,0,8,0,1,0,36,1,37,402,37402,14,2010,"5J6RE4H37AL0","5","J","6","R","E","4","H","3","7","A","L","0",0,0,0,"000000000","00000000000",0,0,0,1,0,0,0,0,0,0,0,998,0,0,0,12,6,2,8,0,0,0,1,36,12918,6,1,0,0,3,0,65,999,1,0,0,0,0,8,2014,8,2014,0,0,0,0,0,1,2,55,1,1,2,1,0,0,1,80,1,1,1,13,"777777777777","777777777777","777777777777",0,0
50,500014,1,1,1,10,4,4,15,24,0,1,0,50,1,49,50,49050,3,2007,"JTKDE1775701","J","T","K","D","E","1","7","7","5","7","0","1",0,0,0,"000000000","00000000000",0,0,0,1,0,0,0,0,0,0,0,998,0,0,0,12,6,2,24,0,0,0,1,50,5077,6,1,0,0,3,0,69,120,0,0,0,0,0,0,0,0,0,3,0,0,0,0,3,2,65,1,1,2,1,0,0,1,12,1,1,4,6,"777777777777","777777777777","777777777777",1,1
50,500015,1,1,1,22,4,20,23,8,0,1,1,50,2,20,481,20481,31,1996,"1GCHK33J9TF0","1","G","C","H","K","3","3","J","9","T","F","0",0,0,0,"000000000","00000000000",0,0,0,1,0,0,0,0,0,0,0,998,0,0,0,12,6,2,8,0,0,0,1,50,5757,1,1,0,0,2,0,72,175,1,3,2,0,5,8,2011,2,2012,4,36,0,0,0,1,2,35,1,6,4,1,0,0,1,80,1,1,1,13,"777777777777","777777777777","777777777777",0,0
50,500016,1,1,1,24,4,15,0,1,0,1,0,50,1,37,709,37709,80,1972,"SL350E301840","S","L","3","5","0","E","3","0","1","8","4","0",0,0,0,"000000000","00000000000",0,0,0,1,0,0,0,0,0,0,0,998,0,0,0,0,6,2,1,0,0,0,1,50,5440,6,1,0,0,3,0,66,175,0,0,0,2,1,3,2012,12,2014,0,0,0,0,0,1,2,50,3,1,2,1,0,0,14,13,1,1,4,1,"777777777777","777777777777","777777777777",1,0
50,500017,1,3,1,26,4,15,29,12,1,1,0,33,3,82,881,82881,64,2005,"1FVHCYDC55HN","1","F","V","H","C","Y","D","C","5","5","H","N",0,0,57,"219461","57219461",3,2,3,1,0,0,0,0,0,0,0,998,0,0,0,12,6,2,12,0,0,0,1,33,3470,6,1,6,0,3,0,70,175,0,0,0,0,0,0,0,0,0,0,0,0,0,0,1,2,50,1,1,2,2,0,0,1,52,9,2,1,24,"777777777777","777777777777","777777777777",0,0
50,500017,2,3,1,26,4,15,29,12,1,1,0,33,1,20,421,20421,15,2002,"1GNEK13Z52R2","1","G","N","E","K","1","3","Z","5","2","R","2",0,0,0,"000000000","00000000000",0,0,0,1,0,0,0,0,0,0,0,998,0,0,0,6,6,2,12,0,0,0,1,33,3470,6,1,0,0,3,0,74,185,0,0,0,0,0,0,0,0,0,0,0,0,0,0,1,2,50,1,1,2,2,0,0,2,53,1,1,1,25,"777777777777","777777777777","777777777777",0,0
50,500017,3,3,2,26,4,15,29,12,1,1,0,50,1,13,5,13005,4,2002,"1LNHM97V62Y6","1","L","N","H","M","9","7","V","6","2","Y","6",0,0,0,"000000000","00000000000",0,0,0,1,0,0,0,0,0,0,0,998,0,0,0,12,6,2,12,0,0,0,1,50,5345,0,0,0,0,0,0,999,999,0,0,0,0,0,0,0,0,0,0,0,0,0,0,1,2,50,1,1,2,2,0,0,1,62,1,1,1,98,"777777777777","777777777777","777777777777",1,0
50,500018,1,2,1,11,5,13,29,12,6,1,0,50,1,71,706,71706,80,2007,"ZDM1XBEW77B0","Z","D","M","1","X","B","E","W","7","7","B","0",0,0,0,"000000000","00000000000",0,0,0,1,0,0,0,0,0,0,0,998,0,0,0,12,6,2,12,0,0,0,1,50,5667,6,1,0,0,3,3,69,190,0,0,0,0,0,0,0,0,0,4,35,36,0,0,1,2,50,1,1,2,1,0,0,6,60,15,2,1,73,"777777777777","777777777777","777777777777",1,0