"STATE","ST_CASE","VEH_NO","VE_FORMS","NUMOCCS","DAY","MONTH","HOUR","MINUTE","HARM_EV","MAN_COLL","UNITTYPE","HIT_RUN","REG_STAT","OWNER","MAKE","MODEL","MAK_MOD","BODY_TYP","MOD_YEAR","VIN","VIN_1","VIN_2","VIN_3","VIN_4","VIN_5","VIN_6","VIN_7","VIN_8","VIN_9","VIN_10","VIN_11","VIN_12","TOW_VEH","J_KNIFE","MCARR_I1","MCARR_I2","MCARR_ID","GVWR","V_CONFIG","CARGO_BT","HAZ_INV","HAZ_PLAC","HAZ_ID","HAZ_CNO","HAZ_REL","BUS_USE","SPEC_USE","EMER_USE","TRAV_SP","UNDERIDE","ROLLOVER","ROLINLOC","IMPACT1","DEFORMED","TOWED","M_HARM","VEH_SC1","VEH_SC2","FIRE_EXP","DR_PRES","L_STATE","DR_ZIP","L_STATUS","L_TYPE","CDL_STAT","L_ENDORS","L_COMPL","L_RESTRI","DR_HGT","DR_WGT","PREV_ACC","PREV_SUS","PREV_DWI","PREV_SPD","PREV_OTH","FIRST_MO","FIRST_YR","LAST_MO","LAST_YR","SPEEDREL","DR_SF1","DR_SF2","DR_SF3","DR_SF4","VTRAFWAY","VNUM_LAN","VSPD_LIM","VALIGN","VPROFILE","VPAVETYP","VSURCOND","VTRAFCON","VTCONT_F","P_CRASH1","P_CRASH2","P_CRASH3","PCRASH4","PCRASH5","ACC_TYPE","TRLR1VIN","TRLR2VIN","TRLR3VIN","DEATHS","DR_DRINK"
51,510114,1,1,1,18,2,6,30,5,0,1,0,51,2,20,461,20461,21,1994,"1GCEG25K3RF1","1","G","C","E","G","2","5","K","3","R","F","1",0,0,0,"000000000","00000000000",0,0,0,1,0,0,0,0,0,0,0,998,0,0,0,0,8,2,5,0,0,0,1,51,23321,6,1,0,0,3,0,75,350,0,0,0,1,0,9,2011,9,2011,0,0,0,0,0,3,3,60,1,1,2,1,0,0,1,3,99,1,3,0,"777777777777","777777777777","777777777777",1,0
51,510115,1,2,2,7,3,10,19,12,8,1,0,51,1,49,32,49032,4,2016,"2T1BURHE5GC4","2","T","1","B","U","R","H","E","5","G","C","4",0,0,0,"000000000","00000000000",0,0,0,1,0,0,0,0,0,0,0,998,0,0,0,11,6,2,42,0,0,0,1,51,23061,6,1,0,0,3,0,66,167,0,0,0,0,0,0,0,0,0,0,28,0,0,0,1,2,45,1,2,2,1,0,0,1,10,1,1,2,64,"777777777777","777777777777","777777777777",1,0
51,510115,2,2,1,7,3,10,19,12,8,1,0,51,1,12,461,12461,21,2003,"1FDRE14W73HB","1","F","D","R","E","1","4","W","7","3","H","B",0,0,0,"000000000","00000000000",0,0,0,1,0,0,0,0,0,0,0,35,0,0,0,8,2,8,12,0,0,0,1,51,23061,6,1,0,0,3,0,66,170,0,0,0,0,0,0,0,0,0,0,0,0,0,0,1,2,45,1,2,2,1,0,0,1,62,1,1,1,65,"777777777777","777777777777","777777777777",0,0
51,510116,1,1,3,7,3,8,14,53,0,1,0,51,1,21,17,21017,2,1996,"1G3AJ55M5T63","1","G","3","A","J","5","5","M","5","T","6","3",0,0,0,"000000000","00000000000",0,0,0,1,0,0,0,0,0,0,0,50,0,0,0,12,6,2,42,0,0,0,1,51,22511,6,1,0,0,3,0,73,180,0,0,0,0,0,0,0,0,0,0,0,0,0,0,2,2,55,1,1,2,1,0,0,1,13,99,1,4,1,"777777777777","777777777777","777777777777",3,0
51,510117,1,1,1,12,3,8,0,42,0,1,0,51,1,48,34,48034,5,1993,"4S3BJ6339P99","4","S","3","B","J","6","3","3","9","P","9","9",0,0,0,"000000000","00000000000",0,0,0,1,0,0,0,0,0,0,0,83,0,0,0,12,6,2,42,0,0,0,1,51,23113,6,1,0,0,3,0,73,181,0,0,0,0,0,0,0,0,0,3,0,0,0,0,1,2,35,1,1,2,1,0,0,1,13,1,1,4,1,"777777777777","777777777777","777777777777",1,0
51,510118,1,1,2,17,3,21,10,1,0,1,0,0,0,98,739,98739,90,2014,"999999999999","9","9","9","9","9","9","9","9","9","9","9","9",0,0,0,"000000000","00000000000",0,0,0,1,0,0,0,0,0,0,0,50,0,2,5,0,6,2,1,0,0,0,1,51,24503,6,1,0,0,1,0,71,165,1,0,0,0,0,2,2016,2,2016,3,58,0,0,0,1,2,35,3,2,2,1,0,0,14,12,15,7,4,7,"777777777777","777777777777","777777777777",1,1
51,510119,1,1,1,24,3,4,15,35,0,1,0,51,2,12,3,12003,1,2001,"1FAFP45X21F1","1","F","A","F","P","4","5","X","2","1","F","1",0,0,0,"000000000","00000000000",0,0,0,1,0,0,0,0,0,0,0,55,0,1,6,11,6,2,1,0,0,0,1,51,24067,6,1,6,0,3,0,70,220,0,0,0,2,0,9,2011,9,2011,0,0,0,0,0,1,2,55,2,2,2,1,0,0,14,9,16,2,4,7,"777777777777","777777777777","777777777777",1,0
51,510120,1,1,1,23,3,20,15,8,0,1,0,51,1,12,471,12471,31,1990,"1FTCR10A0LUB","1","F","T","C","R","1","0","A","0","L","U","B",0,0,0,"000000000","00000000000",0,0,0,1,0,0,0,0,0,0,0,35,0,0,0,12,8,8,8,0,0,0,1,51,23487,6,1,4,0,3,3,62,150,0,0,0,0,0,0,0,0,0,0,0,0,0,0,1,2,35,1,1,2,1,0,0,1,80,1,1,1,13,"777777777777","777777777777","777777777777",0,0
51,510121,1,1,1,26,3,15,20,46,0,1,0,51,1,20,421,20421,15,2000,"1GNEK13T6YJ1","1","G","N","E","K","1","3","T","6","Y","J","1",0,0,0,"000000000","00000000000",0,0,0,1,0,0,0,0,0,0,0,45,0,0,0,12,6,2,46,0,0,0,1,51,24401,6,1,0,0,3,0,67,185,0,0,0,0,0,0,0,0,0,0,0,0,0,0,1,4,45,1,1,2,1,3,3,1,13,99,1,4,1,"777777777777","777777777777","777777777777",1,0
51,510122,1,2,1,25,3,13,31,12,2,1,0,51,1,2,404,2404,14,2015,"1C4PJMDS4FW6","1","C","4","P","J","M","D","S","4","F","W","6",0,0,0,"000000000","00000000000",0,0,0,1,0,0,0,0,0,0,0,45,0,0,0,12,6,2,12,0,0,0,1,51,24343,6,1,0,0,3,0,64,138,1,0,0,3,1,9,2012,8,2015,0,51,0,0,0,1,2,55,1,2,2,1,0,0,1,10,99,1,2,50,"777777777777","777777777777","777777777777",0,1
51,510122,2,2,1,25,3,13,31,12,2,1,0,51,1,12,17,12017,4,2000,"1FAFP55S6YA2","1","F","A","F","P","5","5","S","6","Y","A","2",0,0,0,"000000000","00000000000",0,0,0,1,0,0,0,0,0,0,0,45,0,0,0,12,6,2,12,0,0,0,1,51,24120,6,1,0,0,3,0,65,162,0,0,0,0,0,0,0,0,0,0,0,0,0,0,1,2,55,1,2,2,1,0,0,1,62,99,1,1,51,"777777777777","777777777777","777777777777",1,0
51,510123,1,1,1,25,3,23,14,8,0,1,0,51,1,18,3,18003,4,1999,"1G4CW52K2X46","1","G","4","C","W","5","2","K","2","X","4","6",0,0,0,"000000000","00000000000",0,0,0,1,0,0,0,0,0,0,0,37,0,0,0,12,6,2,8,0,0,0,1,51,24549,6,1,0,0,3,0,68,215,3,0,0,0,2,7,2013,3,2015,0,0,0,0,0,1,2,45,1,1,2,1,0,0,1,80,1,1,1,13,"777777777777","777777777777","777777777777",0,0
51,510124,1,2,1,22,3,16,28,12,2,1,0,51,1,58,401,58401,14,1997,"JNRAR05Y1VW0","J","N","R","A","R","0","5","Y","1","V","W","0",0,0,0,"000000000","00000000000",0,0,0,1,0,0,0,0,0,0,0,45,0,0,0,12,6,2,12,0,0,0,1,51,22191,6,1,0,0,3,0,67,140,0,0,0,0,0,0,0,0,0,0,28,0,0,0,2,2,25,3,2,2,1,0,0,14,10,16,4,3,50,"777777777777","777777777777","777777777777",1,1
51,510124,2,2,1,22,3,16,28,12,2,1,0,51,1,24,401,24401,14,2006,"5GZCZ53446S8","5","G","Z","C","Z","5","3","4","4","6","S","8",0,0,0,"000000000","00000000000",0,0,0,1,0,0,0,0,0,0,0,35,0,0,0,12,6,2,12,0,0,0,1,51,22193,6,1,0,0,3,3,75,185,0,0,0,2,1,6,2012,9,2015,3,0,0,0,0,2,2,25,2,2,2,1,0,0,14,62,16,1,1,51,"777777777777","777777777777","777777777777",0,1
51,510125,1,2,1,24,3,12,18,8,0,1,0,51,2,12,23,12023,4,2013,"3FA6P0HR2DR1","3","F","A","6","P","0","H","R","2","D","R","1",0,0,0,"000000000","00000000000",0,0,0,1,0,0,0,0,0,0,0,45,0,0,0,11,6,2,8,0,0,0,1,51,22642,6,1,0,0,3,0,76,320,0,0,0,0,1,5,2012,5,2012,0,39,0,0,0,1,2,45,1,1,2,1,50,3,1,80,7,1,1,13,"777777777777","777777777777","777777777777",0,0
51,510125,2,2,1,24,3,12,18,8,0,1,0,4,1,42,42,42042,4,2014,"WDDGF4HB2EA9","W","D","D","G","F","4","H","B","2","E","A","9",0,0,0,"000000000","00000000000",0,0,0,1,0,0,0,0,0,0,0,25,0,0,0,11,6,2,54,0,0,0,1,4,85250,6,1,0,0,3,0,67,140,0,0,0,0,0,0,0,0,0,0,0,0,0,0,1,2,45,1,1,2,1,0,0,1,80,1,1,1,98,"777777777777","777777777777","777777777777",0,0
51,510126,1,2,1,24,3,17,29,12,2,1,0,51,2,72,706,72706,80,1997,"1HD1GDL13VY3","1","H","D","1","G","D","L","1","3","V","Y","3",0,0,0,"000000000","00000000000",0,0,0,1,0,0,0,0,0,0,0,70,0,0,0,12,6,2,12,0,0,0,1,51,20169,6,1,0,0,2,0,65,135,0,0,0,0,0,0,0,0,0,3,0,0,0,0,2,2,45,2,1,2,1,0,0,14,6,16,2,2,50,"777777777777","777777777777","777777777777",1,0
51,510126,2,2,1,24,3,17,29,12,2,1,0,51,3,20,461,20461,21,2009,"1GCGG25C9911","1","G","C","G","G","2","5","C","9","9","1","1",0,0,0,"000000000","00000000000",0,0,0,1,0,0,0,0,0,0,0,35,0,0,0,12,6,2,12,0,0,0,1,51,20186,6,1,0,0,3,0,73,260,1,2,0,1,1,3,2014,9,2015,0,0,0,0,0,2,2,45,3,1,2,1,0,0,14,62,9,1,3,51,"777777777777","777777777777","777777777777",0,0
51,510127,1,2,1,2,3,14,1,12,6,1,0,51,1,49,44,49044,2,2008,"4T1FA38P78U1","4","T","1","F","A","3","8","P","7","8","U","1",0,0,0,"000000000","00000000000",0,0,0,1,0,0,0,0,0,0,0,25,0,0,0,10,6,2,12,0,0,0,1,51,22304,6,1,0,0,3,0,70,215,0,0,0,0,0,0,0,0,0,0,38,39,0,0,1,2,25,1,1,2,1,20,3,1,17,1,1,1,89,"777777777777","777777777777","777777777777",1,0
51,510127,2,2,1,2,3,14,1,12,6,1,0,51,1,85,884,85884,66,2005,"1XKDDU9XX5J0","1","X","K","D","D","U","9","X","X","5","J","0",1,1,57,"1462692","571462692",3,6,8,1,0,0,0,0,0,0,0,35,0,0,0,12,8,8,12,0,0,0,1,51,22193,6,1,6,0,3,0,70,190,0,1,0,0,2,5,2013,9,2013,0,0,0,0,0,1,2,35,1,1,2,1,0,0,1,66,16,1,1,88,"888888888888","777777777777","777777777777",0,0
51,510128,1,1,3,29,3,17,48,42,0,1,0,51,2,7,27,7027,6,2010,"3D4PG5FV6AT1","3","D","4","P","G","5","F","V","6","A","T","1",0,0,0,"000000000","00000000000",0,0,0,1,0,0,0,0,0,0,0,100,0,0,0,1,6,2,42,0,0,0,1,51,22546,1,1,0,0,2,0,73,195,0,1,0,2,0,8,2013,4,2015,3,37,0,0,0,2,4,60,3,1,2,1,0,0,14,13,16,1,4,1,"777777777777","777777777777","777777777777",1,1
51,510129,1,1,1,4,1,20,30,8,0,1,0,51,1,49,32,49032,4,2012,"4T1BD1FK7CU0","4","T","1","B","D","1","F","K","7","C","U","0",0,0,0,"000000000","00000000000",0,0,0,1,0,0,0,0,0,0,0,55,0,0,0,12,6,2,8,0,0,0,1,51,22554,6,1,0,0,3,0,72,233,0,0,0,2,1,2,2014,7,2014,0,0,0,0,0,3,5,55,1,1,2,1,0,0,1,80,99,1,1,13,"777777777777","777777777777","777777777777",0,0
51,510130,1,1,1,24,2,18,7,8,0,1,0,51,1,12,481,12481,31,2012,"1FD8X3E6XCEB","1","F","D","8","X","3","E","6","X","C","E","B",0,0,0,"000000000","00000000000",0,0,0,1,0,0,0,0,0,0,0,40,0,0,0,1,0,5,8,0,0,0,1,51,23111,6,1,0,0,3,0,66,200,1,0,0,0,0,12,2012,12,2012,0,0,0,0,0,3,2,35,1,1,2,2,0,0,1,80,99,1,1,13,"777777777777","777777777777","777777777777",0,0
51,510131,1,1,1,26,3,20,46,30,0,1,0,42,2,53,706,53706,80,2000,"JS1GR7HA5Y21","J","S","1","G","R","7","H","A","5","Y","2","1",0,0,0,"000000000","00000000000",0,0,0,1,0,0,0,0,0,0,0,100,0,0,0,12,6,2,30,0,0,0,1,51,24211,2,1,0,0,2,0,71,165,0,1,0,0,0,1,2014,1,2014,3,0,0,0,0,1,2,55,3,2,2,1,0,0,14,6,5,2,4,2,"777777777777","777777777777","777777777777",1,0
51,510132,1,3,1,29,2,13,41,30,0,1,0,51,1,49,402,49402,14,2012,"2T3BF4DV5CW2","2","T","3","B","F","4","D","V","5","C","W","2",0,0,0,"000000000","00000000000",0,0,0,1,0,0,0,0,0,0,0,37,0,0,0,12,6,2,12,0,0,0,1,51,22554,6,1,0,0,3,0,60,165,0,0,0,0,0,0,0,0,0,3,0,0,0,0,3,3,25,1,1,2,1,3,3,1,12,5,2,4,98,"777777777777","777777777777","777777777777",1,0
51,510132,2,3,1,29,2,13,41,30,0,1,0,51,3,86,884,86884,66,2001,"1M2AA18Y71W1","1","M","2","A","A","1","8","Y","7","1","W","1",1,1,57,"00075345","5700075345",3,6,8,1,0,0,0,0,0,0,0,35,0,2,1,1,6,2,1,0,0,0,1,51,22734,6,1,6,0,3,0,71,195,0,0,0,0,0,0,0,0,0,0,0,0,0,0,3,3,25,1,1,2,1,3,3,1,64,6,1,2,98,"888888888888","777777777777","777777777777",0,0
51,510132,3,3,1,29,2,13,41,30,0,1,0,51,1,18,404,18404,14,2015,"KL4CJHSB2FB2","K","L","4","C","J","H","S","B","2","F","B","2",0,0,0,"000000000","00000000000",0,0,0,1,0,0,0,0,0,0,0,0,0,0,0,12,8,8,54,0,0,0,1,51,22193,6,1,0,0,3,0,67,155,0,0,0,2,2,10,2011,5,2014,0,0,0,0,0,3,3,25,1,1,2,1,3,3,5,67,1,1,1,98,"777777777777","777777777777","777777777777",0,0
51,510133,1,2,2,27,2,18,20,12,2,1,0,37,1,18,2,18002,4,2005,"1G4HP52K85U1","1","G","4","H","P","5","2","K","8","5","U","1",0,0,0,"000000000","00000000000",0,0,0,1,0,0,0,0,0,0,0,10,0,0,0,12,6,2,12,0,0,0,1,37,27288,6,1,0,0,3,0,70,999,0,0,0,0,0,0,0,0,0,0,38,0,0,0,1,2,55,1,2,2,1,20,3,11,15,99,1,2,98,"777777777777","777777777777","777777777777",1,0
51,510133,2,2,1,27,2,18,20,12,2,1,0,37,1,22,20,22020,4,2007,"2G2WR5547711","2","G","2","W","R","5","5","4","7","7","1","1",0,0,0,"000000000","00000000000",0,0,0,1,0,0,0,0,0,0,0,55,0,0,0,12,6,2,12,0,0,0,1,37,27288,6,1,0,0,3,0,70,999,0,0,0,1,1,5,2011,5,2011,0,0,0,0,0,1,2,55,1,2,2,1,0,0,1,68,5,1,1,98,"777777777777","777777777777","777777777777",0,0
51,510134,1,1,5,12,3,19,2,8,0,1,0,37,2,7,29,7029,4,2014,"1C3CDFBB7ED8","1","C","3","C","D","F","B","B","7","E","D","8",0,0,0,"000000000","00000000000",0,0,0,1,0,0,0,0,0,0,0,35,0,0,0,12,8,2,8,0,0,0,1,37,27344,0,0,0,0,0,0,999,999,0,0,0,0,1,3,2014,3,2014,0,0,0,0,0,2,4,35,1,1,2,1,0,0,1,80,99,1,1,13,"777777777777","777777777777","777777777777",0,0
51,510135,1,2,1,24,3,5,30,11,0,1,0,51,1,49,481,49481,31,1993,"4TARN01P2PZ1","4","T","A","R","N","0","1","P","2","P","Z","1",0,0,0,"000000000","00000000000",0,0,0,1,0,0,0,0,0,0,0,75,0,0,0,12,6,2,42,0,0,0,1,51,24522,6,1,6,0,3,0,71,240,0,1,0,0,0,8,2014,8,2014,3,0,0,0,0,1,2,55,1,2,2,1,0,0,1,87,5,1,1,98,"777777777777","777777777777","777777777777",1,0
51,510135,2,2,1,24,3,5,30,11,0,1,0,51,2,37,32,37032,2,1999,"1HGCG2259XA0","1","H","G","C","G","2","2","5","9","X","A","0",0,0,0,"000000000","00000000000",0,0,0,1,0,0,0,0,0,0,0,55,0,0,0,11,8,8,11,0,0,0,1,51,24553,6,1,0,0,3,0,73,209,0,0,0,0,0,0,0,0,0,0,0,0,0,0,1,2,55,1,2,2,1,0,0,1,87,99,1,1,13,"777777777777","777777777777","777777777777",0,0
51,510136,1,1,1,23,2,1,37,30,0,1,0,51,1,18,23,18023,4,2007,"1G4HP572X7U2","1","G","4","H","P","5","7","2","X","7","U","2",0,0,0,"000000000","00000000000",0,0,0,1,0,0,0,0,0,0,0,45,0,0,0,12,6,2,30,0,0,0,1,51,23701,6,1,0,0,3,0,74,240,0,0,0,1,2,8,2014,1,2015,4,0,0,0,0,1,3,45,1,1,2,2,0,0,1,6,99,2,4,6,"777777777777","777777777777","777777777777",1,1
51,510137,1,1,1,23,3,0,1,14,0,1,0,51,1,49,40,49040,4,2010,"4T1BF3EK8AU5","4","T","1","B","F","3","E","K","8","A","U","5",0,0,0,"000000000","00000000000",0,0,0,1,0,0,0,0,0,0,0,79,0,0,0,12,6,2,14,0,0,0,1,51,23453,6,1,0,0,3,3,71,205,1,0,1,0,0,9,2015,2,2016,3,0,0,0,0,3,3,60,1,2,2,1,0,0,1,13,99,1,4,1,"777777777777","777777777777","777777777777",1,1
51,510138,1,2,1,3,4,21,40,12,6,1,0,51,1,37,706,37706,80,2005,"1HFSC430X5A5","1","H","F","S","C","4","3","0","X","5","A","5",0,0,0,"000000000","00000000000",0,0,0,1,0,0,0,0,0,0,0,30,0,0,0,12,6,2,12,0,0,0,1,51,23805,6,1,0,0,3,0,74,200,2,1,0,4,4,3,2013,2,2016,0,0,0,0,0,2,2,35,1,2,2,1,0,0,1,66,16,1,1,83,"777777777777","777777777777","777777777777",1,1
51,510138,2,2,1,3,4,21,40,12,6,1,0,51,1,7,482,7482,31,2009,"1D3HB18P99S8","1","D","3","H","B","1","8","P","9","9","S","8",0,0,0,"000000000","00000000000",0,0,0,1,0,0,0,0,0,0,0,20,0,0,0,3,8,8,12,0,0,0,1,51,23838,6,1,0,0,3,0,71,180,0,0,0,0,0,0,0,0,0,0,38,0,0,0,2,2,35,3,2,2,1,0,0,11,17,1,1,1,82,"777777777777","777777777777","777777777777",0,0
51,510139,1,1,1,31,3,21,30,42,0,1,0,51,1,20,2,20002,4,2005,"2G1WF55EX591","2","G","1","W","F","5","5","E","X","5","9","1",0,0,0,"000000000","00000000000",0,0,0,1,0,0,0,0,0,0,0,50,0,0,0,12,6,2,42,0,0,0,1,51,24569,6,1,0,0,3,0,68,250,0,2,0,0,0,1,2014,8,2014,0,0,0,0,0,1,2,55,3,1,2,1,0,0,14,13,99,2,4,1,"777777777777","777777777777","777777777777",1,1
51,510141,1,1,1,6,3,0,21,8,0,1,0,51,1,37,32,37032,4,2003,"1HGCM56623A0","1","H","G","C","M","5","6","6","2","3","A","0",0,0,0,"000000000","00000000000",0,0,0,1,0,0,0,0,0,0,0,998,0,0,0,12,8,8,8,0,0,0,1,51,23234,6,1,0,0,3,0,66,241,1,0,0,1,1,3,2012,12,2013,0,0,0,0,0,2,2,35,1,1,2,1,0,0,1,80,99,1,1,13,"777777777777","777777777777","777777777777",0,0
51,510142,1,1,1,28,2,19,38,8,0,1,1,99,9,55,33,55033,4,2014,"999999999999","9","9","9","9","9","9","9","9","9","9","9","9",0,0,0,"000000000","00000000000",0,0,0,1,0,0,0,0,0,0,0,60,0,0,0,98,9,5,8,0,0,0,1,99,99999,9,9,99,9,9,9,999,999,99,99,99,99,99,99,9999,99,9999,0,0,0,0,0,2,2,60,1,1,2,1,0,0,1,80,99,9,9,13,"777777777777","777777777777","777777777777",0,0
51,510143,1,1,1,16,3,0,52,8,0,1,0,51,2,35,47,35047,4,2010,"1N4AL2AP8AN4","1","N","4","A","L","2","A","P","8","A","N","4",0,0,0,"000000000","00000000000",0,0,0,1,0,0,0,0,0,0,0,30,0,0,0,1,8,2,8,0,0,0,1,51,23840,6,1,0,0,3,0,69,139,2,0,0,0,0,11,2013,8,2014,0,0,0,0,0,1,4,25,1,1,2,1,0,0,2,80,99,1,1,13,"777777777777","777777777777","777777777777",0,0
51,510144,1,1,1,4,4,4,34,8,0,1,0,51,3,98,884,98884,78,2015,"5PVNJ8JJ8F4S","5","P","V","N","J","8","J","J","8","F","4","S",0,0,99,"999999999","99999999999",2,19,98,1,0,0,0,0,0,99,0,45,0,0,0,1,8,2,8,0,0,0,1,51,23325,6,1,0,0,3,0,69,269,0,0,0,0,1,5,2015,5,2015,0,0,0,0,0,3,2,50,1,1,2,1,0,0,1,80,8,1,2,13,"777777777777","777777777777","777777777777",0,0
51,510145,1,3,1,2,4,19,11,12,7,1,0,51,1,76,705,76705,80,1997,"JYA3HHE06VA1","J","Y","A","3","H","H","E","0","6","V","A","1",0,0,0,"000000000","00000000000",0,0,0,1,0,0,0,0,0,0,0,80,0,0,0,2,6,2,12,0,0,0,1,51,22193,6,1,0,0,3,0,77,185,2,0,0,1,4,5,2013,12,2015,3,0,0,0,0,1,2,25,3,2,2,1,0,0,14,11,16,1,2,98,"777777777777","777777777777","777777777777",1,1
51,510145,2,3,0,2,4,19,11,12,7,1,0,51,6,20,401,20401,14,2002,"1GNDT13S0222","1","G","N","D","T","1","3","S","0","2","2","2",0,0,0,"000000000","00000000000",0,0,0,1,0,0,0,0,0,0,0,0,0,0,0,8,6,9,12,0,0,0,0,0,99997,7,6,97,7,6,7,998,997,998,998,998,998,998,98,9998,98,9998,8,0,0,0,0,1,2,25,3,2,2,1,0,0,0,60,0,0,0,98,"777777777777","777777777777","777777777777",0,0
51,510145,3,3,0,2,4,19,11,12,7,1,0,51,6,12,481,12481,31,2006,"1FTPX14576NA","1","F","T","P","X","1","4","5","7","6","N","A",0,0,0,"000000000","00000000000",0,0,0,1,0,0,0,0,0,0,0,0,0,0,0,6,8,8,12,0,0,0,0,0,99997,7,6,97,7,6,7,998,997,998,998,998,998,998,98,9998,98,9998,8,0,0,0,0,1,2,25,3,2,2,1,0,0,0,60,0,0,0,98,"777777777777","777777777777","777777777777",0,0
51,510146,1,1,1,7,4,14,28,24,0,1,0,51,1,72,706,72706,80,2013,"1HD1FLM10DB6","1","H","D","1","F","L","M","1","0","D","B","6",0,0,0,"000000000","00000000000",0,0,0,1,0,0,0,0,0,0,0,75,0,0,0,11,8,2,24,0,0,0,1,51,20155,6,1,6,0,3,0,73,245,0,0,0,0,0,0,0,0,0,3,0,0,0,0,3,4,65,2,2,2,1,0,0,14,12,1,1,4,6,"777777777777","777777777777","777777777777",1,1
51,510147,1,1,1,7,4,16,54,52,0,1,0,51,1,49,40,49040,4,2004,"4T1BE32K34U8","4","T","1","B","E","3","2","K","3","4","U","8",0,0,0,"000000000","00000000000",0,0,0,1,0,0,0,0,0,0,0,65,0,0,0,4,6,2,42,0,0,0,1,51,23187,6,1,0,0,3,0,71,162,0,0,0,0,0,0,0,0,0,0,0,0,0,0,3,2,65,1,1,1,1,0,0,1,12,9,2,4,7,"777777777777","777777777777","777777777777",1,1
51,510148,1,1,1,27,3,5,53,42,0,1,0,51,2,7,28,7028,2,2010,"2B3CJ5DT3AH1","2","B","3","C","J","5","D","T","3","A","H","1",0,0,0,"000000000","00000000000",0,0,0,1,0,0,0,0,0,0,0,80,0,0,0,1,6,2,42,0,0,0,1,26,48195,6,1,0,0,3,0,68,150,0,0,0,1,0,7,2015,7,2015,3,0,0,0,0,1,2,25,3,1,2,2,0,0,14,6,99,1,4,1,"777777777777","777777777777","777777777777",1,1
51,510149,1,1,1,12,4,18,8,19,0,1,0,51,2,12,422,12422,15,2006,"1FMFU16526LA","1","F","M","F","U","1","6","5","2","6","L","A",0,0,0,"000000000","00000000000",0,0,0,1,0,0,0,0,0,0,0,998,0,0,0,1,6,2,19,0,0,0,1,51,23219,1,1,0,0,2,0,69,220,0,0,0,0,0,0,0,0,0,3,0,0,0,0,3,3,35,4,1,2,1,0,0,14,6,16,4,4,7,"777777777777","777777777777","777777777777",1,1
51,510150,1,2,1,8,4,12,27,12,6,1,0,51,2,76,709,76709,81,2009,"000000000000","0","0","0","0","0","0","0","0","0","0","0","0",0,0,0,"000000000","00000000000",0,0,0,1,0,0,0,0,0,0,0,5,0,0,0,3,6,2,12,0,0,0,1,51,23030,0,0,0,0,1,0,999,999,0,0,0,0,0,0,0,0,0,0,39,0,0,0,1,3,55,1,1,2,1,20,3,1,66,16,1,1,87,"777777777777","777777777777","777777777777",1,0
51,510150,2,2,1,8,4,12,27,12,6,1,0,51,3,85,884,85884,66,1997,"1XKWDB9X3VR7","1","X","K","W","D","B","9","X","3","V","R","7",1,1,77,"777777777","77777777777",3,6,97,1,0,0,0,0,0,0,0,56,0,0,0,12,6,2,12,0,0,0,1,51,23238,6,1,6,9,3,0,70,195,0,0,0,0,1,1,2014,1,2014,0,0,0,0,0,1,3,55,1,2,2,1,0,0,1,66,16,1,1,86,"888888888888","777777777777","777777777777",0,0
51,510151,1,1,2,12,4,19,33,42,0,1,0,51,2,38,404,38404,14,1999,"JACCN57X7X79","J","A","C","C","N","5","7","X","7","X","7","9",0,0,0,"000000000","00000000000",0,0,0,1,0,0,0,0,0,0,0,63,0,0,0,9,6,2,42,0,0,0,1,51,22151,6,1,0,0,3,0,71,220,0,0,0,1,0,1,2016,1,2016,3,58,0,0,0,2,2,55,2,1,2,1,0,0,14,6,9,3,4,7,"777777777777","777777777777","777777777777",1,0
51,510152,1,1,1,10,3,17,11,24,0,1,0,51,2,13,5,13005,4,1999,"1LNHM83W3XY6","1","L","N","H","M","8","3","W","3","X","Y","6",0,0,0,"000000000","00000000000",0,0,0,1,0,0,0,0,0,0,0,70,0,1,5,1,6,2,1,0,0,0,1,51,23867,2,1,0,0,2,0,62,210,0,12,1,5,1,3,2012,9,2015,3,58,0,0,0,1,2,55,1,1,2,1,0,0,1,1,8,2,4,2,"777777777777","777777777777","777777777777",1,1
51,510153,1,2,1,31,3,8,32,12,6,1,0,54,1,72,706,72706,80,2015,"1HD1GNM1XFC3","1","H","D","1","G","N","M","1","X","F","C","3",0,0,0,"000000000","00000000000",0,0,0,1,0,0,0,0,0,0,0,5,0,0,0,10,6,2,12,0,0,0,1,54,25419,6,1,6,0,3,0,68,185,0,0,0,0,0,0,0,0,0,0,38,0,0,0,2,2,55,1,1,2,1,20,3,10,16,99,1,1,78,"777777777777","777777777777","777777777777",1,0
51,510153,2,2,4,31,3,8,32,12,6,1,0,37,2,24,10,24010,6,2008,"5GZER33778J1","5","G","Z","E","R","3","3","7","7","8","J","1",0,0,0,"000000000","00000000000",0,0,0,1,0,0,0,0,0,0,0,55,0,0,0,12,6,2,12,0,0,0,1,51,23323,1,1,0,0,2,0,68,220,0,2,0,0,1,9,2011,11,2011,0,0,0,0,0,1,2,55,1,1,2,1,0,0,1,65,5,1,1,79,"777777777777","777777777777","777777777777",0,0
51,510154,1,1,1,14,4,20,50,9,0,1,0,51,2,20,401,20401,14,2002,"1GNDT13S1221","1","G","N","D","T","1","3","S","1","2","2","1",0,0,0,"000000000","00000000000",0,0,0,1,0,0,0,0,0,0,0,40,0,0,0,12,8,8,9,0,0,0,1,24,20705,6,1,0,0,3,0,68,200,0,0,0,0,0,0,0,0,0,0,0,0,0,0,2,4,45,1,2,2,1,3,3,1,80,99,1,1,13,"777777777777","777777777777","777777777777",0,0