"STATE","ST_CASE","VEH_NO","VE_FORMS","NUMOCCS","DAY","MONTH","HOUR","MINUTE","HARM_EV","MAN_COLL","UNITTYPE","HIT_RUN","REG_STAT","OWNER","MAKE","MODEL","MAK_MOD","BODY_TYP","MOD_YEAR","VIN","VIN_1","VIN_2","VIN_3","VIN_4","VIN_5","VIN_6","VIN_7","VIN_8","VIN_9","VIN_10","VIN_11","VIN_12","TOW_VEH","J_KNIFE","MCARR_I1","MCARR_I2","MCARR_ID","GVWR","V_CONFIG","CARGO_BT","HAZ_INV","HAZ_PLAC","HAZ_ID","HAZ_CNO","HAZ_REL","BUS_USE","SPEC_USE","EMER_USE","TRAV_SP","UNDERIDE","ROLLOVER","ROLINLOC","IMPACT1","DEFORMED","TOWED","M_HARM","VEH_SC1","VEH_SC2","FIRE_EXP","DR_PRES","L_STATE","DR_ZIP","L_STATUS","L_TYPE","CDL_STAT","L_ENDORS","L_COMPL","L_RESTRI","DR_HGT","DR_WGT","PREV_ACC","PREV_SUS","PREV_DWI","PREV_SPD","PREV_OTH","FIRST_MO","FIRST_YR","LAST_MO","LAST_YR","SPEEDREL","DR_SF1","DR_SF2","DR_SF3","DR_SF4","VTRAFWAY","VNUM_LAN","VSPD_LIM","VALIGN","VPROFILE","VPAVETYP","VSURCOND","VTRAFCON","VTCONT_F","P_CRASH1","P_CRASH2","P_CRASH3","PCRASH4","PCRASH5","ACC_TYPE","TRLR1VIN","TRLR2VIN","TRLR3VIN","DEATHS","DR_DRINK"
51,510155,1,1,1,18,4,20,7,42,0,1,0,51,1,7,26,7026,4,2010,"1B3CC4FB0AN1","1","B","3","C","C","4","F","B","0","A","N","1",0,0,0,"000000000","00000000000",0,0,0,1,0,0,0,0,0,0,0,70,0,0,0,12,6,2,42,0,0,0,1,51,23958,6,1,0,0,3,0,67,270,0,1,0,1,1,5,2012,11,2015,4,0,0,0,0,1,2,55,2,2,2,1,0,0,14,6,5,2,4,2,"777777777777","777777777777","777777777777",1,1
51,510156,1,1,2,15,4,5,25,35,0,1,0,51,1,63,37,63037,6,2011,"KNDJT2A24B72","K","N","D","J","T","2","A","2","4","B","7","2",0,0,0,"000000000","00000000000",0,0,0,1,0,0,0,0,0,0,0,60,0,1,3,12,6,2,1,0,0,0,1,51,24536,6,1,0,0,3,0,61,125,1,0,0,0,1,12,2015,1,2016,0,0,0,0,0,2,2,60,1,1,2,1,0,0,1,12,99,2,4,7,"777777777777","777777777777","777777777777",1,0
51,510157,1,1,2,18,3,3,8,24,0,1,0,51,1,48,38,48038,4,2004,"JF1GD29664G5","J","F","1","G","D","2","9","6","6","4","G","5",0,0,0,"000000000","00000000000",0,0,0,1,0,0,0,0,0,0,0,90,0,0,0,11,6,2,24,0,0,0,1,32,89052,6,1,0,0,3,0,68,125,0,0,0,0,0,0,0,0,0,3,0,0,0,0,3,2,60,8,1,2,1,0,0,1,13,16,9,4,5,"777777777777","777777777777","777777777777",1,1
51,510158,1,2,1,29,3,14,1,12,6,1,0,51,1,20,37,20037,4,2006,"1G1ZU638X6F2","1","G","1","Z","U","6","3","8","X","6","F","2",0,0,0,"000000000","00000000000",0,0,0,1,0,0,0,0,0,0,0,91,0,0,0,12,6,2,12,0,0,0,1,51,23803,1,1,0,0,2,0,65,155,0,5,0,0,1,1,2014,3,2016,3,36,0,0,0,3,3,60,1,1,2,1,0,0,15,10,5,3,2,44,"777777777777","777777777777","777777777777",0,0
51,510158,2,2,1,29,3,14,1,12,6,1,0,51,1,35,421,35421,15,2007,"5N1AA08AX7N7","5","N","1","A","A","0","8","A","X","7","N","7",0,0,0,"000000000","00000000000",0,0,0,1,0,0,0,0,0,0,0,60,0,1,5,8,6,2,12,0,0,0,1,51,23234,6,1,0,0,3,0,68,230,0,0,0,3,0,1,2012,10,2013,0,0,0,0,0,3,3,60,1,1,2,1,0,0,1,60,5,1,1,45,"777777777777","777777777777","777777777777",1,0
51,510159,1,2,3,12,4,6,58,12,2,1,0,47,2,63,37,63037,6,2012,"KNDJT2A67C74","K","N","D","J","T","2","A","6","7","C","7","4",0,0,0,"000000000","00000000000",0,0,0,1,0,0,0,0,0,0,0,45,0,0,0,12,6,2,12,0,0,0,1,51,24293,6,1,0,0,3,0,73,295,0,0,0,0,0,0,0,0,0,0,51,0,0,0,1,2,25,3,1,2,2,0,0,14,10,99,1,2,50,"777777777777","777777777777","777777777777",1,0
51,510159,2,2,1,12,4,6,58,12,2,1,0,51,1,37,402,37402,14,2015,"2HKRM4H50FH6","2","H","K","R","M","4","H","5","0","F","H","6",0,0,0,"000000000","00000000000",0,0,0,1,0,0,0,0,0,0,0,18,0,0,0,12,6,2,12,0,0,0,1,51,24293,6,1,0,0,3,0,65,127,0,0,0,0,0,0,0,0,0,0,0,0,0,0,1,2,25,2,1,2,2,0,0,14,62,99,1,1,51,"777777777777","777777777777","777777777777",0,0
51,510160,1,1,1,18,3,1,46,33,0,1,0,51,1,7,472,7472,31,1998,"1B7GL22X8WS5","1","B","7","G","L","2","2","X","8","W","S","5",0,0,0,"000000000","00000000000",0,0,0,1,0,0,0,0,0,0,0,998,0,1,5,2,6,2,42,0,0,0,1,51,23606,6,1,0,0,3,0,67,215,1,0,0,0,0,3,2016,3,2016,3,0,0,0,0,1,2,35,4,1,2,1,0,0,14,13,5,1,4,1,"777777777777","777777777777","777777777777",1,1
51,510161,1,2,1,12,4,23,20,8,0,1,1,11,2,37,31,37031,4,2010,"2HGFA1F82AH5","2","H","G","F","A","1","F","8","2","A","H","5",0,0,0,"000000000","00000000000",0,0,0,1,0,0,0,0,0,0,0,70,0,0,0,12,6,2,8,0,0,0,1,11,20010,6,1,0,0,3,0,999,999,99,99,99,99,99,99,9999,99,9999,0,0,0,0,0,3,2,70,1,1,2,1,0,0,1,80,1,1,1,98,"777777777777","777777777777","777777777777",0,0
51,510161,2,2,1,12,4,23,20,8,0,1,1,99,9,99,999,99999,99,9999,"999999999999","9","9","9","9","9","9","9","9","9","9","9","9",0,0,99,"999999999","99999999999",9,99,99,1,0,0,0,0,0,0,0,998,0,0,0,12,9,5,8,0,0,0,1,99,99999,9,9,99,9,9,9,999,999,99,99,99,99,99,99,9999,99,9999,9,0,0,0,0,3,2,70,1,1,2,1,0,0,1,80,99,9,9,13,"777777777777","777777777777","777777777777",0,0
51,510162,1,1,1,12,4,19,36,42,0,1,0,51,2,37,441,37441,20,2001,"2HKRL18691H5","2","H","K","R","L","1","8","6","9","1","H","5",0,0,0,"000000000","00000000000",0,0,0,1,0,0,0,0,0,0,0,998,0,0,0,5,6,2,42,0,0,0,1,51,23139,6,7,0,0,3,2,63,120,0,0,0,0,0,0,0,0,0,3,33,73,0,0,1,2,45,1,2,2,1,0,0,6,54,7,3,4,2,"777777777777","777777777777","777777777777",1,0
51,510163,1,2,1,17,4,8,49,12,2,1,0,51,1,23,481,23481,31,2006,"2GTEK13N9613","2","G","T","E","K","1","3","N","9","6","1","3",0,0,0,"000000000","00000000000",0,0,0,1,0,0,0,0,0,0,0,55,0,0,0,12,6,8,12,0,0,0,1,51,24590,6,1,6,0,3,0,76,300,0,0,0,3,4,4,2011,1,2016,0,0,0,0,0,1,2,55,1,2,2,1,0,0,1,10,99,2,2,50,"777777777777","777777777777","777777777777",0,1
51,510163,2,2,1,17,4,8,49,12,2,1,0,51,1,20,37,20037,4,2006,"1G1ZT51F76F2","1","G","1","Z","T","5","1","F","7","6","F","2",0,0,0,"000000000","00000000000",0,0,0,1,0,0,0,0,0,0,0,45,0,0,0,12,6,8,12,0,0,0,1,51,23004,6,1,0,0,3,0,67,236,1,0,0,0,1,9,2013,11,2013,0,0,0,0,0,1,2,55,1,2,2,1,0,0,1,62,5,1,1,51,"777777777777","777777777777","777777777777",1,0
51,510164,1,2,1,19,4,19,8,12,6,1,0,45,1,98,709,98709,80,2014,"VBKV19408EM9","V","B","K","V","1","9","4","0","8","E","M","9",0,0,0,"000000000","00000000000",0,0,0,1,0,0,0,0,0,0,0,998,0,0,0,12,6,2,12,0,0,0,1,51,23221,6,1,0,0,3,0,73,210,0,0,0,6,0,1,2013,10,2015,0,0,0,0,0,4,2,25,1,1,2,1,20,3,1,66,1,1,1,88,"777777777777","777777777777","777777777777",1,1
51,510164,2,2,2,19,4,19,8,12,6,1,0,51,1,12,481,12481,31,2008,"1FTRF12278KL","1","F","T","R","F","1","2","2","7","8","K","L",0,0,0,"000000000","00000000000",0,0,0,1,0,0,0,0,0,0,0,998,0,0,0,9,6,2,12,0,0,0,1,51,23294,6,1,0,0,3,3,69,160,0,0,0,0,0,0,0,0,0,0,0,0,0,0,1,2,25,8,8,2,1,20,3,1,66,1,1,1,89,"777777777777","777777777777","777777777777",0,0
51,510165,1,1,1,17,4,21,0,46,0,1,0,51,1,22,32,22032,6,2003,"5Y2SL62873Z4","5","Y","2","S","L","6","2","8","7","3","Z","4",0,0,0,"000000000","00000000000",0,0,0,1,0,0,0,0,0,0,0,998,0,0,0,12,6,2,46,0,0,0,1,51,23693,6,1,0,0,3,0,72,160,1,0,0,2,4,10,2013,6,2015,0,0,0,0,0,2,4,55,1,1,2,1,3,3,1,12,99,1,4,6,"777777777777","777777777777","777777777777",1,0
51,510166,1,1,1,22,4,0,28,8,0,1,0,51,1,41,471,41471,30,1991,"JM2UF1132M01","J","M","2","U","F","1","1","3","2","M","0","1",0,0,0,"000000000","00000000000",0,0,0,1,0,0,0,0,0,0,0,10,0,0,0,12,2,5,8,0,0,0,1,51,23003,6,1,0,0,3,3,67,200,0,0,0,0,0,0,0,0,0,0,0,0,0,0,1,2,25,2,1,2,1,0,0,14,80,1,1,1,13,"777777777777","777777777777","777777777777",0,0
51,510167,1,1,3,22,4,17,21,26,0,1,0,51,2,12,471,12471,30,1997,"1FTCR10A1VPB","1","F","T","C","R","1","0","A","1","V","P","B",0,0,0,"000000000","00000000000",0,0,0,1,0,0,0,0,0,0,0,45,0,1,5,4,6,2,1,0,0,0,1,51,23856,6,1,0,0,2,0,61,114,0,0,0,0,0,0,0,0,0,4,36,0,0,0,1,2,55,1,2,2,2,0,0,1,6,5,4,4,7,"777777777777","777777777777","777777777777",1,0
51,510168,1,1,1,31,3,22,8,8,0,1,1,51,2,23,441,23441,20,2000,"1GKDM19WXYB5","1","G","K","D","M","1","9","W","X","Y","B","5",0,0,0,"000000000","00000000000",0,0,0,1,0,0,0,0,0,0,0,25,0,0,0,1,9,8,8,0,0,0,1,51,23803,2,1,0,0,2,0,74,235,0,13,0,1,2,2,2013,8,2015,0,91,0,0,0,1,2,25,1,1,2,1,0,0,1,80,99,9,9,13,"777777777777","777777777777","777777777777",0,0
51,510169,1,1,1,23,4,5,30,3,0,1,0,51,1,18,7,18007,4,2002,"2G4WS52J2211","2","G","4","W","S","5","2","J","2","2","1","1",0,0,0,"000000000","00000000000",0,0,0,1,0,0,0,0,0,0,0,75,0,0,0,0,6,2,42,0,0,0,1,51,22960,6,1,0,0,3,0,73,220,1,0,0,1,0,2,2013,10,2015,4,58,0,0,0,1,2,55,2,2,2,1,0,0,14,6,7,3,4,0,"777777777777","777777777777","777777777777",1,1
51,510170,1,1,1,24,4,16,15,42,0,1,0,37,3,84,884,84884,66,1995,"2HSFBASR9SC0","2","H","S","F","B","A","S","R","9","S","C","0",1,1,57,"00094749","5700094749",3,6,3,1,0,0,0,0,0,0,0,65,0,0,0,12,6,2,42,0,0,0,1,37,28625,6,1,6,0,3,3,70,999,0,0,0,0,0,0,0,0,0,0,0,0,0,0,2,2,65,1,2,2,1,0,0,1,12,1,1,4,6,"888888888888","777777777777","777777777777",1,0
51,510171,1,2,1,20,4,13,24,12,6,1,0,51,3,20,481,20481,31,2006,"1GCHK24U46E1","1","G","C","H","K","2","4","U","4","6","E","1",0,0,0,"000000000","00000000000",0,0,0,1,0,0,0,0,0,0,0,55,0,0,0,11,6,2,12,0,0,0,1,51,23937,6,1,0,0,3,0,70,175,0,0,0,0,0,0,0,0,0,0,51,0,0,0,1,2,55,1,1,2,1,0,0,1,10,5,1,2,64,"777777777777","777777777777","777777777777",0,0
51,510171,2,2,1,20,4,13,24,12,6,1,0,51,3,99,884,99884,66,1997,"2WKPDCXHXVK9","2","W","K","P","D","C","X","H","X","V","K","9",1,1,51,"01412979","5101412979",3,6,10,1,0,0,0,0,0,0,0,55,0,0,0,11,6,2,2,0,0,1,1,51,23967,6,1,6,0,3,0,71,165,0,0,0,0,1,1,2014,1,2014,0,0,0,0,0,1,2,55,1,1,2,1,0,0,1,62,5,1,1,65,"888888888888","777777777777","777777777777",1,0
51,510172,1,2,1,22,4,1,23,12,1,1,0,51,1,37,31,37031,4,2008,"1HGFA16568L0","1","H","G","F","A","1","6","5","6","8","L","0",0,0,0,"000000000","00000000000",0,0,0,1,0,0,0,0,0,0,0,998,0,0,0,12,6,2,12,0,0,0,1,51,23227,6,1,0,0,3,3,66,120,0,0,0,0,0,0,0,0,0,0,0,0,0,0,3,2,35,1,1,2,1,0,0,1,51,16,1,1,24,"777777777777","777777777777","777777777777",0,0
51,510172,2,2,1,22,4,1,23,12,1,1,0,51,1,20,16,20016,4,2000,"1G1JC1242Y74","1","G","1","J","C","1","2","4","2","Y","7","4",0,0,0,"000000000","00000000000",0,0,0,1,0,0,0,0,0,0,0,998,0,0,0,6,6,2,12,0,0,0,1,51,23141,6,1,0,0,3,0,65,120,0,0,0,2,1,10,2011,7,2013,0,0,0,0,0,3,2,35,1,1,2,1,0,0,1,53,16,1,1,25,"777777777777","777777777777","777777777777",1,1
51,510173,1,1,1,22,4,1,11,8,0,1,0,17,3,84,884,84884,66,2009,"2HSCUAPR19C0","2","H","S","C","U","A","P","R","1","9","C","0",1,1,57,"20189310","5720189310",3,6,1,1,0,0,0,0,0,0,0,55,0,0,0,2,2,5,8,0,0,0,1,27,55379,6,1,6,0,3,0,73,200,0,1,0,0,0,1,2014,1,2014,0,0,0,0,0,3,3,65,1,1,2,1,0,0,1,80,16,1,1,13,"888888888888","777777777777","777777777777",0,0
51,510174,1,1,2,26,4,13,11,42,0,1,0,51,1,55,33,55033,4,2006,"5NPEU46F46H1","5","N","P","E","U","4","6","F","4","6","H","1",0,0,0,"000000000","00000000000",0,0,0,1,0,0,0,0,0,0,0,998,0,0,0,11,6,2,42,0,0,0,1,51,24590,4,1,0,0,2,0,66,170,0,0,0,0,0,0,0,0,0,0,0,0,0,0,1,2,55,1,2,2,1,0,0,1,12,1,1,4,6,"777777777777","777777777777","777777777777",1,0
51,510175,1,1,2,16,4,14,15,42,0,1,0,51,1,37,31,37031,4,1996,"1HGEJ6605TL0","1","H","G","E","J","6","6","0","5","T","L","0",0,0,0,"000000000","00000000000",0,0,0,1,0,0,0,0,0,0,0,72,0,0,0,1,6,2,2,0,0,1,1,51,24012,6,1,0,0,3,0,71,140,0,2,0,1,1,1,2013,9,2014,3,0,0,0,0,1,2,55,3,2,2,1,0,0,14,6,5,4,4,7,"777777777777","777777777777","777777777777",1,0
51,510176,1,2,1,30,3,16,30,12,6,1,0,51,3,84,988,84988,50,2009,"4DRBUSKN49A6","4","D","R","B","U","S","K","N","4","9","A","6",0,0,88,"888888888","88888888888",2,21,22,1,0,0,0,0,1,2,0,30,0,0,0,11,6,2,12,0,0,0,1,51,23661,6,1,6,0,3,3,60,150,0,0,0,0,0,0,0,0,0,0,38,0,0,0,2,3,35,1,1,2,1,3,3,11,17,1,1,1,76,"777777777777","777777777777","777777777777",0,0
51,510176,2,2,1,30,3,16,30,12,6,1,0,51,1,20,37,20037,4,2004,"1G1ND52F34M6","1","G","1","N","D","5","2","F","3","4","M","6",0,0,0,"000000000","00000000000",0,0,0,1,0,0,0,0,0,0,0,35,0,0,0,11,6,2,12,0,0,0,1,51,23666,1,1,0,0,2,3,65,196,0,1,0,0,0,10,2012,10,2012,0,0,0,0,0,2,3,35,1,1,2,1,3,3,1,66,1,1,1,77,"777777777777","777777777777","777777777777",1,0
51,510177,1,2,2,30,4,8,1,12,6,1,0,51,1,20,2,20002,4,2007,"2G1WB58K2791","2","G","1","W","B","5","8","K","2","7","9","1",0,0,0,"000000000","00000000000",0,0,0,1,0,0,0,0,0,0,0,10,0,0,0,10,8,2,12,0,0,0,1,51,23015,6,1,0,0,3,0,65,150,0,0,0,0,0,0,0,0,0,0,38,0,0,0,1,2,45,1,2,2,1,0,0,11,15,11,1,1,82,"777777777777","777777777777","777777777777",1,0
51,510177,2,2,1,30,4,8,1,12,6,1,0,51,1,20,481,20481,31,1984,"2GCEK14H2E12","2","G","C","E","K","1","4","H","2","E","1","2",0,0,0,"000000000","00000000000",0,0,0,1,0,0,0,0,0,0,0,30,0,0,0,12,8,2,12,0,0,0,1,51,22534,6,1,0,0,3,0,72,150,0,0,0,0,0,0,0,0,0,0,0,0,0,0,1,2,45,1,2,2,1,0,0,1,72,8,2,2,83,"777777777777","777777777777","777777777777",0,0
51,510178,1,1,1,1,5,19,56,30,0,1,0,51,1,12,481,12481,31,2004,"1FTNX21P34EB","1","F","T","N","X","2","1","P","3","4","E","B",0,0,0,"000000000","00000000000",0,0,0,1,0,0,0,0,0,0,0,60,0,1,5,12,6,2,1,0,0,0,1,51,24549,6,1,6,0,3,0,74,190,0,0,0,0,0,0,0,0,0,0,0,0,0,0,1,2,45,3,2,2,1,0,0,14,13,5,1,4,1,"777777777777","777777777777","777777777777",1,1
51,510179,1,2,1,18,4,14,56,12,6,1,0,51,1,72,706,72706,80,2015,"1HD1GXM16FC3","1","H","D","1","G","X","M","1","6","F","C","3",0,0,0,"000000000","00000000000",0,0,0,1,0,0,0,0,0,0,0,77,0,0,0,12,6,2,12,0,0,0,1,51,23605,6,1,0,0,3,0,69,180,0,0,0,0,2,11,2013,5,2014,3,0,0,0,0,2,3,45,1,1,2,1,0,0,1,17,1,1,1,69,"777777777777","777777777777","777777777777",1,1
51,510179,2,2,2,18,4,14,56,12,6,1,0,51,1,18,441,18441,20,2006,"5GADV23L46D1","5","G","A","D","V","2","3","L","4","6","D","1",0,0,0,"000000000","00000000000",0,0,0,1,0,0,0,0,0,0,0,14,0,0,0,4,6,2,12,0,0,0,1,51,23607,6,1,0,0,3,3,62,260,0,0,0,1,0,1,2014,1,2014,0,0,0,0,0,1,2,45,8,8,2,1,97,8,11,66,1,1,1,68,"777777777777","777777777777","777777777777",0,0
51,510180,1,2,1,26,4,9,15,12,2,1,0,51,2,37,32,37032,4,1993,"1HGCB7699PA1","1","H","G","C","B","7","6","9","9","P","A","1",0,0,0,"000000000","00000000000",0,0,0,1,0,0,0,0,0,0,0,40,0,0,0,12,6,2,12,0,0,0,1,51,24148,6,1,0,0,3,0,67,186,0,0,0,0,1,2,2016,2,2016,0,51,0,0,0,1,4,45,2,2,2,1,0,0,14,10,99,2,2,50,"777777777777","777777777777","777777777777",1,0
51,510180,2,2,1,26,4,9,15,12,2,1,0,51,1,12,481,12481,31,2003,"1FTRX17W03NA","1","F","T","R","X","1","7","W","0","3","N","A",0,0,0,"000000000","00000000000",0,0,0,1,0,0,0,0,0,0,0,30,0,0,0,12,6,2,12,0,0,0,1,51,24148,6,1,0,0,3,0,68,230,0,0,0,0,0,0,0,0,0,0,0,0,0,0,1,4,45,3,2,2,1,0,0,14,62,99,1,1,51,"777777777777","777777777777","777777777777",0,0
51,510181,1,1,1,29,4,14,50,23,0,1,0,51,1,20,471,20471,30,1995,"1GCCS1440SK1","1","G","C","C","S","1","4","4","0","S","K","1",0,0,0,"000000000","00000000000",0,0,0,1,0,0,0,0,0,0,0,50,0,0,0,12,6,2,23,0,0,0,1,51,22815,6,1,0,0,3,0,73,250,0,0,0,1,0,2,2015,2,2015,0,0,0,0,0,1,2,55,1,1,2,1,0,0,1,13,99,2,4,1,"777777777777","777777777777","777777777777",1,0
51,510182,1,2,1,30,4,18,50,12,2,1,0,51,2,12,471,12471,30,2011,"1FTLR4FE6BPB","1","F","T","L","R","4","F","E","6","B","P","B",0,0,0,"000000000","00000000000",0,0,0,1,0,0,0,0,0,0,0,55,0,0,0,12,6,2,12,0,0,0,1,51,24370,2,1,0,0,2,0,77,220,0,0,0,0,0,0,0,0,0,0,33,0,0,0,1,2,55,1,1,2,1,0,0,6,10,99,1,2,50,"777777777777","777777777777","777777777777",0,0
51,510182,2,2,1,30,4,18,50,12,2,1,0,51,1,7,20,7020,4,2002,"1B3ES46C72D6","1","B","3","E","S","4","6","C","7","2","D","6",0,0,0,"000000000","00000000000",0,0,0,1,0,0,0,0,0,0,0,50,0,0,0,12,6,2,12,0,0,0,1,51,24370,6,1,0,0,3,0,68,245,0,0,0,0,0,0,0,0,0,0,0,0,0,0,1,2,55,1,1,2,1,0,0,1,62,99,1,1,51,"777777777777","777777777777","777777777777",1,0
51,510183,1,3,1,2,5,1,40,12,2,1,0,36,1,37,402,37402,14,2012,"2HKRM4H57CH6","2","H","K","R","M","4","H","5","7","C","H","6",0,0,0,"000000000","00000000000",0,0,0,1,0,0,0,0,0,0,0,80,0,0,0,12,6,2,12,0,0,0,1,36,10461,6,1,0,0,3,0,69,999,0,0,0,0,0,0,0,0,0,0,51,0,0,0,3,6,55,1,1,2,2,0,0,1,54,1,1,1,52,"777777777777","777777777777","777777777777",1,0
51,510183,2,3,2,2,5,1,40,12,2,1,0,34,1,20,421,20421,15,2010,"1GNUKCE02AR2","1","G","N","U","K","C","E","0","2","A","R","2",0,0,0,"000000000","00000000000",0,0,0,1,0,0,0,0,0,0,0,55,0,0,0,12,6,2,12,0,0,0,1,34,7205,6,1,6,0,3,0,70,999,2,0,0,0,0,8,2011,1,2015,0,0,0,0,0,3,6,55,1,1,2,2,0,0,1,54,1,1,1,52,"777777777777","777777777777","777777777777",0,0
51,510183,3,3,1,2,5,1,40,12,2,1,0,51,1,7,442,7442,20,2005,"2D8GP44L45R2","2","D","8","G","P","4","4","L","4","5","R","2",0,0,0,"000000000","00000000000",0,0,0,1,0,0,0,0,0,0,0,55,0,0,0,13,6,2,54,0,0,0,1,24,20745,6,1,0,0,3,0,70,220,0,1,0,0,0,10,2014,10,2014,0,0,0,0,0,3,6,55,1,1,2,2,0,0,1,63,1,1,1,98,"777777777777","777777777777","777777777777",0,0
51,510184,1,1,1,29,4,0,8,59,0,1,0,51,1,63,33,63033,4,2002,"KNAFB121X251","K","N","A","F","B","1","2","1","X","2","5","1",0,0,0,"000000000","00000000000",0,0,0,1,0,0,0,0,0,0,0,998,0,1,5,11,6,2,1,0,0,0,1,51,23185,6,1,0,0,3,0,69,230,0,1,0,0,0,1,2016,1,2016,0,0,0,0,0,1,2,55,1,2,2,6,0,0,1,5,99,2,4,7,"777777777777","777777777777","777777777777",1,1
51,510185,1,2,1,27,4,23,20,1,0,1,0,51,3,86,884,86884,66,2002,"1M1AE07Y02W0","1","M","1","A","E","0","7","Y","0","2","W","0",1,1,57,"00750485","5700750485",3,6,2,1,0,0,0,0,0,0,0,50,7,2,1,0,6,2,1,0,0,0,1,51,22815,6,1,6,3,3,0,73,220,1,0,0,0,0,4,2015,4,2015,3,28,0,0,0,1,2,45,2,2,2,1,0,0,14,9,16,7,2,98,"888888888888","777777777777","777777777777",0,0
51,510185,2,2,2,27,4,23,20,1,0,1,0,51,2,12,401,12401,14,2004,"1FMZU63K44UB","1","F","M","Z","U","6","3","K","4","4","U","B",0,0,0,"000000000","00000000000",0,0,0,1,0,0,0,0,0,0,0,45,0,0,0,13,6,2,12,0,0,0,1,51,22801,0,0,0,0,0,0,999,999,0,0,0,0,0,0,0,0,0,0,0,0,0,0,1,2,45,2,2,2,1,0,0,14,62,1,1,1,98,"777777777777","777777777777","777777777777",1,0
51,510186,1,1,1,31,3,21,6,8,0,1,1,51,3,20,37,20037,4,2016,"1G11E5SA6GF1","1","G","1","1","E","5","S","A","6","G","F","1",0,0,0,"000000000","00000000000",0,0,0,1,0,0,0,0,0,0,0,998,0,0,0,12,6,2,8,0,0,0,1,99,99999,9,9,99,9,9,9,999,999,99,99,99,99,99,99,9999,99,9999,0,0,0,0,0,1,5,30,1,1,2,1,0,0,1,80,99,1,9,13,"777777777777","777777777777","777777777777",0,0
51,510187,1,2,4,20,3,15,47,12,6,1,0,51,2,48,34,48034,5,2012,"4S3BMBB65C30","4","S","3","B","M","B","B","6","5","C","3","0",0,0,0,"000000000","00000000000",0,0,0,1,0,0,0,0,0,0,0,15,0,0,0,12,6,2,12,0,0,0,1,51,24151,6,1,0,0,3,0,70,275,0,5,1,0,0,8,2015,12,2015,0,38,0,0,0,1,2,55,1,1,2,2,20,3,1,66,1,1,1,88,"777777777777","777777777777","777777777777",0,0
51,510187,2,2,2,20,3,15,47,12,6,1,0,45,1,12,481,12481,31,2003,"1FTRX18W03NA","1","F","T","R","X","1","8","W","0","3","N","A",0,0,0,"000000000","00000000000",0,0,0,1,0,0,0,0,0,0,0,55,0,1,1,11,6,2,1,0,0,0,1,51,24184,6,1,0,0,3,0,70,180,0,0,0,2,0,7,2015,3,2016,0,0,0,0,0,1,2,55,1,1,2,2,0,0,1,17,1,1,1,89,"777777777777","777777777777","777777777777",1,0
51,510188,1,1,1,2,5,6,30,34,0,1,0,51,3,86,884,86884,63,2006,"1M2AG11C96M0","1","M","2","A","G","1","1","C","9","6","M","0",0,0,57,"00439563","5700439563",3,2,5,1,0,0,0,0,0,0,0,998,0,1,5,12,6,2,2,0,0,1,1,51,23608,6,1,6,0,3,0,71,340,0,0,0,0,0,0,0,0,0,0,0,0,0,0,3,2,65,3,1,1,1,0,0,14,13,99,2,4,1,"777777777777","777777777777","777777777777",1,0
51,510189,1,1,1,3,5,22,23,8,0,1,0,51,1,6,43,6043,4,2007,"1C3LC46K77N5","1","C","3","L","C","4","6","K","7","7","N","5",0,0,0,"000000000","00000000000",0,0,0,1,0,0,0,0,0,0,0,998,0,0,0,11,8,8,8,0,0,0,1,51,23231,6,1,0,0,3,0,68,250,1,1,0,1,2,6,2011,4,2016,0,0,0,0,0,2,2,40,1,1,2,1,0,0,1,80,99,1,1,13,"777777777777","777777777777","777777777777",0,0
51,510190,1,1,2,4,5,21,0,1,0,1,0,51,1,3,421,3421,15,2003,"5GRGN23U83H1","5","G","R","G","N","2","3","U","8","3","H","1",0,0,0,"000000000","00000000000",0,0,0,1,0,0,0,0,0,0,0,80,0,2,5,0,6,2,1,0,0,0,1,51,24528,6,1,0,0,3,0,69,140,0,0,0,0,0,0,0,0,0,3,0,0,0,0,1,2,55,2,1,1,1,0,0,14,6,5,3,4,2,"777777777777","777777777777","777777777777",1,1
51,510191,1,1,1,11,3,15,24,8,0,1,1,99,9,99,709,99709,81,9999,"999999999999","9","9","9","9","9","9","9","9","9","9","9","9",0,0,0,"000000000","00000000000",0,0,0,1,0,0,0,0,0,0,0,998,0,0,0,98,9,5,8,0,0,0,1,99,99999,9,9,99,9,9,9,999,999,99,99,99,99,99,99,9999,99,9999,0,0,0,0,0,1,2,25,1,1,2,1,0,0,1,80,1,1,1,13,"777777777777","777777777777","777777777777",0,0
51,510193,1,2,2,5,5,23,11,12,2,1,0,51,1,49,401,49401,14,2007,"JTEBT17R4780","J","T","E","B","T","1","7","R","4","7","8","0",0,0,0,"000000000","00000000000",0,0,0,1,0,0,0,0,0,0,0,998,0,0,0,12,6,2,12,0,0,0,1,51,23234,6,1,6,0,3,0,66,160,0,0,0,0,0,0,0,0,0,0,0,0,0,0,2,2,35,1,1,2,2,0,0,1,12,99,2,7,50,"777777777777","777777777777","777777777777",0,1
51,510193,2,2,1,5,5,23,11,12,2,1,0,51,1,42,401,42401,14,2007,"4JGBB86E37A1","4","J","G","B","B","8","6","E","3","7","A","1",0,0,0,"000000000","00000000000",0,0,0,1,0,0,0,0,0,0,0,998,0,0,0,12,6,2,12,0,0,0,1,51,23836,6,1,0,0,3,0,67,220,0,0,0,1,0,9,2012,9,2012,0,0,0,0,0,2,2,35,1,1,2,2,0,0,1,64,99,1,1,51,"777777777777","777777777777","777777777777",1,0