"STATE","ST_CASE","VEH_NO","VE_FORMS","NUMOCCS","DAY","MONTH","HOUR","MINUTE","HARM_EV","MAN_COLL","UNITTYPE","HIT_RUN","REG_STAT","OWNER","MAKE","MODEL","MAK_MOD","BODY_TYP","MOD_YEAR","VIN","VIN_1","VIN_2","VIN_3","VIN_4","VIN_5","VIN_6","VIN_7","VIN_8","VIN_9","VIN_10","VIN_11","VIN_12","TOW_VEH","J_KNIFE","MCARR_I1","MCARR_I2","MCARR_ID","GVWR","V_CONFIG","CARGO_BT","HAZ_INV","HAZ_PLAC","HAZ_ID","HAZ_CNO","HAZ_REL","BUS_USE","SPEC_USE","EMER_USE","TRAV_SP","UNDERIDE","ROLLOVER","ROLINLOC","IMPACT1","DEFORMED","TOWED","M_HARM","VEH_SC1","VEH_SC2","FIRE_EXP","DR_PRES","L_STATE","DR_ZIP","L_STATUS","L_TYPE","CDL_STAT","L_ENDORS","L_COMPL","L_RESTRI","DR_HGT","DR_WGT","PREV_ACC","PREV_SUS","PREV_DWI","PREV_SPD","PREV_OTH","FIRST_MO","FIRST_YR","LAST_MO","LAST_YR","SPEEDREL","DR_SF1","DR_SF2","DR_SF3","DR_SF4","VTRAFWAY","VNUM_LAN","VSPD_LIM","VALIGN","VPROFILE","VPAVETYP","VSURCOND","VTRAFCON","VTCONT_F","P_CRASH1","P_CRASH2","P_CRASH3","PCRASH4","PCRASH5","ACC_TYPE","TRLR1VIN","TRLR2VIN","TRLR3VIN","DEATHS","DR_DRINK"
51,510234,1,1,2,25,4,19,0,32,0,1,0,51,1,12,402,12402,14,2011,"1FMCU9DG2BKB","1","F","M","C","U","9","D","G","2","B","K","B",0,0,0,"000000000","00000000000",0,0,0,1,0,0,0,0,0,0,0,45,0,0,0,12,6,2,32,0,0,0,1,51,20198,6,1,0,0,3,0,64,244,0,0,0,0,0,0,0,0,0,0,0,0,0,0,1,2,55,1,1,2,1,0,0,1,8,99,2,4,1,"777777777777","777777777777","777777777777",1,0
51,510235,1,1,1,12,5,17,40,42,0,1,0,51,1,41,471,41471,30,1998,"4F4ZR17XXWTM","4","F","4","Z","R","1","7","X","X","W","T","M",0,0,0,"000000000","00000000000",0,0,0,1,0,0,0,0,0,0,0,50,0,0,0,9,6,2,42,0,0,0,1,51,24225,6,1,0,0,3,0,66,155,0,1,0,0,0,2,2012,2,2012,0,0,0,0,0,1,2,55,1,1,2,2,0,0,1,13,5,4,4,2,"777777777777","777777777777","777777777777",1,1
51,510236,1,1,1,10,5,1,8,9,0,1,1,99,9,99,999,99999,99,9999,"999999999999","9","9","9","9","9","9","9","9","9","9","9","9",0,0,0,"000000000","00000000000",0,0,0,1,0,0,0,0,0,99,0,999,0,0,0,12,9,5,9,0,0,0,1,99,99999,9,9,99,9,9,9,999,999,99,99,99,99,99,99,9999,99,9999,0,0,0,0,0,2,2,45,1,2,2,1,0,0,1,83,1,9,9,13,"777777777777","777777777777","777777777777",0,0
51,510237,1,2,1,15,5,20,58,12,2,1,0,24,1,49,32,49032,4,2016,"2T1BURHE2GC6","2","T","1","B","U","R","H","E","2","G","C","6",0,0,0,"000000000","00000000000",0,0,0,1,0,0,0,0,0,0,0,50,0,0,0,12,6,2,12,0,0,0,1,24,21144,6,1,0,0,3,0,999,999,0,0,0,0,0,0,0,0,0,0,28,0,0,0,1,2,55,2,2,2,1,0,0,14,10,1,1,2,50,"777777777777","777777777777","777777777777",1,1
51,510237,2,2,2,15,5,20,58,12,2,1,0,51,1,20,481,20481,31,2014,"3GCUKREC0EG2","3","G","C","U","K","R","E","C","0","E","G","2",0,0,0,"000000000","00000000000",0,0,0,1,0,0,0,0,0,0,0,45,0,0,0,12,6,2,12,0,0,0,1,51,22960,6,1,0,0,3,0,72,165,1,0,0,1,1,12,2013,12,2014,0,0,0,0,0,1,2,55,3,2,2,1,0,0,14,62,1,1,1,51,"777777777777","777777777777","777777777777",0,0
51,510238,1,2,2,16,5,18,52,12,1,1,0,24,1,12,481,12481,31,2014,"1FTFW1R69EFA","1","F","T","F","W","1","R","6","9","E","F","A",5,0,0,"000000000","00000000000",0,0,0,1,0,0,0,0,0,0,0,65,0,0,0,12,6,2,12,0,0,0,1,24,20740,6,1,0,0,3,0,74,210,0,0,0,2,0,1,2016,1,2016,0,39,0,0,0,2,4,55,1,1,2,1,3,3,1,50,1,1,1,20,"777777777777","777777777777","777777777777",0,0
51,510238,2,2,2,16,5,18,52,12,1,1,0,51,1,59,31,59031,4,1997,"JT8BF22G3V50","J","T","8","B","F","2","2","G","3","V","5","0",0,0,0,"000000000","00000000000",0,0,0,1,0,0,0,0,0,0,0,0,0,0,0,6,6,2,12,0,0,0,1,51,23454,6,1,0,0,3,3,63,140,0,0,0,0,1,10,2013,10,2013,0,0,0,0,0,2,4,55,1,1,2,1,3,3,5,53,1,1,1,21,"777777777777","777777777777","777777777777",1,0
51,510239,1,1,1,27,5,14,24,52,0,1,0,51,2,12,401,12401,14,1998,"1FMYU22E5WUA","1","F","M","Y","U","2","2","E","5","W","U","A",0,0,0,"000000000","00000000000",0,0,0,1,0,0,0,0,0,0,0,85,0,1,1,1,6,2,1,0,0,0,1,51,23508,6,1,0,0,3,0,69,165,0,0,0,1,0,4,2015,4,2015,3,0,0,0,0,3,2,65,1,1,1,1,0,0,1,12,99,2,4,7,"777777777777","777777777777","777777777777",1,1
51,510240,1,1,1,5,4,20,25,35,0,1,0,51,1,37,31,37031,4,2005,"1HGCM56405A1","1","H","G","C","M","5","6","4","0","5","A","1",0,0,0,"000000000","00000000000",0,0,0,1,0,0,0,0,0,0,0,45,0,0,0,12,6,2,35,0,0,0,1,51,23139,6,1,0,0,3,0,65,125,0,0,0,0,1,4,2014,4,2014,0,39,0,0,0,1,2,45,1,1,2,1,3,3,1,14,1,1,4,14,"777777777777","777777777777","777777777777",1,0
51,510241,1,1,1,3,6,20,53,8,0,1,0,51,2,20,37,20037,4,2007,"1G1ZS57F07F2","1","G","1","Z","S","5","7","F","0","7","F","2",0,0,0,"000000000","00000000000",0,0,0,1,0,0,0,0,0,0,0,40,0,0,0,12,8,8,8,0,0,0,1,51,23662,6,1,0,0,3,0,71,225,0,0,0,0,0,0,0,0,0,0,0,0,0,0,2,4,35,1,1,2,1,3,3,1,80,99,1,1,13,"777777777777","777777777777","777777777777",0,0
51,510242,1,1,1,4,6,21,33,35,0,1,0,51,2,41,50,41050,4,2011,"1YVHZ8BH0B5M","1","Y","V","H","Z","8","B","H","0","B","5","M",0,0,0,"000000000","00000000000",0,0,0,1,0,0,0,0,0,0,0,90,0,1,5,3,6,2,1,0,0,0,1,51,24553,6,1,0,0,3,0,72,200,0,0,0,0,0,0,0,0,0,3,0,0,0,0,1,2,55,1,2,2,1,0,0,1,13,99,1,4,1,"777777777777","777777777777","777777777777",1,1
51,510243,1,1,1,2,6,13,0,42,0,1,0,54,1,12,471,12471,30,1993,"1FTCR10A9PTA","1","F","T","C","R","1","0","A","9","P","T","A",0,0,0,"000000000","00000000000",0,0,0,1,0,0,0,0,0,0,0,55,0,0,0,12,6,2,42,0,0,0,1,54,25414,6,1,0,0,3,0,71,190,0,0,0,0,4,8,2011,11,2013,0,0,0,0,0,1,2,55,1,1,2,1,0,0,1,12,1,1,4,6,"777777777777","777777777777","777777777777",1,0
51,510244,1,1,1,5,6,0,50,8,0,1,0,51,2,23,441,23441,20,2001,"1GKDM19W31B5","1","G","K","D","M","1","9","W","3","1","B","5",0,0,0,"000000000","00000000000",0,0,0,1,0,0,0,0,0,0,0,40,0,0,0,12,6,2,8,0,0,0,1,51,23803,6,1,0,0,3,0,66,220,0,5,0,1,1,6,2014,4,2016,0,0,0,0,0,1,2,45,1,1,2,2,0,0,1,80,99,1,1,13,"777777777777","777777777777","777777777777",0,0
51,510245,1,1,1,1,6,21,8,1,0,1,0,51,1,20,402,20402,14,2004,"2CNBJ1343469","2","C","N","B","J","1","3","4","3","4","6","9",0,0,0,"000000000","00000000000",0,0,0,1,0,0,0,0,0,0,0,45,0,2,5,0,6,2,1,0,0,0,1,51,20182,6,1,0,0,3,0,67,180,0,0,0,2,0,1,2012,6,2015,5,0,0,0,0,2,2,35,3,1,2,1,0,0,14,6,16,4,4,7,"777777777777","777777777777","777777777777",1,1
51,510246,1,1,1,6,6,20,35,1,0,1,0,51,1,49,472,49472,40,2004,"5TEWN72NX4Z3","5","T","E","W","N","7","2","N","X","4","Z","3",0,0,0,"000000000","00000000000",0,0,0,1,0,0,0,0,0,0,0,85,0,2,5,0,6,2,42,0,0,0,1,51,23123,6,1,0,0,3,0,66,190,0,0,0,0,0,0,0,0,0,3,37,0,0,0,1,2,55,1,2,2,1,0,0,1,12,99,4,4,7,"777777777777","777777777777","777777777777",1,1
51,510247,1,1,1,5,6,20,27,53,0,1,0,51,2,20,481,20481,31,1999,"1GCCS1445XK1","1","G","C","C","S","1","4","4","5","X","K","1",0,0,0,"000000000","00000000000",0,0,0,1,0,0,0,0,0,0,0,60,0,0,0,12,6,2,42,0,0,0,1,51,24592,6,1,0,0,3,3,68,140,0,0,0,0,0,0,0,0,0,0,0,0,0,0,2,2,60,1,1,2,2,0,0,1,13,16,1,4,1,"777777777777","777777777777","777777777777",1,0
51,510248,1,2,1,2,5,6,34,12,6,1,0,95,3,82,884,82884,66,2011,"1FUJGLDR0BSA","1","F","U","J","G","L","D","R","0","B","S","A",1,1,57,"453102","57453102",3,6,1,1,0,0,0,0,0,0,0,5,0,0,0,9,8,8,12,0,0,0,1,95,0,9,9,99,9,9,9,999,999,99,99,99,99,99,99,9999,99,9999,0,38,0,0,0,2,2,45,1,1,2,2,0,0,11,66,1,1,1,68,"999999999999","777777777777","777777777777",0,0
51,510248,2,2,1,2,5,6,34,12,6,1,0,51,1,7,422,7422,15,2006,"1D4HB48N26F1","1","D","4","H","B","4","8","N","2","6","F","1",0,0,0,"000000000","00000000000",0,0,0,1,0,0,0,0,0,0,0,0,0,0,0,12,6,2,12,0,0,0,1,51,22712,6,1,0,0,3,3,64,170,0,0,0,3,0,1,2013,11,2014,0,0,0,0,0,2,2,45,1,1,2,2,0,0,1,17,1,1,1,69,"777777777777","777777777777","777777777777",1,0
51,510249,1,1,1,6,6,8,10,5,0,1,0,51,1,37,709,37709,80,2008,"JH2RC53448M1","J","H","2","R","C","5","3","4","4","8","M","1",0,0,0,"000000000","00000000000",0,0,0,1,0,0,0,0,0,0,0,60,0,0,0,0,6,2,5,0,0,0,1,51,24153,6,1,0,0,3,0,61,162,1,0,0,0,0,10,2015,10,2015,0,0,0,0,0,3,2,60,1,1,2,1,0,0,1,8,16,7,2,0,"777777777777","777777777777","777777777777",1,0
51,510250,1,2,1,31,5,13,58,12,6,1,0,51,1,23,481,23481,31,2001,"1GTJC39G31E2","1","G","T","J","C","3","9","G","3","1","E","2",0,0,0,"000000000","00000000000",0,0,0,1,0,0,0,0,0,0,0,10,0,0,0,1,6,2,12,0,0,0,1,51,24089,6,1,0,0,3,0,74,200,0,0,0,0,0,0,0,0,0,0,0,0,0,0,2,2,99,1,1,2,1,20,3,1,4,1,1,1,87,"777777777777","777777777777","777777777777",0,0
51,510250,2,2,1,31,5,13,58,12,6,1,0,51,1,35,472,35472,30,2001,"1N6DD26S21C3","1","N","6","D","D","2","6","S","2","1","C","3",0,0,0,"000000000","00000000000",0,0,0,1,0,0,0,0,0,0,0,50,0,0,0,11,6,2,12,0,0,0,1,51,24171,6,1,0,0,3,0,75,271,0,0,0,0,0,0,0,0,0,0,0,0,0,0,1,2,60,1,1,2,1,0,0,1,66,1,1,1,86,"777777777777","777777777777","777777777777",1,0
51,510251,1,1,1,12,6,3,50,34,0,1,0,51,2,37,401,37401,14,2002,"4S6DM58W5244","4","S","6","D","M","5","8","W","5","2","4","4",0,0,0,"000000000","00000000000",0,0,0,1,0,0,0,0,0,0,0,998,0,1,5,11,6,2,1,0,0,0,1,51,23234,0,0,0,0,0,0,999,999,1,2,0,0,1,11,2013,1,2015,0,0,0,0,0,1,2,55,1,1,2,1,0,0,1,13,99,2,4,1,"777777777777","777777777777","777777777777",1,1
51,510252,1,2,1,13,6,18,30,12,6,1,0,51,1,7,7,7007,4,1989,"1B3XM26P1KW3","1","B","3","X","M","2","6","P","1","K","W","3",0,0,0,"000000000","00000000000",0,0,0,1,0,0,0,0,0,0,0,15,0,0,0,9,6,2,12,0,0,0,1,51,24151,6,1,0,0,3,3,62,185,0,0,0,0,0,0,0,0,0,0,38,0,0,0,2,2,55,1,1,2,1,0,0,11,66,1,1,1,68,"777777777777","777777777777","777777777777",1,0
51,510252,2,2,1,13,6,18,30,12,6,1,0,51,1,12,481,12481,31,2010,"1FTFX1EV6AFC","1","F","T","F","X","1","E","V","6","A","F","C",0,0,0,"000000000","00000000000",0,0,0,1,0,0,0,0,0,0,0,50,0,0,0,12,6,2,12,0,0,0,1,51,24112,6,1,6,0,3,0,74,230,0,0,0,1,1,4,2012,1,2014,0,0,0,0,0,1,2,55,1,1,2,1,0,0,1,17,16,1,1,69,"777777777777","777777777777","777777777777",0,0
51,510253,1,2,2,13,6,17,46,12,6,1,0,12,1,55,36,55036,4,2009,"KMHCN46C79U3","K","M","H","C","N","4","6","C","7","9","U","3",0,0,0,"000000000","00000000000",0,0,0,1,0,0,0,0,0,0,0,0,0,0,0,11,6,2,12,0,0,0,1,51,23437,6,1,0,0,3,0,65,160,0,0,0,0,0,0,0,0,0,0,0,0,0,0,1,2,45,4,1,2,1,0,0,14,9,16,7,2,64,"777777777777","777777777777","777777777777",2,0
51,510253,2,2,1,13,6,17,46,12,6,1,0,51,1,37,32,37032,4,2013,"1HGCR3F8XDA0","1","H","G","C","R","3","F","8","X","D","A","0",0,0,0,"000000000","00000000000",0,0,0,1,0,0,0,0,0,0,0,53,0,0,0,12,6,2,12,0,0,0,1,51,23454,6,1,0,0,3,0,69,135,0,0,0,1,0,2,2014,2,2014,5,0,0,0,0,1,2,45,4,1,2,1,0,0,14,62,1,1,1,65,"777777777777","777777777777","777777777777",0,0
51,510254,1,1,2,22,5,3,52,53,0,1,0,51,2,49,401,49401,14,1997,"JT3HN87R3V00","J","T","3","H","N","8","7","R","3","V","0","0",0,0,0,"000000000","00000000000",0,0,0,1,0,0,0,0,0,0,0,998,0,2,1,12,6,2,42,0,0,1,1,51,22712,0,0,0,0,0,0,999,999,0,0,0,0,0,0,0,0,0,4,0,0,0,0,1,2,45,2,2,2,1,0,0,14,12,99,2,4,6,"777777777777","777777777777","777777777777",1,1
51,510255,1,2,1,1,6,15,46,12,6,1,0,51,1,49,40,49040,4,1999,"4T1BG22K8XU8","4","T","1","B","G","2","2","K","8","X","U","8",0,0,0,"000000000","00000000000",0,0,0,1,0,0,0,0,0,0,0,998,0,0,0,9,6,2,12,0,0,1,1,51,20155,6,1,0,0,3,3,66,155,0,0,0,0,0,0,0,0,0,0,38,0,0,0,3,2,99,1,2,2,1,20,3,11,66,1,1,1,68,"777777777777","777777777777","777777777777",1,0
51,510255,2,2,1,1,6,15,46,12,6,1,0,11,1,98,898,98898,63,2007,"2FZHAZCVX7AX","2","F","Z","H","A","Z","C","V","X","7","A","X",0,0,57,"02842926","5702842926",3,2,7,1,0,0,0,0,0,0,0,50,0,0,0,12,6,2,12,0,0,1,1,51,22191,6,1,6,0,3,0,64,150,1,0,0,1,0,2,2013,4,2013,0,0,0,0,0,3,3,55,1,3,2,1,0,0,1,17,16,1,1,69,"777777777777","777777777777","777777777777",0,0
51,510256,1,1,1,15,5,0,31,1,0,1,0,51,1,22,16,22016,4,2000,"1G2JB5246Y73","1","G","2","J","B","5","2","4","6","Y","7","3",0,0,0,"000000000","00000000000",0,0,0,1,0,0,0,0,0,0,0,998,0,2,5,0,6,2,1,0,0,0,1,51,24054,6,1,0,0,3,0,66,132,0,0,0,0,0,0,0,0,0,0,0,0,0,0,1,2,55,1,1,2,1,0,0,1,12,16,1,4,6,"777777777777","777777777777","777777777777",1,0
51,510257,1,1,2,10,6,18,13,1,0,1,0,51,1,12,481,12481,31,1999,"1FTSX31F1XED","1","F","T","S","X","3","1","F","1","X","E","D",0,0,0,"000000000","00000000000",0,0,0,1,0,0,0,0,0,0,0,85,0,2,5,0,6,2,1,0,0,0,1,51,23139,6,1,6,0,3,0,72,215,0,0,0,1,0,7,2011,7,2011,3,0,0,0,0,1,2,55,3,1,2,1,0,0,14,6,99,2,4,1,"777777777777","777777777777","777777777777",1,1
51,510258,1,1,4,12,6,2,0,1,0,1,0,51,1,49,472,49472,40,2001,"5TESN92N41Z8","5","T","E","S","N","9","2","N","4","1","Z","8",0,0,0,"000000000","00000000000",0,0,0,1,0,0,0,0,0,0,0,60,0,2,1,0,8,2,1,0,0,0,1,51,22520,6,1,0,0,3,0,72,195,1,2,0,1,2,7,2013,9,2015,3,58,0,0,0,1,2,45,3,2,2,1,0,0,14,6,8,4,6,98,"777777777777","777777777777","777777777777",1,1
51,510259,1,1,4,28,4,21,46,34,0,1,0,51,2,55,36,55036,4,2012,"KMHCT4AEXCU0","K","M","H","C","T","4","A","E","X","C","U","0",0,0,0,"000000000","00000000000",0,0,0,1,0,0,0,0,0,0,0,50,0,0,0,12,6,2,42,0,0,0,1,51,24085,6,1,0,0,3,0,76,280,0,0,0,0,0,0,0,0,0,0,0,0,0,0,1,2,55,1,2,2,6,0,0,1,5,5,2,4,7,"777777777777","777777777777","777777777777",1,0
51,510260,1,3,1,16,5,14,29,12,1,1,0,51,3,20,481,20481,31,2008,"1GBJC39678E1","1","G","B","J","C","3","9","6","7","8","E","1",0,0,0,"000000000","00000000000",0,0,0,1,0,0,0,0,0,0,0,60,0,0,0,12,6,2,12,0,0,0,1,51,23701,6,1,6,0,3,0,68,185,1,0,0,1,1,3,2013,8,2014,3,0,0,0,0,3,4,55,1,1,2,1,0,0,1,50,5,1,1,20,"777777777777","777777777777","777777777777",0,0
51,510260,2,3,4,16,5,14,29,12,1,1,0,51,2,35,43,35043,4,2002,"3N1CB51D52L6","3","N","1","C","B","5","1","D","5","2","L","6",0,0,0,"000000000","00000000000",0,0,0,1,0,0,0,0,0,0,0,0,0,0,0,6,8,8,12,0,0,1,1,51,23504,1,1,0,0,2,0,61,128,0,3,0,0,0,6,2011,12,2011,0,0,0,0,0,3,4,55,1,1,2,1,0,0,5,53,1,1,1,21,"777777777777","777777777777","777777777777",2,0
51,510260,3,3,1,16,5,14,29,12,1,1,0,51,3,92,981,92981,52,2006,"15GGD2914610","1","5","G","G","D","2","9","1","4","6","1","0",0,0,88,"888888888","88888888888",3,21,22,1,0,0,0,0,6,3,0,55,0,0,0,7,8,8,12,0,0,0,1,51,23503,6,1,6,0,3,0,67,230,0,0,0,0,0,0,0,0,0,0,0,0,0,0,3,4,55,1,1,2,1,0,0,1,60,99,1,1,98,"777777777777","777777777777","777777777777",0,0
51,510261,1,1,2,25,5,17,45,34,0,1,0,51,1,20,473,20473,30,2006,"1GCCS1487683","1","G","C","C","S","1","4","8","7","6","8","3",0,0,0,"000000000","00000000000",0,0,0,1,0,0,0,0,0,0,0,55,0,1,5,12,6,2,1,0,0,0,1,51,23359,1,1,0,0,2,0,68,160,3,2,0,1,3,6,2013,11,2015,0,36,0,0,0,1,2,55,1,1,4,1,0,0,1,12,16,2,4,7,"777777777777","777777777777","777777777777",1,0
51,510262,1,2,1,18,6,12,30,12,2,1,0,51,1,53,706,53706,80,2008,"JS1GT77A5821","J","S","1","G","T","7","7","A","5","8","2","1",0,0,0,"000000000","00000000000",0,0,0,1,0,0,0,0,0,0,0,55,0,0,0,12,6,2,12,0,0,0,1,51,23050,6,1,0,0,3,0,73,205,0,1,0,2,0,11,2012,8,2013,0,51,0,0,0,2,2,55,2,1,2,1,0,0,14,10,99,2,2,50,"777777777777","777777777777","777777777777",1,0
51,510262,2,2,2,18,6,12,30,12,2,1,0,51,1,49,402,49402,14,2013,"2T3BFREVXDW0","2","T","3","B","F","R","E","V","X","D","W","0",0,0,0,"000000000","00000000000",0,0,0,1,0,0,0,0,0,0,0,35,0,0,0,12,6,2,12,0,0,0,1,51,23061,6,1,0,0,3,0,71,230,0,0,0,1,0,10,2013,10,2013,0,0,0,0,0,2,2,55,3,1,2,1,0,0,14,62,9,1,2,51,"777777777777","777777777777","777777777777",0,0
51,510263,1,1,1,15,6,5,20,8,0,1,0,51,1,37,32,37032,4,2008,"1HGCP36808A0","1","H","G","C","P","3","6","8","0","8","A","0",0,0,0,"000000000","00000000000",0,0,0,1,0,0,0,0,0,0,0,45,0,0,0,1,6,2,8,0,0,0,1,51,23183,6,1,0,0,3,0,67,150,0,0,0,0,0,0,0,0,0,0,0,0,0,0,2,2,45,1,1,2,1,0,0,1,80,5,1,2,13,"777777777777","777777777777","777777777777",0,0
51,510264,1,1,1,18,5,15,40,8,0,1,0,51,1,2,403,2403,14,2012,"1C4BJWFG3CL1","1","C","4","B","J","W","F","G","3","C","L","1",0,0,0,"000000000","00000000000",0,0,0,1,0,0,0,0,0,0,0,20,0,0,0,12,9,8,8,0,0,0,1,51,22041,6,1,0,0,3,0,65,150,0,0,0,1,0,10,2014,10,2014,0,0,0,0,0,3,4,30,1,1,2,1,3,3,11,80,99,1,1,13,"777777777777","777777777777","777777777777",0,0
51,510265,1,1,1,12,5,20,57,8,0,1,1,99,9,99,999,99999,99,9999,"999999999999","9","9","9","9","9","9","9","9","9","9","9","9",0,0,0,"000000000","00000000000",0,0,0,1,0,0,0,0,0,99,0,998,0,0,0,98,9,9,8,0,0,0,1,99,99999,9,9,99,9,9,9,999,999,99,99,99,99,99,99,9999,99,9999,9,0,0,0,0,2,2,30,1,1,2,1,0,0,1,80,99,9,9,13,"777777777777","777777777777","777777777777",0,0
51,510266,1,1,1,16,5,9,27,8,0,1,0,51,1,49,472,49472,30,2001,"5TESM92NX1Z7","5","T","E","S","M","9","2","N","X","1","Z","7",0,0,0,"000000000","00000000000",0,0,0,1,0,0,0,0,0,0,0,20,0,0,0,12,8,2,8,0,0,0,1,51,23502,6,1,0,0,3,0,70,160,0,0,0,0,1,2,2016,2,2016,0,0,0,0,0,2,4,35,1,1,2,1,3,3,11,80,99,1,1,13,"777777777777","777777777777","777777777777",0,0
51,510267,1,2,1,16,6,8,30,12,6,1,0,51,1,7,442,7442,20,2004,"1D4GP24R64B5","1","D","4","G","P","2","4","R","6","4","B","5",0,0,0,"000000000","00000000000",0,0,0,1,0,0,0,0,0,0,0,45,0,0,0,11,6,2,12,0,0,0,1,51,23061,6,1,0,0,3,0,72,245,0,1,0,1,0,4,2012,1,2015,0,0,0,0,0,1,2,55,2,1,2,1,0,0,14,10,99,1,2,64,"777777777777","777777777777","777777777777",0,0
51,510267,2,2,1,16,6,8,30,12,6,1,0,51,1,52,46,52046,4,2004,"JA3AJ26E04U0","J","A","3","A","J","2","6","E","0","4","U","0",0,0,0,"000000000","00000000000",0,0,0,1,0,0,0,0,0,0,0,45,0,0,0,11,6,2,12,0,0,0,1,51,23169,6,1,0,0,3,0,72,185,0,0,0,0,0,0,0,0,0,0,0,0,0,0,1,2,55,2,1,2,1,0,0,14,10,99,1,2,65,"777777777777","777777777777","777777777777",1,0
51,510268,1,1,1,9,5,17,0,42,0,1,0,51,1,6,43,6043,2,1998,"4C3AU52N0WE1","4","C","3","A","U","5","2","N","0","W","E","1",0,0,0,"000000000","00000000000",0,0,0,1,0,0,0,0,0,0,0,70,0,0,0,12,6,2,42,0,0,0,1,51,23882,6,1,0,0,3,0,74,315,0,0,0,1,1,11,2014,1,2016,3,0,0,0,0,1,2,55,1,1,2,1,0,0,1,13,1,1,4,1,"777777777777","777777777777","777777777777",1,0
51,510269,1,1,1,16,5,10,45,35,0,1,0,51,1,2,404,2404,14,1999,"1J4GW68N6XC7","1","J","4","G","W","6","8","N","6","X","C","7",0,0,0,"000000000","00000000000",0,0,0,1,0,0,0,0,0,0,0,55,0,1,5,12,6,2,1,0,0,0,1,51,23923,6,1,0,0,3,3,69,195,0,0,0,0,0,0,0,0,0,0,0,0,0,0,1,2,55,3,2,2,1,0,0,14,13,16,1,4,6,"777777777777","777777777777","777777777777",1,0
51,510270,1,1,1,16,4,6,0,35,0,1,0,51,1,20,471,20471,30,1998,"1GCDT19X9W81","1","G","C","D","T","1","9","X","9","W","8","1",0,0,0,"000000000","00000000000",0,0,0,1,0,0,0,0,0,0,0,60,0,1,5,1,6,2,1,0,0,0,1,51,24225,6,1,0,0,3,0,71,224,0,0,0,1,0,10,2015,10,2015,3,0,0,0,0,1,2,45,1,1,2,1,0,0,1,6,16,2,4,2,"777777777777","777777777777","777777777777",1,0
51,510271,1,2,1,26,5,16,31,12,6,1,0,51,1,37,701,37701,81,2006,"JH2AF58016K3","J","H","2","A","F","5","8","0","1","6","K","3",0,0,0,"000000000","00000000000",0,0,0,1,0,0,0,0,0,0,0,10,0,0,0,12,6,2,12,0,0,0,1,51,23847,0,0,0,0,1,0,74,210,0,0,0,0,0,0,0,0,0,0,38,0,0,0,2,2,55,1,1,2,1,0,0,11,15,1,1,1,76,"777777777777","777777777777","777777777777",1,0
51,510271,2,2,1,26,5,16,31,12,6,1,0,51,1,38,890,38890,62,2001,"4KLC4B1R61J8","4","K","L","C","4","B","1","R","6","1","J","8",0,0,88,"888888888","88888888888",2,1,1,1,0,0,0,0,0,0,0,55,0,0,0,1,6,2,12,0,0,0,1,51,23824,6,1,0,0,3,0,73,300,0,0,0,0,1,2,2013,2,2013,0,0,0,0,0,2,2,55,1,1,2,1,0,0,1,61,16,1,1,77,"777777777777","777777777777","777777777777",0,0
51,510272,1,1,1,29,5,16,13,5,0,1,0,18,1,72,706,72706,80,2011,"1HD1BW511BB0","1","H","D","1","B","W","5","1","1","B","B","0",0,0,0,"000000000","00000000000",0,0,0,1,0,0,0,0,0,0,0,45,0,0,0,0,6,2,5,0,0,0,1,18,46064,6,1,0,0,3,3,72,195,0,0,0,0,0,0,0,0,0,0,0,0,0,0,3,2,45,3,1,2,1,0,0,2,18,16,1,1,0,"777777777777","777777777777","777777777777",1,0
51,510273,1,2,1,1,6,14,43,12,2,1,0,51,1,49,46,49046,5,2013,"JTDKDTB34D10","J","T","D","K","D","T","B","3","4","D","1","0",0,0,0,"000000000","00000000000",0,0,0,1,0,0,0,0,0,0,0,20,0,0,0,12,6,2,12,0,0,0,1,51,22556,1,1,0,0,2,0,68,150,0,0,0,0,0,0,0,0,0,0,38,0,0,0,1,2,40,1,1,2,1,3,3,11,66,1,1,1,68,"777777777777","777777777777","777777777777",1,1
51,510273,2,2,1,1,6,14,43,12,2,1,0,51,1,52,47,52047,6,2012,"JA4AR4AU6CZ0","J","A","4","A","R","4","A","U","6","C","Z","0",0,0,0,"000000000","00000000000",0,0,0,1,0,0,0,0,0,0,0,40,0,0,0,12,6,2,12,0,0,0,1,51,22556,6,1,0,0,3,3,66,190,0,0,0,2,0,5,2014,9,2015,0,0,0,0,0,1,2,40,1,1,2,1,0,0,1,62,1,1,1,69,"777777777777","777777777777","777777777777",0,0
51,510274,1,3,1,24,4,0,10,12,1,1,0,51,1,49,402,49402,14,2012,"2T3DF4DV7CW2","2","T","3","D","F","4","D","V","7","C","W","2",0,0,0,"000000000","00000000000",0,0,0,1,0,0,0,0,0,0,0,63,0,0,0,12,6,2,12,0,0,0,1,51,23509,6,1,0,0,3,0,68,150,0,0,0,1,0,1,2014,1,2014,0,0,0,0,0,2,4,40,1,1,2,1,3,3,1,50,16,1,1,20,"777777777777","777777777777","777777777777",0,1
51,510274,2,3,3,24,4,0,10,12,1,1,0,24,2,7,442,7442,20,1999,"1B4GP44G5XB8","1","B","4","G","P","4","4","G","5","X","B","8",0,0,0,"000000000","00000000000",0,0,0,1,0,0,0,0,0,0,0,0,0,0,0,6,6,2,12,0,0,0,1,51,23517,6,1,0,0,3,0,72,170,1,0,0,0,1,7,2014,9,2014,0,0,0,0,0,2,2,40,1,1,2,1,0,0,5,50,1,1,1,21,"777777777777","777777777777","777777777777",1,0