"STATE","ST_CASE","VEH_NO","VE_FORMS","NUMOCCS","DAY","MONTH","HOUR","MINUTE","HARM_EV","MAN_COLL","UNITTYPE","HIT_RUN","REG_STAT","OWNER","MAKE","MODEL","MAK_MOD","BODY_TYP","MOD_YEAR","VIN","VIN_1","VIN_2","VIN_3","VIN_4","VIN_5","VIN_6","VIN_7","VIN_8","VIN_9","VIN_10","VIN_11","VIN_12","TOW_VEH","J_KNIFE","MCARR_I1","MCARR_I2","MCARR_ID","GVWR","V_CONFIG","CARGO_BT","HAZ_INV","HAZ_PLAC","HAZ_ID","HAZ_CNO","HAZ_REL","BUS_USE","SPEC_USE","EMER_USE","TRAV_SP","UNDERIDE","ROLLOVER","ROLINLOC","IMPACT1","DEFORMED","TOWED","M_HARM","VEH_SC1","VEH_SC2","FIRE_EXP","DR_PRES","L_STATE","DR_ZIP","L_STATUS","L_TYPE","CDL_STAT","L_ENDORS","L_COMPL","L_RESTRI","DR_HGT","DR_WGT","PREV_ACC","PREV_SUS","PREV_DWI","PREV_SPD","PREV_OTH","FIRST_MO","FIRST_YR","LAST_MO","LAST_YR","SPEEDREL","DR_SF1","DR_SF2","DR_SF3","DR_SF4","VTRAFWAY","VNUM_LAN","VSPD_LIM","VALIGN","VPROFILE","VPAVETYP","VSURCOND","VTRAFCON","VTCONT_F","P_CRASH1","P_CRASH2","P_CRASH3","PCRASH4","PCRASH5","ACC_TYPE","TRLR1VIN","TRLR2VIN","TRLR3VIN","DEATHS","DR_DRINK"
51,510306,3,4,1,17,6,21,25,8,0,1,0,51,1,35,47,35047,4,2008,"1N4AL21E08C2","1","N","4","A","L","2","1","E","0","8","C","2",0,0,0,"000000000","00000000000",0,0,0,1,0,0,0,0,0,0,0,35,0,0,0,12,8,8,8,0,0,0,1,51,23185,6,1,0,0,3,0,71,180,0,0,0,1,0,1,2013,1,2013,0,0,0,0,0,2,4,45,1,1,2,1,0,0,1,80,99,1,1,98,"777777777777","777777777777","777777777777",0,0
51,510306,4,4,1,17,6,21,25,8,0,1,0,51,1,20,404,20404,14,2012,"2GNALDEK7C63","2","G","N","A","L","D","E","K","7","C","6","3",0,0,0,"000000000","00000000000",0,0,0,1,0,0,0,0,0,0,0,35,0,0,0,12,8,8,8,0,0,0,1,51,23602,6,1,0,0,3,0,78,215,0,0,0,0,0,0,0,0,0,0,0,0,0,0,2,4,45,1,1,2,1,0,0,1,80,99,1,1,98,"777777777777","777777777777","777777777777",0,0
51,510307,1,1,1,4,7,20,25,42,0,1,0,51,2,30,46,30046,4,1998,"WVWMA63B4WE3","W","V","W","M","A","6","3","B","4","W","E","3",0,0,0,"000000000","00000000000",0,0,0,1,0,0,0,0,0,0,0,70,0,0,0,13,6,2,42,0,0,0,1,51,23921,1,1,1,0,2,0,69,200,0,8,0,0,0,7,2011,5,2016,3,0,0,0,0,1,2,55,1,2,2,2,0,0,1,13,1,1,4,1,"777777777777","777777777777","777777777777",1,1
51,510308,1,1,1,3,7,8,37,42,0,1,0,40,3,87,884,87884,66,2011,"1XPHD49X8BD1","1","X","P","H","D","4","9","X","8","B","D","1",1,1,57,"06358500","5706358500",3,6,11,1,0,0,0,0,0,0,0,51,0,0,0,12,6,2,42,0,0,1,1,51,22815,6,1,6,0,3,0,73,238,0,0,0,0,0,0,0,0,0,0,0,0,0,0,1,4,55,1,1,2,2,0,0,1,12,99,2,4,6,"888888888888","777777777777","777777777777",1,0
51,510309,1,1,1,29,6,13,0,42,0,1,0,51,1,20,481,20481,31,2003,"1GCEK14V2YZ2","1","G","C","E","K","1","4","V","2","Y","Z","2",0,0,0,"000000000","00000000000",0,0,0,1,0,0,0,0,0,0,0,55,0,0,0,1,6,2,42,0,0,0,1,51,23002,6,1,0,0,3,0,70,265,0,0,0,1,2,3,2015,5,2016,0,58,0,0,0,1,2,55,1,1,2,1,0,0,1,12,16,4,4,7,"777777777777","777777777777","777777777777",1,0
51,510310,1,1,1,8,6,20,16,24,0,1,0,51,1,13,1,13001,4,2004,"1LNHM81W94Y6","1","L","N","H","M","8","1","W","9","4","Y","6",0,0,0,"000000000","00000000000",0,0,0,1,0,0,0,0,0,0,0,998,0,0,0,4,6,2,34,0,0,0,1,51,24084,6,1,0,0,3,3,65,135,0,0,0,2,1,4,2016,4,2016,0,0,0,0,0,2,2,55,1,1,2,1,0,0,1,13,1,1,4,1,"777777777777","777777777777","777777777777",1,0
51,510311,1,1,1,19,6,0,5,42,0,1,0,51,1,20,481,20481,31,1994,"1GCEC14K9RE2","1","G","C","E","C","1","4","K","9","R","E","2",0,0,0,"000000000","00000000000",0,0,0,1,0,0,0,0,0,0,0,55,0,0,0,12,6,2,42,0,0,0,1,51,22503,6,1,0,0,3,0,74,260,1,0,0,0,0,6,2015,6,2015,3,0,0,0,0,1,2,45,3,3,2,1,40,3,14,13,16,1,4,1,"777777777777","777777777777","777777777777",1,1
51,510312,1,2,1,21,6,6,50,12,2,1,0,51,1,19,18,19018,4,2004,"1G6DM5771401","1","G","6","D","M","5","7","7","1","4","0","1",0,0,0,"000000000","00000000000",0,0,0,1,0,0,0,0,0,0,0,998,0,0,0,12,6,2,12,0,0,0,1,51,23696,6,1,0,0,3,0,69,165,0,0,0,2,0,12,2014,1,2016,0,28,0,0,0,1,2,45,3,2,2,1,0,0,15,10,16,1,2,50,"777777777777","777777777777","777777777777",1,0
51,510312,2,2,2,21,6,6,50,12,2,1,0,51,1,49,482,49482,31,2007,"5TFBV54157X0","5","T","F","B","V","5","4","1","5","7","X","0",0,0,0,"000000000","00000000000",0,0,0,1,0,0,0,0,0,0,0,10,0,0,0,12,6,2,12,0,0,0,1,51,23696,6,1,0,0,3,0,75,300,0,0,0,1,0,9,2012,9,2012,0,0,0,0,0,1,2,45,3,2,2,1,0,0,2,62,1,1,1,51,"777777777777","777777777777","777777777777",0,0
51,510313,1,3,1,7,7,12,3,12,6,1,0,51,1,18,3,18003,4,2002,"1G4CW54K7241","1","G","4","C","W","5","4","K","7","2","4","1",0,0,0,"000000000","00000000000",0,0,0,1,0,0,0,0,0,0,0,15,0,0,0,1,6,2,12,0,0,0,1,51,24090,6,1,0,0,3,0,65,150,0,0,0,0,0,0,0,0,0,0,38,0,0,0,2,2,55,1,1,2,1,0,0,11,15,99,1,1,76,"777777777777","777777777777","777777777777",1,0
51,510313,2,3,1,7,7,12,3,12,6,1,0,51,1,35,47,35047,4,2002,"1N4BL11D12C2","1","N","4","B","L","1","1","D","1","2","C","2",0,0,0,"000000000","00000000000",0,0,0,1,0,0,0,0,0,0,0,55,0,0,0,12,6,2,12,0,0,0,1,51,24066,6,1,0,0,3,0,64,180,0,0,0,0,0,0,0,0,0,0,0,0,0,0,2,2,55,1,1,2,1,0,0,1,65,99,1,1,77,"777777777777","777777777777","777777777777",0,0
51,510313,3,3,1,7,7,12,3,12,6,1,0,51,1,7,25,7025,5,2007,"1B3HB48B97D1","1","B","3","H","B","4","8","B","9","7","D","1",0,0,0,"000000000","00000000000",0,0,0,1,0,0,0,0,0,0,0,0,0,0,0,12,8,8,12,0,0,0,1,51,24018,6,1,0,0,3,0,64,147,0,0,0,0,0,0,0,0,0,0,0,0,0,0,2,2,55,1,1,2,1,20,3,5,66,99,1,1,98,"777777777777","777777777777","777777777777",0,0
51,510314,1,1,3,30,5,20,36,30,0,1,0,10,2,35,421,35421,15,2004,"5N1AA08B64N7","5","N","1","A","A","0","8","B","6","4","N","7",0,0,0,"000000000","00000000000",0,0,0,1,0,0,0,0,0,0,0,55,0,0,0,11,6,2,30,0,0,0,1,10,19962,6,1,0,0,3,0,71,190,0,0,0,1,0,4,2015,4,2015,0,0,0,0,0,2,2,55,1,1,2,2,0,0,1,13,1,1,4,1,"777777777777","777777777777","777777777777",2,0
51,510315,1,2,1,5,6,22,40,12,2,1,0,51,1,20,482,20482,31,2008,"3GNFK12338G1","3","G","N","F","K","1","2","3","3","8","G","1",0,0,0,"000000000","00000000000",0,0,0,1,0,0,0,0,0,0,0,55,0,0,0,12,6,2,12,0,0,0,1,51,23970,6,1,0,0,3,0,73,200,0,0,0,0,0,0,0,0,0,0,28,0,0,0,1,2,55,1,2,2,1,0,0,1,10,99,1,2,50,"777777777777","777777777777","777777777777",0,0
51,510315,2,2,1,5,6,22,40,12,2,1,0,51,2,20,37,20037,4,1998,"1G1ND52T6WY1","1","G","1","N","D","5","2","T","6","W","Y","1",0,0,0,"000000000","00000000000",0,0,0,1,0,0,0,0,0,0,0,35,0,0,0,12,6,2,12,0,0,0,1,51,23824,6,1,0,0,3,0,64,155,0,0,0,0,0,0,0,0,0,0,0,0,0,0,1,2,55,1,2,2,1,0,0,1,62,7,1,1,51,"777777777777","777777777777","777777777777",1,0
51,510316,1,1,1,4,7,0,26,53,0,1,0,51,2,35,39,35039,4,2006,"1N4BA41E96C8","1","N","4","B","A","4","1","E","9","6","C","8",0,0,0,"000000000","00000000000",0,0,0,1,0,0,0,0,0,0,0,998,0,0,0,12,6,2,32,0,0,0,1,51,23834,6,1,0,0,3,0,72,230,0,0,0,1,1,11,2013,2,2014,3,0,0,0,0,1,2,25,2,1,2,1,0,0,14,12,99,2,4,7,"777777777777","777777777777","777777777777",1,1
51,510317,1,1,1,4,7,17,25,1,0,1,0,51,1,2,405,2405,14,2002,"1J4GL58K32W1","1","J","4","G","L","5","8","K","3","2","W","1",0,0,0,"000000000","00000000000",0,0,0,1,0,0,0,0,0,0,0,85,0,2,3,0,6,2,1,0,0,0,1,51,22902,6,1,0,0,3,0,61,140,0,0,0,0,0,0,0,0,0,0,58,0,0,0,3,2,70,1,2,2,2,0,0,1,13,6,7,4,6,"777777777777","777777777777","777777777777",1,0
51,510318,1,1,2,3,7,15,20,34,0,1,0,51,2,12,35,12035,4,1999,"1FAFP6630XK2","1","F","A","F","P","6","6","3","0","X","K","2",0,0,0,"000000000","00000000000",0,0,0,1,0,0,0,0,0,0,0,65,0,1,5,1,6,2,1,0,0,0,1,51,23434,6,1,0,0,3,0,74,245,0,5,0,4,2,9,2014,5,2016,3,0,0,0,0,3,3,60,1,1,2,1,0,0,1,13,99,3,4,1,"777777777777","777777777777","777777777777",2,0
51,510319,1,1,1,5,7,2,6,14,0,1,0,24,2,7,482,7482,31,2006,"3D7MX48C86G1","3","D","7","M","X","4","8","C","8","6","G","1",0,0,0,"000000000","00000000000",0,0,0,1,0,0,0,0,0,0,0,998,0,1,5,11,6,2,14,0,0,0,1,51,23462,1,1,0,0,2,0,65,140,0,5,0,2,1,3,2015,5,2016,0,58,0,0,0,2,5,45,1,1,2,1,97,8,1,13,1,1,4,1,"777777777777","777777777777","777777777777",1,1
51,510320,1,1,1,12,7,2,45,20,0,1,0,51,3,82,881,82881,66,2014,"1FUJGLDV2ELF","1","F","U","J","G","L","D","V","2","E","L","F",1,1,57,"00084328","5700084328",3,6,11,1,0,0,0,0,0,0,0,998,0,1,6,11,6,2,25,0,0,0,1,51,24441,6,1,6,0,3,0,69,176,0,0,0,0,0,0,0,0,0,5,0,0,0,0,6,2,60,2,1,1,1,0,0,14,12,99,1,4,6,"888888888888","777777777777","777777777777",1,0
51,510321,1,1,1,9,7,0,2,8,0,1,0,51,2,2,403,2403,14,2005,"1J4FA69S05P3","1","J","4","F","A","6","9","S","0","5","P","3",0,0,0,"000000000","00000000000",0,0,0,1,0,0,0,0,0,0,0,35,0,0,0,11,8,8,8,0,0,0,1,12,32003,6,1,0,0,3,0,72,999,0,0,0,1,0,2,2014,2,2014,0,0,0,0,0,2,4,45,1,1,2,1,3,3,1,80,99,1,1,13,"777777777777","777777777777","777777777777",0,1
51,510322,1,1,1,12,7,15,33,8,0,1,0,51,3,84,884,84884,63,2008,"1HTMKAAR68H5","1","H","T","M","K","A","A","R","6","8","H","5",0,0,88,"888888888","88888888888",3,2,4,1,0,0,0,0,0,0,0,5,0,0,0,98,0,5,8,0,0,0,1,51,24421,6,1,6,0,3,0,67,158,0,0,0,0,0,0,0,0,0,0,0,0,0,0,3,2,45,1,1,2,1,50,3,13,80,99,1,1,92,"777777777777","777777777777","777777777777",0,0
51,510323,1,2,1,15,7,6,15,12,6,1,0,51,1,12,24,12024,6,2015,"2FMPK4K96FBB","2","F","M","P","K","4","K","9","6","F","B","B",0,0,0,"000000000","00000000000",0,0,0,1,0,0,0,0,0,0,0,5,0,0,0,9,6,2,12,0,0,0,1,51,22980,6,1,0,0,3,0,68,150,0,0,0,0,0,0,0,0,0,0,38,0,0,0,1,2,35,1,1,2,1,20,3,1,17,99,1,1,89,"777777777777","777777777777","777777777777",0,0
51,510323,2,2,1,15,7,6,15,12,6,1,0,51,1,72,706,72706,80,2016,"1HD1KRM14GB6","1","H","D","1","K","R","M","1","4","G","B","6",0,0,0,"000000000","00000000000",0,0,0,1,0,0,0,0,0,0,0,55,0,0,0,12,6,2,12,0,0,0,1,51,22980,6,1,0,0,3,0,71,245,0,0,0,1,0,9,2014,9,2014,0,0,0,0,0,1,2,35,1,1,2,1,0,0,1,66,99,1,1,88,"777777777777","777777777777","777777777777",1,0
51,510324,1,1,1,15,7,2,40,1,0,1,0,42,3,98,884,98884,66,2000,"2FWYGSEB0YAB","2","F","W","Y","G","S","E","B","0","Y","A","B",1,1,57,"00282773","5700282773",3,6,97,1,0,0,0,0,0,0,0,70,0,2,3,0,6,2,1,0,0,0,1,10,19904,6,1,6,0,3,0,76,400,0,0,0,0,0,0,0,0,0,0,0,0,0,0,2,2,70,1,1,2,1,0,0,1,12,99,2,4,6,"888888888888","777777777777","777777777777",1,0
51,510325,1,2,3,16,7,14,30,12,1,1,0,51,1,20,481,20481,31,2004,"1GCEK19T44E1","1","G","C","E","K","1","9","T","4","4","E","1",0,0,0,"000000000","00000000000",0,0,0,1,0,0,0,0,0,0,0,15,0,1,3,6,6,2,1,0,0,0,1,51,24225,6,1,0,0,3,0,68,150,0,0,0,0,0,0,0,0,0,0,0,0,0,0,2,2,55,1,1,2,1,0,0,1,53,99,1,1,25,"777777777777","777777777777","777777777777",1,0
51,510325,2,2,2,16,7,14,30,12,1,1,0,51,1,7,442,7442,20,2013,"2C4RDGCG3DR6","2","C","4","R","D","G","C","G","3","D","R","6",0,0,0,"000000000","00000000000",0,0,0,1,0,0,0,0,0,0,0,55,0,0,0,12,6,2,12,0,0,0,1,51,24124,6,1,0,0,3,0,66,180,0,0,0,0,0,0,0,0,0,0,36,0,0,0,2,2,55,1,1,2,1,0,0,1,51,99,1,1,24,"777777777777","777777777777","777777777777",0,0
51,510326,1,3,1,16,7,9,6,12,2,1,0,24,3,12,481,12481,31,2011,"1FT7W2BTXBEA","1","F","T","7","W","2","B","T","X","B","E","A",0,0,0,"000000000","00000000000",0,0,0,1,0,0,0,0,0,0,0,66,0,0,0,12,6,2,12,0,0,0,1,51,22485,0,0,0,0,0,0,68,130,0,0,0,0,0,0,0,0,0,3,37,0,0,0,2,2,55,1,1,2,1,0,0,1,54,5,1,1,52,"777777777777","777777777777","777777777777",0,0
51,510326,2,3,1,16,7,9,6,12,2,1,0,51,1,76,706,76706,80,2014,"JYAVN05E3EA0","J","Y","A","V","N","0","5","E","3","E","A","0",0,0,0,"000000000","00000000000",0,0,0,1,0,0,0,0,0,0,0,5,0,0,0,12,6,2,12,0,0,0,1,51,22405,6,1,0,0,3,0,70,165,0,0,0,0,0,0,0,0,0,0,0,0,0,0,2,2,55,1,1,2,1,0,0,1,54,5,1,1,52,"777777777777","777777777777","777777777777",1,0
51,510326,3,3,1,16,7,9,6,12,2,1,0,51,1,20,481,20481,31,2009,"3GCEK13CX9G1","3","G","C","E","K","1","3","C","X","9","G","1",0,0,0,"000000000","00000000000",0,0,0,1,0,0,0,0,0,0,0,45,0,0,0,5,8,8,12,0,0,0,1,51,22485,6,1,0,0,3,0,73,210,0,0,0,0,0,0,0,0,0,0,0,0,0,0,2,2,55,1,1,2,1,0,0,1,63,6,2,2,98,"777777777777","777777777777","777777777777",0,0
51,510327,1,2,2,20,6,13,59,12,6,1,0,51,1,9,19,9019,4,1995,"1P3AA46K8SF5","1","P","3","A","A","4","6","K","8","S","F","5",0,0,0,"000000000","00000000000",0,0,0,1,0,0,0,0,0,0,0,15,0,0,0,3,6,2,12,0,0,0,1,51,23503,6,1,0,0,3,0,68,155,0,0,0,0,0,0,0,0,0,0,38,0,0,0,2,3,35,1,1,2,1,3,3,11,66,1,1,1,68,"777777777777","777777777777","777777777777",1,0
51,510327,2,2,1,20,6,13,59,12,6,1,0,51,1,55,33,55033,4,2006,"5NPEU46C96H0","5","N","P","E","U","4","6","C","9","6","H","0",0,0,0,"000000000","00000000000",0,0,0,1,0,0,0,0,0,0,0,35,0,0,0,12,6,2,12,0,0,0,1,51,23513,6,1,0,0,3,0,69,260,0,0,0,0,0,0,0,0,0,0,0,0,0,0,2,3,35,1,1,2,1,0,0,1,17,16,1,1,69,"777777777777","777777777777","777777777777",0,0
51,510328,1,1,1,19,7,6,13,42,0,1,0,51,1,20,481,20481,31,1999,"1GCEK19TXXE1","1","G","C","E","K","1","9","T","X","X","E","1",0,0,0,"000000000","00000000000",0,0,0,1,0,0,0,0,0,0,0,55,0,0,0,11,6,2,42,0,0,0,1,51,23890,6,1,0,0,3,0,73,195,1,0,0,0,0,5,2016,5,2016,0,0,0,0,0,1,2,55,2,1,2,1,0,0,14,12,99,1,4,6,"777777777777","777777777777","777777777777",1,0
51,510329,1,1,1,26,4,20,48,35,0,1,0,51,1,23,481,23481,31,2006,"1GTEK14Z36Z2","1","G","T","E","K","1","4","Z","3","6","Z","2",0,0,0,"000000000","00000000000",0,0,0,1,0,0,0,0,0,0,0,45,0,0,0,11,6,2,35,0,0,0,1,51,22602,6,1,0,0,3,0,69,200,0,0,0,0,0,0,0,0,0,0,58,0,0,0,1,2,45,3,1,2,1,0,0,14,13,6,4,4,2,"777777777777","777777777777","777777777777",1,0
51,510330,1,2,1,17,6,10,22,12,2,1,0,51,1,7,20,7020,4,2005,"1B3ES56C95D1","1","B","3","E","S","5","6","C","9","5","D","1",0,0,0,"000000000","00000000000",0,0,0,1,0,0,0,0,0,0,0,0,0,0,0,12,6,2,12,0,0,0,1,51,23605,6,1,0,0,3,0,61,105,0,7,0,0,0,3,2014,3,2015,0,28,0,0,0,3,2,35,1,1,2,1,3,3,1,10,16,1,2,50,"777777777777","777777777777","777777777777",1,0
51,510330,2,2,1,17,6,10,22,12,2,1,0,51,1,30,40,30040,4,2016,"3VWD67AJ2GM2","3","V","W","D","6","7","A","J","2","G","M","2",0,0,0,"000000000","00000000000",0,0,0,1,0,0,0,0,0,0,0,35,0,0,0,12,8,2,12,0,0,0,1,51,23602,6,1,0,0,3,0,64,149,1,2,0,2,2,12,2014,7,2015,0,0,0,0,0,2,3,35,1,1,2,1,3,3,1,64,1,1,1,51,"777777777777","777777777777","777777777777",0,0
51,510331,1,1,1,16,6,17,0,38,0,1,0,51,1,72,706,72706,80,2012,"1HD1GPM18CC3","1","H","D","1","G","P","M","1","8","C","C","3",0,0,0,"000000000","00000000000",0,0,0,1,0,0,0,0,0,0,0,45,0,0,0,12,6,2,38,0,0,0,1,39,44663,6,1,6,0,3,0,72,235,1,0,0,1,0,6,2011,3,2015,0,58,0,0,0,1,2,55,3,1,2,1,0,0,14,13,1,1,4,1,"777777777777","777777777777","777777777777",1,0
51,510332,1,1,1,22,6,22,2,8,0,1,1,51,1,18,7,18007,4,2005,"2G4WS52J5511","2","G","4","W","S","5","2","J","5","5","1","1",0,0,0,"000000000","00000000000",0,0,0,1,0,0,0,0,0,0,0,55,0,0,0,12,8,8,8,0,0,0,1,51,24017,6,1,0,0,3,0,64,125,0,2,0,2,0,5,2015,10,2015,0,36,0,0,0,3,2,55,3,1,2,1,0,0,14,80,99,1,1,13,"777777777777","777777777777","777777777777",0,0
51,510333,1,2,1,20,6,20,38,12,6,1,0,51,2,73,706,73706,80,2009,"JKAEXMJ179DA","J","K","A","E","X","M","J","1","7","9","D","A",0,0,0,"000000000","00000000000",0,0,0,1,0,0,0,0,0,0,0,65,0,0,0,11,6,2,12,0,0,0,1,51,23666,6,1,0,0,3,0,70,175,0,1,0,0,0,10,2011,10,2011,3,0,0,0,0,1,2,25,1,1,2,1,0,0,1,67,5,1,1,83,"777777777777","777777777777","777777777777",1,0
51,510333,2,2,1,20,6,20,38,12,6,1,0,51,1,49,40,49040,4,2008,"4T1BE46K88U7","4","T","1","B","E","4","6","K","8","8","U","7",0,0,0,"000000000","00000000000",0,0,0,1,0,0,0,0,0,0,0,2,0,0,0,10,6,2,12,0,0,0,1,51,23072,6,1,0,0,3,0,62,144,0,0,0,0,0,0,0,0,0,0,0,0,0,0,1,2,25,1,1,2,1,20,3,11,54,99,1,1,82,"777777777777","777777777777","777777777777",0,0
51,510334,1,1,1,25,6,0,35,8,0,1,1,99,9,99,999,99999,99,9999,"999999999999","9","9","9","9","9","9","9","9","9","9","9","9",0,0,0,"000000000","00000000000",0,0,0,1,0,0,0,0,0,99,0,998,0,0,0,12,9,9,8,0,0,0,1,99,99999,9,9,99,9,9,9,999,999,99,99,99,99,99,99,9999,99,9999,0,0,0,0,0,1,4,98,1,1,2,2,3,3,1,80,99,9,9,13,"777777777777","777777777777","777777777777",0,0
51,510335,1,1,1,27,6,10,40,53,0,1,0,51,2,73,703,73703,80,2005,"JKAEXMF125DA","J","K","A","E","X","M","F","1","2","5","D","A",0,0,0,"000000000","00000000000",0,0,0,1,0,0,0,0,0,0,0,60,0,0,0,12,6,2,53,0,0,0,1,51,22801,1,1,0,0,2,0,72,185,0,2,0,0,0,4,2013,5,2013,5,84,0,0,0,1,2,55,2,2,2,1,0,0,14,6,16,1,4,3,"777777777777","777777777777","777777777777",1,1
51,510336,1,1,1,1,7,20,13,42,0,1,0,99,9,37,703,37703,80,1998,"999999999999","9","9","9","9","9","9","9","9","9","9","9","9",0,0,0,"000000000","00000000000",0,0,0,1,0,0,0,0,0,0,0,25,0,0,0,12,6,2,42,0,0,0,1,51,23954,6,1,0,0,3,0,69,190,0,0,0,0,0,0,0,0,0,0,0,0,0,0,1,2,35,3,1,4,1,0,0,14,13,1,1,4,1,"777777777777","777777777777","777777777777",1,0
51,510337,1,1,1,8,7,18,9,42,0,1,0,51,2,72,706,72706,80,2005,"1HD1BHY185Y0","1","H","D","1","B","H","Y","1","8","5","Y","0",0,0,0,"000000000","00000000000",0,0,0,1,0,0,0,0,0,0,0,55,0,0,0,12,6,2,42,0,0,0,1,51,22701,6,1,0,0,3,0,71,150,1,0,0,0,4,9,2013,6,2015,4,0,0,0,0,1,2,45,3,1,2,1,0,0,14,13,99,2,4,1,"777777777777","777777777777","777777777777",1,1
51,510338,1,1,1,13,7,0,30,24,0,1,0,51,1,76,705,76705,80,2014,"JYARJ16E5EA0","J","Y","A","R","J","1","6","E","5","E","A","0",0,0,0,"000000000","00000000000",0,0,0,1,0,0,0,0,0,0,0,100,0,0,0,12,6,2,24,0,0,0,1,51,22204,6,1,0,0,3,0,65,140,1,0,0,0,0,11,2015,11,2015,3,0,0,0,0,3,4,55,1,1,1,1,0,0,1,13,99,3,4,2,"777777777777","777777777777","777777777777",1,0
51,510339,1,2,3,1,6,16,50,12,6,1,0,51,1,42,43,42043,4,2007,"WDDNG71XX7A1","W","D","D","N","G","7","1","X","X","7","A","1",0,0,0,"000000000","00000000000",0,0,0,1,0,0,0,0,0,0,0,35,0,0,0,11,6,2,12,0,0,0,1,51,22030,6,1,0,0,3,0,62,145,0,0,0,0,0,0,0,0,0,0,39,0,0,0,3,5,40,1,1,2,1,3,3,1,17,99,1,1,77,"777777777777","777777777777","777777777777",0,0
51,510339,2,2,1,1,6,16,50,12,6,1,0,51,1,12,4,12004,4,1989,"1FAPP6243KH1","1","F","A","P","P","6","2","4","3","K","H","1",0,0,0,"000000000","00000000000",0,0,0,1,0,0,0,0,0,0,0,20,0,0,0,1,6,2,12,0,0,0,1,51,22150,6,1,0,0,3,0,70,144,0,0,0,0,0,0,0,0,0,0,0,0,0,0,3,5,40,1,1,2,1,3,3,11,66,99,1,1,76,"777777777777","777777777777","777777777777",1,0
51,510340,1,1,1,15,7,7,16,24,0,1,0,45,1,12,16,12016,4,2007,"2FDHP74V47X1","2","F","D","H","P","7","4","V","4","7","X","1",0,0,0,"000000000","00000000000",0,0,0,1,0,0,0,0,0,0,0,70,0,0,0,12,6,2,24,0,0,0,1,45,29706,6,1,6,0,3,3,72,210,0,0,0,0,0,0,0,0,0,0,58,0,0,0,3,2,70,1,1,2,1,0,0,1,13,15,1,4,1,"777777777777","777777777777","777777777777",1,0
51,510341,1,1,1,15,7,22,45,8,0,1,0,37,1,49,472,49472,30,2006,"5TEUU42N46Z3","5","T","E","U","U","4","2","N","4","6","Z","3",0,0,0,"000000000","00000000000",0,0,0,1,0,0,0,0,0,0,0,55,0,0,0,1,8,8,8,0,0,0,1,37,27017,6,1,6,0,3,0,71,999,0,0,0,0,0,0,0,0,0,0,0,0,0,0,2,2,65,1,1,2,1,0,0,1,80,99,1,1,13,"777777777777","777777777777","777777777777",0,0
51,510342,1,1,1,17,6,7,36,33,0,1,0,51,1,41,50,41050,4,2008,"1YVHP80C685M","1","Y","V","H","P","8","0","C","6","8","5","M",0,0,0,"000000000","00000000000",0,0,0,1,0,0,0,0,0,0,0,50,0,0,0,1,6,2,42,0,0,0,1,51,22182,6,1,0,0,3,0,68,158,0,1,0,2,1,12,2013,6,2016,3,0,0,0,0,1,2,25,3,2,2,1,0,0,14,6,99,1,4,1,"777777777777","777777777777","777777777777",1,1
51,510343,1,1,1,21,7,21,8,8,0,1,0,51,1,23,461,23461,21,1997,"1GTFG29R3V10","1","G","T","F","G","2","9","R","3","V","1","0",0,0,0,"000000000","00000000000",0,0,0,1,0,0,0,0,0,0,0,35,0,0,0,12,8,8,8,0,0,0,1,51,22802,6,1,0,0,3,3,70,195,0,0,0,0,0,0,0,0,0,0,0,0,0,0,1,2,25,1,1,2,1,0,0,1,80,1,1,1,13,"777777777777","777777777777","777777777777",0,0
51,510344,1,2,2,4,6,10,59,12,6,1,0,51,1,20,481,20481,31,1998,"1GCEC19RXWE1","1","G","C","E","C","1","9","R","X","W","E","1",0,0,0,"000000000","00000000000",0,0,0,1,0,0,0,0,0,0,0,15,0,0,0,2,8,3,12,0,0,0,1,51,23111,6,1,0,0,3,0,75,245,0,2,0,1,1,8,2013,2,2015,0,38,0,0,0,1,3,55,1,1,2,1,3,3,11,66,1,1,1,68,"777777777777","777777777777","777777777777",1,0
51,510344,2,2,1,4,6,10,59,12,6,1,0,51,1,12,481,12481,31,2002,"1FTSX31F62EA","1","F","T","S","X","3","1","F","6","2","E","A",0,0,0,"000000000","00000000000",0,0,0,1,0,0,0,0,0,0,0,55,0,0,0,12,6,2,12,0,0,0,1,51,23103,6,2,0,0,3,3,68,122,0,0,0,0,0,0,0,0,0,0,0,0,0,0,2,2,55,1,1,2,1,3,3,1,17,1,1,1,69,"777777777777","777777777777","777777777777",0,0
51,510345,1,1,3,22,7,19,40,34,0,1,0,51,1,2,403,2403,14,1995,"1J4FY19P1SP2","1","J","4","F","Y","1","9","P","1","S","P","2",0,0,0,"000000000","00000000000",0,0,0,1,0,0,0,0,0,0,0,70,0,1,3,11,6,2,1,0,0,0,1,51,20187,6,1,0,0,3,0,63,140,0,0,0,0,0,0,0,0,0,0,58,0,0,0,3,2,70,1,1,2,1,0,0,1,13,8,2,4,1,"777777777777","777777777777","777777777777",1,1
51,510346,1,2,1,20,7,18,25,9,0,1,0,51,3,12,481,12481,31,2016,"1FDTF4GT8GEA","1","F","D","T","F","4","G","T","8","G","E","A",0,0,0,"000000000","00000000000",0,0,0,1,0,0,0,0,0,0,0,60,0,0,0,9,8,8,9,0,0,0,1,51,22514,6,1,0,0,3,0,67,265,0,0,0,0,0,0,0,0,0,0,0,0,0,0,2,2,60,1,1,2,1,0,0,1,80,16,1,1,13,"777777777777","777777777777","777777777777",0,0