"STATE","ST_CASE","VEH_NO","VE_FORMS","NUMOCCS","DAY","MONTH","HOUR","MINUTE","HARM_EV","MAN_COLL","UNITTYPE","HIT_RUN","REG_STAT","OWNER","MAKE","MODEL","MAK_MOD","BODY_TYP","MOD_YEAR","VIN","VIN_1","VIN_2","VIN_3","VIN_4","VIN_5","VIN_6","VIN_7","VIN_8","VIN_9","VIN_10","VIN_11","VIN_12","TOW_VEH","J_KNIFE","MCARR_I1","MCARR_I2","MCARR_ID","GVWR","V_CONFIG","CARGO_BT","HAZ_INV","HAZ_PLAC","HAZ_ID","HAZ_CNO","HAZ_REL","BUS_USE","SPEC_USE","EMER_USE","TRAV_SP","UNDERIDE","ROLLOVER","ROLINLOC","IMPACT1","DEFORMED","TOWED","M_HARM","VEH_SC1","VEH_SC2","FIRE_EXP","DR_PRES","L_STATE","DR_ZIP","L_STATUS","L_TYPE","CDL_STAT","L_ENDORS","L_COMPL","L_RESTRI","DR_HGT","DR_WGT","PREV_ACC","PREV_SUS","PREV_DWI","PREV_SPD","PREV_OTH","FIRST_MO","FIRST_YR","LAST_MO","LAST_YR","SPEEDREL","DR_SF1","DR_SF2","DR_SF3","DR_SF4","VTRAFWAY","VNUM_LAN","VSPD_LIM","VALIGN","VPROFILE","VPAVETYP","VSURCOND","VTRAFCON","VTCONT_F","P_CRASH1","P_CRASH2","P_CRASH3","PCRASH4","PCRASH5","ACC_TYPE","TRLR1VIN","TRLR2VIN","TRLR3VIN","DEATHS","DR_DRINK"
51,510346,2,2,1,20,7,18,25,9,0,1,0,51,1,7,482,7482,31,2006,"3D7KS19D66G2","3","D","7","K","S","1","9","D","6","6","G","2",0,0,0,"000000000","00000000000",0,0,0,1,0,0,0,0,0,0,0,60,0,0,0,1,8,8,9,0,0,0,1,51,23009,6,1,0,0,3,0,68,145,1,2,1,2,0,4,2014,2,2015,0,0,0,0,0,2,2,60,1,1,2,1,0,0,1,80,5,1,1,98,"777777777777","777777777777","777777777777",0,0
51,510347,1,2,1,20,7,12,33,12,2,1,0,51,1,53,402,53402,14,1999,"JS3TD62V9X41","J","S","3","T","D","6","2","V","9","X","4","1",0,0,0,"000000000","00000000000",0,0,0,1,0,0,0,0,0,0,0,55,0,0,0,12,6,2,12,0,0,0,1,51,24065,6,1,0,0,3,0,67,160,0,0,0,0,0,0,0,0,0,0,28,51,0,0,2,2,55,2,2,2,1,0,0,14,62,1,1,2,52,"777777777777","777777777777","777777777777",1,0
51,510347,2,2,1,20,7,12,33,12,2,1,0,51,2,7,24,7024,4,2013,"2C3CDXCT9DH6","2","C","3","C","D","X","C","T","9","D","H","6",0,0,0,"000000000","00000000000",0,0,0,1,0,0,0,0,0,0,0,55,0,0,0,12,6,2,12,0,0,0,1,51,24092,6,1,0,0,3,0,67,160,0,0,0,0,0,0,0,0,0,0,0,0,0,0,2,2,55,3,2,2,1,0,0,14,54,1,1,1,52,"777777777777","777777777777","777777777777",1,0
51,510348,1,1,2,24,7,0,20,42,0,1,0,51,1,7,482,7482,31,1997,"1B7HF16YXVS2","1","B","7","H","F","1","6","Y","X","V","S","2",0,0,0,"000000000","00000000000",0,0,0,1,0,0,0,0,0,0,0,55,0,0,0,12,6,2,42,0,0,0,1,51,24520,6,1,0,0,3,0,76,260,0,0,0,0,0,0,0,0,0,0,58,0,0,0,1,2,55,3,1,2,1,0,0,14,13,8,2,4,1,"777777777777","777777777777","777777777777",1,1
51,510349,1,1,2,28,6,0,47,59,0,1,0,51,2,20,431,20431,16,1994,"1GNFK16KXRJ4","1","G","N","F","K","1","6","K","X","R","J","4",0,0,0,"000000000","00000000000",0,0,0,1,0,0,0,0,0,0,0,70,0,2,4,11,6,2,1,0,0,0,1,51,23803,2,1,0,0,2,0,63,180,0,9,0,0,3,5,2012,12,2015,3,37,0,0,0,6,1,35,2,1,2,1,0,0,14,6,5,3,4,7,"777777777777","777777777777","777777777777",1,1
51,510350,1,1,1,23,7,0,2,8,0,1,0,51,1,20,17,20017,4,1989,"1G1AW51RXK61","1","G","1","A","W","5","1","R","X","K","6","1",0,0,0,"000000000","00000000000",0,0,0,1,0,0,0,0,0,0,0,35,0,0,0,11,8,2,8,0,0,0,1,51,22401,6,1,0,0,3,0,67,140,0,0,0,0,0,0,0,0,0,0,0,0,0,0,2,4,35,1,1,2,1,0,0,1,80,1,1,1,13,"777777777777","777777777777","777777777777",0,0
51,510351,1,1,1,25,7,7,43,38,0,1,0,12,1,55,33,55033,4,2010,"5NPET4AC8AH6","5","N","P","E","T","4","A","C","8","A","H","6",0,0,0,"000000000","00000000000",0,0,0,1,0,0,0,0,0,0,0,70,0,0,0,12,6,2,42,0,0,0,1,12,32141,6,1,0,0,3,0,74,999,0,0,0,1,0,11,2015,11,2015,3,0,0,0,0,1,2,55,3,1,2,1,0,0,14,6,99,1,4,1,"777777777777","777777777777","777777777777",1,0
51,510352,1,3,1,9,6,13,54,12,6,1,0,51,1,59,35,59035,4,2008,"JTHBK2623820","J","T","H","B","K","2","6","2","3","8","2","0",0,0,0,"000000000","00000000000",0,0,0,1,0,0,0,0,0,0,0,998,0,0,0,12,6,2,12,0,0,0,1,51,23511,6,1,0,0,3,0,64,126,1,0,0,0,0,5,2016,5,2016,0,39,0,0,0,3,3,25,1,1,2,1,3,3,1,54,99,1,1,86,"777777777777","777777777777","777777777777",1,0
51,510352,2,3,1,9,6,13,54,12,6,1,0,51,3,84,981,84981,50,1998,"1HVBBABN5WH5","1","H","V","B","B","A","B","N","5","W","H","5",0,0,88,"888888888","88888888888",3,21,22,1,0,0,0,0,1,2,0,5,0,0,0,3,6,2,12,0,0,0,1,51,23505,6,1,6,0,3,0,69,213,0,0,0,0,0,0,0,0,0,0,0,0,0,0,3,3,25,1,1,2,1,3,3,1,67,99,1,1,87,"777777777777","777777777777","777777777777",0,0
51,510352,3,3,2,9,6,13,54,12,6,1,0,51,2,35,43,35043,4,2015,"3N1AB7AP5FY3","3","N","1","A","B","7","A","P","5","F","Y","3",0,0,0,"000000000","00000000000",0,0,0,1,0,0,0,0,0,0,0,5,0,0,0,2,6,2,12,0,0,0,1,51,23509,6,1,0,0,3,0,61,130,0,0,0,0,0,0,0,0,0,0,0,0,0,0,3,3,25,1,1,2,1,3,3,1,61,99,1,1,98,"777777777777","777777777777","777777777777",0,0
51,510353,1,1,1,24,7,13,55,42,0,1,0,0,0,98,739,98739,90,2012,"000000000000","0","0","0","0","0","0","0","0","0","0","0","0",0,0,0,"000000000","00000000000",0,0,0,1,0,0,0,0,0,0,0,30,0,0,0,11,6,2,42,0,0,0,1,51,24256,0,0,0,0,0,0,74,170,0,0,0,0,0,0,0,0,0,0,0,0,0,0,1,2,55,1,1,4,1,0,0,1,12,1,1,4,6,"777777777777","777777777777","777777777777",1,0
51,510354,1,4,1,22,6,13,28,12,6,1,0,51,2,20,461,20461,21,2004,"1GCGG25V9411","1","G","C","G","G","2","5","V","9","4","1","1",0,0,0,"000000000","00000000000",0,0,0,1,0,0,0,0,0,0,0,38,0,0,0,12,6,2,12,0,0,0,1,51,22003,6,1,0,0,3,3,57,155,0,0,0,0,1,5,2016,5,2016,0,39,0,0,0,3,4,35,1,1,2,1,3,3,1,17,1,1,1,88,"777777777777","777777777777","777777777777",0,0
51,510354,2,4,1,22,6,13,28,12,6,1,0,51,1,49,40,49040,4,1998,"4T1BF22K3WU9","4","T","1","B","F","2","2","K","3","W","U","9",0,0,0,"000000000","00000000000",0,0,0,1,0,0,0,0,0,0,0,15,0,0,0,9,6,2,12,0,0,0,1,51,22031,6,1,0,0,3,3,67,150,0,0,0,1,0,5,2016,5,2016,0,0,0,0,0,1,3,25,1,1,2,1,3,3,1,66,1,1,1,89,"777777777777","777777777777","777777777777",1,0
51,510354,3,4,3,22,6,13,28,12,6,1,0,51,2,37,441,37441,20,2007,"5FNRL38747B4","5","F","N","R","L","3","8","7","4","7","B","4",0,0,0,"000000000","00000000000",0,0,0,1,0,0,0,0,0,0,0,0,0,0,0,12,8,8,12,0,0,0,1,51,22030,6,1,0,0,3,0,69,185,0,0,0,0,0,0,0,0,0,0,0,0,0,0,2,4,35,1,1,2,1,3,3,5,66,1,1,1,98,"777777777777","777777777777","777777777777",0,0
51,510354,4,4,2,22,6,13,28,12,6,1,0,51,1,6,18,6018,4,2015,"1C3CCCAB2FN7","1","C","3","C","C","C","A","B","2","F","N","7",0,0,0,"000000000","00000000000",0,0,0,1,0,0,0,0,0,0,0,0,0,0,0,12,2,3,54,0,0,0,1,51,22031,0,0,0,0,0,0,999,999,0,0,0,0,0,0,0,0,0,0,0,0,0,0,2,4,35,1,1,2,1,3,3,5,98,1,1,1,98,"777777777777","777777777777","777777777777",0,0
51,510355,1,1,3,27,7,11,35,53,0,1,0,51,3,12,461,12461,21,2010,"1FDSS3ESXADA","1","F","D","S","S","3","E","S","X","A","D","A",0,0,0,"000000000","00000000000",0,0,0,1,0,0,0,0,0,6,8,54,0,0,0,1,6,2,35,0,0,0,1,51,24422,6,1,0,0,3,0,68,200,0,0,0,0,0,0,0,0,0,0,0,0,0,0,1,2,55,2,2,2,1,0,0,14,13,99,1,4,1,"777777777777","777777777777","777777777777",1,0
51,510356,1,1,2,20,7,19,59,1,0,1,0,51,1,23,481,23481,31,1976,"TNVIN0342080","T","N","V","I","N","0","3","4","2","0","8","0",0,0,0,"000000000","00000000000",0,0,0,1,0,0,0,0,0,0,0,60,0,2,5,0,6,2,1,0,0,0,1,51,24136,1,1,0,0,2,0,69,220,0,10,2,2,2,2,2012,9,2015,4,58,0,0,0,1,2,55,2,1,2,1,0,0,14,13,6,4,4,2,"777777777777","777777777777","777777777777",1,1
51,510357,1,1,1,27,7,20,3,35,0,1,0,0,0,37,734,37734,90,2003,"478TE24403A3","4","7","8","T","E","2","4","4","0","3","A","3",0,0,0,"000000000","00000000000",0,0,0,1,0,0,0,0,0,0,0,3,0,1,5,98,6,8,1,0,0,0,1,51,22851,6,1,0,0,1,0,68,220,0,0,0,0,0,0,0,0,0,0,0,0,0,0,1,2,55,1,1,2,2,0,0,1,13,99,2,4,2,"777777777777","777777777777","777777777777",1,0
51,510358,1,1,1,31,7,10,45,42,0,1,0,51,1,14,402,14402,14,2006,"4M2YU56126DJ","4","M","2","Y","U","5","6","1","2","6","D","J",0,0,0,"000000000","00000000000",0,0,0,1,0,0,0,0,0,0,0,55,0,0,0,12,6,2,42,0,0,0,1,51,20165,6,1,0,0,3,0,72,180,0,0,0,0,0,0,0,0,0,0,0,0,0,0,2,3,55,1,1,2,1,0,0,1,12,99,2,4,6,"777777777777","777777777777","777777777777",1,0
51,510359,1,1,1,17,6,9,48,8,0,1,0,18,1,86,884,86884,63,2007,"1M2AT04C97M0","1","M","2","A","T","0","4","C","9","7","M","0",0,0,57,"00599735","5700599735",3,2,4,1,0,0,0,0,0,0,0,25,0,0,0,11,2,5,8,0,0,0,1,51,24012,6,1,6,0,3,0,72,190,0,0,0,0,1,11,2014,11,2014,0,0,0,0,0,2,3,35,1,1,2,1,0,0,1,80,6,1,2,13,"777777777777","777777777777","777777777777",0,0
51,510360,1,1,1,27,6,11,30,24,0,1,0,51,1,49,472,49472,40,1999,"4TAVL52N6XZ4","4","T","A","V","L","5","2","N","6","X","Z","4",0,0,0,"000000000","00000000000",0,0,0,1,0,0,0,0,0,0,0,40,0,0,0,1,6,2,24,0,0,0,1,51,20159,6,1,0,0,3,3,73,195,0,0,0,1,2,1,2012,2,2016,0,0,0,0,0,3,2,45,1,1,2,1,0,0,1,8,1,1,4,1,"777777777777","777777777777","777777777777",1,0
51,510361,1,1,1,28,7,21,22,8,0,1,0,51,1,49,43,49043,4,2006,"4T1BK36B26U1","4","T","1","B","K","3","6","B","2","6","U","1",0,0,0,"000000000","00000000000",0,0,0,1,0,0,0,0,0,0,0,20,0,0,0,12,8,8,8,0,0,0,1,51,22960,6,1,0,0,3,3,68,165,0,0,0,0,0,0,0,0,0,0,99,99,99,99,1,2,25,1,1,2,2,0,0,1,80,1,1,1,13,"777777777777","777777777777","777777777777",0,0
51,510362,1,1,2,1,8,18,14,24,0,1,0,51,3,98,809,98809,62,2008,"2FZHAZDE18AZ","2","F","Z","H","A","Z","D","E","1","8","A","Z",1,1,57,"01511813","5701511813",3,4,2,1,0,0,0,0,0,0,0,75,0,1,6,11,6,2,42,0,0,0,1,51,23860,6,1,6,0,3,0,70,240,0,0,0,0,0,0,0,0,0,3,58,0,0,0,3,2,70,1,1,2,1,0,0,1,1,8,2,4,7,"888888888888","777777777777","777777777777",1,0
51,510363,1,1,1,1,8,1,57,42,0,1,0,51,2,24,401,24401,14,2004,"5GZCZ23D94S8","5","G","Z","C","Z","2","3","D","9","4","S","8",0,0,0,"000000000","00000000000",0,0,0,1,0,0,0,0,0,0,0,55,0,1,5,1,6,2,1,0,0,0,1,51,24401,6,1,0,0,3,0,72,210,0,0,0,0,0,0,0,0,0,0,0,0,0,0,1,2,55,3,2,2,1,0,0,14,13,16,2,4,1,"777777777777","777777777777","777777777777",1,1
51,510364,1,3,1,2,8,21,0,12,6,1,0,51,1,54,35,54035,4,2001,"19UUA56681A0","1","9","U","U","A","5","6","6","8","1","A","0",0,0,0,"000000000","00000000000",0,0,0,1,0,0,0,0,0,0,0,998,0,0,0,3,6,2,12,0,0,0,1,51,20181,6,1,0,0,3,0,63,135,0,0,0,0,0,0,0,0,0,0,38,0,0,0,1,2,45,1,2,2,1,0,0,11,15,99,1,1,68,"777777777777","777777777777","777777777777",0,1
51,510364,2,3,1,2,8,21,0,12,6,1,0,51,1,53,705,53705,80,2002,"JS1VP52A7221","J","S","1","V","P","5","2","A","7","2","2","1",0,0,0,"000000000","00000000000",0,0,0,1,0,0,0,0,0,0,0,30,0,0,0,12,6,2,12,0,0,0,1,51,20110,6,1,0,0,2,0,71,145,1,0,0,0,0,1,2016,1,2016,0,0,0,0,0,1,2,45,1,2,2,1,0,0,1,62,5,1,1,69,"777777777777","777777777777","777777777777",1,0
51,510364,3,3,1,2,8,21,0,12,6,1,0,51,2,37,39,37039,5,2016,"3HGGK5H84GM7","3","H","G","G","K","5","H","8","4","G","M","7",0,0,0,"000000000","00000000000",0,0,0,1,0,0,0,0,0,0,0,35,0,0,0,12,8,8,12,0,0,0,1,51,22193,6,1,0,0,3,0,65,120,0,0,0,1,1,3,2012,12,2013,0,0,0,0,0,1,2,45,1,2,2,1,0,0,1,62,99,1,1,98,"777777777777","777777777777","777777777777",0,0
51,510365,1,1,2,3,8,17,0,39,0,1,0,51,2,20,421,20421,15,2000,"1GNEK13T7YJ1","1","G","N","E","K","1","3","T","7","Y","J","1",0,0,0,"000000000","00000000000",0,0,0,1,0,0,0,0,0,0,0,15,0,0,0,2,8,8,39,0,0,0,1,51,22960,6,1,0,0,3,0,73,235,0,0,0,0,0,0,0,0,0,0,0,0,0,0,1,2,25,1,1,2,1,20,3,1,13,5,1,4,1,"777777777777","777777777777","777777777777",1,0
51,510366,1,1,2,6,8,2,35,35,0,1,0,51,1,49,472,49472,30,2011,"5TFLU4EN1BX0","5","T","F","L","U","4","E","N","1","B","X","0",0,0,0,"000000000","00000000000",0,0,0,1,0,0,0,0,0,0,0,40,0,0,0,12,6,2,35,0,0,0,1,51,24401,6,1,0,0,3,0,70,219,0,0,0,0,0,0,0,0,0,4,0,0,0,0,1,2,55,2,2,2,1,0,0,14,6,16,1,4,6,"777777777777","777777777777","777777777777",1,1
51,510367,1,2,1,5,8,9,29,12,8,1,0,51,1,49,46,49046,4,2002,"JT2BK18U4200","J","T","2","B","K","1","8","U","4","2","0","0",0,0,0,"000000000","00000000000",0,0,0,1,0,0,0,0,0,0,0,55,0,0,0,11,6,2,12,0,0,0,1,51,22191,1,1,0,0,2,0,68,125,0,9,0,0,0,10,2014,8,2015,0,51,0,0,0,1,2,55,1,1,2,1,0,0,1,10,99,1,2,64,"777777777777","777777777777","777777777777",1,0
51,510367,2,2,1,5,8,9,29,12,8,1,0,51,3,12,881,12881,61,2001,"1FDAF56F61EB","1","F","D","A","F","5","6","F","6","1","E","B",0,0,88,"888888888","88888888888",2,1,1,1,0,0,0,0,0,0,0,55,0,0,0,11,6,2,12,0,0,0,1,51,22701,6,1,0,0,3,0,74,220,0,0,0,0,0,0,0,0,0,0,0,0,0,0,1,2,55,1,1,2,1,0,0,1,62,99,1,1,65,"777777777777","777777777777","777777777777",0,0
51,510368,1,3,3,21,7,17,55,12,1,1,0,51,1,55,33,55033,4,2005,"KMHWF35H65A1","K","M","H","W","F","3","5","H","6","5","A","1",0,0,0,"000000000","00000000000",0,0,0,1,0,0,0,0,0,0,0,45,0,0,0,12,8,3,12,0,0,0,1,51,22556,6,1,0,0,3,3,62,170,1,0,0,0,2,2,2016,3,2016,0,26,0,0,0,1,2,45,1,1,2,1,0,0,1,50,16,1,1,20,"777777777777","777777777777","777777777777",0,0
51,510368,2,3,1,21,7,17,55,12,1,1,0,24,1,37,706,37706,80,2014,"JH2SC6678EK4","J","H","2","S","C","6","6","7","8","E","K","4",0,0,0,"000000000","00000000000",0,0,0,1,0,0,0,0,0,0,0,0,0,0,0,6,6,2,12,0,0,0,1,42,17314,6,1,0,0,3,0,69,999,0,0,0,0,0,0,0,0,0,0,0,0,0,0,1,2,45,1,1,2,1,0,0,5,53,1,1,1,21,"777777777777","777777777777","777777777777",1,0
51,510368,3,3,1,21,7,17,55,12,1,1,0,11,2,51,47,51047,4,2005,"YV1RS6121524","Y","V","1","R","S","6","1","2","1","5","2","4",0,0,0,"000000000","00000000000",0,0,0,1,0,0,0,0,0,0,0,45,0,0,0,11,6,2,12,0,0,0,1,51,22554,6,1,0,0,3,0,63,210,0,0,0,0,0,0,0,0,0,0,0,0,0,0,1,2,45,1,1,2,1,0,0,1,62,16,1,1,98,"777777777777","777777777777","777777777777",0,0
51,510369,1,2,1,2,7,2,11,8,0,1,0,51,1,19,22,19022,4,2007,"1G6KD57907U2","1","G","6","K","D","5","7","9","0","7","U","2",0,0,0,"000000000","00000000000",0,0,0,1,0,0,0,0,0,0,0,998,0,0,0,12,8,2,8,0,0,0,1,51,24019,6,1,0,0,3,0,73,173,1,3,0,2,2,2,2014,4,2016,0,91,0,0,0,1,4,30,1,1,2,1,0,0,1,80,5,1,1,13,"777777777777","777777777777","777777777777",0,1
51,510369,2,2,1,2,7,2,11,8,0,1,0,51,1,49,46,49046,5,2011,"JTDKN3DU9B14","J","T","D","K","N","3","D","U","9","B","1","4",0,0,0,"000000000","00000000000",0,0,0,1,0,0,0,0,0,0,0,998,0,0,0,12,8,8,8,0,0,0,1,51,24023,6,1,0,0,3,0,63,140,0,0,0,0,1,8,2014,8,2014,0,0,0,0,0,1,4,30,1,1,2,1,0,0,1,80,5,1,1,98,"777777777777","777777777777","777777777777",0,0
51,510370,1,1,1,17,7,18,15,1,0,1,0,51,1,77,706,77706,80,2004,"5VPGB16D2430","5","V","P","G","B","1","6","D","2","4","3","0",0,0,0,"000000000","00000000000",0,0,0,1,0,0,0,0,0,0,0,65,0,0,0,0,6,2,1,0,0,0,1,51,24630,6,1,6,0,3,0,74,250,1,0,0,0,1,4,2015,5,2015,3,0,0,0,0,2,2,55,1,1,2,1,0,0,1,98,5,2,1,98,"777777777777","777777777777","777777777777",1,0
51,510371,1,1,1,6,8,1,54,42,0,1,0,51,2,49,32,49032,4,2010,"2T1BU4EEXAC4","2","T","1","B","U","4","E","E","X","A","C","4",0,0,0,"000000000","00000000000",0,0,0,1,0,0,0,0,0,0,0,78,0,0,0,12,6,2,42,0,0,0,1,51,23229,6,7,0,0,3,0,73,200,0,0,0,0,0,0,0,0,0,3,0,0,0,0,2,2,30,2,2,2,1,0,0,14,6,99,2,4,6,"777777777777","777777777777","777777777777",1,1
51,510372,1,1,1,12,8,23,10,35,0,1,0,51,1,12,481,12481,31,2006,"1FTSW21P16EC","1","F","T","S","W","2","1","P","1","6","E","C",0,0,0,"000000000","00000000000",0,0,0,1,0,0,0,0,0,0,0,65,0,1,5,1,6,2,1,0,0,0,1,51,24556,6,1,0,0,3,0,70,160,0,0,0,3,0,3,2013,11,2014,4,0,0,0,0,1,2,45,2,2,2,1,0,0,14,6,5,2,4,2,"777777777777","777777777777","777777777777",1,1
51,510373,1,1,1,13,8,5,40,34,0,1,0,51,1,34,35,34035,4,2001,"WBADT63481CF","W","B","A","D","T","6","3","4","8","1","C","F",0,0,0,"000000000","00000000000",0,0,0,1,0,0,0,0,0,0,0,75,0,1,5,11,6,2,1,0,0,0,1,51,23002,6,1,0,0,3,0,63,203,1,0,0,2,0,7,2013,12,2015,4,0,0,0,0,1,2,55,2,2,2,1,0,0,14,6,99,1,4,6,"777777777777","777777777777","777777777777",1,1
51,510374,1,2,1,12,8,17,10,12,2,1,0,51,1,20,22,20022,4,2007,"1G1AK15F2771","1","G","1","A","K","1","5","F","2","7","7","1",0,0,0,"000000000","00000000000",0,0,0,1,0,0,0,0,0,0,0,35,0,0,0,12,6,2,12,0,0,0,1,51,24055,6,1,0,0,3,0,66,170,0,0,0,1,0,10,2015,10,2015,0,28,0,0,0,1,2,35,1,1,2,1,0,0,1,10,99,1,2,50,"777777777777","777777777777","777777777777",0,0
51,510374,2,2,1,12,8,17,10,12,2,1,0,51,1,49,471,49471,31,1983,"JT4RN44S4D11","J","T","4","R","N","4","4","S","4","D","1","1",0,0,0,"000000000","00000000000",0,0,0,1,0,0,0,0,0,0,0,55,0,0,0,12,6,2,12,0,0,0,1,51,24065,6,1,0,0,3,0,66,145,0,0,0,0,0,0,0,0,0,3,0,0,0,0,1,2,35,1,1,2,1,0,0,1,62,99,1,1,51,"777777777777","777777777777","777777777777",1,0
51,510375,1,3,1,16,8,17,56,12,1,1,1,51,1,20,4,20004,1,2001,"1G1YY32G8151","1","G","1","Y","Y","3","2","G","8","1","5","1",0,0,0,"000000000","00000000000",0,0,0,1,0,0,0,0,0,0,0,85,0,0,0,12,8,2,12,0,0,0,1,51,24361,6,1,0,0,3,0,74,230,0,0,0,0,0,0,0,0,0,3,36,0,0,0,1,2,55,1,2,2,1,0,0,1,51,99,1,1,98,"777777777777","777777777777","777777777777",0,0
51,510375,2,3,1,16,8,17,56,12,1,1,0,47,1,12,32,12032,4,2011,"3FADP4BJ2BM1","3","F","A","D","P","4","B","J","2","B","M","1",0,0,0,"000000000","00000000000",0,0,0,1,0,0,0,0,0,0,0,45,0,0,0,6,6,2,12,0,0,0,1,47,37620,6,1,0,0,3,0,61,125,0,0,0,0,0,0,0,0,0,0,0,0,0,0,1,2,55,1,2,2,1,0,0,1,53,99,1,1,98,"777777777777","777777777777","777777777777",1,0
51,510375,3,3,1,16,8,17,56,12,1,1,0,47,1,7,29,7029,4,2013,"1C3CDFCH7DD3","1","C","3","C","D","F","C","H","7","D","D","3",0,0,0,"000000000","00000000000",0,0,0,1,0,0,0,0,0,0,0,55,0,0,0,12,6,2,12,0,0,0,1,47,37620,6,1,0,0,3,0,75,145,0,0,0,0,0,0,0,0,0,0,0,0,0,0,1,2,55,1,2,2,1,0,0,1,62,99,1,1,98,"777777777777","777777777777","777777777777",0,0
51,510376,1,2,1,5,8,6,30,12,6,1,0,40,1,82,884,82884,62,2013,"3AKJGEDV6FSG","3","A","K","J","G","E","D","V","6","F","S","G",1,1,57,"00389889","5700389889",3,4,3,1,0,0,0,0,0,0,0,49,0,0,0,1,6,2,12,0,0,0,1,24,21771,6,1,0,0,2,0,75,225,0,0,0,0,0,0,0,0,0,3,39,0,0,0,2,3,45,1,1,2,1,3,3,1,17,5,1,1,98,"888888888888","777777777777","777777777777",0,0
51,510376,2,2,3,5,8,6,30,12,6,1,0,51,1,49,402,49402,14,2012,"2T3BF4DV2CW2","2","T","3","B","F","4","D","V","2","C","W","2",0,0,0,"000000000","00000000000",0,0,0,1,0,0,0,0,0,0,0,19,0,0,0,10,6,2,12,0,0,0,1,51,20109,6,1,0,0,3,0,68,190,0,0,0,0,0,0,0,0,0,0,0,0,0,0,2,3,45,1,1,2,1,3,3,10,66,99,1,1,98,"777777777777","777777777777","777777777777",1,0
51,510377,1,1,2,17,8,5,10,23,0,1,0,29,3,82,881,82881,66,2015,"3AKJGLD58FSF","3","A","K","J","G","L","D","5","8","F","S","F",1,1,57,"00003706","5700003706",3,6,2,1,0,0,0,0,0,0,0,70,0,1,3,11,6,2,2,0,0,1,1,55,53403,6,1,6,0,3,0,69,220,0,0,0,0,1,8,2016,8,2016,0,0,0,0,0,3,2,70,1,2,2,1,0,0,1,12,5,2,4,6,"888888888888","777777777777","777777777777",1,0
51,510378,1,1,2,13,8,0,37,35,0,1,0,51,1,35,47,35047,2,2008,"1N4BL24EX8C2","1","N","4","B","L","2","4","E","X","8","C","2",0,0,0,"000000000","00000000000",0,0,0,1,0,0,0,0,0,0,0,55,0,1,5,11,6,2,42,0,0,0,1,51,23451,6,1,0,0,3,0,71,204,0,0,0,1,0,2,2016,2,2016,4,0,0,0,0,1,2,30,2,1,2,1,0,0,14,6,16,2,4,7,"777777777777","777777777777","777777777777",1,1
51,510379,1,2,1,18,8,11,45,12,2,1,0,51,1,12,442,12442,20,2003,"2FMZA52433BB","2","F","M","Z","A","5","2","4","3","3","B","B",0,0,0,"000000000","00000000000",0,0,0,1,0,0,0,0,0,0,0,25,0,0,0,12,6,2,12,0,0,0,1,51,23464,6,1,0,0,3,0,70,235,0,0,0,0,0,0,0,0,0,0,38,0,0,0,1,2,35,1,1,2,1,0,0,11,66,1,1,1,68,"777777777777","777777777777","777777777777",0,0
51,510379,2,2,1,18,8,11,45,12,2,1,0,51,1,98,709,98709,81,2012,"L9NTEACT7C10","L","9","N","T","E","A","C","T","7","C","1","0",0,0,0,"000000000","00000000000",0,0,0,1,0,0,0,0,0,0,0,30,0,0,0,12,6,2,12,0,0,0,1,51,23454,1,1,1,0,2,0,71,200,0,0,0,0,0,0,0,0,0,0,0,0,0,0,2,2,35,1,1,2,1,0,0,1,54,1,1,1,69,"777777777777","777777777777","777777777777",1,0
51,510380,1,2,1,14,8,13,15,12,2,1,0,51,1,20,28,20028,4,2013,"1G1JA5SH4D42","1","G","1","J","A","5","S","H","4","D","4","2",0,0,0,"000000000","00000000000",0,0,0,1,0,0,0,0,0,0,0,55,0,0,0,12,6,2,12,0,0,0,1,51,24465,6,1,0,0,3,0,66,157,0,0,0,1,0,8,2012,8,2012,0,51,0,0,0,1,2,55,2,2,2,1,0,0,14,10,99,1,2,50,"777777777777","777777777777","777777777777",1,1
51,510380,2,2,1,14,8,13,15,12,2,1,0,54,3,87,884,87884,66,2006,"1XP5DB9X26N6","1","X","P","5","D","B","9","X","2","6","N","6",1,1,57,"00037628","5700037628",3,6,8,1,0,0,0,0,0,0,0,55,0,0,0,12,6,2,12,0,0,0,1,54,26847,6,1,6,0,3,0,69,218,0,1,0,0,1,4,2012,12,2012,0,0,0,0,0,1,2,55,3,2,2,1,0,0,14,62,5,1,1,51,"888888888888","777777777777","777777777777",0,0
51,510381,1,2,1,16,7,17,45,12,2,1,0,51,3,37,706,37706,80,2004,"JH2RC50384K0","J","H","2","R","C","5","0","3","8","4","K","0",0,0,0,"000000000","00000000000",0,0,0,1,0,0,0,0,0,0,0,70,0,0,0,12,6,2,12,0,0,1,1,51,23009,6,1,0,0,3,0,64,187,0,1,0,0,0,11,2011,11,2011,4,0,0,0,0,1,2,45,2,1,2,1,0,0,14,10,5,2,2,50,"777777777777","777777777777","777777777777",1,0
51,510381,2,2,2,16,7,17,45,12,2,1,0,51,1,37,32,37032,6,2012,"5J6TF2H59CL0","5","J","6","T","F","2","H","5","9","C","L","0",0,0,0,"000000000","00000000000",0,0,0,1,0,0,0,0,0,0,0,35,0,0,0,12,6,2,12,0,0,1,1,51,23059,6,1,6,0,3,0,68,165,0,2,0,0,0,2,2014,2,2014,0,0,0,0,0,1,2,45,3,1,2,1,0,0,14,62,99,1,1,51,"777777777777","777777777777","777777777777",0,0