"STATE","ST_CASE","VEH_NO","VE_FORMS","NUMOCCS","DAY","MONTH","HOUR","MINUTE","HARM_EV","MAN_COLL","UNITTYPE","HIT_RUN","REG_STAT","OWNER","MAKE","MODEL","MAK_MOD","BODY_TYP","MOD_YEAR","VIN","VIN_1","VIN_2","VIN_3","VIN_4","VIN_5","VIN_6","VIN_7","VIN_8","VIN_9","VIN_10","VIN_11","VIN_12","TOW_VEH","J_KNIFE","MCARR_I1","MCARR_I2","MCARR_ID","GVWR","V_CONFIG","CARGO_BT","HAZ_INV","HAZ_PLAC","HAZ_ID","HAZ_CNO","HAZ_REL","BUS_USE","SPEC_USE","EMER_USE","TRAV_SP","UNDERIDE","ROLLOVER","ROLINLOC","IMPACT1","DEFORMED","TOWED","M_HARM","VEH_SC1","VEH_SC2","FIRE_EXP","DR_PRES","L_STATE","DR_ZIP","L_STATUS","L_TYPE","CDL_STAT","L_ENDORS","L_COMPL","L_RESTRI","DR_HGT","DR_WGT","PREV_ACC","PREV_SUS","PREV_DWI","PREV_SPD","PREV_OTH","FIRST_MO","FIRST_YR","LAST_MO","LAST_YR","SPEEDREL","DR_SF1","DR_SF2","DR_SF3","DR_SF4","VTRAFWAY","VNUM_LAN","VSPD_LIM","VALIGN","VPROFILE","VPAVETYP","VSURCOND","VTRAFCON","VTCONT_F","P_CRASH1","P_CRASH2","P_CRASH3","PCRASH4","PCRASH5","ACC_TYPE","TRLR1VIN","TRLR2VIN","TRLR3VIN","DEATHS","DR_DRINK"
51,510382,1,1,1,20,7,15,6,42,0,1,0,51,1,51,46,51046,4,2001,"YV1VS29561F6","Y","V","1","V","S","2","9","5","6","1","F","6",0,0,0,"000000000","00000000000",0,0,0,1,0,0,0,0,0,0,0,50,0,0,0,11,6,8,42,0,0,0,1,51,22066,6,1,0,0,3,0,71,170,0,0,0,0,0,0,0,0,0,0,0,0,0,0,2,2,35,1,1,2,1,0,0,1,13,7,7,4,2,"777777777777","777777777777","777777777777",1,0
51,510383,1,1,1,13,8,21,23,8,0,1,0,51,2,20,423,20423,15,2013,"1GNKRFKD1DJ2","1","G","N","K","R","F","K","D","1","D","J","2",0,0,0,"000000000","00000000000",0,0,0,1,0,0,0,0,0,0,0,50,0,0,0,12,8,2,8,0,0,0,1,51,22473,6,1,0,0,3,0,59,107,0,0,0,1,0,7,2014,7,2014,0,0,0,0,0,1,2,55,1,1,2,1,0,0,1,80,99,1,1,13,"777777777777","777777777777","777777777777",0,0
51,510384,1,2,1,8,7,15,17,12,2,1,0,6,1,2,404,2404,14,1997,"1J4GZ58Y2VC5","1","J","4","G","Z","5","8","Y","2","V","C","5",0,0,0,"000000000","00000000000",0,0,0,1,0,0,0,0,0,0,0,50,0,0,0,12,6,2,12,0,0,0,1,6,90001,6,1,0,0,3,3,70,170,0,0,1,0,0,1,2013,1,2013,0,51,0,0,0,2,2,60,1,1,2,1,0,0,1,11,1,1,2,52,"777777777777","777777777777","777777777777",1,0
51,510384,2,2,1,8,7,15,17,12,2,1,0,37,1,7,422,7422,15,2008,"1D8HB48N68F1","1","D","8","H","B","4","8","N","6","8","F","1",0,0,0,"000000000","00000000000",0,0,0,1,0,0,0,0,0,0,0,60,0,0,0,12,6,2,12,0,0,0,1,37,27565,6,1,0,0,3,3,66,999,0,0,0,0,0,0,0,0,0,0,0,0,0,0,1,2,60,1,1,2,1,0,0,1,62,1,1,1,52,"777777777777","777777777777","777777777777",1,1
51,510385,1,1,1,19,7,15,43,38,0,1,0,51,1,14,6,14006,4,2010,"2MEBM7FV1AX6","2","M","E","B","M","7","F","V","1","A","X","6",0,0,0,"000000000","00000000000",0,0,0,1,0,0,0,0,0,0,0,55,0,0,0,12,6,2,42,0,0,0,1,51,24563,6,1,0,0,3,0,71,190,0,0,0,0,0,0,0,0,0,0,0,0,0,0,1,2,55,1,1,2,1,0,0,1,12,99,2,4,6,"777777777777","777777777777","777777777777",1,0
51,510386,1,1,1,19,7,16,50,35,0,1,0,51,1,55,35,55035,4,2010,"KMHDU4AD4AU8","K","M","H","D","U","4","A","D","4","A","U","8",0,0,0,"000000000","00000000000",0,0,0,1,0,0,0,0,0,0,0,65,0,0,0,12,6,2,35,0,0,0,1,51,23181,6,1,0,0,3,0,63,160,0,0,0,2,0,9,2011,5,2012,0,0,0,0,0,3,2,70,1,1,2,1,0,0,1,12,99,2,4,6,"777777777777","777777777777","777777777777",1,0
51,510387,1,2,1,28,7,5,0,12,2,1,0,51,3,12,481,12481,31,2008,"1FTSX21R18EB","1","F","T","S","X","2","1","R","1","8","E","B",0,0,0,"000000000","00000000000",0,0,0,1,0,0,0,0,0,0,0,45,0,0,0,12,6,2,12,0,0,0,1,51,23322,6,1,0,0,3,0,65,143,0,0,0,1,0,9,2014,9,2014,0,28,51,0,0,1,2,45,2,1,2,1,0,0,14,10,99,1,2,50,"777777777777","777777777777","777777777777",0,1
51,510387,2,2,1,28,7,5,0,12,2,1,0,37,1,49,32,49032,4,2010,"2T1BU4EE5AC4","2","T","1","B","U","4","E","E","5","A","C","4",0,0,0,"000000000","00000000000",0,0,0,1,0,0,0,0,0,0,0,45,0,0,0,12,6,2,12,0,0,0,1,37,27958,6,1,0,0,3,3,59,999,0,0,0,0,0,0,0,0,0,0,0,0,0,0,1,2,45,3,1,2,1,0,0,14,62,99,1,1,51,"777777777777","777777777777","777777777777",1,0
51,510388,1,1,3,29,7,13,35,35,0,1,0,51,1,20,481,20481,31,1985,"2GCCC14N2F11","2","G","C","C","C","1","4","N","2","F","1","1",0,0,0,"000000000","00000000000",0,0,0,1,0,0,0,0,0,0,0,45,0,0,0,1,6,2,35,0,0,0,1,51,24457,6,1,0,0,3,3,75,300,0,0,0,0,0,0,0,0,0,0,0,0,0,0,1,2,45,1,1,2,1,0,0,1,88,15,7,4,3,"777777777777","777777777777","777777777777",1,0
51,510389,1,2,1,2,8,23,30,1,0,1,0,51,1,72,706,72706,80,2005,"1HD1GNW105K3","1","H","D","1","G","N","W","1","0","5","K","3",0,0,0,"000000000","00000000000",0,0,0,1,0,0,0,0,0,0,0,85,0,0,0,0,6,2,5,0,0,0,1,51,23805,6,1,6,0,3,0,68,151,0,0,0,3,0,11,2011,9,2015,3,0,0,0,0,3,3,70,1,1,1,1,0,0,1,6,99,2,4,2,"777777777777","777777777777","777777777777",0,1
51,510389,2,2,1,2,8,23,30,1,0,1,0,51,1,72,706,72706,80,2012,"1HD1JNV14CB0","1","H","D","1","J","N","V","1","4","C","B","0",0,0,0,"000000000","00000000000",0,0,0,1,0,0,0,0,0,0,0,85,0,0,0,2,6,2,24,0,0,0,1,51,23860,6,1,0,0,3,0,63,138,0,0,0,0,0,0,0,0,0,3,0,0,0,0,3,3,70,1,1,1,1,0,0,1,13,16,2,4,98,"777777777777","777777777777","777777777777",1,1
51,510390,1,2,1,5,8,10,45,12,1,1,0,48,1,20,421,20421,15,1999,"1GNDT13W6X21","1","G","N","D","T","1","3","W","6","X","2","1",0,0,0,"000000000","00000000000",0,0,0,1,0,0,0,0,0,0,0,65,0,0,0,12,6,2,12,0,0,0,1,48,76634,6,1,0,0,3,0,999,999,0,0,0,0,0,0,0,0,0,0,0,0,0,0,2,2,70,1,1,2,1,0,0,1,13,99,1,2,20,"777777777777","777777777777","777777777777",1,0
51,510390,2,2,1,5,8,10,45,12,1,1,0,42,3,82,881,82881,63,2017,"1FVACXCY6HHH","1","F","V","A","C","X","C","Y","6","H","H","H",1,1,57,"00515082","5700515082",3,4,6,1,0,0,0,0,0,0,0,0,0,0,0,6,8,8,12,0,0,0,1,54,25213,6,1,6,0,3,0,72,295,0,0,0,2,0,3,2013,3,2016,0,0,0,0,0,2,2,70,1,1,2,1,0,0,7,62,1,1,1,21,"888888888888","777777777777","777777777777",0,0
51,510391,1,2,2,4,8,20,31,12,7,1,0,51,2,53,706,53706,80,2012,"JS1GT78A4C21","J","S","1","G","T","7","8","A","4","C","2","1",0,0,0,"000000000","00000000000",0,0,0,1,0,0,0,0,0,0,0,100,0,0,0,8,6,2,12,0,0,0,1,51,20109,6,1,0,0,3,0,71,185,1,0,0,3,1,11,2012,7,2016,3,37,0,0,0,3,5,55,1,1,2,1,3,3,6,52,99,1,2,44,"777777777777","777777777777","777777777777",1,0
51,510391,2,2,1,4,8,20,31,12,7,1,0,51,1,19,18,19018,4,2009,"1G6DF5775901","1","G","6","D","F","5","7","7","5","9","0","1",0,0,0,"000000000","00000000000",0,0,0,1,0,0,0,0,0,0,0,15,0,0,0,3,6,2,12,0,0,0,1,51,20151,6,1,0,0,3,0,73,215,0,0,0,0,0,0,0,0,0,0,0,0,0,0,3,5,55,1,1,2,1,3,3,2,53,99,1,1,45,"777777777777","777777777777","777777777777",0,0
51,510392,1,2,2,2,8,12,40,12,6,1,0,51,1,37,32,37032,4,2000,"1HGCG6653YA0","1","H","G","C","G","6","6","5","3","Y","A","0",0,0,0,"000000000","00000000000",0,0,0,1,0,0,0,0,0,0,0,10,0,0,0,3,8,2,12,0,0,0,1,51,23435,6,1,0,0,3,0,66,196,0,0,0,1,0,9,2012,9,2012,0,38,0,0,0,3,3,45,1,1,2,1,3,3,11,15,99,1,1,68,"777777777777","777777777777","777777777777",1,0
51,510392,2,2,2,2,8,12,40,12,6,1,0,51,2,49,472,49472,30,2011,"3TMLU4EN5BM0","3","T","M","L","U","4","E","N","5","B","M","0",0,0,0,"000000000","00000000000",0,0,0,1,0,0,0,0,0,0,0,40,0,0,0,12,8,2,12,0,0,0,1,51,23321,6,1,0,0,3,0,67,118,1,0,0,1,1,9,2013,4,2016,0,0,0,0,0,3,3,45,1,1,2,1,3,3,1,62,16,1,1,69,"777777777777","777777777777","777777777777",0,0
51,510393,1,2,1,5,8,15,49,12,6,1,0,51,1,49,32,49032,4,2001,"2T1BR12E11C5","2","T","1","B","R","1","2","E","1","1","C","5",0,0,0,"000000000","00000000000",0,0,0,1,0,0,0,0,0,0,0,25,0,0,0,10,6,2,12,0,0,0,1,51,23824,6,1,0,0,3,0,61,155,0,0,0,1,0,10,2015,10,2015,0,39,0,0,0,2,3,60,2,2,2,1,20,3,10,16,5,1,1,78,"777777777777","777777777777","777777777777",1,0
51,510393,2,2,1,5,8,15,49,12,6,1,0,51,3,23,481,23481,31,2015,"1GT120E8XFF5","1","G","T","1","2","0","E","8","X","F","F","5",0,0,0,"000000000","00000000000",0,0,0,1,0,0,0,0,0,0,0,64,0,0,0,1,6,2,12,0,0,0,1,51,23112,6,1,0,0,3,0,70,180,0,0,0,2,2,4,2013,4,2016,3,0,0,0,0,2,3,60,1,1,2,1,0,0,1,65,9,1,2,79,"777777777777","777777777777","777777777777",0,0
51,510394,1,1,1,7,8,14,44,1,0,1,0,48,1,12,401,12401,14,2004,"1FMZU72K94UC","1","F","M","Z","U","7","2","K","9","4","U","C",0,0,0,"000000000","00000000000",0,0,0,1,0,0,0,0,0,0,0,65,0,2,1,0,6,2,1,0,0,0,1,8,80014,6,1,0,0,3,0,72,200,0,0,0,0,0,0,0,0,0,0,0,0,0,0,2,2,70,1,1,2,1,0,0,1,13,99,4,6,98,"777777777777","777777777777","777777777777",1,0
51,510395,1,1,1,3,8,22,12,9,0,1,1,51,1,12,481,12481,31,2002,"1FTNX21F32ED","1","F","T","N","X","2","1","F","3","2","E","D",0,0,0,"000000000","00000000000",0,0,0,1,0,0,0,0,0,0,0,60,0,0,0,12,8,8,9,0,0,0,1,51,23954,6,1,6,0,3,0,69,184,0,0,0,0,0,0,0,0,0,0,0,0,0,0,2,2,60,1,3,2,1,0,0,1,83,99,1,1,13,"777777777777","777777777777","777777777777",0,0
51,510396,1,1,1,10,8,1,49,42,0,1,0,51,1,37,739,37739,90,2001,"000000000000","0","0","0","0","0","0","0","0","0","0","0","0",0,0,0,"000000000","00000000000",0,0,0,1,0,0,0,0,0,0,0,35,0,0,0,5,6,2,42,0,0,0,1,51,22630,1,1,0,0,2,0,68,175,0,3,0,1,1,2,2016,4,2016,0,0,0,0,0,1,2,35,2,1,4,1,0,0,14,12,1,1,4,6,"777777777777","777777777777","777777777777",1,1
51,510397,1,2,5,28,7,8,10,1,0,1,0,51,2,23,401,23401,14,1998,"1GKCS13W0W25","1","G","K","C","S","1","3","W","0","W","2","5",0,0,0,"000000000","00000000000",0,0,0,1,0,0,0,0,0,0,0,71,0,2,3,0,6,2,1,0,0,0,1,51,22407,6,1,0,0,3,0,72,155,0,0,0,0,0,0,0,0,0,0,58,0,0,0,3,3,70,1,1,2,1,0,0,1,12,9,2,4,7,"777777777777","777777777777","777777777777",1,0
51,510397,2,2,2,28,7,8,10,1,0,1,0,51,2,49,482,49482,31,2000,"5TBBT4817YS0","5","T","B","B","T","4","8","1","7","Y","S","0",0,0,0,"000000000","00000000000",0,0,0,1,0,0,0,0,0,0,0,70,0,0,0,12,6,2,12,0,0,0,1,47,37207,1,1,0,0,2,0,67,188,0,0,0,0,0,0,0,0,0,0,0,0,0,0,3,3,70,1,1,2,1,0,0,1,64,16,1,1,98,"777777777777","777777777777","777777777777",0,0
51,510398,1,1,2,10,8,17,50,35,0,1,0,51,1,37,421,37421,15,2011,"5FNYF4H59BB1","5","F","N","Y","F","4","H","5","9","B","B","1",0,0,0,"000000000","00000000000",0,0,0,1,0,0,0,0,0,0,0,25,0,0,0,12,6,2,42,0,0,0,1,51,24333,6,1,0,0,3,0,66,160,0,0,0,0,0,0,0,0,0,0,36,0,0,0,1,2,25,3,2,2,1,0,0,14,13,5,1,4,1,"777777777777","777777777777","777777777777",1,0
51,510399,1,1,1,14,8,2,20,24,0,1,0,51,1,59,31,59031,4,1997,"JT8BF22G9V50","J","T","8","B","F","2","2","G","9","V","5","0",0,0,0,"000000000","00000000000",0,0,0,1,0,0,0,0,0,0,0,70,0,0,0,12,6,2,24,0,0,0,1,51,22712,6,1,0,0,3,0,63,150,0,0,0,1,0,7,2015,7,2015,3,58,0,0,0,6,2,55,2,1,2,1,0,0,14,12,9,3,4,6,"777777777777","777777777777","777777777777",1,1
51,510400,1,4,1,15,8,8,48,12,1,1,0,51,1,35,481,35481,31,2012,"1N6AA0EC0CN3","1","N","6","A","A","0","E","C","0","C","N","3",0,0,0,"000000000","00000000000",0,0,0,1,0,0,0,0,0,0,0,70,0,0,0,12,6,2,12,0,0,0,1,51,22643,6,1,0,0,3,0,69,170,0,0,0,2,1,2,2013,3,2016,3,36,0,0,0,3,2,65,1,1,2,1,0,0,1,50,99,1,1,20,"777777777777","777777777777","777777777777",0,0
51,510400,2,4,3,15,8,8,48,12,1,1,0,24,2,20,22,20022,4,2005,"1G1AL52F0576","1","G","1","A","L","5","2","F","0","5","7","6",0,0,0,"000000000","00000000000",0,0,0,1,0,0,0,0,0,0,0,0,0,0,0,6,6,2,12,0,0,0,1,11,20012,2,1,0,0,2,0,60,115,0,0,0,0,0,0,0,0,0,0,0,0,0,0,3,2,65,1,1,2,1,0,0,5,53,1,1,1,21,"777777777777","777777777777","777777777777",1,0
51,510400,3,4,2,15,8,8,48,12,1,1,0,51,1,37,421,37421,15,2008,"5FNYF18498B0","5","F","N","Y","F","1","8","4","9","8","B","0",0,0,0,"000000000","00000000000",0,0,0,1,0,0,0,0,0,0,0,0,0,0,0,6,6,2,12,0,0,0,1,94,20155,6,1,0,0,3,0,70,180,0,0,0,1,0,6,2016,6,2016,0,0,0,0,0,3,2,65,1,1,2,1,0,0,5,53,1,1,1,98,"777777777777","777777777777","777777777777",0,0
51,510400,4,4,2,15,8,8,48,12,1,1,0,51,1,35,49,35049,6,2007,"JN8AZ08W17W6","J","N","8","A","Z","0","8","W","1","7","W","6",0,0,0,"000000000","00000000000",0,0,0,1,0,0,0,0,0,0,0,0,0,0,0,6,8,8,12,0,0,0,1,51,20155,6,1,0,0,3,0,67,150,0,0,0,0,0,0,0,0,0,0,0,0,0,0,3,2,65,1,1,2,1,0,0,5,53,1,1,1,98,"777777777777","777777777777","777777777777",0,0
51,510401,1,1,1,16,8,19,25,20,0,1,0,51,2,20,404,20404,14,2007,"2CNDL13F2760","2","C","N","D","L","1","3","F","2","7","6","0",0,0,0,"000000000","00000000000",0,0,0,1,0,0,0,0,0,0,0,50,0,0,0,12,6,2,20,0,0,0,1,51,23707,6,1,0,0,3,0,60,145,0,0,0,0,0,0,0,0,0,0,0,0,0,0,3,2,55,1,1,1,1,0,0,1,13,99,9,4,1,"777777777777","777777777777","777777777777",1,0
51,510402,1,1,1,17,8,22,40,42,0,1,0,51,1,12,461,12461,21,1995,"1FDEE14Y0SHA","1","F","D","E","E","1","4","Y","0","S","H","A",0,0,0,"000000000","00000000000",0,0,0,1,0,0,0,0,0,0,0,60,0,0,0,1,6,2,30,0,0,0,1,51,24550,6,1,0,0,3,3,67,185,0,0,0,0,0,0,0,0,0,0,0,0,0,0,2,2,60,1,1,2,1,0,0,1,13,99,2,4,2,"777777777777","777777777777","777777777777",1,1
51,510403,1,2,2,18,8,18,47,12,2,1,0,51,2,20,481,20481,31,2007,"1GCHK23U57F1","1","G","C","H","K","2","3","U","5","7","F","1",0,0,0,"000000000","00000000000",0,0,0,1,0,0,0,0,0,0,0,50,0,0,0,12,6,2,12,0,0,0,1,51,24598,6,1,0,0,3,3,62,140,1,0,0,0,0,8,2015,8,2015,0,51,0,0,0,1,2,55,3,1,2,1,0,0,14,10,99,1,2,50,"777777777777","777777777777","777777777777",0,0
51,510403,2,2,1,18,8,18,47,12,2,1,0,51,1,20,481,20481,31,2004,"1GCHK29U94E3","1","G","C","H","K","2","9","U","9","4","E","3",0,0,0,"000000000","00000000000",0,0,0,1,0,0,0,0,0,0,0,40,0,0,0,12,6,2,12,0,0,0,1,51,24598,6,1,0,0,3,0,72,257,0,0,0,0,0,0,0,0,0,0,0,0,0,0,1,2,55,2,1,2,1,0,0,14,62,99,1,1,51,"777777777777","777777777777","777777777777",1,0
51,510404,1,1,1,21,8,12,57,8,0,1,0,51,2,49,40,49040,4,2010,"4T1BF3EK8AU0","4","T","1","B","F","3","E","K","8","A","U","0",0,0,0,"000000000","00000000000",0,0,0,1,0,0,0,0,0,0,0,998,0,0,0,1,6,2,8,0,0,0,1,51,22911,6,1,0,0,3,0,71,170,0,0,0,0,0,0,0,0,0,0,0,0,0,0,2,2,25,1,1,2,1,20,3,11,80,1,1,1,13,"777777777777","777777777777","777777777777",0,0
51,510405,1,1,1,22,8,10,58,42,0,1,0,51,1,23,481,23481,31,2012,"3GTP2XE28CG2","3","G","T","P","2","X","E","2","8","C","G","2",0,0,0,"000000000","00000000000",0,0,0,1,0,0,0,0,0,0,0,70,0,0,0,12,6,2,42,0,0,0,1,51,23898,6,1,0,0,3,3,70,170,0,0,0,0,1,10,2015,10,2015,3,0,0,0,0,1,2,55,1,1,2,1,0,0,1,13,1,1,4,1,"777777777777","777777777777","777777777777",1,0
51,510406,1,2,1,23,8,7,39,12,6,1,0,51,1,49,402,49402,14,1999,"JT3GP10V4X70","J","T","3","G","P","1","0","V","4","X","7","0",0,0,0,"000000000","00000000000",0,0,0,1,0,0,0,0,0,0,0,60,0,0,0,1,6,2,12,0,0,0,1,51,23964,6,1,0,0,3,0,65,145,0,0,0,0,0,0,0,0,0,4,58,0,0,0,1,2,55,3,1,2,1,0,0,14,13,8,4,6,64,"777777777777","777777777777","777777777777",1,0
51,510406,2,2,1,23,8,7,39,12,6,1,0,51,2,20,481,20481,31,2001,"1GCEK19T01E1","1","G","C","E","K","1","9","T","0","1","E","1",0,0,0,"000000000","00000000000",0,0,0,1,0,0,0,0,0,0,0,35,0,0,0,12,6,2,12,0,0,0,1,51,23967,6,1,0,0,3,0,65,165,0,0,0,0,0,0,0,0,0,0,0,0,0,0,1,2,55,2,1,2,1,0,0,14,62,99,1,1,65,"777777777777","777777777777","777777777777",0,0
51,510407,1,2,1,23,8,2,50,12,1,1,0,51,1,12,37,12037,5,2012,"1FAHP3K26CL4","1","F","A","H","P","3","K","2","6","C","L","4",0,0,0,"000000000","00000000000",0,0,0,1,0,0,0,0,0,0,0,70,0,0,0,12,6,2,12,0,0,0,1,51,22508,6,1,6,0,3,0,76,220,0,0,0,0,0,0,0,0,0,3,0,0,0,0,3,3,65,1,1,2,1,0,0,15,51,99,1,2,24,"777777777777","777777777777","777777777777",1,1
51,510407,2,2,1,23,8,2,50,12,1,1,0,13,3,85,881,85881,66,2009,"3WKADB9X69F2","3","W","K","A","D","B","9","X","6","9","F","2",1,1,57,"18096630","5718096630",3,6,3,1,0,0,0,0,0,0,0,5,0,0,0,6,8,8,12,0,0,0,1,13,30040,6,1,6,0,3,0,71,235,98,0,0,0,0,0,0,0,0,0,0,0,0,0,3,3,65,1,1,2,1,0,0,2,61,99,1,1,25,"1ttf48203420","777777777777","777777777777",0,0
51,510408,1,2,1,23,8,19,17,12,6,1,0,51,1,6,51,6051,4,2009,"2C3LA53V29H5","2","C","3","L","A","5","3","V","2","9","H","5",0,0,0,"000000000","00000000000",0,0,0,1,0,0,0,0,0,0,0,10,0,0,0,7,8,2,12,0,0,0,1,51,24073,6,1,0,0,3,3,63,154,0,0,0,0,0,0,0,0,0,0,38,0,0,0,2,8,35,8,8,8,1,20,3,11,66,1,1,7,68,"777777777777","777777777777","777777777777",0,0
51,510408,2,2,1,23,8,19,17,12,6,1,0,51,2,72,706,72706,80,2002,"1HD1FDV1X2Y6","1","H","D","1","F","D","V","1","X","2","Y","6",0,0,0,"000000000","00000000000",0,0,0,1,0,0,0,0,0,0,0,35,0,0,0,12,6,2,12,0,0,0,1,51,24073,1,1,0,0,2,0,69,220,0,8,0,1,1,12,2011,10,2014,0,0,0,0,0,1,2,35,1,2,2,1,0,0,1,17,1,1,1,69,"777777777777","777777777777","777777777777",1,0
51,510409,1,2,1,21,8,11,27,12,7,1,0,45,1,72,709,72709,80,1975,"2A40605H5","2","A","4","0","6","0","5","H","5","","","",0,0,0,"000000000","00000000000",0,0,0,1,0,0,0,0,0,0,0,998,0,0,0,10,6,2,12,0,0,0,1,45,29710,6,1,0,0,3,0,73,152,0,0,0,0,0,0,0,0,0,0,0,0,0,0,6,2,70,2,2,2,1,0,0,16,53,1,1,6,48,"777777777777","777777777777","777777777777",1,0
51,510409,2,2,1,21,8,11,27,12,7,1,0,51,1,12,481,12481,31,2010,"1FTFW1EV5AFA","1","F","T","F","W","1","E","V","5","A","F","A",0,0,0,"000000000","00000000000",0,0,0,1,0,0,0,0,0,0,0,70,0,0,0,4,6,2,12,0,0,0,1,51,24171,6,1,4,0,3,3,71,178,0,0,0,0,0,0,0,0,0,0,0,0,0,0,3,2,70,2,2,2,1,0,0,14,64,1,9,6,48,"777777777777","777777777777","777777777777",0,0
51,510410,1,8,1,21,8,13,0,12,1,1,0,12,1,82,884,82884,66,2011,"1FUJGLBG2BSA","1","F","U","J","G","L","B","G","2","B","S","A",1,1,57,"01244167","5701244167",3,6,1,1,0,0,0,0,0,0,0,65,0,0,0,12,6,2,12,0,0,0,1,12,33322,6,1,6,0,3,0,69,999,0,1,0,0,0,10,2015,10,2015,0,26,0,0,0,3,2,70,1,2,2,2,0,0,1,50,99,1,1,20,"888888888888","777777777777","777777777777",0,0
51,510410,2,8,5,21,8,13,0,12,1,1,0,24,1,63,32,63032,5,2013,"KNADN5A3XD62","K","N","A","D","N","5","A","3","X","D","6","2",0,0,0,"000000000","00000000000",0,0,0,1,0,0,0,0,0,0,0,10,0,0,0,5,6,2,12,0,0,0,1,24,21774,6,1,0,0,3,0,74,200,0,1,0,0,0,11,2014,11,2014,0,0,0,0,0,3,2,70,1,2,2,2,0,0,2,53,99,1,1,98,"777777777777","777777777777","777777777777",1,0
51,510410,3,8,2,21,8,13,0,12,1,1,0,51,1,12,481,12481,31,2003,"1FTRW08L53KC","1","F","T","R","W","0","8","L","5","3","K","C",0,0,0,"000000000","00000000000",0,0,0,1,0,0,0,0,0,0,0,0,0,0,0,6,6,2,12,0,0,0,1,51,24014,6,1,0,0,3,0,76,242,0,0,0,0,0,0,0,0,0,0,0,0,0,0,3,2,70,1,2,2,2,0,0,5,53,99,1,1,21,"777777777777","777777777777","777777777777",0,0
51,510410,4,8,2,21,8,13,0,12,1,1,0,24,1,20,481,20481,31,2015,"1GC4K0E83FF5","1","G","C","4","K","0","E","8","3","F","F","5",0,0,0,"000000000","00000000000",0,0,0,1,0,0,0,0,0,0,0,0,0,0,0,9,6,2,12,0,0,0,1,24,21122,6,1,0,0,3,0,69,225,0,0,0,1,0,9,2015,9,2015,0,0,0,0,0,3,2,70,1,2,2,2,0,0,5,53,1,1,1,98,"777777777777","777777777777","777777777777",0,0
51,510410,5,8,1,21,8,13,0,12,1,1,0,48,1,85,884,85884,66,2004,"1XKWDB9X24R0","1","X","K","W","D","B","9","X","2","4","R","0",1,2,57,"00906370","5700906370",3,6,1,1,0,0,0,0,0,0,0,65,0,0,0,10,6,2,12,0,0,0,1,99,99999,9,9,99,9,9,9,999,999,99,99,99,99,99,99,9999,99,9999,0,0,0,0,0,3,2,70,1,2,2,2,0,0,1,50,99,3,2,98,"888888888888","777777777777","777777777777",0,0
51,510410,6,8,1,21,8,13,0,12,1,1,0,31,3,84,884,84884,66,2014,"3HSDJSJR6EN7","3","H","S","D","J","S","J","R","6","E","N","7",1,1,57,"00073705","5700073705",3,6,1,1,0,0,0,0,0,0,0,0,0,0,0,10,6,2,12,0,0,0,1,48,79423,6,1,6,0,3,0,999,999,0,0,0,0,0,0,0,0,0,0,0,0,0,0,3,2,70,1,2,2,2,0,0,5,60,1,1,1,98,"888888888888","777777777777","777777777777",0,0
51,510410,7,8,2,21,8,13,0,12,1,1,0,48,3,51,884,51884,66,2016,"4V4NC9EH8HN9","4","V","4","N","C","9","E","H","8","H","N","9",1,1,57,"00154364","5700154364",3,6,1,1,0,0,0,0,0,0,0,0,0,0,0,6,8,8,12,0,0,0,1,48,76502,6,1,6,0,3,0,999,999,0,0,0,0,0,0,0,0,0,0,0,0,0,0,3,2,70,1,2,2,2,0,0,5,60,1,1,1,98,"888888888888","777777777777","777777777777",0,0
51,510410,8,8,2,21,8,13,0,12,1,1,0,37,3,20,481,20481,31,2007,"2GCEC19C2715","2","G","C","E","C","1","9","C","2","7","1","5",0,0,0,"000000000","00000000000",0,0,0,1,0,0,0,0,0,0,0,45,0,0,0,1,8,8,35,0,0,0,1,37,27295,0,0,0,0,0,0,71,999,0,0,0,0,0,0,0,0,0,0,0,0,0,0,3,2,70,1,2,2,2,0,0,1,50,7,2,4,98,"777777777777","777777777777","777777777777",0,0
51,510411,1,1,1,27,8,19,46,35,0,1,0,0,0,99,731,99731,90,2015,"3JBMGAP22FJ0","3","J","B","M","G","A","P","2","2","F","J","0",0,0,0,"000000000","00000000000",0,0,0,1,0,0,0,0,0,0,0,47,0,1,5,12,6,2,35,0,0,0,1,51,23924,6,1,0,0,1,0,75,156,0,0,0,0,0,0,0,0,0,0,0,0,0,0,1,2,55,1,1,2,1,0,0,1,13,16,2,4,1,"777777777777","777777777777","777777777777",1,1
51,510412,1,1,2,20,8,15,39,59,0,1,0,51,2,7,442,7442,20,2006,"1D4GP25B86B6","1","D","4","G","P","2","5","B","8","6","B","6",0,0,0,"000000000","00000000000",0,0,0,1,0,0,0,0,0,0,0,55,0,0,0,4,6,2,30,0,0,0,1,51,24597,2,1,0,0,2,0,64,130,0,8,1,1,1,3,2013,6,2016,0,0,0,0,0,1,2,55,3,2,2,1,0,0,14,13,5,4,4,2,"777777777777","777777777777","777777777777",1,1
51,510413,1,1,2,28,8,0,50,34,0,1,0,51,1,49,481,49481,40,1996,"JT4JM11D5T00","J","T","4","J","M","1","1","D","5","T","0","0",0,0,0,"000000000","00000000000",0,0,0,1,0,0,0,0,0,0,0,60,0,1,5,12,6,2,1,0,0,0,1,51,24054,6,1,0,0,3,0,71,230,0,5,0,0,0,11,2013,9,2015,0,58,0,0,0,2,2,60,3,1,2,1,0,0,14,13,8,2,4,1,"777777777777","777777777777","777777777777",1,0