"STATE","ST_CASE","VEH_NO","VE_FORMS","NUMOCCS","DAY","MONTH","HOUR","MINUTE","HARM_EV","MAN_COLL","UNITTYPE","HIT_RUN","REG_STAT","OWNER","MAKE","MODEL","MAK_MOD","BODY_TYP","MOD_YEAR","VIN","VIN_1","VIN_2","VIN_3","VIN_4","VIN_5","VIN_6","VIN_7","VIN_8","VIN_9","VIN_10","VIN_11","VIN_12","TOW_VEH","J_KNIFE","MCARR_I1","MCARR_I2","MCARR_ID","GVWR","V_CONFIG","CARGO_BT","HAZ_INV","HAZ_PLAC","HAZ_ID","HAZ_CNO","HAZ_REL","BUS_USE","SPEC_USE","EMER_USE","TRAV_SP","UNDERIDE","ROLLOVER","ROLINLOC","IMPACT1","DEFORMED","TOWED","M_HARM","VEH_SC1","VEH_SC2","FIRE_EXP","DR_PRES","L_STATE","DR_ZIP","L_STATUS","L_TYPE","CDL_STAT","L_ENDORS","L_COMPL","L_RESTRI","DR_HGT","DR_WGT","PREV_ACC","PREV_SUS","PREV_DWI","PREV_SPD","PREV_OTH","FIRST_MO","FIRST_YR","LAST_MO","LAST_YR","SPEEDREL","DR_SF1","DR_SF2","DR_SF3","DR_SF4","VTRAFWAY","VNUM_LAN","VSPD_LIM","VALIGN","VPROFILE","VPAVETYP","VSURCOND","VTRAFCON","VTCONT_F","P_CRASH1","P_CRASH2","P_CRASH3","PCRASH4","PCRASH5","ACC_TYPE","TRLR1VIN","TRLR2VIN","TRLR3VIN","DEATHS","DR_DRINK"
51,510414,1,1,1,29,7,20,23,34,0,1,0,51,1,37,31,37031,4,2009,"2HGFG11849H5","2","H","G","F","G","1","1","8","4","9","H","5",0,0,0,"000000000","00000000000",0,0,0,1,0,0,0,0,0,0,0,55,0,0,0,9,6,2,42,0,0,0,1,51,23603,6,1,0,0,3,3,70,175,0,0,0,0,0,0,0,0,0,0,0,0,0,0,3,2,55,1,1,1,1,0,0,1,13,16,1,4,1,"777777777777","777777777777","777777777777",1,0
51,510415,1,1,2,7,8,14,30,26,0,1,0,51,2,35,47,35047,4,1993,"1N4BU31F0PC2","1","N","4","B","U","3","1","F","0","P","C","2",0,0,0,"000000000","00000000000",0,0,0,1,0,0,0,0,0,0,0,65,0,0,0,11,6,2,25,0,0,0,1,24,21045,3,2,0,0,2,0,63,110,0,1,0,0,0,5,2014,5,2014,3,0,0,0,0,3,4,55,1,1,2,1,0,0,1,12,5,4,4,7,"777777777777","777777777777","777777777777",1,0
51,510416,1,1,1,11,8,10,10,26,0,1,0,51,2,6,52,6052,6,2006,"3A4FY58B56T2","3","A","4","F","Y","5","8","B","5","6","T","2",0,0,0,"000000000","00000000000",0,0,0,1,0,0,0,0,0,0,0,55,0,0,0,6,6,2,42,0,0,0,1,51,23875,6,1,0,0,3,0,74,170,0,0,0,0,0,0,0,0,0,3,31,0,0,0,1,2,35,3,1,2,1,3,3,13,12,6,7,4,92,"777777777777","777777777777","777777777777",1,0
51,510417,1,2,2,20,8,16,45,12,2,1,0,51,1,6,52,6052,6,2001,"3C8FY4BB01T6","3","C","8","F","Y","4","B","B","0","1","T","6",0,0,0,"000000000","00000000000",0,0,0,1,0,0,0,0,0,0,0,50,0,0,0,12,6,2,12,0,0,0,1,51,23803,6,1,0,0,3,0,68,230,0,0,0,0,1,8,2014,8,2014,0,28,0,0,0,1,2,55,3,2,2,1,0,0,14,10,16,1,2,50,"777777777777","777777777777","777777777777",1,0
51,510417,2,2,2,20,8,16,45,12,2,1,0,51,1,18,421,18421,15,2015,"5GAKRBKD8FJ3","5","G","A","K","R","B","K","D","8","F","J","3",0,0,0,"000000000","00000000000",0,0,0,1,0,0,0,0,0,0,0,55,0,0,0,12,6,2,12,0,0,0,1,51,23602,6,1,0,0,3,0,63,125,0,0,0,0,0,0,0,0,0,0,0,0,0,0,1,2,55,2,2,2,1,0,0,14,62,16,1,1,51,"777777777777","777777777777","777777777777",0,0
51,510418,1,1,2,24,8,1,42,1,0,1,0,51,3,51,882,51882,66,9999,"4V1JDBRF9SR8","4","V","1","J","D","B","R","F","9","S","R","8",1,1,88,"888888888","88888888888",3,6,10,1,0,0,0,0,0,0,0,60,0,2,3,0,6,2,1,0,0,0,1,51,23231,6,1,6,0,3,0,73,190,0,1,0,1,2,8,2013,10,2015,0,0,0,0,0,2,2,60,1,1,2,1,0,0,1,12,99,2,4,6,"888888888888","777777777777","777777777777",1,1
51,510419,1,1,1,27,8,21,0,1,0,1,0,51,1,72,706,72706,80,2003,"1HD1BSY133Y0","1","H","D","1","B","S","Y","1","3","3","Y","0",0,0,0,"000000000","00000000000",0,0,0,1,0,0,0,0,0,0,0,55,0,0,0,0,6,2,1,0,0,0,1,51,22602,6,1,0,0,3,0,70,300,0,0,0,1,0,6,2015,6,2015,0,0,0,0,0,2,2,55,1,1,2,1,0,0,1,13,16,1,4,1,"777777777777","777777777777","777777777777",1,1
51,510420,1,3,1,31,8,2,37,12,1,1,0,93,3,84,884,84884,66,2015,"3HSHXSNR9FN5","3","H","S","H","X","S","N","R","9","F","N","5",1,1,57,"00661173","5700661173",3,6,1,1,0,0,0,0,0,0,0,65,0,0,0,12,6,2,12,0,0,0,1,51,23666,6,1,6,3,3,9,73,260,1,0,0,0,0,6,2013,6,2013,0,26,0,0,0,3,3,65,1,2,2,1,0,0,1,50,16,1,1,20,"888888888888","777777777777","777777777777",1,0
51,510420,2,3,1,31,8,2,37,12,1,1,0,12,3,82,884,82884,66,2004,"1FUJBBCG24LM","1","F","U","J","B","B","C","G","2","4","L","M",1,1,57,"00794737","5700794737",3,6,1,1,0,0,0,0,0,0,0,0,0,0,0,6,6,2,12,0,0,0,1,12,33823,6,1,6,0,3,0,67,999,0,0,0,0,0,0,0,0,0,0,0,0,0,0,3,3,65,1,2,2,1,0,0,5,53,1,1,1,21,"888888888888","777777777777","777777777777",0,0
51,510420,3,3,1,31,8,2,37,12,1,1,0,42,3,87,884,87884,66,2012,"999999999999","9","9","9","9","9","9","9","9","9","9","9","9",1,1,57,"00736790","5700736790",3,6,1,1,0,0,0,0,0,0,0,0,0,0,0,6,8,8,12,0,0,0,1,42,17006,6,1,6,0,3,3,62,999,0,0,0,1,0,6,2012,6,2012,0,0,0,0,0,3,3,65,1,2,2,1,0,0,5,53,1,1,1,98,"888888888888","777777777777","777777777777",0,0
51,510421,1,2,2,28,8,2,37,12,2,1,0,51,1,55,37,55037,2,2004,"KMHHN65F04U1","K","M","H","H","N","6","5","F","0","4","U","1",0,0,0,"000000000","00000000000",0,0,0,1,0,0,0,0,0,0,0,91,0,0,0,12,6,2,12,0,0,0,1,51,22572,6,1,0,0,3,0,63,175,0,0,0,1,2,10,2013,6,2015,3,51,36,0,0,1,2,55,1,1,2,1,0,0,1,10,99,1,2,50,"777777777777","777777777777","777777777777",0,1
51,510421,2,2,3,28,8,2,37,12,2,1,0,51,2,52,40,52040,4,2003,"6MMAP87P23T0","6","M","M","A","P","8","7","P","2","3","T","0",0,0,0,"000000000","00000000000",0,0,0,1,0,0,0,0,0,0,0,55,0,0,0,12,6,2,12,0,0,0,1,51,22520,6,1,0,0,3,0,63,180,0,2,0,2,0,4,2014,3,2016,0,0,0,0,0,1,2,55,1,1,2,1,0,0,1,62,99,1,1,51,"777777777777","777777777777","777777777777",1,0
51,510422,1,3,1,31,8,16,5,12,1,1,0,51,1,12,16,12016,4,1996,"2FALP74W8TX2","2","F","A","L","P","7","4","W","8","T","X","2",0,0,0,"000000000","00000000000",0,0,0,1,0,0,0,0,0,0,0,0,0,0,0,6,6,2,12,0,0,1,1,51,23707,6,1,0,0,3,0,71,225,0,0,0,1,0,8,2013,8,2013,0,0,0,0,0,3,2,55,1,1,1,1,0,0,5,53,1,1,1,21,"777777777777","777777777777","777777777777",1,0
51,510422,2,3,1,31,8,16,5,12,1,1,0,51,3,12,481,12481,31,2015,"1FT7W2B66FEB","1","F","T","7","W","2","B","6","6","F","E","B",0,0,0,"000000000","00000000000",0,0,0,1,0,0,0,0,0,0,0,60,0,0,0,12,6,2,12,0,0,0,1,51,23430,6,1,0,0,3,0,69,250,0,0,0,1,0,5,2015,5,2015,3,36,0,0,0,3,2,55,1,1,1,1,0,0,1,50,99,1,1,20,"777777777777","777777777777","777777777777",0,0
51,510422,3,3,1,31,8,16,5,12,1,1,0,51,2,22,20,22020,4,2002,"1G2WK52J72F1","1","G","2","W","K","5","2","J","7","2","F","1",0,0,0,"000000000","00000000000",0,0,0,1,0,0,0,0,0,0,0,0,0,0,0,6,6,2,12,0,0,0,1,51,23434,6,1,0,0,3,0,69,250,0,0,0,1,0,5,2015,5,2015,0,0,0,0,0,3,2,55,1,1,1,1,0,0,5,53,99,1,1,98,"777777777777","777777777777","777777777777",0,0
51,510424,1,1,1,30,8,20,18,32,0,1,0,51,1,98,706,98706,80,2001,"5TMBF14401C0","5","T","M","B","F","1","4","4","0","1","C","0",0,0,0,"000000000","00000000000",0,0,0,1,0,0,0,0,0,0,0,70,0,0,0,12,6,2,32,0,0,0,1,51,23885,6,1,0,0,2,0,71,240,0,0,0,1,0,3,2012,3,2012,3,0,0,0,0,1,2,55,1,1,2,1,0,0,1,12,99,2,4,7,"777777777777","777777777777","777777777777",1,1
51,510425,1,3,1,3,9,23,38,12,1,1,1,51,1,20,2,20002,4,2012,"2G1WG5E32C11","2","G","1","W","G","5","E","3","2","C","1","1",0,0,0,"000000000","00000000000",0,0,0,1,0,0,0,0,0,0,0,55,0,0,0,12,6,2,12,0,0,0,1,51,24112,6,1,0,0,3,0,70,190,0,0,0,0,0,0,0,0,0,0,36,0,0,0,2,4,45,1,2,2,1,3,3,1,50,99,1,1,20,"777777777777","777777777777","777777777777",0,0
51,510425,2,3,1,3,9,23,38,12,1,1,0,51,1,53,706,53706,80,2006,"JS1VY53AX621","J","S","1","V","Y","5","3","A","X","6","2","1",0,0,0,"000000000","00000000000",0,0,0,1,0,0,0,0,0,0,0,0,0,0,0,6,6,2,12,0,0,0,1,51,24112,6,1,0,0,3,0,67,203,0,0,0,1,1,9,2013,3,2016,0,0,0,0,0,2,4,45,1,2,2,1,3,3,5,53,1,1,1,21,"777777777777","777777777777","777777777777",1,1
51,510425,3,3,3,3,9,23,38,12,1,1,0,37,2,41,53,41053,5,2007,"JM3ER2934701","J","M","3","E","R","2","9","3","4","7","0","1",0,0,0,"000000000","00000000000",0,0,0,1,0,0,0,0,0,0,0,45,0,0,0,12,8,8,54,0,0,0,1,37,27288,6,1,0,0,3,0,61,999,0,0,0,0,0,0,0,0,0,0,0,0,0,0,2,4,45,1,2,2,1,3,3,1,90,1,1,1,98,"777777777777","777777777777","777777777777",0,0
51,510426,1,1,1,3,9,11,30,35,0,1,0,51,3,84,884,84884,66,2003,"2HSCNAPR23C0","2","H","S","C","N","A","P","R","2","3","C","0",1,1,57,"00280592","5700280592",3,6,2,2,2,1203,3,2,0,0,0,65,0,1,3,11,6,2,2,0,0,1,1,51,24301,6,1,6,1,3,0,66,245,0,0,0,0,0,0,0,0,0,0,0,0,0,0,3,2,70,1,1,2,1,0,0,1,12,16,2,4,6,"888888888888","777777777777","777777777777",1,1
51,510427,1,2,1,7,9,17,30,12,2,1,0,51,1,41,53,41053,5,2012,"JM3ER2C52C04","J","M","3","E","R","2","C","5","2","C","0","4",0,0,0,"000000000","00000000000",0,0,0,1,0,0,0,0,0,0,0,10,0,0,0,12,6,2,12,0,0,0,1,51,24202,6,1,0,0,3,0,70,175,0,0,0,1,1,2,2015,6,2016,0,38,0,0,0,1,2,45,1,2,2,1,0,0,11,66,1,1,1,68,"777777777777","777777777777","777777777777",0,0
51,510427,2,2,1,7,9,17,30,12,2,1,0,47,1,73,709,73709,80,1989,"JKAEXVA12KA0","J","K","A","E","X","V","A","1","2","K","A","0",0,0,0,"000000000","00000000000",0,0,0,1,0,0,0,0,0,0,0,45,0,0,0,12,6,2,12,0,0,0,1,51,24202,6,1,0,0,3,0,63,130,1,8,0,3,4,11,2012,5,2016,0,0,0,0,0,1,2,45,1,2,2,1,0,0,1,66,1,1,1,69,"777777777777","777777777777","777777777777",1,0
51,510428,1,1,2,27,8,18,41,8,0,1,1,51,2,21,21,21021,2,2002,"1G3NL12E52C1","1","G","3","N","L","1","2","E","5","2","C","1",0,0,0,"000000000","00000000000",0,0,0,1,0,0,0,0,0,0,0,55,0,0,0,11,8,2,8,0,0,0,1,51,24577,2,1,0,0,2,0,66,174,0,4,0,0,0,2,2014,3,2014,0,0,0,0,0,1,2,55,1,1,2,1,0,0,1,12,5,2,4,6,"777777777777","777777777777","777777777777",0,0
51,510429,1,1,1,4,9,13,55,42,0,1,0,51,1,12,481,12481,31,1989,"1FTEF25YXKNB","1","F","T","E","F","2","5","Y","X","K","N","B",0,0,0,"000000000","00000000000",0,0,0,1,0,0,0,0,0,0,0,80,0,0,0,12,6,2,2,0,0,1,1,51,23930,6,2,0,0,3,0,73,345,0,0,0,0,0,0,0,0,0,3,0,0,0,0,1,2,55,1,2,2,1,0,0,1,13,5,1,4,1,"777777777777","777777777777","777777777777",1,0
51,510430,1,1,1,5,9,22,1,34,0,1,0,51,1,20,481,20481,31,1999,"1GCEK14V0XZ1","1","G","C","E","K","1","4","V","0","X","Z","1",0,0,0,"000000000","00000000000",0,0,0,1,0,0,0,0,0,0,0,75,0,1,5,2,6,2,30,0,0,0,1,51,22485,6,1,0,0,3,0,69,180,2,0,0,2,6,9,2011,7,2015,3,58,0,0,0,1,2,45,3,1,2,1,0,0,14,13,16,1,4,1,"777777777777","777777777777","777777777777",1,1
51,510431,1,1,1,10,9,17,30,42,0,1,0,51,1,20,471,20471,30,1992,"1GNDT13Z1N21","1","G","N","D","T","1","3","Z","1","N","2","1",0,0,0,"000000000","00000000000",0,0,0,1,0,0,0,0,0,0,0,45,0,0,0,12,6,2,42,0,0,0,1,51,24088,6,1,0,0,3,0,73,180,0,0,0,0,0,0,0,0,0,3,0,0,0,0,1,2,35,1,1,4,1,0,0,1,12,99,2,4,6,"777777777777","777777777777","777777777777",1,1
51,510432,1,1,1,25,8,14,55,42,0,1,0,51,1,20,421,20421,15,1998,"1GNEK13R7WJ3","1","G","N","E","K","1","3","R","7","W","J","3",0,0,0,"000000000","00000000000",0,0,0,1,0,0,0,0,0,0,0,49,0,0,0,12,6,2,42,0,0,0,1,51,23838,6,1,0,0,3,0,67,180,0,0,0,0,0,0,0,0,0,0,0,0,0,0,1,2,45,1,2,2,1,0,0,1,13,16,1,4,1,"777777777777","777777777777","777777777777",1,1
51,510433,1,1,1,31,8,8,11,8,0,1,0,51,1,2,404,2404,14,2011,"1J4RR4GG7BC7","1","J","4","R","R","4","G","G","7","B","C","7",0,0,0,"000000000","00000000000",0,0,0,1,0,0,0,0,0,0,0,998,0,0,0,12,6,2,8,0,0,0,1,51,20176,6,1,0,0,3,0,72,185,0,0,0,1,0,10,2015,10,2015,0,38,0,0,0,2,2,40,1,2,2,1,0,0,11,80,1,1,1,13,"777777777777","777777777777","777777777777",0,0
51,510434,1,3,1,4,9,0,45,12,1,1,0,51,1,53,706,53706,80,2000,"JS1GR7GA5Y21","J","S","1","G","R","7","G","A","5","Y","2","1",0,0,0,"000000000","00000000000",0,0,0,1,0,0,0,0,0,0,0,90,0,0,0,12,6,2,12,0,0,0,1,51,23803,6,1,6,0,3,3,72,150,0,0,0,0,3,3,2015,9,2015,3,0,0,0,0,3,3,60,1,1,2,1,0,0,2,51,16,1,1,24,"777777777777","777777777777","777777777777",1,1
51,510434,2,3,2,4,9,0,45,12,1,1,0,51,1,22,18,22018,4,2003,"1G2NE52F43C1","1","G","2","N","E","5","2","F","4","3","C","1",0,0,0,"000000000","00000000000",0,0,0,1,0,0,0,0,0,0,0,60,0,0,0,6,6,2,12,0,0,0,1,51,23834,6,1,0,0,3,3,67,140,0,0,0,2,0,12,2011,6,2016,0,0,0,0,0,3,3,60,1,1,2,1,0,0,1,53,1,1,1,25,"777777777777","777777777777","777777777777",0,0
51,510434,3,3,1,4,9,0,45,12,1,1,0,51,2,37,706,37706,80,1997,"JH2SC3507VM0","J","H","2","S","C","3","5","0","7","V","M","0",0,0,0,"000000000","00000000000",0,0,0,1,0,0,0,0,0,0,0,90,0,0,0,12,6,2,12,0,0,0,1,51,23803,1,1,1,0,2,0,75,187,0,13,2,1,2,12,2011,3,2016,3,0,0,0,0,3,3,60,1,1,2,1,0,0,1,64,1,1,1,98,"777777777777","777777777777","777777777777",0,0
51,510435,1,1,1,18,8,2,9,23,0,1,0,51,1,53,705,53705,80,2010,"JS1GN7EA7A21","J","S","1","G","N","7","E","A","7","A","2","1",0,0,0,"000000000","00000000000",0,0,0,1,0,0,0,0,0,0,0,50,0,0,0,1,6,2,5,0,0,0,1,51,22150,6,1,0,0,3,0,70,163,0,3,1,1,1,5,2013,8,2013,0,0,0,0,0,2,3,50,3,2,2,8,0,0,14,13,99,1,4,1,"777777777777","777777777777","777777777777",1,1
51,510436,1,1,1,29,7,15,40,53,0,1,1,51,2,12,422,12422,15,1999,"1FMRU1865XLB","1","F","M","R","U","1","8","6","5","X","L","B",0,0,0,"000000000","00000000000",0,0,0,1,0,0,0,0,0,0,0,50,0,0,0,1,6,2,8,0,0,0,1,51,23602,0,0,0,0,0,0,999,999,0,0,0,0,0,0,0,0,0,3,0,0,0,0,1,2,25,4,1,2,1,0,0,14,6,5,2,4,1,"777777777777","777777777777","777777777777",0,0
51,510437,1,1,1,2,6,16,36,1,0,1,0,51,2,72,706,72706,80,1998,"1HD4CEM11WY2","1","H","D","4","C","E","M","1","1","W","Y","2",0,0,0,"000000000","00000000000",0,0,0,1,0,0,0,0,0,0,0,65,0,0,0,0,6,2,1,0,0,0,1,51,23927,6,1,0,0,2,3,66,185,0,4,1,0,5,5,2013,11,2015,3,0,0,0,0,1,2,55,1,1,2,1,0,0,1,9,5,2,2,98,"777777777777","777777777777","777777777777",1,0
51,510438,1,2,1,23,7,17,30,12,2,1,0,51,1,53,402,53402,14,1992,"2S3TA01CXN64","2","S","3","T","A","0","1","C","X","N","6","4",0,0,0,"000000000","00000000000",0,0,0,1,0,0,0,0,0,0,0,35,0,0,0,12,6,2,12,0,0,0,1,51,24211,6,1,0,0,3,0,71,220,1,1,1,0,0,8,2011,1,2014,0,28,0,0,0,1,2,55,2,1,2,1,0,0,14,10,1,1,2,50,"777777777777","777777777777","777777777777",1,1
51,510438,2,2,1,23,7,17,30,12,2,1,0,51,1,18,421,18421,15,2015,"KL4CJHSB4FB1","K","L","4","C","J","H","S","B","4","F","B","1",0,0,0,"000000000","00000000000",0,0,0,1,0,0,0,0,0,0,0,30,0,0,0,12,6,2,12,0,0,0,1,51,24292,6,1,0,0,3,3,54,112,0,0,0,0,0,0,0,0,0,0,0,0,0,0,1,2,55,3,1,2,1,0,0,14,62,1,1,1,51,"777777777777","777777777777","777777777777",0,0
51,510439,1,1,1,11,9,19,50,9,0,1,0,51,1,30,46,30046,4,2013,"1VWAP7A38DC0","1","V","W","A","P","7","A","3","8","D","C","0",0,0,0,"000000000","00000000000",0,0,0,1,0,0,0,0,0,0,0,55,0,0,0,1,8,8,9,0,0,0,1,51,22485,6,1,0,0,3,3,64,150,0,0,0,1,0,5,2012,5,2012,0,38,0,0,0,1,2,55,1,1,2,1,0,0,1,64,1,1,1,13,"777777777777","777777777777","777777777777",0,1
51,510440,1,1,1,14,9,3,15,23,0,1,0,51,1,30,47,30047,1,2004,"3VWCM31Y94M3","3","V","W","C","M","3","1","Y","9","4","M","3",0,0,0,"000000000","00000000000",0,0,0,1,0,0,0,0,0,0,0,50,0,0,0,12,6,2,23,0,0,0,1,51,24073,6,1,0,0,3,0,69,162,0,0,0,1,1,10,2012,12,2013,0,0,0,0,0,1,2,45,1,1,2,1,0,0,1,13,99,1,4,1,"777777777777","777777777777","777777777777",1,0
51,510441,1,1,2,17,9,7,17,9,0,1,0,51,1,12,481,12481,31,2004,"2FTRF07394CA","2","F","T","R","F","0","7","3","9","4","C","A",0,0,0,"000000000","00000000000",0,0,0,1,0,0,0,0,0,0,0,998,0,0,0,12,8,5,9,0,0,0,1,51,23456,6,1,0,0,3,0,72,200,0,0,0,2,1,4,2013,1,2016,3,0,0,0,0,2,4,45,1,1,2,1,3,3,1,80,99,1,1,13,"777777777777","777777777777","777777777777",0,0
51,510442,1,1,2,17,9,23,25,38,0,1,0,51,1,37,31,37031,2,1995,"1HGEJ2120SL0","1","H","G","E","J","2","1","2","0","S","L","0",0,0,0,"000000000","00000000000",0,0,0,1,0,0,0,0,0,0,0,75,0,1,6,9,6,2,1,0,0,0,1,51,24477,0,0,0,0,0,0,71,165,0,0,0,0,0,0,0,0,0,3,0,0,0,0,1,2,55,1,1,2,1,0,0,1,6,16,3,4,2,"777777777777","777777777777","777777777777",1,1
51,510443,1,2,1,12,8,0,48,12,6,1,0,51,2,12,471,12471,30,2009,"1FTYR15E19PA","1","F","T","Y","R","1","5","E","1","9","P","A",0,0,0,"000000000","00000000000",0,0,0,1,0,0,0,0,0,0,0,70,0,0,0,12,8,2,12,0,0,0,1,51,23505,6,1,0,0,3,0,70,189,0,0,0,0,0,0,0,0,0,3,38,0,0,0,1,2,35,1,1,2,1,20,3,1,66,1,1,1,69,"777777777777","777777777777","777777777777",0,1
51,510443,2,2,2,12,8,0,48,12,6,1,0,51,2,20,471,20471,30,2002,"1GCCS1454282","1","G","C","C","S","1","4","5","4","2","8","2",0,0,0,"000000000","00000000000",0,0,0,1,0,0,0,0,0,0,0,15,0,0,0,9,8,2,12,0,0,0,1,51,23222,6,1,0,0,3,0,71,165,0,0,0,4,2,3,2015,7,2016,3,38,0,0,0,1,2,35,1,1,2,1,0,0,11,17,1,1,1,68,"777777777777","777777777777","777777777777",1,0
51,510444,1,2,1,18,9,12,58,12,7,1,0,34,3,82,881,82881,66,2017,"3AKJGLBG3HSH","3","A","K","J","G","L","B","G","3","H","S","H",1,1,57,"00297242","5700297242",3,6,1,1,0,0,0,0,0,0,0,70,0,0,0,1,8,5,12,0,0,0,1,42,19149,6,1,6,0,3,0,68,999,0,0,0,1,1,8,2013,6,2014,0,27,0,0,0,3,2,70,1,1,2,1,0,0,15,11,5,1,2,44,"888888888888","777777777777","777777777777",0,0
51,510444,2,2,3,18,9,12,58,12,7,1,0,51,1,49,40,49040,4,2010,"4T1BF3EK3AU5","4","T","1","B","F","3","E","K","3","A","U","5",0,0,0,"000000000","00000000000",0,0,0,1,0,0,0,0,0,0,0,70,0,0,0,10,6,2,12,0,0,0,1,51,20109,6,1,0,0,3,0,70,140,0,0,0,0,0,0,0,0,0,0,0,0,0,0,3,2,70,1,1,2,1,0,0,1,60,16,1,1,45,"777777777777","777777777777","777777777777",1,0
51,510445,1,1,1,22,8,19,10,8,0,1,0,51,1,32,43,32043,4,2014,"WAUDFAFLXEN0","W","A","U","D","F","A","F","L","X","E","N","0",0,0,0,"000000000","00000000000",0,0,0,1,0,0,0,0,0,0,0,25,0,0,0,11,8,8,8,0,0,0,1,51,20152,6,1,0,0,3,0,72,190,1,1,0,1,0,11,2014,6,2016,0,0,0,0,0,1,5,40,1,2,2,1,0,0,3,80,5,1,2,13,"777777777777","777777777777","777777777777",0,0
51,510446,1,1,1,9,6,18,54,33,0,1,0,51,1,58,37,58037,2,2003,"JNKCV54E83M2","J","N","K","C","V","5","4","E","8","3","M","2",0,0,0,"000000000","00000000000",0,0,0,1,0,0,0,0,0,0,0,0,0,0,0,10,8,2,14,0,0,0,1,48,75002,6,1,0,0,3,0,999,999,0,0,0,2,0,4,2014,10,2014,3,0,0,0,0,1,4,35,1,1,2,1,0,0,1,13,99,2,4,2,"777777777777","777777777777","777777777777",1,0
51,510447,1,1,1,28,7,19,34,24,0,1,0,51,2,7,482,7482,31,1996,"3B7HC13YXTM1","3","B","7","H","C","1","3","Y","X","T","M","1",0,0,0,"000000000","00000000000",0,0,0,1,0,0,0,0,0,0,0,998,0,1,5,1,6,2,24,0,0,0,1,51,24012,6,1,0,0,3,0,72,175,0,1,0,0,1,7,2016,7,2016,3,0,0,0,0,3,2,55,3,1,2,2,0,0,14,6,5,2,4,2,"777777777777","777777777777","777777777777",1,1
51,510448,1,1,1,22,7,0,40,42,0,1,0,51,2,49,472,49472,40,1999,"4TANM92N5XZ5","4","T","A","N","M","9","2","N","5","X","Z","5",0,0,0,"000000000","00000000000",0,0,0,1,0,0,0,0,0,0,0,66,0,0,0,12,6,2,42,0,0,0,1,51,23112,6,1,0,0,3,0,68,145,0,0,0,0,0,0,0,0,0,3,0,0,0,0,1,2,35,3,1,2,1,0,0,14,6,99,2,4,1,"777777777777","777777777777","777777777777",1,0
51,510449,1,1,1,16,8,6,30,59,0,1,0,42,1,37,705,37705,80,2006,"JH2RC44466M0","J","H","2","R","C","4","4","4","6","6","M","0",0,0,0,"000000000","00000000000",0,0,0,1,0,0,0,0,0,0,0,40,0,0,0,2,6,2,59,0,0,0,1,42,19050,6,1,0,0,3,0,69,999,0,0,0,0,0,0,0,0,0,0,0,0,0,0,1,4,55,1,3,2,1,0,0,1,13,99,2,4,1,"777777777777","777777777777","777777777777",1,0
51,510450,1,1,0,8,8,20,50,8,0,1,0,51,6,12,461,12461,21,1997,"1FMEE1121VHA","1","F","M","E","E","1","1","2","1","V","H","A",0,0,0,"000000000","00000000000",0,0,0,1,0,0,0,0,0,0,0,15,0,0,0,6,8,8,8,0,0,0,0,0,99997,7,6,97,7,6,7,998,997,998,998,998,998,998,98,9998,98,9998,8,0,0,0,0,1,2,25,1,6,2,2,0,0,0,98,0,0,0,98,"777777777777","777777777777","777777777777",0,0
51,510451,1,1,1,25,8,9,18,24,0,1,0,95,3,84,884,84884,66,2006,"2HSCESBR06C1","2","H","S","C","E","S","B","R","0","6","C","1",1,1,57,"00902522","5700902522",3,6,1,1,0,0,0,0,0,0,0,65,0,1,3,11,6,2,1,0,0,0,1,95,0,9,9,99,9,9,9,999,999,99,99,99,99,99,99,9999,99,9999,0,0,0,0,0,6,1,65,2,2,2,1,40,3,14,12,99,1,4,6,"888888888888","777777777777","777777777777",1,0
51,510452,1,2,1,3,9,17,20,12,6,1,0,51,1,20,471,20471,30,1996,"1GCCS19XXTK1","1","G","C","C","S","1","9","X","X","T","K","1",0,0,0,"000000000","00000000000",0,0,0,1,0,0,0,0,0,0,0,50,0,1,5,9,6,2,12,0,0,0,1,51,23868,6,1,6,0,3,3,68,172,0,0,0,0,0,0,0,0,0,0,0,0,0,0,2,2,55,1,1,2,1,0,0,1,66,16,1,1,89,"777777777777","777777777777","777777777777",1,0
51,510452,2,2,1,3,9,17,20,12,6,1,0,51,1,13,421,13421,15,2013,"5LMJJ2J57DEL","5","L","M","J","J","2","J","5","7","D","E","L",0,0,0,"000000000","00000000000",0,0,0,1,0,0,0,0,0,0,0,65,0,0,0,12,6,2,12,0,0,0,1,51,23944,6,1,0,0,3,3,63,165,0,0,0,1,1,4,2015,8,2016,0,38,0,0,0,1,2,55,1,1,2,1,0,0,1,17,16,1,1,88,"777777777777","777777777777","777777777777",0,0
51,510453,1,1,1,10,9,15,29,59,0,1,0,51,2,35,47,35047,4,1998,"1N4DL01D8WC1","1","N","4","D","L","0","1","D","8","W","C","1",0,0,0,"000000000","00000000000",0,0,0,1,0,0,0,0,0,0,0,35,0,0,0,12,6,2,2,0,0,1,1,51,22485,6,1,0,0,3,0,69,190,0,0,0,0,0,0,0,0,0,0,0,0,0,0,1,2,45,1,1,2,1,0,0,1,13,99,2,4,2,"777777777777","777777777777","777777777777",1,1
51,510454,1,4,1,14,9,15,40,12,1,1,0,12,3,84,884,84884,66,2006,"2HSCEAPR26C2","2","H","S","C","E","A","P","R","2","6","C","2",1,1,57,"01725744","5701725744",3,6,1,1,0,0,0,0,0,0,0,50,0,0,0,12,6,2,12,0,0,0,1,12,33056,6,1,6,0,3,0,68,999,0,1,0,0,1,5,2013,10,2015,0,0,0,0,0,2,2,65,1,2,2,1,0,0,1,52,5,1,2,28,"888888888888","777777777777","777777777777",1,0