"STATE","ST_CASE","VEH_NO","VE_FORMS","NUMOCCS","DAY","MONTH","HOUR","MINUTE","HARM_EV","MAN_COLL","UNITTYPE","HIT_RUN","REG_STAT","OWNER","MAKE","MODEL","MAK_MOD","BODY_TYP","MOD_YEAR","VIN","VIN_1","VIN_2","VIN_3","VIN_4","VIN_5","VIN_6","VIN_7","VIN_8","VIN_9","VIN_10","VIN_11","VIN_12","TOW_VEH","J_KNIFE","MCARR_I1","MCARR_I2","MCARR_ID","GVWR","V_CONFIG","CARGO_BT","HAZ_INV","HAZ_PLAC","HAZ_ID","HAZ_CNO","HAZ_REL","BUS_USE","SPEC_USE","EMER_USE","TRAV_SP","UNDERIDE","ROLLOVER","ROLINLOC","IMPACT1","DEFORMED","TOWED","M_HARM","VEH_SC1","VEH_SC2","FIRE_EXP","DR_PRES","L_STATE","DR_ZIP","L_STATUS","L_TYPE","CDL_STAT","L_ENDORS","L_COMPL","L_RESTRI","DR_HGT","DR_WGT","PREV_ACC","PREV_SUS","PREV_DWI","PREV_SPD","PREV_OTH","FIRST_MO","FIRST_YR","LAST_MO","LAST_YR","SPEEDREL","DR_SF1","DR_SF2","DR_SF3","DR_SF4","VTRAFWAY","VNUM_LAN","VSPD_LIM","VALIGN","VPROFILE","VPAVETYP","VSURCOND","VTRAFCON","VTCONT_F","P_CRASH1","P_CRASH2","P_CRASH3","PCRASH4","PCRASH5","ACC_TYPE","TRLR1VIN","TRLR2VIN","TRLR3VIN","DEATHS","DR_DRINK"
51,510454,2,4,1,14,9,15,40,12,1,1,0,26,3,84,881,84881,66,2012,"3HSDJSJR9CN5","3","H","S","D","J","S","J","R","9","C","N","5",1,1,57,"02640444","5702640444",3,6,1,1,0,0,0,0,0,0,0,30,0,0,0,6,8,5,12,0,0,0,1,48,76135,6,1,6,0,3,0,999,999,0,0,0,0,0,0,0,0,0,0,0,0,0,0,2,2,65,1,2,2,1,0,0,2,53,99,1,1,29,"888888888888","777777777777","777777777777",0,0
51,510454,3,4,1,14,9,15,40,12,1,1,0,47,3,51,884,51884,66,2004,"4V4NC9TG84N3","4","V","4","N","C","9","T","G","8","4","N","3",1,1,57,"02845322","5702845322",3,6,1,1,0,0,0,0,0,0,0,30,0,0,0,10,8,5,12,0,0,0,1,47,37660,6,1,6,0,3,0,72,300,0,0,0,0,0,0,0,0,0,0,0,0,0,0,2,2,65,1,2,2,1,0,0,1,60,99,1,1,98,"888888888888","777777777777","777777777777",0,0
51,510454,4,4,1,14,9,15,40,12,1,1,0,99,9,85,884,85884,66,2007,"1XKWDB9X67J1","1","X","K","W","D","B","9","X","6","7","J","1",1,1,57,"00154712","5700154712",3,6,3,1,0,0,0,0,0,0,0,30,0,0,0,4,8,5,12,0,0,0,1,99,99999,9,9,99,9,9,9,999,999,99,99,99,99,99,99,9999,99,9999,0,0,0,0,0,2,2,65,1,2,2,1,0,0,1,60,99,1,1,98,"888888888888","777777777777","777777777777",0,0
51,510455,1,2,2,20,9,5,57,12,6,1,0,51,1,12,401,12401,14,1996,"1FMDU34X2TUA","1","F","M","D","U","3","4","X","2","T","U","A",0,0,0,"000000000","00000000000",0,0,0,1,0,0,0,0,0,0,0,50,0,1,1,9,6,2,12,0,0,0,1,51,24121,6,1,0,0,3,0,65,217,2,0,0,0,3,10,2015,8,2016,0,58,0,0,0,1,2,55,1,2,2,1,0,0,1,13,8,3,6,64,"777777777777","777777777777","777777777777",2,0
51,510455,2,2,1,20,9,5,57,12,6,1,0,51,3,12,881,12881,61,2008,"1FDXF46R28EB","1","F","D","X","F","4","6","R","2","8","E","B",0,0,51,"00339391","5100339391",2,2,1,1,0,0,0,0,0,0,0,50,0,0,0,12,6,2,12,0,0,0,1,51,24015,6,1,6,0,3,0,72,215,0,0,0,0,0,0,0,0,0,0,0,0,0,0,1,2,55,1,2,2,1,0,0,1,62,5,1,1,65,"777777777777","777777777777","777777777777",0,0
51,510456,1,2,1,18,9,19,33,8,0,1,0,51,1,51,45,51045,4,2001,"YV1TS94DX111","Y","V","1","T","S","9","4","D","X","1","1","1",0,0,0,"000000000","00000000000",0,0,0,1,0,0,0,0,0,0,0,55,0,0,0,12,6,2,8,0,0,0,1,51,22901,6,1,0,0,3,3,74,270,0,0,0,0,0,0,0,0,0,0,0,0,0,0,1,2,55,1,2,2,1,0,0,1,80,1,1,1,13,"777777777777","777777777777","777777777777",0,0
51,510456,2,2,1,18,9,19,33,8,0,1,0,51,1,20,471,20471,30,1993,"1GCCT19Z0P01","1","G","C","C","T","1","9","Z","0","P","0","1",0,0,0,"000000000","00000000000",0,0,0,1,0,0,0,0,0,0,0,50,0,0,0,12,8,5,54,0,0,0,1,51,22942,6,1,0,0,3,0,58,110,0,1,1,0,0,5,2014,6,2014,0,0,0,0,0,1,2,55,1,2,2,1,0,0,1,80,1,1,1,98,"777777777777","777777777777","777777777777",0,0
51,510457,1,1,1,6,8,7,30,42,0,1,0,51,1,37,35,37035,1,2004,"JHMAP21424T0","J","H","M","A","P","2","1","4","2","4","T","0",0,0,0,"000000000","00000000000",0,0,0,1,0,0,0,0,0,0,0,60,0,1,6,6,6,2,1,0,0,0,1,51,22304,6,1,0,0,3,0,73,160,0,0,0,0,0,0,0,0,0,3,0,0,0,0,1,2,35,3,2,2,1,0,0,14,6,99,3,4,2,"777777777777","777777777777","777777777777",1,0
51,510458,1,1,2,23,9,12,58,1,0,1,0,51,1,12,471,12471,30,2002,"1FTZR45E32PA","1","F","T","Z","R","4","5","E","3","2","P","A",0,0,0,"000000000","00000000000",0,0,0,1,0,0,0,0,0,0,0,70,0,2,3,0,6,2,1,0,0,0,1,51,22645,6,1,0,0,3,0,62,150,0,0,0,0,0,0,0,0,0,0,0,0,0,0,2,2,70,1,1,2,1,0,0,1,12,5,2,4,6,"777777777777","777777777777","777777777777",1,0
51,510459,1,2,2,8,9,19,46,12,2,1,0,51,1,18,4,18004,4,1992,"1G4BN5371NR4","1","G","4","B","N","5","3","7","1","N","R","4",0,0,0,"000000000","00000000000",0,0,0,1,0,0,0,0,0,0,0,45,0,0,0,12,6,2,12,0,0,0,1,51,24102,1,1,0,0,2,0,67,215,0,3,0,1,1,2,2013,4,2016,0,28,0,0,0,1,2,45,2,2,2,1,0,0,14,10,1,1,2,50,"777777777777","777777777777","777777777777",1,0
51,510459,2,2,1,8,9,19,46,12,2,1,0,51,1,12,24,12024,6,2015,"2FMTK4K93FBB","2","F","M","T","K","4","K","9","3","F","B","B",0,0,0,"000000000","00000000000",0,0,0,1,0,0,0,0,0,0,0,30,0,0,0,12,6,2,12,0,0,0,1,51,24088,6,1,0,0,3,0,63,135,0,0,0,0,0,0,0,0,0,0,0,0,0,0,1,2,45,3,2,2,1,0,0,14,62,1,1,1,51,"777777777777","777777777777","777777777777",0,0
51,510460,1,2,2,11,9,14,11,12,6,1,0,13,2,49,40,49040,4,1999,"JT2BF28KXX02","J","T","2","B","F","2","8","K","X","X","0","2",0,0,0,"000000000","00000000000",0,0,0,1,0,0,0,0,0,0,0,65,0,0,0,8,6,2,12,0,0,1,1,51,23454,6,7,0,0,2,3,65,150,0,0,0,0,0,0,0,0,0,0,28,0,0,0,2,2,60,4,1,2,1,0,0,14,8,16,7,6,64,"777777777777","777777777777","777777777777",1,0
51,510460,2,2,4,11,9,14,11,12,6,1,0,37,1,41,52,41052,6,2012,"JM1CW2DLXC01","J","M","1","C","W","2","D","L","X","C","0","1",0,0,0,"000000000","00000000000",0,0,0,1,0,0,0,0,0,0,0,70,0,0,0,11,6,2,12,0,0,0,1,37,27519,6,1,0,0,3,0,66,999,0,0,0,0,0,0,0,0,0,0,0,0,0,0,2,2,60,4,1,2,1,0,0,14,64,16,1,1,65,"777777777777","777777777777","777777777777",0,0
51,510461,1,1,1,13,9,20,40,32,0,1,0,51,2,37,32,37032,4,2002,"1HGCG56762A0","1","H","G","C","G","5","6","7","6","2","A","0",0,0,0,"000000000","00000000000",0,0,0,1,0,0,0,0,0,0,0,53,0,0,0,12,6,2,32,0,0,0,1,51,23083,6,1,0,0,3,0,64,163,1,1,0,3,0,12,2014,9,2015,3,0,0,0,0,1,2,40,3,2,2,1,0,0,14,6,5,4,4,7,"777777777777","777777777777","777777777777",1,0
51,510462,1,1,4,25,9,2,45,32,0,1,0,51,1,20,470,20470,28,1986,"1GCEG25N4G71","1","G","C","E","G","2","5","N","4","G","7","1",0,0,0,"000000000","00000000000",0,0,0,1,0,0,0,0,0,0,0,998,0,0,0,1,6,2,32,0,0,0,1,51,23223,6,1,0,0,3,0,63,125,0,0,0,0,0,0,0,0,0,0,83,0,0,0,1,2,45,1,1,2,1,0,0,1,87,9,2,4,2,"777777777777","777777777777","777777777777",1,1
51,510463,1,1,1,13,9,20,18,9,0,1,0,51,2,23,401,23401,14,2003,"1GKES16S6361","1","G","K","E","S","1","6","S","6","3","6","1",0,0,0,"000000000","00000000000",0,0,0,1,0,0,0,0,0,0,0,35,0,0,0,12,6,2,9,0,0,0,1,51,23321,0,0,0,0,2,0,999,999,0,0,0,0,0,0,0,0,0,0,0,0,0,0,1,2,35,1,1,2,1,0,0,1,83,1,1,1,13,"777777777777","777777777777","777777777777",0,0
51,510464,1,2,1,7,9,21,41,12,6,1,0,51,1,12,461,12461,29,2003,"1FDXE45F63HA","1","F","D","X","E","4","5","F","6","3","H","A",0,0,0,"000000000","00000000000",0,0,0,1,0,0,0,0,0,6,3,10,0,0,0,8,8,8,12,0,0,0,1,51,23188,6,1,0,0,3,0,72,175,0,0,0,0,0,0,0,0,0,0,38,0,0,0,2,2,45,1,1,2,1,3,3,11,66,1,1,1,68,"777777777777","777777777777","777777777777",0,0
51,510464,2,2,1,7,9,21,41,12,6,1,0,51,1,37,705,37705,80,2009,"JH2PC40469K2","J","H","2","P","C","4","0","4","6","9","K","2",0,0,0,"000000000","00000000000",0,0,0,1,0,0,0,0,0,0,0,45,0,0,0,12,6,2,12,0,0,0,1,51,23608,6,1,0,0,3,0,72,185,0,0,0,2,3,5,2012,7,2015,0,0,0,0,0,1,2,45,1,1,2,1,0,0,1,17,16,1,1,69,"777777777777","777777777777","777777777777",1,0
51,510465,1,1,4,2,10,7,45,35,0,1,0,51,2,35,39,35039,4,2002,"JN1DA31D42T4","J","N","1","D","A","3","1","D","4","2","T","4",0,0,0,"000000000","00000000000",0,0,0,1,0,0,0,0,0,0,0,60,0,1,5,11,6,2,1,0,0,0,1,51,23950,6,1,6,0,3,0,68,150,0,1,0,3,0,10,2011,6,2015,3,0,0,0,0,1,2,45,3,1,2,1,0,0,14,13,5,4,4,1,"777777777777","777777777777","777777777777",1,0
51,510466,1,1,2,17,9,0,30,59,0,1,0,51,1,12,481,12481,31,2004,"1FTSW31P94ED","1","F","T","S","W","3","1","P","9","4","E","D",0,0,0,"000000000","00000000000",0,0,0,1,0,0,0,0,0,0,0,95,0,1,5,11,6,2,42,0,0,0,1,51,23150,6,1,0,0,3,0,69,165,0,0,0,3,0,4,2013,9,2016,3,0,0,0,0,3,4,70,1,1,2,1,0,0,1,13,99,2,4,1,"777777777777","777777777777","777777777777",1,0
51,510467,1,1,1,7,7,6,18,33,0,1,0,51,2,49,40,49040,4,2004,"4T1BE32K74U8","4","T","1","B","E","3","2","K","7","4","U","8",0,0,0,"000000000","00000000000",0,0,0,1,0,0,0,0,0,0,0,68,0,0,0,9,6,2,42,0,0,0,1,51,22204,6,1,0,0,3,0,74,220,0,0,0,0,2,9,2015,4,2016,3,0,0,0,0,3,3,35,1,1,2,1,0,0,1,51,9,3,4,2,"777777777777","777777777777","777777777777",1,1
51,510468,1,1,1,3,10,11,40,1,0,1,0,13,3,85,881,85881,66,2009,"1XKTD49X39J2","1","X","K","T","D","4","9","X","3","9","J","2",1,1,57,"02362873","5702362873",3,6,1,1,0,0,0,0,0,0,0,45,0,2,1,0,6,2,2,0,0,1,1,13,30082,6,1,6,0,3,0,73,230,98,0,0,0,0,0,0,0,0,0,0,0,0,0,1,2,55,2,2,2,1,0,0,14,6,16,7,3,98,"888888888888","777777777777","777777777777",1,0
51,510469,1,1,1,1,10,12,57,42,0,1,0,51,2,12,471,12471,30,1999,"1FTZR15VXXTB","1","F","T","Z","R","1","5","V","X","X","T","B",0,0,0,"000000000","00000000000",0,0,0,1,0,0,0,0,0,0,0,70,0,0,0,7,6,2,42,0,0,0,1,51,24102,6,2,0,0,3,1,66,157,0,0,0,0,0,0,0,0,0,3,58,0,0,0,1,2,55,3,2,2,1,0,0,14,13,8,4,4,1,"777777777777","777777777777","777777777777",1,0
51,510470,1,1,5,23,9,6,42,73,0,1,0,51,2,20,461,20461,21,2006,"1GCFG15X2611","1","G","C","F","G","1","5","X","2","6","1","1",0,0,0,"000000000","00000000000",0,0,0,1,0,0,0,0,0,0,0,26,0,0,0,99,0,5,73,0,0,0,1,51,22701,6,1,0,0,3,0,61,137,1,0,0,1,1,1,2013,2,2016,0,36,0,0,0,1,2,35,1,2,2,1,0,0,1,98,99,1,1,15,"777777777777","777777777777","777777777777",1,0
51,510471,1,2,3,26,9,4,0,12,1,1,1,99,9,35,472,35472,30,2003,"5N1ED28Y63C6","5","N","1","E","D","2","8","Y","6","3","C","6",0,0,0,"000000000","00000000000",0,0,0,1,0,0,0,0,0,0,0,998,0,1,5,6,6,2,1,0,0,0,1,99,99999,9,9,99,9,9,9,999,999,99,99,99,99,99,99,9999,99,9999,0,27,0,0,0,3,3,60,1,1,2,1,0,0,15,53,5,2,2,25,"777777777777","777777777777","777777777777",1,0
51,510471,2,2,1,26,9,4,0,12,1,1,0,51,1,35,47,35047,4,2015,"1N4AL3AP9FN3","1","N","4","A","L","3","A","P","9","F","N","3",0,0,0,"000000000","00000000000",0,0,0,1,0,0,0,0,0,0,0,65,0,0,0,12,6,2,12,0,0,0,1,51,23805,6,1,0,0,3,0,68,256,0,4,0,2,2,11,2013,7,2016,3,0,0,0,0,3,3,60,1,1,2,1,0,0,15,61,5,1,2,24,"777777777777","777777777777","777777777777",0,0
51,510472,1,1,1,10,9,13,25,23,0,1,0,51,1,49,472,49472,30,2009,"5TEPX42N59Z6","5","T","E","P","X","4","2","N","5","9","Z","6",0,0,0,"000000000","00000000000",0,0,0,1,0,0,0,0,0,0,0,45,0,0,0,12,6,2,23,0,0,0,1,51,24555,6,1,0,0,3,0,72,180,0,0,0,0,0,0,0,0,0,0,0,0,0,0,1,2,55,1,1,2,1,0,0,1,13,5,2,4,1,"777777777777","777777777777","777777777777",1,1
51,510473,1,1,1,26,8,21,17,8,0,1,0,51,1,59,31,59031,4,2002,"JTHBF30G5200","J","T","H","B","F","3","0","G","5","2","0","0",0,0,0,"000000000","00000000000",0,0,0,1,0,0,0,0,0,0,0,35,0,0,0,12,6,8,8,0,0,0,1,51,23225,6,1,6,3,3,0,67,150,0,0,0,0,0,0,0,0,0,0,0,0,0,0,2,2,35,1,1,2,1,0,0,1,80,1,1,1,13,"777777777777","777777777777","777777777777",0,0
51,510474,1,1,1,26,8,17,45,24,0,1,0,28,2,76,706,76706,80,2008,"JYARN20E28A0","J","Y","A","R","N","2","0","E","2","8","A","0",0,0,0,"000000000","00000000000",0,0,0,1,0,0,0,0,0,0,0,25,0,0,0,12,8,2,24,0,0,0,1,51,20105,6,1,0,0,3,0,71,158,1,0,0,0,0,3,2014,3,2014,0,0,0,0,0,2,2,55,2,2,2,1,0,0,14,12,1,1,4,6,"777777777777","777777777777","777777777777",1,0
51,510475,1,2,2,29,8,2,12,12,1,1,1,51,2,35,39,35039,4,2016,"1N4AA6AP8GC3","1","N","4","A","A","6","A","P","8","G","C","3",0,0,0,"000000000","00000000000",0,0,0,1,0,0,0,0,0,0,0,124,0,0,0,12,6,2,12,0,0,0,1,51,22031,6,1,0,0,3,0,71,175,1,1,0,0,0,5,2016,7,2016,3,36,0,0,0,3,6,55,1,1,2,1,0,0,15,51,5,1,2,24,"777777777777","777777777777","777777777777",0,1
51,510475,2,2,5,29,8,2,12,12,1,1,0,51,1,49,40,49040,4,2013,"4T4BF1FKXDR2","4","T","4","B","F","1","F","K","X","D","R","2",0,0,0,"000000000","00000000000",0,0,0,1,0,0,0,0,0,0,0,55,0,0,0,6,6,2,12,0,0,0,1,51,22003,6,1,0,0,3,0,72,171,0,0,0,0,0,0,0,0,0,0,0,0,0,0,3,6,55,1,1,2,1,0,0,1,60,5,1,1,25,"777777777777","777777777777","777777777777",1,0
51,510476,1,1,2,31,8,0,52,34,0,1,0,51,1,20,481,20481,31,1998,"1GCGK24R1WE2","1","G","C","G","K","2","4","R","1","W","E","2",0,0,0,"000000000","00000000000",0,0,0,1,0,0,0,0,0,0,0,55,0,1,5,11,6,2,42,0,0,0,1,51,23839,6,1,0,0,2,3,68,140,0,0,0,0,0,0,0,0,0,0,58,0,0,0,1,2,55,3,1,2,1,0,0,14,12,8,2,4,7,"777777777777","777777777777","777777777777",1,1
51,510477,1,1,3,31,8,23,27,34,0,1,0,51,2,12,422,12422,15,2001,"1FMRU15W51LB","1","F","M","R","U","1","5","W","5","1","L","B",0,0,0,"000000000","00000000000",0,0,0,1,0,0,0,0,0,0,0,55,0,0,0,1,0,5,34,0,0,0,1,51,23350,0,0,0,0,0,0,77,250,0,0,0,0,0,0,0,0,0,0,83,0,0,0,1,2,55,1,1,2,1,0,0,1,87,9,1,4,3,"777777777777","777777777777","777777777777",1,0
51,510478,1,1,1,6,9,1,30,59,0,1,0,51,2,20,421,20421,15,1999,"1GNEK13R4XJ4","1","G","N","E","K","1","3","R","4","X","J","4",0,0,0,"000000000","00000000000",0,0,0,1,0,0,0,0,0,0,0,90,0,0,0,11,6,2,42,0,0,1,1,51,23701,2,1,0,0,2,0,70,195,0,7,1,1,0,5,2012,7,2015,3,37,0,0,0,2,4,55,1,1,2,1,0,0,1,13,16,2,4,2,"777777777777","777777777777","777777777777",1,1
51,510479,1,2,1,1,9,20,15,12,2,1,0,51,2,37,701,37701,83,2006,"000000000000","0","0","0","0","0","0","0","0","0","0","0","0",0,0,0,"000000000","00000000000",0,0,0,1,0,0,0,0,0,0,0,40,0,0,0,12,6,2,12,0,0,0,1,51,24225,0,0,0,0,1,0,999,999,0,0,0,0,0,0,0,0,0,0,51,0,0,0,1,2,35,3,3,2,1,0,0,14,10,99,1,2,50,"777777777777","777777777777","777777777777",1,0
51,510479,2,2,1,1,9,20,15,12,2,1,0,51,1,7,482,7482,31,1997,"1B7KF26D9VJ5","1","B","7","K","F","2","6","D","9","V","J","5",0,0,0,"000000000","00000000000",0,0,0,1,0,0,0,0,0,0,0,35,0,0,0,12,8,8,12,0,0,0,1,51,24225,6,1,0,0,3,0,72,220,0,0,0,0,0,0,0,0,0,0,0,0,0,0,1,2,35,2,3,2,1,0,0,14,62,5,1,1,51,"777777777777","777777777777","777777777777",0,0
51,510480,1,1,2,9,9,12,20,24,0,1,0,51,1,37,706,37706,80,1993,"1HFSC2205PA5","1","H","F","S","C","2","2","0","5","P","A","5",0,0,0,"000000000","00000000000",0,0,0,1,0,0,0,0,0,0,0,15,0,0,0,1,6,2,5,0,0,0,1,51,24230,6,1,0,0,3,0,74,330,1,0,0,1,1,12,2012,5,2015,0,0,0,0,0,1,2,55,2,2,2,1,0,0,14,13,16,2,4,1,"777777777777","777777777777","777777777777",1,0
51,510481,1,1,3,12,9,17,15,42,0,1,0,51,2,12,16,12016,4,2006,"2FAHP71WX6X1","2","F","A","H","P","7","1","W","X","6","X","1",0,0,0,"000000000","00000000000",0,0,0,1,0,0,0,0,0,0,0,78,0,0,0,12,6,2,42,0,0,0,1,51,23231,2,1,0,0,2,0,73,140,0,0,0,0,0,0,0,0,0,3,0,0,0,0,1,2,45,1,2,2,1,0,0,1,13,5,2,4,1,"777777777777","777777777777","777777777777",2,1
51,510482,1,2,1,13,9,13,30,12,6,1,0,51,2,7,28,7028,2,2011,"2B3CJ7DJ6BH5","2","B","3","C","J","7","D","J","6","B","H","5",0,0,0,"000000000","00000000000",0,0,0,1,0,0,0,0,0,0,0,10,0,0,0,12,8,5,12,0,0,0,1,51,23124,6,7,0,0,3,0,65,99,0,0,0,0,0,0,0,0,0,0,38,0,0,0,1,2,55,1,1,2,1,20,3,1,17,99,1,1,88,"777777777777","777777777777","777777777777",0,0
51,510482,2,2,1,13,9,13,30,12,6,1,0,51,1,12,473,12473,30,2004,"1FMZU67K04UA","1","F","M","Z","U","6","7","K","0","4","U","A",0,0,0,"000000000","00000000000",0,0,0,1,0,0,0,0,0,0,0,55,0,0,0,9,6,2,42,0,0,0,1,51,23124,6,1,0,0,3,0,69,170,0,0,0,0,0,0,0,0,0,0,0,0,0,0,1,2,55,1,1,2,1,0,0,1,66,99,1,1,89,"777777777777","777777777777","777777777777",1,0
51,510483,1,2,1,28,8,4,36,12,2,1,0,51,1,49,43,49043,4,2000,"4T1BF28B4YU0","4","T","1","B","F","2","8","B","4","Y","U","0",0,0,0,"000000000","00000000000",0,0,0,1,0,0,0,0,0,0,0,35,0,0,0,12,6,2,12,0,0,0,1,51,23703,6,1,0,0,3,3,71,175,0,1,1,4,0,3,2012,1,2016,0,51,0,0,0,2,3,45,1,1,2,1,0,0,1,54,99,1,1,52,"777777777777","777777777777","777777777777",0,1
51,510483,2,2,1,28,8,4,36,12,2,1,0,45,1,12,402,12402,14,2012,"1FMCU0DG9CKA","1","F","M","C","U","0","D","G","9","C","K","A",0,0,0,"000000000","00000000000",0,0,0,1,0,0,0,0,0,0,0,45,0,0,0,12,6,2,12,0,0,0,1,45,29168,6,1,0,0,3,0,77,340,1,0,0,3,1,2,2013,11,2014,0,0,0,0,0,2,3,45,1,1,2,1,0,0,1,54,99,1,1,52,"777777777777","777777777777","777777777777",1,0
51,510484,1,2,1,15,9,20,37,12,2,1,0,37,1,7,461,7461,21,1998,"2B6HB11X3WK1","2","B","6","H","B","1","1","X","3","W","K","1",0,0,0,"000000000","00000000000",0,0,0,1,0,0,0,0,0,0,0,60,0,0,0,12,6,2,12,0,0,0,1,37,27958,6,1,0,0,3,0,75,999,1,0,0,1,1,1,2016,6,2016,3,51,0,0,0,1,2,55,1,1,2,1,0,0,1,10,5,2,2,50,"777777777777","777777777777","777777777777",0,0
51,510484,2,2,1,15,9,20,37,12,2,1,0,37,1,37,31,37031,4,2013,"2HGFB2F58DH5","2","H","G","F","B","2","F","5","8","D","H","5",0,0,0,"000000000","00000000000",0,0,0,1,0,0,0,0,0,0,0,55,0,0,0,12,6,2,12,0,0,0,1,37,27929,6,1,0,0,3,0,60,999,0,0,0,0,0,0,0,0,0,0,0,0,0,0,1,2,55,1,1,2,1,0,0,1,62,5,1,1,51,"777777777777","777777777777","777777777777",1,0
51,510485,1,1,1,30,8,6,17,8,0,1,0,24,1,23,421,23421,15,2008,"1GKFK13078R1","1","G","K","F","K","1","3","0","7","8","R","1",0,0,0,"000000000","00000000000",0,0,0,1,0,0,0,0,0,0,0,50,0,0,0,12,8,8,8,0,0,0,1,11,20018,6,1,0,0,3,0,999,138,0,0,0,0,0,0,0,0,0,0,0,0,0,0,2,2,45,1,1,2,1,0,0,1,80,1,1,1,13,"777777777777","777777777777","777777777777",0,0
51,510486,1,1,2,17,9,2,0,42,0,1,0,51,1,48,34,48034,6,2002,"4S3BH6651276","4","S","3","B","H","6","6","5","1","2","7","6",0,0,0,"000000000","00000000000",0,0,0,1,0,0,0,0,0,0,0,60,0,0,0,9,6,2,42,0,0,0,1,51,22932,6,1,0,0,3,0,67,150,0,0,0,1,0,7,2013,7,2013,3,0,0,0,0,1,2,35,1,1,4,1,0,0,1,6,99,3,4,2,"777777777777","777777777777","777777777777",1,1
51,510487,1,1,1,2,9,21,0,8,0,1,1,51,1,32,42,32042,4,2008,"WAUAH74FX8N1","W","A","U","A","H","7","4","F","X","8","N","1",0,0,0,"000000000","00000000000",0,0,0,1,0,0,0,0,0,0,0,998,0,0,0,12,8,8,8,0,0,0,1,51,23504,6,1,0,0,3,0,60,115,0,0,0,0,0,0,0,0,0,0,0,0,0,0,1,2,25,1,1,1,2,3,3,1,80,99,1,1,13,"777777777777","777777777777","777777777777",0,0
51,510488,1,1,2,26,9,22,20,8,0,1,0,51,1,63,32,63032,4,2002,"KNADC1236260","K","N","A","D","C","1","2","3","6","2","6","0",0,0,0,"000000000","00000000000",0,0,0,1,0,0,0,0,0,0,0,45,0,0,0,12,6,2,8,0,0,0,1,51,24354,1,1,0,0,2,0,64,150,0,3,0,1,1,10,2015,8,2016,0,0,0,0,0,2,2,55,1,1,2,2,0,0,1,80,5,1,1,13,"777777777777","777777777777","777777777777",0,0
51,510489,1,2,1,28,9,3,30,12,1,1,0,54,1,72,706,72706,80,1994,"1HD4CAM16RY2","1","H","D","4","C","A","M","1","6","R","Y","2",0,0,0,"000000000","00000000000",0,0,0,1,0,0,0,0,0,0,0,40,0,0,0,6,6,2,12,0,0,0,1,54,26704,6,1,6,0,3,3,70,190,0,0,0,0,2,12,2012,1,2014,0,23,0,0,0,3,2,70,1,1,2,2,0,0,1,53,1,1,1,25,"777777777777","777777777777","777777777777",1,0
51,510489,2,2,1,28,9,3,30,12,1,1,0,93,3,87,884,87884,66,2014,"1NPXGGGG4 D2","1","N","P","X","G","G","G","G","4","","D","2",1,1,57,"02572264","5702572264",3,6,1,1,0,0,0,0,0,0,0,65,0,0,0,12,8,8,12,0,0,0,1,27,56003,6,1,6,3,3,0,78,305,0,0,0,0,0,0,0,0,0,0,0,0,0,0,3,2,70,1,1,2,2,0,0,1,51,1,1,1,24,"888888888888","777777777777","777777777777",0,0
51,510490,1,2,2,25,9,14,17,12,6,1,0,51,2,37,31,37031,4,2012,"19XFB2F53CE3","1","9","X","F","B","2","F","5","3","C","E","3",0,0,0,"000000000","00000000000",0,0,0,1,0,0,0,0,0,0,0,5,0,0,0,3,6,2,12,0,0,0,1,51,24521,6,7,0,0,3,1,61,132,0,0,0,0,0,0,0,0,0,0,38,0,0,0,2,3,60,3,2,2,1,21,3,11,15,5,1,1,68,"777777777777","777777777777","777777777777",1,0
51,510490,2,2,4,25,9,14,17,12,6,1,0,51,2,7,24,7024,4,2007,"2B3KA43GX7H7","2","B","3","K","A","4","3","G","X","7","H","7",0,0,0,"000000000","00000000000",0,0,0,1,0,0,0,0,0,0,0,60,0,0,0,12,6,2,12,0,0,0,1,51,24506,6,1,0,0,3,0,63,178,0,0,0,0,0,0,0,0,0,0,0,0,0,0,2,3,60,1,2,2,1,0,0,1,62,5,1,1,69,"777777777777","777777777777","777777777777",0,0
51,510491,1,1,1,30,9,14,0,9,0,1,0,51,1,49,43,49043,4,2003,"4T1BF28B63U2","4","T","1","B","F","2","8","B","6","3","U","2",0,0,0,"000000000","00000000000",0,0,0,1,0,0,0,0,0,0,0,35,0,0,0,3,8,5,9,0,0,0,1,51,22840,6,1,0,0,3,0,71,190,0,0,0,0,0,0,0,0,0,0,0,0,0,0,1,2,45,1,1,2,2,0,0,1,80,99,1,1,13,"777777777777","777777777777","777777777777",0,0
51,510492,1,1,1,1,10,3,37,53,0,1,0,51,1,34,34,34034,4,2006,"WBAVB33576KS","W","B","A","V","B","3","3","5","7","6","K","S",0,0,0,"000000000","00000000000",0,0,0,1,0,0,0,0,0,0,0,998,0,0,0,12,6,2,42,0,0,0,1,51,22408,6,1,0,0,3,0,71,210,0,7,0,0,1,5,2013,1,2015,0,0,0,0,0,1,2,35,3,1,2,2,0,0,14,13,6,4,4,1,"777777777777","777777777777","777777777777",1,1
51,510493,1,3,1,6,10,18,20,12,1,1,0,51,1,19,421,19421,15,2008,"1GYEE4373801","1","G","Y","E","E","4","3","7","3","8","0","1",0,0,0,"000000000","00000000000",0,0,0,1,0,0,0,0,0,0,0,45,0,0,0,12,6,2,12,0,0,0,1,51,22968,6,1,0,0,3,0,73,153,0,0,0,0,0,0,0,0,0,0,26,0,0,0,1,2,45,1,1,2,1,0,0,1,51,99,1,1,20,"777777777777","777777777777","777777777777",1,0