"STATE","ST_CASE","VEH_NO","VE_FORMS","NUMOCCS","DAY","MONTH","HOUR","MINUTE","HARM_EV","MAN_COLL","UNITTYPE","HIT_RUN","REG_STAT","OWNER","MAKE","MODEL","MAK_MOD","BODY_TYP","MOD_YEAR","VIN","VIN_1","VIN_2","VIN_3","VIN_4","VIN_5","VIN_6","VIN_7","VIN_8","VIN_9","VIN_10","VIN_11","VIN_12","TOW_VEH","J_KNIFE","MCARR_I1","MCARR_I2","MCARR_ID","GVWR","V_CONFIG","CARGO_BT","HAZ_INV","HAZ_PLAC","HAZ_ID","HAZ_CNO","HAZ_REL","BUS_USE","SPEC_USE","EMER_USE","TRAV_SP","UNDERIDE","ROLLOVER","ROLINLOC","IMPACT1","DEFORMED","TOWED","M_HARM","VEH_SC1","VEH_SC2","FIRE_EXP","DR_PRES","L_STATE","DR_ZIP","L_STATUS","L_TYPE","CDL_STAT","L_ENDORS","L_COMPL","L_RESTRI","DR_HGT","DR_WGT","PREV_ACC","PREV_SUS","PREV_DWI","PREV_SPD","PREV_OTH","FIRST_MO","FIRST_YR","LAST_MO","LAST_YR","SPEEDREL","DR_SF1","DR_SF2","DR_SF3","DR_SF4","VTRAFWAY","VNUM_LAN","VSPD_LIM","VALIGN","VPROFILE","VPAVETYP","VSURCOND","VTRAFCON","VTCONT_F","P_CRASH1","P_CRASH2","P_CRASH3","PCRASH4","PCRASH5","ACC_TYPE","TRLR1VIN","TRLR2VIN","TRLR3VIN","DEATHS","DR_DRINK"
51,510493,2,3,1,6,10,18,20,12,1,1,0,51,1,42,401,42401,14,2008,"4JGBB22E68A3","4","J","G","B","B","2","2","E","6","8","A","3",0,0,0,"000000000","00000000000",0,0,0,1,0,0,0,0,0,0,0,0,0,0,0,6,6,2,12,0,0,0,1,51,22947,6,1,0,0,3,3,72,220,0,0,0,0,0,0,0,0,0,0,0,0,0,0,1,2,45,1,1,2,1,0,0,5,53,99,1,1,21,"777777777777","777777777777","777777777777",0,0
51,510493,3,3,1,6,10,18,20,12,1,1,0,51,1,12,37,12037,4,2008,"1FAHP33N48W1","1","F","A","H","P","3","3","N","4","8","W","1",0,0,0,"000000000","00000000000",0,0,0,1,0,0,0,0,0,0,0,0,0,0,0,6,8,5,12,0,0,0,1,51,22968,6,1,0,0,3,0,66,140,1,0,0,0,0,1,2015,1,2015,0,0,0,0,0,1,2,45,1,1,2,1,0,0,5,53,99,1,1,98,"777777777777","777777777777","777777777777",0,0
51,510494,1,1,1,19,9,21,40,8,0,1,0,51,1,12,461,12461,21,2002,"1FBSS31L62HA","1","F","B","S","S","3","1","L","6","2","H","A",0,0,0,"000000000","00000000000",0,0,0,1,0,0,0,0,0,0,0,45,0,0,0,12,8,3,8,0,0,0,1,51,23434,6,1,0,0,3,0,62,182,0,0,0,0,0,0,0,0,0,0,0,0,0,0,2,3,45,1,1,2,2,0,0,1,80,15,1,3,13,"777777777777","777777777777","777777777777",0,0
51,510495,1,1,1,9,10,2,55,8,0,1,0,51,1,30,42,30042,1,1999,"3VWBB81E7XM8","3","V","W","B","B","8","1","E","7","X","M","8",0,0,0,"000000000","00000000000",0,0,0,1,0,0,0,0,0,0,0,40,0,0,0,12,6,2,8,0,0,0,1,51,20164,6,1,0,0,3,0,66,260,0,2,1,0,0,11,2011,6,2014,3,0,0,0,0,2,2,35,1,1,2,1,3,3,1,80,5,1,1,13,"777777777777","777777777777","777777777777",0,0
51,510496,1,2,1,10,10,14,40,12,6,1,0,51,3,7,29,7029,4,2016,"1C3CDFBB8GD7","1","C","3","C","D","F","B","B","8","G","D","7",0,0,0,"000000000","00000000000",0,0,0,1,0,0,0,0,0,0,0,10,0,0,0,11,6,2,12,0,0,0,1,51,23851,6,1,0,0,3,0,63,160,0,0,0,2,0,7,2012,9,2015,0,38,0,0,0,1,2,55,1,1,2,1,3,3,11,15,99,1,1,82,"777777777777","777777777777","777777777777",0,0
51,510496,2,2,1,10,10,14,40,12,6,1,0,51,1,7,472,7472,30,2000,"1B7GL22X3YS5","1","B","7","G","L","2","2","X","3","Y","S","5",0,0,0,"000000000","00000000000",0,0,0,1,0,0,0,0,0,0,0,50,0,0,0,12,6,2,12,0,0,0,1,51,23829,6,1,6,0,3,0,74,262,0,0,0,0,0,0,0,0,0,0,0,0,0,0,1,2,55,1,1,2,1,3,3,1,67,16,1,1,83,"777777777777","777777777777","777777777777",1,0
51,510497,1,1,1,9,10,22,38,32,0,1,0,51,1,59,34,59034,4,2001,"JT8BD69SX101","J","T","8","B","D","6","9","S","X","1","0","1",0,0,0,"000000000","00000000000",0,0,0,1,0,0,0,0,0,0,0,50,0,1,5,12,6,2,1,0,0,0,1,51,23661,1,1,0,0,2,0,68,180,0,2,0,1,0,7,2014,10,2014,0,0,0,0,0,1,2,55,3,3,2,1,0,0,14,13,99,1,4,1,"777777777777","777777777777","777777777777",1,1
51,510498,1,1,2,31,8,20,30,34,0,1,0,51,2,12,3,12003,2,1998,"1FAFP42X6WF2","1","F","A","F","P","4","2","X","6","W","F","2",0,0,0,"000000000","00000000000",0,0,0,1,0,0,0,0,0,0,0,65,0,1,6,1,6,2,1,0,0,0,1,51,22835,6,1,0,0,3,0,71,180,0,1,0,0,0,12,2013,12,2013,4,0,0,0,0,1,2,55,3,2,2,1,0,0,14,87,5,2,4,3,"777777777777","777777777777","777777777777",1,1
51,510499,1,2,1,5,9,17,50,12,6,1,0,51,1,35,43,35043,4,2005,"3N1CB51D65L5","3","N","1","C","B","5","1","D","6","5","L","5",0,0,0,"000000000","00000000000",0,0,0,1,0,0,0,0,0,0,0,25,0,0,0,10,6,2,12,0,0,0,1,51,24243,6,1,0,0,3,0,60,118,0,0,0,1,0,7,2016,7,2016,0,38,0,0,0,2,2,55,1,2,2,1,20,3,11,17,99,1,1,82,"777777777777","777777777777","777777777777",1,0
51,510499,2,2,1,5,9,17,50,12,6,1,0,51,1,37,421,37421,15,2003,"2HKYF186X3H5","2","H","K","Y","F","1","8","6","X","3","H","5",0,0,0,"000000000","00000000000",0,0,0,1,0,0,0,0,0,0,0,55,0,0,0,12,6,2,12,0,0,0,1,51,24243,6,1,0,0,3,0,67,190,0,1,0,1,1,7,2012,7,2016,0,0,0,0,0,2,2,55,1,2,2,1,0,0,1,67,16,1,2,83,"777777777777","777777777777","777777777777",0,0
51,510500,1,2,1,1,9,6,11,12,6,1,0,51,2,98,701,98701,81,2014,"L9NTEACT0F10","L","9","N","T","E","A","C","T","0","F","1","0",0,0,0,"000000000","00000000000",0,0,0,1,0,0,0,0,0,0,0,998,0,0,0,12,6,2,12,0,0,0,1,51,23504,1,1,0,0,1,0,59,125,0,3,0,0,0,11,2011,4,2015,0,39,0,0,0,1,5,30,1,1,2,1,3,3,1,17,99,1,1,69,"777777777777","777777777777","777777777777",1,0
51,510500,2,2,1,1,9,6,11,12,6,1,0,51,2,2,404,2404,14,1999,"1J4GW58S0XC5","1","J","4","G","W","5","8","S","0","X","C","5",0,0,0,"000000000","00000000000",0,0,0,1,0,0,0,0,0,0,0,20,0,0,0,10,8,2,12,0,0,0,1,51,23504,2,1,0,0,2,0,66,150,0,10,1,0,2,12,2011,12,2012,0,39,0,0,0,1,5,30,1,1,2,1,3,3,11,15,99,1,1,68,"777777777777","777777777777","777777777777",0,0
51,510501,1,2,2,11,10,14,10,12,6,1,0,51,1,37,32,37032,4,2000,"JHMCG6650YC0","J","H","M","C","G","6","6","5","0","Y","C","0",0,0,0,"000000000","00000000000",0,0,0,1,0,0,0,0,0,0,0,10,0,0,0,9,6,2,12,0,0,0,1,51,20156,6,1,0,0,3,0,73,200,0,0,0,0,0,0,0,0,0,0,38,0,0,0,2,2,99,9,9,9,1,20,3,11,15,99,1,1,82,"777777777777","777777777777","777777777777",1,0
51,510501,2,2,1,11,10,14,10,12,6,1,0,51,1,12,471,12471,30,1998,"1FTYR14U2WTA","1","F","T","Y","R","1","4","U","2","W","T","A",0,0,0,"000000000","00000000000",0,0,0,1,0,0,0,0,0,0,0,50,0,0,0,12,6,2,12,0,0,0,1,51,22401,6,1,0,0,3,0,66,250,0,0,0,0,0,0,0,0,0,0,0,0,0,0,2,2,55,1,2,2,1,0,0,1,67,16,1,1,83,"777777777777","777777777777","777777777777",0,0
51,510502,1,2,1,10,10,17,40,12,2,1,0,51,1,18,7,18007,4,1996,"1G4AG55M4T64","1","G","4","A","G","5","5","M","4","T","6","4",0,0,0,"000000000","00000000000",0,0,0,1,0,0,0,0,0,0,0,55,0,0,0,12,6,2,12,0,0,0,1,51,22454,6,1,0,0,3,0,65,180,1,2,0,0,1,11,2012,1,2015,0,51,0,0,0,1,2,55,2,1,2,1,0,0,14,10,99,1,2,50,"777777777777","777777777777","777777777777",1,0
51,510502,2,2,1,10,10,17,40,12,2,1,0,51,3,85,884,85884,66,2006,"1XKWDB9X76J1","1","X","K","W","D","B","9","X","7","6","J","1",1,1,88,"888888888","88888888888",3,6,10,1,0,0,0,0,0,0,0,40,0,0,0,12,6,2,12,0,0,0,1,51,23115,6,1,6,0,3,0,70,220,0,0,0,0,4,4,2014,12,2014,0,0,0,0,0,1,2,45,3,1,2,1,0,0,14,62,99,1,1,51,"888888888888","777777777777","777777777777",0,0
51,510503,1,2,4,11,10,7,20,12,6,1,0,51,1,37,31,37031,4,2004,"JHMES95674S0","J","H","M","E","S","9","5","6","7","4","S","0",0,0,0,"000000000","00000000000",0,0,0,1,0,0,0,0,0,0,0,10,0,0,0,8,6,2,12,0,0,0,1,51,24521,0,0,0,0,0,0,999,999,0,1,0,0,1,5,2015,6,2015,0,38,0,0,0,0,0,0,0,0,0,0,0,0,10,16,99,1,7,78,"777777777777","777777777777","777777777777",1,0
51,510503,2,2,2,11,10,7,20,12,6,1,0,51,1,2,404,2404,14,2005,"1J4GR48K65C5","1","J","4","G","R","4","8","K","6","5","C","5",0,0,0,"000000000","00000000000",0,0,0,1,0,0,0,0,0,0,0,40,0,0,0,12,6,2,12,0,0,0,1,51,22967,6,1,0,0,3,0,68,210,0,0,0,0,0,0,0,0,0,0,0,0,0,0,1,2,45,1,3,2,1,0,0,1,72,99,1,1,79,"777777777777","777777777777","777777777777",0,0
51,510504,1,2,1,20,9,20,5,12,6,1,0,51,1,6,18,6018,4,2012,"1C3CCBBG0CN3","1","C","3","C","C","B","B","G","0","C","N","3",0,0,0,"000000000","00000000000",0,0,0,1,0,0,0,0,0,0,0,998,0,0,0,12,8,3,12,0,0,0,1,51,23508,6,1,0,0,3,0,68,185,0,0,0,0,0,0,0,0,0,0,38,0,0,0,1,4,25,1,1,2,2,20,3,11,15,99,1,1,82,"777777777777","777777777777","777777777777",0,1
51,510504,2,2,1,20,9,20,5,12,6,1,0,51,1,98,701,98701,81,2014,"L9NTEACU1E11","L","9","N","T","E","A","C","U","1","E","1","1",0,0,0,"000000000","00000000000",0,0,0,1,0,0,0,0,0,0,0,998,0,0,0,1,6,2,12,0,0,0,1,51,23509,0,0,0,0,1,0,68,169,0,0,0,0,0,0,0,0,0,0,0,0,0,0,1,4,25,1,1,2,2,0,0,1,67,99,1,1,83,"777777777777","777777777777","777777777777",1,1
51,510505,1,1,1,16,9,7,37,33,0,1,0,51,1,20,401,20401,14,2002,"1GNDS13S9224","1","G","N","D","S","1","3","S","9","2","2","4",0,0,0,"000000000","00000000000",0,0,0,1,0,0,0,0,0,0,0,998,0,0,0,12,8,2,42,0,0,0,1,51,23509,6,1,6,0,3,0,69,177,0,0,0,0,0,0,0,0,0,0,0,0,0,0,1,2,25,1,1,2,1,20,3,1,12,99,2,4,6,"777777777777","777777777777","777777777777",1,0
51,510506,1,2,1,12,10,16,30,12,6,1,0,51,1,87,884,87884,63,1997,"1NPALU0X8VD4","1","N","P","A","L","U","0","X","8","V","D","4",0,0,88,"888888888","88888888888",3,2,4,1,0,0,0,0,0,0,0,40,0,0,0,11,6,2,12,0,0,0,1,51,24631,6,1,6,3,3,0,72,400,0,0,0,0,2,11,2014,5,2016,0,0,0,0,0,1,2,55,1,1,2,1,0,0,1,72,16,1,1,69,"777777777777","777777777777","777777777777",0,0
51,510506,2,2,1,12,10,16,30,12,6,1,0,51,1,13,5,13005,4,2001,"1LNHM97V81Y7","1","L","N","H","M","9","7","V","8","1","Y","7",0,0,0,"000000000","00000000000",0,0,0,1,0,0,0,0,0,0,0,5,0,0,0,10,6,2,12,0,0,0,1,51,24614,6,1,0,0,3,3,66,150,1,0,0,0,0,11,2013,11,2013,0,38,0,0,0,0,0,0,0,0,0,0,0,0,11,15,99,1,7,68,"777777777777","777777777777","777777777777",1,0
51,510507,1,1,2,8,10,10,0,35,0,1,0,51,2,37,32,37032,4,1996,"1HGCD5538TA1","1","H","G","C","D","5","5","3","8","T","A","1",0,0,0,"000000000","00000000000",0,0,0,1,0,0,0,0,0,0,0,75,0,0,0,12,6,2,35,0,0,0,1,51,24244,1,1,0,0,2,0,69,180,0,5,0,0,1,8,2014,4,2015,0,0,0,0,0,1,2,55,3,1,2,2,0,0,14,13,99,1,4,1,"777777777777","777777777777","777777777777",1,1
51,510508,1,1,1,16,10,2,15,8,0,1,0,34,2,20,431,20431,16,1999,"1GNFK16R2XJ5","1","G","N","F","K","1","6","R","2","X","J","5",0,0,0,"000000000","00000000000",0,0,0,1,0,0,0,0,0,0,0,70,0,0,0,12,8,8,8,0,0,0,1,34,7016,6,1,6,0,3,0,66,999,1,0,0,0,1,10,2012,11,2015,0,0,0,0,0,3,2,70,1,1,2,1,0,0,1,80,99,1,1,13,"777777777777","777777777777","777777777777",0,0
51,510510,1,1,2,24,9,0,37,8,0,1,0,51,2,2,404,2404,14,1996,"1J4FT28S0TL1","1","J","4","F","T","2","8","S","0","T","L","1",0,0,0,"000000000","00000000000",0,0,0,1,0,0,0,0,0,0,0,35,0,0,0,1,0,3,8,0,0,0,1,51,23434,6,1,0,0,3,0,70,150,0,0,0,1,0,6,2015,6,2015,0,0,0,0,0,1,3,45,1,2,2,1,0,0,1,80,6,1,2,13,"777777777777","777777777777","777777777777",0,0
51,510511,1,1,1,27,8,11,51,5,0,1,0,53,1,50,706,50706,80,1998,"SMT398DL3WJ0","S","M","T","3","9","8","D","L","3","W","J","0",0,0,0,"000000000","00000000000",0,0,0,1,0,0,0,0,0,0,0,0,0,0,0,0,6,2,30,0,0,0,1,53,99206,0,0,0,0,0,0,999,999,0,0,0,0,0,0,0,0,0,0,0,0,0,0,1,2,45,3,2,2,1,0,0,14,98,16,7,4,0,"777777777777","777777777777","777777777777",1,0
51,510512,1,2,1,6,9,14,2,12,2,1,0,51,1,55,36,55036,4,2007,"KMHCN46C07U1","K","M","H","C","N","4","6","C","0","7","U","1",0,0,0,"000000000","00000000000",0,0,0,1,0,0,0,0,0,0,0,0,0,0,0,12,6,2,12,0,0,0,1,51,22728,6,1,0,0,3,3,67,150,0,0,0,0,1,9,2011,9,2011,0,28,0,0,0,1,2,50,2,1,2,1,0,0,14,10,1,1,2,50,"777777777777","777777777777","777777777777",1,1
51,510512,2,2,1,6,9,14,2,12,2,1,0,51,1,7,482,7482,31,2001,"3B7KF26651M5","3","B","7","K","F","2","6","6","5","1","M","5",0,0,0,"000000000","00000000000",0,0,0,1,0,0,0,0,0,0,0,50,0,1,5,12,6,2,1,0,0,0,1,51,20115,6,1,0,0,3,3,74,285,0,0,0,0,5,4,2015,7,2016,0,0,0,0,0,1,2,50,3,1,2,1,0,0,14,62,16,1,1,51,"777777777777","777777777777","777777777777",0,0
51,510513,1,1,1,17,10,19,0,35,0,1,0,0,0,73,734,73734,90,2006,"JSLAK47B8621","J","S","L","A","K","4","7","B","8","6","2","1",0,0,0,"000000000","00000000000",0,0,0,1,0,0,0,0,0,0,0,50,0,1,5,12,8,8,1,0,0,0,1,51,24282,6,1,0,0,1,0,66,170,0,0,0,1,0,12,2013,12,2013,0,0,0,0,0,1,2,55,3,1,2,1,0,0,14,13,5,1,4,1,"777777777777","777777777777","777777777777",1,1
51,510514,1,2,1,17,10,17,20,12,1,1,0,51,2,86,884,86884,63,1992,"1M2AY83Y1NM0","1","M","2","A","Y","8","3","Y","1","N","M","0",1,1,51,"25792380","5125792380",3,4,10,1,0,0,0,0,0,0,0,15,0,0,0,6,8,8,12,0,0,0,1,51,24630,6,1,6,0,3,0,71,190,0,0,0,0,1,7,2016,7,2016,0,38,0,0,0,2,2,55,3,2,2,1,0,0,16,53,99,1,1,25,"888888888888","777777777777","777777777777",0,0
51,510514,2,2,1,17,10,17,20,12,1,1,0,51,1,2,404,2404,14,2004,"1J4GW48S14C3","1","J","4","G","W","4","8","S","1","4","C","3",0,0,0,"000000000","00000000000",0,0,0,1,0,0,0,0,0,0,0,55,0,0,0,12,6,2,12,0,0,0,1,51,24651,6,1,0,0,3,0,71,235,0,0,0,1,1,7,2015,6,2016,0,26,0,0,0,2,2,55,3,2,2,1,0,0,14,64,1,1,1,24,"777777777777","777777777777","777777777777",1,0
51,510515,1,2,1,5,10,7,7,12,6,1,0,39,2,20,39,20039,4,2011,"KL1TG5DE2BB2","K","L","1","T","G","5","D","E","2","B","B","2",0,0,0,"000000000","00000000000",0,0,0,1,0,0,0,0,0,0,0,15,0,0,0,1,6,2,12,0,0,0,1,51,22151,6,1,0,0,3,0,59,170,0,0,0,0,0,0,0,0,0,0,38,0,0,0,2,2,45,1,2,2,1,0,0,11,17,16,1,1,68,"777777777777","777777777777","777777777777",1,0
51,510515,2,2,1,5,10,7,7,12,6,1,0,51,1,30,42,30042,5,2007,"WVWHV91K97W0","W","V","W","H","V","9","1","K","9","7","W","0",0,0,0,"000000000","00000000000",0,0,0,1,0,0,0,0,0,0,0,45,0,0,0,11,6,2,12,0,0,0,1,51,20136,6,1,0,0,3,3,72,195,0,0,0,0,0,0,0,0,0,0,0,0,0,0,2,2,45,1,2,2,1,0,0,1,62,16,1,1,69,"777777777777","777777777777","777777777777",0,0
51,510516,1,1,1,6,10,6,0,42,0,1,0,51,1,55,36,55036,4,2014,"KMHCT5AE8EU1","K","M","H","C","T","5","A","E","8","E","U","1",0,0,0,"000000000","00000000000",0,0,0,1,0,0,0,0,0,0,0,998,0,0,0,10,6,2,42,0,0,0,1,94,23453,6,1,0,0,3,0,72,165,0,1,0,2,1,3,2016,7,2016,0,0,0,0,0,2,2,60,1,1,2,1,0,0,1,12,99,1,4,6,"777777777777","777777777777","777777777777",1,0
51,510517,1,1,1,25,10,21,40,32,0,1,0,51,1,76,705,76705,80,2003,"JYARJ06Y03A0","J","Y","A","R","J","0","6","Y","0","3","A","0",0,0,0,"000000000","00000000000",0,0,0,1,0,0,0,0,0,0,0,60,0,0,0,12,6,2,32,0,0,0,1,51,24348,6,1,0,0,3,0,64,160,0,0,0,0,0,0,0,0,0,3,0,0,0,0,1,2,55,2,2,2,1,0,0,14,12,5,3,4,6,"777777777777","777777777777","777777777777",1,1
51,510518,1,1,1,21,10,5,30,35,0,1,0,51,1,49,46,49046,4,2003,"JT2BK18U3300","J","T","2","B","K","1","8","U","3","3","0","0",0,0,0,"000000000","00000000000",0,0,0,1,0,0,0,0,0,0,0,50,0,0,0,12,6,2,35,0,0,0,1,51,22637,6,1,0,0,3,0,67,115,2,0,0,1,1,10,2014,4,2016,0,0,0,0,0,2,2,55,2,2,2,1,0,0,14,13,16,3,4,1,"777777777777","777777777777","777777777777",1,0
51,510519,1,1,1,5,5,3,42,30,0,1,0,51,2,6,44,6044,4,2000,"1C3EJ56H7YN1","1","C","3","E","J","5","6","H","7","Y","N","1",0,0,0,"000000000","00000000000",0,0,0,1,0,0,0,0,0,0,0,50,0,0,0,2,8,2,39,0,0,0,1,51,23703,6,1,0,0,3,0,69,190,0,0,0,0,0,0,0,0,0,0,0,0,0,0,2,2,25,4,1,2,1,0,0,14,13,99,1,4,1,"777777777777","777777777777","777777777777",1,0
51,510520,1,2,2,16,10,13,30,12,6,1,0,51,1,22,32,22032,6,2007,"5Y2SL65897Z4","5","Y","2","S","L","6","5","8","9","7","Z","4",0,0,0,"000000000","00000000000",0,0,0,1,0,0,0,0,0,0,0,10,0,0,0,3,6,2,12,0,0,0,1,51,24482,6,1,0,0,3,3,64,200,0,0,0,0,0,0,0,0,0,0,38,0,0,0,2,4,40,1,1,2,1,0,0,11,15,1,1,1,68,"777777777777","777777777777","777777777777",1,0
51,510520,2,2,4,16,10,13,30,12,6,1,0,51,1,23,421,23421,15,2002,"1GKFK16Z52J2","1","G","K","F","K","1","6","Z","5","2","J","2",0,0,0,"000000000","00000000000",0,0,0,1,0,0,0,0,0,0,0,40,0,0,0,12,6,2,12,0,0,0,1,51,22939,6,1,6,0,3,0,71,190,0,0,0,0,0,0,0,0,0,0,0,0,0,0,2,4,40,1,1,2,1,0,0,1,62,99,1,1,69,"777777777777","777777777777","777777777777",0,0
51,510521,1,2,1,16,9,21,44,12,1,1,0,37,3,82,881,82881,61,2016,"3ALXA7003GDG","3","A","L","X","A","7","0","0","3","G","D","G",1,1,57,"01141608","5701141608",3,4,1,1,0,0,0,0,0,0,0,70,0,0,0,12,6,2,42,0,0,1,1,37,27229,1,1,0,0,2,0,68,999,0,3,0,0,5,10,2011,3,2016,0,27,0,0,0,2,2,70,1,1,2,1,0,0,15,51,5,1,2,24,"888888888888","777777777777","777777777777",1,1
51,510521,2,2,1,16,9,21,44,12,1,1,0,37,1,49,40,49040,2,1994,"4T1GK12C5RU0","4","T","1","G","K","1","2","C","5","R","U","0",0,0,0,"000000000","00000000000",0,0,0,1,0,0,0,0,0,0,0,65,0,0,0,6,6,2,12,0,0,0,1,37,27537,6,1,0,0,3,0,64,999,1,0,0,0,0,4,2015,4,2015,0,0,0,0,0,2,2,70,1,1,2,1,0,0,1,60,5,1,1,25,"777777777777","777777777777","777777777777",0,0
51,510522,1,3,1,26,10,6,30,12,2,1,0,51,1,37,32,37032,4,2012,"1HGCP2F66CA2","1","H","G","C","P","2","F","6","6","C","A","2",0,0,0,"000000000","00000000000",0,0,0,1,0,0,0,0,0,0,0,55,0,0,0,12,6,2,12,0,0,0,1,99,99999,9,9,99,9,9,9,999,999,99,99,99,99,99,99,9999,99,9999,0,50,0,0,0,2,2,55,1,2,2,1,0,0,1,12,99,3,7,50,"777777777777","777777777777","777777777777",1,0
51,510522,2,3,1,26,10,6,30,12,2,1,0,51,1,7,442,7442,20,2005,"1D4GP24RX5B4","1","D","4","G","P","2","4","R","X","5","B","4",0,0,0,"000000000","00000000000",0,0,0,1,0,0,0,0,0,0,0,55,0,0,0,12,6,8,12,0,0,0,1,51,24175,6,1,0,0,3,0,72,225,0,0,0,0,0,0,0,0,0,0,0,0,0,0,2,2,55,1,2,2,1,0,0,1,62,99,1,1,51,"777777777777","777777777777","777777777777",0,0
51,510522,3,3,1,26,10,6,30,12,2,1,0,51,3,12,443,12443,20,2004,"2FMDA58234BB","2","F","M","D","A","5","8","2","3","4","B","B",0,0,0,"000000000","00000000000",0,0,0,1,0,0,0,0,0,0,0,55,0,0,0,3,6,2,12,0,0,0,1,51,24012,6,1,0,0,3,0,69,200,0,0,0,0,0,0,0,0,0,0,0,0,0,0,2,2,55,1,2,2,1,0,0,1,63,8,1,2,98,"777777777777","777777777777","777777777777",0,0
51,510523,1,2,1,25,10,7,32,12,6,1,0,51,1,37,32,37032,4,2015,"1HGCR2F83FA1","1","H","G","C","R","2","F","8","3","F","A","1",0,0,0,"000000000","00000000000",0,0,0,1,0,0,0,0,0,0,0,16,0,0,0,12,6,2,12,0,0,0,1,51,22193,6,1,0,0,3,0,63,152,1,0,0,0,0,4,2015,4,2015,0,38,0,0,0,3,4,45,1,2,2,1,3,3,11,15,99,1,1,82,"777777777777","777777777777","777777777777",0,0
51,510523,2,2,1,25,10,7,32,12,6,1,0,51,1,53,705,53705,80,2004,"JS1GR7JA3421","J","S","1","G","R","7","J","A","3","4","2","1",0,0,0,"000000000","00000000000",0,0,0,1,0,0,0,0,0,0,0,998,0,0,0,11,6,2,12,0,0,0,1,51,22193,6,1,0,0,3,0,73,185,0,0,0,0,0,0,0,0,0,0,0,0,0,0,3,4,45,1,2,2,1,3,3,1,67,99,1,1,83,"777777777777","777777777777","777777777777",1,0
51,510524,1,1,1,13,10,22,31,8,0,1,0,51,2,35,47,35047,4,2006,"1N4AL11D56C1","1","N","4","A","L","1","1","D","5","6","C","1",0,0,0,"000000000","00000000000",0,0,0,1,0,0,0,0,0,0,0,30,0,0,0,2,6,2,8,0,0,0,1,51,23608,6,1,0,0,3,0,62,135,0,0,0,0,0,0,0,0,0,0,0,0,0,0,2,2,45,1,1,2,1,0,0,1,80,99,1,1,13,"777777777777","777777777777","777777777777",0,0
51,510525,2,1,1,8,10,2,10,8,0,1,1,51,2,49,32,49032,4,2015,"2T1BURHE2FC4","2","T","1","B","U","R","H","E","2","F","C","4",0,0,0,"000000000","00000000000",0,0,0,1,0,0,0,0,0,0,0,998,0,0,0,1,8,5,8,0,0,0,1,51,23220,6,1,0,0,3,3,63,145,1,0,0,1,0,3,2014,9,2015,0,0,0,0,0,3,4,55,1,1,2,1,0,0,1,13,99,1,4,13,"777777777777","777777777777","777777777777",0,0
51,510526,1,1,1,8,10,1,45,39,0,1,0,51,1,34,37,34037,4,2000,"WBAGH8344YDP","W","B","A","G","H","8","3","4","4","Y","D","P",0,0,0,"000000000","00000000000",0,0,0,1,0,0,0,0,0,0,0,998,0,0,0,12,6,2,43,0,0,1,1,51,23834,6,1,0,0,3,0,71,205,0,0,0,1,0,12,2012,12,2012,0,0,0,0,0,2,2,55,1,1,2,1,0,0,1,13,99,1,4,1,"777777777777","777777777777","777777777777",1,1
51,510527,1,2,1,11,10,8,17,12,2,1,0,51,1,49,401,49401,14,2006,"JTEBT14R2600","J","T","E","B","T","1","4","R","2","6","0","0",0,0,0,"000000000","00000000000",0,0,0,1,0,0,0,0,0,0,0,55,0,0,0,12,6,2,12,0,0,0,1,51,24459,6,1,0,0,3,3,65,140,0,0,0,0,0,0,0,0,0,0,28,0,0,0,1,2,55,1,2,2,1,0,0,1,10,99,1,2,50,"777777777777","777777777777","777777777777",1,0
51,510527,2,2,1,11,10,8,17,12,2,1,0,51,1,55,33,55033,4,2011,"5NPEC4AC8BH0","5","N","P","E","C","4","A","C","8","B","H","0",0,0,0,"000000000","00000000000",0,0,0,1,0,0,0,0,0,0,0,55,0,0,0,12,6,2,12,0,0,0,1,51,24401,6,1,0,0,3,0,62,120,0,0,0,0,0,0,0,0,0,0,0,0,0,0,1,2,55,1,2,2,1,0,0,1,62,99,1,1,51,"777777777777","777777777777","777777777777",1,0
51,510528,1,1,3,12,10,22,0,42,0,1,0,51,2,12,16,12016,4,2006,"2FAHP71WX6X1","2","F","A","H","P","7","1","W","X","6","X","1",0,0,0,"000000000","00000000000",0,0,0,1,0,0,0,0,0,0,0,84,0,0,0,11,6,2,42,0,0,0,1,51,22701,1,1,0,0,2,0,67,125,0,17,0,0,2,2,2012,11,2015,3,58,0,0,0,3,3,70,1,1,2,1,0,0,1,13,15,7,4,2,"777777777777","777777777777","777777777777",1,0
51,510529,1,1,1,15,10,20,44,53,0,1,0,51,1,72,706,72706,80,2006,"1HD1FVW176Y6","1","H","D","1","F","V","W","1","7","6","Y","6",0,0,0,"000000000","00000000000",0,0,0,1,0,0,0,0,0,0,0,55,0,0,0,1,6,2,32,0,0,0,1,51,24121,6,1,0,0,3,0,78,215,0,0,0,0,0,0,0,0,0,4,0,0,0,0,1,2,55,2,1,2,1,0,0,14,12,5,1,4,6,"777777777777","777777777777","777777777777",1,1