"STATE","ST_CASE","VEH_NO","VE_FORMS","NUMOCCS","DAY","MONTH","HOUR","MINUTE","HARM_EV","MAN_COLL","UNITTYPE","HIT_RUN","REG_STAT","OWNER","MAKE","MODEL","MAK_MOD","BODY_TYP","MOD_YEAR","VIN","VIN_1","VIN_2","VIN_3","VIN_4","VIN_5","VIN_6","VIN_7","VIN_8","VIN_9","VIN_10","VIN_11","VIN_12","TOW_VEH","J_KNIFE","MCARR_I1","MCARR_I2","MCARR_ID","GVWR","V_CONFIG","CARGO_BT","HAZ_INV","HAZ_PLAC","HAZ_ID","HAZ_CNO","HAZ_REL","BUS_USE","SPEC_USE","EMER_USE","TRAV_SP","UNDERIDE","ROLLOVER","ROLINLOC","IMPACT1","DEFORMED","TOWED","M_HARM","VEH_SC1","VEH_SC2","FIRE_EXP","DR_PRES","L_STATE","DR_ZIP","L_STATUS","L_TYPE","CDL_STAT","L_ENDORS","L_COMPL","L_RESTRI","DR_HGT","DR_WGT","PREV_ACC","PREV_SUS","PREV_DWI","PREV_SPD","PREV_OTH","FIRST_MO","FIRST_YR","LAST_MO","LAST_YR","SPEEDREL","DR_SF1","DR_SF2","DR_SF3","DR_SF4","VTRAFWAY","VNUM_LAN","VSPD_LIM","VALIGN","VPROFILE","VPAVETYP","VSURCOND","VTRAFCON","VTCONT_F","P_CRASH1","P_CRASH2","P_CRASH3","PCRASH4","PCRASH5","ACC_TYPE","TRLR1VIN","TRLR2VIN","TRLR3VIN","DEATHS","DR_DRINK"
51,510530,1,2,1,9,10,2,8,12,1,1,0,51,1,20,481,20481,31,2000,"1GCEC14V4YE3","1","G","C","E","C","1","4","V","4","Y","E","3",0,0,0,"000000000","00000000000",0,0,0,1,0,0,0,0,0,0,0,60,0,0,0,12,6,2,12,0,0,0,1,51,23315,6,1,0,0,3,0,70,195,0,0,0,0,0,0,0,0,0,0,26,0,0,0,3,2,60,1,1,2,2,0,0,1,51,99,1,1,20,"777777777777","777777777777","777777777777",1,1
51,510530,2,2,1,9,10,2,8,12,1,1,0,18,3,82,884,82884,66,2012,"1FUJGLDR0CSB","1","F","U","J","G","L","D","R","0","C","S","B",1,1,57,"26418400","5726418400",3,6,1,1,0,0,0,0,0,0,0,0,0,0,0,6,6,2,12,0,0,0,1,51,23112,6,1,6,0,3,0,71,150,0,0,0,0,0,0,0,0,0,0,0,0,0,0,3,2,60,1,1,2,2,0,0,5,53,99,1,1,21,"888888888888","777777777777","777777777777",0,0
51,510531,1,2,1,19,10,7,15,12,2,1,0,51,1,37,31,37031,4,2001,"1HGEM22911L1","1","H","G","E","M","2","2","9","1","1","L","1",0,0,0,"000000000","00000000000",0,0,0,1,0,0,0,0,0,0,0,60,0,0,0,12,6,2,12,0,0,0,1,51,24558,6,1,0,0,3,0,62,160,0,0,0,0,0,0,0,0,0,0,58,0,0,0,2,2,60,1,1,2,1,0,0,1,12,11,4,6,50,"777777777777","777777777777","777777777777",1,0
51,510531,2,2,1,19,10,7,15,12,2,1,0,51,1,82,884,82884,66,2007,"1FUJBBCG57LW","1","F","U","J","B","B","C","G","5","7","L","W",1,1,57,"65392600","5765392600",3,6,2,1,0,0,0,0,0,0,0,60,0,0,0,12,6,2,12,0,0,0,1,51,23860,6,1,6,3,3,3,72,200,1,2,0,0,1,8,2013,10,2016,0,0,0,0,0,2,2,60,1,1,2,1,0,0,1,62,1,1,1,51,"888888888888","777777777777","777777777777",0,0
51,510532,1,1,1,18,10,19,42,8,0,1,0,51,1,20,481,20481,40,2004,"1GCJK33154F1","1","G","C","J","K","3","3","1","5","4","F","1",0,0,0,"000000000","00000000000",0,0,0,1,0,0,0,0,0,0,0,50,0,0,0,12,6,2,8,0,0,0,1,51,24184,6,1,0,0,3,0,69,185,0,0,0,0,0,0,0,0,0,0,0,0,0,0,1,2,55,1,1,2,1,0,0,1,80,5,1,1,13,"777777777777","777777777777","777777777777",0,0
51,510533,1,1,1,18,10,14,46,1,0,1,0,51,1,12,481,12481,31,1994,"1FTEF15Y9RNA","1","F","T","E","F","1","5","Y","9","R","N","A",0,0,0,"000000000","00000000000",0,0,0,1,0,0,0,0,0,0,0,55,0,2,5,0,6,2,42,0,0,0,1,51,22655,6,2,0,0,3,0,61,115,0,0,0,0,0,0,0,0,0,0,58,0,0,0,2,2,55,1,1,2,1,0,0,1,13,8,3,4,2,"777777777777","777777777777","777777777777",1,0
51,510534,1,1,1,19,10,12,20,8,0,1,0,51,1,58,37,58037,4,2003,"JNKCV54E83M2","J","N","K","C","V","5","4","E","8","3","M","2",0,0,0,"000000000","00000000000",0,0,0,1,0,0,0,0,0,0,0,65,0,0,0,12,8,3,8,0,0,0,1,51,22485,6,1,0,0,3,0,71,150,0,0,0,0,0,0,0,0,0,0,0,0,0,0,2,2,55,1,1,2,1,0,0,1,13,99,1,4,4,"777777777777","777777777777","777777777777",0,0
51,510535,1,1,1,20,10,18,38,42,0,1,0,51,1,12,3,12003,2,2004,"1FAFP40604F2","1","F","A","F","P","4","0","6","0","4","F","2",0,0,0,"000000000","00000000000",0,0,0,1,0,0,0,0,0,0,0,55,0,0,0,10,6,2,42,0,0,0,1,51,22435,6,1,0,0,3,0,63,160,0,0,0,0,1,6,2016,6,2016,0,0,0,0,0,2,2,55,1,1,2,1,0,0,1,13,99,1,4,1,"777777777777","777777777777","777777777777",1,0
51,510536,1,1,2,11,10,9,55,35,0,1,0,37,1,54,36,54036,4,1998,"JH4KA9680WC0","J","H","4","K","A","9","6","8","0","W","C","0",0,0,0,"000000000","00000000000",0,0,0,1,0,0,0,0,0,0,0,70,0,1,3,11,6,2,1,0,0,0,1,37,28117,6,1,0,0,3,3,70,999,0,0,0,0,0,0,0,0,0,0,0,0,0,0,2,2,70,1,1,2,1,0,0,1,12,99,1,4,6,"777777777777","777777777777","777777777777",1,0
51,510537,1,1,1,22,10,2,2,42,0,1,0,51,2,63,34,63034,4,2007,"KNAGE1248751","K","N","A","G","E","1","2","4","8","7","5","1",0,0,0,"000000000","00000000000",0,0,0,1,0,0,0,0,0,0,0,80,0,0,0,9,6,2,42,0,0,0,1,51,20105,6,1,0,0,3,0,72,190,0,2,0,0,0,12,2012,5,2013,0,58,0,0,0,1,2,55,1,1,2,1,0,0,1,12,15,3,4,7,"777777777777","777777777777","777777777777",1,1
51,510538,1,1,1,21,10,23,40,35,0,1,0,51,1,12,37,12037,4,2001,"1FAFP34P21W1","1","F","A","F","P","3","4","P","2","1","W","1",0,0,0,"000000000","00000000000",0,0,0,1,0,0,0,0,0,0,0,80,0,1,5,11,6,2,1,0,0,0,1,51,24104,6,1,0,0,3,0,68,140,0,3,0,1,5,4,2014,11,2015,0,0,0,0,0,1,2,55,2,2,2,1,0,0,14,6,16,7,4,6,"777777777777","777777777777","777777777777",1,1
51,510539,1,1,1,17,10,11,9,1,0,1,0,51,1,85,884,85884,66,1989,"2XKDD29X7KM5","2","X","K","D","D","2","9","X","7","K","M","5",1,1,57,"02162843","5702162843",3,6,1,1,0,0,0,0,0,0,0,60,0,2,5,0,6,2,42,0,0,0,1,51,22546,6,1,6,0,3,0,69,220,1,1,0,4,2,10,2012,3,2015,3,0,0,0,0,1,2,45,3,2,2,1,0,0,14,12,99,1,4,6,"888888888888","777777777777","777777777777",1,0
51,510540,1,1,1,23,10,15,30,42,0,1,0,24,1,39,31,39031,2,1997,"SAJGX2743VC0","S","A","J","G","X","2","7","4","3","V","C","0",0,0,0,"000000000","00000000000",0,0,0,1,0,0,0,0,0,0,0,55,0,1,5,12,6,2,1,0,0,0,1,24,21733,6,1,0,0,3,0,75,290,0,0,0,0,0,0,0,0,0,4,0,0,0,0,1,2,55,3,1,2,1,0,0,14,13,99,1,4,1,"777777777777","777777777777","777777777777",1,0
51,510541,1,2,1,25,10,15,0,12,1,1,0,46,3,51,881,51881,66,2007,"4V4NC9TH67N4","4","V","4","N","C","9","T","H","6","7","N","4",1,1,57,"01865238","5701865238",3,6,1,1,0,0,0,0,0,0,0,70,0,0,0,12,6,2,12,0,0,0,1,45,29301,6,1,6,0,3,0,71,179,0,0,0,1,1,1,2012,8,2012,0,0,0,0,0,2,2,70,1,1,2,1,0,0,1,52,99,1,1,24,"888888888888","777777777777","777777777777",1,0
51,510541,2,2,1,25,10,15,0,12,1,1,0,37,3,82,881,82881,66,2013,"1FUJGLDR8DLB","1","F","U","J","G","L","D","R","8","D","L","B",1,1,57,"00257768","5700257768",3,6,1,1,0,0,0,0,0,0,0,10,0,0,0,6,6,2,12,0,0,0,1,51,24572,6,1,6,0,3,0,69,315,0,0,0,0,1,5,2015,5,2015,0,0,0,0,0,2,2,70,1,1,2,1,0,0,2,53,99,1,1,25,"888888888888","777777777777","777777777777",0,0
51,510542,1,1,1,27,10,6,50,8,0,1,0,51,1,49,402,49402,14,2006,"JTMBD33V1650","J","T","M","B","D","3","3","V","1","6","5","0",0,0,0,"000000000","00000000000",0,0,0,1,0,0,0,0,0,0,0,35,0,0,0,12,9,3,8,0,0,0,1,51,23139,6,1,0,0,3,0,66,148,0,0,0,1,0,7,2012,7,2012,0,0,0,0,0,2,2,35,1,2,2,1,0,0,1,80,99,1,1,13,"777777777777","777777777777","777777777777",0,0
51,510543,1,2,1,23,10,15,30,12,1,1,0,51,1,76,706,76706,80,2009,"JYARN23E49A0","J","Y","A","R","N","2","3","E","4","9","A","0",0,0,0,"000000000","00000000000",0,0,0,1,0,0,0,0,0,0,0,100,0,0,0,12,6,2,12,0,0,0,1,51,23188,6,1,0,0,3,0,74,999,0,0,0,0,0,0,0,0,0,3,0,0,0,0,3,2,70,1,1,2,1,0,0,1,51,16,1,2,24,"777777777777","777777777777","777777777777",1,0
51,510543,2,2,3,23,10,15,30,12,1,1,0,13,3,7,27,7027,6,2016,"3C4PDCBB3GT1","3","C","4","P","D","C","B","B","3","G","T","1",0,0,0,"000000000","00000000000",0,0,0,1,0,0,0,0,0,0,0,65,0,0,0,6,9,8,12,0,0,0,1,25,1742,6,1,0,0,3,0,74,999,0,0,0,0,0,0,0,0,0,3,0,0,0,0,3,2,70,1,1,2,1,0,0,15,53,99,1,1,25,"777777777777","777777777777","777777777777",0,0
51,510544,1,1,1,28,10,15,30,1,0,1,0,37,3,23,881,23881,62,2004,"1GDJ7C1C64F5","1","G","D","J","7","C","1","C","6","4","F","5",0,0,57,"00458243","5700458243",2,2,3,1,0,0,0,0,0,0,0,60,0,2,1,0,6,2,1,0,0,0,1,37,27701,6,1,0,0,2,0,68,999,0,3,0,1,2,4,2013,10,2015,0,0,0,0,0,2,2,60,1,2,2,1,0,0,1,13,8,3,6,98,"777777777777","777777777777","777777777777",1,0
51,510545,1,1,2,30,10,1,10,35,0,1,0,51,2,12,3,12003,2,2006,"1ZVFT82H1651","1","Z","V","F","T","8","2","H","1","6","5","1",0,0,0,"000000000","00000000000",0,0,0,1,0,0,0,0,0,0,0,65,0,2,1,12,6,2,1,0,0,0,1,51,24066,6,2,0,0,3,0,71,150,0,0,0,0,0,0,0,0,0,3,0,0,0,0,1,2,55,1,1,2,1,0,0,1,12,5,4,4,7,"777777777777","777777777777","777777777777",1,0
51,510546,1,3,1,28,10,15,38,12,1,1,0,51,1,23,481,23481,31,2011,"1GTN2TEA2BZ1","1","G","T","N","2","T","E","A","2","B","Z","1",0,0,0,"000000000","00000000000",0,0,0,1,0,0,0,0,0,0,0,70,0,0,0,12,6,2,12,0,0,0,1,51,24572,1,1,0,0,2,0,74,220,0,6,0,5,0,1,2014,5,2016,4,26,0,0,0,3,2,70,1,2,2,1,0,0,1,52,99,1,1,24,"777777777777","777777777777","777777777777",0,0
51,510546,2,3,3,28,10,15,38,12,1,1,0,42,2,37,32,37032,4,2009,"1HGCP25829A0","1","H","G","C","P","2","5","8","2","9","A","0",0,0,0,"000000000","00000000000",0,0,0,1,0,0,0,0,0,0,0,5,0,0,0,6,6,2,12,0,0,0,1,99,17814,9,9,99,9,9,9,999,999,99,99,99,99,99,99,9999,99,9999,0,0,0,0,0,2,2,70,1,2,2,1,0,0,2,53,99,1,1,25,"777777777777","777777777777","777777777777",1,0
51,510546,3,3,1,28,10,15,38,12,1,1,0,51,1,48,402,48402,14,2008,"4S4WX93D0844","4","S","4","W","X","9","3","D","0","8","4","4",0,0,0,"000000000","00000000000",0,0,0,1,0,0,0,0,0,0,0,5,0,0,0,6,6,2,12,0,0,0,1,51,22032,6,1,0,0,3,0,73,201,0,0,0,0,0,0,0,0,0,0,0,0,0,0,2,2,70,1,2,2,1,0,0,2,53,99,1,1,98,"777777777777","777777777777","777777777777",0,0
51,510547,1,1,1,28,8,17,19,8,0,1,1,99,9,12,402,12402,14,9999,"999999999999","9","9","9","9","9","9","9","9","9","9","9","9",0,0,0,"000000000","00000000000",0,0,0,1,0,0,0,0,0,0,0,998,0,0,0,98,9,5,8,0,0,0,1,99,99999,9,9,99,9,9,9,999,999,99,99,99,99,99,99,9999,99,9999,9,0,0,0,0,1,2,25,3,1,2,1,20,3,14,80,99,9,9,13,"777777777777","777777777777","777777777777",0,0
51,510548,1,1,1,30,10,13,30,34,0,1,0,51,1,49,472,49472,30,2007,"5TEPX42N07Z3","5","T","E","P","X","4","2","N","0","7","Z","3",0,0,0,"000000000","00000000000",0,0,0,1,0,0,0,0,0,0,0,65,0,0,0,12,6,2,32,0,0,0,1,51,24354,6,1,0,0,3,0,74,214,0,0,0,0,0,0,0,0,0,0,28,0,0,0,2,2,70,1,2,2,1,0,0,1,12,99,1,4,6,"777777777777","777777777777","777777777777",1,0
51,510549,1,1,1,30,10,14,25,25,0,1,0,51,1,20,402,20402,14,2003,"2CNBE13C9369","2","C","N","B","E","1","3","C","9","3","6","9",0,0,0,"000000000","00000000000",0,0,0,1,0,0,0,0,0,0,0,70,0,0,0,12,6,2,25,0,0,0,1,51,23805,6,1,0,0,3,0,61,180,0,0,0,0,0,0,0,0,0,3,0,0,0,0,3,4,55,1,1,2,1,0,0,1,12,99,4,4,7,"777777777777","777777777777","777777777777",1,0
51,510550,1,1,1,30,10,1,33,24,0,1,0,51,1,54,421,54421,15,2004,"2HNYD18914H5","2","H","N","Y","D","1","8","9","1","4","H","5",0,0,0,"000000000","00000000000",0,0,0,1,0,0,0,0,0,0,0,80,0,1,5,2,6,2,42,0,0,0,1,51,22503,6,1,0,0,3,0,64,120,1,2,0,0,3,1,2015,9,2016,3,0,0,0,0,1,2,55,3,2,2,1,0,0,14,13,5,1,4,1,"777777777777","777777777777","777777777777",1,1
51,510551,1,1,1,4,6,22,18,8,0,1,0,51,1,12,880,12880,67,2006,"1FTWW31P46EB","1","F","T","W","W","3","1","P","4","6","E","B",0,0,88,"888888888","88888888888",2,1,97,1,0,0,0,0,0,0,0,25,0,0,0,11,0,5,8,0,0,0,1,51,20111,6,1,0,0,3,0,67,200,1,0,0,0,0,5,2016,5,2016,0,0,0,0,0,3,2,35,1,1,2,2,0,0,1,80,99,1,1,13,"777777777777","777777777777","777777777777",0,0
51,510552,1,1,1,1,11,12,52,14,0,1,0,37,1,2,403,2403,14,2015,"1C4BJWDG0FL5","1","C","4","B","J","W","D","G","0","F","L","5",0,0,0,"000000000","00000000000",0,0,0,1,0,0,0,0,0,0,0,998,0,1,1,12,6,2,14,0,0,0,1,37,28209,6,1,0,0,3,0,71,999,0,0,0,0,0,0,0,0,0,0,0,0,0,0,2,2,55,1,1,2,1,0,0,1,13,16,1,4,11,"777777777777","777777777777","777777777777",0,0
51,510553,1,3,1,28,10,2,40,12,8,1,0,51,1,12,23,12023,4,2016,"3FA6P0H7XGR2","3","F","A","6","P","0","H","7","X","G","R","2",0,0,0,"000000000","00000000000",0,0,0,1,0,0,0,0,0,0,0,70,0,0,0,1,6,2,12,0,0,0,1,51,23140,6,1,0,0,3,0,70,230,0,0,0,0,0,0,0,0,0,0,0,0,0,0,3,2,70,1,1,2,1,0,0,1,54,8,1,2,65,"777777777777","777777777777","777777777777",0,0
51,510553,2,3,1,28,10,2,40,12,8,1,0,51,3,98,806,98806,63,2016,"5PVNJ8JV1G45","5","P","V","N","J","8","J","V","1","G","4","5",0,0,51,"900627","51900627",3,1,1,1,0,0,0,0,0,0,0,70,0,0,0,11,6,2,12,0,0,1,1,51,23608,6,1,6,0,3,0,70,180,1,0,0,1,1,12,2013,10,2016,0,0,0,0,0,3,2,70,1,1,2,1,0,0,1,54,5,1,1,98,"777777777777","777777777777","777777777777",0,0
51,510553,3,3,1,28,10,2,40,12,8,1,0,51,2,20,9,20009,2,2011,"2G1FF1ED2B91","2","G","1","F","F","1","E","D","2","B","9","1",0,0,0,"000000000","00000000000",0,0,0,1,0,0,0,0,0,0,0,85,0,0,0,1,6,2,12,0,0,1,1,26,48336,6,1,0,0,3,0,69,156,0,1,1,1,0,1,2012,6,2015,3,51,0,0,0,3,2,70,1,1,2,1,0,0,1,54,99,1,1,64,"777777777777","777777777777","777777777777",1,1
51,510554,1,1,1,30,10,21,30,35,0,1,0,47,1,37,32,37032,4,2009,"1HGCP267X9A0","1","H","G","C","P","2","6","7","X","9","A","0",0,0,0,"000000000","00000000000",0,0,0,1,0,0,0,0,0,0,0,35,0,1,5,1,6,2,1,0,0,0,1,51,24639,6,1,0,0,3,0,67,140,0,2,1,0,0,2,2014,5,2015,0,0,0,0,0,1,2,35,1,2,2,1,0,0,1,13,99,1,4,1,"777777777777","777777777777","777777777777",1,1
51,510555,1,1,1,24,10,9,47,9,0,1,0,51,3,85,881,85881,63,2004,"1NKDL00X04J0","1","N","K","D","L","0","0","X","0","4","J","0",0,0,88,"888888888","88888888888",3,2,5,1,0,0,0,0,0,0,0,59,0,0,0,1,8,5,9,0,0,0,1,51,23072,6,1,6,0,3,0,72,168,0,0,0,1,0,2,2014,2,2014,0,0,0,0,0,2,3,55,1,1,2,1,0,0,1,80,8,1,2,13,"777777777777","777777777777","777777777777",0,0
51,510556,1,1,2,15,10,20,50,8,0,1,0,51,2,49,32,49032,4,2015,"2T1BURHE8FC3","2","T","1","B","U","R","H","E","8","F","C","3",0,0,0,"000000000","00000000000",0,0,0,1,0,0,0,0,0,0,0,30,0,0,0,12,8,3,8,0,0,0,1,51,22046,6,1,0,0,3,0,74,180,0,0,0,0,1,1,2015,1,2015,0,0,0,0,0,1,2,30,1,2,2,1,0,0,1,80,98,1,1,13,"777777777777","777777777777","777777777777",0,0
51,510557,1,1,1,3,11,11,15,30,0,1,0,51,1,18,18,18018,4,1997,"1G4NJ52T4VC4","1","G","4","N","J","5","2","T","4","V","C","4",0,0,0,"000000000","00000000000",0,0,0,1,0,0,0,0,0,0,0,80,0,1,5,4,6,2,2,0,0,1,1,51,24450,6,1,0,0,3,3,67,170,0,0,0,0,0,0,0,0,0,0,0,0,0,0,1,2,55,3,1,2,1,0,0,14,13,99,4,4,1,"777777777777","777777777777","777777777777",1,0
51,510558,1,2,1,4,11,12,30,12,2,1,0,51,1,48,34,48034,4,2015,"4S3BNBL68F30","4","S","3","B","N","B","L","6","8","F","3","0",0,0,0,"000000000","00000000000",0,0,0,1,0,0,0,0,0,0,0,55,0,0,0,12,6,2,12,0,0,0,1,51,22314,6,1,0,0,3,3,62,170,0,0,0,1,0,9,2015,9,2015,0,28,0,0,0,1,2,55,3,2,2,1,0,0,14,10,99,1,2,50,"777777777777","777777777777","777777777777",0,0
51,510558,2,2,5,4,11,12,30,12,2,1,0,51,1,20,37,20037,4,2011,"1G1ZD5E70BF1","1","G","1","Z","D","5","E","7","0","B","F","1",0,0,0,"000000000","00000000000",0,0,0,1,0,0,0,0,0,0,0,55,0,0,0,12,6,2,12,0,0,0,1,51,22473,6,1,0,0,3,3,62,170,0,0,0,1,0,9,2015,9,2015,0,0,0,0,0,1,2,55,2,2,2,1,0,0,14,62,99,1,1,51,"777777777777","777777777777","777777777777",1,0
51,510559,1,1,4,5,11,15,43,35,0,1,0,51,1,49,442,49442,20,2004,"5TDBA22C64S0","5","T","D","B","A","2","2","C","6","4","S","0",0,0,0,"000000000","00000000000",0,0,0,1,0,0,0,0,0,0,0,75,0,1,3,11,6,2,1,0,0,0,1,51,24315,6,1,0,0,3,3,60,120,0,0,0,1,0,5,2016,5,2016,0,58,0,0,0,3,2,70,1,1,2,1,0,0,1,9,9,3,4,7,"777777777777","777777777777","777777777777",1,0
51,510560,1,1,2,6,11,3,10,32,0,1,0,51,1,32,43,32043,4,2006,"WAUDF78E36A0","W","A","U","D","F","7","8","E","3","6","A","0",0,0,0,"000000000","00000000000",0,0,0,1,0,0,0,0,0,0,0,65,0,0,0,12,6,2,42,0,0,0,1,17,60643,6,1,0,0,3,0,69,152,0,0,0,0,0,0,0,0,0,0,0,0,0,0,3,2,55,1,1,2,1,0,0,1,12,99,1,4,6,"777777777777","777777777777","777777777777",1,0
51,510561,1,1,2,5,11,0,46,31,0,1,0,24,1,35,39,35039,4,2012,"1N4AA5AP5CC8","1","N","4","A","A","5","A","P","5","C","C","8",0,0,0,"000000000","00000000000",0,0,0,1,0,0,0,0,0,0,0,64,0,1,5,12,6,2,1,0,0,0,1,24,21222,6,1,0,0,3,0,71,150,0,0,0,0,0,0,0,0,0,3,0,0,0,0,1,2,55,3,2,2,1,0,0,14,13,16,2,4,1,"777777777777","777777777777","777777777777",1,0
51,510562,1,1,1,9,11,23,20,42,0,1,0,47,2,35,34,35034,2,1985,"JN1HZ14S8FX0","J","N","1","H","Z","1","4","S","8","F","X","0",0,0,0,"000000000","00000000000",0,0,0,1,0,0,0,0,0,0,0,55,0,1,5,12,6,2,1,0,0,0,1,47,37665,6,1,0,0,3,0,78,170,0,0,0,0,0,0,0,0,0,3,0,0,0,0,1,2,25,2,2,2,1,0,0,14,6,99,1,4,6,"777777777777","777777777777","777777777777",1,0
51,510563,1,1,1,9,11,15,40,59,0,1,0,48,3,51,881,51881,66,2005,"4V4NC9GHX5N3","4","V","4","N","C","9","G","H","X","5","N","3",0,0,57,"02062522","5702062522",3,5,96,1,0,0,0,0,0,0,0,35,0,1,5,5,6,2,1,0,0,0,1,48,75672,6,1,6,0,3,0,999,999,0,1,0,2,2,9,2013,3,2016,4,0,0,0,0,1,2,55,2,2,2,1,0,0,14,3,99,3,4,2,"777777777777","777777777777","777777777777",1,0
51,510564,1,1,1,11,11,15,1,8,0,1,0,51,1,20,481,20481,31,2003,"2GCEK19T4313","2","G","C","E","K","1","9","T","4","3","1","3",0,0,0,"000000000","00000000000",0,0,0,1,0,0,0,0,0,0,0,40,0,0,0,1,8,8,8,0,0,0,1,51,23455,6,1,0,0,3,0,68,220,0,0,0,0,1,1,2015,1,2015,0,0,0,0,0,2,4,45,1,1,2,1,0,0,1,80,99,1,1,13,"777777777777","777777777777","777777777777",0,0
51,510565,1,2,1,12,11,13,13,24,0,1,0,51,1,49,40,49040,4,2002,"4T1BE30K12U6","4","T","1","B","E","3","0","K","1","2","U","6",0,0,0,"000000000","00000000000",0,0,0,1,0,0,0,0,0,0,0,65,0,0,0,11,6,2,12,0,0,0,1,51,23238,6,1,0,0,3,0,61,154,0,0,0,3,2,1,2013,7,2015,0,0,0,0,0,3,3,65,1,2,2,1,0,0,1,12,99,1,4,6,"777777777777","777777777777","777777777777",1,0
51,510565,2,2,1,12,11,13,13,24,0,1,0,18,3,82,881,82881,66,2015,"1FUJGLD57FLG","1","F","U","J","G","L","D","5","7","F","L","G",1,1,57,"05428300","5705428300",3,6,1,1,0,0,0,0,0,0,0,60,0,0,0,8,8,8,12,0,0,0,1,51,23669,6,1,6,0,3,0,72,230,0,0,0,1,0,2,2012,2,2012,0,0,0,0,0,3,3,65,1,2,2,1,0,0,1,60,99,1,1,98,"888888888888","777777777777","777777777777",0,0
51,510566,1,3,1,21,10,5,58,12,1,1,0,51,1,76,706,76706,80,2016,"MH3RH06Y7GK0","M","H","3","R","H","0","6","Y","7","G","K","0",0,0,0,"000000000","00000000000",0,0,0,1,0,0,0,0,0,0,0,80,0,0,0,12,6,2,12,0,0,0,1,51,20105,6,1,0,0,3,0,70,150,0,0,0,0,1,1,2016,1,2016,3,0,0,0,0,3,4,55,1,1,2,1,0,0,15,50,99,1,2,20,"777777777777","777777777777","777777777777",1,0
51,510566,2,3,1,21,10,5,58,12,1,1,0,54,1,7,482,7482,31,1996,"3B7HF13Z2TG1","3","B","7","H","F","1","3","Z","2","T","G","1",0,0,0,"000000000","00000000000",0,0,0,1,0,0,0,0,0,0,0,0,0,0,0,6,6,2,12,0,0,0,1,54,25430,6,1,0,0,3,0,71,260,0,0,0,0,1,10,2016,10,2016,0,0,0,0,0,3,4,55,1,1,2,1,0,0,7,53,1,1,1,21,"777777777777","777777777777","777777777777",0,0
51,510566,3,3,1,21,10,5,58,12,1,1,0,51,1,12,23,12023,4,2010,"3FADP0L3XAR2","3","F","A","D","P","0","L","3","X","A","R","2",0,0,0,"000000000","00000000000",0,0,0,1,0,0,0,0,0,0,0,55,0,0,0,1,6,2,12,0,0,0,1,51,20158,6,1,0,0,3,0,71,250,0,0,0,1,0,7,2014,7,2014,0,0,0,0,0,3,4,55,1,1,2,1,0,0,1,90,99,1,1,98,"777777777777","777777777777","777777777777",0,0
51,510567,1,1,1,10,11,5,15,19,0,1,0,51,3,98,804,98804,63,2009,"5KJJABDR29PA","5","K","J","J","A","B","D","R","2","9","P","A",1,1,57,"21586330","5721586330",3,4,4,1,0,0,0,0,0,0,0,55,0,0,0,2,6,2,19,0,0,1,1,51,24171,6,1,6,0,3,0,75,220,0,0,0,0,1,2,2015,2,2015,0,0,0,0,0,1,2,55,3,2,2,1,0,0,14,6,99,1,4,1,"888888888888","777777777777","777777777777",1,0
51,510568,1,1,1,28,8,18,8,46,0,1,0,51,1,20,481,20481,31,1995,"1GCEC14K5SZ2","1","G","C","E","C","1","4","K","5","S","Z","2",0,0,0,"000000000","00000000000",0,0,0,1,0,0,0,0,0,0,0,998,0,0,0,12,6,2,46,0,0,0,1,51,23228,6,1,0,0,3,0,73,220,0,0,0,0,1,3,2015,3,2015,0,0,0,0,0,2,3,45,1,1,2,1,3,3,1,13,99,2,4,2,"777777777777","777777777777","777777777777",1,0
51,510569,1,1,1,2,11,22,3,1,0,1,0,51,1,7,20,7020,4,2002,"1B3ES56CX2D6","1","B","3","E","S","5","6","C","X","2","D","6",0,0,0,"000000000","00000000000",0,0,0,1,0,0,0,0,0,0,0,80,0,2,5,0,6,2,42,0,0,0,1,51,24540,6,1,0,0,3,0,71,170,0,0,0,0,0,0,0,0,0,3,39,0,0,0,1,2,45,1,1,2,1,20,3,1,14,99,1,4,98,"777777777777","777777777777","777777777777",1,0
51,510570,1,1,4,1,11,19,45,42,0,1,0,51,1,35,39,35039,4,1996,"JN1CA21D4TT1","J","N","1","C","A","2","1","D","4","T","T","1",0,0,0,"000000000","00000000000",0,0,0,1,0,0,0,0,0,0,0,65,0,0,0,12,6,2,2,0,0,1,1,51,22812,6,1,0,0,3,0,70,145,2,3,0,2,2,4,2014,5,2016,3,0,0,0,0,1,2,55,2,1,2,1,0,0,14,12,99,1,4,6,"777777777777","777777777777","777777777777",2,1
51,510571,1,1,1,10,11,7,5,8,0,1,0,51,3,49,40,49040,4,2016,"4T1BD1FKXGU1","4","T","1","B","D","1","F","K","X","G","U","1",0,0,0,"000000000","00000000000",0,0,0,1,0,0,0,0,0,0,0,40,0,0,0,12,8,8,8,0,0,0,1,51,20147,6,1,0,0,3,0,67,175,0,0,0,1,0,10,2013,10,2013,0,36,0,0,0,2,4,40,1,1,2,1,0,0,1,80,99,1,1,13,"777777777777","777777777777","777777777777",0,0
51,510572,1,2,1,5,11,20,35,11,0,1,0,51,1,72,706,72706,80,2008,"1HD1CZ31X8K4","1","H","D","1","C","Z","3","1","X","8","K","4",0,0,0,"000000000","00000000000",0,0,0,1,0,0,0,0,0,0,0,45,0,0,0,12,6,2,5,0,0,0,1,51,22712,6,1,0,0,3,3,71,200,2,3,0,1,3,5,2012,7,2016,0,26,0,0,0,1,2,55,1,3,2,1,0,0,1,51,16,1,1,98,"777777777777","777777777777","777777777777",1,1