"STATE","ST_CASE","VEH_NO","VE_FORMS","NUMOCCS","DAY","MONTH","HOUR","MINUTE","HARM_EV","MAN_COLL","UNITTYPE","HIT_RUN","REG_STAT","OWNER","MAKE","MODEL","MAK_MOD","BODY_TYP","MOD_YEAR","VIN","VIN_1","VIN_2","VIN_3","VIN_4","VIN_5","VIN_6","VIN_7","VIN_8","VIN_9","VIN_10","VIN_11","VIN_12","TOW_VEH","J_KNIFE","MCARR_I1","MCARR_I2","MCARR_ID","GVWR","V_CONFIG","CARGO_BT","HAZ_INV","HAZ_PLAC","HAZ_ID","HAZ_CNO","HAZ_REL","BUS_USE","SPEC_USE","EMER_USE","TRAV_SP","UNDERIDE","ROLLOVER","ROLINLOC","IMPACT1","DEFORMED","TOWED","M_HARM","VEH_SC1","VEH_SC2","FIRE_EXP","DR_PRES","L_STATE","DR_ZIP","L_STATUS","L_TYPE","CDL_STAT","L_ENDORS","L_COMPL","L_RESTRI","DR_HGT","DR_WGT","PREV_ACC","PREV_SUS","PREV_DWI","PREV_SPD","PREV_OTH","FIRST_MO","FIRST_YR","LAST_MO","LAST_YR","SPEEDREL","DR_SF1","DR_SF2","DR_SF3","DR_SF4","VTRAFWAY","VNUM_LAN","VSPD_LIM","VALIGN","VPROFILE","VPAVETYP","VSURCOND","VTRAFCON","VTCONT_F","P_CRASH1","P_CRASH2","P_CRASH3","PCRASH4","PCRASH5","ACC_TYPE","TRLR1VIN","TRLR2VIN","TRLR3VIN","DEATHS","DR_DRINK"
51,510644,3,3,2,9,12,17,50,12,2,1,0,51,1,37,441,37441,20,2011,"5FNRL5H97BB0","5","F","N","R","L","5","H","9","7","B","B","0",0,0,0,"000000000","00000000000",0,0,0,1,0,0,0,0,0,0,0,55,0,0,0,12,6,2,12,0,0,0,1,51,23464,6,1,0,0,3,0,71,136,1,0,0,0,2,3,2014,11,2015,0,0,0,0,0,2,4,55,1,1,2,1,0,0,1,64,99,1,1,98,"777777777777","777777777777","777777777777",0,0
51,510645,1,1,1,9,12,11,50,8,0,1,0,51,1,20,481,20481,31,1996,"1GCEK19M7TE1","1","G","C","E","K","1","9","M","7","T","E","1",0,0,0,"000000000","00000000000",0,0,0,1,0,0,0,0,0,0,0,16,0,0,0,12,9,5,8,0,0,0,1,51,24380,6,1,0,0,3,0,70,135,1,1,0,0,3,1,2015,10,2016,0,38,0,0,0,1,2,25,1,2,2,1,3,3,11,80,99,1,1,13,"777777777777","777777777777","777777777777",0,0
51,510646,1,1,1,11,12,21,15,1,0,1,0,51,2,37,31,37031,4,1998,"1HGEJ6227WL1","1","H","G","E","J","6","2","2","7","W","L","1",0,0,0,"000000000","00000000000",0,0,0,1,0,0,0,0,0,0,0,55,0,1,3,0,6,2,42,0,0,0,1,51,20198,2,1,0,0,2,3,66,120,0,0,0,0,0,0,0,0,0,0,0,0,0,0,3,2,55,3,2,2,1,0,0,14,8,99,1,4,6,"777777777777","777777777777","777777777777",1,0
51,510647,1,1,1,11,12,20,0,42,0,1,0,51,1,49,40,49040,4,1999,"2T1BR18EXXC2","2","T","1","B","R","1","8","E","X","X","C","2",0,0,0,"000000000","00000000000",0,0,0,1,0,0,0,0,0,0,0,55,0,1,5,3,6,2,1,0,0,0,1,51,23803,1,1,0,0,2,0,65,140,0,8,0,1,1,3,2012,11,2016,0,0,0,0,0,1,2,55,1,3,2,1,0,0,1,12,16,1,4,6,"777777777777","777777777777","777777777777",1,1
51,510648,2,2,3,1,12,22,14,8,0,1,0,47,4,7,442,7442,20,2013,"2C4RDGCG1DR7","2","C","4","R","D","G","C","G","1","D","R","7",0,0,0,"000000000","00000000000",0,0,0,1,0,0,0,0,0,0,0,50,0,0,0,12,6,2,8,0,0,0,1,97,22306,9,9,99,9,9,9,999,999,99,99,99,99,99,99,9999,99,9999,0,0,0,0,0,3,5,55,1,1,2,1,0,0,1,80,16,1,1,13,"777777777777","777777777777","777777777777",0,0
51,510648,3,2,1,1,12,22,14,8,0,1,0,51,2,13,5,13005,4,2001,"1LNHM82W51Y7","1","L","N","H","M","8","2","W","5","1","Y","7",0,0,0,"000000000","00000000000",0,0,0,1,0,0,0,0,0,0,0,65,0,0,0,12,6,2,12,0,0,0,1,51,22202,6,1,0,0,3,0,69,110,0,0,0,0,0,0,0,0,0,3,0,0,0,0,3,5,55,1,1,2,1,0,0,1,51,99,1,1,98,"777777777777","777777777777","777777777777",0,0
51,510649,1,1,4,16,12,18,2,34,0,1,0,51,1,7,442,7442,20,2011,"2D4RN4DG5BR6","2","D","4","R","N","4","D","G","5","B","R","6",0,0,0,"000000000","00000000000",0,0,0,1,0,0,0,0,0,0,0,70,0,1,3,12,6,2,35,0,0,0,1,51,22604,6,1,0,0,3,0,67,220,0,0,0,0,0,0,0,0,0,0,0,0,0,0,3,2,70,1,1,2,1,0,0,1,8,99,1,4,6,"777777777777","777777777777","777777777777",1,0
51,510650,1,1,2,17,12,17,55,42,0,1,0,51,1,35,49,35049,6,2005,"000000000000","0","0","0","0","0","0","0","0","0","0","0","0",0,0,0,"000000000","00000000000",0,0,0,1,0,0,0,0,0,0,0,85,0,1,5,12,6,2,1,0,0,0,1,51,23803,6,1,0,0,3,0,69,151,0,0,0,0,0,0,0,0,0,3,0,0,0,0,3,2,60,1,1,2,2,0,0,6,8,99,2,4,2,"777777777777","777777777777","777777777777",1,1
51,510651,1,1,1,16,12,1,0,59,0,1,0,51,1,7,24,7024,4,2013,"2C3CDXBG3DH6","2","C","3","C","D","X","B","G","3","D","H","6",0,0,0,"000000000","00000000000",0,0,0,1,0,0,0,0,0,0,0,70,0,0,0,10,6,2,42,0,0,0,1,51,24551,6,1,0,0,3,0,70,165,0,1,1,3,0,5,2013,2,2016,3,0,0,0,0,1,2,40,2,1,2,1,0,0,14,6,99,3,4,7,"777777777777","777777777777","777777777777",1,1
51,510652,1,3,1,17,12,9,43,12,2,1,0,51,1,12,481,12481,31,1999,"1FTNX21L7XED","1","F","T","N","X","2","1","L","7","X","E","D",0,0,0,"000000000","00000000000",0,0,0,1,0,0,0,0,0,0,0,50,0,0,0,12,6,2,12,0,0,0,1,51,24574,6,2,0,0,3,0,74,183,0,0,0,0,0,0,0,0,0,3,36,0,0,0,1,2,45,2,2,1,4,0,0,14,10,99,3,2,50,"777777777777","777777777777","777777777777",0,0
51,510652,2,3,1,17,12,9,43,12,2,1,0,51,1,20,421,20421,15,1999,"1GNEK13R2XJ3","1","G","N","E","K","1","3","R","2","X","J","3",0,0,0,"000000000","00000000000",0,0,0,1,0,0,0,0,0,0,0,30,0,0,0,12,6,2,12,0,0,0,1,51,24572,6,1,0,0,3,0,70,180,0,0,0,0,0,0,0,0,0,0,0,0,0,0,1,2,45,3,2,1,4,0,0,14,62,99,1,1,51,"777777777777","777777777777","777777777777",1,0
51,510652,3,3,1,17,12,9,43,12,2,1,0,51,2,35,39,35039,4,2000,"JN1CA31D5YT5","J","N","1","C","A","3","1","D","5","Y","T","5",0,0,0,"000000000","00000000000",0,0,0,1,0,0,0,0,0,0,0,50,0,0,0,1,6,2,12,0,0,0,1,51,24574,6,2,0,0,3,0,72,248,0,0,0,0,0,0,0,0,0,3,36,0,0,0,1,2,45,2,2,1,4,0,0,14,6,99,3,3,98,"777777777777","777777777777","777777777777",0,0
51,510653,1,1,1,17,12,21,12,42,0,1,0,51,1,54,35,54035,4,2008,"19UUA66288A0","1","9","U","U","A","6","6","2","8","8","A","0",0,0,0,"000000000","00000000000",0,0,0,1,0,0,0,0,0,0,0,70,0,0,0,3,6,2,42,0,0,0,1,51,23140,6,1,0,0,3,3,72,170,1,1,0,1,2,3,2014,12,2015,3,0,0,0,0,1,2,55,1,1,2,2,0,0,1,12,99,1,4,6,"777777777777","777777777777","777777777777",1,1
51,510654,1,1,1,15,12,15,50,42,0,1,0,51,2,7,442,7442,20,2010,"2D4RN4DE1AR1","2","D","4","R","N","4","D","E","1","A","R","1",0,0,0,"000000000","00000000000",0,0,0,1,0,0,0,0,0,0,0,35,0,0,0,12,6,2,42,0,0,0,1,51,24649,6,1,0,0,3,0,68,260,0,0,0,0,0,0,0,0,0,0,0,0,0,0,1,2,35,1,1,2,1,0,0,1,12,99,3,4,7,"777777777777","777777777777","777777777777",1,0
51,510655,1,2,1,19,11,14,57,12,6,1,0,51,1,73,706,73706,80,2013,"JKAZXCK13DA0","J","K","A","Z","X","C","K","1","3","D","A","0",0,0,0,"000000000","00000000000",0,0,0,1,0,0,0,0,0,0,0,998,0,0,0,12,6,2,12,0,0,0,1,51,22193,6,1,0,0,3,0,74,225,0,0,0,1,0,5,2016,5,2016,3,0,0,0,0,2,4,55,1,1,2,1,0,0,1,17,99,1,1,69,"777777777777","777777777777","777777777777",1,0
51,510655,2,2,1,19,11,14,57,12,6,1,0,51,1,37,32,37032,4,1997,"1HGCD560XVA1","1","H","G","C","D","5","6","0","X","V","A","1",0,0,0,"000000000","00000000000",0,0,0,1,0,0,0,0,0,0,0,35,0,0,0,4,6,2,12,0,0,0,1,51,20112,6,1,0,0,3,0,70,170,0,0,0,0,0,0,0,0,0,0,0,0,0,0,2,4,55,1,1,2,1,0,0,11,63,99,1,1,68,"777777777777","777777777777","777777777777",0,0
51,510656,1,1,2,17,12,18,35,42,0,1,0,51,1,22,8,22008,2,2004,"6G2VX12G24L2","6","G","2","V","X","1","2","G","2","4","L","2",0,0,0,"000000000","00000000000",0,0,0,1,0,0,0,0,0,0,0,50,0,0,0,10,6,2,42,0,0,0,1,23,4463,6,1,0,0,3,0,73,225,0,0,0,0,0,0,0,0,0,3,0,0,0,0,2,2,35,2,1,2,2,0,0,14,13,99,1,4,1,"777777777777","777777777777","777777777777",1,0
51,510657,1,1,4,16,12,22,40,42,0,1,0,51,2,20,37,20037,4,2011,"1G1ZB5N13BF2","1","G","1","Z","B","5","N","1","3","B","F","2",0,0,0,"000000000","00000000000",0,0,0,1,0,0,0,0,0,0,0,73,0,0,0,12,6,2,42,0,0,0,1,51,23301,0,0,0,0,2,0,67,165,0,0,0,0,0,0,0,0,0,3,0,0,0,0,1,2,55,3,2,2,1,0,0,14,6,99,1,4,1,"777777777777","777777777777","777777777777",1,0
51,510658,1,1,2,16,12,4,1,42,0,1,0,51,1,20,22,20022,4,2009,"1G1AT58H6971","1","G","1","A","T","5","8","H","6","9","7","1",0,0,0,"000000000","00000000000",0,0,0,1,0,0,0,0,0,0,0,56,0,0,0,9,6,2,42,0,0,0,1,51,22980,1,1,0,0,2,0,78,220,0,9,0,1,1,7,2012,11,2015,3,0,0,0,0,1,2,45,1,2,2,1,0,0,1,12,99,1,4,6,"777777777777","777777777777","777777777777",1,0
51,510659,1,1,1,19,12,14,23,42,0,1,0,51,1,7,482,7482,31,1999,"3B7HF13Z0XG1","3","B","7","H","F","1","3","Z","0","X","G","1",0,0,0,"000000000","00000000000",0,0,0,1,0,0,0,0,0,0,0,45,0,0,0,12,6,2,2,0,0,1,1,51,24549,6,1,0,0,3,0,67,150,0,0,0,0,0,0,0,0,0,0,58,0,0,0,1,2,55,1,1,2,1,0,0,1,13,6,3,4,2,"777777777777","777777777777","777777777777",1,0
51,510660,1,2,2,15,12,20,30,12,1,1,0,51,2,22,32,22032,6,2004,"5Y2SL62864Z4","5","Y","2","S","L","6","2","8","6","4","Z","4",0,0,0,"000000000","00000000000",0,0,0,1,0,0,0,0,0,0,0,95,0,0,0,12,6,2,42,0,0,0,1,51,22407,6,1,0,0,3,0,75,190,0,0,0,0,0,0,0,0,0,3,0,0,0,0,2,3,65,1,3,2,1,0,0,1,51,99,1,1,24,"777777777777","777777777777","777777777777",1,1
51,510660,2,2,1,15,12,20,30,12,1,1,0,12,3,12,481,12481,31,2015,"1FT8W3BT6FEB","1","F","T","8","W","3","B","T","6","F","E","B",0,0,0,"000000000","00000000000",0,0,0,1,0,0,0,0,0,0,0,65,0,0,0,6,9,8,12,0,0,0,1,99,99999,9,9,99,9,9,9,999,999,99,99,99,99,99,99,9999,99,9999,0,0,0,0,0,2,3,65,1,3,2,1,0,0,1,53,99,1,1,25,"777777777777","777777777777","777777777777",0,0
51,510661,1,3,1,15,12,18,3,12,1,1,0,51,1,2,404,2404,14,2000,"1J4FT48S6YL1","1","J","4","F","T","4","8","S","6","Y","L","1",0,0,0,"000000000","00000000000",0,0,0,1,0,0,0,0,0,0,0,60,0,0,0,12,6,2,12,0,0,0,1,51,23323,6,1,0,0,3,0,60,180,0,1,1,0,0,10,2012,10,2012,0,26,0,0,0,3,6,60,1,1,2,1,0,0,1,50,99,1,1,20,"777777777777","777777777777","777777777777",1,0
51,510661,2,3,2,15,12,18,3,12,1,1,0,51,2,12,3,12003,2,2007,"1ZVFT80N9753","1","Z","V","F","T","8","0","N","9","7","5","3",0,0,0,"000000000","00000000000",0,0,0,1,0,0,0,0,0,0,0,0,0,0,0,6,6,2,12,0,0,0,1,51,23324,6,1,0,0,3,0,65,125,0,0,0,0,0,0,0,0,0,0,0,0,0,0,3,6,60,1,1,2,1,0,0,5,53,99,1,1,21,"777777777777","777777777777","777777777777",0,0
51,510661,3,3,1,15,12,18,3,12,1,1,0,51,1,7,482,7482,31,2007,"1D7HU18227S2","1","D","7","H","U","1","8","2","2","7","S","2",0,0,0,"000000000","00000000000",0,0,0,1,0,0,0,0,0,0,0,60,0,0,0,12,6,2,25,0,0,0,1,51,23320,6,1,0,0,3,0,73,255,0,0,0,0,1,7,2014,7,2014,0,26,0,0,0,3,6,60,1,1,2,1,0,0,1,51,99,1,1,98,"777777777777","777777777777","777777777777",0,0
51,510662,1,3,2,17,12,11,58,12,7,1,0,51,2,41,50,41050,5,2006,"1YVHP84D565M","1","Y","V","H","P","8","4","D","5","6","5","M",0,0,0,"000000000","00000000000",0,0,0,1,0,0,0,0,0,0,0,65,0,0,0,4,6,2,12,0,0,0,1,51,22191,0,0,0,0,0,0,999,999,0,0,0,0,0,0,0,0,0,0,27,0,0,0,2,3,65,1,2,2,2,0,0,15,11,99,1,2,44,"777777777777","777777777777","777777777777",0,0
51,510662,2,3,1,17,12,11,58,12,7,1,0,51,3,12,881,12881,61,2008,"1FDXF46R18EA","1","F","D","X","F","4","6","R","1","8","E","A",0,0,51,"341582","51341582",2,1,96,1,0,0,0,0,0,0,0,65,0,0,0,10,6,2,12,0,0,0,1,51,22534,6,1,6,0,3,0,70,190,1,0,0,1,0,3,2012,11,2013,0,0,0,0,0,2,3,65,1,2,2,2,0,0,1,60,99,1,1,45,"777777777777","777777777777","777777777777",0,0
51,510662,3,3,1,17,12,11,58,12,7,1,0,51,1,24,401,24401,14,2008,"3GSCL53708S6","3","G","S","C","L","5","3","7","0","8","S","6",0,0,0,"000000000","00000000000",0,0,0,1,0,0,0,0,0,0,0,65,0,0,0,11,6,2,12,0,0,0,1,51,20155,6,1,0,0,3,0,64,230,0,0,0,0,0,0,0,0,0,0,0,0,0,0,2,3,65,1,2,2,2,0,0,1,62,99,1,1,98,"777777777777","777777777777","777777777777",1,0
51,510663,1,1,1,23,12,6,45,42,0,1,0,51,1,20,23,20023,6,2007,"3GNDA13D67S5","3","G","N","D","A","1","3","D","6","7","S","5",0,0,0,"000000000","00000000000",0,0,0,1,0,0,0,0,0,0,0,45,0,0,0,12,6,2,42,0,0,0,1,51,22718,6,1,0,0,3,3,73,190,0,0,0,0,0,0,0,0,0,0,0,0,0,0,1,2,45,2,2,2,1,0,0,14,12,99,1,4,6,"777777777777","777777777777","777777777777",1,1
51,510664,1,1,1,22,12,11,54,42,0,1,0,51,1,37,32,37032,4,2016,"1HGCR2F80GA1","1","H","G","C","R","2","F","8","0","G","A","1",0,0,0,"000000000","00000000000",0,0,0,1,0,0,0,0,0,0,0,70,0,0,0,12,8,3,42,0,0,0,1,51,23111,6,1,0,0,3,0,67,165,0,0,0,0,0,0,0,0,0,0,0,0,0,0,2,4,70,2,1,2,1,0,0,14,12,99,1,4,6,"777777777777","777777777777","777777777777",1,0
51,510665,1,1,1,22,12,16,45,8,0,1,0,51,3,12,461,12461,21,2010,"1FTNE2EWXADA","1","F","T","N","E","2","E","W","X","A","D","A",0,0,0,"000000000","00000000000",0,0,0,1,0,0,0,0,0,0,0,50,0,0,0,12,6,2,8,0,0,0,1,51,23061,6,1,0,0,3,0,72,235,0,0,0,1,2,8,2014,6,2015,0,0,0,0,0,2,4,55,1,1,2,1,3,3,1,80,99,1,1,13,"777777777777","777777777777","777777777777",0,0
51,510666,1,1,1,23,12,22,5,8,0,1,0,51,1,37,31,37031,4,2001,"1HGCG56491A1","1","H","G","C","G","5","6","4","9","1","A","1",0,0,0,"000000000","00000000000",0,0,0,1,0,0,0,0,0,0,0,45,0,0,0,12,8,3,8,0,0,0,1,51,23093,6,1,0,0,3,0,74,185,0,0,0,0,0,0,0,0,0,0,0,0,0,0,1,2,45,3,1,2,1,0,0,14,80,16,1,1,13,"777777777777","777777777777","777777777777",0,0
51,510667,1,3,1,22,12,15,30,12,6,1,0,51,2,49,471,49471,30,1986,"JT4RN63R5G50","J","T","4","R","N","6","3","R","5","G","5","0",0,0,0,"000000000","00000000000",0,0,0,1,0,0,0,0,0,0,0,55,0,1,5,3,6,2,1,0,0,0,1,54,26812,6,2,0,0,3,0,64,120,0,0,0,0,0,0,0,0,0,0,39,0,0,0,1,2,55,1,1,2,1,20,3,1,17,99,1,1,87,"777777777777","777777777777","777777777777",1,0
51,510667,2,3,4,22,12,15,30,12,6,1,0,51,1,6,441,6441,20,2007,"2A4GP54L07R1","2","A","4","G","P","5","4","L","0","7","R","1",0,0,0,"000000000","00000000000",0,0,0,1,0,0,0,0,0,0,0,55,0,0,0,12,6,2,12,0,0,0,1,51,22810,6,1,0,0,3,0,67,200,0,0,0,0,0,0,0,0,0,0,0,0,0,0,1,2,55,1,1,2,1,0,0,1,66,99,1,1,86,"777777777777","777777777777","777777777777",0,0
51,510667,3,3,1,22,12,15,30,12,6,1,0,51,1,35,50,35050,4,2016,"3N1CN7AP2GL9","3","N","1","C","N","7","A","P","2","G","L","9",0,0,0,"000000000","00000000000",0,0,0,1,0,0,0,0,0,0,0,0,0,0,0,9,6,2,12,0,0,0,1,51,22652,6,1,0,0,3,0,71,235,0,1,1,0,0,12,2012,12,2012,0,0,0,0,0,1,2,55,1,1,2,1,20,3,5,62,1,1,1,98,"777777777777","777777777777","777777777777",0,0
51,510668,1,2,3,21,12,16,5,12,2,1,0,51,1,58,37,58037,4,2004,"JNKCV54E14M8","J","N","K","C","V","5","4","E","1","4","M","8",0,0,0,"000000000","00000000000",0,0,0,1,0,0,0,0,0,0,0,70,0,0,0,12,6,2,12,0,0,0,1,51,23955,0,0,0,0,0,0,999,999,0,9,0,0,1,1,2012,8,2016,3,28,0,0,0,1,2,55,1,1,2,1,0,0,1,10,99,1,1,50,"777777777777","777777777777","777777777777",1,0
51,510668,2,2,2,21,12,16,5,12,2,1,0,51,2,12,481,12481,31,2001,"1FTRW08L51KC","1","F","T","R","W","0","8","L","5","1","K","C",0,0,0,"000000000","00000000000",0,0,0,1,0,0,0,0,0,0,0,55,0,0,0,12,6,2,12,0,0,0,1,51,23237,6,1,0,0,3,0,71,260,0,0,0,0,0,0,0,0,0,0,0,0,0,0,1,2,55,1,1,2,1,0,0,1,62,99,1,1,51,"777777777777","777777777777","777777777777",0,0
51,510669,1,1,1,1,12,17,44,8,0,1,0,51,1,42,48,42048,4,2005,"WDBUF83J05X1","W","D","B","U","F","8","3","J","0","5","X","1",0,0,0,"000000000","00000000000",0,0,0,1,0,0,0,0,0,0,0,20,0,0,0,12,8,8,8,0,0,0,1,51,22309,6,1,0,0,3,0,65,165,0,0,0,1,0,10,2015,10,2015,0,38,0,0,0,1,2,25,1,1,2,1,0,0,1,80,99,1,1,13,"777777777777","777777777777","777777777777",0,0
51,510670,1,1,1,26,12,4,10,8,0,1,0,51,4,82,884,82884,66,2012,"1FUJGEBG4CLB","1","F","U","J","G","E","B","G","4","C","L","B",1,1,57,"80750500","5780750500",3,6,1,1,0,0,0,0,0,0,0,67,0,0,0,12,8,8,8,0,0,0,1,24,21740,6,1,6,0,3,0,66,200,0,0,0,2,1,11,2015,9,2016,0,0,0,0,0,3,3,60,1,1,2,1,0,0,1,80,99,1,1,13,"888888888888","777777777777","777777777777",0,0
51,510671,1,1,1,29,10,18,39,8,0,1,0,51,3,12,481,12481,31,2015,"1FTEW1EF6FFC","1","F","T","E","W","1","E","F","6","F","F","C",0,0,0,"000000000","00000000000",0,0,0,1,0,0,0,0,0,0,0,7,0,0,0,11,0,5,8,0,0,0,1,51,22032,6,1,0,0,3,0,62,140,0,0,0,0,0,0,0,0,0,0,0,0,0,0,2,2,25,1,1,2,1,0,0,11,80,99,1,1,13,"777777777777","777777777777","777777777777",0,0
51,510672,1,1,1,25,12,19,37,8,0,1,0,37,1,12,23,12023,4,2011,"3FAHP0HA0BR2","3","F","A","H","P","0","H","A","0","B","R","2",0,0,0,"000000000","00000000000",0,0,0,1,0,0,0,0,0,0,0,44,0,0,0,12,6,2,8,0,0,0,1,37,27909,6,1,0,0,3,0,61,999,0,0,0,2,1,6,2015,8,2016,0,0,0,0,0,3,4,45,1,1,2,1,0,0,1,80,16,2,1,13,"777777777777","777777777777","777777777777",0,0
51,510673,1,1,1,25,12,20,47,8,0,1,0,51,1,20,423,20423,15,2013,"2GNALBEK9D11","2","G","N","A","L","B","E","K","9","D","1","1",0,0,0,"000000000","00000000000",0,0,0,1,0,0,0,0,0,0,0,35,0,0,0,12,8,5,8,0,0,0,1,51,23837,6,1,0,0,3,0,63,139,0,0,0,1,0,4,2014,4,2014,0,0,0,0,0,1,2,35,1,1,2,1,0,0,1,80,16,1,1,13,"777777777777","777777777777","777777777777",0,0
51,510674,1,2,1,9,12,16,30,12,1,1,1,51,1,12,23,12023,4,2008,"3FAHP08158R1","3","F","A","H","P","0","8","1","5","8","R","1",0,0,0,"000000000","00000000000",0,0,0,1,0,0,0,0,0,0,0,40,0,0,0,12,6,2,12,0,0,0,1,51,22824,6,1,0,0,3,3,70,175,0,0,0,0,0,0,0,0,0,4,0,0,0,0,1,2,55,1,2,2,1,0,0,1,51,99,1,1,24,"777777777777","777777777777","777777777777",1,0
51,510674,2,2,1,9,12,16,30,12,1,1,0,51,1,20,473,20473,30,2010,"1GCJTCDE6A81","1","G","C","J","T","C","D","E","6","A","8","1",0,0,0,"000000000","00000000000",0,0,0,1,0,0,0,0,0,0,0,5,0,0,0,6,8,5,12,0,0,0,1,51,22664,6,1,0,0,3,0,69,185,0,0,0,0,0,0,0,0,0,0,0,0,0,0,1,2,55,1,2,2,1,0,0,2,53,99,1,1,25,"777777777777","777777777777","777777777777",0,0
51,510675,1,2,4,30,12,11,41,12,6,1,0,37,1,6,52,6052,6,2005,"3C8FY68BX5T6","3","C","8","F","Y","6","8","B","X","5","T","6",0,0,0,"000000000","00000000000",0,0,0,1,0,0,0,0,0,0,0,60,0,0,0,12,6,2,12,0,0,0,1,37,27858,6,1,0,0,3,3,68,999,0,0,0,0,0,0,0,0,0,3,38,39,0,0,2,2,98,1,1,2,1,3,3,1,17,16,2,1,69,"777777777777","777777777777","777777777777",1,0
51,510675,2,2,1,30,12,11,41,12,6,1,0,51,1,13,13,13013,4,2006,"3LNHM26106R6","3","L","N","H","M","2","6","1","0","6","R","6",0,0,0,"000000000","00000000000",0,0,0,1,0,0,0,0,0,0,0,5,0,0,0,3,6,2,12,0,0,0,1,51,24012,6,1,0,0,3,0,71,200,1,0,0,1,0,10,2013,2,2015,0,0,0,0,0,2,2,98,1,1,2,1,3,3,11,63,99,1,1,68,"777777777777","777777777777","777777777777",0,0
51,510676,1,1,1,14,12,17,36,8,0,1,0,51,1,55,36,55036,3,2001,"KMHCF35G31U0","K","M","H","C","F","3","5","G","3","1","U","0",0,0,0,"000000000","00000000000",0,0,0,1,0,0,0,0,0,0,0,998,0,0,0,12,8,5,8,0,0,0,1,51,23150,6,1,0,0,3,0,66,180,0,0,0,0,3,4,2015,8,2016,0,0,0,0,0,3,3,35,1,1,2,1,0,0,1,80,99,1,1,13,"777777777777","777777777777","777777777777",0,0
51,510677,1,1,1,21,12,12,25,8,0,1,0,51,1,20,481,20481,31,1999,"1GCEC14W8XZ1","1","G","C","E","C","1","4","W","8","X","Z","1",0,0,0,"000000000","00000000000",0,0,0,1,0,0,0,0,0,0,0,20,0,0,0,11,0,3,8,0,0,0,1,51,24263,6,1,0,0,3,0,70,170,1,0,0,1,0,5,2016,9,2016,0,0,0,0,0,1,2,25,1,2,2,1,3,3,11,80,99,1,1,13,"777777777777","777777777777","777777777777",0,0
51,510678,1,1,1,17,12,1,3,59,0,1,0,51,2,35,47,35047,4,2009,"1N4AL21E69N5","1","N","4","A","L","2","1","E","6","9","N","5",0,0,0,"000000000","00000000000",0,0,0,1,0,0,0,0,0,0,0,50,0,1,5,12,8,8,42,0,0,0,1,51,23231,6,1,0,0,3,0,72,125,1,0,0,0,1,2,2016,4,2016,3,58,0,0,0,1,2,45,3,1,2,1,0,0,14,13,6,4,4,1,"777777777777","777777777777","777777777777",1,1
51,510679,1,1,1,23,12,10,30,24,0,1,0,51,1,37,39,37039,5,2007,"JHMGD38697S0","J","H","M","G","D","3","8","6","9","7","S","0",0,0,0,"000000000","00000000000",0,0,0,1,0,0,0,0,0,0,0,75,0,0,0,1,6,2,24,0,0,0,1,51,22311,6,1,0,0,3,0,66,160,0,0,0,0,0,0,0,0,0,3,0,0,0,0,2,2,70,2,2,2,1,0,0,14,13,99,1,4,1,"777777777777","777777777777","777777777777",1,0
51,510680,1,1,3,26,12,12,50,35,0,1,0,51,1,7,482,7482,31,2004,"1D7HA16K94J2","1","D","7","H","A","1","6","K","9","4","J","2",0,0,0,"000000000","00000000000",0,0,0,1,0,0,0,0,0,0,0,55,0,1,5,11,6,2,42,0,0,0,1,51,24416,6,1,0,0,3,0,70,175,0,0,0,0,0,0,0,0,0,4,36,0,0,0,1,2,55,3,1,2,2,0,0,14,6,99,3,4,2,"777777777777","777777777777","777777777777",1,0
51,510681,1,1,1,25,12,19,52,11,0,1,0,51,1,23,481,23481,31,1981,"2GDGK24M5B15","2","G","D","G","K","2","4","M","5","B","1","5",0,0,0,"000000000","00000000000",0,0,0,1,0,0,0,0,0,0,0,998,0,0,0,11,6,2,42,0,0,0,1,51,22969,6,1,0,0,3,0,71,200,0,1,1,0,0,5,2013,8,2014,0,0,0,0,0,1,2,55,1,1,2,2,0,0,1,87,6,1,1,13,"777777777777","777777777777","777777777777",1,1
51,510682,1,2,3,20,12,22,0,12,6,1,0,51,1,20,401,20401,14,2005,"1GNDT13S4521","1","G","N","D","T","1","3","S","4","5","2","1",0,0,0,"000000000","00000000000",0,0,0,1,0,0,0,0,0,0,0,55,0,0,0,12,6,2,12,0,0,0,1,51,23306,6,1,0,0,3,0,68,158,0,0,0,0,0,0,0,0,0,0,0,0,0,0,2,2,55,1,1,2,1,0,0,10,60,99,1,1,70,"777777777777","777777777777","777777777777",2,0
51,510682,2,2,1,20,12,22,0,12,6,1,0,51,3,85,884,85884,66,2006,"1XKWDB9X86J1","1","X","K","W","D","B","9","X","8","6","J","1",1,1,57,"00121009","5700121009",3,6,3,1,0,0,0,0,0,0,0,45,0,0,0,3,8,5,12,0,0,0,1,51,23038,6,1,6,0,3,0,66,220,0,0,0,1,0,10,2012,10,2012,0,47,0,0,0,2,2,55,1,1,2,1,0,0,98,11,99,1,2,71,"888888888888","777777777777","777777777777",0,0