"STATE","ST_CASE","VEH_NO","VE_FORMS","NUMOCCS","DAY","MONTH","HOUR","MINUTE","HARM_EV","MAN_COLL","UNITTYPE","HIT_RUN","REG_STAT","OWNER","MAKE","MODEL","MAK_MOD","BODY_TYP","MOD_YEAR","VIN","VIN_1","VIN_2","VIN_3","VIN_4","VIN_5","VIN_6","VIN_7","VIN_8","VIN_9","VIN_10","VIN_11","VIN_12","TOW_VEH","J_KNIFE","MCARR_I1","MCARR_I2","MCARR_ID","GVWR","V_CONFIG","CARGO_BT","HAZ_INV","HAZ_PLAC","HAZ_ID","HAZ_CNO","HAZ_REL","BUS_USE","SPEC_USE","EMER_USE","TRAV_SP","UNDERIDE","ROLLOVER","ROLINLOC","IMPACT1","DEFORMED","TOWED","M_HARM","VEH_SC1","VEH_SC2","FIRE_EXP","DR_PRES","L_STATE","DR_ZIP","L_STATUS","L_TYPE","CDL_STAT","L_ENDORS","L_COMPL","L_RESTRI","DR_HGT","DR_WGT","PREV_ACC","PREV_SUS","PREV_DWI","PREV_SPD","PREV_OTH","FIRST_MO","FIRST_YR","LAST_MO","LAST_YR","SPEEDREL","DR_SF1","DR_SF2","DR_SF3","DR_SF4","VTRAFWAY","VNUM_LAN","VSPD_LIM","VALIGN","VPROFILE","VPAVETYP","VSURCOND","VTRAFCON","VTCONT_F","P_CRASH1","P_CRASH2","P_CRASH3","PCRASH4","PCRASH5","ACC_TYPE","TRLR1VIN","TRLR2VIN","TRLR3VIN","DEATHS","DR_DRINK"
51,510728,1,2,1,25,9,7,46,12,2,1,0,51,1,49,40,49040,4,1996,"4T1BF12KXTU8","4","T","1","B","F","1","2","K","X","T","U","8",0,0,0,"000000000","00000000000",0,0,0,1,0,0,0,0,0,0,0,998,0,1,5,12,6,2,12,0,0,0,1,51,23005,6,1,0,0,3,3,62,160,0,4,0,1,2,8,2014,10,2014,0,0,0,0,0,1,2,55,1,1,2,1,0,0,1,10,99,1,2,50,"777777777777","777777777777","777777777777",1,1
51,510728,2,2,1,25,9,7,46,12,2,1,0,51,1,84,884,84884,62,2002,"1HTMMAAM52H5","1","H","T","M","M","A","A","M","5","2","H","5",0,0,88,"888888888","88888888888",2,1,98,1,0,0,0,0,0,0,0,55,0,0,0,12,6,2,12,0,0,0,1,51,23015,6,1,0,0,2,0,67,160,1,0,0,0,0,1,2014,1,2014,0,0,0,0,0,1,2,55,1,1,2,1,0,0,1,62,16,1,1,51,"777777777777","777777777777","777777777777",0,0
53,530001,1,1,1,1,1,11,39,1,0,1,0,53,2,37,32,37032,4,2002,"JHMCG56652C0","J","H","M","C","G","5","6","6","5","2","C","0",0,0,0,"000000000","00000000000",0,0,0,1,0,0,0,0,0,0,0,998,0,9,5,0,8,5,3,0,0,0,1,53,98311,6,1,0,0,3,0,63,110,0,0,0,0,0,0,0,0,0,0,87,0,0,0,1,2,35,3,1,2,4,0,0,14,13,99,9,4,2,"777777777777","777777777777","777777777777",1,0
53,530002,1,2,3,3,1,18,47,12,2,1,0,53,2,58,37,58037,4,2003,"JNKCV51EX3M0","J","N","K","C","V","5","1","E","X","3","M","0",0,0,0,"000000000","00000000000",0,0,0,1,0,0,0,0,0,0,0,998,0,0,0,12,8,2,12,0,0,0,1,53,98366,1,1,0,0,2,0,70,190,0,2,0,0,1,6,2014,7,2015,4,28,87,0,0,1,2,45,2,1,2,3,0,0,14,10,99,9,2,50,"777777777777","777777777777","777777777777",1,1
53,530002,2,2,4,3,1,18,47,12,2,1,0,53,2,35,39,35039,4,2001,"JN1CA31DX1T6","J","N","1","C","A","3","1","D","X","1","T","6",0,0,0,"000000000","00000000000",0,0,0,1,0,0,0,0,0,0,0,998,0,0,0,12,8,2,12,0,0,0,1,53,98367,6,1,0,0,3,0,66,156,0,0,0,0,0,0,0,0,0,0,0,0,0,0,1,2,45,3,1,2,3,0,0,14,62,1,1,1,51,"777777777777","777777777777","777777777777",1,0
53,530003,1,2,1,4,1,20,40,12,6,1,0,53,1,37,31,37031,2,1992,"2HGEH3381NH5","2","H","G","E","H","3","3","8","1","N","H","5",0,0,0,"000000000","00000000000",0,0,0,1,0,0,0,0,0,0,0,998,0,0,0,3,8,5,12,0,0,0,1,53,98296,6,1,0,0,3,0,69,160,0,0,0,0,0,0,0,0,0,0,28,0,0,0,1,2,98,3,1,2,2,0,0,14,6,99,4,2,66,"777777777777","777777777777","777777777777",1,1
53,530003,2,2,1,4,1,20,40,12,6,1,0,53,3,7,462,7462,21,2006,"WD0PD7446659","W","D","0","P","D","7","4","4","6","6","5","9",0,0,0,"000000000","00000000000",0,0,0,1,0,0,0,0,0,0,0,998,0,0,0,12,8,2,12,0,0,0,1,53,98851,6,1,0,0,3,0,75,300,0,0,0,1,1,1,2011,4,2011,0,0,0,0,0,1,2,98,2,1,2,2,0,0,14,62,99,1,1,66,"777777777777","777777777777","777777777777",0,0
53,530004,1,1,1,5,1,11,42,8,0,1,0,53,1,49,442,49442,20,2003,"4T3ZF13C23U5","4","T","3","Z","F","1","3","C","2","3","U","5",0,0,0,"000000000","00000000000",0,0,0,1,0,0,0,0,0,0,0,998,0,0,0,98,8,2,8,0,0,0,1,53,98005,6,1,0,0,3,0,66,155,0,0,0,0,1,8,2015,8,2015,0,0,0,0,0,1,2,30,1,1,2,2,2,3,11,80,99,1,1,13,"777777777777","777777777777","777777777777",0,0
53,530005,1,2,1,5,1,17,22,12,6,1,0,53,1,72,706,72706,80,2013,"1HD1GPM19DC3","1","H","D","1","G","P","M","1","9","D","C","3",0,0,0,"000000000","00000000000",0,0,0,1,0,0,0,0,0,0,0,998,0,0,0,12,8,5,12,0,0,0,1,53,98311,6,1,0,0,3,0,64,145,0,0,0,0,1,7,2011,7,2011,4,0,0,0,0,1,4,25,1,2,2,2,3,3,1,62,1,1,1,69,"777777777777","777777777777","777777777777",1,0
53,530005,2,2,1,5,1,17,22,12,6,1,0,99,9,49,472,49472,30,2010,"5TEUU4EN8AZ6","5","T","E","U","U","4","E","N","8","A","Z","6",0,0,0,"000000000","00000000000",0,0,0,1,0,0,0,0,0,0,0,998,0,0,0,3,8,5,12,0,0,0,1,53,98409,6,1,0,0,3,0,72,230,0,0,0,0,0,0,0,0,0,0,38,0,0,0,1,4,25,1,2,2,2,3,3,11,15,1,1,1,68,"777777777777","777777777777","777777777777",0,0
53,530006,1,1,1,6,1,7,34,38,0,1,0,53,1,20,431,20431,16,1998,"1GNFK16R8WJ3","1","G","N","F","K","1","6","R","8","W","J","3",0,0,0,"000000000","00000000000",0,0,0,1,0,0,0,0,0,0,0,998,0,9,5,82,6,2,1,0,0,0,1,53,98674,6,1,0,0,3,0,75,270,0,0,0,0,3,6,2015,7,2015,0,0,0,0,0,6,1,98,1,2,2,4,0,0,1,9,99,9,4,2,"777777777777","777777777777","777777777777",1,1
53,530007,1,2,1,6,1,7,25,12,2,1,0,53,2,12,471,12471,30,1998,"1FTZR15X5WPA","1","F","T","Z","R","1","5","X","5","W","P","A",0,0,0,"000000000","00000000000",0,0,0,1,0,0,0,0,0,0,0,998,0,0,0,12,6,2,12,0,0,0,1,53,98106,6,1,0,0,3,0,67,170,1,4,0,3,7,2,2011,5,2014,4,28,87,0,0,5,5,50,1,1,2,4,0,0,1,6,99,4,2,50,"777777777777","777777777777","777777777777",0,0
53,530007,2,2,1,6,1,7,25,12,2,1,0,53,2,30,40,30040,4,2001,"3VWSS29M21M0","3","V","W","S","S","2","9","M","2","1","M","0",0,0,0,"000000000","00000000000",0,0,0,1,0,0,0,0,0,0,0,998,0,0,0,12,6,2,12,0,0,0,1,53,98038,6,1,0,0,3,3,65,150,0,0,0,0,0,0,0,0,0,0,0,0,0,0,5,5,50,1,1,2,4,0,0,1,62,99,1,1,51,"777777777777","777777777777","777777777777",1,0
53,530008,1,1,1,8,1,22,10,52,0,1,0,53,1,39,32,39032,4,2008,"SAJWA82BX8SH","S","A","J","W","A","8","2","B","X","8","S","H",0,0,0,"000000000","00000000000",0,0,0,1,0,0,0,0,0,0,0,998,0,0,0,12,6,2,52,0,0,0,1,53,98040,6,1,0,0,3,0,68,170,0,0,0,0,0,0,0,0,0,0,0,0,0,0,3,5,60,1,1,2,2,0,0,1,13,99,1,4,1,"777777777777","777777777777","777777777777",1,1
53,530010,1,2,1,9,1,16,56,12,6,1,0,53,1,49,401,49401,14,1986,"JT4RN62D9G00","J","T","4","R","N","6","2","D","9","G","0","0",0,0,0,"000000000","00000000000",0,0,0,1,0,0,0,0,0,0,0,998,0,0,0,12,8,5,12,0,0,0,1,53,98203,6,1,6,0,3,0,66,155,0,0,0,0,0,0,0,0,0,0,0,0,0,0,1,2,50,1,1,2,1,0,0,1,17,99,1,1,69,"777777777777","777777777777","777777777777",0,0
53,530010,2,2,2,9,1,16,56,12,6,1,0,53,1,18,7,18007,4,1998,"2G4WS52MXW14","2","G","4","W","S","5","2","M","X","W","1","4",0,0,0,"000000000","00000000000",0,0,0,1,0,0,0,0,0,0,0,998,0,0,0,3,6,2,12,0,0,0,1,53,98258,6,1,0,0,3,3,70,240,0,0,0,0,0,0,0,0,0,0,0,0,0,0,1,2,50,1,1,2,1,0,0,11,15,99,1,1,68,"777777777777","777777777777","777777777777",1,0
53,530011,1,3,1,12,1,9,16,12,6,1,0,53,1,18,23,18023,4,2009,"1G4HD57199U1","1","G","4","H","D","5","7","1","9","9","U","1",0,0,0,"000000000","00000000000",0,0,0,1,0,0,0,0,0,0,0,998,0,0,0,12,8,2,12,0,0,0,1,53,98802,6,1,0,0,3,3,70,215,0,0,0,0,0,0,0,0,0,0,39,0,0,0,1,2,30,1,2,2,1,20,3,1,17,99,1,1,88,"777777777777","777777777777","777777777777",1,0
53,530011,2,3,1,12,1,9,16,12,6,1,0,53,1,20,499,20499,15,2000,"1GCEC14W2YE3","1","G","C","E","C","1","4","W","2","Y","E","3",0,0,0,"000000000","00000000000",0,0,0,1,0,0,0,0,0,0,0,998,0,0,0,9,8,5,12,0,0,0,1,53,98802,6,1,6,0,3,0,75,200,0,0,0,0,0,0,0,0,0,0,0,0,0,0,1,2,30,1,2,2,1,0,0,1,66,99,1,1,89,"777777777777","777777777777","777777777777",0,0
53,530011,3,3,1,12,1,9,16,12,6,1,0,53,3,20,481,20481,31,2007,"3GCEK14V27G1","3","G","C","E","K","1","4","V","2","7","G","1",0,0,0,"000000000","00000000000",0,0,0,1,0,0,0,0,0,0,0,0,0,0,0,12,8,5,12,0,0,0,1,53,98828,6,1,6,0,3,0,68,200,1,0,0,0,0,5,2015,5,2015,0,0,0,0,0,1,2,30,1,2,2,1,20,3,5,98,1,1,1,98,"777777777777","777777777777","777777777777",0,0
53,530012,1,1,1,12,1,11,49,34,0,1,0,53,1,20,471,20471,30,1999,"1GCCS1446X81","1","G","C","C","S","1","4","4","6","X","8","1",0,0,0,"000000000","00000000000",0,0,0,1,0,0,0,0,0,0,0,998,0,0,0,98,8,2,30,0,0,0,1,53,98589,6,1,0,0,3,3,69,170,0,0,0,0,0,0,0,0,0,0,0,0,0,0,1,2,50,3,1,2,2,0,0,14,8,1,1,4,1,"777777777777","777777777777","777777777777",1,0
53,530013,1,2,2,14,1,16,55,12,6,1,0,41,2,2,404,2404,14,1995,"1J4FJ28S0SL6","1","J","4","F","J","2","8","S","0","S","L","6",0,0,0,"000000000","00000000000",0,0,0,1,0,0,0,0,0,0,0,998,0,0,0,8,8,2,12,0,0,0,1,41,97223,6,1,0,0,3,0,69,170,0,0,0,2,0,2,2013,9,2013,0,0,0,0,0,1,2,50,1,1,7,1,20,3,1,17,1,1,1,89,"777777777777","777777777777","777777777777",1,0
53,530013,2,2,1,14,1,16,55,12,6,1,0,53,2,7,472,7472,30,1992,"1B7GG23Y2NS5","1","B","7","G","G","2","3","Y","2","N","S","5",0,0,0,"000000000","00000000000",0,0,0,1,0,0,0,0,0,0,0,998,0,0,0,12,8,2,12,0,0,0,1,53,98857,6,1,6,0,3,0,72,180,0,0,0,0,0,0,0,0,0,0,0,0,0,0,1,2,50,1,1,7,1,0,0,1,66,7,1,2,88,"777777777777","777777777777","777777777777",0,0
53,530014,1,2,1,14,1,20,6,12,1,1,0,53,1,48,34,48034,6,2002,"4S3BH6755276","4","S","3","B","H","6","7","5","5","2","7","6",0,0,0,"000000000","00000000000",0,0,0,1,0,0,0,0,0,0,0,998,3,0,0,12,8,2,8,0,0,0,1,53,99206,6,1,0,0,3,0,62,180,0,0,0,0,0,0,0,0,0,0,0,0,0,0,4,5,35,1,1,2,1,2,3,1,50,99,1,1,20,"777777777777","777777777777","777777777777",0,1
53,530014,2,2,2,14,1,20,6,12,1,1,0,53,1,23,401,23401,14,2002,"1GTDT13W52K2","1","G","T","D","T","1","3","W","5","2","K","2",0,0,0,"000000000","00000000000",0,0,0,1,0,0,0,0,0,0,0,0,0,0,0,6,8,5,12,0,0,0,1,53,99212,6,1,0,0,3,0,71,251,0,0,0,0,0,0,0,0,0,0,0,0,0,0,4,5,35,1,1,2,1,2,3,5,53,16,1,1,21,"777777777777","777777777777","777777777777",0,0
53,530015,1,1,3,16,1,7,43,8,0,1,0,53,2,12,421,12421,15,1989,"1FMEU15H2KLA","1","F","M","E","U","1","5","H","2","K","L","A",0,0,0,"000000000","00000000000",0,0,0,1,0,0,0,0,0,0,0,998,0,0,0,12,8,5,8,0,0,0,1,53,98541,6,1,0,0,3,0,75,209,0,1,0,0,0,10,2013,10,2013,0,0,0,0,0,4,3,98,1,1,2,2,1,3,11,80,99,1,1,13,"777777777777","777777777777","777777777777",0,0
53,530016,1,1,2,17,1,20,42,8,0,1,0,53,1,20,481,20481,31,2007,"2GCEK19J6716","2","G","C","E","K","1","9","J","6","7","1","6",0,0,0,"000000000","00000000000",0,0,0,1,0,0,0,0,0,0,0,998,0,0,0,12,8,2,8,0,0,0,1,53,98056,3,1,0,0,2,0,69,155,0,0,0,0,1,4,2014,4,2014,0,0,0,0,0,4,4,25,1,1,2,2,0,0,1,80,1,1,1,13,"777777777777","777777777777","777777777777",0,1
53,530017,1,2,1,21,1,6,40,12,6,1,0,53,1,20,29,20029,5,2014,"KL8CB6S96EC5","K","L","8","C","B","6","S","9","6","E","C","5",0,0,0,"000000000","00000000000",0,0,0,1,0,0,0,0,0,0,0,998,0,0,0,9,8,2,12,0,0,0,1,53,98370,6,1,0,0,3,3,66,165,0,0,0,1,1,6,2012,3,2014,0,38,0,0,0,1,2,50,1,1,2,2,20,3,11,15,99,1,1,82,"777777777777","777777777777","777777777777",1,0
53,530017,2,2,1,21,1,6,40,12,6,1,0,53,1,12,421,12421,15,1987,"1FMCU14T1HUD","1","F","M","C","U","1","4","T","1","H","U","D",0,0,0,"000000000","00000000000",0,0,0,1,0,0,0,0,0,0,0,998,0,0,0,12,8,2,12,0,0,0,1,53,98383,6,1,0,0,3,0,76,230,0,5,0,0,6,2,2011,11,2015,0,0,0,0,0,1,2,50,1,1,2,2,0,0,1,67,99,1,1,83,"777777777777","777777777777","777777777777",0,0
53,530018,1,2,2,24,1,2,15,12,2,1,0,53,1,48,34,48034,4,2001,"4S3BE6866172","4","S","3","B","E","6","8","6","6","1","7","2",0,0,0,"000000000","00000000000",0,0,0,1,0,0,0,0,0,0,0,998,0,0,0,12,8,2,12,0,0,0,1,53,98225,6,1,0,0,3,3,64,160,0,0,0,1,1,3,2011,5,2011,4,28,0,0,0,1,2,45,1,1,2,2,0,0,1,10,99,1,2,50,"777777777777","777777777777","777777777777",1,1
53,530018,2,2,1,24,1,2,15,12,2,1,0,53,1,7,482,7482,31,1999,"1B7KF2364XJ6","1","B","7","K","F","2","3","6","4","X","J","6",0,0,0,"000000000","00000000000",0,0,0,1,0,0,0,0,0,0,0,998,0,0,0,12,8,2,12,0,0,0,1,53,98226,6,1,6,0,3,0,68,300,2,0,0,0,1,3,2015,5,2015,0,0,0,0,0,1,2,45,1,1,2,2,0,0,1,62,16,1,1,51,"777777777777","777777777777","777777777777",0,0
53,530019,1,1,1,25,1,13,47,1,0,1,0,53,2,52,37,52037,3,1997,"4A3AK44Y3VE1","4","A","3","A","K","4","4","Y","3","V","E","1",0,0,0,"000000000","00000000000",0,0,0,1,0,0,0,0,0,0,0,998,0,9,5,0,8,2,1,0,0,0,1,53,98226,0,0,0,0,0,0,61,129,0,0,0,0,0,0,0,0,0,4,28,33,0,0,1,2,50,1,1,2,1,0,0,6,6,7,3,4,2,"777777777777","777777777777","777777777777",1,0
53,530020,1,2,1,26,1,15,25,12,2,1,0,53,1,49,40,49040,4,1994,"JT2GK13E6R00","J","T","2","G","K","1","3","E","6","R","0","0",0,0,0,"000000000","00000000000",0,0,0,1,0,0,0,0,0,0,0,998,0,0,0,12,8,2,12,0,0,0,1,53,98021,6,1,0,0,3,3,64,113,0,0,0,0,0,0,0,0,0,0,28,0,0,0,5,3,25,2,2,2,2,0,0,14,10,99,1,2,50,"777777777777","777777777777","777777777777",1,0
53,530020,2,2,2,26,1,15,25,12,2,1,0,53,3,7,442,7442,20,2012,"2C4RDGBGXCR2","2","C","4","R","D","G","B","G","X","C","R","2",0,0,0,"000000000","00000000000",0,0,0,1,0,0,0,0,0,0,0,998,0,0,0,12,8,2,12,0,0,0,1,53,98107,6,1,0,0,3,3,71,185,0,0,0,0,0,0,0,0,0,0,0,0,0,0,5,3,25,3,2,2,2,0,0,14,62,99,1,1,51,"777777777777","777777777777","777777777777",0,0
53,530021,1,1,1,27,1,18,26,9,0,1,0,53,1,7,472,7472,30,1998,"1B7GG22X2WS6","1","B","7","G","G","2","2","X","2","W","S","6",0,0,0,"000000000","00000000000",0,0,0,1,0,0,0,0,0,0,0,998,0,0,0,82,8,2,9,0,0,0,1,53,98266,6,1,0,0,3,0,73,185,1,0,0,3,1,3,2011,6,2015,0,0,0,0,0,1,2,45,1,1,2,2,0,0,1,83,99,1,1,13,"777777777777","777777777777","777777777777",0,0
53,530022,1,1,1,27,1,20,3,8,0,1,0,53,1,7,442,7442,20,2003,"1D4GP24333B1","1","D","4","G","P","2","4","3","3","3","B","1",0,0,0,"000000000","00000000000",0,0,0,1,0,0,0,0,0,0,0,998,0,0,0,82,8,5,8,0,0,0,1,53,98201,6,1,0,0,3,0,68,150,0,0,0,1,0,5,2013,5,2013,0,0,0,0,0,5,5,35,1,1,2,2,0,0,1,80,1,1,1,13,"777777777777","777777777777","777777777777",0,0
53,530023,1,3,1,28,1,16,5,12,2,1,0,53,1,34,34,34034,2,1998,"WBACG8331WKC","W","B","A","C","G","8","3","3","1","W","K","C",0,0,0,"000000000","00000000000",0,0,0,1,0,0,0,0,0,0,0,998,0,0,0,12,8,2,12,0,0,0,1,53,98229,6,1,0,0,3,3,76,185,1,1,0,3,0,10,2014,11,2015,0,28,35,0,0,1,2,55,1,1,2,1,0,0,6,10,99,9,2,50,"777777777777","777777777777","777777777777",0,0
53,530023,2,3,1,28,1,16,5,12,2,1,0,53,2,24,1,24001,4,2000,"1G8ZH5281YZ1","1","G","8","Z","H","5","2","8","1","Y","Z","1",0,0,0,"000000000","00000000000",0,0,0,1,0,0,0,0,0,0,0,998,0,0,0,12,8,2,12,0,0,0,1,53,98266,6,1,0,0,3,0,73,200,0,0,0,0,1,2,2015,2,2015,0,0,0,0,0,1,2,55,1,1,2,1,0,0,1,62,99,1,1,51,"777777777777","777777777777","777777777777",1,0
53,530023,3,3,1,28,1,16,5,12,2,1,0,95,3,87,884,87884,66,1999,"1XPFD69X9XD4","1","X","P","F","D","6","9","X","9","X","D","4",1,1,57,"0655788","570655788",3,6,3,1,0,0,0,0,0,0,0,998,0,0,0,61,8,5,12,0,0,0,1,95,0,9,9,99,9,9,9,999,999,99,99,99,99,99,99,9999,99,9999,0,0,0,0,0,1,2,55,1,1,2,1,0,0,1,62,99,1,1,98,"888888888888","777777777777","777777777777",0,0
53,530024,1,1,3,29,1,18,31,1,0,1,0,53,2,6,54,6054,6,2005,"2C4GM68425R5","2","C","4","G","M","6","8","4","2","5","R","5",0,0,0,"000000000","00000000000",0,0,0,1,0,0,0,0,0,0,0,998,0,9,5,0,8,5,1,0,0,0,1,53,99349,6,7,0,0,3,0,68,134,0,0,0,0,1,3,2014,3,2014,0,0,0,0,0,1,2,60,1,1,2,1,0,0,1,13,99,9,4,2,"777777777777","777777777777","777777777777",1,0
53,530025,1,1,1,2,2,6,4,8,0,1,0,53,1,41,51,41051,4,2009,"JM1BK32G7912","J","M","1","B","K","3","2","G","7","9","1","2",0,0,0,"000000000","00000000000",0,0,0,1,0,0,0,0,0,0,0,998,0,0,0,62,8,2,8,0,0,0,1,53,98312,6,1,0,0,3,0,74,240,1,0,0,4,0,10,2013,10,2015,0,38,0,0,0,5,5,35,3,1,2,2,0,0,14,80,1,1,1,13,"777777777777","777777777777","777777777777",0,0
53,530026,1,1,4,4,2,2,49,1,0,1,0,53,2,12,401,12401,14,1993,"1FMDU34X7PUB","1","F","M","D","U","3","4","X","7","P","U","B",0,0,0,"000000000","00000000000",0,0,0,1,0,0,0,0,0,0,0,998,0,1,5,0,6,2,1,0,0,0,1,53,98857,1,1,0,0,2,0,70,200,0,0,0,0,0,0,0,0,0,4,87,0,0,0,1,2,55,1,1,2,4,0,0,1,5,99,4,4,7,"777777777777","777777777777","777777777777",1,1
53,530027,1,2,2,5,2,16,54,12,6,1,0,53,2,41,471,41471,30,1989,"JM2UF1132K07","J","M","2","U","F","1","1","3","2","K","0","7",0,0,0,"000000000","00000000000",0,0,0,1,0,0,0,0,0,0,0,998,0,0,0,3,6,2,12,0,0,0,1,53,98572,6,1,0,0,3,0,66,160,2,2,0,0,2,12,2011,8,2013,0,28,0,0,0,1,2,55,3,1,2,2,0,0,14,10,99,4,2,66,"777777777777","777777777777","777777777777",2,1
53,530027,2,2,1,5,2,16,54,12,6,1,0,53,1,2,403,2403,14,2014,"1C4BJWFG9EL1","1","C","4","B","J","W","F","G","9","E","L","1",0,0,0,"000000000","00000000000",0,0,0,1,0,0,0,0,0,0,0,998,0,0,0,12,6,2,12,0,0,0,1,53,98579,6,1,0,0,3,0,72,220,0,0,0,2,0,4,2013,8,2013,0,0,0,0,0,1,2,55,3,1,2,2,0,0,14,62,99,1,1,66,"777777777777","777777777777","777777777777",0,0
53,530028,1,1,1,6,2,3,30,8,0,1,1,41,3,87,884,87884,66,2015,"1XPBDP9X3FD2","1","X","P","B","D","P","9","X","3","F","D","2",1,1,57,"318186","57318186",3,6,1,1,0,0,0,0,0,0,0,998,0,0,0,12,8,5,8,0,0,0,1,53,98273,6,1,6,1,3,0,69,210,0,0,0,1,0,3,2015,3,2015,0,0,0,0,0,1,2,50,1,1,2,99,0,0,1,80,99,1,1,13,"888888888888","777777777777","777777777777",0,0
53,530029,1,2,1,6,2,0,18,12,6,1,0,53,2,37,31,37031,2,2000,"1HGEM1156YL0","1","H","G","E","M","1","1","5","6","Y","L","0",0,0,0,"000000000","00000000000",0,0,0,1,0,0,0,0,0,0,0,998,0,0,0,3,8,2,12,0,0,0,1,53,98832,6,1,0,0,3,0,69,228,0,6,0,4,7,2,2011,4,2015,3,28,0,0,0,1,2,35,2,2,1,2,0,0,14,6,99,4,2,66,"777777777777","777777777777","777777777777",1,1
53,530029,2,2,2,6,2,0,18,12,6,1,0,53,1,20,461,20461,21,1995,"1GBEG25Z7SF1","1","G","B","E","G","2","5","Z","7","S","F","1",0,0,0,"000000000","00000000000",0,0,0,1,0,0,0,0,0,0,0,998,7,0,0,12,8,2,12,0,0,0,1,53,98632,6,1,0,0,3,0,70,185,0,0,0,2,2,9,2011,10,2014,0,0,0,0,0,1,2,35,2,2,1,2,0,0,14,62,99,1,1,66,"777777777777","777777777777","777777777777",0,0
53,530030,1,1,2,7,2,5,30,38,0,1,0,53,1,35,48,35048,2,2003,"JN1AZ34D93T1","J","N","1","A","Z","3","4","D","9","3","T","1",0,0,0,"000000000","00000000000",0,0,0,1,0,0,0,0,0,0,0,998,0,0,0,12,6,2,38,0,0,0,1,53,98944,6,1,0,0,3,0,65,180,0,3,0,4,2,5,2011,1,2016,4,0,0,0,0,1,2,50,1,1,2,1,0,0,1,13,99,1,4,1,"777777777777","777777777777","777777777777",1,1
53,530031,1,1,1,7,2,21,40,33,0,1,0,53,1,37,705,37705,80,2012,"JH2RC0506CM3","J","H","2","R","C","0","5","0","6","C","M","3",0,0,0,"000000000","00000000000",0,0,0,1,0,0,0,0,0,0,0,998,0,0,0,12,8,2,33,0,0,0,1,53,98682,6,1,0,0,3,0,77,240,2,0,0,0,0,5,2011,12,2012,0,0,0,0,0,1,2,40,1,2,2,1,0,0,1,12,99,1,4,6,"777777777777","777777777777","777777777777",1,0
53,530033,1,2,1,8,2,23,22,12,6,1,0,53,2,7,482,7482,31,2000,"1B7KF236XYJ1","1","B","7","K","F","2","3","6","X","Y","J","1",0,0,0,"000000000","00000000000",0,0,0,1,0,0,0,0,0,0,0,998,0,0,0,12,8,2,12,0,0,0,1,53,98338,6,1,0,0,3,0,64,198,0,1,0,0,4,8,2011,10,2015,0,39,91,0,0,1,3,25,1,1,2,1,3,3,1,17,99,1,1,88,"777777777777","777777777777","777777777777",0,1
53,530033,2,2,1,8,2,23,22,12,6,1,0,53,1,37,31,37031,4,1999,"2HGEJ8646XH5","2","H","G","E","J","8","6","4","6","X","H","5",0,0,0,"000000000","00000000000",0,0,0,1,0,0,0,0,0,0,0,998,0,0,0,9,8,2,12,0,0,0,1,53,98404,6,1,0,0,3,0,64,180,0,0,0,0,2,5,2011,11,2012,0,0,0,0,0,4,2,25,1,1,2,1,3,3,1,66,99,1,1,89,"777777777777","777777777777","777777777777",1,0
53,530034,1,2,1,10,2,16,48,12,6,1,0,53,1,12,471,12471,30,2003,"1FTYR44V33PB","1","F","T","Y","R","4","4","V","3","3","P","B",0,0,0,"000000000","00000000000",0,0,0,1,0,0,0,0,0,0,0,998,0,1,1,3,8,2,12,0,0,0,1,53,98902,6,1,0,0,3,0,68,155,1,0,0,0,1,4,2013,4,2013,0,39,0,0,0,1,5,40,1,1,2,1,3,3,1,17,99,1,1,87,"777777777777","777777777777","777777777777",1,0
53,530034,2,2,1,10,2,16,48,12,6,1,0,53,1,53,404,53404,14,2003,"JS3TD62V2341","J","S","3","T","D","6","2","V","2","3","4","1",0,0,0,"000000000","00000000000",0,0,0,1,0,0,0,0,0,0,0,998,0,0,0,12,8,2,12,0,0,0,1,53,98951,6,1,0,0,3,3,66,150,0,0,0,0,0,0,0,0,0,0,0,0,0,0,1,3,35,1,1,2,1,3,3,1,66,99,1,1,86,"777777777777","777777777777","777777777777",0,0
53,530035,1,1,1,11,2,22,0,8,0,1,0,53,2,34,35,34035,4,2000,"WBADM6344YGV","W","B","A","D","M","6","3","4","4","Y","G","V",0,0,0,"000000000","00000000000",0,0,0,1,0,0,0,0,0,0,0,998,0,0,0,12,8,5,8,0,0,0,1,53,98155,6,1,0,0,3,0,64,110,0,0,0,1,0,7,2014,7,2014,0,0,0,0,0,1,2,25,1,2,3,3,0,0,1,80,99,1,4,13,"777777777777","777777777777","777777777777",0,0
53,530036,1,1,1,12,2,17,36,8,0,1,0,41,2,37,32,37032,4,2004,"1HGCM56394A1","1","H","G","C","M","5","6","3","9","4","A","1",0,0,0,"000000000","00000000000",0,0,0,1,0,0,0,0,0,0,0,998,0,0,0,12,8,5,8,0,0,0,1,53,99353,6,1,0,0,3,3,58,130,0,0,0,0,0,0,0,0,0,0,0,0,0,0,1,2,30,1,1,2,2,0,0,1,80,99,1,1,13,"777777777777","777777777777","777777777777",0,0
53,530037,1,1,1,14,2,23,14,35,0,1,0,53,2,7,41,7041,4,2002,"2B3HD46RX2H2","2","B","3","H","D","4","6","R","X","2","H","2",0,0,0,"000000000","00000000000",0,0,0,1,0,0,0,0,0,0,0,998,0,1,5,82,6,2,1,0,0,0,1,53,98292,6,2,0,0,3,1,69,123,1,0,0,0,0,7,2014,7,2014,3,0,0,0,0,1,2,55,1,1,2,2,0,0,1,6,99,4,4,7,"777777777777","777777777777","777777777777",1,0