"STATE","ST_CASE","VEH_NO","VE_FORMS","NUMOCCS","DAY","MONTH","HOUR","MINUTE","HARM_EV","MAN_COLL","UNITTYPE","HIT_RUN","REG_STAT","OWNER","MAKE","MODEL","MAK_MOD","BODY_TYP","MOD_YEAR","VIN","VIN_1","VIN_2","VIN_3","VIN_4","VIN_5","VIN_6","VIN_7","VIN_8","VIN_9","VIN_10","VIN_11","VIN_12","TOW_VEH","J_KNIFE","MCARR_I1","MCARR_I2","MCARR_ID","GVWR","V_CONFIG","CARGO_BT","HAZ_INV","HAZ_PLAC","HAZ_ID","HAZ_CNO","HAZ_REL","BUS_USE","SPEC_USE","EMER_USE","TRAV_SP","UNDERIDE","ROLLOVER","ROLINLOC","IMPACT1","DEFORMED","TOWED","M_HARM","VEH_SC1","VEH_SC2","FIRE_EXP","DR_PRES","L_STATE","DR_ZIP","L_STATUS","L_TYPE","CDL_STAT","L_ENDORS","L_COMPL","L_RESTRI","DR_HGT","DR_WGT","PREV_ACC","PREV_SUS","PREV_DWI","PREV_SPD","PREV_OTH","FIRST_MO","FIRST_YR","LAST_MO","LAST_YR","SPEEDREL","DR_SF1","DR_SF2","DR_SF3","DR_SF4","VTRAFWAY","VNUM_LAN","VSPD_LIM","VALIGN","VPROFILE","VPAVETYP","VSURCOND","VTRAFCON","VTCONT_F","P_CRASH1","P_CRASH2","P_CRASH3","PCRASH4","PCRASH5","ACC_TYPE","TRLR1VIN","TRLR2VIN","TRLR3VIN","DEATHS","DR_DRINK"
53,530038,1,3,1,14,2,21,55,12,2,1,0,53,2,49,32,49032,4,1995,"1NXAE09B9SZ3","1","N","X","A","E","0","9","B","9","S","Z","3",0,0,0,"000000000","00000000000",0,0,0,1,0,0,0,0,0,0,0,998,0,0,0,12,8,2,12,0,0,0,1,53,98338,6,1,0,0,3,0,70,180,0,0,0,0,0,0,0,0,0,0,39,0,0,0,1,2,40,1,1,2,2,3,3,1,17,99,1,1,69,"777777777777","777777777777","777777777777",1,0
53,530038,2,3,3,14,2,21,55,12,2,1,0,53,1,51,47,51047,4,2004,"YV1RS61T7423","Y","V","1","R","S","6","1","T","7","4","2","3",0,0,0,"000000000","00000000000",0,0,0,1,0,0,0,0,0,0,0,998,0,0,0,12,8,2,12,0,0,0,1,53,98443,6,1,0,0,3,0,68,123,1,0,0,0,0,8,2012,8,2012,0,0,0,0,0,1,2,40,1,1,2,2,3,3,11,54,99,1,1,68,"777777777777","777777777777","777777777777",0,0
53,530038,3,3,1,14,2,21,55,12,2,1,0,6,1,35,472,35472,30,2005,"1N6AD07WX5C4","1","N","6","A","D","0","7","W","X","5","C","4",0,0,0,"000000000","00000000000",0,0,0,1,0,0,0,0,0,0,0,998,0,0,0,12,8,5,12,0,0,0,1,53,98409,6,1,0,0,3,0,70,145,0,0,0,1,0,12,2012,12,2012,0,0,0,0,0,1,2,40,1,1,2,2,3,3,11,50,99,1,1,98,"777777777777","777777777777","777777777777",0,0
53,530039,1,2,1,14,2,11,46,12,6,1,0,53,1,49,40,49040,4,2003,"JTDBE32K2301","J","T","D","B","E","3","2","K","2","3","0","1",0,0,0,"000000000","00000000000",0,0,0,1,0,0,0,0,0,0,0,998,0,0,0,12,8,5,12,0,0,0,1,53,98499,6,1,0,0,3,3,61,115,1,0,0,1,0,3,2013,3,2015,0,39,0,0,0,6,3,35,1,2,2,2,3,3,1,17,99,1,1,88,"777777777777","777777777777","777777777777",1,0
53,530039,2,2,1,14,2,11,46,12,6,1,0,53,1,49,40,49040,4,2010,"4T1BF3EK7AU0","4","T","1","B","F","3","E","K","7","A","U","0",0,0,0,"000000000","00000000000",0,0,0,1,0,0,0,0,0,0,0,998,0,0,0,9,8,5,12,0,0,0,1,53,98466,6,1,0,0,3,0,64,160,0,0,0,0,0,0,0,0,0,0,0,0,0,0,1,5,35,1,2,2,2,3,3,1,66,99,1,1,89,"777777777777","777777777777","777777777777",0,0
53,530040,1,1,1,13,2,19,26,8,0,1,0,53,1,12,442,12442,20,2003,"2FMZA51443BB","2","F","M","Z","A","5","1","4","4","3","B","B",0,0,0,"000000000","00000000000",0,0,0,1,0,0,0,0,0,0,0,998,0,0,0,12,8,2,8,0,0,0,1,53,98466,6,1,0,0,3,3,63,183,0,0,0,0,0,0,0,0,0,0,0,0,0,0,5,3,30,1,2,2,2,0,0,1,80,99,1,1,13,"777777777777","777777777777","777777777777",0,0
53,530041,1,1,2,16,2,1,16,39,0,1,0,53,1,41,51,41051,4,2009,"JM1BK3249911","J","M","1","B","K","3","2","4","9","9","1","1",0,0,0,"000000000","00000000000",0,0,0,1,0,0,0,0,0,0,0,998,0,0,0,12,8,5,14,0,0,0,1,53,98466,6,1,0,0,3,0,74,185,1,1,0,0,0,10,2014,3,2015,0,0,0,0,0,1,4,35,1,1,1,2,0,0,1,9,99,9,4,7,"777777777777","777777777777","777777777777",2,1
53,530042,1,1,1,19,2,11,14,35,0,1,0,53,1,49,50,49050,3,2008,"JTKDE1677802","J","T","K","D","E","1","6","7","7","8","0","2",0,0,0,"000000000","00000000000",0,0,0,1,0,0,0,0,0,0,0,998,0,1,5,99,6,2,1,0,0,0,1,53,99301,6,1,0,0,3,0,67,185,0,0,0,0,5,6,2013,4,2014,2,0,0,0,0,3,3,70,2,1,1,1,0,0,14,13,99,9,4,2,"777777777777","777777777777","777777777777",1,0
53,530043,1,3,1,17,2,7,56,12,1,1,0,53,2,23,481,23481,31,2001,"1GTEK14T21Z2","1","G","T","E","K","1","4","T","2","1","Z","2",0,0,0,"000000000","00000000000",0,0,0,1,0,0,0,0,0,0,0,998,0,0,0,12,6,2,12,0,0,0,1,53,98014,6,1,6,0,3,0,75,280,1,0,0,0,1,2,2013,3,2014,0,28,0,0,0,1,2,50,8,8,2,1,0,0,1,51,99,1,1,24,"777777777777","777777777777","777777777777",1,0
53,530043,2,3,2,17,2,7,56,12,1,1,0,53,3,23,481,23481,31,2011,"1GT125C82BF2","1","G","T","1","2","5","C","8","2","B","F","2",0,0,0,"000000000","00000000000",0,0,0,1,0,0,0,0,0,0,0,998,0,0,0,6,2,5,12,0,0,0,1,53,98019,6,1,0,0,3,0,70,175,0,0,0,2,0,5,2011,11,2011,0,0,0,0,0,1,2,50,8,8,2,1,0,0,1,53,99,1,1,25,"777777777777","777777777777","777777777777",0,0
53,530043,3,3,1,17,2,7,56,12,1,1,0,53,1,49,472,49472,30,2009,"5TELU42N69Z6","5","T","E","L","U","4","2","N","6","9","Z","6",0,0,0,"000000000","00000000000",0,0,0,1,0,0,0,0,0,0,0,998,0,0,0,12,6,2,12,0,0,0,1,53,98019,6,1,0,0,3,3,73,285,0,0,0,0,0,0,0,0,0,0,0,0,0,0,1,2,50,8,8,2,1,0,0,1,62,99,1,1,98,"777777777777","777777777777","777777777777",0,0
53,530044,1,3,1,23,2,5,40,12,7,1,0,53,1,14,17,14017,4,1994,"1MELM5048RG6","1","M","E","L","M","5","0","4","8","R","G","6",0,0,0,"000000000","00000000000",0,0,0,1,0,0,0,0,0,0,0,998,0,0,0,81,8,2,12,0,0,0,1,53,98022,6,1,0,0,3,3,77,180,1,0,0,0,0,6,2012,6,2012,0,28,38,0,0,1,2,50,1,2,2,1,0,0,6,51,99,9,2,46,"777777777777","777777777777","777777777777",1,0
53,530044,2,3,1,23,2,5,40,12,7,1,0,53,1,12,3,12003,1,2010,"1ZVBP8EN7A51","1","Z","V","B","P","8","E","N","7","A","5","1",0,0,0,"000000000","00000000000",0,0,0,1,0,0,0,0,0,0,0,998,0,0,0,12,6,2,12,0,0,0,1,53,98074,6,1,0,0,3,0,64,140,0,0,0,0,1,5,2011,5,2011,0,0,0,0,0,1,2,50,1,2,2,1,0,0,1,61,99,1,1,98,"777777777777","777777777777","777777777777",0,0
53,530044,3,3,2,23,2,5,40,12,7,1,0,53,1,12,481,12481,31,2012,"1FTFW1ET7CFA","1","F","T","F","W","1","E","T","7","C","F","A",0,0,0,"000000000","00000000000",0,0,0,1,0,0,0,0,0,0,0,998,0,0,0,62,2,5,12,0,0,0,1,53,98321,6,1,0,0,3,0,70,170,0,0,0,2,0,8,2015,2,2016,0,0,0,0,0,1,2,50,1,2,2,1,0,0,1,62,7,1,2,45,"777777777777","777777777777","777777777777",0,0
53,530045,1,1,1,23,2,18,27,8,0,1,0,53,1,6,51,6051,4,2000,"2C3HE66G4YH4","2","C","3","H","E","6","6","G","4","Y","H","4",0,0,0,"000000000","00000000000",0,0,0,1,0,0,0,0,0,0,0,998,0,0,0,12,8,2,8,0,0,0,1,53,99206,3,1,0,0,2,0,66,200,0,1,0,2,0,1,2012,3,2015,0,0,0,0,0,5,5,45,1,1,2,1,0,0,1,80,1,1,1,13,"777777777777","777777777777","777777777777",0,0
53,530046,1,1,1,23,2,17,6,8,0,1,0,53,1,22,18,22018,4,2003,"1G2NF52E93M5","1","G","2","N","F","5","2","E","9","3","M","5",0,0,0,"000000000","00000000000",0,0,0,1,0,0,0,0,0,0,0,998,0,0,0,12,8,5,8,0,0,0,1,53,99016,6,1,0,0,3,3,72,170,0,0,0,2,1,8,2014,10,2015,0,0,0,0,0,5,3,35,1,1,2,1,0,0,1,80,1,1,1,13,"777777777777","777777777777","777777777777",0,1
53,530047,1,1,1,24,2,19,33,8,0,1,0,53,1,24,1,24001,4,1998,"1G8ZJ5272WZ2","1","G","8","Z","J","5","2","7","2","W","Z","2",0,0,0,"000000000","00000000000",0,0,0,1,0,0,0,0,0,0,0,998,0,0,0,12,8,5,8,0,0,0,1,53,98198,6,1,0,0,3,0,71,230,0,0,0,0,0,0,0,0,0,0,0,0,0,0,2,6,45,1,1,2,1,0,0,1,80,99,1,1,13,"777777777777","777777777777","777777777777",0,0
53,530048,1,1,1,26,2,10,7,42,0,1,0,53,1,49,482,49482,31,2015,"5TFDY5F13FX4","5","T","F","D","Y","5","F","1","3","F","X","4",0,0,0,"000000000","00000000000",0,0,0,1,0,0,0,0,0,0,0,998,0,0,0,9,8,5,42,0,0,0,1,53,98272,6,1,0,0,3,0,66,205,0,0,0,1,1,9,2011,2,2012,0,0,0,0,0,1,2,40,2,8,2,1,0,0,14,12,99,1,4,6,"777777777777","777777777777","777777777777",1,0
53,530049,1,1,1,26,2,16,7,1,0,1,0,41,0,37,734,37734,90,1999,"478TE2245X40","4","7","8","T","E","2","2","4","5","X","4","0",0,0,0,"000000000","00000000000",0,0,0,1,0,0,0,0,0,0,0,998,0,9,5,0,8,5,1,0,0,0,1,41,97266,6,1,0,0,3,0,62,110,0,0,0,0,0,0,0,0,0,0,0,0,0,0,1,2,50,2,2,2,1,0,0,14,9,99,9,4,7,"777777777777","777777777777","777777777777",1,1
53,530050,1,1,4,27,2,0,27,30,0,1,0,53,2,59,31,59031,4,2007,"JTHBJ46G5720","J","T","H","B","J","4","6","G","5","7","2","0",0,0,0,"000000000","00000000000",0,0,0,1,0,0,0,0,0,0,0,998,0,0,0,63,6,2,30,0,0,0,1,53,98443,1,1,0,0,2,0,66,120,0,9,0,0,3,1,2013,8,2014,0,0,0,0,0,3,4,60,1,1,2,2,0,0,1,8,99,3,4,2,"777777777777","777777777777","777777777777",2,1
53,530051,1,1,1,27,2,7,58,42,0,1,0,53,2,7,482,7482,31,2005,"1D7HU18DX5S1","1","D","7","H","U","1","8","D","X","5","S","1",0,0,0,"000000000","00000000000",0,0,0,1,0,0,0,0,0,0,0,998,0,0,0,12,8,2,42,0,0,0,1,53,98031,6,1,0,0,3,3,74,220,0,0,0,0,0,0,0,0,0,3,0,0,0,0,1,2,35,1,1,2,2,0,0,1,12,99,1,4,6,"777777777777","777777777777","777777777777",1,0
53,530052,1,2,1,28,2,1,9,12,2,1,0,53,1,18,3,18003,4,1999,"1G4CW52K0X46","1","G","4","C","W","5","2","K","0","X","4","6",0,0,0,"000000000","00000000000",0,0,0,1,0,0,0,0,0,0,0,998,3,0,0,12,6,2,12,0,0,0,1,53,98108,1,1,0,0,2,0,68,150,1,2,0,1,5,5,2011,1,2016,0,51,0,0,0,3,5,60,2,2,1,2,0,0,14,54,99,1,2,50,"777777777777","777777777777","777777777777",1,1
53,530052,2,2,1,28,2,1,9,12,2,1,0,53,1,20,403,20403,14,2005,"1GNDT13S8522","1","G","N","D","T","1","3","S","8","5","2","2",0,0,0,"000000000","00000000000",0,0,0,1,0,0,0,0,0,0,0,998,0,0,0,12,6,2,12,0,0,0,1,53,98188,6,1,0,0,3,0,67,160,0,0,0,0,2,4,2011,6,2014,0,0,0,0,0,3,5,60,3,2,1,2,0,0,14,54,1,1,1,51,"777777777777","777777777777","777777777777",0,0
53,530053,1,1,1,29,2,8,25,14,0,1,0,41,3,12,481,12481,40,2012,"1FD0X5HTXCEC","1","F","D","0","X","5","H","T","X","C","E","C",0,0,77,"777777777","77777777777",2,1,98,1,0,0,0,0,0,0,0,998,0,0,0,82,8,2,14,0,0,0,1,53,98223,6,1,0,0,3,0,68,190,0,0,0,0,0,0,0,0,0,0,0,0,0,0,3,2,60,1,1,1,2,0,0,1,13,99,1,4,11,"777777777777","777777777777","777777777777",0,0
53,530054,1,2,1,29,2,18,40,12,6,1,0,53,1,12,481,12481,31,2000,"1FTRX18W8YNB","1","F","T","R","X","1","8","W","8","Y","N","B",0,0,0,"000000000","00000000000",0,0,0,1,0,0,0,0,0,0,0,998,0,0,0,12,8,2,12,0,0,0,1,53,98537,6,1,6,0,3,0,71,180,0,0,0,4,1,12,2011,11,2014,0,0,0,0,0,1,2,30,3,1,2,2,0,0,14,65,99,1,1,77,"777777777777","777777777777","777777777777",0,0
53,530054,2,2,2,29,2,18,40,12,6,1,0,53,1,49,472,49472,40,1997,"4TANL42N1VZ3","4","T","A","N","L","4","2","N","1","V","Z","3",0,0,0,"000000000","00000000000",0,0,0,1,0,0,0,0,0,0,0,998,0,0,0,3,8,2,12,0,0,0,1,53,98520,6,1,0,0,3,0,68,205,0,0,0,0,0,0,0,0,0,0,39,0,0,0,1,2,30,8,8,2,2,20,3,11,15,99,1,1,76,"777777777777","777777777777","777777777777",1,1
53,530055,1,2,1,1,3,6,0,12,2,1,0,53,2,63,37,63037,6,2015,"KNDJN2A29F77","K","N","D","J","N","2","A","2","9","F","7","7",0,0,0,"000000000","00000000000",0,0,0,1,0,0,0,0,0,0,0,998,0,0,0,12,8,2,12,0,0,0,1,53,98125,6,1,0,0,3,0,65,174,0,1,0,1,3,9,2011,7,2014,0,28,0,0,0,1,2,45,1,1,2,2,0,0,1,10,99,9,2,50,"777777777777","777777777777","777777777777",0,0
53,530055,2,2,1,1,3,6,0,12,2,1,0,53,1,20,441,20441,20,1998,"1GNEL19WXWB1","1","G","N","E","L","1","9","W","X","W","B","1",0,0,0,"000000000","00000000000",0,0,0,1,0,0,0,0,0,0,0,998,0,0,0,12,8,5,12,0,0,0,1,53,98034,6,1,0,0,3,0,73,200,0,0,0,1,1,11,2011,2,2013,0,0,0,0,0,1,2,45,1,1,2,2,0,0,1,62,99,1,1,51,"777777777777","777777777777","777777777777",1,1
53,530056,1,2,1,7,3,15,1,1,0,1,0,53,1,37,705,37705,80,2004,"JH2PE05344M2","J","H","2","P","E","0","5","3","4","4","M","2",0,0,0,"000000000","00000000000",0,0,0,1,0,0,0,0,0,0,0,998,0,0,0,0,8,5,12,0,0,0,1,53,98629,1,1,0,0,2,3,68,175,1,2,2,2,1,7,2012,7,2013,4,0,0,0,0,8,8,98,1,2,4,1,0,0,1,6,99,2,1,98,"777777777777","777777777777","777777777777",1,1
53,530056,2,2,1,7,3,15,1,1,0,1,0,53,1,20,481,20481,31,1991,"1GCDK14K3MZ1","1","G","C","D","K","1","4","K","3","M","Z","1",0,0,0,"000000000","00000000000",0,0,0,1,0,0,0,0,0,0,0,998,0,0,0,12,8,2,12,0,0,0,1,53,98629,6,1,0,0,3,3,70,140,0,1,0,1,1,1,2014,6,2015,0,0,0,0,0,8,8,98,1,2,4,1,0,0,1,54,16,1,1,98,"777777777777","777777777777","777777777777",0,0
53,530057,1,1,2,9,3,9,50,35,0,1,0,53,1,7,482,7482,40,1997,"1B7HF16Z9VJ5","1","B","7","H","F","1","6","Z","9","V","J","5",0,0,0,"000000000","00000000000",0,0,0,1,0,0,0,0,0,0,0,998,0,0,0,12,8,2,35,0,0,0,1,53,98356,6,1,0,0,3,3,69,250,0,0,0,0,0,0,0,0,0,0,0,0,0,0,1,2,55,3,1,2,2,0,0,14,13,99,1,4,1,"777777777777","777777777777","777777777777",1,0
53,530058,1,1,1,10,3,19,52,32,0,1,0,53,1,7,28,7028,2,2011,"2B3CJ7DJ2BH5","2","B","3","C","J","7","D","J","2","B","H","5",0,0,0,"000000000","00000000000",0,0,0,1,0,0,0,0,0,0,0,998,0,1,5,98,6,2,1,0,0,0,1,53,98390,6,1,0,0,3,3,69,190,0,0,0,0,0,0,0,0,0,3,0,0,0,0,1,2,50,3,1,2,1,0,0,14,13,99,9,4,2,"777777777777","777777777777","777777777777",1,1
53,530059,1,1,3,10,3,21,30,38,0,1,0,53,2,49,38,49038,2,1993,"JT2EL46S5P02","J","T","2","E","L","4","6","S","5","P","0","2",0,0,0,"000000000","00000000000",0,0,0,1,0,0,0,0,0,0,0,998,0,0,0,99,8,5,42,0,0,0,1,53,98204,6,1,0,0,3,0,69,170,0,0,0,0,0,0,0,0,0,3,0,0,0,0,1,2,98,3,2,2,1,0,0,14,11,6,4,4,7,"777777777777","777777777777","777777777777",3,1
53,530060,1,1,1,11,3,10,44,33,0,1,0,53,1,23,881,23881,61,1994,"1GDG6H1JXRJ5","1","G","D","G","6","H","1","J","X","R","J","5",0,0,77,"777777777","77777777777",2,1,1,1,0,0,0,0,0,0,0,998,0,0,0,12,8,2,8,0,0,0,1,53,98354,6,1,0,0,3,3,71,203,0,0,0,0,1,12,2015,12,2015,0,0,0,0,0,5,5,35,1,2,1,1,0,0,1,12,1,1,4,98,"777777777777","777777777777","777777777777",0,0
53,530061,1,1,1,13,3,15,39,1,0,1,0,53,1,37,31,37031,2,2001,"1HGEM21961L0","1","H","G","E","M","2","1","9","6","1","L","0",0,0,0,"000000000","00000000000",0,0,0,1,0,0,0,0,0,0,0,998,0,9,5,0,8,5,1,0,0,0,1,53,99301,0,0,0,0,0,0,74,230,0,0,0,0,0,0,0,0,0,3,0,0,0,0,1,4,35,2,1,2,1,0,0,14,6,6,5,4,2,"777777777777","777777777777","777777777777",1,1
53,530062,1,1,2,14,3,7,8,1,0,1,0,53,3,38,898,38898,61,2006,"J8DB4B161670","J","8","D","B","4","B","1","6","1","6","7","0",0,0,57,"1038469","571038469",2,1,7,1,0,0,0,0,0,0,0,998,0,9,5,0,8,2,1,0,0,0,1,53,98223,6,1,0,0,2,0,69,155,0,1,0,0,0,3,2011,3,2011,0,0,0,0,0,3,2,70,3,2,1,2,0,0,14,4,99,9,4,2,"777777777777","777777777777","777777777777",1,0
53,530063,1,1,1,12,3,2,45,9,0,1,1,99,9,99,999,99999,99,9999,"999999999999","9","9","9","9","9","9","9","9","9","9","9","9",0,0,0,"000000000","00000000000",0,0,0,1,0,0,0,0,0,0,0,998,0,0,0,98,8,5,9,0,0,0,1,99,99999,9,9,99,9,9,9,999,999,99,99,99,99,99,99,9999,99,9999,0,0,0,0,0,1,2,35,1,1,1,2,0,0,1,83,99,9,1,13,"777777777777","777777777777","777777777777",0,0
53,530064,1,2,3,13,3,19,27,12,6,1,0,19,2,22,9,22009,2,1999,"2G2FS22K6X22","2","G","2","F","S","2","2","K","6","X","2","2",0,0,0,"000000000","00000000000",0,0,0,1,0,0,0,0,0,0,0,998,0,0,0,3,8,2,12,0,0,0,1,53,98116,0,0,0,0,0,0,64,145,1,0,0,0,7,10,2013,10,2015,0,38,0,0,0,1,2,40,3,2,2,2,0,0,11,15,99,1,1,68,"777777777777","777777777777","777777777777",2,0
53,530064,2,2,1,13,3,19,27,12,6,1,0,53,1,49,402,49402,14,2015,"2T3DFREV7FW4","2","T","3","D","F","R","E","V","7","F","W","4",0,0,0,"000000000","00000000000",0,0,0,1,0,0,0,0,0,0,0,998,0,0,0,12,8,2,12,0,0,0,1,53,98030,6,1,0,0,3,0,65,185,0,1,0,0,0,5,2013,5,2013,0,0,0,0,0,1,2,40,1,1,2,2,0,0,1,62,1,1,1,69,"777777777777","777777777777","777777777777",0,0
53,530065,1,1,1,13,3,0,15,42,0,1,0,53,1,2,403,2403,14,2005,"1J4FA39S65P3","1","J","4","F","A","3","9","S","6","5","P","3",0,0,0,"000000000","00000000000",0,0,0,1,0,0,0,0,0,0,0,998,0,1,5,12,8,2,1,0,0,0,1,53,98531,6,1,6,0,3,0,69,180,0,0,0,3,7,7,2011,9,2013,0,0,0,0,0,1,2,50,1,1,2,2,0,0,1,13,99,1,4,1,"777777777777","777777777777","777777777777",1,1
53,530066,1,1,1,9,3,19,10,8,0,1,0,53,2,49,40,49040,4,2007,"4T1BE46K97U6","4","T","1","B","E","4","6","K","9","7","U","6",0,0,0,"000000000","00000000000",0,0,0,1,0,0,0,0,0,0,0,998,0,0,0,12,8,5,8,0,0,0,1,53,98012,6,2,0,0,3,3,66,130,0,0,0,0,0,0,0,0,0,0,0,0,0,0,5,5,40,1,1,2,2,0,0,1,80,1,1,1,13,"777777777777","777777777777","777777777777",0,0
53,530067,1,1,1,17,3,22,55,1,0,1,0,53,1,72,706,72706,80,2008,"1HD1FC4148Y6","1","H","D","1","F","C","4","1","4","8","Y","6",0,0,0,"000000000","00000000000",0,0,0,1,0,0,0,0,0,0,0,998,0,0,0,0,6,2,1,0,0,0,1,53,99320,6,1,6,0,3,3,76,225,0,0,0,1,0,11,2011,11,2011,0,0,0,0,0,1,2,50,2,1,2,1,0,0,14,12,99,1,4,6,"777777777777","777777777777","777777777777",1,1
53,530068,1,1,1,11,3,15,51,14,0,1,0,53,3,20,481,20481,31,2013,"1GCRKSE72DZ1","1","G","C","R","K","S","E","7","2","D","Z","1",0,0,0,"000000000","00000000000",0,0,0,1,0,0,0,0,0,0,0,998,3,0,0,12,6,2,14,0,0,0,1,53,98058,6,1,6,0,3,0,69,160,0,0,0,2,1,5,2011,6,2014,0,0,0,0,0,1,2,60,1,1,2,2,0,0,1,13,1,1,4,11,"777777777777","777777777777","777777777777",1,0
53,530069,1,2,1,11,3,4,9,12,2,1,0,18,3,85,884,85884,66,2016,"1XKYD49X6GJ4","1","X","K","Y","D","4","9","X","6","G","J","4",1,1,57,"54283","5754283",3,6,1,1,0,0,0,0,0,0,0,998,0,0,0,12,8,2,12,0,0,0,1,6,95827,6,1,6,1,3,0,69,220,0,0,0,0,0,0,0,0,0,0,0,0,0,0,1,4,98,4,1,2,1,0,0,14,62,99,1,1,51,"888888888888","777777777777","777777777777",0,0
53,530069,2,2,1,11,3,4,9,12,2,1,0,30,2,12,17,12017,4,1998,"1FAFP52U0WG2","1","F","A","F","P","5","2","U","0","W","G","2",0,0,0,"000000000","00000000000",0,0,0,1,0,0,0,0,0,0,0,998,0,0,0,12,8,2,12,0,0,0,1,53,99037,6,1,0,0,3,0,62,150,0,0,0,0,0,0,0,0,0,0,28,0,0,0,1,4,98,4,1,2,1,0,0,14,10,99,1,2,50,"777777777777","777777777777","777777777777",1,0
53,530070,1,2,2,15,3,15,17,12,6,1,0,53,1,49,32,49032,4,2002,"1NXBR12E32Z5","1","N","X","B","R","1","2","E","3","2","Z","5",0,0,0,"000000000","00000000000",0,0,0,1,0,0,0,0,0,0,0,998,0,0,0,3,6,2,12,0,0,0,1,53,98855,6,1,0,0,3,3,62,140,0,0,0,1,0,2,2015,2,2015,0,38,0,0,0,1,2,60,1,3,2,1,0,0,11,15,99,1,1,68,"777777777777","777777777777","777777777777",1,0
53,530070,2,2,2,15,3,15,17,12,6,1,0,53,2,12,481,12481,31,1969,"F25YRE73273","F","2","5","Y","R","E","7","3","2","7","3","",0,0,0,"000000000","00000000000",0,0,0,1,0,0,0,0,0,0,0,998,0,0,0,12,6,2,12,0,0,0,1,53,98844,6,1,0,0,3,0,67,160,0,0,0,0,4,4,2014,1,2016,0,0,0,0,0,1,2,60,1,3,2,1,0,0,1,62,16,1,1,69,"777777777777","777777777777","777777777777",0,0
53,530071,1,2,1,15,3,8,30,12,6,1,0,53,1,35,39,35039,4,2001,"JN1CA31A61T1","J","N","1","C","A","3","1","A","6","1","T","1",0,0,0,"000000000","00000000000",0,0,0,1,0,0,0,0,0,0,0,998,0,0,0,3,8,2,12,0,0,0,1,53,98270,6,1,0,0,3,0,63,110,0,0,0,0,0,0,0,0,0,0,28,0,0,0,1,4,50,3,2,2,8,0,0,14,62,99,1,1,66,"777777777777","777777777777","777777777777",1,0
53,530071,2,2,1,15,3,8,30,12,6,1,0,53,1,7,442,7442,20,2000,"1B4GT54L6YB6","1","B","4","G","T","5","4","L","6","Y","B","6",0,0,0,"000000000","00000000000",0,0,0,1,0,0,0,0,0,0,0,998,0,0,0,12,8,2,12,0,0,0,1,53,98272,6,1,6,0,3,0,70,165,0,0,0,1,1,6,2014,7,2015,0,0,0,0,0,1,4,50,2,2,2,8,0,0,14,10,99,1,2,66,"777777777777","777777777777","777777777777",0,0
53,530072,1,3,1,16,3,0,15,12,6,1,0,55,1,54,35,54035,4,2005,"19UUA66245A0","1","9","U","U","A","6","6","2","4","5","A","0",0,0,0,"000000000","00000000000",0,0,0,1,0,0,0,0,0,0,0,998,0,0,0,12,8,2,12,0,0,0,1,55,53012,1,1,0,0,2,0,71,195,0,0,0,0,3,9,2011,9,2013,3,39,0,0,0,1,2,25,1,1,1,1,3,3,1,17,99,1,1,88,"777777777777","777777777777","777777777777",0,1
53,530072,2,3,1,16,3,0,15,12,6,1,0,53,1,49,46,49046,6,2015,"JTDZN3EU4FJ0","J","T","D","Z","N","3","E","U","4","F","J","0",0,0,0,"000000000","00000000000",0,0,0,1,0,0,0,0,0,0,0,998,0,0,0,9,8,2,12,0,0,0,1,53,98125,6,1,0,0,3,0,69,210,0,0,0,0,0,0,0,0,0,0,0,0,0,0,1,2,25,1,1,1,1,3,3,1,66,99,1,1,89,"777777777777","777777777777","777777777777",1,0
53,530072,3,3,5,16,3,0,15,12,6,1,0,53,3,12,461,12461,29,2002,"1FDXE45F42HB","1","F","D","X","E","4","5","F","4","2","H","B",0,0,0,"000000000","00000000000",0,0,0,1,0,0,0,0,0,0,0,0,0,0,0,12,8,2,12,0,0,0,1,53,98404,6,1,0,0,3,0,65,115,1,0,0,1,0,7,2012,6,2015,0,0,0,0,0,1,2,25,1,1,1,1,3,3,5,62,1,1,1,98,"777777777777","777777777777","777777777777",0,0
53,530073,1,2,1,18,3,14,59,31,0,1,0,53,1,76,709,76709,80,2011,"JYARN23E2BA0","J","Y","A","R","N","2","3","E","2","B","A","0",0,0,0,"000000000","00000000000",0,0,0,1,0,0,0,0,0,0,0,998,0,0,0,12,8,2,31,0,0,0,1,53,98030,6,1,0,0,3,3,69,180,0,1,0,0,0,2,2012,2,2012,4,0,0,0,0,1,2,35,3,1,1,1,0,0,14,13,99,9,4,1,"777777777777","777777777777","777777777777",1,0
53,530073,2,2,1,18,3,14,59,31,0,1,0,53,1,76,706,76706,80,2008,"JYARN20Y28A0","J","Y","A","R","N","2","0","Y","2","8","A","0",0,0,0,"000000000","00000000000",0,0,0,1,0,0,0,0,0,0,0,998,0,0,0,99,8,2,12,0,0,0,1,53,98118,6,1,0,0,3,3,66,180,2,1,0,0,1,11,2011,10,2014,0,0,0,0,0,1,2,35,3,1,1,1,0,0,14,98,99,9,1,98,"777777777777","777777777777","777777777777",0,0
53,530074,1,1,1,28,2,3,34,8,0,1,0,53,1,37,31,37031,2,2001,"1HGEM21951L0","1","H","G","E","M","2","1","9","5","1","L","0",0,0,0,"000000000","00000000000",0,0,0,1,0,0,0,0,0,0,0,998,0,0,0,12,8,5,8,0,0,0,1,53,98126,6,1,0,0,3,0,68,190,0,0,0,0,0,0,0,0,0,0,0,0,0,0,3,5,60,1,2,1,1,0,0,1,80,6,1,2,13,"777777777777","777777777777","777777777777",0,0