"STATE","ST_CASE","VEH_NO","VE_FORMS","NUMOCCS","DAY","MONTH","HOUR","MINUTE","HARM_EV","MAN_COLL","UNITTYPE","HIT_RUN","REG_STAT","OWNER","MAKE","MODEL","MAK_MOD","BODY_TYP","MOD_YEAR","VIN","VIN_1","VIN_2","VIN_3","VIN_4","VIN_5","VIN_6","VIN_7","VIN_8","VIN_9","VIN_10","VIN_11","VIN_12","TOW_VEH","J_KNIFE","MCARR_I1","MCARR_I2","MCARR_ID","GVWR","V_CONFIG","CARGO_BT","HAZ_INV","HAZ_PLAC","HAZ_ID","HAZ_CNO","HAZ_REL","BUS_USE","SPEC_USE","EMER_USE","TRAV_SP","UNDERIDE","ROLLOVER","ROLINLOC","IMPACT1","DEFORMED","TOWED","M_HARM","VEH_SC1","VEH_SC2","FIRE_EXP","DR_PRES","L_STATE","DR_ZIP","L_STATUS","L_TYPE","CDL_STAT","L_ENDORS","L_COMPL","L_RESTRI","DR_HGT","DR_WGT","PREV_ACC","PREV_SUS","PREV_DWI","PREV_SPD","PREV_OTH","FIRST_MO","FIRST_YR","LAST_MO","LAST_YR","SPEEDREL","DR_SF1","DR_SF2","DR_SF3","DR_SF4","VTRAFWAY","VNUM_LAN","VSPD_LIM","VALIGN","VPROFILE","VPAVETYP","VSURCOND","VTRAFCON","VTCONT_F","P_CRASH1","P_CRASH2","P_CRASH3","PCRASH4","PCRASH5","ACC_TYPE","TRLR1VIN","TRLR2VIN","TRLR3VIN","DEATHS","DR_DRINK"
53,530075,1,1,1,29,2,2,56,25,0,1,0,53,2,12,401,12401,14,1991,"1FMDU34X0MUD","1","F","M","D","U","3","4","X","0","M","U","D",0,0,0,"000000000","00000000000",0,0,0,1,0,0,0,0,0,0,0,998,0,1,2,98,6,2,14,0,0,1,1,53,98223,6,1,0,0,3,0,75,155,0,1,0,0,1,9,2013,5,2015,0,0,0,0,0,3,5,60,1,2,2,1,0,0,1,12,99,1,4,6,"777777777777","777777777777","777777777777",1,1
53,530076,1,2,1,19,3,19,42,12,6,1,0,53,2,37,706,37706,80,1998,"JH2SC330XWM2","J","H","2","S","C","3","3","0","X","W","M","2",0,0,0,"000000000","00000000000",0,0,0,1,0,0,0,0,0,0,0,998,0,0,0,12,8,2,12,0,0,0,1,53,98290,1,1,0,0,2,0,71,165,0,0,0,0,0,0,0,0,0,4,0,0,0,0,1,2,35,1,2,2,1,0,0,1,62,99,1,1,69,"777777777777","777777777777","777777777777",1,1
53,530076,2,2,1,19,3,19,42,12,6,1,0,53,1,12,471,12471,30,2000,"1FTZR15V7YPA","1","F","T","Z","R","1","5","V","7","Y","P","A",0,0,0,"000000000","00000000000",0,0,0,1,0,0,0,0,0,0,0,998,0,0,0,11,8,5,12,0,0,0,1,53,98290,6,1,0,0,3,3,68,220,0,0,0,0,1,7,2012,7,2012,0,0,0,0,0,1,2,35,1,2,2,1,0,0,11,15,1,1,1,68,"777777777777","777777777777","777777777777",0,0
53,530077,1,1,2,19,3,14,28,8,0,1,0,53,1,2,404,2404,14,1998,"1J4GZ48Y0WC2","1","J","4","G","Z","4","8","Y","0","W","C","2",0,0,0,"000000000","00000000000",0,0,0,1,0,0,0,0,0,0,0,998,0,0,0,12,8,2,8,0,0,0,1,53,99224,6,1,0,0,3,3,72,260,0,0,0,0,0,0,0,0,0,0,0,0,0,0,1,2,30,1,1,1,1,0,0,1,12,99,1,4,13,"777777777777","777777777777","777777777777",0,1
53,530078,1,2,1,14,3,23,22,8,0,1,0,6,3,51,881,51881,66,2015,"4V4NC9EH0FN9","4","V","4","N","C","9","E","H","0","F","N","9",1,1,57,"1543578","571543578",3,6,1,1,0,0,0,0,0,0,0,998,0,0,0,12,8,2,8,0,0,0,1,6,95206,6,1,6,3,3,0,61,125,0,0,0,0,2,5,2015,2,2016,0,0,0,0,0,3,4,60,3,2,2,2,0,0,14,80,99,1,1,13,"888888888888","777777777777","777777777777",0,1
53,530078,2,2,1,14,3,23,22,8,0,1,0,53,1,63,33,63033,4,2008,"KNAFE1228855","K","N","A","F","E","1","2","2","8","8","5","5",0,0,0,"000000000","00000000000",0,0,0,1,0,0,0,0,0,0,0,998,0,0,0,14,8,5,8,0,0,0,1,53,98671,6,1,0,0,3,3,67,150,0,0,0,2,0,1,2012,7,2014,0,0,0,0,0,3,4,60,3,2,2,2,0,0,14,80,99,1,1,98,"777777777777","777777777777","777777777777",0,0
53,530079,1,6,1,20,3,15,43,12,8,1,0,53,2,20,401,20401,14,2002,"1GNDT13S8222","1","G","N","D","T","1","3","S","8","2","2","2",0,0,0,"000000000","00000000000",0,0,0,1,0,0,0,0,0,0,0,998,0,0,0,62,6,2,12,0,0,0,1,53,98445,6,1,0,0,3,3,71,250,0,0,1,0,0,9,2015,9,2015,0,51,0,0,0,6,3,98,1,1,2,1,0,0,11,51,99,9,2,98,"777777777777","777777777777","777777777777",1,0
53,530079,2,6,3,20,3,15,43,12,8,1,0,53,1,12,24,12024,6,2012,"2FMDK4JC6CBA","2","F","M","D","K","4","J","C","6","C","B","A",0,0,0,"000000000","00000000000",0,0,0,1,0,0,0,0,0,0,0,998,0,0,0,63,8,5,12,0,0,0,1,53,98445,6,1,0,0,3,0,65,147,1,0,0,0,0,11,2013,11,2013,0,0,0,0,0,6,3,98,1,2,2,1,3,3,99,54,99,1,1,98,"777777777777","777777777777","777777777777",0,0
53,530079,3,6,1,20,3,15,43,12,8,1,0,53,1,12,37,12037,3,2007,"1FAHP37N67W1","1","F","A","H","P","3","7","N","6","7","W","1",0,0,0,"000000000","00000000000",0,0,0,1,0,0,0,0,0,0,0,998,0,0,0,82,6,2,12,0,0,0,1,6,95473,6,1,0,0,3,0,63,120,0,0,0,0,0,0,0,0,0,0,0,0,0,0,3,3,60,1,2,2,1,0,0,1,54,99,1,1,98,"777777777777","777777777777","777777777777",0,0
53,530079,4,6,1,20,3,15,43,12,8,1,0,53,2,23,401,23401,14,2005,"1GTDT1362581","1","G","T","D","T","1","3","6","2","5","8","1",0,0,0,"000000000","00000000000",0,0,0,1,0,0,0,0,0,0,0,998,0,0,0,63,8,5,12,0,0,0,1,53,98466,6,1,0,0,3,0,72,220,0,0,0,0,0,0,0,0,0,0,0,0,0,0,3,3,60,1,2,2,1,0,0,1,54,99,1,1,98,"777777777777","777777777777","777777777777",0,0
53,530079,5,6,1,20,3,15,43,12,8,1,0,53,1,20,421,20421,15,2004,"1GNEK13Z04J2","1","G","N","E","K","1","3","Z","0","4","J","2",0,0,0,"000000000","00000000000",0,0,0,1,0,0,0,0,0,0,0,998,0,0,0,83,8,2,12,0,0,0,1,53,98321,6,1,0,0,3,3,67,130,2,0,0,1,0,4,2012,11,2015,0,0,0,0,0,3,3,60,1,2,2,1,0,0,1,54,99,1,1,98,"777777777777","777777777777","777777777777",0,0
53,530079,6,6,3,20,3,15,43,12,8,1,0,53,1,37,31,37031,4,2004,"2HGES26714H5","2","H","G","E","S","2","6","7","1","4","H","5",0,0,0,"000000000","00000000000",0,0,0,1,0,0,0,0,0,0,0,998,0,0,0,12,6,2,12,0,0,0,1,53,98467,6,1,0,0,3,0,63,121,0,0,0,0,0,0,0,0,0,0,0,0,0,0,3,3,98,1,1,2,1,0,0,1,54,99,1,1,98,"777777777777","777777777777","777777777777",1,0
53,530080,1,1,2,6,2,23,8,9,0,1,0,53,2,35,47,35047,4,2012,"1N4AL2AP3CC2","1","N","4","A","L","2","A","P","3","C","C","2",0,0,0,"000000000","00000000000",0,0,0,1,0,0,0,0,0,0,0,998,0,0,0,12,8,2,9,0,0,0,1,53,98908,1,1,0,0,2,0,65,159,0,11,0,2,11,8,2011,7,2015,4,39,0,0,0,1,2,98,1,1,2,1,20,3,1,17,99,1,1,13,"777777777777","777777777777","777777777777",0,1
53,530081,1,1,2,16,2,22,46,8,0,1,0,53,1,37,32,37032,4,2007,"1HGCM563X7A0","1","H","G","C","M","5","6","3","X","7","A","0",0,0,0,"000000000","00000000000",0,0,0,1,0,0,0,0,0,0,0,998,0,0,0,12,8,5,8,0,0,0,1,53,98513,6,1,8,0,3,0,63,185,1,4,1,0,0,8,2011,7,2013,0,0,0,0,0,5,5,35,1,1,2,1,0,0,1,80,1,1,1,13,"777777777777","777777777777","777777777777",0,0
53,530082,1,2,2,20,3,13,0,12,6,1,0,53,1,63,401,63401,14,2001,"KNDJA7236150","K","N","D","J","A","7","2","3","6","1","5","0",0,0,0,"000000000","00000000000",0,0,0,1,0,0,0,0,0,0,0,998,0,0,0,61,8,2,12,0,0,0,1,53,98513,6,1,0,0,3,3,71,215,1,0,0,0,0,6,2011,6,2011,0,38,0,0,0,1,2,30,3,1,2,2,20,3,11,15,99,1,1,82,"777777777777","777777777777","777777777777",1,0
53,530082,2,2,1,20,3,13,0,12,6,1,0,53,1,41,35,41035,4,2003,"JM1BJ2252311","J","M","1","B","J","2","2","5","2","3","1","1",0,0,0,"000000000","00000000000",0,0,0,1,0,0,0,0,0,0,0,998,0,0,0,12,8,2,12,0,0,0,1,53,98501,6,1,0,0,3,0,64,150,0,0,0,0,0,0,0,0,0,0,0,0,0,0,2,4,60,3,1,2,2,0,0,14,67,15,9,1,83,"777777777777","777777777777","777777777777",0,0
53,530084,1,1,1,24,3,9,12,35,0,1,0,53,1,48,401,48401,14,2005,"JF1SG65655H7","J","F","1","S","G","6","5","6","5","5","H","7",0,0,0,"000000000","00000000000",0,0,0,1,0,0,0,0,0,0,0,998,0,1,5,12,6,2,42,0,0,0,1,53,98445,6,1,0,0,3,3,63,110,0,0,0,0,0,0,0,0,0,4,0,0,0,0,1,2,50,1,2,2,2,0,0,1,12,99,9,4,7,"777777777777","777777777777","777777777777",1,0
53,530085,1,1,3,23,3,10,41,18,0,1,0,53,2,20,401,20401,14,2002,"1GNDT13S3221","1","G","N","D","T","1","3","S","3","2","2","1",0,0,0,"000000000","00000000000",0,0,0,1,0,0,0,0,0,0,0,998,0,0,0,12,8,2,14,0,0,0,1,53,98408,6,1,0,0,3,0,66,197,1,0,0,0,0,12,2011,12,2011,4,0,0,0,0,4,1,25,1,1,2,2,98,3,1,17,99,1,4,12,"777777777777","777777777777","777777777777",3,0
53,530086,1,2,1,25,3,2,21,30,0,1,0,53,1,50,706,50706,80,2013,"SMT920K14DT5","S","M","T","9","2","0","K","1","4","D","T","5",0,0,0,"000000000","00000000000",0,0,0,1,0,0,0,0,0,0,0,998,0,0,0,12,8,2,30,0,0,0,1,53,98107,6,1,0,0,3,0,68,180,1,0,0,0,0,11,2014,11,2014,3,0,0,0,0,1,2,30,3,1,1,1,0,0,14,13,99,9,4,2,"777777777777","777777777777","777777777777",1,1
53,530086,2,2,1,25,3,2,21,30,0,1,0,53,1,50,706,50706,80,2014,"SMT905RN5ET6","S","M","T","9","0","5","R","N","5","E","T","6",0,0,0,"000000000","00000000000",0,0,0,1,0,0,0,0,0,0,0,998,0,0,0,0,8,2,1,0,0,0,1,53,98107,6,1,0,0,3,0,65,140,0,0,0,0,1,8,2013,8,2013,3,0,0,0,0,1,2,30,3,1,1,1,0,0,14,13,99,9,4,98,"777777777777","777777777777","777777777777",0,0
53,530087,1,2,2,26,3,2,26,12,1,1,0,53,1,23,481,23481,31,2003,"1GKFK16T53J3","1","G","K","F","K","1","6","T","5","3","J","3",0,0,0,"000000000","00000000000",0,0,0,1,0,0,0,0,0,0,0,998,3,0,0,12,6,2,12,0,0,1,1,53,98901,6,1,0,0,3,0,67,200,1,2,0,1,8,1,2012,7,2015,0,0,0,0,0,3,2,70,1,2,1,1,0,0,1,51,1,1,1,24,"777777777777","777777777777","777777777777",1,1
53,530087,2,2,1,26,3,2,26,12,1,1,0,53,3,85,881,85881,66,2010,"1NKDX40X1AJ2","1","N","K","D","X","4","0","X","1","A","J","2",1,1,57,"1723453","571723453",3,6,2,1,0,0,0,0,0,0,0,998,0,0,0,6,8,2,12,0,0,0,1,53,98404,6,1,6,3,3,3,70,180,0,0,0,0,1,11,2012,11,2012,0,0,0,0,0,3,2,60,1,2,1,1,0,0,1,53,1,1,1,25,"888888888888","777777777777","777777777777",0,0
53,530088,1,1,2,26,3,0,6,8,0,1,0,53,1,49,482,49482,31,2010,"5TFHY5F1XAX0","5","T","F","H","Y","5","F","1","X","A","X","0",0,0,0,"000000000","00000000000",0,0,0,1,0,0,0,0,0,0,0,998,0,0,0,12,8,2,8,0,0,0,1,53,98027,6,1,0,0,3,0,70,210,0,0,0,0,1,1,2012,1,2012,0,0,0,0,0,1,8,45,1,4,1,1,0,0,1,80,1,1,1,13,"777777777777","777777777777","777777777777",0,0
53,530089,1,2,1,27,3,16,0,12,6,1,0,53,1,12,23,12023,4,2014,"1FA6P0HD0E53","1","F","A","6","P","0","H","D","0","E","5","3",0,0,0,"000000000","00000000000",0,0,0,1,0,0,0,0,0,0,0,998,0,0,0,3,8,2,12,0,0,0,1,53,99301,6,1,0,0,3,3,63,170,0,0,0,0,0,0,0,0,0,0,38,0,0,0,1,2,55,4,1,2,1,20,3,4,17,99,1,1,87,"777777777777","777777777777","777777777777",1,0
53,530089,2,2,1,27,3,16,0,12,6,1,0,53,1,37,32,37032,4,2002,"1HGCG56652A1","1","H","G","C","G","5","6","6","5","2","A","1",0,0,0,"000000000","00000000000",0,0,0,1,0,0,0,0,0,0,0,998,0,0,0,12,8,2,12,0,0,0,1,53,99344,1,1,0,0,2,0,64,150,1,2,0,0,2,8,2015,1,2016,0,0,0,0,0,1,2,55,3,1,2,1,0,0,14,66,99,1,1,86,"777777777777","777777777777","777777777777",0,0
53,530090,1,1,1,31,3,22,27,8,0,1,0,53,2,34,34,34034,4,2012,"WBA3A9C5XCF2","W","B","A","3","A","9","C","5","X","C","F","2",0,0,0,"000000000","00000000000",0,0,0,1,0,0,0,0,0,0,0,998,0,0,0,12,8,5,8,0,0,0,1,53,98682,6,1,0,0,3,0,71,150,3,0,0,2,3,8,2012,2,2016,0,0,0,0,0,5,5,35,1,1,2,1,0,0,1,80,1,1,1,13,"777777777777","777777777777","777777777777",0,0
53,530091,1,2,1,16,3,14,34,12,2,1,0,53,1,7,482,7482,31,2003,"1D7HU18D73J6","1","D","7","H","U","1","8","D","7","3","J","6",0,0,0,"000000000","00000000000",0,0,0,1,0,0,0,0,0,0,0,998,0,0,0,12,6,2,12,0,0,0,1,53,98059,6,1,0,0,3,0,70,200,0,0,0,0,0,0,0,0,0,0,28,0,0,0,1,2,50,1,1,1,1,0,0,1,10,99,1,2,50,"777777777777","777777777777","777777777777",1,0
53,530091,2,2,1,16,3,14,34,12,2,1,0,53,3,85,884,85884,63,1977,"157103S","1","5","7","1","0","3","S","","","","","",0,0,57,"959420","57959420",3,1,4,1,0,0,0,0,0,0,0,998,0,0,0,12,6,2,12,0,0,0,1,53,98059,6,1,6,1,3,3,69,170,0,0,0,0,1,4,2011,4,2011,0,0,0,0,0,1,2,50,1,1,1,1,0,0,1,62,99,1,1,51,"777777777777","777777777777","777777777777",0,0
53,530092,1,1,1,27,3,2,0,32,0,1,0,53,1,2,404,2404,14,1997,"1J4FJ78S1VL5","1","J","4","F","J","7","8","S","1","V","L","5",0,0,0,"000000000","00000000000",0,0,0,1,0,0,0,0,0,0,0,998,0,1,5,12,6,2,42,0,0,0,1,53,98934,6,1,0,0,3,0,70,180,0,0,0,0,0,0,0,0,0,0,0,0,0,0,1,2,50,1,1,2,1,0,0,1,13,99,1,4,1,"777777777777","777777777777","777777777777",1,0
53,530093,1,1,1,27,3,3,6,39,0,1,0,53,1,48,402,48402,14,2008,"4S4WX97D8844","4","S","4","W","X","9","7","D","8","8","4","4",0,0,0,"000000000","00000000000",0,0,0,1,0,0,0,0,0,0,0,998,0,0,0,12,8,5,2,0,0,1,1,53,98031,6,1,0,0,3,3,66,150,0,0,0,0,0,0,0,0,0,4,0,0,0,0,5,3,98,1,2,2,2,20,3,10,12,99,9,4,7,"777777777777","777777777777","777777777777",1,0
53,530094,1,3,1,29,3,16,34,12,1,1,0,53,1,20,481,20481,31,1994,"1GCGK29N9RE2","1","G","C","G","K","2","9","N","9","R","E","2",0,0,0,"000000000","00000000000",0,0,0,1,0,0,0,0,0,0,0,998,0,0,0,12,6,2,12,0,0,0,1,53,98375,6,1,6,0,3,0,70,185,1,0,0,2,1,12,2012,10,2013,0,0,0,0,0,3,4,60,1,1,2,1,0,0,1,52,99,1,1,28,"777777777777","777777777777","777777777777",0,0
53,530094,2,3,3,29,3,16,34,12,1,1,0,53,1,20,26,20026,5,2013,"1G1RA6E41DU1","1","G","1","R","A","6","E","4","1","D","U","1",0,0,0,"000000000","00000000000",0,0,0,1,0,0,0,0,0,0,0,998,0,0,0,6,6,2,12,0,0,0,1,53,98503,6,1,0,0,3,0,67,190,0,0,0,0,0,0,0,0,0,0,0,0,0,0,3,4,60,1,1,2,1,0,0,2,53,16,1,1,29,"777777777777","777777777777","777777777777",1,0
53,530094,3,3,1,29,3,16,34,12,1,1,0,53,1,41,51,41051,4,2008,"JM1BK3236811","J","M","1","B","K","3","2","3","6","8","1","1",0,0,0,"000000000","00000000000",0,0,0,1,0,0,0,0,0,0,0,998,0,0,0,6,8,5,12,0,0,0,1,26,48040,3,1,0,0,0,0,67,179,0,0,0,0,0,0,0,0,0,0,0,0,0,0,3,4,60,1,1,2,1,0,0,2,53,16,1,1,98,"777777777777","777777777777","777777777777",0,0
53,530095,1,1,1,29,3,5,48,8,0,1,0,53,3,23,481,23481,31,2015,"1GT22YE87FZ1","1","G","T","2","2","Y","E","8","7","F","Z","1",0,0,0,"000000000","00000000000",0,0,0,1,0,0,0,0,0,0,0,998,0,0,0,12,8,5,8,0,0,0,1,53,98031,6,1,0,0,3,0,72,210,0,0,0,0,0,0,0,0,0,0,0,0,0,0,1,2,35,1,2,2,1,3,3,11,80,99,1,1,13,"777777777777","777777777777","777777777777",0,0
53,530096,1,1,1,1,4,12,40,42,0,1,0,53,2,37,706,37706,80,1982,"JH2RC0716CM0","J","H","2","R","C","0","7","1","6","C","M","0",0,0,0,"000000000","00000000000",0,0,0,1,0,0,0,0,0,0,0,998,0,0,0,12,8,5,42,0,0,0,1,53,99202,1,1,0,0,2,0,67,150,0,2,0,0,3,6,2011,10,2015,4,0,0,0,0,1,2,50,3,1,2,1,0,0,14,13,99,9,4,2,"777777777777","777777777777","777777777777",1,0
53,530097,1,3,1,1,4,16,9,12,6,1,0,53,1,49,32,49032,4,1994,"2T1AE09B5RC0","2","T","1","A","E","0","9","B","5","R","C","0",0,0,0,"000000000","00000000000",0,0,0,1,0,0,0,0,0,0,0,998,0,0,0,3,8,2,12,0,0,0,1,53,98053,6,1,0,0,3,0,66,160,0,0,0,0,0,0,0,0,0,0,38,0,0,0,1,5,40,1,1,2,1,3,3,11,15,99,1,1,68,"777777777777","777777777777","777777777777",1,0
53,530097,2,3,1,1,4,16,9,12,6,1,0,53,2,54,402,54402,14,2007,"5J8TB18597A0","5","J","8","T","B","1","8","5","9","7","A","0",0,0,0,"000000000","00000000000",0,0,0,1,0,0,0,0,0,0,0,998,0,0,0,12,8,2,12,0,0,0,1,53,98072,6,1,0,0,3,0,70,200,0,0,0,0,0,0,0,0,0,0,0,0,0,0,1,5,40,1,1,2,1,3,3,1,62,99,1,1,69,"777777777777","777777777777","777777777777",0,0
53,530097,3,3,1,1,4,16,9,12,6,1,0,53,1,48,45,48045,4,2004,"4S3BE6258472","4","S","3","B","E","6","2","5","8","4","7","2",0,0,0,"000000000","00000000000",0,0,0,1,0,0,0,0,0,0,0,998,0,0,0,12,8,5,12,0,0,0,1,53,98077,6,1,0,0,3,3,62,230,0,0,0,0,0,0,0,0,0,0,0,0,0,0,1,5,40,1,1,2,1,3,3,1,62,99,1,1,98,"777777777777","777777777777","777777777777",0,0
53,530098,1,2,1,1,4,15,45,12,6,1,0,53,1,12,37,12037,5,2012,"1FAHP3K27CL1","1","F","A","H","P","3","K","2","7","C","L","1",0,0,0,"000000000","00000000000",0,0,0,1,0,0,0,0,0,0,0,998,0,0,0,12,8,2,12,0,0,0,1,53,98498,6,1,0,0,3,0,64,150,0,0,0,1,0,1,2015,1,2015,0,39,0,0,0,1,2,25,1,1,2,1,20,3,1,17,99,1,1,86,"777777777777","777777777777","777777777777",0,0
53,530098,2,2,2,1,4,15,45,12,6,1,0,53,2,59,31,59031,4,1994,"JT8GK13T6R00","J","T","8","G","K","1","3","T","6","R","0","0",0,0,0,"000000000","00000000000",0,0,0,1,0,0,0,0,0,0,0,998,0,0,0,3,8,5,12,0,0,0,1,53,98408,1,1,0,0,2,0,64,150,0,3,0,0,3,1,2013,2,2016,0,0,0,0,0,1,2,25,1,1,2,1,0,0,1,66,99,1,1,87,"777777777777","777777777777","777777777777",1,0
53,530099,1,1,1,2,4,9,50,1,0,1,0,53,2,2,404,2404,14,2005,"1J4HS58N45C5","1","J","4","H","S","5","8","N","4","5","C","5",0,0,0,"000000000","00000000000",0,0,0,1,0,0,0,0,0,0,0,998,0,1,5,0,8,2,1,0,0,0,1,53,99337,6,1,0,0,3,3,63,120,0,0,0,0,0,0,0,0,0,4,33,0,0,0,1,3,55,1,2,2,1,0,0,6,12,99,4,4,7,"777777777777","777777777777","777777777777",1,0
53,530100,1,1,1,3,4,0,40,52,0,1,0,53,1,12,481,12481,31,1997,"1FTDF08W7VKB","1","F","T","D","F","0","8","W","7","V","K","B",0,0,0,"000000000","00000000000",0,0,0,1,0,0,0,0,0,0,0,998,0,1,4,12,8,2,52,0,0,0,1,53,98011,6,1,0,0,3,3,69,185,1,0,0,0,2,2,2016,3,2016,0,0,0,0,0,3,1,98,1,4,2,1,0,0,1,12,99,9,4,7,"777777777777","777777777777","777777777777",1,0
53,530101,1,1,1,4,4,3,50,42,0,1,0,53,3,84,884,84884,64,1999,"1HTSCAAM7XH6","1","H","T","S","C","A","A","M","7","X","H","6",0,0,57,"1702060","571702060",2,1,1,1,0,0,0,0,0,0,0,998,0,0,0,12,8,2,42,0,0,0,1,53,98580,6,1,8,2,2,3,75,300,0,0,0,2,0,4,2012,6,2012,0,0,0,0,0,1,2,50,1,2,2,2,0,0,1,12,99,9,4,7,"777777777777","777777777777","777777777777",1,0
53,530102,1,2,3,5,4,12,45,12,6,1,0,53,1,20,421,20421,15,1995,"1GNDT13W6S21","1","G","N","D","T","1","3","W","6","S","2","1",0,0,0,"000000000","00000000000",0,0,0,1,0,0,0,0,0,0,0,998,0,0,0,3,6,2,12,0,0,0,1,53,98226,6,1,0,0,3,3,66,200,1,0,0,0,0,2,2012,2,2012,0,38,39,0,0,1,2,35,1,1,2,1,20,3,1,17,99,1,1,87,"777777777777","777777777777","777777777777",1,0
53,530102,2,2,1,5,4,12,45,12,6,1,0,53,1,51,401,51401,14,2006,"YV4CZ592X612","Y","V","4","C","Z","5","9","2","X","6","1","2",0,0,0,"000000000","00000000000",0,0,0,1,0,0,0,0,0,0,0,998,0,0,0,12,6,2,12,0,0,0,1,53,98248,6,1,0,0,3,3,67,165,0,0,0,1,0,2,2012,2,2012,0,0,0,0,0,1,2,50,1,1,2,1,0,0,1,66,99,1,1,86,"777777777777","777777777777","777777777777",0,0
53,530103,1,1,2,5,4,15,14,42,0,1,0,53,1,20,481,20481,31,1991,"2GCFK29K4M11","2","G","C","F","K","2","9","K","4","M","1","1",0,0,0,"000000000","00000000000",0,0,0,1,0,0,0,0,0,0,0,998,0,0,0,12,6,2,42,0,0,0,1,53,98671,6,1,0,0,3,0,78,340,0,0,0,0,1,11,2012,11,2012,0,0,0,0,0,1,2,35,3,1,2,1,0,0,14,8,99,9,4,2,"777777777777","777777777777","777777777777",1,0
53,530104,1,1,1,7,4,23,0,1,0,1,0,53,2,19,18,19018,4,2004,"1G6DM5779401","1","G","6","D","M","5","7","7","9","4","0","1",0,0,0,"000000000","00000000000",0,0,0,1,0,0,0,0,0,0,0,998,0,9,5,0,8,2,1,0,0,0,1,53,99350,3,1,0,0,2,0,64,130,0,0,0,0,0,0,0,0,0,3,58,0,0,0,1,2,50,1,2,2,1,0,0,1,12,7,9,4,2,"777777777777","777777777777","777777777777",1,1
53,530106,1,4,2,9,4,2,48,14,0,1,0,53,1,49,41,49041,2,1991,"JT2SW21NXM00","J","T","2","S","W","2","1","N","X","M","0","0",0,0,0,"000000000","00000000000",0,0,0,1,0,0,0,0,0,0,0,998,0,0,0,12,6,2,14,0,0,0,1,53,98467,0,0,0,0,0,0,67,155,2,2,0,0,0,4,2011,7,2015,0,91,0,0,0,3,3,60,1,1,2,1,0,0,1,13,99,9,4,98,"777777777777","777777777777","777777777777",1,1
53,530106,3,4,2,9,4,2,48,14,0,1,0,53,1,49,32,49032,4,2014,"2T1BURHE0EC1","2","T","1","B","U","R","H","E","0","E","C","1",0,0,0,"000000000","00000000000",0,0,0,1,0,0,0,0,0,0,0,998,0,0,0,12,8,2,12,0,0,0,1,53,98409,6,1,0,0,3,0,67,130,0,0,0,0,0,0,0,0,0,0,0,0,0,0,3,3,60,1,1,2,1,0,0,1,50,99,1,1,98,"777777777777","777777777777","777777777777",0,0
53,530106,4,4,2,9,4,2,48,14,0,1,0,53,1,12,401,12401,14,1994,"1FMDU32X1RUE","1","F","M","D","U","3","2","X","1","R","U","E",0,0,0,"000000000","00000000000",0,0,0,1,0,0,0,0,0,0,0,998,0,0,0,12,8,2,12,0,0,0,1,53,98404,6,1,0,0,3,0,68,270,0,0,0,0,1,5,2013,5,2013,0,0,0,0,0,3,3,60,1,1,2,1,0,0,1,50,99,1,1,98,"777777777777","777777777777","777777777777",0,1
53,530106,5,4,1,9,4,2,48,14,0,1,0,53,2,12,402,12402,14,2005,"1FMCU94115KA","1","F","M","C","U","9","4","1","1","5","K","A",0,0,0,"000000000","00000000000",0,0,0,1,0,0,0,0,0,0,0,998,0,0,0,61,8,5,25,0,0,0,1,53,98516,6,1,0,0,3,0,61,115,0,0,0,0,0,0,0,0,0,0,0,0,0,0,3,3,60,1,1,2,1,0,0,1,8,7,4,4,98,"777777777777","777777777777","777777777777",0,0
53,530107,1,1,1,10,4,10,31,42,0,1,0,53,2,12,481,12481,31,2003,"1FTNX21P23EB","1","F","T","N","X","2","1","P","2","3","E","B",0,0,0,"000000000","00000000000",0,0,0,1,0,0,0,0,0,0,0,998,0,0,0,12,8,2,42,0,0,0,1,53,98366,6,1,0,0,3,0,66,180,0,0,0,2,0,2,2013,12,2013,0,0,0,0,0,1,2,50,1,1,2,1,0,0,1,13,99,1,4,1,"777777777777","777777777777","777777777777",1,0
53,530108,1,1,1,10,4,12,0,35,0,1,0,53,2,37,32,37032,4,1991,"1HGCB7569MA2","1","H","G","C","B","7","5","6","9","M","A","2",0,0,0,"000000000","00000000000",0,0,0,1,0,0,0,0,0,0,0,998,0,1,5,12,6,2,1,0,0,0,1,53,98944,6,1,0,0,3,0,64,129,0,0,0,0,0,0,0,0,0,4,0,0,0,0,1,2,50,2,2,2,1,0,0,14,12,99,1,4,6,"777777777777","777777777777","777777777777",1,0
53,530109,1,1,1,11,4,2,10,58,0,1,0,53,1,72,706,72706,80,2011,"1HD1GX415BC3","1","H","D","1","G","X","4","1","5","B","C","3",0,0,0,"000000000","00000000000",0,0,0,1,0,0,0,0,0,0,0,998,0,0,0,99,8,2,58,0,0,0,1,53,98382,6,1,0,0,3,0,72,200,1,0,0,1,0,8,2011,2,2013,0,0,0,0,0,1,2,25,2,1,2,1,0,0,14,12,99,9,4,7,"777777777777","777777777777","777777777777",1,1