"STATE","ST_CASE","VEH_NO","VE_FORMS","NUMOCCS","DAY","MONTH","HOUR","MINUTE","HARM_EV","MAN_COLL","UNITTYPE","HIT_RUN","REG_STAT","OWNER","MAKE","MODEL","MAK_MOD","BODY_TYP","MOD_YEAR","VIN","VIN_1","VIN_2","VIN_3","VIN_4","VIN_5","VIN_6","VIN_7","VIN_8","VIN_9","VIN_10","VIN_11","VIN_12","TOW_VEH","J_KNIFE","MCARR_I1","MCARR_I2","MCARR_ID","GVWR","V_CONFIG","CARGO_BT","HAZ_INV","HAZ_PLAC","HAZ_ID","HAZ_CNO","HAZ_REL","BUS_USE","SPEC_USE","EMER_USE","TRAV_SP","UNDERIDE","ROLLOVER","ROLINLOC","IMPACT1","DEFORMED","TOWED","M_HARM","VEH_SC1","VEH_SC2","FIRE_EXP","DR_PRES","L_STATE","DR_ZIP","L_STATUS","L_TYPE","CDL_STAT","L_ENDORS","L_COMPL","L_RESTRI","DR_HGT","DR_WGT","PREV_ACC","PREV_SUS","PREV_DWI","PREV_SPD","PREV_OTH","FIRST_MO","FIRST_YR","LAST_MO","LAST_YR","SPEEDREL","DR_SF1","DR_SF2","DR_SF3","DR_SF4","VTRAFWAY","VNUM_LAN","VSPD_LIM","VALIGN","VPROFILE","VPAVETYP","VSURCOND","VTRAFCON","VTCONT_F","P_CRASH1","P_CRASH2","P_CRASH3","PCRASH4","PCRASH5","ACC_TYPE","TRLR1VIN","TRLR2VIN","TRLR3VIN","DEATHS","DR_DRINK"
53,530110,1,2,1,11,4,21,20,12,1,1,0,53,2,35,471,35471,30,1995,"1N6SD16S1SC3","1","N","6","S","D","1","6","S","1","S","C","3",0,0,0,"000000000","00000000000",0,0,0,1,0,0,0,0,0,0,0,998,0,0,0,12,6,2,12,0,0,0,1,53,98371,6,1,0,0,3,0,72,175,1,0,0,0,2,10,2012,9,2014,0,0,0,0,0,3,3,60,1,2,2,1,0,0,1,50,99,1,1,20,"777777777777","777777777777","777777777777",1,0
53,530110,2,2,2,11,4,21,20,12,1,1,0,53,2,23,881,23881,78,1987,"1GDJ7D1F7HV5","1","G","D","J","7","D","1","F","7","H","V","5",0,0,77,"777777777","77777777777",2,19,4,1,0,0,0,0,0,0,0,0,0,0,0,6,6,2,12,0,0,0,1,53,98466,6,1,0,0,3,0,71,190,0,0,0,0,0,0,0,0,0,0,0,0,0,0,3,3,60,1,2,2,1,0,0,5,53,1,1,1,21,"777777777777","777777777777","777777777777",0,0
53,530111,1,1,1,15,4,18,48,35,0,1,0,53,1,48,34,48034,6,1997,"4S3BG6851V66","4","S","3","B","G","6","8","5","1","V","6","6",0,0,0,"000000000","00000000000",0,0,0,1,0,0,0,0,0,0,0,998,0,0,0,12,8,2,35,0,0,0,1,53,99362,6,1,0,0,3,3,71,235,0,0,0,0,0,0,0,0,0,0,0,0,0,0,1,2,50,3,2,2,1,0,0,14,12,99,9,4,7,"777777777777","777777777777","777777777777",1,1
53,530112,1,1,1,2,4,18,16,1,0,1,0,53,1,72,706,72706,80,1996,"1HD1CHP1XTY2","1","H","D","1","C","H","P","1","X","T","Y","2",0,0,0,"000000000","00000000000",0,0,0,1,0,0,0,0,0,0,0,998,0,0,0,0,8,2,1,0,0,1,1,53,98012,6,1,0,0,3,0,65,205,0,0,1,0,1,9,2013,9,2013,0,26,0,0,0,6,3,60,1,1,1,1,0,0,1,6,9,9,1,98,"777777777777","777777777777","777777777777",1,0
53,530113,1,2,1,7,4,2,12,12,2,1,0,53,2,37,32,37032,4,2002,"JHMCG56672C0","J","H","M","C","G","5","6","6","7","2","C","0",0,0,0,"000000000","00000000000",0,0,0,1,0,0,0,0,0,0,0,998,0,0,0,12,8,2,12,0,0,0,1,53,98108,0,0,0,0,0,0,999,999,0,0,0,0,0,0,0,0,0,9,28,0,0,0,1,4,30,4,6,1,1,0,0,14,10,99,9,2,50,"777777777777","777777777777","777777777777",1,0
53,530113,2,2,1,7,4,2,12,12,2,1,0,53,1,54,31,54031,3,1996,"JH4DC435XTS0","J","H","4","D","C","4","3","5","X","T","S","0",0,0,0,"000000000","00000000000",0,0,0,1,0,0,0,0,0,0,0,998,0,0,0,12,8,2,12,0,0,0,1,53,98168,6,1,0,0,3,0,74,180,0,1,0,2,1,8,2012,9,2014,0,0,0,0,0,1,4,30,4,5,1,1,0,0,14,62,99,1,1,51,"777777777777","777777777777","777777777777",1,0
53,530114,1,3,2,15,4,16,11,12,1,1,0,53,2,38,471,38471,30,1994,"JAACL11L2R72","J","A","A","C","L","1","1","L","2","R","7","2",0,0,0,"000000000","00000000000",0,0,0,1,0,0,0,0,0,0,0,998,0,0,0,12,8,2,12,0,0,0,1,53,98402,1,1,0,0,2,0,69,160,0,5,0,0,4,5,2011,1,2013,4,0,0,0,0,3,2,60,1,1,2,1,0,0,1,6,1,1,1,20,"777777777777","777777777777","777777777777",1,0
53,530114,2,3,3,15,4,16,11,12,1,1,0,53,2,35,49,35049,6,2004,"JN8AZ08WX4W3","J","N","8","A","Z","0","8","W","X","4","W","3",0,0,0,"000000000","00000000000",0,0,0,1,0,0,0,0,0,0,0,0,0,0,0,6,8,2,12,0,0,0,1,53,98354,6,1,0,0,3,0,64,143,1,2,0,2,2,11,2011,1,2016,0,0,0,0,0,3,2,60,1,1,2,1,0,0,5,53,1,1,1,21,"777777777777","777777777777","777777777777",0,0
53,530114,3,3,1,15,4,16,11,12,1,1,0,53,1,20,481,20481,31,2003,"1GCHK231X3F2","1","G","C","H","K","2","3","1","X","3","F","2",0,0,0,"000000000","00000000000",0,0,0,1,0,0,0,0,0,0,0,0,0,0,0,6,8,5,12,0,0,0,1,53,98375,6,1,0,0,3,3,70,200,0,0,0,0,0,0,0,0,0,0,0,0,0,0,3,2,60,1,1,2,1,0,0,5,53,1,1,1,98,"777777777777","777777777777","777777777777",0,0
53,530116,1,1,1,17,4,21,35,1,0,1,0,53,2,37,705,37705,80,2003,"JH2RC44653M7","J","H","2","R","C","4","4","6","5","3","M","7",0,0,0,"000000000","00000000000",0,0,0,1,0,0,0,0,0,0,0,998,0,0,0,0,8,2,1,0,0,0,1,53,98329,6,1,0,0,3,0,72,210,0,0,0,0,0,0,0,0,0,0,0,0,0,0,1,2,40,3,1,2,1,0,0,14,13,99,1,4,1,"777777777777","777777777777","777777777777",1,1
53,530117,1,3,2,18,4,20,0,12,2,1,0,53,1,6,54,6054,6,2005,"2C4GM68405R3","2","C","4","G","M","6","8","4","0","5","R","3",0,0,0,"000000000","00000000000",0,0,0,1,0,0,0,0,0,0,0,998,0,0,0,12,6,2,12,0,0,0,1,53,98848,6,1,0,0,3,0,65,160,0,0,0,0,1,7,2011,7,2011,0,28,0,0,0,1,2,60,2,2,2,1,0,0,14,10,99,1,2,50,"777777777777","777777777777","777777777777",1,1
53,530117,2,3,3,18,4,20,0,12,2,1,0,53,2,23,481,23481,31,2015,"1GT12XEGXFF5","1","G","T","1","2","X","E","G","X","F","F","5",0,0,0,"000000000","00000000000",0,0,0,1,0,0,0,0,0,0,0,998,0,0,0,12,6,2,12,0,0,0,1,53,98802,6,1,0,0,3,0,67,180,0,0,0,3,8,5,2012,3,2015,0,0,0,0,0,1,2,60,3,2,2,1,0,0,14,62,99,1,1,51,"777777777777","777777777777","777777777777",0,0
53,530117,3,3,1,18,4,20,0,12,2,1,0,53,3,12,481,12481,31,2014,"1FT8W3BT4EEB","1","F","T","8","W","3","B","T","4","E","E","B",0,0,0,"000000000","00000000000",0,0,0,1,0,0,0,0,0,0,0,998,0,0,0,12,8,2,12,0,0,0,1,53,98848,6,1,0,0,3,0,76,210,0,0,0,0,0,0,0,0,0,0,0,0,0,0,1,2,60,3,2,2,1,0,0,14,62,99,1,1,98,"777777777777","777777777777","777777777777",0,0
53,530118,1,1,1,19,4,6,39,42,0,1,0,53,1,58,37,58037,2,2006,"JNKCV54E46M7","J","N","K","C","V","5","4","E","4","6","M","7",0,0,0,"000000000","00000000000",0,0,0,1,0,0,0,0,0,0,0,998,0,1,5,12,8,2,1,0,0,0,1,53,98370,6,1,0,0,3,0,71,195,0,3,0,0,2,6,2011,8,2013,4,0,0,0,0,1,2,50,1,1,2,1,0,0,1,12,99,1,4,6,"777777777777","777777777777","777777777777",1,0
53,530119,1,1,3,19,4,22,25,1,0,1,0,45,1,52,401,52401,14,2000,"JA4LS21H3YP0","J","A","4","L","S","2","1","H","3","Y","P","0",0,0,0,"000000000","00000000000",0,0,0,1,0,0,0,0,0,0,0,998,0,1,5,0,6,2,1,0,0,0,1,45,29902,6,1,0,0,3,0,71,155,0,1,0,0,0,9,2015,9,2015,0,0,0,0,0,3,2,70,2,2,2,1,0,0,14,13,99,3,4,2,"777777777777","777777777777","777777777777",1,0
53,530120,1,2,1,19,4,13,55,12,6,1,0,53,1,53,706,53706,80,2009,"JS1GR7LA5921","J","S","1","G","R","7","L","A","5","9","2","1",0,0,0,"000000000","00000000000",0,0,0,1,0,0,0,0,0,0,0,998,0,0,0,12,8,2,12,0,0,0,1,53,98270,6,1,0,0,3,0,70,175,0,0,0,1,0,11,2011,11,2011,5,36,0,0,0,5,6,50,1,2,2,1,0,0,1,17,99,9,1,69,"777777777777","777777777777","777777777777",1,0
53,530120,2,2,1,19,4,13,55,12,6,1,0,53,3,12,461,12461,21,2006,"1FDWE35S86DB","1","F","D","W","E","3","5","S","8","6","D","B",0,0,77,"777777777","77777777777",2,99,1,1,0,0,0,0,0,0,0,998,0,0,0,5,8,5,12,0,0,0,1,53,98203,6,1,6,9,3,3,69,175,0,0,0,0,1,8,2012,8,2012,0,0,0,0,0,5,6,50,1,2,2,1,0,0,11,54,1,1,1,68,"777777777777","777777777777","777777777777",0,0
53,530121,1,1,1,19,4,20,44,8,0,1,1,53,1,37,32,37032,4,1993,"JHMCB7576PC0","J","H","M","C","B","7","5","7","6","P","C","0",0,0,0,"000000000","00000000000",0,0,0,1,0,0,0,0,0,0,0,998,0,0,0,12,8,2,8,0,0,0,1,53,98087,6,1,0,0,3,0,63,156,0,0,0,0,0,0,0,0,0,0,0,0,0,0,5,6,35,1,1,2,1,2,3,1,80,99,1,1,13,"777777777777","777777777777","777777777777",0,0
53,530122,1,2,2,19,4,22,45,12,2,1,0,53,1,7,43,7043,2,2004,"4B3AG52H84E1","4","B","3","A","G","5","2","H","8","4","E","1",0,0,0,"000000000","00000000000",0,0,0,1,0,0,0,0,0,0,0,998,0,0,0,12,8,2,12,0,0,0,1,53,98387,6,7,0,0,3,0,66,120,0,0,0,0,0,0,0,0,0,3,35,0,0,0,1,2,25,1,2,2,1,0,0,6,6,99,2,2,50,"777777777777","777777777777","777777777777",0,0
53,530122,2,2,1,19,4,22,45,12,2,1,0,53,1,72,706,72706,80,2006,"1HD1FCW196Y6","1","H","D","1","F","C","W","1","9","6","Y","6",0,0,0,"000000000","00000000000",0,0,0,1,0,0,0,0,0,0,0,998,0,0,0,12,8,2,12,0,0,0,1,53,98444,6,1,6,0,3,0,71,185,1,0,0,1,0,5,2012,11,2015,0,0,0,0,0,1,2,25,1,2,2,1,0,0,1,62,99,1,1,51,"777777777777","777777777777","777777777777",1,0
53,530123,1,2,1,20,4,15,48,12,6,1,0,53,1,20,22,20022,4,2010,"1G1AD5F50A71","1","G","1","A","D","5","F","5","0","A","7","1",0,0,0,"000000000","00000000000",0,0,0,1,0,0,0,0,0,0,0,998,0,0,0,9,8,5,12,0,0,0,1,53,98258,6,1,0,0,3,0,74,311,0,0,0,0,1,5,2013,5,2013,0,38,48,0,0,5,3,98,1,1,2,1,0,0,12,17,1,1,1,98,"777777777777","777777777777","777777777777",1,0
53,530123,2,2,2,20,4,15,48,12,6,1,0,53,1,32,405,32405,14,2016,"WA1GFCFS4GR0","W","A","1","G","F","C","F","S","4","G","R","0",0,0,0,"000000000","00000000000",0,0,0,1,0,0,0,0,0,0,0,998,0,0,0,12,8,5,12,0,0,0,1,53,98258,6,1,0,0,3,3,68,195,1,0,0,2,0,5,2011,1,2015,0,0,0,0,0,5,3,98,1,1,2,1,0,0,1,72,99,1,1,98,"777777777777","777777777777","777777777777",0,0
53,530124,1,1,4,21,4,18,34,8,0,1,0,53,2,12,481,12481,31,2000,"1FTNW21F3YEB","1","F","T","N","W","2","1","F","3","Y","E","B",0,0,0,"000000000","00000000000",0,0,0,1,0,0,0,0,0,0,0,998,0,0,0,12,8,2,8,0,0,0,1,53,98584,6,1,0,0,3,0,62,115,1,1,0,1,3,3,2014,7,2015,0,0,0,0,0,4,4,25,1,1,2,1,2,3,11,15,99,1,1,13,"777777777777","777777777777","777777777777",0,0
53,530125,1,1,1,23,4,14,39,1,0,1,0,53,1,12,481,12481,31,1997,"1FTDX18W4VKB","1","F","T","D","X","1","8","W","4","V","K","B",0,0,0,"000000000","00000000000",0,0,0,1,0,0,0,0,0,0,0,998,0,9,5,0,8,5,1,0,0,0,1,53,98843,1,1,0,0,2,3,64,180,0,2,1,0,5,9,2013,4,2015,0,0,0,0,0,1,2,50,3,2,2,1,0,0,14,13,6,4,4,2,"777777777777","777777777777","777777777777",1,0
53,530126,1,1,1,25,4,14,18,9,0,1,0,53,3,94,981,94981,50,2006,"4UZAAXDC16CV","4","U","Z","A","A","X","D","C","1","6","C","V",0,0,77,"777777777","77777777777",3,21,22,1,0,0,0,0,1,2,0,998,0,0,0,1,8,5,9,0,0,0,1,53,98499,6,1,6,1,3,3,70,280,0,0,0,0,0,0,0,0,0,0,0,0,0,0,1,2,25,1,2,2,1,0,0,1,83,99,1,1,13,"777777777777","777777777777","777777777777",0,0
53,530127,1,1,2,26,4,3,50,30,0,1,0,53,1,30,47,30047,3,2000,"3VWDD21C2YM4","3","V","W","D","D","2","1","C","2","Y","M","4",0,0,0,"000000000","00000000000",0,0,0,1,0,0,0,0,0,0,0,998,0,1,5,12,6,2,30,0,0,0,1,53,98902,6,1,0,0,3,0,66,225,1,0,0,1,2,11,2014,9,2015,0,0,0,0,0,3,2,70,3,1,1,1,0,0,14,13,99,1,4,1,"777777777777","777777777777","777777777777",1,0
53,530128,1,2,1,27,4,20,18,12,6,1,1,53,2,35,401,35401,14,1996,"JN8AR05Y4TW0","J","N","8","A","R","0","5","Y","4","T","W","0",0,0,0,"000000000","00000000000",0,0,0,1,0,0,0,0,0,0,0,998,0,0,0,1,8,5,12,0,0,0,1,53,98402,0,0,0,0,0,0,64,170,0,0,0,0,0,0,0,0,0,0,0,0,0,0,5,4,30,1,1,2,1,3,3,11,15,99,1,1,68,"777777777777","777777777777","777777777777",0,0
53,530128,2,2,1,27,4,20,18,12,6,1,0,53,1,53,706,53706,80,2014,"JS1GT78A1E21","J","S","1","G","T","7","8","A","1","E","2","1",0,0,0,"000000000","00000000000",0,0,0,1,0,0,0,0,0,0,0,998,0,0,0,12,8,2,12,0,0,0,1,53,98445,6,1,0,0,3,0,72,205,1,0,0,0,0,10,2015,10,2015,0,0,0,0,0,5,4,30,1,1,2,1,3,3,1,62,99,1,1,69,"777777777777","777777777777","777777777777",1,0
53,530129,1,1,1,27,4,2,21,34,0,1,0,53,1,48,401,48401,14,2003,"JF1SG63663H7","J","F","1","S","G","6","3","6","6","3","H","7",0,0,0,"000000000","00000000000",0,0,0,1,0,0,0,0,0,0,0,998,0,0,0,12,8,2,34,0,0,0,1,53,98366,6,1,0,0,3,0,71,240,2,1,1,0,0,6,2014,8,2014,0,0,0,0,0,1,2,35,1,2,2,1,0,0,1,10,16,1,4,6,"777777777777","777777777777","777777777777",1,1
53,530130,1,2,1,30,4,20,42,12,6,1,0,53,1,30,40,30040,4,1987,"WVWGA0165HW0","W","V","W","G","A","0","1","6","5","H","W","0",0,0,0,"000000000","00000000000",0,0,0,1,0,0,0,0,0,0,0,998,3,0,0,12,8,2,12,0,0,0,1,53,99336,6,1,0,0,3,0,67,160,1,2,0,0,7,12,2011,9,2014,3,39,0,0,0,1,2,30,1,1,2,1,20,3,1,17,99,1,1,69,"777777777777","777777777777","777777777777",1,1
53,530130,2,2,1,30,4,20,42,12,6,1,0,53,1,7,482,7482,31,1999,"1B7KF2360XJ6","1","B","7","K","F","2","3","6","0","X","J","6",0,0,0,"000000000","00000000000",0,0,0,1,0,0,0,0,0,0,0,998,0,0,0,3,8,2,12,0,0,0,1,53,99337,6,1,0,0,3,0,70,160,1,0,0,2,4,5,2011,3,2016,0,0,0,0,0,1,2,30,1,1,2,1,20,3,11,54,99,1,1,68,"777777777777","777777777777","777777777777",0,0
53,530131,1,1,1,1,5,11,59,1,0,1,0,53,2,76,706,76706,80,1980,"4H3003526","4","H","3","0","0","3","5","2","6","","","",0,0,0,"000000000","00000000000",0,0,0,1,0,0,0,0,0,0,0,998,0,0,0,0,8,2,30,0,0,0,1,53,98360,6,1,0,0,3,0,67,140,0,0,0,0,0,0,0,0,0,4,0,0,0,0,1,2,45,3,1,2,1,0,0,14,13,16,9,4,2,"777777777777","777777777777","777777777777",1,0
53,530132,1,2,5,1,5,18,35,12,6,1,0,53,1,63,37,63037,6,2011,"KNDJT2A27B77","K","N","D","J","T","2","A","2","7","B","7","7",0,0,0,"000000000","00000000000",0,0,0,1,0,0,0,0,0,0,0,998,0,0,0,12,6,2,12,0,0,0,1,53,98584,6,1,0,0,3,0,60,100,0,0,0,1,2,11,2015,4,2016,0,38,0,0,0,2,2,60,1,1,2,1,0,0,11,15,99,1,1,68,"777777777777","777777777777","777777777777",1,0
53,530132,2,2,3,1,5,18,35,12,6,1,0,53,2,37,32,37032,4,1999,"JHMCG5657XC0","J","H","M","C","G","5","6","5","7","X","C","0",0,0,0,"000000000","00000000000",0,0,0,1,0,0,0,0,0,0,0,998,0,0,0,11,6,2,12,0,0,0,1,53,98586,6,1,0,0,3,3,64,150,0,0,0,0,0,0,0,0,0,0,0,0,0,0,2,2,60,1,1,2,1,0,0,1,62,99,1,1,69,"777777777777","777777777777","777777777777",0,0
53,530134,1,2,3,2,5,4,10,12,6,1,0,53,1,12,3,12003,2,2001,"1FAFP40411F2","1","F","A","F","P","4","0","4","1","1","F","2",0,0,0,"000000000","00000000000",0,0,0,1,0,0,0,0,0,0,0,998,0,0,0,3,6,2,12,0,0,0,1,53,98277,6,1,0,0,3,0,70,180,0,0,0,1,2,6,2012,9,2014,0,91,0,0,0,1,2,15,1,2,1,1,20,3,11,15,99,1,1,68,"777777777777","777777777777","777777777777",1,0
53,530134,2,2,1,2,5,4,10,12,6,1,0,36,2,7,472,7472,31,2004,"1D7HG48N34S5","1","D","7","H","G","4","8","N","3","4","S","5",0,0,0,"000000000","00000000000",0,0,0,1,0,0,0,0,0,0,0,998,0,0,0,12,6,2,12,0,0,0,1,53,98277,6,1,0,0,3,0,72,180,0,0,0,3,0,3,2013,6,2014,0,0,0,0,0,1,2,40,1,2,2,1,0,0,1,65,99,1,1,69,"777777777777","777777777777","777777777777",0,0
53,530135,1,1,2,3,5,20,15,11,0,1,0,53,1,72,706,72706,80,2016,"1HD1KEL19GB6","1","H","D","1","K","E","L","1","9","G","B","6",0,0,0,"000000000","00000000000",0,0,0,1,0,0,0,0,0,0,0,998,0,0,0,12,8,2,11,0,0,0,1,53,99141,6,1,0,0,3,0,72,248,0,0,0,0,0,0,0,0,0,0,0,0,0,0,1,2,55,1,1,2,1,0,0,1,87,99,9,1,13,"777777777777","777777777777","777777777777",1,0
53,530137,1,1,1,8,5,15,10,42,0,1,0,53,2,37,31,37031,4,1996,"1HGEJ657XTL0","1","H","G","E","J","6","5","7","X","T","L","0",0,0,0,"000000000","00000000000",0,0,0,1,0,0,0,0,0,0,0,998,0,0,0,99,6,2,42,0,0,0,1,53,98855,6,2,0,0,3,3,69,188,0,0,0,1,0,4,2015,4,2015,0,0,0,0,0,1,2,60,2,2,2,1,0,0,14,6,99,3,4,2,"777777777777","777777777777","777777777777",1,0
53,530138,1,1,1,7,5,22,55,1,0,1,0,53,1,72,706,72706,80,2007,"1HD1FC4177Y6","1","H","D","1","F","C","4","1","7","7","Y","6",0,0,0,"000000000","00000000000",0,0,0,1,0,0,0,0,0,0,0,998,0,0,0,0,6,2,1,0,0,0,1,53,98579,6,1,0,0,3,0,72,225,1,0,0,0,0,7,2014,7,2014,0,0,0,0,0,1,2,60,1,2,2,1,0,0,1,13,99,1,4,1,"777777777777","777777777777","777777777777",1,1
53,530139,1,1,1,1,5,0,3,15,0,1,1,53,2,37,31,37031,2,1986,"JHMAH5337GS0","J","H","M","A","H","5","3","3","7","G","S","0",0,0,0,"000000000","00000000000",0,0,0,1,0,0,0,0,0,0,0,998,0,0,0,12,8,5,15,0,0,0,1,53,98106,6,1,0,0,3,3,62,155,1,1,0,1,5,9,2012,10,2015,0,38,39,0,0,1,4,30,1,1,2,1,4,3,1,80,99,1,1,13,"777777777777","777777777777","777777777777",0,0
53,530140,1,1,1,8,5,1,43,42,0,1,0,53,1,37,32,37032,2,1992,"1HGCB7171NA0","1","H","G","C","B","7","1","7","1","N","A","0",0,0,0,"000000000","00000000000",0,0,0,1,0,0,0,0,0,0,0,998,0,0,0,12,8,2,42,0,0,0,1,53,98610,6,1,0,0,3,0,66,200,1,0,0,0,2,4,2013,9,2015,0,0,0,0,0,1,2,50,3,2,2,1,0,0,14,13,99,1,4,1,"777777777777","777777777777","777777777777",1,0
53,530141,1,1,1,3,5,13,39,8,0,1,0,53,3,98,907,98907,52,2010,"1VHHH3V22A67","1","V","H","H","H","3","V","2","2","A","6","7",0,0,77,"777777777","77777777777",3,21,22,1,0,0,0,0,6,3,0,998,0,0,0,14,0,5,8,0,0,0,1,53,98198,6,1,6,1,3,3,70,206,0,0,0,0,0,0,0,0,0,0,0,0,0,0,5,5,35,1,2,2,1,0,0,3,80,1,1,1,13,"777777777777","777777777777","777777777777",0,0
53,530142,1,1,1,7,5,11,45,24,0,1,0,53,1,76,705,76705,80,2000,"JYAVM01E3YA0","J","Y","A","V","M","0","1","E","3","Y","A","0",0,0,0,"000000000","00000000000",0,0,0,1,0,0,0,0,0,0,0,998,0,0,0,12,8,2,24,0,0,0,1,53,99141,6,1,0,0,3,0,77,200,0,0,0,0,0,0,0,0,0,0,0,0,0,0,1,2,55,3,3,2,1,0,0,14,13,99,1,4,1,"777777777777","777777777777","777777777777",1,0
53,530143,1,2,1,3,5,16,22,12,6,1,0,53,3,84,884,84884,64,1997,"1HTSDAAN5VH4","1","H","T","S","D","A","A","N","5","V","H","4",0,0,27,"1113761","271113761",3,1,7,1,0,0,0,0,0,0,0,998,0,0,0,81,8,2,12,0,0,0,1,53,98930,6,1,6,1,3,0,66,160,1,0,0,0,3,5,2013,7,2015,0,0,0,0,0,1,2,50,3,2,2,1,0,0,14,67,7,1,1,68,"777777777777","777777777777","777777777777",0,0
53,530143,2,2,1,3,5,16,22,12,6,1,0,53,1,35,43,35043,4,2002,"3N1CB51D42L5","3","N","1","C","B","5","1","D","4","2","L","5",0,0,0,"000000000","00000000000",0,0,0,1,0,0,0,0,0,0,0,998,1,0,0,12,8,2,12,0,0,0,1,53,99336,6,1,0,0,3,0,67,160,1,0,0,0,1,7,2012,7,2012,0,38,39,0,0,1,2,50,1,1,2,1,21,3,1,17,99,1,1,69,"777777777777","777777777777","777777777777",1,0
53,530145,1,1,1,7,5,17,51,15,0,1,0,53,2,58,38,58038,4,2006,"JNKAY01F46M2","J","N","K","A","Y","0","1","F","4","6","M","2",0,0,0,"000000000","00000000000",0,0,0,1,0,0,0,0,0,0,0,998,0,0,0,99,8,5,15,0,0,0,1,53,98037,6,1,0,0,3,0,72,200,1,1,0,0,2,2,2015,12,2015,0,0,0,0,0,1,2,15,1,1,2,1,0,0,11,80,1,1,1,13,"777777777777","777777777777","777777777777",0,0
53,530146,1,2,2,14,5,15,55,12,2,1,0,53,1,49,402,49402,14,2002,"JTEHH20V0260","J","T","E","H","H","2","0","V","0","2","6","0",0,0,0,"000000000","00000000000",0,0,0,1,0,0,0,0,0,0,0,998,0,0,0,12,6,2,12,0,0,0,1,53,99207,6,1,0,0,3,0,66,135,0,0,0,0,0,0,0,0,0,0,28,0,0,0,1,2,50,2,1,2,1,0,0,14,10,99,1,2,50,"777777777777","777777777777","777777777777",0,0
53,530146,2,2,3,14,5,15,55,12,2,1,0,53,1,12,422,12422,15,2006,"1FMPU165X6LA","1","F","M","P","U","1","6","5","X","6","L","A",0,0,0,"000000000","00000000000",0,0,0,1,0,0,0,0,0,0,0,998,0,0,0,12,6,2,12,0,0,0,1,53,99169,6,1,0,0,3,3,70,230,1,0,0,0,0,8,2012,8,2012,0,0,0,0,0,1,2,50,3,1,2,1,0,0,14,62,7,1,1,51,"777777777777","777777777777","777777777777",1,0
53,530147,1,1,3,11,5,20,10,1,0,1,0,53,1,23,431,23431,16,2003,"1GKFK16Z03R1","1","G","K","F","K","1","6","Z","0","3","R","1",0,0,0,"000000000","00000000000",0,0,0,1,0,0,0,0,0,0,0,998,0,9,1,0,6,2,1,0,0,0,1,53,98947,6,1,0,0,3,0,62,120,1,0,0,4,1,8,2011,2,2016,0,0,0,0,0,1,2,50,3,1,2,1,0,0,14,13,6,4,2,98,"777777777777","777777777777","777777777777",1,0
53,530148,1,2,1,8,5,18,7,1,0,1,0,53,1,37,705,37705,80,2001,"JH2RC440X1K5","J","H","2","R","C","4","4","0","X","1","K","5",0,0,0,"000000000","00000000000",0,0,0,1,0,0,0,0,0,0,0,998,0,0,0,0,8,2,12,0,0,0,1,53,99301,6,1,0,0,2,0,73,185,0,0,0,3,3,1,2012,12,2015,4,28,0,0,0,1,2,35,2,1,2,1,0,0,14,6,99,5,2,98,"777777777777","777777777777","777777777777",1,1
53,530148,2,2,1,8,5,18,7,1,0,1,0,53,1,35,43,35043,4,2005,"3N1CB51D65L4","3","N","1","C","B","5","1","D","6","5","L","4",0,0,0,"000000000","00000000000",0,0,0,1,0,0,0,0,0,0,0,998,0,0,0,14,8,2,12,0,0,0,1,53,99336,6,1,0,0,3,0,64,138,0,0,1,0,0,12,2013,12,2013,0,0,0,0,0,1,2,35,3,1,2,1,0,0,14,62,99,1,1,98,"777777777777","777777777777","777777777777",0,0
53,530149,1,1,1,12,5,9,34,8,0,1,0,53,1,12,471,12471,30,2006,"1FTYR10D16PA","1","F","T","Y","R","1","0","D","1","6","P","A",0,0,0,"000000000","00000000000",0,0,0,1,0,0,0,0,0,0,0,998,0,0,0,12,8,5,8,0,0,0,1,53,98311,6,1,0,0,3,0,64,155,0,0,0,0,0,0,0,0,0,0,38,0,0,0,5,3,30,1,1,2,1,0,0,10,16,1,1,4,13,"777777777777","777777777777","777777777777",0,0
53,530150,1,2,1,14,5,1,41,12,2,1,0,53,1,77,706,77706,80,2008,"5VPXB26D4830","5","V","P","X","B","2","6","D","4","8","3","0",0,0,0,"000000000","00000000000",0,0,0,1,0,0,0,0,0,0,0,998,0,0,0,12,8,5,12,0,0,0,1,53,98338,6,1,0,0,3,3,67,165,0,0,0,0,0,0,0,0,0,0,28,0,0,0,1,2,35,1,1,2,1,0,0,1,10,99,1,2,50,"777777777777","777777777777","777777777777",1,1
53,530150,2,2,1,14,5,1,41,12,2,1,0,53,1,72,706,72706,80,2015,"1HD1KRM33FB6","1","H","D","1","K","R","M","3","3","F","B","6",0,0,0,"000000000","00000000000",0,0,0,1,0,0,0,0,0,0,0,998,0,0,0,12,8,5,12,0,0,0,1,53,98446,6,1,0,0,3,0,75,260,1,2,1,0,2,4,2013,3,2014,0,0,0,0,0,1,2,35,1,1,2,1,0,0,1,62,99,1,1,51,"777777777777","777777777777","777777777777",0,1
53,530151,1,2,1,9,5,5,57,12,6,1,0,53,1,37,32,37032,4,1998,"1HGCG565XWA0","1","H","G","C","G","5","6","5","X","W","A","0",0,0,0,"000000000","00000000000",0,0,0,1,0,0,0,0,0,0,0,998,0,0,0,61,8,5,12,0,0,0,1,53,98038,6,1,0,0,3,3,68,165,0,0,0,0,0,0,0,0,0,0,38,0,0,0,1,8,50,1,2,4,2,20,3,11,15,99,1,1,82,"777777777777","777777777777","777777777777",1,1