"STATE","ST_CASE","VEH_NO","VE_FORMS","NUMOCCS","DAY","MONTH","HOUR","MINUTE","HARM_EV","MAN_COLL","UNITTYPE","HIT_RUN","REG_STAT","OWNER","MAKE","MODEL","MAK_MOD","BODY_TYP","MOD_YEAR","VIN","VIN_1","VIN_2","VIN_3","VIN_4","VIN_5","VIN_6","VIN_7","VIN_8","VIN_9","VIN_10","VIN_11","VIN_12","TOW_VEH","J_KNIFE","MCARR_I1","MCARR_I2","MCARR_ID","GVWR","V_CONFIG","CARGO_BT","HAZ_INV","HAZ_PLAC","HAZ_ID","HAZ_CNO","HAZ_REL","BUS_USE","SPEC_USE","EMER_USE","TRAV_SP","UNDERIDE","ROLLOVER","ROLINLOC","IMPACT1","DEFORMED","TOWED","M_HARM","VEH_SC1","VEH_SC2","FIRE_EXP","DR_PRES","L_STATE","DR_ZIP","L_STATUS","L_TYPE","CDL_STAT","L_ENDORS","L_COMPL","L_RESTRI","DR_HGT","DR_WGT","PREV_ACC","PREV_SUS","PREV_DWI","PREV_SPD","PREV_OTH","FIRST_MO","FIRST_YR","LAST_MO","LAST_YR","SPEEDREL","DR_SF1","DR_SF2","DR_SF3","DR_SF4","VTRAFWAY","VNUM_LAN","VSPD_LIM","VALIGN","VPROFILE","VPAVETYP","VSURCOND","VTRAFCON","VTCONT_F","P_CRASH1","P_CRASH2","P_CRASH3","PCRASH4","PCRASH5","ACC_TYPE","TRLR1VIN","TRLR2VIN","TRLR3VIN","DEATHS","DR_DRINK"
53,530151,2,2,1,9,5,5,57,12,6,1,0,53,2,49,401,49401,14,2004,"JTEBU14R5480","J","T","E","B","U","1","4","R","5","4","8","0",0,0,0,"000000000","00000000000",0,0,0,1,0,0,0,0,0,0,0,998,0,0,0,12,8,5,12,0,0,0,1,53,98034,6,1,0,0,3,0,66,120,1,0,0,1,1,6,2013,10,2015,0,0,0,0,0,1,2,50,1,2,2,2,0,0,1,67,99,1,1,83,"777777777777","777777777777","777777777777",0,0
53,530152,1,1,2,1,5,99,99,17,0,1,0,53,1,12,481,12481,31,2004,"1FTSW31P74ED","1","F","T","S","W","3","1","P","7","4","E","D",0,0,0,"000000000","00000000000",0,0,0,1,0,0,0,0,0,0,0,998,0,0,0,12,8,2,3,0,0,0,1,53,99141,6,1,0,0,3,3,70,250,0,0,0,0,0,0,0,0,0,0,0,0,0,0,1,2,55,4,1,2,1,0,0,14,13,99,9,4,2,"777777777777","777777777777","777777777777",2,0
53,530153,1,2,4,10,5,13,12,12,6,1,0,53,1,20,441,20441,20,2000,"1GNEL19W8YB1","1","G","N","E","L","1","9","W","8","Y","B","1",0,0,0,"000000000","00000000000",0,0,0,1,0,0,0,0,0,0,0,998,0,0,0,82,8,5,12,0,0,0,1,53,98296,6,1,0,0,3,3,66,130,0,0,0,0,0,0,0,0,0,0,38,0,0,0,1,2,35,1,3,2,1,0,0,11,15,1,1,1,68,"777777777777","777777777777","777777777777",0,0
53,530153,2,2,1,10,5,13,12,12,6,1,0,53,1,71,709,71709,80,2000,"ZDM1SB5T8YB0","Z","D","M","1","S","B","5","T","8","Y","B","0",0,0,0,"000000000","00000000000",0,0,0,1,0,0,0,0,0,0,0,998,0,0,0,12,8,2,12,0,0,0,1,53,98077,6,1,0,0,3,0,72,199,0,6,0,8,5,8,2011,11,2015,0,0,0,0,0,1,2,35,1,3,2,1,0,0,1,62,99,1,1,69,"777777777777","777777777777","777777777777",1,0
53,530154,1,1,2,16,5,14,37,14,0,1,0,53,1,7,442,7442,20,1999,"1B4GP44L5XB5","1","B","4","G","P","4","4","L","5","X","B","5",0,0,0,"000000000","00000000000",0,0,0,1,0,0,0,0,0,0,0,998,0,0,0,12,8,2,14,0,0,0,1,53,98579,6,1,0,0,3,0,63,240,2,0,0,1,1,10,2015,10,2015,0,0,0,0,0,1,2,35,1,1,2,1,0,0,1,8,99,1,4,6,"777777777777","777777777777","777777777777",1,0
53,530156,1,1,1,12,3,15,56,33,0,1,0,53,2,72,706,72706,80,2004,"1HD4CJM364K4","1","H","D","4","C","J","M","3","6","4","K","4",0,0,0,"000000000","00000000000",0,0,0,1,0,0,0,0,0,0,0,998,0,0,0,12,8,2,33,0,0,0,1,53,99212,6,1,0,0,3,0,64,125,0,0,0,0,0,0,0,0,0,3,0,0,0,0,1,2,30,3,1,2,2,0,0,14,13,99,9,4,2,"777777777777","777777777777","777777777777",1,1
53,530157,1,1,1,2,3,23,42,33,0,1,0,41,2,23,401,23401,14,2002,"1GKDT13SX223","1","G","K","D","T","1","3","S","X","2","2","3",0,0,0,"000000000","00000000000",0,0,0,1,0,0,0,0,0,0,0,998,8,1,5,14,8,2,1,0,0,0,1,53,98001,1,1,0,0,2,0,68,160,0,2,0,0,5,1,2012,6,2013,3,91,0,0,0,1,4,35,1,1,2,2,0,0,1,6,99,9,4,2,"777777777777","777777777777","777777777777",0,0
53,530158,1,1,1,20,5,9,14,18,0,1,0,53,1,53,705,53705,80,2008,"JS1GP74A6821","J","S","1","G","P","7","4","A","6","8","2","1",0,0,0,"000000000","00000000000",0,0,0,1,0,0,0,0,0,0,0,998,0,0,0,12,8,2,42,0,0,0,1,53,98908,6,1,0,0,3,0,72,215,1,1,0,4,1,2,2012,3,2016,0,0,0,0,0,3,2,60,2,2,1,1,0,0,14,12,99,9,4,7,"777777777777","777777777777","777777777777",1,0
53,530159,1,1,1,21,5,12,35,14,0,1,0,53,2,35,471,35471,30,1987,"JN6ND11SXHW0","J","N","6","N","D","1","1","S","X","H","W","0",0,0,0,"000000000","00000000000",0,0,0,1,0,0,0,0,0,0,0,998,0,0,0,12,6,2,14,0,0,0,1,53,98237,6,1,0,0,3,3,69,185,0,0,0,0,0,0,0,0,0,0,0,0,0,0,6,1,98,1,2,1,2,0,0,1,13,99,1,4,98,"777777777777","777777777777","777777777777",1,0
53,530160,1,2,2,21,5,0,15,12,6,1,0,53,2,2,404,2404,14,2015,"1C4PJMBS8FW6","1","C","4","P","J","M","B","S","8","F","W","6",0,0,0,"000000000","00000000000",0,0,0,1,0,0,0,0,0,0,0,998,0,0,0,12,8,5,12,0,0,0,1,53,98290,6,1,0,0,3,0,73,200,0,0,0,1,0,4,2013,4,2013,0,39,0,0,0,1,6,98,1,4,2,1,3,3,1,17,99,1,1,88,"777777777777","777777777777","777777777777",0,1
53,530160,2,2,1,21,5,0,15,12,6,1,0,53,1,37,31,37031,2,1997,"1HGEJ814XVL0","1","H","G","E","J","8","1","4","X","V","L","0",0,0,0,"000000000","00000000000",0,0,0,1,0,0,0,0,0,0,0,998,0,0,0,9,8,5,12,0,0,0,1,53,98290,6,1,0,0,3,0,71,145,1,0,0,1,1,11,2014,2,2015,0,0,0,0,0,1,5,98,1,4,2,1,3,3,1,66,99,1,1,89,"777777777777","777777777777","777777777777",1,0
53,530161,1,1,3,25,5,22,30,53,0,1,0,53,1,35,401,35401,14,2008,"5N1BR18B38C6","5","N","1","B","R","1","8","B","3","8","C","6",0,0,0,"000000000","00000000000",0,0,0,1,0,0,0,0,0,0,0,998,0,9,5,12,6,2,1,0,0,0,1,53,99180,6,1,0,0,3,0,69,174,0,0,0,4,2,3,2013,10,2015,4,0,0,0,0,1,2,35,3,1,2,1,0,0,14,13,99,9,4,2,"777777777777","777777777777","777777777777",2,1
53,530162,1,1,1,29,5,2,45,38,0,1,0,53,1,12,401,12401,14,2002,"1FMZU73E92ZC","1","F","M","Z","U","7","3","E","9","2","Z","C",0,0,0,"000000000","00000000000",0,0,0,1,0,0,0,0,0,0,0,998,0,9,5,12,6,2,1,0,0,0,1,53,99320,6,1,0,0,3,0,70,210,0,0,0,0,1,1,2015,1,2015,4,0,0,0,0,1,2,40,1,2,2,1,0,0,1,12,99,9,4,7,"777777777777","777777777777","777777777777",1,1
53,530163,1,1,1,27,5,9,0,35,0,1,0,53,1,48,34,48034,4,2003,"4S3BE6351372","4","S","3","B","E","6","3","5","1","3","7","2",0,0,0,"000000000","00000000000",0,0,0,1,0,0,0,0,0,0,0,998,0,1,5,81,8,2,1,0,0,0,1,53,98611,6,2,0,0,3,0,76,200,0,0,0,0,0,0,0,0,0,3,0,0,0,0,1,2,35,3,2,2,2,0,0,14,13,6,4,4,7,"777777777777","777777777777","777777777777",1,0
53,530164,1,1,1,22,5,21,55,1,0,1,0,53,1,72,706,72706,80,2013,"ULTIMA851836","U","L","T","I","M","A","8","5","1","8","3","6",0,0,0,"000000000","00000000000",0,0,0,1,0,0,0,0,0,0,0,998,0,0,0,0,8,2,33,0,0,0,1,53,99337,6,1,0,0,3,3,66,150,0,0,0,0,0,0,0,0,0,4,0,0,0,0,1,2,30,2,1,2,1,0,0,14,6,99,9,1,98,"777777777777","777777777777","777777777777",1,1
53,530166,1,2,1,26,5,17,26,33,0,1,0,53,2,54,401,54401,14,1998,"JAEDJ58X2W7B","J","A","E","D","J","5","8","X","2","W","7","B",0,0,0,"000000000","00000000000",0,0,0,1,0,0,0,0,0,0,0,998,0,1,1,14,6,2,1,0,0,0,1,53,98372,6,1,0,0,3,0,68,160,0,0,0,1,3,12,2014,3,2016,0,28,0,0,0,1,2,40,1,1,2,1,0,0,1,13,99,1,4,1,"777777777777","777777777777","777777777777",1,0
53,530166,2,2,2,26,5,17,26,33,0,1,0,47,2,35,472,35472,30,2002,"1N6ED26T92C3","1","N","6","E","D","2","6","T","9","2","C","3",0,0,0,"000000000","00000000000",0,0,0,1,0,0,0,0,0,0,0,998,0,1,5,63,6,2,1,0,0,0,1,53,98003,6,1,0,0,3,0,66,200,0,0,0,1,0,12,2013,12,2013,0,0,0,0,0,1,2,40,1,1,2,1,0,0,1,62,99,1,1,98,"777777777777","777777777777","777777777777",0,0
53,530167,1,1,1,31,5,14,35,24,0,1,0,41,1,21,441,21441,20,2001,"1GHDX23E01D3","1","G","H","D","X","2","3","E","0","1","D","3",0,0,0,"000000000","00000000000",0,0,0,1,0,0,0,0,0,0,0,998,0,0,0,82,8,2,42,0,0,0,1,53,98402,1,1,0,0,2,0,67,140,0,5,3,1,0,9,2011,4,2016,0,0,0,0,0,3,3,70,1,1,1,1,0,0,1,13,99,9,4,1,"777777777777","777777777777","777777777777",1,0
53,530169,1,2,3,20,3,16,10,12,6,1,0,53,2,37,441,37441,20,2013,"5FNRL5H67DB0","5","F","N","R","L","5","H","6","7","D","B","0",0,0,0,"000000000","00000000000",0,0,0,1,0,0,0,0,0,0,0,998,0,0,0,9,8,2,12,0,0,0,1,53,98597,6,1,0,0,3,3,67,140,0,0,0,0,0,0,0,0,0,0,39,0,0,0,1,2,25,1,1,2,2,20,3,1,17,99,1,1,89,"777777777777","777777777777","777777777777",0,0
53,530169,2,2,1,20,3,16,10,12,6,1,0,53,1,49,32,49032,4,2006,"JTDBR32E3600","J","T","D","B","R","3","2","E","3","6","0","0",0,0,0,"000000000","00000000000",0,0,0,1,0,0,0,0,0,0,0,998,0,0,0,12,8,2,12,0,0,0,1,53,98597,6,1,0,0,3,3,65,170,0,0,0,0,0,0,0,0,0,0,0,0,0,0,1,2,25,1,1,2,2,0,0,1,66,1,1,1,88,"777777777777","777777777777","777777777777",1,0
53,530170,1,1,1,4,5,23,57,8,0,1,0,53,2,20,39,20039,4,2006,"KL1TD56616B6","K","L","1","T","D","5","6","6","1","6","B","6",0,0,0,"000000000","00000000000",0,0,0,1,0,0,0,0,0,0,0,998,0,0,0,12,8,5,8,0,0,0,1,53,98051,6,1,0,0,3,3,73,175,1,0,0,2,1,3,2015,3,2016,0,0,0,0,0,1,2,35,1,1,2,1,0,0,1,80,1,1,1,13,"777777777777","777777777777","777777777777",0,0
53,530171,1,1,1,30,4,15,1,8,0,1,0,53,1,49,40,49040,4,2005,"4T1BE32K95U5","4","T","1","B","E","3","2","K","9","5","U","5",0,0,0,"000000000","00000000000",0,0,0,1,0,0,0,0,0,0,0,998,0,0,0,12,8,5,8,0,0,0,1,53,98178,6,1,0,0,3,0,68,144,0,0,0,0,0,0,0,0,0,0,0,0,0,0,1,2,98,8,8,1,1,3,3,1,80,99,1,1,13,"777777777777","777777777777","777777777777",0,0
53,530172,1,1,4,27,5,17,20,1,0,1,0,53,2,7,472,7472,31,2003,"1D7HL42N43S1","1","D","7","H","L","4","2","N","4","3","S","1",0,0,0,"000000000","00000000000",0,0,0,1,0,0,0,0,0,0,0,998,0,9,1,0,8,2,1,0,0,0,1,53,98952,6,7,0,0,2,0,67,125,0,0,0,0,0,0,0,0,0,0,58,0,0,0,1,2,50,1,1,2,1,0,0,1,90,6,4,2,98,"777777777777","777777777777","777777777777",1,0
53,530173,1,2,2,29,5,1,47,12,2,1,0,53,1,49,32,49032,4,1992,"1NXAE94A7NZ3","1","N","X","A","E","9","4","A","7","N","Z","3",0,0,0,"000000000","00000000000",0,0,0,1,0,0,0,0,0,0,0,998,0,0,0,12,8,2,12,0,0,0,1,53,98208,6,1,0,0,3,0,77,180,0,0,0,0,3,10,2012,1,2016,0,28,0,0,0,1,2,30,2,2,1,1,0,0,14,10,99,1,2,50,"777777777777","777777777777","777777777777",1,1
53,530173,2,2,1,29,5,1,47,12,2,1,0,53,1,49,32,49032,4,1997,"1NXBA02E0VZ5","1","N","X","B","A","0","2","E","0","V","Z","5",0,0,0,"000000000","00000000000",0,0,0,1,0,0,0,0,0,0,0,998,0,0,0,12,8,2,12,0,0,0,1,53,98107,6,1,0,0,3,0,75,200,0,1,1,1,0,3,2013,3,2015,0,0,0,0,0,1,2,30,3,2,1,1,0,0,14,62,1,1,1,51,"777777777777","777777777777","777777777777",0,0
53,530174,1,1,1,31,5,17,7,42,0,1,0,53,2,12,422,12422,15,2004,"1FMFU16L14LA","1","F","M","F","U","1","6","L","1","4","L","A",0,0,0,"000000000","00000000000",0,0,0,1,0,0,0,0,0,0,0,998,0,0,0,12,8,2,30,0,0,0,1,53,98903,1,1,0,0,2,0,74,175,0,1,0,0,0,9,2013,9,2013,4,0,0,0,0,1,2,98,1,2,1,1,0,0,1,12,99,9,4,7,"777777777777","777777777777","777777777777",1,1
53,530175,1,1,2,18,6,21,59,31,0,1,0,53,1,98,706,98706,80,2015,"VBKV39402FM9","V","B","K","V","3","9","4","0","2","F","M","9",0,0,0,"000000000","00000000000",0,0,0,1,0,0,0,0,0,0,0,998,0,0,0,99,8,2,1,0,0,0,1,53,98223,6,1,0,0,3,3,70,190,1,0,0,0,1,5,2014,6,2014,0,0,0,0,0,1,2,60,2,2,2,1,0,0,14,12,99,1,4,6,"777777777777","777777777777","777777777777",1,1
53,530176,1,3,1,20,5,15,50,12,1,1,0,53,1,49,482,49482,31,2005,"5TBDT44155S4","5","T","B","D","T","4","4","1","5","5","S","4",0,0,0,"000000000","00000000000",0,0,0,1,0,0,0,0,0,0,0,998,0,0,0,12,8,2,12,0,0,0,1,53,98332,6,1,0,0,3,0,72,230,0,0,0,0,1,5,2016,5,2016,0,26,0,0,0,6,1,40,1,3,1,1,0,0,1,52,99,1,1,28,"777777777777","777777777777","777777777777",0,0
53,530176,2,3,2,20,5,15,50,12,1,1,0,53,1,12,16,12016,4,2005,"2FALP74W6RX2","2","F","A","L","P","7","4","W","6","R","X","2",0,0,0,"000000000","00000000000",0,0,0,1,0,0,0,0,0,0,0,998,0,0,0,6,8,2,12,0,0,0,1,53,98524,6,1,0,0,3,3,67,210,0,0,0,0,0,0,0,0,0,0,0,0,0,0,6,1,40,1,3,1,1,0,0,2,53,16,1,1,29,"777777777777","777777777777","777777777777",1,0
53,530176,3,3,1,20,5,15,50,12,1,1,0,53,2,2,1,2001,6,2015,"1C4NJCBA6FD2","1","C","4","N","J","C","B","A","6","F","D","2",0,0,0,"000000000","00000000000",0,0,0,1,0,0,0,0,0,0,0,998,0,0,0,6,8,5,12,0,0,0,1,53,98312,6,1,0,0,3,0,71,195,0,0,0,0,0,0,0,0,0,0,0,0,0,0,6,1,40,1,3,1,1,0,0,2,98,16,1,1,98,"777777777777","777777777777","777777777777",0,0
53,530177,1,1,1,28,5,16,12,42,0,1,0,53,2,7,442,7442,20,1996,"1B4GP54R7TB4","1","B","4","G","P","5","4","R","7","T","B","4",0,0,0,"000000000","00000000000",0,0,0,1,0,0,0,0,0,0,0,998,0,1,5,12,6,2,42,0,0,0,1,53,98271,6,1,0,0,3,3,67,185,0,1,0,0,3,10,2012,4,2016,0,0,0,0,0,1,2,60,1,1,2,1,0,0,1,13,99,1,4,1,"777777777777","777777777777","777777777777",1,0
53,530178,1,1,1,3,6,9,9,9,0,1,0,53,3,85,881,85881,64,1995,"1NKDLB9X2SS6","1","N","K","D","L","B","9","X","2","S","S","6",0,0,57,"998949","57998949",3,2,4,1,0,0,0,0,0,0,0,998,0,0,0,83,2,5,9,0,0,0,1,53,98284,6,1,6,0,3,0,67,207,0,0,0,0,0,0,0,0,0,0,0,0,0,0,3,3,60,1,1,2,1,0,0,1,83,99,1,1,13,"777777777777","777777777777","777777777777",0,0
53,530179,1,1,1,3,6,19,10,18,0,1,0,53,1,20,481,20481,31,2003,"2GCEC19XX312","2","G","C","E","C","1","9","X","X","3","1","2",0,0,0,"000000000","00000000000",0,0,0,1,0,0,0,0,0,0,0,998,0,0,0,62,8,2,18,0,0,0,1,53,98284,6,1,0,0,3,0,64,125,0,0,0,0,0,0,0,0,0,0,0,0,0,0,1,2,50,2,1,7,1,0,0,14,12,99,1,4,6,"777777777777","777777777777","777777777777",1,1
53,530180,1,3,3,28,5,19,52,12,6,1,0,53,1,12,3,12003,2,2005,"1ZVFT80N3551","1","Z","V","F","T","8","0","N","3","5","5","1",0,0,0,"000000000","00000000000",0,0,0,1,0,0,0,0,0,0,0,998,0,0,0,12,8,2,12,0,0,0,1,53,99344,6,1,0,0,3,0,63,180,0,0,0,0,3,10,2011,10,2011,0,39,0,0,0,1,2,50,1,1,2,1,3,3,1,17,99,1,1,86,"777777777777","777777777777","777777777777",0,0
53,530180,2,3,3,28,5,19,52,12,6,1,0,53,2,52,37,52037,3,2002,"4A3AC84H92E0","4","A","3","A","C","8","4","H","9","2","E","0",0,0,0,"000000000","00000000000",0,0,0,1,0,0,0,0,0,0,0,998,0,0,0,3,8,2,12,0,0,0,1,53,99344,6,1,0,0,3,0,69,123,0,0,0,1,1,4,2015,4,2015,0,0,0,0,0,1,2,50,1,1,2,1,3,3,1,65,99,1,1,87,"777777777777","777777777777","777777777777",2,0
53,530180,3,3,3,28,5,19,52,12,6,1,0,53,1,7,442,7442,20,2013,"2C4RDGCG1DR7","2","C","4","R","D","G","C","G","1","D","R","7",0,0,0,"000000000","00000000000",0,0,0,1,0,0,0,0,0,0,0,998,0,0,0,12,8,2,12,0,0,0,1,53,99344,6,1,6,0,3,0,70,210,0,4,0,1,4,9,2011,9,2014,0,0,0,0,0,1,2,50,1,1,2,1,3,3,1,62,99,1,1,98,"777777777777","777777777777","777777777777",0,0
53,530181,1,3,1,6,6,10,34,12,1,1,0,53,1,20,422,20422,15,2009,"1GNFK26399R2","1","G","N","F","K","2","6","3","9","9","R","2",0,0,0,"000000000","00000000000",0,0,0,1,0,0,0,0,0,0,0,998,0,0,0,12,6,2,12,0,0,0,1,53,98011,6,1,0,0,3,0,74,190,0,0,0,1,0,3,2013,3,2013,4,0,0,0,0,3,6,60,8,8,2,1,0,0,1,6,99,1,1,20,"777777777777","777777777777","777777777777",0,0
53,530181,2,3,1,6,6,10,34,12,1,1,0,53,1,12,23,12023,4,2016,"3FA6P0H96GR1","3","F","A","6","P","0","H","9","6","G","R","1",0,0,0,"000000000","00000000000",0,0,0,1,0,0,0,0,0,0,0,0,0,0,0,6,6,2,12,0,0,0,1,53,98021,6,1,0,0,3,0,69,185,0,0,0,2,0,12,2012,4,2013,0,0,0,0,0,3,6,60,8,8,2,1,0,0,5,53,1,1,1,21,"777777777777","777777777777","777777777777",1,0
53,530181,3,3,1,6,6,10,34,12,1,1,0,53,1,20,481,20481,31,2011,"1GC1KXC80BF2","1","G","C","1","K","X","C","8","0","B","F","2",0,0,0,"000000000","00000000000",0,0,0,1,0,0,0,0,0,0,0,0,0,0,0,6,8,2,12,0,0,0,1,53,98116,6,1,0,0,3,0,70,195,0,0,0,0,0,0,0,0,0,0,0,0,0,0,3,6,60,8,8,2,1,0,0,5,53,1,1,1,98,"777777777777","777777777777","777777777777",0,0
53,530182,1,1,1,3,6,21,31,8,0,1,0,53,2,37,32,37032,4,1996,"1HGCD5652TA0","1","H","G","C","D","5","6","5","2","T","A","0",0,0,0,"000000000","00000000000",0,0,0,1,0,0,0,0,0,0,0,998,0,0,0,12,8,2,8,0,0,0,1,53,98948,1,1,0,0,2,3,64,240,0,0,0,0,1,3,2012,3,2012,0,0,0,0,0,1,4,35,1,1,2,1,0,0,1,80,99,1,1,13,"777777777777","777777777777","777777777777",0,0
53,530183,1,1,1,3,6,15,35,43,0,1,0,53,1,35,51,35051,6,2014,"5N1AT2MV1EC7","5","N","1","A","T","2","M","V","1","E","C","7",0,0,0,"000000000","00000000000",0,0,0,1,0,0,0,0,0,0,0,998,0,0,0,12,8,2,43,0,0,0,1,53,98405,6,1,0,0,3,3,71,181,0,0,0,0,0,0,0,0,0,0,0,0,0,0,3,3,45,1,1,1,1,0,0,1,13,99,1,4,1,"777777777777","777777777777","777777777777",1,0
53,530184,1,1,1,9,6,11,52,43,0,1,0,53,1,49,40,49040,4,1994,"JT2GK13E1R00","J","T","2","G","K","1","3","E","1","R","0","0",0,0,0,"000000000","00000000000",0,0,0,1,0,0,0,0,0,0,0,998,0,0,0,82,8,2,43,0,0,0,1,53,98022,6,1,6,0,3,0,70,250,0,0,0,0,1,9,2015,9,2015,3,58,0,0,0,1,2,45,3,2,2,1,0,0,14,6,99,4,4,7,"777777777777","777777777777","777777777777",1,1
53,530185,1,2,2,10,6,9,57,12,6,1,0,53,2,21,17,21017,4,1996,"1G3AJ55M4T63","1","G","3","A","J","5","5","M","4","T","6","3",0,0,0,"000000000","00000000000",0,0,0,1,0,0,0,0,0,0,0,998,0,0,0,3,8,5,12,0,0,0,1,53,98368,6,1,8,0,3,0,65,200,0,0,0,0,0,0,0,0,0,0,38,0,0,0,5,3,35,1,1,2,1,0,0,1,17,99,1,1,87,"777777777777","777777777777","777777777777",1,0
53,530185,2,2,4,10,6,9,57,12,6,1,0,53,2,20,481,20481,31,2012,"1GCRKREA1CZ1","1","G","C","R","K","R","E","A","1","C","Z","1",0,0,0,"000000000","00000000000",0,0,0,1,0,0,0,0,0,0,0,998,0,0,0,12,8,5,12,0,0,0,1,53,98367,6,1,0,0,3,0,65,165,0,4,0,3,5,6,2011,4,2015,3,0,0,0,0,5,3,35,1,1,2,1,0,0,1,66,15,1,1,86,"777777777777","777777777777","777777777777",0,0
53,530186,1,1,1,12,6,0,41,1,0,1,0,53,1,53,706,53706,80,2006,"JS1GR7KA7621","J","S","1","G","R","7","K","A","7","6","2","1",0,0,0,"000000000","00000000000",0,0,0,1,0,0,0,0,0,0,0,998,0,0,0,0,8,2,1,0,0,0,1,53,98408,6,1,0,0,3,0,72,165,1,0,0,5,0,12,2012,4,2016,2,0,0,0,0,1,4,30,1,1,2,1,20,3,1,6,99,9,1,98,"777777777777","777777777777","777777777777",1,0
53,530187,1,2,1,7,6,5,50,12,2,1,0,53,2,63,37,63037,6,2014,"KNDJN2A28E70","K","N","D","J","N","2","A","2","8","E","7","0",0,0,0,"000000000","00000000000",0,0,0,1,0,0,0,0,0,0,0,998,0,0,0,12,8,2,12,0,0,0,1,53,98444,6,1,0,0,3,0,66,175,2,0,0,2,0,11,2012,2,2016,0,28,0,0,0,1,2,40,1,4,2,1,0,0,1,10,99,1,2,50,"777777777777","777777777777","777777777777",0,0
53,530187,2,2,2,7,6,5,50,12,2,1,0,53,1,12,37,12037,6,2003,"1FAFP36393W2","1","F","A","F","P","3","6","3","9","3","W","2",0,0,0,"000000000","00000000000",0,0,0,1,0,0,0,0,0,0,0,998,0,0,0,12,8,2,12,0,0,0,1,53,98038,6,1,0,0,3,3,74,220,0,2,1,1,0,3,2012,6,2016,0,0,0,0,0,1,2,40,1,4,2,1,0,0,1,62,99,1,1,51,"777777777777","777777777777","777777777777",1,0
53,530188,1,1,1,12,6,1,0,3,0,1,0,53,1,12,481,12481,31,2015,"1FTEW1EF0FFA","1","F","T","E","W","1","E","F","0","F","F","A",0,0,0,"000000000","00000000000",0,0,0,1,0,0,0,0,0,0,0,998,0,0,0,0,6,2,3,0,0,0,1,53,98951,6,1,0,0,3,0,70,200,0,0,0,3,1,9,2011,4,2016,0,0,0,0,0,1,2,50,1,1,2,1,0,0,1,13,99,1,4,0,"777777777777","777777777777","777777777777",1,1
53,530190,1,2,4,13,6,10,34,12,6,1,0,53,2,35,473,35473,31,2004,"1N6AA06B54N5","1","N","6","A","A","0","6","B","5","4","N","5",0,0,0,"000000000","00000000000",0,0,0,1,0,0,0,0,0,0,0,998,7,0,0,12,8,2,12,0,0,0,1,53,99349,6,1,0,0,3,3,60,165,0,0,0,0,0,0,0,0,0,0,39,0,0,0,1,2,50,1,1,2,1,20,3,1,17,99,1,1,86,"777777777777","777777777777","777777777777",0,0
53,530190,2,2,3,13,6,10,34,12,6,1,0,53,2,37,32,37032,4,1997,"1HGCD5684VA1","1","H","G","C","D","5","6","8","4","V","A","1",0,0,0,"000000000","00000000000",0,0,0,1,0,0,0,0,0,0,0,998,0,0,0,81,8,2,12,0,0,0,1,53,99349,6,1,0,0,3,0,62,140,0,0,0,0,1,3,2014,3,2014,0,0,0,0,0,1,2,55,1,1,2,1,0,0,1,66,99,1,1,87,"777777777777","777777777777","777777777777",2,0
53,530191,1,2,1,13,6,7,22,12,6,1,0,53,1,13,13,13013,4,2013,"3LN6L2J91DR8","3","L","N","6","L","2","J","9","1","D","R","8",0,0,0,"000000000","00000000000",0,0,0,1,0,0,0,0,0,0,0,998,0,0,0,9,8,2,12,0,0,0,1,53,98589,6,1,0,0,3,3,65,225,0,0,0,0,0,0,0,0,0,0,48,0,0,0,1,2,50,2,1,2,1,0,0,12,21,99,1,1,98,"777777777777","777777777777","777777777777",1,0
53,530191,2,2,1,13,6,7,22,12,6,1,0,53,1,55,35,55035,4,2016,"KMHDH4AE1GU5","K","M","H","D","H","4","A","E","1","G","U","5",0,0,0,"000000000","00000000000",0,0,0,1,0,0,0,0,0,0,0,998,0,0,0,12,8,2,12,0,0,0,1,53,98589,6,1,0,0,3,0,62,125,0,0,0,0,0,0,0,0,0,0,0,0,0,0,1,2,50,2,1,2,1,0,0,14,64,1,1,1,98,"777777777777","777777777777","777777777777",0,0
53,530192,1,1,1,15,6,13,4,42,0,1,0,53,2,6,52,6052,6,2006,"3A8FY68B56T3","3","A","8","F","Y","6","8","B","5","6","T","3",0,0,0,"000000000","00000000000",0,0,0,1,0,0,0,0,0,0,0,998,0,0,0,12,8,2,42,0,0,0,1,53,98597,6,1,0,0,3,0,60,150,0,0,0,0,0,0,0,0,0,0,0,0,0,0,1,2,50,3,1,2,2,0,0,14,87,99,1,4,1,"777777777777","777777777777","777777777777",1,0
53,530193,1,2,1,9,6,14,15,12,8,1,0,53,1,6,41,6041,4,1999,"2C3HD46J7XH5","2","C","3","H","D","4","6","J","7","X","H","5",0,0,0,"000000000","00000000000",0,0,0,1,0,0,0,0,0,0,0,998,0,0,0,62,8,5,42,0,0,0,1,53,98003,1,1,0,0,2,0,69,198,0,1,0,0,4,11,2014,4,2016,4,0,0,0,0,1,5,40,1,1,2,2,0,0,17,10,7,1,2,64,"777777777777","777777777777","777777777777",1,0
53,530193,2,2,2,9,6,14,15,12,8,1,0,53,1,2,405,2405,14,2005,"1J4GL58K45W5","1","J","4","G","L","5","8","K","4","5","W","5",0,0,0,"000000000","00000000000",0,0,0,1,0,0,0,0,0,0,0,998,0,0,0,62,8,5,12,0,0,0,1,53,98002,6,1,0,0,3,0,65,215,0,0,0,0,1,5,2016,5,2016,0,0,0,0,0,1,5,40,1,1,2,2,0,0,1,62,99,1,1,65,"777777777777","777777777777","777777777777",0,0