"STATE","ST_CASE","VEH_NO","VE_FORMS","NUMOCCS","DAY","MONTH","HOUR","MINUTE","HARM_EV","MAN_COLL","UNITTYPE","HIT_RUN","REG_STAT","OWNER","MAKE","MODEL","MAK_MOD","BODY_TYP","MOD_YEAR","VIN","VIN_1","VIN_2","VIN_3","VIN_4","VIN_5","VIN_6","VIN_7","VIN_8","VIN_9","VIN_10","VIN_11","VIN_12","TOW_VEH","J_KNIFE","MCARR_I1","MCARR_I2","MCARR_ID","GVWR","V_CONFIG","CARGO_BT","HAZ_INV","HAZ_PLAC","HAZ_ID","HAZ_CNO","HAZ_REL","BUS_USE","SPEC_USE","EMER_USE","TRAV_SP","UNDERIDE","ROLLOVER","ROLINLOC","IMPACT1","DEFORMED","TOWED","M_HARM","VEH_SC1","VEH_SC2","FIRE_EXP","DR_PRES","L_STATE","DR_ZIP","L_STATUS","L_TYPE","CDL_STAT","L_ENDORS","L_COMPL","L_RESTRI","DR_HGT","DR_WGT","PREV_ACC","PREV_SUS","PREV_DWI","PREV_SPD","PREV_OTH","FIRST_MO","FIRST_YR","LAST_MO","LAST_YR","SPEEDREL","DR_SF1","DR_SF2","DR_SF3","DR_SF4","VTRAFWAY","VNUM_LAN","VSPD_LIM","VALIGN","VPROFILE","VPAVETYP","VSURCOND","VTRAFCON","VTCONT_F","P_CRASH1","P_CRASH2","P_CRASH3","PCRASH4","PCRASH5","ACC_TYPE","TRLR1VIN","TRLR2VIN","TRLR3VIN","DEATHS","DR_DRINK"
53,530194,1,1,1,19,6,23,20,9,0,1,0,53,2,23,421,23421,15,2004,"1GKEK63U74J1","1","G","K","E","K","6","3","U","7","4","J","1",0,0,0,"000000000","00000000000",0,0,0,1,0,0,0,0,0,0,0,998,0,0,0,12,8,2,9,0,0,0,1,53,99223,6,1,0,0,3,0,67,140,0,0,0,0,0,0,0,0,0,0,91,0,0,0,5,3,60,1,1,2,1,0,0,1,83,99,1,1,13,"777777777777","777777777777","777777777777",0,1
53,530195,1,2,1,17,6,18,23,12,2,1,0,53,2,12,401,12401,14,2004,"1FMZU74K64UB","1","F","M","Z","U","7","4","K","6","4","U","B",0,0,0,"000000000","00000000000",0,0,0,1,0,0,0,0,0,0,0,998,0,0,0,12,8,2,12,0,0,0,1,53,98270,6,1,0,0,3,3,76,230,0,0,0,0,0,0,0,0,0,0,28,0,0,0,1,2,50,2,1,2,1,0,0,14,10,99,1,2,50,"777777777777","777777777777","777777777777",0,0
53,530195,2,2,1,17,6,18,23,12,2,1,0,53,1,20,421,20421,15,2001,"1GNEK13TX1R1","1","G","N","E","K","1","3","T","X","1","R","1",0,0,0,"000000000","00000000000",0,0,0,1,0,0,0,0,0,0,0,998,0,0,0,12,8,2,12,0,0,0,1,53,98223,6,1,0,0,3,0,66,220,0,0,0,0,0,0,0,0,0,0,0,0,0,0,1,2,50,1,1,2,1,0,0,1,62,99,1,1,51,"777777777777","777777777777","777777777777",1,0
53,530196,1,1,1,19,6,1,4,38,0,1,0,53,1,18,3,18003,4,2002,"1G4CW54K7242","1","G","4","C","W","5","4","K","7","2","4","2",0,0,0,"000000000","00000000000",0,0,0,1,0,0,0,0,0,0,0,998,0,0,0,61,8,2,30,0,0,0,1,53,98382,6,1,0,0,3,0,72,190,0,0,0,0,0,0,0,0,0,4,58,0,0,0,1,2,40,3,1,2,1,0,0,14,13,6,4,4,2,"777777777777","777777777777","777777777777",1,1
53,530197,1,2,4,10,6,14,55,12,2,1,0,53,2,7,402,7402,14,2002,"1B4HS48N12F2","1","B","4","H","S","4","8","N","1","2","F","2",0,0,0,"000000000","00000000000",0,0,0,1,0,0,0,0,0,0,0,998,0,0,0,12,8,2,12,0,0,0,1,53,98367,1,1,0,0,2,0,72,220,0,3,0,0,7,2,2012,4,2015,4,38,51,0,0,1,2,45,1,1,2,1,0,0,11,54,99,9,2,98,"777777777777","777777777777","777777777777",1,0
53,530197,2,2,1,10,6,14,55,12,2,1,0,53,1,7,482,7482,31,2003,"1D7KU28D63J5","1","D","7","K","U","2","8","D","6","3","J","5",0,0,0,"000000000","00000000000",0,0,0,1,0,0,0,0,0,0,0,998,0,0,0,12,8,2,12,0,0,0,1,53,98367,6,1,0,0,3,3,65,128,0,0,0,0,0,0,0,0,0,0,0,0,0,0,1,2,45,1,1,2,1,0,0,1,62,1,1,1,98,"777777777777","777777777777","777777777777",0,0
53,530198,1,1,1,19,6,18,15,1,0,1,0,53,2,49,40,49040,4,2004,"4T1BE32K24U9","4","T","1","B","E","3","2","K","2","4","U","9",0,0,0,"000000000","00000000000",0,0,0,1,0,0,0,0,0,0,0,998,0,9,5,0,6,2,1,0,0,1,1,53,99026,6,1,0,0,3,0,68,205,0,0,0,3,0,6,2012,2,2014,0,0,0,0,0,1,2,60,4,1,2,1,0,0,14,12,99,1,4,6,"777777777777","777777777777","777777777777",1,1
53,530199,1,1,1,14,6,7,38,8,0,1,0,17,3,51,881,51881,66,2007,"4V4NC9TJ27N4","4","V","4","N","C","9","T","J","2","7","N","4",1,1,57,"0941644","570941644",3,6,1,1,0,0,0,0,0,0,0,998,0,0,0,82,8,5,8,0,0,0,1,17,60446,6,1,6,1,3,0,72,225,0,0,0,0,2,11,2014,9,2015,0,38,0,0,0,5,5,35,1,1,2,1,0,0,11,17,1,1,5,13,"888888888888","777777777777","777777777777",0,0
53,530200,1,1,1,11,6,21,4,1,0,1,0,53,0,84,998,84998,92,9999,"888888888888","8","8","8","8","8","8","8","8","8","8","8","8",0,0,0,"000000000","00000000000",8,0,0,1,0,0,0,0,0,0,0,998,0,9,5,0,8,5,1,0,0,0,1,53,99301,6,1,0,0,3,0,72,240,1,0,0,0,0,5,2014,5,2014,0,0,0,0,0,8,8,98,1,2,5,1,0,0,1,19,99,9,4,98,"777777777777","777777777777","777777777777",1,0
53,530201,1,1,1,20,6,4,20,24,0,1,0,53,2,52,47,52047,6,2003,"JA4LZ41G93U1","J","A","4","L","Z","4","1","G","9","3","U","1",0,0,0,"000000000","00000000000",0,0,0,1,0,0,0,0,0,0,0,998,0,0,0,12,8,2,2,0,0,1,1,53,98208,6,7,0,0,9,3,60,119,0,0,0,0,0,0,0,0,0,0,0,0,0,0,1,2,25,1,2,2,1,20,3,1,14,99,1,4,14,"777777777777","777777777777","777777777777",1,1
53,530202,1,2,2,18,6,20,0,12,6,1,0,53,1,7,21,7021,6,2005,"2D8GZ58215H5","2","D","8","G","Z","5","8","2","1","5","H","5",0,0,0,"000000000","00000000000",0,0,0,1,0,0,0,0,0,0,0,998,3,0,0,12,8,2,12,0,0,0,1,53,99208,6,1,0,0,3,0,71,185,0,0,0,4,0,1,2012,3,2016,0,91,0,0,0,5,5,50,1,1,2,1,0,0,11,10,99,1,2,68,"777777777777","777777777777","777777777777",0,1
53,530202,2,2,2,18,6,20,0,12,6,1,0,53,2,10,37,10037,3,1997,"4E3AL54F9VE1","4","E","3","A","L","5","4","F","9","V","E","1",0,0,0,"000000000","00000000000",0,0,0,1,0,0,0,0,0,0,0,998,0,0,0,62,8,2,12,0,0,0,1,53,99205,6,2,0,0,3,0,68,135,0,0,0,0,2,4,2016,4,2016,0,0,0,0,0,5,5,50,1,1,2,1,0,0,1,62,99,1,1,69,"777777777777","777777777777","777777777777",1,0
53,530203,1,1,2,24,6,21,43,1,0,1,0,16,2,49,401,49401,14,1994,"JT3VN39W7R01","J","T","3","V","N","3","9","W","7","R","0","1",0,0,0,"000000000","00000000000",0,0,0,1,0,0,0,0,0,0,0,998,0,9,3,0,6,2,1,0,0,0,1,16,83814,6,1,0,0,3,3,65,114,0,0,0,4,0,11,2014,3,2016,0,0,0,0,0,2,4,70,1,1,2,1,0,0,6,3,7,9,4,7,"777777777777","777777777777","777777777777",1,0
53,530204,1,1,1,15,6,12,57,9,0,1,0,53,1,12,481,12481,31,1995,"1FTHX26G0SEA","1","F","T","H","X","2","6","G","0","S","E","A",0,0,0,"000000000","00000000000",0,0,0,1,0,0,0,0,0,0,0,998,0,0,0,12,8,5,9,0,0,0,1,53,99208,6,1,0,0,3,3,73,285,0,0,0,0,0,0,0,0,0,0,0,0,0,0,1,4,30,1,1,2,1,0,0,1,83,99,1,1,13,"777777777777","777777777777","777777777777",0,0
53,530205,1,2,2,18,6,0,43,12,6,1,0,53,2,20,481,20481,31,2007,"2GCEC13V1711","2","G","C","E","C","1","3","V","1","7","1","1",0,0,0,"000000000","00000000000",0,0,0,1,0,0,0,0,0,0,0,998,0,0,0,12,8,5,12,0,0,0,1,53,98466,1,1,0,0,2,3,72,200,0,2,2,0,0,9,2011,7,2014,3,39,0,0,0,1,5,35,1,1,2,1,3,3,1,17,99,1,1,88,"777777777777","777777777777","777777777777",0,1
53,530205,2,2,5,18,6,0,43,12,6,1,0,53,1,58,32,58032,4,2002,"JNKBF01A82M0","J","N","K","B","F","0","1","A","8","2","M","0",0,0,0,"000000000","00000000000",0,0,0,1,0,0,0,0,0,0,0,998,0,0,0,61,8,2,12,0,0,0,1,53,98466,6,1,0,0,3,0,70,165,0,4,1,4,10,8,2011,1,2015,0,0,0,0,0,1,5,35,1,1,2,1,3,3,1,66,99,1,1,89,"777777777777","777777777777","777777777777",1,1
53,530206,1,1,1,23,6,20,45,8,0,1,0,41,1,7,24,7024,4,2010,"2B3CA3CV6AH2","2","B","3","C","A","3","C","V","6","A","H","2",0,0,0,"000000000","00000000000",0,0,0,1,0,0,0,0,0,0,0,998,0,0,0,12,2,5,8,0,0,0,1,53,98499,6,1,0,0,3,0,74,240,0,0,0,3,0,4,2012,11,2014,0,0,0,0,0,1,5,40,1,1,7,1,1,3,1,80,1,1,1,13,"777777777777","777777777777","777777777777",0,0
53,530207,1,1,2,25,6,17,8,42,0,1,0,53,1,45,31,45031,2,1999,"WP0AA2996XS6","W","P","0","A","A","2","9","9","6","X","S","6",0,0,0,"000000000","00000000000",0,0,0,1,0,0,0,0,0,0,0,998,0,0,0,81,8,5,42,0,0,0,1,53,98038,6,1,0,0,3,3,75,220,0,0,0,0,1,1,2016,1,2016,3,0,0,0,0,1,2,35,2,2,2,1,0,0,14,6,7,4,4,2,"777777777777","777777777777","777777777777",2,0
53,530208,1,2,1,29,6,20,36,12,2,1,0,53,2,20,37,20037,4,2005,"1G1ZT54855F2","1","G","1","Z","T","5","4","8","5","5","F","2",0,0,0,"000000000","00000000000",0,0,0,1,0,0,0,0,0,0,0,998,0,0,0,12,6,2,12,0,0,0,1,53,98935,0,0,0,0,0,0,66,170,0,0,0,0,0,0,0,0,0,0,28,33,0,0,1,2,55,1,1,2,1,0,0,6,10,99,1,2,50,"777777777777","777777777777","777777777777",1,1
53,530208,2,2,1,29,6,20,36,12,2,1,0,18,3,84,884,84884,66,2011,"3HSCUAPR9BN2","3","H","S","C","U","A","P","R","9","B","N","2",1,1,57,"0005483","570005483",3,6,1,1,0,0,0,0,0,0,0,998,0,0,0,12,6,2,12,0,0,0,1,16,83869,6,1,6,1,3,0,64,140,0,0,0,0,0,0,0,0,0,0,0,0,0,0,1,2,55,1,1,2,1,0,0,1,62,99,1,1,51,"888888888888","777777777777","777777777777",0,0
53,530209,1,1,1,24,6,12,11,1,0,1,0,6,1,72,706,72706,80,2014,"1HD1KEL31EB6","1","H","D","1","K","E","L","3","1","E","B","6",0,0,0,"000000000","00000000000",0,0,0,1,0,0,0,0,0,0,0,998,0,0,0,0,8,2,1,0,0,0,1,6,93230,6,1,0,0,3,3,73,210,0,0,0,0,0,0,0,0,0,0,0,0,0,0,1,2,60,1,2,2,1,0,0,1,13,99,1,4,1,"777777777777","777777777777","777777777777",1,0
53,530210,1,2,1,25,6,17,5,12,6,1,0,41,2,49,50,49050,3,2006,"JTKDE1678601","J","T","K","D","E","1","6","7","8","6","0","1",0,0,0,"000000000","00000000000",0,0,0,1,0,0,0,0,0,0,0,998,0,0,0,81,8,2,12,0,0,0,1,53,98587,1,1,0,0,2,0,72,140,0,1,0,1,3,11,2013,9,2015,3,28,0,0,0,1,2,98,1,1,2,1,0,0,1,13,6,4,2,66,"777777777777","777777777777","777777777777",1,1
53,530210,2,2,2,25,6,17,5,12,6,1,0,53,2,12,17,12017,4,2010,"1FAHP2FW1AG1","1","F","A","H","P","2","F","W","1","A","G","1",0,0,0,"000000000","00000000000",0,0,0,1,0,0,0,0,0,0,0,0,0,0,0,12,8,2,12,0,0,0,1,53,98586,6,1,0,0,3,0,62,145,0,0,0,3,0,4,2012,6,2014,0,0,0,0,0,1,2,98,1,1,2,1,0,0,1,62,16,1,1,66,"777777777777","777777777777","777777777777",0,0
53,530211,1,1,1,23,6,6,0,1,0,1,0,30,2,6,43,6043,4,2007,"1C3LC66K67N5","1","C","3","L","C","6","6","K","6","7","N","5",0,0,0,"000000000","00000000000",0,0,0,1,0,0,0,0,0,0,0,998,0,9,1,0,6,2,1,0,0,0,1,30,59802,6,1,0,0,3,0,999,999,98,0,0,0,1,9,2011,9,2011,4,58,0,0,0,3,2,70,1,1,2,1,0,0,1,12,7,1,2,98,"777777777777","777777777777","777777777777",1,0
53,530212,1,2,2,19,6,14,58,12,6,1,0,53,1,35,47,35047,4,2006,"1N4AL11D76C1","1","N","4","A","L","1","1","D","7","6","C","1",0,0,0,"000000000","00000000000",0,0,0,1,0,0,0,0,0,0,0,998,0,0,0,61,6,2,12,0,0,0,1,53,98942,6,1,0,0,3,0,67,185,1,0,0,0,0,9,2014,9,2014,0,38,39,0,0,1,2,45,1,1,2,1,20,3,1,17,99,1,1,89,"777777777777","777777777777","777777777777",1,0
53,530212,2,2,2,19,6,14,58,12,6,1,0,53,1,7,482,7482,31,2014,"3C6UR5KL2EG2","3","C","6","U","R","5","K","L","2","E","G","2",0,0,0,"000000000","00000000000",0,0,0,1,0,0,0,0,0,0,0,998,0,0,0,12,6,2,12,0,0,0,1,53,98354,6,1,0,0,3,3,64,155,0,0,0,0,0,0,0,0,0,0,0,0,0,0,1,2,55,1,1,2,1,0,0,1,66,99,1,1,88,"777777777777","777777777777","777777777777",0,0
53,530213,1,1,4,20,5,16,40,1,0,1,0,53,3,98,998,98998,97,2015,"3NSRTE572FG8","3","N","S","R","T","E","5","7","2","F","G","8",0,0,0,"000000000","00000000000",0,0,0,1,0,0,0,0,0,0,0,998,0,2,1,0,8,5,1,0,0,0,1,53,99353,0,0,0,0,0,0,999,999,99,99,99,99,99,99,9999,99,9999,4,58,0,0,0,8,8,98,3,2,5,1,0,0,14,6,6,9,2,98,"777777777777","777777777777","777777777777",2,0
53,530214,1,3,1,21,6,5,0,12,6,1,0,53,1,55,402,55402,14,2014,"KM8JUCAG9EU8","K","M","8","J","U","C","A","G","9","E","U","8",0,0,0,"000000000","00000000000",0,0,0,1,0,0,0,0,0,0,0,998,0,0,0,63,8,2,12,0,0,0,1,53,98059,6,1,0,0,3,3,66,220,0,0,0,0,1,12,2014,12,2014,0,38,0,0,0,1,4,50,1,1,2,8,3,3,10,16,1,1,1,78,"777777777777","777777777777","777777777777",0,0
53,530214,2,3,1,21,6,5,0,12,6,1,0,53,1,77,706,77706,80,2014,"5VPDB36N7E30","5","V","P","D","B","3","6","N","7","E","3","0",0,0,0,"000000000","00000000000",0,0,0,1,0,0,0,0,0,0,0,998,0,0,0,12,8,2,12,0,0,0,1,53,98038,6,1,3,0,3,0,73,205,1,0,0,0,0,12,2013,12,2013,0,0,0,0,0,1,5,50,1,1,2,8,3,3,1,51,99,1,1,79,"777777777777","777777777777","777777777777",1,0
53,530214,3,3,1,21,6,5,0,12,6,1,0,53,1,12,481,12481,31,1997,"1FTDF1763VKA","1","F","T","D","F","1","7","6","3","V","K","A",0,0,0,"000000000","00000000000",0,0,0,1,0,0,0,0,0,0,0,998,0,0,0,12,8,2,12,0,0,0,1,53,98022,6,1,6,0,3,0,70,255,0,0,0,3,2,7,2012,5,2016,0,0,0,0,0,1,5,50,1,1,2,8,3,3,1,60,98,1,1,98,"777777777777","777777777777","777777777777",0,0
53,530215,1,2,1,8,6,17,34,12,6,1,0,53,1,14,401,14401,14,2002,"4M2DU86W62ZJ","4","M","2","D","U","8","6","W","6","2","Z","J",0,0,0,"000000000","00000000000",0,0,0,1,0,0,0,0,0,0,0,998,0,0,0,12,8,2,12,0,0,0,1,53,98671,6,1,0,0,3,0,60,137,0,0,0,0,0,0,0,0,0,0,39,0,0,0,1,2,25,1,1,2,1,20,3,1,17,99,1,1,86,"777777777777","777777777777","777777777777",0,0
53,530215,2,2,2,8,6,17,34,12,6,1,0,53,2,12,13,12013,4,1997,"1FALP13P6VW3","1","F","A","L","P","1","3","P","6","V","W","3",0,0,0,"000000000","00000000000",0,0,0,1,0,0,0,0,0,0,0,998,0,0,0,81,8,2,12,0,0,0,1,53,98607,6,1,0,0,3,0,60,135,0,0,0,0,0,0,0,0,0,0,0,0,0,0,1,4,25,1,1,2,1,0,0,1,66,99,1,1,87,"777777777777","777777777777","777777777777",1,0
53,530216,1,1,1,27,6,22,0,1,0,1,0,53,2,37,31,37031,4,1997,"2HGEJ8540VH5","2","H","G","E","J","8","5","4","0","V","H","5",0,0,0,"000000000","00000000000",0,0,0,1,0,0,0,0,0,0,0,998,0,9,5,0,6,2,1,0,0,0,1,53,98002,6,2,0,0,3,0,67,170,0,0,0,0,0,0,0,0,0,0,0,0,0,0,3,2,60,1,1,2,1,0,0,1,13,99,1,4,1,"777777777777","777777777777","777777777777",1,0
53,530217,1,2,1,17,6,6,25,12,6,1,0,53,1,49,45,49045,4,2003,"JTDBT1232302","J","T","D","B","T","1","2","3","2","3","0","2",0,0,0,"000000000","00000000000",0,0,0,1,0,0,0,0,0,0,0,998,0,0,0,81,8,2,12,0,0,0,1,53,98258,6,1,6,0,3,3,71,185,0,4,1,3,1,4,2012,8,2014,0,48,0,0,0,1,2,55,1,2,2,1,0,0,12,10,99,1,2,98,"777777777777","777777777777","777777777777",1,0
53,530217,2,2,1,17,6,6,25,12,6,1,0,53,1,7,880,7880,67,2012,"3C63D3HL6CG1","3","C","6","3","D","3","H","L","6","C","G","1",0,0,77,"777777777","77777777777",2,1,97,1,0,0,0,0,0,0,0,998,0,0,0,12,8,2,12,0,0,0,1,53,98258,6,1,0,0,3,3,73,240,0,0,0,0,0,0,0,0,0,0,0,0,0,0,1,2,55,1,2,2,1,0,0,1,62,99,1,1,98,"777777777777","777777777777","777777777777",0,0
53,530218,1,5,1,5,2,6,19,35,0,1,0,53,3,82,884,82884,66,1995,"1FUYDXYB4SP7","1","F","U","Y","D","X","Y","B","4","S","P","7",1,1,57,"98677","5798677",3,6,6,1,0,0,0,0,0,0,0,998,0,9,1,81,8,2,1,0,0,0,1,53,98953,6,1,6,1,3,0,70,173,0,8,1,4,9,6,2011,4,2015,4,91,0,0,0,3,3,65,3,2,1,2,0,0,14,6,99,1,4,1,"888888888888","777777777777","777777777777",0,0
53,530218,2,5,1,5,2,6,19,35,0,1,0,53,3,85,881,85881,66,2003,"1XKDDB9X03R3","1","X","K","D","D","B","9","X","0","3","R","3",1,1,57,"176837","57176837",3,6,2,1,0,0,0,0,0,0,0,998,0,0,0,12,8,2,12,0,0,0,1,53,98942,6,1,6,1,3,3,68,280,0,1,0,0,3,2,2011,2,2014,0,0,0,0,0,3,3,65,3,2,1,2,0,0,14,50,99,1,1,98,"888888888888","777777777777","777777777777",0,0
53,530218,3,5,2,5,2,6,19,35,0,1,0,53,2,51,46,51046,4,2001,"YV1VS29591F6","Y","V","1","V","S","2","9","5","9","1","F","6",0,0,0,"000000000","00000000000",0,0,0,1,0,0,0,0,0,0,0,998,0,0,0,99,8,2,35,0,0,0,1,53,98940,6,1,6,0,3,3,72,200,0,0,0,0,0,0,0,0,0,0,0,0,0,0,3,3,65,3,2,1,2,0,0,14,13,99,1,4,98,"777777777777","777777777777","777777777777",2,0
53,530218,4,5,2,5,2,6,19,35,0,1,0,53,3,12,481,12481,31,2013,"1FT7X2BT6DEA","1","F","T","7","X","2","B","T","6","D","E","A",0,0,0,"000000000","00000000000",0,0,0,1,0,0,0,0,0,0,0,998,0,0,0,99,8,2,35,0,0,0,1,53,98943,6,1,0,0,3,0,70,230,0,4,0,5,1,4,2011,9,2015,0,0,0,0,0,3,3,65,3,2,1,2,0,0,14,13,99,1,4,98,"777777777777","777777777777","777777777777",0,0
53,530218,5,5,1,5,2,6,19,35,0,1,0,53,1,48,34,48034,4,2011,"4S3BMBA68B32","4","S","3","B","M","B","A","6","8","B","3","2",0,0,0,"000000000","00000000000",0,0,0,1,0,0,0,0,0,0,0,998,0,0,0,99,8,2,12,0,0,0,1,53,98908,6,1,0,0,3,0,68,165,0,0,0,0,0,0,0,0,0,0,0,0,0,0,3,3,65,3,2,1,2,0,0,14,50,99,1,1,98,"777777777777","777777777777","777777777777",0,0
53,530219,1,1,2,11,2,16,0,31,0,1,0,53,1,49,46,49046,5,2014,"JTDKN3DU2E17","J","T","D","K","N","3","D","U","2","E","1","7",0,0,0,"000000000","00000000000",0,0,0,1,0,0,0,0,0,0,0,998,0,0,0,12,8,2,30,0,0,0,1,53,98335,6,1,0,0,3,3,65,125,1,0,0,0,0,9,2013,9,2013,0,0,0,0,0,1,2,35,1,1,2,2,0,0,1,12,99,1,4,6,"777777777777","777777777777","777777777777",1,0
53,530220,1,2,3,5,3,1,54,12,6,1,0,53,1,37,31,37031,4,2006,"JHMFA36296S0","J","H","M","F","A","3","6","2","9","6","S","0",0,0,0,"000000000","00000000000",0,0,0,1,0,0,0,0,0,0,0,998,0,0,0,83,6,5,12,0,0,0,1,53,98058,6,1,0,0,3,0,69,160,0,0,0,3,2,5,2012,1,2015,0,38,91,0,0,3,3,35,1,1,2,2,0,0,11,15,99,1,2,68,"777777777777","777777777777","777777777777",1,1
53,530220,2,2,2,5,3,1,54,12,6,1,0,53,1,34,34,34034,4,2006,"WBAVB335X6PS","W","B","A","V","B","3","3","5","X","6","P","S",0,0,0,"000000000","00000000000",0,0,0,1,0,0,0,0,0,0,0,998,0,0,0,12,6,5,12,0,0,0,1,53,98087,6,1,0,0,3,0,69,135,0,1,0,1,2,8,2014,2,2015,3,0,0,0,0,3,3,35,1,1,2,2,0,0,1,62,99,1,1,69,"777777777777","777777777777","777777777777",0,0
53,530221,1,1,3,20,3,15,0,1,0,1,0,53,2,12,481,12481,31,2001,"1FTZF17271KF","1","F","T","Z","F","1","7","2","7","1","K","F",0,0,0,"000000000","00000000000",0,0,0,1,0,0,0,0,0,0,0,998,0,9,5,0,6,2,1,0,0,0,1,53,98938,6,1,0,0,3,0,68,220,1,0,0,0,1,9,2012,9,2015,0,0,0,0,0,2,2,70,3,1,2,1,0,0,14,1,99,3,4,2,"777777777777","777777777777","777777777777",1,0
53,530222,1,2,3,8,3,16,59,12,1,1,0,53,1,6,52,6052,6,2007,"3A4FY58B97T5","3","A","4","F","Y","5","8","B","9","7","T","5",0,0,0,"000000000","00000000000",0,0,0,1,0,0,0,0,0,0,0,998,0,0,0,12,8,2,12,0,0,1,1,53,98229,1,1,0,0,2,0,70,180,0,1,0,1,2,5,2014,6,2014,4,0,0,0,0,1,2,30,1,1,2,1,3,3,1,50,1,1,1,20,"777777777777","777777777777","777777777777",1,0
53,530222,2,2,1,8,3,16,59,12,1,1,0,53,3,98,988,98988,52,2015,"5FYE8YJ05FC0","5","F","Y","E","8","Y","J","0","5","F","C","0",0,0,57,"506909","57506909",3,21,22,1,0,0,0,0,6,3,0,0,0,0,0,6,8,8,12,0,0,0,1,53,98445,6,1,6,1,3,3,70,220,0,0,0,1,0,9,2013,9,2013,0,0,0,0,0,1,2,30,1,1,2,1,3,3,5,53,1,1,1,21,"777777777777","777777777777","777777777777",0,0
53,530223,1,1,1,2,5,23,8,9,0,1,0,53,1,20,421,20421,15,1988,"1GNCS18Z9J82","1","G","N","C","S","1","8","Z","9","J","8","2",0,0,0,"000000000","00000000000",0,0,0,1,0,0,0,0,0,0,0,998,0,0,0,12,8,8,9,0,0,0,1,53,99207,1,1,0,0,2,3,74,305,2,1,0,0,2,6,2011,3,2016,0,0,0,0,0,3,2,30,1,1,2,1,0,0,1,13,99,1,4,15,"777777777777","777777777777","777777777777",0,0
53,530224,1,1,1,14,5,22,41,9,0,1,0,53,3,94,989,94989,52,2012,"5FYD5YU03CB0","5","F","Y","D","5","Y","U","0","3","C","B","0",0,0,77,"777777777","77777777777",3,21,22,1,0,0,0,0,6,3,0,998,0,0,0,3,8,5,9,0,0,0,1,53,98032,6,1,6,1,3,0,63,130,1,0,0,0,0,3,2016,3,2016,0,0,0,0,0,1,2,30,1,2,2,1,3,3,1,83,99,1,1,13,"777777777777","777777777777","777777777777",0,0
53,530225,1,1,1,2,6,22,25,42,0,1,0,53,1,49,472,49472,30,2006,"5TETU62N06Z2","5","T","E","T","U","6","2","N","0","6","Z","2",0,0,0,"000000000","00000000000",0,0,0,1,0,0,0,0,0,0,0,69,0,0,0,12,8,5,2,0,0,1,1,53,98948,6,1,0,0,3,3,71,155,0,0,0,2,1,6,2011,3,2016,4,0,0,0,0,1,2,50,3,1,2,1,0,0,14,13,6,1,4,1,"777777777777","777777777777","777777777777",1,1
53,530226,1,2,1,13,6,0,30,1,0,1,0,53,1,76,705,76705,80,2006,"JYARJ08E96A0","J","Y","A","R","J","0","8","E","9","6","A","0",0,0,0,"000000000","00000000000",0,0,0,1,0,0,0,0,0,0,0,998,0,0,0,0,6,2,12,0,0,0,1,53,98059,6,1,0,0,2,0,73,186,0,0,0,3,0,3,2014,5,2015,0,0,0,0,0,3,2,60,1,2,1,1,0,0,15,5,99,1,2,98,"777777777777","777777777777","777777777777",1,0
53,530226,2,2,2,13,6,0,30,1,0,1,0,53,2,20,481,20481,31,2009,"1GCEK29049Z2","1","G","C","E","K","2","9","0","4","9","Z","2",0,0,0,"000000000","00000000000",0,0,0,1,0,0,0,0,0,0,0,998,0,0,0,12,8,5,12,0,0,0,1,53,98006,6,1,0,0,3,0,68,225,1,0,0,2,1,6,2013,12,2013,0,0,0,0,0,3,2,60,1,2,1,1,0,0,1,98,99,1,1,98,"777777777777","777777777777","777777777777",0,0
53,530227,1,2,3,1,6,14,45,12,2,1,0,53,2,37,32,37032,4,1992,"1HGCB7655NA1","1","H","G","C","B","7","6","5","5","N","A","1",0,0,0,"000000000","00000000000",0,0,0,1,0,0,0,0,0,0,0,998,0,0,0,12,8,2,12,0,0,0,1,53,99344,6,1,0,0,3,0,62,105,0,0,0,0,0,0,0,0,0,0,0,0,0,0,1,2,60,2,1,2,1,0,0,14,10,99,1,2,50,"777777777777","777777777777","777777777777",1,0
53,530227,2,2,1,1,6,14,45,12,2,1,0,53,1,20,471,20471,30,1995,"1GCCS19Z7S82","1","G","C","C","S","1","9","Z","7","S","8","2",0,0,0,"000000000","00000000000",0,0,0,1,0,0,0,0,0,0,0,998,0,0,0,12,8,2,12,0,0,0,1,53,99344,6,1,0,0,3,0,66,160,0,0,0,0,4,6,2012,6,2015,0,0,0,0,0,1,2,60,3,1,2,1,0,0,14,62,6,1,1,51,"777777777777","777777777777","777777777777",0,0
53,530228,1,2,1,28,6,13,46,11,0,1,0,53,1,53,31,53031,3,1998,"2S2AB21H0W66","2","S","2","A","B","2","1","H","0","W","6","6",0,0,0,"000000000","00000000000",0,0,0,1,0,0,0,0,0,0,0,998,0,0,0,12,8,2,11,0,0,0,1,53,98584,6,1,0,0,3,3,70,195,0,0,0,1,0,4,2014,4,2014,0,0,0,0,0,1,2,50,1,1,2,1,0,0,1,87,99,1,1,13,"777777777777","777777777777","777777777777",0,0