"STATE","ST_CASE","VEH_NO","VE_FORMS","NUMOCCS","DAY","MONTH","HOUR","MINUTE","HARM_EV","MAN_COLL","UNITTYPE","HIT_RUN","REG_STAT","OWNER","MAKE","MODEL","MAK_MOD","BODY_TYP","MOD_YEAR","VIN","VIN_1","VIN_2","VIN_3","VIN_4","VIN_5","VIN_6","VIN_7","VIN_8","VIN_9","VIN_10","VIN_11","VIN_12","TOW_VEH","J_KNIFE","MCARR_I1","MCARR_I2","MCARR_ID","GVWR","V_CONFIG","CARGO_BT","HAZ_INV","HAZ_PLAC","HAZ_ID","HAZ_CNO","HAZ_REL","BUS_USE","SPEC_USE","EMER_USE","TRAV_SP","UNDERIDE","ROLLOVER","ROLINLOC","IMPACT1","DEFORMED","TOWED","M_HARM","VEH_SC1","VEH_SC2","FIRE_EXP","DR_PRES","L_STATE","DR_ZIP","L_STATUS","L_TYPE","CDL_STAT","L_ENDORS","L_COMPL","L_RESTRI","DR_HGT","DR_WGT","PREV_ACC","PREV_SUS","PREV_DWI","PREV_SPD","PREV_OTH","FIRST_MO","FIRST_YR","LAST_MO","LAST_YR","SPEEDREL","DR_SF1","DR_SF2","DR_SF3","DR_SF4","VTRAFWAY","VNUM_LAN","VSPD_LIM","VALIGN","VPROFILE","VPAVETYP","VSURCOND","VTRAFCON","VTCONT_F","P_CRASH1","P_CRASH2","P_CRASH3","PCRASH4","PCRASH5","ACC_TYPE","TRLR1VIN","TRLR2VIN","TRLR3VIN","DEATHS","DR_DRINK"
53,530228,2,2,1,28,6,13,46,11,0,1,0,53,3,12,444,12444,20,2012,"NM0LS7BNXCT1","N","M","0","L","S","7","B","N","X","C","T","1",0,0,0,"000000000","00000000000",0,0,0,1,0,0,0,0,0,0,0,998,0,0,0,12,8,2,11,0,0,0,1,53,98557,6,1,0,0,3,0,73,180,0,0,0,2,0,10,2014,12,2014,0,0,0,0,0,1,2,50,1,1,2,1,0,0,1,98,99,1,1,98,"777777777777","777777777777","777777777777",1,0
53,530229,1,1,2,18,6,8,40,1,0,1,0,53,1,41,47,41047,4,1995,"JM1TA2215S11","J","M","1","T","A","2","2","1","5","S","1","1",0,0,0,"000000000","00000000000",0,0,0,1,0,0,0,0,0,0,0,998,0,9,3,0,6,2,1,0,0,0,1,53,98226,1,1,0,0,2,0,67,226,0,7,0,0,10,12,2013,7,2015,4,0,0,0,0,2,2,70,2,1,2,2,0,0,14,6,99,4,4,7,"777777777777","777777777777","777777777777",1,0
53,530230,1,12,2,14,6,17,45,12,1,1,0,95,1,51,881,51881,66,2016,"4V4NC9EH9GN9","4","V","4","N","C","9","E","H","9","G","N","9",1,1,57,"1594803","571594803",3,6,1,1,0,0,0,0,0,0,0,998,0,0,0,12,6,2,12,0,0,0,1,95,0,9,9,99,9,9,9,999,999,99,99,99,99,99,99,9999,99,9999,4,0,0,0,0,3,3,60,1,1,2,1,0,0,1,50,99,9,1,20,"888888888888","777777777777","777777777777",0,0
53,530230,2,12,2,14,6,17,45,12,1,1,0,53,2,63,37,63037,6,2015,"KNDJN2A22F72","K","N","D","J","N","2","A","2","2","F","7","2",0,0,0,"000000000","00000000000",0,0,0,1,0,0,0,0,0,0,0,0,0,0,0,6,6,2,12,0,0,0,1,53,98418,6,1,0,0,3,3,72,280,0,0,0,0,0,0,0,0,0,0,0,0,0,0,3,3,60,1,1,2,1,0,0,5,53,1,1,1,98,"777777777777","777777777777","777777777777",2,0
53,530230,3,12,1,14,6,17,45,12,1,1,0,53,1,55,36,55036,3,2008,"KMHCM36C38U0","K","M","H","C","M","3","6","C","3","8","U","0",0,0,0,"000000000","00000000000",0,0,0,1,0,0,0,0,0,0,0,0,0,0,0,6,8,2,12,0,0,0,1,53,98516,6,1,0,0,3,3,66,145,1,0,0,0,1,11,2012,4,2014,0,0,0,0,0,3,3,60,1,1,2,1,0,0,5,53,1,1,1,21,"777777777777","777777777777","777777777777",0,0
53,530230,4,12,1,14,6,17,45,12,1,1,0,53,1,2,408,2408,14,2015,"ZACCJAAH5FPC","Z","A","C","C","J","A","A","H","5","F","P","C",0,0,0,"000000000","00000000000",0,0,0,1,0,0,0,0,0,0,0,0,0,0,0,81,8,5,12,0,0,0,1,53,98407,6,1,0,0,3,0,74,195,0,0,0,0,1,6,2011,6,2011,0,0,0,0,0,3,3,60,1,1,2,1,0,0,5,53,1,1,1,98,"777777777777","777777777777","777777777777",0,0
53,530230,5,12,1,14,6,17,45,12,1,1,0,53,3,2,422,2422,15,2015,"1C4RJFBG0FC6","1","C","4","R","J","F","B","G","0","F","C","6",0,0,0,"000000000","00000000000",0,0,0,1,0,0,0,0,0,0,0,0,0,0,0,6,8,5,12,0,0,0,1,42,15108,6,1,0,0,3,0,72,999,0,0,0,0,0,0,0,0,0,0,0,0,0,0,3,3,60,1,1,2,1,0,0,5,53,1,1,1,98,"777777777777","777777777777","777777777777",0,0
53,530230,6,12,2,14,6,17,45,12,1,1,0,53,1,35,47,35047,4,2015,"1N4AL3AP3FN3","1","N","4","A","L","3","A","P","3","F","N","3",0,0,0,"000000000","00000000000",0,0,0,1,0,0,0,0,0,0,0,0,0,0,0,6,8,5,12,0,0,0,1,53,98444,6,1,0,0,3,3,64,115,0,0,0,1,0,7,2012,7,2012,0,0,0,0,0,3,3,60,1,1,2,1,0,0,5,53,1,1,1,98,"777777777777","777777777777","777777777777",0,0
53,530230,7,12,1,14,6,17,45,12,1,1,0,12,4,20,29,20029,5,2014,"KL8CD6S91EC5","K","L","8","C","D","6","S","9","1","E","C","5",0,0,0,"000000000","00000000000",0,0,0,1,0,0,0,0,0,0,0,0,0,0,0,6,8,2,12,0,0,0,1,31,68046,6,1,0,0,3,0,66,130,0,0,0,0,0,0,0,0,0,0,0,0,0,0,3,3,60,1,1,2,1,0,0,5,53,1,1,1,98,"777777777777","777777777777","777777777777",0,0
53,530230,8,12,2,14,6,17,45,12,1,1,0,53,1,12,402,12402,14,2013,"1FMCU9H98DUB","1","F","M","C","U","9","H","9","8","D","U","B",0,0,0,"000000000","00000000000",0,0,0,1,0,0,0,0,0,0,0,0,0,0,0,6,8,5,12,0,0,0,1,53,98146,6,1,0,0,3,0,71,185,1,0,0,1,0,5,2014,2,2016,0,0,0,0,0,3,3,60,1,1,2,1,0,0,5,53,1,1,1,98,"777777777777","777777777777","777777777777",0,0
53,530230,9,12,1,14,6,17,45,12,1,1,0,53,1,49,403,49403,14,2007,"JTEEP21AX702","J","T","E","E","P","2","1","A","X","7","0","2",0,0,0,"000000000","00000000000",0,0,0,1,0,0,0,0,0,0,0,0,0,0,0,99,8,2,12,0,0,0,1,53,98092,6,1,0,0,3,0,63,200,0,0,0,0,0,0,0,0,0,0,0,0,0,0,3,3,60,1,1,2,1,0,0,5,53,1,1,1,98,"777777777777","777777777777","777777777777",0,0
53,530230,10,12,1,14,6,17,45,12,1,1,0,49,1,41,51,41051,4,2011,"JM1BL1U52B14","J","M","1","B","L","1","U","5","2","B","1","4",0,0,0,"000000000","00000000000",0,0,0,1,0,0,0,0,0,0,0,0,0,0,0,6,8,5,54,0,0,0,1,49,84663,6,1,0,0,3,0,61,200,98,0,0,0,0,0,0,0,0,0,0,0,0,0,3,3,60,1,1,2,1,0,0,5,53,1,1,1,98,"777777777777","777777777777","777777777777",0,0
53,530230,11,12,1,14,6,17,45,12,1,1,0,53,1,12,27,12027,5,2014,"1FADP5CU8EL5","1","F","A","D","P","5","C","U","8","E","L","5",0,0,0,"000000000","00000000000",0,0,0,1,0,0,0,0,0,0,0,0,0,0,0,6,8,5,12,0,0,0,1,53,98374,6,1,0,0,3,0,75,210,0,0,0,1,0,3,2012,3,2012,0,0,0,0,0,3,3,60,1,1,2,1,0,0,5,53,1,1,1,98,"777777777777","777777777777","777777777777",0,0
53,530230,12,12,2,14,6,17,45,12,1,1,0,95,9,51,881,51881,66,2015,"4V4NC9EH2FN1","4","V","4","N","C","9","E","H","2","F","N","1",1,1,57,"971403","57971403",3,6,1,1,0,0,0,0,0,0,0,0,0,0,0,99,8,5,54,0,0,0,1,95,0,9,9,99,9,9,9,999,999,99,99,99,99,99,99,9999,99,9999,0,0,0,0,0,3,3,60,1,1,2,1,0,0,5,53,1,1,1,98,"888888888888","777777777777","777777777777",0,0
53,530232,1,1,1,3,7,3,21,1,0,1,0,53,2,7,472,7472,30,1990,"1B7GG26X1LS6","1","B","7","G","G","2","6","X","1","L","S","6",0,0,0,"000000000","00000000000",0,0,0,1,0,0,0,0,0,0,0,998,0,9,1,0,8,5,1,0,0,0,1,53,99004,6,1,0,0,3,3,72,165,0,0,0,1,3,4,2016,4,2016,4,0,0,0,0,1,2,45,3,1,2,1,0,0,14,6,6,4,2,98,"777777777777","777777777777","777777777777",1,1
53,530233,1,2,1,3,7,23,12,12,6,1,0,53,2,37,32,37032,4,1992,"1HGCB7674NA1","1","H","G","C","B","7","6","7","4","N","A","1",0,0,0,"000000000","00000000000",0,0,0,1,0,0,0,0,0,0,0,998,0,0,0,81,6,2,12,0,0,0,1,53,98675,6,2,0,0,3,1,64,105,0,0,0,0,0,0,0,0,0,0,28,0,0,0,1,2,55,1,1,2,1,0,0,1,10,99,4,2,66,"777777777777","777777777777","777777777777",1,0
53,530233,2,2,3,3,7,23,12,12,6,1,0,53,1,35,39,35039,4,2001,"JN1CA31A71T1","J","N","1","C","A","3","1","A","7","1","T","1",0,0,0,"000000000","00000000000",0,0,0,1,0,0,0,0,0,0,0,998,0,0,0,12,6,2,12,0,0,0,1,53,98675,6,1,0,0,3,0,71,155,1,0,0,0,0,8,2015,8,2015,0,0,0,0,0,1,2,55,1,1,2,1,0,0,1,62,99,1,1,66,"777777777777","777777777777","777777777777",0,0
53,530234,1,2,1,3,7,14,11,12,2,1,0,53,1,63,33,63033,4,2005,"KNAFE1212551","K","N","A","F","E","1","2","1","2","5","5","1",0,0,0,"000000000","00000000000",0,0,0,1,0,0,0,0,0,0,0,998,0,0,0,12,6,2,12,0,0,0,1,53,98631,6,1,0,0,3,0,66,140,1,0,0,0,1,11,2015,11,2015,0,28,0,0,0,1,2,45,2,1,2,1,0,0,14,10,99,1,2,50,"777777777777","777777777777","777777777777",1,1
53,530234,2,2,2,3,7,14,11,12,2,1,0,53,1,55,35,55035,4,2011,"5NPDH4AE3BH0","5","N","P","D","H","4","A","E","3","B","H","0",0,0,0,"000000000","00000000000",0,0,0,1,0,0,0,0,0,0,0,998,0,0,0,12,6,2,12,0,0,0,1,53,98640,6,1,0,0,3,3,65,165,0,0,0,0,0,0,0,0,0,0,0,0,0,0,1,2,45,3,1,2,1,0,0,14,62,99,1,1,51,"777777777777","777777777777","777777777777",1,0
53,530235,1,1,1,6,7,7,24,8,0,1,0,53,2,49,32,49032,4,1996,"2T1BB02E3TC1","2","T","1","B","B","0","2","E","3","T","C","1",0,0,0,"000000000","00000000000",0,0,0,1,0,0,0,0,0,0,0,998,0,0,0,12,8,5,8,0,0,0,1,53,99027,6,1,0,0,3,3,66,180,0,0,0,0,0,0,0,0,0,0,38,0,0,0,5,3,35,1,1,2,1,0,0,1,80,99,1,1,13,"777777777777","777777777777","777777777777",0,0
53,530236,1,1,1,5,7,17,33,33,0,1,0,53,1,76,705,76705,83,2005,"JYACJ07Y35A0","J","Y","A","C","J","0","7","Y","3","5","A","0",0,0,0,"000000000","00000000000",0,0,0,1,0,0,0,0,0,0,0,998,0,0,0,81,8,5,30,0,0,0,1,53,98270,1,1,0,0,2,3,70,170,2,10,2,1,8,8,2011,7,2015,3,0,0,0,0,1,2,25,2,2,2,1,0,0,14,13,99,1,4,1,"777777777777","777777777777","777777777777",1,1
53,530237,1,2,6,6,7,17,5,12,6,1,0,6,1,63,441,63441,20,2005,"KNDUP1324567","K","N","D","U","P","1","3","2","4","5","6","7",0,0,0,"000000000","00000000000",0,0,0,1,0,0,0,0,0,0,0,998,0,0,0,61,8,2,12,0,0,0,1,53,98802,6,1,0,0,3,0,68,165,0,0,0,0,0,0,0,0,0,0,38,0,0,0,1,2,35,1,1,2,1,20,3,11,15,99,1,1,82,"777777777777","777777777777","777777777777",1,0
53,530237,2,2,1,6,7,17,5,12,6,1,0,53,3,98,884,98884,66,1998,"10BAB3168WM0","1","0","B","A","B","3","1","6","8","W","M","0",1,1,57,"568388","57568388",3,6,2,1,0,0,0,0,0,0,0,998,0,0,0,12,8,2,12,0,0,0,1,53,99357,6,1,6,1,3,3,67,220,0,0,0,1,0,6,2016,6,2016,0,0,0,0,0,1,2,50,1,1,2,1,0,0,1,67,99,1,1,83,"888888888888","777777777777","777777777777",0,0
53,530238,1,1,4,6,7,13,25,1,0,1,0,53,2,35,401,35401,14,1994,"JN8HD17Y3RW2","J","N","8","H","D","1","7","Y","3","R","W","2",0,0,0,"000000000","00000000000",0,0,0,1,0,0,0,0,0,0,0,998,0,9,5,0,6,2,1,0,0,1,1,53,98902,1,1,0,0,2,0,70,220,0,1,0,0,2,8,2015,12,2015,0,91,0,0,0,2,2,70,1,1,1,1,0,0,1,12,7,9,4,2,"777777777777","777777777777","777777777777",1,0
53,530239,1,2,1,7,7,0,25,12,1,1,0,53,1,50,706,50706,80,2005,"SMT815MD85J2","S","M","T","8","1","5","M","D","8","5","J","2",0,0,0,"000000000","00000000000",0,0,0,1,0,0,0,0,0,0,0,998,0,0,0,12,8,5,12,0,0,0,1,53,98503,1,1,0,0,2,0,70,200,0,4,1,1,5,9,2012,4,2016,0,26,0,0,0,3,3,60,1,2,1,1,0,0,1,51,99,9,1,24,"777777777777","777777777777","777777777777",1,1
53,530239,2,2,1,7,7,0,25,12,1,1,1,99,9,99,898,99898,66,9999,"888888888888","8","8","8","8","8","8","8","8","8","8","8","8",1,1,77,"777777777","77777777777",3,6,1,1,0,0,0,0,0,0,0,998,0,0,0,6,9,5,12,0,0,0,1,99,99999,9,9,99,9,9,9,999,999,99,99,99,99,99,99,9999,99,9999,9,99,99,99,99,3,3,60,1,2,1,1,0,0,1,53,99,9,1,25,"888888888888","777777777777","777777777777",0,0
53,530240,1,1,1,8,7,21,16,25,0,1,0,53,3,85,881,85881,66,2012,"1XKAP49X1CJ3","1","X","K","A","P","4","9","X","1","C","J","3",1,1,57,"589006","57589006",3,6,1,1,0,0,0,0,0,0,0,998,0,9,5,81,6,2,1,0,0,0,1,53,98003,6,1,6,1,3,0,70,190,1,0,0,0,1,11,2014,11,2014,0,0,0,0,0,6,1,60,3,2,1,1,0,0,14,6,99,9,4,2,"888888888888","777777777777","777777777777",1,1
53,530241,1,4,2,10,7,12,42,12,1,1,0,53,2,41,50,41050,4,2004,"1YVFP80D445N","1","Y","V","F","P","8","0","D","4","4","5","N",0,0,0,"000000000","00000000000",0,0,0,1,0,0,0,0,0,0,0,998,0,0,0,12,8,2,12,0,0,0,1,53,99350,6,1,0,0,3,3,66,180,1,0,0,1,3,7,2013,3,2015,4,26,0,0,0,2,2,70,1,1,1,1,0,0,1,52,99,1,1,24,"777777777777","777777777777","777777777777",0,0
53,530241,2,4,2,10,7,12,42,12,1,1,0,53,1,49,43,49043,4,2004,"4T1BF28B44U3","4","T","1","B","F","2","8","B","4","4","U","3",0,0,0,"000000000","00000000000",0,0,0,1,0,0,0,0,0,0,0,998,0,0,0,6,8,2,12,0,0,0,1,53,98446,6,1,0,0,3,3,70,255,1,0,0,0,0,1,2012,1,2012,0,0,0,0,0,2,2,70,1,1,1,1,0,0,1,53,99,1,1,25,"777777777777","777777777777","777777777777",1,0
53,530241,3,4,4,10,7,12,42,12,1,1,0,53,1,20,481,20481,31,2007,"1GCEC19X57Z6","1","G","C","E","C","1","9","X","5","7","Z","6",0,0,0,"000000000","00000000000",0,0,0,1,0,0,0,0,0,0,0,998,0,0,0,6,8,5,12,0,0,0,1,53,98351,6,1,0,0,3,0,72,220,0,0,0,1,0,9,2011,9,2011,0,0,0,0,0,2,2,70,1,1,1,1,0,0,1,53,99,1,1,98,"777777777777","777777777777","777777777777",0,0
53,530241,4,4,4,10,7,12,42,12,1,1,0,53,1,12,481,12481,31,2014,"1FTFW1ET7EFA","1","F","T","F","W","1","E","T","7","E","F","A",0,0,0,"000000000","00000000000",0,0,0,1,0,0,0,0,0,0,0,998,0,0,0,7,8,5,12,0,0,0,1,53,98065,6,1,0,0,3,0,75,210,0,0,0,2,0,11,2011,8,2013,0,0,0,0,0,2,2,70,1,1,1,1,0,0,1,53,99,1,1,98,"777777777777","777777777777","777777777777",0,0
53,530242,1,1,1,10,7,13,13,41,0,1,0,6,1,34,709,34709,80,2008,"WB10390078ZT","W","B","1","0","3","9","0","0","7","8","Z","T",0,0,0,"000000000","00000000000",0,0,0,1,0,0,0,0,0,0,0,998,0,0,0,12,6,2,43,0,0,0,1,6,92651,6,1,0,0,3,0,72,205,0,0,0,0,0,0,0,0,0,0,0,0,0,0,1,3,45,3,2,2,1,0,0,14,13,99,1,4,1,"777777777777","777777777777","777777777777",1,0
53,530243,1,1,2,1,7,7,56,8,0,1,0,41,3,98,806,98806,59,2015,"5PVNV8JT7F4S","5","P","V","N","V","8","J","T","7","F","4","S",0,0,57,"829183","57829183",3,21,22,1,0,0,0,0,98,0,0,998,0,0,0,12,8,5,8,0,0,0,1,53,98387,6,1,6,1,3,0,72,230,0,4,0,0,5,10,2011,6,2013,0,0,0,0,0,4,1,35,1,2,1,1,0,0,1,80,99,1,1,13,"777777777777","777777777777","777777777777",0,0
53,530244,1,1,6,12,7,6,50,24,0,1,0,53,2,2,404,2404,14,1996,"1J4GZ58S5TC4","1","J","4","G","Z","5","8","S","5","T","C","4",0,0,0,"000000000","00000000000",0,0,0,1,0,0,0,0,0,0,0,998,0,1,3,81,6,2,1,0,0,0,1,53,98465,1,1,0,0,2,0,71,160,0,5,0,0,7,12,2011,8,2014,0,0,0,0,0,2,2,70,3,2,1,2,0,0,14,13,99,1,4,1,"777777777777","777777777777","777777777777",1,1
53,530245,1,1,1,13,7,23,28,8,0,1,0,53,1,2,403,2403,14,2014,"1C4BJWFG6EL2","1","C","4","B","J","W","F","G","6","E","L","2",0,0,0,"000000000","00000000000",0,0,0,1,0,0,0,0,0,0,0,998,0,0,0,12,8,2,8,0,0,0,1,53,98665,6,1,0,0,3,3,74,205,2,0,0,0,0,6,2014,3,2016,0,0,0,0,0,3,4,60,1,1,2,1,0,0,1,80,99,1,1,13,"777777777777","777777777777","777777777777",0,1
53,530246,1,1,1,14,7,21,45,15,0,1,0,53,1,7,472,7472,31,2003,"1D7HL12X03S3","1","D","7","H","L","1","2","X","0","3","S","3",0,0,0,"000000000","00000000000",0,0,0,1,0,0,0,0,0,0,0,998,0,0,0,12,8,5,15,0,0,0,1,53,98370,6,1,0,0,3,0,74,190,0,2,0,2,4,8,2011,10,2013,0,0,0,0,0,1,2,45,1,2,2,1,0,0,1,80,1,1,1,13,"777777777777","777777777777","777777777777",0,0
53,530247,1,4,1,15,7,11,49,12,2,1,0,53,1,2,422,2422,15,2014,"1C4RJFCG0EC1","1","C","4","R","J","F","C","G","0","E","C","1",0,0,0,"000000000","00000000000",0,0,0,1,0,0,0,0,0,0,0,998,0,0,0,12,6,2,12,0,0,0,1,53,98311,6,1,0,0,3,0,73,222,0,0,0,0,0,0,0,0,0,0,28,0,0,0,1,2,55,1,2,2,1,0,0,1,10,99,1,1,50,"777777777777","777777777777","777777777777",0,0
53,530247,2,4,1,15,7,11,49,12,2,1,0,53,1,72,706,72706,80,2003,"1HD1FVW133Y6","1","H","D","1","F","V","W","1","3","3","Y","6",0,0,0,"000000000","00000000000",0,0,0,1,0,0,0,0,0,0,0,998,0,0,0,12,6,2,12,0,0,0,1,53,98027,6,1,0,0,3,0,69,160,0,0,0,0,0,0,0,0,0,0,0,0,0,0,1,2,55,1,2,2,1,0,0,1,62,99,1,1,51,"777777777777","777777777777","777777777777",0,0
53,530247,3,4,1,15,7,11,49,12,2,1,0,53,1,72,706,72706,80,2003,"1HD1FSW4X3Y6","1","H","D","1","F","S","W","4","X","3","Y","6",0,0,0,"000000000","00000000000",0,0,0,1,0,0,0,0,0,0,0,998,0,0,0,12,6,2,12,0,0,0,1,53,98021,6,1,0,0,3,0,72,210,1,0,1,1,1,4,2012,6,2016,0,0,0,0,0,1,2,55,1,2,2,1,0,0,1,62,99,1,1,98,"777777777777","777777777777","777777777777",1,0
53,530247,4,4,1,15,7,11,49,12,2,1,0,53,1,73,706,73706,80,2005,"JKBVNMA115A0","J","K","B","V","N","M","A","1","1","5","A","0",0,0,0,"000000000","00000000000",0,0,0,1,0,0,0,0,0,0,0,998,0,0,0,12,8,5,54,0,0,0,1,53,98045,6,1,6,3,3,0,70,210,0,0,0,0,3,3,2012,9,2012,0,0,0,0,0,1,2,55,1,2,2,1,0,0,1,90,99,1,1,98,"777777777777","777777777777","777777777777",0,0
53,530248,1,3,1,15,7,22,50,12,8,1,1,99,9,12,499,12499,39,9999,"888888888888","8","8","8","8","8","8","8","8","8","8","8","8",0,0,0,"000000000","00000000000",0,0,0,1,0,0,0,0,0,0,0,998,0,0,0,62,8,5,12,0,0,0,1,99,99999,9,9,99,9,9,9,999,999,99,99,99,99,99,99,9999,99,9999,0,38,0,0,0,5,5,50,1,1,2,1,3,3,11,15,99,1,1,68,"777777777777","777777777777","777777777777",0,0
53,530248,2,3,1,15,7,22,50,12,8,1,0,53,1,72,706,72706,80,2000,"1HD1BTY13YY0","1","H","D","1","B","T","Y","1","3","Y","Y","0",0,0,0,"000000000","00000000000",0,0,0,1,0,0,0,0,0,0,0,998,0,0,0,63,6,2,12,0,0,0,1,53,98371,6,1,0,0,3,0,71,200,0,0,0,0,3,1,2015,3,2016,0,0,0,0,0,5,5,50,1,1,2,1,3,3,1,62,99,1,1,69,"777777777777","777777777777","777777777777",1,1
53,530248,3,3,1,15,7,22,50,12,8,1,0,53,1,49,401,49401,14,2002,"JT3HN86R8203","J","T","3","H","N","8","6","R","8","2","0","3",0,0,0,"000000000","00000000000",0,0,0,1,0,0,0,0,0,0,0,0,0,0,0,12,8,2,12,0,0,0,1,53,98424,6,1,0,0,3,0,65,160,0,0,0,0,0,0,0,0,0,0,0,0,0,0,5,5,50,1,1,2,1,3,3,5,62,99,1,1,98,"777777777777","777777777777","777777777777",0,0
53,530249,1,1,1,16,7,14,41,1,0,1,0,95,9,72,706,72706,80,2007,"5HD1FS4187Y7","5","H","D","1","F","S","4","1","8","7","Y","7",0,0,0,"000000000","00000000000",0,0,0,1,0,0,0,0,0,0,0,998,0,0,0,0,8,2,1,0,0,0,1,95,0,9,9,99,9,9,9,999,999,99,99,99,99,99,99,9999,99,9999,0,0,0,0,0,1,2,60,3,4,2,1,0,0,14,13,99,1,4,1,"777777777777","777777777777","777777777777",1,0
53,530250,1,3,2,16,7,12,55,12,1,1,0,53,1,37,31,37031,4,2016,"19XFC1F31GE2","1","9","X","F","C","1","F","3","1","G","E","2",0,0,0,"000000000","00000000000",0,0,0,1,0,0,0,0,0,0,0,998,0,0,0,12,6,2,12,0,0,0,1,53,98531,6,1,0,0,3,0,63,119,0,0,0,2,1,3,2013,2,2015,0,0,0,0,0,3,3,70,1,1,2,1,0,0,1,50,99,1,1,20,"777777777777","777777777777","777777777777",0,0
53,530250,2,3,2,16,7,12,55,12,1,1,0,41,1,12,37,12037,5,2013,"1FADP3N2XDL1","1","F","A","D","P","3","N","2","X","D","L","1",0,0,0,"000000000","00000000000",0,0,0,1,0,0,0,0,0,0,0,0,0,0,0,6,6,2,12,0,0,0,1,53,98055,6,1,0,0,2,0,62,110,0,0,0,0,0,0,0,0,0,0,0,0,0,0,3,3,70,1,1,2,1,0,0,8,53,99,1,1,21,"777777777777","777777777777","777777777777",2,0
53,530250,3,3,5,16,7,12,55,12,1,1,0,53,1,20,473,20473,30,2015,"1GCGTBE36F12","1","G","C","G","T","B","E","3","6","F","1","2",0,0,0,"000000000","00000000000",0,0,0,1,0,0,0,0,0,0,0,0,0,0,0,6,6,2,12,0,0,0,1,53,98092,6,1,0,0,3,0,68,186,0,0,0,0,0,0,0,0,0,0,0,0,0,0,3,3,70,1,1,2,1,0,0,5,53,99,1,1,98,"777777777777","777777777777","777777777777",0,0
53,530251,1,1,1,17,7,18,46,1,0,1,0,53,1,55,36,55036,3,2008,"KMHCM36C58U1","K","M","H","C","M","3","6","C","5","8","U","1",0,0,0,"000000000","00000000000",0,0,0,1,0,0,0,0,0,0,0,998,0,9,5,0,6,2,1,0,0,0,1,53,98037,6,1,0,0,3,3,72,350,1,0,0,1,0,9,2013,4,2015,0,0,0,0,0,2,2,70,1,1,2,1,0,0,1,1,99,2,4,2,"777777777777","777777777777","777777777777",1,0
53,530252,1,2,1,18,7,19,0,12,6,1,0,8,1,73,706,73706,80,2008,"JKAVN2D138A0","J","K","A","V","N","2","D","1","3","8","A","0",0,0,0,"000000000","00000000000",0,0,0,1,0,0,0,0,0,0,0,998,0,0,0,61,6,2,12,0,0,0,1,8,80904,6,1,0,0,3,0,63,125,0,0,0,1,1,5,2015,3,2016,0,38,0,0,0,1,2,50,1,1,2,1,20,3,11,15,99,1,1,82,"777777777777","777777777777","777777777777",1,0
53,530252,2,2,1,18,7,19,0,12,6,1,0,6,3,82,881,82881,66,2010,"1FUJGLDR3ALA","1","F","U","J","G","L","D","R","3","A","L","A",1,1,57,"2586882","572586882",3,6,97,1,0,0,0,0,0,0,0,998,0,0,0,12,6,2,12,0,0,0,1,6,95930,6,1,6,1,3,0,67,170,0,0,0,0,0,0,0,0,0,0,0,0,0,0,1,2,60,1,1,2,1,0,0,1,67,99,1,1,83,"888888888888","777777777777","777777777777",0,0
53,530253,1,2,2,11,7,14,39,12,6,1,0,53,3,7,482,7482,31,2000,"1B7HF13Z5YJ1","1","B","7","H","F","1","3","Z","5","Y","J","1",0,0,0,"000000000","00000000000",0,0,0,1,0,0,0,0,0,0,0,998,0,0,0,12,8,2,12,0,0,0,1,53,98841,6,1,0,0,3,3,70,190,1,0,0,0,0,12,2015,12,2015,0,0,0,0,0,3,2,60,1,1,2,1,0,0,1,62,99,1,1,69,"777777777777","777777777777","777777777777",0,0
53,530253,2,2,1,11,7,14,39,12,6,1,0,53,1,35,43,35043,4,2003,"3N1AB51A03L7","3","N","1","A","B","5","1","A","0","3","L","7",0,0,0,"000000000","00000000000",0,0,0,1,0,0,0,0,0,0,0,998,0,9,5,81,8,2,1,0,0,0,1,53,98133,6,1,0,0,3,3,71,180,0,0,0,0,0,0,0,0,0,0,38,0,0,0,3,2,60,1,1,2,1,0,0,11,15,99,1,1,68,"777777777777","777777777777","777777777777",1,0
53,530254,1,2,1,20,7,13,26,12,6,1,0,53,2,73,705,73705,80,2007,"JKAEXEA167A0","J","K","A","E","X","E","A","1","6","7","A","0",0,0,0,"000000000","00000000000",0,0,0,1,0,0,0,0,0,0,0,998,0,0,0,12,8,2,12,0,0,1,1,53,98032,6,1,0,0,2,0,65,160,0,1,0,2,2,10,2014,11,2015,4,0,0,0,0,1,4,35,1,2,2,1,0,0,1,67,99,1,1,83,"777777777777","777777777777","777777777777",1,0
53,530254,2,2,1,20,7,13,26,12,6,1,0,53,2,7,24,7024,4,2010,"2B3CA3CV9AH1","2","B","3","C","A","3","C","V","9","A","H","1",0,0,0,"000000000","00000000000",0,0,0,1,0,0,0,0,0,0,0,998,0,0,0,62,8,2,12,0,0,0,1,53,98059,6,1,0,0,3,0,67,160,0,0,0,1,0,9,2012,9,2012,0,38,0,0,0,1,2,35,1,2,2,1,20,3,11,15,16,1,1,82,"777777777777","777777777777","777777777777",0,0
53,530255,1,1,1,20,7,23,30,1,0,1,0,53,1,38,402,38402,14,1995,"4S2CM58V1S43","4","S","2","C","M","5","8","V","1","S","4","3",0,0,0,"000000000","00000000000",0,0,0,1,0,0,0,0,0,0,0,998,0,9,5,0,6,2,30,0,0,0,1,53,98597,6,1,0,0,3,3,69,170,0,0,0,0,0,0,0,0,0,4,0,0,0,0,1,2,40,3,1,2,1,0,0,14,11,6,4,4,7,"777777777777","777777777777","777777777777",1,1