"STATE","ST_CASE","VEH_NO","VE_FORMS","NUMOCCS","DAY","MONTH","HOUR","MINUTE","HARM_EV","MAN_COLL","UNITTYPE","HIT_RUN","REG_STAT","OWNER","MAKE","MODEL","MAK_MOD","BODY_TYP","MOD_YEAR","VIN","VIN_1","VIN_2","VIN_3","VIN_4","VIN_5","VIN_6","VIN_7","VIN_8","VIN_9","VIN_10","VIN_11","VIN_12","TOW_VEH","J_KNIFE","MCARR_I1","MCARR_I2","MCARR_ID","GVWR","V_CONFIG","CARGO_BT","HAZ_INV","HAZ_PLAC","HAZ_ID","HAZ_CNO","HAZ_REL","BUS_USE","SPEC_USE","EMER_USE","TRAV_SP","UNDERIDE","ROLLOVER","ROLINLOC","IMPACT1","DEFORMED","TOWED","M_HARM","VEH_SC1","VEH_SC2","FIRE_EXP","DR_PRES","L_STATE","DR_ZIP","L_STATUS","L_TYPE","CDL_STAT","L_ENDORS","L_COMPL","L_RESTRI","DR_HGT","DR_WGT","PREV_ACC","PREV_SUS","PREV_DWI","PREV_SPD","PREV_OTH","FIRST_MO","FIRST_YR","LAST_MO","LAST_YR","SPEEDREL","DR_SF1","DR_SF2","DR_SF3","DR_SF4","VTRAFWAY","VNUM_LAN","VSPD_LIM","VALIGN","VPROFILE","VPAVETYP","VSURCOND","VTRAFCON","VTCONT_F","P_CRASH1","P_CRASH2","P_CRASH3","PCRASH4","PCRASH5","ACC_TYPE","TRLR1VIN","TRLR2VIN","TRLR3VIN","DEATHS","DR_DRINK"
53,530297,1,2,1,12,8,15,25,12,1,1,0,53,1,76,705,76705,80,2008,"JYARJ06E88A0","J","Y","A","R","J","0","6","E","8","8","A","0",0,0,0,"000000000","00000000000",0,0,0,1,0,0,0,0,0,0,0,998,0,0,0,12,8,5,12,0,0,0,1,53,98203,6,1,0,0,3,0,72,145,0,6,0,4,8,7,2012,8,2015,3,0,0,0,0,3,3,98,4,2,1,1,0,0,6,52,99,1,1,24,"777777777777","777777777777","777777777777",1,0
53,530297,2,2,1,12,8,15,25,12,1,1,0,53,1,12,37,12037,5,2014,"1FADP3L90EL3","1","F","A","D","P","3","L","9","0","E","L","3",0,0,0,"000000000","00000000000",0,0,0,1,0,0,0,0,0,0,0,998,0,0,0,6,8,5,12,0,0,0,1,53,98203,6,1,0,0,3,0,75,195,0,0,0,1,1,2,2014,4,2015,0,0,0,0,0,3,3,98,4,2,1,1,0,0,15,53,99,1,1,25,"777777777777","777777777777","777777777777",0,0
53,530298,1,2,2,12,8,10,55,12,2,1,0,53,2,19,14,19014,4,1997,"1G6KY529XVU8","1","G","6","K","Y","5","2","9","X","V","U","8",0,0,0,"000000000","00000000000",0,0,0,1,0,0,0,0,0,0,0,998,0,0,0,12,6,2,12,0,0,0,1,53,99362,6,1,0,0,3,3,70,165,0,1,0,1,1,4,2014,12,2014,0,28,0,0,0,1,2,60,2,2,2,1,0,0,14,10,99,1,2,50,"777777777777","777777777777","777777777777",0,0
53,530298,2,2,1,12,8,10,55,12,2,1,0,41,2,52,46,52046,4,2003,"JA3AJ26E33U1","J","A","3","A","J","2","6","E","3","3","U","1",0,0,0,"000000000","00000000000",0,0,0,1,0,0,0,0,0,0,0,998,0,0,0,12,6,2,12,0,0,0,1,41,97875,6,2,0,0,3,3,60,180,0,0,0,0,0,0,0,0,0,0,0,0,0,0,1,2,60,3,2,2,1,0,0,14,62,99,1,1,51,"777777777777","777777777777","777777777777",1,0
53,530299,1,1,5,13,8,16,0,24,0,1,0,53,1,12,401,12401,14,2006,"1FMEU73E36ZA","1","F","M","E","U","7","3","E","3","6","Z","A",0,0,0,"000000000","00000000000",0,0,0,1,0,0,0,0,0,0,0,998,0,1,5,62,8,2,1,0,0,0,1,53,98922,6,1,0,0,3,3,74,155,0,0,0,0,0,0,0,0,0,3,91,0,0,0,1,2,35,3,2,2,1,0,0,14,13,99,1,4,1,"777777777777","777777777777","777777777777",1,1
53,530300,1,1,1,15,8,14,0,19,0,1,0,53,3,87,881,87881,66,1988,"1XPCD29X1JD2","1","X","P","C","D","2","9","X","1","J","D","2",1,1,57,"1845898","571845898",3,6,97,1,0,0,0,0,0,0,0,998,0,0,0,12,6,5,19,0,0,0,1,53,99159,6,1,6,9,3,3,72,220,0,0,0,0,0,0,0,0,0,0,0,0,0,0,1,2,35,2,4,9,11,0,0,14,3,6,1,4,98,"888888888888","777777777777","777777777777",1,1
53,530301,1,1,2,10,8,19,40,11,0,1,0,53,1,73,706,73706,80,2011,"JKBVNRJ11BA0","J","K","B","V","N","R","J","1","1","B","A","0",0,0,0,"000000000","00000000000",0,0,0,1,0,0,0,0,0,0,0,998,0,0,0,12,8,2,11,0,0,0,1,53,98855,6,1,0,0,3,3,72,200,1,0,0,0,0,1,2016,1,2016,0,0,0,0,0,1,2,50,1,2,2,2,0,0,1,87,99,1,1,13,"777777777777","777777777777","777777777777",1,0
53,530302,1,1,1,12,8,14,10,1,0,1,0,53,1,76,709,76709,80,1980,"3U9000697","3","U","9","0","0","0","6","9","7","","","",0,0,0,"000000000","00000000000",0,0,0,1,0,0,0,0,0,0,0,998,0,0,0,0,8,5,1,0,0,0,1,53,98662,6,1,0,0,3,3,70,285,0,0,0,0,0,0,0,0,0,0,0,0,0,0,1,2,50,3,2,2,1,0,0,14,9,99,2,1,98,"777777777777","777777777777","777777777777",1,0
53,530303,1,1,1,16,8,15,13,1,0,1,0,53,1,73,706,73706,80,2007,"JKAVN2C127A0","J","K","A","V","N","2","C","1","2","7","A","0",0,0,0,"000000000","00000000000",0,0,0,1,0,0,0,0,0,0,0,998,0,0,0,0,8,2,1,0,0,0,1,53,98366,6,1,0,0,3,0,70,200,0,0,0,0,0,0,0,0,0,4,0,0,0,0,1,2,40,3,2,2,1,0,0,14,13,6,1,4,1,"777777777777","777777777777","777777777777",1,0
53,530304,1,1,1,17,8,14,10,42,0,1,0,53,1,85,881,85881,66,1996,"1XKADR9X0TR6","1","X","K","A","D","R","9","X","0","T","R","6",1,3,57,"1902421","571902421",3,6,97,1,0,0,0,0,0,0,0,998,0,0,0,9,6,2,42,0,0,0,1,53,98903,6,1,6,1,3,3,75,160,0,0,0,0,4,6,2012,1,2015,0,0,0,0,0,1,2,60,1,2,2,1,0,0,1,99,99,9,4,98,"888888888888","777777777777","777777777777",1,0
53,530305,1,2,2,13,8,9,55,12,6,1,0,53,2,20,34,20034,9,1997,"2C1MR229XV67","2","C","1","M","R","2","2","9","X","V","6","7",0,0,0,"000000000","00000000000",0,0,0,1,0,0,0,0,0,0,0,998,0,0,0,3,8,2,12,0,0,0,1,53,99301,6,1,6,0,3,0,65,170,0,0,0,0,0,0,0,0,0,3,38,39,0,0,1,2,98,1,1,2,1,20,3,1,17,99,1,1,87,"777777777777","777777777777","777777777777",1,1
53,530305,2,2,1,13,8,9,55,12,6,1,0,53,1,12,35,12035,4,1996,"1FALP653XTK2","1","F","A","L","P","6","5","3","X","T","K","2",0,0,0,"000000000","00000000000",0,0,0,1,0,0,0,0,0,0,0,998,0,0,0,12,8,2,12,0,0,0,1,53,99320,6,1,0,0,3,0,72,185,0,0,0,1,0,2,2016,2,2016,0,0,0,0,0,1,2,98,1,1,2,1,0,0,1,66,99,1,1,86,"777777777777","777777777777","777777777777",0,0
53,530306,1,2,1,16,8,14,58,12,6,1,0,53,2,24,6,24006,6,2003,"1G8JU54F93Y5","1","G","8","J","U","5","4","F","9","3","Y","5",0,0,0,"000000000","00000000000",0,0,0,1,0,0,0,0,0,0,0,998,0,0,0,62,8,2,12,0,0,0,1,53,98498,1,1,0,0,2,3,71,210,2,1,0,0,3,5,2012,6,2015,3,39,0,0,0,1,2,35,1,1,2,1,20,3,1,17,99,1,1,89,"777777777777","777777777777","777777777777",1,0
53,530306,2,2,1,16,8,14,58,12,6,1,0,53,1,12,3,12003,2,1968,"8R01C160776","8","R","0","1","C","1","6","0","7","7","6","",0,0,0,"000000000","00000000000",0,0,0,1,0,0,0,0,0,0,0,998,0,0,0,12,8,2,12,0,0,0,1,53,98374,6,1,0,0,3,0,67,190,0,0,0,0,2,10,2014,2,2016,0,0,0,0,0,1,2,35,1,1,2,1,0,0,1,66,99,1,1,88,"777777777777","777777777777","777777777777",0,0
53,530307,1,1,1,21,8,8,6,1,0,1,0,53,2,37,441,37441,20,2004,"5FNRL18954B0","5","F","N","R","L","1","8","9","5","4","B","0",0,0,0,"000000000","00000000000",0,0,0,1,0,0,0,0,0,0,0,998,0,9,1,0,6,2,1,0,0,0,1,53,98506,6,1,0,0,3,0,62,125,1,0,0,1,0,5,2014,3,2016,0,58,0,0,0,3,2,70,1,2,2,1,0,0,1,10,7,3,2,98,"777777777777","777777777777","777777777777",1,0
53,530308,1,1,5,21,8,18,34,1,0,1,0,53,1,54,421,54421,15,2005,"2HNYD18675H5","2","H","N","Y","D","1","8","6","7","5","H","5",0,0,0,"000000000","00000000000",0,0,0,1,0,0,0,0,0,0,0,998,0,9,1,0,8,2,1,0,0,0,1,53,98801,6,1,0,0,3,0,73,248,1,0,0,0,0,4,2015,4,2015,4,0,0,0,0,1,2,35,3,2,4,1,0,0,14,6,7,3,2,98,"777777777777","777777777777","777777777777",1,0
53,530310,1,2,1,22,8,15,53,1,0,1,0,53,1,63,34,63034,4,2007,"KNAGE1231751","K","N","A","G","E","1","2","3","1","7","5","1",0,0,0,"000000000","00000000000",0,0,0,1,0,0,0,0,0,0,0,998,0,9,3,0,6,2,1,0,0,0,1,53,98226,6,1,0,0,3,0,63,145,1,0,0,0,0,6,2016,6,2016,0,28,0,0,0,2,2,70,1,1,2,1,0,0,1,12,99,1,4,6,"777777777777","777777777777","777777777777",1,0
53,530310,2,2,2,22,8,15,53,1,0,1,0,53,1,7,482,7482,31,2003,"1D7HA18N63J5","1","D","7","H","A","1","8","N","6","3","J","5",0,0,0,"000000000","00000000000",0,0,0,1,0,0,0,0,0,0,0,998,0,0,0,12,6,2,12,0,0,0,1,53,98264,6,1,0,0,3,3,74,439,0,0,0,0,0,0,0,0,0,0,0,0,0,0,2,2,70,1,1,2,1,0,0,4,62,7,1,1,98,"777777777777","777777777777","777777777777",0,0
53,530311,1,2,1,9,8,15,55,12,2,1,0,53,2,37,32,37032,4,1993,"1HGCB7655PA1","1","H","G","C","B","7","6","5","5","P","A","1",0,0,0,"000000000","00000000000",0,0,0,1,0,0,0,0,0,0,0,998,0,0,0,12,8,2,12,0,0,0,1,53,99217,6,1,0,0,3,3,65,120,0,0,0,1,0,10,2015,10,2015,0,28,0,0,0,1,2,35,1,2,2,2,0,0,1,10,99,1,1,50,"777777777777","777777777777","777777777777",1,0
53,530311,2,2,1,9,8,15,55,12,2,1,0,53,1,63,402,63402,14,2016,"5XYPKDA59GG0","5","X","Y","P","K","D","A","5","9","G","G","0",0,0,0,"000000000","00000000000",0,0,0,1,0,0,0,0,0,0,0,998,0,0,0,12,8,2,12,0,0,0,1,53,99206,6,1,0,0,3,0,62,150,0,0,0,0,0,0,0,0,0,0,0,0,0,0,1,2,35,1,2,2,2,0,0,1,62,99,1,1,51,"777777777777","777777777777","777777777777",0,0
53,530312,1,2,3,18,8,0,26,12,2,1,0,53,1,49,401,49401,14,1997,"JT3HN87R9V00","J","T","3","H","N","8","7","R","9","V","0","0",0,0,0,"000000000","00000000000",0,0,0,1,0,0,0,0,0,0,0,998,0,0,0,12,6,2,12,0,0,0,1,53,98407,6,1,0,0,3,0,67,135,1,0,0,1,0,6,2014,12,2015,0,38,0,0,0,1,2,30,1,2,2,1,0,0,11,15,99,1,1,68,"777777777777","777777777777","777777777777",0,0
53,530312,2,2,1,18,8,0,26,12,2,1,0,53,1,53,709,53709,80,1981,"JS1GL51L1B21","J","S","1","G","L","5","1","L","1","B","2","1",0,0,0,"000000000","00000000000",0,0,0,1,0,0,0,0,0,0,0,998,0,0,0,12,6,2,12,0,0,0,1,53,98407,6,1,0,0,3,0,71,170,0,0,0,1,0,6,2016,6,2016,0,0,0,0,0,1,2,30,1,2,2,1,0,0,1,62,99,1,1,69,"777777777777","777777777777","777777777777",1,0
53,530313,1,2,1,11,8,4,57,12,1,1,0,53,1,37,706,37706,80,2005,"1HFSC52355A2","1","H","F","S","C","5","2","3","5","5","A","2",0,0,0,"000000000","00000000000",0,0,0,1,0,0,0,0,0,0,0,999,0,0,0,12,8,2,12,0,0,0,1,53,98034,6,1,0,0,3,0,71,164,2,0,0,1,1,3,2012,8,2013,4,0,0,0,0,3,5,60,1,1,2,1,0,0,1,52,99,1,1,28,"777777777777","777777777777","777777777777",1,0
53,530313,2,2,1,11,8,4,57,12,1,1,0,53,1,30,47,30047,3,1999,"3VWDD21C9XM4","3","V","W","D","D","2","1","C","9","X","M","4",0,0,0,"000000000","00000000000",0,0,0,1,0,0,0,0,0,0,0,998,0,0,0,6,8,5,12,0,0,0,1,53,98201,6,1,0,0,3,0,67,150,1,0,0,6,4,8,2011,7,2015,0,0,0,0,0,3,5,60,1,1,2,1,0,0,2,61,99,1,1,29,"777777777777","777777777777","777777777777",0,0
53,530314,1,2,1,25,8,21,14,12,98,1,0,53,1,63,38,63038,4,2016,"KNAFX4A81G56","K","N","A","F","X","4","A","8","1","G","5","6",0,0,0,"000000000","00000000000",0,0,0,1,0,0,0,0,0,0,0,998,0,0,0,99,8,2,12,0,0,0,1,53,98406,6,1,0,0,3,0,66,220,0,4,0,1,7,3,2013,6,2014,0,0,0,0,0,1,4,35,9,9,1,1,0,0,11,15,99,1,1,68,"777777777777","777777777777","777777777777",1,0
53,530314,2,2,2,25,8,21,14,12,98,1,0,53,1,7,21,7021,6,2007,"2D4GV57267H6","2","D","4","G","V","5","7","2","6","7","H","6",0,0,0,"000000000","00000000000",0,0,0,1,0,0,0,0,0,0,0,998,0,0,0,99,8,2,12,0,0,0,1,53,98405,6,1,0,0,3,0,74,210,1,4,0,1,12,12,2012,11,2015,0,0,0,0,0,1,4,35,9,9,1,1,0,0,1,62,99,1,1,69,"777777777777","777777777777","777777777777",0,0
53,530315,1,1,2,24,8,3,40,42,0,1,0,53,2,37,31,37031,4,2012,"2HGFB2F54CH5","2","H","G","F","B","2","F","5","4","C","H","5",0,0,0,"000000000","00000000000",0,0,0,1,0,0,0,0,0,0,0,998,0,0,0,12,8,2,42,0,0,0,1,53,98374,6,7,0,0,2,2,71,180,0,0,0,0,0,0,0,0,0,3,73,0,0,0,2,2,40,2,1,2,1,0,0,14,12,99,1,4,6,"777777777777","777777777777","777777777777",1,0
53,530316,1,2,2,13,8,16,19,12,1,1,0,53,1,72,706,72706,80,1998,"1HD1FPL12WY6","1","H","D","1","F","P","L","1","2","W","Y","6",0,0,0,"000000000","00000000000",0,0,0,1,0,0,0,0,0,0,0,998,0,0,0,12,6,2,12,0,0,0,1,53,99032,6,1,0,0,3,0,68,160,0,0,0,0,0,0,0,0,0,4,26,0,0,0,3,2,60,1,2,1,1,0,0,1,50,99,1,1,20,"777777777777","777777777777","777777777777",2,0
53,530316,2,2,2,13,8,16,19,12,1,1,0,53,1,2,403,2403,14,2015,"1C4AJWAG8FL6","1","C","4","A","J","W","A","G","8","F","L","6",0,0,0,"000000000","00000000000",0,0,0,1,0,0,0,0,0,0,0,0,0,0,0,6,6,2,12,0,0,0,1,53,98942,6,1,0,0,3,0,68,150,0,0,0,1,0,8,2014,8,2014,0,0,0,0,0,3,2,60,1,2,1,1,0,0,5,53,99,1,1,21,"777777777777","777777777777","777777777777",0,0
53,530317,1,1,2,21,8,1,50,24,0,1,0,53,2,37,31,37031,2,1995,"2HGEJ1229SH5","2","H","G","E","J","1","2","2","9","S","H","5",0,0,0,"000000000","00000000000",0,0,0,1,0,0,0,0,0,0,0,998,0,9,5,81,8,2,3,0,0,0,1,53,98837,6,1,0,0,3,0,73,165,0,0,0,0,3,11,2014,3,2016,4,0,0,0,0,1,2,35,3,1,2,1,0,0,14,13,99,1,4,1,"777777777777","777777777777","777777777777",1,1
53,530318,1,2,1,31,8,18,3,12,2,1,0,53,2,12,481,12481,31,1986,"1FTCR10T3GUB","1","F","T","C","R","1","0","T","3","G","U","B",0,0,0,"000000000","00000000000",0,0,0,1,0,0,0,0,0,0,0,998,0,0,0,12,8,2,12,0,0,0,1,2,99701,6,1,0,0,3,3,69,200,0,0,0,3,3,6,2016,8,2016,4,28,0,0,0,1,2,35,2,1,2,2,0,0,14,10,99,1,2,50,"777777777777","777777777777","777777777777",1,1
53,530318,2,2,1,31,8,18,3,12,2,1,0,53,1,12,481,12481,31,2012,"1FTFW1ET6CKD","1","F","T","F","W","1","E","T","6","C","K","D",0,0,0,"000000000","00000000000",0,0,0,1,0,0,0,0,0,0,0,998,0,0,0,12,8,5,12,0,0,0,1,53,98501,6,1,0,0,3,3,75,195,0,0,0,1,1,11,2011,9,2012,0,0,0,0,0,1,2,35,3,1,2,2,0,0,14,62,99,1,1,51,"777777777777","777777777777","777777777777",0,0
53,530319,1,3,6,18,8,12,56,12,1,1,0,53,1,12,461,12461,29,2004,"1FDXE45S74HA","1","F","D","X","E","4","5","S","7","4","H","A",0,0,0,"000000000","00000000000",0,0,0,1,0,0,0,0,0,0,0,998,0,0,0,12,8,5,12,0,0,0,1,53,98036,6,1,0,0,3,3,73,180,1,0,0,1,1,11,2011,12,2015,4,0,0,0,0,3,5,60,1,1,1,1,0,0,15,11,99,1,2,24,"777777777777","777777777777","777777777777",0,0
53,530319,2,3,2,18,8,12,56,12,1,1,0,48,2,49,32,49032,4,2010,"1NXBU4EE1AZ3","1","N","X","B","U","4","E","E","1","A","Z","3",0,0,0,"000000000","00000000000",0,0,0,1,0,0,0,0,0,0,0,998,0,0,0,6,6,2,12,0,0,0,1,53,98390,6,1,6,0,3,0,72,200,0,0,0,0,0,0,0,0,0,0,0,0,0,0,3,5,60,1,1,1,1,0,0,2,61,99,1,1,25,"777777777777","777777777777","777777777777",1,0
53,530319,3,3,1,18,8,12,56,12,1,1,0,53,3,84,881,84881,64,2016,"1HTMMMML4GH4","1","H","T","M","M","M","M","L","4","G","H","4",0,0,77,"777777777","77777777777",2,1,1,1,0,0,0,0,0,0,0,998,0,0,0,6,8,5,12,0,0,0,1,53,98373,1,1,0,0,2,0,71,220,0,1,0,3,2,3,2012,6,2016,0,0,0,0,0,3,5,60,1,1,1,1,0,0,2,53,99,1,1,98,"777777777777","777777777777","777777777777",0,0
53,530320,1,3,1,26,8,15,45,12,6,1,0,53,1,42,48,42048,4,2003,"WDBUF65J03A1","W","D","B","U","F","6","5","J","0","3","A","1",0,0,0,"000000000","00000000000",0,0,0,1,0,0,0,0,0,0,0,998,0,0,0,12,8,2,12,0,0,0,1,53,98404,6,1,0,0,3,0,62,170,0,0,0,0,0,0,0,0,0,0,38,0,0,0,1,2,35,1,1,2,1,0,0,11,15,99,1,1,68,"777777777777","777777777777","777777777777",0,0
53,530320,2,3,1,26,8,15,45,12,6,1,0,53,1,37,705,37705,80,2003,"JH2RC44K23M1","J","H","2","R","C","4","4","K","2","3","M","1",0,0,0,"000000000","00000000000",0,0,0,1,0,0,0,0,0,0,0,998,0,0,0,9,8,2,12,0,0,0,1,53,98022,6,1,0,0,3,3,72,200,1,1,2,1,5,10,2011,5,2016,0,0,0,0,0,1,2,35,1,1,2,1,0,0,1,62,99,1,1,69,"777777777777","777777777777","777777777777",1,0
53,530320,3,3,1,26,8,15,45,12,6,1,0,53,1,35,47,35047,4,2007,"1N4AL21E77N4","1","N","4","A","L","2","1","E","7","7","N","4",0,0,0,"000000000","00000000000",0,0,0,1,0,0,0,0,0,0,0,0,0,0,0,12,2,5,12,0,0,0,1,53,98404,6,1,0,0,3,0,64,185,0,0,0,0,0,0,0,0,0,0,0,0,0,0,1,2,35,1,1,2,1,0,0,5,67,1,1,1,98,"777777777777","777777777777","777777777777",0,0
53,530321,1,2,2,31,8,11,57,12,1,1,0,53,1,72,706,72706,80,2015,"1HD1KDM11FB6","1","H","D","1","K","D","M","1","1","F","B","6",0,0,0,"000000000","00000000000",0,0,0,1,0,0,0,0,0,0,0,998,0,0,0,12,6,2,12,0,0,0,1,53,98038,6,1,0,0,3,0,68,168,0,0,0,0,1,3,2013,3,2013,0,26,0,0,0,3,3,60,1,2,1,1,0,0,2,52,6,9,2,24,"777777777777","777777777777","777777777777",1,0
53,530321,2,2,2,31,8,11,57,12,1,1,0,53,3,84,884,84884,64,2010,"1HTMKAAR3AH1","1","H","T","M","K","A","A","R","3","A","H","1",0,0,77,"777777777","77777777777",3,1,97,1,0,0,0,0,0,0,0,998,0,0,0,6,8,2,12,0,0,0,1,53,98926,6,1,6,1,3,3,76,235,0,0,0,0,0,0,0,0,0,0,0,0,0,0,3,3,60,1,2,1,1,0,0,1,60,99,1,1,25,"777777777777","777777777777","777777777777",0,0
53,530322,1,1,1,29,8,18,20,15,0,1,0,53,2,7,482,7482,31,2007,"3D7KS28D57G7","3","D","7","K","S","2","8","D","5","7","G","7",0,0,0,"000000000","00000000000",0,0,0,1,0,0,0,0,0,0,0,998,0,0,0,12,8,2,15,0,0,0,1,53,98359,6,1,5,0,3,0,64,200,1,0,0,0,1,3,2012,6,2015,0,91,0,0,0,1,2,25,1,1,2,1,3,3,11,80,1,1,1,13,"777777777777","777777777777","777777777777",0,1
53,530323,1,2,1,27,8,16,23,12,6,1,0,53,1,72,706,72706,80,1991,"1HD1BLL10MY0","1","H","D","1","B","L","L","1","0","M","Y","0",0,0,0,"000000000","00000000000",0,0,0,1,0,0,0,0,0,0,0,998,0,0,0,12,8,2,12,0,0,0,1,53,99217,6,1,0,0,3,0,68,200,1,9,0,4,2,11,2011,10,2014,4,0,0,0,0,1,2,35,1,1,2,1,0,0,1,62,16,2,1,69,"777777777777","777777777777","777777777777",1,1
53,530323,2,2,1,27,8,16,23,12,6,1,0,53,2,49,472,49472,30,2014,"3TMMU4FN8EM0","3","T","M","M","U","4","F","N","8","E","M","0",0,0,0,"000000000","00000000000",0,0,0,1,0,0,0,0,0,0,0,998,0,0,0,81,8,2,12,0,0,0,1,53,99027,6,1,0,0,3,0,77,200,0,0,0,0,0,0,0,0,0,0,0,0,0,0,1,2,35,1,1,2,1,0,0,11,15,1,1,1,68,"777777777777","777777777777","777777777777",0,0
53,530324,1,1,2,28,8,7,30,34,0,1,1,53,2,12,401,12401,14,2004,"1FMZU73K04UC","1","F","M","Z","U","7","3","K","0","4","U","C",0,0,0,"000000000","00000000000",0,0,0,1,0,0,0,0,0,0,0,998,0,1,5,12,6,2,1,0,0,0,1,53,98144,6,1,0,0,3,3,64,155,0,3,1,0,1,7,2012,5,2013,4,0,0,0,0,1,2,35,3,1,2,1,0,0,14,13,99,1,4,1,"777777777777","777777777777","777777777777",1,0
53,530325,1,1,1,23,8,14,12,1,0,1,0,53,1,7,481,7481,31,1993,"1B7JM26Z5PS1","1","B","7","J","M","2","6","Z","5","P","S","1",0,0,0,"000000000","00000000000",0,0,0,1,0,0,0,0,0,0,0,998,0,9,1,0,8,2,1,0,0,0,1,53,99029,6,1,0,0,3,3,65,215,0,0,0,0,0,0,0,0,0,0,51,58,0,0,1,2,50,1,1,2,1,0,0,1,9,99,9,1,98,"777777777777","777777777777","777777777777",1,0
53,530326,1,2,1,4,8,15,18,12,6,1,0,53,1,20,32,20032,4,1987,"1Y1SK5141HZ0","1","Y","1","S","K","5","1","4","1","H","Z","0",0,0,0,"000000000","00000000000",0,0,0,1,0,0,0,0,0,0,0,998,0,0,0,9,8,2,12,0,0,0,1,53,99344,6,1,0,0,3,3,66,140,0,0,0,0,0,0,0,0,0,0,38,48,0,0,1,2,60,1,1,2,1,20,3,11,15,99,1,1,82,"777777777777","777777777777","777777777777",1,0
53,530326,2,2,1,4,8,15,18,12,6,1,0,53,2,2,403,2403,14,1997,"1J4FY19S3VP5","1","J","4","F","Y","1","9","S","3","V","P","5",0,0,0,"000000000","00000000000",0,0,0,1,0,0,0,0,0,0,0,998,0,0,0,12,8,2,12,0,0,0,1,53,98801,6,1,0,0,3,0,74,200,0,0,0,1,0,5,2015,5,2015,0,0,0,0,0,1,4,60,1,1,2,1,0,0,1,67,99,1,1,83,"777777777777","777777777777","777777777777",0,0
53,530327,1,1,1,13,8,8,5,24,0,1,0,53,1,7,482,7482,31,1998,"1B7HC16X4WS7","1","B","7","H","C","1","6","X","4","W","S","7",0,0,0,"000000000","00000000000",0,0,0,1,0,0,0,0,0,0,0,998,0,0,0,12,8,2,42,0,0,0,1,53,99212,6,1,0,0,3,3,71,170,0,1,0,2,0,11,2015,1,2016,0,0,0,0,0,1,2,30,2,2,2,1,0,0,14,12,99,1,4,6,"777777777777","777777777777","777777777777",1,1
53,530328,1,1,1,28,8,2,30,25,0,1,0,53,1,49,51,49051,4,2010,"JTDBT4K36A13","J","T","D","B","T","4","K","3","6","A","1","3",0,0,0,"000000000","00000000000",0,0,0,1,0,0,0,0,0,0,0,998,0,0,0,12,6,2,25,0,0,0,1,53,98406,6,1,0,0,3,0,72,160,0,0,0,0,0,0,0,0,0,0,51,0,0,0,6,1,98,1,2,1,1,3,3,1,14,99,1,4,14,"777777777777","777777777777","777777777777",1,1
53,530329,1,1,1,27,8,4,2,8,0,1,0,53,1,7,43,7043,4,2003,"1B3EL36X33N5","1","B","3","E","L","3","6","X","3","3","N","5",0,0,0,"000000000","00000000000",0,0,0,1,0,0,0,0,0,0,0,998,0,0,0,12,8,5,8,0,0,0,1,53,98683,6,1,0,0,3,0,71,175,0,1,0,1,0,8,2013,12,2013,0,0,0,0,0,2,3,35,1,1,1,1,0,0,1,80,1,1,1,13,"777777777777","777777777777","777777777777",0,0
53,530330,1,1,1,14,8,1,54,8,0,1,0,53,1,18,24,18024,6,2010,"5GALVCED0AJ2","5","G","A","L","V","C","E","D","0","A","J","2",0,0,0,"000000000","00000000000",0,0,0,1,0,0,0,0,0,0,0,998,0,0,0,12,8,2,8,0,0,0,1,53,99337,6,1,0,0,3,3,70,200,0,2,0,2,0,10,2012,2,2015,0,0,0,0,0,5,5,35,1,1,2,1,0,0,1,80,1,1,1,13,"777777777777","777777777777","777777777777",0,0
53,530331,1,1,1,11,8,19,54,42,0,1,0,53,1,20,421,20421,15,2001,"1GNEK13T71J1","1","G","N","E","K","1","3","T","7","1","J","1",0,0,0,"000000000","00000000000",0,0,0,1,0,0,0,0,0,0,0,998,0,0,0,99,8,2,42,0,0,0,1,53,98547,6,1,0,0,3,0,67,120,0,0,0,1,0,9,2011,9,2011,3,0,0,0,0,1,9,25,1,2,4,99,0,0,1,13,99,9,4,5,"777777777777","777777777777","777777777777",1,1
53,530332,1,1,1,31,8,22,34,8,0,1,0,53,1,49,32,49032,4,1993,"1NXAE00E9PZ1","1","N","X","A","E","0","0","E","9","P","Z","1",0,0,0,"000000000","00000000000",0,0,0,1,0,0,0,0,0,0,0,998,0,0,0,12,8,5,8,0,0,0,1,53,98362,6,1,0,0,3,3,69,140,0,0,0,0,1,3,2012,3,2012,0,0,0,0,0,1,2,30,1,2,1,2,0,0,1,80,1,1,1,13,"777777777777","777777777777","777777777777",0,1
53,530333,1,1,1,26,8,23,58,25,0,1,0,53,2,73,705,73705,80,2016,"JKBZXJE1XGA0","J","K","B","Z","X","J","E","1","X","G","A","0",0,0,0,"000000000","00000000000",0,0,0,1,0,0,0,0,0,0,0,998,0,0,0,12,8,2,1,0,0,0,1,53,98908,6,1,0,0,3,0,74,170,0,0,0,6,5,11,2011,5,2016,3,0,0,0,0,6,1,98,2,2,1,1,0,0,14,12,99,2,4,6,"777777777777","777777777777","777777777777",1,1