"STATE","ST_CASE","VEH_NO","VE_FORMS","NUMOCCS","DAY","MONTH","HOUR","MINUTE","HARM_EV","MAN_COLL","UNITTYPE","HIT_RUN","REG_STAT","OWNER","MAKE","MODEL","MAK_MOD","BODY_TYP","MOD_YEAR","VIN","VIN_1","VIN_2","VIN_3","VIN_4","VIN_5","VIN_6","VIN_7","VIN_8","VIN_9","VIN_10","VIN_11","VIN_12","TOW_VEH","J_KNIFE","MCARR_I1","MCARR_I2","MCARR_ID","GVWR","V_CONFIG","CARGO_BT","HAZ_INV","HAZ_PLAC","HAZ_ID","HAZ_CNO","HAZ_REL","BUS_USE","SPEC_USE","EMER_USE","TRAV_SP","UNDERIDE","ROLLOVER","ROLINLOC","IMPACT1","DEFORMED","TOWED","M_HARM","VEH_SC1","VEH_SC2","FIRE_EXP","DR_PRES","L_STATE","DR_ZIP","L_STATUS","L_TYPE","CDL_STAT","L_ENDORS","L_COMPL","L_RESTRI","DR_HGT","DR_WGT","PREV_ACC","PREV_SUS","PREV_DWI","PREV_SPD","PREV_OTH","FIRST_MO","FIRST_YR","LAST_MO","LAST_YR","SPEEDREL","DR_SF1","DR_SF2","DR_SF3","DR_SF4","VTRAFWAY","VNUM_LAN","VSPD_LIM","VALIGN","VPROFILE","VPAVETYP","VSURCOND","VTRAFCON","VTCONT_F","P_CRASH1","P_CRASH2","P_CRASH3","PCRASH4","PCRASH5","ACC_TYPE","TRLR1VIN","TRLR2VIN","TRLR3VIN","DEATHS","DR_DRINK"
53,530334,1,2,1,22,8,19,15,12,1,1,0,53,1,20,28,20028,5,2013,"1G1JE6SG0D41","1","G","1","J","E","6","S","G","0","D","4","1",0,0,0,"000000000","00000000000",0,0,0,1,0,0,0,0,0,0,0,998,0,0,0,12,6,2,12,0,0,0,1,53,98685,6,1,0,0,3,0,69,120,0,0,0,3,1,9,2014,6,2016,4,0,0,0,0,2,2,55,1,1,2,1,0,0,1,50,1,1,1,20,"777777777777","777777777777","777777777777",0,0
53,530334,2,2,1,22,8,19,15,12,1,1,0,53,2,49,32,49032,4,2007,"1NXBR32E07Z8","1","N","X","B","R","3","2","E","0","7","Z","8",0,0,0,"000000000","00000000000",0,0,0,1,0,0,0,0,0,0,0,0,0,0,0,6,6,2,12,0,0,0,1,53,98604,6,1,0,0,3,3,70,190,1,0,0,0,0,8,2015,8,2015,0,0,0,0,0,2,2,55,1,1,2,1,0,0,5,53,1,1,1,21,"777777777777","777777777777","777777777777",1,0
53,530335,1,3,2,18,8,14,33,12,8,1,0,53,1,63,38,63038,5,2015,"KNAFK4A67F53","K","N","A","F","K","4","A","6","7","F","5","3",0,0,0,"000000000","00000000000",0,0,0,1,0,0,0,0,0,0,0,998,3,0,0,61,8,2,12,0,0,0,1,53,98371,6,1,0,0,3,3,70,173,2,5,1,1,6,11,2011,10,2015,0,28,58,0,0,1,4,30,3,2,2,1,0,0,14,10,99,9,2,64,"777777777777","777777777777","777777777777",1,1
53,530335,2,3,1,18,8,14,33,12,8,1,0,53,2,30,47,30047,3,2002,"3VWCB21C72M4","3","V","W","C","B","2","1","C","7","2","M","4",0,0,0,"000000000","00000000000",0,0,0,1,0,0,0,0,0,0,0,998,0,0,0,61,8,5,12,0,0,0,1,53,98023,6,1,0,0,3,0,70,195,0,0,0,0,0,0,0,0,0,0,0,0,0,0,1,2,30,2,2,2,1,0,0,14,62,7,1,1,65,"777777777777","777777777777","777777777777",0,0
53,530335,3,3,1,18,8,14,33,12,8,1,0,53,3,20,481,20481,31,2005,"1GBJC34U45E2","1","G","B","J","C","3","4","U","4","5","E","2",0,0,0,"000000000","00000000000",0,0,0,1,0,0,0,0,0,0,0,998,0,0,0,12,8,2,12,0,0,0,1,53,98375,6,1,6,0,3,0,73,260,1,0,0,1,0,12,2011,4,2014,0,0,0,0,0,1,2,30,2,2,2,1,0,0,14,62,99,1,1,98,"777777777777","777777777777","777777777777",0,0
53,530337,1,1,1,25,8,17,15,1,0,1,0,53,0,98,998,98998,92,9999,"888888888888","8","8","8","8","8","8","8","8","8","8","8","8",1,1,0,"000000000","00000000000",0,0,0,1,0,0,0,0,0,0,0,998,0,9,1,0,8,5,1,0,0,0,1,53,98947,6,1,0,0,1,0,65,170,0,0,0,2,0,9,2013,8,2016,0,0,0,0,0,1,2,25,8,8,4,1,0,0,13,12,99,9,2,92,"888888888888","777777777777","777777777777",1,1
53,530338,1,2,1,1,9,6,50,24,0,1,0,53,1,12,37,12037,3,2001,"3FAFP31371R1","3","F","A","F","P","3","1","3","7","1","R","1",0,0,0,"000000000","00000000000",0,0,0,1,0,0,0,0,0,0,0,998,0,0,0,81,6,2,12,0,0,0,1,53,98360,6,1,0,0,3,0,73,199,0,0,0,0,0,0,0,0,0,0,28,0,0,0,1,2,50,3,2,2,2,0,0,14,13,99,1,4,1,"777777777777","777777777777","777777777777",1,0
53,530338,2,2,1,1,9,6,50,24,0,1,0,53,2,7,472,7472,31,2001,"1B7GL26Z01S1","1","B","7","G","L","2","6","Z","0","1","S","1",0,0,0,"000000000","00000000000",0,0,0,1,0,0,0,0,0,0,0,998,0,0,0,12,6,2,12,0,0,0,1,53,98321,6,1,0,0,3,0,71,180,0,0,0,0,0,0,0,0,0,0,0,0,0,0,1,2,50,2,2,2,2,0,0,14,62,99,1,1,98,"777777777777","777777777777","777777777777",0,0
53,530339,1,3,2,1,9,8,24,12,7,1,0,53,3,23,890,23890,61,2005,"J8DC4B163570","J","8","D","C","4","B","1","6","3","5","7","0",0,0,77,"777777777","77777777777",2,1,96,1,0,0,0,0,0,0,0,998,0,0,0,61,8,2,12,0,0,0,1,53,99217,6,1,0,0,3,0,73,305,0,3,0,0,0,10,2011,7,2014,0,38,0,0,0,3,3,60,2,1,2,1,0,0,15,10,99,1,2,47,"777777777777","777777777777","777777777777",0,0
53,530339,2,3,2,1,9,8,24,12,7,1,0,16,1,20,402,20402,14,2004,"2CNBJ1346469","2","C","N","B","J","1","3","4","6","4","6","9",0,0,0,"000000000","00000000000",0,0,0,1,0,0,0,0,0,0,0,998,0,0,0,81,6,2,50,0,0,0,1,16,83858,6,1,0,0,3,0,65,145,0,0,0,0,0,0,0,0,0,0,0,0,0,0,3,3,60,2,1,2,1,0,0,14,60,99,1,1,45,"777777777777","777777777777","777777777777",1,0
53,530339,3,3,1,1,9,8,24,12,7,1,0,16,1,48,34,48034,4,2012,"4S3BMBB62C30","4","S","3","B","M","B","B","6","2","C","3","0",0,0,0,"000000000","00000000000",0,0,0,1,0,0,0,0,0,0,0,998,0,0,0,12,6,2,12,0,0,0,1,16,83814,6,1,0,0,3,0,63,145,98,0,0,2,0,2,2015,4,2015,0,0,0,0,0,3,3,60,2,1,2,1,0,0,14,50,99,1,1,98,"777777777777","777777777777","777777777777",0,0
53,530340,1,2,1,2,9,3,46,12,6,1,0,53,2,35,43,35043,4,2007,"3N1BB61E07L6","3","N","1","B","B","6","1","E","0","7","L","6",0,0,0,"000000000","00000000000",0,0,0,1,0,0,0,0,0,0,0,998,0,0,0,3,8,2,12,0,0,0,1,53,98223,6,1,0,0,3,0,63,135,1,0,0,2,1,5,2014,5,2016,4,0,0,0,0,1,2,45,2,2,2,2,0,0,14,10,99,4,2,66,"777777777777","777777777777","777777777777",1,0
53,530340,2,2,1,2,9,3,46,12,6,1,0,53,1,7,482,7482,31,2006,"1D7HU18216S5","1","D","7","H","U","1","8","2","1","6","S","5",0,0,0,"000000000","00000000000",0,0,0,1,0,0,0,0,0,0,0,998,0,0,0,12,8,2,12,0,0,0,1,53,98252,6,1,0,0,3,0,73,200,0,0,0,1,0,2,2013,2,2013,0,0,0,0,0,1,2,45,3,2,2,2,0,0,14,62,99,1,1,66,"777777777777","777777777777","777777777777",0,0
53,530341,1,1,1,2,9,23,17,33,0,1,0,53,2,37,32,37032,4,1991,"JHMCB7656MC0","J","H","M","C","B","7","6","5","6","M","C","0",0,0,0,"000000000","00000000000",0,0,0,1,0,0,0,0,0,0,0,998,0,0,0,99,8,2,42,0,0,0,1,53,98531,6,1,0,0,3,3,72,180,0,0,0,0,2,5,2014,6,2014,0,0,0,0,0,5,5,30,1,1,2,1,0,0,1,13,99,1,4,1,"777777777777","777777777777","777777777777",1,1
53,530342,1,1,1,5,9,10,22,17,0,1,0,53,1,50,706,50706,80,1999,"SMT600FM1XJ0","S","M","T","6","0","0","F","M","1","X","J","0",0,0,0,"000000000","00000000000",0,0,0,1,0,0,0,0,0,0,0,998,0,0,0,12,6,2,17,0,0,0,1,53,99328,1,1,0,0,2,3,72,150,0,1,0,0,0,3,2012,3,2012,0,0,0,0,0,2,2,70,2,2,1,1,0,0,14,12,99,1,4,6,"777777777777","777777777777","777777777777",1,0
53,530343,1,1,1,2,9,3,5,59,0,1,0,53,1,30,46,30046,4,2006,"WVWEU93C86P1","W","V","W","E","U","9","3","C","8","6","P","1",0,0,0,"000000000","00000000000",0,0,0,1,0,0,0,0,0,0,0,998,0,0,0,12,8,2,42,0,0,0,1,53,98247,6,1,0,0,3,0,63,190,0,0,0,0,1,1,2016,1,2016,4,0,0,0,0,1,2,50,1,1,2,2,0,0,1,13,99,1,4,1,"777777777777","777777777777","777777777777",1,0
53,530344,1,2,1,8,9,14,35,12,2,1,0,95,9,82,881,82881,66,2016,"888888888888","8","8","8","8","8","8","8","8","8","8","8","8",1,1,57,"2593003","572593003",3,6,1,1,0,0,0,0,0,0,0,998,0,0,0,12,8,2,12,0,0,0,1,95,0,9,9,99,9,9,9,999,999,99,99,99,99,99,99,9999,99,9999,0,0,0,0,0,1,2,50,1,2,2,1,0,0,1,62,99,1,1,51,"888888888888","777777777777","777777777777",0,0
53,530344,2,2,1,8,9,14,35,12,2,1,0,53,3,12,444,12444,20,2012,"NM0LS7DNXCT0","N","M","0","L","S","7","D","N","X","C","T","0",0,0,0,"000000000","00000000000",0,0,0,1,0,0,0,0,0,0,0,998,0,0,0,12,8,2,12,0,0,0,1,53,98902,6,1,0,0,3,0,64,210,0,0,0,0,0,0,0,0,0,0,28,0,0,0,1,2,50,1,2,2,1,0,0,1,10,99,1,2,50,"777777777777","777777777777","777777777777",1,0
53,530345,1,1,1,7,9,18,46,8,0,1,0,53,3,85,881,85881,66,1994,"1XKWDR9X2RS6","1","X","K","W","D","R","9","X","2","R","S","6",2,1,77,"777777777","77777777777",3,7,3,1,0,0,0,0,0,0,0,998,0,0,0,12,8,5,8,0,0,0,1,53,98952,6,1,6,1,3,0,70,352,1,0,0,0,1,1,2012,9,2013,0,0,0,0,0,1,2,30,1,1,2,1,0,0,1,80,99,1,1,13,"888888888888","888888888888","777777777777",0,0
53,530346,1,2,1,10,9,7,3,12,6,1,0,53,1,54,39,54039,4,2005,"JH4CL96805C0","J","H","4","C","L","9","6","8","0","5","C","0",0,0,0,"000000000","00000000000",0,0,0,1,0,0,0,0,0,0,0,998,0,0,0,12,8,2,12,0,0,0,1,53,98930,6,1,0,0,3,0,60,130,0,0,0,0,0,0,0,0,0,0,39,0,0,0,1,2,50,1,2,2,1,20,3,1,17,99,1,1,86,"777777777777","777777777777","777777777777",0,0
53,530346,2,2,3,10,9,7,3,12,6,1,0,53,1,6,16,6016,4,1994,"1C3AA3639RF2","1","C","3","A","A","3","6","3","9","R","F","2",0,0,0,"000000000","00000000000",0,0,0,1,0,0,0,0,0,0,0,998,0,0,0,3,8,2,12,0,0,0,1,53,99350,6,1,0,0,3,0,64,180,0,0,0,1,0,11,2012,11,2012,0,0,0,0,0,1,2,50,1,2,2,1,0,0,1,66,99,1,1,87,"777777777777","777777777777","777777777777",1,0
53,530347,1,1,1,8,9,11,49,8,0,1,0,53,2,35,50,35050,5,2012,"3N1BC1CP3CK2","3","N","1","B","C","1","C","P","3","C","K","2",0,0,0,"000000000","00000000000",0,0,0,1,0,0,0,0,0,0,0,998,0,0,0,12,8,5,8,0,0,0,1,16,83861,6,1,0,0,3,0,68,140,0,0,0,0,1,9,2013,9,2013,0,91,0,0,0,1,2,25,1,2,2,1,0,0,1,13,99,1,4,98,"777777777777","777777777777","777777777777",0,0
53,530348,1,3,1,10,9,13,27,12,6,1,0,53,1,49,482,49482,31,2008,"5TFDV54198X0","5","T","F","D","V","5","4","1","9","8","X","0",0,0,0,"000000000","00000000000",0,0,0,1,0,0,0,0,0,0,0,998,0,0,0,3,8,2,12,0,0,0,1,53,98823,6,1,0,0,3,0,67,150,0,0,0,0,0,0,0,0,0,0,48,0,0,0,1,2,60,1,1,2,1,0,0,11,15,99,1,2,68,"777777777777","777777777777","777777777777",0,0
53,530348,2,3,1,10,9,13,27,12,6,1,0,53,1,72,706,72706,80,2004,"1HD1CGP104K4","1","H","D","1","C","G","P","1","0","4","K","4",0,0,0,"000000000","00000000000",0,0,0,1,0,0,0,0,0,0,0,998,0,0,0,12,8,2,12,0,0,0,1,53,98823,6,1,0,0,3,0,67,200,0,0,0,1,0,8,2012,8,2012,0,0,0,0,0,1,2,60,1,1,2,1,0,0,1,62,99,1,1,69,"777777777777","777777777777","777777777777",1,0
53,530348,3,3,1,10,9,13,27,12,6,1,0,53,1,72,706,72706,80,2012,"1HD1BXV10CB0","1","H","D","1","B","X","V","1","0","C","B","0",0,0,0,"000000000","00000000000",0,0,0,1,0,0,0,0,0,0,0,998,0,0,0,12,8,2,12,0,0,0,1,53,98837,6,1,0,0,3,0,73,260,0,0,0,0,0,0,0,0,0,0,0,0,0,0,1,2,60,1,1,2,1,0,0,1,62,99,1,1,98,"777777777777","777777777777","777777777777",0,0
53,530349,1,1,2,11,9,1,35,34,0,1,0,53,1,2,404,2404,14,2002,"1J4GW48S12C1","1","J","4","G","W","4","8","S","1","2","C","1",0,0,0,"000000000","00000000000",0,0,0,1,0,0,0,0,0,0,0,998,0,0,0,12,8,2,34,0,0,0,1,53,98367,6,1,0,0,3,3,73,140,1,10,0,5,8,2,2013,3,2016,0,91,0,0,0,1,2,55,1,1,2,1,0,0,1,12,7,9,4,2,"777777777777","777777777777","777777777777",1,1
53,530350,1,1,1,4,9,2,55,24,0,1,0,53,1,30,40,30040,4,2004,"3VWSE69M64M1","3","V","W","S","E","6","9","M","6","4","M","1",0,0,0,"000000000","00000000000",0,0,0,1,0,0,0,0,0,0,0,998,0,1,5,81,8,2,1,0,0,0,1,53,98349,6,1,0,0,3,0,70,150,0,0,0,3,1,6,2012,6,2015,0,0,0,0,0,1,2,35,2,2,1,1,0,0,14,9,99,4,4,7,"777777777777","777777777777","777777777777",1,1
53,530351,1,1,1,12,9,4,45,8,0,1,0,53,1,30,40,30040,4,2003,"3VWSK69M33M0","3","V","W","S","K","6","9","M","3","3","M","0",0,0,0,"000000000","00000000000",0,0,0,1,0,0,0,0,0,0,0,998,0,0,0,12,6,2,8,0,0,0,1,53,98122,6,1,0,0,3,0,64,140,0,0,0,0,0,0,0,0,0,4,91,0,0,0,6,1,60,2,1,1,1,0,0,14,12,99,1,4,98,"777777777777","777777777777","777777777777",0,1
53,530352,1,1,1,10,9,10,46,8,0,1,0,41,2,49,401,49401,14,2005,"JTEBT14R5500","J","T","E","B","T","1","4","R","5","5","0","0",0,0,0,"000000000","00000000000",0,0,0,1,0,0,0,0,0,0,0,998,0,0,0,6,8,5,8,0,0,0,1,41,97701,6,1,0,0,3,0,66,129,0,0,0,0,0,0,0,0,0,0,0,0,0,0,1,2,98,1,1,1,1,0,0,13,81,99,1,5,92,"777777777777","777777777777","777777777777",0,0
53,530353,1,1,3,11,9,17,47,42,0,1,0,53,2,63,38,63038,4,2016,"KNAFK4A60G55","K","N","A","F","K","4","A","6","0","G","5","5",0,0,0,"000000000","00000000000",0,0,0,1,0,0,0,0,0,0,0,998,0,0,0,12,8,5,42,0,0,0,1,53,98391,6,1,0,0,3,0,61,135,0,0,0,0,0,0,0,0,0,4,0,0,0,0,1,2,25,1,3,2,1,0,0,1,6,99,9,4,2,"777777777777","777777777777","777777777777",1,0
53,530354,1,1,1,10,9,19,13,25,0,1,0,53,2,37,706,37706,80,2008,"JH2SC59088M0","J","H","2","S","C","5","9","0","8","8","M","0",0,0,0,"000000000","00000000000",0,0,0,1,0,0,0,0,0,0,0,998,0,0,0,99,8,2,25,0,0,0,1,53,98115,0,0,0,0,0,0,69,145,0,0,0,0,0,0,0,0,0,4,0,0,0,0,6,1,45,2,2,1,1,0,0,14,12,99,9,4,7,"777777777777","777777777777","777777777777",1,1
53,530355,1,1,1,13,9,20,25,8,0,1,0,53,2,2,404,2404,14,1997,"1J4GZ58S0VC6","1","J","4","G","Z","5","8","S","0","V","C","6",0,0,0,"000000000","00000000000",0,0,0,1,0,0,0,0,0,0,0,998,0,0,0,12,8,5,8,0,0,0,1,53,98837,6,1,0,0,3,0,64,190,0,0,0,1,0,11,2014,11,2014,0,0,0,0,0,1,2,60,1,2,2,1,0,0,1,80,99,1,1,13,"777777777777","777777777777","777777777777",0,0
53,530356,1,1,1,14,9,19,54,35,0,1,0,53,1,34,706,34706,80,2015,"WB10A1307FZ1","W","B","1","0","A","1","3","0","7","F","Z","1",0,0,0,"000000000","00000000000",0,0,0,1,0,0,0,0,0,0,0,998,0,0,0,99,8,5,17,0,0,0,1,53,98033,6,1,6,0,3,0,72,190,1,0,0,0,0,4,2012,4,2012,4,0,0,0,0,1,2,35,2,2,2,1,0,0,14,12,99,9,4,7,"777777777777","777777777777","777777777777",1,1
53,530357,1,2,1,16,9,20,25,12,2,1,0,53,1,20,431,20431,16,1999,"3GNFK16R7XG1","3","G","N","F","K","1","6","R","7","X","G","1",0,0,0,"000000000","00000000000",0,0,0,1,0,0,0,0,0,0,0,998,0,0,0,12,6,2,12,0,0,0,1,41,97456,6,1,0,0,3,0,75,265,0,0,0,0,0,0,0,0,0,0,28,0,0,0,1,2,55,1,4,2,2,0,0,1,10,99,1,2,50,"777777777777","777777777777","777777777777",1,1
53,530357,2,2,2,16,9,20,25,12,2,1,0,53,2,12,481,12481,31,2004,"1FTPX145X4NB","1","F","T","P","X","1","4","5","X","4","N","B",0,0,0,"000000000","00000000000",0,0,0,1,0,0,0,0,0,0,0,998,0,0,0,12,6,2,12,0,0,0,1,53,98026,6,1,0,0,3,0,70,175,0,0,0,0,0,0,0,0,0,0,0,0,0,0,1,2,55,1,4,2,2,0,0,1,62,9,1,1,51,"777777777777","777777777777","777777777777",0,0
53,530358,1,1,2,17,9,19,33,8,0,1,0,53,1,37,31,37031,4,2001,"1HGES26731L0","1","H","G","E","S","2","6","7","3","1","L","0",0,0,0,"000000000","00000000000",0,0,0,1,0,0,0,0,0,0,0,998,0,0,0,14,8,2,8,0,0,0,1,53,99352,6,1,0,0,3,3,68,175,0,0,0,0,0,0,0,0,0,0,0,0,0,0,1,8,25,1,2,2,1,0,0,1,80,1,1,1,13,"777777777777","777777777777","777777777777",0,0
53,530359,1,1,1,17,9,1,40,30,0,1,0,53,1,23,481,23481,31,2000,"1GTEK19T4YZ2","1","G","T","E","K","1","9","T","4","Y","Z","2",0,0,0,"000000000","00000000000",0,0,0,1,0,0,0,0,0,0,0,998,0,1,5,12,6,2,2,0,0,1,1,53,98908,6,1,0,0,3,0,70,160,1,0,0,2,0,10,2014,10,2015,0,0,0,0,0,1,2,60,3,1,2,1,0,0,14,13,99,1,4,1,"777777777777","777777777777","777777777777",1,1
53,530360,1,3,2,17,9,18,0,12,7,1,0,53,1,53,706,53706,80,2004,"JS1VS54AX421","J","S","1","V","S","5","4","A","X","4","2","1",0,0,0,"000000000","00000000000",0,0,0,1,0,0,0,0,0,0,0,998,0,0,0,82,8,5,12,0,0,0,1,53,98901,6,7,0,0,2,0,68,240,0,0,0,0,4,6,2014,7,2015,0,0,0,0,0,1,4,35,1,1,2,1,0,0,6,50,6,1,2,48,"777777777777","777777777777","777777777777",1,0
53,530360,2,3,2,17,9,18,0,12,7,1,0,53,1,49,40,49040,4,1995,"4T1SK12E1SU5","4","T","1","S","K","1","2","E","1","S","U","5",0,0,0,"000000000","00000000000",0,0,0,1,0,0,0,0,0,0,0,0,0,0,0,63,8,5,12,0,0,0,1,53,98902,6,1,0,0,3,0,64,186,2,0,0,0,1,4,2013,6,2015,0,0,0,0,0,1,4,35,1,1,2,1,0,0,5,53,99,1,1,48,"777777777777","777777777777","777777777777",0,0
53,530360,3,3,1,17,9,18,0,12,7,1,0,53,1,6,51,6051,4,2005,"2C3JK63HX5H6","2","C","3","J","K","6","3","H","X","5","H","6",0,0,0,"000000000","00000000000",0,0,0,1,0,0,0,0,0,0,0,998,0,0,0,61,8,5,12,0,0,0,1,53,98908,6,1,0,0,3,3,68,240,0,1,1,0,0,1,2015,6,2015,0,0,0,0,0,1,4,35,1,1,2,1,0,0,1,62,99,1,1,98,"777777777777","777777777777","777777777777",0,0
53,530361,1,1,1,13,9,10,45,8,0,1,0,53,1,20,461,20461,21,2009,"1GCGG25C6911","1","G","C","G","G","2","5","C","6","9","1","1",0,0,0,"000000000","00000000000",0,0,0,1,0,0,0,0,0,0,0,998,0,0,0,12,8,2,8,0,0,0,1,53,98105,6,1,0,0,3,0,74,220,0,0,0,2,0,3,2012,1,2014,0,38,0,0,0,4,2,30,1,1,2,1,2,3,11,80,1,1,1,13,"777777777777","777777777777","777777777777",0,1
53,530362,1,1,1,16,9,20,5,8,0,1,0,2,2,12,402,12402,14,2003,"1FMYU03143KD","1","F","M","Y","U","0","3","1","4","3","K","D",0,0,0,"000000000","00000000000",0,0,0,1,0,0,0,0,0,0,0,998,0,0,0,12,8,2,8,0,0,0,1,2,99801,6,1,0,0,3,3,67,180,0,0,0,0,0,0,0,0,0,0,0,0,0,0,5,5,30,1,1,2,1,0,0,1,80,99,1,1,13,"777777777777","777777777777","777777777777",0,0
53,530363,1,1,1,12,9,7,24,8,0,1,0,53,1,49,402,49402,14,2009,"JTMBF31V9950","J","T","M","B","F","3","1","V","9","9","5","0",0,0,0,"000000000","00000000000",0,0,0,1,0,0,0,0,0,0,0,998,0,0,0,12,8,5,8,0,0,0,1,53,98499,6,1,0,0,3,0,63,141,0,0,0,0,0,0,0,0,0,0,0,0,0,0,1,2,25,1,1,2,1,0,0,1,80,1,1,1,13,"777777777777","777777777777","777777777777",0,0
53,530364,1,1,1,9,9,17,43,8,0,1,0,53,1,55,35,55035,4,2015,"5NPDH4AEXFH5","5","N","P","D","H","4","A","E","X","F","H","5",0,0,0,"000000000","00000000000",0,0,0,1,0,0,0,0,0,0,0,998,0,0,0,12,8,2,8,0,0,0,1,53,98031,6,1,0,0,3,0,60,160,0,0,0,0,0,0,0,0,0,0,0,0,0,0,5,5,35,1,1,2,1,0,0,1,80,1,1,1,13,"777777777777","777777777777","777777777777",0,0
53,530365,1,3,1,16,9,9,17,12,1,1,0,53,3,12,401,12401,14,1995,"1FMEU15N5SLB","1","F","M","E","U","1","5","N","5","S","L","B",0,0,0,"000000000","00000000000",0,0,0,1,0,0,0,0,0,0,0,998,0,0,0,12,8,2,12,0,0,0,1,53,98362,6,1,6,0,3,0,70,245,1,0,0,1,2,10,2012,6,2016,0,28,0,0,0,1,3,55,2,2,2,1,0,0,14,52,99,1,1,28,"777777777777","777777777777","777777777777",1,0
53,530365,2,3,2,16,9,9,17,12,1,1,0,12,2,20,421,20421,15,2008,"1GNFC13508R2","1","G","N","F","C","1","3","5","0","8","R","2",0,0,0,"000000000","00000000000",0,0,0,1,0,0,0,0,0,0,0,998,0,0,0,6,8,5,12,0,0,0,1,12,34434,0,0,0,0,0,0,999,999,0,0,0,0,0,0,0,0,0,0,0,0,0,0,1,3,55,2,2,2,1,0,0,2,53,99,1,1,29,"777777777777","777777777777","777777777777",0,0
53,530365,3,3,4,16,9,9,17,12,1,1,0,53,3,7,461,7461,21,2001,"2B5WB35Z11K5","2","B","5","W","B","3","5","Z","1","1","K","5",0,0,0,"000000000","00000000000",0,0,0,1,0,0,0,0,0,0,0,998,0,0,0,12,8,2,12,0,0,0,1,53,98541,0,0,0,0,0,0,77,145,99,99,99,99,99,99,9999,99,9999,0,0,0,0,0,1,3,55,3,2,2,1,0,0,14,62,99,1,1,98,"777777777777","777777777777","777777777777",0,0
53,530366,1,1,1,20,9,14,46,8,0,1,0,53,1,76,705,76705,80,2011,"JYAVM01E5BA1","J","Y","A","V","M","0","1","E","5","B","A","1",0,0,0,"000000000","00000000000",0,0,0,1,0,0,0,0,0,0,0,998,0,0,0,12,8,5,8,0,0,0,1,53,98439,6,1,0,0,3,0,71,225,0,0,0,0,0,0,0,0,0,0,0,0,0,0,1,2,35,1,1,2,1,0,0,1,80,99,1,1,13,"777777777777","777777777777","777777777777",0,0
53,530367,1,1,1,10,9,4,55,52,0,1,0,53,2,63,31,63031,4,1998,"KNAFB1218W57","K","N","A","F","B","1","2","1","8","W","5","7",0,0,0,"000000000","00000000000",0,0,0,1,0,0,0,0,0,0,0,998,0,0,0,9,6,2,52,0,0,0,1,53,98512,6,1,0,0,3,0,72,180,0,0,0,0,0,0,0,0,0,0,0,0,0,0,3,3,70,1,1,1,1,0,0,1,12,99,9,4,7,"777777777777","777777777777","777777777777",1,0
53,530368,1,1,1,4,9,12,46,1,0,1,0,53,1,72,706,72706,80,2005,"1HD1FCW195Y6","1","H","D","1","F","C","W","1","9","5","Y","6",0,0,0,"000000000","00000000000",0,0,0,1,0,0,0,0,0,0,0,998,0,0,0,0,8,2,1,0,0,0,1,53,98822,6,1,0,0,3,0,75,210,0,0,0,0,0,0,0,0,0,0,0,0,0,0,1,2,40,1,1,2,1,0,0,1,8,16,2,1,98,"777777777777","777777777777","777777777777",1,0
53,530369,1,3,1,21,9,15,16,12,6,1,1,53,2,22,16,22016,4,2000,"1G2JB5249Y74","1","G","2","J","B","5","2","4","9","Y","7","4",0,0,0,"000000000","00000000000",0,0,0,1,0,0,0,0,0,0,0,998,0,0,0,12,8,2,12,0,0,0,1,53,98106,1,1,0,0,2,0,69,165,0,2,0,0,7,2,2012,9,2014,3,39,0,0,0,1,5,35,1,2,2,1,3,3,1,17,1,1,1,88,"777777777777","777777777777","777777777777",0,1
53,530369,2,3,1,21,9,15,16,12,6,1,0,53,1,37,32,37032,4,2001,"1HGCF86661A0","1","H","G","C","F","8","6","6","6","1","A","0",0,0,0,"000000000","00000000000",0,0,0,1,0,0,0,0,0,0,0,998,0,0,0,9,8,2,12,0,0,0,1,53,98122,1,1,0,0,2,0,64,149,2,1,0,0,4,6,2015,9,2016,0,0,0,0,0,1,3,25,1,2,2,1,3,3,1,66,99,1,1,89,"777777777777","777777777777","777777777777",1,0
53,530369,3,3,1,21,9,15,16,12,6,1,0,53,1,12,422,12422,15,2001,"1FMPU16LX1LA","1","F","M","P","U","1","6","L","X","1","L","A",0,0,0,"000000000","00000000000",0,0,0,1,0,0,0,0,0,0,0,0,0,0,0,12,8,2,12,0,0,0,1,53,98338,6,1,0,0,3,0,71,225,0,0,0,0,0,0,0,0,0,0,0,0,0,0,1,5,35,1,2,2,1,3,3,5,66,1,1,1,98,"777777777777","777777777777","777777777777",0,0
53,530370,1,1,2,10,9,23,16,8,0,1,0,41,3,6,441,6441,20,2007,"2A4GP54L17R1","2","A","4","G","P","5","4","L","1","7","R","1",0,0,0,"000000000","00000000000",0,0,0,1,0,0,0,0,0,0,0,998,0,0,0,12,8,2,8,0,0,0,1,53,98614,6,1,0,0,3,3,65,170,0,0,0,0,0,0,0,0,0,0,0,0,0,0,2,2,55,1,1,2,1,0,0,1,80,99,1,1,13,"777777777777","777777777777","777777777777",0,0
53,530371,1,1,3,24,9,13,12,8,0,1,0,53,1,20,404,20404,14,2015,"2GNFLHE31F61","2","G","N","F","L","H","E","3","1","F","6","1",0,0,0,"000000000","00000000000",0,0,0,1,0,0,0,0,0,0,0,998,0,0,0,12,8,5,8,0,0,0,1,53,98375,1,1,0,0,2,0,60,130,0,1,0,1,0,5,2013,8,2016,0,38,0,0,0,2,4,40,1,1,2,1,0,0,1,80,1,1,1,13,"777777777777","777777777777","777777777777",0,0