"STATE","ST_CASE","VEH_NO","VE_FORMS","NUMOCCS","DAY","MONTH","HOUR","MINUTE","HARM_EV","MAN_COLL","UNITTYPE","HIT_RUN","REG_STAT","OWNER","MAKE","MODEL","MAK_MOD","BODY_TYP","MOD_YEAR","VIN","VIN_1","VIN_2","VIN_3","VIN_4","VIN_5","VIN_6","VIN_7","VIN_8","VIN_9","VIN_10","VIN_11","VIN_12","TOW_VEH","J_KNIFE","MCARR_I1","MCARR_I2","MCARR_ID","GVWR","V_CONFIG","CARGO_BT","HAZ_INV","HAZ_PLAC","HAZ_ID","HAZ_CNO","HAZ_REL","BUS_USE","SPEC_USE","EMER_USE","TRAV_SP","UNDERIDE","ROLLOVER","ROLINLOC","IMPACT1","DEFORMED","TOWED","M_HARM","VEH_SC1","VEH_SC2","FIRE_EXP","DR_PRES","L_STATE","DR_ZIP","L_STATUS","L_TYPE","CDL_STAT","L_ENDORS","L_COMPL","L_RESTRI","DR_HGT","DR_WGT","PREV_ACC","PREV_SUS","PREV_DWI","PREV_SPD","PREV_OTH","FIRST_MO","FIRST_YR","LAST_MO","LAST_YR","SPEEDREL","DR_SF1","DR_SF2","DR_SF3","DR_SF4","VTRAFWAY","VNUM_LAN","VSPD_LIM","VALIGN","VPROFILE","VPAVETYP","VSURCOND","VTRAFCON","VTCONT_F","P_CRASH1","P_CRASH2","P_CRASH3","PCRASH4","PCRASH5","ACC_TYPE","TRLR1VIN","TRLR2VIN","TRLR3VIN","DEATHS","DR_DRINK"
53,530410,1,2,1,18,10,22,14,12,1,1,0,53,2,76,705,76705,80,2003,"JYARJ06E53A0","J","Y","A","R","J","0","6","E","5","3","A","0",0,0,0,"000000000","00000000000",0,0,0,1,0,0,0,0,0,0,0,998,0,0,0,12,8,2,12,0,0,0,1,53,98004,6,1,0,0,3,0,74,180,0,0,0,0,0,0,0,0,0,3,0,0,0,0,5,3,30,1,2,2,1,0,0,1,51,6,1,1,24,"777777777777","777777777777","777777777777",1,1
53,530410,2,2,1,18,10,22,14,12,1,1,0,53,1,49,40,49040,4,2009,"JTNBB46K3930","J","T","N","B","B","4","6","K","3","9","3","0",0,0,0,"000000000","00000000000",0,0,0,1,0,0,0,0,0,0,0,998,0,0,0,6,8,2,12,0,0,0,1,53,98188,6,1,0,0,3,0,68,180,1,0,0,0,0,1,2014,1,2014,0,0,0,0,0,5,3,30,1,2,2,1,0,0,3,53,99,1,1,25,"777777777777","777777777777","777777777777",0,0
53,530411,1,1,1,14,10,21,30,1,0,1,0,53,3,98,734,98734,90,2014,"4XAWH9EA2EB1","4","X","A","W","H","9","E","A","2","E","B","1",0,0,0,"000000000","00000000000",0,0,0,1,0,0,0,0,0,0,0,998,0,9,5,0,8,5,1,0,0,0,1,53,99338,6,1,0,0,1,0,70,155,0,0,0,0,0,0,0,0,0,4,0,0,0,0,1,2,50,1,2,4,2,0,0,1,12,99,2,4,7,"777777777777","777777777777","777777777777",1,1
53,530412,1,1,1,3,10,5,52,1,0,1,0,53,1,20,481,20481,31,1999,"1GCEC14V2XZ1","1","G","C","E","C","1","4","V","2","X","Z","1",0,0,0,"000000000","00000000000",0,0,0,1,0,0,0,0,0,0,0,998,0,9,5,0,8,2,1,0,0,0,1,53,98321,6,1,0,0,3,3,73,135,0,1,0,0,4,6,2012,11,2015,4,0,0,0,0,1,2,98,1,4,2,1,0,0,1,6,99,4,4,7,"777777777777","777777777777","777777777777",1,0
53,530413,1,2,1,25,10,7,15,12,2,1,0,53,1,37,37,37037,5,2010,"JHMZE2H75AS0","J","H","M","Z","E","2","H","7","5","A","S","0",0,0,0,"000000000","00000000000",0,0,0,1,0,0,0,0,0,0,0,998,0,0,0,12,6,2,12,0,0,0,1,53,99350,6,1,0,0,3,0,75,230,0,0,0,1,2,9,2012,9,2016,0,28,0,0,0,1,2,65,3,2,2,2,0,0,14,10,99,1,2,50,"777777777777","777777777777","777777777777",0,0
53,530413,2,2,1,25,10,7,15,12,2,1,0,53,1,20,28,20028,4,2014,"1G1JC5SH6E41","1","G","1","J","C","5","S","H","6","E","4","1",0,0,0,"000000000","00000000000",0,0,0,1,0,0,0,0,0,0,0,998,0,0,0,12,6,2,12,0,0,0,1,53,99336,6,1,0,0,3,3,70,160,0,0,0,0,0,0,0,0,0,0,0,0,0,0,1,2,65,2,2,2,2,0,0,14,62,99,1,1,51,"777777777777","777777777777","777777777777",1,0
53,530414,1,1,1,21,10,19,57,8,0,1,0,53,3,92,988,92988,52,2008,"15GCD2713811","1","5","G","C","D","2","7","1","3","8","1","1",0,0,77,"777777777","77777777777",3,21,22,1,0,0,0,0,6,3,0,998,0,0,0,11,8,5,8,0,0,0,1,53,98258,6,1,6,1,3,0,74,162,1,0,0,0,0,6,2014,6,2014,0,0,0,0,0,3,2,60,1,2,2,2,0,0,1,80,7,1,2,13,"777777777777","777777777777","777777777777",0,0
53,530415,1,1,1,24,10,23,50,42,0,1,0,53,1,54,31,54031,3,2001,"JH4DC436X1S0","J","H","4","D","C","4","3","6","X","1","S","0",0,0,0,"000000000","00000000000",0,0,0,1,0,0,0,0,0,0,0,998,0,0,0,99,6,2,30,0,0,0,1,53,98117,6,1,0,0,3,0,68,220,0,0,0,1,3,3,2013,7,2016,3,0,0,0,0,3,2,35,1,1,1,2,0,0,1,6,99,2,4,2,"777777777777","777777777777","777777777777",1,0
53,530416,1,2,2,22,10,14,9,12,6,1,0,53,1,58,37,58037,4,2012,"JN1CV6AR4CM9","J","N","1","C","V","6","A","R","4","C","M","9",0,0,0,"000000000","00000000000",0,0,0,1,0,0,0,0,0,0,0,998,0,0,0,12,8,2,12,0,0,0,1,53,98208,6,7,0,0,3,2,69,155,0,0,0,1,1,12,2015,12,2015,3,73,0,0,0,5,5,35,1,1,2,1,0,0,3,72,99,1,1,83,"777777777777","777777777777","777777777777",0,0
53,530416,2,2,1,22,10,14,9,12,6,1,0,53,1,20,37,20037,4,2002,"1G1ND52J92M5","1","G","1","N","D","5","2","J","9","2","M","5",0,0,0,"000000000","00000000000",0,0,0,1,0,0,0,0,0,0,0,998,0,0,0,9,8,2,12,0,0,0,1,53,98208,6,1,0,0,3,3,72,160,0,0,0,0,0,0,0,0,0,0,0,0,0,0,5,5,35,1,1,2,1,0,0,11,15,99,1,1,82,"777777777777","777777777777","777777777777",1,0
53,530417,1,1,1,25,10,19,12,8,0,1,0,53,1,12,461,12461,21,2002,"1FTRE14252HA","1","F","T","R","E","1","4","2","5","2","H","A",0,0,0,"000000000","00000000000",0,0,0,1,0,0,0,0,0,0,0,998,0,0,0,12,8,5,8,0,0,0,1,53,98038,6,1,0,0,3,0,69,170,1,0,0,0,0,3,2015,3,2015,0,0,0,0,0,5,5,40,4,1,2,1,0,0,14,80,99,1,1,13,"777777777777","777777777777","777777777777",0,0
53,530418,1,1,1,18,10,6,30,42,0,1,0,53,1,20,9,20009,2,2014,"2G1FE1E31E92","2","G","1","F","E","1","E","3","1","E","9","2",0,0,0,"000000000","00000000000",0,0,0,1,0,0,0,0,0,0,0,998,0,0,0,61,8,2,42,0,0,0,1,53,98570,6,1,6,0,3,3,73,280,0,0,0,0,0,0,0,0,0,0,39,0,0,0,1,2,98,1,2,2,2,20,3,1,14,16,4,4,14,"777777777777","777777777777","777777777777",1,0
53,530419,1,2,3,28,10,23,0,12,6,1,0,53,2,20,421,20421,15,2002,"1GNEK13Z62J2","1","G","N","E","K","1","3","Z","6","2","J","2",0,0,0,"000000000","00000000000",0,0,0,1,0,0,0,0,0,0,0,998,0,0,0,3,8,2,12,0,0,0,1,53,98146,6,1,0,0,3,0,72,170,0,0,0,1,0,8,2014,8,2014,0,38,0,0,0,1,2,25,1,1,2,1,0,0,1,17,99,1,1,87,"777777777777","777777777777","777777777777",0,0
53,530419,2,2,1,28,10,23,0,12,6,1,0,53,1,76,706,76706,80,2015,"JYARN33EXFA0","J","Y","A","R","N","3","3","E","X","F","A","0",0,0,0,"000000000","00000000000",0,0,0,1,0,0,0,0,0,0,0,998,0,0,0,12,8,2,12,0,0,0,1,53,98444,6,1,0,0,3,3,72,295,1,0,0,1,0,10,2012,8,2014,0,0,0,0,0,1,2,25,1,1,2,1,0,0,1,66,99,1,1,86,"777777777777","777777777777","777777777777",1,0
53,530420,1,1,3,24,10,2,14,43,0,1,0,53,2,54,31,54031,3,1991,"JH4DA9341MS0","J","H","4","D","A","9","3","4","1","M","S","0",0,0,0,"000000000","00000000000",0,0,0,1,0,0,0,0,0,0,0,998,0,0,0,62,8,5,14,0,0,0,1,53,98531,1,1,0,0,2,0,999,999,1,0,0,0,1,4,2014,4,2014,4,37,0,0,0,1,2,98,8,8,2,1,0,0,1,6,99,4,4,7,"777777777777","777777777777","777777777777",1,0
53,530421,1,1,1,30,10,2,15,8,0,1,0,53,2,12,481,12481,31,1990,"2FTDF15N9LCA","2","F","T","D","F","1","5","N","9","L","C","A",0,0,0,"000000000","00000000000",0,0,0,1,0,0,0,0,0,0,0,998,0,0,0,14,8,5,8,0,0,0,1,53,98550,1,1,0,0,2,0,68,145,0,10,0,1,11,2,2014,7,2016,0,0,0,0,0,1,2,55,1,1,2,2,0,0,1,80,99,1,1,13,"777777777777","777777777777","777777777777",0,0
53,530422,1,1,2,23,1,3,5,99,98,1,0,99,9,99,999,99999,99,9999,"999999999999","9","9","9","9","9","9","9","9","9","9","9","9",0,0,0,"000000000","00000000000",0,0,0,1,0,0,0,0,0,0,0,998,0,0,0,99,9,9,99,99,99,0,1,99,99999,9,9,99,9,9,9,999,999,99,99,99,99,99,99,9999,99,9999,9,87,0,0,0,1,2,99,9,9,9,4,0,0,99,99,99,9,9,99,"777777777777","777777777777","777777777777",1,1
53,530423,1,2,2,31,10,3,10,12,2,1,0,53,2,49,402,49402,14,2011,"2T3BF4DV7BW1","2","T","3","B","F","4","D","V","7","B","W","1",0,0,0,"000000000","00000000000",0,0,0,1,0,0,0,0,0,0,0,998,0,0,0,12,6,2,12,0,0,0,1,53,98926,6,1,0,0,3,0,66,142,0,0,0,0,0,0,0,0,0,0,28,0,0,0,2,2,70,1,2,2,2,0,0,1,12,99,1,2,50,"777777777777","777777777777","777777777777",2,0
53,530423,2,2,1,31,10,3,10,12,2,1,0,53,1,23,481,23481,31,2008,"1GTHK23698F1","1","G","T","H","K","2","3","6","9","8","F","1",0,0,0,"000000000","00000000000",0,0,0,1,0,0,0,0,0,0,0,998,0,0,0,12,6,2,12,0,0,0,1,53,99344,6,1,0,0,3,0,71,165,0,0,0,1,1,3,2012,7,2013,0,0,0,0,0,2,2,70,1,2,2,2,0,0,1,62,6,1,2,51,"777777777777","777777777777","777777777777",0,0
53,530424,1,2,1,14,10,9,10,12,6,1,0,53,1,7,442,7442,20,1996,"1B4GP54L7TB2","1","B","4","G","P","5","4","L","7","T","B","2",0,0,0,"000000000","00000000000",0,0,0,1,0,0,0,0,0,0,0,998,0,0,0,61,8,2,12,0,0,0,1,53,98168,6,1,0,0,3,0,71,184,0,0,0,0,0,0,0,0,0,0,39,0,0,0,1,3,35,1,1,2,2,3,3,1,17,99,1,1,89,"777777777777","777777777777","777777777777",1,0
53,530424,2,2,2,14,10,9,10,12,6,1,0,53,2,20,481,20481,31,2002,"1GCHK23G02F1","1","G","C","H","K","2","3","G","0","2","F","1",0,0,0,"000000000","00000000000",0,0,0,1,0,0,0,0,0,0,0,998,0,0,0,12,8,2,12,0,0,0,1,53,98146,0,0,0,0,0,0,82,245,0,0,0,0,0,0,0,0,0,0,0,0,0,0,1,5,35,1,1,2,2,3,3,1,66,1,1,1,88,"777777777777","777777777777","777777777777",0,0
53,530425,1,1,1,30,7,23,13,41,0,1,0,53,1,34,401,34401,14,2013,"5YMGY0C51D0C","5","Y","M","G","Y","0","C","5","1","D","0","C",0,0,0,"000000000","00000000000",0,0,0,1,0,0,0,0,0,0,0,998,0,0,0,12,8,2,43,0,0,0,1,53,98122,6,1,0,0,3,0,73,250,0,0,0,0,0,0,0,0,0,4,0,0,0,0,1,2,25,2,2,2,1,0,0,14,12,99,1,4,6,"777777777777","777777777777","777777777777",1,1
53,530426,1,1,3,30,10,19,1,35,0,1,0,1,2,7,20,7020,4,2000,"1B3ES46C1YD5","1","B","3","E","S","4","6","C","1","Y","D","5",0,0,0,"000000000","00000000000",0,0,0,1,0,0,0,0,0,0,0,998,0,0,0,12,8,2,35,0,0,0,1,53,99207,6,1,0,0,3,0,64,120,0,1,0,0,0,3,2012,3,2012,0,0,0,0,0,1,2,50,2,6,2,2,0,0,14,12,99,1,4,6,"777777777777","777777777777","777777777777",1,0
53,530427,1,1,1,25,10,6,50,9,0,1,0,53,1,55,33,55033,4,2016,"5NPE34AF8GH4","5","N","P","E","3","4","A","F","8","G","H","4",0,0,0,"000000000","00000000000",0,0,0,1,0,0,0,0,0,0,0,998,0,0,0,1,8,2,9,0,0,0,1,53,98503,6,1,0,0,3,0,68,165,0,0,0,0,0,0,0,0,0,0,0,0,0,0,1,5,35,1,1,2,2,3,3,11,80,1,1,1,13,"777777777777","777777777777","777777777777",0,0
53,530428,1,1,1,29,10,12,14,25,0,1,0,53,1,12,471,12471,30,1988,"1FTBR10A5JUB","1","F","T","B","R","1","0","A","5","J","U","B",0,0,0,"000000000","00000000000",0,0,0,1,0,0,0,0,0,0,0,998,0,0,0,12,8,2,25,0,0,0,1,53,98031,6,1,0,0,3,0,72,240,0,0,0,0,0,0,0,0,0,0,0,0,0,0,3,2,50,3,2,2,2,0,0,14,87,6,1,4,6,"777777777777","777777777777","777777777777",1,0
53,530430,1,1,1,2,11,17,50,8,0,1,0,53,1,6,52,6052,6,2007,"3A8FY58B17T5","3","A","8","F","Y","5","8","B","1","7","T","5",0,0,0,"000000000","00000000000",0,0,0,1,0,0,0,0,0,0,0,998,0,0,0,12,8,5,8,0,0,0,1,53,98250,6,1,0,0,3,3,60,150,0,0,0,0,0,0,0,0,0,0,38,0,0,0,1,2,25,1,2,2,2,0,0,11,80,1,1,1,13,"777777777777","777777777777","777777777777",0,0
53,530431,1,5,1,4,11,6,47,8,0,1,0,53,1,12,402,12402,14,2010,"1FMCU4K35AKC","1","F","M","C","U","4","K","3","5","A","K","C",0,0,0,"000000000","00000000000",0,0,0,1,0,0,0,0,0,0,0,998,0,0,0,12,8,5,8,0,0,0,1,53,98053,6,1,0,0,3,0,74,195,0,0,0,1,1,4,2015,3,2016,0,0,0,0,0,3,4,60,1,1,2,1,0,0,1,80,16,1,1,13,"777777777777","777777777777","777777777777",0,0
53,530431,2,5,1,4,11,6,47,8,0,1,0,53,1,49,403,49403,14,2008,"JTEES42A9820","J","T","E","E","S","4","2","A","9","8","2","0",0,0,0,"000000000","00000000000",0,0,0,1,0,0,0,0,0,0,0,998,0,0,0,6,8,2,12,0,0,0,1,53,98023,6,1,0,0,3,0,64,120,1,0,0,0,1,8,2016,8,2016,0,0,0,0,0,3,4,60,1,1,2,1,0,0,2,80,16,1,1,98,"777777777777","777777777777","777777777777",0,0
53,530431,3,5,3,4,11,6,47,8,0,1,0,53,2,35,43,35043,4,2007,"3N1AB61E87L6","3","N","1","A","B","6","1","E","8","7","L","6",0,0,0,"000000000","00000000000",0,0,0,1,0,0,0,0,0,0,0,998,0,0,0,12,8,5,12,0,0,0,1,6,92345,6,1,0,0,3,0,71,150,0,0,0,0,0,0,0,0,0,0,0,0,0,0,3,4,60,1,1,2,1,0,0,2,52,16,1,1,98,"777777777777","777777777777","777777777777",0,0
53,530431,4,5,1,4,11,6,47,8,0,1,0,26,1,2,422,2422,15,2014,"1C4RJFBG2EC5","1","C","4","R","J","F","B","G","2","E","C","5",0,0,0,"000000000","00000000000",0,0,0,1,0,0,0,0,0,0,0,998,0,0,0,14,8,5,8,0,0,0,1,26,49503,6,1,0,0,3,3,67,165,0,0,0,0,0,0,0,0,0,0,0,0,0,0,3,4,60,1,1,2,1,0,0,2,80,16,1,1,98,"777777777777","777777777777","777777777777",0,0
53,530431,5,5,1,4,11,6,47,8,0,1,0,53,1,2,407,2407,14,2010,"1J4NF2GB3AD5","1","J","4","N","F","2","G","B","3","A","D","5",0,0,0,"000000000","00000000000",0,0,0,1,0,0,0,0,0,0,0,998,0,0,0,14,8,5,8,0,0,0,1,53,98373,6,1,0,0,3,0,73,215,0,0,0,0,1,5,2015,5,2015,0,0,0,0,0,3,4,60,1,1,2,1,0,0,2,80,16,1,1,98,"777777777777","777777777777","777777777777",0,0
53,530432,1,3,1,4,11,15,51,12,1,1,0,53,1,12,401,12401,14,1993,"1FMDU34X6PUD","1","F","M","D","U","3","4","X","6","P","U","D",0,0,0,"000000000","00000000000",0,0,0,1,0,0,0,0,0,0,0,998,0,0,0,12,8,2,12,0,0,0,1,53,98937,6,1,0,0,3,0,65,170,0,0,0,0,0,0,0,0,0,0,0,0,0,0,1,2,60,1,1,2,1,0,0,1,50,99,1,1,20,"777777777777","777777777777","777777777777",0,0
53,530432,2,3,1,4,11,15,51,12,1,1,0,53,1,20,16,20016,4,2001,"1G1JC5246174","1","G","1","J","C","5","2","4","6","1","7","4",0,0,0,"000000000","00000000000",0,0,0,1,0,0,0,0,0,0,0,0,0,0,0,6,8,2,12,0,0,0,1,53,98937,6,1,0,0,3,0,69,195,0,0,0,0,1,12,2015,12,2015,0,0,0,0,0,1,2,60,1,1,2,1,0,0,11,53,1,1,1,21,"777777777777","777777777777","777777777777",1,1
53,530432,3,3,1,4,11,15,51,12,1,1,0,53,1,49,402,49402,14,2011,"2T3DK4DV6BW0","2","T","3","D","K","4","D","V","6","B","W","0",0,0,0,"000000000","00000000000",0,0,0,1,0,0,0,0,0,0,0,998,0,0,0,12,8,5,12,0,0,0,1,53,98503,6,1,0,0,3,0,63,150,0,0,0,0,0,0,0,0,0,0,0,0,0,0,1,2,60,1,1,2,1,0,0,1,62,99,1,1,98,"777777777777","777777777777","777777777777",0,0
53,530433,1,1,3,7,11,9,29,1,0,1,0,53,1,14,401,14401,14,2004,"4M2ZU86E44ZJ","4","M","2","Z","U","8","6","E","4","4","Z","J",0,0,0,"000000000","00000000000",0,0,0,1,0,0,0,0,0,0,0,998,0,9,5,0,6,2,1,0,0,0,1,53,98902,6,1,0,0,3,0,69,225,2,3,0,0,2,4,2012,2,2016,0,0,0,0,0,1,2,50,1,2,2,1,0,0,1,66,6,1,4,6,"777777777777","777777777777","777777777777",1,0
53,530434,1,1,2,6,11,15,48,35,0,1,0,53,2,52,37,52037,3,1998,"4A3AK44Y8WE0","4","A","3","A","K","4","4","Y","8","W","E","0",0,0,0,"000000000","00000000000",0,0,0,1,0,0,0,0,0,0,0,998,0,9,5,12,8,2,1,0,0,0,1,19,51106,6,1,0,0,3,0,66,140,0,0,0,0,0,0,0,0,0,3,91,0,0,0,1,2,50,2,1,2,2,0,0,14,13,99,2,4,1,"777777777777","777777777777","777777777777",1,0
53,530435,1,1,1,10,11,13,7,31,0,1,0,53,1,41,35,41035,4,2002,"JM1BJ2250205","J","M","1","B","J","2","2","5","0","2","0","5",0,0,0,"000000000","00000000000",0,0,0,1,0,0,0,0,0,0,0,998,0,0,0,12,8,2,19,0,0,0,1,53,99201,6,1,0,0,3,3,60,100,0,0,0,0,0,0,0,0,0,0,0,0,0,0,1,2,25,1,2,2,1,0,0,1,14,99,9,4,14,"777777777777","777777777777","777777777777",1,0
53,530436,1,3,1,10,11,18,34,12,1,1,0,53,1,53,706,53706,80,2011,"JS1GT78A4B21","J","S","1","G","T","7","8","A","4","B","2","1",0,0,0,"000000000","00000000000",0,0,0,1,0,0,0,0,0,0,0,998,0,0,0,12,8,2,12,0,0,0,1,12,33196,6,1,0,0,3,0,74,999,0,0,0,0,0,0,0,0,0,3,33,0,0,0,3,4,60,1,1,2,1,0,0,6,51,99,9,1,24,"777777777777","777777777777","777777777777",1,0
53,530436,2,3,2,10,11,18,34,12,1,1,0,53,1,20,25,20025,4,2012,"1G1PG5SC8C74","1","G","1","P","G","5","S","C","8","C","7","4",0,0,0,"000000000","00000000000",0,0,0,1,0,0,0,0,0,0,0,998,0,0,0,6,8,5,12,0,0,0,1,53,98367,6,1,0,0,3,0,71,200,1,0,0,0,0,7,2012,7,2012,0,0,0,0,0,3,4,60,1,1,2,1,0,0,1,53,99,1,1,25,"777777777777","777777777777","777777777777",0,0
53,530436,3,3,1,10,11,18,34,12,1,1,0,53,3,35,446,35446,20,2013,"3N6CM0KN6DK6","3","N","6","C","M","0","K","N","6","D","K","6",0,0,0,"000000000","00000000000",0,0,0,1,0,0,0,0,0,0,0,998,0,0,0,12,8,5,12,0,0,0,1,53,98335,6,1,0,0,3,0,69,195,1,0,0,0,0,12,2011,12,2011,0,0,0,0,0,3,4,60,1,1,2,1,0,0,1,61,99,1,1,98,"777777777777","777777777777","777777777777",0,0
53,530437,1,1,1,12,11,17,21,8,0,1,0,53,1,55,33,55033,4,2006,"KMHEU46C06A0","K","M","H","E","U","4","6","C","0","6","A","0",0,0,0,"000000000","00000000000",0,0,0,1,0,0,0,0,0,0,0,998,0,0,0,12,6,2,8,0,0,0,1,53,98241,6,1,0,0,3,0,68,240,0,0,0,0,0,0,0,0,0,0,0,0,0,0,1,2,55,1,1,2,2,0,0,1,50,99,1,1,13,"777777777777","777777777777","777777777777",0,0
53,530438,1,2,1,14,11,15,46,12,6,1,0,53,3,84,988,84988,50,2017,"4DRBUC8N4HB6","4","D","R","B","U","C","8","N","4","H","B","6",0,0,77,"777777777","77777777777",3,21,22,1,0,0,0,0,1,2,0,998,0,0,0,3,8,5,12,0,0,0,1,53,99352,6,1,6,1,3,0,71,185,0,0,0,0,0,0,0,0,0,0,38,0,0,0,5,5,40,1,1,2,1,0,0,11,15,99,1,1,68,"777777777777","777777777777","777777777777",0,0
53,530438,2,2,1,14,11,15,46,12,6,1,0,30,1,72,706,72706,80,2016,"1HD1KEL18GB6","1","H","D","1","K","E","L","1","8","G","B","6",0,0,0,"000000000","00000000000",0,0,0,1,0,0,0,0,0,0,0,998,0,0,0,12,6,2,12,0,0,0,1,30,59101,6,1,0,0,3,0,999,999,98,0,0,1,0,12,2014,12,2014,0,0,0,0,0,5,5,40,1,1,2,1,0,0,1,62,99,1,1,69,"777777777777","777777777777","777777777777",1,0
53,530439,1,2,1,14,11,17,4,12,6,1,0,53,1,2,403,2403,14,2008,"1J4FA241X8L6","1","J","4","F","A","2","4","1","X","8","L","6",0,0,0,"000000000","00000000000",0,0,0,1,0,0,0,0,0,0,0,998,0,0,0,9,6,2,12,0,0,0,1,53,98528,6,1,0,0,3,3,71,245,0,0,0,0,0,0,0,0,0,0,38,0,0,0,1,2,55,1,1,2,1,20,3,11,15,99,1,1,82,"777777777777","777777777777","777777777777",1,0
53,530439,2,2,1,14,11,17,4,12,6,1,0,53,1,7,482,7482,31,2000,"3B7KF2366YG1","3","B","7","K","F","2","3","6","6","Y","G","1",0,0,0,"000000000","00000000000",0,0,0,1,0,0,0,0,0,0,0,998,0,0,0,12,6,2,12,0,0,0,1,53,98310,6,1,0,0,3,3,72,250,0,0,0,0,0,0,0,0,0,0,0,0,0,0,1,4,55,1,2,2,1,0,0,1,67,16,1,1,83,"777777777777","777777777777","777777777777",0,0
53,530440,1,1,1,16,7,20,21,9,0,1,1,53,2,35,472,35472,30,2002,"1N6MD29Y42C3","1","N","6","M","D","2","9","Y","4","2","C","3",0,0,0,"000000000","00000000000",0,0,0,1,0,0,0,0,0,0,0,998,0,0,0,12,8,5,9,0,0,0,1,53,98813,6,1,0,0,3,0,65,136,0,0,0,6,10,5,2012,2,2016,0,91,0,0,0,1,2,50,1,1,2,1,0,0,1,83,99,1,1,13,"777777777777","777777777777","777777777777",0,0
53,530441,1,1,1,10,11,5,10,8,0,1,0,53,1,12,37,12037,4,2012,"1FAHP3F22CL4","1","F","A","H","P","3","F","2","2","C","L","4",0,0,0,"000000000","00000000000",0,0,0,1,0,0,0,0,0,0,0,998,0,0,0,12,8,5,8,0,0,0,1,53,98155,6,1,0,0,3,0,65,160,0,0,0,1,0,7,2015,7,2015,0,0,0,0,0,1,4,35,1,1,2,2,2,3,1,80,99,1,1,13,"777777777777","777777777777","777777777777",0,0
53,530442,1,1,1,15,11,14,3,8,0,1,0,53,5,23,472,23472,30,2012,"1GTE5MFE0C81","1","G","T","E","5","M","F","E","0","C","8","1",0,0,0,"000000000","00000000000",0,0,0,1,0,0,0,0,0,0,0,998,0,0,0,12,8,2,8,0,0,0,1,53,99301,6,1,0,0,3,0,69,171,0,0,0,1,0,4,2015,4,2015,0,0,0,0,0,5,5,35,1,1,2,1,0,0,1,80,1,1,1,13,"777777777777","777777777777","777777777777",0,0
53,530443,1,1,1,10,11,19,18,8,0,1,0,53,1,59,31,59031,4,2000,"JT8BF28G6Y50","J","T","8","B","F","2","8","G","6","Y","5","0",0,0,0,"000000000","00000000000",0,0,0,1,0,0,0,0,0,0,0,998,0,0,0,12,8,2,8,0,0,0,1,53,98371,6,1,0,0,3,0,67,165,0,0,0,3,0,6,2013,3,2016,0,0,0,0,0,2,5,55,1,1,2,2,2,3,1,80,99,1,1,13,"777777777777","777777777777","777777777777",0,0
53,530444,1,1,2,14,11,20,7,8,0,1,0,53,1,37,403,37403,14,2004,"5J6YH28504L0","5","J","6","Y","H","2","8","5","0","4","L","0",0,0,0,"000000000","00000000000",0,0,0,1,0,0,0,0,0,0,0,998,0,0,0,12,8,2,8,0,0,0,1,53,98801,6,1,0,0,3,0,67,145,1,0,0,1,0,5,2012,12,2013,0,0,0,0,0,1,2,45,2,1,2,1,0,0,14,80,1,1,1,13,"777777777777","777777777777","777777777777",0,0
53,530445,1,1,1,22,5,12,53,30,0,1,0,53,1,23,441,23441,20,2003,"1GKEL19X03B5","1","G","K","E","L","1","9","X","0","3","B","5",0,0,0,"000000000","00000000000",0,0,0,1,0,0,0,0,0,0,0,998,0,0,0,12,8,5,30,0,0,0,1,53,98338,6,1,0,0,3,3,64,160,0,0,0,0,0,0,0,0,0,0,0,0,0,0,1,3,35,1,1,2,1,3,3,1,12,99,1,4,6,"777777777777","777777777777","777777777777",1,0
53,530446,1,1,1,13,11,19,43,53,0,1,0,53,1,22,22,22022,4,2006,"1G2ZF55B3642","1","G","2","Z","F","5","5","B","3","6","4","2",0,0,0,"000000000","00000000000",0,0,0,1,0,0,0,0,0,0,0,998,0,0,0,12,8,2,42,0,0,0,1,53,98146,6,1,0,0,3,3,63,125,0,0,0,0,0,0,0,0,0,3,0,0,0,0,1,2,35,3,1,2,2,0,0,14,13,6,1,4,6,"777777777777","777777777777","777777777777",1,1
53,530447,1,2,1,19,11,16,42,12,2,1,0,53,1,48,34,48034,4,2009,"4S3BL6163972","4","S","3","B","L","6","1","6","3","9","7","2",0,0,0,"000000000","00000000000",0,0,0,1,0,0,0,0,0,0,0,998,0,0,0,12,6,2,12,0,0,0,1,53,98944,6,1,0,0,3,0,66,110,0,0,0,4,0,6,2013,2,2014,0,28,0,0,0,1,2,55,1,1,2,1,20,3,1,10,99,1,2,50,"777777777777","777777777777","777777777777",1,0
53,530447,2,2,2,19,11,16,42,12,2,1,0,6,3,51,884,51884,66,2016,"4N4NC9EH2GN9","4","N","4","N","C","9","E","H","2","G","N","9",1,1,57,"1452345","571452345",3,6,1,2,8,8888,88,1,0,0,0,998,0,0,0,12,6,2,12,0,0,0,1,6,95340,6,1,6,1,3,0,73,200,2,0,0,0,0,2,2015,9,2016,0,0,0,0,0,1,2,55,1,1,2,1,0,0,1,62,99,1,1,51,"888888888888","777777777777","777777777777",0,0