"STATE","ST_CASE","VEH_NO","VE_FORMS","NUMOCCS","DAY","MONTH","HOUR","MINUTE","HARM_EV","MAN_COLL","UNITTYPE","HIT_RUN","REG_STAT","OWNER","MAKE","MODEL","MAK_MOD","BODY_TYP","MOD_YEAR","VIN","VIN_1","VIN_2","VIN_3","VIN_4","VIN_5","VIN_6","VIN_7","VIN_8","VIN_9","VIN_10","VIN_11","VIN_12","TOW_VEH","J_KNIFE","MCARR_I1","MCARR_I2","MCARR_ID","GVWR","V_CONFIG","CARGO_BT","HAZ_INV","HAZ_PLAC","HAZ_ID","HAZ_CNO","HAZ_REL","BUS_USE","SPEC_USE","EMER_USE","TRAV_SP","UNDERIDE","ROLLOVER","ROLINLOC","IMPACT1","DEFORMED","TOWED","M_HARM","VEH_SC1","VEH_SC2","FIRE_EXP","DR_PRES","L_STATE","DR_ZIP","L_STATUS","L_TYPE","CDL_STAT","L_ENDORS","L_COMPL","L_RESTRI","DR_HGT","DR_WGT","PREV_ACC","PREV_SUS","PREV_DWI","PREV_SPD","PREV_OTH","FIRST_MO","FIRST_YR","LAST_MO","LAST_YR","SPEEDREL","DR_SF1","DR_SF2","DR_SF3","DR_SF4","VTRAFWAY","VNUM_LAN","VSPD_LIM","VALIGN","VPROFILE","VPAVETYP","VSURCOND","VTRAFCON","VTCONT_F","P_CRASH1","P_CRASH2","P_CRASH3","PCRASH4","PCRASH5","ACC_TYPE","TRLR1VIN","TRLR2VIN","TRLR3VIN","DEATHS","DR_DRINK"
54,540167,3,4,0,9,8,4,0,12,1,1,0,54,6,85,881,85881,64,2007,"1NKDH47X6712","1","N","K","D","H","4","7","X","6","7","1","2",5,1,57,"376317","57376317",3,4,12,1,0,0,0,0,0,0,0,0,0,0,0,6,6,2,12,0,0,0,0,0,99997,7,6,97,7,6,7,998,997,998,998,998,998,998,98,9998,98,9998,8,0,0,0,0,2,2,70,1,5,2,1,0,0,0,53,0,0,0,98,"777777777777","777777777777","777777777777",0,0
54,540167,4,4,1,9,8,4,0,12,1,1,0,40,3,84,884,84884,66,2015,"3HSDJAPRXFN7","3","H","S","D","J","A","P","R","X","F","N","7",1,1,57,"0080806","570080806",3,6,1,1,0,0,0,0,0,0,0,998,0,0,0,12,6,2,12,0,0,1,1,42,19401,6,1,6,0,3,0,68,999,0,0,0,0,0,0,0,0,0,0,39,36,0,0,2,2,70,1,5,2,1,98,3,1,50,1,1,1,20,"888888888888","777777777777","777777777777",0,0
54,540168,1,6,2,16,8,15,5,12,2,1,0,20,3,84,884,84884,66,2015,"3HSDJAPR6FN5","3","H","S","D","J","A","P","R","6","F","N","5",1,3,57,"32877","5732877",3,6,1,1,0,0,0,0,0,0,0,998,0,0,0,12,6,2,12,0,0,0,1,47,37322,6,1,6,0,3,1,66,180,0,0,0,2,0,2,2013,2,2013,0,28,0,0,0,2,2,70,1,1,2,1,0,0,1,10,1,9,6,50,"1UYVS2530BM1","777777777777","777777777777",0,0
54,540168,2,6,1,16,8,15,5,12,2,1,0,37,3,87,884,87884,66,2014,"1XPXD49X8ED2","1","X","P","X","D","4","9","X","8","E","D","2",1,1,57,"196380","57196380",3,6,1,1,0,0,0,0,0,0,0,998,0,0,0,12,6,2,12,0,0,0,1,37,28394,6,1,6,0,3,1,74,999,0,0,0,1,1,3,2013,6,2016,0,0,0,0,0,2,2,70,1,1,2,1,0,0,1,62,15,1,1,98,"1PLE045245PC","777777777777","777777777777",0,0
54,540168,3,6,3,16,8,15,5,12,2,1,0,54,1,24,7,24007,4,2007,"1G8AJ55F27Z1","1","G","8","A","J","5","5","F","2","7","Z","1",0,0,0,"000000000","00000000000",0,0,0,1,0,0,0,0,0,0,0,998,0,0,0,6,6,2,12,0,0,0,1,54,25313,6,1,0,0,3,1,65,200,0,0,0,0,0,0,0,0,0,0,0,0,0,0,2,2,70,1,1,2,1,0,0,1,62,99,1,1,98,"777777777777","777777777777","777777777777",0,0
54,540168,4,6,2,16,8,15,5,12,2,1,0,37,1,49,403,49403,14,2010,"JTEYK3EH7A21","J","T","E","Y","K","3","E","H","7","A","2","1",0,0,0,"000000000","00000000000",0,0,0,1,0,0,0,0,0,0,0,998,0,0,0,98,6,2,12,0,0,1,1,37,28327,6,1,0,0,3,0,66,999,0,0,0,1,0,10,2012,10,2012,0,0,0,0,0,2,2,70,1,1,2,1,0,0,1,51,1,1,1,98,"777777777777","777777777777","777777777777",0,0
54,540168,5,6,1,16,8,15,5,12,2,1,0,20,3,85,884,85884,66,1999,"1XKWDR9X5XR8","1","X","K","W","D","R","9","X","5","X","R","8",1,1,57,"45411","5745411",3,6,3,1,0,0,0,0,0,0,0,998,0,0,0,11,6,2,24,0,0,0,1,27,55310,6,1,6,0,3,0,70,220,0,0,0,0,0,0,0,0,0,0,0,0,0,0,2,2,70,1,1,2,1,0,0,1,12,6,1,4,98,"1RND53A26GR0","777777777777","777777777777",0,0
54,540168,6,6,1,16,8,15,5,12,2,1,0,39,3,84,884,84884,66,2013,"3HSDJSJR4DN2","3","H","S","D","J","S","J","R","4","D","N","2",1,1,57,"199521","57199521",3,6,1,1,0,0,0,0,0,0,0,998,3,0,0,12,6,2,12,0,0,1,1,39,45831,6,1,6,0,3,0,66,175,0,0,0,1,0,5,2012,5,2012,0,0,0,0,0,2,2,70,1,1,2,1,0,0,1,62,16,1,1,51,"1JJV532D0EL8","777777777777","777777777777",1,0
54,540169,1,2,1,19,8,21,50,51,0,1,0,36,3,85,881,85881,66,2015,"1NKAD39X1FJ4","1","N","K","A","D","3","9","X","1","F","J","4",1,2,57,"01043917","5701043917",3,6,1,1,0,0,0,0,0,0,0,998,7,0,0,0,6,2,12,0,0,0,1,37,27053,6,1,6,0,3,0,74,999,1,0,0,0,0,5,2016,5,2016,4,28,0,0,0,2,2,70,3,6,2,2,0,0,14,6,15,1,2,0,"2MN01JAH9510","777777777777","777777777777",0,0
54,540169,2,2,1,19,8,21,50,51,0,1,0,54,1,20,28,20028,4,2016,"1G1JA5SH5G41","1","G","1","J","A","5","S","H","5","G","4","1",0,0,0,"000000000","00000000000",0,0,0,1,0,0,0,0,0,0,0,998,0,0,0,61,6,2,12,0,0,0,1,54,26351,6,1,0,0,3,0,62,170,1,0,0,1,0,8,2013,7,2016,0,0,0,0,0,2,2,70,3,6,2,2,0,0,14,60,1,1,1,98,"777777777777","777777777777","777777777777",1,0
54,540170,1,2,2,20,8,16,35,12,6,1,0,54,1,37,733,37733,90,1992,"478TE1401NA4","4","7","8","T","E","1","4","0","1","N","A","4",0,0,0,"000000000","00000000000",0,0,0,1,0,0,0,0,0,0,0,998,0,0,0,61,6,2,12,0,0,0,1,54,24851,2,1,0,0,1,0,76,190,0,4,0,0,0,3,2012,7,2016,0,39,0,0,0,1,2,55,1,1,2,1,20,3,98,19,1,1,2,84,"777777777777","777777777777","777777777777",1,0
54,540170,2,2,1,20,8,16,35,12,6,1,0,54,1,12,481,12481,31,2008,"1FTPW14V08KC","1","F","T","P","W","1","4","V","0","8","K","C",0,0,0,"000000000","00000000000",0,0,0,1,0,0,0,0,0,0,0,998,0,0,0,12,6,2,12,0,0,0,1,54,25621,6,1,0,0,3,0,65,179,0,0,0,0,0,0,0,0,0,0,0,0,0,0,1,2,55,1,1,2,1,0,0,1,68,16,1,1,84,"777777777777","777777777777","777777777777",0,0
54,540171,1,2,1,26,8,6,31,12,1,1,0,54,1,20,25,20025,4,2015,"1G1PC5SB4F72","1","G","1","P","C","5","S","B","4","F","7","2",0,0,0,"000000000","00000000000",0,0,0,1,0,0,0,0,0,0,0,998,0,0,0,12,6,2,12,0,0,0,1,54,25067,6,1,0,0,3,1,74,223,0,0,0,0,1,1,2012,1,2012,0,0,0,0,0,2,2,65,1,6,2,1,0,0,1,51,1,1,1,24,"777777777777","777777777777","777777777777",1,0
54,540171,2,2,1,26,8,6,31,12,1,1,0,54,3,98,998,98998,92,2010,"000000000000","0","0","0","0","0","0","0","0","0","0","0","0",0,0,0,"000000000","00000000000",0,0,0,1,0,0,0,0,0,0,0,998,0,0,0,6,6,2,12,0,0,0,1,54,25529,6,1,0,0,3,0,73,210,0,0,0,0,0,0,0,0,0,0,28,0,0,0,2,2,65,1,6,2,1,0,0,1,53,1,1,1,25,"777777777777","777777777777","777777777777",0,0
54,540172,1,1,1,3,7,0,18,42,0,1,0,0,0,37,733,37733,90,9999,"999999999999","9","9","9","9","9","9","9","9","9","9","9","9",0,0,0,"000000000","00000000000",0,0,0,1,0,0,0,0,0,0,0,998,0,0,0,12,4,5,42,0,0,0,1,54,25287,6,1,0,0,1,0,74,207,0,0,0,0,0,0,0,0,0,0,0,0,0,0,1,2,55,1,1,1,1,0,0,1,19,99,9,4,5,"777777777777","777777777777","777777777777",1,0
54,540173,1,1,1,4,7,3,40,8,0,1,0,54,1,49,482,49482,31,2013,"5TFUY5F15DX3","5","T","F","U","Y","5","F","1","5","D","X","3",0,0,0,"000000000","00000000000",0,0,0,1,0,0,0,0,0,0,0,998,0,0,0,12,6,2,8,0,0,0,1,54,26426,6,1,0,0,3,0,71,230,0,0,0,0,0,0,0,0,0,0,86,0,0,0,2,2,65,1,5,2,1,0,0,1,80,1,1,1,13,"777777777777","777777777777","777777777777",0,1
54,540174,1,2,1,9,9,20,0,12,6,1,0,54,1,72,706,72706,80,2011,"1HD1KBM11BB6","1","H","D","1","K","B","M","1","1","B","B","6",0,0,0,"000000000","00000000000",0,0,0,1,0,0,0,0,0,0,0,998,0,0,0,12,6,2,12,0,0,0,1,54,25064,6,1,0,0,3,1,66,165,0,0,0,0,0,0,0,0,0,3,38,0,0,0,2,2,40,1,1,2,1,0,0,1,17,6,1,2,69,"777777777777","777777777777","777777777777",1,1
54,540174,2,2,1,9,9,20,0,12,6,1,0,39,1,82,881,82881,66,1999,"1FUW3MDB6XLA","1","F","U","W","3","M","D","B","6","X","L","A",1,1,57,"014762","57014762",3,6,1,1,0,0,0,0,0,0,0,998,0,0,0,5,2,5,12,0,0,0,1,54,25302,6,1,6,0,3,0,67,130,0,0,0,0,0,0,0,0,0,0,0,0,0,0,2,2,40,1,1,2,1,0,0,11,15,1,1,2,68,"1GRAA06226S7","777777777777","777777777777",0,0
54,540175,1,2,2,9,9,18,15,12,2,1,0,54,3,84,884,84884,64,2011,"3HAMMAAL8BL3","3","H","A","M","M","A","A","L","8","B","L","3",0,0,99,"999999999","99999999999",2,1,1,1,0,0,0,0,0,0,0,998,0,0,0,12,6,2,12,0,0,0,1,42,15461,6,1,0,0,3,0,69,999,0,0,0,0,0,0,0,0,0,0,0,0,0,0,2,3,70,1,1,2,1,0,0,1,10,6,1,2,50,"777777777777","777777777777","777777777777",0,0
54,540175,2,2,6,9,9,18,15,12,2,1,0,54,2,6,441,6441,20,2015,"2C4RC1CG9FR5","2","C","4","R","C","1","C","G","9","F","R","5",0,0,0,"000000000","00000000000",0,0,0,1,0,0,0,0,0,0,0,998,0,0,0,12,6,2,12,0,0,0,1,42,15317,6,1,0,0,3,0,64,999,0,0,0,0,0,0,0,0,0,0,0,0,0,0,2,3,70,1,1,2,1,0,0,1,63,1,1,1,51,"777777777777","777777777777","777777777777",3,0
54,540176,1,2,2,16,9,16,35,12,6,1,0,54,2,23,401,23401,14,1999,"1GKDT13W1X25","1","G","K","D","T","1","3","W","1","X","2","5",0,0,0,"000000000","00000000000",0,0,0,1,0,0,0,0,0,0,0,998,0,0,0,12,6,2,12,0,0,0,1,54,25411,6,1,0,0,3,0,66,170,0,3,0,0,1,6,2013,2,2014,0,38,36,39,0,1,2,25,1,1,1,1,20,3,1,17,1,1,1,88,"777777777777","777777777777","777777777777",1,1
54,540176,2,2,1,16,9,16,35,12,6,1,0,54,2,12,481,12481,31,2004,"1FTNX21P94EA","1","F","T","N","X","2","1","P","9","4","E","A",0,0,0,"000000000","00000000000",0,0,0,1,0,0,0,0,0,0,0,998,0,0,0,10,6,2,12,0,0,0,1,54,25427,6,1,0,0,3,0,65,150,0,0,0,0,0,0,0,0,0,0,0,0,0,0,1,2,55,1,1,2,1,0,0,1,66,1,1,1,89,"777777777777","777777777777","777777777777",0,0
54,540177,1,2,1,17,9,10,59,12,6,1,0,54,1,22,18,22018,4,2001,"1G2NE52T91M6","1","G","2","N","E","5","2","T","9","1","M","6",0,0,0,"000000000","00000000000",0,0,0,1,0,0,0,0,0,0,0,998,0,0,0,9,6,2,12,0,0,0,1,54,26105,6,1,0,0,3,0,66,165,0,0,0,0,0,0,0,0,0,4,51,0,0,0,2,2,65,2,6,2,2,0,0,14,6,15,2,2,64,"777777777777","777777777777","777777777777",1,0
54,540177,2,2,1,17,9,10,59,12,6,1,0,54,1,49,482,49482,31,2015,"5TFDY5F1XFX4","5","T","F","D","Y","5","F","1","X","F","X","4",0,0,0,"000000000","00000000000",0,0,0,1,0,0,0,0,0,0,0,998,0,0,0,11,6,2,12,0,0,0,1,54,26301,6,1,0,0,3,0,71,220,0,0,0,0,0,0,0,0,0,0,0,0,0,0,2,2,65,3,6,2,2,0,0,14,62,16,1,1,65,"777777777777","777777777777","777777777777",0,0
54,540178,1,2,1,19,9,14,35,12,6,1,0,54,2,51,46,51046,4,2006,"YV1MS3829621","Y","V","1","M","S","3","8","2","9","6","2","1",0,0,0,"000000000","00000000000",0,0,0,1,0,0,0,0,0,0,0,998,0,0,0,3,6,2,12,0,0,0,1,54,26351,3,1,0,0,2,0,72,165,0,0,0,0,0,0,0,0,0,0,58,0,0,0,1,2,40,1,1,2,1,0,0,1,13,8,2,6,64,"777777777777","777777777777","777777777777",1,0
54,540178,2,2,1,19,9,14,35,12,6,1,0,54,3,35,472,35472,30,2014,"1N6AD0CW0EN7","1","N","6","A","D","0","C","W","0","E","N","7",0,0,0,"000000000","00000000000",0,0,0,1,0,0,0,0,0,0,0,998,0,0,0,12,6,2,12,0,0,0,1,54,26335,6,1,0,0,3,0,68,155,0,0,0,0,0,0,0,0,0,0,0,0,0,0,1,2,40,1,1,2,1,0,0,1,62,1,1,1,65,"777777777777","777777777777","777777777777",0,0
54,540179,1,2,1,23,9,17,52,12,1,1,0,54,1,72,706,72706,80,1991,"1HD1BJL48MY0","1","H","D","1","B","J","L","4","8","M","Y","0",0,0,0,"000000000","00000000000",0,0,0,1,0,0,0,0,0,0,0,998,0,0,0,12,6,2,12,0,0,0,1,54,25703,6,1,0,0,3,0,72,163,0,0,0,0,0,0,0,0,0,0,0,0,0,0,3,2,70,3,1,2,1,0,0,14,50,16,1,1,20,"777777777777","777777777777","777777777777",1,0
54,540179,2,2,1,23,9,17,52,12,1,1,0,54,1,2,404,2404,14,2009,"1J8HR58T29C5","1","J","8","H","R","5","8","T","2","9","C","5",0,0,0,"000000000","00000000000",0,0,0,1,0,0,0,0,0,0,0,0,0,0,0,6,2,5,12,0,0,0,1,54,25545,6,1,0,0,3,0,73,230,0,0,0,0,0,0,0,0,0,0,0,0,0,0,3,2,70,3,1,2,1,0,0,5,53,1,1,1,21,"777777777777","777777777777","777777777777",0,0
54,540180,1,2,1,24,9,18,6,12,2,1,0,54,0,76,734,76734,90,2013,"5Y4AM45Y5DA1","5","Y","4","A","M","4","5","Y","5","D","A","1",0,0,0,"000000000","00000000000",0,0,0,1,0,0,0,0,0,0,0,998,0,0,0,12,6,2,12,0,0,0,1,54,25704,6,1,0,0,1,0,73,198,0,0,0,0,0,0,0,0,0,3,28,0,0,0,1,2,55,2,1,2,1,0,0,14,10,1,1,2,50,"777777777777","777777777777","777777777777",1,1
54,540180,2,2,1,24,9,18,6,12,2,1,0,54,3,2,407,2407,14,2016,"1C4NJRBB9GD8","1","C","4","N","J","R","B","B","9","G","D","8",0,0,0,"000000000","00000000000",0,0,0,1,0,0,0,0,0,0,0,998,0,0,0,12,6,2,12,0,0,0,1,54,25704,6,1,0,0,3,0,68,200,1,0,0,1,0,9,2012,11,2012,0,0,0,0,0,1,2,55,3,1,2,1,0,0,14,62,7,1,1,51,"777777777777","777777777777","777777777777",0,0
54,540181,1,2,2,26,9,19,49,12,6,1,0,54,3,12,461,12461,21,2014,"1FDWE3FS1EDA","1","F","D","W","E","3","F","S","1","E","D","A",0,0,0,"000000000","00000000000",0,0,0,1,0,0,0,0,0,0,0,998,0,1,1,12,6,2,12,0,0,0,1,54,26101,6,1,0,0,3,1,69,190,3,0,0,0,1,4,2013,9,2016,0,38,0,0,0,2,3,50,1,5,2,1,3,1,1,17,98,1,1,86,"777777777777","777777777777","777777777777",0,0
54,540181,2,2,1,26,9,19,49,12,6,1,0,54,1,20,9,20009,2,1992,"1G1FP23E4NL1","1","G","1","F","P","2","3","E","4","N","L","1",0,0,0,"000000000","00000000000",0,0,0,1,0,0,0,0,0,0,0,998,0,0,0,3,6,2,12,0,0,0,1,54,26101,6,1,0,0,3,0,70,185,0,0,0,0,1,8,2016,8,2016,0,41,0,0,0,1,3,50,1,5,2,1,3,3,1,17,1,1,1,87,"777777777777","777777777777","777777777777",1,0
54,540182,1,2,1,27,9,6,3,12,6,1,0,54,1,7,482,7482,31,2011,"3D73Y3CL5BG5","3","D","7","3","Y","3","C","L","5","B","G","5",0,0,0,"000000000","00000000000",0,0,0,1,0,0,0,0,0,0,0,998,0,0,0,12,6,2,12,0,0,0,1,54,25427,6,1,0,0,3,0,69,190,0,0,0,1,1,1,2013,1,2013,0,0,0,0,0,2,2,70,1,1,2,1,0,0,1,62,16,1,1,65,"777777777777","777777777777","777777777777",0,0
54,540182,2,2,1,27,9,6,3,12,6,1,0,54,1,48,34,48034,6,2000,"4S3BH686XY76","4","S","3","B","H","6","8","6","X","Y","7","6",0,0,0,"000000000","00000000000",0,0,0,1,0,0,0,0,0,0,0,998,0,0,0,9,6,2,12,0,0,0,1,54,26763,6,1,0,0,3,0,73,215,0,0,0,2,0,1,2016,4,2016,0,36,51,0,0,2,2,70,1,1,2,1,0,0,1,10,1,9,2,64,"777777777777","777777777777","777777777777",1,0
54,540183,1,2,1,28,9,14,17,12,6,1,0,54,1,7,472,7472,31,1998,"1B7GL22XXWS5","1","B","7","G","L","2","2","X","X","W","S","5",0,0,0,"000000000","00000000000",0,0,0,1,0,0,0,0,0,0,0,998,0,0,0,12,6,2,12,0,0,0,1,54,25253,6,1,0,0,3,0,67,260,0,0,0,0,1,9,2013,9,2013,0,38,0,0,0,1,2,55,1,6,2,1,0,0,1,19,1,1,2,90,"777777777777","777777777777","777777777777",0,0
54,540183,2,2,1,28,9,14,17,12,6,1,0,54,1,20,441,20441,20,1997,"1GNDM19W6VB2","1","G","N","D","M","1","9","W","6","V","B","2",0,0,0,"000000000","00000000000",0,0,0,1,0,0,0,0,0,0,0,998,0,1,1,2,6,2,12,0,0,0,1,54,25702,6,1,0,0,3,1,73,220,0,0,0,0,0,0,0,0,0,0,0,0,0,0,1,2,55,2,1,2,1,0,0,14,68,15,1,1,90,"777777777777","777777777777","777777777777",1,0
54,540184,1,2,2,28,9,7,0,12,6,1,0,54,1,20,22,20022,2,2006,"1G1AK15F2676","1","G","1","A","K","1","5","F","2","6","7","6",0,0,0,"000000000","00000000000",0,0,0,1,0,0,0,0,0,0,0,998,0,0,0,9,6,2,12,0,0,0,1,54,25524,6,2,0,0,3,0,61,115,0,0,0,0,0,0,0,0,0,0,39,0,0,0,1,2,55,1,1,2,1,20,3,11,15,1,1,2,82,"777777777777","777777777777","777777777777",1,0
54,540184,2,2,1,28,9,7,0,12,6,1,0,54,1,12,481,12481,31,2008,"1FDWF37Y08EC","1","F","D","W","F","3","7","Y","0","8","E","C",0,0,0,"000000000","00000000000",0,0,0,1,0,0,0,0,0,0,0,998,0,0,0,11,6,2,12,0,0,0,1,54,25508,6,1,0,0,3,0,69,170,0,0,0,0,0,0,0,0,0,0,0,0,0,0,1,2,55,1,1,2,1,0,0,1,67,16,1,1,83,"777777777777","777777777777","777777777777",0,0
54,540185,1,4,1,29,9,21,37,12,6,1,0,34,3,82,881,82881,66,2015,"1FUJGLD50FLG","1","F","U","J","G","L","D","5","0","F","L","G",1,3,57,"2303452","572303452",3,6,1,1,0,0,0,0,0,0,0,998,7,0,0,8,6,2,12,0,0,0,1,36,11234,6,1,5,0,3,0,68,999,0,0,0,0,0,0,0,0,0,4,0,0,0,0,2,2,65,1,6,2,2,0,0,1,6,1,2,2,64,"1JJV532W16L9","777777777777","777777777777",0,0
54,540185,2,4,1,29,9,21,37,12,6,1,0,54,1,49,482,49482,31,2011,"5TFUY5F17BX1","5","T","F","U","Y","5","F","1","7","B","X","1",0,0,0,"000000000","00000000000",0,0,0,1,0,0,0,0,0,0,0,998,0,0,0,11,6,2,12,0,0,0,1,42,15301,6,1,0,0,3,0,999,999,0,0,0,0,0,0,0,0,0,0,0,0,0,0,2,2,65,1,6,2,2,0,0,1,62,1,1,1,65,"777777777777","777777777777","777777777777",1,0
54,540185,3,4,1,29,9,21,37,12,6,1,0,42,1,12,481,12481,31,2015,"1FTEW1EG0FFA","1","F","T","E","W","1","E","G","0","F","F","A",0,0,0,"000000000","00000000000",0,0,0,1,0,0,0,0,0,0,0,998,0,0,0,11,6,2,12,0,0,0,1,42,15301,6,1,0,0,3,0,72,999,1,1,0,0,0,12,2013,3,2016,0,0,0,0,0,2,2,65,1,6,2,2,0,0,1,62,98,1,1,98,"777777777777","777777777777","777777777777",0,0
54,540185,4,4,1,29,9,21,37,12,6,1,0,42,1,12,481,12481,31,2013,"1FTFW1EF6DFD","1","F","T","F","W","1","E","F","6","D","F","D",0,0,0,"000000000","00000000000",0,0,0,1,0,0,0,0,0,0,0,998,0,1,5,10,6,2,12,0,0,0,1,48,78248,6,1,0,0,3,0,999,999,0,0,0,0,0,0,0,0,0,0,0,0,0,0,2,2,65,1,6,2,2,0,0,1,62,1,1,1,98,"777777777777","777777777777","777777777777",0,0
54,540186,1,1,1,18,9,11,21,1,0,1,0,54,3,87,884,87884,66,2004,"1XP5D49X14D8","1","X","P","5","D","4","9","X","1","4","D","8",1,1,57,"02114601","5702114601",3,6,3,1,0,0,0,0,0,0,0,998,0,2,1,0,6,2,1,0,0,0,1,48,78537,6,1,6,0,3,1,999,999,0,0,0,1,1,12,2011,2,2015,0,0,0,0,0,1,2,55,2,6,2,1,0,0,14,6,16,1,1,98,"1UYFS25379A7","777777777777","777777777777",1,0
54,540187,1,1,1,2,10,9,30,42,0,1,0,54,1,49,472,49472,30,2010,"5TEPX4EN5AZ6","5","T","E","P","X","4","E","N","5","A","Z","6",0,0,0,"000000000","00000000000",0,0,0,1,0,0,0,0,0,0,0,998,0,0,0,98,6,2,42,0,0,0,1,54,26342,6,1,0,0,3,0,72,180,0,0,0,1,0,9,2014,9,2014,0,0,0,0,0,1,2,55,1,6,2,1,0,0,1,9,1,9,4,6,"777777777777","777777777777","777777777777",1,1
54,540188,1,1,1,4,10,5,5,30,0,1,0,54,1,20,22,20022,2,2009,"1G1AP18X5971","1","G","1","A","P","1","8","X","5","9","7","1",0,0,0,"000000000","00000000000",0,0,0,1,0,0,0,0,0,0,0,998,0,0,0,98,6,2,30,0,0,0,1,54,25427,6,1,6,0,3,1,72,225,0,1,0,1,0,10,2015,11,2015,0,0,0,0,0,1,2,55,3,1,2,1,0,0,14,13,99,1,4,1,"777777777777","777777777777","777777777777",1,0
54,540189,1,1,2,7,10,14,0,30,0,1,0,54,1,20,16,20016,4,2001,"1G1JC5247172","1","G","1","J","C","5","2","4","7","1","7","2",0,0,0,"000000000","00000000000",0,0,0,1,0,0,0,0,0,0,0,998,0,0,0,12,6,2,30,0,0,0,1,54,25557,6,1,0,0,3,1,74,325,0,0,0,0,0,0,0,0,0,0,0,0,0,0,1,2,55,1,1,2,1,0,0,1,13,99,9,4,1,"777777777777","777777777777","777777777777",1,0
54,540190,1,1,1,8,10,17,15,35,0,1,0,51,1,49,401,49401,14,2001,"JT3HN86R2103","J","T","3","H","N","8","6","R","2","1","0","3",0,0,0,"000000000","00000000000",0,0,0,1,0,0,0,0,0,0,0,998,0,1,5,1,6,2,1,0,0,0,1,51,23237,6,1,0,0,3,0,61,165,0,0,0,0,0,0,0,0,0,4,0,0,0,0,1,2,55,3,5,2,2,0,0,14,6,99,1,4,1,"777777777777","777777777777","777777777777",1,0
54,540191,1,1,2,14,10,21,22,1,0,1,0,54,3,51,881,51881,66,2010,"4V4NC9TH2AN2","4","V","4","N","C","9","T","H","2","A","N","2",1,1,77,"777777777","77777777777",3,6,1,1,0,0,0,0,0,0,0,998,0,1,5,0,6,2,1,0,0,0,1,6,90031,6,1,6,0,3,1,65,140,1,0,0,0,0,4,2016,4,2016,4,36,0,0,0,6,1,15,2,5,2,1,0,0,14,6,15,1,5,6,"1JJV532D7DL7","777777777777","777777777777",1,0
54,540192,1,1,1,26,10,13,25,1,0,1,0,51,1,12,471,12471,30,1988,"1FTCR11T1JUB","1","F","T","C","R","1","1","T","1","J","U","B",1,1,0,"000000000","00000000000",0,0,0,1,0,0,0,0,0,0,0,998,0,1,3,0,6,2,1,0,0,0,1,51,24426,6,1,0,0,3,1,70,176,0,0,0,2,5,7,2014,2,2016,0,0,0,0,0,2,2,70,1,6,2,1,0,0,1,9,99,9,4,6,"VA114034TR","777777777777","777777777777",1,0
54,540193,1,1,2,30,10,15,55,23,0,1,0,51,2,24,401,24401,14,2005,"5GZCZ33D05S8","5","G","Z","C","Z","3","3","D","0","5","S","8",0,0,0,"000000000","00000000000",0,0,0,1,0,0,0,0,0,0,0,998,0,1,5,12,6,2,1,0,0,0,1,51,22150,2,1,0,0,2,0,67,140,0,10,0,0,1,2,2012,9,2016,0,0,0,0,0,3,2,70,1,1,2,1,0,0,15,11,6,1,4,6,"777777777777","777777777777","777777777777",1,1
54,540194,1,1,3,7,10,11,30,34,0,1,0,54,2,12,17,12017,4,1999,"1FAFP53S3XA1","1","F","A","F","P","5","3","S","3","X","A","1",0,0,0,"000000000","00000000000",0,0,0,1,0,0,0,0,0,0,0,998,0,1,5,11,6,2,34,0,0,0,1,54,24868,6,1,0,0,3,0,76,250,0,0,0,0,0,0,0,0,0,0,0,0,0,0,1,2,25,1,5,2,2,0,0,1,62,6,1,4,6,"777777777777","777777777777","777777777777",1,0
54,540195,1,1,1,16,10,19,25,42,0,1,0,54,1,23,471,23471,30,2003,"1GTDT19X5381","1","G","T","D","T","1","9","X","5","3","8","1",0,0,0,"000000000","00000000000",0,0,0,1,0,0,0,0,0,0,0,998,0,1,5,12,6,2,42,0,0,0,1,54,26866,6,1,0,0,3,1,68,230,0,0,0,0,0,0,0,0,0,0,0,0,0,0,1,2,55,3,1,2,1,0,0,14,13,1,9,4,1,"777777777777","777777777777","777777777777",1,0
54,540196,1,1,1,21,10,22,37,8,0,1,0,54,1,63,402,63402,14,2007,"KNDJC7361757","K","N","D","J","C","7","3","6","1","7","5","7",0,0,0,"000000000","00000000000",0,0,0,1,0,0,0,0,0,0,0,998,0,0,0,12,6,2,8,0,0,0,1,54,25301,6,1,0,0,3,0,72,165,0,0,0,0,0,0,0,0,0,0,0,0,0,0,4,4,30,1,1,2,2,2,3,1,80,1,1,1,13,"777777777777","777777777777","777777777777",0,0
54,540197,1,1,1,25,10,6,22,16,0,1,0,29,3,20,461,20461,21,2011,"1GCSHAF44B11","1","G","C","S","H","A","F","4","4","B","1","1",0,0,0,"000000000","00000000000",0,0,0,1,0,0,0,0,0,0,0,998,0,0,0,0,6,2,16,0,0,0,1,54,26619,6,1,6,0,3,0,72,190,0,0,0,0,0,0,0,0,0,0,0,0,0,0,1,2,55,1,1,2,1,0,0,1,98,1,1,1,0,"777777777777","777777777777","777777777777",1,0
54,540198,1,1,1,26,10,0,40,1,0,1,0,54,1,7,482,7482,31,2005,"3D7KS28C05G7","3","D","7","K","S","2","8","C","0","5","G","7",0,0,0,"000000000","00000000000",0,0,0,1,0,0,0,0,0,0,0,998,0,1,1,0,6,2,1,0,0,0,1,54,26405,6,1,0,0,3,0,73,270,0,0,0,0,0,0,0,0,0,0,58,0,0,0,1,2,55,3,5,2,1,0,0,14,13,6,9,6,98,"777777777777","777777777777","777777777777",1,1