"STATE","ST_CASE","VEH_NO","VE_FORMS","NUMOCCS","DAY","MONTH","HOUR","MINUTE","HARM_EV","MAN_COLL","UNITTYPE","HIT_RUN","REG_STAT","OWNER","MAKE","MODEL","MAK_MOD","BODY_TYP","MOD_YEAR","VIN","VIN_1","VIN_2","VIN_3","VIN_4","VIN_5","VIN_6","VIN_7","VIN_8","VIN_9","VIN_10","VIN_11","VIN_12","TOW_VEH","J_KNIFE","MCARR_I1","MCARR_I2","MCARR_ID","GVWR","V_CONFIG","CARGO_BT","HAZ_INV","HAZ_PLAC","HAZ_ID","HAZ_CNO","HAZ_REL","BUS_USE","SPEC_USE","EMER_USE","TRAV_SP","UNDERIDE","ROLLOVER","ROLINLOC","IMPACT1","DEFORMED","TOWED","M_HARM","VEH_SC1","VEH_SC2","FIRE_EXP","DR_PRES","L_STATE","DR_ZIP","L_STATUS","L_TYPE","CDL_STAT","L_ENDORS","L_COMPL","L_RESTRI","DR_HGT","DR_WGT","PREV_ACC","PREV_SUS","PREV_DWI","PREV_SPD","PREV_OTH","FIRST_MO","FIRST_YR","LAST_MO","LAST_YR","SPEEDREL","DR_SF1","DR_SF2","DR_SF3","DR_SF4","VTRAFWAY","VNUM_LAN","VSPD_LIM","VALIGN","VPROFILE","VPAVETYP","VSURCOND","VTRAFCON","VTCONT_F","P_CRASH1","P_CRASH2","P_CRASH3","PCRASH4","PCRASH5","ACC_TYPE","TRLR1VIN","TRLR2VIN","TRLR3VIN","DEATHS","DR_DRINK"
54,540226,2,2,1,21,11,12,41,12,2,1,0,42,3,12,461,12461,21,2013,"1FDWE3FL3DDA","1","F","D","W","E","3","F","L","3","D","D","A",0,0,0,"000000000","00000000000",0,0,0,1,0,0,0,0,0,0,0,998,0,1,1,12,6,2,12,0,0,0,1,42,15416,6,1,6,0,3,0,68,999,0,0,0,1,1,5,2012,8,2014,0,0,0,0,0,1,2,55,3,6,2,1,0,0,14,62,98,1,1,51,"777777777777","777777777777","777777777777",0,0
54,540227,1,2,1,27,11,12,42,12,2,1,0,54,1,2,403,2403,14,2015,"1C4AJWBG4FL6","1","C","4","A","J","W","B","G","4","F","L","6",0,0,0,"000000000","00000000000",0,0,0,1,0,0,0,0,0,0,0,998,0,0,0,12,6,2,12,0,0,0,1,54,24970,6,1,0,0,3,1,70,195,0,0,0,0,2,1,2013,1,2013,0,28,0,0,0,1,2,25,1,5,2,1,0,0,1,10,1,1,2,50,"777777777777","777777777777","777777777777",0,0
54,540227,2,2,1,27,11,12,42,12,2,1,0,51,1,7,482,7482,31,1996,"1B7HC16X7TS5","1","B","7","H","C","1","6","X","7","T","S","5",0,0,0,"000000000","00000000000",0,0,0,1,0,0,0,0,0,0,0,998,0,0,0,12,6,2,12,0,0,0,1,51,24426,6,1,0,0,3,0,72,220,0,0,0,0,0,0,0,0,0,0,0,0,0,0,1,2,25,1,5,2,1,0,0,1,62,9,1,1,51,"777777777777","777777777777","777777777777",1,0
54,540228,1,2,2,2,12,13,18,12,2,1,0,54,2,20,9,20009,2,1998,"2G1FP22K4W21","2","G","1","F","P","2","2","K","4","W","2","1",0,0,0,"000000000","00000000000",0,0,0,1,0,0,0,0,0,0,0,998,0,0,0,12,6,2,12,0,0,0,1,54,25504,1,1,1,0,2,0,62,195,0,1,0,0,0,8,2012,8,2012,0,28,6,36,0,1,2,55,1,1,2,1,0,0,1,10,1,1,2,50,"777777777777","777777777777","777777777777",1,0
54,540228,2,2,2,2,12,13,18,12,2,1,0,54,3,87,884,87884,62,2012,"2NP2HM6X4CM1","2","N","P","2","H","M","6","X","4","C","M","1",0,0,57,"0523181","570523181",2,1,7,1,0,0,0,0,0,0,0,998,0,0,0,12,6,2,12,0,0,0,1,39,45631,6,1,0,0,2,0,70,190,0,0,0,0,0,0,0,0,0,0,0,0,0,0,1,2,55,1,1,2,1,0,0,1,62,9,1,1,51,"777777777777","777777777777","777777777777",0,0
54,540229,1,1,1,4,12,19,0,15,0,1,1,54,2,35,39,35039,4,2008,"1N4BA41E08C8","1","N","4","B","A","4","1","E","0","8","C","8",0,0,0,"000000000","00000000000",0,0,0,1,0,0,0,0,0,0,0,998,0,0,0,12,2,5,15,0,0,0,1,54,25031,6,1,0,0,3,0,61,150,2,0,0,1,0,1,2012,6,2016,0,91,0,0,0,5,5,35,1,1,2,2,0,0,6,80,1,1,2,13,"777777777777","777777777777","777777777777",0,0
54,540230,1,1,1,4,12,22,0,8,0,1,1,54,1,48,34,48034,4,2012,"4S3BMBA62C30","4","S","3","B","M","B","A","6","2","C","3","0",0,0,0,"000000000","00000000000",0,0,0,1,0,0,0,0,0,0,0,998,0,0,0,12,2,5,8,0,0,0,1,54,25843,6,1,0,0,3,1,68,180,2,0,0,0,0,5,2013,2,2016,0,0,0,0,0,2,2,55,1,6,2,2,0,0,1,80,1,1,1,13,"777777777777","777777777777","777777777777",0,0
54,540231,1,1,1,4,12,4,55,24,0,1,0,54,1,12,481,12481,31,2006,"1FTPX14586FA","1","F","T","P","X","1","4","5","8","6","F","A",0,0,0,"000000000","00000000000",0,0,0,1,0,0,0,0,0,0,0,998,0,1,5,81,6,2,1,0,0,0,1,54,25669,6,1,6,0,3,0,72,160,0,0,0,0,2,2,2013,2,2016,0,0,0,0,0,1,2,55,3,5,2,1,0,0,14,13,1,1,4,1,"777777777777","777777777777","777777777777",1,1
54,540232,1,1,1,7,12,1,35,39,0,1,0,54,1,48,38,48038,2,1997,"JF1GM4356VG4","J","F","1","G","M","4","3","5","6","V","G","4",0,0,0,"000000000","00000000000",0,0,0,1,0,0,0,0,0,0,0,998,0,0,0,12,6,2,39,0,0,0,1,54,24740,6,1,0,0,3,1,70,260,0,0,0,0,0,0,0,0,0,4,0,0,0,0,1,2,35,2,1,2,2,0,0,14,6,16,2,4,7,"777777777777","777777777777","777777777777",1,1
54,540233,1,1,3,7,12,12,58,30,0,1,0,54,2,42,42,42042,2,2002,"WDBRN47J82A1","W","D","B","R","N","4","7","J","8","2","A","1",0,0,0,"000000000","00000000000",0,0,0,1,0,0,0,0,0,0,0,998,0,0,0,1,6,2,30,0,0,0,1,54,25550,1,1,1,0,2,0,74,220,0,1,0,1,1,7,2014,11,2016,2,36,0,0,0,1,2,55,3,1,2,1,0,0,14,13,15,2,4,2,"777777777777","777777777777","777777777777",1,0
54,540234,1,1,1,10,12,11,2,35,0,1,0,54,1,22,18,22018,4,1999,"1G2NE52T7XM9","1","G","2","N","E","5","2","T","7","X","M","9",0,0,0,"000000000","00000000000",0,0,0,1,0,0,0,0,0,0,0,998,0,1,5,11,6,2,1,0,0,0,1,54,26704,6,1,0,0,3,0,67,190,0,0,0,0,0,0,0,0,0,0,0,0,0,0,1,2,55,1,1,2,1,0,0,1,12,1,1,4,6,"777777777777","777777777777","777777777777",1,0
54,540236,1,1,1,12,12,18,46,35,0,1,0,54,2,7,482,7482,31,2007,"1D7HU18257J5","1","D","7","H","U","1","8","2","5","7","J","5",0,0,0,"000000000","00000000000",0,0,0,1,0,0,0,0,0,0,0,998,0,1,6,12,6,2,35,0,0,0,1,54,26060,2,1,1,0,2,0,72,175,0,2,1,0,0,7,2015,3,2016,4,36,0,0,0,1,2,55,3,1,2,1,0,0,14,6,15,2,4,7,"777777777777","777777777777","777777777777",1,1
54,540237,1,1,1,5,12,9,20,14,0,1,0,54,1,98,804,98804,63,2013,"5KKMALBGXDPB","5","K","K","M","A","L","B","G","X","D","P","B",0,0,57,"1193698wv","571193698wv",3,2,4,1,0,0,0,0,0,0,0,70,0,0,0,1,6,2,8,0,0,0,1,54,26201,6,1,6,0,3,1,68,280,2,0,0,0,1,3,2015,10,2015,0,0,0,0,0,2,2,70,1,6,2,1,0,0,1,13,1,1,4,1,"777777777777","777777777777","777777777777",0,0
54,540238,1,2,1,5,12,18,50,12,2,1,0,54,2,20,39,20039,4,2008,"KL1TD66698B0","K","L","1","T","D","6","6","6","9","8","B","0",0,0,0,"000000000","00000000000",0,0,0,1,0,0,0,0,0,0,0,998,0,0,0,12,6,2,12,0,0,0,1,54,26378,6,1,0,0,3,0,66,150,0,0,0,0,1,3,2014,3,2014,0,0,0,0,0,1,2,55,1,1,2,1,0,0,1,62,1,1,1,51,"777777777777","777777777777","777777777777",1,0
54,540238,2,2,1,5,12,18,50,12,2,1,0,54,1,12,401,12401,14,2006,"1FMEU74876UA","1","F","M","E","U","7","4","8","7","6","U","A",0,0,0,"000000000","00000000000",0,0,0,1,0,0,0,0,0,0,0,998,7,0,0,12,6,2,12,0,0,0,1,54,26378,6,1,6,0,3,0,67,150,0,4,0,0,4,7,2013,7,2016,3,28,0,0,0,1,2,55,1,1,2,1,0,0,1,10,99,9,2,50,"777777777777","777777777777","777777777777",0,1
54,540239,1,2,2,11,12,11,25,12,6,1,0,54,1,55,401,55401,14,2017,"5XYZUDLB6HG4","5","X","Y","Z","U","D","L","B","6","H","G","4",0,0,0,"000000000","00000000000",0,0,0,1,0,0,0,0,0,0,0,998,7,0,0,12,6,2,12,0,0,0,1,54,25801,6,1,0,0,3,1,62,195,0,0,0,0,2,10,2014,10,2015,0,0,0,0,0,1,2,25,1,1,2,1,0,0,1,66,1,1,1,88,"777777777777","777777777777","777777777777",0,0
54,540239,2,2,2,11,12,11,25,12,6,1,0,0,0,98,709,98709,83,2016,"L6JYGHL39GC1","L","6","J","Y","G","H","L","3","9","G","C","1",0,0,0,"000000000","00000000000",0,0,0,1,0,0,0,0,0,0,0,998,0,0,0,11,6,2,12,0,0,0,1,99,99999,9,9,99,9,9,9,999,999,99,99,99,99,99,99,9999,99,9999,0,38,39,0,0,1,2,25,1,1,2,1,20,3,1,17,1,1,2,89,"777777777777","777777777777","777777777777",1,0
54,540240,1,1,2,14,12,18,29,1,0,1,0,54,1,41,402,41402,14,2002,"4F2YU09152KM","4","F","2","Y","U","0","9","1","5","2","K","M",0,0,0,"000000000","00000000000",0,0,0,1,0,0,0,0,0,0,0,998,0,1,3,0,6,2,1,0,0,0,1,54,26691,1,1,1,0,2,0,66,160,0,2,0,0,1,4,2014,8,2015,0,58,0,0,0,2,2,65,2,5,2,1,0,0,14,6,9,1,4,6,"777777777777","777777777777","777777777777",1,0
54,540241,1,2,1,15,12,12,16,12,2,1,0,54,1,18,2,18002,4,2003,"1G4HR54K83U2","1","G","4","H","R","5","4","K","8","3","U","2",0,0,0,"000000000","00000000000",0,0,0,1,0,0,0,0,0,0,0,998,0,0,0,12,6,2,12,0,0,0,1,54,26205,6,1,0,0,3,1,67,175,0,0,0,0,0,0,0,0,0,0,28,6,0,0,1,2,55,1,1,2,1,0,0,1,10,1,1,2,50,"777777777777","777777777777","777777777777",1,0
54,540241,2,2,3,15,12,12,16,12,2,1,0,54,2,7,472,7472,30,1997,"1B7GG23Y2VS1","1","B","7","G","G","2","3","Y","2","V","S","1",0,0,0,"000000000","00000000000",0,0,0,1,0,0,0,0,0,0,0,998,0,0,0,12,6,2,12,0,0,0,1,54,26288,6,1,6,0,3,0,69,160,0,1,0,0,1,2,2016,10,2016,0,6,24,0,0,1,2,55,1,1,2,1,0,0,1,62,7,1,1,51,"777777777777","777777777777","777777777777",0,0
54,540242,1,1,1,17,12,17,34,8,0,1,0,54,1,12,481,12481,31,2003,"1FTRF18213NB","1","F","T","R","F","1","8","2","1","3","N","B",0,0,0,"000000000","00000000000",0,0,0,1,0,0,0,0,0,0,0,998,0,0,0,12,6,2,8,0,0,0,1,54,24701,6,1,0,0,3,0,72,238,1,0,0,0,0,8,2015,8,2015,0,0,0,0,0,1,2,35,1,5,2,2,0,0,1,80,16,1,1,13,"777777777777","777777777777","777777777777",0,0
54,540243,1,1,7,17,12,1,35,1,0,1,0,54,2,7,422,7422,15,2005,"1D4HB58D25F5","1","D","4","H","B","5","8","D","2","5","F","5",0,0,0,"000000000","00000000000",0,0,0,1,0,0,0,0,0,0,0,998,0,2,5,0,6,2,1,0,0,0,1,54,26142,2,1,1,0,2,1,64,230,0,4,0,2,0,4,2012,11,2016,4,0,0,0,0,3,2,70,2,1,2,4,0,0,14,6,16,2,4,2,"777777777777","777777777777","777777777777",0,1
54,540244,1,1,1,21,12,13,20,42,0,1,0,54,2,20,401,20401,14,2000,"1GNDT13W3YK2","1","G","N","D","T","1","3","W","3","Y","K","2",0,0,0,"000000000","00000000000",0,0,0,1,0,0,0,0,0,0,0,998,0,0,0,12,6,2,42,0,0,0,1,54,25908,6,1,0,0,3,0,67,150,2,0,0,0,1,1,2013,7,2016,0,0,0,0,0,1,2,25,1,1,2,1,0,0,1,13,99,9,4,1,"777777777777","777777777777","777777777777",1,0
54,540245,1,1,1,21,12,15,0,42,0,1,0,54,2,49,32,49032,4,2011,"2T1BU4EE8BC6","2","T","1","B","U","4","E","E","8","B","C","6",0,0,0,"000000000","00000000000",0,0,0,1,0,0,0,0,0,0,0,998,0,1,5,98,6,2,3,0,0,0,1,54,26288,2,1,1,0,2,0,69,150,0,1,0,0,0,9,2013,9,2013,4,36,0,0,0,1,2,55,1,1,2,1,0,0,1,6,15,9,4,6,"777777777777","777777777777","777777777777",1,1
54,540246,1,1,3,22,12,19,45,8,0,1,0,54,1,20,481,20481,31,2005,"1GCEK19B75E2","1","G","C","E","K","1","9","B","7","5","E","2",0,0,0,"000000000","00000000000",0,0,0,1,0,0,0,0,0,0,0,998,0,0,0,11,6,2,8,0,0,0,1,47,37618,6,1,0,0,3,0,68,195,0,0,0,0,0,0,0,0,0,0,0,0,0,0,2,2,70,1,6,2,1,0,0,2,80,16,1,1,13,"777777777777","777777777777","777777777777",0,0
54,540247,1,1,1,24,12,1,42,35,0,1,0,54,1,12,481,12481,31,1998,"1FTRX18L5WNC","1","F","T","R","X","1","8","L","5","W","N","C",0,0,0,"000000000","00000000000",0,0,0,1,0,0,0,0,0,0,0,998,0,1,5,11,6,2,1,0,0,0,1,54,26704,6,1,0,0,3,0,64,200,0,0,0,0,1,11,2016,11,2016,4,36,8,37,0,1,2,55,3,3,2,1,0,0,14,6,99,9,4,6,"777777777777","777777777777","777777777777",1,1
54,540248,1,2,2,22,12,5,15,12,2,1,0,54,1,20,473,20473,30,9999,"999999999999","9","9","9","9","9","9","9","9","9","9","9","9",0,0,0,"000000000","00000000000",0,0,0,1,0,0,0,0,0,0,0,998,0,0,0,12,6,2,12,0,0,0,1,54,25427,6,1,0,0,3,0,64,120,0,0,0,0,0,0,0,0,0,0,0,0,0,0,1,2,35,3,3,2,1,0,0,14,10,99,9,2,50,"777777777777","777777777777","777777777777",2,0
54,540248,2,2,1,22,12,5,15,12,2,1,0,54,1,7,482,7482,31,2001,"3B7KF23761G8","3","B","7","K","F","2","3","7","6","1","G","8",0,0,0,"000000000","00000000000",0,0,0,1,0,0,0,0,0,0,0,998,0,1,1,12,6,2,12,0,0,0,1,54,25427,6,1,0,0,3,0,71,180,0,0,0,0,1,1,2012,1,2012,0,0,0,0,0,1,2,35,2,3,2,1,0,0,14,62,16,1,1,51,"777777777777","777777777777","777777777777",0,0
54,540249,1,1,1,26,12,0,0,38,0,1,0,51,2,35,43,35043,4,2003,"3N1AB51A03L7","3","N","1","A","B","5","1","A","0","3","L","7",0,0,0,"000000000","00000000000",0,0,0,1,0,0,0,0,0,0,0,998,0,0,0,1,6,2,42,0,0,0,1,51,24465,6,1,0,0,3,0,62,103,1,0,0,0,0,4,2016,4,2016,4,0,0,0,0,1,2,55,2,1,2,1,0,0,14,6,16,1,4,6,"777777777777","777777777777","777777777777",1,0
54,540250,1,1,3,27,12,15,29,1,0,1,0,54,1,20,403,20403,14,2003,"1GNDT13S8323","1","G","N","D","T","1","3","S","8","3","2","3",0,0,0,"000000000","00000000000",0,0,0,1,0,0,0,0,0,0,0,998,0,2,1,0,6,2,1,0,0,0,1,54,25111,6,1,0,0,3,0,62,110,0,0,0,0,0,0,0,0,0,4,0,0,0,0,1,2,55,3,1,2,1,0,0,6,6,15,2,2,98,"777777777777","777777777777","777777777777",2,0
54,540251,1,1,1,28,12,9,23,38,0,1,0,39,1,37,31,37031,4,2001,"1HGES26751L0","1","H","G","E","S","2","6","7","5","1","L","0",0,0,0,"000000000","00000000000",0,0,0,1,0,0,0,0,0,0,0,998,0,0,0,12,6,2,19,0,0,0,1,39,43050,6,1,0,0,3,0,67,175,0,0,0,1,0,1,2016,1,2016,0,87,0,0,0,1,2,55,2,1,2,4,0,0,14,5,6,2,4,7,"777777777777","777777777777","777777777777",1,0
54,540252,1,2,2,31,12,18,12,12,2,1,0,54,1,23,481,23481,31,2006,"1GTEK19Z16Z2","1","G","T","E","K","1","9","Z","1","6","Z","2",0,0,0,"000000000","00000000000",0,0,0,1,0,0,0,0,0,0,0,998,0,0,0,12,6,2,12,0,0,0,1,54,25506,6,1,0,0,3,0,72,212,0,0,0,0,0,0,0,0,0,0,6,28,0,0,1,2,55,1,1,2,2,0,0,1,10,1,1,2,50,"777777777777","777777777777","777777777777",1,0
54,540252,2,2,1,31,12,18,12,12,2,1,0,54,2,12,481,12481,31,2011,"1FTBF2B66BEB","1","F","T","B","F","2","B","6","6","B","E","B",0,0,0,"000000000","00000000000",0,0,0,1,0,0,0,0,0,0,0,998,0,0,0,12,6,2,12,0,0,0,1,54,25523,6,1,0,0,3,0,70,142,0,0,0,1,1,4,2014,6,2015,0,0,0,0,0,1,2,55,1,1,2,2,0,0,1,62,9,1,1,51,"777777777777","777777777777","777777777777",0,0
54,540253,1,2,1,15,12,16,34,12,6,1,0,54,1,18,22,18022,4,2005,"2G4WD5327512","2","G","4","W","D","5","3","2","7","5","1","2",0,0,0,"000000000","00000000000",0,0,0,1,0,0,0,0,0,0,0,998,0,0,0,12,6,2,12,0,0,0,1,54,25801,6,1,0,0,3,0,70,250,0,1,0,0,1,5,2015,10,2015,0,38,0,0,0,5,3,25,1,1,2,1,3,3,1,17,1,1,2,69,"777777777777","777777777777","777777777777",1,0
54,540253,2,2,1,15,12,16,34,12,6,1,0,54,1,20,481,20481,31,2008,"2GCEK19J1811","2","G","C","E","K","1","9","J","1","8","1","1",0,0,0,"000000000","00000000000",0,0,0,1,0,0,0,0,0,0,0,998,0,0,0,4,4,5,12,0,0,0,1,54,25801,6,1,6,0,3,0,70,190,0,0,0,0,0,0,0,0,0,0,0,0,0,0,5,3,25,1,1,2,1,3,3,11,15,10,1,2,68,"777777777777","777777777777","777777777777",0,0
54,540254,1,1,1,29,12,14,6,42,0,1,0,39,1,7,472,7472,31,2004,"1D7HG48N44S7","1","D","7","H","G","4","8","N","4","4","S","7",0,0,0,"000000000","00000000000",0,0,0,1,0,0,0,0,0,0,0,998,0,0,0,12,6,2,42,0,0,0,1,39,44485,6,1,0,0,3,0,70,260,0,0,0,1,0,1,2014,1,2014,0,0,0,0,0,1,2,55,1,5,2,1,0,0,1,12,99,1,4,6,"777777777777","777777777777","777777777777",1,0
55,550001,1,1,1,2,1,99,99,26,0,1,0,55,2,37,31,37031,3,2002,"SHHEP33682U3","S","H","H","E","P","3","3","6","8","2","U","3",0,0,0,"000000000","00000000000",0,0,0,1,0,0,0,0,0,0,0,80,0,1,3,99,6,2,1,0,0,0,1,55,53597,0,0,0,0,0,0,68,140,0,2,1,1,0,6,2015,7,2015,4,6,36,0,0,3,2,55,3,2,2,1,0,0,14,6,8,4,4,7,"777777777777","777777777777","777777777777",1,1
55,550002,1,1,1,3,1,99,99,34,0,1,0,55,1,12,401,12401,14,1999,"1FMZU34E5XZA","1","F","M","Z","U","3","4","E","5","X","Z","A",0,0,0,"000000000","00000000000",0,0,0,1,0,0,0,0,0,0,0,55,0,1,5,99,6,2,42,0,0,0,1,55,54868,6,1,0,0,3,0,62,140,0,1,1,0,0,4,2015,10,2015,0,58,0,0,0,1,2,55,1,1,2,1,0,0,1,8,7,3,4,2,"777777777777","777777777777","777777777777",1,1
55,550003,1,2,1,5,1,9,14,12,1,1,0,17,3,86,881,86881,66,2013,"1M1AW02Y4DM0","1","M","1","A","W","0","2","Y","4","D","M","0",1,3,57,"238954","57238954",3,6,2,1,0,0,0,0,0,0,0,998,0,0,0,12,6,2,12,0,0,0,1,19,52405,6,1,6,1,3,0,73,210,0,0,0,0,0,0,0,0,0,0,0,0,0,0,2,2,70,1,1,1,1,0,0,1,51,99,1,1,24,"10BAB52Z51F0","777777777777","777777777777",0,0
55,550003,2,2,1,5,1,9,14,12,1,1,0,0,0,12,998,12998,92,1989,"A925034","A","9","2","5","0","3","4","","","","","",0,0,0,"000000000","00000000000",0,0,0,1,0,0,0,0,0,0,0,999,0,1,5,6,6,2,12,0,0,0,1,55,53925,6,1,0,0,1,0,66,170,0,0,0,0,0,0,0,0,0,0,0,0,0,0,2,2,70,1,1,1,1,0,0,1,53,1,1,1,25,"777777777777","777777777777","777777777777",1,0
55,550004,1,2,1,7,1,9,42,12,2,1,0,55,2,55,37,55037,2,2000,"KMHJG25F6YU2","K","M","H","J","G","2","5","F","6","Y","U","2",0,0,0,"000000000","00000000000",0,0,0,1,0,0,0,0,0,0,0,55,0,0,0,12,6,2,12,0,0,0,1,55,53560,6,1,0,0,3,0,63,145,1,0,0,1,0,1,2014,9,2015,0,51,0,0,0,1,2,55,1,1,2,2,0,0,1,10,1,1,2,50,"777777777777","777777777777","777777777777",1,0
55,550004,2,2,4,7,1,9,42,12,2,1,0,55,2,59,403,59403,14,2010,"JTJBC1BA9A20","J","T","J","B","C","1","B","A","9","A","2","0",0,0,0,"000000000","00000000000",0,0,0,1,0,0,0,0,0,0,0,998,0,0,0,12,6,2,12,0,0,0,1,55,53515,6,1,0,0,3,0,66,140,0,0,0,1,0,4,2013,4,2013,0,0,0,0,0,1,2,55,1,1,2,2,0,0,1,62,99,9,1,51,"777777777777","777777777777","777777777777",0,0
55,550005,1,1,4,8,1,17,53,59,0,1,0,55,1,18,401,18401,14,2006,"3G5DB03L16S5","3","G","5","D","B","0","3","L","1","6","S","5",0,0,0,"000000000","00000000000",0,0,0,1,0,0,0,0,0,0,0,65,0,1,5,62,6,2,1,0,0,0,1,55,54452,6,1,0,0,3,0,72,250,0,0,0,0,0,0,0,0,0,0,58,87,0,0,6,1,65,2,6,2,2,0,0,14,9,7,3,4,2,"777777777777","777777777777","777777777777",1,0
55,550006,1,2,1,9,1,13,35,12,1,1,0,55,3,51,881,51881,66,2012,"4V4NC9EH7CN5","4","V","4","N","C","9","E","H","7","C","N","5",1,1,57,"75250","5775250",3,6,1,1,0,0,0,0,0,0,0,65,0,0,0,12,4,3,12,0,0,0,1,55,54409,6,1,6,0,3,0,71,185,0,0,0,0,1,1,2014,1,2014,0,84,0,0,0,2,2,70,2,6,1,3,0,0,14,50,8,9,1,20,"1UYVS25398G4","777777777777","777777777777",0,0
55,550006,2,2,1,9,1,13,35,12,1,1,0,27,1,18,18,18018,4,1995,"1G4NV55M5SC4","1","G","4","N","V","5","5","M","5","S","C","4",0,0,0,"000000000","00000000000",0,0,0,1,0,0,0,0,0,0,0,0,0,0,0,6,6,2,12,0,0,0,1,27,55422,6,1,0,0,3,0,64,170,0,3,0,0,0,1,2012,7,2013,0,54,0,0,0,2,2,70,2,6,1,3,0,0,5,53,1,1,1,21,"777777777777","777777777777","777777777777",1,1
55,550007,1,1,1,12,1,3,50,24,0,1,0,55,1,12,481,12481,31,2000,"2FTRX18L6YCA","2","F","T","R","X","1","8","L","6","Y","C","A",0,0,0,"000000000","00000000000",0,0,0,1,0,0,0,0,0,0,0,60,0,0,0,99,6,2,24,0,0,0,1,55,54701,6,1,6,0,3,3,69,195,1,0,0,0,0,10,2015,10,2015,4,79,87,0,0,3,2,70,1,5,2,4,0,0,1,6,99,5,4,7,"777777777777","777777777777","777777777777",1,0
55,550008,1,2,1,4,1,6,30,12,8,1,0,55,1,30,40,30040,4,2013,"3VWLL7AJ7DM3","3","V","W","L","L","7","A","J","7","D","M","3",0,0,0,"000000000","00000000000",0,0,0,1,0,0,0,0,0,0,0,55,0,0,0,61,6,2,12,0,0,0,1,55,53546,6,1,0,0,3,0,62,115,0,0,0,0,0,0,0,0,0,0,51,0,0,0,1,2,55,1,1,2,1,0,0,1,10,1,1,2,64,"777777777777","777777777777","777777777777",0,0
55,550008,2,2,2,4,1,6,30,12,8,1,0,55,1,63,37,63037,6,2010,"KNDJT2A23A71","K","N","D","J","T","2","A","2","3","A","7","1",0,0,0,"000000000","00000000000",0,0,0,1,0,0,0,0,0,0,0,55,0,1,5,61,6,2,12,0,0,0,1,55,53563,6,1,0,0,3,0,67,140,0,0,0,0,0,0,0,0,0,0,0,0,0,0,1,2,55,1,1,2,1,0,0,1,62,7,1,1,65,"777777777777","777777777777","777777777777",1,0
55,550009,1,1,1,13,1,17,12,38,0,1,0,55,1,22,22,22022,1,2007,"1G2ZH3614742","1","G","2","Z","H","3","6","1","4","7","4","2",0,0,0,"000000000","00000000000",0,0,0,1,0,0,0,0,0,0,0,65,0,0,0,12,6,2,38,0,0,0,1,55,53158,6,1,0,0,3,3,72,236,0,1,1,1,0,2,2011,12,2012,0,58,0,0,0,3,4,70,1,1,1,1,0,0,15,9,7,2,4,2,"777777777777","777777777777","777777777777",1,0
55,550010,1,1,1,14,1,2,10,34,0,1,0,55,2,7,43,7043,4,2001,"1B3EJ46X11N6","1","B","3","E","J","4","6","X","1","1","N","6",0,0,0,"000000000","00000000000",0,0,0,1,0,0,0,0,0,0,0,55,0,1,5,12,6,2,1,0,0,0,1,55,54104,6,1,5,0,3,2,74,210,0,0,0,0,0,0,0,0,0,0,74,0,0,0,1,2,55,1,1,2,1,0,0,1,9,99,9,4,2,"777777777777","777777777777","777777777777",1,1
55,550011,1,2,1,14,1,17,20,12,1,1,0,0,0,84,998,84998,92,9999,"000000000000","0","0","0","0","0","0","0","0","0","0","0","0",0,0,0,"000000000","00000000000",0,0,0,1,0,0,0,0,0,0,0,20,0,0,0,6,6,2,12,0,0,0,1,55,53530,6,1,0,0,1,0,70,200,0,0,0,0,0,0,0,0,0,0,0,0,0,0,1,2,55,1,1,2,1,0,0,1,53,1,1,1,25,"777777777777","777777777777","777777777777",1,0
55,550011,2,2,1,14,1,17,20,12,1,1,0,55,3,86,881,86881,66,2009,"1M1AW07YX9N0","1","M","1","A","W","0","7","Y","X","9","N","0",1,1,57,"243225","57243225",3,6,1,1,0,0,0,0,0,0,0,55,0,0,0,12,6,2,12,0,0,0,1,55,53809,6,1,6,0,3,3,74,360,0,0,0,0,0,0,0,0,0,0,0,0,0,0,1,2,55,1,1,2,1,0,0,1,51,16,1,1,24,"2MN01AAH3Y10","777777777777","777777777777",0,0
55,550012,1,2,1,20,1,17,29,12,2,1,0,55,1,22,2,22002,4,2005,"1G2HX52K55U2","1","G","2","H","X","5","2","K","5","5","U","2",0,0,0,"000000000","00000000000",0,0,0,1,0,0,0,0,0,0,0,70,0,0,0,12,6,2,12,0,0,0,1,55,53070,6,1,0,0,3,3,69,150,0,0,0,0,0,0,0,0,0,0,51,0,0,0,2,2,70,1,1,1,1,0,0,1,54,1,1,1,52,"777777777777","777777777777","777777777777",1,0
55,550012,2,2,1,20,1,17,29,12,2,1,0,55,1,37,32,37032,4,2007,"1HGCM56307A1","1","H","G","C","M","5","6","3","0","7","A","1",0,0,0,"000000000","00000000000",0,0,0,1,0,0,0,0,0,0,0,70,0,0,0,12,6,2,12,0,0,0,1,55,53024,6,1,0,0,3,3,69,180,0,0,0,0,0,0,0,0,0,0,0,0,0,0,2,2,70,1,1,1,1,0,0,1,54,1,1,1,52,"777777777777","777777777777","777777777777",1,0
55,550013,1,2,3,18,1,20,49,12,7,1,0,55,5,37,402,37402,14,2008,"JHLRE48348C0","J","H","L","R","E","4","8","3","4","8","C","0",0,0,0,"000000000","00000000000",0,0,0,1,0,0,0,0,0,0,0,60,0,0,0,2,6,2,42,0,0,0,1,55,53228,1,2,0,0,2,0,68,163,1,1,0,2,1,10,2014,2,2015,3,8,28,36,51,1,2,25,1,1,2,1,0,0,6,10,6,1,2,48,"777777777777","777777777777","777777777777",1,0