"STATE","ST_CASE","VEH_NO","VE_FORMS","NUMOCCS","DAY","MONTH","HOUR","MINUTE","HARM_EV","MAN_COLL","UNITTYPE","HIT_RUN","REG_STAT","OWNER","MAKE","MODEL","MAK_MOD","BODY_TYP","MOD_YEAR","VIN","VIN_1","VIN_2","VIN_3","VIN_4","VIN_5","VIN_6","VIN_7","VIN_8","VIN_9","VIN_10","VIN_11","VIN_12","TOW_VEH","J_KNIFE","MCARR_I1","MCARR_I2","MCARR_ID","GVWR","V_CONFIG","CARGO_BT","HAZ_INV","HAZ_PLAC","HAZ_ID","HAZ_CNO","HAZ_REL","BUS_USE","SPEC_USE","EMER_USE","TRAV_SP","UNDERIDE","ROLLOVER","ROLINLOC","IMPACT1","DEFORMED","TOWED","M_HARM","VEH_SC1","VEH_SC2","FIRE_EXP","DR_PRES","L_STATE","DR_ZIP","L_STATUS","L_TYPE","CDL_STAT","L_ENDORS","L_COMPL","L_RESTRI","DR_HGT","DR_WGT","PREV_ACC","PREV_SUS","PREV_DWI","PREV_SPD","PREV_OTH","FIRST_MO","FIRST_YR","LAST_MO","LAST_YR","SPEEDREL","DR_SF1","DR_SF2","DR_SF3","DR_SF4","VTRAFWAY","VNUM_LAN","VSPD_LIM","VALIGN","VPROFILE","VPAVETYP","VSURCOND","VTRAFCON","VTCONT_F","P_CRASH1","P_CRASH2","P_CRASH3","PCRASH4","PCRASH5","ACC_TYPE","TRLR1VIN","TRLR2VIN","TRLR3VIN","DEATHS","DR_DRINK"
55,550013,2,2,2,18,1,20,49,12,7,1,0,55,3,37,32,37032,4,2016,"1HGCR2F5XGA0","1","H","G","C","R","2","F","5","X","G","A","0",0,0,0,"000000000","00000000000",0,0,0,1,0,0,0,0,0,0,0,0,0,0,0,11,2,5,12,0,0,0,1,55,53209,6,1,0,0,3,0,69,200,0,0,0,0,1,11,2012,11,2012,0,0,0,0,0,1,2,25,1,1,2,1,0,0,5,98,99,1,2,48,"777777777777","777777777777","777777777777",0,0
55,550014,1,1,4,23,1,2,22,34,0,1,0,55,2,22,20,22020,4,2003,"1G2WP52K03F1","1","G","2","W","P","5","2","K","0","3","F","1",0,0,0,"000000000","00000000000",0,0,0,1,0,0,0,0,0,0,0,999,0,1,5,99,6,2,1,0,0,0,1,55,53070,6,2,0,0,3,0,63,195,0,0,0,0,0,0,0,0,0,0,0,0,0,0,1,2,55,1,1,2,3,0,0,1,5,99,4,4,7,"777777777777","777777777777","777777777777",1,1
55,550015,1,2,6,23,1,10,45,12,1,1,1,55,5,49,40,49040,4,2004,"4T1BE32K34U9","4","T","1","B","E","3","2","K","3","4","U","9",0,0,0,"000000000","00000000000",0,0,0,1,0,0,0,0,0,0,0,70,0,1,6,12,6,2,1,0,0,0,1,55,53210,0,0,0,0,0,0,999,999,0,0,0,0,0,0,0,0,0,4,36,91,0,0,1,2,30,1,1,1,2,0,0,6,51,6,9,1,24,"777777777777","777777777777","777777777777",1,0
55,550015,2,2,3,23,1,10,45,12,1,1,0,55,1,21,21,21021,2,2001,"1G3NL12E61C1","1","G","3","N","L","1","2","E","6","1","C","1",0,0,0,"000000000","00000000000",0,0,0,1,0,0,0,0,0,0,0,998,0,0,0,6,6,2,12,0,0,0,1,55,53216,6,1,0,0,3,0,66,180,1,0,0,1,0,1,2012,10,2015,0,0,0,0,0,1,2,30,1,1,1,2,0,0,1,53,99,1,1,25,"777777777777","777777777777","777777777777",0,0
55,550016,1,2,3,23,1,19,50,12,2,1,0,17,2,42,43,42043,4,2007,"WDDNG71X27A0","W","D","D","N","G","7","1","X","2","7","A","0",0,0,0,"000000000","00000000000",0,0,0,1,0,0,0,0,0,0,0,65,0,0,0,12,6,2,12,0,0,0,1,17,60641,6,1,5,0,3,0,72,175,0,1,1,1,2,7,2011,1,2016,0,51,0,0,0,1,2,55,2,1,2,1,0,0,14,10,1,9,2,50,"777777777777","777777777777","777777777777",1,1
55,550016,2,2,2,23,1,19,50,12,2,1,0,55,1,48,45,48045,6,2009,"4S4BP66C4973","4","S","4","B","P","6","6","C","4","9","7","3",0,0,0,"000000000","00000000000",0,0,0,1,0,0,0,0,0,0,0,45,0,0,0,12,6,2,12,0,0,0,1,55,53217,6,1,0,0,3,0,68,165,0,0,0,0,0,0,0,0,0,0,0,0,0,0,1,2,55,3,1,2,1,0,0,14,62,1,1,1,51,"777777777777","777777777777","777777777777",2,0
55,550017,1,3,1,17,1,18,2,12,6,1,0,55,1,20,405,20405,14,2012,"3GNFL4E53CS5","3","G","N","F","L","4","E","5","3","C","S","5",0,0,0,"000000000","00000000000",0,0,0,1,0,0,0,0,0,0,0,998,0,0,0,12,6,2,12,0,0,0,1,55,54701,6,1,8,0,3,0,73,185,0,0,0,1,0,5,2015,5,2015,0,51,0,0,0,1,2,55,1,2,2,1,0,0,1,10,99,1,2,64,"777777777777","777777777777","777777777777",0,1
55,550017,2,3,2,17,1,18,2,12,6,1,0,55,1,59,403,59403,14,2004,"JTJHA31U7400","J","T","J","H","A","3","1","U","7","4","0","0",0,0,0,"000000000","00000000000",0,0,0,1,0,0,0,0,0,0,0,998,0,0,0,10,4,5,12,0,0,0,1,55,54742,6,1,0,0,3,0,62,130,1,1,1,0,1,5,2015,10,2015,0,19,0,0,0,1,2,55,1,2,2,1,0,0,1,62,7,1,1,65,"777777777777","777777777777","777777777777",0,0
55,550017,3,3,1,17,1,18,2,12,6,1,0,55,1,51,47,51047,4,2004,"YV1RH52Y2424","Y","V","1","R","H","5","2","Y","2","4","2","4",0,0,0,"000000000","00000000000",0,0,0,1,0,0,0,0,0,0,0,55,0,0,0,12,6,2,12,0,0,0,1,55,54742,6,1,0,0,3,0,68,195,1,0,0,0,0,2,2013,2,2013,0,0,0,0,0,1,2,55,1,2,2,1,0,0,1,62,99,1,1,98,"777777777777","777777777777","777777777777",1,0
55,550018,1,2,1,12,1,19,18,12,6,1,0,55,1,12,17,12017,4,1995,"1FALP54P8SA3","1","F","A","L","P","5","4","P","8","S","A","3",0,0,0,"000000000","00000000000",0,0,0,1,0,0,0,0,0,0,0,5,0,0,0,9,6,2,12,0,0,0,1,55,54481,6,1,0,0,3,3,63,142,0,0,0,0,0,0,0,0,0,0,38,0,0,0,1,2,25,1,1,2,1,20,3,11,15,1,1,1,82,"777777777777","777777777777","777777777777",1,0
55,550018,2,2,2,12,1,19,18,12,6,1,0,55,1,20,423,20423,15,2014,"1GNKVHKD2EJ3","1","G","N","K","V","H","K","D","2","E","J","3",0,0,0,"000000000","00000000000",0,0,0,1,0,0,0,0,0,0,0,998,0,0,0,12,6,2,12,0,0,0,1,55,54909,6,1,6,0,3,3,72,300,0,0,0,0,0,0,0,0,0,0,0,0,0,0,1,2,30,1,1,2,1,0,0,1,67,1,1,1,83,"777777777777","777777777777","777777777777",0,0
55,550019,1,1,1,23,1,19,17,34,0,1,0,55,1,12,481,12481,31,2000,"1FTRX18W8YNC","1","F","T","R","X","1","8","W","8","Y","N","C",0,0,0,"000000000","00000000000",0,0,0,1,0,0,0,0,0,0,0,70,0,1,4,12,6,2,1,0,0,0,1,55,53186,6,1,0,0,3,0,72,210,0,0,0,0,0,0,0,0,0,4,0,0,0,0,6,2,70,1,1,2,1,0,0,15,12,1,9,4,6,"777777777777","777777777777","777777777777",1,0
55,550020,1,1,1,30,1,2,6,30,0,1,0,55,1,55,33,55033,4,2006,"5NPEU46F06H1","5","N","P","E","U","4","6","F","0","6","H","1",0,0,0,"000000000","00000000000",0,0,0,1,0,0,0,0,0,0,0,91,0,1,5,12,6,2,30,0,0,0,1,55,54155,2,1,5,0,2,0,73,274,0,2,2,2,0,7,2013,12,2014,3,0,0,0,0,1,2,55,3,2,2,1,0,0,14,13,99,9,4,1,"777777777777","777777777777","777777777777",1,1
55,550021,1,1,1,27,1,6,28,8,0,1,0,55,2,20,481,20481,31,1999,"2GCEK19T2X11","2","G","C","E","K","1","9","T","2","X","1","1",0,0,0,"000000000","00000000000",0,0,0,1,0,0,0,0,0,0,0,35,0,0,0,12,4,3,8,0,0,0,1,55,54902,6,1,0,0,3,0,75,245,0,0,0,1,0,12,2011,12,2011,0,38,0,0,0,1,4,35,1,1,1,1,0,0,1,80,1,1,1,13,"777777777777","777777777777","777777777777",0,0
55,550022,1,1,2,28,1,13,35,49,0,1,0,55,3,87,884,87884,63,2000,"1NPALB0XXYN5","1","N","P","A","L","B","0","X","X","Y","N","5",1,1,57,"782083","57782083",3,4,10,1,0,0,0,0,0,0,0,55,0,0,0,12,6,2,49,0,0,0,1,55,54757,6,1,6,0,3,0,71,220,0,0,0,0,0,0,0,0,0,0,0,0,0,0,1,2,55,1,1,2,2,0,0,1,83,7,9,1,13,"100000000001","777777777777","777777777777",0,0
55,550023,1,2,1,13,1,17,6,12,6,1,0,55,3,87,884,87884,66,2006,"1XPGDU9X06N6","1","X","P","G","D","U","9","X","0","6","N","6",1,1,57,"664188","57664188",3,6,2,2,2,1075,2,1,0,0,0,999,0,0,0,61,0,3,12,0,0,0,1,55,54548,6,1,6,1,3,1,68,170,0,0,0,0,1,11,2015,11,2015,0,38,0,0,0,1,2,98,1,1,2,3,20,3,11,15,1,1,2,82,"G428738","777777777777","777777777777",0,0
55,550023,2,2,1,13,1,17,6,12,6,1,0,55,1,20,16,20016,2,2003,"1G1JC12F1371","1","G","1","J","C","1","2","F","1","3","7","1",0,0,0,"000000000","00000000000",0,0,0,1,0,0,0,0,0,0,0,55,0,0,0,12,6,2,12,0,0,0,1,55,54889,6,1,0,0,3,0,64,102,3,1,0,0,5,10,2011,8,2015,0,0,0,0,0,1,2,55,3,1,2,3,0,0,14,67,16,9,1,83,"777777777777","777777777777","777777777777",1,0
55,550024,1,2,3,30,1,15,7,12,2,1,0,55,1,7,442,7442,20,2014,"2C4RDGBG2ER4","2","C","4","R","D","G","B","G","2","E","R","4",0,0,0,"000000000","00000000000",0,0,0,1,0,0,0,0,0,0,0,998,0,0,0,12,6,2,12,0,0,0,1,55,53521,6,1,0,0,3,3,69,195,0,0,0,0,0,0,0,0,0,0,51,0,0,0,1,2,55,1,2,2,1,0,0,1,10,99,1,2,50,"777777777777","777777777777","777777777777",0,0
55,550024,2,2,1,30,1,15,7,12,2,1,0,55,1,14,6,14006,4,2000,"2MEFM75W8YX6","2","M","E","F","M","7","5","W","8","Y","X","6",0,0,0,"000000000","00000000000",0,0,0,1,0,0,0,0,0,0,0,45,0,0,0,12,6,2,12,0,0,0,1,55,53521,6,1,0,0,3,0,65,128,0,0,0,0,0,0,0,0,0,0,0,0,0,0,1,2,55,1,2,2,1,0,0,1,62,99,1,1,51,"777777777777","777777777777","777777777777",1,0
55,550025,1,2,2,22,1,20,8,12,6,1,0,55,2,7,26,7026,4,2010,"1B3CC4FB7AN1","1","B","3","C","C","4","F","B","7","A","N","1",0,0,0,"000000000","00000000000",0,0,0,1,0,0,0,0,0,0,0,97,0,1,5,11,6,2,12,0,0,0,1,55,53531,0,0,0,0,0,0,69,165,0,0,0,0,1,9,2014,9,2014,4,39,0,0,0,1,2,25,1,1,2,2,20,3,1,17,99,9,1,89,"777777777777","777777777777","777777777777",0,1
55,550025,2,2,4,22,1,20,8,12,6,1,0,55,1,7,442,7442,20,2013,"2C4RDGCG6DR7","2","C","4","R","D","G","C","G","6","D","R","7",0,0,0,"000000000","00000000000",0,0,0,1,0,0,0,0,0,0,0,23,0,0,0,12,6,2,12,0,0,0,1,55,53511,6,1,0,0,3,0,72,190,0,0,0,0,0,0,0,0,0,0,0,0,0,0,1,2,25,1,1,2,2,0,0,1,66,99,1,1,88,"777777777777","777777777777","777777777777",1,0
55,550026,1,1,1,6,1,23,30,1,0,1,0,55,3,20,29,20029,5,2015,"KL8CD6S97FC7","K","L","8","C","D","6","S","9","7","F","C","7",0,0,0,"000000000","00000000000",0,0,0,1,0,0,0,0,0,0,0,65,0,9,4,0,6,2,1,0,0,0,1,55,54303,6,1,0,0,3,3,61,175,0,0,0,0,0,0,0,0,0,0,0,0,0,0,2,3,65,1,1,2,1,0,0,1,13,1,2,4,1,"777777777777","777777777777","777777777777",1,0
55,550027,1,1,1,1,2,20,12,42,0,1,0,55,1,20,481,20481,31,2006,"1GCHK23286F1","1","G","C","H","K","2","3","2","8","6","F","1",0,0,0,"000000000","00000000000",0,0,0,1,0,0,0,0,0,0,0,55,0,0,0,12,6,2,42,0,0,0,1,55,53530,6,1,0,0,3,3,70,220,2,0,0,0,1,6,2012,9,2015,4,0,0,0,0,1,2,55,1,1,2,2,20,3,1,14,16,2,4,14,"777777777777","777777777777","777777777777",1,0
55,550028,1,1,1,4,2,21,5,30,0,1,0,55,1,22,16,22016,2,2002,"1G2JB1241273","1","G","2","J","B","1","2","4","1","2","7","3",0,0,0,"000000000","00000000000",0,0,0,1,0,0,0,0,0,0,0,999,0,0,0,83,6,2,30,0,0,0,1,55,53511,2,1,0,0,2,0,66,125,0,1,1,2,1,9,2014,1,2016,0,0,0,0,0,1,2,55,3,1,2,1,0,0,14,13,6,4,4,7,"777777777777","777777777777","777777777777",1,1
55,550029,1,1,1,5,2,23,43,8,0,1,1,99,9,99,999,99999,99,9999,"999999999999","9","9","9","9","9","9","9","9","9","9","9","9",0,0,0,"000000000","00000000000",0,0,0,1,0,0,0,0,0,0,0,999,0,0,0,12,9,5,8,99,99,0,1,99,99999,9,9,99,9,9,9,999,999,99,99,99,99,99,99,9999,99,9999,0,0,0,0,0,1,2,55,1,1,2,1,0,0,1,80,99,9,1,13,"777777777777","777777777777","777777777777",0,0
55,550030,1,1,2,7,2,2,10,42,0,1,0,55,2,20,2,20002,4,2002,"2G1WF55E7291","2","G","1","W","F","5","5","E","7","2","9","1",0,0,0,"000000000","00000000000",0,0,0,1,0,0,0,0,0,0,0,999,0,0,0,12,6,2,42,0,0,0,1,55,53215,0,0,0,0,0,0,72,175,0,1,0,0,1,2,2012,2,2012,3,0,0,0,0,2,2,40,1,1,1,1,0,0,1,6,99,3,4,2,"777777777777","777777777777","777777777777",2,1
55,550031,1,2,3,4,2,17,54,8,0,1,0,55,1,49,442,49442,20,2014,"5TDDK3DC9ES0","5","T","D","D","K","3","D","C","9","E","S","0",0,0,0,"000000000","00000000000",0,0,0,1,0,0,0,0,0,0,0,50,0,0,0,12,4,3,8,0,0,0,1,55,53189,6,1,0,0,3,3,66,140,1,0,0,0,0,4,2014,4,2014,0,0,0,0,0,2,3,45,1,1,1,1,0,0,1,80,9,3,1,13,"777777777777","777777777777","777777777777",0,0
55,550031,2,2,2,4,2,17,54,8,0,1,0,55,2,49,442,49442,20,2009,"5TDZK23C99S2","5","T","D","Z","K","2","3","C","9","9","S","2",0,0,0,"000000000","00000000000",0,0,0,1,0,0,0,0,0,0,0,35,0,0,0,63,4,5,12,0,0,0,1,55,53189,6,1,0,0,3,3,66,170,0,0,0,1,1,9,2011,8,2012,0,0,0,0,0,2,3,45,1,1,1,1,0,0,1,61,99,1,1,98,"777777777777","777777777777","777777777777",0,0
55,550032,1,2,1,10,2,12,38,12,6,1,0,55,2,35,39,35039,4,1998,"JN1CA21AXWT4","J","N","1","C","A","2","1","A","X","W","T","4",0,0,0,"000000000","00000000000",0,0,0,1,0,0,0,0,0,0,0,10,0,0,0,9,6,2,12,0,0,0,1,55,53913,6,1,6,0,3,3,64,130,0,0,0,0,0,0,0,0,0,0,30,38,0,0,1,2,55,1,1,2,1,0,0,12,98,99,9,6,98,"777777777777","777777777777","777777777777",1,0
55,550032,2,2,1,10,2,12,38,12,6,1,0,55,3,85,881,85881,66,1998,"1XKDDU9X3WJ7","1","X","K","D","D","U","9","X","3","W","J","7",1,1,57,"0543984","570543984",3,6,4,1,0,0,0,0,0,0,0,55,0,0,0,12,2,5,12,0,0,0,1,55,54230,6,1,6,0,3,1,67,210,0,0,0,0,0,0,0,0,0,0,0,0,0,0,1,2,55,1,1,2,1,0,0,1,64,16,2,1,98,"1T92C4228A00","777777777777","777777777777",0,0
55,550033,1,2,1,5,2,20,30,12,2,1,0,55,1,21,23,21023,4,1998,"1G3WS52K8WF3","1","G","3","W","S","5","2","K","8","W","F","3",0,0,0,"000000000","00000000000",0,0,0,1,0,0,0,0,0,0,0,40,0,0,0,12,6,2,12,0,0,0,1,55,53224,6,1,0,0,3,0,71,165,1,0,0,0,1,7,2011,1,2012,0,51,0,0,0,2,2,40,1,1,2,1,0,0,1,54,99,9,1,50,"777777777777","777777777777","777777777777",1,1
55,550033,2,2,3,5,2,20,30,12,2,1,0,55,1,2,404,2404,14,2004,"1J4GW48S84C2","1","J","4","G","W","4","8","S","8","4","C","2",0,0,0,"000000000","00000000000",0,0,0,1,0,0,0,0,0,0,0,998,0,0,0,12,6,2,12,0,0,0,1,55,53209,6,1,0,0,3,3,67,160,1,0,0,1,1,11,2014,2,2015,0,0,0,0,0,2,2,40,1,1,2,1,0,0,1,54,99,1,1,51,"777777777777","777777777777","777777777777",0,0
55,550034,1,1,3,11,2,0,30,33,0,1,0,55,1,20,16,20016,4,2004,"1G1JC52F8472","1","G","1","J","C","5","2","F","8","4","7","2",0,0,0,"000000000","00000000000",0,0,0,1,0,0,0,0,0,0,0,77,0,1,5,82,6,2,1,0,0,0,1,55,53225,6,1,0,0,3,0,62,110,0,0,0,0,0,0,0,0,0,3,38,0,0,0,2,2,40,1,1,1,1,0,0,1,13,1,9,4,1,"777777777777","777777777777","777777777777",2,1
55,550035,1,2,1,4,2,8,35,12,6,1,0,55,3,87,884,87884,66,2007,"1XPHDB9X97N6","1","X","P","H","D","B","9","X","9","7","N","6",1,1,57,"664188","57664188",3,6,2,2,2,1075,2,1,0,0,0,65,0,0,0,12,4,3,12,0,0,0,1,55,54425,6,1,6,1,3,1,70,350,0,0,0,0,0,0,0,0,0,0,0,0,0,0,3,2,65,1,1,1,1,0,0,1,66,1,1,1,86,"701467","777777777777","777777777777",0,0
55,550035,2,2,2,4,2,8,35,12,6,1,0,55,1,22,441,22441,20,1999,"1GMDX03E3XD3","1","G","M","D","X","0","3","E","3","X","D","3",0,0,0,"000000000","00000000000",0,0,0,1,0,0,0,0,0,0,0,30,0,0,0,83,6,2,12,0,0,0,1,55,54425,6,1,0,0,3,0,67,180,0,0,0,0,1,9,2013,9,2013,0,38,0,0,0,1,2,55,1,1,1,1,20,3,1,17,1,1,1,87,"777777777777","777777777777","777777777777",1,0
55,550036,1,1,4,12,2,0,1,5,0,1,0,55,1,7,482,7482,31,2011,"1D7RV1GT6BS5","1","D","7","R","V","1","G","T","6","B","S","5",0,0,0,"000000000","00000000000",0,0,0,1,0,0,0,0,0,0,0,30,0,0,0,0,0,5,5,0,0,0,1,55,53820,6,1,0,0,3,0,75,290,0,0,0,2,2,4,2013,6,2014,0,6,59,0,0,1,2,55,2,2,2,1,0,0,14,98,99,9,1,0,"777777777777","777777777777","777777777777",1,1
55,550037,1,1,1,13,2,8,16,34,0,1,0,55,2,21,21,21021,2,1999,"1G3NF12E2XC4","1","G","3","N","F","1","2","E","2","X","C","4",0,0,0,"000000000","00000000000",0,0,0,1,0,0,0,0,0,0,0,998,0,1,5,99,6,2,1,0,0,0,1,55,53546,6,1,0,0,3,0,61,135,0,0,0,0,0,0,0,0,0,4,0,0,0,0,1,2,40,3,1,2,1,0,0,14,6,99,9,4,7,"777777777777","777777777777","777777777777",1,1
55,550038,1,1,2,14,2,1,40,42,0,1,0,55,2,20,25,20025,4,2011,"1G1PG5S93B71","1","G","1","P","G","5","S","9","3","B","7","1",0,0,0,"000000000","00000000000",0,0,0,1,0,0,0,0,0,0,0,47,0,0,0,12,6,2,42,0,0,0,1,55,53207,6,1,0,0,3,0,66,140,1,0,0,0,0,12,2012,12,2012,3,0,0,0,0,1,2,35,3,6,2,1,0,0,14,13,1,1,4,1,"777777777777","777777777777","777777777777",1,1
55,550039,1,1,5,14,2,13,55,1,0,1,0,55,2,35,421,35421,15,2004,"5N1AA08B44N7","5","N","1","A","A","0","8","B","4","4","N","7",0,0,0,"000000000","00000000000",0,0,0,1,0,0,0,0,0,0,0,999,0,9,5,0,6,2,1,0,0,0,1,55,53714,6,1,0,0,3,0,67,198,0,0,0,0,0,0,0,0,0,4,87,0,0,0,3,2,65,2,1,2,3,0,0,15,6,5,3,4,2,"777777777777","777777777777","777777777777",1,0
55,550040,1,2,1,1,2,6,5,12,2,1,0,55,3,86,881,86881,66,2015,"1M1AW02Y9FM0","1","M","1","A","W","0","2","Y","9","F","M","0",1,1,57,"352237","57352237",3,6,2,1,0,0,0,0,0,0,0,45,0,0,0,12,4,3,12,0,0,0,1,55,53946,6,1,6,1,3,0,71,220,0,0,0,0,0,0,0,0,0,0,87,0,0,0,1,4,45,2,1,2,4,0,0,14,62,99,9,1,51,"5HTSN4227C7U","777777777777","777777777777",0,0
55,550040,2,2,1,1,2,6,5,12,2,1,0,55,1,6,43,6043,1,2005,"1C3EL55R55N5","1","C","3","E","L","5","5","R","5","5","N","5",0,0,0,"000000000","00000000000",0,0,0,1,0,0,0,0,0,0,0,45,0,0,0,12,6,2,12,0,0,0,1,55,54166,6,1,0,0,3,3,63,150,0,0,0,0,0,0,0,0,0,4,87,0,0,0,1,4,45,3,1,2,4,0,0,14,6,99,2,1,50,"777777777777","777777777777","777777777777",1,0
55,550041,1,2,1,13,2,23,59,12,6,1,0,55,1,37,32,37032,4,2016,"1HGCR2F30GA0","1","H","G","C","R","2","F","3","0","G","A","0",0,0,0,"000000000","00000000000",0,0,0,1,0,0,0,0,0,0,0,999,0,0,0,12,6,2,12,0,0,0,1,55,53206,6,1,3,0,3,0,70,175,1,0,0,2,1,5,2012,7,2015,0,38,39,91,0,2,4,30,1,1,2,1,3,3,1,17,1,1,1,86,"777777777777","777777777777","777777777777",0,1
55,550041,2,2,2,13,2,23,59,12,6,1,0,55,1,37,401,37401,14,1995,"4S6CM58V4S44","4","S","6","C","M","5","8","V","4","S","4","4",0,0,0,"000000000","00000000000",0,0,0,1,0,0,0,0,0,0,0,40,0,0,0,82,6,2,12,0,0,0,1,55,53027,6,1,0,0,3,3,67,165,0,0,0,0,0,0,0,0,0,0,0,0,0,0,2,2,40,1,1,2,1,3,3,1,66,1,1,1,87,"777777777777","777777777777","777777777777",1,0
55,550042,1,1,1,15,2,12,37,8,0,1,0,55,3,7,442,7442,20,2015,"2C4RDGBG5FR5","2","C","4","R","D","G","B","G","5","F","R","5",0,0,0,"000000000","00000000000",0,0,0,1,0,0,0,0,0,0,0,71,0,0,0,12,4,3,8,0,0,0,1,55,53156,6,1,0,0,3,0,71,210,0,0,0,1,0,3,2015,3,2015,0,0,0,0,0,2,2,70,1,1,1,1,0,0,1,80,1,1,4,13,"777777777777","777777777777","777777777777",0,0
55,550043,1,1,1,17,2,9,36,32,0,1,0,55,1,22,18,22018,2,2000,"1G2NF12T7YM8","1","G","2","N","F","1","2","T","7","Y","M","8",0,0,0,"000000000","00000000000",0,0,0,1,0,0,0,0,0,0,0,50,0,1,6,12,6,2,1,0,0,0,1,55,53578,6,1,0,0,3,3,71,200,0,0,0,0,0,0,0,0,0,0,0,0,0,0,1,2,55,1,1,2,1,0,0,1,12,99,1,4,6,"777777777777","777777777777","777777777777",1,0
55,550044,1,2,1,18,2,6,22,12,2,1,0,55,3,82,881,82881,66,2016,"3AKJGEDV2GSH","3","A","K","J","G","E","D","V","2","G","S","H",1,1,57,"473360","57473360",3,6,2,2,8,3257,9,1,0,0,0,50,0,0,0,12,6,2,12,0,0,0,1,17,61104,6,1,6,1,3,3,69,160,0,0,0,0,0,0,0,0,0,0,0,0,0,0,1,2,55,1,1,2,1,0,0,1,62,16,9,1,51,"1E9T78735GE0","777777777777","777777777777",0,0
55,550044,2,2,1,18,2,6,22,12,2,1,0,55,1,20,481,20481,31,1998,"2GCEK19R8W12","2","G","C","E","K","1","9","R","8","W","1","2",0,0,0,"000000000","00000000000",0,0,0,1,0,0,0,0,0,0,0,55,0,0,0,12,6,2,12,0,0,0,1,55,53546,6,1,0,0,3,3,69,210,0,1,1,1,0,6,2011,4,2015,0,51,0,0,0,1,2,55,1,1,2,1,0,0,1,10,1,1,2,50,"777777777777","777777777777","777777777777",1,0
55,550045,1,2,2,19,2,15,32,12,2,1,0,55,1,49,402,49402,14,2006,"JTMBD32V4660","J","T","M","B","D","3","2","V","4","6","6","0",0,0,0,"000000000","00000000000",0,0,0,1,0,0,0,0,0,0,0,50,0,0,0,12,6,2,12,0,0,0,1,55,54457,6,1,0,0,3,0,65,190,0,0,0,0,0,0,0,0,0,0,87,0,0,0,1,2,55,1,1,2,3,0,0,1,5,6,2,2,50,"777777777777","777777777777","777777777777",2,0
55,550045,2,2,2,19,2,15,32,12,2,1,0,55,1,23,422,23422,15,2013,"1GKS2MEF1DR2","1","G","K","S","2","M","E","F","1","D","R","2",0,0,0,"000000000","00000000000",0,0,0,1,0,0,0,0,0,0,0,50,0,0,0,12,6,2,12,0,0,0,1,55,54560,6,1,0,0,3,0,77,250,0,0,0,0,0,0,0,0,0,0,87,0,0,0,1,2,55,1,1,2,3,0,0,2,62,16,1,1,51,"777777777777","777777777777","777777777777",0,0
55,550046,1,2,4,19,2,21,15,12,6,1,0,55,2,20,16,20016,4,2000,"1G1JC5245Y73","1","G","1","J","C","5","2","4","5","Y","7","3",0,0,0,"000000000","00000000000",0,0,0,1,0,0,0,0,0,0,0,45,0,0,0,81,6,2,12,0,0,0,1,55,54457,6,2,0,0,3,0,60,110,0,0,0,0,0,0,0,0,0,4,87,0,0,0,1,2,45,2,1,2,4,0,0,14,6,99,4,2,64,"777777777777","777777777777","777777777777",1,0
55,550046,2,2,2,19,2,21,15,12,6,1,0,55,1,12,481,12481,31,2011,"1FTFW1EF3BKD","1","F","T","F","W","1","E","F","3","B","K","D",0,0,0,"000000000","00000000000",0,0,0,1,0,0,0,0,0,0,0,999,0,0,0,12,6,2,12,0,0,0,1,55,54457,6,1,0,0,3,3,74,190,0,0,0,0,0,0,0,0,0,0,87,0,0,0,1,2,45,3,1,2,4,0,0,14,62,99,9,1,65,"777777777777","777777777777","777777777777",0,0
55,550047,1,2,2,19,2,21,39,12,6,1,0,55,2,7,402,7402,14,2002,"1B4HS48N92F1","1","B","4","H","S","4","8","N","9","2","F","1",0,0,0,"000000000","00000000000",0,0,0,1,0,0,0,0,0,0,0,998,0,0,0,12,6,2,12,0,0,0,1,55,54304,2,1,0,0,2,0,74,180,0,2,1,0,1,3,2015,8,2015,3,39,87,0,0,1,2,25,8,8,8,2,20,3,1,17,99,1,1,86,"777777777777","777777777777","777777777777",0,1
55,550047,2,2,2,19,2,21,39,12,6,1,0,55,1,47,35,47035,4,2007,"YS3FH41U5711","Y","S","3","F","H","4","1","U","5","7","1","1",0,0,0,"000000000","00000000000",0,0,0,1,0,0,0,0,0,0,0,998,0,0,0,81,6,2,12,0,0,0,1,55,54155,6,1,0,0,3,0,70,200,2,0,0,0,0,8,2013,12,2013,0,87,0,0,0,2,2,35,1,3,1,2,0,0,1,66,99,1,1,87,"777777777777","777777777777","777777777777",2,1
55,550048,1,1,1,20,2,10,6,48,0,1,0,55,1,30,47,30047,3,2001,"3VWCP21C11M4","3","V","W","C","P","2","1","C","1","1","M","4",0,0,0,"000000000","00000000000",0,0,0,1,0,0,0,0,0,0,0,70,0,0,0,12,6,2,34,0,0,0,1,55,53949,6,1,0,0,3,0,71,225,0,0,0,0,0,0,0,0,0,3,99,99,99,99,1,2,25,1,1,2,1,40,3,1,14,1,1,4,14,"777777777777","777777777777","777777777777",1,0
55,550049,1,1,4,21,2,20,58,34,0,1,0,55,2,18,2,18002,4,1998,"1G4HP52K6WH4","1","G","4","H","P","5","2","K","6","W","H","4",0,0,0,"000000000","00000000000",0,0,0,1,0,0,0,0,0,0,0,55,0,1,5,99,6,2,1,0,0,0,1,55,53954,6,2,0,0,3,3,63,105,0,0,0,0,0,0,0,0,0,0,99,99,99,99,1,2,55,1,1,2,1,0,0,1,9,8,3,4,7,"777777777777","777777777777","777777777777",3,0