"STATE","ST_CASE","VEH_NO","VE_FORMS","NUMOCCS","DAY","MONTH","HOUR","MINUTE","HARM_EV","MAN_COLL","UNITTYPE","HIT_RUN","REG_STAT","OWNER","MAKE","MODEL","MAK_MOD","BODY_TYP","MOD_YEAR","VIN","VIN_1","VIN_2","VIN_3","VIN_4","VIN_5","VIN_6","VIN_7","VIN_8","VIN_9","VIN_10","VIN_11","VIN_12","TOW_VEH","J_KNIFE","MCARR_I1","MCARR_I2","MCARR_ID","GVWR","V_CONFIG","CARGO_BT","HAZ_INV","HAZ_PLAC","HAZ_ID","HAZ_CNO","HAZ_REL","BUS_USE","SPEC_USE","EMER_USE","TRAV_SP","UNDERIDE","ROLLOVER","ROLINLOC","IMPACT1","DEFORMED","TOWED","M_HARM","VEH_SC1","VEH_SC2","FIRE_EXP","DR_PRES","L_STATE","DR_ZIP","L_STATUS","L_TYPE","CDL_STAT","L_ENDORS","L_COMPL","L_RESTRI","DR_HGT","DR_WGT","PREV_ACC","PREV_SUS","PREV_DWI","PREV_SPD","PREV_OTH","FIRST_MO","FIRST_YR","LAST_MO","LAST_YR","SPEEDREL","DR_SF1","DR_SF2","DR_SF3","DR_SF4","VTRAFWAY","VNUM_LAN","VSPD_LIM","VALIGN","VPROFILE","VPAVETYP","VSURCOND","VTRAFCON","VTCONT_F","P_CRASH1","P_CRASH2","P_CRASH3","PCRASH4","PCRASH5","ACC_TYPE","TRLR1VIN","TRLR2VIN","TRLR3VIN","DEATHS","DR_DRINK"
55,550050,1,1,1,22,2,21,49,8,0,1,1,99,9,99,499,99499,39,9999,"999999999999","9","9","9","9","9","9","9","9","9","9","9","9",0,0,0,"000000000","00000000000",0,0,0,1,0,0,0,0,0,0,0,999,0,0,0,12,9,5,8,0,0,0,1,99,99999,9,9,99,9,9,9,999,999,99,99,99,99,99,99,9999,99,9999,0,0,0,0,0,1,4,30,1,2,2,1,3,3,1,80,99,1,1,13,"777777777777","777777777777","777777777777",0,0
55,550051,1,1,1,24,2,7,50,43,0,1,0,55,1,12,471,12471,30,1998,"1FTYR10C2WPB","1","F","T","Y","R","1","0","C","2","W","P","B",0,0,0,"000000000","00000000000",0,0,0,1,0,0,0,0,0,0,0,55,0,0,0,12,6,2,42,0,0,0,1,55,54725,6,2,0,0,3,0,70,185,2,0,0,1,0,3,2015,5,2015,0,0,0,0,0,1,2,35,2,1,2,2,0,0,14,12,1,1,4,6,"777777777777","777777777777","777777777777",1,0
55,550052,1,1,3,25,2,21,28,33,0,1,0,55,2,22,20,22020,4,2006,"2G2WR5543612","2","G","2","W","R","5","5","4","3","6","1","2",0,0,0,"000000000","00000000000",0,0,0,1,0,0,0,0,0,0,0,80,0,1,3,12,6,2,1,0,0,0,1,55,53209,1,1,0,0,2,0,71,189,0,0,0,1,0,5,2011,5,2011,4,6,8,0,0,2,2,35,2,1,2,1,0,0,14,6,16,9,4,7,"777777777777","777777777777","777777777777",1,1
55,550053,1,1,1,26,2,6,35,9,0,1,0,55,2,7,402,7402,14,1999,"1B4HS28Z1XF5","1","B","4","H","S","2","8","Z","1","X","F","5",0,0,0,"000000000","00000000000",0,0,0,1,0,0,0,0,0,0,0,50,0,0,0,12,2,3,9,0,0,0,1,55,54139,6,1,0,0,3,0,67,170,0,2,0,7,1,6,2011,1,2016,0,0,0,0,0,1,2,55,1,6,2,1,0,0,1,83,1,1,1,13,"777777777777","777777777777","777777777777",0,0
55,550054,1,2,1,26,2,1,1,12,6,1,0,55,5,20,37,20037,4,2016,"1G11C5SA9GF1","1","G","1","1","C","5","S","A","9","G","F","1",0,0,0,"000000000","00000000000",0,0,0,1,0,0,0,0,0,0,0,999,0,0,0,12,6,2,12,0,0,0,1,55,53218,0,0,0,0,0,0,66,140,0,1,0,0,0,10,2014,10,2014,3,38,39,0,0,6,2,99,8,8,8,1,3,3,1,17,99,1,1,86,"777777777777","777777777777","777777777777",1,0
55,550054,2,2,1,26,2,1,1,12,6,1,0,55,3,12,461,12461,21,2000,"1FBNE31MXYHB","1","F","B","N","E","3","1","M","X","Y","H","B",0,0,0,"000000000","00000000000",0,0,0,1,0,0,0,0,0,0,0,999,0,0,0,1,6,2,12,0,0,0,1,55,53205,1,2,0,0,2,0,71,175,1,1,0,1,1,5,2013,10,2015,0,0,0,0,0,2,2,30,1,1,1,1,3,3,1,66,99,9,1,87,"777777777777","777777777777","777777777777",0,0
55,550055,1,1,1,27,2,3,4,42,0,1,0,27,1,2,404,2404,14,1998,"1J4GZ58S1WC3","1","J","4","G","Z","5","8","S","1","W","C","3",0,0,0,"000000000","00000000000",0,0,0,1,0,0,0,0,0,0,0,999,0,0,0,99,6,2,42,0,0,0,1,55,54734,6,1,0,0,3,0,72,165,1,1,1,0,2,5,2012,4,2015,4,58,0,0,0,1,2,55,3,2,2,1,0,0,14,6,99,4,4,7,"777777777777","777777777777","777777777777",1,1
55,550056,1,1,1,28,2,15,20,34,0,1,0,55,2,20,443,20443,20,2000,"1GNDX03E1YD3","1","G","N","D","X","0","3","E","1","Y","D","3",0,0,0,"000000000","00000000000",0,0,0,1,0,0,0,0,0,0,0,999,0,1,5,12,6,2,1,0,0,0,1,55,53965,2,2,0,0,2,0,71,250,0,0,0,0,0,0,0,0,0,0,0,0,0,0,1,2,55,3,1,2,1,0,0,14,9,99,9,4,2,"777777777777","777777777777","777777777777",1,1
55,550057,1,1,2,7,2,12,21,42,0,1,0,55,1,18,421,18421,15,2013,"5GAKRCKD3DJ2","5","G","A","K","R","C","K","D","3","D","J","2",0,0,0,"000000000","00000000000",0,0,0,1,0,0,0,0,0,0,0,50,0,0,0,12,6,2,42,0,0,0,1,55,53018,6,1,0,0,3,3,70,180,0,0,0,0,0,0,0,0,0,4,36,0,0,0,1,2,25,3,6,2,1,0,0,14,13,1,1,4,1,"777777777777","777777777777","777777777777",1,0
55,550058,1,1,2,28,2,0,3,8,0,1,0,55,1,20,481,20481,31,2014,"3GCUKSEC6EG1","3","G","C","U","K","S","E","C","6","E","G","1",0,0,0,"000000000","00000000000",0,0,0,1,0,0,0,0,0,0,0,998,0,0,0,12,4,3,8,0,0,0,1,55,54114,6,1,0,0,3,0,67,210,0,0,0,0,0,0,0,0,0,0,0,0,0,0,1,2,55,1,6,2,1,0,0,1,80,99,9,1,13,"777777777777","777777777777","777777777777",0,0
55,550059,1,1,1,29,2,11,45,21,0,1,0,55,5,7,25,7025,5,2011,"1B3CB3HAXBD1","1","B","3","C","B","3","H","A","X","B","D","1",0,0,0,"000000000","00000000000",0,0,0,1,0,0,0,0,0,0,0,75,0,0,0,12,6,2,21,0,0,1,1,55,53202,2,1,0,0,2,2,71,184,0,1,1,1,0,9,2014,11,2014,3,36,37,74,0,2,2,45,1,1,2,1,0,0,1,13,1,1,4,1,"777777777777","777777777777","777777777777",1,1
55,550060,1,2,2,20,2,10,44,12,1,1,0,27,1,37,421,37421,15,2015,"5FNYF4H50FB0","5","F","N","Y","F","4","H","5","0","F","B","0",0,0,0,"000000000","00000000000",0,0,0,1,0,0,0,0,0,0,0,0,0,0,0,6,6,2,12,0,0,0,1,27,55436,6,1,0,0,3,3,69,170,0,0,0,0,0,0,0,0,0,0,0,0,0,0,1,2,55,1,1,2,1,0,0,5,53,1,1,1,22,"777777777777","777777777777","777777777777",0,0
55,550060,2,2,1,20,2,10,44,12,1,1,0,55,1,37,32,37032,4,2002,"1HGCG56492A0","1","H","G","C","G","5","6","4","9","2","A","0",0,0,0,"000000000","00000000000",0,0,0,1,0,0,0,0,0,0,0,55,0,0,0,12,6,2,12,0,0,0,1,55,54022,6,1,0,0,3,3,71,240,0,0,0,0,0,0,0,0,0,0,26,0,0,0,1,2,55,1,1,2,1,0,0,1,50,1,1,1,20,"777777777777","777777777777","777777777777",1,0
55,550061,1,1,2,5,2,8,25,50,0,1,0,55,3,98,809,98809,64,2000,"2FZXEWEB6YAF","2","F","Z","X","E","W","E","B","6","Y","A","F",0,0,57,"879140","57879140",3,19,7,1,0,0,0,0,0,0,0,70,0,0,0,13,6,2,50,0,0,0,1,55,54666,6,1,6,0,3,0,70,287,0,0,0,0,0,0,0,0,0,0,0,0,0,0,2,2,70,1,1,2,1,0,0,1,98,1,1,1,12,"777777777777","777777777777","777777777777",1,0
55,550062,1,3,1,16,2,16,13,12,6,1,0,55,1,14,6,14006,4,2001,"2MEFM74W81X6","2","M","E","F","M","7","4","W","8","1","X","6",0,0,0,"000000000","00000000000",0,0,0,1,0,0,0,0,0,0,0,25,0,0,0,9,6,2,12,0,0,0,1,55,53147,6,1,8,0,3,0,66,250,1,0,0,0,0,6,2012,6,2012,0,87,51,0,0,1,2,25,1,5,2,3,0,0,1,5,99,3,2,64,"777777777777","777777777777","777777777777",1,0
55,550062,2,3,1,16,2,16,13,12,6,1,0,55,1,7,482,7482,31,2004,"1D7HU18D34S7","1","D","7","H","U","1","8","D","3","4","S","7",0,0,0,"000000000","00000000000",0,0,0,1,0,0,0,0,0,0,0,998,0,0,0,12,6,2,12,0,0,0,1,55,53147,6,1,0,0,3,0,70,200,0,0,0,0,0,0,0,0,0,0,0,0,0,0,1,2,25,1,6,2,3,0,0,1,62,99,9,1,65,"777777777777","777777777777","777777777777",0,0
55,550062,3,3,1,16,2,16,13,12,6,1,0,55,2,37,402,37402,14,2009,"JHLRE48759C0","J","H","L","R","E","4","8","7","5","9","C","0",0,0,0,"000000000","00000000000",0,0,0,1,0,0,0,0,0,0,0,998,0,0,0,83,6,2,12,0,0,0,1,55,53147,6,1,0,0,3,3,60,105,0,0,0,0,0,0,0,0,0,0,0,0,0,0,1,2,25,1,6,2,3,0,0,1,98,99,9,1,98,"777777777777","777777777777","777777777777",0,0
55,550063,1,1,1,29,2,99,99,34,0,1,0,55,1,12,481,12481,31,1995,"1FTEX15Y6SKB","1","F","T","E","X","1","5","Y","6","S","K","B",0,0,0,"000000000","00000000000",0,0,0,1,0,0,0,0,0,0,0,999,0,1,5,99,6,2,1,0,0,0,1,55,54017,6,2,0,0,3,3,68,183,0,0,0,1,0,12,2015,12,2015,0,0,0,0,0,2,2,55,3,1,2,99,0,0,14,99,99,9,4,5,"777777777777","777777777777","777777777777",1,0
55,550064,1,1,1,7,2,14,25,42,0,1,0,55,1,55,35,55035,4,2013,"KMHDH4AE1DU6","K","M","H","D","H","4","A","E","1","D","U","6",0,0,0,"000000000","00000000000",0,0,0,1,0,0,0,0,0,0,0,50,0,0,0,12,6,2,42,0,0,0,1,55,53511,6,1,0,0,3,3,58,260,0,0,0,0,0,0,0,0,0,0,0,0,0,0,1,2,50,1,1,2,1,0,0,1,8,1,9,4,2,"777777777777","777777777777","777777777777",1,0
55,550065,1,1,1,20,2,13,25,51,0,1,0,55,3,82,881,82881,66,2016,"3AKJGLD55GSG","3","A","K","J","G","L","D","5","5","G","S","G",1,2,57,"074481","57074481",3,6,1,1,0,0,0,0,0,0,0,65,0,9,5,0,6,2,1,0,0,0,1,55,54494,6,1,6,0,3,0,73,260,0,0,0,0,0,0,0,0,0,0,0,0,0,0,2,2,65,2,2,1,1,0,0,14,8,16,9,4,0,"1E1H5Y282GR0","777777777777","777777777777",1,0
55,550066,1,1,1,1,3,17,35,42,0,1,0,55,2,41,53,41053,5,2007,"JM3ER2932701","J","M","3","E","R","2","9","3","2","7","0","1",0,0,0,"000000000","00000000000",0,0,0,1,0,0,0,0,0,0,0,55,0,0,0,12,6,2,42,0,0,1,1,55,53081,6,2,0,0,3,3,76,160,0,0,0,0,0,0,0,0,0,4,0,0,0,0,1,2,55,1,1,2,3,0,0,1,6,6,3,4,2,"777777777777","777777777777","777777777777",1,0
55,550068,1,2,2,1,3,17,2,12,6,1,0,55,2,63,38,63038,4,2010,"KNAFW4A34A50","K","N","A","F","W","4","A","3","4","A","5","0",0,0,0,"000000000","00000000000",0,0,0,1,0,0,0,0,0,0,0,999,0,0,0,3,6,2,12,0,0,0,1,55,53119,6,1,0,0,3,0,68,165,0,0,0,1,0,8,2011,8,2011,0,38,0,0,0,1,2,45,1,2,2,2,3,3,11,15,1,1,2,68,"777777777777","777777777777","777777777777",1,0
55,550068,2,2,1,1,3,17,2,12,6,1,0,55,1,12,481,12481,31,1997,"1FTHX26F1VED","1","F","T","H","X","2","6","F","1","V","E","D",0,0,0,"000000000","00000000000",0,0,0,1,0,0,0,0,0,0,0,999,0,0,0,12,6,2,12,0,0,0,1,55,53051,6,1,0,0,3,3,74,205,1,1,0,3,9,3,2011,3,2016,0,0,0,0,0,1,2,45,1,2,2,2,3,3,1,62,1,1,1,69,"777777777777","777777777777","777777777777",0,0
55,550069,1,2,4,4,3,17,17,12,6,1,0,55,2,7,442,7442,20,2002,"2B4GP44362R7","2","B","4","G","P","4","4","3","6","2","R","7",0,0,0,"000000000","00000000000",0,0,0,1,0,0,0,0,0,0,0,998,0,0,0,12,6,2,12,0,0,0,1,55,54956,6,1,0,0,3,0,71,400,0,0,0,0,0,0,0,0,0,0,0,0,0,0,1,4,45,1,1,1,3,0,0,1,66,99,9,1,88,"777777777777","777777777777","777777777777",0,0
55,550069,2,2,1,4,3,17,17,12,6,1,0,55,2,22,22,22022,4,2005,"1G2ZG5283541","1","G","2","Z","G","5","2","8","3","5","4","1",0,0,0,"000000000","00000000000",0,0,0,1,0,0,0,0,0,0,0,50,0,0,0,62,6,2,12,0,0,0,1,55,54901,6,2,0,0,3,0,64,135,0,0,0,1,1,8,2015,12,2015,0,39,0,0,0,1,4,35,1,2,1,3,20,3,1,17,1,9,1,89,"777777777777","777777777777","777777777777",1,0
55,550070,1,1,1,4,3,20,14,42,0,1,0,55,2,21,441,21441,20,1998,"1GHDX03E9WD3","1","G","H","D","X","0","3","E","9","W","D","3",0,0,0,"000000000","00000000000",0,0,0,1,0,0,0,0,0,0,0,45,0,0,0,12,6,2,42,0,0,0,1,55,53147,2,1,0,0,2,0,65,160,1,1,1,0,1,5,2012,6,2013,3,51,29,0,0,1,2,20,1,1,2,2,0,0,1,12,99,9,4,6,"777777777777","777777777777","777777777777",1,1
55,550071,1,2,2,5,3,2,15,12,6,1,0,55,1,54,31,54031,3,1997,"JH4DC4361VS0","J","H","4","D","C","4","3","6","1","V","S","0",0,0,0,"000000000","00000000000",0,0,0,1,0,0,0,0,0,0,0,55,0,0,0,3,6,2,12,0,0,0,1,55,53589,6,1,0,0,3,3,70,170,0,1,1,1,1,9,2011,4,2013,0,51,79,87,0,1,2,55,1,1,2,3,0,0,1,5,99,2,2,64,"777777777777","777777777777","777777777777",1,1
55,550071,2,2,2,5,3,2,15,12,6,1,0,55,2,49,472,49472,30,2004,"5TEPM62N94Z4","5","T","E","P","M","6","2","N","9","4","Z","4",0,0,0,"000000000","00000000000",0,0,0,1,0,0,0,0,0,0,0,55,0,0,0,12,6,2,12,0,0,0,1,55,53534,6,1,0,0,3,0,67,145,0,2,1,0,0,8,2013,5,2014,0,79,87,0,0,1,2,55,1,1,2,3,0,0,1,62,16,9,1,65,"777777777777","777777777777","777777777777",0,0
55,550072,1,3,1,6,3,15,16,12,2,1,0,55,1,23,481,23481,31,2005,"2GTEK13T7512","2","G","T","E","K","1","3","T","7","5","1","2",0,0,0,"000000000","00000000000",0,0,0,1,0,0,0,0,0,0,0,64,0,0,0,12,6,2,12,0,0,0,1,55,53090,6,1,6,0,3,0,75,300,0,0,0,4,1,9,2012,9,2015,4,51,91,0,0,1,2,55,1,1,2,1,0,0,1,9,1,9,2,50,"777777777777","777777777777","777777777777",0,1
55,550072,2,3,1,6,3,15,16,12,2,1,0,55,2,12,24,12024,6,2010,"2FMDK4JC9ABA","2","F","M","D","K","4","J","C","9","A","B","A",0,0,0,"000000000","00000000000",0,0,0,1,0,0,0,0,0,0,0,55,0,0,0,12,6,2,12,0,0,0,1,55,54949,6,1,0,0,3,3,64,170,0,0,0,0,0,0,0,0,0,0,0,0,0,0,1,2,55,1,1,2,1,0,0,1,62,99,9,1,51,"777777777777","777777777777","777777777777",1,0
55,550072,3,3,2,6,3,15,16,12,2,1,0,55,3,55,33,55033,4,2016,"5NPE24AF3GH3","5","N","P","E","2","4","A","F","3","G","H","3",0,0,0,"000000000","00000000000",0,0,0,1,0,0,0,0,0,0,0,55,0,0,0,63,2,5,12,0,0,0,1,55,53090,6,1,0,0,3,3,67,145,1,0,0,1,0,12,2011,2,2016,0,0,0,0,0,1,2,55,1,1,2,1,0,0,1,62,99,9,1,98,"777777777777","777777777777","777777777777",0,0
55,550073,1,1,1,5,3,12,29,42,0,1,0,55,1,2,405,2405,14,2010,"1J4PN2GK2AW1","1","J","4","P","N","2","G","K","2","A","W","1",0,0,0,"000000000","00000000000",0,0,0,1,0,0,0,0,0,0,0,97,0,0,0,12,6,2,42,0,0,1,1,55,53151,6,2,0,0,3,3,74,205,0,0,0,0,0,0,0,0,0,3,6,36,39,0,1,2,45,1,6,2,1,20,3,1,14,1,1,4,14,"777777777777","777777777777","777777777777",1,0
55,550074,1,1,1,7,3,19,59,8,0,1,0,55,2,49,32,49032,4,2001,"1NXBR12E51Z5","1","N","X","B","R","1","2","E","5","1","Z","5",0,0,0,"000000000","00000000000",0,0,0,1,0,0,0,0,0,0,0,20,0,0,0,12,4,8,8,0,0,0,1,55,53704,6,1,0,0,3,3,62,103,0,0,0,0,0,0,0,0,0,0,0,0,0,0,1,4,30,1,1,2,1,0,0,15,80,99,1,1,13,"777777777777","777777777777","777777777777",0,0
55,550075,1,2,2,7,3,22,28,12,6,1,0,55,1,12,471,12471,30,2001,"1FTYR10U91TA","1","F","T","Y","R","1","0","U","9","1","T","A",0,0,0,"000000000","00000000000",0,0,0,1,0,0,0,0,0,0,0,999,0,0,0,3,6,2,12,0,0,0,1,55,53406,6,2,0,0,3,3,73,280,0,0,0,0,0,0,0,0,0,0,38,0,0,0,2,2,50,1,1,1,1,3,3,11,15,99,1,2,68,"777777777777","777777777777","777777777777",1,0
55,550075,2,2,1,7,3,22,28,12,6,1,0,55,1,7,482,7482,31,2005,"3D7KS28C05G8","3","D","7","K","S","2","8","C","0","5","G","8",0,0,0,"000000000","00000000000",0,0,0,1,0,0,0,0,0,0,0,999,0,0,0,12,6,2,12,0,0,0,1,55,53126,6,1,0,0,3,0,69,189,2,0,0,0,0,12,2012,7,2014,0,0,0,0,0,1,4,50,1,8,8,1,3,3,1,62,99,1,1,69,"777777777777","777777777777","777777777777",0,0
55,550076,1,1,2,9,3,2,53,8,0,1,0,55,1,12,23,12023,4,2013,"3FA6P0H79DR1","3","F","A","6","P","0","H","7","9","D","R","1",0,0,0,"000000000","00000000000",0,0,0,1,0,0,0,0,0,0,0,30,0,0,0,12,4,3,8,0,0,0,1,55,53209,6,1,6,0,3,3,66,165,1,0,0,0,1,7,2012,12,2014,0,0,0,0,0,1,4,30,1,1,2,2,0,0,1,80,1,1,1,13,"777777777777","777777777777","777777777777",0,0
55,550077,1,1,1,12,3,7,20,34,0,1,0,55,3,86,881,86881,66,2013,"1M1AW07Y9DM0","1","M","1","A","W","0","7","Y","9","D","M","0",1,1,57,"225251","57225251",3,6,2,2,2,1203,3,2,0,0,0,999,0,0,0,14,6,2,34,0,0,0,1,55,54471,6,1,6,1,3,3,72,260,0,0,0,0,0,0,0,0,0,0,99,99,99,99,1,2,55,3,6,2,1,0,0,1,13,1,1,4,1,"1PMA24425550","777777777777","777777777777",1,0
55,550078,1,1,1,12,3,2,45,1,0,1,0,55,2,7,442,7442,20,2006,"1D4GP25B66B6","1","D","4","G","P","2","5","B","6","6","B","6",0,0,0,"000000000","00000000000",0,0,0,1,0,0,0,0,0,0,0,55,0,9,6,0,6,2,3,0,0,0,1,55,54011,6,1,0,0,3,0,62,150,1,0,0,0,1,11,2012,1,2013,0,51,0,0,0,1,2,55,2,1,2,99,0,0,14,12,1,9,4,6,"777777777777","777777777777","777777777777",1,1
55,550079,1,2,5,16,3,10,3,12,6,1,0,55,1,12,17,12017,4,1993,"1FALP5248PG3","1","F","A","L","P","5","2","4","8","P","G","3",0,0,0,"000000000","00000000000",0,0,0,1,0,0,0,0,0,0,0,70,0,0,0,81,6,2,12,0,0,0,1,55,54930,6,1,0,0,3,0,70,210,0,0,0,0,0,0,0,0,0,4,58,87,0,0,2,2,65,1,1,2,3,0,0,15,6,8,4,2,48,"777777777777","777777777777","777777777777",1,0
55,550079,2,2,1,16,3,10,3,12,6,1,0,95,3,82,881,82881,66,1998,"2FUPDXYB3WA9","2","F","U","P","D","X","Y","B","3","W","A","9",1,1,57,"759689","57759689",3,6,1,1,0,0,0,0,0,0,0,998,0,0,0,12,2,5,12,0,0,0,1,95,0,9,9,99,9,9,9,999,999,99,99,99,99,99,99,9999,99,9999,0,0,0,0,0,2,2,65,1,1,2,3,0,0,1,61,8,9,2,48,"999999999999","777777777777","777777777777",0,0
55,550080,1,1,1,17,3,18,25,1,0,1,0,55,2,24,7,24007,4,2007,"1G8AJ58F37Z1","1","G","8","A","J","5","8","F","3","7","Z","1",0,0,0,"000000000","00000000000",0,0,0,1,0,0,0,0,0,0,0,80,0,9,5,0,6,2,1,0,0,0,1,55,54914,6,1,0,0,3,3,73,215,0,0,0,0,0,0,0,0,0,3,36,0,0,0,1,2,55,1,1,2,1,0,0,1,9,99,4,4,7,"777777777777","777777777777","777777777777",1,1
55,550081,1,1,1,21,3,7,41,8,0,1,0,55,3,35,51,35051,6,2016,"5N1AT2MV6GC7","5","N","1","A","T","2","M","V","6","G","C","7",0,0,0,"000000000","00000000000",0,0,0,1,0,0,0,0,0,0,0,25,0,0,0,12,4,3,8,0,0,0,1,55,54961,6,1,0,0,3,3,72,190,1,0,0,0,0,4,2013,4,2013,0,0,0,0,0,1,2,25,2,1,2,1,0,0,14,80,1,1,1,13,"777777777777","777777777777","777777777777",0,0
55,550082,1,1,1,18,3,15,10,42,0,1,0,55,2,12,401,12401,14,2000,"1FMDU75E8YZB","1","F","M","D","U","7","5","E","8","Y","Z","B",0,0,0,"000000000","00000000000",0,0,0,1,0,0,0,0,0,0,0,55,0,1,6,12,6,2,42,0,0,1,1,55,54725,6,1,0,0,3,0,68,175,0,0,0,0,0,0,0,0,0,0,6,0,0,0,1,2,55,3,1,2,1,0,0,14,13,1,9,4,1,"777777777777","777777777777","777777777777",1,1
55,550083,1,1,1,22,3,13,51,9,0,1,0,55,2,12,37,12037,4,2008,"1FAHP35N38W2","1","F","A","H","P","3","5","N","3","8","W","2",0,0,0,"000000000","00000000000",0,0,0,1,0,0,0,0,0,0,0,55,0,0,0,12,4,3,9,0,0,0,1,55,54462,6,1,8,0,3,0,70,180,0,0,0,0,0,0,0,0,0,0,6,0,0,0,1,2,55,1,1,2,1,0,0,1,13,1,1,4,13,"777777777777","777777777777","777777777777",0,0
55,550084,1,1,1,9,3,16,40,19,0,1,0,55,2,49,51,49051,5,2014,"JTDKTUD30ED5","J","T","D","K","T","U","D","3","0","E","D","5",0,0,0,"000000000","00000000000",0,0,0,1,0,0,0,0,0,0,0,25,0,0,0,12,6,2,19,0,0,0,1,55,53711,6,1,0,0,3,3,60,120,0,0,0,0,0,0,0,0,0,0,0,0,0,0,1,2,25,2,1,2,1,0,0,14,12,1,1,4,6,"777777777777","777777777777","777777777777",1,0
55,550085,1,1,1,23,3,6,44,11,0,1,0,55,1,76,706,76706,80,1989,"JYA1NLE00KA0","J","Y","A","1","N","L","E","0","0","K","A","0",0,0,0,"000000000","00000000000",0,0,0,1,0,0,0,0,0,0,0,999,0,0,0,12,6,2,11,0,0,0,1,55,54746,6,1,0,0,3,2,71,250,0,0,0,0,0,0,0,0,0,0,74,83,0,0,1,2,55,1,1,1,1,0,0,1,87,99,9,1,13,"777777777777","777777777777","777777777777",1,1
55,550086,1,2,1,15,3,3,33,12,6,1,0,55,3,85,881,85881,66,2005,"1XKDD49X35J0","1","X","K","D","D","4","9","X","3","5","J","0",1,3,57,"1443329","571443329",3,6,1,1,0,0,0,0,0,0,0,999,0,0,0,12,4,3,12,0,0,0,1,55,53032,6,1,6,0,2,0,74,175,1,0,0,0,1,12,2013,5,2015,0,0,0,0,0,1,2,55,1,8,2,1,0,0,1,66,99,1,1,88,"1UYVS2534GU6","777777777777","777777777777",0,0
55,550086,2,2,1,15,3,3,33,12,6,1,0,55,2,20,22,20022,2,2008,"1G1AK18F2873","1","G","1","A","K","1","8","F","2","8","7","3",0,0,0,"000000000","00000000000",0,0,0,1,0,0,0,0,0,0,0,999,0,0,0,62,6,2,12,0,0,0,1,55,53928,6,1,0,0,3,3,76,240,0,0,0,0,0,0,0,0,0,0,38,39,0,0,1,2,55,1,4,2,1,20,3,4,17,1,1,1,89,"777777777777","777777777777","777777777777",1,0
55,550087,1,2,2,24,3,11,10,12,6,1,0,55,2,6,441,6441,20,2004,"1C4GP45R94B5","1","C","4","G","P","4","5","R","9","4","B","5",0,0,0,"000000000","00000000000",0,0,0,1,0,0,0,0,0,0,0,60,0,0,0,81,6,2,12,0,0,0,1,55,54901,6,1,0,0,3,0,65,120,1,0,0,3,0,6,2011,11,2014,4,87,0,0,0,2,2,70,1,1,1,3,0,0,1,6,99,5,6,66,"777777777777","777777777777","777777777777",2,0
55,550087,2,2,1,24,3,11,10,12,6,1,0,95,3,82,881,82881,66,2007,"1FUJBBAV67PW","1","F","U","J","B","B","A","V","6","7","P","W",1,1,57,"2315827","572315827",3,6,1,1,0,0,0,0,0,0,0,998,0,9,5,12,6,2,12,0,0,0,1,95,0,9,9,99,9,9,9,68,180,99,99,99,99,99,99,9999,99,9999,0,87,0,0,0,2,2,70,1,1,1,3,0,0,1,64,99,9,1,66,"1DW1A5324ES4","777777777777","777777777777",0,0
55,550088,1,2,1,24,3,13,18,12,6,1,0,55,2,12,37,12037,4,2009,"1FAHP35N39W2","1","F","A","H","P","3","5","N","3","9","W","2",0,0,0,"000000000","00000000000",0,0,0,1,0,0,0,0,0,0,0,52,0,0,0,81,6,2,12,0,0,0,1,55,53051,6,1,0,0,3,3,72,170,0,0,0,0,0,0,0,0,0,4,51,87,0,0,1,2,45,3,6,2,4,0,0,14,6,99,4,2,64,"777777777777","777777777777","777777777777",1,0
55,550088,2,2,1,24,3,13,18,12,6,1,0,55,1,2,404,2404,14,2014,"1C4PJMDS7EW2","1","C","4","P","J","M","D","S","7","E","W","2",0,0,0,"000000000","00000000000",0,0,0,1,0,0,0,0,0,0,0,51,0,0,0,12,6,2,12,0,0,0,1,55,53027,6,1,0,0,3,0,62,160,0,0,0,0,0,0,0,0,0,0,79,87,0,0,1,2,45,2,5,2,4,0,0,14,62,9,1,1,65,"777777777777","777777777777","777777777777",0,0
55,550089,1,2,1,24,3,18,22,12,2,1,0,55,1,12,471,12471,30,1998,"1FTZR15X9WPB","1","F","T","Z","R","1","5","X","9","W","P","B",0,0,0,"000000000","00000000000",0,0,0,1,0,0,0,0,0,0,0,55,0,1,1,12,6,2,12,0,0,0,1,55,53704,6,1,0,0,3,3,69,145,0,0,0,0,0,0,0,0,0,4,87,0,0,0,3,2,55,1,1,1,4,0,0,1,12,99,9,6,52,"777777777777","777777777777","777777777777",1,1
55,550089,2,2,1,24,3,18,22,12,2,1,0,55,2,49,403,49403,14,2015,"5TDBKRFH6FS0","5","T","D","B","K","R","F","H","6","F","S","0",0,0,0,"000000000","00000000000",0,0,0,1,0,0,0,0,0,0,0,55,0,0,0,12,6,2,12,0,0,0,1,55,53590,6,1,0,0,3,3,63,200,0,0,0,0,0,0,0,0,0,0,87,0,0,0,3,2,55,1,1,1,4,0,0,1,64,16,1,1,52,"777777777777","777777777777","777777777777",0,0
55,550090,1,1,1,24,3,21,26,59,0,1,0,55,1,12,481,12481,31,2000,"1FTSW31F5YEB","1","F","T","S","W","3","1","F","5","Y","E","B",0,0,0,"000000000","00000000000",0,0,0,1,0,0,0,0,0,0,0,50,0,1,6,12,6,2,1,0,0,0,1,55,54935,6,1,0,0,3,0,69,180,0,0,0,0,0,0,0,0,0,4,87,0,0,0,1,2,35,1,1,2,3,0,0,1,6,99,4,4,2,"777777777777","777777777777","777777777777",1,1