"STATE","ST_CASE","VEH_NO","VE_FORMS","NUMOCCS","DAY","MONTH","HOUR","MINUTE","HARM_EV","MAN_COLL","UNITTYPE","HIT_RUN","REG_STAT","OWNER","MAKE","MODEL","MAK_MOD","BODY_TYP","MOD_YEAR","VIN","VIN_1","VIN_2","VIN_3","VIN_4","VIN_5","VIN_6","VIN_7","VIN_8","VIN_9","VIN_10","VIN_11","VIN_12","TOW_VEH","J_KNIFE","MCARR_I1","MCARR_I2","MCARR_ID","GVWR","V_CONFIG","CARGO_BT","HAZ_INV","HAZ_PLAC","HAZ_ID","HAZ_CNO","HAZ_REL","BUS_USE","SPEC_USE","EMER_USE","TRAV_SP","UNDERIDE","ROLLOVER","ROLINLOC","IMPACT1","DEFORMED","TOWED","M_HARM","VEH_SC1","VEH_SC2","FIRE_EXP","DR_PRES","L_STATE","DR_ZIP","L_STATUS","L_TYPE","CDL_STAT","L_ENDORS","L_COMPL","L_RESTRI","DR_HGT","DR_WGT","PREV_ACC","PREV_SUS","PREV_DWI","PREV_SPD","PREV_OTH","FIRST_MO","FIRST_YR","LAST_MO","LAST_YR","SPEEDREL","DR_SF1","DR_SF2","DR_SF3","DR_SF4","VTRAFWAY","VNUM_LAN","VSPD_LIM","VALIGN","VPROFILE","VPAVETYP","VSURCOND","VTRAFCON","VTCONT_F","P_CRASH1","P_CRASH2","P_CRASH3","PCRASH4","PCRASH5","ACC_TYPE","TRLR1VIN","TRLR2VIN","TRLR3VIN","DEATHS","DR_DRINK"
55,550351,1,1,1,6,8,2,0,38,0,1,0,55,2,50,706,50706,80,2000,"SMT605FM5YJ1","S","M","T","6","0","5","F","M","5","Y","J","1",0,0,0,"000000000","00000000000",0,0,0,1,0,0,0,0,0,0,0,60,0,0,0,12,6,2,38,0,0,0,1,55,53218,1,1,0,0,2,0,71,163,0,4,1,1,1,4,2012,6,2016,3,8,0,0,0,2,2,35,1,1,1,1,2,3,1,98,16,2,4,3,"777777777777","777777777777","777777777777",1,1
55,550352,1,2,1,9,8,18,50,12,2,1,0,55,1,47,36,47036,4,1999,"YS3ED48E9X30","Y","S","3","E","D","4","8","E","9","X","3","0",0,0,0,"000000000","00000000000",0,0,0,1,0,0,0,0,0,0,0,55,0,0,0,12,6,2,12,0,0,0,1,55,54568,6,1,0,0,3,0,72,195,0,0,0,1,0,6,2016,6,2016,0,28,51,0,0,1,2,55,2,4,2,1,0,0,14,10,1,1,2,50,"777777777777","777777777777","777777777777",1,0
55,550352,2,2,1,9,8,18,50,12,2,1,0,55,1,18,421,18421,15,2014,"5GAKVCKD4EJ2","5","G","A","K","V","C","K","D","4","E","J","2",0,0,0,"000000000","00000000000",0,0,0,1,0,0,0,0,0,0,0,55,0,0,0,12,6,2,12,0,0,0,1,55,54560,6,1,0,0,3,3,72,232,0,0,0,1,0,8,2013,8,2013,0,0,0,0,0,1,2,55,3,1,2,1,0,0,14,62,7,9,3,51,"777777777777","777777777777","777777777777",1,1
55,550353,1,1,4,5,2,23,1,30,0,1,0,55,1,49,403,49403,14,2009,"JTEDS41A5920","J","T","E","D","S","4","1","A","5","9","2","0",0,0,0,"000000000","00000000000",0,0,0,1,0,0,0,0,0,0,0,67,0,0,0,1,6,2,30,0,0,0,1,55,53223,6,1,0,0,3,0,65,150,0,0,0,0,0,0,0,0,0,0,0,0,0,0,2,2,35,1,1,1,1,0,0,1,13,99,1,4,1,"777777777777","777777777777","777777777777",1,0
55,550354,1,1,4,13,4,9,49,32,0,1,0,55,2,55,36,55036,3,2005,"KMHCG35C85U3","K","M","H","C","G","3","5","C","8","5","U","3",0,0,0,"000000000","00000000000",0,0,0,1,0,0,0,0,0,0,0,65,0,1,5,12,6,2,1,0,0,0,1,55,54304,0,0,0,0,0,0,66,130,0,2,0,2,1,3,2013,3,2016,0,89,0,0,0,2,2,65,1,1,1,1,0,0,1,13,1,1,4,1,"777777777777","777777777777","777777777777",1,0
55,550355,1,1,1,27,2,4,13,30,0,1,0,55,2,6,41,6041,4,2001,"2C3HD46R31H5","2","C","3","H","D","4","6","R","3","1","H","5",0,0,0,"000000000","00000000000",0,0,0,1,0,0,0,0,0,0,0,999,0,1,5,12,6,2,1,0,0,0,1,55,54568,6,1,0,0,3,0,64,100,0,0,0,0,0,0,0,0,0,0,0,0,0,0,1,2,55,2,1,2,1,0,0,14,13,6,9,4,1,"777777777777","777777777777","777777777777",1,1
55,550356,1,1,2,3,7,0,59,5,0,1,0,55,2,35,39,35039,4,2003,"JN1DA31D73T5","J","N","1","D","A","3","1","D","7","3","T","5",0,0,0,"000000000","00000000000",0,0,0,1,0,0,0,0,0,0,0,45,0,0,0,0,0,3,5,0,0,0,1,55,53217,6,1,0,0,3,3,64,125,0,0,0,2,0,3,2012,9,2012,0,0,0,0,0,3,2,45,1,3,2,1,0,0,1,98,1,1,1,0,"777777777777","777777777777","777777777777",1,0
55,550357,1,1,1,16,8,19,5,8,0,1,1,55,9,19,3,19003,4,1999,"1G6KD54Y4XU7","1","G","6","K","D","5","4","Y","4","X","U","7",0,0,0,"000000000","00000000000",0,0,0,1,0,0,0,0,0,0,0,999,0,0,0,12,4,3,8,0,0,0,1,99,99999,9,9,99,9,9,9,999,999,99,99,99,99,99,99,9999,99,9999,3,8,0,0,0,1,4,30,2,1,1,1,2,3,14,80,99,1,1,13,"777777777777","777777777777","777777777777",0,0
55,550358,1,2,1,21,8,17,55,12,6,1,1,55,2,58,41,58041,4,2015,"JN1BV7AR7FM4","J","N","1","B","V","7","A","R","7","F","M","4",0,0,0,"000000000","00000000000",0,0,0,1,0,0,0,0,0,0,0,30,0,0,0,12,6,2,12,0,0,0,1,55,53216,0,0,0,0,0,0,66,135,0,2,0,2,0,11,2015,7,2016,0,0,0,0,0,1,2,30,1,1,1,1,3,3,1,66,1,1,1,86,"777777777777","777777777777","777777777777",0,0
55,550358,2,2,2,21,8,17,55,12,6,1,0,55,1,37,32,37032,4,1993,"1HGCB7559PA1","1","H","G","C","B","7","5","5","9","P","A","1",0,0,0,"000000000","00000000000",0,0,0,1,0,0,0,0,0,0,0,30,0,0,0,2,6,2,12,0,0,0,1,55,53208,1,1,0,0,2,0,69,132,1,0,0,0,1,10,2015,5,2016,0,39,0,0,0,1,4,30,1,1,1,1,3,3,1,17,1,1,1,87,"777777777777","777777777777","777777777777",1,0
55,550359,1,1,1,3,9,21,0,42,0,1,0,55,2,12,481,12481,31,2000,"1FTSX31FXYEE","1","F","T","S","X","3","1","F","X","Y","E","E",0,0,0,"000000000","00000000000",0,0,0,1,0,0,0,0,0,0,0,60,0,0,0,12,6,2,42,0,0,0,1,55,54166,6,2,0,0,3,0,70,180,1,0,0,0,0,12,2014,12,2014,0,6,52,58,0,1,2,55,1,1,2,1,0,0,1,13,1,3,4,1,"777777777777","777777777777","777777777777",1,1
55,550360,1,1,3,3,9,22,49,30,0,1,0,55,2,14,4,14004,2,1995,"1MELM624XSH6","1","M","E","L","M","6","2","4","X","S","H","6",0,0,0,"000000000","00000000000",0,0,0,1,0,0,0,0,0,0,0,55,0,0,0,12,6,2,30,0,0,0,1,55,53204,0,0,0,0,0,0,71,180,0,4,0,1,1,5,2012,12,2015,3,36,0,0,0,2,2,30,1,1,2,1,4,3,1,6,1,9,4,2,"777777777777","777777777777","777777777777",1,1
55,550361,1,1,2,5,9,7,55,34,0,1,0,17,1,35,47,35047,4,2003,"1N4AL11DX3C1","1","N","4","A","L","1","1","D","X","3","C","1",0,0,0,"000000000","00000000000",0,0,0,1,0,0,0,0,0,0,0,65,0,1,5,12,6,2,1,0,0,0,1,17,60440,9,9,99,9,9,9,999,999,99,99,99,99,99,99,9999,99,9999,0,99,99,99,99,1,2,55,1,1,2,2,0,0,1,13,1,1,4,1,"777777777777","777777777777","777777777777",1,0
55,550362,1,1,1,5,9,13,58,34,0,1,0,55,1,37,706,37706,80,2005,"JH2RC50305M1","J","H","2","R","C","5","0","3","0","5","M","1",0,0,0,"000000000","00000000000",0,0,0,1,0,0,0,0,0,0,0,999,0,0,0,12,4,3,34,0,0,0,1,55,53204,6,1,0,0,3,0,69,230,0,0,0,0,0,0,0,0,0,9,52,0,0,0,1,2,45,3,6,2,1,0,0,14,13,1,9,4,1,"777777777777","777777777777","777777777777",1,0
55,550363,1,1,1,4,9,15,3,34,0,1,0,55,2,52,37,52037,3,2001,"4A3AC54H81E1","4","A","3","A","C","5","4","H","8","1","E","1",0,0,0,"000000000","00000000000",0,0,0,1,0,0,0,0,0,0,0,999,0,1,1,12,6,2,1,0,0,0,1,55,53014,6,1,6,0,3,0,67,178,1,0,0,0,1,7,2015,9,2015,3,6,8,36,0,1,2,55,1,1,2,1,0,0,6,8,8,4,4,7,"777777777777","777777777777","777777777777",1,1
55,550364,1,3,1,8,9,16,56,12,2,1,0,55,1,7,482,7482,31,2001,"3B7HC13Y31G2","3","B","7","H","C","1","3","Y","3","1","G","2",0,0,0,"000000000","00000000000",0,0,0,1,0,0,0,0,0,0,0,998,0,0,0,12,4,3,12,0,0,0,1,55,53153,6,1,0,0,3,3,68,130,0,0,0,0,0,0,0,0,0,5,51,0,0,0,1,2,55,1,1,1,1,0,0,1,13,99,9,6,52,"777777777777","777777777777","777777777777",0,1
55,550364,2,3,1,8,9,16,56,12,2,1,0,55,1,73,705,73705,80,2005,"JKAEXVD135A0","J","K","A","E","X","V","D","1","3","5","A","0",0,0,0,"000000000","00000000000",0,0,0,1,0,0,0,0,0,0,0,55,0,0,0,12,6,2,12,0,0,0,1,55,53545,6,1,0,0,3,0,72,185,0,0,0,0,0,0,0,0,0,0,0,0,0,0,1,2,55,1,1,1,1,0,0,1,64,99,9,1,52,"777777777777","777777777777","777777777777",1,0
55,550364,3,3,1,8,9,16,56,12,2,1,0,55,1,20,39,20039,4,2009,"KL1TD56E79B3","K","L","1","T","D","5","6","E","7","9","B","3",0,0,0,"000000000","00000000000",0,0,0,1,0,0,0,0,0,0,0,998,0,0,0,12,2,5,12,0,0,0,1,55,53119,6,1,0,0,3,3,72,195,0,0,0,0,0,0,0,0,0,0,0,0,0,0,1,2,55,1,1,1,1,0,0,98,98,7,1,4,98,"777777777777","777777777777","777777777777",0,0
55,550365,1,1,1,9,9,7,25,8,0,1,0,55,1,23,402,23402,14,2010,"2CTALBEWXA62","2","C","T","A","L","B","E","W","X","A","6","2",0,0,0,"000000000","00000000000",0,0,0,1,0,0,0,0,0,0,0,22,0,0,0,62,2,5,8,0,0,0,1,55,53215,6,1,0,0,3,0,68,175,1,0,0,2,0,5,2013,10,2013,0,38,0,0,0,1,4,30,1,1,1,1,2,3,11,80,1,1,1,13,"777777777777","777777777777","777777777777",0,0
55,550366,1,1,1,10,9,12,13,34,0,1,0,55,1,49,402,49402,14,2011,"2T3DF4DV5BW1","2","T","3","D","F","4","D","V","5","B","W","1",0,0,0,"000000000","00000000000",0,0,0,1,0,0,0,0,0,0,0,60,0,1,5,12,6,2,1,0,0,0,1,55,54494,6,1,0,0,3,3,63,175,0,0,0,0,0,0,0,0,0,3,99,99,99,99,1,2,55,1,1,2,2,0,0,1,12,1,1,4,6,"777777777777","777777777777","777777777777",1,0
55,550367,1,1,1,11,9,17,56,32,0,1,0,55,1,20,473,20473,30,2006,"1GCDT1963682","1","G","C","D","T","1","9","6","3","6","8","2",0,0,0,"000000000","00000000000",0,0,0,1,0,0,0,0,0,0,0,50,0,0,0,12,6,2,32,0,0,0,1,55,54241,6,1,0,0,3,3,71,190,1,0,0,0,1,7,2013,8,2013,0,28,0,0,0,1,2,55,1,1,2,1,0,0,1,13,1,9,4,1,"777777777777","777777777777","777777777777",1,1
55,550368,1,1,1,11,9,18,48,1,0,1,0,55,1,72,706,72706,80,1994,"1HD1BJL43RY0","1","H","D","1","B","J","L","4","3","R","Y","0",0,0,0,"000000000","00000000000",0,0,0,1,0,0,0,0,0,0,0,998,0,0,0,0,4,3,1,0,0,0,1,55,54487,6,1,0,0,3,0,71,165,0,0,0,0,0,0,0,0,0,0,8,0,0,0,1,2,45,2,5,2,1,0,0,14,9,1,2,4,7,"777777777777","777777777777","777777777777",1,1
55,550369,1,1,1,5,9,99,99,1,0,1,0,55,2,20,481,20481,31,2001,"2GCEK19T7113","2","G","C","E","K","1","9","T","7","1","1","3",0,0,0,"000000000","00000000000",0,0,0,1,0,0,0,0,0,0,0,96,0,9,5,0,6,2,1,0,0,0,1,55,53532,6,1,0,0,3,3,73,160,0,0,0,1,0,7,2014,7,2014,3,36,0,0,0,2,2,65,1,1,1,1,0,0,1,9,1,3,4,2,"777777777777","777777777777","777777777777",1,0
55,550370,1,1,1,13,9,12,50,18,0,1,0,55,1,34,706,34706,80,2003,"WB10496A83ZJ","W","B","1","0","4","9","6","A","8","3","Z","J",0,0,0,"000000000","00000000000",0,0,0,1,0,0,0,0,0,0,0,55,0,0,0,12,6,2,20,0,0,0,1,55,53095,6,1,0,0,3,0,74,275,0,0,0,1,0,5,2014,5,2014,0,40,0,0,0,3,4,55,3,5,1,2,98,3,1,98,1,1,2,12,"777777777777","777777777777","777777777777",1,0
55,550371,1,1,4,11,9,1,14,33,0,1,0,55,2,20,401,20401,14,2004,"1GNDT13S5424","1","G","N","D","T","1","3","S","5","4","2","4",0,0,0,"000000000","00000000000",0,0,0,1,0,0,0,0,0,0,0,55,0,1,5,99,6,2,1,0,0,0,1,55,53225,0,0,0,0,0,0,74,170,0,1,0,1,1,7,2015,6,2016,4,8,51,39,0,1,2,30,2,1,2,1,40,3,14,6,9,3,4,7,"777777777777","777777777777","777777777777",2,1
55,550372,1,2,1,14,9,15,16,12,2,1,0,55,1,20,405,20405,14,2014,"3GNAL2EK8ES5","3","G","N","A","L","2","E","K","8","E","S","5",0,0,0,"000000000","00000000000",0,0,0,1,0,0,0,0,0,0,0,55,0,0,0,12,6,2,12,0,0,0,1,55,54558,6,1,0,0,3,0,67,210,0,0,0,0,0,0,0,0,0,0,51,0,0,0,1,2,55,1,1,2,1,0,0,1,10,1,9,2,50,"777777777777","777777777777","777777777777",1,0
55,550372,2,2,2,14,9,15,16,12,2,1,0,55,1,14,6,14006,4,2006,"2MEHM75V36X6","2","M","E","H","M","7","5","V","3","6","X","6",0,0,0,"000000000","00000000000",0,0,0,1,0,0,0,0,0,0,0,55,0,0,0,12,6,2,12,0,0,0,1,55,54521,6,1,0,0,3,3,70,173,0,0,0,0,0,0,0,0,0,0,0,0,0,0,1,2,55,1,1,2,1,0,0,1,62,1,9,1,51,"777777777777","777777777777","777777777777",2,0
55,550373,1,2,1,14,9,18,46,12,2,1,0,55,1,12,481,12481,40,2005,"1FTWW33P55EC","1","F","T","W","W","3","3","P","5","5","E","C",0,0,88,"888888888","88888888888",2,1,97,1,0,0,0,0,0,0,0,10,0,0,0,12,6,2,12,0,0,0,1,55,54451,6,1,0,0,3,0,70,170,0,0,0,0,0,0,0,0,0,0,38,0,0,0,1,2,55,1,1,2,1,0,0,11,15,1,1,1,68,"777777777777","777777777777","777777777777",0,0
55,550373,2,2,1,14,9,18,46,12,2,1,0,92,0,73,705,73705,80,1981,"JKAKZFC12BA0","J","K","A","K","Z","F","C","1","2","B","A","0",0,0,0,"000000000","00000000000",0,0,0,1,0,0,0,0,0,0,0,999,0,0,0,12,6,2,12,0,0,0,1,55,54451,2,1,0,0,2,0,76,176,0,2,2,0,0,1,2012,10,2014,0,89,0,0,0,1,2,55,1,1,2,1,0,0,1,62,1,1,1,69,"777777777777","777777777777","777777777777",1,0
55,550374,1,1,1,14,9,20,11,8,0,1,0,55,1,20,421,20421,15,1996,"1GNEK13R5TJ3","1","G","N","E","K","1","3","R","5","T","J","3",0,0,0,"000000000","00000000000",0,0,0,1,0,0,0,0,0,0,0,55,0,0,0,12,4,3,8,0,0,0,1,17,60164,6,1,0,0,3,0,68,180,0,0,0,0,4,12,2013,3,2016,0,0,0,0,0,1,2,55,1,1,1,1,0,0,1,80,1,1,1,13,"777777777777","777777777777","777777777777",0,0
55,550375,1,1,33,6,9,15,29,8,0,1,0,55,3,94,982,94982,50,2005,"1T88S4C1X511","1","T","8","8","S","4","C","1","X","5","1","1",0,0,57,"275996","57275996",3,21,22,1,0,0,0,0,1,2,0,15,0,0,0,12,0,9,8,0,0,0,1,55,54915,6,1,6,1,3,3,72,170,1,0,0,0,0,1,2015,1,2015,0,38,0,0,0,1,4,25,1,1,1,1,2,3,11,80,1,1,1,13,"777777777777","777777777777","777777777777",0,0
55,550376,1,2,1,14,9,8,8,12,6,1,0,55,3,38,882,38882,61,2006,"JALE5B166679","J","A","L","E","5","B","1","6","6","6","7","9",0,0,57,"1985441","571985441",2,1,1,1,0,0,0,0,0,0,0,998,0,0,0,83,2,5,12,0,0,0,1,55,54722,6,1,0,0,3,1,70,225,0,0,0,0,2,8,2015,6,2016,0,0,0,0,0,0,0,0,0,0,0,0,0,0,13,20,1,1,7,92,"777777777777","777777777777","777777777777",0,0
55,550376,2,2,1,14,9,8,8,12,6,1,0,55,1,72,706,72706,80,2003,"1HD1FCW133Y6","1","H","D","1","F","C","W","1","3","3","Y","6",0,0,0,"000000000","00000000000",0,0,0,1,0,0,0,0,0,0,0,45,0,0,0,12,6,2,12,0,0,0,1,55,54701,6,1,0,0,3,3,73,240,1,0,0,0,0,6,2013,6,2013,4,0,0,0,0,1,2,35,1,3,2,1,50,3,1,73,16,2,1,93,"777777777777","777777777777","777777777777",1,0
55,550377,1,1,1,16,9,11,17,18,0,1,0,55,2,12,401,12401,14,1998,"1FMZU34E0WZA","1","F","M","Z","U","3","4","E","0","W","Z","A",0,0,0,"000000000","00000000000",0,0,0,1,0,0,0,0,0,0,0,70,0,9,4,12,6,2,1,0,0,0,1,55,53027,2,1,0,0,2,0,73,185,1,2,1,0,5,4,2015,9,2016,0,27,58,0,0,2,2,60,1,1,2,1,0,0,1,52,6,3,4,2,"777777777777","777777777777","777777777777",1,1
55,550378,1,1,2,1,10,21,2,8,0,1,0,55,1,51,43,51043,6,2008,"YV4BZ9822810","Y","V","4","B","Z","9","8","2","2","8","1","0",0,0,0,"000000000","00000000000",0,0,0,1,0,0,0,0,0,0,0,45,0,0,0,1,6,2,8,0,0,0,1,55,54806,6,1,0,0,3,0,70,180,0,0,0,1,0,4,2015,4,2015,0,0,0,0,0,1,2,55,1,1,2,1,0,0,1,80,1,1,1,13,"777777777777","777777777777","777777777777",0,0
55,550379,1,2,1,3,10,8,16,12,6,1,0,55,3,87,884,87884,66,2007,"1XP5D40XX7N6","1","X","P","5","D","4","0","X","X","7","N","6",1,1,57,"453251","57453251",3,6,3,1,0,0,0,0,0,0,0,30,0,0,0,12,6,2,12,0,0,0,1,55,54130,6,1,6,0,3,1,70,157,0,0,0,0,0,0,0,0,0,0,0,0,0,0,1,2,30,1,1,2,1,0,0,1,66,1,1,1,88,"888888888888","777777777777","777777777777",0,0
55,550379,2,2,2,3,10,8,16,12,6,1,0,12,4,20,25,20025,4,2015,"1G1PC5SBXF71","1","G","1","P","C","5","S","B","X","F","7","1",0,0,0,"000000000","00000000000",0,0,0,1,0,0,0,0,0,0,0,998,0,0,0,9,6,2,12,0,0,0,1,6,92114,6,1,0,0,3,0,74,280,0,0,0,0,0,0,0,0,0,0,38,39,0,0,1,2,35,1,1,2,1,20,3,1,17,7,1,1,89,"777777777777","777777777777","777777777777",1,0
55,550380,1,2,1,6,10,14,17,12,2,1,0,55,1,30,42,30042,5,2002,"9BWGP61J4240","9","B","W","G","P","6","1","J","4","2","4","0",0,0,0,"000000000","00000000000",0,0,0,1,0,0,0,0,0,0,0,998,0,0,0,12,6,2,12,0,0,0,1,55,53534,6,1,6,0,3,3,68,190,0,0,0,0,0,0,0,0,0,0,28,0,0,0,1,2,55,2,1,2,1,0,0,14,10,99,1,2,50,"777777777777","777777777777","777777777777",1,1
55,550380,2,2,1,6,10,14,17,12,2,1,0,55,1,55,35,55035,4,2010,"KMHDU4AD5AU0","K","M","H","D","U","4","A","D","5","A","U","0",0,0,0,"000000000","00000000000",0,0,0,1,0,0,0,0,0,0,0,998,0,0,0,12,6,2,12,0,0,0,1,55,53545,6,1,0,0,3,0,76,300,0,0,0,0,0,0,0,0,0,0,0,0,0,0,1,2,55,3,1,2,1,0,0,14,62,9,1,1,51,"777777777777","777777777777","777777777777",0,0
55,550381,1,2,1,3,10,21,50,12,6,1,0,0,0,21,2,21002,4,1993,"1G3HN53L8P18","1","G","3","H","N","5","3","L","8","P","1","8",0,0,0,"000000000","00000000000",0,0,0,1,0,0,0,0,0,0,0,30,0,0,0,98,6,2,12,0,0,0,1,55,53209,1,1,0,0,2,0,71,200,0,3,0,0,3,1,2013,10,2014,0,38,0,0,0,1,4,30,1,1,2,1,0,0,11,15,99,1,1,68,"777777777777","777777777777","777777777777",1,0
55,550381,2,2,1,3,10,21,50,12,6,1,0,55,2,20,481,20481,31,2000,"1GCEK19T6YE2","1","G","C","E","K","1","9","T","6","Y","E","2",0,0,0,"000000000","00000000000",0,0,0,1,0,0,0,0,0,0,0,30,0,0,0,98,6,2,12,0,0,0,1,55,53209,6,1,6,0,3,0,70,230,0,0,0,0,2,6,2013,8,2014,0,99,99,99,99,1,4,30,1,1,2,1,0,0,1,62,99,1,1,69,"777777777777","777777777777","777777777777",0,0
55,550382,1,2,1,4,10,11,41,12,7,1,0,17,3,87,884,87884,66,2016,"1NPXGGGGX0D3","1","N","P","X","G","G","G","G","X","0","D","3",1,1,57,"1298345","571298345",3,6,97,1,0,0,0,0,0,0,0,998,0,0,0,1,6,2,12,0,0,0,1,55,53585,6,1,6,0,3,0,69,165,0,0,0,0,0,0,0,0,0,0,0,0,0,0,1,2,55,1,5,2,1,0,0,1,72,6,1,2,83,"888888888888","777777777777","777777777777",0,0
55,550382,2,2,2,4,10,11,41,12,7,1,0,55,1,6,441,6441,20,2003,"2C8GP64L63R1","2","C","8","G","P","6","4","L","6","3","R","1",0,0,0,"000000000","00000000000",0,0,0,1,0,0,0,0,0,0,0,20,0,0,0,62,6,2,12,0,0,0,1,55,53566,6,1,6,0,3,3,67,160,0,0,0,0,1,1,2012,1,2012,0,38,0,0,0,0,0,0,0,0,0,0,0,0,11,15,1,1,7,82,"777777777777","777777777777","777777777777",1,0
55,550383,1,2,1,7,10,4,30,12,2,1,0,55,1,12,481,12481,31,2013,"1FTFX1EF3DKG","1","F","T","F","X","1","E","F","3","D","K","G",0,0,0,"000000000","00000000000",0,0,0,1,0,0,0,0,0,0,0,60,0,0,0,12,6,2,12,0,0,0,1,18,53190,6,1,0,0,3,3,72,130,0,2,0,3,0,4,2014,9,2016,0,28,0,0,0,1,2,55,2,1,2,2,0,0,14,10,1,1,2,50,"777777777777","777777777777","777777777777",1,0
55,550383,2,2,1,7,10,4,30,12,2,1,0,55,3,84,884,84884,66,1997,"2HSFBAER3VC0","2","H","S","F","B","A","E","R","3","V","C","0",1,1,77,"777777777","77777777777",3,6,1,1,0,0,0,0,0,0,0,58,0,0,0,12,6,2,12,0,0,0,1,55,53121,6,1,6,9,3,3,79,275,0,0,0,0,0,0,0,0,0,0,0,0,0,0,1,2,55,3,1,2,2,0,0,14,62,6,2,1,51,"1UYVS25396U7","777777777777","777777777777",0,0
55,550384,1,1,2,16,9,20,40,44,0,1,0,27,1,72,706,72706,80,2004,"1HD1PJE324Y9","1","H","D","1","P","J","E","3","2","4","Y","9",0,0,0,"000000000","00000000000",0,0,0,1,0,0,0,0,0,0,0,55,0,0,0,0,6,2,1,0,0,0,1,27,55943,6,1,0,0,3,0,72,190,0,0,0,1,0,5,2016,5,2016,4,82,0,0,0,3,2,55,2,1,1,1,0,0,14,5,16,3,4,0,"777777777777","777777777777","777777777777",1,0
55,550385,1,2,1,7,10,22,50,12,2,1,0,55,1,12,471,12471,30,1990,"1FTCR10AXLPB","1","F","T","C","R","1","0","A","X","L","P","B",0,0,0,"000000000","00000000000",0,0,0,1,0,0,0,0,0,0,0,65,0,0,0,12,6,2,12,0,0,0,1,55,53563,6,1,0,0,3,0,69,220,1,4,1,1,5,6,2012,7,2016,0,51,0,0,0,2,2,65,1,1,2,1,0,0,1,54,99,9,1,52,"777777777777","777777777777","777777777777",1,1
55,550385,2,2,2,7,10,22,50,12,2,1,0,55,2,35,47,35047,4,2003,"1N4AL11D83C1","1","N","4","A","L","1","1","D","8","3","C","1",0,0,0,"000000000","00000000000",0,0,0,1,0,0,0,0,0,0,0,65,0,0,0,12,6,2,12,0,0,0,1,55,53538,6,2,0,0,3,1,61,140,0,0,0,0,0,0,0,0,0,0,84,0,0,0,2,2,65,1,1,2,1,0,0,1,54,9,2,1,52,"777777777777","777777777777","777777777777",1,0
55,550386,1,2,3,17,9,10,6,12,2,1,0,55,1,7,442,7442,20,2010,"2D4RN3D1XAR4","2","D","4","R","N","3","D","1","X","A","R","4",0,0,0,"000000000","00000000000",0,0,0,1,0,0,0,0,0,0,0,10,0,0,0,12,6,2,12,0,0,0,1,55,53901,6,1,0,0,3,3,64,145,3,0,0,0,1,7,2013,8,2015,0,38,0,0,0,1,2,98,1,1,2,1,20,3,11,15,1,1,1,80,"777777777777","777777777777","777777777777",0,0
55,550386,2,2,1,17,9,10,6,12,2,1,0,55,1,72,706,72706,80,2010,"1HD1FB411AB6","1","H","D","1","F","B","4","1","1","A","B","6",0,0,0,"000000000","00000000000",0,0,0,1,0,0,0,0,0,0,0,999,0,0,0,12,6,2,12,0,0,0,1,55,53562,6,1,0,0,3,3,76,230,0,0,0,0,0,0,0,0,0,0,0,0,0,0,1,2,55,1,2,2,1,0,0,1,67,16,2,1,81,"777777777777","777777777777","777777777777",1,0
55,550387,1,2,1,8,10,1,41,12,2,1,0,55,1,18,2,18002,4,1998,"1G4HP52K5WH4","1","G","4","H","P","5","2","K","5","W","H","4",0,0,0,"000000000","00000000000",0,0,0,1,0,0,0,0,0,0,0,60,0,0,0,12,6,2,12,0,0,0,1,55,53713,1,1,0,0,2,0,68,167,0,0,0,0,0,0,0,0,0,0,51,0,0,0,2,4,55,1,2,2,1,0,0,1,54,1,1,1,52,"777777777777","777777777777","777777777777",1,1
55,550387,2,2,1,8,10,1,41,12,2,1,0,18,4,82,881,82881,66,2014,"3AKBGDDV6ESF","3","A","K","B","G","D","D","V","6","E","S","F",1,3,57,"57375","5757375",3,6,1,1,0,0,0,0,0,0,0,55,0,0,0,12,6,2,12,0,0,0,1,17,60140,6,1,6,1,3,3,70,210,1,0,0,0,0,2,2015,2,2015,0,0,0,0,0,2,4,55,1,2,2,1,0,0,1,54,1,1,1,52,"16RAA9626GB7","777777777777","777777777777",0,0
55,550388,1,2,1,17,9,11,50,12,6,1,0,55,1,18,441,18441,20,2006,"5GADV33L36D1","5","G","A","D","V","3","3","L","3","6","D","1",0,0,0,"000000000","00000000000",0,0,0,1,0,0,0,0,0,0,0,998,0,0,0,63,2,3,12,0,0,0,1,55,53024,6,1,0,0,3,3,72,190,0,0,0,1,0,1,2015,1,2015,0,38,0,0,0,0,0,0,0,0,0,0,0,0,11,15,99,1,7,82,"777777777777","777777777777","777777777777",0,0
55,550388,2,2,1,17,9,11,50,12,6,1,0,55,1,72,706,72706,80,2000,"1HD1GEV18YY3","1","H","D","1","G","E","V","1","8","Y","Y","3",0,0,0,"000000000","00000000000",0,0,0,1,0,0,0,0,0,0,0,55,0,0,0,12,2,3,12,0,0,0,1,55,53080,6,1,0,0,3,3,72,220,0,0,0,0,0,0,0,0,0,0,0,0,0,0,1,2,55,3,6,2,1,0,0,14,72,16,2,1,83,"777777777777","777777777777","777777777777",1,0
55,550389,1,1,1,17,9,21,6,34,0,1,0,55,1,73,706,73706,80,1999,"JKBVNCB18XB5","J","K","B","V","N","C","B","1","8","X","B","5",0,0,0,"000000000","00000000000",0,0,0,1,0,0,0,0,0,0,0,55,0,0,0,12,6,2,42,0,0,0,1,55,53121,6,1,0,0,3,0,70,230,0,0,0,0,0,0,0,0,0,0,0,0,0,0,1,2,35,1,6,2,1,0,0,1,12,1,9,4,6,"777777777777","777777777777","777777777777",1,0