"STATE","ST_CASE","VEH_NO","VE_FORMS","NUMOCCS","DAY","MONTH","HOUR","MINUTE","HARM_EV","MAN_COLL","UNITTYPE","HIT_RUN","REG_STAT","OWNER","MAKE","MODEL","MAK_MOD","BODY_TYP","MOD_YEAR","VIN","VIN_1","VIN_2","VIN_3","VIN_4","VIN_5","VIN_6","VIN_7","VIN_8","VIN_9","VIN_10","VIN_11","VIN_12","TOW_VEH","J_KNIFE","MCARR_I1","MCARR_I2","MCARR_ID","GVWR","V_CONFIG","CARGO_BT","HAZ_INV","HAZ_PLAC","HAZ_ID","HAZ_CNO","HAZ_REL","BUS_USE","SPEC_USE","EMER_USE","TRAV_SP","UNDERIDE","ROLLOVER","ROLINLOC","IMPACT1","DEFORMED","TOWED","M_HARM","VEH_SC1","VEH_SC2","FIRE_EXP","DR_PRES","L_STATE","DR_ZIP","L_STATUS","L_TYPE","CDL_STAT","L_ENDORS","L_COMPL","L_RESTRI","DR_HGT","DR_WGT","PREV_ACC","PREV_SUS","PREV_DWI","PREV_SPD","PREV_OTH","FIRST_MO","FIRST_YR","LAST_MO","LAST_YR","SPEEDREL","DR_SF1","DR_SF2","DR_SF3","DR_SF4","VTRAFWAY","VNUM_LAN","VSPD_LIM","VALIGN","VPROFILE","VPAVETYP","VSURCOND","VTRAFCON","VTCONT_F","P_CRASH1","P_CRASH2","P_CRASH3","PCRASH4","PCRASH5","ACC_TYPE","TRLR1VIN","TRLR2VIN","TRLR3VIN","DEATHS","DR_DRINK"
55,550425,2,3,2,15,10,11,10,12,1,1,0,55,1,49,32,49032,4,2001,"2T1BR12E61C4","2","T","1","B","R","1","2","E","6","1","C","4",0,0,0,"000000000","00000000000",0,0,0,1,0,0,0,0,0,0,0,0,0,0,0,6,6,2,12,0,0,0,1,55,53223,6,1,0,0,3,3,60,106,0,0,0,0,0,0,0,0,0,0,0,0,0,0,1,4,30,1,2,1,1,3,3,5,53,1,1,1,21,"777777777777","777777777777","777777777777",1,0
55,550425,3,3,3,15,10,11,10,12,1,1,0,55,1,20,2,20002,4,2016,"2G1115S32G91","2","G","1","1","1","5","S","3","2","G","9","1",0,0,0,"000000000","00000000000",0,0,0,1,0,0,0,0,0,0,0,0,0,0,0,6,2,5,12,0,0,0,1,55,53208,6,1,0,0,3,3,64,180,1,0,0,1,0,9,2013,11,2014,0,0,0,0,0,1,4,30,1,2,1,1,3,3,5,53,1,1,1,98,"777777777777","777777777777","777777777777",0,0
55,550426,1,1,5,31,10,21,49,53,0,1,0,55,2,7,442,7442,20,2011,"2D4RN4DG7BR6","2","D","4","R","N","4","D","G","7","B","R","6",0,0,0,"000000000","00000000000",0,0,0,1,0,0,0,0,0,0,0,999,0,1,5,98,6,2,30,0,0,0,1,55,54165,6,2,0,0,3,2,69,156,0,0,0,0,0,0,0,0,0,0,28,74,0,0,1,2,45,1,1,2,1,0,0,1,12,99,3,4,7,"777777777777","777777777777","777777777777",1,0
55,550427,1,2,1,25,10,15,34,12,2,1,0,55,2,2,404,2404,14,1998,"1J4FJ68SXWL1","1","J","4","F","J","6","8","S","X","W","L","1",0,0,0,"000000000","00000000000",0,0,0,1,0,0,0,0,0,0,0,998,0,0,0,12,6,2,12,0,0,0,1,55,54494,2,1,0,0,2,0,65,140,0,3,2,1,4,8,2012,6,2016,0,28,0,0,0,1,2,55,2,1,2,1,0,0,14,10,99,1,2,50,"777777777777","777777777777","777777777777",0,1
55,550427,2,2,3,25,10,15,34,12,2,1,0,55,2,22,32,22032,6,2009,"5Y2SP67889Z4","5","Y","2","S","P","6","7","8","8","9","Z","4",0,0,0,"000000000","00000000000",0,0,0,1,0,0,0,0,0,0,0,55,0,0,0,12,6,2,12,0,0,0,1,55,53950,6,1,0,0,3,3,60,135,0,0,0,0,0,0,0,0,0,0,0,0,0,0,1,2,55,3,1,2,1,0,0,14,62,1,1,1,51,"777777777777","777777777777","777777777777",2,0
55,550428,1,1,1,29,10,12,3,35,0,1,0,55,1,63,401,63401,14,1999,"KNDJB7237X56","K","N","D","J","B","7","2","3","7","X","5","6",0,0,0,"000000000","00000000000",0,0,0,1,0,0,0,0,0,0,0,55,0,1,6,12,6,2,3,0,0,0,1,55,53105,6,1,0,0,3,0,73,220,0,0,0,0,0,0,0,0,0,3,39,0,0,0,1,2,45,1,1,2,1,20,3,1,14,1,1,4,14,"777777777777","777777777777","777777777777",1,1
55,550429,1,1,2,27,10,3,0,8,0,1,0,55,1,54,402,54402,14,2007,"5J8TB18527A0","5","J","8","T","B","1","8","5","2","7","A","0",0,0,0,"000000000","00000000000",0,0,0,1,0,0,0,0,0,0,0,998,0,0,0,12,6,2,8,0,0,0,1,55,53220,6,1,0,0,3,3,72,190,0,0,0,0,1,10,2012,10,2012,0,0,0,0,0,3,4,70,1,1,1,2,0,0,1,80,99,1,1,13,"777777777777","777777777777","777777777777",0,1
55,550430,1,1,1,30,10,7,27,1,0,1,0,55,2,24,2,24002,2,2002,"1G8ZR14782Z2","1","G","8","Z","R","1","4","7","8","2","Z","2",0,0,0,"000000000","00000000000",0,0,0,1,0,0,0,0,0,0,0,65,0,2,5,0,6,2,42,0,0,0,1,55,53115,1,2,0,0,2,0,72,270,0,3,2,1,2,8,2014,8,2016,4,51,33,0,0,1,2,55,1,3,2,2,0,0,6,54,8,4,4,8,"777777777777","777777777777","777777777777",1,1
55,550431,1,1,1,31,10,0,17,1,0,1,0,55,2,12,481,12481,31,2000,"2FTPX17L2YCA","2","F","T","P","X","1","7","L","2","Y","C","A",0,0,0,"000000000","00000000000",0,0,0,1,0,0,0,0,0,0,0,998,0,2,1,0,6,2,1,0,0,0,1,55,53944,6,1,0,0,3,0,68,165,0,0,0,0,0,0,0,0,0,0,58,0,0,0,1,2,55,1,1,2,1,0,0,1,13,6,4,6,98,"777777777777","777777777777","777777777777",1,1
55,550432,1,1,1,22,10,18,22,1,0,1,0,55,2,49,40,49040,4,1995,"4T1SK12E7SU5","4","T","1","S","K","1","2","E","7","S","U","5",0,0,0,"000000000","00000000000",0,0,0,1,0,0,0,0,0,0,0,999,0,9,5,0,6,2,1,0,0,0,1,55,54501,6,2,0,0,3,3,67,125,0,0,0,0,0,0,0,0,0,3,58,0,0,0,1,2,55,3,1,2,1,0,0,14,13,6,2,4,7,"777777777777","777777777777","777777777777",1,0
55,550433,1,1,2,31,10,14,31,32,0,1,0,55,1,49,40,49040,4,2017,"4T1BF1FK1HU6","4","T","1","B","F","1","F","K","1","H","U","6",0,0,0,"000000000","00000000000",0,0,0,1,0,0,0,0,0,0,0,50,0,1,5,12,6,2,32,0,0,0,1,55,53406,6,1,0,0,3,0,72,245,0,0,0,0,0,0,0,0,0,0,0,0,0,0,1,2,50,1,1,2,1,0,0,1,12,1,1,4,6,"777777777777","777777777777","777777777777",1,0
55,550434,1,1,1,21,10,15,22,1,0,1,0,55,1,21,401,21401,14,2004,"1GHDT13S7422","1","G","H","D","T","1","3","S","7","4","2","2",0,0,0,"000000000","00000000000",0,0,0,1,0,0,0,0,0,0,0,75,0,2,1,0,6,2,1,0,0,0,1,55,54003,6,2,0,0,3,1,69,170,0,0,0,0,0,0,0,0,0,0,84,0,0,0,2,2,65,1,2,1,1,0,0,1,61,8,3,6,98,"777777777777","777777777777","777777777777",1,0
55,550435,1,2,1,15,10,15,8,1,0,1,0,17,1,98,709,98709,89,2000,"1B9TBVC28YD2","1","B","9","T","B","V","C","2","8","Y","D","2",0,0,0,"000000000","00000000000",0,0,0,1,0,0,0,0,0,0,0,35,0,0,0,0,6,2,1,0,0,0,1,17,60050,6,1,0,0,3,0,69,265,0,0,0,0,0,0,0,0,0,9,52,0,0,0,1,2,35,3,6,2,1,0,0,14,8,1,2,1,98,"777777777777","777777777777","777777777777",1,0
55,550435,2,2,2,15,10,15,8,1,0,1,0,12,1,72,706,72706,80,2007,"1HD1FR4177Y6","1","H","D","1","F","R","4","1","7","7","Y","6",0,0,0,"000000000","00000000000",0,0,0,1,0,0,0,0,0,0,0,998,0,0,0,98,2,3,12,0,0,0,1,17,60050,6,1,0,0,3,0,69,145,0,0,0,0,0,0,0,0,0,9,0,0,0,0,1,2,35,3,3,2,1,0,0,14,52,99,1,1,98,"777777777777","777777777777","777777777777",0,1
55,550436,1,2,2,12,10,10,39,12,6,1,0,17,1,20,16,20016,2,2000,"1G1JC1249Y72","1","G","1","J","C","1","2","4","9","Y","7","2",0,0,0,"000000000","00000000000",0,0,0,1,0,0,0,0,0,0,0,0,0,0,0,81,6,2,12,0,0,0,1,55,53224,2,2,0,0,2,0,79,170,4,28,0,14,59,3,2012,10,2016,0,0,0,0,0,3,3,70,1,1,2,2,0,0,5,53,1,1,2,98,"777777777777","777777777777","777777777777",1,0
55,550436,2,2,1,12,10,10,39,12,6,1,0,55,1,2,404,2404,14,1997,"1J4GZ58S3VC6","1","J","4","G","Z","5","8","S","3","V","C","6",0,0,0,"000000000","00000000000",0,0,0,1,0,0,0,0,0,0,0,70,0,0,0,12,6,2,12,0,0,0,1,55,53225,6,1,0,0,3,0,68,220,1,0,0,0,0,10,2013,10,2013,4,81,0,0,0,3,3,70,1,1,2,2,0,0,1,50,16,1,1,98,"777777777777","777777777777","777777777777",0,0
55,550437,1,1,1,9,10,0,26,42,0,1,0,55,1,2,404,2404,14,2002,"1J8GW68J22C1","1","J","8","G","W","6","8","J","2","2","C","1",0,0,0,"000000000","00000000000",0,0,0,1,0,0,0,0,0,13,0,60,0,0,0,12,6,2,42,0,0,0,1,55,53144,6,1,0,0,3,0,70,170,0,0,0,0,0,0,0,0,0,3,6,39,0,0,1,2,55,3,1,1,1,28,3,14,6,6,4,4,2,"777777777777","777777777777","777777777777",1,1
55,550438,1,2,1,4,10,18,7,12,6,1,0,55,2,12,13,12013,2,1998,"3FALP1134WR1","3","F","A","L","P","1","1","3","4","W","R","1",0,0,0,"000000000","00000000000",0,0,0,1,0,0,0,0,0,0,0,55,0,0,0,9,6,2,12,0,0,0,1,55,53128,6,1,99,9,9,9,999,999,1,0,0,0,1,7,2012,3,2015,0,38,0,0,0,2,3,55,1,1,2,1,0,0,11,15,1,1,1,68,"777777777777","777777777777","777777777777",0,0
55,550438,2,2,1,4,10,18,7,12,6,1,0,55,1,2,403,2403,14,2005,"1J4FA49SX5P3","1","J","4","F","A","4","9","S","X","5","P","3",0,0,0,"000000000","00000000000",0,0,0,1,0,0,0,0,0,0,0,55,0,1,1,12,6,2,1,0,0,0,1,55,53181,6,1,0,0,3,3,72,200,0,0,0,0,0,0,0,0,0,0,0,0,0,0,2,2,55,1,1,2,1,0,0,1,62,99,1,1,69,"777777777777","777777777777","777777777777",1,0
55,550439,1,2,1,10,10,23,5,12,2,1,0,27,2,7,472,7472,31,1998,"1B7FL26X1WS6","1","B","7","F","L","2","6","X","1","W","S","6",0,0,0,"000000000","00000000000",0,0,0,1,0,0,0,0,0,0,0,85,0,1,1,12,6,2,12,0,0,1,1,27,55807,6,1,0,0,3,0,72,150,0,0,0,0,0,0,0,0,0,3,37,28,0,0,1,2,55,1,1,2,1,0,0,1,10,1,1,2,50,"777777777777","777777777777","777777777777",1,0
55,550439,2,2,1,10,10,23,5,12,2,1,0,55,2,2,404,2404,14,2014,"1C4PJMCS3EW2","1","C","4","P","J","M","C","S","3","E","W","2",0,0,0,"000000000","00000000000",0,0,0,1,0,0,0,0,0,0,0,53,0,0,0,12,6,2,12,0,0,0,1,55,54515,6,1,0,0,3,0,66,145,0,0,0,0,0,0,0,0,0,0,0,0,0,0,1,2,55,1,1,2,1,0,0,1,62,16,1,1,51,"777777777777","777777777777","777777777777",1,0
55,550440,1,1,2,9,10,3,34,8,0,1,0,55,1,7,20,7020,4,2005,"1B3ES56C15D2","1","B","3","E","S","5","6","C","1","5","D","2",0,0,0,"000000000","00000000000",0,0,0,1,0,0,0,0,0,0,0,998,0,0,0,12,6,2,8,0,0,0,1,55,53405,6,1,0,0,3,0,64,140,0,0,0,0,0,0,0,0,0,0,0,0,0,0,2,2,45,1,1,2,1,0,0,1,80,8,1,1,13,"777777777777","777777777777","777777777777",0,0
55,550441,1,2,1,9,10,4,47,12,2,1,0,55,1,24,1,24001,4,2001,"1G8ZH52881Z2","1","G","8","Z","H","5","2","8","8","1","Z","2",0,0,0,"000000000","00000000000",0,0,0,1,0,0,0,0,0,0,0,70,0,0,0,12,6,2,12,0,0,0,1,55,54624,6,2,0,0,3,0,67,195,0,0,0,0,0,0,0,0,0,3,28,0,0,0,1,2,55,1,1,2,1,0,0,1,10,1,1,2,50,"777777777777","777777777777","777777777777",1,0
55,550441,2,2,1,9,10,4,47,12,2,1,0,17,2,49,46,49046,5,2009,"JTDKB20U8935","J","T","D","K","B","2","0","U","8","9","3","5",0,0,0,"000000000","00000000000",0,0,0,1,0,0,0,0,0,0,0,63,0,0,0,12,6,2,12,0,0,0,1,55,53821,6,1,0,0,3,3,71,195,0,0,0,0,0,0,0,0,0,0,0,0,0,0,1,2,55,1,1,2,1,0,0,1,62,7,1,1,51,"777777777777","777777777777","777777777777",0,0
55,550442,1,1,1,21,10,22,17,34,0,1,0,55,1,55,35,55035,4,1999,"KMHJF25F7XU8","K","M","H","J","F","2","5","F","7","X","U","8",0,0,0,"000000000","00000000000",0,0,0,1,0,0,0,0,0,0,0,999,0,1,5,98,6,2,1,0,0,0,1,55,54981,1,1,0,0,2,0,65,175,0,6,0,2,7,2,2013,5,2016,3,37,28,0,0,1,2,55,3,1,2,1,0,0,14,6,99,2,4,7,"777777777777","777777777777","777777777777",1,0
55,550443,1,1,1,1,11,21,13,53,0,1,0,55,1,72,706,72706,80,2009,"1HD1JD5119Y0","1","H","D","1","J","D","5","1","1","9","Y","0",0,0,0,"000000000","00000000000",0,0,0,1,0,0,0,0,0,0,0,55,0,0,0,12,6,2,42,0,0,0,1,55,53402,6,1,0,0,3,0,69,170,1,0,0,0,1,7,2014,8,2014,0,0,0,0,0,1,2,55,3,1,2,1,0,0,14,13,1,9,4,1,"777777777777","777777777777","777777777777",1,0
55,550444,1,3,1,1,11,7,1,12,2,1,0,55,1,55,33,55033,4,2011,"5NPEC4AB1BH2","5","N","P","E","C","4","A","B","1","B","H","2",0,0,0,"000000000","00000000000",0,0,0,1,0,0,0,0,0,0,0,30,0,0,0,12,6,2,12,0,0,0,1,55,53216,6,1,8,0,3,0,66,171,2,0,0,0,0,12,2013,5,2014,0,51,0,0,0,1,4,30,1,1,2,2,0,0,1,10,1,1,2,50,"777777777777","777777777777","777777777777",1,0
55,550444,2,3,1,1,11,7,1,12,2,1,0,55,2,12,401,12401,14,2002,"1FMZU73EX2ZB","1","F","M","Z","U","7","3","E","X","2","Z","B",0,0,0,"000000000","00000000000",0,0,0,1,0,0,0,0,0,0,0,30,0,0,0,12,6,2,12,0,0,0,1,55,53216,6,1,6,0,3,3,65,170,1,0,0,0,0,2,2013,2,2013,0,0,0,0,0,1,4,30,1,1,2,2,0,0,1,62,16,1,1,51,"777777777777","777777777777","777777777777",0,0
55,550444,3,3,2,1,11,7,1,12,2,1,0,55,2,14,401,14401,14,2007,"4M2EU48E27UJ","4","M","2","E","U","4","8","E","2","7","U","J",0,0,0,"000000000","00000000000",0,0,0,1,0,0,0,0,0,0,0,30,0,0,0,12,6,2,12,0,0,0,1,55,53216,6,1,0,0,3,3,69,146,0,0,0,0,0,0,0,0,0,0,0,0,0,0,1,4,30,1,1,2,2,0,0,1,98,16,2,1,98,"777777777777","777777777777","777777777777",0,0
55,550445,1,1,1,2,11,6,43,8,0,1,0,55,3,90,982,90982,50,2006,"1BABHCKA76F2","1","B","A","B","H","C","K","A","7","6","F","2",0,0,57,"100115","57100115",3,21,22,1,0,0,0,0,1,2,0,30,0,0,0,12,0,5,8,0,0,0,1,55,53172,6,1,6,1,3,3,68,216,0,0,0,0,0,0,0,0,0,0,38,0,0,0,1,4,30,1,1,2,2,2,3,11,80,1,1,1,13,"777777777777","777777777777","777777777777",0,0
55,550446,1,3,1,2,11,22,23,12,2,1,0,55,1,37,421,37421,15,2006,"5FNYF28436B0","5","F","N","Y","F","2","8","4","3","6","B","0",0,0,0,"000000000","00000000000",0,0,0,1,0,0,0,0,0,0,0,70,0,0,0,12,6,2,12,0,0,0,1,55,53597,6,1,0,0,3,3,68,135,2,0,0,2,1,2,2013,10,2015,0,6,36,51,0,2,2,70,1,1,2,1,0,0,1,54,1,1,1,52,"777777777777","777777777777","777777777777",0,0
55,550446,2,3,4,2,11,22,23,12,2,1,0,55,1,35,43,35043,4,2000,"3N1CB51D2YL3","3","N","1","C","B","5","1","D","2","Y","L","3",0,0,0,"000000000","00000000000",0,0,0,1,0,0,0,0,0,0,0,70,0,1,3,12,6,2,12,0,0,0,1,55,53211,6,1,0,0,3,0,76,220,1,0,0,0,0,12,2012,12,2012,0,0,0,0,0,2,2,70,1,1,2,1,0,0,1,54,1,1,1,52,"777777777777","777777777777","777777777777",3,0
55,550446,3,3,1,2,11,22,23,12,2,1,0,55,2,49,32,49032,4,2005,"1NXBR30EX5Z3","1","N","X","B","R","3","0","E","X","5","Z","3",0,0,0,"000000000","00000000000",0,0,0,1,0,0,0,0,0,0,0,70,0,0,0,13,6,2,12,0,0,0,1,17,60062,6,1,0,0,3,0,72,170,0,0,0,0,3,4,2015,9,2016,0,0,0,0,0,2,2,70,1,1,2,1,0,0,1,98,1,1,1,98,"777777777777","777777777777","777777777777",1,0
55,550447,1,1,1,2,11,23,35,35,0,1,0,55,1,2,407,2407,14,2016,"1C4NJPBB2GD6","1","C","4","N","J","P","B","B","2","G","D","6",0,0,0,"000000000","00000000000",0,0,0,1,0,0,0,0,0,0,0,70,0,1,5,12,6,2,1,0,0,0,1,55,54126,6,1,0,0,3,0,72,175,2,1,1,0,1,5,2013,7,2016,0,28,0,0,0,1,2,55,1,1,2,1,0,0,1,13,1,9,4,1,"777777777777","777777777777","777777777777",1,1
55,550448,1,1,1,3,11,7,27,42,0,1,0,55,2,20,481,20481,31,2001,"2GCEK19T2111","2","G","C","E","K","1","9","T","2","1","1","1",0,0,0,"000000000","00000000000",0,0,0,1,0,0,0,0,0,0,0,999,0,0,0,12,6,2,42,0,0,0,1,55,54521,2,1,0,0,2,0,70,276,1,2,2,0,0,7,2014,5,2015,3,0,0,0,0,1,2,45,3,1,2,1,0,0,1,14,99,9,4,14,"777777777777","777777777777","777777777777",1,0
55,550449,1,1,3,3,11,16,25,34,0,1,0,55,2,23,421,23421,15,1999,"1GKEK13R0XJ7","1","G","K","E","K","1","3","R","0","X","J","7",0,0,0,"000000000","00000000000",0,0,0,1,0,0,0,0,0,0,0,65,0,0,0,99,6,2,42,0,0,0,1,55,53959,1,1,0,0,2,0,72,210,0,0,0,0,0,0,0,0,0,3,28,51,58,0,1,2,45,3,1,2,1,0,0,14,6,7,3,4,2,"777777777777","777777777777","777777777777",1,1
55,550450,1,1,1,3,11,20,53,1,0,1,0,55,1,72,706,72706,80,2013,"1HD1KBM16DB6","1","H","D","1","K","B","M","1","6","D","B","6",0,0,0,"000000000","00000000000",0,0,0,1,0,0,0,0,0,0,0,75,0,0,0,0,6,2,1,0,0,0,1,55,53006,6,1,0,0,3,0,73,220,2,0,0,2,3,2,2012,7,2014,3,6,28,51,27,1,2,55,2,1,2,1,98,9,6,6,11,9,4,7,"777777777777","777777777777","777777777777",1,0
55,550451,1,2,2,4,11,13,57,12,6,1,0,55,1,49,40,49040,4,2014,"4T1BD1FK2EU1","4","T","1","B","D","1","F","K","2","E","U","1",0,0,0,"000000000","00000000000",0,0,0,1,0,0,0,0,0,0,0,10,0,0,0,3,6,2,12,0,0,0,1,55,54952,6,1,0,0,3,0,66,160,0,0,0,0,0,0,0,0,0,0,6,39,0,0,1,2,55,1,1,2,1,20,3,1,17,1,1,1,87,"777777777777","777777777777","777777777777",2,0
55,550451,2,2,1,4,11,13,57,12,6,1,0,55,3,84,881,84881,63,2014,"1HTGSSJT5EH0","1","H","T","G","S","S","J","T","5","E","H","0",0,0,57,"99905","5799905",3,1,4,1,0,0,0,0,0,0,0,55,0,0,0,12,4,3,12,0,0,0,1,55,54947,6,1,6,0,3,0,70,165,0,0,0,0,0,0,0,0,0,0,0,0,0,0,1,2,55,1,1,2,1,0,0,1,66,1,1,1,86,"777777777777","777777777777","777777777777",0,0
55,550452,1,1,1,5,11,99,99,34,0,1,0,55,1,7,482,7482,31,2006,"1D7HU18296S6","1","D","7","H","U","1","8","2","9","6","S","6",0,0,0,"000000000","00000000000",0,0,0,1,0,0,0,0,0,0,0,55,0,1,5,99,6,2,3,0,0,0,1,55,53066,6,1,0,0,3,3,70,235,0,0,0,0,0,0,0,0,0,0,58,0,0,0,1,2,55,1,2,2,1,0,0,1,9,1,9,4,7,"777777777777","777777777777","777777777777",1,1
55,550453,1,2,1,5,11,12,57,12,2,1,0,55,1,37,402,37402,14,2009,"JHLRE48349C0","J","H","L","R","E","4","8","3","4","9","C","0",0,0,0,"000000000","00000000000",0,0,0,1,0,0,0,0,0,0,0,998,0,1,9,12,6,2,12,0,0,0,1,55,54720,6,1,0,0,3,3,66,150,0,0,0,0,0,0,0,0,0,0,28,51,0,0,1,2,55,2,1,2,1,0,0,14,10,1,1,2,50,"777777777777","777777777777","777777777777",0,0
55,550453,2,2,2,5,11,12,57,12,2,1,0,55,1,72,706,72706,80,2014,"1HD1KEL1XEB6","1","H","D","1","K","E","L","1","X","E","B","6",0,0,0,"000000000","00000000000",0,0,0,1,0,0,0,0,0,0,0,55,0,0,0,12,6,2,12,0,0,0,1,55,54773,6,1,6,0,3,0,69,225,0,0,0,0,0,0,0,0,0,0,0,0,0,0,1,2,55,3,1,2,1,0,0,14,62,1,9,1,51,"777777777777","777777777777","777777777777",2,0
55,550454,1,1,1,6,11,9,47,8,0,1,1,55,2,45,421,45421,15,2005,"WP1AB29P95LA","W","P","1","A","B","2","9","P","9","5","L","A",0,0,0,"000000000","00000000000",0,0,0,1,0,0,0,0,0,0,0,999,0,0,0,12,2,5,8,0,0,0,1,55,53223,1,1,0,0,2,0,68,150,0,2,0,3,0,12,2012,4,2016,0,0,0,0,0,1,2,25,1,1,2,1,0,0,1,80,99,1,1,13,"777777777777","777777777777","777777777777",0,0
55,550455,1,1,6,7,11,3,10,1,0,1,0,9,4,35,443,35443,20,2016,"JN8AE2KP5G91","J","N","8","A","E","2","K","P","5","G","9","1",0,0,0,"000000000","00000000000",0,0,0,1,0,0,0,0,0,0,0,70,0,2,5,0,6,2,1,0,0,0,1,36,11385,6,1,0,0,3,0,72,999,0,0,0,0,0,0,0,0,0,0,81,0,0,0,2,2,70,1,1,1,1,0,0,1,90,7,1,4,4,"777777777777","777777777777","777777777777",1,0
55,550456,1,1,1,7,11,15,4,11,0,1,0,55,1,72,706,72706,80,2003,"1HD1HAZ433K8","1","H","D","1","H","A","Z","4","3","3","K","8",0,0,0,"000000000","00000000000",0,0,0,1,0,0,0,0,0,0,0,55,0,0,0,12,4,3,11,0,0,0,1,55,53032,6,1,0,0,3,0,73,210,2,0,0,0,1,6,2013,8,2016,0,83,0,0,0,1,2,55,1,1,2,1,0,0,1,87,99,9,1,13,"777777777777","777777777777","777777777777",1,0
55,550457,1,2,1,4,11,18,40,1,0,1,0,55,1,53,706,53706,80,2009,"JS1VS56A3921","J","S","1","V","S","5","6","A","3","9","2","1",0,0,0,"000000000","00000000000",0,0,0,1,0,0,0,0,0,0,0,999,0,0,0,0,4,3,12,0,0,0,1,55,53188,6,1,0,0,3,0,74,250,1,0,0,0,1,6,2015,7,2015,3,36,0,0,0,1,2,35,1,6,2,1,0,0,2,65,16,2,1,98,"777777777777","777777777777","777777777777",1,0
55,550457,2,2,1,4,11,18,40,1,0,1,0,55,1,49,47,49047,6,2003,"2T1LR32E03C1","2","T","1","L","R","3","2","E","0","3","C","1",0,0,0,"000000000","00000000000",0,0,0,1,0,0,0,0,0,0,0,999,0,2,1,0,6,2,12,0,0,0,1,55,53186,6,1,0,0,3,3,69,165,0,0,0,0,0,0,0,0,0,0,38,58,0,0,1,2,35,1,1,2,1,20,3,3,15,11,4,2,98,"777777777777","777777777777","777777777777",0,0
55,550458,1,1,1,6,11,19,15,11,0,1,0,55,1,72,706,72706,80,2001,"1HD1FCW1X1Y6","1","H","D","1","F","C","W","1","X","1","Y","6",0,0,0,"000000000","00000000000",0,0,0,1,0,0,0,0,0,0,0,55,0,0,0,12,4,3,11,0,0,0,1,55,54914,6,1,0,0,3,0,70,200,0,0,0,0,0,0,0,0,0,0,83,0,0,0,1,2,55,1,1,2,1,0,0,1,87,16,9,1,13,"777777777777","777777777777","777777777777",1,1
55,550459,1,1,1,7,11,14,21,8,0,1,0,55,1,32,40,32040,4,2005,"WAUPL68E65A0","W","A","U","P","L","6","8","E","6","5","A","0",0,0,0,"000000000","00000000000",0,0,0,1,0,0,0,0,0,0,0,40,0,0,0,12,4,3,8,0,0,0,1,55,53220,1,1,0,0,2,0,66,178,0,1,0,5,1,3,2013,7,2016,0,38,0,0,0,2,2,30,1,1,1,1,0,0,1,80,1,9,1,13,"777777777777","777777777777","777777777777",0,0
55,550460,1,2,1,8,11,13,30,12,6,1,0,55,1,18,23,18023,4,2011,"1G4HJ5EM1BU1","1","G","4","H","J","5","E","M","1","B","U","1",0,0,0,"000000000","00000000000",0,0,0,1,0,0,0,0,0,0,0,5,0,0,0,3,6,2,12,0,0,0,1,55,53011,6,1,0,0,3,3,68,190,0,0,0,1,0,5,2014,5,2014,0,38,0,0,0,1,2,55,1,6,2,1,20,3,4,17,1,1,1,87,"777777777777","777777777777","777777777777",1,0
55,550460,2,2,1,8,11,13,30,12,6,1,0,55,3,12,881,12881,63,1995,"1FTYA95W3SVA","1","F","T","Y","A","9","5","W","3","S","V","A",0,0,57,"1080280","571080280",3,2,2,1,0,0,0,0,0,0,0,43,0,0,0,12,4,3,12,0,0,0,1,55,53015,6,1,6,1,3,3,70,215,0,0,0,0,1,7,2014,7,2014,0,0,0,0,0,1,2,55,1,6,2,1,0,0,1,66,16,1,1,86,"777777777777","777777777777","777777777777",0,0
55,550461,1,1,1,19,12,8,28,23,0,1,0,55,2,12,471,12471,30,2001,"1FTYR10U81PB","1","F","T","Y","R","1","0","U","8","1","P","B",0,0,0,"000000000","00000000000",0,0,0,1,0,0,0,0,0,0,0,40,0,1,5,12,6,2,1,0,0,0,1,55,53207,6,1,0,0,3,3,72,200,0,0,0,2,0,4,2012,5,2013,0,58,79,87,0,3,4,55,3,5,1,2,0,0,3,5,16,3,4,2,"777777777777","777777777777","777777777777",1,0
55,550462,1,1,1,1,11,12,1,15,0,1,0,55,1,18,2,18002,4,1998,"1G4HR52KXWH5","1","G","4","H","R","5","2","K","X","W","H","5",0,0,0,"000000000","00000000000",0,0,0,1,0,0,0,0,0,0,0,999,0,0,0,12,2,5,15,0,0,0,1,55,54220,6,1,0,0,3,3,62,215,0,0,0,0,0,0,0,0,0,0,38,0,0,0,1,4,25,1,1,1,1,2,3,11,83,1,1,1,13,"777777777777","777777777777","777777777777",0,0
55,550463,1,1,1,6,11,14,0,34,0,1,0,55,1,72,706,72706,80,2016,"1HD1FCM13GB6","1","H","D","1","F","C","M","1","3","G","B","6",0,0,0,"000000000","00000000000",0,0,0,1,0,0,0,0,0,0,0,999,0,0,0,99,4,3,34,0,0,0,1,55,54801,6,1,0,0,3,2,77,245,0,0,0,0,0,0,0,0,0,0,74,0,0,0,1,2,45,1,1,2,1,0,0,1,13,16,9,4,1,"777777777777","777777777777","777777777777",1,1
55,550464,1,1,1,9,11,18,3,35,0,1,0,55,2,20,481,20481,31,2000,"2GCEK19T4Y12","2","G","C","E","K","1","9","T","4","Y","1","2",0,0,0,"000000000","00000000000",0,0,0,1,0,0,0,0,0,0,0,55,0,0,0,12,6,2,35,0,0,0,1,55,53954,6,1,6,0,3,0,74,200,0,0,0,0,0,0,0,0,0,0,29,0,0,0,1,2,55,1,1,2,1,0,0,1,13,1,9,4,1,"777777777777","777777777777","777777777777",1,0