"STATE","ST_CASE","VEH_NO","VE_FORMS","NUMOCCS","DAY","MONTH","HOUR","MINUTE","HARM_EV","MAN_COLL","UNITTYPE","HIT_RUN","REG_STAT","OWNER","MAKE","MODEL","MAK_MOD","BODY_TYP","MOD_YEAR","VIN","VIN_1","VIN_2","VIN_3","VIN_4","VIN_5","VIN_6","VIN_7","VIN_8","VIN_9","VIN_10","VIN_11","VIN_12","TOW_VEH","J_KNIFE","MCARR_I1","MCARR_I2","MCARR_ID","GVWR","V_CONFIG","CARGO_BT","HAZ_INV","HAZ_PLAC","HAZ_ID","HAZ_CNO","HAZ_REL","BUS_USE","SPEC_USE","EMER_USE","TRAV_SP","UNDERIDE","ROLLOVER","ROLINLOC","IMPACT1","DEFORMED","TOWED","M_HARM","VEH_SC1","VEH_SC2","FIRE_EXP","DR_PRES","L_STATE","DR_ZIP","L_STATUS","L_TYPE","CDL_STAT","L_ENDORS","L_COMPL","L_RESTRI","DR_HGT","DR_WGT","PREV_ACC","PREV_SUS","PREV_DWI","PREV_SPD","PREV_OTH","FIRST_MO","FIRST_YR","LAST_MO","LAST_YR","SPEEDREL","DR_SF1","DR_SF2","DR_SF3","DR_SF4","VTRAFWAY","VNUM_LAN","VSPD_LIM","VALIGN","VPROFILE","VPAVETYP","VSURCOND","VTRAFCON","VTCONT_F","P_CRASH1","P_CRASH2","P_CRASH3","PCRASH4","PCRASH5","ACC_TYPE","TRLR1VIN","TRLR2VIN","TRLR3VIN","DEATHS","DR_DRINK"
56,560066,1,2,1,5,8,22,49,1,0,1,0,56,1,73,706,73706,80,2006,"JKBZXNA126A0","J","K","B","Z","X","N","A","1","2","6","A","0",0,0,0,"000000000","00000000000",0,0,0,1,0,0,0,0,0,0,0,55,0,0,0,0,6,2,1,0,0,0,1,56,82604,1,1,0,0,2,3,70,200,2,1,1,2,0,11,2014,6,2016,3,36,0,0,0,5,5,40,1,1,2,1,0,0,99,13,99,9,4,5,"777777777777","777777777777","777777777777",1,1
56,560066,2,2,3,5,8,22,49,1,0,1,0,56,2,7,482,7482,31,2010,"1D7RV1CP6AS1","1","D","7","R","V","1","C","P","6","A","S","1",0,0,0,"000000000","00000000000",0,0,0,1,0,0,0,0,0,0,0,0,0,0,0,8,6,2,12,0,0,0,1,56,82604,6,1,6,0,3,3,67,350,1,0,0,1,1,12,2012,3,2013,0,0,0,0,0,0,0,0,0,0,0,0,0,0,5,68,1,1,1,98,"777777777777","777777777777","777777777777",0,0
56,560067,1,1,1,24,8,12,25,1,0,1,0,8,1,12,402,12402,14,2005,"1FMYU93165KA","1","F","M","Y","U","9","3","1","6","5","K","A",0,0,0,"000000000","00000000000",0,0,0,1,0,0,0,0,0,0,0,77,0,1,3,0,6,2,1,0,0,0,1,8,80104,6,2,0,0,3,3,74,168,0,0,0,0,1,9,2015,9,2015,0,58,0,0,0,2,2,75,1,1,2,1,0,0,1,12,6,4,4,7,"777777777777","777777777777","777777777777",1,0
56,560068,1,2,1,24,8,20,10,12,1,1,0,56,1,49,40,49040,2,2004,"4T1CE30P04U7","4","T","1","C","E","3","0","P","0","4","U","7",0,0,0,"000000000","00000000000",0,0,0,1,0,0,0,0,0,0,0,100,0,1,1,12,6,2,1,0,0,0,1,56,82009,6,1,0,0,3,0,64,150,0,0,0,0,0,0,0,0,0,3,0,0,0,0,3,2,75,1,1,2,1,0,0,1,51,99,1,1,24,"777777777777","777777777777","777777777777",1,1
56,560068,2,2,2,24,8,20,10,12,1,1,0,8,1,2,404,2404,14,2016,"1C4PJMBS9GW2","1","C","4","P","J","M","B","S","9","G","W","2",0,0,0,"000000000","00000000000",0,0,0,1,0,0,0,0,0,0,0,75,0,1,5,6,6,2,1,0,0,0,1,56,82009,6,1,0,0,3,3,72,180,0,0,0,0,0,0,0,0,0,0,0,0,0,0,3,2,75,1,1,2,1,0,0,1,53,99,1,1,25,"777777777777","777777777777","777777777777",0,0
56,560069,1,1,1,27,8,16,39,58,0,1,0,30,1,72,706,72706,80,2014,"1HD1KRM19EB6","1","H","D","1","K","R","M","1","9","E","B","6",0,0,0,"000000000","00000000000",0,0,0,1,0,0,0,0,0,0,0,70,0,0,0,12,6,2,59,0,0,0,1,30,59011,6,1,0,0,3,0,999,999,98,0,0,2,3,5,2012,10,2014,0,0,0,0,0,1,2,70,3,1,2,1,0,0,14,13,99,1,4,1,"777777777777","777777777777","777777777777",1,1
56,560070,1,5,1,24,8,15,0,12,1,1,0,56,2,12,481,12481,31,2007,"1FTRX14W07FA","1","F","T","R","X","1","4","W","0","7","F","A",0,0,0,"000000000","00000000000",0,0,0,1,0,0,0,0,0,0,0,70,0,0,0,12,6,2,12,0,0,0,1,56,82637,6,1,0,0,3,0,65,140,2,0,0,0,0,4,2013,6,2016,0,41,0,0,0,1,2,70,1,5,2,1,40,3,1,50,99,1,1,20,"777777777777","777777777777","777777777777",0,0
56,560070,2,5,1,24,8,15,0,12,1,1,0,56,2,18,22,18022,4,2005,"2G4WD5329513","2","G","4","W","D","5","3","2","9","5","1","3",0,0,0,"000000000","00000000000",0,0,0,1,0,0,0,0,0,0,0,0,1,0,0,6,6,2,12,0,0,0,1,56,82637,6,1,0,0,3,3,63,150,0,0,0,0,0,0,0,0,0,0,0,0,0,0,1,2,70,1,5,2,1,40,3,5,53,1,1,1,21,"777777777777","777777777777","777777777777",1,0
56,560070,3,5,2,24,8,15,0,12,1,1,0,56,2,12,17,12017,4,2006,"1FAFP56U16A2","1","F","A","F","P","5","6","U","1","6","A","2",0,0,0,"000000000","00000000000",0,0,0,1,0,0,0,0,0,0,0,0,0,0,0,6,6,2,12,0,0,0,1,56,82637,6,1,0,0,3,0,66,180,1,0,0,0,2,6,2014,11,2014,0,91,0,0,0,1,2,70,1,5,2,1,40,3,5,50,1,1,1,98,"777777777777","777777777777","777777777777",0,0
56,560070,4,5,1,24,8,15,0,12,1,1,0,56,2,20,421,20421,15,1997,"1GNDT13W8V21","1","G","N","D","T","1","3","W","8","V","2","1",0,0,0,"000000000","00000000000",0,0,0,1,0,0,0,0,0,0,0,0,0,0,0,6,6,2,12,0,0,0,1,56,82637,6,1,0,0,3,0,72,174,0,0,0,2,2,12,2011,10,2013,0,0,0,0,0,1,2,70,1,5,2,1,40,3,5,50,1,1,1,98,"777777777777","777777777777","777777777777",0,0
56,560070,5,5,2,24,8,15,0,12,1,1,0,56,1,37,32,37032,4,2009,"1HGCP36899A0","1","H","G","C","P","3","6","8","9","9","A","0",0,0,0,"000000000","00000000000",0,0,0,1,0,0,0,0,0,0,0,0,0,0,0,6,2,5,12,0,0,0,1,56,82633,6,1,0,0,3,3,70,180,0,0,0,0,0,0,0,0,0,0,0,0,0,0,1,2,70,1,5,2,1,40,3,5,50,1,1,1,98,"777777777777","777777777777","777777777777",0,0
56,560071,1,2,1,23,8,12,24,12,6,1,0,42,1,12,471,12471,30,2003,"1FTZR45E43TA","1","F","T","Z","R","4","5","E","4","3","T","A",0,0,0,"000000000","00000000000",0,0,0,1,0,0,0,0,0,0,0,999,0,0,0,12,6,2,12,0,0,0,1,56,82190,6,1,0,0,3,0,69,160,0,0,0,0,0,0,0,0,0,0,0,0,0,0,5,5,45,1,1,2,1,0,0,1,73,99,1,1,91,"777777777777","777777777777","777777777777",0,0
56,560071,2,2,2,23,8,12,24,12,6,1,0,56,1,49,402,49402,14,2011,"2T3DK4DV6BW0","2","T","3","D","K","4","D","V","6","B","W","0",0,0,0,"000000000","00000000000",0,0,0,1,0,0,0,0,0,0,0,999,0,0,0,9,6,2,12,0,0,0,1,56,82431,6,1,0,0,3,3,58,129,0,0,0,1,0,12,2014,12,2014,0,38,0,0,0,5,5,45,1,1,2,1,20,3,1,66,99,1,1,91,"777777777777","777777777777","777777777777",2,0
56,560072,1,1,1,2,9,2,0,1,0,1,0,56,3,20,481,20481,31,2006,"1GCHK23U86F1","1","G","C","H","K","2","3","U","8","6","F","1",0,0,0,"000000000","00000000000",0,0,0,1,0,0,0,0,0,0,0,70,0,1,5,0,6,2,1,0,0,0,1,56,82831,6,1,0,0,3,3,66,145,0,0,0,3,2,4,2015,3,2016,0,58,0,0,0,1,2,70,1,1,2,1,0,0,1,13,6,4,4,7,"777777777777","777777777777","777777777777",1,1
56,560073,1,2,1,6,9,21,25,18,0,1,0,8,1,72,706,72706,82,1979,"7G47381H9","7","G","4","7","3","8","1","H","9","","","",0,0,0,"000000000","00000000000",0,0,0,1,0,0,0,0,0,0,0,65,0,0,0,99,6,2,12,44,0,0,1,56,82801,6,1,0,0,2,3,67,150,0,0,0,0,1,1,2014,1,2014,0,0,0,0,0,1,2,65,1,1,1,1,98,3,1,10,1,1,2,15,"777777777777","777777777777","777777777777",1,0
56,560073,2,2,3,6,9,21,25,18,0,1,0,6,3,12,422,12422,15,2015,"1FMJK1JT7FEF","1","F","M","J","K","1","J","T","7","F","E","F",0,0,0,"000000000","00000000000",0,0,0,1,0,0,0,0,0,0,0,65,0,0,0,12,6,2,12,0,0,0,1,56,82414,6,1,0,0,3,0,76,250,1,0,0,0,0,4,2013,4,2013,0,0,0,0,0,1,2,65,1,1,1,1,98,3,1,62,99,1,1,98,"777777777777","777777777777","777777777777",0,0
56,560074,1,1,2,11,9,16,40,31,0,1,0,37,1,23,481,23481,31,2014,"3GTU2VEC0EG4","3","G","T","U","2","V","E","C","0","E","G","4",1,1,0,"000000000","00000000000",0,0,0,1,0,0,0,0,0,0,0,72,0,0,0,12,6,2,34,0,0,0,1,37,28904,6,1,0,0,3,0,73,999,0,0,0,0,0,0,0,0,0,0,0,0,0,0,3,2,80,1,6,2,1,0,0,1,8,1,1,4,1,"888888888888","777777777777","777777777777",1,0
56,560075,1,1,3,14,9,12,0,1,0,1,0,56,2,18,401,18401,14,2004,"3G5DA03E94S5","3","G","5","D","A","0","3","E","9","4","S","5",0,0,0,"000000000","00000000000",0,0,0,1,0,0,0,0,0,0,0,70,0,1,1,0,6,2,1,0,0,0,1,56,82604,6,1,0,0,3,3,66,235,1,0,0,1,0,12,2011,6,2016,0,58,0,0,0,1,2,70,1,1,2,1,0,0,1,13,7,3,2,98,"777777777777","777777777777","777777777777",1,0
56,560076,1,1,1,13,9,20,49,8,0,1,0,56,3,20,461,20461,21,2002,"1GNFG15R1211","1","G","N","F","G","1","5","R","1","2","1","1",0,0,0,"000000000","00000000000",0,0,0,1,0,0,0,0,0,0,0,35,0,0,0,12,4,5,8,0,0,0,1,56,82007,6,1,0,0,3,0,74,235,0,0,0,0,0,0,0,0,0,0,0,0,0,0,1,2,40,1,1,2,1,0,0,1,80,1,1,1,13,"777777777777","777777777777","777777777777",0,0
56,560077,1,1,1,18,9,17,20,1,0,1,0,30,2,37,706,37706,80,2003,"1HFSC46083A1","1","H","F","S","C","4","6","0","8","3","A","1",0,0,0,"000000000","00000000000",0,0,0,1,0,0,0,0,0,0,0,85,0,0,0,0,6,2,1,0,0,0,1,30,59401,2,1,0,0,2,0,999,999,98,0,0,0,0,0,0,0,0,0,0,0,0,0,1,2,70,2,6,2,1,0,0,14,13,1,2,4,2,"777777777777","777777777777","777777777777",1,1
56,560078,1,2,2,21,9,14,0,12,1,1,0,48,3,85,881,85881,66,2016,"1XKYD49X7GJ4","1","X","K","Y","D","4","9","X","7","G","J","4",1,1,57,"000079466","57000079466",3,6,1,1,0,0,0,0,0,0,0,25,0,0,0,6,0,3,12,0,0,0,1,40,74804,6,1,6,0,3,3,73,305,0,0,0,1,0,9,2012,9,2012,0,0,0,0,0,3,2,75,1,1,2,1,0,0,1,53,1,1,1,25,"888888888888","777777777777","777777777777",0,0
56,560078,2,2,1,21,9,14,0,12,1,1,0,56,2,73,706,73706,80,2008,"JKAVN2D168A0","J","K","A","V","N","2","D","1","6","8","A","0",0,0,0,"000000000","00000000000",0,0,0,1,0,0,0,0,0,0,0,70,0,0,0,12,6,2,12,0,0,0,1,56,82072,6,1,0,0,3,0,74,240,0,0,0,0,0,0,0,0,0,0,26,0,0,0,3,2,75,1,1,2,1,0,0,1,51,16,2,1,24,"777777777777","777777777777","777777777777",1,0
56,560079,1,2,1,22,9,21,28,12,2,1,0,56,1,20,25,20025,4,2014,"1G1PG5SB0E74","1","G","1","P","G","5","S","B","0","E","7","4",0,0,0,"000000000","00000000000",0,0,0,1,0,0,0,0,0,0,0,82,0,0,0,12,6,2,12,0,0,0,1,56,82801,6,1,0,0,3,3,66,210,2,1,1,0,0,2,2014,11,2015,0,36,50,0,0,3,2,75,1,6,2,2,0,0,1,54,99,1,1,52,"777777777777","777777777777","777777777777",1,1
56,560079,2,2,1,22,9,21,28,12,2,1,0,56,3,7,24,7024,4,2016,"2C3CDXKT1GH1","2","C","3","C","D","X","K","T","1","G","H","1",0,0,0,"000000000","00000000000",0,0,0,1,0,0,0,0,0,5,2,68,0,1,3,12,6,2,12,0,0,0,1,56,82801,6,1,0,0,3,3,70,190,5,0,0,0,0,9,2012,11,2014,0,0,0,0,0,3,2,75,1,6,2,2,0,0,1,54,6,1,1,52,"777777777777","777777777777","777777777777",0,0
56,560080,1,1,1,29,9,4,20,34,0,1,0,16,1,2,404,2404,14,2014,"1C4PJMCBXEW1","1","C","4","P","J","M","C","B","X","E","W","1",0,0,0,"000000000","00000000000",0,0,0,1,0,0,0,0,0,0,0,999,0,1,5,10,6,2,34,0,0,0,1,16,83201,6,1,0,0,3,0,72,195,0,0,0,0,0,0,0,0,0,0,58,0,0,0,3,2,75,1,1,2,1,0,0,1,12,7,2,4,2,"777777777777","777777777777","777777777777",1,1
56,560081,1,2,1,29,9,9,45,12,8,1,0,56,2,30,40,30040,4,2001,"3VWPD69M11M2","3","V","W","P","D","6","9","M","1","1","M","2",0,0,0,"000000000","00000000000",0,0,0,1,0,0,0,0,0,0,0,70,1,0,0,61,6,2,12,0,0,0,1,56,82637,6,1,0,0,3,0,71,175,1,0,0,0,0,12,2011,12,2011,0,28,0,0,0,1,2,70,1,1,2,1,0,0,1,54,99,9,2,64,"777777777777","777777777777","777777777777",1,0
56,560081,2,2,2,29,9,9,45,12,8,1,0,56,1,7,482,7482,31,2013,"1C6RR7GT8DS6","1","C","6","R","R","7","G","T","8","D","S","6",0,0,0,"000000000","00000000000",0,0,0,1,0,0,0,0,0,0,0,50,0,1,1,61,6,2,12,0,0,0,1,56,82637,6,1,0,0,3,3,74,226,0,0,0,0,0,0,0,0,0,0,0,0,0,0,1,2,70,1,1,2,1,0,0,1,62,7,2,1,65,"777777777777","777777777777","777777777777",0,0
56,560082,1,1,1,21,9,15,5,38,0,1,0,56,1,35,471,35471,30,1988,"1N6HD11Y7JC3","1","N","6","H","D","1","1","Y","7","J","C","3",0,0,0,"000000000","00000000000",0,0,0,1,0,0,0,0,0,0,0,105,0,1,5,98,6,2,1,0,0,0,1,56,82053,6,1,0,0,3,0,67,140,1,0,0,1,0,2,2015,4,2015,3,0,0,0,0,1,2,55,1,5,2,1,0,0,1,13,6,2,5,7,"777777777777","777777777777","777777777777",1,0
56,560083,1,3,1,3,10,9,35,12,6,1,0,55,3,51,881,51881,66,2006,"4V4NC9TH26N4","4","V","4","N","C","9","T","H","2","6","N","4",1,1,57,"000313251","57000313251",3,6,1,1,0,0,0,0,0,0,0,999,0,0,0,12,6,2,12,0,0,0,1,55,54652,6,1,6,0,3,0,72,160,3,0,0,2,0,1,2015,6,2016,0,0,0,0,0,1,2,30,1,1,2,2,3,3,1,66,99,1,1,83,"888888888888","777777777777","777777777777",0,0
56,560083,2,3,1,3,10,9,35,12,6,1,0,56,2,6,51,6051,4,2002,"2C3AE66GX2H1","2","C","3","A","E","6","6","G","X","2","H","1",0,0,0,"000000000","00000000000",0,0,0,1,0,0,0,0,0,0,0,999,0,0,0,9,6,2,12,0,0,0,1,56,82935,6,2,0,0,3,1,68,150,1,0,0,0,0,1,2016,1,2016,0,39,0,0,0,1,2,30,1,1,2,2,3,3,11,66,99,1,1,82,"777777777777","777777777777","777777777777",1,0
56,560083,3,3,1,3,10,9,35,12,6,1,0,49,3,12,461,12461,21,2001,"1FTNS24LX1HB","1","F","T","N","S","2","4","L","X","1","H","B",0,0,0,"000000000","00000000000",0,0,0,1,0,0,0,0,0,0,0,0,0,0,0,10,2,5,12,0,0,0,1,49,84088,6,1,0,0,3,3,69,171,98,0,0,0,0,0,0,0,0,0,0,0,0,0,1,2,30,1,1,2,2,3,3,5,62,1,1,1,98,"777777777777","777777777777","777777777777",0,0
56,560084,1,1,1,4,10,5,8,1,0,1,0,56,1,12,481,12481,31,2009,"1FTWW31R69EA","1","F","T","W","W","3","1","R","6","9","E","A",0,0,0,"000000000","00000000000",0,0,0,1,0,0,0,0,0,0,0,75,0,1,3,0,6,2,1,0,0,0,1,56,82073,6,1,0,0,3,0,76,200,0,0,0,2,1,3,2014,7,2014,0,36,0,0,0,3,2,75,1,4,2,1,0,0,1,12,6,4,4,7,"777777777777","777777777777","777777777777",1,1
56,560085,1,1,1,8,10,16,0,1,0,1,0,56,1,7,498,7498,14,1979,"W14JE9S21703","W","1","4","J","E","9","S","2","1","7","0","3",1,2,0,"000000000","00000000000",0,0,0,1,0,0,0,0,0,0,0,999,0,1,5,0,6,2,1,0,0,0,1,56,82643,6,1,6,0,3,3,68,130,0,0,0,3,1,10,2011,2,2014,0,0,0,0,0,1,2,70,3,6,2,1,0,0,14,13,99,2,4,2,"19F63A4R6M10","777777777777","777777777777",1,1
56,560086,1,1,1,9,10,2,34,1,0,1,0,56,2,9,442,9442,20,1996,"2P4FP2531TR8","2","P","4","F","P","2","5","3","1","T","R","8",0,0,0,"000000000","00000000000",0,0,0,1,0,0,0,0,0,0,0,95,0,1,5,0,6,2,1,0,0,0,1,56,83110,6,1,0,0,3,0,66,160,1,1,1,1,0,5,2014,8,2014,3,0,0,0,0,1,2,65,3,6,2,1,0,0,14,9,99,2,4,2,"777777777777","777777777777","777777777777",1,1
56,560087,1,1,1,3,10,16,45,31,0,1,0,56,3,49,472,49472,30,1997,"4TAWN72N7VZ3","4","T","A","W","N","7","2","N","7","V","Z","3",0,0,0,"000000000","00000000000",0,0,0,1,0,0,0,0,0,0,0,65,0,1,5,98,6,2,1,0,0,0,1,56,82639,6,1,0,0,3,0,72,180,0,0,0,0,0,0,0,0,0,0,58,0,0,0,1,2,65,1,5,2,1,0,0,1,13,99,1,4,1,"777777777777","777777777777","777777777777",1,1
56,560088,1,1,1,23,10,14,32,1,0,1,0,56,1,72,706,72706,80,1997,"1HD1GHL15VY3","1","H","D","1","G","H","L","1","5","V","Y","3",0,0,0,"000000000","00000000000",0,0,0,1,0,0,0,0,0,0,0,65,0,0,0,0,9,3,1,0,0,0,1,56,82501,6,1,0,0,2,0,70,140,0,0,0,0,0,0,0,0,0,0,26,0,0,0,1,2,55,1,1,2,1,0,0,1,52,16,2,1,98,"777777777777","777777777777","777777777777",1,1
56,560089,1,2,1,29,10,17,0,12,2,1,0,56,0,37,706,37706,80,1974,"CB5501225997","C","B","5","5","0","1","2","2","5","9","9","7",0,0,0,"000000000","00000000000",0,0,0,1,0,0,0,0,0,0,0,40,0,0,0,12,6,2,12,0,0,0,1,56,82520,6,1,0,0,3,3,72,190,1,0,0,1,0,6,2014,8,2015,4,28,0,0,0,1,2,40,2,3,2,1,0,0,14,10,99,2,2,50,"777777777777","777777777777","777777777777",1,1
56,560089,2,2,1,29,10,17,0,12,2,1,0,56,1,20,481,20481,31,2000,"1GCHK34J3YR1","1","G","C","H","K","3","4","J","3","Y","R","1",0,0,0,"000000000","00000000000",0,0,0,1,0,0,0,0,0,0,0,35,0,0,0,12,4,3,12,0,0,0,1,56,82520,6,1,6,0,3,0,73,220,1,0,0,1,1,8,2013,9,2016,0,0,0,0,0,1,2,40,3,3,2,1,0,0,14,62,99,2,1,51,"777777777777","777777777777","777777777777",0,0
56,560090,1,1,1,10,11,6,22,8,0,1,0,56,1,12,471,12471,30,1995,"1FTCR14A2SPA","1","F","T","C","R","1","4","A","2","S","P","A",0,0,0,"000000000","00000000000",0,0,0,1,0,0,0,0,0,0,0,30,0,0,0,12,0,3,8,0,0,0,1,56,82501,6,1,0,0,3,0,72,175,0,0,0,1,1,12,2013,2,2014,0,99,99,99,99,2,4,30,1,1,2,4,2,3,1,80,99,1,1,13,"777777777777","777777777777","777777777777",0,0
56,560091,1,1,1,3,11,19,0,1,0,1,0,92,0,37,734,37734,90,9999,"999999999999","9","9","9","9","9","9","9","9","9","9","9","9",0,0,0,"000000000","00000000000",0,0,0,1,0,0,0,0,0,0,0,20,0,2,5,0,4,3,42,0,0,0,1,56,82727,6,1,6,0,3,3,67,160,0,0,0,0,0,0,0,0,0,4,0,0,0,0,1,2,20,3,6,5,1,0,0,14,13,6,2,4,2,"777777777777","777777777777","777777777777",1,1
56,560092,1,2,1,10,11,23,4,12,2,1,0,31,3,85,881,85881,66,2007,"3WKADB9X57F1","3","W","K","A","D","B","9","X","5","7","F","1",1,1,57,"000288779","57000288779",3,6,8,1,0,0,0,0,0,0,0,70,0,0,0,12,6,2,12,0,0,1,1,40,73110,6,1,6,0,3,0,72,200,0,0,0,1,0,12,2013,12,2013,9,36,28,0,0,1,2,70,3,3,2,1,0,0,14,54,9,1,2,50,"888888888888","777777777777","777777777777",0,0
56,560092,2,2,4,10,11,23,4,12,2,1,0,49,1,20,444,20444,20,2005,"1GNDV23LX5D2","1","G","N","D","V","2","3","L","X","5","D","2",0,0,0,"000000000","00000000000",0,0,0,1,0,0,0,0,0,0,0,65,0,0,0,12,6,2,12,0,0,0,1,49,84094,6,1,0,0,3,0,69,190,98,0,0,1,1,4,2014,11,2014,0,0,0,0,0,1,2,70,2,3,2,1,0,0,14,62,1,1,1,51,"777777777777","777777777777","777777777777",2,0
56,560093,1,1,2,20,11,18,32,1,0,1,0,56,2,20,403,20403,14,2004,"1GNET16S2461","1","G","N","E","T","1","6","S","2","4","6","1",0,0,0,"000000000","00000000000",0,0,0,1,0,0,0,0,0,0,0,93,0,1,5,0,6,2,1,0,0,0,1,56,82639,6,2,0,0,3,2,68,225,0,0,0,0,0,0,0,0,0,4,58,73,0,0,1,2,55,2,1,2,1,0,0,14,13,6,4,4,7,"777777777777","777777777777","777777777777",1,0
56,560094,1,2,4,24,11,18,18,12,6,1,0,8,2,12,17,12017,4,2006,"1FAFP56U36A2","1","F","A","F","P","5","6","U","3","6","A","2",0,0,0,"000000000","00000000000",0,0,0,1,0,0,0,0,0,0,0,10,0,0,0,8,6,2,12,0,0,0,1,8,80123,6,2,0,0,3,0,63,120,0,0,0,0,0,0,0,0,0,0,38,0,0,0,6,2,75,1,1,1,1,20,3,11,66,99,1,1,82,"777777777777","777777777777","777777777777",1,0
56,560094,2,2,1,24,11,18,18,12,6,1,0,56,1,12,481,12481,31,2009,"1FTPW14V39FA","1","F","T","P","W","1","4","V","3","9","F","A",0,0,0,"000000000","00000000000",0,0,0,1,0,0,0,0,0,0,0,45,0,0,0,12,6,2,12,0,0,0,1,56,82009,6,1,6,0,3,0,65,300,1,0,0,1,2,7,2014,8,2014,0,0,0,0,0,2,4,45,1,1,1,1,0,0,1,67,99,1,1,83,"777777777777","777777777777","777777777777",0,0
56,560095,1,2,3,26,11,0,16,12,6,1,0,56,1,6,441,6441,20,2010,"2A4RR5D11AR2","2","A","4","R","R","5","D","1","1","A","R","2",0,0,0,"000000000","00000000000",0,0,0,1,0,0,0,0,0,0,0,40,0,0,0,11,6,2,12,0,0,0,1,56,82510,6,1,0,0,3,0,68,240,0,0,0,0,0,0,0,0,0,0,0,0,0,0,1,2,55,1,1,2,1,0,0,1,66,99,1,1,89,"777777777777","777777777777","777777777777",2,0
56,560095,2,2,4,26,11,0,16,12,6,1,0,56,2,20,481,20481,31,2003,"1GCEK19T73E2","1","G","C","E","K","1","9","T","7","3","E","2",0,0,0,"000000000","00000000000",0,0,0,1,0,0,0,0,0,0,0,70,0,1,6,12,6,2,1,0,0,1,9,0,99997,7,6,97,7,6,7,998,997,998,998,998,998,998,98,9998,98,9998,8,38,39,36,0,1,2,55,1,1,2,1,20,3,0,66,0,0,0,88,"777777777777","777777777777","777777777777",1,0
56,560096,1,2,2,27,11,16,0,12,2,1,0,56,1,12,481,12481,31,1991,"1FTHX26G4MKA","1","F","T","H","X","2","6","G","4","M","K","A",0,0,0,"000000000","00000000000",0,0,0,1,0,0,0,0,0,0,0,50,0,0,0,12,6,2,12,0,0,0,1,47,37091,6,1,0,0,3,0,71,215,0,0,0,1,0,11,2012,11,2012,0,0,0,0,0,1,2,70,3,1,2,4,0,0,14,62,99,1,1,51,"777777777777","777777777777","777777777777",0,0
56,560096,2,2,3,27,11,16,0,12,2,1,0,56,2,63,33,63033,4,2006,"KNAFE1619652","K","N","A","F","E","1","6","1","9","6","5","2",0,0,0,"000000000","00000000000",0,0,0,1,0,0,0,0,0,0,0,70,0,0,0,12,6,2,12,0,0,0,1,56,82801,6,1,0,0,3,3,67,145,0,0,0,0,0,0,0,0,0,4,28,84,0,0,1,2,70,2,1,2,4,0,0,14,6,8,2,2,50,"777777777777","777777777777","777777777777",1,0
56,560097,1,2,3,19,11,9,5,12,2,1,0,6,4,41,51,41051,4,2016,"JM1BM1U75G13","J","M","1","B","M","1","U","7","5","G","1","3",0,0,0,"000000000","00000000000",0,0,0,1,0,0,0,0,0,0,0,65,0,0,0,12,6,2,12,0,0,0,1,6,93622,6,1,6,0,3,1,63,140,0,0,0,0,0,0,0,0,0,0,87,28,0,0,1,2,70,1,6,2,4,0,0,1,5,1,2,2,50,"777777777777","777777777777","777777777777",1,0
56,560097,2,2,1,19,11,9,5,12,2,1,0,56,1,12,481,12481,31,2000,"1FTSW31F0YED","1","F","T","S","W","3","1","F","0","Y","E","D",0,0,0,"000000000","00000000000",0,0,0,1,0,0,0,0,0,0,0,65,0,0,0,12,6,2,12,0,0,0,1,56,82225,6,1,0,0,3,0,74,200,0,0,0,0,0,0,0,0,0,0,0,0,0,0,1,2,70,1,5,2,4,0,0,1,62,15,1,1,51,"777777777777","777777777777","777777777777",0,0
56,560098,1,1,1,3,12,2,54,14,0,1,0,30,3,82,881,82881,66,2012,"1FUJGEBG8CSB","1","F","U","J","G","E","B","G","8","C","S","B",2,1,57,"000133956","57000133956",3,7,1,1,0,0,0,0,0,0,0,65,0,0,0,12,4,3,8,0,0,0,1,30,59105,6,1,6,0,3,0,999,999,98,0,0,0,0,0,0,0,0,0,0,0,0,0,3,2,80,1,1,2,1,0,0,1,50,99,1,1,15,"888888888888","888888888888","777777777777",0,0
56,560099,1,1,1,4,12,3,45,1,0,1,0,56,1,20,482,20482,31,2003,"3GNEK13T33G1","3","G","N","E","K","1","3","T","3","3","G","1",0,0,0,"000000000","00000000000",0,0,0,1,0,0,0,0,0,0,0,83,0,1,5,0,6,2,1,0,0,0,1,56,82301,6,1,0,0,3,0,75,285,0,1,1,0,1,2,2013,3,2013,3,58,0,0,0,3,2,55,2,5,2,3,0,0,14,9,7,3,4,2,"777777777777","777777777777","777777777777",1,0
56,560100,1,2,1,14,12,13,25,12,1,1,0,16,3,82,881,82881,66,2016,"1FUJGLDR7GLH","1","F","U","J","G","L","D","R","7","G","L","H",1,1,57,"000232878","57000232878",3,6,1,1,0,0,0,0,0,0,0,65,0,0,0,12,6,2,12,0,0,0,1,16,83442,6,1,6,0,3,0,68,200,0,0,0,0,0,0,0,0,0,0,36,0,0,0,3,2,80,1,1,1,1,0,0,1,51,1,1,1,28,"888888888888","777777777777","777777777777",0,0
56,560100,2,2,3,14,12,13,25,12,1,1,0,30,2,20,421,20421,15,1993,"1GNDT13W4P21","1","G","N","D","T","1","3","W","4","P","2","1",0,0,0,"000000000","00000000000",0,0,0,1,0,0,0,0,0,0,0,30,0,0,0,6,6,2,12,0,0,0,1,12,32043,6,1,0,0,3,0,68,999,0,1,0,0,0,8,2016,8,2016,0,0,0,0,0,3,2,80,1,1,1,1,0,0,2,53,99,1,1,29,"777777777777","777777777777","777777777777",1,0