"STATE","ST_CASE","VEH_NO","VE_FORMS","NUMOCCS","DAY","MONTH","HOUR","MINUTE","HARM_EV","MAN_COLL","UNITTYPE","HIT_RUN","REG_STAT","OWNER","MAKE","MODEL","MAK_MOD","BODY_TYP","MOD_YEAR","VIN","VIN_1","VIN_2","VIN_3","VIN_4","VIN_5","VIN_6","VIN_7","VIN_8","VIN_9","VIN_10","VIN_11","VIN_12","TOW_VEH","J_KNIFE","MCARR_I1","MCARR_I2","MCARR_ID","GVWR","V_CONFIG","CARGO_BT","HAZ_INV","HAZ_PLAC","HAZ_ID","HAZ_CNO","HAZ_REL","BUS_USE","SPEC_USE","EMER_USE","TRAV_SP","UNDERIDE","ROLLOVER","ROLINLOC","IMPACT1","DEFORMED","TOWED","M_HARM","VEH_SC1","VEH_SC2","FIRE_EXP","DR_PRES","L_STATE","DR_ZIP","L_STATUS","L_TYPE","CDL_STAT","L_ENDORS","L_COMPL","L_RESTRI","DR_HGT","DR_WGT","PREV_ACC","PREV_SUS","PREV_DWI","PREV_SPD","PREV_OTH","FIRST_MO","FIRST_YR","LAST_MO","LAST_YR","SPEEDREL","DR_SF1","DR_SF2","DR_SF3","DR_SF4","VTRAFWAY","VNUM_LAN","VSPD_LIM","VALIGN","VPROFILE","VPAVETYP","VSURCOND","VTRAFCON","VTCONT_F","P_CRASH1","P_CRASH2","P_CRASH3","PCRASH4","PCRASH5","ACC_TYPE","TRLR1VIN","TRLR2VIN","TRLR3VIN","DEATHS","DR_DRINK"
6,60043,1,1,2,23,1,18,11,33,0,1,0,6,1,37,31,37031,4,2014,"19XFB2F5XEE2","1","9","X","F","B","2","F","5","X","E","E","2",0,0,0,"000000000","00000000000",0,0,0,1,0,0,0,0,0,0,0,999,0,0,0,98,6,2,30,0,0,0,1,6,93012,6,1,0,0,3,0,60,125,0,0,0,0,0,0,0,0,0,4,0,0,0,0,6,3,65,1,5,1,1,3,3,11,13,1,1,4,1,"777777777777","777777777777","777777777777",1,0
6,60044,1,1,1,6,1,14,37,33,0,1,0,6,1,52,37,52037,3,2004,"4A3AC74H94E0","4","A","3","A","C","7","4","H","9","4","E","0",0,0,0,"000000000","00000000000",0,0,0,1,0,0,0,0,0,0,0,999,0,0,0,98,6,2,42,0,0,0,1,6,91789,6,1,0,0,3,3,72,245,0,0,0,0,0,0,0,0,0,4,0,0,0,0,1,4,35,2,1,2,2,0,0,14,6,99,2,4,2,"777777777777","777777777777","777777777777",1,0
6,60045,1,1,3,6,1,15,40,1,0,1,0,6,2,20,402,20402,14,1996,"2CNBJ1864T69","2","C","N","B","J","1","8","6","4","T","6","9",0,0,0,"000000000","00000000000",0,0,0,1,0,0,0,0,0,0,0,55,0,2,2,0,6,2,1,0,0,0,1,6,93635,6,1,0,0,3,0,66,160,0,0,0,0,0,0,0,0,0,0,0,0,0,0,1,2,55,1,1,2,2,0,0,1,8,99,2,4,98,"777777777777","777777777777","777777777777",1,0
6,60046,1,1,1,6,1,17,23,8,0,1,1,99,9,99,999,99999,99,9999,"999999999999","9","9","9","9","9","9","9","9","9","9","9","9",0,0,0,"000000000","00000000000",9,0,0,1,0,0,0,0,99,99,9,999,0,0,0,12,9,5,8,99,99,0,1,99,99999,9,9,99,9,9,9,999,999,99,99,99,99,99,99,9999,99,9999,4,99,99,99,99,1,7,35,1,1,8,2,3,3,1,80,99,9,1,13,"777777777777","777777777777","777777777777",0,0
6,60047,1,1,1,22,1,17,45,8,0,1,0,6,1,20,39,20039,4,2004,"KL1TJ62624B2","K","L","1","T","J","6","2","6","2","4","B","2",0,0,0,"000000000","00000000000",0,0,0,1,0,0,0,0,0,0,0,50,0,0,0,12,4,3,8,0,0,0,1,6,93307,6,1,0,0,3,0,65,165,0,0,0,0,0,0,0,0,0,0,0,0,0,0,1,2,55,1,1,2,1,0,0,1,80,1,1,1,13,"777777777777","777777777777","777777777777",0,0
6,60048,1,1,1,23,1,17,30,8,0,1,0,6,1,42,421,42421,15,2011,"4JGBF7BE0BA6","4","J","G","B","F","7","B","E","0","B","A","6",0,0,0,"000000000","00000000000",0,0,0,1,0,0,0,0,0,0,0,35,0,0,0,12,2,5,8,0,0,0,1,6,92126,6,1,0,0,3,3,72,220,0,0,0,0,0,0,0,0,0,0,0,0,0,0,5,3,35,1,6,8,1,0,0,1,80,1,1,1,13,"777777777777","777777777777","777777777777",0,0
6,60049,1,3,3,6,1,18,40,12,2,1,0,6,2,59,31,59031,4,2014,"JTHBK1GG0E21","J","T","H","B","K","1","G","G","0","E","2","1",0,0,0,"000000000","00000000000",0,0,0,1,0,0,0,0,0,0,0,5,0,0,0,12,6,2,12,0,0,0,1,6,95076,6,1,0,0,3,3,64,120,0,0,0,0,0,0,0,0,0,0,38,0,0,0,5,5,55,1,1,2,2,98,3,11,15,1,1,1,68,"777777777777","777777777777","777777777777",1,0
6,60049,2,3,1,6,1,18,40,12,2,1,0,6,1,2,404,2404,14,2000,"1J4GW58N8YC3","1","J","4","G","W","5","8","N","8","Y","C","3",0,0,0,"000000000","00000000000",0,0,0,1,0,0,0,0,0,0,0,55,0,0,0,12,4,3,12,0,0,0,1,6,93908,6,1,0,0,3,0,67,220,0,0,0,0,0,0,0,0,0,0,0,0,0,0,5,5,55,1,1,2,2,98,3,1,17,16,2,1,69,"777777777777","777777777777","777777777777",0,0
6,60049,3,3,1,6,1,18,40,12,2,1,0,6,1,37,31,37031,2,1995,"2HGEJ1222SH5","2","H","G","E","J","1","2","2","2","S","H","5",0,0,0,"000000000","00000000000",0,0,0,1,0,0,0,0,0,0,0,55,0,0,0,12,6,2,12,0,0,0,1,6,93955,6,1,6,0,3,0,72,250,1,0,0,0,1,2,2014,3,2015,0,0,0,0,0,5,5,55,1,1,2,2,98,3,2,17,16,2,1,98,"777777777777","777777777777","777777777777",0,0
6,60050,1,1,1,7,1,5,35,8,0,1,1,99,9,7,28,7028,2,9999,"999999999999","9","9","9","9","9","9","9","9","9","9","9","9",0,0,0,"000000000","00000000000",0,0,0,1,0,0,0,0,0,0,0,999,0,0,0,99,9,5,8,99,99,0,1,99,99999,9,9,99,0,9,9,999,999,99,99,99,99,99,99,9999,99,9999,9,99,99,99,99,5,5,35,1,1,8,2,0,0,1,80,99,9,1,13,"777777777777","777777777777","777777777777",0,0
6,60051,1,4,1,19,1,6,50,12,1,1,0,6,1,12,471,12471,30,1999,"1FTYR14X3XPB","1","F","T","Y","R","1","4","X","3","X","P","B",0,0,0,"000000000","00000000000",0,0,0,1,0,0,0,0,0,0,0,999,0,0,0,12,6,2,12,0,0,0,1,6,93307,6,1,0,0,3,0,70,245,0,0,0,0,0,0,0,0,0,4,0,0,0,0,1,2,55,1,1,8,1,0,0,1,51,1,1,1,24,"777777777777","777777777777","777777777777",1,0
6,60051,2,4,1,19,1,6,50,12,1,1,0,6,2,30,40,30040,4,1999,"3VWRB81H5XM2","3","V","W","R","B","8","1","H","5","X","M","2",0,0,0,"000000000","00000000000",0,0,0,1,0,0,0,0,0,0,0,998,0,0,0,6,6,2,12,0,0,0,1,6,93305,1,1,0,0,2,0,64,205,2,5,1,2,0,8,2013,1,2015,0,0,0,0,0,1,2,55,1,1,8,1,0,0,3,53,12,1,1,25,"777777777777","777777777777","777777777777",0,0
6,60051,3,4,2,19,1,6,50,12,1,1,0,6,1,12,473,12473,30,2001,"1FMZU67E91UB","1","F","M","Z","U","6","7","E","9","1","U","B",0,0,0,"000000000","00000000000",0,0,0,1,0,0,0,0,0,0,0,0,0,0,0,6,4,5,12,0,0,0,1,6,93263,6,1,0,0,3,0,63,136,0,0,0,0,0,0,0,0,0,0,0,0,0,0,1,2,55,1,1,8,1,0,0,5,53,1,1,1,98,"777777777777","777777777777","777777777777",0,0
6,60051,4,4,4,19,1,6,50,12,1,1,0,6,3,12,461,12461,21,2013,"1FMNE1BW8DDA","1","F","M","N","E","1","B","W","8","D","D","A",0,0,0,"000000000","00000000000",0,0,0,1,0,0,0,0,0,0,0,55,0,0,0,12,6,2,12,0,0,0,1,6,93280,6,1,0,0,3,0,66,136,0,0,0,0,0,0,0,0,0,0,0,0,0,0,1,2,55,1,1,8,1,0,0,1,62,1,1,1,98,"777777777777","777777777777","777777777777",0,0
6,60052,1,1,1,22,1,5,55,8,0,1,0,6,1,12,401,12401,14,2006,"1FMEU73E96UA","1","F","M","E","U","7","3","E","9","6","U","A",0,0,0,"000000000","00000000000",0,0,0,1,0,0,0,0,0,0,0,998,0,0,0,82,2,5,8,0,0,0,1,6,91911,6,1,0,0,3,0,66,180,0,0,0,0,0,0,0,0,0,0,0,0,0,0,6,2,65,1,6,1,1,0,0,1,80,16,9,1,13,"777777777777","777777777777","777777777777",0,0
6,60053,1,2,2,22,1,22,26,5,0,1,0,6,1,49,40,49040,4,2007,"4T1BK46K07U5","4","T","1","B","K","4","6","K","0","7","U","5",0,0,0,"000000000","00000000000",0,0,0,1,0,0,0,0,0,0,0,65,0,0,0,0,0,5,5,0,0,0,1,6,94598,6,1,0,0,3,0,67,130,1,0,0,0,0,10,2013,10,2013,0,0,0,0,0,3,4,65,1,8,8,2,0,0,1,98,1,1,1,0,"777777777777","777777777777","777777777777",1,0
6,60053,2,2,1,22,1,22,26,5,0,1,0,6,2,55,33,55033,4,2015,"5NPE24AF0FH0","5","N","P","E","2","4","A","F","0","F","H","0",0,0,0,"000000000","00000000000",0,0,0,1,0,0,0,0,0,0,0,65,0,0,0,12,2,3,54,0,0,0,1,6,94582,6,1,0,0,3,3,66,110,0,0,0,1,0,5,2015,5,2015,0,0,0,0,0,3,4,65,1,8,8,2,0,0,1,98,6,1,1,98,"777777777777","777777777777","777777777777",0,0
6,60054,1,2,2,24,1,5,0,12,2,1,0,6,2,49,32,49032,4,2015,"5YFBURHE0FP2","5","Y","F","B","U","R","H","E","0","F","P","2",0,0,0,"000000000","00000000000",0,0,0,1,0,0,0,0,0,0,0,999,0,0,0,12,6,2,12,0,0,0,1,6,93622,6,1,0,0,3,3,61,112,0,0,0,0,0,0,0,0,0,9,28,0,0,0,1,2,55,1,1,2,1,0,0,1,10,1,1,2,50,"777777777777","777777777777","777777777777",2,1
6,60054,2,2,1,24,1,5,0,12,2,1,0,93,3,82,881,82881,66,2009,"1FUJA6CV79DA","1","F","U","J","A","6","C","V","7","9","D","A",1,1,57,"2393428","572393428",3,6,1,1,0,0,0,0,0,0,0,55,0,0,0,12,6,2,12,0,0,0,1,6,93620,6,1,6,0,3,3,68,210,1,0,0,0,1,9,2012,5,2014,0,0,0,0,0,1,2,55,1,1,2,1,0,0,1,62,16,9,1,51,"5DN1544239B0","777777777777","777777777777",0,0
6,60055,1,1,1,23,1,18,5,9,0,1,0,6,2,37,441,37441,20,2003,"5FNRL18643B0","5","F","N","R","L","1","8","6","4","3","B","0",0,0,0,"000000000","00000000000",0,0,0,1,0,0,0,0,0,0,0,40,0,0,0,82,4,5,9,0,0,0,1,6,92139,6,1,0,0,3,0,66,147,0,0,0,0,0,0,0,0,0,0,99,99,99,99,5,5,45,2,5,2,1,0,0,14,85,1,1,9,13,"777777777777","777777777777","777777777777",0,0
6,60056,1,1,4,24,1,9,5,1,0,1,0,6,1,12,461,12461,21,2000,"1FMRE11L7YHB","1","F","M","R","E","1","1","L","7","Y","H","B",0,0,0,"000000000","00000000000",0,0,0,1,0,0,0,0,0,0,0,998,0,2,5,0,6,2,1,0,0,0,1,6,93314,6,1,0,0,3,3,63,180,0,0,0,0,0,0,0,0,0,4,58,0,0,0,1,2,55,2,8,8,1,0,0,14,6,7,2,4,2,"777777777777","777777777777","777777777777",1,0
6,60057,1,1,1,24,1,18,6,8,0,1,1,6,2,49,40,49040,4,2010,"4T1BK3EK8AU1","4","T","1","B","K","3","E","K","8","A","U","1",0,0,0,"000000000","00000000000",0,0,0,1,0,0,0,0,0,0,0,998,0,0,0,12,4,3,8,0,0,0,1,6,92704,6,1,0,0,3,3,74,160,0,2,2,1,0,2,2014,5,2015,0,0,0,0,0,2,3,45,1,8,1,1,0,0,1,80,99,9,1,13,"777777777777","777777777777","777777777777",0,0
6,60058,1,3,1,23,1,20,21,12,7,1,0,6,1,2,403,2403,14,1993,"1J4FY19P1PP2","1","J","4","F","Y","1","9","P","1","P","P","2",0,0,0,"000000000","00000000000",0,0,0,1,0,0,0,0,0,0,0,999,0,1,1,11,6,2,1,0,0,0,1,6,93635,6,1,6,0,3,3,72,185,0,0,0,0,0,0,0,0,0,4,0,0,0,0,1,2,55,1,1,8,1,0,0,1,50,99,9,1,48,"777777777777","777777777777","777777777777",1,1
6,60058,2,3,0,23,1,20,21,12,7,1,0,6,6,62,421,62421,15,1990,"SALHV1243LA4","S","A","L","H","V","1","2","4","3","L","A","4",0,0,0,"000000000","00000000000",0,0,0,1,0,0,0,0,0,0,0,0,0,0,0,5,6,2,12,0,0,0,0,0,99997,7,6,97,7,6,7,998,997,998,998,998,998,998,98,9998,98,9998,8,0,0,0,0,1,2,55,1,1,8,1,0,0,0,53,0,0,0,48,"777777777777","777777777777","777777777777",0,0
6,60058,3,3,0,23,1,20,21,12,7,1,0,6,6,12,481,12481,31,1995,"1FTHX26F9SKA","1","F","T","H","X","2","6","F","9","S","K","A",0,0,0,"000000000","00000000000",0,0,0,1,0,0,0,0,0,0,0,0,0,0,0,83,6,2,12,0,0,0,0,0,99997,7,6,97,7,6,7,998,997,998,998,998,998,998,98,9998,98,9998,8,0,0,0,0,1,2,55,1,1,8,1,0,0,0,53,0,0,0,98,"777777777777","777777777777","777777777777",0,0
6,60059,1,1,1,25,1,0,42,8,0,1,0,6,3,7,482,7482,40,2015,"3C7WRKAL3FG6","3","C","7","W","R","K","A","L","3","F","G","6",0,0,57,"2720795","572720795",2,1,97,1,0,0,0,0,0,0,0,40,0,0,0,12,4,3,8,0,0,0,1,6,95139,6,1,0,0,3,0,73,195,0,0,0,0,1,5,2015,5,2015,0,0,0,0,0,2,3,98,1,6,8,1,0,0,1,11,16,2,4,13,"777777777777","777777777777","777777777777",0,0
6,60060,1,3,1,27,1,16,10,12,6,1,0,6,1,22,22,22022,4,2007,"1G2ZG58N0742","1","G","2","Z","G","5","8","N","0","7","4","2",0,0,0,"000000000","00000000000",0,0,0,1,0,0,0,0,0,0,0,998,0,0,0,1,6,2,12,0,0,0,1,6,90066,6,1,0,0,3,3,63,120,0,0,0,0,0,0,0,0,0,0,38,0,0,0,2,4,35,1,1,8,1,3,3,11,15,1,1,1,68,"777777777777","777777777777","777777777777",0,0
6,60060,2,3,1,27,1,16,10,12,6,1,0,6,1,53,705,53705,80,2002,"JS1GR7HA5221","J","S","1","G","R","7","H","A","5","2","2","1",0,0,0,"000000000","00000000000",0,0,0,1,0,0,0,0,0,0,0,998,0,0,0,12,6,2,12,0,0,0,1,6,90066,6,1,0,0,3,0,70,218,0,0,0,0,0,0,0,0,0,4,0,0,0,0,2,5,35,1,1,8,1,3,3,1,17,99,9,1,69,"777777777777","777777777777","777777777777",1,0
6,60060,3,3,1,27,1,16,10,12,6,1,0,6,1,20,404,20404,14,2005,"2CNDL13FX561","2","C","N","D","L","1","3","F","X","5","6","1",0,0,0,"000000000","00000000000",0,0,0,1,0,0,0,0,0,0,0,0,0,0,0,11,2,5,12,0,0,0,1,6,90066,6,1,0,0,3,0,65,265,0,0,0,0,0,0,0,0,0,0,0,0,0,0,0,0,0,0,0,0,0,0,0,5,98,1,1,1,98,"777777777777","777777777777","777777777777",0,0
6,60061,1,3,1,27,1,17,47,12,2,1,0,6,1,49,47,49047,6,2006,"2T1KR32EX6C5","2","T","1","K","R","3","2","E","X","6","C","5",0,0,0,"000000000","00000000000",0,0,0,1,0,0,0,0,0,0,0,999,0,0,0,12,6,2,12,0,0,0,1,6,95969,6,1,0,0,3,0,66,204,0,0,0,0,0,0,0,0,0,9,28,0,0,0,1,2,55,1,1,1,1,0,0,1,10,99,9,2,50,"777777777777","777777777777","777777777777",1,0
6,60061,2,3,1,27,1,17,47,12,2,1,0,6,1,6,441,6441,20,2001,"2C8GP44G81R1","2","C","8","G","P","4","4","G","8","1","R","1",0,0,0,"000000000","00000000000",0,0,0,1,0,0,0,0,0,0,0,55,0,0,0,12,6,2,12,0,0,0,1,6,95916,6,1,0,0,3,0,67,120,0,1,0,0,0,5,2011,5,2011,0,0,0,0,0,1,2,55,1,1,1,1,0,0,1,62,6,1,1,51,"777777777777","777777777777","777777777777",0,0
6,60061,3,3,2,27,1,17,47,12,2,1,0,6,2,12,481,12481,31,2000,"1FTRX17L3YKB","1","F","T","R","X","1","7","L","3","Y","K","B",0,0,0,"000000000","00000000000",0,0,0,1,0,0,0,0,0,0,0,55,0,0,0,13,2,5,54,0,0,0,1,6,95954,6,1,0,0,3,0,76,240,0,0,0,0,0,0,0,0,0,0,0,0,0,0,1,2,55,1,1,1,1,0,0,1,98,1,1,1,98,"777777777777","777777777777","777777777777",0,0
6,60062,1,2,1,27,1,21,7,12,2,1,0,6,1,54,32,54032,2,1993,"JH4KA826XPC0","J","H","4","K","A","8","2","6","X","P","C","0",0,0,0,"000000000","00000000000",0,0,0,1,0,0,0,0,0,0,0,45,0,0,0,12,6,2,12,0,0,0,1,6,92126,6,1,0,0,3,0,70,195,1,0,0,0,0,3,2015,3,2015,0,51,0,0,0,2,3,50,1,1,1,1,0,0,1,54,99,9,1,52,"777777777777","777777777777","777777777777",1,1
6,60062,2,2,2,27,1,21,7,12,2,1,0,6,1,37,31,37031,4,2010,"2HGFA1F55AH5","2","H","G","F","A","1","F","5","5","A","H","5",0,0,0,"000000000","00000000000",0,0,0,1,0,0,0,0,0,0,0,50,0,0,0,12,6,2,12,0,0,0,1,6,92114,6,1,0,0,3,0,67,140,0,0,0,0,0,0,0,0,0,0,0,0,0,0,2,3,50,1,1,1,1,0,0,1,54,1,1,1,52,"777777777777","777777777777","777777777777",0,0
6,60063,1,1,1,28,1,4,55,8,0,1,0,6,1,98,706,98706,80,2016,"56KTCAAA8G33","5","6","K","T","C","A","A","A","8","G","3","3",0,0,0,"000000000","00000000000",0,0,0,1,0,0,0,0,0,0,0,38,0,0,0,12,2,3,8,0,0,0,1,6,90277,6,1,0,0,3,0,68,170,0,0,0,2,0,1,2015,11,2015,0,0,0,0,0,2,2,35,3,8,8,1,0,0,14,80,1,1,1,13,"777777777777","777777777777","777777777777",0,0
6,60064,1,1,1,28,1,18,15,8,0,1,0,6,1,49,471,49471,30,1990,"JT4VN93DXL50","J","T","4","V","N","9","3","D","X","L","5","0",0,0,0,"000000000","00000000000",0,0,0,1,0,0,0,0,0,0,0,28,0,0,0,12,4,5,8,0,0,0,1,6,95531,6,1,0,0,3,0,69,150,0,3,0,0,0,11,2011,4,2012,4,0,0,0,0,1,2,35,1,1,8,1,0,0,1,80,1,1,1,13,"777777777777","777777777777","777777777777",0,0
6,60065,1,1,1,29,1,18,34,8,0,1,0,6,1,69,54,69054,6,2015,"WMWXS5C54FT8","W","M","W","X","S","5","C","5","4","F","T","8",0,0,0,"000000000","00000000000",0,0,0,1,0,0,0,0,0,0,0,998,0,0,0,12,2,5,8,0,0,0,1,6,94114,6,1,0,0,3,3,64,135,0,0,0,0,0,0,0,0,0,0,0,0,0,0,2,2,25,1,8,8,2,2,3,11,80,99,9,1,13,"777777777777","777777777777","777777777777",0,0
6,60066,1,1,1,30,1,13,50,14,0,1,1,6,2,49,32,49032,4,2001,"1NXBR12EX1Z4","1","N","X","B","R","1","2","E","X","1","Z","4",0,0,0,"000000000","00000000000",0,0,0,1,0,0,0,0,0,0,0,998,0,0,0,12,6,2,8,0,0,0,1,99,99999,9,9,99,0,9,9,999,999,99,99,99,99,99,99,9999,99,9999,4,99,99,99,99,1,4,35,1,8,8,1,0,0,1,6,99,3,4,98,"777777777777","777777777777","777777777777",0,0
6,60067,1,1,2,30,1,20,30,1,0,1,0,6,2,98,998,98998,97,1995,"CA743862","C","A","7","4","3","8","6","2","","","","",0,0,0,"000000000","00000000000",0,0,0,1,0,0,0,0,0,0,0,999,0,2,1,0,2,5,1,0,0,0,1,6,92372,6,1,0,0,3,0,68,160,0,0,0,0,0,0,0,0,0,9,0,0,0,0,1,2,55,1,1,5,1,0,0,11,8,99,1,1,98,"777777777777","777777777777","777777777777",1,1
6,60068,1,1,1,31,1,18,15,31,0,1,0,6,1,20,32,20032,4,2002,"1Y1SK52802Z4","1","Y","1","S","K","5","2","8","0","2","Z","4",0,0,0,"000000000","00000000000",0,0,0,1,0,0,0,0,0,0,0,999,0,1,6,81,6,2,1,0,0,0,1,6,96021,6,1,0,0,3,0,70,200,1,3,0,1,1,10,2012,10,2015,0,58,0,0,0,1,2,25,1,1,2,1,0,0,1,8,6,4,4,7,"777777777777","777777777777","777777777777",1,0
6,60069,1,2,1,27,1,18,15,12,2,1,0,6,1,35,481,35481,31,2007,"1N6AA06A17N2","1","N","6","A","A","0","6","A","1","7","N","2",0,0,0,"000000000","00000000000",0,0,0,1,0,0,0,0,0,0,0,999,0,0,0,12,6,2,12,0,0,0,1,6,91732,6,1,0,0,3,0,70,175,0,0,0,0,0,0,0,0,0,9,39,0,0,0,1,2,55,1,1,8,1,20,3,10,10,99,9,2,80,"777777777777","777777777777","777777777777",1,1
6,60069,2,2,1,27,1,18,15,12,2,1,0,93,3,82,881,82881,66,2012,"1FUJGLDR9CSB","1","F","U","J","G","L","D","R","9","C","S","B",1,1,57,"1428737","571428737",3,6,1,1,0,0,0,0,0,0,0,55,0,0,0,12,6,2,12,0,0,0,1,32,89027,6,1,6,0,3,3,70,175,0,0,0,0,0,0,0,0,0,0,0,0,0,0,1,2,55,1,1,2,1,0,0,1,62,1,1,1,81,"1GRAA962XGK2","777777777777","777777777777",0,0
6,60070,1,1,1,6,1,11,18,46,0,1,0,6,1,20,7,20007,10,1969,"136809Z36518","1","3","6","8","0","9","Z","3","6","5","1","8",0,0,0,"000000000","00000000000",0,0,0,1,0,0,0,0,0,0,0,80,0,0,0,98,6,2,46,0,0,0,1,6,95762,6,1,6,0,3,3,72,185,0,0,0,0,0,0,0,0,0,4,0,0,0,0,1,4,55,1,6,2,2,2,3,1,13,99,1,4,1,"777777777777","777777777777","777777777777",1,0
6,60071,1,2,2,6,1,23,0,12,1,1,0,6,1,35,47,35047,4,2007,"1N4AL21E07N4","1","N","4","A","L","2","1","E","0","7","N","4",0,0,0,"000000000","00000000000",0,0,0,1,0,0,0,0,0,0,0,75,0,0,0,6,6,2,12,0,0,0,1,13,92008,6,1,0,0,3,0,64,140,98,1,0,2,0,3,2011,4,2011,4,0,0,0,0,3,7,65,1,6,8,2,0,0,1,6,99,2,2,48,"777777777777","777777777777","777777777777",1,1
6,60071,2,2,3,6,1,23,0,12,1,1,0,6,1,54,39,54039,4,2010,"JH4CU2F69AC0","J","H","4","C","U","2","F","6","9","A","C","0",0,0,0,"000000000","00000000000",0,0,0,1,0,0,0,0,0,0,0,68,0,0,0,12,6,2,12,0,0,0,1,6,92122,6,1,0,0,3,0,65,120,0,0,0,0,0,0,0,0,0,0,0,0,0,0,3,7,65,1,6,8,2,0,0,1,61,99,1,1,48,"777777777777","777777777777","777777777777",0,0
6,60072,1,1,1,1,1,99,99,59,0,1,0,51,1,12,13,12013,2,1998,"3FAKP1135WR1","3","F","A","K","P","1","1","3","5","W","R","1",0,0,0,"000000000","00000000000",0,0,0,1,0,0,0,0,0,0,0,999,0,1,5,98,6,2,42,0,0,0,1,51,23602,6,1,0,0,3,0,70,160,0,0,0,1,0,11,2013,11,2013,9,0,0,0,0,3,5,65,1,8,1,1,0,0,1,8,99,9,4,2,"777777777777","777777777777","777777777777",1,1
6,60073,1,1,2,22,1,0,38,8,0,1,0,6,4,55,35,55035,4,2015,"5NPDH4AE0FH5","5","N","P","D","H","4","A","E","0","F","H","5",0,0,0,"000000000","00000000000",0,0,0,1,0,0,0,0,0,0,0,63,0,0,0,12,4,3,8,0,0,0,1,6,93726,6,1,0,0,3,0,64,180,0,4,0,0,0,4,2011,11,2015,0,0,0,0,0,3,4,65,1,1,2,1,0,0,1,80,1,1,1,13,"777777777777","777777777777","777777777777",0,0
6,60074,1,1,1,24,1,21,40,8,0,1,1,6,1,35,472,35472,30,2003,"1N6DD26T03C4","1","N","6","D","D","2","6","T","0","3","C","4",0,0,0,"000000000","00000000000",0,0,0,1,0,0,0,0,0,0,0,999,0,0,0,12,4,5,8,0,0,0,1,6,95215,0,0,0,0,0,0,67,180,0,0,0,0,0,0,0,0,0,3,0,0,0,0,1,2,25,1,8,2,1,0,0,1,80,1,1,1,13,"777777777777","777777777777","777777777777",0,1
6,60075,1,1,1,3,2,1,35,38,0,1,0,6,1,49,40,49040,4,1999,"JT2BG28K2X02","J","T","2","B","G","2","8","K","2","X","0","2",0,0,0,"000000000","00000000000",0,0,0,1,0,0,0,0,0,0,0,70,0,0,0,98,4,3,38,0,0,0,1,6,95020,6,1,0,0,3,3,64,140,0,0,0,0,0,0,0,0,0,0,0,0,0,0,3,3,65,1,1,2,1,0,0,1,10,7,2,4,1,"777777777777","777777777777","777777777777",1,0
6,60076,1,1,1,1,2,6,18,8,0,1,0,6,3,20,481,20481,31,2016,"1GCHSBE37G11","1","G","C","H","S","B","E","3","7","G","1","1",0,0,0,"000000000","00000000000",0,0,0,1,0,0,0,0,0,0,0,35,0,0,0,12,4,3,8,0,0,0,1,6,92010,6,1,0,0,3,0,70,230,0,0,0,0,1,11,2013,11,2013,0,0,0,0,0,2,3,35,1,1,1,2,3,3,1,80,9,2,1,13,"777777777777","777777777777","777777777777",0,0
6,60077,1,3,2,26,1,20,40,12,1,1,0,6,1,24,7,24007,4,2006,"1G8AJ55F26Z1","1","G","8","A","J","5","5","F","2","6","Z","1",0,0,0,"000000000","00000000000",0,0,0,1,0,0,0,0,0,0,0,0,0,0,0,6,2,5,12,0,0,0,1,6,95926,6,1,0,0,3,0,62,160,1,0,0,0,0,11,2014,11,2014,0,0,0,0,0,2,2,65,1,1,1,1,40,3,5,53,99,1,1,98,"777777777777","777777777777","777777777777",0,0
6,60077,2,3,4,26,1,20,40,12,1,1,0,6,1,23,481,23481,31,2005,"1GKEK63U65J1","1","G","K","E","K","6","3","U","6","5","J","1",0,0,0,"000000000","00000000000",0,0,0,1,0,0,0,0,0,0,0,0,0,0,0,6,6,2,12,0,0,0,1,6,95954,6,1,0,0,3,3,67,180,0,0,0,0,0,0,0,0,0,0,0,0,0,0,2,2,65,1,1,1,1,40,3,5,53,99,1,1,21,"777777777777","777777777777","777777777777",0,0
6,60077,3,3,1,26,1,20,40,12,1,1,0,8,1,51,40,51040,6,1995,"YV1JW8314S11","Y","V","1","J","W","8","3","1","4","S","1","1",0,0,0,"000000000","00000000000",0,0,0,1,0,0,0,0,0,0,0,998,0,1,1,12,6,2,1,0,0,0,1,8,80220,0,0,0,0,0,0,71,155,0,1,0,0,1,7,2015,9,2015,4,0,0,0,0,2,2,65,1,1,1,1,40,3,1,50,1,1,1,20,"777777777777","777777777777","777777777777",1,1
6,60078,1,1,4,16,1,1,25,38,0,1,0,6,2,19,24,19024,4,2015,"1G6AA5RAXF01","1","G","6","A","A","5","R","A","X","F","0","1",0,0,0,"000000000","00000000000",0,0,0,1,0,0,0,0,0,0,0,999,0,0,0,62,6,2,38,0,0,0,1,6,95212,6,1,0,0,3,0,66,136,0,0,0,0,0,0,0,0,0,4,0,0,0,0,1,2,40,2,1,2,2,0,0,14,12,99,1,4,6,"777777777777","777777777777","777777777777",2,1
6,60079,1,1,1,6,1,1,33,30,0,1,0,6,5,12,481,12481,31,2008,"1FDXW47RX8ED","1","F","D","X","W","4","7","R","X","8","E","D",0,0,0,"000000000","00000000000",0,0,0,1,0,0,0,0,0,0,0,998,0,0,0,98,6,2,30,0,0,0,1,99,99999,9,9,99,9,9,9,999,999,99,99,99,99,99,99,9999,99,9999,0,0,0,0,0,5,5,50,1,8,2,2,0,0,1,13,99,1,4,1,"777777777777","777777777777","777777777777",1,0