"STATE","ST_CASE","VEH_NO","VE_FORMS","NUMOCCS","DAY","MONTH","HOUR","MINUTE","HARM_EV","MAN_COLL","UNITTYPE","HIT_RUN","REG_STAT","OWNER","MAKE","MODEL","MAK_MOD","BODY_TYP","MOD_YEAR","VIN","VIN_1","VIN_2","VIN_3","VIN_4","VIN_5","VIN_6","VIN_7","VIN_8","VIN_9","VIN_10","VIN_11","VIN_12","TOW_VEH","J_KNIFE","MCARR_I1","MCARR_I2","MCARR_ID","GVWR","V_CONFIG","CARGO_BT","HAZ_INV","HAZ_PLAC","HAZ_ID","HAZ_CNO","HAZ_REL","BUS_USE","SPEC_USE","EMER_USE","TRAV_SP","UNDERIDE","ROLLOVER","ROLINLOC","IMPACT1","DEFORMED","TOWED","M_HARM","VEH_SC1","VEH_SC2","FIRE_EXP","DR_PRES","L_STATE","DR_ZIP","L_STATUS","L_TYPE","CDL_STAT","L_ENDORS","L_COMPL","L_RESTRI","DR_HGT","DR_WGT","PREV_ACC","PREV_SUS","PREV_DWI","PREV_SPD","PREV_OTH","FIRST_MO","FIRST_YR","LAST_MO","LAST_YR","SPEEDREL","DR_SF1","DR_SF2","DR_SF3","DR_SF4","VTRAFWAY","VNUM_LAN","VSPD_LIM","VALIGN","VPROFILE","VPAVETYP","VSURCOND","VTRAFCON","VTCONT_F","P_CRASH1","P_CRASH2","P_CRASH3","PCRASH4","PCRASH5","ACC_TYPE","TRLR1VIN","TRLR2VIN","TRLR3VIN","DEATHS","DR_DRINK"
6,60080,1,1,1,10,1,2,13,46,0,1,0,6,1,35,421,35421,15,2004,"5N1AA08A74N7","5","N","1","A","A","0","8","A","7","4","N","7",0,0,0,"000000000","00000000000",0,0,0,1,0,0,0,0,0,0,0,998,0,0,0,12,6,2,46,0,0,0,1,6,95660,1,1,0,0,2,0,76,270,0,4,1,0,0,4,2011,5,2012,0,0,0,0,0,1,7,45,1,1,2,2,3,3,1,13,1,1,4,1,"777777777777","777777777777","777777777777",1,1
6,60081,1,1,4,1,2,23,0,35,0,1,0,6,1,37,32,37032,4,2001,"1HGCG16561A0","1","H","G","C","G","1","6","5","6","1","A","0",0,0,0,"000000000","00000000000",0,0,0,1,0,0,0,0,0,0,0,58,0,1,1,12,6,2,1,0,0,0,1,6,91706,6,1,0,0,3,0,66,155,0,0,1,0,0,7,2014,7,2014,0,0,0,0,0,1,2,55,3,1,1,1,28,3,14,13,99,9,4,1,"777777777777","777777777777","777777777777",1,1
6,60082,1,1,1,2,2,0,1,59,0,1,0,6,2,49,40,49040,4,1995,"JT2SK12E4S02","J","T","2","S","K","1","2","E","4","S","0","2",0,0,0,"000000000","00000000000",0,0,0,1,0,0,0,0,0,0,0,60,0,0,0,62,6,2,59,0,0,0,1,6,92374,6,1,0,0,3,0,72,185,0,0,0,0,0,0,0,0,0,0,0,0,0,0,3,3,70,1,8,8,1,0,0,1,13,1,1,4,1,"777777777777","777777777777","777777777777",1,0
6,60083,1,1,2,10,1,4,20,30,0,1,0,6,1,55,35,55035,4,2008,"KMHDU46D08U2","K","M","H","D","U","4","6","D","0","8","U","2",0,0,0,"000000000","00000000000",0,0,0,1,0,0,0,0,0,0,0,998,0,1,1,12,6,2,1,0,0,0,1,6,95382,6,1,0,0,3,3,62,200,0,0,0,0,0,0,0,0,0,0,0,0,0,0,1,2,55,3,8,2,1,0,0,1,13,1,1,4,1,"777777777777","777777777777","777777777777",1,1
6,60084,1,1,2,10,1,21,30,53,0,1,0,6,1,45,41,45041,2,2016,"WP0AB2A8XGK1","W","P","0","A","B","2","A","8","X","G","K","1",0,0,0,"000000000","00000000000",0,0,0,1,0,0,0,0,0,0,0,999,0,0,0,98,6,2,42,0,0,0,1,6,95127,6,1,0,0,3,3,67,120,0,0,0,0,0,0,0,0,0,0,0,0,0,0,1,2,50,2,8,2,2,0,0,14,9,99,3,4,7,"777777777777","777777777777","777777777777",2,0
6,60085,1,1,3,13,1,12,15,42,0,1,0,6,2,37,32,37032,4,1998,"1HGCG5640WA0","1","H","G","C","G","5","6","4","0","W","A","0",0,0,0,"000000000","00000000000",0,0,0,1,0,0,0,0,0,0,0,100,0,1,5,61,6,2,1,0,0,0,1,6,96052,1,1,0,0,2,0,64,150,0,4,1,0,0,4,2013,9,2015,4,0,0,0,0,1,2,55,2,8,2,2,0,0,14,6,99,3,4,7,"777777777777","777777777777","777777777777",1,0
6,60086,1,1,1,19,2,16,35,43,0,1,0,95,1,72,706,72706,80,2003,"5HD1PFD103Y9","5","H","D","1","P","F","D","1","0","3","Y","9",0,0,0,"000000000","00000000000",0,0,0,1,0,0,0,0,0,0,0,999,0,0,0,98,6,2,43,0,0,0,1,95,0,9,9,99,9,9,9,66,181,99,99,99,99,99,99,9999,99,9999,0,0,0,0,0,1,2,55,2,5,2,1,0,0,14,12,99,2,4,6,"777777777777","777777777777","777777777777",1,0
6,60087,1,2,3,14,1,17,14,12,6,1,0,6,2,12,17,12017,4,2007,"1FAFP53U87A2","1","F","A","F","P","5","3","U","8","7","A","2",0,0,0,"000000000","00000000000",0,0,0,1,0,0,0,0,0,0,0,998,0,1,1,81,6,2,12,0,0,0,1,6,92234,6,1,0,0,3,0,64,130,0,0,0,0,0,0,0,0,0,0,38,0,0,0,1,2,55,1,1,2,1,20,3,1,17,99,1,1,87,"777777777777","777777777777","777777777777",2,0
6,60087,2,2,1,14,1,17,14,12,6,1,0,6,3,85,881,85881,66,2010,"3WKDDW9X3AF2","3","W","K","D","D","W","9","X","3","A","F","2",1,1,57,"2788400","572788400",3,6,11,1,0,0,0,0,0,0,0,55,0,0,0,12,6,2,12,0,0,0,1,6,92231,6,1,6,0,3,0,68,220,0,0,0,0,1,9,2015,9,2015,0,0,0,0,0,2,3,55,1,1,2,1,0,0,1,66,16,2,1,86,"LJRC41258G10","777777777777","777777777777",0,0
6,60088,1,1,1,20,2,11,5,52,0,1,0,4,1,20,481,20481,31,2006,"2GCEK19V5611","2","G","C","E","K","1","9","V","5","6","1","1",0,0,0,"000000000","00000000000",0,0,0,1,0,0,0,0,0,0,0,999,0,0,0,98,6,2,52,0,0,0,1,4,85756,6,1,0,0,3,0,71,241,0,1,0,1,0,6,2012,2,2013,0,0,0,0,0,3,2,70,8,8,2,1,0,0,1,13,99,1,4,1,"777777777777","777777777777","777777777777",1,0
6,60089,1,1,99,15,1,22,2,8,0,1,1,6,2,41,50,41050,4,2003,"1YVFP80D635M","1","Y","V","F","P","8","0","D","6","3","5","M",0,0,0,"000000000","00000000000",0,0,0,1,0,0,0,0,0,0,0,998,0,0,0,12,2,3,8,0,0,0,1,6,95341,6,1,0,0,3,0,69,312,2,0,0,0,0,10,2013,6,2014,0,91,0,0,0,5,5,40,1,8,8,1,0,0,1,80,99,1,1,13,"777777777777","777777777777","777777777777",0,0
6,60090,1,1,2,15,2,16,39,33,0,1,0,6,2,49,32,49032,4,2003,"1NXBR32E43Z0","1","N","X","B","R","3","2","E","4","3","Z","0",0,0,0,"000000000","00000000000",0,0,0,1,0,0,0,0,0,0,0,998,0,0,0,98,6,2,33,0,0,0,1,6,91789,1,1,0,0,2,0,72,250,0,0,0,0,0,0,0,0,0,0,0,0,0,0,2,2,45,4,6,2,1,0,0,14,13,99,1,4,1,"777777777777","777777777777","777777777777",1,1
6,60091,1,2,1,19,1,13,38,12,7,1,0,6,1,73,705,73705,80,2011,"JKAEXEC16BDA","J","K","A","E","X","E","C","1","6","B","D","A",0,0,0,"000000000","00000000000",0,0,0,1,0,0,0,0,0,0,0,55,0,0,0,61,6,2,12,0,0,0,1,6,95407,6,1,6,0,2,0,69,153,0,0,0,0,0,0,0,0,0,0,28,0,0,0,6,2,65,1,6,8,1,0,0,6,10,99,1,2,47,"777777777777","777777777777","777777777777",1,0
6,60091,2,2,1,19,1,13,38,12,7,1,0,92,0,49,472,49472,30,2016,"5TFRZ5CN5GX0","5","T","F","R","Z","5","C","N","5","G","X","0",0,0,0,"000000000","00000000000",0,0,0,1,0,0,0,0,0,0,0,50,0,0,0,3,2,5,12,0,0,0,1,6,94070,6,1,0,0,3,0,66,185,0,0,0,0,0,0,0,0,0,0,0,0,0,0,6,2,65,1,6,8,1,0,0,1,61,99,1,1,45,"777777777777","777777777777","777777777777",0,0
6,60092,1,1,1,12,2,6,20,42,0,1,0,6,1,12,471,12471,30,1999,"1FTYR14VXXPA","1","F","T","Y","R","1","4","V","X","X","P","A",0,0,0,"000000000","00000000000",0,0,0,1,0,0,0,0,0,0,0,999,0,0,0,81,2,3,42,0,0,0,1,6,96021,6,1,0,0,3,0,62,175,0,1,0,0,0,6,2014,6,2014,0,58,0,0,0,1,2,55,8,8,2,1,0,0,1,8,99,4,4,7,"777777777777","777777777777","777777777777",1,1
6,60093,1,2,3,22,1,13,0,12,2,1,0,6,1,59,31,59031,4,2002,"JTHBF30G9250","J","T","H","B","F","3","0","G","9","2","5","0",0,0,0,"000000000","00000000000",0,0,0,1,0,0,0,0,0,0,0,998,0,0,0,12,6,2,12,0,0,0,1,6,95988,6,1,0,0,3,0,74,210,0,0,0,0,0,0,0,0,0,0,28,0,0,0,1,2,55,3,8,2,2,0,0,14,10,99,1,2,50,"777777777777","777777777777","777777777777",1,0
6,60093,2,2,1,22,1,13,0,12,2,1,0,6,3,20,466,20466,22,1994,"1GBHP32K2R33","1","G","B","H","P","3","2","K","2","R","3","3",0,0,0,"000000000","00000000000",0,0,0,1,0,0,0,0,0,0,0,998,0,0,0,12,6,2,12,0,0,0,1,6,95928,6,1,0,0,3,3,72,225,0,0,0,0,0,0,0,0,0,0,0,0,0,0,1,2,55,2,8,2,2,0,0,14,62,16,2,1,51,"777777777777","777777777777","777777777777",0,0
6,60094,1,1,1,6,2,99,99,38,0,1,0,6,1,42,401,42401,14,1999,"4JGAB54E7XA0","4","J","G","A","B","5","4","E","7","X","A","0",0,0,0,"000000000","00000000000",0,0,0,1,0,0,0,0,0,0,0,999,0,1,5,98,6,2,38,0,0,0,1,6,96033,6,1,0,0,3,0,64,125,0,0,0,0,0,0,0,0,0,0,0,0,0,0,1,2,10,8,8,2,1,0,0,1,12,99,2,4,6,"777777777777","777777777777","777777777777",1,0
6,60095,1,2,1,23,1,21,20,1,0,1,0,6,1,50,706,50706,80,2004,"SMT900HN94J1","S","M","T","9","0","0","H","N","9","4","J","1",0,0,0,"000000000","00000000000",0,0,0,1,0,0,0,0,0,0,0,70,0,0,0,0,6,2,54,0,0,0,1,6,92103,6,1,0,0,3,3,70,140,0,0,0,1,0,12,2014,12,2014,0,0,0,0,0,3,5,65,8,5,2,2,0,0,1,6,99,1,1,98,"777777777777","777777777777","777777777777",1,1
6,60095,2,2,2,23,1,21,20,1,0,1,0,6,1,54,35,54035,4,2006,"19UUA66286A0","1","9","U","U","A","6","6","2","8","6","A","0",0,0,0,"000000000","00000000000",0,0,0,1,0,0,0,0,0,0,0,55,0,0,0,12,4,5,12,0,0,0,1,6,92009,6,1,0,0,3,1,72,184,0,0,0,0,0,0,0,0,0,0,0,0,0,0,3,5,65,8,5,2,2,0,0,1,98,1,1,1,98,"777777777777","777777777777","777777777777",0,0
6,60096,1,1,2,6,2,11,57,30,0,1,0,6,2,37,31,37031,4,2011,"2HGFA1F6XBH5","2","H","G","F","A","1","F","6","X","B","H","5",0,0,0,"000000000","00000000000",0,0,0,1,0,0,0,0,0,0,0,55,0,0,0,61,6,2,30,0,0,0,1,6,92231,6,1,0,0,3,0,67,140,0,0,0,0,1,10,2014,10,2014,0,58,0,0,0,1,2,55,1,1,2,1,0,0,1,8,99,2,4,2,"777777777777","777777777777","777777777777",1,0
6,60097,1,1,2,26,1,1,0,42,0,1,0,6,2,12,401,12401,14,2002,"1FMZU62EX2UA","1","F","M","Z","U","6","2","E","X","2","U","A",0,0,0,"000000000","00000000000",0,0,0,1,0,0,0,0,0,0,0,998,0,0,0,98,6,2,42,0,0,1,1,6,90062,1,1,0,0,2,0,70,162,1,1,0,0,0,9,2013,3,2014,4,0,0,0,0,1,6,35,8,8,8,1,0,0,1,13,99,1,4,1,"777777777777","777777777777","777777777777",2,0
6,60098,1,1,1,27,1,14,52,30,0,1,0,6,1,6,52,6052,1,2006,"3A4FY48B56T3","3","A","4","F","Y","4","8","B","5","6","T","3",0,0,0,"000000000","00000000000",0,0,0,1,0,0,0,0,0,0,0,999,0,1,5,83,6,2,1,0,0,0,1,6,95822,6,1,0,0,3,3,70,181,0,0,0,1,1,6,2014,4,2015,0,0,0,0,0,1,2,55,1,1,2,1,0,0,1,12,99,2,4,6,"777777777777","777777777777","777777777777",1,0
6,60099,1,1,1,14,2,12,5,35,0,1,0,4,1,55,35,55035,6,1997,"KMHJW34M6VU0","K","M","H","J","W","3","4","M","6","V","U","0",0,0,0,"000000000","00000000000",0,0,0,1,0,0,0,0,0,0,0,65,0,1,5,12,6,2,1,0,0,0,1,4,86404,6,1,0,0,3,0,72,215,0,0,0,0,0,0,0,0,0,0,58,0,0,0,1,2,65,8,1,1,1,0,0,1,8,99,2,4,7,"777777777777","777777777777","777777777777",1,0
6,60100,1,1,1,5,2,16,50,1,0,1,0,6,2,76,706,76706,80,2014,"JYARN23Y7EA0","J","Y","A","R","N","2","3","Y","7","E","A","0",0,0,0,"000000000","00000000000",0,0,0,1,0,0,0,0,0,0,0,998,0,0,0,0,2,3,1,0,0,0,1,6,93536,6,1,0,0,2,3,70,175,1,1,0,0,1,4,2014,1,2015,4,85,0,0,0,1,4,35,1,8,8,1,3,3,1,59,16,1,3,98,"777777777777","777777777777","777777777777",1,0
6,60101,1,1,2,18,1,1,21,33,0,1,0,6,2,58,37,58037,4,2006,"JNKCV51E16M5","J","N","K","C","V","5","1","E","1","6","M","5",0,0,0,"000000000","00000000000",0,0,0,1,0,0,0,0,0,0,0,998,0,1,5,98,6,2,1,0,0,0,1,6,93726,6,1,0,0,3,0,73,230,0,0,0,0,0,0,0,0,0,4,91,0,0,0,2,4,45,1,8,2,1,0,0,1,12,1,1,4,6,"777777777777","777777777777","777777777777",1,1
6,60102,1,2,1,17,1,19,59,12,7,1,0,6,1,35,402,35402,14,2000,"5N1ED28T1YC5","5","N","1","E","D","2","8","T","1","Y","C","5",0,0,0,"000000000","00000000000",0,0,0,1,0,0,0,0,0,0,0,998,0,9,5,81,6,2,12,0,0,0,1,6,93561,6,1,0,0,3,0,73,230,0,0,0,1,1,12,2015,1,2016,4,27,0,0,0,3,4,65,1,8,2,1,0,0,15,51,1,1,2,48,"777777777777","777777777777","777777777777",1,1
6,60102,2,2,2,17,1,19,59,12,7,1,0,6,1,35,39,35039,4,2007,"1N4BA41E17C8","1","N","4","B","A","4","1","E","1","7","C","8",0,0,0,"000000000","00000000000",0,0,0,1,0,0,0,0,0,0,0,998,0,0,0,63,4,3,12,0,0,0,1,6,93305,6,1,0,0,3,0,70,220,0,0,0,2,1,6,2015,10,2015,0,0,0,0,0,3,4,65,1,8,2,1,0,0,1,61,1,1,1,48,"777777777777","777777777777","777777777777",0,0
6,60103,1,1,1,1,1,99,99,1,0,1,0,6,1,20,481,20481,31,2003,"1GNEC16T93J3","1","G","N","E","C","1","6","T","9","3","J","3",0,0,0,"000000000","00000000000",0,0,0,1,0,0,0,0,0,0,0,999,0,2,5,0,6,2,1,0,0,0,1,6,92407,6,1,0,0,3,0,73,225,0,0,0,0,0,0,0,0,0,0,51,0,0,0,3,2,65,1,1,2,1,0,0,98,13,99,1,4,1,"777777777777","777777777777","777777777777",1,0
6,60104,1,1,1,16,1,2,50,25,0,1,0,41,3,82,881,82881,66,2014,"1FUJGLBG8ELF","1","F","U","J","G","L","B","G","8","E","L","F",1,1,57,"008273","57008273",3,6,1,1,0,0,0,0,0,0,0,65,0,0,0,12,6,2,25,0,0,0,1,6,95621,6,1,6,0,3,0,69,185,2,0,0,0,0,9,2011,7,2014,0,0,0,0,0,3,4,55,1,1,1,2,0,0,1,9,99,9,4,7,"1JJV532W76L9","777777777777","777777777777",1,0
6,60105,1,1,2,7,1,22,32,8,0,1,0,6,1,20,26,20026,5,2013,"1G1RF6E46DU1","1","G","1","R","F","6","E","4","6","D","U","1",0,0,0,"000000000","00000000000",0,0,0,1,0,0,0,0,0,0,0,68,0,0,0,12,4,3,8,0,0,0,1,6,92111,6,1,0,0,3,0,71,160,0,0,0,0,0,0,0,0,0,0,0,0,0,0,3,4,65,2,8,1,2,0,0,14,80,1,1,1,13,"777777777777","777777777777","777777777777",0,0
6,60106,1,1,1,13,1,6,11,9,0,1,1,41,3,82,881,82881,63,2005,"1FUJA6CV85LV","1","F","U","J","A","6","C","V","8","5","L","V",1,1,57,"499210","57499210",3,4,1,1,0,0,0,0,0,0,0,998,0,0,0,62,2,3,9,0,0,0,1,6,90713,6,1,6,3,3,2,72,235,0,0,0,0,0,0,0,0,0,0,74,0,0,0,1,5,40,1,8,8,1,99,3,1,83,1,1,1,13,"2MN01AAJ0710","777777777777","777777777777",0,0
6,60107,1,1,2,16,1,6,6,33,0,1,0,6,1,12,3,12003,2,2003,"1FAFP42X83F3","1","F","A","F","P","4","2","X","8","3","F","3",0,0,0,"000000000","00000000000",0,0,0,1,0,0,0,0,0,0,0,50,0,1,5,1,6,2,42,0,0,0,1,6,92105,6,1,0,0,3,0,69,125,2,0,0,2,0,12,2014,7,2015,4,0,0,0,0,1,2,25,3,1,1,2,0,0,14,6,1,5,4,2,"777777777777","777777777777","777777777777",1,1
6,60108,1,1,3,23,1,18,36,8,0,1,0,6,1,2,406,2406,14,2007,"1J8HH48P77C5","1","J","8","H","H","4","8","P","7","7","C","5",0,0,0,"000000000","00000000000",0,0,0,1,0,0,0,0,0,0,0,998,0,0,0,12,2,3,8,0,0,0,1,6,90660,1,1,0,0,2,0,71,185,0,1,0,0,0,10,2015,10,2015,0,38,0,0,0,2,2,40,1,8,2,1,23,3,1,80,99,1,1,13,"777777777777","777777777777","777777777777",0,0
6,60109,1,1,1,16,1,17,28,8,0,1,0,6,1,35,43,35043,4,1996,"1N4AB41D5TC7","1","N","4","A","B","4","1","D","5","T","C","7",0,0,0,"000000000","00000000000",0,0,0,1,0,0,0,0,0,0,0,30,0,0,0,82,2,5,8,0,0,0,1,6,95382,6,1,0,0,3,1,70,185,2,2,0,0,1,3,2013,1,2015,0,0,0,0,0,1,4,35,1,1,1,1,0,0,1,80,8,1,1,13,"777777777777","777777777777","777777777777",0,0
6,60110,1,1,1,2,2,22,40,8,0,1,0,6,1,7,24,7024,4,2010,"2B3CA3CV1AH2","2","B","3","C","A","3","C","V","1","A","H","2",0,0,0,"000000000","00000000000",0,0,0,1,0,0,0,0,0,0,0,68,0,0,0,12,4,3,8,0,0,0,1,6,92371,6,1,0,0,3,0,69,145,0,0,0,0,0,0,0,0,0,0,86,0,0,0,1,2,55,1,1,2,1,0,0,1,80,6,1,1,13,"777777777777","777777777777","777777777777",0,0
6,60111,1,1,1,27,1,19,54,8,0,1,0,6,1,41,441,41441,20,1995,"JM3LV5228S07","J","M","3","L","V","5","2","2","8","S","0","7",0,0,0,"000000000","00000000000",0,0,0,1,0,0,0,0,0,0,0,998,0,0,0,12,4,5,8,0,0,0,1,6,90255,6,1,0,0,3,3,66,148,0,0,0,0,0,0,0,0,0,0,38,0,0,0,1,4,30,1,1,1,1,0,0,1,80,1,1,1,13,"777777777777","777777777777","777777777777",0,0
6,60112,1,2,2,25,1,19,11,12,2,1,0,6,2,12,16,12016,4,2005,"2FAHP71W45X1","2","F","A","H","P","7","1","W","4","5","X","1",0,0,0,"000000000","00000000000",0,0,0,1,0,0,0,0,0,0,0,998,0,0,0,12,4,5,12,0,0,0,1,6,92870,6,1,0,0,3,0,71,230,1,1,0,0,0,9,2012,3,2015,0,51,0,0,0,5,5,40,8,8,2,1,3,3,15,10,6,1,2,58,"777777777777","777777777777","777777777777",0,0
6,60112,2,2,1,25,1,19,11,12,2,1,0,6,2,37,705,37705,80,1996,"JH2PC2138TM3","J","H","2","P","C","2","1","3","8","T","M","3",0,0,0,"000000000","00000000000",0,0,0,1,0,0,0,0,0,0,0,998,0,0,0,12,6,2,12,0,0,0,1,6,90680,0,0,0,0,0,0,66,130,1,3,2,0,0,1,2012,3,2015,0,0,0,0,0,5,5,40,8,8,2,1,3,3,1,62,1,1,1,59,"777777777777","777777777777","777777777777",1,0
6,60113,1,4,1,16,1,18,10,12,2,1,0,6,2,2,404,2404,14,2000,"1J4G248S5YC2","1","J","4","G","2","4","8","S","5","Y","C","2",0,0,0,"000000000","00000000000",0,0,0,1,0,0,0,0,0,0,0,80,0,1,1,12,6,2,12,0,0,0,1,6,93280,0,0,0,0,0,0,68,170,0,0,0,0,0,0,0,0,0,3,28,35,0,0,1,2,55,1,1,2,1,0,0,6,10,99,9,2,50,"777777777777","777777777777","777777777777",1,1
6,60113,2,4,3,16,1,18,10,12,2,1,0,6,5,37,32,37032,2,1999,"1HGCG225XXA0","1","H","G","C","G","2","2","5","X","X","A","0",0,0,0,"000000000","00000000000",0,0,0,1,0,0,0,0,0,0,0,60,0,0,0,12,6,2,12,0,0,0,1,6,93249,0,0,0,0,0,0,68,150,0,0,0,0,0,0,0,0,0,0,0,0,0,0,1,2,55,1,1,2,1,0,0,1,62,99,9,1,51,"777777777777","777777777777","777777777777",1,1
6,60113,3,4,4,16,1,18,10,12,2,1,0,6,2,7,24,7024,4,2013,"2C3CDXBG8DH6","2","C","3","C","D","X","B","G","8","D","H","6",0,0,0,"000000000","00000000000",0,0,0,1,0,0,0,0,0,0,0,55,0,0,0,12,6,2,12,0,0,0,1,6,93249,6,1,0,0,3,0,65,168,0,0,0,0,0,0,0,0,0,0,0,0,0,0,1,2,55,1,1,2,1,0,0,1,62,16,2,1,98,"777777777777","777777777777","777777777777",0,0
6,60113,4,4,1,16,1,18,10,12,2,1,0,18,3,82,881,82881,66,2013,"3AKJGLBG8DSB","3","A","K","J","G","L","B","G","8","D","S","B",1,1,57,"054283","57054283",3,6,1,1,0,0,0,0,0,0,0,55,0,0,0,9,2,5,54,0,0,0,1,32,89434,6,1,6,0,3,3,71,210,0,0,0,3,0,3,2011,8,2013,0,0,0,0,0,1,2,55,1,1,2,1,0,0,1,98,9,1,1,98,"999999999999","777777777777","777777777777",0,0
6,60114,1,2,1,7,2,14,7,12,6,1,0,6,1,53,706,53706,80,2014,"JS1GR7MA0E21","J","S","1","G","R","7","M","A","0","E","2","1",0,0,0,"000000000","00000000000",0,0,0,1,0,0,0,0,0,0,0,998,0,0,0,12,6,2,12,0,0,0,1,6,95159,6,1,0,0,3,3,67,160,0,0,0,0,0,0,0,0,0,9,39,0,0,0,3,4,98,1,1,8,1,3,3,1,55,1,1,1,88,"777777777777","777777777777","777777777777",1,0
6,60114,2,2,1,7,2,14,7,12,6,1,0,6,1,12,401,12401,14,2012,"1FMHK8F81CGA","1","F","M","H","K","8","F","8","1","C","G","A",0,0,0,"000000000","00000000000",0,0,0,1,0,0,0,0,0,0,0,998,0,0,0,63,4,3,12,0,0,0,1,6,95121,6,1,6,0,3,0,68,175,0,0,0,0,1,3,2015,3,2015,0,0,0,0,0,3,4,98,1,1,8,1,3,3,1,66,1,1,1,89,"777777777777","777777777777","777777777777",0,0
6,60115,1,2,2,19,1,3,35,12,6,1,0,6,1,35,47,35047,4,2011,"1N4AL2AP6BC1","1","N","4","A","L","2","A","P","6","B","C","1",0,0,0,"000000000","00000000000",0,0,0,1,0,0,0,0,0,0,0,999,1,0,0,12,6,2,12,0,0,0,1,6,92344,6,1,0,0,3,3,73,197,0,0,0,0,0,0,0,0,0,4,0,0,0,0,1,2,55,1,1,2,1,0,0,1,50,1,1,1,98,"777777777777","777777777777","777777777777",1,0
6,60115,2,2,0,19,1,3,35,12,6,1,0,6,6,82,881,82881,66,2015,"3AKJGND68FDG","3","A","K","J","G","N","D","6","8","F","D","G",1,1,57,"2633119","572633119",3,6,4,1,0,0,0,0,0,0,0,0,0,0,0,8,4,5,12,0,0,0,0,0,99997,7,6,97,7,6,7,998,997,998,998,998,998,998,98,9998,98,9998,8,20,54,0,0,1,2,55,1,1,2,1,0,0,0,53,0,0,0,98,"4E7AA39225AT","777777777777","777777777777",0,0
6,60116,1,1,1,9,1,0,57,8,0,1,0,6,1,49,401,49401,14,1993,"JT4VN93G9P50","J","T","4","V","N","9","3","G","9","P","5","0",0,0,0,"000000000","00000000000",0,0,0,1,0,0,0,0,0,0,0,20,0,0,0,12,2,5,8,0,0,0,1,6,95833,6,1,0,0,3,0,67,162,2,0,0,0,0,1,2014,12,2014,0,0,0,0,0,2,2,45,1,8,2,2,0,0,1,80,16,1,1,13,"777777777777","777777777777","777777777777",0,0
6,60117,1,1,1,31,1,6,7,18,0,1,0,6,3,12,444,12444,20,2015,"NM0LS7F71F12","N","M","0","L","S","7","F","7","1","F","1","2",0,0,0,"000000000","00000000000",0,0,0,1,0,0,0,0,0,0,0,55,0,0,0,12,6,2,8,0,0,0,1,6,93454,6,1,0,0,3,0,65,165,0,0,0,0,0,0,0,0,0,0,0,0,0,0,1,2,55,1,1,2,2,0,0,1,80,1,1,1,15,"777777777777","777777777777","777777777777",0,0
6,60118,1,2,2,28,1,16,6,12,6,1,0,6,1,59,34,59034,4,1994,"JT8GK13T8R00","J","T","8","G","K","1","3","T","8","R","0","0",0,0,0,"000000000","00000000000",0,0,0,1,0,0,0,0,0,0,0,55,0,0,0,83,6,2,12,0,0,0,1,6,95684,6,1,0,0,3,0,66,150,0,0,0,0,0,0,0,0,0,4,0,0,0,0,1,2,55,3,8,2,2,0,0,14,6,99,4,2,66,"777777777777","777777777777","777777777777",1,0
6,60118,2,2,1,28,1,16,6,12,6,1,0,6,1,12,421,12421,15,1986,"1FMDU15N9GLB","1","F","M","D","U","1","5","N","9","G","L","B",0,0,0,"000000000","00000000000",0,0,0,1,0,0,0,0,0,0,0,45,0,0,0,12,6,2,12,0,0,0,1,6,95726,6,1,6,0,3,0,67,200,0,0,0,0,0,0,0,0,0,0,0,0,0,0,1,2,55,2,8,2,2,0,0,14,62,99,1,1,66,"777777777777","777777777777","777777777777",0,0
6,60119,1,1,1,16,2,18,50,8,0,1,1,6,1,37,31,37031,4,2015,"19XFB2F5XFE7","1","9","X","F","B","2","F","5","X","F","E","7",0,0,0,"000000000","00000000000",0,0,0,1,0,0,0,0,0,0,0,60,0,0,0,12,4,3,8,0,0,0,1,6,91745,6,1,0,0,3,0,73,201,1,0,0,0,2,10,2015,11,2015,0,35,51,0,0,5,3,30,1,1,2,1,0,0,15,80,1,1,2,13,"777777777777","777777777777","777777777777",0,0
6,60120,1,2,1,6,2,12,35,12,6,1,0,6,2,12,17,12017,4,1993,"1FACP52UXPG3","1","F","A","C","P","5","2","U","X","P","G","3",0,0,0,"000000000","00000000000",0,0,0,1,0,0,0,0,0,0,0,998,0,0,0,9,6,2,12,0,0,0,1,6,95965,6,1,0,0,3,3,66,180,0,0,0,0,0,0,0,0,0,0,38,0,0,0,1,2,55,1,1,2,1,20,3,4,17,1,1,1,89,"777777777777","777777777777","777777777777",1,1
6,60120,2,2,2,6,2,12,35,12,6,1,0,6,2,12,481,12481,31,2012,"1FT8W3B60CEA","1","F","T","8","W","3","B","6","0","C","E","A",0,0,0,"000000000","00000000000",0,0,0,1,0,0,0,0,0,0,0,43,0,0,0,12,6,2,12,0,0,0,1,6,95965,6,2,0,0,3,0,70,155,0,0,0,0,0,0,0,0,0,0,0,0,0,0,1,2,55,1,1,2,1,0,0,1,66,8,1,1,88,"777777777777","777777777777","777777777777",0,0
6,60121,1,2,1,29,1,8,25,12,6,1,0,6,2,49,32,49032,4,1991,"2T1AE91AXMC1","2","T","1","A","E","9","1","A","X","M","C","1",0,0,0,"000000000","00000000000",0,0,0,1,0,0,0,0,0,0,0,998,0,0,0,61,6,2,12,0,0,0,1,6,91767,6,1,0,0,3,3,66,170,0,0,0,0,0,0,0,0,0,0,0,0,0,0,1,2,35,1,8,2,1,0,0,12,21,99,1,7,98,"777777777777","777777777777","777777777777",1,0
6,60121,2,2,1,29,1,8,25,12,6,1,0,6,9,49,32,49032,4,2005,"JHMCN36445C0","J","H","M","C","N","3","6","4","4","5","C","0",0,0,0,"000000000","00000000000",0,0,0,1,0,0,0,0,0,0,0,998,0,0,0,12,4,3,12,0,0,0,1,6,91767,6,1,0,0,3,0,68,135,1,0,0,1,1,3,2014,8,2015,0,0,0,0,0,1,2,35,1,8,2,1,0,0,1,61,99,1,1,98,"777777777777","777777777777","777777777777",0,0