"STATE","ST_CASE","VEH_NO","VE_FORMS","NUMOCCS","DAY","MONTH","HOUR","MINUTE","HARM_EV","MAN_COLL","UNITTYPE","HIT_RUN","REG_STAT","OWNER","MAKE","MODEL","MAK_MOD","BODY_TYP","MOD_YEAR","VIN","VIN_1","VIN_2","VIN_3","VIN_4","VIN_5","VIN_6","VIN_7","VIN_8","VIN_9","VIN_10","VIN_11","VIN_12","TOW_VEH","J_KNIFE","MCARR_I1","MCARR_I2","MCARR_ID","GVWR","V_CONFIG","CARGO_BT","HAZ_INV","HAZ_PLAC","HAZ_ID","HAZ_CNO","HAZ_REL","BUS_USE","SPEC_USE","EMER_USE","TRAV_SP","UNDERIDE","ROLLOVER","ROLINLOC","IMPACT1","DEFORMED","TOWED","M_HARM","VEH_SC1","VEH_SC2","FIRE_EXP","DR_PRES","L_STATE","DR_ZIP","L_STATUS","L_TYPE","CDL_STAT","L_ENDORS","L_COMPL","L_RESTRI","DR_HGT","DR_WGT","PREV_ACC","PREV_SUS","PREV_DWI","PREV_SPD","PREV_OTH","FIRST_MO","FIRST_YR","LAST_MO","LAST_YR","SPEEDREL","DR_SF1","DR_SF2","DR_SF3","DR_SF4","VTRAFWAY","VNUM_LAN","VSPD_LIM","VALIGN","VPROFILE","VPAVETYP","VSURCOND","VTRAFCON","VTCONT_F","P_CRASH1","P_CRASH2","P_CRASH3","PCRASH4","PCRASH5","ACC_TYPE","TRLR1VIN","TRLR2VIN","TRLR3VIN","DEATHS","DR_DRINK"
6,60155,1,1,2,22,2,3,10,46,0,1,0,6,2,49,32,49032,4,2009,"1NXBU40E29Z0","1","N","X","B","U","4","0","E","2","9","Z","0",0,0,0,"000000000","00000000000",0,0,0,1,0,0,0,0,0,0,0,998,0,0,0,12,6,2,46,0,0,0,1,6,90033,6,1,0,0,3,0,62,150,0,0,0,0,0,0,0,0,0,0,91,0,0,0,1,7,35,8,8,8,1,3,3,1,12,99,1,4,6,"777777777777","777777777777","777777777777",1,1
6,60156,1,1,1,14,2,17,1,8,0,1,0,6,2,49,40,49040,4,2015,"4T1BF1FK0FU0","4","T","1","B","F","1","F","K","0","F","U","0",0,0,0,"000000000","00000000000",0,0,0,1,0,0,0,0,0,0,0,998,0,0,0,12,4,5,8,0,0,0,1,6,92102,6,1,0,0,3,0,64,112,0,1,0,0,0,4,2013,4,2013,0,0,0,0,0,1,2,25,8,5,1,1,2,3,1,80,99,1,1,13,"777777777777","777777777777","777777777777",0,0
6,60157,1,3,1,1,2,17,3,12,2,1,0,6,2,35,47,35047,4,2012,"1N4AL2AP9CC1","1","N","4","A","L","2","A","P","9","C","C","1",0,0,0,"000000000","00000000000",0,0,0,1,0,0,0,0,0,0,0,55,0,0,0,12,6,2,12,0,0,0,1,6,93725,6,1,0,0,3,3,76,172,1,0,0,0,0,8,2014,8,2014,0,28,0,0,0,1,2,55,1,1,2,1,0,0,1,10,99,1,2,50,"777777777777","777777777777","777777777777",0,0
6,60157,2,3,1,1,2,17,3,12,2,1,0,6,2,20,25,20025,4,2014,"1G1PC5SB3E71","1","G","1","P","C","5","S","B","3","E","7","1",0,0,0,"000000000","00000000000",0,0,0,1,0,0,0,0,0,0,0,53,0,0,0,12,6,2,12,0,0,0,1,6,93609,6,1,0,0,3,0,61,160,0,0,0,0,0,0,0,0,0,0,0,0,0,0,1,2,55,1,1,2,1,0,0,1,62,99,1,1,51,"777777777777","777777777777","777777777777",1,0
6,60157,3,3,1,1,2,17,3,12,2,1,0,6,2,20,481,20481,31,2014,"3GCUKSEC0EG1","3","G","C","U","K","S","E","C","0","E","G","1",0,0,0,"000000000","00000000000",0,0,0,1,0,0,0,0,0,0,0,50,0,0,0,12,2,5,54,0,0,0,1,6,93609,6,1,0,0,3,0,74,190,0,0,0,0,2,9,2014,5,2015,0,0,0,0,0,1,2,55,1,1,2,1,0,0,1,98,99,1,1,98,"777777777777","777777777777","777777777777",0,0
6,60158,1,1,1,23,1,18,41,8,0,1,0,6,1,49,40,49040,4,2009,"4T1BE46K99U8","4","T","1","B","E","4","6","K","9","9","U","8",0,0,0,"000000000","00000000000",0,0,0,1,0,0,0,0,0,0,0,998,0,0,0,12,4,5,8,0,0,0,1,6,95209,6,1,0,0,3,0,66,128,0,0,0,1,0,12,2015,12,2015,0,0,0,0,0,2,2,40,1,1,2,1,0,0,1,80,99,1,1,13,"777777777777","777777777777","777777777777",0,0
6,60159,1,1,1,4,3,22,54,8,0,1,0,6,2,49,442,49442,20,2015,"5TDKK3DC3FS5","5","T","D","K","K","3","D","C","3","F","S","5",0,0,0,"000000000","00000000000",0,0,0,1,0,0,0,0,0,0,0,75,0,0,0,12,6,2,8,0,0,0,1,6,91730,6,1,0,0,3,0,67,136,0,0,0,0,0,0,0,0,0,0,0,0,0,0,3,5,65,8,8,2,1,0,0,1,80,99,1,1,13,"777777777777","777777777777","777777777777",0,0
6,60160,1,2,2,29,2,10,43,12,6,1,0,6,2,13,16,13016,6,2013,"2LMHJ5AT6DBL","2","L","M","H","J","5","A","T","6","D","B","L",0,0,0,"000000000","00000000000",0,0,0,1,0,0,0,0,0,0,0,55,0,0,0,12,6,2,12,0,0,0,1,6,93631,6,1,0,0,3,0,68,220,0,0,0,2,1,10,2014,11,2015,0,39,0,0,0,1,2,55,8,8,2,1,20,3,1,17,99,1,1,86,"777777777777","777777777777","777777777777",0,0
6,60160,2,2,1,29,2,10,43,12,6,1,0,6,2,12,471,12471,30,1996,"1FTCR10A5TTA","1","F","T","C","R","1","0","A","5","T","T","A",0,0,0,"000000000","00000000000",0,0,0,1,0,0,0,0,0,0,0,55,0,1,5,82,6,2,12,0,0,0,1,6,93230,6,1,0,0,3,3,74,210,0,0,0,0,0,0,0,0,0,0,0,0,0,0,1,2,55,8,8,2,1,0,0,1,66,99,1,1,87,"777777777777","777777777777","777777777777",1,0
6,60161,1,1,1,1,2,4,5,8,0,1,0,6,1,12,3,12003,2,2000,"1FAFP4443YF1","1","F","A","F","P","4","4","4","3","Y","F","1",0,0,0,"000000000","00000000000",0,0,0,1,0,0,0,0,0,0,0,65,0,0,0,12,4,5,8,0,0,0,1,6,92345,6,1,8,0,3,0,66,180,0,0,0,0,0,0,0,0,0,0,0,0,0,0,3,4,70,1,1,2,2,0,0,1,80,1,1,1,13,"777777777777","777777777777","777777777777",0,0
6,60162,1,1,1,15,2,0,20,8,0,1,1,99,9,99,999,99999,99,9999,"999999999999","9","9","9","9","9","9","9","9","9","9","9","9",0,0,0,"000000000","00000000000",0,0,0,1,0,0,0,0,0,0,0,998,0,0,0,98,9,5,8,99,99,0,1,99,99999,9,9,99,9,9,9,999,999,99,99,99,99,99,99,9999,99,9999,9,99,99,99,99,1,4,35,8,8,8,1,0,0,1,80,99,9,1,13,"777777777777","777777777777","777777777777",0,0
6,60163,1,1,1,1,2,5,23,43,0,1,0,6,1,49,471,49471,30,1993,"JT4VN93D0P50","J","T","4","V","N","9","3","D","0","P","5","0",0,0,0,"000000000","00000000000",0,0,0,1,0,0,0,0,0,0,0,40,0,1,5,12,6,2,43,0,0,0,1,6,93620,6,1,0,0,3,0,68,160,1,0,0,0,0,10,2015,10,2015,0,51,0,0,0,1,2,55,1,1,2,1,0,0,1,12,99,1,4,6,"777777777777","777777777777","777777777777",1,0
6,60164,1,2,1,19,2,17,55,12,6,1,1,6,1,63,401,63401,14,2007,"KNDJF7249773","K","N","D","J","F","7","2","4","9","7","7","3",0,0,0,"000000000","00000000000",0,0,0,1,0,0,0,0,0,0,0,999,0,0,0,62,6,2,12,0,0,0,1,6,93550,1,1,0,0,2,0,63,150,2,2,0,1,0,7,2013,5,2015,0,38,0,0,0,1,2,60,1,1,2,1,20,3,11,17,99,1,1,82,"777777777777","777777777777","777777777777",0,1
6,60164,2,2,1,19,2,17,55,12,6,1,0,6,1,73,703,73703,80,2006,"JKAEXMF1X6DA","J","K","A","E","X","M","F","1","X","6","D","A",0,0,0,"000000000","00000000000",0,0,0,1,0,0,0,0,0,0,0,998,0,0,0,12,6,2,12,0,0,0,1,6,93536,6,1,0,0,3,3,71,169,2,0,0,0,0,7,2014,8,2015,0,0,0,0,0,1,5,60,1,1,2,1,0,0,1,66,99,1,1,83,"777777777777","777777777777","777777777777",1,0
6,60165,1,1,1,4,2,18,50,8,0,1,0,6,0,49,403,49403,14,2005,"JTEDD21A5501","J","T","E","D","D","2","1","A","5","5","0","1",0,0,0,"000000000","00000000000",0,0,0,1,0,0,0,0,0,0,0,998,0,0,0,12,4,5,8,0,0,0,1,6,90019,6,1,0,0,3,3,67,160,0,0,0,0,1,1,2015,1,2015,0,0,0,0,0,5,4,35,8,8,8,1,0,0,1,80,99,1,1,13,"777777777777","777777777777","777777777777",0,0
6,60166,1,1,1,27,2,14,30,1,0,1,0,5,1,63,33,63033,4,2009,"KNAFE2225956","K","N","A","F","E","2","2","2","5","9","5","6",0,0,0,"000000000","00000000000",0,0,0,1,0,0,0,0,0,0,0,998,0,1,1,0,6,2,1,0,0,0,1,6,93306,6,1,0,0,3,0,63,148,0,1,0,0,0,2,2015,2,2015,0,0,0,0,0,2,2,55,1,8,2,1,0,0,1,12,7,3,6,98,"777777777777","777777777777","777777777777",1,1
6,60167,1,2,1,18,1,21,11,8,0,1,0,6,1,35,39,35039,4,2013,"1N4AA5AP1DC8","1","N","4","A","A","5","A","P","1","D","C","8",0,0,0,"000000000","00000000000",0,0,0,1,0,0,0,0,0,0,0,70,0,0,0,12,6,2,8,0,0,0,1,6,91767,6,1,0,0,3,0,74,190,1,0,0,0,0,10,2015,10,2015,0,0,0,0,0,3,4,65,1,1,1,1,0,0,1,80,1,1,1,13,"777777777777","777777777777","777777777777",0,0
6,60167,2,2,4,18,1,21,11,8,0,1,0,6,2,37,37,37037,5,2010,"JHMZE2H75AS0","J","H","M","Z","E","2","H","7","5","A","S","0",0,0,0,"000000000","00000000000",0,0,0,1,0,0,0,0,0,0,0,70,0,0,0,13,2,5,8,0,0,0,1,6,90247,6,1,0,0,3,0,66,130,1,0,0,1,0,8,2014,11,2015,0,0,0,0,0,3,4,65,1,1,1,1,0,0,1,80,1,1,1,98,"777777777777","777777777777","777777777777",0,0
6,60168,1,2,1,8,1,19,12,33,0,1,0,6,2,72,706,72706,80,2007,"1HD1KB4397Y6","1","H","D","1","K","B","4","3","9","7","Y","6",0,0,0,"000000000","00000000000",0,0,0,1,0,0,0,0,0,0,0,55,0,0,0,12,2,5,12,0,0,0,1,6,90250,6,1,0,0,3,3,68,214,1,0,0,0,0,4,2014,4,2014,0,0,0,0,0,6,1,65,2,8,8,1,0,0,14,12,99,1,4,6,"777777777777","777777777777","777777777777",1,1
6,60168,2,2,1,8,1,19,12,33,0,1,0,6,3,84,988,84988,50,2005,"4DRBWAAN95A9","4","D","R","B","W","A","A","N","9","5","A","9",0,0,6,"172546","06172546",3,21,22,1,0,0,0,0,1,2,0,60,0,0,0,81,2,5,12,0,0,0,1,6,90660,6,1,6,1,3,1,67,180,0,0,0,0,0,0,0,0,0,0,0,0,0,0,3,5,65,8,8,1,1,0,0,1,61,99,1,1,98,"777777777777","777777777777","777777777777",0,0
6,60169,1,2,1,4,3,11,8,12,2,1,0,6,1,37,706,37706,80,2001,"JH2SC44431M1","J","H","2","S","C","4","4","4","3","1","M","1",0,0,0,"000000000","00000000000",0,0,0,1,0,0,0,0,0,0,0,999,0,0,0,12,6,2,12,0,0,1,1,6,90701,6,1,0,0,3,0,67,200,0,0,0,0,0,0,0,0,0,4,51,0,0,0,2,2,55,2,5,2,1,0,0,14,6,7,1,2,50,"777777777777","777777777777","777777777777",1,0
6,60169,2,2,2,4,3,11,8,12,2,1,0,6,1,49,472,49472,40,2002,"5TEHN72N92Z1","5","T","E","H","N","7","2","N","9","2","Z","1",0,0,0,"000000000","00000000000",0,0,0,1,0,0,0,0,0,0,0,35,0,0,0,12,6,2,12,0,0,0,1,6,92325,6,1,0,0,3,3,66,180,0,0,0,0,0,0,0,0,0,0,0,0,0,0,2,2,55,3,6,2,1,0,0,14,62,99,2,1,51,"777777777777","777777777777","777777777777",0,0
6,60170,1,1,2,12,2,17,45,8,0,1,1,6,1,49,32,49032,4,2015,"2T1BURHE0FC2","2","T","1","B","U","R","H","E","0","F","C","2",0,0,0,"000000000","00000000000",0,0,0,1,0,0,0,0,0,0,0,998,0,0,0,12,2,3,8,0,0,0,1,6,92154,6,1,0,0,3,0,68,165,0,1,0,1,1,3,2014,3,2015,4,85,0,0,0,1,2,15,1,1,1,1,0,0,6,80,1,1,2,13,"777777777777","777777777777","777777777777",0,1
6,60171,1,2,3,19,1,6,25,12,7,1,0,40,4,12,461,12461,21,2014,"1FDWE3FL2EDA","1","F","D","W","E","3","F","L","2","E","D","A",0,0,0,"000000000","00000000000",0,0,0,1,0,0,0,0,0,0,0,38,0,0,0,4,2,5,54,0,0,0,1,6,90605,6,1,0,0,3,0,60,161,0,0,0,1,0,12,2015,12,2015,0,27,0,0,0,3,5,65,1,8,1,1,0,0,15,11,1,1,2,46,"777777777777","777777777777","777777777777",0,0
6,60171,2,2,1,19,1,6,25,12,7,1,0,6,1,76,705,76705,80,2005,"JYARJ06Y05A0","J","Y","A","R","J","0","6","Y","0","5","A","0",0,0,0,"000000000","00000000000",0,0,0,1,0,0,0,0,0,0,0,45,0,0,0,10,6,2,54,0,0,0,1,6,90220,6,1,6,0,3,3,70,195,0,0,0,0,1,6,2015,6,2015,0,0,0,0,0,3,5,65,1,8,1,1,0,0,1,60,9,1,1,45,"777777777777","777777777777","777777777777",1,0
6,60172,1,1,1,18,1,18,5,8,0,1,1,99,9,49,32,49032,8,9999,"999999999999","9","9","9","9","9","9","9","9","9","9","9","9",0,0,0,"000000000","00000000000",0,0,0,1,0,0,0,0,0,0,0,999,0,0,0,81,9,5,8,0,0,0,1,99,99999,9,9,99,9,9,9,999,999,99,99,99,99,99,99,9999,99,9999,0,0,0,0,0,1,2,55,8,1,2,1,0,0,1,80,1,1,1,13,"777777777777","777777777777","777777777777",0,0
6,60173,1,1,2,4,3,23,20,8,0,1,0,6,2,12,401,12401,14,1996,"1FMDU32P8TZA","1","F","M","D","U","3","2","P","8","T","Z","A",0,0,0,"000000000","00000000000",0,0,0,1,0,0,0,0,0,0,0,60,0,0,0,12,2,3,8,0,0,0,1,6,93721,6,1,0,0,3,0,68,138,0,0,0,0,0,0,0,0,0,0,0,0,0,0,1,2,55,1,1,2,2,0,0,1,80,16,1,1,13,"777777777777","777777777777","777777777777",0,0
6,60174,1,1,3,23,1,18,59,8,0,1,0,6,1,23,431,23431,16,1999,"3GKEC16R6XG5","3","G","K","E","C","1","6","R","6","X","G","5",0,0,0,"000000000","00000000000",0,0,0,1,0,0,0,0,0,0,0,60,0,0,0,12,2,3,8,0,0,0,1,6,93535,1,1,0,0,2,3,61,145,0,2,0,1,0,9,2012,12,2014,0,21,0,0,0,1,2,55,1,1,2,1,0,0,1,11,9,1,4,13,"777777777777","777777777777","777777777777",0,0
6,60175,1,2,1,29,2,7,57,12,6,1,0,6,2,63,37,63037,6,2015,"KNDJN2A20F72","K","N","D","J","N","2","A","2","0","F","7","2",0,0,0,"000000000","00000000000",0,0,0,1,0,0,0,0,0,0,0,998,0,0,0,62,6,2,12,0,0,0,1,6,92585,6,1,0,0,3,0,61,150,0,0,0,0,0,0,0,0,0,0,38,0,0,0,1,2,55,1,1,2,1,20,3,11,17,99,1,1,82,"777777777777","777777777777","777777777777",1,1
6,60175,2,2,3,29,2,7,57,12,6,1,0,48,2,53,404,53404,14,2007,"JS3TE9449742","J","S","3","T","E","9","4","4","9","7","4","2",0,0,0,"000000000","00000000000",0,0,0,1,0,0,0,0,0,0,0,55,0,1,1,12,6,2,12,0,0,0,1,6,92220,6,1,0,0,3,0,64,170,0,0,0,0,0,0,0,0,0,0,0,0,0,0,1,2,55,1,1,2,1,0,0,1,67,7,1,1,83,"777777777777","777777777777","777777777777",0,0
6,60176,1,1,1,14,2,17,6,8,0,1,0,6,1,49,32,49032,4,2005,"1NXBR32EX5Z4","1","N","X","B","R","3","2","E","X","5","Z","4",0,0,0,"000000000","00000000000",0,0,0,1,0,0,0,0,0,0,0,998,0,0,0,12,2,3,8,0,0,0,1,6,92126,6,1,0,0,3,0,65,150,0,0,0,0,0,0,0,0,0,4,0,0,0,0,1,2,25,1,8,8,1,0,0,1,80,1,1,1,13,"777777777777","777777777777","777777777777",0,1
6,60177,1,2,2,10,2,18,50,12,6,1,0,6,2,19,18,19018,4,2006,"1G6DM57T1602","1","G","6","D","M","5","7","T","1","6","0","2",0,0,0,"000000000","00000000000",0,0,0,1,0,0,0,0,0,0,0,998,0,0,0,81,6,2,12,0,0,0,1,6,93536,6,1,0,0,3,0,69,140,0,0,0,0,0,0,0,0,0,0,38,39,0,0,1,2,55,1,8,2,1,20,3,1,17,99,1,1,87,"777777777777","777777777777","777777777777",1,1
6,60177,2,2,1,10,2,18,50,12,6,1,0,6,1,12,27,12027,5,2013,"1FADP5CU9DL5","1","F","A","D","P","5","C","U","9","D","L","5",0,0,0,"000000000","00000000000",0,0,0,1,0,0,0,0,0,0,0,58,0,0,0,12,6,2,12,0,0,0,1,6,94710,6,1,0,0,3,0,65,126,0,0,0,0,0,0,0,0,0,0,0,0,0,0,1,2,55,1,8,2,1,0,0,1,66,99,1,1,86,"777777777777","777777777777","777777777777",0,0
6,60178,1,1,1,29,1,3,5,8,0,1,0,6,1,30,40,30040,4,2009,"3VWRZ71K89M1","3","V","W","R","Z","7","1","K","8","9","M","1",0,0,0,"000000000","00000000000",0,0,0,1,0,0,0,0,0,0,0,70,0,0,0,12,6,2,8,0,0,0,1,6,90063,1,1,0,0,2,0,70,200,0,3,1,0,1,5,2011,5,2015,0,0,0,0,0,3,5,65,1,1,1,1,0,0,1,80,1,1,1,13,"777777777777","777777777777","777777777777",0,0
6,60179,1,2,1,10,2,14,51,12,6,1,0,42,1,24,401,24401,14,2004,"5GZCZ43DX4S8","5","G","Z","C","Z","4","3","D","X","4","S","8",0,0,0,"000000000","00000000000",0,0,0,1,0,0,0,0,0,0,0,998,0,0,0,12,6,2,12,0,0,0,1,42,19038,6,1,0,0,3,3,70,170,2,0,0,0,0,8,2015,9,2015,0,28,0,0,0,2,2,50,1,5,1,1,0,0,1,12,99,4,4,66,"777777777777","777777777777","777777777777",1,1
6,60179,2,2,1,10,2,14,51,12,6,1,0,6,2,54,36,54036,4,2006,"JH4KB16536C0","J","H","4","K","B","1","6","5","3","6","C","0",0,0,0,"000000000","00000000000",0,0,0,1,0,0,0,0,0,0,0,998,0,0,0,61,6,2,12,0,0,0,1,6,92122,6,1,0,0,3,3,65,150,0,0,0,0,0,0,0,0,0,0,0,0,0,0,2,2,50,1,6,1,1,0,0,1,62,7,1,1,66,"777777777777","777777777777","777777777777",0,0
6,60180,1,2,4,28,1,9,20,12,6,1,0,6,3,12,461,12461,21,2011,"1FTNE1EW8BDA","1","F","T","N","E","1","E","W","8","B","D","A",0,0,0,"000000000","00000000000",0,0,0,1,0,0,0,0,0,0,0,998,0,0,0,12,6,2,12,0,0,0,1,6,93274,6,1,0,0,3,3,68,230,1,0,0,0,0,8,2014,8,2014,0,38,0,0,0,1,2,55,1,1,2,1,0,0,11,15,99,1,1,68,"777777777777","777777777777","777777777777",1,0
6,60180,2,2,1,28,1,9,20,12,6,1,0,6,3,85,884,85884,66,2016,"1XKYDP9X0GJ4","1","X","K","Y","D","P","9","X","0","G","J","4",1,1,57,"116265","57116265",3,6,2,1,0,0,0,0,0,0,0,50,0,0,0,11,6,2,12,0,0,0,1,6,93230,6,1,6,1,3,3,68,185,2,0,0,1,0,12,2013,9,2015,0,0,0,0,0,1,2,55,1,1,2,1,0,0,1,66,9,2,1,69,"16WTE123XFC1","777777777777","777777777777",0,0
6,60181,1,1,1,12,2,18,23,8,0,1,0,6,1,49,40,49040,4,1998,"4T1BF18B5WU2","4","T","1","B","F","1","8","B","5","W","U","2",0,0,0,"000000000","00000000000",0,0,0,1,0,0,0,0,0,0,0,998,0,0,0,12,2,5,8,0,0,0,1,6,92105,6,1,0,0,3,3,69,185,0,0,0,0,0,0,0,0,0,0,0,0,0,0,6,2,65,1,6,2,1,0,0,1,80,6,1,1,13,"777777777777","777777777777","777777777777",0,0
6,60182,1,2,2,11,2,4,20,12,6,1,0,6,2,49,32,49032,4,2015,"5YFBURHE2FP2","5","Y","F","B","U","R","H","E","2","F","P","2",0,0,0,"000000000","00000000000",0,0,0,1,0,0,0,0,0,0,0,998,0,0,0,62,6,2,12,0,0,0,1,6,93550,6,1,0,0,3,0,57,145,0,0,0,0,0,0,0,0,0,0,39,0,0,0,6,2,98,1,8,2,1,20,3,11,15,99,1,1,82,"777777777777","777777777777","777777777777",0,0
6,60182,2,2,1,11,2,4,20,12,6,1,0,6,1,53,706,53706,80,2014,"JS1GR7MA7E21","J","S","1","G","R","7","M","A","7","E","2","1",0,0,0,"000000000","00000000000",0,0,0,1,0,0,0,0,0,0,0,998,0,0,0,12,6,2,12,0,0,0,1,6,93536,6,1,0,0,3,0,72,170,1,0,0,0,0,8,2014,8,2014,4,0,0,0,0,2,2,50,1,8,2,1,0,0,1,67,99,1,1,83,"777777777777","777777777777","777777777777",1,0
6,60183,1,2,2,29,1,17,24,12,2,1,0,6,1,21,22,21022,4,1995,"1G3GR62C4S41","1","G","3","G","R","6","2","C","4","S","4","1",0,0,0,"000000000","00000000000",0,0,0,1,0,0,0,0,0,0,0,55,0,0,0,12,6,2,12,0,0,0,1,6,93908,6,1,0,0,3,0,70,185,0,0,0,0,0,0,0,0,0,0,38,0,0,0,1,2,55,8,1,2,1,0,0,1,10,99,1,2,50,"777777777777","777777777777","777777777777",0,0
6,60183,2,2,2,29,1,17,24,12,2,1,0,6,1,24,401,24401,14,2007,"5GZCZ33Z77S8","5","G","Z","C","Z","3","3","Z","7","7","S","8",0,0,0,"000000000","00000000000",0,0,0,1,0,0,0,0,0,0,0,55,0,0,0,12,6,2,12,0,0,0,1,6,93955,6,1,0,0,3,0,71,285,0,0,0,0,0,0,0,0,0,0,0,0,0,0,1,2,55,8,1,2,1,0,0,1,62,7,1,1,51,"777777777777","777777777777","777777777777",1,0
6,60184,1,2,1,12,2,21,10,1,0,1,0,6,1,53,706,53706,80,2007,"JS1GR7KAX721","J","S","1","G","R","7","K","A","X","7","2","1",0,0,0,"000000000","00000000000",0,0,0,1,0,0,0,0,0,0,0,998,0,0,0,0,2,3,54,0,0,0,1,6,92126,6,1,0,0,3,3,68,125,0,0,0,0,0,0,0,0,0,0,51,0,0,0,2,2,45,1,5,1,1,0,0,1,98,99,9,1,98,"777777777777","777777777777","777777777777",1,0
6,60184,2,2,1,12,2,21,10,1,0,1,0,48,2,49,401,49401,14,2007,"JTEZU14RX780","J","T","E","Z","U","1","4","R","X","7","8","0",0,0,0,"000000000","00000000000",0,0,0,1,0,0,0,0,0,0,0,28,0,0,0,12,2,5,54,0,0,0,1,48,92126,6,1,0,0,3,0,64,155,0,0,0,0,0,0,0,0,0,0,0,0,0,0,2,2,45,1,6,1,1,0,0,1,98,7,1,4,98,"777777777777","777777777777","777777777777",0,0
6,60185,1,3,1,6,2,12,39,12,1,1,0,38,1,12,481,12481,31,2002,"1FTNX20F92EA","1","F","T","N","X","2","0","F","9","2","E","A",0,0,0,"000000000","00000000000",0,0,0,1,0,0,0,0,0,0,0,50,0,0,0,12,4,3,12,0,0,0,1,38,93308,6,1,0,0,3,0,72,215,0,0,0,3,0,7,2013,3,2014,4,0,0,0,0,1,2,55,8,8,1,1,0,0,1,50,9,2,1,20,"777777777777","777777777777","777777777777",0,1
6,60185,2,3,1,6,2,12,39,12,1,1,0,6,1,37,31,37031,2,2010,"2HGFG1B69AH5","2","H","G","F","G","1","B","6","9","A","H","5",0,0,0,"000000000","00000000000",0,0,0,1,0,0,0,0,0,0,0,0,0,0,0,6,6,2,12,0,0,1,1,6,93215,6,1,0,0,3,3,72,176,0,0,0,0,0,0,0,0,0,0,0,0,0,0,1,2,55,8,8,1,1,0,0,5,53,99,1,1,21,"777777777777","777777777777","777777777777",1,0
6,60185,3,3,1,6,2,12,39,12,1,1,0,93,3,86,881,86881,66,1985,"1M1AW09Y2FM0","1","M","1","A","W","0","9","Y","2","F","M","0",1,1,57,"1783015","571783015",3,6,2,1,0,0,0,0,0,0,0,55,0,0,0,12,4,3,12,0,0,0,1,6,93308,6,1,6,1,3,0,65,175,0,0,0,0,0,0,0,0,0,0,0,0,0,0,1,2,55,8,8,1,1,0,0,1,50,1,1,1,98,"1HLS4M7B0L7U","777777777777","777777777777",0,0
6,60186,1,2,1,29,2,18,5,12,6,1,0,6,1,98,709,98709,80,2001,"5CDM5B51X1G0","5","C","D","M","5","B","5","1","X","1","G","0",0,0,0,"000000000","00000000000",0,0,0,1,0,0,0,0,0,0,0,998,0,0,0,12,6,2,12,0,0,0,1,6,92571,6,1,0,0,3,0,69,170,0,0,0,0,0,0,0,0,0,0,51,0,0,0,5,3,55,3,1,2,1,0,0,14,10,1,1,2,64,"777777777777","777777777777","777777777777",1,0
6,60186,2,2,1,29,2,18,5,12,6,1,0,6,1,12,25,12025,6,2010,"2FMGK5BC7ABB","2","F","M","G","K","5","B","C","7","A","B","B",0,0,0,"000000000","00000000000",0,0,0,1,0,0,0,0,0,0,0,998,0,0,0,62,6,2,12,0,0,0,1,6,92530,6,1,0,0,3,3,61,140,0,0,0,0,0,0,0,0,0,0,0,0,0,0,5,3,55,2,1,2,1,0,0,14,62,1,1,1,65,"777777777777","777777777777","777777777777",0,0
6,60187,1,2,1,12,2,8,55,12,8,1,0,6,1,30,40,30040,4,2011,"3VW1K7AJ8BM3","3","V","W","1","K","7","A","J","8","B","M","3",0,0,0,"000000000","00000000000",0,0,0,1,0,0,0,0,0,0,0,25,0,0,0,62,6,2,12,0,0,0,1,6,94960,6,1,0,0,3,3,68,140,2,0,0,0,0,7,2013,4,2014,0,0,0,0,0,1,2,25,3,6,2,1,0,0,14,8,1,1,2,64,"777777777777","777777777777","777777777777",1,0
6,60187,2,2,1,12,2,8,55,12,8,1,0,6,3,98,898,98898,63,2006,"1CYCAB4876T0","1","C","Y","C","A","B","4","8","7","6","T","0",0,0,6,"34122","0634122",3,2,7,1,0,0,0,0,0,0,0,10,0,0,0,61,4,5,12,0,0,0,1,6,94954,6,1,6,0,3,0,67,150,0,0,0,1,0,3,2015,3,2015,0,0,0,0,0,1,2,25,2,5,2,1,0,0,14,62,99,1,1,65,"777777777777","777777777777","777777777777",0,0
6,60188,1,2,1,13,2,0,2,12,6,1,0,6,1,37,705,37705,80,2008,"JH2PC40068M1","J","H","2","P","C","4","0","0","6","8","M","1",0,0,0,"000000000","00000000000",0,0,0,1,0,0,0,0,0,0,0,35,0,0,0,12,6,2,12,0,0,0,1,6,90002,6,1,0,0,3,0,71,150,1,0,0,0,0,6,2015,6,2015,0,39,0,0,0,1,6,35,1,8,2,1,2,1,1,17,99,1,1,86,"777777777777","777777777777","777777777777",1,0
6,60188,2,2,1,13,2,0,2,12,6,1,0,6,1,23,401,23401,14,2006,"1GKDS13S5622","1","G","K","D","S","1","3","S","5","6","2","2",0,0,0,"000000000","00000000000",0,0,0,1,0,0,0,0,0,0,0,998,0,0,0,4,6,5,12,0,0,0,1,6,90255,6,1,0,0,3,0,70,140,0,4,0,1,2,1,2013,3,2015,0,0,0,0,0,1,5,35,1,8,2,1,2,1,1,66,1,1,1,87,"777777777777","777777777777","777777777777",0,0
6,60189,1,3,1,21,2,0,45,12,6,1,1,6,2,58,41,58041,4,2014,"JN1BV7AP1EM6","J","N","1","B","V","7","A","P","1","E","M","6",0,0,0,"000000000","00000000000",0,0,0,1,0,0,0,0,0,0,0,998,0,0,0,12,6,2,12,0,0,0,1,6,90222,6,1,0,0,3,0,67,170,0,0,0,0,0,0,0,0,0,5,39,0,0,0,1,5,40,1,1,8,1,3,3,1,17,99,9,1,88,"777777777777","777777777777","777777777777",0,0