"STATE","ST_CASE","VEH_NO","VE_FORMS","NUMOCCS","DAY","MONTH","HOUR","MINUTE","HARM_EV","MAN_COLL","UNITTYPE","HIT_RUN","REG_STAT","OWNER","MAKE","MODEL","MAK_MOD","BODY_TYP","MOD_YEAR","VIN","VIN_1","VIN_2","VIN_3","VIN_4","VIN_5","VIN_6","VIN_7","VIN_8","VIN_9","VIN_10","VIN_11","VIN_12","TOW_VEH","J_KNIFE","MCARR_I1","MCARR_I2","MCARR_ID","GVWR","V_CONFIG","CARGO_BT","HAZ_INV","HAZ_PLAC","HAZ_ID","HAZ_CNO","HAZ_REL","BUS_USE","SPEC_USE","EMER_USE","TRAV_SP","UNDERIDE","ROLLOVER","ROLINLOC","IMPACT1","DEFORMED","TOWED","M_HARM","VEH_SC1","VEH_SC2","FIRE_EXP","DR_PRES","L_STATE","DR_ZIP","L_STATUS","L_TYPE","CDL_STAT","L_ENDORS","L_COMPL","L_RESTRI","DR_HGT","DR_WGT","PREV_ACC","PREV_SUS","PREV_DWI","PREV_SPD","PREV_OTH","FIRST_MO","FIRST_YR","LAST_MO","LAST_YR","SPEEDREL","DR_SF1","DR_SF2","DR_SF3","DR_SF4","VTRAFWAY","VNUM_LAN","VSPD_LIM","VALIGN","VPROFILE","VPAVETYP","VSURCOND","VTRAFCON","VTCONT_F","P_CRASH1","P_CRASH2","P_CRASH3","PCRASH4","PCRASH5","ACC_TYPE","TRLR1VIN","TRLR2VIN","TRLR3VIN","DEATHS","DR_DRINK"
6,60453,2,2,2,9,4,9,6,1,0,1,0,6,0,20,481,20481,31,2004,"2GCEC19VX411","2","G","C","E","C","1","9","V","X","4","1","1",0,0,0,"000000000","00000000000",0,0,0,1,0,0,0,0,0,0,0,998,0,0,0,9,4,5,12,0,0,0,1,6,92117,6,1,0,0,3,3,70,235,0,0,0,0,0,0,0,0,0,0,0,0,0,0,1,4,40,1,8,8,1,3,3,11,66,99,1,1,98,"777777777777","777777777777","777777777777",0,0
6,60454,1,2,1,16,4,20,29,12,6,1,0,6,2,35,47,35047,4,2012,"1N4AL2APXCC1","1","N","4","A","L","2","A","P","X","C","C","1",0,0,0,"000000000","00000000000",0,0,0,1,0,0,0,0,0,0,0,998,0,0,0,81,6,2,12,0,0,0,1,6,93535,6,1,0,0,3,0,71,145,3,0,0,1,0,11,2014,4,2016,0,39,0,0,0,1,2,55,1,8,2,1,20,3,1,17,99,1,1,87,"777777777777","777777777777","777777777777",0,0
6,60454,2,2,2,16,4,20,29,12,6,1,0,6,1,49,472,49472,40,1999,"4TANL42N0XZ4","4","T","A","N","L","4","2","N","0","X","Z","4",0,0,0,"000000000","00000000000",0,0,0,1,0,0,0,0,0,0,0,998,0,0,0,12,6,2,12,0,0,0,1,6,93535,6,1,0,0,3,0,63,112,0,0,0,0,0,0,0,0,0,0,0,0,0,0,1,2,55,1,8,2,1,20,3,1,66,99,1,1,86,"777777777777","777777777777","777777777777",1,0
6,60455,1,2,1,22,4,21,25,12,6,1,0,6,1,49,32,49032,4,2007,"1NXBR32E87Z8","1","N","X","B","R","3","2","E","8","7","Z","8",0,0,0,"000000000","00000000000",0,0,0,1,0,0,0,0,0,0,0,998,0,0,0,81,6,2,12,0,0,0,1,6,93212,6,1,0,0,3,0,66,115,0,0,0,4,0,3,2015,6,2015,0,39,0,0,0,1,2,55,1,1,2,1,20,3,1,17,99,1,1,87,"777777777777","777777777777","777777777777",1,0
6,60455,2,2,1,22,4,21,25,12,6,1,0,6,3,86,881,86881,66,2013,"1M1AW02Y3DM0","1","M","1","A","W","0","2","Y","3","D","M","0",1,1,57,"2640735","572640735",3,6,4,1,0,0,0,0,0,0,0,60,0,0,0,12,6,2,12,0,0,0,1,6,95206,6,1,6,0,3,3,71,220,3,1,0,0,1,10,2012,6,2015,0,0,0,0,0,2,4,55,1,1,2,1,0,0,1,66,99,1,1,86,"1E9EV39222L1","777777777777","777777777777",0,0
6,60456,1,1,1,4,3,15,15,30,0,1,0,6,2,55,35,55035,4,2008,"KMHDU46DX8U4","K","M","H","D","U","4","6","D","X","8","U","4",0,0,0,"000000000","00000000000",0,0,0,1,0,0,0,0,0,0,0,999,0,1,5,98,6,2,1,0,0,0,1,6,94509,6,1,0,0,3,3,61,135,1,0,0,0,0,5,2013,5,2013,4,0,0,0,0,3,2,55,3,1,2,2,0,0,14,13,99,2,4,1,"777777777777","777777777777","777777777777",1,0
6,60457,1,1,1,15,3,22,35,24,0,1,0,6,2,12,481,12481,31,2005,"1FTPX12515FA","1","F","T","P","X","1","2","5","1","5","F","A",0,0,0,"000000000","00000000000",0,0,0,1,0,0,0,0,0,0,0,70,0,1,5,61,6,2,24,0,0,0,1,6,92301,3,1,0,0,2,0,67,170,1,0,0,0,1,1,2014,2,2016,0,0,0,0,0,3,2,65,1,8,8,1,0,0,1,12,99,1,4,6,"777777777777","777777777777","777777777777",1,1
6,60458,1,1,1,20,3,11,28,42,0,1,0,6,1,72,706,72706,80,2001,"1HD1DJV191Y6","1","H","D","1","D","J","V","1","9","1","Y","6",0,0,0,"000000000","00000000000",0,0,0,1,0,0,0,0,0,0,0,30,0,0,0,98,6,2,42,0,0,0,1,53,92203,6,1,0,0,3,0,71,223,0,0,0,0,0,0,0,0,0,0,0,0,0,0,1,2,55,1,8,2,1,0,0,1,13,99,1,4,1,"777777777777","777777777777","777777777777",1,0
6,60459,1,2,4,15,2,0,2,12,6,1,0,6,1,12,17,12017,4,2003,"1FAFP55U63G2","1","F","A","F","P","5","5","U","6","3","G","2",0,0,0,"000000000","00000000000",0,0,0,1,0,0,0,0,0,0,0,998,0,0,0,61,6,2,12,0,0,0,1,6,95838,6,1,0,0,3,0,67,175,0,2,0,0,0,9,2011,9,2011,0,28,38,39,0,1,2,25,1,1,8,1,20,3,11,15,99,9,1,82,"777777777777","777777777777","777777777777",1,1
6,60459,2,2,6,15,2,0,2,12,6,1,0,6,1,3,431,3431,16,2005,"5GRGN23U25H1","5","G","R","G","N","2","3","U","2","5","H","1",0,0,0,"000000000","00000000000",0,0,0,1,0,0,0,0,0,0,0,55,0,0,0,12,4,3,12,0,0,0,1,6,95833,6,1,0,0,3,0,72,180,0,0,0,0,1,9,2013,9,2013,4,0,0,0,0,5,5,40,1,1,8,1,0,0,1,67,99,9,1,83,"777777777777","777777777777","777777777777",0,0
6,60460,1,1,1,23,3,22,0,1,0,1,0,6,2,37,31,37031,4,2006,"JHMFA16586S0","J","H","M","F","A","1","6","5","8","6","S","0",0,0,0,"000000000","00000000000",0,0,0,1,0,0,0,0,0,0,0,999,0,2,5,0,6,2,1,0,0,0,1,6,92397,6,1,0,0,3,0,66,120,0,0,0,0,0,0,0,0,0,0,0,0,0,0,1,2,45,1,8,2,1,0,0,1,12,99,1,4,6,"777777777777","777777777777","777777777777",1,0
6,60461,1,1,1,27,3,20,39,33,0,1,0,92,0,72,709,72709,80,1997,"999999999999","9","9","9","9","9","9","9","9","9","9","9","9",0,0,0,"000000000","00000000000",0,0,0,1,0,0,0,0,0,0,0,45,0,0,0,98,6,2,1,0,0,0,1,6,92860,6,1,0,0,2,0,68,135,0,0,0,1,0,9,2015,9,2015,4,0,0,0,0,1,2,25,1,8,8,1,0,0,1,14,99,1,4,14,"777777777777","777777777777","777777777777",1,1
6,60462,1,2,2,24,4,12,57,12,6,1,0,6,2,54,31,54031,4,1996,"JH4DB7661TS0","J","H","4","D","B","7","6","6","1","T","S","0",0,0,0,"000000000","00000000000",0,0,0,1,0,0,0,0,0,0,0,998,0,0,0,83,6,2,12,0,0,0,1,6,95823,6,1,0,0,3,0,67,165,0,0,0,0,0,0,0,0,0,0,0,0,0,0,1,2,55,1,8,2,1,0,0,1,9,99,4,2,64,"777777777777","777777777777","777777777777",1,1
6,60462,2,2,1,24,4,12,57,12,6,1,0,6,1,12,481,12481,31,1998,"1FTZX1763WKB","1","F","T","Z","X","1","7","6","3","W","K","B",0,0,0,"000000000","00000000000",0,0,0,1,0,0,0,0,0,0,0,998,0,0,0,12,6,2,12,0,0,0,1,6,93311,6,1,0,0,3,0,78,225,0,0,0,0,0,0,0,0,0,0,0,0,0,0,1,2,55,1,8,2,1,0,0,1,62,99,1,1,65,"777777777777","777777777777","777777777777",0,0
6,60463,1,2,2,17,3,11,25,12,6,1,0,26,2,14,6,14006,4,2000,"2MEFM74W2YX6","2","M","E","F","M","7","4","W","2","Y","X","6",0,0,0,"000000000","00000000000",0,0,0,1,0,0,0,0,0,0,0,998,0,0,0,61,6,2,12,0,0,0,1,26,49445,6,1,0,0,3,0,64,140,0,0,0,0,0,0,0,0,0,0,38,0,0,0,1,2,55,4,5,2,1,0,0,11,15,99,1,1,82,"777777777777","777777777777","777777777777",1,0
6,60463,2,2,1,17,3,11,25,12,6,1,0,6,3,82,881,82881,66,2011,"1FUJGEBG6BSA","1","F","U","J","G","E","B","G","6","B","S","A",1,1,6,"51128","0651128",3,6,4,1,0,0,0,0,0,0,0,35,0,0,0,12,4,8,12,0,0,0,1,6,95490,6,1,6,0,3,0,69,210,1,0,0,0,0,3,2011,3,2011,0,0,0,0,0,1,2,55,8,8,8,1,20,3,1,67,6,1,1,83,"1PLX045238PE","777777777777","777777777777",0,0
6,60464,1,9,1,9,4,3,45,12,7,1,0,6,1,7,482,7482,31,2011,"1D7RB1CT8BS5","1","D","7","R","B","1","C","T","8","B","S","5",0,0,0,"000000000","00000000000",0,0,0,1,0,0,0,0,0,0,0,80,0,0,0,83,6,2,12,0,0,0,1,6,95112,3,1,0,0,2,3,70,200,0,6,2,0,1,10,2014,1,2016,4,0,0,0,0,3,5,65,1,1,1,2,0,0,15,11,99,9,2,46,"777777777777","777777777777","777777777777",0,1
6,60464,2,9,1,9,4,3,45,12,7,1,0,6,2,54,421,54421,15,2005,"2HNYD188X5H5","2","H","N","Y","D","1","8","8","X","5","H","5",0,0,0,"000000000","00000000000",0,0,0,1,0,0,0,0,0,0,0,0,0,0,0,62,2,3,12,0,0,0,1,6,94124,6,1,0,0,3,0,63,108,0,0,0,0,0,0,0,0,0,0,0,0,0,0,3,5,65,1,1,1,2,0,0,5,60,1,1,1,45,"777777777777","777777777777","777777777777",0,0
6,60464,3,9,1,9,4,3,45,12,7,1,0,6,1,37,31,37031,4,2013,"19XFB4F25DE2","1","9","X","F","B","4","F","2","5","D","E","2",0,0,0,"000000000","00000000000",0,0,0,1,0,0,0,0,0,0,0,2,0,0,0,6,6,2,12,0,0,0,1,6,94010,6,1,0,0,3,0,69,165,0,0,0,0,0,0,0,0,0,0,0,0,0,0,3,5,65,1,1,1,2,0,0,2,53,1,1,1,98,"777777777777","777777777777","777777777777",1,1
6,60464,4,9,4,9,4,3,45,12,7,1,0,6,2,41,51,41051,4,2011,"JM1BL1VG7B14","J","M","1","B","L","1","V","G","7","B","1","4",0,0,0,"000000000","00000000000",0,0,0,1,0,0,0,0,0,0,0,0,0,0,0,6,4,3,12,0,0,0,1,6,94063,0,0,0,0,0,0,64,160,0,0,0,0,0,0,0,0,0,0,0,0,0,0,3,5,65,1,1,1,2,0,0,5,53,1,1,1,98,"777777777777","777777777777","777777777777",0,0
6,60464,5,9,1,9,4,3,45,12,7,1,0,6,2,20,16,20016,4,2001,"1G1JC5241172","1","G","1","J","C","5","2","4","1","1","7","2",0,0,0,"000000000","00000000000",0,0,0,1,0,0,0,0,0,0,0,0,0,0,0,62,2,3,12,0,0,0,1,6,95127,6,1,0,0,3,0,64,180,0,0,0,0,0,0,0,0,0,0,0,0,0,0,3,5,65,1,1,1,2,0,0,5,60,1,1,1,98,"777777777777","777777777777","777777777777",0,0
6,60464,6,9,1,9,4,3,45,12,7,1,0,6,1,62,421,62421,15,2000,"SALPV1545YA4","S","A","L","P","V","1","5","4","5","Y","A","4",0,0,0,"000000000","00000000000",0,0,0,1,0,0,0,0,0,0,0,0,0,0,0,6,2,5,12,0,0,0,1,6,94403,6,1,0,0,3,0,68,165,0,0,0,0,0,0,0,0,0,0,0,0,0,0,3,5,65,1,1,1,2,0,0,5,53,1,1,1,98,"777777777777","777777777777","777777777777",0,0
6,60464,7,9,2,9,4,3,45,12,7,1,0,6,2,37,31,37031,4,2012,"2HGFB2F85CH3","2","H","G","F","B","2","F","8","5","C","H","3",0,0,0,"000000000","00000000000",0,0,0,1,0,0,0,0,0,0,0,8,0,0,0,62,2,3,12,0,0,0,1,6,94103,6,1,0,0,3,0,73,208,0,0,0,0,0,0,0,0,0,0,0,0,0,0,3,5,65,1,1,1,2,0,0,2,60,99,9,1,98,"777777777777","777777777777","777777777777",0,0
6,60464,8,9,2,9,4,3,45,12,7,1,0,6,1,12,3,12003,1,1989,"1FABP45E7KF1","1","F","A","B","P","4","5","E","7","K","F","1",0,0,0,"000000000","00000000000",0,0,0,1,0,0,0,0,0,0,0,0,0,0,0,62,2,5,12,0,0,0,1,6,94080,6,1,0,0,3,0,65,135,0,0,0,0,1,12,2015,12,2015,0,0,0,0,0,3,5,65,1,1,1,2,0,0,5,60,1,1,1,98,"777777777777","777777777777","777777777777",0,0
6,60464,9,9,1,9,4,3,45,12,7,1,0,18,3,51,884,51884,66,2014,"4V4NC9EG8EN1","4","V","4","N","C","9","E","G","8","E","N","1",1,1,57,"0054283","570054283",3,6,1,1,0,0,0,0,0,0,0,8,0,0,0,63,0,5,12,0,0,0,1,6,95330,6,1,6,0,3,3,72,300,0,0,0,1,1,6,2014,8,2015,0,0,0,0,0,3,5,65,1,1,1,2,0,0,1,60,1,1,1,98,"3H3V532C3GT4","777777777777","777777777777",0,0
6,60465,1,1,2,8,2,20,14,8,0,1,0,6,1,23,8,23008,6,2007,"1GKER33717J1","1","G","K","E","R","3","3","7","1","7","J","1",0,0,0,"000000000","00000000000",0,0,0,1,0,0,0,0,0,0,0,998,0,0,0,12,4,5,8,0,0,0,1,6,92027,6,1,0,0,3,0,61,170,0,0,0,0,0,0,0,0,0,0,0,0,0,0,1,2,35,1,8,1,1,0,0,1,80,99,1,1,13,"777777777777","777777777777","777777777777",0,0
6,60466,1,2,2,28,4,16,36,12,1,1,0,6,1,55,33,55033,4,2013,"5NPEB4AC8DH7","5","N","P","E","B","4","A","C","8","D","H","7",0,0,0,"000000000","00000000000",0,0,0,1,0,0,0,0,0,0,0,45,0,0,0,12,6,2,12,0,0,0,1,6,90815,6,1,0,0,3,0,74,320,1,0,0,0,0,1,2015,1,2015,4,0,0,0,0,2,5,45,8,8,8,1,3,3,1,50,1,1,1,20,"777777777777","777777777777","777777777777",0,0
6,60466,2,2,2,28,4,16,36,12,1,1,0,6,1,49,49,49049,6,2004,"JTLKT3247401","J","T","L","K","T","3","2","4","7","4","0","1",0,0,0,"000000000","00000000000",0,0,0,1,0,0,0,0,0,0,0,0,0,0,0,6,6,2,12,0,0,0,1,6,90241,6,1,0,0,3,0,69,215,0,1,0,0,0,10,2014,10,2014,0,0,0,0,0,2,5,45,8,8,8,1,3,3,5,53,99,1,1,21,"777777777777","777777777777","777777777777",1,0
6,60467,1,2,1,17,4,20,40,12,6,1,0,6,1,37,32,37032,4,2015,"1HGCR2F72FA1","1","H","G","C","R","2","F","7","2","F","A","1",0,0,0,"000000000","00000000000",0,0,0,1,0,0,0,0,0,0,0,998,0,0,0,9,6,2,12,0,0,0,1,6,90255,6,1,0,0,3,0,66,145,0,0,0,0,0,0,0,0,0,0,38,0,0,0,1,2,25,8,8,2,1,20,3,1,17,99,1,1,89,"777777777777","777777777777","777777777777",0,0
6,60467,2,2,1,17,4,20,40,12,6,1,0,99,9,76,709,76709,80,2000,"999999999999","9","9","9","9","9","9","9","9","9","9","9","9",0,0,0,"000000000","00000000000",0,0,0,1,0,0,0,0,0,0,0,998,0,0,0,12,6,2,12,0,0,0,1,6,90007,0,0,0,0,0,0,69,280,0,0,0,0,0,0,0,0,0,0,0,0,0,0,1,2,35,8,8,2,1,0,0,1,66,99,1,1,88,"777777777777","777777777777","777777777777",1,0
6,60468,1,3,1,26,2,20,5,12,1,1,0,4,1,20,422,20422,15,2006,"888888888888","8","8","8","8","8","8","8","8","8","8","8","8",0,0,0,"000000000","00000000000",0,0,0,1,0,0,0,0,0,0,0,85,1,0,0,12,6,2,12,0,0,0,1,4,86033,6,1,0,0,3,3,69,165,0,0,0,1,0,5,2012,5,2012,4,0,0,0,0,3,6,65,1,1,1,1,0,0,1,51,1,1,1,24,"777777777777","777777777777","777777777777",1,1
6,60468,2,3,1,26,2,20,5,12,1,1,0,6,1,84,884,84884,66,2000,"2HSCDALN7YC0","2","H","S","C","D","A","L","N","7","Y","C","0",1,1,6,"CA155578","06CA155578",3,6,1,1,0,0,0,0,0,0,0,3,0,0,0,6,2,5,12,0,0,0,1,6,90040,6,1,6,0,3,0,68,180,0,0,0,2,2,3,2014,10,2015,0,0,0,0,0,3,6,65,1,1,1,1,0,0,1,53,99,1,1,25,"888888888888","777777777777","777777777777",0,0
6,60468,3,3,2,26,2,20,5,12,1,1,0,6,4,12,462,12462,21,2015,"1FTYE1ZM3FKB","1","F","T","Y","E","1","Z","M","3","F","K","B",0,0,0,"000000000","00000000000",0,0,0,1,0,0,0,0,0,0,0,73,0,0,0,13,2,5,54,0,0,0,1,6,90031,6,1,0,0,3,0,76,290,0,0,0,0,2,11,2013,1,2015,0,0,0,0,0,3,6,65,1,1,1,1,0,0,1,98,99,1,1,98,"777777777777","777777777777","777777777777",0,0
6,60469,1,2,1,22,4,17,50,12,2,1,0,6,1,2,405,2405,14,2009,"1J8GN28K69W5","1","J","8","G","N","2","8","K","6","9","W","5",0,0,0,"000000000","00000000000",0,0,0,1,0,0,0,0,0,0,0,65,0,1,1,12,6,2,12,0,0,0,1,32,95971,6,1,0,0,3,0,68,270,0,0,0,3,1,12,2011,9,2015,4,87,0,0,0,1,2,55,1,8,8,3,29,3,1,6,1,5,2,50,"777777777777","777777777777","777777777777",0,1
6,60469,2,2,1,22,4,17,50,12,2,1,0,6,1,59,34,59034,4,2000,"JT8BD68S5Y01","J","T","8","B","D","6","8","S","5","Y","0","1",0,0,0,"000000000","00000000000",0,0,0,1,0,0,0,0,0,0,0,40,0,0,0,12,6,2,12,0,0,0,1,6,96103,6,1,0,0,3,3,62,116,0,0,0,0,0,0,0,0,0,0,87,0,0,0,1,2,55,1,8,8,3,28,3,1,62,1,1,1,51,"777777777777","777777777777","777777777777",1,0
6,60470,1,1,1,11,4,20,20,8,0,1,0,36,2,48,401,48401,14,2015,"JF2SJADC5FH5","J","F","2","S","J","A","D","C","5","F","H","5",0,0,0,"000000000","00000000000",0,0,0,1,0,0,0,0,0,0,0,998,0,0,0,12,6,2,8,0,0,0,1,6,91304,0,0,0,0,0,0,66,180,0,0,0,0,0,0,0,0,0,0,38,0,0,0,1,5,40,8,8,8,1,21,3,1,80,99,1,1,13,"777777777777","777777777777","777777777777",0,0
6,60471,1,2,1,22,3,13,59,12,1,1,0,6,1,42,48,42048,4,2006,"WDBUF56J06A8","W","D","B","U","F","5","6","J","0","6","A","8",0,0,0,"000000000","00000000000",0,0,0,1,0,0,0,0,0,0,0,998,0,0,0,12,6,2,12,0,0,0,1,6,92275,3,1,0,0,2,0,75,240,0,0,0,0,0,0,0,0,0,4,0,0,0,0,2,4,65,1,1,8,1,3,3,1,50,99,1,1,20,"777777777777","777777777777","777777777777",0,0
6,60471,2,2,1,22,3,13,59,12,1,1,0,99,9,76,705,76705,80,2015,"JYA1FG008FA0","J","Y","A","1","F","G","0","0","8","F","A","0",0,0,0,"000000000","00000000000",0,0,0,1,0,0,0,0,0,0,0,0,0,0,0,6,6,2,12,0,0,0,1,29,92274,6,1,0,0,3,0,69,230,0,0,0,0,0,0,0,0,0,0,0,0,0,0,2,4,65,1,1,8,1,3,3,5,53,99,1,1,21,"777777777777","777777777777","777777777777",1,0
6,60472,1,1,1,6,3,2,15,33,0,1,0,6,1,34,34,34034,4,2011,"WBAPN7C50BA7","W","B","A","P","N","7","C","5","0","B","A","7",0,0,0,"000000000","00000000000",0,0,0,1,0,0,0,0,0,0,0,53,0,0,0,98,6,2,20,0,0,0,1,6,91103,6,1,0,0,3,3,74,175,0,0,0,0,0,0,0,0,0,4,0,0,0,0,3,5,65,1,1,8,2,0,0,1,6,99,9,4,4,"777777777777","777777777777","777777777777",1,0
6,60473,1,1,1,11,4,21,50,8,0,1,0,4,2,22,22,22022,4,2009,"1G2ZK57N3942","1","G","2","Z","K","5","7","N","3","9","4","2",0,0,0,"000000000","00000000000",0,0,0,1,0,0,0,0,0,0,0,55,0,0,0,12,6,2,8,0,0,0,1,4,86404,6,1,0,0,3,0,73,230,0,0,0,0,0,0,0,0,0,0,89,0,0,0,1,4,50,4,1,2,1,0,0,14,80,16,2,1,13,"777777777777","777777777777","777777777777",0,0
6,60474,1,2,1,28,4,2,14,12,1,1,0,6,1,12,23,12023,4,2013,"3FA6P0H71DR2","3","F","A","6","P","0","H","7","1","D","R","2",0,0,0,"000000000","00000000000",0,0,0,1,0,0,0,0,0,0,0,67,0,0,0,12,6,2,12,0,0,0,1,6,90250,6,1,0,0,3,0,72,135,0,0,0,0,0,0,0,0,0,4,0,0,0,0,3,4,65,1,1,1,1,0,0,1,50,1,1,1,32,"777777777777","777777777777","777777777777",0,1
6,60474,2,2,1,28,4,2,14,12,1,1,0,6,6,49,51,49051,3,2007,"JTDJT9239751","J","T","D","J","T","9","2","3","9","7","5","1",0,0,0,"000000000","00000000000",0,0,0,1,0,0,0,0,0,0,0,0,0,0,0,6,6,2,12,0,0,0,0,0,99997,7,6,97,7,6,7,998,997,998,998,998,998,998,98,9998,98,9998,8,20,0,0,0,3,4,65,1,1,1,1,0,0,0,53,0,0,0,32,"777777777777","777777777777","777777777777",1,0
6,60475,1,1,99,28,2,2,3,8,0,1,1,6,2,35,39,35039,4,2007,"1N4BA41E47C8","1","N","4","B","A","4","1","E","4","7","C","8",0,0,0,"000000000","00000000000",0,0,0,1,0,0,0,0,0,0,0,999,0,0,0,12,2,5,8,0,0,0,1,6,92284,0,0,0,0,0,0,66,140,0,0,0,0,0,0,0,0,0,0,0,0,0,0,1,2,45,1,8,2,1,40,3,1,80,99,1,1,13,"777777777777","777777777777","777777777777",0,0
6,60476,1,2,1,9,4,10,0,12,2,1,0,6,1,59,31,59031,4,2005,"JTHBA30G9550","J","T","H","B","A","3","0","G","9","5","5","0",0,0,0,"000000000","00000000000",0,0,0,1,0,0,0,0,0,0,0,998,0,0,0,12,6,2,12,0,0,0,1,6,91352,6,1,0,0,3,3,65,190,0,0,0,0,1,7,2015,7,2015,0,0,0,0,0,1,6,35,1,8,8,2,2,3,11,54,99,1,1,68,"777777777777","777777777777","777777777777",0,0
6,60476,2,2,1,9,4,10,0,12,2,1,0,6,1,58,41,58041,4,2014,"JN1BV7AP1EM6","J","N","1","B","V","7","A","P","1","E","M","6",0,0,0,"000000000","00000000000",0,0,0,1,0,0,0,0,0,0,0,998,0,0,0,12,6,2,12,0,0,0,1,6,91505,6,1,0,0,3,3,65,163,1,0,0,0,0,4,2014,4,2014,0,38,0,0,0,3,6,35,1,8,8,2,2,3,1,66,99,1,1,69,"777777777777","777777777777","777777777777",0,0
6,60477,1,2,1,6,3,10,30,12,7,1,0,6,2,20,37,20037,4,2005,"1G1ND52F25M2","1","G","1","N","D","5","2","F","2","5","M","2",0,0,0,"000000000","00000000000",0,0,0,1,0,0,0,0,0,0,0,63,0,0,0,11,4,3,12,0,0,0,1,6,90712,6,1,0,0,3,0,66,98,0,0,0,0,0,0,0,0,0,0,0,0,0,0,3,6,65,1,8,1,1,0,0,1,10,99,2,2,48,"777777777777","777777777777","777777777777",0,0
6,60477,2,2,3,6,3,10,30,12,7,1,0,6,1,23,401,23401,14,2003,"1GKES16S9361","1","G","K","E","S","1","6","S","9","3","6","1",0,0,0,"000000000","00000000000",0,0,0,1,0,0,0,0,0,0,0,63,0,1,1,5,6,2,1,0,0,0,1,6,90810,6,1,0,0,3,0,64,150,0,0,0,0,0,0,0,0,0,0,0,0,0,0,3,6,65,1,8,1,1,0,0,1,61,99,1,1,48,"777777777777","777777777777","777777777777",1,0
6,60478,1,2,2,6,3,15,51,12,6,1,0,6,4,12,37,12037,4,2014,"1FADP3F26EL4","1","F","A","D","P","3","F","2","6","E","L","4",0,0,0,"000000000","00000000000",0,0,0,1,0,0,0,0,0,0,0,10,0,0,0,61,6,2,12,0,0,0,1,6,92236,0,0,0,0,0,0,67,115,0,0,0,0,0,0,0,0,0,0,38,0,0,0,1,2,25,1,1,1,1,20,3,11,15,99,1,1,82,"777777777777","777777777777","777777777777",1,0
6,60478,2,2,3,6,3,15,51,12,6,1,0,6,2,7,472,7472,31,2001,"1B7GL22Z01S3","1","B","7","G","L","2","2","Z","0","1","S","3",0,0,0,"000000000","00000000000",0,0,0,1,0,0,0,0,0,0,0,50,0,0,0,12,6,2,12,0,0,0,1,6,92236,6,1,0,0,3,0,70,125,0,0,0,1,0,9,2013,9,2013,0,0,0,0,0,2,1,55,1,1,1,1,0,0,1,67,99,1,1,83,"777777777777","777777777777","777777777777",0,0
6,60479,1,1,1,23,4,18,11,14,0,1,0,6,1,20,461,20461,21,2003,"1GBHG31U4311","1","G","B","H","G","3","1","U","4","3","1","1",0,0,0,"000000000","00000000000",0,0,0,1,0,0,0,0,0,0,0,998,0,0,0,12,6,2,14,0,0,0,1,6,90057,0,0,0,0,0,0,67,150,99,99,99,99,99,99,9999,99,9999,4,0,0,0,0,2,2,25,1,8,8,1,20,3,1,12,99,5,4,11,"777777777777","777777777777","777777777777",0,1
6,60480,1,1,1,9,3,10,36,1,0,1,0,6,1,37,31,37031,3,1991,"2HGED7369MH5","2","H","G","E","D","7","3","6","9","M","H","5",0,0,0,"000000000","00000000000",0,0,0,1,0,0,0,0,0,0,0,999,0,2,6,0,6,2,1,0,0,0,1,6,92627,6,1,0,0,3,0,67,145,0,0,0,0,0,0,0,0,0,0,0,0,0,0,2,2,70,8,8,2,1,0,0,1,13,99,2,4,1,"777777777777","777777777777","777777777777",1,0
6,60481,1,2,1,29,3,3,33,12,2,1,0,6,2,49,40,49040,4,2000,"4T1BF22K3YU9","4","T","1","B","F","2","2","K","3","Y","U","9",0,0,0,"000000000","00000000000",0,0,0,1,0,0,0,0,0,0,0,999,0,0,0,12,6,2,12,0,0,1,1,6,92241,0,0,0,0,0,0,68,250,0,0,0,0,0,0,0,0,0,0,33,0,0,0,1,2,55,1,1,2,2,0,0,98,54,99,1,2,52,"777777777777","777777777777","777777777777",1,0
6,60481,2,2,1,29,3,3,33,12,2,1,0,6,1,7,422,7422,15,2006,"1D4HD48N56F1","1","D","4","H","D","4","8","N","5","6","F","1",0,0,0,"000000000","00000000000",0,0,0,1,0,0,0,0,0,0,0,50,0,0,0,12,6,2,12,0,0,1,1,6,92545,6,1,0,0,3,0,63,170,0,0,0,0,0,0,0,0,0,0,0,0,0,0,1,2,55,1,1,2,2,0,0,1,54,99,1,1,52,"777777777777","777777777777","777777777777",0,0
6,60482,1,2,2,14,4,21,45,12,6,1,0,6,2,53,35,53035,4,2005,"KL5VM56L65B1","K","L","5","V","M","5","6","L","6","5","B","1",0,0,0,"000000000","00000000000",0,0,0,1,0,0,0,0,0,0,0,998,0,0,0,98,6,2,12,0,0,0,1,6,92672,6,1,0,0,3,0,68,170,0,0,0,0,0,0,0,0,0,0,39,0,0,0,2,4,45,8,8,8,1,3,3,1,17,99,1,1,83,"777777777777","777777777777","777777777777",0,0
6,60482,2,2,1,14,4,21,45,12,6,1,0,6,1,49,471,49471,30,1993,"4TARN81A7PZ0","4","T","A","R","N","8","1","A","7","P","Z","0",0,0,0,"000000000","00000000000",0,0,0,1,0,0,0,0,0,0,0,998,0,0,0,12,6,2,12,0,0,0,1,6,90732,6,1,0,0,3,0,68,220,0,0,0,0,1,8,2014,8,2014,0,0,0,0,0,2,3,45,8,8,8,1,3,3,11,66,99,1,1,82,"777777777777","777777777777","777777777777",1,0