"STATE","ST_CASE","VEH_NO","VE_FORMS","NUMOCCS","DAY","MONTH","HOUR","MINUTE","HARM_EV","MAN_COLL","UNITTYPE","HIT_RUN","REG_STAT","OWNER","MAKE","MODEL","MAK_MOD","BODY_TYP","MOD_YEAR","VIN","VIN_1","VIN_2","VIN_3","VIN_4","VIN_5","VIN_6","VIN_7","VIN_8","VIN_9","VIN_10","VIN_11","VIN_12","TOW_VEH","J_KNIFE","MCARR_I1","MCARR_I2","MCARR_ID","GVWR","V_CONFIG","CARGO_BT","HAZ_INV","HAZ_PLAC","HAZ_ID","HAZ_CNO","HAZ_REL","BUS_USE","SPEC_USE","EMER_USE","TRAV_SP","UNDERIDE","ROLLOVER","ROLINLOC","IMPACT1","DEFORMED","TOWED","M_HARM","VEH_SC1","VEH_SC2","FIRE_EXP","DR_PRES","L_STATE","DR_ZIP","L_STATUS","L_TYPE","CDL_STAT","L_ENDORS","L_COMPL","L_RESTRI","DR_HGT","DR_WGT","PREV_ACC","PREV_SUS","PREV_DWI","PREV_SPD","PREV_OTH","FIRST_MO","FIRST_YR","LAST_MO","LAST_YR","SPEEDREL","DR_SF1","DR_SF2","DR_SF3","DR_SF4","VTRAFWAY","VNUM_LAN","VSPD_LIM","VALIGN","VPROFILE","VPAVETYP","VSURCOND","VTRAFCON","VTCONT_F","P_CRASH1","P_CRASH2","P_CRASH3","PCRASH4","PCRASH5","ACC_TYPE","TRLR1VIN","TRLR2VIN","TRLR3VIN","DEATHS","DR_DRINK"
6,60673,1,2,1,21,6,4,50,12,2,1,0,6,1,63,34,63034,4,2013,"KNAGM4A79D54","K","N","A","G","M","4","A","7","9","D","5","4",0,0,0,"000000000","00000000000",0,0,0,1,0,0,0,0,0,0,0,40,0,0,0,12,6,2,12,0,0,0,1,6,96080,6,1,0,0,3,0,71,210,0,0,0,0,0,0,0,0,0,0,38,0,0,0,1,4,55,1,8,2,1,0,0,11,15,1,1,2,68,"777777777777","777777777777","777777777777",0,0
6,60673,2,2,1,21,6,4,50,12,2,1,0,6,2,24,1,24001,4,2002,"1G8ZK52782Z2","1","G","8","Z","K","5","2","7","8","2","Z","2",0,0,0,"000000000","00000000000",0,0,0,1,0,0,0,0,0,0,0,55,0,0,0,12,6,2,12,0,0,0,1,6,96080,1,1,0,0,2,0,67,135,0,1,0,0,0,8,2015,8,2015,0,0,0,0,0,1,4,55,1,8,2,1,0,0,1,62,8,1,1,69,"777777777777","777777777777","777777777777",1,0
6,60674,1,2,1,5,5,20,35,12,2,1,0,6,1,55,33,55033,4,2002,"KMHWF35H42A5","K","M","H","W","F","3","5","H","4","2","A","5",0,0,0,"000000000","00000000000",0,0,0,1,0,0,0,0,0,0,0,999,0,0,0,12,6,2,12,0,0,0,1,16,83713,6,1,0,0,3,0,70,200,0,0,0,0,0,0,0,0,0,0,28,51,0,0,3,2,65,8,8,1,2,0,0,1,54,99,1,1,52,"777777777777","777777777777","777777777777",1,0
6,60674,2,2,1,5,5,20,35,12,2,1,0,6,3,85,884,85884,63,2009,"1XKTD49X29J2","1","X","K","T","D","4","9","X","2","9","J","2",1,1,57,"2629968","572629968",3,4,1,1,0,0,0,0,0,0,0,55,0,0,0,12,6,2,12,0,0,0,1,6,95835,6,1,6,3,3,0,70,220,0,0,0,1,1,9,2013,5,2014,0,0,0,0,0,3,2,65,8,8,1,2,0,0,1,54,99,1,1,52,"1UYVS25385U4","777777777777","777777777777",0,0
6,60675,1,1,2,16,5,13,5,1,0,1,0,6,1,24,1,24001,4,2001,"1G8ZJ52741Z2","1","G","8","Z","J","5","2","7","4","1","Z","2",0,0,0,"000000000","00000000000",0,0,0,1,0,0,0,0,0,0,0,70,0,2,4,0,6,2,1,0,0,0,1,6,96007,6,1,0,0,3,3,71,170,1,2,1,0,0,7,2014,7,2014,0,0,0,0,0,6,1,70,2,8,2,1,0,0,14,12,99,1,4,6,"777777777777","777777777777","777777777777",2,1
6,60676,1,1,1,16,6,13,0,42,0,1,0,6,2,59,34,59034,4,2006,"JTHBN96S1650","J","T","H","B","N","9","6","S","1","6","5","0",0,0,0,"000000000","00000000000",0,0,0,1,0,0,0,0,0,0,0,999,0,0,0,82,6,2,42,0,0,0,1,6,95032,6,1,0,0,3,3,63,180,0,0,0,0,1,12,2015,12,2015,9,0,0,0,0,1,2,55,2,8,2,1,0,0,14,12,99,2,4,7,"777777777777","777777777777","777777777777",1,0
6,60678,1,2,1,26,2,19,45,41,0,1,0,6,1,49,472,49472,30,2009,"3TMLU42N99M0","3","T","M","L","U","4","2","N","9","9","M","0",0,0,0,"000000000","00000000000",0,0,0,1,0,0,0,0,0,0,0,999,0,0,0,11,6,2,12,0,0,0,1,6,95470,6,1,0,0,3,0,70,155,0,0,0,0,0,0,0,0,0,4,0,0,0,0,1,2,35,1,8,2,1,0,0,1,13,99,1,4,1,"777777777777","777777777777","777777777777",0,1
6,60678,2,2,2,26,2,19,45,41,0,1,0,6,1,51,47,51047,4,2004,"YV1RS59V3423","Y","V","1","R","S","5","9","V","3","4","2","3",0,0,0,"000000000","00000000000",0,0,0,1,0,0,0,0,0,0,0,999,0,0,0,12,6,2,12,0,0,0,1,6,95482,6,1,0,0,3,0,70,170,0,0,0,0,0,0,0,0,0,0,0,0,0,0,1,2,35,1,8,2,1,0,0,1,62,99,1,1,98,"777777777777","777777777777","777777777777",1,0
6,60679,1,2,1,21,5,16,45,12,6,1,0,6,1,12,481,12481,31,2006,"1FTSX21P16EA","1","F","T","S","X","2","1","P","1","6","E","A",0,0,0,"000000000","00000000000",0,0,0,1,0,0,0,0,0,0,0,48,0,0,0,83,6,2,12,0,0,0,1,6,95429,1,1,0,0,2,0,73,200,0,1,0,0,1,9,2015,4,2016,0,6,0,0,0,1,2,55,3,8,2,2,0,0,14,13,99,1,4,66,"777777777777","777777777777","777777777777",0,1
6,60679,2,2,1,21,5,16,45,12,6,1,0,6,1,99,709,99709,80,2016,"999999999999","9","9","9","9","9","9","9","9","9","9","9","9",0,0,0,"000000000","00000000000",0,0,0,1,0,0,0,0,0,0,0,40,0,0,0,12,6,2,12,0,0,0,1,6,94553,6,1,0,0,3,3,69,138,0,0,0,0,0,0,0,0,0,0,0,0,0,0,1,2,55,3,8,2,2,0,0,14,62,1,1,1,66,"777777777777","777777777777","777777777777",1,0
6,60680,1,1,1,7,5,20,17,31,0,1,0,6,1,35,472,35472,30,2003,"5N1ED28Y73C6","5","N","1","E","D","2","8","Y","7","3","C","6",0,0,0,"000000000","00000000000",0,0,0,1,0,0,0,0,0,0,0,998,0,1,5,12,6,2,1,0,0,0,1,6,95971,6,1,0,0,3,0,72,215,0,0,0,0,0,0,0,0,0,0,0,0,0,0,1,2,55,3,8,2,2,0,0,14,13,99,1,4,1,"777777777777","777777777777","777777777777",1,1
6,60681,1,1,1,3,4,17,15,8,0,1,0,6,1,12,481,12481,31,1999,"1FTNX21F6XEC","1","F","T","N","X","2","1","F","6","X","E","C",0,0,0,"000000000","00000000000",0,0,0,1,0,0,0,0,0,0,0,85,0,0,0,12,6,2,8,0,0,0,1,6,95602,6,1,0,0,3,3,70,175,0,0,0,0,0,0,0,0,0,4,0,0,0,0,5,4,55,1,6,2,1,0,0,1,11,99,1,4,13,"777777777777","777777777777","777777777777",0,1
6,60682,1,2,1,4,4,12,23,12,1,1,0,6,2,53,706,53706,80,2006,"JS1GR7KA6621","J","S","1","G","R","7","K","A","6","6","2","1",0,0,0,"000000000","00000000000",0,0,0,1,0,0,0,0,0,0,0,110,0,0,0,12,6,2,42,0,0,0,1,32,89431,6,1,0,0,2,0,68,160,0,0,0,3,1,9,2014,7,2015,4,0,0,0,0,3,2,65,1,8,1,1,0,0,15,51,99,1,2,24,"777777777777","777777777777","777777777777",1,0
6,60682,2,2,1,4,4,12,23,12,1,1,0,6,1,20,482,20482,31,2005,"3GNEK12ZX5G1","3","G","N","E","K","1","2","Z","X","5","G","1",0,0,0,"000000000","00000000000",0,0,0,1,0,0,0,0,0,0,0,65,0,0,0,6,4,5,12,0,0,0,1,6,94065,6,1,0,0,3,0,68,145,0,0,0,0,0,0,0,0,0,0,0,0,0,0,3,2,65,1,8,1,1,0,0,15,53,99,1,2,27,"777777777777","777777777777","777777777777",0,0
6,60683,1,1,1,9,5,15,30,59,0,1,0,32,1,7,482,7482,31,2005,"3D7MS48C35G8","3","D","7","M","S","4","8","C","3","5","G","8",0,0,0,"000000000","00000000000",0,0,0,1,0,0,0,0,0,0,0,63,0,1,5,98,6,2,59,0,0,0,1,32,89506,6,1,0,0,3,3,73,210,0,0,0,0,0,0,0,0,0,0,0,0,0,0,2,3,65,8,1,8,1,0,0,1,12,99,1,4,6,"777777777777","777777777777","777777777777",1,0
6,60685,1,1,4,3,6,20,30,1,0,1,0,32,2,2,404,2404,14,1995,"1J4GZ58Y7SC6","1","J","4","G","Z","5","8","Y","7","S","C","6",0,0,0,"000000000","00000000000",0,0,0,1,0,0,0,0,0,0,0,80,0,2,5,98,6,2,1,0,0,0,1,32,89506,0,0,0,0,0,0,66,140,0,0,0,0,0,0,0,0,0,4,0,0,0,0,1,2,55,3,8,2,1,0,0,14,11,99,5,4,2,"777777777777","777777777777","777777777777",2,0
6,60687,1,1,1,18,3,0,20,35,0,1,0,6,1,72,706,72706,80,2003,"1HD1FBW313Y7","1","H","D","1","F","B","W","3","1","3","Y","7",0,0,0,"000000000","00000000000",0,0,0,1,0,0,0,0,0,0,0,999,0,0,0,11,4,3,42,0,0,0,1,6,95602,6,1,0,0,3,0,67,180,0,0,0,0,0,0,0,0,0,4,0,0,0,0,1,2,45,2,5,2,1,0,0,14,6,99,2,4,7,"777777777777","777777777777","777777777777",1,0
6,60688,1,1,1,18,4,2,8,31,0,1,0,6,1,20,28,20028,4,2012,"1G1JA5SH3C41","1","G","1","J","A","5","S","H","3","C","4","1",0,0,0,"000000000","00000000000",0,0,0,1,0,0,0,0,0,0,0,999,0,0,0,12,6,2,42,0,0,0,1,6,95949,6,1,0,0,3,0,62,111,2,0,0,0,0,7,2014,9,2015,0,0,0,0,0,1,2,55,1,1,1,1,0,0,1,10,99,1,4,6,"777777777777","777777777777","777777777777",1,0
6,60689,1,3,1,17,6,9,30,12,1,1,0,6,1,72,706,72706,80,2007,"1HD1PR8397Y9","1","H","D","1","P","R","8","3","9","7","Y","9",0,0,0,"000000000","00000000000",0,0,0,1,0,0,0,0,0,0,0,40,0,0,0,12,6,2,12,0,0,0,1,6,96130,6,1,0,0,3,3,78,345,0,0,0,0,0,0,0,0,0,0,0,0,0,0,1,2,55,1,1,2,1,0,0,1,52,6,1,1,28,"777777777777","777777777777","777777777777",1,0
6,60689,2,3,2,17,6,9,30,12,1,1,0,6,1,72,706,72706,80,2016,"1HD1KTM34GB6","1","H","D","1","K","T","M","3","4","G","B","6",0,0,0,"000000000","00000000000",0,0,0,1,0,0,0,0,0,0,0,999,0,0,0,6,4,5,12,0,0,0,1,6,96130,6,1,0,0,3,0,77,270,0,0,0,0,0,0,0,0,0,0,0,0,0,0,1,2,55,1,1,2,1,0,0,2,53,99,1,1,29,"777777777777","777777777777","777777777777",0,0
6,60689,3,3,2,17,6,9,30,12,1,1,0,6,1,49,472,49472,30,2008,"5TELU42N08Z5","5","T","E","L","U","4","2","N","0","8","Z","5",0,0,0,"000000000","00000000000",0,0,0,1,0,0,0,0,0,0,0,998,0,0,0,11,6,2,12,0,0,0,1,6,95991,6,1,0,0,3,0,70,150,0,0,0,0,0,0,0,0,0,0,0,0,0,0,1,2,55,1,1,2,1,0,0,1,62,99,1,1,98,"777777777777","777777777777","777777777777",0,0
6,60690,1,1,1,19,6,15,38,1,0,1,0,6,1,72,706,72706,80,1994,"1HD1BJL50RY0","1","H","D","1","B","J","L","5","0","R","Y","0",0,0,0,"000000000","00000000000",0,0,0,1,0,0,0,0,0,0,0,998,0,0,0,0,6,2,1,0,0,0,1,6,95973,6,1,0,0,3,3,66,185,0,0,0,0,0,0,0,0,0,4,0,0,0,0,3,2,65,8,8,1,1,0,0,1,6,99,2,4,7,"777777777777","777777777777","777777777777",1,0
6,60691,1,1,1,25,5,10,25,38,0,1,0,6,2,20,422,20422,15,2004,"1GNFK16T84J2","1","G","N","F","K","1","6","T","8","4","J","2",0,0,0,"000000000","00000000000",0,0,0,1,0,0,0,0,0,0,0,45,0,0,0,98,6,2,38,0,0,0,1,6,95636,6,1,0,0,3,0,69,280,0,0,0,0,0,0,0,0,0,0,0,0,0,0,1,2,40,2,8,2,1,0,0,14,12,99,1,4,6,"777777777777","777777777777","777777777777",1,0
6,60692,1,1,1,3,1,22,2,8,0,1,0,6,1,49,33,49033,3,2001,"JTDDY32T1100","J","T","D","D","Y","3","2","T","1","1","0","0",0,0,0,"000000000","00000000000",0,0,0,1,0,0,0,0,0,0,0,998,0,0,0,98,9,5,8,0,0,0,1,6,95519,6,1,0,0,3,0,69,245,1,0,0,0,0,6,2015,6,2015,4,0,0,0,0,5,4,40,1,1,2,1,0,0,15,80,1,1,1,13,"777777777777","777777777777","777777777777",0,0
6,60693,1,1,1,11,3,3,29,8,0,1,0,6,2,49,33,49033,2,1991,"JT2ST87F7M00","J","T","2","S","T","8","7","F","7","M","0","0",0,0,0,"000000000","00000000000",0,0,0,1,0,0,0,0,0,0,0,53,0,0,0,12,6,2,8,0,0,0,1,6,95842,6,1,6,0,3,0,71,220,1,0,0,1,0,9,2014,2,2015,0,0,0,0,0,1,2,50,1,1,2,2,0,0,1,80,16,2,1,13,"777777777777","777777777777","777777777777",0,0
6,60694,1,2,1,13,3,6,0,12,6,1,0,6,1,12,37,12037,4,2011,"1FAHP3FN0BW1","1","F","A","H","P","3","F","N","0","B","W","1",0,0,0,"000000000","00000000000",0,0,0,1,0,0,0,0,0,0,0,999,0,0,0,81,6,2,12,0,0,0,1,6,95648,6,1,0,0,3,3,62,120,0,0,0,0,0,0,0,0,0,0,0,0,0,0,3,1,55,1,1,1,2,0,0,98,53,99,3,1,48,"777777777777","777777777777","777777777777",1,0
6,60694,2,2,1,13,3,6,0,12,6,1,0,6,1,49,401,49401,14,1998,"JT3HN87R4W01","J","T","3","H","N","8","7","R","4","W","0","1",0,0,0,"000000000","00000000000",0,0,0,1,0,0,0,0,0,0,0,65,0,0,0,12,4,3,12,0,0,0,1,6,95628,6,1,0,0,3,0,70,185,0,0,0,0,0,0,0,0,0,4,0,0,0,0,3,1,55,1,1,1,2,0,0,1,51,16,1,1,48,"777777777777","777777777777","777777777777",0,0
6,60695,1,1,1,16,4,1,0,8,0,1,0,6,1,12,481,12481,31,1998,"1FTZX17W4WKB","1","F","T","Z","X","1","7","W","4","W","K","B",0,0,0,"000000000","00000000000",0,0,0,1,0,0,0,0,0,0,0,999,0,0,0,12,4,5,8,0,0,0,1,6,95825,0,0,0,0,0,0,64,160,0,2,1,0,0,11,2014,11,2014,0,38,0,0,0,2,3,40,1,8,2,1,0,0,1,80,99,1,4,13,"777777777777","777777777777","777777777777",0,1
6,60696,1,1,1,10,5,1,0,33,0,1,0,6,1,72,706,72706,80,2015,"1HD1KRM37FB6","1","H","D","1","K","R","M","3","7","F","B","6",0,0,0,"000000000","00000000000",0,0,0,1,0,0,0,0,0,0,0,998,0,0,0,98,6,2,33,0,0,0,1,6,95835,6,1,0,0,3,0,70,295,1,3,1,1,0,11,2013,6,2014,4,0,0,0,0,6,2,65,2,6,8,1,0,0,14,6,99,1,4,6,"777777777777","777777777777","777777777777",1,0
6,60697,1,1,2,8,4,6,17,9,0,1,0,6,2,20,481,20481,31,2015,"1GCRCPEH6FZ3","1","G","C","R","C","P","E","H","6","F","Z","3",0,0,0,"000000000","00000000000",0,0,0,1,0,0,0,0,0,0,0,40,0,0,0,12,2,5,9,0,0,0,1,6,95828,6,1,0,0,3,0,70,180,0,0,0,0,0,0,0,0,0,0,0,0,0,0,5,4,40,1,1,2,1,0,0,1,80,16,1,1,13,"777777777777","777777777777","777777777777",0,0
6,60698,1,1,1,20,4,20,56,8,0,1,1,99,9,99,399,99399,9,9999,"999999999999","9","9","9","9","9","9","9","9","9","9","9","9",0,0,0,"000000000","00000000000",0,0,0,1,0,0,0,0,0,99,9,999,0,0,0,12,9,5,8,0,0,0,1,99,99999,9,9,99,9,9,9,999,999,99,99,99,99,99,99,9999,99,9999,4,99,99,99,99,1,2,55,1,1,2,1,0,0,1,80,99,1,1,13,"777777777777","777777777777","777777777777",0,0
6,60699,1,1,2,4,5,1,19,8,0,1,0,26,3,85,884,85884,66,2016,"1XKAD49X9GJ4","1","X","K","A","D","4","9","X","9","G","J","4",1,1,57,"179734","57179734",3,6,1,1,0,0,0,0,0,0,0,56,0,0,0,12,4,3,8,0,0,0,1,26,49315,6,1,6,3,3,0,66,235,0,0,0,0,0,0,0,0,0,0,0,0,0,0,2,2,55,1,1,8,1,0,0,1,80,8,2,1,13,"888888888888","777777777777","777777777777",0,0
6,60700,1,1,1,27,6,17,30,14,0,1,0,6,1,98,739,98739,90,2005,"4UF05ATVX5T2","4","U","F","0","5","A","T","V","X","5","T","2",0,0,0,"000000000","00000000000",0,0,0,1,0,0,0,0,0,0,0,998,0,1,6,98,6,2,1,0,0,0,1,6,95245,6,1,0,0,3,0,69,210,0,0,0,0,0,0,0,0,0,0,0,0,0,0,1,2,35,8,8,8,1,0,0,99,13,99,1,4,1,"777777777777","777777777777","777777777777",1,1
6,60701,1,2,3,16,4,23,35,12,6,1,0,6,1,12,401,12401,14,1973,"U15GLP88605","U","1","5","G","L","P","8","8","6","0","5","",0,0,0,"000000000","00000000000",0,0,0,1,0,0,0,0,0,0,0,999,0,1,1,12,6,2,43,0,0,0,1,6,95610,6,1,0,0,3,0,71,195,0,0,0,1,0,5,2015,5,2015,0,39,91,0,0,2,2,25,8,1,2,1,3,3,1,17,16,2,1,88,"777777777777","777777777777","777777777777",1,1
6,60701,2,2,1,16,4,23,35,12,6,1,0,6,2,2,404,2404,14,2003,"1J4GW48N23C6","1","J","4","G","W","4","8","N","2","3","C","6",0,0,0,"000000000","00000000000",0,0,0,1,0,0,0,0,0,0,0,998,0,0,0,11,4,3,12,0,0,0,1,6,95670,6,1,0,0,3,1,64,150,1,0,0,0,0,8,2014,8,2014,0,0,0,0,0,2,5,45,8,1,2,1,3,3,1,66,99,1,1,89,"777777777777","777777777777","777777777777",0,0
6,60703,1,1,1,27,4,13,17,9,0,1,0,6,3,85,884,85884,66,1997,"1XKDDB9X3VR7","1","X","K","D","D","B","9","X","3","V","R","7",1,1,57,"2102746","572102746",3,6,4,1,0,0,0,0,0,0,0,33,0,0,0,11,2,5,9,0,0,0,1,6,95220,6,1,6,0,3,3,72,200,1,0,0,0,0,2,2013,2,2013,0,0,0,0,0,5,3,45,8,8,2,1,0,0,1,83,9,2,1,13,"1R9ESB5081L0","777777777777","777777777777",0,0
6,60704,1,2,1,9,5,16,0,12,6,1,0,6,1,20,24,20024,6,2010,"1GNLVHED2AJ2","1","G","N","L","V","H","E","D","2","A","J","2",0,0,0,"000000000","00000000000",0,0,0,1,0,0,0,0,0,0,0,998,0,0,0,2,6,2,12,0,0,0,1,6,95204,6,1,0,0,3,0,62,140,1,0,0,0,0,10,2015,10,2015,0,38,0,0,0,1,2,55,1,1,2,1,20,3,4,55,1,1,2,87,"777777777777","777777777777","777777777777",1,0
6,60704,2,2,1,9,5,16,0,12,6,1,0,6,3,20,481,20481,31,2005,"1GCHK23215F9","1","G","C","H","K","2","3","2","1","5","F","9",1,1,0,"000000000","00000000000",0,0,0,1,0,0,0,0,0,0,0,55,0,1,1,12,6,2,12,0,0,0,1,6,95380,6,1,0,0,3,0,66,210,0,0,0,1,0,4,2016,4,2016,0,0,0,0,0,1,2,55,1,1,2,1,20,3,1,66,1,1,2,86,"888888888888","777777777777","777777777777",0,0
6,60705,1,1,1,28,5,5,58,9,0,1,0,6,2,49,472,49472,40,2001,"5TENL42N91Z7","5","T","E","N","L","4","2","N","9","1","Z","7",0,0,0,"000000000","00000000000",0,0,0,1,0,0,0,0,0,0,0,998,0,0,0,12,4,9,9,0,0,0,1,6,95205,0,0,0,0,0,0,71,250,0,0,0,0,0,0,0,0,0,4,0,0,0,0,1,2,55,1,8,2,1,0,0,1,83,99,1,1,13,"777777777777","777777777777","777777777777",0,0
6,60706,1,2,1,26,5,17,45,12,6,1,0,6,1,73,705,73705,80,1996,"JKAZX4F10TA0","J","K","A","Z","X","4","F","1","0","T","A","0",0,0,0,"000000000","00000000000",0,0,0,1,0,0,0,0,0,0,0,70,0,0,0,12,6,2,12,0,0,0,1,6,95209,6,1,0,0,3,0,67,145,1,0,0,0,1,8,2014,8,2015,4,35,0,0,0,1,2,35,3,1,8,1,0,0,6,17,99,1,1,69,"777777777777","777777777777","777777777777",1,0
6,60706,2,2,1,26,5,17,45,12,6,1,0,6,1,12,25,12025,6,2015,"2FMGK5C82FBA","2","F","M","G","K","5","C","8","2","F","B","A",0,0,0,"000000000","00000000000",0,0,0,1,0,0,0,0,0,0,0,40,0,0,0,81,6,2,12,0,0,0,1,6,95304,6,1,0,0,3,3,62,115,0,0,0,0,0,0,0,0,0,0,0,0,0,0,1,2,35,3,1,8,1,0,0,11,66,99,1,1,68,"777777777777","777777777777","777777777777",0,0
6,60707,1,1,3,26,3,18,52,59,0,1,0,6,1,35,401,35401,14,2003,"JN8DR09X13W7","J","N","8","D","R","0","9","X","1","3","W","7",0,0,0,"000000000","00000000000",0,0,0,1,0,0,0,0,0,0,0,999,0,1,5,98,6,2,1,0,0,0,1,6,95816,1,1,0,0,2,0,73,205,1,2,1,0,0,6,2013,5,2014,4,0,0,0,0,1,2,55,2,1,2,1,0,0,14,10,99,1,4,1,"777777777777","777777777777","777777777777",1,1
6,60708,1,1,2,2,4,22,54,8,0,1,0,6,1,12,481,12481,31,2003,"1FTRX17W63NB","1","F","T","R","X","1","7","W","6","3","N","B",0,0,0,"000000000","00000000000",0,0,0,1,0,0,0,0,0,0,0,998,0,0,0,12,6,2,8,0,0,0,1,6,95695,6,1,0,0,3,0,71,135,0,0,0,0,0,0,0,0,0,0,0,0,0,0,1,2,55,1,8,2,1,0,0,1,80,6,1,1,13,"777777777777","777777777777","777777777777",0,0
6,60709,1,2,1,3,4,15,5,1,0,1,0,6,1,37,705,37705,80,2005,"JH2RC44885M8","J","H","2","R","C","4","4","8","8","5","M","8",0,0,0,"000000000","00000000000",0,0,0,1,0,0,0,0,0,0,0,55,0,0,0,0,6,2,12,0,0,0,1,6,95695,6,1,0,0,3,3,67,125,0,0,0,0,0,0,0,0,0,0,0,0,0,0,1,2,55,1,1,2,1,0,0,1,8,99,2,2,98,"777777777777","777777777777","777777777777",1,0
6,60709,2,2,2,3,4,15,5,1,0,1,0,6,2,23,481,23481,31,2001,"2GTEK19TX112","2","G","T","E","K","1","9","T","X","1","1","2",0,0,0,"000000000","00000000000",0,0,0,1,0,0,0,0,0,0,0,55,0,0,0,12,4,3,12,0,0,0,1,6,95966,6,1,0,0,3,0,65,165,0,0,0,0,0,0,0,0,0,0,0,0,0,0,1,2,55,1,1,2,1,0,0,1,62,7,1,1,98,"777777777777","777777777777","777777777777",0,0
6,60710,1,2,1,5,4,7,30,12,2,1,0,6,1,37,31,37031,2,2000,"1HGEM1150YL1","1","H","G","E","M","1","1","5","0","Y","L","1",0,0,0,"000000000","00000000000",0,0,0,1,0,0,0,0,0,0,0,48,0,0,0,12,6,2,12,0,0,0,1,6,95832,6,1,0,0,3,3,65,190,0,0,0,0,0,0,0,0,0,0,0,0,0,0,1,2,50,1,8,2,1,0,0,15,54,16,1,2,50,"777777777777","777777777777","777777777777",1,1
6,60710,2,2,1,5,4,7,30,12,2,1,0,6,1,20,481,20481,31,2003,"2GCEC19T3313","2","G","C","E","C","1","9","T","3","3","1","3",0,0,0,"000000000","00000000000",0,0,0,1,0,0,0,0,0,0,0,998,0,0,0,12,6,2,12,0,0,0,1,6,95624,6,1,0,0,3,0,76,300,0,0,0,0,0,0,0,0,0,0,0,0,0,0,1,2,50,1,8,2,1,0,0,1,62,99,1,1,51,"777777777777","777777777777","777777777777",0,0
6,60711,1,1,3,15,4,2,0,33,0,1,0,6,2,49,32,49032,4,2002,"1NXBR12E12Z5","1","N","X","B","R","1","2","E","1","2","Z","5",0,0,0,"000000000","00000000000",0,0,0,1,0,0,0,0,0,0,0,998,0,1,5,4,6,2,1,0,0,0,1,6,95691,1,1,1,0,2,0,60,150,0,3,1,0,1,7,2014,9,2015,0,0,0,0,0,3,5,65,1,8,2,1,0,0,98,13,99,1,4,1,"777777777777","777777777777","777777777777",1,1
6,60712,1,1,3,16,4,23,10,1,0,1,0,6,2,12,471,12471,30,1990,"1FTCR10X1LPB","1","F","T","C","R","1","0","X","1","L","P","B",0,0,0,"000000000","00000000000",0,0,0,1,0,0,0,0,0,0,0,999,0,2,1,0,6,2,1,0,0,0,1,6,95667,1,1,0,0,2,0,60,115,1,2,0,0,0,7,2014,2,2016,0,58,0,0,0,1,2,55,3,8,2,1,0,0,14,13,6,3,2,98,"777777777777","777777777777","777777777777",1,1
6,60713,1,5,1,21,4,3,20,12,1,1,0,6,3,84,884,84884,66,2000,"1HSCBAHR6YJ0","1","H","S","C","B","A","H","R","6","Y","J","0",1,1,57,"2755422","572755422",3,6,1,1,0,0,0,0,0,0,0,50,0,0,0,12,6,2,12,0,0,0,1,6,95691,6,1,6,0,3,0,69,235,0,0,0,0,0,0,0,0,0,4,0,0,0,0,3,4,65,1,1,1,1,98,3,1,51,1,1,1,24,"1UYVS24881U4","777777777777","777777777777",0,0
6,60713,2,5,1,21,4,3,20,12,1,1,0,6,1,41,50,41050,4,2015,"JM1GJ1V50F11","J","M","1","G","J","1","V","5","0","F","1","1",0,0,0,"000000000","00000000000",0,0,0,1,0,0,0,0,0,0,0,5,0,0,0,6,6,2,12,0,0,0,1,6,95616,6,1,0,0,3,0,75,220,0,1,1,0,0,10,2012,10,2012,0,0,0,0,0,3,4,65,1,1,1,1,98,3,1,53,99,1,1,25,"777777777777","777777777777","777777777777",1,0
6,60713,3,5,1,21,4,3,20,12,1,1,0,6,2,30,46,30046,4,2001,"WVWPH63B11E1","W","V","W","P","H","6","3","B","1","1","E","1",0,0,0,"000000000","00000000000",0,0,0,1,0,0,0,0,0,0,0,0,0,0,0,6,6,2,12,0,0,0,1,6,94540,1,1,0,0,2,0,69,325,0,1,0,0,0,6,2014,6,2014,0,0,0,0,0,3,4,65,1,1,1,1,98,3,1,53,99,1,1,98,"777777777777","777777777777","777777777777",0,0
6,60713,4,5,1,21,4,3,20,12,1,1,0,6,1,55,33,55033,4,2013,"5NPEB4AC8DH5","5","N","P","E","B","4","A","C","8","D","H","5",0,0,0,"000000000","00000000000",0,0,0,1,0,0,0,0,0,0,0,0,0,0,0,6,4,3,12,0,0,0,1,6,94590,6,1,0,0,3,0,71,175,0,1,0,0,1,7,2015,11,2015,0,0,0,0,0,3,4,65,1,1,1,1,98,3,1,53,99,1,1,98,"777777777777","777777777777","777777777777",0,0
6,60713,5,5,1,21,4,3,20,12,1,1,0,6,1,35,47,35047,4,2016,"1N4AL3AP6GC1","1","N","4","A","L","3","A","P","6","G","C","1",0,0,0,"000000000","00000000000",0,0,0,1,0,0,0,0,0,0,0,0,0,0,0,6,4,5,12,0,0,0,1,6,94591,6,1,0,0,3,0,65,130,0,0,0,0,1,4,2015,4,2015,0,0,0,0,0,3,4,65,1,1,1,1,98,3,1,53,99,1,1,98,"777777777777","777777777777","777777777777",0,0
6,60714,1,1,1,12,6,1,3,24,0,1,0,6,2,7,24,7024,4,2006,"2B3KA43G36H4","2","B","3","K","A","4","3","G","3","6","H","4",0,0,0,"000000000","00000000000",0,0,0,1,0,0,0,0,0,0,0,998,0,1,5,7,6,2,1,0,0,0,1,6,94509,0,0,0,0,0,0,63,165,1,0,0,0,0,1,2015,1,2015,0,0,0,0,0,3,5,65,1,8,2,1,0,0,1,13,99,1,4,1,"777777777777","777777777777","777777777777",1,1
6,60715,1,1,7,28,3,13,50,17,0,1,0,6,2,12,422,12422,15,2004,"1FMPU15L54LB","1","F","M","P","U","1","5","L","5","4","L","B",0,0,0,"000000000","00000000000",0,0,0,1,0,0,0,0,0,0,0,48,0,1,1,98,6,2,1,0,0,0,1,6,91709,6,1,0,0,3,3,73,200,0,0,0,0,0,0,0,0,0,0,0,0,0,0,1,2,35,3,8,2,1,0,0,14,13,99,1,4,1,"777777777777","777777777777","777777777777",1,0