"STATE","ST_CASE","VEH_NO","VE_FORMS","NUMOCCS","DAY","MONTH","HOUR","MINUTE","HARM_EV","MAN_COLL","UNITTYPE","HIT_RUN","REG_STAT","OWNER","MAKE","MODEL","MAK_MOD","BODY_TYP","MOD_YEAR","VIN","VIN_1","VIN_2","VIN_3","VIN_4","VIN_5","VIN_6","VIN_7","VIN_8","VIN_9","VIN_10","VIN_11","VIN_12","TOW_VEH","J_KNIFE","MCARR_I1","MCARR_I2","MCARR_ID","GVWR","V_CONFIG","CARGO_BT","HAZ_INV","HAZ_PLAC","HAZ_ID","HAZ_CNO","HAZ_REL","BUS_USE","SPEC_USE","EMER_USE","TRAV_SP","UNDERIDE","ROLLOVER","ROLINLOC","IMPACT1","DEFORMED","TOWED","M_HARM","VEH_SC1","VEH_SC2","FIRE_EXP","DR_PRES","L_STATE","DR_ZIP","L_STATUS","L_TYPE","CDL_STAT","L_ENDORS","L_COMPL","L_RESTRI","DR_HGT","DR_WGT","PREV_ACC","PREV_SUS","PREV_DWI","PREV_SPD","PREV_OTH","FIRST_MO","FIRST_YR","LAST_MO","LAST_YR","SPEEDREL","DR_SF1","DR_SF2","DR_SF3","DR_SF4","VTRAFWAY","VNUM_LAN","VSPD_LIM","VALIGN","VPROFILE","VPAVETYP","VSURCOND","VTRAFCON","VTCONT_F","P_CRASH1","P_CRASH2","P_CRASH3","PCRASH4","PCRASH5","ACC_TYPE","TRLR1VIN","TRLR2VIN","TRLR3VIN","DEATHS","DR_DRINK"
6,61042,1,2,2,8,5,19,20,12,8,1,0,6,2,53,40,53040,5,2011,"JS2YB5A34B63","J","S","2","Y","B","5","A","3","4","B","6","3",0,0,0,"000000000","00000000000",0,0,0,1,0,0,0,0,0,0,0,998,0,0,0,61,6,2,12,0,0,0,1,4,85266,6,1,0,0,3,0,68,165,0,2,1,2,1,7,2013,2,2015,4,28,0,0,0,1,2,45,1,1,2,1,28,3,1,6,99,9,2,64,"777777777777","777777777777","777777777777",1,1
6,61042,2,2,2,8,5,19,20,12,8,1,0,6,1,82,881,82881,64,2016,"3ALACWDTXGDH","3","A","L","A","C","W","D","T","X","G","D","H",0,0,57,"1981101","571981101",2,1,1,1,0,0,0,0,0,0,0,998,0,0,0,61,6,2,12,0,0,0,1,6,95843,6,1,0,0,3,0,71,235,0,1,0,0,0,4,2016,4,2016,0,0,0,0,0,1,2,45,1,1,2,1,28,3,1,62,99,9,1,65,"777777777777","777777777777","777777777777",0,0
6,61043,1,2,1,27,4,18,0,12,2,1,0,6,1,49,401,49401,14,1989,"JT4RN01PXK70","J","T","4","R","N","0","1","P","X","K","7","0",0,0,0,"000000000","00000000000",0,0,0,1,0,0,0,0,0,0,0,45,0,0,0,12,6,2,12,0,0,0,1,6,95667,1,1,0,0,2,0,66,190,0,1,0,0,0,1,2014,1,2014,4,0,0,0,0,1,2,45,2,1,8,2,0,0,14,6,99,2,2,50,"777777777777","777777777777","777777777777",1,0
6,61043,2,2,1,27,4,18,0,12,2,1,0,6,1,49,401,49401,14,2012,"JTEB45JR2C50","J","T","E","B","4","5","J","R","2","C","5","0",0,0,0,"000000000","00000000000",0,0,0,1,0,0,0,0,0,0,0,45,0,0,0,12,6,2,12,0,0,0,1,6,95684,6,1,0,0,3,0,71,200,0,0,0,0,0,0,0,0,0,0,0,0,0,0,1,2,45,3,1,8,2,0,0,14,62,99,1,1,51,"777777777777","777777777777","777777777777",0,0
6,61044,1,1,1,7,5,23,42,8,0,1,0,6,2,12,401,12401,14,2000,"1FMZU83P9YZC","1","F","M","Z","U","8","3","P","9","Y","Z","C",0,0,0,"000000000","00000000000",0,0,0,1,0,0,0,0,0,0,0,998,0,1,5,98,6,2,8,0,0,0,1,6,95660,0,0,0,0,0,0,71,160,0,1,0,0,1,3,2012,3,2012,4,0,0,0,0,2,5,40,8,1,8,1,2,3,11,6,99,2,1,13,"777777777777","777777777777","777777777777",0,0
6,61045,1,3,3,21,5,18,48,12,2,1,0,6,1,7,24,7024,4,2010,"2B3CA3CV5AH1","2","B","3","C","A","3","C","V","5","A","H","1",0,0,0,"000000000","00000000000",0,0,0,1,0,0,0,0,0,0,0,8,0,0,0,12,6,2,12,0,0,0,1,6,95688,6,1,0,0,3,0,66,144,0,0,0,0,0,0,0,0,0,0,28,0,0,0,1,2,55,1,1,2,1,0,0,11,15,99,1,1,68,"777777777777","777777777777","777777777777",0,0
6,61045,2,3,1,21,5,18,48,12,2,1,0,6,1,73,706,73706,80,2012,"JKAZXCG11CA0","J","K","A","Z","X","C","G","1","1","C","A","0",0,0,0,"000000000","00000000000",0,0,0,1,0,0,0,0,0,0,0,55,0,0,0,12,6,2,54,0,0,0,1,6,94534,6,1,0,0,3,0,71,220,0,0,0,0,0,0,0,0,0,0,0,0,0,0,1,2,55,1,1,2,1,0,0,1,62,99,1,1,69,"777777777777","777777777777","777777777777",1,0
6,61045,3,3,1,21,5,18,48,12,2,1,0,6,1,76,705,76705,80,2013,"JYARJ16Y1DA0","J","Y","A","R","J","1","6","Y","1","D","A","0",0,0,0,"000000000","00000000000",0,0,0,1,0,0,0,0,0,0,0,55,0,0,0,12,6,2,12,0,0,0,1,6,95687,6,1,0,0,3,0,66,135,0,0,0,0,0,0,0,0,0,0,0,0,0,0,1,2,55,1,1,2,1,0,0,1,62,99,1,1,98,"777777777777","777777777777","777777777777",1,1
6,61046,1,2,1,19,6,16,50,1,0,1,0,6,1,72,706,72706,80,2012,"1HD1GV436CC3","1","H","D","1","G","V","4","3","6","C","C","3",0,0,0,"000000000","00000000000",0,0,0,1,0,0,0,0,0,0,0,45,0,0,0,0,6,2,54,0,0,0,1,6,92010,6,1,0,0,3,0,69,165,0,0,0,1,1,1,2014,5,2016,4,0,0,0,0,1,2,55,2,6,8,1,0,0,14,6,99,2,1,98,"777777777777","777777777777","777777777777",1,1
6,61046,2,2,1,19,6,16,50,1,0,1,0,6,1,73,705,73705,80,2009,"JKAKLEE159DA","J","K","A","K","L","E","E","1","5","9","D","A",0,0,0,"000000000","00000000000",0,0,0,1,0,0,0,0,0,0,0,40,0,0,0,12,6,2,54,0,0,0,1,6,92126,6,1,0,0,3,0,73,215,0,0,0,0,0,0,0,0,0,0,0,0,0,0,1,2,55,3,5,8,1,0,0,14,62,16,2,1,98,"777777777777","777777777777","777777777777",0,0
6,61047,1,2,1,19,6,15,25,12,2,1,0,6,1,35,43,35043,4,2014,"3N1AB7AP4EY2","3","N","1","A","B","7","A","P","4","E","Y","2",0,0,0,"000000000","00000000000",0,0,0,1,0,0,0,0,0,0,0,68,0,0,0,12,6,2,12,0,0,0,1,6,91977,6,1,0,0,3,0,69,215,0,2,1,0,0,11,2014,1,2015,4,0,0,0,0,1,2,40,3,6,2,1,0,0,14,10,6,1,2,50,"777777777777","777777777777","777777777777",1,1
6,61047,2,2,5,19,6,15,25,12,2,1,0,6,2,6,441,6441,20,2006,"1A4GP44RX6B7","1","A","4","G","P","4","4","R","X","6","B","7",0,0,0,"000000000","00000000000",0,0,0,1,0,0,0,0,0,0,0,30,0,0,0,12,6,2,12,0,0,0,1,6,92114,6,1,0,0,3,3,62,140,0,0,0,0,0,0,0,0,0,0,0,0,0,0,1,2,40,2,5,2,1,0,0,14,62,99,1,1,51,"777777777777","777777777777","777777777777",0,0
6,61048,1,1,4,26,6,23,15,1,0,1,0,32,1,37,441,37441,20,2004,"5FNRL18924B0","5","F","N","R","L","1","8","9","2","4","B","0",0,0,0,"000000000","00000000000",0,0,0,1,0,0,0,0,0,0,0,80,0,2,5,0,6,2,1,0,0,0,1,32,89142,0,0,0,0,0,0,69,133,0,0,0,0,0,0,0,0,0,0,0,0,0,0,2,2,70,1,1,2,1,0,0,1,10,7,2,4,2,"777777777777","777777777777","777777777777",1,0
6,61049,1,1,1,24,4,21,21,5,0,1,0,6,1,72,706,72706,80,2012,"1HD1KBM39CB6","1","H","D","1","K","B","M","3","9","C","B","6",0,0,0,"000000000","00000000000",0,0,0,1,0,0,0,0,0,0,0,48,0,0,0,0,4,3,5,0,0,0,1,6,92845,6,1,0,0,3,0,66,170,0,0,0,0,0,0,0,0,0,0,0,0,0,0,1,6,50,1,8,1,1,0,0,1,8,16,2,1,0,"777777777777","777777777777","777777777777",1,0
6,61050,1,1,1,10,5,20,23,8,0,1,0,6,1,49,46,49046,5,2015,"JTDKDTB36F11","J","T","D","K","D","T","B","3","6","F","1","1",0,0,0,"000000000","00000000000",0,0,0,1,0,0,0,0,0,0,0,998,0,0,0,12,4,3,8,0,0,0,1,6,92020,6,1,0,0,3,1,62,189,0,0,0,0,0,0,0,0,0,0,0,0,0,0,2,2,35,1,8,2,1,0,0,1,80,99,9,1,13,"777777777777","777777777777","777777777777",0,0
6,61051,1,1,1,11,5,22,10,18,0,1,1,99,9,99,999,99999,99,9999,"999999999999","9","9","9","9","9","9","9","9","9","9","9","9",0,0,0,"000000000","00000000000",0,0,0,1,0,0,0,0,0,0,0,999,0,0,0,99,9,5,8,99,99,0,1,99,99999,9,9,99,9,9,9,999,999,99,99,99,99,99,99,9999,99,9999,9,99,99,99,99,2,3,45,1,5,8,1,0,0,1,90,99,9,1,12,"777777777777","777777777777","777777777777",0,0
6,61052,1,1,1,12,5,20,56,8,0,1,0,6,1,41,49,41049,4,2005,"JM1FE1737501","J","M","1","F","E","1","7","3","7","5","0","1",0,0,0,"000000000","00000000000",0,0,0,1,0,0,0,0,0,0,0,40,0,0,0,12,2,3,8,0,0,0,1,6,91702,6,1,0,0,3,3,62,175,0,0,0,0,0,0,0,0,0,0,0,0,0,0,2,3,45,1,5,2,1,0,0,1,80,16,9,1,13,"777777777777","777777777777","777777777777",0,0
6,61053,1,1,1,14,5,0,3,33,0,1,0,6,1,72,706,72706,80,2003,"1HD4CAM343K4","1","H","D","4","C","A","M","3","4","3","K","4",0,0,0,"000000000","00000000000",0,0,0,1,0,0,0,0,0,0,0,998,0,0,0,98,6,2,31,0,0,0,1,6,92649,6,1,0,0,3,0,70,175,0,1,0,0,0,11,2015,11,2015,4,89,0,0,0,2,3,45,3,8,8,1,0,0,14,13,99,1,4,1,"777777777777","777777777777","777777777777",1,1
6,61054,1,1,2,14,4,21,32,33,0,1,0,6,1,37,32,37032,4,2002,"1HGCG66842A1","1","H","G","C","G","6","6","8","4","2","A","1",0,0,0,"000000000","00000000000",0,0,0,1,0,0,0,0,0,0,0,998,0,0,0,12,6,2,42,0,0,0,1,6,92557,1,1,0,0,2,0,67,165,0,5,2,0,2,10,2011,11,2015,4,0,0,0,0,1,2,40,2,6,2,1,0,0,14,6,99,5,4,1,"777777777777","777777777777","777777777777",1,1
6,61055,1,1,2,20,6,2,0,1,0,1,0,6,2,37,31,37031,4,1993,"JHMEG8542PS0","J","H","M","E","G","8","5","4","2","P","S","0",0,0,0,"000000000","00000000000",0,0,0,1,0,0,0,0,0,0,0,70,0,2,5,0,6,2,1,0,0,0,1,6,95939,6,1,0,0,3,0,64,148,0,1,0,1,0,12,2013,11,2014,0,58,89,0,0,1,2,55,2,1,2,1,0,0,14,13,6,5,4,7,"777777777777","777777777777","777777777777",1,0
6,61056,1,2,1,11,4,5,8,8,0,1,0,6,2,32,402,32402,14,2011,"WA1DKAFP8BA0","W","A","1","D","K","A","F","P","8","B","A","0",0,0,0,"000000000","00000000000",0,0,0,1,0,0,0,0,0,0,0,73,0,0,0,12,4,3,8,0,0,0,1,6,95139,6,1,0,0,3,3,66,150,0,0,0,0,0,0,0,0,0,0,0,0,0,0,6,1,65,1,5,1,1,0,0,1,80,16,1,1,13,"777777777777","777777777777","777777777777",0,0
6,61056,2,2,1,11,4,5,8,8,0,1,0,6,2,59,34,59034,4,2006,"JTHBH96S0650","J","T","H","B","H","9","6","S","0","6","5","0",0,0,0,"000000000","00000000000",0,0,0,1,0,0,0,0,0,0,0,68,0,0,0,12,2,3,8,0,0,0,1,6,95037,6,1,0,0,3,0,68,230,0,0,0,0,1,4,2014,4,2014,0,0,0,0,0,6,1,65,1,5,1,1,0,0,1,80,99,1,1,98,"777777777777","777777777777","777777777777",0,0
6,61057,1,2,1,5,6,22,5,12,1,1,0,99,9,34,999,34999,49,2003,"WBSBR93493PK","W","B","S","B","R","9","3","4","9","3","P","K",0,0,0,"000000000","00000000000",0,0,0,1,0,0,0,0,0,0,0,80,0,0,0,12,6,2,12,0,0,0,1,6,95116,0,0,0,0,0,0,68,160,0,0,0,0,0,0,0,0,0,4,91,0,0,0,3,6,65,1,8,8,1,0,0,1,51,16,2,1,24,"777777777777","777777777777","777777777777",0,1
6,61057,2,2,2,5,6,22,5,12,1,1,0,6,1,49,482,49482,31,2003,"5TBBT44123S3","5","T","B","B","T","4","4","1","2","3","S","3",0,0,0,"000000000","00000000000",0,0,0,1,0,0,0,0,0,0,0,65,0,9,1,6,6,2,1,0,0,0,1,6,95148,6,1,0,0,3,3,73,260,0,0,0,0,0,0,0,0,0,0,0,0,0,0,3,6,65,1,8,8,1,0,0,1,53,99,1,1,25,"777777777777","777777777777","777777777777",1,0
6,61058,1,1,1,13,5,7,8,8,0,1,0,6,2,20,481,20481,31,2015,"3GCPCREC1FG2","3","G","C","P","C","R","E","C","1","F","G","2",0,0,0,"000000000","00000000000",0,0,0,1,0,0,0,0,0,0,0,48,0,0,0,62,2,5,8,0,0,0,1,6,91790,6,1,0,0,3,0,64,150,0,0,0,2,1,1,2015,2,2016,0,38,0,0,0,2,3,40,1,1,2,1,0,0,1,80,7,1,2,13,"777777777777","777777777777","777777777777",0,0
6,61059,1,2,1,4,5,13,34,12,2,1,0,6,1,76,706,76706,80,2003,"JYARN10Y63A0","J","Y","A","R","N","1","0","Y","6","3","A","0",0,0,0,"000000000","00000000000",0,0,0,1,0,0,0,0,0,0,0,998,0,0,0,12,6,2,12,0,0,0,1,6,95822,1,1,0,0,2,0,71,165,0,1,0,1,1,4,2013,1,2015,4,24,0,0,0,5,5,45,1,8,8,1,0,0,1,17,16,2,1,69,"777777777777","777777777777","777777777777",1,0
6,61059,2,2,1,4,5,13,34,12,2,1,0,6,1,18,2,18002,4,1998,"1G4HP52K7WH5","1","G","4","H","P","5","2","K","7","W","H","5",0,0,0,"000000000","00000000000",0,0,0,1,0,0,0,0,0,0,0,998,0,0,0,12,6,2,12,0,0,0,1,6,95822,6,1,0,0,3,3,66,196,0,0,0,0,0,0,0,0,0,0,0,0,0,0,5,5,45,1,8,8,1,0,0,11,15,1,1,1,68,"777777777777","777777777777","777777777777",0,0
6,61060,1,1,1,17,5,15,33,42,0,1,0,6,2,14,17,14017,4,2001,"1MEHM55S41A6","1","M","E","H","M","5","5","S","4","1","A","6",0,0,0,"000000000","00000000000",0,0,0,1,0,0,0,0,0,0,0,998,0,0,0,12,6,2,42,0,0,0,1,6,95023,6,1,0,0,3,0,68,200,0,0,0,0,0,0,0,0,0,3,0,0,0,0,1,2,25,1,8,2,1,0,0,1,8,1,9,4,2,"777777777777","777777777777","777777777777",1,0
6,61061,1,3,1,20,5,19,42,12,8,1,0,6,1,20,2,20002,4,2014,"2G1125S34E91","2","G","1","1","2","5","S","3","4","E","9","1",0,0,0,"000000000","00000000000",0,0,0,1,0,0,0,0,0,0,0,998,0,0,0,61,6,2,12,0,0,0,1,6,95820,6,1,0,0,3,0,72,280,0,0,0,0,0,0,0,0,0,0,28,0,0,0,1,4,35,1,1,2,2,0,0,1,10,99,9,2,64,"777777777777","777777777777","777777777777",1,1
6,61061,2,3,1,20,5,19,42,12,8,1,0,6,2,6,52,6052,6,2005,"3C4FY58B95T6","3","C","4","F","Y","5","8","B","9","5","T","6",0,0,0,"000000000","00000000000",0,0,0,1,0,0,0,0,0,0,0,998,0,0,0,61,6,2,12,0,0,0,1,6,95695,3,1,0,0,2,0,64,150,0,2,0,0,0,7,2014,7,2014,0,0,0,0,0,1,4,35,1,1,2,2,0,0,1,62,99,9,1,65,"777777777777","777777777777","777777777777",0,0
6,61061,3,3,1,20,5,19,42,12,8,1,0,6,1,7,26,7026,4,2013,"1C3CDZAB4DN5","1","C","3","C","D","Z","A","B","4","D","N","5",0,0,0,"000000000","00000000000",0,0,0,1,0,0,0,0,0,0,0,998,0,0,0,12,6,2,12,0,0,0,1,6,95758,3,1,0,0,2,0,70,225,0,1,0,0,0,12,2012,12,2012,0,0,0,0,0,1,4,35,1,1,2,2,0,0,1,62,99,9,1,98,"777777777777","777777777777","777777777777",0,0
6,61062,1,1,1,8,5,21,15,33,0,1,0,16,2,63,37,63037,6,2015,"KNDJN2A23F72","K","N","D","J","N","2","A","2","3","F","7","2",0,0,0,"000000000","00000000000",0,0,0,1,0,0,0,0,0,0,0,55,0,1,5,98,6,2,1,0,0,0,1,6,95531,6,1,0,0,3,3,78,245,0,0,0,0,0,0,0,0,0,0,0,0,0,0,1,2,55,3,8,2,1,0,0,14,13,99,1,4,1,"777777777777","777777777777","777777777777",1,0
6,61063,1,2,1,29,4,15,45,12,1,1,0,6,1,53,706,53706,80,1999,"JS1GW71A0X21","J","S","1","G","W","7","1","A","0","X","2","1",0,0,0,"000000000","00000000000",0,0,0,1,0,0,0,0,0,0,0,998,0,0,0,12,6,2,12,0,0,0,1,6,92083,6,1,0,0,2,0,68,207,0,0,0,0,0,0,0,0,0,4,0,0,0,0,3,4,65,1,1,1,1,0,0,1,10,1,1,1,24,"777777777777","777777777777","777777777777",1,0
6,61063,2,2,4,29,4,15,45,12,1,1,0,6,1,55,33,55033,4,2012,"5NPEC4ACXCH4","5","N","P","E","C","4","A","C","X","C","H","4",0,0,0,"000000000","00000000000",0,0,0,1,0,0,0,0,0,0,0,18,0,0,0,6,4,3,12,0,0,0,1,6,90019,6,1,0,0,3,0,62,180,0,0,0,0,0,0,0,0,0,0,0,0,0,0,3,4,65,1,1,1,1,0,0,15,53,99,1,2,27,"777777777777","777777777777","777777777777",0,1
6,61064,1,1,1,26,5,4,59,8,0,1,0,41,3,82,881,82881,66,2015,"1FUJGLBG4FLG","1","F","U","J","G","L","B","G","4","F","L","G",1,1,57,"008723","57008723",3,6,1,1,0,0,0,0,0,0,0,58,0,0,0,12,2,3,8,0,0,0,1,6,92065,6,1,3,3,3,0,70,185,0,0,0,0,0,0,0,0,0,0,0,0,0,0,3,2,55,1,8,2,1,0,0,1,80,6,1,2,13,"3H3V532C7FT1","777777777777","777777777777",0,0
6,61065,1,2,1,16,4,1,20,12,1,1,0,6,1,63,34,63034,4,2013,"5XXGR4A62DG1","5","X","X","G","R","4","A","6","2","D","G","1",0,0,0,"000000000","00000000000",0,0,0,1,0,0,0,0,0,0,0,90,0,0,0,12,6,2,12,0,0,0,1,6,91710,6,1,0,0,3,3,62,125,0,0,0,0,0,0,0,0,0,4,0,0,0,0,3,4,65,1,5,1,1,0,0,1,51,99,1,1,24,"777777777777","777777777777","777777777777",1,0
6,61065,2,2,1,16,4,1,20,12,1,1,1,6,1,51,881,51881,66,2016,"4V4MC9EH2GN9","4","V","4","M","C","9","E","H","2","G","N","9",2,1,57,"009853","57009853",3,7,1,1,0,0,0,0,0,0,0,50,0,0,0,6,6,2,12,0,0,0,1,6,90023,6,1,6,3,3,3,71,280,0,0,0,0,1,4,2014,4,2014,0,0,0,0,0,1,4,65,1,5,1,1,0,0,1,53,99,1,1,25,"1UYVS1283YC2","777777777777","777777777777",0,0
6,61066,1,1,1,10,3,21,40,8,0,1,1,6,2,7,482,7482,31,2002,"1B7HA18Z52J1","1","B","7","H","A","1","8","Z","5","2","J","1",0,0,0,"000000000","00000000000",0,0,0,1,0,0,0,0,0,0,0,998,0,0,0,12,4,3,8,0,0,0,1,6,95632,6,1,0,0,3,3,65,240,0,0,0,0,0,0,0,0,0,0,0,0,0,0,1,2,35,8,8,2,2,0,0,1,80,1,1,1,13,"777777777777","777777777777","777777777777",0,1
6,61067,1,1,1,11,1,4,47,33,0,1,0,6,1,12,471,12471,30,1999,"1FTZR15V6XPB","1","F","T","Z","R","1","5","V","6","X","P","B",0,0,0,"000000000","00000000000",0,0,0,1,0,0,0,0,0,0,0,998,0,1,5,98,6,2,42,0,0,0,1,6,95678,6,1,0,0,3,0,77,180,1,0,0,0,0,2,2015,2,2015,0,0,0,0,0,5,4,40,1,8,2,1,0,0,1,13,99,1,4,1,"777777777777","777777777777","777777777777",1,1
6,61068,1,1,1,13,5,11,55,59,0,1,0,41,1,72,706,72706,80,2012,"1HD1KHM17CB6","1","H","D","1","K","H","M","1","7","C","B","6",0,0,0,"000000000","00000000000",0,0,0,1,0,0,0,0,0,0,0,998,0,0,0,12,6,2,1,0,0,0,1,6,95687,3,1,0,0,2,0,73,220,0,0,0,0,0,0,0,0,0,0,0,0,0,0,1,2,55,3,6,2,1,0,0,14,13,99,1,4,1,"777777777777","777777777777","777777777777",1,0
6,61069,1,1,1,26,4,3,23,35,0,1,0,6,2,37,31,37031,2,2005,"1HGEM22905L0","1","H","G","E","M","2","2","9","0","5","L","0",0,0,0,"000000000","00000000000",0,0,0,1,0,0,0,0,0,0,0,999,0,1,5,12,6,2,1,0,0,0,1,6,94610,6,1,0,0,3,0,68,155,0,0,0,0,0,0,0,0,0,0,99,99,99,99,1,2,45,3,5,2,1,0,0,14,13,99,1,4,1,"777777777777","777777777777","777777777777",1,0
6,61070,1,2,2,29,5,12,30,12,6,1,0,6,1,7,898,7898,71,2005,"3D3MR48C95G7","3","D","3","M","R","4","8","C","9","5","G","7",1,1,88,"888888888","88888888888",2,19,97,1,0,0,0,0,0,0,0,15,0,0,0,12,6,2,12,0,0,0,1,6,95826,6,1,0,0,3,0,70,200,0,0,0,2,1,9,2012,2,2015,0,38,0,0,0,1,2,55,2,5,2,1,0,0,11,15,16,2,2,68,"4JUBF16256N0","777777777777","777777777777",0,0
6,61070,2,2,4,29,5,12,30,12,6,1,0,6,1,12,401,12401,14,2003,"1FMZU70E93UA","1","F","M","Z","U","7","0","E","9","3","U","A",0,0,0,"000000000","00000000000",0,0,0,1,0,0,0,0,0,0,0,45,0,1,1,62,6,2,12,0,0,0,1,6,95665,6,1,0,0,3,0,66,340,0,0,0,0,0,0,0,0,0,4,0,0,0,0,1,2,55,3,6,2,1,0,0,14,62,7,2,1,69,"777777777777","777777777777","777777777777",1,0
6,61071,1,1,1,8,4,23,53,35,0,1,0,6,1,42,43,42043,2,1995,"WDBGA70E1SA2","W","D","B","G","A","7","0","E","1","S","A","2",0,0,0,"000000000","00000000000",0,0,0,1,0,0,0,0,0,0,0,999,0,1,5,98,6,2,1,0,0,0,1,6,94607,6,1,6,0,3,0,69,180,0,0,0,0,0,0,0,0,0,0,0,0,0,0,3,4,65,8,8,2,2,0,0,1,13,99,1,4,1,"777777777777","777777777777","777777777777",1,1
6,61072,1,1,3,6,3,19,19,8,0,1,0,6,1,35,401,35401,14,2000,"JN8AR07S6YW4","J","N","8","A","R","0","7","S","6","Y","W","4",0,0,0,"000000000","00000000000",0,0,0,1,0,0,0,0,0,0,0,998,0,0,0,61,2,5,8,0,0,0,1,6,92704,6,1,0,0,3,0,68,155,0,0,0,0,0,0,0,0,0,0,0,0,0,0,5,7,35,8,8,2,1,0,0,1,80,99,1,1,13,"777777777777","777777777777","777777777777",0,0
6,61073,1,2,1,25,3,2,25,12,2,1,0,6,1,37,31,37031,4,2015,"19XFB2F89FE2","1","9","X","F","B","2","F","8","9","F","E","2",0,0,0,"000000000","00000000000",0,0,0,1,0,0,0,0,0,0,0,998,0,0,0,12,6,2,12,0,0,0,1,6,92694,6,1,0,0,3,0,60,95,1,0,0,0,0,1,2016,1,2016,0,28,0,0,0,1,2,45,3,8,2,1,0,0,14,10,99,1,2,50,"777777777777","777777777777","777777777777",1,1
6,61073,2,2,1,25,3,2,25,12,2,1,0,6,3,82,881,82881,66,2009,"1FUJGECK89LA","1","F","U","J","G","E","C","K","8","9","L","A",1,1,57,"1136836","571136836",3,6,98,1,0,0,0,0,0,0,0,998,0,0,0,12,6,2,12,0,0,0,1,6,93312,6,1,6,0,3,3,69,260,1,0,0,1,0,4,2014,3,2016,0,0,0,0,0,1,2,45,8,8,2,1,0,0,1,62,16,2,1,51,"888888888888","777777777777","777777777777",0,0
6,61074,1,1,3,20,2,0,15,33,0,1,0,6,2,35,39,35039,4,1996,"JN1CA21DXTT1","J","N","1","C","A","2","1","D","X","T","T","1",0,0,0,"000000000","00000000000",0,0,0,1,0,0,0,0,0,0,0,998,0,0,0,98,6,2,42,0,0,0,1,6,90631,0,0,0,0,0,0,65,160,0,0,0,0,0,0,0,0,0,0,0,0,0,0,1,5,35,1,1,2,1,0,0,1,13,99,1,4,1,"777777777777","777777777777","777777777777",1,1
6,61075,1,2,1,9,4,0,9,12,6,1,0,6,1,34,34,34034,4,2015,"WBA3A9C55FKW","W","B","A","3","A","9","C","5","5","F","K","W",0,0,0,"000000000","00000000000",0,0,0,1,0,0,0,0,0,0,0,88,0,1,6,12,6,2,12,0,0,0,1,6,92064,6,1,0,0,3,0,72,195,0,1,0,0,0,11,2014,11,2014,4,39,0,0,0,1,6,35,1,1,2,1,3,3,1,17,99,1,1,86,"777777777777","777777777777","777777777777",0,1
6,61075,2,2,1,9,4,0,9,12,6,1,0,6,1,37,31,37031,4,2016,"19XFC1F33GE2","1","9","X","F","C","1","F","3","3","G","E","2",0,0,0,"000000000","00000000000",0,0,0,1,0,0,0,0,0,0,0,998,0,0,0,1,6,2,12,0,0,0,1,6,92084,6,1,0,0,3,3,68,150,1,0,0,0,0,1,2015,1,2015,0,0,0,0,0,2,3,35,1,5,2,1,3,3,1,66,99,1,1,87,"777777777777","777777777777","777777777777",1,0
6,61076,1,2,1,15,4,13,53,12,2,1,0,6,1,49,49,49049,6,2006,"JTLKT324X640","J","T","L","K","T","3","2","4","X","6","4","0",0,0,0,"000000000","00000000000",0,0,0,1,0,0,0,0,0,0,0,998,0,0,0,12,6,2,12,0,0,0,1,6,92398,6,1,0,0,3,3,62,160,0,0,0,0,1,3,2015,3,2015,0,28,0,0,0,5,5,45,1,1,2,1,0,0,11,15,99,1,1,68,"777777777777","777777777777","777777777777",1,0
6,61076,2,2,1,15,4,13,53,12,2,1,0,6,2,30,40,30040,4,2010,"3VWJZ7AJ6AM0","3","V","W","J","Z","7","A","J","6","A","M","0",0,0,0,"000000000","00000000000",0,0,0,1,0,0,0,0,0,0,0,40,0,0,0,12,6,2,12,0,0,0,1,6,92398,6,1,0,0,3,0,63,150,1,0,0,0,0,2,2016,2,2016,0,0,0,0,0,5,5,45,1,1,2,1,0,0,1,66,1,1,1,69,"777777777777","777777777777","777777777777",0,0
6,61077,1,1,1,19,6,2,21,39,0,1,0,6,2,12,3,12003,2,2007,"1ZVFT80N6753","1","Z","V","F","T","8","0","N","6","7","5","3",0,0,0,"000000000","00000000000",0,0,0,1,0,0,0,0,0,0,0,998,0,0,0,98,6,2,30,0,0,0,1,6,90303,0,0,0,0,0,0,71,150,0,0,0,0,0,0,0,0,0,4,0,0,0,0,2,2,35,8,8,2,1,0,0,1,6,99,2,4,2,"777777777777","777777777777","777777777777",1,0
6,61078,1,2,2,8,2,2,1,12,6,1,1,6,2,42,48,42048,4,2006,"WDBUF56J26A9","W","D","B","U","F","5","6","J","2","6","A","9",0,0,0,"000000000","00000000000",0,0,0,1,0,0,0,0,0,0,0,86,0,0,0,12,6,2,12,0,0,0,1,6,92707,3,1,0,0,2,0,72,180,0,0,0,0,0,0,0,0,0,4,39,0,0,0,2,6,35,8,8,1,1,3,3,1,17,99,1,1,88,"777777777777","777777777777","777777777777",0,1
6,61078,2,2,1,8,2,2,1,12,6,1,0,6,1,12,3,12003,1,1999,"1FAFP4442XF2","1","F","A","F","P","4","4","4","2","X","F","2",0,0,0,"000000000","00000000000",0,0,0,1,0,0,0,0,0,0,0,34,0,0,0,61,6,2,12,0,0,0,1,6,92832,6,1,0,0,3,0,66,155,0,0,0,0,0,0,0,0,0,0,0,0,0,0,1,7,40,8,8,1,1,3,3,1,66,99,1,1,89,"777777777777","777777777777","777777777777",1,0