"STATE","ST_CASE","VEH_NO","VE_FORMS","NUMOCCS","DAY","MONTH","HOUR","MINUTE","HARM_EV","MAN_COLL","UNITTYPE","HIT_RUN","REG_STAT","OWNER","MAKE","MODEL","MAK_MOD","BODY_TYP","MOD_YEAR","VIN","VIN_1","VIN_2","VIN_3","VIN_4","VIN_5","VIN_6","VIN_7","VIN_8","VIN_9","VIN_10","VIN_11","VIN_12","TOW_VEH","J_KNIFE","MCARR_I1","MCARR_I2","MCARR_ID","GVWR","V_CONFIG","CARGO_BT","HAZ_INV","HAZ_PLAC","HAZ_ID","HAZ_CNO","HAZ_REL","BUS_USE","SPEC_USE","EMER_USE","TRAV_SP","UNDERIDE","ROLLOVER","ROLINLOC","IMPACT1","DEFORMED","TOWED","M_HARM","VEH_SC1","VEH_SC2","FIRE_EXP","DR_PRES","L_STATE","DR_ZIP","L_STATUS","L_TYPE","CDL_STAT","L_ENDORS","L_COMPL","L_RESTRI","DR_HGT","DR_WGT","PREV_ACC","PREV_SUS","PREV_DWI","PREV_SPD","PREV_OTH","FIRST_MO","FIRST_YR","LAST_MO","LAST_YR","SPEEDREL","DR_SF1","DR_SF2","DR_SF3","DR_SF4","VTRAFWAY","VNUM_LAN","VSPD_LIM","VALIGN","VPROFILE","VPAVETYP","VSURCOND","VTRAFCON","VTCONT_F","P_CRASH1","P_CRASH2","P_CRASH3","PCRASH4","PCRASH5","ACC_TYPE","TRLR1VIN","TRLR2VIN","TRLR3VIN","DEATHS","DR_DRINK"
6,61220,1,3,1,30,6,15,5,12,6,1,0,6,1,52,40,52040,4,2003,"6MMAP67P83T0","6","M","M","A","P","6","7","P","8","3","T","0",0,0,0,"000000000","00000000000",0,0,0,1,0,0,0,0,0,0,0,998,0,0,0,7,2,5,12,0,0,0,1,6,95472,6,1,0,0,3,3,68,128,0,0,0,0,0,0,0,0,0,0,38,0,0,0,1,2,55,8,8,2,1,20,3,1,17,99,1,1,89,"777777777777","777777777777","777777777777",0,0
6,61220,2,3,1,30,6,15,5,12,6,1,0,6,1,12,471,12471,30,2010,"1FTKR1ED1APA","1","F","T","K","R","1","E","D","1","A","P","A",0,0,0,"000000000","00000000000",0,0,0,1,0,0,0,0,0,0,0,55,0,0,0,12,4,3,12,0,0,0,1,6,95446,6,1,0,0,3,3,66,142,0,0,0,0,0,0,0,0,0,0,0,0,0,0,1,3,55,8,6,2,1,0,0,1,66,8,1,1,88,"777777777777","777777777777","777777777777",1,0
6,61220,3,3,1,30,6,15,5,12,6,1,0,6,1,59,403,59403,14,2006,"JTJGW31U0620","J","T","J","G","W","3","1","U","0","6","2","0",0,0,0,"000000000","00000000000",0,0,0,1,0,0,0,0,0,0,0,55,0,0,0,12,6,2,12,0,0,0,1,6,95471,6,1,0,0,3,0,59,110,0,0,0,1,3,8,2014,7,2015,0,0,0,0,0,1,3,55,8,6,2,1,0,0,1,66,16,1,1,98,"777777777777","777777777777","777777777777",0,0
6,61221,1,1,1,6,5,1,20,8,0,1,0,6,1,20,481,20481,31,2001,"2GCEC19V8113","2","G","C","E","C","1","9","V","8","1","1","3",0,0,0,"000000000","00000000000",0,0,0,1,0,0,0,0,0,0,0,60,0,0,0,12,4,3,8,0,0,0,1,6,94603,6,1,0,0,3,0,73,230,0,0,0,0,0,0,0,0,0,0,0,0,0,0,3,4,65,2,6,2,1,0,0,14,80,6,1,1,13,"777777777777","777777777777","777777777777",0,0
6,61222,1,6,1,27,4,5,55,12,1,1,0,6,3,82,881,82881,63,2011,"1FUJGLDR0BSA","1","F","U","J","G","L","D","R","0","B","S","A",1,1,57,"2479291","572479291",3,4,97,1,0,0,0,0,0,0,0,998,0,0,0,12,4,3,12,0,0,0,1,6,95932,6,1,6,0,3,0,65,200,3,0,0,0,1,6,2014,2,2016,4,0,0,0,0,3,6,55,8,8,1,1,0,0,1,50,1,1,1,20,"1JJV532W6WL4","777777777777","777777777777",0,0
6,61222,2,6,1,27,4,5,55,12,1,1,0,6,1,34,34,34034,4,1999,"WBAAM5330XKG","W","B","A","A","M","5","3","3","0","X","K","G",0,0,0,"000000000","00000000000",0,0,0,1,0,0,0,0,0,0,0,0,0,0,0,6,6,2,12,0,0,1,1,6,94513,6,1,0,0,3,0,66,230,0,2,2,1,0,11,2011,4,2014,0,15,0,0,0,3,6,55,8,8,1,1,0,0,5,53,99,1,1,21,"777777777777","777777777777","777777777777",1,0
6,61222,3,6,1,27,4,5,55,12,1,1,0,6,1,54,31,54031,3,2001,"JH4DC23941S0","J","H","4","D","C","2","3","9","4","1","S","0",0,0,0,"000000000","00000000000",0,0,0,1,0,0,0,0,0,0,0,0,0,0,0,6,6,2,12,0,0,1,1,6,95337,6,1,0,0,3,3,72,190,0,0,0,0,0,0,0,0,0,0,0,0,0,0,3,6,55,8,8,1,1,0,0,5,53,99,1,1,98,"777777777777","777777777777","777777777777",0,0
6,61222,4,6,2,27,4,5,55,12,1,1,0,6,2,12,21,12021,4,2005,"1FAFP23145G1","1","F","A","F","P","2","3","1","4","5","G","1",0,0,0,"000000000","00000000000",0,0,0,1,0,0,0,0,0,0,0,0,0,0,0,6,6,2,12,0,0,0,1,6,95210,6,1,0,0,3,0,70,190,0,0,0,0,0,0,0,0,0,0,0,0,0,0,3,6,55,8,8,1,1,0,0,5,53,99,1,1,98,"777777777777","777777777777","777777777777",0,0
6,61222,5,6,1,27,4,5,55,12,1,1,0,6,1,35,50,35050,5,2015,"3N1CE2CP7FL4","3","N","1","C","E","2","C","P","7","F","L","4",0,0,0,"000000000","00000000000",0,0,0,1,0,0,0,0,0,0,0,0,0,0,0,6,6,2,12,0,0,1,1,6,95336,6,1,0,0,3,0,70,210,0,0,0,0,0,0,0,0,0,0,0,0,0,0,3,6,55,8,8,1,1,0,0,5,53,99,1,1,98,"777777777777","777777777777","777777777777",0,0
6,61222,6,6,3,27,4,5,55,12,1,1,0,6,2,41,51,41051,4,2008,"JM1BK32G2818","J","M","1","B","K","3","2","G","2","8","1","8",0,0,0,"000000000","00000000000",0,0,0,1,0,0,0,0,0,0,0,0,0,0,0,6,2,3,12,0,0,0,1,6,95204,0,0,0,0,0,0,66,165,0,0,0,0,0,0,0,0,0,0,0,0,0,0,3,6,55,8,8,1,1,0,0,5,53,10,1,1,98,"777777777777","777777777777","777777777777",0,0
6,61223,1,1,1,28,3,10,5,33,0,1,0,6,1,55,36,55036,3,2005,"KMHCG35C95U3","K","M","H","C","G","3","5","C","9","5","U","3",0,0,0,"000000000","00000000000",0,0,0,1,0,0,0,0,0,0,0,65,0,0,0,14,6,2,42,0,0,0,1,6,93063,6,1,0,0,3,0,67,140,0,0,0,0,0,0,0,0,0,0,0,0,0,0,2,3,65,1,1,2,2,0,0,1,60,9,3,4,2,"777777777777","777777777777","777777777777",1,0
6,61224,1,1,2,6,8,18,34,35,0,1,0,6,2,49,482,49482,31,2000,"5TBRT3419YS1","5","T","B","R","T","3","4","1","9","Y","S","1",0,0,0,"000000000","00000000000",0,0,0,1,0,0,0,0,0,0,0,999,0,1,5,12,6,2,1,0,0,0,1,6,93723,1,1,0,0,2,3,67,150,0,0,0,0,1,1,2012,1,2012,4,0,0,0,0,1,2,55,3,6,2,1,0,0,14,10,99,2,4,6,"777777777777","777777777777","777777777777",2,0
6,61225,1,1,1,2,8,8,10,30,0,1,0,6,2,20,28,20028,4,2014,"1G1JC5SH0E42","1","G","1","J","C","5","S","H","0","E","4","2",0,0,0,"000000000","00000000000",0,0,0,1,0,0,0,0,0,0,0,70,0,1,5,12,6,2,30,0,0,0,1,6,96022,1,1,0,0,2,0,71,220,0,2,1,0,0,1,2014,4,2014,0,0,0,0,0,1,2,40,1,8,2,1,0,0,1,11,99,1,4,1,"777777777777","777777777777","777777777777",1,1
6,61226,1,1,3,22,3,18,0,1,0,1,0,6,1,23,421,23421,15,2001,"1GKEK13T41J1","1","G","K","E","K","1","3","T","4","1","J","1",0,0,0,"000000000","00000000000",0,0,0,1,0,0,0,0,0,0,0,999,0,2,1,0,6,2,1,0,0,0,1,6,95966,6,1,0,0,3,3,74,220,0,0,0,0,0,0,0,0,0,0,58,0,0,0,1,2,55,3,6,2,1,0,0,14,8,99,2,2,98,"777777777777","777777777777","777777777777",1,1
6,61227,1,2,2,27,5,4,21,12,1,1,0,6,1,42,48,42048,6,2002,"WDBJH82J22X0","W","D","B","J","H","8","2","J","2","2","X","0",0,0,0,"000000000","00000000000",0,0,0,1,0,0,0,0,0,0,0,70,0,1,1,6,6,2,12,0,0,0,1,6,95837,6,1,0,0,3,3,73,175,0,0,0,0,0,0,0,0,0,0,27,0,0,0,3,3,65,1,1,1,1,0,0,15,11,99,1,2,25,"777777777777","777777777777","777777777777",2,0
6,61227,2,2,1,27,5,4,21,12,1,1,0,6,3,23,883,23883,62,2009,"4GTK7F1B69F7","4","G","T","K","7","F","1","B","6","9","F","7",0,0,88,"888888888","88888888888",2,1,1,1,0,0,0,0,0,0,0,67,0,0,0,12,6,2,12,0,0,0,1,6,94545,6,1,0,0,3,0,73,187,0,0,0,0,0,0,0,0,0,0,0,0,0,0,3,3,65,1,1,1,1,0,0,1,60,99,1,1,24,"777777777777","777777777777","777777777777",0,0
6,61228,1,1,2,23,5,99,99,41,0,1,0,6,2,12,17,12017,4,2002,"1FAFP55U82G2","1","F","A","F","P","5","5","U","8","2","G","2",0,0,0,"000000000","00000000000",0,0,0,1,0,0,0,0,0,0,0,998,0,0,0,98,6,2,3,0,0,0,1,6,95817,1,1,0,0,2,0,73,190,0,1,0,1,1,2,2013,3,2015,0,0,0,0,0,1,2,35,2,8,2,1,0,0,14,12,1,1,4,6,"777777777777","777777777777","777777777777",2,0
6,61229,1,1,4,22,7,22,24,42,0,1,0,6,2,34,34,34034,4,1998,"WBACD4321WAV","W","B","A","C","D","4","3","2","1","W","A","V",0,0,0,"000000000","00000000000",0,0,0,1,0,0,0,0,0,0,0,998,0,0,0,61,6,2,42,0,0,0,1,6,95242,6,1,0,0,3,3,68,130,0,0,0,0,0,0,0,0,0,4,0,0,0,0,6,1,65,2,1,2,1,0,0,14,10,99,3,4,6,"777777777777","777777777777","777777777777",1,0
6,61230,1,3,1,29,5,8,52,42,0,1,0,6,1,20,9,20009,2,1994,"2G1FP22P0R22","2","G","1","F","P","2","2","P","0","R","2","2",0,0,0,"000000000","00000000000",0,0,0,1,0,0,0,0,0,0,0,70,0,1,2,98,6,2,1,0,0,0,1,6,95207,6,1,0,0,3,0,68,145,0,0,0,0,1,12,2015,12,2015,0,0,0,0,0,3,3,70,1,1,1,1,0,0,1,13,99,1,4,1,"777777777777","777777777777","777777777777",1,0
6,61230,2,3,2,29,5,8,52,42,0,1,0,6,1,7,43,7043,2,2001,"4B3AG42H21E2","4","B","3","A","G","4","2","H","2","1","E","2",0,0,0,"000000000","00000000000",0,0,0,1,0,0,0,0,0,0,0,0,0,0,0,61,6,2,12,0,0,0,1,6,95204,6,1,0,0,3,0,69,195,0,0,0,0,0,0,0,0,0,0,0,0,0,0,3,3,70,1,1,1,1,0,0,5,64,99,1,1,98,"777777777777","777777777777","777777777777",0,0
6,61230,3,3,1,29,5,8,52,42,0,1,0,6,1,49,40,49040,4,2011,"4T1BF3EK8BU6","4","T","1","B","F","3","E","K","8","B","U","6",0,0,0,"000000000","00000000000",0,0,0,1,0,0,0,0,0,0,0,0,0,0,0,6,4,5,12,0,0,0,1,6,95355,6,1,0,0,3,0,64,200,0,0,0,0,0,0,0,0,0,0,0,0,0,0,3,3,70,1,1,1,1,0,0,5,64,99,1,1,98,"777777777777","777777777777","777777777777",0,0
6,61231,1,2,1,9,5,17,45,12,1,1,0,6,1,34,34,34034,4,2010,"WBAPH7G53ANM","W","B","A","P","H","7","G","5","3","A","N","M",0,0,0,"000000000","00000000000",0,0,0,1,0,0,0,0,0,0,0,75,0,0,0,12,6,2,12,0,0,0,1,6,94510,6,1,0,0,3,0,60,108,0,0,0,0,0,0,0,0,0,4,0,0,0,0,3,5,65,1,1,1,1,0,0,15,50,7,1,2,20,"777777777777","777777777777","777777777777",0,0
6,61231,2,2,1,9,5,17,45,12,1,1,0,6,3,54,41,54041,4,2013,"19VDE1F73DE0","1","9","V","D","E","1","F","7","3","D","E","0",0,0,0,"000000000","00000000000",0,0,0,1,0,0,0,0,0,0,0,0,0,0,0,6,8,9,12,0,0,0,1,6,94561,6,1,0,0,3,0,62,198,0,0,0,0,3,6,2014,11,2015,0,0,0,0,0,3,5,65,1,1,1,1,0,0,5,53,1,1,1,21,"777777777777","777777777777","777777777777",1,0
6,61232,1,1,1,24,7,2,10,8,0,1,1,99,9,99,399,99399,9,9999,"999999999999","9","9","9","9","9","9","9","9","9","9","9","9",0,0,0,"000000000","00000000000",0,0,0,1,0,0,0,0,0,0,0,999,0,0,0,12,9,5,8,0,0,0,1,99,99999,9,9,99,9,9,9,999,999,99,99,99,99,99,99,9999,99,9999,9,99,99,99,99,3,3,65,1,9,1,1,0,0,1,80,99,1,1,13,"777777777777","777777777777","777777777777",0,0
6,61233,1,3,1,8,7,14,42,12,1,1,0,6,1,42,401,42401,14,1998,"4JGAB54E6WA0","4","J","G","A","B","5","4","E","6","W","A","0",0,0,0,"000000000","00000000000",0,0,0,1,0,0,0,0,0,0,0,13,0,0,0,6,4,3,12,0,0,0,1,6,94591,1,1,0,0,2,0,77,200,0,3,0,2,1,4,2014,7,2016,0,0,0,0,0,3,5,65,1,8,8,1,0,0,1,98,99,1,1,98,"777777777777","777777777777","777777777777",0,0
6,61233,2,3,1,8,7,14,42,12,1,1,0,6,1,34,706,34706,80,1995,"WB1048705S02","W","B","1","0","4","8","7","0","5","S","0","2",0,0,0,"000000000","00000000000",0,0,0,1,0,0,0,0,0,0,0,50,0,0,0,6,6,2,12,0,0,0,1,6,94705,6,1,0,0,3,3,64,150,0,0,0,0,0,0,0,0,0,4,0,0,0,0,3,5,65,1,8,8,1,0,0,2,53,99,1,1,29,"777777777777","777777777777","777777777777",1,0
6,61233,3,3,1,8,7,14,42,12,1,1,0,6,1,7,482,7482,31,2016,"1C6RR6KT0GS1","1","C","6","R","R","6","K","T","0","G","S","1",0,0,0,"000000000","00000000000",0,0,0,1,0,0,0,0,0,0,0,50,0,0,0,12,6,2,12,0,0,0,1,6,94803,6,1,6,0,3,0,67,170,2,0,0,0,0,5,2014,4,2016,4,0,0,0,0,3,5,65,1,8,8,1,0,0,1,52,16,2,1,28,"777777777777","777777777777","777777777777",0,0
6,61234,1,2,1,11,7,20,55,12,6,1,0,6,1,7,462,7462,21,2006,"WD0PD4448659","W","D","0","P","D","4","4","4","8","6","5","9",0,0,0,"000000000","00000000000",0,0,0,1,0,0,0,0,0,0,0,50,0,9,1,12,6,2,12,0,0,0,1,6,95023,6,1,0,0,3,0,75,185,0,0,0,0,1,4,2015,4,2015,0,38,39,0,0,1,2,50,1,8,2,1,20,3,1,19,99,1,1,86,"777777777777","777777777777","777777777777",1,0
6,61234,2,2,1,11,7,20,55,12,6,1,0,6,2,20,481,20481,31,2007,"2GCEC13Z6711","2","G","C","E","C","1","3","Z","6","7","1","1",0,0,0,"000000000","00000000000",0,0,0,1,0,0,0,0,0,0,0,50,0,0,0,81,6,2,12,0,0,0,1,6,95023,6,1,0,0,3,0,67,140,0,0,0,0,0,0,0,0,0,0,0,0,0,0,2,1,55,1,8,2,1,0,0,1,68,99,1,1,87,"777777777777","777777777777","777777777777",0,0
6,61235,1,1,4,7,2,0,53,33,0,1,0,6,1,59,35,59035,4,2008,"JTHBP2629850","J","T","H","B","P","2","6","2","9","8","5","0",0,0,0,"000000000","00000000000",0,0,0,1,0,0,0,0,0,0,0,998,0,1,1,98,6,2,33,0,0,0,1,6,92102,6,1,0,0,3,0,69,165,0,0,0,0,0,0,0,0,0,4,0,0,0,0,2,3,50,8,8,2,1,0,0,1,6,99,4,4,7,"777777777777","777777777777","777777777777",1,1
6,61236,1,2,1,10,4,20,55,12,2,1,0,6,1,37,31,37031,4,1993,"JHMEG8555PS0","J","H","M","E","G","8","5","5","5","P","S","0",0,0,0,"000000000","00000000000",0,0,0,1,0,0,0,0,0,0,0,998,0,0,0,12,6,2,12,0,0,0,1,6,92545,0,0,0,0,0,0,64,130,0,0,0,0,0,0,0,0,0,0,28,0,0,0,1,2,55,1,1,1,1,0,0,1,10,16,2,2,50,"777777777777","777777777777","777777777777",0,0
6,61236,2,2,1,10,4,20,55,12,2,1,0,6,1,37,709,37709,80,1975,"CB7502534270","C","B","7","5","0","2","5","3","4","2","7","0",0,0,0,"000000000","00000000000",0,0,0,1,0,0,0,0,0,0,0,998,0,0,0,12,6,2,12,0,0,1,1,6,92501,6,1,0,0,3,0,80,190,0,0,0,0,0,0,0,0,0,0,0,0,0,0,1,2,55,1,1,1,1,0,0,1,62,99,9,1,51,"777777777777","777777777777","777777777777",1,0
6,61237,1,1,2,14,5,0,39,33,0,1,0,6,2,14,20,14020,4,2005,"1MEFM42135G6","1","M","E","F","M","4","2","1","3","5","G","6",0,0,0,"000000000","00000000000",0,0,0,1,0,0,0,0,0,0,0,999,0,1,5,14,6,2,1,0,0,0,1,6,92335,6,1,0,0,3,0,70,200,0,0,0,0,0,0,0,0,0,0,0,0,0,0,1,4,40,8,8,2,1,0,0,1,13,1,1,4,1,"777777777777","777777777777","777777777777",1,0
6,61238,1,1,1,22,5,14,51,8,0,1,0,6,1,7,442,7442,20,1995,"2B4GH2530SR3","2","B","4","G","H","2","5","3","0","S","R","3",0,0,0,"000000000","00000000000",0,0,0,1,0,0,0,0,0,0,0,998,0,0,0,12,0,5,8,0,0,0,1,6,95341,6,1,0,0,3,3,71,128,0,0,0,0,0,0,0,0,0,0,38,0,0,0,8,8,30,8,8,8,1,2,3,10,80,99,1,1,13,"777777777777","777777777777","777777777777",0,0
6,61239,1,2,3,31,5,16,2,12,6,1,0,6,1,20,9,20009,2,2014,"2G1FC1E32E92","2","G","1","F","C","1","E","3","2","E","9","2",0,0,0,"000000000","00000000000",0,0,0,1,0,0,0,0,0,0,0,998,0,0,0,12,6,2,12,0,0,0,1,6,90008,6,1,0,0,3,0,73,190,0,0,0,0,0,0,0,0,0,4,36,37,0,0,5,5,45,8,1,2,1,0,0,1,17,99,1,1,83,"777777777777","777777777777","777777777777",0,0
6,61239,2,2,1,31,5,16,2,12,6,1,0,6,1,49,49,49049,6,2009,"JTLKE50E0910","J","T","L","K","E","5","0","E","0","9","1","0",0,0,0,"000000000","00000000000",0,0,0,1,0,0,0,0,0,0,0,998,0,0,0,61,6,2,12,0,0,0,1,6,90706,6,1,0,0,3,0,65,170,0,0,0,0,1,11,2013,11,2013,0,0,0,0,0,1,2,25,8,1,2,1,20,3,11,15,99,1,1,82,"777777777777","777777777777","777777777777",1,0
6,61240,1,2,1,15,6,18,20,12,6,1,0,6,1,73,705,73705,80,2009,"JKAZX4R159A0","J","K","A","Z","X","4","R","1","5","9","A","0",0,0,0,"000000000","00000000000",0,0,0,1,0,0,0,0,0,0,0,998,0,0,0,12,6,2,12,0,0,0,1,6,91331,6,1,0,0,3,3,71,180,1,5,1,0,0,12,2011,1,2016,4,38,0,0,0,1,5,35,8,8,8,1,2,3,1,17,99,1,1,69,"777777777777","777777777777","777777777777",1,0
6,61240,2,2,1,15,6,18,20,12,6,1,0,6,2,49,402,49402,14,2010,"2T3ZF4DV7AW0","2","T","3","Z","F","4","D","V","7","A","W","0",0,0,0,"000000000","00000000000",0,0,0,1,0,0,0,0,0,0,0,998,0,0,0,5,6,2,12,0,0,0,1,6,91331,6,1,0,0,3,0,60,222,0,0,0,0,0,0,0,0,0,0,0,0,0,0,1,5,35,1,1,8,1,3,3,11,66,99,1,1,68,"777777777777","777777777777","777777777777",0,0
6,61241,1,1,1,16,6,16,20,8,0,1,0,6,1,37,402,37402,14,1997,"JHLRD1845VC0","J","H","L","R","D","1","8","4","5","V","C","0",0,0,0,"000000000","00000000000",0,0,0,1,0,0,0,0,0,0,0,998,0,0,0,98,4,3,8,0,0,0,1,6,90706,6,1,0,0,3,0,67,165,0,0,0,0,0,0,0,0,0,0,0,0,0,0,5,7,35,8,8,8,1,28,3,1,80,99,1,1,13,"777777777777","777777777777","777777777777",0,0
6,61242,1,2,1,30,6,21,14,12,2,1,0,6,1,55,33,55033,4,2006,"5NPEU46F16H1","5","N","P","E","U","4","6","F","1","6","H","1",0,0,0,"000000000","00000000000",0,0,0,1,0,0,0,0,0,0,0,63,0,0,0,12,6,2,12,0,0,0,1,6,94586,6,1,0,0,3,3,66,155,0,0,0,0,0,0,0,0,0,0,0,0,0,0,1,2,45,1,2,2,1,0,0,1,62,99,1,3,50,"777777777777","777777777777","777777777777",1,0
6,61242,2,2,1,30,6,21,14,12,2,1,0,6,2,30,421,30421,15,2007,"WVGZE77L47D0","W","V","G","Z","E","7","7","L","4","7","D","0",0,0,0,"000000000","00000000000",0,0,0,1,0,0,0,0,0,0,0,998,0,0,0,12,6,2,12,0,0,0,1,6,94531,1,1,0,0,2,0,61,120,0,3,0,1,0,5,2012,8,2013,0,0,0,0,0,1,2,45,1,2,2,1,0,0,1,62,16,1,1,51,"777777777777","777777777777","777777777777",0,0
6,61243,1,1,5,18,7,0,25,38,0,1,0,6,2,35,47,35047,4,2004,"1N4BL11D64C1","1","N","4","B","L","1","1","D","6","4","C","1",0,0,0,"000000000","00000000000",0,0,0,1,0,0,0,0,0,0,0,999,0,1,5,98,6,2,1,0,0,0,1,6,95961,0,0,0,0,0,0,65,137,0,0,0,0,0,0,0,0,0,4,53,0,0,0,1,2,55,2,8,4,1,0,0,14,6,99,2,4,7,"777777777777","777777777777","777777777777",1,0
6,61244,1,3,3,9,7,13,27,12,2,1,0,17,1,48,401,48401,14,2002,"JF1SF63572H7","J","F","1","S","F","6","3","5","7","2","H","7",0,0,0,"000000000","00000000000",0,0,0,1,0,0,0,0,0,0,0,55,0,0,0,12,6,2,12,0,0,0,1,17,60076,0,0,0,0,0,0,66,130,0,0,0,0,0,0,0,0,0,0,28,0,0,0,1,2,55,1,1,8,1,0,0,1,10,1,1,2,50,"777777777777","777777777777","777777777777",2,0
6,61244,2,3,4,9,7,13,27,12,2,1,0,6,1,7,482,7482,31,2016,"3C6UR5CJXGG2","3","C","6","U","R","5","C","J","X","G","G","2",1,1,0,"000000000","00000000000",0,0,0,1,0,0,0,0,0,0,0,55,0,1,1,12,6,2,12,0,0,0,1,6,95918,6,1,0,0,3,0,73,230,0,0,0,0,0,0,0,0,0,0,0,0,0,0,1,2,55,1,1,8,1,0,0,1,62,1,1,1,51,"888888888888","777777777777","777777777777",0,0
6,61244,3,3,3,9,7,13,27,12,2,1,0,6,1,12,481,12481,31,2008,"1FTPW14578FB","1","F","T","P","W","1","4","5","7","8","F","B",1,1,0,"000000000","00000000000",0,0,0,1,0,0,0,0,0,0,0,55,0,0,0,12,4,5,54,0,0,0,1,6,96007,6,1,0,0,3,3,68,180,0,0,0,0,0,0,0,0,0,0,0,0,0,0,1,2,55,1,1,8,1,0,0,1,98,1,1,1,98,"888888888888","777777777777","777777777777",0,0
6,61245,1,1,2,7,7,9,12,42,0,1,0,6,3,51,881,51881,66,2013,"4V4NC9EH3DN1","4","V","4","N","C","9","E","H","3","D","N","1",1,1,57,"173676","57173676",3,6,1,1,0,0,0,0,0,0,0,55,0,1,5,12,6,2,1,0,0,0,1,6,91406,6,1,6,3,3,0,66,200,0,0,0,0,0,0,0,0,0,0,0,0,0,0,3,2,55,3,8,1,1,0,0,14,11,99,1,4,1,"1GRAA06229S7","777777777777","777777777777",1,0
6,61246,1,3,1,5,7,20,31,12,2,1,0,6,2,19,5,19005,2,1999,"1G6EL12Y7XU6","1","G","6","E","L","1","2","Y","7","X","U","6",0,0,0,"000000000","00000000000",0,0,0,1,0,0,0,0,0,0,0,999,0,0,0,12,6,2,12,0,0,0,1,6,93703,6,1,0,0,3,0,72,185,2,1,0,2,0,10,2013,1,2016,0,51,0,0,0,3,3,70,1,1,8,1,0,0,1,54,99,1,1,52,"777777777777","777777777777","777777777777",1,0
6,61246,2,3,3,5,7,20,31,12,2,1,0,6,1,35,49,35049,6,2015,"5N1AZ2MH9FN2","5","N","1","A","Z","2","M","H","9","F","N","2",0,0,0,"000000000","00000000000",0,0,0,1,0,0,0,0,0,0,0,70,0,1,1,12,6,2,12,0,0,0,1,6,93619,6,1,0,0,3,0,73,190,1,0,0,0,0,9,2014,9,2014,0,0,0,0,0,3,3,70,1,1,8,1,0,0,1,54,6,2,1,52,"777777777777","777777777777","777777777777",0,0
6,61246,3,3,1,5,7,20,31,12,2,1,0,6,1,49,472,49472,30,2011,"5TFTU4GN6BX0","5","T","F","T","U","4","G","N","6","B","X","0",0,0,0,"000000000","00000000000",0,0,0,1,0,0,0,0,0,0,0,68,0,0,0,12,6,2,12,0,0,0,1,6,92241,6,1,0,0,3,0,72,225,1,0,0,1,0,1,2014,7,2014,0,0,0,0,0,3,3,70,1,1,8,1,0,0,1,98,9,1,2,98,"777777777777","777777777777","777777777777",0,0
6,61247,1,2,1,19,8,14,10,12,6,1,0,6,1,37,32,37032,4,2001,"3HGCG66581G7","3","H","G","C","G","6","6","5","8","1","G","7",0,0,0,"000000000","00000000000",0,0,0,1,0,0,0,0,0,0,0,999,0,0,0,61,6,2,12,0,0,0,1,6,93625,6,1,0,0,3,0,65,115,0,0,0,0,0,0,0,0,0,0,38,39,0,0,1,2,55,1,1,8,1,20,3,1,17,1,1,1,89,"777777777777","777777777777","777777777777",1,0
6,61247,2,2,2,19,8,14,10,12,6,1,0,6,2,23,421,23421,15,2004,"1GKEC13T34J3","1","G","K","E","C","1","3","T","3","4","J","3",0,0,0,"000000000","00000000000",0,0,0,1,0,0,0,0,0,0,0,55,0,1,6,12,6,2,12,0,0,0,1,6,93706,6,1,0,0,3,0,61,150,0,0,0,0,0,0,0,0,0,0,0,0,0,0,1,2,55,1,1,8,1,0,0,1,66,99,9,1,88,"777777777777","777777777777","777777777777",0,0
6,61248,1,1,2,18,8,5,55,14,0,1,0,6,2,20,421,20421,15,1997,"1GNEK13R4VJ3","1","G","N","E","K","1","3","R","4","V","J","3",0,0,0,"000000000","00000000000",0,0,0,1,0,0,0,0,0,0,0,88,0,0,0,12,6,2,14,0,0,0,1,6,92223,1,1,0,0,2,0,74,195,0,0,0,0,0,0,0,0,0,0,0,0,0,0,3,4,70,1,1,1,1,0,0,1,13,99,2,4,1,"777777777777","777777777777","777777777777",1,0
6,61249,1,1,2,22,6,7,5,8,0,1,0,6,1,37,31,37031,2,2004,"1HGEM22564L0","1","H","G","E","M","2","2","5","6","4","L","0",0,0,0,"000000000","00000000000",0,0,0,1,0,0,0,0,0,0,0,38,0,0,0,12,4,3,8,0,0,0,1,6,91901,6,1,0,0,3,0,70,175,0,0,0,0,0,0,0,0,0,0,0,0,0,0,1,2,45,1,6,2,1,0,0,1,80,8,2,1,13,"777777777777","777777777777","777777777777",0,0
6,61250,1,3,2,18,7,10,0,12,6,1,0,6,2,12,13,12013,4,1998,"1FAFP13P7WW3","1","F","A","F","P","1","3","P","7","W","W","3",0,0,0,"000000000","00000000000",0,0,0,1,0,0,0,0,0,0,0,998,0,0,0,61,6,2,12,0,0,0,1,6,91501,1,1,0,0,2,0,74,225,0,1,0,0,0,9,2014,9,2014,0,0,0,0,0,1,2,50,3,8,2,1,0,0,12,21,99,1,6,98,"777777777777","777777777777","777777777777",1,0
6,61250,2,3,3,18,7,10,0,12,6,1,0,93,3,98,908,98908,58,2002,"YE2CC22B8220","Y","E","2","C","C","2","2","B","8","2","2","0",0,0,6,"149606","06149606",3,21,22,1,0,0,0,0,5,3,0,48,0,0,0,12,2,5,12,0,0,0,1,6,92030,6,1,6,1,3,0,64,164,1,0,0,0,1,12,2014,5,2016,0,0,0,0,0,1,2,50,3,8,2,1,0,0,14,64,8,1,1,98,"777777777777","777777777777","777777777777",0,0