"STATE","ST_CASE","VEH_NO","VE_FORMS","NUMOCCS","DAY","MONTH","HOUR","MINUTE","HARM_EV","MAN_COLL","UNITTYPE","HIT_RUN","REG_STAT","OWNER","MAKE","MODEL","MAK_MOD","BODY_TYP","MOD_YEAR","VIN","VIN_1","VIN_2","VIN_3","VIN_4","VIN_5","VIN_6","VIN_7","VIN_8","VIN_9","VIN_10","VIN_11","VIN_12","TOW_VEH","J_KNIFE","MCARR_I1","MCARR_I2","MCARR_ID","GVWR","V_CONFIG","CARGO_BT","HAZ_INV","HAZ_PLAC","HAZ_ID","HAZ_CNO","HAZ_REL","BUS_USE","SPEC_USE","EMER_USE","TRAV_SP","UNDERIDE","ROLLOVER","ROLINLOC","IMPACT1","DEFORMED","TOWED","M_HARM","VEH_SC1","VEH_SC2","FIRE_EXP","DR_PRES","L_STATE","DR_ZIP","L_STATUS","L_TYPE","CDL_STAT","L_ENDORS","L_COMPL","L_RESTRI","DR_HGT","DR_WGT","PREV_ACC","PREV_SUS","PREV_DWI","PREV_SPD","PREV_OTH","FIRST_MO","FIRST_YR","LAST_MO","LAST_YR","SPEEDREL","DR_SF1","DR_SF2","DR_SF3","DR_SF4","VTRAFWAY","VNUM_LAN","VSPD_LIM","VALIGN","VPROFILE","VPAVETYP","VSURCOND","VTRAFCON","VTCONT_F","P_CRASH1","P_CRASH2","P_CRASH3","PCRASH4","PCRASH5","ACC_TYPE","TRLR1VIN","TRLR2VIN","TRLR3VIN","DEATHS","DR_DRINK"
6,61329,2,2,1,9,6,6,12,12,2,1,0,6,3,87,884,87884,66,2011,"1XPHD49X4BD1","1","X","P","H","D","4","9","X","4","B","D","1",1,1,57,"543102","57543102",3,6,2,2,2,1090,3,1,0,0,0,25,0,0,0,12,4,3,12,0,0,0,1,6,90810,6,1,6,3,3,0,65,176,0,0,0,0,0,0,0,0,0,0,0,0,0,0,5,7,45,1,1,2,1,0,0,1,62,16,2,1,51,"1PMS34328V10","777777777777","777777777777",0,0
6,61330,1,1,0,6,6,16,40,8,0,1,0,6,6,98,850,98850,65,1986,"1GBJP37W0F33","1","G","B","J","P","3","7","W","0","F","3","3",0,0,0,"000000000","00000000000",0,0,0,1,0,0,0,0,0,0,0,998,0,0,0,14,0,3,8,0,0,0,0,0,99997,7,6,97,7,6,7,998,997,998,998,998,998,998,98,9998,98,9998,8,0,0,0,0,3,5,65,1,8,8,1,0,0,0,98,0,0,0,98,"777777777777","777777777777","777777777777",0,0
6,61331,1,1,1,27,7,14,35,38,0,1,0,6,1,55,36,55036,3,2008,"KMHCM36C88U0","K","M","H","C","M","3","6","C","8","8","U","0",0,0,0,"000000000","00000000000",0,0,0,1,0,0,0,0,0,0,0,65,0,0,0,98,6,2,43,0,0,0,1,6,93257,6,1,0,0,3,0,67,210,0,0,0,0,1,9,2014,9,2014,0,0,0,0,0,3,2,65,1,1,2,1,0,0,1,13,99,1,4,1,"777777777777","777777777777","777777777777",1,0
6,61332,1,2,1,25,7,15,48,12,1,1,0,6,1,49,40,49040,4,2001,"4T1BG22K71U7","4","T","1","B","G","2","2","K","7","1","U","7",0,0,0,"000000000","00000000000",0,0,0,1,0,0,0,0,0,0,0,70,0,0,0,6,2,5,12,0,0,0,1,6,91942,6,1,0,0,3,0,59,103,0,0,0,0,0,0,0,0,0,0,0,0,0,0,2,2,70,1,8,2,1,0,0,2,80,9,2,1,29,"777777777777","777777777777","777777777777",0,0
6,61332,2,2,2,25,7,15,48,12,1,1,0,94,3,84,884,84884,64,2012,"1HTJTSKM4CH5","1","H","T","J","T","S","K","M","4","C","H","5",0,0,99,"999999999","99999999999",2,1,1,1,0,0,0,0,0,0,0,70,0,0,0,12,2,5,8,0,0,0,1,48,75147,6,1,0,0,3,0,70,170,0,0,0,1,0,7,2013,7,2013,4,0,0,0,0,2,2,70,1,8,2,1,0,0,1,52,8,1,1,28,"777777777777","777777777777","777777777777",0,0
6,61333,1,1,1,9,6,99,99,35,0,1,0,6,1,12,401,12401,14,1996,"1FMCU22X1TUB","1","F","M","C","U","2","2","X","1","T","U","B",0,0,0,"000000000","00000000000",0,0,0,1,0,0,0,0,0,0,0,999,0,1,5,12,6,2,1,0,0,0,1,6,93001,1,1,0,0,2,0,61,135,0,1,0,1,0,6,2015,3,2016,0,0,0,0,0,1,3,55,3,8,2,1,0,0,14,12,99,1,4,6,"777777777777","777777777777","777777777777",1,1
6,61334,1,1,1,17,7,16,8,35,0,1,0,6,1,37,703,37703,80,2011,"MLHMC4118B50","M","L","H","M","C","4","1","1","8","B","5","0",0,0,0,"000000000","00000000000",0,0,0,1,0,0,0,0,0,0,0,999,0,0,0,12,2,3,35,0,0,0,1,6,93041,6,1,0,0,3,0,70,155,0,0,0,0,0,0,0,0,0,0,0,0,0,0,1,2,55,3,6,8,1,0,0,14,13,99,1,4,1,"777777777777","777777777777","777777777777",1,0
6,61335,1,1,1,18,8,20,12,9,0,1,0,6,1,52,46,52046,4,2004,"JA3AJ66F44U0","J","A","3","A","J","6","6","F","4","4","U","0",0,0,0,"000000000","00000000000",0,0,0,1,0,0,0,0,0,0,0,55,0,0,0,12,4,5,9,0,0,0,1,6,92365,6,1,0,0,3,0,73,225,0,0,0,0,0,0,0,0,0,0,0,0,0,0,1,2,55,1,1,2,1,0,0,1,83,8,1,1,13,"777777777777","777777777777","777777777777",0,0
6,61336,1,4,1,27,5,16,28,1,0,1,0,6,2,30,47,30047,3,2001,"3VWCC21C01M4","3","V","W","C","C","2","1","C","0","1","M","4",0,0,0,"000000000","00000000000",0,0,0,1,0,0,0,0,0,0,0,998,0,0,0,98,6,2,12,0,0,1,1,6,92879,6,1,0,0,3,0,66,140,0,0,0,0,0,0,0,0,0,0,0,0,0,0,5,5,45,1,8,2,1,0,0,1,62,99,9,1,98,"777777777777","777777777777","777777777777",0,0
6,61336,2,4,1,27,5,16,28,1,0,1,0,6,1,12,23,12023,4,2009,"3FAHP07Z29R1","3","F","A","H","P","0","7","Z","2","9","R","1",0,0,0,"000000000","00000000000",0,0,0,1,0,0,0,0,0,0,0,998,0,0,0,11,2,3,12,0,0,0,1,6,92860,6,1,0,0,3,3,62,140,0,0,0,0,0,0,0,0,0,0,0,0,0,0,5,5,45,1,8,2,1,20,3,11,15,1,1,1,98,"777777777777","777777777777","777777777777",0,0
6,61336,3,4,1,27,5,16,28,1,0,1,0,6,2,76,706,76706,80,2005,"JYARN13Y35A0","J","Y","A","R","N","1","3","Y","3","5","A","0",0,0,0,"000000000","00000000000",0,0,0,1,0,0,0,0,0,0,0,65,0,0,0,0,6,2,1,0,0,1,1,6,91784,6,1,0,0,3,0,69,126,0,0,0,0,0,0,0,0,0,4,0,0,0,0,5,5,45,1,8,2,1,0,0,1,6,16,2,1,98,"777777777777","777777777777","777777777777",1,1
6,61336,4,4,1,27,5,16,28,1,0,1,0,6,1,76,706,76706,80,2004,"JYARN13E54A0","J","Y","A","R","N","1","3","E","5","4","A","0",0,0,0,"000000000","00000000000",0,0,0,1,0,0,0,0,0,0,0,65,0,0,0,81,4,3,12,0,0,0,1,6,92860,1,1,0,0,2,0,67,150,0,7,0,0,1,9,2014,1,2016,4,0,0,0,0,5,5,45,1,8,2,1,0,0,1,61,99,9,1,98,"777777777777","777777777777","777777777777",0,1
6,61337,1,3,1,9,7,10,15,12,6,1,1,6,2,35,47,35047,4,2005,"1N4BL11E05C1","1","N","4","B","L","1","1","E","0","5","C","1",0,0,0,"000000000","00000000000",0,0,0,1,0,0,0,0,0,0,0,998,0,0,0,12,6,2,12,0,0,0,1,6,95832,1,1,0,0,2,3,76,189,2,1,1,0,0,3,2013,3,2016,0,35,39,0,0,2,3,40,1,1,8,1,3,3,6,17,99,9,2,88,"777777777777","777777777777","777777777777",0,0
6,61337,2,3,1,9,7,10,15,12,6,1,0,6,1,49,472,49472,30,2003,"5TENL42N13Z2","5","T","E","N","L","4","2","N","1","3","Z","2",0,0,0,"000000000","00000000000",0,0,0,1,0,0,0,0,0,0,0,998,0,0,0,11,6,2,12,0,0,0,1,6,95615,6,1,0,0,3,0,66,150,0,0,0,0,0,0,0,0,0,0,0,0,0,0,2,4,50,1,1,8,1,3,3,1,17,99,9,1,89,"777777777777","777777777777","777777777777",1,0
6,61337,3,3,1,9,7,10,15,12,6,1,0,6,2,20,2,20002,4,2011,"2G1WG5NK3B13","2","G","1","W","G","5","N","K","3","B","1","3",0,0,0,"000000000","00000000000",0,0,0,1,0,0,0,0,0,0,0,0,0,0,0,61,4,3,12,0,0,0,1,6,95831,6,1,0,0,3,0,65,110,1,0,0,0,0,5,2015,5,2015,0,0,0,0,0,2,4,40,1,1,8,1,3,3,5,62,1,1,1,98,"777777777777","777777777777","777777777777",0,0
6,61338,1,1,1,5,7,4,53,8,0,1,0,6,1,49,40,49040,6,1994,"4T1SK12W7RU4","4","T","1","S","K","1","2","W","7","R","U","4",0,0,0,"000000000","00000000000",0,0,0,1,0,0,0,0,0,0,0,998,0,0,0,12,4,5,8,0,0,0,1,6,95993,6,1,3,0,3,0,70,185,0,0,0,1,0,6,2014,6,2014,0,0,0,0,0,1,4,35,1,8,1,1,0,0,1,80,99,1,1,13,"777777777777","777777777777","777777777777",0,0
6,61339,1,3,1,8,7,20,20,12,7,1,0,6,1,37,705,37705,80,2015,"JH2PC4016FK8","J","H","2","P","C","4","0","1","6","F","K","8",0,0,0,"000000000","00000000000",0,0,0,1,0,0,0,0,0,0,0,65,0,0,0,81,6,2,5,0,0,0,1,6,92109,6,1,0,0,2,0,67,130,2,0,0,0,0,11,2013,2,2016,4,0,0,0,0,3,2,45,1,1,1,1,0,0,1,6,99,2,2,44,"777777777777","777777777777","777777777777",1,0
6,61339,2,3,2,8,7,20,20,12,7,1,0,6,1,20,32,20032,5,1994,"1Y1SK5360RZ0","1","Y","1","S","K","5","3","6","0","R","Z","0",0,0,0,"000000000","00000000000",0,0,0,1,0,0,0,0,0,0,0,18,0,0,0,11,4,5,12,0,0,0,1,6,92064,6,1,0,0,3,3,61,150,0,0,0,0,0,0,0,0,0,0,0,0,0,0,3,2,45,1,1,1,1,0,0,1,60,99,9,1,45,"777777777777","777777777777","777777777777",0,0
6,61339,3,3,4,8,7,20,20,12,7,1,0,6,1,12,401,12401,14,2016,"1FM5K8GT1GGD","1","F","M","5","K","8","G","T","1","G","G","D",0,0,0,"000000000","00000000000",0,0,0,1,0,0,0,0,0,0,0,28,0,0,0,6,4,3,12,0,0,0,1,6,90742,6,1,0,0,3,0,71,305,0,0,0,0,0,0,0,0,0,0,0,0,0,0,3,2,45,1,1,1,1,0,0,1,53,1,1,1,98,"777777777777","777777777777","777777777777",0,0
6,61340,1,2,2,8,7,4,31,12,6,1,0,6,2,49,46,49046,3,2015,"JTDZN3EU0FJ0","J","T","D","Z","N","3","E","U","0","F","J","0",0,0,0,"000000000","00000000000",0,0,0,1,0,0,0,0,0,0,0,998,0,0,0,61,6,2,12,0,0,0,1,6,93230,6,1,0,0,3,3,70,250,0,0,0,0,0,0,0,0,0,0,39,0,0,0,1,4,55,1,1,2,1,20,3,1,17,99,9,1,89,"777777777777","777777777777","777777777777",2,0
6,61340,2,2,2,8,7,4,31,12,6,1,0,6,2,23,481,23481,31,2011,"1GTR1VE08BZ4","1","G","T","R","1","V","E","0","8","B","Z","4",0,0,0,"000000000","00000000000",0,0,0,1,0,0,0,0,0,0,0,998,0,0,0,12,6,2,12,0,0,0,1,6,93230,6,1,0,0,3,0,68,210,0,0,0,0,0,0,0,0,0,0,0,0,0,0,1,2,55,1,1,2,1,0,0,1,17,99,9,1,88,"777777777777","777777777777","777777777777",0,0
6,61341,1,1,1,13,8,18,55,33,0,1,0,6,1,58,37,58037,2,2005,"JNKCV54E55M4","J","N","K","C","V","5","4","E","5","5","M","4",0,0,0,"000000000","00000000000",0,0,0,1,0,0,0,0,0,0,0,75,0,0,0,14,6,2,42,0,0,0,1,6,94903,0,0,0,0,0,0,70,190,1,0,0,0,0,11,2013,11,2013,3,0,0,0,0,1,2,35,2,1,2,1,0,0,14,12,6,4,4,6,"777777777777","777777777777","777777777777",1,0
6,61342,1,1,1,26,5,16,5,42,0,1,0,41,1,73,705,73705,80,2009,"JKAKLEE119DA","J","K","A","K","L","E","E","1","1","9","D","A",0,0,0,"000000000","00000000000",0,0,0,1,0,0,0,0,0,0,0,999,0,0,0,5,6,2,35,0,0,0,1,41,97520,0,0,0,0,0,0,71,240,0,0,0,0,0,0,0,0,0,0,0,0,0,0,1,2,55,3,1,2,1,0,0,14,13,99,1,4,1,"777777777777","777777777777","777777777777",1,1
6,61343,1,1,2,9,8,17,20,1,0,1,0,41,3,87,890,87890,66,1987,"1XPCDB9X7HN2","1","X","P","C","D","B","9","X","7","H","N","2",1,1,57,"2420969","572420969",3,6,3,1,0,0,0,0,0,0,0,43,0,2,1,0,6,2,1,0,0,0,1,8,80118,6,1,6,0,3,0,69,190,0,0,0,1,0,2,2012,2,2012,4,0,0,0,0,1,3,55,3,6,2,1,0,0,14,8,6,1,2,98,"4WWBGB3B1VM6","777777777777","777777777777",1,0
6,61344,1,1,1,16,7,12,36,24,0,1,0,6,1,12,16,12016,4,2005,"2FAHP74W65X1","2","F","A","H","P","7","4","W","6","5","X","1",0,0,0,"000000000","00000000000",0,0,0,1,0,0,0,0,0,0,0,999,0,0,0,81,6,2,25,0,0,0,1,6,94518,6,1,0,0,3,0,74,230,0,0,0,0,1,11,2014,11,2014,0,0,0,0,0,3,2,65,3,8,2,1,0,0,14,13,99,1,4,1,"777777777777","777777777777","777777777777",1,0
6,61345,1,2,1,20,3,22,8,12,6,1,0,6,1,6,18,6018,4,2014,"1C3CCBAB5EN1","1","C","3","C","C","B","A","B","5","E","N","1",0,0,0,"000000000","00000000000",0,0,0,1,0,0,0,0,0,0,0,73,0,0,0,12,6,2,12,0,0,0,1,6,95821,6,1,0,0,3,0,72,225,0,0,0,0,1,3,2016,3,2016,4,39,91,37,0,1,3,25,8,8,1,1,3,3,1,17,99,1,1,88,"777777777777","777777777777","777777777777",0,1
6,61345,2,2,2,20,3,22,8,12,6,1,0,6,1,20,37,20037,4,2009,"1G1ZH57B4942","1","G","1","Z","H","5","7","B","4","9","4","2",0,0,0,"000000000","00000000000",0,0,0,1,0,0,0,0,0,0,0,35,0,0,0,61,6,2,12,0,0,0,1,6,95660,6,1,0,0,3,3,68,200,0,0,0,0,0,0,0,0,0,0,0,0,0,0,2,2,45,8,8,1,1,3,3,1,66,99,1,1,89,"777777777777","777777777777","777777777777",1,0
6,61346,1,2,3,3,6,21,4,12,6,1,0,6,2,63,38,63038,4,2016,"KNAFZ4A81G55","K","N","A","F","Z","4","A","8","1","G","5","5",0,0,0,"000000000","00000000000",0,0,0,1,0,0,0,0,0,0,0,25,0,0,0,3,6,2,12,0,0,0,1,6,95670,6,1,0,0,3,0,68,135,0,0,0,0,0,0,0,0,0,0,39,0,0,0,2,3,50,1,8,2,1,3,3,11,15,99,1,1,68,"777777777777","777777777777","777777777777",2,0
6,61346,2,2,1,3,6,21,4,12,6,1,0,6,2,12,481,12481,31,2003,"1FTNX20L63EB","1","F","T","N","X","2","0","L","6","3","E","B",0,0,0,"000000000","00000000000",0,0,0,1,0,0,0,0,0,0,0,50,0,0,0,12,4,3,12,0,0,0,1,6,95815,0,0,0,0,0,0,62,544,0,0,0,0,0,0,0,0,0,0,0,0,0,0,2,4,50,1,8,2,1,3,3,1,54,99,1,1,69,"777777777777","777777777777","777777777777",0,0
6,61347,1,1,1,28,7,3,40,8,0,1,0,6,2,37,32,37032,4,2010,"1HGCP2F32AA0","1","H","G","C","P","2","F","3","2","A","A","0",0,0,0,"000000000","00000000000",0,0,0,1,0,0,0,0,0,0,0,70,0,0,0,12,6,2,8,0,0,0,1,6,94564,6,1,0,0,3,3,67,145,0,0,0,0,1,6,2015,6,2015,0,0,0,0,0,3,4,65,1,8,2,1,0,0,1,80,16,1,1,13,"777777777777","777777777777","777777777777",0,0
6,61348,1,4,1,30,7,12,50,12,1,1,0,6,2,73,705,73705,80,2015,"JKAENEB15FDA","J","K","A","E","N","E","B","1","5","F","D","A",0,0,0,"000000000","00000000000",0,0,0,1,0,0,0,0,0,0,0,80,0,0,0,12,6,2,1,0,0,0,1,6,90201,6,1,0,0,3,0,71,150,0,0,0,0,0,0,0,0,0,4,0,0,0,0,3,5,65,1,1,1,1,0,0,1,50,1,1,1,20,"777777777777","777777777777","777777777777",1,0
6,61348,2,4,6,30,7,12,50,12,1,1,0,4,1,20,421,20421,15,2007,"1GNFC13C97R3","1","G","N","F","C","1","3","C","9","7","R","3",0,0,0,"000000000","00000000000",0,0,0,1,0,0,0,0,0,0,0,0,0,0,0,6,2,5,12,0,0,0,1,4,85032,6,1,0,0,3,0,72,230,0,0,0,0,0,0,0,0,0,0,0,0,0,0,3,5,65,1,1,1,1,0,0,5,53,1,1,1,21,"777777777777","777777777777","777777777777",0,0
6,61348,3,4,2,30,7,12,50,12,1,1,0,6,1,37,403,37403,14,2010,"5J6YH1H33AL0","5","J","6","Y","H","1","H","3","3","A","L","0",0,0,0,"000000000","00000000000",0,0,0,1,0,0,0,0,0,0,0,68,0,0,0,6,4,3,12,0,0,0,1,6,91750,6,1,0,0,3,0,64,160,0,0,0,0,0,0,0,0,0,0,0,0,0,0,3,5,65,1,1,1,1,0,0,1,53,1,1,1,98,"777777777777","777777777777","777777777777",0,0
6,61348,4,4,2,30,7,12,50,12,1,1,0,6,2,35,48,35048,2,2005,"JN1AZ34E55M6","J","N","1","A","Z","3","4","E","5","5","M","6",0,0,0,"000000000","00000000000",0,0,0,1,0,0,0,0,0,0,0,0,0,0,0,1,2,5,12,0,0,0,1,6,91384,6,1,0,0,3,0,72,150,0,0,0,1,0,4,2015,4,2015,0,0,0,0,0,3,5,65,1,1,1,1,0,0,5,61,1,1,1,98,"777777777777","777777777777","777777777777",0,0
6,61349,1,1,1,20,5,9,45,9,0,1,0,0,0,12,481,12481,31,2014,"1FT7W2A66EEA","1","F","T","7","W","2","A","6","6","E","E","A",0,0,0,"000000000","00000000000",0,0,0,1,0,0,0,0,0,0,0,998,0,0,0,12,2,3,9,0,0,0,1,6,90631,6,1,0,0,3,0,72,180,0,0,0,0,0,0,0,0,0,0,0,0,0,0,2,2,55,1,8,8,1,0,0,1,83,99,1,1,13,"777777777777","777777777777","777777777777",0,0
6,61350,1,1,1,10,7,22,58,1,0,1,0,6,1,34,34,34034,4,2007,"WBAVB73527VH","W","B","A","V","B","7","3","5","2","7","V","H",0,0,0,"000000000","00000000000",0,0,0,1,0,0,0,0,0,0,0,998,0,2,1,0,6,2,1,0,0,0,1,6,90278,6,1,0,0,3,0,67,180,0,0,0,1,1,6,2015,3,2016,4,0,0,0,0,5,5,35,3,5,2,1,0,0,14,6,99,2,1,98,"777777777777","777777777777","777777777777",1,0
6,61351,1,1,1,10,6,22,59,8,0,1,0,6,1,49,472,49472,30,2006,"5TENX22NX6Z1","5","T","E","N","X","2","2","N","X","6","Z","1",0,0,0,"000000000","00000000000",0,0,0,1,0,0,0,0,0,0,0,38,0,0,0,12,4,3,8,0,0,0,1,6,95824,6,1,0,0,3,0,69,167,0,0,0,0,0,0,0,0,0,0,0,0,0,0,2,3,35,1,1,1,1,0,0,1,80,99,1,1,13,"777777777777","777777777777","777777777777",0,0
6,61352,1,1,1,26,6,20,38,9,0,1,0,6,1,14,6,14006,4,2002,"2MEFM75W12X6","2","M","E","F","M","7","5","W","1","2","X","6",0,0,0,"000000000","00000000000",0,0,0,1,0,0,0,0,0,0,0,20,0,0,0,12,2,5,9,0,0,0,1,6,95833,6,1,0,0,3,0,67,168,0,0,0,0,0,0,0,0,0,0,0,0,0,0,5,5,30,1,1,2,1,2,3,1,83,99,1,1,13,"777777777777","777777777777","777777777777",0,0
6,61353,1,2,3,28,6,12,5,12,6,1,0,6,1,23,421,23421,15,2005,"1GKEC13V25R2","1","G","K","E","C","1","3","V","2","5","R","2",0,0,0,"000000000","00000000000",0,0,0,1,0,0,0,0,0,0,0,998,0,0,0,81,6,2,12,0,0,0,1,6,90036,6,1,0,0,3,3,64,125,0,0,0,0,0,0,0,0,0,0,38,0,0,0,5,3,35,8,8,8,1,0,0,11,15,99,1,1,68,"777777777777","777777777777","777777777777",0,0
6,61353,2,2,1,28,6,12,5,12,6,1,0,6,2,76,709,76709,80,1998,"JYA1TJC09WA0","J","Y","A","1","T","J","C","0","9","W","A","0",0,0,0,"000000000","00000000000",0,0,0,1,0,0,0,0,0,0,0,48,0,0,0,12,6,2,12,0,0,0,1,53,99362,6,1,0,0,3,0,72,185,0,0,0,0,0,0,0,0,0,4,0,0,0,0,1,3,35,8,8,8,1,0,0,1,66,16,2,1,69,"777777777777","777777777777","777777777777",1,0
6,61354,1,1,99,28,6,21,28,8,0,1,1,99,9,99,999,99999,99,9999,"999999999999","9","9","9","9","9","9","9","9","9","9","9","9",0,0,0,"000000000","00000000000",0,0,0,1,0,0,0,0,0,0,0,998,0,0,0,99,9,5,8,0,0,0,1,99,99999,9,9,99,9,9,9,999,999,99,99,99,99,99,99,9999,99,9999,0,39,0,0,0,2,3,35,1,1,2,1,2,3,1,80,99,1,1,13,"777777777777","777777777777","777777777777",0,0
6,61355,1,1,99,30,6,20,52,9,0,1,1,99,9,7,21,7021,6,9999,"999999999999","9","9","9","9","9","9","9","9","9","9","9","9",0,0,0,"000000000","00000000000",0,0,0,1,0,0,0,0,0,0,0,998,0,0,0,12,2,5,9,0,0,0,1,6,95351,6,1,0,0,3,3,74,230,0,0,0,0,0,0,0,0,0,0,35,0,0,0,1,4,35,8,8,1,1,0,0,1,83,99,1,1,13,"777777777777","777777777777","777777777777",0,0
6,61356,1,2,4,2,7,13,50,12,6,1,0,6,1,42,42,42042,4,2006,"WDBRF52H56F7","W","D","B","R","F","5","2","H","5","6","F","7",0,0,0,"000000000","00000000000",0,0,0,1,0,0,0,0,0,0,0,998,0,0,0,61,4,5,12,0,0,0,1,6,91208,6,1,0,0,3,0,63,120,0,0,0,0,1,10,2014,10,2014,0,48,0,0,0,5,6,40,8,8,8,1,0,0,12,98,99,1,1,98,"777777777777","777777777777","777777777777",0,0
6,61356,2,2,1,2,7,13,50,12,6,1,0,6,1,37,705,37705,80,2006,"JH2PC37126M3","J","H","2","P","C","3","7","1","2","6","M","3",0,0,0,"000000000","00000000000",0,0,0,1,0,0,0,0,0,0,0,998,0,0,0,12,6,2,12,0,0,0,1,6,91214,6,1,0,0,3,0,75,185,0,1,0,0,2,7,2015,8,2015,0,0,0,0,0,5,6,40,8,8,8,1,0,0,1,64,99,1,1,98,"777777777777","777777777777","777777777777",1,0
6,61357,1,4,1,29,1,19,26,12,6,1,0,6,1,6,51,6051,4,2005,"2C3JA53G95H1","2","C","3","J","A","5","3","G","9","5","H","1",0,0,0,"000000000","00000000000",0,0,0,1,0,0,0,0,0,0,0,998,0,0,0,12,6,2,12,0,0,0,1,6,92404,6,1,0,0,3,3,66,200,0,0,0,0,0,0,0,0,0,0,0,0,0,0,5,5,40,8,8,8,1,0,0,1,67,99,1,1,83,"777777777777","777777777777","777777777777",0,1
6,61357,2,4,1,29,1,19,26,12,6,1,0,6,2,49,40,49040,4,2002,"JTDBE32K0200","J","T","D","B","E","3","2","K","0","2","0","0",0,0,0,"000000000","00000000000",0,0,0,1,0,0,0,0,0,0,0,998,0,0,0,61,6,2,12,0,0,0,1,6,91730,6,1,0,0,3,3,72,170,1,0,0,0,0,2,2015,2,2015,0,38,0,0,0,1,2,40,8,8,8,1,20,3,11,15,99,1,1,82,"777777777777","777777777777","777777777777",1,0
6,61357,3,4,3,29,1,19,26,12,6,1,0,6,1,35,43,35043,4,1997,"1N4AB41D1VC7","1","N","4","A","B","4","1","D","1","V","C","7",0,0,0,"000000000","00000000000",0,0,0,1,0,0,0,0,0,0,0,0,0,0,0,61,2,5,12,0,0,0,1,6,92571,6,1,0,0,3,0,66,200,0,0,0,0,0,0,0,0,0,0,0,0,0,0,5,5,40,8,8,8,1,0,0,5,62,99,1,1,98,"777777777777","777777777777","777777777777",0,0
6,61357,4,4,3,29,1,19,26,12,6,1,0,6,2,37,32,37032,4,2005,"1HGCM56495A0","1","H","G","C","M","5","6","4","9","5","A","0",0,0,0,"000000000","00000000000",0,0,0,1,0,0,0,0,0,0,0,0,0,0,0,6,6,2,12,0,0,0,1,21,92404,6,1,0,0,3,0,67,175,0,0,0,0,0,0,0,0,0,0,0,0,0,0,5,5,40,8,8,8,1,0,0,5,53,99,1,1,98,"777777777777","777777777777","777777777777",0,0
6,61358,1,2,2,26,2,16,54,12,2,1,0,6,1,2,404,2404,14,1999,"1J4FT28S5XL6","1","J","4","F","T","2","8","S","5","X","L","6",0,0,0,"000000000","00000000000",0,0,0,1,0,0,0,0,0,0,0,998,0,1,1,12,6,2,12,0,0,0,1,6,94038,6,1,0,0,3,3,63,129,0,0,0,0,1,6,2015,6,2015,0,28,0,0,0,1,2,45,1,8,2,1,0,0,1,10,99,1,2,50,"777777777777","777777777777","777777777777",0,1
6,61358,2,2,2,26,2,16,54,12,2,1,0,6,1,12,481,12481,31,1984,"1FTHF25L8EPA","1","F","T","H","F","2","5","L","8","E","P","A",0,0,0,"000000000","00000000000",0,0,0,1,0,0,0,0,0,0,0,998,0,0,0,12,6,2,12,0,0,0,1,6,94019,6,1,0,0,3,0,67,155,0,0,0,0,1,11,2013,11,2013,0,0,0,0,0,1,3,45,1,8,2,1,0,0,1,62,1,1,1,51,"777777777777","777777777777","777777777777",1,0
6,61359,1,2,1,13,2,5,50,12,6,1,0,6,1,35,50,35050,4,2015,"3N1CN7AP8FL8","3","N","1","C","N","7","A","P","8","F","L","8",0,0,0,"000000000","00000000000",0,0,0,1,0,0,0,0,0,0,0,68,0,1,1,81,6,2,12,0,0,0,1,6,93536,6,1,0,0,3,0,63,145,0,0,0,0,0,0,0,0,0,4,39,0,0,0,3,2,50,1,8,2,1,3,3,1,55,99,1,1,87,"777777777777","777777777777","777777777777",1,0
6,61359,2,2,1,13,2,5,50,12,6,1,0,6,1,7,482,7482,31,2006,"1D7KS28C86J1","1","D","7","K","S","2","8","C","8","6","J","1",0,0,0,"000000000","00000000000",0,0,0,1,0,0,0,0,0,0,0,43,0,1,5,12,6,2,12,0,0,0,1,13,31510,6,1,6,0,3,0,70,160,98,0,0,0,0,0,0,0,0,3,0,0,0,0,3,3,50,1,8,2,1,3,3,1,66,99,2,1,86,"777777777777","777777777777","777777777777",0,0
6,61360,1,1,1,28,5,23,47,14,0,1,0,6,2,35,50,35050,4,2015,"3N1CN7AP6FL9","3","N","1","C","N","7","A","P","6","F","L","9",0,0,0,"000000000","00000000000",0,0,0,1,0,0,0,0,0,0,0,998,0,0,0,81,6,2,14,0,0,0,1,6,90242,6,1,0,0,3,0,62,170,0,0,0,0,0,0,0,0,0,4,0,0,0,0,1,2,35,3,1,2,1,0,0,14,6,99,9,4,11,"777777777777","777777777777","777777777777",1,0
6,61361,1,1,2,24,5,13,17,10,0,1,0,6,2,49,402,49402,14,2002,"JTEGH20V4200","J","T","E","G","H","2","0","V","4","2","0","0",0,0,0,"000000000","00000000000",0,0,0,1,0,0,0,0,0,0,0,0,0,0,0,12,6,2,10,0,0,0,1,6,94603,0,0,0,0,0,0,66,180,0,0,0,0,0,0,0,0,0,0,35,0,0,0,2,2,98,8,8,1,1,65,3,5,90,99,1,1,15,"777777777777","777777777777","777777777777",2,0
6,61362,1,4,2,4,6,0,30,12,1,1,0,6,2,37,31,37031,4,2012,"2HGFB2F56CH5","2","H","G","F","B","2","F","5","6","C","H","5",0,0,0,"000000000","00000000000",0,0,0,1,0,0,0,0,0,0,0,998,0,0,0,12,6,2,12,0,0,0,1,6,90221,0,0,0,0,0,0,60,91,0,0,0,0,0,0,0,0,0,4,91,0,0,0,2,4,40,1,1,2,1,3,3,1,50,99,9,1,20,"777777777777","777777777777","777777777777",0,1