"STATE","ST_CASE","VEH_NO","VE_FORMS","NUMOCCS","DAY","MONTH","HOUR","MINUTE","HARM_EV","MAN_COLL","UNITTYPE","HIT_RUN","REG_STAT","OWNER","MAKE","MODEL","MAK_MOD","BODY_TYP","MOD_YEAR","VIN","VIN_1","VIN_2","VIN_3","VIN_4","VIN_5","VIN_6","VIN_7","VIN_8","VIN_9","VIN_10","VIN_11","VIN_12","TOW_VEH","J_KNIFE","MCARR_I1","MCARR_I2","MCARR_ID","GVWR","V_CONFIG","CARGO_BT","HAZ_INV","HAZ_PLAC","HAZ_ID","HAZ_CNO","HAZ_REL","BUS_USE","SPEC_USE","EMER_USE","TRAV_SP","UNDERIDE","ROLLOVER","ROLINLOC","IMPACT1","DEFORMED","TOWED","M_HARM","VEH_SC1","VEH_SC2","FIRE_EXP","DR_PRES","L_STATE","DR_ZIP","L_STATUS","L_TYPE","CDL_STAT","L_ENDORS","L_COMPL","L_RESTRI","DR_HGT","DR_WGT","PREV_ACC","PREV_SUS","PREV_DWI","PREV_SPD","PREV_OTH","FIRST_MO","FIRST_YR","LAST_MO","LAST_YR","SPEEDREL","DR_SF1","DR_SF2","DR_SF3","DR_SF4","VTRAFWAY","VNUM_LAN","VSPD_LIM","VALIGN","VPROFILE","VPAVETYP","VSURCOND","VTRAFCON","VTCONT_F","P_CRASH1","P_CRASH2","P_CRASH3","PCRASH4","PCRASH5","ACC_TYPE","TRLR1VIN","TRLR2VIN","TRLR3VIN","DEATHS","DR_DRINK"
6,61820,1,1,1,26,10,15,30,1,0,1,0,48,1,72,706,72706,80,2008,"1HD1PG8448Y9","1","H","D","1","P","G","8","4","4","8","Y","9",0,0,0,"000000000","00000000000",0,0,0,1,0,0,0,0,0,0,0,75,0,0,0,0,6,2,1,0,0,0,1,48,78738,6,1,0,0,3,3,69,210,0,0,0,0,0,0,0,0,0,0,0,0,0,0,1,2,65,1,6,2,1,0,0,1,9,99,2,2,98,"777777777777","777777777777","777777777777",1,0
6,61821,1,1,1,28,10,16,39,10,0,1,0,6,1,20,481,20481,31,2006,"1GCEC19Z36Z2","1","G","C","E","C","1","9","Z","3","6","Z","2",0,0,0,"000000000","00000000000",0,0,0,1,0,0,0,0,0,0,0,55,0,1,6,62,6,2,10,0,0,0,1,6,93638,9,9,99,9,9,9,61,115,99,99,99,99,99,99,9999,99,9999,0,40,0,0,0,1,2,55,1,8,2,1,65,3,1,91,99,1,2,98,"777777777777","777777777777","777777777777",1,0
6,61822,1,1,1,27,10,21,22,8,0,1,0,6,1,37,32,37032,4,2012,"1HGCP2F38CA0","1","H","G","C","P","2","F","3","8","C","A","0",0,0,0,"000000000","00000000000",0,0,0,1,0,0,0,0,0,0,0,55,0,0,0,12,4,3,8,0,0,0,1,6,93637,9,9,99,9,9,9,60,110,99,99,99,99,99,99,9999,99,9999,0,0,0,0,0,1,3,55,1,8,2,2,0,0,1,80,1,1,1,13,"777777777777","777777777777","777777777777",0,0
6,61823,1,2,1,27,10,14,49,12,6,1,0,6,1,6,41,6041,4,1994,"2C3HL56T8RH3","2","C","3","H","L","5","6","T","8","R","H","3",0,0,0,"000000000","00000000000",0,0,0,1,0,0,0,0,0,0,0,999,0,0,0,81,6,2,12,0,0,0,1,6,95221,6,1,0,0,3,3,71,157,0,0,0,0,0,0,0,0,0,9,28,0,0,0,1,2,50,3,1,2,2,28,3,14,9,99,4,2,64,"777777777777","777777777777","777777777777",1,0
6,61823,2,2,4,27,10,14,49,12,6,1,0,6,2,35,401,35401,14,2016,"5N1AR2MM4GC6","5","N","1","A","R","2","M","M","4","G","C","6",0,0,0,"000000000","00000000000",0,0,0,1,0,0,0,0,0,0,0,35,0,0,0,12,4,3,12,0,0,0,1,6,95370,6,1,0,0,3,0,70,220,0,0,0,0,0,0,0,0,0,0,0,0,0,0,1,2,50,1,1,2,2,28,3,1,62,16,9,1,65,"777777777777","777777777777","777777777777",1,0
6,61824,1,2,1,28,8,6,0,12,6,1,0,6,1,37,31,37031,4,2016,"2HGFC2F58GH5","2","H","G","F","C","2","F","5","8","G","H","5",0,0,0,"000000000","00000000000",0,0,0,1,0,0,0,0,0,0,0,65,0,0,0,12,6,2,12,0,0,0,1,6,95377,6,1,0,0,3,3,67,130,0,0,0,0,0,0,0,0,0,4,0,0,0,0,3,3,65,1,5,2,1,0,0,1,50,8,2,1,48,"777777777777","777777777777","777777777777",0,0
6,61824,2,2,1,28,8,6,0,12,6,1,0,6,6,9,398,9398,2,1932,"000000000000","0","0","0","0","0","0","0","0","0","0","0","0",0,0,0,"000000000","00000000000",0,0,0,1,0,0,0,0,0,0,0,0,0,0,0,5,6,2,12,0,0,0,0,0,99997,7,6,97,7,6,7,998,997,998,998,998,998,998,98,9998,98,9998,8,54,0,0,0,3,3,65,1,5,2,1,0,0,0,53,0,0,0,48,"777777777777","777777777777","777777777777",1,0
6,61825,1,2,2,14,7,11,30,12,7,1,0,6,1,59,31,59031,4,2015,"JTHBK1GG5F21","J","T","H","B","K","1","G","G","5","F","2","1",0,0,0,"000000000","00000000000",0,0,0,1,0,0,0,0,0,0,0,65,0,0,0,81,2,3,12,0,0,0,1,6,93301,6,1,0,0,3,0,64,119,0,0,0,0,0,0,0,0,0,0,0,0,0,0,2,4,65,1,6,2,1,0,0,1,51,99,1,2,45,"777777777777","777777777777","777777777777",0,0
6,61825,2,2,1,14,7,11,30,12,7,1,0,6,3,87,884,87884,66,2015,"1XPBDP9X5FD2","1","X","P","B","D","P","9","X","5","F","D","2",1,1,57,"493263","57493263",3,6,2,1,0,0,0,0,0,0,0,44,0,1,5,62,6,2,12,0,0,0,1,6,93274,6,1,6,1,3,3,71,165,0,0,0,0,0,0,0,0,0,0,0,0,0,0,2,4,65,1,6,2,1,0,0,1,53,99,1,1,44,"10BCU6216TF0","777777777777","777777777777",1,0
6,61826,1,2,2,8,10,16,40,12,2,1,0,6,1,72,706,72706,80,2010,"1HD4LE218AC4","1","H","D","4","L","E","2","1","8","A","C","4",0,0,0,"000000000","00000000000",0,0,0,1,0,0,0,0,0,0,0,999,0,0,0,12,6,2,12,0,0,0,1,6,93555,6,1,0,0,3,0,68,170,0,0,0,2,1,2,2014,2,2015,0,28,0,0,0,1,2,55,2,5,2,1,0,0,14,10,99,1,2,50,"777777777777","777777777777","777777777777",2,1
6,61826,2,2,2,8,10,16,40,12,2,1,0,6,1,23,401,23401,14,2004,"1GKDT13S0423","1","G","K","D","T","1","3","S","0","4","2","3",0,0,0,"000000000","00000000000",0,0,0,1,0,0,0,0,0,0,0,53,0,0,0,12,6,2,12,0,0,0,1,6,93515,6,1,0,0,3,3,65,175,0,0,0,0,0,0,0,0,0,0,0,0,0,0,1,2,55,3,6,2,1,0,0,14,62,99,1,1,51,"777777777777","777777777777","777777777777",0,0
6,61827,1,1,3,26,8,11,25,1,0,1,0,6,1,20,39,20039,4,2011,"KL1TD5DE2BB1","K","L","1","T","D","5","D","E","2","B","B","1",0,0,0,"000000000","00000000000",0,0,0,1,0,0,0,0,0,0,0,75,0,2,5,0,6,2,1,0,0,0,1,6,94590,6,1,0,0,3,0,66,200,0,0,0,0,0,0,0,0,0,0,0,0,0,0,2,2,70,1,1,2,1,0,0,1,10,99,2,4,6,"777777777777","777777777777","777777777777",1,0
6,61828,1,2,2,16,6,14,15,12,6,1,0,6,5,20,4,20004,2,2008,"1G1YY25W4851","1","G","1","Y","Y","2","5","W","4","8","5","1",0,0,0,"000000000","00000000000",0,0,0,1,0,0,0,0,0,0,0,998,0,0,0,12,6,2,12,0,0,0,1,6,93631,1,1,0,0,2,0,72,185,0,0,0,0,1,12,2014,12,2014,0,37,0,0,0,1,2,55,1,1,2,1,20,3,1,17,99,2,1,86,"777777777777","777777777777","777777777777",0,0
6,61828,2,2,5,16,6,14,15,12,6,1,0,6,1,23,402,23402,14,2012,"2GKALMEK6C61","2","G","K","A","L","M","E","K","6","C","6","1",0,0,0,"000000000","00000000000",0,0,0,1,0,0,0,0,0,0,0,50,0,0,0,81,6,2,12,0,0,0,1,6,95670,6,1,0,0,3,0,65,150,0,0,0,0,0,0,0,0,0,0,0,0,0,0,1,2,55,1,1,2,1,0,0,1,66,99,1,1,87,"777777777777","777777777777","777777777777",1,0
6,61829,1,2,1,27,9,3,33,12,6,1,0,6,2,49,51,49051,4,2008,"JTDBT9236812","J","T","D","B","T","9","2","3","6","8","1","2",0,0,0,"000000000","00000000000",0,0,0,1,0,0,0,0,0,0,0,998,0,0,0,62,6,2,12,0,0,0,1,6,95358,6,1,0,0,3,0,65,130,0,0,0,0,0,0,0,0,0,0,38,0,0,0,1,2,55,4,8,8,1,20,3,11,17,99,1,1,82,"777777777777","777777777777","777777777777",1,0
6,61829,2,2,1,27,9,3,33,12,6,1,0,6,3,51,881,51881,66,2011,"4V4NC9EH5BN2","4","V","4","N","C","9","E","H","5","B","N","2",1,1,6,"0183239","060183239",3,6,1,1,0,0,0,0,0,0,0,55,0,0,0,12,4,3,12,0,0,0,1,6,95361,6,1,6,3,3,0,67,170,0,0,0,0,1,2,2015,2,2015,0,0,0,0,0,1,5,55,4,8,8,1,0,0,14,67,16,2,1,83,"999999999999","777777777777","777777777777",0,0
6,61830,1,2,1,15,8,17,0,12,6,1,0,6,2,49,47,49047,6,2006,"2T1KR32E26C6","2","T","1","K","R","3","2","E","2","6","C","6",0,0,0,"000000000","00000000000",0,0,0,1,0,0,0,0,0,0,0,45,0,0,0,61,6,2,12,0,0,0,1,6,95020,6,1,0,0,3,0,71,140,0,0,0,0,0,0,0,0,0,0,0,0,0,0,1,2,45,1,1,1,1,0,0,1,8,99,2,2,64,"777777777777","777777777777","777777777777",1,0
6,61830,2,2,2,15,8,17,0,12,6,1,0,6,2,2,403,2403,14,2004,"1J4FA69S14P7","1","J","4","F","A","6","9","S","1","4","P","7",0,0,0,"000000000","00000000000",0,0,0,1,0,0,0,0,0,0,0,45,0,0,0,12,4,3,12,0,0,0,1,6,95020,6,1,0,0,3,0,66,135,1,0,0,0,0,3,2016,3,2016,0,0,0,0,0,1,2,45,1,1,1,1,0,0,1,62,99,1,1,65,"777777777777","777777777777","777777777777",0,0
6,61831,1,3,1,5,9,13,29,25,0,1,0,6,1,20,37,20037,4,2001,"1G1ND52J9162","1","G","1","N","D","5","2","J","9","1","6","2",0,0,0,"000000000","00000000000",0,0,0,1,0,0,0,0,0,0,0,60,0,0,0,12,6,2,12,0,0,0,1,6,92329,6,1,0,0,3,0,72,202,0,0,0,0,0,0,0,0,0,0,0,0,0,0,1,2,55,1,6,2,1,0,0,1,13,99,1,4,1,"777777777777","777777777777","777777777777",1,0
6,61831,2,3,4,5,9,13,29,25,0,1,0,6,1,41,402,41402,14,2001,"4F2YU08151KM","4","F","2","Y","U","0","8","1","5","1","K","M",0,0,0,"000000000","00000000000",0,0,0,1,0,0,0,0,0,0,0,65,0,0,0,12,6,2,12,0,0,0,1,6,92780,6,1,0,0,3,3,71,190,0,0,0,0,0,0,0,0,0,0,0,0,0,0,1,2,55,1,5,2,1,0,0,1,62,1,1,1,98,"777777777777","777777777777","777777777777",1,0
6,61831,3,3,1,5,9,13,29,25,0,1,0,6,1,18,22,18022,4,2015,"1G4GB5G34FF2","1","G","4","G","B","5","G","3","4","F","F","2",0,0,0,"000000000","00000000000",0,0,0,1,0,0,0,0,0,0,0,65,0,0,0,12,6,2,12,0,0,0,1,6,92346,6,1,0,0,3,0,65,160,0,0,0,0,0,0,0,0,0,4,0,0,0,0,1,2,55,1,5,2,1,0,0,1,51,1,1,1,98,"777777777777","777777777777","777777777777",0,0
6,61832,1,1,2,22,7,13,40,30,0,1,0,6,2,35,47,35047,4,2009,"1N4AL21E89N4","1","N","4","A","L","2","1","E","8","9","N","4",0,0,0,"000000000","00000000000",0,0,0,1,0,0,0,0,0,0,0,68,0,0,0,98,6,2,30,0,0,1,1,6,92198,6,1,0,0,3,0,67,200,0,0,0,0,0,0,0,0,0,0,58,0,0,0,3,5,65,4,6,1,1,0,0,15,8,99,2,4,2,"777777777777","777777777777","777777777777",1,0
6,61833,1,2,1,2,8,10,50,12,6,1,0,6,1,49,46,49046,5,2011,"JTDKN3DU1B53","J","T","D","K","N","3","D","U","1","B","5","3",0,0,0,"000000000","00000000000",0,0,0,1,0,0,0,0,0,0,0,998,0,0,0,62,6,2,12,0,0,0,1,6,95023,6,1,0,0,3,3,67,125,0,0,0,0,0,0,0,0,0,0,38,0,0,0,1,5,50,1,8,8,1,20,3,11,15,99,1,1,82,"777777777777","777777777777","777777777777",1,0
6,61833,2,2,1,2,8,10,50,12,6,1,0,6,3,87,884,87884,66,2012,"1XPHD49XXCD1","1","X","P","H","D","4","9","X","X","C","D","1",1,1,6,"317889","06317889",3,6,1,2,2,3093,8,1,0,0,0,45,0,0,0,12,2,3,12,0,0,0,1,6,91761,6,1,6,1,3,0,66,180,0,0,0,0,0,0,0,0,0,0,0,0,0,0,1,3,55,3,1,8,1,28,3,14,67,99,9,1,83,"3H3V532C21T0","777777777777","777777777777",0,0
6,61834,1,1,1,11,8,22,37,9,0,1,0,6,1,41,50,41050,4,2010,"1YVHZ8BH3A5M","1","Y","V","H","Z","8","B","H","3","A","5","M",0,0,0,"000000000","00000000000",0,0,0,1,0,0,0,0,0,0,0,45,0,0,0,12,6,2,9,0,0,0,1,6,95076,6,1,0,0,3,0,68,200,1,1,0,0,0,5,2014,2,2015,4,91,0,0,0,2,2,55,8,8,8,1,0,0,1,83,1,1,1,13,"777777777777","777777777777","777777777777",0,1
6,61835,1,1,2,17,7,23,42,59,0,1,0,6,1,22,20,22020,4,2005,"2G2WC52C1512","2","G","2","W","C","5","2","C","1","5","1","2",0,0,0,"000000000","00000000000",0,0,0,1,0,0,0,0,0,0,0,998,0,0,0,98,6,2,59,0,0,0,1,6,95963,1,1,0,0,2,0,70,160,0,1,0,1,0,5,2014,9,2014,4,39,0,0,0,1,1,55,8,8,2,1,20,3,1,14,99,1,4,14,"777777777777","777777777777","777777777777",1,1
6,61837,1,2,1,3,11,11,18,12,6,1,0,6,3,12,471,12471,30,2011,"1FTKR1AD2BPA","1","F","T","K","R","1","A","D","2","B","P","A",0,0,0,"000000000","00000000000",0,0,0,1,0,0,0,0,0,0,0,999,0,0,0,61,6,2,12,0,0,0,1,6,95926,6,1,6,0,3,3,64,150,0,0,0,0,0,0,0,0,0,0,39,38,0,0,1,2,45,1,8,2,1,20,3,11,53,99,1,2,82,"777777777777","777777777777","777777777777",1,0
6,61837,2,2,1,3,11,11,18,12,6,1,0,6,3,87,884,87884,66,2010,"1XPWA47X5AD1","1","X","P","W","A","4","7","X","5","A","D","1",2,1,57,"2741594","572741594",3,7,4,1,0,0,0,0,0,0,0,55,0,0,0,12,6,2,12,0,0,0,1,6,95991,6,1,6,3,3,9,69,175,0,0,0,0,0,0,0,0,0,0,0,0,0,0,1,3,55,1,8,2,1,0,0,1,67,99,1,1,83,"1Z9W8AM21BY3","777777777777","777777777777",0,0
6,61838,1,1,1,5,11,99,99,42,0,1,0,6,2,49,482,49482,31,2007,"5TFBV58167X0","5","T","F","B","V","5","8","1","6","7","X","0",0,0,0,"000000000","00000000000",0,0,0,1,0,0,0,0,0,0,0,998,0,0,0,12,6,2,42,0,0,0,1,6,94110,6,1,0,0,3,0,70,145,0,2,0,0,1,4,2014,1,2015,0,0,0,0,0,1,2,55,1,1,5,1,0,0,1,12,99,1,4,6,"777777777777","777777777777","777777777777",1,0
6,61839,1,2,1,19,9,7,47,1,0,1,0,6,2,53,705,53705,80,2001,"JS1GN7BA7121","J","S","1","G","N","7","B","A","7","1","2","1",0,0,0,"000000000","00000000000",0,0,0,1,0,0,0,0,0,0,0,60,0,0,0,0,4,3,12,0,0,0,1,6,90221,1,1,0,0,2,0,74,280,0,1,0,1,1,11,2014,2,2015,4,0,0,0,0,2,3,35,8,8,2,1,0,0,1,6,16,2,1,98,"777777777777","777777777777","777777777777",1,0
6,61839,2,2,1,19,9,7,47,1,0,1,0,6,2,49,32,49032,4,1990,"JT2AE94A0L33","J","T","2","A","E","9","4","A","0","L","3","3",0,0,0,"000000000","00000000000",0,0,0,1,0,0,0,0,0,0,0,998,0,0,0,82,4,3,12,0,0,0,1,6,90222,0,0,0,0,0,0,65,150,0,0,0,0,0,0,0,0,0,0,0,0,0,0,1,2,25,8,8,2,1,0,0,11,65,16,2,1,98,"777777777777","777777777777","777777777777",0,0
6,61840,1,1,1,16,10,12,12,42,0,1,0,6,1,76,706,76706,80,2005,"JYARN39Y8FA0","J","Y","A","R","N","3","9","Y","8","F","A","0",0,0,0,"000000000","00000000000",0,0,0,1,0,0,0,0,0,0,0,999,0,0,0,81,6,2,42,0,0,0,1,6,90020,6,1,0,0,3,0,69,174,0,0,0,0,0,0,0,0,0,4,0,0,0,0,1,2,55,3,5,8,1,0,0,14,6,99,9,4,2,"777777777777","777777777777","777777777777",1,0
6,61841,1,1,1,23,9,19,25,43,0,1,0,6,1,53,706,53706,80,2014,"JS1GR7MA4E21","J","S","1","G","R","7","M","A","4","E","2","1",0,0,0,"000000000","00000000000",0,0,0,1,0,0,0,0,0,0,0,998,0,0,0,12,6,2,43,0,0,0,1,6,93510,6,1,0,0,3,0,69,180,0,0,0,0,0,0,0,0,0,4,0,0,0,0,1,2,55,3,8,2,1,0,0,14,6,99,1,4,1,"777777777777","777777777777","777777777777",1,0
6,61842,1,3,1,6,10,15,10,12,8,1,0,6,1,53,705,53705,80,2007,"JS1GN7DA2721","J","S","1","G","N","7","D","A","2","7","2","1",0,0,0,"000000000","00000000000",0,0,0,1,0,0,0,0,0,0,0,999,0,0,0,62,6,2,12,0,0,0,1,6,90746,6,1,0,0,3,0,69,169,0,4,1,0,8,8,2013,2,2015,0,28,0,0,0,1,2,55,2,8,2,1,0,0,6,10,99,1,2,64,"777777777777","777777777777","777777777777",1,0
6,61842,2,3,1,6,10,15,10,12,8,1,0,6,1,12,481,12481,31,2013,"1FTFW1EF2DFB","1","F","T","F","W","1","E","F","2","D","F","B",0,0,0,"000000000","00000000000",0,0,0,1,0,0,0,0,0,0,0,35,0,0,0,63,4,5,12,0,0,0,1,6,92562,6,1,0,0,3,3,77,225,0,0,0,0,0,0,0,0,0,0,0,0,0,0,1,2,55,3,8,2,1,0,0,14,62,7,2,1,65,"777777777777","777777777777","777777777777",0,0
6,61842,3,3,1,6,10,15,10,12,8,1,0,6,1,7,482,7482,31,2016,"3C6UR5DL2GG3","3","C","6","U","R","5","D","L","2","G","G","3",0,0,0,"000000000","00000000000",0,0,0,1,0,0,0,0,0,0,0,30,0,0,0,12,2,5,54,0,0,0,1,6,92595,6,1,0,0,3,0,69,210,0,0,0,0,0,0,0,0,0,0,0,0,0,0,1,2,55,3,8,2,1,0,0,14,62,7,2,1,98,"777777777777","777777777777","777777777777",0,0
6,61843,1,1,2,19,8,9,5,18,0,1,0,41,1,49,46,49046,5,2006,"JTDKB20U3631","J","T","D","K","B","2","0","U","3","6","3","1",0,0,0,"000000000","00000000000",0,0,0,1,0,0,0,0,0,0,0,999,0,0,0,12,2,3,18,0,0,0,1,41,97756,6,1,0,0,3,0,69,160,0,0,0,0,0,0,0,0,0,0,0,0,0,0,1,2,65,1,5,2,1,0,0,1,90,99,9,1,15,"777777777777","777777777777","777777777777",1,0
6,61844,1,1,1,21,8,7,18,39,0,1,0,47,2,77,706,77706,80,2015,"5VPLB36N9F30","5","V","P","L","B","3","6","N","9","F","3","0",0,0,0,"000000000","00000000000",0,0,0,1,0,0,0,0,0,0,0,999,0,0,0,12,6,2,39,0,0,0,1,6,92651,6,1,0,0,3,0,77,205,0,0,0,0,2,10,2014,2,2015,0,0,0,0,0,1,2,35,3,1,2,1,0,0,14,8,99,2,4,2,"777777777777","777777777777","777777777777",1,0
6,61845,1,2,1,19,9,7,0,12,2,1,0,6,1,20,481,20481,31,2003,"1GBHC24U93E1","1","G","B","H","C","2","4","U","9","3","E","1",0,0,0,"000000000","00000000000",0,0,0,1,0,0,0,0,0,0,0,65,0,1,1,12,6,2,12,0,0,0,1,6,96088,6,1,0,0,3,0,66,175,0,0,0,2,1,5,2015,6,2016,0,28,0,0,0,1,3,65,1,1,2,1,0,0,1,10,6,9,2,50,"777777777777","777777777777","777777777777",0,0
6,61845,2,2,1,19,9,7,0,12,2,1,0,6,1,20,401,20401,14,2002,"1GNDS13S3224","1","G","N","D","S","1","3","S","3","2","2","4",0,0,0,"000000000","00000000000",0,0,0,1,0,0,0,0,0,0,0,65,0,0,0,12,6,2,12,0,0,0,1,6,96002,6,1,0,0,3,0,70,196,1,0,0,0,0,5,2014,5,2014,0,0,0,0,0,1,3,65,1,1,2,1,0,0,1,62,1,1,1,51,"777777777777","777777777777","777777777777",1,0
6,61846,1,1,3,3,8,1,0,42,0,1,1,6,2,35,50,35050,4,2014,"3N1CN7AP0EL8","3","N","1","C","N","7","A","P","0","E","L","8",0,0,0,"000000000","00000000000",0,0,0,1,0,0,0,0,0,0,0,65,0,1,5,98,6,2,1,0,0,0,1,99,94544,9,9,99,9,9,9,64,135,99,99,99,99,99,99,9999,99,9999,4,6,0,0,0,1,2,40,2,6,2,1,40,3,1,12,99,1,4,6,"777777777777","777777777777","777777777777",1,0
6,61847,1,2,1,29,8,5,10,1,0,1,0,6,1,72,706,72706,80,2007,"1HD1KB4327Y6","1","H","D","1","K","B","4","3","2","7","Y","6",0,0,0,"000000000","00000000000",0,0,0,1,0,0,0,0,0,0,0,998,0,0,0,0,6,2,54,0,0,0,1,6,92392,6,1,0,0,3,0,70,248,0,0,0,0,0,0,0,0,0,0,85,0,0,0,3,6,65,2,1,8,1,0,0,14,8,16,2,1,98,"777777777777","777777777777","777777777777",1,0
6,61847,2,2,1,29,8,5,10,1,0,1,1,99,9,49,482,49482,31,9999,"999999999999","9","9","9","9","9","9","9","9","9","9","9","9",0,0,0,"000000000","00000000000",0,0,0,1,0,0,0,0,0,0,0,63,0,0,0,99,9,5,54,0,0,0,1,99,99999,9,9,99,9,9,9,66,160,99,99,99,99,99,99,9999,99,9999,0,0,0,0,0,3,6,65,2,1,8,1,0,0,14,60,99,1,1,98,"777777777777","777777777777","777777777777",0,0
6,61848,1,2,1,21,10,22,50,12,6,1,0,6,2,35,47,35047,4,2006,"1N4AL11D56N3","1","N","4","A","L","1","1","D","5","6","N","3",0,0,0,"000000000","00000000000",0,0,0,1,0,0,0,0,0,0,0,40,0,0,0,61,6,2,12,0,0,0,1,6,92592,6,1,0,0,3,0,73,220,1,0,0,1,1,11,2011,10,2016,0,39,0,0,0,1,3,40,8,8,8,1,3,3,1,17,99,1,1,89,"777777777777","777777777777","777777777777",1,1
6,61848,2,2,1,21,10,22,50,12,6,1,0,6,2,20,481,20481,31,2008,"2GCEC13J1812","2","G","C","E","C","1","3","J","1","8","1","2",0,0,0,"000000000","00000000000",0,0,0,1,0,0,0,0,0,0,0,53,0,0,0,12,6,2,12,0,0,0,1,6,92591,6,1,0,0,3,0,66,120,0,0,0,0,0,0,0,0,0,0,0,0,0,0,1,3,40,8,8,8,1,3,3,1,66,99,1,1,88,"777777777777","777777777777","777777777777",0,0
6,61849,1,2,1,1,10,16,15,1,0,1,0,6,1,37,705,37705,80,2014,"JH2RC6910EK0","J","H","2","R","C","6","9","1","0","E","K","0",0,0,0,"000000000","00000000000",0,0,0,1,0,0,0,0,0,0,0,43,0,0,0,0,2,3,1,0,0,0,1,6,95401,6,1,0,0,3,0,69,300,0,0,0,0,1,2,2015,2,2015,0,0,0,0,0,1,2,50,1,8,2,1,0,0,1,50,16,2,1,98,"777777777777","777777777777","777777777777",1,0
6,61849,2,2,1,1,10,16,15,1,0,1,0,6,2,49,46,49046,5,2005,"JTDKB20U2530","J","T","D","K","B","2","0","U","2","5","3","0",0,0,0,"000000000","00000000000",0,0,0,1,0,0,0,0,0,0,0,0,0,0,0,6,2,5,54,0,0,0,1,6,94503,6,1,0,0,3,3,64,120,0,0,0,1,0,7,2014,7,2014,0,0,0,0,0,1,2,50,1,8,2,1,0,0,5,53,99,1,1,98,"777777777777","777777777777","777777777777",0,0
6,61850,1,1,1,2,10,12,49,24,0,1,0,6,1,37,31,37031,4,2009,"2HGFA16559H3","2","H","G","F","A","1","6","5","5","9","H","3",0,0,0,"000000000","00000000000",0,0,0,1,0,0,0,0,0,0,0,60,0,0,0,62,6,2,42,0,0,0,1,6,94805,6,1,0,0,3,0,66,150,0,0,0,0,0,0,0,0,0,4,0,0,0,0,3,3,65,2,1,2,2,0,0,14,6,99,2,4,7,"777777777777","777777777777","777777777777",1,0
6,61851,1,1,1,28,9,22,30,34,0,1,0,6,1,49,40,49040,4,2007,"JTNBE46K8730","J","T","N","B","E","4","6","K","8","7","3","0",0,0,0,"000000000","00000000000",0,0,0,1,0,0,0,0,0,0,0,998,0,1,5,12,6,2,1,0,0,0,1,6,93291,6,1,0,0,3,0,59,135,0,0,0,0,0,0,0,0,0,0,6,0,0,0,1,2,55,1,1,2,1,0,0,1,13,99,9,4,1,"777777777777","777777777777","777777777777",1,1
6,61852,1,1,2,5,10,20,0,8,0,1,0,6,1,59,31,59031,4,1999,"JT8BF28G9X01","J","T","8","B","F","2","8","G","9","X","0","1",0,0,0,"000000000","00000000000",0,0,0,1,0,0,0,0,0,0,0,40,0,0,0,12,4,5,8,0,0,0,1,6,92240,6,1,0,0,3,3,63,110,0,0,0,0,0,0,0,0,0,0,0,0,0,0,1,2,55,1,1,2,1,0,0,1,83,99,1,1,13,"777777777777","777777777777","777777777777",0,0
6,61853,1,2,1,20,5,2,16,12,1,1,0,13,1,35,47,35047,4,2014,"1N4AL3AP9EC1","1","N","4","A","L","3","A","P","9","E","C","1",0,0,0,"000000000","00000000000",0,0,0,1,0,0,0,0,0,0,0,74,0,0,0,12,6,2,12,0,0,0,1,13,30058,6,1,0,0,3,0,65,165,98,0,0,0,0,99,9999,99,9999,4,0,0,0,0,4,5,50,1,1,1,1,0,0,1,50,1,1,1,20,"777777777777","777777777777","777777777777",0,0
6,61853,2,2,1,20,5,2,16,12,1,1,0,6,1,98,706,98706,80,2006,"VBKVS44096M9","V","B","K","V","S","4","4","0","9","6","M","9",0,0,0,"000000000","00000000000",0,0,0,1,0,0,0,0,0,0,0,0,0,0,0,6,6,2,12,0,0,0,1,6,94501,6,1,0,0,3,3,70,148,0,0,0,0,0,0,0,0,0,0,0,0,0,0,4,5,50,1,1,1,1,0,0,5,53,1,1,1,21,"777777777777","777777777777","777777777777",1,0
6,61854,1,1,1,24,6,16,50,46,0,1,0,6,1,20,481,20481,31,2004,"2GCEC19T0412","2","G","C","E","C","1","9","T","0","4","1","2",0,0,0,"000000000","00000000000",0,0,0,1,0,0,0,0,0,0,0,999,0,0,0,12,6,2,10,0,0,0,1,6,95388,6,1,0,0,3,2,69,191,0,0,0,0,0,0,0,0,0,0,39,74,0,0,2,2,40,1,8,2,1,65,3,1,90,99,1,1,15,"777777777777","777777777777","777777777777",1,0
6,61855,1,1,1,6,8,16,48,1,0,1,0,6,1,72,706,72706,80,2005,"1HD1FYW345Y6","1","H","D","1","F","Y","W","3","4","5","Y","6",0,0,0,"000000000","00000000000",0,0,0,1,0,0,0,0,0,0,0,999,0,0,0,0,6,2,1,0,0,0,1,6,94550,6,1,0,0,3,0,72,230,0,0,0,0,0,0,0,0,0,4,0,0,0,0,1,2,55,2,6,8,1,28,3,14,6,16,2,4,7,"777777777777","777777777777","777777777777",1,1
6,61856,1,1,1,31,8,2,16,42,0,1,0,6,1,41,51,41051,4,2015,"3MZBM1U77FM2","3","M","Z","B","M","1","U","7","7","F","M","2",0,0,0,"000000000","00000000000",0,0,0,1,0,0,0,0,0,0,0,999,0,0,0,12,6,2,42,0,0,1,1,6,94080,6,1,0,0,3,0,68,200,0,0,0,0,0,0,0,0,0,0,0,0,0,0,1,2,35,2,1,2,1,0,0,14,12,99,2,4,7,"777777777777","777777777777","777777777777",1,1