"STATE","ST_CASE","VEH_NO","VE_FORMS","NUMOCCS","DAY","MONTH","HOUR","MINUTE","HARM_EV","MAN_COLL","UNITTYPE","HIT_RUN","REG_STAT","OWNER","MAKE","MODEL","MAK_MOD","BODY_TYP","MOD_YEAR","VIN","VIN_1","VIN_2","VIN_3","VIN_4","VIN_5","VIN_6","VIN_7","VIN_8","VIN_9","VIN_10","VIN_11","VIN_12","TOW_VEH","J_KNIFE","MCARR_I1","MCARR_I2","MCARR_ID","GVWR","V_CONFIG","CARGO_BT","HAZ_INV","HAZ_PLAC","HAZ_ID","HAZ_CNO","HAZ_REL","BUS_USE","SPEC_USE","EMER_USE","TRAV_SP","UNDERIDE","ROLLOVER","ROLINLOC","IMPACT1","DEFORMED","TOWED","M_HARM","VEH_SC1","VEH_SC2","FIRE_EXP","DR_PRES","L_STATE","DR_ZIP","L_STATUS","L_TYPE","CDL_STAT","L_ENDORS","L_COMPL","L_RESTRI","DR_HGT","DR_WGT","PREV_ACC","PREV_SUS","PREV_DWI","PREV_SPD","PREV_OTH","FIRST_MO","FIRST_YR","LAST_MO","LAST_YR","SPEEDREL","DR_SF1","DR_SF2","DR_SF3","DR_SF4","VTRAFWAY","VNUM_LAN","VSPD_LIM","VALIGN","VPROFILE","VPAVETYP","VSURCOND","VTRAFCON","VTCONT_F","P_CRASH1","P_CRASH2","P_CRASH3","PCRASH4","PCRASH5","ACC_TYPE","TRLR1VIN","TRLR2VIN","TRLR3VIN","DEATHS","DR_DRINK"
6,62216,2,3,1,5,12,6,25,12,1,1,0,6,2,30,40,30040,4,2010,"3VWJZ7AJ5AM0","3","V","W","J","Z","7","A","J","5","A","M","0",0,0,0,"000000000","00000000000",0,0,0,1,0,0,0,0,0,0,0,0,0,0,0,6,4,3,12,0,0,0,1,6,93552,9,9,99,9,9,9,61,190,99,99,99,99,99,99,9999,99,9999,0,0,0,0,0,1,2,55,1,1,2,1,0,0,5,53,1,1,1,22,"777777777777","777777777777","777777777777",0,0
6,62216,3,3,1,5,12,6,25,12,1,1,0,4,2,63,38,63038,2,2011,"KNAFU6A27B53","K","N","A","F","U","6","A","2","7","B","5","3",0,0,0,"000000000","00000000000",0,0,0,1,0,0,0,0,0,0,0,998,0,0,0,12,6,2,12,0,0,0,1,4,93591,6,1,0,0,3,3,68,220,0,0,0,0,0,0,0,0,0,0,0,0,0,0,1,2,55,1,1,2,1,0,0,1,62,1,1,1,98,"777777777777","777777777777","777777777777",0,0
6,62217,1,1,1,14,10,17,32,42,0,1,0,6,1,37,32,37032,2,2003,"1HGCM82633A0","1","H","G","C","M","8","2","6","3","3","A","0",0,0,0,"000000000","00000000000",0,0,0,1,0,0,0,0,0,0,0,35,0,9,5,9,6,2,42,0,0,0,1,6,95018,6,1,0,0,3,3,61,113,0,0,0,0,0,0,0,0,0,0,0,0,0,0,1,2,45,1,8,1,2,0,0,1,13,99,1,4,1,"777777777777","777777777777","777777777777",1,0
6,62218,1,1,1,8,12,18,24,8,0,1,0,6,1,13,1,13001,4,2005,"1LNHM81W65Y6","1","L","N","H","M","8","1","W","6","5","Y","6",0,0,0,"000000000","00000000000",0,0,0,1,0,0,0,0,0,0,0,998,0,0,0,11,4,3,8,0,0,0,1,6,94806,6,1,0,0,3,0,77,230,0,1,0,0,0,3,2014,3,2014,0,0,0,0,0,3,3,55,1,1,2,2,0,0,1,6,6,4,4,6,"777777777777","777777777777","777777777777",0,0
6,62219,1,1,1,7,12,15,58,42,0,1,0,6,2,12,422,12422,15,2001,"1FMRU17L91LA","1","F","M","R","U","1","7","L","9","1","L","A",0,0,0,"000000000","00000000000",0,0,0,1,0,0,0,0,0,0,0,55,0,1,5,61,6,2,42,0,0,0,1,6,91402,1,1,0,0,2,0,67,215,0,2,1,0,0,2,2015,2,2015,0,0,0,0,0,1,2,55,1,8,2,1,0,0,1,13,6,3,4,2,"777777777777","777777777777","777777777777",1,0
6,62220,1,2,1,8,10,19,50,12,6,1,0,6,1,72,706,72706,80,2003,"1HD1GHV303K3","1","H","D","1","G","H","V","3","0","3","K","3",0,0,0,"000000000","00000000000",0,0,0,1,0,0,0,0,0,0,0,50,0,0,0,12,6,2,12,0,0,0,1,6,93065,6,1,0,0,3,0,70,150,0,0,0,1,0,8,2016,8,2016,0,0,0,0,0,1,3,45,1,8,2,1,0,0,1,67,99,1,1,83,"777777777777","777777777777","777777777777",1,0
6,62220,2,2,1,8,10,19,50,12,6,1,0,6,1,55,401,55401,14,2004,"KM8SC13E54U6","K","M","8","S","C","1","3","E","5","4","U","6",0,0,0,"000000000","00000000000",0,0,0,1,0,0,0,0,0,0,0,998,0,0,0,10,4,3,12,0,0,0,1,6,90034,6,1,0,0,3,0,65,163,1,0,0,0,1,5,2014,10,2016,0,38,0,0,0,1,2,45,2,5,2,1,20,3,11,15,99,1,1,82,"777777777777","777777777777","777777777777",0,0
6,62221,1,1,2,29,10,14,45,24,0,1,0,6,3,72,706,72706,80,2016,"1HD1FCM38GB6","1","H","D","1","F","C","M","3","8","G","B","6",0,0,0,"000000000","00000000000",0,0,0,1,0,0,0,0,0,0,0,998,0,0,0,81,2,3,24,0,0,0,1,39,44132,6,1,0,0,3,3,71,215,1,0,0,0,0,2,2015,2,2015,0,0,0,0,0,1,2,55,3,5,2,1,0,0,14,13,99,1,4,1,"777777777777","777777777777","777777777777",1,0
6,62222,1,1,1,26,10,18,30,25,0,1,0,6,1,37,706,37706,80,2010,"JH2SC6313AK0","J","H","2","S","C","6","3","1","3","A","K","0",0,0,0,"000000000","00000000000",0,0,0,1,0,0,0,0,0,0,0,998,0,0,0,61,6,2,25,0,0,0,1,6,91403,6,1,0,0,3,3,70,155,0,0,0,0,0,0,0,0,0,4,29,0,0,0,6,1,65,3,6,2,1,0,0,98,12,99,1,4,6,"777777777777","777777777777","777777777777",1,0
6,62223,1,1,1,19,12,23,58,1,0,1,0,6,2,58,37,58037,2,2012,"JN1CV6EK8CM4","J","N","1","C","V","6","E","K","8","C","M","4",0,0,0,"000000000","00000000000",0,0,0,1,0,0,0,0,0,0,0,100,0,2,5,0,6,2,1,0,0,0,1,6,92395,6,1,0,0,3,0,70,165,0,0,0,0,0,0,0,0,0,4,0,0,0,0,1,2,65,1,8,2,1,0,0,1,13,99,1,4,98,"777777777777","777777777777","777777777777",1,0
6,62224,1,2,1,2,12,6,10,12,2,1,0,6,2,49,482,49482,31,2006,"5TBET34146S5","5","T","B","E","T","3","4","1","4","6","S","5",0,0,0,"000000000","00000000000",0,0,0,1,0,0,0,0,0,0,0,998,0,0,0,12,6,2,12,0,0,0,1,6,92252,6,1,0,0,3,0,62,125,0,0,0,0,0,0,0,0,0,0,28,0,0,0,1,2,55,1,6,2,1,0,0,1,10,99,1,2,50,"777777777777","777777777777","777777777777",1,0
6,62224,2,2,1,2,12,6,10,12,2,1,0,6,3,98,806,98806,64,2013,"5PVNJ8JT9D4S","5","P","V","N","J","8","J","T","9","D","4","S",0,0,57,"1620316","571620316",2,1,3,1,0,0,0,0,0,0,0,998,0,0,0,12,6,2,12,0,0,0,1,6,91730,6,1,0,0,3,0,72,205,0,0,0,0,0,0,0,0,0,0,0,0,0,0,1,2,55,1,6,2,1,0,0,1,62,1,1,1,51,"777777777777","777777777777","777777777777",0,0
6,62225,1,1,1,10,12,1,12,42,0,1,0,6,2,24,9,24009,4,2007,"1G8ZS57N07F2","1","G","8","Z","S","5","7","N","0","7","F","2",0,0,0,"000000000","00000000000",0,0,0,1,0,0,0,0,0,0,0,999,0,0,0,98,6,2,42,0,0,0,1,6,95826,6,1,0,0,3,0,76,210,0,0,0,0,0,0,0,0,0,0,0,0,0,0,3,2,40,1,8,2,2,0,0,1,13,99,1,4,1,"777777777777","777777777777","777777777777",1,1
6,62226,1,1,1,19,11,22,49,33,0,1,0,6,2,73,705,73705,80,1991,"JKAEXVA11MA0","J","K","A","E","X","V","A","1","1","M","A","0",0,0,0,"000000000","00000000000",0,0,0,1,0,0,0,0,0,0,0,80,0,0,0,12,6,2,1,0,0,0,1,6,90047,6,1,0,0,2,0,72,175,0,0,0,0,0,0,0,0,0,0,0,0,0,0,6,2,65,2,1,1,1,0,0,14,13,99,1,4,1,"777777777777","777777777777","777777777777",1,0
6,62227,1,1,1,11,12,16,36,58,0,1,0,6,2,72,706,72706,80,2011,"1HD1CZ333BC4","1","H","D","1","C","Z","3","3","3","B","C","4",0,0,0,"000000000","00000000000",0,0,0,1,0,0,0,0,0,0,0,70,0,0,0,98,6,2,1,0,0,0,1,6,93003,0,0,0,0,0,0,67,200,0,1,0,0,0,8,2014,8,2014,4,0,0,0,0,1,3,55,3,8,1,1,0,0,14,13,1,1,4,1,"777777777777","777777777777","777777777777",1,0
6,62228,1,2,2,28,11,7,8,12,6,1,0,6,2,49,40,49040,4,2006,"4T1BE32K26U7","4","T","1","B","E","3","2","K","2","6","U","7",0,0,0,"000000000","00000000000",0,0,0,1,0,0,0,0,0,0,0,998,0,0,0,61,6,2,12,0,0,0,1,6,92804,6,1,0,0,3,3,69,168,0,0,0,0,0,0,0,0,0,0,38,39,0,0,3,4,40,1,8,8,1,3,3,4,17,99,1,1,89,"777777777777","777777777777","777777777777",1,0
6,62228,2,2,1,28,11,7,8,12,6,1,0,6,1,12,481,12481,31,2006,"1FTPW14586FA","1","F","T","P","W","1","4","5","8","6","F","A",0,0,0,"000000000","00000000000",0,0,0,1,0,0,0,0,0,0,0,998,0,0,0,12,4,3,12,0,0,0,1,6,92804,6,1,0,0,3,0,67,130,0,0,0,0,0,0,0,0,0,0,0,0,0,0,1,6,35,8,8,8,1,3,3,1,66,99,1,1,88,"777777777777","777777777777","777777777777",0,0
6,62229,1,2,99,29,10,2,22,24,0,1,1,6,1,58,37,58037,4,2010,"JN1CV6AP6AM4","J","N","1","C","V","6","A","P","6","A","M","4",0,0,0,"000000000","00000000000",0,0,0,1,0,0,0,0,0,0,0,65,0,0,0,61,4,5,8,0,0,0,1,6,91730,6,1,0,0,3,0,71,170,0,0,0,0,1,7,2014,7,2014,4,85,0,0,0,3,3,65,1,1,1,1,0,0,1,6,8,2,4,7,"777777777777","777777777777","777777777777",0,0
6,62229,2,2,0,29,10,2,22,24,0,1,0,6,6,49,40,49040,4,2016,"4T1BF1FK2GU2","4","T","1","B","F","1","F","K","2","G","U","2",0,0,0,"000000000","00000000000",0,0,0,1,0,0,0,0,0,0,0,0,0,0,0,61,4,3,12,0,0,0,0,0,99997,7,6,97,7,6,7,998,997,998,998,998,998,998,98,9998,98,9998,8,54,0,0,0,3,3,65,1,1,1,1,0,0,0,98,0,0,0,98,"777777777777","777777777777","777777777777",0,0
6,62230,1,4,5,14,12,14,50,12,8,1,0,6,2,24,401,24401,14,2007,"5GZCZ23D27S8","5","G","Z","C","Z","2","3","D","2","7","S","8",0,0,0,"000000000","00000000000",0,0,0,1,0,0,0,0,0,0,0,55,0,0,0,62,4,5,12,0,0,0,1,6,93728,6,1,0,0,3,0,57,160,0,0,0,0,0,0,0,0,0,0,28,0,0,0,1,2,55,3,6,2,1,0,0,14,10,99,1,2,64,"777777777777","777777777777","777777777777",0,0
6,62230,2,4,1,14,12,14,50,12,8,1,0,6,2,20,481,20481,31,2011,"1GCRKSE31BZ1","1","G","C","R","K","S","E","3","1","B","Z","1",0,0,0,"000000000","00000000000",0,0,0,1,0,0,0,0,0,0,0,55,0,0,0,62,6,2,12,0,0,0,1,6,93644,6,1,0,0,3,0,70,250,0,0,0,0,0,0,0,0,0,0,0,0,0,0,1,2,55,2,6,2,1,0,0,14,62,99,1,1,65,"777777777777","777777777777","777777777777",0,0
6,62230,3,4,2,14,12,14,50,12,8,1,0,6,1,49,47,49047,6,2009,"2T1LE40E99C0","2","T","1","L","E","4","0","E","9","9","C","0",0,0,0,"000000000","00000000000",0,0,0,1,0,0,0,0,0,0,0,55,0,0,0,12,6,2,12,0,0,0,1,6,95338,6,1,0,0,3,0,71,180,0,0,0,0,0,0,0,0,0,0,0,0,0,0,1,2,55,3,6,2,1,0,0,14,62,99,1,1,98,"777777777777","777777777777","777777777777",1,0
6,62230,4,4,1,14,12,14,50,12,8,1,0,6,3,12,37,12037,4,2016,"1FADP3F23GL3","1","F","A","D","P","3","F","2","3","G","L","3",0,0,0,"000000000","00000000000",0,0,0,1,0,0,0,0,0,0,0,55,0,0,0,61,2,5,12,0,0,0,1,6,93711,6,1,0,0,3,3,72,220,0,0,0,0,0,0,0,0,0,0,0,0,0,0,1,2,55,2,6,2,1,0,0,14,54,99,1,1,98,"777777777777","777777777777","777777777777",0,0
6,62231,1,1,1,1,10,11,5,59,0,1,0,6,1,22,16,22016,2,2000,"1G2JB1246Y71","1","G","2","J","B","1","2","4","6","Y","7","1",0,0,0,"000000000","00000000000",0,0,0,1,0,0,0,0,0,0,0,55,0,1,5,98,6,2,1,0,0,0,1,6,95423,6,1,0,0,3,3,71,216,0,0,0,0,0,0,0,0,0,0,0,0,0,0,1,2,55,8,8,2,1,0,0,1,13,99,1,4,1,"777777777777","777777777777","777777777777",1,0
6,62232,1,1,1,21,11,16,22,8,0,1,1,6,2,2,403,2403,14,2014,"1C4AJWAG6EL2","1","C","4","A","J","W","A","G","6","E","L","2",0,0,0,"000000000","00000000000",0,0,0,1,0,0,0,0,0,0,0,43,0,0,0,12,4,5,8,0,0,0,1,6,95608,6,1,0,0,3,0,68,135,0,0,0,0,0,0,0,0,0,0,0,0,0,0,5,5,45,1,1,2,1,0,0,1,80,6,1,1,13,"777777777777","777777777777","777777777777",0,0
6,62233,1,2,2,28,8,22,50,12,2,1,0,6,1,37,32,37032,4,2000,"3HGCG6657YG7","3","H","G","C","G","6","6","5","7","Y","G","7",0,0,0,"000000000","00000000000",0,0,0,1,0,0,0,0,0,0,0,70,0,0,0,12,6,2,12,0,0,0,1,6,95991,0,0,0,0,0,0,67,145,0,0,0,0,0,0,0,0,0,0,51,0,0,0,3,2,65,1,1,8,1,0,0,1,54,1,1,1,52,"777777777777","777777777777","777777777777",2,1
6,62233,2,2,1,28,8,22,50,12,2,1,0,6,1,49,421,49421,15,1986,"JT3FJ60G8G11","J","T","3","F","J","6","0","G","8","G","1","1",0,0,0,"000000000","00000000000",0,0,0,1,0,0,0,0,0,0,0,70,0,1,1,12,6,2,12,0,0,0,1,6,94551,6,1,0,0,3,0,73,175,0,0,0,0,0,0,0,0,0,0,0,0,0,0,3,2,65,1,1,8,1,0,0,1,54,99,1,1,52,"777777777777","777777777777","777777777777",0,0
6,62234,1,2,1,30,11,2,6,12,2,1,0,6,2,30,40,30040,4,2015,"3VWD17AJ5FM3","3","V","W","D","1","7","A","J","5","F","M","3",0,0,0,"000000000","00000000000",0,0,0,1,0,0,0,0,0,0,0,999,0,0,0,12,6,2,12,0,0,0,1,6,93637,6,1,0,0,3,0,66,160,0,0,0,0,0,0,0,0,0,0,51,0,0,0,3,2,65,2,2,2,1,0,0,14,54,7,9,3,52,"777777777777","777777777777","777777777777",1,1
6,62234,2,2,1,30,11,2,6,12,2,1,0,6,2,87,884,87884,66,2016,"1XPXD49X6GD3","1","X","P","X","D","4","9","X","6","G","D","3",1,1,57,"2064518","572064518",3,6,3,1,0,0,0,0,0,0,0,58,0,0,0,12,6,2,12,0,0,0,1,6,93640,3,1,3,0,2,0,72,240,0,0,0,0,0,0,0,0,0,0,0,0,0,0,3,2,65,3,2,2,1,0,0,14,54,6,9,3,52,"888888888888","777777777777","777777777777",0,0
6,62235,1,2,2,25,9,18,35,12,1,1,0,6,1,37,31,37031,2,2001,"1HGEM21581L0","1","H","G","E","M","2","1","5","8","1","L","0",0,0,0,"000000000","00000000000",0,0,0,1,0,0,0,0,0,0,0,53,0,0,0,12,6,2,12,0,0,0,1,6,91724,6,1,0,0,3,0,73,200,0,0,0,0,0,0,0,0,0,4,0,0,0,0,3,5,55,8,8,1,1,0,0,1,50,16,1,1,20,"777777777777","777777777777","777777777777",0,0
6,62235,2,2,1,25,9,18,35,12,1,1,0,6,2,69,54,69054,3,2004,"WMWRC33404TC","W","M","W","R","C","3","3","4","0","4","T","C",0,0,0,"000000000","00000000000",0,0,0,1,0,0,0,0,0,0,0,0,0,0,0,6,4,3,12,0,0,0,1,6,91764,6,1,0,0,3,0,63,150,0,0,0,0,0,0,0,0,0,0,0,0,0,0,3,5,55,8,8,1,1,0,0,5,53,99,1,1,21,"777777777777","777777777777","777777777777",1,0
6,62236,1,1,1,23,11,2,35,8,0,1,1,99,9,99,999,99999,99,9999,"999999999999","9","9","9","9","9","9","9","9","9","9","9","9",0,0,0,"000000000","00000000000",0,0,0,1,0,0,0,0,0,0,0,998,0,0,0,12,9,2,8,0,0,0,1,99,99999,9,9,99,9,9,9,999,999,99,99,99,99,99,99,9999,99,9999,9,0,0,0,0,3,5,55,1,1,1,1,0,0,1,80,99,1,1,13,"777777777777","777777777777","777777777777",0,0
6,62237,1,1,2,21,9,6,18,33,0,1,0,0,0,82,881,82881,63,2003,"1FVABXCS93DK","1","F","V","A","B","X","C","S","9","3","D","K",0,0,88,"888888888","88888888888",3,1,2,1,0,0,0,0,0,7,0,60,0,1,3,14,6,2,33,0,0,0,1,6,93021,6,1,6,0,3,3,69,170,0,0,0,0,0,0,0,0,0,4,53,0,0,0,2,2,55,2,8,1,1,0,0,14,12,9,1,4,6,"777777777777","777777777777","777777777777",1,0
6,62238,1,1,2,25,1,22,55,39,0,1,0,6,1,20,9,20009,2,1999,"2G1FP22G6X21","2","G","1","F","P","2","2","G","6","X","2","1",0,0,0,"000000000","00000000000",0,0,0,1,0,0,0,0,0,0,0,999,0,0,0,81,6,2,39,0,0,0,1,6,90250,6,1,0,0,3,0,66,125,0,0,0,0,0,0,0,0,0,4,6,0,0,0,1,2,35,3,1,2,1,20,3,14,10,16,3,4,1,"777777777777","777777777777","777777777777",2,1
6,62239,1,1,2,11,2,19,28,1,0,1,0,6,2,22,16,22016,2,2005,"3G2JB12F95S1","3","G","2","J","B","1","2","F","9","5","S","1",0,0,0,"000000000","00000000000",0,0,0,1,0,0,0,0,0,0,0,998,0,1,5,0,6,2,1,0,0,0,1,6,92252,6,1,0,0,3,0,70,300,0,0,0,0,0,0,0,0,0,9,0,0,0,0,1,2,55,1,1,2,1,0,0,1,13,99,1,4,1,"777777777777","777777777777","777777777777",1,0
6,62240,1,4,1,27,12,12,49,12,1,1,0,6,1,37,39,37039,5,2016,"JHMGK5H58GS0","J","H","M","G","K","5","H","5","8","G","S","0",0,0,0,"000000000","00000000000",0,0,0,1,0,0,0,0,0,0,0,999,0,0,0,12,6,2,12,0,0,0,1,6,94544,6,1,0,0,3,3,71,210,0,0,0,1,0,5,2013,5,2013,4,0,0,0,0,2,2,70,1,8,2,1,0,0,1,50,99,1,1,20,"777777777777","777777777777","777777777777",1,0
6,62240,2,4,2,27,12,12,49,12,1,1,0,53,1,2,422,2422,15,2014,"1C4RJFCT6EC1","1","C","4","R","J","F","C","T","6","E","C","1",0,0,0,"000000000","00000000000",0,0,0,1,0,0,0,0,0,0,0,0,0,0,0,6,6,2,12,0,0,0,1,53,99362,9,9,99,9,9,9,72,220,99,99,99,99,99,99,9999,99,9999,0,0,0,0,0,2,2,70,1,8,2,1,0,0,5,53,1,1,1,21,"777777777777","777777777777","777777777777",0,0
6,62240,3,4,4,27,12,12,49,12,1,1,0,6,1,49,403,49403,14,2012,"5TDZK3EH2CS0","5","T","D","Z","K","3","E","H","2","C","S","0",0,0,0,"000000000","00000000000",0,0,0,1,0,0,0,0,0,0,0,0,0,0,0,6,6,2,12,0,0,0,1,6,90604,6,1,0,0,3,0,69,184,1,0,0,0,0,10,2014,10,2014,0,0,0,0,0,2,2,70,1,8,2,1,0,0,5,53,1,1,1,98,"777777777777","777777777777","777777777777",0,0
6,62240,4,4,1,27,12,12,49,12,1,1,0,6,1,12,401,12401,14,2017,"1FM5K8DH2HGA","1","F","M","5","K","8","D","H","2","H","G","A",0,0,0,"000000000","00000000000",0,0,0,1,0,0,0,0,0,0,0,0,0,0,0,6,2,5,12,0,0,0,1,6,92861,6,1,0,0,3,3,70,155,0,0,0,0,0,0,0,0,0,0,0,0,0,0,2,2,70,1,8,2,1,0,0,5,53,1,1,1,98,"777777777777","777777777777","777777777777",0,0
6,62241,1,1,4,24,12,10,30,1,0,1,0,6,1,35,472,35472,30,2003,"5N1ED28T03C6","5","N","1","E","D","2","8","T","0","3","C","6",0,0,0,"000000000","00000000000",0,0,0,1,0,0,0,0,0,0,0,998,0,9,2,0,6,2,1,0,0,0,1,6,92026,6,1,0,0,3,3,60,180,0,0,0,0,1,6,2015,6,2015,4,29,0,0,0,1,2,55,1,6,2,2,0,0,1,5,99,1,4,98,"777777777777","777777777777","777777777777",2,0
6,62242,1,1,1,16,12,99,99,25,0,1,0,6,2,42,48,42048,4,2000,"WDBJF70J2YA9","W","D","B","J","F","7","0","J","2","Y","A","9",0,0,0,"000000000","00000000000",0,0,0,1,0,0,0,0,0,0,0,999,0,1,5,12,6,2,1,0,0,0,1,6,94044,6,1,0,0,3,0,71,185,0,0,0,0,0,0,0,0,0,0,0,0,0,0,6,1,65,2,6,1,1,0,0,14,12,99,2,4,6,"777777777777","777777777777","777777777777",1,1
6,62243,1,2,1,17,11,23,22,24,0,1,0,6,1,2,403,2403,14,2008,"1J4FA24198L5","1","J","4","F","A","2","4","1","9","8","L","5",0,0,0,"000000000","00000000000",0,0,0,1,0,0,0,0,0,0,0,998,0,1,1,82,6,2,12,0,0,0,1,6,91902,3,1,0,0,2,3,68,195,1,0,0,0,0,8,2014,8,2014,0,51,0,0,0,3,4,65,1,8,1,1,0,0,1,13,99,9,4,1,"777777777777","777777777777","777777777777",1,1
6,62243,2,2,1,17,11,23,22,24,0,1,0,6,2,37,31,37031,4,2010,"2HGFA1F59AH3","2","H","G","F","A","1","F","5","9","A","H","3",0,0,0,"000000000","00000000000",0,0,0,1,0,0,0,0,0,0,0,65,0,0,0,12,6,2,12,0,0,0,1,6,91001,6,1,0,0,3,0,71,145,0,0,0,1,0,7,2015,7,2015,0,0,0,0,0,3,4,65,1,8,1,1,0,0,1,54,99,9,1,98,"777777777777","777777777777","777777777777",0,0
6,62244,1,1,2,30,10,8,20,24,0,1,0,6,1,48,402,48402,14,2011,"4S4WX9HD1B44","4","S","4","W","X","9","H","D","1","B","4","4",0,0,0,"000000000","00000000000",0,0,0,1,0,0,0,0,0,0,0,999,0,1,5,62,6,2,1,0,0,0,1,48,78633,6,1,0,0,3,3,68,166,0,0,0,0,0,0,0,0,0,0,0,0,0,0,3,2,70,2,8,2,2,0,0,14,12,99,2,4,6,"777777777777","777777777777","777777777777",1,0
6,62245,1,1,1,31,10,0,0,1,0,1,0,6,2,12,471,12471,30,2001,"1FTYR14V41PB","1","F","T","Y","R","1","4","V","4","1","P","B",0,0,0,"000000000","00000000000",0,0,0,1,0,0,0,0,0,0,0,999,0,2,5,0,6,2,1,0,0,0,1,6,95453,6,1,0,0,3,0,67,135,0,1,0,0,0,1,2016,1,2016,0,0,0,0,0,2,2,65,1,1,1,2,0,0,1,13,99,1,4,1,"777777777777","777777777777","777777777777",1,1
6,62246,1,1,2,7,5,11,49,21,0,1,0,6,2,12,461,12461,21,1999,"1FBSS31L7XHB","1","F","B","S","S","3","1","L","7","X","H","B",0,0,0,"000000000","00000000000",0,0,0,1,0,0,0,0,0,0,0,65,0,1,5,98,6,2,1,0,0,0,1,6,95341,0,0,0,0,0,0,72,250,0,0,0,0,0,0,0,0,0,0,0,0,0,0,2,3,65,8,8,2,2,0,0,98,13,99,1,4,1,"777777777777","777777777777","777777777777",1,0
6,62247,1,1,1,13,11,0,15,14,0,1,0,6,2,35,47,35047,4,2002,"1N4AL11D62C2","1","N","4","A","L","1","1","D","6","2","C","2",0,0,0,"000000000","00000000000",0,0,0,1,0,0,0,0,0,0,0,999,0,0,0,12,6,2,14,0,0,0,1,6,93292,3,1,0,0,2,3,72,195,0,0,0,0,0,0,0,0,0,0,0,0,0,0,3,2,65,1,8,2,1,0,0,1,13,99,1,4,1,"777777777777","777777777777","777777777777",0,1
6,62248,1,2,1,24,8,5,25,12,1,1,0,6,1,98,703,98703,80,2008,"LJ4TCKPB68S0","L","J","4","T","C","K","P","B","6","8","S","0",0,0,0,"000000000","00000000000",0,0,0,1,0,0,0,0,0,0,0,998,0,0,0,6,4,3,12,0,0,0,1,6,93022,6,1,0,0,2,0,76,150,0,0,0,0,0,0,0,0,0,0,0,0,0,0,2,2,60,1,1,2,1,0,0,1,53,1,1,1,25,"777777777777","777777777777","777777777777",1,0
6,62248,2,2,1,24,8,5,25,12,1,1,0,6,1,7,43,7043,4,2006,"1B3EL46X96N2","1","B","3","E","L","4","6","X","9","6","N","2",0,0,0,"000000000","00000000000",0,0,0,1,0,0,0,0,0,0,0,55,0,0,0,12,4,3,12,0,0,0,1,6,93060,6,1,0,0,3,0,62,160,0,0,0,0,0,0,0,0,0,4,0,0,0,0,2,2,60,1,1,2,1,0,0,1,51,16,9,1,24,"777777777777","777777777777","777777777777",0,0
6,62249,1,4,2,23,12,9,48,33,0,1,0,6,1,35,473,35473,31,2004,"1N6AA07A04N5","1","N","6","A","A","0","7","A","0","4","N","5",0,0,0,"000000000","00000000000",0,0,0,1,0,0,0,0,0,0,0,65,0,1,1,12,6,2,1,0,0,0,1,6,92596,6,1,0,0,3,3,71,225,0,0,0,0,0,0,0,0,0,4,0,0,0,0,1,6,65,1,8,2,2,3,3,10,16,99,9,4,6,"777777777777","777777777777","777777777777",0,0
6,62249,2,4,3,23,12,9,48,33,0,1,0,6,1,20,401,20401,14,1995,"1GNDT13WXS22","1","G","N","D","T","1","3","W","X","S","2","2",0,0,0,"000000000","00000000000",0,0,0,1,0,0,0,0,0,0,0,0,0,1,1,61,6,2,12,0,0,0,1,6,92544,6,1,0,0,3,0,66,180,0,0,0,0,0,0,0,0,0,0,0,0,0,0,2,6,65,1,8,2,2,3,3,5,67,1,1,1,98,"777777777777","777777777777","777777777777",1,0
6,62249,3,4,1,23,12,9,48,33,0,1,0,6,2,37,32,37032,4,2005,"1HGCM56405A1","1","H","G","C","M","5","6","4","0","5","A","1",0,0,0,"000000000","00000000000",0,0,0,1,0,0,0,0,0,0,0,0,0,0,0,61,6,2,12,0,0,0,1,6,92543,6,1,0,0,3,0,64,210,1,0,0,0,0,12,2015,12,2015,0,0,0,0,0,2,6,65,1,8,2,2,3,3,5,62,1,1,1,98,"777777777777","777777777777","777777777777",1,0
6,62249,4,4,1,23,12,9,48,33,0,1,0,6,1,20,481,20481,31,2004,"1GBHC24UX4E1","1","G","B","H","C","2","4","U","X","4","E","1",0,0,0,"000000000","00000000000",0,0,0,1,0,0,0,0,0,0,0,0,0,0,0,63,2,5,12,0,0,0,1,6,92562,6,1,0,0,3,0,70,145,0,0,0,0,0,0,0,0,0,0,0,0,0,0,2,6,65,1,8,2,2,3,3,5,60,10,1,1,98,"777777777777","777777777777","777777777777",0,0
6,62250,1,4,1,17,12,13,14,54,11,1,0,6,1,76,705,76705,80,2015,"JYARJ18Y0FA0","J","Y","A","R","J","1","8","Y","0","F","A","0",0,0,0,"000000000","00000000000",0,0,0,1,0,0,0,0,0,0,0,998,0,0,0,19,6,2,12,0,0,0,1,6,92058,6,1,0,0,3,0,68,130,1,0,0,0,0,1,2016,1,2016,4,8,0,0,0,3,6,65,1,1,1,1,0,0,2,6,9,9,2,98,"777777777777","777777777777","777777777777",1,0
6,62250,2,4,2,17,12,13,14,54,11,1,0,99,9,20,471,20471,30,1997,"1GCCS1440VK1","1","G","C","C","S","1","4","4","0","V","K","1",0,0,0,"000000000","00000000000",0,0,0,1,0,0,0,0,0,0,0,55,0,0,0,6,2,3,12,0,0,0,1,99,0,9,9,99,9,9,9,65,155,99,99,99,99,99,99,9999,99,9999,0,0,0,0,0,3,6,65,1,1,1,1,0,0,15,98,99,1,2,98,"777777777777","777777777777","777777777777",0,0