"STATE","ST_CASE","VEH_NO","VE_FORMS","NUMOCCS","DAY","MONTH","HOUR","MINUTE","HARM_EV","MAN_COLL","UNITTYPE","HIT_RUN","REG_STAT","OWNER","MAKE","MODEL","MAK_MOD","BODY_TYP","MOD_YEAR","VIN","VIN_1","VIN_2","VIN_3","VIN_4","VIN_5","VIN_6","VIN_7","VIN_8","VIN_9","VIN_10","VIN_11","VIN_12","TOW_VEH","J_KNIFE","MCARR_I1","MCARR_I2","MCARR_ID","GVWR","V_CONFIG","CARGO_BT","HAZ_INV","HAZ_PLAC","HAZ_ID","HAZ_CNO","HAZ_REL","BUS_USE","SPEC_USE","EMER_USE","TRAV_SP","UNDERIDE","ROLLOVER","ROLINLOC","IMPACT1","DEFORMED","TOWED","M_HARM","VEH_SC1","VEH_SC2","FIRE_EXP","DR_PRES","L_STATE","DR_ZIP","L_STATUS","L_TYPE","CDL_STAT","L_ENDORS","L_COMPL","L_RESTRI","DR_HGT","DR_WGT","PREV_ACC","PREV_SUS","PREV_DWI","PREV_SPD","PREV_OTH","FIRST_MO","FIRST_YR","LAST_MO","LAST_YR","SPEEDREL","DR_SF1","DR_SF2","DR_SF3","DR_SF4","VTRAFWAY","VNUM_LAN","VSPD_LIM","VALIGN","VPROFILE","VPAVETYP","VSURCOND","VTRAFCON","VTCONT_F","P_CRASH1","P_CRASH2","P_CRASH3","PCRASH4","PCRASH5","ACC_TYPE","TRLR1VIN","TRLR2VIN","TRLR3VIN","DEATHS","DR_DRINK"
6,62323,1,1,1,19,11,17,45,9,0,1,0,6,1,20,481,20481,31,2000,"2GCEC19V6Y11","2","G","C","E","C","1","9","V","6","Y","1","1",0,0,0,"000000000","00000000000",0,0,0,1,0,0,0,0,0,0,0,998,0,0,0,12,2,5,9,0,0,0,1,6,95833,6,1,6,0,3,0,68,185,0,0,0,0,0,0,0,0,0,0,0,0,0,0,5,5,40,1,8,2,2,0,0,1,83,16,1,1,13,"777777777777","777777777777","777777777777",0,0
6,62324,1,1,2,8,12,19,35,9,0,1,1,6,2,37,32,37032,2,1997,"1HGCD7236VA0","1","H","G","C","D","7","2","3","6","V","A","0",0,0,0,"000000000","00000000000",0,0,0,1,0,0,0,0,0,0,0,70,0,0,0,12,6,2,9,0,0,0,1,6,95204,0,0,0,0,0,0,67,190,0,0,0,0,0,0,0,0,0,0,91,0,0,0,1,2,55,1,8,2,2,0,0,1,83,16,1,1,13,"777777777777","777777777777","777777777777",1,0
6,62325,1,1,1,7,9,13,14,38,0,1,0,6,2,37,31,37031,2,1997,"1HGEJ8246VL1","1","H","G","E","J","8","2","4","6","V","L","1",0,0,0,"000000000","00000000000",0,0,0,1,0,0,0,0,0,0,0,998,0,1,5,98,6,2,1,0,0,0,1,6,95123,0,0,0,0,0,0,71,230,0,0,0,0,0,0,0,0,0,0,0,0,0,0,3,5,65,1,8,2,1,0,0,1,13,99,1,4,1,"777777777777","777777777777","777777777777",1,0
6,62326,1,1,2,27,5,20,50,24,0,1,0,6,2,63,37,63037,6,2011,"KNDJT2A22B77","K","N","D","J","T","2","A","2","2","B","7","7",0,0,0,"000000000","00000000000",0,0,0,1,0,0,0,0,0,0,0,66,0,1,5,98,6,2,1,0,0,0,1,6,91307,1,1,0,0,2,0,64,100,0,2,1,0,0,6,2014,9,2014,4,0,0,0,0,1,2,45,3,8,1,1,0,0,14,13,99,1,4,1,"777777777777","777777777777","777777777777",1,1
6,62327,1,3,3,3,1,20,5,12,1,1,0,6,1,23,423,23423,15,2015,"1GKKRNED9FJ3","1","G","K","K","R","N","E","D","9","F","J","3",0,0,0,"000000000","00000000000",0,0,0,1,0,0,0,0,0,0,0,61,0,1,1,12,6,2,12,0,0,0,1,6,94523,6,1,0,0,3,0,70,160,0,0,0,0,0,0,0,0,0,4,0,0,0,0,6,2,35,4,6,8,1,3,3,14,50,16,2,2,20,"777777777777","777777777777","777777777777",2,0
6,62327,2,3,2,3,1,20,5,12,1,1,0,6,1,49,442,49442,20,2006,"5TDZA23C26S5","5","T","D","Z","A","2","3","C","2","6","S","5",0,0,0,"000000000","00000000000",0,0,0,1,0,0,0,0,0,0,0,0,0,0,0,6,2,5,12,0,0,0,1,6,94523,6,1,0,0,3,0,66,175,0,0,0,0,0,0,0,0,0,0,0,0,0,0,6,2,35,4,6,8,1,3,3,5,53,99,1,1,21,"777777777777","777777777777","777777777777",0,0
6,62327,3,3,2,3,1,20,5,12,1,1,0,6,1,49,403,49403,14,2007,"JTEDP21A6701","J","T","E","D","P","2","1","A","6","7","0","1",0,0,0,"000000000","00000000000",0,0,0,1,0,0,0,0,0,0,0,998,0,0,0,12,2,5,12,0,0,0,1,6,94523,6,1,0,0,3,0,72,200,0,0,0,0,2,9,2014,7,2015,0,0,0,0,0,6,2,35,4,6,8,1,3,3,14,60,99,1,1,98,"777777777777","777777777777","777777777777",0,0
6,62328,1,1,1,11,4,1,37,8,0,1,1,99,9,99,999,99999,99,9999,"999999999999","9","9","9","9","9","9","9","9","9","9","9","9",0,0,0,"000000000","00000000000",0,0,0,1,0,0,0,0,0,0,0,998,0,0,0,12,9,9,8,99,99,0,1,99,99999,9,9,99,0,9,9,999,999,99,99,99,99,99,99,9999,99,9999,0,99,99,99,99,1,4,50,1,8,8,1,0,0,1,80,99,9,1,13,"777777777777","777777777777","777777777777",0,0
6,62329,1,1,2,11,6,17,40,9,0,1,0,6,2,37,32,37032,4,1993,"1HGCB7657PA1","1","H","G","C","B","7","6","5","7","P","A","1",0,0,0,"000000000","00000000000",0,0,0,1,0,0,0,0,0,0,0,998,0,0,0,12,4,3,9,0,0,0,1,6,95210,4,1,0,0,2,0,71,180,0,0,0,1,0,6,2015,6,2015,0,35,0,0,0,5,5,35,1,1,2,1,0,0,1,83,99,1,1,13,"777777777777","777777777777","777777777777",0,1
6,62330,1,1,4,20,10,5,40,43,0,1,0,4,1,49,40,49040,4,2008,"4T1BE46K38U2","4","T","1","B","E","4","6","K","3","8","U","2",0,0,0,"000000000","00000000000",0,0,0,1,0,0,0,0,0,0,0,75,0,1,3,98,6,2,1,0,0,0,1,4,85281,6,1,0,0,3,3,69,160,0,0,0,0,0,0,0,0,0,0,29,0,0,0,2,2,70,1,8,2,1,0,0,1,12,7,4,4,7,"777777777777","777777777777","777777777777",1,0
6,62331,1,2,3,26,10,13,0,12,2,1,0,6,1,14,17,14017,4,1999,"1MEFM50U6XG6","1","M","E","F","M","5","0","U","6","X","G","6",0,0,0,"000000000","00000000000",0,0,0,1,0,0,0,0,0,0,0,65,0,0,0,12,6,2,12,0,0,0,1,6,95988,6,1,0,0,3,0,70,180,0,1,0,0,0,5,2013,5,2013,0,28,0,0,0,1,2,65,1,8,2,1,0,0,1,10,99,1,2,50,"777777777777","777777777777","777777777777",3,0
6,62331,2,2,1,26,10,13,0,12,2,1,0,6,3,85,881,85881,64,2007,"2NKMHD7X17M2","2","N","K","M","H","D","7","X","1","7","M","2",0,0,6,"4044","064044",3,1,3,1,0,0,0,0,0,0,0,55,0,0,0,12,6,2,12,0,0,0,1,6,95829,6,1,6,0,3,0,73,175,0,0,0,0,1,5,2016,5,2016,0,0,0,0,0,1,2,65,1,8,2,1,0,0,1,62,16,1,1,51,"777777777777","777777777777","777777777777",0,0
6,62332,1,1,1,18,9,19,20,11,0,1,0,6,1,37,709,37709,80,1979,"CB12002107","C","B","1","2","0","0","2","1","0","7","","",0,0,0,"000000000","00000000000",0,0,0,1,0,0,0,0,0,0,0,999,0,0,0,12,6,2,11,0,0,0,1,6,93021,6,1,0,0,3,0,72,220,0,0,0,0,1,9,2014,9,2014,0,0,0,0,0,1,2,45,8,8,2,1,0,0,1,87,99,1,1,13,"777777777777","777777777777","777777777777",1,0
6,62333,1,2,1,14,10,19,33,12,6,1,0,6,2,49,471,49471,30,1988,"JT4VN63C6J00","J","T","4","V","N","6","3","C","6","J","0","0",0,0,0,"000000000","00000000000",0,0,0,1,0,0,0,0,0,0,0,998,0,0,0,81,6,2,12,0,0,0,1,6,95329,1,1,0,0,2,0,74,210,1,1,0,0,0,6,2014,10,2016,0,0,0,0,0,1,2,55,2,8,2,2,0,0,14,11,99,4,6,66,"777777777777","777777777777","777777777777",1,1
6,62333,2,2,1,14,10,19,33,12,6,1,0,6,1,34,402,34402,14,2007,"WBXPC93437WF","W","B","X","P","C","9","3","4","3","7","W","F",0,0,0,"000000000","00000000000",0,0,0,1,0,0,0,0,0,0,0,55,0,0,0,12,6,2,12,0,0,0,1,6,95311,6,1,0,0,3,0,72,200,0,0,0,0,0,0,0,0,0,0,0,0,0,0,1,2,55,3,8,2,2,0,0,14,62,16,1,1,66,"777777777777","777777777777","777777777777",0,0
6,62334,1,1,2,15,10,14,30,35,0,1,0,12,2,99,709,99709,80,2009,"999999999999","9","9","9","9","9","9","9","9","9","9","9","9",0,0,0,"000000000","00000000000",0,0,0,1,0,0,0,0,0,0,0,999,0,0,0,98,6,2,35,0,0,0,1,97,33141,9,9,99,9,9,9,72,200,99,99,99,99,99,99,9999,99,9999,0,0,0,0,0,1,2,55,3,8,2,2,0,0,14,13,99,1,4,1,"777777777777","777777777777","777777777777",1,0
6,62335,1,5,2,9,7,0,16,12,1,1,0,6,1,7,472,7472,31,2006,"1D7HE28K66S6","1","D","7","H","E","2","8","K","6","6","S","6",0,0,0,"000000000","00000000000",0,0,0,1,0,0,0,0,0,0,0,65,0,0,0,12,6,2,12,0,0,0,1,6,90805,6,1,0,0,3,0,67,175,1,0,0,0,1,10,2014,4,2016,4,0,0,0,0,6,2,65,3,6,1,1,28,3,6,50,16,2,2,20,"777777777777","777777777777","777777777777",0,1
6,62335,2,5,1,9,7,0,16,12,1,1,0,6,1,21,441,21441,20,1998,"1GHDX03E4WD1","1","G","H","D","X","0","3","E","4","W","D","1",0,0,0,"000000000","00000000000",0,0,0,1,0,0,0,0,0,0,0,0,0,0,0,6,6,2,2,0,0,1,1,6,90201,6,1,0,0,3,0,61,129,0,0,0,0,0,0,0,0,0,0,0,0,0,0,6,2,65,3,6,1,1,28,3,5,53,99,1,1,21,"777777777777","777777777777","777777777777",1,0
6,62335,3,5,1,9,7,0,16,12,1,1,0,6,1,21,441,21441,20,1998,"999999999999","9","9","9","9","9","9","9","9","9","9","9","9",0,0,0,"000000000","00000000000",0,0,0,1,0,0,0,0,0,0,0,0,0,0,0,6,4,3,12,0,0,0,1,6,92173,6,1,0,0,3,3,65,180,0,0,0,0,0,0,0,0,0,0,0,0,0,0,6,2,65,3,6,1,1,28,3,5,53,99,1,1,98,"777777777777","777777777777","777777777777",0,0
6,62335,4,5,3,9,7,0,16,12,1,1,0,6,1,59,34,59034,4,1998,"JT8BH68X5W00","J","T","8","B","H","6","8","X","5","W","0","0",0,0,0,"000000000","00000000000",0,0,0,1,0,0,0,0,0,0,0,0,0,0,0,6,2,5,12,0,0,0,1,6,90242,6,1,0,0,3,0,66,175,0,0,0,0,0,0,0,0,0,0,0,0,0,0,6,2,65,3,6,1,1,28,3,5,53,99,1,1,98,"777777777777","777777777777","777777777777",0,0
6,62335,5,5,1,9,7,0,16,12,1,1,0,18,3,84,881,84881,66,2009,"2HSCDAPR18C0","2","H","S","C","D","A","P","R","1","8","C","0",0,0,57,"021800","57021800",3,5,96,1,0,0,0,0,0,0,0,0,0,0,0,6,2,5,12,0,0,0,1,6,92024,6,1,6,0,3,0,71,175,0,0,0,0,0,0,0,0,0,0,0,0,0,0,6,2,65,3,6,1,1,28,3,5,53,99,1,1,98,"777777777777","777777777777","777777777777",0,0
6,62336,1,1,1,10,12,1,14,33,0,1,0,6,2,35,47,35047,4,2016,"1N4AL3AP0GN3","1","N","4","A","L","3","A","P","0","G","N","3",0,0,0,"000000000","00000000000",0,0,0,1,0,0,0,0,0,0,0,999,0,1,5,98,6,2,1,0,0,0,1,6,93551,6,1,0,0,3,0,65,170,0,0,0,0,0,0,0,0,0,0,0,0,0,0,3,3,65,1,8,1,1,0,0,1,13,99,1,4,1,"777777777777","777777777777","777777777777",1,0
6,62337,1,2,2,17,11,4,3,12,6,1,0,18,3,82,881,82881,66,2016,"3AKJGLD56GSG","3","A","K","J","G","L","D","5","6","G","S","G",1,1,57,"273818","57273818",3,6,1,1,0,0,0,0,0,0,0,58,7,0,0,12,6,2,12,0,0,0,1,6,93202,6,1,6,0,3,3,68,260,0,0,0,1,0,11,2015,11,2015,4,0,0,0,0,2,2,55,8,8,2,1,0,0,98,11,99,1,1,44,"1JJV532D8EL7","777777777777","777777777777",0,0
6,62337,2,2,1,17,11,4,3,12,6,1,0,6,2,20,471,20471,30,1995,"1GCCS1940S81","1","G","C","C","S","1","9","4","0","S","8","1",1,1,0,"000000000","00000000000",0,0,0,1,0,0,0,0,0,0,0,38,0,1,5,61,6,2,1,0,0,0,1,97,90292,9,9,99,9,9,9,66,165,99,99,99,99,99,99,9999,99,9999,0,0,0,0,0,2,2,55,8,8,2,1,0,0,1,60,99,1,1,45,"888888888888","777777777777","777777777777",1,0
6,62338,1,1,1,8,11,2,30,8,0,1,0,6,2,12,401,12401,14,1996,"1FMCU22X0TUB","1","F","M","C","U","2","2","X","0","T","U","B",0,0,0,"000000000","00000000000",0,0,0,1,0,0,0,0,0,0,0,60,0,0,0,82,4,5,8,0,0,0,1,6,94703,1,1,0,0,2,0,75,187,0,0,0,0,1,8,2014,8,2014,0,0,0,0,0,3,4,65,1,8,2,1,0,0,1,80,6,1,1,13,"777777777777","777777777777","777777777777",0,0
6,62339,1,2,2,23,12,16,44,12,6,1,0,6,1,20,37,20037,4,2013,"1G11C5SA6DF2","1","G","1","1","C","5","S","A","6","D","F","2",0,0,0,"000000000","00000000000",0,0,0,1,0,0,0,0,0,0,0,998,0,0,0,61,6,2,12,0,0,0,1,6,95354,6,1,0,0,3,0,67,180,0,2,0,0,1,6,2014,7,2016,4,0,0,0,0,2,3,70,8,8,1,2,0,0,1,6,99,3,4,64,"777777777777","777777777777","777777777777",1,0
6,62339,2,2,1,23,12,16,44,12,6,1,0,6,3,23,431,23431,16,1992,"1GKFK16K2NJ7","1","G","K","F","K","1","6","K","2","N","J","7",0,0,0,"000000000","00000000000",0,0,0,1,0,0,0,0,0,0,0,55,0,0,0,12,6,2,12,0,0,0,1,6,95014,1,1,0,0,2,0,69,160,0,4,2,1,0,4,2014,1,2016,0,0,0,0,0,2,3,70,8,8,1,2,0,0,1,62,9,1,1,65,"777777777777","777777777777","777777777777",0,0
6,62340,1,1,1,30,10,21,45,8,0,1,0,6,1,49,401,49401,14,1996,"JT3HN86R3T00","J","T","3","H","N","8","6","R","3","T","0","0",0,0,0,"000000000","00000000000",0,0,0,1,0,0,0,0,0,0,0,65,0,0,0,12,6,2,8,0,0,0,1,4,92037,0,0,0,0,0,0,71,160,0,0,0,0,0,0,0,0,0,0,0,0,0,0,3,4,65,1,8,1,1,0,0,1,80,1,1,1,13,"777777777777","777777777777","777777777777",0,0
6,62341,1,3,2,5,11,22,45,12,7,1,0,6,1,20,481,20481,31,2006,"2GCEC13T8612","2","G","C","E","C","1","3","T","8","6","1","2",0,0,0,"000000000","00000000000",0,0,0,1,0,0,0,0,0,0,0,70,0,0,0,1,4,3,8,0,0,0,1,6,95747,6,1,0,0,3,0,74,270,0,0,0,0,0,0,0,0,0,4,0,0,0,0,3,7,65,1,1,2,1,0,0,1,50,8,1,1,48,"777777777777","777777777777","777777777777",0,0
6,62341,2,3,0,5,11,22,45,12,7,1,0,6,6,49,40,49040,4,2007,"4T1BE46K17U6","4","T","1","B","E","4","6","K","1","7","U","6",0,0,0,"000000000","00000000000",0,0,0,1,0,0,0,0,0,0,0,0,0,0,0,9,4,3,12,0,0,0,0,0,99997,7,6,97,7,6,7,998,997,998,998,998,998,998,98,9998,98,9998,8,0,0,0,0,3,7,65,1,1,2,1,0,0,0,53,0,0,0,48,"777777777777","777777777777","777777777777",0,0
6,62341,3,3,99,5,11,22,45,12,7,1,1,99,9,99,999,99999,99,9999,"999999999999","9","9","9","9","9","9","9","9","9","9","9","9",0,0,0,"000000000","00000000000",0,0,0,1,0,0,0,0,0,0,0,999,0,0,0,98,9,5,8,0,0,0,1,99,99999,9,9,99,9,9,9,999,999,99,99,99,99,99,99,9999,99,9999,0,0,0,0,0,3,8,65,1,1,2,1,0,0,1,80,99,1,1,98,"777777777777","777777777777","777777777777",0,0
6,62342,1,2,1,11,9,21,55,33,0,1,0,6,1,20,481,20481,31,1998,"2GCEK19R2W11","2","G","C","E","K","1","9","R","2","W","1","1",0,0,0,"000000000","00000000000",0,0,0,1,0,0,0,0,0,0,0,70,0,0,0,98,6,2,33,0,0,0,1,6,90803,1,1,0,0,2,0,72,205,1,3,1,0,0,10,2013,2,2015,4,0,0,0,0,2,3,45,8,8,8,1,0,0,1,1,99,2,4,7,"777777777777","777777777777","777777777777",1,0
6,62342,2,2,3,11,9,21,55,33,0,1,0,6,1,12,401,12401,14,2002,"1FMZU73E92ZB","1","F","M","Z","U","7","3","E","9","2","Z","B",0,0,0,"000000000","00000000000",0,0,0,1,0,0,0,0,0,0,0,45,0,0,0,12,6,2,12,0,0,0,1,6,95842,6,1,6,0,3,0,72,260,0,0,0,0,0,0,0,0,0,0,0,0,0,0,2,3,45,8,8,8,1,0,0,1,62,99,1,1,98,"777777777777","777777777777","777777777777",0,0
6,62343,1,2,1,3,11,19,13,12,2,1,0,6,1,37,32,37032,4,1997,"1HGCD5638VA1","1","H","G","C","D","5","6","3","8","V","A","1",0,0,0,"000000000","00000000000",0,0,0,1,0,0,0,0,0,0,0,50,0,0,0,12,6,2,12,0,0,0,1,6,94558,6,1,0,0,3,0,66,175,0,0,0,0,0,0,0,0,0,4,0,0,0,0,1,2,35,2,5,1,1,0,0,14,10,99,1,1,50,"777777777777","777777777777","777777777777",1,1
6,62343,2,2,1,3,11,19,13,12,2,1,0,6,2,12,481,12481,31,2002,"1FTSW31FX2EB","1","F","T","S","W","3","1","F","X","2","E","B",0,0,0,"000000000","00000000000",0,0,0,1,0,0,0,0,0,0,0,35,0,0,0,12,6,2,12,0,0,0,1,6,94559,6,1,0,0,3,3,64,119,0,0,0,0,0,0,0,0,0,0,0,0,0,0,1,2,35,3,6,1,1,0,0,14,62,99,1,1,51,"777777777777","777777777777","777777777777",0,0
6,62344,1,1,2,10,11,17,19,8,0,1,0,6,1,12,17,12017,4,2005,"1FAFP53265A2","1","F","A","F","P","5","3","2","6","5","A","2",0,0,0,"000000000","00000000000",0,0,0,1,0,0,0,0,0,0,0,25,0,0,0,12,4,3,8,0,0,0,1,6,92274,6,1,0,0,3,3,69,160,0,0,0,0,0,0,0,0,0,0,0,0,0,0,1,3,55,8,8,2,1,0,0,1,80,1,1,1,13,"777777777777","777777777777","777777777777",0,0
6,62345,1,1,1,24,12,2,0,1,0,1,0,6,1,20,37,20037,4,2002,"1G1NE52J12M5","1","G","1","N","E","5","2","J","1","2","M","5",0,0,0,"000000000","00000000000",0,0,0,1,0,0,0,0,0,0,0,999,0,9,5,0,6,2,1,0,0,0,1,6,93636,6,1,0,0,3,0,72,175,0,0,0,0,0,0,0,0,0,9,0,0,0,0,1,2,55,8,8,2,2,0,0,98,8,99,9,4,2,"777777777777","777777777777","777777777777",1,1
6,62346,1,1,1,30,12,6,20,52,0,1,0,6,4,49,40,49040,4,2016,"4T1BF1FK9GU5","4","T","1","B","F","1","F","K","9","G","U","5",0,0,0,"000000000","00000000000",0,0,0,1,0,0,0,0,0,0,0,999,0,0,0,12,6,2,39,0,0,0,1,6,91311,6,1,0,0,3,0,70,250,0,0,0,1,0,3,2015,3,2015,9,99,99,99,99,3,2,70,1,5,2,1,0,0,1,11,99,1,4,1,"777777777777","777777777777","777777777777",1,0
6,62347,1,2,99,4,1,18,23,8,0,1,1,99,9,99,499,99499,48,9999,"999999999999","9","9","9","9","9","9","9","9","9","9","9","9",0,0,0,"000000000","00000000000",0,0,0,1,0,0,0,0,0,0,0,998,0,0,0,98,9,5,8,0,0,0,1,99,99999,9,9,99,9,9,9,999,999,99,99,99,99,99,99,9999,99,9999,0,38,0,0,0,1,4,30,8,8,2,2,0,0,6,80,99,1,2,13,"777777777777","777777777777","777777777777",0,0
6,62347,2,2,1,4,1,18,23,8,0,1,0,6,2,42,50,42050,6,2006,"4JGCB75EX6A0","4","J","G","C","B","7","5","E","X","6","A","0",0,0,0,"000000000","00000000000",0,0,0,1,0,0,0,0,0,0,0,998,0,0,0,12,2,5,54,0,0,0,1,6,94591,6,1,0,0,3,0,67,132,0,1,0,0,0,6,2012,6,2012,0,0,0,0,0,1,4,30,8,8,2,2,0,0,1,98,99,1,1,98,"777777777777","777777777777","777777777777",0,0
6,62348,1,2,1,13,2,19,57,12,6,1,0,6,2,63,37,63037,6,2016,"KNDJN2A22G72","K","N","D","J","N","2","A","2","2","G","7","2",0,0,0,"000000000","00000000000",0,0,0,1,0,0,0,0,0,0,0,998,0,0,0,82,4,3,12,0,0,0,1,6,92020,6,1,0,0,3,3,66,150,0,0,0,0,0,0,0,0,0,0,38,0,0,0,5,5,45,8,8,1,1,0,0,11,10,99,1,2,68,"777777777777","777777777777","777777777777",0,0
6,62348,2,2,1,13,2,19,57,12,6,1,0,6,1,98,706,98706,80,2005,"5L5TX1442510","5","L","5","T","X","1","4","4","2","5","1","0",0,0,0,"000000000","00000000000",0,0,0,1,0,0,0,0,0,0,0,998,0,0,0,12,6,2,12,0,0,0,1,6,91977,6,1,0,0,3,0,74,200,0,0,0,0,0,0,0,0,0,0,0,0,0,0,5,5,45,8,8,1,1,0,0,1,62,99,1,1,69,"777777777777","777777777777","777777777777",1,0
6,62349,1,2,1,4,3,21,20,12,2,1,0,6,1,18,2,18002,4,1999,"1G4HP52K4XH4","1","G","4","H","P","5","2","K","4","X","H","4",0,0,0,"000000000","00000000000",0,0,0,1,0,0,0,0,0,0,0,998,0,0,0,12,6,2,12,0,0,0,1,6,91367,6,1,0,0,3,3,71,160,0,0,0,0,0,0,0,0,0,0,38,0,0,0,1,5,35,8,8,8,1,3,3,11,17,99,1,1,68,"777777777777","777777777777","777777777777",1,0
6,62349,2,2,4,4,3,21,20,12,2,1,0,6,2,34,35,34035,4,1998,"WBADE6328WBW","W","B","A","D","E","6","3","2","8","W","B","W",0,0,0,"000000000","00000000000",0,0,0,1,0,0,0,0,0,0,0,998,0,0,0,12,6,2,12,0,0,0,1,6,91404,6,1,0,0,3,3,70,180,1,0,0,0,0,9,2015,9,2015,4,0,0,0,0,1,5,35,8,8,8,1,3,3,1,66,99,1,1,69,"777777777777","777777777777","777777777777",0,0
6,62350,1,1,1,24,11,3,3,42,0,1,0,6,1,37,31,37031,4,2010,"19XFA1F80AE0","1","9","X","F","A","1","F","8","0","A","E","0",0,0,0,"000000000","00000000000",0,0,0,1,0,0,0,0,0,0,0,998,0,1,5,61,6,2,1,0,0,0,1,6,91711,6,1,0,0,3,0,62,100,1,0,0,0,0,6,2016,6,2016,4,0,0,0,0,3,4,65,1,1,1,1,0,0,1,13,99,3,4,1,"777777777777","777777777777","777777777777",1,0
6,62351,1,2,2,1,12,17,20,12,6,1,0,6,1,14,17,14017,4,2001,"888888888888","8","8","8","8","8","8","8","8","8","8","8","8",0,0,0,"000000000","00000000000",0,0,0,1,0,0,0,0,0,0,0,45,0,0,0,82,6,2,12,0,0,0,1,6,93247,6,1,0,0,3,3,73,196,0,0,0,0,0,0,0,0,0,0,38,0,0,0,1,2,55,1,1,2,1,0,0,11,15,10,1,1,68,"777777777777","777777777777","777777777777",1,0
6,62351,2,2,1,1,12,17,20,12,6,1,0,6,1,20,403,20403,14,2003,"1GNDS13S6321","1","G","N","D","S","1","3","S","6","3","2","1",0,0,0,"000000000","00000000000",0,0,0,1,0,0,0,0,0,0,0,50,0,0,0,12,6,2,12,0,0,0,1,6,93221,6,1,0,0,3,0,67,178,0,0,0,0,0,0,0,0,0,0,0,0,0,0,1,2,55,1,1,2,1,0,0,1,62,9,1,1,69,"777777777777","777777777777","777777777777",0,0
6,62352,1,1,1,29,11,0,45,32,0,1,0,35,1,23,481,23481,31,2012,"888888888888","8","8","8","8","8","8","8","8","8","8","8","8",0,0,0,"000000000","00000000000",0,0,0,1,0,0,0,0,0,0,0,75,0,0,0,12,6,2,32,0,0,0,1,35,87108,6,1,0,0,3,0,68,190,98,0,0,0,0,99,9999,99,9999,3,0,0,0,0,3,2,65,1,1,2,1,0,0,1,13,99,9,4,1,"777777777777","777777777777","777777777777",1,1
6,62353,1,2,1,26,11,23,12,12,6,1,0,6,1,37,421,37421,15,2005,"2HKYF18565H5","2","H","K","Y","F","1","8","5","6","5","H","5",0,0,0,"000000000","00000000000",0,0,0,1,0,0,0,0,0,0,0,60,0,0,0,12,6,2,12,0,0,0,1,6,94531,6,1,0,0,3,0,70,193,0,0,0,0,0,0,0,0,0,4,0,0,0,0,3,3,65,8,8,8,2,0,0,1,50,1,1,1,48,"777777777777","777777777777","777777777777",0,0
6,62353,2,2,0,26,11,23,12,12,6,1,0,6,6,7,24,7024,4,2006,"888888888888","8","8","8","8","8","8","8","8","8","8","8","8",0,0,0,"000000000","00000000000",0,0,0,1,0,0,0,0,0,0,0,0,0,0,0,83,6,2,8,0,0,0,0,0,99997,7,6,97,7,6,7,998,997,998,998,998,998,998,98,9998,98,9998,8,20,54,0,0,3,3,65,8,8,8,2,0,0,0,98,0,0,0,48,"777777777777","777777777777","777777777777",0,0
6,62354,1,2,3,25,11,12,55,12,6,1,0,6,2,37,31,37031,2,1995,"2HGEJ2128SH5","2","H","G","E","J","2","1","2","8","S","H","5",0,0,0,"000000000","00000000000",0,0,0,1,0,0,0,0,0,0,0,998,0,0,0,83,6,2,12,0,0,0,1,6,92407,6,1,0,0,3,0,70,180,0,0,0,0,0,0,0,0,0,4,0,0,0,0,1,4,55,3,6,2,1,0,0,14,6,99,4,2,64,"777777777777","777777777777","777777777777",1,0
6,62354,2,2,4,25,11,12,55,12,6,1,0,6,1,37,31,37031,4,2016,"19XFC2F71GE2","1","9","X","F","C","2","F","7","1","G","E","2",0,0,0,"000000000","00000000000",0,0,0,1,0,0,0,0,0,0,0,32,0,0,0,12,6,2,12,0,0,0,1,6,91367,6,1,0,0,3,0,66,176,0,0,0,0,0,0,0,0,0,0,0,0,0,0,1,4,55,1,5,2,1,0,0,1,62,7,1,1,65,"777777777777","777777777777","777777777777",0,0
6,62355,1,2,2,26,11,6,50,12,2,1,0,6,2,20,421,20421,15,2004,"1GNEC13V74R2","1","G","N","E","C","1","3","V","7","4","R","2",0,0,0,"000000000","00000000000",0,0,0,1,0,0,0,0,0,0,0,998,0,0,0,12,6,2,12,0,0,0,1,6,94401,6,1,0,0,3,0,62,200,0,0,0,0,0,0,0,0,0,3,0,0,0,0,1,2,55,1,1,2,1,0,0,6,10,99,1,4,50,"777777777777","777777777777","777777777777",1,0
6,62355,2,2,1,26,11,6,50,12,2,1,0,40,3,87,884,87884,66,2017,"1XPXDP9X4HD3","1","X","P","X","D","P","9","X","4","H","D","3",1,1,57,"1826669","571826669",3,6,1,1,0,0,0,0,0,0,0,55,0,0,0,12,6,2,12,0,0,0,1,48,75189,9,9,99,9,9,9,67,180,99,99,99,99,99,99,9999,99,9999,0,0,0,0,0,1,2,55,1,1,2,1,0,0,1,62,9,1,4,51,"888888888888","777777777777","777777777777",0,0
6,62356,1,1,1,1,3,2,15,8,0,1,1,99,9,99,999,99999,99,9999,"999999999999","9","9","9","9","9","9","9","9","9","9","9","9",0,0,0,"000000000","00000000000",0,0,0,1,0,0,0,0,0,0,0,999,0,0,0,98,9,5,8,99,99,0,1,99,99999,9,9,99,9,9,9,999,999,99,99,99,99,99,99,9999,99,9999,9,99,99,99,99,2,2,45,8,8,8,1,0,0,1,80,99,9,1,13,"777777777777","777777777777","777777777777",0,0