"STATE","ST_CASE","VEH_NO","VE_FORMS","NUMOCCS","DAY","MONTH","HOUR","MINUTE","HARM_EV","MAN_COLL","UNITTYPE","HIT_RUN","REG_STAT","OWNER","MAKE","MODEL","MAK_MOD","BODY_TYP","MOD_YEAR","VIN","VIN_1","VIN_2","VIN_3","VIN_4","VIN_5","VIN_6","VIN_7","VIN_8","VIN_9","VIN_10","VIN_11","VIN_12","TOW_VEH","J_KNIFE","MCARR_I1","MCARR_I2","MCARR_ID","GVWR","V_CONFIG","CARGO_BT","HAZ_INV","HAZ_PLAC","HAZ_ID","HAZ_CNO","HAZ_REL","BUS_USE","SPEC_USE","EMER_USE","TRAV_SP","UNDERIDE","ROLLOVER","ROLINLOC","IMPACT1","DEFORMED","TOWED","M_HARM","VEH_SC1","VEH_SC2","FIRE_EXP","DR_PRES","L_STATE","DR_ZIP","L_STATUS","L_TYPE","CDL_STAT","L_ENDORS","L_COMPL","L_RESTRI","DR_HGT","DR_WGT","PREV_ACC","PREV_SUS","PREV_DWI","PREV_SPD","PREV_OTH","FIRST_MO","FIRST_YR","LAST_MO","LAST_YR","SPEEDREL","DR_SF1","DR_SF2","DR_SF3","DR_SF4","VTRAFWAY","VNUM_LAN","VSPD_LIM","VALIGN","VPROFILE","VPAVETYP","VSURCOND","VTRAFCON","VTCONT_F","P_CRASH1","P_CRASH2","P_CRASH3","PCRASH4","PCRASH5","ACC_TYPE","TRLR1VIN","TRLR2VIN","TRLR3VIN","DEATHS","DR_DRINK"
6,62436,2,2,3,14,8,7,14,12,1,1,0,6,1,49,32,49032,4,1989,"JT2AE92E7K32","J","T","2","A","E","9","2","E","7","K","3","2",0,0,0,"000000000","00000000000",0,0,0,1,0,0,0,0,0,0,0,0,0,0,0,6,6,2,12,0,0,0,1,6,92801,6,1,0,0,3,0,60,140,0,0,0,0,0,0,0,0,0,0,54,0,0,0,3,5,65,1,8,1,1,0,0,5,53,1,1,1,21,"777777777777","777777777777","777777777777",1,0
6,62437,1,1,1,24,12,3,35,8,0,1,0,6,2,24,401,24401,14,2002,"5GZCZ63B42S8","5","G","Z","C","Z","6","3","B","4","2","S","8",0,0,0,"000000000","00000000000",0,0,0,1,0,0,0,0,0,0,0,40,0,0,0,11,4,5,8,0,0,0,1,6,91910,6,1,0,0,3,3,60,120,0,0,0,0,0,0,0,0,0,0,0,0,0,0,6,1,65,1,8,2,2,0,0,1,80,9,1,1,13,"777777777777","777777777777","777777777777",0,0
6,62438,1,1,1,30,12,6,50,1,0,1,0,36,1,23,401,23401,14,2000,"1GKDT13W3Y23","1","G","K","D","T","1","3","W","3","Y","2","3",0,0,0,"000000000","00000000000",0,0,0,1,0,0,0,0,0,0,0,70,0,9,5,0,6,2,1,0,0,0,1,36,10035,6,1,0,0,3,0,73,238,0,0,0,0,0,0,0,0,0,0,0,0,0,0,2,2,70,1,8,2,1,0,0,1,12,99,4,4,6,"777777777777","777777777777","777777777777",1,0
6,62439,1,1,1,29,7,10,37,33,0,1,0,6,1,42,31,42031,8,1967,"250S050500","2","5","0","S","0","5","0","5","0","0","","",0,0,0,"000000000","00000000000",0,0,0,1,0,0,0,0,0,0,0,998,0,0,0,98,6,2,33,0,0,0,1,6,92264,1,1,0,0,2,3,72,195,1,0,0,0,0,2,2016,2,2016,0,0,0,0,0,1,5,45,1,1,2,1,3,3,1,8,1,1,4,1,"777777777777","777777777777","777777777777",1,1
6,62440,1,1,1,11,8,7,20,8,0,1,1,99,9,42,999,42999,99,9999,"999999999999","9","9","9","9","9","9","9","9","9","9","9","9",0,0,0,"000000000","00000000000",0,0,0,1,0,0,0,0,0,0,0,22,0,0,0,12,9,9,8,0,0,0,1,99,99999,9,9,99,9,9,9,999,999,99,99,99,99,99,99,9999,99,9999,9,0,0,0,0,1,2,35,1,1,8,1,0,0,1,80,1,1,1,13,"777777777777","777777777777","777777777777",0,0
6,62441,1,3,1,22,6,18,30,12,6,1,0,6,1,49,50,49050,3,2008,"JTKDE1679802","J","T","K","D","E","1","6","7","9","8","0","2",0,0,0,"000000000","00000000000",0,0,0,1,0,0,0,0,0,0,0,90,0,0,0,83,6,2,12,0,0,0,1,6,94560,6,1,0,0,3,0,71,145,0,0,0,0,0,0,0,0,0,4,51,0,0,0,2,2,45,1,1,2,1,0,0,15,6,99,4,2,64,"777777777777","777777777777","777777777777",1,0
6,62441,2,3,3,22,6,18,30,12,6,1,0,6,1,37,421,37421,15,2005,"2HKYF18415H5","2","H","K","Y","F","1","8","4","1","5","H","5",0,0,0,"000000000","00000000000",0,0,0,1,0,0,0,0,0,0,0,40,0,0,0,12,6,2,12,0,0,0,1,6,94555,6,1,0,0,3,3,66,135,0,0,0,0,0,0,0,0,0,0,0,0,0,0,2,2,45,1,1,2,1,0,0,1,62,1,1,1,65,"777777777777","777777777777","777777777777",0,0
6,62441,3,3,1,22,6,18,30,12,6,1,0,35,1,18,25,18025,4,2015,"1G4PP5SK3F41","1","G","4","P","P","5","S","K","3","F","4","1",0,0,0,"000000000","00000000000",0,0,0,1,0,0,0,0,0,0,0,40,0,0,0,1,2,5,54,0,0,0,1,35,87002,6,1,0,0,3,3,66,280,0,0,0,0,0,0,0,0,0,0,0,0,0,0,2,2,45,1,1,2,1,0,0,1,98,99,1,1,98,"777777777777","777777777777","777777777777",0,0
6,62442,1,1,1,28,6,1,5,8,0,1,0,6,1,37,39,37039,5,2010,"JHMGE8H47AC0","J","H","M","G","E","8","H","4","7","A","C","0",0,0,0,"000000000","00000000000",0,0,0,1,0,0,0,0,0,0,0,998,0,0,0,12,2,3,8,0,0,0,1,6,93304,6,1,0,0,3,0,71,290,0,0,0,0,0,0,0,0,0,0,0,0,0,0,2,3,45,8,1,2,1,0,0,1,80,99,1,1,13,"777777777777","777777777777","777777777777",0,0
6,62443,1,1,1,17,8,0,10,8,0,1,1,99,9,99,999,99999,99,9999,"999999999999","9","9","9","9","9","9","9","9","9","9","9","9",0,0,99,"999999999","99999999999",9,99,99,1,0,0,0,0,99,99,9,999,0,0,0,12,9,5,8,0,0,0,1,99,99999,9,9,99,9,9,9,999,999,99,99,99,99,99,99,9999,99,9999,9,0,0,0,0,5,6,40,1,8,1,1,0,0,1,80,99,1,1,13,"777777777777","777777777777","777777777777",0,0
6,62444,1,1,1,25,8,8,45,8,0,1,0,6,2,12,461,12461,21,2002,"1FTNE24L92HB","1","F","T","N","E","2","4","L","9","2","H","B",0,0,0,"000000000","00000000000",0,0,0,1,0,0,0,0,0,0,0,998,0,0,0,12,0,5,8,0,0,0,1,6,93706,6,1,0,0,3,0,69,200,0,0,0,1,0,3,2016,3,2016,0,38,0,0,0,1,6,40,1,1,2,1,20,3,11,80,99,1,1,13,"777777777777","777777777777","777777777777",0,0
6,62445,1,1,1,20,7,15,32,38,0,1,0,6,3,82,881,82881,63,2012,"1FVKC3BS4CHB","1","F","V","K","C","3","B","S","4","C","H","B",0,0,6,"342802","06342802",3,2,2,1,0,0,0,0,0,0,0,53,0,1,5,98,6,2,1,0,0,0,1,6,93561,1,1,1,0,2,0,74,200,0,0,0,0,0,0,0,0,0,0,0,0,0,0,1,2,55,1,8,2,1,0,0,1,13,99,2,4,1,"777777777777","777777777777","777777777777",1,0
6,62446,1,2,1,18,12,2,18,12,2,1,0,32,1,32,43,32043,4,2008,"WAUEF78EX8A1","W","A","U","E","F","7","8","E","X","8","A","1",0,0,0,"000000000","00000000000",0,0,0,1,0,0,0,0,0,0,0,999,0,0,0,12,6,2,12,0,0,0,1,32,89433,9,9,99,9,9,9,65,175,99,99,99,99,99,99,9999,99,9999,0,28,0,0,0,1,2,65,1,6,2,1,0,0,1,10,99,1,2,50,"777777777777","777777777777","777777777777",1,1
6,62446,2,2,4,18,12,2,18,12,2,1,0,6,1,20,431,20431,16,2002,"3GNFK16T12G1","3","G","N","F","K","1","6","T","1","2","G","1",0,0,0,"000000000","00000000000",0,0,0,1,0,0,0,0,0,0,0,999,0,0,0,12,6,2,12,0,0,0,1,6,95685,6,1,0,0,3,0,72,132,0,0,0,1,0,10,2015,10,2015,0,0,0,0,0,1,2,65,1,6,2,1,0,0,1,62,1,1,3,51,"777777777777","777777777777","777777777777",3,0
6,62447,1,1,2,15,11,0,45,1,0,1,0,6,2,6,52,6052,6,2008,"3A8FY48B08T1","3","A","8","F","Y","4","8","B","0","8","T","1",0,0,0,"000000000","00000000000",0,0,0,1,0,0,0,0,0,0,0,998,0,2,5,0,6,2,1,0,0,0,1,6,93534,6,1,0,0,3,0,69,160,0,0,0,1,0,6,2015,6,2015,0,0,0,0,0,2,4,65,1,1,1,1,0,0,1,12,99,1,4,6,"777777777777","777777777777","777777777777",1,0
6,62448,1,1,1,10,11,4,45,8,0,1,0,6,1,7,482,7482,31,2006,"3D7KS29C36G2","3","D","7","K","S","2","9","C","3","6","G","2",0,0,0,"000000000","00000000000",0,0,0,1,0,0,0,0,0,0,0,60,0,0,0,14,0,5,8,0,0,0,1,6,95386,6,1,0,0,3,0,72,195,0,0,0,0,0,0,0,0,0,0,0,0,0,0,1,2,55,1,8,2,1,0,0,1,80,7,1,1,13,"777777777777","777777777777","777777777777",0,0
6,62449,1,1,1,8,12,20,32,8,0,1,1,6,1,7,20,7020,4,2001,"1B3ES46C71D1","1","B","3","E","S","4","6","C","7","1","D","1",0,0,0,"000000000","00000000000",0,0,0,1,0,0,0,0,0,0,0,998,0,0,0,12,2,5,8,0,0,0,1,6,95307,6,1,0,0,3,0,71,200,0,1,0,0,0,7,2014,7,2014,0,0,0,0,0,1,2,30,1,8,2,1,0,0,1,80,99,9,1,13,"777777777777","777777777777","777777777777",0,0
6,62450,1,2,1,13,11,1,22,12,1,1,0,6,2,30,40,30040,4,2014,"3VWD17AJ2EM3","3","V","W","D","1","7","A","J","2","E","M","3",0,0,0,"000000000","00000000000",0,0,0,1,0,0,0,0,0,0,0,998,1,0,0,12,6,2,12,0,0,1,1,6,91007,1,1,0,0,2,0,71,190,0,1,0,1,0,8,2015,10,2016,4,0,0,0,0,3,4,65,1,1,2,1,0,0,15,51,99,1,2,24,"777777777777","777777777777","777777777777",1,1
6,62450,2,2,20,13,11,1,22,12,1,1,0,6,3,82,981,82981,58,2012,"4UZACPDT5CCB","4","U","Z","A","C","P","D","T","5","C","C","B",0,0,57,"291979","57291979",2,21,22,1,0,0,0,0,5,3,0,50,0,0,0,6,6,2,12,0,0,1,1,6,91941,6,1,6,1,3,0,69,200,0,0,0,0,0,0,0,0,0,0,0,0,0,0,3,4,65,1,1,2,1,0,0,1,53,99,1,1,25,"777777777777","777777777777","777777777777",0,0
6,62451,1,2,99,2,11,22,54,8,0,1,1,99,9,99,999,99999,99,9999,"999999999999","9","9","9","9","9","9","9","9","9","9","9","9",0,0,0,"000000000","00000000000",0,0,0,1,0,0,0,0,99,99,9,999,0,0,0,12,9,5,8,99,99,0,1,99,99999,9,9,99,9,9,9,999,999,99,99,99,99,99,99,9999,99,9999,0,99,99,99,99,3,6,65,1,1,1,1,0,0,99,80,99,9,1,13,"777777777777","777777777777","777777777777",0,0
6,62451,2,2,99,2,11,22,54,8,0,1,1,99,9,99,999,99999,99,9999,"999999999999","9","9","9","9","9","9","9","9","9","9","9","9",0,0,0,"000000000","00000000000",0,0,0,1,0,0,0,0,99,99,9,999,9,0,0,98,9,5,8,99,99,0,1,99,99999,9,9,99,9,9,9,999,999,99,99,99,99,99,99,9999,99,9999,0,99,99,99,99,3,6,65,1,1,1,1,0,0,99,80,99,9,1,98,"777777777777","777777777777","777777777777",0,0
6,62452,1,2,1,11,9,2,0,12,7,1,1,99,9,99,999,99999,99,9999,"999999999999","9","9","9","9","9","9","9","9","9","9","9","9",0,0,0,"000000000","00000000000",0,0,0,1,0,0,0,0,0,0,0,65,0,0,0,5,9,5,12,0,0,0,1,99,99999,9,9,99,9,9,9,999,999,99,99,99,99,99,99,9999,99,9999,0,27,0,0,0,3,5,65,1,1,2,1,0,0,15,11,99,1,2,44,"777777777777","777777777777","777777777777",0,0
6,62452,2,2,1,11,9,2,0,12,7,1,0,92,0,72,706,72706,80,2006,"1HD1FRW156Y6","1","H","D","1","F","R","W","1","5","6","Y","6",0,0,0,"000000000","00000000000",0,0,0,1,0,0,0,0,0,0,0,60,0,0,0,11,6,2,25,0,0,0,1,6,94572,6,1,6,0,3,3,71,170,1,0,0,0,0,11,2014,11,2014,0,0,0,0,0,3,5,65,1,1,2,1,0,0,1,60,99,1,1,45,"777777777777","777777777777","777777777777",1,1
6,62453,1,1,1,30,9,13,37,9,0,1,0,6,1,12,37,12037,4,2013,"1FADP3F27DL3","1","F","A","D","P","3","F","2","7","D","L","3",0,0,0,"000000000","00000000000",0,0,0,1,0,0,0,0,0,0,0,32,0,0,0,12,2,3,9,0,0,0,1,6,95407,6,1,0,0,3,0,66,195,0,0,0,0,0,0,0,0,0,0,29,35,0,0,1,2,55,3,8,1,1,0,0,14,11,99,1,4,13,"777777777777","777777777777","777777777777",0,0
6,62454,1,1,99,5,10,0,0,9,0,1,1,99,9,99,999,99999,99,9999,"999999999999","9","9","9","9","9","9","9","9","9","9","9","9",0,0,0,"000000000","00000000000",0,0,0,1,0,0,0,0,0,0,0,999,0,0,0,12,9,5,9,0,0,0,1,99,99999,9,9,99,9,9,9,999,999,99,99,99,99,99,99,9999,99,9999,0,99,99,99,99,6,2,65,2,8,2,1,0,0,14,83,99,1,1,13,"777777777777","777777777777","777777777777",0,0
6,62455,1,4,1,6,10,13,20,12,7,1,0,6,3,7,482,7482,31,2007,"3D6WG46A77G8","3","D","6","W","G","4","6","A","7","7","G","8",1,1,6,"155442","06155442",2,4,3,1,0,0,0,0,0,0,0,20,0,0,0,14,0,5,54,0,0,0,1,6,91384,6,1,6,0,3,0,65,193,1,0,0,0,0,5,2015,5,2015,0,0,0,0,0,3,5,65,1,1,1,1,0,0,1,98,99,9,1,98,"4MJFG3632CE0","777777777777","777777777777",0,0
6,62455,2,4,1,6,10,13,20,12,7,1,0,6,2,37,705,37705,80,2015,"MLHPC4415F52","M","L","H","P","C","4","4","1","5","F","5","2",0,0,0,"000000000","00000000000",0,0,0,1,0,0,0,0,0,0,0,43,0,0,0,81,6,2,1,0,0,0,1,6,91204,3,1,0,0,2,0,66,120,0,1,0,0,1,4,2013,10,2015,4,0,0,0,0,3,5,65,1,1,1,1,0,0,15,11,99,9,2,46,"777777777777","777777777777","777777777777",1,0
6,62455,3,4,1,6,10,13,20,12,7,1,1,99,9,99,999,99999,99,9999,"999999999999","9","9","9","9","9","9","9","9","9","9","9","9",0,0,0,"000000000","00000000000",0,0,0,1,0,0,0,0,0,0,0,20,0,0,0,61,9,5,12,99,99,0,1,99,99999,9,9,99,9,9,9,999,999,99,99,99,99,99,99,9999,99,9999,0,99,99,99,99,3,5,65,1,1,1,1,0,0,1,60,99,9,1,45,"777777777777","777777777777","777777777777",0,0
6,62455,4,4,1,6,10,13,20,12,7,1,1,99,9,99,999,99999,99,9999,"999999999999","9","9","9","9","9","9","9","9","9","9","9","9",0,0,0,"000000000","00000000000",0,0,0,1,0,0,0,0,0,0,0,20,0,0,0,81,9,5,12,99,99,0,1,99,99999,9,9,99,9,9,9,999,999,99,99,99,99,99,99,9999,99,9999,0,99,99,99,99,3,5,65,1,1,1,1,0,0,1,62,99,9,1,98,"777777777777","777777777777","777777777777",0,0
6,62456,1,2,5,21,12,11,25,12,7,1,0,6,1,7,442,7442,20,2010,"2D4RN5D17AR4","2","D","4","R","N","5","D","1","7","A","R","4",0,0,0,"000000000","00000000000",0,0,0,1,0,0,0,0,0,0,0,998,0,0,0,82,6,2,12,0,0,0,1,6,91709,6,1,0,0,3,3,64,200,0,0,0,0,0,0,0,0,0,0,0,0,0,0,2,3,70,1,5,1,1,0,0,1,11,99,1,2,44,"777777777777","777777777777","777777777777",1,0
6,62456,2,2,1,21,12,11,25,12,7,1,0,19,3,84,884,84884,66,2015,"3HSDJSNR9FN6","3","H","S","D","J","S","N","R","9","F","N","6",1,1,57,"0134697","570134697",3,6,1,1,0,0,0,0,0,0,0,998,0,0,0,63,4,5,12,0,0,0,1,32,89107,6,1,6,3,3,3,74,196,0,0,0,0,0,0,0,0,0,0,0,0,0,0,2,3,55,1,5,1,1,0,0,1,60,1,1,1,45,"1JJV532WX8L0","777777777777","777777777777",0,0
6,62457,1,2,1,10,7,19,59,12,6,1,0,6,1,20,431,20431,16,2003,"1GNFK16TX3J2","1","G","N","F","K","1","6","T","X","3","J","2",0,0,0,"000000000","00000000000",0,0,0,1,0,0,0,0,0,0,0,50,0,1,5,12,6,2,12,0,0,0,1,6,93662,6,1,0,0,3,0,70,300,0,0,0,0,2,8,2014,9,2014,0,39,0,0,0,1,2,55,1,1,2,1,20,3,1,17,1,1,1,86,"777777777777","777777777777","777777777777",0,0
6,62457,2,2,2,10,7,19,59,12,6,1,0,6,1,7,41,7041,4,2002,"2B3HD46R02H2","2","B","3","H","D","4","6","R","0","2","H","2",0,0,0,"000000000","00000000000",0,0,0,1,0,0,0,0,0,0,0,58,0,0,0,81,6,2,12,0,0,0,1,6,93618,6,1,0,0,3,0,65,170,0,0,0,0,0,0,0,0,0,0,0,0,0,0,1,2,55,1,1,2,1,0,0,1,66,1,1,1,87,"777777777777","777777777777","777777777777",1,0
6,62458,1,1,1,30,9,20,14,8,0,1,0,6,1,20,421,20421,15,1996,"3GNEK18R4TG1","3","G","N","E","K","1","8","R","4","T","G","1",0,0,0,"000000000","00000000000",0,0,0,1,0,0,0,0,0,0,0,40,0,0,0,12,2,5,8,0,0,0,1,6,90303,6,1,0,0,3,0,69,200,1,0,0,0,0,9,2014,9,2014,0,0,0,0,0,1,5,35,1,1,2,1,0,0,1,80,99,1,1,13,"777777777777","777777777777","777777777777",0,0
6,62459,1,3,1,2,11,10,45,12,1,1,0,6,2,42,42,42042,4,2005,"WDBRF40J85F5","W","D","B","R","F","4","0","J","8","5","F","5",0,0,0,"000000000","00000000000",0,0,0,1,0,0,0,0,0,0,0,998,0,0,0,12,6,2,12,0,0,0,1,6,91914,6,1,0,0,3,0,62,104,0,0,0,0,0,0,0,0,0,4,0,0,0,0,3,6,65,1,1,1,1,0,0,1,52,16,1,1,28,"777777777777","777777777777","777777777777",0,0
6,62459,2,3,1,2,11,10,45,12,1,1,0,6,2,34,34,34034,4,2017,"WBA8B9C52HK6","W","B","A","8","B","9","C","5","2","H","K","6",0,0,0,"000000000","00000000000",0,0,0,1,0,0,0,0,0,0,0,68,0,0,0,6,6,2,12,0,0,0,1,6,91941,6,1,0,0,3,3,65,128,0,0,0,0,1,6,2016,6,2016,0,0,0,0,0,3,6,65,1,1,1,1,0,0,2,53,99,1,1,29,"777777777777","777777777777","777777777777",0,0
6,62459,3,3,1,2,11,10,45,12,1,1,0,6,1,76,706,76706,80,2008,"JYAVP11Y88A0","J","Y","A","V","P","1","1","Y","8","8","A","0",0,0,0,"000000000","00000000000",0,0,0,1,0,0,0,0,0,0,0,70,0,0,0,0,6,2,1,0,0,0,1,6,92107,6,1,0,0,3,3,70,185,1,0,0,0,0,11,2016,11,2016,4,85,0,0,0,3,6,65,1,1,1,1,0,0,1,61,98,2,1,98,"777777777777","777777777777","777777777777",1,0
6,62460,1,1,1,8,9,0,55,38,0,1,0,6,1,20,401,20401,14,1998,"1GNDT13W1W21","1","G","N","D","T","1","3","W","1","W","2","1",0,0,0,"000000000","00000000000",0,0,0,1,0,0,0,0,0,0,0,999,0,0,0,61,6,2,38,0,0,0,1,6,95005,3,1,0,0,2,3,75,175,0,0,0,0,0,0,0,0,0,0,0,0,0,0,1,2,40,3,2,2,1,0,0,14,8,99,2,4,2,"777777777777","777777777777","777777777777",1,1
6,62461,1,2,1,12,9,6,15,1,0,1,0,6,1,53,705,53705,80,2005,"JS1GN7CA5521","J","S","1","G","N","7","C","A","5","5","2","1",0,0,0,"000000000","00000000000",0,0,0,1,0,0,0,0,0,0,0,50,0,0,0,0,6,2,1,0,0,0,1,6,95062,6,1,0,0,3,3,67,170,0,0,0,0,0,0,0,0,0,4,0,0,0,0,1,2,25,2,6,1,1,0,0,14,6,99,2,1,98,"777777777777","777777777777","777777777777",1,0
6,62461,2,2,1,12,9,6,15,1,0,1,0,6,1,98,890,98890,63,2008,"5SXHANCY98RZ","5","S","X","H","A","N","C","Y","9","8","R","Z",0,0,6,"83785","0683785",3,1,7,1,0,0,0,0,0,0,0,23,0,0,0,11,2,5,54,0,0,0,1,6,95322,6,1,6,3,3,3,73,240,0,0,0,0,0,0,0,0,0,0,0,0,0,0,1,2,25,3,5,1,1,0,0,14,62,16,2,1,98,"777777777777","777777777777","777777777777",0,0
6,62462,1,1,1,10,12,20,54,8,0,1,0,6,2,35,472,35472,30,2006,"1N6AD07U56C4","1","N","6","A","D","0","7","U","5","6","C","4",0,0,0,"000000000","00000000000",0,0,0,1,0,0,0,0,0,0,0,40,0,0,0,12,2,5,8,0,0,0,1,6,92570,6,1,0,0,3,0,64,180,0,0,0,0,0,0,0,0,0,0,0,0,0,0,1,2,40,1,1,2,1,0,0,1,80,1,1,1,13,"777777777777","777777777777","777777777777",0,0
6,62463,1,1,1,30,7,0,30,8,0,1,1,6,1,49,46,49046,5,2010,"JTDKN3DU4A01","J","T","D","K","N","3","D","U","4","A","0","1",0,0,0,"000000000","00000000000",0,0,0,1,0,0,0,0,0,0,0,998,0,0,0,12,4,3,8,0,0,0,1,6,92025,6,1,0,0,3,0,69,180,0,0,0,0,1,3,2016,3,2016,0,0,0,0,0,1,7,35,8,8,8,1,2,3,1,80,99,1,1,13,"777777777777","777777777777","777777777777",0,0
6,62464,1,1,2,25,8,22,0,8,0,1,0,6,1,54,31,54031,3,1995,"JH4DC4350SS0","J","H","4","D","C","4","3","5","0","S","S","0",0,0,0,"000000000","00000000000",0,0,0,1,0,0,0,0,0,0,0,33,0,0,0,12,4,3,8,0,0,0,1,6,91733,1,1,0,0,2,0,67,203,0,1,0,0,0,5,2013,5,2013,0,0,0,0,0,5,5,35,1,1,2,1,0,0,1,80,99,1,1,13,"777777777777","777777777777","777777777777",0,0
6,62465,1,3,2,30,6,16,42,12,6,1,0,6,1,6,51,6051,4,2005,"2C3JA53G25H1","2","C","3","J","A","5","3","G","2","5","H","1",0,0,0,"000000000","00000000000",0,0,0,1,0,0,0,0,0,0,0,998,0,0,0,12,6,2,12,0,0,0,1,6,92025,6,1,0,0,3,0,66,165,0,0,0,0,0,0,0,0,0,4,0,0,0,0,1,4,35,8,8,1,1,0,0,1,72,99,1,2,83,"777777777777","777777777777","777777777777",0,0
6,62465,2,3,2,30,6,16,42,12,6,1,0,6,1,49,51,49051,4,2007,"JTDBT9234710","J","T","D","B","T","9","2","3","4","7","1","0",0,0,0,"000000000","00000000000",0,0,0,1,0,0,0,0,0,0,0,998,0,0,0,61,6,2,12,0,0,0,1,6,92025,6,1,0,0,3,0,55,112,0,0,0,0,0,0,0,0,0,0,38,0,0,0,1,4,35,8,8,1,1,0,0,11,15,99,1,2,82,"777777777777","777777777777","777777777777",2,0
6,62465,3,3,1,30,6,16,42,12,6,1,0,6,1,49,40,49040,4,2015,"4T1BF1FK4FU8","4","T","1","B","F","1","F","K","4","F","U","8",0,0,0,"000000000","00000000000",0,0,0,1,0,0,0,0,0,0,0,998,0,0,0,61,2,5,12,0,0,0,1,6,92025,6,1,0,0,3,0,68,170,0,0,0,0,0,0,0,0,0,0,0,0,0,0,1,4,35,8,8,1,1,0,0,1,98,99,1,1,98,"777777777777","777777777777","777777777777",0,0
6,62466,1,2,1,1,7,23,51,12,6,1,0,6,1,53,705,53705,80,2001,"JS1GN7BA3121","J","S","1","G","N","7","B","A","3","1","2","1",0,0,0,"000000000","00000000000",0,0,0,1,0,0,0,0,0,0,0,999,0,0,0,12,6,2,12,0,0,0,1,6,95210,1,1,0,0,2,0,65,140,2,4,1,0,0,5,2012,3,2016,2,28,0,0,0,5,3,55,1,1,2,1,0,0,1,72,1,1,2,83,"777777777777","777777777777","777777777777",1,0
6,62466,2,2,2,1,7,23,51,12,6,1,1,6,1,37,32,37032,4,2016,"1HGCR2F52GA0","1","H","G","C","R","2","F","5","2","G","A","0",0,0,0,"000000000","00000000000",0,0,0,1,0,0,0,0,0,0,0,999,0,0,0,63,6,2,12,0,0,0,1,6,95206,6,1,0,0,3,3,65,145,0,0,0,0,0,0,0,0,0,0,0,0,0,0,5,3,55,1,1,2,1,0,0,11,54,99,1,1,82,"777777777777","777777777777","777777777777",0,0
6,62467,1,2,1,24,8,6,45,12,6,1,1,99,9,99,999,99999,99,9999,"999999999999","9","9","9","9","9","9","9","9","9","9","9","9",0,0,0,"000000000","00000000000",0,0,0,1,0,0,0,0,0,0,0,999,0,0,0,1,9,5,12,0,0,0,1,99,99999,9,9,99,9,9,9,999,999,99,99,99,99,99,99,9999,99,9999,9,99,99,99,99,1,5,40,1,1,2,1,3,3,11,54,99,9,9,68,"777777777777","777777777777","777777777777",0,0
6,62467,2,2,1,24,8,6,45,12,6,1,0,6,1,73,705,73705,80,2013,"JKBZXJE19DA0","J","K","B","Z","X","J","E","1","9","D","A","0",0,0,0,"000000000","00000000000",0,0,0,1,0,0,0,0,0,0,0,998,0,0,0,12,6,2,12,0,0,0,1,6,91362,6,1,0,0,3,0,72,150,0,0,0,0,0,0,0,0,0,0,0,0,0,0,1,5,40,1,1,2,1,3,3,1,62,99,1,2,69,"777777777777","777777777777","777777777777",1,0
6,62468,1,1,1,26,8,19,52,8,0,1,0,6,3,35,472,35472,30,2016,"1N6AD0ER4GN7","1","N","6","A","D","0","E","R","4","G","N","7",0,0,0,"000000000","00000000000",1,0,0,1,0,0,0,0,0,0,0,48,0,0,0,12,4,3,8,0,0,0,1,6,91381,6,1,0,0,3,3,64,163,1,0,0,0,0,12,2014,12,2014,0,0,0,0,0,2,6,50,1,1,2,1,0,0,1,80,1,1,1,13,"777777777777","777777777777","777777777777",0,0
6,62469,1,1,5,30,6,21,23,9,0,1,0,6,2,34,34,34034,4,2005,"WBAAZ33445KP","W","B","A","A","Z","3","3","4","4","5","K","P",0,0,0,"000000000","00000000000",0,0,0,1,0,0,0,0,0,0,0,998,0,0,0,12,4,3,9,0,0,0,1,6,91706,6,1,0,0,3,0,72,155,0,0,0,0,0,0,0,0,0,0,0,0,0,0,2,4,35,1,1,2,1,20,3,1,83,16,1,4,13,"777777777777","777777777777","777777777777",0,0
6,62470,1,2,1,30,6,18,45,12,6,1,0,6,1,35,47,35047,4,2014,"1N4AL3AP8EN2","1","N","4","A","L","3","A","P","8","E","N","2",0,0,0,"000000000","00000000000",0,0,0,1,0,0,0,0,0,0,0,998,0,0,0,81,6,2,12,0,0,0,1,6,91406,6,1,0,0,3,3,62,120,0,0,0,0,0,0,0,0,0,0,38,0,0,0,1,7,35,8,8,8,1,3,3,11,17,99,1,1,68,"777777777777","777777777777","777777777777",0,0
6,62470,2,2,1,30,6,18,45,12,6,1,0,6,1,76,706,76706,80,2014,"JYARN33Y4EA0","J","Y","A","R","N","3","3","Y","4","E","A","0",0,0,0,"000000000","00000000000",0,0,0,1,0,0,0,0,0,0,0,998,0,0,0,98,6,2,12,0,0,0,1,6,90290,6,1,0,0,3,0,63,130,1,0,0,0,0,11,2015,11,2015,0,0,0,0,0,1,7,35,8,8,8,1,3,3,1,66,99,1,1,69,"777777777777","777777777777","777777777777",1,0
6,62471,1,2,1,1,7,13,4,12,2,1,0,6,1,35,471,35471,30,1986,"JN6ND16S9GW0","J","N","6","N","D","1","6","S","9","G","W","0",0,0,0,"000000000","00000000000",0,0,0,1,0,0,0,0,0,0,0,998,0,0,0,12,6,2,12,0,0,0,1,6,92240,3,1,0,0,2,3,69,165,0,0,0,0,0,0,0,0,0,3,0,0,0,0,1,2,55,1,1,2,1,0,0,1,62,99,1,2,51,"777777777777","777777777777","777777777777",1,1