"STATE","ST_CASE","VEH_NO","VE_FORMS","NUMOCCS","DAY","MONTH","HOUR","MINUTE","HARM_EV","MAN_COLL","UNITTYPE","HIT_RUN","REG_STAT","OWNER","MAKE","MODEL","MAK_MOD","BODY_TYP","MOD_YEAR","VIN","VIN_1","VIN_2","VIN_3","VIN_4","VIN_5","VIN_6","VIN_7","VIN_8","VIN_9","VIN_10","VIN_11","VIN_12","TOW_VEH","J_KNIFE","MCARR_I1","MCARR_I2","MCARR_ID","GVWR","V_CONFIG","CARGO_BT","HAZ_INV","HAZ_PLAC","HAZ_ID","HAZ_CNO","HAZ_REL","BUS_USE","SPEC_USE","EMER_USE","TRAV_SP","UNDERIDE","ROLLOVER","ROLINLOC","IMPACT1","DEFORMED","TOWED","M_HARM","VEH_SC1","VEH_SC2","FIRE_EXP","DR_PRES","L_STATE","DR_ZIP","L_STATUS","L_TYPE","CDL_STAT","L_ENDORS","L_COMPL","L_RESTRI","DR_HGT","DR_WGT","PREV_ACC","PREV_SUS","PREV_DWI","PREV_SPD","PREV_OTH","FIRST_MO","FIRST_YR","LAST_MO","LAST_YR","SPEEDREL","DR_SF1","DR_SF2","DR_SF3","DR_SF4","VTRAFWAY","VNUM_LAN","VSPD_LIM","VALIGN","VPROFILE","VPAVETYP","VSURCOND","VTRAFCON","VTCONT_F","P_CRASH1","P_CRASH2","P_CRASH3","PCRASH4","PCRASH5","ACC_TYPE","TRLR1VIN","TRLR2VIN","TRLR3VIN","DEATHS","DR_DRINK"
6,62901,1,1,1,8,9,22,19,9,0,1,0,6,1,20,481,20481,31,2004,"2GCEC19T6411","2","G","C","E","C","1","9","T","6","4","1","1",0,0,0,"000000000","00000000000",0,0,0,1,0,0,0,0,0,0,0,998,0,0,0,98,0,5,9,0,0,0,1,6,90222,0,0,0,0,0,0,68,190,0,0,0,0,0,0,0,0,0,0,99,99,99,99,1,4,35,8,8,2,1,3,3,1,83,99,1,1,13,"777777777777","777777777777","777777777777",0,0
6,62902,1,2,3,10,12,1,54,12,6,1,0,6,2,42,401,42401,14,1999,"4JGAB54E0XA1","4","J","G","A","B","5","4","E","0","X","A","1",0,0,0,"000000000","00000000000",0,0,0,1,0,0,0,0,0,0,0,998,0,1,5,81,6,2,12,0,0,0,1,6,90807,6,1,0,0,3,3,68,155,0,0,0,0,0,0,0,0,0,0,39,0,0,0,1,5,35,1,8,2,1,2,3,1,17,99,1,1,87,"777777777777","777777777777","777777777777",1,0
6,62902,2,2,1,10,12,1,54,12,6,1,0,6,1,20,481,20481,31,2016,"3GCPCREC7GG1","3","G","C","P","C","R","E","C","7","G","G","1",0,0,0,"000000000","00000000000",0,0,0,1,0,0,0,0,0,0,0,998,0,0,0,12,6,2,12,0,0,0,1,6,90650,6,1,0,0,3,0,67,120,0,0,0,0,0,0,0,0,0,0,0,0,0,0,2,4,35,1,8,2,1,2,3,1,66,99,1,1,86,"777777777777","777777777777","777777777777",0,0
6,62903,1,1,1,5,11,22,40,8,0,1,0,32,3,23,441,23441,20,1993,"1GKEL19W3PB5","1","G","K","E","L","1","9","W","3","P","B","5",0,0,0,"000000000","00000000000",0,0,0,1,0,0,0,0,0,0,0,998,0,0,0,12,4,3,8,0,0,0,1,6,96150,6,1,0,0,3,3,66,142,0,0,0,0,0,0,0,0,0,0,0,0,0,0,5,5,35,1,1,2,1,0,0,1,80,99,1,1,13,"777777777777","777777777777","777777777777",0,0
6,62904,1,1,1,31,10,2,20,8,0,1,0,6,1,49,442,49442,20,2000,"4T3ZF13C7YU2","4","T","3","Z","F","1","3","C","7","Y","U","2",0,0,0,"000000000","00000000000",0,0,0,1,0,0,0,0,0,0,0,43,0,0,0,12,4,3,8,0,0,0,1,6,94565,6,1,0,0,3,0,64,130,0,0,0,0,0,0,0,0,0,0,0,0,0,0,2,3,45,8,5,2,1,0,0,1,80,99,1,1,13,"777777777777","777777777777","777777777777",0,0
6,62905,1,1,4,31,3,7,45,33,0,1,0,6,2,7,442,7442,20,1994,"1B4GH54L6RX3","1","B","4","G","H","5","4","L","6","R","X","3",0,0,0,"000000000","00000000000",0,0,0,1,0,0,0,0,0,0,0,999,0,0,0,14,6,2,30,0,0,0,1,6,91786,1,1,0,0,2,0,67,175,0,2,0,0,0,5,2014,5,2014,9,0,0,0,0,1,5,40,1,1,2,1,0,0,1,13,99,1,4,1,"777777777777","777777777777","777777777777",1,0
6,62906,1,1,1,14,2,21,46,8,0,1,0,6,2,35,47,35047,4,2013,"1N4AL3AP9DN4","1","N","4","A","L","3","A","P","9","D","N","4",0,0,0,"000000000","00000000000",0,0,0,1,0,0,0,0,0,0,0,33,0,0,0,12,2,3,8,0,0,0,1,6,93536,6,1,0,0,3,0,72,167,0,0,0,0,0,0,0,0,0,0,0,0,0,0,5,5,45,1,8,2,1,0,0,1,80,99,1,1,13,"777777777777","777777777777","777777777777",0,0
6,62907,1,2,3,19,12,8,46,12,6,1,0,6,1,49,32,49032,4,1989,"1NXAE92EXKZ0","1","N","X","A","E","9","2","E","X","K","Z","0",0,0,0,"000000000","00000000000",0,0,0,1,0,0,0,0,0,0,0,998,0,0,0,12,4,3,12,0,0,0,1,6,90650,6,7,0,0,2,2,67,125,0,0,0,0,0,0,0,0,0,0,73,0,0,0,1,4,40,1,1,2,1,0,0,11,54,99,1,1,68,"777777777777","777777777777","777777777777",0,0
6,62907,2,2,1,19,12,8,46,12,6,1,0,6,0,76,706,76706,80,2013,"JYARN27Y6DA0","J","Y","A","R","N","2","7","Y","6","D","A","0",0,0,0,"000000000","00000000000",0,0,0,1,0,0,0,0,0,0,0,998,0,0,0,61,6,2,12,0,0,0,1,6,90713,6,1,0,0,3,0,76,175,0,0,0,0,2,12,2014,5,2016,0,0,0,0,0,1,4,40,1,1,2,1,0,0,1,54,99,1,7,69,"777777777777","777777777777","777777777777",1,0
6,62908,1,2,2,29,12,8,35,12,6,1,0,6,2,52,48,52048,5,2015,"ML32A4HJ2FH0","M","L","3","2","A","4","H","J","2","F","H","0",0,0,0,"000000000","00000000000",0,0,0,1,0,0,0,0,0,0,0,998,0,0,0,61,6,2,12,0,0,0,1,6,93534,0,0,0,0,0,0,79,336,0,0,0,0,0,0,0,0,0,0,38,0,0,0,2,2,30,2,8,2,1,20,3,11,15,99,1,1,82,"777777777777","777777777777","777777777777",1,0
6,62908,2,2,1,29,12,8,35,12,6,1,0,6,2,20,481,20481,31,2012,"1GC1KXCG9CF1","1","G","C","1","K","X","C","G","9","C","F","1",0,0,0,"000000000","00000000000",0,0,0,1,0,0,0,0,0,0,0,998,0,0,0,12,4,3,12,0,0,0,1,6,91387,6,1,0,0,3,3,74,225,0,0,0,0,0,0,0,0,0,0,0,0,0,0,5,6,45,3,8,2,1,0,0,14,67,99,1,1,83,"777777777777","777777777777","777777777777",0,0
6,62909,1,1,1,19,4,4,10,42,0,1,0,6,1,20,2,20002,4,2003,"2G1WF52E5394","2","G","1","W","F","5","2","E","5","3","9","4",0,0,0,"000000000","00000000000",0,0,0,1,0,0,0,0,0,0,0,998,0,0,0,12,6,2,42,0,0,0,1,6,90011,6,1,0,0,3,0,70,346,0,0,0,0,2,2,2016,4,2016,4,0,0,0,0,2,2,35,8,8,8,1,0,0,1,13,99,1,4,1,"777777777777","777777777777","777777777777",1,1
6,62910,1,1,1,13,5,13,51,8,0,1,0,6,1,59,31,59031,4,2011,"JTHBK1EGXB24","J","T","H","B","K","1","E","G","X","B","2","4",0,0,0,"000000000","00000000000",0,0,0,1,0,0,0,0,0,0,0,998,0,0,0,98,2,3,8,0,0,0,1,6,91206,6,1,0,0,3,0,62,120,1,0,0,0,0,7,2014,7,2014,0,38,0,0,0,1,3,25,8,8,8,1,2,3,11,80,99,1,1,13,"777777777777","777777777777","777777777777",0,0
6,62911,1,1,5,25,10,0,58,14,0,1,0,6,1,20,2,20002,4,2007,"2G1WD58C3791","2","G","1","W","D","5","8","C","3","7","9","1",0,0,0,"000000000","00000000000",0,0,0,1,0,0,0,0,0,0,0,76,0,0,0,12,6,2,14,0,0,0,1,6,94605,6,1,0,0,3,0,71,185,1,0,0,0,0,9,2016,9,2016,4,91,0,0,0,1,2,25,1,1,2,1,0,0,1,11,1,1,4,11,"777777777777","777777777777","777777777777",1,1
6,62912,1,1,1,3,12,14,14,33,0,1,0,6,1,37,32,37032,4,1996,"1HGCE667XTA0","1","H","G","C","E","6","6","7","X","T","A","0",0,0,0,"000000000","00000000000",0,0,0,1,0,0,0,0,0,0,0,998,0,0,0,12,6,2,30,0,0,0,1,6,90740,6,1,0,0,3,0,67,167,1,0,0,0,0,12,2016,12,2016,0,0,0,0,0,5,5,45,8,8,8,1,0,0,1,12,99,1,4,6,"777777777777","777777777777","777777777777",1,0
6,62913,1,2,1,23,11,5,50,12,6,1,0,6,1,37,31,37031,2,2000,"1HGEJ8241YL0","1","H","G","E","J","8","2","4","1","Y","L","0",0,0,0,"000000000","00000000000",0,0,0,1,0,0,0,0,0,0,0,998,0,0,0,61,6,2,12,0,0,0,1,6,95023,0,0,0,0,0,0,68,170,0,0,0,0,0,0,0,0,0,0,38,0,0,0,1,2,35,1,8,8,2,20,3,99,17,99,1,3,89,"777777777777","777777777777","777777777777",1,0
6,62913,2,2,1,23,11,5,50,12,6,1,0,6,1,41,471,41471,30,1998,"4F4YR16C7WTM","4","F","4","Y","R","1","6","C","7","W","T","M",0,0,0,"000000000","00000000000",0,0,0,1,0,0,0,0,0,0,0,998,0,0,0,12,6,2,12,0,0,0,1,6,95023,6,1,0,0,3,3,69,215,0,0,0,0,0,0,0,0,0,0,0,0,0,0,1,2,30,1,8,8,2,0,0,1,66,1,1,3,88,"777777777777","777777777777","777777777777",0,0
6,62914,1,2,2,23,10,12,11,12,6,1,0,6,1,59,35,59035,4,2002,"JTHBD1926200","J","T","H","B","D","1","9","2","6","2","0","0",0,0,0,"000000000","00000000000",0,0,0,1,0,0,0,0,0,0,0,998,0,0,0,61,6,2,12,0,0,0,1,6,92570,6,1,0,0,3,0,68,215,0,0,0,1,0,11,2015,11,2015,4,28,0,0,0,5,6,55,8,8,8,2,0,0,15,6,99,2,2,64,"777777777777","777777777777","777777777777",1,0
6,62914,2,2,1,23,10,12,11,12,6,1,0,6,1,49,40,49040,4,2015,"4T1BF1FK2FU9","4","T","1","B","F","1","F","K","2","F","U","9",0,0,0,"000000000","00000000000",0,0,0,1,0,0,0,0,0,0,0,998,0,0,0,12,6,2,12,0,0,0,1,6,92586,6,1,0,0,3,3,66,148,1,0,0,0,0,10,2016,10,2016,0,0,0,0,0,5,6,55,8,8,8,2,0,0,1,62,99,1,1,65,"777777777777","777777777777","777777777777",0,0
6,62915,1,2,1,14,9,19,49,12,2,1,0,6,1,20,422,20422,15,2008,"1GNFC16J48J2","1","G","N","F","C","1","6","J","4","8","J","2",0,0,0,"000000000","00000000000",0,0,0,1,0,0,0,0,0,0,0,998,0,0,0,12,4,3,12,0,0,0,1,6,90505,6,1,0,0,3,0,68,165,1,0,0,0,1,8,2014,5,2015,0,38,0,0,0,1,5,45,1,1,1,1,3,3,11,17,99,1,1,68,"777777777777","777777777777","777777777777",0,0
6,62915,2,2,1,14,9,19,49,12,2,1,0,6,2,37,705,37705,80,1992,"JH2PC2506NM1","J","H","2","P","C","2","5","0","6","N","M","1",0,0,0,"000000000","00000000000",0,0,0,1,0,0,0,0,0,0,0,998,0,0,0,12,6,2,12,0,0,0,1,6,92833,1,1,0,0,2,0,71,151,0,4,2,0,0,7,2012,5,2013,0,0,0,0,0,1,5,45,1,1,1,1,3,3,1,66,7,1,1,69,"777777777777","777777777777","777777777777",1,0
6,62916,1,1,1,10,4,20,22,39,0,1,0,6,1,12,481,12481,31,1996,"1FTHX26G9TEB","1","F","T","H","X","2","6","G","9","T","E","B",0,0,0,"000000000","00000000000",0,0,0,1,0,0,0,0,0,0,0,998,0,1,5,82,6,2,1,0,0,0,1,6,93308,6,1,0,0,3,0,73,220,0,4,0,0,0,8,2014,2,2016,0,0,0,0,0,1,2,55,1,8,2,1,0,0,1,13,99,1,4,1,"777777777777","777777777777","777777777777",1,1
6,62917,1,1,3,28,6,21,36,8,0,1,0,6,1,7,442,7442,20,2000,"1B4GP44R1YB7","1","B","4","G","P","4","4","R","1","Y","B","7",0,0,0,"000000000","00000000000",0,0,0,1,0,0,0,0,0,0,0,999,0,0,0,12,4,3,8,0,0,0,1,6,92708,6,1,0,0,3,0,72,155,0,0,0,0,0,0,0,0,0,0,0,0,0,0,2,9,45,1,1,2,1,2,3,1,80,99,1,1,13,"777777777777","777777777777","777777777777",0,0
6,62918,1,1,1,10,9,21,17,43,0,1,0,6,1,49,401,49401,14,2004,"JTEBT14R8480","J","T","E","B","T","1","4","R","8","4","8","0",0,0,0,"000000000","00000000000",0,0,0,1,0,0,0,0,0,0,0,92,0,1,5,82,6,2,43,0,0,0,1,6,93314,6,1,0,0,3,0,72,240,0,0,0,0,0,0,0,0,0,0,58,0,0,0,3,3,65,4,5,1,1,0,0,14,13,99,1,4,1,"777777777777","777777777777","777777777777",1,1
6,62919,1,1,1,31,8,7,54,9,0,1,0,6,3,87,884,87884,63,2015,"3BPZX20XXFF2","3","B","P","Z","X","2","0","X","X","F","F","2",0,0,6,"216875","06216875",3,2,7,1,0,0,0,0,0,0,0,998,0,0,0,12,0,3,9,39,0,0,1,6,95842,6,1,6,0,3,0,74,240,0,0,0,0,0,0,0,0,0,0,48,0,0,0,2,4,35,1,1,1,1,0,0,10,83,99,1,4,13,"777777777777","777777777777","777777777777",0,0
6,62920,1,1,1,4,11,6,37,8,0,1,0,6,1,20,23,20023,6,2011,"3GNBAAFWXBS5","3","G","N","B","A","A","F","W","X","B","S","5",0,0,0,"000000000","00000000000",0,0,0,1,0,0,0,0,0,0,0,998,0,0,0,12,4,3,8,0,0,0,1,6,92236,6,1,0,0,3,3,67,170,0,0,0,0,0,0,0,0,0,0,0,0,0,0,5,4,35,8,8,2,1,0,0,1,80,99,1,1,13,"777777777777","777777777777","777777777777",0,0
6,62921,1,1,3,8,5,0,23,33,0,1,0,6,1,37,31,37031,4,1997,"2HGEJ6677VH5","2","H","G","E","J","6","6","7","7","V","H","5",0,0,0,"000000000","00000000000",0,0,0,1,0,0,0,0,0,0,0,80,0,0,0,14,6,2,30,0,0,0,1,6,92584,6,1,0,0,3,3,65,135,0,0,0,0,0,0,0,0,0,2,0,0,0,0,2,2,50,3,8,2,1,0,0,14,9,99,2,4,7,"777777777777","777777777777","777777777777",1,0
6,62922,1,3,1,20,8,16,46,12,6,1,0,6,1,20,421,20421,15,1982,"1G8EK18C7CF1","1","G","8","E","K","1","8","C","7","C","F","1",0,0,0,"000000000","00000000000",0,0,0,1,0,0,0,0,0,0,0,998,0,1,1,81,6,2,12,0,0,0,1,6,90638,6,1,0,0,3,3,78,200,0,0,0,0,1,5,2016,5,2016,0,39,0,0,0,1,6,40,1,1,1,1,3,3,1,17,99,1,1,87,"777777777777","777777777777","777777777777",1,0
6,62922,2,3,1,20,8,16,46,12,6,1,0,6,1,12,471,12471,30,1997,"1FTCR14X5VPA","1","F","T","C","R","1","4","X","5","V","P","A",0,0,0,"000000000","00000000000",0,0,0,1,0,0,0,0,0,0,0,998,0,0,0,12,4,3,12,0,0,0,1,6,92832,6,1,0,0,3,0,68,140,0,1,0,0,0,10,2014,10,2014,0,39,0,0,0,1,3,40,8,8,8,1,3,3,1,66,99,1,1,86,"777777777777","777777777777","777777777777",0,0
6,62922,3,3,1,20,8,16,46,12,6,1,0,6,1,49,442,49442,20,2009,"5TDZK23C89S2","5","T","D","Z","K","2","3","C","8","9","S","2",0,0,0,"000000000","00000000000",0,0,0,1,0,0,0,0,0,0,0,998,0,0,0,61,2,5,12,0,0,0,1,6,92807,6,1,0,0,3,3,63,140,0,0,0,0,0,0,0,0,0,0,0,0,0,0,1,6,40,1,1,1,1,3,3,2,62,99,1,1,98,"777777777777","777777777777","777777777777",0,0
6,62923,1,2,1,4,11,15,36,12,6,1,0,6,1,52,40,52040,4,2002,"6MMAP87P32T0","6","M","M","A","P","8","7","P","3","2","T","0",0,0,0,"000000000","00000000000",0,0,0,1,0,0,0,0,0,0,0,998,0,1,1,81,6,2,1,0,0,0,1,6,95205,6,1,0,0,3,3,71,140,0,0,0,0,0,0,0,0,0,4,39,0,0,0,6,2,65,1,6,2,1,3,3,1,17,99,1,1,87,"777777777777","777777777777","777777777777",1,0
6,62923,2,2,3,4,11,15,36,12,6,1,0,6,2,54,36,54036,4,2005,"JH4KB165X5C0","J","H","4","K","B","1","6","5","X","5","C","0",0,0,0,"000000000","00000000000",0,0,0,1,0,0,0,0,0,0,0,998,0,0,0,12,6,2,12,0,0,0,1,6,95206,6,1,0,0,3,3,63,120,0,0,0,0,0,0,0,0,0,0,0,0,0,0,2,2,25,1,1,2,1,3,3,1,66,99,1,1,86,"777777777777","777777777777","777777777777",0,0
6,62924,1,3,1,22,8,19,21,12,1,1,0,6,1,34,37,34037,4,1998,"WBAGJ832XWDM","W","B","A","G","J","8","3","2","X","W","D","M",0,0,0,"000000000","00000000000",0,0,0,1,0,0,0,0,0,0,0,998,0,0,0,12,4,3,12,0,0,0,1,6,92570,6,1,6,0,3,0,71,210,0,0,0,0,0,0,0,0,0,4,0,0,0,0,2,4,55,1,1,2,1,3,3,1,52,99,1,1,28,"777777777777","777777777777","777777777777",0,0
6,62924,2,3,2,22,8,19,21,12,1,1,0,6,1,63,34,63034,4,2016,"KNAGT4L34G50","K","N","A","G","T","4","L","3","4","G","5","0",0,0,0,"000000000","00000000000",0,0,0,1,0,0,0,0,0,0,0,998,0,0,0,6,4,3,12,0,0,0,1,6,92571,6,1,0,0,3,3,72,255,0,0,0,0,0,0,0,0,0,0,0,0,0,0,2,4,55,1,1,2,1,3,3,2,53,99,1,1,29,"777777777777","777777777777","777777777777",1,0
6,62924,3,3,1,22,8,19,21,12,1,1,0,41,4,12,37,12037,4,2015,"1FADP3F23FL3","1","F","A","D","P","3","F","2","3","F","L","3",0,0,0,"000000000","00000000000",0,0,0,1,0,0,0,0,0,0,0,0,0,0,0,6,4,3,12,0,0,0,1,6,92028,6,1,0,0,3,3,72,185,0,0,0,0,0,0,0,0,0,0,0,0,0,0,2,4,55,1,1,2,1,3,3,5,53,99,1,1,98,"777777777777","777777777777","777777777777",0,0
6,62925,1,1,1,23,12,23,32,42,0,1,0,6,2,12,3,12003,2,2002,"1FAFP40482F1","1","F","A","F","P","4","0","4","8","2","F","1",0,0,0,"000000000","00000000000",0,0,0,1,0,0,0,0,0,0,0,998,0,0,0,82,6,2,42,0,0,1,1,6,93611,1,1,0,0,2,0,72,160,0,0,0,0,0,0,0,0,0,0,0,0,0,0,2,4,45,1,1,2,2,0,0,1,6,99,1,4,6,"777777777777","777777777777","777777777777",1,1
6,62926,1,1,1,30,5,3,0,8,0,1,1,6,1,49,401,49401,14,1992,"JT3VN39W9N00","J","T","3","V","N","3","9","W","9","N","0","0",0,0,0,"000000000","00000000000",0,0,0,1,0,0,0,0,0,0,0,998,0,0,0,14,2,5,8,0,0,0,1,6,93003,6,1,0,0,3,0,74,185,0,0,0,0,0,0,0,0,0,0,0,0,0,0,1,2,50,1,8,2,1,0,0,1,80,99,1,1,13,"777777777777","777777777777","777777777777",0,0
6,62927,1,1,1,19,2,6,48,8,0,1,0,6,2,37,31,37031,4,2007,"2HGFA16517H3","2","H","G","F","A","1","6","5","1","7","H","3",0,0,0,"000000000","00000000000",0,0,0,1,0,0,0,0,0,0,0,998,0,0,0,62,4,3,8,0,0,0,1,6,90805,6,1,0,0,3,0,62,105,0,0,0,0,0,0,0,0,0,0,48,0,0,0,2,4,40,8,8,2,1,3,3,11,80,1,1,1,13,"777777777777","777777777777","777777777777",0,0
6,62928,1,1,1,3,7,0,6,8,0,1,0,6,2,49,401,49401,14,1997,"JT3GN86R4V00","J","T","3","G","N","8","6","R","4","V","0","0",0,0,0,"000000000","00000000000",0,0,0,1,0,0,0,0,0,0,0,998,0,0,0,98,4,3,8,0,0,0,1,6,93619,6,1,0,0,3,0,59,135,0,0,0,0,0,0,0,0,0,4,0,0,0,0,2,2,40,1,8,2,1,0,0,1,80,1,1,1,13,"777777777777","777777777777","777777777777",0,1
6,62929,1,1,1,31,12,17,50,8,0,1,1,99,9,20,999,20999,99,9999,"999999999999","9","9","9","9","9","9","9","9","9","9","9","9",0,0,0,"000000000","00000000000",0,0,0,1,0,0,0,0,0,0,0,999,0,0,0,98,9,5,8,0,0,0,1,99,99999,9,9,99,9,9,9,999,999,99,99,99,99,99,99,9999,99,9999,0,39,0,0,0,2,3,35,8,8,2,1,3,3,1,80,99,1,1,13,"777777777777","777777777777","777777777777",0,0
6,62930,1,6,1,5,11,5,56,12,1,1,0,6,1,2,403,2403,14,1994,"1J4FY29S8RP4","1","J","4","F","Y","2","9","S","8","R","P","4",0,0,0,"000000000","00000000000",0,0,0,1,0,0,0,0,0,0,0,998,0,0,0,12,6,2,8,0,0,0,1,4,85253,6,1,0,0,3,0,71,180,0,0,0,0,0,0,0,0,0,4,0,0,0,0,3,7,65,1,1,2,1,0,0,1,50,9,1,3,32,"777777777777","777777777777","777777777777",0,0
6,62930,2,6,0,5,11,5,56,12,1,1,0,6,6,49,33,49033,3,2002,"JTDDY38T6200","J","T","D","D","Y","3","8","T","6","2","0","0",0,0,0,"000000000","00000000000",0,0,0,1,0,0,0,0,0,0,0,0,0,0,0,6,4,3,12,0,0,0,0,0,99997,7,6,97,7,6,7,998,997,998,998,998,998,998,98,9998,98,9998,8,0,0,0,0,3,7,65,1,1,2,1,0,0,0,53,0,0,0,32,"777777777777","777777777777","777777777777",0,0
6,62930,3,6,1,5,11,5,56,12,1,1,0,6,1,49,422,49422,15,2002,"5TDZT34A82S0","5","T","D","Z","T","3","4","A","8","2","S","0",0,0,0,"000000000","00000000000",0,0,0,1,0,0,0,0,0,0,0,998,0,0,0,12,4,3,8,0,0,0,1,6,91324,6,1,0,0,3,3,60,170,0,0,0,0,1,6,2016,6,2016,4,0,0,0,0,3,7,65,1,1,2,1,0,0,3,50,8,1,2,98,"777777777777","777777777777","777777777777",0,0
6,62930,4,6,5,5,11,5,56,12,1,1,0,24,2,49,40,49040,4,2005,"4T1BE32K55U5","4","T","1","B","E","3","2","K","5","5","U","5",0,0,0,"000000000","00000000000",0,0,0,1,0,0,0,0,0,0,0,998,0,0,0,12,6,2,12,0,0,0,1,24,90031,6,1,0,0,3,0,72,225,0,0,0,0,0,0,0,0,0,4,0,0,0,0,3,7,65,1,1,2,1,0,0,2,52,8,1,2,98,"777777777777","777777777777","777777777777",0,0
6,62930,5,6,1,5,11,5,56,12,1,1,0,6,1,37,403,37403,14,2005,"5J6YH18605L0","5","J","6","Y","H","1","8","6","0","5","L","0",0,0,0,"000000000","00000000000",0,0,0,1,0,0,0,0,0,0,0,998,0,0,0,6,6,2,12,0,0,0,1,6,90066,6,1,0,0,3,3,70,165,0,0,0,0,0,0,0,0,0,0,0,0,0,0,3,7,65,1,1,2,1,0,0,2,53,16,1,3,98,"777777777777","777777777777","777777777777",0,0
6,62930,6,6,2,5,11,5,56,12,1,1,0,6,1,45,31,45031,1,2012,"WP0CB2A97CS1","W","P","0","C","B","2","A","9","7","C","S","1",0,0,0,"000000000","00000000000",0,0,0,1,0,0,0,0,0,0,0,998,0,0,0,12,2,5,54,0,0,0,1,6,91011,6,1,0,0,3,0,72,200,1,0,0,0,1,6,2015,1,2016,4,0,0,0,0,3,7,65,1,1,2,1,0,0,1,80,7,1,2,98,"777777777777","777777777777","777777777777",0,0
6,62931,1,1,4,23,10,0,1,42,0,1,0,99,9,12,37,12037,9,2002,"999999999999","9","9","9","9","9","9","9","9","9","9","9","9",0,0,0,"000000000","00000000000",0,0,0,1,0,0,0,0,0,0,0,998,0,0,0,61,6,2,42,0,0,0,1,6,90280,0,0,0,0,0,0,72,145,0,0,0,0,0,0,0,0,0,4,30,0,0,0,2,2,25,2,8,2,1,0,0,14,12,99,1,4,6,"777777777777","777777777777","777777777777",1,0
6,62932,1,1,1,12,9,19,58,8,0,1,1,99,9,99,999,99999,99,9999,"999999999999","9","9","9","9","9","9","9","9","9","9","9","9",0,0,0,"000000000","00000000000",0,0,0,1,0,0,0,0,0,0,0,998,0,0,0,99,9,5,8,99,99,0,1,99,99999,9,9,99,9,9,9,999,999,99,99,99,99,99,99,9999,99,9999,9,99,99,99,99,5,5,35,1,1,1,1,0,0,1,80,99,9,1,13,"777777777777","777777777777","777777777777",0,0
6,62933,1,2,3,30,1,9,53,12,6,1,0,4,1,30,46,30046,4,2007,"WVWLK73C17E0","W","V","W","L","K","7","3","C","1","7","E","0",0,0,0,"000000000","00000000000",0,0,0,1,0,0,0,0,0,0,0,998,0,0,0,62,6,2,12,0,0,0,1,4,85748,6,1,0,0,3,3,68,195,0,1,0,0,1,3,2014,8,2014,0,38,0,0,0,1,2,25,1,1,2,1,20,3,11,15,99,1,1,82,"777777777777","777777777777","777777777777",1,0
6,62933,2,2,1,30,1,9,53,12,6,1,0,6,1,49,32,49032,4,2013,"5YFBU4EE5DP1","5","Y","F","B","U","4","E","E","5","D","P","1",0,0,0,"000000000","00000000000",0,0,0,1,0,0,0,0,0,0,0,998,0,0,0,12,6,2,12,0,0,0,1,6,92262,6,1,0,0,3,3,66,140,0,0,0,0,0,0,0,0,0,0,0,0,0,0,1,4,50,1,1,2,1,0,0,1,67,99,1,1,83,"777777777777","777777777777","777777777777",0,0
6,62934,1,4,1,12,7,15,51,12,1,1,0,6,2,55,35,55035,4,2012,"KMHDH4AE9CU4","K","M","H","D","H","4","A","E","9","C","U","4",0,0,0,"000000000","00000000000",0,0,0,1,0,0,0,0,0,0,0,55,0,0,0,12,6,2,12,0,0,0,1,6,91709,6,1,0,0,3,0,75,285,0,0,0,0,0,0,0,0,0,0,99,99,99,99,1,7,45,8,8,1,1,3,3,1,50,9,2,1,20,"777777777777","777777777777","777777777777",1,0
6,62934,2,4,1,12,7,15,51,12,1,1,0,6,1,23,421,23421,15,2015,"1GKS1CKJ2FR7","1","G","K","S","1","C","K","J","2","F","R","7",0,0,0,"000000000","00000000000",0,0,0,1,0,0,0,0,0,0,0,0,0,0,0,6,4,3,12,0,0,0,1,8,92663,6,1,0,0,3,3,75,180,0,0,0,0,1,6,2015,6,2015,0,89,0,0,0,1,7,45,8,8,1,1,3,3,5,53,99,1,1,21,"777777777777","777777777777","777777777777",0,0
6,62934,3,4,1,12,7,15,51,12,1,1,0,6,1,34,34,34034,4,2006,"WBAVB33596KR","W","B","A","V","B","3","3","5","9","6","K","R",0,0,0,"000000000","00000000000",0,0,0,1,0,0,0,0,0,0,0,0,0,0,0,6,4,3,12,0,0,0,1,6,92336,6,1,0,0,3,3,68,150,0,0,0,1,0,9,2014,9,2014,0,99,99,99,99,1,7,45,8,8,1,1,3,3,5,53,99,1,1,98,"777777777777","777777777777","777777777777",0,0
6,62934,4,4,2,12,7,15,51,12,1,1,0,6,1,2,482,2482,31,1988,"1JTMW66P0JT2","1","J","T","M","W","6","6","P","0","J","T","2",0,0,0,"000000000","00000000000",0,0,0,1,0,0,0,0,0,0,0,0,0,0,0,14,0,5,12,0,0,0,1,6,92882,6,1,0,0,3,0,71,205,0,0,0,0,0,0,0,0,0,0,99,99,99,99,1,7,45,8,8,1,1,3,3,5,60,99,1,1,98,"777777777777","777777777777","777777777777",0,0
6,62935,1,2,2,17,12,11,9,12,6,1,0,6,1,12,17,12017,4,2001,"1FAFP53U21G1","1","F","A","F","P","5","3","U","2","1","G","1",0,0,0,"000000000","00000000000",0,0,0,1,0,0,0,0,0,0,0,999,0,0,0,12,6,2,12,0,0,0,1,6,92201,6,1,0,0,3,0,61,135,0,0,0,0,0,0,0,0,0,0,39,0,0,0,1,5,45,8,8,8,1,3,3,1,17,99,1,1,86,"777777777777","777777777777","777777777777",1,0