"STATE","ST_CASE","VEH_NO","VE_FORMS","NUMOCCS","DAY","MONTH","HOUR","MINUTE","HARM_EV","MAN_COLL","UNITTYPE","HIT_RUN","REG_STAT","OWNER","MAKE","MODEL","MAK_MOD","BODY_TYP","MOD_YEAR","VIN","VIN_1","VIN_2","VIN_3","VIN_4","VIN_5","VIN_6","VIN_7","VIN_8","VIN_9","VIN_10","VIN_11","VIN_12","TOW_VEH","J_KNIFE","MCARR_I1","MCARR_I2","MCARR_ID","GVWR","V_CONFIG","CARGO_BT","HAZ_INV","HAZ_PLAC","HAZ_ID","HAZ_CNO","HAZ_REL","BUS_USE","SPEC_USE","EMER_USE","TRAV_SP","UNDERIDE","ROLLOVER","ROLINLOC","IMPACT1","DEFORMED","TOWED","M_HARM","VEH_SC1","VEH_SC2","FIRE_EXP","DR_PRES","L_STATE","DR_ZIP","L_STATUS","L_TYPE","CDL_STAT","L_ENDORS","L_COMPL","L_RESTRI","DR_HGT","DR_WGT","PREV_ACC","PREV_SUS","PREV_DWI","PREV_SPD","PREV_OTH","FIRST_MO","FIRST_YR","LAST_MO","LAST_YR","SPEEDREL","DR_SF1","DR_SF2","DR_SF3","DR_SF4","VTRAFWAY","VNUM_LAN","VSPD_LIM","VALIGN","VPROFILE","VPAVETYP","VSURCOND","VTRAFCON","VTCONT_F","P_CRASH1","P_CRASH2","P_CRASH3","PCRASH4","PCRASH5","ACC_TYPE","TRLR1VIN","TRLR2VIN","TRLR3VIN","DEATHS","DR_DRINK"
6,63292,2,2,2,30,12,5,45,12,1,1,0,6,2,12,481,12481,31,1997,"1FTDF1722VNC","1","F","T","D","F","1","7","2","2","V","N","C",0,0,0,"000000000","00000000000",0,0,0,1,0,0,0,0,0,0,0,65,0,0,0,12,6,2,12,0,0,0,1,6,92831,9,9,99,9,9,9,64,120,99,99,99,99,99,99,9999,99,9999,0,0,0,0,0,3,7,65,1,1,1,1,0,0,1,60,99,1,1,24,"777777777777","777777777777","777777777777",0,0
6,63293,1,1,1,10,11,8,10,8,0,1,1,6,9,20,421,20421,15,2001,"1GNEK13T61J1","1","G","N","E","K","1","3","T","6","1","J","1",0,0,0,"000000000","00000000000",0,0,0,1,0,0,0,0,0,0,0,998,0,0,0,12,9,5,8,0,0,0,1,99,99999,9,9,99,9,9,9,999,999,99,99,99,99,99,99,9999,99,9999,9,99,99,99,99,1,2,25,1,8,2,1,2,3,11,80,99,1,3,13,"777777777777","777777777777","777777777777",0,0
6,63294,1,1,3,19,12,16,10,30,0,1,0,6,1,49,40,49040,4,2014,"4T4BF1FK8ER3","4","T","4","B","F","1","F","K","8","E","R","3",0,0,0,"000000000","00000000000",0,0,0,1,0,0,0,0,0,0,0,40,0,0,0,12,6,2,30,0,0,0,1,6,95673,6,1,0,0,3,0,66,200,0,0,0,0,0,0,0,0,0,0,0,0,0,0,1,2,45,1,1,2,1,0,0,1,8,1,1,4,6,"777777777777","777777777777","777777777777",1,0
6,63295,1,1,3,18,9,3,10,25,0,1,0,6,2,49,43,49043,4,1999,"4T1BF18B8XU3","4","T","1","B","F","1","8","B","8","X","U","3",0,0,0,"000000000","00000000000",0,0,0,1,0,0,0,0,0,0,0,100,0,1,5,12,6,2,1,0,0,0,1,6,95449,0,0,0,0,0,0,999,999,0,1,2,0,0,5,2013,5,2013,4,37,0,0,0,1,2,25,3,8,2,1,0,0,14,6,99,1,4,1,"777777777777","777777777777","777777777777",1,1
6,63296,1,2,1,24,12,22,3,12,6,1,0,6,2,37,705,37705,80,2005,"JH2PC37175M2","J","H","2","P","C","3","7","1","7","5","M","2",0,0,0,"000000000","00000000000",0,0,0,1,0,0,0,0,0,0,0,998,0,0,0,12,6,2,12,0,0,0,1,6,94928,6,1,0,0,3,0,72,205,0,0,0,0,0,0,0,0,0,5,0,0,0,0,1,2,55,1,1,2,1,0,0,1,67,99,1,3,83,"777777777777","777777777777","777777777777",1,0
6,63296,2,2,2,24,12,22,3,12,6,1,0,32,1,12,481,12481,31,2001,"1FTSX31F51EA","1","F","T","S","X","3","1","F","5","1","E","A",0,0,0,"000000000","00000000000",0,0,0,1,0,0,0,0,0,0,0,998,0,0,0,11,6,2,12,0,0,0,1,32,89406,6,1,0,0,3,0,67,185,0,0,0,0,0,0,0,0,0,0,38,0,0,0,1,2,25,1,8,4,1,0,0,11,15,1,1,1,82,"777777777777","777777777777","777777777777",0,0
6,63297,1,1,1,1,12,17,16,8,0,1,1,99,9,99,499,99499,32,9999,"999999999999","9","9","9","9","9","9","9","9","9","9","9","9",0,0,0,"000000000","00000000000",0,0,0,1,0,0,0,0,0,0,0,999,0,0,0,12,9,5,8,0,0,0,1,99,99999,9,9,99,9,9,9,999,999,99,99,99,99,99,99,9999,99,9999,0,0,0,0,0,2,2,40,1,1,2,1,0,0,1,80,1,1,1,13,"777777777777","777777777777","777777777777",0,0
6,63298,1,1,1,18,6,2,0,8,0,1,1,6,1,12,481,12481,31,1993,"1FTHX26GXPKA","1","F","T","H","X","2","6","G","X","P","K","A",0,0,0,"000000000","00000000000",0,0,0,1,0,0,0,0,0,0,0,999,0,0,0,12,4,5,8,0,0,0,1,6,95842,0,0,0,0,0,0,73,190,0,0,0,0,0,0,0,0,0,0,0,0,0,0,1,2,45,1,8,2,1,0,0,1,11,99,9,4,13,"777777777777","777777777777","777777777777",0,0
6,63299,1,1,1,17,11,16,42,8,0,1,0,6,2,49,32,49032,9,2014,"888888888888","8","8","8","8","8","8","8","8","8","8","8","8",0,0,0,"000000000","00000000000",0,0,0,1,0,0,0,0,0,0,0,998,0,0,0,12,4,3,8,0,0,0,1,6,92504,9,9,99,9,9,9,72,185,99,99,99,99,99,99,9999,99,9999,0,0,0,0,0,5,7,35,1,1,2,1,0,0,1,80,99,1,1,13,"777777777777","777777777777","777777777777",0,0
6,63300,1,4,2,11,11,20,41,12,6,1,0,6,2,37,32,37032,2,1998,"1HGCG3277WA0","1","H","G","C","G","3","2","7","7","W","A","0",0,0,0,"000000000","00000000000",0,0,0,1,0,0,0,0,0,0,0,63,3,0,0,12,6,2,12,0,0,0,1,6,93309,1,1,0,0,2,0,69,200,99,99,99,99,99,99,9999,99,9999,4,37,39,91,38,2,3,45,1,1,2,1,3,3,1,17,16,1,1,88,"777777777777","777777777777","777777777777",1,1
6,63300,2,4,1,11,11,20,41,12,6,1,0,6,1,37,421,37421,15,2005,"2HKYF18705H5","2","H","K","Y","F","1","8","7","0","5","H","5",0,0,0,"000000000","00000000000",0,0,0,1,0,0,0,0,0,0,0,998,0,0,0,62,4,3,12,0,0,0,1,6,93309,6,1,0,0,3,0,72,260,0,0,0,0,0,0,0,0,0,0,0,0,0,0,2,3,45,1,1,2,1,3,3,1,66,9,1,1,89,"777777777777","777777777777","777777777777",0,0
6,63300,3,4,2,11,11,20,41,12,6,1,0,6,2,30,40,30040,4,2013,"3VWLP7AJ1DM2","3","V","W","L","P","7","A","J","1","D","M","2",0,0,0,"000000000","00000000000",0,0,0,1,0,0,0,0,0,0,0,998,0,0,0,12,4,3,12,0,0,0,1,6,93311,6,1,0,0,3,0,60,126,0,0,0,0,0,0,0,0,0,0,0,0,0,0,2,3,45,1,1,2,1,3,3,4,66,99,1,1,98,"777777777777","777777777777","777777777777",0,0
6,63300,4,4,2,11,11,20,41,12,6,1,0,6,1,20,403,20403,14,2003,"1GNDS13S2323","1","G","N","D","S","1","3","S","2","3","2","3",0,0,0,"000000000","00000000000",0,0,0,1,0,0,0,0,0,0,0,0,0,0,0,82,4,3,12,0,0,0,1,6,93309,6,1,0,0,3,0,66,200,0,1,0,0,0,9,2012,9,2012,0,0,0,0,0,2,3,45,1,1,2,1,3,3,5,63,1,1,1,98,"777777777777","777777777777","777777777777",0,0
6,63301,1,1,3,16,1,1,50,33,0,1,0,6,2,59,35,59035,4,2002,"JTHBD1929200","J","T","H","B","D","1","9","2","9","2","0","0",0,0,0,"000000000","00000000000",0,0,0,1,0,0,0,0,0,0,0,998,0,9,5,98,6,2,1,0,0,0,1,6,92544,9,9,99,9,9,9,68,140,99,99,99,99,99,99,9999,99,9999,4,0,0,0,0,2,2,55,1,1,2,1,0,0,1,6,99,9,4,2,"777777777777","777777777777","777777777777",3,1
6,63302,1,2,1,10,7,0,19,8,0,1,1,99,9,35,999,35999,99,9999,"999999999999","9","9","9","9","9","9","9","9","9","9","9","9",0,0,0,"000000000","00000000000",9,0,0,1,0,0,0,0,0,0,0,998,0,0,0,98,9,5,8,99,99,0,1,99,99999,9,9,99,9,9,9,999,999,99,99,99,99,99,99,9999,99,9999,9,99,99,99,99,5,3,35,8,8,2,1,0,0,1,80,99,1,1,13,"777777777777","777777777777","777777777777",0,0
6,63302,2,2,1,10,7,0,19,8,0,1,0,6,1,49,482,49482,31,2007,"888888888888","8","8","8","8","8","8","8","8","8","8","8","8",0,0,0,"000000000","00000000000",0,0,0,1,0,0,0,0,0,0,0,998,0,0,0,8,8,5,54,0,0,0,1,6,92649,9,9,99,9,9,9,999,999,99,99,99,99,99,99,9999,99,9999,0,0,0,0,0,5,3,35,8,8,2,1,0,0,1,98,99,1,1,98,"777777777777","777777777777","777777777777",0,0
6,63303,1,1,1,18,11,17,8,24,0,1,0,6,2,73,706,73706,80,2006,"JKAZXCD186A0","J","K","A","Z","X","C","D","1","8","6","A","0",0,0,0,"000000000","00000000000",0,0,0,1,0,0,0,0,0,0,0,998,0,0,0,98,6,2,30,0,0,0,1,6,92869,9,9,99,9,9,9,67,165,99,99,99,99,99,99,9999,99,9999,3,36,0,0,0,1,4,55,3,8,2,1,0,0,3,6,99,2,4,2,"777777777777","777777777777","777777777777",1,0
6,63304,1,1,2,31,12,18,29,8,0,1,1,6,2,12,401,12401,14,2006,"1FMEU62E76UA","1","F","M","E","U","6","2","E","7","6","U","A",0,0,0,"000000000","00000000000",0,0,0,1,0,0,0,0,0,0,0,998,0,0,0,12,2,5,8,0,0,0,1,6,92506,9,9,99,9,9,9,71,220,99,99,99,99,99,99,9999,99,9999,0,0,0,0,0,1,2,35,1,1,2,2,0,0,1,80,1,1,1,13,"777777777777","777777777777","777777777777",0,0
6,63305,1,1,2,14,11,21,57,8,0,1,0,6,1,12,23,12023,4,2010,"888888888888","8","8","8","8","8","8","8","8","8","8","8","8",0,0,0,"000000000","00000000000",0,0,0,1,0,0,0,0,0,0,0,40,0,0,0,12,2,5,8,0,0,0,1,6,92704,9,9,99,9,9,9,999,999,99,99,99,99,99,99,9999,99,9999,0,0,0,0,0,1,6,45,1,5,2,1,0,0,1,80,99,1,1,13,"777777777777","777777777777","777777777777",0,0
6,63306,1,1,99,20,12,22,8,8,0,1,1,99,9,99,999,99999,99,9999,"888888888888","8","8","8","8","8","8","8","8","8","8","8","8",0,0,0,"000000000","00000000000",0,0,0,1,0,0,0,0,0,0,0,998,0,0,0,12,9,5,8,99,99,0,1,99,99999,9,9,99,9,9,9,999,999,99,99,99,99,99,99,9999,99,9999,9,0,0,0,0,5,3,35,1,1,2,1,0,0,1,80,99,9,1,13,"777777777777","777777777777","777777777777",0,0
6,63307,1,1,1,29,3,20,0,8,0,1,0,6,1,7,24,7024,4,2014,"2C3CDXBG1EH2","2","C","3","C","D","X","B","G","1","E","H","2",0,0,0,"000000000","00000000000",0,0,0,1,0,0,0,0,0,0,0,998,0,0,0,62,4,3,8,0,0,0,1,6,92570,9,9,99,9,9,9,67,155,99,99,99,99,99,99,9999,99,9999,9,0,0,0,0,5,3,40,1,1,2,2,2,3,1,80,99,1,1,13,"777777777777","777777777777","777777777777",0,0
6,63308,1,2,1,18,7,5,49,12,6,1,0,6,1,59,35,59035,4,2002,"JTHBD1922200","J","T","H","B","D","1","9","2","2","2","0","0",0,0,0,"000000000","00000000000",0,0,0,1,0,0,0,0,0,0,0,998,0,0,0,61,6,2,12,0,0,0,1,6,91730,6,1,0,0,3,0,64,150,0,1,0,0,0,10,2013,10,2013,0,38,0,0,0,1,2,25,8,8,8,1,20,3,4,17,99,1,1,89,"777777777777","777777777777","777777777777",1,0
6,63308,2,2,1,18,7,5,49,12,6,1,0,6,1,12,481,12481,31,1997,"1FTJW36F0VEB","1","F","T","J","W","3","6","F","0","V","E","B",0,0,0,"000000000","00000000000",0,0,0,1,0,0,0,0,0,0,0,998,0,0,0,12,4,3,12,0,0,0,1,6,91773,6,1,0,0,3,0,71,190,0,0,0,0,0,0,0,0,0,0,0,0,0,0,2,3,45,1,6,8,1,0,0,1,66,16,1,1,88,"777777777777","777777777777","777777777777",0,0
6,63309,1,1,1,20,10,19,52,8,0,1,0,6,2,49,422,49422,15,2002,"888888888888","8","8","8","8","8","8","8","8","8","8","8","8",0,0,0,"000000000","00000000000",0,0,0,1,0,0,0,0,0,0,0,998,0,0,0,12,4,3,8,0,0,0,1,6,92805,9,9,99,9,9,9,68,150,99,99,99,99,99,99,9999,99,9999,0,0,0,0,0,5,5,40,1,1,2,1,4,3,1,80,16,1,1,13,"777777777777","777777777777","777777777777",0,0
6,63310,1,1,2,7,10,20,22,8,0,1,0,6,2,2,407,2407,14,2014,"1C4NJPBB4ED7","1","C","4","N","J","P","B","B","4","E","D","7",0,0,0,"000000000","00000000000",0,0,0,1,0,0,0,0,0,0,0,35,0,0,0,12,4,5,8,0,0,0,1,6,94531,9,9,99,9,9,9,999,999,99,99,99,99,99,99,9999,99,9999,0,0,0,0,0,5,5,30,1,1,2,1,0,0,1,80,8,1,1,13,"777777777777","777777777777","777777777777",0,0
6,63311,1,1,1,10,10,22,45,8,0,1,1,99,9,37,31,37031,2,1990,"999999999999","9","9","9","9","9","9","9","9","9","9","9","9",0,0,0,"000000000","00000000000",0,0,0,1,0,0,0,0,0,0,0,998,0,0,0,12,9,5,8,0,0,0,1,99,99999,9,9,99,9,9,9,999,999,99,99,99,99,99,99,9999,99,9999,0,0,0,0,0,5,5,40,8,8,2,1,0,0,1,80,99,1,1,13,"777777777777","777777777777","777777777777",0,0
6,63312,1,2,1,24,11,23,36,12,6,1,0,6,1,37,32,37032,4,2008,"1HGCP26408A0","1","H","G","C","P","2","6","4","0","8","A","0",0,0,0,"000000000","00000000000",0,0,0,1,0,0,0,0,0,0,0,998,0,0,0,12,4,3,12,0,0,0,1,6,94086,6,1,0,0,3,0,71,160,0,0,0,0,0,0,0,0,0,4,0,0,0,0,3,4,65,1,1,8,1,0,0,1,50,99,1,1,48,"777777777777","777777777777","777777777777",0,1
6,63312,2,2,1,24,11,23,36,12,6,1,0,6,1,41,45,41045,1,1992,"JM1NA351XN03","J","M","1","N","A","3","5","1","X","N","0","3",0,0,0,"000000000","00000000000",0,0,0,1,0,0,0,0,0,0,0,0,0,0,0,81,6,2,12,0,0,1,1,6,95210,6,1,0,0,3,0,70,116,0,0,0,0,0,0,0,0,0,0,54,0,0,0,3,4,65,1,1,8,1,0,0,5,53,1,1,1,48,"777777777777","777777777777","777777777777",1,0
6,63313,1,1,1,5,6,20,55,8,0,1,0,6,2,20,481,20481,31,2015,"","","","","","","","","","","","","",0,0,0,"000000000","00000000000",0,0,0,1,0,0,0,0,0,0,0,999,0,0,0,12,0,5,8,0,0,0,1,6,91367,9,9,99,9,9,9,68,125,99,99,99,99,99,99,9999,99,9999,0,38,0,0,0,8,8,65,8,8,8,1,1,3,10,80,1,1,1,13,"777777777777","777777777777","777777777777",0,0
6,63314,1,1,1,24,11,16,55,8,0,1,0,6,2,55,33,55033,4,2013,"5NPEB4AC9DH6","5","N","P","E","B","4","A","C","9","D","H","6",0,0,0,"000000000","00000000000",0,0,0,1,0,0,0,0,0,0,0,998,0,0,0,12,6,2,8,0,0,0,1,6,92570,9,9,99,9,9,9,66,195,99,99,99,99,99,99,9999,99,9999,0,91,0,0,0,5,5,45,1,2,2,1,0,0,1,80,99,1,1,13,"777777777777","777777777777","777777777777",0,0
6,63315,1,2,2,17,7,15,40,12,9,1,0,6,1,37,32,37032,2,2005,"1HGCM72725A0","1","H","G","C","M","7","2","7","2","5","A","0",0,0,0,"000000000","00000000000",0,0,0,1,0,0,0,0,0,0,0,998,0,0,0,6,6,2,12,0,0,0,1,6,92378,6,1,0,0,3,3,63,165,0,0,0,0,0,0,0,0,0,0,27,28,0,0,5,7,40,1,8,2,1,0,0,12,21,1,1,2,98,"777777777777","777777777777","777777777777",0,0
6,63315,2,2,1,17,7,15,40,12,9,1,0,6,2,73,706,73706,80,2008,"JKBZXNC188A0","J","K","B","Z","X","N","C","1","8","8","A","0",0,0,0,"000000000","00000000000",0,0,0,1,0,0,0,0,0,0,0,998,0,0,0,61,6,2,12,0,0,0,1,6,91762,2,1,0,0,2,0,70,200,0,0,0,0,0,0,0,0,0,4,0,0,0,0,5,7,40,1,8,2,1,0,0,1,62,9,2,1,98,"777777777777","777777777777","777777777777",1,0
6,63316,1,2,2,13,10,0,32,12,1,1,0,6,2,59,31,59031,4,2003,"JTHBF30G1301","J","T","H","B","F","3","0","G","1","3","0","1",0,0,0,"000000000","00000000000",0,0,0,1,0,0,0,0,0,0,0,38,0,0,0,12,6,2,12,0,0,0,1,6,92270,9,9,99,9,9,9,66,115,99,99,99,99,99,99,9999,99,9999,0,0,0,0,0,2,1,25,8,8,2,1,0,0,1,98,99,1,1,32,"777777777777","777777777777","777777777777",1,1
6,63316,2,2,0,13,10,0,32,12,1,1,0,6,6,12,881,12881,64,2004,"888888888888","8","8","8","8","8","8","8","8","8","8","8","8",1,1,77,"777777777","77777777777",8,4,98,1,0,0,0,0,0,0,0,0,0,0,0,6,2,5,12,39,0,0,0,0,99997,7,6,97,7,6,7,998,997,998,998,998,998,998,98,9998,98,9998,8,0,0,0,0,2,1,25,8,8,2,1,0,0,0,98,0,0,0,32,"42EDPKT21G10","777777777777","777777777777",0,0
6,63317,1,1,4,19,6,18,39,8,0,1,1,6,1,35,47,35047,4,2005,"1N4AL11D85C1","1","N","4","A","L","1","1","D","8","5","C","1",0,0,0,"000000000","00000000000",0,0,0,1,0,0,0,0,0,0,0,998,0,0,0,12,4,5,8,0,0,0,1,6,91706,9,9,99,9,9,9,66,160,99,99,99,99,99,99,9999,99,9999,0,0,0,0,0,1,4,35,1,1,1,1,0,0,1,80,99,1,1,13,"777777777777","777777777777","777777777777",0,0
6,63318,1,3,2,19,10,19,30,12,6,1,0,6,1,58,37,58037,4,2005,"JNKCV51E55M2","J","N","K","C","V","5","1","E","5","5","M","2",0,0,0,"000000000","00000000000",0,0,0,1,0,0,0,0,0,0,0,998,0,0,0,81,6,2,12,0,0,0,1,6,95122,9,9,99,9,9,9,68,160,99,99,99,99,99,99,9999,99,9999,0,0,0,0,0,1,4,35,1,8,8,1,0,0,1,67,99,1,1,83,"777777777777","777777777777","777777777777",1,0
6,63318,2,3,2,19,10,19,30,12,6,1,0,6,2,49,401,49401,14,2008,"JTEZU14R9880","J","T","E","Z","U","1","4","R","9","8","8","0",0,0,0,"000000000","00000000000",0,0,0,1,0,0,0,0,0,0,0,998,0,0,0,12,6,2,12,0,0,0,1,6,95121,9,9,99,9,9,9,72,200,99,99,99,99,99,99,9999,99,9999,0,0,0,0,0,1,2,20,1,8,8,1,20,3,11,15,99,1,1,82,"777777777777","777777777777","777777777777",0,0
6,63318,3,3,2,19,10,19,30,12,6,1,0,6,1,12,3,12003,9,2001,"888888888888","8","8","8","8","8","8","8","8","8","8","8","8",0,0,0,"000000000","00000000000",0,0,0,1,0,0,0,0,0,0,0,998,0,0,0,12,6,2,12,0,0,0,1,6,95122,9,9,99,9,9,9,67,220,99,99,99,99,99,99,9999,99,9999,0,0,0,0,0,1,4,35,1,8,8,1,0,0,1,62,99,1,1,98,"777777777777","777777777777","777777777777",0,0
6,63319,1,1,2,28,11,19,51,8,0,1,0,6,2,20,481,20481,31,2013,"1GCNCPEA0DZ1","1","G","C","N","C","P","E","A","0","D","Z","1",0,0,0,"000000000","00000000000",0,0,0,1,0,0,0,0,0,0,0,998,0,0,0,12,2,3,8,0,0,0,1,6,93306,6,1,0,0,3,0,70,165,0,0,0,0,0,0,0,0,0,0,0,0,0,0,5,5,35,1,1,1,2,0,0,1,80,16,9,1,13,"777777777777","777777777777","777777777777",0,0
6,63320,1,3,2,19,8,22,38,12,11,1,0,6,2,72,709,72709,80,2007,"888888888888","8","8","8","8","8","8","8","8","8","8","8","8",0,0,0,"000000000","00000000000",0,0,0,1,0,0,0,0,0,0,0,998,0,0,0,62,6,2,72,0,0,0,1,6,90272,9,9,99,9,9,9,999,999,99,99,99,99,99,99,9999,99,9999,4,36,0,0,0,3,2,45,2,5,2,1,0,0,15,10,99,1,2,44,"777777777777","777777777777","777777777777",1,0
6,63320,2,3,1,19,8,22,38,12,11,1,0,6,1,49,46,49046,9,2016,"","","","","","","","","","","","","",0,0,0,"000000000","00000000000",0,0,0,1,0,0,0,0,0,0,0,998,0,0,0,83,6,2,12,0,0,0,1,6,90290,9,9,99,9,9,9,999,999,99,99,99,99,99,99,9999,99,9999,0,0,0,0,0,3,2,45,2,5,2,1,0,0,14,61,99,1,1,45,"777777777777","777777777777","777777777777",0,0
6,63320,3,3,1,19,8,22,38,12,11,1,1,99,9,99,399,99399,9,9999,"999999999999","9","9","9","9","9","9","9","9","9","9","9","9",0,0,0,"000000000","00000000000",0,0,0,1,0,0,0,0,0,0,0,998,0,0,0,98,9,5,73,0,0,0,1,99,99999,9,9,99,9,9,9,999,999,99,99,99,99,99,99,9999,99,9999,9,99,99,99,99,3,2,45,2,5,2,1,0,0,99,99,99,9,9,98,"777777777777","777777777777","777777777777",0,0
6,63321,1,2,1,29,8,17,6,1,0,1,0,6,1,49,442,49442,20,2012,"888888888888","8","8","8","8","8","8","8","8","8","8","8","8",0,0,0,"000000000","00000000000",0,0,0,1,0,0,0,0,0,0,0,998,0,0,0,63,2,5,12,0,0,0,1,6,94611,9,9,99,9,9,9,68,160,99,99,99,99,99,99,9999,99,9999,0,38,0,0,0,1,2,30,8,8,2,1,0,0,12,21,1,1,7,98,"777777777777","777777777777","777777777777",0,0
6,63321,2,2,1,29,8,17,6,1,0,1,0,6,1,76,706,76706,80,2003,"JYARN07Y63A0","J","Y","A","R","N","0","7","Y","6","3","A","0",0,0,0,"000000000","00000000000",0,0,0,1,0,0,0,0,0,0,0,998,0,0,0,0,6,2,12,0,0,0,1,6,94607,9,9,99,9,9,9,999,999,99,99,99,99,99,99,9999,99,9999,0,0,0,0,0,1,2,30,8,8,2,1,0,0,1,61,16,2,1,98,"777777777777","777777777777","777777777777",1,0
6,63322,1,2,4,13,8,16,5,12,99,1,0,6,1,49,32,49032,4,1999,"1NXBR12E0XZ1","1","N","X","B","R","1","2","E","0","X","Z","1",0,0,0,"000000000","00000000000",0,0,0,1,0,0,0,0,0,0,0,998,0,0,0,81,6,2,12,0,0,0,1,6,90022,9,9,99,9,9,9,66,165,99,99,99,99,99,99,9999,99,9999,0,0,0,0,0,2,3,40,1,1,2,1,0,0,11,15,99,1,1,68,"777777777777","777777777777","777777777777",1,0
6,63322,2,2,1,13,8,16,5,12,99,1,0,6,1,55,35,55035,4,2006,"KMHDN46D66U2","K","M","H","D","N","4","6","D","6","6","U","2",0,0,0,"000000000","00000000000",0,0,0,1,0,0,0,0,0,0,0,998,0,0,0,12,6,2,12,0,0,0,1,6,90660,9,9,99,9,9,9,999,999,99,99,99,99,99,99,9999,99,9999,0,34,0,0,0,2,3,40,1,1,2,1,0,0,6,62,99,9,3,69,"777777777777","777777777777","777777777777",0,0
6,63323,1,1,1,9,7,18,46,15,0,1,0,6,2,63,33,63033,4,2008,"KNAFE1226855","K","N","A","F","E","1","2","2","6","8","5","5",0,0,0,"000000000","00000000000",0,0,0,1,0,0,0,0,0,0,0,998,0,0,0,12,2,3,15,0,0,0,1,6,92530,9,9,99,9,9,9,66,278,99,99,99,99,99,99,9999,99,9999,0,0,0,0,0,1,2,30,1,1,8,1,0,0,1,80,99,1,1,13,"777777777777","777777777777","777777777777",0,0
6,63324,1,1,2,10,12,17,17,8,0,1,0,6,2,37,31,37031,4,2010,"19XFA1F53AE0","1","9","X","F","A","1","F","5","3","A","E","0",0,0,0,"000000000","00000000000",0,0,0,1,0,0,0,0,0,0,0,998,0,0,0,12,4,3,8,0,0,0,1,6,95928,9,9,99,9,9,9,60,123,99,99,99,99,99,99,9999,99,9999,0,0,0,0,0,2,2,35,1,1,2,2,0,0,1,80,16,9,1,13,"777777777777","777777777777","777777777777",0,0
6,63325,1,1,2,17,10,18,40,9,0,1,0,6,1,41,51,41051,5,2010,"JM1BL1H6XA12","J","M","1","B","L","1","H","6","X","A","1","2",0,0,0,"000000000","00000000000",0,0,0,1,0,0,0,0,0,0,0,998,0,0,0,12,4,3,9,0,0,0,1,6,92630,9,9,99,9,9,9,67,156,99,99,99,99,99,99,9999,99,9999,0,0,0,0,0,2,2,30,1,8,2,1,0,0,1,83,99,1,1,13,"777777777777","777777777777","777777777777",0,0
6,63326,1,2,1,28,6,5,40,12,2,1,0,6,1,49,472,49472,30,2003,"888888888888","8","8","8","8","8","8","8","8","8","8","8","8",0,0,0,"000000000","00000000000",0,0,0,1,0,0,0,0,0,0,0,998,0,0,0,12,6,2,12,0,0,0,1,6,90026,9,9,99,9,9,9,68,130,99,99,99,99,99,99,9999,99,9999,0,0,0,0,0,2,3,45,1,1,2,1,3,3,11,15,99,1,1,68,"777777777777","777777777777","777777777777",0,0
6,63326,2,2,1,28,6,5,40,12,2,1,0,6,1,49,32,49032,9,2003,"888888888888","8","8","8","8","8","8","8","8","8","8","8","8",0,0,0,"000000000","00000000000",0,0,0,1,0,0,0,0,0,0,0,998,0,0,0,12,6,2,12,0,0,0,1,6,90305,9,9,99,9,9,9,65,170,99,99,99,99,99,99,9999,99,9999,0,0,0,0,0,2,3,45,1,1,2,1,3,3,1,62,99,1,1,69,"777777777777","777777777777","777777777777",1,0
6,63327,1,2,1,9,12,13,41,12,2,1,0,6,1,7,482,7482,31,2001,"1B7KF23681J1","1","B","7","K","F","2","3","6","8","1","J","1",5,0,88,"888888888","88888888888",2,19,12,1,0,0,0,0,0,0,0,998,0,1,1,12,6,2,1,0,0,0,1,6,90740,9,9,99,9,9,9,74,180,99,99,99,99,99,99,9999,99,9999,0,28,0,0,0,1,4,60,1,1,2,1,0,0,1,10,99,1,2,50,"777777777777","777777777777","777777777777",0,0
6,63327,2,2,1,9,12,13,41,12,2,1,0,6,2,63,441,63441,20,2016,"KNDMB5C15G60","K","N","D","M","B","5","C","1","5","G","6","0",0,0,0,"000000000","00000000000",0,0,0,1,0,0,0,0,0,0,0,998,0,0,0,12,6,2,12,0,0,0,1,97,0,9,9,99,9,9,9,61,100,99,99,99,99,99,99,9999,99,9999,0,0,0,0,0,1,4,60,1,1,2,1,0,0,1,62,99,1,1,51,"777777777777","777777777777","777777777777",1,0
6,63328,1,1,1,28,12,17,40,8,0,1,0,6,2,7,422,7422,15,2006,"1D4HB48N26F1","1","D","4","H","B","4","8","N","2","6","F","1",0,0,0,"000000000","00000000000",0,0,0,1,0,0,0,0,0,0,0,998,0,0,0,12,4,3,8,0,0,0,1,6,95959,6,1,0,0,3,0,71,190,0,0,0,0,0,0,0,0,0,0,0,0,0,0,1,2,45,1,1,2,1,0,0,1,80,8,1,1,13,"777777777777","777777777777","777777777777",0,1