"STATE","ST_CASE","VEH_NO","VE_FORMS","NUMOCCS","DAY","MONTH","HOUR","MINUTE","HARM_EV","MAN_COLL","UNITTYPE","HIT_RUN","REG_STAT","OWNER","MAKE","MODEL","MAK_MOD","BODY_TYP","MOD_YEAR","VIN","VIN_1","VIN_2","VIN_3","VIN_4","VIN_5","VIN_6","VIN_7","VIN_8","VIN_9","VIN_10","VIN_11","VIN_12","TOW_VEH","J_KNIFE","MCARR_I1","MCARR_I2","MCARR_ID","GVWR","V_CONFIG","CARGO_BT","HAZ_INV","HAZ_PLAC","HAZ_ID","HAZ_CNO","HAZ_REL","BUS_USE","SPEC_USE","EMER_USE","TRAV_SP","UNDERIDE","ROLLOVER","ROLINLOC","IMPACT1","DEFORMED","TOWED","M_HARM","VEH_SC1","VEH_SC2","FIRE_EXP","DR_PRES","L_STATE","DR_ZIP","L_STATUS","L_TYPE","CDL_STAT","L_ENDORS","L_COMPL","L_RESTRI","DR_HGT","DR_WGT","PREV_ACC","PREV_SUS","PREV_DWI","PREV_SPD","PREV_OTH","FIRST_MO","FIRST_YR","LAST_MO","LAST_YR","SPEEDREL","DR_SF1","DR_SF2","DR_SF3","DR_SF4","VTRAFWAY","VNUM_LAN","VSPD_LIM","VALIGN","VPROFILE","VPAVETYP","VSURCOND","VTRAFCON","VTCONT_F","P_CRASH1","P_CRASH2","P_CRASH3","PCRASH4","PCRASH5","ACC_TYPE","TRLR1VIN","TRLR2VIN","TRLR3VIN","DEATHS","DR_DRINK"
6,63361,3,3,1,16,10,15,50,12,2,1,0,6,2,7,21,7021,6,2005,"2D4FV48V25H5","2","D","4","F","V","4","8","V","2","5","H","5",0,0,0,"000000000","00000000000",0,0,0,1,0,0,0,0,0,0,0,998,0,0,0,12,6,2,12,0,0,0,1,6,90220,6,1,0,0,3,0,65,190,0,0,0,0,0,0,0,0,0,0,0,0,0,0,5,4,35,1,1,2,1,0,0,1,62,99,1,1,98,"777777777777","777777777777","777777777777",0,0
6,63362,1,1,1,22,10,23,45,9,0,1,1,99,9,99,999,99999,99,9999,"999999999999","9","9","9","9","9","9","9","9","9","9","9","9",0,0,0,"000000000","00000000000",0,0,0,1,0,0,0,0,0,0,0,999,0,0,0,12,9,5,9,0,0,0,1,99,99999,9,9,99,9,9,9,999,999,99,99,99,99,99,99,9999,99,9999,9,99,99,99,99,1,2,25,1,8,8,1,0,0,1,83,99,1,1,13,"777777777777","777777777777","777777777777",0,0
6,63363,1,1,1,18,10,19,2,8,0,1,0,6,1,37,32,37032,2,2006,"1HGCM82676A0","1","H","G","C","M","8","2","6","7","6","A","0",0,0,0,"000000000","00000000000",0,0,0,1,0,0,0,0,0,0,0,38,0,0,0,12,4,3,8,0,0,0,1,6,96001,6,1,0,0,3,3,68,230,0,0,0,0,0,0,0,0,0,0,0,0,0,0,1,3,40,1,8,1,1,0,0,1,80,99,1,1,13,"777777777777","777777777777","777777777777",0,0
6,63364,1,1,2,6,10,3,15,25,0,1,0,6,2,49,43,49043,4,2000,"4T1BF28B1YU1","4","T","1","B","F","2","8","B","1","Y","U","1",0,0,0,"000000000","00000000000",0,0,0,1,0,0,0,0,0,0,0,998,0,1,5,98,6,2,25,0,0,0,1,6,95131,0,0,0,0,0,0,63,140,0,0,0,0,0,0,0,0,0,4,0,0,0,0,3,4,65,1,8,8,1,0,0,98,12,99,3,4,7,"777777777777","777777777777","777777777777",1,1
6,63365,1,2,4,24,10,1,50,12,1,1,1,6,1,20,9,20009,2,2015,"2G1FB1E34F91","2","G","1","F","B","1","E","3","4","F","9","1",0,0,0,"000000000","00000000000",0,0,0,1,0,0,0,0,0,0,0,121,0,0,0,12,6,2,12,0,0,1,1,6,93536,1,1,0,0,2,0,76,230,0,4,1,2,4,8,2015,5,2016,4,36,0,0,0,3,4,65,1,1,1,1,0,0,1,51,99,1,2,24,"777777777777","777777777777","777777777777",0,0
6,63365,2,2,4,24,10,1,50,12,1,1,0,6,2,49,46,49046,5,2015,"JTDKDTB3XF10","J","T","D","K","D","T","B","3","X","F","1","0",0,0,0,"000000000","00000000000",0,0,0,1,0,0,0,0,0,0,0,61,0,0,0,6,6,2,12,0,0,1,1,6,91767,6,1,0,0,3,0,67,175,1,0,0,0,0,3,2016,3,2016,0,0,0,0,0,3,4,65,1,1,1,1,0,0,1,53,1,1,2,25,"777777777777","777777777777","777777777777",1,0
6,63366,1,2,1,2,10,3,27,12,7,1,0,6,2,30,42,30042,3,2016,"3VWYT7AU9GM0","3","V","W","Y","T","7","A","U","9","G","M","0",0,0,0,"000000000","00000000000",0,0,0,1,0,0,0,0,0,0,0,998,0,0,0,61,6,2,8,0,0,0,1,6,90222,9,9,99,9,9,9,71,188,99,99,99,99,99,99,9999,99,9999,4,0,0,0,0,3,3,55,1,1,1,1,0,0,1,50,7,1,2,48,"777777777777","777777777777","777777777777",0,1
6,63366,2,2,0,2,10,3,27,12,7,1,0,6,6,6,51,6051,4,2005,"2C3JA43R15H6","2","C","3","J","A","4","3","R","1","5","H","6",0,0,0,"000000000","00000000000",0,0,0,1,0,0,0,0,0,0,0,0,0,0,0,81,6,2,12,0,0,0,0,0,99997,7,6,97,7,6,7,998,997,998,998,998,998,998,98,9998,98,9998,8,20,0,0,0,3,3,55,1,1,1,1,0,0,0,53,0,0,0,48,"777777777777","777777777777","777777777777",0,0
6,63367,1,3,2,10,11,16,58,12,6,1,0,6,1,55,36,55036,4,2004,"KMHCG45C64U5","K","M","H","C","G","4","5","C","6","4","U","5",0,0,0,"000000000","00000000000",0,0,0,1,0,0,0,0,0,0,0,998,0,0,0,61,4,3,12,0,0,0,1,6,96001,6,1,0,0,3,3,68,140,0,0,0,0,0,0,0,0,0,0,38,0,0,0,1,2,45,1,1,2,1,20,3,4,17,1,1,1,89,"777777777777","777777777777","777777777777",1,0
6,63367,2,3,1,10,11,16,58,12,6,1,0,6,1,20,431,20431,16,1988,"1GNEV16K9JF1","1","G","N","E","V","1","6","K","9","J","F","1",0,0,0,"000000000","00000000000",0,0,0,1,0,0,0,0,0,0,0,998,0,0,0,12,2,3,12,0,0,0,1,6,96002,1,1,0,0,2,0,74,220,0,1,0,0,0,4,2014,4,2014,0,0,0,0,0,5,3,45,1,1,2,1,0,0,1,66,1,1,1,88,"777777777777","777777777777","777777777777",0,0
6,63367,3,3,1,10,11,16,58,12,6,1,0,6,1,49,43,49043,4,2008,"4T1BK36B38U2","4","T","1","B","K","3","6","B","3","8","U","2",0,0,0,"000000000","00000000000",0,0,0,1,0,0,0,0,0,0,0,998,0,0,0,6,2,5,12,0,0,0,1,6,96001,6,1,0,0,3,0,63,180,0,0,0,0,0,0,0,0,0,0,0,0,0,0,5,3,45,1,1,2,1,0,0,1,66,1,1,1,98,"777777777777","777777777777","777777777777",0,0
6,63368,1,1,1,16,9,19,23,1,0,1,0,6,2,72,706,72706,80,1988,"1HD4CEM16JY1","1","H","D","4","C","E","M","1","6","J","Y","1",0,0,0,"000000000","00000000000",0,0,0,1,0,0,0,0,0,0,0,999,0,0,0,0,6,2,1,0,0,0,1,6,92345,6,1,0,0,2,0,65,155,0,0,0,0,0,0,0,0,0,0,28,0,0,0,1,2,50,8,1,2,1,0,0,1,11,99,1,4,98,"777777777777","777777777777","777777777777",1,1
6,63369,1,1,1,25,9,20,4,8,0,1,1,6,1,35,47,35047,4,2005,"1N4AL11D55N4","1","N","4","A","L","1","1","D","5","5","N","4",0,0,0,"000000000","00000000000",0,0,0,1,0,0,0,0,0,0,0,998,0,0,0,12,4,5,8,0,0,0,1,6,92704,6,1,0,0,3,1,68,195,3,0,0,0,0,2,2015,10,2015,0,0,0,0,0,2,3,40,8,8,1,1,0,0,1,80,99,1,1,13,"777777777777","777777777777","777777777777",0,0
6,63370,1,3,2,25,6,10,20,12,2,1,0,6,2,52,37,52037,3,2001,"4A3AC44G81E0","4","A","3","A","C","4","4","G","8","1","E","0",0,0,0,"000000000","00000000000",0,0,0,1,0,0,0,0,0,0,0,998,0,0,0,12,6,2,12,0,0,0,1,6,90250,3,1,0,0,2,0,69,170,0,0,0,0,0,0,0,0,0,0,28,0,0,0,5,5,35,1,1,2,1,0,0,1,10,99,9,2,50,"777777777777","777777777777","777777777777",1,0
6,63370,2,3,3,25,6,10,20,12,2,1,0,6,2,6,54,6054,6,2004,"2C8GF68474R5","2","C","8","G","F","6","8","4","7","4","R","5",0,0,0,"000000000","00000000000",0,0,0,1,0,0,0,0,0,0,0,0,0,0,0,12,6,2,12,0,0,0,1,6,90059,6,1,0,0,3,3,69,235,0,0,0,0,0,0,0,0,0,0,0,0,0,0,5,5,35,1,1,2,1,0,0,5,62,1,1,1,51,"777777777777","777777777777","777777777777",0,1
6,63370,3,3,3,25,6,10,20,12,2,1,0,6,2,34,402,34402,14,2007,"WBXPC93477WF","W","B","X","P","C","9","3","4","7","7","W","F",0,0,0,"000000000","00000000000",0,0,0,1,0,0,0,0,0,0,0,998,0,0,0,61,2,3,12,0,0,0,1,6,91108,6,1,0,0,3,3,67,110,0,0,0,0,0,0,0,0,0,0,0,0,0,0,5,5,35,1,1,2,1,0,0,1,62,99,9,1,98,"777777777777","777777777777","777777777777",0,1
6,63371,1,2,1,1,12,6,30,12,2,1,0,6,1,49,472,49472,40,1999,"4TAVL52NXXZ4","4","T","A","V","L","5","2","N","X","X","Z","4",0,0,0,"000000000","00000000000",0,0,0,1,0,0,0,0,0,0,0,998,0,0,0,12,6,2,12,0,0,0,1,6,92308,6,1,0,0,3,0,72,195,0,0,0,0,0,0,0,0,0,0,0,0,0,0,5,5,55,1,1,1,1,97,8,1,54,99,1,2,50,"777777777777","777777777777","777777777777",1,0
6,63371,2,2,1,1,12,6,30,12,2,1,0,6,1,51,39,51039,4,1987,"YV1FX8745H10","Y","V","1","F","X","8","7","4","5","H","1","0",0,0,0,"000000000","00000000000",0,0,0,1,0,0,0,0,0,0,0,998,0,1,1,12,6,2,12,0,0,0,1,6,92308,6,1,0,0,3,0,70,250,0,2,0,0,2,9,2012,12,2013,0,51,0,0,0,5,5,55,1,1,1,1,0,0,1,62,99,1,1,51,"777777777777","777777777777","777777777777",1,0
6,63372,1,2,1,4,5,5,25,12,6,1,0,6,1,49,471,49471,30,1993,"4TAVN13D9PZ1","4","T","A","V","N","1","3","D","9","P","Z","1",0,0,0,"000000000","00000000000",0,0,0,1,0,0,0,0,0,0,0,998,0,1,1,12,6,2,12,0,0,0,1,6,92806,0,0,0,0,0,0,999,999,0,0,0,0,0,0,0,0,0,0,39,0,0,0,2,4,35,1,1,2,1,3,3,1,17,99,9,1,86,"777777777777","777777777777","777777777777",1,0
6,63372,2,2,2,4,5,5,25,12,6,1,0,6,1,37,402,37402,14,2015,"5J6RM3H91FL0","5","J","6","R","M","3","H","9","1","F","L","0",0,0,0,"000000000","00000000000",0,0,0,1,0,0,0,0,0,0,0,37,0,0,0,81,6,2,12,0,0,0,1,6,90631,6,1,0,0,3,1,60,127,0,2,1,0,0,7,2014,11,2014,0,0,0,0,0,2,4,35,1,1,2,1,3,3,1,17,99,9,1,87,"777777777777","777777777777","777777777777",0,0
6,63373,1,1,1,25,5,10,48,31,0,1,0,6,3,7,482,7482,31,2004,"1D7HA18D04S7","1","D","7","H","A","1","8","D","0","4","S","7",0,0,0,"000000000","00000000000",0,0,0,1,0,0,0,0,0,0,0,998,0,0,0,12,6,2,8,0,0,0,1,17,92277,6,1,0,0,3,0,67,175,0,0,0,0,0,0,0,0,0,0,0,0,0,0,5,4,50,1,1,2,1,0,0,1,13,1,1,4,1,"777777777777","777777777777","777777777777",0,0
6,63374,1,1,1,26,9,1,3,9,0,1,0,6,1,58,35,58035,4,2000,"JNKCA31A0YT1","J","N","K","C","A","3","1","A","0","Y","T","1",0,0,0,"000000000","00000000000",0,0,0,1,0,0,0,0,0,0,0,998,0,0,0,12,2,5,9,0,0,0,1,6,90250,6,1,0,0,3,3,66,175,0,0,0,0,0,0,0,0,0,0,99,99,99,99,1,2,25,1,1,2,1,0,0,1,83,99,1,1,13,"777777777777","777777777777","777777777777",0,0
6,63375,1,2,1,2,12,5,57,12,6,1,1,6,1,87,881,87881,66,2009,"1XP7D49X59D7","1","X","P","7","D","4","9","X","5","9","D","7",1,1,57,"2732205","572732205",3,6,98,1,0,0,0,0,0,0,0,998,0,0,0,98,8,5,12,0,0,0,1,6,91767,6,1,6,3,3,3,66,160,0,0,0,0,1,5,2016,5,2016,0,0,0,0,0,5,5,45,1,5,8,1,0,0,11,53,99,1,3,76,"999999999999","777777777777","777777777777",0,0
6,63375,2,2,1,2,12,5,57,12,6,1,0,6,1,37,705,37705,80,2002,"JH2PC35112M3","J","H","2","P","C","3","5","1","1","2","M","3",0,0,0,"000000000","00000000000",0,0,0,1,0,0,0,0,0,0,0,998,0,0,0,61,6,2,12,0,0,0,1,6,90022,6,1,0,0,3,3,71,206,0,0,0,0,0,0,0,0,0,0,0,0,0,0,5,5,45,1,5,8,1,28,3,1,70,99,1,1,77,"777777777777","777777777777","777777777777",1,0
6,63376,1,1,99,29,9,4,3,8,0,1,1,99,9,99,999,99999,99,9999,"999999999999","9","9","9","9","9","9","9","9","9","9","9","9",0,0,0,"000000000","00000000000",0,0,0,1,0,0,0,0,0,0,0,998,0,0,0,99,9,5,8,0,0,0,1,99,99999,9,9,99,9,9,9,999,999,99,99,99,99,99,99,9999,99,9999,0,0,0,0,0,2,3,45,8,8,8,1,0,0,1,80,8,2,1,13,"777777777777","777777777777","777777777777",0,1
6,63377,1,2,1,19,8,14,52,24,0,1,0,6,1,35,34,35034,3,1995,"JN1RZ24DXSX5","J","N","1","R","Z","2","4","D","X","S","X","5",0,0,0,"000000000","00000000000",0,0,0,1,0,0,0,0,0,0,0,999,0,0,0,1,6,2,12,0,0,0,1,6,90808,6,1,0,0,3,3,74,200,0,0,0,0,0,0,0,0,0,4,35,0,0,0,1,4,35,1,1,2,1,0,0,6,10,99,2,4,98,"777777777777","777777777777","777777777777",0,1
6,63377,2,2,2,19,8,14,52,24,0,1,0,6,1,48,45,48045,6,2016,"4S4BSANC1G32","4","S","4","B","S","A","N","C","1","G","3","2",0,0,0,"000000000","00000000000",0,0,0,1,0,0,0,0,0,0,0,998,0,0,0,1,6,2,12,0,0,0,1,6,90630,6,1,0,0,3,0,64,160,0,0,0,0,0,0,0,0,0,0,0,0,0,0,1,4,35,1,1,2,1,0,0,1,62,6,1,2,98,"777777777777","777777777777","777777777777",1,0
6,63378,1,2,1,10,8,16,56,12,6,1,0,6,2,49,46,49046,4,2004,"JTDKB20U9400","J","T","D","K","B","2","0","U","9","4","0","0",0,0,0,"000000000","00000000000",0,0,0,1,0,0,0,0,0,0,0,998,0,0,0,12,6,2,12,0,0,0,1,6,90806,6,1,0,0,3,0,64,135,2,0,0,1,1,2,2015,2,2016,0,0,0,0,0,1,7,35,1,1,8,1,3,3,11,15,1,1,1,68,"777777777777","777777777777","777777777777",0,0
6,63378,2,2,1,10,8,16,56,12,6,1,0,6,1,76,706,76706,80,2015,"JYARN37YXFA0","J","Y","A","R","N","3","7","Y","X","F","A","0",0,0,0,"000000000","00000000000",0,0,0,1,0,0,0,0,0,0,0,998,0,0,0,61,6,2,12,0,0,0,1,6,90810,6,1,0,0,2,0,74,190,0,0,0,1,0,7,2016,7,2016,0,38,39,0,0,1,7,35,1,1,8,1,3,3,1,17,99,9,1,69,"777777777777","777777777777","777777777777",1,0
6,63379,1,2,2,5,10,11,42,12,7,1,0,6,1,49,53,49053,5,2011,"4T3ZA3BB4BU0","4","T","3","Z","A","3","B","B","4","B","U","0",0,0,0,"000000000","00000000000",0,0,0,1,0,0,0,0,0,0,0,998,0,0,0,61,4,3,12,0,0,0,1,6,96022,6,1,0,0,3,0,72,230,0,0,0,0,0,0,0,0,0,0,39,0,0,0,6,2,35,8,8,1,1,3,3,1,10,8,1,2,45,"777777777777","777777777777","777777777777",0,0
6,63379,2,2,1,5,10,11,42,12,7,1,0,6,1,72,706,72706,80,2007,"1HD1JA5157Y0","1","H","D","1","J","A","5","1","5","7","Y","0",0,0,0,"000000000","00000000000",0,0,0,1,0,0,0,0,0,0,0,998,0,0,0,1,4,3,12,0,0,0,1,6,96001,6,1,0,0,3,0,72,220,0,0,0,0,0,0,0,0,0,0,0,0,0,0,6,2,35,8,8,8,1,3,3,1,61,99,1,1,44,"777777777777","777777777777","777777777777",1,0
6,63380,1,1,2,11,8,8,27,9,0,1,0,6,2,7,482,7482,31,1999,"3B7HC13Y1XG1","3","B","7","H","C","1","3","Y","1","X","G","1",0,0,0,"000000000","00000000000",0,0,0,1,0,0,0,0,0,0,0,998,0,0,0,12,2,3,9,0,0,0,1,6,96001,6,1,0,0,3,0,63,180,0,0,0,0,0,0,0,0,0,0,39,0,0,0,1,5,50,1,8,2,1,2,3,1,83,99,1,1,13,"777777777777","777777777777","777777777777",0,0
6,63381,1,2,1,4,7,11,27,12,6,1,0,18,3,82,881,82881,62,2013,"3AKJGLDR8DSF","3","A","K","J","G","L","D","R","8","D","S","F",0,0,57,"028406","57028406",2,2,96,1,0,0,0,0,0,0,0,998,0,0,0,3,4,3,12,0,0,0,1,6,92308,6,1,6,1,3,3,67,160,0,0,0,0,0,0,0,0,0,0,48,0,0,0,1,6,50,1,1,2,1,0,0,11,55,1,1,1,68,"777777777777","777777777777","777777777777",0,0
6,63381,2,2,1,4,7,11,27,12,6,1,0,6,2,76,705,76705,80,2007,"JYARJ12E67A0","J","Y","A","R","J","1","2","E","6","7","A","0",0,0,0,"000000000","00000000000",0,0,0,1,0,0,0,0,0,0,0,999,0,0,0,12,6,2,12,0,0,0,1,6,92345,6,1,0,0,3,0,71,209,0,0,0,0,0,0,0,0,0,0,0,0,0,0,1,6,50,1,1,2,1,0,0,1,62,99,2,2,69,"777777777777","777777777777","777777777777",1,0
6,63382,1,2,1,5,12,12,50,12,6,1,1,6,1,49,403,49403,14,2016,"5TDYKRFHXGS1","5","T","D","Y","K","R","F","H","X","G","S","1",0,0,0,"000000000","00000000000",0,0,0,1,0,0,0,0,0,0,0,998,0,0,0,81,6,2,12,0,0,0,1,6,90065,6,1,0,0,3,3,65,165,0,0,0,0,0,0,0,0,0,0,39,0,0,0,8,8,35,8,8,8,1,3,3,1,17,99,1,1,87,"777777777777","777777777777","777777777777",0,0
6,63382,2,2,2,5,12,12,50,12,6,1,0,6,2,37,39,37039,5,2013,"JHMGE8H3XDC0","J","H","M","G","E","8","H","3","X","D","C","0",0,0,0,"000000000","00000000000",0,0,0,1,0,0,0,0,0,0,0,998,0,0,0,12,6,2,12,0,0,0,1,6,90031,6,1,0,0,3,0,62,105,0,0,0,0,0,0,0,0,0,0,0,0,0,0,8,8,35,8,8,8,1,3,3,1,66,99,1,1,86,"777777777777","777777777777","777777777777",1,0
6,63383,1,1,1,1,11,9,24,8,0,1,0,6,3,87,884,87884,66,2012,"1XPVA78X0CD1","1","X","P","V","A","7","8","X","0","C","D","1",1,1,57,"358597","57358597",3,6,98,1,0,0,0,0,0,0,0,998,0,0,0,4,0,5,8,0,0,0,1,6,94124,6,1,3,0,3,3,74,200,0,0,0,0,0,0,0,0,0,0,0,0,0,0,1,4,98,1,8,1,1,2,3,10,80,1,1,1,13,"999999999999","777777777777","777777777777",0,1
6,63384,1,1,1,12,12,5,30,15,0,1,0,6,2,49,40,49040,4,2000,"JT2BG22K1Y05","J","T","2","B","G","2","2","K","1","Y","0","5",0,0,0,"000000000","00000000000",0,0,0,1,0,0,0,0,0,0,0,998,0,0,0,12,4,3,15,0,0,0,1,6,94601,6,1,0,0,3,0,68,175,0,0,0,0,1,4,2015,4,2015,0,0,0,0,0,1,4,25,8,8,2,1,0,0,1,83,99,1,1,13,"777777777777","777777777777","777777777777",0,0
6,63385,1,1,1,22,12,21,24,8,0,1,0,6,2,82,881,82881,66,2011,"1FUJA6CK6BDA","1","F","U","J","A","6","C","K","6","B","D","A",0,0,57,"1866561","571866561",3,5,96,1,0,0,0,0,0,0,0,998,0,0,0,12,4,3,8,0,0,0,1,6,91744,6,1,6,0,3,3,68,210,0,0,0,0,0,0,0,0,0,0,0,0,0,0,3,2,45,1,8,8,1,0,0,1,80,99,9,1,13,"777777777777","777777777777","777777777777",0,0
6,63386,1,1,1,22,12,21,50,9,0,1,0,6,1,49,40,49040,4,2014,"4T1BF1FK5EU7","4","T","1","B","F","1","F","K","5","E","U","7",0,0,0,"000000000","00000000000",0,0,0,1,0,0,0,0,0,0,0,998,0,0,0,98,4,5,9,0,0,0,1,6,90604,6,1,0,0,3,0,73,180,0,0,0,0,0,0,0,0,0,0,0,0,0,0,2,4,40,1,1,2,1,3,3,1,83,1,1,1,13,"777777777777","777777777777","777777777777",0,0
6,63387,1,1,1,12,12,18,31,43,0,1,0,6,1,49,40,49040,4,2008,"4T1BK46K68U0","4","T","1","B","K","4","6","K","6","8","U","0",0,0,0,"000000000","00000000000",0,0,0,1,0,0,0,0,0,0,0,998,0,0,0,12,6,2,43,0,0,0,1,6,92506,6,1,0,0,3,3,67,160,0,0,0,0,0,0,0,0,0,0,0,0,0,0,1,2,25,8,8,2,1,0,0,1,13,99,1,4,1,"777777777777","777777777777","777777777777",1,0
6,63388,1,1,1,5,11,16,20,8,0,1,0,6,1,20,16,20016,4,2002,"1G1JC5249274","1","G","1","J","C","5","2","4","9","2","7","4",0,0,0,"000000000","00000000000",0,0,0,1,0,0,0,0,0,0,0,998,0,0,0,12,2,3,8,0,0,0,1,6,92504,6,1,0,0,3,0,72,200,0,0,0,0,0,0,0,0,0,0,38,0,0,0,2,6,45,1,8,2,1,2,3,11,80,99,1,1,13,"777777777777","777777777777","777777777777",0,0
6,63389,1,1,1,25,7,0,45,8,0,1,0,6,1,12,8,12008,8,1975,"5K92L124330","5","K","9","2","L","1","2","4","3","3","0","",0,0,0,"000000000","00000000000",0,0,0,1,0,0,0,0,0,0,0,40,0,0,0,98,2,3,8,0,0,0,1,6,90621,6,1,0,0,3,0,65,104,0,0,0,0,0,0,0,0,0,0,99,99,99,99,2,3,55,1,8,2,1,0,0,1,80,1,1,1,13,"777777777777","777777777777","777777777777",0,0
6,63390,1,1,4,22,7,7,30,33,0,1,0,6,2,22,18,22018,4,2005,"1G2NE52E45M2","1","G","2","N","E","5","2","E","4","5","M","2",0,0,0,"000000000","00000000000",0,0,0,1,0,0,0,0,0,0,0,998,0,9,5,61,6,2,1,0,0,0,1,6,90048,9,9,99,9,9,9,64,140,99,99,99,99,99,99,9999,99,9999,0,0,0,0,0,3,6,65,8,1,1,1,0,0,1,9,99,9,4,2,"777777777777","777777777777","777777777777",2,0
6,63391,1,2,2,31,12,21,7,12,6,1,0,6,2,23,481,23481,31,2002,"2GTEK19T9211","2","G","T","E","K","1","9","T","9","2","1","1",0,0,0,"000000000","00000000000",0,0,0,1,0,0,0,0,0,0,0,58,0,1,3,12,6,2,12,0,0,1,1,6,92503,6,1,0,0,3,0,71,255,1,0,0,3,0,5,2015,11,2016,0,38,39,0,0,2,3,40,1,8,2,2,3,3,1,17,99,9,1,88,"777777777777","777777777777","777777777777",1,1
6,63391,2,2,3,31,12,21,7,12,6,1,0,6,3,35,51,35051,6,2016,"5N1AT2MVXGC8","5","N","1","A","T","2","M","V","X","G","C","8",0,0,0,"000000000","00000000000",0,0,0,1,0,0,0,0,0,0,0,999,0,0,0,62,6,2,12,0,0,0,1,56,92504,9,9,99,9,9,9,75,165,99,99,99,99,99,99,9999,99,9999,0,0,0,0,0,2,3,40,1,8,2,2,3,3,1,17,99,9,1,89,"777777777777","777777777777","777777777777",0,0
6,63392,1,1,1,24,12,6,4,8,0,1,0,6,2,37,31,37031,4,2015,"2HGFB2F57FH5","2","H","G","F","B","2","F","5","7","F","H","5",0,0,0,"000000000","00000000000",0,0,0,1,0,0,0,0,0,0,0,998,0,0,0,12,6,2,8,0,0,0,1,6,90201,6,1,0,0,3,0,75,163,0,1,0,1,0,3,2015,6,2016,5,0,0,0,0,1,6,35,1,1,2,1,2,3,1,81,6,1,1,13,"777777777777","777777777777","777777777777",0,0
6,63393,1,1,1,19,12,18,15,15,0,1,0,6,1,7,442,7442,20,2001,"2B4GP44391R2","2","B","4","G","P","4","4","3","9","1","R","2",0,0,0,"000000000","00000000000",0,0,0,1,0,0,0,0,0,0,0,998,0,0,0,12,4,3,15,0,0,0,1,6,96003,6,1,0,0,3,0,62,120,0,0,0,0,1,8,2016,8,2016,0,0,0,0,0,5,5,45,8,8,1,1,0,0,1,80,99,1,1,13,"777777777777","777777777777","777777777777",0,0
6,63394,1,1,99,19,12,19,0,9,0,1,1,99,9,99,999,99999,99,9999,"999999999999","9","9","9","9","9","9","9","9","9","9","9","9",9,0,99,"999999999","99999999999",9,99,99,1,0,0,0,0,99,99,9,999,0,0,0,98,9,5,9,99,99,0,1,99,99999,9,9,99,9,9,9,999,999,99,99,99,99,99,99,9999,99,9999,0,99,99,99,99,1,4,35,1,8,8,1,0,0,1,83,99,9,9,13,"777777777777","777777777777","777777777777",0,0
6,63395,1,1,1,31,12,18,42,9,0,1,0,6,2,12,422,12422,15,1997,"1FMFU18L7VLA","1","F","M","F","U","1","8","L","7","V","L","A",0,0,0,"000000000","00000000000",0,0,0,1,0,0,0,0,0,0,0,998,0,0,0,98,2,3,9,0,0,0,1,6,95206,6,1,0,0,3,3,63,140,0,0,0,1,0,3,2016,3,2016,0,0,0,0,0,1,2,25,1,8,2,1,3,3,1,83,99,1,1,13,"777777777777","777777777777","777777777777",0,0
6,63396,1,1,1,31,12,16,20,8,0,1,0,6,3,98,988,98988,52,2010,"1N9422038AA1","1","N","9","4","2","2","0","3","8","A","A","1",0,0,99,"999999999","99999999999",3,21,22,1,0,0,0,0,6,3,0,999,0,0,0,12,0,5,8,0,0,0,1,6,91706,6,1,6,1,3,3,67,205,0,0,0,0,1,3,2015,3,2015,0,0,0,0,0,1,6,40,1,1,2,2,0,0,4,81,1,1,1,13,"777777777777","777777777777","777777777777",0,0
6,63397,1,2,1,31,12,18,23,12,2,1,0,6,1,34,35,34035,4,2002,"WBADT63492CH","W","B","A","D","T","6","3","4","9","2","C","H",0,0,0,"000000000","00000000000",0,0,0,1,0,0,0,0,0,0,0,998,0,0,0,12,6,2,12,0,0,0,1,6,93550,6,1,0,0,3,0,63,133,0,0,0,0,0,0,0,0,0,0,28,0,0,0,5,5,50,1,1,2,2,0,0,1,10,99,1,2,50,"777777777777","777777777777","777777777777",0,0
6,63397,2,2,5,31,12,18,23,12,2,1,0,6,1,12,481,12481,31,1999,"1FTRX07L6XKB","1","F","T","R","X","0","7","L","6","X","K","B",0,0,0,"000000000","00000000000",0,0,0,1,0,0,0,0,0,0,0,998,0,0,0,12,6,2,12,0,0,0,1,6,93591,6,1,0,0,3,3,77,340,1,0,0,0,0,2,2016,2,2016,0,0,0,0,0,5,5,50,1,1,2,2,0,0,1,62,9,1,1,51,"777777777777","777777777777","777777777777",1,0
6,63398,1,2,1,10,11,4,51,12,6,1,0,6,1,49,46,49046,5,2008,"JTDKB20U0877","J","T","D","K","B","2","0","U","0","8","7","7",0,0,0,"000000000","00000000000",0,0,0,1,0,0,0,0,0,0,0,998,0,0,0,98,6,2,12,0,0,0,1,6,91732,6,1,0,0,3,3,68,200,0,0,0,0,0,0,0,0,0,0,99,99,99,99,4,2,35,1,1,1,1,3,3,1,55,99,1,1,86,"777777777777","777777777777","777777777777",1,0
6,63398,2,2,1,10,11,4,51,12,6,1,0,6,3,82,881,82881,66,2015,"1FUJGEDV4FLG","1","F","U","J","G","E","D","V","4","F","L","G",1,1,6,"80806","0680806",3,6,98,1,0,0,0,0,0,0,0,998,0,0,0,4,0,3,12,0,0,0,1,6,90018,6,1,6,0,3,0,67,200,0,0,0,0,0,0,0,0,0,0,99,99,99,99,1,5,25,1,1,1,1,3,3,1,55,99,1,1,87,"LJRC54269710","777777777777","777777777777",0,0